

================================================================
== Vitis HLS Report for 'lenet_full_top_Pipeline_INPUT_CHANNEL'
================================================================
* Date:           Sun Sep  6 21:23:30 2026

* Version:        2022.2 (Build 3670227 on Oct 13 2022)
* Project:        clk_9ns
* Solution:       solution1 (Vivado IP Flow Target)
* Product family: zynq
* Target device:  xc7z020-clg400-1


================================================================
== Performance Estimates
================================================================
+ Timing: 
    * Summary: 
    +--------+---------+----------+------------+
    |  Clock |  Target | Estimated| Uncertainty|
    +--------+---------+----------+------------+
    |ap_clk  |  9.00 ns|  6.570 ns|     2.43 ns|
    +--------+---------+----------+------------+

+ Latency: 
    * Summary: 
    +---------+---------+----------+----------+------+------+---------+
    |  Latency (cycles) |  Latency (absolute) |   Interval  | Pipeline|
    |   min   |   max   |    min   |    max   |  min |  max |   Type  |
    +---------+---------+----------+----------+------+------+---------+
    |     1060|     1060|  9.540 us|  9.540 us|  1060|  1060|       no|
    +---------+---------+----------+----------+------+------+---------+

    + Detail: 
        * Instance: 
        N/A

        * Loop: 
        +-----------------+---------+---------+----------+-----------+-----------+------+----------+
        |                 |  Latency (cycles) | Iteration|  Initiation Interval  | Trip |          |
        |    Loop Name    |   min   |   max   |  Latency |  achieved |   target  | Count| Pipelined|
        +-----------------+---------+---------+----------+-----------+-----------+------+----------+
        |- INPUT_CHANNEL  |     1058|     1058|       184|        175|          1|     6|       yes|
        +-----------------+---------+---------+----------+-----------+-----------+------+----------+

============================================================
+ Verbose Summary: Synthesis Manager
============================================================
InlineROM: 1
ExposeGlobal: 0
============================================================
+ Verbose Summary: CDFG Model
============================================================
IsTopModel: 0
ResetActiveHigh: 1
IsCombinational: 0
IsDatapathOnly: 0
HasWiredReturn: 1
HasMFsm: 2
HasVarLatency: 1
IsPipeline: 0
IsRtlPipelined: 0
IsInstanceOverlapped: 0
IsDontTouch: 0
HasImplIP: 0
IsGatedGlobalClock: 0

+ Individual pipeline summary: 
  * Pipeline-0: initiation interval (II) = 175, depth = 184


============================================================
+ Verbose Summary: Schedule
============================================================
* Number of FSM states : 184
* Pipeline : 1
  Pipeline-0 : II = 175, D = 184, States = { 1 2 3 4 5 6 7 8 9 10 11 12 13 14 15 16 17 18 19 20 21 22 23 24 25 26 27 28 29 30 31 32 33 34 35 36 37 38 39 40 41 42 43 44 45 46 47 48 49 50 51 52 53 54 55 56 57 58 59 60 61 62 63 64 65 66 67 68 69 70 71 72 73 74 75 76 77 78 79 80 81 82 83 84 85 86 87 88 89 90 91 92 93 94 95 96 97 98 99 100 101 102 103 104 105 106 107 108 109 110 111 112 113 114 115 116 117 118 119 120 121 122 123 124 125 126 127 128 129 130 131 132 133 134 135 136 137 138 139 140 141 142 143 144 145 146 147 148 149 150 151 152 153 154 155 156 157 158 159 160 161 162 163 164 165 166 167 168 169 170 171 172 173 174 175 176 177 178 179 180 181 182 183 184 }
* Dataflow Pipeline: 0

* FSM state transitions: 
1 --> 2 
2 --> 3 
3 --> 4 
4 --> 5 
5 --> 6 
6 --> 7 
7 --> 8 
8 --> 9 
9 --> 10 
10 --> 11 
11 --> 12 
12 --> 13 
13 --> 14 
14 --> 15 
15 --> 16 
16 --> 17 
17 --> 18 
18 --> 19 
19 --> 20 
20 --> 21 
21 --> 22 
22 --> 23 
23 --> 24 
24 --> 25 
25 --> 26 
26 --> 27 
27 --> 28 
28 --> 29 
29 --> 30 
30 --> 31 
31 --> 32 
32 --> 33 
33 --> 34 
34 --> 35 
35 --> 36 
36 --> 37 
37 --> 38 
38 --> 39 
39 --> 40 
40 --> 41 
41 --> 42 
42 --> 43 
43 --> 44 
44 --> 45 
45 --> 46 
46 --> 47 
47 --> 48 
48 --> 49 
49 --> 50 
50 --> 51 
51 --> 52 
52 --> 53 
53 --> 54 
54 --> 55 
55 --> 56 
56 --> 57 
57 --> 58 
58 --> 59 
59 --> 60 
60 --> 61 
61 --> 62 
62 --> 63 
63 --> 64 
64 --> 65 
65 --> 66 
66 --> 67 
67 --> 68 
68 --> 69 
69 --> 70 
70 --> 71 
71 --> 72 
72 --> 73 
73 --> 74 
74 --> 75 
75 --> 76 
76 --> 77 
77 --> 78 
78 --> 79 
79 --> 80 
80 --> 81 
81 --> 82 
82 --> 83 
83 --> 84 
84 --> 85 
85 --> 86 
86 --> 87 
87 --> 88 
88 --> 89 
89 --> 90 
90 --> 91 
91 --> 92 
92 --> 93 
93 --> 94 
94 --> 95 
95 --> 96 
96 --> 97 
97 --> 98 
98 --> 99 
99 --> 100 
100 --> 101 
101 --> 102 
102 --> 103 
103 --> 104 
104 --> 105 
105 --> 106 
106 --> 107 
107 --> 108 
108 --> 109 
109 --> 110 
110 --> 111 
111 --> 112 
112 --> 113 
113 --> 114 
114 --> 115 
115 --> 116 
116 --> 117 
117 --> 118 
118 --> 119 
119 --> 120 
120 --> 121 
121 --> 122 
122 --> 123 
123 --> 124 
124 --> 125 
125 --> 126 
126 --> 127 
127 --> 128 
128 --> 129 
129 --> 130 
130 --> 131 
131 --> 132 
132 --> 133 
133 --> 134 
134 --> 135 
135 --> 136 
136 --> 137 
137 --> 138 
138 --> 139 
139 --> 140 
140 --> 141 
141 --> 142 
142 --> 143 
143 --> 144 
144 --> 145 
145 --> 146 
146 --> 147 
147 --> 148 
148 --> 149 
149 --> 150 
150 --> 151 
151 --> 152 
152 --> 153 
153 --> 154 
154 --> 155 
155 --> 156 
156 --> 157 
157 --> 158 
158 --> 159 
159 --> 160 
160 --> 161 
161 --> 162 
162 --> 163 
163 --> 164 
164 --> 165 
165 --> 166 
166 --> 167 
167 --> 168 
168 --> 169 
169 --> 170 
170 --> 171 
171 --> 172 
172 --> 173 
173 --> 174 
174 --> 175 
175 --> 176 
176 --> 177 
177 --> 178 
178 --> 179 
179 --> 180 
180 --> 181 
181 --> 182 
182 --> 183 
183 --> 184 
184 --> 

* FSM state operations: 

State 1 <SV = 0> <Delay = 3.58>
ST_1 : Operation 187 [1/1] (0.00ns)   --->   "%accumulator = alloca i32 1"   --->   Operation 187 'alloca' 'accumulator' <Predicate = true> <Delay = 0.00>
ST_1 : Operation 188 [1/1] (0.00ns)   --->   "%input_channel = alloca i32 1"   --->   Operation 188 'alloca' 'input_channel' <Predicate = true> <Delay = 0.00>
ST_1 : Operation 189 [1/1] (0.00ns)   --->   "%zext_ln55_read = read i4 @_ssdm_op_Read.ap_auto.i4, i4 %zext_ln55"   --->   Operation 189 'read' 'zext_ln55_read' <Predicate = true> <Delay = 0.00>
ST_1 : Operation 190 [1/1] (0.00ns)   --->   "%zext_ln53_2_read = read i4 @_ssdm_op_Read.ap_auto.i4, i4 %zext_ln53_2"   --->   Operation 190 'read' 'zext_ln53_2_read' <Predicate = true> <Delay = 0.00>
ST_1 : Operation 191 [1/1] (0.00ns)   --->   "%sext_ln59_read = read i62 @_ssdm_op_Read.ap_auto.i62, i62 %sext_ln59"   --->   Operation 191 'read' 'sext_ln59_read' <Predicate = true> <Delay = 0.00>
ST_1 : Operation 192 [1/1] (0.00ns)   --->   "%zext_ln77_1_read = read i11 @_ssdm_op_Read.ap_auto.i11, i11 %zext_ln77_1"   --->   Operation 192 'read' 'zext_ln77_1_read' <Predicate = true> <Delay = 0.00>
ST_1 : Operation 193 [1/1] (0.00ns)   --->   "%accumulator_1_read = read i32 @_ssdm_op_Read.ap_auto.float, i32 %accumulator_1"   --->   Operation 193 'read' 'accumulator_1_read' <Predicate = true> <Delay = 0.00>
ST_1 : Operation 194 [1/1] (0.00ns)   --->   "%zext_ln55_cast = zext i4 %zext_ln55_read"   --->   Operation 194 'zext' 'zext_ln55_cast' <Predicate = true> <Delay = 0.00>
ST_1 : Operation 195 [1/1] (0.00ns)   --->   "%zext_ln53_2_cast = zext i4 %zext_ln53_2_read"   --->   Operation 195 'zext' 'zext_ln53_2_cast' <Predicate = true> <Delay = 0.00>
ST_1 : Operation 196 [1/1] (0.00ns)   --->   "%sext_ln59_cast = sext i62 %sext_ln59_read"   --->   Operation 196 'sext' 'sext_ln59_cast' <Predicate = true> <Delay = 0.00>
ST_1 : Operation 197 [1/1] (0.00ns)   --->   "%zext_ln77_1_cast = zext i11 %zext_ln77_1_read"   --->   Operation 197 'zext' 'zext_ln77_1_cast' <Predicate = true> <Delay = 0.00>
ST_1 : Operation 198 [1/1] (0.00ns)   --->   "%specinterface_ln0 = specinterface void @_ssdm_op_SpecInterface, i32 %gmem1, void @empty, i32 0, i32 0, void @empty_0, i32 0, i32 61470, void @empty_3, void @empty_2, void @empty_0, i32 16, i32 16, i32 16, i32 16, void @empty_0, void @empty_0, i32 4294967295, i32 0"   --->   Operation 198 'specinterface' 'specinterface_ln0' <Predicate = true> <Delay = 0.00>
ST_1 : Operation 199 [1/1] (1.58ns)   --->   "%store_ln0 = store i3 0, i3 %input_channel"   --->   Operation 199 'store' 'store_ln0' <Predicate = true> <Delay = 1.58>
ST_1 : Operation 200 [1/1] (1.58ns)   --->   "%store_ln0 = store i32 %accumulator_1_read, i32 %accumulator"   --->   Operation 200 'store' 'store_ln0' <Predicate = true> <Delay = 1.58>
ST_1 : Operation 201 [1/1] (0.00ns)   --->   "%br_ln0 = br void %for.body12.i"   --->   Operation 201 'br' 'br_ln0' <Predicate = true> <Delay = 0.00>
ST_1 : Operation 202 [1/1] (0.00ns)   --->   "%input_channel_2 = load i3 %input_channel" [D:/lenet_project/handoff/LeNet_DSE_Framework_2022_2/LeNet_DSE_Framework_2022_2/src/lenet_conv.cpp:60]   --->   Operation 202 'load' 'input_channel_2' <Predicate = true> <Delay = 0.00>
ST_1 : Operation 203 [1/1] (0.00ns)   --->   "%specbitsmap_ln0 = specbitsmap void @_ssdm_op_SpecBitsMap, i32 %gmem1"   --->   Operation 203 'specbitsmap' 'specbitsmap_ln0' <Predicate = true> <Delay = 0.00>
ST_1 : Operation 204 [1/1] (0.00ns)   --->   "%conv2_output_addr = getelementptr i32 %conv2_output, i64 0, i64 %zext_ln77_1_cast" [D:/lenet_project/handoff/LeNet_DSE_Framework_2022_2/LeNet_DSE_Framework_2022_2/src/lenet_conv.cpp:77]   --->   Operation 204 'getelementptr' 'conv2_output_addr' <Predicate = true> <Delay = 0.00>
ST_1 : Operation 205 [1/1] (0.00ns)   --->   "%gmem1_addr = getelementptr i32 %gmem1, i64 %sext_ln59_cast" [D:/lenet_project/handoff/LeNet_DSE_Framework_2022_2/LeNet_DSE_Framework_2022_2/src/lenet_conv.cpp:59]   --->   Operation 205 'getelementptr' 'gmem1_addr' <Predicate = true> <Delay = 0.00>
ST_1 : Operation 206 [1/1] (0.00ns)   --->   "%specpipeline_ln0 = specpipeline void @_ssdm_op_SpecPipeline, i32 4294967295, i32 0, i32 1, i32 0, void @p_str"   --->   Operation 206 'specpipeline' 'specpipeline_ln0' <Predicate = true> <Delay = 0.00>
ST_1 : Operation 207 [1/1] (1.13ns)   --->   "%icmp_ln59 = icmp_eq  i3 %input_channel_2, i3 6" [D:/lenet_project/handoff/LeNet_DSE_Framework_2022_2/LeNet_DSE_Framework_2022_2/src/lenet_conv.cpp:59]   --->   Operation 207 'icmp' 'icmp_ln59' <Predicate = true> <Delay = 1.13> <CoreInst = "Cmp">   --->   Core 9 'Cmp' <Latency = 0> <II = 1> <Delay = 1.13> <FuncUnit> <Opcode : 'icmp'> <InPorts = 2> <OutPorts = 1>
ST_1 : Operation 208 [1/1] (0.00ns)   --->   "%empty = speclooptripcount i32 @_ssdm_op_SpecLoopTripCount, i64 6, i64 6, i64 6"   --->   Operation 208 'speclooptripcount' 'empty' <Predicate = true> <Delay = 0.00>
ST_1 : Operation 209 [1/1] (1.65ns)   --->   "%add_ln60 = add i3 %input_channel_2, i3 1" [D:/lenet_project/handoff/LeNet_DSE_Framework_2022_2/LeNet_DSE_Framework_2022_2/src/lenet_conv.cpp:60]   --->   Operation 209 'add' 'add_ln60' <Predicate = true> <Delay = 1.65> <CoreInst = "Adder">   --->   Core 1 'Adder' <Latency = 0> <II = 1> <Delay = 1.65> <FuncUnit> <Opcode : 'add' 'sub'> <InPorts = 2> <OutPorts = 1>
ST_1 : Operation 210 [1/1] (0.00ns)   --->   "%br_ln59 = br i1 %icmp_ln59, void %for.body12.i.split, void %for.inc23.i.exitStub" [D:/lenet_project/handoff/LeNet_DSE_Framework_2022_2/LeNet_DSE_Framework_2022_2/src/lenet_conv.cpp:59]   --->   Operation 210 'br' 'br_ln59' <Predicate = true> <Delay = 0.00>
ST_1 : Operation 211 [1/1] (0.00ns)   --->   "%p_shl = bitconcatenate i7 @_ssdm_op_BitConcatenate.i7.i3.i4, i3 %input_channel_2, i4 0" [D:/lenet_project/handoff/LeNet_DSE_Framework_2022_2/LeNet_DSE_Framework_2022_2/src/lenet_conv.cpp:60]   --->   Operation 211 'bitconcatenate' 'p_shl' <Predicate = (!icmp_ln59)> <Delay = 0.00>
ST_1 : Operation 212 [1/1] (0.00ns)   --->   "%p_shl19_cast = zext i7 %p_shl" [D:/lenet_project/handoff/LeNet_DSE_Framework_2022_2/LeNet_DSE_Framework_2022_2/src/lenet_conv.cpp:60]   --->   Operation 212 'zext' 'p_shl19_cast' <Predicate = (!icmp_ln59)> <Delay = 0.00>
ST_1 : Operation 213 [1/1] (0.00ns)   --->   "%p_shl4 = bitconcatenate i4 @_ssdm_op_BitConcatenate.i4.i3.i1, i3 %input_channel_2, i1 0" [D:/lenet_project/handoff/LeNet_DSE_Framework_2022_2/LeNet_DSE_Framework_2022_2/src/lenet_conv.cpp:60]   --->   Operation 213 'bitconcatenate' 'p_shl4' <Predicate = (!icmp_ln59)> <Delay = 0.00>
ST_1 : Operation 214 [1/1] (0.00ns)   --->   "%p_shl20_cast = zext i4 %p_shl4" [D:/lenet_project/handoff/LeNet_DSE_Framework_2022_2/LeNet_DSE_Framework_2022_2/src/lenet_conv.cpp:60]   --->   Operation 214 'zext' 'p_shl20_cast' <Predicate = (!icmp_ln59)> <Delay = 0.00>
ST_1 : Operation 215 [1/1] (0.00ns) (grouped into TernaryAdder)   --->   "%newFirst = sub i8 %zext_ln53_2_cast, i8 %p_shl20_cast" [D:/lenet_project/handoff/LeNet_DSE_Framework_2022_2/LeNet_DSE_Framework_2022_2/src/lenet_conv.cpp:60]   --->   Operation 215 'sub' 'newFirst' <Predicate = (!icmp_ln59)> <Delay = 0.00> <CoreInst = "TAddSub">   --->   Core 10 'TAddSub' <Latency = 0> <II = 1> <Delay = 1.87> <IPBlock> <Opcode : 'add' 'sub'> <InPorts = 3> <OutPorts = 1> <Sync> <CReg>
ST_1 : Operation 216 [1/1] (3.58ns) (root node of TernaryAdder)   --->   "%newSecond = add i8 %p_shl19_cast, i8 %newFirst" [D:/lenet_project/handoff/LeNet_DSE_Framework_2022_2/LeNet_DSE_Framework_2022_2/src/lenet_conv.cpp:60]   --->   Operation 216 'add' 'newSecond' <Predicate = (!icmp_ln59)> <Delay = 3.58> <CoreInst = "TAddSub">   --->   Core 10 'TAddSub' <Latency = 0> <II = 1> <Delay = 1.87> <IPBlock> <Opcode : 'add' 'sub'> <InPorts = 3> <OutPorts = 1> <Sync> <CReg>
ST_1 : Operation 217 [1/1] (0.00ns)   --->   "%empty_79 = trunc i8 %newSecond" [D:/lenet_project/handoff/LeNet_DSE_Framework_2022_2/LeNet_DSE_Framework_2022_2/src/lenet_conv.cpp:60]   --->   Operation 217 'trunc' 'empty_79' <Predicate = (!icmp_ln59)> <Delay = 0.00>
ST_1 : Operation 218 [1/1] (1.13ns)   --->   "%ifzero = icmp_eq  i3 %add_ln60, i3 6" [D:/lenet_project/handoff/LeNet_DSE_Framework_2022_2/LeNet_DSE_Framework_2022_2/src/lenet_conv.cpp:60]   --->   Operation 218 'icmp' 'ifzero' <Predicate = (!icmp_ln59)> <Delay = 1.13> <CoreInst = "Cmp">   --->   Core 9 'Cmp' <Latency = 0> <II = 1> <Delay = 1.13> <FuncUnit> <Opcode : 'icmp'> <InPorts = 2> <OutPorts = 1>
ST_1 : Operation 219 [1/1] (0.00ns)   --->   "%br_ln60 = br i1 %ifzero, void %ifFalse, void %ifTrue" [D:/lenet_project/handoff/LeNet_DSE_Framework_2022_2/LeNet_DSE_Framework_2022_2/src/lenet_conv.cpp:60]   --->   Operation 219 'br' 'br_ln60' <Predicate = (!icmp_ln59)> <Delay = 0.00>

State 2 <SV = 1> <Delay = 6.57>
ST_2 : Operation 220 [1/1] (0.00ns)   --->   "%p_shl5 = bitconcatenate i11 @_ssdm_op_BitConcatenate.i11.i7.i4, i7 %empty_79, i4 0" [D:/lenet_project/handoff/LeNet_DSE_Framework_2022_2/LeNet_DSE_Framework_2022_2/src/lenet_conv.cpp:60]   --->   Operation 220 'bitconcatenate' 'p_shl5' <Predicate = (!icmp_ln59)> <Delay = 0.00>
ST_2 : Operation 221 [1/1] (0.00ns)   --->   "%p_shl6 = bitconcatenate i9 @_ssdm_op_BitConcatenate.i9.i8.i1, i8 %newSecond, i1 0" [D:/lenet_project/handoff/LeNet_DSE_Framework_2022_2/LeNet_DSE_Framework_2022_2/src/lenet_conv.cpp:60]   --->   Operation 221 'bitconcatenate' 'p_shl6' <Predicate = (!icmp_ln59)> <Delay = 0.00>
ST_2 : Operation 222 [1/1] (0.00ns)   --->   "%p_shl23_0_cast = sext i9 %p_shl6" [D:/lenet_project/handoff/LeNet_DSE_Framework_2022_2/LeNet_DSE_Framework_2022_2/src/lenet_conv.cpp:60]   --->   Operation 222 'sext' 'p_shl23_0_cast' <Predicate = (!icmp_ln59)> <Delay = 0.00>
ST_2 : Operation 223 [1/1] (0.00ns) (grouped into TernaryAdder)   --->   "%newFirst18 = add i11 %p_shl5, i11 %zext_ln55_cast" [D:/lenet_project/handoff/LeNet_DSE_Framework_2022_2/LeNet_DSE_Framework_2022_2/src/lenet_conv.cpp:60]   --->   Operation 223 'add' 'newFirst18' <Predicate = (!icmp_ln59)> <Delay = 0.00> <CoreInst = "TAddSub">   --->   Core 10 'TAddSub' <Latency = 0> <II = 1> <Delay = 1.87> <IPBlock> <Opcode : 'add' 'sub'> <InPorts = 3> <OutPorts = 1> <Sync> <CReg>
ST_2 : Operation 224 [1/1] (3.75ns) (root node of TernaryAdder)   --->   "%newSecond19 = sub i11 %newFirst18, i11 %p_shl23_0_cast" [D:/lenet_project/handoff/LeNet_DSE_Framework_2022_2/LeNet_DSE_Framework_2022_2/src/lenet_conv.cpp:60]   --->   Operation 224 'sub' 'newSecond19' <Predicate = (!icmp_ln59)> <Delay = 3.75> <CoreInst = "TAddSub">   --->   Core 10 'TAddSub' <Latency = 0> <II = 1> <Delay = 1.87> <IPBlock> <Opcode : 'add' 'sub'> <InPorts = 3> <OutPorts = 1> <Sync> <CReg>
ST_2 : Operation 225 [1/1] (6.57ns)   --->   "%gmem1_addr_read = read i32 @_ssdm_op_Read.m_axi.p1i32, i32 %gmem1_addr" [D:/lenet_project/handoff/LeNet_DSE_Framework_2022_2/LeNet_DSE_Framework_2022_2/src/lenet_conv.cpp:36]   --->   Operation 225 'read' 'gmem1_addr_read' <Predicate = (!icmp_ln59)> <Delay = 6.57> <CoreInst = "m_axi">   --->   Core 113 'm_axi' <Latency = 0> <II = 1> <Delay = 1.00> <Adapter> <Opcode : 'read' 'write' 'readreq' 'writereq' 'writeresp'>

State 3 <SV = 2> <Delay = 6.57>
ST_3 : Operation 226 [1/1] (0.00ns)   --->   "%zext_ln23 = zext i11 %newSecond19" [D:/lenet_project/handoff/LeNet_DSE_Framework_2022_2/LeNet_DSE_Framework_2022_2/src/lenet_conv.cpp:23]   --->   Operation 226 'zext' 'zext_ln23' <Predicate = (!icmp_ln59)> <Delay = 0.00>
ST_3 : Operation 227 [1/1] (0.00ns)   --->   "%pool1_output_addr = getelementptr i32 %pool1_output, i64 0, i64 %zext_ln23" [D:/lenet_project/handoff/LeNet_DSE_Framework_2022_2/LeNet_DSE_Framework_2022_2/src/lenet_conv.cpp:23]   --->   Operation 227 'getelementptr' 'pool1_output_addr' <Predicate = (!icmp_ln59)> <Delay = 0.00>
ST_3 : Operation 228 [2/2] (3.25ns)   --->   "%pool1_output_load = load i11 %pool1_output_addr" [D:/lenet_project/handoff/LeNet_DSE_Framework_2022_2/LeNet_DSE_Framework_2022_2/src/lenet_conv.cpp:23]   --->   Operation 228 'load' 'pool1_output_load' <Predicate = (!icmp_ln59)> <Delay = 3.25> <CoreInst = "RAM_1WnR">   --->   Core 83 'RAM_1WnR' <Latency = 1> <II = 1> <Delay = 3.25> <Storage> <Opcode : 'load' 'store'> <Ports = 17> <Width = 32> <Depth = 1176> <RAM>
ST_3 : Operation 229 [1/1] (1.63ns)   --->   "%add_ln21 = add i11 %newSecond19, i11 1" [D:/lenet_project/handoff/LeNet_DSE_Framework_2022_2/LeNet_DSE_Framework_2022_2/src/lenet_conv.cpp:21]   --->   Operation 229 'add' 'add_ln21' <Predicate = (!icmp_ln59)> <Delay = 1.63> <CoreInst = "Adder">   --->   Core 1 'Adder' <Latency = 0> <II = 1> <Delay = 1.63> <FuncUnit> <Opcode : 'add' 'sub'> <InPorts = 2> <OutPorts = 1>
ST_3 : Operation 230 [1/1] (0.00ns)   --->   "%zext_ln23_25 = zext i11 %add_ln21" [D:/lenet_project/handoff/LeNet_DSE_Framework_2022_2/LeNet_DSE_Framework_2022_2/src/lenet_conv.cpp:23]   --->   Operation 230 'zext' 'zext_ln23_25' <Predicate = (!icmp_ln59)> <Delay = 0.00>
ST_3 : Operation 231 [1/1] (0.00ns)   --->   "%pool1_output_addr_1 = getelementptr i32 %pool1_output, i64 0, i64 %zext_ln23_25" [D:/lenet_project/handoff/LeNet_DSE_Framework_2022_2/LeNet_DSE_Framework_2022_2/src/lenet_conv.cpp:23]   --->   Operation 231 'getelementptr' 'pool1_output_addr_1' <Predicate = (!icmp_ln59)> <Delay = 0.00>
ST_3 : Operation 232 [2/2] (3.25ns)   --->   "%window_1 = load i11 %pool1_output_addr_1" [D:/lenet_project/handoff/LeNet_DSE_Framework_2022_2/LeNet_DSE_Framework_2022_2/src/lenet_conv.cpp:23]   --->   Operation 232 'load' 'window_1' <Predicate = (!icmp_ln59)> <Delay = 3.25> <CoreInst = "RAM_1WnR">   --->   Core 83 'RAM_1WnR' <Latency = 1> <II = 1> <Delay = 3.25> <Storage> <Opcode : 'load' 'store'> <Ports = 17> <Width = 32> <Depth = 1176> <RAM>
ST_3 : Operation 233 [1/1] (6.57ns)   --->   "%gmem1_addr_read_49 = read i32 @_ssdm_op_Read.m_axi.p1i32, i32 %gmem1_addr" [D:/lenet_project/handoff/LeNet_DSE_Framework_2022_2/LeNet_DSE_Framework_2022_2/src/lenet_conv.cpp:36]   --->   Operation 233 'read' 'gmem1_addr_read_49' <Predicate = (!icmp_ln59)> <Delay = 6.57> <CoreInst = "m_axi">   --->   Core 113 'm_axi' <Latency = 0> <II = 1> <Delay = 1.00> <Adapter> <Opcode : 'read' 'write' 'readreq' 'writereq' 'writeresp'>

State 4 <SV = 3> <Delay = 6.57>
ST_4 : Operation 234 [1/2] (3.25ns)   --->   "%pool1_output_load = load i11 %pool1_output_addr" [D:/lenet_project/handoff/LeNet_DSE_Framework_2022_2/LeNet_DSE_Framework_2022_2/src/lenet_conv.cpp:23]   --->   Operation 234 'load' 'pool1_output_load' <Predicate = (!icmp_ln59)> <Delay = 3.25> <CoreInst = "RAM_1WnR">   --->   Core 83 'RAM_1WnR' <Latency = 1> <II = 1> <Delay = 3.25> <Storage> <Opcode : 'load' 'store'> <Ports = 17> <Width = 32> <Depth = 1176> <RAM>
ST_4 : Operation 235 [1/2] (3.25ns)   --->   "%window_1 = load i11 %pool1_output_addr_1" [D:/lenet_project/handoff/LeNet_DSE_Framework_2022_2/LeNet_DSE_Framework_2022_2/src/lenet_conv.cpp:23]   --->   Operation 235 'load' 'window_1' <Predicate = (!icmp_ln59)> <Delay = 3.25> <CoreInst = "RAM_1WnR">   --->   Core 83 'RAM_1WnR' <Latency = 1> <II = 1> <Delay = 3.25> <Storage> <Opcode : 'load' 'store'> <Ports = 17> <Width = 32> <Depth = 1176> <RAM>
ST_4 : Operation 236 [1/1] (1.63ns)   --->   "%add_ln21_20 = add i11 %newSecond19, i11 2" [D:/lenet_project/handoff/LeNet_DSE_Framework_2022_2/LeNet_DSE_Framework_2022_2/src/lenet_conv.cpp:21]   --->   Operation 236 'add' 'add_ln21_20' <Predicate = (!icmp_ln59)> <Delay = 1.63> <CoreInst = "Adder">   --->   Core 1 'Adder' <Latency = 0> <II = 1> <Delay = 1.63> <FuncUnit> <Opcode : 'add' 'sub'> <InPorts = 2> <OutPorts = 1>
ST_4 : Operation 237 [1/1] (0.00ns)   --->   "%zext_ln23_26 = zext i11 %add_ln21_20" [D:/lenet_project/handoff/LeNet_DSE_Framework_2022_2/LeNet_DSE_Framework_2022_2/src/lenet_conv.cpp:23]   --->   Operation 237 'zext' 'zext_ln23_26' <Predicate = (!icmp_ln59)> <Delay = 0.00>
ST_4 : Operation 238 [1/1] (0.00ns)   --->   "%pool1_output_addr_2 = getelementptr i32 %pool1_output, i64 0, i64 %zext_ln23_26" [D:/lenet_project/handoff/LeNet_DSE_Framework_2022_2/LeNet_DSE_Framework_2022_2/src/lenet_conv.cpp:23]   --->   Operation 238 'getelementptr' 'pool1_output_addr_2' <Predicate = (!icmp_ln59)> <Delay = 0.00>
ST_4 : Operation 239 [2/2] (3.25ns)   --->   "%window_2 = load i11 %pool1_output_addr_2" [D:/lenet_project/handoff/LeNet_DSE_Framework_2022_2/LeNet_DSE_Framework_2022_2/src/lenet_conv.cpp:23]   --->   Operation 239 'load' 'window_2' <Predicate = (!icmp_ln59)> <Delay = 3.25> <CoreInst = "RAM_1WnR">   --->   Core 83 'RAM_1WnR' <Latency = 1> <II = 1> <Delay = 3.25> <Storage> <Opcode : 'load' 'store'> <Ports = 17> <Width = 32> <Depth = 1176> <RAM>
ST_4 : Operation 240 [1/1] (1.63ns)   --->   "%add_ln21_21 = add i11 %newSecond19, i11 3" [D:/lenet_project/handoff/LeNet_DSE_Framework_2022_2/LeNet_DSE_Framework_2022_2/src/lenet_conv.cpp:21]   --->   Operation 240 'add' 'add_ln21_21' <Predicate = (!icmp_ln59)> <Delay = 1.63> <CoreInst = "Adder">   --->   Core 1 'Adder' <Latency = 0> <II = 1> <Delay = 1.63> <FuncUnit> <Opcode : 'add' 'sub'> <InPorts = 2> <OutPorts = 1>
ST_4 : Operation 241 [1/1] (0.00ns)   --->   "%zext_ln23_27 = zext i11 %add_ln21_21" [D:/lenet_project/handoff/LeNet_DSE_Framework_2022_2/LeNet_DSE_Framework_2022_2/src/lenet_conv.cpp:23]   --->   Operation 241 'zext' 'zext_ln23_27' <Predicate = (!icmp_ln59)> <Delay = 0.00>
ST_4 : Operation 242 [1/1] (0.00ns)   --->   "%pool1_output_addr_3 = getelementptr i32 %pool1_output, i64 0, i64 %zext_ln23_27" [D:/lenet_project/handoff/LeNet_DSE_Framework_2022_2/LeNet_DSE_Framework_2022_2/src/lenet_conv.cpp:23]   --->   Operation 242 'getelementptr' 'pool1_output_addr_3' <Predicate = (!icmp_ln59)> <Delay = 0.00>
ST_4 : Operation 243 [2/2] (3.25ns)   --->   "%window_3 = load i11 %pool1_output_addr_3" [D:/lenet_project/handoff/LeNet_DSE_Framework_2022_2/LeNet_DSE_Framework_2022_2/src/lenet_conv.cpp:23]   --->   Operation 243 'load' 'window_3' <Predicate = (!icmp_ln59)> <Delay = 3.25> <CoreInst = "RAM_1WnR">   --->   Core 83 'RAM_1WnR' <Latency = 1> <II = 1> <Delay = 3.25> <Storage> <Opcode : 'load' 'store'> <Ports = 17> <Width = 32> <Depth = 1176> <RAM>
ST_4 : Operation 244 [1/1] (1.91ns)   --->   "%empty_80 = add i8 %newSecond, i8 1" [D:/lenet_project/handoff/LeNet_DSE_Framework_2022_2/LeNet_DSE_Framework_2022_2/src/lenet_conv.cpp:60]   --->   Operation 244 'add' 'empty_80' <Predicate = (!icmp_ln59)> <Delay = 1.91> <CoreInst = "Adder">   --->   Core 1 'Adder' <Latency = 0> <II = 1> <Delay = 1.91> <FuncUnit> <Opcode : 'add' 'sub'> <InPorts = 2> <OutPorts = 1>
ST_4 : Operation 245 [1/1] (0.00ns)   --->   "%empty_81 = trunc i8 %empty_80" [D:/lenet_project/handoff/LeNet_DSE_Framework_2022_2/LeNet_DSE_Framework_2022_2/src/lenet_conv.cpp:60]   --->   Operation 245 'trunc' 'empty_81' <Predicate = (!icmp_ln59)> <Delay = 0.00>
ST_4 : Operation 246 [1/1] (0.00ns)   --->   "%p_shl22_1 = bitconcatenate i11 @_ssdm_op_BitConcatenate.i11.i7.i4, i7 %empty_81, i4 0" [D:/lenet_project/handoff/LeNet_DSE_Framework_2022_2/LeNet_DSE_Framework_2022_2/src/lenet_conv.cpp:60]   --->   Operation 246 'bitconcatenate' 'p_shl22_1' <Predicate = (!icmp_ln59)> <Delay = 0.00>
ST_4 : Operation 247 [1/1] (0.00ns)   --->   "%p_shl23_1 = bitconcatenate i9 @_ssdm_op_BitConcatenate.i9.i8.i1, i8 %empty_80, i1 0" [D:/lenet_project/handoff/LeNet_DSE_Framework_2022_2/LeNet_DSE_Framework_2022_2/src/lenet_conv.cpp:60]   --->   Operation 247 'bitconcatenate' 'p_shl23_1' <Predicate = (!icmp_ln59)> <Delay = 0.00>
ST_4 : Operation 248 [1/1] (0.00ns)   --->   "%p_shl23_1_cast = sext i9 %p_shl23_1" [D:/lenet_project/handoff/LeNet_DSE_Framework_2022_2/LeNet_DSE_Framework_2022_2/src/lenet_conv.cpp:60]   --->   Operation 248 'sext' 'p_shl23_1_cast' <Predicate = (!icmp_ln59)> <Delay = 0.00>
ST_4 : Operation 249 [1/1] (0.00ns) (grouped into TernaryAdder)   --->   "%empty_82 = sub i11 %p_shl22_1, i11 %p_shl23_1_cast" [D:/lenet_project/handoff/LeNet_DSE_Framework_2022_2/LeNet_DSE_Framework_2022_2/src/lenet_conv.cpp:60]   --->   Operation 249 'sub' 'empty_82' <Predicate = (!icmp_ln59)> <Delay = 0.00> <CoreInst = "TAddSub">   --->   Core 10 'TAddSub' <Latency = 0> <II = 1> <Delay = 1.87> <IPBlock> <Opcode : 'add' 'sub'> <InPorts = 3> <OutPorts = 1> <Sync> <CReg>
ST_4 : Operation 250 [1/1] (3.75ns) (root node of TernaryAdder)   --->   "%add_ln21_23 = add i11 %empty_82, i11 %zext_ln55_cast" [D:/lenet_project/handoff/LeNet_DSE_Framework_2022_2/LeNet_DSE_Framework_2022_2/src/lenet_conv.cpp:21]   --->   Operation 250 'add' 'add_ln21_23' <Predicate = (!icmp_ln59)> <Delay = 3.75> <CoreInst = "TAddSub">   --->   Core 10 'TAddSub' <Latency = 0> <II = 1> <Delay = 1.87> <IPBlock> <Opcode : 'add' 'sub'> <InPorts = 3> <OutPorts = 1> <Sync> <CReg>
ST_4 : Operation 251 [1/1] (6.57ns)   --->   "%gmem1_addr_read_50 = read i32 @_ssdm_op_Read.m_axi.p1i32, i32 %gmem1_addr" [D:/lenet_project/handoff/LeNet_DSE_Framework_2022_2/LeNet_DSE_Framework_2022_2/src/lenet_conv.cpp:36]   --->   Operation 251 'read' 'gmem1_addr_read_50' <Predicate = (!icmp_ln59)> <Delay = 6.57> <CoreInst = "m_axi">   --->   Core 113 'm_axi' <Latency = 0> <II = 1> <Delay = 1.00> <Adapter> <Opcode : 'read' 'write' 'readreq' 'writereq' 'writeresp'>

State 5 <SV = 4> <Delay = 6.57>
ST_5 : Operation 252 [1/2] (3.25ns)   --->   "%window_2 = load i11 %pool1_output_addr_2" [D:/lenet_project/handoff/LeNet_DSE_Framework_2022_2/LeNet_DSE_Framework_2022_2/src/lenet_conv.cpp:23]   --->   Operation 252 'load' 'window_2' <Predicate = (!icmp_ln59)> <Delay = 3.25> <CoreInst = "RAM_1WnR">   --->   Core 83 'RAM_1WnR' <Latency = 1> <II = 1> <Delay = 3.25> <Storage> <Opcode : 'load' 'store'> <Ports = 17> <Width = 32> <Depth = 1176> <RAM>
ST_5 : Operation 253 [1/2] (3.25ns)   --->   "%window_3 = load i11 %pool1_output_addr_3" [D:/lenet_project/handoff/LeNet_DSE_Framework_2022_2/LeNet_DSE_Framework_2022_2/src/lenet_conv.cpp:23]   --->   Operation 253 'load' 'window_3' <Predicate = (!icmp_ln59)> <Delay = 3.25> <CoreInst = "RAM_1WnR">   --->   Core 83 'RAM_1WnR' <Latency = 1> <II = 1> <Delay = 3.25> <Storage> <Opcode : 'load' 'store'> <Ports = 17> <Width = 32> <Depth = 1176> <RAM>
ST_5 : Operation 254 [1/1] (1.63ns)   --->   "%add_ln21_22 = add i11 %newSecond19, i11 4" [D:/lenet_project/handoff/LeNet_DSE_Framework_2022_2/LeNet_DSE_Framework_2022_2/src/lenet_conv.cpp:21]   --->   Operation 254 'add' 'add_ln21_22' <Predicate = (!icmp_ln59)> <Delay = 1.63> <CoreInst = "Adder">   --->   Core 1 'Adder' <Latency = 0> <II = 1> <Delay = 1.63> <FuncUnit> <Opcode : 'add' 'sub'> <InPorts = 2> <OutPorts = 1>
ST_5 : Operation 255 [1/1] (0.00ns)   --->   "%zext_ln23_28 = zext i11 %add_ln21_22" [D:/lenet_project/handoff/LeNet_DSE_Framework_2022_2/LeNet_DSE_Framework_2022_2/src/lenet_conv.cpp:23]   --->   Operation 255 'zext' 'zext_ln23_28' <Predicate = (!icmp_ln59)> <Delay = 0.00>
ST_5 : Operation 256 [1/1] (0.00ns)   --->   "%pool1_output_addr_4 = getelementptr i32 %pool1_output, i64 0, i64 %zext_ln23_28" [D:/lenet_project/handoff/LeNet_DSE_Framework_2022_2/LeNet_DSE_Framework_2022_2/src/lenet_conv.cpp:23]   --->   Operation 256 'getelementptr' 'pool1_output_addr_4' <Predicate = (!icmp_ln59)> <Delay = 0.00>
ST_5 : Operation 257 [2/2] (3.25ns)   --->   "%window_4 = load i11 %pool1_output_addr_4" [D:/lenet_project/handoff/LeNet_DSE_Framework_2022_2/LeNet_DSE_Framework_2022_2/src/lenet_conv.cpp:23]   --->   Operation 257 'load' 'window_4' <Predicate = (!icmp_ln59)> <Delay = 3.25> <CoreInst = "RAM_1WnR">   --->   Core 83 'RAM_1WnR' <Latency = 1> <II = 1> <Delay = 3.25> <Storage> <Opcode : 'load' 'store'> <Ports = 17> <Width = 32> <Depth = 1176> <RAM>
ST_5 : Operation 258 [1/1] (0.00ns)   --->   "%zext_ln23_29 = zext i11 %add_ln21_23" [D:/lenet_project/handoff/LeNet_DSE_Framework_2022_2/LeNet_DSE_Framework_2022_2/src/lenet_conv.cpp:23]   --->   Operation 258 'zext' 'zext_ln23_29' <Predicate = (!icmp_ln59)> <Delay = 0.00>
ST_5 : Operation 259 [1/1] (0.00ns)   --->   "%pool1_output_addr_5 = getelementptr i32 %pool1_output, i64 0, i64 %zext_ln23_29" [D:/lenet_project/handoff/LeNet_DSE_Framework_2022_2/LeNet_DSE_Framework_2022_2/src/lenet_conv.cpp:23]   --->   Operation 259 'getelementptr' 'pool1_output_addr_5' <Predicate = (!icmp_ln59)> <Delay = 0.00>
ST_5 : Operation 260 [2/2] (3.25ns)   --->   "%window_5 = load i11 %pool1_output_addr_5" [D:/lenet_project/handoff/LeNet_DSE_Framework_2022_2/LeNet_DSE_Framework_2022_2/src/lenet_conv.cpp:23]   --->   Operation 260 'load' 'window_5' <Predicate = (!icmp_ln59)> <Delay = 3.25> <CoreInst = "RAM_1WnR">   --->   Core 83 'RAM_1WnR' <Latency = 1> <II = 1> <Delay = 3.25> <Storage> <Opcode : 'load' 'store'> <Ports = 17> <Width = 32> <Depth = 1176> <RAM>
ST_5 : Operation 261 [1/1] (0.00ns)   --->   "%bitcast_ln36 = bitcast i32 %gmem1_addr_read" [D:/lenet_project/handoff/LeNet_DSE_Framework_2022_2/LeNet_DSE_Framework_2022_2/src/lenet_conv.cpp:36]   --->   Operation 261 'bitcast' 'bitcast_ln36' <Predicate = (!icmp_ln59)> <Delay = 0.00>
ST_5 : Operation 262 [4/4] (5.70ns)   --->   "%mul_i5_i2 = fmul i32 %pool1_output_load, i32 %bitcast_ln36" [D:/lenet_project/handoff/LeNet_DSE_Framework_2022_2/LeNet_DSE_Framework_2022_2/src/lenet_conv.cpp:36]   --->   Operation 262 'fmul' 'mul_i5_i2' <Predicate = (!icmp_ln59)> <Delay = 5.70> <CoreInst = "FMul_maxdsp">   --->   Core 30 'FMul_maxdsp' <Latency = 3> <II = 1> <Delay = 5.70> <FuncUnit> <Opcode : 'fmul'> <InPorts = 2> <OutPorts = 1>
ST_5 : Operation 263 [1/1] (6.57ns)   --->   "%gmem1_addr_read_51 = read i32 @_ssdm_op_Read.m_axi.p1i32, i32 %gmem1_addr" [D:/lenet_project/handoff/LeNet_DSE_Framework_2022_2/LeNet_DSE_Framework_2022_2/src/lenet_conv.cpp:36]   --->   Operation 263 'read' 'gmem1_addr_read_51' <Predicate = (!icmp_ln59)> <Delay = 6.57> <CoreInst = "m_axi">   --->   Core 113 'm_axi' <Latency = 0> <II = 1> <Delay = 1.00> <Adapter> <Opcode : 'read' 'write' 'readreq' 'writereq' 'writeresp'>

State 6 <SV = 5> <Delay = 6.57>
ST_6 : Operation 264 [1/2] (3.25ns)   --->   "%window_4 = load i11 %pool1_output_addr_4" [D:/lenet_project/handoff/LeNet_DSE_Framework_2022_2/LeNet_DSE_Framework_2022_2/src/lenet_conv.cpp:23]   --->   Operation 264 'load' 'window_4' <Predicate = (!icmp_ln59)> <Delay = 3.25> <CoreInst = "RAM_1WnR">   --->   Core 83 'RAM_1WnR' <Latency = 1> <II = 1> <Delay = 3.25> <Storage> <Opcode : 'load' 'store'> <Ports = 17> <Width = 32> <Depth = 1176> <RAM>
ST_6 : Operation 265 [1/2] (3.25ns)   --->   "%window_5 = load i11 %pool1_output_addr_5" [D:/lenet_project/handoff/LeNet_DSE_Framework_2022_2/LeNet_DSE_Framework_2022_2/src/lenet_conv.cpp:23]   --->   Operation 265 'load' 'window_5' <Predicate = (!icmp_ln59)> <Delay = 3.25> <CoreInst = "RAM_1WnR">   --->   Core 83 'RAM_1WnR' <Latency = 1> <II = 1> <Delay = 3.25> <Storage> <Opcode : 'load' 'store'> <Ports = 17> <Width = 32> <Depth = 1176> <RAM>
ST_6 : Operation 266 [1/1] (1.63ns)   --->   "%add_ln21_24 = add i11 %add_ln21_23, i11 1" [D:/lenet_project/handoff/LeNet_DSE_Framework_2022_2/LeNet_DSE_Framework_2022_2/src/lenet_conv.cpp:21]   --->   Operation 266 'add' 'add_ln21_24' <Predicate = (!icmp_ln59)> <Delay = 1.63> <CoreInst = "Adder">   --->   Core 1 'Adder' <Latency = 0> <II = 1> <Delay = 1.63> <FuncUnit> <Opcode : 'add' 'sub'> <InPorts = 2> <OutPorts = 1>
ST_6 : Operation 267 [1/1] (0.00ns)   --->   "%zext_ln23_30 = zext i11 %add_ln21_24" [D:/lenet_project/handoff/LeNet_DSE_Framework_2022_2/LeNet_DSE_Framework_2022_2/src/lenet_conv.cpp:23]   --->   Operation 267 'zext' 'zext_ln23_30' <Predicate = (!icmp_ln59)> <Delay = 0.00>
ST_6 : Operation 268 [1/1] (0.00ns)   --->   "%pool1_output_addr_6 = getelementptr i32 %pool1_output, i64 0, i64 %zext_ln23_30" [D:/lenet_project/handoff/LeNet_DSE_Framework_2022_2/LeNet_DSE_Framework_2022_2/src/lenet_conv.cpp:23]   --->   Operation 268 'getelementptr' 'pool1_output_addr_6' <Predicate = (!icmp_ln59)> <Delay = 0.00>
ST_6 : Operation 269 [2/2] (3.25ns)   --->   "%window_6 = load i11 %pool1_output_addr_6" [D:/lenet_project/handoff/LeNet_DSE_Framework_2022_2/LeNet_DSE_Framework_2022_2/src/lenet_conv.cpp:23]   --->   Operation 269 'load' 'window_6' <Predicate = (!icmp_ln59)> <Delay = 3.25> <CoreInst = "RAM_1WnR">   --->   Core 83 'RAM_1WnR' <Latency = 1> <II = 1> <Delay = 3.25> <Storage> <Opcode : 'load' 'store'> <Ports = 17> <Width = 32> <Depth = 1176> <RAM>
ST_6 : Operation 270 [1/1] (1.63ns)   --->   "%add_ln21_25 = add i11 %add_ln21_23, i11 2" [D:/lenet_project/handoff/LeNet_DSE_Framework_2022_2/LeNet_DSE_Framework_2022_2/src/lenet_conv.cpp:21]   --->   Operation 270 'add' 'add_ln21_25' <Predicate = (!icmp_ln59)> <Delay = 1.63> <CoreInst = "Adder">   --->   Core 1 'Adder' <Latency = 0> <II = 1> <Delay = 1.63> <FuncUnit> <Opcode : 'add' 'sub'> <InPorts = 2> <OutPorts = 1>
ST_6 : Operation 271 [1/1] (0.00ns)   --->   "%zext_ln23_31 = zext i11 %add_ln21_25" [D:/lenet_project/handoff/LeNet_DSE_Framework_2022_2/LeNet_DSE_Framework_2022_2/src/lenet_conv.cpp:23]   --->   Operation 271 'zext' 'zext_ln23_31' <Predicate = (!icmp_ln59)> <Delay = 0.00>
ST_6 : Operation 272 [1/1] (0.00ns)   --->   "%pool1_output_addr_7 = getelementptr i32 %pool1_output, i64 0, i64 %zext_ln23_31" [D:/lenet_project/handoff/LeNet_DSE_Framework_2022_2/LeNet_DSE_Framework_2022_2/src/lenet_conv.cpp:23]   --->   Operation 272 'getelementptr' 'pool1_output_addr_7' <Predicate = (!icmp_ln59)> <Delay = 0.00>
ST_6 : Operation 273 [2/2] (3.25ns)   --->   "%window_7 = load i11 %pool1_output_addr_7" [D:/lenet_project/handoff/LeNet_DSE_Framework_2022_2/LeNet_DSE_Framework_2022_2/src/lenet_conv.cpp:23]   --->   Operation 273 'load' 'window_7' <Predicate = (!icmp_ln59)> <Delay = 3.25> <CoreInst = "RAM_1WnR">   --->   Core 83 'RAM_1WnR' <Latency = 1> <II = 1> <Delay = 3.25> <Storage> <Opcode : 'load' 'store'> <Ports = 17> <Width = 32> <Depth = 1176> <RAM>
ST_6 : Operation 274 [3/4] (5.70ns)   --->   "%mul_i5_i2 = fmul i32 %pool1_output_load, i32 %bitcast_ln36" [D:/lenet_project/handoff/LeNet_DSE_Framework_2022_2/LeNet_DSE_Framework_2022_2/src/lenet_conv.cpp:36]   --->   Operation 274 'fmul' 'mul_i5_i2' <Predicate = (!icmp_ln59)> <Delay = 5.70> <CoreInst = "FMul_maxdsp">   --->   Core 30 'FMul_maxdsp' <Latency = 3> <II = 1> <Delay = 5.70> <FuncUnit> <Opcode : 'fmul'> <InPorts = 2> <OutPorts = 1>
ST_6 : Operation 275 [1/1] (0.00ns)   --->   "%bitcast_ln36_49 = bitcast i32 %gmem1_addr_read_49" [D:/lenet_project/handoff/LeNet_DSE_Framework_2022_2/LeNet_DSE_Framework_2022_2/src/lenet_conv.cpp:36]   --->   Operation 275 'bitcast' 'bitcast_ln36_49' <Predicate = (!icmp_ln59)> <Delay = 0.00>
ST_6 : Operation 276 [4/4] (5.70ns)   --->   "%mul_i5_i2_1 = fmul i32 %window_1, i32 %bitcast_ln36_49" [D:/lenet_project/handoff/LeNet_DSE_Framework_2022_2/LeNet_DSE_Framework_2022_2/src/lenet_conv.cpp:36]   --->   Operation 276 'fmul' 'mul_i5_i2_1' <Predicate = (!icmp_ln59)> <Delay = 5.70> <CoreInst = "FMul_maxdsp">   --->   Core 30 'FMul_maxdsp' <Latency = 3> <II = 1> <Delay = 5.70> <FuncUnit> <Opcode : 'fmul'> <InPorts = 2> <OutPorts = 1>
ST_6 : Operation 277 [1/1] (6.57ns)   --->   "%gmem1_addr_read_52 = read i32 @_ssdm_op_Read.m_axi.p1i32, i32 %gmem1_addr" [D:/lenet_project/handoff/LeNet_DSE_Framework_2022_2/LeNet_DSE_Framework_2022_2/src/lenet_conv.cpp:36]   --->   Operation 277 'read' 'gmem1_addr_read_52' <Predicate = (!icmp_ln59)> <Delay = 6.57> <CoreInst = "m_axi">   --->   Core 113 'm_axi' <Latency = 0> <II = 1> <Delay = 1.00> <Adapter> <Opcode : 'read' 'write' 'readreq' 'writereq' 'writeresp'>

State 7 <SV = 6> <Delay = 6.57>
ST_7 : Operation 278 [1/2] (3.25ns)   --->   "%window_6 = load i11 %pool1_output_addr_6" [D:/lenet_project/handoff/LeNet_DSE_Framework_2022_2/LeNet_DSE_Framework_2022_2/src/lenet_conv.cpp:23]   --->   Operation 278 'load' 'window_6' <Predicate = (!icmp_ln59)> <Delay = 3.25> <CoreInst = "RAM_1WnR">   --->   Core 83 'RAM_1WnR' <Latency = 1> <II = 1> <Delay = 3.25> <Storage> <Opcode : 'load' 'store'> <Ports = 17> <Width = 32> <Depth = 1176> <RAM>
ST_7 : Operation 279 [1/2] (3.25ns)   --->   "%window_7 = load i11 %pool1_output_addr_7" [D:/lenet_project/handoff/LeNet_DSE_Framework_2022_2/LeNet_DSE_Framework_2022_2/src/lenet_conv.cpp:23]   --->   Operation 279 'load' 'window_7' <Predicate = (!icmp_ln59)> <Delay = 3.25> <CoreInst = "RAM_1WnR">   --->   Core 83 'RAM_1WnR' <Latency = 1> <II = 1> <Delay = 3.25> <Storage> <Opcode : 'load' 'store'> <Ports = 17> <Width = 32> <Depth = 1176> <RAM>
ST_7 : Operation 280 [1/1] (1.63ns)   --->   "%add_ln21_26 = add i11 %add_ln21_23, i11 3" [D:/lenet_project/handoff/LeNet_DSE_Framework_2022_2/LeNet_DSE_Framework_2022_2/src/lenet_conv.cpp:21]   --->   Operation 280 'add' 'add_ln21_26' <Predicate = (!icmp_ln59)> <Delay = 1.63> <CoreInst = "Adder">   --->   Core 1 'Adder' <Latency = 0> <II = 1> <Delay = 1.63> <FuncUnit> <Opcode : 'add' 'sub'> <InPorts = 2> <OutPorts = 1>
ST_7 : Operation 281 [1/1] (0.00ns)   --->   "%zext_ln23_32 = zext i11 %add_ln21_26" [D:/lenet_project/handoff/LeNet_DSE_Framework_2022_2/LeNet_DSE_Framework_2022_2/src/lenet_conv.cpp:23]   --->   Operation 281 'zext' 'zext_ln23_32' <Predicate = (!icmp_ln59)> <Delay = 0.00>
ST_7 : Operation 282 [1/1] (0.00ns)   --->   "%pool1_output_addr_8 = getelementptr i32 %pool1_output, i64 0, i64 %zext_ln23_32" [D:/lenet_project/handoff/LeNet_DSE_Framework_2022_2/LeNet_DSE_Framework_2022_2/src/lenet_conv.cpp:23]   --->   Operation 282 'getelementptr' 'pool1_output_addr_8' <Predicate = (!icmp_ln59)> <Delay = 0.00>
ST_7 : Operation 283 [2/2] (3.25ns)   --->   "%window_8 = load i11 %pool1_output_addr_8" [D:/lenet_project/handoff/LeNet_DSE_Framework_2022_2/LeNet_DSE_Framework_2022_2/src/lenet_conv.cpp:23]   --->   Operation 283 'load' 'window_8' <Predicate = (!icmp_ln59)> <Delay = 3.25> <CoreInst = "RAM_1WnR">   --->   Core 83 'RAM_1WnR' <Latency = 1> <II = 1> <Delay = 3.25> <Storage> <Opcode : 'load' 'store'> <Ports = 17> <Width = 32> <Depth = 1176> <RAM>
ST_7 : Operation 284 [1/1] (1.63ns)   --->   "%add_ln21_27 = add i11 %add_ln21_23, i11 4" [D:/lenet_project/handoff/LeNet_DSE_Framework_2022_2/LeNet_DSE_Framework_2022_2/src/lenet_conv.cpp:21]   --->   Operation 284 'add' 'add_ln21_27' <Predicate = (!icmp_ln59)> <Delay = 1.63> <CoreInst = "Adder">   --->   Core 1 'Adder' <Latency = 0> <II = 1> <Delay = 1.63> <FuncUnit> <Opcode : 'add' 'sub'> <InPorts = 2> <OutPorts = 1>
ST_7 : Operation 285 [1/1] (0.00ns)   --->   "%zext_ln23_33 = zext i11 %add_ln21_27" [D:/lenet_project/handoff/LeNet_DSE_Framework_2022_2/LeNet_DSE_Framework_2022_2/src/lenet_conv.cpp:23]   --->   Operation 285 'zext' 'zext_ln23_33' <Predicate = (!icmp_ln59)> <Delay = 0.00>
ST_7 : Operation 286 [1/1] (0.00ns)   --->   "%pool1_output_addr_9 = getelementptr i32 %pool1_output, i64 0, i64 %zext_ln23_33" [D:/lenet_project/handoff/LeNet_DSE_Framework_2022_2/LeNet_DSE_Framework_2022_2/src/lenet_conv.cpp:23]   --->   Operation 286 'getelementptr' 'pool1_output_addr_9' <Predicate = (!icmp_ln59)> <Delay = 0.00>
ST_7 : Operation 287 [2/2] (3.25ns)   --->   "%window_9 = load i11 %pool1_output_addr_9" [D:/lenet_project/handoff/LeNet_DSE_Framework_2022_2/LeNet_DSE_Framework_2022_2/src/lenet_conv.cpp:23]   --->   Operation 287 'load' 'window_9' <Predicate = (!icmp_ln59)> <Delay = 3.25> <CoreInst = "RAM_1WnR">   --->   Core 83 'RAM_1WnR' <Latency = 1> <II = 1> <Delay = 3.25> <Storage> <Opcode : 'load' 'store'> <Ports = 17> <Width = 32> <Depth = 1176> <RAM>
ST_7 : Operation 288 [1/1] (1.91ns)   --->   "%empty_83 = add i8 %newSecond, i8 2" [D:/lenet_project/handoff/LeNet_DSE_Framework_2022_2/LeNet_DSE_Framework_2022_2/src/lenet_conv.cpp:60]   --->   Operation 288 'add' 'empty_83' <Predicate = (!icmp_ln59)> <Delay = 1.91> <CoreInst = "Adder">   --->   Core 1 'Adder' <Latency = 0> <II = 1> <Delay = 1.91> <FuncUnit> <Opcode : 'add' 'sub'> <InPorts = 2> <OutPorts = 1>
ST_7 : Operation 289 [1/1] (0.00ns)   --->   "%empty_84 = trunc i8 %empty_83" [D:/lenet_project/handoff/LeNet_DSE_Framework_2022_2/LeNet_DSE_Framework_2022_2/src/lenet_conv.cpp:60]   --->   Operation 289 'trunc' 'empty_84' <Predicate = (!icmp_ln59)> <Delay = 0.00>
ST_7 : Operation 290 [1/1] (0.00ns)   --->   "%p_shl22_2 = bitconcatenate i11 @_ssdm_op_BitConcatenate.i11.i7.i4, i7 %empty_84, i4 0" [D:/lenet_project/handoff/LeNet_DSE_Framework_2022_2/LeNet_DSE_Framework_2022_2/src/lenet_conv.cpp:60]   --->   Operation 290 'bitconcatenate' 'p_shl22_2' <Predicate = (!icmp_ln59)> <Delay = 0.00>
ST_7 : Operation 291 [1/1] (0.00ns)   --->   "%p_shl23_2 = bitconcatenate i9 @_ssdm_op_BitConcatenate.i9.i8.i1, i8 %empty_83, i1 0" [D:/lenet_project/handoff/LeNet_DSE_Framework_2022_2/LeNet_DSE_Framework_2022_2/src/lenet_conv.cpp:60]   --->   Operation 291 'bitconcatenate' 'p_shl23_2' <Predicate = (!icmp_ln59)> <Delay = 0.00>
ST_7 : Operation 292 [1/1] (0.00ns)   --->   "%p_shl23_2_cast = sext i9 %p_shl23_2" [D:/lenet_project/handoff/LeNet_DSE_Framework_2022_2/LeNet_DSE_Framework_2022_2/src/lenet_conv.cpp:60]   --->   Operation 292 'sext' 'p_shl23_2_cast' <Predicate = (!icmp_ln59)> <Delay = 0.00>
ST_7 : Operation 293 [1/1] (0.00ns) (grouped into TernaryAdder)   --->   "%empty_85 = sub i11 %p_shl22_2, i11 %p_shl23_2_cast" [D:/lenet_project/handoff/LeNet_DSE_Framework_2022_2/LeNet_DSE_Framework_2022_2/src/lenet_conv.cpp:60]   --->   Operation 293 'sub' 'empty_85' <Predicate = (!icmp_ln59)> <Delay = 0.00> <CoreInst = "TAddSub">   --->   Core 10 'TAddSub' <Latency = 0> <II = 1> <Delay = 1.87> <IPBlock> <Opcode : 'add' 'sub'> <InPorts = 3> <OutPorts = 1> <Sync> <CReg>
ST_7 : Operation 294 [1/1] (3.75ns) (root node of TernaryAdder)   --->   "%add_ln21_28 = add i11 %empty_85, i11 %zext_ln55_cast" [D:/lenet_project/handoff/LeNet_DSE_Framework_2022_2/LeNet_DSE_Framework_2022_2/src/lenet_conv.cpp:21]   --->   Operation 294 'add' 'add_ln21_28' <Predicate = (!icmp_ln59)> <Delay = 3.75> <CoreInst = "TAddSub">   --->   Core 10 'TAddSub' <Latency = 0> <II = 1> <Delay = 1.87> <IPBlock> <Opcode : 'add' 'sub'> <InPorts = 3> <OutPorts = 1> <Sync> <CReg>
ST_7 : Operation 295 [2/4] (5.70ns)   --->   "%mul_i5_i2 = fmul i32 %pool1_output_load, i32 %bitcast_ln36" [D:/lenet_project/handoff/LeNet_DSE_Framework_2022_2/LeNet_DSE_Framework_2022_2/src/lenet_conv.cpp:36]   --->   Operation 295 'fmul' 'mul_i5_i2' <Predicate = (!icmp_ln59)> <Delay = 5.70> <CoreInst = "FMul_maxdsp">   --->   Core 30 'FMul_maxdsp' <Latency = 3> <II = 1> <Delay = 5.70> <FuncUnit> <Opcode : 'fmul'> <InPorts = 2> <OutPorts = 1>
ST_7 : Operation 296 [3/4] (5.70ns)   --->   "%mul_i5_i2_1 = fmul i32 %window_1, i32 %bitcast_ln36_49" [D:/lenet_project/handoff/LeNet_DSE_Framework_2022_2/LeNet_DSE_Framework_2022_2/src/lenet_conv.cpp:36]   --->   Operation 296 'fmul' 'mul_i5_i2_1' <Predicate = (!icmp_ln59)> <Delay = 5.70> <CoreInst = "FMul_maxdsp">   --->   Core 30 'FMul_maxdsp' <Latency = 3> <II = 1> <Delay = 5.70> <FuncUnit> <Opcode : 'fmul'> <InPorts = 2> <OutPorts = 1>
ST_7 : Operation 297 [1/1] (0.00ns)   --->   "%bitcast_ln36_50 = bitcast i32 %gmem1_addr_read_50" [D:/lenet_project/handoff/LeNet_DSE_Framework_2022_2/LeNet_DSE_Framework_2022_2/src/lenet_conv.cpp:36]   --->   Operation 297 'bitcast' 'bitcast_ln36_50' <Predicate = (!icmp_ln59)> <Delay = 0.00>
ST_7 : Operation 298 [4/4] (5.70ns)   --->   "%mul_i5_i2_2 = fmul i32 %window_2, i32 %bitcast_ln36_50" [D:/lenet_project/handoff/LeNet_DSE_Framework_2022_2/LeNet_DSE_Framework_2022_2/src/lenet_conv.cpp:36]   --->   Operation 298 'fmul' 'mul_i5_i2_2' <Predicate = (!icmp_ln59)> <Delay = 5.70> <CoreInst = "FMul_maxdsp">   --->   Core 30 'FMul_maxdsp' <Latency = 3> <II = 1> <Delay = 5.70> <FuncUnit> <Opcode : 'fmul'> <InPorts = 2> <OutPorts = 1>
ST_7 : Operation 299 [1/1] (6.57ns)   --->   "%gmem1_addr_read_53 = read i32 @_ssdm_op_Read.m_axi.p1i32, i32 %gmem1_addr" [D:/lenet_project/handoff/LeNet_DSE_Framework_2022_2/LeNet_DSE_Framework_2022_2/src/lenet_conv.cpp:36]   --->   Operation 299 'read' 'gmem1_addr_read_53' <Predicate = (!icmp_ln59)> <Delay = 6.57> <CoreInst = "m_axi">   --->   Core 113 'm_axi' <Latency = 0> <II = 1> <Delay = 1.00> <Adapter> <Opcode : 'read' 'write' 'readreq' 'writereq' 'writeresp'>

State 8 <SV = 7> <Delay = 6.57>
ST_8 : Operation 300 [1/2] (3.25ns)   --->   "%window_8 = load i11 %pool1_output_addr_8" [D:/lenet_project/handoff/LeNet_DSE_Framework_2022_2/LeNet_DSE_Framework_2022_2/src/lenet_conv.cpp:23]   --->   Operation 300 'load' 'window_8' <Predicate = (!icmp_ln59)> <Delay = 3.25> <CoreInst = "RAM_1WnR">   --->   Core 83 'RAM_1WnR' <Latency = 1> <II = 1> <Delay = 3.25> <Storage> <Opcode : 'load' 'store'> <Ports = 17> <Width = 32> <Depth = 1176> <RAM>
ST_8 : Operation 301 [1/2] (3.25ns)   --->   "%window_9 = load i11 %pool1_output_addr_9" [D:/lenet_project/handoff/LeNet_DSE_Framework_2022_2/LeNet_DSE_Framework_2022_2/src/lenet_conv.cpp:23]   --->   Operation 301 'load' 'window_9' <Predicate = (!icmp_ln59)> <Delay = 3.25> <CoreInst = "RAM_1WnR">   --->   Core 83 'RAM_1WnR' <Latency = 1> <II = 1> <Delay = 3.25> <Storage> <Opcode : 'load' 'store'> <Ports = 17> <Width = 32> <Depth = 1176> <RAM>
ST_8 : Operation 302 [1/1] (0.00ns)   --->   "%zext_ln23_34 = zext i11 %add_ln21_28" [D:/lenet_project/handoff/LeNet_DSE_Framework_2022_2/LeNet_DSE_Framework_2022_2/src/lenet_conv.cpp:23]   --->   Operation 302 'zext' 'zext_ln23_34' <Predicate = (!icmp_ln59)> <Delay = 0.00>
ST_8 : Operation 303 [1/1] (0.00ns)   --->   "%pool1_output_addr_10 = getelementptr i32 %pool1_output, i64 0, i64 %zext_ln23_34" [D:/lenet_project/handoff/LeNet_DSE_Framework_2022_2/LeNet_DSE_Framework_2022_2/src/lenet_conv.cpp:23]   --->   Operation 303 'getelementptr' 'pool1_output_addr_10' <Predicate = (!icmp_ln59)> <Delay = 0.00>
ST_8 : Operation 304 [2/2] (3.25ns)   --->   "%window_10 = load i11 %pool1_output_addr_10" [D:/lenet_project/handoff/LeNet_DSE_Framework_2022_2/LeNet_DSE_Framework_2022_2/src/lenet_conv.cpp:23]   --->   Operation 304 'load' 'window_10' <Predicate = (!icmp_ln59)> <Delay = 3.25> <CoreInst = "RAM_1WnR">   --->   Core 83 'RAM_1WnR' <Latency = 1> <II = 1> <Delay = 3.25> <Storage> <Opcode : 'load' 'store'> <Ports = 17> <Width = 32> <Depth = 1176> <RAM>
ST_8 : Operation 305 [1/1] (1.63ns)   --->   "%add_ln21_29 = add i11 %add_ln21_28, i11 1" [D:/lenet_project/handoff/LeNet_DSE_Framework_2022_2/LeNet_DSE_Framework_2022_2/src/lenet_conv.cpp:21]   --->   Operation 305 'add' 'add_ln21_29' <Predicate = (!icmp_ln59)> <Delay = 1.63> <CoreInst = "Adder">   --->   Core 1 'Adder' <Latency = 0> <II = 1> <Delay = 1.63> <FuncUnit> <Opcode : 'add' 'sub'> <InPorts = 2> <OutPorts = 1>
ST_8 : Operation 306 [1/1] (0.00ns)   --->   "%zext_ln23_35 = zext i11 %add_ln21_29" [D:/lenet_project/handoff/LeNet_DSE_Framework_2022_2/LeNet_DSE_Framework_2022_2/src/lenet_conv.cpp:23]   --->   Operation 306 'zext' 'zext_ln23_35' <Predicate = (!icmp_ln59)> <Delay = 0.00>
ST_8 : Operation 307 [1/1] (0.00ns)   --->   "%pool1_output_addr_11 = getelementptr i32 %pool1_output, i64 0, i64 %zext_ln23_35" [D:/lenet_project/handoff/LeNet_DSE_Framework_2022_2/LeNet_DSE_Framework_2022_2/src/lenet_conv.cpp:23]   --->   Operation 307 'getelementptr' 'pool1_output_addr_11' <Predicate = (!icmp_ln59)> <Delay = 0.00>
ST_8 : Operation 308 [2/2] (3.25ns)   --->   "%window_11 = load i11 %pool1_output_addr_11" [D:/lenet_project/handoff/LeNet_DSE_Framework_2022_2/LeNet_DSE_Framework_2022_2/src/lenet_conv.cpp:23]   --->   Operation 308 'load' 'window_11' <Predicate = (!icmp_ln59)> <Delay = 3.25> <CoreInst = "RAM_1WnR">   --->   Core 83 'RAM_1WnR' <Latency = 1> <II = 1> <Delay = 3.25> <Storage> <Opcode : 'load' 'store'> <Ports = 17> <Width = 32> <Depth = 1176> <RAM>
ST_8 : Operation 309 [1/4] (5.70ns)   --->   "%mul_i5_i2 = fmul i32 %pool1_output_load, i32 %bitcast_ln36" [D:/lenet_project/handoff/LeNet_DSE_Framework_2022_2/LeNet_DSE_Framework_2022_2/src/lenet_conv.cpp:36]   --->   Operation 309 'fmul' 'mul_i5_i2' <Predicate = (!icmp_ln59)> <Delay = 5.70> <CoreInst = "FMul_maxdsp">   --->   Core 30 'FMul_maxdsp' <Latency = 3> <II = 1> <Delay = 5.70> <FuncUnit> <Opcode : 'fmul'> <InPorts = 2> <OutPorts = 1>
ST_8 : Operation 310 [2/4] (5.70ns)   --->   "%mul_i5_i2_1 = fmul i32 %window_1, i32 %bitcast_ln36_49" [D:/lenet_project/handoff/LeNet_DSE_Framework_2022_2/LeNet_DSE_Framework_2022_2/src/lenet_conv.cpp:36]   --->   Operation 310 'fmul' 'mul_i5_i2_1' <Predicate = (!icmp_ln59)> <Delay = 5.70> <CoreInst = "FMul_maxdsp">   --->   Core 30 'FMul_maxdsp' <Latency = 3> <II = 1> <Delay = 5.70> <FuncUnit> <Opcode : 'fmul'> <InPorts = 2> <OutPorts = 1>
ST_8 : Operation 311 [3/4] (5.70ns)   --->   "%mul_i5_i2_2 = fmul i32 %window_2, i32 %bitcast_ln36_50" [D:/lenet_project/handoff/LeNet_DSE_Framework_2022_2/LeNet_DSE_Framework_2022_2/src/lenet_conv.cpp:36]   --->   Operation 311 'fmul' 'mul_i5_i2_2' <Predicate = (!icmp_ln59)> <Delay = 5.70> <CoreInst = "FMul_maxdsp">   --->   Core 30 'FMul_maxdsp' <Latency = 3> <II = 1> <Delay = 5.70> <FuncUnit> <Opcode : 'fmul'> <InPorts = 2> <OutPorts = 1>
ST_8 : Operation 312 [1/1] (0.00ns)   --->   "%bitcast_ln36_51 = bitcast i32 %gmem1_addr_read_51" [D:/lenet_project/handoff/LeNet_DSE_Framework_2022_2/LeNet_DSE_Framework_2022_2/src/lenet_conv.cpp:36]   --->   Operation 312 'bitcast' 'bitcast_ln36_51' <Predicate = (!icmp_ln59)> <Delay = 0.00>
ST_8 : Operation 313 [4/4] (5.70ns)   --->   "%mul_i5_i2_3 = fmul i32 %window_3, i32 %bitcast_ln36_51" [D:/lenet_project/handoff/LeNet_DSE_Framework_2022_2/LeNet_DSE_Framework_2022_2/src/lenet_conv.cpp:36]   --->   Operation 313 'fmul' 'mul_i5_i2_3' <Predicate = (!icmp_ln59)> <Delay = 5.70> <CoreInst = "FMul_maxdsp">   --->   Core 30 'FMul_maxdsp' <Latency = 3> <II = 1> <Delay = 5.70> <FuncUnit> <Opcode : 'fmul'> <InPorts = 2> <OutPorts = 1>
ST_8 : Operation 314 [1/1] (6.57ns)   --->   "%gmem1_addr_read_54 = read i32 @_ssdm_op_Read.m_axi.p1i32, i32 %gmem1_addr" [D:/lenet_project/handoff/LeNet_DSE_Framework_2022_2/LeNet_DSE_Framework_2022_2/src/lenet_conv.cpp:36]   --->   Operation 314 'read' 'gmem1_addr_read_54' <Predicate = (!icmp_ln59)> <Delay = 6.57> <CoreInst = "m_axi">   --->   Core 113 'm_axi' <Latency = 0> <II = 1> <Delay = 1.00> <Adapter> <Opcode : 'read' 'write' 'readreq' 'writereq' 'writeresp'>

State 9 <SV = 8> <Delay = 6.57>
ST_9 : Operation 315 [1/1] (0.00ns)   --->   "%accumulator_load = load i32 %accumulator" [D:/lenet_project/handoff/LeNet_DSE_Framework_2022_2/LeNet_DSE_Framework_2022_2/src/lenet_conv.cpp:36]   --->   Operation 315 'load' 'accumulator_load' <Predicate = (!icmp_ln59)> <Delay = 0.00>
ST_9 : Operation 316 [1/2] (3.25ns)   --->   "%window_10 = load i11 %pool1_output_addr_10" [D:/lenet_project/handoff/LeNet_DSE_Framework_2022_2/LeNet_DSE_Framework_2022_2/src/lenet_conv.cpp:23]   --->   Operation 316 'load' 'window_10' <Predicate = (!icmp_ln59)> <Delay = 3.25> <CoreInst = "RAM_1WnR">   --->   Core 83 'RAM_1WnR' <Latency = 1> <II = 1> <Delay = 3.25> <Storage> <Opcode : 'load' 'store'> <Ports = 17> <Width = 32> <Depth = 1176> <RAM>
ST_9 : Operation 317 [1/2] (3.25ns)   --->   "%window_11 = load i11 %pool1_output_addr_11" [D:/lenet_project/handoff/LeNet_DSE_Framework_2022_2/LeNet_DSE_Framework_2022_2/src/lenet_conv.cpp:23]   --->   Operation 317 'load' 'window_11' <Predicate = (!icmp_ln59)> <Delay = 3.25> <CoreInst = "RAM_1WnR">   --->   Core 83 'RAM_1WnR' <Latency = 1> <II = 1> <Delay = 3.25> <Storage> <Opcode : 'load' 'store'> <Ports = 17> <Width = 32> <Depth = 1176> <RAM>
ST_9 : Operation 318 [1/1] (1.63ns)   --->   "%add_ln21_30 = add i11 %add_ln21_28, i11 2" [D:/lenet_project/handoff/LeNet_DSE_Framework_2022_2/LeNet_DSE_Framework_2022_2/src/lenet_conv.cpp:21]   --->   Operation 318 'add' 'add_ln21_30' <Predicate = (!icmp_ln59)> <Delay = 1.63> <CoreInst = "Adder">   --->   Core 1 'Adder' <Latency = 0> <II = 1> <Delay = 1.63> <FuncUnit> <Opcode : 'add' 'sub'> <InPorts = 2> <OutPorts = 1>
ST_9 : Operation 319 [1/1] (0.00ns)   --->   "%zext_ln23_36 = zext i11 %add_ln21_30" [D:/lenet_project/handoff/LeNet_DSE_Framework_2022_2/LeNet_DSE_Framework_2022_2/src/lenet_conv.cpp:23]   --->   Operation 319 'zext' 'zext_ln23_36' <Predicate = (!icmp_ln59)> <Delay = 0.00>
ST_9 : Operation 320 [1/1] (0.00ns)   --->   "%pool1_output_addr_12 = getelementptr i32 %pool1_output, i64 0, i64 %zext_ln23_36" [D:/lenet_project/handoff/LeNet_DSE_Framework_2022_2/LeNet_DSE_Framework_2022_2/src/lenet_conv.cpp:23]   --->   Operation 320 'getelementptr' 'pool1_output_addr_12' <Predicate = (!icmp_ln59)> <Delay = 0.00>
ST_9 : Operation 321 [2/2] (3.25ns)   --->   "%window_12 = load i11 %pool1_output_addr_12" [D:/lenet_project/handoff/LeNet_DSE_Framework_2022_2/LeNet_DSE_Framework_2022_2/src/lenet_conv.cpp:23]   --->   Operation 321 'load' 'window_12' <Predicate = (!icmp_ln59)> <Delay = 3.25> <CoreInst = "RAM_1WnR">   --->   Core 83 'RAM_1WnR' <Latency = 1> <II = 1> <Delay = 3.25> <Storage> <Opcode : 'load' 'store'> <Ports = 17> <Width = 32> <Depth = 1176> <RAM>
ST_9 : Operation 322 [1/1] (1.63ns)   --->   "%add_ln21_31 = add i11 %add_ln21_28, i11 3" [D:/lenet_project/handoff/LeNet_DSE_Framework_2022_2/LeNet_DSE_Framework_2022_2/src/lenet_conv.cpp:21]   --->   Operation 322 'add' 'add_ln21_31' <Predicate = (!icmp_ln59)> <Delay = 1.63> <CoreInst = "Adder">   --->   Core 1 'Adder' <Latency = 0> <II = 1> <Delay = 1.63> <FuncUnit> <Opcode : 'add' 'sub'> <InPorts = 2> <OutPorts = 1>
ST_9 : Operation 323 [1/1] (0.00ns)   --->   "%zext_ln23_37 = zext i11 %add_ln21_31" [D:/lenet_project/handoff/LeNet_DSE_Framework_2022_2/LeNet_DSE_Framework_2022_2/src/lenet_conv.cpp:23]   --->   Operation 323 'zext' 'zext_ln23_37' <Predicate = (!icmp_ln59)> <Delay = 0.00>
ST_9 : Operation 324 [1/1] (0.00ns)   --->   "%pool1_output_addr_13 = getelementptr i32 %pool1_output, i64 0, i64 %zext_ln23_37" [D:/lenet_project/handoff/LeNet_DSE_Framework_2022_2/LeNet_DSE_Framework_2022_2/src/lenet_conv.cpp:23]   --->   Operation 324 'getelementptr' 'pool1_output_addr_13' <Predicate = (!icmp_ln59)> <Delay = 0.00>
ST_9 : Operation 325 [2/2] (3.25ns)   --->   "%window_13 = load i11 %pool1_output_addr_13" [D:/lenet_project/handoff/LeNet_DSE_Framework_2022_2/LeNet_DSE_Framework_2022_2/src/lenet_conv.cpp:23]   --->   Operation 325 'load' 'window_13' <Predicate = (!icmp_ln59)> <Delay = 3.25> <CoreInst = "RAM_1WnR">   --->   Core 83 'RAM_1WnR' <Latency = 1> <II = 1> <Delay = 3.25> <Storage> <Opcode : 'load' 'store'> <Ports = 17> <Width = 32> <Depth = 1176> <RAM>
ST_9 : Operation 326 [1/1] (1.91ns)   --->   "%empty_86 = add i8 %newSecond, i8 3" [D:/lenet_project/handoff/LeNet_DSE_Framework_2022_2/LeNet_DSE_Framework_2022_2/src/lenet_conv.cpp:60]   --->   Operation 326 'add' 'empty_86' <Predicate = (!icmp_ln59)> <Delay = 1.91> <CoreInst = "Adder">   --->   Core 1 'Adder' <Latency = 0> <II = 1> <Delay = 1.91> <FuncUnit> <Opcode : 'add' 'sub'> <InPorts = 2> <OutPorts = 1>
ST_9 : Operation 327 [1/1] (0.00ns)   --->   "%empty_87 = trunc i8 %empty_86" [D:/lenet_project/handoff/LeNet_DSE_Framework_2022_2/LeNet_DSE_Framework_2022_2/src/lenet_conv.cpp:60]   --->   Operation 327 'trunc' 'empty_87' <Predicate = (!icmp_ln59)> <Delay = 0.00>
ST_9 : Operation 328 [1/1] (0.00ns)   --->   "%p_shl22_3 = bitconcatenate i11 @_ssdm_op_BitConcatenate.i11.i7.i4, i7 %empty_87, i4 0" [D:/lenet_project/handoff/LeNet_DSE_Framework_2022_2/LeNet_DSE_Framework_2022_2/src/lenet_conv.cpp:60]   --->   Operation 328 'bitconcatenate' 'p_shl22_3' <Predicate = (!icmp_ln59)> <Delay = 0.00>
ST_9 : Operation 329 [1/1] (0.00ns)   --->   "%p_shl23_3 = bitconcatenate i9 @_ssdm_op_BitConcatenate.i9.i8.i1, i8 %empty_86, i1 0" [D:/lenet_project/handoff/LeNet_DSE_Framework_2022_2/LeNet_DSE_Framework_2022_2/src/lenet_conv.cpp:60]   --->   Operation 329 'bitconcatenate' 'p_shl23_3' <Predicate = (!icmp_ln59)> <Delay = 0.00>
ST_9 : Operation 330 [1/1] (0.00ns)   --->   "%p_shl23_3_cast = sext i9 %p_shl23_3" [D:/lenet_project/handoff/LeNet_DSE_Framework_2022_2/LeNet_DSE_Framework_2022_2/src/lenet_conv.cpp:60]   --->   Operation 330 'sext' 'p_shl23_3_cast' <Predicate = (!icmp_ln59)> <Delay = 0.00>
ST_9 : Operation 331 [1/1] (0.00ns) (grouped into TernaryAdder)   --->   "%empty_88 = sub i11 %p_shl22_3, i11 %p_shl23_3_cast" [D:/lenet_project/handoff/LeNet_DSE_Framework_2022_2/LeNet_DSE_Framework_2022_2/src/lenet_conv.cpp:60]   --->   Operation 331 'sub' 'empty_88' <Predicate = (!icmp_ln59)> <Delay = 0.00> <CoreInst = "TAddSub">   --->   Core 10 'TAddSub' <Latency = 0> <II = 1> <Delay = 1.87> <IPBlock> <Opcode : 'add' 'sub'> <InPorts = 3> <OutPorts = 1> <Sync> <CReg>
ST_9 : Operation 332 [1/1] (3.75ns) (root node of TernaryAdder)   --->   "%add_ln21_33 = add i11 %empty_88, i11 %zext_ln55_cast" [D:/lenet_project/handoff/LeNet_DSE_Framework_2022_2/LeNet_DSE_Framework_2022_2/src/lenet_conv.cpp:21]   --->   Operation 332 'add' 'add_ln21_33' <Predicate = (!icmp_ln59)> <Delay = 3.75> <CoreInst = "TAddSub">   --->   Core 10 'TAddSub' <Latency = 0> <II = 1> <Delay = 1.87> <IPBlock> <Opcode : 'add' 'sub'> <InPorts = 3> <OutPorts = 1> <Sync> <CReg>
ST_9 : Operation 333 [1/1] (1.91ns)   --->   "%empty_89 = add i8 %newSecond, i8 4" [D:/lenet_project/handoff/LeNet_DSE_Framework_2022_2/LeNet_DSE_Framework_2022_2/src/lenet_conv.cpp:60]   --->   Operation 333 'add' 'empty_89' <Predicate = (!icmp_ln59)> <Delay = 1.91> <CoreInst = "Adder">   --->   Core 1 'Adder' <Latency = 0> <II = 1> <Delay = 1.91> <FuncUnit> <Opcode : 'add' 'sub'> <InPorts = 2> <OutPorts = 1>
ST_9 : Operation 334 [1/1] (0.00ns)   --->   "%empty_90 = trunc i8 %empty_89" [D:/lenet_project/handoff/LeNet_DSE_Framework_2022_2/LeNet_DSE_Framework_2022_2/src/lenet_conv.cpp:60]   --->   Operation 334 'trunc' 'empty_90' <Predicate = (!icmp_ln59)> <Delay = 0.00>
ST_9 : Operation 335 [1/1] (0.00ns)   --->   "%p_shl22_4 = bitconcatenate i11 @_ssdm_op_BitConcatenate.i11.i7.i4, i7 %empty_90, i4 0" [D:/lenet_project/handoff/LeNet_DSE_Framework_2022_2/LeNet_DSE_Framework_2022_2/src/lenet_conv.cpp:60]   --->   Operation 335 'bitconcatenate' 'p_shl22_4' <Predicate = (!icmp_ln59)> <Delay = 0.00>
ST_9 : Operation 336 [1/1] (0.00ns)   --->   "%p_shl23_4 = bitconcatenate i9 @_ssdm_op_BitConcatenate.i9.i8.i1, i8 %empty_89, i1 0" [D:/lenet_project/handoff/LeNet_DSE_Framework_2022_2/LeNet_DSE_Framework_2022_2/src/lenet_conv.cpp:60]   --->   Operation 336 'bitconcatenate' 'p_shl23_4' <Predicate = (!icmp_ln59)> <Delay = 0.00>
ST_9 : Operation 337 [1/1] (0.00ns)   --->   "%p_shl23_4_cast = sext i9 %p_shl23_4" [D:/lenet_project/handoff/LeNet_DSE_Framework_2022_2/LeNet_DSE_Framework_2022_2/src/lenet_conv.cpp:60]   --->   Operation 337 'sext' 'p_shl23_4_cast' <Predicate = (!icmp_ln59)> <Delay = 0.00>
ST_9 : Operation 338 [1/1] (0.00ns) (grouped into TernaryAdder)   --->   "%empty_91 = sub i11 %p_shl22_4, i11 %p_shl23_4_cast" [D:/lenet_project/handoff/LeNet_DSE_Framework_2022_2/LeNet_DSE_Framework_2022_2/src/lenet_conv.cpp:60]   --->   Operation 338 'sub' 'empty_91' <Predicate = (!icmp_ln59)> <Delay = 0.00> <CoreInst = "TAddSub">   --->   Core 10 'TAddSub' <Latency = 0> <II = 1> <Delay = 1.87> <IPBlock> <Opcode : 'add' 'sub'> <InPorts = 3> <OutPorts = 1> <Sync> <CReg>
ST_9 : Operation 339 [1/1] (3.75ns) (root node of TernaryAdder)   --->   "%add_ln21_38 = add i11 %empty_91, i11 %zext_ln55_cast" [D:/lenet_project/handoff/LeNet_DSE_Framework_2022_2/LeNet_DSE_Framework_2022_2/src/lenet_conv.cpp:21]   --->   Operation 339 'add' 'add_ln21_38' <Predicate = (!icmp_ln59)> <Delay = 3.75> <CoreInst = "TAddSub">   --->   Core 10 'TAddSub' <Latency = 0> <II = 1> <Delay = 1.87> <IPBlock> <Opcode : 'add' 'sub'> <InPorts = 3> <OutPorts = 1> <Sync> <CReg>
ST_9 : Operation 340 [7/7] (6.44ns)   --->   "%accumulator_assign_s = fadd i32 %accumulator_load, i32 %mul_i5_i2" [D:/lenet_project/handoff/LeNet_DSE_Framework_2022_2/LeNet_DSE_Framework_2022_2/src/lenet_conv.cpp:36]   --->   Operation 340 'fadd' 'accumulator_assign_s' <Predicate = (!icmp_ln59)> <Delay = 6.44> <CoreInst = "FAddSub_fulldsp">   --->   Core 18 'FAddSub_fulldsp' <Latency = 6> <II = 1> <Delay = 6.44> <FuncUnit> <Opcode : 'fadd' 'fsub'> <InPorts = 2> <OutPorts = 1>
ST_9 : Operation 341 [1/4] (5.70ns)   --->   "%mul_i5_i2_1 = fmul i32 %window_1, i32 %bitcast_ln36_49" [D:/lenet_project/handoff/LeNet_DSE_Framework_2022_2/LeNet_DSE_Framework_2022_2/src/lenet_conv.cpp:36]   --->   Operation 341 'fmul' 'mul_i5_i2_1' <Predicate = (!icmp_ln59)> <Delay = 5.70> <CoreInst = "FMul_maxdsp">   --->   Core 30 'FMul_maxdsp' <Latency = 3> <II = 1> <Delay = 5.70> <FuncUnit> <Opcode : 'fmul'> <InPorts = 2> <OutPorts = 1>
ST_9 : Operation 342 [2/4] (5.70ns)   --->   "%mul_i5_i2_2 = fmul i32 %window_2, i32 %bitcast_ln36_50" [D:/lenet_project/handoff/LeNet_DSE_Framework_2022_2/LeNet_DSE_Framework_2022_2/src/lenet_conv.cpp:36]   --->   Operation 342 'fmul' 'mul_i5_i2_2' <Predicate = (!icmp_ln59)> <Delay = 5.70> <CoreInst = "FMul_maxdsp">   --->   Core 30 'FMul_maxdsp' <Latency = 3> <II = 1> <Delay = 5.70> <FuncUnit> <Opcode : 'fmul'> <InPorts = 2> <OutPorts = 1>
ST_9 : Operation 343 [3/4] (5.70ns)   --->   "%mul_i5_i2_3 = fmul i32 %window_3, i32 %bitcast_ln36_51" [D:/lenet_project/handoff/LeNet_DSE_Framework_2022_2/LeNet_DSE_Framework_2022_2/src/lenet_conv.cpp:36]   --->   Operation 343 'fmul' 'mul_i5_i2_3' <Predicate = (!icmp_ln59)> <Delay = 5.70> <CoreInst = "FMul_maxdsp">   --->   Core 30 'FMul_maxdsp' <Latency = 3> <II = 1> <Delay = 5.70> <FuncUnit> <Opcode : 'fmul'> <InPorts = 2> <OutPorts = 1>
ST_9 : Operation 344 [1/1] (0.00ns)   --->   "%bitcast_ln36_52 = bitcast i32 %gmem1_addr_read_52" [D:/lenet_project/handoff/LeNet_DSE_Framework_2022_2/LeNet_DSE_Framework_2022_2/src/lenet_conv.cpp:36]   --->   Operation 344 'bitcast' 'bitcast_ln36_52' <Predicate = (!icmp_ln59)> <Delay = 0.00>
ST_9 : Operation 345 [4/4] (5.70ns)   --->   "%mul_i5_i2_4 = fmul i32 %window_4, i32 %bitcast_ln36_52" [D:/lenet_project/handoff/LeNet_DSE_Framework_2022_2/LeNet_DSE_Framework_2022_2/src/lenet_conv.cpp:36]   --->   Operation 345 'fmul' 'mul_i5_i2_4' <Predicate = (!icmp_ln59)> <Delay = 5.70> <CoreInst = "FMul_maxdsp">   --->   Core 30 'FMul_maxdsp' <Latency = 3> <II = 1> <Delay = 5.70> <FuncUnit> <Opcode : 'fmul'> <InPorts = 2> <OutPorts = 1>
ST_9 : Operation 346 [1/1] (6.57ns)   --->   "%gmem1_addr_read_55 = read i32 @_ssdm_op_Read.m_axi.p1i32, i32 %gmem1_addr" [D:/lenet_project/handoff/LeNet_DSE_Framework_2022_2/LeNet_DSE_Framework_2022_2/src/lenet_conv.cpp:36]   --->   Operation 346 'read' 'gmem1_addr_read_55' <Predicate = (!icmp_ln59)> <Delay = 6.57> <CoreInst = "m_axi">   --->   Core 113 'm_axi' <Latency = 0> <II = 1> <Delay = 1.00> <Adapter> <Opcode : 'read' 'write' 'readreq' 'writereq' 'writeresp'>
ST_9 : Operation 705 [1/1] (0.00ns)   --->   "%ret_ln0 = ret"   --->   Operation 705 'ret' 'ret_ln0' <Predicate = (icmp_ln59)> <Delay = 0.00>

State 10 <SV = 9> <Delay = 6.57>
ST_10 : Operation 347 [1/2] (3.25ns)   --->   "%window_12 = load i11 %pool1_output_addr_12" [D:/lenet_project/handoff/LeNet_DSE_Framework_2022_2/LeNet_DSE_Framework_2022_2/src/lenet_conv.cpp:23]   --->   Operation 347 'load' 'window_12' <Predicate = (!icmp_ln59)> <Delay = 3.25> <CoreInst = "RAM_1WnR">   --->   Core 83 'RAM_1WnR' <Latency = 1> <II = 1> <Delay = 3.25> <Storage> <Opcode : 'load' 'store'> <Ports = 17> <Width = 32> <Depth = 1176> <RAM>
ST_10 : Operation 348 [1/2] (3.25ns)   --->   "%window_13 = load i11 %pool1_output_addr_13" [D:/lenet_project/handoff/LeNet_DSE_Framework_2022_2/LeNet_DSE_Framework_2022_2/src/lenet_conv.cpp:23]   --->   Operation 348 'load' 'window_13' <Predicate = (!icmp_ln59)> <Delay = 3.25> <CoreInst = "RAM_1WnR">   --->   Core 83 'RAM_1WnR' <Latency = 1> <II = 1> <Delay = 3.25> <Storage> <Opcode : 'load' 'store'> <Ports = 17> <Width = 32> <Depth = 1176> <RAM>
ST_10 : Operation 349 [1/1] (1.63ns)   --->   "%add_ln21_32 = add i11 %add_ln21_28, i11 4" [D:/lenet_project/handoff/LeNet_DSE_Framework_2022_2/LeNet_DSE_Framework_2022_2/src/lenet_conv.cpp:21]   --->   Operation 349 'add' 'add_ln21_32' <Predicate = (!icmp_ln59)> <Delay = 1.63> <CoreInst = "Adder">   --->   Core 1 'Adder' <Latency = 0> <II = 1> <Delay = 1.63> <FuncUnit> <Opcode : 'add' 'sub'> <InPorts = 2> <OutPorts = 1>
ST_10 : Operation 350 [1/1] (0.00ns)   --->   "%zext_ln23_38 = zext i11 %add_ln21_32" [D:/lenet_project/handoff/LeNet_DSE_Framework_2022_2/LeNet_DSE_Framework_2022_2/src/lenet_conv.cpp:23]   --->   Operation 350 'zext' 'zext_ln23_38' <Predicate = (!icmp_ln59)> <Delay = 0.00>
ST_10 : Operation 351 [1/1] (0.00ns)   --->   "%pool1_output_addr_14 = getelementptr i32 %pool1_output, i64 0, i64 %zext_ln23_38" [D:/lenet_project/handoff/LeNet_DSE_Framework_2022_2/LeNet_DSE_Framework_2022_2/src/lenet_conv.cpp:23]   --->   Operation 351 'getelementptr' 'pool1_output_addr_14' <Predicate = (!icmp_ln59)> <Delay = 0.00>
ST_10 : Operation 352 [2/2] (3.25ns)   --->   "%window_14 = load i11 %pool1_output_addr_14" [D:/lenet_project/handoff/LeNet_DSE_Framework_2022_2/LeNet_DSE_Framework_2022_2/src/lenet_conv.cpp:23]   --->   Operation 352 'load' 'window_14' <Predicate = (!icmp_ln59)> <Delay = 3.25> <CoreInst = "RAM_1WnR">   --->   Core 83 'RAM_1WnR' <Latency = 1> <II = 1> <Delay = 3.25> <Storage> <Opcode : 'load' 'store'> <Ports = 17> <Width = 32> <Depth = 1176> <RAM>
ST_10 : Operation 353 [1/1] (0.00ns)   --->   "%zext_ln23_39 = zext i11 %add_ln21_33" [D:/lenet_project/handoff/LeNet_DSE_Framework_2022_2/LeNet_DSE_Framework_2022_2/src/lenet_conv.cpp:23]   --->   Operation 353 'zext' 'zext_ln23_39' <Predicate = (!icmp_ln59)> <Delay = 0.00>
ST_10 : Operation 354 [1/1] (0.00ns)   --->   "%pool1_output_addr_15 = getelementptr i32 %pool1_output, i64 0, i64 %zext_ln23_39" [D:/lenet_project/handoff/LeNet_DSE_Framework_2022_2/LeNet_DSE_Framework_2022_2/src/lenet_conv.cpp:23]   --->   Operation 354 'getelementptr' 'pool1_output_addr_15' <Predicate = (!icmp_ln59)> <Delay = 0.00>
ST_10 : Operation 355 [2/2] (3.25ns)   --->   "%window_15 = load i11 %pool1_output_addr_15" [D:/lenet_project/handoff/LeNet_DSE_Framework_2022_2/LeNet_DSE_Framework_2022_2/src/lenet_conv.cpp:23]   --->   Operation 355 'load' 'window_15' <Predicate = (!icmp_ln59)> <Delay = 3.25> <CoreInst = "RAM_1WnR">   --->   Core 83 'RAM_1WnR' <Latency = 1> <II = 1> <Delay = 3.25> <Storage> <Opcode : 'load' 'store'> <Ports = 17> <Width = 32> <Depth = 1176> <RAM>
ST_10 : Operation 356 [6/7] (6.44ns)   --->   "%accumulator_assign_s = fadd i32 %accumulator_load, i32 %mul_i5_i2" [D:/lenet_project/handoff/LeNet_DSE_Framework_2022_2/LeNet_DSE_Framework_2022_2/src/lenet_conv.cpp:36]   --->   Operation 356 'fadd' 'accumulator_assign_s' <Predicate = (!icmp_ln59)> <Delay = 6.44> <CoreInst = "FAddSub_fulldsp">   --->   Core 18 'FAddSub_fulldsp' <Latency = 6> <II = 1> <Delay = 6.44> <FuncUnit> <Opcode : 'fadd' 'fsub'> <InPorts = 2> <OutPorts = 1>
ST_10 : Operation 357 [1/4] (5.70ns)   --->   "%mul_i5_i2_2 = fmul i32 %window_2, i32 %bitcast_ln36_50" [D:/lenet_project/handoff/LeNet_DSE_Framework_2022_2/LeNet_DSE_Framework_2022_2/src/lenet_conv.cpp:36]   --->   Operation 357 'fmul' 'mul_i5_i2_2' <Predicate = (!icmp_ln59)> <Delay = 5.70> <CoreInst = "FMul_maxdsp">   --->   Core 30 'FMul_maxdsp' <Latency = 3> <II = 1> <Delay = 5.70> <FuncUnit> <Opcode : 'fmul'> <InPorts = 2> <OutPorts = 1>
ST_10 : Operation 358 [2/4] (5.70ns)   --->   "%mul_i5_i2_3 = fmul i32 %window_3, i32 %bitcast_ln36_51" [D:/lenet_project/handoff/LeNet_DSE_Framework_2022_2/LeNet_DSE_Framework_2022_2/src/lenet_conv.cpp:36]   --->   Operation 358 'fmul' 'mul_i5_i2_3' <Predicate = (!icmp_ln59)> <Delay = 5.70> <CoreInst = "FMul_maxdsp">   --->   Core 30 'FMul_maxdsp' <Latency = 3> <II = 1> <Delay = 5.70> <FuncUnit> <Opcode : 'fmul'> <InPorts = 2> <OutPorts = 1>
ST_10 : Operation 359 [3/4] (5.70ns)   --->   "%mul_i5_i2_4 = fmul i32 %window_4, i32 %bitcast_ln36_52" [D:/lenet_project/handoff/LeNet_DSE_Framework_2022_2/LeNet_DSE_Framework_2022_2/src/lenet_conv.cpp:36]   --->   Operation 359 'fmul' 'mul_i5_i2_4' <Predicate = (!icmp_ln59)> <Delay = 5.70> <CoreInst = "FMul_maxdsp">   --->   Core 30 'FMul_maxdsp' <Latency = 3> <II = 1> <Delay = 5.70> <FuncUnit> <Opcode : 'fmul'> <InPorts = 2> <OutPorts = 1>
ST_10 : Operation 360 [1/1] (0.00ns)   --->   "%bitcast_ln36_53 = bitcast i32 %gmem1_addr_read_53" [D:/lenet_project/handoff/LeNet_DSE_Framework_2022_2/LeNet_DSE_Framework_2022_2/src/lenet_conv.cpp:36]   --->   Operation 360 'bitcast' 'bitcast_ln36_53' <Predicate = (!icmp_ln59)> <Delay = 0.00>
ST_10 : Operation 361 [4/4] (5.70ns)   --->   "%mul_i5_i2_5 = fmul i32 %window_5, i32 %bitcast_ln36_53" [D:/lenet_project/handoff/LeNet_DSE_Framework_2022_2/LeNet_DSE_Framework_2022_2/src/lenet_conv.cpp:36]   --->   Operation 361 'fmul' 'mul_i5_i2_5' <Predicate = (!icmp_ln59)> <Delay = 5.70> <CoreInst = "FMul_maxdsp">   --->   Core 30 'FMul_maxdsp' <Latency = 3> <II = 1> <Delay = 5.70> <FuncUnit> <Opcode : 'fmul'> <InPorts = 2> <OutPorts = 1>
ST_10 : Operation 362 [1/1] (6.57ns)   --->   "%gmem1_addr_read_56 = read i32 @_ssdm_op_Read.m_axi.p1i32, i32 %gmem1_addr" [D:/lenet_project/handoff/LeNet_DSE_Framework_2022_2/LeNet_DSE_Framework_2022_2/src/lenet_conv.cpp:36]   --->   Operation 362 'read' 'gmem1_addr_read_56' <Predicate = (!icmp_ln59)> <Delay = 6.57> <CoreInst = "m_axi">   --->   Core 113 'm_axi' <Latency = 0> <II = 1> <Delay = 1.00> <Adapter> <Opcode : 'read' 'write' 'readreq' 'writereq' 'writeresp'>

State 11 <SV = 10> <Delay = 6.57>
ST_11 : Operation 363 [1/2] (3.25ns)   --->   "%window_14 = load i11 %pool1_output_addr_14" [D:/lenet_project/handoff/LeNet_DSE_Framework_2022_2/LeNet_DSE_Framework_2022_2/src/lenet_conv.cpp:23]   --->   Operation 363 'load' 'window_14' <Predicate = (!icmp_ln59)> <Delay = 3.25> <CoreInst = "RAM_1WnR">   --->   Core 83 'RAM_1WnR' <Latency = 1> <II = 1> <Delay = 3.25> <Storage> <Opcode : 'load' 'store'> <Ports = 17> <Width = 32> <Depth = 1176> <RAM>
ST_11 : Operation 364 [1/2] (3.25ns)   --->   "%window_15 = load i11 %pool1_output_addr_15" [D:/lenet_project/handoff/LeNet_DSE_Framework_2022_2/LeNet_DSE_Framework_2022_2/src/lenet_conv.cpp:23]   --->   Operation 364 'load' 'window_15' <Predicate = (!icmp_ln59)> <Delay = 3.25> <CoreInst = "RAM_1WnR">   --->   Core 83 'RAM_1WnR' <Latency = 1> <II = 1> <Delay = 3.25> <Storage> <Opcode : 'load' 'store'> <Ports = 17> <Width = 32> <Depth = 1176> <RAM>
ST_11 : Operation 365 [1/1] (1.63ns)   --->   "%add_ln21_34 = add i11 %add_ln21_33, i11 1" [D:/lenet_project/handoff/LeNet_DSE_Framework_2022_2/LeNet_DSE_Framework_2022_2/src/lenet_conv.cpp:21]   --->   Operation 365 'add' 'add_ln21_34' <Predicate = (!icmp_ln59)> <Delay = 1.63> <CoreInst = "Adder">   --->   Core 1 'Adder' <Latency = 0> <II = 1> <Delay = 1.63> <FuncUnit> <Opcode : 'add' 'sub'> <InPorts = 2> <OutPorts = 1>
ST_11 : Operation 366 [1/1] (0.00ns)   --->   "%zext_ln23_40 = zext i11 %add_ln21_34" [D:/lenet_project/handoff/LeNet_DSE_Framework_2022_2/LeNet_DSE_Framework_2022_2/src/lenet_conv.cpp:23]   --->   Operation 366 'zext' 'zext_ln23_40' <Predicate = (!icmp_ln59)> <Delay = 0.00>
ST_11 : Operation 367 [1/1] (0.00ns)   --->   "%pool1_output_addr_16 = getelementptr i32 %pool1_output, i64 0, i64 %zext_ln23_40" [D:/lenet_project/handoff/LeNet_DSE_Framework_2022_2/LeNet_DSE_Framework_2022_2/src/lenet_conv.cpp:23]   --->   Operation 367 'getelementptr' 'pool1_output_addr_16' <Predicate = (!icmp_ln59)> <Delay = 0.00>
ST_11 : Operation 368 [2/2] (3.25ns)   --->   "%window_16 = load i11 %pool1_output_addr_16" [D:/lenet_project/handoff/LeNet_DSE_Framework_2022_2/LeNet_DSE_Framework_2022_2/src/lenet_conv.cpp:23]   --->   Operation 368 'load' 'window_16' <Predicate = (!icmp_ln59)> <Delay = 3.25> <CoreInst = "RAM_1WnR">   --->   Core 83 'RAM_1WnR' <Latency = 1> <II = 1> <Delay = 3.25> <Storage> <Opcode : 'load' 'store'> <Ports = 17> <Width = 32> <Depth = 1176> <RAM>
ST_11 : Operation 369 [1/1] (1.63ns)   --->   "%add_ln21_35 = add i11 %add_ln21_33, i11 2" [D:/lenet_project/handoff/LeNet_DSE_Framework_2022_2/LeNet_DSE_Framework_2022_2/src/lenet_conv.cpp:21]   --->   Operation 369 'add' 'add_ln21_35' <Predicate = (!icmp_ln59)> <Delay = 1.63> <CoreInst = "Adder">   --->   Core 1 'Adder' <Latency = 0> <II = 1> <Delay = 1.63> <FuncUnit> <Opcode : 'add' 'sub'> <InPorts = 2> <OutPorts = 1>
ST_11 : Operation 370 [1/1] (0.00ns)   --->   "%zext_ln23_41 = zext i11 %add_ln21_35" [D:/lenet_project/handoff/LeNet_DSE_Framework_2022_2/LeNet_DSE_Framework_2022_2/src/lenet_conv.cpp:23]   --->   Operation 370 'zext' 'zext_ln23_41' <Predicate = (!icmp_ln59)> <Delay = 0.00>
ST_11 : Operation 371 [1/1] (0.00ns)   --->   "%pool1_output_addr_17 = getelementptr i32 %pool1_output, i64 0, i64 %zext_ln23_41" [D:/lenet_project/handoff/LeNet_DSE_Framework_2022_2/LeNet_DSE_Framework_2022_2/src/lenet_conv.cpp:23]   --->   Operation 371 'getelementptr' 'pool1_output_addr_17' <Predicate = (!icmp_ln59)> <Delay = 0.00>
ST_11 : Operation 372 [2/2] (3.25ns)   --->   "%window_17 = load i11 %pool1_output_addr_17" [D:/lenet_project/handoff/LeNet_DSE_Framework_2022_2/LeNet_DSE_Framework_2022_2/src/lenet_conv.cpp:23]   --->   Operation 372 'load' 'window_17' <Predicate = (!icmp_ln59)> <Delay = 3.25> <CoreInst = "RAM_1WnR">   --->   Core 83 'RAM_1WnR' <Latency = 1> <II = 1> <Delay = 3.25> <Storage> <Opcode : 'load' 'store'> <Ports = 17> <Width = 32> <Depth = 1176> <RAM>
ST_11 : Operation 373 [5/7] (6.44ns)   --->   "%accumulator_assign_s = fadd i32 %accumulator_load, i32 %mul_i5_i2" [D:/lenet_project/handoff/LeNet_DSE_Framework_2022_2/LeNet_DSE_Framework_2022_2/src/lenet_conv.cpp:36]   --->   Operation 373 'fadd' 'accumulator_assign_s' <Predicate = (!icmp_ln59)> <Delay = 6.44> <CoreInst = "FAddSub_fulldsp">   --->   Core 18 'FAddSub_fulldsp' <Latency = 6> <II = 1> <Delay = 6.44> <FuncUnit> <Opcode : 'fadd' 'fsub'> <InPorts = 2> <OutPorts = 1>
ST_11 : Operation 374 [1/4] (5.70ns)   --->   "%mul_i5_i2_3 = fmul i32 %window_3, i32 %bitcast_ln36_51" [D:/lenet_project/handoff/LeNet_DSE_Framework_2022_2/LeNet_DSE_Framework_2022_2/src/lenet_conv.cpp:36]   --->   Operation 374 'fmul' 'mul_i5_i2_3' <Predicate = (!icmp_ln59)> <Delay = 5.70> <CoreInst = "FMul_maxdsp">   --->   Core 30 'FMul_maxdsp' <Latency = 3> <II = 1> <Delay = 5.70> <FuncUnit> <Opcode : 'fmul'> <InPorts = 2> <OutPorts = 1>
ST_11 : Operation 375 [2/4] (5.70ns)   --->   "%mul_i5_i2_4 = fmul i32 %window_4, i32 %bitcast_ln36_52" [D:/lenet_project/handoff/LeNet_DSE_Framework_2022_2/LeNet_DSE_Framework_2022_2/src/lenet_conv.cpp:36]   --->   Operation 375 'fmul' 'mul_i5_i2_4' <Predicate = (!icmp_ln59)> <Delay = 5.70> <CoreInst = "FMul_maxdsp">   --->   Core 30 'FMul_maxdsp' <Latency = 3> <II = 1> <Delay = 5.70> <FuncUnit> <Opcode : 'fmul'> <InPorts = 2> <OutPorts = 1>
ST_11 : Operation 376 [3/4] (5.70ns)   --->   "%mul_i5_i2_5 = fmul i32 %window_5, i32 %bitcast_ln36_53" [D:/lenet_project/handoff/LeNet_DSE_Framework_2022_2/LeNet_DSE_Framework_2022_2/src/lenet_conv.cpp:36]   --->   Operation 376 'fmul' 'mul_i5_i2_5' <Predicate = (!icmp_ln59)> <Delay = 5.70> <CoreInst = "FMul_maxdsp">   --->   Core 30 'FMul_maxdsp' <Latency = 3> <II = 1> <Delay = 5.70> <FuncUnit> <Opcode : 'fmul'> <InPorts = 2> <OutPorts = 1>
ST_11 : Operation 377 [1/1] (0.00ns)   --->   "%bitcast_ln36_54 = bitcast i32 %gmem1_addr_read_54" [D:/lenet_project/handoff/LeNet_DSE_Framework_2022_2/LeNet_DSE_Framework_2022_2/src/lenet_conv.cpp:36]   --->   Operation 377 'bitcast' 'bitcast_ln36_54' <Predicate = (!icmp_ln59)> <Delay = 0.00>
ST_11 : Operation 378 [4/4] (5.70ns)   --->   "%mul_i5_i2_6 = fmul i32 %window_6, i32 %bitcast_ln36_54" [D:/lenet_project/handoff/LeNet_DSE_Framework_2022_2/LeNet_DSE_Framework_2022_2/src/lenet_conv.cpp:36]   --->   Operation 378 'fmul' 'mul_i5_i2_6' <Predicate = (!icmp_ln59)> <Delay = 5.70> <CoreInst = "FMul_maxdsp">   --->   Core 30 'FMul_maxdsp' <Latency = 3> <II = 1> <Delay = 5.70> <FuncUnit> <Opcode : 'fmul'> <InPorts = 2> <OutPorts = 1>
ST_11 : Operation 379 [1/1] (6.57ns)   --->   "%gmem1_addr_read_57 = read i32 @_ssdm_op_Read.m_axi.p1i32, i32 %gmem1_addr" [D:/lenet_project/handoff/LeNet_DSE_Framework_2022_2/LeNet_DSE_Framework_2022_2/src/lenet_conv.cpp:36]   --->   Operation 379 'read' 'gmem1_addr_read_57' <Predicate = (!icmp_ln59)> <Delay = 6.57> <CoreInst = "m_axi">   --->   Core 113 'm_axi' <Latency = 0> <II = 1> <Delay = 1.00> <Adapter> <Opcode : 'read' 'write' 'readreq' 'writereq' 'writeresp'>

State 12 <SV = 11> <Delay = 6.57>
ST_12 : Operation 380 [1/2] (3.25ns)   --->   "%window_16 = load i11 %pool1_output_addr_16" [D:/lenet_project/handoff/LeNet_DSE_Framework_2022_2/LeNet_DSE_Framework_2022_2/src/lenet_conv.cpp:23]   --->   Operation 380 'load' 'window_16' <Predicate = (!icmp_ln59)> <Delay = 3.25> <CoreInst = "RAM_1WnR">   --->   Core 83 'RAM_1WnR' <Latency = 1> <II = 1> <Delay = 3.25> <Storage> <Opcode : 'load' 'store'> <Ports = 17> <Width = 32> <Depth = 1176> <RAM>
ST_12 : Operation 381 [1/2] (3.25ns)   --->   "%window_17 = load i11 %pool1_output_addr_17" [D:/lenet_project/handoff/LeNet_DSE_Framework_2022_2/LeNet_DSE_Framework_2022_2/src/lenet_conv.cpp:23]   --->   Operation 381 'load' 'window_17' <Predicate = (!icmp_ln59)> <Delay = 3.25> <CoreInst = "RAM_1WnR">   --->   Core 83 'RAM_1WnR' <Latency = 1> <II = 1> <Delay = 3.25> <Storage> <Opcode : 'load' 'store'> <Ports = 17> <Width = 32> <Depth = 1176> <RAM>
ST_12 : Operation 382 [1/1] (1.63ns)   --->   "%add_ln21_36 = add i11 %add_ln21_33, i11 3" [D:/lenet_project/handoff/LeNet_DSE_Framework_2022_2/LeNet_DSE_Framework_2022_2/src/lenet_conv.cpp:21]   --->   Operation 382 'add' 'add_ln21_36' <Predicate = (!icmp_ln59)> <Delay = 1.63> <CoreInst = "Adder">   --->   Core 1 'Adder' <Latency = 0> <II = 1> <Delay = 1.63> <FuncUnit> <Opcode : 'add' 'sub'> <InPorts = 2> <OutPorts = 1>
ST_12 : Operation 383 [1/1] (0.00ns)   --->   "%zext_ln23_42 = zext i11 %add_ln21_36" [D:/lenet_project/handoff/LeNet_DSE_Framework_2022_2/LeNet_DSE_Framework_2022_2/src/lenet_conv.cpp:23]   --->   Operation 383 'zext' 'zext_ln23_42' <Predicate = (!icmp_ln59)> <Delay = 0.00>
ST_12 : Operation 384 [1/1] (0.00ns)   --->   "%pool1_output_addr_18 = getelementptr i32 %pool1_output, i64 0, i64 %zext_ln23_42" [D:/lenet_project/handoff/LeNet_DSE_Framework_2022_2/LeNet_DSE_Framework_2022_2/src/lenet_conv.cpp:23]   --->   Operation 384 'getelementptr' 'pool1_output_addr_18' <Predicate = (!icmp_ln59)> <Delay = 0.00>
ST_12 : Operation 385 [2/2] (3.25ns)   --->   "%window_18 = load i11 %pool1_output_addr_18" [D:/lenet_project/handoff/LeNet_DSE_Framework_2022_2/LeNet_DSE_Framework_2022_2/src/lenet_conv.cpp:23]   --->   Operation 385 'load' 'window_18' <Predicate = (!icmp_ln59)> <Delay = 3.25> <CoreInst = "RAM_1WnR">   --->   Core 83 'RAM_1WnR' <Latency = 1> <II = 1> <Delay = 3.25> <Storage> <Opcode : 'load' 'store'> <Ports = 17> <Width = 32> <Depth = 1176> <RAM>
ST_12 : Operation 386 [1/1] (1.63ns)   --->   "%add_ln21_37 = add i11 %add_ln21_33, i11 4" [D:/lenet_project/handoff/LeNet_DSE_Framework_2022_2/LeNet_DSE_Framework_2022_2/src/lenet_conv.cpp:21]   --->   Operation 386 'add' 'add_ln21_37' <Predicate = (!icmp_ln59)> <Delay = 1.63> <CoreInst = "Adder">   --->   Core 1 'Adder' <Latency = 0> <II = 1> <Delay = 1.63> <FuncUnit> <Opcode : 'add' 'sub'> <InPorts = 2> <OutPorts = 1>
ST_12 : Operation 387 [1/1] (0.00ns)   --->   "%zext_ln23_43 = zext i11 %add_ln21_37" [D:/lenet_project/handoff/LeNet_DSE_Framework_2022_2/LeNet_DSE_Framework_2022_2/src/lenet_conv.cpp:23]   --->   Operation 387 'zext' 'zext_ln23_43' <Predicate = (!icmp_ln59)> <Delay = 0.00>
ST_12 : Operation 388 [1/1] (0.00ns)   --->   "%pool1_output_addr_19 = getelementptr i32 %pool1_output, i64 0, i64 %zext_ln23_43" [D:/lenet_project/handoff/LeNet_DSE_Framework_2022_2/LeNet_DSE_Framework_2022_2/src/lenet_conv.cpp:23]   --->   Operation 388 'getelementptr' 'pool1_output_addr_19' <Predicate = (!icmp_ln59)> <Delay = 0.00>
ST_12 : Operation 389 [2/2] (3.25ns)   --->   "%window_19 = load i11 %pool1_output_addr_19" [D:/lenet_project/handoff/LeNet_DSE_Framework_2022_2/LeNet_DSE_Framework_2022_2/src/lenet_conv.cpp:23]   --->   Operation 389 'load' 'window_19' <Predicate = (!icmp_ln59)> <Delay = 3.25> <CoreInst = "RAM_1WnR">   --->   Core 83 'RAM_1WnR' <Latency = 1> <II = 1> <Delay = 3.25> <Storage> <Opcode : 'load' 'store'> <Ports = 17> <Width = 32> <Depth = 1176> <RAM>
ST_12 : Operation 390 [4/7] (6.44ns)   --->   "%accumulator_assign_s = fadd i32 %accumulator_load, i32 %mul_i5_i2" [D:/lenet_project/handoff/LeNet_DSE_Framework_2022_2/LeNet_DSE_Framework_2022_2/src/lenet_conv.cpp:36]   --->   Operation 390 'fadd' 'accumulator_assign_s' <Predicate = (!icmp_ln59)> <Delay = 6.44> <CoreInst = "FAddSub_fulldsp">   --->   Core 18 'FAddSub_fulldsp' <Latency = 6> <II = 1> <Delay = 6.44> <FuncUnit> <Opcode : 'fadd' 'fsub'> <InPorts = 2> <OutPorts = 1>
ST_12 : Operation 391 [1/4] (5.70ns)   --->   "%mul_i5_i2_4 = fmul i32 %window_4, i32 %bitcast_ln36_52" [D:/lenet_project/handoff/LeNet_DSE_Framework_2022_2/LeNet_DSE_Framework_2022_2/src/lenet_conv.cpp:36]   --->   Operation 391 'fmul' 'mul_i5_i2_4' <Predicate = (!icmp_ln59)> <Delay = 5.70> <CoreInst = "FMul_maxdsp">   --->   Core 30 'FMul_maxdsp' <Latency = 3> <II = 1> <Delay = 5.70> <FuncUnit> <Opcode : 'fmul'> <InPorts = 2> <OutPorts = 1>
ST_12 : Operation 392 [2/4] (5.70ns)   --->   "%mul_i5_i2_5 = fmul i32 %window_5, i32 %bitcast_ln36_53" [D:/lenet_project/handoff/LeNet_DSE_Framework_2022_2/LeNet_DSE_Framework_2022_2/src/lenet_conv.cpp:36]   --->   Operation 392 'fmul' 'mul_i5_i2_5' <Predicate = (!icmp_ln59)> <Delay = 5.70> <CoreInst = "FMul_maxdsp">   --->   Core 30 'FMul_maxdsp' <Latency = 3> <II = 1> <Delay = 5.70> <FuncUnit> <Opcode : 'fmul'> <InPorts = 2> <OutPorts = 1>
ST_12 : Operation 393 [3/4] (5.70ns)   --->   "%mul_i5_i2_6 = fmul i32 %window_6, i32 %bitcast_ln36_54" [D:/lenet_project/handoff/LeNet_DSE_Framework_2022_2/LeNet_DSE_Framework_2022_2/src/lenet_conv.cpp:36]   --->   Operation 393 'fmul' 'mul_i5_i2_6' <Predicate = (!icmp_ln59)> <Delay = 5.70> <CoreInst = "FMul_maxdsp">   --->   Core 30 'FMul_maxdsp' <Latency = 3> <II = 1> <Delay = 5.70> <FuncUnit> <Opcode : 'fmul'> <InPorts = 2> <OutPorts = 1>
ST_12 : Operation 394 [1/1] (0.00ns)   --->   "%bitcast_ln36_55 = bitcast i32 %gmem1_addr_read_55" [D:/lenet_project/handoff/LeNet_DSE_Framework_2022_2/LeNet_DSE_Framework_2022_2/src/lenet_conv.cpp:36]   --->   Operation 394 'bitcast' 'bitcast_ln36_55' <Predicate = (!icmp_ln59)> <Delay = 0.00>
ST_12 : Operation 395 [4/4] (5.70ns)   --->   "%mul_i5_i2_7 = fmul i32 %window_7, i32 %bitcast_ln36_55" [D:/lenet_project/handoff/LeNet_DSE_Framework_2022_2/LeNet_DSE_Framework_2022_2/src/lenet_conv.cpp:36]   --->   Operation 395 'fmul' 'mul_i5_i2_7' <Predicate = (!icmp_ln59)> <Delay = 5.70> <CoreInst = "FMul_maxdsp">   --->   Core 30 'FMul_maxdsp' <Latency = 3> <II = 1> <Delay = 5.70> <FuncUnit> <Opcode : 'fmul'> <InPorts = 2> <OutPorts = 1>
ST_12 : Operation 396 [1/1] (6.57ns)   --->   "%gmem1_addr_read_58 = read i32 @_ssdm_op_Read.m_axi.p1i32, i32 %gmem1_addr" [D:/lenet_project/handoff/LeNet_DSE_Framework_2022_2/LeNet_DSE_Framework_2022_2/src/lenet_conv.cpp:36]   --->   Operation 396 'read' 'gmem1_addr_read_58' <Predicate = (!icmp_ln59)> <Delay = 6.57> <CoreInst = "m_axi">   --->   Core 113 'm_axi' <Latency = 0> <II = 1> <Delay = 1.00> <Adapter> <Opcode : 'read' 'write' 'readreq' 'writereq' 'writeresp'>

State 13 <SV = 12> <Delay = 6.57>
ST_13 : Operation 397 [1/2] (3.25ns)   --->   "%window_18 = load i11 %pool1_output_addr_18" [D:/lenet_project/handoff/LeNet_DSE_Framework_2022_2/LeNet_DSE_Framework_2022_2/src/lenet_conv.cpp:23]   --->   Operation 397 'load' 'window_18' <Predicate = (!icmp_ln59)> <Delay = 3.25> <CoreInst = "RAM_1WnR">   --->   Core 83 'RAM_1WnR' <Latency = 1> <II = 1> <Delay = 3.25> <Storage> <Opcode : 'load' 'store'> <Ports = 17> <Width = 32> <Depth = 1176> <RAM>
ST_13 : Operation 398 [1/2] (3.25ns)   --->   "%window_19 = load i11 %pool1_output_addr_19" [D:/lenet_project/handoff/LeNet_DSE_Framework_2022_2/LeNet_DSE_Framework_2022_2/src/lenet_conv.cpp:23]   --->   Operation 398 'load' 'window_19' <Predicate = (!icmp_ln59)> <Delay = 3.25> <CoreInst = "RAM_1WnR">   --->   Core 83 'RAM_1WnR' <Latency = 1> <II = 1> <Delay = 3.25> <Storage> <Opcode : 'load' 'store'> <Ports = 17> <Width = 32> <Depth = 1176> <RAM>
ST_13 : Operation 399 [1/1] (0.00ns)   --->   "%zext_ln23_44 = zext i11 %add_ln21_38" [D:/lenet_project/handoff/LeNet_DSE_Framework_2022_2/LeNet_DSE_Framework_2022_2/src/lenet_conv.cpp:23]   --->   Operation 399 'zext' 'zext_ln23_44' <Predicate = (!icmp_ln59)> <Delay = 0.00>
ST_13 : Operation 400 [1/1] (0.00ns)   --->   "%pool1_output_addr_20 = getelementptr i32 %pool1_output, i64 0, i64 %zext_ln23_44" [D:/lenet_project/handoff/LeNet_DSE_Framework_2022_2/LeNet_DSE_Framework_2022_2/src/lenet_conv.cpp:23]   --->   Operation 400 'getelementptr' 'pool1_output_addr_20' <Predicate = (!icmp_ln59)> <Delay = 0.00>
ST_13 : Operation 401 [2/2] (3.25ns)   --->   "%window_20 = load i11 %pool1_output_addr_20" [D:/lenet_project/handoff/LeNet_DSE_Framework_2022_2/LeNet_DSE_Framework_2022_2/src/lenet_conv.cpp:23]   --->   Operation 401 'load' 'window_20' <Predicate = (!icmp_ln59)> <Delay = 3.25> <CoreInst = "RAM_1WnR">   --->   Core 83 'RAM_1WnR' <Latency = 1> <II = 1> <Delay = 3.25> <Storage> <Opcode : 'load' 'store'> <Ports = 17> <Width = 32> <Depth = 1176> <RAM>
ST_13 : Operation 402 [1/1] (1.63ns)   --->   "%add_ln21_39 = add i11 %add_ln21_38, i11 1" [D:/lenet_project/handoff/LeNet_DSE_Framework_2022_2/LeNet_DSE_Framework_2022_2/src/lenet_conv.cpp:21]   --->   Operation 402 'add' 'add_ln21_39' <Predicate = (!icmp_ln59)> <Delay = 1.63> <CoreInst = "Adder">   --->   Core 1 'Adder' <Latency = 0> <II = 1> <Delay = 1.63> <FuncUnit> <Opcode : 'add' 'sub'> <InPorts = 2> <OutPorts = 1>
ST_13 : Operation 403 [1/1] (0.00ns)   --->   "%zext_ln23_45 = zext i11 %add_ln21_39" [D:/lenet_project/handoff/LeNet_DSE_Framework_2022_2/LeNet_DSE_Framework_2022_2/src/lenet_conv.cpp:23]   --->   Operation 403 'zext' 'zext_ln23_45' <Predicate = (!icmp_ln59)> <Delay = 0.00>
ST_13 : Operation 404 [1/1] (0.00ns)   --->   "%pool1_output_addr_21 = getelementptr i32 %pool1_output, i64 0, i64 %zext_ln23_45" [D:/lenet_project/handoff/LeNet_DSE_Framework_2022_2/LeNet_DSE_Framework_2022_2/src/lenet_conv.cpp:23]   --->   Operation 404 'getelementptr' 'pool1_output_addr_21' <Predicate = (!icmp_ln59)> <Delay = 0.00>
ST_13 : Operation 405 [2/2] (3.25ns)   --->   "%window_21 = load i11 %pool1_output_addr_21" [D:/lenet_project/handoff/LeNet_DSE_Framework_2022_2/LeNet_DSE_Framework_2022_2/src/lenet_conv.cpp:23]   --->   Operation 405 'load' 'window_21' <Predicate = (!icmp_ln59)> <Delay = 3.25> <CoreInst = "RAM_1WnR">   --->   Core 83 'RAM_1WnR' <Latency = 1> <II = 1> <Delay = 3.25> <Storage> <Opcode : 'load' 'store'> <Ports = 17> <Width = 32> <Depth = 1176> <RAM>
ST_13 : Operation 406 [3/7] (6.44ns)   --->   "%accumulator_assign_s = fadd i32 %accumulator_load, i32 %mul_i5_i2" [D:/lenet_project/handoff/LeNet_DSE_Framework_2022_2/LeNet_DSE_Framework_2022_2/src/lenet_conv.cpp:36]   --->   Operation 406 'fadd' 'accumulator_assign_s' <Predicate = (!icmp_ln59)> <Delay = 6.44> <CoreInst = "FAddSub_fulldsp">   --->   Core 18 'FAddSub_fulldsp' <Latency = 6> <II = 1> <Delay = 6.44> <FuncUnit> <Opcode : 'fadd' 'fsub'> <InPorts = 2> <OutPorts = 1>
ST_13 : Operation 407 [1/4] (5.70ns)   --->   "%mul_i5_i2_5 = fmul i32 %window_5, i32 %bitcast_ln36_53" [D:/lenet_project/handoff/LeNet_DSE_Framework_2022_2/LeNet_DSE_Framework_2022_2/src/lenet_conv.cpp:36]   --->   Operation 407 'fmul' 'mul_i5_i2_5' <Predicate = (!icmp_ln59)> <Delay = 5.70> <CoreInst = "FMul_maxdsp">   --->   Core 30 'FMul_maxdsp' <Latency = 3> <II = 1> <Delay = 5.70> <FuncUnit> <Opcode : 'fmul'> <InPorts = 2> <OutPorts = 1>
ST_13 : Operation 408 [2/4] (5.70ns)   --->   "%mul_i5_i2_6 = fmul i32 %window_6, i32 %bitcast_ln36_54" [D:/lenet_project/handoff/LeNet_DSE_Framework_2022_2/LeNet_DSE_Framework_2022_2/src/lenet_conv.cpp:36]   --->   Operation 408 'fmul' 'mul_i5_i2_6' <Predicate = (!icmp_ln59)> <Delay = 5.70> <CoreInst = "FMul_maxdsp">   --->   Core 30 'FMul_maxdsp' <Latency = 3> <II = 1> <Delay = 5.70> <FuncUnit> <Opcode : 'fmul'> <InPorts = 2> <OutPorts = 1>
ST_13 : Operation 409 [3/4] (5.70ns)   --->   "%mul_i5_i2_7 = fmul i32 %window_7, i32 %bitcast_ln36_55" [D:/lenet_project/handoff/LeNet_DSE_Framework_2022_2/LeNet_DSE_Framework_2022_2/src/lenet_conv.cpp:36]   --->   Operation 409 'fmul' 'mul_i5_i2_7' <Predicate = (!icmp_ln59)> <Delay = 5.70> <CoreInst = "FMul_maxdsp">   --->   Core 30 'FMul_maxdsp' <Latency = 3> <II = 1> <Delay = 5.70> <FuncUnit> <Opcode : 'fmul'> <InPorts = 2> <OutPorts = 1>
ST_13 : Operation 410 [1/1] (0.00ns)   --->   "%bitcast_ln36_56 = bitcast i32 %gmem1_addr_read_56" [D:/lenet_project/handoff/LeNet_DSE_Framework_2022_2/LeNet_DSE_Framework_2022_2/src/lenet_conv.cpp:36]   --->   Operation 410 'bitcast' 'bitcast_ln36_56' <Predicate = (!icmp_ln59)> <Delay = 0.00>
ST_13 : Operation 411 [4/4] (5.70ns)   --->   "%mul_i5_i2_8 = fmul i32 %window_8, i32 %bitcast_ln36_56" [D:/lenet_project/handoff/LeNet_DSE_Framework_2022_2/LeNet_DSE_Framework_2022_2/src/lenet_conv.cpp:36]   --->   Operation 411 'fmul' 'mul_i5_i2_8' <Predicate = (!icmp_ln59)> <Delay = 5.70> <CoreInst = "FMul_maxdsp">   --->   Core 30 'FMul_maxdsp' <Latency = 3> <II = 1> <Delay = 5.70> <FuncUnit> <Opcode : 'fmul'> <InPorts = 2> <OutPorts = 1>
ST_13 : Operation 412 [1/1] (6.57ns)   --->   "%gmem1_addr_read_59 = read i32 @_ssdm_op_Read.m_axi.p1i32, i32 %gmem1_addr" [D:/lenet_project/handoff/LeNet_DSE_Framework_2022_2/LeNet_DSE_Framework_2022_2/src/lenet_conv.cpp:36]   --->   Operation 412 'read' 'gmem1_addr_read_59' <Predicate = (!icmp_ln59)> <Delay = 6.57> <CoreInst = "m_axi">   --->   Core 113 'm_axi' <Latency = 0> <II = 1> <Delay = 1.00> <Adapter> <Opcode : 'read' 'write' 'readreq' 'writereq' 'writeresp'>

State 14 <SV = 13> <Delay = 6.57>
ST_14 : Operation 413 [1/2] (3.25ns)   --->   "%window_20 = load i11 %pool1_output_addr_20" [D:/lenet_project/handoff/LeNet_DSE_Framework_2022_2/LeNet_DSE_Framework_2022_2/src/lenet_conv.cpp:23]   --->   Operation 413 'load' 'window_20' <Predicate = (!icmp_ln59)> <Delay = 3.25> <CoreInst = "RAM_1WnR">   --->   Core 83 'RAM_1WnR' <Latency = 1> <II = 1> <Delay = 3.25> <Storage> <Opcode : 'load' 'store'> <Ports = 17> <Width = 32> <Depth = 1176> <RAM>
ST_14 : Operation 414 [1/2] (3.25ns)   --->   "%window_21 = load i11 %pool1_output_addr_21" [D:/lenet_project/handoff/LeNet_DSE_Framework_2022_2/LeNet_DSE_Framework_2022_2/src/lenet_conv.cpp:23]   --->   Operation 414 'load' 'window_21' <Predicate = (!icmp_ln59)> <Delay = 3.25> <CoreInst = "RAM_1WnR">   --->   Core 83 'RAM_1WnR' <Latency = 1> <II = 1> <Delay = 3.25> <Storage> <Opcode : 'load' 'store'> <Ports = 17> <Width = 32> <Depth = 1176> <RAM>
ST_14 : Operation 415 [1/1] (1.63ns)   --->   "%add_ln21_40 = add i11 %add_ln21_38, i11 2" [D:/lenet_project/handoff/LeNet_DSE_Framework_2022_2/LeNet_DSE_Framework_2022_2/src/lenet_conv.cpp:21]   --->   Operation 415 'add' 'add_ln21_40' <Predicate = (!icmp_ln59)> <Delay = 1.63> <CoreInst = "Adder">   --->   Core 1 'Adder' <Latency = 0> <II = 1> <Delay = 1.63> <FuncUnit> <Opcode : 'add' 'sub'> <InPorts = 2> <OutPorts = 1>
ST_14 : Operation 416 [1/1] (0.00ns)   --->   "%zext_ln23_46 = zext i11 %add_ln21_40" [D:/lenet_project/handoff/LeNet_DSE_Framework_2022_2/LeNet_DSE_Framework_2022_2/src/lenet_conv.cpp:23]   --->   Operation 416 'zext' 'zext_ln23_46' <Predicate = (!icmp_ln59)> <Delay = 0.00>
ST_14 : Operation 417 [1/1] (0.00ns)   --->   "%pool1_output_addr_22 = getelementptr i32 %pool1_output, i64 0, i64 %zext_ln23_46" [D:/lenet_project/handoff/LeNet_DSE_Framework_2022_2/LeNet_DSE_Framework_2022_2/src/lenet_conv.cpp:23]   --->   Operation 417 'getelementptr' 'pool1_output_addr_22' <Predicate = (!icmp_ln59)> <Delay = 0.00>
ST_14 : Operation 418 [2/2] (3.25ns)   --->   "%window_22 = load i11 %pool1_output_addr_22" [D:/lenet_project/handoff/LeNet_DSE_Framework_2022_2/LeNet_DSE_Framework_2022_2/src/lenet_conv.cpp:23]   --->   Operation 418 'load' 'window_22' <Predicate = (!icmp_ln59)> <Delay = 3.25> <CoreInst = "RAM_1WnR">   --->   Core 83 'RAM_1WnR' <Latency = 1> <II = 1> <Delay = 3.25> <Storage> <Opcode : 'load' 'store'> <Ports = 17> <Width = 32> <Depth = 1176> <RAM>
ST_14 : Operation 419 [1/1] (1.63ns)   --->   "%add_ln21_41 = add i11 %add_ln21_38, i11 3" [D:/lenet_project/handoff/LeNet_DSE_Framework_2022_2/LeNet_DSE_Framework_2022_2/src/lenet_conv.cpp:21]   --->   Operation 419 'add' 'add_ln21_41' <Predicate = (!icmp_ln59)> <Delay = 1.63> <CoreInst = "Adder">   --->   Core 1 'Adder' <Latency = 0> <II = 1> <Delay = 1.63> <FuncUnit> <Opcode : 'add' 'sub'> <InPorts = 2> <OutPorts = 1>
ST_14 : Operation 420 [1/1] (0.00ns)   --->   "%zext_ln23_47 = zext i11 %add_ln21_41" [D:/lenet_project/handoff/LeNet_DSE_Framework_2022_2/LeNet_DSE_Framework_2022_2/src/lenet_conv.cpp:23]   --->   Operation 420 'zext' 'zext_ln23_47' <Predicate = (!icmp_ln59)> <Delay = 0.00>
ST_14 : Operation 421 [1/1] (0.00ns)   --->   "%pool1_output_addr_23 = getelementptr i32 %pool1_output, i64 0, i64 %zext_ln23_47" [D:/lenet_project/handoff/LeNet_DSE_Framework_2022_2/LeNet_DSE_Framework_2022_2/src/lenet_conv.cpp:23]   --->   Operation 421 'getelementptr' 'pool1_output_addr_23' <Predicate = (!icmp_ln59)> <Delay = 0.00>
ST_14 : Operation 422 [2/2] (3.25ns)   --->   "%window_23 = load i11 %pool1_output_addr_23" [D:/lenet_project/handoff/LeNet_DSE_Framework_2022_2/LeNet_DSE_Framework_2022_2/src/lenet_conv.cpp:23]   --->   Operation 422 'load' 'window_23' <Predicate = (!icmp_ln59)> <Delay = 3.25> <CoreInst = "RAM_1WnR">   --->   Core 83 'RAM_1WnR' <Latency = 1> <II = 1> <Delay = 3.25> <Storage> <Opcode : 'load' 'store'> <Ports = 17> <Width = 32> <Depth = 1176> <RAM>
ST_14 : Operation 423 [2/7] (6.44ns)   --->   "%accumulator_assign_s = fadd i32 %accumulator_load, i32 %mul_i5_i2" [D:/lenet_project/handoff/LeNet_DSE_Framework_2022_2/LeNet_DSE_Framework_2022_2/src/lenet_conv.cpp:36]   --->   Operation 423 'fadd' 'accumulator_assign_s' <Predicate = (!icmp_ln59)> <Delay = 6.44> <CoreInst = "FAddSub_fulldsp">   --->   Core 18 'FAddSub_fulldsp' <Latency = 6> <II = 1> <Delay = 6.44> <FuncUnit> <Opcode : 'fadd' 'fsub'> <InPorts = 2> <OutPorts = 1>
ST_14 : Operation 424 [1/4] (5.70ns)   --->   "%mul_i5_i2_6 = fmul i32 %window_6, i32 %bitcast_ln36_54" [D:/lenet_project/handoff/LeNet_DSE_Framework_2022_2/LeNet_DSE_Framework_2022_2/src/lenet_conv.cpp:36]   --->   Operation 424 'fmul' 'mul_i5_i2_6' <Predicate = (!icmp_ln59)> <Delay = 5.70> <CoreInst = "FMul_maxdsp">   --->   Core 30 'FMul_maxdsp' <Latency = 3> <II = 1> <Delay = 5.70> <FuncUnit> <Opcode : 'fmul'> <InPorts = 2> <OutPorts = 1>
ST_14 : Operation 425 [2/4] (5.70ns)   --->   "%mul_i5_i2_7 = fmul i32 %window_7, i32 %bitcast_ln36_55" [D:/lenet_project/handoff/LeNet_DSE_Framework_2022_2/LeNet_DSE_Framework_2022_2/src/lenet_conv.cpp:36]   --->   Operation 425 'fmul' 'mul_i5_i2_7' <Predicate = (!icmp_ln59)> <Delay = 5.70> <CoreInst = "FMul_maxdsp">   --->   Core 30 'FMul_maxdsp' <Latency = 3> <II = 1> <Delay = 5.70> <FuncUnit> <Opcode : 'fmul'> <InPorts = 2> <OutPorts = 1>
ST_14 : Operation 426 [3/4] (5.70ns)   --->   "%mul_i5_i2_8 = fmul i32 %window_8, i32 %bitcast_ln36_56" [D:/lenet_project/handoff/LeNet_DSE_Framework_2022_2/LeNet_DSE_Framework_2022_2/src/lenet_conv.cpp:36]   --->   Operation 426 'fmul' 'mul_i5_i2_8' <Predicate = (!icmp_ln59)> <Delay = 5.70> <CoreInst = "FMul_maxdsp">   --->   Core 30 'FMul_maxdsp' <Latency = 3> <II = 1> <Delay = 5.70> <FuncUnit> <Opcode : 'fmul'> <InPorts = 2> <OutPorts = 1>
ST_14 : Operation 427 [1/1] (0.00ns)   --->   "%bitcast_ln36_57 = bitcast i32 %gmem1_addr_read_57" [D:/lenet_project/handoff/LeNet_DSE_Framework_2022_2/LeNet_DSE_Framework_2022_2/src/lenet_conv.cpp:36]   --->   Operation 427 'bitcast' 'bitcast_ln36_57' <Predicate = (!icmp_ln59)> <Delay = 0.00>
ST_14 : Operation 428 [4/4] (5.70ns)   --->   "%mul_i5_i2_9 = fmul i32 %window_9, i32 %bitcast_ln36_57" [D:/lenet_project/handoff/LeNet_DSE_Framework_2022_2/LeNet_DSE_Framework_2022_2/src/lenet_conv.cpp:36]   --->   Operation 428 'fmul' 'mul_i5_i2_9' <Predicate = (!icmp_ln59)> <Delay = 5.70> <CoreInst = "FMul_maxdsp">   --->   Core 30 'FMul_maxdsp' <Latency = 3> <II = 1> <Delay = 5.70> <FuncUnit> <Opcode : 'fmul'> <InPorts = 2> <OutPorts = 1>
ST_14 : Operation 429 [1/1] (6.57ns)   --->   "%gmem1_addr_read_60 = read i32 @_ssdm_op_Read.m_axi.p1i32, i32 %gmem1_addr" [D:/lenet_project/handoff/LeNet_DSE_Framework_2022_2/LeNet_DSE_Framework_2022_2/src/lenet_conv.cpp:36]   --->   Operation 429 'read' 'gmem1_addr_read_60' <Predicate = (!icmp_ln59)> <Delay = 6.57> <CoreInst = "m_axi">   --->   Core 113 'm_axi' <Latency = 0> <II = 1> <Delay = 1.00> <Adapter> <Opcode : 'read' 'write' 'readreq' 'writereq' 'writeresp'>

State 15 <SV = 14> <Delay = 6.57>
ST_15 : Operation 430 [1/2] (3.25ns)   --->   "%window_22 = load i11 %pool1_output_addr_22" [D:/lenet_project/handoff/LeNet_DSE_Framework_2022_2/LeNet_DSE_Framework_2022_2/src/lenet_conv.cpp:23]   --->   Operation 430 'load' 'window_22' <Predicate = (!icmp_ln59)> <Delay = 3.25> <CoreInst = "RAM_1WnR">   --->   Core 83 'RAM_1WnR' <Latency = 1> <II = 1> <Delay = 3.25> <Storage> <Opcode : 'load' 'store'> <Ports = 17> <Width = 32> <Depth = 1176> <RAM>
ST_15 : Operation 431 [1/2] (3.25ns)   --->   "%window_23 = load i11 %pool1_output_addr_23" [D:/lenet_project/handoff/LeNet_DSE_Framework_2022_2/LeNet_DSE_Framework_2022_2/src/lenet_conv.cpp:23]   --->   Operation 431 'load' 'window_23' <Predicate = (!icmp_ln59)> <Delay = 3.25> <CoreInst = "RAM_1WnR">   --->   Core 83 'RAM_1WnR' <Latency = 1> <II = 1> <Delay = 3.25> <Storage> <Opcode : 'load' 'store'> <Ports = 17> <Width = 32> <Depth = 1176> <RAM>
ST_15 : Operation 432 [1/1] (1.63ns)   --->   "%add_ln21_42 = add i11 %add_ln21_38, i11 4" [D:/lenet_project/handoff/LeNet_DSE_Framework_2022_2/LeNet_DSE_Framework_2022_2/src/lenet_conv.cpp:21]   --->   Operation 432 'add' 'add_ln21_42' <Predicate = (!icmp_ln59)> <Delay = 1.63> <CoreInst = "Adder">   --->   Core 1 'Adder' <Latency = 0> <II = 1> <Delay = 1.63> <FuncUnit> <Opcode : 'add' 'sub'> <InPorts = 2> <OutPorts = 1>
ST_15 : Operation 433 [1/1] (0.00ns)   --->   "%zext_ln23_48 = zext i11 %add_ln21_42" [D:/lenet_project/handoff/LeNet_DSE_Framework_2022_2/LeNet_DSE_Framework_2022_2/src/lenet_conv.cpp:23]   --->   Operation 433 'zext' 'zext_ln23_48' <Predicate = (!icmp_ln59)> <Delay = 0.00>
ST_15 : Operation 434 [1/1] (0.00ns)   --->   "%pool1_output_addr_24 = getelementptr i32 %pool1_output, i64 0, i64 %zext_ln23_48" [D:/lenet_project/handoff/LeNet_DSE_Framework_2022_2/LeNet_DSE_Framework_2022_2/src/lenet_conv.cpp:23]   --->   Operation 434 'getelementptr' 'pool1_output_addr_24' <Predicate = (!icmp_ln59)> <Delay = 0.00>
ST_15 : Operation 435 [2/2] (3.25ns)   --->   "%window_24 = load i11 %pool1_output_addr_24" [D:/lenet_project/handoff/LeNet_DSE_Framework_2022_2/LeNet_DSE_Framework_2022_2/src/lenet_conv.cpp:23]   --->   Operation 435 'load' 'window_24' <Predicate = (!icmp_ln59)> <Delay = 3.25> <CoreInst = "RAM_1WnR">   --->   Core 83 'RAM_1WnR' <Latency = 1> <II = 1> <Delay = 3.25> <Storage> <Opcode : 'load' 'store'> <Ports = 17> <Width = 32> <Depth = 1176> <RAM>
ST_15 : Operation 436 [1/7] (6.44ns)   --->   "%accumulator_assign_s = fadd i32 %accumulator_load, i32 %mul_i5_i2" [D:/lenet_project/handoff/LeNet_DSE_Framework_2022_2/LeNet_DSE_Framework_2022_2/src/lenet_conv.cpp:36]   --->   Operation 436 'fadd' 'accumulator_assign_s' <Predicate = (!icmp_ln59)> <Delay = 6.44> <CoreInst = "FAddSub_fulldsp">   --->   Core 18 'FAddSub_fulldsp' <Latency = 6> <II = 1> <Delay = 6.44> <FuncUnit> <Opcode : 'fadd' 'fsub'> <InPorts = 2> <OutPorts = 1>
ST_15 : Operation 437 [1/4] (5.70ns)   --->   "%mul_i5_i2_7 = fmul i32 %window_7, i32 %bitcast_ln36_55" [D:/lenet_project/handoff/LeNet_DSE_Framework_2022_2/LeNet_DSE_Framework_2022_2/src/lenet_conv.cpp:36]   --->   Operation 437 'fmul' 'mul_i5_i2_7' <Predicate = (!icmp_ln59)> <Delay = 5.70> <CoreInst = "FMul_maxdsp">   --->   Core 30 'FMul_maxdsp' <Latency = 3> <II = 1> <Delay = 5.70> <FuncUnit> <Opcode : 'fmul'> <InPorts = 2> <OutPorts = 1>
ST_15 : Operation 438 [2/4] (5.70ns)   --->   "%mul_i5_i2_8 = fmul i32 %window_8, i32 %bitcast_ln36_56" [D:/lenet_project/handoff/LeNet_DSE_Framework_2022_2/LeNet_DSE_Framework_2022_2/src/lenet_conv.cpp:36]   --->   Operation 438 'fmul' 'mul_i5_i2_8' <Predicate = (!icmp_ln59)> <Delay = 5.70> <CoreInst = "FMul_maxdsp">   --->   Core 30 'FMul_maxdsp' <Latency = 3> <II = 1> <Delay = 5.70> <FuncUnit> <Opcode : 'fmul'> <InPorts = 2> <OutPorts = 1>
ST_15 : Operation 439 [3/4] (5.70ns)   --->   "%mul_i5_i2_9 = fmul i32 %window_9, i32 %bitcast_ln36_57" [D:/lenet_project/handoff/LeNet_DSE_Framework_2022_2/LeNet_DSE_Framework_2022_2/src/lenet_conv.cpp:36]   --->   Operation 439 'fmul' 'mul_i5_i2_9' <Predicate = (!icmp_ln59)> <Delay = 5.70> <CoreInst = "FMul_maxdsp">   --->   Core 30 'FMul_maxdsp' <Latency = 3> <II = 1> <Delay = 5.70> <FuncUnit> <Opcode : 'fmul'> <InPorts = 2> <OutPorts = 1>
ST_15 : Operation 440 [1/1] (0.00ns)   --->   "%bitcast_ln36_58 = bitcast i32 %gmem1_addr_read_58" [D:/lenet_project/handoff/LeNet_DSE_Framework_2022_2/LeNet_DSE_Framework_2022_2/src/lenet_conv.cpp:36]   --->   Operation 440 'bitcast' 'bitcast_ln36_58' <Predicate = (!icmp_ln59)> <Delay = 0.00>
ST_15 : Operation 441 [4/4] (5.70ns)   --->   "%mul_i5_i2_s = fmul i32 %window_10, i32 %bitcast_ln36_58" [D:/lenet_project/handoff/LeNet_DSE_Framework_2022_2/LeNet_DSE_Framework_2022_2/src/lenet_conv.cpp:36]   --->   Operation 441 'fmul' 'mul_i5_i2_s' <Predicate = (!icmp_ln59)> <Delay = 5.70> <CoreInst = "FMul_maxdsp">   --->   Core 30 'FMul_maxdsp' <Latency = 3> <II = 1> <Delay = 5.70> <FuncUnit> <Opcode : 'fmul'> <InPorts = 2> <OutPorts = 1>
ST_15 : Operation 442 [1/1] (6.57ns)   --->   "%gmem1_addr_read_61 = read i32 @_ssdm_op_Read.m_axi.p1i32, i32 %gmem1_addr" [D:/lenet_project/handoff/LeNet_DSE_Framework_2022_2/LeNet_DSE_Framework_2022_2/src/lenet_conv.cpp:36]   --->   Operation 442 'read' 'gmem1_addr_read_61' <Predicate = (!icmp_ln59)> <Delay = 6.57> <CoreInst = "m_axi">   --->   Core 113 'm_axi' <Latency = 0> <II = 1> <Delay = 1.00> <Adapter> <Opcode : 'read' 'write' 'readreq' 'writereq' 'writeresp'>

State 16 <SV = 15> <Delay = 6.57>
ST_16 : Operation 443 [1/2] (3.25ns)   --->   "%window_24 = load i11 %pool1_output_addr_24" [D:/lenet_project/handoff/LeNet_DSE_Framework_2022_2/LeNet_DSE_Framework_2022_2/src/lenet_conv.cpp:23]   --->   Operation 443 'load' 'window_24' <Predicate = (!icmp_ln59)> <Delay = 3.25> <CoreInst = "RAM_1WnR">   --->   Core 83 'RAM_1WnR' <Latency = 1> <II = 1> <Delay = 3.25> <Storage> <Opcode : 'load' 'store'> <Ports = 17> <Width = 32> <Depth = 1176> <RAM>
ST_16 : Operation 444 [7/7] (6.44ns)   --->   "%accumulator_assign_10_1 = fadd i32 %accumulator_assign_s, i32 %mul_i5_i2_1" [D:/lenet_project/handoff/LeNet_DSE_Framework_2022_2/LeNet_DSE_Framework_2022_2/src/lenet_conv.cpp:36]   --->   Operation 444 'fadd' 'accumulator_assign_10_1' <Predicate = (!icmp_ln59)> <Delay = 6.44> <CoreInst = "FAddSub_fulldsp">   --->   Core 18 'FAddSub_fulldsp' <Latency = 6> <II = 1> <Delay = 6.44> <FuncUnit> <Opcode : 'fadd' 'fsub'> <InPorts = 2> <OutPorts = 1>
ST_16 : Operation 445 [1/4] (5.70ns)   --->   "%mul_i5_i2_8 = fmul i32 %window_8, i32 %bitcast_ln36_56" [D:/lenet_project/handoff/LeNet_DSE_Framework_2022_2/LeNet_DSE_Framework_2022_2/src/lenet_conv.cpp:36]   --->   Operation 445 'fmul' 'mul_i5_i2_8' <Predicate = (!icmp_ln59)> <Delay = 5.70> <CoreInst = "FMul_maxdsp">   --->   Core 30 'FMul_maxdsp' <Latency = 3> <II = 1> <Delay = 5.70> <FuncUnit> <Opcode : 'fmul'> <InPorts = 2> <OutPorts = 1>
ST_16 : Operation 446 [2/4] (5.70ns)   --->   "%mul_i5_i2_9 = fmul i32 %window_9, i32 %bitcast_ln36_57" [D:/lenet_project/handoff/LeNet_DSE_Framework_2022_2/LeNet_DSE_Framework_2022_2/src/lenet_conv.cpp:36]   --->   Operation 446 'fmul' 'mul_i5_i2_9' <Predicate = (!icmp_ln59)> <Delay = 5.70> <CoreInst = "FMul_maxdsp">   --->   Core 30 'FMul_maxdsp' <Latency = 3> <II = 1> <Delay = 5.70> <FuncUnit> <Opcode : 'fmul'> <InPorts = 2> <OutPorts = 1>
ST_16 : Operation 447 [3/4] (5.70ns)   --->   "%mul_i5_i2_s = fmul i32 %window_10, i32 %bitcast_ln36_58" [D:/lenet_project/handoff/LeNet_DSE_Framework_2022_2/LeNet_DSE_Framework_2022_2/src/lenet_conv.cpp:36]   --->   Operation 447 'fmul' 'mul_i5_i2_s' <Predicate = (!icmp_ln59)> <Delay = 5.70> <CoreInst = "FMul_maxdsp">   --->   Core 30 'FMul_maxdsp' <Latency = 3> <II = 1> <Delay = 5.70> <FuncUnit> <Opcode : 'fmul'> <InPorts = 2> <OutPorts = 1>
ST_16 : Operation 448 [1/1] (0.00ns)   --->   "%bitcast_ln36_59 = bitcast i32 %gmem1_addr_read_59" [D:/lenet_project/handoff/LeNet_DSE_Framework_2022_2/LeNet_DSE_Framework_2022_2/src/lenet_conv.cpp:36]   --->   Operation 448 'bitcast' 'bitcast_ln36_59' <Predicate = (!icmp_ln59)> <Delay = 0.00>
ST_16 : Operation 449 [4/4] (5.70ns)   --->   "%mul_i5_i2_10 = fmul i32 %window_11, i32 %bitcast_ln36_59" [D:/lenet_project/handoff/LeNet_DSE_Framework_2022_2/LeNet_DSE_Framework_2022_2/src/lenet_conv.cpp:36]   --->   Operation 449 'fmul' 'mul_i5_i2_10' <Predicate = (!icmp_ln59)> <Delay = 5.70> <CoreInst = "FMul_maxdsp">   --->   Core 30 'FMul_maxdsp' <Latency = 3> <II = 1> <Delay = 5.70> <FuncUnit> <Opcode : 'fmul'> <InPorts = 2> <OutPorts = 1>
ST_16 : Operation 450 [1/1] (6.57ns)   --->   "%gmem1_addr_read_62 = read i32 @_ssdm_op_Read.m_axi.p1i32, i32 %gmem1_addr" [D:/lenet_project/handoff/LeNet_DSE_Framework_2022_2/LeNet_DSE_Framework_2022_2/src/lenet_conv.cpp:36]   --->   Operation 450 'read' 'gmem1_addr_read_62' <Predicate = (!icmp_ln59)> <Delay = 6.57> <CoreInst = "m_axi">   --->   Core 113 'm_axi' <Latency = 0> <II = 1> <Delay = 1.00> <Adapter> <Opcode : 'read' 'write' 'readreq' 'writereq' 'writeresp'>

State 17 <SV = 16> <Delay = 6.57>
ST_17 : Operation 451 [6/7] (6.44ns)   --->   "%accumulator_assign_10_1 = fadd i32 %accumulator_assign_s, i32 %mul_i5_i2_1" [D:/lenet_project/handoff/LeNet_DSE_Framework_2022_2/LeNet_DSE_Framework_2022_2/src/lenet_conv.cpp:36]   --->   Operation 451 'fadd' 'accumulator_assign_10_1' <Predicate = (!icmp_ln59)> <Delay = 6.44> <CoreInst = "FAddSub_fulldsp">   --->   Core 18 'FAddSub_fulldsp' <Latency = 6> <II = 1> <Delay = 6.44> <FuncUnit> <Opcode : 'fadd' 'fsub'> <InPorts = 2> <OutPorts = 1>
ST_17 : Operation 452 [1/4] (5.70ns)   --->   "%mul_i5_i2_9 = fmul i32 %window_9, i32 %bitcast_ln36_57" [D:/lenet_project/handoff/LeNet_DSE_Framework_2022_2/LeNet_DSE_Framework_2022_2/src/lenet_conv.cpp:36]   --->   Operation 452 'fmul' 'mul_i5_i2_9' <Predicate = (!icmp_ln59)> <Delay = 5.70> <CoreInst = "FMul_maxdsp">   --->   Core 30 'FMul_maxdsp' <Latency = 3> <II = 1> <Delay = 5.70> <FuncUnit> <Opcode : 'fmul'> <InPorts = 2> <OutPorts = 1>
ST_17 : Operation 453 [2/4] (5.70ns)   --->   "%mul_i5_i2_s = fmul i32 %window_10, i32 %bitcast_ln36_58" [D:/lenet_project/handoff/LeNet_DSE_Framework_2022_2/LeNet_DSE_Framework_2022_2/src/lenet_conv.cpp:36]   --->   Operation 453 'fmul' 'mul_i5_i2_s' <Predicate = (!icmp_ln59)> <Delay = 5.70> <CoreInst = "FMul_maxdsp">   --->   Core 30 'FMul_maxdsp' <Latency = 3> <II = 1> <Delay = 5.70> <FuncUnit> <Opcode : 'fmul'> <InPorts = 2> <OutPorts = 1>
ST_17 : Operation 454 [3/4] (5.70ns)   --->   "%mul_i5_i2_10 = fmul i32 %window_11, i32 %bitcast_ln36_59" [D:/lenet_project/handoff/LeNet_DSE_Framework_2022_2/LeNet_DSE_Framework_2022_2/src/lenet_conv.cpp:36]   --->   Operation 454 'fmul' 'mul_i5_i2_10' <Predicate = (!icmp_ln59)> <Delay = 5.70> <CoreInst = "FMul_maxdsp">   --->   Core 30 'FMul_maxdsp' <Latency = 3> <II = 1> <Delay = 5.70> <FuncUnit> <Opcode : 'fmul'> <InPorts = 2> <OutPorts = 1>
ST_17 : Operation 455 [1/1] (0.00ns)   --->   "%bitcast_ln36_60 = bitcast i32 %gmem1_addr_read_60" [D:/lenet_project/handoff/LeNet_DSE_Framework_2022_2/LeNet_DSE_Framework_2022_2/src/lenet_conv.cpp:36]   --->   Operation 455 'bitcast' 'bitcast_ln36_60' <Predicate = (!icmp_ln59)> <Delay = 0.00>
ST_17 : Operation 456 [4/4] (5.70ns)   --->   "%mul_i5_i2_11 = fmul i32 %window_12, i32 %bitcast_ln36_60" [D:/lenet_project/handoff/LeNet_DSE_Framework_2022_2/LeNet_DSE_Framework_2022_2/src/lenet_conv.cpp:36]   --->   Operation 456 'fmul' 'mul_i5_i2_11' <Predicate = (!icmp_ln59)> <Delay = 5.70> <CoreInst = "FMul_maxdsp">   --->   Core 30 'FMul_maxdsp' <Latency = 3> <II = 1> <Delay = 5.70> <FuncUnit> <Opcode : 'fmul'> <InPorts = 2> <OutPorts = 1>
ST_17 : Operation 457 [1/1] (6.57ns)   --->   "%gmem1_addr_read_63 = read i32 @_ssdm_op_Read.m_axi.p1i32, i32 %gmem1_addr" [D:/lenet_project/handoff/LeNet_DSE_Framework_2022_2/LeNet_DSE_Framework_2022_2/src/lenet_conv.cpp:36]   --->   Operation 457 'read' 'gmem1_addr_read_63' <Predicate = (!icmp_ln59)> <Delay = 6.57> <CoreInst = "m_axi">   --->   Core 113 'm_axi' <Latency = 0> <II = 1> <Delay = 1.00> <Adapter> <Opcode : 'read' 'write' 'readreq' 'writereq' 'writeresp'>

State 18 <SV = 17> <Delay = 6.57>
ST_18 : Operation 458 [5/7] (6.44ns)   --->   "%accumulator_assign_10_1 = fadd i32 %accumulator_assign_s, i32 %mul_i5_i2_1" [D:/lenet_project/handoff/LeNet_DSE_Framework_2022_2/LeNet_DSE_Framework_2022_2/src/lenet_conv.cpp:36]   --->   Operation 458 'fadd' 'accumulator_assign_10_1' <Predicate = (!icmp_ln59)> <Delay = 6.44> <CoreInst = "FAddSub_fulldsp">   --->   Core 18 'FAddSub_fulldsp' <Latency = 6> <II = 1> <Delay = 6.44> <FuncUnit> <Opcode : 'fadd' 'fsub'> <InPorts = 2> <OutPorts = 1>
ST_18 : Operation 459 [1/4] (5.70ns)   --->   "%mul_i5_i2_s = fmul i32 %window_10, i32 %bitcast_ln36_58" [D:/lenet_project/handoff/LeNet_DSE_Framework_2022_2/LeNet_DSE_Framework_2022_2/src/lenet_conv.cpp:36]   --->   Operation 459 'fmul' 'mul_i5_i2_s' <Predicate = (!icmp_ln59)> <Delay = 5.70> <CoreInst = "FMul_maxdsp">   --->   Core 30 'FMul_maxdsp' <Latency = 3> <II = 1> <Delay = 5.70> <FuncUnit> <Opcode : 'fmul'> <InPorts = 2> <OutPorts = 1>
ST_18 : Operation 460 [2/4] (5.70ns)   --->   "%mul_i5_i2_10 = fmul i32 %window_11, i32 %bitcast_ln36_59" [D:/lenet_project/handoff/LeNet_DSE_Framework_2022_2/LeNet_DSE_Framework_2022_2/src/lenet_conv.cpp:36]   --->   Operation 460 'fmul' 'mul_i5_i2_10' <Predicate = (!icmp_ln59)> <Delay = 5.70> <CoreInst = "FMul_maxdsp">   --->   Core 30 'FMul_maxdsp' <Latency = 3> <II = 1> <Delay = 5.70> <FuncUnit> <Opcode : 'fmul'> <InPorts = 2> <OutPorts = 1>
ST_18 : Operation 461 [3/4] (5.70ns)   --->   "%mul_i5_i2_11 = fmul i32 %window_12, i32 %bitcast_ln36_60" [D:/lenet_project/handoff/LeNet_DSE_Framework_2022_2/LeNet_DSE_Framework_2022_2/src/lenet_conv.cpp:36]   --->   Operation 461 'fmul' 'mul_i5_i2_11' <Predicate = (!icmp_ln59)> <Delay = 5.70> <CoreInst = "FMul_maxdsp">   --->   Core 30 'FMul_maxdsp' <Latency = 3> <II = 1> <Delay = 5.70> <FuncUnit> <Opcode : 'fmul'> <InPorts = 2> <OutPorts = 1>
ST_18 : Operation 462 [1/1] (0.00ns)   --->   "%bitcast_ln36_61 = bitcast i32 %gmem1_addr_read_61" [D:/lenet_project/handoff/LeNet_DSE_Framework_2022_2/LeNet_DSE_Framework_2022_2/src/lenet_conv.cpp:36]   --->   Operation 462 'bitcast' 'bitcast_ln36_61' <Predicate = (!icmp_ln59)> <Delay = 0.00>
ST_18 : Operation 463 [4/4] (5.70ns)   --->   "%mul_i5_i2_12 = fmul i32 %window_13, i32 %bitcast_ln36_61" [D:/lenet_project/handoff/LeNet_DSE_Framework_2022_2/LeNet_DSE_Framework_2022_2/src/lenet_conv.cpp:36]   --->   Operation 463 'fmul' 'mul_i5_i2_12' <Predicate = (!icmp_ln59)> <Delay = 5.70> <CoreInst = "FMul_maxdsp">   --->   Core 30 'FMul_maxdsp' <Latency = 3> <II = 1> <Delay = 5.70> <FuncUnit> <Opcode : 'fmul'> <InPorts = 2> <OutPorts = 1>
ST_18 : Operation 464 [1/1] (6.57ns)   --->   "%gmem1_addr_read_64 = read i32 @_ssdm_op_Read.m_axi.p1i32, i32 %gmem1_addr" [D:/lenet_project/handoff/LeNet_DSE_Framework_2022_2/LeNet_DSE_Framework_2022_2/src/lenet_conv.cpp:36]   --->   Operation 464 'read' 'gmem1_addr_read_64' <Predicate = (!icmp_ln59)> <Delay = 6.57> <CoreInst = "m_axi">   --->   Core 113 'm_axi' <Latency = 0> <II = 1> <Delay = 1.00> <Adapter> <Opcode : 'read' 'write' 'readreq' 'writereq' 'writeresp'>

State 19 <SV = 18> <Delay = 6.57>
ST_19 : Operation 465 [4/7] (6.44ns)   --->   "%accumulator_assign_10_1 = fadd i32 %accumulator_assign_s, i32 %mul_i5_i2_1" [D:/lenet_project/handoff/LeNet_DSE_Framework_2022_2/LeNet_DSE_Framework_2022_2/src/lenet_conv.cpp:36]   --->   Operation 465 'fadd' 'accumulator_assign_10_1' <Predicate = (!icmp_ln59)> <Delay = 6.44> <CoreInst = "FAddSub_fulldsp">   --->   Core 18 'FAddSub_fulldsp' <Latency = 6> <II = 1> <Delay = 6.44> <FuncUnit> <Opcode : 'fadd' 'fsub'> <InPorts = 2> <OutPorts = 1>
ST_19 : Operation 466 [1/4] (5.70ns)   --->   "%mul_i5_i2_10 = fmul i32 %window_11, i32 %bitcast_ln36_59" [D:/lenet_project/handoff/LeNet_DSE_Framework_2022_2/LeNet_DSE_Framework_2022_2/src/lenet_conv.cpp:36]   --->   Operation 466 'fmul' 'mul_i5_i2_10' <Predicate = (!icmp_ln59)> <Delay = 5.70> <CoreInst = "FMul_maxdsp">   --->   Core 30 'FMul_maxdsp' <Latency = 3> <II = 1> <Delay = 5.70> <FuncUnit> <Opcode : 'fmul'> <InPorts = 2> <OutPorts = 1>
ST_19 : Operation 467 [2/4] (5.70ns)   --->   "%mul_i5_i2_11 = fmul i32 %window_12, i32 %bitcast_ln36_60" [D:/lenet_project/handoff/LeNet_DSE_Framework_2022_2/LeNet_DSE_Framework_2022_2/src/lenet_conv.cpp:36]   --->   Operation 467 'fmul' 'mul_i5_i2_11' <Predicate = (!icmp_ln59)> <Delay = 5.70> <CoreInst = "FMul_maxdsp">   --->   Core 30 'FMul_maxdsp' <Latency = 3> <II = 1> <Delay = 5.70> <FuncUnit> <Opcode : 'fmul'> <InPorts = 2> <OutPorts = 1>
ST_19 : Operation 468 [3/4] (5.70ns)   --->   "%mul_i5_i2_12 = fmul i32 %window_13, i32 %bitcast_ln36_61" [D:/lenet_project/handoff/LeNet_DSE_Framework_2022_2/LeNet_DSE_Framework_2022_2/src/lenet_conv.cpp:36]   --->   Operation 468 'fmul' 'mul_i5_i2_12' <Predicate = (!icmp_ln59)> <Delay = 5.70> <CoreInst = "FMul_maxdsp">   --->   Core 30 'FMul_maxdsp' <Latency = 3> <II = 1> <Delay = 5.70> <FuncUnit> <Opcode : 'fmul'> <InPorts = 2> <OutPorts = 1>
ST_19 : Operation 469 [1/1] (0.00ns)   --->   "%bitcast_ln36_62 = bitcast i32 %gmem1_addr_read_62" [D:/lenet_project/handoff/LeNet_DSE_Framework_2022_2/LeNet_DSE_Framework_2022_2/src/lenet_conv.cpp:36]   --->   Operation 469 'bitcast' 'bitcast_ln36_62' <Predicate = (!icmp_ln59)> <Delay = 0.00>
ST_19 : Operation 470 [4/4] (5.70ns)   --->   "%mul_i5_i2_13 = fmul i32 %window_14, i32 %bitcast_ln36_62" [D:/lenet_project/handoff/LeNet_DSE_Framework_2022_2/LeNet_DSE_Framework_2022_2/src/lenet_conv.cpp:36]   --->   Operation 470 'fmul' 'mul_i5_i2_13' <Predicate = (!icmp_ln59)> <Delay = 5.70> <CoreInst = "FMul_maxdsp">   --->   Core 30 'FMul_maxdsp' <Latency = 3> <II = 1> <Delay = 5.70> <FuncUnit> <Opcode : 'fmul'> <InPorts = 2> <OutPorts = 1>
ST_19 : Operation 471 [1/1] (6.57ns)   --->   "%gmem1_addr_read_65 = read i32 @_ssdm_op_Read.m_axi.p1i32, i32 %gmem1_addr" [D:/lenet_project/handoff/LeNet_DSE_Framework_2022_2/LeNet_DSE_Framework_2022_2/src/lenet_conv.cpp:36]   --->   Operation 471 'read' 'gmem1_addr_read_65' <Predicate = (!icmp_ln59)> <Delay = 6.57> <CoreInst = "m_axi">   --->   Core 113 'm_axi' <Latency = 0> <II = 1> <Delay = 1.00> <Adapter> <Opcode : 'read' 'write' 'readreq' 'writereq' 'writeresp'>

State 20 <SV = 19> <Delay = 6.57>
ST_20 : Operation 472 [3/7] (6.44ns)   --->   "%accumulator_assign_10_1 = fadd i32 %accumulator_assign_s, i32 %mul_i5_i2_1" [D:/lenet_project/handoff/LeNet_DSE_Framework_2022_2/LeNet_DSE_Framework_2022_2/src/lenet_conv.cpp:36]   --->   Operation 472 'fadd' 'accumulator_assign_10_1' <Predicate = (!icmp_ln59)> <Delay = 6.44> <CoreInst = "FAddSub_fulldsp">   --->   Core 18 'FAddSub_fulldsp' <Latency = 6> <II = 1> <Delay = 6.44> <FuncUnit> <Opcode : 'fadd' 'fsub'> <InPorts = 2> <OutPorts = 1>
ST_20 : Operation 473 [1/4] (5.70ns)   --->   "%mul_i5_i2_11 = fmul i32 %window_12, i32 %bitcast_ln36_60" [D:/lenet_project/handoff/LeNet_DSE_Framework_2022_2/LeNet_DSE_Framework_2022_2/src/lenet_conv.cpp:36]   --->   Operation 473 'fmul' 'mul_i5_i2_11' <Predicate = (!icmp_ln59)> <Delay = 5.70> <CoreInst = "FMul_maxdsp">   --->   Core 30 'FMul_maxdsp' <Latency = 3> <II = 1> <Delay = 5.70> <FuncUnit> <Opcode : 'fmul'> <InPorts = 2> <OutPorts = 1>
ST_20 : Operation 474 [2/4] (5.70ns)   --->   "%mul_i5_i2_12 = fmul i32 %window_13, i32 %bitcast_ln36_61" [D:/lenet_project/handoff/LeNet_DSE_Framework_2022_2/LeNet_DSE_Framework_2022_2/src/lenet_conv.cpp:36]   --->   Operation 474 'fmul' 'mul_i5_i2_12' <Predicate = (!icmp_ln59)> <Delay = 5.70> <CoreInst = "FMul_maxdsp">   --->   Core 30 'FMul_maxdsp' <Latency = 3> <II = 1> <Delay = 5.70> <FuncUnit> <Opcode : 'fmul'> <InPorts = 2> <OutPorts = 1>
ST_20 : Operation 475 [3/4] (5.70ns)   --->   "%mul_i5_i2_13 = fmul i32 %window_14, i32 %bitcast_ln36_62" [D:/lenet_project/handoff/LeNet_DSE_Framework_2022_2/LeNet_DSE_Framework_2022_2/src/lenet_conv.cpp:36]   --->   Operation 475 'fmul' 'mul_i5_i2_13' <Predicate = (!icmp_ln59)> <Delay = 5.70> <CoreInst = "FMul_maxdsp">   --->   Core 30 'FMul_maxdsp' <Latency = 3> <II = 1> <Delay = 5.70> <FuncUnit> <Opcode : 'fmul'> <InPorts = 2> <OutPorts = 1>
ST_20 : Operation 476 [1/1] (0.00ns)   --->   "%bitcast_ln36_63 = bitcast i32 %gmem1_addr_read_63" [D:/lenet_project/handoff/LeNet_DSE_Framework_2022_2/LeNet_DSE_Framework_2022_2/src/lenet_conv.cpp:36]   --->   Operation 476 'bitcast' 'bitcast_ln36_63' <Predicate = (!icmp_ln59)> <Delay = 0.00>
ST_20 : Operation 477 [4/4] (5.70ns)   --->   "%mul_i5_i2_14 = fmul i32 %window_15, i32 %bitcast_ln36_63" [D:/lenet_project/handoff/LeNet_DSE_Framework_2022_2/LeNet_DSE_Framework_2022_2/src/lenet_conv.cpp:36]   --->   Operation 477 'fmul' 'mul_i5_i2_14' <Predicate = (!icmp_ln59)> <Delay = 5.70> <CoreInst = "FMul_maxdsp">   --->   Core 30 'FMul_maxdsp' <Latency = 3> <II = 1> <Delay = 5.70> <FuncUnit> <Opcode : 'fmul'> <InPorts = 2> <OutPorts = 1>
ST_20 : Operation 478 [1/1] (6.57ns)   --->   "%gmem1_addr_read_66 = read i32 @_ssdm_op_Read.m_axi.p1i32, i32 %gmem1_addr" [D:/lenet_project/handoff/LeNet_DSE_Framework_2022_2/LeNet_DSE_Framework_2022_2/src/lenet_conv.cpp:36]   --->   Operation 478 'read' 'gmem1_addr_read_66' <Predicate = (!icmp_ln59)> <Delay = 6.57> <CoreInst = "m_axi">   --->   Core 113 'm_axi' <Latency = 0> <II = 1> <Delay = 1.00> <Adapter> <Opcode : 'read' 'write' 'readreq' 'writereq' 'writeresp'>

State 21 <SV = 20> <Delay = 6.57>
ST_21 : Operation 479 [2/7] (6.44ns)   --->   "%accumulator_assign_10_1 = fadd i32 %accumulator_assign_s, i32 %mul_i5_i2_1" [D:/lenet_project/handoff/LeNet_DSE_Framework_2022_2/LeNet_DSE_Framework_2022_2/src/lenet_conv.cpp:36]   --->   Operation 479 'fadd' 'accumulator_assign_10_1' <Predicate = (!icmp_ln59)> <Delay = 6.44> <CoreInst = "FAddSub_fulldsp">   --->   Core 18 'FAddSub_fulldsp' <Latency = 6> <II = 1> <Delay = 6.44> <FuncUnit> <Opcode : 'fadd' 'fsub'> <InPorts = 2> <OutPorts = 1>
ST_21 : Operation 480 [1/4] (5.70ns)   --->   "%mul_i5_i2_12 = fmul i32 %window_13, i32 %bitcast_ln36_61" [D:/lenet_project/handoff/LeNet_DSE_Framework_2022_2/LeNet_DSE_Framework_2022_2/src/lenet_conv.cpp:36]   --->   Operation 480 'fmul' 'mul_i5_i2_12' <Predicate = (!icmp_ln59)> <Delay = 5.70> <CoreInst = "FMul_maxdsp">   --->   Core 30 'FMul_maxdsp' <Latency = 3> <II = 1> <Delay = 5.70> <FuncUnit> <Opcode : 'fmul'> <InPorts = 2> <OutPorts = 1>
ST_21 : Operation 481 [2/4] (5.70ns)   --->   "%mul_i5_i2_13 = fmul i32 %window_14, i32 %bitcast_ln36_62" [D:/lenet_project/handoff/LeNet_DSE_Framework_2022_2/LeNet_DSE_Framework_2022_2/src/lenet_conv.cpp:36]   --->   Operation 481 'fmul' 'mul_i5_i2_13' <Predicate = (!icmp_ln59)> <Delay = 5.70> <CoreInst = "FMul_maxdsp">   --->   Core 30 'FMul_maxdsp' <Latency = 3> <II = 1> <Delay = 5.70> <FuncUnit> <Opcode : 'fmul'> <InPorts = 2> <OutPorts = 1>
ST_21 : Operation 482 [3/4] (5.70ns)   --->   "%mul_i5_i2_14 = fmul i32 %window_15, i32 %bitcast_ln36_63" [D:/lenet_project/handoff/LeNet_DSE_Framework_2022_2/LeNet_DSE_Framework_2022_2/src/lenet_conv.cpp:36]   --->   Operation 482 'fmul' 'mul_i5_i2_14' <Predicate = (!icmp_ln59)> <Delay = 5.70> <CoreInst = "FMul_maxdsp">   --->   Core 30 'FMul_maxdsp' <Latency = 3> <II = 1> <Delay = 5.70> <FuncUnit> <Opcode : 'fmul'> <InPorts = 2> <OutPorts = 1>
ST_21 : Operation 483 [1/1] (0.00ns)   --->   "%bitcast_ln36_64 = bitcast i32 %gmem1_addr_read_64" [D:/lenet_project/handoff/LeNet_DSE_Framework_2022_2/LeNet_DSE_Framework_2022_2/src/lenet_conv.cpp:36]   --->   Operation 483 'bitcast' 'bitcast_ln36_64' <Predicate = (!icmp_ln59)> <Delay = 0.00>
ST_21 : Operation 484 [4/4] (5.70ns)   --->   "%mul_i5_i2_15 = fmul i32 %window_16, i32 %bitcast_ln36_64" [D:/lenet_project/handoff/LeNet_DSE_Framework_2022_2/LeNet_DSE_Framework_2022_2/src/lenet_conv.cpp:36]   --->   Operation 484 'fmul' 'mul_i5_i2_15' <Predicate = (!icmp_ln59)> <Delay = 5.70> <CoreInst = "FMul_maxdsp">   --->   Core 30 'FMul_maxdsp' <Latency = 3> <II = 1> <Delay = 5.70> <FuncUnit> <Opcode : 'fmul'> <InPorts = 2> <OutPorts = 1>
ST_21 : Operation 485 [1/1] (6.57ns)   --->   "%gmem1_addr_read_67 = read i32 @_ssdm_op_Read.m_axi.p1i32, i32 %gmem1_addr" [D:/lenet_project/handoff/LeNet_DSE_Framework_2022_2/LeNet_DSE_Framework_2022_2/src/lenet_conv.cpp:36]   --->   Operation 485 'read' 'gmem1_addr_read_67' <Predicate = (!icmp_ln59)> <Delay = 6.57> <CoreInst = "m_axi">   --->   Core 113 'm_axi' <Latency = 0> <II = 1> <Delay = 1.00> <Adapter> <Opcode : 'read' 'write' 'readreq' 'writereq' 'writeresp'>

State 22 <SV = 21> <Delay = 6.57>
ST_22 : Operation 486 [1/7] (6.44ns)   --->   "%accumulator_assign_10_1 = fadd i32 %accumulator_assign_s, i32 %mul_i5_i2_1" [D:/lenet_project/handoff/LeNet_DSE_Framework_2022_2/LeNet_DSE_Framework_2022_2/src/lenet_conv.cpp:36]   --->   Operation 486 'fadd' 'accumulator_assign_10_1' <Predicate = (!icmp_ln59)> <Delay = 6.44> <CoreInst = "FAddSub_fulldsp">   --->   Core 18 'FAddSub_fulldsp' <Latency = 6> <II = 1> <Delay = 6.44> <FuncUnit> <Opcode : 'fadd' 'fsub'> <InPorts = 2> <OutPorts = 1>
ST_22 : Operation 487 [1/4] (5.70ns)   --->   "%mul_i5_i2_13 = fmul i32 %window_14, i32 %bitcast_ln36_62" [D:/lenet_project/handoff/LeNet_DSE_Framework_2022_2/LeNet_DSE_Framework_2022_2/src/lenet_conv.cpp:36]   --->   Operation 487 'fmul' 'mul_i5_i2_13' <Predicate = (!icmp_ln59)> <Delay = 5.70> <CoreInst = "FMul_maxdsp">   --->   Core 30 'FMul_maxdsp' <Latency = 3> <II = 1> <Delay = 5.70> <FuncUnit> <Opcode : 'fmul'> <InPorts = 2> <OutPorts = 1>
ST_22 : Operation 488 [2/4] (5.70ns)   --->   "%mul_i5_i2_14 = fmul i32 %window_15, i32 %bitcast_ln36_63" [D:/lenet_project/handoff/LeNet_DSE_Framework_2022_2/LeNet_DSE_Framework_2022_2/src/lenet_conv.cpp:36]   --->   Operation 488 'fmul' 'mul_i5_i2_14' <Predicate = (!icmp_ln59)> <Delay = 5.70> <CoreInst = "FMul_maxdsp">   --->   Core 30 'FMul_maxdsp' <Latency = 3> <II = 1> <Delay = 5.70> <FuncUnit> <Opcode : 'fmul'> <InPorts = 2> <OutPorts = 1>
ST_22 : Operation 489 [3/4] (5.70ns)   --->   "%mul_i5_i2_15 = fmul i32 %window_16, i32 %bitcast_ln36_64" [D:/lenet_project/handoff/LeNet_DSE_Framework_2022_2/LeNet_DSE_Framework_2022_2/src/lenet_conv.cpp:36]   --->   Operation 489 'fmul' 'mul_i5_i2_15' <Predicate = (!icmp_ln59)> <Delay = 5.70> <CoreInst = "FMul_maxdsp">   --->   Core 30 'FMul_maxdsp' <Latency = 3> <II = 1> <Delay = 5.70> <FuncUnit> <Opcode : 'fmul'> <InPorts = 2> <OutPorts = 1>
ST_22 : Operation 490 [1/1] (0.00ns)   --->   "%bitcast_ln36_65 = bitcast i32 %gmem1_addr_read_65" [D:/lenet_project/handoff/LeNet_DSE_Framework_2022_2/LeNet_DSE_Framework_2022_2/src/lenet_conv.cpp:36]   --->   Operation 490 'bitcast' 'bitcast_ln36_65' <Predicate = (!icmp_ln59)> <Delay = 0.00>
ST_22 : Operation 491 [4/4] (5.70ns)   --->   "%mul_i5_i2_16 = fmul i32 %window_17, i32 %bitcast_ln36_65" [D:/lenet_project/handoff/LeNet_DSE_Framework_2022_2/LeNet_DSE_Framework_2022_2/src/lenet_conv.cpp:36]   --->   Operation 491 'fmul' 'mul_i5_i2_16' <Predicate = (!icmp_ln59)> <Delay = 5.70> <CoreInst = "FMul_maxdsp">   --->   Core 30 'FMul_maxdsp' <Latency = 3> <II = 1> <Delay = 5.70> <FuncUnit> <Opcode : 'fmul'> <InPorts = 2> <OutPorts = 1>
ST_22 : Operation 492 [1/1] (6.57ns)   --->   "%gmem1_addr_read_68 = read i32 @_ssdm_op_Read.m_axi.p1i32, i32 %gmem1_addr" [D:/lenet_project/handoff/LeNet_DSE_Framework_2022_2/LeNet_DSE_Framework_2022_2/src/lenet_conv.cpp:36]   --->   Operation 492 'read' 'gmem1_addr_read_68' <Predicate = (!icmp_ln59)> <Delay = 6.57> <CoreInst = "m_axi">   --->   Core 113 'm_axi' <Latency = 0> <II = 1> <Delay = 1.00> <Adapter> <Opcode : 'read' 'write' 'readreq' 'writereq' 'writeresp'>

State 23 <SV = 22> <Delay = 6.57>
ST_23 : Operation 493 [7/7] (6.44ns)   --->   "%accumulator_assign_10_2 = fadd i32 %accumulator_assign_10_1, i32 %mul_i5_i2_2" [D:/lenet_project/handoff/LeNet_DSE_Framework_2022_2/LeNet_DSE_Framework_2022_2/src/lenet_conv.cpp:36]   --->   Operation 493 'fadd' 'accumulator_assign_10_2' <Predicate = (!icmp_ln59)> <Delay = 6.44> <CoreInst = "FAddSub_fulldsp">   --->   Core 18 'FAddSub_fulldsp' <Latency = 6> <II = 1> <Delay = 6.44> <FuncUnit> <Opcode : 'fadd' 'fsub'> <InPorts = 2> <OutPorts = 1>
ST_23 : Operation 494 [1/4] (5.70ns)   --->   "%mul_i5_i2_14 = fmul i32 %window_15, i32 %bitcast_ln36_63" [D:/lenet_project/handoff/LeNet_DSE_Framework_2022_2/LeNet_DSE_Framework_2022_2/src/lenet_conv.cpp:36]   --->   Operation 494 'fmul' 'mul_i5_i2_14' <Predicate = (!icmp_ln59)> <Delay = 5.70> <CoreInst = "FMul_maxdsp">   --->   Core 30 'FMul_maxdsp' <Latency = 3> <II = 1> <Delay = 5.70> <FuncUnit> <Opcode : 'fmul'> <InPorts = 2> <OutPorts = 1>
ST_23 : Operation 495 [2/4] (5.70ns)   --->   "%mul_i5_i2_15 = fmul i32 %window_16, i32 %bitcast_ln36_64" [D:/lenet_project/handoff/LeNet_DSE_Framework_2022_2/LeNet_DSE_Framework_2022_2/src/lenet_conv.cpp:36]   --->   Operation 495 'fmul' 'mul_i5_i2_15' <Predicate = (!icmp_ln59)> <Delay = 5.70> <CoreInst = "FMul_maxdsp">   --->   Core 30 'FMul_maxdsp' <Latency = 3> <II = 1> <Delay = 5.70> <FuncUnit> <Opcode : 'fmul'> <InPorts = 2> <OutPorts = 1>
ST_23 : Operation 496 [3/4] (5.70ns)   --->   "%mul_i5_i2_16 = fmul i32 %window_17, i32 %bitcast_ln36_65" [D:/lenet_project/handoff/LeNet_DSE_Framework_2022_2/LeNet_DSE_Framework_2022_2/src/lenet_conv.cpp:36]   --->   Operation 496 'fmul' 'mul_i5_i2_16' <Predicate = (!icmp_ln59)> <Delay = 5.70> <CoreInst = "FMul_maxdsp">   --->   Core 30 'FMul_maxdsp' <Latency = 3> <II = 1> <Delay = 5.70> <FuncUnit> <Opcode : 'fmul'> <InPorts = 2> <OutPorts = 1>
ST_23 : Operation 497 [1/1] (0.00ns)   --->   "%bitcast_ln36_66 = bitcast i32 %gmem1_addr_read_66" [D:/lenet_project/handoff/LeNet_DSE_Framework_2022_2/LeNet_DSE_Framework_2022_2/src/lenet_conv.cpp:36]   --->   Operation 497 'bitcast' 'bitcast_ln36_66' <Predicate = (!icmp_ln59)> <Delay = 0.00>
ST_23 : Operation 498 [4/4] (5.70ns)   --->   "%mul_i5_i2_17 = fmul i32 %window_18, i32 %bitcast_ln36_66" [D:/lenet_project/handoff/LeNet_DSE_Framework_2022_2/LeNet_DSE_Framework_2022_2/src/lenet_conv.cpp:36]   --->   Operation 498 'fmul' 'mul_i5_i2_17' <Predicate = (!icmp_ln59)> <Delay = 5.70> <CoreInst = "FMul_maxdsp">   --->   Core 30 'FMul_maxdsp' <Latency = 3> <II = 1> <Delay = 5.70> <FuncUnit> <Opcode : 'fmul'> <InPorts = 2> <OutPorts = 1>
ST_23 : Operation 499 [1/1] (6.57ns)   --->   "%gmem1_addr_read_69 = read i32 @_ssdm_op_Read.m_axi.p1i32, i32 %gmem1_addr" [D:/lenet_project/handoff/LeNet_DSE_Framework_2022_2/LeNet_DSE_Framework_2022_2/src/lenet_conv.cpp:36]   --->   Operation 499 'read' 'gmem1_addr_read_69' <Predicate = (!icmp_ln59)> <Delay = 6.57> <CoreInst = "m_axi">   --->   Core 113 'm_axi' <Latency = 0> <II = 1> <Delay = 1.00> <Adapter> <Opcode : 'read' 'write' 'readreq' 'writereq' 'writeresp'>

State 24 <SV = 23> <Delay = 6.57>
ST_24 : Operation 500 [6/7] (6.44ns)   --->   "%accumulator_assign_10_2 = fadd i32 %accumulator_assign_10_1, i32 %mul_i5_i2_2" [D:/lenet_project/handoff/LeNet_DSE_Framework_2022_2/LeNet_DSE_Framework_2022_2/src/lenet_conv.cpp:36]   --->   Operation 500 'fadd' 'accumulator_assign_10_2' <Predicate = (!icmp_ln59)> <Delay = 6.44> <CoreInst = "FAddSub_fulldsp">   --->   Core 18 'FAddSub_fulldsp' <Latency = 6> <II = 1> <Delay = 6.44> <FuncUnit> <Opcode : 'fadd' 'fsub'> <InPorts = 2> <OutPorts = 1>
ST_24 : Operation 501 [1/4] (5.70ns)   --->   "%mul_i5_i2_15 = fmul i32 %window_16, i32 %bitcast_ln36_64" [D:/lenet_project/handoff/LeNet_DSE_Framework_2022_2/LeNet_DSE_Framework_2022_2/src/lenet_conv.cpp:36]   --->   Operation 501 'fmul' 'mul_i5_i2_15' <Predicate = (!icmp_ln59)> <Delay = 5.70> <CoreInst = "FMul_maxdsp">   --->   Core 30 'FMul_maxdsp' <Latency = 3> <II = 1> <Delay = 5.70> <FuncUnit> <Opcode : 'fmul'> <InPorts = 2> <OutPorts = 1>
ST_24 : Operation 502 [2/4] (5.70ns)   --->   "%mul_i5_i2_16 = fmul i32 %window_17, i32 %bitcast_ln36_65" [D:/lenet_project/handoff/LeNet_DSE_Framework_2022_2/LeNet_DSE_Framework_2022_2/src/lenet_conv.cpp:36]   --->   Operation 502 'fmul' 'mul_i5_i2_16' <Predicate = (!icmp_ln59)> <Delay = 5.70> <CoreInst = "FMul_maxdsp">   --->   Core 30 'FMul_maxdsp' <Latency = 3> <II = 1> <Delay = 5.70> <FuncUnit> <Opcode : 'fmul'> <InPorts = 2> <OutPorts = 1>
ST_24 : Operation 503 [3/4] (5.70ns)   --->   "%mul_i5_i2_17 = fmul i32 %window_18, i32 %bitcast_ln36_66" [D:/lenet_project/handoff/LeNet_DSE_Framework_2022_2/LeNet_DSE_Framework_2022_2/src/lenet_conv.cpp:36]   --->   Operation 503 'fmul' 'mul_i5_i2_17' <Predicate = (!icmp_ln59)> <Delay = 5.70> <CoreInst = "FMul_maxdsp">   --->   Core 30 'FMul_maxdsp' <Latency = 3> <II = 1> <Delay = 5.70> <FuncUnit> <Opcode : 'fmul'> <InPorts = 2> <OutPorts = 1>
ST_24 : Operation 504 [1/1] (0.00ns)   --->   "%bitcast_ln36_67 = bitcast i32 %gmem1_addr_read_67" [D:/lenet_project/handoff/LeNet_DSE_Framework_2022_2/LeNet_DSE_Framework_2022_2/src/lenet_conv.cpp:36]   --->   Operation 504 'bitcast' 'bitcast_ln36_67' <Predicate = (!icmp_ln59)> <Delay = 0.00>
ST_24 : Operation 505 [4/4] (5.70ns)   --->   "%mul_i5_i2_18 = fmul i32 %window_19, i32 %bitcast_ln36_67" [D:/lenet_project/handoff/LeNet_DSE_Framework_2022_2/LeNet_DSE_Framework_2022_2/src/lenet_conv.cpp:36]   --->   Operation 505 'fmul' 'mul_i5_i2_18' <Predicate = (!icmp_ln59)> <Delay = 5.70> <CoreInst = "FMul_maxdsp">   --->   Core 30 'FMul_maxdsp' <Latency = 3> <II = 1> <Delay = 5.70> <FuncUnit> <Opcode : 'fmul'> <InPorts = 2> <OutPorts = 1>
ST_24 : Operation 506 [1/1] (6.57ns)   --->   "%gmem1_addr_read_70 = read i32 @_ssdm_op_Read.m_axi.p1i32, i32 %gmem1_addr" [D:/lenet_project/handoff/LeNet_DSE_Framework_2022_2/LeNet_DSE_Framework_2022_2/src/lenet_conv.cpp:36]   --->   Operation 506 'read' 'gmem1_addr_read_70' <Predicate = (!icmp_ln59)> <Delay = 6.57> <CoreInst = "m_axi">   --->   Core 113 'm_axi' <Latency = 0> <II = 1> <Delay = 1.00> <Adapter> <Opcode : 'read' 'write' 'readreq' 'writereq' 'writeresp'>

State 25 <SV = 24> <Delay = 6.57>
ST_25 : Operation 507 [5/7] (6.44ns)   --->   "%accumulator_assign_10_2 = fadd i32 %accumulator_assign_10_1, i32 %mul_i5_i2_2" [D:/lenet_project/handoff/LeNet_DSE_Framework_2022_2/LeNet_DSE_Framework_2022_2/src/lenet_conv.cpp:36]   --->   Operation 507 'fadd' 'accumulator_assign_10_2' <Predicate = (!icmp_ln59)> <Delay = 6.44> <CoreInst = "FAddSub_fulldsp">   --->   Core 18 'FAddSub_fulldsp' <Latency = 6> <II = 1> <Delay = 6.44> <FuncUnit> <Opcode : 'fadd' 'fsub'> <InPorts = 2> <OutPorts = 1>
ST_25 : Operation 508 [1/4] (5.70ns)   --->   "%mul_i5_i2_16 = fmul i32 %window_17, i32 %bitcast_ln36_65" [D:/lenet_project/handoff/LeNet_DSE_Framework_2022_2/LeNet_DSE_Framework_2022_2/src/lenet_conv.cpp:36]   --->   Operation 508 'fmul' 'mul_i5_i2_16' <Predicate = (!icmp_ln59)> <Delay = 5.70> <CoreInst = "FMul_maxdsp">   --->   Core 30 'FMul_maxdsp' <Latency = 3> <II = 1> <Delay = 5.70> <FuncUnit> <Opcode : 'fmul'> <InPorts = 2> <OutPorts = 1>
ST_25 : Operation 509 [2/4] (5.70ns)   --->   "%mul_i5_i2_17 = fmul i32 %window_18, i32 %bitcast_ln36_66" [D:/lenet_project/handoff/LeNet_DSE_Framework_2022_2/LeNet_DSE_Framework_2022_2/src/lenet_conv.cpp:36]   --->   Operation 509 'fmul' 'mul_i5_i2_17' <Predicate = (!icmp_ln59)> <Delay = 5.70> <CoreInst = "FMul_maxdsp">   --->   Core 30 'FMul_maxdsp' <Latency = 3> <II = 1> <Delay = 5.70> <FuncUnit> <Opcode : 'fmul'> <InPorts = 2> <OutPorts = 1>
ST_25 : Operation 510 [3/4] (5.70ns)   --->   "%mul_i5_i2_18 = fmul i32 %window_19, i32 %bitcast_ln36_67" [D:/lenet_project/handoff/LeNet_DSE_Framework_2022_2/LeNet_DSE_Framework_2022_2/src/lenet_conv.cpp:36]   --->   Operation 510 'fmul' 'mul_i5_i2_18' <Predicate = (!icmp_ln59)> <Delay = 5.70> <CoreInst = "FMul_maxdsp">   --->   Core 30 'FMul_maxdsp' <Latency = 3> <II = 1> <Delay = 5.70> <FuncUnit> <Opcode : 'fmul'> <InPorts = 2> <OutPorts = 1>
ST_25 : Operation 511 [1/1] (0.00ns)   --->   "%bitcast_ln36_68 = bitcast i32 %gmem1_addr_read_68" [D:/lenet_project/handoff/LeNet_DSE_Framework_2022_2/LeNet_DSE_Framework_2022_2/src/lenet_conv.cpp:36]   --->   Operation 511 'bitcast' 'bitcast_ln36_68' <Predicate = (!icmp_ln59)> <Delay = 0.00>
ST_25 : Operation 512 [4/4] (5.70ns)   --->   "%mul_i5_i2_19 = fmul i32 %window_20, i32 %bitcast_ln36_68" [D:/lenet_project/handoff/LeNet_DSE_Framework_2022_2/LeNet_DSE_Framework_2022_2/src/lenet_conv.cpp:36]   --->   Operation 512 'fmul' 'mul_i5_i2_19' <Predicate = (!icmp_ln59)> <Delay = 5.70> <CoreInst = "FMul_maxdsp">   --->   Core 30 'FMul_maxdsp' <Latency = 3> <II = 1> <Delay = 5.70> <FuncUnit> <Opcode : 'fmul'> <InPorts = 2> <OutPorts = 1>
ST_25 : Operation 513 [1/1] (6.57ns)   --->   "%gmem1_addr_read_71 = read i32 @_ssdm_op_Read.m_axi.p1i32, i32 %gmem1_addr" [D:/lenet_project/handoff/LeNet_DSE_Framework_2022_2/LeNet_DSE_Framework_2022_2/src/lenet_conv.cpp:36]   --->   Operation 513 'read' 'gmem1_addr_read_71' <Predicate = (!icmp_ln59)> <Delay = 6.57> <CoreInst = "m_axi">   --->   Core 113 'm_axi' <Latency = 0> <II = 1> <Delay = 1.00> <Adapter> <Opcode : 'read' 'write' 'readreq' 'writereq' 'writeresp'>

State 26 <SV = 25> <Delay = 6.57>
ST_26 : Operation 514 [4/7] (6.44ns)   --->   "%accumulator_assign_10_2 = fadd i32 %accumulator_assign_10_1, i32 %mul_i5_i2_2" [D:/lenet_project/handoff/LeNet_DSE_Framework_2022_2/LeNet_DSE_Framework_2022_2/src/lenet_conv.cpp:36]   --->   Operation 514 'fadd' 'accumulator_assign_10_2' <Predicate = (!icmp_ln59)> <Delay = 6.44> <CoreInst = "FAddSub_fulldsp">   --->   Core 18 'FAddSub_fulldsp' <Latency = 6> <II = 1> <Delay = 6.44> <FuncUnit> <Opcode : 'fadd' 'fsub'> <InPorts = 2> <OutPorts = 1>
ST_26 : Operation 515 [1/4] (5.70ns)   --->   "%mul_i5_i2_17 = fmul i32 %window_18, i32 %bitcast_ln36_66" [D:/lenet_project/handoff/LeNet_DSE_Framework_2022_2/LeNet_DSE_Framework_2022_2/src/lenet_conv.cpp:36]   --->   Operation 515 'fmul' 'mul_i5_i2_17' <Predicate = (!icmp_ln59)> <Delay = 5.70> <CoreInst = "FMul_maxdsp">   --->   Core 30 'FMul_maxdsp' <Latency = 3> <II = 1> <Delay = 5.70> <FuncUnit> <Opcode : 'fmul'> <InPorts = 2> <OutPorts = 1>
ST_26 : Operation 516 [2/4] (5.70ns)   --->   "%mul_i5_i2_18 = fmul i32 %window_19, i32 %bitcast_ln36_67" [D:/lenet_project/handoff/LeNet_DSE_Framework_2022_2/LeNet_DSE_Framework_2022_2/src/lenet_conv.cpp:36]   --->   Operation 516 'fmul' 'mul_i5_i2_18' <Predicate = (!icmp_ln59)> <Delay = 5.70> <CoreInst = "FMul_maxdsp">   --->   Core 30 'FMul_maxdsp' <Latency = 3> <II = 1> <Delay = 5.70> <FuncUnit> <Opcode : 'fmul'> <InPorts = 2> <OutPorts = 1>
ST_26 : Operation 517 [3/4] (5.70ns)   --->   "%mul_i5_i2_19 = fmul i32 %window_20, i32 %bitcast_ln36_68" [D:/lenet_project/handoff/LeNet_DSE_Framework_2022_2/LeNet_DSE_Framework_2022_2/src/lenet_conv.cpp:36]   --->   Operation 517 'fmul' 'mul_i5_i2_19' <Predicate = (!icmp_ln59)> <Delay = 5.70> <CoreInst = "FMul_maxdsp">   --->   Core 30 'FMul_maxdsp' <Latency = 3> <II = 1> <Delay = 5.70> <FuncUnit> <Opcode : 'fmul'> <InPorts = 2> <OutPorts = 1>
ST_26 : Operation 518 [1/1] (0.00ns)   --->   "%bitcast_ln36_69 = bitcast i32 %gmem1_addr_read_69" [D:/lenet_project/handoff/LeNet_DSE_Framework_2022_2/LeNet_DSE_Framework_2022_2/src/lenet_conv.cpp:36]   --->   Operation 518 'bitcast' 'bitcast_ln36_69' <Predicate = (!icmp_ln59)> <Delay = 0.00>
ST_26 : Operation 519 [4/4] (5.70ns)   --->   "%mul_i5_i2_20 = fmul i32 %window_21, i32 %bitcast_ln36_69" [D:/lenet_project/handoff/LeNet_DSE_Framework_2022_2/LeNet_DSE_Framework_2022_2/src/lenet_conv.cpp:36]   --->   Operation 519 'fmul' 'mul_i5_i2_20' <Predicate = (!icmp_ln59)> <Delay = 5.70> <CoreInst = "FMul_maxdsp">   --->   Core 30 'FMul_maxdsp' <Latency = 3> <II = 1> <Delay = 5.70> <FuncUnit> <Opcode : 'fmul'> <InPorts = 2> <OutPorts = 1>
ST_26 : Operation 520 [1/1] (6.57ns)   --->   "%gmem1_addr_read_72 = read i32 @_ssdm_op_Read.m_axi.p1i32, i32 %gmem1_addr" [D:/lenet_project/handoff/LeNet_DSE_Framework_2022_2/LeNet_DSE_Framework_2022_2/src/lenet_conv.cpp:36]   --->   Operation 520 'read' 'gmem1_addr_read_72' <Predicate = (!icmp_ln59)> <Delay = 6.57> <CoreInst = "m_axi">   --->   Core 113 'm_axi' <Latency = 0> <II = 1> <Delay = 1.00> <Adapter> <Opcode : 'read' 'write' 'readreq' 'writereq' 'writeresp'>

State 27 <SV = 26> <Delay = 6.44>
ST_27 : Operation 521 [3/7] (6.44ns)   --->   "%accumulator_assign_10_2 = fadd i32 %accumulator_assign_10_1, i32 %mul_i5_i2_2" [D:/lenet_project/handoff/LeNet_DSE_Framework_2022_2/LeNet_DSE_Framework_2022_2/src/lenet_conv.cpp:36]   --->   Operation 521 'fadd' 'accumulator_assign_10_2' <Predicate = (!icmp_ln59)> <Delay = 6.44> <CoreInst = "FAddSub_fulldsp">   --->   Core 18 'FAddSub_fulldsp' <Latency = 6> <II = 1> <Delay = 6.44> <FuncUnit> <Opcode : 'fadd' 'fsub'> <InPorts = 2> <OutPorts = 1>
ST_27 : Operation 522 [1/4] (5.70ns)   --->   "%mul_i5_i2_18 = fmul i32 %window_19, i32 %bitcast_ln36_67" [D:/lenet_project/handoff/LeNet_DSE_Framework_2022_2/LeNet_DSE_Framework_2022_2/src/lenet_conv.cpp:36]   --->   Operation 522 'fmul' 'mul_i5_i2_18' <Predicate = (!icmp_ln59)> <Delay = 5.70> <CoreInst = "FMul_maxdsp">   --->   Core 30 'FMul_maxdsp' <Latency = 3> <II = 1> <Delay = 5.70> <FuncUnit> <Opcode : 'fmul'> <InPorts = 2> <OutPorts = 1>
ST_27 : Operation 523 [2/4] (5.70ns)   --->   "%mul_i5_i2_19 = fmul i32 %window_20, i32 %bitcast_ln36_68" [D:/lenet_project/handoff/LeNet_DSE_Framework_2022_2/LeNet_DSE_Framework_2022_2/src/lenet_conv.cpp:36]   --->   Operation 523 'fmul' 'mul_i5_i2_19' <Predicate = (!icmp_ln59)> <Delay = 5.70> <CoreInst = "FMul_maxdsp">   --->   Core 30 'FMul_maxdsp' <Latency = 3> <II = 1> <Delay = 5.70> <FuncUnit> <Opcode : 'fmul'> <InPorts = 2> <OutPorts = 1>
ST_27 : Operation 524 [3/4] (5.70ns)   --->   "%mul_i5_i2_20 = fmul i32 %window_21, i32 %bitcast_ln36_69" [D:/lenet_project/handoff/LeNet_DSE_Framework_2022_2/LeNet_DSE_Framework_2022_2/src/lenet_conv.cpp:36]   --->   Operation 524 'fmul' 'mul_i5_i2_20' <Predicate = (!icmp_ln59)> <Delay = 5.70> <CoreInst = "FMul_maxdsp">   --->   Core 30 'FMul_maxdsp' <Latency = 3> <II = 1> <Delay = 5.70> <FuncUnit> <Opcode : 'fmul'> <InPorts = 2> <OutPorts = 1>
ST_27 : Operation 525 [1/1] (0.00ns)   --->   "%bitcast_ln36_70 = bitcast i32 %gmem1_addr_read_70" [D:/lenet_project/handoff/LeNet_DSE_Framework_2022_2/LeNet_DSE_Framework_2022_2/src/lenet_conv.cpp:36]   --->   Operation 525 'bitcast' 'bitcast_ln36_70' <Predicate = (!icmp_ln59)> <Delay = 0.00>
ST_27 : Operation 526 [4/4] (5.70ns)   --->   "%mul_i5_i2_21 = fmul i32 %window_22, i32 %bitcast_ln36_70" [D:/lenet_project/handoff/LeNet_DSE_Framework_2022_2/LeNet_DSE_Framework_2022_2/src/lenet_conv.cpp:36]   --->   Operation 526 'fmul' 'mul_i5_i2_21' <Predicate = (!icmp_ln59)> <Delay = 5.70> <CoreInst = "FMul_maxdsp">   --->   Core 30 'FMul_maxdsp' <Latency = 3> <II = 1> <Delay = 5.70> <FuncUnit> <Opcode : 'fmul'> <InPorts = 2> <OutPorts = 1>

State 28 <SV = 27> <Delay = 6.44>
ST_28 : Operation 527 [2/7] (6.44ns)   --->   "%accumulator_assign_10_2 = fadd i32 %accumulator_assign_10_1, i32 %mul_i5_i2_2" [D:/lenet_project/handoff/LeNet_DSE_Framework_2022_2/LeNet_DSE_Framework_2022_2/src/lenet_conv.cpp:36]   --->   Operation 527 'fadd' 'accumulator_assign_10_2' <Predicate = (!icmp_ln59)> <Delay = 6.44> <CoreInst = "FAddSub_fulldsp">   --->   Core 18 'FAddSub_fulldsp' <Latency = 6> <II = 1> <Delay = 6.44> <FuncUnit> <Opcode : 'fadd' 'fsub'> <InPorts = 2> <OutPorts = 1>
ST_28 : Operation 528 [1/4] (5.70ns)   --->   "%mul_i5_i2_19 = fmul i32 %window_20, i32 %bitcast_ln36_68" [D:/lenet_project/handoff/LeNet_DSE_Framework_2022_2/LeNet_DSE_Framework_2022_2/src/lenet_conv.cpp:36]   --->   Operation 528 'fmul' 'mul_i5_i2_19' <Predicate = (!icmp_ln59)> <Delay = 5.70> <CoreInst = "FMul_maxdsp">   --->   Core 30 'FMul_maxdsp' <Latency = 3> <II = 1> <Delay = 5.70> <FuncUnit> <Opcode : 'fmul'> <InPorts = 2> <OutPorts = 1>
ST_28 : Operation 529 [2/4] (5.70ns)   --->   "%mul_i5_i2_20 = fmul i32 %window_21, i32 %bitcast_ln36_69" [D:/lenet_project/handoff/LeNet_DSE_Framework_2022_2/LeNet_DSE_Framework_2022_2/src/lenet_conv.cpp:36]   --->   Operation 529 'fmul' 'mul_i5_i2_20' <Predicate = (!icmp_ln59)> <Delay = 5.70> <CoreInst = "FMul_maxdsp">   --->   Core 30 'FMul_maxdsp' <Latency = 3> <II = 1> <Delay = 5.70> <FuncUnit> <Opcode : 'fmul'> <InPorts = 2> <OutPorts = 1>
ST_28 : Operation 530 [3/4] (5.70ns)   --->   "%mul_i5_i2_21 = fmul i32 %window_22, i32 %bitcast_ln36_70" [D:/lenet_project/handoff/LeNet_DSE_Framework_2022_2/LeNet_DSE_Framework_2022_2/src/lenet_conv.cpp:36]   --->   Operation 530 'fmul' 'mul_i5_i2_21' <Predicate = (!icmp_ln59)> <Delay = 5.70> <CoreInst = "FMul_maxdsp">   --->   Core 30 'FMul_maxdsp' <Latency = 3> <II = 1> <Delay = 5.70> <FuncUnit> <Opcode : 'fmul'> <InPorts = 2> <OutPorts = 1>
ST_28 : Operation 531 [1/1] (0.00ns)   --->   "%bitcast_ln36_71 = bitcast i32 %gmem1_addr_read_71" [D:/lenet_project/handoff/LeNet_DSE_Framework_2022_2/LeNet_DSE_Framework_2022_2/src/lenet_conv.cpp:36]   --->   Operation 531 'bitcast' 'bitcast_ln36_71' <Predicate = (!icmp_ln59)> <Delay = 0.00>
ST_28 : Operation 532 [4/4] (5.70ns)   --->   "%mul_i5_i2_22 = fmul i32 %window_23, i32 %bitcast_ln36_71" [D:/lenet_project/handoff/LeNet_DSE_Framework_2022_2/LeNet_DSE_Framework_2022_2/src/lenet_conv.cpp:36]   --->   Operation 532 'fmul' 'mul_i5_i2_22' <Predicate = (!icmp_ln59)> <Delay = 5.70> <CoreInst = "FMul_maxdsp">   --->   Core 30 'FMul_maxdsp' <Latency = 3> <II = 1> <Delay = 5.70> <FuncUnit> <Opcode : 'fmul'> <InPorts = 2> <OutPorts = 1>

State 29 <SV = 28> <Delay = 6.44>
ST_29 : Operation 533 [1/7] (6.44ns)   --->   "%accumulator_assign_10_2 = fadd i32 %accumulator_assign_10_1, i32 %mul_i5_i2_2" [D:/lenet_project/handoff/LeNet_DSE_Framework_2022_2/LeNet_DSE_Framework_2022_2/src/lenet_conv.cpp:36]   --->   Operation 533 'fadd' 'accumulator_assign_10_2' <Predicate = (!icmp_ln59)> <Delay = 6.44> <CoreInst = "FAddSub_fulldsp">   --->   Core 18 'FAddSub_fulldsp' <Latency = 6> <II = 1> <Delay = 6.44> <FuncUnit> <Opcode : 'fadd' 'fsub'> <InPorts = 2> <OutPorts = 1>
ST_29 : Operation 534 [1/4] (5.70ns)   --->   "%mul_i5_i2_20 = fmul i32 %window_21, i32 %bitcast_ln36_69" [D:/lenet_project/handoff/LeNet_DSE_Framework_2022_2/LeNet_DSE_Framework_2022_2/src/lenet_conv.cpp:36]   --->   Operation 534 'fmul' 'mul_i5_i2_20' <Predicate = (!icmp_ln59)> <Delay = 5.70> <CoreInst = "FMul_maxdsp">   --->   Core 30 'FMul_maxdsp' <Latency = 3> <II = 1> <Delay = 5.70> <FuncUnit> <Opcode : 'fmul'> <InPorts = 2> <OutPorts = 1>
ST_29 : Operation 535 [2/4] (5.70ns)   --->   "%mul_i5_i2_21 = fmul i32 %window_22, i32 %bitcast_ln36_70" [D:/lenet_project/handoff/LeNet_DSE_Framework_2022_2/LeNet_DSE_Framework_2022_2/src/lenet_conv.cpp:36]   --->   Operation 535 'fmul' 'mul_i5_i2_21' <Predicate = (!icmp_ln59)> <Delay = 5.70> <CoreInst = "FMul_maxdsp">   --->   Core 30 'FMul_maxdsp' <Latency = 3> <II = 1> <Delay = 5.70> <FuncUnit> <Opcode : 'fmul'> <InPorts = 2> <OutPorts = 1>
ST_29 : Operation 536 [3/4] (5.70ns)   --->   "%mul_i5_i2_22 = fmul i32 %window_23, i32 %bitcast_ln36_71" [D:/lenet_project/handoff/LeNet_DSE_Framework_2022_2/LeNet_DSE_Framework_2022_2/src/lenet_conv.cpp:36]   --->   Operation 536 'fmul' 'mul_i5_i2_22' <Predicate = (!icmp_ln59)> <Delay = 5.70> <CoreInst = "FMul_maxdsp">   --->   Core 30 'FMul_maxdsp' <Latency = 3> <II = 1> <Delay = 5.70> <FuncUnit> <Opcode : 'fmul'> <InPorts = 2> <OutPorts = 1>
ST_29 : Operation 537 [1/1] (0.00ns)   --->   "%bitcast_ln36_72 = bitcast i32 %gmem1_addr_read_72" [D:/lenet_project/handoff/LeNet_DSE_Framework_2022_2/LeNet_DSE_Framework_2022_2/src/lenet_conv.cpp:36]   --->   Operation 537 'bitcast' 'bitcast_ln36_72' <Predicate = (!icmp_ln59)> <Delay = 0.00>
ST_29 : Operation 538 [4/4] (5.70ns)   --->   "%mul_i5_i2_23 = fmul i32 %window_24, i32 %bitcast_ln36_72" [D:/lenet_project/handoff/LeNet_DSE_Framework_2022_2/LeNet_DSE_Framework_2022_2/src/lenet_conv.cpp:36]   --->   Operation 538 'fmul' 'mul_i5_i2_23' <Predicate = (!icmp_ln59)> <Delay = 5.70> <CoreInst = "FMul_maxdsp">   --->   Core 30 'FMul_maxdsp' <Latency = 3> <II = 1> <Delay = 5.70> <FuncUnit> <Opcode : 'fmul'> <InPorts = 2> <OutPorts = 1>

State 30 <SV = 29> <Delay = 6.44>
ST_30 : Operation 539 [7/7] (6.44ns)   --->   "%accumulator_assign_10_3 = fadd i32 %accumulator_assign_10_2, i32 %mul_i5_i2_3" [D:/lenet_project/handoff/LeNet_DSE_Framework_2022_2/LeNet_DSE_Framework_2022_2/src/lenet_conv.cpp:36]   --->   Operation 539 'fadd' 'accumulator_assign_10_3' <Predicate = (!icmp_ln59)> <Delay = 6.44> <CoreInst = "FAddSub_fulldsp">   --->   Core 18 'FAddSub_fulldsp' <Latency = 6> <II = 1> <Delay = 6.44> <FuncUnit> <Opcode : 'fadd' 'fsub'> <InPorts = 2> <OutPorts = 1>
ST_30 : Operation 540 [1/4] (5.70ns)   --->   "%mul_i5_i2_21 = fmul i32 %window_22, i32 %bitcast_ln36_70" [D:/lenet_project/handoff/LeNet_DSE_Framework_2022_2/LeNet_DSE_Framework_2022_2/src/lenet_conv.cpp:36]   --->   Operation 540 'fmul' 'mul_i5_i2_21' <Predicate = (!icmp_ln59)> <Delay = 5.70> <CoreInst = "FMul_maxdsp">   --->   Core 30 'FMul_maxdsp' <Latency = 3> <II = 1> <Delay = 5.70> <FuncUnit> <Opcode : 'fmul'> <InPorts = 2> <OutPorts = 1>
ST_30 : Operation 541 [2/4] (5.70ns)   --->   "%mul_i5_i2_22 = fmul i32 %window_23, i32 %bitcast_ln36_71" [D:/lenet_project/handoff/LeNet_DSE_Framework_2022_2/LeNet_DSE_Framework_2022_2/src/lenet_conv.cpp:36]   --->   Operation 541 'fmul' 'mul_i5_i2_22' <Predicate = (!icmp_ln59)> <Delay = 5.70> <CoreInst = "FMul_maxdsp">   --->   Core 30 'FMul_maxdsp' <Latency = 3> <II = 1> <Delay = 5.70> <FuncUnit> <Opcode : 'fmul'> <InPorts = 2> <OutPorts = 1>
ST_30 : Operation 542 [3/4] (5.70ns)   --->   "%mul_i5_i2_23 = fmul i32 %window_24, i32 %bitcast_ln36_72" [D:/lenet_project/handoff/LeNet_DSE_Framework_2022_2/LeNet_DSE_Framework_2022_2/src/lenet_conv.cpp:36]   --->   Operation 542 'fmul' 'mul_i5_i2_23' <Predicate = (!icmp_ln59)> <Delay = 5.70> <CoreInst = "FMul_maxdsp">   --->   Core 30 'FMul_maxdsp' <Latency = 3> <II = 1> <Delay = 5.70> <FuncUnit> <Opcode : 'fmul'> <InPorts = 2> <OutPorts = 1>

State 31 <SV = 30> <Delay = 6.44>
ST_31 : Operation 543 [6/7] (6.44ns)   --->   "%accumulator_assign_10_3 = fadd i32 %accumulator_assign_10_2, i32 %mul_i5_i2_3" [D:/lenet_project/handoff/LeNet_DSE_Framework_2022_2/LeNet_DSE_Framework_2022_2/src/lenet_conv.cpp:36]   --->   Operation 543 'fadd' 'accumulator_assign_10_3' <Predicate = (!icmp_ln59)> <Delay = 6.44> <CoreInst = "FAddSub_fulldsp">   --->   Core 18 'FAddSub_fulldsp' <Latency = 6> <II = 1> <Delay = 6.44> <FuncUnit> <Opcode : 'fadd' 'fsub'> <InPorts = 2> <OutPorts = 1>
ST_31 : Operation 544 [1/4] (5.70ns)   --->   "%mul_i5_i2_22 = fmul i32 %window_23, i32 %bitcast_ln36_71" [D:/lenet_project/handoff/LeNet_DSE_Framework_2022_2/LeNet_DSE_Framework_2022_2/src/lenet_conv.cpp:36]   --->   Operation 544 'fmul' 'mul_i5_i2_22' <Predicate = (!icmp_ln59)> <Delay = 5.70> <CoreInst = "FMul_maxdsp">   --->   Core 30 'FMul_maxdsp' <Latency = 3> <II = 1> <Delay = 5.70> <FuncUnit> <Opcode : 'fmul'> <InPorts = 2> <OutPorts = 1>
ST_31 : Operation 545 [2/4] (5.70ns)   --->   "%mul_i5_i2_23 = fmul i32 %window_24, i32 %bitcast_ln36_72" [D:/lenet_project/handoff/LeNet_DSE_Framework_2022_2/LeNet_DSE_Framework_2022_2/src/lenet_conv.cpp:36]   --->   Operation 545 'fmul' 'mul_i5_i2_23' <Predicate = (!icmp_ln59)> <Delay = 5.70> <CoreInst = "FMul_maxdsp">   --->   Core 30 'FMul_maxdsp' <Latency = 3> <II = 1> <Delay = 5.70> <FuncUnit> <Opcode : 'fmul'> <InPorts = 2> <OutPorts = 1>

State 32 <SV = 31> <Delay = 6.44>
ST_32 : Operation 546 [5/7] (6.44ns)   --->   "%accumulator_assign_10_3 = fadd i32 %accumulator_assign_10_2, i32 %mul_i5_i2_3" [D:/lenet_project/handoff/LeNet_DSE_Framework_2022_2/LeNet_DSE_Framework_2022_2/src/lenet_conv.cpp:36]   --->   Operation 546 'fadd' 'accumulator_assign_10_3' <Predicate = (!icmp_ln59)> <Delay = 6.44> <CoreInst = "FAddSub_fulldsp">   --->   Core 18 'FAddSub_fulldsp' <Latency = 6> <II = 1> <Delay = 6.44> <FuncUnit> <Opcode : 'fadd' 'fsub'> <InPorts = 2> <OutPorts = 1>
ST_32 : Operation 547 [1/4] (5.70ns)   --->   "%mul_i5_i2_23 = fmul i32 %window_24, i32 %bitcast_ln36_72" [D:/lenet_project/handoff/LeNet_DSE_Framework_2022_2/LeNet_DSE_Framework_2022_2/src/lenet_conv.cpp:36]   --->   Operation 547 'fmul' 'mul_i5_i2_23' <Predicate = (!icmp_ln59)> <Delay = 5.70> <CoreInst = "FMul_maxdsp">   --->   Core 30 'FMul_maxdsp' <Latency = 3> <II = 1> <Delay = 5.70> <FuncUnit> <Opcode : 'fmul'> <InPorts = 2> <OutPorts = 1>

State 33 <SV = 32> <Delay = 6.44>
ST_33 : Operation 548 [4/7] (6.44ns)   --->   "%accumulator_assign_10_3 = fadd i32 %accumulator_assign_10_2, i32 %mul_i5_i2_3" [D:/lenet_project/handoff/LeNet_DSE_Framework_2022_2/LeNet_DSE_Framework_2022_2/src/lenet_conv.cpp:36]   --->   Operation 548 'fadd' 'accumulator_assign_10_3' <Predicate = (!icmp_ln59)> <Delay = 6.44> <CoreInst = "FAddSub_fulldsp">   --->   Core 18 'FAddSub_fulldsp' <Latency = 6> <II = 1> <Delay = 6.44> <FuncUnit> <Opcode : 'fadd' 'fsub'> <InPorts = 2> <OutPorts = 1>

State 34 <SV = 33> <Delay = 6.44>
ST_34 : Operation 549 [3/7] (6.44ns)   --->   "%accumulator_assign_10_3 = fadd i32 %accumulator_assign_10_2, i32 %mul_i5_i2_3" [D:/lenet_project/handoff/LeNet_DSE_Framework_2022_2/LeNet_DSE_Framework_2022_2/src/lenet_conv.cpp:36]   --->   Operation 549 'fadd' 'accumulator_assign_10_3' <Predicate = (!icmp_ln59)> <Delay = 6.44> <CoreInst = "FAddSub_fulldsp">   --->   Core 18 'FAddSub_fulldsp' <Latency = 6> <II = 1> <Delay = 6.44> <FuncUnit> <Opcode : 'fadd' 'fsub'> <InPorts = 2> <OutPorts = 1>

State 35 <SV = 34> <Delay = 6.44>
ST_35 : Operation 550 [2/7] (6.44ns)   --->   "%accumulator_assign_10_3 = fadd i32 %accumulator_assign_10_2, i32 %mul_i5_i2_3" [D:/lenet_project/handoff/LeNet_DSE_Framework_2022_2/LeNet_DSE_Framework_2022_2/src/lenet_conv.cpp:36]   --->   Operation 550 'fadd' 'accumulator_assign_10_3' <Predicate = (!icmp_ln59)> <Delay = 6.44> <CoreInst = "FAddSub_fulldsp">   --->   Core 18 'FAddSub_fulldsp' <Latency = 6> <II = 1> <Delay = 6.44> <FuncUnit> <Opcode : 'fadd' 'fsub'> <InPorts = 2> <OutPorts = 1>

State 36 <SV = 35> <Delay = 6.44>
ST_36 : Operation 551 [1/7] (6.44ns)   --->   "%accumulator_assign_10_3 = fadd i32 %accumulator_assign_10_2, i32 %mul_i5_i2_3" [D:/lenet_project/handoff/LeNet_DSE_Framework_2022_2/LeNet_DSE_Framework_2022_2/src/lenet_conv.cpp:36]   --->   Operation 551 'fadd' 'accumulator_assign_10_3' <Predicate = (!icmp_ln59)> <Delay = 6.44> <CoreInst = "FAddSub_fulldsp">   --->   Core 18 'FAddSub_fulldsp' <Latency = 6> <II = 1> <Delay = 6.44> <FuncUnit> <Opcode : 'fadd' 'fsub'> <InPorts = 2> <OutPorts = 1>

State 37 <SV = 36> <Delay = 6.44>
ST_37 : Operation 552 [7/7] (6.44ns)   --->   "%accumulator_assign_10_4 = fadd i32 %accumulator_assign_10_3, i32 %mul_i5_i2_4" [D:/lenet_project/handoff/LeNet_DSE_Framework_2022_2/LeNet_DSE_Framework_2022_2/src/lenet_conv.cpp:36]   --->   Operation 552 'fadd' 'accumulator_assign_10_4' <Predicate = (!icmp_ln59)> <Delay = 6.44> <CoreInst = "FAddSub_fulldsp">   --->   Core 18 'FAddSub_fulldsp' <Latency = 6> <II = 1> <Delay = 6.44> <FuncUnit> <Opcode : 'fadd' 'fsub'> <InPorts = 2> <OutPorts = 1>

State 38 <SV = 37> <Delay = 6.44>
ST_38 : Operation 553 [6/7] (6.44ns)   --->   "%accumulator_assign_10_4 = fadd i32 %accumulator_assign_10_3, i32 %mul_i5_i2_4" [D:/lenet_project/handoff/LeNet_DSE_Framework_2022_2/LeNet_DSE_Framework_2022_2/src/lenet_conv.cpp:36]   --->   Operation 553 'fadd' 'accumulator_assign_10_4' <Predicate = (!icmp_ln59)> <Delay = 6.44> <CoreInst = "FAddSub_fulldsp">   --->   Core 18 'FAddSub_fulldsp' <Latency = 6> <II = 1> <Delay = 6.44> <FuncUnit> <Opcode : 'fadd' 'fsub'> <InPorts = 2> <OutPorts = 1>

State 39 <SV = 38> <Delay = 6.44>
ST_39 : Operation 554 [5/7] (6.44ns)   --->   "%accumulator_assign_10_4 = fadd i32 %accumulator_assign_10_3, i32 %mul_i5_i2_4" [D:/lenet_project/handoff/LeNet_DSE_Framework_2022_2/LeNet_DSE_Framework_2022_2/src/lenet_conv.cpp:36]   --->   Operation 554 'fadd' 'accumulator_assign_10_4' <Predicate = (!icmp_ln59)> <Delay = 6.44> <CoreInst = "FAddSub_fulldsp">   --->   Core 18 'FAddSub_fulldsp' <Latency = 6> <II = 1> <Delay = 6.44> <FuncUnit> <Opcode : 'fadd' 'fsub'> <InPorts = 2> <OutPorts = 1>

State 40 <SV = 39> <Delay = 6.44>
ST_40 : Operation 555 [4/7] (6.44ns)   --->   "%accumulator_assign_10_4 = fadd i32 %accumulator_assign_10_3, i32 %mul_i5_i2_4" [D:/lenet_project/handoff/LeNet_DSE_Framework_2022_2/LeNet_DSE_Framework_2022_2/src/lenet_conv.cpp:36]   --->   Operation 555 'fadd' 'accumulator_assign_10_4' <Predicate = (!icmp_ln59)> <Delay = 6.44> <CoreInst = "FAddSub_fulldsp">   --->   Core 18 'FAddSub_fulldsp' <Latency = 6> <II = 1> <Delay = 6.44> <FuncUnit> <Opcode : 'fadd' 'fsub'> <InPorts = 2> <OutPorts = 1>

State 41 <SV = 40> <Delay = 6.44>
ST_41 : Operation 556 [3/7] (6.44ns)   --->   "%accumulator_assign_10_4 = fadd i32 %accumulator_assign_10_3, i32 %mul_i5_i2_4" [D:/lenet_project/handoff/LeNet_DSE_Framework_2022_2/LeNet_DSE_Framework_2022_2/src/lenet_conv.cpp:36]   --->   Operation 556 'fadd' 'accumulator_assign_10_4' <Predicate = (!icmp_ln59)> <Delay = 6.44> <CoreInst = "FAddSub_fulldsp">   --->   Core 18 'FAddSub_fulldsp' <Latency = 6> <II = 1> <Delay = 6.44> <FuncUnit> <Opcode : 'fadd' 'fsub'> <InPorts = 2> <OutPorts = 1>

State 42 <SV = 41> <Delay = 6.44>
ST_42 : Operation 557 [2/7] (6.44ns)   --->   "%accumulator_assign_10_4 = fadd i32 %accumulator_assign_10_3, i32 %mul_i5_i2_4" [D:/lenet_project/handoff/LeNet_DSE_Framework_2022_2/LeNet_DSE_Framework_2022_2/src/lenet_conv.cpp:36]   --->   Operation 557 'fadd' 'accumulator_assign_10_4' <Predicate = (!icmp_ln59)> <Delay = 6.44> <CoreInst = "FAddSub_fulldsp">   --->   Core 18 'FAddSub_fulldsp' <Latency = 6> <II = 1> <Delay = 6.44> <FuncUnit> <Opcode : 'fadd' 'fsub'> <InPorts = 2> <OutPorts = 1>

State 43 <SV = 42> <Delay = 6.44>
ST_43 : Operation 558 [1/7] (6.44ns)   --->   "%accumulator_assign_10_4 = fadd i32 %accumulator_assign_10_3, i32 %mul_i5_i2_4" [D:/lenet_project/handoff/LeNet_DSE_Framework_2022_2/LeNet_DSE_Framework_2022_2/src/lenet_conv.cpp:36]   --->   Operation 558 'fadd' 'accumulator_assign_10_4' <Predicate = (!icmp_ln59)> <Delay = 6.44> <CoreInst = "FAddSub_fulldsp">   --->   Core 18 'FAddSub_fulldsp' <Latency = 6> <II = 1> <Delay = 6.44> <FuncUnit> <Opcode : 'fadd' 'fsub'> <InPorts = 2> <OutPorts = 1>

State 44 <SV = 43> <Delay = 6.44>
ST_44 : Operation 559 [7/7] (6.44ns)   --->   "%accumulator_assign_10_5 = fadd i32 %accumulator_assign_10_4, i32 %mul_i5_i2_5" [D:/lenet_project/handoff/LeNet_DSE_Framework_2022_2/LeNet_DSE_Framework_2022_2/src/lenet_conv.cpp:36]   --->   Operation 559 'fadd' 'accumulator_assign_10_5' <Predicate = (!icmp_ln59)> <Delay = 6.44> <CoreInst = "FAddSub_fulldsp">   --->   Core 18 'FAddSub_fulldsp' <Latency = 6> <II = 1> <Delay = 6.44> <FuncUnit> <Opcode : 'fadd' 'fsub'> <InPorts = 2> <OutPorts = 1>

State 45 <SV = 44> <Delay = 6.44>
ST_45 : Operation 560 [6/7] (6.44ns)   --->   "%accumulator_assign_10_5 = fadd i32 %accumulator_assign_10_4, i32 %mul_i5_i2_5" [D:/lenet_project/handoff/LeNet_DSE_Framework_2022_2/LeNet_DSE_Framework_2022_2/src/lenet_conv.cpp:36]   --->   Operation 560 'fadd' 'accumulator_assign_10_5' <Predicate = (!icmp_ln59)> <Delay = 6.44> <CoreInst = "FAddSub_fulldsp">   --->   Core 18 'FAddSub_fulldsp' <Latency = 6> <II = 1> <Delay = 6.44> <FuncUnit> <Opcode : 'fadd' 'fsub'> <InPorts = 2> <OutPorts = 1>

State 46 <SV = 45> <Delay = 6.44>
ST_46 : Operation 561 [5/7] (6.44ns)   --->   "%accumulator_assign_10_5 = fadd i32 %accumulator_assign_10_4, i32 %mul_i5_i2_5" [D:/lenet_project/handoff/LeNet_DSE_Framework_2022_2/LeNet_DSE_Framework_2022_2/src/lenet_conv.cpp:36]   --->   Operation 561 'fadd' 'accumulator_assign_10_5' <Predicate = (!icmp_ln59)> <Delay = 6.44> <CoreInst = "FAddSub_fulldsp">   --->   Core 18 'FAddSub_fulldsp' <Latency = 6> <II = 1> <Delay = 6.44> <FuncUnit> <Opcode : 'fadd' 'fsub'> <InPorts = 2> <OutPorts = 1>

State 47 <SV = 46> <Delay = 6.44>
ST_47 : Operation 562 [4/7] (6.44ns)   --->   "%accumulator_assign_10_5 = fadd i32 %accumulator_assign_10_4, i32 %mul_i5_i2_5" [D:/lenet_project/handoff/LeNet_DSE_Framework_2022_2/LeNet_DSE_Framework_2022_2/src/lenet_conv.cpp:36]   --->   Operation 562 'fadd' 'accumulator_assign_10_5' <Predicate = (!icmp_ln59)> <Delay = 6.44> <CoreInst = "FAddSub_fulldsp">   --->   Core 18 'FAddSub_fulldsp' <Latency = 6> <II = 1> <Delay = 6.44> <FuncUnit> <Opcode : 'fadd' 'fsub'> <InPorts = 2> <OutPorts = 1>

State 48 <SV = 47> <Delay = 6.44>
ST_48 : Operation 563 [3/7] (6.44ns)   --->   "%accumulator_assign_10_5 = fadd i32 %accumulator_assign_10_4, i32 %mul_i5_i2_5" [D:/lenet_project/handoff/LeNet_DSE_Framework_2022_2/LeNet_DSE_Framework_2022_2/src/lenet_conv.cpp:36]   --->   Operation 563 'fadd' 'accumulator_assign_10_5' <Predicate = (!icmp_ln59)> <Delay = 6.44> <CoreInst = "FAddSub_fulldsp">   --->   Core 18 'FAddSub_fulldsp' <Latency = 6> <II = 1> <Delay = 6.44> <FuncUnit> <Opcode : 'fadd' 'fsub'> <InPorts = 2> <OutPorts = 1>

State 49 <SV = 48> <Delay = 6.44>
ST_49 : Operation 564 [2/7] (6.44ns)   --->   "%accumulator_assign_10_5 = fadd i32 %accumulator_assign_10_4, i32 %mul_i5_i2_5" [D:/lenet_project/handoff/LeNet_DSE_Framework_2022_2/LeNet_DSE_Framework_2022_2/src/lenet_conv.cpp:36]   --->   Operation 564 'fadd' 'accumulator_assign_10_5' <Predicate = (!icmp_ln59)> <Delay = 6.44> <CoreInst = "FAddSub_fulldsp">   --->   Core 18 'FAddSub_fulldsp' <Latency = 6> <II = 1> <Delay = 6.44> <FuncUnit> <Opcode : 'fadd' 'fsub'> <InPorts = 2> <OutPorts = 1>

State 50 <SV = 49> <Delay = 6.44>
ST_50 : Operation 565 [1/7] (6.44ns)   --->   "%accumulator_assign_10_5 = fadd i32 %accumulator_assign_10_4, i32 %mul_i5_i2_5" [D:/lenet_project/handoff/LeNet_DSE_Framework_2022_2/LeNet_DSE_Framework_2022_2/src/lenet_conv.cpp:36]   --->   Operation 565 'fadd' 'accumulator_assign_10_5' <Predicate = (!icmp_ln59)> <Delay = 6.44> <CoreInst = "FAddSub_fulldsp">   --->   Core 18 'FAddSub_fulldsp' <Latency = 6> <II = 1> <Delay = 6.44> <FuncUnit> <Opcode : 'fadd' 'fsub'> <InPorts = 2> <OutPorts = 1>

State 51 <SV = 50> <Delay = 6.44>
ST_51 : Operation 566 [7/7] (6.44ns)   --->   "%accumulator_assign_10_6 = fadd i32 %accumulator_assign_10_5, i32 %mul_i5_i2_6" [D:/lenet_project/handoff/LeNet_DSE_Framework_2022_2/LeNet_DSE_Framework_2022_2/src/lenet_conv.cpp:36]   --->   Operation 566 'fadd' 'accumulator_assign_10_6' <Predicate = (!icmp_ln59)> <Delay = 6.44> <CoreInst = "FAddSub_fulldsp">   --->   Core 18 'FAddSub_fulldsp' <Latency = 6> <II = 1> <Delay = 6.44> <FuncUnit> <Opcode : 'fadd' 'fsub'> <InPorts = 2> <OutPorts = 1>

State 52 <SV = 51> <Delay = 6.44>
ST_52 : Operation 567 [6/7] (6.44ns)   --->   "%accumulator_assign_10_6 = fadd i32 %accumulator_assign_10_5, i32 %mul_i5_i2_6" [D:/lenet_project/handoff/LeNet_DSE_Framework_2022_2/LeNet_DSE_Framework_2022_2/src/lenet_conv.cpp:36]   --->   Operation 567 'fadd' 'accumulator_assign_10_6' <Predicate = (!icmp_ln59)> <Delay = 6.44> <CoreInst = "FAddSub_fulldsp">   --->   Core 18 'FAddSub_fulldsp' <Latency = 6> <II = 1> <Delay = 6.44> <FuncUnit> <Opcode : 'fadd' 'fsub'> <InPorts = 2> <OutPorts = 1>

State 53 <SV = 52> <Delay = 6.44>
ST_53 : Operation 568 [5/7] (6.44ns)   --->   "%accumulator_assign_10_6 = fadd i32 %accumulator_assign_10_5, i32 %mul_i5_i2_6" [D:/lenet_project/handoff/LeNet_DSE_Framework_2022_2/LeNet_DSE_Framework_2022_2/src/lenet_conv.cpp:36]   --->   Operation 568 'fadd' 'accumulator_assign_10_6' <Predicate = (!icmp_ln59)> <Delay = 6.44> <CoreInst = "FAddSub_fulldsp">   --->   Core 18 'FAddSub_fulldsp' <Latency = 6> <II = 1> <Delay = 6.44> <FuncUnit> <Opcode : 'fadd' 'fsub'> <InPorts = 2> <OutPorts = 1>

State 54 <SV = 53> <Delay = 6.44>
ST_54 : Operation 569 [4/7] (6.44ns)   --->   "%accumulator_assign_10_6 = fadd i32 %accumulator_assign_10_5, i32 %mul_i5_i2_6" [D:/lenet_project/handoff/LeNet_DSE_Framework_2022_2/LeNet_DSE_Framework_2022_2/src/lenet_conv.cpp:36]   --->   Operation 569 'fadd' 'accumulator_assign_10_6' <Predicate = (!icmp_ln59)> <Delay = 6.44> <CoreInst = "FAddSub_fulldsp">   --->   Core 18 'FAddSub_fulldsp' <Latency = 6> <II = 1> <Delay = 6.44> <FuncUnit> <Opcode : 'fadd' 'fsub'> <InPorts = 2> <OutPorts = 1>

State 55 <SV = 54> <Delay = 6.44>
ST_55 : Operation 570 [3/7] (6.44ns)   --->   "%accumulator_assign_10_6 = fadd i32 %accumulator_assign_10_5, i32 %mul_i5_i2_6" [D:/lenet_project/handoff/LeNet_DSE_Framework_2022_2/LeNet_DSE_Framework_2022_2/src/lenet_conv.cpp:36]   --->   Operation 570 'fadd' 'accumulator_assign_10_6' <Predicate = (!icmp_ln59)> <Delay = 6.44> <CoreInst = "FAddSub_fulldsp">   --->   Core 18 'FAddSub_fulldsp' <Latency = 6> <II = 1> <Delay = 6.44> <FuncUnit> <Opcode : 'fadd' 'fsub'> <InPorts = 2> <OutPorts = 1>

State 56 <SV = 55> <Delay = 6.44>
ST_56 : Operation 571 [2/7] (6.44ns)   --->   "%accumulator_assign_10_6 = fadd i32 %accumulator_assign_10_5, i32 %mul_i5_i2_6" [D:/lenet_project/handoff/LeNet_DSE_Framework_2022_2/LeNet_DSE_Framework_2022_2/src/lenet_conv.cpp:36]   --->   Operation 571 'fadd' 'accumulator_assign_10_6' <Predicate = (!icmp_ln59)> <Delay = 6.44> <CoreInst = "FAddSub_fulldsp">   --->   Core 18 'FAddSub_fulldsp' <Latency = 6> <II = 1> <Delay = 6.44> <FuncUnit> <Opcode : 'fadd' 'fsub'> <InPorts = 2> <OutPorts = 1>

State 57 <SV = 56> <Delay = 6.44>
ST_57 : Operation 572 [1/7] (6.44ns)   --->   "%accumulator_assign_10_6 = fadd i32 %accumulator_assign_10_5, i32 %mul_i5_i2_6" [D:/lenet_project/handoff/LeNet_DSE_Framework_2022_2/LeNet_DSE_Framework_2022_2/src/lenet_conv.cpp:36]   --->   Operation 572 'fadd' 'accumulator_assign_10_6' <Predicate = (!icmp_ln59)> <Delay = 6.44> <CoreInst = "FAddSub_fulldsp">   --->   Core 18 'FAddSub_fulldsp' <Latency = 6> <II = 1> <Delay = 6.44> <FuncUnit> <Opcode : 'fadd' 'fsub'> <InPorts = 2> <OutPorts = 1>

State 58 <SV = 57> <Delay = 6.44>
ST_58 : Operation 573 [7/7] (6.44ns)   --->   "%accumulator_assign_10_7 = fadd i32 %accumulator_assign_10_6, i32 %mul_i5_i2_7" [D:/lenet_project/handoff/LeNet_DSE_Framework_2022_2/LeNet_DSE_Framework_2022_2/src/lenet_conv.cpp:36]   --->   Operation 573 'fadd' 'accumulator_assign_10_7' <Predicate = (!icmp_ln59)> <Delay = 6.44> <CoreInst = "FAddSub_fulldsp">   --->   Core 18 'FAddSub_fulldsp' <Latency = 6> <II = 1> <Delay = 6.44> <FuncUnit> <Opcode : 'fadd' 'fsub'> <InPorts = 2> <OutPorts = 1>

State 59 <SV = 58> <Delay = 6.44>
ST_59 : Operation 574 [6/7] (6.44ns)   --->   "%accumulator_assign_10_7 = fadd i32 %accumulator_assign_10_6, i32 %mul_i5_i2_7" [D:/lenet_project/handoff/LeNet_DSE_Framework_2022_2/LeNet_DSE_Framework_2022_2/src/lenet_conv.cpp:36]   --->   Operation 574 'fadd' 'accumulator_assign_10_7' <Predicate = (!icmp_ln59)> <Delay = 6.44> <CoreInst = "FAddSub_fulldsp">   --->   Core 18 'FAddSub_fulldsp' <Latency = 6> <II = 1> <Delay = 6.44> <FuncUnit> <Opcode : 'fadd' 'fsub'> <InPorts = 2> <OutPorts = 1>

State 60 <SV = 59> <Delay = 6.44>
ST_60 : Operation 575 [5/7] (6.44ns)   --->   "%accumulator_assign_10_7 = fadd i32 %accumulator_assign_10_6, i32 %mul_i5_i2_7" [D:/lenet_project/handoff/LeNet_DSE_Framework_2022_2/LeNet_DSE_Framework_2022_2/src/lenet_conv.cpp:36]   --->   Operation 575 'fadd' 'accumulator_assign_10_7' <Predicate = (!icmp_ln59)> <Delay = 6.44> <CoreInst = "FAddSub_fulldsp">   --->   Core 18 'FAddSub_fulldsp' <Latency = 6> <II = 1> <Delay = 6.44> <FuncUnit> <Opcode : 'fadd' 'fsub'> <InPorts = 2> <OutPorts = 1>

State 61 <SV = 60> <Delay = 6.44>
ST_61 : Operation 576 [4/7] (6.44ns)   --->   "%accumulator_assign_10_7 = fadd i32 %accumulator_assign_10_6, i32 %mul_i5_i2_7" [D:/lenet_project/handoff/LeNet_DSE_Framework_2022_2/LeNet_DSE_Framework_2022_2/src/lenet_conv.cpp:36]   --->   Operation 576 'fadd' 'accumulator_assign_10_7' <Predicate = (!icmp_ln59)> <Delay = 6.44> <CoreInst = "FAddSub_fulldsp">   --->   Core 18 'FAddSub_fulldsp' <Latency = 6> <II = 1> <Delay = 6.44> <FuncUnit> <Opcode : 'fadd' 'fsub'> <InPorts = 2> <OutPorts = 1>

State 62 <SV = 61> <Delay = 6.44>
ST_62 : Operation 577 [3/7] (6.44ns)   --->   "%accumulator_assign_10_7 = fadd i32 %accumulator_assign_10_6, i32 %mul_i5_i2_7" [D:/lenet_project/handoff/LeNet_DSE_Framework_2022_2/LeNet_DSE_Framework_2022_2/src/lenet_conv.cpp:36]   --->   Operation 577 'fadd' 'accumulator_assign_10_7' <Predicate = (!icmp_ln59)> <Delay = 6.44> <CoreInst = "FAddSub_fulldsp">   --->   Core 18 'FAddSub_fulldsp' <Latency = 6> <II = 1> <Delay = 6.44> <FuncUnit> <Opcode : 'fadd' 'fsub'> <InPorts = 2> <OutPorts = 1>

State 63 <SV = 62> <Delay = 6.44>
ST_63 : Operation 578 [2/7] (6.44ns)   --->   "%accumulator_assign_10_7 = fadd i32 %accumulator_assign_10_6, i32 %mul_i5_i2_7" [D:/lenet_project/handoff/LeNet_DSE_Framework_2022_2/LeNet_DSE_Framework_2022_2/src/lenet_conv.cpp:36]   --->   Operation 578 'fadd' 'accumulator_assign_10_7' <Predicate = (!icmp_ln59)> <Delay = 6.44> <CoreInst = "FAddSub_fulldsp">   --->   Core 18 'FAddSub_fulldsp' <Latency = 6> <II = 1> <Delay = 6.44> <FuncUnit> <Opcode : 'fadd' 'fsub'> <InPorts = 2> <OutPorts = 1>

State 64 <SV = 63> <Delay = 6.44>
ST_64 : Operation 579 [1/7] (6.44ns)   --->   "%accumulator_assign_10_7 = fadd i32 %accumulator_assign_10_6, i32 %mul_i5_i2_7" [D:/lenet_project/handoff/LeNet_DSE_Framework_2022_2/LeNet_DSE_Framework_2022_2/src/lenet_conv.cpp:36]   --->   Operation 579 'fadd' 'accumulator_assign_10_7' <Predicate = (!icmp_ln59)> <Delay = 6.44> <CoreInst = "FAddSub_fulldsp">   --->   Core 18 'FAddSub_fulldsp' <Latency = 6> <II = 1> <Delay = 6.44> <FuncUnit> <Opcode : 'fadd' 'fsub'> <InPorts = 2> <OutPorts = 1>

State 65 <SV = 64> <Delay = 6.44>
ST_65 : Operation 580 [7/7] (6.44ns)   --->   "%accumulator_assign_10_8 = fadd i32 %accumulator_assign_10_7, i32 %mul_i5_i2_8" [D:/lenet_project/handoff/LeNet_DSE_Framework_2022_2/LeNet_DSE_Framework_2022_2/src/lenet_conv.cpp:36]   --->   Operation 580 'fadd' 'accumulator_assign_10_8' <Predicate = (!icmp_ln59)> <Delay = 6.44> <CoreInst = "FAddSub_fulldsp">   --->   Core 18 'FAddSub_fulldsp' <Latency = 6> <II = 1> <Delay = 6.44> <FuncUnit> <Opcode : 'fadd' 'fsub'> <InPorts = 2> <OutPorts = 1>

State 66 <SV = 65> <Delay = 6.44>
ST_66 : Operation 581 [6/7] (6.44ns)   --->   "%accumulator_assign_10_8 = fadd i32 %accumulator_assign_10_7, i32 %mul_i5_i2_8" [D:/lenet_project/handoff/LeNet_DSE_Framework_2022_2/LeNet_DSE_Framework_2022_2/src/lenet_conv.cpp:36]   --->   Operation 581 'fadd' 'accumulator_assign_10_8' <Predicate = (!icmp_ln59)> <Delay = 6.44> <CoreInst = "FAddSub_fulldsp">   --->   Core 18 'FAddSub_fulldsp' <Latency = 6> <II = 1> <Delay = 6.44> <FuncUnit> <Opcode : 'fadd' 'fsub'> <InPorts = 2> <OutPorts = 1>

State 67 <SV = 66> <Delay = 6.44>
ST_67 : Operation 582 [5/7] (6.44ns)   --->   "%accumulator_assign_10_8 = fadd i32 %accumulator_assign_10_7, i32 %mul_i5_i2_8" [D:/lenet_project/handoff/LeNet_DSE_Framework_2022_2/LeNet_DSE_Framework_2022_2/src/lenet_conv.cpp:36]   --->   Operation 582 'fadd' 'accumulator_assign_10_8' <Predicate = (!icmp_ln59)> <Delay = 6.44> <CoreInst = "FAddSub_fulldsp">   --->   Core 18 'FAddSub_fulldsp' <Latency = 6> <II = 1> <Delay = 6.44> <FuncUnit> <Opcode : 'fadd' 'fsub'> <InPorts = 2> <OutPorts = 1>

State 68 <SV = 67> <Delay = 6.44>
ST_68 : Operation 583 [4/7] (6.44ns)   --->   "%accumulator_assign_10_8 = fadd i32 %accumulator_assign_10_7, i32 %mul_i5_i2_8" [D:/lenet_project/handoff/LeNet_DSE_Framework_2022_2/LeNet_DSE_Framework_2022_2/src/lenet_conv.cpp:36]   --->   Operation 583 'fadd' 'accumulator_assign_10_8' <Predicate = (!icmp_ln59)> <Delay = 6.44> <CoreInst = "FAddSub_fulldsp">   --->   Core 18 'FAddSub_fulldsp' <Latency = 6> <II = 1> <Delay = 6.44> <FuncUnit> <Opcode : 'fadd' 'fsub'> <InPorts = 2> <OutPorts = 1>

State 69 <SV = 68> <Delay = 6.44>
ST_69 : Operation 584 [3/7] (6.44ns)   --->   "%accumulator_assign_10_8 = fadd i32 %accumulator_assign_10_7, i32 %mul_i5_i2_8" [D:/lenet_project/handoff/LeNet_DSE_Framework_2022_2/LeNet_DSE_Framework_2022_2/src/lenet_conv.cpp:36]   --->   Operation 584 'fadd' 'accumulator_assign_10_8' <Predicate = (!icmp_ln59)> <Delay = 6.44> <CoreInst = "FAddSub_fulldsp">   --->   Core 18 'FAddSub_fulldsp' <Latency = 6> <II = 1> <Delay = 6.44> <FuncUnit> <Opcode : 'fadd' 'fsub'> <InPorts = 2> <OutPorts = 1>

State 70 <SV = 69> <Delay = 6.44>
ST_70 : Operation 585 [2/7] (6.44ns)   --->   "%accumulator_assign_10_8 = fadd i32 %accumulator_assign_10_7, i32 %mul_i5_i2_8" [D:/lenet_project/handoff/LeNet_DSE_Framework_2022_2/LeNet_DSE_Framework_2022_2/src/lenet_conv.cpp:36]   --->   Operation 585 'fadd' 'accumulator_assign_10_8' <Predicate = (!icmp_ln59)> <Delay = 6.44> <CoreInst = "FAddSub_fulldsp">   --->   Core 18 'FAddSub_fulldsp' <Latency = 6> <II = 1> <Delay = 6.44> <FuncUnit> <Opcode : 'fadd' 'fsub'> <InPorts = 2> <OutPorts = 1>

State 71 <SV = 70> <Delay = 6.44>
ST_71 : Operation 586 [1/7] (6.44ns)   --->   "%accumulator_assign_10_8 = fadd i32 %accumulator_assign_10_7, i32 %mul_i5_i2_8" [D:/lenet_project/handoff/LeNet_DSE_Framework_2022_2/LeNet_DSE_Framework_2022_2/src/lenet_conv.cpp:36]   --->   Operation 586 'fadd' 'accumulator_assign_10_8' <Predicate = (!icmp_ln59)> <Delay = 6.44> <CoreInst = "FAddSub_fulldsp">   --->   Core 18 'FAddSub_fulldsp' <Latency = 6> <II = 1> <Delay = 6.44> <FuncUnit> <Opcode : 'fadd' 'fsub'> <InPorts = 2> <OutPorts = 1>

State 72 <SV = 71> <Delay = 6.44>
ST_72 : Operation 587 [7/7] (6.44ns)   --->   "%accumulator_assign_10_9 = fadd i32 %accumulator_assign_10_8, i32 %mul_i5_i2_9" [D:/lenet_project/handoff/LeNet_DSE_Framework_2022_2/LeNet_DSE_Framework_2022_2/src/lenet_conv.cpp:36]   --->   Operation 587 'fadd' 'accumulator_assign_10_9' <Predicate = (!icmp_ln59)> <Delay = 6.44> <CoreInst = "FAddSub_fulldsp">   --->   Core 18 'FAddSub_fulldsp' <Latency = 6> <II = 1> <Delay = 6.44> <FuncUnit> <Opcode : 'fadd' 'fsub'> <InPorts = 2> <OutPorts = 1>

State 73 <SV = 72> <Delay = 6.44>
ST_73 : Operation 588 [6/7] (6.44ns)   --->   "%accumulator_assign_10_9 = fadd i32 %accumulator_assign_10_8, i32 %mul_i5_i2_9" [D:/lenet_project/handoff/LeNet_DSE_Framework_2022_2/LeNet_DSE_Framework_2022_2/src/lenet_conv.cpp:36]   --->   Operation 588 'fadd' 'accumulator_assign_10_9' <Predicate = (!icmp_ln59)> <Delay = 6.44> <CoreInst = "FAddSub_fulldsp">   --->   Core 18 'FAddSub_fulldsp' <Latency = 6> <II = 1> <Delay = 6.44> <FuncUnit> <Opcode : 'fadd' 'fsub'> <InPorts = 2> <OutPorts = 1>

State 74 <SV = 73> <Delay = 6.44>
ST_74 : Operation 589 [5/7] (6.44ns)   --->   "%accumulator_assign_10_9 = fadd i32 %accumulator_assign_10_8, i32 %mul_i5_i2_9" [D:/lenet_project/handoff/LeNet_DSE_Framework_2022_2/LeNet_DSE_Framework_2022_2/src/lenet_conv.cpp:36]   --->   Operation 589 'fadd' 'accumulator_assign_10_9' <Predicate = (!icmp_ln59)> <Delay = 6.44> <CoreInst = "FAddSub_fulldsp">   --->   Core 18 'FAddSub_fulldsp' <Latency = 6> <II = 1> <Delay = 6.44> <FuncUnit> <Opcode : 'fadd' 'fsub'> <InPorts = 2> <OutPorts = 1>

State 75 <SV = 74> <Delay = 6.44>
ST_75 : Operation 590 [4/7] (6.44ns)   --->   "%accumulator_assign_10_9 = fadd i32 %accumulator_assign_10_8, i32 %mul_i5_i2_9" [D:/lenet_project/handoff/LeNet_DSE_Framework_2022_2/LeNet_DSE_Framework_2022_2/src/lenet_conv.cpp:36]   --->   Operation 590 'fadd' 'accumulator_assign_10_9' <Predicate = (!icmp_ln59)> <Delay = 6.44> <CoreInst = "FAddSub_fulldsp">   --->   Core 18 'FAddSub_fulldsp' <Latency = 6> <II = 1> <Delay = 6.44> <FuncUnit> <Opcode : 'fadd' 'fsub'> <InPorts = 2> <OutPorts = 1>

State 76 <SV = 75> <Delay = 6.44>
ST_76 : Operation 591 [3/7] (6.44ns)   --->   "%accumulator_assign_10_9 = fadd i32 %accumulator_assign_10_8, i32 %mul_i5_i2_9" [D:/lenet_project/handoff/LeNet_DSE_Framework_2022_2/LeNet_DSE_Framework_2022_2/src/lenet_conv.cpp:36]   --->   Operation 591 'fadd' 'accumulator_assign_10_9' <Predicate = (!icmp_ln59)> <Delay = 6.44> <CoreInst = "FAddSub_fulldsp">   --->   Core 18 'FAddSub_fulldsp' <Latency = 6> <II = 1> <Delay = 6.44> <FuncUnit> <Opcode : 'fadd' 'fsub'> <InPorts = 2> <OutPorts = 1>

State 77 <SV = 76> <Delay = 6.44>
ST_77 : Operation 592 [2/7] (6.44ns)   --->   "%accumulator_assign_10_9 = fadd i32 %accumulator_assign_10_8, i32 %mul_i5_i2_9" [D:/lenet_project/handoff/LeNet_DSE_Framework_2022_2/LeNet_DSE_Framework_2022_2/src/lenet_conv.cpp:36]   --->   Operation 592 'fadd' 'accumulator_assign_10_9' <Predicate = (!icmp_ln59)> <Delay = 6.44> <CoreInst = "FAddSub_fulldsp">   --->   Core 18 'FAddSub_fulldsp' <Latency = 6> <II = 1> <Delay = 6.44> <FuncUnit> <Opcode : 'fadd' 'fsub'> <InPorts = 2> <OutPorts = 1>

State 78 <SV = 77> <Delay = 6.44>
ST_78 : Operation 593 [1/7] (6.44ns)   --->   "%accumulator_assign_10_9 = fadd i32 %accumulator_assign_10_8, i32 %mul_i5_i2_9" [D:/lenet_project/handoff/LeNet_DSE_Framework_2022_2/LeNet_DSE_Framework_2022_2/src/lenet_conv.cpp:36]   --->   Operation 593 'fadd' 'accumulator_assign_10_9' <Predicate = (!icmp_ln59)> <Delay = 6.44> <CoreInst = "FAddSub_fulldsp">   --->   Core 18 'FAddSub_fulldsp' <Latency = 6> <II = 1> <Delay = 6.44> <FuncUnit> <Opcode : 'fadd' 'fsub'> <InPorts = 2> <OutPorts = 1>

State 79 <SV = 78> <Delay = 6.44>
ST_79 : Operation 594 [7/7] (6.44ns)   --->   "%accumulator_assign_10_s = fadd i32 %accumulator_assign_10_9, i32 %mul_i5_i2_s" [D:/lenet_project/handoff/LeNet_DSE_Framework_2022_2/LeNet_DSE_Framework_2022_2/src/lenet_conv.cpp:36]   --->   Operation 594 'fadd' 'accumulator_assign_10_s' <Predicate = (!icmp_ln59)> <Delay = 6.44> <CoreInst = "FAddSub_fulldsp">   --->   Core 18 'FAddSub_fulldsp' <Latency = 6> <II = 1> <Delay = 6.44> <FuncUnit> <Opcode : 'fadd' 'fsub'> <InPorts = 2> <OutPorts = 1>

State 80 <SV = 79> <Delay = 6.44>
ST_80 : Operation 595 [6/7] (6.44ns)   --->   "%accumulator_assign_10_s = fadd i32 %accumulator_assign_10_9, i32 %mul_i5_i2_s" [D:/lenet_project/handoff/LeNet_DSE_Framework_2022_2/LeNet_DSE_Framework_2022_2/src/lenet_conv.cpp:36]   --->   Operation 595 'fadd' 'accumulator_assign_10_s' <Predicate = (!icmp_ln59)> <Delay = 6.44> <CoreInst = "FAddSub_fulldsp">   --->   Core 18 'FAddSub_fulldsp' <Latency = 6> <II = 1> <Delay = 6.44> <FuncUnit> <Opcode : 'fadd' 'fsub'> <InPorts = 2> <OutPorts = 1>

State 81 <SV = 80> <Delay = 6.44>
ST_81 : Operation 596 [5/7] (6.44ns)   --->   "%accumulator_assign_10_s = fadd i32 %accumulator_assign_10_9, i32 %mul_i5_i2_s" [D:/lenet_project/handoff/LeNet_DSE_Framework_2022_2/LeNet_DSE_Framework_2022_2/src/lenet_conv.cpp:36]   --->   Operation 596 'fadd' 'accumulator_assign_10_s' <Predicate = (!icmp_ln59)> <Delay = 6.44> <CoreInst = "FAddSub_fulldsp">   --->   Core 18 'FAddSub_fulldsp' <Latency = 6> <II = 1> <Delay = 6.44> <FuncUnit> <Opcode : 'fadd' 'fsub'> <InPorts = 2> <OutPorts = 1>

State 82 <SV = 81> <Delay = 6.44>
ST_82 : Operation 597 [4/7] (6.44ns)   --->   "%accumulator_assign_10_s = fadd i32 %accumulator_assign_10_9, i32 %mul_i5_i2_s" [D:/lenet_project/handoff/LeNet_DSE_Framework_2022_2/LeNet_DSE_Framework_2022_2/src/lenet_conv.cpp:36]   --->   Operation 597 'fadd' 'accumulator_assign_10_s' <Predicate = (!icmp_ln59)> <Delay = 6.44> <CoreInst = "FAddSub_fulldsp">   --->   Core 18 'FAddSub_fulldsp' <Latency = 6> <II = 1> <Delay = 6.44> <FuncUnit> <Opcode : 'fadd' 'fsub'> <InPorts = 2> <OutPorts = 1>

State 83 <SV = 82> <Delay = 6.44>
ST_83 : Operation 598 [3/7] (6.44ns)   --->   "%accumulator_assign_10_s = fadd i32 %accumulator_assign_10_9, i32 %mul_i5_i2_s" [D:/lenet_project/handoff/LeNet_DSE_Framework_2022_2/LeNet_DSE_Framework_2022_2/src/lenet_conv.cpp:36]   --->   Operation 598 'fadd' 'accumulator_assign_10_s' <Predicate = (!icmp_ln59)> <Delay = 6.44> <CoreInst = "FAddSub_fulldsp">   --->   Core 18 'FAddSub_fulldsp' <Latency = 6> <II = 1> <Delay = 6.44> <FuncUnit> <Opcode : 'fadd' 'fsub'> <InPorts = 2> <OutPorts = 1>

State 84 <SV = 83> <Delay = 6.44>
ST_84 : Operation 599 [2/7] (6.44ns)   --->   "%accumulator_assign_10_s = fadd i32 %accumulator_assign_10_9, i32 %mul_i5_i2_s" [D:/lenet_project/handoff/LeNet_DSE_Framework_2022_2/LeNet_DSE_Framework_2022_2/src/lenet_conv.cpp:36]   --->   Operation 599 'fadd' 'accumulator_assign_10_s' <Predicate = (!icmp_ln59)> <Delay = 6.44> <CoreInst = "FAddSub_fulldsp">   --->   Core 18 'FAddSub_fulldsp' <Latency = 6> <II = 1> <Delay = 6.44> <FuncUnit> <Opcode : 'fadd' 'fsub'> <InPorts = 2> <OutPorts = 1>

State 85 <SV = 84> <Delay = 6.44>
ST_85 : Operation 600 [1/7] (6.44ns)   --->   "%accumulator_assign_10_s = fadd i32 %accumulator_assign_10_9, i32 %mul_i5_i2_s" [D:/lenet_project/handoff/LeNet_DSE_Framework_2022_2/LeNet_DSE_Framework_2022_2/src/lenet_conv.cpp:36]   --->   Operation 600 'fadd' 'accumulator_assign_10_s' <Predicate = (!icmp_ln59)> <Delay = 6.44> <CoreInst = "FAddSub_fulldsp">   --->   Core 18 'FAddSub_fulldsp' <Latency = 6> <II = 1> <Delay = 6.44> <FuncUnit> <Opcode : 'fadd' 'fsub'> <InPorts = 2> <OutPorts = 1>

State 86 <SV = 85> <Delay = 6.44>
ST_86 : Operation 601 [7/7] (6.44ns)   --->   "%accumulator_assign_10_10 = fadd i32 %accumulator_assign_10_s, i32 %mul_i5_i2_10" [D:/lenet_project/handoff/LeNet_DSE_Framework_2022_2/LeNet_DSE_Framework_2022_2/src/lenet_conv.cpp:36]   --->   Operation 601 'fadd' 'accumulator_assign_10_10' <Predicate = (!icmp_ln59)> <Delay = 6.44> <CoreInst = "FAddSub_fulldsp">   --->   Core 18 'FAddSub_fulldsp' <Latency = 6> <II = 1> <Delay = 6.44> <FuncUnit> <Opcode : 'fadd' 'fsub'> <InPorts = 2> <OutPorts = 1>

State 87 <SV = 86> <Delay = 6.44>
ST_87 : Operation 602 [6/7] (6.44ns)   --->   "%accumulator_assign_10_10 = fadd i32 %accumulator_assign_10_s, i32 %mul_i5_i2_10" [D:/lenet_project/handoff/LeNet_DSE_Framework_2022_2/LeNet_DSE_Framework_2022_2/src/lenet_conv.cpp:36]   --->   Operation 602 'fadd' 'accumulator_assign_10_10' <Predicate = (!icmp_ln59)> <Delay = 6.44> <CoreInst = "FAddSub_fulldsp">   --->   Core 18 'FAddSub_fulldsp' <Latency = 6> <II = 1> <Delay = 6.44> <FuncUnit> <Opcode : 'fadd' 'fsub'> <InPorts = 2> <OutPorts = 1>

State 88 <SV = 87> <Delay = 6.44>
ST_88 : Operation 603 [5/7] (6.44ns)   --->   "%accumulator_assign_10_10 = fadd i32 %accumulator_assign_10_s, i32 %mul_i5_i2_10" [D:/lenet_project/handoff/LeNet_DSE_Framework_2022_2/LeNet_DSE_Framework_2022_2/src/lenet_conv.cpp:36]   --->   Operation 603 'fadd' 'accumulator_assign_10_10' <Predicate = (!icmp_ln59)> <Delay = 6.44> <CoreInst = "FAddSub_fulldsp">   --->   Core 18 'FAddSub_fulldsp' <Latency = 6> <II = 1> <Delay = 6.44> <FuncUnit> <Opcode : 'fadd' 'fsub'> <InPorts = 2> <OutPorts = 1>

State 89 <SV = 88> <Delay = 6.44>
ST_89 : Operation 604 [4/7] (6.44ns)   --->   "%accumulator_assign_10_10 = fadd i32 %accumulator_assign_10_s, i32 %mul_i5_i2_10" [D:/lenet_project/handoff/LeNet_DSE_Framework_2022_2/LeNet_DSE_Framework_2022_2/src/lenet_conv.cpp:36]   --->   Operation 604 'fadd' 'accumulator_assign_10_10' <Predicate = (!icmp_ln59)> <Delay = 6.44> <CoreInst = "FAddSub_fulldsp">   --->   Core 18 'FAddSub_fulldsp' <Latency = 6> <II = 1> <Delay = 6.44> <FuncUnit> <Opcode : 'fadd' 'fsub'> <InPorts = 2> <OutPorts = 1>

State 90 <SV = 89> <Delay = 6.44>
ST_90 : Operation 605 [3/7] (6.44ns)   --->   "%accumulator_assign_10_10 = fadd i32 %accumulator_assign_10_s, i32 %mul_i5_i2_10" [D:/lenet_project/handoff/LeNet_DSE_Framework_2022_2/LeNet_DSE_Framework_2022_2/src/lenet_conv.cpp:36]   --->   Operation 605 'fadd' 'accumulator_assign_10_10' <Predicate = (!icmp_ln59)> <Delay = 6.44> <CoreInst = "FAddSub_fulldsp">   --->   Core 18 'FAddSub_fulldsp' <Latency = 6> <II = 1> <Delay = 6.44> <FuncUnit> <Opcode : 'fadd' 'fsub'> <InPorts = 2> <OutPorts = 1>

State 91 <SV = 90> <Delay = 6.44>
ST_91 : Operation 606 [2/7] (6.44ns)   --->   "%accumulator_assign_10_10 = fadd i32 %accumulator_assign_10_s, i32 %mul_i5_i2_10" [D:/lenet_project/handoff/LeNet_DSE_Framework_2022_2/LeNet_DSE_Framework_2022_2/src/lenet_conv.cpp:36]   --->   Operation 606 'fadd' 'accumulator_assign_10_10' <Predicate = (!icmp_ln59)> <Delay = 6.44> <CoreInst = "FAddSub_fulldsp">   --->   Core 18 'FAddSub_fulldsp' <Latency = 6> <II = 1> <Delay = 6.44> <FuncUnit> <Opcode : 'fadd' 'fsub'> <InPorts = 2> <OutPorts = 1>

State 92 <SV = 91> <Delay = 6.44>
ST_92 : Operation 607 [1/7] (6.44ns)   --->   "%accumulator_assign_10_10 = fadd i32 %accumulator_assign_10_s, i32 %mul_i5_i2_10" [D:/lenet_project/handoff/LeNet_DSE_Framework_2022_2/LeNet_DSE_Framework_2022_2/src/lenet_conv.cpp:36]   --->   Operation 607 'fadd' 'accumulator_assign_10_10' <Predicate = (!icmp_ln59)> <Delay = 6.44> <CoreInst = "FAddSub_fulldsp">   --->   Core 18 'FAddSub_fulldsp' <Latency = 6> <II = 1> <Delay = 6.44> <FuncUnit> <Opcode : 'fadd' 'fsub'> <InPorts = 2> <OutPorts = 1>

State 93 <SV = 92> <Delay = 6.44>
ST_93 : Operation 608 [7/7] (6.44ns)   --->   "%accumulator_assign_10_11 = fadd i32 %accumulator_assign_10_10, i32 %mul_i5_i2_11" [D:/lenet_project/handoff/LeNet_DSE_Framework_2022_2/LeNet_DSE_Framework_2022_2/src/lenet_conv.cpp:36]   --->   Operation 608 'fadd' 'accumulator_assign_10_11' <Predicate = (!icmp_ln59)> <Delay = 6.44> <CoreInst = "FAddSub_fulldsp">   --->   Core 18 'FAddSub_fulldsp' <Latency = 6> <II = 1> <Delay = 6.44> <FuncUnit> <Opcode : 'fadd' 'fsub'> <InPorts = 2> <OutPorts = 1>

State 94 <SV = 93> <Delay = 6.44>
ST_94 : Operation 609 [6/7] (6.44ns)   --->   "%accumulator_assign_10_11 = fadd i32 %accumulator_assign_10_10, i32 %mul_i5_i2_11" [D:/lenet_project/handoff/LeNet_DSE_Framework_2022_2/LeNet_DSE_Framework_2022_2/src/lenet_conv.cpp:36]   --->   Operation 609 'fadd' 'accumulator_assign_10_11' <Predicate = (!icmp_ln59)> <Delay = 6.44> <CoreInst = "FAddSub_fulldsp">   --->   Core 18 'FAddSub_fulldsp' <Latency = 6> <II = 1> <Delay = 6.44> <FuncUnit> <Opcode : 'fadd' 'fsub'> <InPorts = 2> <OutPorts = 1>

State 95 <SV = 94> <Delay = 6.44>
ST_95 : Operation 610 [5/7] (6.44ns)   --->   "%accumulator_assign_10_11 = fadd i32 %accumulator_assign_10_10, i32 %mul_i5_i2_11" [D:/lenet_project/handoff/LeNet_DSE_Framework_2022_2/LeNet_DSE_Framework_2022_2/src/lenet_conv.cpp:36]   --->   Operation 610 'fadd' 'accumulator_assign_10_11' <Predicate = (!icmp_ln59)> <Delay = 6.44> <CoreInst = "FAddSub_fulldsp">   --->   Core 18 'FAddSub_fulldsp' <Latency = 6> <II = 1> <Delay = 6.44> <FuncUnit> <Opcode : 'fadd' 'fsub'> <InPorts = 2> <OutPorts = 1>

State 96 <SV = 95> <Delay = 6.44>
ST_96 : Operation 611 [4/7] (6.44ns)   --->   "%accumulator_assign_10_11 = fadd i32 %accumulator_assign_10_10, i32 %mul_i5_i2_11" [D:/lenet_project/handoff/LeNet_DSE_Framework_2022_2/LeNet_DSE_Framework_2022_2/src/lenet_conv.cpp:36]   --->   Operation 611 'fadd' 'accumulator_assign_10_11' <Predicate = (!icmp_ln59)> <Delay = 6.44> <CoreInst = "FAddSub_fulldsp">   --->   Core 18 'FAddSub_fulldsp' <Latency = 6> <II = 1> <Delay = 6.44> <FuncUnit> <Opcode : 'fadd' 'fsub'> <InPorts = 2> <OutPorts = 1>

State 97 <SV = 96> <Delay = 6.44>
ST_97 : Operation 612 [3/7] (6.44ns)   --->   "%accumulator_assign_10_11 = fadd i32 %accumulator_assign_10_10, i32 %mul_i5_i2_11" [D:/lenet_project/handoff/LeNet_DSE_Framework_2022_2/LeNet_DSE_Framework_2022_2/src/lenet_conv.cpp:36]   --->   Operation 612 'fadd' 'accumulator_assign_10_11' <Predicate = (!icmp_ln59)> <Delay = 6.44> <CoreInst = "FAddSub_fulldsp">   --->   Core 18 'FAddSub_fulldsp' <Latency = 6> <II = 1> <Delay = 6.44> <FuncUnit> <Opcode : 'fadd' 'fsub'> <InPorts = 2> <OutPorts = 1>

State 98 <SV = 97> <Delay = 6.44>
ST_98 : Operation 613 [2/7] (6.44ns)   --->   "%accumulator_assign_10_11 = fadd i32 %accumulator_assign_10_10, i32 %mul_i5_i2_11" [D:/lenet_project/handoff/LeNet_DSE_Framework_2022_2/LeNet_DSE_Framework_2022_2/src/lenet_conv.cpp:36]   --->   Operation 613 'fadd' 'accumulator_assign_10_11' <Predicate = (!icmp_ln59)> <Delay = 6.44> <CoreInst = "FAddSub_fulldsp">   --->   Core 18 'FAddSub_fulldsp' <Latency = 6> <II = 1> <Delay = 6.44> <FuncUnit> <Opcode : 'fadd' 'fsub'> <InPorts = 2> <OutPorts = 1>

State 99 <SV = 98> <Delay = 6.44>
ST_99 : Operation 614 [1/7] (6.44ns)   --->   "%accumulator_assign_10_11 = fadd i32 %accumulator_assign_10_10, i32 %mul_i5_i2_11" [D:/lenet_project/handoff/LeNet_DSE_Framework_2022_2/LeNet_DSE_Framework_2022_2/src/lenet_conv.cpp:36]   --->   Operation 614 'fadd' 'accumulator_assign_10_11' <Predicate = (!icmp_ln59)> <Delay = 6.44> <CoreInst = "FAddSub_fulldsp">   --->   Core 18 'FAddSub_fulldsp' <Latency = 6> <II = 1> <Delay = 6.44> <FuncUnit> <Opcode : 'fadd' 'fsub'> <InPorts = 2> <OutPorts = 1>

State 100 <SV = 99> <Delay = 6.44>
ST_100 : Operation 615 [7/7] (6.44ns)   --->   "%accumulator_assign_10_12 = fadd i32 %accumulator_assign_10_11, i32 %mul_i5_i2_12" [D:/lenet_project/handoff/LeNet_DSE_Framework_2022_2/LeNet_DSE_Framework_2022_2/src/lenet_conv.cpp:36]   --->   Operation 615 'fadd' 'accumulator_assign_10_12' <Predicate = (!icmp_ln59)> <Delay = 6.44> <CoreInst = "FAddSub_fulldsp">   --->   Core 18 'FAddSub_fulldsp' <Latency = 6> <II = 1> <Delay = 6.44> <FuncUnit> <Opcode : 'fadd' 'fsub'> <InPorts = 2> <OutPorts = 1>

State 101 <SV = 100> <Delay = 6.44>
ST_101 : Operation 616 [6/7] (6.44ns)   --->   "%accumulator_assign_10_12 = fadd i32 %accumulator_assign_10_11, i32 %mul_i5_i2_12" [D:/lenet_project/handoff/LeNet_DSE_Framework_2022_2/LeNet_DSE_Framework_2022_2/src/lenet_conv.cpp:36]   --->   Operation 616 'fadd' 'accumulator_assign_10_12' <Predicate = (!icmp_ln59)> <Delay = 6.44> <CoreInst = "FAddSub_fulldsp">   --->   Core 18 'FAddSub_fulldsp' <Latency = 6> <II = 1> <Delay = 6.44> <FuncUnit> <Opcode : 'fadd' 'fsub'> <InPorts = 2> <OutPorts = 1>

State 102 <SV = 101> <Delay = 6.44>
ST_102 : Operation 617 [5/7] (6.44ns)   --->   "%accumulator_assign_10_12 = fadd i32 %accumulator_assign_10_11, i32 %mul_i5_i2_12" [D:/lenet_project/handoff/LeNet_DSE_Framework_2022_2/LeNet_DSE_Framework_2022_2/src/lenet_conv.cpp:36]   --->   Operation 617 'fadd' 'accumulator_assign_10_12' <Predicate = (!icmp_ln59)> <Delay = 6.44> <CoreInst = "FAddSub_fulldsp">   --->   Core 18 'FAddSub_fulldsp' <Latency = 6> <II = 1> <Delay = 6.44> <FuncUnit> <Opcode : 'fadd' 'fsub'> <InPorts = 2> <OutPorts = 1>

State 103 <SV = 102> <Delay = 6.44>
ST_103 : Operation 618 [4/7] (6.44ns)   --->   "%accumulator_assign_10_12 = fadd i32 %accumulator_assign_10_11, i32 %mul_i5_i2_12" [D:/lenet_project/handoff/LeNet_DSE_Framework_2022_2/LeNet_DSE_Framework_2022_2/src/lenet_conv.cpp:36]   --->   Operation 618 'fadd' 'accumulator_assign_10_12' <Predicate = (!icmp_ln59)> <Delay = 6.44> <CoreInst = "FAddSub_fulldsp">   --->   Core 18 'FAddSub_fulldsp' <Latency = 6> <II = 1> <Delay = 6.44> <FuncUnit> <Opcode : 'fadd' 'fsub'> <InPorts = 2> <OutPorts = 1>

State 104 <SV = 103> <Delay = 6.44>
ST_104 : Operation 619 [3/7] (6.44ns)   --->   "%accumulator_assign_10_12 = fadd i32 %accumulator_assign_10_11, i32 %mul_i5_i2_12" [D:/lenet_project/handoff/LeNet_DSE_Framework_2022_2/LeNet_DSE_Framework_2022_2/src/lenet_conv.cpp:36]   --->   Operation 619 'fadd' 'accumulator_assign_10_12' <Predicate = (!icmp_ln59)> <Delay = 6.44> <CoreInst = "FAddSub_fulldsp">   --->   Core 18 'FAddSub_fulldsp' <Latency = 6> <II = 1> <Delay = 6.44> <FuncUnit> <Opcode : 'fadd' 'fsub'> <InPorts = 2> <OutPorts = 1>

State 105 <SV = 104> <Delay = 6.44>
ST_105 : Operation 620 [2/7] (6.44ns)   --->   "%accumulator_assign_10_12 = fadd i32 %accumulator_assign_10_11, i32 %mul_i5_i2_12" [D:/lenet_project/handoff/LeNet_DSE_Framework_2022_2/LeNet_DSE_Framework_2022_2/src/lenet_conv.cpp:36]   --->   Operation 620 'fadd' 'accumulator_assign_10_12' <Predicate = (!icmp_ln59)> <Delay = 6.44> <CoreInst = "FAddSub_fulldsp">   --->   Core 18 'FAddSub_fulldsp' <Latency = 6> <II = 1> <Delay = 6.44> <FuncUnit> <Opcode : 'fadd' 'fsub'> <InPorts = 2> <OutPorts = 1>

State 106 <SV = 105> <Delay = 6.44>
ST_106 : Operation 621 [1/7] (6.44ns)   --->   "%accumulator_assign_10_12 = fadd i32 %accumulator_assign_10_11, i32 %mul_i5_i2_12" [D:/lenet_project/handoff/LeNet_DSE_Framework_2022_2/LeNet_DSE_Framework_2022_2/src/lenet_conv.cpp:36]   --->   Operation 621 'fadd' 'accumulator_assign_10_12' <Predicate = (!icmp_ln59)> <Delay = 6.44> <CoreInst = "FAddSub_fulldsp">   --->   Core 18 'FAddSub_fulldsp' <Latency = 6> <II = 1> <Delay = 6.44> <FuncUnit> <Opcode : 'fadd' 'fsub'> <InPorts = 2> <OutPorts = 1>

State 107 <SV = 106> <Delay = 6.44>
ST_107 : Operation 622 [7/7] (6.44ns)   --->   "%accumulator_assign_10_13 = fadd i32 %accumulator_assign_10_12, i32 %mul_i5_i2_13" [D:/lenet_project/handoff/LeNet_DSE_Framework_2022_2/LeNet_DSE_Framework_2022_2/src/lenet_conv.cpp:36]   --->   Operation 622 'fadd' 'accumulator_assign_10_13' <Predicate = (!icmp_ln59)> <Delay = 6.44> <CoreInst = "FAddSub_fulldsp">   --->   Core 18 'FAddSub_fulldsp' <Latency = 6> <II = 1> <Delay = 6.44> <FuncUnit> <Opcode : 'fadd' 'fsub'> <InPorts = 2> <OutPorts = 1>

State 108 <SV = 107> <Delay = 6.44>
ST_108 : Operation 623 [6/7] (6.44ns)   --->   "%accumulator_assign_10_13 = fadd i32 %accumulator_assign_10_12, i32 %mul_i5_i2_13" [D:/lenet_project/handoff/LeNet_DSE_Framework_2022_2/LeNet_DSE_Framework_2022_2/src/lenet_conv.cpp:36]   --->   Operation 623 'fadd' 'accumulator_assign_10_13' <Predicate = (!icmp_ln59)> <Delay = 6.44> <CoreInst = "FAddSub_fulldsp">   --->   Core 18 'FAddSub_fulldsp' <Latency = 6> <II = 1> <Delay = 6.44> <FuncUnit> <Opcode : 'fadd' 'fsub'> <InPorts = 2> <OutPorts = 1>

State 109 <SV = 108> <Delay = 6.44>
ST_109 : Operation 624 [5/7] (6.44ns)   --->   "%accumulator_assign_10_13 = fadd i32 %accumulator_assign_10_12, i32 %mul_i5_i2_13" [D:/lenet_project/handoff/LeNet_DSE_Framework_2022_2/LeNet_DSE_Framework_2022_2/src/lenet_conv.cpp:36]   --->   Operation 624 'fadd' 'accumulator_assign_10_13' <Predicate = (!icmp_ln59)> <Delay = 6.44> <CoreInst = "FAddSub_fulldsp">   --->   Core 18 'FAddSub_fulldsp' <Latency = 6> <II = 1> <Delay = 6.44> <FuncUnit> <Opcode : 'fadd' 'fsub'> <InPorts = 2> <OutPorts = 1>

State 110 <SV = 109> <Delay = 6.44>
ST_110 : Operation 625 [4/7] (6.44ns)   --->   "%accumulator_assign_10_13 = fadd i32 %accumulator_assign_10_12, i32 %mul_i5_i2_13" [D:/lenet_project/handoff/LeNet_DSE_Framework_2022_2/LeNet_DSE_Framework_2022_2/src/lenet_conv.cpp:36]   --->   Operation 625 'fadd' 'accumulator_assign_10_13' <Predicate = (!icmp_ln59)> <Delay = 6.44> <CoreInst = "FAddSub_fulldsp">   --->   Core 18 'FAddSub_fulldsp' <Latency = 6> <II = 1> <Delay = 6.44> <FuncUnit> <Opcode : 'fadd' 'fsub'> <InPorts = 2> <OutPorts = 1>

State 111 <SV = 110> <Delay = 6.44>
ST_111 : Operation 626 [3/7] (6.44ns)   --->   "%accumulator_assign_10_13 = fadd i32 %accumulator_assign_10_12, i32 %mul_i5_i2_13" [D:/lenet_project/handoff/LeNet_DSE_Framework_2022_2/LeNet_DSE_Framework_2022_2/src/lenet_conv.cpp:36]   --->   Operation 626 'fadd' 'accumulator_assign_10_13' <Predicate = (!icmp_ln59)> <Delay = 6.44> <CoreInst = "FAddSub_fulldsp">   --->   Core 18 'FAddSub_fulldsp' <Latency = 6> <II = 1> <Delay = 6.44> <FuncUnit> <Opcode : 'fadd' 'fsub'> <InPorts = 2> <OutPorts = 1>

State 112 <SV = 111> <Delay = 6.44>
ST_112 : Operation 627 [2/7] (6.44ns)   --->   "%accumulator_assign_10_13 = fadd i32 %accumulator_assign_10_12, i32 %mul_i5_i2_13" [D:/lenet_project/handoff/LeNet_DSE_Framework_2022_2/LeNet_DSE_Framework_2022_2/src/lenet_conv.cpp:36]   --->   Operation 627 'fadd' 'accumulator_assign_10_13' <Predicate = (!icmp_ln59)> <Delay = 6.44> <CoreInst = "FAddSub_fulldsp">   --->   Core 18 'FAddSub_fulldsp' <Latency = 6> <II = 1> <Delay = 6.44> <FuncUnit> <Opcode : 'fadd' 'fsub'> <InPorts = 2> <OutPorts = 1>

State 113 <SV = 112> <Delay = 6.44>
ST_113 : Operation 628 [1/7] (6.44ns)   --->   "%accumulator_assign_10_13 = fadd i32 %accumulator_assign_10_12, i32 %mul_i5_i2_13" [D:/lenet_project/handoff/LeNet_DSE_Framework_2022_2/LeNet_DSE_Framework_2022_2/src/lenet_conv.cpp:36]   --->   Operation 628 'fadd' 'accumulator_assign_10_13' <Predicate = (!icmp_ln59)> <Delay = 6.44> <CoreInst = "FAddSub_fulldsp">   --->   Core 18 'FAddSub_fulldsp' <Latency = 6> <II = 1> <Delay = 6.44> <FuncUnit> <Opcode : 'fadd' 'fsub'> <InPorts = 2> <OutPorts = 1>

State 114 <SV = 113> <Delay = 6.44>
ST_114 : Operation 629 [7/7] (6.44ns)   --->   "%accumulator_assign_10_14 = fadd i32 %accumulator_assign_10_13, i32 %mul_i5_i2_14" [D:/lenet_project/handoff/LeNet_DSE_Framework_2022_2/LeNet_DSE_Framework_2022_2/src/lenet_conv.cpp:36]   --->   Operation 629 'fadd' 'accumulator_assign_10_14' <Predicate = (!icmp_ln59)> <Delay = 6.44> <CoreInst = "FAddSub_fulldsp">   --->   Core 18 'FAddSub_fulldsp' <Latency = 6> <II = 1> <Delay = 6.44> <FuncUnit> <Opcode : 'fadd' 'fsub'> <InPorts = 2> <OutPorts = 1>

State 115 <SV = 114> <Delay = 6.44>
ST_115 : Operation 630 [6/7] (6.44ns)   --->   "%accumulator_assign_10_14 = fadd i32 %accumulator_assign_10_13, i32 %mul_i5_i2_14" [D:/lenet_project/handoff/LeNet_DSE_Framework_2022_2/LeNet_DSE_Framework_2022_2/src/lenet_conv.cpp:36]   --->   Operation 630 'fadd' 'accumulator_assign_10_14' <Predicate = (!icmp_ln59)> <Delay = 6.44> <CoreInst = "FAddSub_fulldsp">   --->   Core 18 'FAddSub_fulldsp' <Latency = 6> <II = 1> <Delay = 6.44> <FuncUnit> <Opcode : 'fadd' 'fsub'> <InPorts = 2> <OutPorts = 1>

State 116 <SV = 115> <Delay = 6.44>
ST_116 : Operation 631 [5/7] (6.44ns)   --->   "%accumulator_assign_10_14 = fadd i32 %accumulator_assign_10_13, i32 %mul_i5_i2_14" [D:/lenet_project/handoff/LeNet_DSE_Framework_2022_2/LeNet_DSE_Framework_2022_2/src/lenet_conv.cpp:36]   --->   Operation 631 'fadd' 'accumulator_assign_10_14' <Predicate = (!icmp_ln59)> <Delay = 6.44> <CoreInst = "FAddSub_fulldsp">   --->   Core 18 'FAddSub_fulldsp' <Latency = 6> <II = 1> <Delay = 6.44> <FuncUnit> <Opcode : 'fadd' 'fsub'> <InPorts = 2> <OutPorts = 1>

State 117 <SV = 116> <Delay = 6.44>
ST_117 : Operation 632 [4/7] (6.44ns)   --->   "%accumulator_assign_10_14 = fadd i32 %accumulator_assign_10_13, i32 %mul_i5_i2_14" [D:/lenet_project/handoff/LeNet_DSE_Framework_2022_2/LeNet_DSE_Framework_2022_2/src/lenet_conv.cpp:36]   --->   Operation 632 'fadd' 'accumulator_assign_10_14' <Predicate = (!icmp_ln59)> <Delay = 6.44> <CoreInst = "FAddSub_fulldsp">   --->   Core 18 'FAddSub_fulldsp' <Latency = 6> <II = 1> <Delay = 6.44> <FuncUnit> <Opcode : 'fadd' 'fsub'> <InPorts = 2> <OutPorts = 1>

State 118 <SV = 117> <Delay = 6.44>
ST_118 : Operation 633 [3/7] (6.44ns)   --->   "%accumulator_assign_10_14 = fadd i32 %accumulator_assign_10_13, i32 %mul_i5_i2_14" [D:/lenet_project/handoff/LeNet_DSE_Framework_2022_2/LeNet_DSE_Framework_2022_2/src/lenet_conv.cpp:36]   --->   Operation 633 'fadd' 'accumulator_assign_10_14' <Predicate = (!icmp_ln59)> <Delay = 6.44> <CoreInst = "FAddSub_fulldsp">   --->   Core 18 'FAddSub_fulldsp' <Latency = 6> <II = 1> <Delay = 6.44> <FuncUnit> <Opcode : 'fadd' 'fsub'> <InPorts = 2> <OutPorts = 1>

State 119 <SV = 118> <Delay = 6.44>
ST_119 : Operation 634 [2/7] (6.44ns)   --->   "%accumulator_assign_10_14 = fadd i32 %accumulator_assign_10_13, i32 %mul_i5_i2_14" [D:/lenet_project/handoff/LeNet_DSE_Framework_2022_2/LeNet_DSE_Framework_2022_2/src/lenet_conv.cpp:36]   --->   Operation 634 'fadd' 'accumulator_assign_10_14' <Predicate = (!icmp_ln59)> <Delay = 6.44> <CoreInst = "FAddSub_fulldsp">   --->   Core 18 'FAddSub_fulldsp' <Latency = 6> <II = 1> <Delay = 6.44> <FuncUnit> <Opcode : 'fadd' 'fsub'> <InPorts = 2> <OutPorts = 1>

State 120 <SV = 119> <Delay = 6.44>
ST_120 : Operation 635 [1/7] (6.44ns)   --->   "%accumulator_assign_10_14 = fadd i32 %accumulator_assign_10_13, i32 %mul_i5_i2_14" [D:/lenet_project/handoff/LeNet_DSE_Framework_2022_2/LeNet_DSE_Framework_2022_2/src/lenet_conv.cpp:36]   --->   Operation 635 'fadd' 'accumulator_assign_10_14' <Predicate = (!icmp_ln59)> <Delay = 6.44> <CoreInst = "FAddSub_fulldsp">   --->   Core 18 'FAddSub_fulldsp' <Latency = 6> <II = 1> <Delay = 6.44> <FuncUnit> <Opcode : 'fadd' 'fsub'> <InPorts = 2> <OutPorts = 1>

State 121 <SV = 120> <Delay = 6.44>
ST_121 : Operation 636 [7/7] (6.44ns)   --->   "%accumulator_assign_10_15 = fadd i32 %accumulator_assign_10_14, i32 %mul_i5_i2_15" [D:/lenet_project/handoff/LeNet_DSE_Framework_2022_2/LeNet_DSE_Framework_2022_2/src/lenet_conv.cpp:36]   --->   Operation 636 'fadd' 'accumulator_assign_10_15' <Predicate = (!icmp_ln59)> <Delay = 6.44> <CoreInst = "FAddSub_fulldsp">   --->   Core 18 'FAddSub_fulldsp' <Latency = 6> <II = 1> <Delay = 6.44> <FuncUnit> <Opcode : 'fadd' 'fsub'> <InPorts = 2> <OutPorts = 1>

State 122 <SV = 121> <Delay = 6.44>
ST_122 : Operation 637 [6/7] (6.44ns)   --->   "%accumulator_assign_10_15 = fadd i32 %accumulator_assign_10_14, i32 %mul_i5_i2_15" [D:/lenet_project/handoff/LeNet_DSE_Framework_2022_2/LeNet_DSE_Framework_2022_2/src/lenet_conv.cpp:36]   --->   Operation 637 'fadd' 'accumulator_assign_10_15' <Predicate = (!icmp_ln59)> <Delay = 6.44> <CoreInst = "FAddSub_fulldsp">   --->   Core 18 'FAddSub_fulldsp' <Latency = 6> <II = 1> <Delay = 6.44> <FuncUnit> <Opcode : 'fadd' 'fsub'> <InPorts = 2> <OutPorts = 1>

State 123 <SV = 122> <Delay = 6.44>
ST_123 : Operation 638 [5/7] (6.44ns)   --->   "%accumulator_assign_10_15 = fadd i32 %accumulator_assign_10_14, i32 %mul_i5_i2_15" [D:/lenet_project/handoff/LeNet_DSE_Framework_2022_2/LeNet_DSE_Framework_2022_2/src/lenet_conv.cpp:36]   --->   Operation 638 'fadd' 'accumulator_assign_10_15' <Predicate = (!icmp_ln59)> <Delay = 6.44> <CoreInst = "FAddSub_fulldsp">   --->   Core 18 'FAddSub_fulldsp' <Latency = 6> <II = 1> <Delay = 6.44> <FuncUnit> <Opcode : 'fadd' 'fsub'> <InPorts = 2> <OutPorts = 1>

State 124 <SV = 123> <Delay = 6.44>
ST_124 : Operation 639 [4/7] (6.44ns)   --->   "%accumulator_assign_10_15 = fadd i32 %accumulator_assign_10_14, i32 %mul_i5_i2_15" [D:/lenet_project/handoff/LeNet_DSE_Framework_2022_2/LeNet_DSE_Framework_2022_2/src/lenet_conv.cpp:36]   --->   Operation 639 'fadd' 'accumulator_assign_10_15' <Predicate = (!icmp_ln59)> <Delay = 6.44> <CoreInst = "FAddSub_fulldsp">   --->   Core 18 'FAddSub_fulldsp' <Latency = 6> <II = 1> <Delay = 6.44> <FuncUnit> <Opcode : 'fadd' 'fsub'> <InPorts = 2> <OutPorts = 1>

State 125 <SV = 124> <Delay = 6.44>
ST_125 : Operation 640 [3/7] (6.44ns)   --->   "%accumulator_assign_10_15 = fadd i32 %accumulator_assign_10_14, i32 %mul_i5_i2_15" [D:/lenet_project/handoff/LeNet_DSE_Framework_2022_2/LeNet_DSE_Framework_2022_2/src/lenet_conv.cpp:36]   --->   Operation 640 'fadd' 'accumulator_assign_10_15' <Predicate = (!icmp_ln59)> <Delay = 6.44> <CoreInst = "FAddSub_fulldsp">   --->   Core 18 'FAddSub_fulldsp' <Latency = 6> <II = 1> <Delay = 6.44> <FuncUnit> <Opcode : 'fadd' 'fsub'> <InPorts = 2> <OutPorts = 1>

State 126 <SV = 125> <Delay = 6.44>
ST_126 : Operation 641 [2/7] (6.44ns)   --->   "%accumulator_assign_10_15 = fadd i32 %accumulator_assign_10_14, i32 %mul_i5_i2_15" [D:/lenet_project/handoff/LeNet_DSE_Framework_2022_2/LeNet_DSE_Framework_2022_2/src/lenet_conv.cpp:36]   --->   Operation 641 'fadd' 'accumulator_assign_10_15' <Predicate = (!icmp_ln59)> <Delay = 6.44> <CoreInst = "FAddSub_fulldsp">   --->   Core 18 'FAddSub_fulldsp' <Latency = 6> <II = 1> <Delay = 6.44> <FuncUnit> <Opcode : 'fadd' 'fsub'> <InPorts = 2> <OutPorts = 1>

State 127 <SV = 126> <Delay = 6.44>
ST_127 : Operation 642 [1/7] (6.44ns)   --->   "%accumulator_assign_10_15 = fadd i32 %accumulator_assign_10_14, i32 %mul_i5_i2_15" [D:/lenet_project/handoff/LeNet_DSE_Framework_2022_2/LeNet_DSE_Framework_2022_2/src/lenet_conv.cpp:36]   --->   Operation 642 'fadd' 'accumulator_assign_10_15' <Predicate = (!icmp_ln59)> <Delay = 6.44> <CoreInst = "FAddSub_fulldsp">   --->   Core 18 'FAddSub_fulldsp' <Latency = 6> <II = 1> <Delay = 6.44> <FuncUnit> <Opcode : 'fadd' 'fsub'> <InPorts = 2> <OutPorts = 1>

State 128 <SV = 127> <Delay = 6.44>
ST_128 : Operation 643 [7/7] (6.44ns)   --->   "%accumulator_assign_10_16 = fadd i32 %accumulator_assign_10_15, i32 %mul_i5_i2_16" [D:/lenet_project/handoff/LeNet_DSE_Framework_2022_2/LeNet_DSE_Framework_2022_2/src/lenet_conv.cpp:36]   --->   Operation 643 'fadd' 'accumulator_assign_10_16' <Predicate = (!icmp_ln59)> <Delay = 6.44> <CoreInst = "FAddSub_fulldsp">   --->   Core 18 'FAddSub_fulldsp' <Latency = 6> <II = 1> <Delay = 6.44> <FuncUnit> <Opcode : 'fadd' 'fsub'> <InPorts = 2> <OutPorts = 1>

State 129 <SV = 128> <Delay = 6.44>
ST_129 : Operation 644 [6/7] (6.44ns)   --->   "%accumulator_assign_10_16 = fadd i32 %accumulator_assign_10_15, i32 %mul_i5_i2_16" [D:/lenet_project/handoff/LeNet_DSE_Framework_2022_2/LeNet_DSE_Framework_2022_2/src/lenet_conv.cpp:36]   --->   Operation 644 'fadd' 'accumulator_assign_10_16' <Predicate = (!icmp_ln59)> <Delay = 6.44> <CoreInst = "FAddSub_fulldsp">   --->   Core 18 'FAddSub_fulldsp' <Latency = 6> <II = 1> <Delay = 6.44> <FuncUnit> <Opcode : 'fadd' 'fsub'> <InPorts = 2> <OutPorts = 1>

State 130 <SV = 129> <Delay = 6.44>
ST_130 : Operation 645 [5/7] (6.44ns)   --->   "%accumulator_assign_10_16 = fadd i32 %accumulator_assign_10_15, i32 %mul_i5_i2_16" [D:/lenet_project/handoff/LeNet_DSE_Framework_2022_2/LeNet_DSE_Framework_2022_2/src/lenet_conv.cpp:36]   --->   Operation 645 'fadd' 'accumulator_assign_10_16' <Predicate = (!icmp_ln59)> <Delay = 6.44> <CoreInst = "FAddSub_fulldsp">   --->   Core 18 'FAddSub_fulldsp' <Latency = 6> <II = 1> <Delay = 6.44> <FuncUnit> <Opcode : 'fadd' 'fsub'> <InPorts = 2> <OutPorts = 1>

State 131 <SV = 130> <Delay = 6.44>
ST_131 : Operation 646 [4/7] (6.44ns)   --->   "%accumulator_assign_10_16 = fadd i32 %accumulator_assign_10_15, i32 %mul_i5_i2_16" [D:/lenet_project/handoff/LeNet_DSE_Framework_2022_2/LeNet_DSE_Framework_2022_2/src/lenet_conv.cpp:36]   --->   Operation 646 'fadd' 'accumulator_assign_10_16' <Predicate = (!icmp_ln59)> <Delay = 6.44> <CoreInst = "FAddSub_fulldsp">   --->   Core 18 'FAddSub_fulldsp' <Latency = 6> <II = 1> <Delay = 6.44> <FuncUnit> <Opcode : 'fadd' 'fsub'> <InPorts = 2> <OutPorts = 1>

State 132 <SV = 131> <Delay = 6.44>
ST_132 : Operation 647 [3/7] (6.44ns)   --->   "%accumulator_assign_10_16 = fadd i32 %accumulator_assign_10_15, i32 %mul_i5_i2_16" [D:/lenet_project/handoff/LeNet_DSE_Framework_2022_2/LeNet_DSE_Framework_2022_2/src/lenet_conv.cpp:36]   --->   Operation 647 'fadd' 'accumulator_assign_10_16' <Predicate = (!icmp_ln59)> <Delay = 6.44> <CoreInst = "FAddSub_fulldsp">   --->   Core 18 'FAddSub_fulldsp' <Latency = 6> <II = 1> <Delay = 6.44> <FuncUnit> <Opcode : 'fadd' 'fsub'> <InPorts = 2> <OutPorts = 1>

State 133 <SV = 132> <Delay = 6.44>
ST_133 : Operation 648 [2/7] (6.44ns)   --->   "%accumulator_assign_10_16 = fadd i32 %accumulator_assign_10_15, i32 %mul_i5_i2_16" [D:/lenet_project/handoff/LeNet_DSE_Framework_2022_2/LeNet_DSE_Framework_2022_2/src/lenet_conv.cpp:36]   --->   Operation 648 'fadd' 'accumulator_assign_10_16' <Predicate = (!icmp_ln59)> <Delay = 6.44> <CoreInst = "FAddSub_fulldsp">   --->   Core 18 'FAddSub_fulldsp' <Latency = 6> <II = 1> <Delay = 6.44> <FuncUnit> <Opcode : 'fadd' 'fsub'> <InPorts = 2> <OutPorts = 1>

State 134 <SV = 133> <Delay = 6.44>
ST_134 : Operation 649 [1/7] (6.44ns)   --->   "%accumulator_assign_10_16 = fadd i32 %accumulator_assign_10_15, i32 %mul_i5_i2_16" [D:/lenet_project/handoff/LeNet_DSE_Framework_2022_2/LeNet_DSE_Framework_2022_2/src/lenet_conv.cpp:36]   --->   Operation 649 'fadd' 'accumulator_assign_10_16' <Predicate = (!icmp_ln59)> <Delay = 6.44> <CoreInst = "FAddSub_fulldsp">   --->   Core 18 'FAddSub_fulldsp' <Latency = 6> <II = 1> <Delay = 6.44> <FuncUnit> <Opcode : 'fadd' 'fsub'> <InPorts = 2> <OutPorts = 1>

State 135 <SV = 134> <Delay = 6.44>
ST_135 : Operation 650 [7/7] (6.44ns)   --->   "%accumulator_assign_10_17 = fadd i32 %accumulator_assign_10_16, i32 %mul_i5_i2_17" [D:/lenet_project/handoff/LeNet_DSE_Framework_2022_2/LeNet_DSE_Framework_2022_2/src/lenet_conv.cpp:36]   --->   Operation 650 'fadd' 'accumulator_assign_10_17' <Predicate = (!icmp_ln59)> <Delay = 6.44> <CoreInst = "FAddSub_fulldsp">   --->   Core 18 'FAddSub_fulldsp' <Latency = 6> <II = 1> <Delay = 6.44> <FuncUnit> <Opcode : 'fadd' 'fsub'> <InPorts = 2> <OutPorts = 1>

State 136 <SV = 135> <Delay = 6.44>
ST_136 : Operation 651 [6/7] (6.44ns)   --->   "%accumulator_assign_10_17 = fadd i32 %accumulator_assign_10_16, i32 %mul_i5_i2_17" [D:/lenet_project/handoff/LeNet_DSE_Framework_2022_2/LeNet_DSE_Framework_2022_2/src/lenet_conv.cpp:36]   --->   Operation 651 'fadd' 'accumulator_assign_10_17' <Predicate = (!icmp_ln59)> <Delay = 6.44> <CoreInst = "FAddSub_fulldsp">   --->   Core 18 'FAddSub_fulldsp' <Latency = 6> <II = 1> <Delay = 6.44> <FuncUnit> <Opcode : 'fadd' 'fsub'> <InPorts = 2> <OutPorts = 1>

State 137 <SV = 136> <Delay = 6.44>
ST_137 : Operation 652 [5/7] (6.44ns)   --->   "%accumulator_assign_10_17 = fadd i32 %accumulator_assign_10_16, i32 %mul_i5_i2_17" [D:/lenet_project/handoff/LeNet_DSE_Framework_2022_2/LeNet_DSE_Framework_2022_2/src/lenet_conv.cpp:36]   --->   Operation 652 'fadd' 'accumulator_assign_10_17' <Predicate = (!icmp_ln59)> <Delay = 6.44> <CoreInst = "FAddSub_fulldsp">   --->   Core 18 'FAddSub_fulldsp' <Latency = 6> <II = 1> <Delay = 6.44> <FuncUnit> <Opcode : 'fadd' 'fsub'> <InPorts = 2> <OutPorts = 1>

State 138 <SV = 137> <Delay = 6.44>
ST_138 : Operation 653 [4/7] (6.44ns)   --->   "%accumulator_assign_10_17 = fadd i32 %accumulator_assign_10_16, i32 %mul_i5_i2_17" [D:/lenet_project/handoff/LeNet_DSE_Framework_2022_2/LeNet_DSE_Framework_2022_2/src/lenet_conv.cpp:36]   --->   Operation 653 'fadd' 'accumulator_assign_10_17' <Predicate = (!icmp_ln59)> <Delay = 6.44> <CoreInst = "FAddSub_fulldsp">   --->   Core 18 'FAddSub_fulldsp' <Latency = 6> <II = 1> <Delay = 6.44> <FuncUnit> <Opcode : 'fadd' 'fsub'> <InPorts = 2> <OutPorts = 1>

State 139 <SV = 138> <Delay = 6.44>
ST_139 : Operation 654 [3/7] (6.44ns)   --->   "%accumulator_assign_10_17 = fadd i32 %accumulator_assign_10_16, i32 %mul_i5_i2_17" [D:/lenet_project/handoff/LeNet_DSE_Framework_2022_2/LeNet_DSE_Framework_2022_2/src/lenet_conv.cpp:36]   --->   Operation 654 'fadd' 'accumulator_assign_10_17' <Predicate = (!icmp_ln59)> <Delay = 6.44> <CoreInst = "FAddSub_fulldsp">   --->   Core 18 'FAddSub_fulldsp' <Latency = 6> <II = 1> <Delay = 6.44> <FuncUnit> <Opcode : 'fadd' 'fsub'> <InPorts = 2> <OutPorts = 1>

State 140 <SV = 139> <Delay = 6.44>
ST_140 : Operation 655 [2/7] (6.44ns)   --->   "%accumulator_assign_10_17 = fadd i32 %accumulator_assign_10_16, i32 %mul_i5_i2_17" [D:/lenet_project/handoff/LeNet_DSE_Framework_2022_2/LeNet_DSE_Framework_2022_2/src/lenet_conv.cpp:36]   --->   Operation 655 'fadd' 'accumulator_assign_10_17' <Predicate = (!icmp_ln59)> <Delay = 6.44> <CoreInst = "FAddSub_fulldsp">   --->   Core 18 'FAddSub_fulldsp' <Latency = 6> <II = 1> <Delay = 6.44> <FuncUnit> <Opcode : 'fadd' 'fsub'> <InPorts = 2> <OutPorts = 1>

State 141 <SV = 140> <Delay = 6.44>
ST_141 : Operation 656 [1/7] (6.44ns)   --->   "%accumulator_assign_10_17 = fadd i32 %accumulator_assign_10_16, i32 %mul_i5_i2_17" [D:/lenet_project/handoff/LeNet_DSE_Framework_2022_2/LeNet_DSE_Framework_2022_2/src/lenet_conv.cpp:36]   --->   Operation 656 'fadd' 'accumulator_assign_10_17' <Predicate = (!icmp_ln59)> <Delay = 6.44> <CoreInst = "FAddSub_fulldsp">   --->   Core 18 'FAddSub_fulldsp' <Latency = 6> <II = 1> <Delay = 6.44> <FuncUnit> <Opcode : 'fadd' 'fsub'> <InPorts = 2> <OutPorts = 1>

State 142 <SV = 141> <Delay = 6.44>
ST_142 : Operation 657 [7/7] (6.44ns)   --->   "%accumulator_assign_10_18 = fadd i32 %accumulator_assign_10_17, i32 %mul_i5_i2_18" [D:/lenet_project/handoff/LeNet_DSE_Framework_2022_2/LeNet_DSE_Framework_2022_2/src/lenet_conv.cpp:36]   --->   Operation 657 'fadd' 'accumulator_assign_10_18' <Predicate = (!icmp_ln59)> <Delay = 6.44> <CoreInst = "FAddSub_fulldsp">   --->   Core 18 'FAddSub_fulldsp' <Latency = 6> <II = 1> <Delay = 6.44> <FuncUnit> <Opcode : 'fadd' 'fsub'> <InPorts = 2> <OutPorts = 1>

State 143 <SV = 142> <Delay = 6.44>
ST_143 : Operation 658 [6/7] (6.44ns)   --->   "%accumulator_assign_10_18 = fadd i32 %accumulator_assign_10_17, i32 %mul_i5_i2_18" [D:/lenet_project/handoff/LeNet_DSE_Framework_2022_2/LeNet_DSE_Framework_2022_2/src/lenet_conv.cpp:36]   --->   Operation 658 'fadd' 'accumulator_assign_10_18' <Predicate = (!icmp_ln59)> <Delay = 6.44> <CoreInst = "FAddSub_fulldsp">   --->   Core 18 'FAddSub_fulldsp' <Latency = 6> <II = 1> <Delay = 6.44> <FuncUnit> <Opcode : 'fadd' 'fsub'> <InPorts = 2> <OutPorts = 1>

State 144 <SV = 143> <Delay = 6.44>
ST_144 : Operation 659 [5/7] (6.44ns)   --->   "%accumulator_assign_10_18 = fadd i32 %accumulator_assign_10_17, i32 %mul_i5_i2_18" [D:/lenet_project/handoff/LeNet_DSE_Framework_2022_2/LeNet_DSE_Framework_2022_2/src/lenet_conv.cpp:36]   --->   Operation 659 'fadd' 'accumulator_assign_10_18' <Predicate = (!icmp_ln59)> <Delay = 6.44> <CoreInst = "FAddSub_fulldsp">   --->   Core 18 'FAddSub_fulldsp' <Latency = 6> <II = 1> <Delay = 6.44> <FuncUnit> <Opcode : 'fadd' 'fsub'> <InPorts = 2> <OutPorts = 1>

State 145 <SV = 144> <Delay = 6.44>
ST_145 : Operation 660 [4/7] (6.44ns)   --->   "%accumulator_assign_10_18 = fadd i32 %accumulator_assign_10_17, i32 %mul_i5_i2_18" [D:/lenet_project/handoff/LeNet_DSE_Framework_2022_2/LeNet_DSE_Framework_2022_2/src/lenet_conv.cpp:36]   --->   Operation 660 'fadd' 'accumulator_assign_10_18' <Predicate = (!icmp_ln59)> <Delay = 6.44> <CoreInst = "FAddSub_fulldsp">   --->   Core 18 'FAddSub_fulldsp' <Latency = 6> <II = 1> <Delay = 6.44> <FuncUnit> <Opcode : 'fadd' 'fsub'> <InPorts = 2> <OutPorts = 1>

State 146 <SV = 145> <Delay = 6.44>
ST_146 : Operation 661 [3/7] (6.44ns)   --->   "%accumulator_assign_10_18 = fadd i32 %accumulator_assign_10_17, i32 %mul_i5_i2_18" [D:/lenet_project/handoff/LeNet_DSE_Framework_2022_2/LeNet_DSE_Framework_2022_2/src/lenet_conv.cpp:36]   --->   Operation 661 'fadd' 'accumulator_assign_10_18' <Predicate = (!icmp_ln59)> <Delay = 6.44> <CoreInst = "FAddSub_fulldsp">   --->   Core 18 'FAddSub_fulldsp' <Latency = 6> <II = 1> <Delay = 6.44> <FuncUnit> <Opcode : 'fadd' 'fsub'> <InPorts = 2> <OutPorts = 1>

State 147 <SV = 146> <Delay = 6.44>
ST_147 : Operation 662 [2/7] (6.44ns)   --->   "%accumulator_assign_10_18 = fadd i32 %accumulator_assign_10_17, i32 %mul_i5_i2_18" [D:/lenet_project/handoff/LeNet_DSE_Framework_2022_2/LeNet_DSE_Framework_2022_2/src/lenet_conv.cpp:36]   --->   Operation 662 'fadd' 'accumulator_assign_10_18' <Predicate = (!icmp_ln59)> <Delay = 6.44> <CoreInst = "FAddSub_fulldsp">   --->   Core 18 'FAddSub_fulldsp' <Latency = 6> <II = 1> <Delay = 6.44> <FuncUnit> <Opcode : 'fadd' 'fsub'> <InPorts = 2> <OutPorts = 1>

State 148 <SV = 147> <Delay = 6.44>
ST_148 : Operation 663 [1/7] (6.44ns)   --->   "%accumulator_assign_10_18 = fadd i32 %accumulator_assign_10_17, i32 %mul_i5_i2_18" [D:/lenet_project/handoff/LeNet_DSE_Framework_2022_2/LeNet_DSE_Framework_2022_2/src/lenet_conv.cpp:36]   --->   Operation 663 'fadd' 'accumulator_assign_10_18' <Predicate = (!icmp_ln59)> <Delay = 6.44> <CoreInst = "FAddSub_fulldsp">   --->   Core 18 'FAddSub_fulldsp' <Latency = 6> <II = 1> <Delay = 6.44> <FuncUnit> <Opcode : 'fadd' 'fsub'> <InPorts = 2> <OutPorts = 1>

State 149 <SV = 148> <Delay = 6.44>
ST_149 : Operation 664 [7/7] (6.44ns)   --->   "%accumulator_assign_10_19 = fadd i32 %accumulator_assign_10_18, i32 %mul_i5_i2_19" [D:/lenet_project/handoff/LeNet_DSE_Framework_2022_2/LeNet_DSE_Framework_2022_2/src/lenet_conv.cpp:36]   --->   Operation 664 'fadd' 'accumulator_assign_10_19' <Predicate = (!icmp_ln59)> <Delay = 6.44> <CoreInst = "FAddSub_fulldsp">   --->   Core 18 'FAddSub_fulldsp' <Latency = 6> <II = 1> <Delay = 6.44> <FuncUnit> <Opcode : 'fadd' 'fsub'> <InPorts = 2> <OutPorts = 1>

State 150 <SV = 149> <Delay = 6.44>
ST_150 : Operation 665 [6/7] (6.44ns)   --->   "%accumulator_assign_10_19 = fadd i32 %accumulator_assign_10_18, i32 %mul_i5_i2_19" [D:/lenet_project/handoff/LeNet_DSE_Framework_2022_2/LeNet_DSE_Framework_2022_2/src/lenet_conv.cpp:36]   --->   Operation 665 'fadd' 'accumulator_assign_10_19' <Predicate = (!icmp_ln59)> <Delay = 6.44> <CoreInst = "FAddSub_fulldsp">   --->   Core 18 'FAddSub_fulldsp' <Latency = 6> <II = 1> <Delay = 6.44> <FuncUnit> <Opcode : 'fadd' 'fsub'> <InPorts = 2> <OutPorts = 1>

State 151 <SV = 150> <Delay = 6.44>
ST_151 : Operation 666 [5/7] (6.44ns)   --->   "%accumulator_assign_10_19 = fadd i32 %accumulator_assign_10_18, i32 %mul_i5_i2_19" [D:/lenet_project/handoff/LeNet_DSE_Framework_2022_2/LeNet_DSE_Framework_2022_2/src/lenet_conv.cpp:36]   --->   Operation 666 'fadd' 'accumulator_assign_10_19' <Predicate = (!icmp_ln59)> <Delay = 6.44> <CoreInst = "FAddSub_fulldsp">   --->   Core 18 'FAddSub_fulldsp' <Latency = 6> <II = 1> <Delay = 6.44> <FuncUnit> <Opcode : 'fadd' 'fsub'> <InPorts = 2> <OutPorts = 1>

State 152 <SV = 151> <Delay = 6.44>
ST_152 : Operation 667 [4/7] (6.44ns)   --->   "%accumulator_assign_10_19 = fadd i32 %accumulator_assign_10_18, i32 %mul_i5_i2_19" [D:/lenet_project/handoff/LeNet_DSE_Framework_2022_2/LeNet_DSE_Framework_2022_2/src/lenet_conv.cpp:36]   --->   Operation 667 'fadd' 'accumulator_assign_10_19' <Predicate = (!icmp_ln59)> <Delay = 6.44> <CoreInst = "FAddSub_fulldsp">   --->   Core 18 'FAddSub_fulldsp' <Latency = 6> <II = 1> <Delay = 6.44> <FuncUnit> <Opcode : 'fadd' 'fsub'> <InPorts = 2> <OutPorts = 1>

State 153 <SV = 152> <Delay = 6.44>
ST_153 : Operation 668 [3/7] (6.44ns)   --->   "%accumulator_assign_10_19 = fadd i32 %accumulator_assign_10_18, i32 %mul_i5_i2_19" [D:/lenet_project/handoff/LeNet_DSE_Framework_2022_2/LeNet_DSE_Framework_2022_2/src/lenet_conv.cpp:36]   --->   Operation 668 'fadd' 'accumulator_assign_10_19' <Predicate = (!icmp_ln59)> <Delay = 6.44> <CoreInst = "FAddSub_fulldsp">   --->   Core 18 'FAddSub_fulldsp' <Latency = 6> <II = 1> <Delay = 6.44> <FuncUnit> <Opcode : 'fadd' 'fsub'> <InPorts = 2> <OutPorts = 1>

State 154 <SV = 153> <Delay = 6.44>
ST_154 : Operation 669 [2/7] (6.44ns)   --->   "%accumulator_assign_10_19 = fadd i32 %accumulator_assign_10_18, i32 %mul_i5_i2_19" [D:/lenet_project/handoff/LeNet_DSE_Framework_2022_2/LeNet_DSE_Framework_2022_2/src/lenet_conv.cpp:36]   --->   Operation 669 'fadd' 'accumulator_assign_10_19' <Predicate = (!icmp_ln59)> <Delay = 6.44> <CoreInst = "FAddSub_fulldsp">   --->   Core 18 'FAddSub_fulldsp' <Latency = 6> <II = 1> <Delay = 6.44> <FuncUnit> <Opcode : 'fadd' 'fsub'> <InPorts = 2> <OutPorts = 1>

State 155 <SV = 154> <Delay = 6.44>
ST_155 : Operation 670 [1/7] (6.44ns)   --->   "%accumulator_assign_10_19 = fadd i32 %accumulator_assign_10_18, i32 %mul_i5_i2_19" [D:/lenet_project/handoff/LeNet_DSE_Framework_2022_2/LeNet_DSE_Framework_2022_2/src/lenet_conv.cpp:36]   --->   Operation 670 'fadd' 'accumulator_assign_10_19' <Predicate = (!icmp_ln59)> <Delay = 6.44> <CoreInst = "FAddSub_fulldsp">   --->   Core 18 'FAddSub_fulldsp' <Latency = 6> <II = 1> <Delay = 6.44> <FuncUnit> <Opcode : 'fadd' 'fsub'> <InPorts = 2> <OutPorts = 1>

State 156 <SV = 155> <Delay = 6.44>
ST_156 : Operation 671 [7/7] (6.44ns)   --->   "%accumulator_assign_10_20 = fadd i32 %accumulator_assign_10_19, i32 %mul_i5_i2_20" [D:/lenet_project/handoff/LeNet_DSE_Framework_2022_2/LeNet_DSE_Framework_2022_2/src/lenet_conv.cpp:36]   --->   Operation 671 'fadd' 'accumulator_assign_10_20' <Predicate = (!icmp_ln59)> <Delay = 6.44> <CoreInst = "FAddSub_fulldsp">   --->   Core 18 'FAddSub_fulldsp' <Latency = 6> <II = 1> <Delay = 6.44> <FuncUnit> <Opcode : 'fadd' 'fsub'> <InPorts = 2> <OutPorts = 1>

State 157 <SV = 156> <Delay = 6.44>
ST_157 : Operation 672 [6/7] (6.44ns)   --->   "%accumulator_assign_10_20 = fadd i32 %accumulator_assign_10_19, i32 %mul_i5_i2_20" [D:/lenet_project/handoff/LeNet_DSE_Framework_2022_2/LeNet_DSE_Framework_2022_2/src/lenet_conv.cpp:36]   --->   Operation 672 'fadd' 'accumulator_assign_10_20' <Predicate = (!icmp_ln59)> <Delay = 6.44> <CoreInst = "FAddSub_fulldsp">   --->   Core 18 'FAddSub_fulldsp' <Latency = 6> <II = 1> <Delay = 6.44> <FuncUnit> <Opcode : 'fadd' 'fsub'> <InPorts = 2> <OutPorts = 1>

State 158 <SV = 157> <Delay = 6.44>
ST_158 : Operation 673 [5/7] (6.44ns)   --->   "%accumulator_assign_10_20 = fadd i32 %accumulator_assign_10_19, i32 %mul_i5_i2_20" [D:/lenet_project/handoff/LeNet_DSE_Framework_2022_2/LeNet_DSE_Framework_2022_2/src/lenet_conv.cpp:36]   --->   Operation 673 'fadd' 'accumulator_assign_10_20' <Predicate = (!icmp_ln59)> <Delay = 6.44> <CoreInst = "FAddSub_fulldsp">   --->   Core 18 'FAddSub_fulldsp' <Latency = 6> <II = 1> <Delay = 6.44> <FuncUnit> <Opcode : 'fadd' 'fsub'> <InPorts = 2> <OutPorts = 1>

State 159 <SV = 158> <Delay = 6.44>
ST_159 : Operation 674 [4/7] (6.44ns)   --->   "%accumulator_assign_10_20 = fadd i32 %accumulator_assign_10_19, i32 %mul_i5_i2_20" [D:/lenet_project/handoff/LeNet_DSE_Framework_2022_2/LeNet_DSE_Framework_2022_2/src/lenet_conv.cpp:36]   --->   Operation 674 'fadd' 'accumulator_assign_10_20' <Predicate = (!icmp_ln59)> <Delay = 6.44> <CoreInst = "FAddSub_fulldsp">   --->   Core 18 'FAddSub_fulldsp' <Latency = 6> <II = 1> <Delay = 6.44> <FuncUnit> <Opcode : 'fadd' 'fsub'> <InPorts = 2> <OutPorts = 1>

State 160 <SV = 159> <Delay = 6.44>
ST_160 : Operation 675 [3/7] (6.44ns)   --->   "%accumulator_assign_10_20 = fadd i32 %accumulator_assign_10_19, i32 %mul_i5_i2_20" [D:/lenet_project/handoff/LeNet_DSE_Framework_2022_2/LeNet_DSE_Framework_2022_2/src/lenet_conv.cpp:36]   --->   Operation 675 'fadd' 'accumulator_assign_10_20' <Predicate = (!icmp_ln59)> <Delay = 6.44> <CoreInst = "FAddSub_fulldsp">   --->   Core 18 'FAddSub_fulldsp' <Latency = 6> <II = 1> <Delay = 6.44> <FuncUnit> <Opcode : 'fadd' 'fsub'> <InPorts = 2> <OutPorts = 1>

State 161 <SV = 160> <Delay = 6.44>
ST_161 : Operation 676 [2/7] (6.44ns)   --->   "%accumulator_assign_10_20 = fadd i32 %accumulator_assign_10_19, i32 %mul_i5_i2_20" [D:/lenet_project/handoff/LeNet_DSE_Framework_2022_2/LeNet_DSE_Framework_2022_2/src/lenet_conv.cpp:36]   --->   Operation 676 'fadd' 'accumulator_assign_10_20' <Predicate = (!icmp_ln59)> <Delay = 6.44> <CoreInst = "FAddSub_fulldsp">   --->   Core 18 'FAddSub_fulldsp' <Latency = 6> <II = 1> <Delay = 6.44> <FuncUnit> <Opcode : 'fadd' 'fsub'> <InPorts = 2> <OutPorts = 1>

State 162 <SV = 161> <Delay = 6.44>
ST_162 : Operation 677 [1/7] (6.44ns)   --->   "%accumulator_assign_10_20 = fadd i32 %accumulator_assign_10_19, i32 %mul_i5_i2_20" [D:/lenet_project/handoff/LeNet_DSE_Framework_2022_2/LeNet_DSE_Framework_2022_2/src/lenet_conv.cpp:36]   --->   Operation 677 'fadd' 'accumulator_assign_10_20' <Predicate = (!icmp_ln59)> <Delay = 6.44> <CoreInst = "FAddSub_fulldsp">   --->   Core 18 'FAddSub_fulldsp' <Latency = 6> <II = 1> <Delay = 6.44> <FuncUnit> <Opcode : 'fadd' 'fsub'> <InPorts = 2> <OutPorts = 1>

State 163 <SV = 162> <Delay = 6.44>
ST_163 : Operation 678 [7/7] (6.44ns)   --->   "%accumulator_assign_10_21 = fadd i32 %accumulator_assign_10_20, i32 %mul_i5_i2_21" [D:/lenet_project/handoff/LeNet_DSE_Framework_2022_2/LeNet_DSE_Framework_2022_2/src/lenet_conv.cpp:36]   --->   Operation 678 'fadd' 'accumulator_assign_10_21' <Predicate = (!icmp_ln59)> <Delay = 6.44> <CoreInst = "FAddSub_fulldsp">   --->   Core 18 'FAddSub_fulldsp' <Latency = 6> <II = 1> <Delay = 6.44> <FuncUnit> <Opcode : 'fadd' 'fsub'> <InPorts = 2> <OutPorts = 1>

State 164 <SV = 163> <Delay = 6.44>
ST_164 : Operation 679 [6/7] (6.44ns)   --->   "%accumulator_assign_10_21 = fadd i32 %accumulator_assign_10_20, i32 %mul_i5_i2_21" [D:/lenet_project/handoff/LeNet_DSE_Framework_2022_2/LeNet_DSE_Framework_2022_2/src/lenet_conv.cpp:36]   --->   Operation 679 'fadd' 'accumulator_assign_10_21' <Predicate = (!icmp_ln59)> <Delay = 6.44> <CoreInst = "FAddSub_fulldsp">   --->   Core 18 'FAddSub_fulldsp' <Latency = 6> <II = 1> <Delay = 6.44> <FuncUnit> <Opcode : 'fadd' 'fsub'> <InPorts = 2> <OutPorts = 1>

State 165 <SV = 164> <Delay = 6.44>
ST_165 : Operation 680 [5/7] (6.44ns)   --->   "%accumulator_assign_10_21 = fadd i32 %accumulator_assign_10_20, i32 %mul_i5_i2_21" [D:/lenet_project/handoff/LeNet_DSE_Framework_2022_2/LeNet_DSE_Framework_2022_2/src/lenet_conv.cpp:36]   --->   Operation 680 'fadd' 'accumulator_assign_10_21' <Predicate = (!icmp_ln59)> <Delay = 6.44> <CoreInst = "FAddSub_fulldsp">   --->   Core 18 'FAddSub_fulldsp' <Latency = 6> <II = 1> <Delay = 6.44> <FuncUnit> <Opcode : 'fadd' 'fsub'> <InPorts = 2> <OutPorts = 1>

State 166 <SV = 165> <Delay = 6.44>
ST_166 : Operation 681 [4/7] (6.44ns)   --->   "%accumulator_assign_10_21 = fadd i32 %accumulator_assign_10_20, i32 %mul_i5_i2_21" [D:/lenet_project/handoff/LeNet_DSE_Framework_2022_2/LeNet_DSE_Framework_2022_2/src/lenet_conv.cpp:36]   --->   Operation 681 'fadd' 'accumulator_assign_10_21' <Predicate = (!icmp_ln59)> <Delay = 6.44> <CoreInst = "FAddSub_fulldsp">   --->   Core 18 'FAddSub_fulldsp' <Latency = 6> <II = 1> <Delay = 6.44> <FuncUnit> <Opcode : 'fadd' 'fsub'> <InPorts = 2> <OutPorts = 1>

State 167 <SV = 166> <Delay = 6.44>
ST_167 : Operation 682 [3/7] (6.44ns)   --->   "%accumulator_assign_10_21 = fadd i32 %accumulator_assign_10_20, i32 %mul_i5_i2_21" [D:/lenet_project/handoff/LeNet_DSE_Framework_2022_2/LeNet_DSE_Framework_2022_2/src/lenet_conv.cpp:36]   --->   Operation 682 'fadd' 'accumulator_assign_10_21' <Predicate = (!icmp_ln59)> <Delay = 6.44> <CoreInst = "FAddSub_fulldsp">   --->   Core 18 'FAddSub_fulldsp' <Latency = 6> <II = 1> <Delay = 6.44> <FuncUnit> <Opcode : 'fadd' 'fsub'> <InPorts = 2> <OutPorts = 1>

State 168 <SV = 167> <Delay = 6.44>
ST_168 : Operation 683 [2/7] (6.44ns)   --->   "%accumulator_assign_10_21 = fadd i32 %accumulator_assign_10_20, i32 %mul_i5_i2_21" [D:/lenet_project/handoff/LeNet_DSE_Framework_2022_2/LeNet_DSE_Framework_2022_2/src/lenet_conv.cpp:36]   --->   Operation 683 'fadd' 'accumulator_assign_10_21' <Predicate = (!icmp_ln59)> <Delay = 6.44> <CoreInst = "FAddSub_fulldsp">   --->   Core 18 'FAddSub_fulldsp' <Latency = 6> <II = 1> <Delay = 6.44> <FuncUnit> <Opcode : 'fadd' 'fsub'> <InPorts = 2> <OutPorts = 1>

State 169 <SV = 168> <Delay = 6.44>
ST_169 : Operation 684 [1/7] (6.44ns)   --->   "%accumulator_assign_10_21 = fadd i32 %accumulator_assign_10_20, i32 %mul_i5_i2_21" [D:/lenet_project/handoff/LeNet_DSE_Framework_2022_2/LeNet_DSE_Framework_2022_2/src/lenet_conv.cpp:36]   --->   Operation 684 'fadd' 'accumulator_assign_10_21' <Predicate = (!icmp_ln59)> <Delay = 6.44> <CoreInst = "FAddSub_fulldsp">   --->   Core 18 'FAddSub_fulldsp' <Latency = 6> <II = 1> <Delay = 6.44> <FuncUnit> <Opcode : 'fadd' 'fsub'> <InPorts = 2> <OutPorts = 1>

State 170 <SV = 169> <Delay = 6.44>
ST_170 : Operation 685 [7/7] (6.44ns)   --->   "%accumulator_assign_10_22 = fadd i32 %accumulator_assign_10_21, i32 %mul_i5_i2_22" [D:/lenet_project/handoff/LeNet_DSE_Framework_2022_2/LeNet_DSE_Framework_2022_2/src/lenet_conv.cpp:36]   --->   Operation 685 'fadd' 'accumulator_assign_10_22' <Predicate = (!icmp_ln59)> <Delay = 6.44> <CoreInst = "FAddSub_fulldsp">   --->   Core 18 'FAddSub_fulldsp' <Latency = 6> <II = 1> <Delay = 6.44> <FuncUnit> <Opcode : 'fadd' 'fsub'> <InPorts = 2> <OutPorts = 1>

State 171 <SV = 170> <Delay = 6.44>
ST_171 : Operation 686 [6/7] (6.44ns)   --->   "%accumulator_assign_10_22 = fadd i32 %accumulator_assign_10_21, i32 %mul_i5_i2_22" [D:/lenet_project/handoff/LeNet_DSE_Framework_2022_2/LeNet_DSE_Framework_2022_2/src/lenet_conv.cpp:36]   --->   Operation 686 'fadd' 'accumulator_assign_10_22' <Predicate = (!icmp_ln59)> <Delay = 6.44> <CoreInst = "FAddSub_fulldsp">   --->   Core 18 'FAddSub_fulldsp' <Latency = 6> <II = 1> <Delay = 6.44> <FuncUnit> <Opcode : 'fadd' 'fsub'> <InPorts = 2> <OutPorts = 1>

State 172 <SV = 171> <Delay = 6.44>
ST_172 : Operation 687 [5/7] (6.44ns)   --->   "%accumulator_assign_10_22 = fadd i32 %accumulator_assign_10_21, i32 %mul_i5_i2_22" [D:/lenet_project/handoff/LeNet_DSE_Framework_2022_2/LeNet_DSE_Framework_2022_2/src/lenet_conv.cpp:36]   --->   Operation 687 'fadd' 'accumulator_assign_10_22' <Predicate = (!icmp_ln59)> <Delay = 6.44> <CoreInst = "FAddSub_fulldsp">   --->   Core 18 'FAddSub_fulldsp' <Latency = 6> <II = 1> <Delay = 6.44> <FuncUnit> <Opcode : 'fadd' 'fsub'> <InPorts = 2> <OutPorts = 1>

State 173 <SV = 172> <Delay = 6.44>
ST_173 : Operation 688 [4/7] (6.44ns)   --->   "%accumulator_assign_10_22 = fadd i32 %accumulator_assign_10_21, i32 %mul_i5_i2_22" [D:/lenet_project/handoff/LeNet_DSE_Framework_2022_2/LeNet_DSE_Framework_2022_2/src/lenet_conv.cpp:36]   --->   Operation 688 'fadd' 'accumulator_assign_10_22' <Predicate = (!icmp_ln59)> <Delay = 6.44> <CoreInst = "FAddSub_fulldsp">   --->   Core 18 'FAddSub_fulldsp' <Latency = 6> <II = 1> <Delay = 6.44> <FuncUnit> <Opcode : 'fadd' 'fsub'> <InPorts = 2> <OutPorts = 1>

State 174 <SV = 173> <Delay = 6.44>
ST_174 : Operation 689 [3/7] (6.44ns)   --->   "%accumulator_assign_10_22 = fadd i32 %accumulator_assign_10_21, i32 %mul_i5_i2_22" [D:/lenet_project/handoff/LeNet_DSE_Framework_2022_2/LeNet_DSE_Framework_2022_2/src/lenet_conv.cpp:36]   --->   Operation 689 'fadd' 'accumulator_assign_10_22' <Predicate = (!icmp_ln59)> <Delay = 6.44> <CoreInst = "FAddSub_fulldsp">   --->   Core 18 'FAddSub_fulldsp' <Latency = 6> <II = 1> <Delay = 6.44> <FuncUnit> <Opcode : 'fadd' 'fsub'> <InPorts = 2> <OutPorts = 1>

State 175 <SV = 174> <Delay = 6.44>
ST_175 : Operation 690 [2/7] (6.44ns)   --->   "%accumulator_assign_10_22 = fadd i32 %accumulator_assign_10_21, i32 %mul_i5_i2_22" [D:/lenet_project/handoff/LeNet_DSE_Framework_2022_2/LeNet_DSE_Framework_2022_2/src/lenet_conv.cpp:36]   --->   Operation 690 'fadd' 'accumulator_assign_10_22' <Predicate = (!icmp_ln59)> <Delay = 6.44> <CoreInst = "FAddSub_fulldsp">   --->   Core 18 'FAddSub_fulldsp' <Latency = 6> <II = 1> <Delay = 6.44> <FuncUnit> <Opcode : 'fadd' 'fsub'> <InPorts = 2> <OutPorts = 1>
ST_175 : Operation 691 [1/1] (1.58ns)   --->   "%store_ln60 = store i3 %add_ln60, i3 %input_channel" [D:/lenet_project/handoff/LeNet_DSE_Framework_2022_2/LeNet_DSE_Framework_2022_2/src/lenet_conv.cpp:60]   --->   Operation 691 'store' 'store_ln60' <Predicate = (!icmp_ln59)> <Delay = 1.58>

State 176 <SV = 175> <Delay = 6.44>
ST_176 : Operation 692 [1/7] (6.44ns)   --->   "%accumulator_assign_10_22 = fadd i32 %accumulator_assign_10_21, i32 %mul_i5_i2_22" [D:/lenet_project/handoff/LeNet_DSE_Framework_2022_2/LeNet_DSE_Framework_2022_2/src/lenet_conv.cpp:36]   --->   Operation 692 'fadd' 'accumulator_assign_10_22' <Predicate = true> <Delay = 6.44> <CoreInst = "FAddSub_fulldsp">   --->   Core 18 'FAddSub_fulldsp' <Latency = 6> <II = 1> <Delay = 6.44> <FuncUnit> <Opcode : 'fadd' 'fsub'> <InPorts = 2> <OutPorts = 1>

State 177 <SV = 176> <Delay = 6.44>
ST_177 : Operation 693 [7/7] (6.44ns)   --->   "%accumulator_assign_10_23 = fadd i32 %accumulator_assign_10_22, i32 %mul_i5_i2_23" [D:/lenet_project/handoff/LeNet_DSE_Framework_2022_2/LeNet_DSE_Framework_2022_2/src/lenet_conv.cpp:36]   --->   Operation 693 'fadd' 'accumulator_assign_10_23' <Predicate = true> <Delay = 6.44> <CoreInst = "FAddSub_fulldsp">   --->   Core 18 'FAddSub_fulldsp' <Latency = 6> <II = 1> <Delay = 6.44> <FuncUnit> <Opcode : 'fadd' 'fsub'> <InPorts = 2> <OutPorts = 1>

State 178 <SV = 177> <Delay = 6.44>
ST_178 : Operation 694 [6/7] (6.44ns)   --->   "%accumulator_assign_10_23 = fadd i32 %accumulator_assign_10_22, i32 %mul_i5_i2_23" [D:/lenet_project/handoff/LeNet_DSE_Framework_2022_2/LeNet_DSE_Framework_2022_2/src/lenet_conv.cpp:36]   --->   Operation 694 'fadd' 'accumulator_assign_10_23' <Predicate = true> <Delay = 6.44> <CoreInst = "FAddSub_fulldsp">   --->   Core 18 'FAddSub_fulldsp' <Latency = 6> <II = 1> <Delay = 6.44> <FuncUnit> <Opcode : 'fadd' 'fsub'> <InPorts = 2> <OutPorts = 1>

State 179 <SV = 178> <Delay = 6.44>
ST_179 : Operation 695 [5/7] (6.44ns)   --->   "%accumulator_assign_10_23 = fadd i32 %accumulator_assign_10_22, i32 %mul_i5_i2_23" [D:/lenet_project/handoff/LeNet_DSE_Framework_2022_2/LeNet_DSE_Framework_2022_2/src/lenet_conv.cpp:36]   --->   Operation 695 'fadd' 'accumulator_assign_10_23' <Predicate = true> <Delay = 6.44> <CoreInst = "FAddSub_fulldsp">   --->   Core 18 'FAddSub_fulldsp' <Latency = 6> <II = 1> <Delay = 6.44> <FuncUnit> <Opcode : 'fadd' 'fsub'> <InPorts = 2> <OutPorts = 1>

State 180 <SV = 179> <Delay = 6.44>
ST_180 : Operation 696 [4/7] (6.44ns)   --->   "%accumulator_assign_10_23 = fadd i32 %accumulator_assign_10_22, i32 %mul_i5_i2_23" [D:/lenet_project/handoff/LeNet_DSE_Framework_2022_2/LeNet_DSE_Framework_2022_2/src/lenet_conv.cpp:36]   --->   Operation 696 'fadd' 'accumulator_assign_10_23' <Predicate = true> <Delay = 6.44> <CoreInst = "FAddSub_fulldsp">   --->   Core 18 'FAddSub_fulldsp' <Latency = 6> <II = 1> <Delay = 6.44> <FuncUnit> <Opcode : 'fadd' 'fsub'> <InPorts = 2> <OutPorts = 1>

State 181 <SV = 180> <Delay = 6.44>
ST_181 : Operation 697 [3/7] (6.44ns)   --->   "%accumulator_assign_10_23 = fadd i32 %accumulator_assign_10_22, i32 %mul_i5_i2_23" [D:/lenet_project/handoff/LeNet_DSE_Framework_2022_2/LeNet_DSE_Framework_2022_2/src/lenet_conv.cpp:36]   --->   Operation 697 'fadd' 'accumulator_assign_10_23' <Predicate = true> <Delay = 6.44> <CoreInst = "FAddSub_fulldsp">   --->   Core 18 'FAddSub_fulldsp' <Latency = 6> <II = 1> <Delay = 6.44> <FuncUnit> <Opcode : 'fadd' 'fsub'> <InPorts = 2> <OutPorts = 1>

State 182 <SV = 181> <Delay = 6.44>
ST_182 : Operation 698 [2/7] (6.44ns)   --->   "%accumulator_assign_10_23 = fadd i32 %accumulator_assign_10_22, i32 %mul_i5_i2_23" [D:/lenet_project/handoff/LeNet_DSE_Framework_2022_2/LeNet_DSE_Framework_2022_2/src/lenet_conv.cpp:36]   --->   Operation 698 'fadd' 'accumulator_assign_10_23' <Predicate = true> <Delay = 6.44> <CoreInst = "FAddSub_fulldsp">   --->   Core 18 'FAddSub_fulldsp' <Latency = 6> <II = 1> <Delay = 6.44> <FuncUnit> <Opcode : 'fadd' 'fsub'> <InPorts = 2> <OutPorts = 1>

State 183 <SV = 182> <Delay = 6.44>
ST_183 : Operation 699 [1/1] (0.00ns)   --->   "%specloopname_ln8 = specloopname void @_ssdm_op_SpecLoopName, void @empty_18" [D:/lenet_project/handoff/LeNet_DSE_Framework_2022_2/LeNet_DSE_Framework_2022_2/src/lenet_conv.cpp:8]   --->   Operation 699 'specloopname' 'specloopname_ln8' <Predicate = true> <Delay = 0.00>
ST_183 : Operation 700 [1/7] (6.44ns)   --->   "%accumulator_assign_10_23 = fadd i32 %accumulator_assign_10_22, i32 %mul_i5_i2_23" [D:/lenet_project/handoff/LeNet_DSE_Framework_2022_2/LeNet_DSE_Framework_2022_2/src/lenet_conv.cpp:36]   --->   Operation 700 'fadd' 'accumulator_assign_10_23' <Predicate = true> <Delay = 6.44> <CoreInst = "FAddSub_fulldsp">   --->   Core 18 'FAddSub_fulldsp' <Latency = 6> <II = 1> <Delay = 6.44> <FuncUnit> <Opcode : 'fadd' 'fsub'> <InPorts = 2> <OutPorts = 1>

State 184 <SV = 183> <Delay = 3.25>
ST_184 : Operation 701 [1/1] (3.25ns)   --->   "%store_ln77 = store i32 %accumulator_assign_10_23, i11 %conv2_output_addr" [D:/lenet_project/handoff/LeNet_DSE_Framework_2022_2/LeNet_DSE_Framework_2022_2/src/lenet_conv.cpp:77]   --->   Operation 701 'store' 'store_ln77' <Predicate = (ifzero)> <Delay = 3.25> <CoreInst = "RAM_1WnR">   --->   Core 83 'RAM_1WnR' <Latency = 1> <II = 1> <Delay = 3.25> <Storage> <Opcode : 'load' 'store'> <Ports = 17> <Width = 32> <Depth = 1600> <RAM>
ST_184 : Operation 702 [1/1] (0.00ns)   --->   "%br_ln0 = br void %ifFalse"   --->   Operation 702 'br' 'br_ln0' <Predicate = (ifzero)> <Delay = 0.00>
ST_184 : Operation 703 [1/1] (1.58ns)   --->   "%store_ln36 = store i32 %accumulator_assign_10_23, i32 %accumulator" [D:/lenet_project/handoff/LeNet_DSE_Framework_2022_2/LeNet_DSE_Framework_2022_2/src/lenet_conv.cpp:36]   --->   Operation 703 'store' 'store_ln36' <Predicate = true> <Delay = 1.58>
ST_184 : Operation 704 [1/1] (0.00ns)   --->   "%br_ln0 = br void %for.body12.i"   --->   Operation 704 'br' 'br_ln0' <Predicate = true> <Delay = 0.00>


============================================================
+ Verbose Summary: Timing violations
============================================================
Target clock period: 9ns, clock uncertainty: 2.43ns.

 <State 1>: 3.58ns
The critical path consists of the following:
	'alloca' operation ('input_channel') [10]  (0 ns)
	'load' operation ('input_channel', D:/lenet_project/handoff/LeNet_DSE_Framework_2022_2/LeNet_DSE_Framework_2022_2/src/lenet_conv.cpp:60) on local variable 'input_channel' [25]  (0 ns)
	'add' operation ('newSecond', D:/lenet_project/handoff/LeNet_DSE_Framework_2022_2/LeNet_DSE_Framework_2022_2/src/lenet_conv.cpp:60) [42]  (3.58 ns)

 <State 2>: 6.57ns
The critical path consists of the following:
	bus read operation ('gmem1_addr_read', D:/lenet_project/handoff/LeNet_DSE_Framework_2022_2/LeNet_DSE_Framework_2022_2/src/lenet_conv.cpp:36) on port 'gmem1' (D:/lenet_project/handoff/LeNet_DSE_Framework_2022_2/LeNet_DSE_Framework_2022_2/src/lenet_conv.cpp:36) [172]  (6.57 ns)

 <State 3>: 6.57ns
The critical path consists of the following:
	bus read operation ('gmem1_addr_read_49', D:/lenet_project/handoff/LeNet_DSE_Framework_2022_2/LeNet_DSE_Framework_2022_2/src/lenet_conv.cpp:36) on port 'gmem1' (D:/lenet_project/handoff/LeNet_DSE_Framework_2022_2/LeNet_DSE_Framework_2022_2/src/lenet_conv.cpp:36) [176]  (6.57 ns)

 <State 4>: 6.57ns
The critical path consists of the following:
	bus read operation ('gmem1_addr_read_50', D:/lenet_project/handoff/LeNet_DSE_Framework_2022_2/LeNet_DSE_Framework_2022_2/src/lenet_conv.cpp:36) on port 'gmem1' (D:/lenet_project/handoff/LeNet_DSE_Framework_2022_2/LeNet_DSE_Framework_2022_2/src/lenet_conv.cpp:36) [180]  (6.57 ns)

 <State 5>: 6.57ns
The critical path consists of the following:
	bus read operation ('gmem1_addr_read_51', D:/lenet_project/handoff/LeNet_DSE_Framework_2022_2/LeNet_DSE_Framework_2022_2/src/lenet_conv.cpp:36) on port 'gmem1' (D:/lenet_project/handoff/LeNet_DSE_Framework_2022_2/LeNet_DSE_Framework_2022_2/src/lenet_conv.cpp:36) [184]  (6.57 ns)

 <State 6>: 6.57ns
The critical path consists of the following:
	bus read operation ('gmem1_addr_read_52', D:/lenet_project/handoff/LeNet_DSE_Framework_2022_2/LeNet_DSE_Framework_2022_2/src/lenet_conv.cpp:36) on port 'gmem1' (D:/lenet_project/handoff/LeNet_DSE_Framework_2022_2/LeNet_DSE_Framework_2022_2/src/lenet_conv.cpp:36) [188]  (6.57 ns)

 <State 7>: 6.57ns
The critical path consists of the following:
	bus read operation ('gmem1_addr_read_53', D:/lenet_project/handoff/LeNet_DSE_Framework_2022_2/LeNet_DSE_Framework_2022_2/src/lenet_conv.cpp:36) on port 'gmem1' (D:/lenet_project/handoff/LeNet_DSE_Framework_2022_2/LeNet_DSE_Framework_2022_2/src/lenet_conv.cpp:36) [192]  (6.57 ns)

 <State 8>: 6.57ns
The critical path consists of the following:
	bus read operation ('gmem1_addr_read_54', D:/lenet_project/handoff/LeNet_DSE_Framework_2022_2/LeNet_DSE_Framework_2022_2/src/lenet_conv.cpp:36) on port 'gmem1' (D:/lenet_project/handoff/LeNet_DSE_Framework_2022_2/LeNet_DSE_Framework_2022_2/src/lenet_conv.cpp:36) [196]  (6.57 ns)

 <State 9>: 6.57ns
The critical path consists of the following:
	bus read operation ('gmem1_addr_read_55', D:/lenet_project/handoff/LeNet_DSE_Framework_2022_2/LeNet_DSE_Framework_2022_2/src/lenet_conv.cpp:36) on port 'gmem1' (D:/lenet_project/handoff/LeNet_DSE_Framework_2022_2/LeNet_DSE_Framework_2022_2/src/lenet_conv.cpp:36) [200]  (6.57 ns)

 <State 10>: 6.57ns
The critical path consists of the following:
	bus read operation ('gmem1_addr_read_56', D:/lenet_project/handoff/LeNet_DSE_Framework_2022_2/LeNet_DSE_Framework_2022_2/src/lenet_conv.cpp:36) on port 'gmem1' (D:/lenet_project/handoff/LeNet_DSE_Framework_2022_2/LeNet_DSE_Framework_2022_2/src/lenet_conv.cpp:36) [204]  (6.57 ns)

 <State 11>: 6.57ns
The critical path consists of the following:
	bus read operation ('gmem1_addr_read_57', D:/lenet_project/handoff/LeNet_DSE_Framework_2022_2/LeNet_DSE_Framework_2022_2/src/lenet_conv.cpp:36) on port 'gmem1' (D:/lenet_project/handoff/LeNet_DSE_Framework_2022_2/LeNet_DSE_Framework_2022_2/src/lenet_conv.cpp:36) [208]  (6.57 ns)

 <State 12>: 6.57ns
The critical path consists of the following:
	bus read operation ('gmem1_addr_read_58', D:/lenet_project/handoff/LeNet_DSE_Framework_2022_2/LeNet_DSE_Framework_2022_2/src/lenet_conv.cpp:36) on port 'gmem1' (D:/lenet_project/handoff/LeNet_DSE_Framework_2022_2/LeNet_DSE_Framework_2022_2/src/lenet_conv.cpp:36) [212]  (6.57 ns)

 <State 13>: 6.57ns
The critical path consists of the following:
	bus read operation ('gmem1_addr_read_59', D:/lenet_project/handoff/LeNet_DSE_Framework_2022_2/LeNet_DSE_Framework_2022_2/src/lenet_conv.cpp:36) on port 'gmem1' (D:/lenet_project/handoff/LeNet_DSE_Framework_2022_2/LeNet_DSE_Framework_2022_2/src/lenet_conv.cpp:36) [216]  (6.57 ns)

 <State 14>: 6.57ns
The critical path consists of the following:
	bus read operation ('gmem1_addr_read_60', D:/lenet_project/handoff/LeNet_DSE_Framework_2022_2/LeNet_DSE_Framework_2022_2/src/lenet_conv.cpp:36) on port 'gmem1' (D:/lenet_project/handoff/LeNet_DSE_Framework_2022_2/LeNet_DSE_Framework_2022_2/src/lenet_conv.cpp:36) [220]  (6.57 ns)

 <State 15>: 6.57ns
The critical path consists of the following:
	bus read operation ('gmem1_addr_read_61', D:/lenet_project/handoff/LeNet_DSE_Framework_2022_2/LeNet_DSE_Framework_2022_2/src/lenet_conv.cpp:36) on port 'gmem1' (D:/lenet_project/handoff/LeNet_DSE_Framework_2022_2/LeNet_DSE_Framework_2022_2/src/lenet_conv.cpp:36) [224]  (6.57 ns)

 <State 16>: 6.57ns
The critical path consists of the following:
	bus read operation ('gmem1_addr_read_62', D:/lenet_project/handoff/LeNet_DSE_Framework_2022_2/LeNet_DSE_Framework_2022_2/src/lenet_conv.cpp:36) on port 'gmem1' (D:/lenet_project/handoff/LeNet_DSE_Framework_2022_2/LeNet_DSE_Framework_2022_2/src/lenet_conv.cpp:36) [228]  (6.57 ns)

 <State 17>: 6.57ns
The critical path consists of the following:
	bus read operation ('gmem1_addr_read_63', D:/lenet_project/handoff/LeNet_DSE_Framework_2022_2/LeNet_DSE_Framework_2022_2/src/lenet_conv.cpp:36) on port 'gmem1' (D:/lenet_project/handoff/LeNet_DSE_Framework_2022_2/LeNet_DSE_Framework_2022_2/src/lenet_conv.cpp:36) [232]  (6.57 ns)

 <State 18>: 6.57ns
The critical path consists of the following:
	bus read operation ('gmem1_addr_read_64', D:/lenet_project/handoff/LeNet_DSE_Framework_2022_2/LeNet_DSE_Framework_2022_2/src/lenet_conv.cpp:36) on port 'gmem1' (D:/lenet_project/handoff/LeNet_DSE_Framework_2022_2/LeNet_DSE_Framework_2022_2/src/lenet_conv.cpp:36) [236]  (6.57 ns)

 <State 19>: 6.57ns
The critical path consists of the following:
	bus read operation ('gmem1_addr_read_65', D:/lenet_project/handoff/LeNet_DSE_Framework_2022_2/LeNet_DSE_Framework_2022_2/src/lenet_conv.cpp:36) on port 'gmem1' (D:/lenet_project/handoff/LeNet_DSE_Framework_2022_2/LeNet_DSE_Framework_2022_2/src/lenet_conv.cpp:36) [240]  (6.57 ns)

 <State 20>: 6.57ns
The critical path consists of the following:
	bus read operation ('gmem1_addr_read_66', D:/lenet_project/handoff/LeNet_DSE_Framework_2022_2/LeNet_DSE_Framework_2022_2/src/lenet_conv.cpp:36) on port 'gmem1' (D:/lenet_project/handoff/LeNet_DSE_Framework_2022_2/LeNet_DSE_Framework_2022_2/src/lenet_conv.cpp:36) [244]  (6.57 ns)

 <State 21>: 6.57ns
The critical path consists of the following:
	bus read operation ('gmem1_addr_read_67', D:/lenet_project/handoff/LeNet_DSE_Framework_2022_2/LeNet_DSE_Framework_2022_2/src/lenet_conv.cpp:36) on port 'gmem1' (D:/lenet_project/handoff/LeNet_DSE_Framework_2022_2/LeNet_DSE_Framework_2022_2/src/lenet_conv.cpp:36) [248]  (6.57 ns)

 <State 22>: 6.57ns
The critical path consists of the following:
	bus read operation ('gmem1_addr_read_68', D:/lenet_project/handoff/LeNet_DSE_Framework_2022_2/LeNet_DSE_Framework_2022_2/src/lenet_conv.cpp:36) on port 'gmem1' (D:/lenet_project/handoff/LeNet_DSE_Framework_2022_2/LeNet_DSE_Framework_2022_2/src/lenet_conv.cpp:36) [252]  (6.57 ns)

 <State 23>: 6.57ns
The critical path consists of the following:
	bus read operation ('gmem1_addr_read_69', D:/lenet_project/handoff/LeNet_DSE_Framework_2022_2/LeNet_DSE_Framework_2022_2/src/lenet_conv.cpp:36) on port 'gmem1' (D:/lenet_project/handoff/LeNet_DSE_Framework_2022_2/LeNet_DSE_Framework_2022_2/src/lenet_conv.cpp:36) [256]  (6.57 ns)

 <State 24>: 6.57ns
The critical path consists of the following:
	bus read operation ('gmem1_addr_read_70', D:/lenet_project/handoff/LeNet_DSE_Framework_2022_2/LeNet_DSE_Framework_2022_2/src/lenet_conv.cpp:36) on port 'gmem1' (D:/lenet_project/handoff/LeNet_DSE_Framework_2022_2/LeNet_DSE_Framework_2022_2/src/lenet_conv.cpp:36) [260]  (6.57 ns)

 <State 25>: 6.57ns
The critical path consists of the following:
	bus read operation ('gmem1_addr_read_71', D:/lenet_project/handoff/LeNet_DSE_Framework_2022_2/LeNet_DSE_Framework_2022_2/src/lenet_conv.cpp:36) on port 'gmem1' (D:/lenet_project/handoff/LeNet_DSE_Framework_2022_2/LeNet_DSE_Framework_2022_2/src/lenet_conv.cpp:36) [264]  (6.57 ns)

 <State 26>: 6.57ns
The critical path consists of the following:
	bus read operation ('gmem1_addr_read_72', D:/lenet_project/handoff/LeNet_DSE_Framework_2022_2/LeNet_DSE_Framework_2022_2/src/lenet_conv.cpp:36) on port 'gmem1' (D:/lenet_project/handoff/LeNet_DSE_Framework_2022_2/LeNet_DSE_Framework_2022_2/src/lenet_conv.cpp:36) [268]  (6.57 ns)

 <State 27>: 6.44ns
The critical path consists of the following:
	'fadd' operation ('accumulator_assign_10_2', D:/lenet_project/handoff/LeNet_DSE_Framework_2022_2/LeNet_DSE_Framework_2022_2/src/lenet_conv.cpp:36) [183]  (6.44 ns)

 <State 28>: 6.44ns
The critical path consists of the following:
	'fadd' operation ('accumulator_assign_10_2', D:/lenet_project/handoff/LeNet_DSE_Framework_2022_2/LeNet_DSE_Framework_2022_2/src/lenet_conv.cpp:36) [183]  (6.44 ns)

 <State 29>: 6.44ns
The critical path consists of the following:
	'fadd' operation ('accumulator_assign_10_2', D:/lenet_project/handoff/LeNet_DSE_Framework_2022_2/LeNet_DSE_Framework_2022_2/src/lenet_conv.cpp:36) [183]  (6.44 ns)

 <State 30>: 6.44ns
The critical path consists of the following:
	'fadd' operation ('accumulator_assign_10_3', D:/lenet_project/handoff/LeNet_DSE_Framework_2022_2/LeNet_DSE_Framework_2022_2/src/lenet_conv.cpp:36) [187]  (6.44 ns)

 <State 31>: 6.44ns
The critical path consists of the following:
	'fadd' operation ('accumulator_assign_10_3', D:/lenet_project/handoff/LeNet_DSE_Framework_2022_2/LeNet_DSE_Framework_2022_2/src/lenet_conv.cpp:36) [187]  (6.44 ns)

 <State 32>: 6.44ns
The critical path consists of the following:
	'fadd' operation ('accumulator_assign_10_3', D:/lenet_project/handoff/LeNet_DSE_Framework_2022_2/LeNet_DSE_Framework_2022_2/src/lenet_conv.cpp:36) [187]  (6.44 ns)

 <State 33>: 6.44ns
The critical path consists of the following:
	'fadd' operation ('accumulator_assign_10_3', D:/lenet_project/handoff/LeNet_DSE_Framework_2022_2/LeNet_DSE_Framework_2022_2/src/lenet_conv.cpp:36) [187]  (6.44 ns)

 <State 34>: 6.44ns
The critical path consists of the following:
	'fadd' operation ('accumulator_assign_10_3', D:/lenet_project/handoff/LeNet_DSE_Framework_2022_2/LeNet_DSE_Framework_2022_2/src/lenet_conv.cpp:36) [187]  (6.44 ns)

 <State 35>: 6.44ns
The critical path consists of the following:
	'fadd' operation ('accumulator_assign_10_3', D:/lenet_project/handoff/LeNet_DSE_Framework_2022_2/LeNet_DSE_Framework_2022_2/src/lenet_conv.cpp:36) [187]  (6.44 ns)

 <State 36>: 6.44ns
The critical path consists of the following:
	'fadd' operation ('accumulator_assign_10_3', D:/lenet_project/handoff/LeNet_DSE_Framework_2022_2/LeNet_DSE_Framework_2022_2/src/lenet_conv.cpp:36) [187]  (6.44 ns)

 <State 37>: 6.44ns
The critical path consists of the following:
	'fadd' operation ('accumulator_assign_10_4', D:/lenet_project/handoff/LeNet_DSE_Framework_2022_2/LeNet_DSE_Framework_2022_2/src/lenet_conv.cpp:36) [191]  (6.44 ns)

 <State 38>: 6.44ns
The critical path consists of the following:
	'fadd' operation ('accumulator_assign_10_4', D:/lenet_project/handoff/LeNet_DSE_Framework_2022_2/LeNet_DSE_Framework_2022_2/src/lenet_conv.cpp:36) [191]  (6.44 ns)

 <State 39>: 6.44ns
The critical path consists of the following:
	'fadd' operation ('accumulator_assign_10_4', D:/lenet_project/handoff/LeNet_DSE_Framework_2022_2/LeNet_DSE_Framework_2022_2/src/lenet_conv.cpp:36) [191]  (6.44 ns)

 <State 40>: 6.44ns
The critical path consists of the following:
	'fadd' operation ('accumulator_assign_10_4', D:/lenet_project/handoff/LeNet_DSE_Framework_2022_2/LeNet_DSE_Framework_2022_2/src/lenet_conv.cpp:36) [191]  (6.44 ns)

 <State 41>: 6.44ns
The critical path consists of the following:
	'fadd' operation ('accumulator_assign_10_4', D:/lenet_project/handoff/LeNet_DSE_Framework_2022_2/LeNet_DSE_Framework_2022_2/src/lenet_conv.cpp:36) [191]  (6.44 ns)

 <State 42>: 6.44ns
The critical path consists of the following:
	'fadd' operation ('accumulator_assign_10_4', D:/lenet_project/handoff/LeNet_DSE_Framework_2022_2/LeNet_DSE_Framework_2022_2/src/lenet_conv.cpp:36) [191]  (6.44 ns)

 <State 43>: 6.44ns
The critical path consists of the following:
	'fadd' operation ('accumulator_assign_10_4', D:/lenet_project/handoff/LeNet_DSE_Framework_2022_2/LeNet_DSE_Framework_2022_2/src/lenet_conv.cpp:36) [191]  (6.44 ns)

 <State 44>: 6.44ns
The critical path consists of the following:
	'fadd' operation ('accumulator_assign_10_5', D:/lenet_project/handoff/LeNet_DSE_Framework_2022_2/LeNet_DSE_Framework_2022_2/src/lenet_conv.cpp:36) [195]  (6.44 ns)

 <State 45>: 6.44ns
The critical path consists of the following:
	'fadd' operation ('accumulator_assign_10_5', D:/lenet_project/handoff/LeNet_DSE_Framework_2022_2/LeNet_DSE_Framework_2022_2/src/lenet_conv.cpp:36) [195]  (6.44 ns)

 <State 46>: 6.44ns
The critical path consists of the following:
	'fadd' operation ('accumulator_assign_10_5', D:/lenet_project/handoff/LeNet_DSE_Framework_2022_2/LeNet_DSE_Framework_2022_2/src/lenet_conv.cpp:36) [195]  (6.44 ns)

 <State 47>: 6.44ns
The critical path consists of the following:
	'fadd' operation ('accumulator_assign_10_5', D:/lenet_project/handoff/LeNet_DSE_Framework_2022_2/LeNet_DSE_Framework_2022_2/src/lenet_conv.cpp:36) [195]  (6.44 ns)

 <State 48>: 6.44ns
The critical path consists of the following:
	'fadd' operation ('accumulator_assign_10_5', D:/lenet_project/handoff/LeNet_DSE_Framework_2022_2/LeNet_DSE_Framework_2022_2/src/lenet_conv.cpp:36) [195]  (6.44 ns)

 <State 49>: 6.44ns
The critical path consists of the following:
	'fadd' operation ('accumulator_assign_10_5', D:/lenet_project/handoff/LeNet_DSE_Framework_2022_2/LeNet_DSE_Framework_2022_2/src/lenet_conv.cpp:36) [195]  (6.44 ns)

 <State 50>: 6.44ns
The critical path consists of the following:
	'fadd' operation ('accumulator_assign_10_5', D:/lenet_project/handoff/LeNet_DSE_Framework_2022_2/LeNet_DSE_Framework_2022_2/src/lenet_conv.cpp:36) [195]  (6.44 ns)

 <State 51>: 6.44ns
The critical path consists of the following:
	'fadd' operation ('accumulator_assign_10_6', D:/lenet_project/handoff/LeNet_DSE_Framework_2022_2/LeNet_DSE_Framework_2022_2/src/lenet_conv.cpp:36) [199]  (6.44 ns)

 <State 52>: 6.44ns
The critical path consists of the following:
	'fadd' operation ('accumulator_assign_10_6', D:/lenet_project/handoff/LeNet_DSE_Framework_2022_2/LeNet_DSE_Framework_2022_2/src/lenet_conv.cpp:36) [199]  (6.44 ns)

 <State 53>: 6.44ns
The critical path consists of the following:
	'fadd' operation ('accumulator_assign_10_6', D:/lenet_project/handoff/LeNet_DSE_Framework_2022_2/LeNet_DSE_Framework_2022_2/src/lenet_conv.cpp:36) [199]  (6.44 ns)

 <State 54>: 6.44ns
The critical path consists of the following:
	'fadd' operation ('accumulator_assign_10_6', D:/lenet_project/handoff/LeNet_DSE_Framework_2022_2/LeNet_DSE_Framework_2022_2/src/lenet_conv.cpp:36) [199]  (6.44 ns)

 <State 55>: 6.44ns
The critical path consists of the following:
	'fadd' operation ('accumulator_assign_10_6', D:/lenet_project/handoff/LeNet_DSE_Framework_2022_2/LeNet_DSE_Framework_2022_2/src/lenet_conv.cpp:36) [199]  (6.44 ns)

 <State 56>: 6.44ns
The critical path consists of the following:
	'fadd' operation ('accumulator_assign_10_6', D:/lenet_project/handoff/LeNet_DSE_Framework_2022_2/LeNet_DSE_Framework_2022_2/src/lenet_conv.cpp:36) [199]  (6.44 ns)

 <State 57>: 6.44ns
The critical path consists of the following:
	'fadd' operation ('accumulator_assign_10_6', D:/lenet_project/handoff/LeNet_DSE_Framework_2022_2/LeNet_DSE_Framework_2022_2/src/lenet_conv.cpp:36) [199]  (6.44 ns)

 <State 58>: 6.44ns
The critical path consists of the following:
	'fadd' operation ('accumulator_assign_10_7', D:/lenet_project/handoff/LeNet_DSE_Framework_2022_2/LeNet_DSE_Framework_2022_2/src/lenet_conv.cpp:36) [203]  (6.44 ns)

 <State 59>: 6.44ns
The critical path consists of the following:
	'fadd' operation ('accumulator_assign_10_7', D:/lenet_project/handoff/LeNet_DSE_Framework_2022_2/LeNet_DSE_Framework_2022_2/src/lenet_conv.cpp:36) [203]  (6.44 ns)

 <State 60>: 6.44ns
The critical path consists of the following:
	'fadd' operation ('accumulator_assign_10_7', D:/lenet_project/handoff/LeNet_DSE_Framework_2022_2/LeNet_DSE_Framework_2022_2/src/lenet_conv.cpp:36) [203]  (6.44 ns)

 <State 61>: 6.44ns
The critical path consists of the following:
	'fadd' operation ('accumulator_assign_10_7', D:/lenet_project/handoff/LeNet_DSE_Framework_2022_2/LeNet_DSE_Framework_2022_2/src/lenet_conv.cpp:36) [203]  (6.44 ns)

 <State 62>: 6.44ns
The critical path consists of the following:
	'fadd' operation ('accumulator_assign_10_7', D:/lenet_project/handoff/LeNet_DSE_Framework_2022_2/LeNet_DSE_Framework_2022_2/src/lenet_conv.cpp:36) [203]  (6.44 ns)

 <State 63>: 6.44ns
The critical path consists of the following:
	'fadd' operation ('accumulator_assign_10_7', D:/lenet_project/handoff/LeNet_DSE_Framework_2022_2/LeNet_DSE_Framework_2022_2/src/lenet_conv.cpp:36) [203]  (6.44 ns)

 <State 64>: 6.44ns
The critical path consists of the following:
	'fadd' operation ('accumulator_assign_10_7', D:/lenet_project/handoff/LeNet_DSE_Framework_2022_2/LeNet_DSE_Framework_2022_2/src/lenet_conv.cpp:36) [203]  (6.44 ns)

 <State 65>: 6.44ns
The critical path consists of the following:
	'fadd' operation ('accumulator_assign_10_8', D:/lenet_project/handoff/LeNet_DSE_Framework_2022_2/LeNet_DSE_Framework_2022_2/src/lenet_conv.cpp:36) [207]  (6.44 ns)

 <State 66>: 6.44ns
The critical path consists of the following:
	'fadd' operation ('accumulator_assign_10_8', D:/lenet_project/handoff/LeNet_DSE_Framework_2022_2/LeNet_DSE_Framework_2022_2/src/lenet_conv.cpp:36) [207]  (6.44 ns)

 <State 67>: 6.44ns
The critical path consists of the following:
	'fadd' operation ('accumulator_assign_10_8', D:/lenet_project/handoff/LeNet_DSE_Framework_2022_2/LeNet_DSE_Framework_2022_2/src/lenet_conv.cpp:36) [207]  (6.44 ns)

 <State 68>: 6.44ns
The critical path consists of the following:
	'fadd' operation ('accumulator_assign_10_8', D:/lenet_project/handoff/LeNet_DSE_Framework_2022_2/LeNet_DSE_Framework_2022_2/src/lenet_conv.cpp:36) [207]  (6.44 ns)

 <State 69>: 6.44ns
The critical path consists of the following:
	'fadd' operation ('accumulator_assign_10_8', D:/lenet_project/handoff/LeNet_DSE_Framework_2022_2/LeNet_DSE_Framework_2022_2/src/lenet_conv.cpp:36) [207]  (6.44 ns)

 <State 70>: 6.44ns
The critical path consists of the following:
	'fadd' operation ('accumulator_assign_10_8', D:/lenet_project/handoff/LeNet_DSE_Framework_2022_2/LeNet_DSE_Framework_2022_2/src/lenet_conv.cpp:36) [207]  (6.44 ns)

 <State 71>: 6.44ns
The critical path consists of the following:
	'fadd' operation ('accumulator_assign_10_8', D:/lenet_project/handoff/LeNet_DSE_Framework_2022_2/LeNet_DSE_Framework_2022_2/src/lenet_conv.cpp:36) [207]  (6.44 ns)

 <State 72>: 6.44ns
The critical path consists of the following:
	'fadd' operation ('accumulator_assign_10_9', D:/lenet_project/handoff/LeNet_DSE_Framework_2022_2/LeNet_DSE_Framework_2022_2/src/lenet_conv.cpp:36) [211]  (6.44 ns)

 <State 73>: 6.44ns
The critical path consists of the following:
	'fadd' operation ('accumulator_assign_10_9', D:/lenet_project/handoff/LeNet_DSE_Framework_2022_2/LeNet_DSE_Framework_2022_2/src/lenet_conv.cpp:36) [211]  (6.44 ns)

 <State 74>: 6.44ns
The critical path consists of the following:
	'fadd' operation ('accumulator_assign_10_9', D:/lenet_project/handoff/LeNet_DSE_Framework_2022_2/LeNet_DSE_Framework_2022_2/src/lenet_conv.cpp:36) [211]  (6.44 ns)

 <State 75>: 6.44ns
The critical path consists of the following:
	'fadd' operation ('accumulator_assign_10_9', D:/lenet_project/handoff/LeNet_DSE_Framework_2022_2/LeNet_DSE_Framework_2022_2/src/lenet_conv.cpp:36) [211]  (6.44 ns)

 <State 76>: 6.44ns
The critical path consists of the following:
	'fadd' operation ('accumulator_assign_10_9', D:/lenet_project/handoff/LeNet_DSE_Framework_2022_2/LeNet_DSE_Framework_2022_2/src/lenet_conv.cpp:36) [211]  (6.44 ns)

 <State 77>: 6.44ns
The critical path consists of the following:
	'fadd' operation ('accumulator_assign_10_9', D:/lenet_project/handoff/LeNet_DSE_Framework_2022_2/LeNet_DSE_Framework_2022_2/src/lenet_conv.cpp:36) [211]  (6.44 ns)

 <State 78>: 6.44ns
The critical path consists of the following:
	'fadd' operation ('accumulator_assign_10_9', D:/lenet_project/handoff/LeNet_DSE_Framework_2022_2/LeNet_DSE_Framework_2022_2/src/lenet_conv.cpp:36) [211]  (6.44 ns)

 <State 79>: 6.44ns
The critical path consists of the following:
	'fadd' operation ('accumulator_assign_10_s', D:/lenet_project/handoff/LeNet_DSE_Framework_2022_2/LeNet_DSE_Framework_2022_2/src/lenet_conv.cpp:36) [215]  (6.44 ns)

 <State 80>: 6.44ns
The critical path consists of the following:
	'fadd' operation ('accumulator_assign_10_s', D:/lenet_project/handoff/LeNet_DSE_Framework_2022_2/LeNet_DSE_Framework_2022_2/src/lenet_conv.cpp:36) [215]  (6.44 ns)

 <State 81>: 6.44ns
The critical path consists of the following:
	'fadd' operation ('accumulator_assign_10_s', D:/lenet_project/handoff/LeNet_DSE_Framework_2022_2/LeNet_DSE_Framework_2022_2/src/lenet_conv.cpp:36) [215]  (6.44 ns)

 <State 82>: 6.44ns
The critical path consists of the following:
	'fadd' operation ('accumulator_assign_10_s', D:/lenet_project/handoff/LeNet_DSE_Framework_2022_2/LeNet_DSE_Framework_2022_2/src/lenet_conv.cpp:36) [215]  (6.44 ns)

 <State 83>: 6.44ns
The critical path consists of the following:
	'fadd' operation ('accumulator_assign_10_s', D:/lenet_project/handoff/LeNet_DSE_Framework_2022_2/LeNet_DSE_Framework_2022_2/src/lenet_conv.cpp:36) [215]  (6.44 ns)

 <State 84>: 6.44ns
The critical path consists of the following:
	'fadd' operation ('accumulator_assign_10_s', D:/lenet_project/handoff/LeNet_DSE_Framework_2022_2/LeNet_DSE_Framework_2022_2/src/lenet_conv.cpp:36) [215]  (6.44 ns)

 <State 85>: 6.44ns
The critical path consists of the following:
	'fadd' operation ('accumulator_assign_10_s', D:/lenet_project/handoff/LeNet_DSE_Framework_2022_2/LeNet_DSE_Framework_2022_2/src/lenet_conv.cpp:36) [215]  (6.44 ns)

 <State 86>: 6.44ns
The critical path consists of the following:
	'fadd' operation ('accumulator_assign_10_10', D:/lenet_project/handoff/LeNet_DSE_Framework_2022_2/LeNet_DSE_Framework_2022_2/src/lenet_conv.cpp:36) [219]  (6.44 ns)

 <State 87>: 6.44ns
The critical path consists of the following:
	'fadd' operation ('accumulator_assign_10_10', D:/lenet_project/handoff/LeNet_DSE_Framework_2022_2/LeNet_DSE_Framework_2022_2/src/lenet_conv.cpp:36) [219]  (6.44 ns)

 <State 88>: 6.44ns
The critical path consists of the following:
	'fadd' operation ('accumulator_assign_10_10', D:/lenet_project/handoff/LeNet_DSE_Framework_2022_2/LeNet_DSE_Framework_2022_2/src/lenet_conv.cpp:36) [219]  (6.44 ns)

 <State 89>: 6.44ns
The critical path consists of the following:
	'fadd' operation ('accumulator_assign_10_10', D:/lenet_project/handoff/LeNet_DSE_Framework_2022_2/LeNet_DSE_Framework_2022_2/src/lenet_conv.cpp:36) [219]  (6.44 ns)

 <State 90>: 6.44ns
The critical path consists of the following:
	'fadd' operation ('accumulator_assign_10_10', D:/lenet_project/handoff/LeNet_DSE_Framework_2022_2/LeNet_DSE_Framework_2022_2/src/lenet_conv.cpp:36) [219]  (6.44 ns)

 <State 91>: 6.44ns
The critical path consists of the following:
	'fadd' operation ('accumulator_assign_10_10', D:/lenet_project/handoff/LeNet_DSE_Framework_2022_2/LeNet_DSE_Framework_2022_2/src/lenet_conv.cpp:36) [219]  (6.44 ns)

 <State 92>: 6.44ns
The critical path consists of the following:
	'fadd' operation ('accumulator_assign_10_10', D:/lenet_project/handoff/LeNet_DSE_Framework_2022_2/LeNet_DSE_Framework_2022_2/src/lenet_conv.cpp:36) [219]  (6.44 ns)

 <State 93>: 6.44ns
The critical path consists of the following:
	'fadd' operation ('accumulator_assign_10_11', D:/lenet_project/handoff/LeNet_DSE_Framework_2022_2/LeNet_DSE_Framework_2022_2/src/lenet_conv.cpp:36) [223]  (6.44 ns)

 <State 94>: 6.44ns
The critical path consists of the following:
	'fadd' operation ('accumulator_assign_10_11', D:/lenet_project/handoff/LeNet_DSE_Framework_2022_2/LeNet_DSE_Framework_2022_2/src/lenet_conv.cpp:36) [223]  (6.44 ns)

 <State 95>: 6.44ns
The critical path consists of the following:
	'fadd' operation ('accumulator_assign_10_11', D:/lenet_project/handoff/LeNet_DSE_Framework_2022_2/LeNet_DSE_Framework_2022_2/src/lenet_conv.cpp:36) [223]  (6.44 ns)

 <State 96>: 6.44ns
The critical path consists of the following:
	'fadd' operation ('accumulator_assign_10_11', D:/lenet_project/handoff/LeNet_DSE_Framework_2022_2/LeNet_DSE_Framework_2022_2/src/lenet_conv.cpp:36) [223]  (6.44 ns)

 <State 97>: 6.44ns
The critical path consists of the following:
	'fadd' operation ('accumulator_assign_10_11', D:/lenet_project/handoff/LeNet_DSE_Framework_2022_2/LeNet_DSE_Framework_2022_2/src/lenet_conv.cpp:36) [223]  (6.44 ns)

 <State 98>: 6.44ns
The critical path consists of the following:
	'fadd' operation ('accumulator_assign_10_11', D:/lenet_project/handoff/LeNet_DSE_Framework_2022_2/LeNet_DSE_Framework_2022_2/src/lenet_conv.cpp:36) [223]  (6.44 ns)

 <State 99>: 6.44ns
The critical path consists of the following:
	'fadd' operation ('accumulator_assign_10_11', D:/lenet_project/handoff/LeNet_DSE_Framework_2022_2/LeNet_DSE_Framework_2022_2/src/lenet_conv.cpp:36) [223]  (6.44 ns)

 <State 100>: 6.44ns
The critical path consists of the following:
	'fadd' operation ('accumulator_assign_10_12', D:/lenet_project/handoff/LeNet_DSE_Framework_2022_2/LeNet_DSE_Framework_2022_2/src/lenet_conv.cpp:36) [227]  (6.44 ns)

 <State 101>: 6.44ns
The critical path consists of the following:
	'fadd' operation ('accumulator_assign_10_12', D:/lenet_project/handoff/LeNet_DSE_Framework_2022_2/LeNet_DSE_Framework_2022_2/src/lenet_conv.cpp:36) [227]  (6.44 ns)

 <State 102>: 6.44ns
The critical path consists of the following:
	'fadd' operation ('accumulator_assign_10_12', D:/lenet_project/handoff/LeNet_DSE_Framework_2022_2/LeNet_DSE_Framework_2022_2/src/lenet_conv.cpp:36) [227]  (6.44 ns)

 <State 103>: 6.44ns
The critical path consists of the following:
	'fadd' operation ('accumulator_assign_10_12', D:/lenet_project/handoff/LeNet_DSE_Framework_2022_2/LeNet_DSE_Framework_2022_2/src/lenet_conv.cpp:36) [227]  (6.44 ns)

 <State 104>: 6.44ns
The critical path consists of the following:
	'fadd' operation ('accumulator_assign_10_12', D:/lenet_project/handoff/LeNet_DSE_Framework_2022_2/LeNet_DSE_Framework_2022_2/src/lenet_conv.cpp:36) [227]  (6.44 ns)

 <State 105>: 6.44ns
The critical path consists of the following:
	'fadd' operation ('accumulator_assign_10_12', D:/lenet_project/handoff/LeNet_DSE_Framework_2022_2/LeNet_DSE_Framework_2022_2/src/lenet_conv.cpp:36) [227]  (6.44 ns)

 <State 106>: 6.44ns
The critical path consists of the following:
	'fadd' operation ('accumulator_assign_10_12', D:/lenet_project/handoff/LeNet_DSE_Framework_2022_2/LeNet_DSE_Framework_2022_2/src/lenet_conv.cpp:36) [227]  (6.44 ns)

 <State 107>: 6.44ns
The critical path consists of the following:
	'fadd' operation ('accumulator_assign_10_13', D:/lenet_project/handoff/LeNet_DSE_Framework_2022_2/LeNet_DSE_Framework_2022_2/src/lenet_conv.cpp:36) [231]  (6.44 ns)

 <State 108>: 6.44ns
The critical path consists of the following:
	'fadd' operation ('accumulator_assign_10_13', D:/lenet_project/handoff/LeNet_DSE_Framework_2022_2/LeNet_DSE_Framework_2022_2/src/lenet_conv.cpp:36) [231]  (6.44 ns)

 <State 109>: 6.44ns
The critical path consists of the following:
	'fadd' operation ('accumulator_assign_10_13', D:/lenet_project/handoff/LeNet_DSE_Framework_2022_2/LeNet_DSE_Framework_2022_2/src/lenet_conv.cpp:36) [231]  (6.44 ns)

 <State 110>: 6.44ns
The critical path consists of the following:
	'fadd' operation ('accumulator_assign_10_13', D:/lenet_project/handoff/LeNet_DSE_Framework_2022_2/LeNet_DSE_Framework_2022_2/src/lenet_conv.cpp:36) [231]  (6.44 ns)

 <State 111>: 6.44ns
The critical path consists of the following:
	'fadd' operation ('accumulator_assign_10_13', D:/lenet_project/handoff/LeNet_DSE_Framework_2022_2/LeNet_DSE_Framework_2022_2/src/lenet_conv.cpp:36) [231]  (6.44 ns)

 <State 112>: 6.44ns
The critical path consists of the following:
	'fadd' operation ('accumulator_assign_10_13', D:/lenet_project/handoff/LeNet_DSE_Framework_2022_2/LeNet_DSE_Framework_2022_2/src/lenet_conv.cpp:36) [231]  (6.44 ns)

 <State 113>: 6.44ns
The critical path consists of the following:
	'fadd' operation ('accumulator_assign_10_13', D:/lenet_project/handoff/LeNet_DSE_Framework_2022_2/LeNet_DSE_Framework_2022_2/src/lenet_conv.cpp:36) [231]  (6.44 ns)

 <State 114>: 6.44ns
The critical path consists of the following:
	'fadd' operation ('accumulator_assign_10_14', D:/lenet_project/handoff/LeNet_DSE_Framework_2022_2/LeNet_DSE_Framework_2022_2/src/lenet_conv.cpp:36) [235]  (6.44 ns)

 <State 115>: 6.44ns
The critical path consists of the following:
	'fadd' operation ('accumulator_assign_10_14', D:/lenet_project/handoff/LeNet_DSE_Framework_2022_2/LeNet_DSE_Framework_2022_2/src/lenet_conv.cpp:36) [235]  (6.44 ns)

 <State 116>: 6.44ns
The critical path consists of the following:
	'fadd' operation ('accumulator_assign_10_14', D:/lenet_project/handoff/LeNet_DSE_Framework_2022_2/LeNet_DSE_Framework_2022_2/src/lenet_conv.cpp:36) [235]  (6.44 ns)

 <State 117>: 6.44ns
The critical path consists of the following:
	'fadd' operation ('accumulator_assign_10_14', D:/lenet_project/handoff/LeNet_DSE_Framework_2022_2/LeNet_DSE_Framework_2022_2/src/lenet_conv.cpp:36) [235]  (6.44 ns)

 <State 118>: 6.44ns
The critical path consists of the following:
	'fadd' operation ('accumulator_assign_10_14', D:/lenet_project/handoff/LeNet_DSE_Framework_2022_2/LeNet_DSE_Framework_2022_2/src/lenet_conv.cpp:36) [235]  (6.44 ns)

 <State 119>: 6.44ns
The critical path consists of the following:
	'fadd' operation ('accumulator_assign_10_14', D:/lenet_project/handoff/LeNet_DSE_Framework_2022_2/LeNet_DSE_Framework_2022_2/src/lenet_conv.cpp:36) [235]  (6.44 ns)

 <State 120>: 6.44ns
The critical path consists of the following:
	'fadd' operation ('accumulator_assign_10_14', D:/lenet_project/handoff/LeNet_DSE_Framework_2022_2/LeNet_DSE_Framework_2022_2/src/lenet_conv.cpp:36) [235]  (6.44 ns)

 <State 121>: 6.44ns
The critical path consists of the following:
	'fadd' operation ('accumulator_assign_10_15', D:/lenet_project/handoff/LeNet_DSE_Framework_2022_2/LeNet_DSE_Framework_2022_2/src/lenet_conv.cpp:36) [239]  (6.44 ns)

 <State 122>: 6.44ns
The critical path consists of the following:
	'fadd' operation ('accumulator_assign_10_15', D:/lenet_project/handoff/LeNet_DSE_Framework_2022_2/LeNet_DSE_Framework_2022_2/src/lenet_conv.cpp:36) [239]  (6.44 ns)

 <State 123>: 6.44ns
The critical path consists of the following:
	'fadd' operation ('accumulator_assign_10_15', D:/lenet_project/handoff/LeNet_DSE_Framework_2022_2/LeNet_DSE_Framework_2022_2/src/lenet_conv.cpp:36) [239]  (6.44 ns)

 <State 124>: 6.44ns
The critical path consists of the following:
	'fadd' operation ('accumulator_assign_10_15', D:/lenet_project/handoff/LeNet_DSE_Framework_2022_2/LeNet_DSE_Framework_2022_2/src/lenet_conv.cpp:36) [239]  (6.44 ns)

 <State 125>: 6.44ns
The critical path consists of the following:
	'fadd' operation ('accumulator_assign_10_15', D:/lenet_project/handoff/LeNet_DSE_Framework_2022_2/LeNet_DSE_Framework_2022_2/src/lenet_conv.cpp:36) [239]  (6.44 ns)

 <State 126>: 6.44ns
The critical path consists of the following:
	'fadd' operation ('accumulator_assign_10_15', D:/lenet_project/handoff/LeNet_DSE_Framework_2022_2/LeNet_DSE_Framework_2022_2/src/lenet_conv.cpp:36) [239]  (6.44 ns)

 <State 127>: 6.44ns
The critical path consists of the following:
	'fadd' operation ('accumulator_assign_10_15', D:/lenet_project/handoff/LeNet_DSE_Framework_2022_2/LeNet_DSE_Framework_2022_2/src/lenet_conv.cpp:36) [239]  (6.44 ns)

 <State 128>: 6.44ns
The critical path consists of the following:
	'fadd' operation ('accumulator_assign_10_16', D:/lenet_project/handoff/LeNet_DSE_Framework_2022_2/LeNet_DSE_Framework_2022_2/src/lenet_conv.cpp:36) [243]  (6.44 ns)

 <State 129>: 6.44ns
The critical path consists of the following:
	'fadd' operation ('accumulator_assign_10_16', D:/lenet_project/handoff/LeNet_DSE_Framework_2022_2/LeNet_DSE_Framework_2022_2/src/lenet_conv.cpp:36) [243]  (6.44 ns)

 <State 130>: 6.44ns
The critical path consists of the following:
	'fadd' operation ('accumulator_assign_10_16', D:/lenet_project/handoff/LeNet_DSE_Framework_2022_2/LeNet_DSE_Framework_2022_2/src/lenet_conv.cpp:36) [243]  (6.44 ns)

 <State 131>: 6.44ns
The critical path consists of the following:
	'fadd' operation ('accumulator_assign_10_16', D:/lenet_project/handoff/LeNet_DSE_Framework_2022_2/LeNet_DSE_Framework_2022_2/src/lenet_conv.cpp:36) [243]  (6.44 ns)

 <State 132>: 6.44ns
The critical path consists of the following:
	'fadd' operation ('accumulator_assign_10_16', D:/lenet_project/handoff/LeNet_DSE_Framework_2022_2/LeNet_DSE_Framework_2022_2/src/lenet_conv.cpp:36) [243]  (6.44 ns)

 <State 133>: 6.44ns
The critical path consists of the following:
	'fadd' operation ('accumulator_assign_10_16', D:/lenet_project/handoff/LeNet_DSE_Framework_2022_2/LeNet_DSE_Framework_2022_2/src/lenet_conv.cpp:36) [243]  (6.44 ns)

 <State 134>: 6.44ns
The critical path consists of the following:
	'fadd' operation ('accumulator_assign_10_16', D:/lenet_project/handoff/LeNet_DSE_Framework_2022_2/LeNet_DSE_Framework_2022_2/src/lenet_conv.cpp:36) [243]  (6.44 ns)

 <State 135>: 6.44ns
The critical path consists of the following:
	'fadd' operation ('accumulator_assign_10_17', D:/lenet_project/handoff/LeNet_DSE_Framework_2022_2/LeNet_DSE_Framework_2022_2/src/lenet_conv.cpp:36) [247]  (6.44 ns)

 <State 136>: 6.44ns
The critical path consists of the following:
	'fadd' operation ('accumulator_assign_10_17', D:/lenet_project/handoff/LeNet_DSE_Framework_2022_2/LeNet_DSE_Framework_2022_2/src/lenet_conv.cpp:36) [247]  (6.44 ns)

 <State 137>: 6.44ns
The critical path consists of the following:
	'fadd' operation ('accumulator_assign_10_17', D:/lenet_project/handoff/LeNet_DSE_Framework_2022_2/LeNet_DSE_Framework_2022_2/src/lenet_conv.cpp:36) [247]  (6.44 ns)

 <State 138>: 6.44ns
The critical path consists of the following:
	'fadd' operation ('accumulator_assign_10_17', D:/lenet_project/handoff/LeNet_DSE_Framework_2022_2/LeNet_DSE_Framework_2022_2/src/lenet_conv.cpp:36) [247]  (6.44 ns)

 <State 139>: 6.44ns
The critical path consists of the following:
	'fadd' operation ('accumulator_assign_10_17', D:/lenet_project/handoff/LeNet_DSE_Framework_2022_2/LeNet_DSE_Framework_2022_2/src/lenet_conv.cpp:36) [247]  (6.44 ns)

 <State 140>: 6.44ns
The critical path consists of the following:
	'fadd' operation ('accumulator_assign_10_17', D:/lenet_project/handoff/LeNet_DSE_Framework_2022_2/LeNet_DSE_Framework_2022_2/src/lenet_conv.cpp:36) [247]  (6.44 ns)

 <State 141>: 6.44ns
The critical path consists of the following:
	'fadd' operation ('accumulator_assign_10_17', D:/lenet_project/handoff/LeNet_DSE_Framework_2022_2/LeNet_DSE_Framework_2022_2/src/lenet_conv.cpp:36) [247]  (6.44 ns)

 <State 142>: 6.44ns
The critical path consists of the following:
	'fadd' operation ('accumulator_assign_10_18', D:/lenet_project/handoff/LeNet_DSE_Framework_2022_2/LeNet_DSE_Framework_2022_2/src/lenet_conv.cpp:36) [251]  (6.44 ns)

 <State 143>: 6.44ns
The critical path consists of the following:
	'fadd' operation ('accumulator_assign_10_18', D:/lenet_project/handoff/LeNet_DSE_Framework_2022_2/LeNet_DSE_Framework_2022_2/src/lenet_conv.cpp:36) [251]  (6.44 ns)

 <State 144>: 6.44ns
The critical path consists of the following:
	'fadd' operation ('accumulator_assign_10_18', D:/lenet_project/handoff/LeNet_DSE_Framework_2022_2/LeNet_DSE_Framework_2022_2/src/lenet_conv.cpp:36) [251]  (6.44 ns)

 <State 145>: 6.44ns
The critical path consists of the following:
	'fadd' operation ('accumulator_assign_10_18', D:/lenet_project/handoff/LeNet_DSE_Framework_2022_2/LeNet_DSE_Framework_2022_2/src/lenet_conv.cpp:36) [251]  (6.44 ns)

 <State 146>: 6.44ns
The critical path consists of the following:
	'fadd' operation ('accumulator_assign_10_18', D:/lenet_project/handoff/LeNet_DSE_Framework_2022_2/LeNet_DSE_Framework_2022_2/src/lenet_conv.cpp:36) [251]  (6.44 ns)

 <State 147>: 6.44ns
The critical path consists of the following:
	'fadd' operation ('accumulator_assign_10_18', D:/lenet_project/handoff/LeNet_DSE_Framework_2022_2/LeNet_DSE_Framework_2022_2/src/lenet_conv.cpp:36) [251]  (6.44 ns)

 <State 148>: 6.44ns
The critical path consists of the following:
	'fadd' operation ('accumulator_assign_10_18', D:/lenet_project/handoff/LeNet_DSE_Framework_2022_2/LeNet_DSE_Framework_2022_2/src/lenet_conv.cpp:36) [251]  (6.44 ns)

 <State 149>: 6.44ns
The critical path consists of the following:
	'fadd' operation ('accumulator_assign_10_19', D:/lenet_project/handoff/LeNet_DSE_Framework_2022_2/LeNet_DSE_Framework_2022_2/src/lenet_conv.cpp:36) [255]  (6.44 ns)

 <State 150>: 6.44ns
The critical path consists of the following:
	'fadd' operation ('accumulator_assign_10_19', D:/lenet_project/handoff/LeNet_DSE_Framework_2022_2/LeNet_DSE_Framework_2022_2/src/lenet_conv.cpp:36) [255]  (6.44 ns)

 <State 151>: 6.44ns
The critical path consists of the following:
	'fadd' operation ('accumulator_assign_10_19', D:/lenet_project/handoff/LeNet_DSE_Framework_2022_2/LeNet_DSE_Framework_2022_2/src/lenet_conv.cpp:36) [255]  (6.44 ns)

 <State 152>: 6.44ns
The critical path consists of the following:
	'fadd' operation ('accumulator_assign_10_19', D:/lenet_project/handoff/LeNet_DSE_Framework_2022_2/LeNet_DSE_Framework_2022_2/src/lenet_conv.cpp:36) [255]  (6.44 ns)

 <State 153>: 6.44ns
The critical path consists of the following:
	'fadd' operation ('accumulator_assign_10_19', D:/lenet_project/handoff/LeNet_DSE_Framework_2022_2/LeNet_DSE_Framework_2022_2/src/lenet_conv.cpp:36) [255]  (6.44 ns)

 <State 154>: 6.44ns
The critical path consists of the following:
	'fadd' operation ('accumulator_assign_10_19', D:/lenet_project/handoff/LeNet_DSE_Framework_2022_2/LeNet_DSE_Framework_2022_2/src/lenet_conv.cpp:36) [255]  (6.44 ns)

 <State 155>: 6.44ns
The critical path consists of the following:
	'fadd' operation ('accumulator_assign_10_19', D:/lenet_project/handoff/LeNet_DSE_Framework_2022_2/LeNet_DSE_Framework_2022_2/src/lenet_conv.cpp:36) [255]  (6.44 ns)

 <State 156>: 6.44ns
The critical path consists of the following:
	'fadd' operation ('accumulator_assign_10_20', D:/lenet_project/handoff/LeNet_DSE_Framework_2022_2/LeNet_DSE_Framework_2022_2/src/lenet_conv.cpp:36) [259]  (6.44 ns)

 <State 157>: 6.44ns
The critical path consists of the following:
	'fadd' operation ('accumulator_assign_10_20', D:/lenet_project/handoff/LeNet_DSE_Framework_2022_2/LeNet_DSE_Framework_2022_2/src/lenet_conv.cpp:36) [259]  (6.44 ns)

 <State 158>: 6.44ns
The critical path consists of the following:
	'fadd' operation ('accumulator_assign_10_20', D:/lenet_project/handoff/LeNet_DSE_Framework_2022_2/LeNet_DSE_Framework_2022_2/src/lenet_conv.cpp:36) [259]  (6.44 ns)

 <State 159>: 6.44ns
The critical path consists of the following:
	'fadd' operation ('accumulator_assign_10_20', D:/lenet_project/handoff/LeNet_DSE_Framework_2022_2/LeNet_DSE_Framework_2022_2/src/lenet_conv.cpp:36) [259]  (6.44 ns)

 <State 160>: 6.44ns
The critical path consists of the following:
	'fadd' operation ('accumulator_assign_10_20', D:/lenet_project/handoff/LeNet_DSE_Framework_2022_2/LeNet_DSE_Framework_2022_2/src/lenet_conv.cpp:36) [259]  (6.44 ns)

 <State 161>: 6.44ns
The critical path consists of the following:
	'fadd' operation ('accumulator_assign_10_20', D:/lenet_project/handoff/LeNet_DSE_Framework_2022_2/LeNet_DSE_Framework_2022_2/src/lenet_conv.cpp:36) [259]  (6.44 ns)

 <State 162>: 6.44ns
The critical path consists of the following:
	'fadd' operation ('accumulator_assign_10_20', D:/lenet_project/handoff/LeNet_DSE_Framework_2022_2/LeNet_DSE_Framework_2022_2/src/lenet_conv.cpp:36) [259]  (6.44 ns)

 <State 163>: 6.44ns
The critical path consists of the following:
	'fadd' operation ('accumulator_assign_10_21', D:/lenet_project/handoff/LeNet_DSE_Framework_2022_2/LeNet_DSE_Framework_2022_2/src/lenet_conv.cpp:36) [263]  (6.44 ns)

 <State 164>: 6.44ns
The critical path consists of the following:
	'fadd' operation ('accumulator_assign_10_21', D:/lenet_project/handoff/LeNet_DSE_Framework_2022_2/LeNet_DSE_Framework_2022_2/src/lenet_conv.cpp:36) [263]  (6.44 ns)

 <State 165>: 6.44ns
The critical path consists of the following:
	'fadd' operation ('accumulator_assign_10_21', D:/lenet_project/handoff/LeNet_DSE_Framework_2022_2/LeNet_DSE_Framework_2022_2/src/lenet_conv.cpp:36) [263]  (6.44 ns)

 <State 166>: 6.44ns
The critical path consists of the following:
	'fadd' operation ('accumulator_assign_10_21', D:/lenet_project/handoff/LeNet_DSE_Framework_2022_2/LeNet_DSE_Framework_2022_2/src/lenet_conv.cpp:36) [263]  (6.44 ns)

 <State 167>: 6.44ns
The critical path consists of the following:
	'fadd' operation ('accumulator_assign_10_21', D:/lenet_project/handoff/LeNet_DSE_Framework_2022_2/LeNet_DSE_Framework_2022_2/src/lenet_conv.cpp:36) [263]  (6.44 ns)

 <State 168>: 6.44ns
The critical path consists of the following:
	'fadd' operation ('accumulator_assign_10_21', D:/lenet_project/handoff/LeNet_DSE_Framework_2022_2/LeNet_DSE_Framework_2022_2/src/lenet_conv.cpp:36) [263]  (6.44 ns)

 <State 169>: 6.44ns
The critical path consists of the following:
	'fadd' operation ('accumulator_assign_10_21', D:/lenet_project/handoff/LeNet_DSE_Framework_2022_2/LeNet_DSE_Framework_2022_2/src/lenet_conv.cpp:36) [263]  (6.44 ns)

 <State 170>: 6.44ns
The critical path consists of the following:
	'fadd' operation ('accumulator_assign_10_22', D:/lenet_project/handoff/LeNet_DSE_Framework_2022_2/LeNet_DSE_Framework_2022_2/src/lenet_conv.cpp:36) [267]  (6.44 ns)

 <State 171>: 6.44ns
The critical path consists of the following:
	'fadd' operation ('accumulator_assign_10_22', D:/lenet_project/handoff/LeNet_DSE_Framework_2022_2/LeNet_DSE_Framework_2022_2/src/lenet_conv.cpp:36) [267]  (6.44 ns)

 <State 172>: 6.44ns
The critical path consists of the following:
	'fadd' operation ('accumulator_assign_10_22', D:/lenet_project/handoff/LeNet_DSE_Framework_2022_2/LeNet_DSE_Framework_2022_2/src/lenet_conv.cpp:36) [267]  (6.44 ns)

 <State 173>: 6.44ns
The critical path consists of the following:
	'fadd' operation ('accumulator_assign_10_22', D:/lenet_project/handoff/LeNet_DSE_Framework_2022_2/LeNet_DSE_Framework_2022_2/src/lenet_conv.cpp:36) [267]  (6.44 ns)

 <State 174>: 6.44ns
The critical path consists of the following:
	'fadd' operation ('accumulator_assign_10_22', D:/lenet_project/handoff/LeNet_DSE_Framework_2022_2/LeNet_DSE_Framework_2022_2/src/lenet_conv.cpp:36) [267]  (6.44 ns)

 <State 175>: 6.44ns
The critical path consists of the following:
	'fadd' operation ('accumulator_assign_10_22', D:/lenet_project/handoff/LeNet_DSE_Framework_2022_2/LeNet_DSE_Framework_2022_2/src/lenet_conv.cpp:36) [267]  (6.44 ns)

 <State 176>: 6.44ns
The critical path consists of the following:
	'fadd' operation ('accumulator_assign_10_22', D:/lenet_project/handoff/LeNet_DSE_Framework_2022_2/LeNet_DSE_Framework_2022_2/src/lenet_conv.cpp:36) [267]  (6.44 ns)

 <State 177>: 6.44ns
The critical path consists of the following:
	'fadd' operation ('accumulator_assign_10_23', D:/lenet_project/handoff/LeNet_DSE_Framework_2022_2/LeNet_DSE_Framework_2022_2/src/lenet_conv.cpp:36) [271]  (6.44 ns)

 <State 178>: 6.44ns
The critical path consists of the following:
	'fadd' operation ('accumulator_assign_10_23', D:/lenet_project/handoff/LeNet_DSE_Framework_2022_2/LeNet_DSE_Framework_2022_2/src/lenet_conv.cpp:36) [271]  (6.44 ns)

 <State 179>: 6.44ns
The critical path consists of the following:
	'fadd' operation ('accumulator_assign_10_23', D:/lenet_project/handoff/LeNet_DSE_Framework_2022_2/LeNet_DSE_Framework_2022_2/src/lenet_conv.cpp:36) [271]  (6.44 ns)

 <State 180>: 6.44ns
The critical path consists of the following:
	'fadd' operation ('accumulator_assign_10_23', D:/lenet_project/handoff/LeNet_DSE_Framework_2022_2/LeNet_DSE_Framework_2022_2/src/lenet_conv.cpp:36) [271]  (6.44 ns)

 <State 181>: 6.44ns
The critical path consists of the following:
	'fadd' operation ('accumulator_assign_10_23', D:/lenet_project/handoff/LeNet_DSE_Framework_2022_2/LeNet_DSE_Framework_2022_2/src/lenet_conv.cpp:36) [271]  (6.44 ns)

 <State 182>: 6.44ns
The critical path consists of the following:
	'fadd' operation ('accumulator_assign_10_23', D:/lenet_project/handoff/LeNet_DSE_Framework_2022_2/LeNet_DSE_Framework_2022_2/src/lenet_conv.cpp:36) [271]  (6.44 ns)

 <State 183>: 6.44ns
The critical path consists of the following:
	'fadd' operation ('accumulator_assign_10_23', D:/lenet_project/handoff/LeNet_DSE_Framework_2022_2/LeNet_DSE_Framework_2022_2/src/lenet_conv.cpp:36) [271]  (6.44 ns)

 <State 184>: 3.25ns
The critical path consists of the following:
	'store' operation ('store_ln77', D:/lenet_project/handoff/LeNet_DSE_Framework_2022_2/LeNet_DSE_Framework_2022_2/src/lenet_conv.cpp:77) of variable 'accumulator_assign_10_23', D:/lenet_project/handoff/LeNet_DSE_Framework_2022_2/LeNet_DSE_Framework_2022_2/src/lenet_conv.cpp:36 on array 'conv2_output' [275]  (3.25 ns)


============================================================
+ Verbose Summary: Binding
============================================================
N/A
* FSMD analyzer results:
  - Output states:
 - Input state : 
  - Chain level:
	State 1
	State 2
	State 3
	State 4
	State 5
	State 6
	State 7
	State 8
	State 9
	State 10
	State 11
	State 12
	State 13
	State 14
	State 15
	State 16
	State 17
	State 18
	State 19
	State 20
	State 21
	State 22
	State 23
	State 24
	State 25
	State 26
	State 27
	State 28
	State 29
	State 30
	State 31
	State 32
	State 33
	State 34
	State 35
	State 36
	State 37
	State 38
	State 39
	State 40
	State 41
	State 42
	State 43
	State 44
	State 45
	State 46
	State 47
	State 48
	State 49
	State 50
	State 51
	State 52
	State 53
	State 54
	State 55
	State 56
	State 57
	State 58
	State 59
	State 60
	State 61
	State 62
	State 63
	State 64
	State 65
	State 66
	State 67
	State 68
	State 69
	State 70
	State 71
	State 72
	State 73
	State 74
	State 75
	State 76
	State 77
	State 78
	State 79
	State 80
	State 81
	State 82
	State 83
	State 84
	State 85
	State 86
	State 87
	State 88
	State 89
	State 90
	State 91
	State 92
	State 93
	State 94
	State 95
	State 96
	State 97
	State 98
	State 99
	State 100
	State 101
	State 102
	State 103
	State 104
	State 105
	State 106
	State 107
	State 108
	State 109
	State 110
	State 111
	State 112
	State 113
	State 114
	State 115
	State 116
	State 117
	State 118
	State 119
	State 120
	State 121
	State 122
	State 123
	State 124
	State 125
	State 126
	State 127
	State 128
	State 129
	State 130
	State 131
	State 132
	State 133
	State 134
	State 135
	State 136
	State 137
	State 138
	State 139
	State 140
	State 141
	State 142
	State 143
	State 144
	State 145
	State 146
	State 147
	State 148
	State 149
	State 150
	State 151
	State 152
	State 153
	State 154
	State 155
	State 156
	State 157
	State 158
	State 159
	State 160
	State 161
	State 162
	State 163
	State 164
	State 165
	State 166
	State 167
	State 168
	State 169
	State 170
	State 171
	State 172
	State 173
	State 174
	State 175
	State 176
	State 177
	State 178
	State 179
	State 180
	State 181
	State 182
	State 183
	State 184


============================================================
+ Verbose Summary: Datapath Resource usage 
============================================================
N/A
