

================================================================
== Vitis HLS Report for 'lenet_full_top_Pipeline_POOL_CHANNEL_POOL_ROW_POOL_COL1'
================================================================
* Date:           Sun Sep  6 00:04:19 2026

* Version:        2022.2 (Build 3670227 on Oct 13 2022)
* Project:        lenet_full_hls
* Solution:       solution1 (Vivado IP Flow Target)
* Product family: zynq
* Target device:  xc7z020-clg400-1


================================================================
== Performance Estimates
================================================================
+ Timing: 
    * Summary: 
    +--------+----------+----------+------------+
    |  Clock |  Target  | Estimated| Uncertainty|
    +--------+----------+----------+------------+
    |ap_clk  |  10.00 ns|  7.107 ns|     2.70 ns|
    +--------+----------+----------+------------+

+ Latency: 
    * Summary: 
    +---------+---------+----------+----------+-----+-----+---------+
    |  Latency (cycles) |  Latency (absolute) |  Interval | Pipeline|
    |   min   |   max   |    min   |    max   | min | max |   Type  |
    +---------+---------+----------+----------+-----+-----+---------+
    |      413|      413|  4.130 us|  4.130 us|  413|  413|       no|
    +---------+---------+----------+----------+-----+-----+---------+

    + Detail: 
        * Instance: 
        N/A

        * Loop: 
        +----------------------------------+---------+---------+----------+-----------+-----------+------+----------+
        |                                  |  Latency (cycles) | Iteration|  Initiation Interval  | Trip |          |
        |             Loop Name            |   min   |   max   |  Latency |  achieved |   target  | Count| Pipelined|
        +----------------------------------+---------+---------+----------+-----------+-----------+------+----------+
        |- POOL_CHANNEL_POOL_ROW_POOL_COL  |      411|      411|        13|          1|          1|   400|       yes|
        +----------------------------------+---------+---------+----------+-----------+-----------+------+----------+

============================================================
+ Verbose Summary: Synthesis Manager
============================================================
InlineROM: 1
ExposeGlobal: 0
============================================================
+ Verbose Summary: CDFG Model
============================================================
IsTopModel: 0
ResetActiveHigh: 1
IsCombinational: 0
IsDatapathOnly: 0
HasWiredReturn: 1
HasMFsm: 2
HasVarLatency: 1
IsPipeline: 0
IsRtlPipelined: 0
IsInstanceOverlapped: 0
IsDontTouch: 0
HasImplIP: 0
IsGatedGlobalClock: 0

+ Individual pipeline summary: 
  * Pipeline-0: initiation interval (II) = 1, depth = 13


============================================================
+ Verbose Summary: Schedule
============================================================
* Number of FSM states : 13
* Pipeline : 1
  Pipeline-0 : II = 1, D = 13, States = { 1 2 3 4 5 6 7 8 9 10 11 12 13 }
* Dataflow Pipeline: 0

* FSM state transitions: 
1 --> 2 
2 --> 3 
3 --> 4 
4 --> 5 
5 --> 6 
6 --> 7 
7 --> 8 
8 --> 9 
9 --> 10 
10 --> 11 
11 --> 12 
12 --> 13 
13 --> 

* FSM state operations: 

State 1 <SV = 0> <Delay = 6.62>
ST_1 : Operation 16 [1/1] (0.00ns)   --->   "%output_col = alloca i32 1"   --->   Operation 16 'alloca' 'output_col' <Predicate = true> <Delay = 0.00>
ST_1 : Operation 17 [1/1] (0.00ns)   --->   "%output_row = alloca i32 1"   --->   Operation 17 'alloca' 'output_row' <Predicate = true> <Delay = 0.00>
ST_1 : Operation 18 [1/1] (0.00ns)   --->   "%indvar_flatten127 = alloca i32 1"   --->   Operation 18 'alloca' 'indvar_flatten127' <Predicate = true> <Delay = 0.00>
ST_1 : Operation 19 [1/1] (0.00ns)   --->   "%channel = alloca i32 1"   --->   Operation 19 'alloca' 'channel' <Predicate = true> <Delay = 0.00>
ST_1 : Operation 20 [1/1] (0.00ns)   --->   "%indvar_flatten183 = alloca i32 1"   --->   Operation 20 'alloca' 'indvar_flatten183' <Predicate = true> <Delay = 0.00>
ST_1 : Operation 21 [1/1] (1.58ns)   --->   "%store_ln0 = store i9 0, i9 %indvar_flatten183"   --->   Operation 21 'store' 'store_ln0' <Predicate = true> <Delay = 1.58>
ST_1 : Operation 22 [1/1] (1.58ns)   --->   "%store_ln0 = store i5 0, i5 %channel"   --->   Operation 22 'store' 'store_ln0' <Predicate = true> <Delay = 1.58>
ST_1 : Operation 23 [1/1] (1.58ns)   --->   "%store_ln0 = store i6 0, i6 %indvar_flatten127"   --->   Operation 23 'store' 'store_ln0' <Predicate = true> <Delay = 1.58>
ST_1 : Operation 24 [1/1] (1.58ns)   --->   "%store_ln0 = store i3 0, i3 %output_row"   --->   Operation 24 'store' 'store_ln0' <Predicate = true> <Delay = 1.58>
ST_1 : Operation 25 [1/1] (1.58ns)   --->   "%store_ln0 = store i3 0, i3 %output_col"   --->   Operation 25 'store' 'store_ln0' <Predicate = true> <Delay = 1.58>
ST_1 : Operation 26 [1/1] (0.00ns)   --->   "%br_ln0 = br void %POOL_KERNEL_ROW.i81"   --->   Operation 26 'br' 'br_ln0' <Predicate = true> <Delay = 0.00>
ST_1 : Operation 27 [1/1] (0.00ns)   --->   "%output_row_1 = load i3 %output_row" [../member_c_conv_hls/src/lenet_conv.cpp:93]   --->   Operation 27 'load' 'output_row_1' <Predicate = true> <Delay = 0.00>
ST_1 : Operation 28 [1/1] (0.00ns)   --->   "%indvar_flatten183_load = load i9 %indvar_flatten183" [../member_c_conv_hls/src/lenet_conv.cpp:91]   --->   Operation 28 'load' 'indvar_flatten183_load' <Predicate = true> <Delay = 0.00>
ST_1 : Operation 29 [1/1] (1.66ns)   --->   "%icmp_ln91 = icmp_eq  i9 %indvar_flatten183_load, i9 400" [../member_c_conv_hls/src/lenet_conv.cpp:91]   --->   Operation 29 'icmp' 'icmp_ln91' <Predicate = true> <Delay = 1.66> <CoreInst = "Cmp">   --->   Core 9 'Cmp' <Latency = 0> <II = 1> <Delay = 1.66> <FuncUnit> <Opcode : 'icmp'> <InPorts = 2> <OutPorts = 1>
ST_1 : Operation 30 [1/1] (1.82ns)   --->   "%add_ln91_1 = add i9 %indvar_flatten183_load, i9 1" [../member_c_conv_hls/src/lenet_conv.cpp:91]   --->   Operation 30 'add' 'add_ln91_1' <Predicate = true> <Delay = 1.82> <CoreInst = "Adder">   --->   Core 1 'Adder' <Latency = 0> <II = 1> <Delay = 1.82> <FuncUnit> <Opcode : 'add' 'sub'> <InPorts = 2> <OutPorts = 1>
ST_1 : Operation 31 [1/1] (0.00ns)   --->   "%br_ln91 = br i1 %icmp_ln91, void %for.inc39.i113, void %_ZN5lenet12_GLOBAL__N_116relu_maxpool_2x2ILi16ELi10ELi10EEEvPKfPf.exit.exitStub" [../member_c_conv_hls/src/lenet_conv.cpp:91]   --->   Operation 31 'br' 'br_ln91' <Predicate = true> <Delay = 0.00>
ST_1 : Operation 32 [1/1] (0.00ns)   --->   "%output_col_load = load i3 %output_col" [../member_c_conv_hls/src/lenet_conv.cpp:95]   --->   Operation 32 'load' 'output_col_load' <Predicate = (!icmp_ln91)> <Delay = 0.00>
ST_1 : Operation 33 [1/1] (0.00ns)   --->   "%indvar_flatten127_load = load i6 %indvar_flatten127" [../member_c_conv_hls/src/lenet_conv.cpp:93]   --->   Operation 33 'load' 'indvar_flatten127_load' <Predicate = (!icmp_ln91)> <Delay = 0.00>
ST_1 : Operation 34 [1/1] (1.42ns)   --->   "%icmp_ln93 = icmp_eq  i6 %indvar_flatten127_load, i6 25" [../member_c_conv_hls/src/lenet_conv.cpp:93]   --->   Operation 34 'icmp' 'icmp_ln93' <Predicate = (!icmp_ln91)> <Delay = 1.42> <CoreInst = "Cmp">   --->   Core 9 'Cmp' <Latency = 0> <II = 1> <Delay = 1.42> <FuncUnit> <Opcode : 'icmp'> <InPorts = 2> <OutPorts = 1>
ST_1 : Operation 35 [1/1] (0.98ns)   --->   "%select_ln91 = select i1 %icmp_ln93, i3 0, i3 %output_row_1" [../member_c_conv_hls/src/lenet_conv.cpp:91]   --->   Operation 35 'select' 'select_ln91' <Predicate = (!icmp_ln91)> <Delay = 0.98> <CoreInst = "Sel">   --->   Core 73 'Sel' <Latency = 0> <II = 1> <Delay = 0.98> <FuncUnit> <Opcode : 'select'> <InPorts = 3> <OutPorts = 1>
ST_1 : Operation 36 [1/1] (0.00ns) (grouped into LUT with out node and_ln91)   --->   "%xor_ln91 = xor i1 %icmp_ln93, i1 1" [../member_c_conv_hls/src/lenet_conv.cpp:91]   --->   Operation 36 'xor' 'xor_ln91' <Predicate = (!icmp_ln91)> <Delay = 0.00> <CoreInst = "LogicGate">   --->   Core 74 'LogicGate' <Latency = 0> <II = 1> <Delay = 0.97> <FuncUnit> <Opcode : 'and' 'or' 'xor'> <InPorts = 2> <OutPorts = 1>
ST_1 : Operation 37 [1/1] (1.13ns)   --->   "%icmp_ln95 = icmp_eq  i3 %output_col_load, i3 5" [../member_c_conv_hls/src/lenet_conv.cpp:95]   --->   Operation 37 'icmp' 'icmp_ln95' <Predicate = (!icmp_ln91)> <Delay = 1.13> <CoreInst = "Cmp">   --->   Core 9 'Cmp' <Latency = 0> <II = 1> <Delay = 1.13> <FuncUnit> <Opcode : 'icmp'> <InPorts = 2> <OutPorts = 1>
ST_1 : Operation 38 [1/1] (0.97ns) (out node of the LUT)   --->   "%and_ln91 = and i1 %icmp_ln95, i1 %xor_ln91" [../member_c_conv_hls/src/lenet_conv.cpp:91]   --->   Operation 38 'and' 'and_ln91' <Predicate = (!icmp_ln91)> <Delay = 0.97> <CoreInst = "LogicGate">   --->   Core 74 'LogicGate' <Latency = 0> <II = 1> <Delay = 0.97> <FuncUnit> <Opcode : 'and' 'or' 'xor'> <InPorts = 2> <OutPorts = 1>
ST_1 : Operation 39 [1/1] (1.65ns)   --->   "%add_ln93 = add i3 %select_ln91, i3 1" [../member_c_conv_hls/src/lenet_conv.cpp:93]   --->   Operation 39 'add' 'add_ln93' <Predicate = (!icmp_ln91)> <Delay = 1.65> <CoreInst = "Adder">   --->   Core 1 'Adder' <Latency = 0> <II = 1> <Delay = 1.65> <FuncUnit> <Opcode : 'add' 'sub'> <InPorts = 2> <OutPorts = 1>
ST_1 : Operation 40 [1/1] (0.00ns) (grouped into LUT with out node select_ln93)   --->   "%or_ln93 = or i1 %and_ln91, i1 %icmp_ln93" [../member_c_conv_hls/src/lenet_conv.cpp:93]   --->   Operation 40 'or' 'or_ln93' <Predicate = (!icmp_ln91)> <Delay = 0.00> <CoreInst = "LogicGate">   --->   Core 74 'LogicGate' <Latency = 0> <II = 1> <Delay = 0.97> <FuncUnit> <Opcode : 'and' 'or' 'xor'> <InPorts = 2> <OutPorts = 1>
ST_1 : Operation 41 [1/1] (0.98ns) (out node of the LUT)   --->   "%select_ln93 = select i1 %or_ln93, i3 0, i3 %output_col_load" [../member_c_conv_hls/src/lenet_conv.cpp:93]   --->   Operation 41 'select' 'select_ln93' <Predicate = (!icmp_ln91)> <Delay = 0.98> <CoreInst = "Sel">   --->   Core 73 'Sel' <Latency = 0> <II = 1> <Delay = 0.98> <FuncUnit> <Opcode : 'select'> <InPorts = 3> <OutPorts = 1>
ST_1 : Operation 42 [1/1] (0.98ns)   --->   "%select_ln93_3 = select i1 %and_ln91, i3 %add_ln93, i3 %select_ln91" [../member_c_conv_hls/src/lenet_conv.cpp:93]   --->   Operation 42 'select' 'select_ln93_3' <Predicate = (!icmp_ln91)> <Delay = 0.98> <CoreInst = "Sel">   --->   Core 73 'Sel' <Latency = 0> <II = 1> <Delay = 0.98> <FuncUnit> <Opcode : 'select'> <InPorts = 3> <OutPorts = 1>
ST_1 : Operation 43 [1/1] (1.65ns)   --->   "%add_ln95 = add i3 %select_ln93, i3 1" [../member_c_conv_hls/src/lenet_conv.cpp:95]   --->   Operation 43 'add' 'add_ln95' <Predicate = (!icmp_ln91)> <Delay = 1.65> <CoreInst = "Adder">   --->   Core 1 'Adder' <Latency = 0> <II = 1> <Delay = 1.65> <FuncUnit> <Opcode : 'add' 'sub'> <InPorts = 2> <OutPorts = 1>
ST_1 : Operation 44 [1/1] (1.82ns)   --->   "%add_ln93_1 = add i6 %indvar_flatten127_load, i6 1" [../member_c_conv_hls/src/lenet_conv.cpp:93]   --->   Operation 44 'add' 'add_ln93_1' <Predicate = (!icmp_ln91)> <Delay = 1.82> <CoreInst = "Adder">   --->   Core 1 'Adder' <Latency = 0> <II = 1> <Delay = 1.82> <FuncUnit> <Opcode : 'add' 'sub'> <InPorts = 2> <OutPorts = 1>
ST_1 : Operation 45 [1/1] (1.18ns)   --->   "%select_ln93_4 = select i1 %icmp_ln93, i6 1, i6 %add_ln93_1" [../member_c_conv_hls/src/lenet_conv.cpp:93]   --->   Operation 45 'select' 'select_ln93_4' <Predicate = (!icmp_ln91)> <Delay = 1.18> <CoreInst = "Sel">   --->   Core 73 'Sel' <Latency = 0> <II = 1> <Delay = 1.18> <FuncUnit> <Opcode : 'select'> <InPorts = 3> <OutPorts = 1>
ST_1 : Operation 46 [1/1] (1.58ns)   --->   "%store_ln95 = store i9 %add_ln91_1, i9 %indvar_flatten183" [../member_c_conv_hls/src/lenet_conv.cpp:95]   --->   Operation 46 'store' 'store_ln95' <Predicate = (!icmp_ln91)> <Delay = 1.58>
ST_1 : Operation 47 [1/1] (1.58ns)   --->   "%store_ln95 = store i6 %select_ln93_4, i6 %indvar_flatten127" [../member_c_conv_hls/src/lenet_conv.cpp:95]   --->   Operation 47 'store' 'store_ln95' <Predicate = (!icmp_ln91)> <Delay = 1.58>
ST_1 : Operation 48 [1/1] (1.58ns)   --->   "%store_ln95 = store i3 %select_ln93_3, i3 %output_row" [../member_c_conv_hls/src/lenet_conv.cpp:95]   --->   Operation 48 'store' 'store_ln95' <Predicate = (!icmp_ln91)> <Delay = 1.58>
ST_1 : Operation 49 [1/1] (1.58ns)   --->   "%store_ln95 = store i3 %add_ln95, i3 %output_col" [../member_c_conv_hls/src/lenet_conv.cpp:95]   --->   Operation 49 'store' 'store_ln95' <Predicate = (!icmp_ln91)> <Delay = 1.58>

State 2 <SV = 1> <Delay = 6.67>
ST_2 : Operation 50 [1/1] (0.00ns)   --->   "%channel_1 = load i5 %channel"   --->   Operation 50 'load' 'channel_1' <Predicate = true> <Delay = 0.00>
ST_2 : Operation 51 [1/1] (0.00ns)   --->   "%empty = trunc i5 %channel_1"   --->   Operation 51 'trunc' 'empty' <Predicate = true> <Delay = 0.00>
ST_2 : Operation 52 [1/1] (0.00ns)   --->   "%p_shl = bitconcatenate i7 @_ssdm_op_BitConcatenate.i7.i4.i3, i4 %empty, i3 0"   --->   Operation 52 'bitconcatenate' 'p_shl' <Predicate = true> <Delay = 0.00>
ST_2 : Operation 53 [1/1] (0.00ns)   --->   "%p_shl25_cast = zext i7 %p_shl"   --->   Operation 53 'zext' 'p_shl25_cast' <Predicate = (!icmp_ln93 & !and_ln91)> <Delay = 0.00>
ST_2 : Operation 54 [1/1] (0.00ns)   --->   "%empty_29 = shl i5 %channel_1, i5 1"   --->   Operation 54 'shl' 'empty_29' <Predicate = true> <Delay = 0.00>
ST_2 : Operation 55 [1/1] (0.00ns)   --->   "%p_shl26_cast = zext i5 %empty_29"   --->   Operation 55 'zext' 'p_shl26_cast' <Predicate = (!icmp_ln93 & !and_ln91)> <Delay = 0.00>
ST_2 : Operation 56 [1/1] (0.00ns)   --->   "%zext_ln93_1 = zext i3 %output_row_1" [../member_c_conv_hls/src/lenet_conv.cpp:93]   --->   Operation 56 'zext' 'zext_ln93_1' <Predicate = (!icmp_ln93 & !and_ln91)> <Delay = 0.00>
ST_2 : Operation 57 [1/1] (0.00ns)   --->   "%tmp_s = bitconcatenate i4 @_ssdm_op_BitConcatenate.i4.i3.i1, i3 %output_row_1, i1 0" [../member_c_conv_hls/src/lenet_conv.cpp:93]   --->   Operation 57 'bitconcatenate' 'tmp_s' <Predicate = (!icmp_ln93 & !and_ln91)> <Delay = 0.00>
ST_2 : Operation 58 [1/1] (0.00ns)   --->   "%p_cast38 = zext i4 %tmp_s" [../member_c_conv_hls/src/lenet_conv.cpp:93]   --->   Operation 58 'zext' 'p_cast38' <Predicate = (!icmp_ln93 & !and_ln91)> <Delay = 0.00>
ST_2 : Operation 59 [1/1] (1.78ns)   --->   "%tmp3 = add i5 %channel_1, i5 %zext_ln93_1" [../member_c_conv_hls/src/lenet_conv.cpp:93]   --->   Operation 59 'add' 'tmp3' <Predicate = (!icmp_ln93 & !and_ln91)> <Delay = 1.78> <CoreInst = "Adder">   --->   Core 1 'Adder' <Latency = 0> <II = 1> <Delay = 1.78> <FuncUnit> <Opcode : 'add' 'sub'> <InPorts = 2> <OutPorts = 1>
ST_2 : Operation 60 [1/1] (1.78ns)   --->   "%tmp4 = add i6 %p_shl26_cast, i6 %p_cast38" [../member_c_conv_hls/src/lenet_conv.cpp:93]   --->   Operation 60 'add' 'tmp4' <Predicate = (!icmp_ln93 & !and_ln91)> <Delay = 1.78> <CoreInst = "Adder">   --->   Core 1 'Adder' <Latency = 0> <II = 1> <Delay = 1.78> <FuncUnit> <Opcode : 'add' 'sub'> <InPorts = 2> <OutPorts = 1>
ST_2 : Operation 61 [1/1] (0.00ns)   --->   "%tmp4_cast = zext i6 %tmp4" [../member_c_conv_hls/src/lenet_conv.cpp:93]   --->   Operation 61 'zext' 'tmp4_cast' <Predicate = (!icmp_ln93 & !and_ln91)> <Delay = 0.00>
ST_2 : Operation 62 [1/1] (1.87ns)   --->   "%empty_31 = add i8 %tmp4_cast, i8 %p_shl25_cast" [../member_c_conv_hls/src/lenet_conv.cpp:93]   --->   Operation 62 'add' 'empty_31' <Predicate = (!icmp_ln93 & !and_ln91)> <Delay = 1.87> <CoreInst = "Adder">   --->   Core 1 'Adder' <Latency = 0> <II = 1> <Delay = 1.87> <FuncUnit> <Opcode : 'add' 'sub'> <InPorts = 2> <OutPorts = 1>
ST_2 : Operation 63 [1/1] (1.78ns)   --->   "%add_ln91 = add i5 %channel_1, i5 1" [../member_c_conv_hls/src/lenet_conv.cpp:91]   --->   Operation 63 'add' 'add_ln91' <Predicate = true> <Delay = 1.78> <CoreInst = "Adder">   --->   Core 1 'Adder' <Latency = 0> <II = 1> <Delay = 1.78> <FuncUnit> <Opcode : 'add' 'sub'> <InPorts = 2> <OutPorts = 1>
ST_2 : Operation 64 [1/1] (0.00ns)   --->   "%empty_33 = trunc i5 %add_ln91" [../member_c_conv_hls/src/lenet_conv.cpp:91]   --->   Operation 64 'trunc' 'empty_33' <Predicate = (!icmp_ln91)> <Delay = 0.00>
ST_2 : Operation 65 [1/1] (0.00ns)   --->   "%p_shl25_mid1 = bitconcatenate i7 @_ssdm_op_BitConcatenate.i7.i4.i3, i4 %empty_33, i3 0" [../member_c_conv_hls/src/lenet_conv.cpp:91]   --->   Operation 65 'bitconcatenate' 'p_shl25_mid1' <Predicate = (!icmp_ln91)> <Delay = 0.00>
ST_2 : Operation 66 [1/1] (0.00ns)   --->   "%p_shl25_cast_mid1 = zext i7 %p_shl25_mid1" [../member_c_conv_hls/src/lenet_conv.cpp:91]   --->   Operation 66 'zext' 'p_shl25_cast_mid1' <Predicate = (!icmp_ln91 & icmp_ln93 & !and_ln91)> <Delay = 0.00>
ST_2 : Operation 67 [1/1] (0.00ns) (grouped into LUT with out node p_mid1123)   --->   "%select_ln91_1 = select i1 %icmp_ln93, i7 %p_shl25_mid1, i7 %p_shl" [../member_c_conv_hls/src/lenet_conv.cpp:91]   --->   Operation 67 'select' 'select_ln91_1' <Predicate = (!icmp_ln91 & and_ln91)> <Delay = 0.00> <CoreInst = "Sel">   --->   Core 73 'Sel' <Latency = 0> <II = 1> <Delay = 0.99> <FuncUnit> <Opcode : 'select'> <InPorts = 3> <OutPorts = 1>
ST_2 : Operation 68 [1/1] (0.00ns) (grouped into LUT with out node p_mid1123)   --->   "%zext_ln91_1 = zext i7 %select_ln91_1" [../member_c_conv_hls/src/lenet_conv.cpp:91]   --->   Operation 68 'zext' 'zext_ln91_1' <Predicate = (!icmp_ln91 & and_ln91)> <Delay = 0.00>
ST_2 : Operation 69 [1/1] (0.00ns)   --->   "%empty_34 = shl i5 %add_ln91, i5 1" [../member_c_conv_hls/src/lenet_conv.cpp:91]   --->   Operation 69 'shl' 'empty_34' <Predicate = (!icmp_ln91)> <Delay = 0.00>
ST_2 : Operation 70 [1/1] (0.00ns) (grouped into LUT with out node tmp4_mid1)   --->   "%select_ln91_2 = select i1 %icmp_ln93, i5 %empty_34, i5 %empty_29" [../member_c_conv_hls/src/lenet_conv.cpp:91]   --->   Operation 70 'select' 'select_ln91_2' <Predicate = (!icmp_ln91 & and_ln91)> <Delay = 0.00> <CoreInst = "Sel">   --->   Core 73 'Sel' <Latency = 0> <II = 1> <Delay = 1.21> <FuncUnit> <Opcode : 'select'> <InPorts = 3> <OutPorts = 1>
ST_2 : Operation 71 [1/1] (0.00ns) (grouped into LUT with out node tmp4_mid1)   --->   "%zext_ln91_2 = zext i5 %select_ln91_2" [../member_c_conv_hls/src/lenet_conv.cpp:91]   --->   Operation 71 'zext' 'zext_ln91_2' <Predicate = (!icmp_ln91 & and_ln91)> <Delay = 0.00>
ST_2 : Operation 72 [1/1] (0.00ns)   --->   "%tmp4_cast_mid1157 = zext i5 %empty_34" [../member_c_conv_hls/src/lenet_conv.cpp:91]   --->   Operation 72 'zext' 'tmp4_cast_mid1157' <Predicate = (!icmp_ln91 & icmp_ln93 & !and_ln91)> <Delay = 0.00>
ST_2 : Operation 73 [1/1] (1.87ns)   --->   "%p_mid1159 = add i8 %tmp4_cast_mid1157, i8 %p_shl25_cast_mid1" [../member_c_conv_hls/src/lenet_conv.cpp:91]   --->   Operation 73 'add' 'p_mid1159' <Predicate = (!icmp_ln91 & icmp_ln93 & !and_ln91)> <Delay = 1.87> <CoreInst = "Adder">   --->   Core 1 'Adder' <Latency = 0> <II = 1> <Delay = 1.87> <FuncUnit> <Opcode : 'add' 'sub'> <InPorts = 2> <OutPorts = 1>
ST_2 : Operation 74 [1/1] (0.00ns) (grouped into LUT with out node select_ln93_2)   --->   "%select_ln91_5 = select i1 %icmp_ln93, i8 %p_mid1159, i8 %empty_31" [../member_c_conv_hls/src/lenet_conv.cpp:91]   --->   Operation 74 'select' 'select_ln91_5' <Predicate = (!icmp_ln91 & !and_ln91)> <Delay = 0.00> <CoreInst = "Sel">   --->   Core 73 'Sel' <Latency = 0> <II = 1> <Delay = 1.24> <FuncUnit> <Opcode : 'select'> <InPorts = 3> <OutPorts = 1>
ST_2 : Operation 75 [1/1] (1.21ns)   --->   "%select_ln91_6 = select i1 %icmp_ln93, i5 %add_ln91, i5 %channel_1" [../member_c_conv_hls/src/lenet_conv.cpp:91]   --->   Operation 75 'select' 'select_ln91_6' <Predicate = (!icmp_ln91)> <Delay = 1.21> <CoreInst = "Sel">   --->   Core 73 'Sel' <Latency = 0> <II = 1> <Delay = 1.21> <FuncUnit> <Opcode : 'select'> <InPorts = 3> <OutPorts = 1>
ST_2 : Operation 76 [1/1] (0.00ns)   --->   "%zext_ln93_3 = zext i3 %add_ln93" [../member_c_conv_hls/src/lenet_conv.cpp:93]   --->   Operation 76 'zext' 'zext_ln93_3' <Predicate = (!icmp_ln91 & and_ln91)> <Delay = 0.00>
ST_2 : Operation 77 [1/1] (0.00ns) (grouped into LUT with out node tmp4_mid1)   --->   "%p_mid2 = bitconcatenate i4 @_ssdm_op_BitConcatenate.i4.i3.i1, i3 %add_ln93, i1 0" [../member_c_conv_hls/src/lenet_conv.cpp:93]   --->   Operation 77 'bitconcatenate' 'p_mid2' <Predicate = (!icmp_ln91 & and_ln91)> <Delay = 0.00>
ST_2 : Operation 78 [1/1] (0.00ns) (grouped into LUT with out node tmp4_mid1)   --->   "%p_cast38_mid1 = zext i4 %p_mid2" [../member_c_conv_hls/src/lenet_conv.cpp:93]   --->   Operation 78 'zext' 'p_cast38_mid1' <Predicate = (!icmp_ln91 & and_ln91)> <Delay = 0.00>
ST_2 : Operation 79 [1/1] (1.78ns)   --->   "%tmp3_mid1 = add i5 %select_ln91_6, i5 %zext_ln93_3" [../member_c_conv_hls/src/lenet_conv.cpp:91]   --->   Operation 79 'add' 'tmp3_mid1' <Predicate = (!icmp_ln91 & and_ln91)> <Delay = 1.78> <CoreInst = "Adder">   --->   Core 1 'Adder' <Latency = 0> <II = 1> <Delay = 1.78> <FuncUnit> <Opcode : 'add' 'sub'> <InPorts = 2> <OutPorts = 1>
ST_2 : Operation 80 [1/1] (1.78ns) (out node of the LUT)   --->   "%tmp4_mid1 = add i6 %zext_ln91_2, i6 %p_cast38_mid1" [../member_c_conv_hls/src/lenet_conv.cpp:91]   --->   Operation 80 'add' 'tmp4_mid1' <Predicate = (!icmp_ln91 & and_ln91)> <Delay = 1.78> <CoreInst = "Adder">   --->   Core 1 'Adder' <Latency = 0> <II = 1> <Delay = 1.78> <FuncUnit> <Opcode : 'add' 'sub'> <InPorts = 2> <OutPorts = 1>
ST_2 : Operation 81 [1/1] (0.00ns) (grouped into LUT with out node p_mid1123)   --->   "%tmp4_cast_mid1 = zext i6 %tmp4_mid1" [../member_c_conv_hls/src/lenet_conv.cpp:91]   --->   Operation 81 'zext' 'tmp4_cast_mid1' <Predicate = (!icmp_ln91 & and_ln91)> <Delay = 0.00>
ST_2 : Operation 82 [1/1] (1.87ns) (out node of the LUT)   --->   "%p_mid1123 = add i8 %tmp4_cast_mid1, i8 %zext_ln91_1" [../member_c_conv_hls/src/lenet_conv.cpp:91]   --->   Operation 82 'add' 'p_mid1123' <Predicate = (!icmp_ln91 & and_ln91)> <Delay = 1.87> <CoreInst = "Adder">   --->   Core 1 'Adder' <Latency = 0> <II = 1> <Delay = 1.87> <FuncUnit> <Opcode : 'add' 'sub'> <InPorts = 2> <OutPorts = 1>
ST_2 : Operation 83 [1/1] (1.24ns) (out node of the LUT)   --->   "%select_ln93_2 = select i1 %and_ln91, i8 %p_mid1123, i8 %select_ln91_5" [../member_c_conv_hls/src/lenet_conv.cpp:93]   --->   Operation 83 'select' 'select_ln93_2' <Predicate = (!icmp_ln91)> <Delay = 1.24> <CoreInst = "Sel">   --->   Core 73 'Sel' <Latency = 0> <II = 1> <Delay = 1.24> <FuncUnit> <Opcode : 'select'> <InPorts = 3> <OutPorts = 1>
ST_2 : Operation 84 [1/1] (1.58ns)   --->   "%store_ln95 = store i5 %select_ln91_6, i5 %channel" [../member_c_conv_hls/src/lenet_conv.cpp:95]   --->   Operation 84 'store' 'store_ln95' <Predicate = (!icmp_ln91)> <Delay = 1.58>

State 3 <SV = 2> <Delay = 6.71>
ST_3 : Operation 85 [1/1] (0.00ns)   --->   "%p_shl1 = bitconcatenate i6 @_ssdm_op_BitConcatenate.i6.i4.i2, i4 %empty, i2 0"   --->   Operation 85 'bitconcatenate' 'p_shl1' <Predicate = true> <Delay = 0.00>
ST_3 : Operation 86 [1/1] (0.00ns)   --->   "%zext_ln93 = zext i6 %p_shl1" [../member_c_conv_hls/src/lenet_conv.cpp:93]   --->   Operation 86 'zext' 'zext_ln93' <Predicate = (!icmp_ln93 & !and_ln91)> <Delay = 0.00>
ST_3 : Operation 87 [1/1] (0.00ns)   --->   "%tmp3_cast = zext i5 %tmp3" [../member_c_conv_hls/src/lenet_conv.cpp:93]   --->   Operation 87 'zext' 'tmp3_cast' <Predicate = (!icmp_ln93 & !and_ln91)> <Delay = 0.00>
ST_3 : Operation 88 [1/1] (1.82ns)   --->   "%empty_30 = add i7 %tmp3_cast, i7 %zext_ln93" [../member_c_conv_hls/src/lenet_conv.cpp:93]   --->   Operation 88 'add' 'empty_30' <Predicate = (!icmp_ln93 & !and_ln91)> <Delay = 1.82> <CoreInst = "Adder">   --->   Core 1 'Adder' <Latency = 0> <II = 1> <Delay = 1.82> <FuncUnit> <Opcode : 'add' 'sub'> <InPorts = 2> <OutPorts = 1>
ST_3 : Operation 89 [1/1] (0.00ns)   --->   "%specpipeline_ln0 = specpipeline void @_ssdm_op_SpecPipeline, i32 4294967295, i32 0, i32 1, i32 0, void @p_str"   --->   Operation 89 'specpipeline' 'specpipeline_ln0' <Predicate = true> <Delay = 0.00>
ST_3 : Operation 90 [1/1] (0.00ns)   --->   "%zext_ln91 = zext i5 %add_ln91" [../member_c_conv_hls/src/lenet_conv.cpp:91]   --->   Operation 90 'zext' 'zext_ln91' <Predicate = (!icmp_ln91 & icmp_ln93 & !and_ln91)> <Delay = 0.00>
ST_3 : Operation 91 [1/1] (0.00ns)   --->   "%p_shl24_mid1 = bitconcatenate i6 @_ssdm_op_BitConcatenate.i6.i4.i2, i4 %empty_33, i2 0" [../member_c_conv_hls/src/lenet_conv.cpp:91]   --->   Operation 91 'bitconcatenate' 'p_shl24_mid1' <Predicate = (!icmp_ln91)> <Delay = 0.00>
ST_3 : Operation 92 [1/1] (0.00ns)   --->   "%zext_ln93_2 = zext i6 %p_shl24_mid1" [../member_c_conv_hls/src/lenet_conv.cpp:93]   --->   Operation 92 'zext' 'zext_ln93_2' <Predicate = (!icmp_ln91 & icmp_ln93 & !and_ln91)> <Delay = 0.00>
ST_3 : Operation 93 [1/1] (0.00ns) (grouped into LUT with out node p_mid1121)   --->   "%select_ln91_3 = select i1 %icmp_ln93, i6 %p_shl24_mid1, i6 %p_shl1" [../member_c_conv_hls/src/lenet_conv.cpp:91]   --->   Operation 93 'select' 'select_ln91_3' <Predicate = (!icmp_ln91 & and_ln91)> <Delay = 0.00> <CoreInst = "Sel">   --->   Core 73 'Sel' <Latency = 0> <II = 1> <Delay = 1.18> <FuncUnit> <Opcode : 'select'> <InPorts = 3> <OutPorts = 1>
ST_3 : Operation 94 [1/1] (0.00ns) (grouped into LUT with out node p_mid1121)   --->   "%zext_ln91_3 = zext i6 %select_ln91_3" [../member_c_conv_hls/src/lenet_conv.cpp:91]   --->   Operation 94 'zext' 'zext_ln91_3' <Predicate = (!icmp_ln91 & and_ln91)> <Delay = 0.00>
ST_3 : Operation 95 [1/1] (1.82ns)   --->   "%p_mid1149 = add i7 %zext_ln91, i7 %zext_ln93_2" [../member_c_conv_hls/src/lenet_conv.cpp:91]   --->   Operation 95 'add' 'p_mid1149' <Predicate = (!icmp_ln91 & icmp_ln93 & !and_ln91)> <Delay = 1.82> <CoreInst = "Adder">   --->   Core 1 'Adder' <Latency = 0> <II = 1> <Delay = 1.82> <FuncUnit> <Opcode : 'add' 'sub'> <InPorts = 2> <OutPorts = 1>
ST_3 : Operation 96 [1/1] (0.00ns) (grouped into LUT with out node select_ln93_1)   --->   "%select_ln91_4 = select i1 %icmp_ln93, i7 %p_mid1149, i7 %empty_30" [../member_c_conv_hls/src/lenet_conv.cpp:91]   --->   Operation 96 'select' 'select_ln91_4' <Predicate = (!icmp_ln91 & !and_ln91)> <Delay = 0.00> <CoreInst = "Sel">   --->   Core 73 'Sel' <Latency = 0> <II = 1> <Delay = 0.99> <FuncUnit> <Opcode : 'select'> <InPorts = 3> <OutPorts = 1>
ST_3 : Operation 97 [1/1] (0.00ns) (grouped into LUT with out node p_mid1121)   --->   "%tmp3_cast_mid1 = zext i5 %tmp3_mid1" [../member_c_conv_hls/src/lenet_conv.cpp:91]   --->   Operation 97 'zext' 'tmp3_cast_mid1' <Predicate = (!icmp_ln91 & and_ln91)> <Delay = 0.00>
ST_3 : Operation 98 [1/1] (1.82ns) (out node of the LUT)   --->   "%p_mid1121 = add i7 %tmp3_cast_mid1, i7 %zext_ln91_3" [../member_c_conv_hls/src/lenet_conv.cpp:91]   --->   Operation 98 'add' 'p_mid1121' <Predicate = (!icmp_ln91 & and_ln91)> <Delay = 1.82> <CoreInst = "Adder">   --->   Core 1 'Adder' <Latency = 0> <II = 1> <Delay = 1.82> <FuncUnit> <Opcode : 'add' 'sub'> <InPorts = 2> <OutPorts = 1>
ST_3 : Operation 99 [1/1] (0.99ns) (out node of the LUT)   --->   "%select_ln93_1 = select i1 %and_ln91, i7 %p_mid1121, i7 %select_ln91_4" [../member_c_conv_hls/src/lenet_conv.cpp:93]   --->   Operation 99 'select' 'select_ln93_1' <Predicate = (!icmp_ln91)> <Delay = 0.99> <CoreInst = "Sel">   --->   Core 73 'Sel' <Latency = 0> <II = 1> <Delay = 0.99> <FuncUnit> <Opcode : 'select'> <InPorts = 3> <OutPorts = 1>
ST_3 : Operation 100 [1/1] (0.00ns)   --->   "%p_shl27_mid2 = bitconcatenate i9 @_ssdm_op_BitConcatenate.i9.i7.i2, i7 %select_ln93_1, i2 0" [../member_c_conv_hls/src/lenet_conv.cpp:93]   --->   Operation 100 'bitconcatenate' 'p_shl27_mid2' <Predicate = (!icmp_ln91)> <Delay = 0.00>
ST_3 : Operation 101 [1/1] (0.00ns)   --->   "%p_shl28_0_mid2 = bitconcatenate i11 @_ssdm_op_BitConcatenate.i11.i8.i3, i8 %select_ln93_2, i3 0" [../member_c_conv_hls/src/lenet_conv.cpp:93]   --->   Operation 101 'bitconcatenate' 'p_shl28_0_mid2' <Predicate = (!icmp_ln91)> <Delay = 0.00>
ST_3 : Operation 102 [1/1] (0.00ns)   --->   "%p_shl29_0_mid2 = bitconcatenate i9 @_ssdm_op_BitConcatenate.i9.i8.i1, i8 %select_ln93_2, i1 0" [../member_c_conv_hls/src/lenet_conv.cpp:93]   --->   Operation 102 'bitconcatenate' 'p_shl29_0_mid2' <Predicate = (!icmp_ln91)> <Delay = 0.00>
ST_3 : Operation 103 [1/1] (0.00ns)   --->   "%or_ln93_1 = or i8 %select_ln93_2, i8 1" [../member_c_conv_hls/src/lenet_conv.cpp:93]   --->   Operation 103 'or' 'or_ln93_1' <Predicate = (!icmp_ln91)> <Delay = 0.00>
ST_3 : Operation 104 [1/1] (0.00ns)   --->   "%p_shl28_1_mid2 = bitconcatenate i11 @_ssdm_op_BitConcatenate.i11.i8.i3, i8 %or_ln93_1, i3 0" [../member_c_conv_hls/src/lenet_conv.cpp:93]   --->   Operation 104 'bitconcatenate' 'p_shl28_1_mid2' <Predicate = (!icmp_ln91)> <Delay = 0.00>
ST_3 : Operation 105 [1/1] (0.00ns)   --->   "%zext_ln95_mid2_v = bitconcatenate i9 @_ssdm_op_BitConcatenate.i9.i8.i1, i8 %or_ln93_1, i1 0" [../member_c_conv_hls/src/lenet_conv.cpp:93]   --->   Operation 105 'bitconcatenate' 'zext_ln95_mid2_v' <Predicate = (!icmp_ln91)> <Delay = 0.00>
ST_3 : Operation 106 [1/1] (0.00ns)   --->   "%zext_ln93_4 = zext i9 %zext_ln95_mid2_v" [../member_c_conv_hls/src/lenet_conv.cpp:93]   --->   Operation 106 'zext' 'zext_ln93_4' <Predicate = (!icmp_ln91)> <Delay = 0.00>
ST_3 : Operation 107 [1/1] (0.00ns)   --->   "%output_col_2_cast51 = zext i3 %select_ln93" [../member_c_conv_hls/src/lenet_conv.cpp:93]   --->   Operation 107 'zext' 'output_col_2_cast51' <Predicate = (!icmp_ln91)> <Delay = 0.00>
ST_3 : Operation 108 [1/1] (0.00ns)   --->   "%tmp_3 = bitconcatenate i4 @_ssdm_op_BitConcatenate.i4.i3.i1, i3 %select_ln93, i1 0" [../member_c_conv_hls/src/lenet_conv.cpp:93]   --->   Operation 108 'bitconcatenate' 'tmp_3' <Predicate = (!icmp_ln91)> <Delay = 0.00>
ST_3 : Operation 109 [1/1] (0.00ns)   --->   "%zext_ln105 = zext i4 %tmp_3" [../member_c_conv_hls/src/lenet_conv.cpp:105]   --->   Operation 109 'zext' 'zext_ln105' <Predicate = (!icmp_ln91)> <Delay = 0.00>
ST_3 : Operation 110 [1/1] (0.00ns)   --->   "%zext_ln105_1 = zext i4 %tmp_3" [../member_c_conv_hls/src/lenet_conv.cpp:105]   --->   Operation 110 'zext' 'zext_ln105_1' <Predicate = (!icmp_ln91)> <Delay = 0.00>
ST_3 : Operation 111 [1/1] (1.82ns)   --->   "%add_ln105 = add i9 %p_shl29_0_mid2, i9 %zext_ln105_1" [../member_c_conv_hls/src/lenet_conv.cpp:105]   --->   Operation 111 'add' 'add_ln105' <Predicate = (!icmp_ln91)> <Delay = 1.82> <CoreInst = "Adder">   --->   Core 1 'Adder' <Latency = 0> <II = 1> <Delay = 1.82> <FuncUnit> <Opcode : 'add' 'sub'> <InPorts = 2> <OutPorts = 1>
ST_3 : Operation 112 [1/1] (0.00ns)   --->   "%zext_ln105_2 = zext i9 %add_ln105" [../member_c_conv_hls/src/lenet_conv.cpp:105]   --->   Operation 112 'zext' 'zext_ln105_2' <Predicate = (!icmp_ln91)> <Delay = 0.00>
ST_3 : Operation 113 [1/1] (1.63ns)   --->   "%add_ln105_1 = add i11 %zext_ln105_2, i11 %p_shl28_0_mid2" [../member_c_conv_hls/src/lenet_conv.cpp:105]   --->   Operation 113 'add' 'add_ln105_1' <Predicate = (!icmp_ln91)> <Delay = 1.63> <CoreInst = "Adder">   --->   Core 1 'Adder' <Latency = 0> <II = 1> <Delay = 1.63> <FuncUnit> <Opcode : 'add' 'sub'> <InPorts = 2> <OutPorts = 1>
ST_3 : Operation 114 [1/1] (0.00ns)   --->   "%zext_ln106 = zext i11 %add_ln105_1" [../member_c_conv_hls/src/lenet_conv.cpp:106]   --->   Operation 114 'zext' 'zext_ln106' <Predicate = (!icmp_ln91)> <Delay = 0.00>
ST_3 : Operation 115 [1/1] (0.00ns)   --->   "%conv2_output_addr = getelementptr i32 %conv2_output, i64 0, i64 %zext_ln106" [../member_c_conv_hls/src/lenet_conv.cpp:106]   --->   Operation 115 'getelementptr' 'conv2_output_addr' <Predicate = (!icmp_ln91)> <Delay = 0.00>
ST_3 : Operation 116 [2/2] (3.25ns)   --->   "%conv2_output_load = load i11 %conv2_output_addr" [../member_c_conv_hls/src/lenet_conv.cpp:106]   --->   Operation 116 'load' 'conv2_output_load' <Predicate = (!icmp_ln91)> <Delay = 3.25> <CoreInst = "RAM_1WnR">   --->   Core 83 'RAM_1WnR' <Latency = 1> <II = 1> <Delay = 3.25> <Storage> <Opcode : 'load' 'store'> <Ports = 17> <Width = 32> <Depth = 1600> <RAM>
ST_3 : Operation 117 [1/1] (0.00ns)   --->   "%or_ln105 = or i11 %add_ln105_1, i11 1" [../member_c_conv_hls/src/lenet_conv.cpp:105]   --->   Operation 117 'or' 'or_ln105' <Predicate = (!icmp_ln91)> <Delay = 0.00>
ST_3 : Operation 118 [1/1] (0.00ns)   --->   "%zext_ln106_1 = zext i11 %or_ln105" [../member_c_conv_hls/src/lenet_conv.cpp:106]   --->   Operation 118 'zext' 'zext_ln106_1' <Predicate = (!icmp_ln91)> <Delay = 0.00>
ST_3 : Operation 119 [1/1] (0.00ns)   --->   "%conv2_output_addr_1 = getelementptr i32 %conv2_output, i64 0, i64 %zext_ln106_1" [../member_c_conv_hls/src/lenet_conv.cpp:106]   --->   Operation 119 'getelementptr' 'conv2_output_addr_1' <Predicate = (!icmp_ln91)> <Delay = 0.00>
ST_3 : Operation 120 [2/2] (3.25ns)   --->   "%conv2_output_load_1 = load i11 %conv2_output_addr_1" [../member_c_conv_hls/src/lenet_conv.cpp:106]   --->   Operation 120 'load' 'conv2_output_load_1' <Predicate = (!icmp_ln91)> <Delay = 3.25> <CoreInst = "RAM_1WnR">   --->   Core 83 'RAM_1WnR' <Latency = 1> <II = 1> <Delay = 3.25> <Storage> <Opcode : 'load' 'store'> <Ports = 17> <Width = 32> <Depth = 1600> <RAM>
ST_3 : Operation 121 [1/1] (1.82ns)   --->   "%add_ln105_2 = add i10 %zext_ln93_4, i10 %zext_ln105" [../member_c_conv_hls/src/lenet_conv.cpp:105]   --->   Operation 121 'add' 'add_ln105_2' <Predicate = (!icmp_ln91)> <Delay = 1.82> <CoreInst = "Adder">   --->   Core 1 'Adder' <Latency = 0> <II = 1> <Delay = 1.82> <FuncUnit> <Opcode : 'add' 'sub'> <InPorts = 2> <OutPorts = 1>
ST_3 : Operation 122 [1/1] (0.00ns)   --->   "%zext_ln105_3 = zext i10 %add_ln105_2" [../member_c_conv_hls/src/lenet_conv.cpp:105]   --->   Operation 122 'zext' 'zext_ln105_3' <Predicate = (!icmp_ln91)> <Delay = 0.00>
ST_3 : Operation 123 [1/1] (1.63ns)   --->   "%add_ln105_3 = add i11 %zext_ln105_3, i11 %p_shl28_1_mid2" [../member_c_conv_hls/src/lenet_conv.cpp:105]   --->   Operation 123 'add' 'add_ln105_3' <Predicate = (!icmp_ln91)> <Delay = 1.63> <CoreInst = "Adder">   --->   Core 1 'Adder' <Latency = 0> <II = 1> <Delay = 1.63> <FuncUnit> <Opcode : 'add' 'sub'> <InPorts = 2> <OutPorts = 1>
ST_3 : Operation 124 [1/1] (0.00ns)   --->   "%zext_ln106_2 = zext i11 %add_ln105_3" [../member_c_conv_hls/src/lenet_conv.cpp:106]   --->   Operation 124 'zext' 'zext_ln106_2' <Predicate = (!icmp_ln91)> <Delay = 0.00>
ST_3 : Operation 125 [1/1] (0.00ns)   --->   "%conv2_output_addr_2 = getelementptr i32 %conv2_output, i64 0, i64 %zext_ln106_2" [../member_c_conv_hls/src/lenet_conv.cpp:106]   --->   Operation 125 'getelementptr' 'conv2_output_addr_2' <Predicate = (!icmp_ln91)> <Delay = 0.00>
ST_3 : Operation 126 [2/2] (3.25ns)   --->   "%conv2_output_load_2 = load i11 %conv2_output_addr_2" [../member_c_conv_hls/src/lenet_conv.cpp:106]   --->   Operation 126 'load' 'conv2_output_load_2' <Predicate = (!icmp_ln91)> <Delay = 3.25> <CoreInst = "RAM_1WnR">   --->   Core 83 'RAM_1WnR' <Latency = 1> <II = 1> <Delay = 3.25> <Storage> <Opcode : 'load' 'store'> <Ports = 17> <Width = 32> <Depth = 1600> <RAM>
ST_3 : Operation 127 [1/1] (0.00ns)   --->   "%or_ln105_1 = or i11 %add_ln105_3, i11 1" [../member_c_conv_hls/src/lenet_conv.cpp:105]   --->   Operation 127 'or' 'or_ln105_1' <Predicate = (!icmp_ln91)> <Delay = 0.00>
ST_3 : Operation 128 [1/1] (0.00ns)   --->   "%zext_ln106_3 = zext i11 %or_ln105_1" [../member_c_conv_hls/src/lenet_conv.cpp:106]   --->   Operation 128 'zext' 'zext_ln106_3' <Predicate = (!icmp_ln91)> <Delay = 0.00>
ST_3 : Operation 129 [1/1] (0.00ns)   --->   "%conv2_output_addr_3 = getelementptr i32 %conv2_output, i64 0, i64 %zext_ln106_3" [../member_c_conv_hls/src/lenet_conv.cpp:106]   --->   Operation 129 'getelementptr' 'conv2_output_addr_3' <Predicate = (!icmp_ln91)> <Delay = 0.00>
ST_3 : Operation 130 [2/2] (3.25ns)   --->   "%conv2_output_load_3 = load i11 %conv2_output_addr_3" [../member_c_conv_hls/src/lenet_conv.cpp:106]   --->   Operation 130 'load' 'conv2_output_load_3' <Predicate = (!icmp_ln91)> <Delay = 3.25> <CoreInst = "RAM_1WnR">   --->   Core 83 'RAM_1WnR' <Latency = 1> <II = 1> <Delay = 3.25> <Storage> <Opcode : 'load' 'store'> <Ports = 17> <Width = 32> <Depth = 1600> <RAM>
ST_3 : Operation 131 [1/1] (1.87ns)   --->   "%add_ln114 = add i7 %select_ln93_1, i7 %output_col_2_cast51" [../member_c_conv_hls/src/lenet_conv.cpp:114]   --->   Operation 131 'add' 'add_ln114' <Predicate = (!icmp_ln91)> <Delay = 1.87> <CoreInst = "Adder">   --->   Core 1 'Adder' <Latency = 0> <II = 1> <Delay = 1.87> <FuncUnit> <Opcode : 'add' 'sub'> <InPorts = 2> <OutPorts = 1>
ST_3 : Operation 132 [1/1] (0.00ns)   --->   "%zext_ln114 = zext i7 %add_ln114" [../member_c_conv_hls/src/lenet_conv.cpp:114]   --->   Operation 132 'zext' 'zext_ln114' <Predicate = (!icmp_ln91)> <Delay = 0.00>
ST_3 : Operation 133 [1/1] (1.82ns)   --->   "%add_ln114_1 = add i9 %zext_ln114, i9 %p_shl27_mid2" [../member_c_conv_hls/src/lenet_conv.cpp:114]   --->   Operation 133 'add' 'add_ln114_1' <Predicate = (!icmp_ln91)> <Delay = 1.82> <CoreInst = "Adder">   --->   Core 1 'Adder' <Latency = 0> <II = 1> <Delay = 1.82> <FuncUnit> <Opcode : 'add' 'sub'> <InPorts = 2> <OutPorts = 1>

State 4 <SV = 3> <Delay = 3.25>
ST_4 : Operation 134 [1/2] (3.25ns)   --->   "%conv2_output_load = load i11 %conv2_output_addr" [../member_c_conv_hls/src/lenet_conv.cpp:106]   --->   Operation 134 'load' 'conv2_output_load' <Predicate = true> <Delay = 3.25> <CoreInst = "RAM_1WnR">   --->   Core 83 'RAM_1WnR' <Latency = 1> <II = 1> <Delay = 3.25> <Storage> <Opcode : 'load' 'store'> <Ports = 17> <Width = 32> <Depth = 1600> <RAM>
ST_4 : Operation 135 [1/2] (3.25ns)   --->   "%conv2_output_load_1 = load i11 %conv2_output_addr_1" [../member_c_conv_hls/src/lenet_conv.cpp:106]   --->   Operation 135 'load' 'conv2_output_load_1' <Predicate = true> <Delay = 3.25> <CoreInst = "RAM_1WnR">   --->   Core 83 'RAM_1WnR' <Latency = 1> <II = 1> <Delay = 3.25> <Storage> <Opcode : 'load' 'store'> <Ports = 17> <Width = 32> <Depth = 1600> <RAM>
ST_4 : Operation 136 [1/2] (3.25ns)   --->   "%conv2_output_load_2 = load i11 %conv2_output_addr_2" [../member_c_conv_hls/src/lenet_conv.cpp:106]   --->   Operation 136 'load' 'conv2_output_load_2' <Predicate = true> <Delay = 3.25> <CoreInst = "RAM_1WnR">   --->   Core 83 'RAM_1WnR' <Latency = 1> <II = 1> <Delay = 3.25> <Storage> <Opcode : 'load' 'store'> <Ports = 17> <Width = 32> <Depth = 1600> <RAM>
ST_4 : Operation 137 [1/2] (3.25ns)   --->   "%conv2_output_load_3 = load i11 %conv2_output_addr_3" [../member_c_conv_hls/src/lenet_conv.cpp:106]   --->   Operation 137 'load' 'conv2_output_load_3' <Predicate = true> <Delay = 3.25> <CoreInst = "RAM_1WnR">   --->   Core 83 'RAM_1WnR' <Latency = 1> <II = 1> <Delay = 3.25> <Storage> <Opcode : 'load' 'store'> <Ports = 17> <Width = 32> <Depth = 1600> <RAM>

State 5 <SV = 4> <Delay = 5.43>
ST_5 : Operation 138 [2/2] (5.43ns)   --->   "%tmp_5 = fcmp_ogt  i32 %conv2_output_load, i32 0" [../member_c_conv_hls/src/lenet_conv.cpp:107]   --->   Operation 138 'fcmp' 'tmp_5' <Predicate = true> <Delay = 5.43> <CoreInst = "FCompare">   --->   Core 19 'FCompare' <Latency = 1> <II = 1> <Delay = 5.43> <FuncUnit> <Opcode : 'fcmp'> <InPorts = 2> <OutPorts = 1>

State 6 <SV = 5> <Delay = 6.40>
ST_6 : Operation 139 [1/1] (0.00ns)   --->   "%bitcast_ln107 = bitcast i32 %conv2_output_load" [../member_c_conv_hls/src/lenet_conv.cpp:107]   --->   Operation 139 'bitcast' 'bitcast_ln107' <Predicate = true> <Delay = 0.00>
ST_6 : Operation 140 [1/1] (0.00ns)   --->   "%tmp_4 = partselect i8 @_ssdm_op_PartSelect.i8.i32.i32.i32, i32 %bitcast_ln107, i32 23, i32 30" [../member_c_conv_hls/src/lenet_conv.cpp:107]   --->   Operation 140 'partselect' 'tmp_4' <Predicate = true> <Delay = 0.00>
ST_6 : Operation 141 [1/1] (0.00ns)   --->   "%trunc_ln107 = trunc i32 %bitcast_ln107" [../member_c_conv_hls/src/lenet_conv.cpp:107]   --->   Operation 141 'trunc' 'trunc_ln107' <Predicate = true> <Delay = 0.00>
ST_6 : Operation 142 [1/1] (1.55ns)   --->   "%icmp_ln107 = icmp_ne  i8 %tmp_4, i8 255" [../member_c_conv_hls/src/lenet_conv.cpp:107]   --->   Operation 142 'icmp' 'icmp_ln107' <Predicate = true> <Delay = 1.55> <CoreInst = "Cmp">   --->   Core 9 'Cmp' <Latency = 0> <II = 1> <Delay = 1.55> <FuncUnit> <Opcode : 'icmp'> <InPorts = 2> <OutPorts = 1>
ST_6 : Operation 143 [1/1] (2.44ns)   --->   "%icmp_ln107_1 = icmp_eq  i23 %trunc_ln107, i23 0" [../member_c_conv_hls/src/lenet_conv.cpp:107]   --->   Operation 143 'icmp' 'icmp_ln107_1' <Predicate = true> <Delay = 2.44> <CoreInst = "Cmp">   --->   Core 9 'Cmp' <Latency = 0> <II = 1> <Delay = 2.44> <FuncUnit> <Opcode : 'icmp'> <InPorts = 2> <OutPorts = 1>
ST_6 : Operation 144 [1/1] (0.00ns) (grouped into LUT with out node select_ln107)   --->   "%or_ln107 = or i1 %icmp_ln107_1, i1 %icmp_ln107" [../member_c_conv_hls/src/lenet_conv.cpp:107]   --->   Operation 144 'or' 'or_ln107' <Predicate = true> <Delay = 0.00> <CoreInst = "LogicGate">   --->   Core 74 'LogicGate' <Latency = 0> <II = 1> <Delay = 0.97> <FuncUnit> <Opcode : 'and' 'or' 'xor'> <InPorts = 2> <OutPorts = 1>
ST_6 : Operation 145 [1/2] (5.43ns)   --->   "%tmp_5 = fcmp_ogt  i32 %conv2_output_load, i32 0" [../member_c_conv_hls/src/lenet_conv.cpp:107]   --->   Operation 145 'fcmp' 'tmp_5' <Predicate = true> <Delay = 5.43> <CoreInst = "FCompare">   --->   Core 19 'FCompare' <Latency = 1> <II = 1> <Delay = 5.43> <FuncUnit> <Opcode : 'fcmp'> <InPorts = 2> <OutPorts = 1>
ST_6 : Operation 146 [1/1] (0.00ns) (grouped into LUT with out node select_ln107)   --->   "%and_ln107 = and i1 %or_ln107, i1 %tmp_5" [../member_c_conv_hls/src/lenet_conv.cpp:107]   --->   Operation 146 'and' 'and_ln107' <Predicate = true> <Delay = 0.00> <CoreInst = "LogicGate">   --->   Core 74 'LogicGate' <Latency = 0> <II = 1> <Delay = 0.97> <FuncUnit> <Opcode : 'and' 'or' 'xor'> <InPorts = 2> <OutPorts = 1>
ST_6 : Operation 147 [1/1] (0.97ns) (out node of the LUT)   --->   "%select_ln107 = select i1 %and_ln107, i32 %conv2_output_load, i32 0" [../member_c_conv_hls/src/lenet_conv.cpp:107]   --->   Operation 147 'select' 'select_ln107' <Predicate = true> <Delay = 0.97> <CoreInst = "Sel">   --->   Core 73 'Sel' <Latency = 0> <II = 1> <Delay = 0.69> <FuncUnit> <Opcode : 'select'> <InPorts = 3> <OutPorts = 1>

State 7 <SV = 6> <Delay = 5.43>
ST_7 : Operation 148 [2/2] (5.43ns)   --->   "%tmp_8 = fcmp_ogt  i32 %conv2_output_load_1, i32 %select_ln107" [../member_c_conv_hls/src/lenet_conv.cpp:107]   --->   Operation 148 'fcmp' 'tmp_8' <Predicate = true> <Delay = 5.43> <CoreInst = "FCompare">   --->   Core 19 'FCompare' <Latency = 1> <II = 1> <Delay = 5.43> <FuncUnit> <Opcode : 'fcmp'> <InPorts = 2> <OutPorts = 1>

State 8 <SV = 7> <Delay = 7.10>
ST_8 : Operation 149 [1/1] (0.00ns)   --->   "%bitcast_ln107_1 = bitcast i32 %conv2_output_load_1" [../member_c_conv_hls/src/lenet_conv.cpp:107]   --->   Operation 149 'bitcast' 'bitcast_ln107_1' <Predicate = true> <Delay = 0.00>
ST_8 : Operation 150 [1/1] (0.00ns)   --->   "%tmp_6 = partselect i8 @_ssdm_op_PartSelect.i8.i32.i32.i32, i32 %bitcast_ln107_1, i32 23, i32 30" [../member_c_conv_hls/src/lenet_conv.cpp:107]   --->   Operation 150 'partselect' 'tmp_6' <Predicate = true> <Delay = 0.00>
ST_8 : Operation 151 [1/1] (0.00ns)   --->   "%trunc_ln107_1 = trunc i32 %bitcast_ln107_1" [../member_c_conv_hls/src/lenet_conv.cpp:107]   --->   Operation 151 'trunc' 'trunc_ln107_1' <Predicate = true> <Delay = 0.00>
ST_8 : Operation 152 [1/1] (0.00ns)   --->   "%bitcast_ln107_2 = bitcast i32 %select_ln107" [../member_c_conv_hls/src/lenet_conv.cpp:107]   --->   Operation 152 'bitcast' 'bitcast_ln107_2' <Predicate = true> <Delay = 0.00>
ST_8 : Operation 153 [1/1] (0.00ns)   --->   "%tmp_7 = partselect i8 @_ssdm_op_PartSelect.i8.i32.i32.i32, i32 %bitcast_ln107_2, i32 23, i32 30" [../member_c_conv_hls/src/lenet_conv.cpp:107]   --->   Operation 153 'partselect' 'tmp_7' <Predicate = true> <Delay = 0.00>
ST_8 : Operation 154 [1/1] (0.00ns)   --->   "%trunc_ln107_2 = trunc i32 %bitcast_ln107_2" [../member_c_conv_hls/src/lenet_conv.cpp:107]   --->   Operation 154 'trunc' 'trunc_ln107_2' <Predicate = true> <Delay = 0.00>
ST_8 : Operation 155 [1/1] (1.55ns)   --->   "%icmp_ln107_2 = icmp_ne  i8 %tmp_6, i8 255" [../member_c_conv_hls/src/lenet_conv.cpp:107]   --->   Operation 155 'icmp' 'icmp_ln107_2' <Predicate = true> <Delay = 1.55> <CoreInst = "Cmp">   --->   Core 9 'Cmp' <Latency = 0> <II = 1> <Delay = 1.55> <FuncUnit> <Opcode : 'icmp'> <InPorts = 2> <OutPorts = 1>
ST_8 : Operation 156 [1/1] (2.44ns)   --->   "%icmp_ln107_3 = icmp_eq  i23 %trunc_ln107_1, i23 0" [../member_c_conv_hls/src/lenet_conv.cpp:107]   --->   Operation 156 'icmp' 'icmp_ln107_3' <Predicate = true> <Delay = 2.44> <CoreInst = "Cmp">   --->   Core 9 'Cmp' <Latency = 0> <II = 1> <Delay = 2.44> <FuncUnit> <Opcode : 'icmp'> <InPorts = 2> <OutPorts = 1>
ST_8 : Operation 157 [1/1] (0.00ns) (grouped into LUT with out node and_ln107_2)   --->   "%or_ln107_1 = or i1 %icmp_ln107_3, i1 %icmp_ln107_2" [../member_c_conv_hls/src/lenet_conv.cpp:107]   --->   Operation 157 'or' 'or_ln107_1' <Predicate = true> <Delay = 0.00> <CoreInst = "LogicGate">   --->   Core 74 'LogicGate' <Latency = 0> <II = 1> <Delay = 0.97> <FuncUnit> <Opcode : 'and' 'or' 'xor'> <InPorts = 2> <OutPorts = 1>
ST_8 : Operation 158 [1/1] (1.55ns)   --->   "%icmp_ln107_4 = icmp_ne  i8 %tmp_7, i8 255" [../member_c_conv_hls/src/lenet_conv.cpp:107]   --->   Operation 158 'icmp' 'icmp_ln107_4' <Predicate = true> <Delay = 1.55> <CoreInst = "Cmp">   --->   Core 9 'Cmp' <Latency = 0> <II = 1> <Delay = 1.55> <FuncUnit> <Opcode : 'icmp'> <InPorts = 2> <OutPorts = 1>
ST_8 : Operation 159 [1/1] (2.44ns)   --->   "%icmp_ln107_5 = icmp_eq  i23 %trunc_ln107_2, i23 0" [../member_c_conv_hls/src/lenet_conv.cpp:107]   --->   Operation 159 'icmp' 'icmp_ln107_5' <Predicate = true> <Delay = 2.44> <CoreInst = "Cmp">   --->   Core 9 'Cmp' <Latency = 0> <II = 1> <Delay = 2.44> <FuncUnit> <Opcode : 'icmp'> <InPorts = 2> <OutPorts = 1>
ST_8 : Operation 160 [1/1] (0.00ns) (grouped into LUT with out node and_ln107_2)   --->   "%or_ln107_2 = or i1 %icmp_ln107_5, i1 %icmp_ln107_4" [../member_c_conv_hls/src/lenet_conv.cpp:107]   --->   Operation 160 'or' 'or_ln107_2' <Predicate = true> <Delay = 0.00> <CoreInst = "LogicGate">   --->   Core 74 'LogicGate' <Latency = 0> <II = 1> <Delay = 0.97> <FuncUnit> <Opcode : 'and' 'or' 'xor'> <InPorts = 2> <OutPorts = 1>
ST_8 : Operation 161 [1/1] (0.00ns) (grouped into LUT with out node and_ln107_2)   --->   "%and_ln107_1 = and i1 %or_ln107_1, i1 %or_ln107_2" [../member_c_conv_hls/src/lenet_conv.cpp:107]   --->   Operation 161 'and' 'and_ln107_1' <Predicate = true> <Delay = 0.00> <CoreInst = "LogicGate">   --->   Core 74 'LogicGate' <Latency = 0> <II = 1> <Delay = 0.97> <FuncUnit> <Opcode : 'and' 'or' 'xor'> <InPorts = 2> <OutPorts = 1>
ST_8 : Operation 162 [1/2] (5.43ns)   --->   "%tmp_8 = fcmp_ogt  i32 %conv2_output_load_1, i32 %select_ln107" [../member_c_conv_hls/src/lenet_conv.cpp:107]   --->   Operation 162 'fcmp' 'tmp_8' <Predicate = true> <Delay = 5.43> <CoreInst = "FCompare">   --->   Core 19 'FCompare' <Latency = 1> <II = 1> <Delay = 5.43> <FuncUnit> <Opcode : 'fcmp'> <InPorts = 2> <OutPorts = 1>
ST_8 : Operation 163 [1/1] (0.97ns) (out node of the LUT)   --->   "%and_ln107_2 = and i1 %and_ln107_1, i1 %tmp_8" [../member_c_conv_hls/src/lenet_conv.cpp:107]   --->   Operation 163 'and' 'and_ln107_2' <Predicate = true> <Delay = 0.97> <CoreInst = "LogicGate">   --->   Core 74 'LogicGate' <Latency = 0> <II = 1> <Delay = 0.97> <FuncUnit> <Opcode : 'and' 'or' 'xor'> <InPorts = 2> <OutPorts = 1>
ST_8 : Operation 164 [1/1] (0.69ns) (out node of the LUT)   --->   "%select_ln107_1 = select i1 %and_ln107_2, i32 %conv2_output_load_1, i32 %select_ln107" [../member_c_conv_hls/src/lenet_conv.cpp:107]   --->   Operation 164 'select' 'select_ln107_1' <Predicate = true> <Delay = 0.69> <CoreInst = "Sel">   --->   Core 73 'Sel' <Latency = 0> <II = 1> <Delay = 0.69> <FuncUnit> <Opcode : 'select'> <InPorts = 3> <OutPorts = 1>

State 9 <SV = 8> <Delay = 5.43>
ST_9 : Operation 165 [2/2] (5.43ns)   --->   "%tmp_11 = fcmp_ogt  i32 %conv2_output_load_2, i32 %select_ln107_1" [../member_c_conv_hls/src/lenet_conv.cpp:107]   --->   Operation 165 'fcmp' 'tmp_11' <Predicate = true> <Delay = 5.43> <CoreInst = "FCompare">   --->   Core 19 'FCompare' <Latency = 1> <II = 1> <Delay = 5.43> <FuncUnit> <Opcode : 'fcmp'> <InPorts = 2> <OutPorts = 1>

State 10 <SV = 9> <Delay = 7.10>
ST_10 : Operation 166 [1/1] (0.00ns)   --->   "%bitcast_ln107_3 = bitcast i32 %conv2_output_load_2" [../member_c_conv_hls/src/lenet_conv.cpp:107]   --->   Operation 166 'bitcast' 'bitcast_ln107_3' <Predicate = true> <Delay = 0.00>
ST_10 : Operation 167 [1/1] (0.00ns)   --->   "%tmp_9 = partselect i8 @_ssdm_op_PartSelect.i8.i32.i32.i32, i32 %bitcast_ln107_3, i32 23, i32 30" [../member_c_conv_hls/src/lenet_conv.cpp:107]   --->   Operation 167 'partselect' 'tmp_9' <Predicate = true> <Delay = 0.00>
ST_10 : Operation 168 [1/1] (0.00ns)   --->   "%trunc_ln107_3 = trunc i32 %bitcast_ln107_3" [../member_c_conv_hls/src/lenet_conv.cpp:107]   --->   Operation 168 'trunc' 'trunc_ln107_3' <Predicate = true> <Delay = 0.00>
ST_10 : Operation 169 [1/1] (0.00ns)   --->   "%bitcast_ln107_4 = bitcast i32 %select_ln107_1" [../member_c_conv_hls/src/lenet_conv.cpp:107]   --->   Operation 169 'bitcast' 'bitcast_ln107_4' <Predicate = true> <Delay = 0.00>
ST_10 : Operation 170 [1/1] (0.00ns)   --->   "%tmp_10 = partselect i8 @_ssdm_op_PartSelect.i8.i32.i32.i32, i32 %bitcast_ln107_4, i32 23, i32 30" [../member_c_conv_hls/src/lenet_conv.cpp:107]   --->   Operation 170 'partselect' 'tmp_10' <Predicate = true> <Delay = 0.00>
ST_10 : Operation 171 [1/1] (0.00ns)   --->   "%trunc_ln107_4 = trunc i32 %bitcast_ln107_4" [../member_c_conv_hls/src/lenet_conv.cpp:107]   --->   Operation 171 'trunc' 'trunc_ln107_4' <Predicate = true> <Delay = 0.00>
ST_10 : Operation 172 [1/1] (1.55ns)   --->   "%icmp_ln107_6 = icmp_ne  i8 %tmp_9, i8 255" [../member_c_conv_hls/src/lenet_conv.cpp:107]   --->   Operation 172 'icmp' 'icmp_ln107_6' <Predicate = true> <Delay = 1.55> <CoreInst = "Cmp">   --->   Core 9 'Cmp' <Latency = 0> <II = 1> <Delay = 1.55> <FuncUnit> <Opcode : 'icmp'> <InPorts = 2> <OutPorts = 1>
ST_10 : Operation 173 [1/1] (2.44ns)   --->   "%icmp_ln107_7 = icmp_eq  i23 %trunc_ln107_3, i23 0" [../member_c_conv_hls/src/lenet_conv.cpp:107]   --->   Operation 173 'icmp' 'icmp_ln107_7' <Predicate = true> <Delay = 2.44> <CoreInst = "Cmp">   --->   Core 9 'Cmp' <Latency = 0> <II = 1> <Delay = 2.44> <FuncUnit> <Opcode : 'icmp'> <InPorts = 2> <OutPorts = 1>
ST_10 : Operation 174 [1/1] (0.00ns) (grouped into LUT with out node and_ln107_4)   --->   "%or_ln107_3 = or i1 %icmp_ln107_7, i1 %icmp_ln107_6" [../member_c_conv_hls/src/lenet_conv.cpp:107]   --->   Operation 174 'or' 'or_ln107_3' <Predicate = true> <Delay = 0.00> <CoreInst = "LogicGate">   --->   Core 74 'LogicGate' <Latency = 0> <II = 1> <Delay = 0.97> <FuncUnit> <Opcode : 'and' 'or' 'xor'> <InPorts = 2> <OutPorts = 1>
ST_10 : Operation 175 [1/1] (1.55ns)   --->   "%icmp_ln107_8 = icmp_ne  i8 %tmp_10, i8 255" [../member_c_conv_hls/src/lenet_conv.cpp:107]   --->   Operation 175 'icmp' 'icmp_ln107_8' <Predicate = true> <Delay = 1.55> <CoreInst = "Cmp">   --->   Core 9 'Cmp' <Latency = 0> <II = 1> <Delay = 1.55> <FuncUnit> <Opcode : 'icmp'> <InPorts = 2> <OutPorts = 1>
ST_10 : Operation 176 [1/1] (2.44ns)   --->   "%icmp_ln107_9 = icmp_eq  i23 %trunc_ln107_4, i23 0" [../member_c_conv_hls/src/lenet_conv.cpp:107]   --->   Operation 176 'icmp' 'icmp_ln107_9' <Predicate = true> <Delay = 2.44> <CoreInst = "Cmp">   --->   Core 9 'Cmp' <Latency = 0> <II = 1> <Delay = 2.44> <FuncUnit> <Opcode : 'icmp'> <InPorts = 2> <OutPorts = 1>
ST_10 : Operation 177 [1/1] (0.00ns) (grouped into LUT with out node and_ln107_4)   --->   "%or_ln107_4 = or i1 %icmp_ln107_9, i1 %icmp_ln107_8" [../member_c_conv_hls/src/lenet_conv.cpp:107]   --->   Operation 177 'or' 'or_ln107_4' <Predicate = true> <Delay = 0.00> <CoreInst = "LogicGate">   --->   Core 74 'LogicGate' <Latency = 0> <II = 1> <Delay = 0.97> <FuncUnit> <Opcode : 'and' 'or' 'xor'> <InPorts = 2> <OutPorts = 1>
ST_10 : Operation 178 [1/1] (0.00ns) (grouped into LUT with out node and_ln107_4)   --->   "%and_ln107_3 = and i1 %or_ln107_3, i1 %or_ln107_4" [../member_c_conv_hls/src/lenet_conv.cpp:107]   --->   Operation 178 'and' 'and_ln107_3' <Predicate = true> <Delay = 0.00> <CoreInst = "LogicGate">   --->   Core 74 'LogicGate' <Latency = 0> <II = 1> <Delay = 0.97> <FuncUnit> <Opcode : 'and' 'or' 'xor'> <InPorts = 2> <OutPorts = 1>
ST_10 : Operation 179 [1/2] (5.43ns)   --->   "%tmp_11 = fcmp_ogt  i32 %conv2_output_load_2, i32 %select_ln107_1" [../member_c_conv_hls/src/lenet_conv.cpp:107]   --->   Operation 179 'fcmp' 'tmp_11' <Predicate = true> <Delay = 5.43> <CoreInst = "FCompare">   --->   Core 19 'FCompare' <Latency = 1> <II = 1> <Delay = 5.43> <FuncUnit> <Opcode : 'fcmp'> <InPorts = 2> <OutPorts = 1>
ST_10 : Operation 180 [1/1] (0.97ns) (out node of the LUT)   --->   "%and_ln107_4 = and i1 %and_ln107_3, i1 %tmp_11" [../member_c_conv_hls/src/lenet_conv.cpp:107]   --->   Operation 180 'and' 'and_ln107_4' <Predicate = true> <Delay = 0.97> <CoreInst = "LogicGate">   --->   Core 74 'LogicGate' <Latency = 0> <II = 1> <Delay = 0.97> <FuncUnit> <Opcode : 'and' 'or' 'xor'> <InPorts = 2> <OutPorts = 1>
ST_10 : Operation 181 [1/1] (0.69ns) (out node of the LUT)   --->   "%select_ln107_2 = select i1 %and_ln107_4, i32 %conv2_output_load_2, i32 %select_ln107_1" [../member_c_conv_hls/src/lenet_conv.cpp:107]   --->   Operation 181 'select' 'select_ln107_2' <Predicate = true> <Delay = 0.69> <CoreInst = "Sel">   --->   Core 73 'Sel' <Latency = 0> <II = 1> <Delay = 0.69> <FuncUnit> <Opcode : 'select'> <InPorts = 3> <OutPorts = 1>

State 11 <SV = 10> <Delay = 5.43>
ST_11 : Operation 182 [2/2] (5.43ns)   --->   "%tmp_14 = fcmp_ogt  i32 %conv2_output_load_3, i32 %select_ln107_2" [../member_c_conv_hls/src/lenet_conv.cpp:107]   --->   Operation 182 'fcmp' 'tmp_14' <Predicate = true> <Delay = 5.43> <CoreInst = "FCompare">   --->   Core 19 'FCompare' <Latency = 1> <II = 1> <Delay = 5.43> <FuncUnit> <Opcode : 'fcmp'> <InPorts = 2> <OutPorts = 1>

State 12 <SV = 11> <Delay = 7.10>
ST_12 : Operation 183 [1/1] (0.00ns)   --->   "%bitcast_ln107_5 = bitcast i32 %conv2_output_load_3" [../member_c_conv_hls/src/lenet_conv.cpp:107]   --->   Operation 183 'bitcast' 'bitcast_ln107_5' <Predicate = true> <Delay = 0.00>
ST_12 : Operation 184 [1/1] (0.00ns)   --->   "%tmp_12 = partselect i8 @_ssdm_op_PartSelect.i8.i32.i32.i32, i32 %bitcast_ln107_5, i32 23, i32 30" [../member_c_conv_hls/src/lenet_conv.cpp:107]   --->   Operation 184 'partselect' 'tmp_12' <Predicate = true> <Delay = 0.00>
ST_12 : Operation 185 [1/1] (0.00ns)   --->   "%trunc_ln107_5 = trunc i32 %bitcast_ln107_5" [../member_c_conv_hls/src/lenet_conv.cpp:107]   --->   Operation 185 'trunc' 'trunc_ln107_5' <Predicate = true> <Delay = 0.00>
ST_12 : Operation 186 [1/1] (0.00ns)   --->   "%bitcast_ln107_6 = bitcast i32 %select_ln107_2" [../member_c_conv_hls/src/lenet_conv.cpp:107]   --->   Operation 186 'bitcast' 'bitcast_ln107_6' <Predicate = true> <Delay = 0.00>
ST_12 : Operation 187 [1/1] (0.00ns)   --->   "%tmp_13 = partselect i8 @_ssdm_op_PartSelect.i8.i32.i32.i32, i32 %bitcast_ln107_6, i32 23, i32 30" [../member_c_conv_hls/src/lenet_conv.cpp:107]   --->   Operation 187 'partselect' 'tmp_13' <Predicate = true> <Delay = 0.00>
ST_12 : Operation 188 [1/1] (0.00ns)   --->   "%trunc_ln107_6 = trunc i32 %bitcast_ln107_6" [../member_c_conv_hls/src/lenet_conv.cpp:107]   --->   Operation 188 'trunc' 'trunc_ln107_6' <Predicate = true> <Delay = 0.00>
ST_12 : Operation 189 [1/1] (1.55ns)   --->   "%icmp_ln107_10 = icmp_ne  i8 %tmp_12, i8 255" [../member_c_conv_hls/src/lenet_conv.cpp:107]   --->   Operation 189 'icmp' 'icmp_ln107_10' <Predicate = true> <Delay = 1.55> <CoreInst = "Cmp">   --->   Core 9 'Cmp' <Latency = 0> <II = 1> <Delay = 1.55> <FuncUnit> <Opcode : 'icmp'> <InPorts = 2> <OutPorts = 1>
ST_12 : Operation 190 [1/1] (2.44ns)   --->   "%icmp_ln107_11 = icmp_eq  i23 %trunc_ln107_5, i23 0" [../member_c_conv_hls/src/lenet_conv.cpp:107]   --->   Operation 190 'icmp' 'icmp_ln107_11' <Predicate = true> <Delay = 2.44> <CoreInst = "Cmp">   --->   Core 9 'Cmp' <Latency = 0> <II = 1> <Delay = 2.44> <FuncUnit> <Opcode : 'icmp'> <InPorts = 2> <OutPorts = 1>
ST_12 : Operation 191 [1/1] (0.00ns) (grouped into LUT with out node and_ln107_6)   --->   "%or_ln107_5 = or i1 %icmp_ln107_11, i1 %icmp_ln107_10" [../member_c_conv_hls/src/lenet_conv.cpp:107]   --->   Operation 191 'or' 'or_ln107_5' <Predicate = true> <Delay = 0.00> <CoreInst = "LogicGate">   --->   Core 74 'LogicGate' <Latency = 0> <II = 1> <Delay = 0.97> <FuncUnit> <Opcode : 'and' 'or' 'xor'> <InPorts = 2> <OutPorts = 1>
ST_12 : Operation 192 [1/1] (1.55ns)   --->   "%icmp_ln107_12 = icmp_ne  i8 %tmp_13, i8 255" [../member_c_conv_hls/src/lenet_conv.cpp:107]   --->   Operation 192 'icmp' 'icmp_ln107_12' <Predicate = true> <Delay = 1.55> <CoreInst = "Cmp">   --->   Core 9 'Cmp' <Latency = 0> <II = 1> <Delay = 1.55> <FuncUnit> <Opcode : 'icmp'> <InPorts = 2> <OutPorts = 1>
ST_12 : Operation 193 [1/1] (2.44ns)   --->   "%icmp_ln107_13 = icmp_eq  i23 %trunc_ln107_6, i23 0" [../member_c_conv_hls/src/lenet_conv.cpp:107]   --->   Operation 193 'icmp' 'icmp_ln107_13' <Predicate = true> <Delay = 2.44> <CoreInst = "Cmp">   --->   Core 9 'Cmp' <Latency = 0> <II = 1> <Delay = 2.44> <FuncUnit> <Opcode : 'icmp'> <InPorts = 2> <OutPorts = 1>
ST_12 : Operation 194 [1/1] (0.00ns) (grouped into LUT with out node and_ln107_6)   --->   "%or_ln107_6 = or i1 %icmp_ln107_13, i1 %icmp_ln107_12" [../member_c_conv_hls/src/lenet_conv.cpp:107]   --->   Operation 194 'or' 'or_ln107_6' <Predicate = true> <Delay = 0.00> <CoreInst = "LogicGate">   --->   Core 74 'LogicGate' <Latency = 0> <II = 1> <Delay = 0.97> <FuncUnit> <Opcode : 'and' 'or' 'xor'> <InPorts = 2> <OutPorts = 1>
ST_12 : Operation 195 [1/1] (0.00ns) (grouped into LUT with out node and_ln107_6)   --->   "%and_ln107_5 = and i1 %or_ln107_5, i1 %or_ln107_6" [../member_c_conv_hls/src/lenet_conv.cpp:107]   --->   Operation 195 'and' 'and_ln107_5' <Predicate = true> <Delay = 0.00> <CoreInst = "LogicGate">   --->   Core 74 'LogicGate' <Latency = 0> <II = 1> <Delay = 0.97> <FuncUnit> <Opcode : 'and' 'or' 'xor'> <InPorts = 2> <OutPorts = 1>
ST_12 : Operation 196 [1/2] (5.43ns)   --->   "%tmp_14 = fcmp_ogt  i32 %conv2_output_load_3, i32 %select_ln107_2" [../member_c_conv_hls/src/lenet_conv.cpp:107]   --->   Operation 196 'fcmp' 'tmp_14' <Predicate = true> <Delay = 5.43> <CoreInst = "FCompare">   --->   Core 19 'FCompare' <Latency = 1> <II = 1> <Delay = 5.43> <FuncUnit> <Opcode : 'fcmp'> <InPorts = 2> <OutPorts = 1>
ST_12 : Operation 197 [1/1] (0.97ns) (out node of the LUT)   --->   "%and_ln107_6 = and i1 %and_ln107_5, i1 %tmp_14" [../member_c_conv_hls/src/lenet_conv.cpp:107]   --->   Operation 197 'and' 'and_ln107_6' <Predicate = true> <Delay = 0.97> <CoreInst = "LogicGate">   --->   Core 74 'LogicGate' <Latency = 0> <II = 1> <Delay = 0.97> <FuncUnit> <Opcode : 'and' 'or' 'xor'> <InPorts = 2> <OutPorts = 1>
ST_12 : Operation 198 [1/1] (0.69ns) (out node of the LUT)   --->   "%select_ln107_3 = select i1 %and_ln107_6, i32 %conv2_output_load_3, i32 %select_ln107_2" [../member_c_conv_hls/src/lenet_conv.cpp:107]   --->   Operation 198 'select' 'select_ln107_3' <Predicate = true> <Delay = 0.69> <CoreInst = "Sel">   --->   Core 73 'Sel' <Latency = 0> <II = 1> <Delay = 0.69> <FuncUnit> <Opcode : 'select'> <InPorts = 3> <OutPorts = 1>
ST_12 : Operation 209 [1/1] (0.00ns)   --->   "%ret_ln0 = ret"   --->   Operation 209 'ret' 'ret_ln0' <Predicate = (icmp_ln91)> <Delay = 0.00>

State 13 <SV = 12> <Delay = 3.25>
ST_13 : Operation 199 [1/1] (0.00ns)   --->   "%specloopname_ln0 = specloopname void @_ssdm_op_SpecLoopName, void @POOL_CHANNEL_POOL_ROW_POOL_COL_str"   --->   Operation 199 'specloopname' 'specloopname_ln0' <Predicate = true> <Delay = 0.00>
ST_13 : Operation 200 [1/1] (0.00ns)   --->   "%empty_32 = speclooptripcount i32 @_ssdm_op_SpecLoopTripCount, i64 400, i64 400, i64 400"   --->   Operation 200 'speclooptripcount' 'empty_32' <Predicate = true> <Delay = 0.00>
ST_13 : Operation 201 [1/1] (0.00ns)   --->   "%specpipeline_ln0 = specpipeline void @_ssdm_op_SpecPipeline, i32 4294967295, i32 0, i32 1, i32 0, void @p_str"   --->   Operation 201 'specpipeline' 'specpipeline_ln0' <Predicate = true> <Delay = 0.00>
ST_13 : Operation 202 [1/1] (0.00ns)   --->   "%specloopname_ln0 = specloopname void @_ssdm_op_SpecLoopName, void @POOL_ROW_POOL_COL_str"   --->   Operation 202 'specloopname' 'specloopname_ln0' <Predicate = true> <Delay = 0.00>
ST_13 : Operation 203 [1/1] (0.00ns)   --->   "%specpipeline_ln0 = specpipeline void @_ssdm_op_SpecPipeline, i32 4294967295, i32 0, i32 1, i32 0, void @p_str"   --->   Operation 203 'specpipeline' 'specpipeline_ln0' <Predicate = true> <Delay = 0.00>
ST_13 : Operation 204 [1/1] (0.00ns)   --->   "%specloopname_ln96 = specloopname void @_ssdm_op_SpecLoopName, void @empty_20" [../member_c_conv_hls/src/lenet_conv.cpp:96]   --->   Operation 204 'specloopname' 'specloopname_ln96' <Predicate = true> <Delay = 0.00>
ST_13 : Operation 205 [1/1] (0.00ns)   --->   "%zext_ln115 = zext i9 %add_ln114_1" [../member_c_conv_hls/src/lenet_conv.cpp:115]   --->   Operation 205 'zext' 'zext_ln115' <Predicate = true> <Delay = 0.00>
ST_13 : Operation 206 [1/1] (0.00ns)   --->   "%pool2_output_addr = getelementptr i32 %pool2_output, i64 0, i64 %zext_ln115" [../member_c_conv_hls/src/lenet_conv.cpp:115]   --->   Operation 206 'getelementptr' 'pool2_output_addr' <Predicate = true> <Delay = 0.00>
ST_13 : Operation 207 [1/1] (3.25ns)   --->   "%store_ln115 = store i32 %select_ln107_3, i9 %pool2_output_addr" [../member_c_conv_hls/src/lenet_conv.cpp:115]   --->   Operation 207 'store' 'store_ln115' <Predicate = true> <Delay = 3.25> <CoreInst = "RAM_1WnR">   --->   Core 83 'RAM_1WnR' <Latency = 1> <II = 1> <Delay = 3.25> <Storage> <Opcode : 'load' 'store'> <Ports = 17> <Width = 32> <Depth = 400> <RAM>
ST_13 : Operation 208 [1/1] (0.00ns)   --->   "%br_ln95 = br void %POOL_KERNEL_ROW.i81" [../member_c_conv_hls/src/lenet_conv.cpp:95]   --->   Operation 208 'br' 'br_ln95' <Predicate = true> <Delay = 0.00>


============================================================
+ Verbose Summary: Binding
============================================================
STG Binding: 
---------------- STG Properties BEGIN ----------------
- Is combinational: 0
- Is one-state seq: 0
- Is datapath-only: 0
- Is pipelined: 0
- Is top level: 0
Port [ Return ] is wired: 1; IO mode=ap_ctrl_hs:ce=0
Port [ conv2_output]:  wired=1; compound=1; hidden=0; nouse=0; global=0; static=0; extern=0; dir=0; type=1; pingpong=0; private_global=0; MemPort=[11113333333333333]; IO mode=ap_memory:ce=0
Port [ pool2_output]:  wired=1; compound=1; hidden=0; nouse=0; global=0; static=0; extern=0; dir=1; type=1; pingpong=0; private_global=0; MemPort=[03333333333333333]; IO mode=ap_memory:ce=0
---------------- STG Properties END ------------------

---------------- Datapath Model BEGIN ----------------

<LifeTime>
<method=bitvector/>
output_col             (alloca           ) [ 01000000000000]
output_row             (alloca           ) [ 01000000000000]
indvar_flatten127      (alloca           ) [ 01000000000000]
channel                (alloca           ) [ 01100000000000]
indvar_flatten183      (alloca           ) [ 01000000000000]
store_ln0              (store            ) [ 00000000000000]
store_ln0              (store            ) [ 00000000000000]
store_ln0              (store            ) [ 00000000000000]
store_ln0              (store            ) [ 00000000000000]
store_ln0              (store            ) [ 00000000000000]
br_ln0                 (br               ) [ 00000000000000]
output_row_1           (load             ) [ 01100000000000]
indvar_flatten183_load (load             ) [ 00000000000000]
icmp_ln91              (icmp             ) [ 01111111111110]
add_ln91_1             (add              ) [ 00000000000000]
br_ln91                (br               ) [ 00000000000000]
output_col_load        (load             ) [ 00000000000000]
indvar_flatten127_load (load             ) [ 00000000000000]
icmp_ln93              (icmp             ) [ 01110000000000]
select_ln91            (select           ) [ 00000000000000]
xor_ln91               (xor              ) [ 00000000000000]
icmp_ln95              (icmp             ) [ 00000000000000]
and_ln91               (and              ) [ 01110000000000]
add_ln93               (add              ) [ 01100000000000]
or_ln93                (or               ) [ 00000000000000]
select_ln93            (select           ) [ 01110000000000]
select_ln93_3          (select           ) [ 00000000000000]
add_ln95               (add              ) [ 00000000000000]
add_ln93_1             (add              ) [ 00000000000000]
select_ln93_4          (select           ) [ 00000000000000]
store_ln95             (store            ) [ 00000000000000]
store_ln95             (store            ) [ 00000000000000]
store_ln95             (store            ) [ 00000000000000]
store_ln95             (store            ) [ 00000000000000]
channel_1              (load             ) [ 00000000000000]
empty                  (trunc            ) [ 01010000000000]
p_shl                  (bitconcatenate   ) [ 00000000000000]
p_shl25_cast           (zext             ) [ 00000000000000]
empty_29               (shl              ) [ 00000000000000]
p_shl26_cast           (zext             ) [ 00000000000000]
zext_ln93_1            (zext             ) [ 00000000000000]
tmp_s                  (bitconcatenate   ) [ 00000000000000]
p_cast38               (zext             ) [ 00000000000000]
tmp3                   (add              ) [ 01010000000000]
tmp4                   (add              ) [ 00000000000000]
tmp4_cast              (zext             ) [ 00000000000000]
empty_31               (add              ) [ 00000000000000]
add_ln91               (add              ) [ 01010000000000]
empty_33               (trunc            ) [ 01010000000000]
p_shl25_mid1           (bitconcatenate   ) [ 00000000000000]
p_shl25_cast_mid1      (zext             ) [ 00000000000000]
select_ln91_1          (select           ) [ 00000000000000]
zext_ln91_1            (zext             ) [ 00000000000000]
empty_34               (shl              ) [ 00000000000000]
select_ln91_2          (select           ) [ 00000000000000]
zext_ln91_2            (zext             ) [ 00000000000000]
tmp4_cast_mid1157      (zext             ) [ 00000000000000]
p_mid1159              (add              ) [ 00000000000000]
select_ln91_5          (select           ) [ 00000000000000]
select_ln91_6          (select           ) [ 00000000000000]
zext_ln93_3            (zext             ) [ 00000000000000]
p_mid2                 (bitconcatenate   ) [ 00000000000000]
p_cast38_mid1          (zext             ) [ 00000000000000]
tmp3_mid1              (add              ) [ 01010000000000]
tmp4_mid1              (add              ) [ 00000000000000]
tmp4_cast_mid1         (zext             ) [ 00000000000000]
p_mid1123              (add              ) [ 00000000000000]
select_ln93_2          (select           ) [ 01010000000000]
store_ln95             (store            ) [ 00000000000000]
p_shl1                 (bitconcatenate   ) [ 00000000000000]
zext_ln93              (zext             ) [ 00000000000000]
tmp3_cast              (zext             ) [ 00000000000000]
empty_30               (add              ) [ 00000000000000]
specpipeline_ln0       (specpipeline     ) [ 00000000000000]
zext_ln91              (zext             ) [ 00000000000000]
p_shl24_mid1           (bitconcatenate   ) [ 00000000000000]
zext_ln93_2            (zext             ) [ 00000000000000]
select_ln91_3          (select           ) [ 00000000000000]
zext_ln91_3            (zext             ) [ 00000000000000]
p_mid1149              (add              ) [ 00000000000000]
select_ln91_4          (select           ) [ 00000000000000]
tmp3_cast_mid1         (zext             ) [ 00000000000000]
p_mid1121              (add              ) [ 00000000000000]
select_ln93_1          (select           ) [ 00000000000000]
p_shl27_mid2           (bitconcatenate   ) [ 00000000000000]
p_shl28_0_mid2         (bitconcatenate   ) [ 00000000000000]
p_shl29_0_mid2         (bitconcatenate   ) [ 00000000000000]
or_ln93_1              (or               ) [ 00000000000000]
p_shl28_1_mid2         (bitconcatenate   ) [ 00000000000000]
zext_ln95_mid2_v       (bitconcatenate   ) [ 00000000000000]
zext_ln93_4            (zext             ) [ 00000000000000]
output_col_2_cast51    (zext             ) [ 00000000000000]
tmp_3                  (bitconcatenate   ) [ 00000000000000]
zext_ln105             (zext             ) [ 00000000000000]
zext_ln105_1           (zext             ) [ 00000000000000]
add_ln105              (add              ) [ 00000000000000]
zext_ln105_2           (zext             ) [ 00000000000000]
add_ln105_1            (add              ) [ 00000000000000]
zext_ln106             (zext             ) [ 00000000000000]
conv2_output_addr      (getelementptr    ) [ 01001000000000]
or_ln105               (or               ) [ 00000000000000]
zext_ln106_1           (zext             ) [ 00000000000000]
conv2_output_addr_1    (getelementptr    ) [ 01001000000000]
add_ln105_2            (add              ) [ 00000000000000]
zext_ln105_3           (zext             ) [ 00000000000000]
add_ln105_3            (add              ) [ 00000000000000]
zext_ln106_2           (zext             ) [ 00000000000000]
conv2_output_addr_2    (getelementptr    ) [ 01001000000000]
or_ln105_1             (or               ) [ 00000000000000]
zext_ln106_3           (zext             ) [ 00000000000000]
conv2_output_addr_3    (getelementptr    ) [ 01001000000000]
add_ln114              (add              ) [ 00000000000000]
zext_ln114             (zext             ) [ 00000000000000]
add_ln114_1            (add              ) [ 01001111111111]
conv2_output_load      (load             ) [ 01000110000000]
conv2_output_load_1    (load             ) [ 01000111100000]
conv2_output_load_2    (load             ) [ 01000111111000]
conv2_output_load_3    (load             ) [ 01000111111110]
bitcast_ln107          (bitcast          ) [ 00000000000000]
tmp_4                  (partselect       ) [ 00000000000000]
trunc_ln107            (trunc            ) [ 00000000000000]
icmp_ln107             (icmp             ) [ 00000000000000]
icmp_ln107_1           (icmp             ) [ 00000000000000]
or_ln107               (or               ) [ 00000000000000]
tmp_5                  (fcmp             ) [ 00000000000000]
and_ln107              (and              ) [ 00000000000000]
select_ln107           (select           ) [ 01000001100000]
bitcast_ln107_1        (bitcast          ) [ 00000000000000]
tmp_6                  (partselect       ) [ 00000000000000]
trunc_ln107_1          (trunc            ) [ 00000000000000]
bitcast_ln107_2        (bitcast          ) [ 00000000000000]
tmp_7                  (partselect       ) [ 00000000000000]
trunc_ln107_2          (trunc            ) [ 00000000000000]
icmp_ln107_2           (icmp             ) [ 00000000000000]
icmp_ln107_3           (icmp             ) [ 00000000000000]
or_ln107_1             (or               ) [ 00000000000000]
icmp_ln107_4           (icmp             ) [ 00000000000000]
icmp_ln107_5           (icmp             ) [ 00000000000000]
or_ln107_2             (or               ) [ 00000000000000]
and_ln107_1            (and              ) [ 00000000000000]
tmp_8                  (fcmp             ) [ 00000000000000]
and_ln107_2            (and              ) [ 00000000000000]
select_ln107_1         (select           ) [ 01000000011000]
bitcast_ln107_3        (bitcast          ) [ 00000000000000]
tmp_9                  (partselect       ) [ 00000000000000]
trunc_ln107_3          (trunc            ) [ 00000000000000]
bitcast_ln107_4        (bitcast          ) [ 00000000000000]
tmp_10                 (partselect       ) [ 00000000000000]
trunc_ln107_4          (trunc            ) [ 00000000000000]
icmp_ln107_6           (icmp             ) [ 00000000000000]
icmp_ln107_7           (icmp             ) [ 00000000000000]
or_ln107_3             (or               ) [ 00000000000000]
icmp_ln107_8           (icmp             ) [ 00000000000000]
icmp_ln107_9           (icmp             ) [ 00000000000000]
or_ln107_4             (or               ) [ 00000000000000]
and_ln107_3            (and              ) [ 00000000000000]
tmp_11                 (fcmp             ) [ 00000000000000]
and_ln107_4            (and              ) [ 00000000000000]
select_ln107_2         (select           ) [ 01000000000110]
bitcast_ln107_5        (bitcast          ) [ 00000000000000]
tmp_12                 (partselect       ) [ 00000000000000]
trunc_ln107_5          (trunc            ) [ 00000000000000]
bitcast_ln107_6        (bitcast          ) [ 00000000000000]
tmp_13                 (partselect       ) [ 00000000000000]
trunc_ln107_6          (trunc            ) [ 00000000000000]
icmp_ln107_10          (icmp             ) [ 00000000000000]
icmp_ln107_11          (icmp             ) [ 00000000000000]
or_ln107_5             (or               ) [ 00000000000000]
icmp_ln107_12          (icmp             ) [ 00000000000000]
icmp_ln107_13          (icmp             ) [ 00000000000000]
or_ln107_6             (or               ) [ 00000000000000]
and_ln107_5            (and              ) [ 00000000000000]
tmp_14                 (fcmp             ) [ 00000000000000]
and_ln107_6            (and              ) [ 00000000000000]
select_ln107_3         (select           ) [ 01000000000001]
specloopname_ln0       (specloopname     ) [ 00000000000000]
empty_32               (speclooptripcount) [ 00000000000000]
specpipeline_ln0       (specpipeline     ) [ 00000000000000]
specloopname_ln0       (specloopname     ) [ 00000000000000]
specpipeline_ln0       (specpipeline     ) [ 00000000000000]
specloopname_ln96      (specloopname     ) [ 00000000000000]
zext_ln115             (zext             ) [ 00000000000000]
pool2_output_addr      (getelementptr    ) [ 00000000000000]
store_ln115            (store            ) [ 00000000000000]
br_ln95                (br               ) [ 00000000000000]
ret_ln0                (ret              ) [ 00000000000000]
</LifeTime>

<model>

<comp_list>
<comp id="0" class="1000" name="conv2_output">
<pin_list>
<pin id="1" dir="1" index="0" bw="1" slack="0"/>
</pin_list>
<bind>
<StgValue><ssdm name="conv2_output"/><MemPortTyVec>1 1 1 1 3 3 3 3 3 3 3 3 3 3 3 3 3 </MemPortTyVec>
</StgValue>
</bind>
</comp>

<comp id="2" class="1000" name="pool2_output">
<pin_list>
<pin id="3" dir="1" index="0" bw="1" slack="0"/>
</pin_list>
<bind>
<StgValue><ssdm name="pool2_output"/><MemPortTyVec>0 3 3 3 3 3 3 3 3 3 3 3 3 3 3 3 3 </MemPortTyVec>
</StgValue>
</bind>
</comp>

<comp id="4" class="1001" name="const_4">
<pin_list>
<pin id="5" dir="1" index="0" bw="1" slack="0"/>
</pin_list>
<bind>
<StgValue><ssdm name=""/></StgValue>
</bind>
</comp>

<comp id="6" class="1001" name="const_6">
<pin_list>
<pin id="7" dir="1" index="0" bw="1" slack="0"/>
</pin_list>
<bind>
<StgValue><ssdm name=""/></StgValue>
</bind>
</comp>

<comp id="8" class="1001" name="const_8">
<pin_list>
<pin id="9" dir="1" index="0" bw="1" slack="0"/>
</pin_list>
<bind>
<StgValue><ssdm name=""/></StgValue>
</bind>
</comp>

<comp id="10" class="1001" name="const_10">
<pin_list>
<pin id="11" dir="1" index="0" bw="1" slack="0"/>
</pin_list>
<bind>
<StgValue><ssdm name=""/></StgValue>
</bind>
</comp>

<comp id="12" class="1001" name="const_12">
<pin_list>
<pin id="13" dir="1" index="0" bw="1" slack="0"/>
</pin_list>
<bind>
<StgValue><ssdm name=""/></StgValue>
</bind>
</comp>

<comp id="14" class="1001" name="const_14">
<pin_list>
<pin id="15" dir="1" index="0" bw="1" slack="0"/>
</pin_list>
<bind>
<StgValue><ssdm name=""/></StgValue>
</bind>
</comp>

<comp id="16" class="1001" name="const_16">
<pin_list>
<pin id="17" dir="1" index="0" bw="1" slack="0"/>
</pin_list>
<bind>
<StgValue><ssdm name=""/></StgValue>
</bind>
</comp>

<comp id="18" class="1001" name="const_18">
<pin_list>
<pin id="19" dir="1" index="0" bw="1" slack="0"/>
</pin_list>
<bind>
<StgValue><ssdm name=""/></StgValue>
</bind>
</comp>

<comp id="20" class="1001" name="const_20">
<pin_list>
<pin id="21" dir="1" index="0" bw="1" slack="0"/>
</pin_list>
<bind>
<StgValue><ssdm name=""/></StgValue>
</bind>
</comp>

<comp id="22" class="1001" name="const_22">
<pin_list>
<pin id="23" dir="1" index="0" bw="1" slack="0"/>
</pin_list>
<bind>
<StgValue><ssdm name=""/></StgValue>
</bind>
</comp>

<comp id="24" class="1001" name="const_24">
<pin_list>
<pin id="25" dir="1" index="0" bw="1" slack="0"/>
</pin_list>
<bind>
<StgValue><ssdm name=""/></StgValue>
</bind>
</comp>

<comp id="26" class="1001" name="const_26">
<pin_list>
<pin id="27" dir="1" index="0" bw="1" slack="0"/>
</pin_list>
<bind>
<StgValue><ssdm name=""/></StgValue>
</bind>
</comp>

<comp id="28" class="1001" name="const_28">
<pin_list>
<pin id="29" dir="1" index="0" bw="1" slack="0"/>
</pin_list>
<bind>
<StgValue><ssdm name="_ssdm_op_BitConcatenate.i7.i4.i3"/></StgValue>
</bind>
</comp>

<comp id="30" class="1001" name="const_30">
<pin_list>
<pin id="31" dir="1" index="0" bw="1" slack="0"/>
</pin_list>
<bind>
<StgValue><ssdm name=""/></StgValue>
</bind>
</comp>

<comp id="32" class="1001" name="const_32">
<pin_list>
<pin id="33" dir="1" index="0" bw="1" slack="0"/>
</pin_list>
<bind>
<StgValue><ssdm name="_ssdm_op_BitConcatenate.i4.i3.i1"/></StgValue>
</bind>
</comp>

<comp id="34" class="1001" name="const_34">
<pin_list>
<pin id="35" dir="1" index="0" bw="1" slack="0"/>
</pin_list>
<bind>
<StgValue><ssdm name=""/></StgValue>
</bind>
</comp>

<comp id="36" class="1001" name="const_36">
<pin_list>
<pin id="37" dir="1" index="0" bw="1" slack="0"/>
</pin_list>
<bind>
<StgValue><ssdm name="_ssdm_op_BitConcatenate.i6.i4.i2"/></StgValue>
</bind>
</comp>

<comp id="38" class="1001" name="const_38">
<pin_list>
<pin id="39" dir="1" index="0" bw="1" slack="0"/>
</pin_list>
<bind>
<StgValue><ssdm name=""/></StgValue>
</bind>
</comp>

<comp id="40" class="1001" name="const_40">
<pin_list>
<pin id="41" dir="1" index="0" bw="1" slack="2147483647"/>
</pin_list>
<bind>
<StgValue><ssdm name="_ssdm_op_SpecPipeline"/></StgValue>
</bind>
</comp>

<comp id="42" class="1001" name="const_42">
<pin_list>
<pin id="43" dir="1" index="0" bw="1" slack="2147483647"/>
</pin_list>
<bind>
<StgValue><ssdm name=""/></StgValue>
</bind>
</comp>

<comp id="44" class="1001" name="const_44">
<pin_list>
<pin id="45" dir="1" index="0" bw="1" slack="2147483647"/>
</pin_list>
<bind>
<StgValue><ssdm name=""/></StgValue>
</bind>
</comp>

<comp id="46" class="1001" name="const_46">
<pin_list>
<pin id="47" dir="1" index="0" bw="1" slack="2147483647"/>
</pin_list>
<bind>
<StgValue><ssdm name="p_str"/></StgValue>
</bind>
</comp>

<comp id="48" class="1001" name="const_48">
<pin_list>
<pin id="49" dir="1" index="0" bw="1" slack="0"/>
</pin_list>
<bind>
<StgValue><ssdm name="_ssdm_op_BitConcatenate.i9.i7.i2"/></StgValue>
</bind>
</comp>

<comp id="50" class="1001" name="const_50">
<pin_list>
<pin id="51" dir="1" index="0" bw="1" slack="0"/>
</pin_list>
<bind>
<StgValue><ssdm name="_ssdm_op_BitConcatenate.i11.i8.i3"/></StgValue>
</bind>
</comp>

<comp id="52" class="1001" name="const_52">
<pin_list>
<pin id="53" dir="1" index="0" bw="1" slack="0"/>
</pin_list>
<bind>
<StgValue><ssdm name="_ssdm_op_BitConcatenate.i9.i8.i1"/></StgValue>
</bind>
</comp>

<comp id="54" class="1001" name="const_54">
<pin_list>
<pin id="55" dir="1" index="0" bw="1" slack="0"/>
</pin_list>
<bind>
<StgValue><ssdm name=""/></StgValue>
</bind>
</comp>

<comp id="56" class="1001" name="const_56">
<pin_list>
<pin id="57" dir="1" index="0" bw="1" slack="0"/>
</pin_list>
<bind>
<StgValue><ssdm name=""/></StgValue>
</bind>
</comp>

<comp id="58" class="1001" name="const_58">
<pin_list>
<pin id="59" dir="1" index="0" bw="1" slack="0"/>
</pin_list>
<bind>
<StgValue><ssdm name=""/></StgValue>
</bind>
</comp>

<comp id="60" class="1001" name="const_60">
<pin_list>
<pin id="61" dir="1" index="0" bw="1" slack="0"/>
</pin_list>
<bind>
<StgValue><ssdm name=""/></StgValue>
</bind>
</comp>

<comp id="62" class="1001" name="const_62">
<pin_list>
<pin id="63" dir="1" index="0" bw="1" slack="0"/>
</pin_list>
<bind>
<StgValue><ssdm name="_ssdm_op_PartSelect.i8.i32.i32.i32"/></StgValue>
</bind>
</comp>

<comp id="64" class="1001" name="const_64">
<pin_list>
<pin id="65" dir="1" index="0" bw="1" slack="0"/>
</pin_list>
<bind>
<StgValue><ssdm name=""/></StgValue>
</bind>
</comp>

<comp id="66" class="1001" name="const_66">
<pin_list>
<pin id="67" dir="1" index="0" bw="1" slack="0"/>
</pin_list>
<bind>
<StgValue><ssdm name=""/></StgValue>
</bind>
</comp>

<comp id="68" class="1001" name="const_68">
<pin_list>
<pin id="69" dir="1" index="0" bw="1" slack="0"/>
</pin_list>
<bind>
<StgValue><ssdm name=""/></StgValue>
</bind>
</comp>

<comp id="70" class="1001" name="const_70">
<pin_list>
<pin id="71" dir="1" index="0" bw="1" slack="0"/>
</pin_list>
<bind>
<StgValue><ssdm name=""/></StgValue>
</bind>
</comp>

<comp id="72" class="1001" name="const_72">
<pin_list>
<pin id="73" dir="1" index="0" bw="1" slack="2147483647"/>
</pin_list>
<bind>
<StgValue><ssdm name="_ssdm_op_SpecLoopName"/></StgValue>
</bind>
</comp>

<comp id="74" class="1001" name="const_74">
<pin_list>
<pin id="75" dir="1" index="0" bw="1" slack="2147483647"/>
</pin_list>
<bind>
<StgValue><ssdm name="POOL_CHANNEL_POOL_ROW_POOL_COL_str"/></StgValue>
</bind>
</comp>

<comp id="76" class="1001" name="const_76">
<pin_list>
<pin id="77" dir="1" index="0" bw="1" slack="2147483647"/>
</pin_list>
<bind>
<StgValue><ssdm name="_ssdm_op_SpecLoopTripCount"/></StgValue>
</bind>
</comp>

<comp id="78" class="1001" name="const_78">
<pin_list>
<pin id="79" dir="1" index="0" bw="1" slack="2147483647"/>
</pin_list>
<bind>
<StgValue><ssdm name=""/></StgValue>
</bind>
</comp>

<comp id="80" class="1001" name="const_80">
<pin_list>
<pin id="81" dir="1" index="0" bw="1" slack="2147483647"/>
</pin_list>
<bind>
<StgValue><ssdm name="POOL_ROW_POOL_COL_str"/></StgValue>
</bind>
</comp>

<comp id="82" class="1001" name="const_82">
<pin_list>
<pin id="83" dir="1" index="0" bw="1" slack="2147483647"/>
</pin_list>
<bind>
<StgValue><ssdm name="empty_20"/></StgValue>
</bind>
</comp>

<comp id="84" class="1004" name="output_col_fu_84">
<pin_list>
<pin id="85" dir="0" index="0" bw="1" slack="0"/>
<pin id="86" dir="1" index="1" bw="3" slack="0"/>
</pin_list>
<bind>
<opcode="alloca(26) " fcode="alloca"/>
<opset="output_col/1 "/>
</bind>
</comp>

<comp id="88" class="1004" name="output_row_fu_88">
<pin_list>
<pin id="89" dir="0" index="0" bw="1" slack="0"/>
<pin id="90" dir="1" index="1" bw="3" slack="0"/>
</pin_list>
<bind>
<opcode="alloca(26) " fcode="alloca"/>
<opset="output_row/1 "/>
</bind>
</comp>

<comp id="92" class="1004" name="indvar_flatten127_fu_92">
<pin_list>
<pin id="93" dir="0" index="0" bw="1" slack="0"/>
<pin id="94" dir="1" index="1" bw="6" slack="0"/>
</pin_list>
<bind>
<opcode="alloca(26) " fcode="alloca"/>
<opset="indvar_flatten127/1 "/>
</bind>
</comp>

<comp id="96" class="1004" name="channel_fu_96">
<pin_list>
<pin id="97" dir="0" index="0" bw="1" slack="0"/>
<pin id="98" dir="1" index="1" bw="5" slack="0"/>
</pin_list>
<bind>
<opcode="alloca(26) " fcode="alloca"/>
<opset="channel/1 "/>
</bind>
</comp>

<comp id="100" class="1004" name="indvar_flatten183_fu_100">
<pin_list>
<pin id="101" dir="0" index="0" bw="1" slack="0"/>
<pin id="102" dir="1" index="1" bw="9" slack="0"/>
</pin_list>
<bind>
<opcode="alloca(26) " fcode="alloca"/>
<opset="indvar_flatten183/1 "/>
</bind>
</comp>

<comp id="104" class="1004" name="conv2_output_addr_gep_fu_104">
<pin_list>
<pin id="105" dir="0" index="0" bw="32" slack="0"/>
<pin id="106" dir="0" index="1" bw="1" slack="0"/>
<pin id="107" dir="0" index="2" bw="11" slack="0"/>
<pin id="108" dir="1" index="3" bw="11" slack="0"/>
</pin_list>
<bind>
<opcode="getelementptr(29) " fcode="getelementptr"/>
<opset="conv2_output_addr/3 "/>
</bind>
</comp>

<comp id="111" class="1004" name="grp_access_fu_111">
<pin_list>
<pin id="112" dir="0" index="0" bw="11" slack="0"/>
<pin id="113" dir="0" index="1" bw="32" slack="2147483647"/>
<pin id="114" dir="0" index="2" bw="0" slack="0"/>
<pin id="116" dir="0" index="4" bw="11" slack="2147483647"/>
<pin id="117" dir="0" index="5" bw="32" slack="0"/>
<pin id="118" dir="0" index="6" bw="0" slack="2147483647"/>
<pin id="120" dir="0" index="8" bw="11" slack="0"/>
<pin id="121" dir="0" index="9" bw="32" slack="2147483647"/>
<pin id="122" dir="0" index="10" bw="0" slack="2147483647"/>
<pin id="124" dir="0" index="12" bw="11" slack="2147483647"/>
<pin id="125" dir="0" index="13" bw="32" slack="2147483647"/>
<pin id="126" dir="0" index="14" bw="0" slack="2147483647"/>
<pin id="115" dir="1" index="3" bw="32" slack="7"/>
<pin id="119" dir="1" index="7" bw="32" slack="5"/>
<pin id="123" dir="1" index="11" bw="32" slack="3"/>
<pin id="127" dir="1" index="15" bw="32" slack="1"/>
</pin_list>
<bind>
<opcode="load(27) " fcode="load"/>
<opset="conv2_output_load/3 conv2_output_load_1/3 conv2_output_load_2/3 conv2_output_load_3/3 "/>
</bind>
</comp>

<comp id="129" class="1004" name="conv2_output_addr_1_gep_fu_129">
<pin_list>
<pin id="130" dir="0" index="0" bw="32" slack="0"/>
<pin id="131" dir="0" index="1" bw="1" slack="0"/>
<pin id="132" dir="0" index="2" bw="11" slack="0"/>
<pin id="133" dir="1" index="3" bw="11" slack="0"/>
</pin_list>
<bind>
<opcode="getelementptr(29) " fcode="getelementptr"/>
<opset="conv2_output_addr_1/3 "/>
</bind>
</comp>

<comp id="137" class="1004" name="conv2_output_addr_2_gep_fu_137">
<pin_list>
<pin id="138" dir="0" index="0" bw="32" slack="0"/>
<pin id="139" dir="0" index="1" bw="1" slack="0"/>
<pin id="140" dir="0" index="2" bw="11" slack="0"/>
<pin id="141" dir="1" index="3" bw="11" slack="0"/>
</pin_list>
<bind>
<opcode="getelementptr(29) " fcode="getelementptr"/>
<opset="conv2_output_addr_2/3 "/>
</bind>
</comp>

<comp id="145" class="1004" name="conv2_output_addr_3_gep_fu_145">
<pin_list>
<pin id="146" dir="0" index="0" bw="32" slack="0"/>
<pin id="147" dir="0" index="1" bw="1" slack="0"/>
<pin id="148" dir="0" index="2" bw="11" slack="0"/>
<pin id="149" dir="1" index="3" bw="11" slack="0"/>
</pin_list>
<bind>
<opcode="getelementptr(29) " fcode="getelementptr"/>
<opset="conv2_output_addr_3/3 "/>
</bind>
</comp>

<comp id="153" class="1004" name="pool2_output_addr_gep_fu_153">
<pin_list>
<pin id="154" dir="0" index="0" bw="32" slack="0"/>
<pin id="155" dir="0" index="1" bw="1" slack="0"/>
<pin id="156" dir="0" index="2" bw="9" slack="0"/>
<pin id="157" dir="1" index="3" bw="9" slack="0"/>
</pin_list>
<bind>
<opcode="getelementptr(29) " fcode="getelementptr"/>
<opset="pool2_output_addr/13 "/>
</bind>
</comp>

<comp id="160" class="1004" name="store_ln115_access_fu_160">
<pin_list>
<pin id="161" dir="0" index="0" bw="9" slack="0"/>
<pin id="162" dir="0" index="1" bw="32" slack="1"/>
<pin id="163" dir="0" index="2" bw="0" slack="2147483647"/>
<pin id="164" dir="1" index="3" bw="32" slack="2147483647"/>
</pin_list>
<bind>
<opcode="store(28) " fcode="store"/>
<opset="store_ln115/13 "/>
</bind>
</comp>

<comp id="166" class="1004" name="grp_fu_166">
<pin_list>
<pin id="167" dir="0" index="0" bw="32" slack="1"/>
<pin id="168" dir="0" index="1" bw="32" slack="0"/>
<pin id="169" dir="1" index="2" bw="1" slack="0"/>
</pin_list>
<bind>
<opcode="fcmp(46) " fcode="fcmp"/>
<opset="tmp_5/5 "/>
</bind>
</comp>

<comp id="171" class="1004" name="grp_fu_171">
<pin_list>
<pin id="172" dir="0" index="0" bw="32" slack="3"/>
<pin id="173" dir="0" index="1" bw="32" slack="1"/>
<pin id="174" dir="1" index="2" bw="1" slack="0"/>
</pin_list>
<bind>
<opcode="fcmp(46) " fcode="fcmp"/>
<opset="tmp_8/7 "/>
</bind>
</comp>

<comp id="175" class="1004" name="grp_fu_175">
<pin_list>
<pin id="176" dir="0" index="0" bw="32" slack="5"/>
<pin id="177" dir="0" index="1" bw="32" slack="1"/>
<pin id="178" dir="1" index="2" bw="1" slack="0"/>
</pin_list>
<bind>
<opcode="fcmp(46) " fcode="fcmp"/>
<opset="tmp_11/9 "/>
</bind>
</comp>

<comp id="179" class="1004" name="grp_fu_179">
<pin_list>
<pin id="180" dir="0" index="0" bw="32" slack="7"/>
<pin id="181" dir="0" index="1" bw="32" slack="1"/>
<pin id="182" dir="1" index="2" bw="1" slack="0"/>
</pin_list>
<bind>
<opcode="fcmp(46) " fcode="fcmp"/>
<opset="tmp_14/11 "/>
</bind>
</comp>

<comp id="183" class="1004" name="store_ln0_store_fu_183">
<pin_list>
<pin id="184" dir="0" index="0" bw="1" slack="0"/>
<pin id="185" dir="0" index="1" bw="9" slack="0"/>
<pin id="186" dir="1" index="2" bw="0" slack="2147483647"/>
</pin_list>
<bind>
<opcode="store(28) " fcode="store"/>
<opset="store_ln0/1 "/>
</bind>
</comp>

<comp id="188" class="1004" name="store_ln0_store_fu_188">
<pin_list>
<pin id="189" dir="0" index="0" bw="1" slack="0"/>
<pin id="190" dir="0" index="1" bw="5" slack="0"/>
<pin id="191" dir="1" index="2" bw="0" slack="2147483647"/>
</pin_list>
<bind>
<opcode="store(28) " fcode="store"/>
<opset="store_ln0/1 "/>
</bind>
</comp>

<comp id="193" class="1004" name="store_ln0_store_fu_193">
<pin_list>
<pin id="194" dir="0" index="0" bw="1" slack="0"/>
<pin id="195" dir="0" index="1" bw="6" slack="0"/>
<pin id="196" dir="1" index="2" bw="0" slack="2147483647"/>
</pin_list>
<bind>
<opcode="store(28) " fcode="store"/>
<opset="store_ln0/1 "/>
</bind>
</comp>

<comp id="198" class="1004" name="store_ln0_store_fu_198">
<pin_list>
<pin id="199" dir="0" index="0" bw="1" slack="0"/>
<pin id="200" dir="0" index="1" bw="3" slack="0"/>
<pin id="201" dir="1" index="2" bw="0" slack="2147483647"/>
</pin_list>
<bind>
<opcode="store(28) " fcode="store"/>
<opset="store_ln0/1 "/>
</bind>
</comp>

<comp id="203" class="1004" name="store_ln0_store_fu_203">
<pin_list>
<pin id="204" dir="0" index="0" bw="1" slack="0"/>
<pin id="205" dir="0" index="1" bw="3" slack="0"/>
<pin id="206" dir="1" index="2" bw="0" slack="2147483647"/>
</pin_list>
<bind>
<opcode="store(28) " fcode="store"/>
<opset="store_ln0/1 "/>
</bind>
</comp>

<comp id="208" class="1004" name="output_row_1_load_fu_208">
<pin_list>
<pin id="209" dir="0" index="0" bw="3" slack="0"/>
<pin id="210" dir="1" index="1" bw="3" slack="0"/>
</pin_list>
<bind>
<opcode="load(27) " fcode="load"/>
<opset="output_row_1/1 "/>
</bind>
</comp>

<comp id="211" class="1004" name="indvar_flatten183_load_load_fu_211">
<pin_list>
<pin id="212" dir="0" index="0" bw="9" slack="0"/>
<pin id="213" dir="1" index="1" bw="9" slack="0"/>
</pin_list>
<bind>
<opcode="load(27) " fcode="load"/>
<opset="indvar_flatten183_load/1 "/>
</bind>
</comp>

<comp id="214" class="1004" name="icmp_ln91_fu_214">
<pin_list>
<pin id="215" dir="0" index="0" bw="9" slack="0"/>
<pin id="216" dir="0" index="1" bw="8" slack="0"/>
<pin id="217" dir="1" index="2" bw="1" slack="1"/>
</pin_list>
<bind>
<opcode="icmp(45) " fcode="icmp"/>
<opset="icmp_ln91/1 "/>
</bind>
</comp>

<comp id="220" class="1004" name="add_ln91_1_fu_220">
<pin_list>
<pin id="221" dir="0" index="0" bw="9" slack="0"/>
<pin id="222" dir="0" index="1" bw="1" slack="0"/>
<pin id="223" dir="1" index="2" bw="9" slack="0"/>
</pin_list>
<bind>
<opcode="add(8) " fcode="add"/>
<opset="add_ln91_1/1 "/>
</bind>
</comp>

<comp id="226" class="1004" name="output_col_load_load_fu_226">
<pin_list>
<pin id="227" dir="0" index="0" bw="3" slack="0"/>
<pin id="228" dir="1" index="1" bw="3" slack="0"/>
</pin_list>
<bind>
<opcode="load(27) " fcode="load"/>
<opset="output_col_load/1 "/>
</bind>
</comp>

<comp id="229" class="1004" name="indvar_flatten127_load_load_fu_229">
<pin_list>
<pin id="230" dir="0" index="0" bw="6" slack="0"/>
<pin id="231" dir="1" index="1" bw="6" slack="0"/>
</pin_list>
<bind>
<opcode="load(27) " fcode="load"/>
<opset="indvar_flatten127_load/1 "/>
</bind>
</comp>

<comp id="232" class="1004" name="icmp_ln93_fu_232">
<pin_list>
<pin id="233" dir="0" index="0" bw="6" slack="0"/>
<pin id="234" dir="0" index="1" bw="6" slack="0"/>
<pin id="235" dir="1" index="2" bw="1" slack="0"/>
</pin_list>
<bind>
<opcode="icmp(45) " fcode="icmp"/>
<opset="icmp_ln93/1 "/>
</bind>
</comp>

<comp id="238" class="1004" name="select_ln91_fu_238">
<pin_list>
<pin id="239" dir="0" index="0" bw="1" slack="0"/>
<pin id="240" dir="0" index="1" bw="1" slack="0"/>
<pin id="241" dir="0" index="2" bw="3" slack="0"/>
<pin id="242" dir="1" index="3" bw="3" slack="0"/>
</pin_list>
<bind>
<opcode="select(49) " fcode="select"/>
<opset="select_ln91/1 "/>
</bind>
</comp>

<comp id="246" class="1004" name="xor_ln91_fu_246">
<pin_list>
<pin id="247" dir="0" index="0" bw="1" slack="0"/>
<pin id="248" dir="0" index="1" bw="1" slack="0"/>
<pin id="249" dir="1" index="2" bw="1" slack="0"/>
</pin_list>
<bind>
<opcode="xor(25) " fcode="xor"/>
<opset="xor_ln91/1 "/>
</bind>
</comp>

<comp id="252" class="1004" name="icmp_ln95_fu_252">
<pin_list>
<pin id="253" dir="0" index="0" bw="3" slack="0"/>
<pin id="254" dir="0" index="1" bw="3" slack="0"/>
<pin id="255" dir="1" index="2" bw="1" slack="0"/>
</pin_list>
<bind>
<opcode="icmp(45) " fcode="icmp"/>
<opset="icmp_ln95/1 "/>
</bind>
</comp>

<comp id="258" class="1004" name="and_ln91_fu_258">
<pin_list>
<pin id="259" dir="0" index="0" bw="1" slack="0"/>
<pin id="260" dir="0" index="1" bw="1" slack="0"/>
<pin id="261" dir="1" index="2" bw="1" slack="0"/>
</pin_list>
<bind>
<opcode="and(23) " fcode="and"/>
<opset="and_ln91/1 "/>
</bind>
</comp>

<comp id="264" class="1004" name="add_ln93_fu_264">
<pin_list>
<pin id="265" dir="0" index="0" bw="3" slack="0"/>
<pin id="266" dir="0" index="1" bw="1" slack="0"/>
<pin id="267" dir="1" index="2" bw="3" slack="0"/>
</pin_list>
<bind>
<opcode="add(8) " fcode="add"/>
<opset="add_ln93/1 "/>
</bind>
</comp>

<comp id="270" class="1004" name="or_ln93_fu_270">
<pin_list>
<pin id="271" dir="0" index="0" bw="1" slack="0"/>
<pin id="272" dir="0" index="1" bw="1" slack="0"/>
<pin id="273" dir="1" index="2" bw="1" slack="0"/>
</pin_list>
<bind>
<opcode="or(24) " fcode="or"/>
<opset="or_ln93/1 "/>
</bind>
</comp>

<comp id="276" class="1004" name="select_ln93_fu_276">
<pin_list>
<pin id="277" dir="0" index="0" bw="1" slack="0"/>
<pin id="278" dir="0" index="1" bw="1" slack="0"/>
<pin id="279" dir="0" index="2" bw="3" slack="0"/>
<pin id="280" dir="1" index="3" bw="3" slack="0"/>
</pin_list>
<bind>
<opcode="select(49) " fcode="select"/>
<opset="select_ln93/1 "/>
</bind>
</comp>

<comp id="284" class="1004" name="select_ln93_3_fu_284">
<pin_list>
<pin id="285" dir="0" index="0" bw="1" slack="0"/>
<pin id="286" dir="0" index="1" bw="3" slack="0"/>
<pin id="287" dir="0" index="2" bw="3" slack="0"/>
<pin id="288" dir="1" index="3" bw="3" slack="0"/>
</pin_list>
<bind>
<opcode="select(49) " fcode="select"/>
<opset="select_ln93_3/1 "/>
</bind>
</comp>

<comp id="292" class="1004" name="add_ln95_fu_292">
<pin_list>
<pin id="293" dir="0" index="0" bw="3" slack="0"/>
<pin id="294" dir="0" index="1" bw="1" slack="0"/>
<pin id="295" dir="1" index="2" bw="3" slack="0"/>
</pin_list>
<bind>
<opcode="add(8) " fcode="add"/>
<opset="add_ln95/1 "/>
</bind>
</comp>

<comp id="298" class="1004" name="add_ln93_1_fu_298">
<pin_list>
<pin id="299" dir="0" index="0" bw="6" slack="0"/>
<pin id="300" dir="0" index="1" bw="1" slack="0"/>
<pin id="301" dir="1" index="2" bw="6" slack="0"/>
</pin_list>
<bind>
<opcode="add(8) " fcode="add"/>
<opset="add_ln93_1/1 "/>
</bind>
</comp>

<comp id="304" class="1004" name="select_ln93_4_fu_304">
<pin_list>
<pin id="305" dir="0" index="0" bw="1" slack="0"/>
<pin id="306" dir="0" index="1" bw="1" slack="0"/>
<pin id="307" dir="0" index="2" bw="6" slack="0"/>
<pin id="308" dir="1" index="3" bw="6" slack="0"/>
</pin_list>
<bind>
<opcode="select(49) " fcode="select"/>
<opset="select_ln93_4/1 "/>
</bind>
</comp>

<comp id="312" class="1004" name="store_ln95_store_fu_312">
<pin_list>
<pin id="313" dir="0" index="0" bw="9" slack="0"/>
<pin id="314" dir="0" index="1" bw="9" slack="0"/>
<pin id="315" dir="1" index="2" bw="0" slack="2147483647"/>
</pin_list>
<bind>
<opcode="store(28) " fcode="store"/>
<opset="store_ln95/1 "/>
</bind>
</comp>

<comp id="317" class="1004" name="store_ln95_store_fu_317">
<pin_list>
<pin id="318" dir="0" index="0" bw="6" slack="0"/>
<pin id="319" dir="0" index="1" bw="6" slack="0"/>
<pin id="320" dir="1" index="2" bw="0" slack="2147483647"/>
</pin_list>
<bind>
<opcode="store(28) " fcode="store"/>
<opset="store_ln95/1 "/>
</bind>
</comp>

<comp id="322" class="1004" name="store_ln95_store_fu_322">
<pin_list>
<pin id="323" dir="0" index="0" bw="3" slack="0"/>
<pin id="324" dir="0" index="1" bw="3" slack="0"/>
<pin id="325" dir="1" index="2" bw="0" slack="2147483647"/>
</pin_list>
<bind>
<opcode="store(28) " fcode="store"/>
<opset="store_ln95/1 "/>
</bind>
</comp>

<comp id="327" class="1004" name="store_ln95_store_fu_327">
<pin_list>
<pin id="328" dir="0" index="0" bw="3" slack="0"/>
<pin id="329" dir="0" index="1" bw="3" slack="0"/>
<pin id="330" dir="1" index="2" bw="0" slack="2147483647"/>
</pin_list>
<bind>
<opcode="store(28) " fcode="store"/>
<opset="store_ln95/1 "/>
</bind>
</comp>

<comp id="332" class="1004" name="channel_1_load_fu_332">
<pin_list>
<pin id="333" dir="0" index="0" bw="5" slack="1"/>
<pin id="334" dir="1" index="1" bw="5" slack="0"/>
</pin_list>
<bind>
<opcode="load(27) " fcode="load"/>
<opset="channel_1/2 "/>
</bind>
</comp>

<comp id="335" class="1004" name="empty_fu_335">
<pin_list>
<pin id="336" dir="0" index="0" bw="5" slack="0"/>
<pin id="337" dir="1" index="1" bw="4" slack="0"/>
</pin_list>
<bind>
<opcode="trunc(33) " fcode="trunc"/>
<opset="empty/2 "/>
</bind>
</comp>

<comp id="339" class="1004" name="p_shl_fu_339">
<pin_list>
<pin id="340" dir="0" index="0" bw="7" slack="0"/>
<pin id="341" dir="0" index="1" bw="4" slack="0"/>
<pin id="342" dir="0" index="2" bw="1" slack="0"/>
<pin id="343" dir="1" index="3" bw="7" slack="0"/>
</pin_list>
<bind>
<opcode="bitconcatenate(1004) " fcode="bitconcatenate"/>
<opset="p_shl/2 "/>
</bind>
</comp>

<comp id="347" class="1004" name="p_shl25_cast_fu_347">
<pin_list>
<pin id="348" dir="0" index="0" bw="7" slack="0"/>
<pin id="349" dir="1" index="1" bw="8" slack="0"/>
</pin_list>
<bind>
<opcode="zext(34) " fcode="zext"/>
<opset="p_shl25_cast/2 "/>
</bind>
</comp>

<comp id="351" class="1004" name="empty_29_fu_351">
<pin_list>
<pin id="352" dir="0" index="0" bw="5" slack="0"/>
<pin id="353" dir="0" index="1" bw="1" slack="0"/>
<pin id="354" dir="1" index="2" bw="5" slack="0"/>
</pin_list>
<bind>
<opcode="shl(20) " fcode="shl"/>
<opset="empty_29/2 "/>
</bind>
</comp>

<comp id="357" class="1004" name="p_shl26_cast_fu_357">
<pin_list>
<pin id="358" dir="0" index="0" bw="5" slack="0"/>
<pin id="359" dir="1" index="1" bw="6" slack="0"/>
</pin_list>
<bind>
<opcode="zext(34) " fcode="zext"/>
<opset="p_shl26_cast/2 "/>
</bind>
</comp>

<comp id="361" class="1004" name="zext_ln93_1_fu_361">
<pin_list>
<pin id="362" dir="0" index="0" bw="3" slack="1"/>
<pin id="363" dir="1" index="1" bw="5" slack="0"/>
</pin_list>
<bind>
<opcode="zext(34) " fcode="zext"/>
<opset="zext_ln93_1/2 "/>
</bind>
</comp>

<comp id="364" class="1004" name="tmp_s_fu_364">
<pin_list>
<pin id="365" dir="0" index="0" bw="4" slack="0"/>
<pin id="366" dir="0" index="1" bw="3" slack="1"/>
<pin id="367" dir="0" index="2" bw="1" slack="0"/>
<pin id="368" dir="1" index="3" bw="4" slack="0"/>
</pin_list>
<bind>
<opcode="bitconcatenate(1004) " fcode="bitconcatenate"/>
<opset="tmp_s/2 "/>
</bind>
</comp>

<comp id="371" class="1004" name="p_cast38_fu_371">
<pin_list>
<pin id="372" dir="0" index="0" bw="4" slack="0"/>
<pin id="373" dir="1" index="1" bw="6" slack="0"/>
</pin_list>
<bind>
<opcode="zext(34) " fcode="zext"/>
<opset="p_cast38/2 "/>
</bind>
</comp>

<comp id="375" class="1004" name="tmp3_fu_375">
<pin_list>
<pin id="376" dir="0" index="0" bw="5" slack="0"/>
<pin id="377" dir="0" index="1" bw="3" slack="0"/>
<pin id="378" dir="1" index="2" bw="5" slack="1"/>
</pin_list>
<bind>
<opcode="add(8) " fcode="add"/>
<opset="tmp3/2 "/>
</bind>
</comp>

<comp id="381" class="1004" name="tmp4_fu_381">
<pin_list>
<pin id="382" dir="0" index="0" bw="5" slack="0"/>
<pin id="383" dir="0" index="1" bw="4" slack="0"/>
<pin id="384" dir="1" index="2" bw="6" slack="0"/>
</pin_list>
<bind>
<opcode="add(8) " fcode="add"/>
<opset="tmp4/2 "/>
</bind>
</comp>

<comp id="387" class="1004" name="tmp4_cast_fu_387">
<pin_list>
<pin id="388" dir="0" index="0" bw="6" slack="0"/>
<pin id="389" dir="1" index="1" bw="8" slack="0"/>
</pin_list>
<bind>
<opcode="zext(34) " fcode="zext"/>
<opset="tmp4_cast/2 "/>
</bind>
</comp>

<comp id="391" class="1004" name="empty_31_fu_391">
<pin_list>
<pin id="392" dir="0" index="0" bw="6" slack="0"/>
<pin id="393" dir="0" index="1" bw="7" slack="0"/>
<pin id="394" dir="1" index="2" bw="8" slack="0"/>
</pin_list>
<bind>
<opcode="add(8) " fcode="add"/>
<opset="empty_31/2 "/>
</bind>
</comp>

<comp id="397" class="1004" name="add_ln91_fu_397">
<pin_list>
<pin id="398" dir="0" index="0" bw="5" slack="0"/>
<pin id="399" dir="0" index="1" bw="1" slack="0"/>
<pin id="400" dir="1" index="2" bw="5" slack="0"/>
</pin_list>
<bind>
<opcode="add(8) " fcode="add"/>
<opset="add_ln91/2 "/>
</bind>
</comp>

<comp id="403" class="1004" name="empty_33_fu_403">
<pin_list>
<pin id="404" dir="0" index="0" bw="5" slack="0"/>
<pin id="405" dir="1" index="1" bw="4" slack="0"/>
</pin_list>
<bind>
<opcode="trunc(33) " fcode="trunc"/>
<opset="empty_33/2 "/>
</bind>
</comp>

<comp id="407" class="1004" name="p_shl25_mid1_fu_407">
<pin_list>
<pin id="408" dir="0" index="0" bw="7" slack="0"/>
<pin id="409" dir="0" index="1" bw="4" slack="0"/>
<pin id="410" dir="0" index="2" bw="1" slack="0"/>
<pin id="411" dir="1" index="3" bw="7" slack="0"/>
</pin_list>
<bind>
<opcode="bitconcatenate(1004) " fcode="bitconcatenate"/>
<opset="p_shl25_mid1/2 "/>
</bind>
</comp>

<comp id="415" class="1004" name="p_shl25_cast_mid1_fu_415">
<pin_list>
<pin id="416" dir="0" index="0" bw="7" slack="0"/>
<pin id="417" dir="1" index="1" bw="8" slack="0"/>
</pin_list>
<bind>
<opcode="zext(34) " fcode="zext"/>
<opset="p_shl25_cast_mid1/2 "/>
</bind>
</comp>

<comp id="419" class="1004" name="select_ln91_1_fu_419">
<pin_list>
<pin id="420" dir="0" index="0" bw="1" slack="1"/>
<pin id="421" dir="0" index="1" bw="7" slack="0"/>
<pin id="422" dir="0" index="2" bw="7" slack="0"/>
<pin id="423" dir="1" index="3" bw="7" slack="0"/>
</pin_list>
<bind>
<opcode="select(49) " fcode="select"/>
<opset="select_ln91_1/2 "/>
</bind>
</comp>

<comp id="426" class="1004" name="zext_ln91_1_fu_426">
<pin_list>
<pin id="427" dir="0" index="0" bw="7" slack="0"/>
<pin id="428" dir="1" index="1" bw="8" slack="0"/>
</pin_list>
<bind>
<opcode="zext(34) " fcode="zext"/>
<opset="zext_ln91_1/2 "/>
</bind>
</comp>

<comp id="430" class="1004" name="empty_34_fu_430">
<pin_list>
<pin id="431" dir="0" index="0" bw="5" slack="0"/>
<pin id="432" dir="0" index="1" bw="1" slack="0"/>
<pin id="433" dir="1" index="2" bw="5" slack="0"/>
</pin_list>
<bind>
<opcode="shl(20) " fcode="shl"/>
<opset="empty_34/2 "/>
</bind>
</comp>

<comp id="436" class="1004" name="select_ln91_2_fu_436">
<pin_list>
<pin id="437" dir="0" index="0" bw="1" slack="1"/>
<pin id="438" dir="0" index="1" bw="5" slack="0"/>
<pin id="439" dir="0" index="2" bw="5" slack="0"/>
<pin id="440" dir="1" index="3" bw="5" slack="0"/>
</pin_list>
<bind>
<opcode="select(49) " fcode="select"/>
<opset="select_ln91_2/2 "/>
</bind>
</comp>

<comp id="443" class="1004" name="zext_ln91_2_fu_443">
<pin_list>
<pin id="444" dir="0" index="0" bw="5" slack="0"/>
<pin id="445" dir="1" index="1" bw="6" slack="0"/>
</pin_list>
<bind>
<opcode="zext(34) " fcode="zext"/>
<opset="zext_ln91_2/2 "/>
</bind>
</comp>

<comp id="447" class="1004" name="tmp4_cast_mid1157_fu_447">
<pin_list>
<pin id="448" dir="0" index="0" bw="5" slack="0"/>
<pin id="449" dir="1" index="1" bw="8" slack="0"/>
</pin_list>
<bind>
<opcode="zext(34) " fcode="zext"/>
<opset="tmp4_cast_mid1157/2 "/>
</bind>
</comp>

<comp id="451" class="1004" name="p_mid1159_fu_451">
<pin_list>
<pin id="452" dir="0" index="0" bw="5" slack="0"/>
<pin id="453" dir="0" index="1" bw="7" slack="0"/>
<pin id="454" dir="1" index="2" bw="8" slack="0"/>
</pin_list>
<bind>
<opcode="add(8) " fcode="add"/>
<opset="p_mid1159/2 "/>
</bind>
</comp>

<comp id="457" class="1004" name="select_ln91_5_fu_457">
<pin_list>
<pin id="458" dir="0" index="0" bw="1" slack="1"/>
<pin id="459" dir="0" index="1" bw="8" slack="0"/>
<pin id="460" dir="0" index="2" bw="8" slack="0"/>
<pin id="461" dir="1" index="3" bw="8" slack="0"/>
</pin_list>
<bind>
<opcode="select(49) " fcode="select"/>
<opset="select_ln91_5/2 "/>
</bind>
</comp>

<comp id="464" class="1004" name="select_ln91_6_fu_464">
<pin_list>
<pin id="465" dir="0" index="0" bw="1" slack="1"/>
<pin id="466" dir="0" index="1" bw="5" slack="0"/>
<pin id="467" dir="0" index="2" bw="5" slack="0"/>
<pin id="468" dir="1" index="3" bw="5" slack="0"/>
</pin_list>
<bind>
<opcode="select(49) " fcode="select"/>
<opset="select_ln91_6/2 "/>
</bind>
</comp>

<comp id="471" class="1004" name="zext_ln93_3_fu_471">
<pin_list>
<pin id="472" dir="0" index="0" bw="3" slack="1"/>
<pin id="473" dir="1" index="1" bw="5" slack="0"/>
</pin_list>
<bind>
<opcode="zext(34) " fcode="zext"/>
<opset="zext_ln93_3/2 "/>
</bind>
</comp>

<comp id="474" class="1004" name="p_mid2_fu_474">
<pin_list>
<pin id="475" dir="0" index="0" bw="4" slack="0"/>
<pin id="476" dir="0" index="1" bw="3" slack="1"/>
<pin id="477" dir="0" index="2" bw="1" slack="0"/>
<pin id="478" dir="1" index="3" bw="4" slack="0"/>
</pin_list>
<bind>
<opcode="bitconcatenate(1004) " fcode="bitconcatenate"/>
<opset="p_mid2/2 "/>
</bind>
</comp>

<comp id="481" class="1004" name="p_cast38_mid1_fu_481">
<pin_list>
<pin id="482" dir="0" index="0" bw="4" slack="0"/>
<pin id="483" dir="1" index="1" bw="6" slack="0"/>
</pin_list>
<bind>
<opcode="zext(34) " fcode="zext"/>
<opset="p_cast38_mid1/2 "/>
</bind>
</comp>

<comp id="485" class="1004" name="tmp3_mid1_fu_485">
<pin_list>
<pin id="486" dir="0" index="0" bw="5" slack="0"/>
<pin id="487" dir="0" index="1" bw="3" slack="0"/>
<pin id="488" dir="1" index="2" bw="5" slack="1"/>
</pin_list>
<bind>
<opcode="add(8) " fcode="add"/>
<opset="tmp3_mid1/2 "/>
</bind>
</comp>

<comp id="491" class="1004" name="tmp4_mid1_fu_491">
<pin_list>
<pin id="492" dir="0" index="0" bw="5" slack="0"/>
<pin id="493" dir="0" index="1" bw="4" slack="0"/>
<pin id="494" dir="1" index="2" bw="6" slack="0"/>
</pin_list>
<bind>
<opcode="add(8) " fcode="add"/>
<opset="tmp4_mid1/2 "/>
</bind>
</comp>

<comp id="497" class="1004" name="tmp4_cast_mid1_fu_497">
<pin_list>
<pin id="498" dir="0" index="0" bw="6" slack="0"/>
<pin id="499" dir="1" index="1" bw="8" slack="0"/>
</pin_list>
<bind>
<opcode="zext(34) " fcode="zext"/>
<opset="tmp4_cast_mid1/2 "/>
</bind>
</comp>

<comp id="501" class="1004" name="p_mid1123_fu_501">
<pin_list>
<pin id="502" dir="0" index="0" bw="6" slack="0"/>
<pin id="503" dir="0" index="1" bw="7" slack="0"/>
<pin id="504" dir="1" index="2" bw="8" slack="0"/>
</pin_list>
<bind>
<opcode="add(8) " fcode="add"/>
<opset="p_mid1123/2 "/>
</bind>
</comp>

<comp id="507" class="1004" name="select_ln93_2_fu_507">
<pin_list>
<pin id="508" dir="0" index="0" bw="1" slack="1"/>
<pin id="509" dir="0" index="1" bw="8" slack="0"/>
<pin id="510" dir="0" index="2" bw="8" slack="0"/>
<pin id="511" dir="1" index="3" bw="8" slack="1"/>
</pin_list>
<bind>
<opcode="select(49) " fcode="select"/>
<opset="select_ln93_2/2 "/>
</bind>
</comp>

<comp id="514" class="1004" name="store_ln95_store_fu_514">
<pin_list>
<pin id="515" dir="0" index="0" bw="5" slack="0"/>
<pin id="516" dir="0" index="1" bw="5" slack="1"/>
<pin id="517" dir="1" index="2" bw="0" slack="2147483647"/>
</pin_list>
<bind>
<opcode="store(28) " fcode="store"/>
<opset="store_ln95/2 "/>
</bind>
</comp>

<comp id="519" class="1004" name="p_shl1_fu_519">
<pin_list>
<pin id="520" dir="0" index="0" bw="6" slack="0"/>
<pin id="521" dir="0" index="1" bw="4" slack="1"/>
<pin id="522" dir="0" index="2" bw="1" slack="0"/>
<pin id="523" dir="1" index="3" bw="6" slack="0"/>
</pin_list>
<bind>
<opcode="bitconcatenate(1004) " fcode="bitconcatenate"/>
<opset="p_shl1/3 "/>
</bind>
</comp>

<comp id="526" class="1004" name="zext_ln93_fu_526">
<pin_list>
<pin id="527" dir="0" index="0" bw="6" slack="0"/>
<pin id="528" dir="1" index="1" bw="7" slack="0"/>
</pin_list>
<bind>
<opcode="zext(34) " fcode="zext"/>
<opset="zext_ln93/3 "/>
</bind>
</comp>

<comp id="530" class="1004" name="tmp3_cast_fu_530">
<pin_list>
<pin id="531" dir="0" index="0" bw="5" slack="1"/>
<pin id="532" dir="1" index="1" bw="7" slack="0"/>
</pin_list>
<bind>
<opcode="zext(34) " fcode="zext"/>
<opset="tmp3_cast/3 "/>
</bind>
</comp>

<comp id="533" class="1004" name="empty_30_fu_533">
<pin_list>
<pin id="534" dir="0" index="0" bw="5" slack="0"/>
<pin id="535" dir="0" index="1" bw="6" slack="0"/>
<pin id="536" dir="1" index="2" bw="7" slack="0"/>
</pin_list>
<bind>
<opcode="add(8) " fcode="add"/>
<opset="empty_30/3 "/>
</bind>
</comp>

<comp id="539" class="1004" name="zext_ln91_fu_539">
<pin_list>
<pin id="540" dir="0" index="0" bw="5" slack="1"/>
<pin id="541" dir="1" index="1" bw="7" slack="0"/>
</pin_list>
<bind>
<opcode="zext(34) " fcode="zext"/>
<opset="zext_ln91/3 "/>
</bind>
</comp>

<comp id="542" class="1004" name="p_shl24_mid1_fu_542">
<pin_list>
<pin id="543" dir="0" index="0" bw="6" slack="0"/>
<pin id="544" dir="0" index="1" bw="4" slack="1"/>
<pin id="545" dir="0" index="2" bw="1" slack="0"/>
<pin id="546" dir="1" index="3" bw="6" slack="0"/>
</pin_list>
<bind>
<opcode="bitconcatenate(1004) " fcode="bitconcatenate"/>
<opset="p_shl24_mid1/3 "/>
</bind>
</comp>

<comp id="549" class="1004" name="zext_ln93_2_fu_549">
<pin_list>
<pin id="550" dir="0" index="0" bw="6" slack="0"/>
<pin id="551" dir="1" index="1" bw="7" slack="0"/>
</pin_list>
<bind>
<opcode="zext(34) " fcode="zext"/>
<opset="zext_ln93_2/3 "/>
</bind>
</comp>

<comp id="553" class="1004" name="select_ln91_3_fu_553">
<pin_list>
<pin id="554" dir="0" index="0" bw="1" slack="2"/>
<pin id="555" dir="0" index="1" bw="6" slack="0"/>
<pin id="556" dir="0" index="2" bw="6" slack="0"/>
<pin id="557" dir="1" index="3" bw="6" slack="0"/>
</pin_list>
<bind>
<opcode="select(49) " fcode="select"/>
<opset="select_ln91_3/3 "/>
</bind>
</comp>

<comp id="560" class="1004" name="zext_ln91_3_fu_560">
<pin_list>
<pin id="561" dir="0" index="0" bw="6" slack="0"/>
<pin id="562" dir="1" index="1" bw="7" slack="0"/>
</pin_list>
<bind>
<opcode="zext(34) " fcode="zext"/>
<opset="zext_ln91_3/3 "/>
</bind>
</comp>

<comp id="564" class="1004" name="p_mid1149_fu_564">
<pin_list>
<pin id="565" dir="0" index="0" bw="5" slack="0"/>
<pin id="566" dir="0" index="1" bw="6" slack="0"/>
<pin id="567" dir="1" index="2" bw="7" slack="0"/>
</pin_list>
<bind>
<opcode="add(8) " fcode="add"/>
<opset="p_mid1149/3 "/>
</bind>
</comp>

<comp id="570" class="1004" name="select_ln91_4_fu_570">
<pin_list>
<pin id="571" dir="0" index="0" bw="1" slack="2"/>
<pin id="572" dir="0" index="1" bw="7" slack="0"/>
<pin id="573" dir="0" index="2" bw="7" slack="0"/>
<pin id="574" dir="1" index="3" bw="7" slack="0"/>
</pin_list>
<bind>
<opcode="select(49) " fcode="select"/>
<opset="select_ln91_4/3 "/>
</bind>
</comp>

<comp id="577" class="1004" name="tmp3_cast_mid1_fu_577">
<pin_list>
<pin id="578" dir="0" index="0" bw="5" slack="1"/>
<pin id="579" dir="1" index="1" bw="7" slack="0"/>
</pin_list>
<bind>
<opcode="zext(34) " fcode="zext"/>
<opset="tmp3_cast_mid1/3 "/>
</bind>
</comp>

<comp id="580" class="1004" name="p_mid1121_fu_580">
<pin_list>
<pin id="581" dir="0" index="0" bw="5" slack="0"/>
<pin id="582" dir="0" index="1" bw="6" slack="0"/>
<pin id="583" dir="1" index="2" bw="7" slack="0"/>
</pin_list>
<bind>
<opcode="add(8) " fcode="add"/>
<opset="p_mid1121/3 "/>
</bind>
</comp>

<comp id="586" class="1004" name="select_ln93_1_fu_586">
<pin_list>
<pin id="587" dir="0" index="0" bw="1" slack="2"/>
<pin id="588" dir="0" index="1" bw="7" slack="0"/>
<pin id="589" dir="0" index="2" bw="7" slack="0"/>
<pin id="590" dir="1" index="3" bw="7" slack="0"/>
</pin_list>
<bind>
<opcode="select(49) " fcode="select"/>
<opset="select_ln93_1/3 "/>
</bind>
</comp>

<comp id="593" class="1004" name="p_shl27_mid2_fu_593">
<pin_list>
<pin id="594" dir="0" index="0" bw="9" slack="0"/>
<pin id="595" dir="0" index="1" bw="7" slack="0"/>
<pin id="596" dir="0" index="2" bw="1" slack="0"/>
<pin id="597" dir="1" index="3" bw="9" slack="0"/>
</pin_list>
<bind>
<opcode="bitconcatenate(1004) " fcode="bitconcatenate"/>
<opset="p_shl27_mid2/3 "/>
</bind>
</comp>

<comp id="601" class="1004" name="p_shl28_0_mid2_fu_601">
<pin_list>
<pin id="602" dir="0" index="0" bw="11" slack="0"/>
<pin id="603" dir="0" index="1" bw="8" slack="1"/>
<pin id="604" dir="0" index="2" bw="1" slack="0"/>
<pin id="605" dir="1" index="3" bw="11" slack="0"/>
</pin_list>
<bind>
<opcode="bitconcatenate(1004) " fcode="bitconcatenate"/>
<opset="p_shl28_0_mid2/3 "/>
</bind>
</comp>

<comp id="608" class="1004" name="p_shl29_0_mid2_fu_608">
<pin_list>
<pin id="609" dir="0" index="0" bw="9" slack="0"/>
<pin id="610" dir="0" index="1" bw="8" slack="1"/>
<pin id="611" dir="0" index="2" bw="1" slack="0"/>
<pin id="612" dir="1" index="3" bw="9" slack="0"/>
</pin_list>
<bind>
<opcode="bitconcatenate(1004) " fcode="bitconcatenate"/>
<opset="p_shl29_0_mid2/3 "/>
</bind>
</comp>

<comp id="615" class="1004" name="or_ln93_1_fu_615">
<pin_list>
<pin id="616" dir="0" index="0" bw="8" slack="1"/>
<pin id="617" dir="0" index="1" bw="1" slack="0"/>
<pin id="618" dir="1" index="2" bw="8" slack="0"/>
</pin_list>
<bind>
<opcode="or(24) " fcode="or"/>
<opset="or_ln93_1/3 "/>
</bind>
</comp>

<comp id="620" class="1004" name="p_shl28_1_mid2_fu_620">
<pin_list>
<pin id="621" dir="0" index="0" bw="11" slack="0"/>
<pin id="622" dir="0" index="1" bw="8" slack="0"/>
<pin id="623" dir="0" index="2" bw="1" slack="0"/>
<pin id="624" dir="1" index="3" bw="11" slack="0"/>
</pin_list>
<bind>
<opcode="bitconcatenate(1004) " fcode="bitconcatenate"/>
<opset="p_shl28_1_mid2/3 "/>
</bind>
</comp>

<comp id="628" class="1004" name="zext_ln95_mid2_v_fu_628">
<pin_list>
<pin id="629" dir="0" index="0" bw="9" slack="0"/>
<pin id="630" dir="0" index="1" bw="8" slack="0"/>
<pin id="631" dir="0" index="2" bw="1" slack="0"/>
<pin id="632" dir="1" index="3" bw="9" slack="0"/>
</pin_list>
<bind>
<opcode="bitconcatenate(1004) " fcode="bitconcatenate"/>
<opset="zext_ln95_mid2_v/3 "/>
</bind>
</comp>

<comp id="636" class="1004" name="zext_ln93_4_fu_636">
<pin_list>
<pin id="637" dir="0" index="0" bw="9" slack="0"/>
<pin id="638" dir="1" index="1" bw="10" slack="0"/>
</pin_list>
<bind>
<opcode="zext(34) " fcode="zext"/>
<opset="zext_ln93_4/3 "/>
</bind>
</comp>

<comp id="640" class="1004" name="output_col_2_cast51_fu_640">
<pin_list>
<pin id="641" dir="0" index="0" bw="3" slack="2"/>
<pin id="642" dir="1" index="1" bw="7" slack="0"/>
</pin_list>
<bind>
<opcode="zext(34) " fcode="zext"/>
<opset="output_col_2_cast51/3 "/>
</bind>
</comp>

<comp id="643" class="1004" name="tmp_3_fu_643">
<pin_list>
<pin id="644" dir="0" index="0" bw="4" slack="0"/>
<pin id="645" dir="0" index="1" bw="3" slack="2"/>
<pin id="646" dir="0" index="2" bw="1" slack="0"/>
<pin id="647" dir="1" index="3" bw="4" slack="0"/>
</pin_list>
<bind>
<opcode="bitconcatenate(1004) " fcode="bitconcatenate"/>
<opset="tmp_3/3 "/>
</bind>
</comp>

<comp id="650" class="1004" name="zext_ln105_fu_650">
<pin_list>
<pin id="651" dir="0" index="0" bw="4" slack="0"/>
<pin id="652" dir="1" index="1" bw="10" slack="0"/>
</pin_list>
<bind>
<opcode="zext(34) " fcode="zext"/>
<opset="zext_ln105/3 "/>
</bind>
</comp>

<comp id="654" class="1004" name="zext_ln105_1_fu_654">
<pin_list>
<pin id="655" dir="0" index="0" bw="4" slack="0"/>
<pin id="656" dir="1" index="1" bw="9" slack="0"/>
</pin_list>
<bind>
<opcode="zext(34) " fcode="zext"/>
<opset="zext_ln105_1/3 "/>
</bind>
</comp>

<comp id="658" class="1004" name="add_ln105_fu_658">
<pin_list>
<pin id="659" dir="0" index="0" bw="9" slack="0"/>
<pin id="660" dir="0" index="1" bw="4" slack="0"/>
<pin id="661" dir="1" index="2" bw="9" slack="0"/>
</pin_list>
<bind>
<opcode="add(8) " fcode="add"/>
<opset="add_ln105/3 "/>
</bind>
</comp>

<comp id="664" class="1004" name="zext_ln105_2_fu_664">
<pin_list>
<pin id="665" dir="0" index="0" bw="9" slack="0"/>
<pin id="666" dir="1" index="1" bw="11" slack="0"/>
</pin_list>
<bind>
<opcode="zext(34) " fcode="zext"/>
<opset="zext_ln105_2/3 "/>
</bind>
</comp>

<comp id="668" class="1004" name="add_ln105_1_fu_668">
<pin_list>
<pin id="669" dir="0" index="0" bw="9" slack="0"/>
<pin id="670" dir="0" index="1" bw="11" slack="0"/>
<pin id="671" dir="1" index="2" bw="11" slack="0"/>
</pin_list>
<bind>
<opcode="add(8) " fcode="add"/>
<opset="add_ln105_1/3 "/>
</bind>
</comp>

<comp id="674" class="1004" name="zext_ln106_fu_674">
<pin_list>
<pin id="675" dir="0" index="0" bw="11" slack="0"/>
<pin id="676" dir="1" index="1" bw="64" slack="0"/>
</pin_list>
<bind>
<opcode="zext(34) " fcode="zext"/>
<opset="zext_ln106/3 "/>
</bind>
</comp>

<comp id="679" class="1004" name="or_ln105_fu_679">
<pin_list>
<pin id="680" dir="0" index="0" bw="11" slack="0"/>
<pin id="681" dir="0" index="1" bw="1" slack="0"/>
<pin id="682" dir="1" index="2" bw="11" slack="0"/>
</pin_list>
<bind>
<opcode="or(24) " fcode="or"/>
<opset="or_ln105/3 "/>
</bind>
</comp>

<comp id="685" class="1004" name="zext_ln106_1_fu_685">
<pin_list>
<pin id="686" dir="0" index="0" bw="11" slack="0"/>
<pin id="687" dir="1" index="1" bw="64" slack="0"/>
</pin_list>
<bind>
<opcode="zext(34) " fcode="zext"/>
<opset="zext_ln106_1/3 "/>
</bind>
</comp>

<comp id="690" class="1004" name="add_ln105_2_fu_690">
<pin_list>
<pin id="691" dir="0" index="0" bw="9" slack="0"/>
<pin id="692" dir="0" index="1" bw="4" slack="0"/>
<pin id="693" dir="1" index="2" bw="10" slack="0"/>
</pin_list>
<bind>
<opcode="add(8) " fcode="add"/>
<opset="add_ln105_2/3 "/>
</bind>
</comp>

<comp id="696" class="1004" name="zext_ln105_3_fu_696">
<pin_list>
<pin id="697" dir="0" index="0" bw="10" slack="0"/>
<pin id="698" dir="1" index="1" bw="11" slack="0"/>
</pin_list>
<bind>
<opcode="zext(34) " fcode="zext"/>
<opset="zext_ln105_3/3 "/>
</bind>
</comp>

<comp id="700" class="1004" name="add_ln105_3_fu_700">
<pin_list>
<pin id="701" dir="0" index="0" bw="10" slack="0"/>
<pin id="702" dir="0" index="1" bw="11" slack="0"/>
<pin id="703" dir="1" index="2" bw="11" slack="0"/>
</pin_list>
<bind>
<opcode="add(8) " fcode="add"/>
<opset="add_ln105_3/3 "/>
</bind>
</comp>

<comp id="706" class="1004" name="zext_ln106_2_fu_706">
<pin_list>
<pin id="707" dir="0" index="0" bw="11" slack="0"/>
<pin id="708" dir="1" index="1" bw="64" slack="0"/>
</pin_list>
<bind>
<opcode="zext(34) " fcode="zext"/>
<opset="zext_ln106_2/3 "/>
</bind>
</comp>

<comp id="711" class="1004" name="or_ln105_1_fu_711">
<pin_list>
<pin id="712" dir="0" index="0" bw="11" slack="0"/>
<pin id="713" dir="0" index="1" bw="1" slack="0"/>
<pin id="714" dir="1" index="2" bw="11" slack="0"/>
</pin_list>
<bind>
<opcode="or(24) " fcode="or"/>
<opset="or_ln105_1/3 "/>
</bind>
</comp>

<comp id="717" class="1004" name="zext_ln106_3_fu_717">
<pin_list>
<pin id="718" dir="0" index="0" bw="11" slack="0"/>
<pin id="719" dir="1" index="1" bw="64" slack="0"/>
</pin_list>
<bind>
<opcode="zext(34) " fcode="zext"/>
<opset="zext_ln106_3/3 "/>
</bind>
</comp>

<comp id="722" class="1004" name="add_ln114_fu_722">
<pin_list>
<pin id="723" dir="0" index="0" bw="7" slack="0"/>
<pin id="724" dir="0" index="1" bw="3" slack="0"/>
<pin id="725" dir="1" index="2" bw="7" slack="0"/>
</pin_list>
<bind>
<opcode="add(8) " fcode="add"/>
<opset="add_ln114/3 "/>
</bind>
</comp>

<comp id="728" class="1004" name="zext_ln114_fu_728">
<pin_list>
<pin id="729" dir="0" index="0" bw="7" slack="0"/>
<pin id="730" dir="1" index="1" bw="9" slack="0"/>
</pin_list>
<bind>
<opcode="zext(34) " fcode="zext"/>
<opset="zext_ln114/3 "/>
</bind>
</comp>

<comp id="732" class="1004" name="add_ln114_1_fu_732">
<pin_list>
<pin id="733" dir="0" index="0" bw="7" slack="0"/>
<pin id="734" dir="0" index="1" bw="9" slack="0"/>
<pin id="735" dir="1" index="2" bw="9" slack="10"/>
</pin_list>
<bind>
<opcode="add(8) " fcode="add"/>
<opset="add_ln114_1/3 "/>
</bind>
</comp>

<comp id="738" class="1004" name="bitcast_ln107_fu_738">
<pin_list>
<pin id="739" dir="0" index="0" bw="32" slack="2"/>
<pin id="740" dir="1" index="1" bw="32" slack="0"/>
</pin_list>
<bind>
<opcode="bitcast(44) " fcode="bitcast"/>
<opset="bitcast_ln107/6 "/>
</bind>
</comp>

<comp id="741" class="1004" name="tmp_4_fu_741">
<pin_list>
<pin id="742" dir="0" index="0" bw="8" slack="0"/>
<pin id="743" dir="0" index="1" bw="32" slack="0"/>
<pin id="744" dir="0" index="2" bw="6" slack="0"/>
<pin id="745" dir="0" index="3" bw="6" slack="0"/>
<pin id="746" dir="1" index="4" bw="8" slack="0"/>
</pin_list>
<bind>
<opcode="partselect(1002) " fcode="partselect"/>
<opset="tmp_4/6 "/>
</bind>
</comp>

<comp id="751" class="1004" name="trunc_ln107_fu_751">
<pin_list>
<pin id="752" dir="0" index="0" bw="32" slack="0"/>
<pin id="753" dir="1" index="1" bw="23" slack="0"/>
</pin_list>
<bind>
<opcode="trunc(33) " fcode="trunc"/>
<opset="trunc_ln107/6 "/>
</bind>
</comp>

<comp id="755" class="1004" name="icmp_ln107_fu_755">
<pin_list>
<pin id="756" dir="0" index="0" bw="8" slack="0"/>
<pin id="757" dir="0" index="1" bw="1" slack="0"/>
<pin id="758" dir="1" index="2" bw="1" slack="0"/>
</pin_list>
<bind>
<opcode="icmp(45) " fcode="icmp"/>
<opset="icmp_ln107/6 "/>
</bind>
</comp>

<comp id="761" class="1004" name="icmp_ln107_1_fu_761">
<pin_list>
<pin id="762" dir="0" index="0" bw="23" slack="0"/>
<pin id="763" dir="0" index="1" bw="1" slack="0"/>
<pin id="764" dir="1" index="2" bw="1" slack="0"/>
</pin_list>
<bind>
<opcode="icmp(45) " fcode="icmp"/>
<opset="icmp_ln107_1/6 "/>
</bind>
</comp>

<comp id="767" class="1004" name="or_ln107_fu_767">
<pin_list>
<pin id="768" dir="0" index="0" bw="1" slack="0"/>
<pin id="769" dir="0" index="1" bw="1" slack="0"/>
<pin id="770" dir="1" index="2" bw="1" slack="0"/>
</pin_list>
<bind>
<opcode="or(24) " fcode="or"/>
<opset="or_ln107/6 "/>
</bind>
</comp>

<comp id="773" class="1004" name="and_ln107_fu_773">
<pin_list>
<pin id="774" dir="0" index="0" bw="1" slack="0"/>
<pin id="775" dir="0" index="1" bw="1" slack="0"/>
<pin id="776" dir="1" index="2" bw="1" slack="0"/>
</pin_list>
<bind>
<opcode="and(23) " fcode="and"/>
<opset="and_ln107/6 "/>
</bind>
</comp>

<comp id="779" class="1004" name="select_ln107_fu_779">
<pin_list>
<pin id="780" dir="0" index="0" bw="1" slack="0"/>
<pin id="781" dir="0" index="1" bw="32" slack="2"/>
<pin id="782" dir="0" index="2" bw="32" slack="0"/>
<pin id="783" dir="1" index="3" bw="32" slack="1"/>
</pin_list>
<bind>
<opcode="select(49) " fcode="select"/>
<opset="select_ln107/6 "/>
</bind>
</comp>

<comp id="786" class="1004" name="bitcast_ln107_1_fu_786">
<pin_list>
<pin id="787" dir="0" index="0" bw="32" slack="4"/>
<pin id="788" dir="1" index="1" bw="32" slack="0"/>
</pin_list>
<bind>
<opcode="bitcast(44) " fcode="bitcast"/>
<opset="bitcast_ln107_1/8 "/>
</bind>
</comp>

<comp id="789" class="1004" name="tmp_6_fu_789">
<pin_list>
<pin id="790" dir="0" index="0" bw="8" slack="0"/>
<pin id="791" dir="0" index="1" bw="32" slack="0"/>
<pin id="792" dir="0" index="2" bw="6" slack="0"/>
<pin id="793" dir="0" index="3" bw="6" slack="0"/>
<pin id="794" dir="1" index="4" bw="8" slack="0"/>
</pin_list>
<bind>
<opcode="partselect(1002) " fcode="partselect"/>
<opset="tmp_6/8 "/>
</bind>
</comp>

<comp id="799" class="1004" name="trunc_ln107_1_fu_799">
<pin_list>
<pin id="800" dir="0" index="0" bw="32" slack="0"/>
<pin id="801" dir="1" index="1" bw="23" slack="0"/>
</pin_list>
<bind>
<opcode="trunc(33) " fcode="trunc"/>
<opset="trunc_ln107_1/8 "/>
</bind>
</comp>

<comp id="803" class="1004" name="bitcast_ln107_2_fu_803">
<pin_list>
<pin id="804" dir="0" index="0" bw="32" slack="2"/>
<pin id="805" dir="1" index="1" bw="32" slack="0"/>
</pin_list>
<bind>
<opcode="bitcast(44) " fcode="bitcast"/>
<opset="bitcast_ln107_2/8 "/>
</bind>
</comp>

<comp id="806" class="1004" name="tmp_7_fu_806">
<pin_list>
<pin id="807" dir="0" index="0" bw="8" slack="0"/>
<pin id="808" dir="0" index="1" bw="32" slack="0"/>
<pin id="809" dir="0" index="2" bw="6" slack="0"/>
<pin id="810" dir="0" index="3" bw="6" slack="0"/>
<pin id="811" dir="1" index="4" bw="8" slack="0"/>
</pin_list>
<bind>
<opcode="partselect(1002) " fcode="partselect"/>
<opset="tmp_7/8 "/>
</bind>
</comp>

<comp id="816" class="1004" name="trunc_ln107_2_fu_816">
<pin_list>
<pin id="817" dir="0" index="0" bw="32" slack="0"/>
<pin id="818" dir="1" index="1" bw="23" slack="0"/>
</pin_list>
<bind>
<opcode="trunc(33) " fcode="trunc"/>
<opset="trunc_ln107_2/8 "/>
</bind>
</comp>

<comp id="820" class="1004" name="icmp_ln107_2_fu_820">
<pin_list>
<pin id="821" dir="0" index="0" bw="8" slack="0"/>
<pin id="822" dir="0" index="1" bw="1" slack="0"/>
<pin id="823" dir="1" index="2" bw="1" slack="0"/>
</pin_list>
<bind>
<opcode="icmp(45) " fcode="icmp"/>
<opset="icmp_ln107_2/8 "/>
</bind>
</comp>

<comp id="826" class="1004" name="icmp_ln107_3_fu_826">
<pin_list>
<pin id="827" dir="0" index="0" bw="23" slack="0"/>
<pin id="828" dir="0" index="1" bw="1" slack="0"/>
<pin id="829" dir="1" index="2" bw="1" slack="0"/>
</pin_list>
<bind>
<opcode="icmp(45) " fcode="icmp"/>
<opset="icmp_ln107_3/8 "/>
</bind>
</comp>

<comp id="832" class="1004" name="or_ln107_1_fu_832">
<pin_list>
<pin id="833" dir="0" index="0" bw="1" slack="0"/>
<pin id="834" dir="0" index="1" bw="1" slack="0"/>
<pin id="835" dir="1" index="2" bw="1" slack="0"/>
</pin_list>
<bind>
<opcode="or(24) " fcode="or"/>
<opset="or_ln107_1/8 "/>
</bind>
</comp>

<comp id="838" class="1004" name="icmp_ln107_4_fu_838">
<pin_list>
<pin id="839" dir="0" index="0" bw="8" slack="0"/>
<pin id="840" dir="0" index="1" bw="1" slack="0"/>
<pin id="841" dir="1" index="2" bw="1" slack="0"/>
</pin_list>
<bind>
<opcode="icmp(45) " fcode="icmp"/>
<opset="icmp_ln107_4/8 "/>
</bind>
</comp>

<comp id="844" class="1004" name="icmp_ln107_5_fu_844">
<pin_list>
<pin id="845" dir="0" index="0" bw="23" slack="0"/>
<pin id="846" dir="0" index="1" bw="1" slack="0"/>
<pin id="847" dir="1" index="2" bw="1" slack="0"/>
</pin_list>
<bind>
<opcode="icmp(45) " fcode="icmp"/>
<opset="icmp_ln107_5/8 "/>
</bind>
</comp>

<comp id="850" class="1004" name="or_ln107_2_fu_850">
<pin_list>
<pin id="851" dir="0" index="0" bw="1" slack="0"/>
<pin id="852" dir="0" index="1" bw="1" slack="0"/>
<pin id="853" dir="1" index="2" bw="1" slack="0"/>
</pin_list>
<bind>
<opcode="or(24) " fcode="or"/>
<opset="or_ln107_2/8 "/>
</bind>
</comp>

<comp id="856" class="1004" name="and_ln107_1_fu_856">
<pin_list>
<pin id="857" dir="0" index="0" bw="1" slack="0"/>
<pin id="858" dir="0" index="1" bw="1" slack="0"/>
<pin id="859" dir="1" index="2" bw="1" slack="0"/>
</pin_list>
<bind>
<opcode="and(23) " fcode="and"/>
<opset="and_ln107_1/8 "/>
</bind>
</comp>

<comp id="862" class="1004" name="and_ln107_2_fu_862">
<pin_list>
<pin id="863" dir="0" index="0" bw="1" slack="0"/>
<pin id="864" dir="0" index="1" bw="1" slack="0"/>
<pin id="865" dir="1" index="2" bw="1" slack="0"/>
</pin_list>
<bind>
<opcode="and(23) " fcode="and"/>
<opset="and_ln107_2/8 "/>
</bind>
</comp>

<comp id="868" class="1004" name="select_ln107_1_fu_868">
<pin_list>
<pin id="869" dir="0" index="0" bw="1" slack="0"/>
<pin id="870" dir="0" index="1" bw="32" slack="4"/>
<pin id="871" dir="0" index="2" bw="32" slack="2"/>
<pin id="872" dir="1" index="3" bw="32" slack="1"/>
</pin_list>
<bind>
<opcode="select(49) " fcode="select"/>
<opset="select_ln107_1/8 "/>
</bind>
</comp>

<comp id="874" class="1004" name="bitcast_ln107_3_fu_874">
<pin_list>
<pin id="875" dir="0" index="0" bw="32" slack="6"/>
<pin id="876" dir="1" index="1" bw="32" slack="0"/>
</pin_list>
<bind>
<opcode="bitcast(44) " fcode="bitcast"/>
<opset="bitcast_ln107_3/10 "/>
</bind>
</comp>

<comp id="877" class="1004" name="tmp_9_fu_877">
<pin_list>
<pin id="878" dir="0" index="0" bw="8" slack="0"/>
<pin id="879" dir="0" index="1" bw="32" slack="0"/>
<pin id="880" dir="0" index="2" bw="6" slack="0"/>
<pin id="881" dir="0" index="3" bw="6" slack="0"/>
<pin id="882" dir="1" index="4" bw="8" slack="0"/>
</pin_list>
<bind>
<opcode="partselect(1002) " fcode="partselect"/>
<opset="tmp_9/10 "/>
</bind>
</comp>

<comp id="887" class="1004" name="trunc_ln107_3_fu_887">
<pin_list>
<pin id="888" dir="0" index="0" bw="32" slack="0"/>
<pin id="889" dir="1" index="1" bw="23" slack="0"/>
</pin_list>
<bind>
<opcode="trunc(33) " fcode="trunc"/>
<opset="trunc_ln107_3/10 "/>
</bind>
</comp>

<comp id="891" class="1004" name="bitcast_ln107_4_fu_891">
<pin_list>
<pin id="892" dir="0" index="0" bw="32" slack="2"/>
<pin id="893" dir="1" index="1" bw="32" slack="0"/>
</pin_list>
<bind>
<opcode="bitcast(44) " fcode="bitcast"/>
<opset="bitcast_ln107_4/10 "/>
</bind>
</comp>

<comp id="894" class="1004" name="tmp_10_fu_894">
<pin_list>
<pin id="895" dir="0" index="0" bw="8" slack="0"/>
<pin id="896" dir="0" index="1" bw="32" slack="0"/>
<pin id="897" dir="0" index="2" bw="6" slack="0"/>
<pin id="898" dir="0" index="3" bw="6" slack="0"/>
<pin id="899" dir="1" index="4" bw="8" slack="0"/>
</pin_list>
<bind>
<opcode="partselect(1002) " fcode="partselect"/>
<opset="tmp_10/10 "/>
</bind>
</comp>

<comp id="904" class="1004" name="trunc_ln107_4_fu_904">
<pin_list>
<pin id="905" dir="0" index="0" bw="32" slack="0"/>
<pin id="906" dir="1" index="1" bw="23" slack="0"/>
</pin_list>
<bind>
<opcode="trunc(33) " fcode="trunc"/>
<opset="trunc_ln107_4/10 "/>
</bind>
</comp>

<comp id="908" class="1004" name="icmp_ln107_6_fu_908">
<pin_list>
<pin id="909" dir="0" index="0" bw="8" slack="0"/>
<pin id="910" dir="0" index="1" bw="1" slack="0"/>
<pin id="911" dir="1" index="2" bw="1" slack="0"/>
</pin_list>
<bind>
<opcode="icmp(45) " fcode="icmp"/>
<opset="icmp_ln107_6/10 "/>
</bind>
</comp>

<comp id="914" class="1004" name="icmp_ln107_7_fu_914">
<pin_list>
<pin id="915" dir="0" index="0" bw="23" slack="0"/>
<pin id="916" dir="0" index="1" bw="1" slack="0"/>
<pin id="917" dir="1" index="2" bw="1" slack="0"/>
</pin_list>
<bind>
<opcode="icmp(45) " fcode="icmp"/>
<opset="icmp_ln107_7/10 "/>
</bind>
</comp>

<comp id="920" class="1004" name="or_ln107_3_fu_920">
<pin_list>
<pin id="921" dir="0" index="0" bw="1" slack="0"/>
<pin id="922" dir="0" index="1" bw="1" slack="0"/>
<pin id="923" dir="1" index="2" bw="1" slack="0"/>
</pin_list>
<bind>
<opcode="or(24) " fcode="or"/>
<opset="or_ln107_3/10 "/>
</bind>
</comp>

<comp id="926" class="1004" name="icmp_ln107_8_fu_926">
<pin_list>
<pin id="927" dir="0" index="0" bw="8" slack="0"/>
<pin id="928" dir="0" index="1" bw="1" slack="0"/>
<pin id="929" dir="1" index="2" bw="1" slack="0"/>
</pin_list>
<bind>
<opcode="icmp(45) " fcode="icmp"/>
<opset="icmp_ln107_8/10 "/>
</bind>
</comp>

<comp id="932" class="1004" name="icmp_ln107_9_fu_932">
<pin_list>
<pin id="933" dir="0" index="0" bw="23" slack="0"/>
<pin id="934" dir="0" index="1" bw="1" slack="0"/>
<pin id="935" dir="1" index="2" bw="1" slack="0"/>
</pin_list>
<bind>
<opcode="icmp(45) " fcode="icmp"/>
<opset="icmp_ln107_9/10 "/>
</bind>
</comp>

<comp id="938" class="1004" name="or_ln107_4_fu_938">
<pin_list>
<pin id="939" dir="0" index="0" bw="1" slack="0"/>
<pin id="940" dir="0" index="1" bw="1" slack="0"/>
<pin id="941" dir="1" index="2" bw="1" slack="0"/>
</pin_list>
<bind>
<opcode="or(24) " fcode="or"/>
<opset="or_ln107_4/10 "/>
</bind>
</comp>

<comp id="944" class="1004" name="and_ln107_3_fu_944">
<pin_list>
<pin id="945" dir="0" index="0" bw="1" slack="0"/>
<pin id="946" dir="0" index="1" bw="1" slack="0"/>
<pin id="947" dir="1" index="2" bw="1" slack="0"/>
</pin_list>
<bind>
<opcode="and(23) " fcode="and"/>
<opset="and_ln107_3/10 "/>
</bind>
</comp>

<comp id="950" class="1004" name="and_ln107_4_fu_950">
<pin_list>
<pin id="951" dir="0" index="0" bw="1" slack="0"/>
<pin id="952" dir="0" index="1" bw="1" slack="0"/>
<pin id="953" dir="1" index="2" bw="1" slack="0"/>
</pin_list>
<bind>
<opcode="and(23) " fcode="and"/>
<opset="and_ln107_4/10 "/>
</bind>
</comp>

<comp id="956" class="1004" name="select_ln107_2_fu_956">
<pin_list>
<pin id="957" dir="0" index="0" bw="1" slack="0"/>
<pin id="958" dir="0" index="1" bw="32" slack="6"/>
<pin id="959" dir="0" index="2" bw="32" slack="2"/>
<pin id="960" dir="1" index="3" bw="32" slack="1"/>
</pin_list>
<bind>
<opcode="select(49) " fcode="select"/>
<opset="select_ln107_2/10 "/>
</bind>
</comp>

<comp id="962" class="1004" name="bitcast_ln107_5_fu_962">
<pin_list>
<pin id="963" dir="0" index="0" bw="32" slack="8"/>
<pin id="964" dir="1" index="1" bw="32" slack="0"/>
</pin_list>
<bind>
<opcode="bitcast(44) " fcode="bitcast"/>
<opset="bitcast_ln107_5/12 "/>
</bind>
</comp>

<comp id="965" class="1004" name="tmp_12_fu_965">
<pin_list>
<pin id="966" dir="0" index="0" bw="8" slack="0"/>
<pin id="967" dir="0" index="1" bw="32" slack="0"/>
<pin id="968" dir="0" index="2" bw="6" slack="0"/>
<pin id="969" dir="0" index="3" bw="6" slack="0"/>
<pin id="970" dir="1" index="4" bw="8" slack="0"/>
</pin_list>
<bind>
<opcode="partselect(1002) " fcode="partselect"/>
<opset="tmp_12/12 "/>
</bind>
</comp>

<comp id="975" class="1004" name="trunc_ln107_5_fu_975">
<pin_list>
<pin id="976" dir="0" index="0" bw="32" slack="0"/>
<pin id="977" dir="1" index="1" bw="23" slack="0"/>
</pin_list>
<bind>
<opcode="trunc(33) " fcode="trunc"/>
<opset="trunc_ln107_5/12 "/>
</bind>
</comp>

<comp id="979" class="1004" name="bitcast_ln107_6_fu_979">
<pin_list>
<pin id="980" dir="0" index="0" bw="32" slack="2"/>
<pin id="981" dir="1" index="1" bw="32" slack="0"/>
</pin_list>
<bind>
<opcode="bitcast(44) " fcode="bitcast"/>
<opset="bitcast_ln107_6/12 "/>
</bind>
</comp>

<comp id="982" class="1004" name="tmp_13_fu_982">
<pin_list>
<pin id="983" dir="0" index="0" bw="8" slack="0"/>
<pin id="984" dir="0" index="1" bw="32" slack="0"/>
<pin id="985" dir="0" index="2" bw="6" slack="0"/>
<pin id="986" dir="0" index="3" bw="6" slack="0"/>
<pin id="987" dir="1" index="4" bw="8" slack="0"/>
</pin_list>
<bind>
<opcode="partselect(1002) " fcode="partselect"/>
<opset="tmp_13/12 "/>
</bind>
</comp>

<comp id="992" class="1004" name="trunc_ln107_6_fu_992">
<pin_list>
<pin id="993" dir="0" index="0" bw="32" slack="0"/>
<pin id="994" dir="1" index="1" bw="23" slack="0"/>
</pin_list>
<bind>
<opcode="trunc(33) " fcode="trunc"/>
<opset="trunc_ln107_6/12 "/>
</bind>
</comp>

<comp id="996" class="1004" name="icmp_ln107_10_fu_996">
<pin_list>
<pin id="997" dir="0" index="0" bw="8" slack="0"/>
<pin id="998" dir="0" index="1" bw="1" slack="0"/>
<pin id="999" dir="1" index="2" bw="1" slack="0"/>
</pin_list>
<bind>
<opcode="icmp(45) " fcode="icmp"/>
<opset="icmp_ln107_10/12 "/>
</bind>
</comp>

<comp id="1002" class="1004" name="icmp_ln107_11_fu_1002">
<pin_list>
<pin id="1003" dir="0" index="0" bw="23" slack="0"/>
<pin id="1004" dir="0" index="1" bw="1" slack="0"/>
<pin id="1005" dir="1" index="2" bw="1" slack="0"/>
</pin_list>
<bind>
<opcode="icmp(45) " fcode="icmp"/>
<opset="icmp_ln107_11/12 "/>
</bind>
</comp>

<comp id="1008" class="1004" name="or_ln107_5_fu_1008">
<pin_list>
<pin id="1009" dir="0" index="0" bw="1" slack="0"/>
<pin id="1010" dir="0" index="1" bw="1" slack="0"/>
<pin id="1011" dir="1" index="2" bw="1" slack="0"/>
</pin_list>
<bind>
<opcode="or(24) " fcode="or"/>
<opset="or_ln107_5/12 "/>
</bind>
</comp>

<comp id="1014" class="1004" name="icmp_ln107_12_fu_1014">
<pin_list>
<pin id="1015" dir="0" index="0" bw="8" slack="0"/>
<pin id="1016" dir="0" index="1" bw="1" slack="0"/>
<pin id="1017" dir="1" index="2" bw="1" slack="0"/>
</pin_list>
<bind>
<opcode="icmp(45) " fcode="icmp"/>
<opset="icmp_ln107_12/12 "/>
</bind>
</comp>

<comp id="1020" class="1004" name="icmp_ln107_13_fu_1020">
<pin_list>
<pin id="1021" dir="0" index="0" bw="23" slack="0"/>
<pin id="1022" dir="0" index="1" bw="1" slack="0"/>
<pin id="1023" dir="1" index="2" bw="1" slack="0"/>
</pin_list>
<bind>
<opcode="icmp(45) " fcode="icmp"/>
<opset="icmp_ln107_13/12 "/>
</bind>
</comp>

<comp id="1026" class="1004" name="or_ln107_6_fu_1026">
<pin_list>
<pin id="1027" dir="0" index="0" bw="1" slack="0"/>
<pin id="1028" dir="0" index="1" bw="1" slack="0"/>
<pin id="1029" dir="1" index="2" bw="1" slack="0"/>
</pin_list>
<bind>
<opcode="or(24) " fcode="or"/>
<opset="or_ln107_6/12 "/>
</bind>
</comp>

<comp id="1032" class="1004" name="and_ln107_5_fu_1032">
<pin_list>
<pin id="1033" dir="0" index="0" bw="1" slack="0"/>
<pin id="1034" dir="0" index="1" bw="1" slack="0"/>
<pin id="1035" dir="1" index="2" bw="1" slack="0"/>
</pin_list>
<bind>
<opcode="and(23) " fcode="and"/>
<opset="and_ln107_5/12 "/>
</bind>
</comp>

<comp id="1038" class="1004" name="and_ln107_6_fu_1038">
<pin_list>
<pin id="1039" dir="0" index="0" bw="1" slack="0"/>
<pin id="1040" dir="0" index="1" bw="1" slack="0"/>
<pin id="1041" dir="1" index="2" bw="1" slack="0"/>
</pin_list>
<bind>
<opcode="and(23) " fcode="and"/>
<opset="and_ln107_6/12 "/>
</bind>
</comp>

<comp id="1044" class="1004" name="select_ln107_3_fu_1044">
<pin_list>
<pin id="1045" dir="0" index="0" bw="1" slack="0"/>
<pin id="1046" dir="0" index="1" bw="32" slack="8"/>
<pin id="1047" dir="0" index="2" bw="32" slack="2"/>
<pin id="1048" dir="1" index="3" bw="32" slack="1"/>
</pin_list>
<bind>
<opcode="select(49) " fcode="select"/>
<opset="select_ln107_3/12 "/>
</bind>
</comp>

<comp id="1050" class="1004" name="zext_ln115_fu_1050">
<pin_list>
<pin id="1051" dir="0" index="0" bw="9" slack="10"/>
<pin id="1052" dir="1" index="1" bw="64" slack="0"/>
</pin_list>
<bind>
<opcode="zext(34) " fcode="zext"/>
<opset="zext_ln115/13 "/>
</bind>
</comp>

<comp id="1054" class="1005" name="output_col_reg_1054">
<pin_list>
<pin id="1055" dir="0" index="0" bw="3" slack="0"/>
<pin id="1056" dir="1" index="1" bw="3" slack="0"/>
</pin_list>
<bind>
<opset="output_col "/>
</bind>
</comp>

<comp id="1061" class="1005" name="output_row_reg_1061">
<pin_list>
<pin id="1062" dir="0" index="0" bw="3" slack="0"/>
<pin id="1063" dir="1" index="1" bw="3" slack="0"/>
</pin_list>
<bind>
<opset="output_row "/>
</bind>
</comp>

<comp id="1068" class="1005" name="indvar_flatten127_reg_1068">
<pin_list>
<pin id="1069" dir="0" index="0" bw="6" slack="0"/>
<pin id="1070" dir="1" index="1" bw="6" slack="0"/>
</pin_list>
<bind>
<opset="indvar_flatten127 "/>
</bind>
</comp>

<comp id="1075" class="1005" name="channel_reg_1075">
<pin_list>
<pin id="1076" dir="0" index="0" bw="5" slack="0"/>
<pin id="1077" dir="1" index="1" bw="5" slack="0"/>
</pin_list>
<bind>
<opset="channel "/>
</bind>
</comp>

<comp id="1082" class="1005" name="indvar_flatten183_reg_1082">
<pin_list>
<pin id="1083" dir="0" index="0" bw="9" slack="0"/>
<pin id="1084" dir="1" index="1" bw="9" slack="0"/>
</pin_list>
<bind>
<opset="indvar_flatten183 "/>
</bind>
</comp>

<comp id="1089" class="1005" name="output_row_1_reg_1089">
<pin_list>
<pin id="1090" dir="0" index="0" bw="3" slack="1"/>
<pin id="1091" dir="1" index="1" bw="3" slack="1"/>
</pin_list>
<bind>
<opset="output_row_1 "/>
</bind>
</comp>

<comp id="1095" class="1005" name="icmp_ln91_reg_1095">
<pin_list>
<pin id="1096" dir="0" index="0" bw="1" slack="1"/>
<pin id="1097" dir="1" index="1" bw="1" slack="2147483647"/>
</pin_list>
<bind>
<opset="icmp_ln91 "/>
</bind>
</comp>

<comp id="1099" class="1005" name="icmp_ln93_reg_1099">
<pin_list>
<pin id="1100" dir="0" index="0" bw="1" slack="1"/>
<pin id="1101" dir="1" index="1" bw="1" slack="1"/>
</pin_list>
<bind>
<opset="icmp_ln93 "/>
</bind>
</comp>

<comp id="1109" class="1005" name="and_ln91_reg_1109">
<pin_list>
<pin id="1110" dir="0" index="0" bw="1" slack="1"/>
<pin id="1111" dir="1" index="1" bw="1" slack="1"/>
</pin_list>
<bind>
<opset="and_ln91 "/>
</bind>
</comp>

<comp id="1115" class="1005" name="add_ln93_reg_1115">
<pin_list>
<pin id="1116" dir="0" index="0" bw="3" slack="1"/>
<pin id="1117" dir="1" index="1" bw="3" slack="1"/>
</pin_list>
<bind>
<opset="add_ln93 "/>
</bind>
</comp>

<comp id="1121" class="1005" name="select_ln93_reg_1121">
<pin_list>
<pin id="1122" dir="0" index="0" bw="3" slack="2"/>
<pin id="1123" dir="1" index="1" bw="3" slack="2"/>
</pin_list>
<bind>
<opset="select_ln93 "/>
</bind>
</comp>

<comp id="1127" class="1005" name="empty_reg_1127">
<pin_list>
<pin id="1128" dir="0" index="0" bw="4" slack="1"/>
<pin id="1129" dir="1" index="1" bw="4" slack="1"/>
</pin_list>
<bind>
<opset="empty "/>
</bind>
</comp>

<comp id="1132" class="1005" name="tmp3_reg_1132">
<pin_list>
<pin id="1133" dir="0" index="0" bw="5" slack="1"/>
<pin id="1134" dir="1" index="1" bw="5" slack="1"/>
</pin_list>
<bind>
<opset="tmp3 "/>
</bind>
</comp>

<comp id="1137" class="1005" name="add_ln91_reg_1137">
<pin_list>
<pin id="1138" dir="0" index="0" bw="5" slack="1"/>
<pin id="1139" dir="1" index="1" bw="5" slack="1"/>
</pin_list>
<bind>
<opset="add_ln91 "/>
</bind>
</comp>

<comp id="1142" class="1005" name="empty_33_reg_1142">
<pin_list>
<pin id="1143" dir="0" index="0" bw="4" slack="1"/>
<pin id="1144" dir="1" index="1" bw="4" slack="1"/>
</pin_list>
<bind>
<opset="empty_33 "/>
</bind>
</comp>

<comp id="1147" class="1005" name="tmp3_mid1_reg_1147">
<pin_list>
<pin id="1148" dir="0" index="0" bw="5" slack="1"/>
<pin id="1149" dir="1" index="1" bw="5" slack="1"/>
</pin_list>
<bind>
<opset="tmp3_mid1 "/>
</bind>
</comp>

<comp id="1152" class="1005" name="select_ln93_2_reg_1152">
<pin_list>
<pin id="1153" dir="0" index="0" bw="8" slack="1"/>
<pin id="1154" dir="1" index="1" bw="8" slack="1"/>
</pin_list>
<bind>
<opset="select_ln93_2 "/>
</bind>
</comp>

<comp id="1159" class="1005" name="conv2_output_addr_reg_1159">
<pin_list>
<pin id="1160" dir="0" index="0" bw="11" slack="1"/>
<pin id="1161" dir="1" index="1" bw="11" slack="1"/>
</pin_list>
<bind>
<opset="conv2_output_addr "/>
</bind>
</comp>

<comp id="1164" class="1005" name="conv2_output_addr_1_reg_1164">
<pin_list>
<pin id="1165" dir="0" index="0" bw="11" slack="1"/>
<pin id="1166" dir="1" index="1" bw="11" slack="1"/>
</pin_list>
<bind>
<opset="conv2_output_addr_1 "/>
</bind>
</comp>

<comp id="1169" class="1005" name="conv2_output_addr_2_reg_1169">
<pin_list>
<pin id="1170" dir="0" index="0" bw="11" slack="1"/>
<pin id="1171" dir="1" index="1" bw="11" slack="1"/>
</pin_list>
<bind>
<opset="conv2_output_addr_2 "/>
</bind>
</comp>

<comp id="1174" class="1005" name="conv2_output_addr_3_reg_1174">
<pin_list>
<pin id="1175" dir="0" index="0" bw="11" slack="1"/>
<pin id="1176" dir="1" index="1" bw="11" slack="1"/>
</pin_list>
<bind>
<opset="conv2_output_addr_3 "/>
</bind>
</comp>

<comp id="1179" class="1005" name="add_ln114_1_reg_1179">
<pin_list>
<pin id="1180" dir="0" index="0" bw="9" slack="10"/>
<pin id="1181" dir="1" index="1" bw="9" slack="10"/>
</pin_list>
<bind>
<opset="add_ln114_1 "/>
</bind>
</comp>

<comp id="1184" class="1005" name="conv2_output_load_reg_1184">
<pin_list>
<pin id="1185" dir="0" index="0" bw="32" slack="1"/>
<pin id="1186" dir="1" index="1" bw="32" slack="1"/>
</pin_list>
<bind>
<opset="conv2_output_load "/>
</bind>
</comp>

<comp id="1191" class="1005" name="conv2_output_load_1_reg_1191">
<pin_list>
<pin id="1192" dir="0" index="0" bw="32" slack="3"/>
<pin id="1193" dir="1" index="1" bw="32" slack="3"/>
</pin_list>
<bind>
<opset="conv2_output_load_1 "/>
</bind>
</comp>

<comp id="1198" class="1005" name="conv2_output_load_2_reg_1198">
<pin_list>
<pin id="1199" dir="0" index="0" bw="32" slack="5"/>
<pin id="1200" dir="1" index="1" bw="32" slack="5"/>
</pin_list>
<bind>
<opset="conv2_output_load_2 "/>
</bind>
</comp>

<comp id="1205" class="1005" name="conv2_output_load_3_reg_1205">
<pin_list>
<pin id="1206" dir="0" index="0" bw="32" slack="7"/>
<pin id="1207" dir="1" index="1" bw="32" slack="7"/>
</pin_list>
<bind>
<opset="conv2_output_load_3 "/>
</bind>
</comp>

<comp id="1212" class="1005" name="select_ln107_reg_1212">
<pin_list>
<pin id="1213" dir="0" index="0" bw="32" slack="1"/>
<pin id="1214" dir="1" index="1" bw="32" slack="1"/>
</pin_list>
<bind>
<opset="select_ln107 "/>
</bind>
</comp>

<comp id="1219" class="1005" name="select_ln107_1_reg_1219">
<pin_list>
<pin id="1220" dir="0" index="0" bw="32" slack="1"/>
<pin id="1221" dir="1" index="1" bw="32" slack="1"/>
</pin_list>
<bind>
<opset="select_ln107_1 "/>
</bind>
</comp>

<comp id="1226" class="1005" name="select_ln107_2_reg_1226">
<pin_list>
<pin id="1227" dir="0" index="0" bw="32" slack="1"/>
<pin id="1228" dir="1" index="1" bw="32" slack="1"/>
</pin_list>
<bind>
<opset="select_ln107_2 "/>
</bind>
</comp>

<comp id="1233" class="1005" name="select_ln107_3_reg_1233">
<pin_list>
<pin id="1234" dir="0" index="0" bw="32" slack="1"/>
<pin id="1235" dir="1" index="1" bw="32" slack="1"/>
</pin_list>
<bind>
<opset="select_ln107_3 "/>
</bind>
</comp>

</comp_list>

<net_list>
<net id="87"><net_src comp="4" pin="0"/><net_sink comp="84" pin=0"/></net>

<net id="91"><net_src comp="4" pin="0"/><net_sink comp="88" pin=0"/></net>

<net id="95"><net_src comp="4" pin="0"/><net_sink comp="92" pin=0"/></net>

<net id="99"><net_src comp="4" pin="0"/><net_sink comp="96" pin=0"/></net>

<net id="103"><net_src comp="4" pin="0"/><net_sink comp="100" pin=0"/></net>

<net id="109"><net_src comp="0" pin="0"/><net_sink comp="104" pin=0"/></net>

<net id="110"><net_src comp="56" pin="0"/><net_sink comp="104" pin=1"/></net>

<net id="128"><net_src comp="104" pin="3"/><net_sink comp="111" pin=8"/></net>

<net id="134"><net_src comp="0" pin="0"/><net_sink comp="129" pin=0"/></net>

<net id="135"><net_src comp="56" pin="0"/><net_sink comp="129" pin=1"/></net>

<net id="136"><net_src comp="129" pin="3"/><net_sink comp="111" pin=5"/></net>

<net id="142"><net_src comp="0" pin="0"/><net_sink comp="137" pin=0"/></net>

<net id="143"><net_src comp="56" pin="0"/><net_sink comp="137" pin=1"/></net>

<net id="144"><net_src comp="137" pin="3"/><net_sink comp="111" pin=2"/></net>

<net id="150"><net_src comp="0" pin="0"/><net_sink comp="145" pin=0"/></net>

<net id="151"><net_src comp="56" pin="0"/><net_sink comp="145" pin=1"/></net>

<net id="152"><net_src comp="145" pin="3"/><net_sink comp="111" pin=0"/></net>

<net id="158"><net_src comp="2" pin="0"/><net_sink comp="153" pin=0"/></net>

<net id="159"><net_src comp="56" pin="0"/><net_sink comp="153" pin=1"/></net>

<net id="165"><net_src comp="153" pin="3"/><net_sink comp="160" pin=0"/></net>

<net id="170"><net_src comp="60" pin="0"/><net_sink comp="166" pin=1"/></net>

<net id="187"><net_src comp="6" pin="0"/><net_sink comp="183" pin=0"/></net>

<net id="192"><net_src comp="8" pin="0"/><net_sink comp="188" pin=0"/></net>

<net id="197"><net_src comp="10" pin="0"/><net_sink comp="193" pin=0"/></net>

<net id="202"><net_src comp="12" pin="0"/><net_sink comp="198" pin=0"/></net>

<net id="207"><net_src comp="12" pin="0"/><net_sink comp="203" pin=0"/></net>

<net id="218"><net_src comp="211" pin="1"/><net_sink comp="214" pin=0"/></net>

<net id="219"><net_src comp="14" pin="0"/><net_sink comp="214" pin=1"/></net>

<net id="224"><net_src comp="211" pin="1"/><net_sink comp="220" pin=0"/></net>

<net id="225"><net_src comp="16" pin="0"/><net_sink comp="220" pin=1"/></net>

<net id="236"><net_src comp="229" pin="1"/><net_sink comp="232" pin=0"/></net>

<net id="237"><net_src comp="18" pin="0"/><net_sink comp="232" pin=1"/></net>

<net id="243"><net_src comp="232" pin="2"/><net_sink comp="238" pin=0"/></net>

<net id="244"><net_src comp="12" pin="0"/><net_sink comp="238" pin=1"/></net>

<net id="245"><net_src comp="208" pin="1"/><net_sink comp="238" pin=2"/></net>

<net id="250"><net_src comp="232" pin="2"/><net_sink comp="246" pin=0"/></net>

<net id="251"><net_src comp="20" pin="0"/><net_sink comp="246" pin=1"/></net>

<net id="256"><net_src comp="226" pin="1"/><net_sink comp="252" pin=0"/></net>

<net id="257"><net_src comp="22" pin="0"/><net_sink comp="252" pin=1"/></net>

<net id="262"><net_src comp="252" pin="2"/><net_sink comp="258" pin=0"/></net>

<net id="263"><net_src comp="246" pin="2"/><net_sink comp="258" pin=1"/></net>

<net id="268"><net_src comp="238" pin="3"/><net_sink comp="264" pin=0"/></net>

<net id="269"><net_src comp="24" pin="0"/><net_sink comp="264" pin=1"/></net>

<net id="274"><net_src comp="258" pin="2"/><net_sink comp="270" pin=0"/></net>

<net id="275"><net_src comp="232" pin="2"/><net_sink comp="270" pin=1"/></net>

<net id="281"><net_src comp="270" pin="2"/><net_sink comp="276" pin=0"/></net>

<net id="282"><net_src comp="12" pin="0"/><net_sink comp="276" pin=1"/></net>

<net id="283"><net_src comp="226" pin="1"/><net_sink comp="276" pin=2"/></net>

<net id="289"><net_src comp="258" pin="2"/><net_sink comp="284" pin=0"/></net>

<net id="290"><net_src comp="264" pin="2"/><net_sink comp="284" pin=1"/></net>

<net id="291"><net_src comp="238" pin="3"/><net_sink comp="284" pin=2"/></net>

<net id="296"><net_src comp="276" pin="3"/><net_sink comp="292" pin=0"/></net>

<net id="297"><net_src comp="24" pin="0"/><net_sink comp="292" pin=1"/></net>

<net id="302"><net_src comp="229" pin="1"/><net_sink comp="298" pin=0"/></net>

<net id="303"><net_src comp="26" pin="0"/><net_sink comp="298" pin=1"/></net>

<net id="309"><net_src comp="232" pin="2"/><net_sink comp="304" pin=0"/></net>

<net id="310"><net_src comp="26" pin="0"/><net_sink comp="304" pin=1"/></net>

<net id="311"><net_src comp="298" pin="2"/><net_sink comp="304" pin=2"/></net>

<net id="316"><net_src comp="220" pin="2"/><net_sink comp="312" pin=0"/></net>

<net id="321"><net_src comp="304" pin="3"/><net_sink comp="317" pin=0"/></net>

<net id="326"><net_src comp="284" pin="3"/><net_sink comp="322" pin=0"/></net>

<net id="331"><net_src comp="292" pin="2"/><net_sink comp="327" pin=0"/></net>

<net id="338"><net_src comp="332" pin="1"/><net_sink comp="335" pin=0"/></net>

<net id="344"><net_src comp="28" pin="0"/><net_sink comp="339" pin=0"/></net>

<net id="345"><net_src comp="335" pin="1"/><net_sink comp="339" pin=1"/></net>

<net id="346"><net_src comp="12" pin="0"/><net_sink comp="339" pin=2"/></net>

<net id="350"><net_src comp="339" pin="3"/><net_sink comp="347" pin=0"/></net>

<net id="355"><net_src comp="332" pin="1"/><net_sink comp="351" pin=0"/></net>

<net id="356"><net_src comp="30" pin="0"/><net_sink comp="351" pin=1"/></net>

<net id="360"><net_src comp="351" pin="2"/><net_sink comp="357" pin=0"/></net>

<net id="369"><net_src comp="32" pin="0"/><net_sink comp="364" pin=0"/></net>

<net id="370"><net_src comp="34" pin="0"/><net_sink comp="364" pin=2"/></net>

<net id="374"><net_src comp="364" pin="3"/><net_sink comp="371" pin=0"/></net>

<net id="379"><net_src comp="332" pin="1"/><net_sink comp="375" pin=0"/></net>

<net id="380"><net_src comp="361" pin="1"/><net_sink comp="375" pin=1"/></net>

<net id="385"><net_src comp="357" pin="1"/><net_sink comp="381" pin=0"/></net>

<net id="386"><net_src comp="371" pin="1"/><net_sink comp="381" pin=1"/></net>

<net id="390"><net_src comp="381" pin="2"/><net_sink comp="387" pin=0"/></net>

<net id="395"><net_src comp="387" pin="1"/><net_sink comp="391" pin=0"/></net>

<net id="396"><net_src comp="347" pin="1"/><net_sink comp="391" pin=1"/></net>

<net id="401"><net_src comp="332" pin="1"/><net_sink comp="397" pin=0"/></net>

<net id="402"><net_src comp="30" pin="0"/><net_sink comp="397" pin=1"/></net>

<net id="406"><net_src comp="397" pin="2"/><net_sink comp="403" pin=0"/></net>

<net id="412"><net_src comp="28" pin="0"/><net_sink comp="407" pin=0"/></net>

<net id="413"><net_src comp="403" pin="1"/><net_sink comp="407" pin=1"/></net>

<net id="414"><net_src comp="12" pin="0"/><net_sink comp="407" pin=2"/></net>

<net id="418"><net_src comp="407" pin="3"/><net_sink comp="415" pin=0"/></net>

<net id="424"><net_src comp="407" pin="3"/><net_sink comp="419" pin=1"/></net>

<net id="425"><net_src comp="339" pin="3"/><net_sink comp="419" pin=2"/></net>

<net id="429"><net_src comp="419" pin="3"/><net_sink comp="426" pin=0"/></net>

<net id="434"><net_src comp="397" pin="2"/><net_sink comp="430" pin=0"/></net>

<net id="435"><net_src comp="30" pin="0"/><net_sink comp="430" pin=1"/></net>

<net id="441"><net_src comp="430" pin="2"/><net_sink comp="436" pin=1"/></net>

<net id="442"><net_src comp="351" pin="2"/><net_sink comp="436" pin=2"/></net>

<net id="446"><net_src comp="436" pin="3"/><net_sink comp="443" pin=0"/></net>

<net id="450"><net_src comp="430" pin="2"/><net_sink comp="447" pin=0"/></net>

<net id="455"><net_src comp="447" pin="1"/><net_sink comp="451" pin=0"/></net>

<net id="456"><net_src comp="415" pin="1"/><net_sink comp="451" pin=1"/></net>

<net id="462"><net_src comp="451" pin="2"/><net_sink comp="457" pin=1"/></net>

<net id="463"><net_src comp="391" pin="2"/><net_sink comp="457" pin=2"/></net>

<net id="469"><net_src comp="397" pin="2"/><net_sink comp="464" pin=1"/></net>

<net id="470"><net_src comp="332" pin="1"/><net_sink comp="464" pin=2"/></net>

<net id="479"><net_src comp="32" pin="0"/><net_sink comp="474" pin=0"/></net>

<net id="480"><net_src comp="34" pin="0"/><net_sink comp="474" pin=2"/></net>

<net id="484"><net_src comp="474" pin="3"/><net_sink comp="481" pin=0"/></net>

<net id="489"><net_src comp="464" pin="3"/><net_sink comp="485" pin=0"/></net>

<net id="490"><net_src comp="471" pin="1"/><net_sink comp="485" pin=1"/></net>

<net id="495"><net_src comp="443" pin="1"/><net_sink comp="491" pin=0"/></net>

<net id="496"><net_src comp="481" pin="1"/><net_sink comp="491" pin=1"/></net>

<net id="500"><net_src comp="491" pin="2"/><net_sink comp="497" pin=0"/></net>

<net id="505"><net_src comp="497" pin="1"/><net_sink comp="501" pin=0"/></net>

<net id="506"><net_src comp="426" pin="1"/><net_sink comp="501" pin=1"/></net>

<net id="512"><net_src comp="501" pin="2"/><net_sink comp="507" pin=1"/></net>

<net id="513"><net_src comp="457" pin="3"/><net_sink comp="507" pin=2"/></net>

<net id="518"><net_src comp="464" pin="3"/><net_sink comp="514" pin=0"/></net>

<net id="524"><net_src comp="36" pin="0"/><net_sink comp="519" pin=0"/></net>

<net id="525"><net_src comp="38" pin="0"/><net_sink comp="519" pin=2"/></net>

<net id="529"><net_src comp="519" pin="3"/><net_sink comp="526" pin=0"/></net>

<net id="537"><net_src comp="530" pin="1"/><net_sink comp="533" pin=0"/></net>

<net id="538"><net_src comp="526" pin="1"/><net_sink comp="533" pin=1"/></net>

<net id="547"><net_src comp="36" pin="0"/><net_sink comp="542" pin=0"/></net>

<net id="548"><net_src comp="38" pin="0"/><net_sink comp="542" pin=2"/></net>

<net id="552"><net_src comp="542" pin="3"/><net_sink comp="549" pin=0"/></net>

<net id="558"><net_src comp="542" pin="3"/><net_sink comp="553" pin=1"/></net>

<net id="559"><net_src comp="519" pin="3"/><net_sink comp="553" pin=2"/></net>

<net id="563"><net_src comp="553" pin="3"/><net_sink comp="560" pin=0"/></net>

<net id="568"><net_src comp="539" pin="1"/><net_sink comp="564" pin=0"/></net>

<net id="569"><net_src comp="549" pin="1"/><net_sink comp="564" pin=1"/></net>

<net id="575"><net_src comp="564" pin="2"/><net_sink comp="570" pin=1"/></net>

<net id="576"><net_src comp="533" pin="2"/><net_sink comp="570" pin=2"/></net>

<net id="584"><net_src comp="577" pin="1"/><net_sink comp="580" pin=0"/></net>

<net id="585"><net_src comp="560" pin="1"/><net_sink comp="580" pin=1"/></net>

<net id="591"><net_src comp="580" pin="2"/><net_sink comp="586" pin=1"/></net>

<net id="592"><net_src comp="570" pin="3"/><net_sink comp="586" pin=2"/></net>

<net id="598"><net_src comp="48" pin="0"/><net_sink comp="593" pin=0"/></net>

<net id="599"><net_src comp="586" pin="3"/><net_sink comp="593" pin=1"/></net>

<net id="600"><net_src comp="38" pin="0"/><net_sink comp="593" pin=2"/></net>

<net id="606"><net_src comp="50" pin="0"/><net_sink comp="601" pin=0"/></net>

<net id="607"><net_src comp="12" pin="0"/><net_sink comp="601" pin=2"/></net>

<net id="613"><net_src comp="52" pin="0"/><net_sink comp="608" pin=0"/></net>

<net id="614"><net_src comp="34" pin="0"/><net_sink comp="608" pin=2"/></net>

<net id="619"><net_src comp="54" pin="0"/><net_sink comp="615" pin=1"/></net>

<net id="625"><net_src comp="50" pin="0"/><net_sink comp="620" pin=0"/></net>

<net id="626"><net_src comp="615" pin="2"/><net_sink comp="620" pin=1"/></net>

<net id="627"><net_src comp="12" pin="0"/><net_sink comp="620" pin=2"/></net>

<net id="633"><net_src comp="52" pin="0"/><net_sink comp="628" pin=0"/></net>

<net id="634"><net_src comp="615" pin="2"/><net_sink comp="628" pin=1"/></net>

<net id="635"><net_src comp="34" pin="0"/><net_sink comp="628" pin=2"/></net>

<net id="639"><net_src comp="628" pin="3"/><net_sink comp="636" pin=0"/></net>

<net id="648"><net_src comp="32" pin="0"/><net_sink comp="643" pin=0"/></net>

<net id="649"><net_src comp="34" pin="0"/><net_sink comp="643" pin=2"/></net>

<net id="653"><net_src comp="643" pin="3"/><net_sink comp="650" pin=0"/></net>

<net id="657"><net_src comp="643" pin="3"/><net_sink comp="654" pin=0"/></net>

<net id="662"><net_src comp="608" pin="3"/><net_sink comp="658" pin=0"/></net>

<net id="663"><net_src comp="654" pin="1"/><net_sink comp="658" pin=1"/></net>

<net id="667"><net_src comp="658" pin="2"/><net_sink comp="664" pin=0"/></net>

<net id="672"><net_src comp="664" pin="1"/><net_sink comp="668" pin=0"/></net>

<net id="673"><net_src comp="601" pin="3"/><net_sink comp="668" pin=1"/></net>

<net id="677"><net_src comp="668" pin="2"/><net_sink comp="674" pin=0"/></net>

<net id="678"><net_src comp="674" pin="1"/><net_sink comp="104" pin=2"/></net>

<net id="683"><net_src comp="668" pin="2"/><net_sink comp="679" pin=0"/></net>

<net id="684"><net_src comp="58" pin="0"/><net_sink comp="679" pin=1"/></net>

<net id="688"><net_src comp="679" pin="2"/><net_sink comp="685" pin=0"/></net>

<net id="689"><net_src comp="685" pin="1"/><net_sink comp="129" pin=2"/></net>

<net id="694"><net_src comp="636" pin="1"/><net_sink comp="690" pin=0"/></net>

<net id="695"><net_src comp="650" pin="1"/><net_sink comp="690" pin=1"/></net>

<net id="699"><net_src comp="690" pin="2"/><net_sink comp="696" pin=0"/></net>

<net id="704"><net_src comp="696" pin="1"/><net_sink comp="700" pin=0"/></net>

<net id="705"><net_src comp="620" pin="3"/><net_sink comp="700" pin=1"/></net>

<net id="709"><net_src comp="700" pin="2"/><net_sink comp="706" pin=0"/></net>

<net id="710"><net_src comp="706" pin="1"/><net_sink comp="137" pin=2"/></net>

<net id="715"><net_src comp="700" pin="2"/><net_sink comp="711" pin=0"/></net>

<net id="716"><net_src comp="58" pin="0"/><net_sink comp="711" pin=1"/></net>

<net id="720"><net_src comp="711" pin="2"/><net_sink comp="717" pin=0"/></net>

<net id="721"><net_src comp="717" pin="1"/><net_sink comp="145" pin=2"/></net>

<net id="726"><net_src comp="586" pin="3"/><net_sink comp="722" pin=0"/></net>

<net id="727"><net_src comp="640" pin="1"/><net_sink comp="722" pin=1"/></net>

<net id="731"><net_src comp="722" pin="2"/><net_sink comp="728" pin=0"/></net>

<net id="736"><net_src comp="728" pin="1"/><net_sink comp="732" pin=0"/></net>

<net id="737"><net_src comp="593" pin="3"/><net_sink comp="732" pin=1"/></net>

<net id="747"><net_src comp="62" pin="0"/><net_sink comp="741" pin=0"/></net>

<net id="748"><net_src comp="738" pin="1"/><net_sink comp="741" pin=1"/></net>

<net id="749"><net_src comp="64" pin="0"/><net_sink comp="741" pin=2"/></net>

<net id="750"><net_src comp="66" pin="0"/><net_sink comp="741" pin=3"/></net>

<net id="754"><net_src comp="738" pin="1"/><net_sink comp="751" pin=0"/></net>

<net id="759"><net_src comp="741" pin="4"/><net_sink comp="755" pin=0"/></net>

<net id="760"><net_src comp="68" pin="0"/><net_sink comp="755" pin=1"/></net>

<net id="765"><net_src comp="751" pin="1"/><net_sink comp="761" pin=0"/></net>

<net id="766"><net_src comp="70" pin="0"/><net_sink comp="761" pin=1"/></net>

<net id="771"><net_src comp="761" pin="2"/><net_sink comp="767" pin=0"/></net>

<net id="772"><net_src comp="755" pin="2"/><net_sink comp="767" pin=1"/></net>

<net id="777"><net_src comp="767" pin="2"/><net_sink comp="773" pin=0"/></net>

<net id="778"><net_src comp="166" pin="2"/><net_sink comp="773" pin=1"/></net>

<net id="784"><net_src comp="773" pin="2"/><net_sink comp="779" pin=0"/></net>

<net id="785"><net_src comp="60" pin="0"/><net_sink comp="779" pin=2"/></net>

<net id="795"><net_src comp="62" pin="0"/><net_sink comp="789" pin=0"/></net>

<net id="796"><net_src comp="786" pin="1"/><net_sink comp="789" pin=1"/></net>

<net id="797"><net_src comp="64" pin="0"/><net_sink comp="789" pin=2"/></net>

<net id="798"><net_src comp="66" pin="0"/><net_sink comp="789" pin=3"/></net>

<net id="802"><net_src comp="786" pin="1"/><net_sink comp="799" pin=0"/></net>

<net id="812"><net_src comp="62" pin="0"/><net_sink comp="806" pin=0"/></net>

<net id="813"><net_src comp="803" pin="1"/><net_sink comp="806" pin=1"/></net>

<net id="814"><net_src comp="64" pin="0"/><net_sink comp="806" pin=2"/></net>

<net id="815"><net_src comp="66" pin="0"/><net_sink comp="806" pin=3"/></net>

<net id="819"><net_src comp="803" pin="1"/><net_sink comp="816" pin=0"/></net>

<net id="824"><net_src comp="789" pin="4"/><net_sink comp="820" pin=0"/></net>

<net id="825"><net_src comp="68" pin="0"/><net_sink comp="820" pin=1"/></net>

<net id="830"><net_src comp="799" pin="1"/><net_sink comp="826" pin=0"/></net>

<net id="831"><net_src comp="70" pin="0"/><net_sink comp="826" pin=1"/></net>

<net id="836"><net_src comp="826" pin="2"/><net_sink comp="832" pin=0"/></net>

<net id="837"><net_src comp="820" pin="2"/><net_sink comp="832" pin=1"/></net>

<net id="842"><net_src comp="806" pin="4"/><net_sink comp="838" pin=0"/></net>

<net id="843"><net_src comp="68" pin="0"/><net_sink comp="838" pin=1"/></net>

<net id="848"><net_src comp="816" pin="1"/><net_sink comp="844" pin=0"/></net>

<net id="849"><net_src comp="70" pin="0"/><net_sink comp="844" pin=1"/></net>

<net id="854"><net_src comp="844" pin="2"/><net_sink comp="850" pin=0"/></net>

<net id="855"><net_src comp="838" pin="2"/><net_sink comp="850" pin=1"/></net>

<net id="860"><net_src comp="832" pin="2"/><net_sink comp="856" pin=0"/></net>

<net id="861"><net_src comp="850" pin="2"/><net_sink comp="856" pin=1"/></net>

<net id="866"><net_src comp="856" pin="2"/><net_sink comp="862" pin=0"/></net>

<net id="867"><net_src comp="171" pin="2"/><net_sink comp="862" pin=1"/></net>

<net id="873"><net_src comp="862" pin="2"/><net_sink comp="868" pin=0"/></net>

<net id="883"><net_src comp="62" pin="0"/><net_sink comp="877" pin=0"/></net>

<net id="884"><net_src comp="874" pin="1"/><net_sink comp="877" pin=1"/></net>

<net id="885"><net_src comp="64" pin="0"/><net_sink comp="877" pin=2"/></net>

<net id="886"><net_src comp="66" pin="0"/><net_sink comp="877" pin=3"/></net>

<net id="890"><net_src comp="874" pin="1"/><net_sink comp="887" pin=0"/></net>

<net id="900"><net_src comp="62" pin="0"/><net_sink comp="894" pin=0"/></net>

<net id="901"><net_src comp="891" pin="1"/><net_sink comp="894" pin=1"/></net>

<net id="902"><net_src comp="64" pin="0"/><net_sink comp="894" pin=2"/></net>

<net id="903"><net_src comp="66" pin="0"/><net_sink comp="894" pin=3"/></net>

<net id="907"><net_src comp="891" pin="1"/><net_sink comp="904" pin=0"/></net>

<net id="912"><net_src comp="877" pin="4"/><net_sink comp="908" pin=0"/></net>

<net id="913"><net_src comp="68" pin="0"/><net_sink comp="908" pin=1"/></net>

<net id="918"><net_src comp="887" pin="1"/><net_sink comp="914" pin=0"/></net>

<net id="919"><net_src comp="70" pin="0"/><net_sink comp="914" pin=1"/></net>

<net id="924"><net_src comp="914" pin="2"/><net_sink comp="920" pin=0"/></net>

<net id="925"><net_src comp="908" pin="2"/><net_sink comp="920" pin=1"/></net>

<net id="930"><net_src comp="894" pin="4"/><net_sink comp="926" pin=0"/></net>

<net id="931"><net_src comp="68" pin="0"/><net_sink comp="926" pin=1"/></net>

<net id="936"><net_src comp="904" pin="1"/><net_sink comp="932" pin=0"/></net>

<net id="937"><net_src comp="70" pin="0"/><net_sink comp="932" pin=1"/></net>

<net id="942"><net_src comp="932" pin="2"/><net_sink comp="938" pin=0"/></net>

<net id="943"><net_src comp="926" pin="2"/><net_sink comp="938" pin=1"/></net>

<net id="948"><net_src comp="920" pin="2"/><net_sink comp="944" pin=0"/></net>

<net id="949"><net_src comp="938" pin="2"/><net_sink comp="944" pin=1"/></net>

<net id="954"><net_src comp="944" pin="2"/><net_sink comp="950" pin=0"/></net>

<net id="955"><net_src comp="175" pin="2"/><net_sink comp="950" pin=1"/></net>

<net id="961"><net_src comp="950" pin="2"/><net_sink comp="956" pin=0"/></net>

<net id="971"><net_src comp="62" pin="0"/><net_sink comp="965" pin=0"/></net>

<net id="972"><net_src comp="962" pin="1"/><net_sink comp="965" pin=1"/></net>

<net id="973"><net_src comp="64" pin="0"/><net_sink comp="965" pin=2"/></net>

<net id="974"><net_src comp="66" pin="0"/><net_sink comp="965" pin=3"/></net>

<net id="978"><net_src comp="962" pin="1"/><net_sink comp="975" pin=0"/></net>

<net id="988"><net_src comp="62" pin="0"/><net_sink comp="982" pin=0"/></net>

<net id="989"><net_src comp="979" pin="1"/><net_sink comp="982" pin=1"/></net>

<net id="990"><net_src comp="64" pin="0"/><net_sink comp="982" pin=2"/></net>

<net id="991"><net_src comp="66" pin="0"/><net_sink comp="982" pin=3"/></net>

<net id="995"><net_src comp="979" pin="1"/><net_sink comp="992" pin=0"/></net>

<net id="1000"><net_src comp="965" pin="4"/><net_sink comp="996" pin=0"/></net>

<net id="1001"><net_src comp="68" pin="0"/><net_sink comp="996" pin=1"/></net>

<net id="1006"><net_src comp="975" pin="1"/><net_sink comp="1002" pin=0"/></net>

<net id="1007"><net_src comp="70" pin="0"/><net_sink comp="1002" pin=1"/></net>

<net id="1012"><net_src comp="1002" pin="2"/><net_sink comp="1008" pin=0"/></net>

<net id="1013"><net_src comp="996" pin="2"/><net_sink comp="1008" pin=1"/></net>

<net id="1018"><net_src comp="982" pin="4"/><net_sink comp="1014" pin=0"/></net>

<net id="1019"><net_src comp="68" pin="0"/><net_sink comp="1014" pin=1"/></net>

<net id="1024"><net_src comp="992" pin="1"/><net_sink comp="1020" pin=0"/></net>

<net id="1025"><net_src comp="70" pin="0"/><net_sink comp="1020" pin=1"/></net>

<net id="1030"><net_src comp="1020" pin="2"/><net_sink comp="1026" pin=0"/></net>

<net id="1031"><net_src comp="1014" pin="2"/><net_sink comp="1026" pin=1"/></net>

<net id="1036"><net_src comp="1008" pin="2"/><net_sink comp="1032" pin=0"/></net>

<net id="1037"><net_src comp="1026" pin="2"/><net_sink comp="1032" pin=1"/></net>

<net id="1042"><net_src comp="1032" pin="2"/><net_sink comp="1038" pin=0"/></net>

<net id="1043"><net_src comp="179" pin="2"/><net_sink comp="1038" pin=1"/></net>

<net id="1049"><net_src comp="1038" pin="2"/><net_sink comp="1044" pin=0"/></net>

<net id="1053"><net_src comp="1050" pin="1"/><net_sink comp="153" pin=2"/></net>

<net id="1057"><net_src comp="84" pin="1"/><net_sink comp="1054" pin=0"/></net>

<net id="1058"><net_src comp="1054" pin="1"/><net_sink comp="203" pin=1"/></net>

<net id="1059"><net_src comp="1054" pin="1"/><net_sink comp="226" pin=0"/></net>

<net id="1060"><net_src comp="1054" pin="1"/><net_sink comp="327" pin=1"/></net>

<net id="1064"><net_src comp="88" pin="1"/><net_sink comp="1061" pin=0"/></net>

<net id="1065"><net_src comp="1061" pin="1"/><net_sink comp="198" pin=1"/></net>

<net id="1066"><net_src comp="1061" pin="1"/><net_sink comp="208" pin=0"/></net>

<net id="1067"><net_src comp="1061" pin="1"/><net_sink comp="322" pin=1"/></net>

<net id="1071"><net_src comp="92" pin="1"/><net_sink comp="1068" pin=0"/></net>

<net id="1072"><net_src comp="1068" pin="1"/><net_sink comp="193" pin=1"/></net>

<net id="1073"><net_src comp="1068" pin="1"/><net_sink comp="229" pin=0"/></net>

<net id="1074"><net_src comp="1068" pin="1"/><net_sink comp="317" pin=1"/></net>

<net id="1078"><net_src comp="96" pin="1"/><net_sink comp="1075" pin=0"/></net>

<net id="1079"><net_src comp="1075" pin="1"/><net_sink comp="188" pin=1"/></net>

<net id="1080"><net_src comp="1075" pin="1"/><net_sink comp="332" pin=0"/></net>

<net id="1081"><net_src comp="1075" pin="1"/><net_sink comp="514" pin=1"/></net>

<net id="1085"><net_src comp="100" pin="1"/><net_sink comp="1082" pin=0"/></net>

<net id="1086"><net_src comp="1082" pin="1"/><net_sink comp="183" pin=1"/></net>

<net id="1087"><net_src comp="1082" pin="1"/><net_sink comp="211" pin=0"/></net>

<net id="1088"><net_src comp="1082" pin="1"/><net_sink comp="312" pin=1"/></net>

<net id="1092"><net_src comp="208" pin="1"/><net_sink comp="1089" pin=0"/></net>

<net id="1093"><net_src comp="1089" pin="1"/><net_sink comp="361" pin=0"/></net>

<net id="1094"><net_src comp="1089" pin="1"/><net_sink comp="364" pin=1"/></net>

<net id="1098"><net_src comp="214" pin="2"/><net_sink comp="1095" pin=0"/></net>

<net id="1102"><net_src comp="232" pin="2"/><net_sink comp="1099" pin=0"/></net>

<net id="1103"><net_src comp="1099" pin="1"/><net_sink comp="419" pin=0"/></net>

<net id="1104"><net_src comp="1099" pin="1"/><net_sink comp="436" pin=0"/></net>

<net id="1105"><net_src comp="1099" pin="1"/><net_sink comp="457" pin=0"/></net>

<net id="1106"><net_src comp="1099" pin="1"/><net_sink comp="464" pin=0"/></net>

<net id="1107"><net_src comp="1099" pin="1"/><net_sink comp="553" pin=0"/></net>

<net id="1108"><net_src comp="1099" pin="1"/><net_sink comp="570" pin=0"/></net>

<net id="1112"><net_src comp="258" pin="2"/><net_sink comp="1109" pin=0"/></net>

<net id="1113"><net_src comp="1109" pin="1"/><net_sink comp="507" pin=0"/></net>

<net id="1114"><net_src comp="1109" pin="1"/><net_sink comp="586" pin=0"/></net>

<net id="1118"><net_src comp="264" pin="2"/><net_sink comp="1115" pin=0"/></net>

<net id="1119"><net_src comp="1115" pin="1"/><net_sink comp="471" pin=0"/></net>

<net id="1120"><net_src comp="1115" pin="1"/><net_sink comp="474" pin=1"/></net>

<net id="1124"><net_src comp="276" pin="3"/><net_sink comp="1121" pin=0"/></net>

<net id="1125"><net_src comp="1121" pin="1"/><net_sink comp="640" pin=0"/></net>

<net id="1126"><net_src comp="1121" pin="1"/><net_sink comp="643" pin=1"/></net>

<net id="1130"><net_src comp="335" pin="1"/><net_sink comp="1127" pin=0"/></net>

<net id="1131"><net_src comp="1127" pin="1"/><net_sink comp="519" pin=1"/></net>

<net id="1135"><net_src comp="375" pin="2"/><net_sink comp="1132" pin=0"/></net>

<net id="1136"><net_src comp="1132" pin="1"/><net_sink comp="530" pin=0"/></net>

<net id="1140"><net_src comp="397" pin="2"/><net_sink comp="1137" pin=0"/></net>

<net id="1141"><net_src comp="1137" pin="1"/><net_sink comp="539" pin=0"/></net>

<net id="1145"><net_src comp="403" pin="1"/><net_sink comp="1142" pin=0"/></net>

<net id="1146"><net_src comp="1142" pin="1"/><net_sink comp="542" pin=1"/></net>

<net id="1150"><net_src comp="485" pin="2"/><net_sink comp="1147" pin=0"/></net>

<net id="1151"><net_src comp="1147" pin="1"/><net_sink comp="577" pin=0"/></net>

<net id="1155"><net_src comp="507" pin="3"/><net_sink comp="1152" pin=0"/></net>

<net id="1156"><net_src comp="1152" pin="1"/><net_sink comp="601" pin=1"/></net>

<net id="1157"><net_src comp="1152" pin="1"/><net_sink comp="608" pin=1"/></net>

<net id="1158"><net_src comp="1152" pin="1"/><net_sink comp="615" pin=0"/></net>

<net id="1162"><net_src comp="104" pin="3"/><net_sink comp="1159" pin=0"/></net>

<net id="1163"><net_src comp="1159" pin="1"/><net_sink comp="111" pin=8"/></net>

<net id="1167"><net_src comp="129" pin="3"/><net_sink comp="1164" pin=0"/></net>

<net id="1168"><net_src comp="1164" pin="1"/><net_sink comp="111" pin=5"/></net>

<net id="1172"><net_src comp="137" pin="3"/><net_sink comp="1169" pin=0"/></net>

<net id="1173"><net_src comp="1169" pin="1"/><net_sink comp="111" pin=2"/></net>

<net id="1177"><net_src comp="145" pin="3"/><net_sink comp="1174" pin=0"/></net>

<net id="1178"><net_src comp="1174" pin="1"/><net_sink comp="111" pin=0"/></net>

<net id="1182"><net_src comp="732" pin="2"/><net_sink comp="1179" pin=0"/></net>

<net id="1183"><net_src comp="1179" pin="1"/><net_sink comp="1050" pin=0"/></net>

<net id="1187"><net_src comp="111" pin="15"/><net_sink comp="1184" pin=0"/></net>

<net id="1188"><net_src comp="1184" pin="1"/><net_sink comp="166" pin=0"/></net>

<net id="1189"><net_src comp="1184" pin="1"/><net_sink comp="738" pin=0"/></net>

<net id="1190"><net_src comp="1184" pin="1"/><net_sink comp="779" pin=1"/></net>

<net id="1194"><net_src comp="111" pin="11"/><net_sink comp="1191" pin=0"/></net>

<net id="1195"><net_src comp="1191" pin="1"/><net_sink comp="171" pin=0"/></net>

<net id="1196"><net_src comp="1191" pin="1"/><net_sink comp="786" pin=0"/></net>

<net id="1197"><net_src comp="1191" pin="1"/><net_sink comp="868" pin=1"/></net>

<net id="1201"><net_src comp="111" pin="7"/><net_sink comp="1198" pin=0"/></net>

<net id="1202"><net_src comp="1198" pin="1"/><net_sink comp="175" pin=0"/></net>

<net id="1203"><net_src comp="1198" pin="1"/><net_sink comp="874" pin=0"/></net>

<net id="1204"><net_src comp="1198" pin="1"/><net_sink comp="956" pin=1"/></net>

<net id="1208"><net_src comp="111" pin="3"/><net_sink comp="1205" pin=0"/></net>

<net id="1209"><net_src comp="1205" pin="1"/><net_sink comp="179" pin=0"/></net>

<net id="1210"><net_src comp="1205" pin="1"/><net_sink comp="962" pin=0"/></net>

<net id="1211"><net_src comp="1205" pin="1"/><net_sink comp="1044" pin=1"/></net>

<net id="1215"><net_src comp="779" pin="3"/><net_sink comp="1212" pin=0"/></net>

<net id="1216"><net_src comp="1212" pin="1"/><net_sink comp="171" pin=1"/></net>

<net id="1217"><net_src comp="1212" pin="1"/><net_sink comp="803" pin=0"/></net>

<net id="1218"><net_src comp="1212" pin="1"/><net_sink comp="868" pin=2"/></net>

<net id="1222"><net_src comp="868" pin="3"/><net_sink comp="1219" pin=0"/></net>

<net id="1223"><net_src comp="1219" pin="1"/><net_sink comp="175" pin=1"/></net>

<net id="1224"><net_src comp="1219" pin="1"/><net_sink comp="891" pin=0"/></net>

<net id="1225"><net_src comp="1219" pin="1"/><net_sink comp="956" pin=2"/></net>

<net id="1229"><net_src comp="956" pin="3"/><net_sink comp="1226" pin=0"/></net>

<net id="1230"><net_src comp="1226" pin="1"/><net_sink comp="179" pin=1"/></net>

<net id="1231"><net_src comp="1226" pin="1"/><net_sink comp="979" pin=0"/></net>

<net id="1232"><net_src comp="1226" pin="1"/><net_sink comp="1044" pin=2"/></net>

<net id="1236"><net_src comp="1044" pin="3"/><net_sink comp="1233" pin=0"/></net>

<net id="1237"><net_src comp="1233" pin="1"/><net_sink comp="160" pin=1"/></net>

</net_list>

</model> 
---------------- Datapath Model END ------------------

* FSMD analyzer results:
  - Output states:
	Port: pool2_output | {13 }
 - Input state : 
	Port: lenet_full_top_Pipeline_POOL_CHANNEL_POOL_ROW_POOL_COL1 : conv2_output | {3 4 }
  - Chain level:
	State 1
		store_ln0 : 1
		store_ln0 : 1
		store_ln0 : 1
		store_ln0 : 1
		store_ln0 : 1
		output_row_1 : 1
		indvar_flatten183_load : 1
		icmp_ln91 : 2
		add_ln91_1 : 2
		br_ln91 : 3
		output_col_load : 1
		indvar_flatten127_load : 1
		icmp_ln93 : 2
		select_ln91 : 3
		xor_ln91 : 3
		icmp_ln95 : 2
		and_ln91 : 3
		add_ln93 : 4
		or_ln93 : 3
		select_ln93 : 3
		select_ln93_3 : 3
		add_ln95 : 4
		add_ln93_1 : 2
		select_ln93_4 : 3
		store_ln95 : 3
		store_ln95 : 4
		store_ln95 : 4
		store_ln95 : 5
	State 2
		empty : 1
		p_shl : 2
		p_shl25_cast : 3
		empty_29 : 1
		p_shl26_cast : 1
		p_cast38 : 1
		tmp3 : 1
		tmp4 : 2
		tmp4_cast : 3
		empty_31 : 4
		add_ln91 : 1
		empty_33 : 2
		p_shl25_mid1 : 3
		p_shl25_cast_mid1 : 4
		select_ln91_1 : 4
		zext_ln91_1 : 5
		empty_34 : 2
		select_ln91_2 : 2
		zext_ln91_2 : 3
		tmp4_cast_mid1157 : 2
		p_mid1159 : 5
		select_ln91_5 : 6
		select_ln91_6 : 2
		p_cast38_mid1 : 1
		tmp3_mid1 : 3
		tmp4_mid1 : 4
		tmp4_cast_mid1 : 5
		p_mid1123 : 6
		select_ln93_2 : 7
		store_ln95 : 3
	State 3
		zext_ln93 : 1
		empty_30 : 2
		zext_ln93_2 : 1
		select_ln91_3 : 1
		zext_ln91_3 : 2
		p_mid1149 : 2
		select_ln91_4 : 3
		p_mid1121 : 3
		select_ln93_1 : 4
		p_shl27_mid2 : 5
		zext_ln93_4 : 1
		zext_ln105 : 1
		zext_ln105_1 : 1
		add_ln105 : 2
		zext_ln105_2 : 3
		add_ln105_1 : 4
		zext_ln106 : 5
		conv2_output_addr : 6
		conv2_output_load : 7
		or_ln105 : 5
		zext_ln106_1 : 5
		conv2_output_addr_1 : 6
		conv2_output_load_1 : 7
		add_ln105_2 : 2
		zext_ln105_3 : 3
		add_ln105_3 : 4
		zext_ln106_2 : 5
		conv2_output_addr_2 : 6
		conv2_output_load_2 : 7
		or_ln105_1 : 5
		zext_ln106_3 : 5
		conv2_output_addr_3 : 6
		conv2_output_load_3 : 7
		add_ln114 : 5
		zext_ln114 : 6
		add_ln114_1 : 7
	State 4
	State 5
	State 6
		tmp_4 : 1
		trunc_ln107 : 1
		icmp_ln107 : 2
		icmp_ln107_1 : 2
		or_ln107 : 3
		and_ln107 : 3
		select_ln107 : 3
	State 7
	State 8
		tmp_6 : 1
		trunc_ln107_1 : 1
		tmp_7 : 1
		trunc_ln107_2 : 1
		icmp_ln107_2 : 2
		icmp_ln107_3 : 2
		or_ln107_1 : 3
		icmp_ln107_4 : 2
		icmp_ln107_5 : 2
		or_ln107_2 : 3
		and_ln107_1 : 3
		and_ln107_2 : 3
		select_ln107_1 : 3
	State 9
	State 10
		tmp_9 : 1
		trunc_ln107_3 : 1
		tmp_10 : 1
		trunc_ln107_4 : 1
		icmp_ln107_6 : 2
		icmp_ln107_7 : 2
		or_ln107_3 : 3
		icmp_ln107_8 : 2
		icmp_ln107_9 : 2
		or_ln107_4 : 3
		and_ln107_3 : 3
		and_ln107_4 : 3
		select_ln107_2 : 3
	State 11
	State 12
		tmp_12 : 1
		trunc_ln107_5 : 1
		tmp_13 : 1
		trunc_ln107_6 : 1
		icmp_ln107_10 : 2
		icmp_ln107_11 : 2
		or_ln107_5 : 3
		icmp_ln107_12 : 2
		icmp_ln107_13 : 2
		or_ln107_6 : 3
		and_ln107_5 : 3
		and_ln107_6 : 3
		select_ln107_3 : 3
	State 13
		pool2_output_addr : 1
		store_ln115 : 2


============================================================
+ Verbose Summary: Datapath Resource usage 
============================================================

* Functional unit list:
|----------|----------------------------|---------|---------|
| Operation|       Functional Unit      |    FF   |   LUT   |
|----------|----------------------------|---------|---------|
|          |      add_ln91_1_fu_220     |    0    |    14   |
|          |       add_ln93_fu_264      |    0    |    11   |
|          |       add_ln95_fu_292      |    0    |    11   |
|          |      add_ln93_1_fu_298     |    0    |    14   |
|          |         tmp3_fu_375        |    0    |    13   |
|          |         tmp4_fu_381        |    0    |    13   |
|          |       empty_31_fu_391      |    0    |    14   |
|          |       add_ln91_fu_397      |    0    |    13   |
|          |      p_mid1159_fu_451      |    0    |    14   |
|          |      tmp3_mid1_fu_485      |    0    |    13   |
|    add   |      tmp4_mid1_fu_491      |    0    |    13   |
|          |      p_mid1123_fu_501      |    0    |    14   |
|          |       empty_30_fu_533      |    0    |    14   |
|          |      p_mid1149_fu_564      |    0    |    14   |
|          |      p_mid1121_fu_580      |    0    |    14   |
|          |      add_ln105_fu_658      |    0    |    14   |
|          |     add_ln105_1_fu_668     |    0    |    12   |
|          |     add_ln105_2_fu_690     |    0    |    14   |
|          |     add_ln105_3_fu_700     |    0    |    12   |
|          |      add_ln114_fu_722      |    0    |    14   |
|          |     add_ln114_1_fu_732     |    0    |    14   |
|----------|----------------------------|---------|---------|
|          |      icmp_ln91_fu_214      |    0    |    11   |
|          |      icmp_ln93_fu_232      |    0    |    10   |
|          |      icmp_ln95_fu_252      |    0    |    8    |
|          |      icmp_ln107_fu_755     |    0    |    11   |
|          |     icmp_ln107_1_fu_761    |    0    |    15   |
|          |     icmp_ln107_2_fu_820    |    0    |    11   |
|          |     icmp_ln107_3_fu_826    |    0    |    15   |
|          |     icmp_ln107_4_fu_838    |    0    |    11   |
|   icmp   |     icmp_ln107_5_fu_844    |    0    |    15   |
|          |     icmp_ln107_6_fu_908    |    0    |    11   |
|          |     icmp_ln107_7_fu_914    |    0    |    15   |
|          |     icmp_ln107_8_fu_926    |    0    |    11   |
|          |     icmp_ln107_9_fu_932    |    0    |    15   |
|          |    icmp_ln107_10_fu_996    |    0    |    11   |
|          |    icmp_ln107_11_fu_1002   |    0    |    15   |
|          |    icmp_ln107_12_fu_1014   |    0    |    11   |
|          |    icmp_ln107_13_fu_1020   |    0    |    15   |
|----------|----------------------------|---------|---------|
|          |     select_ln91_fu_238     |    0    |    3    |
|          |     select_ln93_fu_276     |    0    |    3    |
|          |    select_ln93_3_fu_284    |    0    |    3    |
|          |    select_ln93_4_fu_304    |    0    |    6    |
|          |    select_ln91_1_fu_419    |    0    |    7    |
|          |    select_ln91_2_fu_436    |    0    |    5    |
|          |    select_ln91_5_fu_457    |    0    |    8    |
|  select  |    select_ln91_6_fu_464    |    0    |    5    |
|          |    select_ln93_2_fu_507    |    0    |    8    |
|          |    select_ln91_3_fu_553    |    0    |    6    |
|          |    select_ln91_4_fu_570    |    0    |    7    |
|          |    select_ln93_1_fu_586    |    0    |    7    |
|          |     select_ln107_fu_779    |    0    |    32   |
|          |    select_ln107_1_fu_868   |    0    |    32   |
|          |    select_ln107_2_fu_956   |    0    |    32   |
|          |   select_ln107_3_fu_1044   |    0    |    32   |
|----------|----------------------------|---------|---------|
|          |       and_ln91_fu_258      |    0    |    2    |
|          |      and_ln107_fu_773      |    0    |    2    |
|          |     and_ln107_1_fu_856     |    0    |    2    |
|    and   |     and_ln107_2_fu_862     |    0    |    2    |
|          |     and_ln107_3_fu_944     |    0    |    2    |
|          |     and_ln107_4_fu_950     |    0    |    2    |
|          |     and_ln107_5_fu_1032    |    0    |    2    |
|          |     and_ln107_6_fu_1038    |    0    |    2    |
|----------|----------------------------|---------|---------|
|          |       or_ln93_fu_270       |    0    |    2    |
|          |      or_ln93_1_fu_615      |    0    |    0    |
|          |       or_ln105_fu_679      |    0    |    0    |
|          |      or_ln105_1_fu_711     |    0    |    0    |
|          |       or_ln107_fu_767      |    0    |    2    |
|    or    |      or_ln107_1_fu_832     |    0    |    2    |
|          |      or_ln107_2_fu_850     |    0    |    2    |
|          |      or_ln107_3_fu_920     |    0    |    2    |
|          |      or_ln107_4_fu_938     |    0    |    2    |
|          |     or_ln107_5_fu_1008     |    0    |    2    |
|          |     or_ln107_6_fu_1026     |    0    |    2    |
|----------|----------------------------|---------|---------|
|    xor   |       xor_ln91_fu_246      |    0    |    2    |
|----------|----------------------------|---------|---------|
|          |         grp_fu_166         |    0    |    0    |
|   fcmp   |         grp_fu_171         |    0    |    0    |
|          |         grp_fu_175         |    0    |    0    |
|          |         grp_fu_179         |    0    |    0    |
|----------|----------------------------|---------|---------|
|          |        empty_fu_335        |    0    |    0    |
|          |       empty_33_fu_403      |    0    |    0    |
|          |     trunc_ln107_fu_751     |    0    |    0    |
|          |    trunc_ln107_1_fu_799    |    0    |    0    |
|   trunc  |    trunc_ln107_2_fu_816    |    0    |    0    |
|          |    trunc_ln107_3_fu_887    |    0    |    0    |
|          |    trunc_ln107_4_fu_904    |    0    |    0    |
|          |    trunc_ln107_5_fu_975    |    0    |    0    |
|          |    trunc_ln107_6_fu_992    |    0    |    0    |
|----------|----------------------------|---------|---------|
|          |        p_shl_fu_339        |    0    |    0    |
|          |        tmp_s_fu_364        |    0    |    0    |
|          |     p_shl25_mid1_fu_407    |    0    |    0    |
|          |        p_mid2_fu_474       |    0    |    0    |
|          |        p_shl1_fu_519       |    0    |    0    |
|bitconcatenate|     p_shl24_mid1_fu_542    |    0    |    0    |
|          |     p_shl27_mid2_fu_593    |    0    |    0    |
|          |    p_shl28_0_mid2_fu_601   |    0    |    0    |
|          |    p_shl29_0_mid2_fu_608   |    0    |    0    |
|          |    p_shl28_1_mid2_fu_620   |    0    |    0    |
|          |   zext_ln95_mid2_v_fu_628  |    0    |    0    |
|          |        tmp_3_fu_643        |    0    |    0    |
|----------|----------------------------|---------|---------|
|          |     p_shl25_cast_fu_347    |    0    |    0    |
|          |     p_shl26_cast_fu_357    |    0    |    0    |
|          |     zext_ln93_1_fu_361     |    0    |    0    |
|          |       p_cast38_fu_371      |    0    |    0    |
|          |      tmp4_cast_fu_387      |    0    |    0    |
|          |  p_shl25_cast_mid1_fu_415  |    0    |    0    |
|          |     zext_ln91_1_fu_426     |    0    |    0    |
|          |     zext_ln91_2_fu_443     |    0    |    0    |
|          |  tmp4_cast_mid1157_fu_447  |    0    |    0    |
|          |     zext_ln93_3_fu_471     |    0    |    0    |
|          |    p_cast38_mid1_fu_481    |    0    |    0    |
|          |    tmp4_cast_mid1_fu_497   |    0    |    0    |
|          |      zext_ln93_fu_526      |    0    |    0    |
|          |      tmp3_cast_fu_530      |    0    |    0    |
|   zext   |      zext_ln91_fu_539      |    0    |    0    |
|          |     zext_ln93_2_fu_549     |    0    |    0    |
|          |     zext_ln91_3_fu_560     |    0    |    0    |
|          |    tmp3_cast_mid1_fu_577   |    0    |    0    |
|          |     zext_ln93_4_fu_636     |    0    |    0    |
|          | output_col_2_cast51_fu_640 |    0    |    0    |
|          |      zext_ln105_fu_650     |    0    |    0    |
|          |     zext_ln105_1_fu_654    |    0    |    0    |
|          |     zext_ln105_2_fu_664    |    0    |    0    |
|          |      zext_ln106_fu_674     |    0    |    0    |
|          |     zext_ln106_1_fu_685    |    0    |    0    |
|          |     zext_ln105_3_fu_696    |    0    |    0    |
|          |     zext_ln106_2_fu_706    |    0    |    0    |
|          |     zext_ln106_3_fu_717    |    0    |    0    |
|          |      zext_ln114_fu_728     |    0    |    0    |
|          |     zext_ln115_fu_1050     |    0    |    0    |
|----------|----------------------------|---------|---------|
|    shl   |       empty_29_fu_351      |    0    |    0    |
|          |       empty_34_fu_430      |    0    |    0    |
|----------|----------------------------|---------|---------|
|          |        tmp_4_fu_741        |    0    |    0    |
|          |        tmp_6_fu_789        |    0    |    0    |
|          |        tmp_7_fu_806        |    0    |    0    |
|partselect|        tmp_9_fu_877        |    0    |    0    |
|          |        tmp_10_fu_894       |    0    |    0    |
|          |        tmp_12_fu_965       |    0    |    0    |
|          |        tmp_13_fu_982       |    0    |    0    |
|----------|----------------------------|---------|---------|
|   Total  |                            |    0    |   720   |
|----------|----------------------------|---------|---------|

Memories:
N/A

* Register list:
+----------------------------+--------+
|                            |   FF   |
+----------------------------+--------+
|    add_ln114_1_reg_1179    |    9   |
|      add_ln91_reg_1137     |    5   |
|      add_ln93_reg_1115     |    3   |
|      and_ln91_reg_1109     |    1   |
|      channel_reg_1075      |    5   |
|conv2_output_addr_1_reg_1164|   11   |
|conv2_output_addr_2_reg_1169|   11   |
|conv2_output_addr_3_reg_1174|   11   |
| conv2_output_addr_reg_1159 |   11   |
|conv2_output_load_1_reg_1191|   32   |
|conv2_output_load_2_reg_1198|   32   |
|conv2_output_load_3_reg_1205|   32   |
| conv2_output_load_reg_1184 |   32   |
|      empty_33_reg_1142     |    4   |
|       empty_reg_1127       |    4   |
|     icmp_ln91_reg_1095     |    1   |
|     icmp_ln93_reg_1099     |    1   |
| indvar_flatten127_reg_1068 |    6   |
| indvar_flatten183_reg_1082 |    9   |
|     output_col_reg_1054    |    3   |
|    output_row_1_reg_1089   |    3   |
|     output_row_reg_1061    |    3   |
|   select_ln107_1_reg_1219  |   32   |
|   select_ln107_2_reg_1226  |   32   |
|   select_ln107_3_reg_1233  |   32   |
|    select_ln107_reg_1212   |   32   |
|   select_ln93_2_reg_1152   |    8   |
|    select_ln93_reg_1121    |    3   |
|     tmp3_mid1_reg_1147     |    5   |
|        tmp3_reg_1132       |    5   |
+----------------------------+--------+
|            Total           |   378  |
+----------------------------+--------+

* Multiplexer (MUX) list: 
|-------------------|------|------|------|--------||---------||---------|
|        Comp       |  Pin | Size |  BW  | S x BW ||  Delay  ||   LUT   |
|-------------------|------|------|------|--------||---------||---------|
| grp_access_fu_111 |  p0  |   2  |  11  |   22   ||    9    |
| grp_access_fu_111 |  p2  |   2  |   0  |    0   ||    9    |
| grp_access_fu_111 |  p5  |   2  |  32  |   64   ||    9    |
| grp_access_fu_111 |  p8  |   2  |  11  |   22   ||    9    |
|-------------------|------|------|------|--------||---------||---------|
|       Total       |      |      |      |   108  ||  6.352  ||    36   |
|-------------------|------|------|------|--------||---------||---------|



* Summary:
+-----------+--------+--------+--------+
|           |  Delay |   FF   |   LUT  |
+-----------+--------+--------+--------+
|  Function |    -   |    0   |   720  |
|   Memory  |    -   |    -   |    -   |
|Multiplexer|    6   |    -   |   36   |
|  Register |    -   |   378  |    -   |
+-----------+--------+--------+--------+
|   Total   |    6   |   378  |   756  |
+-----------+--------+--------+--------+
