sample_id,file_path,true_label,pred_label,correct,confidence,logit_0,logit_1,logit_2,logit_3,logit_4,logit_5,logit_6,logit_7,logit_8,logit_9,condition,parameter
0_0_01_0a5cfa52_r01c01__rotation_angle_m10,./data/robustness/rotation/angle_m10/normalized_32x32/0/0_0_01_0a5cfa52_r01c01__rotation_angle_m10.npy,0,0,1,0.9978654520894303,8.415809631347656,-7.180630207061768,-6.133069038391113,-11.682868003845215,-7.8151397705078125,-6.429685115814209,-3.9906742572784424,-2.1856935024261475,-5.332890510559082,2.2537832260131836,rotation,-10deg
0_0_01_0a5cfa52_r01c02__rotation_angle_m10,./data/robustness/rotation/angle_m10/normalized_32x32/0/0_0_01_0a5cfa52_r01c02__rotation_angle_m10.npy,0,0,1,0.9997931010039973,9.020171165466309,-9.899243354797363,-1.8857743740081787,-10.428618431091309,-8.211840629577637,-5.294885635375977,-3.2288856506347656,-4.406320571899414,-4.318965435028076,0.3979969620704651,rotation,-10deg
0_0_01_0a5cfa52_r01c03__rotation_angle_m10,./data/robustness/rotation/angle_m10/normalized_32x32/0/0_0_01_0a5cfa52_r01c03__rotation_angle_m10.npy,0,8,0,0.564065679153055,3.924109935760498,-10.177827835083008,3.1548359394073486,-8.826519012451172,-12.636617660522461,-3.780412197113037,-7.70429801940918,-3.906867265701294,4.563237190246582,-4.624863624572754,rotation,-10deg
0_0_01_0a5cfa52_r01c04__rotation_angle_m10,./data/robustness/rotation/angle_m10/normalized_32x32/0/0_0_01_0a5cfa52_r01c04__rotation_angle_m10.npy,0,0,1,0.9384225917334642,3.812238931655884,-5.133080959320068,-1.867583990097046,-5.988640308380127,-6.1922125816345215,-2.923506736755371,-2.6766605377197266,-0.774284839630127,-1.3534133434295654,0.6741921901702881,rotation,-10deg
0_0_01_0a5cfa52_r02c01__rotation_angle_m10,./data/robustness/rotation/angle_m10/normalized_32x32/0/0_0_01_0a5cfa52_r02c01__rotation_angle_m10.npy,0,0,1,0.999951498641748,9.412246704101562,-5.434323787689209,-5.517031669616699,-9.699563026428223,-9.317856788635254,-2.4655234813690186,-2.0118839740753174,-2.8346142768859863,-3.138505458831787,-1.3309221267700195,rotation,-10deg
0_0_01_0a5cfa52_r02c02__rotation_angle_m10,./data/robustness/rotation/angle_m10/normalized_32x32/0/0_0_01_0a5cfa52_r02c02__rotation_angle_m10.npy,0,0,1,0.7889357588826446,2.810783624649048,-8.915938377380371,-3.1551575660705566,-2.130314350128174,-8.95460319519043,-2.750380039215088,-3.41237211227417,-6.001469612121582,0.17240265011787415,1.0979279279708862,rotation,-10deg
0_0_01_0a5cfa52_r02c03__rotation_angle_m10,./data/robustness/rotation/angle_m10/normalized_32x32/0/0_0_01_0a5cfa52_r02c03__rotation_angle_m10.npy,0,0,1,0.7348826565175552,4.027154445648193,-8.50386905670166,-1.1534514427185059,-9.13749885559082,-8.176932334899902,-5.504936218261719,-3.0252904891967773,-4.193789958953857,-0.8799496293067932,2.9673562049865723,rotation,-10deg
0_0_01_0a5cfa52_r02c04__rotation_angle_m10,./data/robustness/rotation/angle_m10/normalized_32x32/0/0_0_01_0a5cfa52_r02c04__rotation_angle_m10.npy,0,0,1,0.9364423893606301,5.146036148071289,-8.75875473022461,-0.5510651469230652,-10.033319473266602,-9.936666488647461,-6.088242530822754,-4.3496503829956055,-4.350274085998535,1.146728754043579,2.067408561706543,rotation,-10deg
0_0_01_0a5cfa52_r03c01__rotation_angle_m10,./data/robustness/rotation/angle_m10/normalized_32x32/0/0_0_01_0a5cfa52_r03c01__rotation_angle_m10.npy,0,0,1,0.99977644474489,10.069366455078125,-7.45453405380249,-11.458547592163086,-12.578253746032715,-11.359365463256836,-4.85177755355835,-2.5992984771728516,-1.4556523561477661,-8.38742446899414,1.601967453956604,rotation,-10deg
0_0_01_0a5cfa52_r03c02__rotation_angle_m10,./data/robustness/rotation/angle_m10/normalized_32x32/0/0_0_01_0a5cfa52_r03c02__rotation_angle_m10.npy,0,0,1,0.9999964265146358,11.826066017150879,-9.783544540405273,-6.1014404296875,-11.89883804321289,-10.40355396270752,-5.476840972900391,-3.30440616607666,-3.161276340484619,-6.335832118988037,-0.9128658771514893,rotation,-10deg
0_0_01_0a5cfa52_r03c03__rotation_angle_m10,./data/robustness/rotation/angle_m10/normalized_32x32/0/0_0_01_0a5cfa52_r03c03__rotation_angle_m10.npy,0,0,1,0.9999755924897761,10.77829647064209,-5.563499450683594,-9.664689064025879,-11.513154029846191,-8.71899700164795,-3.8658502101898193,-0.5497471690177917,-1.8990010023117065,-5.96472692489624,-0.8760672211647034,rotation,-10deg
0_0_01_0a5cfa52_r03c04__rotation_angle_m10,./data/robustness/rotation/angle_m10/normalized_32x32/0/0_0_01_0a5cfa52_r03c04__rotation_angle_m10.npy,0,0,1,0.9999537829314402,11.657161712646484,-10.966588973999023,-13.41845989227295,-12.604326248168945,-11.765459060668945,-4.772230625152588,-1.2183784246444702,-2.3432810306549072,-9.333598136901855,1.5971107482910156,rotation,-10deg
0_0_01_0a5cfa52_r04c01__rotation_angle_m10,./data/robustness/rotation/angle_m10/normalized_32x32/0/0_0_01_0a5cfa52_r04c01__rotation_angle_m10.npy,0,0,1,0.9999559803245336,9.78692626953125,-4.552262306213379,-7.00523042678833,-10.637250900268555,-7.3439106941223145,-3.9797472953796387,-1.0276614427566528,-1.787471055984497,-3.989590883255005,-1.565330982208252,rotation,-10deg
0_0_01_0a5cfa52_r04c02__rotation_angle_m10,./data/robustness/rotation/angle_m10/normalized_32x32/0/0_0_01_0a5cfa52_r04c02__rotation_angle_m10.npy,0,0,1,0.9846170826956441,6.897638320922852,-6.654033184051514,-7.236412048339844,-10.20152759552002,-9.425262451171875,-5.212981224060059,-3.174030303955078,-2.624115467071533,-5.031374454498291,2.7303037643432617,rotation,-10deg
0_0_01_0a5cfa52_r04c03__rotation_angle_m10,./data/robustness/rotation/angle_m10/normalized_32x32/0/0_0_01_0a5cfa52_r04c03__rotation_angle_m10.npy,0,0,1,0.9639718665885794,5.039000034332275,-5.596560001373291,-3.0521721839904785,-7.9684553146362305,-5.697248935699463,-5.590968132019043,-5.786256790161133,0.6441779136657715,-6.356081008911133,1.3349668979644775,rotation,-10deg
0_0_01_0a5cfa52_r04c04__rotation_angle_m10,./data/robustness/rotation/angle_m10/normalized_32x32/0/0_0_01_0a5cfa52_r04c04__rotation_angle_m10.npy,0,0,1,0.9994992680504896,7.9124369621276855,-4.444547653198242,-5.619840621948242,-7.952206134796143,-6.182840824127197,-2.0416533946990967,-0.48821374773979187,-2.8812673091888428,-3.4510879516601562,-0.6556422710418701,rotation,-10deg
0_0_02_0ab8b1e5_r01c01__rotation_angle_m10,./data/robustness/rotation/angle_m10/normalized_32x32/0/0_0_02_0ab8b1e5_r01c01__rotation_angle_m10.npy,0,0,1,0.979016029846277,6.335374355316162,-8.072772979736328,-4.6561360359191895,-8.639400482177734,-9.606294631958008,-5.2827301025390625,-2.2358195781707764,-4.117077827453613,-1.0100328922271729,2.450138807296753,rotation,-10deg
0_0_02_0ab8b1e5_r01c02__rotation_angle_m10,./data/robustness/rotation/angle_m10/normalized_32x32/0/0_0_02_0ab8b1e5_r01c02__rotation_angle_m10.npy,0,0,1,0.9998118525387335,8.657675743103027,-10.664640426635742,-1.2844029664993286,-9.711716651916504,-10.369549751281738,-5.11414909362793,-3.8741698265075684,-4.668663501739502,-1.6216899156570435,-0.5583219528198242,rotation,-10deg
0_0_02_0ab8b1e5_r01c03__rotation_angle_m10,./data/robustness/rotation/angle_m10/normalized_32x32/0/0_0_02_0ab8b1e5_r01c03__rotation_angle_m10.npy,0,0,1,0.9974561888374074,7.394716739654541,-9.965082168579102,-4.600597381591797,-8.687187194824219,-8.98266315460205,-4.780036449432373,-3.1112470626831055,-3.3099706172943115,-1.528944492340088,1.3438184261322021,rotation,-10deg
0_0_02_0ab8b1e5_r01c04__rotation_angle_m10,./data/robustness/rotation/angle_m10/normalized_32x32/0/0_0_02_0ab8b1e5_r01c04__rotation_angle_m10.npy,0,0,1,0.9921261072246572,7.560433387756348,-11.529899597167969,-4.438571453094482,-10.03585433959961,-7.118257522583008,-6.814896106719971,-3.3836569786071777,-4.884204864501953,-3.2767765522003174,2.718015193939209,rotation,-10deg
0_0_02_0ab8b1e5_r02c01__rotation_angle_m10,./data/robustness/rotation/angle_m10/normalized_32x32/0/0_0_02_0ab8b1e5_r02c01__rotation_angle_m10.npy,0,0,1,0.9960670587487639,7.760642051696777,-7.970756530761719,-5.571895122528076,-9.65330696105957,-9.40446949005127,-4.459645748138428,-2.5168826580047607,-3.6608541011810303,-1.8037513494491577,2.194751501083374,rotation,-10deg
0_0_02_0ab8b1e5_r02c02__rotation_angle_m10,./data/robustness/rotation/angle_m10/normalized_32x32/0/0_0_02_0ab8b1e5_r02c02__rotation_angle_m10.npy,0,0,1,0.9838728574541933,6.621011734008789,-8.180578231811523,-3.922844648361206,-9.416143417358398,-11.40900707244873,-4.896024703979492,-3.9620282649993896,-3.2613015174865723,-0.18382003903388977,2.4325671195983887,rotation,-10deg
0_0_02_0ab8b1e5_r02c03__rotation_angle_m10,./data/robustness/rotation/angle_m10/normalized_32x32/0/0_0_02_0ab8b1e5_r02c03__rotation_angle_m10.npy,0,0,1,0.8826859683221988,4.660035133361816,-8.590076446533203,-1.0355085134506226,-9.159134864807129,-8.765337944030762,-5.0816545486450195,-5.210841655731201,-2.918168783187866,-0.7078889608383179,2.5746147632598877,rotation,-10deg
0_0_02_0ab8b1e5_r02c04__rotation_angle_m10,./data/robustness/rotation/angle_m10/normalized_32x32/0/0_0_02_0ab8b1e5_r02c04__rotation_angle_m10.npy,0,0,1,0.9667192496045063,4.741881370544434,-8.649293899536133,-0.7371810674667358,-7.691380977630615,-7.948327541351318,-4.686891555786133,-4.306085109710693,-2.8747222423553467,-1.1860053539276123,1.1258928775787354,rotation,-10deg
0_0_02_0ab8b1e5_r03c01__rotation_angle_m10,./data/robustness/rotation/angle_m10/normalized_32x32/0/0_0_02_0ab8b1e5_r03c01__rotation_angle_m10.npy,0,0,1,0.9999070120930101,9.483271598815918,-8.025640487670898,-6.78012228012085,-7.480590343475342,-9.079445838928223,-1.2943177223205566,-0.18339954316616058,-2.791829824447632,-5.564065456390381,-3.036668300628662,rotation,-10deg
0_0_02_0ab8b1e5_r03c02__rotation_angle_m10,./data/robustness/rotation/angle_m10/normalized_32x32/0/0_0_02_0ab8b1e5_r03c02__rotation_angle_m10.npy,0,0,1,0.9990643391370378,10.42868423461914,-9.072240829467773,-11.776992797851562,-14.601953506469727,-11.050200462341309,-7.411966800689697,-3.808387517929077,-2.244265556335449,-7.775908470153809,3.45127010345459,rotation,-10deg
0_0_02_0ab8b1e5_r03c03__rotation_angle_m10,./data/robustness/rotation/angle_m10/normalized_32x32/0/0_0_02_0ab8b1e5_r03c03__rotation_angle_m10.npy,0,0,1,0.9999999275722887,15.295302391052246,-9.680118560791016,-10.901433944702148,-14.428754806518555,-12.754325866699219,-5.3426666259765625,-2.354694366455078,-3.122913122177124,-8.523780822753906,-1.7481977939605713,rotation,-10deg
0_0_02_0ab8b1e5_r03c04__rotation_angle_m10,./data/robustness/rotation/angle_m10/normalized_32x32/0/0_0_02_0ab8b1e5_r03c04__rotation_angle_m10.npy,0,0,1,0.9591048891793352,5.157623767852783,-7.025374889373779,-3.864070177078247,-7.178537845611572,-5.528538227081299,-4.457308292388916,-2.2150018215179443,-3.0532827377319336,-3.676556348800659,1.972507119178772,rotation,-10deg
0_0_02_0ab8b1e5_r04c01__rotation_angle_m10,./data/robustness/rotation/angle_m10/normalized_32x32/0/0_0_02_0ab8b1e5_r04c01__rotation_angle_m10.npy,0,0,1,0.999938602830532,10.868928909301758,-7.710776329040527,-11.198969841003418,-12.366586685180664,-12.174711227416992,-5.194304466247559,-2.1615731716156006,-2.693702459335327,-6.699214935302734,1.1101081371307373,rotation,-10deg
0_0_02_0ab8b1e5_r04c02__rotation_angle_m10,./data/robustness/rotation/angle_m10/normalized_32x32/0/0_0_02_0ab8b1e5_r04c02__rotation_angle_m10.npy,0,0,1,0.999992795030258,12.789697647094727,-10.918425559997559,-12.08859634399414,-13.019930839538574,-8.930996894836426,-6.315425872802734,-3.0055437088012695,-3.546470880508423,-10.150689125061035,0.9173670411109924,rotation,-10deg
0_0_02_0ab8b1e5_r04c03__rotation_angle_m10,./data/robustness/rotation/angle_m10/normalized_32x32/0/0_0_02_0ab8b1e5_r04c03__rotation_angle_m10.npy,0,0,1,0.9999839471311542,11.596089363098145,-9.566444396972656,-8.77440071105957,-12.01689624786377,-9.310781478881836,-5.8194193840026855,-2.4236927032470703,-2.8509445190429688,-6.346768379211426,0.4656810164451599,rotation,-10deg
0_0_02_0ab8b1e5_r04c04__rotation_angle_m10,./data/robustness/rotation/angle_m10/normalized_32x32/0/0_0_02_0ab8b1e5_r04c04__rotation_angle_m10.npy,0,0,1,0.9978090881999473,9.462121963500977,-10.943737983703613,-5.276206016540527,-13.202877044677734,-9.371352195739746,-7.254891395568848,-3.778550386428833,-5.145667552947998,-5.375499725341797,3.3394877910614014,rotation,-10deg
1_1_01_19f74917_r01c01__rotation_angle_m10,./data/robustness/rotation/angle_m10/normalized_32x32/1/1_1_01_19f74917_r01c01__rotation_angle_m10.npy,1,1,1,0.9995971620115752,-2.8418564796447754,7.792101860046387,-3.925384044647217,-8.879134178161621,-4.371626853942871,-0.40727072954177856,-2.3294677734375,-2.450197219848633,-3.3501617908477783,-7.085579872131348,rotation,-10deg
1_1_01_19f74917_r01c02__rotation_angle_m10,./data/robustness/rotation/angle_m10/normalized_32x32/1/1_1_01_19f74917_r01c02__rotation_angle_m10.npy,1,1,1,0.9970654688820645,-2.9366989135742188,6.063717842102051,-1.856183648109436,-7.634707450866699,-3.3798656463623047,-0.8324369192123413,-1.16923189163208,-2.1853132247924805,-1.8185631036758423,-6.616191864013672,rotation,-10deg
1_1_01_19f74917_r01c03__rotation_angle_m10,./data/robustness/rotation/angle_m10/normalized_32x32/1/1_1_01_19f74917_r01c03__rotation_angle_m10.npy,1,1,1,0.9999682600358629,-4.744556903839111,9.601332664489746,-2.3814661502838135,-11.196125030517578,-4.2795796394348145,-1.7507109642028809,-2.524592399597168,-2.927910566329956,-3.057267189025879,-10.373514175415039,rotation,-10deg
1_1_01_19f74917_r01c04__rotation_angle_m10,./data/robustness/rotation/angle_m10/normalized_32x32/1/1_1_01_19f74917_r01c04__rotation_angle_m10.npy,1,1,1,0.9999010869454982,-3.6321310997009277,9.200740814208984,-4.306839942932129,-12.739006042480469,-4.075119495391846,-1.7258422374725342,-1.8033332824707031,-3.8846027851104736,-0.5808016061782837,-9.550579071044922,rotation,-10deg
1_1_01_19f74917_r02c01__rotation_angle_m10,./data/robustness/rotation/angle_m10/normalized_32x32/1/1_1_01_19f74917_r02c01__rotation_angle_m10.npy,1,1,1,0.9958155739538037,-5.609511852264404,7.176990985870361,-1.4704763889312744,-5.497312545776367,-4.481228828430176,-2.010655164718628,-6.9423346519470215,1.6299552917480469,-4.915039539337158,-5.197198390960693,rotation,-10deg
1_1_01_19f74917_r02c02__rotation_angle_m10,./data/robustness/rotation/angle_m10/normalized_32x32/1/1_1_01_19f74917_r02c02__rotation_angle_m10.npy,1,1,1,0.9999964301837256,-3.9267258644104004,11.051466941833496,-5.645939350128174,-12.988533973693848,-5.748151779174805,-2.3990914821624756,-5.168718338012695,-2.578176498413086,-3.645059585571289,-9.515325546264648,rotation,-10deg
1_1_01_19f74917_r02c03__rotation_angle_m10,./data/robustness/rotation/angle_m10/normalized_32x32/1/1_1_01_19f74917_r02c03__rotation_angle_m10.npy,1,1,1,0.999310432159886,-2.8041956424713135,7.28682804107666,-2.795241117477417,-9.537630081176758,-3.560915946960449,-1.4264861345291138,-1.395095705986023,-1.900214433670044,-1.5147829055786133,-7.3996171951293945,rotation,-10deg
1_1_01_19f74917_r02c04__rotation_angle_m10,./data/robustness/rotation/angle_m10/normalized_32x32/1/1_1_01_19f74917_r02c04__rotation_angle_m10.npy,1,1,1,0.9995731349493227,-5.475576400756836,8.443017959594727,-4.656581878662109,-9.96972370147705,-2.637235164642334,-0.46205514669418335,0.09213495254516602,-3.222417116165161,-2.033694267272949,-9.385787963867188,rotation,-10deg
1_1_01_19f74917_r03c01__rotation_angle_m10,./data/robustness/rotation/angle_m10/normalized_32x32/1/1_1_01_19f74917_r03c01__rotation_angle_m10.npy,1,1,1,0.9993877260713868,-3.323343515396118,7.422821044921875,-3.1055095195770264,-7.889012813568115,-2.7771239280700684,-0.6439087986946106,-2.404096841812134,-1.5022255182266235,-3.1530723571777344,-6.851986408233643,rotation,-10deg
1_1_01_19f74917_r03c02__rotation_angle_m10,./data/robustness/rotation/angle_m10/normalized_32x32/1/1_1_01_19f74917_r03c02__rotation_angle_m10.npy,1,1,1,0.9982513847671228,-2.778064489364624,6.595455169677734,-3.166959762573242,-6.954145908355713,-3.1349971294403076,-0.40465354919433594,-2.543853282928467,-1.106735110282898,-2.914846420288086,-6.013067722320557,rotation,-10deg
1_1_01_19f74917_r03c03__rotation_angle_m10,./data/robustness/rotation/angle_m10/normalized_32x32/1/1_1_01_19f74917_r03c03__rotation_angle_m10.npy,1,1,1,0.9919152501393084,-5.039892196655273,5.778523921966553,-0.016385972499847412,-8.71056079864502,-3.998931407928467,-2.132007122039795,-0.3682692050933838,-2.3282198905944824,-0.3310878872871399,-9.303374290466309,rotation,-10deg
1_1_01_19f74917_r03c04__rotation_angle_m10,./data/robustness/rotation/angle_m10/normalized_32x32/1/1_1_01_19f74917_r03c04__rotation_angle_m10.npy,1,1,1,0.9999624013528818,-3.3152952194213867,9.468061447143555,-2.6780734062194824,-11.062236785888672,-3.8057093620300293,-1.2265256643295288,-4.065415382385254,-3.416510820388794,-4.151744842529297,-8.38084602355957,rotation,-10deg
1_1_01_19f74917_r04c01__rotation_angle_m10,./data/robustness/rotation/angle_m10/normalized_32x32/1/1_1_01_19f74917_r04c01__rotation_angle_m10.npy,1,1,1,0.999651740350907,-2.322209596633911,7.693073749542236,-2.2067482471466064,-10.180990219116211,-3.6040689945220947,-1.5236849784851074,-2.225057601928711,-2.2170541286468506,-2.3692233562469482,-8.424735069274902,rotation,-10deg
1_1_01_19f74917_r04c02__rotation_angle_m10,./data/robustness/rotation/angle_m10/normalized_32x32/1/1_1_01_19f74917_r04c02__rotation_angle_m10.npy,1,1,1,0.9996611851836109,-2.404026746749878,7.696812629699707,-1.9320186376571655,-9.96741771697998,-3.8423192501068115,-1.4733742475509644,-2.374138832092285,-2.241081953048706,-2.8035221099853516,-8.47838020324707,rotation,-10deg
1_1_01_19f74917_r04c03__rotation_angle_m10,./data/robustness/rotation/angle_m10/normalized_32x32/1/1_1_01_19f74917_r04c03__rotation_angle_m10.npy,1,1,1,0.9989424409890194,-2.1322145462036133,6.820755958557129,-1.8301174640655518,-9.095739364624023,-3.3399136066436768,-1.3955937623977661,-2.0031237602233887,-1.863584280014038,-2.139328718185425,-7.60654354095459,rotation,-10deg
1_1_01_19f74917_r04c04__rotation_angle_m10,./data/robustness/rotation/angle_m10/normalized_32x32/1/1_1_01_19f74917_r04c04__rotation_angle_m10.npy,1,1,1,0.9993716056743849,-2.152379274368286,7.268988609313965,-1.1757192611694336,-9.723326683044434,-4.423987865447998,-1.8391034603118896,-3.2864785194396973,-2.0193634033203125,-1.9957215785980225,-7.554890155792236,rotation,-10deg
1_1_02_4cdb4850_r01c01__rotation_angle_m10,./data/robustness/rotation/angle_m10/normalized_32x32/1/1_1_02_4cdb4850_r01c01__rotation_angle_m10.npy,1,1,1,0.9999684116060946,-4.410565376281738,9.814319610595703,-3.8771286010742188,-12.495184898376465,-4.966522693634033,-1.06535804271698,-2.1964216232299805,-4.138280391693115,-2.7138376235961914,-10.611614227294922,rotation,-10deg
1_1_02_4cdb4850_r01c02__rotation_angle_m10,./data/robustness/rotation/angle_m10/normalized_32x32/1/1_1_02_4cdb4850_r01c02__rotation_angle_m10.npy,1,1,1,0.986640551155329,-5.859983444213867,4.928833484649658,-0.2289223074913025,-6.38124418258667,-2.293347120285034,-0.7275656461715698,-0.9975440502166748,-2.4448258876800537,-3.443929672241211,-9.107940673828125,rotation,-10deg
1_1_02_4cdb4850_r01c03__rotation_angle_m10,./data/robustness/rotation/angle_m10/normalized_32x32/1/1_1_02_4cdb4850_r01c03__rotation_angle_m10.npy,1,1,1,0.9999594151561011,-3.2422266006469727,9.257412910461426,-3.1841931343078613,-10.942275047302246,-6.637814998626709,-2.316293716430664,-4.859285354614258,-2.035510301589966,-2.2399635314941406,-8.8733491897583,rotation,-10deg
1_1_02_4cdb4850_r01c04__rotation_angle_m10,./data/robustness/rotation/angle_m10/normalized_32x32/1/1_1_02_4cdb4850_r01c04__rotation_angle_m10.npy,1,1,1,0.9999980278301931,-3.821828842163086,11.392707824707031,-5.134401321411133,-14.063194274902344,-5.270963668823242,-3.3898072242736816,-6.812564849853516,-2.633159637451172,-3.3460283279418945,-9.564112663269043,rotation,-10deg
1_1_02_4cdb4850_r02c01__rotation_angle_m10,./data/robustness/rotation/angle_m10/normalized_32x32/1/1_1_02_4cdb4850_r02c01__rotation_angle_m10.npy,1,1,1,0.9996232533815074,-4.205928802490234,7.682696342468262,-3.0875000953674316,-9.411598205566406,-3.181126594543457,-1.3959507942199707,-1.9543672800064087,-1.9951153993606567,-1.658766269683838,-8.267976760864258,rotation,-10deg
1_1_02_4cdb4850_r02c02__rotation_angle_m10,./data/robustness/rotation/angle_m10/normalized_32x32/1/1_1_02_4cdb4850_r02c02__rotation_angle_m10.npy,1,1,1,0.9996522460539172,-2.8955585956573486,7.991179943084717,-3.1606247425079346,-10.467544555664062,-3.495173454284668,-1.9110103845596313,-1.051087498664856,-1.996140480041504,-1.323340892791748,-8.240187644958496,rotation,-10deg
1_1_02_4cdb4850_r02c03__rotation_angle_m10,./data/robustness/rotation/angle_m10/normalized_32x32/1/1_1_02_4cdb4850_r02c03__rotation_angle_m10.npy,1,1,1,0.8175142434536296,-9.594278335571289,5.123035907745361,1.3009827136993408,-2.8528013229370117,-4.798023223876953,-6.122189521789551,-10.046740531921387,3.51804780960083,-5.655411243438721,-5.794726371765137,rotation,-10deg
1_1_02_4cdb4850_r02c04__rotation_angle_m10,./data/robustness/rotation/angle_m10/normalized_32x32/1/1_1_02_4cdb4850_r02c04__rotation_angle_m10.npy,1,1,1,0.9980483190413311,-2.8536152839660645,6.611199378967285,-3.367724895477295,-7.987570762634277,-3.497300624847412,-0.1663912534713745,-1.238071322441101,-2.14329195022583,-2.5913918018341064,-6.164739608764648,rotation,-10deg
1_1_02_4cdb4850_r03c01__rotation_angle_m10,./data/robustness/rotation/angle_m10/normalized_32x32/1/1_1_02_4cdb4850_r03c01__rotation_angle_m10.npy,1,1,1,0.9999649246357809,-4.950919151306152,9.827362060546875,-3.693065881729126,-12.361059188842773,-3.8744239807128906,-1.593644618988037,-1.2777281999588013,-3.91961669921875,-2.3471691608428955,-10.601371765136719,rotation,-10deg
1_1_02_4cdb4850_r03c02__rotation_angle_m10,./data/robustness/rotation/angle_m10/normalized_32x32/1/1_1_02_4cdb4850_r03c02__rotation_angle_m10.npy,1,1,1,0.9998528014825271,-2.3773744106292725,8.37865924835205,-1.7580033540725708,-11.076786041259766,-4.863539695739746,-1.8132307529449463,-3.496640920639038,-2.828533887863159,-2.160517692565918,-8.72188663482666,rotation,-10deg
1_1_02_4cdb4850_r03c03__rotation_angle_m10,./data/robustness/rotation/angle_m10/normalized_32x32/1/1_1_02_4cdb4850_r03c03__rotation_angle_m10.npy,1,1,1,0.9994983678863683,-2.781641960144043,7.317737102508545,-1.5326530933380127,-8.56623649597168,-3.5589113235473633,-1.250245451927185,-3.5903944969177246,-2.365377426147461,-3.2114651203155518,-6.5420002937316895,rotation,-10deg
1_1_02_4cdb4850_r03c04__rotation_angle_m10,./data/robustness/rotation/angle_m10/normalized_32x32/1/1_1_02_4cdb4850_r03c04__rotation_angle_m10.npy,1,1,1,0.9983676298799825,-2.423149585723877,6.347647666931152,-1.6411731243133545,-7.329287528991699,-3.3474349975585938,-1.0951600074768066,-2.5889930725097656,-2.076530933380127,-2.5514869689941406,-5.9101243019104,rotation,-10deg
1_1_02_4cdb4850_r04c01__rotation_angle_m10,./data/robustness/rotation/angle_m10/normalized_32x32/1/1_1_02_4cdb4850_r04c01__rotation_angle_m10.npy,1,1,1,0.9999950788495237,-5.562548637390137,11.612146377563477,-6.899118900299072,-12.327444076538086,-2.5675079822540283,-1.370213270187378,-2.6599111557006836,-2.2074291706085205,-3.5824148654937744,-9.524269104003906,rotation,-10deg
1_1_02_4cdb4850_r04c02__rotation_angle_m10,./data/robustness/rotation/angle_m10/normalized_32x32/1/1_1_02_4cdb4850_r04c02__rotation_angle_m10.npy,1,1,1,0.9999662822418406,-3.0357167720794678,9.504312515258789,-2.221501350402832,-11.34288215637207,-4.4153289794921875,-2.410311698913574,-3.673564910888672,-2.043710231781006,-3.2432055473327637,-9.505379676818848,rotation,-10deg
1_1_02_4cdb4850_r04c03__rotation_angle_m10,./data/robustness/rotation/angle_m10/normalized_32x32/1/1_1_02_4cdb4850_r04c03__rotation_angle_m10.npy,1,1,1,0.9998389870967144,-2.54089093208313,8.264985084533691,-1.591456413269043,-10.561376571655273,-4.333096027374268,-2.0359883308410645,-2.6611785888671875,-2.548837184906006,-2.967400550842285,-9.226608276367188,rotation,-10deg
1_1_02_4cdb4850_r04c04__rotation_angle_m10,./data/robustness/rotation/angle_m10/normalized_32x32/1/1_1_02_4cdb4850_r04c04__rotation_angle_m10.npy,1,1,1,0.9995063254561644,-3.179798126220703,7.606084823608398,-3.2025067806243896,-7.939920902252197,-3.408714532852173,-0.5973190069198608,-2.6208925247192383,-1.486390233039856,-3.6087591648101807,-6.928721904754639,rotation,-10deg
2_2_01_2e3151dd_r01c01__rotation_angle_m10,./data/robustness/rotation/angle_m10/normalized_32x32/2/2_2_01_2e3151dd_r01c01__rotation_angle_m10.npy,2,2,1,0.9999998490513963,-8.327235221862793,-8.205939292907715,13.974365234375,-3.381683588027954,-6.848715782165527,-9.001165390014648,-9.747872352600098,-1.9579092264175415,-10.256525993347168,-13.65161418914795,rotation,-10deg
2_2_01_2e3151dd_r01c02__rotation_angle_m10,./data/robustness/rotation/angle_m10/normalized_32x32/2/2_2_01_2e3151dd_r01c02__rotation_angle_m10.npy,2,2,1,0.99999971246037,-3.650742292404175,-9.091787338256836,14.14179515838623,-5.730648517608643,-7.491619110107422,-7.1496453285217285,-11.121025085449219,-1.132854700088501,-3.086282253265381,-12.333061218261719,rotation,-10deg
2_2_01_2e3151dd_r01c03__rotation_angle_m10,./data/robustness/rotation/angle_m10/normalized_32x32/2/2_2_01_2e3151dd_r01c03__rotation_angle_m10.npy,2,2,1,0.9999994174402006,-8.549324035644531,-8.274311065673828,13.84769344329834,-2.2992162704467773,-7.311809062957764,-8.624672889709473,-11.595733642578125,-0.6949995160102844,-7.020107746124268,-12.861328125,rotation,-10deg
2_2_01_2e3151dd_r01c04__rotation_angle_m10,./data/robustness/rotation/angle_m10/normalized_32x32/2/2_2_01_2e3151dd_r01c04__rotation_angle_m10.npy,2,2,1,0.9999999840884128,-11.086572647094727,-9.638894081115723,17.656829833984375,-2.1516027450561523,-9.436491012573242,-11.078206062316895,-14.707080841064453,-0.47089192271232605,-7.950915813446045,-14.844813346862793,rotation,-10deg
2_2_01_2e3151dd_r02c01__rotation_angle_m10,./data/robustness/rotation/angle_m10/normalized_32x32/2/2_2_01_2e3151dd_r02c01__rotation_angle_m10.npy,2,2,1,0.9994543964256823,-5.096351623535156,-3.4188501834869385,9.697052001953125,-5.455745697021484,-4.9972052574157715,-5.812063217163086,-11.166966438293457,2.167362689971924,-3.230964422225952,-2.9197919368743896,rotation,-10deg
2_2_01_2e3151dd_r02c02__rotation_angle_m10,./data/robustness/rotation/angle_m10/normalized_32x32/2/2_2_01_2e3151dd_r02c02__rotation_angle_m10.npy,2,2,1,0.9999224463733657,-0.5155255794525146,-7.365200996398926,9.264921188354492,-8.004744529724121,-2.626251697540283,-5.7578654289245605,-8.989448547363281,-5.077352523803711,-4.756710529327393,-2.0364561080932617,rotation,-10deg
2_2_01_2e3151dd_r02c03__rotation_angle_m10,./data/robustness/rotation/angle_m10/normalized_32x32/2/2_2_01_2e3151dd_r02c03__rotation_angle_m10.npy,2,2,1,0.9999907531797745,-9.480781555175781,-7.71560001373291,12.673534393310547,0.6444277763366699,-7.571351051330566,-9.144720077514648,-15.30144214630127,0.043642446398735046,-7.118923664093018,-10.159845352172852,rotation,-10deg
2_2_01_2e3151dd_r02c04__rotation_angle_m10,./data/robustness/rotation/angle_m10/normalized_32x32/2/2_2_01_2e3151dd_r02c04__rotation_angle_m10.npy,2,2,1,0.9999999896480968,-9.665364265441895,-9.251089096069336,18.418174743652344,-5.300398826599121,-10.167939186096191,-12.391007423400879,-14.2349853515625,0.027005106210708618,-10.29689884185791,-14.86398696899414,rotation,-10deg
2_2_01_2e3151dd_r03c01__rotation_angle_m10,./data/robustness/rotation/angle_m10/normalized_32x32/2/2_2_01_2e3151dd_r03c01__rotation_angle_m10.npy,2,2,1,0.9999996403314156,-11.858365058898926,-4.658793926239014,13.689184188842773,-1.5205429792404175,-7.827193260192871,-9.411346435546875,-10.057637214660645,-2.437814235687256,-6.879302024841309,-12.466845512390137,rotation,-10deg
2_2_01_2e3151dd_r03c02__rotation_angle_m10,./data/robustness/rotation/angle_m10/normalized_32x32/2/2_2_01_2e3151dd_r03c02__rotation_angle_m10.npy,2,2,1,0.9999969489487567,-12.186487197875977,-4.63392448425293,14.683328628540039,-2.7526321411132812,-8.292391777038574,-12.232813835144043,-17.173192977905273,1.972444772720337,-5.349857807159424,-10.701510429382324,rotation,-10deg
2_2_01_2e3151dd_r03c03__rotation_angle_m10,./data/robustness/rotation/angle_m10/normalized_32x32/2/2_2_01_2e3151dd_r03c03__rotation_angle_m10.npy,2,2,1,0.9999980426671569,-12.594498634338379,-3.724555015563965,12.683798789978027,-0.972665548324585,-7.922322750091553,-9.818680763244629,-10.302664756774902,-1.4800077676773071,-6.9991278648376465,-12.661153793334961,rotation,-10deg
2_2_01_2e3151dd_r03c04__rotation_angle_m10,./data/robustness/rotation/angle_m10/normalized_32x32/2/2_2_01_2e3151dd_r03c04__rotation_angle_m10.npy,2,2,1,0.9999924228497243,-8.20660400390625,-7.021698474884033,12.628957748413086,0.7329325675964355,-7.02407693862915,-6.915474891662598,-12.042145729064941,-1.4875088930130005,-5.882631778717041,-8.758776664733887,rotation,-10deg
2_2_01_2e3151dd_r04c01__rotation_angle_m10,./data/robustness/rotation/angle_m10/normalized_32x32/2/2_2_01_2e3151dd_r04c01__rotation_angle_m10.npy,2,2,1,0.9999999997692737,-11.190834999084473,-5.233944892883301,18.374168395996094,-7.341054916381836,-7.773576736450195,-10.85357666015625,-12.232421875,-4.171327114105225,-8.791092872619629,-14.196547508239746,rotation,-10deg
2_2_01_2e3151dd_r04c02__rotation_angle_m10,./data/robustness/rotation/angle_m10/normalized_32x32/2/2_2_01_2e3151dd_r04c02__rotation_angle_m10.npy,2,2,1,0.9999995630171676,-12.24516773223877,-6.120509147644043,17.21491050720215,-4.745453834533691,-8.094436645507812,-12.485280990600586,-18.958778381347656,2.5705924034118652,-6.754452228546143,-11.21261978149414,rotation,-10deg
2_2_01_2e3151dd_r04c03__rotation_angle_m10,./data/robustness/rotation/angle_m10/normalized_32x32/2/2_2_01_2e3151dd_r04c03__rotation_angle_m10.npy,2,2,1,0.9932231900769886,-8.814117431640625,-2.9448773860931396,7.239909648895264,2.2131450176239014,-6.327755928039551,-5.223128318786621,-10.07309627532959,-1.202311635017395,-5.20123291015625,-7.26966667175293,rotation,-10deg
2_2_01_2e3151dd_r04c04__rotation_angle_m10,./data/robustness/rotation/angle_m10/normalized_32x32/2/2_2_01_2e3151dd_r04c04__rotation_angle_m10.npy,2,3,0,0.9603298743213939,-6.468624114990234,-4.180791854858398,2.4860358238220215,5.740300178527832,-2.7731542587280273,-3.290740966796875,-10.895526885986328,-2.470090866088867,-0.5552393794059753,-2.734062910079956,rotation,-10deg
2_2_02_cbfae05c_r01c01__rotation_angle_m10,./data/robustness/rotation/angle_m10/normalized_32x32/2/2_2_02_cbfae05c_r01c01__rotation_angle_m10.npy,2,2,1,0.9999999955677055,-9.151957511901855,-10.403169631958008,16.34328842163086,-3.0350606441497803,-8.992698669433594,-9.473123550415039,-9.07750129699707,-4.979394912719727,-9.066690444946289,-15.673543930053711,rotation,-10deg
2_2_02_cbfae05c_r01c02__rotation_angle_m10,./data/robustness/rotation/angle_m10/normalized_32x32/2/2_2_02_cbfae05c_r01c02__rotation_angle_m10.npy,2,2,1,0.9999998548067843,-8.916765213012695,-8.71000862121582,15.636438369750977,-2.0669283866882324,-8.267784118652344,-9.550768852233887,-16.58197021484375,-0.26387739181518555,-6.44025182723999,-9.442010879516602,rotation,-10deg
2_2_02_cbfae05c_r01c03__rotation_angle_m10,./data/robustness/rotation/angle_m10/normalized_32x32/2/2_2_02_cbfae05c_r01c03__rotation_angle_m10.npy,2,2,1,0.9993874552652828,-8.296272277832031,-6.026774883270264,9.514098167419434,0.03597116470336914,-6.426709175109863,-8.158052444458008,-13.542330741882324,1.9783244132995605,-3.4558498859405518,-6.61967658996582,rotation,-10deg
2_2_02_cbfae05c_r01c04__rotation_angle_m10,./data/robustness/rotation/angle_m10/normalized_32x32/2/2_2_02_cbfae05c_r01c04__rotation_angle_m10.npy,2,2,1,0.9975610509354688,-6.3027472496032715,-0.06998586654663086,7.504093170166016,-3.5903587341308594,-3.2736635208129883,-5.289671897888184,-8.960003852844238,1.2267664670944214,-3.926786184310913,-5.552423000335693,rotation,-10deg
2_2_02_cbfae05c_r02c01__rotation_angle_m10,./data/robustness/rotation/angle_m10/normalized_32x32/2/2_2_02_cbfae05c_r02c01__rotation_angle_m10.npy,2,2,1,0.9982435500832235,-13.219056129455566,-3.4374074935913086,10.399526596069336,4.055368900299072,-7.156141757965088,-3.022662401199341,-10.93934154510498,-6.402842044830322,-7.194669246673584,-12.789490699768066,rotation,-10deg
2_2_02_cbfae05c_r02c02__rotation_angle_m10,./data/robustness/rotation/angle_m10/normalized_32x32/2/2_2_02_cbfae05c_r02c02__rotation_angle_m10.npy,2,2,1,0.9999999973247373,-8.818053245544434,-13.027015686035156,17.885257720947266,-2.7341675758361816,-9.25984001159668,-10.403175354003906,-12.680049896240234,-2.392958164215088,-10.427632331848145,-16.012693405151367,rotation,-10deg
2_2_02_cbfae05c_r02c03__rotation_angle_m10,./data/robustness/rotation/angle_m10/normalized_32x32/2/2_2_02_cbfae05c_r02c03__rotation_angle_m10.npy,2,2,1,0.9999999668220836,-7.294573783874512,-9.16014289855957,15.949111938476562,-5.095305919647217,-8.796943664550781,-10.123079299926758,-11.439435958862305,-1.2981973886489868,-9.732504844665527,-14.996590614318848,rotation,-10deg
2_2_02_cbfae05c_r02c04__rotation_angle_m10,./data/robustness/rotation/angle_m10/normalized_32x32/2/2_2_02_cbfae05c_r02c04__rotation_angle_m10.npy,2,2,1,0.9999999997289417,-11.886637687683105,-11.86426830291748,19.9949951171875,-3.4845080375671387,-9.182601928710938,-10.413151741027832,-14.436683654785156,-2.302252769470215,-13.061256408691406,-17.885215759277344,rotation,-10deg
2_2_02_cbfae05c_r03c01__rotation_angle_m10,./data/robustness/rotation/angle_m10/normalized_32x32/2/2_2_02_cbfae05c_r03c01__rotation_angle_m10.npy,2,2,1,0.9999998642788166,-12.212118148803711,-5.0369462966918945,14.593125343322754,-2.6059842109680176,-7.95030403137207,-10.6214017868042,-9.968972206115723,-1.5394576787948608,-9.068224906921387,-13.562201499938965,rotation,-10deg
2_2_02_cbfae05c_r03c02__rotation_angle_m10,./data/robustness/rotation/angle_m10/normalized_32x32/2/2_2_02_cbfae05c_r03c02__rotation_angle_m10.npy,2,2,1,0.9999997782888567,-11.34851360321045,-5.094747066497803,14.34526252746582,-1.6501271724700928,-6.582772731781006,-10.436075210571289,-15.026654243469238,-1.7904295921325684,-4.597973346710205,-10.167024612426758,rotation,-10deg
2_2_02_cbfae05c_r03c03__rotation_angle_m10,./data/robustness/rotation/angle_m10/normalized_32x32/2/2_2_02_cbfae05c_r03c03__rotation_angle_m10.npy,2,2,1,0.9999996204441264,-11.479840278625488,-3.653256416320801,13.35523796081543,-2.9902024269104004,-6.713393211364746,-8.88199520111084,-10.766304016113281,-1.833634853363037,-6.1545000076293945,-10.923720359802246,rotation,-10deg
2_2_02_cbfae05c_r03c04__rotation_angle_m10,./data/robustness/rotation/angle_m10/normalized_32x32/2/2_2_02_cbfae05c_r03c04__rotation_angle_m10.npy,2,2,1,0.99999519563715,-10.878362655639648,-8.436676979064941,13.064791679382324,0.7340934872627258,-5.022392749786377,-8.126226425170898,-16.54384994506836,-1.9419645071029663,-4.994527816772461,-3.6159610748291016,rotation,-10deg
2_2_02_cbfae05c_r04c01__rotation_angle_m10,./data/robustness/rotation/angle_m10/normalized_32x32/2/2_2_02_cbfae05c_r04c01__rotation_angle_m10.npy,2,2,1,0.9999075141433266,-9.915678024291992,-5.384191513061523,11.155875205993652,-0.49553191661834717,-6.454347610473633,-8.793949127197266,-13.167150497436523,1.7669625282287598,-5.661962985992432,-10.037237167358398,rotation,-10deg
2_2_02_cbfae05c_r04c02__rotation_angle_m10,./data/robustness/rotation/angle_m10/normalized_32x32/2/2_2_02_cbfae05c_r04c02__rotation_angle_m10.npy,2,2,1,0.9999946865086674,-9.165072441101074,-3.2799839973449707,12.513474464416504,-3.5876870155334473,-6.889293193817139,-9.99986457824707,-12.405372619628906,0.30026379227638245,-3.5605101585388184,-9.818790435791016,rotation,-10deg
2_2_02_cbfae05c_r04c03__rotation_angle_m10,./data/robustness/rotation/angle_m10/normalized_32x32/2/2_2_02_cbfae05c_r04c03__rotation_angle_m10.npy,2,2,1,0.9991713123523484,-6.656068325042725,-3.175055503845215,6.951676368713379,-0.39737510681152344,-3.0072131156921387,-4.4421706199646,-5.118574619293213,-2.478853702545166,-8.875425338745117,-8.14311408996582,rotation,-10deg
2_2_02_cbfae05c_r04c04__rotation_angle_m10,./data/robustness/rotation/angle_m10/normalized_32x32/2/2_2_02_cbfae05c_r04c04__rotation_angle_m10.npy,2,2,1,0.9931839454539826,-8.841924667358398,-4.676820755004883,7.832082748413086,2.8394055366516113,-6.506176948547363,-6.4234232902526855,-8.641254425048828,-3.835017204284668,-1.8610692024230957,-9.50704288482666,rotation,-10deg
3_3_01_3ef7df64_r01c01__rotation_angle_m10,./data/robustness/rotation/angle_m10/normalized_32x32/3/3_3_01_3ef7df64_r01c01__rotation_angle_m10.npy,3,3,1,0.9999410593365953,-6.504989147186279,-5.998256206512451,-2.2421751022338867,9.421758651733398,-6.631243705749512,-0.8054149150848389,-8.367326736450195,-5.549612998962402,-1.8497694730758667,-4.780591011047363,rotation,-10deg
3_3_01_3ef7df64_r01c02__rotation_angle_m10,./data/robustness/rotation/angle_m10/normalized_32x32/3/3_3_01_3ef7df64_r01c02__rotation_angle_m10.npy,3,3,1,0.9999561516335866,-5.61818790435791,-7.206059455871582,-2.256531238555908,9.753396034240723,-5.955216407775879,-0.5722105503082275,-8.83333969116211,-5.67236852645874,-2.6527621746063232,-5.343395709991455,rotation,-10deg
3_3_01_3ef7df64_r01c03__rotation_angle_m10,./data/robustness/rotation/angle_m10/normalized_32x32/3/3_3_01_3ef7df64_r01c03__rotation_angle_m10.npy,3,3,1,0.9217183675740772,-3.7137250900268555,-5.975673198699951,-2.8202385902404785,4.375541687011719,-2.50359845161438,1.871541142463684,-8.814366340637207,-4.7278289794921875,-4.892821311950684,-2.6973628997802734,rotation,-10deg
3_3_01_3ef7df64_r01c04__rotation_angle_m10,./data/robustness/rotation/angle_m10/normalized_32x32/3/3_3_01_3ef7df64_r01c04__rotation_angle_m10.npy,3,3,1,0.9999986110793939,-9.281611442565918,-7.915597915649414,-2.075545310974121,12.61744499206543,-8.60217571258545,-1.5116904973983765,-11.646591186523438,-7.283697605133057,-2.6387128829956055,-8.015728950500488,rotation,-10deg
3_3_01_3ef7df64_r02c01__rotation_angle_m10,./data/robustness/rotation/angle_m10/normalized_32x32/3/3_3_01_3ef7df64_r02c01__rotation_angle_m10.npy,3,3,1,0.9999865423419315,-10.430436134338379,-6.082792282104492,-5.614564895629883,11.555038452148438,-9.395821571350098,0.14976629614830017,-9.215311050415039,-6.209445476531982,-1.4537887573242188,-8.200274467468262,rotation,-10deg
3_3_01_3ef7df64_r02c02__rotation_angle_m10,./data/robustness/rotation/angle_m10/normalized_32x32/3/3_3_01_3ef7df64_r02c02__rotation_angle_m10.npy,3,3,1,0.9999999589526939,-13.080180168151855,-10.223710060119629,-3.859041452407837,16.645402908325195,-12.338112831115723,-3.1680312156677246,-16.023826599121094,-9.537967681884766,-0.4586417078971863,-9.730263710021973,rotation,-10deg
3_3_01_3ef7df64_r02c03__rotation_angle_m10,./data/robustness/rotation/angle_m10/normalized_32x32/3/3_3_01_3ef7df64_r02c03__rotation_angle_m10.npy,3,3,1,0.999993848347642,-6.9717020988464355,-7.30155086517334,-5.531065940856934,11.210787773132324,-8.062409400939941,-2.687068223953247,-12.035645484924316,-6.419871807098389,-1.0588771104812622,-3.4325122833251953,rotation,-10deg
3_3_01_3ef7df64_r02c04__rotation_angle_m10,./data/robustness/rotation/angle_m10/normalized_32x32/3/3_3_01_3ef7df64_r02c04__rotation_angle_m10.npy,3,3,1,0.9999115508623617,-5.423505783081055,-4.650673866271973,-3.170029640197754,8.196210861206055,-6.87564754486084,-2.7680766582489014,-9.167262077331543,-4.417759895324707,-1.7154521942138672,-4.708651065826416,rotation,-10deg
3_3_01_3ef7df64_r03c01__rotation_angle_m10,./data/robustness/rotation/angle_m10/normalized_32x32/3/3_3_01_3ef7df64_r03c01__rotation_angle_m10.npy,3,3,1,0.9999999601473533,-12.11083984375,-9.006425857543945,-4.90517520904541,15.524200439453125,-11.647239685058594,-2.689668893814087,-14.868093490600586,-8.543140411376953,-1.9396560192108154,-7.325958251953125,rotation,-10deg
3_3_01_3ef7df64_r03c02__rotation_angle_m10,./data/robustness/rotation/angle_m10/normalized_32x32/3/3_3_01_3ef7df64_r03c02__rotation_angle_m10.npy,3,3,1,0.9999999309783266,-12.167497634887695,-8.088685035705566,-5.32145357131958,15.148837089538574,-12.203468322753906,-2.0233442783355713,-14.377323150634766,-10.464223861694336,-2.0931339263916016,-6.813446998596191,rotation,-10deg
3_3_01_3ef7df64_r03c03__rotation_angle_m10,./data/robustness/rotation/angle_m10/normalized_32x32/3/3_3_01_3ef7df64_r03c03__rotation_angle_m10.npy,3,3,1,0.9981353304241921,-9.103089332580566,-7.8636932373046875,2.5390772819519043,8.922137260437012,-6.803229808807373,-5.259256839752197,-12.54931926727295,-5.194591045379639,0.27961865067481995,-7.021561145782471,rotation,-10deg
3_3_01_3ef7df64_r03c04__rotation_angle_m10,./data/robustness/rotation/angle_m10/normalized_32x32/3/3_3_01_3ef7df64_r03c04__rotation_angle_m10.npy,3,3,1,0.8562171578370263,-5.028409004211426,-2.470532178878784,1.3628567457199097,3.3870999813079834,-1.4821290969848633,-3.11759614944458,-7.765944004058838,-1.4202454090118408,-1.334092617034912,-1.6502773761749268,rotation,-10deg
3_3_01_3ef7df64_r04c01__rotation_angle_m10,./data/robustness/rotation/angle_m10/normalized_32x32/3/3_3_01_3ef7df64_r04c01__rotation_angle_m10.npy,3,3,1,0.6971771646056131,-2.7288339138031006,-3.6860482692718506,-0.4948185086250305,1.8676443099975586,-0.13586820662021637,-0.1532137095928192,-5.036612510681152,-1.9624452590942383,-3.830782890319824,-1.5514402389526367,rotation,-10deg
3_3_01_3ef7df64_r04c02__rotation_angle_m10,./data/robustness/rotation/angle_m10/normalized_32x32/3/3_3_01_3ef7df64_r04c02__rotation_angle_m10.npy,3,3,1,0.7719446604807636,-4.505718231201172,-1.9524290561676025,-0.9033163189888,2.0865256786346436,-0.8320649862289429,-4.9065351486206055,-8.570734024047852,-0.44946742057800293,-1.138003945350647,-0.8654119968414307,rotation,-10deg
3_3_01_3ef7df64_r04c03__rotation_angle_m10,./data/robustness/rotation/angle_m10/normalized_32x32/3/3_3_01_3ef7df64_r04c03__rotation_angle_m10.npy,3,2,0,0.5439169430635885,-5.322721481323242,-0.39248916506767273,2.5084643363952637,-1.5260120630264282,0.38543716073036194,-5.918057918548584,-10.41150188446045,1.5467711687088013,-2.8853507041931152,1.156660795211792,rotation,-10deg
3_3_01_3ef7df64_r04c04__rotation_angle_m10,./data/robustness/rotation/angle_m10/normalized_32x32/3/3_3_01_3ef7df64_r04c04__rotation_angle_m10.npy,3,7,0,0.44813147808042075,-2.9701952934265137,1.7526938915252686,0.6040925979614258,-5.099408149719238,-2.346510410308838,-5.456859111785889,-8.403077125549316,1.9705079793930054,-1.6200084686279297,-0.12796151638031006,rotation,-10deg
3_3_02_0ace0337_r01c01__rotation_angle_m10,./data/robustness/rotation/angle_m10/normalized_32x32/3/3_3_02_0ace0337_r01c01__rotation_angle_m10.npy,3,3,1,0.9999023939377909,-5.407527923583984,-6.472200870513916,-3.803783655166626,9.188133239746094,-6.6404218673706055,-0.26028239727020264,-9.388334274291992,-5.473536491394043,-2.2580275535583496,-3.0916824340820312,rotation,-10deg
3_3_02_0ace0337_r01c02__rotation_angle_m10,./data/robustness/rotation/angle_m10/normalized_32x32/3/3_3_02_0ace0337_r01c02__rotation_angle_m10.npy,3,3,1,0.8759807689593613,-3.279541492462158,-4.509194850921631,0.5596399903297424,3.5234766006469727,-1.2071967124938965,0.9232296943664551,-3.7134978771209717,-4.480990886688232,-2.020113468170166,-4.117612361907959,rotation,-10deg
3_3_02_0ace0337_r01c03__rotation_angle_m10,./data/robustness/rotation/angle_m10/normalized_32x32/3/3_3_02_0ace0337_r01c03__rotation_angle_m10.npy,3,3,1,0.9999962700603863,-9.413606643676758,-7.33042573928833,-3.0059642791748047,12.347123146057129,-9.131671905517578,-1.909988284111023,-9.78016471862793,-6.4803338050842285,-0.417376846075058,-8.445940971374512,rotation,-10deg
3_3_02_0ace0337_r01c04__rotation_angle_m10,./data/robustness/rotation/angle_m10/normalized_32x32/3/3_3_02_0ace0337_r01c04__rotation_angle_m10.npy,3,3,1,0.9999995017333814,-10.75869369506836,-6.765508651733398,-6.3340582847595215,13.325542449951172,-10.24907112121582,-1.3681418895721436,-13.045331001281738,-7.004945278167725,-3.158439874649048,-5.450127124786377,rotation,-10deg
3_3_02_0ace0337_r02c01__rotation_angle_m10,./data/robustness/rotation/angle_m10/normalized_32x32/3/3_3_02_0ace0337_r02c01__rotation_angle_m10.npy,3,3,1,0.9999546670511981,-7.558262825012207,-4.799779415130615,-2.4909586906433105,9.580495834350586,-7.024231433868408,-0.9650538563728333,-9.27616024017334,-5.411668300628662,-1.7790865898132324,-4.6412200927734375,rotation,-10deg
3_3_02_0ace0337_r02c02__rotation_angle_m10,./data/robustness/rotation/angle_m10/normalized_32x32/3/3_3_02_0ace0337_r02c02__rotation_angle_m10.npy,3,3,1,0.9998522239382311,-6.489159107208252,-5.083253860473633,-2.0580687522888184,8.538225173950195,-6.2128071784973145,-1.3255969285964966,-9.13545036315918,-6.00505256652832,-1.2927532196044922,-2.596409797668457,rotation,-10deg
3_3_02_0ace0337_r02c03__rotation_angle_m10,./data/robustness/rotation/angle_m10/normalized_32x32/3/3_3_02_0ace0337_r02c03__rotation_angle_m10.npy,3,3,1,0.9999702991989355,-6.534791469573975,-6.638585090637207,-1.560583233833313,10.003363609313965,-6.554821014404297,-1.0728654861450195,-9.920828819274902,-5.8200531005859375,-2.3811087608337402,-5.352134704589844,rotation,-10deg
3_3_02_0ace0337_r02c04__rotation_angle_m10,./data/robustness/rotation/angle_m10/normalized_32x32/3/3_3_02_0ace0337_r02c04__rotation_angle_m10.npy,3,3,1,0.9999903104378508,-10.545806884765625,-7.7522149085998535,0.2811792492866516,12.27670669555664,-9.222123146057129,-3.0877223014831543,-12.797066688537598,-7.416197776794434,-0.345120370388031,-8.65441608428955,rotation,-10deg
3_3_02_0ace0337_r03c01__rotation_angle_m10,./data/robustness/rotation/angle_m10/normalized_32x32/3/3_3_02_0ace0337_r03c01__rotation_angle_m10.npy,3,3,1,0.9999942729122615,-8.994806289672852,-6.314953804016113,-2.0197525024414062,11.176119804382324,-7.994935989379883,-2.949509620666504,-10.1200590133667,-5.49382209777832,-1.5279035568237305,-7.647453784942627,rotation,-10deg
3_3_02_0ace0337_r03c02__rotation_angle_m10,./data/robustness/rotation/angle_m10/normalized_32x32/3/3_3_02_0ace0337_r03c02__rotation_angle_m10.npy,3,3,1,0.7948966932704142,-3.6547303199768066,-3.0718207359313965,0.024538815021514893,2.743574619293213,-0.5563418865203857,-3.1649317741394043,-8.99572467803955,-1.6848305463790894,-1.9748115539550781,0.6797511577606201,rotation,-10deg
3_3_02_0ace0337_r03c03__rotation_angle_m10,./data/robustness/rotation/angle_m10/normalized_32x32/3/3_3_02_0ace0337_r03c03__rotation_angle_m10.npy,3,3,1,0.730798967162535,-2.9189417362213135,-1.8162150382995605,-0.37264251708984375,2.0366954803466797,-0.9397957921028137,-1.098158836364746,-6.324880123138428,-0.13330167531967163,-3.764915943145752,-1.2251566648483276,rotation,-10deg
3_3_02_0ace0337_r03c04__rotation_angle_m10,./data/robustness/rotation/angle_m10/normalized_32x32/3/3_3_02_0ace0337_r03c04__rotation_angle_m10.npy,3,3,1,0.7848402738544097,-5.032922744750977,-2.594945192337036,1.0019819736480713,2.7760536670684814,-1.356583833694458,-3.4149980545043945,-8.619884490966797,-0.40786468982696533,-1.7306952476501465,-0.768155574798584,rotation,-10deg
3_3_02_0ace0337_r04c01__rotation_angle_m10,./data/robustness/rotation/angle_m10/normalized_32x32/3/3_3_02_0ace0337_r04c01__rotation_angle_m10.npy,3,3,1,0.9741276608343497,-5.933021545410156,-2.3517682552337646,-0.8806992173194885,4.576577663421631,-2.002765655517578,-2.114503860473633,-8.6871919631958,0.5470395088195801,-5.142290115356445,-2.539022922515869,rotation,-10deg
3_3_02_0ace0337_r04c02__rotation_angle_m10,./data/robustness/rotation/angle_m10/normalized_32x32/3/3_3_02_0ace0337_r04c02__rotation_angle_m10.npy,3,3,1,0.9914987879264855,-5.242591381072998,-2.9024784564971924,0.5132349729537964,5.519099712371826,-4.662276268005371,-1.313506841659546,-6.788349628448486,-3.2771501541137695,-2.4360544681549072,-5.8357367515563965,rotation,-10deg
3_3_02_0ace0337_r04c03__rotation_angle_m10,./data/robustness/rotation/angle_m10/normalized_32x32/3/3_3_02_0ace0337_r04c03__rotation_angle_m10.npy,3,3,1,0.9584163516391094,-5.422174453735352,-4.4857378005981445,1.8217540979385376,5.131831645965576,-4.103134632110596,-0.4482364058494568,-7.629354476928711,-3.9708988666534424,-0.8698111772537231,-2.9057064056396484,rotation,-10deg
3_3_02_0ace0337_r04c04__rotation_angle_m10,./data/robustness/rotation/angle_m10/normalized_32x32/3/3_3_02_0ace0337_r04c04__rotation_angle_m10.npy,3,1,0,0.7319470214465241,-3.2701148986816406,2.747178077697754,-0.2973898649215698,-2.2663421630859375,-0.15757746994495392,-2.96073055267334,-5.164973735809326,1.0380539894104004,-2.6272621154785156,0.02013854682445526,rotation,-10deg
4_4_01_ecfe458e_r01c01__rotation_angle_m10,./data/robustness/rotation/angle_m10/normalized_32x32/4/4_4_01_ecfe458e_r01c01__rotation_angle_m10.npy,4,4,1,0.9887698196572583,-5.2469916343688965,-2.1974549293518066,-0.8309199810028076,-3.0088350772857666,4.843953609466553,-2.134727716445923,-4.930488586425781,-1.673648715019226,-1.772099494934082,-1.0280280113220215,rotation,-10deg
4_4_01_ecfe458e_r01c02__rotation_angle_m10,./data/robustness/rotation/angle_m10/normalized_32x32/4/4_4_01_ecfe458e_r01c02__rotation_angle_m10.npy,4,4,1,0.9999724621587147,-6.234988689422607,-1.84333074092865,-2.5500130653381348,-8.456865310668945,11.339786529541016,-5.347697734832764,-6.3086934089660645,-2.321415662765503,-6.755797863006592,0.6788622140884399,rotation,-10deg
4_4_01_ecfe458e_r01c03__rotation_angle_m10,./data/robustness/rotation/angle_m10/normalized_32x32/4/4_4_01_ecfe458e_r01c03__rotation_angle_m10.npy,4,4,1,0.9986566706802754,-6.66608190536499,-2.830738067626953,-4.30261754989624,-7.379922389984131,9.28554916381836,-6.033770561218262,-4.330990791320801,-0.9316064119338989,-5.749309539794922,2.640126943588257,rotation,-10deg
4_4_01_ecfe458e_r01c04__rotation_angle_m10,./data/robustness/rotation/angle_m10/normalized_32x32/4/4_4_01_ecfe458e_r01c04__rotation_angle_m10.npy,4,4,1,0.9999677875356826,-8.073179244995117,-4.5313920974731445,-7.851407527923584,-8.684971809387207,13.553071975708008,-8.141024589538574,-4.168196201324463,-0.21166229248046875,-10.126049041748047,3.175596237182617,rotation,-10deg
4_4_01_ecfe458e_r02c01__rotation_angle_m10,./data/robustness/rotation/angle_m10/normalized_32x32/4/4_4_01_ecfe458e_r02c01__rotation_angle_m10.npy,4,4,1,0.9999999102073281,-8.103863716125488,-4.689908981323242,-5.5561041831970215,-11.72378921508789,14.667981147766113,-3.1521081924438477,-2.8376622200012207,-3.31909441947937,-7.6527862548828125,-2.825880765914917,rotation,-10deg
4_4_01_ecfe458e_r02c02__rotation_angle_m10,./data/robustness/rotation/angle_m10/normalized_32x32/4/4_4_01_ecfe458e_r02c02__rotation_angle_m10.npy,4,4,1,0.9999995042449736,-7.772712230682373,-3.4458022117614746,-4.348331451416016,-9.546980857849121,12.99210262298584,-2.5044918060302734,-5.716834545135498,-4.3434157371521,-5.5968146324157715,-2.650803327560425,rotation,-10deg
4_4_01_ecfe458e_r02c03__rotation_angle_m10,./data/robustness/rotation/angle_m10/normalized_32x32/4/4_4_01_ecfe458e_r02c03__rotation_angle_m10.npy,4,4,1,0.999999161457476,-9.104290962219238,-5.709510326385498,-6.666530609130859,-11.235696792602539,13.516663551330566,-5.403811931610107,-5.5898308753967285,-1.5393649339675903,-5.3859333992004395,-0.9419153332710266,rotation,-10deg
4_4_01_ecfe458e_r02c04__rotation_angle_m10,./data/robustness/rotation/angle_m10/normalized_32x32/4/4_4_01_ecfe458e_r02c04__rotation_angle_m10.npy,4,4,1,0.9999944468994155,-8.73741340637207,-4.804479598999023,-6.387353420257568,-10.143656730651855,12.462705612182617,-5.144059181213379,-6.705547332763672,-4.499552249908447,-3.0567269325256348,0.3076861500740051,rotation,-10deg
4_4_01_ecfe458e_r03c01__rotation_angle_m10,./data/robustness/rotation/angle_m10/normalized_32x32/4/4_4_01_ecfe458e_r03c01__rotation_angle_m10.npy,4,4,1,0.9999952068220733,-6.218821048736572,-2.847203016281128,-2.9108476638793945,-8.355072975158691,10.99045467376709,-2.6728310585021973,-7.429787635803223,-2.8348069190979004,-3.6458959579467773,-4.191599369049072,rotation,-10deg
4_4_01_ecfe458e_r03c02__rotation_angle_m10,./data/robustness/rotation/angle_m10/normalized_32x32/4/4_4_01_ecfe458e_r03c02__rotation_angle_m10.npy,4,4,1,0.9999990889232983,-8.169343948364258,-3.3698809146881104,-3.853524684906006,-9.574837684631348,12.46478271484375,-4.528120040893555,-6.748148441314697,-2.774207830429077,-4.687264442443848,-2.3384182453155518,rotation,-10deg
4_4_01_ecfe458e_r03c03__rotation_angle_m10,./data/robustness/rotation/angle_m10/normalized_32x32/4/4_4_01_ecfe458e_r03c03__rotation_angle_m10.npy,4,4,1,0.9999999813238268,-9.154083251953125,-4.201838970184326,-4.618071556091309,-12.152987480163574,15.326330184936523,-3.3270702362060547,-7.007506370544434,-5.490447998046875,-4.810853004455566,-4.547813415527344,rotation,-10deg
4_4_01_ecfe458e_r03c04__rotation_angle_m10,./data/robustness/rotation/angle_m10/normalized_32x32/4/4_4_01_ecfe458e_r03c04__rotation_angle_m10.npy,4,4,1,0.9999984903992611,-7.5115251541137695,-2.808507204055786,-4.888345241546631,-8.768214225769043,12.798206329345703,-5.001554012298584,-6.175797939300537,-3.8350136280059814,-5.8028950691223145,-0.8122302889823914,rotation,-10deg
4_4_01_ecfe458e_r04c01__rotation_angle_m10,./data/robustness/rotation/angle_m10/normalized_32x32/4/4_4_01_ecfe458e_r04c01__rotation_angle_m10.npy,4,4,1,0.999466759908086,-6.599292755126953,-1.1502958536148071,-5.182225704193115,-8.027462005615234,9.310379981994629,-3.698502540588379,-6.398491859436035,-3.0602710247039795,-5.114939212799072,1.703554630279541,rotation,-10deg
4_4_01_ecfe458e_r04c02__rotation_angle_m10,./data/robustness/rotation/angle_m10/normalized_32x32/4/4_4_01_ecfe458e_r04c02__rotation_angle_m10.npy,4,4,1,0.9999907656973535,-8.525810241699219,-3.3323729038238525,-4.717095375061035,-11.098814964294434,12.087111473083496,-5.550520420074463,-6.383300304412842,-1.9186476469039917,-5.609832763671875,0.363831102848053,rotation,-10deg
4_4_01_ecfe458e_r04c03__rotation_angle_m10,./data/robustness/rotation/angle_m10/normalized_32x32/4/4_4_01_ecfe458e_r04c03__rotation_angle_m10.npy,4,4,1,0.9942182316606509,-6.8690185546875,-0.5998870134353638,-4.344915390014648,-8.317830085754395,7.076348304748535,-4.852239608764648,-8.485383987426758,-1.1333154439926147,-3.2401018142700195,1.7835675477981567,rotation,-10deg
4_4_01_ecfe458e_r04c04__rotation_angle_m10,./data/robustness/rotation/angle_m10/normalized_32x32/4/4_4_01_ecfe458e_r04c04__rotation_angle_m10.npy,4,4,1,0.9999992518884725,-8.52105712890625,-3.5904903411865234,-2.7104878425598145,-9.485936164855957,12.576160430908203,-4.563630104064941,-6.121190547943115,-2.687328577041626,-5.0684285163879395,-3.344057559967041,rotation,-10deg
4_4_02_b6e2cbed_r01c01__rotation_angle_m10,./data/robustness/rotation/angle_m10/normalized_32x32/4/4_4_02_b6e2cbed_r01c01__rotation_angle_m10.npy,4,4,1,0.9858980602467121,-8.173818588256836,-3.6435368061065674,-0.9230822920799255,-6.431115627288818,7.447925567626953,-6.588054656982422,-9.059368133544922,2.5730462074279785,-5.2797746658325195,2.3989603519439697,rotation,-10deg
4_4_02_b6e2cbed_r01c02__rotation_angle_m10,./data/robustness/rotation/angle_m10/normalized_32x32/4/4_4_02_b6e2cbed_r01c02__rotation_angle_m10.npy,4,4,1,0.9999801928840791,-4.734020709991455,-4.47174072265625,-4.535604000091553,-6.663049697875977,10.36417007446289,-1.793842077255249,-4.043163776397705,-3.748962640762329,-4.578502655029297,-0.9726778864860535,rotation,-10deg
4_4_02_b6e2cbed_r01c03__rotation_angle_m10,./data/robustness/rotation/angle_m10/normalized_32x32/4/4_4_02_b6e2cbed_r01c03__rotation_angle_m10.npy,4,4,1,0.9999995385116696,-7.29481315612793,-5.252536296844482,-4.701676368713379,-9.075145721435547,12.992833137512207,-2.198821783065796,-6.203173637390137,-3.5470075607299805,-4.667784214019775,-3.3120243549346924,rotation,-10deg
4_4_02_b6e2cbed_r01c04__rotation_angle_m10,./data/robustness/rotation/angle_m10/normalized_32x32/4/4_4_02_b6e2cbed_r01c04__rotation_angle_m10.npy,4,4,1,0.9999977275592732,-5.19565486907959,-3.2873759269714355,-4.123271942138672,-8.32177448272705,12.532066345214844,-4.039953708648682,-3.540355920791626,-3.748826742172241,-6.467370986938477,-0.6959000825881958,rotation,-10deg
4_4_02_b6e2cbed_r02c01__rotation_angle_m10,./data/robustness/rotation/angle_m10/normalized_32x32/4/4_4_02_b6e2cbed_r02c01__rotation_angle_m10.npy,4,4,1,0.9999993823542555,-6.835652828216553,-4.015949726104736,-3.8564107418060303,-10.127739906311035,12.68030071258545,-2.27349591255188,-5.2269978523254395,-4.75523042678833,-3.4936928749084473,-4.520562171936035,rotation,-10deg
4_4_02_b6e2cbed_r02c02__rotation_angle_m10,./data/robustness/rotation/angle_m10/normalized_32x32/4/4_4_02_b6e2cbed_r02c02__rotation_angle_m10.npy,4,4,1,0.775268618234559,-8.153316497802734,-2.573082447052002,-2.441492795944214,-3.9862749576568604,5.419220447540283,-4.522054672241211,-7.040620803833008,4.177234172821045,-3.8338565826416016,-3.6915299892425537,rotation,-10deg
4_4_02_b6e2cbed_r02c03__rotation_angle_m10,./data/robustness/rotation/angle_m10/normalized_32x32/4/4_4_02_b6e2cbed_r02c03__rotation_angle_m10.npy,4,4,1,0.9999999748577957,-8.341001510620117,-5.737788677215576,-5.4997334480285645,-13.368546485900879,15.194711685180664,-3.990680456161499,-4.558191299438477,-3.8781633377075195,-4.710689544677734,-3.3916633129119873,rotation,-10deg
4_4_02_b6e2cbed_r02c04__rotation_angle_m10,./data/robustness/rotation/angle_m10/normalized_32x32/4/4_4_02_b6e2cbed_r02c04__rotation_angle_m10.npy,4,4,1,0.9999976255937492,-7.908999443054199,-4.980289936065674,-5.76514196395874,-9.643507957458496,12.280517578125,-4.623286247253418,-6.214831352233887,-1.1452630758285522,-5.754831790924072,-1.783689022064209,rotation,-10deg
4_4_02_b6e2cbed_r03c01__rotation_angle_m10,./data/robustness/rotation/angle_m10/normalized_32x32/4/4_4_02_b6e2cbed_r03c01__rotation_angle_m10.npy,4,4,1,0.9999948833606709,-6.230867385864258,-3.0169780254364014,-3.860137701034546,-9.093243598937988,11.015697479248047,-2.707914352416992,-6.4312238693237305,-5.15150785446167,-2.6585936546325684,-2.354034185409546,rotation,-10deg
4_4_02_b6e2cbed_r03c02__rotation_angle_m10,./data/robustness/rotation/angle_m10/normalized_32x32/4/4_4_02_b6e2cbed_r03c02__rotation_angle_m10.npy,4,4,1,0.9993955122450914,-7.034317493438721,-2.309098482131958,-4.228909492492676,-7.90069580078125,8.721701622009277,-4.270504951477051,-7.065801620483398,1.0701494216918945,-5.233193874359131,-0.4164428412914276,rotation,-10deg
4_4_02_b6e2cbed_r03c03__rotation_angle_m10,./data/robustness/rotation/angle_m10/normalized_32x32/4/4_4_02_b6e2cbed_r03c03__rotation_angle_m10.npy,4,4,1,0.999689496893,-7.802610397338867,-0.19152337312698364,-5.968858242034912,-10.783062934875488,9.411381721496582,-5.1598639488220215,-7.110311031341553,-4.275697708129883,-2.323788642883301,1.0475202798843384,rotation,-10deg
4_4_02_b6e2cbed_r03c04__rotation_angle_m10,./data/robustness/rotation/angle_m10/normalized_32x32/4/4_4_02_b6e2cbed_r03c04__rotation_angle_m10.npy,4,4,1,0.999999993435674,-10.411405563354492,-5.2350029945373535,-5.3026556968688965,-11.779354095458984,16.519737243652344,-4.133209228515625,-9.580973625183105,-2.7984769344329834,-7.451376438140869,-4.589056491851807,rotation,-10deg
4_4_02_b6e2cbed_r04c01__rotation_angle_m10,./data/robustness/rotation/angle_m10/normalized_32x32/4/4_4_02_b6e2cbed_r04c01__rotation_angle_m10.npy,4,4,1,0.9999997575747487,-7.6359405517578125,-2.9312093257904053,-3.2182209491729736,-10.43088436126709,13.464272499084473,-3.1352124214172363,-5.361628532409668,-6.045239448547363,-5.3457183837890625,-3.842942476272583,rotation,-10deg
4_4_02_b6e2cbed_r04c02__rotation_angle_m10,./data/robustness/rotation/angle_m10/normalized_32x32/4/4_4_02_b6e2cbed_r04c02__rotation_angle_m10.npy,4,4,1,0.9999999923088937,-9.933012008666992,-2.966801643371582,-4.372045040130615,-12.281997680664062,16.489538192749023,-4.761813163757324,-7.837446212768555,-3.3578195571899414,-7.952506065368652,-5.727965354919434,rotation,-10deg
4_4_02_b6e2cbed_r04c03__rotation_angle_m10,./data/robustness/rotation/angle_m10/normalized_32x32/4/4_4_02_b6e2cbed_r04c03__rotation_angle_m10.npy,4,4,1,0.8526824142128263,-4.210178375244141,-1.6870354413986206,-4.072129249572754,-4.153628826141357,4.4881744384765625,-2.6453866958618164,-5.635446071624756,0.39795029163360596,-3.56887149810791,2.606034278869629,rotation,-10deg
4_4_02_b6e2cbed_r04c04__rotation_angle_m10,./data/robustness/rotation/angle_m10/normalized_32x32/4/4_4_02_b6e2cbed_r04c04__rotation_angle_m10.npy,4,4,1,0.9998758599633775,-7.2714948654174805,-1.7605630159378052,-3.6279408931732178,-7.402521133422852,9.60892391204834,-4.34238862991333,-6.987582206726074,0.11013725399971008,-6.580981731414795,-0.6577996611595154,rotation,-10deg
5_5_01_bb19e6ee_r01c01__rotation_angle_m10,./data/robustness/rotation/angle_m10/normalized_32x32/5/5_5_01_bb19e6ee_r01c01__rotation_angle_m10.npy,5,5,1,0.9974278754903064,-2.6747570037841797,-6.605984687805176,-5.197402000427246,0.4165000915527344,-3.282888889312744,6.524299621582031,-3.0766170024871826,-6.139532566070557,-2.6512451171875,-4.753175258636475,rotation,-10deg
5_5_01_bb19e6ee_r01c02__rotation_angle_m10,./data/robustness/rotation/angle_m10/normalized_32x32/5/5_5_01_bb19e6ee_r01c02__rotation_angle_m10.npy,5,5,1,0.9998741050899312,-4.892033576965332,-7.7986955642700195,-8.53187084197998,-0.18814754486083984,-3.399289608001709,8.89277458190918,-4.41265869140625,-8.7166166305542,-3.820422887802124,-4.396541595458984,rotation,-10deg
5_5_01_bb19e6ee_r01c03__rotation_angle_m10,./data/robustness/rotation/angle_m10/normalized_32x32/5/5_5_01_bb19e6ee_r01c03__rotation_angle_m10.npy,5,5,1,0.9997190510984666,-4.880665302276611,-9.032032012939453,-10.137714385986328,0.853191614151001,-5.142313480377197,9.147006034851074,-6.52977180480957,-8.390264511108398,-3.4906632900238037,-1.4068139791488647,rotation,-10deg
5_5_01_bb19e6ee_r01c04__rotation_angle_m10,./data/robustness/rotation/angle_m10/normalized_32x32/5/5_5_01_bb19e6ee_r01c04__rotation_angle_m10.npy,5,5,1,0.99999996433224,-4.548614501953125,-14.103911399841309,-21.674768447875977,-3.3284058570861816,-8.295733451843262,16.641586303710938,-8.247681617736816,-9.768322944641113,-8.067821502685547,-0.5892837047576904,rotation,-10deg
5_5_01_bb19e6ee_r02c01__rotation_angle_m10,./data/robustness/rotation/angle_m10/normalized_32x32/5/5_5_01_bb19e6ee_r02c01__rotation_angle_m10.npy,5,5,1,0.9999801549892884,-4.708777904510498,-8.433877944946289,-10.427841186523438,-0.7984693646430969,-3.104677200317383,10.326577186584473,-2.9956960678100586,-10.635860443115234,-2.9691407680511475,-7.693319797515869,rotation,-10deg
5_5_01_bb19e6ee_r02c02__rotation_angle_m10,./data/robustness/rotation/angle_m10/normalized_32x32/5/5_5_01_bb19e6ee_r02c02__rotation_angle_m10.npy,5,5,1,0.9999996026559355,-4.763593673706055,-12.501072883605957,-16.597261428833008,-1.998648762702942,-8.049936294555664,13.94001579284668,-7.335022449493408,-9.188586235046387,-6.4939656257629395,-1.1927553415298462,rotation,-10deg
5_5_01_bb19e6ee_r02c03__rotation_angle_m10,./data/robustness/rotation/angle_m10/normalized_32x32/5/5_5_01_bb19e6ee_r02c03__rotation_angle_m10.npy,5,5,1,0.9999962884467939,-7.243250846862793,-3.1036603450775146,-15.201833724975586,-3.584592819213867,-5.96811580657959,10.652292251586914,-3.583932399749756,-6.10744571685791,-3.0027287006378174,-6.56471061706543,rotation,-10deg
5_5_01_bb19e6ee_r02c04__rotation_angle_m10,./data/robustness/rotation/angle_m10/normalized_32x32/5/5_5_01_bb19e6ee_r02c04__rotation_angle_m10.npy,5,5,1,0.999999992859548,-7.940371036529541,-8.054969787597656,-21.207029342651367,-5.437402725219727,-11.70928955078125,16.26189613342285,-5.408905029296875,-10.282548904418945,-6.390930652618408,-2.6418769359588623,rotation,-10deg
5_5_01_bb19e6ee_r03c01__rotation_angle_m10,./data/robustness/rotation/angle_m10/normalized_32x32/5/5_5_01_bb19e6ee_r03c01__rotation_angle_m10.npy,5,5,1,0.9999999188527756,-7.261078834533691,-10.989089965820312,-22.202987670898438,-4.868741512298584,-11.522563934326172,16.62605857849121,-8.094599723815918,-9.77125358581543,-7.39016056060791,0.2920694351196289,rotation,-10deg
5_5_01_bb19e6ee_r03c02__rotation_angle_m10,./data/robustness/rotation/angle_m10/normalized_32x32/5/5_5_01_bb19e6ee_r03c02__rotation_angle_m10.npy,5,5,1,0.9999999990710355,-6.060284614562988,-11.944005012512207,-25.406843185424805,-4.5973944664001465,-11.083321571350098,17.140350341796875,-5.792629718780518,-6.271214962005615,-7.319268226623535,-4.8556904792785645,rotation,-10deg
5_5_01_bb19e6ee_r03c03__rotation_angle_m10,./data/robustness/rotation/angle_m10/normalized_32x32/5/5_5_01_bb19e6ee_r03c03__rotation_angle_m10.npy,5,5,1,0.9999999983303318,-3.929771661758423,-11.005292892456055,-27.02784538269043,-9.055798530578613,-9.93132209777832,18.134790420532227,-6.497440814971924,-8.716023445129395,-8.370000839233398,-2.2660927772521973,rotation,-10deg
5_5_01_bb19e6ee_r03c04__rotation_angle_m10,./data/robustness/rotation/angle_m10/normalized_32x32/5/5_5_01_bb19e6ee_r03c04__rotation_angle_m10.npy,5,5,1,0.99999999732246,-5.300911903381348,-13.640697479248047,-20.908885955810547,-4.3351664543151855,-10.3070068359375,17.50165557861328,-8.64639663696289,-10.967260360717773,-5.548727035522461,-2.4697928428649902,rotation,-10deg
5_5_01_bb19e6ee_r04c01__rotation_angle_m10,./data/robustness/rotation/angle_m10/normalized_32x32/5/5_5_01_bb19e6ee_r04c01__rotation_angle_m10.npy,5,5,1,0.9999525096770849,-2.6049115657806396,-6.189795970916748,-14.209349632263184,-4.319070816040039,-5.202470779418945,9.26168441772461,-3.1139228343963623,-4.329404830932617,-5.785949230194092,-1.0656630992889404,rotation,-10deg
5_5_01_bb19e6ee_r04c02__rotation_angle_m10,./data/robustness/rotation/angle_m10/normalized_32x32/5/5_5_01_bb19e6ee_r04c02__rotation_angle_m10.npy,5,5,1,0.9999999999547817,-2.8755412101745605,-13.154038429260254,-31.108806610107422,-9.946747779846191,-12.42346477508545,21.060007095336914,-6.535116672515869,-8.513023376464844,-11.700882911682129,-5.254817008972168,rotation,-10deg
5_5_01_bb19e6ee_r04c03__rotation_angle_m10,./data/robustness/rotation/angle_m10/normalized_32x32/5/5_5_01_bb19e6ee_r04c03__rotation_angle_m10.npy,5,5,1,0.9999999997878006,-2.026099681854248,-13.807293891906738,-31.944496154785156,-11.308614730834961,-10.678582191467285,20.29703140258789,-5.32450532913208,-8.52786922454834,-10.37042236328125,-6.454562664031982,rotation,-10deg
5_5_01_bb19e6ee_r04c04__rotation_angle_m10,./data/robustness/rotation/angle_m10/normalized_32x32/5/5_5_01_bb19e6ee_r04c04__rotation_angle_m10.npy,5,5,1,0.9999988738227505,-4.8550639152526855,-8.504575729370117,-11.568197250366211,-6.298933029174805,-3.316521406173706,11.445408821105957,-6.504515647888184,-7.956698417663574,-2.866960048675537,-7.754432201385498,rotation,-10deg
5_5_02_f20420ee_r01c01__rotation_angle_m10,./data/robustness/rotation/angle_m10/normalized_32x32/5/5_5_02_f20420ee_r01c01__rotation_angle_m10.npy,5,5,1,0.9888444386561477,-2.3721067905426025,-5.1799139976501465,-2.9901859760284424,-1.0270018577575684,-1.2467098236083984,4.54271125793457,-1.7778817415237427,-4.372342586517334,-2.530522108078003,-5.551719665527344,rotation,-10deg
5_5_02_f20420ee_r01c02__rotation_angle_m10,./data/robustness/rotation/angle_m10/normalized_32x32/5/5_5_02_f20420ee_r01c02__rotation_angle_m10.npy,5,5,1,0.9998832747883,-4.210731506347656,-6.87235164642334,-9.281875610351562,-0.7768382430076599,-3.1678390502929688,8.610369682312012,-4.112905502319336,-7.68293571472168,-3.126373767852783,-2.7793166637420654,rotation,-10deg
5_5_02_f20420ee_r01c03__rotation_angle_m10,./data/robustness/rotation/angle_m10/normalized_32x32/5/5_5_02_f20420ee_r01c03__rotation_angle_m10.npy,5,5,1,0.999995825943839,-3.766967296600342,-4.180438041687012,-16.067930221557617,-6.166322708129883,-5.360508918762207,10.847651481628418,-2.8721137046813965,-4.950554847717285,-2.8506224155426025,-3.038132905960083,rotation,-10deg
5_5_02_f20420ee_r01c04__rotation_angle_m10,./data/robustness/rotation/angle_m10/normalized_32x32/5/5_5_02_f20420ee_r01c04__rotation_angle_m10.npy,5,5,1,0.999750660734548,-2.8537604808807373,-6.410174369812012,-9.63243293762207,-0.6810673475265503,-3.8267509937286377,8.054666519165039,-2.0540759563446045,-7.053967475891113,-2.9309170246124268,-4.159771919250488,rotation,-10deg
5_5_02_f20420ee_r02c01__rotation_angle_m10,./data/robustness/rotation/angle_m10/normalized_32x32/5/5_5_02_f20420ee_r02c01__rotation_angle_m10.npy,5,5,1,0.9999995152092646,-3.8849997520446777,-9.78695297241211,-17.097137451171875,-3.267573356628418,-7.522434234619141,12.961180686950684,-5.576189994812012,-5.971650123596191,-6.628572463989258,-1.9703433513641357,rotation,-10deg
5_5_02_f20420ee_r02c02__rotation_angle_m10,./data/robustness/rotation/angle_m10/normalized_32x32/5/5_5_02_f20420ee_r02c02__rotation_angle_m10.npy,5,5,1,0.9999985554912053,-6.932886600494385,-8.18209171295166,-15.14848804473877,-1.8401122093200684,-5.68172025680542,12.013520240783691,-3.6472349166870117,-8.716002464294434,-3.027158260345459,-8.748212814331055,rotation,-10deg
5_5_02_f20420ee_r02c03__rotation_angle_m10,./data/robustness/rotation/angle_m10/normalized_32x32/5/5_5_02_f20420ee_r02c03__rotation_angle_m10.npy,5,5,1,0.9997382307719901,-7.297873497009277,-4.43796968460083,-13.553892135620117,0.6850680112838745,-13.205817222595215,8.95294189453125,-6.978184700012207,-4.888731002807617,-3.9796347618103027,-7.416725158691406,rotation,-10deg
5_5_02_f20420ee_r02c04__rotation_angle_m10,./data/robustness/rotation/angle_m10/normalized_32x32/5/5_5_02_f20420ee_r02c04__rotation_angle_m10.npy,5,5,1,0.9998579031757269,-6.9508867263793945,-4.5807623863220215,-16.525135040283203,-1.091291904449463,-10.594844818115234,8.493908882141113,-7.464910984039307,-2.8252153396606445,-1.6228442192077637,-2.4078011512756348,rotation,-10deg
5_5_02_f20420ee_r03c01__rotation_angle_m10,./data/robustness/rotation/angle_m10/normalized_32x32/5/5_5_02_f20420ee_r03c01__rotation_angle_m10.npy,5,5,1,0.9999999443433947,-8.191482543945312,-11.641459465026855,-22.79648780822754,-4.937621116638184,-11.115217208862305,17.21367645263672,-9.319664001464844,-10.11510181427002,-5.092602729797363,0.501320481300354,rotation,-10deg
5_5_02_f20420ee_r03c02__rotation_angle_m10,./data/robustness/rotation/angle_m10/normalized_32x32/5/5_5_02_f20420ee_r03c02__rotation_angle_m10.npy,5,5,1,0.9999999973170848,-8.085976600646973,-11.033199310302734,-25.76407241821289,-5.778604030609131,-13.321001052856445,18.61719512939453,-7.508936405181885,-11.33604621887207,-6.918948173522949,-1.1344959735870361,rotation,-10deg
5_5_02_f20420ee_r03c03__rotation_angle_m10,./data/robustness/rotation/angle_m10/normalized_32x32/5/5_5_02_f20420ee_r03c03__rotation_angle_m10.npy,5,5,1,0.9999999981959313,-5.295677185058594,-13.074971199035645,-26.0754451751709,-6.32584285736084,-10.986984252929688,18.753881454467773,-7.632445812225342,-9.762073516845703,-8.679303169250488,-1.4097234010696411,rotation,-10deg
5_5_02_f20420ee_r03c04__rotation_angle_m10,./data/robustness/rotation/angle_m10/normalized_32x32/5/5_5_02_f20420ee_r03c04__rotation_angle_m10.npy,5,5,1,0.9999983639916887,-6.387862682342529,-9.527547836303711,-20.256784439086914,-5.197602272033691,-7.67673921585083,13.805065155029297,-5.786799907684326,-6.82111930847168,-7.148029804229736,0.47394490242004395,rotation,-10deg
5_5_02_f20420ee_r04c01__rotation_angle_m10,./data/robustness/rotation/angle_m10/normalized_32x32/5/5_5_02_f20420ee_r04c01__rotation_angle_m10.npy,5,5,1,0.9999999977692444,-6.5587286949157715,-12.046463012695312,-20.548145294189453,-4.293583869934082,-9.667673110961914,16.882966995239258,-5.651252746582031,-10.3700590133667,-8.978218078613281,-3.5363540649414062,rotation,-10deg
5_5_02_f20420ee_r04c02__rotation_angle_m10,./data/robustness/rotation/angle_m10/normalized_32x32/5/5_5_02_f20420ee_r04c02__rotation_angle_m10.npy,5,5,1,0.9999999997464484,-6.3465070724487305,-12.187215805053711,-24.606369018554688,-5.08444881439209,-13.103513717651367,18.758859634399414,-7.9412689208984375,-11.0584135055542,-8.425081253051758,-3.61137056350708,rotation,-10deg
5_5_02_f20420ee_r04c03__rotation_angle_m10,./data/robustness/rotation/angle_m10/normalized_32x32/5/5_5_02_f20420ee_r04c03__rotation_angle_m10.npy,5,5,1,0.9999998402615784,-6.8096466064453125,-10.56348705291748,-21.668521881103516,-4.31101655960083,-10.599143028259277,16.068918228149414,-8.3311128616333,-10.195070266723633,-6.057554244995117,0.40782058238983154,rotation,-10deg
5_5_02_f20420ee_r04c04__rotation_angle_m10,./data/robustness/rotation/angle_m10/normalized_32x32/5/5_5_02_f20420ee_r04c04__rotation_angle_m10.npy,5,5,1,0.9999999997910634,-8.723268508911133,-13.066815376281738,-27.50281524658203,-7.09974479675293,-8.986644744873047,20.458425521850586,-8.665647506713867,-11.525261878967285,-7.118636131286621,-1.843796730041504,rotation,-10deg
6_6_01_52f5f834_r01c01__rotation_angle_m10,./data/robustness/rotation/angle_m10/normalized_32x32/6/6_6_01_52f5f834_r01c01__rotation_angle_m10.npy,6,6,1,0.9089821988042557,-1.4560710191726685,-3.7093982696533203,-1.3527615070343018,-3.0593364238739014,-0.8022270202636719,1.8582419157028198,4.315274238586426,-6.292551517486572,-2.8500733375549316,-4.635688781738281,rotation,-10deg
6_6_01_52f5f834_r01c02__rotation_angle_m10,./data/robustness/rotation/angle_m10/normalized_32x32/6/6_6_01_52f5f834_r01c02__rotation_angle_m10.npy,6,6,1,0.8207403544100585,0.12626728415489197,-4.885432243347168,-3.3528521060943604,-1.8695086240768433,-3.838467597961426,1.4435460567474365,3.6656103134155273,-6.617500305175781,1.071220874786377,-3.6222352981567383,rotation,-10deg
6_6_01_52f5f834_r01c03__rotation_angle_m10,./data/robustness/rotation/angle_m10/normalized_32x32/6/6_6_01_52f5f834_r01c03__rotation_angle_m10.npy,6,5,0,0.5513419037140443,-1.4075815677642822,-8.375385284423828,-11.461243629455566,-5.737547397613525,-4.158819198608398,6.4326276779174805,6.225895881652832,-12.621213912963867,-3.2063865661621094,-4.001685619354248,rotation,-10deg
6_6_01_52f5f834_r01c04__rotation_angle_m10,./data/robustness/rotation/angle_m10/normalized_32x32/6/6_6_01_52f5f834_r01c04__rotation_angle_m10.npy,6,6,1,0.9995270777889135,-1.4988442659378052,-6.806477069854736,-5.942151069641113,-3.6980936527252197,-2.916731357574463,1.8527106046676636,9.603533744812012,-12.954293251037598,-1.1161820888519287,-11.270182609558105,rotation,-10deg
6_6_01_52f5f834_r02c01__rotation_angle_m10,./data/robustness/rotation/angle_m10/normalized_32x32/6/6_6_01_52f5f834_r02c01__rotation_angle_m10.npy,6,6,1,0.9937621645987537,-0.8823314309120178,-5.717041969299316,-3.435802698135376,-3.2545924186706543,-1.2776693105697632,1.6522265672683716,6.86062479019165,-7.009575843811035,-6.275960922241211,-9.778736114501953,rotation,-10deg
6_6_01_52f5f834_r02c02__rotation_angle_m10,./data/robustness/rotation/angle_m10/normalized_32x32/6/6_6_01_52f5f834_r02c02__rotation_angle_m10.npy,6,6,1,0.9962269822532032,-1.183626651763916,-5.801517486572266,-3.277371406555176,-4.837008476257324,-0.8989673256874084,1.8466730117797852,7.536980152130127,-9.197041511535645,-5.3357930183410645,-8.961324691772461,rotation,-10deg
6_6_01_52f5f834_r02c03__rotation_angle_m10,./data/robustness/rotation/angle_m10/normalized_32x32/6/6_6_01_52f5f834_r02c03__rotation_angle_m10.npy,6,6,1,0.9726882012636835,-0.5122554898262024,-7.980086803436279,-2.6591501235961914,-2.377833127975464,-3.513500690460205,3.186309337615967,6.792050361633301,-10.978450775146484,-3.967879295349121,-7.097775459289551,rotation,-10deg
6_6_01_52f5f834_r02c04__rotation_angle_m10,./data/robustness/rotation/angle_m10/normalized_32x32/6/6_6_01_52f5f834_r02c04__rotation_angle_m10.npy,6,6,1,0.8852697736238246,-0.7334908246994019,-7.932806015014648,-6.025154113769531,-3.8076045513153076,-3.327460289001465,4.474792957305908,6.524898529052734,-10.998763084411621,-2.960109233856201,-5.167741775512695,rotation,-10deg
6_6_01_52f5f834_r03c01__rotation_angle_m10,./data/robustness/rotation/angle_m10/normalized_32x32/6/6_6_01_52f5f834_r03c01__rotation_angle_m10.npy,6,6,1,0.9939519033312513,3.200472831726074,-8.417393684387207,-13.76977825164795,-6.6605634689331055,-7.902002334594727,4.54892635345459,9.881718635559082,-9.249683380126953,-7.823745250701904,-11.983701705932617,rotation,-10deg
6_6_01_52f5f834_r03c02__rotation_angle_m10,./data/robustness/rotation/angle_m10/normalized_32x32/6/6_6_01_52f5f834_r03c02__rotation_angle_m10.npy,6,6,1,0.9988678324565746,2.3108456134796143,-9.25439167022705,-11.230189323425293,-5.809154033660889,-8.183364868164062,3.4840335845947266,10.536200523376465,-11.045234680175781,-6.2472825050354,-11.323420524597168,rotation,-10deg
6_6_01_52f5f834_r03c03__rotation_angle_m10,./data/robustness/rotation/angle_m10/normalized_32x32/6/6_6_01_52f5f834_r03c03__rotation_angle_m10.npy,6,6,1,0.9824977113735153,0.7450032234191895,-7.3731465339660645,-9.18161392211914,-4.387662410736084,-5.923449516296387,3.7366104125976562,7.81464958190918,-9.211983680725098,-3.209719657897949,-7.854305744171143,rotation,-10deg
6_6_01_52f5f834_r03c04__rotation_angle_m10,./data/robustness/rotation/angle_m10/normalized_32x32/6/6_6_01_52f5f834_r03c04__rotation_angle_m10.npy,6,5,0,0.9656420984289357,0.5135343074798584,-10.806127548217773,-13.726500511169434,-1.7942934036254883,-8.263238906860352,7.442250728607178,4.075074195861816,-9.124401092529297,-3.6946706771850586,-5.663675308227539,rotation,-10deg
6_6_01_52f5f834_r04c01__rotation_angle_m10,./data/robustness/rotation/angle_m10/normalized_32x32/6/6_6_01_52f5f834_r04c01__rotation_angle_m10.npy,6,6,1,0.9999019744479827,2.9259936809539795,-9.619245529174805,-11.398847579956055,-7.055984973907471,-7.143261909484863,1.818871021270752,12.44182014465332,-12.493683815002441,-8.20766830444336,-14.805124282836914,rotation,-10deg
6_6_01_52f5f834_r04c02__rotation_angle_m10,./data/robustness/rotation/angle_m10/normalized_32x32/6/6_6_01_52f5f834_r04c02__rotation_angle_m10.npy,6,6,1,0.9981408048297928,0.2852921783924103,-6.01756477355957,-11.878226280212402,-7.798888683319092,-5.306950569152832,3.6335151195526123,9.954130172729492,-10.192310333251953,-5.377008438110352,-9.065040588378906,rotation,-10deg
6_6_01_52f5f834_r04c03__rotation_angle_m10,./data/robustness/rotation/angle_m10/normalized_32x32/6/6_6_01_52f5f834_r04c03__rotation_angle_m10.npy,6,5,0,0.9303647382944689,-4.169929027557373,-10.514751434326172,-16.46532440185547,-4.17176628112793,-10.703315734863281,8.2597074508667,5.666804790496826,-12.956033706665039,-1.9724640846252441,-5.946473598480225,rotation,-10deg
6_6_01_52f5f834_r04c04__rotation_angle_m10,./data/robustness/rotation/angle_m10/normalized_32x32/6/6_6_01_52f5f834_r04c04__rotation_angle_m10.npy,6,6,1,0.8520958436807519,1.6244473457336426,-7.573572158813477,-13.141410827636719,-4.100872039794922,-9.133659362792969,4.025811195373535,5.864237308502197,-6.575331687927246,-4.550654411315918,-5.180235385894775,rotation,-10deg
6_6_02_ad596076_r01c01__rotation_angle_m10,./data/robustness/rotation/angle_m10/normalized_32x32/6/6_6_02_ad596076_r01c01__rotation_angle_m10.npy,6,6,1,0.9924690614533596,-1.0681535005569458,-5.054105281829834,-2.37860107421875,-3.275075912475586,-2.3377108573913574,1.2628169059753418,6.311352729797363,-8.18096923828125,-2.7197229862213135,-7.0943427085876465,rotation,-10deg
6_6_02_ad596076_r01c02__rotation_angle_m10,./data/robustness/rotation/angle_m10/normalized_32x32/6/6_6_02_ad596076_r01c02__rotation_angle_m10.npy,6,6,1,0.9108532971950661,-3.1746578216552734,0.153520867228508,-2.2443645000457764,-4.6230573654174805,-0.07777237892150879,2.1095077991485596,4.6770758628845215,-6.709707736968994,-3.855557680130005,-6.4764485359191895,rotation,-10deg
6_6_02_ad596076_r01c03__rotation_angle_m10,./data/robustness/rotation/angle_m10/normalized_32x32/6/6_6_02_ad596076_r01c03__rotation_angle_m10.npy,6,6,1,0.9992009530839281,0.7463861703872681,-10.707489967346191,-5.018401622772217,-3.5002713203430176,-4.496469974517822,2.750535011291504,10.015331268310547,-15.560525894165039,-2.55078387260437,-10.738216400146484,rotation,-10deg
6_6_02_ad596076_r01c04__rotation_angle_m10,./data/robustness/rotation/angle_m10/normalized_32x32/6/6_6_02_ad596076_r01c04__rotation_angle_m10.npy,6,6,1,0.9958726572970311,-1.2433310747146606,-7.675646781921387,-2.3673503398895264,-3.149958610534668,-2.476919412612915,2.4181811809539795,7.952121257781982,-12.080376625061035,-3.1752798557281494,-8.697358131408691,rotation,-10deg
6_6_02_ad596076_r02c01__rotation_angle_m10,./data/robustness/rotation/angle_m10/normalized_32x32/6/6_6_02_ad596076_r02c01__rotation_angle_m10.npy,6,6,1,0.8275677075821036,-0.24089276790618896,-6.8931474685668945,-9.052765846252441,-5.207425117492676,-3.8847591876983643,4.7422075271606445,6.318055629730225,-8.423358917236328,-3.4363269805908203,-6.248351097106934,rotation,-10deg
6_6_02_ad596076_r02c02__rotation_angle_m10,./data/robustness/rotation/angle_m10/normalized_32x32/6/6_6_02_ad596076_r02c02__rotation_angle_m10.npy,6,6,1,0.9653343391418817,-1.1182780265808105,-7.241407871246338,-6.664092063903809,-3.3868260383605957,-3.647698163986206,4.374131202697754,7.707513332366943,-12.219915390014648,-1.9608232975006104,-7.259808540344238,rotation,-10deg
6_6_02_ad596076_r02c03__rotation_angle_m10,./data/robustness/rotation/angle_m10/normalized_32x32/6/6_6_02_ad596076_r02c03__rotation_angle_m10.npy,6,6,1,0.9822214367722845,-0.6744775176048279,-7.763682842254639,-2.306788444519043,-2.2122983932495117,-3.3601481914520264,2.7934186458587646,6.853545188903809,-11.30598258972168,-2.9215009212493896,-6.892583847045898,rotation,-10deg
6_6_02_ad596076_r02c04__rotation_angle_m10,./data/robustness/rotation/angle_m10/normalized_32x32/6/6_6_02_ad596076_r02c04__rotation_angle_m10.npy,6,6,1,0.9998013584892457,-1.5312901735305786,-9.96883487701416,-5.792036533355713,-4.923307418823242,-1.6752588748931885,3.0387611389160156,11.582208633422852,-14.345355987548828,-8.643793106079102,-13.950553894042969,rotation,-10deg
6_6_02_ad596076_r03c01__rotation_angle_m10,./data/robustness/rotation/angle_m10/normalized_32x32/6/6_6_02_ad596076_r03c01__rotation_angle_m10.npy,6,6,1,0.9892622396741942,3.9793522357940674,-12.649853706359863,-7.857075214385986,-3.588494062423706,-6.277446746826172,4.603199481964111,9.555709838867188,-13.030447959899902,-5.842992782592773,-9.171719551086426,rotation,-10deg
6_6_02_ad596076_r03c02__rotation_angle_m10,./data/robustness/rotation/angle_m10/normalized_32x32/6/6_6_02_ad596076_r03c02__rotation_angle_m10.npy,6,0,0,0.9463567626834726,10.582415580749512,-11.807816505432129,-14.038954734802246,-8.078713417053223,-8.630894660949707,-0.10779829323291779,7.711749076843262,-7.744919776916504,-8.90566635131836,-8.531355857849121,rotation,-10deg
6_6_02_ad596076_r03c03__rotation_angle_m10,./data/robustness/rotation/angle_m10/normalized_32x32/6/6_6_02_ad596076_r03c03__rotation_angle_m10.npy,6,6,1,0.9889409043146445,4.529148578643799,-9.605691909790039,-10.4763765335083,-5.560606479644775,-5.850193977355957,2.8042922019958496,9.186589241027832,-9.082070350646973,-6.972247123718262,-9.773436546325684,rotation,-10deg
6_6_02_ad596076_r03c04__rotation_angle_m10,./data/robustness/rotation/angle_m10/normalized_32x32/6/6_6_02_ad596076_r03c04__rotation_angle_m10.npy,6,0,0,0.5914202302152118,4.67327356338501,-7.348206520080566,-15.26613998413086,-5.6198883056640625,-10.792671203613281,2.981138229370117,3.992488145828247,-3.235929489135742,-5.344817161560059,-5.27266788482666,rotation,-10deg
6_6_02_ad596076_r04c01__rotation_angle_m10,./data/robustness/rotation/angle_m10/normalized_32x32/6/6_6_02_ad596076_r04c01__rotation_angle_m10.npy,6,6,1,0.9946045424476829,0.706881046295166,-6.306249618530273,-9.719219207763672,-6.523349285125732,-3.542314052581787,3.690101146697998,8.957143783569336,-9.690654754638672,-5.557771682739258,-8.493953704833984,rotation,-10deg
6_6_02_ad596076_r04c02__rotation_angle_m10,./data/robustness/rotation/angle_m10/normalized_32x32/6/6_6_02_ad596076_r04c02__rotation_angle_m10.npy,6,6,1,0.9965139458240322,5.971190452575684,-11.685132026672363,-14.5033540725708,-6.914134502410889,-8.274765014648438,3.704162836074829,11.725281715393066,-11.860042572021484,-9.13432502746582,-12.200154304504395,rotation,-10deg
6_6_02_ad596076_r04c03__rotation_angle_m10,./data/robustness/rotation/angle_m10/normalized_32x32/6/6_6_02_ad596076_r04c03__rotation_angle_m10.npy,6,6,1,0.9774245157127317,1.3190648555755615,-10.652742385864258,-14.456513404846191,-5.627944469451904,-9.880043029785156,6.358786106109619,10.133310317993164,-11.18066692352295,-5.562271595001221,-10.06018352508545,rotation,-10deg
6_6_02_ad596076_r04c04__rotation_angle_m10,./data/robustness/rotation/angle_m10/normalized_32x32/6/6_6_02_ad596076_r04c04__rotation_angle_m10.npy,6,5,0,0.9584882274155911,-1.8438427448272705,-12.045805931091309,-13.907872200012207,-2.5354299545288086,-9.238683700561523,8.40153980255127,5.260771751403809,-14.539444923400879,-3.729940414428711,-5.117721080780029,rotation,-10deg
7_7_01_254ebf4a_r01c01__rotation_angle_m10,./data/robustness/rotation/angle_m10/normalized_32x32/7/7_7_01_254ebf4a_r01c01__rotation_angle_m10.npy,7,7,1,0.9762116135942235,-3.2756223678588867,-0.061192989349365234,0.21834011375904083,-2.9689784049987793,-1.6401091814041138,-3.3896238803863525,-6.604780197143555,4.787762641906738,-2.975518226623535,-0.9912732243537903,rotation,-10deg
7_7_01_254ebf4a_r01c02__rotation_angle_m10,./data/robustness/rotation/angle_m10/normalized_32x32/7/7_7_01_254ebf4a_r01c02__rotation_angle_m10.npy,7,7,1,0.9982483149472221,-3.9547202587127686,-0.03328460454940796,-0.01843199133872986,-5.581993579864502,-3.429204225540161,-6.403099536895752,-10.53128719329834,7.169893264770508,-3.229142427444458,-1.4479402303695679,rotation,-10deg
7_7_01_254ebf4a_r01c03__rotation_angle_m10,./data/robustness/rotation/angle_m10/normalized_32x32/7/7_7_01_254ebf4a_r01c03__rotation_angle_m10.npy,7,7,1,0.9999217002094819,-7.463593482971191,-0.7706320285797119,-0.5691884756088257,-5.073527812957764,-1.9788599014282227,-6.681525707244873,-13.530549049377441,9.785270690917969,-6.848826885223389,-1.5351662635803223,rotation,-10deg
7_7_01_254ebf4a_r01c04__rotation_angle_m10,./data/robustness/rotation/angle_m10/normalized_32x32/7/7_7_01_254ebf4a_r01c04__rotation_angle_m10.npy,7,7,1,0.9999999083919786,-12.615238189697266,-4.875677585601807,-6.074434280395508,-5.454923629760742,-2.421461343765259,-7.296230792999268,-16.8303279876709,14.049312591552734,-9.254207611083984,-4.426015377044678,rotation,-10deg
7_7_01_254ebf4a_r02c01__rotation_angle_m10,./data/robustness/rotation/angle_m10/normalized_32x32/7/7_7_01_254ebf4a_r02c01__rotation_angle_m10.npy,7,7,1,0.9997934045331959,-10.861833572387695,-3.0934836864471436,-6.158570289611816,-4.358137607574463,0.99318528175354,-6.826844692230225,-12.19374942779541,9.661251068115234,-5.763071060180664,-0.735319197177887,rotation,-10deg
7_7_01_254ebf4a_r02c02__rotation_angle_m10,./data/robustness/rotation/angle_m10/normalized_32x32/7/7_7_01_254ebf4a_r02c02__rotation_angle_m10.npy,7,7,1,0.9997245256730348,-6.332399845123291,-1.094153642654419,-4.26004695892334,-5.325408458709717,-1.4026740789413452,-5.694436550140381,-10.627009391784668,8.629434585571289,-4.898501873016357,-0.07361343502998352,rotation,-10deg
7_7_01_254ebf4a_r02c03__rotation_angle_m10,./data/robustness/rotation/angle_m10/normalized_32x32/7/7_7_01_254ebf4a_r02c03__rotation_angle_m10.npy,7,7,1,0.9999885075480689,-8.36343765258789,-1.8480243682861328,-2.544420003890991,-5.517899513244629,-1.7458434104919434,-7.453473091125488,-13.857600212097168,10.651899337768555,-6.340540409088135,-2.6784703731536865,rotation,-10deg
7_7_01_254ebf4a_r02c04__rotation_angle_m10,./data/robustness/rotation/angle_m10/normalized_32x32/7/7_7_01_254ebf4a_r02c04__rotation_angle_m10.npy,7,7,1,0.9999994534066426,-5.877608776092529,-6.566766738891602,-10.799999237060547,-4.358794689178467,-4.288642883300781,-4.011959075927734,-9.022892951965332,12.017741203308105,-9.011759757995605,-3.1828560829162598,rotation,-10deg
7_7_01_254ebf4a_r03c01__rotation_angle_m10,./data/robustness/rotation/angle_m10/normalized_32x32/7/7_7_01_254ebf4a_r03c01__rotation_angle_m10.npy,7,7,1,0.9987128055127692,-5.601551532745361,-1.8171465396881104,-1.9402945041656494,-2.5443196296691895,-1.5969822406768799,-5.636484622955322,-9.342439651489258,6.612544536590576,-4.443953037261963,-1.0409704446792603,rotation,-10deg
7_7_01_254ebf4a_r03c02__rotation_angle_m10,./data/robustness/rotation/angle_m10/normalized_32x32/7/7_7_01_254ebf4a_r03c02__rotation_angle_m10.npy,7,7,1,0.9997232966621905,-6.514560699462891,0.09744012355804443,-0.48823994398117065,-5.717029571533203,-3.308690071105957,-7.176148414611816,-11.272186279296875,8.798904418945312,-3.2006611824035645,-3.343416929244995,rotation,-10deg
7_7_01_254ebf4a_r03c03__rotation_angle_m10,./data/robustness/rotation/angle_m10/normalized_32x32/7/7_7_01_254ebf4a_r03c03__rotation_angle_m10.npy,7,7,1,0.9977704084439489,-7.218482971191406,1.2763605117797852,0.281558632850647,-4.495736598968506,-3.10786771774292,-6.580221652984619,-11.043726921081543,7.723221778869629,-2.8447775840759277,-3.659449815750122,rotation,-10deg
7_7_01_254ebf4a_r03c04__rotation_angle_m10,./data/robustness/rotation/angle_m10/normalized_32x32/7/7_7_01_254ebf4a_r03c04__rotation_angle_m10.npy,7,7,1,0.9992734068424446,-5.234637260437012,-0.09976929426193237,-1.745024561882019,-4.53292179107666,-1.9244089126586914,-5.194736003875732,-10.263473510742188,7.590941429138184,-4.158694267272949,-1.7322062253952026,rotation,-10deg
7_7_01_254ebf4a_r04c01__rotation_angle_m10,./data/robustness/rotation/angle_m10/normalized_32x32/7/7_7_01_254ebf4a_r04c01__rotation_angle_m10.npy,7,7,1,0.9987646790437433,-7.128903865814209,0.024155020713806152,-3.994342565536499,-4.184476852416992,-1.127561330795288,-5.6892008781433105,-11.139598846435547,7.7464423179626465,-5.879674911499023,0.3868405818939209,rotation,-10deg
7_7_01_254ebf4a_r04c02__rotation_angle_m10,./data/robustness/rotation/angle_m10/normalized_32x32/7/7_7_01_254ebf4a_r04c02__rotation_angle_m10.npy,7,7,1,0.9982902322926545,-5.052290439605713,0.8034223318099976,-1.638948917388916,-4.409841060638428,-2.2884860038757324,-5.8470139503479,-10.18352222442627,7.428361415863037,-3.408822774887085,-1.2065892219543457,rotation,-10deg
7_7_01_254ebf4a_r04c03__rotation_angle_m10,./data/robustness/rotation/angle_m10/normalized_32x32/7/7_7_01_254ebf4a_r04c03__rotation_angle_m10.npy,7,7,1,0.9930962557466998,-3.5163822174072266,1.166046142578125,-0.7836852073669434,-5.378322124481201,-4.360143184661865,-5.462527751922607,-8.307516098022461,6.351999282836914,-1.591417908668518,-2.7096457481384277,rotation,-10deg
7_7_01_254ebf4a_r04c04__rotation_angle_m10,./data/robustness/rotation/angle_m10/normalized_32x32/7/7_7_01_254ebf4a_r04c04__rotation_angle_m10.npy,7,7,1,0.9999849039601513,-8.88015079498291,-2.191617012023926,-4.984918117523193,-4.937993049621582,-1.284303903579712,-8.269190788269043,-13.639670372009277,10.906309127807617,-6.866597652435303,-0.8698602318763733,rotation,-10deg
7_7_02_923c5b16_r01c01__rotation_angle_m10,./data/robustness/rotation/angle_m10/normalized_32x32/7/7_7_02_923c5b16_r01c01__rotation_angle_m10.npy,7,7,1,0.9988197323785578,-5.20164155960083,-1.0716570615768433,-1.6641572713851929,-3.8869693279266357,-1.4281419515609741,-5.087139129638672,-9.299420356750488,7.006176471710205,-4.677164554595947,-0.7118276953697205,rotation,-10deg
7_7_02_923c5b16_r01c02__rotation_angle_m10,./data/robustness/rotation/angle_m10/normalized_32x32/7/7_7_02_923c5b16_r01c02__rotation_angle_m10.npy,7,7,1,0.9988352201009156,-4.857606887817383,0.5311177968978882,-1.0332283973693848,-5.072876453399658,-2.871168613433838,-6.230658531188965,-10.815289497375488,7.6407389640808105,-3.6657752990722656,-1.3014601469039917,rotation,-10deg
7_7_02_923c5b16_r01c03__rotation_angle_m10,./data/robustness/rotation/angle_m10/normalized_32x32/7/7_7_02_923c5b16_r01c03__rotation_angle_m10.npy,7,7,1,0.9999867345069002,-8.519672393798828,-5.634028434753418,-4.256195545196533,-4.586067199707031,-0.4736872911453247,-7.930512428283691,-12.319690704345703,11.189101219177246,-8.000089645385742,-1.1774464845657349,rotation,-10deg
7_7_02_923c5b16_r01c04__rotation_angle_m10,./data/robustness/rotation/angle_m10/normalized_32x32/7/7_7_02_923c5b16_r01c04__rotation_angle_m10.npy,7,7,1,0.9999901535686855,-9.38192367553711,-5.548337936401367,-5.3471198081970215,-5.453044414520264,-0.9980032444000244,-9.069692611694336,-13.959634780883789,12.257509231567383,-9.15169620513916,0.525550901889801,rotation,-10deg
7_7_02_923c5b16_r02c01__rotation_angle_m10,./data/robustness/rotation/angle_m10/normalized_32x32/7/7_7_02_923c5b16_r02c01__rotation_angle_m10.npy,7,7,1,0.9997627902062046,-8.528985023498535,-3.459911346435547,-4.740603923797607,-2.499601125717163,-0.7189282178878784,-5.925166130065918,-10.224762916564941,8.287908554077148,-5.749819755554199,-1.1159394979476929,rotation,-10deg
7_7_02_923c5b16_r02c02__rotation_angle_m10,./data/robustness/rotation/angle_m10/normalized_32x32/7/7_7_02_923c5b16_r02c02__rotation_angle_m10.npy,7,7,1,0.9993314366733559,-11.262948989868164,-1.2167798280715942,-2.460477113723755,-1.6338896751403809,1.5648894309997559,-7.69441556930542,-13.05733871459961,9.03585147857666,-7.2244038581848145,-1.3515567779541016,rotation,-10deg
7_7_02_923c5b16_r02c03__rotation_angle_m10,./data/robustness/rotation/angle_m10/normalized_32x32/7/7_7_02_923c5b16_r02c03__rotation_angle_m10.npy,7,7,1,0.9965380276750628,-5.078170299530029,0.5702834129333496,0.07200074195861816,-3.385075569152832,-1.9038622379302979,-4.810871601104736,-9.59185791015625,6.8109025955200195,-3.693394184112549,-2.433901071548462,rotation,-10deg
7_7_02_923c5b16_r02c04__rotation_angle_m10,./data/robustness/rotation/angle_m10/normalized_32x32/7/7_7_02_923c5b16_r02c04__rotation_angle_m10.npy,7,7,1,0.9996530380712852,-9.112373352050781,0.16454938054084778,-2.354574680328369,-3.344942569732666,-0.7363057732582092,-6.7043023109436035,-13.03689193725586,8.989843368530273,-7.85336446762085,-0.005663067102432251,rotation,-10deg
7_7_02_923c5b16_r03c01__rotation_angle_m10,./data/robustness/rotation/angle_m10/normalized_32x32/7/7_7_02_923c5b16_r03c01__rotation_angle_m10.npy,7,7,1,0.9980021126761703,-7.01176643371582,-0.1067126989364624,0.06578582525253296,-2.8787882328033447,-2.6544413566589355,-6.530095100402832,-10.500997543334961,6.979938507080078,-4.088868141174316,-3.2374446392059326,rotation,-10deg
7_7_02_923c5b16_r03c02__rotation_angle_m10,./data/robustness/rotation/angle_m10/normalized_32x32/7/7_7_02_923c5b16_r03c02__rotation_angle_m10.npy,7,7,1,0.9999807428609923,-9.070556640625,-2.747154474258423,-3.8661715984344482,-5.422175407409668,-1.0528380870819092,-9.390939712524414,-13.6459379196167,10.981522560119629,-7.169297218322754,-0.36739498376846313,rotation,-10deg
7_7_02_923c5b16_r03c03__rotation_angle_m10,./data/robustness/rotation/angle_m10/normalized_32x32/7/7_7_02_923c5b16_r03c03__rotation_angle_m10.npy,7,7,1,0.9995951992662654,-7.488356113433838,-1.6048027276992798,-4.3970232009887695,-3.265902519226074,-1.446321725845337,-6.587160110473633,-10.428671836853027,8.330273628234863,-6.128354549407959,0.1727968156337738,rotation,-10deg
7_7_02_923c5b16_r03c04__rotation_angle_m10,./data/robustness/rotation/angle_m10/normalized_32x32/7/7_7_02_923c5b16_r03c04__rotation_angle_m10.npy,7,7,1,0.9999009284143746,-6.377728462219238,0.029218673706054688,-2.5528242588043213,-5.302420616149902,-3.151721715927124,-6.04386043548584,-12.185026168823242,9.478287696838379,-4.822937965393066,-2.0566556453704834,rotation,-10deg
7_7_02_923c5b16_r04c01__rotation_angle_m10,./data/robustness/rotation/angle_m10/normalized_32x32/7/7_7_02_923c5b16_r04c01__rotation_angle_m10.npy,7,7,1,0.9999949382242492,-11.182289123535156,-1.9864486455917358,-7.340211868286133,-4.6079559326171875,-1.8943859338760376,-9.677663803100586,-13.817998886108398,12.041199684143066,-7.15014123916626,-0.5808777809143066,rotation,-10deg
7_7_02_923c5b16_r04c02__rotation_angle_m10,./data/robustness/rotation/angle_m10/normalized_32x32/7/7_7_02_923c5b16_r04c02__rotation_angle_m10.npy,7,7,1,0.9999519893121896,-7.936817646026611,0.4474552273750305,-3.753514528274536,-5.615518093109131,-4.0630202293396,-5.515995502471924,-13.305460929870605,10.442547798156738,-4.064469814300537,-4.128175258636475,rotation,-10deg
7_7_02_923c5b16_r04c03__rotation_angle_m10,./data/robustness/rotation/angle_m10/normalized_32x32/7/7_7_02_923c5b16_r04c03__rotation_angle_m10.npy,7,7,1,0.9996782480817118,-6.232474327087402,0.9376502633094788,-0.3653526306152344,-6.483868598937988,-4.268360614776611,-7.434085845947266,-12.529687881469727,9.237600326538086,-3.973872661590576,-3.7861812114715576,rotation,-10deg
7_7_02_923c5b16_r04c04__rotation_angle_m10,./data/robustness/rotation/angle_m10/normalized_32x32/7/7_7_02_923c5b16_r04c04__rotation_angle_m10.npy,7,7,1,0.9999149680831301,-6.086458206176758,-1.1341993808746338,-2.923365354537964,-3.9528255462646484,-2.3618364334106445,-5.3471293449401855,-11.320881843566895,9.12886905670166,-5.898255825042725,-1.2546167373657227,rotation,-10deg
8_8_01_e470fe0b_r01c01__rotation_angle_m10,./data/robustness/rotation/angle_m10/normalized_32x32/8/8_8_01_e470fe0b_r01c01__rotation_angle_m10.npy,8,8,1,0.9999481394974397,-5.117122650146484,-6.7306342124938965,0.5100864171981812,-2.3783836364746094,-4.951113700866699,-5.238499641418457,-7.287214756011963,-7.654327392578125,10.449055671691895,-4.507488250732422,rotation,-10deg
8_8_01_e470fe0b_r01c02__rotation_angle_m10,./data/robustness/rotation/angle_m10/normalized_32x32/8/8_8_01_e470fe0b_r01c02__rotation_angle_m10.npy,8,8,1,0.7080206397350185,-6.31039571762085,-6.151730537414551,-0.584333062171936,1.5392818450927734,-4.182605266571045,1.065755009651184,-6.644109725952148,-5.546175003051758,3.001319169998169,-1.9118037223815918,rotation,-10deg
8_8_01_e470fe0b_r01c03__rotation_angle_m10,./data/robustness/rotation/angle_m10/normalized_32x32/8/8_8_01_e470fe0b_r01c03__rotation_angle_m10.npy,8,8,1,0.9868778632442565,-2.2406792640686035,-6.768376350402832,0.9797037839889526,0.764655590057373,-3.8157389163970947,-1.502861738204956,-4.059233665466309,-6.188391208648682,5.971016883850098,-3.5859413146972656,rotation,-10deg
8_8_01_e470fe0b_r01c04__rotation_angle_m10,./data/robustness/rotation/angle_m10/normalized_32x32/8/8_8_01_e470fe0b_r01c04__rotation_angle_m10.npy,8,8,1,0.9889465230627994,-4.832432270050049,-10.324026107788086,3.949706554412842,1.4063695669174194,-8.470590591430664,-3.896009922027588,-9.239108085632324,-5.413365840911865,8.51987361907959,-7.157327651977539,rotation,-10deg
8_8_01_e470fe0b_r02c01__rotation_angle_m10,./data/robustness/rotation/angle_m10/normalized_32x32/8/8_8_01_e470fe0b_r02c01__rotation_angle_m10.npy,8,8,1,0.999827678232792,-4.846595764160156,-8.885869026184082,1.2232491970062256,-1.8190245628356934,-5.933774948120117,-4.055531024932861,-6.9574079513549805,-7.178415298461914,9.950085639953613,-3.8454017639160156,rotation,-10deg
8_8_01_e470fe0b_r02c02__rotation_angle_m10,./data/robustness/rotation/angle_m10/normalized_32x32/8/8_8_01_e470fe0b_r02c02__rotation_angle_m10.npy,8,8,1,0.9998647767599579,-7.661228179931641,-8.317554473876953,-2.5848193168640137,0.12444573640823364,-5.494367599487305,-4.783025741577148,-9.123068809509277,-8.477413177490234,9.35830020904541,-1.0594769716262817,rotation,-10deg
8_8_01_e470fe0b_r02c03__rotation_angle_m10,./data/robustness/rotation/angle_m10/normalized_32x32/8/8_8_01_e470fe0b_r02c03__rotation_angle_m10.npy,8,8,1,0.9961483072763881,-5.4406023025512695,-9.181800842285156,4.456193447113037,-1.3767129182815552,-4.045388221740723,-4.47905158996582,-9.715231895446777,-8.909561157226562,10.014904975891113,-6.619593143463135,rotation,-10deg
8_8_01_e470fe0b_r02c04__rotation_angle_m10,./data/robustness/rotation/angle_m10/normalized_32x32/8/8_8_01_e470fe0b_r02c04__rotation_angle_m10.npy,8,8,1,0.995468755782749,-8.503823280334473,-7.649803638458252,0.9901756048202515,1.870974063873291,-3.850320816040039,-2.9278042316436768,-9.502595901489258,-10.012953758239746,7.619420528411865,-4.424370288848877,rotation,-10deg
8_8_01_e470fe0b_r03c01__rotation_angle_m10,./data/robustness/rotation/angle_m10/normalized_32x32/8/8_8_01_e470fe0b_r03c01__rotation_angle_m10.npy,8,8,1,0.9999997773973555,-7.108360290527344,-12.203842163085938,-1.7120747566223145,-2.298534393310547,-7.769794464111328,-5.60164737701416,-11.031633377075195,-10.940552711486816,14.22027587890625,-3.0406792163848877,rotation,-10deg
8_8_01_e470fe0b_r03c02__rotation_angle_m10,./data/robustness/rotation/angle_m10/normalized_32x32/8/8_8_01_e470fe0b_r03c02__rotation_angle_m10.npy,8,8,1,0.9999968786258057,-7.256598949432373,-10.678544998168945,-3.5281097888946533,-1.5163291692733765,-6.155367374420166,-4.187695503234863,-9.49491024017334,-10.18397331237793,12.110123634338379,-1.2035045623779297,rotation,-10deg
8_8_01_e470fe0b_r03c03__rotation_angle_m10,./data/robustness/rotation/angle_m10/normalized_32x32/8/8_8_01_e470fe0b_r03c03__rotation_angle_m10.npy,8,8,1,0.999999875957959,-8.400790214538574,-10.973233222961426,-7.648979187011719,-4.591784954071045,-5.693665504455566,-6.963746070861816,-11.198923110961914,-11.910669326782227,16.057968139648438,0.14223612844944,rotation,-10deg
8_8_01_e470fe0b_r03c04__rotation_angle_m10,./data/robustness/rotation/angle_m10/normalized_32x32/8/8_8_01_e470fe0b_r03c04__rotation_angle_m10.npy,8,8,1,0.9999890240609874,-6.30501127243042,-6.0997138023376465,-1.5559017658233643,-1.59798264503479,-5.729201793670654,-3.7385613918304443,-6.558894157409668,-7.848843574523926,10.619595527648926,-5.802415370941162,rotation,-10deg
8_8_01_e470fe0b_r04c01__rotation_angle_m10,./data/robustness/rotation/angle_m10/normalized_32x32/8/8_8_01_e470fe0b_r04c01__rotation_angle_m10.npy,8,8,1,0.9999999490292598,-7.249783992767334,-10.735033988952637,-3.2843081951141357,-2.844271421432495,-7.41301155090332,-5.387149810791016,-9.770607948303223,-10.819806098937988,14.786084175109863,-3.414147138595581,rotation,-10deg
8_8_01_e470fe0b_r04c02__rotation_angle_m10,./data/robustness/rotation/angle_m10/normalized_32x32/8/8_8_01_e470fe0b_r04c02__rotation_angle_m10.npy,8,8,1,0.9994690425078107,-5.422520637512207,-7.792425632476807,2.047126293182373,-3.770500421524048,-4.822911739349365,-5.584684371948242,-10.065652847290039,-6.818264007568359,9.596549034118652,-3.499903440475464,rotation,-10deg
8_8_01_e470fe0b_r04c03__rotation_angle_m10,./data/robustness/rotation/angle_m10/normalized_32x32/8/8_8_01_e470fe0b_r04c03__rotation_angle_m10.npy,8,8,1,0.9994294830291832,-7.16605281829834,-10.083630561828613,-0.038899898529052734,-4.028563976287842,-6.09375524520874,-7.045041561126709,-12.302393913269043,-7.459907531738281,9.036783218383789,1.338869333267212,rotation,-10deg
8_8_01_e470fe0b_r04c04__rotation_angle_m10,./data/robustness/rotation/angle_m10/normalized_32x32/8/8_8_01_e470fe0b_r04c04__rotation_angle_m10.npy,8,8,1,0.999925197866075,-1.936141014099121,-11.4541654586792,0.6952759623527527,-2.665447235107422,-7.088501930236816,-3.147402048110962,-8.038897514343262,-9.67704963684082,10.3464994430542,-2.6909961700439453,rotation,-10deg
8_8_02_b36c8633_r01c01__rotation_angle_m10,./data/robustness/rotation/angle_m10/normalized_32x32/8/8_8_02_b36c8633_r01c01__rotation_angle_m10.npy,8,8,1,0.9999931881317293,-4.057336330413818,-5.597757816314697,-1.1784018278121948,-3.1924283504486084,-4.08592414855957,-4.86126708984375,-5.545767307281494,-7.795448303222656,10.999856948852539,-4.700364112854004,rotation,-10deg
8_8_02_b36c8633_r01c02__rotation_angle_m10,./data/robustness/rotation/angle_m10/normalized_32x32/8/8_8_02_b36c8633_r01c02__rotation_angle_m10.npy,8,8,1,0.9999960329956088,-7.4368367195129395,-9.605987548828125,-0.9027754068374634,-0.39393168687820435,-5.2513017654418945,-4.8602752685546875,-9.19403076171875,-10.944883346557617,12.533158302307129,-4.9937238693237305,rotation,-10deg
8_8_02_b36c8633_r01c03__rotation_angle_m10,./data/robustness/rotation/angle_m10/normalized_32x32/8/8_8_02_b36c8633_r01c03__rotation_angle_m10.npy,8,8,1,0.9990299528471,-6.316992282867432,-5.742258071899414,0.254121333360672,0.000578463077545166,-5.497117519378662,-4.7429633140563965,-7.224260330200195,-5.542552947998047,7.779096603393555,-4.779662132263184,rotation,-10deg
8_8_02_b36c8633_r01c04__rotation_angle_m10,./data/robustness/rotation/angle_m10/normalized_32x32/8/8_8_02_b36c8633_r01c04__rotation_angle_m10.npy,8,8,1,0.9996189606803327,-7.745430946350098,-11.633637428283691,-2.2261300086975098,2.635272741317749,-7.5146708488464355,-1.8890600204467773,-7.700214385986328,-11.550642013549805,10.52679443359375,-4.4997477531433105,rotation,-10deg
8_8_02_b36c8633_r02c01__rotation_angle_m10,./data/robustness/rotation/angle_m10/normalized_32x32/8/8_8_02_b36c8633_r02c01__rotation_angle_m10.npy,8,8,1,0.9999998717885181,-5.474899768829346,-7.386477947235107,-3.7175066471099854,-3.5184240341186523,-5.242180824279785,-4.675494194030762,-6.36255407333374,-10.110886573791504,13.4105224609375,-4.566999435424805,rotation,-10deg
8_8_02_b36c8633_r02c02__rotation_angle_m10,./data/robustness/rotation/angle_m10/normalized_32x32/8/8_8_02_b36c8633_r02c02__rotation_angle_m10.npy,8,8,1,0.9994177717440164,-7.117149353027344,-8.602302551269531,-2.660737991333008,0.290639728307724,-6.466567516326904,-0.9921778440475464,-6.047715663909912,-8.108778953552246,8.085919380187988,-2.214081048965454,rotation,-10deg
8_8_02_b36c8633_r02c03__rotation_angle_m10,./data/robustness/rotation/angle_m10/normalized_32x32/8/8_8_02_b36c8633_r02c03__rotation_angle_m10.npy,8,8,1,0.9882055092658778,-1.1301724910736084,-6.236860752105713,0.8480141162872314,-1.5722639560699463,-4.661873817443848,-3.928285598754883,-5.297347545623779,-3.7845401763916016,5.5182318687438965,-2.999093770980835,rotation,-10deg
8_8_02_b36c8633_r02c04__rotation_angle_m10,./data/robustness/rotation/angle_m10/normalized_32x32/8/8_8_02_b36c8633_r02c04__rotation_angle_m10.npy,8,2,0,0.7431245745990859,-5.407413482666016,-9.235527038574219,5.132665157318115,3.1799123287200928,-4.4776835441589355,0.46319589018821716,-8.377612113952637,-8.405689239501953,3.494342565536499,-6.771306037902832,rotation,-10deg
8_8_02_b36c8633_r03c01__rotation_angle_m10,./data/robustness/rotation/angle_m10/normalized_32x32/8/8_8_02_b36c8633_r03c01__rotation_angle_m10.npy,8,8,1,0.9987333346288275,-3.3411638736724854,-7.988255977630615,1.8144358396530151,-2.741168975830078,-4.646591663360596,-4.045198440551758,-7.421855449676514,-5.689803600311279,8.510064125061035,-3.5975561141967773,rotation,-10deg
8_8_02_b36c8633_r03c02__rotation_angle_m10,./data/robustness/rotation/angle_m10/normalized_32x32/8/8_8_02_b36c8633_r03c02__rotation_angle_m10.npy,8,8,1,0.9991250299922052,-5.098972320556641,-7.656594276428223,-2.9096131324768066,1.526987075805664,-6.392373085021973,-1.445943832397461,-4.6774582862854,-7.319027900695801,8.632999420166016,-5.581059455871582,rotation,-10deg
8_8_02_b36c8633_r03c03__rotation_angle_m10,./data/robustness/rotation/angle_m10/normalized_32x32/8/8_8_02_b36c8633_r03c03__rotation_angle_m10.npy,8,8,1,0.9999998970802341,-6.3880839347839355,-7.750723838806152,-2.5726940631866455,-4.315989971160889,-4.832407474517822,-5.944322109222412,-9.032422065734863,-9.851099967956543,13.92988109588623,-4.355556964874268,rotation,-10deg
8_8_02_b36c8633_r03c04__rotation_angle_m10,./data/robustness/rotation/angle_m10/normalized_32x32/8/8_8_02_b36c8633_r03c04__rotation_angle_m10.npy,8,8,1,0.9999931767093291,-6.615263938903809,-8.270423889160156,-2.1503026485443115,-3.0238609313964844,-4.058948040008545,-4.66597318649292,-9.22860336303711,-9.43287181854248,10.925567626953125,-1.6834958791732788,rotation,-10deg
8_8_02_b36c8633_r04c01__rotation_angle_m10,./data/robustness/rotation/angle_m10/normalized_32x32/8/8_8_02_b36c8633_r04c01__rotation_angle_m10.npy,8,8,1,0.9999949197170694,-4.614079475402832,-10.584001541137695,-0.9168400764465332,-2.875842332839966,-6.977437496185303,-4.851763725280762,-8.723779678344727,-8.795440673828125,11.70619010925293,-1.9575917720794678,rotation,-10deg
8_8_02_b36c8633_r04c02__rotation_angle_m10,./data/robustness/rotation/angle_m10/normalized_32x32/8/8_8_02_b36c8633_r04c02__rotation_angle_m10.npy,8,8,1,0.999992091526577,-6.260563373565674,-8.899219512939453,-1.6945774555206299,-1.7460074424743652,-6.1326584815979,-4.84521484375,-9.767772674560547,-8.137656211853027,11.04644775390625,-2.0758445262908936,rotation,-10deg
8_8_02_b36c8633_r04c03__rotation_angle_m10,./data/robustness/rotation/angle_m10/normalized_32x32/8/8_8_02_b36c8633_r04c03__rotation_angle_m10.npy,8,8,1,0.9999992236469929,-2.579460620880127,-12.640546798706055,1.7057640552520752,-6.064998626708984,-9.273466110229492,-6.05789852142334,-9.285618782043457,-10.752805709838867,15.789265632629395,-6.4097394943237305,rotation,-10deg
8_8_02_b36c8633_r04c04__rotation_angle_m10,./data/robustness/rotation/angle_m10/normalized_32x32/8/8_8_02_b36c8633_r04c04__rotation_angle_m10.npy,8,8,1,0.9994931396952369,-7.187281131744385,-10.735246658325195,4.572403907775879,-1.9263898134231567,-5.311479568481445,-4.119263172149658,-12.742193222045898,-11.125419616699219,12.160907745361328,-7.681995391845703,rotation,-10deg
9_9_01_852a4a6b_r01c01__rotation_angle_m10,./data/robustness/rotation/angle_m10/normalized_32x32/9/9_9_01_852a4a6b_r01c01__rotation_angle_m10.npy,9,9,1,0.9903760154971144,-7.4229512214660645,-2.5313539505004883,-5.0628156661987305,-3.8243517875671387,2.4947006702423096,-6.066161155700684,-10.414337158203125,1.3210581541061401,-3.8443145751953125,7.406261920928955,rotation,-10deg
9_9_01_852a4a6b_r01c02__rotation_angle_m10,./data/robustness/rotation/angle_m10/normalized_32x32/9/9_9_01_852a4a6b_r01c02__rotation_angle_m10.npy,9,9,1,0.9986829569586485,-7.964114665985107,-3.64359450340271,-7.038566589355469,-3.556729316711426,1.5237927436828613,-5.778059959411621,-11.202679634094238,1.0927960872650146,-3.9727370738983154,8.665760040283203,rotation,-10deg
9_9_01_852a4a6b_r01c03__rotation_angle_m10,./data/robustness/rotation/angle_m10/normalized_32x32/9/9_9_01_852a4a6b_r01c03__rotation_angle_m10.npy,9,9,1,0.9994563097798949,-9.254979133605957,-4.768870830535889,-7.757877826690674,-4.336581230163574,2.5172557830810547,-6.38993501663208,-13.2114896774292,0.9789228439331055,-5.337588787078857,10.230268478393555,rotation,-10deg
9_9_01_852a4a6b_r01c04__rotation_angle_m10,./data/robustness/rotation/angle_m10/normalized_32x32/9/9_9_01_852a4a6b_r01c04__rotation_angle_m10.npy,9,9,1,0.9965076704725091,-10.303451538085938,-0.43156957626342773,-6.275824069976807,-4.681602954864502,1.9862486124038696,-6.897764682769775,-14.183496475219727,2.1045727729797363,-5.088799476623535,8.436201095581055,rotation,-10deg
9_9_01_852a4a6b_r02c01__rotation_angle_m10,./data/robustness/rotation/angle_m10/normalized_32x32/9/9_9_01_852a4a6b_r02c01__rotation_angle_m10.npy,9,9,1,0.9896779728645467,-9.853511810302734,-4.507927417755127,-6.973587989807129,-5.347985744476318,4.600564956665039,-6.762004852294922,-12.796469688415527,2.9676437377929688,-7.067059516906738,9.342267990112305,rotation,-10deg
9_9_01_852a4a6b_r02c02__rotation_angle_m10,./data/robustness/rotation/angle_m10/normalized_32x32/9/9_9_01_852a4a6b_r02c02__rotation_angle_m10.npy,9,9,1,0.9998758999482026,-11.212669372558594,-6.344369888305664,-7.873310089111328,-4.640894412994385,3.079279899597168,-6.332096576690674,-15.951105117797852,-0.2779371440410614,-7.203084945678711,12.108453750610352,rotation,-10deg
9_9_01_852a4a6b_r02c03__rotation_angle_m10,./data/robustness/rotation/angle_m10/normalized_32x32/9/9_9_01_852a4a6b_r02c03__rotation_angle_m10.npy,9,8,0,0.9973346659575754,-2.6843481063842773,-3.9005444049835205,-0.7269600033760071,-4.592240333557129,-1.4241228103637695,-5.749105453491211,-7.252161502838135,-3.625622510910034,6.271839141845703,-0.5768163800239563,rotation,-10deg
9_9_01_852a4a6b_r02c04__rotation_angle_m10,./data/robustness/rotation/angle_m10/normalized_32x32/9/9_9_01_852a4a6b_r02c04__rotation_angle_m10.npy,9,9,1,0.9975670166186598,-9.29918384552002,-4.615649700164795,-6.329651355743408,-4.264561176300049,1.718370795249939,-5.756512641906738,-10.528302192687988,-0.8603127002716064,-1.2333095073699951,7.859732151031494,rotation,-10deg
9_9_01_852a4a6b_r03c01__rotation_angle_m10,./data/robustness/rotation/angle_m10/normalized_32x32/9/9_9_01_852a4a6b_r03c01__rotation_angle_m10.npy,9,4,0,0.6416644702088947,-6.106674671173096,-1.038203239440918,-5.123876571655273,-6.305478572845459,3.718540668487549,-4.648789405822754,-7.0831756591796875,0.4724292457103729,-1.2591625452041626,3.032453775405884,rotation,-10deg
9_9_01_852a4a6b_r03c02__rotation_angle_m10,./data/robustness/rotation/angle_m10/normalized_32x32/9/9_9_01_852a4a6b_r03c02__rotation_angle_m10.npy,9,9,1,0.9800590159699687,-6.203952312469482,-2.111250400543213,-4.4129109382629395,-1.8821132183074951,1.8812370300292969,-3.7213175296783447,-8.761215209960938,-0.17782749235630035,-2.7444496154785156,5.945728778839111,rotation,-10deg
9_9_01_852a4a6b_r03c03__rotation_angle_m10,./data/robustness/rotation/angle_m10/normalized_32x32/9/9_9_01_852a4a6b_r03c03__rotation_angle_m10.npy,9,9,1,0.9999806485116782,-9.119475364685059,-6.704299449920654,-8.724942207336426,-0.7967810034751892,-3.132477283477783,-6.126484394073486,-14.295421600341797,-4.75354528427124,-1.703986406326294,10.479696273803711,rotation,-10deg
9_9_01_852a4a6b_r03c04__rotation_angle_m10,./data/robustness/rotation/angle_m10/normalized_32x32/9/9_9_01_852a4a6b_r03c04__rotation_angle_m10.npy,9,9,1,0.9994759461163863,-11.684106826782227,-4.885567665100098,-10.038131713867188,-6.583194255828857,3.842668056488037,-8.66118335723877,-14.22658920288086,-1.4151856899261475,-2.338794708251953,11.403502464294434,rotation,-10deg
9_9_01_852a4a6b_r04c01__rotation_angle_m10,./data/robustness/rotation/angle_m10/normalized_32x32/9/9_9_01_852a4a6b_r04c01__rotation_angle_m10.npy,9,9,1,0.9992467074739999,-10.022855758666992,-4.318780422210693,-6.955812931060791,-4.316458702087402,2.662254810333252,-6.789844989776611,-12.978339195251465,-0.5593879222869873,-3.361377239227295,9.895923614501953,rotation,-10deg
9_9_01_852a4a6b_r04c02__rotation_angle_m10,./data/robustness/rotation/angle_m10/normalized_32x32/9/9_9_01_852a4a6b_r04c02__rotation_angle_m10.npy,9,9,1,0.9995302361510461,-11.031438827514648,-4.308292865753174,-8.023797988891602,-4.401588439941406,2.735927104949951,-5.919700622558594,-14.267958641052246,-1.0779829025268555,-3.1700124740600586,10.425037384033203,rotation,-10deg
9_9_01_852a4a6b_r04c03__rotation_angle_m10,./data/robustness/rotation/angle_m10/normalized_32x32/9/9_9_01_852a4a6b_r04c03__rotation_angle_m10.npy,9,9,1,0.9992747463236745,-6.783307075500488,-4.3781046867370605,-4.707147121429443,-3.6413025856018066,0.39198797941207886,-4.7583909034729,-9.288695335388184,-0.4159869849681854,-3.59963321685791,8.027815818786621,rotation,-10deg
9_9_01_852a4a6b_r04c04__rotation_angle_m10,./data/robustness/rotation/angle_m10/normalized_32x32/9/9_9_01_852a4a6b_r04c04__rotation_angle_m10.npy,9,9,1,0.9993285420446292,-7.254751682281494,-4.701688766479492,-6.507776737213135,-4.445297718048096,1.0277835130691528,-5.037891864776611,-11.202127456665039,0.756450891494751,-5.525825500488281,8.906603813171387,rotation,-10deg
9_9_02_2f49434b_r01c01__rotation_angle_m10,./data/robustness/rotation/angle_m10/normalized_32x32/9/9_9_02_2f49434b_r01c01__rotation_angle_m10.npy,9,9,1,0.9997799753606208,-8.220500946044922,-3.4436488151550293,-8.431434631347656,-1.7752373218536377,-0.5816850662231445,-4.498701095581055,-10.146906852722168,-0.9429265260696411,-2.3072590827941895,8.65346908569336,rotation,-10deg
9_9_02_2f49434b_r01c02__rotation_angle_m10,./data/robustness/rotation/angle_m10/normalized_32x32/9/9_9_02_2f49434b_r01c02__rotation_angle_m10.npy,9,9,1,0.9983059797409656,-9.010165214538574,-4.410085678100586,-6.390247344970703,-4.55712366104126,3.343287467956543,-5.773771286010742,-12.031553268432617,-0.11682584881782532,-4.474185943603516,9.754518508911133,rotation,-10deg
9_9_02_2f49434b_r01c03__rotation_angle_m10,./data/robustness/rotation/angle_m10/normalized_32x32/9/9_9_02_2f49434b_r01c03__rotation_angle_m10.npy,9,8,0,0.9977146074594283,0.7512711882591248,-4.584007740020752,-0.747262716293335,-5.667306423187256,-3.5564308166503906,-4.531805038452148,-6.157522201538086,-4.135573863983154,7.1079559326171875,-2.0106449127197266,rotation,-10deg
9_9_02_2f49434b_r01c04__rotation_angle_m10,./data/robustness/rotation/angle_m10/normalized_32x32/9/9_9_02_2f49434b_r01c04__rotation_angle_m10.npy,9,9,1,0.9995407279415609,-11.692755699157715,-5.83482551574707,-8.0162353515625,-3.776935577392578,3.253941297531128,-7.197403907775879,-14.20043659210205,-1.0754880905151367,-4.28518009185791,10.953988075256348,rotation,-10deg
9_9_02_2f49434b_r02c01__rotation_angle_m10,./data/robustness/rotation/angle_m10/normalized_32x32/9/9_9_02_2f49434b_r02c01__rotation_angle_m10.npy,9,9,1,0.9997879082873613,-11.03954029083252,-4.80826473236084,-11.45876693725586,-3.656106472015381,1.1024574041366577,-5.606212615966797,-11.426322937011719,0.8993936777114868,-3.0806453227996826,10.172673225402832,rotation,-10deg
9_9_02_2f49434b_r02c02__rotation_angle_m10,./data/robustness/rotation/angle_m10/normalized_32x32/9/9_9_02_2f49434b_r02c02__rotation_angle_m10.npy,9,9,1,0.9999331770939814,-12.288776397705078,-6.320808410644531,-9.431653022766113,-7.689476490020752,2.6189815998077393,-8.24811840057373,-13.890288352966309,-0.6347908973693848,-2.721572160720825,12.275066375732422,rotation,-10deg
9_9_02_2f49434b_r02c03__rotation_angle_m10,./data/robustness/rotation/angle_m10/normalized_32x32/9/9_9_02_2f49434b_r02c03__rotation_angle_m10.npy,9,9,1,0.9999777717659402,-11.046926498413086,-5.855850696563721,-10.218151092529297,-4.139543533325195,0.6777313351631165,-6.768365383148193,-12.37041187286377,-1.8573600053787231,-2.1135640144348145,11.532271385192871,rotation,-10deg
9_9_02_2f49434b_r02c04__rotation_angle_m10,./data/robustness/rotation/angle_m10/normalized_32x32/9/9_9_02_2f49434b_r02c04__rotation_angle_m10.npy,9,1,0,0.7152118629922951,-0.2856191098690033,3.6433444023132324,-2.8898749351501465,-9.073955535888672,-3.3228297233581543,-3.8771891593933105,-6.03523063659668,-1.8903467655181885,2.6485633850097656,-2.6978261470794678,rotation,-10deg
9_9_02_2f49434b_r03c01__rotation_angle_m10,./data/robustness/rotation/angle_m10/normalized_32x32/9/9_9_02_2f49434b_r03c01__rotation_angle_m10.npy,9,9,1,0.97624397895249,-10.183258056640625,-4.343835353851318,-9.796337127685547,-7.440297603607178,2.90507435798645,-7.266912460327148,-10.526968002319336,-2.0369808673858643,2.2711575031280518,7.051718235015869,rotation,-10deg
9_9_02_2f49434b_r03c02__rotation_angle_m10,./data/robustness/rotation/angle_m10/normalized_32x32/9/9_9_02_2f49434b_r03c02__rotation_angle_m10.npy,9,9,1,0.9991209588823793,-7.621905326843262,-3.7693002223968506,-7.398673057556152,-4.297293663024902,0.2658040225505829,-6.291902542114258,-9.84096908569336,0.1606367528438568,-0.8170697689056396,8.121036529541016,rotation,-10deg
9_9_02_2f49434b_r03c03__rotation_angle_m10,./data/robustness/rotation/angle_m10/normalized_32x32/9/9_9_02_2f49434b_r03c03__rotation_angle_m10.npy,9,9,1,0.9946546763419943,-5.468024253845215,-3.8466508388519287,-3.925520420074463,-3.6974551677703857,-0.5891759395599365,-3.4570555686950684,-7.047684192657471,-0.8314114809036255,-0.19341188669204712,5.876852512359619,rotation,-10deg
9_9_02_2f49434b_r03c04__rotation_angle_m10,./data/robustness/rotation/angle_m10/normalized_32x32/9/9_9_02_2f49434b_r03c04__rotation_angle_m10.npy,9,9,1,0.9574607252485166,-7.958256244659424,-0.6945872902870178,-6.5672383308410645,-5.1520819664001465,3.2169415950775146,-6.719619274139404,-11.079696655273438,1.2077620029449463,-3.3351335525512695,6.475666522979736,rotation,-10deg
9_9_02_2f49434b_r04c01__rotation_angle_m10,./data/robustness/rotation/angle_m10/normalized_32x32/9/9_9_02_2f49434b_r04c01__rotation_angle_m10.npy,9,9,1,0.9981978311884945,-6.540196895599365,-4.735630989074707,-6.809515476226807,-4.995224952697754,1.760263442993164,-4.739876747131348,-9.446634292602539,-2.3184566497802734,-4.036685466766357,8.101521492004395,rotation,-10deg
9_9_02_2f49434b_r04c02__rotation_angle_m10,./data/robustness/rotation/angle_m10/normalized_32x32/9/9_9_02_2f49434b_r04c02__rotation_angle_m10.npy,9,9,1,0.9995638022874421,-7.671815395355225,-4.789833068847656,-6.413452625274658,-4.122862339019775,0.9712658524513245,-6.265711307525635,-11.040074348449707,-0.20230990648269653,-3.9671857357025146,8.991336822509766,rotation,-10deg
9_9_02_2f49434b_r04c03__rotation_angle_m10,./data/robustness/rotation/angle_m10/normalized_32x32/9/9_9_02_2f49434b_r04c03__rotation_angle_m10.npy,9,9,1,0.9995487741903112,-10.168188095092773,-4.63958215713501,-6.619646072387695,-4.601587295532227,2.8041372299194336,-7.182309150695801,-14.148733139038086,-0.5948184728622437,-4.265933036804199,10.542190551757812,rotation,-10deg
9_9_02_2f49434b_r04c04__rotation_angle_m10,./data/robustness/rotation/angle_m10/normalized_32x32/9/9_9_02_2f49434b_r04c04__rotation_angle_m10.npy,9,9,1,0.9926815808490849,-6.050910949707031,-2.770869493484497,-3.8652124404907227,-2.194653034210205,-0.023694470524787903,-4.753981113433838,-8.509024620056152,0.18458081781864166,-1.4302650690078735,5.874975204467773,rotation,-10deg
