sample_id,file_path,true_label,pred_label,correct,confidence,logit_0,logit_1,logit_2,logit_3,logit_4,logit_5,logit_6,logit_7,logit_8,logit_9,condition,parameter
0_0_01_0a5cfa52_r01c01__brightness_factor_1p3,./data/robustness/brightness/factor_1p3/normalized_32x32/0/0_0_01_0a5cfa52_r01c01__brightness_factor_1p3.npy,0,0,1,0.9999657522990532,12.493571281433105,-8.678633689880371,-10.820518493652344,-18.011428833007812,-13.819404602050781,-8.798697471618652,-5.484444618225098,-1.6901888847351074,-6.810937881469727,2.190678596496582,brightness,1.3x
0_0_01_0a5cfa52_r01c02__brightness_factor_1p3,./data/robustness/brightness/factor_1p3/normalized_32x32/0/0_0_01_0a5cfa52_r01c02__brightness_factor_1p3.npy,0,0,1,0.9999997489215289,15.814217567443848,-13.67724323272705,-7.365828037261963,-16.647008895874023,-14.790817260742188,-8.043044090270996,-4.908319473266602,-6.1505632400512695,-7.166641712188721,0.610630214214325,brightness,1.3x
0_0_01_0a5cfa52_r01c03__brightness_factor_1p3,./data/robustness/brightness/factor_1p3/normalized_32x32/0/0_0_01_0a5cfa52_r01c03__brightness_factor_1p3.npy,0,0,1,0.9998935729242279,12.669013977050781,-12.720806121826172,0.9855762720108032,-17.819469451904297,-21.58939552307129,-9.201693534851074,-11.183780670166016,-6.36309814453125,3.438027858734131,-4.277182102203369,brightness,1.3x
0_0_01_0a5cfa52_r01c04__brightness_factor_1p3,./data/robustness/brightness/factor_1p3/normalized_32x32/0/0_0_01_0a5cfa52_r01c04__brightness_factor_1p3.npy,0,0,1,0.9983057192283248,8.375558853149414,-5.313935279846191,-6.474725723266602,-13.41065788269043,-10.179547309875488,-6.209986209869385,-2.4277498722076416,-2.328967571258545,-2.2250475883483887,1.954859972000122,brightness,1.3x
0_0_01_0a5cfa52_r02c01__brightness_factor_1p3,./data/robustness/brightness/factor_1p3/normalized_32x32/0/0_0_01_0a5cfa52_r02c01__brightness_factor_1p3.npy,0,0,1,0.9999999676955221,14.764633178710938,-8.56155776977539,-6.625936985015869,-12.64810562133789,-16.867258071899414,-4.166802406311035,-4.868781566619873,-4.366641998291016,-4.688067436218262,-3.3007936477661133,brightness,1.3x
0_0_01_0a5cfa52_r02c02__brightness_factor_1p3,./data/robustness/brightness/factor_1p3/normalized_32x32/0/0_0_01_0a5cfa52_r02c02__brightness_factor_1p3.npy,0,0,1,0.9907222298989158,6.702061176300049,-11.606056213378906,-1.7607656717300415,-5.565304279327393,-9.093091011047363,-3.810434341430664,-1.4409608840942383,-8.804402351379395,1.9578818082809448,-2.259152412414551,brightness,1.3x
0_0_01_0a5cfa52_r02c03__brightness_factor_1p3,./data/robustness/brightness/factor_1p3/normalized_32x32/0/0_0_01_0a5cfa52_r02c03__brightness_factor_1p3.npy,0,0,1,0.9999456188758374,11.173404693603516,-13.889594078063965,-1.9932949542999268,-13.581844329833984,-14.626800537109375,-8.334821701049805,-6.43058443069458,-7.653807640075684,-2.652766227722168,1.2984797954559326,brightness,1.3x
0_0_01_0a5cfa52_r02c04__brightness_factor_1p3,./data/robustness/brightness/factor_1p3/normalized_32x32/0/0_0_01_0a5cfa52_r02c04__brightness_factor_1p3.npy,0,0,1,0.9997303166438687,10.281076431274414,-7.9272685050964355,-3.4702391624450684,-14.58739185333252,-13.007406234741211,-7.246744155883789,-5.585200309753418,-4.623261451721191,-0.00657123327255249,1.9214704036712646,brightness,1.3x
0_0_01_0a5cfa52_r03c01__brightness_factor_1p3,./data/robustness/brightness/factor_1p3/normalized_32x32/0/0_0_01_0a5cfa52_r03c01__brightness_factor_1p3.npy,0,0,1,0.9999999632233145,16.992706298828125,-10.072519302368164,-18.088972091674805,-19.137348175048828,-18.838966369628906,-6.168926239013672,-2.6270132064819336,-0.9851959347724915,-13.836099624633789,-0.8345112800598145,brightness,1.3x
0_0_01_0a5cfa52_r03c02__brightness_factor_1p3,./data/robustness/brightness/factor_1p3/normalized_32x32/0/0_0_01_0a5cfa52_r03c02__brightness_factor_1p3.npy,0,0,1,0.9999999982117047,18.4035701751709,-10.729723930358887,-9.651691436767578,-20.05824851989746,-18.698476791381836,-8.773774147033691,-6.153379440307617,-4.369972229003906,-6.499444007873535,-1.837138295173645,brightness,1.3x
0_0_01_0a5cfa52_r03c03__brightness_factor_1p3,./data/robustness/brightness/factor_1p3/normalized_32x32/0/0_0_01_0a5cfa52_r03c03__brightness_factor_1p3.npy,0,0,1,0.9999997931033424,15.429604530334473,-9.3102388381958,-11.9441556930542,-13.460590362548828,-12.150727272033691,-3.083782434463501,-0.018475934863090515,-5.081752777099609,-7.562679290771484,-5.298376083374023,brightness,1.3x
0_0_01_0a5cfa52_r03c04__brightness_factor_1p3,./data/robustness/brightness/factor_1p3/normalized_32x32/0/0_0_01_0a5cfa52_r03c04__brightness_factor_1p3.npy,0,0,1,0.9999993312863611,15.254993438720703,-10.764204978942871,-16.781686782836914,-17.098419189453125,-16.704519271850586,-7.11024284362793,-3.0871739387512207,-0.2790794372558594,-13.056214332580566,0.7021212577819824,brightness,1.3x
0_0_01_0a5cfa52_r04c01__brightness_factor_1p3,./data/robustness/brightness/factor_1p3/normalized_32x32/0/0_0_01_0a5cfa52_r04c01__brightness_factor_1p3.npy,0,0,1,0.9999990802408465,12.113845825195312,-6.400139808654785,-6.244373321533203,-13.022320747375488,-8.64113712310791,-4.787323474884033,-2.9346730709075928,-2.8152897357940674,-4.490067958831787,-3.461779832839966,brightness,1.3x
0_0_01_0a5cfa52_r04c02__brightness_factor_1p3,./data/robustness/brightness/factor_1p3/normalized_32x32/0/0_0_01_0a5cfa52_r04c02__brightness_factor_1p3.npy,0,0,1,0.9999995104791732,14.674514770507812,-7.684941291809082,-14.100833892822266,-15.793553352355957,-14.390497207641602,-6.84937047958374,-2.2740612030029297,-3.6344025135040283,-8.29272747039795,0.024303078651428223,brightness,1.3x
0_0_01_0a5cfa52_r04c03__brightness_factor_1p3,./data/robustness/brightness/factor_1p3/normalized_32x32/0/0_0_01_0a5cfa52_r04c03__brightness_factor_1p3.npy,0,0,1,0.9994857424415172,7.750170707702637,-6.445051670074463,-3.31779408454895,-9.362785339355469,-6.335010051727295,-4.972955703735352,-5.192438125610352,-1.2298721075057983,-7.5901360511779785,-0.1628626585006714,brightness,1.3x
0_0_01_0a5cfa52_r04c04__brightness_factor_1p3,./data/robustness/brightness/factor_1p3/normalized_32x32/0/0_0_01_0a5cfa52_r04c04__brightness_factor_1p3.npy,0,0,1,0.9999619287809257,9.7199125289917,-5.397019863128662,-5.751203536987305,-8.948490142822266,-7.807196140289307,-1.2979400157928467,-3.236438512802124,-4.714797496795654,-1.9109234809875488,-1.8566112518310547,brightness,1.3x
0_0_02_0ab8b1e5_r01c01__brightness_factor_1p3,./data/robustness/brightness/factor_1p3/normalized_32x32/0/0_0_02_0ab8b1e5_r01c01__brightness_factor_1p3.npy,0,0,1,0.9999888380093054,11.828350067138672,-7.2243757247924805,-9.55082893371582,-12.8862943649292,-12.614364624023438,-4.207965850830078,-1.2895443439483643,-4.086255073547363,-4.079403400421143,0.18677061796188354,brightness,1.3x
0_0_02_0ab8b1e5_r01c02__brightness_factor_1p3,./data/robustness/brightness/factor_1p3/normalized_32x32/0/0_0_02_0ab8b1e5_r01c02__brightness_factor_1p3.npy,0,0,1,0.9999989017151413,14.504228591918945,-11.506559371948242,-11.154498100280762,-16.11583709716797,-17.842992782592773,-7.2637786865234375,-4.533868789672852,-3.3260226249694824,-5.254881858825684,0.7581120133399963,brightness,1.3x
0_0_02_0ab8b1e5_r01c03__brightness_factor_1p3,./data/robustness/brightness/factor_1p3/normalized_32x32/0/0_0_02_0ab8b1e5_r01c03__brightness_factor_1p3.npy,0,0,1,0.9999860753250113,12.756278038024902,-10.02023983001709,-11.5823974609375,-14.468565940856934,-14.694157600402832,-6.458961486816406,-2.5901613235473633,-3.9104807376861572,-4.290872097015381,1.5513219833374023,brightness,1.3x
0_0_02_0ab8b1e5_r01c04__brightness_factor_1p3,./data/robustness/brightness/factor_1p3/normalized_32x32/0/0_0_02_0ab8b1e5_r01c04__brightness_factor_1p3.npy,0,0,1,0.9999997727091049,16.31600570678711,-16.300745010375977,-9.617376327514648,-16.982961654663086,-12.350587844848633,-9.404199600219727,-3.71376371383667,-6.564934730529785,-5.470643520355225,1.0080256462097168,brightness,1.3x
0_0_02_0ab8b1e5_r02c01__brightness_factor_1p3,./data/robustness/brightness/factor_1p3/normalized_32x32/0/0_0_02_0ab8b1e5_r02c01__brightness_factor_1p3.npy,0,0,1,0.9999995977062024,15.565406799316406,-8.72785758972168,-12.511271476745605,-18.46236228942871,-14.109691619873047,-8.294427871704102,-1.5148946046829224,-5.384856700897217,-3.8960890769958496,0.7273781895637512,brightness,1.3x
0_0_02_0ab8b1e5_r02c02__brightness_factor_1p3,./data/robustness/brightness/factor_1p3/normalized_32x32/0/0_0_02_0ab8b1e5_r02c02__brightness_factor_1p3.npy,0,0,1,0.9999930824752675,13.569011688232422,-10.84526252746582,-6.63349723815918,-17.49493980407715,-16.513896942138672,-9.450779914855957,-5.107052803039551,-6.29127836227417,-0.44202950596809387,1.5590400695800781,brightness,1.3x
0_0_02_0ab8b1e5_r02c03__brightness_factor_1p3,./data/robustness/brightness/factor_1p3/normalized_32x32/0/0_0_02_0ab8b1e5_r02c03__brightness_factor_1p3.npy,0,0,1,0.9999892943372185,13.4760160446167,-12.709132194519043,-4.652603626251221,-15.747207641601562,-15.899361610412598,-8.428421020507812,-4.687558174133301,-8.002361297607422,-1.8559350967407227,2.0079855918884277,brightness,1.3x
0_0_02_0ab8b1e5_r02c04__brightness_factor_1p3,./data/robustness/brightness/factor_1p3/normalized_32x32/0/0_0_02_0ab8b1e5_r02c04__brightness_factor_1p3.npy,0,0,1,0.9998430024186086,11.367769241333008,-12.590519905090332,-2.3184702396392822,-14.999448776245117,-14.636836051940918,-8.330416679382324,-5.188221454620361,-7.862765789031982,-0.8285593390464783,2.5679707527160645,brightness,1.3x
0_0_02_0ab8b1e5_r03c01__brightness_factor_1p3,./data/robustness/brightness/factor_1p3/normalized_32x32/0/0_0_02_0ab8b1e5_r03c01__brightness_factor_1p3.npy,0,0,1,0.999994441721249,11.58984375,-8.65976333618164,-10.779304504394531,-10.312037467956543,-10.78641414642334,-3.9497323036193848,-1.355028748512268,-1.404066801071167,-8.069070816040039,-2.565058708190918,brightness,1.3x
0_0_02_0ab8b1e5_r03c02__brightness_factor_1p3,./data/robustness/brightness/factor_1p3/normalized_32x32/0/0_0_02_0ab8b1e5_r03c02__brightness_factor_1p3.npy,0,0,1,0.9999997785322181,17.326427459716797,-11.066902160644531,-20.39568328857422,-19.854829788208008,-16.159765243530273,-9.066289901733398,-3.4426534175872803,-2.0556509494781494,-12.378910064697266,1.9816062450408936,brightness,1.3x
0_0_02_0ab8b1e5_r03c03__brightness_factor_1p3,./data/robustness/brightness/factor_1p3/normalized_32x32/0/0_0_02_0ab8b1e5_r03c03__brightness_factor_1p3.npy,0,0,1,0.9999999999345908,21.19771385192871,-13.017244338989258,-16.056907653808594,-16.48984718322754,-15.910282135009766,-6.292731285095215,-2.35221004486084,-5.469948768615723,-11.064001083374023,-5.551095008850098,brightness,1.3x
0_0_02_0ab8b1e5_r03c04__brightness_factor_1p3,./data/robustness/brightness/factor_1p3/normalized_32x32/0/0_0_02_0ab8b1e5_r03c04__brightness_factor_1p3.npy,0,0,1,0.9998829636385151,9.588644981384277,-9.420206069946289,-10.056512832641602,-9.037696838378906,-9.574138641357422,-3.5234663486480713,-0.48652419447898865,-4.0503363609313965,-6.805916786193848,0.04460340738296509,brightness,1.3x
0_0_02_0ab8b1e5_r04c01__brightness_factor_1p3,./data/robustness/brightness/factor_1p3/normalized_32x32/0/0_0_02_0ab8b1e5_r04c01__brightness_factor_1p3.npy,0,0,1,0.9999999968803988,18.10103988647461,-9.114648818969727,-16.53496742248535,-16.47380828857422,-17.544645309448242,-6.127157211303711,-1.973818063735962,-4.050844669342041,-10.071765899658203,-2.689091920852661,brightness,1.3x
0_0_02_0ab8b1e5_r04c02__brightness_factor_1p3,./data/robustness/brightness/factor_1p3/normalized_32x32/0/0_0_02_0ab8b1e5_r04c02__brightness_factor_1p3.npy,0,0,1,0.9999999695118127,17.532567977905273,-12.36600399017334,-18.958662033081055,-15.482898712158203,-13.28117847442627,-5.830245494842529,0.054346755146980286,-4.293096542358398,-12.287476539611816,-1.704195261001587,brightness,1.3x
0_0_02_0ab8b1e5_r04c03__brightness_factor_1p3,./data/robustness/brightness/factor_1p3/normalized_32x32/0/0_0_02_0ab8b1e5_r04c03__brightness_factor_1p3.npy,0,0,1,0.9999999414819752,15.890692710876465,-8.592438697814941,-13.822726249694824,-16.339641571044922,-12.522281646728516,-6.124650478363037,-2.2092766761779785,-3.037742853164673,-7.727329730987549,-1.185437798500061,brightness,1.3x
0_0_02_0ab8b1e5_r04c04__brightness_factor_1p3,./data/robustness/brightness/factor_1p3/normalized_32x32/0/0_0_02_0ab8b1e5_r04c04__brightness_factor_1p3.npy,0,0,1,0.9999996538761121,16.63471031188965,-13.952593803405762,-9.761177062988281,-18.700334548950195,-14.413542747497559,-9.805416107177734,-5.757038593292236,-5.978740215301514,-9.20026683807373,1.7572228908538818,brightness,1.3x
1_1_01_19f74917_r01c01__brightness_factor_1p3,./data/robustness/brightness/factor_1p3/normalized_32x32/1/1_1_01_19f74917_r01c01__brightness_factor_1p3.npy,1,1,1,0.9996253183063338,-4.373514652252197,8.091072082519531,-3.7726221084594727,-9.561840057373047,-3.388810873031616,-0.6752909421920776,-0.7524206042289734,-2.502429723739624,-2.3844237327575684,-8.591472625732422,brightness,1.3x
1_1_01_19f74917_r01c02__brightness_factor_1p3,./data/robustness/brightness/factor_1p3/normalized_32x32/1/1_1_01_19f74917_r01c02__brightness_factor_1p3.npy,1,1,1,0.9999547708849101,-5.55763053894043,9.774537086486816,-4.360535144805908,-9.719511032104492,-4.208678245544434,-0.6274022459983826,-2.2089686393737793,-2.263866662979126,-4.1448493003845215,-10.139394760131836,brightness,1.3x
1_1_01_19f74917_r01c03__brightness_factor_1p3,./data/robustness/brightness/factor_1p3/normalized_32x32/1/1_1_01_19f74917_r01c03__brightness_factor_1p3.npy,1,1,1,0.9999999794104866,-9.37427043914795,15.972055435180664,-7.045712947845459,-15.200027465820312,-4.324743747711182,-2.1196906566619873,-3.9025626182556152,-3.7885282039642334,-7.085257530212402,-14.741199493408203,brightness,1.3x
1_1_01_19f74917_r01c04__brightness_factor_1p3,./data/robustness/brightness/factor_1p3/normalized_32x32/1/1_1_01_19f74917_r01c04__brightness_factor_1p3.npy,1,1,1,0.9999998666418901,-9.400415420532227,14.968748092651367,-7.230579376220703,-16.787565231323242,-3.3683595657348633,-2.440934658050537,-1.307958722114563,-5.470673561096191,-3.66422176361084,-15.447317123413086,brightness,1.3x
1_1_01_19f74917_r02c01__brightness_factor_1p3,./data/robustness/brightness/factor_1p3/normalized_32x32/1/1_1_01_19f74917_r02c01__brightness_factor_1p3.npy,1,1,1,0.9999975123920115,-9.974204063415527,13.48410701751709,-6.263689994812012,-10.835484504699707,-10.390970230102539,-2.8328816890716553,-9.855814933776855,0.5447463989257812,-7.460195541381836,-8.28116512298584,brightness,1.3x
1_1_01_19f74917_r02c02__brightness_factor_1p3,./data/robustness/brightness/factor_1p3/normalized_32x32/1/1_1_01_19f74917_r02c02__brightness_factor_1p3.npy,1,1,1,0.9999928584995246,-6.433206081390381,11.330424308776855,-7.262602806091309,-13.941417694091797,-4.424562931060791,-1.2522825002670288,-3.4839625358581543,-1.8439884185791016,-2.244507312774658,-10.37045955657959,brightness,1.3x
1_1_01_19f74917_r02c03__brightness_factor_1p3,./data/robustness/brightness/factor_1p3/normalized_32x32/1/1_1_01_19f74917_r02c03__brightness_factor_1p3.npy,1,1,1,0.9999964132047453,-5.94768762588501,12.243876457214355,-7.712491512298584,-12.075002670288086,-4.319119453430176,-1.2683864831924438,-3.117370128631592,-0.94038325548172,-4.377508163452148,-10.412819862365723,brightness,1.3x
1_1_01_19f74917_r02c04__brightness_factor_1p3,./data/robustness/brightness/factor_1p3/normalized_32x32/1/1_1_01_19f74917_r02c04__brightness_factor_1p3.npy,1,1,1,0.9999999042325475,-10.516141891479492,15.454245567321777,-10.99478530883789,-16.533958435058594,-2.977238655090332,-1.5733811855316162,-1.5328619480133057,-4.9716572761535645,-4.430887699127197,-14.043002128601074,brightness,1.3x
1_1_01_19f74917_r03c01__brightness_factor_1p3,./data/robustness/brightness/factor_1p3/normalized_32x32/1/1_1_01_19f74917_r03c01__brightness_factor_1p3.npy,1,1,1,0.9999873609246406,-6.596169948577881,11.367548942565918,-7.964339256286621,-12.352968215942383,-0.22401022911071777,-1.6682195663452148,-3.6528022289276123,-3.053056478500366,-3.5130615234375,-7.915380954742432,brightness,1.3x
1_1_01_19f74917_r03c02__brightness_factor_1p3,./data/robustness/brightness/factor_1p3/normalized_32x32/1/1_1_01_19f74917_r03c02__brightness_factor_1p3.npy,1,1,1,0.9999662867171316,-5.627901077270508,9.909039497375488,-5.281250476837158,-9.400650978088379,-2.630701780319214,-1.0832808017730713,-3.190809726715088,-1.631669282913208,-3.82637357711792,-8.348970413208008,brightness,1.3x
1_1_01_19f74917_r03c03__brightness_factor_1p3,./data/robustness/brightness/factor_1p3/normalized_32x32/1/1_1_01_19f74917_r03c03__brightness_factor_1p3.npy,1,1,1,0.9999969134472548,-12.681836128234863,13.650906562805176,0.9164308309555054,-12.17241382598877,-4.617740631103516,-4.8377814292907715,-6.84792423248291,-2.3153328895568848,-8.7437162399292,-14.292585372924805,brightness,1.3x
1_1_01_19f74917_r03c04__brightness_factor_1p3,./data/robustness/brightness/factor_1p3/normalized_32x32/1/1_1_01_19f74917_r03c04__brightness_factor_1p3.npy,1,1,1,0.9999995605019545,-5.797138690948486,13.684582710266113,-7.193046569824219,-12.929793357849121,-6.083627700805664,-1.375442385673523,-5.646424770355225,-2.1006546020507812,-7.076582908630371,-11.154380798339844,brightness,1.3x
1_1_01_19f74917_r04c01__brightness_factor_1p3,./data/robustness/brightness/factor_1p3/normalized_32x32/1/1_1_01_19f74917_r04c01__brightness_factor_1p3.npy,1,1,1,0.9999961734879637,-6.561248779296875,12.270526885986328,-8.6055326461792,-12.834446907043457,-1.9843109846115112,-0.9886796474456787,-4.0047125816345215,-1.3142976760864258,-4.01029634475708,-9.276578903198242,brightness,1.3x
1_1_01_19f74917_r04c02__brightness_factor_1p3,./data/robustness/brightness/factor_1p3/normalized_32x32/1/1_1_01_19f74917_r04c02__brightness_factor_1p3.npy,1,1,1,0.99999472363693,-6.115367889404297,11.936247825622559,-7.987267017364502,-12.362674713134766,-2.403852701187134,-0.9081474542617798,-3.856832981109619,-1.3148192167282104,-3.9243836402893066,-9.075526237487793,brightness,1.3x
1_1_01_19f74917_r04c03__brightness_factor_1p3,./data/robustness/brightness/factor_1p3/normalized_32x32/1/1_1_01_19f74917_r04c03__brightness_factor_1p3.npy,1,1,1,0.9999829536884947,-5.916447639465332,11.026341438293457,-7.911022186279297,-11.573187828063965,-1.95002019405365,-0.7974798679351807,-3.501533031463623,-0.9221925735473633,-3.7255499362945557,-8.561609268188477,brightness,1.3x
1_1_01_19f74917_r04c04__brightness_factor_1p3,./data/robustness/brightness/factor_1p3/normalized_32x32/1/1_1_01_19f74917_r04c04__brightness_factor_1p3.npy,1,1,1,0.9999943975073916,-4.815938949584961,11.700130462646484,-4.60776948928833,-11.244750022888184,-6.402261734008789,-2.3920505046844482,-4.799434185028076,-0.5964670777320862,-5.222788333892822,-10.523893356323242,brightness,1.3x
1_1_02_4cdb4850_r01c01__brightness_factor_1p3,./data/robustness/brightness/factor_1p3/normalized_32x32/1/1_1_02_4cdb4850_r01c01__brightness_factor_1p3.npy,1,1,1,0.9999849445213231,-7.763026237487793,11.36763858795166,-4.811370849609375,-13.364983558654785,-3.294231414794922,-0.9967817068099976,-0.17073476314544678,-4.9276957511901855,-3.2978272438049316,-13.393715858459473,brightness,1.3x
1_1_02_4cdb4850_r01c02__brightness_factor_1p3,./data/robustness/brightness/factor_1p3/normalized_32x32/1/1_1_02_4cdb4850_r01c02__brightness_factor_1p3.npy,1,1,1,0.9999341802257444,-8.674553871154785,9.478059768676758,-1.8030593395233154,-9.867359161376953,-4.7316436767578125,-0.8282884955406189,-1.4787590503692627,-3.8716578483581543,-6.9711761474609375,-14.420087814331055,brightness,1.3x
1_1_02_4cdb4850_r01c03__brightness_factor_1p3,./data/robustness/brightness/factor_1p3/normalized_32x32/1/1_1_02_4cdb4850_r01c03__brightness_factor_1p3.npy,1,1,1,0.9999890321085585,-6.676517009735107,10.908674240112305,-4.798233509063721,-11.865778923034668,-6.159134864807129,-0.9695925712585449,-4.221246719360352,-1.7636115550994873,-3.7987968921661377,-10.927635192871094,brightness,1.3x
1_1_02_4cdb4850_r01c04__brightness_factor_1p3,./data/robustness/brightness/factor_1p3/normalized_32x32/1/1_1_02_4cdb4850_r01c04__brightness_factor_1p3.npy,1,1,1,0.9999988742046078,-6.304459095001221,12.677769660949707,-7.696882724761963,-15.131847381591797,-4.680489540100098,-1.4351987838745117,-5.229678630828857,-2.925748348236084,-2.9518280029296875,-11.01593017578125,brightness,1.3x
1_1_02_4cdb4850_r02c01__brightness_factor_1p3,./data/robustness/brightness/factor_1p3/normalized_32x32/1/1_1_02_4cdb4850_r02c01__brightness_factor_1p3.npy,1,1,1,0.9999998996810836,-7.929296493530273,14.009132385253906,-6.103071212768555,-12.885250091552734,-4.233920097351074,-3.4907612800598145,-4.868109703063965,-2.7841057777404785,-5.360289573669434,-11.81941032409668,brightness,1.3x
1_1_02_4cdb4850_r02c02__brightness_factor_1p3,./data/robustness/brightness/factor_1p3/normalized_32x32/1/1_1_02_4cdb4850_r02c02__brightness_factor_1p3.npy,1,1,1,0.9999997317302132,-8.062970161437988,14.479110717773438,-10.421710968017578,-14.248011589050293,-3.028512954711914,-1.235262155532837,-3.1740949153900146,-2.053091049194336,-4.488780975341797,-10.67446231842041,brightness,1.3x
1_1_02_4cdb4850_r02c03__brightness_factor_1p3,./data/robustness/brightness/factor_1p3/normalized_32x32/1/1_1_02_4cdb4850_r02c03__brightness_factor_1p3.npy,1,1,1,0.9992645746205386,-14.92392635345459,11.05372428894043,-1.0721125602722168,-5.368362903594971,-6.871072769165039,-7.453275680541992,-13.686637878417969,3.8318722248077393,-10.468109130859375,-9.977787971496582,brightness,1.3x
1_1_02_4cdb4850_r02c04__brightness_factor_1p3,./data/robustness/brightness/factor_1p3/normalized_32x32/1/1_1_02_4cdb4850_r02c04__brightness_factor_1p3.npy,1,1,1,0.9998166431789086,-4.6289777755737305,9.11492919921875,-6.063600540161133,-10.97634506225586,-3.607459783554077,-0.2459806501865387,-0.32170796394348145,-2.966442346572876,-2.6686437129974365,-9.120205879211426,brightness,1.3x
1_1_02_4cdb4850_r03c01__brightness_factor_1p3,./data/robustness/brightness/factor_1p3/normalized_32x32/1/1_1_02_4cdb4850_r03c01__brightness_factor_1p3.npy,1,1,1,0.9999999228368743,-8.805624008178711,15.081357955932617,-6.932584762573242,-14.695745468139648,-3.8887062072753906,-1.6736838817596436,-3.200876474380493,-3.860344409942627,-5.919095039367676,-14.35772705078125,brightness,1.3x
1_1_02_4cdb4850_r03c02__brightness_factor_1p3,./data/robustness/brightness/factor_1p3/normalized_32x32/1/1_1_02_4cdb4850_r03c02__brightness_factor_1p3.npy,1,1,1,0.9999993242798538,-5.443101406097412,12.975956916809082,-5.327850818634033,-12.919621467590332,-6.7514801025390625,-1.9914026260375977,-4.822849273681641,-2.0095925331115723,-5.843540191650391,-12.358817100524902,brightness,1.3x
1_1_02_4cdb4850_r03c03__brightness_factor_1p3,./data/robustness/brightness/factor_1p3/normalized_32x32/1/1_1_02_4cdb4850_r03c03__brightness_factor_1p3.npy,1,1,1,0.9999884369243129,-4.735639572143555,10.573972702026367,-3.332653522491455,-10.979668617248535,-5.407715797424316,-1.0773006677627563,-4.900283336639404,-2.933288335800171,-6.236754894256592,-9.8159818649292,brightness,1.3x
1_1_02_4cdb4850_r03c04__brightness_factor_1p3,./data/robustness/brightness/factor_1p3/normalized_32x32/1/1_1_02_4cdb4850_r03c04__brightness_factor_1p3.npy,1,1,1,0.9997697371301876,-4.056949615478516,8.059844017028809,-1.5490548610687256,-8.599756240844727,-3.055771589279175,-1.1072293519973755,-3.9562880992889404,-2.350827693939209,-5.022165298461914,-7.838624000549316,brightness,1.3x
1_1_02_4cdb4850_r04c01__brightness_factor_1p3,./data/robustness/brightness/factor_1p3/normalized_32x32/1/1_1_02_4cdb4850_r04c01__brightness_factor_1p3.npy,1,1,1,0.9999999822392328,-10.17810344696045,17.392139434814453,-12.305721282958984,-18.93619155883789,-0.8185842037200928,-2.8151071071624756,-6.029316425323486,-2.052668809890747,-5.746480941772461,-11.744499206542969,brightness,1.3x
1_1_02_4cdb4850_r04c02__brightness_factor_1p3,./data/robustness/brightness/factor_1p3/normalized_32x32/1/1_1_02_4cdb4850_r04c02__brightness_factor_1p3.npy,1,1,1,0.9999988997287854,-6.969227313995361,13.314530372619629,-9.583145141601562,-14.975743293762207,-1.5911952257156372,-1.4548346996307373,-4.836538314819336,-1.7110704183578491,-3.2216849327087402,-9.566259384155273,brightness,1.3x
1_1_02_4cdb4850_r04c03__brightness_factor_1p3,./data/robustness/brightness/factor_1p3/normalized_32x32/1/1_1_02_4cdb4850_r04c03__brightness_factor_1p3.npy,1,1,1,0.999998919834613,-6.773294448852539,13.268675804138184,-8.901384353637695,-13.971059799194336,-2.431528091430664,-1.0970579385757446,-4.103206634521484,-1.7641464471817017,-4.251123905181885,-10.088135719299316,brightness,1.3x
1_1_02_4cdb4850_r04c04__brightness_factor_1p3,./data/robustness/brightness/factor_1p3/normalized_32x32/1/1_1_02_4cdb4850_r04c04__brightness_factor_1p3.npy,1,1,1,0.9999866801936601,-5.770506858825684,10.9553861618042,-6.839922904968262,-10.913128852844238,-2.071925401687622,-0.7137651443481445,-2.807671546936035,-2.6959457397460938,-4.214635372161865,-8.643418312072754,brightness,1.3x
2_2_01_2e3151dd_r01c01__brightness_factor_1p3,./data/robustness/brightness/factor_1p3/normalized_32x32/2/2_2_01_2e3151dd_r01c01__brightness_factor_1p3.npy,2,2,1,0.9999999967036233,-12.015317916870117,-8.160364151000977,19.5036678314209,-6.436395645141602,-9.915362358093262,-11.992587089538574,-14.199137687683105,-0.028780758380889893,-13.475401878356934,-19.825252532958984,brightness,1.3x
2_2_01_2e3151dd_r01c02__brightness_factor_1p3,./data/robustness/brightness/factor_1p3/normalized_32x32/2/2_2_01_2e3151dd_r01c02__brightness_factor_1p3.npy,2,2,1,0.99999851498454,-3.9095380306243896,-10.321434020996094,14.927490234375,-7.04182243347168,-7.4340009689331055,-8.349595069885254,-13.449427604675293,-1.1839152574539185,1.4320180416107178,-14.102981567382812,brightness,1.3x
2_2_01_2e3151dd_r01c03__brightness_factor_1p3,./data/robustness/brightness/factor_1p3/normalized_32x32/2/2_2_01_2e3151dd_r01c03__brightness_factor_1p3.npy,2,2,1,0.9999999951137719,-10.619237899780273,-11.432849884033203,20.4721622467041,-6.329383850097656,-11.390532493591309,-13.813228607177734,-16.479394912719727,1.3348349332809448,-13.538095474243164,-18.780519485473633,brightness,1.3x
2_2_01_2e3151dd_r01c04__brightness_factor_1p3,./data/robustness/brightness/factor_1p3/normalized_32x32/2/2_2_01_2e3151dd_r01c04__brightness_factor_1p3.npy,2,2,1,0.9999999255324066,-11.883757591247559,-8.0957670211792,20.285381317138672,-7.789405345916748,-11.32091999053955,-15.74593734741211,-18.053226470947266,3.8724637031555176,-10.56743335723877,-17.25136947631836,brightness,1.3x
2_2_01_2e3151dd_r02c01__brightness_factor_1p3,./data/robustness/brightness/factor_1p3/normalized_32x32/2/2_2_01_2e3151dd_r02c01__brightness_factor_1p3.npy,2,2,1,0.999846393878287,-3.857330799102783,-2.4560606479644775,12.334202766418457,-13.08602523803711,-5.11883020401001,-8.118392944335938,-15.462099075317383,3.547785758972168,-7.442108154296875,-2.5753815174102783,brightness,1.3x
2_2_01_2e3151dd_r02c02__brightness_factor_1p3,./data/robustness/brightness/factor_1p3/normalized_32x32/2/2_2_01_2e3151dd_r02c02__brightness_factor_1p3.npy,2,2,1,0.999996796549517,-2.9604434967041016,-5.412840843200684,11.681205749511719,-10.844172477722168,-1.5523619651794434,-6.929625511169434,-12.530842781066895,-2.470661163330078,-7.9020676612854,-3.6827876567840576,brightness,1.3x
2_2_01_2e3151dd_r02c03__brightness_factor_1p3,./data/robustness/brightness/factor_1p3/normalized_32x32/2/2_2_01_2e3151dd_r02c03__brightness_factor_1p3.npy,2,2,1,0.9999999121232352,-12.784423828125,-7.6409149169921875,18.185972213745117,-4.3630805015563965,-10.840904235839844,-15.11827278137207,-20.777603149414062,1.9367316961288452,-10.848894119262695,-14.876898765563965,brightness,1.3x
2_2_01_2e3151dd_r02c04__brightness_factor_1p3,./data/robustness/brightness/factor_1p3/normalized_32x32/2/2_2_01_2e3151dd_r02c04__brightness_factor_1p3.npy,2,2,1,0.9999999998646811,-13.08680534362793,-12.69223690032959,23.73758316040039,-5.698280334472656,-14.72144603729248,-17.594280242919922,-19.288928985595703,1.0129773616790771,-13.391016006469727,-21.128131866455078,brightness,1.3x
2_2_01_2e3151dd_r03c01__brightness_factor_1p3,./data/robustness/brightness/factor_1p3/normalized_32x32/2/2_2_01_2e3151dd_r03c01__brightness_factor_1p3.npy,2,2,1,0.999999936350151,-13.418059349060059,-3.8368210792541504,17.134769439697266,-6.247137069702148,-7.5624494552612305,-13.763010025024414,-13.711503982543945,0.551144003868103,-11.13623332977295,-16.345760345458984,brightness,1.3x
2_2_01_2e3151dd_r03c02__brightness_factor_1p3,./data/robustness/brightness/factor_1p3/normalized_32x32/2/2_2_01_2e3151dd_r03c02__brightness_factor_1p3.npy,2,2,1,0.9999998247247438,-12.449834823608398,-4.173821449279785,18.765188217163086,-9.103657722473145,-9.37365436553955,-15.311153411865234,-19.691051483154297,3.207615852355957,-7.089419364929199,-14.892314910888672,brightness,1.3x
2_2_01_2e3151dd_r03c03__brightness_factor_1p3,./data/robustness/brightness/factor_1p3/normalized_32x32/2/2_2_01_2e3151dd_r03c03__brightness_factor_1p3.npy,2,2,1,0.9999997592041769,-13.779048919677734,-3.5725324153900146,17.18195152282715,-6.198322296142578,-7.9034600257873535,-14.031952857971191,-14.098250389099121,1.9382543563842773,-11.530126571655273,-16.469823837280273,brightness,1.3x
2_2_01_2e3151dd_r03c04__brightness_factor_1p3,./data/robustness/brightness/factor_1p3/normalized_32x32/2/2_2_01_2e3151dd_r03c04__brightness_factor_1p3.npy,2,2,1,0.9999999987392725,-10.95330810546875,-7.602993965148926,19.671497344970703,-5.500865936279297,-10.040438652038574,-10.186434745788574,-15.150915145874023,-0.8311042785644531,-8.825072288513184,-14.674659729003906,brightness,1.3x
2_2_01_2e3151dd_r04c01__brightness_factor_1p3,./data/robustness/brightness/factor_1p3/normalized_32x32/2/2_2_01_2e3151dd_r04c01__brightness_factor_1p3.npy,2,2,1,0.9999999999996256,-14.722594261169434,-6.730027198791504,26.238489151000977,-13.14177131652832,-12.53327465057373,-14.16645336151123,-18.777677536010742,-2.3881499767303467,-17.43250274658203,-23.010059356689453,brightness,1.3x
2_2_01_2e3151dd_r04c02__brightness_factor_1p3,./data/robustness/brightness/factor_1p3/normalized_32x32/2/2_2_01_2e3151dd_r04c02__brightness_factor_1p3.npy,2,2,1,0.9999997370360622,-16.369348526000977,-8.343719482421875,20.034021377563477,-4.314321517944336,-11.260300636291504,-17.31473159790039,-21.359079360961914,4.882669448852539,-12.9297513961792,-15.804251670837402,brightness,1.3x
2_2_01_2e3151dd_r04c03__brightness_factor_1p3,./data/robustness/brightness/factor_1p3/normalized_32x32/2/2_2_01_2e3151dd_r04c03__brightness_factor_1p3.npy,2,2,1,0.9999996589182332,-10.87114429473877,-8.456351280212402,16.105785369873047,-2.993454933166504,-8.650944709777832,-10.701872825622559,-14.761835098266602,1.199501872062683,-9.4884614944458,-12.115897178649902,brightness,1.3x
2_2_01_2e3151dd_r04c04__brightness_factor_1p3,./data/robustness/brightness/factor_1p3/normalized_32x32/2/2_2_01_2e3151dd_r04c04__brightness_factor_1p3.npy,2,3,0,0.9935440099314107,-8.931060791015625,-5.669837474822998,3.919631242752075,8.96400260925293,-6.189485549926758,-3.355376958847046,-12.497583389282227,-2.3953404426574707,-1.2812633514404297,-7.679781913757324,brightness,1.3x
2_2_02_cbfae05c_r01c01__brightness_factor_1p3,./data/robustness/brightness/factor_1p3/normalized_32x32/2/2_2_02_cbfae05c_r01c01__brightness_factor_1p3.npy,2,2,1,0.9999999999775826,-10.71718978881836,-11.56844711303711,22.19371223449707,-7.832605361938477,-11.688222885131836,-13.515327453613281,-15.062662124633789,-2.332008123397827,-12.38536262512207,-20.33357048034668,brightness,1.3x
2_2_02_cbfae05c_r01c02__brightness_factor_1p3,./data/robustness/brightness/factor_1p3/normalized_32x32/2/2_2_02_cbfae05c_r01c02__brightness_factor_1p3.npy,2,2,1,0.9999999907101734,-10.506386756896973,-8.5593900680542,19.242431640625,-6.3632097244262695,-10.095064163208008,-13.797672271728516,-20.044397354125977,0.7471317052841187,-10.468708038330078,-13.700498580932617,brightness,1.3x
2_2_02_cbfae05c_r01c03__brightness_factor_1p3,./data/robustness/brightness/factor_1p3/normalized_32x32/2/2_2_02_cbfae05c_r01c03__brightness_factor_1p3.npy,2,2,1,0.9999960502426493,-12.968748092651367,-4.442024230957031,13.744123458862305,-0.9667799472808838,-8.353071212768555,-11.025407791137695,-18.59750747680664,1.189395546913147,-8.47410774230957,-12.615294456481934,brightness,1.3x
2_2_02_cbfae05c_r01c04__brightness_factor_1p3,./data/robustness/brightness/factor_1p3/normalized_32x32/2/2_2_02_cbfae05c_r01c04__brightness_factor_1p3.npy,2,2,1,0.9349685550968889,-6.183919906616211,4.4151787757873535,7.130373954772949,-9.9802827835083,-4.215233325958252,-7.200567722320557,-11.87512493133545,1.4292008876800537,-5.6234564781188965,-5.40187931060791,brightness,1.3x
2_2_02_cbfae05c_r02c01__brightness_factor_1p3,./data/robustness/brightness/factor_1p3/normalized_32x32/2/2_2_02_cbfae05c_r02c01__brightness_factor_1p3.npy,2,2,1,0.9999999999692808,-17.59922981262207,-6.069951057434082,21.052837371826172,-3.3770041465759277,-6.085737228393555,-7.610236644744873,-18.48581886291504,-5.660923957824707,-15.467820167541504,-17.536558151245117,brightness,1.3x
2_2_02_cbfae05c_r02c02__brightness_factor_1p3,./data/robustness/brightness/factor_1p3/normalized_32x32/2/2_2_02_cbfae05c_r02c02__brightness_factor_1p3.npy,2,2,1,0.9999999999644897,-11.781839370727539,-13.385939598083496,23.132461547851562,-5.994666576385498,-12.658101081848145,-14.679948806762695,-16.87330436706543,-0.9351018071174622,-14.203291893005371,-23.04104995727539,brightness,1.3x
2_2_02_cbfae05c_r02c03__brightness_factor_1p3,./data/robustness/brightness/factor_1p3/normalized_32x32/2/2_2_02_cbfae05c_r02c03__brightness_factor_1p3.npy,2,2,1,0.9999999999632876,-9.648564338684082,-12.056695938110352,22.964508056640625,-8.316283226013184,-13.602559089660645,-14.902403831481934,-17.3159236907959,-1.0643444061279297,-11.45930004119873,-21.936840057373047,brightness,1.3x
2_2_02_cbfae05c_r02c04__brightness_factor_1p3,./data/robustness/brightness/factor_1p3/normalized_32x32/2/2_2_02_cbfae05c_r02c04__brightness_factor_1p3.npy,2,2,1,0.9999999999650446,-11.986600875854492,-14.301785469055176,23.47522735595703,-5.791639804840088,-12.223289489746094,-15.472392082214355,-18.238300323486328,-0.6073282957077026,-17.53485107421875,-22.369691848754883,brightness,1.3x
2_2_02_cbfae05c_r03c01__brightness_factor_1p3,./data/robustness/brightness/factor_1p3/normalized_32x32/2/2_2_02_cbfae05c_r03c01__brightness_factor_1p3.npy,2,2,1,0.999999977387921,-13.619318962097168,-5.592340469360352,20.144466400146484,-8.282211303710938,-8.84178352355957,-15.141351699829102,-15.40836238861084,2.5393590927124023,-12.867646217346191,-17.720125198364258,brightness,1.3x
2_2_02_cbfae05c_r03c02__brightness_factor_1p3,./data/robustness/brightness/factor_1p3/normalized_32x32/2/2_2_02_cbfae05c_r03c02__brightness_factor_1p3.npy,2,2,1,0.9999999988878938,-16.010154724121094,-3.8438894748687744,21.817201614379883,-9.08669662475586,-9.399561882019043,-16.924898147583008,-19.412090301513672,1.1936595439910889,-11.240154266357422,-18.533910751342773,brightness,1.3x
2_2_02_cbfae05c_r03c03__brightness_factor_1p3,./data/robustness/brightness/factor_1p3/normalized_32x32/2/2_2_02_cbfae05c_r03c03__brightness_factor_1p3.npy,2,2,1,0.9999999194822515,-15.309934616088867,-4.427141189575195,18.559797286987305,-6.973847389221191,-8.259356498718262,-15.00358772277832,-15.956827163696289,2.2235865592956543,-11.45397663116455,-16.13995361328125,brightness,1.3x
2_2_02_cbfae05c_r03c04__brightness_factor_1p3,./data/robustness/brightness/factor_1p3/normalized_32x32/2/2_2_02_cbfae05c_r03c04__brightness_factor_1p3.npy,2,2,1,0.9999997027747181,-13.890483856201172,-4.8322319984436035,17.817310333251953,-5.708890914916992,-8.094751358032227,-13.072456359863281,-20.06382942199707,2.787783622741699,-7.410778999328613,-11.072161674499512,brightness,1.3x
2_2_02_cbfae05c_r04c01__brightness_factor_1p3,./data/robustness/brightness/factor_1p3/normalized_32x32/2/2_2_02_cbfae05c_r04c01__brightness_factor_1p3.npy,2,2,1,0.9999944508548333,-10.88570499420166,-7.51467227935791,15.640915870666504,-5.135152816772461,-8.932010650634766,-13.572081565856934,-17.244434356689453,3.538863182067871,-11.419995307922363,-13.263250350952148,brightness,1.3x
2_2_02_cbfae05c_r04c02__brightness_factor_1p3,./data/robustness/brightness/factor_1p3/normalized_32x32/2/2_2_02_cbfae05c_r04c02__brightness_factor_1p3.npy,2,2,1,0.9999999443511844,-9.757576942443848,-4.323367595672607,17.35930633544922,-8.629339218139648,-9.182474136352539,-13.317416191101074,-13.66579532623291,0.6474804282188416,-6.888699531555176,-14.758827209472656,brightness,1.3x
2_2_02_cbfae05c_r04c03__brightness_factor_1p3,./data/robustness/brightness/factor_1p3/normalized_32x32/2/2_2_02_cbfae05c_r04c03__brightness_factor_1p3.npy,2,2,1,0.999999788551042,-8.772212028503418,-4.915152072906494,12.9966402053833,-6.67405891418457,-2.670212984085083,-8.282529830932617,-7.445164203643799,-4.240102767944336,-16.75804901123047,-14.603972434997559,brightness,1.3x
2_2_02_cbfae05c_r04c04__brightness_factor_1p3,./data/robustness/brightness/factor_1p3/normalized_32x32/2/2_2_02_cbfae05c_r04c04__brightness_factor_1p3.npy,2,2,1,0.9999999751189366,-11.82610034942627,-6.773891448974609,15.219599723815918,-2.92708158493042,-7.905984401702881,-11.441463470458984,-11.664324760437012,-3.105091094970703,-6.572336673736572,-14.253725051879883,brightness,1.3x
3_3_01_3ef7df64_r01c01__brightness_factor_1p3,./data/robustness/brightness/factor_1p3/normalized_32x32/3/3_3_01_3ef7df64_r01c01__brightness_factor_1p3.npy,3,3,1,0.9999992482794804,-8.753647804260254,-8.00151252746582,-5.987456798553467,13.135603904724121,-10.227950096130371,-1.4876126050949097,-12.127030372619629,-8.508989334106445,-1.9466583728790283,-4.7147064208984375,brightness,1.3x
3_3_01_3ef7df64_r01c02__brightness_factor_1p3,./data/robustness/brightness/factor_1p3/normalized_32x32/3/3_3_01_3ef7df64_r01c02__brightness_factor_1p3.npy,3,3,1,0.9999994711927872,-8.40930461883545,-9.861255645751953,-5.952033042907715,13.786177635192871,-8.793663024902344,-0.8453390002250671,-13.229610443115234,-8.0845365524292,-2.549247980117798,-5.9400506019592285,brightness,1.3x
3_3_01_3ef7df64_r01c03__brightness_factor_1p3,./data/robustness/brightness/factor_1p3/normalized_32x32/3/3_3_01_3ef7df64_r01c03__brightness_factor_1p3.npy,3,3,1,0.9994878082777869,-5.673237323760986,-6.871183395385742,-6.650060176849365,7.0408172607421875,-3.2643494606018066,-1.684759497642517,-14.50071907043457,-1.8619107007980347,-9.069379806518555,-1.607353925704956,brightness,1.3x
3_3_01_3ef7df64_r01c04__brightness_factor_1p3,./data/robustness/brightness/factor_1p3/normalized_32x32/3/3_3_01_3ef7df64_r01c04__brightness_factor_1p3.npy,3,3,1,0.999999813700078,-9.218628883361816,-10.960433006286621,-5.992490768432617,15.186182022094727,-10.668144226074219,-0.7213367819786072,-13.579365730285645,-10.29472541809082,-1.4100021123886108,-7.2210917472839355,brightness,1.3x
3_3_01_3ef7df64_r02c01__brightness_factor_1p3,./data/robustness/brightness/factor_1p3/normalized_32x32/3/3_3_01_3ef7df64_r02c01__brightness_factor_1p3.npy,3,3,1,0.9999604430295264,-11.861557960510254,-8.343085289001465,-10.08629035949707,13.259688377380371,-12.954303741455078,3.1123850345611572,-10.160893440246582,-10.797673225402832,-1.5345377922058105,-8.087005615234375,brightness,1.3x
3_3_01_3ef7df64_r02c02__brightness_factor_1p3,./data/robustness/brightness/factor_1p3/normalized_32x32/3/3_3_01_3ef7df64_r02c02__brightness_factor_1p3.npy,3,3,1,0.999999999621749,-15.251901626586914,-11.968339920043945,-6.836726665496826,20.150110244750977,-15.034322738647461,-2.929281711578369,-17.94447135925293,-11.227341651916504,-1.840839147567749,-10.673850059509277,brightness,1.3x
3_3_01_3ef7df64_r02c03__brightness_factor_1p3,./data/robustness/brightness/factor_1p3/normalized_32x32/3/3_3_01_3ef7df64_r02c03__brightness_factor_1p3.npy,3,3,1,0.9999998762106326,-7.8012471199035645,-8.550915718078613,-7.112371921539307,14.104146957397461,-10.257412910461426,-2.6727657318115234,-13.663827896118164,-7.168686866760254,-2.4137682914733887,-5.415409564971924,brightness,1.3x
3_3_01_3ef7df64_r02c04__brightness_factor_1p3,./data/robustness/brightness/factor_1p3/normalized_32x32/3/3_3_01_3ef7df64_r02c04__brightness_factor_1p3.npy,3,3,1,0.9999985870070639,-5.662055015563965,-6.91229772567749,-4.475600242614746,11.463215827941895,-8.650876998901367,-2.6235077381134033,-13.276223182678223,-6.040520668029785,-3.923008918762207,-3.7420010566711426,brightness,1.3x
3_3_01_3ef7df64_r03c01__brightness_factor_1p3,./data/robustness/brightness/factor_1p3/normalized_32x32/3/3_3_01_3ef7df64_r03c01__brightness_factor_1p3.npy,3,3,1,0.9999999978202798,-13.922930717468262,-10.583102226257324,-7.485313415527344,18.249473571777344,-14.487706184387207,-2.0696260929107666,-15.225272178649902,-10.136747360229492,-2.870417833328247,-8.892600059509277,brightness,1.3x
3_3_01_3ef7df64_r03c02__brightness_factor_1p3,./data/robustness/brightness/factor_1p3/normalized_32x32/3/3_3_01_3ef7df64_r03c02__brightness_factor_1p3.npy,3,3,1,0.9999999667968524,-12.297348022460938,-9.541523933410645,-7.062166690826416,16.608112335205078,-13.065374374389648,-1.6673096418380737,-13.640265464782715,-10.609926223754883,-1.044041395187378,-8.314905166625977,brightness,1.3x
3_3_01_3ef7df64_r03c03__brightness_factor_1p3,./data/robustness/brightness/factor_1p3/normalized_32x32/3/3_3_01_3ef7df64_r03c03__brightness_factor_1p3.npy,3,3,1,0.9999816136940147,-11.86359977722168,-7.595464706420898,0.28628265857696533,11.215587615966797,-5.872305393218994,-6.2511467933654785,-15.915977478027344,-3.8344192504882812,-4.9397873878479,-8.27889633178711,brightness,1.3x
3_3_01_3ef7df64_r03c04__brightness_factor_1p3,./data/robustness/brightness/factor_1p3/normalized_32x32/3/3_3_01_3ef7df64_r03c04__brightness_factor_1p3.npy,3,3,1,0.9743702119990929,-6.0247802734375,-3.6976349353790283,0.0553031861782074,4.269952774047852,-1.8630857467651367,-3.7796292304992676,-10.181270599365234,-0.8413161039352417,-5.072513103485107,-1.7055065631866455,brightness,1.3x
3_3_01_3ef7df64_r04c01__brightness_factor_1p3,./data/robustness/brightness/factor_1p3/normalized_32x32/3/3_3_01_3ef7df64_r04c01__brightness_factor_1p3.npy,3,3,1,0.8889115416980985,-3.6400094032287598,-4.7417378425598145,-5.011907577514648,2.953396797180176,-1.3570984601974487,-2.323709487915039,-8.462644577026367,0.6657841801643372,-9.199880599975586,-2.9461326599121094,brightness,1.3x
3_3_01_3ef7df64_r04c02__brightness_factor_1p3,./data/robustness/brightness/factor_1p3/normalized_32x32/3/3_3_01_3ef7df64_r04c02__brightness_factor_1p3.npy,3,3,1,0.6587571497064703,-5.896421909332275,-1.0445027351379395,-3.57476806640625,2.886223077774048,-0.6629763245582581,-4.5786662101745605,-10.83224868774414,1.7488150596618652,-3.5069029331207275,0.9553420543670654,brightness,1.3x
3_3_01_3ef7df64_r04c03__brightness_factor_1p3,./data/robustness/brightness/factor_1p3/normalized_32x32/3/3_3_01_3ef7df64_r04c03__brightness_factor_1p3.npy,3,7,0,0.7993896368017277,-6.579203128814697,1.2210689783096313,-0.5090311169624329,-2.8379316329956055,1.3450982570648193,-6.964531898498535,-11.029932975769043,4.388829708099365,-6.355862617492676,2.511249542236328,brightness,1.3x
3_3_01_3ef7df64_r04c04__brightness_factor_1p3,./data/robustness/brightness/factor_1p3/normalized_32x32/3/3_3_01_3ef7df64_r04c04__brightness_factor_1p3.npy,3,1,0,0.8536933335092426,-7.755776405334473,5.411810874938965,-3.049605131149292,-4.696285247802734,2.725553274154663,-6.610479831695557,-11.305228233337402,3.009906053543091,-6.716390132904053,1.0245267152786255,brightness,1.3x
3_3_02_0ace0337_r01c01__brightness_factor_1p3,./data/robustness/brightness/factor_1p3/normalized_32x32/3/3_3_02_0ace0337_r01c01__brightness_factor_1p3.npy,3,3,1,0.9999989584038522,-9.019389152526855,-8.261366844177246,-7.006420135498047,13.11052417755127,-8.879861831665039,-0.7574846744537354,-13.675358772277832,-6.941200256347656,-3.5506136417388916,-4.218204498291016,brightness,1.3x
3_3_02_0ace0337_r01c02__brightness_factor_1p3,./data/robustness/brightness/factor_1p3/normalized_32x32/3/3_3_02_0ace0337_r01c02__brightness_factor_1p3.npy,3,3,1,0.9062062328667162,-3.332693338394165,-4.848817348480225,-2.1961655616760254,3.6058552265167236,-1.3990368843078613,1.203782081604004,-6.051644325256348,-3.8336844444274902,-4.356842517852783,-3.241093397140503,brightness,1.3x
3_3_02_0ace0337_r01c03__brightness_factor_1p3,./data/robustness/brightness/factor_1p3/normalized_32x32/3/3_3_02_0ace0337_r01c03__brightness_factor_1p3.npy,3,3,1,0.9999756882276237,-7.505593776702881,-6.288655757904053,-5.213177680969238,10.864862442016602,-8.582086563110352,-1.2246623039245605,-9.357398986816406,-6.362374782562256,-0.0387212336063385,-5.124178886413574,brightness,1.3x
3_3_02_0ace0337_r01c04__brightness_factor_1p3,./data/robustness/brightness/factor_1p3/normalized_32x32/3/3_3_02_0ace0337_r01c04__brightness_factor_1p3.npy,3,3,1,0.9999994943785567,-11.975342750549316,-8.016865730285645,-7.759908199310303,14.606416702270508,-12.4471435546875,0.0655289813876152,-13.976552963256836,-8.595010757446289,-3.155587911605835,-5.571294784545898,brightness,1.3x
3_3_02_0ace0337_r02c01__brightness_factor_1p3,./data/robustness/brightness/factor_1p3/normalized_32x32/3/3_3_02_0ace0337_r02c01__brightness_factor_1p3.npy,3,3,1,0.999996719199226,-9.22244644165039,-7.2204976081848145,-5.03609561920166,12.410820960998535,-9.817947387695312,-0.5429718494415283,-10.918683052062988,-7.772535800933838,-1.5464906692504883,-5.679040431976318,brightness,1.3x
3_3_02_0ace0337_r02c02__brightness_factor_1p3,./data/robustness/brightness/factor_1p3/normalized_32x32/3/3_3_02_0ace0337_r02c02__brightness_factor_1p3.npy,3,3,1,0.9999829500450812,-8.29416275024414,-6.1739091873168945,-4.063109397888184,10.732614517211914,-8.445889472961426,-0.6327238082885742,-9.297201156616211,-6.805915355682373,-1.5134385824203491,-4.697991371154785,brightness,1.3x
3_3_02_0ace0337_r02c03__brightness_factor_1p3,./data/robustness/brightness/factor_1p3/normalized_32x32/3/3_3_02_0ace0337_r02c03__brightness_factor_1p3.npy,3,3,1,0.9999996376708158,-8.774806022644043,-9.997513771057129,-5.541173934936523,14.37585735321045,-10.037008285522461,-0.9015434980392456,-13.353096008300781,-9.566493034362793,-1.503247618675232,-6.238234519958496,brightness,1.3x
3_3_02_0ace0337_r02c04__brightness_factor_1p3,./data/robustness/brightness/factor_1p3/normalized_32x32/3/3_3_02_0ace0337_r02c04__brightness_factor_1p3.npy,3,3,1,0.9999999941936706,-13.488984107971191,-11.295738220214844,-4.528256416320801,18.03227424621582,-13.083863258361816,-2.0785534381866455,-15.332904815673828,-10.507816314697266,-1.3556898832321167,-10.59298038482666,brightness,1.3x
3_3_02_0ace0337_r03c01__brightness_factor_1p3,./data/robustness/brightness/factor_1p3/normalized_32x32/3/3_3_02_0ace0337_r03c01__brightness_factor_1p3.npy,3,3,1,0.999999987188719,-12.139579772949219,-9.717564582824707,-4.785065650939941,16.26184844970703,-11.523605346679688,-2.339448928833008,-13.943072319030762,-6.939966201782227,-3.1688785552978516,-9.324588775634766,brightness,1.3x
3_3_02_0ace0337_r03c02__brightness_factor_1p3,./data/robustness/brightness/factor_1p3/normalized_32x32/3/3_3_02_0ace0337_r03c02__brightness_factor_1p3.npy,3,3,1,0.9813770826671883,-2.454348087310791,-5.044783115386963,-4.248276233673096,4.407539367675781,-3.947101354598999,-0.5717917680740356,-9.167136192321777,-2.257863759994507,-4.4021806716918945,-0.2877740263938904,brightness,1.3x
3_3_02_0ace0337_r03c03__brightness_factor_1p3,./data/robustness/brightness/factor_1p3/normalized_32x32/3/3_3_02_0ace0337_r03c03__brightness_factor_1p3.npy,3,3,1,0.6179341220882663,-4.035251617431641,-4.36909294128418,-4.618210792541504,2.43744158744812,-0.45747244358062744,-1.9640469551086426,-10.43857192993164,0.2648684084415436,-6.275191783905029,1.6008102893829346,brightness,1.3x
3_3_02_0ace0337_r03c04__brightness_factor_1p3,./data/robustness/brightness/factor_1p3/normalized_32x32/3/3_3_02_0ace0337_r03c04__brightness_factor_1p3.npy,3,3,1,0.9354679560216599,-8.472729682922363,-1.4254308938980103,-1.5119106769561768,4.929173469543457,-2.4828269481658936,-4.181065559387207,-12.167856216430664,2.1861588954925537,-7.652915000915527,-2.5676515102386475,brightness,1.3x
3_3_02_0ace0337_r04c01__brightness_factor_1p3,./data/robustness/brightness/factor_1p3/normalized_32x32/3/3_3_02_0ace0337_r04c01__brightness_factor_1p3.npy,3,3,1,0.9999283551986953,-9.700692176818848,-8.157611846923828,-4.8312788009643555,9.859285354614258,-4.012844085693359,-2.1412155628204346,-11.469544410705566,0.20116093754768372,-7.0873122215271,-5.669098854064941,brightness,1.3x
3_3_02_0ace0337_r04c02__brightness_factor_1p3,./data/robustness/brightness/factor_1p3/normalized_32x32/3/3_3_02_0ace0337_r04c02__brightness_factor_1p3.npy,3,3,1,0.9999910982059599,-8.610048294067383,-7.025864601135254,-1.8379838466644287,11.310442924499512,-7.983177185058594,-0.6623222827911377,-9.145750999450684,-5.446939468383789,-3.0721828937530518,-9.456841468811035,brightness,1.3x
3_3_02_0ace0337_r04c03__brightness_factor_1p3,./data/robustness/brightness/factor_1p3/normalized_32x32/3/3_3_02_0ace0337_r04c03__brightness_factor_1p3.npy,3,3,1,0.9991150126846531,-8.419344902038574,-5.0146942138671875,1.5883398056030273,8.66283130645752,-6.383857727050781,-1.6420402526855469,-10.691670417785645,-4.22455358505249,-4.599289417266846,-7.209640979766846,brightness,1.3x
3_3_02_0ace0337_r04c04__brightness_factor_1p3,./data/robustness/brightness/factor_1p3/normalized_32x32/3/3_3_02_0ace0337_r04c04__brightness_factor_1p3.npy,3,1,0,0.7866531917445995,-5.027011394500732,4.007002830505371,-1.756122350692749,-3.5189013481140137,2.0682764053344727,-4.298196792602539,-6.812232971191406,1.725370168685913,-5.032637596130371,0.14464715123176575,brightness,1.3x
4_4_01_ecfe458e_r01c01__brightness_factor_1p3,./data/robustness/brightness/factor_1p3/normalized_32x32/4/4_4_01_ecfe458e_r01c01__brightness_factor_1p3.npy,4,4,1,0.9999898370176586,-8.976110458374023,-2.5852887630462646,-2.928293466567993,-6.228272914886475,10.297994613647461,-4.642038822174072,-7.109709739685059,-5.725761413574219,-3.2312753200531006,-2.1422972679138184,brightness,1.3x
4_4_01_ecfe458e_r01c02__brightness_factor_1p3,./data/robustness/brightness/factor_1p3/normalized_32x32/4/4_4_01_ecfe458e_r01c02__brightness_factor_1p3.npy,4,4,1,0.9999999657519149,-11.303396224975586,-2.199897527694702,-4.960422039031982,-12.663433074951172,18.071863174438477,-8.50537109375,-7.542101860046387,-3.2367870807647705,-12.839044570922852,0.8146619200706482,brightness,1.3x
4_4_01_ecfe458e_r01c03__brightness_factor_1p3,./data/robustness/brightness/factor_1p3/normalized_32x32/4/4_4_01_ecfe458e_r01c03__brightness_factor_1p3.npy,4,4,1,0.9999976164118503,-12.530646324157715,-2.7814722061157227,-9.210624694824219,-13.146674156188965,15.866227149963379,-10.02852725982666,-6.6428751945495605,-0.16459441184997559,-10.528432846069336,2.8688716888427734,brightness,1.3x
4_4_01_ecfe458e_r01c04__brightness_factor_1p3,./data/robustness/brightness/factor_1p3/normalized_32x32/4/4_4_01_ecfe458e_r01c04__brightness_factor_1p3.npy,4,4,1,0.999999972226915,-9.459911346435547,-6.345256805419922,-10.889955520629883,-12.626906394958496,17.97792625427246,-8.089996337890625,-2.2697157859802246,-2.7104392051696777,-10.733240127563477,0.4773114323616028,brightness,1.3x
4_4_01_ecfe458e_r02c01__brightness_factor_1p3,./data/robustness/brightness/factor_1p3/normalized_32x32/4/4_4_01_ecfe458e_r02c01__brightness_factor_1p3.npy,4,4,1,0.999999999981821,-11.846506118774414,-6.621274471282959,-8.430197715759277,-14.63257122039795,22.263986587524414,-5.828802585601807,-8.092668533325195,-6.401547908782959,-12.382527351379395,-2.5460622310638428,brightness,1.3x
4_4_01_ecfe458e_r02c02__brightness_factor_1p3,./data/robustness/brightness/factor_1p3/normalized_32x32/4/4_4_01_ecfe458e_r02c02__brightness_factor_1p3.npy,4,4,1,0.9999999998852975,-10.06591510772705,-5.888436317443848,-6.3038458824157715,-13.646148681640625,18.948062896728516,-4.948343753814697,-8.46353816986084,-6.3032941818237305,-5.982419967651367,-5.76580286026001,brightness,1.3x
4_4_01_ecfe458e_r02c03__brightness_factor_1p3,./data/robustness/brightness/factor_1p3/normalized_32x32/4/4_4_01_ecfe458e_r02c03__brightness_factor_1p3.npy,4,4,1,0.9999999999882805,-12.344512939453125,-8.82824993133545,-10.98193645477295,-18.343225479125977,22.68001365661621,-6.03570032119751,-8.26169204711914,-5.659948348999023,-7.2195611000061035,-2.5783727169036865,brightness,1.3x
4_4_01_ecfe458e_r02c04__brightness_factor_1p3,./data/robustness/brightness/factor_1p3/normalized_32x32/4/4_4_01_ecfe458e_r02c04__brightness_factor_1p3.npy,4,4,1,0.9999999993770603,-14.350370407104492,-7.786306381225586,-10.033184051513672,-17.520484924316406,21.08148956298828,-8.688163757324219,-11.747675895690918,-4.9765496253967285,-5.886604309082031,-0.12671756744384766,brightness,1.3x
4_4_01_ecfe458e_r03c01__brightness_factor_1p3,./data/robustness/brightness/factor_1p3/normalized_32x32/4/4_4_01_ecfe458e_r03c01__brightness_factor_1p3.npy,4,4,1,0.9999998053253677,-9.827776908874512,-0.35083624720573425,-3.7297792434692383,-11.227994918823242,15.156322479248047,-5.039371490478516,-9.276439666748047,-7.030149459838867,-5.012418746948242,-6.3202433586120605,brightness,1.3x
4_4_01_ecfe458e_r03c02__brightness_factor_1p3,./data/robustness/brightness/factor_1p3/normalized_32x32/4/4_4_01_ecfe458e_r03c02__brightness_factor_1p3.npy,4,4,1,0.9999999993975488,-12.779159545898438,-3.262115955352783,-4.857131004333496,-14.027199745178223,18.452116012573242,-5.7970757484436035,-9.820013999938965,-4.62011194229126,-8.073074340820312,-5.867094039916992,brightness,1.3x
4_4_01_ecfe458e_r03c03__brightness_factor_1p3,./data/robustness/brightness/factor_1p3/normalized_32x32/4/4_4_01_ecfe458e_r03c03__brightness_factor_1p3.npy,4,4,1,0.9999999999901641,-14.580824851989746,-4.039607524871826,-5.561132431030273,-16.12074089050293,22.098129272460938,-8.194100379943848,-13.10538101196289,-7.644606113433838,-8.810404777526855,-4.101892948150635,brightness,1.3x
4_4_01_ecfe458e_r03c04__brightness_factor_1p3,./data/robustness/brightness/factor_1p3/normalized_32x32/4/4_4_01_ecfe458e_r03c04__brightness_factor_1p3.npy,4,4,1,0.9999999966787232,-13.223052978515625,-2.436497211456299,-6.371119976043701,-13.3289155960083,18.160911560058594,-8.147446632385254,-10.012704849243164,-2.20963716506958,-10.462468147277832,-2.8671107292175293,brightness,1.3x
4_4_01_ecfe458e_r04c01__brightness_factor_1p3,./data/robustness/brightness/factor_1p3/normalized_32x32/4/4_4_01_ecfe458e_r04c01__brightness_factor_1p3.npy,4,4,1,0.9938387972556557,-8.897526741027832,-1.1313583850860596,-5.826686859130859,-7.30072021484375,9.603720664978027,-7.006845474243164,-9.522156715393066,-0.871785581111908,-8.326630592346191,4.512267112731934,brightness,1.3x
4_4_01_ecfe458e_r04c02__brightness_factor_1p3,./data/robustness/brightness/factor_1p3/normalized_32x32/4/4_4_01_ecfe458e_r04c02__brightness_factor_1p3.npy,4,4,1,0.9999999950942051,-12.474335670471191,-3.1842057704925537,-5.028503894805908,-14.627639770507812,17.676864624023438,-9.331036567687988,-10.457974433898926,-2.6840686798095703,-7.94085693359375,-2.150303602218628,brightness,1.3x
4_4_01_ecfe458e_r04c03__brightness_factor_1p3,./data/robustness/brightness/factor_1p3/normalized_32x32/4/4_4_01_ecfe458e_r04c03__brightness_factor_1p3.npy,4,4,1,0.9999376388024546,-10.543558120727539,0.6504459381103516,-6.822301864624023,-10.476113319396973,11.18436050415039,-7.103127479553223,-11.884836196899414,-1.1794401407241821,-7.112680435180664,0.8168587684631348,brightness,1.3x
4_4_01_ecfe458e_r04c04__brightness_factor_1p3,./data/robustness/brightness/factor_1p3/normalized_32x32/4/4_4_01_ecfe458e_r04c04__brightness_factor_1p3.npy,4,4,1,0.9999999998694886,-14.29792594909668,-4.152246475219727,-5.330395698547363,-14.85729694366455,20.579761505126953,-9.737933158874512,-10.663044929504395,-2.4898786544799805,-10.394327163696289,-4.660794734954834,brightness,1.3x
4_4_02_b6e2cbed_r01c01__brightness_factor_1p3,./data/robustness/brightness/factor_1p3/normalized_32x32/4/4_4_02_b6e2cbed_r01c01__brightness_factor_1p3.npy,4,4,1,0.9999999673465985,-13.0601806640625,-2.2573390007019043,-0.197655588388443,-12.879472732543945,17.39452362060547,-8.145121574401855,-12.148173332214355,-3.4261624813079834,-12.15176773071289,-1.5505096912384033,brightness,1.3x
4_4_02_b6e2cbed_r01c02__brightness_factor_1p3,./data/robustness/brightness/factor_1p3/normalized_32x32/4/4_4_02_b6e2cbed_r01c02__brightness_factor_1p3.npy,4,4,1,0.999998399415252,-4.8757452964782715,-7.8397698402404785,-7.268582344055176,-8.438655853271484,12.724042892456055,-2.2794244289398193,-7.886004447937012,-8.587767601013184,-2.0498733520507812,-1.2148269414901733,brightness,1.3x
4_4_02_b6e2cbed_r01c03__brightness_factor_1p3,./data/robustness/brightness/factor_1p3/normalized_32x32/4/4_4_02_b6e2cbed_r01c03__brightness_factor_1p3.npy,4,4,1,0.9999999999837732,-12.308399200439453,-7.923771381378174,-9.172518730163574,-16.889957427978516,21.621797561645508,-3.595615863800049,-9.642475128173828,-6.60092306137085,-6.834676265716553,-4.662909030914307,brightness,1.3x
4_4_02_b6e2cbed_r01c04__brightness_factor_1p3,./data/robustness/brightness/factor_1p3/normalized_32x32/4/4_4_02_b6e2cbed_r01c04__brightness_factor_1p3.npy,4,4,1,0.9999999980808956,-9.995609283447266,-6.121765613555908,-7.098838806152344,-12.015325546264648,18.45682716369629,-6.465015888214111,-5.907711029052734,-1.7933032512664795,-11.904585838317871,-3.6805057525634766,brightness,1.3x
4_4_02_b6e2cbed_r02c01__brightness_factor_1p3,./data/robustness/brightness/factor_1p3/normalized_32x32/4/4_4_02_b6e2cbed_r02c01__brightness_factor_1p3.npy,4,4,1,0.9999999981341865,-10.967391967773438,-4.082494258880615,-4.431602954864502,-13.267629623413086,17.21394157409668,-4.047900676727295,-9.071136474609375,-6.4034295082092285,-5.345894813537598,-5.795055866241455,brightness,1.3x
4_4_02_b6e2cbed_r02c02__brightness_factor_1p3,./data/robustness/brightness/factor_1p3/normalized_32x32/4/4_4_02_b6e2cbed_r02c02__brightness_factor_1p3.npy,4,4,1,0.9999758066656719,-11.948832511901855,-2.6241211891174316,-2.9349873065948486,-6.1901326179504395,11.036736488342285,-6.110552787780762,-8.377054214477539,0.30933189392089844,-5.992407321929932,-4.873908042907715,brightness,1.3x
4_4_02_b6e2cbed_r02c03__brightness_factor_1p3,./data/robustness/brightness/factor_1p3/normalized_32x32/4/4_4_02_b6e2cbed_r02c03__brightness_factor_1p3.npy,4,4,1,0.9999999999363935,-12.540791511535645,-4.208162784576416,-5.612607479095459,-16.687360763549805,19.738122940063477,-6.322688102722168,-8.449135780334473,-6.721665382385254,-6.32676362991333,-8.424960136413574,brightness,1.3x
4_4_02_b6e2cbed_r02c04__brightness_factor_1p3,./data/robustness/brightness/factor_1p3/normalized_32x32/4/4_4_02_b6e2cbed_r02c04__brightness_factor_1p3.npy,4,4,1,0.9999999996841207,-10.340920448303223,-8.94777774810791,-10.60863971710205,-13.842070579528809,19.63473892211914,-4.631349086761475,-11.370977401733398,-8.555774688720703,-3.5475175380706787,-2.69665265083313,brightness,1.3x
4_4_02_b6e2cbed_r03c01__brightness_factor_1p3,./data/robustness/brightness/factor_1p3/normalized_32x32/4/4_4_02_b6e2cbed_r03c01__brightness_factor_1p3.npy,4,4,1,0.999999996554618,-10.289875984191895,-2.2782652378082275,-5.368496417999268,-17.096454620361328,19.1138973236084,-5.364258766174316,-10.925119400024414,-12.703768730163574,-0.5498967170715332,-8.270760536193848,brightness,1.3x
4_4_02_b6e2cbed_r03c02__brightness_factor_1p3,./data/robustness/brightness/factor_1p3/normalized_32x32/4/4_4_02_b6e2cbed_r03c02__brightness_factor_1p3.npy,4,4,1,0.9999986474409037,-9.954978942871094,-3.0396625995635986,-4.713505744934082,-9.957951545715332,13.549708366394043,-7.486683368682861,-10.452282905578613,-3.405346155166626,-5.5862908363342285,-0.05931703746318817,brightness,1.3x
4_4_02_b6e2cbed_r03c03__brightness_factor_1p3,./data/robustness/brightness/factor_1p3/normalized_32x32/4/4_4_02_b6e2cbed_r03c03__brightness_factor_1p3.npy,4,4,1,0.9999707226783004,-9.349807739257812,-3.9121932983398438,-7.8338189125061035,-13.700377464294434,11.324615478515625,-6.6976470947265625,-8.083383560180664,-4.747021198272705,-0.510805070400238,0.584764301776886,brightness,1.3x
4_4_02_b6e2cbed_r03c04__brightness_factor_1p3,./data/robustness/brightness/factor_1p3/normalized_32x32/4/4_4_02_b6e2cbed_r03c04__brightness_factor_1p3.npy,4,4,1,0.9999999999998219,-17.48370933532715,-4.990218639373779,-7.302620887756348,-16.422170639038086,25.008508682250977,-9.020980834960938,-15.944538116455078,-7.992071628570557,-10.481379508972168,-5.306329727172852,brightness,1.3x
4_4_02_b6e2cbed_r04c01__brightness_factor_1p3,./data/robustness/brightness/factor_1p3/normalized_32x32/4/4_4_02_b6e2cbed_r04c01__brightness_factor_1p3.npy,4,4,1,0.9999999977527447,-10.035462379455566,-3.0969293117523193,-3.2896554470062256,-13.499419212341309,17.5415096282959,-6.380025863647461,-7.711544036865234,-7.875002384185791,-5.514425277709961,-5.4634504318237305,brightness,1.3x
4_4_02_b6e2cbed_r04c02__brightness_factor_1p3,./data/robustness/brightness/factor_1p3/normalized_32x32/4/4_4_02_b6e2cbed_r04c02__brightness_factor_1p3.npy,4,4,1,0.9999999999999574,-16.425127029418945,-4.955829620361328,-7.428737163543701,-19.55335807800293,26.39117431640625,-7.472519874572754,-13.193984985351562,-9.307310104370117,-11.704108238220215,-5.506326675415039,brightness,1.3x
4_4_02_b6e2cbed_r04c03__brightness_factor_1p3,./data/robustness/brightness/factor_1p3/normalized_32x32/4/4_4_02_b6e2cbed_r04c03__brightness_factor_1p3.npy,4,4,1,0.9989331952357234,-6.966597080230713,-1.6914377212524414,-5.07586669921875,-7.470718860626221,9.292314529418945,-5.223992347717285,-7.968282699584961,-0.9669349193572998,-6.752233028411865,2.3990402221679688,brightness,1.3x
4_4_02_b6e2cbed_r04c04__brightness_factor_1p3,./data/robustness/brightness/factor_1p3/normalized_32x32/4/4_4_02_b6e2cbed_r04c04__brightness_factor_1p3.npy,4,4,1,0.9999768760830315,-11.300491333007812,-1.3660398721694946,-4.265463352203369,-7.779114723205566,12.118412971496582,-7.822629451751709,-10.957582473754883,0.012745827436447144,-9.639115333557129,1.0831037759780884,brightness,1.3x
5_5_01_bb19e6ee_r01c01__brightness_factor_1p3,./data/robustness/brightness/factor_1p3/normalized_32x32/5/5_5_01_bb19e6ee_r01c01__brightness_factor_1p3.npy,5,5,1,0.9999860229478733,-4.3047003746032715,-8.021190643310547,-10.073946952819824,-0.907771646976471,-5.551811695098877,10.373222351074219,-5.776434898376465,-7.064268112182617,-6.034555435180664,-3.930995225906372,brightness,1.3x
5_5_01_bb19e6ee_r01c02__brightness_factor_1p3,./data/robustness/brightness/factor_1p3/normalized_32x32/5/5_5_01_bb19e6ee_r01c02__brightness_factor_1p3.npy,5,5,1,0.9999899968026905,-9.635015487670898,-10.143786430358887,-11.039560317993164,0.3960171937942505,-3.299262046813965,11.987367630004883,-9.369508743286133,-14.659143447875977,-3.6109275817871094,-2.854079008102417,brightness,1.3x
5_5_01_bb19e6ee_r01c03__brightness_factor_1p3,./data/robustness/brightness/factor_1p3/normalized_32x32/5/5_5_01_bb19e6ee_r01c03__brightness_factor_1p3.npy,5,5,1,0.9999806835666015,-7.895397186279297,-10.454691886901855,-11.277589797973633,-1.3198463916778564,-5.239816188812256,11.284395217895508,-8.821824073791504,-10.893251419067383,-6.126664161682129,0.23254022002220154,brightness,1.3x
5_5_01_bb19e6ee_r01c04__brightness_factor_1p3,./data/robustness/brightness/factor_1p3/normalized_32x32/5/5_5_01_bb19e6ee_r01c04__brightness_factor_1p3.npy,5,5,1,0.9999988672773162,-12.284876823425293,-14.94941234588623,-24.531614303588867,-5.419105529785156,-8.589470863342285,18.83529281616211,-12.791150093078613,-14.928308486938477,-9.337891578674316,5.14438009262085,brightness,1.3x
5_5_01_bb19e6ee_r02c01__brightness_factor_1p3,./data/robustness/brightness/factor_1p3/normalized_32x32/5/5_5_01_bb19e6ee_r02c01__brightness_factor_1p3.npy,5,5,1,0.9999698068679115,-8.612527847290039,-6.660505771636963,-10.336714744567871,-0.729589581489563,-0.9530166387557983,10.324507713317871,-7.358352184295654,-13.875102996826172,-3.1741464138031006,-4.782395362854004,brightness,1.3x
5_5_01_bb19e6ee_r02c02__brightness_factor_1p3,./data/robustness/brightness/factor_1p3/normalized_32x32/5/5_5_01_bb19e6ee_r02c02__brightness_factor_1p3.npy,5,5,1,0.9999174175364766,-11.645002365112305,-15.032548904418945,-16.838598251342773,-0.06523776054382324,-7.493488788604736,14.339653968811035,-15.396668434143066,-14.23282241821289,-6.854524612426758,4.931272983551025,brightness,1.3x
5_5_01_bb19e6ee_r02c03__brightness_factor_1p3,./data/robustness/brightness/factor_1p3/normalized_32x32/5/5_5_01_bb19e6ee_r02c03__brightness_factor_1p3.npy,5,5,1,0.9999997772498183,-11.872762680053711,-1.4773342609405518,-22.438812255859375,-4.664330005645752,-12.30284309387207,13.959653854370117,-5.83655309677124,-8.295116424560547,-4.165360927581787,-6.9993896484375,brightness,1.3x
5_5_01_bb19e6ee_r02c04__brightness_factor_1p3,./data/robustness/brightness/factor_1p3/normalized_32x32/5/5_5_01_bb19e6ee_r02c04__brightness_factor_1p3.npy,5,5,1,0.9999999999870854,-11.157163619995117,-9.969837188720703,-30.200225830078125,-6.179850101470947,-20.822612762451172,21.69977569580078,-9.210688591003418,-15.483652114868164,-10.901213645935059,-3.440776824951172,brightness,1.3x
5_5_01_bb19e6ee_r03c01__brightness_factor_1p3,./data/robustness/brightness/factor_1p3/normalized_32x32/5/5_5_01_bb19e6ee_r03c01__brightness_factor_1p3.npy,5,5,1,0.9999999735608402,-10.34931468963623,-14.021061897277832,-23.68020248413086,-4.9209113121032715,-11.950032234191895,18.186084747314453,-10.290905952453613,-12.272573471069336,-9.49101448059082,0.734097957611084,brightness,1.3x
5_5_01_bb19e6ee_r03c02__brightness_factor_1p3,./data/robustness/brightness/factor_1p3/normalized_32x32/5/5_5_01_bb19e6ee_r03c02__brightness_factor_1p3.npy,5,5,1,0.9999999177994418,-9.212587356567383,-13.167949676513672,-26.45270347595215,-2.8471858501434326,-8.988899230957031,16.05791664123535,-7.3780012130737305,-7.525393009185791,-4.824996471405029,-0.34732910990715027,brightness,1.3x
5_5_01_bb19e6ee_r03c03__brightness_factor_1p3,./data/robustness/brightness/factor_1p3/normalized_32x32/5/5_5_01_bb19e6ee_r03c03__brightness_factor_1p3.npy,5,5,1,0.9999999999999261,-10.941607475280762,-15.33790111541748,-39.27863693237305,-10.747840881347656,-17.606443405151367,27.418182373046875,-12.127727508544922,-9.335417747497559,-12.175324440002441,-2.8210835456848145,brightness,1.3x
5_5_01_bb19e6ee_r03c04__brightness_factor_1p3,./data/robustness/brightness/factor_1p3/normalized_32x32/5/5_5_01_bb19e6ee_r03c04__brightness_factor_1p3.npy,5,5,1,0.9999999995242768,-9.1320161819458,-17.358455657958984,-28.829498291015625,-4.169154167175293,-12.221949577331543,21.922536849975586,-11.055086135864258,-13.39122486114502,-8.260536193847656,0.4462556838989258,brightness,1.3x
5_5_01_bb19e6ee_r04c01__brightness_factor_1p3,./data/robustness/brightness/factor_1p3/normalized_32x32/5/5_5_01_bb19e6ee_r04c01__brightness_factor_1p3.npy,5,5,1,0.999991117298791,-4.338102340698242,-9.920730590820312,-18.0858211517334,-4.21168851852417,-5.400223255157471,11.789817810058594,-6.2164740562438965,-6.307738304138184,-7.600376605987549,0.12653952836990356,brightness,1.3x
5_5_01_bb19e6ee_r04c02__brightness_factor_1p3,./data/robustness/brightness/factor_1p3/normalized_32x32/5/5_5_01_bb19e6ee_r04c02__brightness_factor_1p3.npy,5,5,1,0.9999999999994682,-8.330206871032715,-15.290552139282227,-35.23270797729492,-9.188288688659668,-12.947773933410645,25.06620216369629,-10.617049217224121,-9.055068969726562,-12.255971908569336,-3.2080531120300293,brightness,1.3x
5_5_01_bb19e6ee_r04c03__brightness_factor_1p3,./data/robustness/brightness/factor_1p3/normalized_32x32/5/5_5_01_bb19e6ee_r04c03__brightness_factor_1p3.npy,5,5,1,0.9999999999999463,-11.119256973266602,-16.188377380371094,-40.06263732910156,-10.139107704162598,-15.714644432067871,27.292631149291992,-12.190709114074707,-7.649607181549072,-13.227459907531738,-3.2730872631073,brightness,1.3x
5_5_01_bb19e6ee_r04c04__brightness_factor_1p3,./data/robustness/brightness/factor_1p3/normalized_32x32/5/5_5_01_bb19e6ee_r04c04__brightness_factor_1p3.npy,5,5,1,0.9999999999859641,-9.085301399230957,-14.351082801818848,-23.355100631713867,-7.26584529876709,-7.026935577392578,19.68085479736328,-10.549094200134277,-8.314094543457031,-5.817880630493164,-12.602025032043457,brightness,1.3x
5_5_02_f20420ee_r01c01__brightness_factor_1p3,./data/robustness/brightness/factor_1p3/normalized_32x32/5/5_5_02_f20420ee_r01c01__brightness_factor_1p3.npy,5,5,1,0.9984710533445051,-3.9627597332000732,-7.034027576446533,-5.832596778869629,0.29834577441215515,-2.3191287517547607,6.889795780181885,-6.138223171234131,-7.1172003746032715,-3.992680549621582,-4.2828755378723145,brightness,1.3x
5_5_02_f20420ee_r01c02__brightness_factor_1p3,./data/robustness/brightness/factor_1p3/normalized_32x32/5/5_5_02_f20420ee_r01c02__brightness_factor_1p3.npy,5,5,1,0.9999889699613256,-7.289803504943848,-9.072790145874023,-11.395245552062988,0.35953763127326965,-4.411893367767334,11.839632987976074,-7.358573913574219,-12.445380210876465,-3.8653364181518555,-2.780418634414673,brightness,1.3x
5_5_02_f20420ee_r01c03__brightness_factor_1p3,./data/robustness/brightness/factor_1p3/normalized_32x32/5/5_5_02_f20420ee_r01c03__brightness_factor_1p3.npy,5,5,1,0.9999990772124354,-9.256120681762695,-1.1178336143493652,-25.929485321044922,-7.585032939910889,-13.455241203308105,13.529767036437988,-6.091732025146484,-5.023183822631836,-6.010683059692383,-1.036921501159668,brightness,1.3x
5_5_02_f20420ee_r01c04__brightness_factor_1p3,./data/robustness/brightness/factor_1p3/normalized_32x32/5/5_5_02_f20420ee_r01c04__brightness_factor_1p3.npy,5,5,1,0.9999963203185642,-4.668742656707764,-8.202583312988281,-13.168712615966797,-1.6108042001724243,-3.956157922744751,11.275467872619629,-3.1642544269561768,-9.948859214782715,-4.06597900390625,-6.106219291687012,brightness,1.3x
5_5_02_f20420ee_r02c01__brightness_factor_1p3,./data/robustness/brightness/factor_1p3/normalized_32x32/5/5_5_02_f20420ee_r02c01__brightness_factor_1p3.npy,5,5,1,0.9999999924607622,-5.801501750946045,-13.727068901062012,-21.912506103515625,-4.164505481719971,-11.031655311584473,17.321147918701172,-7.975476264953613,-10.241579055786133,-10.108963012695312,-1.4606781005859375,brightness,1.3x
5_5_02_f20420ee_r02c02__brightness_factor_1p3,./data/robustness/brightness/factor_1p3/normalized_32x32/5/5_5_02_f20420ee_r02c02__brightness_factor_1p3.npy,5,5,1,0.999999999720999,-10.415193557739258,-9.713177680969238,-24.67007064819336,-4.253111839294434,-8.401411056518555,18.283605575561523,-6.103061199188232,-13.431333541870117,-4.912084102630615,-8.533876419067383,brightness,1.3x
5_5_02_f20420ee_r02c03__brightness_factor_1p3,./data/robustness/brightness/factor_1p3/normalized_32x32/5/5_5_02_f20420ee_r02c03__brightness_factor_1p3.npy,5,5,1,0.9997049226764159,-13.554459571838379,-1.4147926568984985,-17.222047805786133,0.7295942306518555,-17.68320083618164,8.983004570007324,-9.675971031188965,-7.533930778503418,-3.3950042724609375,-9.397601127624512,brightness,1.3x
5_5_02_f20420ee_r02c04__brightness_factor_1p3,./data/robustness/brightness/factor_1p3/normalized_32x32/5/5_5_02_f20420ee_r02c04__brightness_factor_1p3.npy,5,5,1,0.9999766693039138,-14.019014358520508,-0.3959819972515106,-26.273197174072266,-3.7120745182037354,-19.04141616821289,10.432670593261719,-10.063531875610352,-4.182098865509033,-3.4945645332336426,-3.0159525871276855,brightness,1.3x
5_5_02_f20420ee_r03c01__brightness_factor_1p3,./data/robustness/brightness/factor_1p3/normalized_32x32/5/5_5_02_f20420ee_r03c01__brightness_factor_1p3.npy,5,5,1,0.9999999899000388,-11.477923393249512,-14.856119155883789,-30.22852325439453,-7.730432510375977,-14.994604110717773,21.280181884765625,-11.662940979003906,-14.020174026489258,-10.250617980957031,2.869419574737549,brightness,1.3x
5_5_02_f20420ee_r03c02__brightness_factor_1p3,./data/robustness/brightness/factor_1p3/normalized_32x32/5/5_5_02_f20420ee_r03c02__brightness_factor_1p3.npy,5,5,1,0.9999999999999987,-10.969342231750488,-18.40625,-32.9727783203125,-5.978677272796631,-20.776512145996094,28.66736602783203,-11.913603782653809,-16.741899490356445,-15.578434944152832,-6.858460426330566,brightness,1.3x
5_5_02_f20420ee_r03c03__brightness_factor_1p3,./data/robustness/brightness/factor_1p3/normalized_32x32/5/5_5_02_f20420ee_r03c03__brightness_factor_1p3.npy,5,5,1,0.9999999999903302,-7.050394058227539,-16.805097579956055,-33.303741455078125,-7.182793140411377,-15.984519958496094,24.226943969726562,-10.191086769104004,-13.966800689697266,-12.131428718566895,-1.1402655839920044,brightness,1.3x
5_5_02_f20420ee_r03c04__brightness_factor_1p3,./data/robustness/brightness/factor_1p3/normalized_32x32/5/5_5_02_f20420ee_r03c04__brightness_factor_1p3.npy,5,5,1,0.999999990729265,-8.895598411560059,-13.071189880371094,-25.88842010498047,-6.333499908447266,-12.658204078674316,19.032699584960938,-7.851327419281006,-12.191817283630371,-11.461811065673828,0.534936785697937,brightness,1.3x
5_5_02_f20420ee_r04c01__brightness_factor_1p3,./data/robustness/brightness/factor_1p3/normalized_32x32/5/5_5_02_f20420ee_r04c01__brightness_factor_1p3.npy,5,5,1,0.999999999984384,-10.022550582885742,-15.86949634552002,-28.563968658447266,-5.229654788970947,-16.924501419067383,22.97330093383789,-9.669272422790527,-14.676575660705566,-14.267902374267578,-1.946987509727478,brightness,1.3x
5_5_02_f20420ee_r04c02__brightness_factor_1p3,./data/robustness/brightness/factor_1p3/normalized_32x32/5/5_5_02_f20420ee_r04c02__brightness_factor_1p3.npy,5,5,1,0.9999999999394857,-9.897832870483398,-14.807001113891602,-25.915035247802734,-2.9474477767944336,-12.472208976745605,20.938352584838867,-10.176889419555664,-12.967741966247559,-7.687461853027344,-3.816312313079834,brightness,1.3x
5_5_02_f20420ee_r04c03__brightness_factor_1p3,./data/robustness/brightness/factor_1p3/normalized_32x32/5/5_5_02_f20420ee_r04c03__brightness_factor_1p3.npy,5,5,1,0.9999999998520297,-10.456007957458496,-13.76159954071045,-23.13645362854004,-3.569226026535034,-13.414203643798828,20.385475158691406,-11.188488960266113,-12.951251983642578,-10.565494537353516,-2.5600225925445557,brightness,1.3x
5_5_02_f20420ee_r04c04__brightness_factor_1p3,./data/robustness/brightness/factor_1p3/normalized_32x32/5/5_5_02_f20420ee_r04c04__brightness_factor_1p3.npy,5,5,1,0.999999996903767,-11.12740707397461,-14.434405326843262,-30.1436824798584,-7.013998985290527,-10.046728134155273,20.481264114379883,-10.444327354431152,-9.247209548950195,-8.621809005737305,0.8876645565032959,brightness,1.3x
6_6_01_52f5f834_r01c01__brightness_factor_1p3,./data/robustness/brightness/factor_1p3/normalized_32x32/6/6_6_01_52f5f834_r01c01__brightness_factor_1p3.npy,6,6,1,0.9990759083852705,-0.3874988555908203,-4.980590343475342,-4.665839195251465,-5.8359599113464355,-1.4950305223464966,1.3651185035705566,8.562453269958496,-9.2087984085083,-7.9460296630859375,-10.865545272827148,brightness,1.3x
6_6_01_52f5f834_r01c02__brightness_factor_1p3,./data/robustness/brightness/factor_1p3/normalized_32x32/6/6_6_01_52f5f834_r01c02__brightness_factor_1p3.npy,6,5,0,0.6905866153414956,-1.506164312362671,-3.166633129119873,-7.7581024169921875,-3.7166357040405273,-3.124769687652588,3.2819607257843018,2.238182783126831,-5.549740791320801,0.7279237508773804,-1.91762113571167,brightness,1.3x
6_6_01_52f5f834_r01c03__brightness_factor_1p3,./data/robustness/brightness/factor_1p3/normalized_32x32/6/6_6_01_52f5f834_r01c03__brightness_factor_1p3.npy,6,6,1,0.9895167109473209,0.36449646949768066,-10.995818138122559,-16.39037322998047,-9.886716842651367,-7.001943588256836,7.880715370178223,12.428694725036621,-16.842193603515625,-6.22176456451416,-10.172036170959473,brightness,1.3x
6_6_01_52f5f834_r01c04__brightness_factor_1p3,./data/robustness/brightness/factor_1p3/normalized_32x32/6/6_6_01_52f5f834_r01c04__brightness_factor_1p3.npy,6,6,1,0.9999748520911256,-2.36649751663208,-9.702156066894531,-6.136655807495117,-4.004480361938477,-4.421496391296387,2.3183798789978027,12.925724983215332,-17.864425659179688,-3.1207547187805176,-15.764371871948242,brightness,1.3x
6_6_01_52f5f834_r02c01__brightness_factor_1p3,./data/robustness/brightness/factor_1p3/normalized_32x32/6/6_6_01_52f5f834_r02c01__brightness_factor_1p3.npy,6,6,1,0.9991596650074617,-1.174790620803833,-7.5171051025390625,-4.090060710906982,-4.62950325012207,-2.6346962451934814,1.9302029609680176,9.068572044372559,-9.961761474609375,-8.98881721496582,-13.69200611114502,brightness,1.3x
6_6_01_52f5f834_r02c02__brightness_factor_1p3,./data/robustness/brightness/factor_1p3/normalized_32x32/6/6_6_01_52f5f834_r02c02__brightness_factor_1p3.npy,6,6,1,0.998760406235776,-1.7430615425109863,-8.329337120056152,-5.159531593322754,-5.333066940307617,-1.3544548749923706,3.334493637084961,10.041918754577637,-11.552242279052734,-11.161901473999023,-14.69814395904541,brightness,1.3x
6_6_01_52f5f834_r02c03__brightness_factor_1p3,./data/robustness/brightness/factor_1p3/normalized_32x32/6/6_6_01_52f5f834_r02c03__brightness_factor_1p3.npy,6,6,1,0.9999737681080902,2.659404754638672,-10.083691596984863,-10.515140533447266,-8.387482643127441,-3.7446069717407227,2.2532410621643066,13.71946907043457,-14.577629089355469,-9.153368949890137,-14.310598373413086,brightness,1.3x
6_6_01_52f5f834_r02c04__brightness_factor_1p3,./data/robustness/brightness/factor_1p3/normalized_32x32/6/6_6_01_52f5f834_r02c04__brightness_factor_1p3.npy,6,6,1,0.9986945462042196,0.5493395924568176,-9.334328651428223,-10.863121032714844,-7.410076141357422,-5.235484600067139,5.194858074188232,11.844355583190918,-14.628103256225586,-6.618950366973877,-11.683879852294922,brightness,1.3x
6_6_01_52f5f834_r03c01__brightness_factor_1p3,./data/robustness/brightness/factor_1p3/normalized_32x32/6/6_6_01_52f5f834_r03c01__brightness_factor_1p3.npy,6,6,1,0.9999678191588793,3.0866479873657227,-9.206707000732422,-18.85183334350586,-10.999114036560059,-10.886190414428711,3.7228662967681885,14.491779327392578,-13.250653266906738,-13.759758949279785,-19.480987548828125,brightness,1.3x
6_6_01_52f5f834_r03c02__brightness_factor_1p3,./data/robustness/brightness/factor_1p3/normalized_32x32/6/6_6_01_52f5f834_r03c02__brightness_factor_1p3.npy,6,6,1,0.9990479788384823,4.9190673828125,-11.336316108703613,-12.300671577453613,-7.353370666503906,-10.48735237121582,1.4926759004592896,11.907034873962402,-13.183717727661133,-7.290143966674805,-11.975699424743652,brightness,1.3x
6_6_01_52f5f834_r03c03__brightness_factor_1p3,./data/robustness/brightness/factor_1p3/normalized_32x32/6/6_6_01_52f5f834_r03c03__brightness_factor_1p3.npy,6,6,1,0.9998358794297632,1.1961379051208496,-7.923756122589111,-12.45276927947998,-7.368619441986084,-6.267426013946533,3.5824575424194336,12.385276794433594,-13.955748558044434,-7.184810161590576,-14.705269813537598,brightness,1.3x
6_6_01_52f5f834_r03c04__brightness_factor_1p3,./data/robustness/brightness/factor_1p3/normalized_32x32/6/6_6_01_52f5f834_r03c04__brightness_factor_1p3.npy,6,6,1,0.9894432969899943,0.9007510542869568,-11.20518970489502,-16.56209373474121,-5.799307823181152,-11.120699882507324,7.0706048011779785,11.613081932067871,-13.362236022949219,-5.425352573394775,-13.940851211547852,brightness,1.3x
6_6_01_52f5f834_r04c01__brightness_factor_1p3,./data/robustness/brightness/factor_1p3/normalized_32x32/6/6_6_01_52f5f834_r04c01__brightness_factor_1p3.npy,6,6,1,0.9999991032567913,2.908967971801758,-9.760345458984375,-15.10202407836914,-11.147867202758789,-7.675687789916992,0.5961219072341919,16.927871704101562,-15.582040786743164,-15.379813194274902,-21.995712280273438,brightness,1.3x
6_6_01_52f5f834_r04c02__brightness_factor_1p3,./data/robustness/brightness/factor_1p3/normalized_32x32/6/6_6_01_52f5f834_r04c02__brightness_factor_1p3.npy,6,6,1,0.9999954344589024,2.1503031253814697,-7.224748611450195,-18.15098762512207,-12.830315589904785,-8.11497688293457,3.0500879287719727,15.688307762145996,-14.948131561279297,-12.635368347167969,-17.092966079711914,brightness,1.3x
6_6_01_52f5f834_r04c03__brightness_factor_1p3,./data/robustness/brightness/factor_1p3/normalized_32x32/6/6_6_01_52f5f834_r04c03__brightness_factor_1p3.npy,6,6,1,0.9929532133733916,-0.45063912868499756,-10.304999351501465,-15.527023315429688,-6.77775239944458,-12.143756866455078,5.47773551940918,10.428559303283691,-15.562797546386719,-4.479008674621582,-9.035881042480469,brightness,1.3x
6_6_01_52f5f834_r04c04__brightness_factor_1p3,./data/robustness/brightness/factor_1p3/normalized_32x32/6/6_6_01_52f5f834_r04c04__brightness_factor_1p3.npy,6,6,1,0.9948497836013765,4.836068153381348,-10.243009567260742,-20.377971649169922,-7.539658069610596,-13.664836883544922,3.483715057373047,10.329651832580566,-9.326932907104492,-8.212329864501953,-10.311328887939453,brightness,1.3x
6_6_02_ad596076_r01c01__brightness_factor_1p3,./data/robustness/brightness/factor_1p3/normalized_32x32/6/6_6_02_ad596076_r01c01__brightness_factor_1p3.npy,6,6,1,0.9998726172613717,-1.2351837158203125,-7.067225933074951,-4.480506896972656,-5.100311756134033,-2.6044070720672607,1.136198878288269,10.220480918884277,-10.452259063720703,-7.775437831878662,-13.756858825683594,brightness,1.3x
6_6_02_ad596076_r01c02__brightness_factor_1p3,./data/robustness/brightness/factor_1p3/normalized_32x32/6/6_6_02_ad596076_r01c02__brightness_factor_1p3.npy,6,6,1,0.9979701830992553,-4.856480121612549,0.7582387924194336,-3.385185480117798,-9.208428382873535,2.1182615756988525,-0.29535242915153503,8.617039680480957,-8.409618377685547,-8.888266563415527,-13.350601196289062,brightness,1.3x
6_6_02_ad596076_r01c03__brightness_factor_1p3,./data/robustness/brightness/factor_1p3/normalized_32x32/6/6_6_02_ad596076_r01c03__brightness_factor_1p3.npy,6,6,1,0.9999969564579186,0.8253699541091919,-15.584342956542969,-11.861299514770508,-6.532771110534668,-7.882299900054932,3.843000888824463,16.593290328979492,-20.898439407348633,-7.824681758880615,-19.741281509399414,brightness,1.3x
6_6_02_ad596076_r01c04__brightness_factor_1p3,./data/robustness/brightness/factor_1p3/normalized_32x32/6/6_6_02_ad596076_r01c04__brightness_factor_1p3.npy,6,6,1,0.9999622905017825,-0.20895758271217346,-11.453827857971191,-6.937390327453613,-5.033144950866699,-4.274263858795166,2.526252269744873,12.776344299316406,-14.723732948303223,-7.106653690338135,-15.063053131103516,brightness,1.3x
6_6_02_ad596076_r02c01__brightness_factor_1p3,./data/robustness/brightness/factor_1p3/normalized_32x32/6/6_6_02_ad596076_r02c01__brightness_factor_1p3.npy,6,6,1,0.9975813192327475,0.24807757139205933,-8.804287910461426,-12.497678756713867,-7.872142314910889,-6.449084281921387,5.676395416259766,11.702895164489746,-13.197009086608887,-9.566824913024902,-14.050634384155273,brightness,1.3x
6_6_02_ad596076_r02c02__brightness_factor_1p3,./data/robustness/brightness/factor_1p3/normalized_32x32/6/6_6_02_ad596076_r02c02__brightness_factor_1p3.npy,6,6,1,0.999988898643687,2.1406431198120117,-9.94832706451416,-11.97862720489502,-9.497282028198242,-6.007228851318359,1.5891457796096802,14.005013465881348,-15.045162200927734,-4.534725666046143,-14.341739654541016,brightness,1.3x
6_6_02_ad596076_r02c03__brightness_factor_1p3,./data/robustness/brightness/factor_1p3/normalized_32x32/6/6_6_02_ad596076_r02c03__brightness_factor_1p3.npy,6,6,1,0.999927610145349,0.3161380887031555,-8.58337116241455,-6.71580696105957,-7.457734107971191,-3.5077219009399414,2.163886308670044,11.847360610961914,-14.435477256774902,-5.113002300262451,-11.898380279541016,brightness,1.3x
6_6_02_ad596076_r02c04__brightness_factor_1p3,./data/robustness/brightness/factor_1p3/normalized_32x32/6/6_6_02_ad596076_r02c04__brightness_factor_1p3.npy,6,6,1,0.9999993691788089,-1.5947102308273315,-11.351547241210938,-7.732569694519043,-7.7679948806762695,-1.9492990970611572,1.4699320793151855,15.822773933410645,-16.285886764526367,-13.709806442260742,-21.46441078186035,brightness,1.3x
6_6_02_ad596076_r03c01__brightness_factor_1p3,./data/robustness/brightness/factor_1p3/normalized_32x32/6/6_6_02_ad596076_r03c01__brightness_factor_1p3.npy,6,6,1,0.9999705980023066,4.307455062866211,-14.084456443786621,-14.565625190734863,-7.8879313468933105,-10.471166610717773,4.201554775238037,15.383475303649902,-16.169145584106445,-9.38761043548584,-17.1110897064209,brightness,1.3x
6_6_02_ad596076_r03c02__brightness_factor_1p3,./data/robustness/brightness/factor_1p3/normalized_32x32/6/6_6_02_ad596076_r03c02__brightness_factor_1p3.npy,6,6,1,0.9664348274008724,10.128501892089844,-12.390867233276367,-19.532533645629883,-10.852992057800293,-12.489537239074707,-0.8055516481399536,13.48864459991455,-10.236038208007812,-15.260442733764648,-18.036691665649414,brightness,1.3x
6_6_02_ad596076_r03c03__brightness_factor_1p3,./data/robustness/brightness/factor_1p3/normalized_32x32/6/6_6_02_ad596076_r03c03__brightness_factor_1p3.npy,6,6,1,0.9996720988299382,2.2848758697509766,-8.470622062683105,-15.010883331298828,-8.739965438842773,-6.921191692352295,4.68216609954834,12.791709899902344,-12.152107238769531,-11.575362205505371,-16.055294036865234,brightness,1.3x
6_6_02_ad596076_r03c04__brightness_factor_1p3,./data/robustness/brightness/factor_1p3/normalized_32x32/6/6_6_02_ad596076_r03c04__brightness_factor_1p3.npy,6,6,1,0.8476293936985759,5.277616024017334,-7.743277549743652,-19.066883087158203,-8.387697219848633,-13.260834693908691,2.853463649749756,7.078632354736328,-5.341105937957764,-5.933065414428711,-8.31253719329834,brightness,1.3x
6_6_02_ad596076_r04c01__brightness_factor_1p3,./data/robustness/brightness/factor_1p3/normalized_32x32/6/6_6_02_ad596076_r04c01__brightness_factor_1p3.npy,6,6,1,0.9999858895181766,0.2534845471382141,-7.672091484069824,-12.511210441589355,-10.026755332946777,-4.320131301879883,2.9983603954315186,14.229862213134766,-13.86619758605957,-14.024578094482422,-18.731666564941406,brightness,1.3x
6_6_02_ad596076_r04c02__brightness_factor_1p3,./data/robustness/brightness/factor_1p3/normalized_32x32/6/6_6_02_ad596076_r04c02__brightness_factor_1p3.npy,6,6,1,0.9999722347135406,6.038395881652832,-10.708891868591309,-21.671226501464844,-12.27865219116211,-11.881831169128418,3.1890807151794434,16.586362838745117,-13.876832008361816,-15.253538131713867,-19.953384399414062,brightness,1.3x
6_6_02_ad596076_r04c03__brightness_factor_1p3,./data/robustness/brightness/factor_1p3/normalized_32x32/6/6_6_02_ad596076_r04c03__brightness_factor_1p3.npy,6,6,1,0.9999653773636983,2.22767972946167,-12.1498384475708,-18.383682250976562,-9.375493049621582,-12.555466651916504,4.853182315826416,15.194060325622559,-16.83277702331543,-6.971158981323242,-15.807160377502441,brightness,1.3x
6_6_02_ad596076_r04c04__brightness_factor_1p3,./data/robustness/brightness/factor_1p3/normalized_32x32/6/6_6_02_ad596076_r04c04__brightness_factor_1p3.npy,6,6,1,0.9726958971049267,-1.6195915937423706,-11.103593826293945,-15.957304954528809,-6.9060845375061035,-11.390621185302734,6.346898078918457,9.920350074768066,-16.12206268310547,-3.2489821910858154,-7.611658096313477,brightness,1.3x
7_7_01_254ebf4a_r01c01__brightness_factor_1p3,./data/robustness/brightness/factor_1p3/normalized_32x32/7/7_7_01_254ebf4a_r01c01__brightness_factor_1p3.npy,7,7,1,0.9865464375442874,-4.60944128036499,0.41299742460250854,-1.0609252452850342,-2.640436887741089,-2.778099298477173,-4.5183258056640625,-8.129796028137207,5.175069808959961,-3.527801752090454,-0.9951796531677246,brightness,1.3x
7_7_01_254ebf4a_r01c02__brightness_factor_1p3,./data/robustness/brightness/factor_1p3/normalized_32x32/7/7_7_01_254ebf4a_r01c02__brightness_factor_1p3.npy,7,7,1,0.9999653331940301,-10.045675277709961,0.7341660857200623,-1.6536808013916016,-6.127479553222656,-2.606029987335205,-9.769485473632812,-15.520000457763672,11.169478416442871,-6.179117202758789,-2.2461602687835693,brightness,1.3x
7_7_01_254ebf4a_r01c03__brightness_factor_1p3,./data/robustness/brightness/factor_1p3/normalized_32x32/7/7_7_01_254ebf4a_r01c03__brightness_factor_1p3.npy,7,7,1,0.9999985793398835,-11.446290969848633,-2.8523025512695312,-5.361670970916748,-7.4106903076171875,-0.6167047023773193,-11.772680282592773,-17.566783905029297,13.997602462768555,-9.687553405761719,0.09675774723291397,brightness,1.3x
7_7_01_254ebf4a_r01c04__brightness_factor_1p3,./data/robustness/brightness/factor_1p3/normalized_32x32/7/7_7_01_254ebf4a_r01c04__brightness_factor_1p3.npy,7,7,1,0.9999999770761515,-13.807367324829102,-6.218178749084473,-9.565884590148926,-9.658857345581055,-1.3482328653335571,-12.204449653625488,-18.919187545776367,17.122377395629883,-10.490455627441406,-1.010740876197815,brightness,1.3x
7_7_01_254ebf4a_r02c01__brightness_factor_1p3,./data/robustness/brightness/factor_1p3/normalized_32x32/7/7_7_01_254ebf4a_r02c01__brightness_factor_1p3.npy,7,7,1,0.9999968930511944,-17.919422149658203,-5.5441203117370605,-9.263449668884277,-6.65718936920166,1.3778820037841797,-12.609269142150879,-18.09129524230957,14.273341178894043,-8.43282699584961,-0.06295677274465561,brightness,1.3x
7_7_01_254ebf4a_r02c02__brightness_factor_1p3,./data/robustness/brightness/factor_1p3/normalized_32x32/7/7_7_01_254ebf4a_r02c02__brightness_factor_1p3.npy,7,7,1,0.9980665138762422,-7.9573798179626465,-1.8391993045806885,-5.29034423828125,-5.361727237701416,0.6154037117958069,-7.8968825340271,-11.217432975769043,8.48056697845459,-4.714339733123779,1.9891102313995361,brightness,1.3x
7_7_01_254ebf4a_r02c03__brightness_factor_1p3,./data/robustness/brightness/factor_1p3/normalized_32x32/7/7_7_01_254ebf4a_r02c03__brightness_factor_1p3.npy,7,7,1,0.9999998115225059,-14.986262321472168,-1.7815272808074951,-7.843849182128906,-6.97393798828125,-2.474041700363159,-11.69398021697998,-18.85833740234375,14.38801097869873,-9.2384033203125,-2.525047540664673,brightness,1.3x
7_7_01_254ebf4a_r02c04__brightness_factor_1p3,./data/robustness/brightness/factor_1p3/normalized_32x32/7/7_7_01_254ebf4a_r02c04__brightness_factor_1p3.npy,7,7,1,0.9999999058139548,-7.82891845703125,-8.647445678710938,-13.05355453491211,-6.490689277648926,-4.813640117645264,-7.8013386726379395,-13.424960136413574,14.367507934570312,-8.852238655090332,-1.8785638809204102,brightness,1.3x
7_7_01_254ebf4a_r03c01__brightness_factor_1p3,./data/robustness/brightness/factor_1p3/normalized_32x32/7/7_7_01_254ebf4a_r03c01__brightness_factor_1p3.npy,7,7,1,0.999312031501648,-10.06536865234375,-1.499943733215332,-3.997629165649414,-3.064547300338745,-1.074765920639038,-8.042976379394531,-12.324542045593262,7.908478260040283,-4.127418041229248,0.204316183924675,brightness,1.3x
7_7_01_254ebf4a_r03c02__brightness_factor_1p3,./data/robustness/brightness/factor_1p3/normalized_32x32/7/7_7_01_254ebf4a_r03c02__brightness_factor_1p3.npy,7,7,1,0.9999000294178926,-11.224370956420898,1.580674648284912,-4.8114190101623535,-6.535066604614258,-3.740124225616455,-9.749177932739258,-13.9961576461792,10.811906814575195,-4.899731636047363,-2.8011343479156494,brightness,1.3x
7_7_01_254ebf4a_r03c03__brightness_factor_1p3,./data/robustness/brightness/factor_1p3/normalized_32x32/7/7_7_01_254ebf4a_r03c03__brightness_factor_1p3.npy,7,7,1,0.9985990069336191,-11.560133934020996,2.0321130752563477,-1.56876802444458,-5.3651323318481445,-1.9609830379486084,-10.240554809570312,-15.180524826049805,8.672853469848633,-4.7434563636779785,-1.5913821458816528,brightness,1.3x
7_7_01_254ebf4a_r03c04__brightness_factor_1p3,./data/robustness/brightness/factor_1p3/normalized_32x32/7/7_7_01_254ebf4a_r03c04__brightness_factor_1p3.npy,7,7,1,0.9999533965051363,-11.49924373626709,0.9040043354034424,-5.116921424865723,-7.212896823883057,-1.9454010725021362,-9.310925483703613,-15.285415649414062,11.022682189941406,-6.154350280761719,-1.4561446905136108,brightness,1.3x
7_7_01_254ebf4a_r04c01__brightness_factor_1p3,./data/robustness/brightness/factor_1p3/normalized_32x32/7/7_7_01_254ebf4a_r04c01__brightness_factor_1p3.npy,7,7,1,0.9983098841526585,-9.341007232666016,-0.42308372259140015,-4.597388744354248,-3.9442169666290283,-0.8821976184844971,-7.802199363708496,-12.745180130004883,7.868405342102051,-5.3387579917907715,1.2001984119415283,brightness,1.3x
7_7_01_254ebf4a_r04c02__brightness_factor_1p3,./data/robustness/brightness/factor_1p3/normalized_32x32/7/7_7_01_254ebf4a_r04c02__brightness_factor_1p3.npy,7,7,1,0.9994573581111964,-10.554683685302734,2.0931997299194336,-2.0228400230407715,-4.935798645019531,-2.5798463821411133,-9.158815383911133,-13.767020225524902,9.645869255065918,-5.599264144897461,-2.769437313079834,brightness,1.3x
7_7_01_254ebf4a_r04c03__brightness_factor_1p3,./data/robustness/brightness/factor_1p3/normalized_32x32/7/7_7_01_254ebf4a_r04c03__brightness_factor_1p3.npy,7,7,1,0.9976130352915407,-8.499462127685547,2.1032330989837646,-0.8083717226982117,-3.9906058311462402,-3.815369129180908,-7.124367713928223,-11.158182144165039,8.202216148376465,-3.376025438308716,-4.07336950302124,brightness,1.3x
7_7_01_254ebf4a_r04c04__brightness_factor_1p3,./data/robustness/brightness/factor_1p3/normalized_32x32/7/7_7_01_254ebf4a_r04c04__brightness_factor_1p3.npy,7,7,1,0.9999966252603121,-14.075409889221191,-1.0972453355789185,-6.529098987579346,-6.0603227615356445,-1.5389046669006348,-11.17312240600586,-17.29803466796875,12.48530101776123,-8.296492576599121,-1.079120397567749,brightness,1.3x
7_7_02_923c5b16_r01c01__brightness_factor_1p3,./data/robustness/brightness/factor_1p3/normalized_32x32/7/7_7_02_923c5b16_r01c01__brightness_factor_1p3.npy,7,7,1,0.9995192078668048,-7.756005764007568,-0.9301174879074097,-1.9133152961730957,-4.335877895355225,-1.0712283849716187,-7.598140716552734,-10.860499382019043,7.837316513061523,-5.087896347045898,-1.1592280864715576,brightness,1.3x
7_7_02_923c5b16_r01c02__brightness_factor_1p3,./data/robustness/brightness/factor_1p3/normalized_32x32/7/7_7_02_923c5b16_r01c02__brightness_factor_1p3.npy,7,7,1,0.9999859630467962,-13.140986442565918,1.1631604433059692,-3.5275497436523438,-6.516804218292236,-1.9287850856781006,-11.99261474609375,-17.031627655029297,12.431076049804688,-7.3389811515808105,-1.973628044128418,brightness,1.3x
7_7_02_923c5b16_r01c03__brightness_factor_1p3,./data/robustness/brightness/factor_1p3/normalized_32x32/7/7_7_02_923c5b16_r01c03__brightness_factor_1p3.npy,7,7,1,0.9999999236032883,-13.558425903320312,-5.052967071533203,-7.131826400756836,-5.967278003692627,-2.407508373260498,-11.644597053527832,-17.643171310424805,14.93227767944336,-9.754609107971191,-2.013423204421997,brightness,1.3x
7_7_02_923c5b16_r01c04__brightness_factor_1p3,./data/robustness/brightness/factor_1p3/normalized_32x32/7/7_7_02_923c5b16_r01c04__brightness_factor_1p3.npy,7,7,1,0.9999987698149949,-11.170147895812988,-4.53062105178833,-5.591719150543213,-3.8909549713134766,-2.5833499431610107,-9.372756004333496,-14.599620819091797,12.07359790802002,-7.765715599060059,-2.2582080364227295,brightness,1.3x
7_7_02_923c5b16_r02c01__brightness_factor_1p3,./data/robustness/brightness/factor_1p3/normalized_32x32/7/7_7_02_923c5b16_r02c01__brightness_factor_1p3.npy,7,7,1,0.9995474153485426,-10.453920364379883,-3.5111429691314697,-5.567795276641846,-4.617868900299072,0.1577407270669937,-8.971800804138184,-13.410138130187988,9.20534896850586,-5.8104567527771,1.190212607383728,brightness,1.3x
7_7_02_923c5b16_r02c02__brightness_factor_1p3,./data/robustness/brightness/factor_1p3/normalized_32x32/7/7_7_02_923c5b16_r02c02__brightness_factor_1p3.npy,7,7,1,0.9999986420263884,-19.769880294799805,-3.247255325317383,-6.015660285949707,-5.237005233764648,2.1123032569885254,-14.717063903808594,-19.969072341918945,15.663047790527344,-11.744586944580078,-1.19955313205719,brightness,1.3x
7_7_02_923c5b16_r02c03__brightness_factor_1p3,./data/robustness/brightness/factor_1p3/normalized_32x32/7/7_7_02_923c5b16_r02c03__brightness_factor_1p3.npy,7,7,1,0.9999497851554845,-11.815345764160156,0.8253527879714966,-3.2871594429016113,-5.531280517578125,-0.7040833830833435,-9.372934341430664,-14.125925064086914,10.985163688659668,-6.116764068603516,-1.9549237489700317,brightness,1.3x
7_7_02_923c5b16_r02c04__brightness_factor_1p3,./data/robustness/brightness/factor_1p3/normalized_32x32/7/7_7_02_923c5b16_r02c04__brightness_factor_1p3.npy,7,7,1,0.999993603152312,-11.286283493041992,-3.2758736610412598,-7.0040178298950195,-7.0625834465026855,-0.6284797787666321,-10.096808433532715,-16.949758529663086,13.606049537658691,-11.609683990478516,1.5293116569519043,brightness,1.3x
7_7_02_923c5b16_r03c01__brightness_factor_1p3,./data/robustness/brightness/factor_1p3/normalized_32x32/7/7_7_02_923c5b16_r03c01__brightness_factor_1p3.npy,7,7,1,0.9991890522429971,-11.215356826782227,-0.563872754573822,-1.9832358360290527,-1.3669862747192383,-2.991490125656128,-9.056952476501465,-12.218423843383789,7.254765510559082,-2.9482474327087402,-2.4768428802490234,brightness,1.3x
7_7_02_923c5b16_r03c02__brightness_factor_1p3,./data/robustness/brightness/factor_1p3/normalized_32x32/7/7_7_02_923c5b16_r03c02__brightness_factor_1p3.npy,7,7,1,0.9999914279705644,-13.194929122924805,-1.1043407917022705,-4.694317817687988,-6.341716289520264,-1.3228994607925415,-11.847940444946289,-16.38758659362793,11.881834030151367,-6.538900375366211,-0.46282219886779785,brightness,1.3x
7_7_02_923c5b16_r03c03__brightness_factor_1p3,./data/robustness/brightness/factor_1p3/normalized_32x32/7/7_7_02_923c5b16_r03c03__brightness_factor_1p3.npy,7,7,1,0.9997465440472166,-10.250164031982422,-1.2327604293823242,-5.503095626831055,-3.2721903324127197,-1.7136197090148926,-8.39890193939209,-10.909126281738281,8.722497940063477,-5.169353485107422,0.03616101294755936,brightness,1.3x
7_7_02_923c5b16_r03c04__brightness_factor_1p3,./data/robustness/brightness/factor_1p3/normalized_32x32/7/7_7_02_923c5b16_r03c04__brightness_factor_1p3.npy,7,7,1,0.9999802468048061,-12.176695823669434,0.44094181060791016,-5.7070159912109375,-7.038900852203369,-1.2195998430252075,-11.10594367980957,-16.5997314453125,11.806464195251465,-7.206801414489746,-0.22966229915618896,brightness,1.3x
7_7_02_923c5b16_r04c01__brightness_factor_1p3,./data/robustness/brightness/factor_1p3/normalized_32x32/7/7_7_02_923c5b16_r04c01__brightness_factor_1p3.npy,7,7,1,0.999988905004228,-15.374442100524902,-1.8483545780181885,-9.388845443725586,-5.663398742675781,-2.6377782821655273,-12.10470199584961,-15.209783554077148,12.165122985839844,-5.592942237854004,0.638527512550354,brightness,1.3x
7_7_02_923c5b16_r04c02__brightness_factor_1p3,./data/robustness/brightness/factor_1p3/normalized_32x32/7/7_7_02_923c5b16_r04c02__brightness_factor_1p3.npy,7,7,1,0.9999958235135802,-15.867074966430664,1.0192689895629883,-10.17794132232666,-6.98315954208374,-6.168336391448975,-9.220988273620605,-15.600637435913086,13.411723136901855,-4.665581703186035,-5.245779991149902,brightness,1.3x
7_7_02_923c5b16_r04c03__brightness_factor_1p3,./data/robustness/brightness/factor_1p3/normalized_32x32/7/7_7_02_923c5b16_r04c03__brightness_factor_1p3.npy,7,7,1,0.9999863893300277,-13.54255485534668,1.7033921480178833,-2.140388011932373,-7.568141460418701,-4.43482780456543,-12.013189315795898,-16.582067489624023,12.932861328125,-5.692587852478027,-5.359134674072266,brightness,1.3x
7_7_02_923c5b16_r04c04__brightness_factor_1p3,./data/robustness/brightness/factor_1p3/normalized_32x32/7/7_7_02_923c5b16_r04c04__brightness_factor_1p3.npy,7,7,1,0.9998250946731511,-9.746021270751953,-2.7712976932525635,-6.575576305389404,-4.4658918380737305,0.09967619925737381,-8.684733390808105,-14.056368827819824,10.361038208007812,-6.869495868682861,1.4695137739181519,brightness,1.3x
8_8_01_e470fe0b_r01c01__brightness_factor_1p3,./data/robustness/brightness/factor_1p3/normalized_32x32/8/8_8_01_e470fe0b_r01c01__brightness_factor_1p3.npy,8,8,1,0.9999997500687247,-4.997284889221191,-10.266822814941406,-0.6099386811256409,-1.9694567918777466,-6.420295238494873,-5.242403507232666,-8.665197372436523,-10.683276176452637,14.84305477142334,-6.477248668670654,brightness,1.3x
8_8_01_e470fe0b_r01c02__brightness_factor_1p3,./data/robustness/brightness/factor_1p3/normalized_32x32/8/8_8_01_e470fe0b_r01c02__brightness_factor_1p3.npy,8,8,1,0.9966378374479888,-7.448177814483643,-9.021175384521484,-6.151446342468262,1.0821932554244995,-7.6947431564331055,1.649084210395813,-5.37332820892334,-7.895573616027832,7.794291973114014,-3.6944360733032227,brightness,1.3x
8_8_01_e470fe0b_r01c03__brightness_factor_1p3,./data/robustness/brightness/factor_1p3/normalized_32x32/8/8_8_01_e470fe0b_r01c03__brightness_factor_1p3.npy,8,8,1,0.9892607141968229,-1.7990270853042603,-10.997306823730469,-4.385687828063965,2.10490083694458,-4.928155422210693,2.1457931995391846,-0.368341326713562,-11.497196197509766,7.392878532409668,-6.300325870513916,brightness,1.3x
8_8_01_e470fe0b_r01c04__brightness_factor_1p3,./data/robustness/brightness/factor_1p3/normalized_32x32/8/8_8_01_e470fe0b_r01c04__brightness_factor_1p3.npy,8,8,1,0.9998195699315143,-3.6998634338378906,-14.05248737335205,4.788818836212158,-0.06678609549999237,-9.199121475219727,-5.702686786651611,-10.382058143615723,-10.527597427368164,13.416794776916504,-8.562793731689453,brightness,1.3x
8_8_01_e470fe0b_r02c01__brightness_factor_1p3,./data/robustness/brightness/factor_1p3/normalized_32x32/8/8_8_01_e470fe0b_r02c01__brightness_factor_1p3.npy,8,8,1,0.9999939170664119,-4.898510932922363,-10.831107139587402,0.9421096444129944,-4.425056457519531,-4.289712905883789,-6.2603440284729,-11.366875648498535,-9.875839233398438,12.971818923950195,-4.142406940460205,brightness,1.3x
8_8_01_e470fe0b_r02c02__brightness_factor_1p3,./data/robustness/brightness/factor_1p3/normalized_32x32/8/8_8_01_e470fe0b_r02c02__brightness_factor_1p3.npy,8,8,1,0.9999998524718263,-4.836703300476074,-10.232779502868652,0.3981277644634247,-6.715307235717773,-6.660225868225098,-7.79605770111084,-11.264321327209473,-10.279507637023926,16.136131286621094,-6.130257606506348,brightness,1.3x
8_8_01_e470fe0b_r02c03__brightness_factor_1p3,./data/robustness/brightness/factor_1p3/normalized_32x32/8/8_8_01_e470fe0b_r02c03__brightness_factor_1p3.npy,8,8,1,0.998173949454213,-5.719854831695557,-9.983831405639648,7.2200093269348145,-6.584582328796387,-5.76154899597168,-8.287148475646973,-11.747386932373047,-8.789320945739746,13.523787498474121,-10.235108375549316,brightness,1.3x
8_8_01_e470fe0b_r02c04__brightness_factor_1p3,./data/robustness/brightness/factor_1p3/normalized_32x32/8/8_8_01_e470fe0b_r02c04__brightness_factor_1p3.npy,8,8,1,0.999993250452732,-9.752045631408691,-8.711936950683594,-0.9025436639785767,1.0748944282531738,-6.71589469909668,-3.3712713718414307,-5.963471412658691,-13.039632797241211,13.122013092041016,-10.108929634094238,brightness,1.3x
8_8_01_e470fe0b_r03c01__brightness_factor_1p3,./data/robustness/brightness/factor_1p3/normalized_32x32/8/8_8_01_e470fe0b_r03c01__brightness_factor_1p3.npy,8,8,1,0.9999998601576807,-6.882989883422852,-13.528690338134766,-2.272024154663086,-0.5137441158294678,-8.096440315246582,-3.9887187480926514,-11.855720520019531,-12.604008674621582,15.479780197143555,-4.051192760467529,brightness,1.3x
8_8_01_e470fe0b_r03c02__brightness_factor_1p3,./data/robustness/brightness/factor_1p3/normalized_32x32/8/8_8_01_e470fe0b_r03c02__brightness_factor_1p3.npy,8,8,1,0.9999995052673486,-9.411613464355469,-13.017622947692871,-4.654830455780029,-3.006279468536377,-6.243117809295654,-4.161770820617676,-12.773818969726562,-12.253682136535645,14.348697662353516,-0.2657972574234009,brightness,1.3x
8_8_01_e470fe0b_r03c03__brightness_factor_1p3,./data/robustness/brightness/factor_1p3/normalized_32x32/8/8_8_01_e470fe0b_r03c03__brightness_factor_1p3.npy,8,8,1,0.9999999978100682,-8.414694786071777,-13.199626922607422,-7.415509223937988,-2.5168185234069824,-7.586434841156006,-5.471735954284668,-11.81303882598877,-13.502467155456543,18.11307716369629,-2.593686580657959,brightness,1.3x
8_8_01_e470fe0b_r03c04__brightness_factor_1p3,./data/robustness/brightness/factor_1p3/normalized_32x32/8/8_8_01_e470fe0b_r03c04__brightness_factor_1p3.npy,8,8,1,0.999999982326384,-6.583376884460449,-6.938651084899902,-5.065120697021484,-4.296810626983643,-6.037966251373291,-4.450372219085693,-7.099056720733643,-9.344666481018066,14.651336669921875,-5.650339603424072,brightness,1.3x
8_8_01_e470fe0b_r04c01__brightness_factor_1p3,./data/robustness/brightness/factor_1p3/normalized_32x32/8/8_8_01_e470fe0b_r04c01__brightness_factor_1p3.npy,8,8,1,0.9999999712788313,-6.7231035232543945,-11.748013496398926,-2.9692165851593018,-1.5934510231018066,-7.259090900421143,-5.175294876098633,-9.94482421875,-12.05997085571289,16.03961944580078,-5.7003583908081055,brightness,1.3x
8_8_01_e470fe0b_r04c02__brightness_factor_1p3,./data/robustness/brightness/factor_1p3/normalized_32x32/8/8_8_01_e470fe0b_r04c02__brightness_factor_1p3.npy,8,8,1,0.9999999791060319,-5.859396457672119,-11.468904495239258,-0.1413782835006714,-8.824910163879395,-6.1309099197387695,-7.291049957275391,-12.74654483795166,-11.252401351928711,17.553897857666016,-5.488673210144043,brightness,1.3x
8_8_01_e470fe0b_r04c03__brightness_factor_1p3,./data/robustness/brightness/factor_1p3/normalized_32x32/8/8_8_01_e470fe0b_r04c03__brightness_factor_1p3.npy,8,8,1,0.9999996242951233,-6.736078262329102,-13.546745300292969,-0.9444973468780518,-5.298533916473389,-7.354154109954834,-8.244083404541016,-13.453277587890625,-10.792675018310547,14.717150688171387,-0.6356052160263062,brightness,1.3x
8_8_01_e470fe0b_r04c04__brightness_factor_1p3,./data/robustness/brightness/factor_1p3/normalized_32x32/8/8_8_01_e470fe0b_r04c04__brightness_factor_1p3.npy,8,8,1,0.9999998831049463,-1.0211681127548218,-14.177143096923828,-2.279491901397705,-3.5174057483673096,-9.290903091430664,-3.617032527923584,-9.495012283325195,-12.444807052612305,15.345280647277832,-3.8874711990356445,brightness,1.3x
8_8_02_b36c8633_r01c01__brightness_factor_1p3,./data/robustness/brightness/factor_1p3/normalized_32x32/8/8_8_02_b36c8633_r01c01__brightness_factor_1p3.npy,8,8,1,0.9999999968405928,-5.301845073699951,-8.53929615020752,-2.590388059616089,-6.554892539978027,-5.949652671813965,-6.285202980041504,-8.038087844848633,-11.58493423461914,17.14186668395996,-6.467698097229004,brightness,1.3x
8_8_02_b36c8633_r01c02__brightness_factor_1p3,./data/robustness/brightness/factor_1p3/normalized_32x32/8/8_8_02_b36c8633_r01c02__brightness_factor_1p3.npy,8,8,1,0.9999965367942275,-9.422457695007324,-12.726540565490723,-4.1847028732299805,3.154019594192505,-8.193819999694824,-5.149989604949951,-11.516828536987305,-15.625535011291504,15.728282928466797,-7.019523620605469,brightness,1.3x
8_8_02_b36c8633_r01c03__brightness_factor_1p3,./data/robustness/brightness/factor_1p3/normalized_32x32/8/8_8_02_b36c8633_r01c03__brightness_factor_1p3.npy,8,8,1,0.999998430893852,-8.67822265625,-7.116766929626465,-3.1911373138427734,-2.409684658050537,-7.745172500610352,-5.382580757141113,-9.067169189453125,-8.24676513671875,11.574007034301758,-3.5254898071289062,brightness,1.3x
8_8_02_b36c8633_r01c04__brightness_factor_1p3,./data/robustness/brightness/factor_1p3/normalized_32x32/8/8_8_02_b36c8633_r01c04__brightness_factor_1p3.npy,8,8,1,0.9999981206505474,-9.280508041381836,-14.027572631835938,-5.161474704742432,1.9144402742385864,-9.166543006896973,-2.688786268234253,-7.655673027038574,-15.186805725097656,15.11011028289795,-6.681041240692139,brightness,1.3x
8_8_02_b36c8633_r02c01__brightness_factor_1p3,./data/robustness/brightness/factor_1p3/normalized_32x32/8/8_8_02_b36c8633_r02c01__brightness_factor_1p3.npy,8,8,1,0.9999999985824741,-6.161324977874756,-11.224771499633789,-7.206474781036377,-3.7200357913970947,-5.689228057861328,-3.197331428527832,-6.697640895843506,-14.778436660766602,17.790449142456055,-5.8452558517456055,brightness,1.3x
8_8_02_b36c8633_r02c02__brightness_factor_1p3,./data/robustness/brightness/factor_1p3/normalized_32x32/8/8_8_02_b36c8633_r02c02__brightness_factor_1p3.npy,8,8,1,0.9999583117229438,-8.919663429260254,-10.042146682739258,-4.974868297576904,0.40285173058509827,-6.804775714874268,-2.0091371536254883,-7.619297504425049,-9.663665771484375,10.668853759765625,-1.8737324476242065,brightness,1.3x
8_8_02_b36c8633_r02c03__brightness_factor_1p3,./data/robustness/brightness/factor_1p3/normalized_32x32/8/8_8_02_b36c8633_r02c03__brightness_factor_1p3.npy,8,8,1,0.9999235149232769,0.956147313117981,-7.646605968475342,-1.2659931182861328,-5.417072296142578,-4.999950885772705,-5.266141414642334,-5.100604057312012,-8.153511047363281,10.556721687316895,-3.4079394340515137,brightness,1.3x
8_8_02_b36c8633_r02c04__brightness_factor_1p3,./data/robustness/brightness/factor_1p3/normalized_32x32/8/8_8_02_b36c8633_r02c04__brightness_factor_1p3.npy,8,8,1,0.969669607554551,-3.111654758453369,-9.874979972839355,2.6161296367645264,2.0915303230285645,-4.951172351837158,-0.4602605104446411,-4.180854320526123,-8.680208206176758,6.577361106872559,-8.353767395019531,brightness,1.3x
8_8_02_b36c8633_r03c01__brightness_factor_1p3,./data/robustness/brightness/factor_1p3/normalized_32x32/8/8_8_02_b36c8633_r03c01__brightness_factor_1p3.npy,8,8,1,0.9999995793761534,-3.3815550804138184,-12.056978225708008,-0.5365108251571655,-4.094874382019043,-5.6573615074157715,-4.064209461212158,-9.365528106689453,-11.037449836730957,14.274481773376465,-4.666923522949219,brightness,1.3x
8_8_02_b36c8633_r03c02__brightness_factor_1p3,./data/robustness/brightness/factor_1p3/normalized_32x32/8/8_8_02_b36c8633_r03c02__brightness_factor_1p3.npy,8,8,1,0.9999955296906615,-7.233550548553467,-10.841377258300781,-7.538449287414551,0.7300097942352295,-8.184171676635742,0.20088021457195282,-5.233502388000488,-12.37573528289795,13.513421058654785,-8.054182052612305,brightness,1.3x
8_8_02_b36c8633_r03c03__brightness_factor_1p3,./data/robustness/brightness/factor_1p3/normalized_32x32/8/8_8_02_b36c8633_r03c03__brightness_factor_1p3.npy,8,8,1,0.9999999998822247,-6.132710933685303,-9.145892143249512,-6.123126983642578,-6.720449924468994,-5.572196006774902,-6.6237921714782715,-10.173802375793457,-12.101995468139648,18.859052658081055,-4.905170440673828,brightness,1.3x
8_8_02_b36c8633_r03c04__brightness_factor_1p3,./data/robustness/brightness/factor_1p3/normalized_32x32/8/8_8_02_b36c8633_r03c04__brightness_factor_1p3.npy,8,8,1,0.9999999902314315,-7.155478477478027,-12.204516410827637,-4.157161235809326,-2.559053421020508,-6.603506565093994,-4.699167251586914,-10.476570129394531,-13.785664558410645,16.381793975830078,-3.778463840484619,brightness,1.3x
8_8_02_b36c8633_r04c01__brightness_factor_1p3,./data/robustness/brightness/factor_1p3/normalized_32x32/8/8_8_02_b36c8633_r04c01__brightness_factor_1p3.npy,8,8,1,0.999992248338922,-4.521459102630615,-11.520454406738281,-3.0919647216796875,-2.288710832595825,-5.937400817871094,-2.940586566925049,-9.865741729736328,-11.223350524902344,11.725075721740723,-0.294183611869812,brightness,1.3x
8_8_02_b36c8633_r04c02__brightness_factor_1p3,./data/robustness/brightness/factor_1p3/normalized_32x32/8/8_8_02_b36c8633_r04c02__brightness_factor_1p3.npy,8,8,1,0.9999980277583733,-1.373618483543396,-11.26872444152832,0.4869215488433838,-4.811750888824463,-5.997276782989502,-5.520135402679443,-10.18911361694336,-9.666253089904785,13.779099464416504,-5.0360589027404785,brightness,1.3x
8_8_02_b36c8633_r04c03__brightness_factor_1p3,./data/robustness/brightness/factor_1p3/normalized_32x32/8/8_8_02_b36c8633_r04c03__brightness_factor_1p3.npy,8,8,1,0.9999999978351601,-5.333645343780518,-16.2066707611084,-2.4788565635681152,-2.181474208831787,-9.941186904907227,-5.367628574371338,-13.500699996948242,-13.963691711425781,18.456451416015625,-4.011191368103027,brightness,1.3x
8_8_02_b36c8633_r04c04__brightness_factor_1p3,./data/robustness/brightness/factor_1p3/normalized_32x32/8/8_8_02_b36c8633_r04c04__brightness_factor_1p3.npy,8,8,1,0.999999992010899,-7.903814315795898,-12.185218811035156,-0.7490661144256592,-4.5475263595581055,-5.881673812866211,-6.206976890563965,-11.366203308105469,-13.918238639831543,17.929988861083984,-7.598310470581055,brightness,1.3x
9_9_01_852a4a6b_r01c01__brightness_factor_1p3,./data/robustness/brightness/factor_1p3/normalized_32x32/9/9_9_01_852a4a6b_r01c01__brightness_factor_1p3.npy,9,9,1,0.9968426245946664,-11.011100769042969,-4.373505115509033,-7.300570011138916,-4.710940837860107,5.286340236663818,-7.8998284339904785,-14.884965896606445,-0.044826000928878784,-6.476993560791016,11.046140670776367,brightness,1.3x
9_9_01_852a4a6b_r01c02__brightness_factor_1p3,./data/robustness/brightness/factor_1p3/normalized_32x32/9/9_9_01_852a4a6b_r01c02__brightness_factor_1p3.npy,9,9,1,0.9998698746058797,-11.038195610046387,-4.873569488525391,-9.561659812927246,-4.521288871765137,2.8929831981658936,-8.065165519714355,-15.107175827026367,0.7736768126487732,-5.483603000640869,11.954437255859375,brightness,1.3x
9_9_01_852a4a6b_r01c03__brightness_factor_1p3,./data/robustness/brightness/factor_1p3/normalized_32x32/9/9_9_01_852a4a6b_r01c03__brightness_factor_1p3.npy,9,9,1,0.9998524313130801,-12.24893856048584,-5.375609874725342,-9.807146072387695,-4.485367774963379,3.8807051181793213,-8.699616432189941,-17.125831604003906,1.2429018020629883,-7.229160308837891,12.771175384521484,brightness,1.3x
9_9_01_852a4a6b_r01c04__brightness_factor_1p3,./data/robustness/brightness/factor_1p3/normalized_32x32/9/9_9_01_852a4a6b_r01c04__brightness_factor_1p3.npy,9,9,1,0.999746406449254,-10.845849990844727,-2.1705827713012695,-10.614651679992676,-5.287008285522461,1.5727086067199707,-7.216612339019775,-15.102972030639648,1.3909341096878052,-2.9576549530029297,10.47787857055664,brightness,1.3x
9_9_01_852a4a6b_r02c01__brightness_factor_1p3,./data/robustness/brightness/factor_1p3/normalized_32x32/9/9_9_01_852a4a6b_r02c01__brightness_factor_1p3.npy,9,9,1,0.9972209213230931,-12.823420524597168,-5.782137870788574,-9.368654251098633,-5.486492156982422,6.0183491706848145,-8.450181007385254,-15.995166778564453,2.223684310913086,-8.134162902832031,11.9234619140625,brightness,1.3x
9_9_01_852a4a6b_r02c02__brightness_factor_1p3,./data/robustness/brightness/factor_1p3/normalized_32x32/9/9_9_01_852a4a6b_r02c02__brightness_factor_1p3.npy,9,9,1,0.9999499800121229,-16.028465270996094,-7.992701053619385,-10.028986930847168,-5.498996734619141,6.178978443145752,-9.120890617370605,-21.509502410888672,-1.2840306758880615,-10.049153327941895,16.082599639892578,brightness,1.3x
9_9_01_852a4a6b_r02c03__brightness_factor_1p3,./data/robustness/brightness/factor_1p3/normalized_32x32/9/9_9_01_852a4a6b_r02c03__brightness_factor_1p3.npy,9,8,0,0.6854794466793709,-5.9176249504089355,-0.7773979902267456,-6.114786148071289,-4.928504943847656,-2.069669246673584,-5.8821916580200195,-7.117390155792236,0.5957794785499573,3.5896694660186768,2.653515338897705,brightness,1.3x
9_9_01_852a4a6b_r02c04__brightness_factor_1p3,./data/robustness/brightness/factor_1p3/normalized_32x32/9/9_9_01_852a4a6b_r02c04__brightness_factor_1p3.npy,9,9,1,0.999643680586142,-12.140931129455566,-5.4752583503723145,-9.403589248657227,-3.5675554275512695,1.6254593133926392,-5.5578813552856445,-12.827829360961914,-1.6088266372680664,-1.92814040184021,9.637261390686035,brightness,1.3x
9_9_01_852a4a6b_r03c01__brightness_factor_1p3,./data/robustness/brightness/factor_1p3/normalized_32x32/9/9_9_01_852a4a6b_r03c01__brightness_factor_1p3.npy,9,9,1,0.852231517023325,-10.47470474243164,-2.8978307247161865,-7.462701320648193,-6.411876201629639,5.822737693786621,-6.3987016677856445,-12.297003746032715,-1.8100568056106567,-3.0997722148895264,7.575741291046143,brightness,1.3x
9_9_01_852a4a6b_r03c02__brightness_factor_1p3,./data/robustness/brightness/factor_1p3/normalized_32x32/9/9_9_01_852a4a6b_r03c02__brightness_factor_1p3.npy,9,9,1,0.9850874773169461,-7.277295112609863,-2.4758622646331787,-5.467637538909912,-2.7039973735809326,2.707674503326416,-4.600273132324219,-9.742854118347168,-0.372269868850708,-3.319122791290283,6.9559526443481445,brightness,1.3x
9_9_01_852a4a6b_r03c03__brightness_factor_1p3,./data/robustness/brightness/factor_1p3/normalized_32x32/9/9_9_01_852a4a6b_r03c03__brightness_factor_1p3.npy,9,9,1,0.9999944012359473,-9.64378833770752,-7.264235973358154,-12.17397403717041,-0.8455900549888611,-2.416318893432617,-7.042942523956299,-16.91942024230957,-6.566183090209961,-1.6644916534423828,11.751723289489746,brightness,1.3x
9_9_01_852a4a6b_r03c04__brightness_factor_1p3,./data/robustness/brightness/factor_1p3/normalized_32x32/9/9_9_01_852a4a6b_r03c04__brightness_factor_1p3.npy,9,9,1,0.9945654131466163,-12.863726615905762,-4.961996555328369,-10.973832130432129,-8.712599754333496,7.052830219268799,-8.973504066467285,-13.998307228088379,-0.314506858587265,-5.805567741394043,12.262992858886719,brightness,1.3x
9_9_01_852a4a6b_r04c01__brightness_factor_1p3,./data/robustness/brightness/factor_1p3/normalized_32x32/9/9_9_01_852a4a6b_r04c01__brightness_factor_1p3.npy,9,9,1,0.9992519069122355,-13.947929382324219,-6.173890590667725,-9.531148910522461,-7.915146827697754,6.12858772277832,-9.668421745300293,-15.510575294494629,-0.7434018850326538,-6.073006629943848,13.326869010925293,brightness,1.3x
9_9_01_852a4a6b_r04c02__brightness_factor_1p3,./data/robustness/brightness/factor_1p3/normalized_32x32/9/9_9_01_852a4a6b_r04c02__brightness_factor_1p3.npy,9,9,1,0.9999764783569005,-13.950244903564453,-4.9951958656311035,-11.710247039794922,-4.6324462890625,2.567160129547119,-7.9637017250061035,-17.38507080078125,-1.2927449941635132,-3.3655974864959717,13.249433517456055,brightness,1.3x
9_9_01_852a4a6b_r04c03__brightness_factor_1p3,./data/robustness/brightness/factor_1p3/normalized_32x32/9/9_9_01_852a4a6b_r04c03__brightness_factor_1p3.npy,9,9,1,0.9998988377562632,-9.878997802734375,-6.082925796508789,-6.309659481048584,-4.411497592926025,1.8665673732757568,-7.42507791519165,-13.97817611694336,-2.4442391395568848,-5.091843605041504,11.082093238830566,brightness,1.3x
9_9_01_852a4a6b_r04c04__brightness_factor_1p3,./data/robustness/brightness/factor_1p3/normalized_32x32/9/9_9_01_852a4a6b_r04c04__brightness_factor_1p3.npy,9,9,1,0.999908501603577,-9.662899017333984,-5.074954032897949,-8.335391998291016,-4.9357380867004395,2.1811366081237793,-6.160681247711182,-14.289813995361328,-0.9032926559448242,-6.2267608642578125,11.526897430419922,brightness,1.3x
9_9_02_2f49434b_r01c01__brightness_factor_1p3,./data/robustness/brightness/factor_1p3/normalized_32x32/9/9_9_02_2f49434b_r01c01__brightness_factor_1p3.npy,9,9,1,0.999685327653234,-8.644596099853516,-4.109038352966309,-9.950163841247559,-3.4698903560638428,1.125866413116455,-6.589015960693359,-10.463540077209473,-0.21834158897399902,-2.6159541606903076,9.452207565307617,brightness,1.3x
9_9_02_2f49434b_r01c02__brightness_factor_1p3,./data/robustness/brightness/factor_1p3/normalized_32x32/9/9_9_02_2f49434b_r01c02__brightness_factor_1p3.npy,9,9,1,0.9987883613583105,-11.448006629943848,-5.451545238494873,-9.60899543762207,-6.3940324783325195,5.747170448303223,-7.26247501373291,-14.910046577453613,0.2914367616176605,-7.578804016113281,12.466025352478027,brightness,1.3x
9_9_02_2f49434b_r01c03__brightness_factor_1p3,./data/robustness/brightness/factor_1p3/normalized_32x32/9/9_9_02_2f49434b_r01c03__brightness_factor_1p3.npy,9,8,0,0.7659210799669587,-3.702495574951172,-0.4334201216697693,-4.633974552154541,-5.048553943634033,-3.267292022705078,-5.485595703125,-6.599218845367432,2.2320120334625244,3.6411545276641846,0.47230327129364014,brightness,1.3x
9_9_02_2f49434b_r01c04__brightness_factor_1p3,./data/robustness/brightness/factor_1p3/normalized_32x32/9/9_9_02_2f49434b_r01c04__brightness_factor_1p3.npy,9,9,1,0.9999306907490612,-12.21176528930664,-5.790292739868164,-9.90331745147705,-2.0727243423461914,1.3546457290649414,-7.917221546173096,-15.22480297088623,-1.2838836908340454,-3.3197290897369385,11.039615631103516,brightness,1.3x
9_9_02_2f49434b_r02c01__brightness_factor_1p3,./data/robustness/brightness/factor_1p3/normalized_32x32/9/9_9_02_2f49434b_r02c01__brightness_factor_1p3.npy,9,9,1,0.9994342885486889,-12.526107788085938,-5.150512218475342,-12.757916450500488,-5.467411041259766,3.48987078666687,-8.217679977416992,-14.19324779510498,2.214329242706299,-4.592902660369873,11.213515281677246,brightness,1.3x
9_9_02_2f49434b_r02c02__brightness_factor_1p3,./data/robustness/brightness/factor_1p3/normalized_32x32/9/9_9_02_2f49434b_r02c02__brightness_factor_1p3.npy,9,9,1,0.9999736089357427,-16.06015396118164,-7.190177917480469,-13.746039390563965,-8.238862991333008,4.45037841796875,-9.386961936950684,-16.14597511291504,-2.125861883163452,-4.254200458526611,14.994407653808594,brightness,1.3x
9_9_02_2f49434b_r02c03__brightness_factor_1p3,./data/robustness/brightness/factor_1p3/normalized_32x32/9/9_9_02_2f49434b_r02c03__brightness_factor_1p3.npy,9,9,1,0.9996405476244817,-10.969480514526367,-5.677000045776367,-11.817522048950195,-6.659616947174072,4.345762729644775,-8.402746200561523,-12.47934627532959,-1.3907588720321655,-3.6489086151123047,12.279953002929688,brightness,1.3x
9_9_02_2f49434b_r02c04__brightness_factor_1p3,./data/robustness/brightness/factor_1p3/normalized_32x32/9/9_9_02_2f49434b_r02c04__brightness_factor_1p3.npy,9,1,0,0.981096803324132,-7.426544189453125,6.108842372894287,-11.675695419311523,-9.019078254699707,-0.9708588123321533,-4.921029567718506,-7.851654529571533,1.6322309970855713,0.7134109735488892,0.11639954894781113,brightness,1.3x
9_9_02_2f49434b_r03c01__brightness_factor_1p3,./data/robustness/brightness/factor_1p3/normalized_32x32/9/9_9_02_2f49434b_r03c01__brightness_factor_1p3.npy,9,4,0,0.7493542444230661,-12.604838371276855,-3.5525166988372803,-10.862080574035645,-9.747297286987305,7.490170478820801,-8.907963752746582,-11.434436798095703,-1.2226483821868896,-1.495010495185852,6.394084453582764,brightness,1.3x
9_9_02_2f49434b_r03c02__brightness_factor_1p3,./data/robustness/brightness/factor_1p3/normalized_32x32/9/9_9_02_2f49434b_r03c02__brightness_factor_1p3.npy,9,9,1,0.9973774205880371,-9.168173789978027,-5.392916202545166,-8.174154281616211,-7.1915059089660645,3.2249348163604736,-8.749856948852539,-11.53077220916748,-3.643725872039795,0.43541911244392395,9.226740837097168,brightness,1.3x
9_9_02_2f49434b_r03c03__brightness_factor_1p3,./data/robustness/brightness/factor_1p3/normalized_32x32/9/9_9_02_2f49434b_r03c03__brightness_factor_1p3.npy,9,9,1,0.9985959351985889,-6.993637561798096,-4.268821716308594,-4.1098222732543945,-3.3126320838928223,0.2924467921257019,-5.078344345092773,-9.950637817382812,-1.2972793579101562,-1.4888739585876465,7.215456485748291,brightness,1.3x
9_9_02_2f49434b_r03c04__brightness_factor_1p3,./data/robustness/brightness/factor_1p3/normalized_32x32/9/9_9_02_2f49434b_r03c04__brightness_factor_1p3.npy,9,9,1,0.9949101679176634,-10.972829818725586,-2.212082624435425,-11.372054100036621,-7.414578437805176,4.420306205749512,-7.381429672241211,-13.217442512512207,-1.0694193840026855,-2.537604331970215,9.702105522155762,brightness,1.3x
9_9_02_2f49434b_r04c01__brightness_factor_1p3,./data/robustness/brightness/factor_1p3/normalized_32x32/9/9_9_02_2f49434b_r04c01__brightness_factor_1p3.npy,9,9,1,0.9991678725890741,-9.921327590942383,-7.290123462677002,-8.991304397583008,-4.38082218170166,4.143321514129639,-7.558023452758789,-16.187442779541016,-5.844578266143799,-3.9534969329833984,11.23458480834961,brightness,1.3x
9_9_02_2f49434b_r04c02__brightness_factor_1p3,./data/robustness/brightness/factor_1p3/normalized_32x32/9/9_9_02_2f49434b_r04c02__brightness_factor_1p3.npy,9,9,1,0.9935031028315018,-10.429929733276367,-5.708252429962158,-8.138901710510254,-6.795384883880615,5.3498759269714355,-8.397834777832031,-11.60693359375,-1.875869870185852,-4.064130783081055,10.380620956420898,brightness,1.3x
9_9_02_2f49434b_r04c03__brightness_factor_1p3,./data/robustness/brightness/factor_1p3/normalized_32x32/9/9_9_02_2f49434b_r04c03__brightness_factor_1p3.npy,9,9,1,0.9991506276923808,-13.176572799682617,-5.587555885314941,-9.63135051727295,-7.141706943511963,6.138317584991455,-9.191365242004395,-16.062040328979492,-1.2835004329681396,-6.478638648986816,13.209092140197754,brightness,1.3x
9_9_02_2f49434b_r04c04__brightness_factor_1p3,./data/robustness/brightness/factor_1p3/normalized_32x32/9/9_9_02_2f49434b_r04c04__brightness_factor_1p3.npy,9,9,1,0.9987592310456516,-8.756095886230469,-3.9521708488464355,-5.663068771362305,-3.9300317764282227,2.3329272270202637,-7.648428440093994,-12.013772010803223,-0.09971874207258224,-4.426827907562256,9.112756729125977,brightness,1.3x
