-0.07802616
-0.12588991
0.05984564
-0.03002996
0.09714063
-0.00702856
-0.04170423
-0.07417047
0.00513020
0.19946127
0.07745042
0.08417130
0.12989508
0.03841733
0.02377597
-0.04886346
0.02664943
0.06720968
0.09275341
0.26213846
0.01532038
0.18468237
-0.06730904
-0.01199045
0.06784579
-0.01412361
0.15277886
0.00464744
0.00148337
0.06806822
0.15605591
0.10737416
-0.04140887
0.02014074
0.19333769
0.14268778
0.03208515
-0.00715471
0.07255796
-0.05835947
0.03195129
-0.09573255
0.01639489
-0.04000869
0.12894511
-0.05025533
-0.05952552
-0.05863796
0.04858904
0.02533001
0.05503453
-0.08404833
0.05934849
-0.13958620
-0.15563774
-0.05132861
-0.15857317
0.01474837
-0.06403207
0.02931528
-0.10332236
-0.07650092
0.01426248
-0.04589321
0.08849705
-0.00181677
0.27340156
-0.05823692
0.11221748
-0.03378747
0.02184242
-0.03038375
0.10605562
0.05123615
0.18249652
0.00951347
0.11071721
-0.00481091
-0.07965324
0.09001749
-0.06540821
-0.00526515
-0.14268774
0.01243439
0.04475683
-0.03879566
0.05798670
0.00744656
0.14454854
-0.03143984
0.02849474
0.10225037
-0.11477435
-0.03735479
-0.09560122
0.00387651
0.12943736
0.17630517
-0.05560200
0.07056934
-0.09637522
0.06527834
-0.07353652
0.09028237
-0.00879038
-0.03396428
-0.06763115
0.08423491
-0.02341107
0.03246583
-0.07845780
-0.03288480
0.02694549
-0.03927127
-0.00494856
-0.00724613
-0.14398971
-0.02321310
0.00039524
-0.00917253
-0.08360409
-0.07498009
-0.00934243
0.01489490
-0.01092201
0.06113717
0.02255625
0.03202528
-0.02718237
0.01195073
-0.02576271
0.06325819
-0.12637183
-0.02514444
0.07470499
0.04614881
-0.05011435
-0.10314944
-0.02255477
-0.01652412
-0.07217436
-0.01977010
0.02107747
0.00277480
0.08755787
-0.00970088
-0.06758089
-0.05887440
-0.00790427
0.07840130
-0.02353305
-0.01535596
-0.09409305
-0.05382121
-0.02743405
0.05359671
-0.09073628
0.05732213
0.02254856
-0.00568669
-0.04488586
-0.07086870
0.04730829
-0.01473282
0.00768323
-0.06776686
0.01118912
-0.05052457
0.02393709
-0.08340926
0.01538378
0.00776974
-0.01377422
-0.04606081
0.03910145
0.04307089
0.00253436
-0.08464547
-0.04364957
-0.01860828
-0.09047912
-0.10891809
0.02160589
-0.01176585
0.00652037
-0.09763353
0.01811497
0.01840102
-0.13099994
-0.03988256
-0.00826537
0.03763428
-0.06107004
-0.00731269
0.01386811
-0.11213180
0.00282320
0.02621500
0.01705991
0.03186103
0.01304235
-0.09539007
0.05420788
0.01685261
-0.03032721
-0.01080772
0.07948980
0.02097481
0.04046464
0.05811574
-0.06731641
-0.02586214
-0.01127171
-0.10022985
-0.00001569
0.07464081
-0.09492004
-0.09505481
-0.00026908
-0.10182498
-0.07708146
-0.03733603
-0.09810981
-0.03401871
-0.06946186
-0.12131263
0.00398514
-0.04404002
0.05421818
-0.00392335
0.01456004
0.03614106
0.02135060
0.05771856
0.03299708
0.03036884
-0.04945865
-0.02558429
-0.05499893
-0.10124476
-0.09707242
-0.04757500
0.09669105
0.07489914
-0.21958676
-0.06520767
0.03848126
0.05170179
-0.02360911
-0.06177262
-0.09649435
-0.03657068
0.01879757
-0.22706024
0.09072876
-0.00118021
0.02175591
-0.07035932
-0.04169027
0.00525031
0.03782612
0.16311347
0.04449569
0.04451184
0.15181899
0.01885905
-0.20975699
0.01520347
-0.00488747
0.03378490
-0.03318743
0.03482874
-0.01862166
0.09383074
0.06973050
-0.12048016
0.01886201
-0.02456982
-0.01062418
0.07789487
0.15937340
0.16189872
0.06295954
0.11004622
-0.12547033
-0.09315709
-0.08565205
0.12706302
-0.12983806
0.02636703
0.08311011
0.12855580
-0.03866716
-0.03786049
-0.07921626
-0.21810214
-0.03163847
-0.05511870
0.01053691
0.15791796
0.01953151
0.08276438
-0.01044691
-0.04480899
0.07280510
0.06123481
0.32327408
0.02939496
0.16837363
-0.02659365
-0.08322882
0.02039786
0.17235391
-0.11329912
-0.13026100
0.15806796
0.00009200
-0.05968573
-0.04961320
-0.07019515
-0.01578843
0.16157201
-0.10131643
0.10891862
0.00054139
0.03989429
0.02607638
-0.07907166
-0.03813230
-0.07478905
-0.07045673
0.07315598
0.02037314
-0.03021010
0.00308678
-0.05508210
-0.03403925
-0.06953584
-0.01249389
-0.12151841
0.02042009
0.08224257
0.02092979
0.00952828
0.02263804
0.18551353
0.13648383
0.20791654
-0.24782464
0.04172186
-0.14284593
-0.09039769
-0.00349704
-0.09286081
0.00867162
-0.13354011
0.04649564
0.08833160
0.09595901
-0.08585091
0.05399906
0.10616138
-0.05112356
-0.05891080
0.05861340
-0.08209486
0.11224920
0.10723016
0.10706735
0.17177056
0.09958865
0.12800968
-0.05228956
0.10942321
-0.00331893
-0.02188672
-0.03141318
-0.04478357
0.04418378
0.22084314
0.10728802
0.07646706
0.06681833
0.03333450
0.09133767
-0.03986391
-0.06483334
0.01806174
-0.02654508
0.14027525
0.04296468
0.07744287
-0.12492532
-0.04739709
-0.12154137
-0.06169823
-0.10709636
-0.03098844
-0.07295753
-0.01589459
0.07559005
0.15324415
0.08501648
0.08737466
-0.02924130
-0.00671575
0.09914347
0.04798341
0.09220609
-0.08662551
-0.03302079
-0.01201816
0.23705432
-0.17814063
0.01608049
0.09853806
-0.08667327
-0.04290976
0.06885588
-0.02761378
-0.04642833
-0.02545966
-0.09041467
-0.00298578
0.04956455
0.08452411
0.15173280
-0.04653198
0.10505506
0.06012550
0.05809261
0.09831437
-0.02127307
-0.03081174
-0.06018354
-0.07903371
-0.10859375
-0.01973015
-0.01780877
-0.01636457
-0.11809678
-0.01419331
-0.06709316
-0.07082286
0.06854802
0.01622467
0.08099179
0.02246075
0.02490746
0.03440812
0.02077623
0.08436181
-0.04244770
0.07272357
-0.04647100
-0.07725128
0.03580767
-0.05395522
-0.02162208
0.07628126
0.05562986
0.00669425
0.08406577
0.04373864
-0.21744804
0.00784739
-0.10917721
-0.00104856
0.00604858
-0.04595936
0.02785609
0.12530383
0.08787786
-0.00614423
-0.04198703
0.05555321
-0.04888692
0.09831097
0.00811644
-0.00443740
0.04699447
0.07670623
-0.15962051
0.21586290
0.05429395
0.06877755
0.03867525
-0.02170087
0.04814760
-0.10198719
-0.11408858
-0.02529679
-0.13996993
0.10392082
0.03029576
0.12051657
-0.02758550
-0.14755210
-0.04710108
0.00731160
-0.02490007
-0.20914993
0.15023048
-0.20516364
0.07605699
-0.13250984
0.15813559
-0.01745834
0.12656805
0.03871982
0.21655598
-0.07780942
-0.03372612
0.04857407
-0.06605042
0.06686518
-0.05602131
0.02725922
0.04700196
0.02120753
0.01070401
0.10370377
0.02125272
-0.03564734
-0.10095623
-0.06378910
-0.00291603
0.09316635
0.06843568
0.21045643
-0.21154732
-0.00674993
0.05674540
0.07699071
-0.07105301
0.03095993
-0.02528835
0.01490275
0.08687495
0.03327579
0.02065406
-0.09792874
-0.03703694
0.05395458
-0.06656169
-0.02262999
-0.23782338
0.04600378
-0.14127356
0.03337856
0.04020966
0.17820168
0.16830365
-0.06094152
0.03900027
0.06508460
0.00704157
0.12482961
-0.01650075
0.04422129
0.05564105
-0.23485179
0.04064375
-0.13763872
-0.02865450
-0.03653650
-0.01328592
0.03540597
0.00786310
-0.00712480
0.08621679
-0.04672182
0.14740799
-0.07543498
0.04927669
-0.01612034
-0.09625883
0.00907249
0.07266048
-0.04277240
-0.03371577
0.08619641
-0.04927531
-0.02735113
-0.00514523
0.20726280
-0.00371343
-0.05328042
-0.00549139
-0.00328205
0.15260561
0.03449723
-0.06518982
0.03576244
-0.04581523
0.11700610
0.20593518
-0.02865196
-0.03703166
0.09548440
-0.04852846
0.14498697
0.08081695
-0.13290891
0.07072056
-0.04829212
0.09572328
0.08462755
0.00445121
0.16078249
-0.03489254
0.07429907
0.02351676
0.05074550
0.08040321
0.11895015
0.08055098
-0.02181507
-0.02454950
-0.09384273
0.09784449
0.03630926
0.03407689
0.06312072
0.02450460
-0.08928692
-0.00569306
-0.08163697
-0.07479551
0.19591187
-0.26106578
0.09950497
-0.03719440
-0.04621315
-0.03293439
-0.06964219
-0.06877187
-0.02820314
-0.09351666
-0.02777246
-0.07467063
0.12961917
0.10280515
0.14224426
0.04568891
-0.13133171
0.14651527
-0.09356824
0.05300459
0.00269083
0.02817298
0.03458916
0.06625507
-0.19613241
-0.08678611
0.14661123
0.00928313
-0.10994417
0.03491367
-0.25659555
-0.08381416
-0.07660645
0.03943363
0.08702959
0.01686818
0.08249948
-0.01948223
0.10911623
-0.21660174
0.03673039
0.02241749
-0.00629492
-0.22684284
0.09928548
0.06659076
-0.15711898
-0.20405334
0.04033342
-0.05143666
0.03200543
-0.15552343
-0.07829596
-0.08294074
0.00916232
0.06219700
-0.04685766
-0.00887103
0.07863380
0.15285727
-0.08631887
-0.23015092
0.04607711
-0.16928360
0.00318373
-0.08017722
0.09260506
-0.06045881
0.01229800
-0.04568803
0.00971881
0.03561281
-0.07324570
-0.06477692
0.13631415
-0.14928082
-0.12125236
-0.26908898
0.19792354
0.12249526
-0.01229103
0.00054748
0.01821338
-0.06305028
0.03112649
-0.01259180
-0.00480255
0.11144198
0.06412638
0.04300405
-0.17706753
0.05413887
0.12382912
-0.13625637
0.08547761
-0.09951643
0.07962738
0.04028062
0.05647078
0.00043492
-0.08392679
-0.08627715
-0.16031811
-0.13494699
-0.16374812
0.02854456
0.08684502
-0.09113322
-0.20182584
-0.03041113
-0.08081009
0.11003750
-0.23969141
0.12247982
0.12230098
0.00427547
0.03690685
0.08466442
-0.11860751
0.04886414
-0.04881757
0.04662612
0.00889093
-0.19127153
0.11749145
0.04290144
-0.10946209
-0.03349201
-0.02464988
-0.00202377
-0.01657231
0.03160791
-0.07483263
0.10130719
-0.03018143
-0.14245887
-0.05522392
-0.05492649
-0.04929901
0.02550676
0.10677114
-0.08492844
-0.06488823
-0.17309596
0.18112852
-0.11120008
0.08156506
0.18637621
-0.05194016
0.03721106
-0.08270651
0.07135098
0.05806627
0.11065907
0.03780017
-0.03713761
0.06508034
-0.34908861
-0.02361755
-0.12507434
0.08734863
-0.07556745
-0.03621614
-0.12014216
-0.04420328
0.00884951
0.13548058
0.05602270
-0.01010274
0.06832649
-0.04796438
-0.10800266
-0.08379931
-0.10648642
0.03258552
0.10602322
-0.09972180
-0.03452419
0.03804562
-0.18012647
-0.11311688
0.03804559
-0.08741616
0.03404483
0.07300094
-0.06389396
0.06911059
0.15713650
0.03397726
0.03374667
-0.11862980
0.03669570
0.12944375
0.12413290
-0.13253628
0.01353435
0.14503089
0.19217896
0.01680030
0.19523002
0.06223812
-0.05377592
0.04167562
0.00667748
0.06979786
0.08402310
0.09565126
0.03689460
-0.04297652
-0.06725503
-0.07036322
0.00781077
0.00560461
-0.06089396
0.06567507
-0.05309563
0.06702859
0.01830278
-0.10140771
0.10125917
0.01818253
-0.03022195
0.01553694
0.11205413
0.07265496
0.03109410
0.11307529
0.06800673
0.03693391
0.04668436
-0.18221430
-0.16081786
-0.06796027
-0.10613238
0.00128289
-0.26086262
0.15115800
0.17097734
0.08292848
0.00131383
0.01076534
-0.00443003
0.02987366
0.13220054
0.03118099
-0.07864122
0.00203279
0.17778908
-0.06170880
-0.02976179
-0.00797280
-0.07878835
-0.06888122
-0.01611786
-0.03250075
0.04439859
0.07502426
-0.05312097
-0.01162581
-0.08165134
-0.06560654
0.04433368
0.10625084
-0.09833937
0.02364209
0.13452032
0.06996624
-0.13985962
0.01715191
-0.00580871
0.16892040
0.09484072
-0.09744003
0.09328593
0.08154438
0.02015145
0.00620077
-0.17902942
0.04940690
-0.15992776
0.06907558
0.06441142
-0.06967742
-0.01100203
-0.11931811
0.09074705
-0.13769491
0.10181370
0.06420483
-0.09464071
-0.03926772
-0.03686447
-0.06575467
-0.05649901
-0.02871826
0.04993388
0.15224804
0.06317267
-0.02436440
-0.05850149
-0.01383230
-0.11416922
-0.12019862
-0.05435045
0.04122667
0.08649223
-0.06527683
-0.10821845
0.11539365
0.04594171
0.01483051
0.04930583
-0.02898673
0.05791678
0.05563048
0.04195198
0.05133660
-0.00734874
-0.03890857
-0.09209111
0.01010959
0.04730958
-0.12632598
-0.02323922
-0.04577648
0.06310097
0.00773128
0.13997063
-0.09337319
-0.00598435
0.06210625
0.01493665
0.13202134
0.00205827
0.07158012
0.06253743
0.03864609
0.01886887
-0.10329184
0.00576465
0.12629136
0.04424816
0.01413060
-0.04719100
-0.07217441
0.01945239
-0.00154039
-0.06606624
-0.06422030
0.03058144
0.10168236
-0.02439774
-0.14288211
0.11020890
-0.01555787
-0.03167142
-0.01503179
0.11421472
0.00991149
0.15028037
-0.02465232
0.25475714
0.12660089
-0.11015052
-0.02180116
-0.04454026
-0.01819335
-0.03146242
-0.00392892
-0.01405849
0.09016080
-0.11714133
0.03593613
0.06286392
0.03045840
-0.12181777
-0.15467638
-0.03690230
-0.05079101
-0.07332859
-0.02010239
-0.11438674
0.18802959
0.04926804
-0.08584490
0.12580587
0.12195683
-0.06979615
0.07657512
0.08306759
-0.00649188
0.03314351
0.09070310
-0.08452000
-0.02211767
0.00075525
0.10690589
-0.14381605
-0.01374070
-0.02774280
0.19794238
-0.00050483
0.17064890
0.09001715
0.07686146
0.07186637
0.07908116
0.09017655
0.04125744
0.03220016
0.07142551
-0.09919138
-0.07154271
-0.02507337
0.11748328
0.09024699
0.16233586
0.04657904
0.09578554
-0.08906493
0.05143828
0.02887602
-0.12449604
0.15118265
-0.06458498
0.07701749
-0.00214739
-0.06872962
0.22999592
0.07799717
0.08623514
0.11030629
0.16630365
-0.01917320
-0.08704017
-0.07584052
-0.05945633
0.13037637
-0.14114460
-0.08872500
0.00986392
0.09120105
-0.09607110
-0.08562033
0.07882768
0.10375239
0.04803878
0.06471733
0.19772910
-0.10953064
0.15620641
-0.15965325
0.02027907
0.09873712
0.11074266
-0.07573162
0.03776037
0.01485922
0.04324281
0.01309968
0.08747468
0.14130291
0.01042687
0.03884341
-0.07639912
-0.07048009
-0.03037161
0.01930242
-0.00894713
0.10198996
-0.12345567
0.01424772
0.01931165
0.07109246
0.04100013
0.07134462
-0.06767191
0.02431352
-0.03863747
0.03824838
-0.07051075
0.10606563
-0.05134765
-0.04565739
0.06060524
0.02182981
0.05837963
-0.06330281
0.02005648
-0.13366601
0.05680700
-0.24279900
0.03729503
0.08599392
0.04366587
-0.07442947
-0.18180092
-0.07440340
0.03227007
-0.05958046
-0.09076035
0.09471353
-0.03847110
0.00874254
-0.19069491
-0.11308318
-0.03051635
0.07944071
-0.04099226
0.00371910
-0.12827177
0.04834324
0.16394199
0.12105369
0.09042332
-0.04484790
0.10440401
0.10210589
-0.07965902
-0.05848097
0.00721914
-0.05631770
-0.08499541
-0.02327901
0.11050444
0.13749133
-0.01441152
0.07404872
0.14612897
0.00926279
0.10923602
-0.10834176
0.03659727
-0.22015586
0.10641230
0.05757153
-0.04052473
-0.05787331
0.04854476
-0.07657703
-0.01076192
0.13962854
-0.01347905
0.08344947
0.11142400
-0.08527523
0.05280996
0.02966393
0.01287502
0.08775512
0.02022576
0.01310027
0.08893413
0.17509182
-0.03997581
-0.04128708
0.10013530
0.05200084
0.17067318
0.03775279
0.07645646
-0.03701327
-0.05572920
0.07389496
-0.08149280
0.06444205
0.05608454
-0.06337916
0.05934208
-0.07629946
-0.10673749
-0.03909782
0.07443158
0.07804781
0.09266513
0.00100747
0.06647861
0.03530339
-0.00096798
-0.02889482
0.10054939
0.06006011
0.02756151
0.00487084
0.07146522
-0.03414679
0.09469450
0.03632677
-0.08072782
-0.03284282
-0.20751348
-0.04094719
-0.00619555
0.02243327
-0.04741269
-0.14125238
-0.04027689
0.19384003
0.14177467
-0.05011070
-0.05839163
0.11942715
-0.03050861
-0.13430196
0.04752317
-0.03966106
0.06459660
-0.09461603
-0.02458229
-0.11495525
-0.03681101
-0.11034775
-0.05875314
-0.03237923
-0.08039454
-0.11417397
-0.20192620
0.08824360
-0.05330947
0.08737388
0.06042476
-0.19049983
-0.02529251
-0.00708007
-0.03625738
0.11759231
0.03542827
0.02939540
0.12194444
-0.02754886
-0.18248585
0.10167170
-0.07060787
-0.11280058
-0.02836578
-0.04133604
-0.03853343
-0.16978236
0.09963246
-0.14777531
0.10685116
0.14283776
0.05339934
-0.20435883
0.08115537
-0.03372929
0.06931743
0.01127212
-0.04649994
0.02533586
-0.08064303
-0.04386530
-0.09717615
-0.06306102
-0.05400223
0.04121444
-0.07279689
-0.03262533
0.01150700
0.08234409
0.07367881
-0.07466614
-0.03123433
0.06694227
-0.06066230
-0.09085968
-0.03702183
-0.12798123
0.05898023
0.01559556
-0.12126812
0.02974828
-0.11339651
-0.06695326
-0.02192478
0.07455596
0.00679666
0.00286765
-0.01784941
0.04186230
-0.07533663
0.07151171
-0.12923686
0.00459591
-0.07521897
-0.11984576
0.11693476
0.03450739
-0.05277170
-0.05289192
0.02418176
-0.01489630
0.00377870
0.03140808
0.01960975
0.00207228
-0.02444009
0.05646542
-0.10960852
-0.05313406
-0.11013852
0.01178209
-0.05078148
0.01583049
0.12567930
0.05629563
-0.00527426
-0.04444573
0.01164105
-0.02517143
0.03917130
-0.01995428
-0.02493177
-0.03714656
0.06977848
0.03935080
0.01705556
-0.06522212
-0.12758932
-0.07569424
-0.03887224
-0.03843284
0.01139088
0.06787954
-0.06806570
0.09766751
-0.00301302
-0.16400611
-0.06257351
-0.06397077
0.00815451
0.06087524
-0.05996140
-0.00962058
-0.01692666
-0.01413503
-0.10234542
0.02591654
0.03940407
-0.05760347
-0.12286276
-0.00103859
-0.09280220
0.07756197
-0.00850240
-0.09498507
-0.03404466
0.07343331
0.02740137
-0.04159280
-0.06138559
0.04148022
-0.12514606
0.07192454
0.08242609
-0.02700478
-0.16717400
-0.02986578
-0.03672997
-0.16251133
-0.11996845
-0.06811527
0.10052531
-0.06092565
0.03637784
-0.10531835
0.10144965
-0.06568428
-0.01764366
-0.03193308
0.02209365
-0.01455013
-0.04769264
-0.05624057
-0.04197113
-0.04888711
-0.07338060
-0.04763694
0.07677570
0.09517901
-0.00373510
-0.00851479
-0.02285504
-0.00354555
0.10130474
0.02864195
-0.00182156
-0.02763966
-0.00059898
-0.05662781
-0.11964270
-0.07609422
-0.02041517
0.01801313
-0.05168770
-0.00852462
0.09905112
-0.04183783
0.08561673
0.01444517
0.04921085
-0.08718227
-0.04261543
-0.00105285
0.04494676
0.12971155
-0.05911064
0.07273865
-0.02791158
-0.05770354
-0.00432441
-0.11729423
0.00519595
0.07297594
0.06453042
0.01868646
-0.02906957
-0.05099048
0.10217472
-0.09609386
-0.07832342
-0.05899389
-0.08257706
-0.13848636
-0.09687286
-0.06489688
-0.06294421
-0.03128599
-0.09613723
0.04023587
0.01384665
0.08885322
0.05774686
0.03569442
0.01113982
0.22263464
-0.07807328
-0.18151768
-0.04532791
-0.16345730
0.02032269
-0.05605381
0.09315434
0.03156155
0.08400092
0.06174282
-0.03683747
-0.08626625
0.05381990
-0.11232556
0.08709213
0.02615097
0.19105981
0.00093269
0.17915952
-0.07678813
-0.15154156
0.05987780
-0.15851896
0.05587123
-0.02196082
0.06067469
0.02778039
0.13816719
-0.03395439
-0.11815913
-0.04502796
0.00389896
-0.07874409
-0.06939670
-0.14320643
-0.07212009
-0.07553003
-0.00561114
0.05701502
-0.02559664
0.05129002
0.17960952
-0.03319407
0.06025857
-0.01824045
0.05959642
0.03019692
0.10474651
0.09825062
-0.11002479
0.04427993
-0.06203897
-0.00927599
0.01892363
-0.02771861
-0.05463448
0.09731421
-0.06981714
0.02171890
-0.01631680
-0.12507983
-0.04329430
0.05440576
0.04777218
-0.09292948
-0.03847230
0.06334264
-0.08495834
0.05044190
-0.09834857
-0.03503110
0.02786382
-0.06248615
0.02996508
-0.00218305
0.06367694
-0.03022540
-0.03216572
-0.06170652
0.01997791
0.07023139
-0.09853344
0.20655459
0.11367536
0.05917326
-0.05071100
-0.12325997
0.08024699
0.04838825
0.09376551
-0.01188667
0.03882165
0.01428526
0.02758700
-0.16604678
-0.03092027
-0.03776806
-0.02696076
0.01192752
0.08892067
0.08283183
0.02963088
-0.05945984
0.00856221
-0.11864408
-0.10322765
-0.00041707
0.03619260
-0.09677511
0.08966647
-0.05686107
-0.01895626
-0.00739083
-0.12643510
-0.11468004
-0.08734349
-0.02720015
-0.11847488
-0.05786176
-0.00383955
-0.14977014
-0.05773446
-0.08001076
-0.05628232
-0.00131491
-0.06335872
-0.11618070
0.01024377
-0.10318524
0.02515003
0.03407265
-0.05296486
0.00087256
0.02411919
0.05429517
0.01414601
0.04450923
0.01037427
0.03189149
-0.09566469
-0.11193112
-0.09146514
0.05289638
0.01994622
-0.04412058
0.02581962
-0.09068238
0.03795698
-0.02771033
-0.07428808
0.05727945
-0.08351146
-0.09889071
0.06576656
0.00839466
0.03581864
-0.11559520
-0.09102495
0.01776506
-0.06909622
-0.04826379
-0.08182299
-0.18346711
0.04158458
0.01847732
-0.09620118
-0.06978067
0.01201668
-0.09626244
-0.07501835
-0.10791747
0.01355929
-0.03824535
-0.08486719
0.02375907
-0.00540105
0.03526709
0.05236354
-0.02098261
-0.05926773
-0.04714435
0.06388498
0.04981156
-0.02052632
-0.07182187
-0.00722598
0.00891227
-0.05864821
-0.03005957
0.05069019
-0.04706139
-0.01585627
-0.08718118
0.08672333
-0.07239754
0.02721634
-0.06788751
-0.10888438
-0.02502222
0.03998036
-0.01447087
0.02476833
0.04326656
-0.07570230
0.00271356
-0.00260161
-0.10166359
-0.09493394
0.02191840
-0.02122685
0.01782174
-0.00101734
-0.00844280
-0.03185289
-0.06995252
0.08689175
-0.03198072
0.00036162
-0.10719436
-0.08348338
0.03173743
0.09100662
0.15055285
-0.04316222
0.08157641
0.03508195
0.04010630
-0.03577866
-0.06360650
-0.06799437
0.11529097
-0.04694092
0.01037329
0.09651844
0.11651369
-0.04329463
0.23761655
-0.04336002
0.16151805
0.06323601
0.07909400
-0.01467758
0.01344098
-0.12771130
0.04133474
-0.17940810
0.03221469
0.07821397
0.13335541
-0.08487472
0.12951520
0.01295842
-0.06383909
-0.03806924
-0.10602008
-0.01623356
-0.11559004
-0.08622268
0.17238909
-0.02775081
0.06119455
-0.10329527
0.02735875
-0.04899783
-0.16802911
0.09558059
-0.07048357
0.08635493
0.01051912
-0.05651832
0.04355530
0.06077151
-0.06520173
-0.06985033
0.06162528
-0.08756659
-0.05905384
0.15526611
-0.10062528
-0.03763894
0.06304330
0.17232758
0.06629928
-0.03453823
-0.11970183
0.10620385
-0.08042219
-0.06504151
0.14391850
0.03496583
-0.09089576
0.04129666
0.00155842
0.09131812
-0.02361849
-0.11541631
0.15313666
-0.13036947
-0.01118192
0.07706334
0.03979999
0.04688201
-0.09818177
0.08084784
-0.04310361
-0.07975341
0.09843975
-0.04088258
0.01592170
0.06147408
0.03085392
0.04241011
0.14922826
0.06933509
0.13833168
0.04263882
-0.05171435
0.09750341
-0.00842049
-0.03967948
-0.01829364
-0.00206335
0.13986486
0.11503341
0.04598924
-0.16178340
-0.05368240
0.06012564
0.06075614
-0.00461345
0.06067349
-0.02228802
0.09624049
0.09658766
-0.07544470
-0.06358188
-0.11088619
-0.11355025
-0.21349490
-0.02601603
0.01786910
-0.01908510
-0.02699126
0.00973247
0.12305938
0.13158388
0.06702685
0.11308882
0.02529883
0.07997729
0.02481760
0.06972328
0.01871223
0.07573693
0.11644503
-0.02336226
-0.04229057
-0.12910119
0.18149184
-0.18397211
-0.00877908
0.08981263
-0.02574484
-0.19746919
0.00489339
-0.01862883
-0.05360292
0.03116203
0.05995383
-0.01216786
0.04463174
0.01104859
-0.01072741
-0.00035933
0.01001178
-0.09977268
-0.06306715
-0.03559184
-0.00502730
0.06580736
0.01559247
-0.06946178
0.02962206
0.05022716
-0.12035858
-0.00704714
-0.19208305
-0.07645660
0.01054070
-0.08001156
-0.08283636
0.00853306
-0.01070855
-0.10043729
-0.07220560
-0.03117845
-0.02377242
0.17687733
0.05960765
0.07110256
0.01467700
-0.12805377
0.09387142
-0.08307461
-0.12259928
0.03866567
-0.07182848
-0.12870719
0.08435231
0.12621532
-0.10316467
-0.02293007
-0.05687240
0.06809134
0.03807597
0.05433087
0.03490799
-0.15963691
0.10611574
0.04858085
-0.07109447
0.03995027
0.09232713
0.10990117
-0.10646347
-0.12508570
0.02769521
-0.12700795
0.07610007
0.03081445
0.07723814
0.06658193
0.03095584
0.03727527
0.09211895
-0.02169876
-0.09237789
0.03769635
-0.00747152
0.01947414
-0.22942804
0.00948587
-0.16989028
0.02370485
-0.01849818
-0.00916319
-0.00936357
0.07865535
-0.00519789
-0.10979924
0.10086323
-0.19492583
0.05888241
-0.04737181
-0.03116964
0.02275318
0.00556454
-0.07398276
-0.03391921
0.01851147
-0.06432552
0.07873864
0.00955081
-0.10243492
-0.11972360
0.02994809
-0.07454402
-0.07302505
-0.02831111
0.07416250
0.00307042
-0.08470035
-0.00639464
-0.00117900
0.00207204
-0.09379538
0.03056588
-0.09875908
-0.01472950
-0.03873204
-0.02875086
-0.00658670
-0.11094303
0.03808906
-0.08302707
0.05324276
-0.03325926
-0.04997290
0.03388722
0.05580650
0.03025162
-0.01178382
0.05220863
0.06615968
-0.02318168
0.03486121
-0.06564067
0.01800943
0.01068669
0.00286129
-0.05156554
-0.07957961
0.03189502
-0.09422656
0.01167397
-0.02992336
0.00216100
0.03616210
-0.02073625
0.00920653
-0.06706109
0.00275113
0.01848813
-0.01125937
-0.09206436
-0.05139179
-0.06889218
0.01900599
-0.00719784
0.03561729
0.04616483
-0.05552859
0.07017343
-0.06790721
-0.00254384
0.02787460
-0.04719829
-0.09786765
-0.04409389
-0.07993909
-0.11302607
0.06372240
-0.07119947
0.05720521
0.01341936
0.03637502
-0.01296177
0.01765029
-0.08972879
-0.10804679
-0.09203421
-0.01884562
-0.07877927
-0.03489041
0.07898926
-0.02593782
0.01120662
0.01284102
0.00707546
-0.01279346
-0.06090420
-0.05161735
-0.02598118
-0.04671923
-0.02946608
-0.04428019
-0.06378941
0.04483625
0.08654168
-0.04253443
0.02091504
-0.09588662
-0.08175530
-0.00945755
0.07500486
-0.08721212
-0.01651402
-0.01281101
0.04474811
-0.06696894
-0.12427901
0.01414425
-0.00514353
0.07060333
-0.00041515
0.16786851
-0.05946036
-0.04937039
-0.11917178
-0.05605302
-0.02835670
-0.03028769
0.11587528
0.02597979
-0.07360291
-0.06651831
-0.03105905
0.12084437
0.03792058
0.06149510
0.08926836
-0.06057588
0.23165697
0.07682884
-0.05785211
-0.13998646
0.07821141
-0.01809346
0.06316172
0.02368902
0.27848959
-0.02573323
0.11254191
0.01926293
-0.02298613
-0.24043897
0.01761729
0.12199554
-0.09478811
-0.08908291
0.01020995
0.17251013
-0.09825279
0.15175918
0.04836304
0.27940118
-0.20254950
-0.04030049
0.09983761
0.11431511
0.25624743
-0.03511354
-0.04786449
0.07882061
-0.20049015
0.15369061
-0.00121221
-0.02857742
0.11495354
0.06256983
0.08497407
0.03227324
0.06819307
0.05438676
0.13155530
-0.05885581
-0.03357319
0.06039638
0.00037481
0.06623705
-0.09220542
0.14612335
-0.00162288
0.09797635
-0.14946471
0.06721213
-0.11349803
-0.08275312
0.07889451
-0.09432611
0.00143313
-0.02400961
0.02901272
0.01550709
-0.10518320
0.10637894
0.02196856
-0.05951612
-0.12826973
0.04639584
0.04347012
0.08431128
0.05479975
0.02778420
0.04918164
0.00061889
-0.01493470
-0.04545697
-0.00512004
0.09409061
-0.02116262
0.03924305
-0.11319353
0.06395936
0.05352317
-0.02749499
-0.12881058
-0.01568361
0.12677100
0.17049929
0.11860471
0.09548081
0.03816148
0.06208466
-0.05104344
0.00355673
0.03315216
0.07613772
0.01232147
-0.05828047
0.06123765
-0.08644592
-0.05743879
0.07245464
0.02019780
-0.00269458
0.11022509
-0.10330944
-0.16768661
0.02498527
0.08434928
-0.01236434
-0.01709119
-0.02233976
-0.00510702
0.01963088
0.02820677
-0.06523257
0.17172785
-0.02923322
-0.04228552
0.02880223
-0.00476068
-0.02812178
-0.15159574
0.04502628
-0.10865256
0.06071943
-0.05374262
-0.19451404
-0.05637853
0.08084302
0.02399326
-0.00594579
0.14574952
-0.20060255
-0.00088187
0.08682037
0.12182983
-0.17864549
-0.07848912
-0.01707208
0.03428723
-0.06825226
0.03113351
-0.05452641
-0.15126432
0.09098238
-0.01744694
-0.07492021
0.03023986
-0.04187856
-0.05231477
-0.00307426
-0.18995856
0.02622605
0.07443258
-0.06697382
-0.00097400
0.07548007
0.02173323
0.10351855
0.13527156
-0.10294936
0.02216094
0.05781980
-0.00395991
0.08534890
0.03553366
0.04186310
-0.05089944
-0.19825950
0.08741196
-0.07920148
-0.02842626
0.09927139
0.00971477
-0.00301432
0.06954132
-0.04710468
-0.00164493
-0.08597270
-0.03994760
-0.06069322
-0.05661875
0.03145202
-0.03821517
-0.12781534
0.01335587
0.09595633
0.09436063
0.00349759
-0.05174967
0.06158943
-0.00261604
-0.13168873
-0.08254121
-0.08110420
0.04192436
0.08895581
0.08427586
-0.06436601
-0.01819869
-0.06978469
0.07799233
-0.00065817
0.00152702
0.02324584
0.04607235
0.01333372
0.02339408
0.07439218
0.07534099
0.12036823
-0.08846154
0.00540912
0.03201323
0.09048462
-0.01928857
0.04460594
0.16295256
-0.02731073
0.03082481
-0.10026491
0.05336559
0.10956819
-0.03637680
-0.14702892
-0.06225776
0.07040451
0.07740422
-0.10836051
-0.10690410
0.06838226
0.14396434
0.04760953
0.00989449
0.04888808
0.04563722
0.01809587
0.06821993
-0.09668043
-0.09823058
-0.04296967
0.17965207
0.02983502
-0.19254608
-0.07204431
0.04295210
-0.07745243
-0.20792407
-0.09209101
0.04092191
0.10200420
-0.08304661
0.26527253
-0.08084903
0.02671454
0.00709088
-0.08050483
-0.03369675
0.01265023
-0.03316578
0.11704183
-0.04120630
-0.00558174
0.10929038
-0.02646911
-0.07317523
-0.05232331
-0.08927549
0.02955423
0.05860362
-0.00506377
0.22841482
0.01140579
0.09311516
0.08069611
-0.06593048
-0.02341664
-0.01595940
0.01974792
-0.00652383
0.11986105
0.07578032
0.06618147
-0.08720470
0.01922206
0.02716835
0.07084081
0.03130120
-0.24912113
0.01985672
-0.07546459
0.12246998
0.05070370
0.02488500
0.07209336
0.04224424
0.15566874
-0.01049344
0.08268500
0.06425726
-0.02691104
-0.05039885
0.08538257
-0.00589551
-0.07242442
0.04127704
0.07349250
-0.00187488
0.02587803
0.01490401
-0.00327613
-0.04120480
0.06267580
0.12586538
-0.08015001
-0.10872153
0.02721975
-0.05853165
0.18995889
0.00757936
0.01537362
0.08884014
-0.10623284
0.11448321
-0.05403166
-0.04277794
-0.07981216
-0.12723330
0.04632129
-0.20956536
0.03181756
0.06529824
0.14930168
0.08987153
-0.08265138
-0.07547542
0.15056121
-0.07737239
-0.23269649
0.12954804
0.01283055
-0.01192958
-0.00716804
-0.10286026
-0.07345516
-0.00363847
-0.10434207
0.04163971
-0.07608666
-0.05754557
0.13426425
-0.17410353
-0.21786831
0.06909237
-0.19703852
0.00380557
-0.06217023
-0.03942815
-0.04283137
0.20168050
-0.13740090
0.01853753
0.22267544
-0.01973860
-0.05656328
-0.03777388
0.14493307
-0.05817942
-0.13346842
-0.05259543
0.13506354
-0.05877146
-0.02546199
-0.00752548
0.00382117
0.03242173
-0.11235569
-0.10762759
0.09517229
0.04684846
0.03574680
0.00756934
0.16035642
0.02131137
0.13275160
-0.08095385
0.03635435
0.07539362
0.02195653
0.11667774
-0.05577786
-0.19641593
-0.08060389
0.05927748
0.03221432
0.14883265
-0.01777395
-0.10069764
0.07213848
-0.05893756
-0.03740045
0.07379521
-0.01783655
0.07946441
-0.13481493
-0.01119437
0.01460959
-0.12246207
-0.05031189
-0.12474719
0.20107669
0.08125524
-0.18868795
0.11763325
0.04337303
0.03230124
-0.06612118
-0.06869943
-0.12125635
0.08107977
-0.04610727
0.01410832
-0.04418343
-0.20986998
0.04723864
-0.00213251
0.03540250
-0.06083820
-0.06826946
-0.08418630
-0.03895203
0.01993836
0.08422200
-0.12613469
0.15950485
-0.12107768
0.02473331
-0.07061595
-0.14876336
-0.02094061
-0.08937621
0.03415897
-0.05648367
0.04854697
0.04348869
-0.08902916
-0.20697215
0.10625392
-0.00100834
-0.20867389
0.02932404
0.07882404
-0.17405474
0.02745731
-0.02684427
0.04073872
0.13941140
-0.10495288
0.08557334
-0.06490719
0.06508043
0.11066815
-0.06074461
-0.00827593
-0.10745119
0.13010705
-0.07915088
0.07813595
-0.06149824
0.04133773
-0.11989255
0.08941656
-0.07060233
-0.09221317
-0.09980363
0.09103969
0.08657560
0.04341305
0.03014494
-0.07433339
-0.15095881
0.11965327
-0.08167697
0.09977239
-0.00107433
-0.10769355
0.11987122
-0.11555000
0.11422791
0.02363679
0.11924347
-0.00510511
0.09024440
0.04756244
-0.09760234
-0.04677404
0.21626805
-0.01996889
-0.09940740
-0.08161431
-0.01962247
-0.02979452
0.10709482
0.21770512
0.07960265
0.06696388
0.15006691
0.03284312
0.09591220
-0.05082775
0.08611200
0.24987815
-0.11151462
0.02117356
-0.01626465
0.00532141
-0.10572397
0.11373194
0.03487595
0.11034271
0.20989463
-0.02692454
0.01039380
-0.07314651
-0.11238327
-0.06351230
-0.07118636
-0.04351559
0.15609798
0.05332042
-0.08414416
0.00168209
0.03910409
-0.05266002
0.07371771
-0.01113886
0.05699418
0.06267067
0.00097048
0.00222269
-0.05455168
-0.01042365
0.04067672
-0.13464831
-0.01951973
-0.01237189
0.01306721
-0.09682559
-0.01140400
-0.04563587
0.01215571
0.01285356
-0.14435682
-0.04407307
0.07445547
-0.13826811
-0.07169479
-0.05326167
0.03065675
0.12966891
0.01580577
0.07638661
0.01337799
-0.05896396
-0.10015575
0.07936483
0.08508308
-0.06715740
-0.12119907
-0.07099263
-0.07510993
0.02810712
0.01491931
-0.16731681
0.02998661
0.06198394
-0.13202628
-0.15080297
0.17689388
0.09964067
-0.00412102
0.07643061
-0.04998019
0.00527034
0.09830081
0.08165159
0.01416174
0.00562292
0.06626371
0.10534480
0.03022500
-0.01708242
-0.03071638
-0.09091099
-0.01231831
0.04830937
0.00438274
0.10647879
0.00406558
0.07706244
0.14683624
-0.05670360
-0.17807119
-0.06418371
0.03472614
0.12024560
-0.08857221
0.24383594
0.08167519
0.02735678
-0.08423813
-0.10422131
-0.07469350
-0.08132797
0.09738537
0.08790495
0.00780122
0.09141702
-0.05515951
0.03681194
0.03964575
0.01553116
-0.09820790
-0.17702101
0.01505304
0.07457671
-0.12445889
0.06317353
-0.05353734
0.05035242
0.00806477
-0.07342826
0.07269159
-0.10164934
-0.02330500
0.08856644
0.00256196
-0.04241914
0.03650632
-0.11790247
0.03390503
0.00359700
0.01374804
-0.15235671
0.18913028
0.06012199
-0.00306537
-0.15125732
-0.23726745
0.00127335
-0.07405867
-0.03762778
0.10658460
0.02258508
-0.17381306
0.08772397
0.13631713
0.03902160
0.12865366
0.02139944
0.03759559
-0.06634339
-0.06132036
0.14055547
-0.00431267
-0.03056158
-0.10877994
-0.11943547
-0.06020570
-0.09012825
-0.07109928
-0.05329981
0.09249551
0.14551742
-0.08443729
-0.07758022
-0.06746151
-0.00698452
-0.03594011
-0.00112494
-0.07768063
-0.16383250
0.07147272
0.09650903
0.02375345
0.02228471
-0.01582243
0.11703114
0.05784439
0.04546428
0.05560707
0.00758272
0.09742025
-0.08247052
0.00702407
0.02067031
-0.09109914
0.08646884
-0.07428320
-0.05493409
0.02475896
-0.02497131
-0.11805671
0.02331250
0.12758902
0.07591171
-0.04311355
0.07551725
0.01596114
-0.01711680
-0.05626683
0.01269887
0.02781117
-0.07025978
0.07799429
-0.16247976
0.06734504
-0.05590342
-0.05910392
-0.01846022
-0.07484581
-0.08024190
-0.13179725
-0.13012388
-0.04355202
-0.05295813
0.09097923
-0.12075265
0.04635375
-0.04620923
-0.08599614
0.16501625
-0.09560775
0.04968256
-0.08171197
-0.08238302
0.12056271
-0.04654497
-0.10312659
-0.07830980
-0.06854212
-0.08403081
-0.14381441
0.17048043
0.00619419
-0.00292250
0.03589163
-0.02312546
0.05631905
0.10890479
-0.02978646
0.00144907
0.00381709
0.13445154
-0.06533793
-0.08580568
0.06493764
-0.13584094
-0.02456162
-0.05344991
0.01079453
-0.03169393
-0.03041875
0.03052951
-0.08713058
-0.02899828
-0.09519894
-0.13408989
-0.04843262
-0.06138674
-0.09380256
0.06646778
-0.16758882
0.00735977
-0.06260765
-0.05762996
0.04590506
-0.04992407
-0.02136881
0.02874446
-0.03664991
0.05342462
-0.02266130
-0.14482714
0.10736727
0.01107588
-0.02885980
-0.09644119
-0.01514958
0.07301340
-0.02499410
0.06075261
-0.06711703
-0.09494562
-0.15560868
-0.03333025
0.01972155
-0.05485283
-0.07132974
0.02301764
0.02444324
-0.05088849
-0.00778963
-0.11348077
-0.13613074
0.04328557
-0.10363672
-0.08386823
-0.08841965
-0.14253543
-0.16383679
0.03629492
0.05688489
-0.07903319
0.01731254
-0.02474257
0.00309367
-0.18666005
-0.12050436
-0.00678908
-0.01751492
-0.03107072
-0.01870679
0.02307255
0.00652901
0.01740890
-0.16526446
0.06042701
-0.02942665
0.06757570
-0.08275422
-0.07593286
-0.08444765
-0.11358558
0.01260106
-0.00089345
-0.08281421
0.09643712
0.03106831
0.11929061
-0.10819353
-0.17283675
-0.00841897
-0.02007941
-0.07825607
-0.01113305
-0.00800803
0.21459752
-0.03348628
0.04974719
-0.13471635
0.01293193
-0.02296220
-0.05363543
-0.07275026
-0.03027690
-0.08315354
0.00392462
-0.02118995
0.08100243
0.08479458
-0.04895369
0.06680709
-0.16827132
-0.08234947
0.07507884
-0.05495531
0.01019986
-0.07677993
0.19120945
-0.01979159
0.06461100
0.01918612
-0.13420586
-0.04618922
0.18386135
-0.14610419
0.00588354
0.15577275
-0.13821411
0.14670761
0.11759306
-0.00735983
-0.14655238
-0.03969755
0.09313695
-0.04102216
-0.09850864
-0.13249911
0.08744912
-0.03403381
-0.09201566
0.04854151
-0.19335060
-0.15116219
-0.13776614
0.00757740
0.19313319
0.00494423
-0.05338337
-0.01882389
0.09172256
0.05337013
0.17202076
-0.10461525
-0.01315533
-0.10685351
0.05216070
-0.00675691
0.01912065
0.00699812
-0.06877245
-0.07889517
0.01281073
0.06132200
-0.16299741
-0.02870094
0.01873257
0.12565988
-0.08008080
0.09002332
-0.09149597
0.10660675
-0.04497723
-0.16694263
0.15053052
0.23406997
0.10822116
-0.05167952
0.03190957
0.05182954
-0.08066756
0.02350847
-0.18310878
0.06663808
-0.05525836
-0.03505813
-0.06788613
-0.01062920
-0.03378977
0.03563330
-0.07239066
0.10477830
0.00323447
-0.16566795
0.16588399
-0.12729198
0.00563596
-0.11555068
0.06470671
-0.10075486
-0.25491059
-0.18005054
-0.22209176
0.01363206
-0.01861726
0.02607005
0.05486865
0.09610881
0.00913052
-0.09087455
0.14242561
-0.13352911
-0.04869152
0.05811862
0.22490697
-0.01740582
0.09387724
0.06966077
-0.12098611
-0.14664438
0.00201746
-0.12135747
-0.15562251
0.00473957
0.07475499
0.05328586
-0.07010671
-0.11285538
0.03726967
0.03672320
-0.03584037
0.06702325
0.09645087
0.02826714
0.16083296
-0.13097726
-0.05354365
0.06057228
-0.08884482
0.01751427
0.08085516
0.03697227
0.01824179
-0.07543711
0.07223482
-0.02119517
0.05711765
0.00157872
-0.00701378
0.06917093
0.02638543
0.07824663
-0.09157486
0.09155442
0.07776945
0.03574604
-0.19341467
0.08953314
0.06943323
-0.18591399
-0.02319337
-0.13627690
-0.03106379
-0.11916472
-0.22271939
0.10207312
0.06576230
0.14178741
0.07492168
-0.02341784
0.03678389
-0.01229124
0.02635616
-0.13853067
-0.02123629
-0.02441485
-0.09652159
-0.00100785
0.06146261
-0.06786114
0.03404476
-0.13349135
0.14927736
-0.05636969
-0.00812615
-0.07193211
0.09605753
0.07135349
-0.06972554
-0.05478706
-0.21339458
-0.13747820
0.01569730
0.03971603
-0.07981782
0.06638952
0.03909315
0.00076293
-0.10247502
0.02219151
0.05296618
0.05546967
-0.05646879
0.04932191
-0.00677696
0.10769280
0.04472394
-0.06738241
-0.06282063
0.00366148
-0.23877762
0.13074812
-0.07091813
0.01054025
0.03852941
0.02098294
0.02122655
-0.13463071
0.02887097
0.07723916
0.07951270
-0.06980933
0.06074290
0.00194325
0.02388467
0.03931383
-0.01964237
-0.02089794
0.02665364
-0.05208863
0.19229533
0.01399017
-0.03725679
-0.11191913
0.00152280
0.15428586
-0.16211654
-0.11858492
-0.07293434
-0.05552918
-0.09438034
0.06755206
-0.04894731
0.08227872
0.02632133
-0.05533754
0.11376775
-0.14880405
-0.09644308
-0.00115214
-0.04233386
0.19016279
-0.09559869
-0.02958547
0.09143893
0.05115977
-0.02005184
0.13855541
0.08404259
-0.05043103
0.21647376
-0.00944143
-0.19403213
0.14500445
-0.05677368
-0.17563993
0.10727944
0.04579505
-0.24693485
0.14596388
-0.03859534
-0.09343432
0.00492556
-0.08504533
-0.03468902
0.06051451
0.09318209
0.03510770
-0.00428191
0.11378244
-0.18288328
-0.11215434
-0.17006196
0.03037236
0.02901793
0.16436371
0.09914263
-0.08654081
0.04255362
0.05428230
-0.01613721
0.09651989
-0.02806772
-0.01550586
0.05687987
0.02212308
-0.04029635
0.12475643
-0.00294944
0.04428180
-0.09818095
0.02280285
0.14241436
-0.09041920
-0.06558607
0.08461440
0.11680155
0.16352203
-0.22447753
-0.05659342
0.02241962
0.03524699
-0.05731189
0.03882129
-0.06612259
-0.06448016
0.03112898
0.01634189
-0.03877227
0.05506961
0.02440793
0.04716892
0.12066517
-0.08585578
0.08411115
-0.08148583
0.05057093
-0.16591118
-0.11302940
-0.00918454
-0.00742512
0.05060574
0.01334317
0.06736886
0.02240273
0.06379835
-0.08967270
-0.02857909
-0.04240987
-0.04274581
-0.10910586
-0.10000642
-0.01349092
-0.00807019
0.04462300
0.01722291
0.04556312
-0.07668544
0.02726826
0.00406347
-0.09666768
-0.04280790
0.05741822
-0.07775387
-0.09613188
0.05927082
-0.01125281
-0.06177487
0.06570148
-0.08825292
-0.00239740
-0.05021850
-0.12849097
-0.03048558
0.07027908
-0.07202432
0.03420837
0.01556932
0.06093438
-0.03297797
0.04175282
0.00241378
-0.09360130
-0.04403320
-0.11421682
0.02815470
0.04343909
0.08030382
-0.03535283
-0.11600879
-0.09392854
-0.04132169
0.01630674
-0.00416345
0.01917664
-0.01963637
0.01108036
-0.01212655
-0.03945723
0.00881537
-0.02839075
-0.01576726
-0.13863795
-0.00163422
-0.04298536
0.06414139
0.01149459
0.01169332
0.12754089
0.06474491
0.09859969
-0.01179154
0.05951511
0.04954430
0.01135017
-0.11406671
-0.06308265
-0.04420163
0.03258158
-0.01174467
-0.04141774
-0.08820744
-0.07938876
0.07084561
-0.01561889
-0.09662428
0.08420966
0.08049864
0.04797870
0.01503391
-0.04177440
0.10067381
0.00398013
-0.00039953
-0.11642472
-0.03657155
0.07640371
-0.19519843
0.02471906
-0.02304848
-0.14879730
0.02804128
-0.06013558
-0.26717144
-0.04251472
0.06024954
-0.09090574
-0.04852220
0.09792706
0.08970371
-0.06790376
-0.08916742
-0.15175703
0.07331187
0.08269613
0.05490835
-0.03871481
0.12857732
0.04924507
0.00867008
-0.09056759
-0.10257034
-0.00114400
-0.04154641
0.18675476
-0.02594910
-0.05628866
-0.02611984
0.09538056
0.02564607
-0.15516233
-0.00630691
-0.06004156
-0.07582093
-0.13217840
-0.05889041
0.12874529
-0.05830335
-0.31293377
-0.03084109
-0.27218786
-0.22952838
-0.11344678
0.05907285
0.02575872
-0.01617573
0.08071279
0.16704278
0.02809067
-0.07298592
-0.17788549
0.00432051
-0.10498780
-0.00752188
0.12494093
0.08629578
0.08314954
-0.03027097
-0.07560250
0.01096242
0.02933231
-0.21393239
-0.02051375
-0.09009317
0.00624483
-0.12518069
-0.06154441
-0.05150986
-0.06740382
-0.14673969
0.02450695
-0.18171312
0.04972394
-0.07707221
-0.00501506
0.03144550
0.03863112
0.09606045
-0.06172229
0.02171242
0.01215392
0.03604467
-0.19350003
0.11642487
-0.06732390
0.03860264
-0.10561921
-0.00178535
0.09845097
-0.11937781
0.00050616
0.01567361
0.08971012
-0.05932151
-0.04103528
0.05258411
-0.03624413
-0.05077513
0.10225673
0.04542282
-0.03215982
-0.06511159
-0.04991996
-0.05259945
0.02150280
0.02356473
0.03060815
0.06358282
-0.00617213
-0.01219342
-0.09318114
-0.13729057
-0.07172956
-0.01709207
-0.13458671
-0.04556704
0.01672543
-0.11039297
0.04355139
-0.02870534
-0.19240218
0.05346921
0.05918507
-0.02749870
-0.06654624
-0.13956556
-0.07690742
0.08998440
0.12299009
0.11959763
-0.08676297
0.07766138
-0.18908539
0.03983571
-0.04130360
0.11097684
-0.03413435
-0.01721246
0.06209461
0.06461484
0.03765816
-0.15137199
-0.00856284
0.15384644
-0.10176798
0.01233073
0.01364949
-0.03089830
0.08718382
-0.06890723
0.07364536
0.06878209
-0.00870855
0.13364585
-0.08248203
-0.06574478
-0.08726117
0.01222749
0.00402084
0.07419858
0.06705592
-0.15698603
0.01715381
-0.02101674
0.19240178
-0.08984637
0.13830857
-0.08055526
0.07806726
-0.07284945
0.01935829
0.05744212
-0.06268483
0.12196828
0.08576062
-0.08845475
0.16788134
-0.07618650
-0.00403596
0.12913643
-0.06126004
-0.03048305
-0.02477959
0.08901902
0.04859649
-0.04768736
0.06660420
-0.01175621
-0.01121861
-0.03872612
0.01077479
0.16589411
-0.02177996
-0.04859834
0.01115177
-0.15035094
0.01927977
-0.12381700
0.03871362
-0.04028980
-0.11984035
-0.08332742
-0.03386546
0.10234737
-0.07534819
-0.03006925
0.05147798
0.10553562
-0.06750780
-0.08212323
-0.04273320
0.08432045
-0.13844396
-0.07908199
0.09368691
0.03829641
0.08083052
0.10741666
-0.03705685
-0.04046057
-0.01858976
0.02624412
0.23931329
-0.18605405
0.06311162
-0.00109772
-0.06331433
-0.04255769
-0.04634746
-0.01235580
-0.03166168
0.02989041
0.09763312
-0.08884933
0.09606268
-0.05521895
-0.02540586
0.17570478
-0.05109014
-0.00381560
-0.03868482
0.02282895
0.00793452
-0.02734949
-0.00069717
0.06075746
-0.15875147
0.06040222
0.06979762
-0.09867863
0.03465653
-0.07515317
0.03805397
-0.00671567
0.07702747
-0.11400072
0.01142591
-0.13780859
0.05580722
-0.06008007
0.05699553
-0.10840511
0.01490361
0.00033779
-0.04700808
0.02109242
0.05742125
0.06754337
0.00319874
0.05394633
-0.00541663
-0.05767206
-0.02792988
0.05367297
-0.01934743
0.03017809
-0.01800930
0.01479707
-0.04641439
0.15120862
-0.11747956
-0.02069912
-0.13334458
-0.01805061
0.03842938
-0.10246947
-0.05393704
0.07354650
0.09023736
0.10330686
0.07173228
-0.04434531
-0.01911401
-0.00867911
0.02498564
-0.15706819
0.04102089
0.05917155
0.06254414
0.01090535
0.03701267
-0.05632428
0.13257577
0.03836420
-0.15066406
-0.06599278
0.03186768
-0.03288240
0.08023589
0.05270689
-0.17649105
-0.12329149
0.13601947
-0.01440507
0.05026793
0.13863090
0.01499803
-0.01178753
0.20674574
-0.04264748
-0.05313843
0.03633804
0.02434281
-0.06503116
0.08016666
0.02935990
0.05139076
-0.10770711
-0.09219986
-0.15098877
0.00432478
0.06554873
0.09904215
-0.06790319
0.01569596
-0.11902587
0.01149199
0.00486164
0.05478435
0.06267729
0.03869650
-0.08880826
0.00471237
0.05864032
-0.03626035
0.06469969
0.07941905
-0.06204180
-0.04117218
-0.00859625
0.04605560
-0.11833234
-0.00044408
0.11658957
-0.04548185
-0.10096167
0.02988576
0.01349232
0.08239713
-0.01654325
0.13344692
-0.08349191
0.06562300
-0.06177359
-0.00251077
0.05996318
-0.06132286
-0.09672005
-0.17989247
-0.06170570
-0.02612576
-0.06365962
-0.00715005
-0.04738327
0.01794024
-0.08744849
0.06848824
0.07634786
-0.00972188
0.00350547
0.09623793
-0.08890627
0.04277372
0.01675830
0.14569026
-0.10947891
0.09632605
-0.06918111
0.04847571
-0.00550805
0.00566606
0.04624088
-0.02001274
-0.23052023
-0.16280830
0.08332929
0.09299696
0.04165638
-0.11501275
0.00206354
0.05976404
-0.05655081
0.15710902
0.01142894
-0.22701827
0.05618231
0.07667883
-0.04954059
-0.06560978
0.01321387
0.05455691
-0.01106550
0.07316293
-0.12431345
0.06462964
0.26089168
0.05648205
-0.04825005
0.05715799
0.07215562
-0.04429739
0.17230237
-0.05223522
-0.06854046
-0.06766639
0.02702910
-0.07707126
-0.13829629
0.14228709
-0.02139428
-0.09065825
0.03189617
-0.12340904
0.02759184
-0.06825268
-0.10482658
-0.01938892
0.13945179
0.08030326
0.08455614
0.03599342
0.01533642
0.02749603
0.07697607
-0.05993624
0.01692938
-0.08067511
0.21192533
-0.07089355
0.05036277
-0.07535940
0.03921036
0.07060630
-0.01327714
-0.11988474
-0.03280889
-0.00520091
0.02552664
0.02452107
0.02617929
-0.04689246
-0.04601150
0.02172202
-0.00307997
-0.10019705
0.11526508
0.07209820
0.08424310
-0.00814785
-0.09181298
0.02660115
0.00102146
0.00759463
0.00278245
-0.13255621
0.04516336
0.01720713
-0.06191708
-0.01334023
-0.01781268
0.09313741
0.04299996
0.03002864
0.01453494
0.03598987
0.06786030
0.10633906
0.01833227
-0.17200550
-0.11321487
-0.03291045
-0.11133270
-0.10046304
0.00150424
0.07894993
0.08022242
-0.08606585
0.07497448
-0.03653344
0.08734112
0.03252623
0.08293840
0.03235753
-0.03612235
-0.14317633
-0.11452035
-0.06146816
-0.01504568
-0.09702265
0.00039018
0.06450289
-0.10359029
0.01963949
-0.00588079
-0.02031734
-0.10451749
-0.06794327
-0.00555533
-0.09428704
-0.01569442
0.00800321
0.12111187
-0.14245234
0.04836755
0.02117415
-0.22649094
-0.10459322
-0.02759654
0.02464874
0.03501118
0.04425064
0.14061116
0.01285972
-0.04650853
-0.01179411
-0.18015052
0.00937622
0.10175754
0.01853524
-0.16212504
0.07467185
-0.08627954
0.08389760
-0.00440588
-0.03740067
0.04055323
-0.00000431
-0.05987591
0.03691721
0.10593542
-0.00285895
-0.07828387
0.07758208
-0.00272364
0.00982569
-0.00495718
-0.06350917
-0.00836236
0.12692283
0.09417652
-0.02523874
0.07057276
0.09100141
-0.06557040
-0.00596549
-0.00563699
-0.05259916
-0.11358114
0.08972291
-0.04391502
0.06166026
0.05606781
0.09464319
0.10157643
-0.05403744
-0.04820774
0.10787177
0.06483938
-0.03293760
-0.11498939
-0.07607053
0.11987557
-0.01546113
-0.03608405
-0.00489125
0.06768491
0.00518015
0.05197380
0.01628117
-0.02925783
0.09497137
0.06890567
0.02591889
0.05629364
-0.04476672
-0.04562981
-0.00555529
-0.04302063
-0.03380022
0.09219975
0.09008296
0.01558494
0.01373546
-0.05753989
-0.04222091
0.04923787
-0.12065174
-0.05128084
-0.13181950
-0.13660006
0.07406308
-0.03968978
0.02320346
0.08323865
-0.08950850
-0.07248560
-0.07491354
0.03043540
0.08667661
0.04490806
0.08739445
0.08973151
-0.05437761
-0.16455068
-0.01905568
0.05300741
0.08045956
-0.02366707
-0.00434277
0.03825686
0.04809758
-0.08423790
-0.06299138
-0.03524469
-0.08804056
0.07131840
0.12183833
0.04375154
0.03582881
0.06062034
0.04685130
-0.11436091
-0.20240869
0.11519434
0.01118581
-0.10944215
0.07264044
0.06376573
0.07154618
-0.02099853
0.03646344
-0.27606192
0.10515091
-0.07255322
0.14425020
-0.08615374
0.00407179
0.07619447
-0.00852544
-0.00094813
-0.09555693
0.01519794
-0.14846011
0.11723613
-0.08286615
0.04385457
0.06512818
0.07546733
0.05584022
-0.01919188
-0.15540205
0.02546290
0.11440612
-0.10108760
0.00877319
0.07742491
0.11668559
0.03528011
0.02325106
-0.16214649
-0.04455106
0.13391839
0.06109443
0.14681572
0.06391609
0.06840811
0.12526181
-0.11232708
0.12678002
-0.04141333
0.00900775
0.05227730
0.00706663
-0.11545338
-0.03877015
-0.01301687
-0.09594914
-0.04033149
-0.01772901
-0.04665437
-0.12320584
-0.11154387
-0.05030373
-0.15664528
-0.04951375
0.09109213
0.19045964
-0.03049278
0.03006718
0.01602162
0.02203751
-0.23530115
-0.12226718
-0.13595784
0.04561499
0.12304302
-0.10615762
-0.10300392
0.03562241
0.02128825
0.09389286
-0.07145471
-0.08244400
0.01422264
-0.06746241
0.00087391
-0.06156546
0.13518715
0.01338792
0.20588487
-0.03412056
-0.06968610
-0.08386031
-0.06699520
-0.07821480
-0.02058944
-0.05007643
-0.00926646
0.09350414
-0.11067904
-0.02341197
-0.05497439
-0.04450294
-0.00739400
-0.00695428
0.06357029
-0.06851673
-0.01823715
0.00721891
0.02857763
0.08232357
-0.02485146
0.09444293
0.18685262
-0.04495516
0.04947824
0.07029021
-0.01935202
-0.06546353
0.13359500
-0.03951909
-0.12956911
-0.01449564
-0.15047374
0.01105179
-0.15873143
-0.02996656
0.01793279
0.12500213
-0.05054056
-0.12927185
0.06399447
0.07105892
0.08255933
-0.09567358
0.18283881
0.03705750
0.10664253
-0.06458605
0.03465018
-0.08291845
0.02371796
-0.09003812
-0.02818306
-0.05765285
0.03052740
0.11727771
0.00387449
-0.01038204
0.09123668
-0.10218141
-0.05019224
0.03659479
-0.15840966
-0.05930543
0.00141897
0.06170635
-0.17825182
0.15086527
0.12499020
0.12261591
-0.02131501
-0.02179208
0.00027490
-0.01065462
-0.02714548
0.04651998
-0.08005506
-0.10063672
-0.03592740
0.05757463
0.12503810
-0.04271887
-0.13132699
-0.00548251
0.10996409
-0.04417953
0.12707120
-0.08964957
-0.04428645
-0.02669178
-0.03063536
0.04822921
0.03609696
-0.00622910
-0.08810732
-0.03734184
0.05444733
0.08180904
0.04971599
0.03442186
-0.06144727
0.06360155
0.03148707
0.01350421
0.04707222
0.00220873
0.15125902
0.21634775
0.01814971
0.07794782
-0.06981549
-0.00779787
-0.06657381
-0.03864706
0.09793998
-0.12197419
-0.08360793
-0.18064535
-0.17178915
-0.02586020
0.11224999
-0.03137257
-0.01375990
-0.03459894
0.00190703
-0.05758571
-0.00014136
0.04905605
0.05040188
0.00659488
0.11728138
0.05589419
-0.00582571
-0.02489535
-0.09876450
-0.03940780
-0.04268102
0.20966560
-0.12687074
-0.16460682
-0.00638477
-0.05244987
-0.09184860
0.01086418
0.02508722
0.14176853
0.04086347
0.18752792
-0.12248661
-0.03397841
-0.14249441
-0.16511448
0.03611426
0.13101037
-0.02493994
0.08672576
0.08157184
0.12169315
0.03779854
-0.08910341
-0.14203008
0.04127456
0.13841179
0.12255333
-0.12475199
0.08345420
0.10651205
-0.00906007
-0.01893264
-0.01731967
0.12661786
-0.03604096
0.03083709
0.07874406
-0.00362411
-0.05987142
0.08775131
0.04556048
0.09191433
0.05268461
0.18640079
-0.13034071
0.11502800
0.12817052
0.01315128
-0.06681336
0.02611152
-0.15051752
0.02874327
0.00632335
0.03799317
-0.09118457
0.09990815
0.00245965
0.05137306
-0.04969106
-0.22567464
0.09702332
-0.12065629
-0.00781862
-0.03100631
-0.08925828
-0.20663568
0.06409398
-0.08556530
0.01537136
-0.00295744
-0.02713140
-0.00358082
-0.04121906
-0.02943050
-0.00716359
-0.03736914
-0.05982739
-0.02660822
-0.08468769
0.05712969
0.03911981
0.06640813
-0.00796969
-0.08707260
0.12568605
-0.14575946
0.00371248
0.10029931
-0.03310200
0.12963811
-0.08330260
-0.03867978
-0.12622678
-0.00787472
-0.09092884
-0.04740189
0.16948219
0.22265784
0.06159009
0.01599968
0.20282468
0.16380355
-0.04193985
-0.04165816
0.00624438
0.04783023
0.00179538
-0.09051829
0.04770443
0.00437088
-0.09755512
0.01419129
-0.01507043
-0.09252292
-0.17518400
-0.07343697
-0.12009151
0.08525053
0.07395069
0.10352162
-0.10389755
-0.01891851
0.01444020
-0.07093769
0.13904946
0.06407949
0.08821786
-0.00859578
-0.05191484
0.08424230
-0.02541238
0.14365380
0.10748548
-0.08407901
-0.03191990
-0.18923126
0.04870572
-0.09427659
-0.12735537
0.00301977
-0.06673345
0.02272070
-0.04908406
0.09941570
0.06706598
0.04116338
-0.03887855
0.00404359
0.05809099
0.07111741
-0.00713987
0.10608701
-0.04939592
0.10528976
-0.09367875
-0.00971089
-0.09925018
-0.11443224
0.11439642
-0.11455745
0.13360521
0.04892863
0.02338297
-0.08341870
-0.03720329
0.11784597
-0.12342360
-0.03524338
0.09887967
-0.05428639
-0.02648668
0.06058022
0.17849319
0.11298273
-0.00333821
0.02086751
0.05942585
-0.00386394
-0.10443108
-0.06383315
-0.16221200
-0.06744404
-0.04867285
-0.09213277
0.03238931
0.08043828
-0.02242142
0.07241710
-0.15847540
0.06005608
0.03757947
0.08802522
0.07291329
-0.03760009
-0.06684256
-0.03198321
0.07131539
0.13231301
0.11731371
0.08303268
-0.07573962
-0.03591837
0.02041922
-0.07624239
-0.02084619
-0.02084108
0.07304342
0.11643287
0.10506918
0.01376044
0.14126326
0.04635035
0.16964735
-0.19273022
-0.06852353
0.07541774
0.02959863
-0.07786698
0.04961547
0.07385107
-0.18771325
-0.02296747
-0.05851068
-0.11335277
0.02611303
0.09411089
-0.06647557
0.12430996
0.02153220
-0.15186258
0.10677622
0.06106114
0.05887120
0.10933927
-0.01836204
-0.13104168
0.14756522
0.08080536
-0.03653027
-0.05682644
0.01725409
-0.02192649
-0.22551353
-0.12174742
-0.02360079
-0.03667324
-0.03691889
-0.09886753
-0.03765156
-0.05754953
0.00725608
-0.03387793
0.05018651
0.07452957
-0.04066772
0.02823839
-0.06705912
0.17197372
0.10729236
-0.00452661
-0.05043149
-0.03748163
-0.08142641
0.11082863
-0.14317167
0.07991702
-0.05262307
0.02713372
-0.00242616
0.04091224
-0.02186417
0.05184948
0.06675779
-0.05976966
-0.10174246
0.02406619
-0.00028615
0.12181117
-0.05784645
0.02030424
-0.05061203
-0.01606531
-0.00665908
-0.01548344
-0.08573499
0.01183658
0.06469858
-0.00304033
-0.09653806
0.13000758
0.00825343
-0.03782389
0.03477003
-0.00733961
-0.06485030
-0.05061849
-0.02803244
-0.00309778
-0.08216856
0.05343965
0.03483637
0.17684884
0.05313515
-0.00903976
0.06934945
0.07553194
0.02243829
0.01465166
0.05094679
0.06897619
0.03611939
-0.00820358
0.01755289
0.03065856
0.14090949
0.15150940
0.07435452
-0.14241537
-0.02621106
-0.06760249
0.03353137
-0.12850431
-0.03747043
-0.05110076
-0.01475975
0.08784307
-0.15881169
0.07936402
-0.04453845
0.06004523
-0.08842538
-0.03690738
0.00402939
0.08091799
-0.01623100
-0.00458193
-0.08085195
0.00409572
0.16693489
0.07125103
0.10717321
0.14552249
0.01050669
0.02465876
0.02337963
-0.03670463
0.00572177
0.04500917
-0.10312543
0.05875886
-0.05808770
-0.00280451
-0.01694532
-0.01777408
0.16366544
-0.05188324
0.16345969
-0.03096515
-0.00218474
-0.11196685
0.12505478
-0.07412075
0.08148247
0.11179439
0.02746946
-0.03688483
0.13951416
-0.03514000
0.14078288
-0.05554121
-0.19690122
-0.09553962
-0.07859246
0.05511657
0.03686913
0.12525018
-0.11798575
-0.08724501
-0.09272900
0.11240218
0.02903770
0.07736089
0.07605443
0.12984958
0.01660983
-0.06964654
-0.04721326
0.02142558
-0.00499884
0.01659590
0.06285143
0.06729653
-0.03232893
-0.19271716
0.02404783
0.10438817
-0.01848311
-0.08933835
-0.21018341
0.05660321
0.05165337
-0.02335294
0.13955504
-0.19144943
0.07352228
-0.04817344
-0.09718149
0.07195071
0.04496036
0.01360038
-0.11991521
0.06043877
-0.16174540
-0.01762487
-0.11146250
-0.03641369
0.06634837
-0.03655889
0.07021783
-0.03863034
0.09670856
-0.15685670
0.17291865
0.07482554
0.11860107
-0.08846056
0.00153174
-0.06716578
-0.06878535
-0.13177224
0.05534462
0.04631567
-0.08652815
-0.04999578
-0.10110226
0.07302045
-0.05582693
0.01666080
-0.07604846
0.07727510
-0.06139112
-0.01878767
-0.02396973
-0.06706816
-0.10906993
0.09739526
-0.09568086
-0.03091529
-0.03501288
-0.13307549
-0.00285471
-0.07305188
-0.07886212
0.06658095
-0.01885973
-0.06727821
0.05822923
-0.09679384
-0.08354243
-0.04026411
-0.05822067
-0.09610767
-0.05002542
0.01862515
-0.04746352
0.08164114
0.07491862
0.08902584
0.03161827
0.07154778
0.03345487
-0.09890036
0.08720265
-0.02379935
0.16210228
0.13194011
-0.17334066
-0.06503996
-0.05145191
-0.00216324
0.13996793
-0.09063575
-0.22361808
-0.03482238
-0.07624424
0.03128447
-0.07043038
-0.08672585
-0.05857307
0.07434195
0.12963903
0.08233866
-0.11258316
0.02043232
-0.01563895
0.04589594
0.11147337
0.21158285
0.14745486
-0.02625458
-0.03772048
0.00920874
0.06854597
-0.17091046
0.01168965
0.03943160
0.04999962
0.13489582
-0.06690044
-0.08291323
0.04028195
0.09774636
0.04534173
-0.16887145
-0.08221439
0.00411697
0.05929693
0.10172985
0.01546315
0.10754022
0.11922198
-0.01029899
-0.28485137
0.03945024
-0.14359391
-0.01954696
0.15706669
0.03512282
-0.05215587
0.16606084
-0.13456021
-0.10223550
-0.04188269
0.02615942
-0.03185989
-0.01463700
-0.01259423
0.02405959
-0.02645691
-0.02551517
-0.02966249
0.11035717
0.09606884
-0.05787817
-0.02935271
0.10938012
0.10252444
-0.06720813
-0.05590394
-0.04029784
0.04766896
-0.05989107
-0.06240107
0.08973940
0.13559644
0.20498566
0.02587112
-0.11302855
-0.15798812
0.09391514
0.02816655
-0.02100822
-0.01713271
0.05370138
0.00520601
-0.12642044
0.01443729
-0.01159815
0.01002292
-0.08550387
0.03210916
0.05351886
-0.17771150
0.16992915
-0.05652510
0.05750622
-0.06726598
-0.01474808
0.16928171
-0.00681933
0.42522624
0.01791481
-0.02827883
-0.08913580
0.03423848
-0.08217067
-0.08927891
0.02822156
-0.03278974
0.14162455
-0.17672136
-0.01868077
-0.11793989
0.13538137
0.00102877
0.05983378
0.10083888
0.08837137
0.07525676
-0.09285266
0.03488139
-0.03780217
-0.06030604
-0.07240701
-0.00244505
-0.07887690
0.02808563
-0.01207514
0.10614898
-0.02238919
-0.02181892
-0.08363914
-0.03357342
0.03672875
-0.06853939
0.07725126
-0.17379893
0.08322792
0.16611919
0.02577515
0.04366849
0.09909654
0.01824266
0.03788171
-0.11593676
-0.05310453
0.04769260
-0.06629724
0.04614173
-0.05077834
-0.01203425
0.06480222
0.05250062
0.11174686
-0.08835164
-0.05792852
0.08100424
0.12342955
0.03769240
0.02059906
0.01127187
-0.02669083
0.04991027
0.01908774
-0.08417969
-0.01600391
0.17579456
0.05463978
0.00587772
-0.00794993
-0.11546557
0.06726580
-0.02563225
0.10582805
-0.16382556
-0.03916192
0.04338936
-0.03747960
-0.06439921
0.00100104
-0.05541690
-0.01222005
-0.01751626
-0.00418909
-0.04418006
0.04843307
-0.05701729
-0.07502518
0.01304454
0.04234726
-0.11649725
0.03718103
-0.09085599
0.15545596
-0.08350673
0.10322104
-0.02677233
-0.12309657
0.09845901
0.05453825
0.05131782
0.07771476
-0.03364512
0.09131852
-0.04974704
0.07863598
-0.15063879
0.07738376
-0.00701204
0.02542054
-0.05753949
-0.04730189
-0.12967169
0.08106720
-0.07247110
-0.14253908
-0.00738465
0.07821345
0.14739554
-0.00342622
0.00821220
0.09260321
-0.02813610
0.17853943
-0.12856886
-0.04981290
-0.05068108
-0.18975382
-0.13011932
0.20761578
-0.16163887
-0.07557466
-0.04688323
-0.08764949
-0.16939536
-0.09927773
-0.06400348
-0.05014208
0.08911973
0.00609214
-0.19414997
0.01336019
0.06653260
-0.05980153
-0.00324056
0.16846773
0.04964365
0.07739855
-0.02608812
-0.05596971
0.03503555
0.00067373
0.12665501
-0.07845464
0.03500042
-0.20270000
0.05098697
-0.24068151
-0.02322246
0.03493265
0.06225297
0.06251606
0.05857803
0.16316073
-0.00299326
0.05632690
-0.03748323
0.02538000
0.02244216
-0.05004621
-0.05498146
-0.00316153
0.08317275
0.13206623
-0.11984081
-0.12424463
-0.08019383
0.02987394
0.12800129
-0.17736389
-0.03275008
-0.11845876
-0.05777418
0.09944288
-0.02211595
0.03210015
-0.08455199
-0.06998183
0.07942231
-0.15343215
-0.03899537
0.00763685
0.01007581
-0.06468740
0.11406577
0.09752910
0.07727231
-0.02703066
-0.14471367
-0.23828527
-0.15918259
-0.14693773
-0.06517173
0.05927508
-0.08894707
0.11661214
-0.02799147
0.13789681
-0.00416927
0.03201906
0.06064176
0.01789256
0.03168496
0.01991117
0.07901623
-0.04119617
0.05171164
0.04749772
0.03124969
-0.06903176
-0.02804541
0.09567104
-0.03641807
0.11730970
0.11261332
-0.04505619
-0.00475502
0.02624128
0.03368577
-0.01344321
-0.08994693
-0.06444199
0.06723396
-0.09422101
-0.05967541
0.02801431
-0.10256959
0.13407965
-0.06497085
-0.07714491
-0.27620271
-0.01924288
0.05453793
-0.00534037
-0.04693217
-0.01456906
0.01495072
0.00976916
-0.03935140
-0.14018781
-0.01007622
-0.02782547
0.12333639
0.16477747
-0.03416406
0.06948257
-0.01433606
0.13185471
-0.07053356
-0.06055198
0.04919535
-0.02821700
-0.04545470
-0.12563792
0.11842160
0.20695166
0.01639614
-0.09885143
-0.06469581
-0.00879067
0.10245927
0.05093367
0.24712737
0.00056057
0.17934392
-0.01537673
0.08867527
0.07007354
0.04436091
-0.01526713
-0.02960088
0.06654070
-0.09290738
0.04980938
0.05744012
0.14353815
-0.07908843
-0.04779270
-0.04666521
0.13998039
0.04909521
0.08170813
0.06832637
0.27113137
-0.06215127
-0.01774064
0.08057003
0.15167461
0.09322672
0.00263816
0.04479281
0.09569360
0.09495786
0.02973307
-0.07410198
0.01968894
0.14714475
-0.05010580
0.00032782
-0.05655456
-0.11981033
0.01219282
0.07929850
0.12251344
0.06478023
0.09567115
0.06879882
0.06086230
0.03910164
0.11281532
-0.04228601
0.15141821
-0.17715694
-0.00308965
-0.06841952
0.00058748
-0.13073406
-0.02894738
0.01234832
0.09196614
-0.03915204
0.03118239
0.02581684
0.06812935
-0.13848664
-0.01474422
-0.03684327
-0.02970600
0.01621653
-0.07768810
0.01986545
0.02434772
0.09578869
-0.08779354
0.08244866
-0.17690660
0.00378121
0.09071364
0.11240657
0.13311286
-0.13942505
-0.02875544
0.11023571
-0.15925659
-0.03680179
-0.06938541
-0.03408828
0.17816469
-0.06217667
0.04313865
-0.18089613
0.03599826
0.06062284
0.01710916
-0.00311601
0.04603894
0.01035926
-0.12787534
0.05777916
-0.15087360
-0.11759195
-0.02042675
0.08240715
-0.05848921
0.03765341
-0.06848860
0.17809796
0.12006880
0.01696080
0.02115533
0.00238842
-0.04324714
-0.00737253
0.06332140
-0.05359462
-0.02567659
-0.06496228
0.08563055
0.13478698
0.02924717
-0.17844261
0.15629955
-0.19645658
-0.14773713
0.12236325
0.05139240
-0.14415431
0.01781069
0.11208139
0.20706663
0.10804275
-0.01433430
-0.01684505
0.01808136
0.01589597
-0.11966394
0.07760590
0.13450888
0.06075507
0.05891487
0.07039246
0.04839043
-0.07303652
-0.07779224
-0.07076321
-0.13347664
-0.09291240
-0.07714590
-0.02181497
0.02890836
0.00959541
-0.14467628
-0.03763491
-0.04795087
-0.02007121
-0.05583648
0.01179695
0.01901161
-0.06983158
0.14203104
-0.00103939
-0.06263091
0.01567634
0.03987191
-0.03525591
-0.00612088
-0.04464144
-0.00127905
-0.09376825
0.15761942
0.03074826
-0.01432425
0.01391491
0.04778751
0.01805360
-0.05817664
-0.04017122
0.03505000
-0.02519932
0.15304443
-0.00520627
0.00555134
0.03769924
-0.09450077
0.12372576
-0.09249327
-0.06750490
0.00390144
0.12464256
0.00260466
-0.08401718
-0.05818998
-0.07250295
-0.02489148
0.02266614
0.14781158
-0.07975104
0.04944735
0.01651872
-0.12324902
0.20248063
0.00553924
-0.05813200
0.05266039
0.04670179
-0.04053095
-0.07973172
-0.01875095
0.07719676
-0.00134252
0.08086762
0.08011404
0.02966497
-0.02275335
-0.18758798
-0.07431728
0.02559511
0.09611997
0.04968362
0.17731263
0.07883478
0.04268195
-0.11378498
-0.10296228
-0.06996733
-0.02291220
-0.09569259
-0.08937385
-0.05030832
0.01763820
-0.04206430
-0.06755614
-0.12741199
-0.09467957
-0.02149600
-0.07926548
-0.08096548
-0.03825588
-0.07074162
-0.07023565
-0.10229490
-0.12518977
0.10733691
0.01680986
0.05710236
-0.00485313
-0.04211187
-0.11590569
-0.06311312
-0.05629538
-0.10244321
-0.01923415
-0.05317147
-0.06376371
0.02096753
-0.12825970
-0.09502254
0.03465183
0.00242571
0.02816261
-0.06009053
0.05300224
-0.00227813
-0.13841912
-0.09477854
-0.00444225
-0.07838676
-0.03527865
-0.02187150
-0.02565479
0.02986715
-0.02660672
-0.09258030
-0.01032389
0.00055574
-0.10363176
0.04659141
0.02195301
-0.06487467
-0.04382991
-0.11769693
-0.08400851
-0.15085863
-0.02060177
-0.01866784
0.02227574
-0.07320864
-0.02360773
-0.01683133
-0.01201838
-0.06784987
-0.02316388
-0.08452661
-0.04721001
0.02830229
0.04980957
-0.00000196
0.01283399
-0.10025221
-0.06934325
0.07293217
0.04333949
0.03307578
-0.07239687
-0.03491128
0.01635865
-0.00220852
-0.08645358
-0.03643845
-0.01806062
-0.07527062
0.01065326
-0.07203028
-0.07168356
-0.02247984
-0.09012718
0.01554128
0.05741024
0.06891602
0.05215056
0.01558260
-0.02382863
-0.10940904
-0.10053109
0.05756782
-0.10314669
-0.03055281
-0.06261460
-0.14454402
-0.02909426
-0.14730281
-0.01806378
0.06342323
-0.10374699
-0.00740262
-0.01796554
0.02660833
0.04122300
-0.04070675
-0.02398061
0.02498268
0.01302961
-0.06806987
-0.03385821
-0.13879757
0.03063682
-0.08173250
0.17134409
0.01432279
-0.02020567
-0.04657717
-0.02111541
0.12549770
-0.00046105
0.11466385
0.12142502
0.09352802
-0.03956315
-0.01057237
0.00628677
-0.06494011
0.08248290
0.11556289
0.02234601
-0.16004047
-0.03952848
0.06335054
-0.00452448
0.08320891
0.01745919
0.01289297
0.04221691
0.08498491
0.01484907
-0.00266864
0.01026851
-0.03273334
-0.04326972
0.12276369
-0.15832171
0.02730986
0.03933447
0.05397593
-0.08328905
-0.01914708
0.11742319
-0.09037071
-0.03945419
-0.00016891
-0.01701139
-0.04637726
-0.00805954
-0.04487741
0.01125215
-0.11299501
0.17359796
-0.19672048
-0.11796264
0.12703198
-0.09308238
-0.07113756
0.08571258
-0.03368441
-0.06214425
-0.02478255
0.06030463
0.08439630
-0.11423329
0.07871234
-0.09325612
-0.11082097
0.15931556
0.02486306
-0.08639816
0.06738579
0.05354046
0.11043189
0.04036266
0.06846517
-0.05271151
-0.00219960
0.05608719
-0.01348695
-0.01734180
0.01735102
-0.08026985
0.09426019
-0.05984659
-0.06293184
-0.06469920
-0.04865444
-0.09663791
-0.03014113
-0.03948089
-0.02735551
0.00417768
-0.00257112
0.06668635
0.05034268
0.09112689
-0.12022041
0.03050904
0.05071270
-0.06755523
-0.02321125
0.01978331
0.11389241
-0.17394540
-0.03394606
-0.03506227
-0.03059345
0.04962017
0.01595259
-0.03480909
0.16614716
0.00497539
0.03318786
-0.08501045
0.01606612
-0.08999160
-0.01004921
0.04703650
0.09352608
0.00521845
-0.15502246
0.16444896
0.19955961
0.12122557
0.03250141
0.01650698
0.06766315
-0.01937561
-0.03134868
0.04852045
-0.04807200
0.20927343
-0.17687759
0.01187111
-0.00338802
0.05582472
-0.08762342
0.02081171
0.08737528
-0.14497288
0.04633789
0.05467118
0.08194687
-0.04803717
0.07538852
0.19508535
-0.03770950
-0.01947476
-0.19306320
0.18493745
-0.13142914
0.05038045
0.00385349
0.20151046
0.07092846
-0.07864831
0.02875497
0.15266989
-0.08090866
0.01441688
-0.08007063
0.06325290
-0.03818748
0.05682830
0.07963446
-0.17903276
0.04190094
-0.15670709
0.04860614
0.03348883
-0.07030941
-0.18071845
-0.02059626
0.08922624
-0.01757534
0.03532112
-0.08892383
-0.03326312
0.11452581
-0.02024195
0.03078954
-0.01497636
-0.01726641
-0.11935478
-0.05442990
0.03767728
-0.16977888
0.08960515
0.04366261
-0.01861063
-0.01503274
0.08108184
0.03377745
0.21562986
0.12933241
0.14950013
0.00093671
0.06856126
0.02411220
-0.10481055
0.10721796
0.03461090
-0.03514838
-0.14535601
0.02444164
-0.03181740
-0.05776304
-0.08774436
-0.00410235
0.17141572
0.04857332
0.05869265
0.07266663
0.02678588
-0.01590866
0.19358106
0.00212661
0.05563356
-0.02875157
-0.04646561
-0.00987038
-0.03542867
-0.09910082
-0.02098484
-0.01959557
0.07034460
-0.08341727
-0.04018751
0.01152679
0.12601086
-0.08249082
0.04294271
0.00761282
-0.04245169
0.03273716
-0.07126877
0.07933998
0.13687561
0.02789623
0.00646139
-0.03416424
-0.08139962
0.15553813
-0.00560811
0.09067222
-0.07962916
0.06082502
-0.00991478
0.01897226
-0.09011861
0.13386568
-0.13062204
0.09670851
0.06814720
-0.10436170
-0.07319068
0.02339132
-0.05123246
0.17117578
0.03586099
0.18081406
0.06825215
-0.03684890
0.03923727
0.05018304
-0.17331553
-0.00925052
-0.00338793
0.03038944
-0.00585237
0.04476134
0.00789254
-0.10551016
0.09370879
-0.03923958
-0.02235732
0.00988356
0.04412478
-0.00870336
0.13336676
0.04986312
0.04823436
0.05886944
-0.00360006
-0.01452045
0.01617192
0.09948649
0.01449559
-0.11948231
-0.05253271
-0.12893945
-0.00717137
-0.05215358
-0.01466574
-0.03961476
0.00197971
-0.06389607
-0.00328692
0.19863912
-0.09294322
0.00620886
-0.08987425
0.03805555
0.06864866
-0.10989892
0.28708360
-0.19807582
0.06881575
0.04010049
-0.05010412
0.15930545
0.15691482
-0.10415461
-0.05042956
0.03582513
0.02916461
-0.02084414
-0.01394290
0.04314964
-0.12725364
-0.05717273
-0.09311681
-0.11922424
0.04396561
-0.08811750
0.06804848
0.03081283
-0.01942164
-0.04362475
0.04814867
0.10983856
0.07972227
0.05783935
0.10229342
0.06295349
-0.07492479
-0.03863915
0.06426191
0.06567612
-0.06231896
0.04711562
-0.00773626
0.03304213
-0.12976345
0.17767633
-0.09357861
-0.25401300
-0.08621039
-0.07465900
-0.11215394
0.02528294
-0.04759887
-0.07025205
0.02275192
0.07529873
0.01144587
-0.01745632
0.00319930
0.14117348
0.04964226
-0.01999847
-0.10677174
-0.09439997
-0.10330758
0.01167650
0.02540389
-0.02090015
0.05872980
-0.09977815
-0.08289555
0.04974321
-0.12440547
-0.03826819
-0.07766651
0.05442397
0.08389865
-0.02614920
-0.01727037
-0.05947090
0.04820184
-0.07464128
-0.10485433
-0.09351914
0.02386953
-0.05428795
-0.09029721
-0.05907723
-0.10367671
0.04549100
0.02656917
0.02550032
0.00739967
-0.08137418
-0.08623452
-0.11424389
0.04113023
-0.00304417
0.08384524
-0.00510994
0.04403782
-0.07311299
-0.02189300
-0.05707384
-0.11028095
-0.00018291
0.04147965
-0.00656692
0.02117556
-0.00324200
0.01082946
0.06010582
-0.01258487
0.01721546
-0.05657794
0.04278206
-0.06468742
-0.03600625
0.01453260
-0.11168104
0.02251836
-0.00510850
-0.04789534
-0.00354799
-0.08282321
-0.09586450
0.04381107
-0.10162561
-0.04524154
-0.06268879
-0.06224767
0.04093293
0.03185200
-0.09627691
-0.03466092
-0.01254292
0.02828901
0.04960588
0.04099394
0.06717774
-0.08725738
0.03203368
-0.08978955
-0.05820014
0.04324757
-0.09956575
0.07734886
0.04340456
-0.10101458
-0.08347424
-0.11153820
-0.05362795
-0.07752851
0.01220680
-0.06967537
-0.04998901
-0.03776978
0.07388894
-0.04962807
0.00692888
0.05887520
0.01360951
0.03148067
-0.09739061
-0.01333520
-0.00708213
-0.00858655
-0.10499199
-0.04812842
0.02177839
-0.01205560
-0.00314821
0.01268030
-0.03126671
0.01427645
0.04245871
-0.07710737
-0.08651725
0.01491430
-0.02858480
-0.04649073
0.06140829
-0.12008953
0.09617230
0.05581802
0.05323705
-0.09473384
0.11593432
-0.06421581
-0.10706948
0.07212093
-0.08487160
-0.00109404
-0.03773137
0.07118540
0.11675463
0.01692132
-0.11716938
-0.12903541
0.09348956
-0.14288190
-0.03017692
0.09001350
-0.19604847
0.18101776
-0.12850179
0.09880868
0.07436409
-0.03953470
-0.02117240
0.06158924
-0.04384966
-0.08902255
0.02221516
0.09349463
0.08601488
-0.04281062
-0.04249388
-0.07829264
0.01424479
0.07793207
0.06948725
0.05345343
0.03904409
0.01480544
-0.01307868
0.12694722
0.08289889
0.10470179
0.15567310
-0.03555950
0.03996534
0.10744569
-0.04177113
-0.15676662
0.03777510
0.09857099
-0.06060144
0.06529022
-0.06665104
0.06041335
-0.17279972
-0.14968899
-0.01268296
0.06505872
0.00260812
0.09587009
-0.01189062
0.08748359
-0.01909159
-0.12488033
0.10292604
0.02238411
-0.06200037
0.10880601
0.08353411
0.00361883
0.02906535
0.05966308
0.02101227
0.06818420
-0.02096845
0.03267332
-0.04108294
0.10318436
0.06347413
-0.03020269
0.07965727
-0.02961722
-0.00754161
-0.08969665
-0.08514447
0.03867061
-0.12885080
-0.07013186
-0.01073906
0.06587885
0.03372756
0.03633989
0.07122937
-0.05524775
0.01112685
-0.10284224
0.06077625
0.00032724
0.16151443
-0.05103583
0.11057574
0.12521948
0.04706692
0.22197786
0.05874809
0.04166199
-0.09235141
-0.16188943
0.06673518
0.19132501
0.03836814
-0.08555768
-0.06109540
0.06189065
0.00942357
-0.08580515
0.10231646
-0.01548872
0.03195501
0.08261617
-0.06458571
0.03639970
-0.04186144
0.02578783
0.07433455
-0.04984469
0.05357951
0.01010428
0.07204285
0.05760600
0.11131646
-0.12812404
0.16115186
0.06904319
-0.08795051
0.02428987
-0.15648875
-0.00885936
-0.04330221
-0.06217670
0.09137765
0.04837727
-0.05654762
0.05637188
0.01572719
0.01607696
0.02143708
-0.00561091
-0.08191296
-0.10878383
0.05322922
0.04692095
-0.05108982
0.06349219
0.06759331
-0.00152824
-0.01367906
-0.01091440
-0.00377788
0.18866275
0.10312732
0.11363915
0.09415212
0.00165785
0.08286703
0.01249096
0.12144193
0.02102377
0.11770042
-0.00963746
-0.06895754
0.09141403
-0.06358961
0.12314950
-0.06784102
-0.06406663
-0.00687644
-0.03798090
0.10169631
0.04014066
-0.02888521
0.01728826
-0.01018772
0.03114773
-0.03543049
0.06944782
0.07257272
-0.17815031
0.06361461
-0.07616799
0.04852806
-0.00162464
0.02458318
0.08126654
-0.20995359
0.25125629
-0.11425566
-0.11686623
-0.03956873
-0.07774045
0.02958313
-0.04097549
-0.01117016
0.14530918
-0.08365752
0.08192751
-0.13586804
0.04030630
0.01456015
-0.10050883
-0.06426114
0.00093505
-0.04328861
-0.02754852
0.01406437
-0.09976848
0.10282336
0.02098043
0.00406078
-0.02769094
-0.09596201
-0.03888404
0.08268303
0.02541886
0.09060173
0.10845941
0.06417818
0.04872819
-0.05533928
0.04304913
-0.03495581
-0.08456343
0.06776679
-0.05571217
-0.06620359
-0.03103867
-0.08129203
0.06311311
0.02694928
-0.05467387
-0.00965548
0.11388788
-0.04615671
-0.00269691
0.03661162
0.13141431
0.15183407
0.03337537
0.08252197
-0.01935201
0.03556743
0.14825946
-0.18946558
-0.16406207
-0.03476907
-0.03004872
-0.10223955
-0.09523471
0.05644809
0.20882891
0.09029721
0.01895451
0.09279463
0.05065009
0.03051210
0.15627992
0.07455795
0.10909491
-0.04250414
0.10755316
0.00961326
-0.00611237
0.03876432
-0.11565930
-0.07854495
0.05504633
0.01347249
0.03352780
0.16331369
0.02927358
-0.02394290
-0.11297406
-0.20157100
-0.08207045
0.06311212
-0.08176544
0.05824775
0.14557858
0.01580566
0.00107053
0.15784431
-0.10998643
0.10016157
0.03303323
-0.14122020
0.00086435
0.02085938
0.00883275
0.05279035
-0.19944224
-0.03756968
-0.05606451
0.06167021
0.04560824
-0.03898644
0.05527919
-0.03557731
-0.00353836
-0.11552998
0.12366095
0.00533386
-0.01661142
0.00648623
0.02461132
-0.07505472
0.08430781
-0.08913482
-0.00370961
0.09095035
-0.09565205
0.00692524
0.01736839
-0.00867070
-0.05258704
-0.14846574
-0.03214823
-0.04221187
-0.06540431
0.03691038
-0.16026333
0.24084674
0.04527950
0.09348355
0.06015984
-0.08600626
-0.09567709
-0.05764291
0.09470180
0.05629919
0.01955985
-0.00833418
-0.04573020
0.05540732
-0.01551379
-0.11282212
-0.02094696
-0.04077124
-0.10023901
-0.02468005
0.19533958
-0.01213925
-0.00274688
-0.09717669
-0.04499625
0.16911031
0.15735081
0.03233918
-0.13547987
-0.03988575
0.06629706
-0.13267815
-0.15821114
0.10693953
-0.14333341
-0.07356377
-0.00381378
-0.11048819
0.05618352
-0.03229303
-0.08480000
-0.29514176
-0.07402052
-0.19501716
-0.20158347
0.04554700
0.14647931
0.04447913
0.00525557
-0.03233262
0.10041957
-0.08754588
-0.15646851
0.04091070
-0.23172209
0.04496678
-0.08810896
-0.01356051
0.10223035
-0.21023624
0.08260016
0.04450899
0.06619199
0.04293354
-0.12006008
0.16993098
0.05518741
-0.00713310
-0.09424914
-0.10115476
0.18335898
0.02194620
-0.04934508
-0.19805712
-0.12709530
0.01018536
0.05839341
-0.03209859
-0.05034630
-0.13935183
0.09425354
0.15137231
-0.00218965
-0.11381579
0.10874529
-0.10179234
0.01028169
0.02154061
-0.02244084
0.06022324
-0.04089368
-0.15554035
0.00166462
0.09111217
0.00274418
0.06319507
-0.08787416
-0.14042237
-0.13076578
0.08954050
-0.04866753
-0.03862522
-0.04937340
-0.07145606
-0.18327771
-0.17859733
-0.06931648
0.08334775
0.12544279
0.04461534
-0.03966539
-0.03878889
-0.12241244
0.07152810
-0.17645729
0.03505209
0.06527675
-0.09806298
-0.12383924
0.02190245
-0.02177404
0.07384470
-0.01071760
-0.01514573
-0.13653018
0.10744819
0.09218405
0.01495355
0.02625608
0.03511411
0.06178638
-0.06613714
-0.08470563
-0.02770161
0.00497555
-0.08661184
-0.07246143
0.07479483
-0.09786137
-0.06557295
0.27124867
0.03947452
-0.13417970
0.03633953
-0.10228606
-0.00937198
-0.03533351
0.13927780
-0.15411922
-0.05494207
0.04462101
-0.00981654
-0.06418066
0.01047484
-0.03829460
-0.04152969
-0.15893242
-0.20643646
-0.00785058
-0.09186132
0.00740025
-0.10225095
0.05897091
-0.17283280
0.10133939
0.13414055
0.05285634
-0.09402495
0.16348158
-0.06506988
-0.01962731
0.01849252
0.11193096
-0.04199169
0.06687275
0.07505584
-0.20158328
0.03675594
-0.01631159
-0.15921092
0.14910807
-0.09827678
-0.03421271
0.07543824
-0.10898475
0.05449903
-0.05064189
0.06630430
-0.17647789
-0.22327878
-0.08869646
-0.05202876
-0.01406429
0.06747174
0.07647546
0.18230526
-0.07162657
0.01007337
0.04011558
-0.04771863
0.11007641
0.16620828
-0.00530582
-0.04358520
0.05068927
-0.01750095
0.02532679
0.07326168
-0.04798141
0.04088171
0.15542708
0.09097134
0.07990334
0.08092944
-0.02923489
0.03958158
0.08996689
0.03487449
0.05135647
0.08765247
-0.01041362
0.14479603
-0.00443954
-0.02321179
-0.19895913
0.08015973
0.05537968
0.08475763
0.04687171
0.05935108
0.04862992
-0.03861266
-0.14578262
0.01664647
0.02851718
-0.08945023
0.15114357
-0.08027153
-0.16194937
0.05739663
0.05629685
0.08573773
0.02250630
-0.04583359
0.11840473
0.15931794
0.01859505
-0.18052980
0.04271013
0.12908098
0.17540486
0.10593210
0.01770725
-0.07785859
-0.01191668
-0.05813391
0.08109599
-0.02671850
0.11078486
-0.03561342
0.02245320
0.15503208
0.04259839
-0.01511863
0.00309766
-0.01036071
-0.00449077
-0.09420346
-0.07982326
0.07026415
-0.00901639
-0.03711315
0.04846951
-0.08335933
-0.08078569
-0.08017780
0.00188805
-0.07164465
-0.06328847
0.00143269
-0.08583378
-0.02133832
-0.02781049
-0.09269471
-0.06474770
0.07651282
-0.06614687
-0.05878453
-0.03851768
0.01724310
-0.02318940
-0.10775087
0.03946538
0.00882826
-0.04309777
-0.01515761
-0.09040263
-0.06310892
-0.07858934
0.00482652
-0.05804293
0.01755976
-0.08623397
-0.00877623
-0.11102169
0.06196296
-0.01479536
0.02667527
-0.01152340
-0.01463694
-0.02336662
0.02416015
-0.03249298
0.02990624
0.03762749
0.02665000
0.05281080
-0.00255207
0.00694355
-0.09804546
0.00120900
0.06810836
0.07454779
-0.05119021
0.00364932
0.05851303
0.06518226
-0.05254764
0.01258009
-0.05087648
0.00839441
-0.03429290
-0.10045630
-0.07383195
-0.01806854
0.00706474
0.04112211
-0.04179947
0.03770512
-0.11710489
-0.00164886
0.00533155
-0.01398029
-0.08431762
-0.02239486
0.04069029
-0.07093002
-0.02108241
-0.00409057
-0.04995960
0.06724899
0.04037476
0.06440966
-0.00972477
0.00347323
-0.05588593
0.03575679
-0.08091551
-0.10374503
0.01998721
-0.04860083
0.01265298
0.07700758
0.04469471
-0.00897559
0.02504977
-0.09661428
-0.03135097
0.07699058
-0.06023661
-0.03882220
-0.03031118
-0.07513719
-0.01377781
-0.11011268
-0.01406111
-0.08740752
-0.08098269
-0.04780771
0.00838005
-0.04646079
-0.09952266
-0.07721291
-0.02966194
0.02073706
0.06305437
-0.08282916
0.07171948
0.01396273
-0.03809822
0.02528850
0.11212032
-0.14598584
-0.05405419
-0.04574639
-0.14456396
0.11281607
-0.19626367
-0.00476275
0.05795250
-0.07922281
-0.08349333
0.04182535
-0.02872232
-0.01030053
0.11956307
0.03130895
0.13408810
0.20845686
0.10935188
0.05403708
-0.09475478
0.00258333
-0.07237767
-0.05894635
-0.01198115
-0.12094625
-0.00759946
0.05335887
-0.07497250
-0.14013921
-0.01740179
-0.04509145
-0.07220551
0.08978682
-0.01224396
0.00465676
0.18871938
0.00703992
-0.15981281
-0.11790475
0.01058437
0.05898020
-0.02834586
-0.05294676
-0.07451706
-0.20599847
0.10578954
-0.05338174
-0.12192920
0.07997501
0.01708115
0.16259934
-0.01155299
0.07761261
-0.07200181
-0.05568107
0.04748051
0.00634065
-0.08024687
0.18101212
-0.01060547
-0.04520631
0.01541852
-0.05904703
0.05735771
0.00910778
-0.17537336
0.03189949
0.07389887
0.08766250
-0.04437404
0.04674359
0.02202952
0.02378377
0.08011097
-0.14404540
-0.02211422
-0.01015341
-0.03322183
0.03494751
0.07216310
-0.14453004
-0.06283374
-0.05093861
0.08321732
-0.02003151
-0.05309968
0.03787629
-0.09236454
0.11542351
0.09980737
0.05419955
-0.09356998
-0.04084484
-0.07676748
-0.06445358
-0.16867316
0.01372629
0.03275052
0.11636171
0.05302934
0.02850005
-0.09349429
0.07200412
-0.18675353
0.06551214
0.07403763
0.04164408
0.01824099
0.00835272
-0.07563221
0.00203413
-0.24167269
0.06650514
0.00914186
-0.05641403
-0.16832574
-0.02524559
0.02422430
0.00545630
-0.01126301
-0.01302643
0.10397330
-0.01411123
0.01494291
0.09807141
0.09770445
-0.10494450
0.10818100
0.01577585
0.02033591
-0.01828537
0.06886557
-0.04126152
0.02906749
-0.01114140
0.09394708
-0.18881360
-0.04742588
-0.03417681
0.12568171
-0.07164346
0.00508155
-0.08604105
0.04057563
0.01896524
0.06971402
-0.09837216
0.12545289
-0.12974550
-0.02591352
0.00463150
-0.00068449
-0.05798286
0.12160018
0.09136387
0.08961748
0.07267573
-0.06762502
-0.03620693
0.06410573
0.07215796
-0.01798299
0.00507026
0.06210320
0.04374551
-0.05045510
-0.01220292
0.10474545
-0.13555849
0.09790324
0.04734116
0.02444727
-0.00653678
-0.13011496
-0.05724565
0.08551089
0.02129116
-0.03034263
-0.14101072
0.11049221
-0.17993328
0.10679701
0.07973572
0.03482166
-0.16747080
-0.02351637
-0.07599095
-0.09809770
0.00160702
-0.11105129
-0.00789214
-0.04895154
-0.03349287
-0.02595801
-0.07297239
-0.07199073
0.00128473
0.04893246
0.05090917
0.00769341
0.00503918
0.00449968
-0.16936839
0.11435776
-0.10959220
0.09796340
-0.04765688
-0.01206626
-0.12592505
0.07812829
-0.01559437
0.10317921
-0.00015238
-0.08516197
-0.03290964
0.15151605
-0.02416216
-0.21578552
-0.03671144
0.07416009
-0.07815133
0.05146082
0.02854073
0.02349882
-0.06248651
0.04414576
0.03284111
0.09600455
-0.04886376
0.00686467
-0.00289830
-0.10793763
0.03590340
-0.03657305
-0.12238369
-0.18426533
-0.11899635
-0.00238480
-0.06619700
-0.01627824
0.07112630
0.01588055
-0.03177598
0.02491131
-0.02876269
0.06682429
0.07974596
0.07677665
-0.07087606
-0.02003946
0.09901432
-0.13907376
0.15046532
-0.09072492
-0.08577798
0.15747751
-0.18456377
-0.06348536
-0.00547098
-0.03834067
-0.02528360
0.03375397
0.09349865
-0.06957620
-0.10180862
0.04820295
-0.01574925
0.03120527
-0.05851852
-0.05673507
-0.12281922
0.11099595
-0.08907732
0.01290780
0.09355394
-0.04441878
-0.01299319
-0.05539812
0.03220814
-0.01405509
0.02938862
0.03525655
0.05108029
0.05307673
-0.13215417
-0.03643051
0.08404802
-0.03881691
-0.15153436
0.06705873
0.11103229
-0.03720155
0.06518293
0.11392783
0.00700127
-0.08534780
0.00680092
0.04696199
-0.21952485
0.09655830
-0.15695836
0.02606541
0.07724830
-0.08010102
-0.08814300
-0.09939268
0.03881498
-0.00675594
0.07006543
0.05991317
0.00251990
-0.00038969
0.00101283
0.06467082
-0.17936471
0.04377123
0.02096612
0.03641136
0.06315261
0.00006814
0.01445014
-0.03350388
0.04049617
-0.01394861
0.06671049
0.15083696
0.11355480
-0.06947937
0.12391989
0.05371162
0.06869330
0.01154806
0.06102721
-0.00887497
0.01004026
-0.11177066
0.12917981
-0.03279653
0.04019880
-0.16085416
-0.11087247
0.05414111
0.07148194
-0.08993301
-0.07213229
-0.03485667
0.04136095
0.00311669
-0.02624085
0.01804578
0.05581874
0.08279798
0.18270546
-0.07169448
-0.03010865
0.05466693
-0.19632125
0.07632361
0.01139703
0.17909342
-0.03327566
-0.13207088
-0.04263936
0.04787719
-0.09760548
-0.01776579
-0.00044675
0.12776595
0.07040590
-0.00833197
-0.04994733
-0.07282940
0.01703072
0.26240799
-0.02433587
0.01835967
-0.07925195
0.22439224
0.00058484
0.11536640
0.05209652
-0.00379544
-0.15130053
-0.02528261
-0.08193653
0.02507960
0.21985079
-0.02517205
0.12420513
0.06254478
0.11148924
0.06091098
0.02072183
0.09156390
0.08686060
0.03205305
0.11725483
-0.03270648
-0.00786891
0.03969650
0.06092926
0.03574586
-0.04345172
0.03412984
0.01648918
0.18157087
-0.05516225
-0.00044619
0.06625012
0.19198631
-0.10084117
0.13852851
-0.00834165
-0.07483503
-0.02581783
-0.07744740
0.10541015
-0.08058572
0.10698761
0.05075534
-0.03977864
-0.03634443
-0.00521857
-0.04614543
0.02403900
-0.09414167
-0.00888057
0.10369332
0.10986971
-0.11801831
0.08613186
-0.03032723
-0.01373199
0.09607736
-0.05885117
0.03854346
-0.00453123
0.02120906
0.08296301
0.06763702
0.02139437
-0.07578105
-0.09456281
-0.13150154
-0.01837000
-0.11072508
0.10749910
0.10910346
-0.04805017
0.21330285
-0.08934208
0.14371203
0.18898927
-0.17276332
-0.05622124
0.03745709
0.24793294
0.12532531
0.02629574
0.01922047
-0.00153885
-0.09246527
0.03467174
-0.18305342
0.02877661
0.04787374
0.13171941
-0.11887554
0.23846814
0.01924205
-0.01021465
-0.07151213
0.00612753
-0.00809996
0.06543937
0.13761708
0.00702963
0.02772515
-0.01071383
0.03819809
-0.08392460
-0.01742329
-0.03403679
0.01813534
0.14820136
-0.05374303
-0.00477424
-0.06772871
-0.02194464
-0.05456632
0.09371376
0.09467264
-0.11923341
-0.05338996
-0.07618754
0.05624153
0.19489731
0.00535906
0.05109524
0.04610072
-0.02462628
-0.16598859
0.11519845
-0.17588741
-0.08956368
0.05952856
0.25657305
0.01681745
-0.06913834
-0.05310987
0.02400127
0.00906930
0.18609512
-0.08254315
-0.11335383
0.04761063
-0.11356442
-0.03593244
-0.08784043
0.15855806
-0.01192149
0.11439948
0.08407543
-0.03303802
-0.03959181
0.03646708
-0.16647580
-0.00697102
0.07499866
-0.12665650
0.15687352
0.10404401
-0.14424120
-0.06756330
0.08842707
-0.04383057
0.01974972
-0.01525936
0.00778122
-0.03812446
0.01443668
-0.02663561
-0.09870677
-0.03337628
-0.02285143
0.03944780
0.07853117
0.08715069
0.05943399
0.01290175
-0.07096023
-0.01462388
0.10760533
0.02257692
-0.24057549
-0.08110403
-0.13675308
-0.10278992
0.04787691
-0.06008518
-0.13784190
0.03092965
-0.14921016
0.13616368
0.00875339
0.03718537
-0.11476354
0.02220391
0.12021406
0.00707640
-0.02050786
-0.01969986
-0.01895187
0.11327803
-0.04089532
-0.08937002
-0.04066624
0.08852716
0.00513041
-0.11795960
0.02291616
0.02429638
0.16057503
0.00996100
-0.00352759
0.02213256
-0.03203509
-0.07097996
-0.11008581
-0.06174297
0.11037857
0.01350869
-0.09546708
0.00675768
-0.14429168
0.02543096
-0.09982135
-0.07044385
0.07559223
-0.00056543
0.09445643
-0.07415743
-0.25079209
0.03136650
-0.11444113
0.01852349
0.00044059
0.04811670
0.06160918
0.17722085
0.06966945
0.19235609
0.03909585
0.09199902
0.02417622
0.01091602
-0.03763597
0.28524411
-0.09629024
0.03136027
0.08771292
0.05530050
-0.13084072
-0.02066566
0.03610312
-0.09572500
0.07394686
-0.18817420
0.15283097
-0.06420259
0.10854024
-0.07803942
0.10597891
-0.11962455
-0.06656637
0.01232234
-0.10332058
0.05054051
0.07125519
0.05082908
0.03543581
-0.19061816
0.05175632
-0.07887551
-0.03465743
0.07727468
-0.00023453
0.05972533
-0.04757163
0.02815151
-0.09537505
0.13699159
-0.06378970
0.12992153
-0.03933971
-0.07247657
-0.06146047
-0.09906464
0.11010612
-0.07029795
0.12673955
-0.01755350
-0.13296701
0.07013177
0.03500424
-0.05687835
-0.02933472
-0.15528084
0.01245868
0.00890561
0.00465803
-0.10503514
-0.01966562
0.01588769
0.03107229
-0.09448078
0.10242779
-0.10729319
-0.00439797
-0.08940664
0.05078826
-0.05065000
-0.03941462
0.01496976
0.01598887
0.05841415
0.14123185
0.04573458
-0.08512977
-0.16504088
0.09599049
0.16704634
-0.14772902
-0.07870062
0.08418356
0.13849640
0.10715375
0.27423245
0.07576006
-0.11635970
-0.04737129
0.04031789
-0.20985873
-0.00647885
-0.02299307
0.07952354
0.03937197
0.01874744
-0.09102285
0.02255625
0.03859353
0.10965639
-0.10010297
-0.09693222
0.16982885
0.16378702
0.14617240
-0.07693081
-0.12312578
-0.07679634
-0.09184673
0.03476192
0.00065522
0.08861478
0.11756038
-0.05127328
0.07095465
0.03442744
-0.01312196
-0.01061128
0.09528349
0.06651933
-0.03588209
0.14868329
0.01920937
-0.05391768
0.07479940
0.02847804
0.01939201
-0.01237146
-0.05536282
-0.16598912
0.19899596
0.00724764
0.08383808
-0.08031622
0.07020771
0.05716538
0.02500585
-0.07648110
0.14173114
-0.02248821
-0.07150928
-0.07060824
0.05045031
0.02199694
-0.07050670
-0.08892173
-0.20542988
0.11274607
-0.19026470
-0.02776815
0.00356639
-0.10665365
-0.09374243
-0.06844312
0.02844567
-0.14586434
0.08457074
-0.04951685
-0.09634736
0.00989407
-0.16060105
0.05142060
0.09271398
0.02423731
0.03246238
0.07621830
0.14332271
-0.21969084
0.19873910
-0.06476627
0.04237869
-0.12487619
0.06769840
0.03130478
0.16352007
0.15495430
0.12146550
0.04779468
0.03750622
0.05926425
-0.02768639
0.10104935
-0.02674214
0.05986948
-0.14018975
-0.01542877
-0.07267427
-0.00483454
-0.03689484
0.11121992
0.19298917
0.04014761
0.06323548
0.04046949
-0.06739380
-0.10591467
0.11178228
0.10073141
0.01993549
-0.16604871
0.11704670
0.18384038
0.07624165
-0.10358445
-0.18303657
-0.07420927
0.03801668
-0.10393693
-0.04828114
-0.00552677
0.07991555
-0.01484285
0.08197757
-0.00776305
0.05206288
-0.11685807
0.00263005
-0.02349303
0.00238746
0.14696352
-0.00780412
-0.12636387
-0.02852582
-0.05768536
0.12871063
-0.05619980
0.05655846
0.03721078
-0.00623307
0.10551421
0.01297892
0.09985489
0.07908125
0.06555295
-0.06075056
-0.04928450
0.02571588
-0.01477162
0.19111608
0.06428500
-0.08376136
0.14427736
-0.14386429
0.03356009
-0.07147298
0.12751013
0.09186501
0.03100859
-0.08493954
0.02865176
-0.02350703
0.07802817
0.09635450
0.04023602
0.04972277
0.11735391
0.01816760
-0.02794905
-0.07612081
-0.03134426
-0.12384984
-0.05640671
-0.06610300
-0.09198434
0.02752370
0.16010100
-0.07992385
-0.03387871
0.02295375
-0.10218783
0.07212996
-0.05364032
0.06135513
-0.07574725
-0.09327796
-0.06626356
-0.07549052
0.04369459
-0.09353165
0.11615746
-0.06155738
-0.10210140
0.07658286
0.07360404
-0.07871293
0.04287847
0.19423948
0.03876868
0.07085100
-0.06085552
-0.07214352
-0.07594653
0.04470598
0.08499375
0.07076546
-0.05806325
0.07414325
0.00089079
-0.06642295
0.08130319
0.03960008
0.02431892
-0.08438888
0.06516732
0.09120935
0.09278674
-0.06992377
0.05177676
0.05431508
0.12014087
-0.05159574
-0.03678640
-0.12465312
0.01429783
0.00930857
0.00720440
0.02306642
0.14583953
0.06322521
0.20658997
0.00049262
-0.03308934
0.04060238
0.03308955
-0.15354617
-0.11868656
-0.00253356
-0.14364567
-0.12512745
0.04259660
0.02507979
0.14897038
0.02640738
-0.01408478
0.07606604
-0.03852671
-0.09451093
0.07599844
-0.01222894
0.06708856
0.00487732
-0.02093587
0.02320716
0.08763359
0.13713460
0.01493667
-0.11008359
0.04964916
0.06431835
-0.06305115
0.10239600
-0.00658362
-0.06182036
0.07049374
-0.00436585
-0.01070677
0.03070752
-0.08480967
0.08942707
-0.05066531
-0.16487676
0.17065713
-0.01283473
-0.21229915
0.05522761
0.24579775
0.15284894
0.02267520
0.07958048
-0.07326393
0.07354955
-0.03193500
0.01179371
-0.05191222
0.17762063
-0.01873768
0.12281952
-0.06109738
0.18494892
0.01827226
-0.05894296
-0.01207218
0.04146371
0.09695530
0.05207873
0.02624982
0.04852533
0.07296324
-0.04600759
-0.12645572
-0.12497959
-0.09240620
-0.08689708
0.12187910
0.14936401
0.02095471
0.06168548
-0.04399223
0.03121241
-0.03681631
-0.00550814
0.05318879
-0.10997503
0.01276124
-0.04723763
0.05527766
0.09922834
-0.04325411
0.07803901
0.10738538
0.08892112
0.00909762
0.01419641
0.10991646
-0.07035005
0.01677210
0.06974387
0.07738960
-0.07560572
0.11024442
0.07996527
0.06302591
0.13702306
-0.07909441
-0.02650341
-0.00349845
-0.01654715
-0.09827577
0.07616481
0.05293234
0.04342737
-0.01981196
0.00702595
-0.10039122
-0.08858446
0.02309652
-0.03573453
0.12955494
-0.08130146
-0.03289443
0.09441467
-0.10950366
-0.16293161
0.00290303
-0.00817810
0.04032768
0.01709794
-0.00348282
-0.07077556
-0.04225176
-0.09961535
-0.10037664
-0.02330086
0.05626487
-0.03172159
-0.04867762
0.19183914
-0.08747094
-0.05154117
-0.01213662
0.02838893
-0.01786668
-0.20488220
0.08946273
-0.07463543
0.08325693
-0.05601531
-0.01882081
-0.08388871
0.06316558
-0.07242097
-0.09285428
-0.08479397
0.02608394
-0.04216112
0.14211386
0.02309955
0.10962191
-0.01913931
0.01878012
-0.21279147
0.07344814
-0.04132089
-0.12932636
-0.01869696
-0.17902824
0.16445354
0.05325827
-0.05804036
-0.06323281
-0.04188545
0.04326816
-0.08771285
-0.06494275
0.08597337
0.07729564
0.06292171
-0.03355510
-0.08022916
0.08280699
0.13636345
0.09800161
-0.00272954
-0.01224729
0.00260639
-0.04658383
-0.01008895
0.08927210
0.13728788
0.17348541
0.03420919
0.09344415
-0.06251840
-0.04874501
0.10548922
0.06708771
-0.01775131
0.11662791
0.07114830
0.12001250
0.11524002
-0.14861336
0.00423409
0.05491075
-0.05633765
-0.03087743
0.06325737
0.03332305
-0.22967929
-0.04345057
-0.06672468
0.03590126
-0.04871314
-0.06915155
0.03665176
-0.05464577
0.09819905
-0.05805570
0.07181156
0.03473112
0.04387179
-0.05057319
-0.13881578
-0.05576169
0.15374905
0.16758801
0.01679372
-0.06930277
0.01675048
-0.00884697
-0.17561831
-0.08170222
0.08062897
-0.11898098
0.02200764
-0.03283194
0.05547056
0.22705387
0.08815110
-0.03235040
0.04517464
-0.05524660
-0.05979166
0.00173946
0.20690258
0.00120923
0.05299825
0.01579134
-0.07486773
0.03388860
0.10048156
-0.08758223
0.04191817
-0.05335294
0.04185828
-0.02224287
0.20147154
0.02117971
-0.04493077
-0.08576068
0.05701852
0.17590146
0.08477435
0.05478550
-0.09972763
-0.05905745
0.00914915
-0.00625802
0.06173169
0.06209617
-0.07609525
0.02834641
-0.06526856
-0.11922234
0.02278249
-0.09392154
-0.04975837
-0.07426901
-0.03746925
-0.09464307
0.22264269
-0.04495252
0.03842191
0.10800941
-0.03851021
-0.06879334
0.04357909
-0.06194451
0.07275391
-0.00254968
-0.01908568
0.10251632
0.04055304
0.11806494
0.07506119
-0.25934207
0.12409763
0.00404788
0.00517993
0.05858231
-0.06667093
0.11780451
0.13543558
-0.04193108
-0.14698508
-0.03275540
-0.00020974
-0.03322649
-0.11084831
-0.15450639
-0.03849183
0.07696506
0.00130008
0.02237953
0.10066540
-0.07119634
0.05124739
0.06054573
-0.07843900
-0.06073672
0.08333825
0.02681731
0.01515472
-0.02038840
-0.00525972
-0.03422246
0.03629293
-0.04995072
-0.02218902
0.15985422
-0.04461187
0.17258953
0.02309488
-0.08368021
-0.24632508
0.01936296
0.07670435
0.02641499
-0.07182740
-0.08821312
-0.08418227
0.03073286
0.18686627
0.11570586
0.08105256
0.00557386
-0.05832844
0.02448683
-0.12806749
0.07756954
0.03961078
0.04379647
0.00818374
-0.00016454
-0.17403322
0.02777962
-0.19220310
-0.06962696
0.11254950
-0.10548252
-0.04674950
0.09707895
0.08114131
-0.02634609
0.11069926
-0.00036460
0.02408661
-0.12637161
0.04354956
-0.00512611
-0.09104282
0.00606136
0.00768465
0.05931655
0.02824138
-0.06909063
0.15997396
0.10730434
-0.04988016
-0.02266533
-0.06147278
0.11875150
0.06162129
-0.00551292
0.08378884
0.00322997
-0.07615655
0.13982864
-0.02655461
-0.03987027
0.06072403
-0.03249925
-0.07012437
0.08000711
0.03322754
0.08947050
-0.00945914
0.03004202
-0.03976321
-0.10945235
-0.11837438
0.06681203
-0.02052646
0.05971899
0.11718242
-0.08876077
0.06438430
0.11521848
-0.04860278
0.11941233
-0.01396434
-0.01349986
-0.02911396
-0.06975903
0.13835365
0.04342544
-0.18526983
-0.03442847
-0.04415746
0.00859574
0.09811758
0.04492987
0.06043493
0.16595916
0.10519950
-0.05552009
0.15361045
-0.08171255
-0.01798867
-0.08009010
-0.01700568
0.00290063
0.05825261
-0.14649695
-0.08573797
0.03092869
-0.01417969
-0.07081556
-0.03369996
-0.16349889
-0.03321836
-0.02912054
0.09039686
0.01401969
0.06868888
0.04938814
0.05898396
0.04017636
-0.04369482
0.09430192
0.03971903
-0.07336683
-0.10066327
0.03247620
0.01643091
0.09949443
-0.06394868
-0.07115830
-0.00581775
0.09737382
0.01576671
0.04845750
0.05329833
0.02270401
-0.02856186
-0.10985588
-0.03667395
-0.07756301
-0.03035138
-0.03962974
-0.00069981
0.05241242
0.01256505
-0.04659633
-0.05421723
-0.01312229
-0.01908738
0.00701153
-0.04221024
-0.05489428
0.06873672
-0.08991609
-0.09707000
0.07858055
-0.06330775
0.06377844
-0.16818549
0.25037611
0.11402711
-0.05809288
-0.02488259
-0.03630302
0.03830960
-0.01668504
0.00054575
0.07706787
0.02340213
-0.05550218
-0.03737763
-0.02316979
0.01625853
0.09909014
0.16388425
0.03859269
0.08596177
0.05024727
0.01285755
0.02184820
-0.00131766
-0.07589454
0.03004256
0.08026039
-0.10386233
0.12045924
-0.09727234
-0.01220779
-0.10455490
0.06933062
-0.17809035
0.08408117
0.08278403
0.03254572
0.07788064
-0.09608030
0.21352512
0.16125193
-0.03076821
0.06024674
0.02974128
0.09106078
-0.06237218
0.10169878
-0.03362279
-0.03317814
-0.08798189
0.02882315
-0.01466346
-0.02926159
0.00671127
0.06797796
-0.01714838
-0.07966797
-0.02008675
0.03565637
0.08181987
0.06321491
0.01733102
0.00965143
-0.01373639
0.01271468
0.03245602
-0.18482037
0.14786428
0.10116833
-0.04587751
0.14641824
0.08432395
-0.16704558
-0.05961319
0.01153241
-0.02056492
-0.18908665
-0.08341406
0.09009541
0.03041152
-0.02603801
-0.00825007
-0.08772440
0.12399933
-0.05101795
0.02240342
0.02511778
0.05778108
0.03816062
-0.05916834
0.13878486
-0.16848576
-0.04687661
-0.06139720
-0.07367398
0.09654190
-0.02753225
-0.00552894
-0.01879782
-0.03676398
-0.09671929
-0.05345527
0.06541520
0.10278150
-0.01890621
0.00812220
-0.09319844
-0.07425845
-0.08073414
-0.02694651
-0.06363672
-0.06107703
-0.13656671
0.04712771
-0.01548463
0.09381755
0.02113286
-0.10431191
0.11966821
-0.13617685
0.01267614
0.01406435
0.20703873
0.15163235
-0.00663220
0.11727697
0.16490626
0.02728842
0.06699681
-0.13872698
0.06626284
0.05840290
-0.09849160
-0.05372830
-0.09912100
-0.19537349
-0.08552945
0.16102788
-0.02349825
0.08348828
-0.04095152
0.01482235
-0.05242236
0.03173030
-0.02584816
-0.03241558
-0.05613047
0.05081690
-0.04035240
-0.02685343
-0.05025695
-0.10595694
-0.04464157
0.06302447
-0.07762263
0.16644211
0.08878580
0.03688860
0.15725559
-0.01859694
0.14868698
-0.12801740
-0.02623678
-0.02506496
0.09281715
0.09006390
0.03014054
0.03663254
0.02935495
0.12602942
0.00753566
-0.00966913
0.05858736
0.08762603
-0.03173481
-0.13105150
0.06905270
-0.07827693
-0.08079987
-0.09528599
-0.12802117
-0.13530278
0.09528535
0.00777044
-0.18245493
0.08830696
-0.00801572
-0.08299907
-0.01469164
0.02962782
-0.11393610
0.02508027
-0.01375478
-0.04162847
-0.12620045
0.04602848
0.15726325
0.09150791
-0.02282145
0.05464106
0.11402024
0.11189067
-0.03013057
0.26106006
0.09899978
-0.05837386
-0.08570154
0.05132725
-0.02564821
0.06990047
0.00484882
0.06663387
-0.02120967
0.10485688
0.10973997
-0.08254658
0.19412260
-0.03911204
0.17249638
0.00607325
-0.18058328
0.03019782
0.04186270
-0.16153216
-0.03257558
0.27704129
0.07925298
0.04250347
0.10844839
0.02654373
0.04581191
0.18764602
-0.01352789
-0.06089598
-0.08370622
-0.01080972
0.05835145
0.13158980
-0.15024495
-0.00190661
-0.05554888
0.13649690
-0.08225366
-0.17321801
0.04046130
-0.21633805
0.06578280
0.02033212
-0.04814225
0.02984780
0.06985858
-0.05251473
0.07141240
0.02180747
0.14444308
0.10158299
0.12564085
0.11751579
-0.11297472
-0.18478948
0.03017714
0.07956325
0.03176355
-0.01248281
-0.01237091
-0.16877361
-0.03591081
0.10555743
-0.15059407
-0.00745728
-0.02712473
-0.05014501
0.05278486
0.08833808
0.04203832
0.05283083
0.21153048
0.02743148
0.15290369
-0.11143295
0.01845079
-0.10883144
-0.10312007
-0.10283034
-0.12122487
-0.04014729
-0.05686417
-0.07188018
0.05904770
0.26281375
-0.02438909
0.05545729
-0.04575470
0.11882654
0.10211208
0.18120259
-0.13641307
0.23484083
0.09923886
-0.06845541
-0.08494555
-0.16467014
-0.01190120
0.11342190
0.10280713
0.07339143
0.19965847
-0.02538183
0.13359843
-0.06637960
-0.06347669
0.09193810
-0.07195396
-0.02896503
0.07253802
0.00440280
0.01558490
-0.03505078
-0.02568243
0.09657525
-0.02016869
0.13537160
-0.00625452
-0.08611108
0.01592293
-0.03557794
-0.13541919
-0.03474735
-0.11179284
0.07779125
-0.03600302
0.10441715
0.04424951
0.03061763
0.06944488
0.15621780
-0.17382544
-0.20790444
-0.03446819
-0.00663809
-0.16823281
0.05954845
0.02956217
-0.12489570
0.02881026
-0.05149933
0.08346693
-0.00828501
-0.01919014
-0.02017021
0.08065394
0.14331676
-0.08285609
0.05212566
-0.10477807
-0.14244464
0.07492601
0.13813317
0.01346314
0.07070679
0.03471299
0.05203000
-0.07706814
-0.02282144
0.04654251
-0.08324135
0.04598514
0.07553848
-0.07866382
0.00836563
0.13351928
-0.13046330
-0.03588924
-0.01014731
0.01286688
0.09602944
-0.01098847
0.04505485
-0.15415080
0.09228268
-0.01399822
0.10401671
0.01636460
0.07283270
0.06229859
-0.07116690
0.04346066
0.05774609
0.22690646
0.00173258
0.06978576
-0.02072871
-0.00395480
-0.13025141
0.19596736
-0.10822589
-0.24065885
-0.10747170
-0.03291863
0.02300480
0.07096729
-0.00054605
0.01806648
0.05072765
-0.02524215
0.01989381
0.08548953
0.07028925
-0.01243004
-0.09671049
0.04243941
-0.04587079
0.02937112
0.00368318
0.03297227
0.24818215
0.05036591
0.07879511
-0.04393265
0.09668651
0.14162323
-0.03143698
0.03801793
0.06101866
0.06486499
-0.00845641
0.00630358
0.24578364
-0.03287290
-0.09943440
0.16919538
-0.04212633
-0.10733417
-0.07233247
0.10222869
-0.00984676
-0.17117497
-0.04102191
-0.06133143
-0.07585603
0.01765853
0.01847644
-0.05039259
0.00891130
-0.01604298
0.05368964
-0.05249977
0.05448394
0.03584988
-0.05139715
0.09112491
-0.02675435
-0.03794406
0.05034866
-0.05334855
0.08164201
-0.05016468
0.08367842
-0.11673033
0.06502011
0.15964435
-0.01081753
-0.06181015
0.12441974
0.05939025
-0.11171912
0.03958413
-0.13289201
-0.05839130
0.07117356
-0.03983065
-0.06317545
-0.11115748
0.08693802
0.18982495
0.01255021
0.00822362
-0.07636712
0.22204636
-0.08872984
-0.08725380
-0.00157728
-0.00979829
0.13496965
-0.08912957
0.13835444
0.02790062
-0.03546151
-0.03716747
0.02558335
0.06855176
-0.00405529
-0.12658204
-0.06313667
0.04368797
-0.01397477
-0.17521444
-0.11788328
0.22279732
-0.17264098
-0.04648212
0.08202592
-0.00808517
-0.11835022
-0.08003484
-0.14600568
-0.15874954
-0.08117615
-0.07294332
0.03642610
0.07052596
-0.02525887
0.08235631
0.02382230
0.06655533
0.00794504
0.39203441
-0.08932753
-0.09149324
0.06386110
0.04222398
-0.01348382
-0.01911299
0.10721622
-0.04437327
-0.03203382
-0.15192497
0.01504513
-0.01842396
0.15676808
-0.01004683
0.04733598
-0.03445769
0.42824695
0.03381512
0.06911794
-0.03922103
-0.01128718
-0.14122041
0.07467657
0.03571532
0.03636096
-0.01654344
0.08371031
0.02969009
-0.04945535
0.04804530
-0.03239475
-0.07621753
0.05868336
-0.09292051
0.05700640
-0.12633395
0.23529643
0.07659223
0.03217469
0.13461825
0.02413092
0.05095506
0.05656812
-0.06725828
0.25184637
0.02867234
0.06736377
-0.12786135
-0.05412336
0.03339758
0.06135280
0.00350745
0.04711067
-0.00891856
-0.11522519
-0.00801125
-0.08484514
-0.00273304
-0.01757948
-0.14911510
-0.08453886
0.00216994
-0.10962690
-0.03722108
0.07383438
0.02235713
-0.00586216
0.07700384
0.02851810
-0.01470877
0.06267804
-0.09124582
-0.00636264
0.05427694
-0.12811615
-0.07826089
0.03116655
-0.03662382
-0.12139607
-0.06486610
-0.02089550
-0.05296093
0.05487142
0.07277468
-0.09295677
-0.02227348
-0.13371326
-0.04068275
0.02366984
-0.09743168
-0.09788892
0.04893897
0.08443512
-0.00033746
0.13771342
-0.08347828
0.05149966
0.08703487
-0.00385449
0.16569807
-0.00774486
-0.18553101
-0.12862818
-0.03914539
-0.03676343
0.15672898
-0.05366716
-0.02930653
0.05228528
-0.00164879
-0.13969974
0.00939464
0.06618258
-0.10358177
0.08898605
0.03739758
-0.05785084
-0.02009475
0.17691797
0.00391696
0.18048978
0.00309239
0.01011344
-0.11287614
-0.21075444
-0.01257809
-0.00001420
0.15334420
-0.18446808
0.09057248
-0.01640935
0.14847022
-0.15756138
-0.13815710
0.05943132
-0.01699060
0.11893538
-0.01358418
-0.03817476
0.09368334
-0.02034275
0.09760403
-0.07341130
-0.00860471
0.02414041
-0.05855524
0.13231041
-0.17787102
0.14369155
0.12024096
0.07599431
0.03112423
-0.12277733
0.10335430
0.16183752
-0.05671419
-0.01189967
-0.09756226
-0.05823018
0.10582658
-0.06022628
0.07089081
0.02007703
0.06790686
-0.16042514
0.14976601
-0.12545770
0.03426948
0.07216821
0.07853492
-0.07819419
0.08802906
-0.13672696
0.05012673
-0.23690456
-0.04485625
-0.04275316
0.00391643
-0.00338080
0.09812741
-0.04926445
-0.04208705
0.04382812
-0.12527665
-0.00350925
0.05167019
0.10077769
0.03577731
-0.00143564
0.09914776
-0.12200183
0.08600212
-0.07474402
-0.01647252
0.00207900
-0.12249483
-0.00434846
-0.06408960
0.01234171
0.01934945
0.05932736
0.11256426
0.00470954
0.18264386
-0.05910558
0.11513059
0.15992917
0.03942877
-0.17688020
0.09564760
0.07542453
0.06484768
0.05706392
0.11981242
0.03689395
-0.06405498
0.00669098
-0.10741144
-0.02935947
0.02382008
0.03093485
0.06679427
0.06709900
-0.08831350
-0.05195642
0.11942670
0.09091086
-0.11626417
0.05697358
-0.03936036
-0.03272386
0.09415312
-0.04664593
0.02147733
0.04107789
-0.07150090
-0.11901469
0.06826028
0.15859847
-0.03218119
0.04380209
-0.14190534
0.13410467
0.03288149
0.02830094
0.07118200
0.02799105
-0.03329973
0.02988898
-0.04620729
0.05140130
0.01509266
-0.05223595
-0.13544025
-0.04805807
-0.02708121
0.06262675
0.02980874
0.01941702
0.03893138
-0.01817156
0.03156423
0.04798048
0.00445748
0.10912621
0.14649326
0.01988106
-0.10063054
0.02298938
0.11673224
-0.00177920
0.06963907
-0.01562116
0.13914369
0.11153628
-0.09206763
-0.04222916
-0.01721298
-0.02029048
-0.08661883
0.02254662
0.07581090
0.06797905
0.03245239
-0.08387645
-0.03457311
0.03324770
0.13492242
-0.02396547
0.15154365
0.05739735
0.12669094
-0.17781435
0.12977885
-0.12359551
-0.03910979
-0.00479932
0.05853467
-0.04715023
-0.00930177
0.20445666
-0.09024139
-0.02900343
-0.10300761
-0.06029209
-0.01518764
0.02354896
0.05399143
0.13782378
-0.11560544
0.17734490
-0.01623285
-0.04828620
0.07489419
-0.16116539
-0.04709303
0.08273581
-0.01294048
0.05301410
0.02408314
-0.00596105
0.01543421
-0.09900802
0.17649116
-0.02742603
0.15064581
0.06334586
-0.02005328
0.06389941
-0.07327188
-0.00990067
-0.00718535
-0.01634661
-0.00177091
0.16867098
0.00552434
-0.02598869
0.11461616
0.06722271
0.09965239
0.13990405
-0.07294112
-0.09856569
-0.03773054
-0.03405150
0.15844730
-0.05022389
0.08647077
0.03285988
0.11118234
-0.07086901
0.04377813
0.00534796
-0.01900865
0.06803056
-0.08360711
-0.00644163
-0.13572289
0.06617284
0.17986265
0.00788166
-0.01205531
0.13270117
0.08308284
-0.00679003
0.11710870
-0.04136604
0.05789576
-0.12929624
0.12833770
0.10928717
0.07288955
0.23268794
-0.09359824
-0.01791779
-0.02858446
0.00452118
0.06095293
-0.04338409
0.04330233
-0.04732926
0.02399671
0.06469231
-0.03165327
0.03072927
-0.04220992
0.02568290
-0.23464327
0.08262669
0.02706577
0.09521243
0.05188144
0.13558865
-0.06388985
0.06508333
0.19408906
-0.11360924
0.02595268
0.08548516
0.07108539
0.09155411
0.03503143
0.06499551
0.11986613
0.13159361
-0.00885679
0.10339461
0.10467654
0.11704737
0.04555802
-0.01352402
0.14385046
-0.11370818
-0.02320238
-0.11477171
0.02172547
0.08235744
0.07254862
-0.01467141
-0.04122855
0.02872259
0.09633698
-0.04501267
-0.04017033
0.08121882
-0.05226260
0.06365404
0.00084702
0.05223422
-0.03658776
-0.04473918
0.06835243
-0.12142099
-0.05279723
-0.04813207
0.07496992
0.02392703
-0.07397581
0.15915744
0.04586424
0.00429103
0.16300400
0.09509782
0.09280368
-0.04400015
0.10202647
-0.02826074
-0.03511110
-0.13194081
-0.09210034
-0.02403048
-0.03683039
-0.01612029
0.04297209
-0.00863383
-0.06809403
-0.08268306
0.08810818
0.07515196
-0.08161500
-0.23291691
-0.08999757
0.14942494
-0.07224853
0.00369360
0.06744455
-0.07810204
-0.02182196
0.02219824
-0.02667286
0.05348612
-0.01260124
0.02082392
-0.05218909
-0.01023610
0.00346552
-0.05826410
0.00384620
-0.19932835
-0.23654309
0.02143201
-0.01757875
-0.03258130
0.00939551
0.01938319
0.01583995
0.03333300
-0.05750084
-0.05208838
-0.13484764
-0.14099704
0.02951156
-0.07028076
-0.03335112
0.06316791
-0.01032236
0.02085217
0.03533943
-0.22038879
-0.09309099
0.03698606
-0.01178881
-0.02285663
-0.08876815
-0.03894828
-0.01477111
-0.01839236
0.19790851
0.07135368
0.08705170
-0.11500622
0.04495282
0.06042912
0.05727869
0.12096984
0.07583057
-0.01984456
-0.08295225
0.01255887
0.02354008
0.02422567
0.07710290
-0.02011907
0.01489531
0.04776762
0.06199377
-0.31775069
0.12924100
0.03614684
-0.02435487
-0.01334899
-0.06787554
0.03458628
-0.11187717
0.03670575
-0.11909215
-0.04310739
-0.07794669
-0.04074737
0.03217936
-0.03356835
-0.09386245
-0.07688566
0.16002911
-0.05670824
0.03339671
-0.01837028
-0.01428351
-0.07616433
-0.16398595
-0.11822984
-0.02583991
-0.05132852
-0.07102641
0.09033510
0.02688720
0.06431916
-0.06979366
-0.00008356
0.03752311
-0.00088266
-0.09795233
-0.03800505
0.02785741
-0.01309398
-0.08301798
0.17991774
-0.08507090
0.11175106
-0.02049195
-0.00936696
-0.03221435
0.20976098
-0.09179698
-0.07608245
0.09879925
0.02122404
-0.10303136
0.11603153
-0.02020347
-0.17392004
0.01999404
-0.05963721
0.05486380
0.09336009
0.13275962
0.11483173
0.04051271
-0.05897402
-0.04621870
-0.07882590
-0.05140348
-0.03432392
0.08405196
0.04992779
0.01248001
-0.03091343
-0.01952727
0.06944919
-0.12601934
0.00917474
0.08541936
-0.08516818
-0.04919212
-0.13521968
-0.03569622
0.08855652
0.07638403
-0.05753238
0.01009170
-0.08819520
0.08432820
-0.20550472
0.04166915
0.01481799
-0.06411707
0.07269832
-0.02947998
0.01542377
-0.08532545
0.07871740
-0.06696851
-0.08797378
-0.05054515
-0.00103482
0.06089874
0.04530476
0.03458650
0.14824057
0.07290824
0.00585215
0.05949204
0.02446323
0.01440974
-0.07409280
-0.04402025
-0.00771283
0.08795845
-0.02610944
0.04079542
0.10701294
0.07164815
0.04052671
0.06851438
-0.22132865
0.08708353
-0.15764987
-0.03258590
-0.09887751
0.08184164
-0.09354283
-0.05917240
0.00830105
-0.01650330
-0.07888732
0.00049733
-0.04664339
-0.07953142
-0.01688306
0.00683308
-0.19396700
0.02841753
0.10193104
0.16002677
-0.02307456
0.02210416
-0.03401980
0.05331334
-0.05248597
-0.00912952
-0.10920240
0.14170231
0.03130554
-0.02041819
-0.02996407
-0.04473948
-0.02428620
0.02710050
0.06615596
-0.01227997
0.11063628
-0.03299773
0.00315047
0.16459362
0.15627593
-0.00912666
0.19980723
0.04555991
-0.08086360
0.16085982
0.06156479
-0.03453443
0.11357680
0.08851202
-0.06089073
0.07681628
-0.06133140
-0.02785617
0.08088040
-0.04423960
0.04708853
0.02885388
0.05239906
-0.09348412
0.05698334
0.05939076
0.09793098
-0.21954609
-0.11966377
0.00750250
0.06896869
0.08801956
-0.02128993
0.04522803
-0.02791961
0.08160780
-0.15781966
0.08295984
0.16639329
-0.16990975
-0.10052328
-0.22930799
0.13548709
0.11690007
0.03824121
0.05573599
-0.03734322
-0.08239690
0.03100291
-0.07431328
0.11212325
0.02841253
-0.13583256
-0.00340890
0.06079994
-0.03134099
0.12147702
0.01319010
0.10427697
-0.05879031
-0.00410923
-0.00712779
0.06274699
0.14229186
0.04410230
0.00833549
0.02559333
-0.04651655
-0.03153432
-0.13439648
0.04765670
0.17510383
0.08428565
-0.01315420
0.12072312
-0.18470997
-0.03374077
-0.02190175
-0.06197769
0.05776184
-0.08191859
0.06540642
0.00370973
0.05741883
0.01648086
-0.02373473
0.09570982
-0.10243570
-0.00518709
-0.09998902
0.08938503
-0.07925391
-0.06674711
0.05510734
-0.01583477
0.02358391
-0.04028148
-0.03771005
0.02712657
-0.06666356
0.22298260
-0.04157596
-0.11137586
0.08353530
-0.05427529
-0.07518882
0.01409887
-0.05023876
0.08897337
-0.08877235
0.01340135
-0.07599510
0.05712290
0.09446938
-0.08511142
-0.16647939
0.06205069
-0.00216170
0.07946713
0.03386363
-0.16932644
-0.01564002
-0.06927654
0.08669676
0.02469008
-0.10236863
0.06935197
0.02186985
0.11041214
0.08721291
0.09654616
0.08101532
-0.07682036
0.00336684
0.02544741
-0.08990008
-0.04041302
0.01258428
-0.16655988
0.06975112
-0.05170378
0.03472963
-0.00593774
-0.03823499
-0.01893956
0.05837046
0.04150282
0.02308740
0.03975963
0.07940381
-0.14591965
0.06454741
-0.00910162
0.05077474
0.04263989
-0.01874841
-0.09962590
0.14628471
0.06934919
0.07462615
-0.00162270
0.04224735
-0.02853600
0.03281499
0.05690004
-0.09088404
-0.17139846
-0.03628715
-0.02551285
0.13777162
-0.06204159
0.07194434
-0.13876559
-0.06626290
-0.10812731
-0.06422193
-0.10905929
-0.05548198
0.02395395
-0.05767686
0.03442900
0.10454211
0.07625239
-0.06933297
0.05662242
-0.14296508
-0.01619698
-0.23276441
0.07405651
-0.12072434
0.05528492
-0.10066954
-0.08442874
0.07944011
0.02985139
-0.08070569
0.04197744
0.13809606
-0.09672114
-0.08604962
-0.06197252
0.00597730
0.06488200
0.04197627
0.13685887
-0.04525830
-0.17976731
-0.12281546
0.04920816
0.01906700
-0.10420376
0.00678655
0.08143234
-0.11406808
-0.07931238
0.03560960
0.06916910
-0.02421513
-0.18174705
0.01726134
-0.17868853
0.10212548
0.04495146
0.05910057
0.03801620
0.00369903
0.13058335
0.02956633
-0.20527716
0.08878034
-0.04961628
0.04828137
0.00024323
-0.10518144
-0.16341724
0.14748242
-0.09106754
0.21972111
-0.09142158
-0.05834008
-0.01579124
0.14775681
-0.00274066
0.07825155
-0.11917473
-0.00935867
-0.04242675
-0.01617335
-0.23687127
0.06476837
0.06181451
0.01495732
-0.08736277
0.02682302
0.00286214
0.01088259
0.10286845
-0.13116652
-0.04062326
0.07338233
0.09046802
-0.05332456
0.03537128
0.06228732
0.01158095
-0.02562052
0.05242997
-0.10564981
0.03682455
0.04404629
-0.13803580
0.14982116
0.04747865
0.07408787
-0.09041060
0.09959482
-0.00953888
-0.06717332
0.08365543
-0.01026049
-0.06299146
0.10443358
0.05517869
0.12731716
-0.00971728
0.09148531
-0.08690680
0.06062726
-0.14317837
0.03972942
0.03881258
0.00859881
-0.15979344
-0.05274749
-0.01334535
-0.03073315
-0.01799750
-0.05206536
0.06971306
0.15710133
0.01165303
-0.01173288
0.15267234
-0.00950276
0.03974678
0.08148047
-0.04354596
-0.07698537
0.07338867
-0.07020462
0.16392815
-0.03419773
-0.04290461
0.09966911
-0.02501668
-0.06209526
-0.06856627
-0.12710981
0.00523206
-0.00742581
-0.04855990
0.04721775
-0.05101336
0.07482503
-0.00324637
0.09727474
-0.04413335
0.05149284
0.03162658
-0.07770161
-0.15455893
0.04717895
-0.11414200
-0.00686899
-0.13105121
0.04008989
-0.07224897
0.03306500
-0.01676668
-0.03114215
-0.01515563
0.04836576
0.02897198
-0.00997176
-0.07472575
-0.06526747
-0.04527637
-0.11972354
-0.15809141
0.03509249
-0.10149277
-0.09765443
-0.01702733
-0.03260753
-0.15537034
-0.10976335
-0.08781966
0.04375703
0.05880729
-0.13675386
-0.10516101
0.11907994
-0.00662341
-0.07705893
-0.14329274
0.10169578
0.14346406
-0.02178401
0.06980012
-0.03610316
-0.01582322
-0.00487721
0.02564056
0.05519077
0.00477734
-0.08625600
-0.14521186
-0.11037836
0.09018444
-0.00399881
0.05551936
-0.14339666
0.05553560
0.02062449
-0.02901645
0.03212655
0.03021418
0.06757110
0.06855400
0.11695606
0.08228306
-0.01194658
-0.01934298
-0.01488232
-0.05449022
0.15786470
0.02182511
0.12961641
0.07725102
0.07847438
-0.11906873
0.10414598
-0.07245217
0.12713289
-0.07546602
0.03230313
0.04624192
-0.02798535
0.01261197
-0.10148044
0.19129260
-0.03840304
-0.10250267
-0.09009462
0.00731890
-0.07303517
0.09027883
-0.07038317
0.20883557
-0.07543006
-0.08058928
0.01033898
0.03844129
0.11079079
-0.07340436
0.04571998
-0.02187357
-0.05923017
0.11089325
-0.17778614
0.04580572
0.13985135
0.01891742
-0.01281845
-0.01306229
-0.03469409
-0.03747065
0.12540765
0.03978319
0.11082610
0.16342753
-0.03936356
0.03431605
0.01728597
-0.14649513
-0.01317366
0.19849108
-0.04900796
0.05317973
0.02506050
0.11444438
0.06073917
-0.04762908
-0.04606149
0.10472956
-0.01858552
0.04011673
0.06123008
0.15662783
0.13193113
0.05980966
0.04600465
-0.14020564
-0.01777064
0.01753564
0.06941794
0.05043484
0.02967082
0.13915978
0.09190530
-0.04475210
0.09674087
0.00565310
-0.05235453
0.16056792
-0.14543809
0.06419946
0.05434034
-0.03858311
0.01536613
0.00635976
0.01389009
-0.02025364
0.04069228
-0.00449212
-0.10583867
-0.01740335
0.05207855
0.01446434
0.07654479
0.01500987
-0.07297428
0.08933108
0.07657450
-0.08016779
-0.08554649
0.11157028
0.06431490
0.06362025
0.13680635
0.01112705
0.06234813
-0.10967027
-0.07943852
0.01749226
-0.03783112
-0.05702956
-0.05762642
-0.06539261
-0.07068745
-0.10274313
-0.22525862
0.02900293
-0.12842733
-0.00410122
-0.13190140
-0.05275953
0.07977184
-0.00176016
0.25367245
0.12766436
-0.07411278
0.15045269
-0.00735533
-0.09806785
-0.05189219
0.08360613
0.11084859
-0.00585342
0.03446693
-0.02148850
0.11321179
0.17930862
-0.07151975
0.15279640
0.02030241
0.04976707
-0.07331971
0.04676889
0.13976133
0.00310237
0.03764131
0.06040341
-0.14929968
-0.03166090
0.10834952
-0.00247407
-0.09447959
-0.00216615
0.04647277
0.09854076
0.02296601
0.00094227
-0.22435212
0.17134027
0.10288966
0.01373230
-0.01902538
-0.00302610
0.14431153
0.03586810
0.04847831
-0.02562137
0.01878892
0.13472490
-0.03404753
0.05580621
-0.03701714
-0.01097256
0.13903315
0.11356039
-0.02166428
-0.08985356
0.07937334
0.05949255
-0.05575022
0.02485766
-0.06120896
0.00364337
0.06872465
0.03248389
0.03785853
0.08514411
-0.05260477
-0.02439317
-0.06598704
-0.03614736
0.08508158
-0.06094333
-0.00231232
-0.00466266
0.05944775
-0.05608206
-0.01494480
-0.15164293
0.04460925
-0.02474970
-0.17404740
0.04323504
0.14091015
-0.02427169
-0.00287385
0.08535356
0.07340898
-0.03898076
0.18926921
-0.05124303
0.04939418
-0.14713079
-0.01179619
-0.07200709
-0.04053340
0.03505172
-0.00594953
0.11621316
0.11290818
0.06970248
-0.00195514
0.12227295
0.05730892
0.01652886
0.05722803
-0.19911410
-0.05645829
0.04291593
-0.06546143
-0.10097959
-0.02106321
-0.09101975
-0.08771274
-0.04350417
-0.24980205
0.01378130
-0.03273536
-0.04431046
-0.14215037
0.09489727
-0.01313944
0.01523536
0.06880707
0.04399937
0.11065132
0.07064311
0.27040124
0.11435176
0.02612878
0.00179160
-0.09612827
-0.06896909
-0.05893337
-0.05806659
0.15389711
0.02742721
0.07854912
0.11466933
0.00948706
0.00567053
0.02280997
-0.04983219
0.02244527
0.09241532
-0.01489773
-0.16484995
-0.15034662
-0.02569961
-0.04961850
0.08760380
-0.05216710
0.05818269
-0.03060424
-0.07748862
0.09370304
-0.02588952
0.04861712
0.11947867
-0.03629282
0.18698394
0.08023556
-0.04157508
0.06674065
0.08771584
-0.00701822
-0.00328628
0.01507131
0.03733813
-0.00401194
0.00397045
0.05204341
0.06019590
-0.11537813
-0.07495382
-0.02313341
0.07861354
0.11856222
0.14517015
0.02945107
-0.04797760
-0.01957163
0.03986865
0.18112117
-0.11860571
0.16889383
0.03942206
-0.10795122
-0.07497130
0.02776087
-0.17500031
-0.08228163
-0.07995030
0.12439902
-0.05777118
0.02759183
0.04604159
0.06949315
0.16294883
-0.03508412
-0.07614752
-0.13407914
0.00496857
0.10302319
0.13893640
-0.13336605
0.14985242
0.08952180
0.15262507
0.04115063
-0.00980261
-0.07280641
-0.01740337
-0.07333608
-0.03557826
0.08251864
0.02556055
0.01120454
-0.01946905
-0.05010947
-0.01775638
-0.16696675
-0.10431184
0.02871582
0.17230448
0.05031748
-0.03262536
0.01481271
0.00982809
-0.00164808
-0.01795270
0.16108516
0.07664680
-0.00338572
0.05718717
-0.09916440
0.06588127
-0.04864326
-0.02708370
-0.10011419
-0.00868370
-0.05299331
0.05516695
0.02588452
-0.05611782
0.17154875
0.07246393
-0.08928835
-0.12572864
0.06213020
-0.08967809
0.08414788
0.12328388
0.07887760
-0.03479942
0.09355469
-0.02860953
0.03594239
-0.06258743
-0.08185969
-0.06728460
-0.00808301
-0.16063479
0.09471699
0.02214093
0.03157454
-0.04084790
-0.08450718
-0.04222538
-0.05070258
0.06591920
-0.12405623
0.05678903
-0.05688646
0.11293931
-0.09996680
-0.11439578
-0.10161192
-0.01275199
0.04637099
-0.06389375
0.02708076
-0.12985308
0.10448503
-0.00376175
0.01615336
-0.06175098
-0.04341111
0.20304556
0.03821708
0.11598522
0.04661225
-0.00128565
-0.02235396
0.02637681
0.00572949
0.05983558
0.07963035
0.05433617
-0.01921846
-0.08805004
0.02154808
-0.07429177
0.22887900
-0.15374425
0.09121188
0.01236850
-0.12315021
-0.02947517
-0.05038642
-0.01326981
0.06640129
0.10492599
0.17265303
0.08298393
0.01784277
-0.04568407
-0.07054527
0.09661780
-0.06462204
0.00302042
0.00640137
0.03140080
0.04390383
0.14183961
-0.02269917
-0.12524581
-0.05677475
0.08589555
0.08442213
-0.10482797
0.01275531
-0.13344507
0.05566680
0.02058958
0.03180434
0.09329923
0.09087057
-0.09937456
0.11348529
-0.02475625
-0.11050794
