sample_id,page_file,source_sha256,row,col,true_label,label_source,status,flags,human_reviewed,page_warning,cell_box_rectified,ink_box_in_cell,cell_file,processed_28x28,input_32x32,roi,normalized
0_0_01_0a5cfa52_r01c01,pages/0_01_0a5cfa52.jpg,0a5cfa52cfbe6ff6fadbc36cebe8415cf26a891a11b82771dee9ecf72f172f72,1,1,0,filename,extracted,,False,paper_near_image_edge,"[0, 0, 306, 424]","[97, 120, 197, 266]",cells/0_0_01_0a5cfa52_r01c01.png,processed_28x28/0/0_0_01_0a5cfa52_r01c01.png,input_32x32/0/0_0_01_0a5cfa52_r01c01.png,roi/0/0_0_01_0a5cfa52_r01c01.png,normalized_32x32/0/0_0_01_0a5cfa52_r01c01.npy
0_0_01_0a5cfa52_r01c02,pages/0_01_0a5cfa52.jpg,0a5cfa52cfbe6ff6fadbc36cebe8415cf26a891a11b82771dee9ecf72f172f72,1,2,0,filename,extracted,,False,paper_near_image_edge,"[306, 0, 613, 424]","[101, 136, 192, 260]",cells/0_0_01_0a5cfa52_r01c02.png,processed_28x28/0/0_0_01_0a5cfa52_r01c02.png,input_32x32/0/0_0_01_0a5cfa52_r01c02.png,roi/0/0_0_01_0a5cfa52_r01c02.png,normalized_32x32/0/0_0_01_0a5cfa52_r01c02.npy
0_0_01_0a5cfa52_r01c03,pages/0_01_0a5cfa52.jpg,0a5cfa52cfbe6ff6fadbc36cebe8415cf26a891a11b82771dee9ecf72f172f72,1,3,0,filename,extracted,,False,paper_near_image_edge,"[613, 0, 920, 424]","[127, 162, 199, 261]",cells/0_0_01_0a5cfa52_r01c03.png,processed_28x28/0/0_0_01_0a5cfa52_r01c03.png,input_32x32/0/0_0_01_0a5cfa52_r01c03.png,roi/0/0_0_01_0a5cfa52_r01c03.png,normalized_32x32/0/0_0_01_0a5cfa52_r01c03.npy
0_0_01_0a5cfa52_r01c04,pages/0_01_0a5cfa52.jpg,0a5cfa52cfbe6ff6fadbc36cebe8415cf26a891a11b82771dee9ecf72f172f72,1,4,0,filename,extracted,,False,paper_near_image_edge,"[920, 0, 1226, 424]","[113, 155, 197, 293]",cells/0_0_01_0a5cfa52_r01c04.png,processed_28x28/0/0_0_01_0a5cfa52_r01c04.png,input_32x32/0/0_0_01_0a5cfa52_r01c04.png,roi/0/0_0_01_0a5cfa52_r01c04.png,normalized_32x32/0/0_0_01_0a5cfa52_r01c04.npy
0_0_01_0a5cfa52_r02c01,pages/0_01_0a5cfa52.jpg,0a5cfa52cfbe6ff6fadbc36cebe8415cf26a891a11b82771dee9ecf72f172f72,2,1,0,filename,extracted,,False,paper_near_image_edge,"[0, 424, 306, 848]","[94, 126, 168, 279]",cells/0_0_01_0a5cfa52_r02c01.png,processed_28x28/0/0_0_01_0a5cfa52_r02c01.png,input_32x32/0/0_0_01_0a5cfa52_r02c01.png,roi/0/0_0_01_0a5cfa52_r02c01.png,normalized_32x32/0/0_0_01_0a5cfa52_r02c01.npy
0_0_01_0a5cfa52_r02c02,pages/0_01_0a5cfa52.jpg,0a5cfa52cfbe6ff6fadbc36cebe8415cf26a891a11b82771dee9ecf72f172f72,2,2,0,filename,extracted,,False,paper_near_image_edge,"[306, 424, 613, 848]","[119, 175, 168, 241]",cells/0_0_01_0a5cfa52_r02c02.png,processed_28x28/0/0_0_01_0a5cfa52_r02c02.png,input_32x32/0/0_0_01_0a5cfa52_r02c02.png,roi/0/0_0_01_0a5cfa52_r02c02.png,normalized_32x32/0/0_0_01_0a5cfa52_r02c02.npy
0_0_01_0a5cfa52_r02c03,pages/0_01_0a5cfa52.jpg,0a5cfa52cfbe6ff6fadbc36cebe8415cf26a891a11b82771dee9ecf72f172f72,2,3,0,filename,extracted,,False,paper_near_image_edge,"[613, 424, 920, 848]","[124, 156, 199, 252]",cells/0_0_01_0a5cfa52_r02c03.png,processed_28x28/0/0_0_01_0a5cfa52_r02c03.png,input_32x32/0/0_0_01_0a5cfa52_r02c03.png,roi/0/0_0_01_0a5cfa52_r02c03.png,normalized_32x32/0/0_0_01_0a5cfa52_r02c03.npy
0_0_01_0a5cfa52_r02c04,pages/0_01_0a5cfa52.jpg,0a5cfa52cfbe6ff6fadbc36cebe8415cf26a891a11b82771dee9ecf72f172f72,2,4,0,filename,extracted,,False,paper_near_image_edge,"[920, 424, 1226, 848]","[110, 144, 181, 266]",cells/0_0_01_0a5cfa52_r02c04.png,processed_28x28/0/0_0_01_0a5cfa52_r02c04.png,input_32x32/0/0_0_01_0a5cfa52_r02c04.png,roi/0/0_0_01_0a5cfa52_r02c04.png,normalized_32x32/0/0_0_01_0a5cfa52_r02c04.npy
0_0_01_0a5cfa52_r03c01,pages/0_01_0a5cfa52.jpg,0a5cfa52cfbe6ff6fadbc36cebe8415cf26a891a11b82771dee9ecf72f172f72,3,1,0,filename,extracted,,False,paper_near_image_edge,"[0, 848, 306, 1273]","[89, 149, 183, 280]",cells/0_0_01_0a5cfa52_r03c01.png,processed_28x28/0/0_0_01_0a5cfa52_r03c01.png,input_32x32/0/0_0_01_0a5cfa52_r03c01.png,roi/0/0_0_01_0a5cfa52_r03c01.png,normalized_32x32/0/0_0_01_0a5cfa52_r03c01.npy
0_0_01_0a5cfa52_r03c02,pages/0_01_0a5cfa52.jpg,0a5cfa52cfbe6ff6fadbc36cebe8415cf26a891a11b82771dee9ecf72f172f72,3,2,0,filename,extracted,,False,paper_near_image_edge,"[306, 848, 613, 1273]","[126, 172, 201, 287]",cells/0_0_01_0a5cfa52_r03c02.png,processed_28x28/0/0_0_01_0a5cfa52_r03c02.png,input_32x32/0/0_0_01_0a5cfa52_r03c02.png,roi/0/0_0_01_0a5cfa52_r03c02.png,normalized_32x32/0/0_0_01_0a5cfa52_r03c02.npy
0_0_01_0a5cfa52_r03c03,pages/0_01_0a5cfa52.jpg,0a5cfa52cfbe6ff6fadbc36cebe8415cf26a891a11b82771dee9ecf72f172f72,3,3,0,filename,extracted,,False,paper_near_image_edge,"[613, 848, 920, 1273]","[94, 170, 157, 290]",cells/0_0_01_0a5cfa52_r03c03.png,processed_28x28/0/0_0_01_0a5cfa52_r03c03.png,input_32x32/0/0_0_01_0a5cfa52_r03c03.png,roi/0/0_0_01_0a5cfa52_r03c03.png,normalized_32x32/0/0_0_01_0a5cfa52_r03c03.npy
0_0_01_0a5cfa52_r03c04,pages/0_01_0a5cfa52.jpg,0a5cfa52cfbe6ff6fadbc36cebe8415cf26a891a11b82771dee9ecf72f172f72,3,4,0,filename,extracted,,False,paper_near_image_edge,"[920, 848, 1226, 1273]","[127, 192, 198, 286]",cells/0_0_01_0a5cfa52_r03c04.png,processed_28x28/0/0_0_01_0a5cfa52_r03c04.png,input_32x32/0/0_0_01_0a5cfa52_r03c04.png,roi/0/0_0_01_0a5cfa52_r03c04.png,normalized_32x32/0/0_0_01_0a5cfa52_r03c04.npy
0_0_01_0a5cfa52_r04c01,pages/0_01_0a5cfa52.jpg,0a5cfa52cfbe6ff6fadbc36cebe8415cf26a891a11b82771dee9ecf72f172f72,4,1,0,filename,extracted,,False,paper_near_image_edge,"[0, 1273, 306, 1697]","[96, 129, 157, 271]",cells/0_0_01_0a5cfa52_r04c01.png,processed_28x28/0/0_0_01_0a5cfa52_r04c01.png,input_32x32/0/0_0_01_0a5cfa52_r04c01.png,roi/0/0_0_01_0a5cfa52_r04c01.png,normalized_32x32/0/0_0_01_0a5cfa52_r04c01.npy
0_0_01_0a5cfa52_r04c02,pages/0_01_0a5cfa52.jpg,0a5cfa52cfbe6ff6fadbc36cebe8415cf26a891a11b82771dee9ecf72f172f72,4,2,0,filename,extracted,,False,paper_near_image_edge,"[306, 1273, 613, 1697]","[109, 141, 185, 263]",cells/0_0_01_0a5cfa52_r04c02.png,processed_28x28/0/0_0_01_0a5cfa52_r04c02.png,input_32x32/0/0_0_01_0a5cfa52_r04c02.png,roi/0/0_0_01_0a5cfa52_r04c02.png,normalized_32x32/0/0_0_01_0a5cfa52_r04c02.npy
0_0_01_0a5cfa52_r04c03,pages/0_01_0a5cfa52.jpg,0a5cfa52cfbe6ff6fadbc36cebe8415cf26a891a11b82771dee9ecf72f172f72,4,3,0,filename,extracted,,False,paper_near_image_edge,"[613, 1273, 920, 1697]","[48, 137, 160, 236]",cells/0_0_01_0a5cfa52_r04c03.png,processed_28x28/0/0_0_01_0a5cfa52_r04c03.png,input_32x32/0/0_0_01_0a5cfa52_r04c03.png,roi/0/0_0_01_0a5cfa52_r04c03.png,normalized_32x32/0/0_0_01_0a5cfa52_r04c03.npy
0_0_01_0a5cfa52_r04c04,pages/0_01_0a5cfa52.jpg,0a5cfa52cfbe6ff6fadbc36cebe8415cf26a891a11b82771dee9ecf72f172f72,4,4,0,filename,extracted,,False,paper_near_image_edge,"[920, 1273, 1226, 1697]","[81, 140, 150, 294]",cells/0_0_01_0a5cfa52_r04c04.png,processed_28x28/0/0_0_01_0a5cfa52_r04c04.png,input_32x32/0/0_0_01_0a5cfa52_r04c04.png,roi/0/0_0_01_0a5cfa52_r04c04.png,normalized_32x32/0/0_0_01_0a5cfa52_r04c04.npy
0_0_02_0ab8b1e5_r01c01,pages/0_02_0ab8b1e5.jpg,0ab8b1e50dee60089665283a35931860f04cac3919cc77ad5c1eed1242ab568d,1,1,0,filename,extracted,,False,paper_near_image_edge,"[0, 0, 301, 420]","[125, 176, 187, 281]",cells/0_0_02_0ab8b1e5_r01c01.png,processed_28x28/0/0_0_02_0ab8b1e5_r01c01.png,input_32x32/0/0_0_02_0ab8b1e5_r01c01.png,roi/0/0_0_02_0ab8b1e5_r01c01.png,normalized_32x32/0/0_0_02_0ab8b1e5_r01c01.npy
0_0_02_0ab8b1e5_r01c02,pages/0_02_0ab8b1e5.jpg,0ab8b1e50dee60089665283a35931860f04cac3919cc77ad5c1eed1242ab568d,1,2,0,filename,needs_review,extra_ink_ignored,False,paper_near_image_edge,"[301, 0, 602, 420]","[119, 184, 188, 274]",cells/0_0_02_0ab8b1e5_r01c02.png,processed_28x28/0/0_0_02_0ab8b1e5_r01c02.png,input_32x32/0/0_0_02_0ab8b1e5_r01c02.png,roi/0/0_0_02_0ab8b1e5_r01c02.png,normalized_32x32/0/0_0_02_0ab8b1e5_r01c02.npy
0_0_02_0ab8b1e5_r01c03,pages/0_02_0ab8b1e5.jpg,0ab8b1e50dee60089665283a35931860f04cac3919cc77ad5c1eed1242ab568d,1,3,0,filename,extracted,,False,paper_near_image_edge,"[602, 0, 902, 420]","[116, 186, 173, 263]",cells/0_0_02_0ab8b1e5_r01c03.png,processed_28x28/0/0_0_02_0ab8b1e5_r01c03.png,input_32x32/0/0_0_02_0ab8b1e5_r01c03.png,roi/0/0_0_02_0ab8b1e5_r01c03.png,normalized_32x32/0/0_0_02_0ab8b1e5_r01c03.npy
0_0_02_0ab8b1e5_r01c04,pages/0_02_0ab8b1e5.jpg,0ab8b1e50dee60089665283a35931860f04cac3919cc77ad5c1eed1242ab568d,1,4,0,filename,extracted,,False,paper_near_image_edge,"[902, 0, 1203, 420]","[116, 172, 181, 251]",cells/0_0_02_0ab8b1e5_r01c04.png,processed_28x28/0/0_0_02_0ab8b1e5_r01c04.png,input_32x32/0/0_0_02_0ab8b1e5_r01c04.png,roi/0/0_0_02_0ab8b1e5_r01c04.png,normalized_32x32/0/0_0_02_0ab8b1e5_r01c04.npy
0_0_02_0ab8b1e5_r02c01,pages/0_02_0ab8b1e5.jpg,0ab8b1e50dee60089665283a35931860f04cac3919cc77ad5c1eed1242ab568d,2,1,0,filename,extracted,,False,paper_near_image_edge,"[0, 420, 301, 840]","[115, 138, 182, 241]",cells/0_0_02_0ab8b1e5_r02c01.png,processed_28x28/0/0_0_02_0ab8b1e5_r02c01.png,input_32x32/0/0_0_02_0ab8b1e5_r02c01.png,roi/0/0_0_02_0ab8b1e5_r02c01.png,normalized_32x32/0/0_0_02_0ab8b1e5_r02c01.npy
0_0_02_0ab8b1e5_r02c02,pages/0_02_0ab8b1e5.jpg,0ab8b1e50dee60089665283a35931860f04cac3919cc77ad5c1eed1242ab568d,2,2,0,filename,extracted,,False,paper_near_image_edge,"[301, 420, 602, 840]","[122, 135, 180, 227]",cells/0_0_02_0ab8b1e5_r02c02.png,processed_28x28/0/0_0_02_0ab8b1e5_r02c02.png,input_32x32/0/0_0_02_0ab8b1e5_r02c02.png,roi/0/0_0_02_0ab8b1e5_r02c02.png,normalized_32x32/0/0_0_02_0ab8b1e5_r02c02.npy
0_0_02_0ab8b1e5_r02c03,pages/0_02_0ab8b1e5.jpg,0ab8b1e50dee60089665283a35931860f04cac3919cc77ad5c1eed1242ab568d,2,3,0,filename,extracted,,False,paper_near_image_edge,"[602, 420, 902, 840]","[121, 106, 200, 218]",cells/0_0_02_0ab8b1e5_r02c03.png,processed_28x28/0/0_0_02_0ab8b1e5_r02c03.png,input_32x32/0/0_0_02_0ab8b1e5_r02c03.png,roi/0/0_0_02_0ab8b1e5_r02c03.png,normalized_32x32/0/0_0_02_0ab8b1e5_r02c03.npy
0_0_02_0ab8b1e5_r02c04,pages/0_02_0ab8b1e5.jpg,0ab8b1e50dee60089665283a35931860f04cac3919cc77ad5c1eed1242ab568d,2,4,0,filename,extracted,,False,paper_near_image_edge,"[902, 420, 1203, 840]","[123, 82, 215, 212]",cells/0_0_02_0ab8b1e5_r02c04.png,processed_28x28/0/0_0_02_0ab8b1e5_r02c04.png,input_32x32/0/0_0_02_0ab8b1e5_r02c04.png,roi/0/0_0_02_0ab8b1e5_r02c04.png,normalized_32x32/0/0_0_02_0ab8b1e5_r02c04.npy
0_0_02_0ab8b1e5_r03c01,pages/0_02_0ab8b1e5.jpg,0ab8b1e50dee60089665283a35931860f04cac3919cc77ad5c1eed1242ab568d,3,1,0,filename,extracted,,False,paper_near_image_edge,"[0, 840, 301, 1261]","[100, 132, 200, 259]",cells/0_0_02_0ab8b1e5_r03c01.png,processed_28x28/0/0_0_02_0ab8b1e5_r03c01.png,input_32x32/0/0_0_02_0ab8b1e5_r03c01.png,roi/0/0_0_02_0ab8b1e5_r03c01.png,normalized_32x32/0/0_0_02_0ab8b1e5_r03c01.npy
0_0_02_0ab8b1e5_r03c02,pages/0_02_0ab8b1e5.jpg,0ab8b1e50dee60089665283a35931860f04cac3919cc77ad5c1eed1242ab568d,3,2,0,filename,extracted,,False,paper_near_image_edge,"[301, 840, 602, 1261]","[109, 115, 185, 225]",cells/0_0_02_0ab8b1e5_r03c02.png,processed_28x28/0/0_0_02_0ab8b1e5_r03c02.png,input_32x32/0/0_0_02_0ab8b1e5_r03c02.png,roi/0/0_0_02_0ab8b1e5_r03c02.png,normalized_32x32/0/0_0_02_0ab8b1e5_r03c02.npy
0_0_02_0ab8b1e5_r03c03,pages/0_02_0ab8b1e5.jpg,0ab8b1e50dee60089665283a35931860f04cac3919cc77ad5c1eed1242ab568d,3,3,0,filename,extracted,,False,paper_near_image_edge,"[602, 840, 902, 1261]","[107, 97, 170, 211]",cells/0_0_02_0ab8b1e5_r03c03.png,processed_28x28/0/0_0_02_0ab8b1e5_r03c03.png,input_32x32/0/0_0_02_0ab8b1e5_r03c03.png,roi/0/0_0_02_0ab8b1e5_r03c03.png,normalized_32x32/0/0_0_02_0ab8b1e5_r03c03.npy
0_0_02_0ab8b1e5_r03c04,pages/0_02_0ab8b1e5.jpg,0ab8b1e50dee60089665283a35931860f04cac3919cc77ad5c1eed1242ab568d,3,4,0,filename,extracted,,False,paper_near_image_edge,"[902, 840, 1203, 1261]","[89, 76, 186, 237]",cells/0_0_02_0ab8b1e5_r03c04.png,processed_28x28/0/0_0_02_0ab8b1e5_r03c04.png,input_32x32/0/0_0_02_0ab8b1e5_r03c04.png,roi/0/0_0_02_0ab8b1e5_r03c04.png,normalized_32x32/0/0_0_02_0ab8b1e5_r03c04.npy
0_0_02_0ab8b1e5_r04c01,pages/0_02_0ab8b1e5.jpg,0ab8b1e50dee60089665283a35931860f04cac3919cc77ad5c1eed1242ab568d,4,1,0,filename,extracted,,False,paper_near_image_edge,"[0, 1261, 301, 1681]","[97, 135, 166, 250]",cells/0_0_02_0ab8b1e5_r04c01.png,processed_28x28/0/0_0_02_0ab8b1e5_r04c01.png,input_32x32/0/0_0_02_0ab8b1e5_r04c01.png,roi/0/0_0_02_0ab8b1e5_r04c01.png,normalized_32x32/0/0_0_02_0ab8b1e5_r04c01.npy
0_0_02_0ab8b1e5_r04c02,pages/0_02_0ab8b1e5.jpg,0ab8b1e50dee60089665283a35931860f04cac3919cc77ad5c1eed1242ab568d,4,2,0,filename,extracted,,False,paper_near_image_edge,"[301, 1261, 602, 1681]","[86, 133, 156, 243]",cells/0_0_02_0ab8b1e5_r04c02.png,processed_28x28/0/0_0_02_0ab8b1e5_r04c02.png,input_32x32/0/0_0_02_0ab8b1e5_r04c02.png,roi/0/0_0_02_0ab8b1e5_r04c02.png,normalized_32x32/0/0_0_02_0ab8b1e5_r04c02.npy
0_0_02_0ab8b1e5_r04c03,pages/0_02_0ab8b1e5.jpg,0ab8b1e50dee60089665283a35931860f04cac3919cc77ad5c1eed1242ab568d,4,3,0,filename,extracted,,False,paper_near_image_edge,"[602, 1261, 902, 1681]","[67, 127, 132, 238]",cells/0_0_02_0ab8b1e5_r04c03.png,processed_28x28/0/0_0_02_0ab8b1e5_r04c03.png,input_32x32/0/0_0_02_0ab8b1e5_r04c03.png,roi/0/0_0_02_0ab8b1e5_r04c03.png,normalized_32x32/0/0_0_02_0ab8b1e5_r04c03.npy
0_0_02_0ab8b1e5_r04c04,pages/0_02_0ab8b1e5.jpg,0ab8b1e50dee60089665283a35931860f04cac3919cc77ad5c1eed1242ab568d,4,4,0,filename,extracted,,False,paper_near_image_edge,"[902, 1261, 1203, 1681]","[93, 128, 166, 236]",cells/0_0_02_0ab8b1e5_r04c04.png,processed_28x28/0/0_0_02_0ab8b1e5_r04c04.png,input_32x32/0/0_0_02_0ab8b1e5_r04c04.png,roi/0/0_0_02_0ab8b1e5_r04c04.png,normalized_32x32/0/0_0_02_0ab8b1e5_r04c04.npy
1_1_01_19f74917_r01c01,pages/1_01_19f74917.jpg,19f74917f012796396a7d405d6e5a3180fcf5c6411ef6dd0f80d455c110fe208,1,1,1,filename,extracted,,False,paper_near_image_edge,"[0, 0, 232, 320]","[89, 81, 121, 195]",cells/1_1_01_19f74917_r01c01.png,processed_28x28/1/1_1_01_19f74917_r01c01.png,input_32x32/1/1_1_01_19f74917_r01c01.png,roi/1/1_1_01_19f74917_r01c01.png,normalized_32x32/1/1_1_01_19f74917_r01c01.npy
1_1_01_19f74917_r01c02,pages/1_01_19f74917.jpg,19f74917f012796396a7d405d6e5a3180fcf5c6411ef6dd0f80d455c110fe208,1,2,1,filename,extracted,,False,paper_near_image_edge,"[232, 0, 465, 320]","[66, 75, 96, 215]",cells/1_1_01_19f74917_r01c02.png,processed_28x28/1/1_1_01_19f74917_r01c02.png,input_32x32/1/1_1_01_19f74917_r01c02.png,roi/1/1_1_01_19f74917_r01c02.png,normalized_32x32/1/1_1_01_19f74917_r01c02.npy
1_1_01_19f74917_r01c03,pages/1_01_19f74917.jpg,19f74917f012796396a7d405d6e5a3180fcf5c6411ef6dd0f80d455c110fe208,1,3,1,filename,extracted,,False,paper_near_image_edge,"[465, 0, 698, 320]","[61, 93, 77, 183]",cells/1_1_01_19f74917_r01c03.png,processed_28x28/1/1_1_01_19f74917_r01c03.png,input_32x32/1/1_1_01_19f74917_r01c03.png,roi/1/1_1_01_19f74917_r01c03.png,normalized_32x32/1/1_1_01_19f74917_r01c03.npy
1_1_01_19f74917_r01c04,pages/1_01_19f74917.jpg,19f74917f012796396a7d405d6e5a3180fcf5c6411ef6dd0f80d455c110fe208,1,4,1,filename,needs_review,extra_ink_ignored,False,paper_near_image_edge,"[698, 0, 930, 320]","[75, 92, 97, 167]",cells/1_1_01_19f74917_r01c04.png,processed_28x28/1/1_1_01_19f74917_r01c04.png,input_32x32/1/1_1_01_19f74917_r01c04.png,roi/1/1_1_01_19f74917_r01c04.png,normalized_32x32/1/1_1_01_19f74917_r01c04.npy
1_1_01_19f74917_r02c01,pages/1_01_19f74917.jpg,19f74917f012796396a7d405d6e5a3180fcf5c6411ef6dd0f80d455c110fe208,2,1,1,filename,extracted,,False,paper_near_image_edge,"[0, 320, 232, 640]","[83, 100, 108, 178]",cells/1_1_01_19f74917_r02c01.png,processed_28x28/1/1_1_01_19f74917_r02c01.png,input_32x32/1/1_1_01_19f74917_r02c01.png,roi/1/1_1_01_19f74917_r02c01.png,normalized_32x32/1/1_1_01_19f74917_r02c01.npy
1_1_01_19f74917_r02c02,pages/1_01_19f74917.jpg,19f74917f012796396a7d405d6e5a3180fcf5c6411ef6dd0f80d455c110fe208,2,2,1,filename,extracted,,False,paper_near_image_edge,"[232, 320, 465, 640]","[70, 93, 105, 198]",cells/1_1_01_19f74917_r02c02.png,processed_28x28/1/1_1_01_19f74917_r02c02.png,input_32x32/1/1_1_01_19f74917_r02c02.png,roi/1/1_1_01_19f74917_r02c02.png,normalized_32x32/1/1_1_01_19f74917_r02c02.npy
1_1_01_19f74917_r02c03,pages/1_01_19f74917.jpg,19f74917f012796396a7d405d6e5a3180fcf5c6411ef6dd0f80d455c110fe208,2,3,1,filename,extracted,,False,paper_near_image_edge,"[465, 320, 698, 640]","[65, 111, 84, 209]",cells/1_1_01_19f74917_r02c03.png,processed_28x28/1/1_1_01_19f74917_r02c03.png,input_32x32/1/1_1_01_19f74917_r02c03.png,roi/1/1_1_01_19f74917_r02c03.png,normalized_32x32/1/1_1_01_19f74917_r02c03.npy
1_1_01_19f74917_r02c04,pages/1_01_19f74917.jpg,19f74917f012796396a7d405d6e5a3180fcf5c6411ef6dd0f80d455c110fe208,2,4,1,filename,needs_review,extra_ink_ignored,False,paper_near_image_edge,"[698, 320, 930, 640]","[60, 102, 81, 201]",cells/1_1_01_19f74917_r02c04.png,processed_28x28/1/1_1_01_19f74917_r02c04.png,input_32x32/1/1_1_01_19f74917_r02c04.png,roi/1/1_1_01_19f74917_r02c04.png,normalized_32x32/1/1_1_01_19f74917_r02c04.npy
1_1_01_19f74917_r03c01,pages/1_01_19f74917.jpg,19f74917f012796396a7d405d6e5a3180fcf5c6411ef6dd0f80d455c110fe208,3,1,1,filename,extracted,,False,paper_near_image_edge,"[0, 640, 232, 959]","[113, 121, 125, 224]",cells/1_1_01_19f74917_r03c01.png,processed_28x28/1/1_1_01_19f74917_r03c01.png,input_32x32/1/1_1_01_19f74917_r03c01.png,roi/1/1_1_01_19f74917_r03c01.png,normalized_32x32/1/1_1_01_19f74917_r03c01.npy
1_1_01_19f74917_r03c02,pages/1_01_19f74917.jpg,19f74917f012796396a7d405d6e5a3180fcf5c6411ef6dd0f80d455c110fe208,3,2,1,filename,extracted,,False,paper_near_image_edge,"[232, 640, 465, 959]","[114, 95, 128, 218]",cells/1_1_01_19f74917_r03c02.png,processed_28x28/1/1_1_01_19f74917_r03c02.png,input_32x32/1/1_1_01_19f74917_r03c02.png,roi/1/1_1_01_19f74917_r03c02.png,normalized_32x32/1/1_1_01_19f74917_r03c02.npy
1_1_01_19f74917_r03c03,pages/1_01_19f74917.jpg,19f74917f012796396a7d405d6e5a3180fcf5c6411ef6dd0f80d455c110fe208,3,3,1,filename,extracted,,False,paper_near_image_edge,"[465, 640, 698, 959]","[68, 79, 101, 181]",cells/1_1_01_19f74917_r03c03.png,processed_28x28/1/1_1_01_19f74917_r03c03.png,input_32x32/1/1_1_01_19f74917_r03c03.png,roi/1/1_1_01_19f74917_r03c03.png,normalized_32x32/1/1_1_01_19f74917_r03c03.npy
1_1_01_19f74917_r03c04,pages/1_01_19f74917.jpg,19f74917f012796396a7d405d6e5a3180fcf5c6411ef6dd0f80d455c110fe208,3,4,1,filename,extracted,,False,paper_near_image_edge,"[698, 640, 930, 959]","[98, 83, 125, 198]",cells/1_1_01_19f74917_r03c04.png,processed_28x28/1/1_1_01_19f74917_r03c04.png,input_32x32/1/1_1_01_19f74917_r03c04.png,roi/1/1_1_01_19f74917_r03c04.png,normalized_32x32/1/1_1_01_19f74917_r03c04.npy
1_1_01_19f74917_r04c01,pages/1_01_19f74917.jpg,19f74917f012796396a7d405d6e5a3180fcf5c6411ef6dd0f80d455c110fe208,4,1,1,filename,extracted,,False,paper_near_image_edge,"[0, 959, 232, 1279]","[104, 87, 122, 223]",cells/1_1_01_19f74917_r04c01.png,processed_28x28/1/1_1_01_19f74917_r04c01.png,input_32x32/1/1_1_01_19f74917_r04c01.png,roi/1/1_1_01_19f74917_r04c01.png,normalized_32x32/1/1_1_01_19f74917_r04c01.npy
1_1_01_19f74917_r04c02,pages/1_01_19f74917.jpg,19f74917f012796396a7d405d6e5a3180fcf5c6411ef6dd0f80d455c110fe208,4,2,1,filename,extracted,,False,paper_near_image_edge,"[232, 959, 465, 1279]","[107, 95, 126, 218]",cells/1_1_01_19f74917_r04c02.png,processed_28x28/1/1_1_01_19f74917_r04c02.png,input_32x32/1/1_1_01_19f74917_r04c02.png,roi/1/1_1_01_19f74917_r04c02.png,normalized_32x32/1/1_1_01_19f74917_r04c02.npy
1_1_01_19f74917_r04c03,pages/1_01_19f74917.jpg,19f74917f012796396a7d405d6e5a3180fcf5c6411ef6dd0f80d455c110fe208,4,3,1,filename,extracted,,False,paper_near_image_edge,"[465, 959, 698, 1279]","[90, 78, 110, 198]",cells/1_1_01_19f74917_r04c03.png,processed_28x28/1/1_1_01_19f74917_r04c03.png,input_32x32/1/1_1_01_19f74917_r04c03.png,roi/1/1_1_01_19f74917_r04c03.png,normalized_32x32/1/1_1_01_19f74917_r04c03.npy
1_1_01_19f74917_r04c04,pages/1_01_19f74917.jpg,19f74917f012796396a7d405d6e5a3180fcf5c6411ef6dd0f80d455c110fe208,4,4,1,filename,extracted,,False,paper_near_image_edge,"[698, 959, 930, 1279]","[81, 93, 105, 221]",cells/1_1_01_19f74917_r04c04.png,processed_28x28/1/1_1_01_19f74917_r04c04.png,input_32x32/1/1_1_01_19f74917_r04c04.png,roi/1/1_1_01_19f74917_r04c04.png,normalized_32x32/1/1_1_01_19f74917_r04c04.npy
1_1_02_4cdb4850_r01c01,pages/1_02_4cdb4850.jpg,4cdb4850cb4fa04fa640ecb0f79bb72f762d8e2a321ca48226ea70d84a57959f,1,1,1,filename,extracted,,False,paper_near_image_edge,"[0, 0, 236, 320]","[108, 116, 140, 222]",cells/1_1_02_4cdb4850_r01c01.png,processed_28x28/1/1_1_02_4cdb4850_r01c01.png,input_32x32/1/1_1_02_4cdb4850_r01c01.png,roi/1/1_1_02_4cdb4850_r01c01.png,normalized_32x32/1/1_1_02_4cdb4850_r01c01.npy
1_1_02_4cdb4850_r01c02,pages/1_02_4cdb4850.jpg,4cdb4850cb4fa04fa640ecb0f79bb72f762d8e2a321ca48226ea70d84a57959f,1,2,1,filename,needs_review,extra_ink_ignored,False,paper_near_image_edge,"[236, 0, 472, 320]","[91, 131, 127, 217]",cells/1_1_02_4cdb4850_r01c02.png,processed_28x28/1/1_1_02_4cdb4850_r01c02.png,input_32x32/1/1_1_02_4cdb4850_r01c02.png,roi/1/1_1_02_4cdb4850_r01c02.png,normalized_32x32/1/1_1_02_4cdb4850_r01c02.npy
1_1_02_4cdb4850_r01c03,pages/1_02_4cdb4850.jpg,4cdb4850cb4fa04fa640ecb0f79bb72f762d8e2a321ca48226ea70d84a57959f,1,3,1,filename,extracted,,False,paper_near_image_edge,"[472, 0, 707, 320]","[92, 104, 132, 206]",cells/1_1_02_4cdb4850_r01c03.png,processed_28x28/1/1_1_02_4cdb4850_r01c03.png,input_32x32/1/1_1_02_4cdb4850_r01c03.png,roi/1/1_1_02_4cdb4850_r01c03.png,normalized_32x32/1/1_1_02_4cdb4850_r01c03.npy
1_1_02_4cdb4850_r01c04,pages/1_02_4cdb4850.jpg,4cdb4850cb4fa04fa640ecb0f79bb72f762d8e2a321ca48226ea70d84a57959f,1,4,1,filename,extracted,,False,paper_near_image_edge,"[707, 0, 943, 320]","[97, 114, 129, 203]",cells/1_1_02_4cdb4850_r01c04.png,processed_28x28/1/1_1_02_4cdb4850_r01c04.png,input_32x32/1/1_1_02_4cdb4850_r01c04.png,roi/1/1_1_02_4cdb4850_r01c04.png,normalized_32x32/1/1_1_02_4cdb4850_r01c04.npy
1_1_02_4cdb4850_r02c01,pages/1_02_4cdb4850.jpg,4cdb4850cb4fa04fa640ecb0f79bb72f762d8e2a321ca48226ea70d84a57959f,2,1,1,filename,extracted,,False,paper_near_image_edge,"[0, 320, 236, 640]","[110, 110, 124, 215]",cells/1_1_02_4cdb4850_r02c01.png,processed_28x28/1/1_1_02_4cdb4850_r02c01.png,input_32x32/1/1_1_02_4cdb4850_r02c01.png,roi/1/1_1_02_4cdb4850_r02c01.png,normalized_32x32/1/1_1_02_4cdb4850_r02c01.npy
1_1_02_4cdb4850_r02c02,pages/1_02_4cdb4850.jpg,4cdb4850cb4fa04fa640ecb0f79bb72f762d8e2a321ca48226ea70d84a57959f,2,2,1,filename,extracted,,False,paper_near_image_edge,"[236, 320, 472, 640]","[99, 122, 116, 203]",cells/1_1_02_4cdb4850_r02c02.png,processed_28x28/1/1_1_02_4cdb4850_r02c02.png,input_32x32/1/1_1_02_4cdb4850_r02c02.png,roi/1/1_1_02_4cdb4850_r02c02.png,normalized_32x32/1/1_1_02_4cdb4850_r02c02.npy
1_1_02_4cdb4850_r02c03,pages/1_02_4cdb4850.jpg,4cdb4850cb4fa04fa640ecb0f79bb72f762d8e2a321ca48226ea70d84a57959f,2,3,1,filename,extracted,,False,paper_near_image_edge,"[472, 320, 707, 640]","[75, 124, 117, 208]",cells/1_1_02_4cdb4850_r02c03.png,processed_28x28/1/1_1_02_4cdb4850_r02c03.png,input_32x32/1/1_1_02_4cdb4850_r02c03.png,roi/1/1_1_02_4cdb4850_r02c03.png,normalized_32x32/1/1_1_02_4cdb4850_r02c03.npy
1_1_02_4cdb4850_r02c04,pages/1_02_4cdb4850.jpg,4cdb4850cb4fa04fa640ecb0f79bb72f762d8e2a321ca48226ea70d84a57959f,2,4,1,filename,extracted,,False,paper_near_image_edge,"[707, 320, 943, 640]","[74, 117, 112, 241]",cells/1_1_02_4cdb4850_r02c04.png,processed_28x28/1/1_1_02_4cdb4850_r02c04.png,input_32x32/1/1_1_02_4cdb4850_r02c04.png,roi/1/1_1_02_4cdb4850_r02c04.png,normalized_32x32/1/1_1_02_4cdb4850_r02c04.npy
1_1_02_4cdb4850_r03c01,pages/1_02_4cdb4850.jpg,4cdb4850cb4fa04fa640ecb0f79bb72f762d8e2a321ca48226ea70d84a57959f,3,1,1,filename,extracted,,False,paper_near_image_edge,"[0, 640, 236, 959]","[120, 117, 140, 223]",cells/1_1_02_4cdb4850_r03c01.png,processed_28x28/1/1_1_02_4cdb4850_r03c01.png,input_32x32/1/1_1_02_4cdb4850_r03c01.png,roi/1/1_1_02_4cdb4850_r03c01.png,normalized_32x32/1/1_1_02_4cdb4850_r03c01.npy
1_1_02_4cdb4850_r03c02,pages/1_02_4cdb4850.jpg,4cdb4850cb4fa04fa640ecb0f79bb72f762d8e2a321ca48226ea70d84a57959f,3,2,1,filename,extracted,,False,paper_near_image_edge,"[236, 640, 472, 959]","[130, 96, 151, 206]",cells/1_1_02_4cdb4850_r03c02.png,processed_28x28/1/1_1_02_4cdb4850_r03c02.png,input_32x32/1/1_1_02_4cdb4850_r03c02.png,roi/1/1_1_02_4cdb4850_r03c02.png,normalized_32x32/1/1_1_02_4cdb4850_r03c02.npy
1_1_02_4cdb4850_r03c03,pages/1_02_4cdb4850.jpg,4cdb4850cb4fa04fa640ecb0f79bb72f762d8e2a321ca48226ea70d84a57959f,3,3,1,filename,extracted,,False,paper_near_image_edge,"[472, 640, 707, 959]","[134, 101, 159, 232]",cells/1_1_02_4cdb4850_r03c03.png,processed_28x28/1/1_1_02_4cdb4850_r03c03.png,input_32x32/1/1_1_02_4cdb4850_r03c03.png,roi/1/1_1_02_4cdb4850_r03c03.png,normalized_32x32/1/1_1_02_4cdb4850_r03c03.npy
1_1_02_4cdb4850_r03c04,pages/1_02_4cdb4850.jpg,4cdb4850cb4fa04fa640ecb0f79bb72f762d8e2a321ca48226ea70d84a57959f,3,4,1,filename,needs_review,extra_ink_ignored,False,paper_near_image_edge,"[707, 640, 943, 959]","[108, 111, 140, 259]",cells/1_1_02_4cdb4850_r03c04.png,processed_28x28/1/1_1_02_4cdb4850_r03c04.png,input_32x32/1/1_1_02_4cdb4850_r03c04.png,roi/1/1_1_02_4cdb4850_r03c04.png,normalized_32x32/1/1_1_02_4cdb4850_r03c04.npy
1_1_02_4cdb4850_r04c01,pages/1_02_4cdb4850.jpg,4cdb4850cb4fa04fa640ecb0f79bb72f762d8e2a321ca48226ea70d84a57959f,4,1,1,filename,extracted,,False,paper_near_image_edge,"[0, 959, 236, 1279]","[117, 117, 130, 219]",cells/1_1_02_4cdb4850_r04c01.png,processed_28x28/1/1_1_02_4cdb4850_r04c01.png,input_32x32/1/1_1_02_4cdb4850_r04c01.png,roi/1/1_1_02_4cdb4850_r04c01.png,normalized_32x32/1/1_1_02_4cdb4850_r04c01.npy
1_1_02_4cdb4850_r04c02,pages/1_02_4cdb4850.jpg,4cdb4850cb4fa04fa640ecb0f79bb72f762d8e2a321ca48226ea70d84a57959f,4,2,1,filename,extracted,,False,paper_near_image_edge,"[236, 959, 472, 1279]","[124, 110, 139, 226]",cells/1_1_02_4cdb4850_r04c02.png,processed_28x28/1/1_1_02_4cdb4850_r04c02.png,input_32x32/1/1_1_02_4cdb4850_r04c02.png,roi/1/1_1_02_4cdb4850_r04c02.png,normalized_32x32/1/1_1_02_4cdb4850_r04c02.npy
1_1_02_4cdb4850_r04c03,pages/1_02_4cdb4850.jpg,4cdb4850cb4fa04fa640ecb0f79bb72f762d8e2a321ca48226ea70d84a57959f,4,3,1,filename,extracted,,False,paper_near_image_edge,"[472, 959, 707, 1279]","[116, 102, 132, 215]",cells/1_1_02_4cdb4850_r04c03.png,processed_28x28/1/1_1_02_4cdb4850_r04c03.png,input_32x32/1/1_1_02_4cdb4850_r04c03.png,roi/1/1_1_02_4cdb4850_r04c03.png,normalized_32x32/1/1_1_02_4cdb4850_r04c03.npy
1_1_02_4cdb4850_r04c04,pages/1_02_4cdb4850.jpg,4cdb4850cb4fa04fa640ecb0f79bb72f762d8e2a321ca48226ea70d84a57959f,4,4,1,filename,needs_review,extra_ink_ignored,False,paper_near_image_edge,"[707, 959, 943, 1279]","[101, 139, 114, 269]",cells/1_1_02_4cdb4850_r04c04.png,processed_28x28/1/1_1_02_4cdb4850_r04c04.png,input_32x32/1/1_1_02_4cdb4850_r04c04.png,roi/1/1_1_02_4cdb4850_r04c04.png,normalized_32x32/1/1_1_02_4cdb4850_r04c04.npy
2_2_01_2e3151dd_r01c01,pages/2_01_2e3151dd.jpg,2e3151ddbc0bf0d2e5011a36a1509942ec6d0467dea5a9a6555431d796213bc9,1,1,2,filename,extracted,,False,paper_near_image_edge,"[0, 0, 312, 426]","[116, 196, 186, 295]",cells/2_2_01_2e3151dd_r01c01.png,processed_28x28/2/2_2_01_2e3151dd_r01c01.png,input_32x32/2/2_2_01_2e3151dd_r01c01.png,roi/2/2_2_01_2e3151dd_r01c01.png,normalized_32x32/2/2_2_01_2e3151dd_r01c01.npy
2_2_01_2e3151dd_r01c02,pages/2_01_2e3151dd.jpg,2e3151ddbc0bf0d2e5011a36a1509942ec6d0467dea5a9a6555431d796213bc9,1,2,2,filename,extracted,,False,paper_near_image_edge,"[312, 0, 624, 426]","[105, 204, 219, 306]",cells/2_2_01_2e3151dd_r01c02.png,processed_28x28/2/2_2_01_2e3151dd_r01c02.png,input_32x32/2/2_2_01_2e3151dd_r01c02.png,roi/2/2_2_01_2e3151dd_r01c02.png,normalized_32x32/2/2_2_01_2e3151dd_r01c02.npy
2_2_01_2e3151dd_r01c03,pages/2_01_2e3151dd.jpg,2e3151ddbc0bf0d2e5011a36a1509942ec6d0467dea5a9a6555431d796213bc9,1,3,2,filename,extracted,,False,paper_near_image_edge,"[624, 0, 935, 426]","[92, 186, 164, 293]",cells/2_2_01_2e3151dd_r01c03.png,processed_28x28/2/2_2_01_2e3151dd_r01c03.png,input_32x32/2/2_2_01_2e3151dd_r01c03.png,roi/2/2_2_01_2e3151dd_r01c03.png,normalized_32x32/2/2_2_01_2e3151dd_r01c03.npy
2_2_01_2e3151dd_r01c04,pages/2_01_2e3151dd.jpg,2e3151ddbc0bf0d2e5011a36a1509942ec6d0467dea5a9a6555431d796213bc9,1,4,2,filename,extracted,,False,paper_near_image_edge,"[935, 0, 1247, 426]","[98, 167, 175, 266]",cells/2_2_01_2e3151dd_r01c04.png,processed_28x28/2/2_2_01_2e3151dd_r01c04.png,input_32x32/2/2_2_01_2e3151dd_r01c04.png,roi/2/2_2_01_2e3151dd_r01c04.png,normalized_32x32/2/2_2_01_2e3151dd_r01c04.npy
2_2_01_2e3151dd_r02c01,pages/2_01_2e3151dd.jpg,2e3151ddbc0bf0d2e5011a36a1509942ec6d0467dea5a9a6555431d796213bc9,2,1,2,filename,needs_review,extra_ink_ignored,False,paper_near_image_edge,"[0, 426, 312, 853]","[118, 137, 192, 272]",cells/2_2_01_2e3151dd_r02c01.png,processed_28x28/2/2_2_01_2e3151dd_r02c01.png,input_32x32/2/2_2_01_2e3151dd_r02c01.png,roi/2/2_2_01_2e3151dd_r02c01.png,normalized_32x32/2/2_2_01_2e3151dd_r02c01.npy
2_2_01_2e3151dd_r02c02,pages/2_01_2e3151dd.jpg,2e3151ddbc0bf0d2e5011a36a1509942ec6d0467dea5a9a6555431d796213bc9,2,2,2,filename,extracted,,False,paper_near_image_edge,"[312, 426, 624, 853]","[82, 151, 163, 261]",cells/2_2_01_2e3151dd_r02c02.png,processed_28x28/2/2_2_01_2e3151dd_r02c02.png,input_32x32/2/2_2_01_2e3151dd_r02c02.png,roi/2/2_2_01_2e3151dd_r02c02.png,normalized_32x32/2/2_2_01_2e3151dd_r02c02.npy
2_2_01_2e3151dd_r02c03,pages/2_01_2e3151dd.jpg,2e3151ddbc0bf0d2e5011a36a1509942ec6d0467dea5a9a6555431d796213bc9,2,3,2,filename,extracted,,False,paper_near_image_edge,"[624, 426, 935, 853]","[95, 185, 166, 280]",cells/2_2_01_2e3151dd_r02c03.png,processed_28x28/2/2_2_01_2e3151dd_r02c03.png,input_32x32/2/2_2_01_2e3151dd_r02c03.png,roi/2/2_2_01_2e3151dd_r02c03.png,normalized_32x32/2/2_2_01_2e3151dd_r02c03.npy
2_2_01_2e3151dd_r02c04,pages/2_01_2e3151dd.jpg,2e3151ddbc0bf0d2e5011a36a1509942ec6d0467dea5a9a6555431d796213bc9,2,4,2,filename,extracted,,False,paper_near_image_edge,"[935, 426, 1247, 853]","[88, 177, 185, 288]",cells/2_2_01_2e3151dd_r02c04.png,processed_28x28/2/2_2_01_2e3151dd_r02c04.png,input_32x32/2/2_2_01_2e3151dd_r02c04.png,roi/2/2_2_01_2e3151dd_r02c04.png,normalized_32x32/2/2_2_01_2e3151dd_r02c04.npy
2_2_01_2e3151dd_r03c01,pages/2_01_2e3151dd.jpg,2e3151ddbc0bf0d2e5011a36a1509942ec6d0467dea5a9a6555431d796213bc9,3,1,2,filename,extracted,,False,paper_near_image_edge,"[0, 853, 312, 1280]","[80, 124, 185, 250]",cells/2_2_01_2e3151dd_r03c01.png,processed_28x28/2/2_2_01_2e3151dd_r03c01.png,input_32x32/2/2_2_01_2e3151dd_r03c01.png,roi/2/2_2_01_2e3151dd_r03c01.png,normalized_32x32/2/2_2_01_2e3151dd_r03c01.npy
2_2_01_2e3151dd_r03c02,pages/2_01_2e3151dd.jpg,2e3151ddbc0bf0d2e5011a36a1509942ec6d0467dea5a9a6555431d796213bc9,3,2,2,filename,extracted,,False,paper_near_image_edge,"[312, 853, 624, 1280]","[92, 139, 191, 256]",cells/2_2_01_2e3151dd_r03c02.png,processed_28x28/2/2_2_01_2e3151dd_r03c02.png,input_32x32/2/2_2_01_2e3151dd_r03c02.png,roi/2/2_2_01_2e3151dd_r03c02.png,normalized_32x32/2/2_2_01_2e3151dd_r03c02.npy
2_2_01_2e3151dd_r03c03,pages/2_01_2e3151dd.jpg,2e3151ddbc0bf0d2e5011a36a1509942ec6d0467dea5a9a6555431d796213bc9,3,3,2,filename,extracted,,False,paper_near_image_edge,"[624, 853, 935, 1280]","[62, 136, 172, 267]",cells/2_2_01_2e3151dd_r03c03.png,processed_28x28/2/2_2_01_2e3151dd_r03c03.png,input_32x32/2/2_2_01_2e3151dd_r03c03.png,roi/2/2_2_01_2e3151dd_r03c03.png,normalized_32x32/2/2_2_01_2e3151dd_r03c03.npy
2_2_01_2e3151dd_r03c04,pages/2_01_2e3151dd.jpg,2e3151ddbc0bf0d2e5011a36a1509942ec6d0467dea5a9a6555431d796213bc9,3,4,2,filename,extracted,,False,paper_near_image_edge,"[935, 853, 1247, 1280]","[90, 169, 232, 300]",cells/2_2_01_2e3151dd_r03c04.png,processed_28x28/2/2_2_01_2e3151dd_r03c04.png,input_32x32/2/2_2_01_2e3151dd_r03c04.png,roi/2/2_2_01_2e3151dd_r03c04.png,normalized_32x32/2/2_2_01_2e3151dd_r03c04.npy
2_2_01_2e3151dd_r04c01,pages/2_01_2e3151dd.jpg,2e3151ddbc0bf0d2e5011a36a1509942ec6d0467dea5a9a6555431d796213bc9,4,1,2,filename,extracted,,False,paper_near_image_edge,"[0, 1280, 312, 1706]","[90, 123, 207, 237]",cells/2_2_01_2e3151dd_r04c01.png,processed_28x28/2/2_2_01_2e3151dd_r04c01.png,input_32x32/2/2_2_01_2e3151dd_r04c01.png,roi/2/2_2_01_2e3151dd_r04c01.png,normalized_32x32/2/2_2_01_2e3151dd_r04c01.npy
2_2_01_2e3151dd_r04c02,pages/2_01_2e3151dd.jpg,2e3151ddbc0bf0d2e5011a36a1509942ec6d0467dea5a9a6555431d796213bc9,4,2,2,filename,extracted,,False,paper_near_image_edge,"[312, 1280, 624, 1706]","[93, 126, 217, 252]",cells/2_2_01_2e3151dd_r04c02.png,processed_28x28/2/2_2_01_2e3151dd_r04c02.png,input_32x32/2/2_2_01_2e3151dd_r04c02.png,roi/2/2_2_01_2e3151dd_r04c02.png,normalized_32x32/2/2_2_01_2e3151dd_r04c02.npy
2_2_01_2e3151dd_r04c03,pages/2_01_2e3151dd.jpg,2e3151ddbc0bf0d2e5011a36a1509942ec6d0467dea5a9a6555431d796213bc9,4,3,2,filename,extracted,,False,paper_near_image_edge,"[624, 1280, 935, 1706]","[42, 108, 207, 248]",cells/2_2_01_2e3151dd_r04c03.png,processed_28x28/2/2_2_01_2e3151dd_r04c03.png,input_32x32/2/2_2_01_2e3151dd_r04c03.png,roi/2/2_2_01_2e3151dd_r04c03.png,normalized_32x32/2/2_2_01_2e3151dd_r04c03.npy
2_2_01_2e3151dd_r04c04,pages/2_01_2e3151dd.jpg,2e3151ddbc0bf0d2e5011a36a1509942ec6d0467dea5a9a6555431d796213bc9,4,4,2,filename,extracted,,False,paper_near_image_edge,"[935, 1280, 1247, 1706]","[61, 139, 203, 347]",cells/2_2_01_2e3151dd_r04c04.png,processed_28x28/2/2_2_01_2e3151dd_r04c04.png,input_32x32/2/2_2_01_2e3151dd_r04c04.png,roi/2/2_2_01_2e3151dd_r04c04.png,normalized_32x32/2/2_2_01_2e3151dd_r04c04.npy
2_2_02_cbfae05c_r01c01,pages/2_02_cbfae05c.jpg,cbfae05c35eb2c4a0ea5822a9874fc3bfb2c0d702ef771e24eca34dc92c0a51e,1,1,2,filename,extracted,,False,paper_near_image_edge,"[0, 0, 316, 426]","[137, 173, 204, 279]",cells/2_2_02_cbfae05c_r01c01.png,processed_28x28/2/2_2_02_cbfae05c_r01c01.png,input_32x32/2/2_2_02_cbfae05c_r01c01.png,roi/2/2_2_02_cbfae05c_r01c01.png,normalized_32x32/2/2_2_02_cbfae05c_r01c01.npy
2_2_02_cbfae05c_r01c02,pages/2_02_cbfae05c.jpg,cbfae05c35eb2c4a0ea5822a9874fc3bfb2c0d702ef771e24eca34dc92c0a51e,1,2,2,filename,extracted,,False,paper_near_image_edge,"[316, 0, 632, 426]","[115, 179, 198, 282]",cells/2_2_02_cbfae05c_r01c02.png,processed_28x28/2/2_2_02_cbfae05c_r01c02.png,input_32x32/2/2_2_02_cbfae05c_r01c02.png,roi/2/2_2_02_cbfae05c_r01c02.png,normalized_32x32/2/2_2_02_cbfae05c_r01c02.npy
2_2_02_cbfae05c_r01c03,pages/2_02_cbfae05c.jpg,cbfae05c35eb2c4a0ea5822a9874fc3bfb2c0d702ef771e24eca34dc92c0a51e,1,3,2,filename,extracted,,False,paper_near_image_edge,"[632, 0, 948, 426]","[124, 166, 194, 286]",cells/2_2_02_cbfae05c_r01c03.png,processed_28x28/2/2_2_02_cbfae05c_r01c03.png,input_32x32/2/2_2_02_cbfae05c_r01c03.png,roi/2/2_2_02_cbfae05c_r01c03.png,normalized_32x32/2/2_2_02_cbfae05c_r01c03.npy
2_2_02_cbfae05c_r01c04,pages/2_02_cbfae05c.jpg,cbfae05c35eb2c4a0ea5822a9874fc3bfb2c0d702ef771e24eca34dc92c0a51e,1,4,2,filename,extracted,,False,paper_near_image_edge,"[948, 0, 1264, 426]","[111, 146, 179, 289]",cells/2_2_02_cbfae05c_r01c04.png,processed_28x28/2/2_2_02_cbfae05c_r01c04.png,input_32x32/2/2_2_02_cbfae05c_r01c04.png,roi/2/2_2_02_cbfae05c_r01c04.png,normalized_32x32/2/2_2_02_cbfae05c_r01c04.npy
2_2_02_cbfae05c_r02c01,pages/2_02_cbfae05c.jpg,cbfae05c35eb2c4a0ea5822a9874fc3bfb2c0d702ef771e24eca34dc92c0a51e,2,1,2,filename,extracted,,False,paper_near_image_edge,"[0, 426, 316, 853]","[99, 157, 198, 251]",cells/2_2_02_cbfae05c_r02c01.png,processed_28x28/2/2_2_02_cbfae05c_r02c01.png,input_32x32/2/2_2_02_cbfae05c_r02c01.png,roi/2/2_2_02_cbfae05c_r02c01.png,normalized_32x32/2/2_2_02_cbfae05c_r02c01.npy
2_2_02_cbfae05c_r02c02,pages/2_02_cbfae05c.jpg,cbfae05c35eb2c4a0ea5822a9874fc3bfb2c0d702ef771e24eca34dc92c0a51e,2,2,2,filename,extracted,,False,paper_near_image_edge,"[316, 426, 632, 853]","[118, 182, 173, 253]",cells/2_2_02_cbfae05c_r02c02.png,processed_28x28/2/2_2_02_cbfae05c_r02c02.png,input_32x32/2/2_2_02_cbfae05c_r02c02.png,roi/2/2_2_02_cbfae05c_r02c02.png,normalized_32x32/2/2_2_02_cbfae05c_r02c02.npy
2_2_02_cbfae05c_r02c03,pages/2_02_cbfae05c.jpg,cbfae05c35eb2c4a0ea5822a9874fc3bfb2c0d702ef771e24eca34dc92c0a51e,2,3,2,filename,extracted,,False,paper_near_image_edge,"[632, 426, 948, 853]","[109, 161, 197, 264]",cells/2_2_02_cbfae05c_r02c03.png,processed_28x28/2/2_2_02_cbfae05c_r02c03.png,input_32x32/2/2_2_02_cbfae05c_r02c03.png,roi/2/2_2_02_cbfae05c_r02c03.png,normalized_32x32/2/2_2_02_cbfae05c_r02c03.npy
2_2_02_cbfae05c_r02c04,pages/2_02_cbfae05c.jpg,cbfae05c35eb2c4a0ea5822a9874fc3bfb2c0d702ef771e24eca34dc92c0a51e,2,4,2,filename,extracted,,False,paper_near_image_edge,"[948, 426, 1264, 853]","[102, 153, 197, 259]",cells/2_2_02_cbfae05c_r02c04.png,processed_28x28/2/2_2_02_cbfae05c_r02c04.png,input_32x32/2/2_2_02_cbfae05c_r02c04.png,roi/2/2_2_02_cbfae05c_r02c04.png,normalized_32x32/2/2_2_02_cbfae05c_r02c04.npy
2_2_02_cbfae05c_r03c01,pages/2_02_cbfae05c.jpg,cbfae05c35eb2c4a0ea5822a9874fc3bfb2c0d702ef771e24eca34dc92c0a51e,3,1,2,filename,extracted,,False,paper_near_image_edge,"[0, 853, 316, 1280]","[102, 137, 205, 244]",cells/2_2_02_cbfae05c_r03c01.png,processed_28x28/2/2_2_02_cbfae05c_r03c01.png,input_32x32/2/2_2_02_cbfae05c_r03c01.png,roi/2/2_2_02_cbfae05c_r03c01.png,normalized_32x32/2/2_2_02_cbfae05c_r03c01.npy
2_2_02_cbfae05c_r03c02,pages/2_02_cbfae05c.jpg,cbfae05c35eb2c4a0ea5822a9874fc3bfb2c0d702ef771e24eca34dc92c0a51e,3,2,2,filename,extracted,,False,paper_near_image_edge,"[316, 853, 632, 1280]","[87, 121, 190, 240]",cells/2_2_02_cbfae05c_r03c02.png,processed_28x28/2/2_2_02_cbfae05c_r03c02.png,input_32x32/2/2_2_02_cbfae05c_r03c02.png,roi/2/2_2_02_cbfae05c_r03c02.png,normalized_32x32/2/2_2_02_cbfae05c_r03c02.npy
2_2_02_cbfae05c_r03c03,pages/2_02_cbfae05c.jpg,cbfae05c35eb2c4a0ea5822a9874fc3bfb2c0d702ef771e24eca34dc92c0a51e,3,3,2,filename,extracted,,False,paper_near_image_edge,"[632, 853, 948, 1280]","[70, 121, 181, 239]",cells/2_2_02_cbfae05c_r03c03.png,processed_28x28/2/2_2_02_cbfae05c_r03c03.png,input_32x32/2/2_2_02_cbfae05c_r03c03.png,roi/2/2_2_02_cbfae05c_r03c03.png,normalized_32x32/2/2_2_02_cbfae05c_r03c03.npy
2_2_02_cbfae05c_r03c04,pages/2_02_cbfae05c.jpg,cbfae05c35eb2c4a0ea5822a9874fc3bfb2c0d702ef771e24eca34dc92c0a51e,3,4,2,filename,extracted,,False,paper_near_image_edge,"[948, 853, 1264, 1280]","[72, 135, 205, 268]",cells/2_2_02_cbfae05c_r03c04.png,processed_28x28/2/2_2_02_cbfae05c_r03c04.png,input_32x32/2/2_2_02_cbfae05c_r03c04.png,roi/2/2_2_02_cbfae05c_r03c04.png,normalized_32x32/2/2_2_02_cbfae05c_r03c04.npy
2_2_02_cbfae05c_r04c01,pages/2_02_cbfae05c.jpg,cbfae05c35eb2c4a0ea5822a9874fc3bfb2c0d702ef771e24eca34dc92c0a51e,4,1,2,filename,extracted,,False,paper_near_image_edge,"[0, 1280, 316, 1706]","[101, 131, 212, 263]",cells/2_2_02_cbfae05c_r04c01.png,processed_28x28/2/2_2_02_cbfae05c_r04c01.png,input_32x32/2/2_2_02_cbfae05c_r04c01.png,roi/2/2_2_02_cbfae05c_r04c01.png,normalized_32x32/2/2_2_02_cbfae05c_r04c01.npy
2_2_02_cbfae05c_r04c02,pages/2_02_cbfae05c.jpg,cbfae05c35eb2c4a0ea5822a9874fc3bfb2c0d702ef771e24eca34dc92c0a51e,4,2,2,filename,needs_review,extra_ink_ignored,False,paper_near_image_edge,"[316, 1280, 632, 1706]","[84, 98, 183, 238]",cells/2_2_02_cbfae05c_r04c02.png,processed_28x28/2/2_2_02_cbfae05c_r04c02.png,input_32x32/2/2_2_02_cbfae05c_r04c02.png,roi/2/2_2_02_cbfae05c_r04c02.png,normalized_32x32/2/2_2_02_cbfae05c_r04c02.npy
2_2_02_cbfae05c_r04c03,pages/2_02_cbfae05c.jpg,cbfae05c35eb2c4a0ea5822a9874fc3bfb2c0d702ef771e24eca34dc92c0a51e,4,3,2,filename,extracted,,False,paper_near_image_edge,"[632, 1280, 948, 1706]","[50, 91, 234, 244]",cells/2_2_02_cbfae05c_r04c03.png,processed_28x28/2/2_2_02_cbfae05c_r04c03.png,input_32x32/2/2_2_02_cbfae05c_r04c03.png,roi/2/2_2_02_cbfae05c_r04c03.png,normalized_32x32/2/2_2_02_cbfae05c_r04c03.npy
2_2_02_cbfae05c_r04c04,pages/2_02_cbfae05c.jpg,cbfae05c35eb2c4a0ea5822a9874fc3bfb2c0d702ef771e24eca34dc92c0a51e,4,4,2,filename,extracted,,False,paper_near_image_edge,"[948, 1280, 1264, 1706]","[72, 115, 179, 272]",cells/2_2_02_cbfae05c_r04c04.png,processed_28x28/2/2_2_02_cbfae05c_r04c04.png,input_32x32/2/2_2_02_cbfae05c_r04c04.png,roi/2/2_2_02_cbfae05c_r04c04.png,normalized_32x32/2/2_2_02_cbfae05c_r04c04.npy
3_3_01_3ef7df64_r01c01,pages/3_01_3ef7df64.jpg,3ef7df6468d39f5964afc029f1931a9b92adfe0812ac949eca37199e1b6917eb,1,1,3,filename,extracted,,False,paper_near_image_edge,"[0, 0, 315, 426]","[98, 104, 194, 280]",cells/3_3_01_3ef7df64_r01c01.png,processed_28x28/3/3_3_01_3ef7df64_r01c01.png,input_32x32/3/3_3_01_3ef7df64_r01c01.png,roi/3/3_3_01_3ef7df64_r01c01.png,normalized_32x32/3/3_3_01_3ef7df64_r01c01.npy
3_3_01_3ef7df64_r01c02,pages/3_01_3ef7df64.jpg,3ef7df6468d39f5964afc029f1931a9b92adfe0812ac949eca37199e1b6917eb,1,2,3,filename,extracted,,False,paper_near_image_edge,"[315, 0, 630, 426]","[118, 119, 195, 263]",cells/3_3_01_3ef7df64_r01c02.png,processed_28x28/3/3_3_01_3ef7df64_r01c02.png,input_32x32/3/3_3_01_3ef7df64_r01c02.png,roi/3/3_3_01_3ef7df64_r01c02.png,normalized_32x32/3/3_3_01_3ef7df64_r01c02.npy
3_3_01_3ef7df64_r01c03,pages/3_01_3ef7df64.jpg,3ef7df6468d39f5964afc029f1931a9b92adfe0812ac949eca37199e1b6917eb,1,3,3,filename,extracted,,False,paper_near_image_edge,"[630, 0, 944, 426]","[129, 136, 194, 262]",cells/3_3_01_3ef7df64_r01c03.png,processed_28x28/3/3_3_01_3ef7df64_r01c03.png,input_32x32/3/3_3_01_3ef7df64_r01c03.png,roi/3/3_3_01_3ef7df64_r01c03.png,normalized_32x32/3/3_3_01_3ef7df64_r01c03.npy
3_3_01_3ef7df64_r01c04,pages/3_01_3ef7df64.jpg,3ef7df6468d39f5964afc029f1931a9b92adfe0812ac949eca37199e1b6917eb,1,4,3,filename,extracted,,False,paper_near_image_edge,"[944, 0, 1259, 426]","[121, 124, 195, 261]",cells/3_3_01_3ef7df64_r01c04.png,processed_28x28/3/3_3_01_3ef7df64_r01c04.png,input_32x32/3/3_3_01_3ef7df64_r01c04.png,roi/3/3_3_01_3ef7df64_r01c04.png,normalized_32x32/3/3_3_01_3ef7df64_r01c04.npy
3_3_01_3ef7df64_r02c01,pages/3_01_3ef7df64.jpg,3ef7df6468d39f5964afc029f1931a9b92adfe0812ac949eca37199e1b6917eb,2,1,3,filename,extracted,,False,paper_near_image_edge,"[0, 426, 315, 853]","[94, 120, 209, 274]",cells/3_3_01_3ef7df64_r02c01.png,processed_28x28/3/3_3_01_3ef7df64_r02c01.png,input_32x32/3/3_3_01_3ef7df64_r02c01.png,roi/3/3_3_01_3ef7df64_r02c01.png,normalized_32x32/3/3_3_01_3ef7df64_r02c01.npy
3_3_01_3ef7df64_r02c02,pages/3_01_3ef7df64.jpg,3ef7df6468d39f5964afc029f1931a9b92adfe0812ac949eca37199e1b6917eb,2,2,3,filename,extracted,,False,paper_near_image_edge,"[315, 426, 630, 853]","[112, 142, 171, 262]",cells/3_3_01_3ef7df64_r02c02.png,processed_28x28/3/3_3_01_3ef7df64_r02c02.png,input_32x32/3/3_3_01_3ef7df64_r02c02.png,roi/3/3_3_01_3ef7df64_r02c02.png,normalized_32x32/3/3_3_01_3ef7df64_r02c02.npy
3_3_01_3ef7df64_r02c03,pages/3_01_3ef7df64.jpg,3ef7df6468d39f5964afc029f1931a9b92adfe0812ac949eca37199e1b6917eb,2,3,3,filename,extracted,,False,paper_near_image_edge,"[630, 426, 944, 853]","[121, 147, 169, 266]",cells/3_3_01_3ef7df64_r02c03.png,processed_28x28/3/3_3_01_3ef7df64_r02c03.png,input_32x32/3/3_3_01_3ef7df64_r02c03.png,roi/3/3_3_01_3ef7df64_r02c03.png,normalized_32x32/3/3_3_01_3ef7df64_r02c03.npy
3_3_01_3ef7df64_r02c04,pages/3_01_3ef7df64.jpg,3ef7df6468d39f5964afc029f1931a9b92adfe0812ac949eca37199e1b6917eb,2,4,3,filename,extracted,,False,paper_near_image_edge,"[944, 426, 1259, 853]","[113, 127, 168, 267]",cells/3_3_01_3ef7df64_r02c04.png,processed_28x28/3/3_3_01_3ef7df64_r02c04.png,input_32x32/3/3_3_01_3ef7df64_r02c04.png,roi/3/3_3_01_3ef7df64_r02c04.png,normalized_32x32/3/3_3_01_3ef7df64_r02c04.npy
3_3_01_3ef7df64_r03c01,pages/3_01_3ef7df64.jpg,3ef7df6468d39f5964afc029f1931a9b92adfe0812ac949eca37199e1b6917eb,3,1,3,filename,extracted,,False,paper_near_image_edge,"[0, 853, 315, 1280]","[119, 124, 202, 278]",cells/3_3_01_3ef7df64_r03c01.png,processed_28x28/3/3_3_01_3ef7df64_r03c01.png,input_32x32/3/3_3_01_3ef7df64_r03c01.png,roi/3/3_3_01_3ef7df64_r03c01.png,normalized_32x32/3/3_3_01_3ef7df64_r03c01.npy
3_3_01_3ef7df64_r03c02,pages/3_01_3ef7df64.jpg,3ef7df6468d39f5964afc029f1931a9b92adfe0812ac949eca37199e1b6917eb,3,2,3,filename,extracted,,False,paper_near_image_edge,"[315, 853, 630, 1280]","[102, 94, 197, 256]",cells/3_3_01_3ef7df64_r03c02.png,processed_28x28/3/3_3_01_3ef7df64_r03c02.png,input_32x32/3/3_3_01_3ef7df64_r03c02.png,roi/3/3_3_01_3ef7df64_r03c02.png,normalized_32x32/3/3_3_01_3ef7df64_r03c02.npy
3_3_01_3ef7df64_r03c03,pages/3_01_3ef7df64.jpg,3ef7df6468d39f5964afc029f1931a9b92adfe0812ac949eca37199e1b6917eb,3,3,3,filename,extracted,,False,paper_near_image_edge,"[630, 853, 944, 1280]","[76, 124, 151, 253]",cells/3_3_01_3ef7df64_r03c03.png,processed_28x28/3/3_3_01_3ef7df64_r03c03.png,input_32x32/3/3_3_01_3ef7df64_r03c03.png,roi/3/3_3_01_3ef7df64_r03c03.png,normalized_32x32/3/3_3_01_3ef7df64_r03c03.npy
3_3_01_3ef7df64_r03c04,pages/3_01_3ef7df64.jpg,3ef7df6468d39f5964afc029f1931a9b92adfe0812ac949eca37199e1b6917eb,3,4,3,filename,extracted,,False,paper_near_image_edge,"[944, 853, 1259, 1280]","[73, 118, 192, 338]",cells/3_3_01_3ef7df64_r03c04.png,processed_28x28/3/3_3_01_3ef7df64_r03c04.png,input_32x32/3/3_3_01_3ef7df64_r03c04.png,roi/3/3_3_01_3ef7df64_r03c04.png,normalized_32x32/3/3_3_01_3ef7df64_r03c04.npy
3_3_01_3ef7df64_r04c01,pages/3_01_3ef7df64.jpg,3ef7df6468d39f5964afc029f1931a9b92adfe0812ac949eca37199e1b6917eb,4,1,3,filename,extracted,,False,paper_near_image_edge,"[0, 1280, 315, 1706]","[122, 97, 184, 260]",cells/3_3_01_3ef7df64_r04c01.png,processed_28x28/3/3_3_01_3ef7df64_r04c01.png,input_32x32/3/3_3_01_3ef7df64_r04c01.png,roi/3/3_3_01_3ef7df64_r04c01.png,normalized_32x32/3/3_3_01_3ef7df64_r04c01.npy
3_3_01_3ef7df64_r04c02,pages/3_01_3ef7df64.jpg,3ef7df6468d39f5964afc029f1931a9b92adfe0812ac949eca37199e1b6917eb,4,2,3,filename,extracted,,False,paper_near_image_edge,"[315, 1280, 630, 1706]","[100, 103, 179, 255]",cells/3_3_01_3ef7df64_r04c02.png,processed_28x28/3/3_3_01_3ef7df64_r04c02.png,input_32x32/3/3_3_01_3ef7df64_r04c02.png,roi/3/3_3_01_3ef7df64_r04c02.png,normalized_32x32/3/3_3_01_3ef7df64_r04c02.npy
3_3_01_3ef7df64_r04c03,pages/3_01_3ef7df64.jpg,3ef7df6468d39f5964afc029f1931a9b92adfe0812ac949eca37199e1b6917eb,4,3,3,filename,extracted,,False,paper_near_image_edge,"[630, 1280, 944, 1706]","[57, 100, 148, 274]",cells/3_3_01_3ef7df64_r04c03.png,processed_28x28/3/3_3_01_3ef7df64_r04c03.png,input_32x32/3/3_3_01_3ef7df64_r04c03.png,roi/3/3_3_01_3ef7df64_r04c03.png,normalized_32x32/3/3_3_01_3ef7df64_r04c03.npy
3_3_01_3ef7df64_r04c04,pages/3_01_3ef7df64.jpg,3ef7df6468d39f5964afc029f1931a9b92adfe0812ac949eca37199e1b6917eb,4,4,3,filename,extracted,,False,paper_near_image_edge,"[944, 1280, 1259, 1706]","[55, 111, 168, 333]",cells/3_3_01_3ef7df64_r04c04.png,processed_28x28/3/3_3_01_3ef7df64_r04c04.png,input_32x32/3/3_3_01_3ef7df64_r04c04.png,roi/3/3_3_01_3ef7df64_r04c04.png,normalized_32x32/3/3_3_01_3ef7df64_r04c04.npy
3_3_02_0ace0337_r01c01,pages/3_02_0ace0337.jpg,0ace03373bb1ebb1b9b75b94ba20ca8979e59b0ffea4e9f9008c18b29adfeb77,1,1,3,filename,needs_review,extra_ink_ignored,False,paper_near_image_edge,"[0, 0, 312, 426]","[126, 140, 210, 290]",cells/3_3_02_0ace0337_r01c01.png,processed_28x28/3/3_3_02_0ace0337_r01c01.png,input_32x32/3/3_3_02_0ace0337_r01c01.png,roi/3/3_3_02_0ace0337_r01c01.png,normalized_32x32/3/3_3_02_0ace0337_r01c01.npy
3_3_02_0ace0337_r01c02,pages/3_02_0ace0337.jpg,0ace03373bb1ebb1b9b75b94ba20ca8979e59b0ffea4e9f9008c18b29adfeb77,1,2,3,filename,needs_review,extra_ink_ignored,False,paper_near_image_edge,"[312, 0, 624, 426]","[116, 145, 183, 303]",cells/3_3_02_0ace0337_r01c02.png,processed_28x28/3/3_3_02_0ace0337_r01c02.png,input_32x32/3/3_3_02_0ace0337_r01c02.png,roi/3/3_3_02_0ace0337_r01c02.png,normalized_32x32/3/3_3_02_0ace0337_r01c02.npy
3_3_02_0ace0337_r01c03,pages/3_02_0ace0337.jpg,0ace03373bb1ebb1b9b75b94ba20ca8979e59b0ffea4e9f9008c18b29adfeb77,1,3,3,filename,extracted,,False,paper_near_image_edge,"[624, 0, 936, 426]","[105, 142, 193, 283]",cells/3_3_02_0ace0337_r01c03.png,processed_28x28/3/3_3_02_0ace0337_r01c03.png,input_32x32/3/3_3_02_0ace0337_r01c03.png,roi/3/3_3_02_0ace0337_r01c03.png,normalized_32x32/3/3_3_02_0ace0337_r01c03.npy
3_3_02_0ace0337_r01c04,pages/3_02_0ace0337.jpg,0ace03373bb1ebb1b9b75b94ba20ca8979e59b0ffea4e9f9008c18b29adfeb77,1,4,3,filename,extracted,,False,paper_near_image_edge,"[936, 0, 1248, 426]","[133, 144, 199, 279]",cells/3_3_02_0ace0337_r01c04.png,processed_28x28/3/3_3_02_0ace0337_r01c04.png,input_32x32/3/3_3_02_0ace0337_r01c04.png,roi/3/3_3_02_0ace0337_r01c04.png,normalized_32x32/3/3_3_02_0ace0337_r01c04.npy
3_3_02_0ace0337_r02c01,pages/3_02_0ace0337.jpg,0ace03373bb1ebb1b9b75b94ba20ca8979e59b0ffea4e9f9008c18b29adfeb77,2,1,3,filename,extracted,,False,paper_near_image_edge,"[0, 426, 312, 853]","[114, 127, 207, 303]",cells/3_3_02_0ace0337_r02c01.png,processed_28x28/3/3_3_02_0ace0337_r02c01.png,input_32x32/3/3_3_02_0ace0337_r02c01.png,roi/3/3_3_02_0ace0337_r02c01.png,normalized_32x32/3/3_3_02_0ace0337_r02c01.npy
3_3_02_0ace0337_r02c02,pages/3_02_0ace0337.jpg,0ace03373bb1ebb1b9b75b94ba20ca8979e59b0ffea4e9f9008c18b29adfeb77,2,2,3,filename,extracted,,False,paper_near_image_edge,"[312, 426, 624, 853]","[95, 115, 196, 316]",cells/3_3_02_0ace0337_r02c02.png,processed_28x28/3/3_3_02_0ace0337_r02c02.png,input_32x32/3/3_3_02_0ace0337_r02c02.png,roi/3/3_3_02_0ace0337_r02c02.png,normalized_32x32/3/3_3_02_0ace0337_r02c02.npy
3_3_02_0ace0337_r02c03,pages/3_02_0ace0337.jpg,0ace03373bb1ebb1b9b75b94ba20ca8979e59b0ffea4e9f9008c18b29adfeb77,2,3,3,filename,extracted,,False,paper_near_image_edge,"[624, 426, 936, 853]","[108, 136, 172, 267]",cells/3_3_02_0ace0337_r02c03.png,processed_28x28/3/3_3_02_0ace0337_r02c03.png,input_32x32/3/3_3_02_0ace0337_r02c03.png,roi/3/3_3_02_0ace0337_r02c03.png,normalized_32x32/3/3_3_02_0ace0337_r02c03.npy
3_3_02_0ace0337_r02c04,pages/3_02_0ace0337.jpg,0ace03373bb1ebb1b9b75b94ba20ca8979e59b0ffea4e9f9008c18b29adfeb77,2,4,3,filename,extracted,,False,paper_near_image_edge,"[936, 426, 1248, 853]","[96, 143, 169, 276]",cells/3_3_02_0ace0337_r02c04.png,processed_28x28/3/3_3_02_0ace0337_r02c04.png,input_32x32/3/3_3_02_0ace0337_r02c04.png,roi/3/3_3_02_0ace0337_r02c04.png,normalized_32x32/3/3_3_02_0ace0337_r02c04.npy
3_3_02_0ace0337_r03c01,pages/3_02_0ace0337.jpg,0ace03373bb1ebb1b9b75b94ba20ca8979e59b0ffea4e9f9008c18b29adfeb77,3,1,3,filename,extracted,,False,paper_near_image_edge,"[0, 853, 312, 1280]","[114, 128, 208, 272]",cells/3_3_02_0ace0337_r03c01.png,processed_28x28/3/3_3_02_0ace0337_r03c01.png,input_32x32/3/3_3_02_0ace0337_r03c01.png,roi/3/3_3_02_0ace0337_r03c01.png,normalized_32x32/3/3_3_02_0ace0337_r03c01.npy
3_3_02_0ace0337_r03c02,pages/3_02_0ace0337.jpg,0ace03373bb1ebb1b9b75b94ba20ca8979e59b0ffea4e9f9008c18b29adfeb77,3,2,3,filename,extracted,,False,paper_near_image_edge,"[312, 853, 624, 1280]","[108, 135, 171, 272]",cells/3_3_02_0ace0337_r03c02.png,processed_28x28/3/3_3_02_0ace0337_r03c02.png,input_32x32/3/3_3_02_0ace0337_r03c02.png,roi/3/3_3_02_0ace0337_r03c02.png,normalized_32x32/3/3_3_02_0ace0337_r03c02.npy
3_3_02_0ace0337_r03c03,pages/3_02_0ace0337.jpg,0ace03373bb1ebb1b9b75b94ba20ca8979e59b0ffea4e9f9008c18b29adfeb77,3,3,3,filename,extracted,,False,paper_near_image_edge,"[624, 853, 936, 1280]","[110, 129, 183, 288]",cells/3_3_02_0ace0337_r03c03.png,processed_28x28/3/3_3_02_0ace0337_r03c03.png,input_32x32/3/3_3_02_0ace0337_r03c03.png,roi/3/3_3_02_0ace0337_r03c03.png,normalized_32x32/3/3_3_02_0ace0337_r03c03.npy
3_3_02_0ace0337_r03c04,pages/3_02_0ace0337.jpg,0ace03373bb1ebb1b9b75b94ba20ca8979e59b0ffea4e9f9008c18b29adfeb77,3,4,3,filename,extracted,,False,paper_near_image_edge,"[936, 853, 1248, 1280]","[87, 147, 190, 326]",cells/3_3_02_0ace0337_r03c04.png,processed_28x28/3/3_3_02_0ace0337_r03c04.png,input_32x32/3/3_3_02_0ace0337_r03c04.png,roi/3/3_3_02_0ace0337_r03c04.png,normalized_32x32/3/3_3_02_0ace0337_r03c04.npy
3_3_02_0ace0337_r04c01,pages/3_02_0ace0337.jpg,0ace03373bb1ebb1b9b75b94ba20ca8979e59b0ffea4e9f9008c18b29adfeb77,4,1,3,filename,extracted,,False,paper_near_image_edge,"[0, 1280, 312, 1706]","[126, 143, 206, 271]",cells/3_3_02_0ace0337_r04c01.png,processed_28x28/3/3_3_02_0ace0337_r04c01.png,input_32x32/3/3_3_02_0ace0337_r04c01.png,roi/3/3_3_02_0ace0337_r04c01.png,normalized_32x32/3/3_3_02_0ace0337_r04c01.npy
3_3_02_0ace0337_r04c02,pages/3_02_0ace0337.jpg,0ace03373bb1ebb1b9b75b94ba20ca8979e59b0ffea4e9f9008c18b29adfeb77,4,2,3,filename,extracted,,False,paper_near_image_edge,"[312, 1280, 624, 1706]","[122, 120, 208, 283]",cells/3_3_02_0ace0337_r04c02.png,processed_28x28/3/3_3_02_0ace0337_r04c02.png,input_32x32/3/3_3_02_0ace0337_r04c02.png,roi/3/3_3_02_0ace0337_r04c02.png,normalized_32x32/3/3_3_02_0ace0337_r04c02.npy
3_3_02_0ace0337_r04c03,pages/3_02_0ace0337.jpg,0ace03373bb1ebb1b9b75b94ba20ca8979e59b0ffea4e9f9008c18b29adfeb77,4,3,3,filename,extracted,,False,paper_near_image_edge,"[624, 1280, 936, 1706]","[71, 125, 190, 301]",cells/3_3_02_0ace0337_r04c03.png,processed_28x28/3/3_3_02_0ace0337_r04c03.png,input_32x32/3/3_3_02_0ace0337_r04c03.png,roi/3/3_3_02_0ace0337_r04c03.png,normalized_32x32/3/3_3_02_0ace0337_r04c03.npy
3_3_02_0ace0337_r04c04,pages/3_02_0ace0337.jpg,0ace03373bb1ebb1b9b75b94ba20ca8979e59b0ffea4e9f9008c18b29adfeb77,4,4,3,filename,extracted,,False,paper_near_image_edge,"[936, 1280, 1248, 1706]","[59, 139, 180, 399]",cells/3_3_02_0ace0337_r04c04.png,processed_28x28/3/3_3_02_0ace0337_r04c04.png,input_32x32/3/3_3_02_0ace0337_r04c04.png,roi/3/3_3_02_0ace0337_r04c04.png,normalized_32x32/3/3_3_02_0ace0337_r04c04.npy
4_4_01_ecfe458e_r01c01,pages/4_01_ecfe458e.jpg,ecfe458e86cdab2e2a686a6b08bffcc08bc240737994292abe459257e11ff27d,1,1,4,filename,extracted,,False,paper_near_image_edge,"[0, 0, 314, 426]","[94, 162, 194, 313]",cells/4_4_01_ecfe458e_r01c01.png,processed_28x28/4/4_4_01_ecfe458e_r01c01.png,input_32x32/4/4_4_01_ecfe458e_r01c01.png,roi/4/4_4_01_ecfe458e_r01c01.png,normalized_32x32/4/4_4_01_ecfe458e_r01c01.npy
4_4_01_ecfe458e_r01c02,pages/4_01_ecfe458e.jpg,ecfe458e86cdab2e2a686a6b08bffcc08bc240737994292abe459257e11ff27d,1,2,4,filename,extracted,,False,paper_near_image_edge,"[314, 0, 628, 426]","[111, 176, 202, 280]",cells/4_4_01_ecfe458e_r01c02.png,processed_28x28/4/4_4_01_ecfe458e_r01c02.png,input_32x32/4/4_4_01_ecfe458e_r01c02.png,roi/4/4_4_01_ecfe458e_r01c02.png,normalized_32x32/4/4_4_01_ecfe458e_r01c02.npy
4_4_01_ecfe458e_r01c03,pages/4_01_ecfe458e.jpg,ecfe458e86cdab2e2a686a6b08bffcc08bc240737994292abe459257e11ff27d,1,3,4,filename,extracted,,False,paper_near_image_edge,"[628, 0, 943, 426]","[102, 181, 197, 286]",cells/4_4_01_ecfe458e_r01c03.png,processed_28x28/4/4_4_01_ecfe458e_r01c03.png,input_32x32/4/4_4_01_ecfe458e_r01c03.png,roi/4/4_4_01_ecfe458e_r01c03.png,normalized_32x32/4/4_4_01_ecfe458e_r01c03.npy
4_4_01_ecfe458e_r01c04,pages/4_01_ecfe458e.jpg,ecfe458e86cdab2e2a686a6b08bffcc08bc240737994292abe459257e11ff27d,1,4,4,filename,extracted,,False,paper_near_image_edge,"[943, 0, 1257, 426]","[79, 158, 195, 290]",cells/4_4_01_ecfe458e_r01c04.png,processed_28x28/4/4_4_01_ecfe458e_r01c04.png,input_32x32/4/4_4_01_ecfe458e_r01c04.png,roi/4/4_4_01_ecfe458e_r01c04.png,normalized_32x32/4/4_4_01_ecfe458e_r01c04.npy
4_4_01_ecfe458e_r02c01,pages/4_01_ecfe458e.jpg,ecfe458e86cdab2e2a686a6b08bffcc08bc240737994292abe459257e11ff27d,2,1,4,filename,needs_review,extra_ink_ignored,False,paper_near_image_edge,"[0, 426, 314, 853]","[120, 165, 217, 306]",cells/4_4_01_ecfe458e_r02c01.png,processed_28x28/4/4_4_01_ecfe458e_r02c01.png,input_32x32/4/4_4_01_ecfe458e_r02c01.png,roi/4/4_4_01_ecfe458e_r02c01.png,normalized_32x32/4/4_4_01_ecfe458e_r02c01.npy
4_4_01_ecfe458e_r02c02,pages/4_01_ecfe458e.jpg,ecfe458e86cdab2e2a686a6b08bffcc08bc240737994292abe459257e11ff27d,2,2,4,filename,extracted,,False,paper_near_image_edge,"[314, 426, 628, 853]","[120, 166, 212, 313]",cells/4_4_01_ecfe458e_r02c02.png,processed_28x28/4/4_4_01_ecfe458e_r02c02.png,input_32x32/4/4_4_01_ecfe458e_r02c02.png,roi/4/4_4_01_ecfe458e_r02c02.png,normalized_32x32/4/4_4_01_ecfe458e_r02c02.npy
4_4_01_ecfe458e_r02c03,pages/4_01_ecfe458e.jpg,ecfe458e86cdab2e2a686a6b08bffcc08bc240737994292abe459257e11ff27d,2,3,4,filename,extracted,,False,paper_near_image_edge,"[628, 426, 943, 853]","[125, 171, 210, 281]",cells/4_4_01_ecfe458e_r02c03.png,processed_28x28/4/4_4_01_ecfe458e_r02c03.png,input_32x32/4/4_4_01_ecfe458e_r02c03.png,roi/4/4_4_01_ecfe458e_r02c03.png,normalized_32x32/4/4_4_01_ecfe458e_r02c03.npy
4_4_01_ecfe458e_r02c04,pages/4_01_ecfe458e.jpg,ecfe458e86cdab2e2a686a6b08bffcc08bc240737994292abe459257e11ff27d,2,4,4,filename,extracted,,False,paper_near_image_edge,"[943, 426, 1257, 853]","[113, 177, 193, 298]",cells/4_4_01_ecfe458e_r02c04.png,processed_28x28/4/4_4_01_ecfe458e_r02c04.png,input_32x32/4/4_4_01_ecfe458e_r02c04.png,roi/4/4_4_01_ecfe458e_r02c04.png,normalized_32x32/4/4_4_01_ecfe458e_r02c04.npy
4_4_01_ecfe458e_r03c01,pages/4_01_ecfe458e.jpg,ecfe458e86cdab2e2a686a6b08bffcc08bc240737994292abe459257e11ff27d,3,1,4,filename,extracted,,False,paper_near_image_edge,"[0, 853, 314, 1280]","[109, 145, 232, 319]",cells/4_4_01_ecfe458e_r03c01.png,processed_28x28/4/4_4_01_ecfe458e_r03c01.png,input_32x32/4/4_4_01_ecfe458e_r03c01.png,roi/4/4_4_01_ecfe458e_r03c01.png,normalized_32x32/4/4_4_01_ecfe458e_r03c01.npy
4_4_01_ecfe458e_r03c02,pages/4_01_ecfe458e.jpg,ecfe458e86cdab2e2a686a6b08bffcc08bc240737994292abe459257e11ff27d,3,2,4,filename,extracted,,False,paper_near_image_edge,"[314, 853, 628, 1280]","[92, 155, 218, 320]",cells/4_4_01_ecfe458e_r03c02.png,processed_28x28/4/4_4_01_ecfe458e_r03c02.png,input_32x32/4/4_4_01_ecfe458e_r03c02.png,roi/4/4_4_01_ecfe458e_r03c02.png,normalized_32x32/4/4_4_01_ecfe458e_r03c02.npy
4_4_01_ecfe458e_r03c03,pages/4_01_ecfe458e.jpg,ecfe458e86cdab2e2a686a6b08bffcc08bc240737994292abe459257e11ff27d,3,3,4,filename,extracted,,False,paper_near_image_edge,"[628, 853, 943, 1280]","[102, 126, 222, 281]",cells/4_4_01_ecfe458e_r03c03.png,processed_28x28/4/4_4_01_ecfe458e_r03c03.png,input_32x32/4/4_4_01_ecfe458e_r03c03.png,roi/4/4_4_01_ecfe458e_r03c03.png,normalized_32x32/4/4_4_01_ecfe458e_r03c03.npy
4_4_01_ecfe458e_r03c04,pages/4_01_ecfe458e.jpg,ecfe458e86cdab2e2a686a6b08bffcc08bc240737994292abe459257e11ff27d,3,4,4,filename,extracted,,False,paper_near_image_edge,"[943, 853, 1257, 1280]","[126, 132, 228, 287]",cells/4_4_01_ecfe458e_r03c04.png,processed_28x28/4/4_4_01_ecfe458e_r03c04.png,input_32x32/4/4_4_01_ecfe458e_r03c04.png,roi/4/4_4_01_ecfe458e_r03c04.png,normalized_32x32/4/4_4_01_ecfe458e_r03c04.npy
4_4_01_ecfe458e_r04c01,pages/4_01_ecfe458e.jpg,ecfe458e86cdab2e2a686a6b08bffcc08bc240737994292abe459257e11ff27d,4,1,4,filename,extracted,,False,paper_near_image_edge,"[0, 1280, 314, 1706]","[112, 116, 196, 277]",cells/4_4_01_ecfe458e_r04c01.png,processed_28x28/4/4_4_01_ecfe458e_r04c01.png,input_32x32/4/4_4_01_ecfe458e_r04c01.png,roi/4/4_4_01_ecfe458e_r04c01.png,normalized_32x32/4/4_4_01_ecfe458e_r04c01.npy
4_4_01_ecfe458e_r04c02,pages/4_01_ecfe458e.jpg,ecfe458e86cdab2e2a686a6b08bffcc08bc240737994292abe459257e11ff27d,4,2,4,filename,extracted,,False,paper_near_image_edge,"[314, 1280, 628, 1706]","[109, 127, 199, 260]",cells/4_4_01_ecfe458e_r04c02.png,processed_28x28/4/4_4_01_ecfe458e_r04c02.png,input_32x32/4/4_4_01_ecfe458e_r04c02.png,roi/4/4_4_01_ecfe458e_r04c02.png,normalized_32x32/4/4_4_01_ecfe458e_r04c02.npy
4_4_01_ecfe458e_r04c03,pages/4_01_ecfe458e.jpg,ecfe458e86cdab2e2a686a6b08bffcc08bc240737994292abe459257e11ff27d,4,3,4,filename,extracted,,False,paper_near_image_edge,"[628, 1280, 943, 1706]","[110, 135, 190, 283]",cells/4_4_01_ecfe458e_r04c03.png,processed_28x28/4/4_4_01_ecfe458e_r04c03.png,input_32x32/4/4_4_01_ecfe458e_r04c03.png,roi/4/4_4_01_ecfe458e_r04c03.png,normalized_32x32/4/4_4_01_ecfe458e_r04c03.npy
4_4_01_ecfe458e_r04c04,pages/4_01_ecfe458e.jpg,ecfe458e86cdab2e2a686a6b08bffcc08bc240737994292abe459257e11ff27d,4,4,4,filename,extracted,,False,paper_near_image_edge,"[943, 1280, 1257, 1706]","[107, 129, 220, 282]",cells/4_4_01_ecfe458e_r04c04.png,processed_28x28/4/4_4_01_ecfe458e_r04c04.png,input_32x32/4/4_4_01_ecfe458e_r04c04.png,roi/4/4_4_01_ecfe458e_r04c04.png,normalized_32x32/4/4_4_01_ecfe458e_r04c04.npy
4_4_02_b6e2cbed_r01c01,pages/4_02_b6e2cbed.jpg,b6e2cbed5815e479a1d680486a21f09e9e1046597836130c13cad6e1055eaa62,1,1,4,filename,extracted,,False,paper_near_image_edge,"[0, 0, 320, 427]","[89, 134, 209, 249]",cells/4_4_02_b6e2cbed_r01c01.png,processed_28x28/4/4_4_02_b6e2cbed_r01c01.png,input_32x32/4/4_4_02_b6e2cbed_r01c01.png,roi/4/4_4_02_b6e2cbed_r01c01.png,normalized_32x32/4/4_4_02_b6e2cbed_r01c01.npy
4_4_02_b6e2cbed_r01c02,pages/4_02_b6e2cbed.jpg,b6e2cbed5815e479a1d680486a21f09e9e1046597836130c13cad6e1055eaa62,1,2,4,filename,extracted,,False,paper_near_image_edge,"[320, 0, 640, 427]","[107, 117, 205, 268]",cells/4_4_02_b6e2cbed_r01c02.png,processed_28x28/4/4_4_02_b6e2cbed_r01c02.png,input_32x32/4/4_4_02_b6e2cbed_r01c02.png,roi/4/4_4_02_b6e2cbed_r01c02.png,normalized_32x32/4/4_4_02_b6e2cbed_r01c02.npy
4_4_02_b6e2cbed_r01c03,pages/4_02_b6e2cbed.jpg,b6e2cbed5815e479a1d680486a21f09e9e1046597836130c13cad6e1055eaa62,1,3,4,filename,extracted,,False,paper_near_image_edge,"[640, 0, 959, 427]","[119, 136, 210, 270]",cells/4_4_02_b6e2cbed_r01c03.png,processed_28x28/4/4_4_02_b6e2cbed_r01c03.png,input_32x32/4/4_4_02_b6e2cbed_r01c03.png,roi/4/4_4_02_b6e2cbed_r01c03.png,normalized_32x32/4/4_4_02_b6e2cbed_r01c03.npy
4_4_02_b6e2cbed_r01c04,pages/4_02_b6e2cbed.jpg,b6e2cbed5815e479a1d680486a21f09e9e1046597836130c13cad6e1055eaa62,1,4,4,filename,extracted,,False,paper_near_image_edge,"[959, 0, 1279, 427]","[109, 132, 191, 261]",cells/4_4_02_b6e2cbed_r01c04.png,processed_28x28/4/4_4_02_b6e2cbed_r01c04.png,input_32x32/4/4_4_02_b6e2cbed_r01c04.png,roi/4/4_4_02_b6e2cbed_r01c04.png,normalized_32x32/4/4_4_02_b6e2cbed_r01c04.npy
4_4_02_b6e2cbed_r02c01,pages/4_02_b6e2cbed.jpg,b6e2cbed5815e479a1d680486a21f09e9e1046597836130c13cad6e1055eaa62,2,1,4,filename,extracted,,False,paper_near_image_edge,"[0, 427, 320, 854]","[90, 127, 204, 302]",cells/4_4_02_b6e2cbed_r02c01.png,processed_28x28/4/4_4_02_b6e2cbed_r02c01.png,input_32x32/4/4_4_02_b6e2cbed_r02c01.png,roi/4/4_4_02_b6e2cbed_r02c01.png,normalized_32x32/4/4_4_02_b6e2cbed_r02c01.npy
4_4_02_b6e2cbed_r02c02,pages/4_02_b6e2cbed.jpg,b6e2cbed5815e479a1d680486a21f09e9e1046597836130c13cad6e1055eaa62,2,2,4,filename,extracted,,False,paper_near_image_edge,"[320, 427, 640, 854]","[85, 135, 207, 294]",cells/4_4_02_b6e2cbed_r02c02.png,processed_28x28/4/4_4_02_b6e2cbed_r02c02.png,input_32x32/4/4_4_02_b6e2cbed_r02c02.png,roi/4/4_4_02_b6e2cbed_r02c02.png,normalized_32x32/4/4_4_02_b6e2cbed_r02c02.npy
4_4_02_b6e2cbed_r02c03,pages/4_02_b6e2cbed.jpg,b6e2cbed5815e479a1d680486a21f09e9e1046597836130c13cad6e1055eaa62,2,3,4,filename,extracted,,False,paper_near_image_edge,"[640, 427, 959, 854]","[103, 143, 203, 277]",cells/4_4_02_b6e2cbed_r02c03.png,processed_28x28/4/4_4_02_b6e2cbed_r02c03.png,input_32x32/4/4_4_02_b6e2cbed_r02c03.png,roi/4/4_4_02_b6e2cbed_r02c03.png,normalized_32x32/4/4_4_02_b6e2cbed_r02c03.npy
4_4_02_b6e2cbed_r02c04,pages/4_02_b6e2cbed.jpg,b6e2cbed5815e479a1d680486a21f09e9e1046597836130c13cad6e1055eaa62,2,4,4,filename,extracted,,False,paper_near_image_edge,"[959, 427, 1279, 854]","[92, 119, 213, 264]",cells/4_4_02_b6e2cbed_r02c04.png,processed_28x28/4/4_4_02_b6e2cbed_r02c04.png,input_32x32/4/4_4_02_b6e2cbed_r02c04.png,roi/4/4_4_02_b6e2cbed_r02c04.png,normalized_32x32/4/4_4_02_b6e2cbed_r02c04.npy
4_4_02_b6e2cbed_r03c01,pages/4_02_b6e2cbed.jpg,b6e2cbed5815e479a1d680486a21f09e9e1046597836130c13cad6e1055eaa62,3,1,4,filename,extracted,,False,paper_near_image_edge,"[0, 854, 320, 1280]","[81, 111, 222, 280]",cells/4_4_02_b6e2cbed_r03c01.png,processed_28x28/4/4_4_02_b6e2cbed_r03c01.png,input_32x32/4/4_4_02_b6e2cbed_r03c01.png,roi/4/4_4_02_b6e2cbed_r03c01.png,normalized_32x32/4/4_4_02_b6e2cbed_r03c01.npy
4_4_02_b6e2cbed_r03c02,pages/4_02_b6e2cbed.jpg,b6e2cbed5815e479a1d680486a21f09e9e1046597836130c13cad6e1055eaa62,3,2,4,filename,extracted,,False,paper_near_image_edge,"[320, 854, 640, 1280]","[72, 114, 172, 274]",cells/4_4_02_b6e2cbed_r03c02.png,processed_28x28/4/4_4_02_b6e2cbed_r03c02.png,input_32x32/4/4_4_02_b6e2cbed_r03c02.png,roi/4/4_4_02_b6e2cbed_r03c02.png,normalized_32x32/4/4_4_02_b6e2cbed_r03c02.npy
4_4_02_b6e2cbed_r03c03,pages/4_02_b6e2cbed.jpg,b6e2cbed5815e479a1d680486a21f09e9e1046597836130c13cad6e1055eaa62,3,3,4,filename,extracted,,False,paper_near_image_edge,"[640, 854, 959, 1280]","[90, 131, 197, 314]",cells/4_4_02_b6e2cbed_r03c03.png,processed_28x28/4/4_4_02_b6e2cbed_r03c03.png,input_32x32/4/4_4_02_b6e2cbed_r03c03.png,roi/4/4_4_02_b6e2cbed_r03c03.png,normalized_32x32/4/4_4_02_b6e2cbed_r03c03.npy
4_4_02_b6e2cbed_r03c04,pages/4_02_b6e2cbed.jpg,b6e2cbed5815e479a1d680486a21f09e9e1046597836130c13cad6e1055eaa62,3,4,4,filename,extracted,,False,paper_near_image_edge,"[959, 854, 1279, 1280]","[90, 143, 204, 286]",cells/4_4_02_b6e2cbed_r03c04.png,processed_28x28/4/4_4_02_b6e2cbed_r03c04.png,input_32x32/4/4_4_02_b6e2cbed_r03c04.png,roi/4/4_4_02_b6e2cbed_r03c04.png,normalized_32x32/4/4_4_02_b6e2cbed_r03c04.npy
4_4_02_b6e2cbed_r04c01,pages/4_02_b6e2cbed.jpg,b6e2cbed5815e479a1d680486a21f09e9e1046597836130c13cad6e1055eaa62,4,1,4,filename,extracted,,False,paper_near_image_edge,"[0, 1280, 320, 1707]","[80, 126, 185, 274]",cells/4_4_02_b6e2cbed_r04c01.png,processed_28x28/4/4_4_02_b6e2cbed_r04c01.png,input_32x32/4/4_4_02_b6e2cbed_r04c01.png,roi/4/4_4_02_b6e2cbed_r04c01.png,normalized_32x32/4/4_4_02_b6e2cbed_r04c01.npy
4_4_02_b6e2cbed_r04c02,pages/4_02_b6e2cbed.jpg,b6e2cbed5815e479a1d680486a21f09e9e1046597836130c13cad6e1055eaa62,4,2,4,filename,extracted,,False,paper_near_image_edge,"[320, 1280, 640, 1707]","[55, 141, 189, 292]",cells/4_4_02_b6e2cbed_r04c02.png,processed_28x28/4/4_4_02_b6e2cbed_r04c02.png,input_32x32/4/4_4_02_b6e2cbed_r04c02.png,roi/4/4_4_02_b6e2cbed_r04c02.png,normalized_32x32/4/4_4_02_b6e2cbed_r04c02.npy
4_4_02_b6e2cbed_r04c03,pages/4_02_b6e2cbed.jpg,b6e2cbed5815e479a1d680486a21f09e9e1046597836130c13cad6e1055eaa62,4,3,4,filename,extracted,,False,paper_near_image_edge,"[640, 1280, 959, 1707]","[86, 128, 195, 336]",cells/4_4_02_b6e2cbed_r04c03.png,processed_28x28/4/4_4_02_b6e2cbed_r04c03.png,input_32x32/4/4_4_02_b6e2cbed_r04c03.png,roi/4/4_4_02_b6e2cbed_r04c03.png,normalized_32x32/4/4_4_02_b6e2cbed_r04c03.npy
4_4_02_b6e2cbed_r04c04,pages/4_02_b6e2cbed.jpg,b6e2cbed5815e479a1d680486a21f09e9e1046597836130c13cad6e1055eaa62,4,4,4,filename,extracted,,False,paper_near_image_edge,"[959, 1280, 1279, 1707]","[96, 161, 214, 356]",cells/4_4_02_b6e2cbed_r04c04.png,processed_28x28/4/4_4_02_b6e2cbed_r04c04.png,input_32x32/4/4_4_02_b6e2cbed_r04c04.png,roi/4/4_4_02_b6e2cbed_r04c04.png,normalized_32x32/4/4_4_02_b6e2cbed_r04c04.npy
5_5_01_bb19e6ee_r01c01,pages/5_01_bb19e6ee.jpg,bb19e6ee362d5b09eca20eb0d55805acfa0805f7e5dff4dda465343c437c38ff,1,1,5,filename,extracted,,False,paper_near_image_edge,"[0, 0, 310, 426]","[133, 121, 215, 293]",cells/5_5_01_bb19e6ee_r01c01.png,processed_28x28/5/5_5_01_bb19e6ee_r01c01.png,input_32x32/5/5_5_01_bb19e6ee_r01c01.png,roi/5/5_5_01_bb19e6ee_r01c01.png,normalized_32x32/5/5_5_01_bb19e6ee_r01c01.npy
5_5_01_bb19e6ee_r01c02,pages/5_01_bb19e6ee.jpg,bb19e6ee362d5b09eca20eb0d55805acfa0805f7e5dff4dda465343c437c38ff,1,2,5,filename,extracted,,False,paper_near_image_edge,"[310, 0, 620, 426]","[132, 146, 200, 284]",cells/5_5_01_bb19e6ee_r01c02.png,processed_28x28/5/5_5_01_bb19e6ee_r01c02.png,input_32x32/5/5_5_01_bb19e6ee_r01c02.png,roi/5/5_5_01_bb19e6ee_r01c02.png,normalized_32x32/5/5_5_01_bb19e6ee_r01c02.npy
5_5_01_bb19e6ee_r01c03,pages/5_01_bb19e6ee.jpg,bb19e6ee362d5b09eca20eb0d55805acfa0805f7e5dff4dda465343c437c38ff,1,3,5,filename,extracted,,False,paper_near_image_edge,"[620, 0, 930, 426]","[124, 157, 198, 276]",cells/5_5_01_bb19e6ee_r01c03.png,processed_28x28/5/5_5_01_bb19e6ee_r01c03.png,input_32x32/5/5_5_01_bb19e6ee_r01c03.png,roi/5/5_5_01_bb19e6ee_r01c03.png,normalized_32x32/5/5_5_01_bb19e6ee_r01c03.npy
5_5_01_bb19e6ee_r01c04,pages/5_01_bb19e6ee.jpg,bb19e6ee362d5b09eca20eb0d55805acfa0805f7e5dff4dda465343c437c38ff,1,4,5,filename,extracted,,False,paper_near_image_edge,"[930, 0, 1240, 426]","[111, 149, 194, 270]",cells/5_5_01_bb19e6ee_r01c04.png,processed_28x28/5/5_5_01_bb19e6ee_r01c04.png,input_32x32/5/5_5_01_bb19e6ee_r01c04.png,roi/5/5_5_01_bb19e6ee_r01c04.png,normalized_32x32/5/5_5_01_bb19e6ee_r01c04.npy
5_5_01_bb19e6ee_r02c01,pages/5_01_bb19e6ee.jpg,bb19e6ee362d5b09eca20eb0d55805acfa0805f7e5dff4dda465343c437c38ff,2,1,5,filename,extracted,,False,paper_near_image_edge,"[0, 426, 310, 853]","[139, 104, 212, 254]",cells/5_5_01_bb19e6ee_r02c01.png,processed_28x28/5/5_5_01_bb19e6ee_r02c01.png,input_32x32/5/5_5_01_bb19e6ee_r02c01.png,roi/5/5_5_01_bb19e6ee_r02c01.png,normalized_32x32/5/5_5_01_bb19e6ee_r02c01.npy
5_5_01_bb19e6ee_r02c02,pages/5_01_bb19e6ee.jpg,bb19e6ee362d5b09eca20eb0d55805acfa0805f7e5dff4dda465343c437c38ff,2,2,5,filename,extracted,,False,paper_near_image_edge,"[310, 426, 620, 853]","[115, 128, 191, 247]",cells/5_5_01_bb19e6ee_r02c02.png,processed_28x28/5/5_5_01_bb19e6ee_r02c02.png,input_32x32/5/5_5_01_bb19e6ee_r02c02.png,roi/5/5_5_01_bb19e6ee_r02c02.png,normalized_32x32/5/5_5_01_bb19e6ee_r02c02.npy
5_5_01_bb19e6ee_r02c03,pages/5_01_bb19e6ee.jpg,bb19e6ee362d5b09eca20eb0d55805acfa0805f7e5dff4dda465343c437c38ff,2,3,5,filename,extracted,,False,paper_near_image_edge,"[620, 426, 930, 853]","[112, 127, 195, 239]",cells/5_5_01_bb19e6ee_r02c03.png,processed_28x28/5/5_5_01_bb19e6ee_r02c03.png,input_32x32/5/5_5_01_bb19e6ee_r02c03.png,roi/5/5_5_01_bb19e6ee_r02c03.png,normalized_32x32/5/5_5_01_bb19e6ee_r02c03.npy
5_5_01_bb19e6ee_r02c04,pages/5_01_bb19e6ee.jpg,bb19e6ee362d5b09eca20eb0d55805acfa0805f7e5dff4dda465343c437c38ff,2,4,5,filename,extracted,,False,paper_near_image_edge,"[930, 426, 1240, 853]","[96, 133, 192, 254]",cells/5_5_01_bb19e6ee_r02c04.png,processed_28x28/5/5_5_01_bb19e6ee_r02c04.png,input_32x32/5/5_5_01_bb19e6ee_r02c04.png,roi/5/5_5_01_bb19e6ee_r02c04.png,normalized_32x32/5/5_5_01_bb19e6ee_r02c04.npy
5_5_01_bb19e6ee_r03c01,pages/5_01_bb19e6ee.jpg,bb19e6ee362d5b09eca20eb0d55805acfa0805f7e5dff4dda465343c437c38ff,3,1,5,filename,needs_review,extra_ink_ignored,False,paper_near_image_edge,"[0, 853, 310, 1280]","[143, 124, 232, 252]",cells/5_5_01_bb19e6ee_r03c01.png,processed_28x28/5/5_5_01_bb19e6ee_r03c01.png,input_32x32/5/5_5_01_bb19e6ee_r03c01.png,roi/5/5_5_01_bb19e6ee_r03c01.png,normalized_32x32/5/5_5_01_bb19e6ee_r03c01.npy
5_5_01_bb19e6ee_r03c02,pages/5_01_bb19e6ee.jpg,bb19e6ee362d5b09eca20eb0d55805acfa0805f7e5dff4dda465343c437c38ff,3,2,5,filename,extracted,,False,paper_near_image_edge,"[310, 853, 620, 1280]","[120, 116, 223, 252]",cells/5_5_01_bb19e6ee_r03c02.png,processed_28x28/5/5_5_01_bb19e6ee_r03c02.png,input_32x32/5/5_5_01_bb19e6ee_r03c02.png,roi/5/5_5_01_bb19e6ee_r03c02.png,normalized_32x32/5/5_5_01_bb19e6ee_r03c02.npy
5_5_01_bb19e6ee_r03c03,pages/5_01_bb19e6ee.jpg,bb19e6ee362d5b09eca20eb0d55805acfa0805f7e5dff4dda465343c437c38ff,3,3,5,filename,extracted,,False,paper_near_image_edge,"[620, 853, 930, 1280]","[106, 124, 225, 254]",cells/5_5_01_bb19e6ee_r03c03.png,processed_28x28/5/5_5_01_bb19e6ee_r03c03.png,input_32x32/5/5_5_01_bb19e6ee_r03c03.png,roi/5/5_5_01_bb19e6ee_r03c03.png,normalized_32x32/5/5_5_01_bb19e6ee_r03c03.npy
5_5_01_bb19e6ee_r03c04,pages/5_01_bb19e6ee.jpg,bb19e6ee362d5b09eca20eb0d55805acfa0805f7e5dff4dda465343c437c38ff,3,4,5,filename,extracted,,False,paper_near_image_edge,"[930, 853, 1240, 1280]","[99, 144, 222, 250]",cells/5_5_01_bb19e6ee_r03c04.png,processed_28x28/5/5_5_01_bb19e6ee_r03c04.png,input_32x32/5/5_5_01_bb19e6ee_r03c04.png,roi/5/5_5_01_bb19e6ee_r03c04.png,normalized_32x32/5/5_5_01_bb19e6ee_r03c04.npy
5_5_01_bb19e6ee_r04c01,pages/5_01_bb19e6ee.jpg,bb19e6ee362d5b09eca20eb0d55805acfa0805f7e5dff4dda465343c437c38ff,4,1,5,filename,extracted,,False,paper_near_image_edge,"[0, 1280, 310, 1706]","[134, 90, 220, 261]",cells/5_5_01_bb19e6ee_r04c01.png,processed_28x28/5/5_5_01_bb19e6ee_r04c01.png,input_32x32/5/5_5_01_bb19e6ee_r04c01.png,roi/5/5_5_01_bb19e6ee_r04c01.png,normalized_32x32/5/5_5_01_bb19e6ee_r04c01.npy
5_5_01_bb19e6ee_r04c02,pages/5_01_bb19e6ee.jpg,bb19e6ee362d5b09eca20eb0d55805acfa0805f7e5dff4dda465343c437c38ff,4,2,5,filename,needs_review,extra_ink_ignored,False,paper_near_image_edge,"[310, 1280, 620, 1706]","[138, 90, 224, 208]",cells/5_5_01_bb19e6ee_r04c02.png,processed_28x28/5/5_5_01_bb19e6ee_r04c02.png,input_32x32/5/5_5_01_bb19e6ee_r04c02.png,roi/5/5_5_01_bb19e6ee_r04c02.png,normalized_32x32/5/5_5_01_bb19e6ee_r04c02.npy
5_5_01_bb19e6ee_r04c03,pages/5_01_bb19e6ee.jpg,bb19e6ee362d5b09eca20eb0d55805acfa0805f7e5dff4dda465343c437c38ff,4,3,5,filename,extracted,,False,paper_near_image_edge,"[620, 1280, 930, 1706]","[109, 104, 227, 244]",cells/5_5_01_bb19e6ee_r04c03.png,processed_28x28/5/5_5_01_bb19e6ee_r04c03.png,input_32x32/5/5_5_01_bb19e6ee_r04c03.png,roi/5/5_5_01_bb19e6ee_r04c03.png,normalized_32x32/5/5_5_01_bb19e6ee_r04c03.npy
5_5_01_bb19e6ee_r04c04,pages/5_01_bb19e6ee.jpg,bb19e6ee362d5b09eca20eb0d55805acfa0805f7e5dff4dda465343c437c38ff,4,4,5,filename,extracted,,False,paper_near_image_edge,"[930, 1280, 1240, 1706]","[105, 126, 268, 248]",cells/5_5_01_bb19e6ee_r04c04.png,processed_28x28/5/5_5_01_bb19e6ee_r04c04.png,input_32x32/5/5_5_01_bb19e6ee_r04c04.png,roi/5/5_5_01_bb19e6ee_r04c04.png,normalized_32x32/5/5_5_01_bb19e6ee_r04c04.npy
5_5_02_f20420ee_r01c01,pages/5_02_f20420ee.jpg,f20420eea05b6ab47cd3bde36c4c458a4dedabee279307941a5953fcee956b59,1,1,5,filename,extracted,,False,paper_near_image_edge,"[0, 0, 320, 426]","[128, 108, 219, 308]",cells/5_5_02_f20420ee_r01c01.png,processed_28x28/5/5_5_02_f20420ee_r01c01.png,input_32x32/5/5_5_02_f20420ee_r01c01.png,roi/5/5_5_02_f20420ee_r01c01.png,normalized_32x32/5/5_5_02_f20420ee_r01c01.npy
5_5_02_f20420ee_r01c02,pages/5_02_f20420ee.jpg,f20420eea05b6ab47cd3bde36c4c458a4dedabee279307941a5953fcee956b59,1,2,5,filename,extracted,,False,paper_near_image_edge,"[320, 0, 640, 426]","[126, 138, 207, 302]",cells/5_5_02_f20420ee_r01c02.png,processed_28x28/5/5_5_02_f20420ee_r01c02.png,input_32x32/5/5_5_02_f20420ee_r01c02.png,roi/5/5_5_02_f20420ee_r01c02.png,normalized_32x32/5/5_5_02_f20420ee_r01c02.npy
5_5_02_f20420ee_r01c03,pages/5_02_f20420ee.jpg,f20420eea05b6ab47cd3bde36c4c458a4dedabee279307941a5953fcee956b59,1,3,5,filename,extracted,,False,paper_near_image_edge,"[640, 0, 959, 426]","[112, 136, 223, 280]",cells/5_5_02_f20420ee_r01c03.png,processed_28x28/5/5_5_02_f20420ee_r01c03.png,input_32x32/5/5_5_02_f20420ee_r01c03.png,roi/5/5_5_02_f20420ee_r01c03.png,normalized_32x32/5/5_5_02_f20420ee_r01c03.npy
5_5_02_f20420ee_r01c04,pages/5_02_f20420ee.jpg,f20420eea05b6ab47cd3bde36c4c458a4dedabee279307941a5953fcee956b59,1,4,5,filename,extracted,,False,paper_near_image_edge,"[959, 0, 1279, 426]","[131, 121, 215, 295]",cells/5_5_02_f20420ee_r01c04.png,processed_28x28/5/5_5_02_f20420ee_r01c04.png,input_32x32/5/5_5_02_f20420ee_r01c04.png,roi/5/5_5_02_f20420ee_r01c04.png,normalized_32x32/5/5_5_02_f20420ee_r01c04.npy
5_5_02_f20420ee_r02c01,pages/5_02_f20420ee.jpg,f20420eea05b6ab47cd3bde36c4c458a4dedabee279307941a5953fcee956b59,2,1,5,filename,extracted,,False,paper_near_image_edge,"[0, 426, 320, 853]","[138, 146, 224, 282]",cells/5_5_02_f20420ee_r02c01.png,processed_28x28/5/5_5_02_f20420ee_r02c01.png,input_32x32/5/5_5_02_f20420ee_r02c01.png,roi/5/5_5_02_f20420ee_r02c01.png,normalized_32x32/5/5_5_02_f20420ee_r02c01.npy
5_5_02_f20420ee_r02c02,pages/5_02_f20420ee.jpg,f20420eea05b6ab47cd3bde36c4c458a4dedabee279307941a5953fcee956b59,2,2,5,filename,extracted,,False,paper_near_image_edge,"[320, 426, 640, 853]","[106, 157, 194, 278]",cells/5_5_02_f20420ee_r02c02.png,processed_28x28/5/5_5_02_f20420ee_r02c02.png,input_32x32/5/5_5_02_f20420ee_r02c02.png,roi/5/5_5_02_f20420ee_r02c02.png,normalized_32x32/5/5_5_02_f20420ee_r02c02.npy
5_5_02_f20420ee_r02c03,pages/5_02_f20420ee.jpg,f20420eea05b6ab47cd3bde36c4c458a4dedabee279307941a5953fcee956b59,2,3,5,filename,extracted,,False,paper_near_image_edge,"[640, 426, 959, 853]","[109, 164, 204, 256]",cells/5_5_02_f20420ee_r02c03.png,processed_28x28/5/5_5_02_f20420ee_r02c03.png,input_32x32/5/5_5_02_f20420ee_r02c03.png,roi/5/5_5_02_f20420ee_r02c03.png,normalized_32x32/5/5_5_02_f20420ee_r02c03.npy
5_5_02_f20420ee_r02c04,pages/5_02_f20420ee.jpg,f20420eea05b6ab47cd3bde36c4c458a4dedabee279307941a5953fcee956b59,2,4,5,filename,extracted,,False,paper_near_image_edge,"[959, 426, 1279, 853]","[109, 165, 208, 266]",cells/5_5_02_f20420ee_r02c04.png,processed_28x28/5/5_5_02_f20420ee_r02c04.png,input_32x32/5/5_5_02_f20420ee_r02c04.png,roi/5/5_5_02_f20420ee_r02c04.png,normalized_32x32/5/5_5_02_f20420ee_r02c04.npy
5_5_02_f20420ee_r03c01,pages/5_02_f20420ee.jpg,f20420eea05b6ab47cd3bde36c4c458a4dedabee279307941a5953fcee956b59,3,1,5,filename,extracted,,False,paper_near_image_edge,"[0, 853, 320, 1280]","[136, 166, 236, 284]",cells/5_5_02_f20420ee_r03c01.png,processed_28x28/5/5_5_02_f20420ee_r03c01.png,input_32x32/5/5_5_02_f20420ee_r03c01.png,roi/5/5_5_02_f20420ee_r03c01.png,normalized_32x32/5/5_5_02_f20420ee_r03c01.npy
5_5_02_f20420ee_r03c02,pages/5_02_f20420ee.jpg,f20420eea05b6ab47cd3bde36c4c458a4dedabee279307941a5953fcee956b59,3,2,5,filename,extracted,,False,paper_near_image_edge,"[320, 853, 640, 1280]","[128, 154, 231, 278]",cells/5_5_02_f20420ee_r03c02.png,processed_28x28/5/5_5_02_f20420ee_r03c02.png,input_32x32/5/5_5_02_f20420ee_r03c02.png,roi/5/5_5_02_f20420ee_r03c02.png,normalized_32x32/5/5_5_02_f20420ee_r03c02.npy
5_5_02_f20420ee_r03c03,pages/5_02_f20420ee.jpg,f20420eea05b6ab47cd3bde36c4c458a4dedabee279307941a5953fcee956b59,3,3,5,filename,extracted,,False,paper_near_image_edge,"[640, 853, 959, 1280]","[116, 171, 225, 290]",cells/5_5_02_f20420ee_r03c03.png,processed_28x28/5/5_5_02_f20420ee_r03c03.png,input_32x32/5/5_5_02_f20420ee_r03c03.png,roi/5/5_5_02_f20420ee_r03c03.png,normalized_32x32/5/5_5_02_f20420ee_r03c03.npy
5_5_02_f20420ee_r03c04,pages/5_02_f20420ee.jpg,f20420eea05b6ab47cd3bde36c4c458a4dedabee279307941a5953fcee956b59,3,4,5,filename,extracted,,False,paper_near_image_edge,"[959, 853, 1279, 1280]","[122, 171, 234, 321]",cells/5_5_02_f20420ee_r03c04.png,processed_28x28/5/5_5_02_f20420ee_r03c04.png,input_32x32/5/5_5_02_f20420ee_r03c04.png,roi/5/5_5_02_f20420ee_r03c04.png,normalized_32x32/5/5_5_02_f20420ee_r03c04.npy
5_5_02_f20420ee_r04c01,pages/5_02_f20420ee.jpg,f20420eea05b6ab47cd3bde36c4c458a4dedabee279307941a5953fcee956b59,4,1,5,filename,extracted,,False,paper_near_image_edge,"[0, 1280, 320, 1706]","[133, 148, 227, 276]",cells/5_5_02_f20420ee_r04c01.png,processed_28x28/5/5_5_02_f20420ee_r04c01.png,input_32x32/5/5_5_02_f20420ee_r04c01.png,roi/5/5_5_02_f20420ee_r04c01.png,normalized_32x32/5/5_5_02_f20420ee_r04c01.npy
5_5_02_f20420ee_r04c02,pages/5_02_f20420ee.jpg,f20420eea05b6ab47cd3bde36c4c458a4dedabee279307941a5953fcee956b59,4,2,5,filename,extracted,,False,paper_near_image_edge,"[320, 1280, 640, 1706]","[116, 132, 212, 267]",cells/5_5_02_f20420ee_r04c02.png,processed_28x28/5/5_5_02_f20420ee_r04c02.png,input_32x32/5/5_5_02_f20420ee_r04c02.png,roi/5/5_5_02_f20420ee_r04c02.png,normalized_32x32/5/5_5_02_f20420ee_r04c02.npy
5_5_02_f20420ee_r04c03,pages/5_02_f20420ee.jpg,f20420eea05b6ab47cd3bde36c4c458a4dedabee279307941a5953fcee956b59,4,3,5,filename,extracted,,False,paper_near_image_edge,"[640, 1280, 959, 1706]","[94, 140, 196, 272]",cells/5_5_02_f20420ee_r04c03.png,processed_28x28/5/5_5_02_f20420ee_r04c03.png,input_32x32/5/5_5_02_f20420ee_r04c03.png,roi/5/5_5_02_f20420ee_r04c03.png,normalized_32x32/5/5_5_02_f20420ee_r04c03.npy
5_5_02_f20420ee_r04c04,pages/5_02_f20420ee.jpg,f20420eea05b6ab47cd3bde36c4c458a4dedabee279307941a5953fcee956b59,4,4,5,filename,extracted,,False,paper_near_image_edge,"[959, 1280, 1279, 1706]","[87, 159, 226, 298]",cells/5_5_02_f20420ee_r04c04.png,processed_28x28/5/5_5_02_f20420ee_r04c04.png,input_32x32/5/5_5_02_f20420ee_r04c04.png,roi/5/5_5_02_f20420ee_r04c04.png,normalized_32x32/5/5_5_02_f20420ee_r04c04.npy
6_6_01_52f5f834_r01c01,pages/6_01_52f5f834.jpg,52f5f834dfc364b5b789170331387083d7023d99f5499867bd1854ee7ecf905a,1,1,6,filename,extracted,,False,paper_near_image_edge,"[0, 0, 308, 426]","[119, 150, 175, 293]",cells/6_6_01_52f5f834_r01c01.png,processed_28x28/6/6_6_01_52f5f834_r01c01.png,input_32x32/6/6_6_01_52f5f834_r01c01.png,roi/6/6_6_01_52f5f834_r01c01.png,normalized_32x32/6/6_6_01_52f5f834_r01c01.npy
6_6_01_52f5f834_r01c02,pages/6_01_52f5f834.jpg,52f5f834dfc364b5b789170331387083d7023d99f5499867bd1854ee7ecf905a,1,2,6,filename,extracted,,False,paper_near_image_edge,"[308, 0, 616, 426]","[87, 123, 168, 302]",cells/6_6_01_52f5f834_r01c02.png,processed_28x28/6/6_6_01_52f5f834_r01c02.png,input_32x32/6/6_6_01_52f5f834_r01c02.png,roi/6/6_6_01_52f5f834_r01c02.png,normalized_32x32/6/6_6_01_52f5f834_r01c02.npy
6_6_01_52f5f834_r01c03,pages/6_01_52f5f834.jpg,52f5f834dfc364b5b789170331387083d7023d99f5499867bd1854ee7ecf905a,1,3,6,filename,extracted,,False,paper_near_image_edge,"[616, 0, 923, 426]","[134, 130, 214, 280]",cells/6_6_01_52f5f834_r01c03.png,processed_28x28/6/6_6_01_52f5f834_r01c03.png,input_32x32/6/6_6_01_52f5f834_r01c03.png,roi/6/6_6_01_52f5f834_r01c03.png,normalized_32x32/6/6_6_01_52f5f834_r01c03.npy
6_6_01_52f5f834_r01c04,pages/6_01_52f5f834.jpg,52f5f834dfc364b5b789170331387083d7023d99f5499867bd1854ee7ecf905a,1,4,6,filename,extracted,,False,paper_near_image_edge,"[923, 0, 1231, 426]","[150, 133, 212, 263]",cells/6_6_01_52f5f834_r01c04.png,processed_28x28/6/6_6_01_52f5f834_r01c04.png,input_32x32/6/6_6_01_52f5f834_r01c04.png,roi/6/6_6_01_52f5f834_r01c04.png,normalized_32x32/6/6_6_01_52f5f834_r01c04.npy
6_6_01_52f5f834_r02c01,pages/6_01_52f5f834.jpg,52f5f834dfc364b5b789170331387083d7023d99f5499867bd1854ee7ecf905a,2,1,6,filename,extracted,,False,paper_near_image_edge,"[0, 426, 308, 853]","[110, 131, 182, 320]",cells/6_6_01_52f5f834_r02c01.png,processed_28x28/6/6_6_01_52f5f834_r02c01.png,input_32x32/6/6_6_01_52f5f834_r02c01.png,roi/6/6_6_01_52f5f834_r02c01.png,normalized_32x32/6/6_6_01_52f5f834_r02c01.npy
6_6_01_52f5f834_r02c02,pages/6_01_52f5f834.jpg,52f5f834dfc364b5b789170331387083d7023d99f5499867bd1854ee7ecf905a,2,2,6,filename,extracted,,False,paper_near_image_edge,"[308, 426, 616, 853]","[94, 154, 153, 301]",cells/6_6_01_52f5f834_r02c02.png,processed_28x28/6/6_6_01_52f5f834_r02c02.png,input_32x32/6/6_6_01_52f5f834_r02c02.png,roi/6/6_6_01_52f5f834_r02c02.png,normalized_32x32/6/6_6_01_52f5f834_r02c02.npy
6_6_01_52f5f834_r02c03,pages/6_01_52f5f834.jpg,52f5f834dfc364b5b789170331387083d7023d99f5499867bd1854ee7ecf905a,2,3,6,filename,extracted,,False,paper_near_image_edge,"[616, 426, 923, 853]","[122, 147, 179, 256]",cells/6_6_01_52f5f834_r02c03.png,processed_28x28/6/6_6_01_52f5f834_r02c03.png,input_32x32/6/6_6_01_52f5f834_r02c03.png,roi/6/6_6_01_52f5f834_r02c03.png,normalized_32x32/6/6_6_01_52f5f834_r02c03.npy
6_6_01_52f5f834_r02c04,pages/6_01_52f5f834.jpg,52f5f834dfc364b5b789170331387083d7023d99f5499867bd1854ee7ecf905a,2,4,6,filename,extracted,,False,paper_near_image_edge,"[923, 426, 1231, 853]","[117, 135, 195, 284]",cells/6_6_01_52f5f834_r02c04.png,processed_28x28/6/6_6_01_52f5f834_r02c04.png,input_32x32/6/6_6_01_52f5f834_r02c04.png,roi/6/6_6_01_52f5f834_r02c04.png,normalized_32x32/6/6_6_01_52f5f834_r02c04.npy
6_6_01_52f5f834_r03c01,pages/6_01_52f5f834.jpg,52f5f834dfc364b5b789170331387083d7023d99f5499867bd1854ee7ecf905a,3,1,6,filename,extracted,,False,paper_near_image_edge,"[0, 853, 308, 1280]","[127, 161, 184, 287]",cells/6_6_01_52f5f834_r03c01.png,processed_28x28/6/6_6_01_52f5f834_r03c01.png,input_32x32/6/6_6_01_52f5f834_r03c01.png,roi/6/6_6_01_52f5f834_r03c01.png,normalized_32x32/6/6_6_01_52f5f834_r03c01.npy
6_6_01_52f5f834_r03c02,pages/6_01_52f5f834.jpg,52f5f834dfc364b5b789170331387083d7023d99f5499867bd1854ee7ecf905a,3,2,6,filename,extracted,,False,paper_near_image_edge,"[308, 853, 616, 1280]","[116, 173, 189, 296]",cells/6_6_01_52f5f834_r03c02.png,processed_28x28/6/6_6_01_52f5f834_r03c02.png,input_32x32/6/6_6_01_52f5f834_r03c02.png,roi/6/6_6_01_52f5f834_r03c02.png,normalized_32x32/6/6_6_01_52f5f834_r03c02.npy
6_6_01_52f5f834_r03c03,pages/6_01_52f5f834.jpg,52f5f834dfc364b5b789170331387083d7023d99f5499867bd1854ee7ecf905a,3,3,6,filename,extracted,,False,paper_near_image_edge,"[616, 853, 923, 1280]","[129, 141, 215, 300]",cells/6_6_01_52f5f834_r03c03.png,processed_28x28/6/6_6_01_52f5f834_r03c03.png,input_32x32/6/6_6_01_52f5f834_r03c03.png,roi/6/6_6_01_52f5f834_r03c03.png,normalized_32x32/6/6_6_01_52f5f834_r03c03.npy
6_6_01_52f5f834_r03c04,pages/6_01_52f5f834.jpg,52f5f834dfc364b5b789170331387083d7023d99f5499867bd1854ee7ecf905a,3,4,6,filename,extracted,,False,paper_near_image_edge,"[923, 853, 1231, 1280]","[112, 155, 198, 299]",cells/6_6_01_52f5f834_r03c04.png,processed_28x28/6/6_6_01_52f5f834_r03c04.png,input_32x32/6/6_6_01_52f5f834_r03c04.png,roi/6/6_6_01_52f5f834_r03c04.png,normalized_32x32/6/6_6_01_52f5f834_r03c04.npy
6_6_01_52f5f834_r04c01,pages/6_01_52f5f834.jpg,52f5f834dfc364b5b789170331387083d7023d99f5499867bd1854ee7ecf905a,4,1,6,filename,extracted,,False,paper_near_image_edge,"[0, 1280, 308, 1706]","[124, 118, 186, 251]",cells/6_6_01_52f5f834_r04c01.png,processed_28x28/6/6_6_01_52f5f834_r04c01.png,input_32x32/6/6_6_01_52f5f834_r04c01.png,roi/6/6_6_01_52f5f834_r04c01.png,normalized_32x32/6/6_6_01_52f5f834_r04c01.npy
6_6_01_52f5f834_r04c02,pages/6_01_52f5f834.jpg,52f5f834dfc364b5b789170331387083d7023d99f5499867bd1854ee7ecf905a,4,2,6,filename,extracted,,False,paper_near_image_edge,"[308, 1280, 616, 1706]","[119, 126, 172, 260]",cells/6_6_01_52f5f834_r04c02.png,processed_28x28/6/6_6_01_52f5f834_r04c02.png,input_32x32/6/6_6_01_52f5f834_r04c02.png,roi/6/6_6_01_52f5f834_r04c02.png,normalized_32x32/6/6_6_01_52f5f834_r04c02.npy
6_6_01_52f5f834_r04c03,pages/6_01_52f5f834.jpg,52f5f834dfc364b5b789170331387083d7023d99f5499867bd1854ee7ecf905a,4,3,6,filename,extracted,,False,paper_near_image_edge,"[616, 1280, 923, 1706]","[110, 122, 198, 248]",cells/6_6_01_52f5f834_r04c03.png,processed_28x28/6/6_6_01_52f5f834_r04c03.png,input_32x32/6/6_6_01_52f5f834_r04c03.png,roi/6/6_6_01_52f5f834_r04c03.png,normalized_32x32/6/6_6_01_52f5f834_r04c03.npy
6_6_01_52f5f834_r04c04,pages/6_01_52f5f834.jpg,52f5f834dfc364b5b789170331387083d7023d99f5499867bd1854ee7ecf905a,4,4,6,filename,extracted,,False,paper_near_image_edge,"[923, 1280, 1231, 1706]","[87, 129, 181, 275]",cells/6_6_01_52f5f834_r04c04.png,processed_28x28/6/6_6_01_52f5f834_r04c04.png,input_32x32/6/6_6_01_52f5f834_r04c04.png,roi/6/6_6_01_52f5f834_r04c04.png,normalized_32x32/6/6_6_01_52f5f834_r04c04.npy
6_6_02_ad596076_r01c01,pages/6_02_ad596076.jpg,ad5960768de2be8464d1f797824f7d37668279393ea8fccb7c7148ade46b89db,1,1,6,filename,extracted,,False,paper_near_image_edge,"[0, 0, 317, 426]","[118, 105, 208, 318]",cells/6_6_02_ad596076_r01c01.png,processed_28x28/6/6_6_02_ad596076_r01c01.png,input_32x32/6/6_6_02_ad596076_r01c01.png,roi/6/6_6_02_ad596076_r01c01.png,normalized_32x32/6/6_6_02_ad596076_r01c01.npy
6_6_02_ad596076_r01c02,pages/6_02_ad596076.jpg,ad5960768de2be8464d1f797824f7d37668279393ea8fccb7c7148ade46b89db,1,2,6,filename,extracted,,False,paper_near_image_edge,"[317, 0, 634, 426]","[151, 155, 199, 303]",cells/6_6_02_ad596076_r01c02.png,processed_28x28/6/6_6_02_ad596076_r01c02.png,input_32x32/6/6_6_02_ad596076_r01c02.png,roi/6/6_6_02_ad596076_r01c02.png,normalized_32x32/6/6_6_02_ad596076_r01c02.npy
6_6_02_ad596076_r01c03,pages/6_02_ad596076.jpg,ad5960768de2be8464d1f797824f7d37668279393ea8fccb7c7148ade46b89db,1,3,6,filename,extracted,,False,paper_near_image_edge,"[634, 0, 952, 426]","[158, 157, 222, 289]",cells/6_6_02_ad596076_r01c03.png,processed_28x28/6/6_6_02_ad596076_r01c03.png,input_32x32/6/6_6_02_ad596076_r01c03.png,roi/6/6_6_02_ad596076_r01c03.png,normalized_32x32/6/6_6_02_ad596076_r01c03.npy
6_6_02_ad596076_r01c04,pages/6_02_ad596076.jpg,ad5960768de2be8464d1f797824f7d37668279393ea8fccb7c7148ade46b89db,1,4,6,filename,extracted,,False,paper_near_image_edge,"[952, 0, 1269, 426]","[185, 161, 245, 285]",cells/6_6_02_ad596076_r01c04.png,processed_28x28/6/6_6_02_ad596076_r01c04.png,input_32x32/6/6_6_02_ad596076_r01c04.png,roi/6/6_6_02_ad596076_r01c04.png,normalized_32x32/6/6_6_02_ad596076_r01c04.npy
6_6_02_ad596076_r02c01,pages/6_02_ad596076.jpg,ad5960768de2be8464d1f797824f7d37668279393ea8fccb7c7148ade46b89db,2,1,6,filename,extracted,,False,paper_near_image_edge,"[0, 426, 317, 852]","[120, 149, 191, 338]",cells/6_6_02_ad596076_r02c01.png,processed_28x28/6/6_6_02_ad596076_r02c01.png,input_32x32/6/6_6_02_ad596076_r02c01.png,roi/6/6_6_02_ad596076_r02c01.png,normalized_32x32/6/6_6_02_ad596076_r02c01.npy
6_6_02_ad596076_r02c02,pages/6_02_ad596076.jpg,ad5960768de2be8464d1f797824f7d37668279393ea8fccb7c7148ade46b89db,2,2,6,filename,extracted,,False,paper_near_image_edge,"[317, 426, 634, 852]","[142, 167, 210, 296]",cells/6_6_02_ad596076_r02c02.png,processed_28x28/6/6_6_02_ad596076_r02c02.png,input_32x32/6/6_6_02_ad596076_r02c02.png,roi/6/6_6_02_ad596076_r02c02.png,normalized_32x32/6/6_6_02_ad596076_r02c02.npy
6_6_02_ad596076_r02c03,pages/6_02_ad596076.jpg,ad5960768de2be8464d1f797824f7d37668279393ea8fccb7c7148ade46b89db,2,3,6,filename,extracted,,False,paper_near_image_edge,"[634, 426, 952, 852]","[143, 153, 212, 284]",cells/6_6_02_ad596076_r02c03.png,processed_28x28/6/6_6_02_ad596076_r02c03.png,input_32x32/6/6_6_02_ad596076_r02c03.png,roi/6/6_6_02_ad596076_r02c03.png,normalized_32x32/6/6_6_02_ad596076_r02c03.npy
6_6_02_ad596076_r02c04,pages/6_02_ad596076.jpg,ad5960768de2be8464d1f797824f7d37668279393ea8fccb7c7148ade46b89db,2,4,6,filename,extracted,,False,paper_near_image_edge,"[952, 426, 1269, 852]","[147, 158, 215, 294]",cells/6_6_02_ad596076_r02c04.png,processed_28x28/6/6_6_02_ad596076_r02c04.png,input_32x32/6/6_6_02_ad596076_r02c04.png,roi/6/6_6_02_ad596076_r02c04.png,normalized_32x32/6/6_6_02_ad596076_r02c04.npy
6_6_02_ad596076_r03c01,pages/6_02_ad596076.jpg,ad5960768de2be8464d1f797824f7d37668279393ea8fccb7c7148ade46b89db,3,1,6,filename,extracted,,False,paper_near_image_edge,"[0, 852, 317, 1279]","[118, 202, 195, 348]",cells/6_6_02_ad596076_r03c01.png,processed_28x28/6/6_6_02_ad596076_r03c01.png,input_32x32/6/6_6_02_ad596076_r03c01.png,roi/6/6_6_02_ad596076_r03c01.png,normalized_32x32/6/6_6_02_ad596076_r03c01.npy
6_6_02_ad596076_r03c02,pages/6_02_ad596076.jpg,ad5960768de2be8464d1f797824f7d37668279393ea8fccb7c7148ade46b89db,3,2,6,filename,extracted,,False,paper_near_image_edge,"[317, 852, 634, 1279]","[142, 203, 199, 308]",cells/6_6_02_ad596076_r03c02.png,processed_28x28/6/6_6_02_ad596076_r03c02.png,input_32x32/6/6_6_02_ad596076_r03c02.png,roi/6/6_6_02_ad596076_r03c02.png,normalized_32x32/6/6_6_02_ad596076_r03c02.npy
6_6_02_ad596076_r03c03,pages/6_02_ad596076.jpg,ad5960768de2be8464d1f797824f7d37668279393ea8fccb7c7148ade46b89db,3,3,6,filename,extracted,,False,paper_near_image_edge,"[634, 852, 952, 1279]","[144, 193, 219, 346]",cells/6_6_02_ad596076_r03c03.png,processed_28x28/6/6_6_02_ad596076_r03c03.png,input_32x32/6/6_6_02_ad596076_r03c03.png,roi/6/6_6_02_ad596076_r03c03.png,normalized_32x32/6/6_6_02_ad596076_r03c03.npy
6_6_02_ad596076_r03c04,pages/6_02_ad596076.jpg,ad5960768de2be8464d1f797824f7d37668279393ea8fccb7c7148ade46b89db,3,4,6,filename,extracted,,False,paper_near_image_edge,"[952, 852, 1269, 1279]","[130, 206, 204, 323]",cells/6_6_02_ad596076_r03c04.png,processed_28x28/6/6_6_02_ad596076_r03c04.png,input_32x32/6/6_6_02_ad596076_r03c04.png,roi/6/6_6_02_ad596076_r03c04.png,normalized_32x32/6/6_6_02_ad596076_r03c04.npy
6_6_02_ad596076_r04c01,pages/6_02_ad596076.jpg,ad5960768de2be8464d1f797824f7d37668279393ea8fccb7c7148ade46b89db,4,1,6,filename,extracted,,False,paper_near_image_edge,"[0, 1279, 317, 1705]","[111, 191, 179, 354]",cells/6_6_02_ad596076_r04c01.png,processed_28x28/6/6_6_02_ad596076_r04c01.png,input_32x32/6/6_6_02_ad596076_r04c01.png,roi/6/6_6_02_ad596076_r04c01.png,normalized_32x32/6/6_6_02_ad596076_r04c01.npy
6_6_02_ad596076_r04c02,pages/6_02_ad596076.jpg,ad5960768de2be8464d1f797824f7d37668279393ea8fccb7c7148ade46b89db,4,2,6,filename,extracted,,False,paper_near_image_edge,"[317, 1279, 634, 1705]","[130, 185, 184, 307]",cells/6_6_02_ad596076_r04c02.png,processed_28x28/6/6_6_02_ad596076_r04c02.png,input_32x32/6/6_6_02_ad596076_r04c02.png,roi/6/6_6_02_ad596076_r04c02.png,normalized_32x32/6/6_6_02_ad596076_r04c02.npy
6_6_02_ad596076_r04c03,pages/6_02_ad596076.jpg,ad5960768de2be8464d1f797824f7d37668279393ea8fccb7c7148ade46b89db,4,3,6,filename,extracted,,False,paper_near_image_edge,"[634, 1279, 952, 1705]","[144, 200, 211, 313]",cells/6_6_02_ad596076_r04c03.png,processed_28x28/6/6_6_02_ad596076_r04c03.png,input_32x32/6/6_6_02_ad596076_r04c03.png,roi/6/6_6_02_ad596076_r04c03.png,normalized_32x32/6/6_6_02_ad596076_r04c03.npy
6_6_02_ad596076_r04c04,pages/6_02_ad596076.jpg,ad5960768de2be8464d1f797824f7d37668279393ea8fccb7c7148ade46b89db,4,4,6,filename,extracted,,False,paper_near_image_edge,"[952, 1279, 1269, 1705]","[109, 201, 187, 332]",cells/6_6_02_ad596076_r04c04.png,processed_28x28/6/6_6_02_ad596076_r04c04.png,input_32x32/6/6_6_02_ad596076_r04c04.png,roi/6/6_6_02_ad596076_r04c04.png,normalized_32x32/6/6_6_02_ad596076_r04c04.npy
7_7_01_254ebf4a_r01c01,pages/7_01_254ebf4a.jpg,254ebf4a9c2fa36c736c8ed08f7bb80d8ce372158739ac322751b2899ccfcb80,1,1,7,filename,extracted,,False,paper_near_image_edge,"[0, 0, 313, 426]","[103, 126, 207, 326]",cells/7_7_01_254ebf4a_r01c01.png,processed_28x28/7/7_7_01_254ebf4a_r01c01.png,input_32x32/7/7_7_01_254ebf4a_r01c01.png,roi/7/7_7_01_254ebf4a_r01c01.png,normalized_32x32/7/7_7_01_254ebf4a_r01c01.npy
7_7_01_254ebf4a_r01c02,pages/7_01_254ebf4a.jpg,254ebf4a9c2fa36c736c8ed08f7bb80d8ce372158739ac322751b2899ccfcb80,1,2,7,filename,extracted,,False,paper_near_image_edge,"[313, 0, 626, 426]","[107, 142, 176, 282]",cells/7_7_01_254ebf4a_r01c02.png,processed_28x28/7/7_7_01_254ebf4a_r01c02.png,input_32x32/7/7_7_01_254ebf4a_r01c02.png,roi/7/7_7_01_254ebf4a_r01c02.png,normalized_32x32/7/7_7_01_254ebf4a_r01c02.npy
7_7_01_254ebf4a_r01c03,pages/7_01_254ebf4a.jpg,254ebf4a9c2fa36c736c8ed08f7bb80d8ce372158739ac322751b2899ccfcb80,1,3,7,filename,extracted,,False,paper_near_image_edge,"[626, 0, 938, 426]","[111, 152, 184, 269]",cells/7_7_01_254ebf4a_r01c03.png,processed_28x28/7/7_7_01_254ebf4a_r01c03.png,input_32x32/7/7_7_01_254ebf4a_r01c03.png,roi/7/7_7_01_254ebf4a_r01c03.png,normalized_32x32/7/7_7_01_254ebf4a_r01c03.npy
7_7_01_254ebf4a_r01c04,pages/7_01_254ebf4a.jpg,254ebf4a9c2fa36c736c8ed08f7bb80d8ce372158739ac322751b2899ccfcb80,1,4,7,filename,extracted,,False,paper_near_image_edge,"[938, 0, 1251, 426]","[100, 150, 193, 270]",cells/7_7_01_254ebf4a_r01c04.png,processed_28x28/7/7_7_01_254ebf4a_r01c04.png,input_32x32/7/7_7_01_254ebf4a_r01c04.png,roi/7/7_7_01_254ebf4a_r01c04.png,normalized_32x32/7/7_7_01_254ebf4a_r01c04.npy
7_7_01_254ebf4a_r02c01,pages/7_01_254ebf4a.jpg,254ebf4a9c2fa36c736c8ed08f7bb80d8ce372158739ac322751b2899ccfcb80,2,1,7,filename,extracted,,False,paper_near_image_edge,"[0, 426, 313, 853]","[109, 162, 207, 304]",cells/7_7_01_254ebf4a_r02c01.png,processed_28x28/7/7_7_01_254ebf4a_r02c01.png,input_32x32/7/7_7_01_254ebf4a_r02c01.png,roi/7/7_7_01_254ebf4a_r02c01.png,normalized_32x32/7/7_7_01_254ebf4a_r02c01.npy
7_7_01_254ebf4a_r02c02,pages/7_01_254ebf4a.jpg,254ebf4a9c2fa36c736c8ed08f7bb80d8ce372158739ac322751b2899ccfcb80,2,2,7,filename,extracted,,False,paper_near_image_edge,"[313, 426, 626, 853]","[121, 158, 191, 298]",cells/7_7_01_254ebf4a_r02c02.png,processed_28x28/7/7_7_01_254ebf4a_r02c02.png,input_32x32/7/7_7_01_254ebf4a_r02c02.png,roi/7/7_7_01_254ebf4a_r02c02.png,normalized_32x32/7/7_7_01_254ebf4a_r02c02.npy
7_7_01_254ebf4a_r02c03,pages/7_01_254ebf4a.jpg,254ebf4a9c2fa36c736c8ed08f7bb80d8ce372158739ac322751b2899ccfcb80,2,3,7,filename,extracted,,False,paper_near_image_edge,"[626, 426, 938, 853]","[114, 157, 206, 287]",cells/7_7_01_254ebf4a_r02c03.png,processed_28x28/7/7_7_01_254ebf4a_r02c03.png,input_32x32/7/7_7_01_254ebf4a_r02c03.png,roi/7/7_7_01_254ebf4a_r02c03.png,normalized_32x32/7/7_7_01_254ebf4a_r02c03.npy
7_7_01_254ebf4a_r02c04,pages/7_01_254ebf4a.jpg,254ebf4a9c2fa36c736c8ed08f7bb80d8ce372158739ac322751b2899ccfcb80,2,4,7,filename,extracted,,False,paper_near_image_edge,"[938, 426, 1251, 853]","[102, 190, 224, 327]",cells/7_7_01_254ebf4a_r02c04.png,processed_28x28/7/7_7_01_254ebf4a_r02c04.png,input_32x32/7/7_7_01_254ebf4a_r02c04.png,roi/7/7_7_01_254ebf4a_r02c04.png,normalized_32x32/7/7_7_01_254ebf4a_r02c04.npy
7_7_01_254ebf4a_r03c01,pages/7_01_254ebf4a.jpg,254ebf4a9c2fa36c736c8ed08f7bb80d8ce372158739ac322751b2899ccfcb80,3,1,7,filename,extracted,,False,paper_near_image_edge,"[0, 853, 313, 1280]","[121, 132, 213, 280]",cells/7_7_01_254ebf4a_r03c01.png,processed_28x28/7/7_7_01_254ebf4a_r03c01.png,input_32x32/7/7_7_01_254ebf4a_r03c01.png,roi/7/7_7_01_254ebf4a_r03c01.png,normalized_32x32/7/7_7_01_254ebf4a_r03c01.npy
7_7_01_254ebf4a_r03c02,pages/7_01_254ebf4a.jpg,254ebf4a9c2fa36c736c8ed08f7bb80d8ce372158739ac322751b2899ccfcb80,3,2,7,filename,extracted,,False,paper_near_image_edge,"[313, 853, 626, 1280]","[122, 139, 212, 293]",cells/7_7_01_254ebf4a_r03c02.png,processed_28x28/7/7_7_01_254ebf4a_r03c02.png,input_32x32/7/7_7_01_254ebf4a_r03c02.png,roi/7/7_7_01_254ebf4a_r03c02.png,normalized_32x32/7/7_7_01_254ebf4a_r03c02.npy
7_7_01_254ebf4a_r03c03,pages/7_01_254ebf4a.jpg,254ebf4a9c2fa36c736c8ed08f7bb80d8ce372158739ac322751b2899ccfcb80,3,3,7,filename,extracted,,False,paper_near_image_edge,"[626, 853, 938, 1280]","[127, 148, 201, 289]",cells/7_7_01_254ebf4a_r03c03.png,processed_28x28/7/7_7_01_254ebf4a_r03c03.png,input_32x32/7/7_7_01_254ebf4a_r03c03.png,roi/7/7_7_01_254ebf4a_r03c03.png,normalized_32x32/7/7_7_01_254ebf4a_r03c03.npy
7_7_01_254ebf4a_r03c04,pages/7_01_254ebf4a.jpg,254ebf4a9c2fa36c736c8ed08f7bb80d8ce372158739ac322751b2899ccfcb80,3,4,7,filename,extracted,,False,paper_near_image_edge,"[938, 853, 1251, 1280]","[119, 151, 214, 328]",cells/7_7_01_254ebf4a_r03c04.png,processed_28x28/7/7_7_01_254ebf4a_r03c04.png,input_32x32/7/7_7_01_254ebf4a_r03c04.png,roi/7/7_7_01_254ebf4a_r03c04.png,normalized_32x32/7/7_7_01_254ebf4a_r03c04.npy
7_7_01_254ebf4a_r04c01,pages/7_01_254ebf4a.jpg,254ebf4a9c2fa36c736c8ed08f7bb80d8ce372158739ac322751b2899ccfcb80,4,1,7,filename,extracted,,False,paper_near_image_edge,"[0, 1280, 313, 1706]","[121, 132, 206, 303]",cells/7_7_01_254ebf4a_r04c01.png,processed_28x28/7/7_7_01_254ebf4a_r04c01.png,input_32x32/7/7_7_01_254ebf4a_r04c01.png,roi/7/7_7_01_254ebf4a_r04c01.png,normalized_32x32/7/7_7_01_254ebf4a_r04c01.npy
7_7_01_254ebf4a_r04c02,pages/7_01_254ebf4a.jpg,254ebf4a9c2fa36c736c8ed08f7bb80d8ce372158739ac322751b2899ccfcb80,4,2,7,filename,extracted,,False,paper_near_image_edge,"[313, 1280, 626, 1706]","[126, 126, 208, 270]",cells/7_7_01_254ebf4a_r04c02.png,processed_28x28/7/7_7_01_254ebf4a_r04c02.png,input_32x32/7/7_7_01_254ebf4a_r04c02.png,roi/7/7_7_01_254ebf4a_r04c02.png,normalized_32x32/7/7_7_01_254ebf4a_r04c02.npy
7_7_01_254ebf4a_r04c03,pages/7_01_254ebf4a.jpg,254ebf4a9c2fa36c736c8ed08f7bb80d8ce372158739ac322751b2899ccfcb80,4,3,7,filename,extracted,,False,paper_near_image_edge,"[626, 1280, 938, 1706]","[106, 149, 185, 326]",cells/7_7_01_254ebf4a_r04c03.png,processed_28x28/7/7_7_01_254ebf4a_r04c03.png,input_32x32/7/7_7_01_254ebf4a_r04c03.png,roi/7/7_7_01_254ebf4a_r04c03.png,normalized_32x32/7/7_7_01_254ebf4a_r04c03.npy
7_7_01_254ebf4a_r04c04,pages/7_01_254ebf4a.jpg,254ebf4a9c2fa36c736c8ed08f7bb80d8ce372158739ac322751b2899ccfcb80,4,4,7,filename,extracted,,False,paper_near_image_edge,"[938, 1280, 1251, 1706]","[103, 158, 195, 302]",cells/7_7_01_254ebf4a_r04c04.png,processed_28x28/7/7_7_01_254ebf4a_r04c04.png,input_32x32/7/7_7_01_254ebf4a_r04c04.png,roi/7/7_7_01_254ebf4a_r04c04.png,normalized_32x32/7/7_7_01_254ebf4a_r04c04.npy
7_7_02_923c5b16_r01c01,pages/7_02_923c5b16.jpg,923c5b163fd07b6bdb72826e6e49a86e389eefa2d25fd258363e3a700b802eb9,1,1,7,filename,extracted,,False,paper_near_image_edge,"[0, 0, 238, 320]","[96, 75, 180, 210]",cells/7_7_02_923c5b16_r01c01.png,processed_28x28/7/7_7_02_923c5b16_r01c01.png,input_32x32/7/7_7_02_923c5b16_r01c01.png,roi/7/7_7_02_923c5b16_r01c01.png,normalized_32x32/7/7_7_02_923c5b16_r01c01.npy
7_7_02_923c5b16_r01c02,pages/7_02_923c5b16.jpg,923c5b163fd07b6bdb72826e6e49a86e389eefa2d25fd258363e3a700b802eb9,1,2,7,filename,extracted,,False,paper_near_image_edge,"[238, 0, 476, 320]","[108, 108, 162, 208]",cells/7_7_02_923c5b16_r01c02.png,processed_28x28/7/7_7_02_923c5b16_r01c02.png,input_32x32/7/7_7_02_923c5b16_r01c02.png,roi/7/7_7_02_923c5b16_r01c02.png,normalized_32x32/7/7_7_02_923c5b16_r01c02.npy
7_7_02_923c5b16_r01c03,pages/7_02_923c5b16.jpg,923c5b163fd07b6bdb72826e6e49a86e389eefa2d25fd258363e3a700b802eb9,1,3,7,filename,extracted,,False,paper_near_image_edge,"[476, 0, 713, 320]","[89, 119, 150, 200]",cells/7_7_02_923c5b16_r01c03.png,processed_28x28/7/7_7_02_923c5b16_r01c03.png,input_32x32/7/7_7_02_923c5b16_r01c03.png,roi/7/7_7_02_923c5b16_r01c03.png,normalized_32x32/7/7_7_02_923c5b16_r01c03.npy
7_7_02_923c5b16_r01c04,pages/7_02_923c5b16.jpg,923c5b163fd07b6bdb72826e6e49a86e389eefa2d25fd258363e3a700b802eb9,1,4,7,filename,extracted,,False,paper_near_image_edge,"[713, 0, 951, 320]","[89, 121, 153, 208]",cells/7_7_02_923c5b16_r01c04.png,processed_28x28/7/7_7_02_923c5b16_r01c04.png,input_32x32/7/7_7_02_923c5b16_r01c04.png,roi/7/7_7_02_923c5b16_r01c04.png,normalized_32x32/7/7_7_02_923c5b16_r01c04.npy
7_7_02_923c5b16_r02c01,pages/7_02_923c5b16.jpg,923c5b163fd07b6bdb72826e6e49a86e389eefa2d25fd258363e3a700b802eb9,2,1,7,filename,extracted,,False,paper_near_image_edge,"[0, 320, 238, 640]","[70, 105, 154, 228]",cells/7_7_02_923c5b16_r02c01.png,processed_28x28/7/7_7_02_923c5b16_r02c01.png,input_32x32/7/7_7_02_923c5b16_r02c01.png,roi/7/7_7_02_923c5b16_r02c01.png,normalized_32x32/7/7_7_02_923c5b16_r02c01.npy
7_7_02_923c5b16_r02c02,pages/7_02_923c5b16.jpg,923c5b163fd07b6bdb72826e6e49a86e389eefa2d25fd258363e3a700b802eb9,2,2,7,filename,extracted,,False,paper_near_image_edge,"[238, 320, 476, 640]","[86, 126, 152, 227]",cells/7_7_02_923c5b16_r02c02.png,processed_28x28/7/7_7_02_923c5b16_r02c02.png,input_32x32/7/7_7_02_923c5b16_r02c02.png,roi/7/7_7_02_923c5b16_r02c02.png,normalized_32x32/7/7_7_02_923c5b16_r02c02.npy
7_7_02_923c5b16_r02c03,pages/7_02_923c5b16.jpg,923c5b163fd07b6bdb72826e6e49a86e389eefa2d25fd258363e3a700b802eb9,2,3,7,filename,extracted,,False,paper_near_image_edge,"[476, 320, 713, 640]","[100, 102, 155, 223]",cells/7_7_02_923c5b16_r02c03.png,processed_28x28/7/7_7_02_923c5b16_r02c03.png,input_32x32/7/7_7_02_923c5b16_r02c03.png,roi/7/7_7_02_923c5b16_r02c03.png,normalized_32x32/7/7_7_02_923c5b16_r02c03.npy
7_7_02_923c5b16_r02c04,pages/7_02_923c5b16.jpg,923c5b163fd07b6bdb72826e6e49a86e389eefa2d25fd258363e3a700b802eb9,2,4,7,filename,extracted,,False,paper_near_image_edge,"[713, 320, 951, 640]","[100, 120, 155, 214]",cells/7_7_02_923c5b16_r02c04.png,processed_28x28/7/7_7_02_923c5b16_r02c04.png,input_32x32/7/7_7_02_923c5b16_r02c04.png,roi/7/7_7_02_923c5b16_r02c04.png,normalized_32x32/7/7_7_02_923c5b16_r02c04.npy
7_7_02_923c5b16_r03c01,pages/7_02_923c5b16.jpg,923c5b163fd07b6bdb72826e6e49a86e389eefa2d25fd258363e3a700b802eb9,3,1,7,filename,extracted,,False,paper_near_image_edge,"[0, 640, 238, 959]","[76, 104, 150, 227]",cells/7_7_02_923c5b16_r03c01.png,processed_28x28/7/7_7_02_923c5b16_r03c01.png,input_32x32/7/7_7_02_923c5b16_r03c01.png,roi/7/7_7_02_923c5b16_r03c01.png,normalized_32x32/7/7_7_02_923c5b16_r03c01.npy
7_7_02_923c5b16_r03c02,pages/7_02_923c5b16.jpg,923c5b163fd07b6bdb72826e6e49a86e389eefa2d25fd258363e3a700b802eb9,3,2,7,filename,extracted,,False,paper_near_image_edge,"[238, 640, 476, 959]","[88, 100, 158, 210]",cells/7_7_02_923c5b16_r03c02.png,processed_28x28/7/7_7_02_923c5b16_r03c02.png,input_32x32/7/7_7_02_923c5b16_r03c02.png,roi/7/7_7_02_923c5b16_r03c02.png,normalized_32x32/7/7_7_02_923c5b16_r03c02.npy
7_7_02_923c5b16_r03c03,pages/7_02_923c5b16.jpg,923c5b163fd07b6bdb72826e6e49a86e389eefa2d25fd258363e3a700b802eb9,3,3,7,filename,extracted,,False,paper_near_image_edge,"[476, 640, 713, 959]","[87, 99, 173, 233]",cells/7_7_02_923c5b16_r03c03.png,processed_28x28/7/7_7_02_923c5b16_r03c03.png,input_32x32/7/7_7_02_923c5b16_r03c03.png,roi/7/7_7_02_923c5b16_r03c03.png,normalized_32x32/7/7_7_02_923c5b16_r03c03.npy
7_7_02_923c5b16_r03c04,pages/7_02_923c5b16.jpg,923c5b163fd07b6bdb72826e6e49a86e389eefa2d25fd258363e3a700b802eb9,3,4,7,filename,extracted,,False,paper_near_image_edge,"[713, 640, 951, 959]","[120, 111, 175, 213]",cells/7_7_02_923c5b16_r03c04.png,processed_28x28/7/7_7_02_923c5b16_r03c04.png,input_32x32/7/7_7_02_923c5b16_r03c04.png,roi/7/7_7_02_923c5b16_r03c04.png,normalized_32x32/7/7_7_02_923c5b16_r03c04.npy
7_7_02_923c5b16_r04c01,pages/7_02_923c5b16.jpg,923c5b163fd07b6bdb72826e6e49a86e389eefa2d25fd258363e3a700b802eb9,4,1,7,filename,extracted,,False,paper_near_image_edge,"[0, 959, 238, 1279]","[84, 105, 148, 194]",cells/7_7_02_923c5b16_r04c01.png,processed_28x28/7/7_7_02_923c5b16_r04c01.png,input_32x32/7/7_7_02_923c5b16_r04c01.png,roi/7/7_7_02_923c5b16_r04c01.png,normalized_32x32/7/7_7_02_923c5b16_r04c01.npy
7_7_02_923c5b16_r04c02,pages/7_02_923c5b16.jpg,923c5b163fd07b6bdb72826e6e49a86e389eefa2d25fd258363e3a700b802eb9,4,2,7,filename,extracted,,False,paper_near_image_edge,"[238, 959, 476, 1279]","[91, 107, 158, 205]",cells/7_7_02_923c5b16_r04c02.png,processed_28x28/7/7_7_02_923c5b16_r04c02.png,input_32x32/7/7_7_02_923c5b16_r04c02.png,roi/7/7_7_02_923c5b16_r04c02.png,normalized_32x32/7/7_7_02_923c5b16_r04c02.npy
7_7_02_923c5b16_r04c03,pages/7_02_923c5b16.jpg,923c5b163fd07b6bdb72826e6e49a86e389eefa2d25fd258363e3a700b802eb9,4,3,7,filename,extracted,,False,paper_near_image_edge,"[476, 959, 713, 1279]","[93, 117, 144, 208]",cells/7_7_02_923c5b16_r04c03.png,processed_28x28/7/7_7_02_923c5b16_r04c03.png,input_32x32/7/7_7_02_923c5b16_r04c03.png,roi/7/7_7_02_923c5b16_r04c03.png,normalized_32x32/7/7_7_02_923c5b16_r04c03.npy
7_7_02_923c5b16_r04c04,pages/7_02_923c5b16.jpg,923c5b163fd07b6bdb72826e6e49a86e389eefa2d25fd258363e3a700b802eb9,4,4,7,filename,extracted,,False,paper_near_image_edge,"[713, 959, 951, 1279]","[93, 124, 149, 223]",cells/7_7_02_923c5b16_r04c04.png,processed_28x28/7/7_7_02_923c5b16_r04c04.png,input_32x32/7/7_7_02_923c5b16_r04c04.png,roi/7/7_7_02_923c5b16_r04c04.png,normalized_32x32/7/7_7_02_923c5b16_r04c04.npy
8_8_01_e470fe0b_r01c01,pages/8_01_e470fe0b.jpg,e470fe0bdc8aaa3c4302ac8c12daca0ec56edf4a64ffdedd4662a51e073b8405,1,1,8,filename,extracted,,False,paper_near_image_edge,"[0, 0, 307, 425]","[106, 128, 187, 271]",cells/8_8_01_e470fe0b_r01c01.png,processed_28x28/8/8_8_01_e470fe0b_r01c01.png,input_32x32/8/8_8_01_e470fe0b_r01c01.png,roi/8/8_8_01_e470fe0b_r01c01.png,normalized_32x32/8/8_8_01_e470fe0b_r01c01.npy
8_8_01_e470fe0b_r01c02,pages/8_01_e470fe0b.jpg,e470fe0bdc8aaa3c4302ac8c12daca0ec56edf4a64ffdedd4662a51e073b8405,1,2,8,filename,extracted,,False,paper_near_image_edge,"[307, 0, 614, 425]","[89, 128, 176, 259]",cells/8_8_01_e470fe0b_r01c02.png,processed_28x28/8/8_8_01_e470fe0b_r01c02.png,input_32x32/8/8_8_01_e470fe0b_r01c02.png,roi/8/8_8_01_e470fe0b_r01c02.png,normalized_32x32/8/8_8_01_e470fe0b_r01c02.npy
8_8_01_e470fe0b_r01c03,pages/8_01_e470fe0b.jpg,e470fe0bdc8aaa3c4302ac8c12daca0ec56edf4a64ffdedd4662a51e073b8405,1,3,8,filename,extracted,,False,paper_near_image_edge,"[614, 0, 920, 425]","[121, 142, 181, 266]",cells/8_8_01_e470fe0b_r01c03.png,processed_28x28/8/8_8_01_e470fe0b_r01c03.png,input_32x32/8/8_8_01_e470fe0b_r01c03.png,roi/8/8_8_01_e470fe0b_r01c03.png,normalized_32x32/8/8_8_01_e470fe0b_r01c03.npy
8_8_01_e470fe0b_r01c04,pages/8_01_e470fe0b.jpg,e470fe0bdc8aaa3c4302ac8c12daca0ec56edf4a64ffdedd4662a51e073b8405,1,4,8,filename,extracted,,False,paper_near_image_edge,"[920, 0, 1227, 425]","[106, 136, 161, 246]",cells/8_8_01_e470fe0b_r01c04.png,processed_28x28/8/8_8_01_e470fe0b_r01c04.png,input_32x32/8/8_8_01_e470fe0b_r01c04.png,roi/8/8_8_01_e470fe0b_r01c04.png,normalized_32x32/8/8_8_01_e470fe0b_r01c04.npy
8_8_01_e470fe0b_r02c01,pages/8_01_e470fe0b.jpg,e470fe0bdc8aaa3c4302ac8c12daca0ec56edf4a64ffdedd4662a51e073b8405,2,1,8,filename,extracted,,False,paper_near_image_edge,"[0, 425, 307, 850]","[112, 126, 173, 241]",cells/8_8_01_e470fe0b_r02c01.png,processed_28x28/8/8_8_01_e470fe0b_r02c01.png,input_32x32/8/8_8_01_e470fe0b_r02c01.png,roi/8/8_8_01_e470fe0b_r02c01.png,normalized_32x32/8/8_8_01_e470fe0b_r02c01.npy
8_8_01_e470fe0b_r02c02,pages/8_01_e470fe0b.jpg,e470fe0bdc8aaa3c4302ac8c12daca0ec56edf4a64ffdedd4662a51e073b8405,2,2,8,filename,extracted,,False,paper_near_image_edge,"[307, 425, 614, 850]","[87, 134, 152, 248]",cells/8_8_01_e470fe0b_r02c02.png,processed_28x28/8/8_8_01_e470fe0b_r02c02.png,input_32x32/8/8_8_01_e470fe0b_r02c02.png,roi/8/8_8_01_e470fe0b_r02c02.png,normalized_32x32/8/8_8_01_e470fe0b_r02c02.npy
8_8_01_e470fe0b_r02c03,pages/8_01_e470fe0b.jpg,e470fe0bdc8aaa3c4302ac8c12daca0ec56edf4a64ffdedd4662a51e073b8405,2,3,8,filename,extracted,,False,paper_near_image_edge,"[614, 425, 920, 850]","[105, 139, 191, 262]",cells/8_8_01_e470fe0b_r02c03.png,processed_28x28/8/8_8_01_e470fe0b_r02c03.png,input_32x32/8/8_8_01_e470fe0b_r02c03.png,roi/8/8_8_01_e470fe0b_r02c03.png,normalized_32x32/8/8_8_01_e470fe0b_r02c03.npy
8_8_01_e470fe0b_r02c04,pages/8_01_e470fe0b.jpg,e470fe0bdc8aaa3c4302ac8c12daca0ec56edf4a64ffdedd4662a51e073b8405,2,4,8,filename,extracted,,False,paper_near_image_edge,"[920, 425, 1227, 850]","[77, 135, 187, 287]",cells/8_8_01_e470fe0b_r02c04.png,processed_28x28/8/8_8_01_e470fe0b_r02c04.png,input_32x32/8/8_8_01_e470fe0b_r02c04.png,roi/8/8_8_01_e470fe0b_r02c04.png,normalized_32x32/8/8_8_01_e470fe0b_r02c04.npy
8_8_01_e470fe0b_r03c01,pages/8_01_e470fe0b.jpg,e470fe0bdc8aaa3c4302ac8c12daca0ec56edf4a64ffdedd4662a51e073b8405,3,1,8,filename,needs_review,extra_ink_ignored,False,paper_near_image_edge,"[0, 850, 307, 1275]","[134, 151, 192, 252]",cells/8_8_01_e470fe0b_r03c01.png,processed_28x28/8/8_8_01_e470fe0b_r03c01.png,input_32x32/8/8_8_01_e470fe0b_r03c01.png,roi/8/8_8_01_e470fe0b_r03c01.png,normalized_32x32/8/8_8_01_e470fe0b_r03c01.npy
8_8_01_e470fe0b_r03c02,pages/8_01_e470fe0b.jpg,e470fe0bdc8aaa3c4302ac8c12daca0ec56edf4a64ffdedd4662a51e073b8405,3,2,8,filename,extracted,,False,paper_near_image_edge,"[307, 850, 614, 1275]","[116, 127, 183, 235]",cells/8_8_01_e470fe0b_r03c02.png,processed_28x28/8/8_8_01_e470fe0b_r03c02.png,input_32x32/8/8_8_01_e470fe0b_r03c02.png,roi/8/8_8_01_e470fe0b_r03c02.png,normalized_32x32/8/8_8_01_e470fe0b_r03c02.npy
8_8_01_e470fe0b_r03c03,pages/8_01_e470fe0b.jpg,e470fe0bdc8aaa3c4302ac8c12daca0ec56edf4a64ffdedd4662a51e073b8405,3,3,8,filename,extracted,,False,paper_near_image_edge,"[614, 850, 920, 1275]","[124, 137, 194, 257]",cells/8_8_01_e470fe0b_r03c03.png,processed_28x28/8/8_8_01_e470fe0b_r03c03.png,input_32x32/8/8_8_01_e470fe0b_r03c03.png,roi/8/8_8_01_e470fe0b_r03c03.png,normalized_32x32/8/8_8_01_e470fe0b_r03c03.npy
8_8_01_e470fe0b_r03c04,pages/8_01_e470fe0b.jpg,e470fe0bdc8aaa3c4302ac8c12daca0ec56edf4a64ffdedd4662a51e073b8405,3,4,8,filename,extracted,,False,paper_near_image_edge,"[920, 850, 1227, 1275]","[91, 140, 189, 305]",cells/8_8_01_e470fe0b_r03c04.png,processed_28x28/8/8_8_01_e470fe0b_r03c04.png,input_32x32/8/8_8_01_e470fe0b_r03c04.png,roi/8/8_8_01_e470fe0b_r03c04.png,normalized_32x32/8/8_8_01_e470fe0b_r03c04.npy
8_8_01_e470fe0b_r04c01,pages/8_01_e470fe0b.jpg,e470fe0bdc8aaa3c4302ac8c12daca0ec56edf4a64ffdedd4662a51e073b8405,4,1,8,filename,extracted,,False,paper_near_image_edge,"[0, 1275, 307, 1700]","[123, 106, 199, 245]",cells/8_8_01_e470fe0b_r04c01.png,processed_28x28/8/8_8_01_e470fe0b_r04c01.png,input_32x32/8/8_8_01_e470fe0b_r04c01.png,roi/8/8_8_01_e470fe0b_r04c01.png,normalized_32x32/8/8_8_01_e470fe0b_r04c01.npy
8_8_01_e470fe0b_r04c02,pages/8_01_e470fe0b.jpg,e470fe0bdc8aaa3c4302ac8c12daca0ec56edf4a64ffdedd4662a51e073b8405,4,2,8,filename,extracted,,False,paper_near_image_edge,"[307, 1275, 614, 1700]","[118, 105, 189, 248]",cells/8_8_01_e470fe0b_r04c02.png,processed_28x28/8/8_8_01_e470fe0b_r04c02.png,input_32x32/8/8_8_01_e470fe0b_r04c02.png,roi/8/8_8_01_e470fe0b_r04c02.png,normalized_32x32/8/8_8_01_e470fe0b_r04c02.npy
8_8_01_e470fe0b_r04c03,pages/8_01_e470fe0b.jpg,e470fe0bdc8aaa3c4302ac8c12daca0ec56edf4a64ffdedd4662a51e073b8405,4,3,8,filename,extracted,,False,paper_near_image_edge,"[614, 1275, 920, 1700]","[108, 112, 197, 247]",cells/8_8_01_e470fe0b_r04c03.png,processed_28x28/8/8_8_01_e470fe0b_r04c03.png,input_32x32/8/8_8_01_e470fe0b_r04c03.png,roi/8/8_8_01_e470fe0b_r04c03.png,normalized_32x32/8/8_8_01_e470fe0b_r04c03.npy
8_8_01_e470fe0b_r04c04,pages/8_01_e470fe0b.jpg,e470fe0bdc8aaa3c4302ac8c12daca0ec56edf4a64ffdedd4662a51e073b8405,4,4,8,filename,extracted,,False,paper_near_image_edge,"[920, 1275, 1227, 1700]","[94, 119, 167, 250]",cells/8_8_01_e470fe0b_r04c04.png,processed_28x28/8/8_8_01_e470fe0b_r04c04.png,input_32x32/8/8_8_01_e470fe0b_r04c04.png,roi/8/8_8_01_e470fe0b_r04c04.png,normalized_32x32/8/8_8_01_e470fe0b_r04c04.npy
8_8_02_b36c8633_r01c01,pages/8_02_b36c8633.jpg,b36c863383e59e0f137ec3d6f0c8c80cb794116fdfea556ab83610aec19a0402,1,1,8,filename,extracted,,False,paper_near_image_edge,"[0, 0, 320, 426]","[92, 129, 193, 315]",cells/8_8_02_b36c8633_r01c01.png,processed_28x28/8/8_8_02_b36c8633_r01c01.png,input_32x32/8/8_8_02_b36c8633_r01c01.png,roi/8/8_8_02_b36c8633_r01c01.png,normalized_32x32/8/8_8_02_b36c8633_r01c01.npy
8_8_02_b36c8633_r01c02,pages/8_02_b36c8633.jpg,b36c863383e59e0f137ec3d6f0c8c80cb794116fdfea556ab83610aec19a0402,1,2,8,filename,extracted,,False,paper_near_image_edge,"[320, 0, 640, 426]","[127, 164, 189, 276]",cells/8_8_02_b36c8633_r01c02.png,processed_28x28/8/8_8_02_b36c8633_r01c02.png,input_32x32/8/8_8_02_b36c8633_r01c02.png,roi/8/8_8_02_b36c8633_r01c02.png,normalized_32x32/8/8_8_02_b36c8633_r01c02.npy
8_8_02_b36c8633_r01c03,pages/8_02_b36c8633.jpg,b36c863383e59e0f137ec3d6f0c8c80cb794116fdfea556ab83610aec19a0402,1,3,8,filename,extracted,,False,paper_near_image_edge,"[640, 0, 959, 426]","[119, 144, 200, 283]",cells/8_8_02_b36c8633_r01c03.png,processed_28x28/8/8_8_02_b36c8633_r01c03.png,input_32x32/8/8_8_02_b36c8633_r01c03.png,roi/8/8_8_02_b36c8633_r01c03.png,normalized_32x32/8/8_8_02_b36c8633_r01c03.npy
8_8_02_b36c8633_r01c04,pages/8_02_b36c8633.jpg,b36c863383e59e0f137ec3d6f0c8c80cb794116fdfea556ab83610aec19a0402,1,4,8,filename,extracted,,False,paper_near_image_edge,"[959, 0, 1279, 426]","[152, 139, 227, 266]",cells/8_8_02_b36c8633_r01c04.png,processed_28x28/8/8_8_02_b36c8633_r01c04.png,input_32x32/8/8_8_02_b36c8633_r01c04.png,roi/8/8_8_02_b36c8633_r01c04.png,normalized_32x32/8/8_8_02_b36c8633_r01c04.npy
8_8_02_b36c8633_r02c01,pages/8_02_b36c8633.jpg,b36c863383e59e0f137ec3d6f0c8c80cb794116fdfea556ab83610aec19a0402,2,1,8,filename,extracted,,False,paper_near_image_edge,"[0, 426, 320, 853]","[114, 148, 184, 289]",cells/8_8_02_b36c8633_r02c01.png,processed_28x28/8/8_8_02_b36c8633_r02c01.png,input_32x32/8/8_8_02_b36c8633_r02c01.png,roi/8/8_8_02_b36c8633_r02c01.png,normalized_32x32/8/8_8_02_b36c8633_r02c01.npy
8_8_02_b36c8633_r02c02,pages/8_02_b36c8633.jpg,b36c863383e59e0f137ec3d6f0c8c80cb794116fdfea556ab83610aec19a0402,2,2,8,filename,extracted,,False,paper_near_image_edge,"[320, 426, 640, 853]","[103, 156, 185, 277]",cells/8_8_02_b36c8633_r02c02.png,processed_28x28/8/8_8_02_b36c8633_r02c02.png,input_32x32/8/8_8_02_b36c8633_r02c02.png,roi/8/8_8_02_b36c8633_r02c02.png,normalized_32x32/8/8_8_02_b36c8633_r02c02.npy
8_8_02_b36c8633_r02c03,pages/8_02_b36c8633.jpg,b36c863383e59e0f137ec3d6f0c8c80cb794116fdfea556ab83610aec19a0402,2,3,8,filename,extracted,,False,paper_near_image_edge,"[640, 426, 959, 853]","[131, 157, 198, 285]",cells/8_8_02_b36c8633_r02c03.png,processed_28x28/8/8_8_02_b36c8633_r02c03.png,input_32x32/8/8_8_02_b36c8633_r02c03.png,roi/8/8_8_02_b36c8633_r02c03.png,normalized_32x32/8/8_8_02_b36c8633_r02c03.npy
8_8_02_b36c8633_r02c04,pages/8_02_b36c8633.jpg,b36c863383e59e0f137ec3d6f0c8c80cb794116fdfea556ab83610aec19a0402,2,4,8,filename,extracted,,False,paper_near_image_edge,"[959, 426, 1279, 853]","[109, 141, 210, 289]",cells/8_8_02_b36c8633_r02c04.png,processed_28x28/8/8_8_02_b36c8633_r02c04.png,input_32x32/8/8_8_02_b36c8633_r02c04.png,roi/8/8_8_02_b36c8633_r02c04.png,normalized_32x32/8/8_8_02_b36c8633_r02c04.npy
8_8_02_b36c8633_r03c01,pages/8_02_b36c8633.jpg,b36c863383e59e0f137ec3d6f0c8c80cb794116fdfea556ab83610aec19a0402,3,1,8,filename,extracted,,False,paper_near_image_edge,"[0, 853, 320, 1280]","[137, 179, 188, 289]",cells/8_8_02_b36c8633_r03c01.png,processed_28x28/8/8_8_02_b36c8633_r03c01.png,input_32x32/8/8_8_02_b36c8633_r03c01.png,roi/8/8_8_02_b36c8633_r03c01.png,normalized_32x32/8/8_8_02_b36c8633_r03c01.npy
8_8_02_b36c8633_r03c02,pages/8_02_b36c8633.jpg,b36c863383e59e0f137ec3d6f0c8c80cb794116fdfea556ab83610aec19a0402,3,2,8,filename,extracted,,False,paper_near_image_edge,"[320, 853, 640, 1280]","[120, 180, 185, 304]",cells/8_8_02_b36c8633_r03c02.png,processed_28x28/8/8_8_02_b36c8633_r03c02.png,input_32x32/8/8_8_02_b36c8633_r03c02.png,roi/8/8_8_02_b36c8633_r03c02.png,normalized_32x32/8/8_8_02_b36c8633_r03c02.npy
8_8_02_b36c8633_r03c03,pages/8_02_b36c8633.jpg,b36c863383e59e0f137ec3d6f0c8c80cb794116fdfea556ab83610aec19a0402,3,3,8,filename,extracted,,False,paper_near_image_edge,"[640, 853, 959, 1280]","[92, 176, 190, 335]",cells/8_8_02_b36c8633_r03c03.png,processed_28x28/8/8_8_02_b36c8633_r03c03.png,input_32x32/8/8_8_02_b36c8633_r03c03.png,roi/8/8_8_02_b36c8633_r03c03.png,normalized_32x32/8/8_8_02_b36c8633_r03c03.npy
8_8_02_b36c8633_r03c04,pages/8_02_b36c8633.jpg,b36c863383e59e0f137ec3d6f0c8c80cb794116fdfea556ab83610aec19a0402,3,4,8,filename,extracted,,False,paper_near_image_edge,"[959, 853, 1279, 1280]","[128, 178, 196, 312]",cells/8_8_02_b36c8633_r03c04.png,processed_28x28/8/8_8_02_b36c8633_r03c04.png,input_32x32/8/8_8_02_b36c8633_r03c04.png,roi/8/8_8_02_b36c8633_r03c04.png,normalized_32x32/8/8_8_02_b36c8633_r03c04.npy
8_8_02_b36c8633_r04c01,pages/8_02_b36c8633.jpg,b36c863383e59e0f137ec3d6f0c8c80cb794116fdfea556ab83610aec19a0402,4,1,8,filename,extracted,,False,paper_near_image_edge,"[0, 1280, 320, 1706]","[121, 196, 179, 329]",cells/8_8_02_b36c8633_r04c01.png,processed_28x28/8/8_8_02_b36c8633_r04c01.png,input_32x32/8/8_8_02_b36c8633_r04c01.png,roi/8/8_8_02_b36c8633_r04c01.png,normalized_32x32/8/8_8_02_b36c8633_r04c01.npy
8_8_02_b36c8633_r04c02,pages/8_02_b36c8633.jpg,b36c863383e59e0f137ec3d6f0c8c80cb794116fdfea556ab83610aec19a0402,4,2,8,filename,extracted,,False,paper_near_image_edge,"[320, 1280, 640, 1706]","[104, 192, 168, 333]",cells/8_8_02_b36c8633_r04c02.png,processed_28x28/8/8_8_02_b36c8633_r04c02.png,input_32x32/8/8_8_02_b36c8633_r04c02.png,roi/8/8_8_02_b36c8633_r04c02.png,normalized_32x32/8/8_8_02_b36c8633_r04c02.npy
8_8_02_b36c8633_r04c03,pages/8_02_b36c8633.jpg,b36c863383e59e0f137ec3d6f0c8c80cb794116fdfea556ab83610aec19a0402,4,3,8,filename,extracted,,False,paper_near_image_edge,"[640, 1280, 959, 1706]","[123, 216, 184, 343]",cells/8_8_02_b36c8633_r04c03.png,processed_28x28/8/8_8_02_b36c8633_r04c03.png,input_32x32/8/8_8_02_b36c8633_r04c03.png,roi/8/8_8_02_b36c8633_r04c03.png,normalized_32x32/8/8_8_02_b36c8633_r04c03.npy
8_8_02_b36c8633_r04c04,pages/8_02_b36c8633.jpg,b36c863383e59e0f137ec3d6f0c8c80cb794116fdfea556ab83610aec19a0402,4,4,8,filename,extracted,,False,paper_near_image_edge,"[959, 1280, 1279, 1706]","[127, 226, 212, 355]",cells/8_8_02_b36c8633_r04c04.png,processed_28x28/8/8_8_02_b36c8633_r04c04.png,input_32x32/8/8_8_02_b36c8633_r04c04.png,roi/8/8_8_02_b36c8633_r04c04.png,normalized_32x32/8/8_8_02_b36c8633_r04c04.npy
9_9_01_852a4a6b_r01c01,pages/9_01_852a4a6b.jpg,852a4a6bbe14c4ae83aff0b8215c69d5c780738265eec449515a968c78be1d2e,1,1,9,filename,extracted,,False,paper_near_image_edge,"[0, 0, 316, 426]","[117, 124, 195, 304]",cells/9_9_01_852a4a6b_r01c01.png,processed_28x28/9/9_9_01_852a4a6b_r01c01.png,input_32x32/9/9_9_01_852a4a6b_r01c01.png,roi/9/9_9_01_852a4a6b_r01c01.png,normalized_32x32/9/9_9_01_852a4a6b_r01c01.npy
9_9_01_852a4a6b_r01c02,pages/9_01_852a4a6b.jpg,852a4a6bbe14c4ae83aff0b8215c69d5c780738265eec449515a968c78be1d2e,1,2,9,filename,extracted,,False,paper_near_image_edge,"[316, 0, 631, 426]","[108, 129, 194, 315]",cells/9_9_01_852a4a6b_r01c02.png,processed_28x28/9/9_9_01_852a4a6b_r01c02.png,input_32x32/9/9_9_01_852a4a6b_r01c02.png,roi/9/9_9_01_852a4a6b_r01c02.png,normalized_32x32/9/9_9_01_852a4a6b_r01c02.npy
9_9_01_852a4a6b_r01c03,pages/9_01_852a4a6b.jpg,852a4a6bbe14c4ae83aff0b8215c69d5c780738265eec449515a968c78be1d2e,1,3,9,filename,extracted,,False,paper_near_image_edge,"[631, 0, 946, 426]","[132, 103, 219, 292]",cells/9_9_01_852a4a6b_r01c03.png,processed_28x28/9/9_9_01_852a4a6b_r01c03.png,input_32x32/9/9_9_01_852a4a6b_r01c03.png,roi/9/9_9_01_852a4a6b_r01c03.png,normalized_32x32/9/9_9_01_852a4a6b_r01c03.npy
9_9_01_852a4a6b_r01c04,pages/9_01_852a4a6b.jpg,852a4a6bbe14c4ae83aff0b8215c69d5c780738265eec449515a968c78be1d2e,1,4,9,filename,extracted,,False,paper_near_image_edge,"[946, 0, 1262, 426]","[131, 124, 210, 282]",cells/9_9_01_852a4a6b_r01c04.png,processed_28x28/9/9_9_01_852a4a6b_r01c04.png,input_32x32/9/9_9_01_852a4a6b_r01c04.png,roi/9/9_9_01_852a4a6b_r01c04.png,normalized_32x32/9/9_9_01_852a4a6b_r01c04.npy
9_9_01_852a4a6b_r02c01,pages/9_01_852a4a6b.jpg,852a4a6bbe14c4ae83aff0b8215c69d5c780738265eec449515a968c78be1d2e,2,1,9,filename,extracted,,False,paper_near_image_edge,"[0, 426, 316, 853]","[99, 132, 179, 276]",cells/9_9_01_852a4a6b_r02c01.png,processed_28x28/9/9_9_01_852a4a6b_r02c01.png,input_32x32/9/9_9_01_852a4a6b_r02c01.png,roi/9/9_9_01_852a4a6b_r02c01.png,normalized_32x32/9/9_9_01_852a4a6b_r02c01.npy
9_9_01_852a4a6b_r02c02,pages/9_01_852a4a6b.jpg,852a4a6bbe14c4ae83aff0b8215c69d5c780738265eec449515a968c78be1d2e,2,2,9,filename,extracted,,False,paper_near_image_edge,"[316, 426, 631, 853]","[101, 133, 185, 281]",cells/9_9_01_852a4a6b_r02c02.png,processed_28x28/9/9_9_01_852a4a6b_r02c02.png,input_32x32/9/9_9_01_852a4a6b_r02c02.png,roi/9/9_9_01_852a4a6b_r02c02.png,normalized_32x32/9/9_9_01_852a4a6b_r02c02.npy
9_9_01_852a4a6b_r02c03,pages/9_01_852a4a6b.jpg,852a4a6bbe14c4ae83aff0b8215c69d5c780738265eec449515a968c78be1d2e,2,3,9,filename,extracted,,False,paper_near_image_edge,"[631, 426, 946, 853]","[134, 139, 223, 305]",cells/9_9_01_852a4a6b_r02c03.png,processed_28x28/9/9_9_01_852a4a6b_r02c03.png,input_32x32/9/9_9_01_852a4a6b_r02c03.png,roi/9/9_9_01_852a4a6b_r02c03.png,normalized_32x32/9/9_9_01_852a4a6b_r02c03.npy
9_9_01_852a4a6b_r02c04,pages/9_01_852a4a6b.jpg,852a4a6bbe14c4ae83aff0b8215c69d5c780738265eec449515a968c78be1d2e,2,4,9,filename,extracted,,False,paper_near_image_edge,"[946, 426, 1262, 853]","[102, 143, 193, 313]",cells/9_9_01_852a4a6b_r02c04.png,processed_28x28/9/9_9_01_852a4a6b_r02c04.png,input_32x32/9/9_9_01_852a4a6b_r02c04.png,roi/9/9_9_01_852a4a6b_r02c04.png,normalized_32x32/9/9_9_01_852a4a6b_r02c04.npy
9_9_01_852a4a6b_r03c01,pages/9_01_852a4a6b.jpg,852a4a6bbe14c4ae83aff0b8215c69d5c780738265eec449515a968c78be1d2e,3,1,9,filename,needs_review,extra_ink_ignored,False,paper_near_image_edge,"[0, 853, 316, 1280]","[145, 117, 227, 303]",cells/9_9_01_852a4a6b_r03c01.png,processed_28x28/9/9_9_01_852a4a6b_r03c01.png,input_32x32/9/9_9_01_852a4a6b_r03c01.png,roi/9/9_9_01_852a4a6b_r03c01.png,normalized_32x32/9/9_9_01_852a4a6b_r03c01.npy
9_9_01_852a4a6b_r03c02,pages/9_01_852a4a6b.jpg,852a4a6bbe14c4ae83aff0b8215c69d5c780738265eec449515a968c78be1d2e,3,2,9,filename,extracted,,False,paper_near_image_edge,"[316, 853, 631, 1280]","[100, 109, 191, 340]",cells/9_9_01_852a4a6b_r03c02.png,processed_28x28/9/9_9_01_852a4a6b_r03c02.png,input_32x32/9/9_9_01_852a4a6b_r03c02.png,roi/9/9_9_01_852a4a6b_r03c02.png,normalized_32x32/9/9_9_01_852a4a6b_r03c02.npy
9_9_01_852a4a6b_r03c03,pages/9_01_852a4a6b.jpg,852a4a6bbe14c4ae83aff0b8215c69d5c780738265eec449515a968c78be1d2e,3,3,9,filename,extracted,,False,paper_near_image_edge,"[631, 853, 946, 1280]","[140, 135, 182, 219]",cells/9_9_01_852a4a6b_r03c03.png,processed_28x28/9/9_9_01_852a4a6b_r03c03.png,input_32x32/9/9_9_01_852a4a6b_r03c03.png,roi/9/9_9_01_852a4a6b_r03c03.png,normalized_32x32/9/9_9_01_852a4a6b_r03c03.npy
9_9_01_852a4a6b_r03c04,pages/9_01_852a4a6b.jpg,852a4a6bbe14c4ae83aff0b8215c69d5c780738265eec449515a968c78be1d2e,3,4,9,filename,extracted,,False,paper_near_image_edge,"[946, 853, 1262, 1280]","[118, 153, 174, 281]",cells/9_9_01_852a4a6b_r03c04.png,processed_28x28/9/9_9_01_852a4a6b_r03c04.png,input_32x32/9/9_9_01_852a4a6b_r03c04.png,roi/9/9_9_01_852a4a6b_r03c04.png,normalized_32x32/9/9_9_01_852a4a6b_r03c04.npy
9_9_01_852a4a6b_r04c01,pages/9_01_852a4a6b.jpg,852a4a6bbe14c4ae83aff0b8215c69d5c780738265eec449515a968c78be1d2e,4,1,9,filename,extracted,,False,paper_near_image_edge,"[0, 1280, 316, 1706]","[126, 123, 191, 268]",cells/9_9_01_852a4a6b_r04c01.png,processed_28x28/9/9_9_01_852a4a6b_r04c01.png,input_32x32/9/9_9_01_852a4a6b_r04c01.png,roi/9/9_9_01_852a4a6b_r04c01.png,normalized_32x32/9/9_9_01_852a4a6b_r04c01.npy
9_9_01_852a4a6b_r04c02,pages/9_01_852a4a6b.jpg,852a4a6bbe14c4ae83aff0b8215c69d5c780738265eec449515a968c78be1d2e,4,2,9,filename,extracted,,False,paper_near_image_edge,"[316, 1280, 631, 1706]","[123, 117, 182, 238]",cells/9_9_01_852a4a6b_r04c02.png,processed_28x28/9/9_9_01_852a4a6b_r04c02.png,input_32x32/9/9_9_01_852a4a6b_r04c02.png,roi/9/9_9_01_852a4a6b_r04c02.png,normalized_32x32/9/9_9_01_852a4a6b_r04c02.npy
9_9_01_852a4a6b_r04c03,pages/9_01_852a4a6b.jpg,852a4a6bbe14c4ae83aff0b8215c69d5c780738265eec449515a968c78be1d2e,4,3,9,filename,extracted,,False,paper_near_image_edge,"[631, 1280, 946, 1706]","[110, 104, 180, 265]",cells/9_9_01_852a4a6b_r04c03.png,processed_28x28/9/9_9_01_852a4a6b_r04c03.png,input_32x32/9/9_9_01_852a4a6b_r04c03.png,roi/9/9_9_01_852a4a6b_r04c03.png,normalized_32x32/9/9_9_01_852a4a6b_r04c03.npy
9_9_01_852a4a6b_r04c04,pages/9_01_852a4a6b.jpg,852a4a6bbe14c4ae83aff0b8215c69d5c780738265eec449515a968c78be1d2e,4,4,9,filename,extracted,,False,paper_near_image_edge,"[946, 1280, 1262, 1706]","[121, 118, 181, 266]",cells/9_9_01_852a4a6b_r04c04.png,processed_28x28/9/9_9_01_852a4a6b_r04c04.png,input_32x32/9/9_9_01_852a4a6b_r04c04.png,roi/9/9_9_01_852a4a6b_r04c04.png,normalized_32x32/9/9_9_01_852a4a6b_r04c04.npy
9_9_02_2f49434b_r01c01,pages/9_02_2f49434b.jpg,2f49434bf3090513c8885e3e1921b54445965cdf5aca9b4e80c320b126f16b04,1,1,9,filename,extracted,,False,paper_near_image_edge,"[0, 0, 320, 426]","[126, 68, 220, 219]",cells/9_9_02_2f49434b_r01c01.png,processed_28x28/9/9_9_02_2f49434b_r01c01.png,input_32x32/9/9_9_02_2f49434b_r01c01.png,roi/9/9_9_02_2f49434b_r01c01.png,normalized_32x32/9/9_9_02_2f49434b_r01c01.npy
9_9_02_2f49434b_r01c02,pages/9_02_2f49434b.jpg,2f49434bf3090513c8885e3e1921b54445965cdf5aca9b4e80c320b126f16b04,1,2,9,filename,extracted,,False,paper_near_image_edge,"[320, 0, 640, 426]","[130, 65, 205, 231]",cells/9_9_02_2f49434b_r01c02.png,processed_28x28/9/9_9_02_2f49434b_r01c02.png,input_32x32/9/9_9_02_2f49434b_r01c02.png,roi/9/9_9_02_2f49434b_r01c02.png,normalized_32x32/9/9_9_02_2f49434b_r01c02.npy
9_9_02_2f49434b_r01c03,pages/9_02_2f49434b.jpg,2f49434bf3090513c8885e3e1921b54445965cdf5aca9b4e80c320b126f16b04,1,3,9,filename,extracted,,False,paper_near_image_edge,"[640, 0, 959, 426]","[106, 83, 199, 245]",cells/9_9_02_2f49434b_r01c03.png,processed_28x28/9/9_9_02_2f49434b_r01c03.png,input_32x32/9/9_9_02_2f49434b_r01c03.png,roi/9/9_9_02_2f49434b_r01c03.png,normalized_32x32/9/9_9_02_2f49434b_r01c03.npy
9_9_02_2f49434b_r01c04,pages/9_02_2f49434b.jpg,2f49434bf3090513c8885e3e1921b54445965cdf5aca9b4e80c320b126f16b04,1,4,9,filename,extracted,,False,paper_near_image_edge,"[959, 0, 1279, 426]","[121, 91, 209, 236]",cells/9_9_02_2f49434b_r01c04.png,processed_28x28/9/9_9_02_2f49434b_r01c04.png,input_32x32/9/9_9_02_2f49434b_r01c04.png,roi/9/9_9_02_2f49434b_r01c04.png,normalized_32x32/9/9_9_02_2f49434b_r01c04.npy
9_9_02_2f49434b_r02c01,pages/9_02_2f49434b.jpg,2f49434bf3090513c8885e3e1921b54445965cdf5aca9b4e80c320b126f16b04,2,1,9,filename,extracted,,False,paper_near_image_edge,"[0, 426, 320, 853]","[135, 95, 216, 246]",cells/9_9_02_2f49434b_r02c01.png,processed_28x28/9/9_9_02_2f49434b_r02c01.png,input_32x32/9/9_9_02_2f49434b_r02c01.png,roi/9/9_9_02_2f49434b_r02c01.png,normalized_32x32/9/9_9_02_2f49434b_r02c01.npy
9_9_02_2f49434b_r02c02,pages/9_02_2f49434b.jpg,2f49434bf3090513c8885e3e1921b54445965cdf5aca9b4e80c320b126f16b04,2,2,9,filename,extracted,,False,paper_near_image_edge,"[320, 426, 640, 853]","[119, 97, 198, 213]",cells/9_9_02_2f49434b_r02c02.png,processed_28x28/9/9_9_02_2f49434b_r02c02.png,input_32x32/9/9_9_02_2f49434b_r02c02.png,roi/9/9_9_02_2f49434b_r02c02.png,normalized_32x32/9/9_9_02_2f49434b_r02c02.npy
9_9_02_2f49434b_r02c03,pages/9_02_2f49434b.jpg,2f49434bf3090513c8885e3e1921b54445965cdf5aca9b4e80c320b126f16b04,2,3,9,filename,extracted,,False,paper_near_image_edge,"[640, 426, 959, 853]","[108, 86, 176, 196]",cells/9_9_02_2f49434b_r02c03.png,processed_28x28/9/9_9_02_2f49434b_r02c03.png,input_32x32/9/9_9_02_2f49434b_r02c03.png,roi/9/9_9_02_2f49434b_r02c03.png,normalized_32x32/9/9_9_02_2f49434b_r02c03.npy
9_9_02_2f49434b_r02c04,pages/9_02_2f49434b.jpg,2f49434bf3090513c8885e3e1921b54445965cdf5aca9b4e80c320b126f16b04,2,4,9,filename,extracted,,False,paper_near_image_edge,"[959, 426, 1279, 853]","[110, 88, 201, 245]",cells/9_9_02_2f49434b_r02c04.png,processed_28x28/9/9_9_02_2f49434b_r02c04.png,input_32x32/9/9_9_02_2f49434b_r02c04.png,roi/9/9_9_02_2f49434b_r02c04.png,normalized_32x32/9/9_9_02_2f49434b_r02c04.npy
9_9_02_2f49434b_r03c01,pages/9_02_2f49434b.jpg,2f49434bf3090513c8885e3e1921b54445965cdf5aca9b4e80c320b126f16b04,3,1,9,filename,extracted,,False,paper_near_image_edge,"[0, 853, 320, 1280]","[128, 117, 196, 253]",cells/9_9_02_2f49434b_r03c01.png,processed_28x28/9/9_9_02_2f49434b_r03c01.png,input_32x32/9/9_9_02_2f49434b_r03c01.png,roi/9/9_9_02_2f49434b_r03c01.png,normalized_32x32/9/9_9_02_2f49434b_r03c01.npy
9_9_02_2f49434b_r03c02,pages/9_02_2f49434b.jpg,2f49434bf3090513c8885e3e1921b54445965cdf5aca9b4e80c320b126f16b04,3,2,9,filename,extracted,,False,paper_near_image_edge,"[320, 853, 640, 1280]","[126, 100, 197, 265]",cells/9_9_02_2f49434b_r03c02.png,processed_28x28/9/9_9_02_2f49434b_r03c02.png,input_32x32/9/9_9_02_2f49434b_r03c02.png,roi/9/9_9_02_2f49434b_r03c02.png,normalized_32x32/9/9_9_02_2f49434b_r03c02.npy
9_9_02_2f49434b_r03c03,pages/9_02_2f49434b.jpg,2f49434bf3090513c8885e3e1921b54445965cdf5aca9b4e80c320b126f16b04,3,3,9,filename,extracted,,False,paper_near_image_edge,"[640, 853, 959, 1280]","[109, 72, 209, 307]",cells/9_9_02_2f49434b_r03c03.png,processed_28x28/9/9_9_02_2f49434b_r03c03.png,input_32x32/9/9_9_02_2f49434b_r03c03.png,roi/9/9_9_02_2f49434b_r03c03.png,normalized_32x32/9/9_9_02_2f49434b_r03c03.npy
9_9_02_2f49434b_r03c04,pages/9_02_2f49434b.jpg,2f49434bf3090513c8885e3e1921b54445965cdf5aca9b4e80c320b126f16b04,3,4,9,filename,extracted,,False,paper_near_image_edge,"[959, 853, 1279, 1280]","[105, 92, 185, 250]",cells/9_9_02_2f49434b_r03c04.png,processed_28x28/9/9_9_02_2f49434b_r03c04.png,input_32x32/9/9_9_02_2f49434b_r03c04.png,roi/9/9_9_02_2f49434b_r03c04.png,normalized_32x32/9/9_9_02_2f49434b_r03c04.npy
9_9_02_2f49434b_r04c01,pages/9_02_2f49434b.jpg,2f49434bf3090513c8885e3e1921b54445965cdf5aca9b4e80c320b126f16b04,4,1,9,filename,extracted,,False,paper_near_image_edge,"[0, 1280, 320, 1706]","[116, 71, 206, 247]",cells/9_9_02_2f49434b_r04c01.png,processed_28x28/9/9_9_02_2f49434b_r04c01.png,input_32x32/9/9_9_02_2f49434b_r04c01.png,roi/9/9_9_02_2f49434b_r04c01.png,normalized_32x32/9/9_9_02_2f49434b_r04c01.npy
9_9_02_2f49434b_r04c02,pages/9_02_2f49434b.jpg,2f49434bf3090513c8885e3e1921b54445965cdf5aca9b4e80c320b126f16b04,4,2,9,filename,extracted,,False,paper_near_image_edge,"[320, 1280, 640, 1706]","[132, 79, 204, 225]",cells/9_9_02_2f49434b_r04c02.png,processed_28x28/9/9_9_02_2f49434b_r04c02.png,input_32x32/9/9_9_02_2f49434b_r04c02.png,roi/9/9_9_02_2f49434b_r04c02.png,normalized_32x32/9/9_9_02_2f49434b_r04c02.npy
9_9_02_2f49434b_r04c03,pages/9_02_2f49434b.jpg,2f49434bf3090513c8885e3e1921b54445965cdf5aca9b4e80c320b126f16b04,4,3,9,filename,extracted,,False,paper_near_image_edge,"[640, 1280, 959, 1706]","[89, 83, 162, 250]",cells/9_9_02_2f49434b_r04c03.png,processed_28x28/9/9_9_02_2f49434b_r04c03.png,input_32x32/9/9_9_02_2f49434b_r04c03.png,roi/9/9_9_02_2f49434b_r04c03.png,normalized_32x32/9/9_9_02_2f49434b_r04c03.npy
9_9_02_2f49434b_r04c04,pages/9_02_2f49434b.jpg,2f49434bf3090513c8885e3e1921b54445965cdf5aca9b4e80c320b126f16b04,4,4,9,filename,extracted,,False,paper_near_image_edge,"[959, 1280, 1279, 1706]","[84, 72, 175, 286]",cells/9_9_02_2f49434b_r04c04.png,processed_28x28/9/9_9_02_2f49434b_r04c04.png,input_32x32/9/9_9_02_2f49434b_r04c04.png,roi/9/9_9_02_2f49434b_r04c04.png,normalized_32x32/9/9_9_02_2f49434b_r04c04.npy
