

================================================================
== Vitis HLS Report for 'lenet_full_top_Pipeline_OUTPUT_ROW_OUTPUT_COL'
================================================================
* Date:           Sun Sep  6 21:25:33 2026

* Version:        2022.2 (Build 3670227 on Oct 13 2022)
* Project:        clk_7ns
* Solution:       solution1 (Vivado IP Flow Target)
* Product family: zynq
* Target device:  xc7z020-clg400-1


================================================================
== Performance Estimates
================================================================
+ Timing: 
    * Summary: 
    +--------+---------+----------+------------+
    |  Clock |  Target | Estimated| Uncertainty|
    +--------+---------+----------+------------+
    |ap_clk  |  7.00 ns|  5.377 ns|     1.89 ns|
    +--------+---------+----------+------------+

+ Latency: 
    * Summary: 
    +---------+---------+----------+----------+-------+-------+---------+
    |  Latency (cycles) |  Latency (absolute) |    Interval   | Pipeline|
    |   min   |   max   |    min   |    max   |  min  |  max  |   Type  |
    +---------+---------+----------+----------+-------+-------+---------+
    |    19817|    19817|  0.139 ms|  0.139 ms|  19817|  19817|       no|
    +---------+---------+----------+----------+-------+-------+---------+

    + Detail: 
        * Instance: 
        N/A

        * Loop: 
        +-------------------------+---------+---------+----------+-----------+-----------+------+----------+
        |                         |  Latency (cycles) | Iteration|  Initiation Interval  | Trip |          |
        |        Loop Name        |   min   |   max   |  Latency |  achieved |   target  | Count| Pipelined|
        +-------------------------+---------+---------+----------+-----------+-----------+------+----------+
        |- OUTPUT_ROW_OUTPUT_COL  |    19815|    19815|       241|         25|          1|   784|       yes|
        +-------------------------+---------+---------+----------+-----------+-----------+------+----------+

============================================================
+ Verbose Summary: Synthesis Manager
============================================================
InlineROM: 1
ExposeGlobal: 0
============================================================
+ Verbose Summary: CDFG Model
============================================================
IsTopModel: 0
ResetActiveHigh: 1
IsCombinational: 0
IsDatapathOnly: 0
HasWiredReturn: 1
HasMFsm: 2
HasVarLatency: 1
IsPipeline: 0
IsRtlPipelined: 0
IsInstanceOverlapped: 0
IsDontTouch: 0
HasImplIP: 0
IsGatedGlobalClock: 0

+ Individual pipeline summary: 
  * Pipeline-0: initiation interval (II) = 25, depth = 241


============================================================
+ Verbose Summary: Schedule
============================================================
* Number of FSM states : 241
* Pipeline : 1
  Pipeline-0 : II = 25, D = 241, States = { 1 2 3 4 5 6 7 8 9 10 11 12 13 14 15 16 17 18 19 20 21 22 23 24 25 26 27 28 29 30 31 32 33 34 35 36 37 38 39 40 41 42 43 44 45 46 47 48 49 50 51 52 53 54 55 56 57 58 59 60 61 62 63 64 65 66 67 68 69 70 71 72 73 74 75 76 77 78 79 80 81 82 83 84 85 86 87 88 89 90 91 92 93 94 95 96 97 98 99 100 101 102 103 104 105 106 107 108 109 110 111 112 113 114 115 116 117 118 119 120 121 122 123 124 125 126 127 128 129 130 131 132 133 134 135 136 137 138 139 140 141 142 143 144 145 146 147 148 149 150 151 152 153 154 155 156 157 158 159 160 161 162 163 164 165 166 167 168 169 170 171 172 173 174 175 176 177 178 179 180 181 182 183 184 185 186 187 188 189 190 191 192 193 194 195 196 197 198 199 200 201 202 203 204 205 206 207 208 209 210 211 212 213 214 215 216 217 218 219 220 221 222 223 224 225 226 227 228 229 230 231 232 233 234 235 236 237 238 239 240 241 }
* Dataflow Pipeline: 0

* FSM state transitions: 
1 --> 2 
2 --> 3 
3 --> 4 
4 --> 5 
5 --> 6 
6 --> 7 
7 --> 8 
8 --> 9 
9 --> 10 
10 --> 11 
11 --> 12 
12 --> 13 
13 --> 14 
14 --> 15 
15 --> 16 
16 --> 17 
17 --> 18 
18 --> 19 
19 --> 20 
20 --> 21 
21 --> 22 
22 --> 23 
23 --> 24 
24 --> 25 
25 --> 26 
26 --> 27 
27 --> 28 
28 --> 29 
29 --> 30 
30 --> 31 
31 --> 32 
32 --> 33 
33 --> 34 
34 --> 35 
35 --> 36 
36 --> 37 
37 --> 38 
38 --> 39 
39 --> 40 
40 --> 41 
41 --> 42 
42 --> 43 
43 --> 44 
44 --> 45 
45 --> 46 
46 --> 47 
47 --> 48 
48 --> 49 
49 --> 50 
50 --> 51 
51 --> 52 
52 --> 53 
53 --> 54 
54 --> 55 
55 --> 56 
56 --> 57 
57 --> 58 
58 --> 59 
59 --> 60 
60 --> 61 
61 --> 62 
62 --> 63 
63 --> 64 
64 --> 65 
65 --> 66 
66 --> 67 
67 --> 68 
68 --> 69 
69 --> 70 
70 --> 71 
71 --> 72 
72 --> 73 
73 --> 74 
74 --> 75 
75 --> 76 
76 --> 77 
77 --> 78 
78 --> 79 
79 --> 80 
80 --> 81 
81 --> 82 
82 --> 83 
83 --> 84 
84 --> 85 
85 --> 86 
86 --> 87 
87 --> 88 
88 --> 89 
89 --> 90 
90 --> 91 
91 --> 92 
92 --> 93 
93 --> 94 
94 --> 95 
95 --> 96 
96 --> 97 
97 --> 98 
98 --> 99 
99 --> 100 
100 --> 101 
101 --> 102 
102 --> 103 
103 --> 104 
104 --> 105 
105 --> 106 
106 --> 107 
107 --> 108 
108 --> 109 
109 --> 110 
110 --> 111 
111 --> 112 
112 --> 113 
113 --> 114 
114 --> 115 
115 --> 116 
116 --> 117 
117 --> 118 
118 --> 119 
119 --> 120 
120 --> 121 
121 --> 122 
122 --> 123 
123 --> 124 
124 --> 125 
125 --> 126 
126 --> 127 
127 --> 128 
128 --> 129 
129 --> 130 
130 --> 131 
131 --> 132 
132 --> 133 
133 --> 134 
134 --> 135 
135 --> 136 
136 --> 137 
137 --> 138 
138 --> 139 
139 --> 140 
140 --> 141 
141 --> 142 
142 --> 143 
143 --> 144 
144 --> 145 
145 --> 146 
146 --> 147 
147 --> 148 
148 --> 149 
149 --> 150 
150 --> 151 
151 --> 152 
152 --> 153 
153 --> 154 
154 --> 155 
155 --> 156 
156 --> 157 
157 --> 158 
158 --> 159 
159 --> 160 
160 --> 161 
161 --> 162 
162 --> 163 
163 --> 164 
164 --> 165 
165 --> 166 
166 --> 167 
167 --> 168 
168 --> 169 
169 --> 170 
170 --> 171 
171 --> 172 
172 --> 173 
173 --> 174 
174 --> 175 
175 --> 176 
176 --> 177 
177 --> 178 
178 --> 179 
179 --> 180 
180 --> 181 
181 --> 182 
182 --> 183 
183 --> 184 
184 --> 185 
185 --> 186 
186 --> 187 
187 --> 188 
188 --> 189 
189 --> 190 
190 --> 191 
191 --> 192 
192 --> 193 
193 --> 194 
194 --> 195 
195 --> 196 
196 --> 197 
197 --> 198 
198 --> 199 
199 --> 200 
200 --> 201 
201 --> 202 
202 --> 203 
203 --> 204 
204 --> 205 
205 --> 206 
206 --> 207 
207 --> 208 
208 --> 209 
209 --> 210 
210 --> 211 
211 --> 212 
212 --> 213 
213 --> 214 
214 --> 215 
215 --> 216 
216 --> 217 
217 --> 218 
218 --> 219 
219 --> 220 
220 --> 221 
221 --> 222 
222 --> 223 
223 --> 224 
224 --> 225 
225 --> 226 
226 --> 227 
227 --> 228 
228 --> 229 
229 --> 230 
230 --> 231 
231 --> 232 
232 --> 233 
233 --> 234 
234 --> 235 
235 --> 236 
236 --> 237 
237 --> 238 
238 --> 239 
239 --> 240 
240 --> 241 
241 --> 

* FSM state operations: 

State 1 <SV = 0> <Delay = 1.78>
ST_1 : Operation 244 [1/1] (0.00ns)   --->   "%output_col_1 = alloca i32 1"   --->   Operation 244 'alloca' 'output_col_1' <Predicate = true> <Delay = 0.00>
ST_1 : Operation 245 [1/1] (0.00ns)   --->   "%output_row = alloca i32 1"   --->   Operation 245 'alloca' 'output_row' <Predicate = true> <Delay = 0.00>
ST_1 : Operation 246 [1/1] (0.00ns)   --->   "%indvar_flatten = alloca i32 1"   --->   Operation 246 'alloca' 'indvar_flatten' <Predicate = true> <Delay = 0.00>
ST_1 : Operation 247 [1/1] (0.00ns)   --->   "%accumulator_2_read = read i32 @_ssdm_op_Read.ap_auto.float, i32 %accumulator_2"   --->   Operation 247 'read' 'accumulator_2_read' <Predicate = true> <Delay = 0.00>
ST_1 : Operation 248 [1/1] (0.00ns)   --->   "%feature_in_read = read i64 @_ssdm_op_Read.ap_auto.i64, i64 %feature_in"   --->   Operation 248 'read' 'feature_in_read' <Predicate = true> <Delay = 0.00>
ST_1 : Operation 249 [1/1] (0.00ns)   --->   "%tmp = read i9 @_ssdm_op_Read.ap_auto.i9, i9 %empty"   --->   Operation 249 'read' 'tmp' <Predicate = true> <Delay = 0.00>
ST_1 : Operation 250 [1/1] (0.00ns)   --->   "%sext_ln35_read = read i62 @_ssdm_op_Read.ap_auto.i62, i62 %sext_ln35"   --->   Operation 250 'read' 'sext_ln35_read' <Predicate = true> <Delay = 0.00>
ST_1 : Operation 251 [1/1] (0.00ns)   --->   "%sext_ln35_cast = sext i62 %sext_ln35_read"   --->   Operation 251 'sext' 'sext_ln35_cast' <Predicate = true> <Delay = 0.00>
ST_1 : Operation 252 [1/1] (0.00ns)   --->   "%specinterface_ln0 = specinterface void @_ssdm_op_SpecInterface, i32 %gmem1, void @empty, i32 0, i32 0, void @empty_0, i32 0, i32 61470, void @empty_3, void @empty_2, void @empty_0, i32 16, i32 16, i32 16, i32 16, void @empty_0, void @empty_0, i32 4294967295, i32 0"   --->   Operation 252 'specinterface' 'specinterface_ln0' <Predicate = true> <Delay = 0.00>
ST_1 : Operation 253 [1/1] (0.00ns)   --->   "%specinterface_ln0 = specinterface void @_ssdm_op_SpecInterface, i32 %gmem0, void @empty, i32 0, i32 0, void @empty_0, i32 0, i32 1024, void @empty_1, void @empty_2, void @empty_0, i32 16, i32 16, i32 16, i32 16, void @empty_0, void @empty_0, i32 4294967295, i32 0"   --->   Operation 253 'specinterface' 'specinterface_ln0' <Predicate = true> <Delay = 0.00>
ST_1 : Operation 254 [1/1] (1.58ns)   --->   "%store_ln0 = store i10 0, i10 %indvar_flatten"   --->   Operation 254 'store' 'store_ln0' <Predicate = true> <Delay = 1.58>
ST_1 : Operation 255 [1/1] (1.58ns)   --->   "%store_ln0 = store i5 0, i5 %output_row"   --->   Operation 255 'store' 'store_ln0' <Predicate = true> <Delay = 1.58>
ST_1 : Operation 256 [1/1] (1.58ns)   --->   "%store_ln0 = store i5 0, i5 %output_col_1"   --->   Operation 256 'store' 'store_ln0' <Predicate = true> <Delay = 1.58>
ST_1 : Operation 257 [1/1] (0.00ns)   --->   "%br_ln0 = br void %INPUT_CHANNEL.i"   --->   Operation 257 'br' 'br_ln0' <Predicate = true> <Delay = 0.00>
ST_1 : Operation 258 [1/1] (0.00ns)   --->   "%output_row_2 = load i5 %output_row"   --->   Operation 258 'load' 'output_row_2' <Predicate = true> <Delay = 0.00>
ST_1 : Operation 259 [1/1] (0.00ns)   --->   "%indvar_flatten_load = load i10 %indvar_flatten" [D:/lenet_project/handoff/LeNet_DSE_Framework_2022_2/LeNet_DSE_Framework_2022_2/src/lenet_conv.cpp:53]   --->   Operation 259 'load' 'indvar_flatten_load' <Predicate = true> <Delay = 0.00>
ST_1 : Operation 260 [1/1] (1.77ns)   --->   "%icmp_ln53 = icmp_eq  i10 %indvar_flatten_load, i10 784" [D:/lenet_project/handoff/LeNet_DSE_Framework_2022_2/LeNet_DSE_Framework_2022_2/src/lenet_conv.cpp:53]   --->   Operation 260 'icmp' 'icmp_ln53' <Predicate = true> <Delay = 1.77> <CoreInst = "Cmp">   --->   Core 9 'Cmp' <Latency = 0> <II = 1> <Delay = 1.77> <FuncUnit> <Opcode : 'icmp'> <InPorts = 2> <OutPorts = 1>
ST_1 : Operation 261 [1/1] (0.00ns)   --->   "%br_ln53 = br i1 %icmp_ln53, void %for.inc26.i, void %for.inc29.i.exitStub" [D:/lenet_project/handoff/LeNet_DSE_Framework_2022_2/LeNet_DSE_Framework_2022_2/src/lenet_conv.cpp:53]   --->   Operation 261 'br' 'br_ln53' <Predicate = true> <Delay = 0.00>
ST_1 : Operation 262 [1/1] (0.00ns)   --->   "%output_col_1_load = load i5 %output_col_1" [D:/lenet_project/handoff/LeNet_DSE_Framework_2022_2/LeNet_DSE_Framework_2022_2/src/lenet_conv.cpp:55]   --->   Operation 262 'load' 'output_col_1_load' <Predicate = (!icmp_ln53)> <Delay = 0.00>
ST_1 : Operation 263 [1/1] (1.36ns)   --->   "%icmp_ln55 = icmp_eq  i5 %output_col_1_load, i5 28" [D:/lenet_project/handoff/LeNet_DSE_Framework_2022_2/LeNet_DSE_Framework_2022_2/src/lenet_conv.cpp:55]   --->   Operation 263 'icmp' 'icmp_ln55' <Predicate = (!icmp_ln53)> <Delay = 1.36> <CoreInst = "Cmp">   --->   Core 9 'Cmp' <Latency = 0> <II = 1> <Delay = 1.36> <FuncUnit> <Opcode : 'icmp'> <InPorts = 2> <OutPorts = 1>
ST_1 : Operation 264 [1/1] (1.78ns)   --->   "%tmp5_178199 = add i5 %output_row_2, i5 1"   --->   Operation 264 'add' 'tmp5_178199' <Predicate = (!icmp_ln53)> <Delay = 1.78> <CoreInst = "Adder">   --->   Core 1 'Adder' <Latency = 0> <II = 1> <Delay = 1.78> <FuncUnit> <Opcode : 'add' 'sub'> <InPorts = 2> <OutPorts = 1>

State 2 <SV = 1> <Delay = 5.11>
ST_2 : Operation 265 [1/1] (0.00ns)   --->   "%gmem1_addr = getelementptr i32 %gmem1, i64 %sext_ln35_cast" [D:/lenet_project/handoff/LeNet_DSE_Framework_2022_2/LeNet_DSE_Framework_2022_2/src/lenet_conv.cpp:35]   --->   Operation 265 'getelementptr' 'gmem1_addr' <Predicate = true> <Delay = 0.00>
ST_2 : Operation 266 [1/1] (1.21ns)   --->   "%select_ln53 = select i1 %icmp_ln55, i5 0, i5 %output_col_1_load" [D:/lenet_project/handoff/LeNet_DSE_Framework_2022_2/LeNet_DSE_Framework_2022_2/src/lenet_conv.cpp:53]   --->   Operation 266 'select' 'select_ln53' <Predicate = (!icmp_ln53)> <Delay = 1.21> <CoreInst = "Sel">   --->   Core 73 'Sel' <Latency = 0> <II = 1> <Delay = 1.21> <FuncUnit> <Opcode : 'select'> <InPorts = 3> <OutPorts = 1>
ST_2 : Operation 267 [1/1] (1.21ns)   --->   "%select_ln53_6 = select i1 %icmp_ln55, i5 %tmp5_178199, i5 %output_row_2" [D:/lenet_project/handoff/LeNet_DSE_Framework_2022_2/LeNet_DSE_Framework_2022_2/src/lenet_conv.cpp:53]   --->   Operation 267 'select' 'select_ln53_6' <Predicate = (!icmp_ln53)> <Delay = 1.21> <CoreInst = "Sel">   --->   Core 73 'Sel' <Latency = 0> <II = 1> <Delay = 1.21> <FuncUnit> <Opcode : 'select'> <InPorts = 3> <OutPorts = 1>
ST_2 : Operation 268 [1/1] (0.00ns)   --->   "%tmp_s = bitconcatenate i12 @_ssdm_op_BitConcatenate.i12.i5.i5.i2, i5 %select_ln53_6, i5 %select_ln53, i2 0" [D:/lenet_project/handoff/LeNet_DSE_Framework_2022_2/LeNet_DSE_Framework_2022_2/src/lenet_conv.cpp:53]   --->   Operation 268 'bitconcatenate' 'tmp_s' <Predicate = (!icmp_ln53)> <Delay = 0.00>
ST_2 : Operation 269 [1/1] (0.00ns)   --->   "%p_cast66 = zext i12 %tmp_s" [D:/lenet_project/handoff/LeNet_DSE_Framework_2022_2/LeNet_DSE_Framework_2022_2/src/lenet_conv.cpp:53]   --->   Operation 269 'zext' 'p_cast66' <Predicate = (!icmp_ln53)> <Delay = 0.00>
ST_2 : Operation 270 [1/1] (3.52ns)   --->   "%empty_57 = add i64 %p_cast66, i64 %feature_in_read" [D:/lenet_project/handoff/LeNet_DSE_Framework_2022_2/LeNet_DSE_Framework_2022_2/src/lenet_conv.cpp:53]   --->   Operation 270 'add' 'empty_57' <Predicate = (!icmp_ln53)> <Delay = 3.52> <CoreInst = "Adder">   --->   Core 1 'Adder' <Latency = 0> <II = 1> <Delay = 3.52> <FuncUnit> <Opcode : 'add' 'sub'> <InPorts = 2> <OutPorts = 1>
ST_2 : Operation 271 [1/1] (0.00ns)   --->   "%trunc_ln3 = partselect i62 @_ssdm_op_PartSelect.i62.i64.i32.i32, i64 %empty_57, i32 2, i32 63" [D:/lenet_project/handoff/LeNet_DSE_Framework_2022_2/LeNet_DSE_Framework_2022_2/src/lenet_conv.cpp:18]   --->   Operation 271 'partselect' 'trunc_ln3' <Predicate = (!icmp_ln53)> <Delay = 0.00>
ST_2 : Operation 272 [1/1] (0.00ns)   --->   "%sext_ln18 = sext i62 %trunc_ln3" [D:/lenet_project/handoff/LeNet_DSE_Framework_2022_2/LeNet_DSE_Framework_2022_2/src/lenet_conv.cpp:18]   --->   Operation 272 'sext' 'sext_ln18' <Predicate = (!icmp_ln53)> <Delay = 0.00>
ST_2 : Operation 273 [1/1] (0.00ns)   --->   "%gmem0_addr = getelementptr i32 %gmem0, i64 %sext_ln18" [D:/lenet_project/handoff/LeNet_DSE_Framework_2022_2/LeNet_DSE_Framework_2022_2/src/lenet_conv.cpp:18]   --->   Operation 273 'getelementptr' 'gmem0_addr' <Predicate = (!icmp_ln53)> <Delay = 0.00>
ST_2 : Operation 274 [7/7] (5.11ns)   --->   "%empty_67 = readreq i1 @_ssdm_op_ReadReq.m_axi.p1i32, i32 %gmem1_addr, i32 25" [D:/lenet_project/handoff/LeNet_DSE_Framework_2022_2/LeNet_DSE_Framework_2022_2/src/lenet_conv.cpp:35]   --->   Operation 274 'readreq' 'empty_67' <Predicate = (!icmp_ln53)> <Delay = 5.11> <CoreInst = "m_axi">   --->   Core 113 'm_axi' <Latency = 0> <II = 1> <Delay = 1.00> <Adapter> <Opcode : 'read' 'write' 'readreq' 'writereq' 'writeresp'>
ST_2 : Operation 275 [1/1] (1.58ns)   --->   "%store_ln55 = store i5 %select_ln53_6, i5 %output_row" [D:/lenet_project/handoff/LeNet_DSE_Framework_2022_2/LeNet_DSE_Framework_2022_2/src/lenet_conv.cpp:55]   --->   Operation 275 'store' 'store_ln55' <Predicate = (!icmp_ln53)> <Delay = 1.58>

State 3 <SV = 2> <Delay = 5.11>
ST_3 : Operation 276 [7/7] (5.11ns)   --->   "%empty_58 = readreq i1 @_ssdm_op_ReadReq.m_axi.p1i32, i32 %gmem0_addr, i32 5" [D:/lenet_project/handoff/LeNet_DSE_Framework_2022_2/LeNet_DSE_Framework_2022_2/src/lenet_conv.cpp:18]   --->   Operation 276 'readreq' 'empty_58' <Predicate = (!icmp_ln53)> <Delay = 5.11> <CoreInst = "m_axi">   --->   Core 113 'm_axi' <Latency = 0> <II = 1> <Delay = 1.00> <Adapter> <Opcode : 'read' 'write' 'readreq' 'writereq' 'writeresp'>
ST_3 : Operation 277 [6/7] (5.11ns)   --->   "%empty_67 = readreq i1 @_ssdm_op_ReadReq.m_axi.p1i32, i32 %gmem1_addr, i32 25" [D:/lenet_project/handoff/LeNet_DSE_Framework_2022_2/LeNet_DSE_Framework_2022_2/src/lenet_conv.cpp:35]   --->   Operation 277 'readreq' 'empty_67' <Predicate = (!icmp_ln53)> <Delay = 5.11> <CoreInst = "m_axi">   --->   Core 113 'm_axi' <Latency = 0> <II = 1> <Delay = 1.00> <Adapter> <Opcode : 'read' 'write' 'readreq' 'writereq' 'writeresp'>

State 4 <SV = 3> <Delay = 5.11>
ST_4 : Operation 278 [6/7] (5.11ns)   --->   "%empty_58 = readreq i1 @_ssdm_op_ReadReq.m_axi.p1i32, i32 %gmem0_addr, i32 5" [D:/lenet_project/handoff/LeNet_DSE_Framework_2022_2/LeNet_DSE_Framework_2022_2/src/lenet_conv.cpp:18]   --->   Operation 278 'readreq' 'empty_58' <Predicate = (!icmp_ln53)> <Delay = 5.11> <CoreInst = "m_axi">   --->   Core 113 'm_axi' <Latency = 0> <II = 1> <Delay = 1.00> <Adapter> <Opcode : 'read' 'write' 'readreq' 'writereq' 'writeresp'>
ST_4 : Operation 279 [5/7] (5.11ns)   --->   "%empty_67 = readreq i1 @_ssdm_op_ReadReq.m_axi.p1i32, i32 %gmem1_addr, i32 25" [D:/lenet_project/handoff/LeNet_DSE_Framework_2022_2/LeNet_DSE_Framework_2022_2/src/lenet_conv.cpp:35]   --->   Operation 279 'readreq' 'empty_67' <Predicate = (!icmp_ln53)> <Delay = 5.11> <CoreInst = "m_axi">   --->   Core 113 'm_axi' <Latency = 0> <II = 1> <Delay = 1.00> <Adapter> <Opcode : 'read' 'write' 'readreq' 'writereq' 'writeresp'>

State 5 <SV = 4> <Delay = 5.11>
ST_5 : Operation 280 [5/7] (5.11ns)   --->   "%empty_58 = readreq i1 @_ssdm_op_ReadReq.m_axi.p1i32, i32 %gmem0_addr, i32 5" [D:/lenet_project/handoff/LeNet_DSE_Framework_2022_2/LeNet_DSE_Framework_2022_2/src/lenet_conv.cpp:18]   --->   Operation 280 'readreq' 'empty_58' <Predicate = (!icmp_ln53)> <Delay = 5.11> <CoreInst = "m_axi">   --->   Core 113 'm_axi' <Latency = 0> <II = 1> <Delay = 1.00> <Adapter> <Opcode : 'read' 'write' 'readreq' 'writereq' 'writeresp'>
ST_5 : Operation 281 [4/7] (5.11ns)   --->   "%empty_67 = readreq i1 @_ssdm_op_ReadReq.m_axi.p1i32, i32 %gmem1_addr, i32 25" [D:/lenet_project/handoff/LeNet_DSE_Framework_2022_2/LeNet_DSE_Framework_2022_2/src/lenet_conv.cpp:35]   --->   Operation 281 'readreq' 'empty_67' <Predicate = (!icmp_ln53)> <Delay = 5.11> <CoreInst = "m_axi">   --->   Core 113 'm_axi' <Latency = 0> <II = 1> <Delay = 1.00> <Adapter> <Opcode : 'read' 'write' 'readreq' 'writereq' 'writeresp'>

State 6 <SV = 5> <Delay = 5.11>
ST_6 : Operation 282 [1/1] (1.78ns)   --->   "%tmp5_178_mid1 = add i5 %output_row_2, i5 2"   --->   Operation 282 'add' 'tmp5_178_mid1' <Predicate = (!icmp_ln53 & icmp_ln55)> <Delay = 1.78> <CoreInst = "Adder">   --->   Core 1 'Adder' <Latency = 0> <II = 1> <Delay = 1.78> <FuncUnit> <Opcode : 'add' 'sub'> <InPorts = 2> <OutPorts = 1>
ST_6 : Operation 283 [4/7] (5.11ns)   --->   "%empty_58 = readreq i1 @_ssdm_op_ReadReq.m_axi.p1i32, i32 %gmem0_addr, i32 5" [D:/lenet_project/handoff/LeNet_DSE_Framework_2022_2/LeNet_DSE_Framework_2022_2/src/lenet_conv.cpp:18]   --->   Operation 283 'readreq' 'empty_58' <Predicate = (!icmp_ln53)> <Delay = 5.11> <CoreInst = "m_axi">   --->   Core 113 'm_axi' <Latency = 0> <II = 1> <Delay = 1.00> <Adapter> <Opcode : 'read' 'write' 'readreq' 'writereq' 'writeresp'>
ST_6 : Operation 284 [3/7] (5.11ns)   --->   "%empty_67 = readreq i1 @_ssdm_op_ReadReq.m_axi.p1i32, i32 %gmem1_addr, i32 25" [D:/lenet_project/handoff/LeNet_DSE_Framework_2022_2/LeNet_DSE_Framework_2022_2/src/lenet_conv.cpp:35]   --->   Operation 284 'readreq' 'empty_67' <Predicate = (!icmp_ln53)> <Delay = 5.11> <CoreInst = "m_axi">   --->   Core 113 'm_axi' <Latency = 0> <II = 1> <Delay = 1.00> <Adapter> <Opcode : 'read' 'write' 'readreq' 'writereq' 'writeresp'>

State 7 <SV = 6> <Delay = 5.11>
ST_7 : Operation 285 [1/1] (0.00ns) (grouped into LUT with out node empty_59)   --->   "%select_ln53_2 = select i1 %icmp_ln55, i5 %tmp5_178_mid1, i5 %tmp5_178199" [D:/lenet_project/handoff/LeNet_DSE_Framework_2022_2/LeNet_DSE_Framework_2022_2/src/lenet_conv.cpp:53]   --->   Operation 285 'select' 'select_ln53_2' <Predicate = (!icmp_ln53)> <Delay = 0.00> <CoreInst = "Sel">   --->   Core 73 'Sel' <Latency = 0> <II = 1> <Delay = 1.21> <FuncUnit> <Opcode : 'select'> <InPorts = 3> <OutPorts = 1>
ST_7 : Operation 286 [3/7] (5.11ns)   --->   "%empty_58 = readreq i1 @_ssdm_op_ReadReq.m_axi.p1i32, i32 %gmem0_addr, i32 5" [D:/lenet_project/handoff/LeNet_DSE_Framework_2022_2/LeNet_DSE_Framework_2022_2/src/lenet_conv.cpp:18]   --->   Operation 286 'readreq' 'empty_58' <Predicate = (!icmp_ln53)> <Delay = 5.11> <CoreInst = "m_axi">   --->   Core 113 'm_axi' <Latency = 0> <II = 1> <Delay = 1.00> <Adapter> <Opcode : 'read' 'write' 'readreq' 'writereq' 'writeresp'>
ST_7 : Operation 287 [1/1] (0.00ns) (grouped into LUT with out node empty_59)   --->   "%tmp_17 = bitconcatenate i12 @_ssdm_op_BitConcatenate.i12.i5.i5.i2, i5 %select_ln53_2, i5 %select_ln53, i2 0" [D:/lenet_project/handoff/LeNet_DSE_Framework_2022_2/LeNet_DSE_Framework_2022_2/src/lenet_conv.cpp:53]   --->   Operation 287 'bitconcatenate' 'tmp_17' <Predicate = (!icmp_ln53)> <Delay = 0.00>
ST_7 : Operation 288 [1/1] (0.00ns) (grouped into LUT with out node empty_59)   --->   "%p_cast67 = zext i12 %tmp_17" [D:/lenet_project/handoff/LeNet_DSE_Framework_2022_2/LeNet_DSE_Framework_2022_2/src/lenet_conv.cpp:53]   --->   Operation 288 'zext' 'p_cast67' <Predicate = (!icmp_ln53)> <Delay = 0.00>
ST_7 : Operation 289 [1/1] (3.52ns) (out node of the LUT)   --->   "%empty_59 = add i64 %p_cast67, i64 %feature_in_read" [D:/lenet_project/handoff/LeNet_DSE_Framework_2022_2/LeNet_DSE_Framework_2022_2/src/lenet_conv.cpp:53]   --->   Operation 289 'add' 'empty_59' <Predicate = (!icmp_ln53)> <Delay = 3.52> <CoreInst = "Adder">   --->   Core 1 'Adder' <Latency = 0> <II = 1> <Delay = 3.52> <FuncUnit> <Opcode : 'add' 'sub'> <InPorts = 2> <OutPorts = 1>
ST_7 : Operation 290 [1/1] (0.00ns)   --->   "%trunc_ln18_1 = partselect i62 @_ssdm_op_PartSelect.i62.i64.i32.i32, i64 %empty_59, i32 2, i32 63" [D:/lenet_project/handoff/LeNet_DSE_Framework_2022_2/LeNet_DSE_Framework_2022_2/src/lenet_conv.cpp:18]   --->   Operation 290 'partselect' 'trunc_ln18_1' <Predicate = (!icmp_ln53)> <Delay = 0.00>
ST_7 : Operation 291 [1/1] (0.00ns)   --->   "%sext_ln18_1 = sext i62 %trunc_ln18_1" [D:/lenet_project/handoff/LeNet_DSE_Framework_2022_2/LeNet_DSE_Framework_2022_2/src/lenet_conv.cpp:18]   --->   Operation 291 'sext' 'sext_ln18_1' <Predicate = (!icmp_ln53)> <Delay = 0.00>
ST_7 : Operation 292 [1/1] (0.00ns)   --->   "%gmem0_addr_1 = getelementptr i32 %gmem0, i64 %sext_ln18_1" [D:/lenet_project/handoff/LeNet_DSE_Framework_2022_2/LeNet_DSE_Framework_2022_2/src/lenet_conv.cpp:18]   --->   Operation 292 'getelementptr' 'gmem0_addr_1' <Predicate = (!icmp_ln53)> <Delay = 0.00>
ST_7 : Operation 293 [2/7] (5.11ns)   --->   "%empty_67 = readreq i1 @_ssdm_op_ReadReq.m_axi.p1i32, i32 %gmem1_addr, i32 25" [D:/lenet_project/handoff/LeNet_DSE_Framework_2022_2/LeNet_DSE_Framework_2022_2/src/lenet_conv.cpp:35]   --->   Operation 293 'readreq' 'empty_67' <Predicate = (!icmp_ln53)> <Delay = 5.11> <CoreInst = "m_axi">   --->   Core 113 'm_axi' <Latency = 0> <II = 1> <Delay = 1.00> <Adapter> <Opcode : 'read' 'write' 'readreq' 'writereq' 'writeresp'>

State 8 <SV = 7> <Delay = 5.11>
ST_8 : Operation 294 [2/7] (5.11ns)   --->   "%empty_58 = readreq i1 @_ssdm_op_ReadReq.m_axi.p1i32, i32 %gmem0_addr, i32 5" [D:/lenet_project/handoff/LeNet_DSE_Framework_2022_2/LeNet_DSE_Framework_2022_2/src/lenet_conv.cpp:18]   --->   Operation 294 'readreq' 'empty_58' <Predicate = (!icmp_ln53)> <Delay = 5.11> <CoreInst = "m_axi">   --->   Core 113 'm_axi' <Latency = 0> <II = 1> <Delay = 1.00> <Adapter> <Opcode : 'read' 'write' 'readreq' 'writereq' 'writeresp'>
ST_8 : Operation 295 [7/7] (5.11ns)   --->   "%empty_60 = readreq i1 @_ssdm_op_ReadReq.m_axi.p1i32, i32 %gmem0_addr_1, i32 5" [D:/lenet_project/handoff/LeNet_DSE_Framework_2022_2/LeNet_DSE_Framework_2022_2/src/lenet_conv.cpp:18]   --->   Operation 295 'readreq' 'empty_60' <Predicate = (!icmp_ln53)> <Delay = 5.11> <CoreInst = "m_axi">   --->   Core 113 'm_axi' <Latency = 0> <II = 1> <Delay = 1.00> <Adapter> <Opcode : 'read' 'write' 'readreq' 'writereq' 'writeresp'>
ST_8 : Operation 296 [1/7] (5.11ns)   --->   "%empty_67 = readreq i1 @_ssdm_op_ReadReq.m_axi.p1i32, i32 %gmem1_addr, i32 25" [D:/lenet_project/handoff/LeNet_DSE_Framework_2022_2/LeNet_DSE_Framework_2022_2/src/lenet_conv.cpp:35]   --->   Operation 296 'readreq' 'empty_67' <Predicate = (!icmp_ln53)> <Delay = 5.11> <CoreInst = "m_axi">   --->   Core 113 'm_axi' <Latency = 0> <II = 1> <Delay = 1.00> <Adapter> <Opcode : 'read' 'write' 'readreq' 'writereq' 'writeresp'>

State 9 <SV = 8> <Delay = 5.11>
ST_9 : Operation 297 [1/7] (5.11ns)   --->   "%empty_58 = readreq i1 @_ssdm_op_ReadReq.m_axi.p1i32, i32 %gmem0_addr, i32 5" [D:/lenet_project/handoff/LeNet_DSE_Framework_2022_2/LeNet_DSE_Framework_2022_2/src/lenet_conv.cpp:18]   --->   Operation 297 'readreq' 'empty_58' <Predicate = (!icmp_ln53)> <Delay = 5.11> <CoreInst = "m_axi">   --->   Core 113 'm_axi' <Latency = 0> <II = 1> <Delay = 1.00> <Adapter> <Opcode : 'read' 'write' 'readreq' 'writereq' 'writeresp'>
ST_9 : Operation 298 [6/7] (5.11ns)   --->   "%empty_60 = readreq i1 @_ssdm_op_ReadReq.m_axi.p1i32, i32 %gmem0_addr_1, i32 5" [D:/lenet_project/handoff/LeNet_DSE_Framework_2022_2/LeNet_DSE_Framework_2022_2/src/lenet_conv.cpp:18]   --->   Operation 298 'readreq' 'empty_60' <Predicate = (!icmp_ln53)> <Delay = 5.11> <CoreInst = "m_axi">   --->   Core 113 'm_axi' <Latency = 0> <II = 1> <Delay = 1.00> <Adapter> <Opcode : 'read' 'write' 'readreq' 'writereq' 'writeresp'>
ST_9 : Operation 299 [1/1] (5.11ns)   --->   "%gmem1_addr_read = read i32 @_ssdm_op_Read.m_axi.p1i32, i32 %gmem1_addr" [D:/lenet_project/handoff/LeNet_DSE_Framework_2022_2/LeNet_DSE_Framework_2022_2/src/lenet_conv.cpp:36]   --->   Operation 299 'read' 'gmem1_addr_read' <Predicate = (!icmp_ln53)> <Delay = 5.11> <CoreInst = "m_axi">   --->   Core 113 'm_axi' <Latency = 0> <II = 1> <Delay = 1.00> <Adapter> <Opcode : 'read' 'write' 'readreq' 'writereq' 'writeresp'>

State 10 <SV = 9> <Delay = 5.11>
ST_10 : Operation 300 [1/1] (5.11ns)   --->   "%gmem0_addr_read = read i32 @_ssdm_op_Read.m_axi.p1i32, i32 %gmem0_addr" [D:/lenet_project/handoff/LeNet_DSE_Framework_2022_2/LeNet_DSE_Framework_2022_2/src/lenet_conv.cpp:23]   --->   Operation 300 'read' 'gmem0_addr_read' <Predicate = (!icmp_ln53)> <Delay = 5.11> <CoreInst = "m_axi">   --->   Core 113 'm_axi' <Latency = 0> <II = 1> <Delay = 1.00> <Adapter> <Opcode : 'read' 'write' 'readreq' 'writereq' 'writeresp'>
ST_10 : Operation 301 [5/7] (5.11ns)   --->   "%empty_60 = readreq i1 @_ssdm_op_ReadReq.m_axi.p1i32, i32 %gmem0_addr_1, i32 5" [D:/lenet_project/handoff/LeNet_DSE_Framework_2022_2/LeNet_DSE_Framework_2022_2/src/lenet_conv.cpp:18]   --->   Operation 301 'readreq' 'empty_60' <Predicate = (!icmp_ln53)> <Delay = 5.11> <CoreInst = "m_axi">   --->   Core 113 'm_axi' <Latency = 0> <II = 1> <Delay = 1.00> <Adapter> <Opcode : 'read' 'write' 'readreq' 'writereq' 'writeresp'>
ST_10 : Operation 302 [1/1] (5.11ns)   --->   "%gmem1_addr_read_1 = read i32 @_ssdm_op_Read.m_axi.p1i32, i32 %gmem1_addr" [D:/lenet_project/handoff/LeNet_DSE_Framework_2022_2/LeNet_DSE_Framework_2022_2/src/lenet_conv.cpp:36]   --->   Operation 302 'read' 'gmem1_addr_read_1' <Predicate = (!icmp_ln53)> <Delay = 5.11> <CoreInst = "m_axi">   --->   Core 113 'm_axi' <Latency = 0> <II = 1> <Delay = 1.00> <Adapter> <Opcode : 'read' 'write' 'readreq' 'writereq' 'writeresp'>

State 11 <SV = 10> <Delay = 5.37>
ST_11 : Operation 303 [1/1] (0.00ns) (grouped into LUT with out node add_ln53)   --->   "%select_ln53_3 = select i1 %icmp_ln55, i5 3, i5 2" [D:/lenet_project/handoff/LeNet_DSE_Framework_2022_2/LeNet_DSE_Framework_2022_2/src/lenet_conv.cpp:53]   --->   Operation 303 'select' 'select_ln53_3' <Predicate = (!icmp_ln53)> <Delay = 0.00> <CoreInst = "Sel">   --->   Core 73 'Sel' <Latency = 0> <II = 1> <Delay = 0.98> <FuncUnit> <Opcode : 'select'> <InPorts = 3> <OutPorts = 1>
ST_11 : Operation 304 [1/1] (1.78ns) (out node of the LUT)   --->   "%add_ln53 = add i5 %output_row_2, i5 %select_ln53_3" [D:/lenet_project/handoff/LeNet_DSE_Framework_2022_2/LeNet_DSE_Framework_2022_2/src/lenet_conv.cpp:53]   --->   Operation 304 'add' 'add_ln53' <Predicate = (!icmp_ln53)> <Delay = 1.78> <CoreInst = "Adder">   --->   Core 1 'Adder' <Latency = 0> <II = 1> <Delay = 1.78> <FuncUnit> <Opcode : 'add' 'sub'> <InPorts = 2> <OutPorts = 1>
ST_11 : Operation 305 [1/1] (0.00ns)   --->   "%window_0 = bitcast i32 %gmem0_addr_read" [D:/lenet_project/handoff/LeNet_DSE_Framework_2022_2/LeNet_DSE_Framework_2022_2/src/lenet_conv.cpp:23]   --->   Operation 305 'bitcast' 'window_0' <Predicate = (!icmp_ln53)> <Delay = 0.00>
ST_11 : Operation 306 [1/1] (5.11ns)   --->   "%gmem0_addr_read_1 = read i32 @_ssdm_op_Read.m_axi.p1i32, i32 %gmem0_addr" [D:/lenet_project/handoff/LeNet_DSE_Framework_2022_2/LeNet_DSE_Framework_2022_2/src/lenet_conv.cpp:23]   --->   Operation 306 'read' 'gmem0_addr_read_1' <Predicate = (!icmp_ln53)> <Delay = 5.11> <CoreInst = "m_axi">   --->   Core 113 'm_axi' <Latency = 0> <II = 1> <Delay = 1.00> <Adapter> <Opcode : 'read' 'write' 'readreq' 'writereq' 'writeresp'>
ST_11 : Operation 307 [4/7] (5.11ns)   --->   "%empty_60 = readreq i1 @_ssdm_op_ReadReq.m_axi.p1i32, i32 %gmem0_addr_1, i32 5" [D:/lenet_project/handoff/LeNet_DSE_Framework_2022_2/LeNet_DSE_Framework_2022_2/src/lenet_conv.cpp:18]   --->   Operation 307 'readreq' 'empty_60' <Predicate = (!icmp_ln53)> <Delay = 5.11> <CoreInst = "m_axi">   --->   Core 113 'm_axi' <Latency = 0> <II = 1> <Delay = 1.00> <Adapter> <Opcode : 'read' 'write' 'readreq' 'writereq' 'writeresp'>
ST_11 : Operation 308 [1/1] (0.00ns)   --->   "%bitcast_ln36 = bitcast i32 %gmem1_addr_read" [D:/lenet_project/handoff/LeNet_DSE_Framework_2022_2/LeNet_DSE_Framework_2022_2/src/lenet_conv.cpp:36]   --->   Operation 308 'bitcast' 'bitcast_ln36' <Predicate = (!icmp_ln53)> <Delay = 0.00>
ST_11 : Operation 309 [5/5] (5.37ns)   --->   "%mul_i5_i = fmul i32 %window_0, i32 %bitcast_ln36" [D:/lenet_project/handoff/LeNet_DSE_Framework_2022_2/LeNet_DSE_Framework_2022_2/src/lenet_conv.cpp:36]   --->   Operation 309 'fmul' 'mul_i5_i' <Predicate = (!icmp_ln53)> <Delay = 5.37> <CoreInst = "FMul_maxdsp">   --->   Core 30 'FMul_maxdsp' <Latency = 4> <II = 1> <Delay = 4.35> <FuncUnit> <Opcode : 'fmul'> <InPorts = 2> <OutPorts = 1>
ST_11 : Operation 310 [1/1] (5.11ns)   --->   "%gmem1_addr_read_2 = read i32 @_ssdm_op_Read.m_axi.p1i32, i32 %gmem1_addr" [D:/lenet_project/handoff/LeNet_DSE_Framework_2022_2/LeNet_DSE_Framework_2022_2/src/lenet_conv.cpp:36]   --->   Operation 310 'read' 'gmem1_addr_read_2' <Predicate = (!icmp_ln53)> <Delay = 5.11> <CoreInst = "m_axi">   --->   Core 113 'm_axi' <Latency = 0> <II = 1> <Delay = 1.00> <Adapter> <Opcode : 'read' 'write' 'readreq' 'writereq' 'writeresp'>

State 12 <SV = 11> <Delay = 5.37>
ST_12 : Operation 311 [1/1] (0.00ns)   --->   "%window_1 = bitcast i32 %gmem0_addr_read_1" [D:/lenet_project/handoff/LeNet_DSE_Framework_2022_2/LeNet_DSE_Framework_2022_2/src/lenet_conv.cpp:23]   --->   Operation 311 'bitcast' 'window_1' <Predicate = (!icmp_ln53)> <Delay = 0.00>
ST_12 : Operation 312 [1/1] (5.11ns)   --->   "%gmem0_addr_read_2 = read i32 @_ssdm_op_Read.m_axi.p1i32, i32 %gmem0_addr" [D:/lenet_project/handoff/LeNet_DSE_Framework_2022_2/LeNet_DSE_Framework_2022_2/src/lenet_conv.cpp:23]   --->   Operation 312 'read' 'gmem0_addr_read_2' <Predicate = (!icmp_ln53)> <Delay = 5.11> <CoreInst = "m_axi">   --->   Core 113 'm_axi' <Latency = 0> <II = 1> <Delay = 1.00> <Adapter> <Opcode : 'read' 'write' 'readreq' 'writereq' 'writeresp'>
ST_12 : Operation 313 [3/7] (5.11ns)   --->   "%empty_60 = readreq i1 @_ssdm_op_ReadReq.m_axi.p1i32, i32 %gmem0_addr_1, i32 5" [D:/lenet_project/handoff/LeNet_DSE_Framework_2022_2/LeNet_DSE_Framework_2022_2/src/lenet_conv.cpp:18]   --->   Operation 313 'readreq' 'empty_60' <Predicate = (!icmp_ln53)> <Delay = 5.11> <CoreInst = "m_axi">   --->   Core 113 'm_axi' <Latency = 0> <II = 1> <Delay = 1.00> <Adapter> <Opcode : 'read' 'write' 'readreq' 'writereq' 'writeresp'>
ST_12 : Operation 314 [1/1] (0.00ns)   --->   "%tmp_18 = bitconcatenate i12 @_ssdm_op_BitConcatenate.i12.i5.i5.i2, i5 %add_ln53, i5 %select_ln53, i2 0" [D:/lenet_project/handoff/LeNet_DSE_Framework_2022_2/LeNet_DSE_Framework_2022_2/src/lenet_conv.cpp:53]   --->   Operation 314 'bitconcatenate' 'tmp_18' <Predicate = (!icmp_ln53)> <Delay = 0.00>
ST_12 : Operation 315 [1/1] (0.00ns)   --->   "%p_cast68 = zext i12 %tmp_18" [D:/lenet_project/handoff/LeNet_DSE_Framework_2022_2/LeNet_DSE_Framework_2022_2/src/lenet_conv.cpp:53]   --->   Operation 315 'zext' 'p_cast68' <Predicate = (!icmp_ln53)> <Delay = 0.00>
ST_12 : Operation 316 [1/1] (3.52ns)   --->   "%empty_61 = add i64 %p_cast68, i64 %feature_in_read" [D:/lenet_project/handoff/LeNet_DSE_Framework_2022_2/LeNet_DSE_Framework_2022_2/src/lenet_conv.cpp:53]   --->   Operation 316 'add' 'empty_61' <Predicate = (!icmp_ln53)> <Delay = 3.52> <CoreInst = "Adder">   --->   Core 1 'Adder' <Latency = 0> <II = 1> <Delay = 3.52> <FuncUnit> <Opcode : 'add' 'sub'> <InPorts = 2> <OutPorts = 1>
ST_12 : Operation 317 [1/1] (0.00ns)   --->   "%trunc_ln18_2 = partselect i62 @_ssdm_op_PartSelect.i62.i64.i32.i32, i64 %empty_61, i32 2, i32 63" [D:/lenet_project/handoff/LeNet_DSE_Framework_2022_2/LeNet_DSE_Framework_2022_2/src/lenet_conv.cpp:18]   --->   Operation 317 'partselect' 'trunc_ln18_2' <Predicate = (!icmp_ln53)> <Delay = 0.00>
ST_12 : Operation 318 [1/1] (0.00ns)   --->   "%sext_ln18_2 = sext i62 %trunc_ln18_2" [D:/lenet_project/handoff/LeNet_DSE_Framework_2022_2/LeNet_DSE_Framework_2022_2/src/lenet_conv.cpp:18]   --->   Operation 318 'sext' 'sext_ln18_2' <Predicate = (!icmp_ln53)> <Delay = 0.00>
ST_12 : Operation 319 [1/1] (0.00ns)   --->   "%gmem0_addr_2 = getelementptr i32 %gmem0, i64 %sext_ln18_2" [D:/lenet_project/handoff/LeNet_DSE_Framework_2022_2/LeNet_DSE_Framework_2022_2/src/lenet_conv.cpp:18]   --->   Operation 319 'getelementptr' 'gmem0_addr_2' <Predicate = (!icmp_ln53)> <Delay = 0.00>
ST_12 : Operation 320 [4/5] (4.35ns)   --->   "%mul_i5_i = fmul i32 %window_0, i32 %bitcast_ln36" [D:/lenet_project/handoff/LeNet_DSE_Framework_2022_2/LeNet_DSE_Framework_2022_2/src/lenet_conv.cpp:36]   --->   Operation 320 'fmul' 'mul_i5_i' <Predicate = (!icmp_ln53)> <Delay = 4.35> <CoreInst = "FMul_maxdsp">   --->   Core 30 'FMul_maxdsp' <Latency = 4> <II = 1> <Delay = 4.35> <FuncUnit> <Opcode : 'fmul'> <InPorts = 2> <OutPorts = 1>
ST_12 : Operation 321 [1/1] (0.00ns)   --->   "%bitcast_ln36_1 = bitcast i32 %gmem1_addr_read_1" [D:/lenet_project/handoff/LeNet_DSE_Framework_2022_2/LeNet_DSE_Framework_2022_2/src/lenet_conv.cpp:36]   --->   Operation 321 'bitcast' 'bitcast_ln36_1' <Predicate = (!icmp_ln53)> <Delay = 0.00>
ST_12 : Operation 322 [5/5] (5.37ns)   --->   "%mul_i5_i_1 = fmul i32 %window_1, i32 %bitcast_ln36_1" [D:/lenet_project/handoff/LeNet_DSE_Framework_2022_2/LeNet_DSE_Framework_2022_2/src/lenet_conv.cpp:36]   --->   Operation 322 'fmul' 'mul_i5_i_1' <Predicate = (!icmp_ln53)> <Delay = 5.37> <CoreInst = "FMul_maxdsp">   --->   Core 30 'FMul_maxdsp' <Latency = 4> <II = 1> <Delay = 4.35> <FuncUnit> <Opcode : 'fmul'> <InPorts = 2> <OutPorts = 1>
ST_12 : Operation 323 [1/1] (5.11ns)   --->   "%gmem1_addr_read_3 = read i32 @_ssdm_op_Read.m_axi.p1i32, i32 %gmem1_addr" [D:/lenet_project/handoff/LeNet_DSE_Framework_2022_2/LeNet_DSE_Framework_2022_2/src/lenet_conv.cpp:36]   --->   Operation 323 'read' 'gmem1_addr_read_3' <Predicate = (!icmp_ln53)> <Delay = 5.11> <CoreInst = "m_axi">   --->   Core 113 'm_axi' <Latency = 0> <II = 1> <Delay = 1.00> <Adapter> <Opcode : 'read' 'write' 'readreq' 'writereq' 'writeresp'>

State 13 <SV = 12> <Delay = 5.37>
ST_13 : Operation 324 [1/1] (0.00ns)   --->   "%window_2 = bitcast i32 %gmem0_addr_read_2" [D:/lenet_project/handoff/LeNet_DSE_Framework_2022_2/LeNet_DSE_Framework_2022_2/src/lenet_conv.cpp:23]   --->   Operation 324 'bitcast' 'window_2' <Predicate = (!icmp_ln53)> <Delay = 0.00>
ST_13 : Operation 325 [1/1] (5.11ns)   --->   "%gmem0_addr_read_3 = read i32 @_ssdm_op_Read.m_axi.p1i32, i32 %gmem0_addr" [D:/lenet_project/handoff/LeNet_DSE_Framework_2022_2/LeNet_DSE_Framework_2022_2/src/lenet_conv.cpp:23]   --->   Operation 325 'read' 'gmem0_addr_read_3' <Predicate = (!icmp_ln53)> <Delay = 5.11> <CoreInst = "m_axi">   --->   Core 113 'm_axi' <Latency = 0> <II = 1> <Delay = 1.00> <Adapter> <Opcode : 'read' 'write' 'readreq' 'writereq' 'writeresp'>
ST_13 : Operation 326 [2/7] (5.11ns)   --->   "%empty_60 = readreq i1 @_ssdm_op_ReadReq.m_axi.p1i32, i32 %gmem0_addr_1, i32 5" [D:/lenet_project/handoff/LeNet_DSE_Framework_2022_2/LeNet_DSE_Framework_2022_2/src/lenet_conv.cpp:18]   --->   Operation 326 'readreq' 'empty_60' <Predicate = (!icmp_ln53)> <Delay = 5.11> <CoreInst = "m_axi">   --->   Core 113 'm_axi' <Latency = 0> <II = 1> <Delay = 1.00> <Adapter> <Opcode : 'read' 'write' 'readreq' 'writereq' 'writeresp'>
ST_13 : Operation 327 [7/7] (5.11ns)   --->   "%empty_62 = readreq i1 @_ssdm_op_ReadReq.m_axi.p1i32, i32 %gmem0_addr_2, i32 5" [D:/lenet_project/handoff/LeNet_DSE_Framework_2022_2/LeNet_DSE_Framework_2022_2/src/lenet_conv.cpp:18]   --->   Operation 327 'readreq' 'empty_62' <Predicate = (!icmp_ln53)> <Delay = 5.11> <CoreInst = "m_axi">   --->   Core 113 'm_axi' <Latency = 0> <II = 1> <Delay = 1.00> <Adapter> <Opcode : 'read' 'write' 'readreq' 'writereq' 'writeresp'>
ST_13 : Operation 328 [3/5] (4.35ns)   --->   "%mul_i5_i = fmul i32 %window_0, i32 %bitcast_ln36" [D:/lenet_project/handoff/LeNet_DSE_Framework_2022_2/LeNet_DSE_Framework_2022_2/src/lenet_conv.cpp:36]   --->   Operation 328 'fmul' 'mul_i5_i' <Predicate = (!icmp_ln53)> <Delay = 4.35> <CoreInst = "FMul_maxdsp">   --->   Core 30 'FMul_maxdsp' <Latency = 4> <II = 1> <Delay = 4.35> <FuncUnit> <Opcode : 'fmul'> <InPorts = 2> <OutPorts = 1>
ST_13 : Operation 329 [4/5] (4.35ns)   --->   "%mul_i5_i_1 = fmul i32 %window_1, i32 %bitcast_ln36_1" [D:/lenet_project/handoff/LeNet_DSE_Framework_2022_2/LeNet_DSE_Framework_2022_2/src/lenet_conv.cpp:36]   --->   Operation 329 'fmul' 'mul_i5_i_1' <Predicate = (!icmp_ln53)> <Delay = 4.35> <CoreInst = "FMul_maxdsp">   --->   Core 30 'FMul_maxdsp' <Latency = 4> <II = 1> <Delay = 4.35> <FuncUnit> <Opcode : 'fmul'> <InPorts = 2> <OutPorts = 1>
ST_13 : Operation 330 [1/1] (0.00ns)   --->   "%bitcast_ln36_2 = bitcast i32 %gmem1_addr_read_2" [D:/lenet_project/handoff/LeNet_DSE_Framework_2022_2/LeNet_DSE_Framework_2022_2/src/lenet_conv.cpp:36]   --->   Operation 330 'bitcast' 'bitcast_ln36_2' <Predicate = (!icmp_ln53)> <Delay = 0.00>
ST_13 : Operation 331 [5/5] (5.37ns)   --->   "%mul_i5_i_2 = fmul i32 %window_2, i32 %bitcast_ln36_2" [D:/lenet_project/handoff/LeNet_DSE_Framework_2022_2/LeNet_DSE_Framework_2022_2/src/lenet_conv.cpp:36]   --->   Operation 331 'fmul' 'mul_i5_i_2' <Predicate = (!icmp_ln53)> <Delay = 5.37> <CoreInst = "FMul_maxdsp">   --->   Core 30 'FMul_maxdsp' <Latency = 4> <II = 1> <Delay = 4.35> <FuncUnit> <Opcode : 'fmul'> <InPorts = 2> <OutPorts = 1>
ST_13 : Operation 332 [1/1] (5.11ns)   --->   "%gmem1_addr_read_4 = read i32 @_ssdm_op_Read.m_axi.p1i32, i32 %gmem1_addr" [D:/lenet_project/handoff/LeNet_DSE_Framework_2022_2/LeNet_DSE_Framework_2022_2/src/lenet_conv.cpp:36]   --->   Operation 332 'read' 'gmem1_addr_read_4' <Predicate = (!icmp_ln53)> <Delay = 5.11> <CoreInst = "m_axi">   --->   Core 113 'm_axi' <Latency = 0> <II = 1> <Delay = 1.00> <Adapter> <Opcode : 'read' 'write' 'readreq' 'writereq' 'writeresp'>

State 14 <SV = 13> <Delay = 5.37>
ST_14 : Operation 333 [1/1] (0.00ns)   --->   "%window_3 = bitcast i32 %gmem0_addr_read_3" [D:/lenet_project/handoff/LeNet_DSE_Framework_2022_2/LeNet_DSE_Framework_2022_2/src/lenet_conv.cpp:23]   --->   Operation 333 'bitcast' 'window_3' <Predicate = (!icmp_ln53)> <Delay = 0.00>
ST_14 : Operation 334 [1/1] (5.11ns)   --->   "%gmem0_addr_read_4 = read i32 @_ssdm_op_Read.m_axi.p1i32, i32 %gmem0_addr" [D:/lenet_project/handoff/LeNet_DSE_Framework_2022_2/LeNet_DSE_Framework_2022_2/src/lenet_conv.cpp:23]   --->   Operation 334 'read' 'gmem0_addr_read_4' <Predicate = (!icmp_ln53)> <Delay = 5.11> <CoreInst = "m_axi">   --->   Core 113 'm_axi' <Latency = 0> <II = 1> <Delay = 1.00> <Adapter> <Opcode : 'read' 'write' 'readreq' 'writereq' 'writeresp'>
ST_14 : Operation 335 [1/7] (5.11ns)   --->   "%empty_60 = readreq i1 @_ssdm_op_ReadReq.m_axi.p1i32, i32 %gmem0_addr_1, i32 5" [D:/lenet_project/handoff/LeNet_DSE_Framework_2022_2/LeNet_DSE_Framework_2022_2/src/lenet_conv.cpp:18]   --->   Operation 335 'readreq' 'empty_60' <Predicate = (!icmp_ln53)> <Delay = 5.11> <CoreInst = "m_axi">   --->   Core 113 'm_axi' <Latency = 0> <II = 1> <Delay = 1.00> <Adapter> <Opcode : 'read' 'write' 'readreq' 'writereq' 'writeresp'>
ST_14 : Operation 336 [6/7] (5.11ns)   --->   "%empty_62 = readreq i1 @_ssdm_op_ReadReq.m_axi.p1i32, i32 %gmem0_addr_2, i32 5" [D:/lenet_project/handoff/LeNet_DSE_Framework_2022_2/LeNet_DSE_Framework_2022_2/src/lenet_conv.cpp:18]   --->   Operation 336 'readreq' 'empty_62' <Predicate = (!icmp_ln53)> <Delay = 5.11> <CoreInst = "m_axi">   --->   Core 113 'm_axi' <Latency = 0> <II = 1> <Delay = 1.00> <Adapter> <Opcode : 'read' 'write' 'readreq' 'writereq' 'writeresp'>
ST_14 : Operation 337 [2/5] (4.35ns)   --->   "%mul_i5_i = fmul i32 %window_0, i32 %bitcast_ln36" [D:/lenet_project/handoff/LeNet_DSE_Framework_2022_2/LeNet_DSE_Framework_2022_2/src/lenet_conv.cpp:36]   --->   Operation 337 'fmul' 'mul_i5_i' <Predicate = (!icmp_ln53)> <Delay = 4.35> <CoreInst = "FMul_maxdsp">   --->   Core 30 'FMul_maxdsp' <Latency = 4> <II = 1> <Delay = 4.35> <FuncUnit> <Opcode : 'fmul'> <InPorts = 2> <OutPorts = 1>
ST_14 : Operation 338 [3/5] (4.35ns)   --->   "%mul_i5_i_1 = fmul i32 %window_1, i32 %bitcast_ln36_1" [D:/lenet_project/handoff/LeNet_DSE_Framework_2022_2/LeNet_DSE_Framework_2022_2/src/lenet_conv.cpp:36]   --->   Operation 338 'fmul' 'mul_i5_i_1' <Predicate = (!icmp_ln53)> <Delay = 4.35> <CoreInst = "FMul_maxdsp">   --->   Core 30 'FMul_maxdsp' <Latency = 4> <II = 1> <Delay = 4.35> <FuncUnit> <Opcode : 'fmul'> <InPorts = 2> <OutPorts = 1>
ST_14 : Operation 339 [4/5] (4.35ns)   --->   "%mul_i5_i_2 = fmul i32 %window_2, i32 %bitcast_ln36_2" [D:/lenet_project/handoff/LeNet_DSE_Framework_2022_2/LeNet_DSE_Framework_2022_2/src/lenet_conv.cpp:36]   --->   Operation 339 'fmul' 'mul_i5_i_2' <Predicate = (!icmp_ln53)> <Delay = 4.35> <CoreInst = "FMul_maxdsp">   --->   Core 30 'FMul_maxdsp' <Latency = 4> <II = 1> <Delay = 4.35> <FuncUnit> <Opcode : 'fmul'> <InPorts = 2> <OutPorts = 1>
ST_14 : Operation 340 [1/1] (0.00ns)   --->   "%bitcast_ln36_3 = bitcast i32 %gmem1_addr_read_3" [D:/lenet_project/handoff/LeNet_DSE_Framework_2022_2/LeNet_DSE_Framework_2022_2/src/lenet_conv.cpp:36]   --->   Operation 340 'bitcast' 'bitcast_ln36_3' <Predicate = (!icmp_ln53)> <Delay = 0.00>
ST_14 : Operation 341 [5/5] (5.37ns)   --->   "%mul_i5_i_3 = fmul i32 %window_3, i32 %bitcast_ln36_3" [D:/lenet_project/handoff/LeNet_DSE_Framework_2022_2/LeNet_DSE_Framework_2022_2/src/lenet_conv.cpp:36]   --->   Operation 341 'fmul' 'mul_i5_i_3' <Predicate = (!icmp_ln53)> <Delay = 5.37> <CoreInst = "FMul_maxdsp">   --->   Core 30 'FMul_maxdsp' <Latency = 4> <II = 1> <Delay = 4.35> <FuncUnit> <Opcode : 'fmul'> <InPorts = 2> <OutPorts = 1>
ST_14 : Operation 342 [1/1] (5.11ns)   --->   "%gmem1_addr_read_5 = read i32 @_ssdm_op_Read.m_axi.p1i32, i32 %gmem1_addr" [D:/lenet_project/handoff/LeNet_DSE_Framework_2022_2/LeNet_DSE_Framework_2022_2/src/lenet_conv.cpp:36]   --->   Operation 342 'read' 'gmem1_addr_read_5' <Predicate = (!icmp_ln53)> <Delay = 5.11> <CoreInst = "m_axi">   --->   Core 113 'm_axi' <Latency = 0> <II = 1> <Delay = 1.00> <Adapter> <Opcode : 'read' 'write' 'readreq' 'writereq' 'writeresp'>

State 15 <SV = 14> <Delay = 5.37>
ST_15 : Operation 343 [1/1] (0.00ns)   --->   "%window_4 = bitcast i32 %gmem0_addr_read_4" [D:/lenet_project/handoff/LeNet_DSE_Framework_2022_2/LeNet_DSE_Framework_2022_2/src/lenet_conv.cpp:23]   --->   Operation 343 'bitcast' 'window_4' <Predicate = (!icmp_ln53)> <Delay = 0.00>
ST_15 : Operation 344 [1/1] (5.11ns)   --->   "%gmem0_addr_1_read = read i32 @_ssdm_op_Read.m_axi.p1i32, i32 %gmem0_addr_1" [D:/lenet_project/handoff/LeNet_DSE_Framework_2022_2/LeNet_DSE_Framework_2022_2/src/lenet_conv.cpp:23]   --->   Operation 344 'read' 'gmem0_addr_1_read' <Predicate = (!icmp_ln53)> <Delay = 5.11> <CoreInst = "m_axi">   --->   Core 113 'm_axi' <Latency = 0> <II = 1> <Delay = 1.00> <Adapter> <Opcode : 'read' 'write' 'readreq' 'writereq' 'writeresp'>
ST_15 : Operation 345 [5/7] (5.11ns)   --->   "%empty_62 = readreq i1 @_ssdm_op_ReadReq.m_axi.p1i32, i32 %gmem0_addr_2, i32 5" [D:/lenet_project/handoff/LeNet_DSE_Framework_2022_2/LeNet_DSE_Framework_2022_2/src/lenet_conv.cpp:18]   --->   Operation 345 'readreq' 'empty_62' <Predicate = (!icmp_ln53)> <Delay = 5.11> <CoreInst = "m_axi">   --->   Core 113 'm_axi' <Latency = 0> <II = 1> <Delay = 1.00> <Adapter> <Opcode : 'read' 'write' 'readreq' 'writereq' 'writeresp'>
ST_15 : Operation 346 [1/5] (4.35ns)   --->   "%mul_i5_i = fmul i32 %window_0, i32 %bitcast_ln36" [D:/lenet_project/handoff/LeNet_DSE_Framework_2022_2/LeNet_DSE_Framework_2022_2/src/lenet_conv.cpp:36]   --->   Operation 346 'fmul' 'mul_i5_i' <Predicate = (!icmp_ln53)> <Delay = 4.35> <CoreInst = "FMul_maxdsp">   --->   Core 30 'FMul_maxdsp' <Latency = 4> <II = 1> <Delay = 4.35> <FuncUnit> <Opcode : 'fmul'> <InPorts = 2> <OutPorts = 1>
ST_15 : Operation 347 [2/5] (4.35ns)   --->   "%mul_i5_i_1 = fmul i32 %window_1, i32 %bitcast_ln36_1" [D:/lenet_project/handoff/LeNet_DSE_Framework_2022_2/LeNet_DSE_Framework_2022_2/src/lenet_conv.cpp:36]   --->   Operation 347 'fmul' 'mul_i5_i_1' <Predicate = (!icmp_ln53)> <Delay = 4.35> <CoreInst = "FMul_maxdsp">   --->   Core 30 'FMul_maxdsp' <Latency = 4> <II = 1> <Delay = 4.35> <FuncUnit> <Opcode : 'fmul'> <InPorts = 2> <OutPorts = 1>
ST_15 : Operation 348 [3/5] (4.35ns)   --->   "%mul_i5_i_2 = fmul i32 %window_2, i32 %bitcast_ln36_2" [D:/lenet_project/handoff/LeNet_DSE_Framework_2022_2/LeNet_DSE_Framework_2022_2/src/lenet_conv.cpp:36]   --->   Operation 348 'fmul' 'mul_i5_i_2' <Predicate = (!icmp_ln53)> <Delay = 4.35> <CoreInst = "FMul_maxdsp">   --->   Core 30 'FMul_maxdsp' <Latency = 4> <II = 1> <Delay = 4.35> <FuncUnit> <Opcode : 'fmul'> <InPorts = 2> <OutPorts = 1>
ST_15 : Operation 349 [4/5] (4.35ns)   --->   "%mul_i5_i_3 = fmul i32 %window_3, i32 %bitcast_ln36_3" [D:/lenet_project/handoff/LeNet_DSE_Framework_2022_2/LeNet_DSE_Framework_2022_2/src/lenet_conv.cpp:36]   --->   Operation 349 'fmul' 'mul_i5_i_3' <Predicate = (!icmp_ln53)> <Delay = 4.35> <CoreInst = "FMul_maxdsp">   --->   Core 30 'FMul_maxdsp' <Latency = 4> <II = 1> <Delay = 4.35> <FuncUnit> <Opcode : 'fmul'> <InPorts = 2> <OutPorts = 1>
ST_15 : Operation 350 [1/1] (0.00ns)   --->   "%bitcast_ln36_4 = bitcast i32 %gmem1_addr_read_4" [D:/lenet_project/handoff/LeNet_DSE_Framework_2022_2/LeNet_DSE_Framework_2022_2/src/lenet_conv.cpp:36]   --->   Operation 350 'bitcast' 'bitcast_ln36_4' <Predicate = (!icmp_ln53)> <Delay = 0.00>
ST_15 : Operation 351 [5/5] (5.37ns)   --->   "%mul_i5_i_4 = fmul i32 %window_4, i32 %bitcast_ln36_4" [D:/lenet_project/handoff/LeNet_DSE_Framework_2022_2/LeNet_DSE_Framework_2022_2/src/lenet_conv.cpp:36]   --->   Operation 351 'fmul' 'mul_i5_i_4' <Predicate = (!icmp_ln53)> <Delay = 5.37> <CoreInst = "FMul_maxdsp">   --->   Core 30 'FMul_maxdsp' <Latency = 4> <II = 1> <Delay = 4.35> <FuncUnit> <Opcode : 'fmul'> <InPorts = 2> <OutPorts = 1>
ST_15 : Operation 352 [1/1] (5.11ns)   --->   "%gmem1_addr_read_6 = read i32 @_ssdm_op_Read.m_axi.p1i32, i32 %gmem1_addr" [D:/lenet_project/handoff/LeNet_DSE_Framework_2022_2/LeNet_DSE_Framework_2022_2/src/lenet_conv.cpp:36]   --->   Operation 352 'read' 'gmem1_addr_read_6' <Predicate = (!icmp_ln53)> <Delay = 5.11> <CoreInst = "m_axi">   --->   Core 113 'm_axi' <Latency = 0> <II = 1> <Delay = 1.00> <Adapter> <Opcode : 'read' 'write' 'readreq' 'writereq' 'writeresp'>

State 16 <SV = 15> <Delay = 5.37>
ST_16 : Operation 353 [1/1] (0.00ns) (grouped into LUT with out node add_ln53_1)   --->   "%select_ln53_4 = select i1 %icmp_ln55, i5 4, i5 3" [D:/lenet_project/handoff/LeNet_DSE_Framework_2022_2/LeNet_DSE_Framework_2022_2/src/lenet_conv.cpp:53]   --->   Operation 353 'select' 'select_ln53_4' <Predicate = (!icmp_ln53)> <Delay = 0.00> <CoreInst = "Sel">   --->   Core 73 'Sel' <Latency = 0> <II = 1> <Delay = 1.02> <FuncUnit> <Opcode : 'select'> <InPorts = 3> <OutPorts = 1>
ST_16 : Operation 354 [1/1] (1.78ns) (out node of the LUT)   --->   "%add_ln53_1 = add i5 %output_row_2, i5 %select_ln53_4" [D:/lenet_project/handoff/LeNet_DSE_Framework_2022_2/LeNet_DSE_Framework_2022_2/src/lenet_conv.cpp:53]   --->   Operation 354 'add' 'add_ln53_1' <Predicate = (!icmp_ln53)> <Delay = 1.78> <CoreInst = "Adder">   --->   Core 1 'Adder' <Latency = 0> <II = 1> <Delay = 1.78> <FuncUnit> <Opcode : 'add' 'sub'> <InPorts = 2> <OutPorts = 1>
ST_16 : Operation 355 [1/1] (0.00ns)   --->   "%window_5 = bitcast i32 %gmem0_addr_1_read" [D:/lenet_project/handoff/LeNet_DSE_Framework_2022_2/LeNet_DSE_Framework_2022_2/src/lenet_conv.cpp:23]   --->   Operation 355 'bitcast' 'window_5' <Predicate = (!icmp_ln53)> <Delay = 0.00>
ST_16 : Operation 356 [1/1] (5.11ns)   --->   "%gmem0_addr_1_read_1 = read i32 @_ssdm_op_Read.m_axi.p1i32, i32 %gmem0_addr_1" [D:/lenet_project/handoff/LeNet_DSE_Framework_2022_2/LeNet_DSE_Framework_2022_2/src/lenet_conv.cpp:23]   --->   Operation 356 'read' 'gmem0_addr_1_read_1' <Predicate = (!icmp_ln53)> <Delay = 5.11> <CoreInst = "m_axi">   --->   Core 113 'm_axi' <Latency = 0> <II = 1> <Delay = 1.00> <Adapter> <Opcode : 'read' 'write' 'readreq' 'writereq' 'writeresp'>
ST_16 : Operation 357 [4/7] (5.11ns)   --->   "%empty_62 = readreq i1 @_ssdm_op_ReadReq.m_axi.p1i32, i32 %gmem0_addr_2, i32 5" [D:/lenet_project/handoff/LeNet_DSE_Framework_2022_2/LeNet_DSE_Framework_2022_2/src/lenet_conv.cpp:18]   --->   Operation 357 'readreq' 'empty_62' <Predicate = (!icmp_ln53)> <Delay = 5.11> <CoreInst = "m_axi">   --->   Core 113 'm_axi' <Latency = 0> <II = 1> <Delay = 1.00> <Adapter> <Opcode : 'read' 'write' 'readreq' 'writereq' 'writeresp'>
ST_16 : Operation 358 [9/9] (5.37ns)   --->   "%accumulator_assign_s = fadd i32 %accumulator_2_read, i32 %mul_i5_i" [D:/lenet_project/handoff/LeNet_DSE_Framework_2022_2/LeNet_DSE_Framework_2022_2/src/lenet_conv.cpp:36]   --->   Operation 358 'fadd' 'accumulator_assign_s' <Predicate = (!icmp_ln53)> <Delay = 5.37> <CoreInst = "FAddSub_fulldsp">   --->   Core 18 'FAddSub_fulldsp' <Latency = 8> <II = 1> <Delay = 4.34> <FuncUnit> <Opcode : 'fadd' 'fsub'> <InPorts = 2> <OutPorts = 1>
ST_16 : Operation 359 [1/5] (4.35ns)   --->   "%mul_i5_i_1 = fmul i32 %window_1, i32 %bitcast_ln36_1" [D:/lenet_project/handoff/LeNet_DSE_Framework_2022_2/LeNet_DSE_Framework_2022_2/src/lenet_conv.cpp:36]   --->   Operation 359 'fmul' 'mul_i5_i_1' <Predicate = (!icmp_ln53)> <Delay = 4.35> <CoreInst = "FMul_maxdsp">   --->   Core 30 'FMul_maxdsp' <Latency = 4> <II = 1> <Delay = 4.35> <FuncUnit> <Opcode : 'fmul'> <InPorts = 2> <OutPorts = 1>
ST_16 : Operation 360 [2/5] (4.35ns)   --->   "%mul_i5_i_2 = fmul i32 %window_2, i32 %bitcast_ln36_2" [D:/lenet_project/handoff/LeNet_DSE_Framework_2022_2/LeNet_DSE_Framework_2022_2/src/lenet_conv.cpp:36]   --->   Operation 360 'fmul' 'mul_i5_i_2' <Predicate = (!icmp_ln53)> <Delay = 4.35> <CoreInst = "FMul_maxdsp">   --->   Core 30 'FMul_maxdsp' <Latency = 4> <II = 1> <Delay = 4.35> <FuncUnit> <Opcode : 'fmul'> <InPorts = 2> <OutPorts = 1>
ST_16 : Operation 361 [3/5] (4.35ns)   --->   "%mul_i5_i_3 = fmul i32 %window_3, i32 %bitcast_ln36_3" [D:/lenet_project/handoff/LeNet_DSE_Framework_2022_2/LeNet_DSE_Framework_2022_2/src/lenet_conv.cpp:36]   --->   Operation 361 'fmul' 'mul_i5_i_3' <Predicate = (!icmp_ln53)> <Delay = 4.35> <CoreInst = "FMul_maxdsp">   --->   Core 30 'FMul_maxdsp' <Latency = 4> <II = 1> <Delay = 4.35> <FuncUnit> <Opcode : 'fmul'> <InPorts = 2> <OutPorts = 1>
ST_16 : Operation 362 [4/5] (4.35ns)   --->   "%mul_i5_i_4 = fmul i32 %window_4, i32 %bitcast_ln36_4" [D:/lenet_project/handoff/LeNet_DSE_Framework_2022_2/LeNet_DSE_Framework_2022_2/src/lenet_conv.cpp:36]   --->   Operation 362 'fmul' 'mul_i5_i_4' <Predicate = (!icmp_ln53)> <Delay = 4.35> <CoreInst = "FMul_maxdsp">   --->   Core 30 'FMul_maxdsp' <Latency = 4> <II = 1> <Delay = 4.35> <FuncUnit> <Opcode : 'fmul'> <InPorts = 2> <OutPorts = 1>
ST_16 : Operation 363 [1/1] (0.00ns)   --->   "%bitcast_ln36_5 = bitcast i32 %gmem1_addr_read_5" [D:/lenet_project/handoff/LeNet_DSE_Framework_2022_2/LeNet_DSE_Framework_2022_2/src/lenet_conv.cpp:36]   --->   Operation 363 'bitcast' 'bitcast_ln36_5' <Predicate = (!icmp_ln53)> <Delay = 0.00>
ST_16 : Operation 364 [5/5] (5.37ns)   --->   "%mul_i5_i_5 = fmul i32 %window_5, i32 %bitcast_ln36_5" [D:/lenet_project/handoff/LeNet_DSE_Framework_2022_2/LeNet_DSE_Framework_2022_2/src/lenet_conv.cpp:36]   --->   Operation 364 'fmul' 'mul_i5_i_5' <Predicate = (!icmp_ln53)> <Delay = 5.37> <CoreInst = "FMul_maxdsp">   --->   Core 30 'FMul_maxdsp' <Latency = 4> <II = 1> <Delay = 4.35> <FuncUnit> <Opcode : 'fmul'> <InPorts = 2> <OutPorts = 1>
ST_16 : Operation 365 [1/1] (5.11ns)   --->   "%gmem1_addr_read_7 = read i32 @_ssdm_op_Read.m_axi.p1i32, i32 %gmem1_addr" [D:/lenet_project/handoff/LeNet_DSE_Framework_2022_2/LeNet_DSE_Framework_2022_2/src/lenet_conv.cpp:36]   --->   Operation 365 'read' 'gmem1_addr_read_7' <Predicate = (!icmp_ln53)> <Delay = 5.11> <CoreInst = "m_axi">   --->   Core 113 'm_axi' <Latency = 0> <II = 1> <Delay = 1.00> <Adapter> <Opcode : 'read' 'write' 'readreq' 'writereq' 'writeresp'>

State 17 <SV = 16> <Delay = 5.37>
ST_17 : Operation 366 [1/1] (0.00ns)   --->   "%window_6 = bitcast i32 %gmem0_addr_1_read_1" [D:/lenet_project/handoff/LeNet_DSE_Framework_2022_2/LeNet_DSE_Framework_2022_2/src/lenet_conv.cpp:23]   --->   Operation 366 'bitcast' 'window_6' <Predicate = (!icmp_ln53)> <Delay = 0.00>
ST_17 : Operation 367 [1/1] (5.11ns)   --->   "%gmem0_addr_1_read_2 = read i32 @_ssdm_op_Read.m_axi.p1i32, i32 %gmem0_addr_1" [D:/lenet_project/handoff/LeNet_DSE_Framework_2022_2/LeNet_DSE_Framework_2022_2/src/lenet_conv.cpp:23]   --->   Operation 367 'read' 'gmem0_addr_1_read_2' <Predicate = (!icmp_ln53)> <Delay = 5.11> <CoreInst = "m_axi">   --->   Core 113 'm_axi' <Latency = 0> <II = 1> <Delay = 1.00> <Adapter> <Opcode : 'read' 'write' 'readreq' 'writereq' 'writeresp'>
ST_17 : Operation 368 [3/7] (5.11ns)   --->   "%empty_62 = readreq i1 @_ssdm_op_ReadReq.m_axi.p1i32, i32 %gmem0_addr_2, i32 5" [D:/lenet_project/handoff/LeNet_DSE_Framework_2022_2/LeNet_DSE_Framework_2022_2/src/lenet_conv.cpp:18]   --->   Operation 368 'readreq' 'empty_62' <Predicate = (!icmp_ln53)> <Delay = 5.11> <CoreInst = "m_axi">   --->   Core 113 'm_axi' <Latency = 0> <II = 1> <Delay = 1.00> <Adapter> <Opcode : 'read' 'write' 'readreq' 'writereq' 'writeresp'>
ST_17 : Operation 369 [1/1] (0.00ns)   --->   "%tmp_19 = bitconcatenate i12 @_ssdm_op_BitConcatenate.i12.i5.i5.i2, i5 %add_ln53_1, i5 %select_ln53, i2 0" [D:/lenet_project/handoff/LeNet_DSE_Framework_2022_2/LeNet_DSE_Framework_2022_2/src/lenet_conv.cpp:53]   --->   Operation 369 'bitconcatenate' 'tmp_19' <Predicate = (!icmp_ln53)> <Delay = 0.00>
ST_17 : Operation 370 [1/1] (0.00ns)   --->   "%p_cast69 = zext i12 %tmp_19" [D:/lenet_project/handoff/LeNet_DSE_Framework_2022_2/LeNet_DSE_Framework_2022_2/src/lenet_conv.cpp:53]   --->   Operation 370 'zext' 'p_cast69' <Predicate = (!icmp_ln53)> <Delay = 0.00>
ST_17 : Operation 371 [1/1] (3.52ns)   --->   "%empty_63 = add i64 %p_cast69, i64 %feature_in_read" [D:/lenet_project/handoff/LeNet_DSE_Framework_2022_2/LeNet_DSE_Framework_2022_2/src/lenet_conv.cpp:53]   --->   Operation 371 'add' 'empty_63' <Predicate = (!icmp_ln53)> <Delay = 3.52> <CoreInst = "Adder">   --->   Core 1 'Adder' <Latency = 0> <II = 1> <Delay = 3.52> <FuncUnit> <Opcode : 'add' 'sub'> <InPorts = 2> <OutPorts = 1>
ST_17 : Operation 372 [1/1] (0.00ns)   --->   "%trunc_ln18_3 = partselect i62 @_ssdm_op_PartSelect.i62.i64.i32.i32, i64 %empty_63, i32 2, i32 63" [D:/lenet_project/handoff/LeNet_DSE_Framework_2022_2/LeNet_DSE_Framework_2022_2/src/lenet_conv.cpp:18]   --->   Operation 372 'partselect' 'trunc_ln18_3' <Predicate = (!icmp_ln53)> <Delay = 0.00>
ST_17 : Operation 373 [1/1] (0.00ns)   --->   "%sext_ln18_3 = sext i62 %trunc_ln18_3" [D:/lenet_project/handoff/LeNet_DSE_Framework_2022_2/LeNet_DSE_Framework_2022_2/src/lenet_conv.cpp:18]   --->   Operation 373 'sext' 'sext_ln18_3' <Predicate = (!icmp_ln53)> <Delay = 0.00>
ST_17 : Operation 374 [1/1] (0.00ns)   --->   "%gmem0_addr_3 = getelementptr i32 %gmem0, i64 %sext_ln18_3" [D:/lenet_project/handoff/LeNet_DSE_Framework_2022_2/LeNet_DSE_Framework_2022_2/src/lenet_conv.cpp:18]   --->   Operation 374 'getelementptr' 'gmem0_addr_3' <Predicate = (!icmp_ln53)> <Delay = 0.00>
ST_17 : Operation 375 [8/9] (4.34ns)   --->   "%accumulator_assign_s = fadd i32 %accumulator_2_read, i32 %mul_i5_i" [D:/lenet_project/handoff/LeNet_DSE_Framework_2022_2/LeNet_DSE_Framework_2022_2/src/lenet_conv.cpp:36]   --->   Operation 375 'fadd' 'accumulator_assign_s' <Predicate = (!icmp_ln53)> <Delay = 4.34> <CoreInst = "FAddSub_fulldsp">   --->   Core 18 'FAddSub_fulldsp' <Latency = 8> <II = 1> <Delay = 4.34> <FuncUnit> <Opcode : 'fadd' 'fsub'> <InPorts = 2> <OutPorts = 1>
ST_17 : Operation 376 [1/5] (4.35ns)   --->   "%mul_i5_i_2 = fmul i32 %window_2, i32 %bitcast_ln36_2" [D:/lenet_project/handoff/LeNet_DSE_Framework_2022_2/LeNet_DSE_Framework_2022_2/src/lenet_conv.cpp:36]   --->   Operation 376 'fmul' 'mul_i5_i_2' <Predicate = (!icmp_ln53)> <Delay = 4.35> <CoreInst = "FMul_maxdsp">   --->   Core 30 'FMul_maxdsp' <Latency = 4> <II = 1> <Delay = 4.35> <FuncUnit> <Opcode : 'fmul'> <InPorts = 2> <OutPorts = 1>
ST_17 : Operation 377 [2/5] (4.35ns)   --->   "%mul_i5_i_3 = fmul i32 %window_3, i32 %bitcast_ln36_3" [D:/lenet_project/handoff/LeNet_DSE_Framework_2022_2/LeNet_DSE_Framework_2022_2/src/lenet_conv.cpp:36]   --->   Operation 377 'fmul' 'mul_i5_i_3' <Predicate = (!icmp_ln53)> <Delay = 4.35> <CoreInst = "FMul_maxdsp">   --->   Core 30 'FMul_maxdsp' <Latency = 4> <II = 1> <Delay = 4.35> <FuncUnit> <Opcode : 'fmul'> <InPorts = 2> <OutPorts = 1>
ST_17 : Operation 378 [3/5] (4.35ns)   --->   "%mul_i5_i_4 = fmul i32 %window_4, i32 %bitcast_ln36_4" [D:/lenet_project/handoff/LeNet_DSE_Framework_2022_2/LeNet_DSE_Framework_2022_2/src/lenet_conv.cpp:36]   --->   Operation 378 'fmul' 'mul_i5_i_4' <Predicate = (!icmp_ln53)> <Delay = 4.35> <CoreInst = "FMul_maxdsp">   --->   Core 30 'FMul_maxdsp' <Latency = 4> <II = 1> <Delay = 4.35> <FuncUnit> <Opcode : 'fmul'> <InPorts = 2> <OutPorts = 1>
ST_17 : Operation 379 [4/5] (4.35ns)   --->   "%mul_i5_i_5 = fmul i32 %window_5, i32 %bitcast_ln36_5" [D:/lenet_project/handoff/LeNet_DSE_Framework_2022_2/LeNet_DSE_Framework_2022_2/src/lenet_conv.cpp:36]   --->   Operation 379 'fmul' 'mul_i5_i_5' <Predicate = (!icmp_ln53)> <Delay = 4.35> <CoreInst = "FMul_maxdsp">   --->   Core 30 'FMul_maxdsp' <Latency = 4> <II = 1> <Delay = 4.35> <FuncUnit> <Opcode : 'fmul'> <InPorts = 2> <OutPorts = 1>
ST_17 : Operation 380 [1/1] (0.00ns)   --->   "%bitcast_ln36_6 = bitcast i32 %gmem1_addr_read_6" [D:/lenet_project/handoff/LeNet_DSE_Framework_2022_2/LeNet_DSE_Framework_2022_2/src/lenet_conv.cpp:36]   --->   Operation 380 'bitcast' 'bitcast_ln36_6' <Predicate = (!icmp_ln53)> <Delay = 0.00>
ST_17 : Operation 381 [5/5] (5.37ns)   --->   "%mul_i5_i_6 = fmul i32 %window_6, i32 %bitcast_ln36_6" [D:/lenet_project/handoff/LeNet_DSE_Framework_2022_2/LeNet_DSE_Framework_2022_2/src/lenet_conv.cpp:36]   --->   Operation 381 'fmul' 'mul_i5_i_6' <Predicate = (!icmp_ln53)> <Delay = 5.37> <CoreInst = "FMul_maxdsp">   --->   Core 30 'FMul_maxdsp' <Latency = 4> <II = 1> <Delay = 4.35> <FuncUnit> <Opcode : 'fmul'> <InPorts = 2> <OutPorts = 1>
ST_17 : Operation 382 [1/1] (5.11ns)   --->   "%gmem1_addr_read_8 = read i32 @_ssdm_op_Read.m_axi.p1i32, i32 %gmem1_addr" [D:/lenet_project/handoff/LeNet_DSE_Framework_2022_2/LeNet_DSE_Framework_2022_2/src/lenet_conv.cpp:36]   --->   Operation 382 'read' 'gmem1_addr_read_8' <Predicate = (!icmp_ln53)> <Delay = 5.11> <CoreInst = "m_axi">   --->   Core 113 'm_axi' <Latency = 0> <II = 1> <Delay = 1.00> <Adapter> <Opcode : 'read' 'write' 'readreq' 'writereq' 'writeresp'>

State 18 <SV = 17> <Delay = 5.37>
ST_18 : Operation 383 [1/1] (0.00ns)   --->   "%window_7 = bitcast i32 %gmem0_addr_1_read_2" [D:/lenet_project/handoff/LeNet_DSE_Framework_2022_2/LeNet_DSE_Framework_2022_2/src/lenet_conv.cpp:23]   --->   Operation 383 'bitcast' 'window_7' <Predicate = (!icmp_ln53)> <Delay = 0.00>
ST_18 : Operation 384 [1/1] (5.11ns)   --->   "%gmem0_addr_1_read_3 = read i32 @_ssdm_op_Read.m_axi.p1i32, i32 %gmem0_addr_1" [D:/lenet_project/handoff/LeNet_DSE_Framework_2022_2/LeNet_DSE_Framework_2022_2/src/lenet_conv.cpp:23]   --->   Operation 384 'read' 'gmem0_addr_1_read_3' <Predicate = (!icmp_ln53)> <Delay = 5.11> <CoreInst = "m_axi">   --->   Core 113 'm_axi' <Latency = 0> <II = 1> <Delay = 1.00> <Adapter> <Opcode : 'read' 'write' 'readreq' 'writereq' 'writeresp'>
ST_18 : Operation 385 [2/7] (5.11ns)   --->   "%empty_62 = readreq i1 @_ssdm_op_ReadReq.m_axi.p1i32, i32 %gmem0_addr_2, i32 5" [D:/lenet_project/handoff/LeNet_DSE_Framework_2022_2/LeNet_DSE_Framework_2022_2/src/lenet_conv.cpp:18]   --->   Operation 385 'readreq' 'empty_62' <Predicate = (!icmp_ln53)> <Delay = 5.11> <CoreInst = "m_axi">   --->   Core 113 'm_axi' <Latency = 0> <II = 1> <Delay = 1.00> <Adapter> <Opcode : 'read' 'write' 'readreq' 'writereq' 'writeresp'>
ST_18 : Operation 386 [7/7] (5.11ns)   --->   "%empty_64 = readreq i1 @_ssdm_op_ReadReq.m_axi.p1i32, i32 %gmem0_addr_3, i32 5" [D:/lenet_project/handoff/LeNet_DSE_Framework_2022_2/LeNet_DSE_Framework_2022_2/src/lenet_conv.cpp:18]   --->   Operation 386 'readreq' 'empty_64' <Predicate = (!icmp_ln53)> <Delay = 5.11> <CoreInst = "m_axi">   --->   Core 113 'm_axi' <Latency = 0> <II = 1> <Delay = 1.00> <Adapter> <Opcode : 'read' 'write' 'readreq' 'writereq' 'writeresp'>
ST_18 : Operation 387 [7/9] (4.34ns)   --->   "%accumulator_assign_s = fadd i32 %accumulator_2_read, i32 %mul_i5_i" [D:/lenet_project/handoff/LeNet_DSE_Framework_2022_2/LeNet_DSE_Framework_2022_2/src/lenet_conv.cpp:36]   --->   Operation 387 'fadd' 'accumulator_assign_s' <Predicate = (!icmp_ln53)> <Delay = 4.34> <CoreInst = "FAddSub_fulldsp">   --->   Core 18 'FAddSub_fulldsp' <Latency = 8> <II = 1> <Delay = 4.34> <FuncUnit> <Opcode : 'fadd' 'fsub'> <InPorts = 2> <OutPorts = 1>
ST_18 : Operation 388 [1/5] (4.35ns)   --->   "%mul_i5_i_3 = fmul i32 %window_3, i32 %bitcast_ln36_3" [D:/lenet_project/handoff/LeNet_DSE_Framework_2022_2/LeNet_DSE_Framework_2022_2/src/lenet_conv.cpp:36]   --->   Operation 388 'fmul' 'mul_i5_i_3' <Predicate = (!icmp_ln53)> <Delay = 4.35> <CoreInst = "FMul_maxdsp">   --->   Core 30 'FMul_maxdsp' <Latency = 4> <II = 1> <Delay = 4.35> <FuncUnit> <Opcode : 'fmul'> <InPorts = 2> <OutPorts = 1>
ST_18 : Operation 389 [2/5] (4.35ns)   --->   "%mul_i5_i_4 = fmul i32 %window_4, i32 %bitcast_ln36_4" [D:/lenet_project/handoff/LeNet_DSE_Framework_2022_2/LeNet_DSE_Framework_2022_2/src/lenet_conv.cpp:36]   --->   Operation 389 'fmul' 'mul_i5_i_4' <Predicate = (!icmp_ln53)> <Delay = 4.35> <CoreInst = "FMul_maxdsp">   --->   Core 30 'FMul_maxdsp' <Latency = 4> <II = 1> <Delay = 4.35> <FuncUnit> <Opcode : 'fmul'> <InPorts = 2> <OutPorts = 1>
ST_18 : Operation 390 [3/5] (4.35ns)   --->   "%mul_i5_i_5 = fmul i32 %window_5, i32 %bitcast_ln36_5" [D:/lenet_project/handoff/LeNet_DSE_Framework_2022_2/LeNet_DSE_Framework_2022_2/src/lenet_conv.cpp:36]   --->   Operation 390 'fmul' 'mul_i5_i_5' <Predicate = (!icmp_ln53)> <Delay = 4.35> <CoreInst = "FMul_maxdsp">   --->   Core 30 'FMul_maxdsp' <Latency = 4> <II = 1> <Delay = 4.35> <FuncUnit> <Opcode : 'fmul'> <InPorts = 2> <OutPorts = 1>
ST_18 : Operation 391 [4/5] (4.35ns)   --->   "%mul_i5_i_6 = fmul i32 %window_6, i32 %bitcast_ln36_6" [D:/lenet_project/handoff/LeNet_DSE_Framework_2022_2/LeNet_DSE_Framework_2022_2/src/lenet_conv.cpp:36]   --->   Operation 391 'fmul' 'mul_i5_i_6' <Predicate = (!icmp_ln53)> <Delay = 4.35> <CoreInst = "FMul_maxdsp">   --->   Core 30 'FMul_maxdsp' <Latency = 4> <II = 1> <Delay = 4.35> <FuncUnit> <Opcode : 'fmul'> <InPorts = 2> <OutPorts = 1>
ST_18 : Operation 392 [1/1] (0.00ns)   --->   "%bitcast_ln36_7 = bitcast i32 %gmem1_addr_read_7" [D:/lenet_project/handoff/LeNet_DSE_Framework_2022_2/LeNet_DSE_Framework_2022_2/src/lenet_conv.cpp:36]   --->   Operation 392 'bitcast' 'bitcast_ln36_7' <Predicate = (!icmp_ln53)> <Delay = 0.00>
ST_18 : Operation 393 [5/5] (5.37ns)   --->   "%mul_i5_i_7 = fmul i32 %window_7, i32 %bitcast_ln36_7" [D:/lenet_project/handoff/LeNet_DSE_Framework_2022_2/LeNet_DSE_Framework_2022_2/src/lenet_conv.cpp:36]   --->   Operation 393 'fmul' 'mul_i5_i_7' <Predicate = (!icmp_ln53)> <Delay = 5.37> <CoreInst = "FMul_maxdsp">   --->   Core 30 'FMul_maxdsp' <Latency = 4> <II = 1> <Delay = 4.35> <FuncUnit> <Opcode : 'fmul'> <InPorts = 2> <OutPorts = 1>
ST_18 : Operation 394 [1/1] (5.11ns)   --->   "%gmem1_addr_read_9 = read i32 @_ssdm_op_Read.m_axi.p1i32, i32 %gmem1_addr" [D:/lenet_project/handoff/LeNet_DSE_Framework_2022_2/LeNet_DSE_Framework_2022_2/src/lenet_conv.cpp:36]   --->   Operation 394 'read' 'gmem1_addr_read_9' <Predicate = (!icmp_ln53)> <Delay = 5.11> <CoreInst = "m_axi">   --->   Core 113 'm_axi' <Latency = 0> <II = 1> <Delay = 1.00> <Adapter> <Opcode : 'read' 'write' 'readreq' 'writereq' 'writeresp'>

State 19 <SV = 18> <Delay = 5.37>
ST_19 : Operation 395 [1/1] (0.00ns)   --->   "%window_8 = bitcast i32 %gmem0_addr_1_read_3" [D:/lenet_project/handoff/LeNet_DSE_Framework_2022_2/LeNet_DSE_Framework_2022_2/src/lenet_conv.cpp:23]   --->   Operation 395 'bitcast' 'window_8' <Predicate = (!icmp_ln53)> <Delay = 0.00>
ST_19 : Operation 396 [1/1] (5.11ns)   --->   "%gmem0_addr_1_read_4 = read i32 @_ssdm_op_Read.m_axi.p1i32, i32 %gmem0_addr_1" [D:/lenet_project/handoff/LeNet_DSE_Framework_2022_2/LeNet_DSE_Framework_2022_2/src/lenet_conv.cpp:23]   --->   Operation 396 'read' 'gmem0_addr_1_read_4' <Predicate = (!icmp_ln53)> <Delay = 5.11> <CoreInst = "m_axi">   --->   Core 113 'm_axi' <Latency = 0> <II = 1> <Delay = 1.00> <Adapter> <Opcode : 'read' 'write' 'readreq' 'writereq' 'writeresp'>
ST_19 : Operation 397 [1/7] (5.11ns)   --->   "%empty_62 = readreq i1 @_ssdm_op_ReadReq.m_axi.p1i32, i32 %gmem0_addr_2, i32 5" [D:/lenet_project/handoff/LeNet_DSE_Framework_2022_2/LeNet_DSE_Framework_2022_2/src/lenet_conv.cpp:18]   --->   Operation 397 'readreq' 'empty_62' <Predicate = (!icmp_ln53)> <Delay = 5.11> <CoreInst = "m_axi">   --->   Core 113 'm_axi' <Latency = 0> <II = 1> <Delay = 1.00> <Adapter> <Opcode : 'read' 'write' 'readreq' 'writereq' 'writeresp'>
ST_19 : Operation 398 [6/7] (5.11ns)   --->   "%empty_64 = readreq i1 @_ssdm_op_ReadReq.m_axi.p1i32, i32 %gmem0_addr_3, i32 5" [D:/lenet_project/handoff/LeNet_DSE_Framework_2022_2/LeNet_DSE_Framework_2022_2/src/lenet_conv.cpp:18]   --->   Operation 398 'readreq' 'empty_64' <Predicate = (!icmp_ln53)> <Delay = 5.11> <CoreInst = "m_axi">   --->   Core 113 'm_axi' <Latency = 0> <II = 1> <Delay = 1.00> <Adapter> <Opcode : 'read' 'write' 'readreq' 'writereq' 'writeresp'>
ST_19 : Operation 399 [6/9] (4.34ns)   --->   "%accumulator_assign_s = fadd i32 %accumulator_2_read, i32 %mul_i5_i" [D:/lenet_project/handoff/LeNet_DSE_Framework_2022_2/LeNet_DSE_Framework_2022_2/src/lenet_conv.cpp:36]   --->   Operation 399 'fadd' 'accumulator_assign_s' <Predicate = (!icmp_ln53)> <Delay = 4.34> <CoreInst = "FAddSub_fulldsp">   --->   Core 18 'FAddSub_fulldsp' <Latency = 8> <II = 1> <Delay = 4.34> <FuncUnit> <Opcode : 'fadd' 'fsub'> <InPorts = 2> <OutPorts = 1>
ST_19 : Operation 400 [1/5] (4.35ns)   --->   "%mul_i5_i_4 = fmul i32 %window_4, i32 %bitcast_ln36_4" [D:/lenet_project/handoff/LeNet_DSE_Framework_2022_2/LeNet_DSE_Framework_2022_2/src/lenet_conv.cpp:36]   --->   Operation 400 'fmul' 'mul_i5_i_4' <Predicate = (!icmp_ln53)> <Delay = 4.35> <CoreInst = "FMul_maxdsp">   --->   Core 30 'FMul_maxdsp' <Latency = 4> <II = 1> <Delay = 4.35> <FuncUnit> <Opcode : 'fmul'> <InPorts = 2> <OutPorts = 1>
ST_19 : Operation 401 [2/5] (4.35ns)   --->   "%mul_i5_i_5 = fmul i32 %window_5, i32 %bitcast_ln36_5" [D:/lenet_project/handoff/LeNet_DSE_Framework_2022_2/LeNet_DSE_Framework_2022_2/src/lenet_conv.cpp:36]   --->   Operation 401 'fmul' 'mul_i5_i_5' <Predicate = (!icmp_ln53)> <Delay = 4.35> <CoreInst = "FMul_maxdsp">   --->   Core 30 'FMul_maxdsp' <Latency = 4> <II = 1> <Delay = 4.35> <FuncUnit> <Opcode : 'fmul'> <InPorts = 2> <OutPorts = 1>
ST_19 : Operation 402 [3/5] (4.35ns)   --->   "%mul_i5_i_6 = fmul i32 %window_6, i32 %bitcast_ln36_6" [D:/lenet_project/handoff/LeNet_DSE_Framework_2022_2/LeNet_DSE_Framework_2022_2/src/lenet_conv.cpp:36]   --->   Operation 402 'fmul' 'mul_i5_i_6' <Predicate = (!icmp_ln53)> <Delay = 4.35> <CoreInst = "FMul_maxdsp">   --->   Core 30 'FMul_maxdsp' <Latency = 4> <II = 1> <Delay = 4.35> <FuncUnit> <Opcode : 'fmul'> <InPorts = 2> <OutPorts = 1>
ST_19 : Operation 403 [4/5] (4.35ns)   --->   "%mul_i5_i_7 = fmul i32 %window_7, i32 %bitcast_ln36_7" [D:/lenet_project/handoff/LeNet_DSE_Framework_2022_2/LeNet_DSE_Framework_2022_2/src/lenet_conv.cpp:36]   --->   Operation 403 'fmul' 'mul_i5_i_7' <Predicate = (!icmp_ln53)> <Delay = 4.35> <CoreInst = "FMul_maxdsp">   --->   Core 30 'FMul_maxdsp' <Latency = 4> <II = 1> <Delay = 4.35> <FuncUnit> <Opcode : 'fmul'> <InPorts = 2> <OutPorts = 1>
ST_19 : Operation 404 [1/1] (0.00ns)   --->   "%bitcast_ln36_8 = bitcast i32 %gmem1_addr_read_8" [D:/lenet_project/handoff/LeNet_DSE_Framework_2022_2/LeNet_DSE_Framework_2022_2/src/lenet_conv.cpp:36]   --->   Operation 404 'bitcast' 'bitcast_ln36_8' <Predicate = (!icmp_ln53)> <Delay = 0.00>
ST_19 : Operation 405 [5/5] (5.37ns)   --->   "%mul_i5_i_8 = fmul i32 %window_8, i32 %bitcast_ln36_8" [D:/lenet_project/handoff/LeNet_DSE_Framework_2022_2/LeNet_DSE_Framework_2022_2/src/lenet_conv.cpp:36]   --->   Operation 405 'fmul' 'mul_i5_i_8' <Predicate = (!icmp_ln53)> <Delay = 5.37> <CoreInst = "FMul_maxdsp">   --->   Core 30 'FMul_maxdsp' <Latency = 4> <II = 1> <Delay = 4.35> <FuncUnit> <Opcode : 'fmul'> <InPorts = 2> <OutPorts = 1>
ST_19 : Operation 406 [1/1] (5.11ns)   --->   "%gmem1_addr_read_10 = read i32 @_ssdm_op_Read.m_axi.p1i32, i32 %gmem1_addr" [D:/lenet_project/handoff/LeNet_DSE_Framework_2022_2/LeNet_DSE_Framework_2022_2/src/lenet_conv.cpp:36]   --->   Operation 406 'read' 'gmem1_addr_read_10' <Predicate = (!icmp_ln53)> <Delay = 5.11> <CoreInst = "m_axi">   --->   Core 113 'm_axi' <Latency = 0> <II = 1> <Delay = 1.00> <Adapter> <Opcode : 'read' 'write' 'readreq' 'writereq' 'writeresp'>

State 20 <SV = 19> <Delay = 5.37>
ST_20 : Operation 407 [1/1] (0.00ns)   --->   "%window_9 = bitcast i32 %gmem0_addr_1_read_4" [D:/lenet_project/handoff/LeNet_DSE_Framework_2022_2/LeNet_DSE_Framework_2022_2/src/lenet_conv.cpp:23]   --->   Operation 407 'bitcast' 'window_9' <Predicate = (!icmp_ln53)> <Delay = 0.00>
ST_20 : Operation 408 [1/1] (5.11ns)   --->   "%gmem0_addr_2_read = read i32 @_ssdm_op_Read.m_axi.p1i32, i32 %gmem0_addr_2" [D:/lenet_project/handoff/LeNet_DSE_Framework_2022_2/LeNet_DSE_Framework_2022_2/src/lenet_conv.cpp:23]   --->   Operation 408 'read' 'gmem0_addr_2_read' <Predicate = (!icmp_ln53)> <Delay = 5.11> <CoreInst = "m_axi">   --->   Core 113 'm_axi' <Latency = 0> <II = 1> <Delay = 1.00> <Adapter> <Opcode : 'read' 'write' 'readreq' 'writereq' 'writeresp'>
ST_20 : Operation 409 [5/7] (5.11ns)   --->   "%empty_64 = readreq i1 @_ssdm_op_ReadReq.m_axi.p1i32, i32 %gmem0_addr_3, i32 5" [D:/lenet_project/handoff/LeNet_DSE_Framework_2022_2/LeNet_DSE_Framework_2022_2/src/lenet_conv.cpp:18]   --->   Operation 409 'readreq' 'empty_64' <Predicate = (!icmp_ln53)> <Delay = 5.11> <CoreInst = "m_axi">   --->   Core 113 'm_axi' <Latency = 0> <II = 1> <Delay = 1.00> <Adapter> <Opcode : 'read' 'write' 'readreq' 'writereq' 'writeresp'>
ST_20 : Operation 410 [5/9] (4.34ns)   --->   "%accumulator_assign_s = fadd i32 %accumulator_2_read, i32 %mul_i5_i" [D:/lenet_project/handoff/LeNet_DSE_Framework_2022_2/LeNet_DSE_Framework_2022_2/src/lenet_conv.cpp:36]   --->   Operation 410 'fadd' 'accumulator_assign_s' <Predicate = (!icmp_ln53)> <Delay = 4.34> <CoreInst = "FAddSub_fulldsp">   --->   Core 18 'FAddSub_fulldsp' <Latency = 8> <II = 1> <Delay = 4.34> <FuncUnit> <Opcode : 'fadd' 'fsub'> <InPorts = 2> <OutPorts = 1>
ST_20 : Operation 411 [1/5] (4.35ns)   --->   "%mul_i5_i_5 = fmul i32 %window_5, i32 %bitcast_ln36_5" [D:/lenet_project/handoff/LeNet_DSE_Framework_2022_2/LeNet_DSE_Framework_2022_2/src/lenet_conv.cpp:36]   --->   Operation 411 'fmul' 'mul_i5_i_5' <Predicate = (!icmp_ln53)> <Delay = 4.35> <CoreInst = "FMul_maxdsp">   --->   Core 30 'FMul_maxdsp' <Latency = 4> <II = 1> <Delay = 4.35> <FuncUnit> <Opcode : 'fmul'> <InPorts = 2> <OutPorts = 1>
ST_20 : Operation 412 [2/5] (4.35ns)   --->   "%mul_i5_i_6 = fmul i32 %window_6, i32 %bitcast_ln36_6" [D:/lenet_project/handoff/LeNet_DSE_Framework_2022_2/LeNet_DSE_Framework_2022_2/src/lenet_conv.cpp:36]   --->   Operation 412 'fmul' 'mul_i5_i_6' <Predicate = (!icmp_ln53)> <Delay = 4.35> <CoreInst = "FMul_maxdsp">   --->   Core 30 'FMul_maxdsp' <Latency = 4> <II = 1> <Delay = 4.35> <FuncUnit> <Opcode : 'fmul'> <InPorts = 2> <OutPorts = 1>
ST_20 : Operation 413 [3/5] (4.35ns)   --->   "%mul_i5_i_7 = fmul i32 %window_7, i32 %bitcast_ln36_7" [D:/lenet_project/handoff/LeNet_DSE_Framework_2022_2/LeNet_DSE_Framework_2022_2/src/lenet_conv.cpp:36]   --->   Operation 413 'fmul' 'mul_i5_i_7' <Predicate = (!icmp_ln53)> <Delay = 4.35> <CoreInst = "FMul_maxdsp">   --->   Core 30 'FMul_maxdsp' <Latency = 4> <II = 1> <Delay = 4.35> <FuncUnit> <Opcode : 'fmul'> <InPorts = 2> <OutPorts = 1>
ST_20 : Operation 414 [4/5] (4.35ns)   --->   "%mul_i5_i_8 = fmul i32 %window_8, i32 %bitcast_ln36_8" [D:/lenet_project/handoff/LeNet_DSE_Framework_2022_2/LeNet_DSE_Framework_2022_2/src/lenet_conv.cpp:36]   --->   Operation 414 'fmul' 'mul_i5_i_8' <Predicate = (!icmp_ln53)> <Delay = 4.35> <CoreInst = "FMul_maxdsp">   --->   Core 30 'FMul_maxdsp' <Latency = 4> <II = 1> <Delay = 4.35> <FuncUnit> <Opcode : 'fmul'> <InPorts = 2> <OutPorts = 1>
ST_20 : Operation 415 [1/1] (0.00ns)   --->   "%bitcast_ln36_9 = bitcast i32 %gmem1_addr_read_9" [D:/lenet_project/handoff/LeNet_DSE_Framework_2022_2/LeNet_DSE_Framework_2022_2/src/lenet_conv.cpp:36]   --->   Operation 415 'bitcast' 'bitcast_ln36_9' <Predicate = (!icmp_ln53)> <Delay = 0.00>
ST_20 : Operation 416 [5/5] (5.37ns)   --->   "%mul_i5_i_9 = fmul i32 %window_9, i32 %bitcast_ln36_9" [D:/lenet_project/handoff/LeNet_DSE_Framework_2022_2/LeNet_DSE_Framework_2022_2/src/lenet_conv.cpp:36]   --->   Operation 416 'fmul' 'mul_i5_i_9' <Predicate = (!icmp_ln53)> <Delay = 5.37> <CoreInst = "FMul_maxdsp">   --->   Core 30 'FMul_maxdsp' <Latency = 4> <II = 1> <Delay = 4.35> <FuncUnit> <Opcode : 'fmul'> <InPorts = 2> <OutPorts = 1>
ST_20 : Operation 417 [1/1] (5.11ns)   --->   "%gmem1_addr_read_11 = read i32 @_ssdm_op_Read.m_axi.p1i32, i32 %gmem1_addr" [D:/lenet_project/handoff/LeNet_DSE_Framework_2022_2/LeNet_DSE_Framework_2022_2/src/lenet_conv.cpp:36]   --->   Operation 417 'read' 'gmem1_addr_read_11' <Predicate = (!icmp_ln53)> <Delay = 5.11> <CoreInst = "m_axi">   --->   Core 113 'm_axi' <Latency = 0> <II = 1> <Delay = 1.00> <Adapter> <Opcode : 'read' 'write' 'readreq' 'writereq' 'writeresp'>

State 21 <SV = 20> <Delay = 5.37>
ST_21 : Operation 418 [1/1] (0.00ns) (grouped into LUT with out node add_ln53_2)   --->   "%select_ln53_5 = select i1 %icmp_ln55, i5 5, i5 4" [D:/lenet_project/handoff/LeNet_DSE_Framework_2022_2/LeNet_DSE_Framework_2022_2/src/lenet_conv.cpp:53]   --->   Operation 418 'select' 'select_ln53_5' <Predicate = (!icmp_ln53)> <Delay = 0.00> <CoreInst = "Sel">   --->   Core 73 'Sel' <Latency = 0> <II = 1> <Delay = 1.02> <FuncUnit> <Opcode : 'select'> <InPorts = 3> <OutPorts = 1>
ST_21 : Operation 419 [1/1] (1.78ns) (out node of the LUT)   --->   "%add_ln53_2 = add i5 %output_row_2, i5 %select_ln53_5" [D:/lenet_project/handoff/LeNet_DSE_Framework_2022_2/LeNet_DSE_Framework_2022_2/src/lenet_conv.cpp:53]   --->   Operation 419 'add' 'add_ln53_2' <Predicate = (!icmp_ln53)> <Delay = 1.78> <CoreInst = "Adder">   --->   Core 1 'Adder' <Latency = 0> <II = 1> <Delay = 1.78> <FuncUnit> <Opcode : 'add' 'sub'> <InPorts = 2> <OutPorts = 1>
ST_21 : Operation 420 [1/1] (0.00ns)   --->   "%window_10 = bitcast i32 %gmem0_addr_2_read" [D:/lenet_project/handoff/LeNet_DSE_Framework_2022_2/LeNet_DSE_Framework_2022_2/src/lenet_conv.cpp:23]   --->   Operation 420 'bitcast' 'window_10' <Predicate = (!icmp_ln53)> <Delay = 0.00>
ST_21 : Operation 421 [1/1] (5.11ns)   --->   "%gmem0_addr_2_read_1 = read i32 @_ssdm_op_Read.m_axi.p1i32, i32 %gmem0_addr_2" [D:/lenet_project/handoff/LeNet_DSE_Framework_2022_2/LeNet_DSE_Framework_2022_2/src/lenet_conv.cpp:23]   --->   Operation 421 'read' 'gmem0_addr_2_read_1' <Predicate = (!icmp_ln53)> <Delay = 5.11> <CoreInst = "m_axi">   --->   Core 113 'm_axi' <Latency = 0> <II = 1> <Delay = 1.00> <Adapter> <Opcode : 'read' 'write' 'readreq' 'writereq' 'writeresp'>
ST_21 : Operation 422 [4/7] (5.11ns)   --->   "%empty_64 = readreq i1 @_ssdm_op_ReadReq.m_axi.p1i32, i32 %gmem0_addr_3, i32 5" [D:/lenet_project/handoff/LeNet_DSE_Framework_2022_2/LeNet_DSE_Framework_2022_2/src/lenet_conv.cpp:18]   --->   Operation 422 'readreq' 'empty_64' <Predicate = (!icmp_ln53)> <Delay = 5.11> <CoreInst = "m_axi">   --->   Core 113 'm_axi' <Latency = 0> <II = 1> <Delay = 1.00> <Adapter> <Opcode : 'read' 'write' 'readreq' 'writereq' 'writeresp'>
ST_21 : Operation 423 [4/9] (4.34ns)   --->   "%accumulator_assign_s = fadd i32 %accumulator_2_read, i32 %mul_i5_i" [D:/lenet_project/handoff/LeNet_DSE_Framework_2022_2/LeNet_DSE_Framework_2022_2/src/lenet_conv.cpp:36]   --->   Operation 423 'fadd' 'accumulator_assign_s' <Predicate = (!icmp_ln53)> <Delay = 4.34> <CoreInst = "FAddSub_fulldsp">   --->   Core 18 'FAddSub_fulldsp' <Latency = 8> <II = 1> <Delay = 4.34> <FuncUnit> <Opcode : 'fadd' 'fsub'> <InPorts = 2> <OutPorts = 1>
ST_21 : Operation 424 [1/5] (4.35ns)   --->   "%mul_i5_i_6 = fmul i32 %window_6, i32 %bitcast_ln36_6" [D:/lenet_project/handoff/LeNet_DSE_Framework_2022_2/LeNet_DSE_Framework_2022_2/src/lenet_conv.cpp:36]   --->   Operation 424 'fmul' 'mul_i5_i_6' <Predicate = (!icmp_ln53)> <Delay = 4.35> <CoreInst = "FMul_maxdsp">   --->   Core 30 'FMul_maxdsp' <Latency = 4> <II = 1> <Delay = 4.35> <FuncUnit> <Opcode : 'fmul'> <InPorts = 2> <OutPorts = 1>
ST_21 : Operation 425 [2/5] (4.35ns)   --->   "%mul_i5_i_7 = fmul i32 %window_7, i32 %bitcast_ln36_7" [D:/lenet_project/handoff/LeNet_DSE_Framework_2022_2/LeNet_DSE_Framework_2022_2/src/lenet_conv.cpp:36]   --->   Operation 425 'fmul' 'mul_i5_i_7' <Predicate = (!icmp_ln53)> <Delay = 4.35> <CoreInst = "FMul_maxdsp">   --->   Core 30 'FMul_maxdsp' <Latency = 4> <II = 1> <Delay = 4.35> <FuncUnit> <Opcode : 'fmul'> <InPorts = 2> <OutPorts = 1>
ST_21 : Operation 426 [3/5] (4.35ns)   --->   "%mul_i5_i_8 = fmul i32 %window_8, i32 %bitcast_ln36_8" [D:/lenet_project/handoff/LeNet_DSE_Framework_2022_2/LeNet_DSE_Framework_2022_2/src/lenet_conv.cpp:36]   --->   Operation 426 'fmul' 'mul_i5_i_8' <Predicate = (!icmp_ln53)> <Delay = 4.35> <CoreInst = "FMul_maxdsp">   --->   Core 30 'FMul_maxdsp' <Latency = 4> <II = 1> <Delay = 4.35> <FuncUnit> <Opcode : 'fmul'> <InPorts = 2> <OutPorts = 1>
ST_21 : Operation 427 [4/5] (4.35ns)   --->   "%mul_i5_i_9 = fmul i32 %window_9, i32 %bitcast_ln36_9" [D:/lenet_project/handoff/LeNet_DSE_Framework_2022_2/LeNet_DSE_Framework_2022_2/src/lenet_conv.cpp:36]   --->   Operation 427 'fmul' 'mul_i5_i_9' <Predicate = (!icmp_ln53)> <Delay = 4.35> <CoreInst = "FMul_maxdsp">   --->   Core 30 'FMul_maxdsp' <Latency = 4> <II = 1> <Delay = 4.35> <FuncUnit> <Opcode : 'fmul'> <InPorts = 2> <OutPorts = 1>
ST_21 : Operation 428 [1/1] (0.00ns)   --->   "%bitcast_ln36_10 = bitcast i32 %gmem1_addr_read_10" [D:/lenet_project/handoff/LeNet_DSE_Framework_2022_2/LeNet_DSE_Framework_2022_2/src/lenet_conv.cpp:36]   --->   Operation 428 'bitcast' 'bitcast_ln36_10' <Predicate = (!icmp_ln53)> <Delay = 0.00>
ST_21 : Operation 429 [5/5] (5.37ns)   --->   "%mul_i5_i_s = fmul i32 %window_10, i32 %bitcast_ln36_10" [D:/lenet_project/handoff/LeNet_DSE_Framework_2022_2/LeNet_DSE_Framework_2022_2/src/lenet_conv.cpp:36]   --->   Operation 429 'fmul' 'mul_i5_i_s' <Predicate = (!icmp_ln53)> <Delay = 5.37> <CoreInst = "FMul_maxdsp">   --->   Core 30 'FMul_maxdsp' <Latency = 4> <II = 1> <Delay = 4.35> <FuncUnit> <Opcode : 'fmul'> <InPorts = 2> <OutPorts = 1>
ST_21 : Operation 430 [1/1] (5.11ns)   --->   "%gmem1_addr_read_12 = read i32 @_ssdm_op_Read.m_axi.p1i32, i32 %gmem1_addr" [D:/lenet_project/handoff/LeNet_DSE_Framework_2022_2/LeNet_DSE_Framework_2022_2/src/lenet_conv.cpp:36]   --->   Operation 430 'read' 'gmem1_addr_read_12' <Predicate = (!icmp_ln53)> <Delay = 5.11> <CoreInst = "m_axi">   --->   Core 113 'm_axi' <Latency = 0> <II = 1> <Delay = 1.00> <Adapter> <Opcode : 'read' 'write' 'readreq' 'writereq' 'writeresp'>

State 22 <SV = 21> <Delay = 5.37>
ST_22 : Operation 431 [1/1] (0.00ns)   --->   "%window_11 = bitcast i32 %gmem0_addr_2_read_1" [D:/lenet_project/handoff/LeNet_DSE_Framework_2022_2/LeNet_DSE_Framework_2022_2/src/lenet_conv.cpp:23]   --->   Operation 431 'bitcast' 'window_11' <Predicate = (!icmp_ln53)> <Delay = 0.00>
ST_22 : Operation 432 [1/1] (5.11ns)   --->   "%gmem0_addr_2_read_2 = read i32 @_ssdm_op_Read.m_axi.p1i32, i32 %gmem0_addr_2" [D:/lenet_project/handoff/LeNet_DSE_Framework_2022_2/LeNet_DSE_Framework_2022_2/src/lenet_conv.cpp:23]   --->   Operation 432 'read' 'gmem0_addr_2_read_2' <Predicate = (!icmp_ln53)> <Delay = 5.11> <CoreInst = "m_axi">   --->   Core 113 'm_axi' <Latency = 0> <II = 1> <Delay = 1.00> <Adapter> <Opcode : 'read' 'write' 'readreq' 'writereq' 'writeresp'>
ST_22 : Operation 433 [3/7] (5.11ns)   --->   "%empty_64 = readreq i1 @_ssdm_op_ReadReq.m_axi.p1i32, i32 %gmem0_addr_3, i32 5" [D:/lenet_project/handoff/LeNet_DSE_Framework_2022_2/LeNet_DSE_Framework_2022_2/src/lenet_conv.cpp:18]   --->   Operation 433 'readreq' 'empty_64' <Predicate = (!icmp_ln53)> <Delay = 5.11> <CoreInst = "m_axi">   --->   Core 113 'm_axi' <Latency = 0> <II = 1> <Delay = 1.00> <Adapter> <Opcode : 'read' 'write' 'readreq' 'writereq' 'writeresp'>
ST_22 : Operation 434 [1/1] (0.00ns)   --->   "%tmp_20 = bitconcatenate i12 @_ssdm_op_BitConcatenate.i12.i5.i5.i2, i5 %add_ln53_2, i5 %select_ln53, i2 0" [D:/lenet_project/handoff/LeNet_DSE_Framework_2022_2/LeNet_DSE_Framework_2022_2/src/lenet_conv.cpp:53]   --->   Operation 434 'bitconcatenate' 'tmp_20' <Predicate = (!icmp_ln53)> <Delay = 0.00>
ST_22 : Operation 435 [1/1] (0.00ns)   --->   "%p_cast70 = zext i12 %tmp_20" [D:/lenet_project/handoff/LeNet_DSE_Framework_2022_2/LeNet_DSE_Framework_2022_2/src/lenet_conv.cpp:53]   --->   Operation 435 'zext' 'p_cast70' <Predicate = (!icmp_ln53)> <Delay = 0.00>
ST_22 : Operation 436 [1/1] (3.52ns)   --->   "%empty_65 = add i64 %p_cast70, i64 %feature_in_read" [D:/lenet_project/handoff/LeNet_DSE_Framework_2022_2/LeNet_DSE_Framework_2022_2/src/lenet_conv.cpp:53]   --->   Operation 436 'add' 'empty_65' <Predicate = (!icmp_ln53)> <Delay = 3.52> <CoreInst = "Adder">   --->   Core 1 'Adder' <Latency = 0> <II = 1> <Delay = 3.52> <FuncUnit> <Opcode : 'add' 'sub'> <InPorts = 2> <OutPorts = 1>
ST_22 : Operation 437 [1/1] (0.00ns)   --->   "%trunc_ln18_4 = partselect i62 @_ssdm_op_PartSelect.i62.i64.i32.i32, i64 %empty_65, i32 2, i32 63" [D:/lenet_project/handoff/LeNet_DSE_Framework_2022_2/LeNet_DSE_Framework_2022_2/src/lenet_conv.cpp:18]   --->   Operation 437 'partselect' 'trunc_ln18_4' <Predicate = (!icmp_ln53)> <Delay = 0.00>
ST_22 : Operation 438 [1/1] (0.00ns)   --->   "%sext_ln18_4 = sext i62 %trunc_ln18_4" [D:/lenet_project/handoff/LeNet_DSE_Framework_2022_2/LeNet_DSE_Framework_2022_2/src/lenet_conv.cpp:18]   --->   Operation 438 'sext' 'sext_ln18_4' <Predicate = (!icmp_ln53)> <Delay = 0.00>
ST_22 : Operation 439 [1/1] (0.00ns)   --->   "%gmem0_addr_4 = getelementptr i32 %gmem0, i64 %sext_ln18_4" [D:/lenet_project/handoff/LeNet_DSE_Framework_2022_2/LeNet_DSE_Framework_2022_2/src/lenet_conv.cpp:18]   --->   Operation 439 'getelementptr' 'gmem0_addr_4' <Predicate = (!icmp_ln53)> <Delay = 0.00>
ST_22 : Operation 440 [3/9] (4.34ns)   --->   "%accumulator_assign_s = fadd i32 %accumulator_2_read, i32 %mul_i5_i" [D:/lenet_project/handoff/LeNet_DSE_Framework_2022_2/LeNet_DSE_Framework_2022_2/src/lenet_conv.cpp:36]   --->   Operation 440 'fadd' 'accumulator_assign_s' <Predicate = (!icmp_ln53)> <Delay = 4.34> <CoreInst = "FAddSub_fulldsp">   --->   Core 18 'FAddSub_fulldsp' <Latency = 8> <II = 1> <Delay = 4.34> <FuncUnit> <Opcode : 'fadd' 'fsub'> <InPorts = 2> <OutPorts = 1>
ST_22 : Operation 441 [1/5] (4.35ns)   --->   "%mul_i5_i_7 = fmul i32 %window_7, i32 %bitcast_ln36_7" [D:/lenet_project/handoff/LeNet_DSE_Framework_2022_2/LeNet_DSE_Framework_2022_2/src/lenet_conv.cpp:36]   --->   Operation 441 'fmul' 'mul_i5_i_7' <Predicate = (!icmp_ln53)> <Delay = 4.35> <CoreInst = "FMul_maxdsp">   --->   Core 30 'FMul_maxdsp' <Latency = 4> <II = 1> <Delay = 4.35> <FuncUnit> <Opcode : 'fmul'> <InPorts = 2> <OutPorts = 1>
ST_22 : Operation 442 [2/5] (4.35ns)   --->   "%mul_i5_i_8 = fmul i32 %window_8, i32 %bitcast_ln36_8" [D:/lenet_project/handoff/LeNet_DSE_Framework_2022_2/LeNet_DSE_Framework_2022_2/src/lenet_conv.cpp:36]   --->   Operation 442 'fmul' 'mul_i5_i_8' <Predicate = (!icmp_ln53)> <Delay = 4.35> <CoreInst = "FMul_maxdsp">   --->   Core 30 'FMul_maxdsp' <Latency = 4> <II = 1> <Delay = 4.35> <FuncUnit> <Opcode : 'fmul'> <InPorts = 2> <OutPorts = 1>
ST_22 : Operation 443 [3/5] (4.35ns)   --->   "%mul_i5_i_9 = fmul i32 %window_9, i32 %bitcast_ln36_9" [D:/lenet_project/handoff/LeNet_DSE_Framework_2022_2/LeNet_DSE_Framework_2022_2/src/lenet_conv.cpp:36]   --->   Operation 443 'fmul' 'mul_i5_i_9' <Predicate = (!icmp_ln53)> <Delay = 4.35> <CoreInst = "FMul_maxdsp">   --->   Core 30 'FMul_maxdsp' <Latency = 4> <II = 1> <Delay = 4.35> <FuncUnit> <Opcode : 'fmul'> <InPorts = 2> <OutPorts = 1>
ST_22 : Operation 444 [4/5] (4.35ns)   --->   "%mul_i5_i_s = fmul i32 %window_10, i32 %bitcast_ln36_10" [D:/lenet_project/handoff/LeNet_DSE_Framework_2022_2/LeNet_DSE_Framework_2022_2/src/lenet_conv.cpp:36]   --->   Operation 444 'fmul' 'mul_i5_i_s' <Predicate = (!icmp_ln53)> <Delay = 4.35> <CoreInst = "FMul_maxdsp">   --->   Core 30 'FMul_maxdsp' <Latency = 4> <II = 1> <Delay = 4.35> <FuncUnit> <Opcode : 'fmul'> <InPorts = 2> <OutPorts = 1>
ST_22 : Operation 445 [1/1] (0.00ns)   --->   "%bitcast_ln36_11 = bitcast i32 %gmem1_addr_read_11" [D:/lenet_project/handoff/LeNet_DSE_Framework_2022_2/LeNet_DSE_Framework_2022_2/src/lenet_conv.cpp:36]   --->   Operation 445 'bitcast' 'bitcast_ln36_11' <Predicate = (!icmp_ln53)> <Delay = 0.00>
ST_22 : Operation 446 [5/5] (5.37ns)   --->   "%mul_i5_i_10 = fmul i32 %window_11, i32 %bitcast_ln36_11" [D:/lenet_project/handoff/LeNet_DSE_Framework_2022_2/LeNet_DSE_Framework_2022_2/src/lenet_conv.cpp:36]   --->   Operation 446 'fmul' 'mul_i5_i_10' <Predicate = (!icmp_ln53)> <Delay = 5.37> <CoreInst = "FMul_maxdsp">   --->   Core 30 'FMul_maxdsp' <Latency = 4> <II = 1> <Delay = 4.35> <FuncUnit> <Opcode : 'fmul'> <InPorts = 2> <OutPorts = 1>
ST_22 : Operation 447 [1/1] (5.11ns)   --->   "%gmem1_addr_read_13 = read i32 @_ssdm_op_Read.m_axi.p1i32, i32 %gmem1_addr" [D:/lenet_project/handoff/LeNet_DSE_Framework_2022_2/LeNet_DSE_Framework_2022_2/src/lenet_conv.cpp:36]   --->   Operation 447 'read' 'gmem1_addr_read_13' <Predicate = (!icmp_ln53)> <Delay = 5.11> <CoreInst = "m_axi">   --->   Core 113 'm_axi' <Latency = 0> <II = 1> <Delay = 1.00> <Adapter> <Opcode : 'read' 'write' 'readreq' 'writereq' 'writeresp'>

State 23 <SV = 22> <Delay = 5.37>
ST_23 : Operation 448 [1/1] (0.00ns)   --->   "%window_12 = bitcast i32 %gmem0_addr_2_read_2" [D:/lenet_project/handoff/LeNet_DSE_Framework_2022_2/LeNet_DSE_Framework_2022_2/src/lenet_conv.cpp:23]   --->   Operation 448 'bitcast' 'window_12' <Predicate = (!icmp_ln53)> <Delay = 0.00>
ST_23 : Operation 449 [1/1] (5.11ns)   --->   "%gmem0_addr_2_read_3 = read i32 @_ssdm_op_Read.m_axi.p1i32, i32 %gmem0_addr_2" [D:/lenet_project/handoff/LeNet_DSE_Framework_2022_2/LeNet_DSE_Framework_2022_2/src/lenet_conv.cpp:23]   --->   Operation 449 'read' 'gmem0_addr_2_read_3' <Predicate = (!icmp_ln53)> <Delay = 5.11> <CoreInst = "m_axi">   --->   Core 113 'm_axi' <Latency = 0> <II = 1> <Delay = 1.00> <Adapter> <Opcode : 'read' 'write' 'readreq' 'writereq' 'writeresp'>
ST_23 : Operation 450 [2/7] (5.11ns)   --->   "%empty_64 = readreq i1 @_ssdm_op_ReadReq.m_axi.p1i32, i32 %gmem0_addr_3, i32 5" [D:/lenet_project/handoff/LeNet_DSE_Framework_2022_2/LeNet_DSE_Framework_2022_2/src/lenet_conv.cpp:18]   --->   Operation 450 'readreq' 'empty_64' <Predicate = (!icmp_ln53)> <Delay = 5.11> <CoreInst = "m_axi">   --->   Core 113 'm_axi' <Latency = 0> <II = 1> <Delay = 1.00> <Adapter> <Opcode : 'read' 'write' 'readreq' 'writereq' 'writeresp'>
ST_23 : Operation 451 [7/7] (5.11ns)   --->   "%empty_66 = readreq i1 @_ssdm_op_ReadReq.m_axi.p1i32, i32 %gmem0_addr_4, i32 5" [D:/lenet_project/handoff/LeNet_DSE_Framework_2022_2/LeNet_DSE_Framework_2022_2/src/lenet_conv.cpp:18]   --->   Operation 451 'readreq' 'empty_66' <Predicate = (!icmp_ln53)> <Delay = 5.11> <CoreInst = "m_axi">   --->   Core 113 'm_axi' <Latency = 0> <II = 1> <Delay = 1.00> <Adapter> <Opcode : 'read' 'write' 'readreq' 'writereq' 'writeresp'>
ST_23 : Operation 452 [2/9] (4.34ns)   --->   "%accumulator_assign_s = fadd i32 %accumulator_2_read, i32 %mul_i5_i" [D:/lenet_project/handoff/LeNet_DSE_Framework_2022_2/LeNet_DSE_Framework_2022_2/src/lenet_conv.cpp:36]   --->   Operation 452 'fadd' 'accumulator_assign_s' <Predicate = (!icmp_ln53)> <Delay = 4.34> <CoreInst = "FAddSub_fulldsp">   --->   Core 18 'FAddSub_fulldsp' <Latency = 8> <II = 1> <Delay = 4.34> <FuncUnit> <Opcode : 'fadd' 'fsub'> <InPorts = 2> <OutPorts = 1>
ST_23 : Operation 453 [1/5] (4.35ns)   --->   "%mul_i5_i_8 = fmul i32 %window_8, i32 %bitcast_ln36_8" [D:/lenet_project/handoff/LeNet_DSE_Framework_2022_2/LeNet_DSE_Framework_2022_2/src/lenet_conv.cpp:36]   --->   Operation 453 'fmul' 'mul_i5_i_8' <Predicate = (!icmp_ln53)> <Delay = 4.35> <CoreInst = "FMul_maxdsp">   --->   Core 30 'FMul_maxdsp' <Latency = 4> <II = 1> <Delay = 4.35> <FuncUnit> <Opcode : 'fmul'> <InPorts = 2> <OutPorts = 1>
ST_23 : Operation 454 [2/5] (4.35ns)   --->   "%mul_i5_i_9 = fmul i32 %window_9, i32 %bitcast_ln36_9" [D:/lenet_project/handoff/LeNet_DSE_Framework_2022_2/LeNet_DSE_Framework_2022_2/src/lenet_conv.cpp:36]   --->   Operation 454 'fmul' 'mul_i5_i_9' <Predicate = (!icmp_ln53)> <Delay = 4.35> <CoreInst = "FMul_maxdsp">   --->   Core 30 'FMul_maxdsp' <Latency = 4> <II = 1> <Delay = 4.35> <FuncUnit> <Opcode : 'fmul'> <InPorts = 2> <OutPorts = 1>
ST_23 : Operation 455 [3/5] (4.35ns)   --->   "%mul_i5_i_s = fmul i32 %window_10, i32 %bitcast_ln36_10" [D:/lenet_project/handoff/LeNet_DSE_Framework_2022_2/LeNet_DSE_Framework_2022_2/src/lenet_conv.cpp:36]   --->   Operation 455 'fmul' 'mul_i5_i_s' <Predicate = (!icmp_ln53)> <Delay = 4.35> <CoreInst = "FMul_maxdsp">   --->   Core 30 'FMul_maxdsp' <Latency = 4> <II = 1> <Delay = 4.35> <FuncUnit> <Opcode : 'fmul'> <InPorts = 2> <OutPorts = 1>
ST_23 : Operation 456 [4/5] (4.35ns)   --->   "%mul_i5_i_10 = fmul i32 %window_11, i32 %bitcast_ln36_11" [D:/lenet_project/handoff/LeNet_DSE_Framework_2022_2/LeNet_DSE_Framework_2022_2/src/lenet_conv.cpp:36]   --->   Operation 456 'fmul' 'mul_i5_i_10' <Predicate = (!icmp_ln53)> <Delay = 4.35> <CoreInst = "FMul_maxdsp">   --->   Core 30 'FMul_maxdsp' <Latency = 4> <II = 1> <Delay = 4.35> <FuncUnit> <Opcode : 'fmul'> <InPorts = 2> <OutPorts = 1>
ST_23 : Operation 457 [1/1] (0.00ns)   --->   "%bitcast_ln36_12 = bitcast i32 %gmem1_addr_read_12" [D:/lenet_project/handoff/LeNet_DSE_Framework_2022_2/LeNet_DSE_Framework_2022_2/src/lenet_conv.cpp:36]   --->   Operation 457 'bitcast' 'bitcast_ln36_12' <Predicate = (!icmp_ln53)> <Delay = 0.00>
ST_23 : Operation 458 [5/5] (5.37ns)   --->   "%mul_i5_i_11 = fmul i32 %window_12, i32 %bitcast_ln36_12" [D:/lenet_project/handoff/LeNet_DSE_Framework_2022_2/LeNet_DSE_Framework_2022_2/src/lenet_conv.cpp:36]   --->   Operation 458 'fmul' 'mul_i5_i_11' <Predicate = (!icmp_ln53)> <Delay = 5.37> <CoreInst = "FMul_maxdsp">   --->   Core 30 'FMul_maxdsp' <Latency = 4> <II = 1> <Delay = 4.35> <FuncUnit> <Opcode : 'fmul'> <InPorts = 2> <OutPorts = 1>
ST_23 : Operation 459 [1/1] (5.11ns)   --->   "%gmem1_addr_read_14 = read i32 @_ssdm_op_Read.m_axi.p1i32, i32 %gmem1_addr" [D:/lenet_project/handoff/LeNet_DSE_Framework_2022_2/LeNet_DSE_Framework_2022_2/src/lenet_conv.cpp:36]   --->   Operation 459 'read' 'gmem1_addr_read_14' <Predicate = (!icmp_ln53)> <Delay = 5.11> <CoreInst = "m_axi">   --->   Core 113 'm_axi' <Latency = 0> <II = 1> <Delay = 1.00> <Adapter> <Opcode : 'read' 'write' 'readreq' 'writereq' 'writeresp'>

State 24 <SV = 23> <Delay = 5.37>
ST_24 : Operation 460 [1/1] (0.00ns)   --->   "%window_13 = bitcast i32 %gmem0_addr_2_read_3" [D:/lenet_project/handoff/LeNet_DSE_Framework_2022_2/LeNet_DSE_Framework_2022_2/src/lenet_conv.cpp:23]   --->   Operation 460 'bitcast' 'window_13' <Predicate = (!icmp_ln53)> <Delay = 0.00>
ST_24 : Operation 461 [1/1] (5.11ns)   --->   "%gmem0_addr_2_read_4 = read i32 @_ssdm_op_Read.m_axi.p1i32, i32 %gmem0_addr_2" [D:/lenet_project/handoff/LeNet_DSE_Framework_2022_2/LeNet_DSE_Framework_2022_2/src/lenet_conv.cpp:23]   --->   Operation 461 'read' 'gmem0_addr_2_read_4' <Predicate = (!icmp_ln53)> <Delay = 5.11> <CoreInst = "m_axi">   --->   Core 113 'm_axi' <Latency = 0> <II = 1> <Delay = 1.00> <Adapter> <Opcode : 'read' 'write' 'readreq' 'writereq' 'writeresp'>
ST_24 : Operation 462 [1/7] (5.11ns)   --->   "%empty_64 = readreq i1 @_ssdm_op_ReadReq.m_axi.p1i32, i32 %gmem0_addr_3, i32 5" [D:/lenet_project/handoff/LeNet_DSE_Framework_2022_2/LeNet_DSE_Framework_2022_2/src/lenet_conv.cpp:18]   --->   Operation 462 'readreq' 'empty_64' <Predicate = (!icmp_ln53)> <Delay = 5.11> <CoreInst = "m_axi">   --->   Core 113 'm_axi' <Latency = 0> <II = 1> <Delay = 1.00> <Adapter> <Opcode : 'read' 'write' 'readreq' 'writereq' 'writeresp'>
ST_24 : Operation 463 [6/7] (5.11ns)   --->   "%empty_66 = readreq i1 @_ssdm_op_ReadReq.m_axi.p1i32, i32 %gmem0_addr_4, i32 5" [D:/lenet_project/handoff/LeNet_DSE_Framework_2022_2/LeNet_DSE_Framework_2022_2/src/lenet_conv.cpp:18]   --->   Operation 463 'readreq' 'empty_66' <Predicate = (!icmp_ln53)> <Delay = 5.11> <CoreInst = "m_axi">   --->   Core 113 'm_axi' <Latency = 0> <II = 1> <Delay = 1.00> <Adapter> <Opcode : 'read' 'write' 'readreq' 'writereq' 'writeresp'>
ST_24 : Operation 464 [1/9] (4.34ns)   --->   "%accumulator_assign_s = fadd i32 %accumulator_2_read, i32 %mul_i5_i" [D:/lenet_project/handoff/LeNet_DSE_Framework_2022_2/LeNet_DSE_Framework_2022_2/src/lenet_conv.cpp:36]   --->   Operation 464 'fadd' 'accumulator_assign_s' <Predicate = (!icmp_ln53)> <Delay = 4.34> <CoreInst = "FAddSub_fulldsp">   --->   Core 18 'FAddSub_fulldsp' <Latency = 8> <II = 1> <Delay = 4.34> <FuncUnit> <Opcode : 'fadd' 'fsub'> <InPorts = 2> <OutPorts = 1>
ST_24 : Operation 465 [1/5] (4.35ns)   --->   "%mul_i5_i_9 = fmul i32 %window_9, i32 %bitcast_ln36_9" [D:/lenet_project/handoff/LeNet_DSE_Framework_2022_2/LeNet_DSE_Framework_2022_2/src/lenet_conv.cpp:36]   --->   Operation 465 'fmul' 'mul_i5_i_9' <Predicate = (!icmp_ln53)> <Delay = 4.35> <CoreInst = "FMul_maxdsp">   --->   Core 30 'FMul_maxdsp' <Latency = 4> <II = 1> <Delay = 4.35> <FuncUnit> <Opcode : 'fmul'> <InPorts = 2> <OutPorts = 1>
ST_24 : Operation 466 [2/5] (4.35ns)   --->   "%mul_i5_i_s = fmul i32 %window_10, i32 %bitcast_ln36_10" [D:/lenet_project/handoff/LeNet_DSE_Framework_2022_2/LeNet_DSE_Framework_2022_2/src/lenet_conv.cpp:36]   --->   Operation 466 'fmul' 'mul_i5_i_s' <Predicate = (!icmp_ln53)> <Delay = 4.35> <CoreInst = "FMul_maxdsp">   --->   Core 30 'FMul_maxdsp' <Latency = 4> <II = 1> <Delay = 4.35> <FuncUnit> <Opcode : 'fmul'> <InPorts = 2> <OutPorts = 1>
ST_24 : Operation 467 [3/5] (4.35ns)   --->   "%mul_i5_i_10 = fmul i32 %window_11, i32 %bitcast_ln36_11" [D:/lenet_project/handoff/LeNet_DSE_Framework_2022_2/LeNet_DSE_Framework_2022_2/src/lenet_conv.cpp:36]   --->   Operation 467 'fmul' 'mul_i5_i_10' <Predicate = (!icmp_ln53)> <Delay = 4.35> <CoreInst = "FMul_maxdsp">   --->   Core 30 'FMul_maxdsp' <Latency = 4> <II = 1> <Delay = 4.35> <FuncUnit> <Opcode : 'fmul'> <InPorts = 2> <OutPorts = 1>
ST_24 : Operation 468 [4/5] (4.35ns)   --->   "%mul_i5_i_11 = fmul i32 %window_12, i32 %bitcast_ln36_12" [D:/lenet_project/handoff/LeNet_DSE_Framework_2022_2/LeNet_DSE_Framework_2022_2/src/lenet_conv.cpp:36]   --->   Operation 468 'fmul' 'mul_i5_i_11' <Predicate = (!icmp_ln53)> <Delay = 4.35> <CoreInst = "FMul_maxdsp">   --->   Core 30 'FMul_maxdsp' <Latency = 4> <II = 1> <Delay = 4.35> <FuncUnit> <Opcode : 'fmul'> <InPorts = 2> <OutPorts = 1>
ST_24 : Operation 469 [1/1] (0.00ns)   --->   "%bitcast_ln36_13 = bitcast i32 %gmem1_addr_read_13" [D:/lenet_project/handoff/LeNet_DSE_Framework_2022_2/LeNet_DSE_Framework_2022_2/src/lenet_conv.cpp:36]   --->   Operation 469 'bitcast' 'bitcast_ln36_13' <Predicate = (!icmp_ln53)> <Delay = 0.00>
ST_24 : Operation 470 [5/5] (5.37ns)   --->   "%mul_i5_i_12 = fmul i32 %window_13, i32 %bitcast_ln36_13" [D:/lenet_project/handoff/LeNet_DSE_Framework_2022_2/LeNet_DSE_Framework_2022_2/src/lenet_conv.cpp:36]   --->   Operation 470 'fmul' 'mul_i5_i_12' <Predicate = (!icmp_ln53)> <Delay = 5.37> <CoreInst = "FMul_maxdsp">   --->   Core 30 'FMul_maxdsp' <Latency = 4> <II = 1> <Delay = 4.35> <FuncUnit> <Opcode : 'fmul'> <InPorts = 2> <OutPorts = 1>
ST_24 : Operation 471 [1/1] (5.11ns)   --->   "%gmem1_addr_read_15 = read i32 @_ssdm_op_Read.m_axi.p1i32, i32 %gmem1_addr" [D:/lenet_project/handoff/LeNet_DSE_Framework_2022_2/LeNet_DSE_Framework_2022_2/src/lenet_conv.cpp:36]   --->   Operation 471 'read' 'gmem1_addr_read_15' <Predicate = (!icmp_ln53)> <Delay = 5.11> <CoreInst = "m_axi">   --->   Core 113 'm_axi' <Latency = 0> <II = 1> <Delay = 1.00> <Adapter> <Opcode : 'read' 'write' 'readreq' 'writereq' 'writeresp'>

State 25 <SV = 24> <Delay = 5.37>
ST_25 : Operation 472 [1/1] (1.73ns)   --->   "%add_ln53_3 = add i10 %indvar_flatten_load, i10 1" [D:/lenet_project/handoff/LeNet_DSE_Framework_2022_2/LeNet_DSE_Framework_2022_2/src/lenet_conv.cpp:53]   --->   Operation 472 'add' 'add_ln53_3' <Predicate = true> <Delay = 1.73> <CoreInst = "Adder">   --->   Core 1 'Adder' <Latency = 0> <II = 1> <Delay = 1.73> <FuncUnit> <Opcode : 'add' 'sub'> <InPorts = 2> <OutPorts = 1>
ST_25 : Operation 473 [1/1] (0.00ns)   --->   "%window_14 = bitcast i32 %gmem0_addr_2_read_4" [D:/lenet_project/handoff/LeNet_DSE_Framework_2022_2/LeNet_DSE_Framework_2022_2/src/lenet_conv.cpp:23]   --->   Operation 473 'bitcast' 'window_14' <Predicate = (!icmp_ln53)> <Delay = 0.00>
ST_25 : Operation 474 [1/1] (5.11ns)   --->   "%gmem0_addr_3_read = read i32 @_ssdm_op_Read.m_axi.p1i32, i32 %gmem0_addr_3" [D:/lenet_project/handoff/LeNet_DSE_Framework_2022_2/LeNet_DSE_Framework_2022_2/src/lenet_conv.cpp:23]   --->   Operation 474 'read' 'gmem0_addr_3_read' <Predicate = (!icmp_ln53)> <Delay = 5.11> <CoreInst = "m_axi">   --->   Core 113 'm_axi' <Latency = 0> <II = 1> <Delay = 1.00> <Adapter> <Opcode : 'read' 'write' 'readreq' 'writereq' 'writeresp'>
ST_25 : Operation 475 [5/7] (5.11ns)   --->   "%empty_66 = readreq i1 @_ssdm_op_ReadReq.m_axi.p1i32, i32 %gmem0_addr_4, i32 5" [D:/lenet_project/handoff/LeNet_DSE_Framework_2022_2/LeNet_DSE_Framework_2022_2/src/lenet_conv.cpp:18]   --->   Operation 475 'readreq' 'empty_66' <Predicate = (!icmp_ln53)> <Delay = 5.11> <CoreInst = "m_axi">   --->   Core 113 'm_axi' <Latency = 0> <II = 1> <Delay = 1.00> <Adapter> <Opcode : 'read' 'write' 'readreq' 'writereq' 'writeresp'>
ST_25 : Operation 476 [9/9] (5.37ns)   --->   "%accumulator_assign_4_1 = fadd i32 %accumulator_assign_s, i32 %mul_i5_i_1" [D:/lenet_project/handoff/LeNet_DSE_Framework_2022_2/LeNet_DSE_Framework_2022_2/src/lenet_conv.cpp:36]   --->   Operation 476 'fadd' 'accumulator_assign_4_1' <Predicate = (!icmp_ln53)> <Delay = 5.37> <CoreInst = "FAddSub_fulldsp">   --->   Core 18 'FAddSub_fulldsp' <Latency = 8> <II = 1> <Delay = 4.34> <FuncUnit> <Opcode : 'fadd' 'fsub'> <InPorts = 2> <OutPorts = 1>
ST_25 : Operation 477 [1/5] (4.35ns)   --->   "%mul_i5_i_s = fmul i32 %window_10, i32 %bitcast_ln36_10" [D:/lenet_project/handoff/LeNet_DSE_Framework_2022_2/LeNet_DSE_Framework_2022_2/src/lenet_conv.cpp:36]   --->   Operation 477 'fmul' 'mul_i5_i_s' <Predicate = (!icmp_ln53)> <Delay = 4.35> <CoreInst = "FMul_maxdsp">   --->   Core 30 'FMul_maxdsp' <Latency = 4> <II = 1> <Delay = 4.35> <FuncUnit> <Opcode : 'fmul'> <InPorts = 2> <OutPorts = 1>
ST_25 : Operation 478 [2/5] (4.35ns)   --->   "%mul_i5_i_10 = fmul i32 %window_11, i32 %bitcast_ln36_11" [D:/lenet_project/handoff/LeNet_DSE_Framework_2022_2/LeNet_DSE_Framework_2022_2/src/lenet_conv.cpp:36]   --->   Operation 478 'fmul' 'mul_i5_i_10' <Predicate = (!icmp_ln53)> <Delay = 4.35> <CoreInst = "FMul_maxdsp">   --->   Core 30 'FMul_maxdsp' <Latency = 4> <II = 1> <Delay = 4.35> <FuncUnit> <Opcode : 'fmul'> <InPorts = 2> <OutPorts = 1>
ST_25 : Operation 479 [3/5] (4.35ns)   --->   "%mul_i5_i_11 = fmul i32 %window_12, i32 %bitcast_ln36_12" [D:/lenet_project/handoff/LeNet_DSE_Framework_2022_2/LeNet_DSE_Framework_2022_2/src/lenet_conv.cpp:36]   --->   Operation 479 'fmul' 'mul_i5_i_11' <Predicate = (!icmp_ln53)> <Delay = 4.35> <CoreInst = "FMul_maxdsp">   --->   Core 30 'FMul_maxdsp' <Latency = 4> <II = 1> <Delay = 4.35> <FuncUnit> <Opcode : 'fmul'> <InPorts = 2> <OutPorts = 1>
ST_25 : Operation 480 [4/5] (4.35ns)   --->   "%mul_i5_i_12 = fmul i32 %window_13, i32 %bitcast_ln36_13" [D:/lenet_project/handoff/LeNet_DSE_Framework_2022_2/LeNet_DSE_Framework_2022_2/src/lenet_conv.cpp:36]   --->   Operation 480 'fmul' 'mul_i5_i_12' <Predicate = (!icmp_ln53)> <Delay = 4.35> <CoreInst = "FMul_maxdsp">   --->   Core 30 'FMul_maxdsp' <Latency = 4> <II = 1> <Delay = 4.35> <FuncUnit> <Opcode : 'fmul'> <InPorts = 2> <OutPorts = 1>
ST_25 : Operation 481 [1/1] (0.00ns)   --->   "%bitcast_ln36_14 = bitcast i32 %gmem1_addr_read_14" [D:/lenet_project/handoff/LeNet_DSE_Framework_2022_2/LeNet_DSE_Framework_2022_2/src/lenet_conv.cpp:36]   --->   Operation 481 'bitcast' 'bitcast_ln36_14' <Predicate = (!icmp_ln53)> <Delay = 0.00>
ST_25 : Operation 482 [5/5] (5.37ns)   --->   "%mul_i5_i_13 = fmul i32 %window_14, i32 %bitcast_ln36_14" [D:/lenet_project/handoff/LeNet_DSE_Framework_2022_2/LeNet_DSE_Framework_2022_2/src/lenet_conv.cpp:36]   --->   Operation 482 'fmul' 'mul_i5_i_13' <Predicate = (!icmp_ln53)> <Delay = 5.37> <CoreInst = "FMul_maxdsp">   --->   Core 30 'FMul_maxdsp' <Latency = 4> <II = 1> <Delay = 4.35> <FuncUnit> <Opcode : 'fmul'> <InPorts = 2> <OutPorts = 1>
ST_25 : Operation 483 [1/1] (5.11ns)   --->   "%gmem1_addr_read_16 = read i32 @_ssdm_op_Read.m_axi.p1i32, i32 %gmem1_addr" [D:/lenet_project/handoff/LeNet_DSE_Framework_2022_2/LeNet_DSE_Framework_2022_2/src/lenet_conv.cpp:36]   --->   Operation 483 'read' 'gmem1_addr_read_16' <Predicate = (!icmp_ln53)> <Delay = 5.11> <CoreInst = "m_axi">   --->   Core 113 'm_axi' <Latency = 0> <II = 1> <Delay = 1.00> <Adapter> <Opcode : 'read' 'write' 'readreq' 'writereq' 'writeresp'>
ST_25 : Operation 484 [1/1] (1.78ns)   --->   "%add_ln55 = add i5 %select_ln53, i5 1" [D:/lenet_project/handoff/LeNet_DSE_Framework_2022_2/LeNet_DSE_Framework_2022_2/src/lenet_conv.cpp:55]   --->   Operation 484 'add' 'add_ln55' <Predicate = (!icmp_ln53)> <Delay = 1.78> <CoreInst = "Adder">   --->   Core 1 'Adder' <Latency = 0> <II = 1> <Delay = 1.78> <FuncUnit> <Opcode : 'add' 'sub'> <InPorts = 2> <OutPorts = 1>
ST_25 : Operation 485 [1/1] (1.58ns)   --->   "%store_ln55 = store i10 %add_ln53_3, i10 %indvar_flatten" [D:/lenet_project/handoff/LeNet_DSE_Framework_2022_2/LeNet_DSE_Framework_2022_2/src/lenet_conv.cpp:55]   --->   Operation 485 'store' 'store_ln55' <Predicate = (!icmp_ln53)> <Delay = 1.58>
ST_25 : Operation 486 [1/1] (1.58ns)   --->   "%store_ln55 = store i5 %add_ln55, i5 %output_col_1" [D:/lenet_project/handoff/LeNet_DSE_Framework_2022_2/LeNet_DSE_Framework_2022_2/src/lenet_conv.cpp:55]   --->   Operation 486 'store' 'store_ln55' <Predicate = (!icmp_ln53)> <Delay = 1.58>

State 26 <SV = 25> <Delay = 5.37>
ST_26 : Operation 487 [1/1] (0.00ns)   --->   "%window_15 = bitcast i32 %gmem0_addr_3_read" [D:/lenet_project/handoff/LeNet_DSE_Framework_2022_2/LeNet_DSE_Framework_2022_2/src/lenet_conv.cpp:23]   --->   Operation 487 'bitcast' 'window_15' <Predicate = (!icmp_ln53)> <Delay = 0.00>
ST_26 : Operation 488 [1/1] (5.11ns)   --->   "%gmem0_addr_3_read_1 = read i32 @_ssdm_op_Read.m_axi.p1i32, i32 %gmem0_addr_3" [D:/lenet_project/handoff/LeNet_DSE_Framework_2022_2/LeNet_DSE_Framework_2022_2/src/lenet_conv.cpp:23]   --->   Operation 488 'read' 'gmem0_addr_3_read_1' <Predicate = (!icmp_ln53)> <Delay = 5.11> <CoreInst = "m_axi">   --->   Core 113 'm_axi' <Latency = 0> <II = 1> <Delay = 1.00> <Adapter> <Opcode : 'read' 'write' 'readreq' 'writereq' 'writeresp'>
ST_26 : Operation 489 [4/7] (5.11ns)   --->   "%empty_66 = readreq i1 @_ssdm_op_ReadReq.m_axi.p1i32, i32 %gmem0_addr_4, i32 5" [D:/lenet_project/handoff/LeNet_DSE_Framework_2022_2/LeNet_DSE_Framework_2022_2/src/lenet_conv.cpp:18]   --->   Operation 489 'readreq' 'empty_66' <Predicate = (!icmp_ln53)> <Delay = 5.11> <CoreInst = "m_axi">   --->   Core 113 'm_axi' <Latency = 0> <II = 1> <Delay = 1.00> <Adapter> <Opcode : 'read' 'write' 'readreq' 'writereq' 'writeresp'>
ST_26 : Operation 490 [8/9] (4.34ns)   --->   "%accumulator_assign_4_1 = fadd i32 %accumulator_assign_s, i32 %mul_i5_i_1" [D:/lenet_project/handoff/LeNet_DSE_Framework_2022_2/LeNet_DSE_Framework_2022_2/src/lenet_conv.cpp:36]   --->   Operation 490 'fadd' 'accumulator_assign_4_1' <Predicate = (!icmp_ln53)> <Delay = 4.34> <CoreInst = "FAddSub_fulldsp">   --->   Core 18 'FAddSub_fulldsp' <Latency = 8> <II = 1> <Delay = 4.34> <FuncUnit> <Opcode : 'fadd' 'fsub'> <InPorts = 2> <OutPorts = 1>
ST_26 : Operation 491 [1/5] (4.35ns)   --->   "%mul_i5_i_10 = fmul i32 %window_11, i32 %bitcast_ln36_11" [D:/lenet_project/handoff/LeNet_DSE_Framework_2022_2/LeNet_DSE_Framework_2022_2/src/lenet_conv.cpp:36]   --->   Operation 491 'fmul' 'mul_i5_i_10' <Predicate = (!icmp_ln53)> <Delay = 4.35> <CoreInst = "FMul_maxdsp">   --->   Core 30 'FMul_maxdsp' <Latency = 4> <II = 1> <Delay = 4.35> <FuncUnit> <Opcode : 'fmul'> <InPorts = 2> <OutPorts = 1>
ST_26 : Operation 492 [2/5] (4.35ns)   --->   "%mul_i5_i_11 = fmul i32 %window_12, i32 %bitcast_ln36_12" [D:/lenet_project/handoff/LeNet_DSE_Framework_2022_2/LeNet_DSE_Framework_2022_2/src/lenet_conv.cpp:36]   --->   Operation 492 'fmul' 'mul_i5_i_11' <Predicate = (!icmp_ln53)> <Delay = 4.35> <CoreInst = "FMul_maxdsp">   --->   Core 30 'FMul_maxdsp' <Latency = 4> <II = 1> <Delay = 4.35> <FuncUnit> <Opcode : 'fmul'> <InPorts = 2> <OutPorts = 1>
ST_26 : Operation 493 [3/5] (4.35ns)   --->   "%mul_i5_i_12 = fmul i32 %window_13, i32 %bitcast_ln36_13" [D:/lenet_project/handoff/LeNet_DSE_Framework_2022_2/LeNet_DSE_Framework_2022_2/src/lenet_conv.cpp:36]   --->   Operation 493 'fmul' 'mul_i5_i_12' <Predicate = (!icmp_ln53)> <Delay = 4.35> <CoreInst = "FMul_maxdsp">   --->   Core 30 'FMul_maxdsp' <Latency = 4> <II = 1> <Delay = 4.35> <FuncUnit> <Opcode : 'fmul'> <InPorts = 2> <OutPorts = 1>
ST_26 : Operation 494 [4/5] (4.35ns)   --->   "%mul_i5_i_13 = fmul i32 %window_14, i32 %bitcast_ln36_14" [D:/lenet_project/handoff/LeNet_DSE_Framework_2022_2/LeNet_DSE_Framework_2022_2/src/lenet_conv.cpp:36]   --->   Operation 494 'fmul' 'mul_i5_i_13' <Predicate = (!icmp_ln53)> <Delay = 4.35> <CoreInst = "FMul_maxdsp">   --->   Core 30 'FMul_maxdsp' <Latency = 4> <II = 1> <Delay = 4.35> <FuncUnit> <Opcode : 'fmul'> <InPorts = 2> <OutPorts = 1>
ST_26 : Operation 495 [1/1] (0.00ns)   --->   "%bitcast_ln36_15 = bitcast i32 %gmem1_addr_read_15" [D:/lenet_project/handoff/LeNet_DSE_Framework_2022_2/LeNet_DSE_Framework_2022_2/src/lenet_conv.cpp:36]   --->   Operation 495 'bitcast' 'bitcast_ln36_15' <Predicate = (!icmp_ln53)> <Delay = 0.00>
ST_26 : Operation 496 [5/5] (5.37ns)   --->   "%mul_i5_i_14 = fmul i32 %window_15, i32 %bitcast_ln36_15" [D:/lenet_project/handoff/LeNet_DSE_Framework_2022_2/LeNet_DSE_Framework_2022_2/src/lenet_conv.cpp:36]   --->   Operation 496 'fmul' 'mul_i5_i_14' <Predicate = (!icmp_ln53)> <Delay = 5.37> <CoreInst = "FMul_maxdsp">   --->   Core 30 'FMul_maxdsp' <Latency = 4> <II = 1> <Delay = 4.35> <FuncUnit> <Opcode : 'fmul'> <InPorts = 2> <OutPorts = 1>
ST_26 : Operation 497 [1/1] (5.11ns)   --->   "%gmem1_addr_read_17 = read i32 @_ssdm_op_Read.m_axi.p1i32, i32 %gmem1_addr" [D:/lenet_project/handoff/LeNet_DSE_Framework_2022_2/LeNet_DSE_Framework_2022_2/src/lenet_conv.cpp:36]   --->   Operation 497 'read' 'gmem1_addr_read_17' <Predicate = (!icmp_ln53)> <Delay = 5.11> <CoreInst = "m_axi">   --->   Core 113 'm_axi' <Latency = 0> <II = 1> <Delay = 1.00> <Adapter> <Opcode : 'read' 'write' 'readreq' 'writereq' 'writeresp'>

State 27 <SV = 26> <Delay = 5.37>
ST_27 : Operation 498 [1/1] (0.00ns)   --->   "%window_16 = bitcast i32 %gmem0_addr_3_read_1" [D:/lenet_project/handoff/LeNet_DSE_Framework_2022_2/LeNet_DSE_Framework_2022_2/src/lenet_conv.cpp:23]   --->   Operation 498 'bitcast' 'window_16' <Predicate = (!icmp_ln53)> <Delay = 0.00>
ST_27 : Operation 499 [1/1] (5.11ns)   --->   "%gmem0_addr_3_read_2 = read i32 @_ssdm_op_Read.m_axi.p1i32, i32 %gmem0_addr_3" [D:/lenet_project/handoff/LeNet_DSE_Framework_2022_2/LeNet_DSE_Framework_2022_2/src/lenet_conv.cpp:23]   --->   Operation 499 'read' 'gmem0_addr_3_read_2' <Predicate = (!icmp_ln53)> <Delay = 5.11> <CoreInst = "m_axi">   --->   Core 113 'm_axi' <Latency = 0> <II = 1> <Delay = 1.00> <Adapter> <Opcode : 'read' 'write' 'readreq' 'writereq' 'writeresp'>
ST_27 : Operation 500 [3/7] (5.11ns)   --->   "%empty_66 = readreq i1 @_ssdm_op_ReadReq.m_axi.p1i32, i32 %gmem0_addr_4, i32 5" [D:/lenet_project/handoff/LeNet_DSE_Framework_2022_2/LeNet_DSE_Framework_2022_2/src/lenet_conv.cpp:18]   --->   Operation 500 'readreq' 'empty_66' <Predicate = (!icmp_ln53)> <Delay = 5.11> <CoreInst = "m_axi">   --->   Core 113 'm_axi' <Latency = 0> <II = 1> <Delay = 1.00> <Adapter> <Opcode : 'read' 'write' 'readreq' 'writereq' 'writeresp'>
ST_27 : Operation 501 [7/9] (4.34ns)   --->   "%accumulator_assign_4_1 = fadd i32 %accumulator_assign_s, i32 %mul_i5_i_1" [D:/lenet_project/handoff/LeNet_DSE_Framework_2022_2/LeNet_DSE_Framework_2022_2/src/lenet_conv.cpp:36]   --->   Operation 501 'fadd' 'accumulator_assign_4_1' <Predicate = (!icmp_ln53)> <Delay = 4.34> <CoreInst = "FAddSub_fulldsp">   --->   Core 18 'FAddSub_fulldsp' <Latency = 8> <II = 1> <Delay = 4.34> <FuncUnit> <Opcode : 'fadd' 'fsub'> <InPorts = 2> <OutPorts = 1>
ST_27 : Operation 502 [1/5] (4.35ns)   --->   "%mul_i5_i_11 = fmul i32 %window_12, i32 %bitcast_ln36_12" [D:/lenet_project/handoff/LeNet_DSE_Framework_2022_2/LeNet_DSE_Framework_2022_2/src/lenet_conv.cpp:36]   --->   Operation 502 'fmul' 'mul_i5_i_11' <Predicate = (!icmp_ln53)> <Delay = 4.35> <CoreInst = "FMul_maxdsp">   --->   Core 30 'FMul_maxdsp' <Latency = 4> <II = 1> <Delay = 4.35> <FuncUnit> <Opcode : 'fmul'> <InPorts = 2> <OutPorts = 1>
ST_27 : Operation 503 [2/5] (4.35ns)   --->   "%mul_i5_i_12 = fmul i32 %window_13, i32 %bitcast_ln36_13" [D:/lenet_project/handoff/LeNet_DSE_Framework_2022_2/LeNet_DSE_Framework_2022_2/src/lenet_conv.cpp:36]   --->   Operation 503 'fmul' 'mul_i5_i_12' <Predicate = (!icmp_ln53)> <Delay = 4.35> <CoreInst = "FMul_maxdsp">   --->   Core 30 'FMul_maxdsp' <Latency = 4> <II = 1> <Delay = 4.35> <FuncUnit> <Opcode : 'fmul'> <InPorts = 2> <OutPorts = 1>
ST_27 : Operation 504 [3/5] (4.35ns)   --->   "%mul_i5_i_13 = fmul i32 %window_14, i32 %bitcast_ln36_14" [D:/lenet_project/handoff/LeNet_DSE_Framework_2022_2/LeNet_DSE_Framework_2022_2/src/lenet_conv.cpp:36]   --->   Operation 504 'fmul' 'mul_i5_i_13' <Predicate = (!icmp_ln53)> <Delay = 4.35> <CoreInst = "FMul_maxdsp">   --->   Core 30 'FMul_maxdsp' <Latency = 4> <II = 1> <Delay = 4.35> <FuncUnit> <Opcode : 'fmul'> <InPorts = 2> <OutPorts = 1>
ST_27 : Operation 505 [4/5] (4.35ns)   --->   "%mul_i5_i_14 = fmul i32 %window_15, i32 %bitcast_ln36_15" [D:/lenet_project/handoff/LeNet_DSE_Framework_2022_2/LeNet_DSE_Framework_2022_2/src/lenet_conv.cpp:36]   --->   Operation 505 'fmul' 'mul_i5_i_14' <Predicate = (!icmp_ln53)> <Delay = 4.35> <CoreInst = "FMul_maxdsp">   --->   Core 30 'FMul_maxdsp' <Latency = 4> <II = 1> <Delay = 4.35> <FuncUnit> <Opcode : 'fmul'> <InPorts = 2> <OutPorts = 1>
ST_27 : Operation 506 [1/1] (0.00ns)   --->   "%bitcast_ln36_16 = bitcast i32 %gmem1_addr_read_16" [D:/lenet_project/handoff/LeNet_DSE_Framework_2022_2/LeNet_DSE_Framework_2022_2/src/lenet_conv.cpp:36]   --->   Operation 506 'bitcast' 'bitcast_ln36_16' <Predicate = (!icmp_ln53)> <Delay = 0.00>
ST_27 : Operation 507 [5/5] (5.37ns)   --->   "%mul_i5_i_15 = fmul i32 %window_16, i32 %bitcast_ln36_16" [D:/lenet_project/handoff/LeNet_DSE_Framework_2022_2/LeNet_DSE_Framework_2022_2/src/lenet_conv.cpp:36]   --->   Operation 507 'fmul' 'mul_i5_i_15' <Predicate = (!icmp_ln53)> <Delay = 5.37> <CoreInst = "FMul_maxdsp">   --->   Core 30 'FMul_maxdsp' <Latency = 4> <II = 1> <Delay = 4.35> <FuncUnit> <Opcode : 'fmul'> <InPorts = 2> <OutPorts = 1>
ST_27 : Operation 508 [1/1] (5.11ns)   --->   "%gmem1_addr_read_18 = read i32 @_ssdm_op_Read.m_axi.p1i32, i32 %gmem1_addr" [D:/lenet_project/handoff/LeNet_DSE_Framework_2022_2/LeNet_DSE_Framework_2022_2/src/lenet_conv.cpp:36]   --->   Operation 508 'read' 'gmem1_addr_read_18' <Predicate = (!icmp_ln53)> <Delay = 5.11> <CoreInst = "m_axi">   --->   Core 113 'm_axi' <Latency = 0> <II = 1> <Delay = 1.00> <Adapter> <Opcode : 'read' 'write' 'readreq' 'writereq' 'writeresp'>

State 28 <SV = 27> <Delay = 5.37>
ST_28 : Operation 509 [1/1] (0.00ns)   --->   "%window_17 = bitcast i32 %gmem0_addr_3_read_2" [D:/lenet_project/handoff/LeNet_DSE_Framework_2022_2/LeNet_DSE_Framework_2022_2/src/lenet_conv.cpp:23]   --->   Operation 509 'bitcast' 'window_17' <Predicate = (!icmp_ln53)> <Delay = 0.00>
ST_28 : Operation 510 [1/1] (5.11ns)   --->   "%gmem0_addr_3_read_3 = read i32 @_ssdm_op_Read.m_axi.p1i32, i32 %gmem0_addr_3" [D:/lenet_project/handoff/LeNet_DSE_Framework_2022_2/LeNet_DSE_Framework_2022_2/src/lenet_conv.cpp:23]   --->   Operation 510 'read' 'gmem0_addr_3_read_3' <Predicate = (!icmp_ln53)> <Delay = 5.11> <CoreInst = "m_axi">   --->   Core 113 'm_axi' <Latency = 0> <II = 1> <Delay = 1.00> <Adapter> <Opcode : 'read' 'write' 'readreq' 'writereq' 'writeresp'>
ST_28 : Operation 511 [2/7] (5.11ns)   --->   "%empty_66 = readreq i1 @_ssdm_op_ReadReq.m_axi.p1i32, i32 %gmem0_addr_4, i32 5" [D:/lenet_project/handoff/LeNet_DSE_Framework_2022_2/LeNet_DSE_Framework_2022_2/src/lenet_conv.cpp:18]   --->   Operation 511 'readreq' 'empty_66' <Predicate = (!icmp_ln53)> <Delay = 5.11> <CoreInst = "m_axi">   --->   Core 113 'm_axi' <Latency = 0> <II = 1> <Delay = 1.00> <Adapter> <Opcode : 'read' 'write' 'readreq' 'writereq' 'writeresp'>
ST_28 : Operation 512 [6/9] (4.34ns)   --->   "%accumulator_assign_4_1 = fadd i32 %accumulator_assign_s, i32 %mul_i5_i_1" [D:/lenet_project/handoff/LeNet_DSE_Framework_2022_2/LeNet_DSE_Framework_2022_2/src/lenet_conv.cpp:36]   --->   Operation 512 'fadd' 'accumulator_assign_4_1' <Predicate = (!icmp_ln53)> <Delay = 4.34> <CoreInst = "FAddSub_fulldsp">   --->   Core 18 'FAddSub_fulldsp' <Latency = 8> <II = 1> <Delay = 4.34> <FuncUnit> <Opcode : 'fadd' 'fsub'> <InPorts = 2> <OutPorts = 1>
ST_28 : Operation 513 [1/5] (4.35ns)   --->   "%mul_i5_i_12 = fmul i32 %window_13, i32 %bitcast_ln36_13" [D:/lenet_project/handoff/LeNet_DSE_Framework_2022_2/LeNet_DSE_Framework_2022_2/src/lenet_conv.cpp:36]   --->   Operation 513 'fmul' 'mul_i5_i_12' <Predicate = (!icmp_ln53)> <Delay = 4.35> <CoreInst = "FMul_maxdsp">   --->   Core 30 'FMul_maxdsp' <Latency = 4> <II = 1> <Delay = 4.35> <FuncUnit> <Opcode : 'fmul'> <InPorts = 2> <OutPorts = 1>
ST_28 : Operation 514 [2/5] (4.35ns)   --->   "%mul_i5_i_13 = fmul i32 %window_14, i32 %bitcast_ln36_14" [D:/lenet_project/handoff/LeNet_DSE_Framework_2022_2/LeNet_DSE_Framework_2022_2/src/lenet_conv.cpp:36]   --->   Operation 514 'fmul' 'mul_i5_i_13' <Predicate = (!icmp_ln53)> <Delay = 4.35> <CoreInst = "FMul_maxdsp">   --->   Core 30 'FMul_maxdsp' <Latency = 4> <II = 1> <Delay = 4.35> <FuncUnit> <Opcode : 'fmul'> <InPorts = 2> <OutPorts = 1>
ST_28 : Operation 515 [3/5] (4.35ns)   --->   "%mul_i5_i_14 = fmul i32 %window_15, i32 %bitcast_ln36_15" [D:/lenet_project/handoff/LeNet_DSE_Framework_2022_2/LeNet_DSE_Framework_2022_2/src/lenet_conv.cpp:36]   --->   Operation 515 'fmul' 'mul_i5_i_14' <Predicate = (!icmp_ln53)> <Delay = 4.35> <CoreInst = "FMul_maxdsp">   --->   Core 30 'FMul_maxdsp' <Latency = 4> <II = 1> <Delay = 4.35> <FuncUnit> <Opcode : 'fmul'> <InPorts = 2> <OutPorts = 1>
ST_28 : Operation 516 [4/5] (4.35ns)   --->   "%mul_i5_i_15 = fmul i32 %window_16, i32 %bitcast_ln36_16" [D:/lenet_project/handoff/LeNet_DSE_Framework_2022_2/LeNet_DSE_Framework_2022_2/src/lenet_conv.cpp:36]   --->   Operation 516 'fmul' 'mul_i5_i_15' <Predicate = (!icmp_ln53)> <Delay = 4.35> <CoreInst = "FMul_maxdsp">   --->   Core 30 'FMul_maxdsp' <Latency = 4> <II = 1> <Delay = 4.35> <FuncUnit> <Opcode : 'fmul'> <InPorts = 2> <OutPorts = 1>
ST_28 : Operation 517 [1/1] (0.00ns)   --->   "%bitcast_ln36_17 = bitcast i32 %gmem1_addr_read_17" [D:/lenet_project/handoff/LeNet_DSE_Framework_2022_2/LeNet_DSE_Framework_2022_2/src/lenet_conv.cpp:36]   --->   Operation 517 'bitcast' 'bitcast_ln36_17' <Predicate = (!icmp_ln53)> <Delay = 0.00>
ST_28 : Operation 518 [5/5] (5.37ns)   --->   "%mul_i5_i_16 = fmul i32 %window_17, i32 %bitcast_ln36_17" [D:/lenet_project/handoff/LeNet_DSE_Framework_2022_2/LeNet_DSE_Framework_2022_2/src/lenet_conv.cpp:36]   --->   Operation 518 'fmul' 'mul_i5_i_16' <Predicate = (!icmp_ln53)> <Delay = 5.37> <CoreInst = "FMul_maxdsp">   --->   Core 30 'FMul_maxdsp' <Latency = 4> <II = 1> <Delay = 4.35> <FuncUnit> <Opcode : 'fmul'> <InPorts = 2> <OutPorts = 1>
ST_28 : Operation 519 [1/1] (5.11ns)   --->   "%gmem1_addr_read_19 = read i32 @_ssdm_op_Read.m_axi.p1i32, i32 %gmem1_addr" [D:/lenet_project/handoff/LeNet_DSE_Framework_2022_2/LeNet_DSE_Framework_2022_2/src/lenet_conv.cpp:36]   --->   Operation 519 'read' 'gmem1_addr_read_19' <Predicate = (!icmp_ln53)> <Delay = 5.11> <CoreInst = "m_axi">   --->   Core 113 'm_axi' <Latency = 0> <II = 1> <Delay = 1.00> <Adapter> <Opcode : 'read' 'write' 'readreq' 'writereq' 'writeresp'>

State 29 <SV = 28> <Delay = 5.37>
ST_29 : Operation 520 [1/1] (0.00ns)   --->   "%window_18 = bitcast i32 %gmem0_addr_3_read_3" [D:/lenet_project/handoff/LeNet_DSE_Framework_2022_2/LeNet_DSE_Framework_2022_2/src/lenet_conv.cpp:23]   --->   Operation 520 'bitcast' 'window_18' <Predicate = (!icmp_ln53)> <Delay = 0.00>
ST_29 : Operation 521 [1/1] (5.11ns)   --->   "%gmem0_addr_3_read_4 = read i32 @_ssdm_op_Read.m_axi.p1i32, i32 %gmem0_addr_3" [D:/lenet_project/handoff/LeNet_DSE_Framework_2022_2/LeNet_DSE_Framework_2022_2/src/lenet_conv.cpp:23]   --->   Operation 521 'read' 'gmem0_addr_3_read_4' <Predicate = (!icmp_ln53)> <Delay = 5.11> <CoreInst = "m_axi">   --->   Core 113 'm_axi' <Latency = 0> <II = 1> <Delay = 1.00> <Adapter> <Opcode : 'read' 'write' 'readreq' 'writereq' 'writeresp'>
ST_29 : Operation 522 [1/7] (5.11ns)   --->   "%empty_66 = readreq i1 @_ssdm_op_ReadReq.m_axi.p1i32, i32 %gmem0_addr_4, i32 5" [D:/lenet_project/handoff/LeNet_DSE_Framework_2022_2/LeNet_DSE_Framework_2022_2/src/lenet_conv.cpp:18]   --->   Operation 522 'readreq' 'empty_66' <Predicate = (!icmp_ln53)> <Delay = 5.11> <CoreInst = "m_axi">   --->   Core 113 'm_axi' <Latency = 0> <II = 1> <Delay = 1.00> <Adapter> <Opcode : 'read' 'write' 'readreq' 'writereq' 'writeresp'>
ST_29 : Operation 523 [5/9] (4.34ns)   --->   "%accumulator_assign_4_1 = fadd i32 %accumulator_assign_s, i32 %mul_i5_i_1" [D:/lenet_project/handoff/LeNet_DSE_Framework_2022_2/LeNet_DSE_Framework_2022_2/src/lenet_conv.cpp:36]   --->   Operation 523 'fadd' 'accumulator_assign_4_1' <Predicate = (!icmp_ln53)> <Delay = 4.34> <CoreInst = "FAddSub_fulldsp">   --->   Core 18 'FAddSub_fulldsp' <Latency = 8> <II = 1> <Delay = 4.34> <FuncUnit> <Opcode : 'fadd' 'fsub'> <InPorts = 2> <OutPorts = 1>
ST_29 : Operation 524 [1/5] (4.35ns)   --->   "%mul_i5_i_13 = fmul i32 %window_14, i32 %bitcast_ln36_14" [D:/lenet_project/handoff/LeNet_DSE_Framework_2022_2/LeNet_DSE_Framework_2022_2/src/lenet_conv.cpp:36]   --->   Operation 524 'fmul' 'mul_i5_i_13' <Predicate = (!icmp_ln53)> <Delay = 4.35> <CoreInst = "FMul_maxdsp">   --->   Core 30 'FMul_maxdsp' <Latency = 4> <II = 1> <Delay = 4.35> <FuncUnit> <Opcode : 'fmul'> <InPorts = 2> <OutPorts = 1>
ST_29 : Operation 525 [2/5] (4.35ns)   --->   "%mul_i5_i_14 = fmul i32 %window_15, i32 %bitcast_ln36_15" [D:/lenet_project/handoff/LeNet_DSE_Framework_2022_2/LeNet_DSE_Framework_2022_2/src/lenet_conv.cpp:36]   --->   Operation 525 'fmul' 'mul_i5_i_14' <Predicate = (!icmp_ln53)> <Delay = 4.35> <CoreInst = "FMul_maxdsp">   --->   Core 30 'FMul_maxdsp' <Latency = 4> <II = 1> <Delay = 4.35> <FuncUnit> <Opcode : 'fmul'> <InPorts = 2> <OutPorts = 1>
ST_29 : Operation 526 [3/5] (4.35ns)   --->   "%mul_i5_i_15 = fmul i32 %window_16, i32 %bitcast_ln36_16" [D:/lenet_project/handoff/LeNet_DSE_Framework_2022_2/LeNet_DSE_Framework_2022_2/src/lenet_conv.cpp:36]   --->   Operation 526 'fmul' 'mul_i5_i_15' <Predicate = (!icmp_ln53)> <Delay = 4.35> <CoreInst = "FMul_maxdsp">   --->   Core 30 'FMul_maxdsp' <Latency = 4> <II = 1> <Delay = 4.35> <FuncUnit> <Opcode : 'fmul'> <InPorts = 2> <OutPorts = 1>
ST_29 : Operation 527 [4/5] (4.35ns)   --->   "%mul_i5_i_16 = fmul i32 %window_17, i32 %bitcast_ln36_17" [D:/lenet_project/handoff/LeNet_DSE_Framework_2022_2/LeNet_DSE_Framework_2022_2/src/lenet_conv.cpp:36]   --->   Operation 527 'fmul' 'mul_i5_i_16' <Predicate = (!icmp_ln53)> <Delay = 4.35> <CoreInst = "FMul_maxdsp">   --->   Core 30 'FMul_maxdsp' <Latency = 4> <II = 1> <Delay = 4.35> <FuncUnit> <Opcode : 'fmul'> <InPorts = 2> <OutPorts = 1>
ST_29 : Operation 528 [1/1] (0.00ns)   --->   "%bitcast_ln36_18 = bitcast i32 %gmem1_addr_read_18" [D:/lenet_project/handoff/LeNet_DSE_Framework_2022_2/LeNet_DSE_Framework_2022_2/src/lenet_conv.cpp:36]   --->   Operation 528 'bitcast' 'bitcast_ln36_18' <Predicate = (!icmp_ln53)> <Delay = 0.00>
ST_29 : Operation 529 [5/5] (5.37ns)   --->   "%mul_i5_i_17 = fmul i32 %window_18, i32 %bitcast_ln36_18" [D:/lenet_project/handoff/LeNet_DSE_Framework_2022_2/LeNet_DSE_Framework_2022_2/src/lenet_conv.cpp:36]   --->   Operation 529 'fmul' 'mul_i5_i_17' <Predicate = (!icmp_ln53)> <Delay = 5.37> <CoreInst = "FMul_maxdsp">   --->   Core 30 'FMul_maxdsp' <Latency = 4> <II = 1> <Delay = 4.35> <FuncUnit> <Opcode : 'fmul'> <InPorts = 2> <OutPorts = 1>
ST_29 : Operation 530 [1/1] (5.11ns)   --->   "%gmem1_addr_read_20 = read i32 @_ssdm_op_Read.m_axi.p1i32, i32 %gmem1_addr" [D:/lenet_project/handoff/LeNet_DSE_Framework_2022_2/LeNet_DSE_Framework_2022_2/src/lenet_conv.cpp:36]   --->   Operation 530 'read' 'gmem1_addr_read_20' <Predicate = (!icmp_ln53)> <Delay = 5.11> <CoreInst = "m_axi">   --->   Core 113 'm_axi' <Latency = 0> <II = 1> <Delay = 1.00> <Adapter> <Opcode : 'read' 'write' 'readreq' 'writereq' 'writeresp'>

State 30 <SV = 29> <Delay = 5.37>
ST_30 : Operation 531 [1/1] (0.00ns)   --->   "%window_19 = bitcast i32 %gmem0_addr_3_read_4" [D:/lenet_project/handoff/LeNet_DSE_Framework_2022_2/LeNet_DSE_Framework_2022_2/src/lenet_conv.cpp:23]   --->   Operation 531 'bitcast' 'window_19' <Predicate = (!icmp_ln53)> <Delay = 0.00>
ST_30 : Operation 532 [1/1] (5.11ns)   --->   "%gmem0_addr_4_read = read i32 @_ssdm_op_Read.m_axi.p1i32, i32 %gmem0_addr_4" [D:/lenet_project/handoff/LeNet_DSE_Framework_2022_2/LeNet_DSE_Framework_2022_2/src/lenet_conv.cpp:23]   --->   Operation 532 'read' 'gmem0_addr_4_read' <Predicate = (!icmp_ln53)> <Delay = 5.11> <CoreInst = "m_axi">   --->   Core 113 'm_axi' <Latency = 0> <II = 1> <Delay = 1.00> <Adapter> <Opcode : 'read' 'write' 'readreq' 'writereq' 'writeresp'>
ST_30 : Operation 533 [4/9] (4.34ns)   --->   "%accumulator_assign_4_1 = fadd i32 %accumulator_assign_s, i32 %mul_i5_i_1" [D:/lenet_project/handoff/LeNet_DSE_Framework_2022_2/LeNet_DSE_Framework_2022_2/src/lenet_conv.cpp:36]   --->   Operation 533 'fadd' 'accumulator_assign_4_1' <Predicate = (!icmp_ln53)> <Delay = 4.34> <CoreInst = "FAddSub_fulldsp">   --->   Core 18 'FAddSub_fulldsp' <Latency = 8> <II = 1> <Delay = 4.34> <FuncUnit> <Opcode : 'fadd' 'fsub'> <InPorts = 2> <OutPorts = 1>
ST_30 : Operation 534 [1/5] (4.35ns)   --->   "%mul_i5_i_14 = fmul i32 %window_15, i32 %bitcast_ln36_15" [D:/lenet_project/handoff/LeNet_DSE_Framework_2022_2/LeNet_DSE_Framework_2022_2/src/lenet_conv.cpp:36]   --->   Operation 534 'fmul' 'mul_i5_i_14' <Predicate = (!icmp_ln53)> <Delay = 4.35> <CoreInst = "FMul_maxdsp">   --->   Core 30 'FMul_maxdsp' <Latency = 4> <II = 1> <Delay = 4.35> <FuncUnit> <Opcode : 'fmul'> <InPorts = 2> <OutPorts = 1>
ST_30 : Operation 535 [2/5] (4.35ns)   --->   "%mul_i5_i_15 = fmul i32 %window_16, i32 %bitcast_ln36_16" [D:/lenet_project/handoff/LeNet_DSE_Framework_2022_2/LeNet_DSE_Framework_2022_2/src/lenet_conv.cpp:36]   --->   Operation 535 'fmul' 'mul_i5_i_15' <Predicate = (!icmp_ln53)> <Delay = 4.35> <CoreInst = "FMul_maxdsp">   --->   Core 30 'FMul_maxdsp' <Latency = 4> <II = 1> <Delay = 4.35> <FuncUnit> <Opcode : 'fmul'> <InPorts = 2> <OutPorts = 1>
ST_30 : Operation 536 [3/5] (4.35ns)   --->   "%mul_i5_i_16 = fmul i32 %window_17, i32 %bitcast_ln36_17" [D:/lenet_project/handoff/LeNet_DSE_Framework_2022_2/LeNet_DSE_Framework_2022_2/src/lenet_conv.cpp:36]   --->   Operation 536 'fmul' 'mul_i5_i_16' <Predicate = (!icmp_ln53)> <Delay = 4.35> <CoreInst = "FMul_maxdsp">   --->   Core 30 'FMul_maxdsp' <Latency = 4> <II = 1> <Delay = 4.35> <FuncUnit> <Opcode : 'fmul'> <InPorts = 2> <OutPorts = 1>
ST_30 : Operation 537 [4/5] (4.35ns)   --->   "%mul_i5_i_17 = fmul i32 %window_18, i32 %bitcast_ln36_18" [D:/lenet_project/handoff/LeNet_DSE_Framework_2022_2/LeNet_DSE_Framework_2022_2/src/lenet_conv.cpp:36]   --->   Operation 537 'fmul' 'mul_i5_i_17' <Predicate = (!icmp_ln53)> <Delay = 4.35> <CoreInst = "FMul_maxdsp">   --->   Core 30 'FMul_maxdsp' <Latency = 4> <II = 1> <Delay = 4.35> <FuncUnit> <Opcode : 'fmul'> <InPorts = 2> <OutPorts = 1>
ST_30 : Operation 538 [1/1] (0.00ns)   --->   "%bitcast_ln36_19 = bitcast i32 %gmem1_addr_read_19" [D:/lenet_project/handoff/LeNet_DSE_Framework_2022_2/LeNet_DSE_Framework_2022_2/src/lenet_conv.cpp:36]   --->   Operation 538 'bitcast' 'bitcast_ln36_19' <Predicate = (!icmp_ln53)> <Delay = 0.00>
ST_30 : Operation 539 [5/5] (5.37ns)   --->   "%mul_i5_i_18 = fmul i32 %window_19, i32 %bitcast_ln36_19" [D:/lenet_project/handoff/LeNet_DSE_Framework_2022_2/LeNet_DSE_Framework_2022_2/src/lenet_conv.cpp:36]   --->   Operation 539 'fmul' 'mul_i5_i_18' <Predicate = (!icmp_ln53)> <Delay = 5.37> <CoreInst = "FMul_maxdsp">   --->   Core 30 'FMul_maxdsp' <Latency = 4> <II = 1> <Delay = 4.35> <FuncUnit> <Opcode : 'fmul'> <InPorts = 2> <OutPorts = 1>
ST_30 : Operation 540 [1/1] (5.11ns)   --->   "%gmem1_addr_read_21 = read i32 @_ssdm_op_Read.m_axi.p1i32, i32 %gmem1_addr" [D:/lenet_project/handoff/LeNet_DSE_Framework_2022_2/LeNet_DSE_Framework_2022_2/src/lenet_conv.cpp:36]   --->   Operation 540 'read' 'gmem1_addr_read_21' <Predicate = (!icmp_ln53)> <Delay = 5.11> <CoreInst = "m_axi">   --->   Core 113 'm_axi' <Latency = 0> <II = 1> <Delay = 1.00> <Adapter> <Opcode : 'read' 'write' 'readreq' 'writereq' 'writeresp'>

State 31 <SV = 30> <Delay = 5.37>
ST_31 : Operation 541 [1/1] (0.00ns)   --->   "%window_20 = bitcast i32 %gmem0_addr_4_read" [D:/lenet_project/handoff/LeNet_DSE_Framework_2022_2/LeNet_DSE_Framework_2022_2/src/lenet_conv.cpp:23]   --->   Operation 541 'bitcast' 'window_20' <Predicate = (!icmp_ln53)> <Delay = 0.00>
ST_31 : Operation 542 [1/1] (5.11ns)   --->   "%gmem0_addr_4_read_1 = read i32 @_ssdm_op_Read.m_axi.p1i32, i32 %gmem0_addr_4" [D:/lenet_project/handoff/LeNet_DSE_Framework_2022_2/LeNet_DSE_Framework_2022_2/src/lenet_conv.cpp:23]   --->   Operation 542 'read' 'gmem0_addr_4_read_1' <Predicate = (!icmp_ln53)> <Delay = 5.11> <CoreInst = "m_axi">   --->   Core 113 'm_axi' <Latency = 0> <II = 1> <Delay = 1.00> <Adapter> <Opcode : 'read' 'write' 'readreq' 'writereq' 'writeresp'>
ST_31 : Operation 543 [3/9] (4.34ns)   --->   "%accumulator_assign_4_1 = fadd i32 %accumulator_assign_s, i32 %mul_i5_i_1" [D:/lenet_project/handoff/LeNet_DSE_Framework_2022_2/LeNet_DSE_Framework_2022_2/src/lenet_conv.cpp:36]   --->   Operation 543 'fadd' 'accumulator_assign_4_1' <Predicate = (!icmp_ln53)> <Delay = 4.34> <CoreInst = "FAddSub_fulldsp">   --->   Core 18 'FAddSub_fulldsp' <Latency = 8> <II = 1> <Delay = 4.34> <FuncUnit> <Opcode : 'fadd' 'fsub'> <InPorts = 2> <OutPorts = 1>
ST_31 : Operation 544 [1/5] (4.35ns)   --->   "%mul_i5_i_15 = fmul i32 %window_16, i32 %bitcast_ln36_16" [D:/lenet_project/handoff/LeNet_DSE_Framework_2022_2/LeNet_DSE_Framework_2022_2/src/lenet_conv.cpp:36]   --->   Operation 544 'fmul' 'mul_i5_i_15' <Predicate = (!icmp_ln53)> <Delay = 4.35> <CoreInst = "FMul_maxdsp">   --->   Core 30 'FMul_maxdsp' <Latency = 4> <II = 1> <Delay = 4.35> <FuncUnit> <Opcode : 'fmul'> <InPorts = 2> <OutPorts = 1>
ST_31 : Operation 545 [2/5] (4.35ns)   --->   "%mul_i5_i_16 = fmul i32 %window_17, i32 %bitcast_ln36_17" [D:/lenet_project/handoff/LeNet_DSE_Framework_2022_2/LeNet_DSE_Framework_2022_2/src/lenet_conv.cpp:36]   --->   Operation 545 'fmul' 'mul_i5_i_16' <Predicate = (!icmp_ln53)> <Delay = 4.35> <CoreInst = "FMul_maxdsp">   --->   Core 30 'FMul_maxdsp' <Latency = 4> <II = 1> <Delay = 4.35> <FuncUnit> <Opcode : 'fmul'> <InPorts = 2> <OutPorts = 1>
ST_31 : Operation 546 [3/5] (4.35ns)   --->   "%mul_i5_i_17 = fmul i32 %window_18, i32 %bitcast_ln36_18" [D:/lenet_project/handoff/LeNet_DSE_Framework_2022_2/LeNet_DSE_Framework_2022_2/src/lenet_conv.cpp:36]   --->   Operation 546 'fmul' 'mul_i5_i_17' <Predicate = (!icmp_ln53)> <Delay = 4.35> <CoreInst = "FMul_maxdsp">   --->   Core 30 'FMul_maxdsp' <Latency = 4> <II = 1> <Delay = 4.35> <FuncUnit> <Opcode : 'fmul'> <InPorts = 2> <OutPorts = 1>
ST_31 : Operation 547 [4/5] (4.35ns)   --->   "%mul_i5_i_18 = fmul i32 %window_19, i32 %bitcast_ln36_19" [D:/lenet_project/handoff/LeNet_DSE_Framework_2022_2/LeNet_DSE_Framework_2022_2/src/lenet_conv.cpp:36]   --->   Operation 547 'fmul' 'mul_i5_i_18' <Predicate = (!icmp_ln53)> <Delay = 4.35> <CoreInst = "FMul_maxdsp">   --->   Core 30 'FMul_maxdsp' <Latency = 4> <II = 1> <Delay = 4.35> <FuncUnit> <Opcode : 'fmul'> <InPorts = 2> <OutPorts = 1>
ST_31 : Operation 548 [1/1] (0.00ns)   --->   "%bitcast_ln36_20 = bitcast i32 %gmem1_addr_read_20" [D:/lenet_project/handoff/LeNet_DSE_Framework_2022_2/LeNet_DSE_Framework_2022_2/src/lenet_conv.cpp:36]   --->   Operation 548 'bitcast' 'bitcast_ln36_20' <Predicate = (!icmp_ln53)> <Delay = 0.00>
ST_31 : Operation 549 [5/5] (5.37ns)   --->   "%mul_i5_i_19 = fmul i32 %window_20, i32 %bitcast_ln36_20" [D:/lenet_project/handoff/LeNet_DSE_Framework_2022_2/LeNet_DSE_Framework_2022_2/src/lenet_conv.cpp:36]   --->   Operation 549 'fmul' 'mul_i5_i_19' <Predicate = (!icmp_ln53)> <Delay = 5.37> <CoreInst = "FMul_maxdsp">   --->   Core 30 'FMul_maxdsp' <Latency = 4> <II = 1> <Delay = 4.35> <FuncUnit> <Opcode : 'fmul'> <InPorts = 2> <OutPorts = 1>
ST_31 : Operation 550 [1/1] (5.11ns)   --->   "%gmem1_addr_read_22 = read i32 @_ssdm_op_Read.m_axi.p1i32, i32 %gmem1_addr" [D:/lenet_project/handoff/LeNet_DSE_Framework_2022_2/LeNet_DSE_Framework_2022_2/src/lenet_conv.cpp:36]   --->   Operation 550 'read' 'gmem1_addr_read_22' <Predicate = (!icmp_ln53)> <Delay = 5.11> <CoreInst = "m_axi">   --->   Core 113 'm_axi' <Latency = 0> <II = 1> <Delay = 1.00> <Adapter> <Opcode : 'read' 'write' 'readreq' 'writereq' 'writeresp'>

State 32 <SV = 31> <Delay = 5.37>
ST_32 : Operation 551 [1/1] (0.00ns)   --->   "%window_21 = bitcast i32 %gmem0_addr_4_read_1" [D:/lenet_project/handoff/LeNet_DSE_Framework_2022_2/LeNet_DSE_Framework_2022_2/src/lenet_conv.cpp:23]   --->   Operation 551 'bitcast' 'window_21' <Predicate = (!icmp_ln53)> <Delay = 0.00>
ST_32 : Operation 552 [1/1] (5.11ns)   --->   "%gmem0_addr_4_read_2 = read i32 @_ssdm_op_Read.m_axi.p1i32, i32 %gmem0_addr_4" [D:/lenet_project/handoff/LeNet_DSE_Framework_2022_2/LeNet_DSE_Framework_2022_2/src/lenet_conv.cpp:23]   --->   Operation 552 'read' 'gmem0_addr_4_read_2' <Predicate = (!icmp_ln53)> <Delay = 5.11> <CoreInst = "m_axi">   --->   Core 113 'm_axi' <Latency = 0> <II = 1> <Delay = 1.00> <Adapter> <Opcode : 'read' 'write' 'readreq' 'writereq' 'writeresp'>
ST_32 : Operation 553 [2/9] (4.34ns)   --->   "%accumulator_assign_4_1 = fadd i32 %accumulator_assign_s, i32 %mul_i5_i_1" [D:/lenet_project/handoff/LeNet_DSE_Framework_2022_2/LeNet_DSE_Framework_2022_2/src/lenet_conv.cpp:36]   --->   Operation 553 'fadd' 'accumulator_assign_4_1' <Predicate = (!icmp_ln53)> <Delay = 4.34> <CoreInst = "FAddSub_fulldsp">   --->   Core 18 'FAddSub_fulldsp' <Latency = 8> <II = 1> <Delay = 4.34> <FuncUnit> <Opcode : 'fadd' 'fsub'> <InPorts = 2> <OutPorts = 1>
ST_32 : Operation 554 [1/5] (4.35ns)   --->   "%mul_i5_i_16 = fmul i32 %window_17, i32 %bitcast_ln36_17" [D:/lenet_project/handoff/LeNet_DSE_Framework_2022_2/LeNet_DSE_Framework_2022_2/src/lenet_conv.cpp:36]   --->   Operation 554 'fmul' 'mul_i5_i_16' <Predicate = (!icmp_ln53)> <Delay = 4.35> <CoreInst = "FMul_maxdsp">   --->   Core 30 'FMul_maxdsp' <Latency = 4> <II = 1> <Delay = 4.35> <FuncUnit> <Opcode : 'fmul'> <InPorts = 2> <OutPorts = 1>
ST_32 : Operation 555 [2/5] (4.35ns)   --->   "%mul_i5_i_17 = fmul i32 %window_18, i32 %bitcast_ln36_18" [D:/lenet_project/handoff/LeNet_DSE_Framework_2022_2/LeNet_DSE_Framework_2022_2/src/lenet_conv.cpp:36]   --->   Operation 555 'fmul' 'mul_i5_i_17' <Predicate = (!icmp_ln53)> <Delay = 4.35> <CoreInst = "FMul_maxdsp">   --->   Core 30 'FMul_maxdsp' <Latency = 4> <II = 1> <Delay = 4.35> <FuncUnit> <Opcode : 'fmul'> <InPorts = 2> <OutPorts = 1>
ST_32 : Operation 556 [3/5] (4.35ns)   --->   "%mul_i5_i_18 = fmul i32 %window_19, i32 %bitcast_ln36_19" [D:/lenet_project/handoff/LeNet_DSE_Framework_2022_2/LeNet_DSE_Framework_2022_2/src/lenet_conv.cpp:36]   --->   Operation 556 'fmul' 'mul_i5_i_18' <Predicate = (!icmp_ln53)> <Delay = 4.35> <CoreInst = "FMul_maxdsp">   --->   Core 30 'FMul_maxdsp' <Latency = 4> <II = 1> <Delay = 4.35> <FuncUnit> <Opcode : 'fmul'> <InPorts = 2> <OutPorts = 1>
ST_32 : Operation 557 [4/5] (4.35ns)   --->   "%mul_i5_i_19 = fmul i32 %window_20, i32 %bitcast_ln36_20" [D:/lenet_project/handoff/LeNet_DSE_Framework_2022_2/LeNet_DSE_Framework_2022_2/src/lenet_conv.cpp:36]   --->   Operation 557 'fmul' 'mul_i5_i_19' <Predicate = (!icmp_ln53)> <Delay = 4.35> <CoreInst = "FMul_maxdsp">   --->   Core 30 'FMul_maxdsp' <Latency = 4> <II = 1> <Delay = 4.35> <FuncUnit> <Opcode : 'fmul'> <InPorts = 2> <OutPorts = 1>
ST_32 : Operation 558 [1/1] (0.00ns)   --->   "%bitcast_ln36_21 = bitcast i32 %gmem1_addr_read_21" [D:/lenet_project/handoff/LeNet_DSE_Framework_2022_2/LeNet_DSE_Framework_2022_2/src/lenet_conv.cpp:36]   --->   Operation 558 'bitcast' 'bitcast_ln36_21' <Predicate = (!icmp_ln53)> <Delay = 0.00>
ST_32 : Operation 559 [5/5] (5.37ns)   --->   "%mul_i5_i_20 = fmul i32 %window_21, i32 %bitcast_ln36_21" [D:/lenet_project/handoff/LeNet_DSE_Framework_2022_2/LeNet_DSE_Framework_2022_2/src/lenet_conv.cpp:36]   --->   Operation 559 'fmul' 'mul_i5_i_20' <Predicate = (!icmp_ln53)> <Delay = 5.37> <CoreInst = "FMul_maxdsp">   --->   Core 30 'FMul_maxdsp' <Latency = 4> <II = 1> <Delay = 4.35> <FuncUnit> <Opcode : 'fmul'> <InPorts = 2> <OutPorts = 1>
ST_32 : Operation 560 [1/1] (5.11ns)   --->   "%gmem1_addr_read_23 = read i32 @_ssdm_op_Read.m_axi.p1i32, i32 %gmem1_addr" [D:/lenet_project/handoff/LeNet_DSE_Framework_2022_2/LeNet_DSE_Framework_2022_2/src/lenet_conv.cpp:36]   --->   Operation 560 'read' 'gmem1_addr_read_23' <Predicate = (!icmp_ln53)> <Delay = 5.11> <CoreInst = "m_axi">   --->   Core 113 'm_axi' <Latency = 0> <II = 1> <Delay = 1.00> <Adapter> <Opcode : 'read' 'write' 'readreq' 'writereq' 'writeresp'>

State 33 <SV = 32> <Delay = 5.37>
ST_33 : Operation 561 [1/1] (0.00ns)   --->   "%window_22 = bitcast i32 %gmem0_addr_4_read_2" [D:/lenet_project/handoff/LeNet_DSE_Framework_2022_2/LeNet_DSE_Framework_2022_2/src/lenet_conv.cpp:23]   --->   Operation 561 'bitcast' 'window_22' <Predicate = (!icmp_ln53)> <Delay = 0.00>
ST_33 : Operation 562 [1/1] (5.11ns)   --->   "%gmem0_addr_4_read_3 = read i32 @_ssdm_op_Read.m_axi.p1i32, i32 %gmem0_addr_4" [D:/lenet_project/handoff/LeNet_DSE_Framework_2022_2/LeNet_DSE_Framework_2022_2/src/lenet_conv.cpp:23]   --->   Operation 562 'read' 'gmem0_addr_4_read_3' <Predicate = (!icmp_ln53)> <Delay = 5.11> <CoreInst = "m_axi">   --->   Core 113 'm_axi' <Latency = 0> <II = 1> <Delay = 1.00> <Adapter> <Opcode : 'read' 'write' 'readreq' 'writereq' 'writeresp'>
ST_33 : Operation 563 [1/9] (4.34ns)   --->   "%accumulator_assign_4_1 = fadd i32 %accumulator_assign_s, i32 %mul_i5_i_1" [D:/lenet_project/handoff/LeNet_DSE_Framework_2022_2/LeNet_DSE_Framework_2022_2/src/lenet_conv.cpp:36]   --->   Operation 563 'fadd' 'accumulator_assign_4_1' <Predicate = (!icmp_ln53)> <Delay = 4.34> <CoreInst = "FAddSub_fulldsp">   --->   Core 18 'FAddSub_fulldsp' <Latency = 8> <II = 1> <Delay = 4.34> <FuncUnit> <Opcode : 'fadd' 'fsub'> <InPorts = 2> <OutPorts = 1>
ST_33 : Operation 564 [1/5] (4.35ns)   --->   "%mul_i5_i_17 = fmul i32 %window_18, i32 %bitcast_ln36_18" [D:/lenet_project/handoff/LeNet_DSE_Framework_2022_2/LeNet_DSE_Framework_2022_2/src/lenet_conv.cpp:36]   --->   Operation 564 'fmul' 'mul_i5_i_17' <Predicate = (!icmp_ln53)> <Delay = 4.35> <CoreInst = "FMul_maxdsp">   --->   Core 30 'FMul_maxdsp' <Latency = 4> <II = 1> <Delay = 4.35> <FuncUnit> <Opcode : 'fmul'> <InPorts = 2> <OutPorts = 1>
ST_33 : Operation 565 [2/5] (4.35ns)   --->   "%mul_i5_i_18 = fmul i32 %window_19, i32 %bitcast_ln36_19" [D:/lenet_project/handoff/LeNet_DSE_Framework_2022_2/LeNet_DSE_Framework_2022_2/src/lenet_conv.cpp:36]   --->   Operation 565 'fmul' 'mul_i5_i_18' <Predicate = (!icmp_ln53)> <Delay = 4.35> <CoreInst = "FMul_maxdsp">   --->   Core 30 'FMul_maxdsp' <Latency = 4> <II = 1> <Delay = 4.35> <FuncUnit> <Opcode : 'fmul'> <InPorts = 2> <OutPorts = 1>
ST_33 : Operation 566 [3/5] (4.35ns)   --->   "%mul_i5_i_19 = fmul i32 %window_20, i32 %bitcast_ln36_20" [D:/lenet_project/handoff/LeNet_DSE_Framework_2022_2/LeNet_DSE_Framework_2022_2/src/lenet_conv.cpp:36]   --->   Operation 566 'fmul' 'mul_i5_i_19' <Predicate = (!icmp_ln53)> <Delay = 4.35> <CoreInst = "FMul_maxdsp">   --->   Core 30 'FMul_maxdsp' <Latency = 4> <II = 1> <Delay = 4.35> <FuncUnit> <Opcode : 'fmul'> <InPorts = 2> <OutPorts = 1>
ST_33 : Operation 567 [4/5] (4.35ns)   --->   "%mul_i5_i_20 = fmul i32 %window_21, i32 %bitcast_ln36_21" [D:/lenet_project/handoff/LeNet_DSE_Framework_2022_2/LeNet_DSE_Framework_2022_2/src/lenet_conv.cpp:36]   --->   Operation 567 'fmul' 'mul_i5_i_20' <Predicate = (!icmp_ln53)> <Delay = 4.35> <CoreInst = "FMul_maxdsp">   --->   Core 30 'FMul_maxdsp' <Latency = 4> <II = 1> <Delay = 4.35> <FuncUnit> <Opcode : 'fmul'> <InPorts = 2> <OutPorts = 1>
ST_33 : Operation 568 [1/1] (0.00ns)   --->   "%bitcast_ln36_22 = bitcast i32 %gmem1_addr_read_22" [D:/lenet_project/handoff/LeNet_DSE_Framework_2022_2/LeNet_DSE_Framework_2022_2/src/lenet_conv.cpp:36]   --->   Operation 568 'bitcast' 'bitcast_ln36_22' <Predicate = (!icmp_ln53)> <Delay = 0.00>
ST_33 : Operation 569 [5/5] (5.37ns)   --->   "%mul_i5_i_21 = fmul i32 %window_22, i32 %bitcast_ln36_22" [D:/lenet_project/handoff/LeNet_DSE_Framework_2022_2/LeNet_DSE_Framework_2022_2/src/lenet_conv.cpp:36]   --->   Operation 569 'fmul' 'mul_i5_i_21' <Predicate = (!icmp_ln53)> <Delay = 5.37> <CoreInst = "FMul_maxdsp">   --->   Core 30 'FMul_maxdsp' <Latency = 4> <II = 1> <Delay = 4.35> <FuncUnit> <Opcode : 'fmul'> <InPorts = 2> <OutPorts = 1>
ST_33 : Operation 570 [1/1] (5.11ns)   --->   "%gmem1_addr_read_24 = read i32 @_ssdm_op_Read.m_axi.p1i32, i32 %gmem1_addr" [D:/lenet_project/handoff/LeNet_DSE_Framework_2022_2/LeNet_DSE_Framework_2022_2/src/lenet_conv.cpp:36]   --->   Operation 570 'read' 'gmem1_addr_read_24' <Predicate = (!icmp_ln53)> <Delay = 5.11> <CoreInst = "m_axi">   --->   Core 113 'm_axi' <Latency = 0> <II = 1> <Delay = 1.00> <Adapter> <Opcode : 'read' 'write' 'readreq' 'writereq' 'writeresp'>

State 34 <SV = 33> <Delay = 5.37>
ST_34 : Operation 571 [1/1] (0.00ns)   --->   "%specbitsmap_ln0 = specbitsmap void @_ssdm_op_SpecBitsMap, i32 %gmem1"   --->   Operation 571 'specbitsmap' 'specbitsmap_ln0' <Predicate = true> <Delay = 0.00>
ST_34 : Operation 572 [1/1] (0.00ns)   --->   "%specbitsmap_ln0 = specbitsmap void @_ssdm_op_SpecBitsMap, i32 %gmem0"   --->   Operation 572 'specbitsmap' 'specbitsmap_ln0' <Predicate = true> <Delay = 0.00>
ST_34 : Operation 573 [1/1] (0.00ns)   --->   "%zext_ln53 = zext i5 %output_row_2" [D:/lenet_project/handoff/LeNet_DSE_Framework_2022_2/LeNet_DSE_Framework_2022_2/src/lenet_conv.cpp:53]   --->   Operation 573 'zext' 'zext_ln53' <Predicate = (!icmp_ln55)> <Delay = 0.00>
ST_34 : Operation 574 [1/1] (1.82ns)   --->   "%empty_52 = add i9 %zext_ln53, i9 %tmp" [D:/lenet_project/handoff/LeNet_DSE_Framework_2022_2/LeNet_DSE_Framework_2022_2/src/lenet_conv.cpp:53]   --->   Operation 574 'add' 'empty_52' <Predicate = (!icmp_ln55)> <Delay = 1.82> <CoreInst = "Adder">   --->   Core 1 'Adder' <Latency = 0> <II = 1> <Delay = 1.82> <FuncUnit> <Opcode : 'add' 'sub'> <InPorts = 2> <OutPorts = 1>
ST_34 : Operation 575 [1/1] (0.00ns)   --->   "%empty_53 = trunc i9 %empty_52" [D:/lenet_project/handoff/LeNet_DSE_Framework_2022_2/LeNet_DSE_Framework_2022_2/src/lenet_conv.cpp:53]   --->   Operation 575 'trunc' 'empty_53' <Predicate = (!icmp_ln55)> <Delay = 0.00>
ST_34 : Operation 576 [1/1] (0.00ns)   --->   "%p_shl2 = bitconcatenate i13 @_ssdm_op_BitConcatenate.i13.i8.i5, i8 %empty_53, i5 0" [D:/lenet_project/handoff/LeNet_DSE_Framework_2022_2/LeNet_DSE_Framework_2022_2/src/lenet_conv.cpp:53]   --->   Operation 576 'bitconcatenate' 'p_shl2' <Predicate = (!icmp_ln55)> <Delay = 0.00>
ST_34 : Operation 577 [1/1] (0.00ns)   --->   "%p_shl3 = bitconcatenate i11 @_ssdm_op_BitConcatenate.i11.i9.i2, i9 %empty_52, i2 0" [D:/lenet_project/handoff/LeNet_DSE_Framework_2022_2/LeNet_DSE_Framework_2022_2/src/lenet_conv.cpp:53]   --->   Operation 577 'bitconcatenate' 'p_shl3' <Predicate = (!icmp_ln55)> <Delay = 0.00>
ST_34 : Operation 578 [1/1] (0.00ns)   --->   "%p_shl3_cast = sext i11 %p_shl3" [D:/lenet_project/handoff/LeNet_DSE_Framework_2022_2/LeNet_DSE_Framework_2022_2/src/lenet_conv.cpp:53]   --->   Operation 578 'sext' 'p_shl3_cast' <Predicate = (!icmp_ln55)> <Delay = 0.00>
ST_34 : Operation 579 [1/1] (1.67ns)   --->   "%empty_54 = sub i13 %p_shl2, i13 %p_shl3_cast" [D:/lenet_project/handoff/LeNet_DSE_Framework_2022_2/LeNet_DSE_Framework_2022_2/src/lenet_conv.cpp:53]   --->   Operation 579 'sub' 'empty_54' <Predicate = (!icmp_ln55)> <Delay = 1.67> <CoreInst = "Adder">   --->   Core 1 'Adder' <Latency = 0> <II = 1> <Delay = 1.67> <FuncUnit> <Opcode : 'add' 'sub'> <InPorts = 2> <OutPorts = 1>
ST_34 : Operation 580 [1/1] (0.00ns)   --->   "%specpipeline_ln0 = specpipeline void @_ssdm_op_SpecPipeline, i32 4294967295, i32 0, i32 1, i32 0, void @p_str"   --->   Operation 580 'specpipeline' 'specpipeline_ln0' <Predicate = true> <Delay = 0.00>
ST_34 : Operation 581 [1/1] (0.00ns)   --->   "%zext_ln53_1 = zext i5 %tmp5_178199" [D:/lenet_project/handoff/LeNet_DSE_Framework_2022_2/LeNet_DSE_Framework_2022_2/src/lenet_conv.cpp:53]   --->   Operation 581 'zext' 'zext_ln53_1' <Predicate = (!icmp_ln53 & icmp_ln55)> <Delay = 0.00>
ST_34 : Operation 582 [1/1] (1.82ns)   --->   "%p_mid1 = add i9 %zext_ln53_1, i9 %tmp" [D:/lenet_project/handoff/LeNet_DSE_Framework_2022_2/LeNet_DSE_Framework_2022_2/src/lenet_conv.cpp:53]   --->   Operation 582 'add' 'p_mid1' <Predicate = (!icmp_ln53 & icmp_ln55)> <Delay = 1.82> <CoreInst = "Adder">   --->   Core 1 'Adder' <Latency = 0> <II = 1> <Delay = 1.82> <FuncUnit> <Opcode : 'add' 'sub'> <InPorts = 2> <OutPorts = 1>
ST_34 : Operation 583 [1/1] (0.00ns)   --->   "%empty_56 = trunc i9 %p_mid1" [D:/lenet_project/handoff/LeNet_DSE_Framework_2022_2/LeNet_DSE_Framework_2022_2/src/lenet_conv.cpp:53]   --->   Operation 583 'trunc' 'empty_56' <Predicate = (!icmp_ln53 & icmp_ln55)> <Delay = 0.00>
ST_34 : Operation 584 [1/1] (0.00ns)   --->   "%p_shl2_mid1 = bitconcatenate i13 @_ssdm_op_BitConcatenate.i13.i8.i5, i8 %empty_56, i5 0" [D:/lenet_project/handoff/LeNet_DSE_Framework_2022_2/LeNet_DSE_Framework_2022_2/src/lenet_conv.cpp:53]   --->   Operation 584 'bitconcatenate' 'p_shl2_mid1' <Predicate = (!icmp_ln53 & icmp_ln55)> <Delay = 0.00>
ST_34 : Operation 585 [1/1] (0.00ns)   --->   "%p_shl3_mid1 = bitconcatenate i11 @_ssdm_op_BitConcatenate.i11.i9.i2, i9 %p_mid1, i2 0" [D:/lenet_project/handoff/LeNet_DSE_Framework_2022_2/LeNet_DSE_Framework_2022_2/src/lenet_conv.cpp:53]   --->   Operation 585 'bitconcatenate' 'p_shl3_mid1' <Predicate = (!icmp_ln53 & icmp_ln55)> <Delay = 0.00>
ST_34 : Operation 586 [1/1] (0.00ns)   --->   "%p_shl3_cast_mid1 = sext i11 %p_shl3_mid1" [D:/lenet_project/handoff/LeNet_DSE_Framework_2022_2/LeNet_DSE_Framework_2022_2/src/lenet_conv.cpp:53]   --->   Operation 586 'sext' 'p_shl3_cast_mid1' <Predicate = (!icmp_ln53 & icmp_ln55)> <Delay = 0.00>
ST_34 : Operation 587 [1/1] (1.67ns)   --->   "%p_mid13 = sub i13 %p_shl2_mid1, i13 %p_shl3_cast_mid1" [D:/lenet_project/handoff/LeNet_DSE_Framework_2022_2/LeNet_DSE_Framework_2022_2/src/lenet_conv.cpp:53]   --->   Operation 587 'sub' 'p_mid13' <Predicate = (!icmp_ln53 & icmp_ln55)> <Delay = 1.67> <CoreInst = "Adder">   --->   Core 1 'Adder' <Latency = 0> <II = 1> <Delay = 1.67> <FuncUnit> <Opcode : 'add' 'sub'> <InPorts = 2> <OutPorts = 1>
ST_34 : Operation 588 [1/1] (0.00ns)   --->   "%window_23 = bitcast i32 %gmem0_addr_4_read_3" [D:/lenet_project/handoff/LeNet_DSE_Framework_2022_2/LeNet_DSE_Framework_2022_2/src/lenet_conv.cpp:23]   --->   Operation 588 'bitcast' 'window_23' <Predicate = (!icmp_ln53)> <Delay = 0.00>
ST_34 : Operation 589 [1/1] (5.11ns)   --->   "%gmem0_addr_4_read_4 = read i32 @_ssdm_op_Read.m_axi.p1i32, i32 %gmem0_addr_4" [D:/lenet_project/handoff/LeNet_DSE_Framework_2022_2/LeNet_DSE_Framework_2022_2/src/lenet_conv.cpp:23]   --->   Operation 589 'read' 'gmem0_addr_4_read_4' <Predicate = (!icmp_ln53)> <Delay = 5.11> <CoreInst = "m_axi">   --->   Core 113 'm_axi' <Latency = 0> <II = 1> <Delay = 1.00> <Adapter> <Opcode : 'read' 'write' 'readreq' 'writereq' 'writeresp'>
ST_34 : Operation 590 [9/9] (5.37ns)   --->   "%accumulator_assign_4_2 = fadd i32 %accumulator_assign_4_1, i32 %mul_i5_i_2" [D:/lenet_project/handoff/LeNet_DSE_Framework_2022_2/LeNet_DSE_Framework_2022_2/src/lenet_conv.cpp:36]   --->   Operation 590 'fadd' 'accumulator_assign_4_2' <Predicate = (!icmp_ln53)> <Delay = 5.37> <CoreInst = "FAddSub_fulldsp">   --->   Core 18 'FAddSub_fulldsp' <Latency = 8> <II = 1> <Delay = 4.34> <FuncUnit> <Opcode : 'fadd' 'fsub'> <InPorts = 2> <OutPorts = 1>
ST_34 : Operation 591 [1/5] (4.35ns)   --->   "%mul_i5_i_18 = fmul i32 %window_19, i32 %bitcast_ln36_19" [D:/lenet_project/handoff/LeNet_DSE_Framework_2022_2/LeNet_DSE_Framework_2022_2/src/lenet_conv.cpp:36]   --->   Operation 591 'fmul' 'mul_i5_i_18' <Predicate = (!icmp_ln53)> <Delay = 4.35> <CoreInst = "FMul_maxdsp">   --->   Core 30 'FMul_maxdsp' <Latency = 4> <II = 1> <Delay = 4.35> <FuncUnit> <Opcode : 'fmul'> <InPorts = 2> <OutPorts = 1>
ST_34 : Operation 592 [2/5] (4.35ns)   --->   "%mul_i5_i_19 = fmul i32 %window_20, i32 %bitcast_ln36_20" [D:/lenet_project/handoff/LeNet_DSE_Framework_2022_2/LeNet_DSE_Framework_2022_2/src/lenet_conv.cpp:36]   --->   Operation 592 'fmul' 'mul_i5_i_19' <Predicate = (!icmp_ln53)> <Delay = 4.35> <CoreInst = "FMul_maxdsp">   --->   Core 30 'FMul_maxdsp' <Latency = 4> <II = 1> <Delay = 4.35> <FuncUnit> <Opcode : 'fmul'> <InPorts = 2> <OutPorts = 1>
ST_34 : Operation 593 [3/5] (4.35ns)   --->   "%mul_i5_i_20 = fmul i32 %window_21, i32 %bitcast_ln36_21" [D:/lenet_project/handoff/LeNet_DSE_Framework_2022_2/LeNet_DSE_Framework_2022_2/src/lenet_conv.cpp:36]   --->   Operation 593 'fmul' 'mul_i5_i_20' <Predicate = (!icmp_ln53)> <Delay = 4.35> <CoreInst = "FMul_maxdsp">   --->   Core 30 'FMul_maxdsp' <Latency = 4> <II = 1> <Delay = 4.35> <FuncUnit> <Opcode : 'fmul'> <InPorts = 2> <OutPorts = 1>
ST_34 : Operation 594 [4/5] (4.35ns)   --->   "%mul_i5_i_21 = fmul i32 %window_22, i32 %bitcast_ln36_22" [D:/lenet_project/handoff/LeNet_DSE_Framework_2022_2/LeNet_DSE_Framework_2022_2/src/lenet_conv.cpp:36]   --->   Operation 594 'fmul' 'mul_i5_i_21' <Predicate = (!icmp_ln53)> <Delay = 4.35> <CoreInst = "FMul_maxdsp">   --->   Core 30 'FMul_maxdsp' <Latency = 4> <II = 1> <Delay = 4.35> <FuncUnit> <Opcode : 'fmul'> <InPorts = 2> <OutPorts = 1>
ST_34 : Operation 595 [1/1] (0.00ns)   --->   "%bitcast_ln36_23 = bitcast i32 %gmem1_addr_read_23" [D:/lenet_project/handoff/LeNet_DSE_Framework_2022_2/LeNet_DSE_Framework_2022_2/src/lenet_conv.cpp:36]   --->   Operation 595 'bitcast' 'bitcast_ln36_23' <Predicate = (!icmp_ln53)> <Delay = 0.00>
ST_34 : Operation 596 [5/5] (5.37ns)   --->   "%mul_i5_i_22 = fmul i32 %window_23, i32 %bitcast_ln36_23" [D:/lenet_project/handoff/LeNet_DSE_Framework_2022_2/LeNet_DSE_Framework_2022_2/src/lenet_conv.cpp:36]   --->   Operation 596 'fmul' 'mul_i5_i_22' <Predicate = (!icmp_ln53)> <Delay = 5.37> <CoreInst = "FMul_maxdsp">   --->   Core 30 'FMul_maxdsp' <Latency = 4> <II = 1> <Delay = 4.35> <FuncUnit> <Opcode : 'fmul'> <InPorts = 2> <OutPorts = 1>

State 35 <SV = 34> <Delay = 5.37>
ST_35 : Operation 597 [1/1] (0.00ns) (grouped into LUT with out node add_ln76)   --->   "%select_ln53_1 = select i1 %icmp_ln55, i13 %p_mid13, i13 %empty_54" [D:/lenet_project/handoff/LeNet_DSE_Framework_2022_2/LeNet_DSE_Framework_2022_2/src/lenet_conv.cpp:53]   --->   Operation 597 'select' 'select_ln53_1' <Predicate = (!icmp_ln53)> <Delay = 0.00> <CoreInst = "Sel">   --->   Core 73 'Sel' <Latency = 0> <II = 1> <Delay = 0.69> <FuncUnit> <Opcode : 'select'> <InPorts = 3> <OutPorts = 1>
ST_35 : Operation 598 [1/1] (0.00ns) (grouped into LUT with out node add_ln76)   --->   "%output_col_4_cast31 = zext i5 %select_ln53" [D:/lenet_project/handoff/LeNet_DSE_Framework_2022_2/LeNet_DSE_Framework_2022_2/src/lenet_conv.cpp:53]   --->   Operation 598 'zext' 'output_col_4_cast31' <Predicate = (!icmp_ln53)> <Delay = 0.00>
ST_35 : Operation 599 [1/1] (0.00ns)   --->   "%window_24 = bitcast i32 %gmem0_addr_4_read_4" [D:/lenet_project/handoff/LeNet_DSE_Framework_2022_2/LeNet_DSE_Framework_2022_2/src/lenet_conv.cpp:23]   --->   Operation 599 'bitcast' 'window_24' <Predicate = (!icmp_ln53)> <Delay = 0.00>
ST_35 : Operation 600 [8/9] (4.34ns)   --->   "%accumulator_assign_4_2 = fadd i32 %accumulator_assign_4_1, i32 %mul_i5_i_2" [D:/lenet_project/handoff/LeNet_DSE_Framework_2022_2/LeNet_DSE_Framework_2022_2/src/lenet_conv.cpp:36]   --->   Operation 600 'fadd' 'accumulator_assign_4_2' <Predicate = (!icmp_ln53)> <Delay = 4.34> <CoreInst = "FAddSub_fulldsp">   --->   Core 18 'FAddSub_fulldsp' <Latency = 8> <II = 1> <Delay = 4.34> <FuncUnit> <Opcode : 'fadd' 'fsub'> <InPorts = 2> <OutPorts = 1>
ST_35 : Operation 601 [1/5] (4.35ns)   --->   "%mul_i5_i_19 = fmul i32 %window_20, i32 %bitcast_ln36_20" [D:/lenet_project/handoff/LeNet_DSE_Framework_2022_2/LeNet_DSE_Framework_2022_2/src/lenet_conv.cpp:36]   --->   Operation 601 'fmul' 'mul_i5_i_19' <Predicate = (!icmp_ln53)> <Delay = 4.35> <CoreInst = "FMul_maxdsp">   --->   Core 30 'FMul_maxdsp' <Latency = 4> <II = 1> <Delay = 4.35> <FuncUnit> <Opcode : 'fmul'> <InPorts = 2> <OutPorts = 1>
ST_35 : Operation 602 [2/5] (4.35ns)   --->   "%mul_i5_i_20 = fmul i32 %window_21, i32 %bitcast_ln36_21" [D:/lenet_project/handoff/LeNet_DSE_Framework_2022_2/LeNet_DSE_Framework_2022_2/src/lenet_conv.cpp:36]   --->   Operation 602 'fmul' 'mul_i5_i_20' <Predicate = (!icmp_ln53)> <Delay = 4.35> <CoreInst = "FMul_maxdsp">   --->   Core 30 'FMul_maxdsp' <Latency = 4> <II = 1> <Delay = 4.35> <FuncUnit> <Opcode : 'fmul'> <InPorts = 2> <OutPorts = 1>
ST_35 : Operation 603 [3/5] (4.35ns)   --->   "%mul_i5_i_21 = fmul i32 %window_22, i32 %bitcast_ln36_22" [D:/lenet_project/handoff/LeNet_DSE_Framework_2022_2/LeNet_DSE_Framework_2022_2/src/lenet_conv.cpp:36]   --->   Operation 603 'fmul' 'mul_i5_i_21' <Predicate = (!icmp_ln53)> <Delay = 4.35> <CoreInst = "FMul_maxdsp">   --->   Core 30 'FMul_maxdsp' <Latency = 4> <II = 1> <Delay = 4.35> <FuncUnit> <Opcode : 'fmul'> <InPorts = 2> <OutPorts = 1>
ST_35 : Operation 604 [4/5] (4.35ns)   --->   "%mul_i5_i_22 = fmul i32 %window_23, i32 %bitcast_ln36_23" [D:/lenet_project/handoff/LeNet_DSE_Framework_2022_2/LeNet_DSE_Framework_2022_2/src/lenet_conv.cpp:36]   --->   Operation 604 'fmul' 'mul_i5_i_22' <Predicate = (!icmp_ln53)> <Delay = 4.35> <CoreInst = "FMul_maxdsp">   --->   Core 30 'FMul_maxdsp' <Latency = 4> <II = 1> <Delay = 4.35> <FuncUnit> <Opcode : 'fmul'> <InPorts = 2> <OutPorts = 1>
ST_35 : Operation 605 [1/1] (0.00ns)   --->   "%bitcast_ln36_24 = bitcast i32 %gmem1_addr_read_24" [D:/lenet_project/handoff/LeNet_DSE_Framework_2022_2/LeNet_DSE_Framework_2022_2/src/lenet_conv.cpp:36]   --->   Operation 605 'bitcast' 'bitcast_ln36_24' <Predicate = (!icmp_ln53)> <Delay = 0.00>
ST_35 : Operation 606 [5/5] (5.37ns)   --->   "%mul_i5_i_23 = fmul i32 %window_24, i32 %bitcast_ln36_24" [D:/lenet_project/handoff/LeNet_DSE_Framework_2022_2/LeNet_DSE_Framework_2022_2/src/lenet_conv.cpp:36]   --->   Operation 606 'fmul' 'mul_i5_i_23' <Predicate = (!icmp_ln53)> <Delay = 5.37> <CoreInst = "FMul_maxdsp">   --->   Core 30 'FMul_maxdsp' <Latency = 4> <II = 1> <Delay = 4.35> <FuncUnit> <Opcode : 'fmul'> <InPorts = 2> <OutPorts = 1>
ST_35 : Operation 607 [1/1] (1.67ns) (out node of the LUT)   --->   "%add_ln76 = add i13 %output_col_4_cast31, i13 %select_ln53_1" [D:/lenet_project/handoff/LeNet_DSE_Framework_2022_2/LeNet_DSE_Framework_2022_2/src/lenet_conv.cpp:76]   --->   Operation 607 'add' 'add_ln76' <Predicate = (!icmp_ln53)> <Delay = 1.67> <CoreInst = "Adder">   --->   Core 1 'Adder' <Latency = 0> <II = 1> <Delay = 1.67> <FuncUnit> <Opcode : 'add' 'sub'> <InPorts = 2> <OutPorts = 1>

State 36 <SV = 35> <Delay = 4.35>
ST_36 : Operation 608 [7/9] (4.34ns)   --->   "%accumulator_assign_4_2 = fadd i32 %accumulator_assign_4_1, i32 %mul_i5_i_2" [D:/lenet_project/handoff/LeNet_DSE_Framework_2022_2/LeNet_DSE_Framework_2022_2/src/lenet_conv.cpp:36]   --->   Operation 608 'fadd' 'accumulator_assign_4_2' <Predicate = (!icmp_ln53)> <Delay = 4.34> <CoreInst = "FAddSub_fulldsp">   --->   Core 18 'FAddSub_fulldsp' <Latency = 8> <II = 1> <Delay = 4.34> <FuncUnit> <Opcode : 'fadd' 'fsub'> <InPorts = 2> <OutPorts = 1>
ST_36 : Operation 609 [1/5] (4.35ns)   --->   "%mul_i5_i_20 = fmul i32 %window_21, i32 %bitcast_ln36_21" [D:/lenet_project/handoff/LeNet_DSE_Framework_2022_2/LeNet_DSE_Framework_2022_2/src/lenet_conv.cpp:36]   --->   Operation 609 'fmul' 'mul_i5_i_20' <Predicate = (!icmp_ln53)> <Delay = 4.35> <CoreInst = "FMul_maxdsp">   --->   Core 30 'FMul_maxdsp' <Latency = 4> <II = 1> <Delay = 4.35> <FuncUnit> <Opcode : 'fmul'> <InPorts = 2> <OutPorts = 1>
ST_36 : Operation 610 [2/5] (4.35ns)   --->   "%mul_i5_i_21 = fmul i32 %window_22, i32 %bitcast_ln36_22" [D:/lenet_project/handoff/LeNet_DSE_Framework_2022_2/LeNet_DSE_Framework_2022_2/src/lenet_conv.cpp:36]   --->   Operation 610 'fmul' 'mul_i5_i_21' <Predicate = (!icmp_ln53)> <Delay = 4.35> <CoreInst = "FMul_maxdsp">   --->   Core 30 'FMul_maxdsp' <Latency = 4> <II = 1> <Delay = 4.35> <FuncUnit> <Opcode : 'fmul'> <InPorts = 2> <OutPorts = 1>
ST_36 : Operation 611 [3/5] (4.35ns)   --->   "%mul_i5_i_22 = fmul i32 %window_23, i32 %bitcast_ln36_23" [D:/lenet_project/handoff/LeNet_DSE_Framework_2022_2/LeNet_DSE_Framework_2022_2/src/lenet_conv.cpp:36]   --->   Operation 611 'fmul' 'mul_i5_i_22' <Predicate = (!icmp_ln53)> <Delay = 4.35> <CoreInst = "FMul_maxdsp">   --->   Core 30 'FMul_maxdsp' <Latency = 4> <II = 1> <Delay = 4.35> <FuncUnit> <Opcode : 'fmul'> <InPorts = 2> <OutPorts = 1>
ST_36 : Operation 612 [4/5] (4.35ns)   --->   "%mul_i5_i_23 = fmul i32 %window_24, i32 %bitcast_ln36_24" [D:/lenet_project/handoff/LeNet_DSE_Framework_2022_2/LeNet_DSE_Framework_2022_2/src/lenet_conv.cpp:36]   --->   Operation 612 'fmul' 'mul_i5_i_23' <Predicate = (!icmp_ln53)> <Delay = 4.35> <CoreInst = "FMul_maxdsp">   --->   Core 30 'FMul_maxdsp' <Latency = 4> <II = 1> <Delay = 4.35> <FuncUnit> <Opcode : 'fmul'> <InPorts = 2> <OutPorts = 1>

State 37 <SV = 36> <Delay = 4.35>
ST_37 : Operation 613 [6/9] (4.34ns)   --->   "%accumulator_assign_4_2 = fadd i32 %accumulator_assign_4_1, i32 %mul_i5_i_2" [D:/lenet_project/handoff/LeNet_DSE_Framework_2022_2/LeNet_DSE_Framework_2022_2/src/lenet_conv.cpp:36]   --->   Operation 613 'fadd' 'accumulator_assign_4_2' <Predicate = (!icmp_ln53)> <Delay = 4.34> <CoreInst = "FAddSub_fulldsp">   --->   Core 18 'FAddSub_fulldsp' <Latency = 8> <II = 1> <Delay = 4.34> <FuncUnit> <Opcode : 'fadd' 'fsub'> <InPorts = 2> <OutPorts = 1>
ST_37 : Operation 614 [1/5] (4.35ns)   --->   "%mul_i5_i_21 = fmul i32 %window_22, i32 %bitcast_ln36_22" [D:/lenet_project/handoff/LeNet_DSE_Framework_2022_2/LeNet_DSE_Framework_2022_2/src/lenet_conv.cpp:36]   --->   Operation 614 'fmul' 'mul_i5_i_21' <Predicate = (!icmp_ln53)> <Delay = 4.35> <CoreInst = "FMul_maxdsp">   --->   Core 30 'FMul_maxdsp' <Latency = 4> <II = 1> <Delay = 4.35> <FuncUnit> <Opcode : 'fmul'> <InPorts = 2> <OutPorts = 1>
ST_37 : Operation 615 [2/5] (4.35ns)   --->   "%mul_i5_i_22 = fmul i32 %window_23, i32 %bitcast_ln36_23" [D:/lenet_project/handoff/LeNet_DSE_Framework_2022_2/LeNet_DSE_Framework_2022_2/src/lenet_conv.cpp:36]   --->   Operation 615 'fmul' 'mul_i5_i_22' <Predicate = (!icmp_ln53)> <Delay = 4.35> <CoreInst = "FMul_maxdsp">   --->   Core 30 'FMul_maxdsp' <Latency = 4> <II = 1> <Delay = 4.35> <FuncUnit> <Opcode : 'fmul'> <InPorts = 2> <OutPorts = 1>
ST_37 : Operation 616 [3/5] (4.35ns)   --->   "%mul_i5_i_23 = fmul i32 %window_24, i32 %bitcast_ln36_24" [D:/lenet_project/handoff/LeNet_DSE_Framework_2022_2/LeNet_DSE_Framework_2022_2/src/lenet_conv.cpp:36]   --->   Operation 616 'fmul' 'mul_i5_i_23' <Predicate = (!icmp_ln53)> <Delay = 4.35> <CoreInst = "FMul_maxdsp">   --->   Core 30 'FMul_maxdsp' <Latency = 4> <II = 1> <Delay = 4.35> <FuncUnit> <Opcode : 'fmul'> <InPorts = 2> <OutPorts = 1>

State 38 <SV = 37> <Delay = 4.35>
ST_38 : Operation 617 [5/9] (4.34ns)   --->   "%accumulator_assign_4_2 = fadd i32 %accumulator_assign_4_1, i32 %mul_i5_i_2" [D:/lenet_project/handoff/LeNet_DSE_Framework_2022_2/LeNet_DSE_Framework_2022_2/src/lenet_conv.cpp:36]   --->   Operation 617 'fadd' 'accumulator_assign_4_2' <Predicate = (!icmp_ln53)> <Delay = 4.34> <CoreInst = "FAddSub_fulldsp">   --->   Core 18 'FAddSub_fulldsp' <Latency = 8> <II = 1> <Delay = 4.34> <FuncUnit> <Opcode : 'fadd' 'fsub'> <InPorts = 2> <OutPorts = 1>
ST_38 : Operation 618 [1/5] (4.35ns)   --->   "%mul_i5_i_22 = fmul i32 %window_23, i32 %bitcast_ln36_23" [D:/lenet_project/handoff/LeNet_DSE_Framework_2022_2/LeNet_DSE_Framework_2022_2/src/lenet_conv.cpp:36]   --->   Operation 618 'fmul' 'mul_i5_i_22' <Predicate = (!icmp_ln53)> <Delay = 4.35> <CoreInst = "FMul_maxdsp">   --->   Core 30 'FMul_maxdsp' <Latency = 4> <II = 1> <Delay = 4.35> <FuncUnit> <Opcode : 'fmul'> <InPorts = 2> <OutPorts = 1>
ST_38 : Operation 619 [2/5] (4.35ns)   --->   "%mul_i5_i_23 = fmul i32 %window_24, i32 %bitcast_ln36_24" [D:/lenet_project/handoff/LeNet_DSE_Framework_2022_2/LeNet_DSE_Framework_2022_2/src/lenet_conv.cpp:36]   --->   Operation 619 'fmul' 'mul_i5_i_23' <Predicate = (!icmp_ln53)> <Delay = 4.35> <CoreInst = "FMul_maxdsp">   --->   Core 30 'FMul_maxdsp' <Latency = 4> <II = 1> <Delay = 4.35> <FuncUnit> <Opcode : 'fmul'> <InPorts = 2> <OutPorts = 1>

State 39 <SV = 38> <Delay = 4.35>
ST_39 : Operation 620 [4/9] (4.34ns)   --->   "%accumulator_assign_4_2 = fadd i32 %accumulator_assign_4_1, i32 %mul_i5_i_2" [D:/lenet_project/handoff/LeNet_DSE_Framework_2022_2/LeNet_DSE_Framework_2022_2/src/lenet_conv.cpp:36]   --->   Operation 620 'fadd' 'accumulator_assign_4_2' <Predicate = (!icmp_ln53)> <Delay = 4.34> <CoreInst = "FAddSub_fulldsp">   --->   Core 18 'FAddSub_fulldsp' <Latency = 8> <II = 1> <Delay = 4.34> <FuncUnit> <Opcode : 'fadd' 'fsub'> <InPorts = 2> <OutPorts = 1>
ST_39 : Operation 621 [1/5] (4.35ns)   --->   "%mul_i5_i_23 = fmul i32 %window_24, i32 %bitcast_ln36_24" [D:/lenet_project/handoff/LeNet_DSE_Framework_2022_2/LeNet_DSE_Framework_2022_2/src/lenet_conv.cpp:36]   --->   Operation 621 'fmul' 'mul_i5_i_23' <Predicate = (!icmp_ln53)> <Delay = 4.35> <CoreInst = "FMul_maxdsp">   --->   Core 30 'FMul_maxdsp' <Latency = 4> <II = 1> <Delay = 4.35> <FuncUnit> <Opcode : 'fmul'> <InPorts = 2> <OutPorts = 1>

State 40 <SV = 39> <Delay = 4.34>
ST_40 : Operation 622 [3/9] (4.34ns)   --->   "%accumulator_assign_4_2 = fadd i32 %accumulator_assign_4_1, i32 %mul_i5_i_2" [D:/lenet_project/handoff/LeNet_DSE_Framework_2022_2/LeNet_DSE_Framework_2022_2/src/lenet_conv.cpp:36]   --->   Operation 622 'fadd' 'accumulator_assign_4_2' <Predicate = (!icmp_ln53)> <Delay = 4.34> <CoreInst = "FAddSub_fulldsp">   --->   Core 18 'FAddSub_fulldsp' <Latency = 8> <II = 1> <Delay = 4.34> <FuncUnit> <Opcode : 'fadd' 'fsub'> <InPorts = 2> <OutPorts = 1>

State 41 <SV = 40> <Delay = 4.34>
ST_41 : Operation 623 [2/9] (4.34ns)   --->   "%accumulator_assign_4_2 = fadd i32 %accumulator_assign_4_1, i32 %mul_i5_i_2" [D:/lenet_project/handoff/LeNet_DSE_Framework_2022_2/LeNet_DSE_Framework_2022_2/src/lenet_conv.cpp:36]   --->   Operation 623 'fadd' 'accumulator_assign_4_2' <Predicate = (!icmp_ln53)> <Delay = 4.34> <CoreInst = "FAddSub_fulldsp">   --->   Core 18 'FAddSub_fulldsp' <Latency = 8> <II = 1> <Delay = 4.34> <FuncUnit> <Opcode : 'fadd' 'fsub'> <InPorts = 2> <OutPorts = 1>

State 42 <SV = 41> <Delay = 4.34>
ST_42 : Operation 624 [1/9] (4.34ns)   --->   "%accumulator_assign_4_2 = fadd i32 %accumulator_assign_4_1, i32 %mul_i5_i_2" [D:/lenet_project/handoff/LeNet_DSE_Framework_2022_2/LeNet_DSE_Framework_2022_2/src/lenet_conv.cpp:36]   --->   Operation 624 'fadd' 'accumulator_assign_4_2' <Predicate = (!icmp_ln53)> <Delay = 4.34> <CoreInst = "FAddSub_fulldsp">   --->   Core 18 'FAddSub_fulldsp' <Latency = 8> <II = 1> <Delay = 4.34> <FuncUnit> <Opcode : 'fadd' 'fsub'> <InPorts = 2> <OutPorts = 1>

State 43 <SV = 42> <Delay = 5.37>
ST_43 : Operation 625 [9/9] (5.37ns)   --->   "%accumulator_assign_4_3 = fadd i32 %accumulator_assign_4_2, i32 %mul_i5_i_3" [D:/lenet_project/handoff/LeNet_DSE_Framework_2022_2/LeNet_DSE_Framework_2022_2/src/lenet_conv.cpp:36]   --->   Operation 625 'fadd' 'accumulator_assign_4_3' <Predicate = (!icmp_ln53)> <Delay = 5.37> <CoreInst = "FAddSub_fulldsp">   --->   Core 18 'FAddSub_fulldsp' <Latency = 8> <II = 1> <Delay = 4.34> <FuncUnit> <Opcode : 'fadd' 'fsub'> <InPorts = 2> <OutPorts = 1>

State 44 <SV = 43> <Delay = 4.34>
ST_44 : Operation 626 [8/9] (4.34ns)   --->   "%accumulator_assign_4_3 = fadd i32 %accumulator_assign_4_2, i32 %mul_i5_i_3" [D:/lenet_project/handoff/LeNet_DSE_Framework_2022_2/LeNet_DSE_Framework_2022_2/src/lenet_conv.cpp:36]   --->   Operation 626 'fadd' 'accumulator_assign_4_3' <Predicate = (!icmp_ln53)> <Delay = 4.34> <CoreInst = "FAddSub_fulldsp">   --->   Core 18 'FAddSub_fulldsp' <Latency = 8> <II = 1> <Delay = 4.34> <FuncUnit> <Opcode : 'fadd' 'fsub'> <InPorts = 2> <OutPorts = 1>

State 45 <SV = 44> <Delay = 4.34>
ST_45 : Operation 627 [7/9] (4.34ns)   --->   "%accumulator_assign_4_3 = fadd i32 %accumulator_assign_4_2, i32 %mul_i5_i_3" [D:/lenet_project/handoff/LeNet_DSE_Framework_2022_2/LeNet_DSE_Framework_2022_2/src/lenet_conv.cpp:36]   --->   Operation 627 'fadd' 'accumulator_assign_4_3' <Predicate = (!icmp_ln53)> <Delay = 4.34> <CoreInst = "FAddSub_fulldsp">   --->   Core 18 'FAddSub_fulldsp' <Latency = 8> <II = 1> <Delay = 4.34> <FuncUnit> <Opcode : 'fadd' 'fsub'> <InPorts = 2> <OutPorts = 1>

State 46 <SV = 45> <Delay = 4.34>
ST_46 : Operation 628 [6/9] (4.34ns)   --->   "%accumulator_assign_4_3 = fadd i32 %accumulator_assign_4_2, i32 %mul_i5_i_3" [D:/lenet_project/handoff/LeNet_DSE_Framework_2022_2/LeNet_DSE_Framework_2022_2/src/lenet_conv.cpp:36]   --->   Operation 628 'fadd' 'accumulator_assign_4_3' <Predicate = (!icmp_ln53)> <Delay = 4.34> <CoreInst = "FAddSub_fulldsp">   --->   Core 18 'FAddSub_fulldsp' <Latency = 8> <II = 1> <Delay = 4.34> <FuncUnit> <Opcode : 'fadd' 'fsub'> <InPorts = 2> <OutPorts = 1>

State 47 <SV = 46> <Delay = 4.34>
ST_47 : Operation 629 [5/9] (4.34ns)   --->   "%accumulator_assign_4_3 = fadd i32 %accumulator_assign_4_2, i32 %mul_i5_i_3" [D:/lenet_project/handoff/LeNet_DSE_Framework_2022_2/LeNet_DSE_Framework_2022_2/src/lenet_conv.cpp:36]   --->   Operation 629 'fadd' 'accumulator_assign_4_3' <Predicate = (!icmp_ln53)> <Delay = 4.34> <CoreInst = "FAddSub_fulldsp">   --->   Core 18 'FAddSub_fulldsp' <Latency = 8> <II = 1> <Delay = 4.34> <FuncUnit> <Opcode : 'fadd' 'fsub'> <InPorts = 2> <OutPorts = 1>

State 48 <SV = 47> <Delay = 4.34>
ST_48 : Operation 630 [4/9] (4.34ns)   --->   "%accumulator_assign_4_3 = fadd i32 %accumulator_assign_4_2, i32 %mul_i5_i_3" [D:/lenet_project/handoff/LeNet_DSE_Framework_2022_2/LeNet_DSE_Framework_2022_2/src/lenet_conv.cpp:36]   --->   Operation 630 'fadd' 'accumulator_assign_4_3' <Predicate = (!icmp_ln53)> <Delay = 4.34> <CoreInst = "FAddSub_fulldsp">   --->   Core 18 'FAddSub_fulldsp' <Latency = 8> <II = 1> <Delay = 4.34> <FuncUnit> <Opcode : 'fadd' 'fsub'> <InPorts = 2> <OutPorts = 1>

State 49 <SV = 48> <Delay = 4.34>
ST_49 : Operation 631 [3/9] (4.34ns)   --->   "%accumulator_assign_4_3 = fadd i32 %accumulator_assign_4_2, i32 %mul_i5_i_3" [D:/lenet_project/handoff/LeNet_DSE_Framework_2022_2/LeNet_DSE_Framework_2022_2/src/lenet_conv.cpp:36]   --->   Operation 631 'fadd' 'accumulator_assign_4_3' <Predicate = (!icmp_ln53)> <Delay = 4.34> <CoreInst = "FAddSub_fulldsp">   --->   Core 18 'FAddSub_fulldsp' <Latency = 8> <II = 1> <Delay = 4.34> <FuncUnit> <Opcode : 'fadd' 'fsub'> <InPorts = 2> <OutPorts = 1>

State 50 <SV = 49> <Delay = 4.34>
ST_50 : Operation 632 [2/9] (4.34ns)   --->   "%accumulator_assign_4_3 = fadd i32 %accumulator_assign_4_2, i32 %mul_i5_i_3" [D:/lenet_project/handoff/LeNet_DSE_Framework_2022_2/LeNet_DSE_Framework_2022_2/src/lenet_conv.cpp:36]   --->   Operation 632 'fadd' 'accumulator_assign_4_3' <Predicate = (!icmp_ln53)> <Delay = 4.34> <CoreInst = "FAddSub_fulldsp">   --->   Core 18 'FAddSub_fulldsp' <Latency = 8> <II = 1> <Delay = 4.34> <FuncUnit> <Opcode : 'fadd' 'fsub'> <InPorts = 2> <OutPorts = 1>

State 51 <SV = 50> <Delay = 4.34>
ST_51 : Operation 633 [1/9] (4.34ns)   --->   "%accumulator_assign_4_3 = fadd i32 %accumulator_assign_4_2, i32 %mul_i5_i_3" [D:/lenet_project/handoff/LeNet_DSE_Framework_2022_2/LeNet_DSE_Framework_2022_2/src/lenet_conv.cpp:36]   --->   Operation 633 'fadd' 'accumulator_assign_4_3' <Predicate = true> <Delay = 4.34> <CoreInst = "FAddSub_fulldsp">   --->   Core 18 'FAddSub_fulldsp' <Latency = 8> <II = 1> <Delay = 4.34> <FuncUnit> <Opcode : 'fadd' 'fsub'> <InPorts = 2> <OutPorts = 1>

State 52 <SV = 51> <Delay = 5.37>
ST_52 : Operation 634 [9/9] (5.37ns)   --->   "%accumulator_assign_4_4 = fadd i32 %accumulator_assign_4_3, i32 %mul_i5_i_4" [D:/lenet_project/handoff/LeNet_DSE_Framework_2022_2/LeNet_DSE_Framework_2022_2/src/lenet_conv.cpp:36]   --->   Operation 634 'fadd' 'accumulator_assign_4_4' <Predicate = true> <Delay = 5.37> <CoreInst = "FAddSub_fulldsp">   --->   Core 18 'FAddSub_fulldsp' <Latency = 8> <II = 1> <Delay = 4.34> <FuncUnit> <Opcode : 'fadd' 'fsub'> <InPorts = 2> <OutPorts = 1>

State 53 <SV = 52> <Delay = 4.34>
ST_53 : Operation 635 [8/9] (4.34ns)   --->   "%accumulator_assign_4_4 = fadd i32 %accumulator_assign_4_3, i32 %mul_i5_i_4" [D:/lenet_project/handoff/LeNet_DSE_Framework_2022_2/LeNet_DSE_Framework_2022_2/src/lenet_conv.cpp:36]   --->   Operation 635 'fadd' 'accumulator_assign_4_4' <Predicate = true> <Delay = 4.34> <CoreInst = "FAddSub_fulldsp">   --->   Core 18 'FAddSub_fulldsp' <Latency = 8> <II = 1> <Delay = 4.34> <FuncUnit> <Opcode : 'fadd' 'fsub'> <InPorts = 2> <OutPorts = 1>

State 54 <SV = 53> <Delay = 4.34>
ST_54 : Operation 636 [7/9] (4.34ns)   --->   "%accumulator_assign_4_4 = fadd i32 %accumulator_assign_4_3, i32 %mul_i5_i_4" [D:/lenet_project/handoff/LeNet_DSE_Framework_2022_2/LeNet_DSE_Framework_2022_2/src/lenet_conv.cpp:36]   --->   Operation 636 'fadd' 'accumulator_assign_4_4' <Predicate = true> <Delay = 4.34> <CoreInst = "FAddSub_fulldsp">   --->   Core 18 'FAddSub_fulldsp' <Latency = 8> <II = 1> <Delay = 4.34> <FuncUnit> <Opcode : 'fadd' 'fsub'> <InPorts = 2> <OutPorts = 1>

State 55 <SV = 54> <Delay = 4.34>
ST_55 : Operation 637 [6/9] (4.34ns)   --->   "%accumulator_assign_4_4 = fadd i32 %accumulator_assign_4_3, i32 %mul_i5_i_4" [D:/lenet_project/handoff/LeNet_DSE_Framework_2022_2/LeNet_DSE_Framework_2022_2/src/lenet_conv.cpp:36]   --->   Operation 637 'fadd' 'accumulator_assign_4_4' <Predicate = true> <Delay = 4.34> <CoreInst = "FAddSub_fulldsp">   --->   Core 18 'FAddSub_fulldsp' <Latency = 8> <II = 1> <Delay = 4.34> <FuncUnit> <Opcode : 'fadd' 'fsub'> <InPorts = 2> <OutPorts = 1>

State 56 <SV = 55> <Delay = 4.34>
ST_56 : Operation 638 [5/9] (4.34ns)   --->   "%accumulator_assign_4_4 = fadd i32 %accumulator_assign_4_3, i32 %mul_i5_i_4" [D:/lenet_project/handoff/LeNet_DSE_Framework_2022_2/LeNet_DSE_Framework_2022_2/src/lenet_conv.cpp:36]   --->   Operation 638 'fadd' 'accumulator_assign_4_4' <Predicate = true> <Delay = 4.34> <CoreInst = "FAddSub_fulldsp">   --->   Core 18 'FAddSub_fulldsp' <Latency = 8> <II = 1> <Delay = 4.34> <FuncUnit> <Opcode : 'fadd' 'fsub'> <InPorts = 2> <OutPorts = 1>

State 57 <SV = 56> <Delay = 4.34>
ST_57 : Operation 639 [4/9] (4.34ns)   --->   "%accumulator_assign_4_4 = fadd i32 %accumulator_assign_4_3, i32 %mul_i5_i_4" [D:/lenet_project/handoff/LeNet_DSE_Framework_2022_2/LeNet_DSE_Framework_2022_2/src/lenet_conv.cpp:36]   --->   Operation 639 'fadd' 'accumulator_assign_4_4' <Predicate = true> <Delay = 4.34> <CoreInst = "FAddSub_fulldsp">   --->   Core 18 'FAddSub_fulldsp' <Latency = 8> <II = 1> <Delay = 4.34> <FuncUnit> <Opcode : 'fadd' 'fsub'> <InPorts = 2> <OutPorts = 1>

State 58 <SV = 57> <Delay = 4.34>
ST_58 : Operation 640 [3/9] (4.34ns)   --->   "%accumulator_assign_4_4 = fadd i32 %accumulator_assign_4_3, i32 %mul_i5_i_4" [D:/lenet_project/handoff/LeNet_DSE_Framework_2022_2/LeNet_DSE_Framework_2022_2/src/lenet_conv.cpp:36]   --->   Operation 640 'fadd' 'accumulator_assign_4_4' <Predicate = true> <Delay = 4.34> <CoreInst = "FAddSub_fulldsp">   --->   Core 18 'FAddSub_fulldsp' <Latency = 8> <II = 1> <Delay = 4.34> <FuncUnit> <Opcode : 'fadd' 'fsub'> <InPorts = 2> <OutPorts = 1>

State 59 <SV = 58> <Delay = 4.34>
ST_59 : Operation 641 [2/9] (4.34ns)   --->   "%accumulator_assign_4_4 = fadd i32 %accumulator_assign_4_3, i32 %mul_i5_i_4" [D:/lenet_project/handoff/LeNet_DSE_Framework_2022_2/LeNet_DSE_Framework_2022_2/src/lenet_conv.cpp:36]   --->   Operation 641 'fadd' 'accumulator_assign_4_4' <Predicate = true> <Delay = 4.34> <CoreInst = "FAddSub_fulldsp">   --->   Core 18 'FAddSub_fulldsp' <Latency = 8> <II = 1> <Delay = 4.34> <FuncUnit> <Opcode : 'fadd' 'fsub'> <InPorts = 2> <OutPorts = 1>

State 60 <SV = 59> <Delay = 4.34>
ST_60 : Operation 642 [1/9] (4.34ns)   --->   "%accumulator_assign_4_4 = fadd i32 %accumulator_assign_4_3, i32 %mul_i5_i_4" [D:/lenet_project/handoff/LeNet_DSE_Framework_2022_2/LeNet_DSE_Framework_2022_2/src/lenet_conv.cpp:36]   --->   Operation 642 'fadd' 'accumulator_assign_4_4' <Predicate = true> <Delay = 4.34> <CoreInst = "FAddSub_fulldsp">   --->   Core 18 'FAddSub_fulldsp' <Latency = 8> <II = 1> <Delay = 4.34> <FuncUnit> <Opcode : 'fadd' 'fsub'> <InPorts = 2> <OutPorts = 1>

State 61 <SV = 60> <Delay = 5.37>
ST_61 : Operation 643 [9/9] (5.37ns)   --->   "%accumulator_assign_4_5 = fadd i32 %accumulator_assign_4_4, i32 %mul_i5_i_5" [D:/lenet_project/handoff/LeNet_DSE_Framework_2022_2/LeNet_DSE_Framework_2022_2/src/lenet_conv.cpp:36]   --->   Operation 643 'fadd' 'accumulator_assign_4_5' <Predicate = true> <Delay = 5.37> <CoreInst = "FAddSub_fulldsp">   --->   Core 18 'FAddSub_fulldsp' <Latency = 8> <II = 1> <Delay = 4.34> <FuncUnit> <Opcode : 'fadd' 'fsub'> <InPorts = 2> <OutPorts = 1>

State 62 <SV = 61> <Delay = 4.34>
ST_62 : Operation 644 [8/9] (4.34ns)   --->   "%accumulator_assign_4_5 = fadd i32 %accumulator_assign_4_4, i32 %mul_i5_i_5" [D:/lenet_project/handoff/LeNet_DSE_Framework_2022_2/LeNet_DSE_Framework_2022_2/src/lenet_conv.cpp:36]   --->   Operation 644 'fadd' 'accumulator_assign_4_5' <Predicate = true> <Delay = 4.34> <CoreInst = "FAddSub_fulldsp">   --->   Core 18 'FAddSub_fulldsp' <Latency = 8> <II = 1> <Delay = 4.34> <FuncUnit> <Opcode : 'fadd' 'fsub'> <InPorts = 2> <OutPorts = 1>

State 63 <SV = 62> <Delay = 4.34>
ST_63 : Operation 645 [7/9] (4.34ns)   --->   "%accumulator_assign_4_5 = fadd i32 %accumulator_assign_4_4, i32 %mul_i5_i_5" [D:/lenet_project/handoff/LeNet_DSE_Framework_2022_2/LeNet_DSE_Framework_2022_2/src/lenet_conv.cpp:36]   --->   Operation 645 'fadd' 'accumulator_assign_4_5' <Predicate = true> <Delay = 4.34> <CoreInst = "FAddSub_fulldsp">   --->   Core 18 'FAddSub_fulldsp' <Latency = 8> <II = 1> <Delay = 4.34> <FuncUnit> <Opcode : 'fadd' 'fsub'> <InPorts = 2> <OutPorts = 1>

State 64 <SV = 63> <Delay = 4.34>
ST_64 : Operation 646 [6/9] (4.34ns)   --->   "%accumulator_assign_4_5 = fadd i32 %accumulator_assign_4_4, i32 %mul_i5_i_5" [D:/lenet_project/handoff/LeNet_DSE_Framework_2022_2/LeNet_DSE_Framework_2022_2/src/lenet_conv.cpp:36]   --->   Operation 646 'fadd' 'accumulator_assign_4_5' <Predicate = true> <Delay = 4.34> <CoreInst = "FAddSub_fulldsp">   --->   Core 18 'FAddSub_fulldsp' <Latency = 8> <II = 1> <Delay = 4.34> <FuncUnit> <Opcode : 'fadd' 'fsub'> <InPorts = 2> <OutPorts = 1>

State 65 <SV = 64> <Delay = 4.34>
ST_65 : Operation 647 [5/9] (4.34ns)   --->   "%accumulator_assign_4_5 = fadd i32 %accumulator_assign_4_4, i32 %mul_i5_i_5" [D:/lenet_project/handoff/LeNet_DSE_Framework_2022_2/LeNet_DSE_Framework_2022_2/src/lenet_conv.cpp:36]   --->   Operation 647 'fadd' 'accumulator_assign_4_5' <Predicate = true> <Delay = 4.34> <CoreInst = "FAddSub_fulldsp">   --->   Core 18 'FAddSub_fulldsp' <Latency = 8> <II = 1> <Delay = 4.34> <FuncUnit> <Opcode : 'fadd' 'fsub'> <InPorts = 2> <OutPorts = 1>

State 66 <SV = 65> <Delay = 4.34>
ST_66 : Operation 648 [4/9] (4.34ns)   --->   "%accumulator_assign_4_5 = fadd i32 %accumulator_assign_4_4, i32 %mul_i5_i_5" [D:/lenet_project/handoff/LeNet_DSE_Framework_2022_2/LeNet_DSE_Framework_2022_2/src/lenet_conv.cpp:36]   --->   Operation 648 'fadd' 'accumulator_assign_4_5' <Predicate = true> <Delay = 4.34> <CoreInst = "FAddSub_fulldsp">   --->   Core 18 'FAddSub_fulldsp' <Latency = 8> <II = 1> <Delay = 4.34> <FuncUnit> <Opcode : 'fadd' 'fsub'> <InPorts = 2> <OutPorts = 1>

State 67 <SV = 66> <Delay = 4.34>
ST_67 : Operation 649 [3/9] (4.34ns)   --->   "%accumulator_assign_4_5 = fadd i32 %accumulator_assign_4_4, i32 %mul_i5_i_5" [D:/lenet_project/handoff/LeNet_DSE_Framework_2022_2/LeNet_DSE_Framework_2022_2/src/lenet_conv.cpp:36]   --->   Operation 649 'fadd' 'accumulator_assign_4_5' <Predicate = true> <Delay = 4.34> <CoreInst = "FAddSub_fulldsp">   --->   Core 18 'FAddSub_fulldsp' <Latency = 8> <II = 1> <Delay = 4.34> <FuncUnit> <Opcode : 'fadd' 'fsub'> <InPorts = 2> <OutPorts = 1>

State 68 <SV = 67> <Delay = 4.34>
ST_68 : Operation 650 [2/9] (4.34ns)   --->   "%accumulator_assign_4_5 = fadd i32 %accumulator_assign_4_4, i32 %mul_i5_i_5" [D:/lenet_project/handoff/LeNet_DSE_Framework_2022_2/LeNet_DSE_Framework_2022_2/src/lenet_conv.cpp:36]   --->   Operation 650 'fadd' 'accumulator_assign_4_5' <Predicate = true> <Delay = 4.34> <CoreInst = "FAddSub_fulldsp">   --->   Core 18 'FAddSub_fulldsp' <Latency = 8> <II = 1> <Delay = 4.34> <FuncUnit> <Opcode : 'fadd' 'fsub'> <InPorts = 2> <OutPorts = 1>

State 69 <SV = 68> <Delay = 4.34>
ST_69 : Operation 651 [1/9] (4.34ns)   --->   "%accumulator_assign_4_5 = fadd i32 %accumulator_assign_4_4, i32 %mul_i5_i_5" [D:/lenet_project/handoff/LeNet_DSE_Framework_2022_2/LeNet_DSE_Framework_2022_2/src/lenet_conv.cpp:36]   --->   Operation 651 'fadd' 'accumulator_assign_4_5' <Predicate = true> <Delay = 4.34> <CoreInst = "FAddSub_fulldsp">   --->   Core 18 'FAddSub_fulldsp' <Latency = 8> <II = 1> <Delay = 4.34> <FuncUnit> <Opcode : 'fadd' 'fsub'> <InPorts = 2> <OutPorts = 1>

State 70 <SV = 69> <Delay = 5.37>
ST_70 : Operation 652 [9/9] (5.37ns)   --->   "%accumulator_assign_4_6 = fadd i32 %accumulator_assign_4_5, i32 %mul_i5_i_6" [D:/lenet_project/handoff/LeNet_DSE_Framework_2022_2/LeNet_DSE_Framework_2022_2/src/lenet_conv.cpp:36]   --->   Operation 652 'fadd' 'accumulator_assign_4_6' <Predicate = true> <Delay = 5.37> <CoreInst = "FAddSub_fulldsp">   --->   Core 18 'FAddSub_fulldsp' <Latency = 8> <II = 1> <Delay = 4.34> <FuncUnit> <Opcode : 'fadd' 'fsub'> <InPorts = 2> <OutPorts = 1>

State 71 <SV = 70> <Delay = 4.34>
ST_71 : Operation 653 [8/9] (4.34ns)   --->   "%accumulator_assign_4_6 = fadd i32 %accumulator_assign_4_5, i32 %mul_i5_i_6" [D:/lenet_project/handoff/LeNet_DSE_Framework_2022_2/LeNet_DSE_Framework_2022_2/src/lenet_conv.cpp:36]   --->   Operation 653 'fadd' 'accumulator_assign_4_6' <Predicate = true> <Delay = 4.34> <CoreInst = "FAddSub_fulldsp">   --->   Core 18 'FAddSub_fulldsp' <Latency = 8> <II = 1> <Delay = 4.34> <FuncUnit> <Opcode : 'fadd' 'fsub'> <InPorts = 2> <OutPorts = 1>

State 72 <SV = 71> <Delay = 4.34>
ST_72 : Operation 654 [7/9] (4.34ns)   --->   "%accumulator_assign_4_6 = fadd i32 %accumulator_assign_4_5, i32 %mul_i5_i_6" [D:/lenet_project/handoff/LeNet_DSE_Framework_2022_2/LeNet_DSE_Framework_2022_2/src/lenet_conv.cpp:36]   --->   Operation 654 'fadd' 'accumulator_assign_4_6' <Predicate = true> <Delay = 4.34> <CoreInst = "FAddSub_fulldsp">   --->   Core 18 'FAddSub_fulldsp' <Latency = 8> <II = 1> <Delay = 4.34> <FuncUnit> <Opcode : 'fadd' 'fsub'> <InPorts = 2> <OutPorts = 1>

State 73 <SV = 72> <Delay = 4.34>
ST_73 : Operation 655 [6/9] (4.34ns)   --->   "%accumulator_assign_4_6 = fadd i32 %accumulator_assign_4_5, i32 %mul_i5_i_6" [D:/lenet_project/handoff/LeNet_DSE_Framework_2022_2/LeNet_DSE_Framework_2022_2/src/lenet_conv.cpp:36]   --->   Operation 655 'fadd' 'accumulator_assign_4_6' <Predicate = true> <Delay = 4.34> <CoreInst = "FAddSub_fulldsp">   --->   Core 18 'FAddSub_fulldsp' <Latency = 8> <II = 1> <Delay = 4.34> <FuncUnit> <Opcode : 'fadd' 'fsub'> <InPorts = 2> <OutPorts = 1>

State 74 <SV = 73> <Delay = 4.34>
ST_74 : Operation 656 [5/9] (4.34ns)   --->   "%accumulator_assign_4_6 = fadd i32 %accumulator_assign_4_5, i32 %mul_i5_i_6" [D:/lenet_project/handoff/LeNet_DSE_Framework_2022_2/LeNet_DSE_Framework_2022_2/src/lenet_conv.cpp:36]   --->   Operation 656 'fadd' 'accumulator_assign_4_6' <Predicate = true> <Delay = 4.34> <CoreInst = "FAddSub_fulldsp">   --->   Core 18 'FAddSub_fulldsp' <Latency = 8> <II = 1> <Delay = 4.34> <FuncUnit> <Opcode : 'fadd' 'fsub'> <InPorts = 2> <OutPorts = 1>

State 75 <SV = 74> <Delay = 4.34>
ST_75 : Operation 657 [4/9] (4.34ns)   --->   "%accumulator_assign_4_6 = fadd i32 %accumulator_assign_4_5, i32 %mul_i5_i_6" [D:/lenet_project/handoff/LeNet_DSE_Framework_2022_2/LeNet_DSE_Framework_2022_2/src/lenet_conv.cpp:36]   --->   Operation 657 'fadd' 'accumulator_assign_4_6' <Predicate = true> <Delay = 4.34> <CoreInst = "FAddSub_fulldsp">   --->   Core 18 'FAddSub_fulldsp' <Latency = 8> <II = 1> <Delay = 4.34> <FuncUnit> <Opcode : 'fadd' 'fsub'> <InPorts = 2> <OutPorts = 1>

State 76 <SV = 75> <Delay = 4.34>
ST_76 : Operation 658 [3/9] (4.34ns)   --->   "%accumulator_assign_4_6 = fadd i32 %accumulator_assign_4_5, i32 %mul_i5_i_6" [D:/lenet_project/handoff/LeNet_DSE_Framework_2022_2/LeNet_DSE_Framework_2022_2/src/lenet_conv.cpp:36]   --->   Operation 658 'fadd' 'accumulator_assign_4_6' <Predicate = true> <Delay = 4.34> <CoreInst = "FAddSub_fulldsp">   --->   Core 18 'FAddSub_fulldsp' <Latency = 8> <II = 1> <Delay = 4.34> <FuncUnit> <Opcode : 'fadd' 'fsub'> <InPorts = 2> <OutPorts = 1>

State 77 <SV = 76> <Delay = 4.34>
ST_77 : Operation 659 [2/9] (4.34ns)   --->   "%accumulator_assign_4_6 = fadd i32 %accumulator_assign_4_5, i32 %mul_i5_i_6" [D:/lenet_project/handoff/LeNet_DSE_Framework_2022_2/LeNet_DSE_Framework_2022_2/src/lenet_conv.cpp:36]   --->   Operation 659 'fadd' 'accumulator_assign_4_6' <Predicate = true> <Delay = 4.34> <CoreInst = "FAddSub_fulldsp">   --->   Core 18 'FAddSub_fulldsp' <Latency = 8> <II = 1> <Delay = 4.34> <FuncUnit> <Opcode : 'fadd' 'fsub'> <InPorts = 2> <OutPorts = 1>

State 78 <SV = 77> <Delay = 4.34>
ST_78 : Operation 660 [1/9] (4.34ns)   --->   "%accumulator_assign_4_6 = fadd i32 %accumulator_assign_4_5, i32 %mul_i5_i_6" [D:/lenet_project/handoff/LeNet_DSE_Framework_2022_2/LeNet_DSE_Framework_2022_2/src/lenet_conv.cpp:36]   --->   Operation 660 'fadd' 'accumulator_assign_4_6' <Predicate = true> <Delay = 4.34> <CoreInst = "FAddSub_fulldsp">   --->   Core 18 'FAddSub_fulldsp' <Latency = 8> <II = 1> <Delay = 4.34> <FuncUnit> <Opcode : 'fadd' 'fsub'> <InPorts = 2> <OutPorts = 1>

State 79 <SV = 78> <Delay = 5.37>
ST_79 : Operation 661 [9/9] (5.37ns)   --->   "%accumulator_assign_4_7 = fadd i32 %accumulator_assign_4_6, i32 %mul_i5_i_7" [D:/lenet_project/handoff/LeNet_DSE_Framework_2022_2/LeNet_DSE_Framework_2022_2/src/lenet_conv.cpp:36]   --->   Operation 661 'fadd' 'accumulator_assign_4_7' <Predicate = true> <Delay = 5.37> <CoreInst = "FAddSub_fulldsp">   --->   Core 18 'FAddSub_fulldsp' <Latency = 8> <II = 1> <Delay = 4.34> <FuncUnit> <Opcode : 'fadd' 'fsub'> <InPorts = 2> <OutPorts = 1>

State 80 <SV = 79> <Delay = 4.34>
ST_80 : Operation 662 [8/9] (4.34ns)   --->   "%accumulator_assign_4_7 = fadd i32 %accumulator_assign_4_6, i32 %mul_i5_i_7" [D:/lenet_project/handoff/LeNet_DSE_Framework_2022_2/LeNet_DSE_Framework_2022_2/src/lenet_conv.cpp:36]   --->   Operation 662 'fadd' 'accumulator_assign_4_7' <Predicate = true> <Delay = 4.34> <CoreInst = "FAddSub_fulldsp">   --->   Core 18 'FAddSub_fulldsp' <Latency = 8> <II = 1> <Delay = 4.34> <FuncUnit> <Opcode : 'fadd' 'fsub'> <InPorts = 2> <OutPorts = 1>

State 81 <SV = 80> <Delay = 4.34>
ST_81 : Operation 663 [7/9] (4.34ns)   --->   "%accumulator_assign_4_7 = fadd i32 %accumulator_assign_4_6, i32 %mul_i5_i_7" [D:/lenet_project/handoff/LeNet_DSE_Framework_2022_2/LeNet_DSE_Framework_2022_2/src/lenet_conv.cpp:36]   --->   Operation 663 'fadd' 'accumulator_assign_4_7' <Predicate = true> <Delay = 4.34> <CoreInst = "FAddSub_fulldsp">   --->   Core 18 'FAddSub_fulldsp' <Latency = 8> <II = 1> <Delay = 4.34> <FuncUnit> <Opcode : 'fadd' 'fsub'> <InPorts = 2> <OutPorts = 1>

State 82 <SV = 81> <Delay = 4.34>
ST_82 : Operation 664 [6/9] (4.34ns)   --->   "%accumulator_assign_4_7 = fadd i32 %accumulator_assign_4_6, i32 %mul_i5_i_7" [D:/lenet_project/handoff/LeNet_DSE_Framework_2022_2/LeNet_DSE_Framework_2022_2/src/lenet_conv.cpp:36]   --->   Operation 664 'fadd' 'accumulator_assign_4_7' <Predicate = true> <Delay = 4.34> <CoreInst = "FAddSub_fulldsp">   --->   Core 18 'FAddSub_fulldsp' <Latency = 8> <II = 1> <Delay = 4.34> <FuncUnit> <Opcode : 'fadd' 'fsub'> <InPorts = 2> <OutPorts = 1>

State 83 <SV = 82> <Delay = 4.34>
ST_83 : Operation 665 [5/9] (4.34ns)   --->   "%accumulator_assign_4_7 = fadd i32 %accumulator_assign_4_6, i32 %mul_i5_i_7" [D:/lenet_project/handoff/LeNet_DSE_Framework_2022_2/LeNet_DSE_Framework_2022_2/src/lenet_conv.cpp:36]   --->   Operation 665 'fadd' 'accumulator_assign_4_7' <Predicate = true> <Delay = 4.34> <CoreInst = "FAddSub_fulldsp">   --->   Core 18 'FAddSub_fulldsp' <Latency = 8> <II = 1> <Delay = 4.34> <FuncUnit> <Opcode : 'fadd' 'fsub'> <InPorts = 2> <OutPorts = 1>

State 84 <SV = 83> <Delay = 4.34>
ST_84 : Operation 666 [4/9] (4.34ns)   --->   "%accumulator_assign_4_7 = fadd i32 %accumulator_assign_4_6, i32 %mul_i5_i_7" [D:/lenet_project/handoff/LeNet_DSE_Framework_2022_2/LeNet_DSE_Framework_2022_2/src/lenet_conv.cpp:36]   --->   Operation 666 'fadd' 'accumulator_assign_4_7' <Predicate = true> <Delay = 4.34> <CoreInst = "FAddSub_fulldsp">   --->   Core 18 'FAddSub_fulldsp' <Latency = 8> <II = 1> <Delay = 4.34> <FuncUnit> <Opcode : 'fadd' 'fsub'> <InPorts = 2> <OutPorts = 1>

State 85 <SV = 84> <Delay = 4.34>
ST_85 : Operation 667 [3/9] (4.34ns)   --->   "%accumulator_assign_4_7 = fadd i32 %accumulator_assign_4_6, i32 %mul_i5_i_7" [D:/lenet_project/handoff/LeNet_DSE_Framework_2022_2/LeNet_DSE_Framework_2022_2/src/lenet_conv.cpp:36]   --->   Operation 667 'fadd' 'accumulator_assign_4_7' <Predicate = true> <Delay = 4.34> <CoreInst = "FAddSub_fulldsp">   --->   Core 18 'FAddSub_fulldsp' <Latency = 8> <II = 1> <Delay = 4.34> <FuncUnit> <Opcode : 'fadd' 'fsub'> <InPorts = 2> <OutPorts = 1>

State 86 <SV = 85> <Delay = 4.34>
ST_86 : Operation 668 [2/9] (4.34ns)   --->   "%accumulator_assign_4_7 = fadd i32 %accumulator_assign_4_6, i32 %mul_i5_i_7" [D:/lenet_project/handoff/LeNet_DSE_Framework_2022_2/LeNet_DSE_Framework_2022_2/src/lenet_conv.cpp:36]   --->   Operation 668 'fadd' 'accumulator_assign_4_7' <Predicate = true> <Delay = 4.34> <CoreInst = "FAddSub_fulldsp">   --->   Core 18 'FAddSub_fulldsp' <Latency = 8> <II = 1> <Delay = 4.34> <FuncUnit> <Opcode : 'fadd' 'fsub'> <InPorts = 2> <OutPorts = 1>

State 87 <SV = 86> <Delay = 4.34>
ST_87 : Operation 669 [1/9] (4.34ns)   --->   "%accumulator_assign_4_7 = fadd i32 %accumulator_assign_4_6, i32 %mul_i5_i_7" [D:/lenet_project/handoff/LeNet_DSE_Framework_2022_2/LeNet_DSE_Framework_2022_2/src/lenet_conv.cpp:36]   --->   Operation 669 'fadd' 'accumulator_assign_4_7' <Predicate = true> <Delay = 4.34> <CoreInst = "FAddSub_fulldsp">   --->   Core 18 'FAddSub_fulldsp' <Latency = 8> <II = 1> <Delay = 4.34> <FuncUnit> <Opcode : 'fadd' 'fsub'> <InPorts = 2> <OutPorts = 1>

State 88 <SV = 87> <Delay = 5.37>
ST_88 : Operation 670 [9/9] (5.37ns)   --->   "%accumulator_assign_4_8 = fadd i32 %accumulator_assign_4_7, i32 %mul_i5_i_8" [D:/lenet_project/handoff/LeNet_DSE_Framework_2022_2/LeNet_DSE_Framework_2022_2/src/lenet_conv.cpp:36]   --->   Operation 670 'fadd' 'accumulator_assign_4_8' <Predicate = true> <Delay = 5.37> <CoreInst = "FAddSub_fulldsp">   --->   Core 18 'FAddSub_fulldsp' <Latency = 8> <II = 1> <Delay = 4.34> <FuncUnit> <Opcode : 'fadd' 'fsub'> <InPorts = 2> <OutPorts = 1>

State 89 <SV = 88> <Delay = 4.34>
ST_89 : Operation 671 [8/9] (4.34ns)   --->   "%accumulator_assign_4_8 = fadd i32 %accumulator_assign_4_7, i32 %mul_i5_i_8" [D:/lenet_project/handoff/LeNet_DSE_Framework_2022_2/LeNet_DSE_Framework_2022_2/src/lenet_conv.cpp:36]   --->   Operation 671 'fadd' 'accumulator_assign_4_8' <Predicate = true> <Delay = 4.34> <CoreInst = "FAddSub_fulldsp">   --->   Core 18 'FAddSub_fulldsp' <Latency = 8> <II = 1> <Delay = 4.34> <FuncUnit> <Opcode : 'fadd' 'fsub'> <InPorts = 2> <OutPorts = 1>

State 90 <SV = 89> <Delay = 4.34>
ST_90 : Operation 672 [7/9] (4.34ns)   --->   "%accumulator_assign_4_8 = fadd i32 %accumulator_assign_4_7, i32 %mul_i5_i_8" [D:/lenet_project/handoff/LeNet_DSE_Framework_2022_2/LeNet_DSE_Framework_2022_2/src/lenet_conv.cpp:36]   --->   Operation 672 'fadd' 'accumulator_assign_4_8' <Predicate = true> <Delay = 4.34> <CoreInst = "FAddSub_fulldsp">   --->   Core 18 'FAddSub_fulldsp' <Latency = 8> <II = 1> <Delay = 4.34> <FuncUnit> <Opcode : 'fadd' 'fsub'> <InPorts = 2> <OutPorts = 1>

State 91 <SV = 90> <Delay = 4.34>
ST_91 : Operation 673 [6/9] (4.34ns)   --->   "%accumulator_assign_4_8 = fadd i32 %accumulator_assign_4_7, i32 %mul_i5_i_8" [D:/lenet_project/handoff/LeNet_DSE_Framework_2022_2/LeNet_DSE_Framework_2022_2/src/lenet_conv.cpp:36]   --->   Operation 673 'fadd' 'accumulator_assign_4_8' <Predicate = true> <Delay = 4.34> <CoreInst = "FAddSub_fulldsp">   --->   Core 18 'FAddSub_fulldsp' <Latency = 8> <II = 1> <Delay = 4.34> <FuncUnit> <Opcode : 'fadd' 'fsub'> <InPorts = 2> <OutPorts = 1>

State 92 <SV = 91> <Delay = 4.34>
ST_92 : Operation 674 [5/9] (4.34ns)   --->   "%accumulator_assign_4_8 = fadd i32 %accumulator_assign_4_7, i32 %mul_i5_i_8" [D:/lenet_project/handoff/LeNet_DSE_Framework_2022_2/LeNet_DSE_Framework_2022_2/src/lenet_conv.cpp:36]   --->   Operation 674 'fadd' 'accumulator_assign_4_8' <Predicate = true> <Delay = 4.34> <CoreInst = "FAddSub_fulldsp">   --->   Core 18 'FAddSub_fulldsp' <Latency = 8> <II = 1> <Delay = 4.34> <FuncUnit> <Opcode : 'fadd' 'fsub'> <InPorts = 2> <OutPorts = 1>

State 93 <SV = 92> <Delay = 4.34>
ST_93 : Operation 675 [4/9] (4.34ns)   --->   "%accumulator_assign_4_8 = fadd i32 %accumulator_assign_4_7, i32 %mul_i5_i_8" [D:/lenet_project/handoff/LeNet_DSE_Framework_2022_2/LeNet_DSE_Framework_2022_2/src/lenet_conv.cpp:36]   --->   Operation 675 'fadd' 'accumulator_assign_4_8' <Predicate = true> <Delay = 4.34> <CoreInst = "FAddSub_fulldsp">   --->   Core 18 'FAddSub_fulldsp' <Latency = 8> <II = 1> <Delay = 4.34> <FuncUnit> <Opcode : 'fadd' 'fsub'> <InPorts = 2> <OutPorts = 1>

State 94 <SV = 93> <Delay = 4.34>
ST_94 : Operation 676 [3/9] (4.34ns)   --->   "%accumulator_assign_4_8 = fadd i32 %accumulator_assign_4_7, i32 %mul_i5_i_8" [D:/lenet_project/handoff/LeNet_DSE_Framework_2022_2/LeNet_DSE_Framework_2022_2/src/lenet_conv.cpp:36]   --->   Operation 676 'fadd' 'accumulator_assign_4_8' <Predicate = true> <Delay = 4.34> <CoreInst = "FAddSub_fulldsp">   --->   Core 18 'FAddSub_fulldsp' <Latency = 8> <II = 1> <Delay = 4.34> <FuncUnit> <Opcode : 'fadd' 'fsub'> <InPorts = 2> <OutPorts = 1>

State 95 <SV = 94> <Delay = 4.34>
ST_95 : Operation 677 [2/9] (4.34ns)   --->   "%accumulator_assign_4_8 = fadd i32 %accumulator_assign_4_7, i32 %mul_i5_i_8" [D:/lenet_project/handoff/LeNet_DSE_Framework_2022_2/LeNet_DSE_Framework_2022_2/src/lenet_conv.cpp:36]   --->   Operation 677 'fadd' 'accumulator_assign_4_8' <Predicate = true> <Delay = 4.34> <CoreInst = "FAddSub_fulldsp">   --->   Core 18 'FAddSub_fulldsp' <Latency = 8> <II = 1> <Delay = 4.34> <FuncUnit> <Opcode : 'fadd' 'fsub'> <InPorts = 2> <OutPorts = 1>

State 96 <SV = 95> <Delay = 4.34>
ST_96 : Operation 678 [1/9] (4.34ns)   --->   "%accumulator_assign_4_8 = fadd i32 %accumulator_assign_4_7, i32 %mul_i5_i_8" [D:/lenet_project/handoff/LeNet_DSE_Framework_2022_2/LeNet_DSE_Framework_2022_2/src/lenet_conv.cpp:36]   --->   Operation 678 'fadd' 'accumulator_assign_4_8' <Predicate = true> <Delay = 4.34> <CoreInst = "FAddSub_fulldsp">   --->   Core 18 'FAddSub_fulldsp' <Latency = 8> <II = 1> <Delay = 4.34> <FuncUnit> <Opcode : 'fadd' 'fsub'> <InPorts = 2> <OutPorts = 1>

State 97 <SV = 96> <Delay = 5.37>
ST_97 : Operation 679 [9/9] (5.37ns)   --->   "%accumulator_assign_4_9 = fadd i32 %accumulator_assign_4_8, i32 %mul_i5_i_9" [D:/lenet_project/handoff/LeNet_DSE_Framework_2022_2/LeNet_DSE_Framework_2022_2/src/lenet_conv.cpp:36]   --->   Operation 679 'fadd' 'accumulator_assign_4_9' <Predicate = true> <Delay = 5.37> <CoreInst = "FAddSub_fulldsp">   --->   Core 18 'FAddSub_fulldsp' <Latency = 8> <II = 1> <Delay = 4.34> <FuncUnit> <Opcode : 'fadd' 'fsub'> <InPorts = 2> <OutPorts = 1>

State 98 <SV = 97> <Delay = 4.34>
ST_98 : Operation 680 [8/9] (4.34ns)   --->   "%accumulator_assign_4_9 = fadd i32 %accumulator_assign_4_8, i32 %mul_i5_i_9" [D:/lenet_project/handoff/LeNet_DSE_Framework_2022_2/LeNet_DSE_Framework_2022_2/src/lenet_conv.cpp:36]   --->   Operation 680 'fadd' 'accumulator_assign_4_9' <Predicate = true> <Delay = 4.34> <CoreInst = "FAddSub_fulldsp">   --->   Core 18 'FAddSub_fulldsp' <Latency = 8> <II = 1> <Delay = 4.34> <FuncUnit> <Opcode : 'fadd' 'fsub'> <InPorts = 2> <OutPorts = 1>

State 99 <SV = 98> <Delay = 4.34>
ST_99 : Operation 681 [7/9] (4.34ns)   --->   "%accumulator_assign_4_9 = fadd i32 %accumulator_assign_4_8, i32 %mul_i5_i_9" [D:/lenet_project/handoff/LeNet_DSE_Framework_2022_2/LeNet_DSE_Framework_2022_2/src/lenet_conv.cpp:36]   --->   Operation 681 'fadd' 'accumulator_assign_4_9' <Predicate = true> <Delay = 4.34> <CoreInst = "FAddSub_fulldsp">   --->   Core 18 'FAddSub_fulldsp' <Latency = 8> <II = 1> <Delay = 4.34> <FuncUnit> <Opcode : 'fadd' 'fsub'> <InPorts = 2> <OutPorts = 1>

State 100 <SV = 99> <Delay = 4.34>
ST_100 : Operation 682 [6/9] (4.34ns)   --->   "%accumulator_assign_4_9 = fadd i32 %accumulator_assign_4_8, i32 %mul_i5_i_9" [D:/lenet_project/handoff/LeNet_DSE_Framework_2022_2/LeNet_DSE_Framework_2022_2/src/lenet_conv.cpp:36]   --->   Operation 682 'fadd' 'accumulator_assign_4_9' <Predicate = true> <Delay = 4.34> <CoreInst = "FAddSub_fulldsp">   --->   Core 18 'FAddSub_fulldsp' <Latency = 8> <II = 1> <Delay = 4.34> <FuncUnit> <Opcode : 'fadd' 'fsub'> <InPorts = 2> <OutPorts = 1>

State 101 <SV = 100> <Delay = 4.34>
ST_101 : Operation 683 [5/9] (4.34ns)   --->   "%accumulator_assign_4_9 = fadd i32 %accumulator_assign_4_8, i32 %mul_i5_i_9" [D:/lenet_project/handoff/LeNet_DSE_Framework_2022_2/LeNet_DSE_Framework_2022_2/src/lenet_conv.cpp:36]   --->   Operation 683 'fadd' 'accumulator_assign_4_9' <Predicate = true> <Delay = 4.34> <CoreInst = "FAddSub_fulldsp">   --->   Core 18 'FAddSub_fulldsp' <Latency = 8> <II = 1> <Delay = 4.34> <FuncUnit> <Opcode : 'fadd' 'fsub'> <InPorts = 2> <OutPorts = 1>

State 102 <SV = 101> <Delay = 4.34>
ST_102 : Operation 684 [4/9] (4.34ns)   --->   "%accumulator_assign_4_9 = fadd i32 %accumulator_assign_4_8, i32 %mul_i5_i_9" [D:/lenet_project/handoff/LeNet_DSE_Framework_2022_2/LeNet_DSE_Framework_2022_2/src/lenet_conv.cpp:36]   --->   Operation 684 'fadd' 'accumulator_assign_4_9' <Predicate = true> <Delay = 4.34> <CoreInst = "FAddSub_fulldsp">   --->   Core 18 'FAddSub_fulldsp' <Latency = 8> <II = 1> <Delay = 4.34> <FuncUnit> <Opcode : 'fadd' 'fsub'> <InPorts = 2> <OutPorts = 1>

State 103 <SV = 102> <Delay = 4.34>
ST_103 : Operation 685 [3/9] (4.34ns)   --->   "%accumulator_assign_4_9 = fadd i32 %accumulator_assign_4_8, i32 %mul_i5_i_9" [D:/lenet_project/handoff/LeNet_DSE_Framework_2022_2/LeNet_DSE_Framework_2022_2/src/lenet_conv.cpp:36]   --->   Operation 685 'fadd' 'accumulator_assign_4_9' <Predicate = true> <Delay = 4.34> <CoreInst = "FAddSub_fulldsp">   --->   Core 18 'FAddSub_fulldsp' <Latency = 8> <II = 1> <Delay = 4.34> <FuncUnit> <Opcode : 'fadd' 'fsub'> <InPorts = 2> <OutPorts = 1>

State 104 <SV = 103> <Delay = 4.34>
ST_104 : Operation 686 [2/9] (4.34ns)   --->   "%accumulator_assign_4_9 = fadd i32 %accumulator_assign_4_8, i32 %mul_i5_i_9" [D:/lenet_project/handoff/LeNet_DSE_Framework_2022_2/LeNet_DSE_Framework_2022_2/src/lenet_conv.cpp:36]   --->   Operation 686 'fadd' 'accumulator_assign_4_9' <Predicate = true> <Delay = 4.34> <CoreInst = "FAddSub_fulldsp">   --->   Core 18 'FAddSub_fulldsp' <Latency = 8> <II = 1> <Delay = 4.34> <FuncUnit> <Opcode : 'fadd' 'fsub'> <InPorts = 2> <OutPorts = 1>

State 105 <SV = 104> <Delay = 4.34>
ST_105 : Operation 687 [1/9] (4.34ns)   --->   "%accumulator_assign_4_9 = fadd i32 %accumulator_assign_4_8, i32 %mul_i5_i_9" [D:/lenet_project/handoff/LeNet_DSE_Framework_2022_2/LeNet_DSE_Framework_2022_2/src/lenet_conv.cpp:36]   --->   Operation 687 'fadd' 'accumulator_assign_4_9' <Predicate = true> <Delay = 4.34> <CoreInst = "FAddSub_fulldsp">   --->   Core 18 'FAddSub_fulldsp' <Latency = 8> <II = 1> <Delay = 4.34> <FuncUnit> <Opcode : 'fadd' 'fsub'> <InPorts = 2> <OutPorts = 1>

State 106 <SV = 105> <Delay = 5.37>
ST_106 : Operation 688 [9/9] (5.37ns)   --->   "%accumulator_assign_4_s = fadd i32 %accumulator_assign_4_9, i32 %mul_i5_i_s" [D:/lenet_project/handoff/LeNet_DSE_Framework_2022_2/LeNet_DSE_Framework_2022_2/src/lenet_conv.cpp:36]   --->   Operation 688 'fadd' 'accumulator_assign_4_s' <Predicate = true> <Delay = 5.37> <CoreInst = "FAddSub_fulldsp">   --->   Core 18 'FAddSub_fulldsp' <Latency = 8> <II = 1> <Delay = 4.34> <FuncUnit> <Opcode : 'fadd' 'fsub'> <InPorts = 2> <OutPorts = 1>

State 107 <SV = 106> <Delay = 4.34>
ST_107 : Operation 689 [8/9] (4.34ns)   --->   "%accumulator_assign_4_s = fadd i32 %accumulator_assign_4_9, i32 %mul_i5_i_s" [D:/lenet_project/handoff/LeNet_DSE_Framework_2022_2/LeNet_DSE_Framework_2022_2/src/lenet_conv.cpp:36]   --->   Operation 689 'fadd' 'accumulator_assign_4_s' <Predicate = true> <Delay = 4.34> <CoreInst = "FAddSub_fulldsp">   --->   Core 18 'FAddSub_fulldsp' <Latency = 8> <II = 1> <Delay = 4.34> <FuncUnit> <Opcode : 'fadd' 'fsub'> <InPorts = 2> <OutPorts = 1>

State 108 <SV = 107> <Delay = 4.34>
ST_108 : Operation 690 [7/9] (4.34ns)   --->   "%accumulator_assign_4_s = fadd i32 %accumulator_assign_4_9, i32 %mul_i5_i_s" [D:/lenet_project/handoff/LeNet_DSE_Framework_2022_2/LeNet_DSE_Framework_2022_2/src/lenet_conv.cpp:36]   --->   Operation 690 'fadd' 'accumulator_assign_4_s' <Predicate = true> <Delay = 4.34> <CoreInst = "FAddSub_fulldsp">   --->   Core 18 'FAddSub_fulldsp' <Latency = 8> <II = 1> <Delay = 4.34> <FuncUnit> <Opcode : 'fadd' 'fsub'> <InPorts = 2> <OutPorts = 1>

State 109 <SV = 108> <Delay = 4.34>
ST_109 : Operation 691 [6/9] (4.34ns)   --->   "%accumulator_assign_4_s = fadd i32 %accumulator_assign_4_9, i32 %mul_i5_i_s" [D:/lenet_project/handoff/LeNet_DSE_Framework_2022_2/LeNet_DSE_Framework_2022_2/src/lenet_conv.cpp:36]   --->   Operation 691 'fadd' 'accumulator_assign_4_s' <Predicate = true> <Delay = 4.34> <CoreInst = "FAddSub_fulldsp">   --->   Core 18 'FAddSub_fulldsp' <Latency = 8> <II = 1> <Delay = 4.34> <FuncUnit> <Opcode : 'fadd' 'fsub'> <InPorts = 2> <OutPorts = 1>

State 110 <SV = 109> <Delay = 4.34>
ST_110 : Operation 692 [5/9] (4.34ns)   --->   "%accumulator_assign_4_s = fadd i32 %accumulator_assign_4_9, i32 %mul_i5_i_s" [D:/lenet_project/handoff/LeNet_DSE_Framework_2022_2/LeNet_DSE_Framework_2022_2/src/lenet_conv.cpp:36]   --->   Operation 692 'fadd' 'accumulator_assign_4_s' <Predicate = true> <Delay = 4.34> <CoreInst = "FAddSub_fulldsp">   --->   Core 18 'FAddSub_fulldsp' <Latency = 8> <II = 1> <Delay = 4.34> <FuncUnit> <Opcode : 'fadd' 'fsub'> <InPorts = 2> <OutPorts = 1>

State 111 <SV = 110> <Delay = 4.34>
ST_111 : Operation 693 [4/9] (4.34ns)   --->   "%accumulator_assign_4_s = fadd i32 %accumulator_assign_4_9, i32 %mul_i5_i_s" [D:/lenet_project/handoff/LeNet_DSE_Framework_2022_2/LeNet_DSE_Framework_2022_2/src/lenet_conv.cpp:36]   --->   Operation 693 'fadd' 'accumulator_assign_4_s' <Predicate = true> <Delay = 4.34> <CoreInst = "FAddSub_fulldsp">   --->   Core 18 'FAddSub_fulldsp' <Latency = 8> <II = 1> <Delay = 4.34> <FuncUnit> <Opcode : 'fadd' 'fsub'> <InPorts = 2> <OutPorts = 1>

State 112 <SV = 111> <Delay = 4.34>
ST_112 : Operation 694 [3/9] (4.34ns)   --->   "%accumulator_assign_4_s = fadd i32 %accumulator_assign_4_9, i32 %mul_i5_i_s" [D:/lenet_project/handoff/LeNet_DSE_Framework_2022_2/LeNet_DSE_Framework_2022_2/src/lenet_conv.cpp:36]   --->   Operation 694 'fadd' 'accumulator_assign_4_s' <Predicate = true> <Delay = 4.34> <CoreInst = "FAddSub_fulldsp">   --->   Core 18 'FAddSub_fulldsp' <Latency = 8> <II = 1> <Delay = 4.34> <FuncUnit> <Opcode : 'fadd' 'fsub'> <InPorts = 2> <OutPorts = 1>

State 113 <SV = 112> <Delay = 4.34>
ST_113 : Operation 695 [2/9] (4.34ns)   --->   "%accumulator_assign_4_s = fadd i32 %accumulator_assign_4_9, i32 %mul_i5_i_s" [D:/lenet_project/handoff/LeNet_DSE_Framework_2022_2/LeNet_DSE_Framework_2022_2/src/lenet_conv.cpp:36]   --->   Operation 695 'fadd' 'accumulator_assign_4_s' <Predicate = true> <Delay = 4.34> <CoreInst = "FAddSub_fulldsp">   --->   Core 18 'FAddSub_fulldsp' <Latency = 8> <II = 1> <Delay = 4.34> <FuncUnit> <Opcode : 'fadd' 'fsub'> <InPorts = 2> <OutPorts = 1>

State 114 <SV = 113> <Delay = 4.34>
ST_114 : Operation 696 [1/9] (4.34ns)   --->   "%accumulator_assign_4_s = fadd i32 %accumulator_assign_4_9, i32 %mul_i5_i_s" [D:/lenet_project/handoff/LeNet_DSE_Framework_2022_2/LeNet_DSE_Framework_2022_2/src/lenet_conv.cpp:36]   --->   Operation 696 'fadd' 'accumulator_assign_4_s' <Predicate = true> <Delay = 4.34> <CoreInst = "FAddSub_fulldsp">   --->   Core 18 'FAddSub_fulldsp' <Latency = 8> <II = 1> <Delay = 4.34> <FuncUnit> <Opcode : 'fadd' 'fsub'> <InPorts = 2> <OutPorts = 1>

State 115 <SV = 114> <Delay = 5.37>
ST_115 : Operation 697 [9/9] (5.37ns)   --->   "%accumulator_assign_4_10 = fadd i32 %accumulator_assign_4_s, i32 %mul_i5_i_10" [D:/lenet_project/handoff/LeNet_DSE_Framework_2022_2/LeNet_DSE_Framework_2022_2/src/lenet_conv.cpp:36]   --->   Operation 697 'fadd' 'accumulator_assign_4_10' <Predicate = true> <Delay = 5.37> <CoreInst = "FAddSub_fulldsp">   --->   Core 18 'FAddSub_fulldsp' <Latency = 8> <II = 1> <Delay = 4.34> <FuncUnit> <Opcode : 'fadd' 'fsub'> <InPorts = 2> <OutPorts = 1>

State 116 <SV = 115> <Delay = 4.34>
ST_116 : Operation 698 [8/9] (4.34ns)   --->   "%accumulator_assign_4_10 = fadd i32 %accumulator_assign_4_s, i32 %mul_i5_i_10" [D:/lenet_project/handoff/LeNet_DSE_Framework_2022_2/LeNet_DSE_Framework_2022_2/src/lenet_conv.cpp:36]   --->   Operation 698 'fadd' 'accumulator_assign_4_10' <Predicate = true> <Delay = 4.34> <CoreInst = "FAddSub_fulldsp">   --->   Core 18 'FAddSub_fulldsp' <Latency = 8> <II = 1> <Delay = 4.34> <FuncUnit> <Opcode : 'fadd' 'fsub'> <InPorts = 2> <OutPorts = 1>

State 117 <SV = 116> <Delay = 4.34>
ST_117 : Operation 699 [7/9] (4.34ns)   --->   "%accumulator_assign_4_10 = fadd i32 %accumulator_assign_4_s, i32 %mul_i5_i_10" [D:/lenet_project/handoff/LeNet_DSE_Framework_2022_2/LeNet_DSE_Framework_2022_2/src/lenet_conv.cpp:36]   --->   Operation 699 'fadd' 'accumulator_assign_4_10' <Predicate = true> <Delay = 4.34> <CoreInst = "FAddSub_fulldsp">   --->   Core 18 'FAddSub_fulldsp' <Latency = 8> <II = 1> <Delay = 4.34> <FuncUnit> <Opcode : 'fadd' 'fsub'> <InPorts = 2> <OutPorts = 1>

State 118 <SV = 117> <Delay = 4.34>
ST_118 : Operation 700 [6/9] (4.34ns)   --->   "%accumulator_assign_4_10 = fadd i32 %accumulator_assign_4_s, i32 %mul_i5_i_10" [D:/lenet_project/handoff/LeNet_DSE_Framework_2022_2/LeNet_DSE_Framework_2022_2/src/lenet_conv.cpp:36]   --->   Operation 700 'fadd' 'accumulator_assign_4_10' <Predicate = true> <Delay = 4.34> <CoreInst = "FAddSub_fulldsp">   --->   Core 18 'FAddSub_fulldsp' <Latency = 8> <II = 1> <Delay = 4.34> <FuncUnit> <Opcode : 'fadd' 'fsub'> <InPorts = 2> <OutPorts = 1>

State 119 <SV = 118> <Delay = 4.34>
ST_119 : Operation 701 [5/9] (4.34ns)   --->   "%accumulator_assign_4_10 = fadd i32 %accumulator_assign_4_s, i32 %mul_i5_i_10" [D:/lenet_project/handoff/LeNet_DSE_Framework_2022_2/LeNet_DSE_Framework_2022_2/src/lenet_conv.cpp:36]   --->   Operation 701 'fadd' 'accumulator_assign_4_10' <Predicate = true> <Delay = 4.34> <CoreInst = "FAddSub_fulldsp">   --->   Core 18 'FAddSub_fulldsp' <Latency = 8> <II = 1> <Delay = 4.34> <FuncUnit> <Opcode : 'fadd' 'fsub'> <InPorts = 2> <OutPorts = 1>

State 120 <SV = 119> <Delay = 4.34>
ST_120 : Operation 702 [4/9] (4.34ns)   --->   "%accumulator_assign_4_10 = fadd i32 %accumulator_assign_4_s, i32 %mul_i5_i_10" [D:/lenet_project/handoff/LeNet_DSE_Framework_2022_2/LeNet_DSE_Framework_2022_2/src/lenet_conv.cpp:36]   --->   Operation 702 'fadd' 'accumulator_assign_4_10' <Predicate = true> <Delay = 4.34> <CoreInst = "FAddSub_fulldsp">   --->   Core 18 'FAddSub_fulldsp' <Latency = 8> <II = 1> <Delay = 4.34> <FuncUnit> <Opcode : 'fadd' 'fsub'> <InPorts = 2> <OutPorts = 1>

State 121 <SV = 120> <Delay = 4.34>
ST_121 : Operation 703 [3/9] (4.34ns)   --->   "%accumulator_assign_4_10 = fadd i32 %accumulator_assign_4_s, i32 %mul_i5_i_10" [D:/lenet_project/handoff/LeNet_DSE_Framework_2022_2/LeNet_DSE_Framework_2022_2/src/lenet_conv.cpp:36]   --->   Operation 703 'fadd' 'accumulator_assign_4_10' <Predicate = true> <Delay = 4.34> <CoreInst = "FAddSub_fulldsp">   --->   Core 18 'FAddSub_fulldsp' <Latency = 8> <II = 1> <Delay = 4.34> <FuncUnit> <Opcode : 'fadd' 'fsub'> <InPorts = 2> <OutPorts = 1>

State 122 <SV = 121> <Delay = 4.34>
ST_122 : Operation 704 [2/9] (4.34ns)   --->   "%accumulator_assign_4_10 = fadd i32 %accumulator_assign_4_s, i32 %mul_i5_i_10" [D:/lenet_project/handoff/LeNet_DSE_Framework_2022_2/LeNet_DSE_Framework_2022_2/src/lenet_conv.cpp:36]   --->   Operation 704 'fadd' 'accumulator_assign_4_10' <Predicate = true> <Delay = 4.34> <CoreInst = "FAddSub_fulldsp">   --->   Core 18 'FAddSub_fulldsp' <Latency = 8> <II = 1> <Delay = 4.34> <FuncUnit> <Opcode : 'fadd' 'fsub'> <InPorts = 2> <OutPorts = 1>

State 123 <SV = 122> <Delay = 4.34>
ST_123 : Operation 705 [1/9] (4.34ns)   --->   "%accumulator_assign_4_10 = fadd i32 %accumulator_assign_4_s, i32 %mul_i5_i_10" [D:/lenet_project/handoff/LeNet_DSE_Framework_2022_2/LeNet_DSE_Framework_2022_2/src/lenet_conv.cpp:36]   --->   Operation 705 'fadd' 'accumulator_assign_4_10' <Predicate = true> <Delay = 4.34> <CoreInst = "FAddSub_fulldsp">   --->   Core 18 'FAddSub_fulldsp' <Latency = 8> <II = 1> <Delay = 4.34> <FuncUnit> <Opcode : 'fadd' 'fsub'> <InPorts = 2> <OutPorts = 1>

State 124 <SV = 123> <Delay = 5.37>
ST_124 : Operation 706 [9/9] (5.37ns)   --->   "%accumulator_assign_4_11 = fadd i32 %accumulator_assign_4_10, i32 %mul_i5_i_11" [D:/lenet_project/handoff/LeNet_DSE_Framework_2022_2/LeNet_DSE_Framework_2022_2/src/lenet_conv.cpp:36]   --->   Operation 706 'fadd' 'accumulator_assign_4_11' <Predicate = true> <Delay = 5.37> <CoreInst = "FAddSub_fulldsp">   --->   Core 18 'FAddSub_fulldsp' <Latency = 8> <II = 1> <Delay = 4.34> <FuncUnit> <Opcode : 'fadd' 'fsub'> <InPorts = 2> <OutPorts = 1>

State 125 <SV = 124> <Delay = 4.34>
ST_125 : Operation 707 [8/9] (4.34ns)   --->   "%accumulator_assign_4_11 = fadd i32 %accumulator_assign_4_10, i32 %mul_i5_i_11" [D:/lenet_project/handoff/LeNet_DSE_Framework_2022_2/LeNet_DSE_Framework_2022_2/src/lenet_conv.cpp:36]   --->   Operation 707 'fadd' 'accumulator_assign_4_11' <Predicate = true> <Delay = 4.34> <CoreInst = "FAddSub_fulldsp">   --->   Core 18 'FAddSub_fulldsp' <Latency = 8> <II = 1> <Delay = 4.34> <FuncUnit> <Opcode : 'fadd' 'fsub'> <InPorts = 2> <OutPorts = 1>

State 126 <SV = 125> <Delay = 4.34>
ST_126 : Operation 708 [7/9] (4.34ns)   --->   "%accumulator_assign_4_11 = fadd i32 %accumulator_assign_4_10, i32 %mul_i5_i_11" [D:/lenet_project/handoff/LeNet_DSE_Framework_2022_2/LeNet_DSE_Framework_2022_2/src/lenet_conv.cpp:36]   --->   Operation 708 'fadd' 'accumulator_assign_4_11' <Predicate = true> <Delay = 4.34> <CoreInst = "FAddSub_fulldsp">   --->   Core 18 'FAddSub_fulldsp' <Latency = 8> <II = 1> <Delay = 4.34> <FuncUnit> <Opcode : 'fadd' 'fsub'> <InPorts = 2> <OutPorts = 1>

State 127 <SV = 126> <Delay = 4.34>
ST_127 : Operation 709 [6/9] (4.34ns)   --->   "%accumulator_assign_4_11 = fadd i32 %accumulator_assign_4_10, i32 %mul_i5_i_11" [D:/lenet_project/handoff/LeNet_DSE_Framework_2022_2/LeNet_DSE_Framework_2022_2/src/lenet_conv.cpp:36]   --->   Operation 709 'fadd' 'accumulator_assign_4_11' <Predicate = true> <Delay = 4.34> <CoreInst = "FAddSub_fulldsp">   --->   Core 18 'FAddSub_fulldsp' <Latency = 8> <II = 1> <Delay = 4.34> <FuncUnit> <Opcode : 'fadd' 'fsub'> <InPorts = 2> <OutPorts = 1>

State 128 <SV = 127> <Delay = 4.34>
ST_128 : Operation 710 [5/9] (4.34ns)   --->   "%accumulator_assign_4_11 = fadd i32 %accumulator_assign_4_10, i32 %mul_i5_i_11" [D:/lenet_project/handoff/LeNet_DSE_Framework_2022_2/LeNet_DSE_Framework_2022_2/src/lenet_conv.cpp:36]   --->   Operation 710 'fadd' 'accumulator_assign_4_11' <Predicate = true> <Delay = 4.34> <CoreInst = "FAddSub_fulldsp">   --->   Core 18 'FAddSub_fulldsp' <Latency = 8> <II = 1> <Delay = 4.34> <FuncUnit> <Opcode : 'fadd' 'fsub'> <InPorts = 2> <OutPorts = 1>

State 129 <SV = 128> <Delay = 4.34>
ST_129 : Operation 711 [4/9] (4.34ns)   --->   "%accumulator_assign_4_11 = fadd i32 %accumulator_assign_4_10, i32 %mul_i5_i_11" [D:/lenet_project/handoff/LeNet_DSE_Framework_2022_2/LeNet_DSE_Framework_2022_2/src/lenet_conv.cpp:36]   --->   Operation 711 'fadd' 'accumulator_assign_4_11' <Predicate = true> <Delay = 4.34> <CoreInst = "FAddSub_fulldsp">   --->   Core 18 'FAddSub_fulldsp' <Latency = 8> <II = 1> <Delay = 4.34> <FuncUnit> <Opcode : 'fadd' 'fsub'> <InPorts = 2> <OutPorts = 1>

State 130 <SV = 129> <Delay = 4.34>
ST_130 : Operation 712 [3/9] (4.34ns)   --->   "%accumulator_assign_4_11 = fadd i32 %accumulator_assign_4_10, i32 %mul_i5_i_11" [D:/lenet_project/handoff/LeNet_DSE_Framework_2022_2/LeNet_DSE_Framework_2022_2/src/lenet_conv.cpp:36]   --->   Operation 712 'fadd' 'accumulator_assign_4_11' <Predicate = true> <Delay = 4.34> <CoreInst = "FAddSub_fulldsp">   --->   Core 18 'FAddSub_fulldsp' <Latency = 8> <II = 1> <Delay = 4.34> <FuncUnit> <Opcode : 'fadd' 'fsub'> <InPorts = 2> <OutPorts = 1>

State 131 <SV = 130> <Delay = 4.34>
ST_131 : Operation 713 [2/9] (4.34ns)   --->   "%accumulator_assign_4_11 = fadd i32 %accumulator_assign_4_10, i32 %mul_i5_i_11" [D:/lenet_project/handoff/LeNet_DSE_Framework_2022_2/LeNet_DSE_Framework_2022_2/src/lenet_conv.cpp:36]   --->   Operation 713 'fadd' 'accumulator_assign_4_11' <Predicate = true> <Delay = 4.34> <CoreInst = "FAddSub_fulldsp">   --->   Core 18 'FAddSub_fulldsp' <Latency = 8> <II = 1> <Delay = 4.34> <FuncUnit> <Opcode : 'fadd' 'fsub'> <InPorts = 2> <OutPorts = 1>

State 132 <SV = 131> <Delay = 4.34>
ST_132 : Operation 714 [1/9] (4.34ns)   --->   "%accumulator_assign_4_11 = fadd i32 %accumulator_assign_4_10, i32 %mul_i5_i_11" [D:/lenet_project/handoff/LeNet_DSE_Framework_2022_2/LeNet_DSE_Framework_2022_2/src/lenet_conv.cpp:36]   --->   Operation 714 'fadd' 'accumulator_assign_4_11' <Predicate = true> <Delay = 4.34> <CoreInst = "FAddSub_fulldsp">   --->   Core 18 'FAddSub_fulldsp' <Latency = 8> <II = 1> <Delay = 4.34> <FuncUnit> <Opcode : 'fadd' 'fsub'> <InPorts = 2> <OutPorts = 1>

State 133 <SV = 132> <Delay = 5.37>
ST_133 : Operation 715 [9/9] (5.37ns)   --->   "%accumulator_assign_4_12 = fadd i32 %accumulator_assign_4_11, i32 %mul_i5_i_12" [D:/lenet_project/handoff/LeNet_DSE_Framework_2022_2/LeNet_DSE_Framework_2022_2/src/lenet_conv.cpp:36]   --->   Operation 715 'fadd' 'accumulator_assign_4_12' <Predicate = true> <Delay = 5.37> <CoreInst = "FAddSub_fulldsp">   --->   Core 18 'FAddSub_fulldsp' <Latency = 8> <II = 1> <Delay = 4.34> <FuncUnit> <Opcode : 'fadd' 'fsub'> <InPorts = 2> <OutPorts = 1>

State 134 <SV = 133> <Delay = 4.34>
ST_134 : Operation 716 [8/9] (4.34ns)   --->   "%accumulator_assign_4_12 = fadd i32 %accumulator_assign_4_11, i32 %mul_i5_i_12" [D:/lenet_project/handoff/LeNet_DSE_Framework_2022_2/LeNet_DSE_Framework_2022_2/src/lenet_conv.cpp:36]   --->   Operation 716 'fadd' 'accumulator_assign_4_12' <Predicate = true> <Delay = 4.34> <CoreInst = "FAddSub_fulldsp">   --->   Core 18 'FAddSub_fulldsp' <Latency = 8> <II = 1> <Delay = 4.34> <FuncUnit> <Opcode : 'fadd' 'fsub'> <InPorts = 2> <OutPorts = 1>

State 135 <SV = 134> <Delay = 4.34>
ST_135 : Operation 717 [7/9] (4.34ns)   --->   "%accumulator_assign_4_12 = fadd i32 %accumulator_assign_4_11, i32 %mul_i5_i_12" [D:/lenet_project/handoff/LeNet_DSE_Framework_2022_2/LeNet_DSE_Framework_2022_2/src/lenet_conv.cpp:36]   --->   Operation 717 'fadd' 'accumulator_assign_4_12' <Predicate = true> <Delay = 4.34> <CoreInst = "FAddSub_fulldsp">   --->   Core 18 'FAddSub_fulldsp' <Latency = 8> <II = 1> <Delay = 4.34> <FuncUnit> <Opcode : 'fadd' 'fsub'> <InPorts = 2> <OutPorts = 1>

State 136 <SV = 135> <Delay = 4.34>
ST_136 : Operation 718 [6/9] (4.34ns)   --->   "%accumulator_assign_4_12 = fadd i32 %accumulator_assign_4_11, i32 %mul_i5_i_12" [D:/lenet_project/handoff/LeNet_DSE_Framework_2022_2/LeNet_DSE_Framework_2022_2/src/lenet_conv.cpp:36]   --->   Operation 718 'fadd' 'accumulator_assign_4_12' <Predicate = true> <Delay = 4.34> <CoreInst = "FAddSub_fulldsp">   --->   Core 18 'FAddSub_fulldsp' <Latency = 8> <II = 1> <Delay = 4.34> <FuncUnit> <Opcode : 'fadd' 'fsub'> <InPorts = 2> <OutPorts = 1>

State 137 <SV = 136> <Delay = 4.34>
ST_137 : Operation 719 [5/9] (4.34ns)   --->   "%accumulator_assign_4_12 = fadd i32 %accumulator_assign_4_11, i32 %mul_i5_i_12" [D:/lenet_project/handoff/LeNet_DSE_Framework_2022_2/LeNet_DSE_Framework_2022_2/src/lenet_conv.cpp:36]   --->   Operation 719 'fadd' 'accumulator_assign_4_12' <Predicate = true> <Delay = 4.34> <CoreInst = "FAddSub_fulldsp">   --->   Core 18 'FAddSub_fulldsp' <Latency = 8> <II = 1> <Delay = 4.34> <FuncUnit> <Opcode : 'fadd' 'fsub'> <InPorts = 2> <OutPorts = 1>

State 138 <SV = 137> <Delay = 4.34>
ST_138 : Operation 720 [4/9] (4.34ns)   --->   "%accumulator_assign_4_12 = fadd i32 %accumulator_assign_4_11, i32 %mul_i5_i_12" [D:/lenet_project/handoff/LeNet_DSE_Framework_2022_2/LeNet_DSE_Framework_2022_2/src/lenet_conv.cpp:36]   --->   Operation 720 'fadd' 'accumulator_assign_4_12' <Predicate = true> <Delay = 4.34> <CoreInst = "FAddSub_fulldsp">   --->   Core 18 'FAddSub_fulldsp' <Latency = 8> <II = 1> <Delay = 4.34> <FuncUnit> <Opcode : 'fadd' 'fsub'> <InPorts = 2> <OutPorts = 1>

State 139 <SV = 138> <Delay = 4.34>
ST_139 : Operation 721 [3/9] (4.34ns)   --->   "%accumulator_assign_4_12 = fadd i32 %accumulator_assign_4_11, i32 %mul_i5_i_12" [D:/lenet_project/handoff/LeNet_DSE_Framework_2022_2/LeNet_DSE_Framework_2022_2/src/lenet_conv.cpp:36]   --->   Operation 721 'fadd' 'accumulator_assign_4_12' <Predicate = true> <Delay = 4.34> <CoreInst = "FAddSub_fulldsp">   --->   Core 18 'FAddSub_fulldsp' <Latency = 8> <II = 1> <Delay = 4.34> <FuncUnit> <Opcode : 'fadd' 'fsub'> <InPorts = 2> <OutPorts = 1>

State 140 <SV = 139> <Delay = 4.34>
ST_140 : Operation 722 [2/9] (4.34ns)   --->   "%accumulator_assign_4_12 = fadd i32 %accumulator_assign_4_11, i32 %mul_i5_i_12" [D:/lenet_project/handoff/LeNet_DSE_Framework_2022_2/LeNet_DSE_Framework_2022_2/src/lenet_conv.cpp:36]   --->   Operation 722 'fadd' 'accumulator_assign_4_12' <Predicate = true> <Delay = 4.34> <CoreInst = "FAddSub_fulldsp">   --->   Core 18 'FAddSub_fulldsp' <Latency = 8> <II = 1> <Delay = 4.34> <FuncUnit> <Opcode : 'fadd' 'fsub'> <InPorts = 2> <OutPorts = 1>

State 141 <SV = 140> <Delay = 4.34>
ST_141 : Operation 723 [1/9] (4.34ns)   --->   "%accumulator_assign_4_12 = fadd i32 %accumulator_assign_4_11, i32 %mul_i5_i_12" [D:/lenet_project/handoff/LeNet_DSE_Framework_2022_2/LeNet_DSE_Framework_2022_2/src/lenet_conv.cpp:36]   --->   Operation 723 'fadd' 'accumulator_assign_4_12' <Predicate = true> <Delay = 4.34> <CoreInst = "FAddSub_fulldsp">   --->   Core 18 'FAddSub_fulldsp' <Latency = 8> <II = 1> <Delay = 4.34> <FuncUnit> <Opcode : 'fadd' 'fsub'> <InPorts = 2> <OutPorts = 1>

State 142 <SV = 141> <Delay = 5.37>
ST_142 : Operation 724 [9/9] (5.37ns)   --->   "%accumulator_assign_4_13 = fadd i32 %accumulator_assign_4_12, i32 %mul_i5_i_13" [D:/lenet_project/handoff/LeNet_DSE_Framework_2022_2/LeNet_DSE_Framework_2022_2/src/lenet_conv.cpp:36]   --->   Operation 724 'fadd' 'accumulator_assign_4_13' <Predicate = true> <Delay = 5.37> <CoreInst = "FAddSub_fulldsp">   --->   Core 18 'FAddSub_fulldsp' <Latency = 8> <II = 1> <Delay = 4.34> <FuncUnit> <Opcode : 'fadd' 'fsub'> <InPorts = 2> <OutPorts = 1>

State 143 <SV = 142> <Delay = 4.34>
ST_143 : Operation 725 [8/9] (4.34ns)   --->   "%accumulator_assign_4_13 = fadd i32 %accumulator_assign_4_12, i32 %mul_i5_i_13" [D:/lenet_project/handoff/LeNet_DSE_Framework_2022_2/LeNet_DSE_Framework_2022_2/src/lenet_conv.cpp:36]   --->   Operation 725 'fadd' 'accumulator_assign_4_13' <Predicate = true> <Delay = 4.34> <CoreInst = "FAddSub_fulldsp">   --->   Core 18 'FAddSub_fulldsp' <Latency = 8> <II = 1> <Delay = 4.34> <FuncUnit> <Opcode : 'fadd' 'fsub'> <InPorts = 2> <OutPorts = 1>

State 144 <SV = 143> <Delay = 4.34>
ST_144 : Operation 726 [7/9] (4.34ns)   --->   "%accumulator_assign_4_13 = fadd i32 %accumulator_assign_4_12, i32 %mul_i5_i_13" [D:/lenet_project/handoff/LeNet_DSE_Framework_2022_2/LeNet_DSE_Framework_2022_2/src/lenet_conv.cpp:36]   --->   Operation 726 'fadd' 'accumulator_assign_4_13' <Predicate = true> <Delay = 4.34> <CoreInst = "FAddSub_fulldsp">   --->   Core 18 'FAddSub_fulldsp' <Latency = 8> <II = 1> <Delay = 4.34> <FuncUnit> <Opcode : 'fadd' 'fsub'> <InPorts = 2> <OutPorts = 1>

State 145 <SV = 144> <Delay = 4.34>
ST_145 : Operation 727 [6/9] (4.34ns)   --->   "%accumulator_assign_4_13 = fadd i32 %accumulator_assign_4_12, i32 %mul_i5_i_13" [D:/lenet_project/handoff/LeNet_DSE_Framework_2022_2/LeNet_DSE_Framework_2022_2/src/lenet_conv.cpp:36]   --->   Operation 727 'fadd' 'accumulator_assign_4_13' <Predicate = true> <Delay = 4.34> <CoreInst = "FAddSub_fulldsp">   --->   Core 18 'FAddSub_fulldsp' <Latency = 8> <II = 1> <Delay = 4.34> <FuncUnit> <Opcode : 'fadd' 'fsub'> <InPorts = 2> <OutPorts = 1>

State 146 <SV = 145> <Delay = 4.34>
ST_146 : Operation 728 [5/9] (4.34ns)   --->   "%accumulator_assign_4_13 = fadd i32 %accumulator_assign_4_12, i32 %mul_i5_i_13" [D:/lenet_project/handoff/LeNet_DSE_Framework_2022_2/LeNet_DSE_Framework_2022_2/src/lenet_conv.cpp:36]   --->   Operation 728 'fadd' 'accumulator_assign_4_13' <Predicate = true> <Delay = 4.34> <CoreInst = "FAddSub_fulldsp">   --->   Core 18 'FAddSub_fulldsp' <Latency = 8> <II = 1> <Delay = 4.34> <FuncUnit> <Opcode : 'fadd' 'fsub'> <InPorts = 2> <OutPorts = 1>

State 147 <SV = 146> <Delay = 4.34>
ST_147 : Operation 729 [4/9] (4.34ns)   --->   "%accumulator_assign_4_13 = fadd i32 %accumulator_assign_4_12, i32 %mul_i5_i_13" [D:/lenet_project/handoff/LeNet_DSE_Framework_2022_2/LeNet_DSE_Framework_2022_2/src/lenet_conv.cpp:36]   --->   Operation 729 'fadd' 'accumulator_assign_4_13' <Predicate = true> <Delay = 4.34> <CoreInst = "FAddSub_fulldsp">   --->   Core 18 'FAddSub_fulldsp' <Latency = 8> <II = 1> <Delay = 4.34> <FuncUnit> <Opcode : 'fadd' 'fsub'> <InPorts = 2> <OutPorts = 1>

State 148 <SV = 147> <Delay = 4.34>
ST_148 : Operation 730 [3/9] (4.34ns)   --->   "%accumulator_assign_4_13 = fadd i32 %accumulator_assign_4_12, i32 %mul_i5_i_13" [D:/lenet_project/handoff/LeNet_DSE_Framework_2022_2/LeNet_DSE_Framework_2022_2/src/lenet_conv.cpp:36]   --->   Operation 730 'fadd' 'accumulator_assign_4_13' <Predicate = true> <Delay = 4.34> <CoreInst = "FAddSub_fulldsp">   --->   Core 18 'FAddSub_fulldsp' <Latency = 8> <II = 1> <Delay = 4.34> <FuncUnit> <Opcode : 'fadd' 'fsub'> <InPorts = 2> <OutPorts = 1>

State 149 <SV = 148> <Delay = 4.34>
ST_149 : Operation 731 [2/9] (4.34ns)   --->   "%accumulator_assign_4_13 = fadd i32 %accumulator_assign_4_12, i32 %mul_i5_i_13" [D:/lenet_project/handoff/LeNet_DSE_Framework_2022_2/LeNet_DSE_Framework_2022_2/src/lenet_conv.cpp:36]   --->   Operation 731 'fadd' 'accumulator_assign_4_13' <Predicate = true> <Delay = 4.34> <CoreInst = "FAddSub_fulldsp">   --->   Core 18 'FAddSub_fulldsp' <Latency = 8> <II = 1> <Delay = 4.34> <FuncUnit> <Opcode : 'fadd' 'fsub'> <InPorts = 2> <OutPorts = 1>

State 150 <SV = 149> <Delay = 4.34>
ST_150 : Operation 732 [1/9] (4.34ns)   --->   "%accumulator_assign_4_13 = fadd i32 %accumulator_assign_4_12, i32 %mul_i5_i_13" [D:/lenet_project/handoff/LeNet_DSE_Framework_2022_2/LeNet_DSE_Framework_2022_2/src/lenet_conv.cpp:36]   --->   Operation 732 'fadd' 'accumulator_assign_4_13' <Predicate = true> <Delay = 4.34> <CoreInst = "FAddSub_fulldsp">   --->   Core 18 'FAddSub_fulldsp' <Latency = 8> <II = 1> <Delay = 4.34> <FuncUnit> <Opcode : 'fadd' 'fsub'> <InPorts = 2> <OutPorts = 1>

State 151 <SV = 150> <Delay = 5.37>
ST_151 : Operation 733 [9/9] (5.37ns)   --->   "%accumulator_assign_4_14 = fadd i32 %accumulator_assign_4_13, i32 %mul_i5_i_14" [D:/lenet_project/handoff/LeNet_DSE_Framework_2022_2/LeNet_DSE_Framework_2022_2/src/lenet_conv.cpp:36]   --->   Operation 733 'fadd' 'accumulator_assign_4_14' <Predicate = true> <Delay = 5.37> <CoreInst = "FAddSub_fulldsp">   --->   Core 18 'FAddSub_fulldsp' <Latency = 8> <II = 1> <Delay = 4.34> <FuncUnit> <Opcode : 'fadd' 'fsub'> <InPorts = 2> <OutPorts = 1>

State 152 <SV = 151> <Delay = 4.34>
ST_152 : Operation 734 [8/9] (4.34ns)   --->   "%accumulator_assign_4_14 = fadd i32 %accumulator_assign_4_13, i32 %mul_i5_i_14" [D:/lenet_project/handoff/LeNet_DSE_Framework_2022_2/LeNet_DSE_Framework_2022_2/src/lenet_conv.cpp:36]   --->   Operation 734 'fadd' 'accumulator_assign_4_14' <Predicate = true> <Delay = 4.34> <CoreInst = "FAddSub_fulldsp">   --->   Core 18 'FAddSub_fulldsp' <Latency = 8> <II = 1> <Delay = 4.34> <FuncUnit> <Opcode : 'fadd' 'fsub'> <InPorts = 2> <OutPorts = 1>

State 153 <SV = 152> <Delay = 4.34>
ST_153 : Operation 735 [7/9] (4.34ns)   --->   "%accumulator_assign_4_14 = fadd i32 %accumulator_assign_4_13, i32 %mul_i5_i_14" [D:/lenet_project/handoff/LeNet_DSE_Framework_2022_2/LeNet_DSE_Framework_2022_2/src/lenet_conv.cpp:36]   --->   Operation 735 'fadd' 'accumulator_assign_4_14' <Predicate = true> <Delay = 4.34> <CoreInst = "FAddSub_fulldsp">   --->   Core 18 'FAddSub_fulldsp' <Latency = 8> <II = 1> <Delay = 4.34> <FuncUnit> <Opcode : 'fadd' 'fsub'> <InPorts = 2> <OutPorts = 1>

State 154 <SV = 153> <Delay = 4.34>
ST_154 : Operation 736 [6/9] (4.34ns)   --->   "%accumulator_assign_4_14 = fadd i32 %accumulator_assign_4_13, i32 %mul_i5_i_14" [D:/lenet_project/handoff/LeNet_DSE_Framework_2022_2/LeNet_DSE_Framework_2022_2/src/lenet_conv.cpp:36]   --->   Operation 736 'fadd' 'accumulator_assign_4_14' <Predicate = true> <Delay = 4.34> <CoreInst = "FAddSub_fulldsp">   --->   Core 18 'FAddSub_fulldsp' <Latency = 8> <II = 1> <Delay = 4.34> <FuncUnit> <Opcode : 'fadd' 'fsub'> <InPorts = 2> <OutPorts = 1>

State 155 <SV = 154> <Delay = 4.34>
ST_155 : Operation 737 [5/9] (4.34ns)   --->   "%accumulator_assign_4_14 = fadd i32 %accumulator_assign_4_13, i32 %mul_i5_i_14" [D:/lenet_project/handoff/LeNet_DSE_Framework_2022_2/LeNet_DSE_Framework_2022_2/src/lenet_conv.cpp:36]   --->   Operation 737 'fadd' 'accumulator_assign_4_14' <Predicate = true> <Delay = 4.34> <CoreInst = "FAddSub_fulldsp">   --->   Core 18 'FAddSub_fulldsp' <Latency = 8> <II = 1> <Delay = 4.34> <FuncUnit> <Opcode : 'fadd' 'fsub'> <InPorts = 2> <OutPorts = 1>

State 156 <SV = 155> <Delay = 4.34>
ST_156 : Operation 738 [4/9] (4.34ns)   --->   "%accumulator_assign_4_14 = fadd i32 %accumulator_assign_4_13, i32 %mul_i5_i_14" [D:/lenet_project/handoff/LeNet_DSE_Framework_2022_2/LeNet_DSE_Framework_2022_2/src/lenet_conv.cpp:36]   --->   Operation 738 'fadd' 'accumulator_assign_4_14' <Predicate = true> <Delay = 4.34> <CoreInst = "FAddSub_fulldsp">   --->   Core 18 'FAddSub_fulldsp' <Latency = 8> <II = 1> <Delay = 4.34> <FuncUnit> <Opcode : 'fadd' 'fsub'> <InPorts = 2> <OutPorts = 1>

State 157 <SV = 156> <Delay = 4.34>
ST_157 : Operation 739 [3/9] (4.34ns)   --->   "%accumulator_assign_4_14 = fadd i32 %accumulator_assign_4_13, i32 %mul_i5_i_14" [D:/lenet_project/handoff/LeNet_DSE_Framework_2022_2/LeNet_DSE_Framework_2022_2/src/lenet_conv.cpp:36]   --->   Operation 739 'fadd' 'accumulator_assign_4_14' <Predicate = true> <Delay = 4.34> <CoreInst = "FAddSub_fulldsp">   --->   Core 18 'FAddSub_fulldsp' <Latency = 8> <II = 1> <Delay = 4.34> <FuncUnit> <Opcode : 'fadd' 'fsub'> <InPorts = 2> <OutPorts = 1>

State 158 <SV = 157> <Delay = 4.34>
ST_158 : Operation 740 [2/9] (4.34ns)   --->   "%accumulator_assign_4_14 = fadd i32 %accumulator_assign_4_13, i32 %mul_i5_i_14" [D:/lenet_project/handoff/LeNet_DSE_Framework_2022_2/LeNet_DSE_Framework_2022_2/src/lenet_conv.cpp:36]   --->   Operation 740 'fadd' 'accumulator_assign_4_14' <Predicate = true> <Delay = 4.34> <CoreInst = "FAddSub_fulldsp">   --->   Core 18 'FAddSub_fulldsp' <Latency = 8> <II = 1> <Delay = 4.34> <FuncUnit> <Opcode : 'fadd' 'fsub'> <InPorts = 2> <OutPorts = 1>

State 159 <SV = 158> <Delay = 4.34>
ST_159 : Operation 741 [1/9] (4.34ns)   --->   "%accumulator_assign_4_14 = fadd i32 %accumulator_assign_4_13, i32 %mul_i5_i_14" [D:/lenet_project/handoff/LeNet_DSE_Framework_2022_2/LeNet_DSE_Framework_2022_2/src/lenet_conv.cpp:36]   --->   Operation 741 'fadd' 'accumulator_assign_4_14' <Predicate = true> <Delay = 4.34> <CoreInst = "FAddSub_fulldsp">   --->   Core 18 'FAddSub_fulldsp' <Latency = 8> <II = 1> <Delay = 4.34> <FuncUnit> <Opcode : 'fadd' 'fsub'> <InPorts = 2> <OutPorts = 1>

State 160 <SV = 159> <Delay = 5.37>
ST_160 : Operation 742 [9/9] (5.37ns)   --->   "%accumulator_assign_4_15 = fadd i32 %accumulator_assign_4_14, i32 %mul_i5_i_15" [D:/lenet_project/handoff/LeNet_DSE_Framework_2022_2/LeNet_DSE_Framework_2022_2/src/lenet_conv.cpp:36]   --->   Operation 742 'fadd' 'accumulator_assign_4_15' <Predicate = true> <Delay = 5.37> <CoreInst = "FAddSub_fulldsp">   --->   Core 18 'FAddSub_fulldsp' <Latency = 8> <II = 1> <Delay = 4.34> <FuncUnit> <Opcode : 'fadd' 'fsub'> <InPorts = 2> <OutPorts = 1>

State 161 <SV = 160> <Delay = 4.34>
ST_161 : Operation 743 [8/9] (4.34ns)   --->   "%accumulator_assign_4_15 = fadd i32 %accumulator_assign_4_14, i32 %mul_i5_i_15" [D:/lenet_project/handoff/LeNet_DSE_Framework_2022_2/LeNet_DSE_Framework_2022_2/src/lenet_conv.cpp:36]   --->   Operation 743 'fadd' 'accumulator_assign_4_15' <Predicate = true> <Delay = 4.34> <CoreInst = "FAddSub_fulldsp">   --->   Core 18 'FAddSub_fulldsp' <Latency = 8> <II = 1> <Delay = 4.34> <FuncUnit> <Opcode : 'fadd' 'fsub'> <InPorts = 2> <OutPorts = 1>

State 162 <SV = 161> <Delay = 4.34>
ST_162 : Operation 744 [7/9] (4.34ns)   --->   "%accumulator_assign_4_15 = fadd i32 %accumulator_assign_4_14, i32 %mul_i5_i_15" [D:/lenet_project/handoff/LeNet_DSE_Framework_2022_2/LeNet_DSE_Framework_2022_2/src/lenet_conv.cpp:36]   --->   Operation 744 'fadd' 'accumulator_assign_4_15' <Predicate = true> <Delay = 4.34> <CoreInst = "FAddSub_fulldsp">   --->   Core 18 'FAddSub_fulldsp' <Latency = 8> <II = 1> <Delay = 4.34> <FuncUnit> <Opcode : 'fadd' 'fsub'> <InPorts = 2> <OutPorts = 1>

State 163 <SV = 162> <Delay = 4.34>
ST_163 : Operation 745 [6/9] (4.34ns)   --->   "%accumulator_assign_4_15 = fadd i32 %accumulator_assign_4_14, i32 %mul_i5_i_15" [D:/lenet_project/handoff/LeNet_DSE_Framework_2022_2/LeNet_DSE_Framework_2022_2/src/lenet_conv.cpp:36]   --->   Operation 745 'fadd' 'accumulator_assign_4_15' <Predicate = true> <Delay = 4.34> <CoreInst = "FAddSub_fulldsp">   --->   Core 18 'FAddSub_fulldsp' <Latency = 8> <II = 1> <Delay = 4.34> <FuncUnit> <Opcode : 'fadd' 'fsub'> <InPorts = 2> <OutPorts = 1>

State 164 <SV = 163> <Delay = 4.34>
ST_164 : Operation 746 [5/9] (4.34ns)   --->   "%accumulator_assign_4_15 = fadd i32 %accumulator_assign_4_14, i32 %mul_i5_i_15" [D:/lenet_project/handoff/LeNet_DSE_Framework_2022_2/LeNet_DSE_Framework_2022_2/src/lenet_conv.cpp:36]   --->   Operation 746 'fadd' 'accumulator_assign_4_15' <Predicate = true> <Delay = 4.34> <CoreInst = "FAddSub_fulldsp">   --->   Core 18 'FAddSub_fulldsp' <Latency = 8> <II = 1> <Delay = 4.34> <FuncUnit> <Opcode : 'fadd' 'fsub'> <InPorts = 2> <OutPorts = 1>

State 165 <SV = 164> <Delay = 4.34>
ST_165 : Operation 747 [4/9] (4.34ns)   --->   "%accumulator_assign_4_15 = fadd i32 %accumulator_assign_4_14, i32 %mul_i5_i_15" [D:/lenet_project/handoff/LeNet_DSE_Framework_2022_2/LeNet_DSE_Framework_2022_2/src/lenet_conv.cpp:36]   --->   Operation 747 'fadd' 'accumulator_assign_4_15' <Predicate = true> <Delay = 4.34> <CoreInst = "FAddSub_fulldsp">   --->   Core 18 'FAddSub_fulldsp' <Latency = 8> <II = 1> <Delay = 4.34> <FuncUnit> <Opcode : 'fadd' 'fsub'> <InPorts = 2> <OutPorts = 1>

State 166 <SV = 165> <Delay = 4.34>
ST_166 : Operation 748 [3/9] (4.34ns)   --->   "%accumulator_assign_4_15 = fadd i32 %accumulator_assign_4_14, i32 %mul_i5_i_15" [D:/lenet_project/handoff/LeNet_DSE_Framework_2022_2/LeNet_DSE_Framework_2022_2/src/lenet_conv.cpp:36]   --->   Operation 748 'fadd' 'accumulator_assign_4_15' <Predicate = true> <Delay = 4.34> <CoreInst = "FAddSub_fulldsp">   --->   Core 18 'FAddSub_fulldsp' <Latency = 8> <II = 1> <Delay = 4.34> <FuncUnit> <Opcode : 'fadd' 'fsub'> <InPorts = 2> <OutPorts = 1>

State 167 <SV = 166> <Delay = 4.34>
ST_167 : Operation 749 [2/9] (4.34ns)   --->   "%accumulator_assign_4_15 = fadd i32 %accumulator_assign_4_14, i32 %mul_i5_i_15" [D:/lenet_project/handoff/LeNet_DSE_Framework_2022_2/LeNet_DSE_Framework_2022_2/src/lenet_conv.cpp:36]   --->   Operation 749 'fadd' 'accumulator_assign_4_15' <Predicate = true> <Delay = 4.34> <CoreInst = "FAddSub_fulldsp">   --->   Core 18 'FAddSub_fulldsp' <Latency = 8> <II = 1> <Delay = 4.34> <FuncUnit> <Opcode : 'fadd' 'fsub'> <InPorts = 2> <OutPorts = 1>

State 168 <SV = 167> <Delay = 4.34>
ST_168 : Operation 750 [1/9] (4.34ns)   --->   "%accumulator_assign_4_15 = fadd i32 %accumulator_assign_4_14, i32 %mul_i5_i_15" [D:/lenet_project/handoff/LeNet_DSE_Framework_2022_2/LeNet_DSE_Framework_2022_2/src/lenet_conv.cpp:36]   --->   Operation 750 'fadd' 'accumulator_assign_4_15' <Predicate = true> <Delay = 4.34> <CoreInst = "FAddSub_fulldsp">   --->   Core 18 'FAddSub_fulldsp' <Latency = 8> <II = 1> <Delay = 4.34> <FuncUnit> <Opcode : 'fadd' 'fsub'> <InPorts = 2> <OutPorts = 1>

State 169 <SV = 168> <Delay = 5.37>
ST_169 : Operation 751 [9/9] (5.37ns)   --->   "%accumulator_assign_4_16 = fadd i32 %accumulator_assign_4_15, i32 %mul_i5_i_16" [D:/lenet_project/handoff/LeNet_DSE_Framework_2022_2/LeNet_DSE_Framework_2022_2/src/lenet_conv.cpp:36]   --->   Operation 751 'fadd' 'accumulator_assign_4_16' <Predicate = true> <Delay = 5.37> <CoreInst = "FAddSub_fulldsp">   --->   Core 18 'FAddSub_fulldsp' <Latency = 8> <II = 1> <Delay = 4.34> <FuncUnit> <Opcode : 'fadd' 'fsub'> <InPorts = 2> <OutPorts = 1>

State 170 <SV = 169> <Delay = 4.34>
ST_170 : Operation 752 [8/9] (4.34ns)   --->   "%accumulator_assign_4_16 = fadd i32 %accumulator_assign_4_15, i32 %mul_i5_i_16" [D:/lenet_project/handoff/LeNet_DSE_Framework_2022_2/LeNet_DSE_Framework_2022_2/src/lenet_conv.cpp:36]   --->   Operation 752 'fadd' 'accumulator_assign_4_16' <Predicate = true> <Delay = 4.34> <CoreInst = "FAddSub_fulldsp">   --->   Core 18 'FAddSub_fulldsp' <Latency = 8> <II = 1> <Delay = 4.34> <FuncUnit> <Opcode : 'fadd' 'fsub'> <InPorts = 2> <OutPorts = 1>

State 171 <SV = 170> <Delay = 4.34>
ST_171 : Operation 753 [7/9] (4.34ns)   --->   "%accumulator_assign_4_16 = fadd i32 %accumulator_assign_4_15, i32 %mul_i5_i_16" [D:/lenet_project/handoff/LeNet_DSE_Framework_2022_2/LeNet_DSE_Framework_2022_2/src/lenet_conv.cpp:36]   --->   Operation 753 'fadd' 'accumulator_assign_4_16' <Predicate = true> <Delay = 4.34> <CoreInst = "FAddSub_fulldsp">   --->   Core 18 'FAddSub_fulldsp' <Latency = 8> <II = 1> <Delay = 4.34> <FuncUnit> <Opcode : 'fadd' 'fsub'> <InPorts = 2> <OutPorts = 1>

State 172 <SV = 171> <Delay = 4.34>
ST_172 : Operation 754 [6/9] (4.34ns)   --->   "%accumulator_assign_4_16 = fadd i32 %accumulator_assign_4_15, i32 %mul_i5_i_16" [D:/lenet_project/handoff/LeNet_DSE_Framework_2022_2/LeNet_DSE_Framework_2022_2/src/lenet_conv.cpp:36]   --->   Operation 754 'fadd' 'accumulator_assign_4_16' <Predicate = true> <Delay = 4.34> <CoreInst = "FAddSub_fulldsp">   --->   Core 18 'FAddSub_fulldsp' <Latency = 8> <II = 1> <Delay = 4.34> <FuncUnit> <Opcode : 'fadd' 'fsub'> <InPorts = 2> <OutPorts = 1>

State 173 <SV = 172> <Delay = 4.34>
ST_173 : Operation 755 [5/9] (4.34ns)   --->   "%accumulator_assign_4_16 = fadd i32 %accumulator_assign_4_15, i32 %mul_i5_i_16" [D:/lenet_project/handoff/LeNet_DSE_Framework_2022_2/LeNet_DSE_Framework_2022_2/src/lenet_conv.cpp:36]   --->   Operation 755 'fadd' 'accumulator_assign_4_16' <Predicate = true> <Delay = 4.34> <CoreInst = "FAddSub_fulldsp">   --->   Core 18 'FAddSub_fulldsp' <Latency = 8> <II = 1> <Delay = 4.34> <FuncUnit> <Opcode : 'fadd' 'fsub'> <InPorts = 2> <OutPorts = 1>

State 174 <SV = 173> <Delay = 4.34>
ST_174 : Operation 756 [4/9] (4.34ns)   --->   "%accumulator_assign_4_16 = fadd i32 %accumulator_assign_4_15, i32 %mul_i5_i_16" [D:/lenet_project/handoff/LeNet_DSE_Framework_2022_2/LeNet_DSE_Framework_2022_2/src/lenet_conv.cpp:36]   --->   Operation 756 'fadd' 'accumulator_assign_4_16' <Predicate = true> <Delay = 4.34> <CoreInst = "FAddSub_fulldsp">   --->   Core 18 'FAddSub_fulldsp' <Latency = 8> <II = 1> <Delay = 4.34> <FuncUnit> <Opcode : 'fadd' 'fsub'> <InPorts = 2> <OutPorts = 1>

State 175 <SV = 174> <Delay = 4.34>
ST_175 : Operation 757 [3/9] (4.34ns)   --->   "%accumulator_assign_4_16 = fadd i32 %accumulator_assign_4_15, i32 %mul_i5_i_16" [D:/lenet_project/handoff/LeNet_DSE_Framework_2022_2/LeNet_DSE_Framework_2022_2/src/lenet_conv.cpp:36]   --->   Operation 757 'fadd' 'accumulator_assign_4_16' <Predicate = true> <Delay = 4.34> <CoreInst = "FAddSub_fulldsp">   --->   Core 18 'FAddSub_fulldsp' <Latency = 8> <II = 1> <Delay = 4.34> <FuncUnit> <Opcode : 'fadd' 'fsub'> <InPorts = 2> <OutPorts = 1>

State 176 <SV = 175> <Delay = 4.34>
ST_176 : Operation 758 [2/9] (4.34ns)   --->   "%accumulator_assign_4_16 = fadd i32 %accumulator_assign_4_15, i32 %mul_i5_i_16" [D:/lenet_project/handoff/LeNet_DSE_Framework_2022_2/LeNet_DSE_Framework_2022_2/src/lenet_conv.cpp:36]   --->   Operation 758 'fadd' 'accumulator_assign_4_16' <Predicate = true> <Delay = 4.34> <CoreInst = "FAddSub_fulldsp">   --->   Core 18 'FAddSub_fulldsp' <Latency = 8> <II = 1> <Delay = 4.34> <FuncUnit> <Opcode : 'fadd' 'fsub'> <InPorts = 2> <OutPorts = 1>

State 177 <SV = 176> <Delay = 4.34>
ST_177 : Operation 759 [1/9] (4.34ns)   --->   "%accumulator_assign_4_16 = fadd i32 %accumulator_assign_4_15, i32 %mul_i5_i_16" [D:/lenet_project/handoff/LeNet_DSE_Framework_2022_2/LeNet_DSE_Framework_2022_2/src/lenet_conv.cpp:36]   --->   Operation 759 'fadd' 'accumulator_assign_4_16' <Predicate = true> <Delay = 4.34> <CoreInst = "FAddSub_fulldsp">   --->   Core 18 'FAddSub_fulldsp' <Latency = 8> <II = 1> <Delay = 4.34> <FuncUnit> <Opcode : 'fadd' 'fsub'> <InPorts = 2> <OutPorts = 1>

State 178 <SV = 177> <Delay = 5.37>
ST_178 : Operation 760 [9/9] (5.37ns)   --->   "%accumulator_assign_4_17 = fadd i32 %accumulator_assign_4_16, i32 %mul_i5_i_17" [D:/lenet_project/handoff/LeNet_DSE_Framework_2022_2/LeNet_DSE_Framework_2022_2/src/lenet_conv.cpp:36]   --->   Operation 760 'fadd' 'accumulator_assign_4_17' <Predicate = true> <Delay = 5.37> <CoreInst = "FAddSub_fulldsp">   --->   Core 18 'FAddSub_fulldsp' <Latency = 8> <II = 1> <Delay = 4.34> <FuncUnit> <Opcode : 'fadd' 'fsub'> <InPorts = 2> <OutPorts = 1>

State 179 <SV = 178> <Delay = 4.34>
ST_179 : Operation 761 [8/9] (4.34ns)   --->   "%accumulator_assign_4_17 = fadd i32 %accumulator_assign_4_16, i32 %mul_i5_i_17" [D:/lenet_project/handoff/LeNet_DSE_Framework_2022_2/LeNet_DSE_Framework_2022_2/src/lenet_conv.cpp:36]   --->   Operation 761 'fadd' 'accumulator_assign_4_17' <Predicate = true> <Delay = 4.34> <CoreInst = "FAddSub_fulldsp">   --->   Core 18 'FAddSub_fulldsp' <Latency = 8> <II = 1> <Delay = 4.34> <FuncUnit> <Opcode : 'fadd' 'fsub'> <InPorts = 2> <OutPorts = 1>

State 180 <SV = 179> <Delay = 4.34>
ST_180 : Operation 762 [7/9] (4.34ns)   --->   "%accumulator_assign_4_17 = fadd i32 %accumulator_assign_4_16, i32 %mul_i5_i_17" [D:/lenet_project/handoff/LeNet_DSE_Framework_2022_2/LeNet_DSE_Framework_2022_2/src/lenet_conv.cpp:36]   --->   Operation 762 'fadd' 'accumulator_assign_4_17' <Predicate = true> <Delay = 4.34> <CoreInst = "FAddSub_fulldsp">   --->   Core 18 'FAddSub_fulldsp' <Latency = 8> <II = 1> <Delay = 4.34> <FuncUnit> <Opcode : 'fadd' 'fsub'> <InPorts = 2> <OutPorts = 1>

State 181 <SV = 180> <Delay = 4.34>
ST_181 : Operation 763 [6/9] (4.34ns)   --->   "%accumulator_assign_4_17 = fadd i32 %accumulator_assign_4_16, i32 %mul_i5_i_17" [D:/lenet_project/handoff/LeNet_DSE_Framework_2022_2/LeNet_DSE_Framework_2022_2/src/lenet_conv.cpp:36]   --->   Operation 763 'fadd' 'accumulator_assign_4_17' <Predicate = true> <Delay = 4.34> <CoreInst = "FAddSub_fulldsp">   --->   Core 18 'FAddSub_fulldsp' <Latency = 8> <II = 1> <Delay = 4.34> <FuncUnit> <Opcode : 'fadd' 'fsub'> <InPorts = 2> <OutPorts = 1>

State 182 <SV = 181> <Delay = 4.34>
ST_182 : Operation 764 [5/9] (4.34ns)   --->   "%accumulator_assign_4_17 = fadd i32 %accumulator_assign_4_16, i32 %mul_i5_i_17" [D:/lenet_project/handoff/LeNet_DSE_Framework_2022_2/LeNet_DSE_Framework_2022_2/src/lenet_conv.cpp:36]   --->   Operation 764 'fadd' 'accumulator_assign_4_17' <Predicate = true> <Delay = 4.34> <CoreInst = "FAddSub_fulldsp">   --->   Core 18 'FAddSub_fulldsp' <Latency = 8> <II = 1> <Delay = 4.34> <FuncUnit> <Opcode : 'fadd' 'fsub'> <InPorts = 2> <OutPorts = 1>

State 183 <SV = 182> <Delay = 4.34>
ST_183 : Operation 765 [4/9] (4.34ns)   --->   "%accumulator_assign_4_17 = fadd i32 %accumulator_assign_4_16, i32 %mul_i5_i_17" [D:/lenet_project/handoff/LeNet_DSE_Framework_2022_2/LeNet_DSE_Framework_2022_2/src/lenet_conv.cpp:36]   --->   Operation 765 'fadd' 'accumulator_assign_4_17' <Predicate = true> <Delay = 4.34> <CoreInst = "FAddSub_fulldsp">   --->   Core 18 'FAddSub_fulldsp' <Latency = 8> <II = 1> <Delay = 4.34> <FuncUnit> <Opcode : 'fadd' 'fsub'> <InPorts = 2> <OutPorts = 1>

State 184 <SV = 183> <Delay = 4.34>
ST_184 : Operation 766 [3/9] (4.34ns)   --->   "%accumulator_assign_4_17 = fadd i32 %accumulator_assign_4_16, i32 %mul_i5_i_17" [D:/lenet_project/handoff/LeNet_DSE_Framework_2022_2/LeNet_DSE_Framework_2022_2/src/lenet_conv.cpp:36]   --->   Operation 766 'fadd' 'accumulator_assign_4_17' <Predicate = true> <Delay = 4.34> <CoreInst = "FAddSub_fulldsp">   --->   Core 18 'FAddSub_fulldsp' <Latency = 8> <II = 1> <Delay = 4.34> <FuncUnit> <Opcode : 'fadd' 'fsub'> <InPorts = 2> <OutPorts = 1>

State 185 <SV = 184> <Delay = 4.34>
ST_185 : Operation 767 [2/9] (4.34ns)   --->   "%accumulator_assign_4_17 = fadd i32 %accumulator_assign_4_16, i32 %mul_i5_i_17" [D:/lenet_project/handoff/LeNet_DSE_Framework_2022_2/LeNet_DSE_Framework_2022_2/src/lenet_conv.cpp:36]   --->   Operation 767 'fadd' 'accumulator_assign_4_17' <Predicate = true> <Delay = 4.34> <CoreInst = "FAddSub_fulldsp">   --->   Core 18 'FAddSub_fulldsp' <Latency = 8> <II = 1> <Delay = 4.34> <FuncUnit> <Opcode : 'fadd' 'fsub'> <InPorts = 2> <OutPorts = 1>

State 186 <SV = 185> <Delay = 4.34>
ST_186 : Operation 768 [1/9] (4.34ns)   --->   "%accumulator_assign_4_17 = fadd i32 %accumulator_assign_4_16, i32 %mul_i5_i_17" [D:/lenet_project/handoff/LeNet_DSE_Framework_2022_2/LeNet_DSE_Framework_2022_2/src/lenet_conv.cpp:36]   --->   Operation 768 'fadd' 'accumulator_assign_4_17' <Predicate = true> <Delay = 4.34> <CoreInst = "FAddSub_fulldsp">   --->   Core 18 'FAddSub_fulldsp' <Latency = 8> <II = 1> <Delay = 4.34> <FuncUnit> <Opcode : 'fadd' 'fsub'> <InPorts = 2> <OutPorts = 1>

State 187 <SV = 186> <Delay = 5.37>
ST_187 : Operation 769 [9/9] (5.37ns)   --->   "%accumulator_assign_4_18 = fadd i32 %accumulator_assign_4_17, i32 %mul_i5_i_18" [D:/lenet_project/handoff/LeNet_DSE_Framework_2022_2/LeNet_DSE_Framework_2022_2/src/lenet_conv.cpp:36]   --->   Operation 769 'fadd' 'accumulator_assign_4_18' <Predicate = true> <Delay = 5.37> <CoreInst = "FAddSub_fulldsp">   --->   Core 18 'FAddSub_fulldsp' <Latency = 8> <II = 1> <Delay = 4.34> <FuncUnit> <Opcode : 'fadd' 'fsub'> <InPorts = 2> <OutPorts = 1>

State 188 <SV = 187> <Delay = 4.34>
ST_188 : Operation 770 [8/9] (4.34ns)   --->   "%accumulator_assign_4_18 = fadd i32 %accumulator_assign_4_17, i32 %mul_i5_i_18" [D:/lenet_project/handoff/LeNet_DSE_Framework_2022_2/LeNet_DSE_Framework_2022_2/src/lenet_conv.cpp:36]   --->   Operation 770 'fadd' 'accumulator_assign_4_18' <Predicate = true> <Delay = 4.34> <CoreInst = "FAddSub_fulldsp">   --->   Core 18 'FAddSub_fulldsp' <Latency = 8> <II = 1> <Delay = 4.34> <FuncUnit> <Opcode : 'fadd' 'fsub'> <InPorts = 2> <OutPorts = 1>

State 189 <SV = 188> <Delay = 4.34>
ST_189 : Operation 771 [7/9] (4.34ns)   --->   "%accumulator_assign_4_18 = fadd i32 %accumulator_assign_4_17, i32 %mul_i5_i_18" [D:/lenet_project/handoff/LeNet_DSE_Framework_2022_2/LeNet_DSE_Framework_2022_2/src/lenet_conv.cpp:36]   --->   Operation 771 'fadd' 'accumulator_assign_4_18' <Predicate = true> <Delay = 4.34> <CoreInst = "FAddSub_fulldsp">   --->   Core 18 'FAddSub_fulldsp' <Latency = 8> <II = 1> <Delay = 4.34> <FuncUnit> <Opcode : 'fadd' 'fsub'> <InPorts = 2> <OutPorts = 1>

State 190 <SV = 189> <Delay = 4.34>
ST_190 : Operation 772 [6/9] (4.34ns)   --->   "%accumulator_assign_4_18 = fadd i32 %accumulator_assign_4_17, i32 %mul_i5_i_18" [D:/lenet_project/handoff/LeNet_DSE_Framework_2022_2/LeNet_DSE_Framework_2022_2/src/lenet_conv.cpp:36]   --->   Operation 772 'fadd' 'accumulator_assign_4_18' <Predicate = true> <Delay = 4.34> <CoreInst = "FAddSub_fulldsp">   --->   Core 18 'FAddSub_fulldsp' <Latency = 8> <II = 1> <Delay = 4.34> <FuncUnit> <Opcode : 'fadd' 'fsub'> <InPorts = 2> <OutPorts = 1>

State 191 <SV = 190> <Delay = 4.34>
ST_191 : Operation 773 [5/9] (4.34ns)   --->   "%accumulator_assign_4_18 = fadd i32 %accumulator_assign_4_17, i32 %mul_i5_i_18" [D:/lenet_project/handoff/LeNet_DSE_Framework_2022_2/LeNet_DSE_Framework_2022_2/src/lenet_conv.cpp:36]   --->   Operation 773 'fadd' 'accumulator_assign_4_18' <Predicate = true> <Delay = 4.34> <CoreInst = "FAddSub_fulldsp">   --->   Core 18 'FAddSub_fulldsp' <Latency = 8> <II = 1> <Delay = 4.34> <FuncUnit> <Opcode : 'fadd' 'fsub'> <InPorts = 2> <OutPorts = 1>

State 192 <SV = 191> <Delay = 4.34>
ST_192 : Operation 774 [4/9] (4.34ns)   --->   "%accumulator_assign_4_18 = fadd i32 %accumulator_assign_4_17, i32 %mul_i5_i_18" [D:/lenet_project/handoff/LeNet_DSE_Framework_2022_2/LeNet_DSE_Framework_2022_2/src/lenet_conv.cpp:36]   --->   Operation 774 'fadd' 'accumulator_assign_4_18' <Predicate = true> <Delay = 4.34> <CoreInst = "FAddSub_fulldsp">   --->   Core 18 'FAddSub_fulldsp' <Latency = 8> <II = 1> <Delay = 4.34> <FuncUnit> <Opcode : 'fadd' 'fsub'> <InPorts = 2> <OutPorts = 1>

State 193 <SV = 192> <Delay = 4.34>
ST_193 : Operation 775 [3/9] (4.34ns)   --->   "%accumulator_assign_4_18 = fadd i32 %accumulator_assign_4_17, i32 %mul_i5_i_18" [D:/lenet_project/handoff/LeNet_DSE_Framework_2022_2/LeNet_DSE_Framework_2022_2/src/lenet_conv.cpp:36]   --->   Operation 775 'fadd' 'accumulator_assign_4_18' <Predicate = true> <Delay = 4.34> <CoreInst = "FAddSub_fulldsp">   --->   Core 18 'FAddSub_fulldsp' <Latency = 8> <II = 1> <Delay = 4.34> <FuncUnit> <Opcode : 'fadd' 'fsub'> <InPorts = 2> <OutPorts = 1>

State 194 <SV = 193> <Delay = 4.34>
ST_194 : Operation 776 [2/9] (4.34ns)   --->   "%accumulator_assign_4_18 = fadd i32 %accumulator_assign_4_17, i32 %mul_i5_i_18" [D:/lenet_project/handoff/LeNet_DSE_Framework_2022_2/LeNet_DSE_Framework_2022_2/src/lenet_conv.cpp:36]   --->   Operation 776 'fadd' 'accumulator_assign_4_18' <Predicate = true> <Delay = 4.34> <CoreInst = "FAddSub_fulldsp">   --->   Core 18 'FAddSub_fulldsp' <Latency = 8> <II = 1> <Delay = 4.34> <FuncUnit> <Opcode : 'fadd' 'fsub'> <InPorts = 2> <OutPorts = 1>

State 195 <SV = 194> <Delay = 4.34>
ST_195 : Operation 777 [1/9] (4.34ns)   --->   "%accumulator_assign_4_18 = fadd i32 %accumulator_assign_4_17, i32 %mul_i5_i_18" [D:/lenet_project/handoff/LeNet_DSE_Framework_2022_2/LeNet_DSE_Framework_2022_2/src/lenet_conv.cpp:36]   --->   Operation 777 'fadd' 'accumulator_assign_4_18' <Predicate = true> <Delay = 4.34> <CoreInst = "FAddSub_fulldsp">   --->   Core 18 'FAddSub_fulldsp' <Latency = 8> <II = 1> <Delay = 4.34> <FuncUnit> <Opcode : 'fadd' 'fsub'> <InPorts = 2> <OutPorts = 1>

State 196 <SV = 195> <Delay = 5.37>
ST_196 : Operation 778 [9/9] (5.37ns)   --->   "%accumulator_assign_4_19 = fadd i32 %accumulator_assign_4_18, i32 %mul_i5_i_19" [D:/lenet_project/handoff/LeNet_DSE_Framework_2022_2/LeNet_DSE_Framework_2022_2/src/lenet_conv.cpp:36]   --->   Operation 778 'fadd' 'accumulator_assign_4_19' <Predicate = true> <Delay = 5.37> <CoreInst = "FAddSub_fulldsp">   --->   Core 18 'FAddSub_fulldsp' <Latency = 8> <II = 1> <Delay = 4.34> <FuncUnit> <Opcode : 'fadd' 'fsub'> <InPorts = 2> <OutPorts = 1>

State 197 <SV = 196> <Delay = 4.34>
ST_197 : Operation 779 [8/9] (4.34ns)   --->   "%accumulator_assign_4_19 = fadd i32 %accumulator_assign_4_18, i32 %mul_i5_i_19" [D:/lenet_project/handoff/LeNet_DSE_Framework_2022_2/LeNet_DSE_Framework_2022_2/src/lenet_conv.cpp:36]   --->   Operation 779 'fadd' 'accumulator_assign_4_19' <Predicate = true> <Delay = 4.34> <CoreInst = "FAddSub_fulldsp">   --->   Core 18 'FAddSub_fulldsp' <Latency = 8> <II = 1> <Delay = 4.34> <FuncUnit> <Opcode : 'fadd' 'fsub'> <InPorts = 2> <OutPorts = 1>

State 198 <SV = 197> <Delay = 4.34>
ST_198 : Operation 780 [7/9] (4.34ns)   --->   "%accumulator_assign_4_19 = fadd i32 %accumulator_assign_4_18, i32 %mul_i5_i_19" [D:/lenet_project/handoff/LeNet_DSE_Framework_2022_2/LeNet_DSE_Framework_2022_2/src/lenet_conv.cpp:36]   --->   Operation 780 'fadd' 'accumulator_assign_4_19' <Predicate = true> <Delay = 4.34> <CoreInst = "FAddSub_fulldsp">   --->   Core 18 'FAddSub_fulldsp' <Latency = 8> <II = 1> <Delay = 4.34> <FuncUnit> <Opcode : 'fadd' 'fsub'> <InPorts = 2> <OutPorts = 1>

State 199 <SV = 198> <Delay = 4.34>
ST_199 : Operation 781 [6/9] (4.34ns)   --->   "%accumulator_assign_4_19 = fadd i32 %accumulator_assign_4_18, i32 %mul_i5_i_19" [D:/lenet_project/handoff/LeNet_DSE_Framework_2022_2/LeNet_DSE_Framework_2022_2/src/lenet_conv.cpp:36]   --->   Operation 781 'fadd' 'accumulator_assign_4_19' <Predicate = true> <Delay = 4.34> <CoreInst = "FAddSub_fulldsp">   --->   Core 18 'FAddSub_fulldsp' <Latency = 8> <II = 1> <Delay = 4.34> <FuncUnit> <Opcode : 'fadd' 'fsub'> <InPorts = 2> <OutPorts = 1>

State 200 <SV = 199> <Delay = 4.34>
ST_200 : Operation 782 [5/9] (4.34ns)   --->   "%accumulator_assign_4_19 = fadd i32 %accumulator_assign_4_18, i32 %mul_i5_i_19" [D:/lenet_project/handoff/LeNet_DSE_Framework_2022_2/LeNet_DSE_Framework_2022_2/src/lenet_conv.cpp:36]   --->   Operation 782 'fadd' 'accumulator_assign_4_19' <Predicate = true> <Delay = 4.34> <CoreInst = "FAddSub_fulldsp">   --->   Core 18 'FAddSub_fulldsp' <Latency = 8> <II = 1> <Delay = 4.34> <FuncUnit> <Opcode : 'fadd' 'fsub'> <InPorts = 2> <OutPorts = 1>

State 201 <SV = 200> <Delay = 4.34>
ST_201 : Operation 783 [4/9] (4.34ns)   --->   "%accumulator_assign_4_19 = fadd i32 %accumulator_assign_4_18, i32 %mul_i5_i_19" [D:/lenet_project/handoff/LeNet_DSE_Framework_2022_2/LeNet_DSE_Framework_2022_2/src/lenet_conv.cpp:36]   --->   Operation 783 'fadd' 'accumulator_assign_4_19' <Predicate = true> <Delay = 4.34> <CoreInst = "FAddSub_fulldsp">   --->   Core 18 'FAddSub_fulldsp' <Latency = 8> <II = 1> <Delay = 4.34> <FuncUnit> <Opcode : 'fadd' 'fsub'> <InPorts = 2> <OutPorts = 1>

State 202 <SV = 201> <Delay = 4.34>
ST_202 : Operation 784 [3/9] (4.34ns)   --->   "%accumulator_assign_4_19 = fadd i32 %accumulator_assign_4_18, i32 %mul_i5_i_19" [D:/lenet_project/handoff/LeNet_DSE_Framework_2022_2/LeNet_DSE_Framework_2022_2/src/lenet_conv.cpp:36]   --->   Operation 784 'fadd' 'accumulator_assign_4_19' <Predicate = true> <Delay = 4.34> <CoreInst = "FAddSub_fulldsp">   --->   Core 18 'FAddSub_fulldsp' <Latency = 8> <II = 1> <Delay = 4.34> <FuncUnit> <Opcode : 'fadd' 'fsub'> <InPorts = 2> <OutPorts = 1>

State 203 <SV = 202> <Delay = 4.34>
ST_203 : Operation 785 [2/9] (4.34ns)   --->   "%accumulator_assign_4_19 = fadd i32 %accumulator_assign_4_18, i32 %mul_i5_i_19" [D:/lenet_project/handoff/LeNet_DSE_Framework_2022_2/LeNet_DSE_Framework_2022_2/src/lenet_conv.cpp:36]   --->   Operation 785 'fadd' 'accumulator_assign_4_19' <Predicate = true> <Delay = 4.34> <CoreInst = "FAddSub_fulldsp">   --->   Core 18 'FAddSub_fulldsp' <Latency = 8> <II = 1> <Delay = 4.34> <FuncUnit> <Opcode : 'fadd' 'fsub'> <InPorts = 2> <OutPorts = 1>

State 204 <SV = 203> <Delay = 4.34>
ST_204 : Operation 786 [1/9] (4.34ns)   --->   "%accumulator_assign_4_19 = fadd i32 %accumulator_assign_4_18, i32 %mul_i5_i_19" [D:/lenet_project/handoff/LeNet_DSE_Framework_2022_2/LeNet_DSE_Framework_2022_2/src/lenet_conv.cpp:36]   --->   Operation 786 'fadd' 'accumulator_assign_4_19' <Predicate = true> <Delay = 4.34> <CoreInst = "FAddSub_fulldsp">   --->   Core 18 'FAddSub_fulldsp' <Latency = 8> <II = 1> <Delay = 4.34> <FuncUnit> <Opcode : 'fadd' 'fsub'> <InPorts = 2> <OutPorts = 1>

State 205 <SV = 204> <Delay = 5.37>
ST_205 : Operation 787 [9/9] (5.37ns)   --->   "%accumulator_assign_4_20 = fadd i32 %accumulator_assign_4_19, i32 %mul_i5_i_20" [D:/lenet_project/handoff/LeNet_DSE_Framework_2022_2/LeNet_DSE_Framework_2022_2/src/lenet_conv.cpp:36]   --->   Operation 787 'fadd' 'accumulator_assign_4_20' <Predicate = true> <Delay = 5.37> <CoreInst = "FAddSub_fulldsp">   --->   Core 18 'FAddSub_fulldsp' <Latency = 8> <II = 1> <Delay = 4.34> <FuncUnit> <Opcode : 'fadd' 'fsub'> <InPorts = 2> <OutPorts = 1>

State 206 <SV = 205> <Delay = 4.34>
ST_206 : Operation 788 [8/9] (4.34ns)   --->   "%accumulator_assign_4_20 = fadd i32 %accumulator_assign_4_19, i32 %mul_i5_i_20" [D:/lenet_project/handoff/LeNet_DSE_Framework_2022_2/LeNet_DSE_Framework_2022_2/src/lenet_conv.cpp:36]   --->   Operation 788 'fadd' 'accumulator_assign_4_20' <Predicate = true> <Delay = 4.34> <CoreInst = "FAddSub_fulldsp">   --->   Core 18 'FAddSub_fulldsp' <Latency = 8> <II = 1> <Delay = 4.34> <FuncUnit> <Opcode : 'fadd' 'fsub'> <InPorts = 2> <OutPorts = 1>

State 207 <SV = 206> <Delay = 4.34>
ST_207 : Operation 789 [7/9] (4.34ns)   --->   "%accumulator_assign_4_20 = fadd i32 %accumulator_assign_4_19, i32 %mul_i5_i_20" [D:/lenet_project/handoff/LeNet_DSE_Framework_2022_2/LeNet_DSE_Framework_2022_2/src/lenet_conv.cpp:36]   --->   Operation 789 'fadd' 'accumulator_assign_4_20' <Predicate = true> <Delay = 4.34> <CoreInst = "FAddSub_fulldsp">   --->   Core 18 'FAddSub_fulldsp' <Latency = 8> <II = 1> <Delay = 4.34> <FuncUnit> <Opcode : 'fadd' 'fsub'> <InPorts = 2> <OutPorts = 1>

State 208 <SV = 207> <Delay = 4.34>
ST_208 : Operation 790 [6/9] (4.34ns)   --->   "%accumulator_assign_4_20 = fadd i32 %accumulator_assign_4_19, i32 %mul_i5_i_20" [D:/lenet_project/handoff/LeNet_DSE_Framework_2022_2/LeNet_DSE_Framework_2022_2/src/lenet_conv.cpp:36]   --->   Operation 790 'fadd' 'accumulator_assign_4_20' <Predicate = true> <Delay = 4.34> <CoreInst = "FAddSub_fulldsp">   --->   Core 18 'FAddSub_fulldsp' <Latency = 8> <II = 1> <Delay = 4.34> <FuncUnit> <Opcode : 'fadd' 'fsub'> <InPorts = 2> <OutPorts = 1>

State 209 <SV = 208> <Delay = 4.34>
ST_209 : Operation 791 [5/9] (4.34ns)   --->   "%accumulator_assign_4_20 = fadd i32 %accumulator_assign_4_19, i32 %mul_i5_i_20" [D:/lenet_project/handoff/LeNet_DSE_Framework_2022_2/LeNet_DSE_Framework_2022_2/src/lenet_conv.cpp:36]   --->   Operation 791 'fadd' 'accumulator_assign_4_20' <Predicate = true> <Delay = 4.34> <CoreInst = "FAddSub_fulldsp">   --->   Core 18 'FAddSub_fulldsp' <Latency = 8> <II = 1> <Delay = 4.34> <FuncUnit> <Opcode : 'fadd' 'fsub'> <InPorts = 2> <OutPorts = 1>

State 210 <SV = 209> <Delay = 4.34>
ST_210 : Operation 792 [4/9] (4.34ns)   --->   "%accumulator_assign_4_20 = fadd i32 %accumulator_assign_4_19, i32 %mul_i5_i_20" [D:/lenet_project/handoff/LeNet_DSE_Framework_2022_2/LeNet_DSE_Framework_2022_2/src/lenet_conv.cpp:36]   --->   Operation 792 'fadd' 'accumulator_assign_4_20' <Predicate = true> <Delay = 4.34> <CoreInst = "FAddSub_fulldsp">   --->   Core 18 'FAddSub_fulldsp' <Latency = 8> <II = 1> <Delay = 4.34> <FuncUnit> <Opcode : 'fadd' 'fsub'> <InPorts = 2> <OutPorts = 1>

State 211 <SV = 210> <Delay = 4.34>
ST_211 : Operation 793 [3/9] (4.34ns)   --->   "%accumulator_assign_4_20 = fadd i32 %accumulator_assign_4_19, i32 %mul_i5_i_20" [D:/lenet_project/handoff/LeNet_DSE_Framework_2022_2/LeNet_DSE_Framework_2022_2/src/lenet_conv.cpp:36]   --->   Operation 793 'fadd' 'accumulator_assign_4_20' <Predicate = true> <Delay = 4.34> <CoreInst = "FAddSub_fulldsp">   --->   Core 18 'FAddSub_fulldsp' <Latency = 8> <II = 1> <Delay = 4.34> <FuncUnit> <Opcode : 'fadd' 'fsub'> <InPorts = 2> <OutPorts = 1>

State 212 <SV = 211> <Delay = 4.34>
ST_212 : Operation 794 [2/9] (4.34ns)   --->   "%accumulator_assign_4_20 = fadd i32 %accumulator_assign_4_19, i32 %mul_i5_i_20" [D:/lenet_project/handoff/LeNet_DSE_Framework_2022_2/LeNet_DSE_Framework_2022_2/src/lenet_conv.cpp:36]   --->   Operation 794 'fadd' 'accumulator_assign_4_20' <Predicate = true> <Delay = 4.34> <CoreInst = "FAddSub_fulldsp">   --->   Core 18 'FAddSub_fulldsp' <Latency = 8> <II = 1> <Delay = 4.34> <FuncUnit> <Opcode : 'fadd' 'fsub'> <InPorts = 2> <OutPorts = 1>

State 213 <SV = 212> <Delay = 4.34>
ST_213 : Operation 795 [1/9] (4.34ns)   --->   "%accumulator_assign_4_20 = fadd i32 %accumulator_assign_4_19, i32 %mul_i5_i_20" [D:/lenet_project/handoff/LeNet_DSE_Framework_2022_2/LeNet_DSE_Framework_2022_2/src/lenet_conv.cpp:36]   --->   Operation 795 'fadd' 'accumulator_assign_4_20' <Predicate = true> <Delay = 4.34> <CoreInst = "FAddSub_fulldsp">   --->   Core 18 'FAddSub_fulldsp' <Latency = 8> <II = 1> <Delay = 4.34> <FuncUnit> <Opcode : 'fadd' 'fsub'> <InPorts = 2> <OutPorts = 1>

State 214 <SV = 213> <Delay = 5.37>
ST_214 : Operation 796 [9/9] (5.37ns)   --->   "%accumulator_assign_4_21 = fadd i32 %accumulator_assign_4_20, i32 %mul_i5_i_21" [D:/lenet_project/handoff/LeNet_DSE_Framework_2022_2/LeNet_DSE_Framework_2022_2/src/lenet_conv.cpp:36]   --->   Operation 796 'fadd' 'accumulator_assign_4_21' <Predicate = true> <Delay = 5.37> <CoreInst = "FAddSub_fulldsp">   --->   Core 18 'FAddSub_fulldsp' <Latency = 8> <II = 1> <Delay = 4.34> <FuncUnit> <Opcode : 'fadd' 'fsub'> <InPorts = 2> <OutPorts = 1>

State 215 <SV = 214> <Delay = 4.34>
ST_215 : Operation 797 [8/9] (4.34ns)   --->   "%accumulator_assign_4_21 = fadd i32 %accumulator_assign_4_20, i32 %mul_i5_i_21" [D:/lenet_project/handoff/LeNet_DSE_Framework_2022_2/LeNet_DSE_Framework_2022_2/src/lenet_conv.cpp:36]   --->   Operation 797 'fadd' 'accumulator_assign_4_21' <Predicate = true> <Delay = 4.34> <CoreInst = "FAddSub_fulldsp">   --->   Core 18 'FAddSub_fulldsp' <Latency = 8> <II = 1> <Delay = 4.34> <FuncUnit> <Opcode : 'fadd' 'fsub'> <InPorts = 2> <OutPorts = 1>

State 216 <SV = 215> <Delay = 4.34>
ST_216 : Operation 798 [7/9] (4.34ns)   --->   "%accumulator_assign_4_21 = fadd i32 %accumulator_assign_4_20, i32 %mul_i5_i_21" [D:/lenet_project/handoff/LeNet_DSE_Framework_2022_2/LeNet_DSE_Framework_2022_2/src/lenet_conv.cpp:36]   --->   Operation 798 'fadd' 'accumulator_assign_4_21' <Predicate = true> <Delay = 4.34> <CoreInst = "FAddSub_fulldsp">   --->   Core 18 'FAddSub_fulldsp' <Latency = 8> <II = 1> <Delay = 4.34> <FuncUnit> <Opcode : 'fadd' 'fsub'> <InPorts = 2> <OutPorts = 1>
ST_216 : Operation 831 [1/1] (0.00ns)   --->   "%ret_ln0 = ret"   --->   Operation 831 'ret' 'ret_ln0' <Predicate = (icmp_ln53)> <Delay = 0.00>

State 217 <SV = 216> <Delay = 4.34>
ST_217 : Operation 799 [6/9] (4.34ns)   --->   "%accumulator_assign_4_21 = fadd i32 %accumulator_assign_4_20, i32 %mul_i5_i_21" [D:/lenet_project/handoff/LeNet_DSE_Framework_2022_2/LeNet_DSE_Framework_2022_2/src/lenet_conv.cpp:36]   --->   Operation 799 'fadd' 'accumulator_assign_4_21' <Predicate = true> <Delay = 4.34> <CoreInst = "FAddSub_fulldsp">   --->   Core 18 'FAddSub_fulldsp' <Latency = 8> <II = 1> <Delay = 4.34> <FuncUnit> <Opcode : 'fadd' 'fsub'> <InPorts = 2> <OutPorts = 1>

State 218 <SV = 217> <Delay = 4.34>
ST_218 : Operation 800 [5/9] (4.34ns)   --->   "%accumulator_assign_4_21 = fadd i32 %accumulator_assign_4_20, i32 %mul_i5_i_21" [D:/lenet_project/handoff/LeNet_DSE_Framework_2022_2/LeNet_DSE_Framework_2022_2/src/lenet_conv.cpp:36]   --->   Operation 800 'fadd' 'accumulator_assign_4_21' <Predicate = true> <Delay = 4.34> <CoreInst = "FAddSub_fulldsp">   --->   Core 18 'FAddSub_fulldsp' <Latency = 8> <II = 1> <Delay = 4.34> <FuncUnit> <Opcode : 'fadd' 'fsub'> <InPorts = 2> <OutPorts = 1>

State 219 <SV = 218> <Delay = 4.34>
ST_219 : Operation 801 [4/9] (4.34ns)   --->   "%accumulator_assign_4_21 = fadd i32 %accumulator_assign_4_20, i32 %mul_i5_i_21" [D:/lenet_project/handoff/LeNet_DSE_Framework_2022_2/LeNet_DSE_Framework_2022_2/src/lenet_conv.cpp:36]   --->   Operation 801 'fadd' 'accumulator_assign_4_21' <Predicate = true> <Delay = 4.34> <CoreInst = "FAddSub_fulldsp">   --->   Core 18 'FAddSub_fulldsp' <Latency = 8> <II = 1> <Delay = 4.34> <FuncUnit> <Opcode : 'fadd' 'fsub'> <InPorts = 2> <OutPorts = 1>

State 220 <SV = 219> <Delay = 4.34>
ST_220 : Operation 802 [3/9] (4.34ns)   --->   "%accumulator_assign_4_21 = fadd i32 %accumulator_assign_4_20, i32 %mul_i5_i_21" [D:/lenet_project/handoff/LeNet_DSE_Framework_2022_2/LeNet_DSE_Framework_2022_2/src/lenet_conv.cpp:36]   --->   Operation 802 'fadd' 'accumulator_assign_4_21' <Predicate = true> <Delay = 4.34> <CoreInst = "FAddSub_fulldsp">   --->   Core 18 'FAddSub_fulldsp' <Latency = 8> <II = 1> <Delay = 4.34> <FuncUnit> <Opcode : 'fadd' 'fsub'> <InPorts = 2> <OutPorts = 1>

State 221 <SV = 220> <Delay = 4.34>
ST_221 : Operation 803 [2/9] (4.34ns)   --->   "%accumulator_assign_4_21 = fadd i32 %accumulator_assign_4_20, i32 %mul_i5_i_21" [D:/lenet_project/handoff/LeNet_DSE_Framework_2022_2/LeNet_DSE_Framework_2022_2/src/lenet_conv.cpp:36]   --->   Operation 803 'fadd' 'accumulator_assign_4_21' <Predicate = true> <Delay = 4.34> <CoreInst = "FAddSub_fulldsp">   --->   Core 18 'FAddSub_fulldsp' <Latency = 8> <II = 1> <Delay = 4.34> <FuncUnit> <Opcode : 'fadd' 'fsub'> <InPorts = 2> <OutPorts = 1>

State 222 <SV = 221> <Delay = 4.34>
ST_222 : Operation 804 [1/9] (4.34ns)   --->   "%accumulator_assign_4_21 = fadd i32 %accumulator_assign_4_20, i32 %mul_i5_i_21" [D:/lenet_project/handoff/LeNet_DSE_Framework_2022_2/LeNet_DSE_Framework_2022_2/src/lenet_conv.cpp:36]   --->   Operation 804 'fadd' 'accumulator_assign_4_21' <Predicate = true> <Delay = 4.34> <CoreInst = "FAddSub_fulldsp">   --->   Core 18 'FAddSub_fulldsp' <Latency = 8> <II = 1> <Delay = 4.34> <FuncUnit> <Opcode : 'fadd' 'fsub'> <InPorts = 2> <OutPorts = 1>

State 223 <SV = 222> <Delay = 5.37>
ST_223 : Operation 805 [9/9] (5.37ns)   --->   "%accumulator_assign_4_22 = fadd i32 %accumulator_assign_4_21, i32 %mul_i5_i_22" [D:/lenet_project/handoff/LeNet_DSE_Framework_2022_2/LeNet_DSE_Framework_2022_2/src/lenet_conv.cpp:36]   --->   Operation 805 'fadd' 'accumulator_assign_4_22' <Predicate = true> <Delay = 5.37> <CoreInst = "FAddSub_fulldsp">   --->   Core 18 'FAddSub_fulldsp' <Latency = 8> <II = 1> <Delay = 4.34> <FuncUnit> <Opcode : 'fadd' 'fsub'> <InPorts = 2> <OutPorts = 1>

State 224 <SV = 223> <Delay = 4.34>
ST_224 : Operation 806 [8/9] (4.34ns)   --->   "%accumulator_assign_4_22 = fadd i32 %accumulator_assign_4_21, i32 %mul_i5_i_22" [D:/lenet_project/handoff/LeNet_DSE_Framework_2022_2/LeNet_DSE_Framework_2022_2/src/lenet_conv.cpp:36]   --->   Operation 806 'fadd' 'accumulator_assign_4_22' <Predicate = true> <Delay = 4.34> <CoreInst = "FAddSub_fulldsp">   --->   Core 18 'FAddSub_fulldsp' <Latency = 8> <II = 1> <Delay = 4.34> <FuncUnit> <Opcode : 'fadd' 'fsub'> <InPorts = 2> <OutPorts = 1>

State 225 <SV = 224> <Delay = 4.34>
ST_225 : Operation 807 [7/9] (4.34ns)   --->   "%accumulator_assign_4_22 = fadd i32 %accumulator_assign_4_21, i32 %mul_i5_i_22" [D:/lenet_project/handoff/LeNet_DSE_Framework_2022_2/LeNet_DSE_Framework_2022_2/src/lenet_conv.cpp:36]   --->   Operation 807 'fadd' 'accumulator_assign_4_22' <Predicate = true> <Delay = 4.34> <CoreInst = "FAddSub_fulldsp">   --->   Core 18 'FAddSub_fulldsp' <Latency = 8> <II = 1> <Delay = 4.34> <FuncUnit> <Opcode : 'fadd' 'fsub'> <InPorts = 2> <OutPorts = 1>

State 226 <SV = 225> <Delay = 4.34>
ST_226 : Operation 808 [6/9] (4.34ns)   --->   "%accumulator_assign_4_22 = fadd i32 %accumulator_assign_4_21, i32 %mul_i5_i_22" [D:/lenet_project/handoff/LeNet_DSE_Framework_2022_2/LeNet_DSE_Framework_2022_2/src/lenet_conv.cpp:36]   --->   Operation 808 'fadd' 'accumulator_assign_4_22' <Predicate = true> <Delay = 4.34> <CoreInst = "FAddSub_fulldsp">   --->   Core 18 'FAddSub_fulldsp' <Latency = 8> <II = 1> <Delay = 4.34> <FuncUnit> <Opcode : 'fadd' 'fsub'> <InPorts = 2> <OutPorts = 1>

State 227 <SV = 226> <Delay = 4.34>
ST_227 : Operation 809 [5/9] (4.34ns)   --->   "%accumulator_assign_4_22 = fadd i32 %accumulator_assign_4_21, i32 %mul_i5_i_22" [D:/lenet_project/handoff/LeNet_DSE_Framework_2022_2/LeNet_DSE_Framework_2022_2/src/lenet_conv.cpp:36]   --->   Operation 809 'fadd' 'accumulator_assign_4_22' <Predicate = true> <Delay = 4.34> <CoreInst = "FAddSub_fulldsp">   --->   Core 18 'FAddSub_fulldsp' <Latency = 8> <II = 1> <Delay = 4.34> <FuncUnit> <Opcode : 'fadd' 'fsub'> <InPorts = 2> <OutPorts = 1>

State 228 <SV = 227> <Delay = 4.34>
ST_228 : Operation 810 [4/9] (4.34ns)   --->   "%accumulator_assign_4_22 = fadd i32 %accumulator_assign_4_21, i32 %mul_i5_i_22" [D:/lenet_project/handoff/LeNet_DSE_Framework_2022_2/LeNet_DSE_Framework_2022_2/src/lenet_conv.cpp:36]   --->   Operation 810 'fadd' 'accumulator_assign_4_22' <Predicate = true> <Delay = 4.34> <CoreInst = "FAddSub_fulldsp">   --->   Core 18 'FAddSub_fulldsp' <Latency = 8> <II = 1> <Delay = 4.34> <FuncUnit> <Opcode : 'fadd' 'fsub'> <InPorts = 2> <OutPorts = 1>

State 229 <SV = 228> <Delay = 4.34>
ST_229 : Operation 811 [3/9] (4.34ns)   --->   "%accumulator_assign_4_22 = fadd i32 %accumulator_assign_4_21, i32 %mul_i5_i_22" [D:/lenet_project/handoff/LeNet_DSE_Framework_2022_2/LeNet_DSE_Framework_2022_2/src/lenet_conv.cpp:36]   --->   Operation 811 'fadd' 'accumulator_assign_4_22' <Predicate = true> <Delay = 4.34> <CoreInst = "FAddSub_fulldsp">   --->   Core 18 'FAddSub_fulldsp' <Latency = 8> <II = 1> <Delay = 4.34> <FuncUnit> <Opcode : 'fadd' 'fsub'> <InPorts = 2> <OutPorts = 1>

State 230 <SV = 229> <Delay = 4.34>
ST_230 : Operation 812 [2/9] (4.34ns)   --->   "%accumulator_assign_4_22 = fadd i32 %accumulator_assign_4_21, i32 %mul_i5_i_22" [D:/lenet_project/handoff/LeNet_DSE_Framework_2022_2/LeNet_DSE_Framework_2022_2/src/lenet_conv.cpp:36]   --->   Operation 812 'fadd' 'accumulator_assign_4_22' <Predicate = true> <Delay = 4.34> <CoreInst = "FAddSub_fulldsp">   --->   Core 18 'FAddSub_fulldsp' <Latency = 8> <II = 1> <Delay = 4.34> <FuncUnit> <Opcode : 'fadd' 'fsub'> <InPorts = 2> <OutPorts = 1>

State 231 <SV = 230> <Delay = 4.34>
ST_231 : Operation 813 [1/9] (4.34ns)   --->   "%accumulator_assign_4_22 = fadd i32 %accumulator_assign_4_21, i32 %mul_i5_i_22" [D:/lenet_project/handoff/LeNet_DSE_Framework_2022_2/LeNet_DSE_Framework_2022_2/src/lenet_conv.cpp:36]   --->   Operation 813 'fadd' 'accumulator_assign_4_22' <Predicate = true> <Delay = 4.34> <CoreInst = "FAddSub_fulldsp">   --->   Core 18 'FAddSub_fulldsp' <Latency = 8> <II = 1> <Delay = 4.34> <FuncUnit> <Opcode : 'fadd' 'fsub'> <InPorts = 2> <OutPorts = 1>

State 232 <SV = 231> <Delay = 5.37>
ST_232 : Operation 814 [9/9] (5.37ns)   --->   "%accumulator_assign_4_23 = fadd i32 %accumulator_assign_4_22, i32 %mul_i5_i_23" [D:/lenet_project/handoff/LeNet_DSE_Framework_2022_2/LeNet_DSE_Framework_2022_2/src/lenet_conv.cpp:36]   --->   Operation 814 'fadd' 'accumulator_assign_4_23' <Predicate = true> <Delay = 5.37> <CoreInst = "FAddSub_fulldsp">   --->   Core 18 'FAddSub_fulldsp' <Latency = 8> <II = 1> <Delay = 4.34> <FuncUnit> <Opcode : 'fadd' 'fsub'> <InPorts = 2> <OutPorts = 1>

State 233 <SV = 232> <Delay = 4.34>
ST_233 : Operation 815 [8/9] (4.34ns)   --->   "%accumulator_assign_4_23 = fadd i32 %accumulator_assign_4_22, i32 %mul_i5_i_23" [D:/lenet_project/handoff/LeNet_DSE_Framework_2022_2/LeNet_DSE_Framework_2022_2/src/lenet_conv.cpp:36]   --->   Operation 815 'fadd' 'accumulator_assign_4_23' <Predicate = true> <Delay = 4.34> <CoreInst = "FAddSub_fulldsp">   --->   Core 18 'FAddSub_fulldsp' <Latency = 8> <II = 1> <Delay = 4.34> <FuncUnit> <Opcode : 'fadd' 'fsub'> <InPorts = 2> <OutPorts = 1>

State 234 <SV = 233> <Delay = 4.34>
ST_234 : Operation 816 [7/9] (4.34ns)   --->   "%accumulator_assign_4_23 = fadd i32 %accumulator_assign_4_22, i32 %mul_i5_i_23" [D:/lenet_project/handoff/LeNet_DSE_Framework_2022_2/LeNet_DSE_Framework_2022_2/src/lenet_conv.cpp:36]   --->   Operation 816 'fadd' 'accumulator_assign_4_23' <Predicate = true> <Delay = 4.34> <CoreInst = "FAddSub_fulldsp">   --->   Core 18 'FAddSub_fulldsp' <Latency = 8> <II = 1> <Delay = 4.34> <FuncUnit> <Opcode : 'fadd' 'fsub'> <InPorts = 2> <OutPorts = 1>

State 235 <SV = 234> <Delay = 4.34>
ST_235 : Operation 817 [6/9] (4.34ns)   --->   "%accumulator_assign_4_23 = fadd i32 %accumulator_assign_4_22, i32 %mul_i5_i_23" [D:/lenet_project/handoff/LeNet_DSE_Framework_2022_2/LeNet_DSE_Framework_2022_2/src/lenet_conv.cpp:36]   --->   Operation 817 'fadd' 'accumulator_assign_4_23' <Predicate = true> <Delay = 4.34> <CoreInst = "FAddSub_fulldsp">   --->   Core 18 'FAddSub_fulldsp' <Latency = 8> <II = 1> <Delay = 4.34> <FuncUnit> <Opcode : 'fadd' 'fsub'> <InPorts = 2> <OutPorts = 1>

State 236 <SV = 235> <Delay = 4.34>
ST_236 : Operation 818 [5/9] (4.34ns)   --->   "%accumulator_assign_4_23 = fadd i32 %accumulator_assign_4_22, i32 %mul_i5_i_23" [D:/lenet_project/handoff/LeNet_DSE_Framework_2022_2/LeNet_DSE_Framework_2022_2/src/lenet_conv.cpp:36]   --->   Operation 818 'fadd' 'accumulator_assign_4_23' <Predicate = true> <Delay = 4.34> <CoreInst = "FAddSub_fulldsp">   --->   Core 18 'FAddSub_fulldsp' <Latency = 8> <II = 1> <Delay = 4.34> <FuncUnit> <Opcode : 'fadd' 'fsub'> <InPorts = 2> <OutPorts = 1>

State 237 <SV = 236> <Delay = 4.34>
ST_237 : Operation 819 [4/9] (4.34ns)   --->   "%accumulator_assign_4_23 = fadd i32 %accumulator_assign_4_22, i32 %mul_i5_i_23" [D:/lenet_project/handoff/LeNet_DSE_Framework_2022_2/LeNet_DSE_Framework_2022_2/src/lenet_conv.cpp:36]   --->   Operation 819 'fadd' 'accumulator_assign_4_23' <Predicate = true> <Delay = 4.34> <CoreInst = "FAddSub_fulldsp">   --->   Core 18 'FAddSub_fulldsp' <Latency = 8> <II = 1> <Delay = 4.34> <FuncUnit> <Opcode : 'fadd' 'fsub'> <InPorts = 2> <OutPorts = 1>

State 238 <SV = 237> <Delay = 4.34>
ST_238 : Operation 820 [3/9] (4.34ns)   --->   "%accumulator_assign_4_23 = fadd i32 %accumulator_assign_4_22, i32 %mul_i5_i_23" [D:/lenet_project/handoff/LeNet_DSE_Framework_2022_2/LeNet_DSE_Framework_2022_2/src/lenet_conv.cpp:36]   --->   Operation 820 'fadd' 'accumulator_assign_4_23' <Predicate = true> <Delay = 4.34> <CoreInst = "FAddSub_fulldsp">   --->   Core 18 'FAddSub_fulldsp' <Latency = 8> <II = 1> <Delay = 4.34> <FuncUnit> <Opcode : 'fadd' 'fsub'> <InPorts = 2> <OutPorts = 1>

State 239 <SV = 238> <Delay = 4.34>
ST_239 : Operation 821 [2/9] (4.34ns)   --->   "%accumulator_assign_4_23 = fadd i32 %accumulator_assign_4_22, i32 %mul_i5_i_23" [D:/lenet_project/handoff/LeNet_DSE_Framework_2022_2/LeNet_DSE_Framework_2022_2/src/lenet_conv.cpp:36]   --->   Operation 821 'fadd' 'accumulator_assign_4_23' <Predicate = true> <Delay = 4.34> <CoreInst = "FAddSub_fulldsp">   --->   Core 18 'FAddSub_fulldsp' <Latency = 8> <II = 1> <Delay = 4.34> <FuncUnit> <Opcode : 'fadd' 'fsub'> <InPorts = 2> <OutPorts = 1>

State 240 <SV = 239> <Delay = 4.34>
ST_240 : Operation 822 [1/9] (4.34ns)   --->   "%accumulator_assign_4_23 = fadd i32 %accumulator_assign_4_22, i32 %mul_i5_i_23" [D:/lenet_project/handoff/LeNet_DSE_Framework_2022_2/LeNet_DSE_Framework_2022_2/src/lenet_conv.cpp:36]   --->   Operation 822 'fadd' 'accumulator_assign_4_23' <Predicate = true> <Delay = 4.34> <CoreInst = "FAddSub_fulldsp">   --->   Core 18 'FAddSub_fulldsp' <Latency = 8> <II = 1> <Delay = 4.34> <FuncUnit> <Opcode : 'fadd' 'fsub'> <InPorts = 2> <OutPorts = 1>

State 241 <SV = 240> <Delay = 3.25>
ST_241 : Operation 823 [1/1] (0.00ns)   --->   "%specloopname_ln0 = specloopname void @_ssdm_op_SpecLoopName, void @OUTPUT_ROW_OUTPUT_COL_str"   --->   Operation 823 'specloopname' 'specloopname_ln0' <Predicate = true> <Delay = 0.00>
ST_241 : Operation 824 [1/1] (0.00ns)   --->   "%empty_55 = speclooptripcount i32 @_ssdm_op_SpecLoopTripCount, i64 784, i64 784, i64 784"   --->   Operation 824 'speclooptripcount' 'empty_55' <Predicate = true> <Delay = 0.00>
ST_241 : Operation 825 [1/1] (0.00ns)   --->   "%specpipeline_ln0 = specpipeline void @_ssdm_op_SpecPipeline, i32 4294967295, i32 0, i32 1, i32 0, void @p_str"   --->   Operation 825 'specpipeline' 'specpipeline_ln0' <Predicate = true> <Delay = 0.00>
ST_241 : Operation 826 [1/1] (0.00ns)   --->   "%specloopname_ln55 = specloopname void @_ssdm_op_SpecLoopName, void @empty_21" [D:/lenet_project/handoff/LeNet_DSE_Framework_2022_2/LeNet_DSE_Framework_2022_2/src/lenet_conv.cpp:55]   --->   Operation 826 'specloopname' 'specloopname_ln55' <Predicate = true> <Delay = 0.00>
ST_241 : Operation 827 [1/1] (0.00ns)   --->   "%zext_ln77 = zext i13 %add_ln76" [D:/lenet_project/handoff/LeNet_DSE_Framework_2022_2/LeNet_DSE_Framework_2022_2/src/lenet_conv.cpp:77]   --->   Operation 827 'zext' 'zext_ln77' <Predicate = true> <Delay = 0.00>
ST_241 : Operation 828 [1/1] (0.00ns)   --->   "%conv1_output_addr = getelementptr i32 %conv1_output, i64 0, i64 %zext_ln77" [D:/lenet_project/handoff/LeNet_DSE_Framework_2022_2/LeNet_DSE_Framework_2022_2/src/lenet_conv.cpp:77]   --->   Operation 828 'getelementptr' 'conv1_output_addr' <Predicate = true> <Delay = 0.00>
ST_241 : Operation 829 [1/1] (3.25ns)   --->   "%store_ln77 = store i32 %accumulator_assign_4_23, i13 %conv1_output_addr" [D:/lenet_project/handoff/LeNet_DSE_Framework_2022_2/LeNet_DSE_Framework_2022_2/src/lenet_conv.cpp:77]   --->   Operation 829 'store' 'store_ln77' <Predicate = true> <Delay = 3.25> <CoreInst = "RAM_1WnR">   --->   Core 83 'RAM_1WnR' <Latency = 1> <II = 1> <Delay = 3.25> <Storage> <Opcode : 'load' 'store'> <Ports = 17> <Width = 32> <Depth = 4704> <RAM>
ST_241 : Operation 830 [1/1] (0.00ns)   --->   "%br_ln55 = br void %INPUT_CHANNEL.i" [D:/lenet_project/handoff/LeNet_DSE_Framework_2022_2/LeNet_DSE_Framework_2022_2/src/lenet_conv.cpp:55]   --->   Operation 830 'br' 'br_ln55' <Predicate = true> <Delay = 0.00>


============================================================
+ Verbose Summary: Binding
============================================================
STG Binding: 
---------------- STG Properties BEGIN ----------------
- Is combinational: 0
- Is one-state seq: 0
- Is datapath-only: 0
- Is pipelined: 0
- Is top level: 0
Port [ Return ] is wired: 1; IO mode=ap_ctrl_hs:ce=0
Port [ gmem1]:  wired=1; compound=1; hidden=0; nouse=0; global=0; static=0; extern=0; dir=0; type=4; pingpong=0; private_global=0; IO mode=m_axi:ce=0
Port [ gmem0]:  wired=1; compound=1; hidden=0; nouse=0; global=0; static=0; extern=0; dir=0; type=4; pingpong=0; private_global=0; IO mode=m_axi:ce=0
Port [ sext_ln35]:  wired=1; compound=0; hidden=0; nouse=0; global=0; static=0; extern=0; dir=0; type=0; pingpong=0; private_global=0; IO mode=ap_none:ce=0
Port [ empty]:  wired=1; compound=0; hidden=0; nouse=0; global=0; static=0; extern=0; dir=0; type=0; pingpong=0; private_global=0; IO mode=ap_none:ce=0
Port [ feature_in]:  wired=1; compound=0; hidden=0; nouse=0; global=0; static=0; extern=0; dir=0; type=0; pingpong=0; private_global=0; IO mode=ap_none:ce=0
Port [ accumulator_2]:  wired=1; compound=0; hidden=0; nouse=0; global=0; static=0; extern=0; dir=0; type=0; pingpong=0; private_global=0; IO mode=ap_none:ce=0
Port [ conv1_output]:  wired=1; compound=1; hidden=0; nouse=0; global=0; static=0; extern=0; dir=1; type=1; pingpong=0; private_global=0; MemPort=[03333333333333333]; IO mode=ap_memory:ce=0
---------------- STG Properties END ------------------

---------------- Datapath Model BEGIN ----------------

<LifeTime>
<method=bitvector/>
output_col_1            (alloca           ) [ 01111111111111111111111111000000000000000000000000000000000000000000000000000000000000000000000000000000000000000000000000000000000000000000000000000000000000000000000000000000000000000000000000000000000000000000000000000000000000000000000000]
output_row              (alloca           ) [ 01100000000000000000000000000000000000000000000000000000000000000000000000000000000000000000000000000000000000000000000000000000000000000000000000000000000000000000000000000000000000000000000000000000000000000000000000000000000000000000000000]
indvar_flatten          (alloca           ) [ 01111111111111111111111111000000000000000000000000000000000000000000000000000000000000000000000000000000000000000000000000000000000000000000000000000000000000000000000000000000000000000000000000000000000000000000000000000000000000000000000000]
accumulator_2_read      (read             ) [ 00111111111111111111111110000000000000000000000000000000000000000000000000000000000000000000000000000000000000000000000000000000000000000000000000000000000000000000000000000000000000000000000000000000000000000000000000000000000000000000000000]
feature_in_read         (read             ) [ 00111111111111111111111000000000000000000000000000000000000000000000000000000000000000000000000000000000000000000000000000000000000000000000000000000000000000000000000000000000000000000000000000000000000000000000000000000000000000000000000000]
tmp                     (read             ) [ 01111111111111111111111111111111111000000000000000000000000000000000000000000000000000000000000000000000000000000000000000000000000000000000000000000000000000000000000000000000000000000000000000000000000000000000000000000000000000000000000000]
sext_ln35_read          (read             ) [ 00000000000000000000000000000000000000000000000000000000000000000000000000000000000000000000000000000000000000000000000000000000000000000000000000000000000000000000000000000000000000000000000000000000000000000000000000000000000000000000000000]
sext_ln35_cast          (sext             ) [ 00100000000000000000000000000000000000000000000000000000000000000000000000000000000000000000000000000000000000000000000000000000000000000000000000000000000000000000000000000000000000000000000000000000000000000000000000000000000000000000000000]
specinterface_ln0       (specinterface    ) [ 00000000000000000000000000000000000000000000000000000000000000000000000000000000000000000000000000000000000000000000000000000000000000000000000000000000000000000000000000000000000000000000000000000000000000000000000000000000000000000000000000]
specinterface_ln0       (specinterface    ) [ 00000000000000000000000000000000000000000000000000000000000000000000000000000000000000000000000000000000000000000000000000000000000000000000000000000000000000000000000000000000000000000000000000000000000000000000000000000000000000000000000000]
store_ln0               (store            ) [ 00000000000000000000000000000000000000000000000000000000000000000000000000000000000000000000000000000000000000000000000000000000000000000000000000000000000000000000000000000000000000000000000000000000000000000000000000000000000000000000000000]
store_ln0               (store            ) [ 00000000000000000000000000000000000000000000000000000000000000000000000000000000000000000000000000000000000000000000000000000000000000000000000000000000000000000000000000000000000000000000000000000000000000000000000000000000000000000000000000]
store_ln0               (store            ) [ 00000000000000000000000000000000000000000000000000000000000000000000000000000000000000000000000000000000000000000000000000000000000000000000000000000000000000000000000000000000000000000000000000000000000000000000000000000000000000000000000000]
br_ln0                  (br               ) [ 00000000000000000000000000000000000000000000000000000000000000000000000000000000000000000000000000000000000000000000000000000000000000000000000000000000000000000000000000000000000000000000000000000000000000000000000000000000000000000000000000]
output_row_2            (load             ) [ 01111111111111111111111111111111111000000000000000000000000000000000000000000000000000000000000000000000000000000000000000000000000000000000000000000000000000000000000000000000000000000000000000000000000000000000000000000000000000000000000000]
indvar_flatten_load     (load             ) [ 00111111111111111111111111000000000000000000000000000000000000000000000000000000000000000000000000000000000000000000000000000000000000000000000000000000000000000000000000000000000000000000000000000000000000000000000000000000000000000000000000]
icmp_ln53               (icmp             ) [ 01111111111111111111111111111111111111111111111111111111111111111111111111111111111111111111111111111111111111111111111111111111111111111111111111111111111111111111111111111111111111111111111111111111111111111111111110000000000000000000000000]
br_ln53                 (br               ) [ 00000000000000000000000000000000000000000000000000000000000000000000000000000000000000000000000000000000000000000000000000000000000000000000000000000000000000000000000000000000000000000000000000000000000000000000000000000000000000000000000000]
output_col_1_load       (load             ) [ 00100000000000000000000000000000000000000000000000000000000000000000000000000000000000000000000000000000000000000000000000000000000000000000000000000000000000000000000000000000000000000000000000000000000000000000000000000000000000000000000000]
icmp_ln55               (icmp             ) [ 01111111111111111111111111111111111100000000000000000000000000000000000000000000000000000000000000000000000000000000000000000000000000000000000000000000000000000000000000000000000000000000000000000000000000000000000000000000000000000000000000]
tmp5_178199             (add              ) [ 01111111111111111111111111111111111000000000000000000000000000000000000000000000000000000000000000000000000000000000000000000000000000000000000000000000000000000000000000000000000000000000000000000000000000000000000000000000000000000000000000]
gmem1_addr              (getelementptr    ) [ 01111111111111111111111111111111110000000000000000000000000000000000000000000000000000000000000000000000000000000000000000000000000000000000000000000000000000000000000000000000000000000000000000000000000000000000000000000000000000000000000000]
select_ln53             (select           ) [ 01111111111111111111111111111111111100000000000000000000000000000000000000000000000000000000000000000000000000000000000000000000000000000000000000000000000000000000000000000000000000000000000000000000000000000000000000000000000000000000000000]
select_ln53_6           (select           ) [ 00000000000000000000000000000000000000000000000000000000000000000000000000000000000000000000000000000000000000000000000000000000000000000000000000000000000000000000000000000000000000000000000000000000000000000000000000000000000000000000000000]
tmp_s                   (bitconcatenate   ) [ 00000000000000000000000000000000000000000000000000000000000000000000000000000000000000000000000000000000000000000000000000000000000000000000000000000000000000000000000000000000000000000000000000000000000000000000000000000000000000000000000000]
p_cast66                (zext             ) [ 00000000000000000000000000000000000000000000000000000000000000000000000000000000000000000000000000000000000000000000000000000000000000000000000000000000000000000000000000000000000000000000000000000000000000000000000000000000000000000000000000]
empty_57                (add              ) [ 00000000000000000000000000000000000000000000000000000000000000000000000000000000000000000000000000000000000000000000000000000000000000000000000000000000000000000000000000000000000000000000000000000000000000000000000000000000000000000000000000]
trunc_ln3               (partselect       ) [ 00000000000000000000000000000000000000000000000000000000000000000000000000000000000000000000000000000000000000000000000000000000000000000000000000000000000000000000000000000000000000000000000000000000000000000000000000000000000000000000000000]
sext_ln18               (sext             ) [ 00000000000000000000000000000000000000000000000000000000000000000000000000000000000000000000000000000000000000000000000000000000000000000000000000000000000000000000000000000000000000000000000000000000000000000000000000000000000000000000000000]
gmem0_addr              (getelementptr    ) [ 00011111111111100000000000000000000000000000000000000000000000000000000000000000000000000000000000000000000000000000000000000000000000000000000000000000000000000000000000000000000000000000000000000000000000000000000000000000000000000000000000]
store_ln55              (store            ) [ 00000000000000000000000000000000000000000000000000000000000000000000000000000000000000000000000000000000000000000000000000000000000000000000000000000000000000000000000000000000000000000000000000000000000000000000000000000000000000000000000000]
tmp5_178_mid1           (add              ) [ 00000001000000000000000000000000000000000000000000000000000000000000000000000000000000000000000000000000000000000000000000000000000000000000000000000000000000000000000000000000000000000000000000000000000000000000000000000000000000000000000000]
select_ln53_2           (select           ) [ 00000000000000000000000000000000000000000000000000000000000000000000000000000000000000000000000000000000000000000000000000000000000000000000000000000000000000000000000000000000000000000000000000000000000000000000000000000000000000000000000000]
tmp_17                  (bitconcatenate   ) [ 00000000000000000000000000000000000000000000000000000000000000000000000000000000000000000000000000000000000000000000000000000000000000000000000000000000000000000000000000000000000000000000000000000000000000000000000000000000000000000000000000]
p_cast67                (zext             ) [ 00000000000000000000000000000000000000000000000000000000000000000000000000000000000000000000000000000000000000000000000000000000000000000000000000000000000000000000000000000000000000000000000000000000000000000000000000000000000000000000000000]
empty_59                (add              ) [ 00000000000000000000000000000000000000000000000000000000000000000000000000000000000000000000000000000000000000000000000000000000000000000000000000000000000000000000000000000000000000000000000000000000000000000000000000000000000000000000000000]
trunc_ln18_1            (partselect       ) [ 00000000000000000000000000000000000000000000000000000000000000000000000000000000000000000000000000000000000000000000000000000000000000000000000000000000000000000000000000000000000000000000000000000000000000000000000000000000000000000000000000]
sext_ln18_1             (sext             ) [ 00000000000000000000000000000000000000000000000000000000000000000000000000000000000000000000000000000000000000000000000000000000000000000000000000000000000000000000000000000000000000000000000000000000000000000000000000000000000000000000000000]
gmem0_addr_1            (getelementptr    ) [ 00000000111111111111000000000000000000000000000000000000000000000000000000000000000000000000000000000000000000000000000000000000000000000000000000000000000000000000000000000000000000000000000000000000000000000000000000000000000000000000000000]
empty_67                (readreq          ) [ 00000000000000000000000000000000000000000000000000000000000000000000000000000000000000000000000000000000000000000000000000000000000000000000000000000000000000000000000000000000000000000000000000000000000000000000000000000000000000000000000000]
empty_58                (readreq          ) [ 00000000000000000000000000000000000000000000000000000000000000000000000000000000000000000000000000000000000000000000000000000000000000000000000000000000000000000000000000000000000000000000000000000000000000000000000000000000000000000000000000]
gmem1_addr_read         (read             ) [ 00000000001100000000000000000000000000000000000000000000000000000000000000000000000000000000000000000000000000000000000000000000000000000000000000000000000000000000000000000000000000000000000000000000000000000000000000000000000000000000000000]
gmem0_addr_read         (read             ) [ 00000000000100000000000000000000000000000000000000000000000000000000000000000000000000000000000000000000000000000000000000000000000000000000000000000000000000000000000000000000000000000000000000000000000000000000000000000000000000000000000000]
gmem1_addr_read_1       (read             ) [ 00000000000110000000000000000000000000000000000000000000000000000000000000000000000000000000000000000000000000000000000000000000000000000000000000000000000000000000000000000000000000000000000000000000000000000000000000000000000000000000000000]
select_ln53_3           (select           ) [ 00000000000000000000000000000000000000000000000000000000000000000000000000000000000000000000000000000000000000000000000000000000000000000000000000000000000000000000000000000000000000000000000000000000000000000000000000000000000000000000000000]
add_ln53                (add              ) [ 00000000000010000000000000000000000000000000000000000000000000000000000000000000000000000000000000000000000000000000000000000000000000000000000000000000000000000000000000000000000000000000000000000000000000000000000000000000000000000000000000]
window_0                (bitcast          ) [ 00000000000011110000000000000000000000000000000000000000000000000000000000000000000000000000000000000000000000000000000000000000000000000000000000000000000000000000000000000000000000000000000000000000000000000000000000000000000000000000000000]
gmem0_addr_read_1       (read             ) [ 00000000000010000000000000000000000000000000000000000000000000000000000000000000000000000000000000000000000000000000000000000000000000000000000000000000000000000000000000000000000000000000000000000000000000000000000000000000000000000000000000]
bitcast_ln36            (bitcast          ) [ 00000000000011110000000000000000000000000000000000000000000000000000000000000000000000000000000000000000000000000000000000000000000000000000000000000000000000000000000000000000000000000000000000000000000000000000000000000000000000000000000000]
gmem1_addr_read_2       (read             ) [ 00000000000011000000000000000000000000000000000000000000000000000000000000000000000000000000000000000000000000000000000000000000000000000000000000000000000000000000000000000000000000000000000000000000000000000000000000000000000000000000000000]
window_1                (bitcast          ) [ 00000000000001111000000000000000000000000000000000000000000000000000000000000000000000000000000000000000000000000000000000000000000000000000000000000000000000000000000000000000000000000000000000000000000000000000000000000000000000000000000000]
gmem0_addr_read_2       (read             ) [ 00000000000001000000000000000000000000000000000000000000000000000000000000000000000000000000000000000000000000000000000000000000000000000000000000000000000000000000000000000000000000000000000000000000000000000000000000000000000000000000000000]
tmp_18                  (bitconcatenate   ) [ 00000000000000000000000000000000000000000000000000000000000000000000000000000000000000000000000000000000000000000000000000000000000000000000000000000000000000000000000000000000000000000000000000000000000000000000000000000000000000000000000000]
p_cast68                (zext             ) [ 00000000000000000000000000000000000000000000000000000000000000000000000000000000000000000000000000000000000000000000000000000000000000000000000000000000000000000000000000000000000000000000000000000000000000000000000000000000000000000000000000]
empty_61                (add              ) [ 00000000000000000000000000000000000000000000000000000000000000000000000000000000000000000000000000000000000000000000000000000000000000000000000000000000000000000000000000000000000000000000000000000000000000000000000000000000000000000000000000]
trunc_ln18_2            (partselect       ) [ 00000000000000000000000000000000000000000000000000000000000000000000000000000000000000000000000000000000000000000000000000000000000000000000000000000000000000000000000000000000000000000000000000000000000000000000000000000000000000000000000000]
sext_ln18_2             (sext             ) [ 00000000000000000000000000000000000000000000000000000000000000000000000000000000000000000000000000000000000000000000000000000000000000000000000000000000000000000000000000000000000000000000000000000000000000000000000000000000000000000000000000]
gmem0_addr_2            (getelementptr    ) [ 00000000000001111111111110000000000000000000000000000000000000000000000000000000000000000000000000000000000000000000000000000000000000000000000000000000000000000000000000000000000000000000000000000000000000000000000000000000000000000000000000]
bitcast_ln36_1          (bitcast          ) [ 00000000000001111000000000000000000000000000000000000000000000000000000000000000000000000000000000000000000000000000000000000000000000000000000000000000000000000000000000000000000000000000000000000000000000000000000000000000000000000000000000]
gmem1_addr_read_3       (read             ) [ 00000000000001100000000000000000000000000000000000000000000000000000000000000000000000000000000000000000000000000000000000000000000000000000000000000000000000000000000000000000000000000000000000000000000000000000000000000000000000000000000000]
window_2                (bitcast          ) [ 00000000000000111100000000000000000000000000000000000000000000000000000000000000000000000000000000000000000000000000000000000000000000000000000000000000000000000000000000000000000000000000000000000000000000000000000000000000000000000000000000]
gmem0_addr_read_3       (read             ) [ 00000000000000100000000000000000000000000000000000000000000000000000000000000000000000000000000000000000000000000000000000000000000000000000000000000000000000000000000000000000000000000000000000000000000000000000000000000000000000000000000000]
bitcast_ln36_2          (bitcast          ) [ 00000000000000111100000000000000000000000000000000000000000000000000000000000000000000000000000000000000000000000000000000000000000000000000000000000000000000000000000000000000000000000000000000000000000000000000000000000000000000000000000000]
gmem1_addr_read_4       (read             ) [ 00000000000000110000000000000000000000000000000000000000000000000000000000000000000000000000000000000000000000000000000000000000000000000000000000000000000000000000000000000000000000000000000000000000000000000000000000000000000000000000000000]
window_3                (bitcast          ) [ 00000000000000011110000000000000000000000000000000000000000000000000000000000000000000000000000000000000000000000000000000000000000000000000000000000000000000000000000000000000000000000000000000000000000000000000000000000000000000000000000000]
gmem0_addr_read_4       (read             ) [ 00000000000000010000000000000000000000000000000000000000000000000000000000000000000000000000000000000000000000000000000000000000000000000000000000000000000000000000000000000000000000000000000000000000000000000000000000000000000000000000000000]
empty_60                (readreq          ) [ 00000000000000000000000000000000000000000000000000000000000000000000000000000000000000000000000000000000000000000000000000000000000000000000000000000000000000000000000000000000000000000000000000000000000000000000000000000000000000000000000000]
bitcast_ln36_3          (bitcast          ) [ 00000000000000011110000000000000000000000000000000000000000000000000000000000000000000000000000000000000000000000000000000000000000000000000000000000000000000000000000000000000000000000000000000000000000000000000000000000000000000000000000000]
gmem1_addr_read_5       (read             ) [ 00000000000000011000000000000000000000000000000000000000000000000000000000000000000000000000000000000000000000000000000000000000000000000000000000000000000000000000000000000000000000000000000000000000000000000000000000000000000000000000000000]
window_4                (bitcast          ) [ 00000000000000001111000000000000000000000000000000000000000000000000000000000000000000000000000000000000000000000000000000000000000000000000000000000000000000000000000000000000000000000000000000000000000000000000000000000000000000000000000000]
gmem0_addr_1_read       (read             ) [ 00000000000000001000000000000000000000000000000000000000000000000000000000000000000000000000000000000000000000000000000000000000000000000000000000000000000000000000000000000000000000000000000000000000000000000000000000000000000000000000000000]
mul_i5_i                (fmul             ) [ 00000000000000001111111110000000000000000000000000000000000000000000000000000000000000000000000000000000000000000000000000000000000000000000000000000000000000000000000000000000000000000000000000000000000000000000000000000000000000000000000000]
bitcast_ln36_4          (bitcast          ) [ 00000000000000001111000000000000000000000000000000000000000000000000000000000000000000000000000000000000000000000000000000000000000000000000000000000000000000000000000000000000000000000000000000000000000000000000000000000000000000000000000000]
gmem1_addr_read_6       (read             ) [ 00000000000000001100000000000000000000000000000000000000000000000000000000000000000000000000000000000000000000000000000000000000000000000000000000000000000000000000000000000000000000000000000000000000000000000000000000000000000000000000000000]
select_ln53_4           (select           ) [ 00000000000000000000000000000000000000000000000000000000000000000000000000000000000000000000000000000000000000000000000000000000000000000000000000000000000000000000000000000000000000000000000000000000000000000000000000000000000000000000000000]
add_ln53_1              (add              ) [ 00000000000000000100000000000000000000000000000000000000000000000000000000000000000000000000000000000000000000000000000000000000000000000000000000000000000000000000000000000000000000000000000000000000000000000000000000000000000000000000000000]
window_5                (bitcast          ) [ 00000000000000000111100000000000000000000000000000000000000000000000000000000000000000000000000000000000000000000000000000000000000000000000000000000000000000000000000000000000000000000000000000000000000000000000000000000000000000000000000000]
gmem0_addr_1_read_1     (read             ) [ 00000000000000000100000000000000000000000000000000000000000000000000000000000000000000000000000000000000000000000000000000000000000000000000000000000000000000000000000000000000000000000000000000000000000000000000000000000000000000000000000000]
mul_i5_i_1              (fmul             ) [ 01111111100000000111111111111111110000000000000000000000000000000000000000000000000000000000000000000000000000000000000000000000000000000000000000000000000000000000000000000000000000000000000000000000000000000000000000000000000000000000000000]
bitcast_ln36_5          (bitcast          ) [ 00000000000000000111100000000000000000000000000000000000000000000000000000000000000000000000000000000000000000000000000000000000000000000000000000000000000000000000000000000000000000000000000000000000000000000000000000000000000000000000000000]
gmem1_addr_read_7       (read             ) [ 00000000000000000110000000000000000000000000000000000000000000000000000000000000000000000000000000000000000000000000000000000000000000000000000000000000000000000000000000000000000000000000000000000000000000000000000000000000000000000000000000]
window_6                (bitcast          ) [ 00000000000000000011110000000000000000000000000000000000000000000000000000000000000000000000000000000000000000000000000000000000000000000000000000000000000000000000000000000000000000000000000000000000000000000000000000000000000000000000000000]
gmem0_addr_1_read_2     (read             ) [ 00000000000000000010000000000000000000000000000000000000000000000000000000000000000000000000000000000000000000000000000000000000000000000000000000000000000000000000000000000000000000000000000000000000000000000000000000000000000000000000000000]
tmp_19                  (bitconcatenate   ) [ 00000000000000000000000000000000000000000000000000000000000000000000000000000000000000000000000000000000000000000000000000000000000000000000000000000000000000000000000000000000000000000000000000000000000000000000000000000000000000000000000000]
p_cast69                (zext             ) [ 00000000000000000000000000000000000000000000000000000000000000000000000000000000000000000000000000000000000000000000000000000000000000000000000000000000000000000000000000000000000000000000000000000000000000000000000000000000000000000000000000]
empty_63                (add              ) [ 00000000000000000000000000000000000000000000000000000000000000000000000000000000000000000000000000000000000000000000000000000000000000000000000000000000000000000000000000000000000000000000000000000000000000000000000000000000000000000000000000]
trunc_ln18_3            (partselect       ) [ 00000000000000000000000000000000000000000000000000000000000000000000000000000000000000000000000000000000000000000000000000000000000000000000000000000000000000000000000000000000000000000000000000000000000000000000000000000000000000000000000000]
sext_ln18_3             (sext             ) [ 00000000000000000000000000000000000000000000000000000000000000000000000000000000000000000000000000000000000000000000000000000000000000000000000000000000000000000000000000000000000000000000000000000000000000000000000000000000000000000000000000]
gmem0_addr_3            (getelementptr    ) [ 01111000000000000011111111111100000000000000000000000000000000000000000000000000000000000000000000000000000000000000000000000000000000000000000000000000000000000000000000000000000000000000000000000000000000000000000000000000000000000000000000]
mul_i5_i_2              (fmul             ) [ 01111111111111111111111111111111111111111110000000000000000000000000000000000000000000000000000000000000000000000000000000000000000000000000000000000000000000000000000000000000000000000000000000000000000000000000000000000000000000000000000000]
bitcast_ln36_6          (bitcast          ) [ 00000000000000000011110000000000000000000000000000000000000000000000000000000000000000000000000000000000000000000000000000000000000000000000000000000000000000000000000000000000000000000000000000000000000000000000000000000000000000000000000000]
gmem1_addr_read_8       (read             ) [ 00000000000000000011000000000000000000000000000000000000000000000000000000000000000000000000000000000000000000000000000000000000000000000000000000000000000000000000000000000000000000000000000000000000000000000000000000000000000000000000000000]
window_7                (bitcast          ) [ 00000000000000000001111000000000000000000000000000000000000000000000000000000000000000000000000000000000000000000000000000000000000000000000000000000000000000000000000000000000000000000000000000000000000000000000000000000000000000000000000000]
gmem0_addr_1_read_3     (read             ) [ 00000000000000000001000000000000000000000000000000000000000000000000000000000000000000000000000000000000000000000000000000000000000000000000000000000000000000000000000000000000000000000000000000000000000000000000000000000000000000000000000000]
mul_i5_i_3              (fmul             ) [ 01111111111111111111111111111111111111111111111111110000000000000000000000000000000000000000000000000000000000000000000000000000000000000000000000000000000000000000000000000000000000000000000000000000000000000000000000000000000000000000000000]
bitcast_ln36_7          (bitcast          ) [ 00000000000000000001111000000000000000000000000000000000000000000000000000000000000000000000000000000000000000000000000000000000000000000000000000000000000000000000000000000000000000000000000000000000000000000000000000000000000000000000000000]
gmem1_addr_read_9       (read             ) [ 00000000000000000001100000000000000000000000000000000000000000000000000000000000000000000000000000000000000000000000000000000000000000000000000000000000000000000000000000000000000000000000000000000000000000000000000000000000000000000000000000]
window_8                (bitcast          ) [ 00000000000000000000111100000000000000000000000000000000000000000000000000000000000000000000000000000000000000000000000000000000000000000000000000000000000000000000000000000000000000000000000000000000000000000000000000000000000000000000000000]
gmem0_addr_1_read_4     (read             ) [ 00000000000000000000100000000000000000000000000000000000000000000000000000000000000000000000000000000000000000000000000000000000000000000000000000000000000000000000000000000000000000000000000000000000000000000000000000000000000000000000000000]
empty_62                (readreq          ) [ 00000000000000000000000000000000000000000000000000000000000000000000000000000000000000000000000000000000000000000000000000000000000000000000000000000000000000000000000000000000000000000000000000000000000000000000000000000000000000000000000000]
mul_i5_i_4              (fmul             ) [ 01111111111111111111111111111111111111111111111111111111111110000000000000000000000000000000000000000000000000000000000000000000000000000000000000000000000000000000000000000000000000000000000000000000000000000000000000000000000000000000000000]
bitcast_ln36_8          (bitcast          ) [ 00000000000000000000111100000000000000000000000000000000000000000000000000000000000000000000000000000000000000000000000000000000000000000000000000000000000000000000000000000000000000000000000000000000000000000000000000000000000000000000000000]
gmem1_addr_read_10      (read             ) [ 00000000000000000000110000000000000000000000000000000000000000000000000000000000000000000000000000000000000000000000000000000000000000000000000000000000000000000000000000000000000000000000000000000000000000000000000000000000000000000000000000]
window_9                (bitcast          ) [ 00000000000000000000011110000000000000000000000000000000000000000000000000000000000000000000000000000000000000000000000000000000000000000000000000000000000000000000000000000000000000000000000000000000000000000000000000000000000000000000000000]
gmem0_addr_2_read       (read             ) [ 00000000000000000000010000000000000000000000000000000000000000000000000000000000000000000000000000000000000000000000000000000000000000000000000000000000000000000000000000000000000000000000000000000000000000000000000000000000000000000000000000]
mul_i5_i_5              (fmul             ) [ 01111111111111111111111111111111111111111111111111111111111111111111110000000000000000000000000000000000000000000000000000000000000000000000000000000000000000000000000000000000000000000000000000000000000000000000000000000000000000000000000000]
bitcast_ln36_9          (bitcast          ) [ 00000000000000000000011110000000000000000000000000000000000000000000000000000000000000000000000000000000000000000000000000000000000000000000000000000000000000000000000000000000000000000000000000000000000000000000000000000000000000000000000000]
gmem1_addr_read_11      (read             ) [ 00000000000000000000011000000000000000000000000000000000000000000000000000000000000000000000000000000000000000000000000000000000000000000000000000000000000000000000000000000000000000000000000000000000000000000000000000000000000000000000000000]
select_ln53_5           (select           ) [ 00000000000000000000000000000000000000000000000000000000000000000000000000000000000000000000000000000000000000000000000000000000000000000000000000000000000000000000000000000000000000000000000000000000000000000000000000000000000000000000000000]
add_ln53_2              (add              ) [ 00000000000000000000001000000000000000000000000000000000000000000000000000000000000000000000000000000000000000000000000000000000000000000000000000000000000000000000000000000000000000000000000000000000000000000000000000000000000000000000000000]
window_10               (bitcast          ) [ 00000000000000000000001111000000000000000000000000000000000000000000000000000000000000000000000000000000000000000000000000000000000000000000000000000000000000000000000000000000000000000000000000000000000000000000000000000000000000000000000000]
gmem0_addr_2_read_1     (read             ) [ 00000000000000000000001000000000000000000000000000000000000000000000000000000000000000000000000000000000000000000000000000000000000000000000000000000000000000000000000000000000000000000000000000000000000000000000000000000000000000000000000000]
mul_i5_i_6              (fmul             ) [ 01111111111111111111111111111111111111111111111111111111111111111111111111111110000000000000000000000000000000000000000000000000000000000000000000000000000000000000000000000000000000000000000000000000000000000000000000000000000000000000000000]
bitcast_ln36_10         (bitcast          ) [ 00000000000000000000001111000000000000000000000000000000000000000000000000000000000000000000000000000000000000000000000000000000000000000000000000000000000000000000000000000000000000000000000000000000000000000000000000000000000000000000000000]
gmem1_addr_read_12      (read             ) [ 00000000000000000000001100000000000000000000000000000000000000000000000000000000000000000000000000000000000000000000000000000000000000000000000000000000000000000000000000000000000000000000000000000000000000000000000000000000000000000000000000]
window_11               (bitcast          ) [ 01000000000000000000000111100000000000000000000000000000000000000000000000000000000000000000000000000000000000000000000000000000000000000000000000000000000000000000000000000000000000000000000000000000000000000000000000000000000000000000000000]
gmem0_addr_2_read_2     (read             ) [ 00000000000000000000000100000000000000000000000000000000000000000000000000000000000000000000000000000000000000000000000000000000000000000000000000000000000000000000000000000000000000000000000000000000000000000000000000000000000000000000000000]
tmp_20                  (bitconcatenate   ) [ 00000000000000000000000000000000000000000000000000000000000000000000000000000000000000000000000000000000000000000000000000000000000000000000000000000000000000000000000000000000000000000000000000000000000000000000000000000000000000000000000000]
p_cast70                (zext             ) [ 00000000000000000000000000000000000000000000000000000000000000000000000000000000000000000000000000000000000000000000000000000000000000000000000000000000000000000000000000000000000000000000000000000000000000000000000000000000000000000000000000]
empty_65                (add              ) [ 00000000000000000000000000000000000000000000000000000000000000000000000000000000000000000000000000000000000000000000000000000000000000000000000000000000000000000000000000000000000000000000000000000000000000000000000000000000000000000000000000]
trunc_ln18_4            (partselect       ) [ 00000000000000000000000000000000000000000000000000000000000000000000000000000000000000000000000000000000000000000000000000000000000000000000000000000000000000000000000000000000000000000000000000000000000000000000000000000000000000000000000000]
sext_ln18_4             (sext             ) [ 00000000000000000000000000000000000000000000000000000000000000000000000000000000000000000000000000000000000000000000000000000000000000000000000000000000000000000000000000000000000000000000000000000000000000000000000000000000000000000000000000]
gmem0_addr_4            (getelementptr    ) [ 01111111110000000000000111111111111000000000000000000000000000000000000000000000000000000000000000000000000000000000000000000000000000000000000000000000000000000000000000000000000000000000000000000000000000000000000000000000000000000000000000]
mul_i5_i_7              (fmul             ) [ 01111111111111111111111111111111111111111111111111111111111111111111111111111111111111110000000000000000000000000000000000000000000000000000000000000000000000000000000000000000000000000000000000000000000000000000000000000000000000000000000000]
bitcast_ln36_11         (bitcast          ) [ 01000000000000000000000111100000000000000000000000000000000000000000000000000000000000000000000000000000000000000000000000000000000000000000000000000000000000000000000000000000000000000000000000000000000000000000000000000000000000000000000000]
gmem1_addr_read_13      (read             ) [ 00000000000000000000000110000000000000000000000000000000000000000000000000000000000000000000000000000000000000000000000000000000000000000000000000000000000000000000000000000000000000000000000000000000000000000000000000000000000000000000000000]
window_12               (bitcast          ) [ 01100000000000000000000011110000000000000000000000000000000000000000000000000000000000000000000000000000000000000000000000000000000000000000000000000000000000000000000000000000000000000000000000000000000000000000000000000000000000000000000000]
gmem0_addr_2_read_3     (read             ) [ 00000000000000000000000010000000000000000000000000000000000000000000000000000000000000000000000000000000000000000000000000000000000000000000000000000000000000000000000000000000000000000000000000000000000000000000000000000000000000000000000000]
mul_i5_i_8              (fmul             ) [ 01111111111111111111111111111111111111111111111111111111111111111111111111111111111111111111111110000000000000000000000000000000000000000000000000000000000000000000000000000000000000000000000000000000000000000000000000000000000000000000000000]
bitcast_ln36_12         (bitcast          ) [ 01100000000000000000000011110000000000000000000000000000000000000000000000000000000000000000000000000000000000000000000000000000000000000000000000000000000000000000000000000000000000000000000000000000000000000000000000000000000000000000000000]
gmem1_addr_read_14      (read             ) [ 00000000000000000000000011000000000000000000000000000000000000000000000000000000000000000000000000000000000000000000000000000000000000000000000000000000000000000000000000000000000000000000000000000000000000000000000000000000000000000000000000]
window_13               (bitcast          ) [ 01110000000000000000000001111000000000000000000000000000000000000000000000000000000000000000000000000000000000000000000000000000000000000000000000000000000000000000000000000000000000000000000000000000000000000000000000000000000000000000000000]
gmem0_addr_2_read_4     (read             ) [ 00000000000000000000000001000000000000000000000000000000000000000000000000000000000000000000000000000000000000000000000000000000000000000000000000000000000000000000000000000000000000000000000000000000000000000000000000000000000000000000000000]
empty_64                (readreq          ) [ 00000000000000000000000000000000000000000000000000000000000000000000000000000000000000000000000000000000000000000000000000000000000000000000000000000000000000000000000000000000000000000000000000000000000000000000000000000000000000000000000000]
accumulator_assign_s    (fadd             ) [ 01111111100000000000000001111111110000000000000000000000000000000000000000000000000000000000000000000000000000000000000000000000000000000000000000000000000000000000000000000000000000000000000000000000000000000000000000000000000000000000000000]
mul_i5_i_9              (fmul             ) [ 01111111111111111111111111111111111111111111111111111111111111111111111111111111111111111111111111111111110000000000000000000000000000000000000000000000000000000000000000000000000000000000000000000000000000000000000000000000000000000000000000]
bitcast_ln36_13         (bitcast          ) [ 01110000000000000000000001111000000000000000000000000000000000000000000000000000000000000000000000000000000000000000000000000000000000000000000000000000000000000000000000000000000000000000000000000000000000000000000000000000000000000000000000]
gmem1_addr_read_15      (read             ) [ 01000000000000000000000001100000000000000000000000000000000000000000000000000000000000000000000000000000000000000000000000000000000000000000000000000000000000000000000000000000000000000000000000000000000000000000000000000000000000000000000000]
add_ln53_3              (add              ) [ 00000000000000000000000000000000000000000000000000000000000000000000000000000000000000000000000000000000000000000000000000000000000000000000000000000000000000000000000000000000000000000000000000000000000000000000000000000000000000000000000000]
window_14               (bitcast          ) [ 01111000000000000000000000111100000000000000000000000000000000000000000000000000000000000000000000000000000000000000000000000000000000000000000000000000000000000000000000000000000000000000000000000000000000000000000000000000000000000000000000]
gmem0_addr_3_read       (read             ) [ 01000000000000000000000000100000000000000000000000000000000000000000000000000000000000000000000000000000000000000000000000000000000000000000000000000000000000000000000000000000000000000000000000000000000000000000000000000000000000000000000000]
mul_i5_i_s              (fmul             ) [ 01111111111111111111111111111111111111111111111111111111111111111111111111111111111111111111111111111111111111111110000000000000000000000000000000000000000000000000000000000000000000000000000000000000000000000000000000000000000000000000000000]
bitcast_ln36_14         (bitcast          ) [ 01111000000000000000000000111100000000000000000000000000000000000000000000000000000000000000000000000000000000000000000000000000000000000000000000000000000000000000000000000000000000000000000000000000000000000000000000000000000000000000000000]
gmem1_addr_read_16      (read             ) [ 01100000000000000000000000110000000000000000000000000000000000000000000000000000000000000000000000000000000000000000000000000000000000000000000000000000000000000000000000000000000000000000000000000000000000000000000000000000000000000000000000]
add_ln55                (add              ) [ 00000000000000000000000000000000000000000000000000000000000000000000000000000000000000000000000000000000000000000000000000000000000000000000000000000000000000000000000000000000000000000000000000000000000000000000000000000000000000000000000000]
store_ln55              (store            ) [ 00000000000000000000000000000000000000000000000000000000000000000000000000000000000000000000000000000000000000000000000000000000000000000000000000000000000000000000000000000000000000000000000000000000000000000000000000000000000000000000000000]
store_ln55              (store            ) [ 00000000000000000000000000000000000000000000000000000000000000000000000000000000000000000000000000000000000000000000000000000000000000000000000000000000000000000000000000000000000000000000000000000000000000000000000000000000000000000000000000]
window_15               (bitcast          ) [ 00111100000000000000000000011110000000000000000000000000000000000000000000000000000000000000000000000000000000000000000000000000000000000000000000000000000000000000000000000000000000000000000000000000000000000000000000000000000000000000000000]
gmem0_addr_3_read_1     (read             ) [ 00100000000000000000000000010000000000000000000000000000000000000000000000000000000000000000000000000000000000000000000000000000000000000000000000000000000000000000000000000000000000000000000000000000000000000000000000000000000000000000000000]
mul_i5_i_10             (fmul             ) [ 01111111111111111111111111011111111111111111111111111111111111111111111111111111111111111111111111111111111111111111111111110000000000000000000000000000000000000000000000000000000000000000000000000000000000000000000000000000000000000000000000]
bitcast_ln36_15         (bitcast          ) [ 00111100000000000000000000011110000000000000000000000000000000000000000000000000000000000000000000000000000000000000000000000000000000000000000000000000000000000000000000000000000000000000000000000000000000000000000000000000000000000000000000]
gmem1_addr_read_17      (read             ) [ 00110000000000000000000000011000000000000000000000000000000000000000000000000000000000000000000000000000000000000000000000000000000000000000000000000000000000000000000000000000000000000000000000000000000000000000000000000000000000000000000000]
window_16               (bitcast          ) [ 00011110000000000000000000001111000000000000000000000000000000000000000000000000000000000000000000000000000000000000000000000000000000000000000000000000000000000000000000000000000000000000000000000000000000000000000000000000000000000000000000]
gmem0_addr_3_read_2     (read             ) [ 00010000000000000000000000001000000000000000000000000000000000000000000000000000000000000000000000000000000000000000000000000000000000000000000000000000000000000000000000000000000000000000000000000000000000000000000000000000000000000000000000]
mul_i5_i_11             (fmul             ) [ 01111111111111111111111111001111111111111111111111111111111111111111111111111111111111111111111111111111111111111111111111111111111110000000000000000000000000000000000000000000000000000000000000000000000000000000000000000000000000000000000000]
bitcast_ln36_16         (bitcast          ) [ 00011110000000000000000000001111000000000000000000000000000000000000000000000000000000000000000000000000000000000000000000000000000000000000000000000000000000000000000000000000000000000000000000000000000000000000000000000000000000000000000000]
gmem1_addr_read_18      (read             ) [ 00011000000000000000000000001100000000000000000000000000000000000000000000000000000000000000000000000000000000000000000000000000000000000000000000000000000000000000000000000000000000000000000000000000000000000000000000000000000000000000000000]
window_17               (bitcast          ) [ 00001111000000000000000000000111100000000000000000000000000000000000000000000000000000000000000000000000000000000000000000000000000000000000000000000000000000000000000000000000000000000000000000000000000000000000000000000000000000000000000000]
gmem0_addr_3_read_3     (read             ) [ 00001000000000000000000000000100000000000000000000000000000000000000000000000000000000000000000000000000000000000000000000000000000000000000000000000000000000000000000000000000000000000000000000000000000000000000000000000000000000000000000000]
mul_i5_i_12             (fmul             ) [ 01111111111111111111111111000111111111111111111111111111111111111111111111111111111111111111111111111111111111111111111111111111111111111111110000000000000000000000000000000000000000000000000000000000000000000000000000000000000000000000000000]
bitcast_ln36_17         (bitcast          ) [ 00001111000000000000000000000111100000000000000000000000000000000000000000000000000000000000000000000000000000000000000000000000000000000000000000000000000000000000000000000000000000000000000000000000000000000000000000000000000000000000000000]
gmem1_addr_read_19      (read             ) [ 00001100000000000000000000000110000000000000000000000000000000000000000000000000000000000000000000000000000000000000000000000000000000000000000000000000000000000000000000000000000000000000000000000000000000000000000000000000000000000000000000]
window_18               (bitcast          ) [ 00000111100000000000000000000011110000000000000000000000000000000000000000000000000000000000000000000000000000000000000000000000000000000000000000000000000000000000000000000000000000000000000000000000000000000000000000000000000000000000000000]
gmem0_addr_3_read_4     (read             ) [ 00000100000000000000000000000010000000000000000000000000000000000000000000000000000000000000000000000000000000000000000000000000000000000000000000000000000000000000000000000000000000000000000000000000000000000000000000000000000000000000000000]
empty_66                (readreq          ) [ 00000000000000000000000000000000000000000000000000000000000000000000000000000000000000000000000000000000000000000000000000000000000000000000000000000000000000000000000000000000000000000000000000000000000000000000000000000000000000000000000000]
mul_i5_i_13             (fmul             ) [ 01111111111111111111111111000011111111111111111111111111111111111111111111111111111111111111111111111111111111111111111111111111111111111111111111111110000000000000000000000000000000000000000000000000000000000000000000000000000000000000000000]
bitcast_ln36_18         (bitcast          ) [ 00000111100000000000000000000011110000000000000000000000000000000000000000000000000000000000000000000000000000000000000000000000000000000000000000000000000000000000000000000000000000000000000000000000000000000000000000000000000000000000000000]
gmem1_addr_read_20      (read             ) [ 00000110000000000000000000000011000000000000000000000000000000000000000000000000000000000000000000000000000000000000000000000000000000000000000000000000000000000000000000000000000000000000000000000000000000000000000000000000000000000000000000]
window_19               (bitcast          ) [ 00000011110000000000000000000001111000000000000000000000000000000000000000000000000000000000000000000000000000000000000000000000000000000000000000000000000000000000000000000000000000000000000000000000000000000000000000000000000000000000000000]
gmem0_addr_4_read       (read             ) [ 00000010000000000000000000000001000000000000000000000000000000000000000000000000000000000000000000000000000000000000000000000000000000000000000000000000000000000000000000000000000000000000000000000000000000000000000000000000000000000000000000]
mul_i5_i_14             (fmul             ) [ 01111111111111111111111111000001111111111111111111111111111111111111111111111111111111111111111111111111111111111111111111111111111111111111111111111111111111110000000000000000000000000000000000000000000000000000000000000000000000000000000000]
bitcast_ln36_19         (bitcast          ) [ 00000011110000000000000000000001111000000000000000000000000000000000000000000000000000000000000000000000000000000000000000000000000000000000000000000000000000000000000000000000000000000000000000000000000000000000000000000000000000000000000000]
gmem1_addr_read_21      (read             ) [ 00000011000000000000000000000001100000000000000000000000000000000000000000000000000000000000000000000000000000000000000000000000000000000000000000000000000000000000000000000000000000000000000000000000000000000000000000000000000000000000000000]
window_20               (bitcast          ) [ 00000001111000000000000000000000111100000000000000000000000000000000000000000000000000000000000000000000000000000000000000000000000000000000000000000000000000000000000000000000000000000000000000000000000000000000000000000000000000000000000000]
gmem0_addr_4_read_1     (read             ) [ 00000001000000000000000000000000100000000000000000000000000000000000000000000000000000000000000000000000000000000000000000000000000000000000000000000000000000000000000000000000000000000000000000000000000000000000000000000000000000000000000000]
mul_i5_i_15             (fmul             ) [ 01111111111111111111111111000000111111111111111111111111111111111111111111111111111111111111111111111111111111111111111111111111111111111111111111111111111111111111111110000000000000000000000000000000000000000000000000000000000000000000000000]
bitcast_ln36_20         (bitcast          ) [ 00000001111000000000000000000000111100000000000000000000000000000000000000000000000000000000000000000000000000000000000000000000000000000000000000000000000000000000000000000000000000000000000000000000000000000000000000000000000000000000000000]
gmem1_addr_read_22      (read             ) [ 00000001100000000000000000000000110000000000000000000000000000000000000000000000000000000000000000000000000000000000000000000000000000000000000000000000000000000000000000000000000000000000000000000000000000000000000000000000000000000000000000]
window_21               (bitcast          ) [ 00000000111100000000000000000000011110000000000000000000000000000000000000000000000000000000000000000000000000000000000000000000000000000000000000000000000000000000000000000000000000000000000000000000000000000000000000000000000000000000000000]
gmem0_addr_4_read_2     (read             ) [ 00000000100000000000000000000000010000000000000000000000000000000000000000000000000000000000000000000000000000000000000000000000000000000000000000000000000000000000000000000000000000000000000000000000000000000000000000000000000000000000000000]
mul_i5_i_16             (fmul             ) [ 01111111111111111111111111000000011111111111111111111111111111111111111111111111111111111111111111111111111111111111111111111111111111111111111111111111111111111111111111111111110000000000000000000000000000000000000000000000000000000000000000]
bitcast_ln36_21         (bitcast          ) [ 00000000111100000000000000000000011110000000000000000000000000000000000000000000000000000000000000000000000000000000000000000000000000000000000000000000000000000000000000000000000000000000000000000000000000000000000000000000000000000000000000]
gmem1_addr_read_23      (read             ) [ 00000000110000000000000000000000011000000000000000000000000000000000000000000000000000000000000000000000000000000000000000000000000000000000000000000000000000000000000000000000000000000000000000000000000000000000000000000000000000000000000000]
window_22               (bitcast          ) [ 00000000011110000000000000000000001111000000000000000000000000000000000000000000000000000000000000000000000000000000000000000000000000000000000000000000000000000000000000000000000000000000000000000000000000000000000000000000000000000000000000]
gmem0_addr_4_read_3     (read             ) [ 00000000010000000000000000000000001000000000000000000000000000000000000000000000000000000000000000000000000000000000000000000000000000000000000000000000000000000000000000000000000000000000000000000000000000000000000000000000000000000000000000]
accumulator_assign_4_1  (fadd             ) [ 00000000011111111100000000000000001111111110000000000000000000000000000000000000000000000000000000000000000000000000000000000000000000000000000000000000000000000000000000000000000000000000000000000000000000000000000000000000000000000000000000]
mul_i5_i_17             (fmul             ) [ 01111111111111111111111111000000001111111111111111111111111111111111111111111111111111111111111111111111111111111111111111111111111111111111111111111111111111111111111111111111111111111110000000000000000000000000000000000000000000000000000000]
bitcast_ln36_22         (bitcast          ) [ 00000000011110000000000000000000001111000000000000000000000000000000000000000000000000000000000000000000000000000000000000000000000000000000000000000000000000000000000000000000000000000000000000000000000000000000000000000000000000000000000000]
gmem1_addr_read_24      (read             ) [ 00000000011000000000000000000000001100000000000000000000000000000000000000000000000000000000000000000000000000000000000000000000000000000000000000000000000000000000000000000000000000000000000000000000000000000000000000000000000000000000000000]
specbitsmap_ln0         (specbitsmap      ) [ 00000000000000000000000000000000000000000000000000000000000000000000000000000000000000000000000000000000000000000000000000000000000000000000000000000000000000000000000000000000000000000000000000000000000000000000000000000000000000000000000000]
specbitsmap_ln0         (specbitsmap      ) [ 00000000000000000000000000000000000000000000000000000000000000000000000000000000000000000000000000000000000000000000000000000000000000000000000000000000000000000000000000000000000000000000000000000000000000000000000000000000000000000000000000]
zext_ln53               (zext             ) [ 00000000000000000000000000000000000000000000000000000000000000000000000000000000000000000000000000000000000000000000000000000000000000000000000000000000000000000000000000000000000000000000000000000000000000000000000000000000000000000000000000]
empty_52                (add              ) [ 00000000000000000000000000000000000000000000000000000000000000000000000000000000000000000000000000000000000000000000000000000000000000000000000000000000000000000000000000000000000000000000000000000000000000000000000000000000000000000000000000]
empty_53                (trunc            ) [ 00000000000000000000000000000000000000000000000000000000000000000000000000000000000000000000000000000000000000000000000000000000000000000000000000000000000000000000000000000000000000000000000000000000000000000000000000000000000000000000000000]
p_shl2                  (bitconcatenate   ) [ 00000000000000000000000000000000000000000000000000000000000000000000000000000000000000000000000000000000000000000000000000000000000000000000000000000000000000000000000000000000000000000000000000000000000000000000000000000000000000000000000000]
p_shl3                  (bitconcatenate   ) [ 00000000000000000000000000000000000000000000000000000000000000000000000000000000000000000000000000000000000000000000000000000000000000000000000000000000000000000000000000000000000000000000000000000000000000000000000000000000000000000000000000]
p_shl3_cast             (sext             ) [ 00000000000000000000000000000000000000000000000000000000000000000000000000000000000000000000000000000000000000000000000000000000000000000000000000000000000000000000000000000000000000000000000000000000000000000000000000000000000000000000000000]
empty_54                (sub              ) [ 00000000001000000000000000000000000100000000000000000000000000000000000000000000000000000000000000000000000000000000000000000000000000000000000000000000000000000000000000000000000000000000000000000000000000000000000000000000000000000000000000]
specpipeline_ln0        (specpipeline     ) [ 00000000000000000000000000000000000000000000000000000000000000000000000000000000000000000000000000000000000000000000000000000000000000000000000000000000000000000000000000000000000000000000000000000000000000000000000000000000000000000000000000]
zext_ln53_1             (zext             ) [ 00000000000000000000000000000000000000000000000000000000000000000000000000000000000000000000000000000000000000000000000000000000000000000000000000000000000000000000000000000000000000000000000000000000000000000000000000000000000000000000000000]
p_mid1                  (add              ) [ 00000000000000000000000000000000000000000000000000000000000000000000000000000000000000000000000000000000000000000000000000000000000000000000000000000000000000000000000000000000000000000000000000000000000000000000000000000000000000000000000000]
empty_56                (trunc            ) [ 00000000000000000000000000000000000000000000000000000000000000000000000000000000000000000000000000000000000000000000000000000000000000000000000000000000000000000000000000000000000000000000000000000000000000000000000000000000000000000000000000]
p_shl2_mid1             (bitconcatenate   ) [ 00000000000000000000000000000000000000000000000000000000000000000000000000000000000000000000000000000000000000000000000000000000000000000000000000000000000000000000000000000000000000000000000000000000000000000000000000000000000000000000000000]
p_shl3_mid1             (bitconcatenate   ) [ 00000000000000000000000000000000000000000000000000000000000000000000000000000000000000000000000000000000000000000000000000000000000000000000000000000000000000000000000000000000000000000000000000000000000000000000000000000000000000000000000000]
p_shl3_cast_mid1        (sext             ) [ 00000000000000000000000000000000000000000000000000000000000000000000000000000000000000000000000000000000000000000000000000000000000000000000000000000000000000000000000000000000000000000000000000000000000000000000000000000000000000000000000000]
p_mid13                 (sub              ) [ 00000000001000000000000000000000000100000000000000000000000000000000000000000000000000000000000000000000000000000000000000000000000000000000000000000000000000000000000000000000000000000000000000000000000000000000000000000000000000000000000000]
window_23               (bitcast          ) [ 00000000001111000000000000000000000111100000000000000000000000000000000000000000000000000000000000000000000000000000000000000000000000000000000000000000000000000000000000000000000000000000000000000000000000000000000000000000000000000000000000]
gmem0_addr_4_read_4     (read             ) [ 00000000001000000000000000000000000100000000000000000000000000000000000000000000000000000000000000000000000000000000000000000000000000000000000000000000000000000000000000000000000000000000000000000000000000000000000000000000000000000000000000]
mul_i5_i_18             (fmul             ) [ 01111111111111111111111111000000000111111111111111111111111111111111111111111111111111111111111111111111111111111111111111111111111111111111111111111111111111111111111111111111111111111111111111110000000000000000000000000000000000000000000000]
bitcast_ln36_23         (bitcast          ) [ 00000000001111000000000000000000000111100000000000000000000000000000000000000000000000000000000000000000000000000000000000000000000000000000000000000000000000000000000000000000000000000000000000000000000000000000000000000000000000000000000000]
select_ln53_1           (select           ) [ 00000000000000000000000000000000000000000000000000000000000000000000000000000000000000000000000000000000000000000000000000000000000000000000000000000000000000000000000000000000000000000000000000000000000000000000000000000000000000000000000000]
output_col_4_cast31     (zext             ) [ 00000000000000000000000000000000000000000000000000000000000000000000000000000000000000000000000000000000000000000000000000000000000000000000000000000000000000000000000000000000000000000000000000000000000000000000000000000000000000000000000000]
window_24               (bitcast          ) [ 00000000000111100000000000000000000011110000000000000000000000000000000000000000000000000000000000000000000000000000000000000000000000000000000000000000000000000000000000000000000000000000000000000000000000000000000000000000000000000000000000]
mul_i5_i_19             (fmul             ) [ 01111111111111111111111111000000000011111111111111111111111111111111111111111111111111111111111111111111111111111111111111111111111111111111111111111111111111111111111111111111111111111111111111111111111110000000000000000000000000000000000000]
bitcast_ln36_24         (bitcast          ) [ 00000000000111100000000000000000000011110000000000000000000000000000000000000000000000000000000000000000000000000000000000000000000000000000000000000000000000000000000000000000000000000000000000000000000000000000000000000000000000000000000000]
add_ln76                (add              ) [ 01111111111111111111111111000000000011111111111111111111111111111111111111111111111111111111111111111111111111111111111111111111111111111111111111111111111111111111111111111111111111111111111111111111111111111111111111111111111111111111111111]
mul_i5_i_20             (fmul             ) [ 01111111111111111111111111000000000001111111111111111111111111111111111111111111111111111111111111111111111111111111111111111111111111111111111111111111111111111111111111111111111111111111111111111111111111111111110000000000000000000000000000]
mul_i5_i_21             (fmul             ) [ 01111111111111111111111111000000000000111111111111111111111111111111111111111111111111111111111111111111111111111111111111111111111111111111111111111111111111111111111111111111111111111111111111111111111111111111111111111110000000000000000000]
mul_i5_i_22             (fmul             ) [ 01111111111111111111111111000000000000011111111111111111111111111111111111111111111111111111111111111111111111111111111111111111111111111111111111111111111111111111111111111111111111111111111111111111111111111111111111111111111111110000000000]
mul_i5_i_23             (fmul             ) [ 01111111111111111111111111000000000000001111111111111111111111111111111111111111111111111111111111111111111111111111111111111111111111111111111111111111111111111111111111111111111111111111111111111111111111111111111111111111111111111111111110]
accumulator_assign_4_2  (fadd             ) [ 01000000000000000011111111000000000000000001111111110000000000000000000000000000000000000000000000000000000000000000000000000000000000000000000000000000000000000000000000000000000000000000000000000000000000000000000000000000000000000000000000]
accumulator_assign_4_3  (fadd             ) [ 00111111111000000000000000000000000000000000000000001111111110000000000000000000000000000000000000000000000000000000000000000000000000000000000000000000000000000000000000000000000000000000000000000000000000000000000000000000000000000000000000]
accumulator_assign_4_4  (fadd             ) [ 00000000000111111111000000000000000000000000000000000000000001111111110000000000000000000000000000000000000000000000000000000000000000000000000000000000000000000000000000000000000000000000000000000000000000000000000000000000000000000000000000]
accumulator_assign_4_5  (fadd             ) [ 01110000000000000000111111000000000000000000000000000000000000000000001111111110000000000000000000000000000000000000000000000000000000000000000000000000000000000000000000000000000000000000000000000000000000000000000000000000000000000000000000]
accumulator_assign_4_6  (fadd             ) [ 00001111111110000000000000000000000000000000000000000000000000000000000000000001111111110000000000000000000000000000000000000000000000000000000000000000000000000000000000000000000000000000000000000000000000000000000000000000000000000000000000]
accumulator_assign_4_7  (fadd             ) [ 00000000000001111111110000000000000000000000000000000000000000000000000000000000000000001111111110000000000000000000000000000000000000000000000000000000000000000000000000000000000000000000000000000000000000000000000000000000000000000000000000]
accumulator_assign_4_8  (fadd             ) [ 01111100000000000000001111000000000000000000000000000000000000000000000000000000000000000000000001111111110000000000000000000000000000000000000000000000000000000000000000000000000000000000000000000000000000000000000000000000000000000000000000]
accumulator_assign_4_9  (fadd             ) [ 00000011111111100000000000000000000000000000000000000000000000000000000000000000000000000000000000000000001111111110000000000000000000000000000000000000000000000000000000000000000000000000000000000000000000000000000000000000000000000000000000]
accumulator_assign_4_s  (fadd             ) [ 00000000000000011111111100000000000000000000000000000000000000000000000000000000000000000000000000000000000000000001111111110000000000000000000000000000000000000000000000000000000000000000000000000000000000000000000000000000000000000000000000]
accumulator_assign_4_10 (fadd             ) [ 01111111000000000000000011000000000000000000000000000000000000000000000000000000000000000000000000000000000000000000000000001111111110000000000000000000000000000000000000000000000000000000000000000000000000000000000000000000000000000000000000]
accumulator_assign_4_11 (fadd             ) [ 00000000111111111000000000000000000000000000000000000000000000000000000000000000000000000000000000000000000000000000000000000000000001111111110000000000000000000000000000000000000000000000000000000000000000000000000000000000000000000000000000]
accumulator_assign_4_12 (fadd             ) [ 00000000000000000111111111000000000000000000000000000000000000000000000000000000000000000000000000000000000000000000000000000000000000000000001111111110000000000000000000000000000000000000000000000000000000000000000000000000000000000000000000]
accumulator_assign_4_13 (fadd             ) [ 01111111110000000000000000000000000000000000000000000000000000000000000000000000000000000000000000000000000000000000000000000000000000000000000000000001111111110000000000000000000000000000000000000000000000000000000000000000000000000000000000]
accumulator_assign_4_14 (fadd             ) [ 00000000001111111110000000000000000000000000000000000000000000000000000000000000000000000000000000000000000000000000000000000000000000000000000000000000000000001111111110000000000000000000000000000000000000000000000000000000000000000000000000]
accumulator_assign_4_15 (fadd             ) [ 01100000000000000001111111000000000000000000000000000000000000000000000000000000000000000000000000000000000000000000000000000000000000000000000000000000000000000000000001111111110000000000000000000000000000000000000000000000000000000000000000]
accumulator_assign_4_16 (fadd             ) [ 00011111111100000000000000000000000000000000000000000000000000000000000000000000000000000000000000000000000000000000000000000000000000000000000000000000000000000000000000000000001111111110000000000000000000000000000000000000000000000000000000]
accumulator_assign_4_17 (fadd             ) [ 00000000000011111111100000000000000000000000000000000000000000000000000000000000000000000000000000000000000000000000000000000000000000000000000000000000000000000000000000000000000000000001111111110000000000000000000000000000000000000000000000]
accumulator_assign_4_18 (fadd             ) [ 01111000000000000000011111000000000000000000000000000000000000000000000000000000000000000000000000000000000000000000000000000000000000000000000000000000000000000000000000000000000000000000000000001111111110000000000000000000000000000000000000]
accumulator_assign_4_19 (fadd             ) [ 00000111111111000000000000000000000000000000000000000000000000000000000000000000000000000000000000000000000000000000000000000000000000000000000000000000000000000000000000000000000000000000000000000000000001111111110000000000000000000000000000]
accumulator_assign_4_20 (fadd             ) [ 00000000000000111111111000000000000000000000000000000000000000000000000000000000000000000000000000000000000000000000000000000000000000000000000000000000000000000000000000000000000000000000000000000000000000000000001111111110000000000000000000]
accumulator_assign_4_21 (fadd             ) [ 01111110000000000000000111000000000000000000000000000000000000000000000000000000000000000000000000000000000000000000000000000000000000000000000000000000000000000000000000000000000000000000000000000000000000000000000000000001111111110000000000]
accumulator_assign_4_22 (fadd             ) [ 00000001111111110000000000000000000000000000000000000000000000000000000000000000000000000000000000000000000000000000000000000000000000000000000000000000000000000000000000000000000000000000000000000000000000000000000000000000000000001111111110]
accumulator_assign_4_23 (fadd             ) [ 00000000000000001000000000000000000000000000000000000000000000000000000000000000000000000000000000000000000000000000000000000000000000000000000000000000000000000000000000000000000000000000000000000000000000000000000000000000000000000000000001]
specloopname_ln0        (specloopname     ) [ 00000000000000000000000000000000000000000000000000000000000000000000000000000000000000000000000000000000000000000000000000000000000000000000000000000000000000000000000000000000000000000000000000000000000000000000000000000000000000000000000000]
empty_55                (speclooptripcount) [ 00000000000000000000000000000000000000000000000000000000000000000000000000000000000000000000000000000000000000000000000000000000000000000000000000000000000000000000000000000000000000000000000000000000000000000000000000000000000000000000000000]
specpipeline_ln0        (specpipeline     ) [ 00000000000000000000000000000000000000000000000000000000000000000000000000000000000000000000000000000000000000000000000000000000000000000000000000000000000000000000000000000000000000000000000000000000000000000000000000000000000000000000000000]
specloopname_ln55       (specloopname     ) [ 00000000000000000000000000000000000000000000000000000000000000000000000000000000000000000000000000000000000000000000000000000000000000000000000000000000000000000000000000000000000000000000000000000000000000000000000000000000000000000000000000]
zext_ln77               (zext             ) [ 00000000000000000000000000000000000000000000000000000000000000000000000000000000000000000000000000000000000000000000000000000000000000000000000000000000000000000000000000000000000000000000000000000000000000000000000000000000000000000000000000]
conv1_output_addr       (getelementptr    ) [ 00000000000000000000000000000000000000000000000000000000000000000000000000000000000000000000000000000000000000000000000000000000000000000000000000000000000000000000000000000000000000000000000000000000000000000000000000000000000000000000000000]
store_ln77              (store            ) [ 00000000000000000000000000000000000000000000000000000000000000000000000000000000000000000000000000000000000000000000000000000000000000000000000000000000000000000000000000000000000000000000000000000000000000000000000000000000000000000000000000]
br_ln55                 (br               ) [ 00000000000000000000000000000000000000000000000000000000000000000000000000000000000000000000000000000000000000000000000000000000000000000000000000000000000000000000000000000000000000000000000000000000000000000000000000000000000000000000000000]
ret_ln0                 (ret              ) [ 00000000000000000000000000000000000000000000000000000000000000000000000000000000000000000000000000000000000000000000000000000000000000000000000000000000000000000000000000000000000000000000000000000000000000000000000000000000000000000000000000]
</LifeTime>

<model>

<comp_list>
<comp id="0" class="1000" name="gmem1">
<pin_list>
<pin id="1" dir="1" index="0" bw="1" slack="0"/>
</pin_list>
<bind>
<StgValue><ssdm name="gmem1"/></StgValue>
</bind>
</comp>

<comp id="2" class="1000" name="gmem0">
<pin_list>
<pin id="3" dir="1" index="0" bw="1" slack="0"/>
</pin_list>
<bind>
<StgValue><ssdm name="gmem0"/></StgValue>
</bind>
</comp>

<comp id="4" class="1000" name="sext_ln35">
<pin_list>
<pin id="5" dir="1" index="0" bw="1" slack="0"/>
</pin_list>
<bind>
<StgValue><ssdm name="sext_ln35"/></StgValue>
</bind>
</comp>

<comp id="6" class="1000" name="empty">
<pin_list>
<pin id="7" dir="1" index="0" bw="1" slack="0"/>
</pin_list>
<bind>
<StgValue><ssdm name="empty"/></StgValue>
</bind>
</comp>

<comp id="8" class="1000" name="feature_in">
<pin_list>
<pin id="9" dir="1" index="0" bw="1" slack="0"/>
</pin_list>
<bind>
<StgValue><ssdm name="feature_in"/></StgValue>
</bind>
</comp>

<comp id="10" class="1000" name="accumulator_2">
<pin_list>
<pin id="11" dir="1" index="0" bw="1" slack="0"/>
</pin_list>
<bind>
<StgValue><ssdm name="accumulator_2"/></StgValue>
</bind>
</comp>

<comp id="12" class="1000" name="conv1_output">
<pin_list>
<pin id="13" dir="1" index="0" bw="1" slack="0"/>
</pin_list>
<bind>
<StgValue><ssdm name="conv1_output"/><MemPortTyVec>0 3 3 3 3 3 3 3 3 3 3 3 3 3 3 3 3 </MemPortTyVec>
</StgValue>
</bind>
</comp>

<comp id="14" class="1001" name="const_14">
<pin_list>
<pin id="15" dir="1" index="0" bw="1" slack="0"/>
</pin_list>
<bind>
<StgValue><ssdm name=""/></StgValue>
</bind>
</comp>

<comp id="16" class="1001" name="const_16">
<pin_list>
<pin id="17" dir="1" index="0" bw="1" slack="0"/>
</pin_list>
<bind>
<StgValue><ssdm name="_ssdm_op_Read.ap_auto.float"/></StgValue>
</bind>
</comp>

<comp id="18" class="1001" name="const_18">
<pin_list>
<pin id="19" dir="1" index="0" bw="1" slack="0"/>
</pin_list>
<bind>
<StgValue><ssdm name="_ssdm_op_Read.ap_auto.i64"/></StgValue>
</bind>
</comp>

<comp id="20" class="1001" name="const_20">
<pin_list>
<pin id="21" dir="1" index="0" bw="1" slack="0"/>
</pin_list>
<bind>
<StgValue><ssdm name="_ssdm_op_Read.ap_auto.i9"/></StgValue>
</bind>
</comp>

<comp id="22" class="1001" name="const_22">
<pin_list>
<pin id="23" dir="1" index="0" bw="1" slack="0"/>
</pin_list>
<bind>
<StgValue><ssdm name="_ssdm_op_Read.ap_auto.i62"/></StgValue>
</bind>
</comp>

<comp id="24" class="1001" name="const_24">
<pin_list>
<pin id="25" dir="1" index="0" bw="1" slack="2147483647"/>
</pin_list>
<bind>
<StgValue><ssdm name="_ssdm_op_SpecInterface"/></StgValue>
</bind>
</comp>

<comp id="26" class="1001" name="const_26">
<pin_list>
<pin id="27" dir="1" index="0" bw="1" slack="2147483647"/>
</pin_list>
<bind>
<StgValue><ssdm name="empty"/></StgValue>
</bind>
</comp>

<comp id="28" class="1001" name="const_28">
<pin_list>
<pin id="29" dir="1" index="0" bw="1" slack="2147483647"/>
</pin_list>
<bind>
<StgValue><ssdm name=""/></StgValue>
</bind>
</comp>

<comp id="30" class="1001" name="const_30">
<pin_list>
<pin id="31" dir="1" index="0" bw="1" slack="2147483647"/>
</pin_list>
<bind>
<StgValue><ssdm name="empty_0"/></StgValue>
</bind>
</comp>

<comp id="32" class="1001" name="const_32">
<pin_list>
<pin id="33" dir="1" index="0" bw="1" slack="2147483647"/>
</pin_list>
<bind>
<StgValue><ssdm name=""/></StgValue>
</bind>
</comp>

<comp id="34" class="1001" name="const_34">
<pin_list>
<pin id="35" dir="1" index="0" bw="1" slack="2147483647"/>
</pin_list>
<bind>
<StgValue><ssdm name="empty_3"/></StgValue>
</bind>
</comp>

<comp id="36" class="1001" name="const_36">
<pin_list>
<pin id="37" dir="1" index="0" bw="1" slack="2147483647"/>
</pin_list>
<bind>
<StgValue><ssdm name="empty_2"/></StgValue>
</bind>
</comp>

<comp id="38" class="1001" name="const_38">
<pin_list>
<pin id="39" dir="1" index="0" bw="1" slack="2147483647"/>
</pin_list>
<bind>
<StgValue><ssdm name=""/></StgValue>
</bind>
</comp>

<comp id="40" class="1001" name="const_40">
<pin_list>
<pin id="41" dir="1" index="0" bw="1" slack="2147483647"/>
</pin_list>
<bind>
<StgValue><ssdm name=""/></StgValue>
</bind>
</comp>

<comp id="42" class="1001" name="const_42">
<pin_list>
<pin id="43" dir="1" index="0" bw="1" slack="2147483647"/>
</pin_list>
<bind>
<StgValue><ssdm name=""/></StgValue>
</bind>
</comp>

<comp id="44" class="1001" name="const_44">
<pin_list>
<pin id="45" dir="1" index="0" bw="1" slack="2147483647"/>
</pin_list>
<bind>
<StgValue><ssdm name="empty_1"/></StgValue>
</bind>
</comp>

<comp id="46" class="1001" name="const_46">
<pin_list>
<pin id="47" dir="1" index="0" bw="1" slack="0"/>
</pin_list>
<bind>
<StgValue><ssdm name=""/></StgValue>
</bind>
</comp>

<comp id="48" class="1001" name="const_48">
<pin_list>
<pin id="49" dir="1" index="0" bw="1" slack="0"/>
</pin_list>
<bind>
<StgValue><ssdm name=""/></StgValue>
</bind>
</comp>

<comp id="50" class="1001" name="const_50">
<pin_list>
<pin id="51" dir="1" index="0" bw="1" slack="0"/>
</pin_list>
<bind>
<StgValue><ssdm name=""/></StgValue>
</bind>
</comp>

<comp id="52" class="1001" name="const_52">
<pin_list>
<pin id="53" dir="1" index="0" bw="1" slack="0"/>
</pin_list>
<bind>
<StgValue><ssdm name=""/></StgValue>
</bind>
</comp>

<comp id="54" class="1001" name="const_54">
<pin_list>
<pin id="55" dir="1" index="0" bw="1" slack="0"/>
</pin_list>
<bind>
<StgValue><ssdm name=""/></StgValue>
</bind>
</comp>

<comp id="56" class="1001" name="const_56">
<pin_list>
<pin id="57" dir="1" index="0" bw="1" slack="0"/>
</pin_list>
<bind>
<StgValue><ssdm name="_ssdm_op_BitConcatenate.i12.i5.i5.i2"/></StgValue>
</bind>
</comp>

<comp id="58" class="1001" name="const_58">
<pin_list>
<pin id="59" dir="1" index="0" bw="1" slack="0"/>
</pin_list>
<bind>
<StgValue><ssdm name=""/></StgValue>
</bind>
</comp>

<comp id="60" class="1001" name="const_60">
<pin_list>
<pin id="61" dir="1" index="0" bw="1" slack="0"/>
</pin_list>
<bind>
<StgValue><ssdm name="_ssdm_op_PartSelect.i62.i64.i32.i32"/></StgValue>
</bind>
</comp>

<comp id="62" class="1001" name="const_62">
<pin_list>
<pin id="63" dir="1" index="0" bw="1" slack="0"/>
</pin_list>
<bind>
<StgValue><ssdm name=""/></StgValue>
</bind>
</comp>

<comp id="64" class="1001" name="const_64">
<pin_list>
<pin id="65" dir="1" index="0" bw="1" slack="0"/>
</pin_list>
<bind>
<StgValue><ssdm name=""/></StgValue>
</bind>
</comp>

<comp id="66" class="1001" name="const_66">
<pin_list>
<pin id="67" dir="1" index="0" bw="1" slack="0"/>
</pin_list>
<bind>
<StgValue><ssdm name="_ssdm_op_ReadReq.m_axi.p1i32"/></StgValue>
</bind>
</comp>

<comp id="68" class="1001" name="const_68">
<pin_list>
<pin id="69" dir="1" index="0" bw="1" slack="0"/>
</pin_list>
<bind>
<StgValue><ssdm name=""/></StgValue>
</bind>
</comp>

<comp id="70" class="1001" name="const_70">
<pin_list>
<pin id="71" dir="1" index="0" bw="1" slack="0"/>
</pin_list>
<bind>
<StgValue><ssdm name=""/></StgValue>
</bind>
</comp>

<comp id="72" class="1001" name="const_72">
<pin_list>
<pin id="73" dir="1" index="0" bw="1" slack="0"/>
</pin_list>
<bind>
<StgValue><ssdm name=""/></StgValue>
</bind>
</comp>

<comp id="74" class="1001" name="const_74">
<pin_list>
<pin id="75" dir="1" index="0" bw="1" slack="0"/>
</pin_list>
<bind>
<StgValue><ssdm name="_ssdm_op_Read.m_axi.p1i32"/></StgValue>
</bind>
</comp>

<comp id="76" class="1001" name="const_76">
<pin_list>
<pin id="77" dir="1" index="0" bw="1" slack="0"/>
</pin_list>
<bind>
<StgValue><ssdm name=""/></StgValue>
</bind>
</comp>

<comp id="78" class="1001" name="const_78">
<pin_list>
<pin id="79" dir="1" index="0" bw="1" slack="0"/>
</pin_list>
<bind>
<StgValue><ssdm name=""/></StgValue>
</bind>
</comp>

<comp id="80" class="1001" name="const_80">
<pin_list>
<pin id="81" dir="1" index="0" bw="1" slack="0"/>
</pin_list>
<bind>
<StgValue><ssdm name=""/></StgValue>
</bind>
</comp>

<comp id="82" class="1001" name="const_82">
<pin_list>
<pin id="83" dir="1" index="0" bw="1" slack="0"/>
</pin_list>
<bind>
<StgValue><ssdm name=""/></StgValue>
</bind>
</comp>

<comp id="84" class="1001" name="const_84">
<pin_list>
<pin id="85" dir="1" index="0" bw="1" slack="2147483647"/>
</pin_list>
<bind>
<StgValue><ssdm name="_ssdm_op_SpecBitsMap"/></StgValue>
</bind>
</comp>

<comp id="86" class="1001" name="const_86">
<pin_list>
<pin id="87" dir="1" index="0" bw="1" slack="0"/>
</pin_list>
<bind>
<StgValue><ssdm name="_ssdm_op_BitConcatenate.i13.i8.i5"/></StgValue>
</bind>
</comp>

<comp id="88" class="1001" name="const_88">
<pin_list>
<pin id="89" dir="1" index="0" bw="1" slack="0"/>
</pin_list>
<bind>
<StgValue><ssdm name="_ssdm_op_BitConcatenate.i11.i9.i2"/></StgValue>
</bind>
</comp>

<comp id="90" class="1001" name="const_90">
<pin_list>
<pin id="91" dir="1" index="0" bw="1" slack="2147483647"/>
</pin_list>
<bind>
<StgValue><ssdm name="_ssdm_op_SpecPipeline"/></StgValue>
</bind>
</comp>

<comp id="92" class="1001" name="const_92">
<pin_list>
<pin id="93" dir="1" index="0" bw="1" slack="2147483647"/>
</pin_list>
<bind>
<StgValue><ssdm name="p_str"/></StgValue>
</bind>
</comp>

<comp id="94" class="1001" name="const_94">
<pin_list>
<pin id="95" dir="1" index="0" bw="1" slack="2147483647"/>
</pin_list>
<bind>
<StgValue><ssdm name="_ssdm_op_SpecLoopName"/></StgValue>
</bind>
</comp>

<comp id="96" class="1001" name="const_96">
<pin_list>
<pin id="97" dir="1" index="0" bw="1" slack="2147483647"/>
</pin_list>
<bind>
<StgValue><ssdm name="OUTPUT_ROW_OUTPUT_COL_str"/></StgValue>
</bind>
</comp>

<comp id="98" class="1001" name="const_98">
<pin_list>
<pin id="99" dir="1" index="0" bw="1" slack="2147483647"/>
</pin_list>
<bind>
<StgValue><ssdm name="_ssdm_op_SpecLoopTripCount"/></StgValue>
</bind>
</comp>

<comp id="100" class="1001" name="const_100">
<pin_list>
<pin id="101" dir="1" index="0" bw="1" slack="2147483647"/>
</pin_list>
<bind>
<StgValue><ssdm name=""/></StgValue>
</bind>
</comp>

<comp id="102" class="1001" name="const_102">
<pin_list>
<pin id="103" dir="1" index="0" bw="1" slack="2147483647"/>
</pin_list>
<bind>
<StgValue><ssdm name="empty_21"/></StgValue>
</bind>
</comp>

<comp id="104" class="1001" name="const_104">
<pin_list>
<pin id="105" dir="1" index="0" bw="1" slack="0"/>
</pin_list>
<bind>
<StgValue><ssdm name=""/></StgValue>
</bind>
</comp>

<comp id="106" class="1004" name="output_col_1_fu_106">
<pin_list>
<pin id="107" dir="0" index="0" bw="1" slack="0"/>
<pin id="108" dir="1" index="1" bw="5" slack="0"/>
</pin_list>
<bind>
<opcode="alloca(26) " fcode="alloca"/>
<opset="output_col_1/1 "/>
</bind>
</comp>

<comp id="110" class="1004" name="output_row_fu_110">
<pin_list>
<pin id="111" dir="0" index="0" bw="1" slack="0"/>
<pin id="112" dir="1" index="1" bw="5" slack="0"/>
</pin_list>
<bind>
<opcode="alloca(26) " fcode="alloca"/>
<opset="output_row/1 "/>
</bind>
</comp>

<comp id="114" class="1004" name="indvar_flatten_fu_114">
<pin_list>
<pin id="115" dir="0" index="0" bw="1" slack="0"/>
<pin id="116" dir="1" index="1" bw="10" slack="0"/>
</pin_list>
<bind>
<opcode="alloca(26) " fcode="alloca"/>
<opset="indvar_flatten/1 "/>
</bind>
</comp>

<comp id="118" class="1004" name="accumulator_2_read_read_fu_118">
<pin_list>
<pin id="119" dir="0" index="0" bw="32" slack="0"/>
<pin id="120" dir="0" index="1" bw="32" slack="0"/>
<pin id="121" dir="1" index="2" bw="32" slack="15"/>
</pin_list>
<bind>
<opcode="read(1150) " fcode="read"/>
<opset="accumulator_2_read/1 "/>
</bind>
</comp>

<comp id="124" class="1004" name="feature_in_read_read_fu_124">
<pin_list>
<pin id="125" dir="0" index="0" bw="64" slack="0"/>
<pin id="126" dir="0" index="1" bw="64" slack="0"/>
<pin id="127" dir="1" index="2" bw="64" slack="1"/>
</pin_list>
<bind>
<opcode="read(1150) " fcode="read"/>
<opset="feature_in_read/1 "/>
</bind>
</comp>

<comp id="130" class="1004" name="tmp_read_fu_130">
<pin_list>
<pin id="131" dir="0" index="0" bw="9" slack="0"/>
<pin id="132" dir="0" index="1" bw="9" slack="0"/>
<pin id="133" dir="1" index="2" bw="9" slack="33"/>
</pin_list>
<bind>
<opcode="read(1150) " fcode="read"/>
<opset="tmp/1 "/>
</bind>
</comp>

<comp id="136" class="1004" name="sext_ln35_read_read_fu_136">
<pin_list>
<pin id="137" dir="0" index="0" bw="62" slack="0"/>
<pin id="138" dir="0" index="1" bw="62" slack="0"/>
<pin id="139" dir="1" index="2" bw="62" slack="0"/>
</pin_list>
<bind>
<opcode="read(1150) " fcode="read"/>
<opset="sext_ln35_read/1 "/>
</bind>
</comp>

<comp id="142" class="1004" name="grp_readreq_fu_142">
<pin_list>
<pin id="143" dir="0" index="0" bw="1" slack="0"/>
<pin id="144" dir="0" index="1" bw="32" slack="0"/>
<pin id="145" dir="0" index="2" bw="6" slack="0"/>
<pin id="146" dir="1" index="3" bw="1" slack="2147483647"/>
</pin_list>
<bind>
<opcode="readreq(1154) " fcode="readreq"/>
<opset="empty_67/2 "/>
</bind>
</comp>

<comp id="149" class="1004" name="grp_readreq_fu_149">
<pin_list>
<pin id="150" dir="0" index="0" bw="1" slack="0"/>
<pin id="151" dir="0" index="1" bw="32" slack="1"/>
<pin id="152" dir="0" index="2" bw="4" slack="0"/>
<pin id="153" dir="1" index="3" bw="1" slack="2147483647"/>
</pin_list>
<bind>
<opcode="readreq(1154) " fcode="readreq"/>
<opset="empty_58/3 "/>
</bind>
</comp>

<comp id="156" class="1004" name="grp_readreq_fu_156">
<pin_list>
<pin id="157" dir="0" index="0" bw="1" slack="0"/>
<pin id="158" dir="0" index="1" bw="32" slack="1"/>
<pin id="159" dir="0" index="2" bw="4" slack="0"/>
<pin id="160" dir="1" index="3" bw="1" slack="2147483647"/>
</pin_list>
<bind>
<opcode="readreq(1154) " fcode="readreq"/>
<opset="empty_60/8 "/>
</bind>
</comp>

<comp id="163" class="1004" name="grp_read_fu_163">
<pin_list>
<pin id="164" dir="0" index="0" bw="32" slack="0"/>
<pin id="165" dir="0" index="1" bw="32" slack="7"/>
<pin id="166" dir="1" index="2" bw="32" slack="2"/>
</pin_list>
<bind>
<opcode="read(1150) " fcode="read"/>
<opset="gmem1_addr_read/9 gmem1_addr_read_1/10 gmem1_addr_read_2/11 gmem1_addr_read_3/12 gmem1_addr_read_4/13 gmem1_addr_read_5/14 gmem1_addr_read_6/15 gmem1_addr_read_7/16 gmem1_addr_read_8/17 gmem1_addr_read_9/18 gmem1_addr_read_10/19 gmem1_addr_read_11/20 gmem1_addr_read_12/21 gmem1_addr_read_13/22 gmem1_addr_read_14/23 gmem1_addr_read_15/24 gmem1_addr_read_16/25 gmem1_addr_read_17/26 gmem1_addr_read_18/27 gmem1_addr_read_19/28 gmem1_addr_read_20/29 gmem1_addr_read_21/30 gmem1_addr_read_22/31 gmem1_addr_read_23/32 gmem1_addr_read_24/33 "/>
</bind>
</comp>

<comp id="168" class="1004" name="grp_read_fu_168">
<pin_list>
<pin id="169" dir="0" index="0" bw="32" slack="0"/>
<pin id="170" dir="0" index="1" bw="32" slack="8"/>
<pin id="171" dir="1" index="2" bw="32" slack="1"/>
</pin_list>
<bind>
<opcode="read(1150) " fcode="read"/>
<opset="gmem0_addr_read/10 gmem0_addr_read_1/11 gmem0_addr_read_2/12 gmem0_addr_read_3/13 gmem0_addr_read_4/14 "/>
</bind>
</comp>

<comp id="173" class="1004" name="grp_readreq_fu_173">
<pin_list>
<pin id="174" dir="0" index="0" bw="1" slack="0"/>
<pin id="175" dir="0" index="1" bw="32" slack="1"/>
<pin id="176" dir="0" index="2" bw="4" slack="0"/>
<pin id="177" dir="1" index="3" bw="1" slack="2147483647"/>
</pin_list>
<bind>
<opcode="readreq(1154) " fcode="readreq"/>
<opset="empty_62/13 "/>
</bind>
</comp>

<comp id="180" class="1004" name="grp_read_fu_180">
<pin_list>
<pin id="181" dir="0" index="0" bw="32" slack="0"/>
<pin id="182" dir="0" index="1" bw="32" slack="8"/>
<pin id="183" dir="1" index="2" bw="32" slack="1"/>
</pin_list>
<bind>
<opcode="read(1150) " fcode="read"/>
<opset="gmem0_addr_1_read/15 gmem0_addr_1_read_1/16 gmem0_addr_1_read_2/17 gmem0_addr_1_read_3/18 gmem0_addr_1_read_4/19 "/>
</bind>
</comp>

<comp id="185" class="1004" name="grp_readreq_fu_185">
<pin_list>
<pin id="186" dir="0" index="0" bw="1" slack="0"/>
<pin id="187" dir="0" index="1" bw="32" slack="1"/>
<pin id="188" dir="0" index="2" bw="4" slack="0"/>
<pin id="189" dir="1" index="3" bw="1" slack="2147483647"/>
</pin_list>
<bind>
<opcode="readreq(1154) " fcode="readreq"/>
<opset="empty_64/18 "/>
</bind>
</comp>

<comp id="192" class="1004" name="grp_read_fu_192">
<pin_list>
<pin id="193" dir="0" index="0" bw="32" slack="0"/>
<pin id="194" dir="0" index="1" bw="32" slack="8"/>
<pin id="195" dir="1" index="2" bw="32" slack="1"/>
</pin_list>
<bind>
<opcode="read(1150) " fcode="read"/>
<opset="gmem0_addr_2_read/20 gmem0_addr_2_read_1/21 gmem0_addr_2_read_2/22 gmem0_addr_2_read_3/23 gmem0_addr_2_read_4/24 "/>
</bind>
</comp>

<comp id="197" class="1004" name="grp_readreq_fu_197">
<pin_list>
<pin id="198" dir="0" index="0" bw="1" slack="0"/>
<pin id="199" dir="0" index="1" bw="32" slack="1"/>
<pin id="200" dir="0" index="2" bw="4" slack="0"/>
<pin id="201" dir="1" index="3" bw="1" slack="2147483647"/>
</pin_list>
<bind>
<opcode="readreq(1154) " fcode="readreq"/>
<opset="empty_66/23 "/>
</bind>
</comp>

<comp id="204" class="1004" name="grp_read_fu_204">
<pin_list>
<pin id="205" dir="0" index="0" bw="32" slack="0"/>
<pin id="206" dir="0" index="1" bw="32" slack="8"/>
<pin id="207" dir="1" index="2" bw="32" slack="1"/>
</pin_list>
<bind>
<opcode="read(1150) " fcode="read"/>
<opset="gmem0_addr_3_read/25 gmem0_addr_3_read_1/26 gmem0_addr_3_read_2/27 gmem0_addr_3_read_3/28 gmem0_addr_3_read_4/29 "/>
</bind>
</comp>

<comp id="209" class="1004" name="grp_read_fu_209">
<pin_list>
<pin id="210" dir="0" index="0" bw="32" slack="0"/>
<pin id="211" dir="0" index="1" bw="32" slack="8"/>
<pin id="212" dir="1" index="2" bw="32" slack="1"/>
</pin_list>
<bind>
<opcode="read(1150) " fcode="read"/>
<opset="gmem0_addr_4_read/30 gmem0_addr_4_read_1/31 gmem0_addr_4_read_2/32 gmem0_addr_4_read_3/33 gmem0_addr_4_read_4/34 "/>
</bind>
</comp>

<comp id="214" class="1004" name="conv1_output_addr_gep_fu_214">
<pin_list>
<pin id="215" dir="0" index="0" bw="32" slack="0"/>
<pin id="216" dir="0" index="1" bw="1" slack="0"/>
<pin id="217" dir="0" index="2" bw="13" slack="0"/>
<pin id="218" dir="1" index="3" bw="13" slack="0"/>
</pin_list>
<bind>
<opcode="getelementptr(29) " fcode="getelementptr"/>
<opset="conv1_output_addr/241 "/>
</bind>
</comp>

<comp id="221" class="1004" name="store_ln77_access_fu_221">
<pin_list>
<pin id="222" dir="0" index="0" bw="13" slack="0"/>
<pin id="223" dir="0" index="1" bw="32" slack="1"/>
<pin id="224" dir="0" index="2" bw="0" slack="2147483647"/>
<pin id="225" dir="1" index="3" bw="32" slack="2147483647"/>
</pin_list>
<bind>
<opcode="store(28) " fcode="store"/>
<opset="store_ln77/241 "/>
</bind>
</comp>

<comp id="227" class="1004" name="grp_fu_227">
<pin_list>
<pin id="228" dir="0" index="0" bw="32" slack="1"/>
<pin id="229" dir="0" index="1" bw="32" slack="1"/>
<pin id="230" dir="1" index="2" bw="32" slack="1"/>
</pin_list>
<bind>
<opcode="fadd(9) " fcode="fadd"/>
<opset="accumulator_assign_s/16 accumulator_assign_4_1/25 accumulator_assign_4_2/34 accumulator_assign_4_3/43 accumulator_assign_4_4/52 accumulator_assign_4_5/61 accumulator_assign_4_6/70 accumulator_assign_4_7/79 accumulator_assign_4_8/88 accumulator_assign_4_9/97 accumulator_assign_4_s/106 accumulator_assign_4_10/115 accumulator_assign_4_11/124 accumulator_assign_4_12/133 accumulator_assign_4_13/142 accumulator_assign_4_14/151 accumulator_assign_4_15/160 accumulator_assign_4_16/169 accumulator_assign_4_17/178 accumulator_assign_4_18/187 accumulator_assign_4_19/196 accumulator_assign_4_20/205 accumulator_assign_4_21/214 accumulator_assign_4_22/223 accumulator_assign_4_23/232 "/>
</bind>
</comp>

<comp id="231" class="1004" name="grp_fu_231">
<pin_list>
<pin id="232" dir="0" index="0" bw="32" slack="0"/>
<pin id="233" dir="0" index="1" bw="32" slack="0"/>
<pin id="234" dir="1" index="2" bw="32" slack="1"/>
</pin_list>
<bind>
<opcode="fmul(13) " fcode="fmul"/>
<opset="mul_i5_i/11 mul_i5_i_1/12 mul_i5_i_2/13 mul_i5_i_3/14 mul_i5_i_4/15 mul_i5_i_5/16 mul_i5_i_6/17 mul_i5_i_7/18 mul_i5_i_8/19 mul_i5_i_9/20 mul_i5_i_s/21 mul_i5_i_10/22 mul_i5_i_11/23 mul_i5_i_12/24 mul_i5_i_13/25 mul_i5_i_14/26 mul_i5_i_15/27 mul_i5_i_16/28 mul_i5_i_17/29 mul_i5_i_18/30 mul_i5_i_19/31 mul_i5_i_20/32 mul_i5_i_21/33 mul_i5_i_22/34 mul_i5_i_23/35 "/>
</bind>
</comp>

<comp id="235" class="1005" name="reg_235">
<pin_list>
<pin id="236" dir="0" index="0" bw="32" slack="2"/>
<pin id="237" dir="1" index="1" bw="32" slack="2"/>
</pin_list>
<bind>
<opset="gmem1_addr_read gmem1_addr_read_2 gmem1_addr_read_4 gmem1_addr_read_6 gmem1_addr_read_8 gmem1_addr_read_10 gmem1_addr_read_12 gmem1_addr_read_14 gmem1_addr_read_16 gmem1_addr_read_18 gmem1_addr_read_20 gmem1_addr_read_22 "/>
</bind>
</comp>

<comp id="239" class="1005" name="reg_239">
<pin_list>
<pin id="240" dir="0" index="0" bw="32" slack="1"/>
<pin id="241" dir="1" index="1" bw="32" slack="1"/>
</pin_list>
<bind>
<opset="gmem0_addr_read gmem0_addr_read_1 gmem0_addr_read_2 gmem0_addr_read_3 gmem0_addr_read_4 "/>
</bind>
</comp>

<comp id="243" class="1005" name="reg_243">
<pin_list>
<pin id="244" dir="0" index="0" bw="32" slack="2"/>
<pin id="245" dir="1" index="1" bw="32" slack="2"/>
</pin_list>
<bind>
<opset="gmem1_addr_read_1 gmem1_addr_read_3 gmem1_addr_read_5 gmem1_addr_read_7 gmem1_addr_read_9 gmem1_addr_read_11 gmem1_addr_read_13 gmem1_addr_read_15 gmem1_addr_read_17 gmem1_addr_read_19 gmem1_addr_read_21 gmem1_addr_read_23 "/>
</bind>
</comp>

<comp id="247" class="1005" name="reg_247">
<pin_list>
<pin id="248" dir="0" index="0" bw="32" slack="1"/>
<pin id="249" dir="1" index="1" bw="32" slack="1"/>
</pin_list>
<bind>
<opset="gmem0_addr_1_read gmem0_addr_1_read_1 gmem0_addr_1_read_2 gmem0_addr_1_read_3 gmem0_addr_1_read_4 "/>
</bind>
</comp>

<comp id="251" class="1005" name="reg_251">
<pin_list>
<pin id="252" dir="0" index="0" bw="32" slack="1"/>
<pin id="253" dir="1" index="1" bw="32" slack="1"/>
</pin_list>
<bind>
<opset="gmem0_addr_2_read gmem0_addr_2_read_1 gmem0_addr_2_read_2 gmem0_addr_2_read_3 gmem0_addr_2_read_4 "/>
</bind>
</comp>

<comp id="255" class="1005" name="reg_255">
<pin_list>
<pin id="256" dir="0" index="0" bw="32" slack="1"/>
<pin id="257" dir="1" index="1" bw="32" slack="1"/>
</pin_list>
<bind>
<opset="accumulator_assign_s accumulator_assign_4_1 "/>
</bind>
</comp>

<comp id="260" class="1005" name="reg_260">
<pin_list>
<pin id="261" dir="0" index="0" bw="32" slack="1"/>
<pin id="262" dir="1" index="1" bw="32" slack="1"/>
</pin_list>
<bind>
<opset="gmem0_addr_3_read gmem0_addr_3_read_1 gmem0_addr_3_read_2 gmem0_addr_3_read_3 gmem0_addr_3_read_4 "/>
</bind>
</comp>

<comp id="264" class="1005" name="reg_264">
<pin_list>
<pin id="265" dir="0" index="0" bw="32" slack="1"/>
<pin id="266" dir="1" index="1" bw="32" slack="1"/>
</pin_list>
<bind>
<opset="gmem0_addr_4_read gmem0_addr_4_read_1 gmem0_addr_4_read_2 gmem0_addr_4_read_3 gmem0_addr_4_read_4 "/>
</bind>
</comp>

<comp id="268" class="1005" name="reg_268">
<pin_list>
<pin id="269" dir="0" index="0" bw="32" slack="1"/>
<pin id="270" dir="1" index="1" bw="32" slack="1"/>
</pin_list>
<bind>
<opset="accumulator_assign_4_2 accumulator_assign_4_3 accumulator_assign_4_23 "/>
</bind>
</comp>

<comp id="274" class="1005" name="reg_274">
<pin_list>
<pin id="275" dir="0" index="0" bw="32" slack="1"/>
<pin id="276" dir="1" index="1" bw="32" slack="1"/>
</pin_list>
<bind>
<opset="accumulator_assign_4_4 accumulator_assign_4_5 "/>
</bind>
</comp>

<comp id="279" class="1005" name="reg_279">
<pin_list>
<pin id="280" dir="0" index="0" bw="32" slack="1"/>
<pin id="281" dir="1" index="1" bw="32" slack="1"/>
</pin_list>
<bind>
<opset="accumulator_assign_4_6 accumulator_assign_4_7 "/>
</bind>
</comp>

<comp id="284" class="1005" name="reg_284">
<pin_list>
<pin id="285" dir="0" index="0" bw="32" slack="1"/>
<pin id="286" dir="1" index="1" bw="32" slack="1"/>
</pin_list>
<bind>
<opset="accumulator_assign_4_8 accumulator_assign_4_9 "/>
</bind>
</comp>

<comp id="289" class="1005" name="reg_289">
<pin_list>
<pin id="290" dir="0" index="0" bw="32" slack="1"/>
<pin id="291" dir="1" index="1" bw="32" slack="1"/>
</pin_list>
<bind>
<opset="accumulator_assign_4_s accumulator_assign_4_10 "/>
</bind>
</comp>

<comp id="294" class="1005" name="reg_294">
<pin_list>
<pin id="295" dir="0" index="0" bw="32" slack="1"/>
<pin id="296" dir="1" index="1" bw="32" slack="1"/>
</pin_list>
<bind>
<opset="accumulator_assign_4_11 accumulator_assign_4_12 "/>
</bind>
</comp>

<comp id="299" class="1005" name="reg_299">
<pin_list>
<pin id="300" dir="0" index="0" bw="32" slack="1"/>
<pin id="301" dir="1" index="1" bw="32" slack="1"/>
</pin_list>
<bind>
<opset="accumulator_assign_4_13 accumulator_assign_4_14 "/>
</bind>
</comp>

<comp id="304" class="1005" name="reg_304">
<pin_list>
<pin id="305" dir="0" index="0" bw="32" slack="1"/>
<pin id="306" dir="1" index="1" bw="32" slack="1"/>
</pin_list>
<bind>
<opset="accumulator_assign_4_15 accumulator_assign_4_16 "/>
</bind>
</comp>

<comp id="309" class="1005" name="reg_309">
<pin_list>
<pin id="310" dir="0" index="0" bw="32" slack="1"/>
<pin id="311" dir="1" index="1" bw="32" slack="1"/>
</pin_list>
<bind>
<opset="accumulator_assign_4_17 accumulator_assign_4_18 "/>
</bind>
</comp>

<comp id="314" class="1005" name="reg_314">
<pin_list>
<pin id="315" dir="0" index="0" bw="32" slack="1"/>
<pin id="316" dir="1" index="1" bw="32" slack="1"/>
</pin_list>
<bind>
<opset="accumulator_assign_4_19 accumulator_assign_4_20 "/>
</bind>
</comp>

<comp id="319" class="1005" name="reg_319">
<pin_list>
<pin id="320" dir="0" index="0" bw="32" slack="1"/>
<pin id="321" dir="1" index="1" bw="32" slack="1"/>
</pin_list>
<bind>
<opset="accumulator_assign_4_21 accumulator_assign_4_22 "/>
</bind>
</comp>

<comp id="324" class="1004" name="sext_ln35_cast_fu_324">
<pin_list>
<pin id="325" dir="0" index="0" bw="62" slack="0"/>
<pin id="326" dir="1" index="1" bw="64" slack="1"/>
</pin_list>
<bind>
<opcode="sext(35) " fcode="sext"/>
<opset="sext_ln35_cast/1 "/>
</bind>
</comp>

<comp id="328" class="1004" name="store_ln0_store_fu_328">
<pin_list>
<pin id="329" dir="0" index="0" bw="1" slack="0"/>
<pin id="330" dir="0" index="1" bw="10" slack="0"/>
<pin id="331" dir="1" index="2" bw="0" slack="2147483647"/>
</pin_list>
<bind>
<opcode="store(28) " fcode="store"/>
<opset="store_ln0/1 "/>
</bind>
</comp>

<comp id="333" class="1004" name="store_ln0_store_fu_333">
<pin_list>
<pin id="334" dir="0" index="0" bw="1" slack="0"/>
<pin id="335" dir="0" index="1" bw="5" slack="0"/>
<pin id="336" dir="1" index="2" bw="0" slack="2147483647"/>
</pin_list>
<bind>
<opcode="store(28) " fcode="store"/>
<opset="store_ln0/1 "/>
</bind>
</comp>

<comp id="338" class="1004" name="store_ln0_store_fu_338">
<pin_list>
<pin id="339" dir="0" index="0" bw="1" slack="0"/>
<pin id="340" dir="0" index="1" bw="5" slack="0"/>
<pin id="341" dir="1" index="2" bw="0" slack="2147483647"/>
</pin_list>
<bind>
<opcode="store(28) " fcode="store"/>
<opset="store_ln0/1 "/>
</bind>
</comp>

<comp id="343" class="1004" name="output_row_2_load_fu_343">
<pin_list>
<pin id="344" dir="0" index="0" bw="5" slack="0"/>
<pin id="345" dir="1" index="1" bw="5" slack="0"/>
</pin_list>
<bind>
<opcode="load(27) " fcode="load"/>
<opset="output_row_2/1 "/>
</bind>
</comp>

<comp id="346" class="1004" name="indvar_flatten_load_load_fu_346">
<pin_list>
<pin id="347" dir="0" index="0" bw="10" slack="0"/>
<pin id="348" dir="1" index="1" bw="10" slack="0"/>
</pin_list>
<bind>
<opcode="load(27) " fcode="load"/>
<opset="indvar_flatten_load/1 "/>
</bind>
</comp>

<comp id="349" class="1004" name="icmp_ln53_fu_349">
<pin_list>
<pin id="350" dir="0" index="0" bw="10" slack="0"/>
<pin id="351" dir="0" index="1" bw="9" slack="0"/>
<pin id="352" dir="1" index="2" bw="1" slack="1"/>
</pin_list>
<bind>
<opcode="icmp(45) " fcode="icmp"/>
<opset="icmp_ln53/1 "/>
</bind>
</comp>

<comp id="355" class="1004" name="output_col_1_load_load_fu_355">
<pin_list>
<pin id="356" dir="0" index="0" bw="5" slack="0"/>
<pin id="357" dir="1" index="1" bw="5" slack="0"/>
</pin_list>
<bind>
<opcode="load(27) " fcode="load"/>
<opset="output_col_1_load/1 "/>
</bind>
</comp>

<comp id="358" class="1004" name="icmp_ln55_fu_358">
<pin_list>
<pin id="359" dir="0" index="0" bw="5" slack="0"/>
<pin id="360" dir="0" index="1" bw="3" slack="0"/>
<pin id="361" dir="1" index="2" bw="1" slack="1"/>
</pin_list>
<bind>
<opcode="icmp(45) " fcode="icmp"/>
<opset="icmp_ln55/1 "/>
</bind>
</comp>

<comp id="364" class="1004" name="tmp5_178199_fu_364">
<pin_list>
<pin id="365" dir="0" index="0" bw="5" slack="0"/>
<pin id="366" dir="0" index="1" bw="1" slack="0"/>
<pin id="367" dir="1" index="2" bw="5" slack="1"/>
</pin_list>
<bind>
<opcode="add(8) " fcode="add"/>
<opset="tmp5_178199/1 "/>
</bind>
</comp>

<comp id="370" class="1004" name="gmem1_addr_fu_370">
<pin_list>
<pin id="371" dir="0" index="0" bw="32" slack="0"/>
<pin id="372" dir="0" index="1" bw="62" slack="1"/>
<pin id="373" dir="1" index="2" bw="32" slack="0"/>
</pin_list>
<bind>
<opcode="getelementptr(29) " fcode="getelementptr"/>
<opset="gmem1_addr/2 "/>
</bind>
</comp>

<comp id="376" class="1004" name="select_ln53_fu_376">
<pin_list>
<pin id="377" dir="0" index="0" bw="1" slack="1"/>
<pin id="378" dir="0" index="1" bw="1" slack="0"/>
<pin id="379" dir="0" index="2" bw="5" slack="1"/>
<pin id="380" dir="1" index="3" bw="5" slack="0"/>
</pin_list>
<bind>
<opcode="select(49) " fcode="select"/>
<opset="select_ln53/2 "/>
</bind>
</comp>

<comp id="382" class="1004" name="select_ln53_6_fu_382">
<pin_list>
<pin id="383" dir="0" index="0" bw="1" slack="1"/>
<pin id="384" dir="0" index="1" bw="5" slack="1"/>
<pin id="385" dir="0" index="2" bw="5" slack="1"/>
<pin id="386" dir="1" index="3" bw="5" slack="0"/>
</pin_list>
<bind>
<opcode="select(49) " fcode="select"/>
<opset="select_ln53_6/2 "/>
</bind>
</comp>

<comp id="387" class="1004" name="tmp_s_fu_387">
<pin_list>
<pin id="388" dir="0" index="0" bw="12" slack="0"/>
<pin id="389" dir="0" index="1" bw="5" slack="0"/>
<pin id="390" dir="0" index="2" bw="5" slack="0"/>
<pin id="391" dir="0" index="3" bw="1" slack="0"/>
<pin id="392" dir="1" index="4" bw="12" slack="0"/>
</pin_list>
<bind>
<opcode="bitconcatenate(1004) " fcode="bitconcatenate"/>
<opset="tmp_s/2 "/>
</bind>
</comp>

<comp id="397" class="1004" name="p_cast66_fu_397">
<pin_list>
<pin id="398" dir="0" index="0" bw="12" slack="0"/>
<pin id="399" dir="1" index="1" bw="64" slack="0"/>
</pin_list>
<bind>
<opcode="zext(34) " fcode="zext"/>
<opset="p_cast66/2 "/>
</bind>
</comp>

<comp id="401" class="1004" name="empty_57_fu_401">
<pin_list>
<pin id="402" dir="0" index="0" bw="12" slack="0"/>
<pin id="403" dir="0" index="1" bw="64" slack="1"/>
<pin id="404" dir="1" index="2" bw="64" slack="0"/>
</pin_list>
<bind>
<opcode="add(8) " fcode="add"/>
<opset="empty_57/2 "/>
</bind>
</comp>

<comp id="406" class="1004" name="trunc_ln3_fu_406">
<pin_list>
<pin id="407" dir="0" index="0" bw="62" slack="0"/>
<pin id="408" dir="0" index="1" bw="64" slack="0"/>
<pin id="409" dir="0" index="2" bw="3" slack="0"/>
<pin id="410" dir="0" index="3" bw="7" slack="0"/>
<pin id="411" dir="1" index="4" bw="62" slack="0"/>
</pin_list>
<bind>
<opcode="partselect(1002) " fcode="partselect"/>
<opset="trunc_ln3/2 "/>
</bind>
</comp>

<comp id="416" class="1004" name="sext_ln18_fu_416">
<pin_list>
<pin id="417" dir="0" index="0" bw="62" slack="0"/>
<pin id="418" dir="1" index="1" bw="64" slack="0"/>
</pin_list>
<bind>
<opcode="sext(35) " fcode="sext"/>
<opset="sext_ln18/2 "/>
</bind>
</comp>

<comp id="420" class="1004" name="gmem0_addr_fu_420">
<pin_list>
<pin id="421" dir="0" index="0" bw="32" slack="0"/>
<pin id="422" dir="0" index="1" bw="62" slack="0"/>
<pin id="423" dir="1" index="2" bw="32" slack="1"/>
</pin_list>
<bind>
<opcode="getelementptr(29) " fcode="getelementptr"/>
<opset="gmem0_addr/2 "/>
</bind>
</comp>

<comp id="426" class="1004" name="store_ln55_store_fu_426">
<pin_list>
<pin id="427" dir="0" index="0" bw="5" slack="0"/>
<pin id="428" dir="0" index="1" bw="5" slack="1"/>
<pin id="429" dir="1" index="2" bw="0" slack="2147483647"/>
</pin_list>
<bind>
<opcode="store(28) " fcode="store"/>
<opset="store_ln55/2 "/>
</bind>
</comp>

<comp id="431" class="1004" name="tmp5_178_mid1_fu_431">
<pin_list>
<pin id="432" dir="0" index="0" bw="5" slack="5"/>
<pin id="433" dir="0" index="1" bw="3" slack="0"/>
<pin id="434" dir="1" index="2" bw="5" slack="1"/>
</pin_list>
<bind>
<opcode="add(8) " fcode="add"/>
<opset="tmp5_178_mid1/6 "/>
</bind>
</comp>

<comp id="436" class="1004" name="select_ln53_2_fu_436">
<pin_list>
<pin id="437" dir="0" index="0" bw="1" slack="6"/>
<pin id="438" dir="0" index="1" bw="5" slack="1"/>
<pin id="439" dir="0" index="2" bw="5" slack="6"/>
<pin id="440" dir="1" index="3" bw="5" slack="0"/>
</pin_list>
<bind>
<opcode="select(49) " fcode="select"/>
<opset="select_ln53_2/7 "/>
</bind>
</comp>

<comp id="441" class="1004" name="tmp_17_fu_441">
<pin_list>
<pin id="442" dir="0" index="0" bw="12" slack="0"/>
<pin id="443" dir="0" index="1" bw="5" slack="0"/>
<pin id="444" dir="0" index="2" bw="5" slack="5"/>
<pin id="445" dir="0" index="3" bw="1" slack="0"/>
<pin id="446" dir="1" index="4" bw="12" slack="0"/>
</pin_list>
<bind>
<opcode="bitconcatenate(1004) " fcode="bitconcatenate"/>
<opset="tmp_17/7 "/>
</bind>
</comp>

<comp id="450" class="1004" name="p_cast67_fu_450">
<pin_list>
<pin id="451" dir="0" index="0" bw="12" slack="0"/>
<pin id="452" dir="1" index="1" bw="64" slack="0"/>
</pin_list>
<bind>
<opcode="zext(34) " fcode="zext"/>
<opset="p_cast67/7 "/>
</bind>
</comp>

<comp id="454" class="1004" name="empty_59_fu_454">
<pin_list>
<pin id="455" dir="0" index="0" bw="12" slack="0"/>
<pin id="456" dir="0" index="1" bw="64" slack="6"/>
<pin id="457" dir="1" index="2" bw="64" slack="0"/>
</pin_list>
<bind>
<opcode="add(8) " fcode="add"/>
<opset="empty_59/7 "/>
</bind>
</comp>

<comp id="459" class="1004" name="trunc_ln18_1_fu_459">
<pin_list>
<pin id="460" dir="0" index="0" bw="62" slack="0"/>
<pin id="461" dir="0" index="1" bw="64" slack="0"/>
<pin id="462" dir="0" index="2" bw="3" slack="0"/>
<pin id="463" dir="0" index="3" bw="7" slack="0"/>
<pin id="464" dir="1" index="4" bw="62" slack="0"/>
</pin_list>
<bind>
<opcode="partselect(1002) " fcode="partselect"/>
<opset="trunc_ln18_1/7 "/>
</bind>
</comp>

<comp id="469" class="1004" name="sext_ln18_1_fu_469">
<pin_list>
<pin id="470" dir="0" index="0" bw="62" slack="0"/>
<pin id="471" dir="1" index="1" bw="64" slack="0"/>
</pin_list>
<bind>
<opcode="sext(35) " fcode="sext"/>
<opset="sext_ln18_1/7 "/>
</bind>
</comp>

<comp id="473" class="1004" name="gmem0_addr_1_fu_473">
<pin_list>
<pin id="474" dir="0" index="0" bw="32" slack="0"/>
<pin id="475" dir="0" index="1" bw="62" slack="0"/>
<pin id="476" dir="1" index="2" bw="32" slack="1"/>
</pin_list>
<bind>
<opcode="getelementptr(29) " fcode="getelementptr"/>
<opset="gmem0_addr_1/7 "/>
</bind>
</comp>

<comp id="479" class="1004" name="select_ln53_3_fu_479">
<pin_list>
<pin id="480" dir="0" index="0" bw="1" slack="10"/>
<pin id="481" dir="0" index="1" bw="3" slack="0"/>
<pin id="482" dir="0" index="2" bw="3" slack="0"/>
<pin id="483" dir="1" index="3" bw="5" slack="0"/>
</pin_list>
<bind>
<opcode="select(49) " fcode="select"/>
<opset="select_ln53_3/11 "/>
</bind>
</comp>

<comp id="486" class="1004" name="add_ln53_fu_486">
<pin_list>
<pin id="487" dir="0" index="0" bw="5" slack="10"/>
<pin id="488" dir="0" index="1" bw="3" slack="0"/>
<pin id="489" dir="1" index="2" bw="5" slack="1"/>
</pin_list>
<bind>
<opcode="add(8) " fcode="add"/>
<opset="add_ln53/11 "/>
</bind>
</comp>

<comp id="491" class="1004" name="window_0_fu_491">
<pin_list>
<pin id="492" dir="0" index="0" bw="32" slack="1"/>
<pin id="493" dir="1" index="1" bw="32" slack="0"/>
</pin_list>
<bind>
<opcode="bitcast(44) " fcode="bitcast"/>
<opset="window_0/11 "/>
</bind>
</comp>

<comp id="496" class="1004" name="bitcast_ln36_fu_496">
<pin_list>
<pin id="497" dir="0" index="0" bw="32" slack="2"/>
<pin id="498" dir="1" index="1" bw="32" slack="0"/>
</pin_list>
<bind>
<opcode="bitcast(44) " fcode="bitcast"/>
<opset="bitcast_ln36/11 "/>
</bind>
</comp>

<comp id="501" class="1004" name="window_1_fu_501">
<pin_list>
<pin id="502" dir="0" index="0" bw="32" slack="1"/>
<pin id="503" dir="1" index="1" bw="32" slack="0"/>
</pin_list>
<bind>
<opcode="bitcast(44) " fcode="bitcast"/>
<opset="window_1/12 "/>
</bind>
</comp>

<comp id="506" class="1004" name="tmp_18_fu_506">
<pin_list>
<pin id="507" dir="0" index="0" bw="12" slack="0"/>
<pin id="508" dir="0" index="1" bw="5" slack="1"/>
<pin id="509" dir="0" index="2" bw="5" slack="10"/>
<pin id="510" dir="0" index="3" bw="1" slack="0"/>
<pin id="511" dir="1" index="4" bw="12" slack="0"/>
</pin_list>
<bind>
<opcode="bitconcatenate(1004) " fcode="bitconcatenate"/>
<opset="tmp_18/12 "/>
</bind>
</comp>

<comp id="514" class="1004" name="p_cast68_fu_514">
<pin_list>
<pin id="515" dir="0" index="0" bw="12" slack="0"/>
<pin id="516" dir="1" index="1" bw="64" slack="0"/>
</pin_list>
<bind>
<opcode="zext(34) " fcode="zext"/>
<opset="p_cast68/12 "/>
</bind>
</comp>

<comp id="518" class="1004" name="empty_61_fu_518">
<pin_list>
<pin id="519" dir="0" index="0" bw="12" slack="0"/>
<pin id="520" dir="0" index="1" bw="64" slack="11"/>
<pin id="521" dir="1" index="2" bw="64" slack="0"/>
</pin_list>
<bind>
<opcode="add(8) " fcode="add"/>
<opset="empty_61/12 "/>
</bind>
</comp>

<comp id="523" class="1004" name="trunc_ln18_2_fu_523">
<pin_list>
<pin id="524" dir="0" index="0" bw="62" slack="0"/>
<pin id="525" dir="0" index="1" bw="64" slack="0"/>
<pin id="526" dir="0" index="2" bw="3" slack="0"/>
<pin id="527" dir="0" index="3" bw="7" slack="0"/>
<pin id="528" dir="1" index="4" bw="62" slack="0"/>
</pin_list>
<bind>
<opcode="partselect(1002) " fcode="partselect"/>
<opset="trunc_ln18_2/12 "/>
</bind>
</comp>

<comp id="533" class="1004" name="sext_ln18_2_fu_533">
<pin_list>
<pin id="534" dir="0" index="0" bw="62" slack="0"/>
<pin id="535" dir="1" index="1" bw="64" slack="0"/>
</pin_list>
<bind>
<opcode="sext(35) " fcode="sext"/>
<opset="sext_ln18_2/12 "/>
</bind>
</comp>

<comp id="537" class="1004" name="gmem0_addr_2_fu_537">
<pin_list>
<pin id="538" dir="0" index="0" bw="32" slack="0"/>
<pin id="539" dir="0" index="1" bw="62" slack="0"/>
<pin id="540" dir="1" index="2" bw="32" slack="1"/>
</pin_list>
<bind>
<opcode="getelementptr(29) " fcode="getelementptr"/>
<opset="gmem0_addr_2/12 "/>
</bind>
</comp>

<comp id="543" class="1004" name="bitcast_ln36_1_fu_543">
<pin_list>
<pin id="544" dir="0" index="0" bw="32" slack="2"/>
<pin id="545" dir="1" index="1" bw="32" slack="0"/>
</pin_list>
<bind>
<opcode="bitcast(44) " fcode="bitcast"/>
<opset="bitcast_ln36_1/12 "/>
</bind>
</comp>

<comp id="548" class="1004" name="window_2_fu_548">
<pin_list>
<pin id="549" dir="0" index="0" bw="32" slack="1"/>
<pin id="550" dir="1" index="1" bw="32" slack="0"/>
</pin_list>
<bind>
<opcode="bitcast(44) " fcode="bitcast"/>
<opset="window_2/13 "/>
</bind>
</comp>

<comp id="553" class="1004" name="bitcast_ln36_2_fu_553">
<pin_list>
<pin id="554" dir="0" index="0" bw="32" slack="2"/>
<pin id="555" dir="1" index="1" bw="32" slack="0"/>
</pin_list>
<bind>
<opcode="bitcast(44) " fcode="bitcast"/>
<opset="bitcast_ln36_2/13 "/>
</bind>
</comp>

<comp id="558" class="1004" name="window_3_fu_558">
<pin_list>
<pin id="559" dir="0" index="0" bw="32" slack="1"/>
<pin id="560" dir="1" index="1" bw="32" slack="0"/>
</pin_list>
<bind>
<opcode="bitcast(44) " fcode="bitcast"/>
<opset="window_3/14 "/>
</bind>
</comp>

<comp id="563" class="1004" name="bitcast_ln36_3_fu_563">
<pin_list>
<pin id="564" dir="0" index="0" bw="32" slack="2"/>
<pin id="565" dir="1" index="1" bw="32" slack="0"/>
</pin_list>
<bind>
<opcode="bitcast(44) " fcode="bitcast"/>
<opset="bitcast_ln36_3/14 "/>
</bind>
</comp>

<comp id="568" class="1004" name="window_4_fu_568">
<pin_list>
<pin id="569" dir="0" index="0" bw="32" slack="1"/>
<pin id="570" dir="1" index="1" bw="32" slack="0"/>
</pin_list>
<bind>
<opcode="bitcast(44) " fcode="bitcast"/>
<opset="window_4/15 "/>
</bind>
</comp>

<comp id="573" class="1004" name="bitcast_ln36_4_fu_573">
<pin_list>
<pin id="574" dir="0" index="0" bw="32" slack="2"/>
<pin id="575" dir="1" index="1" bw="32" slack="0"/>
</pin_list>
<bind>
<opcode="bitcast(44) " fcode="bitcast"/>
<opset="bitcast_ln36_4/15 "/>
</bind>
</comp>

<comp id="578" class="1004" name="select_ln53_4_fu_578">
<pin_list>
<pin id="579" dir="0" index="0" bw="1" slack="15"/>
<pin id="580" dir="0" index="1" bw="4" slack="0"/>
<pin id="581" dir="0" index="2" bw="3" slack="0"/>
<pin id="582" dir="1" index="3" bw="5" slack="0"/>
</pin_list>
<bind>
<opcode="select(49) " fcode="select"/>
<opset="select_ln53_4/16 "/>
</bind>
</comp>

<comp id="585" class="1004" name="add_ln53_1_fu_585">
<pin_list>
<pin id="586" dir="0" index="0" bw="5" slack="15"/>
<pin id="587" dir="0" index="1" bw="4" slack="0"/>
<pin id="588" dir="1" index="2" bw="5" slack="1"/>
</pin_list>
<bind>
<opcode="add(8) " fcode="add"/>
<opset="add_ln53_1/16 "/>
</bind>
</comp>

<comp id="590" class="1004" name="window_5_fu_590">
<pin_list>
<pin id="591" dir="0" index="0" bw="32" slack="1"/>
<pin id="592" dir="1" index="1" bw="32" slack="0"/>
</pin_list>
<bind>
<opcode="bitcast(44) " fcode="bitcast"/>
<opset="window_5/16 "/>
</bind>
</comp>

<comp id="595" class="1004" name="bitcast_ln36_5_fu_595">
<pin_list>
<pin id="596" dir="0" index="0" bw="32" slack="2"/>
<pin id="597" dir="1" index="1" bw="32" slack="0"/>
</pin_list>
<bind>
<opcode="bitcast(44) " fcode="bitcast"/>
<opset="bitcast_ln36_5/16 "/>
</bind>
</comp>

<comp id="600" class="1004" name="window_6_fu_600">
<pin_list>
<pin id="601" dir="0" index="0" bw="32" slack="1"/>
<pin id="602" dir="1" index="1" bw="32" slack="0"/>
</pin_list>
<bind>
<opcode="bitcast(44) " fcode="bitcast"/>
<opset="window_6/17 "/>
</bind>
</comp>

<comp id="605" class="1004" name="tmp_19_fu_605">
<pin_list>
<pin id="606" dir="0" index="0" bw="12" slack="0"/>
<pin id="607" dir="0" index="1" bw="5" slack="1"/>
<pin id="608" dir="0" index="2" bw="5" slack="15"/>
<pin id="609" dir="0" index="3" bw="1" slack="0"/>
<pin id="610" dir="1" index="4" bw="12" slack="0"/>
</pin_list>
<bind>
<opcode="bitconcatenate(1004) " fcode="bitconcatenate"/>
<opset="tmp_19/17 "/>
</bind>
</comp>

<comp id="613" class="1004" name="p_cast69_fu_613">
<pin_list>
<pin id="614" dir="0" index="0" bw="12" slack="0"/>
<pin id="615" dir="1" index="1" bw="64" slack="0"/>
</pin_list>
<bind>
<opcode="zext(34) " fcode="zext"/>
<opset="p_cast69/17 "/>
</bind>
</comp>

<comp id="617" class="1004" name="empty_63_fu_617">
<pin_list>
<pin id="618" dir="0" index="0" bw="12" slack="0"/>
<pin id="619" dir="0" index="1" bw="64" slack="16"/>
<pin id="620" dir="1" index="2" bw="64" slack="0"/>
</pin_list>
<bind>
<opcode="add(8) " fcode="add"/>
<opset="empty_63/17 "/>
</bind>
</comp>

<comp id="622" class="1004" name="trunc_ln18_3_fu_622">
<pin_list>
<pin id="623" dir="0" index="0" bw="62" slack="0"/>
<pin id="624" dir="0" index="1" bw="64" slack="0"/>
<pin id="625" dir="0" index="2" bw="3" slack="0"/>
<pin id="626" dir="0" index="3" bw="7" slack="0"/>
<pin id="627" dir="1" index="4" bw="62" slack="0"/>
</pin_list>
<bind>
<opcode="partselect(1002) " fcode="partselect"/>
<opset="trunc_ln18_3/17 "/>
</bind>
</comp>

<comp id="632" class="1004" name="sext_ln18_3_fu_632">
<pin_list>
<pin id="633" dir="0" index="0" bw="62" slack="0"/>
<pin id="634" dir="1" index="1" bw="64" slack="0"/>
</pin_list>
<bind>
<opcode="sext(35) " fcode="sext"/>
<opset="sext_ln18_3/17 "/>
</bind>
</comp>

<comp id="636" class="1004" name="gmem0_addr_3_fu_636">
<pin_list>
<pin id="637" dir="0" index="0" bw="32" slack="0"/>
<pin id="638" dir="0" index="1" bw="62" slack="0"/>
<pin id="639" dir="1" index="2" bw="32" slack="1"/>
</pin_list>
<bind>
<opcode="getelementptr(29) " fcode="getelementptr"/>
<opset="gmem0_addr_3/17 "/>
</bind>
</comp>

<comp id="642" class="1004" name="bitcast_ln36_6_fu_642">
<pin_list>
<pin id="643" dir="0" index="0" bw="32" slack="2"/>
<pin id="644" dir="1" index="1" bw="32" slack="0"/>
</pin_list>
<bind>
<opcode="bitcast(44) " fcode="bitcast"/>
<opset="bitcast_ln36_6/17 "/>
</bind>
</comp>

<comp id="647" class="1004" name="window_7_fu_647">
<pin_list>
<pin id="648" dir="0" index="0" bw="32" slack="1"/>
<pin id="649" dir="1" index="1" bw="32" slack="0"/>
</pin_list>
<bind>
<opcode="bitcast(44) " fcode="bitcast"/>
<opset="window_7/18 "/>
</bind>
</comp>

<comp id="652" class="1004" name="bitcast_ln36_7_fu_652">
<pin_list>
<pin id="653" dir="0" index="0" bw="32" slack="2"/>
<pin id="654" dir="1" index="1" bw="32" slack="0"/>
</pin_list>
<bind>
<opcode="bitcast(44) " fcode="bitcast"/>
<opset="bitcast_ln36_7/18 "/>
</bind>
</comp>

<comp id="657" class="1004" name="window_8_fu_657">
<pin_list>
<pin id="658" dir="0" index="0" bw="32" slack="1"/>
<pin id="659" dir="1" index="1" bw="32" slack="0"/>
</pin_list>
<bind>
<opcode="bitcast(44) " fcode="bitcast"/>
<opset="window_8/19 "/>
</bind>
</comp>

<comp id="662" class="1004" name="bitcast_ln36_8_fu_662">
<pin_list>
<pin id="663" dir="0" index="0" bw="32" slack="2"/>
<pin id="664" dir="1" index="1" bw="32" slack="0"/>
</pin_list>
<bind>
<opcode="bitcast(44) " fcode="bitcast"/>
<opset="bitcast_ln36_8/19 "/>
</bind>
</comp>

<comp id="667" class="1004" name="window_9_fu_667">
<pin_list>
<pin id="668" dir="0" index="0" bw="32" slack="1"/>
<pin id="669" dir="1" index="1" bw="32" slack="0"/>
</pin_list>
<bind>
<opcode="bitcast(44) " fcode="bitcast"/>
<opset="window_9/20 "/>
</bind>
</comp>

<comp id="672" class="1004" name="bitcast_ln36_9_fu_672">
<pin_list>
<pin id="673" dir="0" index="0" bw="32" slack="2"/>
<pin id="674" dir="1" index="1" bw="32" slack="0"/>
</pin_list>
<bind>
<opcode="bitcast(44) " fcode="bitcast"/>
<opset="bitcast_ln36_9/20 "/>
</bind>
</comp>

<comp id="677" class="1004" name="select_ln53_5_fu_677">
<pin_list>
<pin id="678" dir="0" index="0" bw="1" slack="20"/>
<pin id="679" dir="0" index="1" bw="4" slack="0"/>
<pin id="680" dir="0" index="2" bw="4" slack="0"/>
<pin id="681" dir="1" index="3" bw="5" slack="0"/>
</pin_list>
<bind>
<opcode="select(49) " fcode="select"/>
<opset="select_ln53_5/21 "/>
</bind>
</comp>

<comp id="684" class="1004" name="add_ln53_2_fu_684">
<pin_list>
<pin id="685" dir="0" index="0" bw="5" slack="20"/>
<pin id="686" dir="0" index="1" bw="4" slack="0"/>
<pin id="687" dir="1" index="2" bw="5" slack="1"/>
</pin_list>
<bind>
<opcode="add(8) " fcode="add"/>
<opset="add_ln53_2/21 "/>
</bind>
</comp>

<comp id="689" class="1004" name="window_10_fu_689">
<pin_list>
<pin id="690" dir="0" index="0" bw="32" slack="1"/>
<pin id="691" dir="1" index="1" bw="32" slack="0"/>
</pin_list>
<bind>
<opcode="bitcast(44) " fcode="bitcast"/>
<opset="window_10/21 "/>
</bind>
</comp>

<comp id="694" class="1004" name="bitcast_ln36_10_fu_694">
<pin_list>
<pin id="695" dir="0" index="0" bw="32" slack="2"/>
<pin id="696" dir="1" index="1" bw="32" slack="0"/>
</pin_list>
<bind>
<opcode="bitcast(44) " fcode="bitcast"/>
<opset="bitcast_ln36_10/21 "/>
</bind>
</comp>

<comp id="699" class="1004" name="window_11_fu_699">
<pin_list>
<pin id="700" dir="0" index="0" bw="32" slack="1"/>
<pin id="701" dir="1" index="1" bw="32" slack="0"/>
</pin_list>
<bind>
<opcode="bitcast(44) " fcode="bitcast"/>
<opset="window_11/22 "/>
</bind>
</comp>

<comp id="704" class="1004" name="tmp_20_fu_704">
<pin_list>
<pin id="705" dir="0" index="0" bw="12" slack="0"/>
<pin id="706" dir="0" index="1" bw="5" slack="1"/>
<pin id="707" dir="0" index="2" bw="5" slack="20"/>
<pin id="708" dir="0" index="3" bw="1" slack="0"/>
<pin id="709" dir="1" index="4" bw="12" slack="0"/>
</pin_list>
<bind>
<opcode="bitconcatenate(1004) " fcode="bitconcatenate"/>
<opset="tmp_20/22 "/>
</bind>
</comp>

<comp id="712" class="1004" name="p_cast70_fu_712">
<pin_list>
<pin id="713" dir="0" index="0" bw="12" slack="0"/>
<pin id="714" dir="1" index="1" bw="64" slack="0"/>
</pin_list>
<bind>
<opcode="zext(34) " fcode="zext"/>
<opset="p_cast70/22 "/>
</bind>
</comp>

<comp id="716" class="1004" name="empty_65_fu_716">
<pin_list>
<pin id="717" dir="0" index="0" bw="12" slack="0"/>
<pin id="718" dir="0" index="1" bw="64" slack="21"/>
<pin id="719" dir="1" index="2" bw="64" slack="0"/>
</pin_list>
<bind>
<opcode="add(8) " fcode="add"/>
<opset="empty_65/22 "/>
</bind>
</comp>

<comp id="721" class="1004" name="trunc_ln18_4_fu_721">
<pin_list>
<pin id="722" dir="0" index="0" bw="62" slack="0"/>
<pin id="723" dir="0" index="1" bw="64" slack="0"/>
<pin id="724" dir="0" index="2" bw="3" slack="0"/>
<pin id="725" dir="0" index="3" bw="7" slack="0"/>
<pin id="726" dir="1" index="4" bw="62" slack="0"/>
</pin_list>
<bind>
<opcode="partselect(1002) " fcode="partselect"/>
<opset="trunc_ln18_4/22 "/>
</bind>
</comp>

<comp id="731" class="1004" name="sext_ln18_4_fu_731">
<pin_list>
<pin id="732" dir="0" index="0" bw="62" slack="0"/>
<pin id="733" dir="1" index="1" bw="64" slack="0"/>
</pin_list>
<bind>
<opcode="sext(35) " fcode="sext"/>
<opset="sext_ln18_4/22 "/>
</bind>
</comp>

<comp id="735" class="1004" name="gmem0_addr_4_fu_735">
<pin_list>
<pin id="736" dir="0" index="0" bw="32" slack="0"/>
<pin id="737" dir="0" index="1" bw="62" slack="0"/>
<pin id="738" dir="1" index="2" bw="32" slack="1"/>
</pin_list>
<bind>
<opcode="getelementptr(29) " fcode="getelementptr"/>
<opset="gmem0_addr_4/22 "/>
</bind>
</comp>

<comp id="741" class="1004" name="bitcast_ln36_11_fu_741">
<pin_list>
<pin id="742" dir="0" index="0" bw="32" slack="2"/>
<pin id="743" dir="1" index="1" bw="32" slack="0"/>
</pin_list>
<bind>
<opcode="bitcast(44) " fcode="bitcast"/>
<opset="bitcast_ln36_11/22 "/>
</bind>
</comp>

<comp id="746" class="1004" name="window_12_fu_746">
<pin_list>
<pin id="747" dir="0" index="0" bw="32" slack="1"/>
<pin id="748" dir="1" index="1" bw="32" slack="0"/>
</pin_list>
<bind>
<opcode="bitcast(44) " fcode="bitcast"/>
<opset="window_12/23 "/>
</bind>
</comp>

<comp id="751" class="1004" name="bitcast_ln36_12_fu_751">
<pin_list>
<pin id="752" dir="0" index="0" bw="32" slack="2"/>
<pin id="753" dir="1" index="1" bw="32" slack="0"/>
</pin_list>
<bind>
<opcode="bitcast(44) " fcode="bitcast"/>
<opset="bitcast_ln36_12/23 "/>
</bind>
</comp>

<comp id="756" class="1004" name="window_13_fu_756">
<pin_list>
<pin id="757" dir="0" index="0" bw="32" slack="1"/>
<pin id="758" dir="1" index="1" bw="32" slack="0"/>
</pin_list>
<bind>
<opcode="bitcast(44) " fcode="bitcast"/>
<opset="window_13/24 "/>
</bind>
</comp>

<comp id="761" class="1004" name="bitcast_ln36_13_fu_761">
<pin_list>
<pin id="762" dir="0" index="0" bw="32" slack="2"/>
<pin id="763" dir="1" index="1" bw="32" slack="0"/>
</pin_list>
<bind>
<opcode="bitcast(44) " fcode="bitcast"/>
<opset="bitcast_ln36_13/24 "/>
</bind>
</comp>

<comp id="766" class="1004" name="add_ln53_3_fu_766">
<pin_list>
<pin id="767" dir="0" index="0" bw="10" slack="24"/>
<pin id="768" dir="0" index="1" bw="1" slack="0"/>
<pin id="769" dir="1" index="2" bw="10" slack="0"/>
</pin_list>
<bind>
<opcode="add(8) " fcode="add"/>
<opset="add_ln53_3/25 "/>
</bind>
</comp>

<comp id="771" class="1004" name="window_14_fu_771">
<pin_list>
<pin id="772" dir="0" index="0" bw="32" slack="1"/>
<pin id="773" dir="1" index="1" bw="32" slack="0"/>
</pin_list>
<bind>
<opcode="bitcast(44) " fcode="bitcast"/>
<opset="window_14/25 "/>
</bind>
</comp>

<comp id="776" class="1004" name="bitcast_ln36_14_fu_776">
<pin_list>
<pin id="777" dir="0" index="0" bw="32" slack="2"/>
<pin id="778" dir="1" index="1" bw="32" slack="0"/>
</pin_list>
<bind>
<opcode="bitcast(44) " fcode="bitcast"/>
<opset="bitcast_ln36_14/25 "/>
</bind>
</comp>

<comp id="781" class="1004" name="add_ln55_fu_781">
<pin_list>
<pin id="782" dir="0" index="0" bw="5" slack="23"/>
<pin id="783" dir="0" index="1" bw="1" slack="0"/>
<pin id="784" dir="1" index="2" bw="5" slack="0"/>
</pin_list>
<bind>
<opcode="add(8) " fcode="add"/>
<opset="add_ln55/25 "/>
</bind>
</comp>

<comp id="786" class="1004" name="store_ln55_store_fu_786">
<pin_list>
<pin id="787" dir="0" index="0" bw="10" slack="0"/>
<pin id="788" dir="0" index="1" bw="10" slack="24"/>
<pin id="789" dir="1" index="2" bw="0" slack="2147483647"/>
</pin_list>
<bind>
<opcode="store(28) " fcode="store"/>
<opset="store_ln55/25 "/>
</bind>
</comp>

<comp id="791" class="1004" name="store_ln55_store_fu_791">
<pin_list>
<pin id="792" dir="0" index="0" bw="5" slack="0"/>
<pin id="793" dir="0" index="1" bw="5" slack="24"/>
<pin id="794" dir="1" index="2" bw="0" slack="2147483647"/>
</pin_list>
<bind>
<opcode="store(28) " fcode="store"/>
<opset="store_ln55/25 "/>
</bind>
</comp>

<comp id="796" class="1004" name="window_15_fu_796">
<pin_list>
<pin id="797" dir="0" index="0" bw="32" slack="1"/>
<pin id="798" dir="1" index="1" bw="32" slack="0"/>
</pin_list>
<bind>
<opcode="bitcast(44) " fcode="bitcast"/>
<opset="window_15/26 "/>
</bind>
</comp>

<comp id="801" class="1004" name="bitcast_ln36_15_fu_801">
<pin_list>
<pin id="802" dir="0" index="0" bw="32" slack="2"/>
<pin id="803" dir="1" index="1" bw="32" slack="0"/>
</pin_list>
<bind>
<opcode="bitcast(44) " fcode="bitcast"/>
<opset="bitcast_ln36_15/26 "/>
</bind>
</comp>

<comp id="806" class="1004" name="window_16_fu_806">
<pin_list>
<pin id="807" dir="0" index="0" bw="32" slack="1"/>
<pin id="808" dir="1" index="1" bw="32" slack="0"/>
</pin_list>
<bind>
<opcode="bitcast(44) " fcode="bitcast"/>
<opset="window_16/27 "/>
</bind>
</comp>

<comp id="811" class="1004" name="bitcast_ln36_16_fu_811">
<pin_list>
<pin id="812" dir="0" index="0" bw="32" slack="2"/>
<pin id="813" dir="1" index="1" bw="32" slack="0"/>
</pin_list>
<bind>
<opcode="bitcast(44) " fcode="bitcast"/>
<opset="bitcast_ln36_16/27 "/>
</bind>
</comp>

<comp id="816" class="1004" name="window_17_fu_816">
<pin_list>
<pin id="817" dir="0" index="0" bw="32" slack="1"/>
<pin id="818" dir="1" index="1" bw="32" slack="0"/>
</pin_list>
<bind>
<opcode="bitcast(44) " fcode="bitcast"/>
<opset="window_17/28 "/>
</bind>
</comp>

<comp id="821" class="1004" name="bitcast_ln36_17_fu_821">
<pin_list>
<pin id="822" dir="0" index="0" bw="32" slack="2"/>
<pin id="823" dir="1" index="1" bw="32" slack="0"/>
</pin_list>
<bind>
<opcode="bitcast(44) " fcode="bitcast"/>
<opset="bitcast_ln36_17/28 "/>
</bind>
</comp>

<comp id="826" class="1004" name="window_18_fu_826">
<pin_list>
<pin id="827" dir="0" index="0" bw="32" slack="1"/>
<pin id="828" dir="1" index="1" bw="32" slack="0"/>
</pin_list>
<bind>
<opcode="bitcast(44) " fcode="bitcast"/>
<opset="window_18/29 "/>
</bind>
</comp>

<comp id="831" class="1004" name="bitcast_ln36_18_fu_831">
<pin_list>
<pin id="832" dir="0" index="0" bw="32" slack="2"/>
<pin id="833" dir="1" index="1" bw="32" slack="0"/>
</pin_list>
<bind>
<opcode="bitcast(44) " fcode="bitcast"/>
<opset="bitcast_ln36_18/29 "/>
</bind>
</comp>

<comp id="836" class="1004" name="window_19_fu_836">
<pin_list>
<pin id="837" dir="0" index="0" bw="32" slack="1"/>
<pin id="838" dir="1" index="1" bw="32" slack="0"/>
</pin_list>
<bind>
<opcode="bitcast(44) " fcode="bitcast"/>
<opset="window_19/30 "/>
</bind>
</comp>

<comp id="841" class="1004" name="bitcast_ln36_19_fu_841">
<pin_list>
<pin id="842" dir="0" index="0" bw="32" slack="2"/>
<pin id="843" dir="1" index="1" bw="32" slack="0"/>
</pin_list>
<bind>
<opcode="bitcast(44) " fcode="bitcast"/>
<opset="bitcast_ln36_19/30 "/>
</bind>
</comp>

<comp id="846" class="1004" name="window_20_fu_846">
<pin_list>
<pin id="847" dir="0" index="0" bw="32" slack="1"/>
<pin id="848" dir="1" index="1" bw="32" slack="0"/>
</pin_list>
<bind>
<opcode="bitcast(44) " fcode="bitcast"/>
<opset="window_20/31 "/>
</bind>
</comp>

<comp id="851" class="1004" name="bitcast_ln36_20_fu_851">
<pin_list>
<pin id="852" dir="0" index="0" bw="32" slack="2"/>
<pin id="853" dir="1" index="1" bw="32" slack="0"/>
</pin_list>
<bind>
<opcode="bitcast(44) " fcode="bitcast"/>
<opset="bitcast_ln36_20/31 "/>
</bind>
</comp>

<comp id="856" class="1004" name="window_21_fu_856">
<pin_list>
<pin id="857" dir="0" index="0" bw="32" slack="1"/>
<pin id="858" dir="1" index="1" bw="32" slack="0"/>
</pin_list>
<bind>
<opcode="bitcast(44) " fcode="bitcast"/>
<opset="window_21/32 "/>
</bind>
</comp>

<comp id="861" class="1004" name="bitcast_ln36_21_fu_861">
<pin_list>
<pin id="862" dir="0" index="0" bw="32" slack="2"/>
<pin id="863" dir="1" index="1" bw="32" slack="0"/>
</pin_list>
<bind>
<opcode="bitcast(44) " fcode="bitcast"/>
<opset="bitcast_ln36_21/32 "/>
</bind>
</comp>

<comp id="866" class="1004" name="window_22_fu_866">
<pin_list>
<pin id="867" dir="0" index="0" bw="32" slack="1"/>
<pin id="868" dir="1" index="1" bw="32" slack="0"/>
</pin_list>
<bind>
<opcode="bitcast(44) " fcode="bitcast"/>
<opset="window_22/33 "/>
</bind>
</comp>

<comp id="871" class="1004" name="bitcast_ln36_22_fu_871">
<pin_list>
<pin id="872" dir="0" index="0" bw="32" slack="2"/>
<pin id="873" dir="1" index="1" bw="32" slack="0"/>
</pin_list>
<bind>
<opcode="bitcast(44) " fcode="bitcast"/>
<opset="bitcast_ln36_22/33 "/>
</bind>
</comp>

<comp id="876" class="1004" name="zext_ln53_fu_876">
<pin_list>
<pin id="877" dir="0" index="0" bw="5" slack="33"/>
<pin id="878" dir="1" index="1" bw="9" slack="0"/>
</pin_list>
<bind>
<opcode="zext(34) " fcode="zext"/>
<opset="zext_ln53/34 "/>
</bind>
</comp>

<comp id="879" class="1004" name="empty_52_fu_879">
<pin_list>
<pin id="880" dir="0" index="0" bw="5" slack="0"/>
<pin id="881" dir="0" index="1" bw="9" slack="33"/>
<pin id="882" dir="1" index="2" bw="9" slack="0"/>
</pin_list>
<bind>
<opcode="add(8) " fcode="add"/>
<opset="empty_52/34 "/>
</bind>
</comp>

<comp id="884" class="1004" name="empty_53_fu_884">
<pin_list>
<pin id="885" dir="0" index="0" bw="9" slack="0"/>
<pin id="886" dir="1" index="1" bw="8" slack="0"/>
</pin_list>
<bind>
<opcode="trunc(33) " fcode="trunc"/>
<opset="empty_53/34 "/>
</bind>
</comp>

<comp id="888" class="1004" name="p_shl2_fu_888">
<pin_list>
<pin id="889" dir="0" index="0" bw="13" slack="0"/>
<pin id="890" dir="0" index="1" bw="8" slack="0"/>
<pin id="891" dir="0" index="2" bw="1" slack="0"/>
<pin id="892" dir="1" index="3" bw="13" slack="0"/>
</pin_list>
<bind>
<opcode="bitconcatenate(1004) " fcode="bitconcatenate"/>
<opset="p_shl2/34 "/>
</bind>
</comp>

<comp id="896" class="1004" name="p_shl3_fu_896">
<pin_list>
<pin id="897" dir="0" index="0" bw="11" slack="0"/>
<pin id="898" dir="0" index="1" bw="9" slack="0"/>
<pin id="899" dir="0" index="2" bw="1" slack="0"/>
<pin id="900" dir="1" index="3" bw="11" slack="0"/>
</pin_list>
<bind>
<opcode="bitconcatenate(1004) " fcode="bitconcatenate"/>
<opset="p_shl3/34 "/>
</bind>
</comp>

<comp id="904" class="1004" name="p_shl3_cast_fu_904">
<pin_list>
<pin id="905" dir="0" index="0" bw="11" slack="0"/>
<pin id="906" dir="1" index="1" bw="13" slack="0"/>
</pin_list>
<bind>
<opcode="sext(35) " fcode="sext"/>
<opset="p_shl3_cast/34 "/>
</bind>
</comp>

<comp id="908" class="1004" name="empty_54_fu_908">
<pin_list>
<pin id="909" dir="0" index="0" bw="13" slack="0"/>
<pin id="910" dir="0" index="1" bw="11" slack="0"/>
<pin id="911" dir="1" index="2" bw="13" slack="1"/>
</pin_list>
<bind>
<opcode="sub(10) " fcode="sub"/>
<opset="empty_54/34 "/>
</bind>
</comp>

<comp id="914" class="1004" name="zext_ln53_1_fu_914">
<pin_list>
<pin id="915" dir="0" index="0" bw="5" slack="33"/>
<pin id="916" dir="1" index="1" bw="9" slack="0"/>
</pin_list>
<bind>
<opcode="zext(34) " fcode="zext"/>
<opset="zext_ln53_1/34 "/>
</bind>
</comp>

<comp id="917" class="1004" name="p_mid1_fu_917">
<pin_list>
<pin id="918" dir="0" index="0" bw="5" slack="0"/>
<pin id="919" dir="0" index="1" bw="9" slack="33"/>
<pin id="920" dir="1" index="2" bw="9" slack="0"/>
</pin_list>
<bind>
<opcode="add(8) " fcode="add"/>
<opset="p_mid1/34 "/>
</bind>
</comp>

<comp id="922" class="1004" name="empty_56_fu_922">
<pin_list>
<pin id="923" dir="0" index="0" bw="9" slack="0"/>
<pin id="924" dir="1" index="1" bw="8" slack="0"/>
</pin_list>
<bind>
<opcode="trunc(33) " fcode="trunc"/>
<opset="empty_56/34 "/>
</bind>
</comp>

<comp id="926" class="1004" name="p_shl2_mid1_fu_926">
<pin_list>
<pin id="927" dir="0" index="0" bw="13" slack="0"/>
<pin id="928" dir="0" index="1" bw="8" slack="0"/>
<pin id="929" dir="0" index="2" bw="1" slack="0"/>
<pin id="930" dir="1" index="3" bw="13" slack="0"/>
</pin_list>
<bind>
<opcode="bitconcatenate(1004) " fcode="bitconcatenate"/>
<opset="p_shl2_mid1/34 "/>
</bind>
</comp>

<comp id="934" class="1004" name="p_shl3_mid1_fu_934">
<pin_list>
<pin id="935" dir="0" index="0" bw="11" slack="0"/>
<pin id="936" dir="0" index="1" bw="9" slack="0"/>
<pin id="937" dir="0" index="2" bw="1" slack="0"/>
<pin id="938" dir="1" index="3" bw="11" slack="0"/>
</pin_list>
<bind>
<opcode="bitconcatenate(1004) " fcode="bitconcatenate"/>
<opset="p_shl3_mid1/34 "/>
</bind>
</comp>

<comp id="942" class="1004" name="p_shl3_cast_mid1_fu_942">
<pin_list>
<pin id="943" dir="0" index="0" bw="11" slack="0"/>
<pin id="944" dir="1" index="1" bw="13" slack="0"/>
</pin_list>
<bind>
<opcode="sext(35) " fcode="sext"/>
<opset="p_shl3_cast_mid1/34 "/>
</bind>
</comp>

<comp id="946" class="1004" name="p_mid13_fu_946">
<pin_list>
<pin id="947" dir="0" index="0" bw="13" slack="0"/>
<pin id="948" dir="0" index="1" bw="11" slack="0"/>
<pin id="949" dir="1" index="2" bw="13" slack="1"/>
</pin_list>
<bind>
<opcode="sub(10) " fcode="sub"/>
<opset="p_mid13/34 "/>
</bind>
</comp>

<comp id="952" class="1004" name="window_23_fu_952">
<pin_list>
<pin id="953" dir="0" index="0" bw="32" slack="1"/>
<pin id="954" dir="1" index="1" bw="32" slack="0"/>
</pin_list>
<bind>
<opcode="bitcast(44) " fcode="bitcast"/>
<opset="window_23/34 "/>
</bind>
</comp>

<comp id="957" class="1004" name="bitcast_ln36_23_fu_957">
<pin_list>
<pin id="958" dir="0" index="0" bw="32" slack="2"/>
<pin id="959" dir="1" index="1" bw="32" slack="0"/>
</pin_list>
<bind>
<opcode="bitcast(44) " fcode="bitcast"/>
<opset="bitcast_ln36_23/34 "/>
</bind>
</comp>

<comp id="962" class="1004" name="select_ln53_1_fu_962">
<pin_list>
<pin id="963" dir="0" index="0" bw="1" slack="34"/>
<pin id="964" dir="0" index="1" bw="13" slack="1"/>
<pin id="965" dir="0" index="2" bw="13" slack="1"/>
<pin id="966" dir="1" index="3" bw="13" slack="0"/>
</pin_list>
<bind>
<opcode="select(49) " fcode="select"/>
<opset="select_ln53_1/35 "/>
</bind>
</comp>

<comp id="967" class="1004" name="output_col_4_cast31_fu_967">
<pin_list>
<pin id="968" dir="0" index="0" bw="5" slack="33"/>
<pin id="969" dir="1" index="1" bw="13" slack="0"/>
</pin_list>
<bind>
<opcode="zext(34) " fcode="zext"/>
<opset="output_col_4_cast31/35 "/>
</bind>
</comp>

<comp id="970" class="1004" name="window_24_fu_970">
<pin_list>
<pin id="971" dir="0" index="0" bw="32" slack="1"/>
<pin id="972" dir="1" index="1" bw="32" slack="0"/>
</pin_list>
<bind>
<opcode="bitcast(44) " fcode="bitcast"/>
<opset="window_24/35 "/>
</bind>
</comp>

<comp id="975" class="1004" name="bitcast_ln36_24_fu_975">
<pin_list>
<pin id="976" dir="0" index="0" bw="32" slack="2"/>
<pin id="977" dir="1" index="1" bw="32" slack="0"/>
</pin_list>
<bind>
<opcode="bitcast(44) " fcode="bitcast"/>
<opset="bitcast_ln36_24/35 "/>
</bind>
</comp>

<comp id="979" class="1004" name="add_ln76_fu_979">
<pin_list>
<pin id="980" dir="0" index="0" bw="5" slack="0"/>
<pin id="981" dir="0" index="1" bw="13" slack="0"/>
<pin id="982" dir="1" index="2" bw="13" slack="206"/>
</pin_list>
<bind>
<opcode="add(8) " fcode="add"/>
<opset="add_ln76/35 "/>
</bind>
</comp>

<comp id="985" class="1004" name="zext_ln77_fu_985">
<pin_list>
<pin id="986" dir="0" index="0" bw="13" slack="206"/>
<pin id="987" dir="1" index="1" bw="64" slack="0"/>
</pin_list>
<bind>
<opcode="zext(34) " fcode="zext"/>
<opset="zext_ln77/241 "/>
</bind>
</comp>

<comp id="989" class="1005" name="output_col_1_reg_989">
<pin_list>
<pin id="990" dir="0" index="0" bw="5" slack="0"/>
<pin id="991" dir="1" index="1" bw="5" slack="0"/>
</pin_list>
<bind>
<opset="output_col_1 "/>
</bind>
</comp>

<comp id="996" class="1005" name="output_row_reg_996">
<pin_list>
<pin id="997" dir="0" index="0" bw="5" slack="0"/>
<pin id="998" dir="1" index="1" bw="5" slack="0"/>
</pin_list>
<bind>
<opset="output_row "/>
</bind>
</comp>

<comp id="1003" class="1005" name="indvar_flatten_reg_1003">
<pin_list>
<pin id="1004" dir="0" index="0" bw="10" slack="0"/>
<pin id="1005" dir="1" index="1" bw="10" slack="0"/>
</pin_list>
<bind>
<opset="indvar_flatten "/>
</bind>
</comp>

<comp id="1010" class="1005" name="accumulator_2_read_reg_1010">
<pin_list>
<pin id="1011" dir="0" index="0" bw="32" slack="15"/>
<pin id="1012" dir="1" index="1" bw="32" slack="15"/>
</pin_list>
<bind>
<opset="accumulator_2_read "/>
</bind>
</comp>

<comp id="1015" class="1005" name="feature_in_read_reg_1015">
<pin_list>
<pin id="1016" dir="0" index="0" bw="64" slack="1"/>
<pin id="1017" dir="1" index="1" bw="64" slack="1"/>
</pin_list>
<bind>
<opset="feature_in_read "/>
</bind>
</comp>

<comp id="1024" class="1005" name="tmp_reg_1024">
<pin_list>
<pin id="1025" dir="0" index="0" bw="9" slack="33"/>
<pin id="1026" dir="1" index="1" bw="9" slack="33"/>
</pin_list>
<bind>
<opset="tmp "/>
</bind>
</comp>

<comp id="1030" class="1005" name="sext_ln35_cast_reg_1030">
<pin_list>
<pin id="1031" dir="0" index="0" bw="64" slack="1"/>
<pin id="1032" dir="1" index="1" bw="64" slack="1"/>
</pin_list>
<bind>
<opset="sext_ln35_cast "/>
</bind>
</comp>

<comp id="1035" class="1005" name="output_row_2_reg_1035">
<pin_list>
<pin id="1036" dir="0" index="0" bw="5" slack="1"/>
<pin id="1037" dir="1" index="1" bw="5" slack="1"/>
</pin_list>
<bind>
<opset="output_row_2 "/>
</bind>
</comp>

<comp id="1045" class="1005" name="indvar_flatten_load_reg_1045">
<pin_list>
<pin id="1046" dir="0" index="0" bw="10" slack="24"/>
<pin id="1047" dir="1" index="1" bw="10" slack="24"/>
</pin_list>
<bind>
<opset="indvar_flatten_load "/>
</bind>
</comp>

<comp id="1050" class="1005" name="icmp_ln53_reg_1050">
<pin_list>
<pin id="1051" dir="0" index="0" bw="1" slack="1"/>
<pin id="1052" dir="1" index="1" bw="1" slack="2147483647"/>
</pin_list>
<bind>
<opset="icmp_ln53 "/>
</bind>
</comp>

<comp id="1054" class="1005" name="output_col_1_load_reg_1054">
<pin_list>
<pin id="1055" dir="0" index="0" bw="5" slack="1"/>
<pin id="1056" dir="1" index="1" bw="5" slack="1"/>
</pin_list>
<bind>
<opset="output_col_1_load "/>
</bind>
</comp>

<comp id="1059" class="1005" name="icmp_ln55_reg_1059">
<pin_list>
<pin id="1060" dir="0" index="0" bw="1" slack="1"/>
<pin id="1061" dir="1" index="1" bw="1" slack="1"/>
</pin_list>
<bind>
<opset="icmp_ln55 "/>
</bind>
</comp>

<comp id="1070" class="1005" name="tmp5_178199_reg_1070">
<pin_list>
<pin id="1071" dir="0" index="0" bw="5" slack="1"/>
<pin id="1072" dir="1" index="1" bw="5" slack="1"/>
</pin_list>
<bind>
<opset="tmp5_178199 "/>
</bind>
</comp>

<comp id="1077" class="1005" name="gmem1_addr_reg_1077">
<pin_list>
<pin id="1078" dir="0" index="0" bw="32" slack="1"/>
<pin id="1079" dir="1" index="1" bw="32" slack="1"/>
</pin_list>
<bind>
<opset="gmem1_addr "/>
</bind>
</comp>

<comp id="1083" class="1005" name="select_ln53_reg_1083">
<pin_list>
<pin id="1084" dir="0" index="0" bw="5" slack="5"/>
<pin id="1085" dir="1" index="1" bw="5" slack="5"/>
</pin_list>
<bind>
<opset="select_ln53 "/>
</bind>
</comp>

<comp id="1093" class="1005" name="gmem0_addr_reg_1093">
<pin_list>
<pin id="1094" dir="0" index="0" bw="32" slack="1"/>
<pin id="1095" dir="1" index="1" bw="32" slack="1"/>
</pin_list>
<bind>
<opset="gmem0_addr "/>
</bind>
</comp>

<comp id="1099" class="1005" name="tmp5_178_mid1_reg_1099">
<pin_list>
<pin id="1100" dir="0" index="0" bw="5" slack="1"/>
<pin id="1101" dir="1" index="1" bw="5" slack="1"/>
</pin_list>
<bind>
<opset="tmp5_178_mid1 "/>
</bind>
</comp>

<comp id="1104" class="1005" name="gmem0_addr_1_reg_1104">
<pin_list>
<pin id="1105" dir="0" index="0" bw="32" slack="1"/>
<pin id="1106" dir="1" index="1" bw="32" slack="1"/>
</pin_list>
<bind>
<opset="gmem0_addr_1 "/>
</bind>
</comp>

<comp id="1110" class="1005" name="add_ln53_reg_1110">
<pin_list>
<pin id="1111" dir="0" index="0" bw="5" slack="1"/>
<pin id="1112" dir="1" index="1" bw="5" slack="1"/>
</pin_list>
<bind>
<opset="add_ln53 "/>
</bind>
</comp>

<comp id="1115" class="1005" name="window_0_reg_1115">
<pin_list>
<pin id="1116" dir="0" index="0" bw="32" slack="1"/>
<pin id="1117" dir="1" index="1" bw="32" slack="1"/>
</pin_list>
<bind>
<opset="window_0 "/>
</bind>
</comp>

<comp id="1120" class="1005" name="bitcast_ln36_reg_1120">
<pin_list>
<pin id="1121" dir="0" index="0" bw="32" slack="1"/>
<pin id="1122" dir="1" index="1" bw="32" slack="1"/>
</pin_list>
<bind>
<opset="bitcast_ln36 "/>
</bind>
</comp>

<comp id="1125" class="1005" name="window_1_reg_1125">
<pin_list>
<pin id="1126" dir="0" index="0" bw="32" slack="1"/>
<pin id="1127" dir="1" index="1" bw="32" slack="1"/>
</pin_list>
<bind>
<opset="window_1 "/>
</bind>
</comp>

<comp id="1130" class="1005" name="gmem0_addr_2_reg_1130">
<pin_list>
<pin id="1131" dir="0" index="0" bw="32" slack="1"/>
<pin id="1132" dir="1" index="1" bw="32" slack="1"/>
</pin_list>
<bind>
<opset="gmem0_addr_2 "/>
</bind>
</comp>

<comp id="1136" class="1005" name="bitcast_ln36_1_reg_1136">
<pin_list>
<pin id="1137" dir="0" index="0" bw="32" slack="1"/>
<pin id="1138" dir="1" index="1" bw="32" slack="1"/>
</pin_list>
<bind>
<opset="bitcast_ln36_1 "/>
</bind>
</comp>

<comp id="1141" class="1005" name="window_2_reg_1141">
<pin_list>
<pin id="1142" dir="0" index="0" bw="32" slack="1"/>
<pin id="1143" dir="1" index="1" bw="32" slack="1"/>
</pin_list>
<bind>
<opset="window_2 "/>
</bind>
</comp>

<comp id="1146" class="1005" name="bitcast_ln36_2_reg_1146">
<pin_list>
<pin id="1147" dir="0" index="0" bw="32" slack="1"/>
<pin id="1148" dir="1" index="1" bw="32" slack="1"/>
</pin_list>
<bind>
<opset="bitcast_ln36_2 "/>
</bind>
</comp>

<comp id="1151" class="1005" name="window_3_reg_1151">
<pin_list>
<pin id="1152" dir="0" index="0" bw="32" slack="1"/>
<pin id="1153" dir="1" index="1" bw="32" slack="1"/>
</pin_list>
<bind>
<opset="window_3 "/>
</bind>
</comp>

<comp id="1156" class="1005" name="bitcast_ln36_3_reg_1156">
<pin_list>
<pin id="1157" dir="0" index="0" bw="32" slack="1"/>
<pin id="1158" dir="1" index="1" bw="32" slack="1"/>
</pin_list>
<bind>
<opset="bitcast_ln36_3 "/>
</bind>
</comp>

<comp id="1161" class="1005" name="window_4_reg_1161">
<pin_list>
<pin id="1162" dir="0" index="0" bw="32" slack="1"/>
<pin id="1163" dir="1" index="1" bw="32" slack="1"/>
</pin_list>
<bind>
<opset="window_4 "/>
</bind>
</comp>

<comp id="1166" class="1005" name="mul_i5_i_reg_1166">
<pin_list>
<pin id="1167" dir="0" index="0" bw="32" slack="1"/>
<pin id="1168" dir="1" index="1" bw="32" slack="1"/>
</pin_list>
<bind>
<opset="mul_i5_i "/>
</bind>
</comp>

<comp id="1171" class="1005" name="bitcast_ln36_4_reg_1171">
<pin_list>
<pin id="1172" dir="0" index="0" bw="32" slack="1"/>
<pin id="1173" dir="1" index="1" bw="32" slack="1"/>
</pin_list>
<bind>
<opset="bitcast_ln36_4 "/>
</bind>
</comp>

<comp id="1176" class="1005" name="add_ln53_1_reg_1176">
<pin_list>
<pin id="1177" dir="0" index="0" bw="5" slack="1"/>
<pin id="1178" dir="1" index="1" bw="5" slack="1"/>
</pin_list>
<bind>
<opset="add_ln53_1 "/>
</bind>
</comp>

<comp id="1181" class="1005" name="window_5_reg_1181">
<pin_list>
<pin id="1182" dir="0" index="0" bw="32" slack="1"/>
<pin id="1183" dir="1" index="1" bw="32" slack="1"/>
</pin_list>
<bind>
<opset="window_5 "/>
</bind>
</comp>

<comp id="1186" class="1005" name="mul_i5_i_1_reg_1186">
<pin_list>
<pin id="1187" dir="0" index="0" bw="32" slack="9"/>
<pin id="1188" dir="1" index="1" bw="32" slack="9"/>
</pin_list>
<bind>
<opset="mul_i5_i_1 "/>
</bind>
</comp>

<comp id="1191" class="1005" name="bitcast_ln36_5_reg_1191">
<pin_list>
<pin id="1192" dir="0" index="0" bw="32" slack="1"/>
<pin id="1193" dir="1" index="1" bw="32" slack="1"/>
</pin_list>
<bind>
<opset="bitcast_ln36_5 "/>
</bind>
</comp>

<comp id="1196" class="1005" name="window_6_reg_1196">
<pin_list>
<pin id="1197" dir="0" index="0" bw="32" slack="1"/>
<pin id="1198" dir="1" index="1" bw="32" slack="1"/>
</pin_list>
<bind>
<opset="window_6 "/>
</bind>
</comp>

<comp id="1201" class="1005" name="gmem0_addr_3_reg_1201">
<pin_list>
<pin id="1202" dir="0" index="0" bw="32" slack="1"/>
<pin id="1203" dir="1" index="1" bw="32" slack="1"/>
</pin_list>
<bind>
<opset="gmem0_addr_3 "/>
</bind>
</comp>

<comp id="1207" class="1005" name="mul_i5_i_2_reg_1207">
<pin_list>
<pin id="1208" dir="0" index="0" bw="32" slack="17"/>
<pin id="1209" dir="1" index="1" bw="32" slack="17"/>
</pin_list>
<bind>
<opset="mul_i5_i_2 "/>
</bind>
</comp>

<comp id="1212" class="1005" name="bitcast_ln36_6_reg_1212">
<pin_list>
<pin id="1213" dir="0" index="0" bw="32" slack="1"/>
<pin id="1214" dir="1" index="1" bw="32" slack="1"/>
</pin_list>
<bind>
<opset="bitcast_ln36_6 "/>
</bind>
</comp>

<comp id="1217" class="1005" name="window_7_reg_1217">
<pin_list>
<pin id="1218" dir="0" index="0" bw="32" slack="1"/>
<pin id="1219" dir="1" index="1" bw="32" slack="1"/>
</pin_list>
<bind>
<opset="window_7 "/>
</bind>
</comp>

<comp id="1222" class="1005" name="mul_i5_i_3_reg_1222">
<pin_list>
<pin id="1223" dir="0" index="0" bw="32" slack="25"/>
<pin id="1224" dir="1" index="1" bw="32" slack="25"/>
</pin_list>
<bind>
<opset="mul_i5_i_3 "/>
</bind>
</comp>

<comp id="1227" class="1005" name="bitcast_ln36_7_reg_1227">
<pin_list>
<pin id="1228" dir="0" index="0" bw="32" slack="1"/>
<pin id="1229" dir="1" index="1" bw="32" slack="1"/>
</pin_list>
<bind>
<opset="bitcast_ln36_7 "/>
</bind>
</comp>

<comp id="1232" class="1005" name="window_8_reg_1232">
<pin_list>
<pin id="1233" dir="0" index="0" bw="32" slack="1"/>
<pin id="1234" dir="1" index="1" bw="32" slack="1"/>
</pin_list>
<bind>
<opset="window_8 "/>
</bind>
</comp>

<comp id="1237" class="1005" name="mul_i5_i_4_reg_1237">
<pin_list>
<pin id="1238" dir="0" index="0" bw="32" slack="33"/>
<pin id="1239" dir="1" index="1" bw="32" slack="33"/>
</pin_list>
<bind>
<opset="mul_i5_i_4 "/>
</bind>
</comp>

<comp id="1242" class="1005" name="bitcast_ln36_8_reg_1242">
<pin_list>
<pin id="1243" dir="0" index="0" bw="32" slack="1"/>
<pin id="1244" dir="1" index="1" bw="32" slack="1"/>
</pin_list>
<bind>
<opset="bitcast_ln36_8 "/>
</bind>
</comp>

<comp id="1247" class="1005" name="window_9_reg_1247">
<pin_list>
<pin id="1248" dir="0" index="0" bw="32" slack="1"/>
<pin id="1249" dir="1" index="1" bw="32" slack="1"/>
</pin_list>
<bind>
<opset="window_9 "/>
</bind>
</comp>

<comp id="1252" class="1005" name="mul_i5_i_5_reg_1252">
<pin_list>
<pin id="1253" dir="0" index="0" bw="32" slack="41"/>
<pin id="1254" dir="1" index="1" bw="32" slack="41"/>
</pin_list>
<bind>
<opset="mul_i5_i_5 "/>
</bind>
</comp>

<comp id="1257" class="1005" name="bitcast_ln36_9_reg_1257">
<pin_list>
<pin id="1258" dir="0" index="0" bw="32" slack="1"/>
<pin id="1259" dir="1" index="1" bw="32" slack="1"/>
</pin_list>
<bind>
<opset="bitcast_ln36_9 "/>
</bind>
</comp>

<comp id="1262" class="1005" name="add_ln53_2_reg_1262">
<pin_list>
<pin id="1263" dir="0" index="0" bw="5" slack="1"/>
<pin id="1264" dir="1" index="1" bw="5" slack="1"/>
</pin_list>
<bind>
<opset="add_ln53_2 "/>
</bind>
</comp>

<comp id="1267" class="1005" name="window_10_reg_1267">
<pin_list>
<pin id="1268" dir="0" index="0" bw="32" slack="1"/>
<pin id="1269" dir="1" index="1" bw="32" slack="1"/>
</pin_list>
<bind>
<opset="window_10 "/>
</bind>
</comp>

<comp id="1272" class="1005" name="mul_i5_i_6_reg_1272">
<pin_list>
<pin id="1273" dir="0" index="0" bw="32" slack="49"/>
<pin id="1274" dir="1" index="1" bw="32" slack="49"/>
</pin_list>
<bind>
<opset="mul_i5_i_6 "/>
</bind>
</comp>

<comp id="1277" class="1005" name="bitcast_ln36_10_reg_1277">
<pin_list>
<pin id="1278" dir="0" index="0" bw="32" slack="1"/>
<pin id="1279" dir="1" index="1" bw="32" slack="1"/>
</pin_list>
<bind>
<opset="bitcast_ln36_10 "/>
</bind>
</comp>

<comp id="1282" class="1005" name="window_11_reg_1282">
<pin_list>
<pin id="1283" dir="0" index="0" bw="32" slack="1"/>
<pin id="1284" dir="1" index="1" bw="32" slack="1"/>
</pin_list>
<bind>
<opset="window_11 "/>
</bind>
</comp>

<comp id="1287" class="1005" name="gmem0_addr_4_reg_1287">
<pin_list>
<pin id="1288" dir="0" index="0" bw="32" slack="1"/>
<pin id="1289" dir="1" index="1" bw="32" slack="1"/>
</pin_list>
<bind>
<opset="gmem0_addr_4 "/>
</bind>
</comp>

<comp id="1293" class="1005" name="mul_i5_i_7_reg_1293">
<pin_list>
<pin id="1294" dir="0" index="0" bw="32" slack="57"/>
<pin id="1295" dir="1" index="1" bw="32" slack="57"/>
</pin_list>
<bind>
<opset="mul_i5_i_7 "/>
</bind>
</comp>

<comp id="1298" class="1005" name="bitcast_ln36_11_reg_1298">
<pin_list>
<pin id="1299" dir="0" index="0" bw="32" slack="1"/>
<pin id="1300" dir="1" index="1" bw="32" slack="1"/>
</pin_list>
<bind>
<opset="bitcast_ln36_11 "/>
</bind>
</comp>

<comp id="1303" class="1005" name="window_12_reg_1303">
<pin_list>
<pin id="1304" dir="0" index="0" bw="32" slack="1"/>
<pin id="1305" dir="1" index="1" bw="32" slack="1"/>
</pin_list>
<bind>
<opset="window_12 "/>
</bind>
</comp>

<comp id="1308" class="1005" name="mul_i5_i_8_reg_1308">
<pin_list>
<pin id="1309" dir="0" index="0" bw="32" slack="65"/>
<pin id="1310" dir="1" index="1" bw="32" slack="65"/>
</pin_list>
<bind>
<opset="mul_i5_i_8 "/>
</bind>
</comp>

<comp id="1313" class="1005" name="bitcast_ln36_12_reg_1313">
<pin_list>
<pin id="1314" dir="0" index="0" bw="32" slack="1"/>
<pin id="1315" dir="1" index="1" bw="32" slack="1"/>
</pin_list>
<bind>
<opset="bitcast_ln36_12 "/>
</bind>
</comp>

<comp id="1318" class="1005" name="window_13_reg_1318">
<pin_list>
<pin id="1319" dir="0" index="0" bw="32" slack="1"/>
<pin id="1320" dir="1" index="1" bw="32" slack="1"/>
</pin_list>
<bind>
<opset="window_13 "/>
</bind>
</comp>

<comp id="1323" class="1005" name="mul_i5_i_9_reg_1323">
<pin_list>
<pin id="1324" dir="0" index="0" bw="32" slack="73"/>
<pin id="1325" dir="1" index="1" bw="32" slack="73"/>
</pin_list>
<bind>
<opset="mul_i5_i_9 "/>
</bind>
</comp>

<comp id="1328" class="1005" name="bitcast_ln36_13_reg_1328">
<pin_list>
<pin id="1329" dir="0" index="0" bw="32" slack="1"/>
<pin id="1330" dir="1" index="1" bw="32" slack="1"/>
</pin_list>
<bind>
<opset="bitcast_ln36_13 "/>
</bind>
</comp>

<comp id="1333" class="1005" name="window_14_reg_1333">
<pin_list>
<pin id="1334" dir="0" index="0" bw="32" slack="1"/>
<pin id="1335" dir="1" index="1" bw="32" slack="1"/>
</pin_list>
<bind>
<opset="window_14 "/>
</bind>
</comp>

<comp id="1338" class="1005" name="mul_i5_i_s_reg_1338">
<pin_list>
<pin id="1339" dir="0" index="0" bw="32" slack="81"/>
<pin id="1340" dir="1" index="1" bw="32" slack="81"/>
</pin_list>
<bind>
<opset="mul_i5_i_s "/>
</bind>
</comp>

<comp id="1343" class="1005" name="bitcast_ln36_14_reg_1343">
<pin_list>
<pin id="1344" dir="0" index="0" bw="32" slack="1"/>
<pin id="1345" dir="1" index="1" bw="32" slack="1"/>
</pin_list>
<bind>
<opset="bitcast_ln36_14 "/>
</bind>
</comp>

<comp id="1348" class="1005" name="window_15_reg_1348">
<pin_list>
<pin id="1349" dir="0" index="0" bw="32" slack="1"/>
<pin id="1350" dir="1" index="1" bw="32" slack="1"/>
</pin_list>
<bind>
<opset="window_15 "/>
</bind>
</comp>

<comp id="1353" class="1005" name="mul_i5_i_10_reg_1353">
<pin_list>
<pin id="1354" dir="0" index="0" bw="32" slack="89"/>
<pin id="1355" dir="1" index="1" bw="32" slack="89"/>
</pin_list>
<bind>
<opset="mul_i5_i_10 "/>
</bind>
</comp>

<comp id="1358" class="1005" name="bitcast_ln36_15_reg_1358">
<pin_list>
<pin id="1359" dir="0" index="0" bw="32" slack="1"/>
<pin id="1360" dir="1" index="1" bw="32" slack="1"/>
</pin_list>
<bind>
<opset="bitcast_ln36_15 "/>
</bind>
</comp>

<comp id="1363" class="1005" name="window_16_reg_1363">
<pin_list>
<pin id="1364" dir="0" index="0" bw="32" slack="1"/>
<pin id="1365" dir="1" index="1" bw="32" slack="1"/>
</pin_list>
<bind>
<opset="window_16 "/>
</bind>
</comp>

<comp id="1368" class="1005" name="mul_i5_i_11_reg_1368">
<pin_list>
<pin id="1369" dir="0" index="0" bw="32" slack="97"/>
<pin id="1370" dir="1" index="1" bw="32" slack="97"/>
</pin_list>
<bind>
<opset="mul_i5_i_11 "/>
</bind>
</comp>

<comp id="1373" class="1005" name="bitcast_ln36_16_reg_1373">
<pin_list>
<pin id="1374" dir="0" index="0" bw="32" slack="1"/>
<pin id="1375" dir="1" index="1" bw="32" slack="1"/>
</pin_list>
<bind>
<opset="bitcast_ln36_16 "/>
</bind>
</comp>

<comp id="1378" class="1005" name="window_17_reg_1378">
<pin_list>
<pin id="1379" dir="0" index="0" bw="32" slack="1"/>
<pin id="1380" dir="1" index="1" bw="32" slack="1"/>
</pin_list>
<bind>
<opset="window_17 "/>
</bind>
</comp>

<comp id="1383" class="1005" name="mul_i5_i_12_reg_1383">
<pin_list>
<pin id="1384" dir="0" index="0" bw="32" slack="105"/>
<pin id="1385" dir="1" index="1" bw="32" slack="105"/>
</pin_list>
<bind>
<opset="mul_i5_i_12 "/>
</bind>
</comp>

<comp id="1388" class="1005" name="bitcast_ln36_17_reg_1388">
<pin_list>
<pin id="1389" dir="0" index="0" bw="32" slack="1"/>
<pin id="1390" dir="1" index="1" bw="32" slack="1"/>
</pin_list>
<bind>
<opset="bitcast_ln36_17 "/>
</bind>
</comp>

<comp id="1393" class="1005" name="window_18_reg_1393">
<pin_list>
<pin id="1394" dir="0" index="0" bw="32" slack="1"/>
<pin id="1395" dir="1" index="1" bw="32" slack="1"/>
</pin_list>
<bind>
<opset="window_18 "/>
</bind>
</comp>

<comp id="1398" class="1005" name="mul_i5_i_13_reg_1398">
<pin_list>
<pin id="1399" dir="0" index="0" bw="32" slack="113"/>
<pin id="1400" dir="1" index="1" bw="32" slack="113"/>
</pin_list>
<bind>
<opset="mul_i5_i_13 "/>
</bind>
</comp>

<comp id="1403" class="1005" name="bitcast_ln36_18_reg_1403">
<pin_list>
<pin id="1404" dir="0" index="0" bw="32" slack="1"/>
<pin id="1405" dir="1" index="1" bw="32" slack="1"/>
</pin_list>
<bind>
<opset="bitcast_ln36_18 "/>
</bind>
</comp>

<comp id="1408" class="1005" name="window_19_reg_1408">
<pin_list>
<pin id="1409" dir="0" index="0" bw="32" slack="1"/>
<pin id="1410" dir="1" index="1" bw="32" slack="1"/>
</pin_list>
<bind>
<opset="window_19 "/>
</bind>
</comp>

<comp id="1413" class="1005" name="mul_i5_i_14_reg_1413">
<pin_list>
<pin id="1414" dir="0" index="0" bw="32" slack="121"/>
<pin id="1415" dir="1" index="1" bw="32" slack="121"/>
</pin_list>
<bind>
<opset="mul_i5_i_14 "/>
</bind>
</comp>

<comp id="1418" class="1005" name="bitcast_ln36_19_reg_1418">
<pin_list>
<pin id="1419" dir="0" index="0" bw="32" slack="1"/>
<pin id="1420" dir="1" index="1" bw="32" slack="1"/>
</pin_list>
<bind>
<opset="bitcast_ln36_19 "/>
</bind>
</comp>

<comp id="1423" class="1005" name="window_20_reg_1423">
<pin_list>
<pin id="1424" dir="0" index="0" bw="32" slack="1"/>
<pin id="1425" dir="1" index="1" bw="32" slack="1"/>
</pin_list>
<bind>
<opset="window_20 "/>
</bind>
</comp>

<comp id="1428" class="1005" name="mul_i5_i_15_reg_1428">
<pin_list>
<pin id="1429" dir="0" index="0" bw="32" slack="129"/>
<pin id="1430" dir="1" index="1" bw="32" slack="129"/>
</pin_list>
<bind>
<opset="mul_i5_i_15 "/>
</bind>
</comp>

<comp id="1433" class="1005" name="bitcast_ln36_20_reg_1433">
<pin_list>
<pin id="1434" dir="0" index="0" bw="32" slack="1"/>
<pin id="1435" dir="1" index="1" bw="32" slack="1"/>
</pin_list>
<bind>
<opset="bitcast_ln36_20 "/>
</bind>
</comp>

<comp id="1438" class="1005" name="window_21_reg_1438">
<pin_list>
<pin id="1439" dir="0" index="0" bw="32" slack="1"/>
<pin id="1440" dir="1" index="1" bw="32" slack="1"/>
</pin_list>
<bind>
<opset="window_21 "/>
</bind>
</comp>

<comp id="1443" class="1005" name="mul_i5_i_16_reg_1443">
<pin_list>
<pin id="1444" dir="0" index="0" bw="32" slack="137"/>
<pin id="1445" dir="1" index="1" bw="32" slack="137"/>
</pin_list>
<bind>
<opset="mul_i5_i_16 "/>
</bind>
</comp>

<comp id="1448" class="1005" name="bitcast_ln36_21_reg_1448">
<pin_list>
<pin id="1449" dir="0" index="0" bw="32" slack="1"/>
<pin id="1450" dir="1" index="1" bw="32" slack="1"/>
</pin_list>
<bind>
<opset="bitcast_ln36_21 "/>
</bind>
</comp>

<comp id="1453" class="1005" name="window_22_reg_1453">
<pin_list>
<pin id="1454" dir="0" index="0" bw="32" slack="1"/>
<pin id="1455" dir="1" index="1" bw="32" slack="1"/>
</pin_list>
<bind>
<opset="window_22 "/>
</bind>
</comp>

<comp id="1458" class="1005" name="mul_i5_i_17_reg_1458">
<pin_list>
<pin id="1459" dir="0" index="0" bw="32" slack="145"/>
<pin id="1460" dir="1" index="1" bw="32" slack="145"/>
</pin_list>
<bind>
<opset="mul_i5_i_17 "/>
</bind>
</comp>

<comp id="1463" class="1005" name="bitcast_ln36_22_reg_1463">
<pin_list>
<pin id="1464" dir="0" index="0" bw="32" slack="1"/>
<pin id="1465" dir="1" index="1" bw="32" slack="1"/>
</pin_list>
<bind>
<opset="bitcast_ln36_22 "/>
</bind>
</comp>

<comp id="1468" class="1005" name="gmem1_addr_read_24_reg_1468">
<pin_list>
<pin id="1469" dir="0" index="0" bw="32" slack="2"/>
<pin id="1470" dir="1" index="1" bw="32" slack="2"/>
</pin_list>
<bind>
<opset="gmem1_addr_read_24 "/>
</bind>
</comp>

<comp id="1473" class="1005" name="empty_54_reg_1473">
<pin_list>
<pin id="1474" dir="0" index="0" bw="13" slack="1"/>
<pin id="1475" dir="1" index="1" bw="13" slack="1"/>
</pin_list>
<bind>
<opset="empty_54 "/>
</bind>
</comp>

<comp id="1478" class="1005" name="p_mid13_reg_1478">
<pin_list>
<pin id="1479" dir="0" index="0" bw="13" slack="1"/>
<pin id="1480" dir="1" index="1" bw="13" slack="1"/>
</pin_list>
<bind>
<opset="p_mid13 "/>
</bind>
</comp>

<comp id="1483" class="1005" name="window_23_reg_1483">
<pin_list>
<pin id="1484" dir="0" index="0" bw="32" slack="1"/>
<pin id="1485" dir="1" index="1" bw="32" slack="1"/>
</pin_list>
<bind>
<opset="window_23 "/>
</bind>
</comp>

<comp id="1488" class="1005" name="mul_i5_i_18_reg_1488">
<pin_list>
<pin id="1489" dir="0" index="0" bw="32" slack="153"/>
<pin id="1490" dir="1" index="1" bw="32" slack="153"/>
</pin_list>
<bind>
<opset="mul_i5_i_18 "/>
</bind>
</comp>

<comp id="1493" class="1005" name="bitcast_ln36_23_reg_1493">
<pin_list>
<pin id="1494" dir="0" index="0" bw="32" slack="1"/>
<pin id="1495" dir="1" index="1" bw="32" slack="1"/>
</pin_list>
<bind>
<opset="bitcast_ln36_23 "/>
</bind>
</comp>

<comp id="1498" class="1005" name="window_24_reg_1498">
<pin_list>
<pin id="1499" dir="0" index="0" bw="32" slack="1"/>
<pin id="1500" dir="1" index="1" bw="32" slack="1"/>
</pin_list>
<bind>
<opset="window_24 "/>
</bind>
</comp>

<comp id="1503" class="1005" name="mul_i5_i_19_reg_1503">
<pin_list>
<pin id="1504" dir="0" index="0" bw="32" slack="161"/>
<pin id="1505" dir="1" index="1" bw="32" slack="161"/>
</pin_list>
<bind>
<opset="mul_i5_i_19 "/>
</bind>
</comp>

<comp id="1508" class="1005" name="bitcast_ln36_24_reg_1508">
<pin_list>
<pin id="1509" dir="0" index="0" bw="32" slack="1"/>
<pin id="1510" dir="1" index="1" bw="32" slack="1"/>
</pin_list>
<bind>
<opset="bitcast_ln36_24 "/>
</bind>
</comp>

<comp id="1513" class="1005" name="add_ln76_reg_1513">
<pin_list>
<pin id="1514" dir="0" index="0" bw="13" slack="206"/>
<pin id="1515" dir="1" index="1" bw="13" slack="206"/>
</pin_list>
<bind>
<opset="add_ln76 "/>
</bind>
</comp>

<comp id="1518" class="1005" name="mul_i5_i_20_reg_1518">
<pin_list>
<pin id="1519" dir="0" index="0" bw="32" slack="169"/>
<pin id="1520" dir="1" index="1" bw="32" slack="169"/>
</pin_list>
<bind>
<opset="mul_i5_i_20 "/>
</bind>
</comp>

<comp id="1523" class="1005" name="mul_i5_i_21_reg_1523">
<pin_list>
<pin id="1524" dir="0" index="0" bw="32" slack="177"/>
<pin id="1525" dir="1" index="1" bw="32" slack="177"/>
</pin_list>
<bind>
<opset="mul_i5_i_21 "/>
</bind>
</comp>

<comp id="1528" class="1005" name="mul_i5_i_22_reg_1528">
<pin_list>
<pin id="1529" dir="0" index="0" bw="32" slack="185"/>
<pin id="1530" dir="1" index="1" bw="32" slack="185"/>
</pin_list>
<bind>
<opset="mul_i5_i_22 "/>
</bind>
</comp>

<comp id="1533" class="1005" name="mul_i5_i_23_reg_1533">
<pin_list>
<pin id="1534" dir="0" index="0" bw="32" slack="193"/>
<pin id="1535" dir="1" index="1" bw="32" slack="193"/>
</pin_list>
<bind>
<opset="mul_i5_i_23 "/>
</bind>
</comp>

</comp_list>

<net_list>
<net id="109"><net_src comp="14" pin="0"/><net_sink comp="106" pin=0"/></net>

<net id="113"><net_src comp="14" pin="0"/><net_sink comp="110" pin=0"/></net>

<net id="117"><net_src comp="14" pin="0"/><net_sink comp="114" pin=0"/></net>

<net id="122"><net_src comp="16" pin="0"/><net_sink comp="118" pin=0"/></net>

<net id="123"><net_src comp="10" pin="0"/><net_sink comp="118" pin=1"/></net>

<net id="128"><net_src comp="18" pin="0"/><net_sink comp="124" pin=0"/></net>

<net id="129"><net_src comp="8" pin="0"/><net_sink comp="124" pin=1"/></net>

<net id="134"><net_src comp="20" pin="0"/><net_sink comp="130" pin=0"/></net>

<net id="135"><net_src comp="6" pin="0"/><net_sink comp="130" pin=1"/></net>

<net id="140"><net_src comp="22" pin="0"/><net_sink comp="136" pin=0"/></net>

<net id="141"><net_src comp="4" pin="0"/><net_sink comp="136" pin=1"/></net>

<net id="147"><net_src comp="66" pin="0"/><net_sink comp="142" pin=0"/></net>

<net id="148"><net_src comp="68" pin="0"/><net_sink comp="142" pin=2"/></net>

<net id="154"><net_src comp="66" pin="0"/><net_sink comp="149" pin=0"/></net>

<net id="155"><net_src comp="70" pin="0"/><net_sink comp="149" pin=2"/></net>

<net id="161"><net_src comp="66" pin="0"/><net_sink comp="156" pin=0"/></net>

<net id="162"><net_src comp="70" pin="0"/><net_sink comp="156" pin=2"/></net>

<net id="167"><net_src comp="74" pin="0"/><net_sink comp="163" pin=0"/></net>

<net id="172"><net_src comp="74" pin="0"/><net_sink comp="168" pin=0"/></net>

<net id="178"><net_src comp="66" pin="0"/><net_sink comp="173" pin=0"/></net>

<net id="179"><net_src comp="70" pin="0"/><net_sink comp="173" pin=2"/></net>

<net id="184"><net_src comp="74" pin="0"/><net_sink comp="180" pin=0"/></net>

<net id="190"><net_src comp="66" pin="0"/><net_sink comp="185" pin=0"/></net>

<net id="191"><net_src comp="70" pin="0"/><net_sink comp="185" pin=2"/></net>

<net id="196"><net_src comp="74" pin="0"/><net_sink comp="192" pin=0"/></net>

<net id="202"><net_src comp="66" pin="0"/><net_sink comp="197" pin=0"/></net>

<net id="203"><net_src comp="70" pin="0"/><net_sink comp="197" pin=2"/></net>

<net id="208"><net_src comp="74" pin="0"/><net_sink comp="204" pin=0"/></net>

<net id="213"><net_src comp="74" pin="0"/><net_sink comp="209" pin=0"/></net>

<net id="219"><net_src comp="12" pin="0"/><net_sink comp="214" pin=0"/></net>

<net id="220"><net_src comp="104" pin="0"/><net_sink comp="214" pin=1"/></net>

<net id="226"><net_src comp="214" pin="3"/><net_sink comp="221" pin=0"/></net>

<net id="238"><net_src comp="163" pin="2"/><net_sink comp="235" pin=0"/></net>

<net id="242"><net_src comp="168" pin="2"/><net_sink comp="239" pin=0"/></net>

<net id="246"><net_src comp="163" pin="2"/><net_sink comp="243" pin=0"/></net>

<net id="250"><net_src comp="180" pin="2"/><net_sink comp="247" pin=0"/></net>

<net id="254"><net_src comp="192" pin="2"/><net_sink comp="251" pin=0"/></net>

<net id="258"><net_src comp="227" pin="2"/><net_sink comp="255" pin=0"/></net>

<net id="259"><net_src comp="255" pin="1"/><net_sink comp="227" pin=0"/></net>

<net id="263"><net_src comp="204" pin="2"/><net_sink comp="260" pin=0"/></net>

<net id="267"><net_src comp="209" pin="2"/><net_sink comp="264" pin=0"/></net>

<net id="271"><net_src comp="227" pin="2"/><net_sink comp="268" pin=0"/></net>

<net id="272"><net_src comp="268" pin="1"/><net_sink comp="227" pin=0"/></net>

<net id="273"><net_src comp="268" pin="1"/><net_sink comp="221" pin=1"/></net>

<net id="277"><net_src comp="227" pin="2"/><net_sink comp="274" pin=0"/></net>

<net id="278"><net_src comp="274" pin="1"/><net_sink comp="227" pin=0"/></net>

<net id="282"><net_src comp="227" pin="2"/><net_sink comp="279" pin=0"/></net>

<net id="283"><net_src comp="279" pin="1"/><net_sink comp="227" pin=0"/></net>

<net id="287"><net_src comp="227" pin="2"/><net_sink comp="284" pin=0"/></net>

<net id="288"><net_src comp="284" pin="1"/><net_sink comp="227" pin=0"/></net>

<net id="292"><net_src comp="227" pin="2"/><net_sink comp="289" pin=0"/></net>

<net id="293"><net_src comp="289" pin="1"/><net_sink comp="227" pin=0"/></net>

<net id="297"><net_src comp="227" pin="2"/><net_sink comp="294" pin=0"/></net>

<net id="298"><net_src comp="294" pin="1"/><net_sink comp="227" pin=0"/></net>

<net id="302"><net_src comp="227" pin="2"/><net_sink comp="299" pin=0"/></net>

<net id="303"><net_src comp="299" pin="1"/><net_sink comp="227" pin=0"/></net>

<net id="307"><net_src comp="227" pin="2"/><net_sink comp="304" pin=0"/></net>

<net id="308"><net_src comp="304" pin="1"/><net_sink comp="227" pin=0"/></net>

<net id="312"><net_src comp="227" pin="2"/><net_sink comp="309" pin=0"/></net>

<net id="313"><net_src comp="309" pin="1"/><net_sink comp="227" pin=0"/></net>

<net id="317"><net_src comp="227" pin="2"/><net_sink comp="314" pin=0"/></net>

<net id="318"><net_src comp="314" pin="1"/><net_sink comp="227" pin=0"/></net>

<net id="322"><net_src comp="227" pin="2"/><net_sink comp="319" pin=0"/></net>

<net id="323"><net_src comp="319" pin="1"/><net_sink comp="227" pin=0"/></net>

<net id="327"><net_src comp="136" pin="2"/><net_sink comp="324" pin=0"/></net>

<net id="332"><net_src comp="46" pin="0"/><net_sink comp="328" pin=0"/></net>

<net id="337"><net_src comp="48" pin="0"/><net_sink comp="333" pin=0"/></net>

<net id="342"><net_src comp="48" pin="0"/><net_sink comp="338" pin=0"/></net>

<net id="353"><net_src comp="346" pin="1"/><net_sink comp="349" pin=0"/></net>

<net id="354"><net_src comp="50" pin="0"/><net_sink comp="349" pin=1"/></net>

<net id="362"><net_src comp="355" pin="1"/><net_sink comp="358" pin=0"/></net>

<net id="363"><net_src comp="52" pin="0"/><net_sink comp="358" pin=1"/></net>

<net id="368"><net_src comp="343" pin="1"/><net_sink comp="364" pin=0"/></net>

<net id="369"><net_src comp="54" pin="0"/><net_sink comp="364" pin=1"/></net>

<net id="374"><net_src comp="0" pin="0"/><net_sink comp="370" pin=0"/></net>

<net id="375"><net_src comp="370" pin="2"/><net_sink comp="142" pin=1"/></net>

<net id="381"><net_src comp="48" pin="0"/><net_sink comp="376" pin=1"/></net>

<net id="393"><net_src comp="56" pin="0"/><net_sink comp="387" pin=0"/></net>

<net id="394"><net_src comp="382" pin="3"/><net_sink comp="387" pin=1"/></net>

<net id="395"><net_src comp="376" pin="3"/><net_sink comp="387" pin=2"/></net>

<net id="396"><net_src comp="58" pin="0"/><net_sink comp="387" pin=3"/></net>

<net id="400"><net_src comp="387" pin="4"/><net_sink comp="397" pin=0"/></net>

<net id="405"><net_src comp="397" pin="1"/><net_sink comp="401" pin=0"/></net>

<net id="412"><net_src comp="60" pin="0"/><net_sink comp="406" pin=0"/></net>

<net id="413"><net_src comp="401" pin="2"/><net_sink comp="406" pin=1"/></net>

<net id="414"><net_src comp="62" pin="0"/><net_sink comp="406" pin=2"/></net>

<net id="415"><net_src comp="64" pin="0"/><net_sink comp="406" pin=3"/></net>

<net id="419"><net_src comp="406" pin="4"/><net_sink comp="416" pin=0"/></net>

<net id="424"><net_src comp="2" pin="0"/><net_sink comp="420" pin=0"/></net>

<net id="425"><net_src comp="416" pin="1"/><net_sink comp="420" pin=1"/></net>

<net id="430"><net_src comp="382" pin="3"/><net_sink comp="426" pin=0"/></net>

<net id="435"><net_src comp="72" pin="0"/><net_sink comp="431" pin=1"/></net>

<net id="447"><net_src comp="56" pin="0"/><net_sink comp="441" pin=0"/></net>

<net id="448"><net_src comp="436" pin="3"/><net_sink comp="441" pin=1"/></net>

<net id="449"><net_src comp="58" pin="0"/><net_sink comp="441" pin=3"/></net>

<net id="453"><net_src comp="441" pin="4"/><net_sink comp="450" pin=0"/></net>

<net id="458"><net_src comp="450" pin="1"/><net_sink comp="454" pin=0"/></net>

<net id="465"><net_src comp="60" pin="0"/><net_sink comp="459" pin=0"/></net>

<net id="466"><net_src comp="454" pin="2"/><net_sink comp="459" pin=1"/></net>

<net id="467"><net_src comp="62" pin="0"/><net_sink comp="459" pin=2"/></net>

<net id="468"><net_src comp="64" pin="0"/><net_sink comp="459" pin=3"/></net>

<net id="472"><net_src comp="459" pin="4"/><net_sink comp="469" pin=0"/></net>

<net id="477"><net_src comp="2" pin="0"/><net_sink comp="473" pin=0"/></net>

<net id="478"><net_src comp="469" pin="1"/><net_sink comp="473" pin=1"/></net>

<net id="484"><net_src comp="76" pin="0"/><net_sink comp="479" pin=1"/></net>

<net id="485"><net_src comp="72" pin="0"/><net_sink comp="479" pin=2"/></net>

<net id="490"><net_src comp="479" pin="3"/><net_sink comp="486" pin=1"/></net>

<net id="494"><net_src comp="239" pin="1"/><net_sink comp="491" pin=0"/></net>

<net id="495"><net_src comp="491" pin="1"/><net_sink comp="231" pin=0"/></net>

<net id="499"><net_src comp="235" pin="1"/><net_sink comp="496" pin=0"/></net>

<net id="500"><net_src comp="496" pin="1"/><net_sink comp="231" pin=1"/></net>

<net id="504"><net_src comp="239" pin="1"/><net_sink comp="501" pin=0"/></net>

<net id="505"><net_src comp="501" pin="1"/><net_sink comp="231" pin=0"/></net>

<net id="512"><net_src comp="56" pin="0"/><net_sink comp="506" pin=0"/></net>

<net id="513"><net_src comp="58" pin="0"/><net_sink comp="506" pin=3"/></net>

<net id="517"><net_src comp="506" pin="4"/><net_sink comp="514" pin=0"/></net>

<net id="522"><net_src comp="514" pin="1"/><net_sink comp="518" pin=0"/></net>

<net id="529"><net_src comp="60" pin="0"/><net_sink comp="523" pin=0"/></net>

<net id="530"><net_src comp="518" pin="2"/><net_sink comp="523" pin=1"/></net>

<net id="531"><net_src comp="62" pin="0"/><net_sink comp="523" pin=2"/></net>

<net id="532"><net_src comp="64" pin="0"/><net_sink comp="523" pin=3"/></net>

<net id="536"><net_src comp="523" pin="4"/><net_sink comp="533" pin=0"/></net>

<net id="541"><net_src comp="2" pin="0"/><net_sink comp="537" pin=0"/></net>

<net id="542"><net_src comp="533" pin="1"/><net_sink comp="537" pin=1"/></net>

<net id="546"><net_src comp="243" pin="1"/><net_sink comp="543" pin=0"/></net>

<net id="547"><net_src comp="543" pin="1"/><net_sink comp="231" pin=1"/></net>

<net id="551"><net_src comp="239" pin="1"/><net_sink comp="548" pin=0"/></net>

<net id="552"><net_src comp="548" pin="1"/><net_sink comp="231" pin=0"/></net>

<net id="556"><net_src comp="235" pin="1"/><net_sink comp="553" pin=0"/></net>

<net id="557"><net_src comp="553" pin="1"/><net_sink comp="231" pin=1"/></net>

<net id="561"><net_src comp="239" pin="1"/><net_sink comp="558" pin=0"/></net>

<net id="562"><net_src comp="558" pin="1"/><net_sink comp="231" pin=0"/></net>

<net id="566"><net_src comp="243" pin="1"/><net_sink comp="563" pin=0"/></net>

<net id="567"><net_src comp="563" pin="1"/><net_sink comp="231" pin=1"/></net>

<net id="571"><net_src comp="239" pin="1"/><net_sink comp="568" pin=0"/></net>

<net id="572"><net_src comp="568" pin="1"/><net_sink comp="231" pin=0"/></net>

<net id="576"><net_src comp="235" pin="1"/><net_sink comp="573" pin=0"/></net>

<net id="577"><net_src comp="573" pin="1"/><net_sink comp="231" pin=1"/></net>

<net id="583"><net_src comp="78" pin="0"/><net_sink comp="578" pin=1"/></net>

<net id="584"><net_src comp="76" pin="0"/><net_sink comp="578" pin=2"/></net>

<net id="589"><net_src comp="578" pin="3"/><net_sink comp="585" pin=1"/></net>

<net id="593"><net_src comp="247" pin="1"/><net_sink comp="590" pin=0"/></net>

<net id="594"><net_src comp="590" pin="1"/><net_sink comp="231" pin=0"/></net>

<net id="598"><net_src comp="243" pin="1"/><net_sink comp="595" pin=0"/></net>

<net id="599"><net_src comp="595" pin="1"/><net_sink comp="231" pin=1"/></net>

<net id="603"><net_src comp="247" pin="1"/><net_sink comp="600" pin=0"/></net>

<net id="604"><net_src comp="600" pin="1"/><net_sink comp="231" pin=0"/></net>

<net id="611"><net_src comp="56" pin="0"/><net_sink comp="605" pin=0"/></net>

<net id="612"><net_src comp="58" pin="0"/><net_sink comp="605" pin=3"/></net>

<net id="616"><net_src comp="605" pin="4"/><net_sink comp="613" pin=0"/></net>

<net id="621"><net_src comp="613" pin="1"/><net_sink comp="617" pin=0"/></net>

<net id="628"><net_src comp="60" pin="0"/><net_sink comp="622" pin=0"/></net>

<net id="629"><net_src comp="617" pin="2"/><net_sink comp="622" pin=1"/></net>

<net id="630"><net_src comp="62" pin="0"/><net_sink comp="622" pin=2"/></net>

<net id="631"><net_src comp="64" pin="0"/><net_sink comp="622" pin=3"/></net>

<net id="635"><net_src comp="622" pin="4"/><net_sink comp="632" pin=0"/></net>

<net id="640"><net_src comp="2" pin="0"/><net_sink comp="636" pin=0"/></net>

<net id="641"><net_src comp="632" pin="1"/><net_sink comp="636" pin=1"/></net>

<net id="645"><net_src comp="235" pin="1"/><net_sink comp="642" pin=0"/></net>

<net id="646"><net_src comp="642" pin="1"/><net_sink comp="231" pin=1"/></net>

<net id="650"><net_src comp="247" pin="1"/><net_sink comp="647" pin=0"/></net>

<net id="651"><net_src comp="647" pin="1"/><net_sink comp="231" pin=0"/></net>

<net id="655"><net_src comp="243" pin="1"/><net_sink comp="652" pin=0"/></net>

<net id="656"><net_src comp="652" pin="1"/><net_sink comp="231" pin=1"/></net>

<net id="660"><net_src comp="247" pin="1"/><net_sink comp="657" pin=0"/></net>

<net id="661"><net_src comp="657" pin="1"/><net_sink comp="231" pin=0"/></net>

<net id="665"><net_src comp="235" pin="1"/><net_sink comp="662" pin=0"/></net>

<net id="666"><net_src comp="662" pin="1"/><net_sink comp="231" pin=1"/></net>

<net id="670"><net_src comp="247" pin="1"/><net_sink comp="667" pin=0"/></net>

<net id="671"><net_src comp="667" pin="1"/><net_sink comp="231" pin=0"/></net>

<net id="675"><net_src comp="243" pin="1"/><net_sink comp="672" pin=0"/></net>

<net id="676"><net_src comp="672" pin="1"/><net_sink comp="231" pin=1"/></net>

<net id="682"><net_src comp="80" pin="0"/><net_sink comp="677" pin=1"/></net>

<net id="683"><net_src comp="78" pin="0"/><net_sink comp="677" pin=2"/></net>

<net id="688"><net_src comp="677" pin="3"/><net_sink comp="684" pin=1"/></net>

<net id="692"><net_src comp="251" pin="1"/><net_sink comp="689" pin=0"/></net>

<net id="693"><net_src comp="689" pin="1"/><net_sink comp="231" pin=0"/></net>

<net id="697"><net_src comp="235" pin="1"/><net_sink comp="694" pin=0"/></net>

<net id="698"><net_src comp="694" pin="1"/><net_sink comp="231" pin=1"/></net>

<net id="702"><net_src comp="251" pin="1"/><net_sink comp="699" pin=0"/></net>

<net id="703"><net_src comp="699" pin="1"/><net_sink comp="231" pin=0"/></net>

<net id="710"><net_src comp="56" pin="0"/><net_sink comp="704" pin=0"/></net>

<net id="711"><net_src comp="58" pin="0"/><net_sink comp="704" pin=3"/></net>

<net id="715"><net_src comp="704" pin="4"/><net_sink comp="712" pin=0"/></net>

<net id="720"><net_src comp="712" pin="1"/><net_sink comp="716" pin=0"/></net>

<net id="727"><net_src comp="60" pin="0"/><net_sink comp="721" pin=0"/></net>

<net id="728"><net_src comp="716" pin="2"/><net_sink comp="721" pin=1"/></net>

<net id="729"><net_src comp="62" pin="0"/><net_sink comp="721" pin=2"/></net>

<net id="730"><net_src comp="64" pin="0"/><net_sink comp="721" pin=3"/></net>

<net id="734"><net_src comp="721" pin="4"/><net_sink comp="731" pin=0"/></net>

<net id="739"><net_src comp="2" pin="0"/><net_sink comp="735" pin=0"/></net>

<net id="740"><net_src comp="731" pin="1"/><net_sink comp="735" pin=1"/></net>

<net id="744"><net_src comp="243" pin="1"/><net_sink comp="741" pin=0"/></net>

<net id="745"><net_src comp="741" pin="1"/><net_sink comp="231" pin=1"/></net>

<net id="749"><net_src comp="251" pin="1"/><net_sink comp="746" pin=0"/></net>

<net id="750"><net_src comp="746" pin="1"/><net_sink comp="231" pin=0"/></net>

<net id="754"><net_src comp="235" pin="1"/><net_sink comp="751" pin=0"/></net>

<net id="755"><net_src comp="751" pin="1"/><net_sink comp="231" pin=1"/></net>

<net id="759"><net_src comp="251" pin="1"/><net_sink comp="756" pin=0"/></net>

<net id="760"><net_src comp="756" pin="1"/><net_sink comp="231" pin=0"/></net>

<net id="764"><net_src comp="243" pin="1"/><net_sink comp="761" pin=0"/></net>

<net id="765"><net_src comp="761" pin="1"/><net_sink comp="231" pin=1"/></net>

<net id="770"><net_src comp="82" pin="0"/><net_sink comp="766" pin=1"/></net>

<net id="774"><net_src comp="251" pin="1"/><net_sink comp="771" pin=0"/></net>

<net id="775"><net_src comp="771" pin="1"/><net_sink comp="231" pin=0"/></net>

<net id="779"><net_src comp="235" pin="1"/><net_sink comp="776" pin=0"/></net>

<net id="780"><net_src comp="776" pin="1"/><net_sink comp="231" pin=1"/></net>

<net id="785"><net_src comp="54" pin="0"/><net_sink comp="781" pin=1"/></net>

<net id="790"><net_src comp="766" pin="2"/><net_sink comp="786" pin=0"/></net>

<net id="795"><net_src comp="781" pin="2"/><net_sink comp="791" pin=0"/></net>

<net id="799"><net_src comp="260" pin="1"/><net_sink comp="796" pin=0"/></net>

<net id="800"><net_src comp="796" pin="1"/><net_sink comp="231" pin=0"/></net>

<net id="804"><net_src comp="243" pin="1"/><net_sink comp="801" pin=0"/></net>

<net id="805"><net_src comp="801" pin="1"/><net_sink comp="231" pin=1"/></net>

<net id="809"><net_src comp="260" pin="1"/><net_sink comp="806" pin=0"/></net>

<net id="810"><net_src comp="806" pin="1"/><net_sink comp="231" pin=0"/></net>

<net id="814"><net_src comp="235" pin="1"/><net_sink comp="811" pin=0"/></net>

<net id="815"><net_src comp="811" pin="1"/><net_sink comp="231" pin=1"/></net>

<net id="819"><net_src comp="260" pin="1"/><net_sink comp="816" pin=0"/></net>

<net id="820"><net_src comp="816" pin="1"/><net_sink comp="231" pin=0"/></net>

<net id="824"><net_src comp="243" pin="1"/><net_sink comp="821" pin=0"/></net>

<net id="825"><net_src comp="821" pin="1"/><net_sink comp="231" pin=1"/></net>

<net id="829"><net_src comp="260" pin="1"/><net_sink comp="826" pin=0"/></net>

<net id="830"><net_src comp="826" pin="1"/><net_sink comp="231" pin=0"/></net>

<net id="834"><net_src comp="235" pin="1"/><net_sink comp="831" pin=0"/></net>

<net id="835"><net_src comp="831" pin="1"/><net_sink comp="231" pin=1"/></net>

<net id="839"><net_src comp="260" pin="1"/><net_sink comp="836" pin=0"/></net>

<net id="840"><net_src comp="836" pin="1"/><net_sink comp="231" pin=0"/></net>

<net id="844"><net_src comp="243" pin="1"/><net_sink comp="841" pin=0"/></net>

<net id="845"><net_src comp="841" pin="1"/><net_sink comp="231" pin=1"/></net>

<net id="849"><net_src comp="264" pin="1"/><net_sink comp="846" pin=0"/></net>

<net id="850"><net_src comp="846" pin="1"/><net_sink comp="231" pin=0"/></net>

<net id="854"><net_src comp="235" pin="1"/><net_sink comp="851" pin=0"/></net>

<net id="855"><net_src comp="851" pin="1"/><net_sink comp="231" pin=1"/></net>

<net id="859"><net_src comp="264" pin="1"/><net_sink comp="856" pin=0"/></net>

<net id="860"><net_src comp="856" pin="1"/><net_sink comp="231" pin=0"/></net>

<net id="864"><net_src comp="243" pin="1"/><net_sink comp="861" pin=0"/></net>

<net id="865"><net_src comp="861" pin="1"/><net_sink comp="231" pin=1"/></net>

<net id="869"><net_src comp="264" pin="1"/><net_sink comp="866" pin=0"/></net>

<net id="870"><net_src comp="866" pin="1"/><net_sink comp="231" pin=0"/></net>

<net id="874"><net_src comp="235" pin="1"/><net_sink comp="871" pin=0"/></net>

<net id="875"><net_src comp="871" pin="1"/><net_sink comp="231" pin=1"/></net>

<net id="883"><net_src comp="876" pin="1"/><net_sink comp="879" pin=0"/></net>

<net id="887"><net_src comp="879" pin="2"/><net_sink comp="884" pin=0"/></net>

<net id="893"><net_src comp="86" pin="0"/><net_sink comp="888" pin=0"/></net>

<net id="894"><net_src comp="884" pin="1"/><net_sink comp="888" pin=1"/></net>

<net id="895"><net_src comp="48" pin="0"/><net_sink comp="888" pin=2"/></net>

<net id="901"><net_src comp="88" pin="0"/><net_sink comp="896" pin=0"/></net>

<net id="902"><net_src comp="879" pin="2"/><net_sink comp="896" pin=1"/></net>

<net id="903"><net_src comp="58" pin="0"/><net_sink comp="896" pin=2"/></net>

<net id="907"><net_src comp="896" pin="3"/><net_sink comp="904" pin=0"/></net>

<net id="912"><net_src comp="888" pin="3"/><net_sink comp="908" pin=0"/></net>

<net id="913"><net_src comp="904" pin="1"/><net_sink comp="908" pin=1"/></net>

<net id="921"><net_src comp="914" pin="1"/><net_sink comp="917" pin=0"/></net>

<net id="925"><net_src comp="917" pin="2"/><net_sink comp="922" pin=0"/></net>

<net id="931"><net_src comp="86" pin="0"/><net_sink comp="926" pin=0"/></net>

<net id="932"><net_src comp="922" pin="1"/><net_sink comp="926" pin=1"/></net>

<net id="933"><net_src comp="48" pin="0"/><net_sink comp="926" pin=2"/></net>

<net id="939"><net_src comp="88" pin="0"/><net_sink comp="934" pin=0"/></net>

<net id="940"><net_src comp="917" pin="2"/><net_sink comp="934" pin=1"/></net>

<net id="941"><net_src comp="58" pin="0"/><net_sink comp="934" pin=2"/></net>

<net id="945"><net_src comp="934" pin="3"/><net_sink comp="942" pin=0"/></net>

<net id="950"><net_src comp="926" pin="3"/><net_sink comp="946" pin=0"/></net>

<net id="951"><net_src comp="942" pin="1"/><net_sink comp="946" pin=1"/></net>

<net id="955"><net_src comp="264" pin="1"/><net_sink comp="952" pin=0"/></net>

<net id="956"><net_src comp="952" pin="1"/><net_sink comp="231" pin=0"/></net>

<net id="960"><net_src comp="243" pin="1"/><net_sink comp="957" pin=0"/></net>

<net id="961"><net_src comp="957" pin="1"/><net_sink comp="231" pin=1"/></net>

<net id="973"><net_src comp="264" pin="1"/><net_sink comp="970" pin=0"/></net>

<net id="974"><net_src comp="970" pin="1"/><net_sink comp="231" pin=0"/></net>

<net id="978"><net_src comp="975" pin="1"/><net_sink comp="231" pin=1"/></net>

<net id="983"><net_src comp="967" pin="1"/><net_sink comp="979" pin=0"/></net>

<net id="984"><net_src comp="962" pin="3"/><net_sink comp="979" pin=1"/></net>

<net id="988"><net_src comp="985" pin="1"/><net_sink comp="214" pin=2"/></net>

<net id="992"><net_src comp="106" pin="1"/><net_sink comp="989" pin=0"/></net>

<net id="993"><net_src comp="989" pin="1"/><net_sink comp="338" pin=1"/></net>

<net id="994"><net_src comp="989" pin="1"/><net_sink comp="355" pin=0"/></net>

<net id="995"><net_src comp="989" pin="1"/><net_sink comp="791" pin=1"/></net>

<net id="999"><net_src comp="110" pin="1"/><net_sink comp="996" pin=0"/></net>

<net id="1000"><net_src comp="996" pin="1"/><net_sink comp="333" pin=1"/></net>

<net id="1001"><net_src comp="996" pin="1"/><net_sink comp="343" pin=0"/></net>

<net id="1002"><net_src comp="996" pin="1"/><net_sink comp="426" pin=1"/></net>

<net id="1006"><net_src comp="114" pin="1"/><net_sink comp="1003" pin=0"/></net>

<net id="1007"><net_src comp="1003" pin="1"/><net_sink comp="328" pin=1"/></net>

<net id="1008"><net_src comp="1003" pin="1"/><net_sink comp="346" pin=0"/></net>

<net id="1009"><net_src comp="1003" pin="1"/><net_sink comp="786" pin=1"/></net>

<net id="1013"><net_src comp="118" pin="2"/><net_sink comp="1010" pin=0"/></net>

<net id="1014"><net_src comp="1010" pin="1"/><net_sink comp="227" pin=0"/></net>

<net id="1018"><net_src comp="124" pin="2"/><net_sink comp="1015" pin=0"/></net>

<net id="1019"><net_src comp="1015" pin="1"/><net_sink comp="401" pin=1"/></net>

<net id="1020"><net_src comp="1015" pin="1"/><net_sink comp="454" pin=1"/></net>

<net id="1021"><net_src comp="1015" pin="1"/><net_sink comp="518" pin=1"/></net>

<net id="1022"><net_src comp="1015" pin="1"/><net_sink comp="617" pin=1"/></net>

<net id="1023"><net_src comp="1015" pin="1"/><net_sink comp="716" pin=1"/></net>

<net id="1027"><net_src comp="130" pin="2"/><net_sink comp="1024" pin=0"/></net>

<net id="1028"><net_src comp="1024" pin="1"/><net_sink comp="879" pin=1"/></net>

<net id="1029"><net_src comp="1024" pin="1"/><net_sink comp="917" pin=1"/></net>

<net id="1033"><net_src comp="324" pin="1"/><net_sink comp="1030" pin=0"/></net>

<net id="1034"><net_src comp="1030" pin="1"/><net_sink comp="370" pin=1"/></net>

<net id="1038"><net_src comp="343" pin="1"/><net_sink comp="1035" pin=0"/></net>

<net id="1039"><net_src comp="1035" pin="1"/><net_sink comp="382" pin=2"/></net>

<net id="1040"><net_src comp="1035" pin="1"/><net_sink comp="431" pin=0"/></net>

<net id="1041"><net_src comp="1035" pin="1"/><net_sink comp="486" pin=0"/></net>

<net id="1042"><net_src comp="1035" pin="1"/><net_sink comp="585" pin=0"/></net>

<net id="1043"><net_src comp="1035" pin="1"/><net_sink comp="684" pin=0"/></net>

<net id="1044"><net_src comp="1035" pin="1"/><net_sink comp="876" pin=0"/></net>

<net id="1048"><net_src comp="346" pin="1"/><net_sink comp="1045" pin=0"/></net>

<net id="1049"><net_src comp="1045" pin="1"/><net_sink comp="766" pin=0"/></net>

<net id="1053"><net_src comp="349" pin="2"/><net_sink comp="1050" pin=0"/></net>

<net id="1057"><net_src comp="355" pin="1"/><net_sink comp="1054" pin=0"/></net>

<net id="1058"><net_src comp="1054" pin="1"/><net_sink comp="376" pin=2"/></net>

<net id="1062"><net_src comp="358" pin="2"/><net_sink comp="1059" pin=0"/></net>

<net id="1063"><net_src comp="1059" pin="1"/><net_sink comp="376" pin=0"/></net>

<net id="1064"><net_src comp="1059" pin="1"/><net_sink comp="382" pin=0"/></net>

<net id="1065"><net_src comp="1059" pin="1"/><net_sink comp="436" pin=0"/></net>

<net id="1066"><net_src comp="1059" pin="1"/><net_sink comp="479" pin=0"/></net>

<net id="1067"><net_src comp="1059" pin="1"/><net_sink comp="578" pin=0"/></net>

<net id="1068"><net_src comp="1059" pin="1"/><net_sink comp="677" pin=0"/></net>

<net id="1069"><net_src comp="1059" pin="1"/><net_sink comp="962" pin=0"/></net>

<net id="1073"><net_src comp="364" pin="2"/><net_sink comp="1070" pin=0"/></net>

<net id="1074"><net_src comp="1070" pin="1"/><net_sink comp="382" pin=1"/></net>

<net id="1075"><net_src comp="1070" pin="1"/><net_sink comp="436" pin=2"/></net>

<net id="1076"><net_src comp="1070" pin="1"/><net_sink comp="914" pin=0"/></net>

<net id="1080"><net_src comp="370" pin="2"/><net_sink comp="1077" pin=0"/></net>

<net id="1081"><net_src comp="1077" pin="1"/><net_sink comp="142" pin=1"/></net>

<net id="1082"><net_src comp="1077" pin="1"/><net_sink comp="163" pin=1"/></net>

<net id="1086"><net_src comp="376" pin="3"/><net_sink comp="1083" pin=0"/></net>

<net id="1087"><net_src comp="1083" pin="1"/><net_sink comp="441" pin=2"/></net>

<net id="1088"><net_src comp="1083" pin="1"/><net_sink comp="506" pin=2"/></net>

<net id="1089"><net_src comp="1083" pin="1"/><net_sink comp="605" pin=2"/></net>

<net id="1090"><net_src comp="1083" pin="1"/><net_sink comp="704" pin=2"/></net>

<net id="1091"><net_src comp="1083" pin="1"/><net_sink comp="781" pin=0"/></net>

<net id="1092"><net_src comp="1083" pin="1"/><net_sink comp="967" pin=0"/></net>

<net id="1096"><net_src comp="420" pin="2"/><net_sink comp="1093" pin=0"/></net>

<net id="1097"><net_src comp="1093" pin="1"/><net_sink comp="149" pin=1"/></net>

<net id="1098"><net_src comp="1093" pin="1"/><net_sink comp="168" pin=1"/></net>

<net id="1102"><net_src comp="431" pin="2"/><net_sink comp="1099" pin=0"/></net>

<net id="1103"><net_src comp="1099" pin="1"/><net_sink comp="436" pin=1"/></net>

<net id="1107"><net_src comp="473" pin="2"/><net_sink comp="1104" pin=0"/></net>

<net id="1108"><net_src comp="1104" pin="1"/><net_sink comp="156" pin=1"/></net>

<net id="1109"><net_src comp="1104" pin="1"/><net_sink comp="180" pin=1"/></net>

<net id="1113"><net_src comp="486" pin="2"/><net_sink comp="1110" pin=0"/></net>

<net id="1114"><net_src comp="1110" pin="1"/><net_sink comp="506" pin=1"/></net>

<net id="1118"><net_src comp="491" pin="1"/><net_sink comp="1115" pin=0"/></net>

<net id="1119"><net_src comp="1115" pin="1"/><net_sink comp="231" pin=0"/></net>

<net id="1123"><net_src comp="496" pin="1"/><net_sink comp="1120" pin=0"/></net>

<net id="1124"><net_src comp="1120" pin="1"/><net_sink comp="231" pin=1"/></net>

<net id="1128"><net_src comp="501" pin="1"/><net_sink comp="1125" pin=0"/></net>

<net id="1129"><net_src comp="1125" pin="1"/><net_sink comp="231" pin=0"/></net>

<net id="1133"><net_src comp="537" pin="2"/><net_sink comp="1130" pin=0"/></net>

<net id="1134"><net_src comp="1130" pin="1"/><net_sink comp="173" pin=1"/></net>

<net id="1135"><net_src comp="1130" pin="1"/><net_sink comp="192" pin=1"/></net>

<net id="1139"><net_src comp="543" pin="1"/><net_sink comp="1136" pin=0"/></net>

<net id="1140"><net_src comp="1136" pin="1"/><net_sink comp="231" pin=1"/></net>

<net id="1144"><net_src comp="548" pin="1"/><net_sink comp="1141" pin=0"/></net>

<net id="1145"><net_src comp="1141" pin="1"/><net_sink comp="231" pin=0"/></net>

<net id="1149"><net_src comp="553" pin="1"/><net_sink comp="1146" pin=0"/></net>

<net id="1150"><net_src comp="1146" pin="1"/><net_sink comp="231" pin=1"/></net>

<net id="1154"><net_src comp="558" pin="1"/><net_sink comp="1151" pin=0"/></net>

<net id="1155"><net_src comp="1151" pin="1"/><net_sink comp="231" pin=0"/></net>

<net id="1159"><net_src comp="563" pin="1"/><net_sink comp="1156" pin=0"/></net>

<net id="1160"><net_src comp="1156" pin="1"/><net_sink comp="231" pin=1"/></net>

<net id="1164"><net_src comp="568" pin="1"/><net_sink comp="1161" pin=0"/></net>

<net id="1165"><net_src comp="1161" pin="1"/><net_sink comp="231" pin=0"/></net>

<net id="1169"><net_src comp="231" pin="2"/><net_sink comp="1166" pin=0"/></net>

<net id="1170"><net_src comp="1166" pin="1"/><net_sink comp="227" pin=1"/></net>

<net id="1174"><net_src comp="573" pin="1"/><net_sink comp="1171" pin=0"/></net>

<net id="1175"><net_src comp="1171" pin="1"/><net_sink comp="231" pin=1"/></net>

<net id="1179"><net_src comp="585" pin="2"/><net_sink comp="1176" pin=0"/></net>

<net id="1180"><net_src comp="1176" pin="1"/><net_sink comp="605" pin=1"/></net>

<net id="1184"><net_src comp="590" pin="1"/><net_sink comp="1181" pin=0"/></net>

<net id="1185"><net_src comp="1181" pin="1"/><net_sink comp="231" pin=0"/></net>

<net id="1189"><net_src comp="231" pin="2"/><net_sink comp="1186" pin=0"/></net>

<net id="1190"><net_src comp="1186" pin="1"/><net_sink comp="227" pin=1"/></net>

<net id="1194"><net_src comp="595" pin="1"/><net_sink comp="1191" pin=0"/></net>

<net id="1195"><net_src comp="1191" pin="1"/><net_sink comp="231" pin=1"/></net>

<net id="1199"><net_src comp="600" pin="1"/><net_sink comp="1196" pin=0"/></net>

<net id="1200"><net_src comp="1196" pin="1"/><net_sink comp="231" pin=0"/></net>

<net id="1204"><net_src comp="636" pin="2"/><net_sink comp="1201" pin=0"/></net>

<net id="1205"><net_src comp="1201" pin="1"/><net_sink comp="185" pin=1"/></net>

<net id="1206"><net_src comp="1201" pin="1"/><net_sink comp="204" pin=1"/></net>

<net id="1210"><net_src comp="231" pin="2"/><net_sink comp="1207" pin=0"/></net>

<net id="1211"><net_src comp="1207" pin="1"/><net_sink comp="227" pin=1"/></net>

<net id="1215"><net_src comp="642" pin="1"/><net_sink comp="1212" pin=0"/></net>

<net id="1216"><net_src comp="1212" pin="1"/><net_sink comp="231" pin=1"/></net>

<net id="1220"><net_src comp="647" pin="1"/><net_sink comp="1217" pin=0"/></net>

<net id="1221"><net_src comp="1217" pin="1"/><net_sink comp="231" pin=0"/></net>

<net id="1225"><net_src comp="231" pin="2"/><net_sink comp="1222" pin=0"/></net>

<net id="1226"><net_src comp="1222" pin="1"/><net_sink comp="227" pin=1"/></net>

<net id="1230"><net_src comp="652" pin="1"/><net_sink comp="1227" pin=0"/></net>

<net id="1231"><net_src comp="1227" pin="1"/><net_sink comp="231" pin=1"/></net>

<net id="1235"><net_src comp="657" pin="1"/><net_sink comp="1232" pin=0"/></net>

<net id="1236"><net_src comp="1232" pin="1"/><net_sink comp="231" pin=0"/></net>

<net id="1240"><net_src comp="231" pin="2"/><net_sink comp="1237" pin=0"/></net>

<net id="1241"><net_src comp="1237" pin="1"/><net_sink comp="227" pin=1"/></net>

<net id="1245"><net_src comp="662" pin="1"/><net_sink comp="1242" pin=0"/></net>

<net id="1246"><net_src comp="1242" pin="1"/><net_sink comp="231" pin=1"/></net>

<net id="1250"><net_src comp="667" pin="1"/><net_sink comp="1247" pin=0"/></net>

<net id="1251"><net_src comp="1247" pin="1"/><net_sink comp="231" pin=0"/></net>

<net id="1255"><net_src comp="231" pin="2"/><net_sink comp="1252" pin=0"/></net>

<net id="1256"><net_src comp="1252" pin="1"/><net_sink comp="227" pin=1"/></net>

<net id="1260"><net_src comp="672" pin="1"/><net_sink comp="1257" pin=0"/></net>

<net id="1261"><net_src comp="1257" pin="1"/><net_sink comp="231" pin=1"/></net>

<net id="1265"><net_src comp="684" pin="2"/><net_sink comp="1262" pin=0"/></net>

<net id="1266"><net_src comp="1262" pin="1"/><net_sink comp="704" pin=1"/></net>

<net id="1270"><net_src comp="689" pin="1"/><net_sink comp="1267" pin=0"/></net>

<net id="1271"><net_src comp="1267" pin="1"/><net_sink comp="231" pin=0"/></net>

<net id="1275"><net_src comp="231" pin="2"/><net_sink comp="1272" pin=0"/></net>

<net id="1276"><net_src comp="1272" pin="1"/><net_sink comp="227" pin=1"/></net>

<net id="1280"><net_src comp="694" pin="1"/><net_sink comp="1277" pin=0"/></net>

<net id="1281"><net_src comp="1277" pin="1"/><net_sink comp="231" pin=1"/></net>

<net id="1285"><net_src comp="699" pin="1"/><net_sink comp="1282" pin=0"/></net>

<net id="1286"><net_src comp="1282" pin="1"/><net_sink comp="231" pin=0"/></net>

<net id="1290"><net_src comp="735" pin="2"/><net_sink comp="1287" pin=0"/></net>

<net id="1291"><net_src comp="1287" pin="1"/><net_sink comp="197" pin=1"/></net>

<net id="1292"><net_src comp="1287" pin="1"/><net_sink comp="209" pin=1"/></net>

<net id="1296"><net_src comp="231" pin="2"/><net_sink comp="1293" pin=0"/></net>

<net id="1297"><net_src comp="1293" pin="1"/><net_sink comp="227" pin=1"/></net>

<net id="1301"><net_src comp="741" pin="1"/><net_sink comp="1298" pin=0"/></net>

<net id="1302"><net_src comp="1298" pin="1"/><net_sink comp="231" pin=1"/></net>

<net id="1306"><net_src comp="746" pin="1"/><net_sink comp="1303" pin=0"/></net>

<net id="1307"><net_src comp="1303" pin="1"/><net_sink comp="231" pin=0"/></net>

<net id="1311"><net_src comp="231" pin="2"/><net_sink comp="1308" pin=0"/></net>

<net id="1312"><net_src comp="1308" pin="1"/><net_sink comp="227" pin=1"/></net>

<net id="1316"><net_src comp="751" pin="1"/><net_sink comp="1313" pin=0"/></net>

<net id="1317"><net_src comp="1313" pin="1"/><net_sink comp="231" pin=1"/></net>

<net id="1321"><net_src comp="756" pin="1"/><net_sink comp="1318" pin=0"/></net>

<net id="1322"><net_src comp="1318" pin="1"/><net_sink comp="231" pin=0"/></net>

<net id="1326"><net_src comp="231" pin="2"/><net_sink comp="1323" pin=0"/></net>

<net id="1327"><net_src comp="1323" pin="1"/><net_sink comp="227" pin=1"/></net>

<net id="1331"><net_src comp="761" pin="1"/><net_sink comp="1328" pin=0"/></net>

<net id="1332"><net_src comp="1328" pin="1"/><net_sink comp="231" pin=1"/></net>

<net id="1336"><net_src comp="771" pin="1"/><net_sink comp="1333" pin=0"/></net>

<net id="1337"><net_src comp="1333" pin="1"/><net_sink comp="231" pin=0"/></net>

<net id="1341"><net_src comp="231" pin="2"/><net_sink comp="1338" pin=0"/></net>

<net id="1342"><net_src comp="1338" pin="1"/><net_sink comp="227" pin=1"/></net>

<net id="1346"><net_src comp="776" pin="1"/><net_sink comp="1343" pin=0"/></net>

<net id="1347"><net_src comp="1343" pin="1"/><net_sink comp="231" pin=1"/></net>

<net id="1351"><net_src comp="796" pin="1"/><net_sink comp="1348" pin=0"/></net>

<net id="1352"><net_src comp="1348" pin="1"/><net_sink comp="231" pin=0"/></net>

<net id="1356"><net_src comp="231" pin="2"/><net_sink comp="1353" pin=0"/></net>

<net id="1357"><net_src comp="1353" pin="1"/><net_sink comp="227" pin=1"/></net>

<net id="1361"><net_src comp="801" pin="1"/><net_sink comp="1358" pin=0"/></net>

<net id="1362"><net_src comp="1358" pin="1"/><net_sink comp="231" pin=1"/></net>

<net id="1366"><net_src comp="806" pin="1"/><net_sink comp="1363" pin=0"/></net>

<net id="1367"><net_src comp="1363" pin="1"/><net_sink comp="231" pin=0"/></net>

<net id="1371"><net_src comp="231" pin="2"/><net_sink comp="1368" pin=0"/></net>

<net id="1372"><net_src comp="1368" pin="1"/><net_sink comp="227" pin=1"/></net>

<net id="1376"><net_src comp="811" pin="1"/><net_sink comp="1373" pin=0"/></net>

<net id="1377"><net_src comp="1373" pin="1"/><net_sink comp="231" pin=1"/></net>

<net id="1381"><net_src comp="816" pin="1"/><net_sink comp="1378" pin=0"/></net>

<net id="1382"><net_src comp="1378" pin="1"/><net_sink comp="231" pin=0"/></net>

<net id="1386"><net_src comp="231" pin="2"/><net_sink comp="1383" pin=0"/></net>

<net id="1387"><net_src comp="1383" pin="1"/><net_sink comp="227" pin=1"/></net>

<net id="1391"><net_src comp="821" pin="1"/><net_sink comp="1388" pin=0"/></net>

<net id="1392"><net_src comp="1388" pin="1"/><net_sink comp="231" pin=1"/></net>

<net id="1396"><net_src comp="826" pin="1"/><net_sink comp="1393" pin=0"/></net>

<net id="1397"><net_src comp="1393" pin="1"/><net_sink comp="231" pin=0"/></net>

<net id="1401"><net_src comp="231" pin="2"/><net_sink comp="1398" pin=0"/></net>

<net id="1402"><net_src comp="1398" pin="1"/><net_sink comp="227" pin=1"/></net>

<net id="1406"><net_src comp="831" pin="1"/><net_sink comp="1403" pin=0"/></net>

<net id="1407"><net_src comp="1403" pin="1"/><net_sink comp="231" pin=1"/></net>

<net id="1411"><net_src comp="836" pin="1"/><net_sink comp="1408" pin=0"/></net>

<net id="1412"><net_src comp="1408" pin="1"/><net_sink comp="231" pin=0"/></net>

<net id="1416"><net_src comp="231" pin="2"/><net_sink comp="1413" pin=0"/></net>

<net id="1417"><net_src comp="1413" pin="1"/><net_sink comp="227" pin=1"/></net>

<net id="1421"><net_src comp="841" pin="1"/><net_sink comp="1418" pin=0"/></net>

<net id="1422"><net_src comp="1418" pin="1"/><net_sink comp="231" pin=1"/></net>

<net id="1426"><net_src comp="846" pin="1"/><net_sink comp="1423" pin=0"/></net>

<net id="1427"><net_src comp="1423" pin="1"/><net_sink comp="231" pin=0"/></net>

<net id="1431"><net_src comp="231" pin="2"/><net_sink comp="1428" pin=0"/></net>

<net id="1432"><net_src comp="1428" pin="1"/><net_sink comp="227" pin=1"/></net>

<net id="1436"><net_src comp="851" pin="1"/><net_sink comp="1433" pin=0"/></net>

<net id="1437"><net_src comp="1433" pin="1"/><net_sink comp="231" pin=1"/></net>

<net id="1441"><net_src comp="856" pin="1"/><net_sink comp="1438" pin=0"/></net>

<net id="1442"><net_src comp="1438" pin="1"/><net_sink comp="231" pin=0"/></net>

<net id="1446"><net_src comp="231" pin="2"/><net_sink comp="1443" pin=0"/></net>

<net id="1447"><net_src comp="1443" pin="1"/><net_sink comp="227" pin=1"/></net>

<net id="1451"><net_src comp="861" pin="1"/><net_sink comp="1448" pin=0"/></net>

<net id="1452"><net_src comp="1448" pin="1"/><net_sink comp="231" pin=1"/></net>

<net id="1456"><net_src comp="866" pin="1"/><net_sink comp="1453" pin=0"/></net>

<net id="1457"><net_src comp="1453" pin="1"/><net_sink comp="231" pin=0"/></net>

<net id="1461"><net_src comp="231" pin="2"/><net_sink comp="1458" pin=0"/></net>

<net id="1462"><net_src comp="1458" pin="1"/><net_sink comp="227" pin=1"/></net>

<net id="1466"><net_src comp="871" pin="1"/><net_sink comp="1463" pin=0"/></net>

<net id="1467"><net_src comp="1463" pin="1"/><net_sink comp="231" pin=1"/></net>

<net id="1471"><net_src comp="163" pin="2"/><net_sink comp="1468" pin=0"/></net>

<net id="1472"><net_src comp="1468" pin="1"/><net_sink comp="975" pin=0"/></net>

<net id="1476"><net_src comp="908" pin="2"/><net_sink comp="1473" pin=0"/></net>

<net id="1477"><net_src comp="1473" pin="1"/><net_sink comp="962" pin=2"/></net>

<net id="1481"><net_src comp="946" pin="2"/><net_sink comp="1478" pin=0"/></net>

<net id="1482"><net_src comp="1478" pin="1"/><net_sink comp="962" pin=1"/></net>

<net id="1486"><net_src comp="952" pin="1"/><net_sink comp="1483" pin=0"/></net>

<net id="1487"><net_src comp="1483" pin="1"/><net_sink comp="231" pin=0"/></net>

<net id="1491"><net_src comp="231" pin="2"/><net_sink comp="1488" pin=0"/></net>

<net id="1492"><net_src comp="1488" pin="1"/><net_sink comp="227" pin=1"/></net>

<net id="1496"><net_src comp="957" pin="1"/><net_sink comp="1493" pin=0"/></net>

<net id="1497"><net_src comp="1493" pin="1"/><net_sink comp="231" pin=1"/></net>

<net id="1501"><net_src comp="970" pin="1"/><net_sink comp="1498" pin=0"/></net>

<net id="1502"><net_src comp="1498" pin="1"/><net_sink comp="231" pin=0"/></net>

<net id="1506"><net_src comp="231" pin="2"/><net_sink comp="1503" pin=0"/></net>

<net id="1507"><net_src comp="1503" pin="1"/><net_sink comp="227" pin=1"/></net>

<net id="1511"><net_src comp="975" pin="1"/><net_sink comp="1508" pin=0"/></net>

<net id="1512"><net_src comp="1508" pin="1"/><net_sink comp="231" pin=1"/></net>

<net id="1516"><net_src comp="979" pin="2"/><net_sink comp="1513" pin=0"/></net>

<net id="1517"><net_src comp="1513" pin="1"/><net_sink comp="985" pin=0"/></net>

<net id="1521"><net_src comp="231" pin="2"/><net_sink comp="1518" pin=0"/></net>

<net id="1522"><net_src comp="1518" pin="1"/><net_sink comp="227" pin=1"/></net>

<net id="1526"><net_src comp="231" pin="2"/><net_sink comp="1523" pin=0"/></net>

<net id="1527"><net_src comp="1523" pin="1"/><net_sink comp="227" pin=1"/></net>

<net id="1531"><net_src comp="231" pin="2"/><net_sink comp="1528" pin=0"/></net>

<net id="1532"><net_src comp="1528" pin="1"/><net_sink comp="227" pin=1"/></net>

<net id="1536"><net_src comp="231" pin="2"/><net_sink comp="1533" pin=0"/></net>

<net id="1537"><net_src comp="1533" pin="1"/><net_sink comp="227" pin=1"/></net>

</net_list>

</model> 
---------------- Datapath Model END ------------------

* FSMD analyzer results:
  - Output states:
	Port: conv1_output | {241 }
 - Input state : 
	Port: lenet_full_top_Pipeline_OUTPUT_ROW_OUTPUT_COL : gmem1 | {2 3 4 5 6 7 8 9 10 11 12 13 14 15 16 17 18 19 20 21 22 23 24 25 26 27 28 29 30 31 32 33 }
	Port: lenet_full_top_Pipeline_OUTPUT_ROW_OUTPUT_COL : gmem0 | {3 4 5 6 7 8 9 10 11 12 13 14 15 16 17 18 19 20 21 22 23 24 25 26 27 28 29 30 31 32 33 34 }
	Port: lenet_full_top_Pipeline_OUTPUT_ROW_OUTPUT_COL : sext_ln35 | {1 }
	Port: lenet_full_top_Pipeline_OUTPUT_ROW_OUTPUT_COL : empty | {1 }
	Port: lenet_full_top_Pipeline_OUTPUT_ROW_OUTPUT_COL : feature_in | {1 }
	Port: lenet_full_top_Pipeline_OUTPUT_ROW_OUTPUT_COL : accumulator_2 | {1 }
  - Chain level:
	State 1
		store_ln0 : 1
		store_ln0 : 1
		store_ln0 : 1
		output_row_2 : 1
		indvar_flatten_load : 1
		icmp_ln53 : 2
		br_ln53 : 3
		output_col_1_load : 1
		icmp_ln55 : 2
		tmp5_178199 : 2
	State 2
		tmp_s : 1
		p_cast66 : 2
		empty_57 : 3
		trunc_ln3 : 4
		sext_ln18 : 5
		gmem0_addr : 6
		empty_67 : 1
		store_ln55 : 1
	State 3
	State 4
	State 5
	State 6
	State 7
		tmp_17 : 1
		p_cast67 : 2
		empty_59 : 3
		trunc_ln18_1 : 4
		sext_ln18_1 : 5
		gmem0_addr_1 : 6
	State 8
	State 9
	State 10
	State 11
		add_ln53 : 1
		mul_i5_i : 1
	State 12
		p_cast68 : 1
		empty_61 : 2
		trunc_ln18_2 : 3
		sext_ln18_2 : 4
		gmem0_addr_2 : 5
		mul_i5_i_1 : 1
	State 13
		mul_i5_i_2 : 1
	State 14
		mul_i5_i_3 : 1
	State 15
		mul_i5_i_4 : 1
	State 16
		add_ln53_1 : 1
		mul_i5_i_5 : 1
	State 17
		p_cast69 : 1
		empty_63 : 2
		trunc_ln18_3 : 3
		sext_ln18_3 : 4
		gmem0_addr_3 : 5
		mul_i5_i_6 : 1
	State 18
		mul_i5_i_7 : 1
	State 19
		mul_i5_i_8 : 1
	State 20
		mul_i5_i_9 : 1
	State 21
		add_ln53_2 : 1
		mul_i5_i_s : 1
	State 22
		p_cast70 : 1
		empty_65 : 2
		trunc_ln18_4 : 3
		sext_ln18_4 : 4
		gmem0_addr_4 : 5
		mul_i5_i_10 : 1
	State 23
		mul_i5_i_11 : 1
	State 24
		mul_i5_i_12 : 1
	State 25
		mul_i5_i_13 : 1
		store_ln55 : 1
		store_ln55 : 1
	State 26
		mul_i5_i_14 : 1
	State 27
		mul_i5_i_15 : 1
	State 28
		mul_i5_i_16 : 1
	State 29
		mul_i5_i_17 : 1
	State 30
		mul_i5_i_18 : 1
	State 31
		mul_i5_i_19 : 1
	State 32
		mul_i5_i_20 : 1
	State 33
		mul_i5_i_21 : 1
	State 34
		empty_52 : 1
		empty_53 : 2
		p_shl2 : 3
		p_shl3 : 2
		p_shl3_cast : 3
		empty_54 : 4
		p_mid1 : 1
		empty_56 : 2
		p_shl2_mid1 : 3
		p_shl3_mid1 : 2
		p_shl3_cast_mid1 : 3
		p_mid13 : 4
		mul_i5_i_22 : 1
	State 35
		mul_i5_i_23 : 1
		add_ln76 : 1
	State 36
	State 37
	State 38
	State 39
	State 40
	State 41
	State 42
	State 43
	State 44
	State 45
	State 46
	State 47
	State 48
	State 49
	State 50
	State 51
	State 52
	State 53
	State 54
	State 55
	State 56
	State 57
	State 58
	State 59
	State 60
	State 61
	State 62
	State 63
	State 64
	State 65
	State 66
	State 67
	State 68
	State 69
	State 70
	State 71
	State 72
	State 73
	State 74
	State 75
	State 76
	State 77
	State 78
	State 79
	State 80
	State 81
	State 82
	State 83
	State 84
	State 85
	State 86
	State 87
	State 88
	State 89
	State 90
	State 91
	State 92
	State 93
	State 94
	State 95
	State 96
	State 97
	State 98
	State 99
	State 100
	State 101
	State 102
	State 103
	State 104
	State 105
	State 106
	State 107
	State 108
	State 109
	State 110
	State 111
	State 112
	State 113
	State 114
	State 115
	State 116
	State 117
	State 118
	State 119
	State 120
	State 121
	State 122
	State 123
	State 124
	State 125
	State 126
	State 127
	State 128
	State 129
	State 130
	State 131
	State 132
	State 133
	State 134
	State 135
	State 136
	State 137
	State 138
	State 139
	State 140
	State 141
	State 142
	State 143
	State 144
	State 145
	State 146
	State 147
	State 148
	State 149
	State 150
	State 151
	State 152
	State 153
	State 154
	State 155
	State 156
	State 157
	State 158
	State 159
	State 160
	State 161
	State 162
	State 163
	State 164
	State 165
	State 166
	State 167
	State 168
	State 169
	State 170
	State 171
	State 172
	State 173
	State 174
	State 175
	State 176
	State 177
	State 178
	State 179
	State 180
	State 181
	State 182
	State 183
	State 184
	State 185
	State 186
	State 187
	State 188
	State 189
	State 190
	State 191
	State 192
	State 193
	State 194
	State 195
	State 196
	State 197
	State 198
	State 199
	State 200
	State 201
	State 202
	State 203
	State 204
	State 205
	State 206
	State 207
	State 208
	State 209
	State 210
	State 211
	State 212
	State 213
	State 214
	State 215
	State 216
	State 217
	State 218
	State 219
	State 220
	State 221
	State 222
	State 223
	State 224
	State 225
	State 226
	State 227
	State 228
	State 229
	State 230
	State 231
	State 232
	State 233
	State 234
	State 235
	State 236
	State 237
	State 238
	State 239
	State 240
	State 241
		conv1_output_addr : 1
		store_ln77 : 2


============================================================
+ Verbose Summary: Datapath Resource usage 
============================================================

* Functional unit list:
|----------|--------------------------------|---------|---------|---------|
| Operation|         Functional Unit        |   DSP   |    FF   |   LUT   |
|----------|--------------------------------|---------|---------|---------|
|   fadd   |           grp_fu_227           |    2    |   324   |   424   |
|----------|--------------------------------|---------|---------|---------|
|          |       tmp5_178199_fu_364       |    0    |    0    |    13   |
|          |         empty_57_fu_401        |    0    |    0    |    71   |
|          |      tmp5_178_mid1_fu_431      |    0    |    0    |    13   |
|          |         empty_59_fu_454        |    0    |    0    |    71   |
|          |         add_ln53_fu_486        |    0    |    0    |    13   |
|          |         empty_61_fu_518        |    0    |    0    |    71   |
|          |        add_ln53_1_fu_585       |    0    |    0    |    13   |
|    add   |         empty_63_fu_617        |    0    |    0    |    71   |
|          |        add_ln53_2_fu_684       |    0    |    0    |    13   |
|          |         empty_65_fu_716        |    0    |    0    |    71   |
|          |        add_ln53_3_fu_766       |    0    |    0    |    13   |
|          |         add_ln55_fu_781        |    0    |    0    |    13   |
|          |         empty_52_fu_879        |    0    |    0    |    14   |
|          |          p_mid1_fu_917         |    0    |    0    |    14   |
|          |         add_ln76_fu_979        |    0    |    0    |    14   |
|----------|--------------------------------|---------|---------|---------|
|   fmul   |           grp_fu_231           |    3    |   151   |   325   |
|----------|--------------------------------|---------|---------|---------|
|          |       select_ln53_fu_376       |    0    |    0    |    5    |
|          |      select_ln53_6_fu_382      |    0    |    0    |    5    |
|          |      select_ln53_2_fu_436      |    0    |    0    |    5    |
|  select  |      select_ln53_3_fu_479      |    0    |    0    |    3    |
|          |      select_ln53_4_fu_578      |    0    |    0    |    4    |
|          |      select_ln53_5_fu_677      |    0    |    0    |    4    |
|          |      select_ln53_1_fu_962      |    0    |    0    |    13   |
|----------|--------------------------------|---------|---------|---------|
|    sub   |         empty_54_fu_908        |    0    |    0    |    14   |
|          |         p_mid13_fu_946         |    0    |    0    |    14   |
|----------|--------------------------------|---------|---------|---------|
|   icmp   |        icmp_ln53_fu_349        |    0    |    0    |    11   |
|          |        icmp_ln55_fu_358        |    0    |    0    |    9    |
|----------|--------------------------------|---------|---------|---------|
|          | accumulator_2_read_read_fu_118 |    0    |    0    |    0    |
|          |   feature_in_read_read_fu_124  |    0    |    0    |    0    |
|          |         tmp_read_fu_130        |    0    |    0    |    0    |
|          |   sext_ln35_read_read_fu_136   |    0    |    0    |    0    |
|   read   |         grp_read_fu_163        |    0    |    0    |    0    |
|          |         grp_read_fu_168        |    0    |    0    |    0    |
|          |         grp_read_fu_180        |    0    |    0    |    0    |
|          |         grp_read_fu_192        |    0    |    0    |    0    |
|          |         grp_read_fu_204        |    0    |    0    |    0    |
|          |         grp_read_fu_209        |    0    |    0    |    0    |
|----------|--------------------------------|---------|---------|---------|
|          |       grp_readreq_fu_142       |    0    |    0    |    0    |
|          |       grp_readreq_fu_149       |    0    |    0    |    0    |
|  readreq |       grp_readreq_fu_156       |    0    |    0    |    0    |
|          |       grp_readreq_fu_173       |    0    |    0    |    0    |
|          |       grp_readreq_fu_185       |    0    |    0    |    0    |
|          |       grp_readreq_fu_197       |    0    |    0    |    0    |
|----------|--------------------------------|---------|---------|---------|
|          |      sext_ln35_cast_fu_324     |    0    |    0    |    0    |
|          |        sext_ln18_fu_416        |    0    |    0    |    0    |
|          |       sext_ln18_1_fu_469       |    0    |    0    |    0    |
|   sext   |       sext_ln18_2_fu_533       |    0    |    0    |    0    |
|          |       sext_ln18_3_fu_632       |    0    |    0    |    0    |
|          |       sext_ln18_4_fu_731       |    0    |    0    |    0    |
|          |       p_shl3_cast_fu_904       |    0    |    0    |    0    |
|          |     p_shl3_cast_mid1_fu_942    |    0    |    0    |    0    |
|----------|--------------------------------|---------|---------|---------|
|          |          tmp_s_fu_387          |    0    |    0    |    0    |
|          |          tmp_17_fu_441         |    0    |    0    |    0    |
|          |          tmp_18_fu_506         |    0    |    0    |    0    |
|          |          tmp_19_fu_605         |    0    |    0    |    0    |
|bitconcatenate|          tmp_20_fu_704         |    0    |    0    |    0    |
|          |          p_shl2_fu_888         |    0    |    0    |    0    |
|          |          p_shl3_fu_896         |    0    |    0    |    0    |
|          |       p_shl2_mid1_fu_926       |    0    |    0    |    0    |
|          |       p_shl3_mid1_fu_934       |    0    |    0    |    0    |
|----------|--------------------------------|---------|---------|---------|
|          |         p_cast66_fu_397        |    0    |    0    |    0    |
|          |         p_cast67_fu_450        |    0    |    0    |    0    |
|          |         p_cast68_fu_514        |    0    |    0    |    0    |
|          |         p_cast69_fu_613        |    0    |    0    |    0    |
|   zext   |         p_cast70_fu_712        |    0    |    0    |    0    |
|          |        zext_ln53_fu_876        |    0    |    0    |    0    |
|          |       zext_ln53_1_fu_914       |    0    |    0    |    0    |
|          |   output_col_4_cast31_fu_967   |    0    |    0    |    0    |
|          |        zext_ln77_fu_985        |    0    |    0    |    0    |
|----------|--------------------------------|---------|---------|---------|
|          |        trunc_ln3_fu_406        |    0    |    0    |    0    |
|          |       trunc_ln18_1_fu_459      |    0    |    0    |    0    |
|partselect|       trunc_ln18_2_fu_523      |    0    |    0    |    0    |
|          |       trunc_ln18_3_fu_622      |    0    |    0    |    0    |
|          |       trunc_ln18_4_fu_721      |    0    |    0    |    0    |
|----------|--------------------------------|---------|---------|---------|
|   trunc  |         empty_53_fu_884        |    0    |    0    |    0    |
|          |         empty_56_fu_922        |    0    |    0    |    0    |
|----------|--------------------------------|---------|---------|---------|
|   Total  |                                |    5    |   475   |   1324  |
|----------|--------------------------------|---------|---------|---------|

Memories:
N/A

* Register list:
+----------------------------+--------+
|                            |   FF   |
+----------------------------+--------+
| accumulator_2_read_reg_1010|   32   |
|     add_ln53_1_reg_1176    |    5   |
|     add_ln53_2_reg_1262    |    5   |
|      add_ln53_reg_1110     |    5   |
|      add_ln76_reg_1513     |   13   |
|  bitcast_ln36_10_reg_1277  |   32   |
|  bitcast_ln36_11_reg_1298  |   32   |
|  bitcast_ln36_12_reg_1313  |   32   |
|  bitcast_ln36_13_reg_1328  |   32   |
|  bitcast_ln36_14_reg_1343  |   32   |
|  bitcast_ln36_15_reg_1358  |   32   |
|  bitcast_ln36_16_reg_1373  |   32   |
|  bitcast_ln36_17_reg_1388  |   32   |
|  bitcast_ln36_18_reg_1403  |   32   |
|  bitcast_ln36_19_reg_1418  |   32   |
|   bitcast_ln36_1_reg_1136  |   32   |
|  bitcast_ln36_20_reg_1433  |   32   |
|  bitcast_ln36_21_reg_1448  |   32   |
|  bitcast_ln36_22_reg_1463  |   32   |
|  bitcast_ln36_23_reg_1493  |   32   |
|  bitcast_ln36_24_reg_1508  |   32   |
|   bitcast_ln36_2_reg_1146  |   32   |
|   bitcast_ln36_3_reg_1156  |   32   |
|   bitcast_ln36_4_reg_1171  |   32   |
|   bitcast_ln36_5_reg_1191  |   32   |
|   bitcast_ln36_6_reg_1212  |   32   |
|   bitcast_ln36_7_reg_1227  |   32   |
|   bitcast_ln36_8_reg_1242  |   32   |
|   bitcast_ln36_9_reg_1257  |   32   |
|    bitcast_ln36_reg_1120   |   32   |
|      empty_54_reg_1473     |   13   |
|  feature_in_read_reg_1015  |   64   |
|    gmem0_addr_1_reg_1104   |   32   |
|    gmem0_addr_2_reg_1130   |   32   |
|    gmem0_addr_3_reg_1201   |   32   |
|    gmem0_addr_4_reg_1287   |   32   |
|     gmem0_addr_reg_1093    |   32   |
| gmem1_addr_read_24_reg_1468|   32   |
|     gmem1_addr_reg_1077    |   32   |
|     icmp_ln53_reg_1050     |    1   |
|     icmp_ln55_reg_1059     |    1   |
|indvar_flatten_load_reg_1045|   10   |
|   indvar_flatten_reg_1003  |   10   |
|    mul_i5_i_10_reg_1353    |   32   |
|    mul_i5_i_11_reg_1368    |   32   |
|    mul_i5_i_12_reg_1383    |   32   |
|    mul_i5_i_13_reg_1398    |   32   |
|    mul_i5_i_14_reg_1413    |   32   |
|    mul_i5_i_15_reg_1428    |   32   |
|    mul_i5_i_16_reg_1443    |   32   |
|    mul_i5_i_17_reg_1458    |   32   |
|    mul_i5_i_18_reg_1488    |   32   |
|    mul_i5_i_19_reg_1503    |   32   |
|     mul_i5_i_1_reg_1186    |   32   |
|    mul_i5_i_20_reg_1518    |   32   |
|    mul_i5_i_21_reg_1523    |   32   |
|    mul_i5_i_22_reg_1528    |   32   |
|    mul_i5_i_23_reg_1533    |   32   |
|     mul_i5_i_2_reg_1207    |   32   |
|     mul_i5_i_3_reg_1222    |   32   |
|     mul_i5_i_4_reg_1237    |   32   |
|     mul_i5_i_5_reg_1252    |   32   |
|     mul_i5_i_6_reg_1272    |   32   |
|     mul_i5_i_7_reg_1293    |   32   |
|     mul_i5_i_8_reg_1308    |   32   |
|     mul_i5_i_9_reg_1323    |   32   |
|      mul_i5_i_reg_1166     |   32   |
|     mul_i5_i_s_reg_1338    |   32   |
| output_col_1_load_reg_1054 |    5   |
|    output_col_1_reg_989    |    5   |
|    output_row_2_reg_1035   |    5   |
|     output_row_reg_996     |    5   |
|      p_mid13_reg_1478      |   13   |
|           reg_235          |   32   |
|           reg_239          |   32   |
|           reg_243          |   32   |
|           reg_247          |   32   |
|           reg_251          |   32   |
|           reg_255          |   32   |
|           reg_260          |   32   |
|           reg_264          |   32   |
|           reg_268          |   32   |
|           reg_274          |   32   |
|           reg_279          |   32   |
|           reg_284          |   32   |
|           reg_289          |   32   |
|           reg_294          |   32   |
|           reg_299          |   32   |
|           reg_304          |   32   |
|           reg_309          |   32   |
|           reg_314          |   32   |
|           reg_319          |   32   |
|    select_ln53_reg_1083    |    5   |
|   sext_ln35_cast_reg_1030  |   64   |
|    tmp5_178199_reg_1070    |    5   |
|   tmp5_178_mid1_reg_1099   |    5   |
|        tmp_reg_1024        |    9   |
|      window_0_reg_1115     |   32   |
|     window_10_reg_1267     |   32   |
|     window_11_reg_1282     |   32   |
|     window_12_reg_1303     |   32   |
|     window_13_reg_1318     |   32   |
|     window_14_reg_1333     |   32   |
|     window_15_reg_1348     |   32   |
|     window_16_reg_1363     |   32   |
|     window_17_reg_1378     |   32   |
|     window_18_reg_1393     |   32   |
|     window_19_reg_1408     |   32   |
|      window_1_reg_1125     |   32   |
|     window_20_reg_1423     |   32   |
|     window_21_reg_1438     |   32   |
|     window_22_reg_1453     |   32   |
|     window_23_reg_1483     |   32   |
|     window_24_reg_1498     |   32   |
|      window_2_reg_1141     |   32   |
|      window_3_reg_1151     |   32   |
|      window_4_reg_1161     |   32   |
|      window_5_reg_1181     |   32   |
|      window_6_reg_1196     |   32   |
|      window_7_reg_1217     |   32   |
|      window_8_reg_1232     |   32   |
|      window_9_reg_1247     |   32   |
+----------------------------+--------+
|            Total           |  3512  |
+----------------------------+--------+

* Multiplexer (MUX) list: 
|--------------------|------|------|------|--------||---------||---------|
|        Comp        |  Pin | Size |  BW  | S x BW ||  Delay  ||   LUT   |
|--------------------|------|------|------|--------||---------||---------|
| grp_readreq_fu_142 |  p1  |   2  |  32  |   64   ||    9    |
|     grp_fu_227     |  p0  |  13  |  32  |   416  ||    65   |
|     grp_fu_227     |  p1  |  25  |  32  |   800  ||   113   |
|     grp_fu_231     |  p0  |  50  |  32  |  1600  ||   217   |
|     grp_fu_231     |  p1  |  50  |  32  |  1600  ||   217   |
|--------------------|------|------|------|--------||---------||---------|
|        Total       |      |      |      |  4480  || 13.7472 ||   621   |
|--------------------|------|------|------|--------||---------||---------|



* Summary:
+-----------+--------+--------+--------+--------+
|           |   DSP  |  Delay |   FF   |   LUT  |
+-----------+--------+--------+--------+--------+
|  Function |    5   |    -   |   475  |  1324  |
|   Memory  |    -   |    -   |    -   |    -   |
|Multiplexer|    -   |   13   |    -   |   621  |
|  Register |    -   |    -   |  3512  |    -   |
+-----------+--------+--------+--------+--------+
|   Total   |    5   |   13   |  3987  |  1945  |
+-----------+--------+--------+--------+--------+
