

================================================================
== Vitis HLS Report for 'lenet_full_top_Pipeline_INPUT_CHANNEL'
================================================================
* Date:           Sun Sep  6 21:25:35 2026

* Version:        2022.2 (Build 3670227 on Oct 13 2022)
* Project:        clk_7ns
* Solution:       solution1 (Vivado IP Flow Target)
* Product family: zynq
* Target device:  xc7z020-clg400-1


================================================================
== Performance Estimates
================================================================
+ Timing: 
    * Summary: 
    +--------+---------+----------+------------+
    |  Clock |  Target | Estimated| Uncertainty|
    +--------+---------+----------+------------+
    |ap_clk  |  7.00 ns|  5.110 ns|     1.89 ns|
    +--------+---------+----------+------------+

+ Latency: 
    * Summary: 
    +---------+---------+----------+----------+------+------+---------+
    |  Latency (cycles) |  Latency (absolute) |   Interval  | Pipeline|
    |   min   |   max   |    min   |    max   |  min |  max |   Type  |
    +---------+---------+----------+----------+------+------+---------+
    |     1361|     1361|  9.527 us|  9.527 us|  1361|  1361|       no|
    +---------+---------+----------+----------+------+------+---------+

    + Detail: 
        * Instance: 
        N/A

        * Loop: 
        +-----------------+---------+---------+----------+-----------+-----------+------+----------+
        |                 |  Latency (cycles) | Iteration|  Initiation Interval  | Trip |          |
        |    Loop Name    |   min   |   max   |  Latency |  achieved |   target  | Count| Pipelined|
        +-----------------+---------+---------+----------+-----------+-----------+------+----------+
        |- INPUT_CHANNEL  |     1359|     1359|       235|        225|          1|     6|       yes|
        +-----------------+---------+---------+----------+-----------+-----------+------+----------+

============================================================
+ Verbose Summary: Synthesis Manager
============================================================
InlineROM: 1
ExposeGlobal: 0
============================================================
+ Verbose Summary: CDFG Model
============================================================
IsTopModel: 0
ResetActiveHigh: 1
IsCombinational: 0
IsDatapathOnly: 0
HasWiredReturn: 1
HasMFsm: 2
HasVarLatency: 1
IsPipeline: 0
IsRtlPipelined: 0
IsInstanceOverlapped: 0
IsDontTouch: 0
HasImplIP: 0
IsGatedGlobalClock: 0

+ Individual pipeline summary: 
  * Pipeline-0: initiation interval (II) = 225, depth = 235


============================================================
+ Verbose Summary: Schedule
============================================================
* Number of FSM states : 235
* Pipeline : 1
  Pipeline-0 : II = 225, D = 235, States = { 1 2 3 4 5 6 7 8 9 10 11 12 13 14 15 16 17 18 19 20 21 22 23 24 25 26 27 28 29 30 31 32 33 34 35 36 37 38 39 40 41 42 43 44 45 46 47 48 49 50 51 52 53 54 55 56 57 58 59 60 61 62 63 64 65 66 67 68 69 70 71 72 73 74 75 76 77 78 79 80 81 82 83 84 85 86 87 88 89 90 91 92 93 94 95 96 97 98 99 100 101 102 103 104 105 106 107 108 109 110 111 112 113 114 115 116 117 118 119 120 121 122 123 124 125 126 127 128 129 130 131 132 133 134 135 136 137 138 139 140 141 142 143 144 145 146 147 148 149 150 151 152 153 154 155 156 157 158 159 160 161 162 163 164 165 166 167 168 169 170 171 172 173 174 175 176 177 178 179 180 181 182 183 184 185 186 187 188 189 190 191 192 193 194 195 196 197 198 199 200 201 202 203 204 205 206 207 208 209 210 211 212 213 214 215 216 217 218 219 220 221 222 223 224 225 226 227 228 229 230 231 232 233 234 235 }
* Dataflow Pipeline: 0

* FSM state transitions: 
1 --> 2 
2 --> 3 
3 --> 4 
4 --> 5 
5 --> 6 
6 --> 7 
7 --> 8 
8 --> 9 
9 --> 10 
10 --> 11 
11 --> 12 
12 --> 13 
13 --> 14 
14 --> 15 
15 --> 16 
16 --> 17 
17 --> 18 
18 --> 19 
19 --> 20 
20 --> 21 
21 --> 22 
22 --> 23 
23 --> 24 
24 --> 25 
25 --> 26 
26 --> 27 
27 --> 28 
28 --> 29 
29 --> 30 
30 --> 31 
31 --> 32 
32 --> 33 
33 --> 34 
34 --> 35 
35 --> 36 
36 --> 37 
37 --> 38 
38 --> 39 
39 --> 40 
40 --> 41 
41 --> 42 
42 --> 43 
43 --> 44 
44 --> 45 
45 --> 46 
46 --> 47 
47 --> 48 
48 --> 49 
49 --> 50 
50 --> 51 
51 --> 52 
52 --> 53 
53 --> 54 
54 --> 55 
55 --> 56 
56 --> 57 
57 --> 58 
58 --> 59 
59 --> 60 
60 --> 61 
61 --> 62 
62 --> 63 
63 --> 64 
64 --> 65 
65 --> 66 
66 --> 67 
67 --> 68 
68 --> 69 
69 --> 70 
70 --> 71 
71 --> 72 
72 --> 73 
73 --> 74 
74 --> 75 
75 --> 76 
76 --> 77 
77 --> 78 
78 --> 79 
79 --> 80 
80 --> 81 
81 --> 82 
82 --> 83 
83 --> 84 
84 --> 85 
85 --> 86 
86 --> 87 
87 --> 88 
88 --> 89 
89 --> 90 
90 --> 91 
91 --> 92 
92 --> 93 
93 --> 94 
94 --> 95 
95 --> 96 
96 --> 97 
97 --> 98 
98 --> 99 
99 --> 100 
100 --> 101 
101 --> 102 
102 --> 103 
103 --> 104 
104 --> 105 
105 --> 106 
106 --> 107 
107 --> 108 
108 --> 109 
109 --> 110 
110 --> 111 
111 --> 112 
112 --> 113 
113 --> 114 
114 --> 115 
115 --> 116 
116 --> 117 
117 --> 118 
118 --> 119 
119 --> 120 
120 --> 121 
121 --> 122 
122 --> 123 
123 --> 124 
124 --> 125 
125 --> 126 
126 --> 127 
127 --> 128 
128 --> 129 
129 --> 130 
130 --> 131 
131 --> 132 
132 --> 133 
133 --> 134 
134 --> 135 
135 --> 136 
136 --> 137 
137 --> 138 
138 --> 139 
139 --> 140 
140 --> 141 
141 --> 142 
142 --> 143 
143 --> 144 
144 --> 145 
145 --> 146 
146 --> 147 
147 --> 148 
148 --> 149 
149 --> 150 
150 --> 151 
151 --> 152 
152 --> 153 
153 --> 154 
154 --> 155 
155 --> 156 
156 --> 157 
157 --> 158 
158 --> 159 
159 --> 160 
160 --> 161 
161 --> 162 
162 --> 163 
163 --> 164 
164 --> 165 
165 --> 166 
166 --> 167 
167 --> 168 
168 --> 169 
169 --> 170 
170 --> 171 
171 --> 172 
172 --> 173 
173 --> 174 
174 --> 175 
175 --> 176 
176 --> 177 
177 --> 178 
178 --> 179 
179 --> 180 
180 --> 181 
181 --> 182 
182 --> 183 
183 --> 184 
184 --> 185 
185 --> 186 
186 --> 187 
187 --> 188 
188 --> 189 
189 --> 190 
190 --> 191 
191 --> 192 
192 --> 193 
193 --> 194 
194 --> 195 
195 --> 196 
196 --> 197 
197 --> 198 
198 --> 199 
199 --> 200 
200 --> 201 
201 --> 202 
202 --> 203 
203 --> 204 
204 --> 205 
205 --> 206 
206 --> 207 
207 --> 208 
208 --> 209 
209 --> 210 
210 --> 211 
211 --> 212 
212 --> 213 
213 --> 214 
214 --> 215 
215 --> 216 
216 --> 217 
217 --> 218 
218 --> 219 
219 --> 220 
220 --> 221 
221 --> 222 
222 --> 223 
223 --> 224 
224 --> 225 
225 --> 226 
226 --> 227 
227 --> 228 
228 --> 229 
229 --> 230 
230 --> 231 
231 --> 232 
232 --> 233 
233 --> 234 
234 --> 235 
235 --> 

* FSM state operations: 

State 1 <SV = 0> <Delay = 3.58>
ST_1 : Operation 238 [1/1] (0.00ns)   --->   "%accumulator = alloca i32 1"   --->   Operation 238 'alloca' 'accumulator' <Predicate = true> <Delay = 0.00>
ST_1 : Operation 239 [1/1] (0.00ns)   --->   "%input_channel = alloca i32 1"   --->   Operation 239 'alloca' 'input_channel' <Predicate = true> <Delay = 0.00>
ST_1 : Operation 240 [1/1] (0.00ns)   --->   "%zext_ln55_read = read i4 @_ssdm_op_Read.ap_auto.i4, i4 %zext_ln55"   --->   Operation 240 'read' 'zext_ln55_read' <Predicate = true> <Delay = 0.00>
ST_1 : Operation 241 [1/1] (0.00ns)   --->   "%zext_ln53_2_read = read i4 @_ssdm_op_Read.ap_auto.i4, i4 %zext_ln53_2"   --->   Operation 241 'read' 'zext_ln53_2_read' <Predicate = true> <Delay = 0.00>
ST_1 : Operation 242 [1/1] (0.00ns)   --->   "%sext_ln59_read = read i62 @_ssdm_op_Read.ap_auto.i62, i62 %sext_ln59"   --->   Operation 242 'read' 'sext_ln59_read' <Predicate = true> <Delay = 0.00>
ST_1 : Operation 243 [1/1] (0.00ns)   --->   "%zext_ln77_1_read = read i11 @_ssdm_op_Read.ap_auto.i11, i11 %zext_ln77_1"   --->   Operation 243 'read' 'zext_ln77_1_read' <Predicate = true> <Delay = 0.00>
ST_1 : Operation 244 [1/1] (0.00ns)   --->   "%accumulator_1_read = read i32 @_ssdm_op_Read.ap_auto.float, i32 %accumulator_1"   --->   Operation 244 'read' 'accumulator_1_read' <Predicate = true> <Delay = 0.00>
ST_1 : Operation 245 [1/1] (0.00ns)   --->   "%zext_ln55_cast = zext i4 %zext_ln55_read"   --->   Operation 245 'zext' 'zext_ln55_cast' <Predicate = true> <Delay = 0.00>
ST_1 : Operation 246 [1/1] (0.00ns)   --->   "%zext_ln53_2_cast = zext i4 %zext_ln53_2_read"   --->   Operation 246 'zext' 'zext_ln53_2_cast' <Predicate = true> <Delay = 0.00>
ST_1 : Operation 247 [1/1] (0.00ns)   --->   "%sext_ln59_cast = sext i62 %sext_ln59_read"   --->   Operation 247 'sext' 'sext_ln59_cast' <Predicate = true> <Delay = 0.00>
ST_1 : Operation 248 [1/1] (0.00ns)   --->   "%zext_ln77_1_cast = zext i11 %zext_ln77_1_read"   --->   Operation 248 'zext' 'zext_ln77_1_cast' <Predicate = true> <Delay = 0.00>
ST_1 : Operation 249 [1/1] (0.00ns)   --->   "%specinterface_ln0 = specinterface void @_ssdm_op_SpecInterface, i32 %gmem1, void @empty, i32 0, i32 0, void @empty_0, i32 0, i32 61470, void @empty_3, void @empty_2, void @empty_0, i32 16, i32 16, i32 16, i32 16, void @empty_0, void @empty_0, i32 4294967295, i32 0"   --->   Operation 249 'specinterface' 'specinterface_ln0' <Predicate = true> <Delay = 0.00>
ST_1 : Operation 250 [1/1] (1.58ns)   --->   "%store_ln0 = store i3 0, i3 %input_channel"   --->   Operation 250 'store' 'store_ln0' <Predicate = true> <Delay = 1.58>
ST_1 : Operation 251 [1/1] (1.58ns)   --->   "%store_ln0 = store i32 %accumulator_1_read, i32 %accumulator"   --->   Operation 251 'store' 'store_ln0' <Predicate = true> <Delay = 1.58>
ST_1 : Operation 252 [1/1] (0.00ns)   --->   "%br_ln0 = br void %for.body12.i"   --->   Operation 252 'br' 'br_ln0' <Predicate = true> <Delay = 0.00>
ST_1 : Operation 253 [1/1] (0.00ns)   --->   "%input_channel_2 = load i3 %input_channel" [D:/lenet_project/handoff/LeNet_DSE_Framework_2022_2/LeNet_DSE_Framework_2022_2/src/lenet_conv.cpp:60]   --->   Operation 253 'load' 'input_channel_2' <Predicate = true> <Delay = 0.00>
ST_1 : Operation 254 [1/1] (0.00ns)   --->   "%specbitsmap_ln0 = specbitsmap void @_ssdm_op_SpecBitsMap, i32 %gmem1"   --->   Operation 254 'specbitsmap' 'specbitsmap_ln0' <Predicate = true> <Delay = 0.00>
ST_1 : Operation 255 [1/1] (0.00ns)   --->   "%conv2_output_addr = getelementptr i32 %conv2_output, i64 0, i64 %zext_ln77_1_cast" [D:/lenet_project/handoff/LeNet_DSE_Framework_2022_2/LeNet_DSE_Framework_2022_2/src/lenet_conv.cpp:77]   --->   Operation 255 'getelementptr' 'conv2_output_addr' <Predicate = true> <Delay = 0.00>
ST_1 : Operation 256 [1/1] (0.00ns)   --->   "%gmem1_addr = getelementptr i32 %gmem1, i64 %sext_ln59_cast" [D:/lenet_project/handoff/LeNet_DSE_Framework_2022_2/LeNet_DSE_Framework_2022_2/src/lenet_conv.cpp:59]   --->   Operation 256 'getelementptr' 'gmem1_addr' <Predicate = true> <Delay = 0.00>
ST_1 : Operation 257 [1/1] (0.00ns)   --->   "%specpipeline_ln0 = specpipeline void @_ssdm_op_SpecPipeline, i32 4294967295, i32 0, i32 1, i32 0, void @p_str"   --->   Operation 257 'specpipeline' 'specpipeline_ln0' <Predicate = true> <Delay = 0.00>
ST_1 : Operation 258 [1/1] (1.13ns)   --->   "%icmp_ln59 = icmp_eq  i3 %input_channel_2, i3 6" [D:/lenet_project/handoff/LeNet_DSE_Framework_2022_2/LeNet_DSE_Framework_2022_2/src/lenet_conv.cpp:59]   --->   Operation 258 'icmp' 'icmp_ln59' <Predicate = true> <Delay = 1.13> <CoreInst = "Cmp">   --->   Core 9 'Cmp' <Latency = 0> <II = 1> <Delay = 1.13> <FuncUnit> <Opcode : 'icmp'> <InPorts = 2> <OutPorts = 1>
ST_1 : Operation 259 [1/1] (0.00ns)   --->   "%empty = speclooptripcount i32 @_ssdm_op_SpecLoopTripCount, i64 6, i64 6, i64 6"   --->   Operation 259 'speclooptripcount' 'empty' <Predicate = true> <Delay = 0.00>
ST_1 : Operation 260 [1/1] (1.65ns)   --->   "%add_ln60 = add i3 %input_channel_2, i3 1" [D:/lenet_project/handoff/LeNet_DSE_Framework_2022_2/LeNet_DSE_Framework_2022_2/src/lenet_conv.cpp:60]   --->   Operation 260 'add' 'add_ln60' <Predicate = true> <Delay = 1.65> <CoreInst = "Adder">   --->   Core 1 'Adder' <Latency = 0> <II = 1> <Delay = 1.65> <FuncUnit> <Opcode : 'add' 'sub'> <InPorts = 2> <OutPorts = 1>
ST_1 : Operation 261 [1/1] (0.00ns)   --->   "%br_ln59 = br i1 %icmp_ln59, void %for.body12.i.split, void %for.inc23.i.exitStub" [D:/lenet_project/handoff/LeNet_DSE_Framework_2022_2/LeNet_DSE_Framework_2022_2/src/lenet_conv.cpp:59]   --->   Operation 261 'br' 'br_ln59' <Predicate = true> <Delay = 0.00>
ST_1 : Operation 262 [1/1] (0.00ns)   --->   "%p_shl = bitconcatenate i7 @_ssdm_op_BitConcatenate.i7.i3.i4, i3 %input_channel_2, i4 0" [D:/lenet_project/handoff/LeNet_DSE_Framework_2022_2/LeNet_DSE_Framework_2022_2/src/lenet_conv.cpp:60]   --->   Operation 262 'bitconcatenate' 'p_shl' <Predicate = (!icmp_ln59)> <Delay = 0.00>
ST_1 : Operation 263 [1/1] (0.00ns)   --->   "%p_shl19_cast = zext i7 %p_shl" [D:/lenet_project/handoff/LeNet_DSE_Framework_2022_2/LeNet_DSE_Framework_2022_2/src/lenet_conv.cpp:60]   --->   Operation 263 'zext' 'p_shl19_cast' <Predicate = (!icmp_ln59)> <Delay = 0.00>
ST_1 : Operation 264 [1/1] (0.00ns)   --->   "%p_shl4 = bitconcatenate i4 @_ssdm_op_BitConcatenate.i4.i3.i1, i3 %input_channel_2, i1 0" [D:/lenet_project/handoff/LeNet_DSE_Framework_2022_2/LeNet_DSE_Framework_2022_2/src/lenet_conv.cpp:60]   --->   Operation 264 'bitconcatenate' 'p_shl4' <Predicate = (!icmp_ln59)> <Delay = 0.00>
ST_1 : Operation 265 [1/1] (0.00ns)   --->   "%p_shl20_cast = zext i4 %p_shl4" [D:/lenet_project/handoff/LeNet_DSE_Framework_2022_2/LeNet_DSE_Framework_2022_2/src/lenet_conv.cpp:60]   --->   Operation 265 'zext' 'p_shl20_cast' <Predicate = (!icmp_ln59)> <Delay = 0.00>
ST_1 : Operation 266 [1/1] (0.00ns) (grouped into TernaryAdder)   --->   "%newFirst = sub i8 %zext_ln53_2_cast, i8 %p_shl20_cast" [D:/lenet_project/handoff/LeNet_DSE_Framework_2022_2/LeNet_DSE_Framework_2022_2/src/lenet_conv.cpp:60]   --->   Operation 266 'sub' 'newFirst' <Predicate = (!icmp_ln59)> <Delay = 0.00> <CoreInst = "TAddSub">   --->   Core 10 'TAddSub' <Latency = 0> <II = 1> <Delay = 1.87> <IPBlock> <Opcode : 'add' 'sub'> <InPorts = 3> <OutPorts = 1> <Sync> <CReg>
ST_1 : Operation 267 [1/1] (3.58ns) (root node of TernaryAdder)   --->   "%newSecond = add i8 %p_shl19_cast, i8 %newFirst" [D:/lenet_project/handoff/LeNet_DSE_Framework_2022_2/LeNet_DSE_Framework_2022_2/src/lenet_conv.cpp:60]   --->   Operation 267 'add' 'newSecond' <Predicate = (!icmp_ln59)> <Delay = 3.58> <CoreInst = "TAddSub">   --->   Core 10 'TAddSub' <Latency = 0> <II = 1> <Delay = 1.87> <IPBlock> <Opcode : 'add' 'sub'> <InPorts = 3> <OutPorts = 1> <Sync> <CReg>
ST_1 : Operation 268 [1/1] (0.00ns)   --->   "%empty_79 = trunc i8 %newSecond" [D:/lenet_project/handoff/LeNet_DSE_Framework_2022_2/LeNet_DSE_Framework_2022_2/src/lenet_conv.cpp:60]   --->   Operation 268 'trunc' 'empty_79' <Predicate = (!icmp_ln59)> <Delay = 0.00>
ST_1 : Operation 269 [1/1] (1.13ns)   --->   "%ifzero = icmp_eq  i3 %add_ln60, i3 6" [D:/lenet_project/handoff/LeNet_DSE_Framework_2022_2/LeNet_DSE_Framework_2022_2/src/lenet_conv.cpp:60]   --->   Operation 269 'icmp' 'ifzero' <Predicate = (!icmp_ln59)> <Delay = 1.13> <CoreInst = "Cmp">   --->   Core 9 'Cmp' <Latency = 0> <II = 1> <Delay = 1.13> <FuncUnit> <Opcode : 'icmp'> <InPorts = 2> <OutPorts = 1>
ST_1 : Operation 270 [1/1] (0.00ns)   --->   "%br_ln60 = br i1 %ifzero, void %ifFalse, void %ifTrue" [D:/lenet_project/handoff/LeNet_DSE_Framework_2022_2/LeNet_DSE_Framework_2022_2/src/lenet_conv.cpp:60]   --->   Operation 270 'br' 'br_ln60' <Predicate = (!icmp_ln59)> <Delay = 0.00>

State 2 <SV = 1> <Delay = 5.11>
ST_2 : Operation 271 [1/1] (0.00ns)   --->   "%p_shl5 = bitconcatenate i11 @_ssdm_op_BitConcatenate.i11.i7.i4, i7 %empty_79, i4 0" [D:/lenet_project/handoff/LeNet_DSE_Framework_2022_2/LeNet_DSE_Framework_2022_2/src/lenet_conv.cpp:60]   --->   Operation 271 'bitconcatenate' 'p_shl5' <Predicate = (!icmp_ln59)> <Delay = 0.00>
ST_2 : Operation 272 [1/1] (0.00ns)   --->   "%p_shl6 = bitconcatenate i9 @_ssdm_op_BitConcatenate.i9.i8.i1, i8 %newSecond, i1 0" [D:/lenet_project/handoff/LeNet_DSE_Framework_2022_2/LeNet_DSE_Framework_2022_2/src/lenet_conv.cpp:60]   --->   Operation 272 'bitconcatenate' 'p_shl6' <Predicate = (!icmp_ln59)> <Delay = 0.00>
ST_2 : Operation 273 [1/1] (0.00ns)   --->   "%p_shl23_0_cast = sext i9 %p_shl6" [D:/lenet_project/handoff/LeNet_DSE_Framework_2022_2/LeNet_DSE_Framework_2022_2/src/lenet_conv.cpp:60]   --->   Operation 273 'sext' 'p_shl23_0_cast' <Predicate = (!icmp_ln59)> <Delay = 0.00>
ST_2 : Operation 274 [1/1] (0.00ns) (grouped into TernaryAdder)   --->   "%newFirst18 = add i11 %p_shl5, i11 %zext_ln55_cast" [D:/lenet_project/handoff/LeNet_DSE_Framework_2022_2/LeNet_DSE_Framework_2022_2/src/lenet_conv.cpp:60]   --->   Operation 274 'add' 'newFirst18' <Predicate = (!icmp_ln59)> <Delay = 0.00> <CoreInst = "TAddSub">   --->   Core 10 'TAddSub' <Latency = 0> <II = 1> <Delay = 1.87> <IPBlock> <Opcode : 'add' 'sub'> <InPorts = 3> <OutPorts = 1> <Sync> <CReg>
ST_2 : Operation 275 [1/1] (3.75ns) (root node of TernaryAdder)   --->   "%newSecond19 = sub i11 %newFirst18, i11 %p_shl23_0_cast" [D:/lenet_project/handoff/LeNet_DSE_Framework_2022_2/LeNet_DSE_Framework_2022_2/src/lenet_conv.cpp:60]   --->   Operation 275 'sub' 'newSecond19' <Predicate = (!icmp_ln59)> <Delay = 3.75> <CoreInst = "TAddSub">   --->   Core 10 'TAddSub' <Latency = 0> <II = 1> <Delay = 1.87> <IPBlock> <Opcode : 'add' 'sub'> <InPorts = 3> <OutPorts = 1> <Sync> <CReg>
ST_2 : Operation 276 [1/1] (5.11ns)   --->   "%gmem1_addr_read = read i32 @_ssdm_op_Read.m_axi.p1i32, i32 %gmem1_addr" [D:/lenet_project/handoff/LeNet_DSE_Framework_2022_2/LeNet_DSE_Framework_2022_2/src/lenet_conv.cpp:36]   --->   Operation 276 'read' 'gmem1_addr_read' <Predicate = (!icmp_ln59)> <Delay = 5.11> <CoreInst = "m_axi">   --->   Core 113 'm_axi' <Latency = 0> <II = 1> <Delay = 1.00> <Adapter> <Opcode : 'read' 'write' 'readreq' 'writereq' 'writeresp'>

State 3 <SV = 2> <Delay = 5.11>
ST_3 : Operation 277 [1/1] (0.00ns)   --->   "%zext_ln23 = zext i11 %newSecond19" [D:/lenet_project/handoff/LeNet_DSE_Framework_2022_2/LeNet_DSE_Framework_2022_2/src/lenet_conv.cpp:23]   --->   Operation 277 'zext' 'zext_ln23' <Predicate = (!icmp_ln59)> <Delay = 0.00>
ST_3 : Operation 278 [1/1] (0.00ns)   --->   "%pool1_output_addr = getelementptr i32 %pool1_output, i64 0, i64 %zext_ln23" [D:/lenet_project/handoff/LeNet_DSE_Framework_2022_2/LeNet_DSE_Framework_2022_2/src/lenet_conv.cpp:23]   --->   Operation 278 'getelementptr' 'pool1_output_addr' <Predicate = (!icmp_ln59)> <Delay = 0.00>
ST_3 : Operation 279 [2/2] (3.25ns)   --->   "%pool1_output_load = load i11 %pool1_output_addr" [D:/lenet_project/handoff/LeNet_DSE_Framework_2022_2/LeNet_DSE_Framework_2022_2/src/lenet_conv.cpp:23]   --->   Operation 279 'load' 'pool1_output_load' <Predicate = (!icmp_ln59)> <Delay = 3.25> <CoreInst = "RAM_1WnR">   --->   Core 83 'RAM_1WnR' <Latency = 1> <II = 1> <Delay = 3.25> <Storage> <Opcode : 'load' 'store'> <Ports = 17> <Width = 32> <Depth = 1176> <RAM>
ST_3 : Operation 280 [1/1] (1.63ns)   --->   "%add_ln21 = add i11 %newSecond19, i11 1" [D:/lenet_project/handoff/LeNet_DSE_Framework_2022_2/LeNet_DSE_Framework_2022_2/src/lenet_conv.cpp:21]   --->   Operation 280 'add' 'add_ln21' <Predicate = (!icmp_ln59)> <Delay = 1.63> <CoreInst = "Adder">   --->   Core 1 'Adder' <Latency = 0> <II = 1> <Delay = 1.63> <FuncUnit> <Opcode : 'add' 'sub'> <InPorts = 2> <OutPorts = 1>
ST_3 : Operation 281 [1/1] (0.00ns)   --->   "%zext_ln23_25 = zext i11 %add_ln21" [D:/lenet_project/handoff/LeNet_DSE_Framework_2022_2/LeNet_DSE_Framework_2022_2/src/lenet_conv.cpp:23]   --->   Operation 281 'zext' 'zext_ln23_25' <Predicate = (!icmp_ln59)> <Delay = 0.00>
ST_3 : Operation 282 [1/1] (0.00ns)   --->   "%pool1_output_addr_1 = getelementptr i32 %pool1_output, i64 0, i64 %zext_ln23_25" [D:/lenet_project/handoff/LeNet_DSE_Framework_2022_2/LeNet_DSE_Framework_2022_2/src/lenet_conv.cpp:23]   --->   Operation 282 'getelementptr' 'pool1_output_addr_1' <Predicate = (!icmp_ln59)> <Delay = 0.00>
ST_3 : Operation 283 [2/2] (3.25ns)   --->   "%window_1 = load i11 %pool1_output_addr_1" [D:/lenet_project/handoff/LeNet_DSE_Framework_2022_2/LeNet_DSE_Framework_2022_2/src/lenet_conv.cpp:23]   --->   Operation 283 'load' 'window_1' <Predicate = (!icmp_ln59)> <Delay = 3.25> <CoreInst = "RAM_1WnR">   --->   Core 83 'RAM_1WnR' <Latency = 1> <II = 1> <Delay = 3.25> <Storage> <Opcode : 'load' 'store'> <Ports = 17> <Width = 32> <Depth = 1176> <RAM>
ST_3 : Operation 284 [1/1] (1.91ns)   --->   "%empty_80 = add i8 %newSecond, i8 1" [D:/lenet_project/handoff/LeNet_DSE_Framework_2022_2/LeNet_DSE_Framework_2022_2/src/lenet_conv.cpp:60]   --->   Operation 284 'add' 'empty_80' <Predicate = (!icmp_ln59)> <Delay = 1.91> <CoreInst = "Adder">   --->   Core 1 'Adder' <Latency = 0> <II = 1> <Delay = 1.91> <FuncUnit> <Opcode : 'add' 'sub'> <InPorts = 2> <OutPorts = 1>
ST_3 : Operation 285 [1/1] (0.00ns)   --->   "%empty_81 = trunc i8 %empty_80" [D:/lenet_project/handoff/LeNet_DSE_Framework_2022_2/LeNet_DSE_Framework_2022_2/src/lenet_conv.cpp:60]   --->   Operation 285 'trunc' 'empty_81' <Predicate = (!icmp_ln59)> <Delay = 0.00>
ST_3 : Operation 286 [1/1] (5.11ns)   --->   "%gmem1_addr_read_49 = read i32 @_ssdm_op_Read.m_axi.p1i32, i32 %gmem1_addr" [D:/lenet_project/handoff/LeNet_DSE_Framework_2022_2/LeNet_DSE_Framework_2022_2/src/lenet_conv.cpp:36]   --->   Operation 286 'read' 'gmem1_addr_read_49' <Predicate = (!icmp_ln59)> <Delay = 5.11> <CoreInst = "m_axi">   --->   Core 113 'm_axi' <Latency = 0> <II = 1> <Delay = 1.00> <Adapter> <Opcode : 'read' 'write' 'readreq' 'writereq' 'writeresp'>

State 4 <SV = 3> <Delay = 5.11>
ST_4 : Operation 287 [1/2] (3.25ns)   --->   "%pool1_output_load = load i11 %pool1_output_addr" [D:/lenet_project/handoff/LeNet_DSE_Framework_2022_2/LeNet_DSE_Framework_2022_2/src/lenet_conv.cpp:23]   --->   Operation 287 'load' 'pool1_output_load' <Predicate = (!icmp_ln59)> <Delay = 3.25> <CoreInst = "RAM_1WnR">   --->   Core 83 'RAM_1WnR' <Latency = 1> <II = 1> <Delay = 3.25> <Storage> <Opcode : 'load' 'store'> <Ports = 17> <Width = 32> <Depth = 1176> <RAM>
ST_4 : Operation 288 [1/2] (3.25ns)   --->   "%window_1 = load i11 %pool1_output_addr_1" [D:/lenet_project/handoff/LeNet_DSE_Framework_2022_2/LeNet_DSE_Framework_2022_2/src/lenet_conv.cpp:23]   --->   Operation 288 'load' 'window_1' <Predicate = (!icmp_ln59)> <Delay = 3.25> <CoreInst = "RAM_1WnR">   --->   Core 83 'RAM_1WnR' <Latency = 1> <II = 1> <Delay = 3.25> <Storage> <Opcode : 'load' 'store'> <Ports = 17> <Width = 32> <Depth = 1176> <RAM>
ST_4 : Operation 289 [1/1] (1.63ns)   --->   "%add_ln21_20 = add i11 %newSecond19, i11 2" [D:/lenet_project/handoff/LeNet_DSE_Framework_2022_2/LeNet_DSE_Framework_2022_2/src/lenet_conv.cpp:21]   --->   Operation 289 'add' 'add_ln21_20' <Predicate = (!icmp_ln59)> <Delay = 1.63> <CoreInst = "Adder">   --->   Core 1 'Adder' <Latency = 0> <II = 1> <Delay = 1.63> <FuncUnit> <Opcode : 'add' 'sub'> <InPorts = 2> <OutPorts = 1>
ST_4 : Operation 290 [1/1] (0.00ns)   --->   "%zext_ln23_26 = zext i11 %add_ln21_20" [D:/lenet_project/handoff/LeNet_DSE_Framework_2022_2/LeNet_DSE_Framework_2022_2/src/lenet_conv.cpp:23]   --->   Operation 290 'zext' 'zext_ln23_26' <Predicate = (!icmp_ln59)> <Delay = 0.00>
ST_4 : Operation 291 [1/1] (0.00ns)   --->   "%pool1_output_addr_2 = getelementptr i32 %pool1_output, i64 0, i64 %zext_ln23_26" [D:/lenet_project/handoff/LeNet_DSE_Framework_2022_2/LeNet_DSE_Framework_2022_2/src/lenet_conv.cpp:23]   --->   Operation 291 'getelementptr' 'pool1_output_addr_2' <Predicate = (!icmp_ln59)> <Delay = 0.00>
ST_4 : Operation 292 [2/2] (3.25ns)   --->   "%window_2 = load i11 %pool1_output_addr_2" [D:/lenet_project/handoff/LeNet_DSE_Framework_2022_2/LeNet_DSE_Framework_2022_2/src/lenet_conv.cpp:23]   --->   Operation 292 'load' 'window_2' <Predicate = (!icmp_ln59)> <Delay = 3.25> <CoreInst = "RAM_1WnR">   --->   Core 83 'RAM_1WnR' <Latency = 1> <II = 1> <Delay = 3.25> <Storage> <Opcode : 'load' 'store'> <Ports = 17> <Width = 32> <Depth = 1176> <RAM>
ST_4 : Operation 293 [1/1] (1.63ns)   --->   "%add_ln21_21 = add i11 %newSecond19, i11 3" [D:/lenet_project/handoff/LeNet_DSE_Framework_2022_2/LeNet_DSE_Framework_2022_2/src/lenet_conv.cpp:21]   --->   Operation 293 'add' 'add_ln21_21' <Predicate = (!icmp_ln59)> <Delay = 1.63> <CoreInst = "Adder">   --->   Core 1 'Adder' <Latency = 0> <II = 1> <Delay = 1.63> <FuncUnit> <Opcode : 'add' 'sub'> <InPorts = 2> <OutPorts = 1>
ST_4 : Operation 294 [1/1] (0.00ns)   --->   "%zext_ln23_27 = zext i11 %add_ln21_21" [D:/lenet_project/handoff/LeNet_DSE_Framework_2022_2/LeNet_DSE_Framework_2022_2/src/lenet_conv.cpp:23]   --->   Operation 294 'zext' 'zext_ln23_27' <Predicate = (!icmp_ln59)> <Delay = 0.00>
ST_4 : Operation 295 [1/1] (0.00ns)   --->   "%pool1_output_addr_3 = getelementptr i32 %pool1_output, i64 0, i64 %zext_ln23_27" [D:/lenet_project/handoff/LeNet_DSE_Framework_2022_2/LeNet_DSE_Framework_2022_2/src/lenet_conv.cpp:23]   --->   Operation 295 'getelementptr' 'pool1_output_addr_3' <Predicate = (!icmp_ln59)> <Delay = 0.00>
ST_4 : Operation 296 [2/2] (3.25ns)   --->   "%window_3 = load i11 %pool1_output_addr_3" [D:/lenet_project/handoff/LeNet_DSE_Framework_2022_2/LeNet_DSE_Framework_2022_2/src/lenet_conv.cpp:23]   --->   Operation 296 'load' 'window_3' <Predicate = (!icmp_ln59)> <Delay = 3.25> <CoreInst = "RAM_1WnR">   --->   Core 83 'RAM_1WnR' <Latency = 1> <II = 1> <Delay = 3.25> <Storage> <Opcode : 'load' 'store'> <Ports = 17> <Width = 32> <Depth = 1176> <RAM>
ST_4 : Operation 297 [1/1] (0.00ns)   --->   "%p_shl22_1 = bitconcatenate i11 @_ssdm_op_BitConcatenate.i11.i7.i4, i7 %empty_81, i4 0" [D:/lenet_project/handoff/LeNet_DSE_Framework_2022_2/LeNet_DSE_Framework_2022_2/src/lenet_conv.cpp:60]   --->   Operation 297 'bitconcatenate' 'p_shl22_1' <Predicate = (!icmp_ln59)> <Delay = 0.00>
ST_4 : Operation 298 [1/1] (0.00ns)   --->   "%p_shl23_1 = bitconcatenate i9 @_ssdm_op_BitConcatenate.i9.i8.i1, i8 %empty_80, i1 0" [D:/lenet_project/handoff/LeNet_DSE_Framework_2022_2/LeNet_DSE_Framework_2022_2/src/lenet_conv.cpp:60]   --->   Operation 298 'bitconcatenate' 'p_shl23_1' <Predicate = (!icmp_ln59)> <Delay = 0.00>
ST_4 : Operation 299 [1/1] (0.00ns)   --->   "%p_shl23_1_cast = sext i9 %p_shl23_1" [D:/lenet_project/handoff/LeNet_DSE_Framework_2022_2/LeNet_DSE_Framework_2022_2/src/lenet_conv.cpp:60]   --->   Operation 299 'sext' 'p_shl23_1_cast' <Predicate = (!icmp_ln59)> <Delay = 0.00>
ST_4 : Operation 300 [1/1] (0.00ns) (grouped into TernaryAdder)   --->   "%empty_82 = sub i11 %p_shl22_1, i11 %p_shl23_1_cast" [D:/lenet_project/handoff/LeNet_DSE_Framework_2022_2/LeNet_DSE_Framework_2022_2/src/lenet_conv.cpp:60]   --->   Operation 300 'sub' 'empty_82' <Predicate = (!icmp_ln59)> <Delay = 0.00> <CoreInst = "TAddSub">   --->   Core 10 'TAddSub' <Latency = 0> <II = 1> <Delay = 1.87> <IPBlock> <Opcode : 'add' 'sub'> <InPorts = 3> <OutPorts = 1> <Sync> <CReg>
ST_4 : Operation 301 [1/1] (3.75ns) (root node of TernaryAdder)   --->   "%add_ln21_23 = add i11 %empty_82, i11 %zext_ln55_cast" [D:/lenet_project/handoff/LeNet_DSE_Framework_2022_2/LeNet_DSE_Framework_2022_2/src/lenet_conv.cpp:21]   --->   Operation 301 'add' 'add_ln21_23' <Predicate = (!icmp_ln59)> <Delay = 3.75> <CoreInst = "TAddSub">   --->   Core 10 'TAddSub' <Latency = 0> <II = 1> <Delay = 1.87> <IPBlock> <Opcode : 'add' 'sub'> <InPorts = 3> <OutPorts = 1> <Sync> <CReg>
ST_4 : Operation 302 [1/1] (5.11ns)   --->   "%gmem1_addr_read_50 = read i32 @_ssdm_op_Read.m_axi.p1i32, i32 %gmem1_addr" [D:/lenet_project/handoff/LeNet_DSE_Framework_2022_2/LeNet_DSE_Framework_2022_2/src/lenet_conv.cpp:36]   --->   Operation 302 'read' 'gmem1_addr_read_50' <Predicate = (!icmp_ln59)> <Delay = 5.11> <CoreInst = "m_axi">   --->   Core 113 'm_axi' <Latency = 0> <II = 1> <Delay = 1.00> <Adapter> <Opcode : 'read' 'write' 'readreq' 'writereq' 'writeresp'>

State 5 <SV = 4> <Delay = 5.11>
ST_5 : Operation 303 [1/2] (3.25ns)   --->   "%window_2 = load i11 %pool1_output_addr_2" [D:/lenet_project/handoff/LeNet_DSE_Framework_2022_2/LeNet_DSE_Framework_2022_2/src/lenet_conv.cpp:23]   --->   Operation 303 'load' 'window_2' <Predicate = (!icmp_ln59)> <Delay = 3.25> <CoreInst = "RAM_1WnR">   --->   Core 83 'RAM_1WnR' <Latency = 1> <II = 1> <Delay = 3.25> <Storage> <Opcode : 'load' 'store'> <Ports = 17> <Width = 32> <Depth = 1176> <RAM>
ST_5 : Operation 304 [1/2] (3.25ns)   --->   "%window_3 = load i11 %pool1_output_addr_3" [D:/lenet_project/handoff/LeNet_DSE_Framework_2022_2/LeNet_DSE_Framework_2022_2/src/lenet_conv.cpp:23]   --->   Operation 304 'load' 'window_3' <Predicate = (!icmp_ln59)> <Delay = 3.25> <CoreInst = "RAM_1WnR">   --->   Core 83 'RAM_1WnR' <Latency = 1> <II = 1> <Delay = 3.25> <Storage> <Opcode : 'load' 'store'> <Ports = 17> <Width = 32> <Depth = 1176> <RAM>
ST_5 : Operation 305 [1/1] (1.63ns)   --->   "%add_ln21_22 = add i11 %newSecond19, i11 4" [D:/lenet_project/handoff/LeNet_DSE_Framework_2022_2/LeNet_DSE_Framework_2022_2/src/lenet_conv.cpp:21]   --->   Operation 305 'add' 'add_ln21_22' <Predicate = (!icmp_ln59)> <Delay = 1.63> <CoreInst = "Adder">   --->   Core 1 'Adder' <Latency = 0> <II = 1> <Delay = 1.63> <FuncUnit> <Opcode : 'add' 'sub'> <InPorts = 2> <OutPorts = 1>
ST_5 : Operation 306 [1/1] (0.00ns)   --->   "%zext_ln23_28 = zext i11 %add_ln21_22" [D:/lenet_project/handoff/LeNet_DSE_Framework_2022_2/LeNet_DSE_Framework_2022_2/src/lenet_conv.cpp:23]   --->   Operation 306 'zext' 'zext_ln23_28' <Predicate = (!icmp_ln59)> <Delay = 0.00>
ST_5 : Operation 307 [1/1] (0.00ns)   --->   "%pool1_output_addr_4 = getelementptr i32 %pool1_output, i64 0, i64 %zext_ln23_28" [D:/lenet_project/handoff/LeNet_DSE_Framework_2022_2/LeNet_DSE_Framework_2022_2/src/lenet_conv.cpp:23]   --->   Operation 307 'getelementptr' 'pool1_output_addr_4' <Predicate = (!icmp_ln59)> <Delay = 0.00>
ST_5 : Operation 308 [2/2] (3.25ns)   --->   "%window_4 = load i11 %pool1_output_addr_4" [D:/lenet_project/handoff/LeNet_DSE_Framework_2022_2/LeNet_DSE_Framework_2022_2/src/lenet_conv.cpp:23]   --->   Operation 308 'load' 'window_4' <Predicate = (!icmp_ln59)> <Delay = 3.25> <CoreInst = "RAM_1WnR">   --->   Core 83 'RAM_1WnR' <Latency = 1> <II = 1> <Delay = 3.25> <Storage> <Opcode : 'load' 'store'> <Ports = 17> <Width = 32> <Depth = 1176> <RAM>
ST_5 : Operation 309 [1/1] (0.00ns)   --->   "%zext_ln23_29 = zext i11 %add_ln21_23" [D:/lenet_project/handoff/LeNet_DSE_Framework_2022_2/LeNet_DSE_Framework_2022_2/src/lenet_conv.cpp:23]   --->   Operation 309 'zext' 'zext_ln23_29' <Predicate = (!icmp_ln59)> <Delay = 0.00>
ST_5 : Operation 310 [1/1] (0.00ns)   --->   "%pool1_output_addr_5 = getelementptr i32 %pool1_output, i64 0, i64 %zext_ln23_29" [D:/lenet_project/handoff/LeNet_DSE_Framework_2022_2/LeNet_DSE_Framework_2022_2/src/lenet_conv.cpp:23]   --->   Operation 310 'getelementptr' 'pool1_output_addr_5' <Predicate = (!icmp_ln59)> <Delay = 0.00>
ST_5 : Operation 311 [2/2] (3.25ns)   --->   "%window_5 = load i11 %pool1_output_addr_5" [D:/lenet_project/handoff/LeNet_DSE_Framework_2022_2/LeNet_DSE_Framework_2022_2/src/lenet_conv.cpp:23]   --->   Operation 311 'load' 'window_5' <Predicate = (!icmp_ln59)> <Delay = 3.25> <CoreInst = "RAM_1WnR">   --->   Core 83 'RAM_1WnR' <Latency = 1> <II = 1> <Delay = 3.25> <Storage> <Opcode : 'load' 'store'> <Ports = 17> <Width = 32> <Depth = 1176> <RAM>
ST_5 : Operation 312 [1/1] (0.00ns)   --->   "%bitcast_ln36 = bitcast i32 %gmem1_addr_read" [D:/lenet_project/handoff/LeNet_DSE_Framework_2022_2/LeNet_DSE_Framework_2022_2/src/lenet_conv.cpp:36]   --->   Operation 312 'bitcast' 'bitcast_ln36' <Predicate = (!icmp_ln59)> <Delay = 0.00>
ST_5 : Operation 313 [5/5] (4.35ns)   --->   "%mul_i5_i2 = fmul i32 %pool1_output_load, i32 %bitcast_ln36" [D:/lenet_project/handoff/LeNet_DSE_Framework_2022_2/LeNet_DSE_Framework_2022_2/src/lenet_conv.cpp:36]   --->   Operation 313 'fmul' 'mul_i5_i2' <Predicate = (!icmp_ln59)> <Delay = 4.35> <CoreInst = "FMul_maxdsp">   --->   Core 30 'FMul_maxdsp' <Latency = 4> <II = 1> <Delay = 4.35> <FuncUnit> <Opcode : 'fmul'> <InPorts = 2> <OutPorts = 1>
ST_5 : Operation 314 [1/1] (5.11ns)   --->   "%gmem1_addr_read_51 = read i32 @_ssdm_op_Read.m_axi.p1i32, i32 %gmem1_addr" [D:/lenet_project/handoff/LeNet_DSE_Framework_2022_2/LeNet_DSE_Framework_2022_2/src/lenet_conv.cpp:36]   --->   Operation 314 'read' 'gmem1_addr_read_51' <Predicate = (!icmp_ln59)> <Delay = 5.11> <CoreInst = "m_axi">   --->   Core 113 'm_axi' <Latency = 0> <II = 1> <Delay = 1.00> <Adapter> <Opcode : 'read' 'write' 'readreq' 'writereq' 'writeresp'>

State 6 <SV = 5> <Delay = 5.11>
ST_6 : Operation 315 [1/2] (3.25ns)   --->   "%window_4 = load i11 %pool1_output_addr_4" [D:/lenet_project/handoff/LeNet_DSE_Framework_2022_2/LeNet_DSE_Framework_2022_2/src/lenet_conv.cpp:23]   --->   Operation 315 'load' 'window_4' <Predicate = (!icmp_ln59)> <Delay = 3.25> <CoreInst = "RAM_1WnR">   --->   Core 83 'RAM_1WnR' <Latency = 1> <II = 1> <Delay = 3.25> <Storage> <Opcode : 'load' 'store'> <Ports = 17> <Width = 32> <Depth = 1176> <RAM>
ST_6 : Operation 316 [1/2] (3.25ns)   --->   "%window_5 = load i11 %pool1_output_addr_5" [D:/lenet_project/handoff/LeNet_DSE_Framework_2022_2/LeNet_DSE_Framework_2022_2/src/lenet_conv.cpp:23]   --->   Operation 316 'load' 'window_5' <Predicate = (!icmp_ln59)> <Delay = 3.25> <CoreInst = "RAM_1WnR">   --->   Core 83 'RAM_1WnR' <Latency = 1> <II = 1> <Delay = 3.25> <Storage> <Opcode : 'load' 'store'> <Ports = 17> <Width = 32> <Depth = 1176> <RAM>
ST_6 : Operation 317 [1/1] (1.63ns)   --->   "%add_ln21_24 = add i11 %add_ln21_23, i11 1" [D:/lenet_project/handoff/LeNet_DSE_Framework_2022_2/LeNet_DSE_Framework_2022_2/src/lenet_conv.cpp:21]   --->   Operation 317 'add' 'add_ln21_24' <Predicate = (!icmp_ln59)> <Delay = 1.63> <CoreInst = "Adder">   --->   Core 1 'Adder' <Latency = 0> <II = 1> <Delay = 1.63> <FuncUnit> <Opcode : 'add' 'sub'> <InPorts = 2> <OutPorts = 1>
ST_6 : Operation 318 [1/1] (0.00ns)   --->   "%zext_ln23_30 = zext i11 %add_ln21_24" [D:/lenet_project/handoff/LeNet_DSE_Framework_2022_2/LeNet_DSE_Framework_2022_2/src/lenet_conv.cpp:23]   --->   Operation 318 'zext' 'zext_ln23_30' <Predicate = (!icmp_ln59)> <Delay = 0.00>
ST_6 : Operation 319 [1/1] (0.00ns)   --->   "%pool1_output_addr_6 = getelementptr i32 %pool1_output, i64 0, i64 %zext_ln23_30" [D:/lenet_project/handoff/LeNet_DSE_Framework_2022_2/LeNet_DSE_Framework_2022_2/src/lenet_conv.cpp:23]   --->   Operation 319 'getelementptr' 'pool1_output_addr_6' <Predicate = (!icmp_ln59)> <Delay = 0.00>
ST_6 : Operation 320 [2/2] (3.25ns)   --->   "%window_6 = load i11 %pool1_output_addr_6" [D:/lenet_project/handoff/LeNet_DSE_Framework_2022_2/LeNet_DSE_Framework_2022_2/src/lenet_conv.cpp:23]   --->   Operation 320 'load' 'window_6' <Predicate = (!icmp_ln59)> <Delay = 3.25> <CoreInst = "RAM_1WnR">   --->   Core 83 'RAM_1WnR' <Latency = 1> <II = 1> <Delay = 3.25> <Storage> <Opcode : 'load' 'store'> <Ports = 17> <Width = 32> <Depth = 1176> <RAM>
ST_6 : Operation 321 [1/1] (1.63ns)   --->   "%add_ln21_25 = add i11 %add_ln21_23, i11 2" [D:/lenet_project/handoff/LeNet_DSE_Framework_2022_2/LeNet_DSE_Framework_2022_2/src/lenet_conv.cpp:21]   --->   Operation 321 'add' 'add_ln21_25' <Predicate = (!icmp_ln59)> <Delay = 1.63> <CoreInst = "Adder">   --->   Core 1 'Adder' <Latency = 0> <II = 1> <Delay = 1.63> <FuncUnit> <Opcode : 'add' 'sub'> <InPorts = 2> <OutPorts = 1>
ST_6 : Operation 322 [1/1] (0.00ns)   --->   "%zext_ln23_31 = zext i11 %add_ln21_25" [D:/lenet_project/handoff/LeNet_DSE_Framework_2022_2/LeNet_DSE_Framework_2022_2/src/lenet_conv.cpp:23]   --->   Operation 322 'zext' 'zext_ln23_31' <Predicate = (!icmp_ln59)> <Delay = 0.00>
ST_6 : Operation 323 [1/1] (0.00ns)   --->   "%pool1_output_addr_7 = getelementptr i32 %pool1_output, i64 0, i64 %zext_ln23_31" [D:/lenet_project/handoff/LeNet_DSE_Framework_2022_2/LeNet_DSE_Framework_2022_2/src/lenet_conv.cpp:23]   --->   Operation 323 'getelementptr' 'pool1_output_addr_7' <Predicate = (!icmp_ln59)> <Delay = 0.00>
ST_6 : Operation 324 [2/2] (3.25ns)   --->   "%window_7 = load i11 %pool1_output_addr_7" [D:/lenet_project/handoff/LeNet_DSE_Framework_2022_2/LeNet_DSE_Framework_2022_2/src/lenet_conv.cpp:23]   --->   Operation 324 'load' 'window_7' <Predicate = (!icmp_ln59)> <Delay = 3.25> <CoreInst = "RAM_1WnR">   --->   Core 83 'RAM_1WnR' <Latency = 1> <II = 1> <Delay = 3.25> <Storage> <Opcode : 'load' 'store'> <Ports = 17> <Width = 32> <Depth = 1176> <RAM>
ST_6 : Operation 325 [1/1] (1.91ns)   --->   "%empty_83 = add i8 %newSecond, i8 2" [D:/lenet_project/handoff/LeNet_DSE_Framework_2022_2/LeNet_DSE_Framework_2022_2/src/lenet_conv.cpp:60]   --->   Operation 325 'add' 'empty_83' <Predicate = (!icmp_ln59)> <Delay = 1.91> <CoreInst = "Adder">   --->   Core 1 'Adder' <Latency = 0> <II = 1> <Delay = 1.91> <FuncUnit> <Opcode : 'add' 'sub'> <InPorts = 2> <OutPorts = 1>
ST_6 : Operation 326 [1/1] (0.00ns)   --->   "%empty_84 = trunc i8 %empty_83" [D:/lenet_project/handoff/LeNet_DSE_Framework_2022_2/LeNet_DSE_Framework_2022_2/src/lenet_conv.cpp:60]   --->   Operation 326 'trunc' 'empty_84' <Predicate = (!icmp_ln59)> <Delay = 0.00>
ST_6 : Operation 327 [4/5] (4.35ns)   --->   "%mul_i5_i2 = fmul i32 %pool1_output_load, i32 %bitcast_ln36" [D:/lenet_project/handoff/LeNet_DSE_Framework_2022_2/LeNet_DSE_Framework_2022_2/src/lenet_conv.cpp:36]   --->   Operation 327 'fmul' 'mul_i5_i2' <Predicate = (!icmp_ln59)> <Delay = 4.35> <CoreInst = "FMul_maxdsp">   --->   Core 30 'FMul_maxdsp' <Latency = 4> <II = 1> <Delay = 4.35> <FuncUnit> <Opcode : 'fmul'> <InPorts = 2> <OutPorts = 1>
ST_6 : Operation 328 [1/1] (0.00ns)   --->   "%bitcast_ln36_49 = bitcast i32 %gmem1_addr_read_49" [D:/lenet_project/handoff/LeNet_DSE_Framework_2022_2/LeNet_DSE_Framework_2022_2/src/lenet_conv.cpp:36]   --->   Operation 328 'bitcast' 'bitcast_ln36_49' <Predicate = (!icmp_ln59)> <Delay = 0.00>
ST_6 : Operation 329 [5/5] (4.35ns)   --->   "%mul_i5_i2_1 = fmul i32 %window_1, i32 %bitcast_ln36_49" [D:/lenet_project/handoff/LeNet_DSE_Framework_2022_2/LeNet_DSE_Framework_2022_2/src/lenet_conv.cpp:36]   --->   Operation 329 'fmul' 'mul_i5_i2_1' <Predicate = (!icmp_ln59)> <Delay = 4.35> <CoreInst = "FMul_maxdsp">   --->   Core 30 'FMul_maxdsp' <Latency = 4> <II = 1> <Delay = 4.35> <FuncUnit> <Opcode : 'fmul'> <InPorts = 2> <OutPorts = 1>
ST_6 : Operation 330 [1/1] (5.11ns)   --->   "%gmem1_addr_read_52 = read i32 @_ssdm_op_Read.m_axi.p1i32, i32 %gmem1_addr" [D:/lenet_project/handoff/LeNet_DSE_Framework_2022_2/LeNet_DSE_Framework_2022_2/src/lenet_conv.cpp:36]   --->   Operation 330 'read' 'gmem1_addr_read_52' <Predicate = (!icmp_ln59)> <Delay = 5.11> <CoreInst = "m_axi">   --->   Core 113 'm_axi' <Latency = 0> <II = 1> <Delay = 1.00> <Adapter> <Opcode : 'read' 'write' 'readreq' 'writereq' 'writeresp'>

State 7 <SV = 6> <Delay = 5.11>
ST_7 : Operation 331 [1/2] (3.25ns)   --->   "%window_6 = load i11 %pool1_output_addr_6" [D:/lenet_project/handoff/LeNet_DSE_Framework_2022_2/LeNet_DSE_Framework_2022_2/src/lenet_conv.cpp:23]   --->   Operation 331 'load' 'window_6' <Predicate = (!icmp_ln59)> <Delay = 3.25> <CoreInst = "RAM_1WnR">   --->   Core 83 'RAM_1WnR' <Latency = 1> <II = 1> <Delay = 3.25> <Storage> <Opcode : 'load' 'store'> <Ports = 17> <Width = 32> <Depth = 1176> <RAM>
ST_7 : Operation 332 [1/2] (3.25ns)   --->   "%window_7 = load i11 %pool1_output_addr_7" [D:/lenet_project/handoff/LeNet_DSE_Framework_2022_2/LeNet_DSE_Framework_2022_2/src/lenet_conv.cpp:23]   --->   Operation 332 'load' 'window_7' <Predicate = (!icmp_ln59)> <Delay = 3.25> <CoreInst = "RAM_1WnR">   --->   Core 83 'RAM_1WnR' <Latency = 1> <II = 1> <Delay = 3.25> <Storage> <Opcode : 'load' 'store'> <Ports = 17> <Width = 32> <Depth = 1176> <RAM>
ST_7 : Operation 333 [1/1] (1.63ns)   --->   "%add_ln21_26 = add i11 %add_ln21_23, i11 3" [D:/lenet_project/handoff/LeNet_DSE_Framework_2022_2/LeNet_DSE_Framework_2022_2/src/lenet_conv.cpp:21]   --->   Operation 333 'add' 'add_ln21_26' <Predicate = (!icmp_ln59)> <Delay = 1.63> <CoreInst = "Adder">   --->   Core 1 'Adder' <Latency = 0> <II = 1> <Delay = 1.63> <FuncUnit> <Opcode : 'add' 'sub'> <InPorts = 2> <OutPorts = 1>
ST_7 : Operation 334 [1/1] (0.00ns)   --->   "%zext_ln23_32 = zext i11 %add_ln21_26" [D:/lenet_project/handoff/LeNet_DSE_Framework_2022_2/LeNet_DSE_Framework_2022_2/src/lenet_conv.cpp:23]   --->   Operation 334 'zext' 'zext_ln23_32' <Predicate = (!icmp_ln59)> <Delay = 0.00>
ST_7 : Operation 335 [1/1] (0.00ns)   --->   "%pool1_output_addr_8 = getelementptr i32 %pool1_output, i64 0, i64 %zext_ln23_32" [D:/lenet_project/handoff/LeNet_DSE_Framework_2022_2/LeNet_DSE_Framework_2022_2/src/lenet_conv.cpp:23]   --->   Operation 335 'getelementptr' 'pool1_output_addr_8' <Predicate = (!icmp_ln59)> <Delay = 0.00>
ST_7 : Operation 336 [2/2] (3.25ns)   --->   "%window_8 = load i11 %pool1_output_addr_8" [D:/lenet_project/handoff/LeNet_DSE_Framework_2022_2/LeNet_DSE_Framework_2022_2/src/lenet_conv.cpp:23]   --->   Operation 336 'load' 'window_8' <Predicate = (!icmp_ln59)> <Delay = 3.25> <CoreInst = "RAM_1WnR">   --->   Core 83 'RAM_1WnR' <Latency = 1> <II = 1> <Delay = 3.25> <Storage> <Opcode : 'load' 'store'> <Ports = 17> <Width = 32> <Depth = 1176> <RAM>
ST_7 : Operation 337 [1/1] (1.63ns)   --->   "%add_ln21_27 = add i11 %add_ln21_23, i11 4" [D:/lenet_project/handoff/LeNet_DSE_Framework_2022_2/LeNet_DSE_Framework_2022_2/src/lenet_conv.cpp:21]   --->   Operation 337 'add' 'add_ln21_27' <Predicate = (!icmp_ln59)> <Delay = 1.63> <CoreInst = "Adder">   --->   Core 1 'Adder' <Latency = 0> <II = 1> <Delay = 1.63> <FuncUnit> <Opcode : 'add' 'sub'> <InPorts = 2> <OutPorts = 1>
ST_7 : Operation 338 [1/1] (0.00ns)   --->   "%zext_ln23_33 = zext i11 %add_ln21_27" [D:/lenet_project/handoff/LeNet_DSE_Framework_2022_2/LeNet_DSE_Framework_2022_2/src/lenet_conv.cpp:23]   --->   Operation 338 'zext' 'zext_ln23_33' <Predicate = (!icmp_ln59)> <Delay = 0.00>
ST_7 : Operation 339 [1/1] (0.00ns)   --->   "%pool1_output_addr_9 = getelementptr i32 %pool1_output, i64 0, i64 %zext_ln23_33" [D:/lenet_project/handoff/LeNet_DSE_Framework_2022_2/LeNet_DSE_Framework_2022_2/src/lenet_conv.cpp:23]   --->   Operation 339 'getelementptr' 'pool1_output_addr_9' <Predicate = (!icmp_ln59)> <Delay = 0.00>
ST_7 : Operation 340 [2/2] (3.25ns)   --->   "%window_9 = load i11 %pool1_output_addr_9" [D:/lenet_project/handoff/LeNet_DSE_Framework_2022_2/LeNet_DSE_Framework_2022_2/src/lenet_conv.cpp:23]   --->   Operation 340 'load' 'window_9' <Predicate = (!icmp_ln59)> <Delay = 3.25> <CoreInst = "RAM_1WnR">   --->   Core 83 'RAM_1WnR' <Latency = 1> <II = 1> <Delay = 3.25> <Storage> <Opcode : 'load' 'store'> <Ports = 17> <Width = 32> <Depth = 1176> <RAM>
ST_7 : Operation 341 [1/1] (0.00ns)   --->   "%p_shl22_2 = bitconcatenate i11 @_ssdm_op_BitConcatenate.i11.i7.i4, i7 %empty_84, i4 0" [D:/lenet_project/handoff/LeNet_DSE_Framework_2022_2/LeNet_DSE_Framework_2022_2/src/lenet_conv.cpp:60]   --->   Operation 341 'bitconcatenate' 'p_shl22_2' <Predicate = (!icmp_ln59)> <Delay = 0.00>
ST_7 : Operation 342 [1/1] (0.00ns)   --->   "%p_shl23_2 = bitconcatenate i9 @_ssdm_op_BitConcatenate.i9.i8.i1, i8 %empty_83, i1 0" [D:/lenet_project/handoff/LeNet_DSE_Framework_2022_2/LeNet_DSE_Framework_2022_2/src/lenet_conv.cpp:60]   --->   Operation 342 'bitconcatenate' 'p_shl23_2' <Predicate = (!icmp_ln59)> <Delay = 0.00>
ST_7 : Operation 343 [1/1] (0.00ns)   --->   "%p_shl23_2_cast = sext i9 %p_shl23_2" [D:/lenet_project/handoff/LeNet_DSE_Framework_2022_2/LeNet_DSE_Framework_2022_2/src/lenet_conv.cpp:60]   --->   Operation 343 'sext' 'p_shl23_2_cast' <Predicate = (!icmp_ln59)> <Delay = 0.00>
ST_7 : Operation 344 [1/1] (0.00ns) (grouped into TernaryAdder)   --->   "%empty_85 = sub i11 %p_shl22_2, i11 %p_shl23_2_cast" [D:/lenet_project/handoff/LeNet_DSE_Framework_2022_2/LeNet_DSE_Framework_2022_2/src/lenet_conv.cpp:60]   --->   Operation 344 'sub' 'empty_85' <Predicate = (!icmp_ln59)> <Delay = 0.00> <CoreInst = "TAddSub">   --->   Core 10 'TAddSub' <Latency = 0> <II = 1> <Delay = 1.87> <IPBlock> <Opcode : 'add' 'sub'> <InPorts = 3> <OutPorts = 1> <Sync> <CReg>
ST_7 : Operation 345 [1/1] (3.75ns) (root node of TernaryAdder)   --->   "%add_ln21_28 = add i11 %empty_85, i11 %zext_ln55_cast" [D:/lenet_project/handoff/LeNet_DSE_Framework_2022_2/LeNet_DSE_Framework_2022_2/src/lenet_conv.cpp:21]   --->   Operation 345 'add' 'add_ln21_28' <Predicate = (!icmp_ln59)> <Delay = 3.75> <CoreInst = "TAddSub">   --->   Core 10 'TAddSub' <Latency = 0> <II = 1> <Delay = 1.87> <IPBlock> <Opcode : 'add' 'sub'> <InPorts = 3> <OutPorts = 1> <Sync> <CReg>
ST_7 : Operation 346 [3/5] (4.35ns)   --->   "%mul_i5_i2 = fmul i32 %pool1_output_load, i32 %bitcast_ln36" [D:/lenet_project/handoff/LeNet_DSE_Framework_2022_2/LeNet_DSE_Framework_2022_2/src/lenet_conv.cpp:36]   --->   Operation 346 'fmul' 'mul_i5_i2' <Predicate = (!icmp_ln59)> <Delay = 4.35> <CoreInst = "FMul_maxdsp">   --->   Core 30 'FMul_maxdsp' <Latency = 4> <II = 1> <Delay = 4.35> <FuncUnit> <Opcode : 'fmul'> <InPorts = 2> <OutPorts = 1>
ST_7 : Operation 347 [4/5] (4.35ns)   --->   "%mul_i5_i2_1 = fmul i32 %window_1, i32 %bitcast_ln36_49" [D:/lenet_project/handoff/LeNet_DSE_Framework_2022_2/LeNet_DSE_Framework_2022_2/src/lenet_conv.cpp:36]   --->   Operation 347 'fmul' 'mul_i5_i2_1' <Predicate = (!icmp_ln59)> <Delay = 4.35> <CoreInst = "FMul_maxdsp">   --->   Core 30 'FMul_maxdsp' <Latency = 4> <II = 1> <Delay = 4.35> <FuncUnit> <Opcode : 'fmul'> <InPorts = 2> <OutPorts = 1>
ST_7 : Operation 348 [1/1] (0.00ns)   --->   "%bitcast_ln36_50 = bitcast i32 %gmem1_addr_read_50" [D:/lenet_project/handoff/LeNet_DSE_Framework_2022_2/LeNet_DSE_Framework_2022_2/src/lenet_conv.cpp:36]   --->   Operation 348 'bitcast' 'bitcast_ln36_50' <Predicate = (!icmp_ln59)> <Delay = 0.00>
ST_7 : Operation 349 [5/5] (4.35ns)   --->   "%mul_i5_i2_2 = fmul i32 %window_2, i32 %bitcast_ln36_50" [D:/lenet_project/handoff/LeNet_DSE_Framework_2022_2/LeNet_DSE_Framework_2022_2/src/lenet_conv.cpp:36]   --->   Operation 349 'fmul' 'mul_i5_i2_2' <Predicate = (!icmp_ln59)> <Delay = 4.35> <CoreInst = "FMul_maxdsp">   --->   Core 30 'FMul_maxdsp' <Latency = 4> <II = 1> <Delay = 4.35> <FuncUnit> <Opcode : 'fmul'> <InPorts = 2> <OutPorts = 1>
ST_7 : Operation 350 [1/1] (5.11ns)   --->   "%gmem1_addr_read_53 = read i32 @_ssdm_op_Read.m_axi.p1i32, i32 %gmem1_addr" [D:/lenet_project/handoff/LeNet_DSE_Framework_2022_2/LeNet_DSE_Framework_2022_2/src/lenet_conv.cpp:36]   --->   Operation 350 'read' 'gmem1_addr_read_53' <Predicate = (!icmp_ln59)> <Delay = 5.11> <CoreInst = "m_axi">   --->   Core 113 'm_axi' <Latency = 0> <II = 1> <Delay = 1.00> <Adapter> <Opcode : 'read' 'write' 'readreq' 'writereq' 'writeresp'>

State 8 <SV = 7> <Delay = 5.11>
ST_8 : Operation 351 [1/2] (3.25ns)   --->   "%window_8 = load i11 %pool1_output_addr_8" [D:/lenet_project/handoff/LeNet_DSE_Framework_2022_2/LeNet_DSE_Framework_2022_2/src/lenet_conv.cpp:23]   --->   Operation 351 'load' 'window_8' <Predicate = (!icmp_ln59)> <Delay = 3.25> <CoreInst = "RAM_1WnR">   --->   Core 83 'RAM_1WnR' <Latency = 1> <II = 1> <Delay = 3.25> <Storage> <Opcode : 'load' 'store'> <Ports = 17> <Width = 32> <Depth = 1176> <RAM>
ST_8 : Operation 352 [1/2] (3.25ns)   --->   "%window_9 = load i11 %pool1_output_addr_9" [D:/lenet_project/handoff/LeNet_DSE_Framework_2022_2/LeNet_DSE_Framework_2022_2/src/lenet_conv.cpp:23]   --->   Operation 352 'load' 'window_9' <Predicate = (!icmp_ln59)> <Delay = 3.25> <CoreInst = "RAM_1WnR">   --->   Core 83 'RAM_1WnR' <Latency = 1> <II = 1> <Delay = 3.25> <Storage> <Opcode : 'load' 'store'> <Ports = 17> <Width = 32> <Depth = 1176> <RAM>
ST_8 : Operation 353 [1/1] (0.00ns)   --->   "%zext_ln23_34 = zext i11 %add_ln21_28" [D:/lenet_project/handoff/LeNet_DSE_Framework_2022_2/LeNet_DSE_Framework_2022_2/src/lenet_conv.cpp:23]   --->   Operation 353 'zext' 'zext_ln23_34' <Predicate = (!icmp_ln59)> <Delay = 0.00>
ST_8 : Operation 354 [1/1] (0.00ns)   --->   "%pool1_output_addr_10 = getelementptr i32 %pool1_output, i64 0, i64 %zext_ln23_34" [D:/lenet_project/handoff/LeNet_DSE_Framework_2022_2/LeNet_DSE_Framework_2022_2/src/lenet_conv.cpp:23]   --->   Operation 354 'getelementptr' 'pool1_output_addr_10' <Predicate = (!icmp_ln59)> <Delay = 0.00>
ST_8 : Operation 355 [2/2] (3.25ns)   --->   "%window_10 = load i11 %pool1_output_addr_10" [D:/lenet_project/handoff/LeNet_DSE_Framework_2022_2/LeNet_DSE_Framework_2022_2/src/lenet_conv.cpp:23]   --->   Operation 355 'load' 'window_10' <Predicate = (!icmp_ln59)> <Delay = 3.25> <CoreInst = "RAM_1WnR">   --->   Core 83 'RAM_1WnR' <Latency = 1> <II = 1> <Delay = 3.25> <Storage> <Opcode : 'load' 'store'> <Ports = 17> <Width = 32> <Depth = 1176> <RAM>
ST_8 : Operation 356 [1/1] (1.63ns)   --->   "%add_ln21_29 = add i11 %add_ln21_28, i11 1" [D:/lenet_project/handoff/LeNet_DSE_Framework_2022_2/LeNet_DSE_Framework_2022_2/src/lenet_conv.cpp:21]   --->   Operation 356 'add' 'add_ln21_29' <Predicate = (!icmp_ln59)> <Delay = 1.63> <CoreInst = "Adder">   --->   Core 1 'Adder' <Latency = 0> <II = 1> <Delay = 1.63> <FuncUnit> <Opcode : 'add' 'sub'> <InPorts = 2> <OutPorts = 1>
ST_8 : Operation 357 [1/1] (0.00ns)   --->   "%zext_ln23_35 = zext i11 %add_ln21_29" [D:/lenet_project/handoff/LeNet_DSE_Framework_2022_2/LeNet_DSE_Framework_2022_2/src/lenet_conv.cpp:23]   --->   Operation 357 'zext' 'zext_ln23_35' <Predicate = (!icmp_ln59)> <Delay = 0.00>
ST_8 : Operation 358 [1/1] (0.00ns)   --->   "%pool1_output_addr_11 = getelementptr i32 %pool1_output, i64 0, i64 %zext_ln23_35" [D:/lenet_project/handoff/LeNet_DSE_Framework_2022_2/LeNet_DSE_Framework_2022_2/src/lenet_conv.cpp:23]   --->   Operation 358 'getelementptr' 'pool1_output_addr_11' <Predicate = (!icmp_ln59)> <Delay = 0.00>
ST_8 : Operation 359 [2/2] (3.25ns)   --->   "%window_11 = load i11 %pool1_output_addr_11" [D:/lenet_project/handoff/LeNet_DSE_Framework_2022_2/LeNet_DSE_Framework_2022_2/src/lenet_conv.cpp:23]   --->   Operation 359 'load' 'window_11' <Predicate = (!icmp_ln59)> <Delay = 3.25> <CoreInst = "RAM_1WnR">   --->   Core 83 'RAM_1WnR' <Latency = 1> <II = 1> <Delay = 3.25> <Storage> <Opcode : 'load' 'store'> <Ports = 17> <Width = 32> <Depth = 1176> <RAM>
ST_8 : Operation 360 [1/1] (1.91ns)   --->   "%empty_86 = add i8 %newSecond, i8 3" [D:/lenet_project/handoff/LeNet_DSE_Framework_2022_2/LeNet_DSE_Framework_2022_2/src/lenet_conv.cpp:60]   --->   Operation 360 'add' 'empty_86' <Predicate = (!icmp_ln59)> <Delay = 1.91> <CoreInst = "Adder">   --->   Core 1 'Adder' <Latency = 0> <II = 1> <Delay = 1.91> <FuncUnit> <Opcode : 'add' 'sub'> <InPorts = 2> <OutPorts = 1>
ST_8 : Operation 361 [1/1] (0.00ns)   --->   "%empty_87 = trunc i8 %empty_86" [D:/lenet_project/handoff/LeNet_DSE_Framework_2022_2/LeNet_DSE_Framework_2022_2/src/lenet_conv.cpp:60]   --->   Operation 361 'trunc' 'empty_87' <Predicate = (!icmp_ln59)> <Delay = 0.00>
ST_8 : Operation 362 [1/1] (1.91ns)   --->   "%empty_89 = add i8 %newSecond, i8 4" [D:/lenet_project/handoff/LeNet_DSE_Framework_2022_2/LeNet_DSE_Framework_2022_2/src/lenet_conv.cpp:60]   --->   Operation 362 'add' 'empty_89' <Predicate = (!icmp_ln59)> <Delay = 1.91> <CoreInst = "Adder">   --->   Core 1 'Adder' <Latency = 0> <II = 1> <Delay = 1.91> <FuncUnit> <Opcode : 'add' 'sub'> <InPorts = 2> <OutPorts = 1>
ST_8 : Operation 363 [1/1] (0.00ns)   --->   "%empty_90 = trunc i8 %empty_89" [D:/lenet_project/handoff/LeNet_DSE_Framework_2022_2/LeNet_DSE_Framework_2022_2/src/lenet_conv.cpp:60]   --->   Operation 363 'trunc' 'empty_90' <Predicate = (!icmp_ln59)> <Delay = 0.00>
ST_8 : Operation 364 [2/5] (4.35ns)   --->   "%mul_i5_i2 = fmul i32 %pool1_output_load, i32 %bitcast_ln36" [D:/lenet_project/handoff/LeNet_DSE_Framework_2022_2/LeNet_DSE_Framework_2022_2/src/lenet_conv.cpp:36]   --->   Operation 364 'fmul' 'mul_i5_i2' <Predicate = (!icmp_ln59)> <Delay = 4.35> <CoreInst = "FMul_maxdsp">   --->   Core 30 'FMul_maxdsp' <Latency = 4> <II = 1> <Delay = 4.35> <FuncUnit> <Opcode : 'fmul'> <InPorts = 2> <OutPorts = 1>
ST_8 : Operation 365 [3/5] (4.35ns)   --->   "%mul_i5_i2_1 = fmul i32 %window_1, i32 %bitcast_ln36_49" [D:/lenet_project/handoff/LeNet_DSE_Framework_2022_2/LeNet_DSE_Framework_2022_2/src/lenet_conv.cpp:36]   --->   Operation 365 'fmul' 'mul_i5_i2_1' <Predicate = (!icmp_ln59)> <Delay = 4.35> <CoreInst = "FMul_maxdsp">   --->   Core 30 'FMul_maxdsp' <Latency = 4> <II = 1> <Delay = 4.35> <FuncUnit> <Opcode : 'fmul'> <InPorts = 2> <OutPorts = 1>
ST_8 : Operation 366 [4/5] (4.35ns)   --->   "%mul_i5_i2_2 = fmul i32 %window_2, i32 %bitcast_ln36_50" [D:/lenet_project/handoff/LeNet_DSE_Framework_2022_2/LeNet_DSE_Framework_2022_2/src/lenet_conv.cpp:36]   --->   Operation 366 'fmul' 'mul_i5_i2_2' <Predicate = (!icmp_ln59)> <Delay = 4.35> <CoreInst = "FMul_maxdsp">   --->   Core 30 'FMul_maxdsp' <Latency = 4> <II = 1> <Delay = 4.35> <FuncUnit> <Opcode : 'fmul'> <InPorts = 2> <OutPorts = 1>
ST_8 : Operation 367 [1/1] (0.00ns)   --->   "%bitcast_ln36_51 = bitcast i32 %gmem1_addr_read_51" [D:/lenet_project/handoff/LeNet_DSE_Framework_2022_2/LeNet_DSE_Framework_2022_2/src/lenet_conv.cpp:36]   --->   Operation 367 'bitcast' 'bitcast_ln36_51' <Predicate = (!icmp_ln59)> <Delay = 0.00>
ST_8 : Operation 368 [5/5] (4.35ns)   --->   "%mul_i5_i2_3 = fmul i32 %window_3, i32 %bitcast_ln36_51" [D:/lenet_project/handoff/LeNet_DSE_Framework_2022_2/LeNet_DSE_Framework_2022_2/src/lenet_conv.cpp:36]   --->   Operation 368 'fmul' 'mul_i5_i2_3' <Predicate = (!icmp_ln59)> <Delay = 4.35> <CoreInst = "FMul_maxdsp">   --->   Core 30 'FMul_maxdsp' <Latency = 4> <II = 1> <Delay = 4.35> <FuncUnit> <Opcode : 'fmul'> <InPorts = 2> <OutPorts = 1>
ST_8 : Operation 369 [1/1] (5.11ns)   --->   "%gmem1_addr_read_54 = read i32 @_ssdm_op_Read.m_axi.p1i32, i32 %gmem1_addr" [D:/lenet_project/handoff/LeNet_DSE_Framework_2022_2/LeNet_DSE_Framework_2022_2/src/lenet_conv.cpp:36]   --->   Operation 369 'read' 'gmem1_addr_read_54' <Predicate = (!icmp_ln59)> <Delay = 5.11> <CoreInst = "m_axi">   --->   Core 113 'm_axi' <Latency = 0> <II = 1> <Delay = 1.00> <Adapter> <Opcode : 'read' 'write' 'readreq' 'writereq' 'writeresp'>

State 9 <SV = 8> <Delay = 5.11>
ST_9 : Operation 370 [1/2] (3.25ns)   --->   "%window_10 = load i11 %pool1_output_addr_10" [D:/lenet_project/handoff/LeNet_DSE_Framework_2022_2/LeNet_DSE_Framework_2022_2/src/lenet_conv.cpp:23]   --->   Operation 370 'load' 'window_10' <Predicate = (!icmp_ln59)> <Delay = 3.25> <CoreInst = "RAM_1WnR">   --->   Core 83 'RAM_1WnR' <Latency = 1> <II = 1> <Delay = 3.25> <Storage> <Opcode : 'load' 'store'> <Ports = 17> <Width = 32> <Depth = 1176> <RAM>
ST_9 : Operation 371 [1/2] (3.25ns)   --->   "%window_11 = load i11 %pool1_output_addr_11" [D:/lenet_project/handoff/LeNet_DSE_Framework_2022_2/LeNet_DSE_Framework_2022_2/src/lenet_conv.cpp:23]   --->   Operation 371 'load' 'window_11' <Predicate = (!icmp_ln59)> <Delay = 3.25> <CoreInst = "RAM_1WnR">   --->   Core 83 'RAM_1WnR' <Latency = 1> <II = 1> <Delay = 3.25> <Storage> <Opcode : 'load' 'store'> <Ports = 17> <Width = 32> <Depth = 1176> <RAM>
ST_9 : Operation 372 [1/1] (1.63ns)   --->   "%add_ln21_30 = add i11 %add_ln21_28, i11 2" [D:/lenet_project/handoff/LeNet_DSE_Framework_2022_2/LeNet_DSE_Framework_2022_2/src/lenet_conv.cpp:21]   --->   Operation 372 'add' 'add_ln21_30' <Predicate = (!icmp_ln59)> <Delay = 1.63> <CoreInst = "Adder">   --->   Core 1 'Adder' <Latency = 0> <II = 1> <Delay = 1.63> <FuncUnit> <Opcode : 'add' 'sub'> <InPorts = 2> <OutPorts = 1>
ST_9 : Operation 373 [1/1] (0.00ns)   --->   "%zext_ln23_36 = zext i11 %add_ln21_30" [D:/lenet_project/handoff/LeNet_DSE_Framework_2022_2/LeNet_DSE_Framework_2022_2/src/lenet_conv.cpp:23]   --->   Operation 373 'zext' 'zext_ln23_36' <Predicate = (!icmp_ln59)> <Delay = 0.00>
ST_9 : Operation 374 [1/1] (0.00ns)   --->   "%pool1_output_addr_12 = getelementptr i32 %pool1_output, i64 0, i64 %zext_ln23_36" [D:/lenet_project/handoff/LeNet_DSE_Framework_2022_2/LeNet_DSE_Framework_2022_2/src/lenet_conv.cpp:23]   --->   Operation 374 'getelementptr' 'pool1_output_addr_12' <Predicate = (!icmp_ln59)> <Delay = 0.00>
ST_9 : Operation 375 [2/2] (3.25ns)   --->   "%window_12 = load i11 %pool1_output_addr_12" [D:/lenet_project/handoff/LeNet_DSE_Framework_2022_2/LeNet_DSE_Framework_2022_2/src/lenet_conv.cpp:23]   --->   Operation 375 'load' 'window_12' <Predicate = (!icmp_ln59)> <Delay = 3.25> <CoreInst = "RAM_1WnR">   --->   Core 83 'RAM_1WnR' <Latency = 1> <II = 1> <Delay = 3.25> <Storage> <Opcode : 'load' 'store'> <Ports = 17> <Width = 32> <Depth = 1176> <RAM>
ST_9 : Operation 376 [1/1] (1.63ns)   --->   "%add_ln21_31 = add i11 %add_ln21_28, i11 3" [D:/lenet_project/handoff/LeNet_DSE_Framework_2022_2/LeNet_DSE_Framework_2022_2/src/lenet_conv.cpp:21]   --->   Operation 376 'add' 'add_ln21_31' <Predicate = (!icmp_ln59)> <Delay = 1.63> <CoreInst = "Adder">   --->   Core 1 'Adder' <Latency = 0> <II = 1> <Delay = 1.63> <FuncUnit> <Opcode : 'add' 'sub'> <InPorts = 2> <OutPorts = 1>
ST_9 : Operation 377 [1/1] (0.00ns)   --->   "%zext_ln23_37 = zext i11 %add_ln21_31" [D:/lenet_project/handoff/LeNet_DSE_Framework_2022_2/LeNet_DSE_Framework_2022_2/src/lenet_conv.cpp:23]   --->   Operation 377 'zext' 'zext_ln23_37' <Predicate = (!icmp_ln59)> <Delay = 0.00>
ST_9 : Operation 378 [1/1] (0.00ns)   --->   "%pool1_output_addr_13 = getelementptr i32 %pool1_output, i64 0, i64 %zext_ln23_37" [D:/lenet_project/handoff/LeNet_DSE_Framework_2022_2/LeNet_DSE_Framework_2022_2/src/lenet_conv.cpp:23]   --->   Operation 378 'getelementptr' 'pool1_output_addr_13' <Predicate = (!icmp_ln59)> <Delay = 0.00>
ST_9 : Operation 379 [2/2] (3.25ns)   --->   "%window_13 = load i11 %pool1_output_addr_13" [D:/lenet_project/handoff/LeNet_DSE_Framework_2022_2/LeNet_DSE_Framework_2022_2/src/lenet_conv.cpp:23]   --->   Operation 379 'load' 'window_13' <Predicate = (!icmp_ln59)> <Delay = 3.25> <CoreInst = "RAM_1WnR">   --->   Core 83 'RAM_1WnR' <Latency = 1> <II = 1> <Delay = 3.25> <Storage> <Opcode : 'load' 'store'> <Ports = 17> <Width = 32> <Depth = 1176> <RAM>
ST_9 : Operation 380 [1/1] (0.00ns)   --->   "%p_shl22_3 = bitconcatenate i11 @_ssdm_op_BitConcatenate.i11.i7.i4, i7 %empty_87, i4 0" [D:/lenet_project/handoff/LeNet_DSE_Framework_2022_2/LeNet_DSE_Framework_2022_2/src/lenet_conv.cpp:60]   --->   Operation 380 'bitconcatenate' 'p_shl22_3' <Predicate = (!icmp_ln59)> <Delay = 0.00>
ST_9 : Operation 381 [1/1] (0.00ns)   --->   "%p_shl23_3 = bitconcatenate i9 @_ssdm_op_BitConcatenate.i9.i8.i1, i8 %empty_86, i1 0" [D:/lenet_project/handoff/LeNet_DSE_Framework_2022_2/LeNet_DSE_Framework_2022_2/src/lenet_conv.cpp:60]   --->   Operation 381 'bitconcatenate' 'p_shl23_3' <Predicate = (!icmp_ln59)> <Delay = 0.00>
ST_9 : Operation 382 [1/1] (0.00ns)   --->   "%p_shl23_3_cast = sext i9 %p_shl23_3" [D:/lenet_project/handoff/LeNet_DSE_Framework_2022_2/LeNet_DSE_Framework_2022_2/src/lenet_conv.cpp:60]   --->   Operation 382 'sext' 'p_shl23_3_cast' <Predicate = (!icmp_ln59)> <Delay = 0.00>
ST_9 : Operation 383 [1/1] (0.00ns) (grouped into TernaryAdder)   --->   "%empty_88 = sub i11 %p_shl22_3, i11 %p_shl23_3_cast" [D:/lenet_project/handoff/LeNet_DSE_Framework_2022_2/LeNet_DSE_Framework_2022_2/src/lenet_conv.cpp:60]   --->   Operation 383 'sub' 'empty_88' <Predicate = (!icmp_ln59)> <Delay = 0.00> <CoreInst = "TAddSub">   --->   Core 10 'TAddSub' <Latency = 0> <II = 1> <Delay = 1.87> <IPBlock> <Opcode : 'add' 'sub'> <InPorts = 3> <OutPorts = 1> <Sync> <CReg>
ST_9 : Operation 384 [1/1] (3.75ns) (root node of TernaryAdder)   --->   "%add_ln21_33 = add i11 %empty_88, i11 %zext_ln55_cast" [D:/lenet_project/handoff/LeNet_DSE_Framework_2022_2/LeNet_DSE_Framework_2022_2/src/lenet_conv.cpp:21]   --->   Operation 384 'add' 'add_ln21_33' <Predicate = (!icmp_ln59)> <Delay = 3.75> <CoreInst = "TAddSub">   --->   Core 10 'TAddSub' <Latency = 0> <II = 1> <Delay = 1.87> <IPBlock> <Opcode : 'add' 'sub'> <InPorts = 3> <OutPorts = 1> <Sync> <CReg>
ST_9 : Operation 385 [1/1] (0.00ns)   --->   "%p_shl22_4 = bitconcatenate i11 @_ssdm_op_BitConcatenate.i11.i7.i4, i7 %empty_90, i4 0" [D:/lenet_project/handoff/LeNet_DSE_Framework_2022_2/LeNet_DSE_Framework_2022_2/src/lenet_conv.cpp:60]   --->   Operation 385 'bitconcatenate' 'p_shl22_4' <Predicate = (!icmp_ln59)> <Delay = 0.00>
ST_9 : Operation 386 [1/1] (0.00ns)   --->   "%p_shl23_4 = bitconcatenate i9 @_ssdm_op_BitConcatenate.i9.i8.i1, i8 %empty_89, i1 0" [D:/lenet_project/handoff/LeNet_DSE_Framework_2022_2/LeNet_DSE_Framework_2022_2/src/lenet_conv.cpp:60]   --->   Operation 386 'bitconcatenate' 'p_shl23_4' <Predicate = (!icmp_ln59)> <Delay = 0.00>
ST_9 : Operation 387 [1/1] (0.00ns)   --->   "%p_shl23_4_cast = sext i9 %p_shl23_4" [D:/lenet_project/handoff/LeNet_DSE_Framework_2022_2/LeNet_DSE_Framework_2022_2/src/lenet_conv.cpp:60]   --->   Operation 387 'sext' 'p_shl23_4_cast' <Predicate = (!icmp_ln59)> <Delay = 0.00>
ST_9 : Operation 388 [1/1] (0.00ns) (grouped into TernaryAdder)   --->   "%empty_91 = sub i11 %p_shl22_4, i11 %p_shl23_4_cast" [D:/lenet_project/handoff/LeNet_DSE_Framework_2022_2/LeNet_DSE_Framework_2022_2/src/lenet_conv.cpp:60]   --->   Operation 388 'sub' 'empty_91' <Predicate = (!icmp_ln59)> <Delay = 0.00> <CoreInst = "TAddSub">   --->   Core 10 'TAddSub' <Latency = 0> <II = 1> <Delay = 1.87> <IPBlock> <Opcode : 'add' 'sub'> <InPorts = 3> <OutPorts = 1> <Sync> <CReg>
ST_9 : Operation 389 [1/1] (3.75ns) (root node of TernaryAdder)   --->   "%add_ln21_38 = add i11 %empty_91, i11 %zext_ln55_cast" [D:/lenet_project/handoff/LeNet_DSE_Framework_2022_2/LeNet_DSE_Framework_2022_2/src/lenet_conv.cpp:21]   --->   Operation 389 'add' 'add_ln21_38' <Predicate = (!icmp_ln59)> <Delay = 3.75> <CoreInst = "TAddSub">   --->   Core 10 'TAddSub' <Latency = 0> <II = 1> <Delay = 1.87> <IPBlock> <Opcode : 'add' 'sub'> <InPorts = 3> <OutPorts = 1> <Sync> <CReg>
ST_9 : Operation 390 [1/5] (4.35ns)   --->   "%mul_i5_i2 = fmul i32 %pool1_output_load, i32 %bitcast_ln36" [D:/lenet_project/handoff/LeNet_DSE_Framework_2022_2/LeNet_DSE_Framework_2022_2/src/lenet_conv.cpp:36]   --->   Operation 390 'fmul' 'mul_i5_i2' <Predicate = (!icmp_ln59)> <Delay = 4.35> <CoreInst = "FMul_maxdsp">   --->   Core 30 'FMul_maxdsp' <Latency = 4> <II = 1> <Delay = 4.35> <FuncUnit> <Opcode : 'fmul'> <InPorts = 2> <OutPorts = 1>
ST_9 : Operation 391 [2/5] (4.35ns)   --->   "%mul_i5_i2_1 = fmul i32 %window_1, i32 %bitcast_ln36_49" [D:/lenet_project/handoff/LeNet_DSE_Framework_2022_2/LeNet_DSE_Framework_2022_2/src/lenet_conv.cpp:36]   --->   Operation 391 'fmul' 'mul_i5_i2_1' <Predicate = (!icmp_ln59)> <Delay = 4.35> <CoreInst = "FMul_maxdsp">   --->   Core 30 'FMul_maxdsp' <Latency = 4> <II = 1> <Delay = 4.35> <FuncUnit> <Opcode : 'fmul'> <InPorts = 2> <OutPorts = 1>
ST_9 : Operation 392 [3/5] (4.35ns)   --->   "%mul_i5_i2_2 = fmul i32 %window_2, i32 %bitcast_ln36_50" [D:/lenet_project/handoff/LeNet_DSE_Framework_2022_2/LeNet_DSE_Framework_2022_2/src/lenet_conv.cpp:36]   --->   Operation 392 'fmul' 'mul_i5_i2_2' <Predicate = (!icmp_ln59)> <Delay = 4.35> <CoreInst = "FMul_maxdsp">   --->   Core 30 'FMul_maxdsp' <Latency = 4> <II = 1> <Delay = 4.35> <FuncUnit> <Opcode : 'fmul'> <InPorts = 2> <OutPorts = 1>
ST_9 : Operation 393 [4/5] (4.35ns)   --->   "%mul_i5_i2_3 = fmul i32 %window_3, i32 %bitcast_ln36_51" [D:/lenet_project/handoff/LeNet_DSE_Framework_2022_2/LeNet_DSE_Framework_2022_2/src/lenet_conv.cpp:36]   --->   Operation 393 'fmul' 'mul_i5_i2_3' <Predicate = (!icmp_ln59)> <Delay = 4.35> <CoreInst = "FMul_maxdsp">   --->   Core 30 'FMul_maxdsp' <Latency = 4> <II = 1> <Delay = 4.35> <FuncUnit> <Opcode : 'fmul'> <InPorts = 2> <OutPorts = 1>
ST_9 : Operation 394 [1/1] (0.00ns)   --->   "%bitcast_ln36_52 = bitcast i32 %gmem1_addr_read_52" [D:/lenet_project/handoff/LeNet_DSE_Framework_2022_2/LeNet_DSE_Framework_2022_2/src/lenet_conv.cpp:36]   --->   Operation 394 'bitcast' 'bitcast_ln36_52' <Predicate = (!icmp_ln59)> <Delay = 0.00>
ST_9 : Operation 395 [5/5] (4.35ns)   --->   "%mul_i5_i2_4 = fmul i32 %window_4, i32 %bitcast_ln36_52" [D:/lenet_project/handoff/LeNet_DSE_Framework_2022_2/LeNet_DSE_Framework_2022_2/src/lenet_conv.cpp:36]   --->   Operation 395 'fmul' 'mul_i5_i2_4' <Predicate = (!icmp_ln59)> <Delay = 4.35> <CoreInst = "FMul_maxdsp">   --->   Core 30 'FMul_maxdsp' <Latency = 4> <II = 1> <Delay = 4.35> <FuncUnit> <Opcode : 'fmul'> <InPorts = 2> <OutPorts = 1>
ST_9 : Operation 396 [1/1] (5.11ns)   --->   "%gmem1_addr_read_55 = read i32 @_ssdm_op_Read.m_axi.p1i32, i32 %gmem1_addr" [D:/lenet_project/handoff/LeNet_DSE_Framework_2022_2/LeNet_DSE_Framework_2022_2/src/lenet_conv.cpp:36]   --->   Operation 396 'read' 'gmem1_addr_read_55' <Predicate = (!icmp_ln59)> <Delay = 5.11> <CoreInst = "m_axi">   --->   Core 113 'm_axi' <Latency = 0> <II = 1> <Delay = 1.00> <Adapter> <Opcode : 'read' 'write' 'readreq' 'writereq' 'writeresp'>

State 10 <SV = 9> <Delay = 5.11>
ST_10 : Operation 397 [1/1] (0.00ns)   --->   "%accumulator_load = load i32 %accumulator" [D:/lenet_project/handoff/LeNet_DSE_Framework_2022_2/LeNet_DSE_Framework_2022_2/src/lenet_conv.cpp:36]   --->   Operation 397 'load' 'accumulator_load' <Predicate = (!icmp_ln59)> <Delay = 0.00>
ST_10 : Operation 398 [1/2] (3.25ns)   --->   "%window_12 = load i11 %pool1_output_addr_12" [D:/lenet_project/handoff/LeNet_DSE_Framework_2022_2/LeNet_DSE_Framework_2022_2/src/lenet_conv.cpp:23]   --->   Operation 398 'load' 'window_12' <Predicate = (!icmp_ln59)> <Delay = 3.25> <CoreInst = "RAM_1WnR">   --->   Core 83 'RAM_1WnR' <Latency = 1> <II = 1> <Delay = 3.25> <Storage> <Opcode : 'load' 'store'> <Ports = 17> <Width = 32> <Depth = 1176> <RAM>
ST_10 : Operation 399 [1/2] (3.25ns)   --->   "%window_13 = load i11 %pool1_output_addr_13" [D:/lenet_project/handoff/LeNet_DSE_Framework_2022_2/LeNet_DSE_Framework_2022_2/src/lenet_conv.cpp:23]   --->   Operation 399 'load' 'window_13' <Predicate = (!icmp_ln59)> <Delay = 3.25> <CoreInst = "RAM_1WnR">   --->   Core 83 'RAM_1WnR' <Latency = 1> <II = 1> <Delay = 3.25> <Storage> <Opcode : 'load' 'store'> <Ports = 17> <Width = 32> <Depth = 1176> <RAM>
ST_10 : Operation 400 [1/1] (1.63ns)   --->   "%add_ln21_32 = add i11 %add_ln21_28, i11 4" [D:/lenet_project/handoff/LeNet_DSE_Framework_2022_2/LeNet_DSE_Framework_2022_2/src/lenet_conv.cpp:21]   --->   Operation 400 'add' 'add_ln21_32' <Predicate = (!icmp_ln59)> <Delay = 1.63> <CoreInst = "Adder">   --->   Core 1 'Adder' <Latency = 0> <II = 1> <Delay = 1.63> <FuncUnit> <Opcode : 'add' 'sub'> <InPorts = 2> <OutPorts = 1>
ST_10 : Operation 401 [1/1] (0.00ns)   --->   "%zext_ln23_38 = zext i11 %add_ln21_32" [D:/lenet_project/handoff/LeNet_DSE_Framework_2022_2/LeNet_DSE_Framework_2022_2/src/lenet_conv.cpp:23]   --->   Operation 401 'zext' 'zext_ln23_38' <Predicate = (!icmp_ln59)> <Delay = 0.00>
ST_10 : Operation 402 [1/1] (0.00ns)   --->   "%pool1_output_addr_14 = getelementptr i32 %pool1_output, i64 0, i64 %zext_ln23_38" [D:/lenet_project/handoff/LeNet_DSE_Framework_2022_2/LeNet_DSE_Framework_2022_2/src/lenet_conv.cpp:23]   --->   Operation 402 'getelementptr' 'pool1_output_addr_14' <Predicate = (!icmp_ln59)> <Delay = 0.00>
ST_10 : Operation 403 [2/2] (3.25ns)   --->   "%window_14 = load i11 %pool1_output_addr_14" [D:/lenet_project/handoff/LeNet_DSE_Framework_2022_2/LeNet_DSE_Framework_2022_2/src/lenet_conv.cpp:23]   --->   Operation 403 'load' 'window_14' <Predicate = (!icmp_ln59)> <Delay = 3.25> <CoreInst = "RAM_1WnR">   --->   Core 83 'RAM_1WnR' <Latency = 1> <II = 1> <Delay = 3.25> <Storage> <Opcode : 'load' 'store'> <Ports = 17> <Width = 32> <Depth = 1176> <RAM>
ST_10 : Operation 404 [1/1] (0.00ns)   --->   "%zext_ln23_39 = zext i11 %add_ln21_33" [D:/lenet_project/handoff/LeNet_DSE_Framework_2022_2/LeNet_DSE_Framework_2022_2/src/lenet_conv.cpp:23]   --->   Operation 404 'zext' 'zext_ln23_39' <Predicate = (!icmp_ln59)> <Delay = 0.00>
ST_10 : Operation 405 [1/1] (0.00ns)   --->   "%pool1_output_addr_15 = getelementptr i32 %pool1_output, i64 0, i64 %zext_ln23_39" [D:/lenet_project/handoff/LeNet_DSE_Framework_2022_2/LeNet_DSE_Framework_2022_2/src/lenet_conv.cpp:23]   --->   Operation 405 'getelementptr' 'pool1_output_addr_15' <Predicate = (!icmp_ln59)> <Delay = 0.00>
ST_10 : Operation 406 [2/2] (3.25ns)   --->   "%window_15 = load i11 %pool1_output_addr_15" [D:/lenet_project/handoff/LeNet_DSE_Framework_2022_2/LeNet_DSE_Framework_2022_2/src/lenet_conv.cpp:23]   --->   Operation 406 'load' 'window_15' <Predicate = (!icmp_ln59)> <Delay = 3.25> <CoreInst = "RAM_1WnR">   --->   Core 83 'RAM_1WnR' <Latency = 1> <II = 1> <Delay = 3.25> <Storage> <Opcode : 'load' 'store'> <Ports = 17> <Width = 32> <Depth = 1176> <RAM>
ST_10 : Operation 407 [9/9] (4.34ns)   --->   "%accumulator_assign_s = fadd i32 %accumulator_load, i32 %mul_i5_i2" [D:/lenet_project/handoff/LeNet_DSE_Framework_2022_2/LeNet_DSE_Framework_2022_2/src/lenet_conv.cpp:36]   --->   Operation 407 'fadd' 'accumulator_assign_s' <Predicate = (!icmp_ln59)> <Delay = 4.34> <CoreInst = "FAddSub_fulldsp">   --->   Core 18 'FAddSub_fulldsp' <Latency = 8> <II = 1> <Delay = 4.34> <FuncUnit> <Opcode : 'fadd' 'fsub'> <InPorts = 2> <OutPorts = 1>
ST_10 : Operation 408 [1/5] (4.35ns)   --->   "%mul_i5_i2_1 = fmul i32 %window_1, i32 %bitcast_ln36_49" [D:/lenet_project/handoff/LeNet_DSE_Framework_2022_2/LeNet_DSE_Framework_2022_2/src/lenet_conv.cpp:36]   --->   Operation 408 'fmul' 'mul_i5_i2_1' <Predicate = (!icmp_ln59)> <Delay = 4.35> <CoreInst = "FMul_maxdsp">   --->   Core 30 'FMul_maxdsp' <Latency = 4> <II = 1> <Delay = 4.35> <FuncUnit> <Opcode : 'fmul'> <InPorts = 2> <OutPorts = 1>
ST_10 : Operation 409 [2/5] (4.35ns)   --->   "%mul_i5_i2_2 = fmul i32 %window_2, i32 %bitcast_ln36_50" [D:/lenet_project/handoff/LeNet_DSE_Framework_2022_2/LeNet_DSE_Framework_2022_2/src/lenet_conv.cpp:36]   --->   Operation 409 'fmul' 'mul_i5_i2_2' <Predicate = (!icmp_ln59)> <Delay = 4.35> <CoreInst = "FMul_maxdsp">   --->   Core 30 'FMul_maxdsp' <Latency = 4> <II = 1> <Delay = 4.35> <FuncUnit> <Opcode : 'fmul'> <InPorts = 2> <OutPorts = 1>
ST_10 : Operation 410 [3/5] (4.35ns)   --->   "%mul_i5_i2_3 = fmul i32 %window_3, i32 %bitcast_ln36_51" [D:/lenet_project/handoff/LeNet_DSE_Framework_2022_2/LeNet_DSE_Framework_2022_2/src/lenet_conv.cpp:36]   --->   Operation 410 'fmul' 'mul_i5_i2_3' <Predicate = (!icmp_ln59)> <Delay = 4.35> <CoreInst = "FMul_maxdsp">   --->   Core 30 'FMul_maxdsp' <Latency = 4> <II = 1> <Delay = 4.35> <FuncUnit> <Opcode : 'fmul'> <InPorts = 2> <OutPorts = 1>
ST_10 : Operation 411 [4/5] (4.35ns)   --->   "%mul_i5_i2_4 = fmul i32 %window_4, i32 %bitcast_ln36_52" [D:/lenet_project/handoff/LeNet_DSE_Framework_2022_2/LeNet_DSE_Framework_2022_2/src/lenet_conv.cpp:36]   --->   Operation 411 'fmul' 'mul_i5_i2_4' <Predicate = (!icmp_ln59)> <Delay = 4.35> <CoreInst = "FMul_maxdsp">   --->   Core 30 'FMul_maxdsp' <Latency = 4> <II = 1> <Delay = 4.35> <FuncUnit> <Opcode : 'fmul'> <InPorts = 2> <OutPorts = 1>
ST_10 : Operation 412 [1/1] (0.00ns)   --->   "%bitcast_ln36_53 = bitcast i32 %gmem1_addr_read_53" [D:/lenet_project/handoff/LeNet_DSE_Framework_2022_2/LeNet_DSE_Framework_2022_2/src/lenet_conv.cpp:36]   --->   Operation 412 'bitcast' 'bitcast_ln36_53' <Predicate = (!icmp_ln59)> <Delay = 0.00>
ST_10 : Operation 413 [5/5] (4.35ns)   --->   "%mul_i5_i2_5 = fmul i32 %window_5, i32 %bitcast_ln36_53" [D:/lenet_project/handoff/LeNet_DSE_Framework_2022_2/LeNet_DSE_Framework_2022_2/src/lenet_conv.cpp:36]   --->   Operation 413 'fmul' 'mul_i5_i2_5' <Predicate = (!icmp_ln59)> <Delay = 4.35> <CoreInst = "FMul_maxdsp">   --->   Core 30 'FMul_maxdsp' <Latency = 4> <II = 1> <Delay = 4.35> <FuncUnit> <Opcode : 'fmul'> <InPorts = 2> <OutPorts = 1>
ST_10 : Operation 414 [1/1] (5.11ns)   --->   "%gmem1_addr_read_56 = read i32 @_ssdm_op_Read.m_axi.p1i32, i32 %gmem1_addr" [D:/lenet_project/handoff/LeNet_DSE_Framework_2022_2/LeNet_DSE_Framework_2022_2/src/lenet_conv.cpp:36]   --->   Operation 414 'read' 'gmem1_addr_read_56' <Predicate = (!icmp_ln59)> <Delay = 5.11> <CoreInst = "m_axi">   --->   Core 113 'm_axi' <Latency = 0> <II = 1> <Delay = 1.00> <Adapter> <Opcode : 'read' 'write' 'readreq' 'writereq' 'writeresp'>
ST_10 : Operation 831 [1/1] (0.00ns)   --->   "%ret_ln0 = ret"   --->   Operation 831 'ret' 'ret_ln0' <Predicate = (icmp_ln59)> <Delay = 0.00>

State 11 <SV = 10> <Delay = 5.11>
ST_11 : Operation 415 [1/2] (3.25ns)   --->   "%window_14 = load i11 %pool1_output_addr_14" [D:/lenet_project/handoff/LeNet_DSE_Framework_2022_2/LeNet_DSE_Framework_2022_2/src/lenet_conv.cpp:23]   --->   Operation 415 'load' 'window_14' <Predicate = (!icmp_ln59)> <Delay = 3.25> <CoreInst = "RAM_1WnR">   --->   Core 83 'RAM_1WnR' <Latency = 1> <II = 1> <Delay = 3.25> <Storage> <Opcode : 'load' 'store'> <Ports = 17> <Width = 32> <Depth = 1176> <RAM>
ST_11 : Operation 416 [1/2] (3.25ns)   --->   "%window_15 = load i11 %pool1_output_addr_15" [D:/lenet_project/handoff/LeNet_DSE_Framework_2022_2/LeNet_DSE_Framework_2022_2/src/lenet_conv.cpp:23]   --->   Operation 416 'load' 'window_15' <Predicate = (!icmp_ln59)> <Delay = 3.25> <CoreInst = "RAM_1WnR">   --->   Core 83 'RAM_1WnR' <Latency = 1> <II = 1> <Delay = 3.25> <Storage> <Opcode : 'load' 'store'> <Ports = 17> <Width = 32> <Depth = 1176> <RAM>
ST_11 : Operation 417 [1/1] (1.63ns)   --->   "%add_ln21_34 = add i11 %add_ln21_33, i11 1" [D:/lenet_project/handoff/LeNet_DSE_Framework_2022_2/LeNet_DSE_Framework_2022_2/src/lenet_conv.cpp:21]   --->   Operation 417 'add' 'add_ln21_34' <Predicate = (!icmp_ln59)> <Delay = 1.63> <CoreInst = "Adder">   --->   Core 1 'Adder' <Latency = 0> <II = 1> <Delay = 1.63> <FuncUnit> <Opcode : 'add' 'sub'> <InPorts = 2> <OutPorts = 1>
ST_11 : Operation 418 [1/1] (0.00ns)   --->   "%zext_ln23_40 = zext i11 %add_ln21_34" [D:/lenet_project/handoff/LeNet_DSE_Framework_2022_2/LeNet_DSE_Framework_2022_2/src/lenet_conv.cpp:23]   --->   Operation 418 'zext' 'zext_ln23_40' <Predicate = (!icmp_ln59)> <Delay = 0.00>
ST_11 : Operation 419 [1/1] (0.00ns)   --->   "%pool1_output_addr_16 = getelementptr i32 %pool1_output, i64 0, i64 %zext_ln23_40" [D:/lenet_project/handoff/LeNet_DSE_Framework_2022_2/LeNet_DSE_Framework_2022_2/src/lenet_conv.cpp:23]   --->   Operation 419 'getelementptr' 'pool1_output_addr_16' <Predicate = (!icmp_ln59)> <Delay = 0.00>
ST_11 : Operation 420 [2/2] (3.25ns)   --->   "%window_16 = load i11 %pool1_output_addr_16" [D:/lenet_project/handoff/LeNet_DSE_Framework_2022_2/LeNet_DSE_Framework_2022_2/src/lenet_conv.cpp:23]   --->   Operation 420 'load' 'window_16' <Predicate = (!icmp_ln59)> <Delay = 3.25> <CoreInst = "RAM_1WnR">   --->   Core 83 'RAM_1WnR' <Latency = 1> <II = 1> <Delay = 3.25> <Storage> <Opcode : 'load' 'store'> <Ports = 17> <Width = 32> <Depth = 1176> <RAM>
ST_11 : Operation 421 [1/1] (1.63ns)   --->   "%add_ln21_35 = add i11 %add_ln21_33, i11 2" [D:/lenet_project/handoff/LeNet_DSE_Framework_2022_2/LeNet_DSE_Framework_2022_2/src/lenet_conv.cpp:21]   --->   Operation 421 'add' 'add_ln21_35' <Predicate = (!icmp_ln59)> <Delay = 1.63> <CoreInst = "Adder">   --->   Core 1 'Adder' <Latency = 0> <II = 1> <Delay = 1.63> <FuncUnit> <Opcode : 'add' 'sub'> <InPorts = 2> <OutPorts = 1>
ST_11 : Operation 422 [1/1] (0.00ns)   --->   "%zext_ln23_41 = zext i11 %add_ln21_35" [D:/lenet_project/handoff/LeNet_DSE_Framework_2022_2/LeNet_DSE_Framework_2022_2/src/lenet_conv.cpp:23]   --->   Operation 422 'zext' 'zext_ln23_41' <Predicate = (!icmp_ln59)> <Delay = 0.00>
ST_11 : Operation 423 [1/1] (0.00ns)   --->   "%pool1_output_addr_17 = getelementptr i32 %pool1_output, i64 0, i64 %zext_ln23_41" [D:/lenet_project/handoff/LeNet_DSE_Framework_2022_2/LeNet_DSE_Framework_2022_2/src/lenet_conv.cpp:23]   --->   Operation 423 'getelementptr' 'pool1_output_addr_17' <Predicate = (!icmp_ln59)> <Delay = 0.00>
ST_11 : Operation 424 [2/2] (3.25ns)   --->   "%window_17 = load i11 %pool1_output_addr_17" [D:/lenet_project/handoff/LeNet_DSE_Framework_2022_2/LeNet_DSE_Framework_2022_2/src/lenet_conv.cpp:23]   --->   Operation 424 'load' 'window_17' <Predicate = (!icmp_ln59)> <Delay = 3.25> <CoreInst = "RAM_1WnR">   --->   Core 83 'RAM_1WnR' <Latency = 1> <II = 1> <Delay = 3.25> <Storage> <Opcode : 'load' 'store'> <Ports = 17> <Width = 32> <Depth = 1176> <RAM>
ST_11 : Operation 425 [8/9] (4.34ns)   --->   "%accumulator_assign_s = fadd i32 %accumulator_load, i32 %mul_i5_i2" [D:/lenet_project/handoff/LeNet_DSE_Framework_2022_2/LeNet_DSE_Framework_2022_2/src/lenet_conv.cpp:36]   --->   Operation 425 'fadd' 'accumulator_assign_s' <Predicate = (!icmp_ln59)> <Delay = 4.34> <CoreInst = "FAddSub_fulldsp">   --->   Core 18 'FAddSub_fulldsp' <Latency = 8> <II = 1> <Delay = 4.34> <FuncUnit> <Opcode : 'fadd' 'fsub'> <InPorts = 2> <OutPorts = 1>
ST_11 : Operation 426 [1/5] (4.35ns)   --->   "%mul_i5_i2_2 = fmul i32 %window_2, i32 %bitcast_ln36_50" [D:/lenet_project/handoff/LeNet_DSE_Framework_2022_2/LeNet_DSE_Framework_2022_2/src/lenet_conv.cpp:36]   --->   Operation 426 'fmul' 'mul_i5_i2_2' <Predicate = (!icmp_ln59)> <Delay = 4.35> <CoreInst = "FMul_maxdsp">   --->   Core 30 'FMul_maxdsp' <Latency = 4> <II = 1> <Delay = 4.35> <FuncUnit> <Opcode : 'fmul'> <InPorts = 2> <OutPorts = 1>
ST_11 : Operation 427 [2/5] (4.35ns)   --->   "%mul_i5_i2_3 = fmul i32 %window_3, i32 %bitcast_ln36_51" [D:/lenet_project/handoff/LeNet_DSE_Framework_2022_2/LeNet_DSE_Framework_2022_2/src/lenet_conv.cpp:36]   --->   Operation 427 'fmul' 'mul_i5_i2_3' <Predicate = (!icmp_ln59)> <Delay = 4.35> <CoreInst = "FMul_maxdsp">   --->   Core 30 'FMul_maxdsp' <Latency = 4> <II = 1> <Delay = 4.35> <FuncUnit> <Opcode : 'fmul'> <InPorts = 2> <OutPorts = 1>
ST_11 : Operation 428 [3/5] (4.35ns)   --->   "%mul_i5_i2_4 = fmul i32 %window_4, i32 %bitcast_ln36_52" [D:/lenet_project/handoff/LeNet_DSE_Framework_2022_2/LeNet_DSE_Framework_2022_2/src/lenet_conv.cpp:36]   --->   Operation 428 'fmul' 'mul_i5_i2_4' <Predicate = (!icmp_ln59)> <Delay = 4.35> <CoreInst = "FMul_maxdsp">   --->   Core 30 'FMul_maxdsp' <Latency = 4> <II = 1> <Delay = 4.35> <FuncUnit> <Opcode : 'fmul'> <InPorts = 2> <OutPorts = 1>
ST_11 : Operation 429 [4/5] (4.35ns)   --->   "%mul_i5_i2_5 = fmul i32 %window_5, i32 %bitcast_ln36_53" [D:/lenet_project/handoff/LeNet_DSE_Framework_2022_2/LeNet_DSE_Framework_2022_2/src/lenet_conv.cpp:36]   --->   Operation 429 'fmul' 'mul_i5_i2_5' <Predicate = (!icmp_ln59)> <Delay = 4.35> <CoreInst = "FMul_maxdsp">   --->   Core 30 'FMul_maxdsp' <Latency = 4> <II = 1> <Delay = 4.35> <FuncUnit> <Opcode : 'fmul'> <InPorts = 2> <OutPorts = 1>
ST_11 : Operation 430 [1/1] (0.00ns)   --->   "%bitcast_ln36_54 = bitcast i32 %gmem1_addr_read_54" [D:/lenet_project/handoff/LeNet_DSE_Framework_2022_2/LeNet_DSE_Framework_2022_2/src/lenet_conv.cpp:36]   --->   Operation 430 'bitcast' 'bitcast_ln36_54' <Predicate = (!icmp_ln59)> <Delay = 0.00>
ST_11 : Operation 431 [5/5] (4.35ns)   --->   "%mul_i5_i2_6 = fmul i32 %window_6, i32 %bitcast_ln36_54" [D:/lenet_project/handoff/LeNet_DSE_Framework_2022_2/LeNet_DSE_Framework_2022_2/src/lenet_conv.cpp:36]   --->   Operation 431 'fmul' 'mul_i5_i2_6' <Predicate = (!icmp_ln59)> <Delay = 4.35> <CoreInst = "FMul_maxdsp">   --->   Core 30 'FMul_maxdsp' <Latency = 4> <II = 1> <Delay = 4.35> <FuncUnit> <Opcode : 'fmul'> <InPorts = 2> <OutPorts = 1>
ST_11 : Operation 432 [1/1] (5.11ns)   --->   "%gmem1_addr_read_57 = read i32 @_ssdm_op_Read.m_axi.p1i32, i32 %gmem1_addr" [D:/lenet_project/handoff/LeNet_DSE_Framework_2022_2/LeNet_DSE_Framework_2022_2/src/lenet_conv.cpp:36]   --->   Operation 432 'read' 'gmem1_addr_read_57' <Predicate = (!icmp_ln59)> <Delay = 5.11> <CoreInst = "m_axi">   --->   Core 113 'm_axi' <Latency = 0> <II = 1> <Delay = 1.00> <Adapter> <Opcode : 'read' 'write' 'readreq' 'writereq' 'writeresp'>

State 12 <SV = 11> <Delay = 5.11>
ST_12 : Operation 433 [1/2] (3.25ns)   --->   "%window_16 = load i11 %pool1_output_addr_16" [D:/lenet_project/handoff/LeNet_DSE_Framework_2022_2/LeNet_DSE_Framework_2022_2/src/lenet_conv.cpp:23]   --->   Operation 433 'load' 'window_16' <Predicate = (!icmp_ln59)> <Delay = 3.25> <CoreInst = "RAM_1WnR">   --->   Core 83 'RAM_1WnR' <Latency = 1> <II = 1> <Delay = 3.25> <Storage> <Opcode : 'load' 'store'> <Ports = 17> <Width = 32> <Depth = 1176> <RAM>
ST_12 : Operation 434 [1/2] (3.25ns)   --->   "%window_17 = load i11 %pool1_output_addr_17" [D:/lenet_project/handoff/LeNet_DSE_Framework_2022_2/LeNet_DSE_Framework_2022_2/src/lenet_conv.cpp:23]   --->   Operation 434 'load' 'window_17' <Predicate = (!icmp_ln59)> <Delay = 3.25> <CoreInst = "RAM_1WnR">   --->   Core 83 'RAM_1WnR' <Latency = 1> <II = 1> <Delay = 3.25> <Storage> <Opcode : 'load' 'store'> <Ports = 17> <Width = 32> <Depth = 1176> <RAM>
ST_12 : Operation 435 [1/1] (1.63ns)   --->   "%add_ln21_36 = add i11 %add_ln21_33, i11 3" [D:/lenet_project/handoff/LeNet_DSE_Framework_2022_2/LeNet_DSE_Framework_2022_2/src/lenet_conv.cpp:21]   --->   Operation 435 'add' 'add_ln21_36' <Predicate = (!icmp_ln59)> <Delay = 1.63> <CoreInst = "Adder">   --->   Core 1 'Adder' <Latency = 0> <II = 1> <Delay = 1.63> <FuncUnit> <Opcode : 'add' 'sub'> <InPorts = 2> <OutPorts = 1>
ST_12 : Operation 436 [1/1] (0.00ns)   --->   "%zext_ln23_42 = zext i11 %add_ln21_36" [D:/lenet_project/handoff/LeNet_DSE_Framework_2022_2/LeNet_DSE_Framework_2022_2/src/lenet_conv.cpp:23]   --->   Operation 436 'zext' 'zext_ln23_42' <Predicate = (!icmp_ln59)> <Delay = 0.00>
ST_12 : Operation 437 [1/1] (0.00ns)   --->   "%pool1_output_addr_18 = getelementptr i32 %pool1_output, i64 0, i64 %zext_ln23_42" [D:/lenet_project/handoff/LeNet_DSE_Framework_2022_2/LeNet_DSE_Framework_2022_2/src/lenet_conv.cpp:23]   --->   Operation 437 'getelementptr' 'pool1_output_addr_18' <Predicate = (!icmp_ln59)> <Delay = 0.00>
ST_12 : Operation 438 [2/2] (3.25ns)   --->   "%window_18 = load i11 %pool1_output_addr_18" [D:/lenet_project/handoff/LeNet_DSE_Framework_2022_2/LeNet_DSE_Framework_2022_2/src/lenet_conv.cpp:23]   --->   Operation 438 'load' 'window_18' <Predicate = (!icmp_ln59)> <Delay = 3.25> <CoreInst = "RAM_1WnR">   --->   Core 83 'RAM_1WnR' <Latency = 1> <II = 1> <Delay = 3.25> <Storage> <Opcode : 'load' 'store'> <Ports = 17> <Width = 32> <Depth = 1176> <RAM>
ST_12 : Operation 439 [1/1] (1.63ns)   --->   "%add_ln21_37 = add i11 %add_ln21_33, i11 4" [D:/lenet_project/handoff/LeNet_DSE_Framework_2022_2/LeNet_DSE_Framework_2022_2/src/lenet_conv.cpp:21]   --->   Operation 439 'add' 'add_ln21_37' <Predicate = (!icmp_ln59)> <Delay = 1.63> <CoreInst = "Adder">   --->   Core 1 'Adder' <Latency = 0> <II = 1> <Delay = 1.63> <FuncUnit> <Opcode : 'add' 'sub'> <InPorts = 2> <OutPorts = 1>
ST_12 : Operation 440 [1/1] (0.00ns)   --->   "%zext_ln23_43 = zext i11 %add_ln21_37" [D:/lenet_project/handoff/LeNet_DSE_Framework_2022_2/LeNet_DSE_Framework_2022_2/src/lenet_conv.cpp:23]   --->   Operation 440 'zext' 'zext_ln23_43' <Predicate = (!icmp_ln59)> <Delay = 0.00>
ST_12 : Operation 441 [1/1] (0.00ns)   --->   "%pool1_output_addr_19 = getelementptr i32 %pool1_output, i64 0, i64 %zext_ln23_43" [D:/lenet_project/handoff/LeNet_DSE_Framework_2022_2/LeNet_DSE_Framework_2022_2/src/lenet_conv.cpp:23]   --->   Operation 441 'getelementptr' 'pool1_output_addr_19' <Predicate = (!icmp_ln59)> <Delay = 0.00>
ST_12 : Operation 442 [2/2] (3.25ns)   --->   "%window_19 = load i11 %pool1_output_addr_19" [D:/lenet_project/handoff/LeNet_DSE_Framework_2022_2/LeNet_DSE_Framework_2022_2/src/lenet_conv.cpp:23]   --->   Operation 442 'load' 'window_19' <Predicate = (!icmp_ln59)> <Delay = 3.25> <CoreInst = "RAM_1WnR">   --->   Core 83 'RAM_1WnR' <Latency = 1> <II = 1> <Delay = 3.25> <Storage> <Opcode : 'load' 'store'> <Ports = 17> <Width = 32> <Depth = 1176> <RAM>
ST_12 : Operation 443 [7/9] (4.34ns)   --->   "%accumulator_assign_s = fadd i32 %accumulator_load, i32 %mul_i5_i2" [D:/lenet_project/handoff/LeNet_DSE_Framework_2022_2/LeNet_DSE_Framework_2022_2/src/lenet_conv.cpp:36]   --->   Operation 443 'fadd' 'accumulator_assign_s' <Predicate = (!icmp_ln59)> <Delay = 4.34> <CoreInst = "FAddSub_fulldsp">   --->   Core 18 'FAddSub_fulldsp' <Latency = 8> <II = 1> <Delay = 4.34> <FuncUnit> <Opcode : 'fadd' 'fsub'> <InPorts = 2> <OutPorts = 1>
ST_12 : Operation 444 [1/5] (4.35ns)   --->   "%mul_i5_i2_3 = fmul i32 %window_3, i32 %bitcast_ln36_51" [D:/lenet_project/handoff/LeNet_DSE_Framework_2022_2/LeNet_DSE_Framework_2022_2/src/lenet_conv.cpp:36]   --->   Operation 444 'fmul' 'mul_i5_i2_3' <Predicate = (!icmp_ln59)> <Delay = 4.35> <CoreInst = "FMul_maxdsp">   --->   Core 30 'FMul_maxdsp' <Latency = 4> <II = 1> <Delay = 4.35> <FuncUnit> <Opcode : 'fmul'> <InPorts = 2> <OutPorts = 1>
ST_12 : Operation 445 [2/5] (4.35ns)   --->   "%mul_i5_i2_4 = fmul i32 %window_4, i32 %bitcast_ln36_52" [D:/lenet_project/handoff/LeNet_DSE_Framework_2022_2/LeNet_DSE_Framework_2022_2/src/lenet_conv.cpp:36]   --->   Operation 445 'fmul' 'mul_i5_i2_4' <Predicate = (!icmp_ln59)> <Delay = 4.35> <CoreInst = "FMul_maxdsp">   --->   Core 30 'FMul_maxdsp' <Latency = 4> <II = 1> <Delay = 4.35> <FuncUnit> <Opcode : 'fmul'> <InPorts = 2> <OutPorts = 1>
ST_12 : Operation 446 [3/5] (4.35ns)   --->   "%mul_i5_i2_5 = fmul i32 %window_5, i32 %bitcast_ln36_53" [D:/lenet_project/handoff/LeNet_DSE_Framework_2022_2/LeNet_DSE_Framework_2022_2/src/lenet_conv.cpp:36]   --->   Operation 446 'fmul' 'mul_i5_i2_5' <Predicate = (!icmp_ln59)> <Delay = 4.35> <CoreInst = "FMul_maxdsp">   --->   Core 30 'FMul_maxdsp' <Latency = 4> <II = 1> <Delay = 4.35> <FuncUnit> <Opcode : 'fmul'> <InPorts = 2> <OutPorts = 1>
ST_12 : Operation 447 [4/5] (4.35ns)   --->   "%mul_i5_i2_6 = fmul i32 %window_6, i32 %bitcast_ln36_54" [D:/lenet_project/handoff/LeNet_DSE_Framework_2022_2/LeNet_DSE_Framework_2022_2/src/lenet_conv.cpp:36]   --->   Operation 447 'fmul' 'mul_i5_i2_6' <Predicate = (!icmp_ln59)> <Delay = 4.35> <CoreInst = "FMul_maxdsp">   --->   Core 30 'FMul_maxdsp' <Latency = 4> <II = 1> <Delay = 4.35> <FuncUnit> <Opcode : 'fmul'> <InPorts = 2> <OutPorts = 1>
ST_12 : Operation 448 [1/1] (0.00ns)   --->   "%bitcast_ln36_55 = bitcast i32 %gmem1_addr_read_55" [D:/lenet_project/handoff/LeNet_DSE_Framework_2022_2/LeNet_DSE_Framework_2022_2/src/lenet_conv.cpp:36]   --->   Operation 448 'bitcast' 'bitcast_ln36_55' <Predicate = (!icmp_ln59)> <Delay = 0.00>
ST_12 : Operation 449 [5/5] (4.35ns)   --->   "%mul_i5_i2_7 = fmul i32 %window_7, i32 %bitcast_ln36_55" [D:/lenet_project/handoff/LeNet_DSE_Framework_2022_2/LeNet_DSE_Framework_2022_2/src/lenet_conv.cpp:36]   --->   Operation 449 'fmul' 'mul_i5_i2_7' <Predicate = (!icmp_ln59)> <Delay = 4.35> <CoreInst = "FMul_maxdsp">   --->   Core 30 'FMul_maxdsp' <Latency = 4> <II = 1> <Delay = 4.35> <FuncUnit> <Opcode : 'fmul'> <InPorts = 2> <OutPorts = 1>
ST_12 : Operation 450 [1/1] (5.11ns)   --->   "%gmem1_addr_read_58 = read i32 @_ssdm_op_Read.m_axi.p1i32, i32 %gmem1_addr" [D:/lenet_project/handoff/LeNet_DSE_Framework_2022_2/LeNet_DSE_Framework_2022_2/src/lenet_conv.cpp:36]   --->   Operation 450 'read' 'gmem1_addr_read_58' <Predicate = (!icmp_ln59)> <Delay = 5.11> <CoreInst = "m_axi">   --->   Core 113 'm_axi' <Latency = 0> <II = 1> <Delay = 1.00> <Adapter> <Opcode : 'read' 'write' 'readreq' 'writereq' 'writeresp'>

State 13 <SV = 12> <Delay = 5.11>
ST_13 : Operation 451 [1/2] (3.25ns)   --->   "%window_18 = load i11 %pool1_output_addr_18" [D:/lenet_project/handoff/LeNet_DSE_Framework_2022_2/LeNet_DSE_Framework_2022_2/src/lenet_conv.cpp:23]   --->   Operation 451 'load' 'window_18' <Predicate = (!icmp_ln59)> <Delay = 3.25> <CoreInst = "RAM_1WnR">   --->   Core 83 'RAM_1WnR' <Latency = 1> <II = 1> <Delay = 3.25> <Storage> <Opcode : 'load' 'store'> <Ports = 17> <Width = 32> <Depth = 1176> <RAM>
ST_13 : Operation 452 [1/2] (3.25ns)   --->   "%window_19 = load i11 %pool1_output_addr_19" [D:/lenet_project/handoff/LeNet_DSE_Framework_2022_2/LeNet_DSE_Framework_2022_2/src/lenet_conv.cpp:23]   --->   Operation 452 'load' 'window_19' <Predicate = (!icmp_ln59)> <Delay = 3.25> <CoreInst = "RAM_1WnR">   --->   Core 83 'RAM_1WnR' <Latency = 1> <II = 1> <Delay = 3.25> <Storage> <Opcode : 'load' 'store'> <Ports = 17> <Width = 32> <Depth = 1176> <RAM>
ST_13 : Operation 453 [1/1] (0.00ns)   --->   "%zext_ln23_44 = zext i11 %add_ln21_38" [D:/lenet_project/handoff/LeNet_DSE_Framework_2022_2/LeNet_DSE_Framework_2022_2/src/lenet_conv.cpp:23]   --->   Operation 453 'zext' 'zext_ln23_44' <Predicate = (!icmp_ln59)> <Delay = 0.00>
ST_13 : Operation 454 [1/1] (0.00ns)   --->   "%pool1_output_addr_20 = getelementptr i32 %pool1_output, i64 0, i64 %zext_ln23_44" [D:/lenet_project/handoff/LeNet_DSE_Framework_2022_2/LeNet_DSE_Framework_2022_2/src/lenet_conv.cpp:23]   --->   Operation 454 'getelementptr' 'pool1_output_addr_20' <Predicate = (!icmp_ln59)> <Delay = 0.00>
ST_13 : Operation 455 [2/2] (3.25ns)   --->   "%window_20 = load i11 %pool1_output_addr_20" [D:/lenet_project/handoff/LeNet_DSE_Framework_2022_2/LeNet_DSE_Framework_2022_2/src/lenet_conv.cpp:23]   --->   Operation 455 'load' 'window_20' <Predicate = (!icmp_ln59)> <Delay = 3.25> <CoreInst = "RAM_1WnR">   --->   Core 83 'RAM_1WnR' <Latency = 1> <II = 1> <Delay = 3.25> <Storage> <Opcode : 'load' 'store'> <Ports = 17> <Width = 32> <Depth = 1176> <RAM>
ST_13 : Operation 456 [1/1] (1.63ns)   --->   "%add_ln21_39 = add i11 %add_ln21_38, i11 1" [D:/lenet_project/handoff/LeNet_DSE_Framework_2022_2/LeNet_DSE_Framework_2022_2/src/lenet_conv.cpp:21]   --->   Operation 456 'add' 'add_ln21_39' <Predicate = (!icmp_ln59)> <Delay = 1.63> <CoreInst = "Adder">   --->   Core 1 'Adder' <Latency = 0> <II = 1> <Delay = 1.63> <FuncUnit> <Opcode : 'add' 'sub'> <InPorts = 2> <OutPorts = 1>
ST_13 : Operation 457 [1/1] (0.00ns)   --->   "%zext_ln23_45 = zext i11 %add_ln21_39" [D:/lenet_project/handoff/LeNet_DSE_Framework_2022_2/LeNet_DSE_Framework_2022_2/src/lenet_conv.cpp:23]   --->   Operation 457 'zext' 'zext_ln23_45' <Predicate = (!icmp_ln59)> <Delay = 0.00>
ST_13 : Operation 458 [1/1] (0.00ns)   --->   "%pool1_output_addr_21 = getelementptr i32 %pool1_output, i64 0, i64 %zext_ln23_45" [D:/lenet_project/handoff/LeNet_DSE_Framework_2022_2/LeNet_DSE_Framework_2022_2/src/lenet_conv.cpp:23]   --->   Operation 458 'getelementptr' 'pool1_output_addr_21' <Predicate = (!icmp_ln59)> <Delay = 0.00>
ST_13 : Operation 459 [2/2] (3.25ns)   --->   "%window_21 = load i11 %pool1_output_addr_21" [D:/lenet_project/handoff/LeNet_DSE_Framework_2022_2/LeNet_DSE_Framework_2022_2/src/lenet_conv.cpp:23]   --->   Operation 459 'load' 'window_21' <Predicate = (!icmp_ln59)> <Delay = 3.25> <CoreInst = "RAM_1WnR">   --->   Core 83 'RAM_1WnR' <Latency = 1> <II = 1> <Delay = 3.25> <Storage> <Opcode : 'load' 'store'> <Ports = 17> <Width = 32> <Depth = 1176> <RAM>
ST_13 : Operation 460 [6/9] (4.34ns)   --->   "%accumulator_assign_s = fadd i32 %accumulator_load, i32 %mul_i5_i2" [D:/lenet_project/handoff/LeNet_DSE_Framework_2022_2/LeNet_DSE_Framework_2022_2/src/lenet_conv.cpp:36]   --->   Operation 460 'fadd' 'accumulator_assign_s' <Predicate = (!icmp_ln59)> <Delay = 4.34> <CoreInst = "FAddSub_fulldsp">   --->   Core 18 'FAddSub_fulldsp' <Latency = 8> <II = 1> <Delay = 4.34> <FuncUnit> <Opcode : 'fadd' 'fsub'> <InPorts = 2> <OutPorts = 1>
ST_13 : Operation 461 [1/5] (4.35ns)   --->   "%mul_i5_i2_4 = fmul i32 %window_4, i32 %bitcast_ln36_52" [D:/lenet_project/handoff/LeNet_DSE_Framework_2022_2/LeNet_DSE_Framework_2022_2/src/lenet_conv.cpp:36]   --->   Operation 461 'fmul' 'mul_i5_i2_4' <Predicate = (!icmp_ln59)> <Delay = 4.35> <CoreInst = "FMul_maxdsp">   --->   Core 30 'FMul_maxdsp' <Latency = 4> <II = 1> <Delay = 4.35> <FuncUnit> <Opcode : 'fmul'> <InPorts = 2> <OutPorts = 1>
ST_13 : Operation 462 [2/5] (4.35ns)   --->   "%mul_i5_i2_5 = fmul i32 %window_5, i32 %bitcast_ln36_53" [D:/lenet_project/handoff/LeNet_DSE_Framework_2022_2/LeNet_DSE_Framework_2022_2/src/lenet_conv.cpp:36]   --->   Operation 462 'fmul' 'mul_i5_i2_5' <Predicate = (!icmp_ln59)> <Delay = 4.35> <CoreInst = "FMul_maxdsp">   --->   Core 30 'FMul_maxdsp' <Latency = 4> <II = 1> <Delay = 4.35> <FuncUnit> <Opcode : 'fmul'> <InPorts = 2> <OutPorts = 1>
ST_13 : Operation 463 [3/5] (4.35ns)   --->   "%mul_i5_i2_6 = fmul i32 %window_6, i32 %bitcast_ln36_54" [D:/lenet_project/handoff/LeNet_DSE_Framework_2022_2/LeNet_DSE_Framework_2022_2/src/lenet_conv.cpp:36]   --->   Operation 463 'fmul' 'mul_i5_i2_6' <Predicate = (!icmp_ln59)> <Delay = 4.35> <CoreInst = "FMul_maxdsp">   --->   Core 30 'FMul_maxdsp' <Latency = 4> <II = 1> <Delay = 4.35> <FuncUnit> <Opcode : 'fmul'> <InPorts = 2> <OutPorts = 1>
ST_13 : Operation 464 [4/5] (4.35ns)   --->   "%mul_i5_i2_7 = fmul i32 %window_7, i32 %bitcast_ln36_55" [D:/lenet_project/handoff/LeNet_DSE_Framework_2022_2/LeNet_DSE_Framework_2022_2/src/lenet_conv.cpp:36]   --->   Operation 464 'fmul' 'mul_i5_i2_7' <Predicate = (!icmp_ln59)> <Delay = 4.35> <CoreInst = "FMul_maxdsp">   --->   Core 30 'FMul_maxdsp' <Latency = 4> <II = 1> <Delay = 4.35> <FuncUnit> <Opcode : 'fmul'> <InPorts = 2> <OutPorts = 1>
ST_13 : Operation 465 [1/1] (0.00ns)   --->   "%bitcast_ln36_56 = bitcast i32 %gmem1_addr_read_56" [D:/lenet_project/handoff/LeNet_DSE_Framework_2022_2/LeNet_DSE_Framework_2022_2/src/lenet_conv.cpp:36]   --->   Operation 465 'bitcast' 'bitcast_ln36_56' <Predicate = (!icmp_ln59)> <Delay = 0.00>
ST_13 : Operation 466 [5/5] (4.35ns)   --->   "%mul_i5_i2_8 = fmul i32 %window_8, i32 %bitcast_ln36_56" [D:/lenet_project/handoff/LeNet_DSE_Framework_2022_2/LeNet_DSE_Framework_2022_2/src/lenet_conv.cpp:36]   --->   Operation 466 'fmul' 'mul_i5_i2_8' <Predicate = (!icmp_ln59)> <Delay = 4.35> <CoreInst = "FMul_maxdsp">   --->   Core 30 'FMul_maxdsp' <Latency = 4> <II = 1> <Delay = 4.35> <FuncUnit> <Opcode : 'fmul'> <InPorts = 2> <OutPorts = 1>
ST_13 : Operation 467 [1/1] (5.11ns)   --->   "%gmem1_addr_read_59 = read i32 @_ssdm_op_Read.m_axi.p1i32, i32 %gmem1_addr" [D:/lenet_project/handoff/LeNet_DSE_Framework_2022_2/LeNet_DSE_Framework_2022_2/src/lenet_conv.cpp:36]   --->   Operation 467 'read' 'gmem1_addr_read_59' <Predicate = (!icmp_ln59)> <Delay = 5.11> <CoreInst = "m_axi">   --->   Core 113 'm_axi' <Latency = 0> <II = 1> <Delay = 1.00> <Adapter> <Opcode : 'read' 'write' 'readreq' 'writereq' 'writeresp'>

State 14 <SV = 13> <Delay = 5.11>
ST_14 : Operation 468 [1/2] (3.25ns)   --->   "%window_20 = load i11 %pool1_output_addr_20" [D:/lenet_project/handoff/LeNet_DSE_Framework_2022_2/LeNet_DSE_Framework_2022_2/src/lenet_conv.cpp:23]   --->   Operation 468 'load' 'window_20' <Predicate = (!icmp_ln59)> <Delay = 3.25> <CoreInst = "RAM_1WnR">   --->   Core 83 'RAM_1WnR' <Latency = 1> <II = 1> <Delay = 3.25> <Storage> <Opcode : 'load' 'store'> <Ports = 17> <Width = 32> <Depth = 1176> <RAM>
ST_14 : Operation 469 [1/2] (3.25ns)   --->   "%window_21 = load i11 %pool1_output_addr_21" [D:/lenet_project/handoff/LeNet_DSE_Framework_2022_2/LeNet_DSE_Framework_2022_2/src/lenet_conv.cpp:23]   --->   Operation 469 'load' 'window_21' <Predicate = (!icmp_ln59)> <Delay = 3.25> <CoreInst = "RAM_1WnR">   --->   Core 83 'RAM_1WnR' <Latency = 1> <II = 1> <Delay = 3.25> <Storage> <Opcode : 'load' 'store'> <Ports = 17> <Width = 32> <Depth = 1176> <RAM>
ST_14 : Operation 470 [1/1] (1.63ns)   --->   "%add_ln21_40 = add i11 %add_ln21_38, i11 2" [D:/lenet_project/handoff/LeNet_DSE_Framework_2022_2/LeNet_DSE_Framework_2022_2/src/lenet_conv.cpp:21]   --->   Operation 470 'add' 'add_ln21_40' <Predicate = (!icmp_ln59)> <Delay = 1.63> <CoreInst = "Adder">   --->   Core 1 'Adder' <Latency = 0> <II = 1> <Delay = 1.63> <FuncUnit> <Opcode : 'add' 'sub'> <InPorts = 2> <OutPorts = 1>
ST_14 : Operation 471 [1/1] (0.00ns)   --->   "%zext_ln23_46 = zext i11 %add_ln21_40" [D:/lenet_project/handoff/LeNet_DSE_Framework_2022_2/LeNet_DSE_Framework_2022_2/src/lenet_conv.cpp:23]   --->   Operation 471 'zext' 'zext_ln23_46' <Predicate = (!icmp_ln59)> <Delay = 0.00>
ST_14 : Operation 472 [1/1] (0.00ns)   --->   "%pool1_output_addr_22 = getelementptr i32 %pool1_output, i64 0, i64 %zext_ln23_46" [D:/lenet_project/handoff/LeNet_DSE_Framework_2022_2/LeNet_DSE_Framework_2022_2/src/lenet_conv.cpp:23]   --->   Operation 472 'getelementptr' 'pool1_output_addr_22' <Predicate = (!icmp_ln59)> <Delay = 0.00>
ST_14 : Operation 473 [2/2] (3.25ns)   --->   "%window_22 = load i11 %pool1_output_addr_22" [D:/lenet_project/handoff/LeNet_DSE_Framework_2022_2/LeNet_DSE_Framework_2022_2/src/lenet_conv.cpp:23]   --->   Operation 473 'load' 'window_22' <Predicate = (!icmp_ln59)> <Delay = 3.25> <CoreInst = "RAM_1WnR">   --->   Core 83 'RAM_1WnR' <Latency = 1> <II = 1> <Delay = 3.25> <Storage> <Opcode : 'load' 'store'> <Ports = 17> <Width = 32> <Depth = 1176> <RAM>
ST_14 : Operation 474 [1/1] (1.63ns)   --->   "%add_ln21_41 = add i11 %add_ln21_38, i11 3" [D:/lenet_project/handoff/LeNet_DSE_Framework_2022_2/LeNet_DSE_Framework_2022_2/src/lenet_conv.cpp:21]   --->   Operation 474 'add' 'add_ln21_41' <Predicate = (!icmp_ln59)> <Delay = 1.63> <CoreInst = "Adder">   --->   Core 1 'Adder' <Latency = 0> <II = 1> <Delay = 1.63> <FuncUnit> <Opcode : 'add' 'sub'> <InPorts = 2> <OutPorts = 1>
ST_14 : Operation 475 [1/1] (0.00ns)   --->   "%zext_ln23_47 = zext i11 %add_ln21_41" [D:/lenet_project/handoff/LeNet_DSE_Framework_2022_2/LeNet_DSE_Framework_2022_2/src/lenet_conv.cpp:23]   --->   Operation 475 'zext' 'zext_ln23_47' <Predicate = (!icmp_ln59)> <Delay = 0.00>
ST_14 : Operation 476 [1/1] (0.00ns)   --->   "%pool1_output_addr_23 = getelementptr i32 %pool1_output, i64 0, i64 %zext_ln23_47" [D:/lenet_project/handoff/LeNet_DSE_Framework_2022_2/LeNet_DSE_Framework_2022_2/src/lenet_conv.cpp:23]   --->   Operation 476 'getelementptr' 'pool1_output_addr_23' <Predicate = (!icmp_ln59)> <Delay = 0.00>
ST_14 : Operation 477 [2/2] (3.25ns)   --->   "%window_23 = load i11 %pool1_output_addr_23" [D:/lenet_project/handoff/LeNet_DSE_Framework_2022_2/LeNet_DSE_Framework_2022_2/src/lenet_conv.cpp:23]   --->   Operation 477 'load' 'window_23' <Predicate = (!icmp_ln59)> <Delay = 3.25> <CoreInst = "RAM_1WnR">   --->   Core 83 'RAM_1WnR' <Latency = 1> <II = 1> <Delay = 3.25> <Storage> <Opcode : 'load' 'store'> <Ports = 17> <Width = 32> <Depth = 1176> <RAM>
ST_14 : Operation 478 [5/9] (4.34ns)   --->   "%accumulator_assign_s = fadd i32 %accumulator_load, i32 %mul_i5_i2" [D:/lenet_project/handoff/LeNet_DSE_Framework_2022_2/LeNet_DSE_Framework_2022_2/src/lenet_conv.cpp:36]   --->   Operation 478 'fadd' 'accumulator_assign_s' <Predicate = (!icmp_ln59)> <Delay = 4.34> <CoreInst = "FAddSub_fulldsp">   --->   Core 18 'FAddSub_fulldsp' <Latency = 8> <II = 1> <Delay = 4.34> <FuncUnit> <Opcode : 'fadd' 'fsub'> <InPorts = 2> <OutPorts = 1>
ST_14 : Operation 479 [1/5] (4.35ns)   --->   "%mul_i5_i2_5 = fmul i32 %window_5, i32 %bitcast_ln36_53" [D:/lenet_project/handoff/LeNet_DSE_Framework_2022_2/LeNet_DSE_Framework_2022_2/src/lenet_conv.cpp:36]   --->   Operation 479 'fmul' 'mul_i5_i2_5' <Predicate = (!icmp_ln59)> <Delay = 4.35> <CoreInst = "FMul_maxdsp">   --->   Core 30 'FMul_maxdsp' <Latency = 4> <II = 1> <Delay = 4.35> <FuncUnit> <Opcode : 'fmul'> <InPorts = 2> <OutPorts = 1>
ST_14 : Operation 480 [2/5] (4.35ns)   --->   "%mul_i5_i2_6 = fmul i32 %window_6, i32 %bitcast_ln36_54" [D:/lenet_project/handoff/LeNet_DSE_Framework_2022_2/LeNet_DSE_Framework_2022_2/src/lenet_conv.cpp:36]   --->   Operation 480 'fmul' 'mul_i5_i2_6' <Predicate = (!icmp_ln59)> <Delay = 4.35> <CoreInst = "FMul_maxdsp">   --->   Core 30 'FMul_maxdsp' <Latency = 4> <II = 1> <Delay = 4.35> <FuncUnit> <Opcode : 'fmul'> <InPorts = 2> <OutPorts = 1>
ST_14 : Operation 481 [3/5] (4.35ns)   --->   "%mul_i5_i2_7 = fmul i32 %window_7, i32 %bitcast_ln36_55" [D:/lenet_project/handoff/LeNet_DSE_Framework_2022_2/LeNet_DSE_Framework_2022_2/src/lenet_conv.cpp:36]   --->   Operation 481 'fmul' 'mul_i5_i2_7' <Predicate = (!icmp_ln59)> <Delay = 4.35> <CoreInst = "FMul_maxdsp">   --->   Core 30 'FMul_maxdsp' <Latency = 4> <II = 1> <Delay = 4.35> <FuncUnit> <Opcode : 'fmul'> <InPorts = 2> <OutPorts = 1>
ST_14 : Operation 482 [4/5] (4.35ns)   --->   "%mul_i5_i2_8 = fmul i32 %window_8, i32 %bitcast_ln36_56" [D:/lenet_project/handoff/LeNet_DSE_Framework_2022_2/LeNet_DSE_Framework_2022_2/src/lenet_conv.cpp:36]   --->   Operation 482 'fmul' 'mul_i5_i2_8' <Predicate = (!icmp_ln59)> <Delay = 4.35> <CoreInst = "FMul_maxdsp">   --->   Core 30 'FMul_maxdsp' <Latency = 4> <II = 1> <Delay = 4.35> <FuncUnit> <Opcode : 'fmul'> <InPorts = 2> <OutPorts = 1>
ST_14 : Operation 483 [1/1] (0.00ns)   --->   "%bitcast_ln36_57 = bitcast i32 %gmem1_addr_read_57" [D:/lenet_project/handoff/LeNet_DSE_Framework_2022_2/LeNet_DSE_Framework_2022_2/src/lenet_conv.cpp:36]   --->   Operation 483 'bitcast' 'bitcast_ln36_57' <Predicate = (!icmp_ln59)> <Delay = 0.00>
ST_14 : Operation 484 [5/5] (4.35ns)   --->   "%mul_i5_i2_9 = fmul i32 %window_9, i32 %bitcast_ln36_57" [D:/lenet_project/handoff/LeNet_DSE_Framework_2022_2/LeNet_DSE_Framework_2022_2/src/lenet_conv.cpp:36]   --->   Operation 484 'fmul' 'mul_i5_i2_9' <Predicate = (!icmp_ln59)> <Delay = 4.35> <CoreInst = "FMul_maxdsp">   --->   Core 30 'FMul_maxdsp' <Latency = 4> <II = 1> <Delay = 4.35> <FuncUnit> <Opcode : 'fmul'> <InPorts = 2> <OutPorts = 1>
ST_14 : Operation 485 [1/1] (5.11ns)   --->   "%gmem1_addr_read_60 = read i32 @_ssdm_op_Read.m_axi.p1i32, i32 %gmem1_addr" [D:/lenet_project/handoff/LeNet_DSE_Framework_2022_2/LeNet_DSE_Framework_2022_2/src/lenet_conv.cpp:36]   --->   Operation 485 'read' 'gmem1_addr_read_60' <Predicate = (!icmp_ln59)> <Delay = 5.11> <CoreInst = "m_axi">   --->   Core 113 'm_axi' <Latency = 0> <II = 1> <Delay = 1.00> <Adapter> <Opcode : 'read' 'write' 'readreq' 'writereq' 'writeresp'>

State 15 <SV = 14> <Delay = 5.11>
ST_15 : Operation 486 [1/2] (3.25ns)   --->   "%window_22 = load i11 %pool1_output_addr_22" [D:/lenet_project/handoff/LeNet_DSE_Framework_2022_2/LeNet_DSE_Framework_2022_2/src/lenet_conv.cpp:23]   --->   Operation 486 'load' 'window_22' <Predicate = (!icmp_ln59)> <Delay = 3.25> <CoreInst = "RAM_1WnR">   --->   Core 83 'RAM_1WnR' <Latency = 1> <II = 1> <Delay = 3.25> <Storage> <Opcode : 'load' 'store'> <Ports = 17> <Width = 32> <Depth = 1176> <RAM>
ST_15 : Operation 487 [1/2] (3.25ns)   --->   "%window_23 = load i11 %pool1_output_addr_23" [D:/lenet_project/handoff/LeNet_DSE_Framework_2022_2/LeNet_DSE_Framework_2022_2/src/lenet_conv.cpp:23]   --->   Operation 487 'load' 'window_23' <Predicate = (!icmp_ln59)> <Delay = 3.25> <CoreInst = "RAM_1WnR">   --->   Core 83 'RAM_1WnR' <Latency = 1> <II = 1> <Delay = 3.25> <Storage> <Opcode : 'load' 'store'> <Ports = 17> <Width = 32> <Depth = 1176> <RAM>
ST_15 : Operation 488 [1/1] (1.63ns)   --->   "%add_ln21_42 = add i11 %add_ln21_38, i11 4" [D:/lenet_project/handoff/LeNet_DSE_Framework_2022_2/LeNet_DSE_Framework_2022_2/src/lenet_conv.cpp:21]   --->   Operation 488 'add' 'add_ln21_42' <Predicate = (!icmp_ln59)> <Delay = 1.63> <CoreInst = "Adder">   --->   Core 1 'Adder' <Latency = 0> <II = 1> <Delay = 1.63> <FuncUnit> <Opcode : 'add' 'sub'> <InPorts = 2> <OutPorts = 1>
ST_15 : Operation 489 [1/1] (0.00ns)   --->   "%zext_ln23_48 = zext i11 %add_ln21_42" [D:/lenet_project/handoff/LeNet_DSE_Framework_2022_2/LeNet_DSE_Framework_2022_2/src/lenet_conv.cpp:23]   --->   Operation 489 'zext' 'zext_ln23_48' <Predicate = (!icmp_ln59)> <Delay = 0.00>
ST_15 : Operation 490 [1/1] (0.00ns)   --->   "%pool1_output_addr_24 = getelementptr i32 %pool1_output, i64 0, i64 %zext_ln23_48" [D:/lenet_project/handoff/LeNet_DSE_Framework_2022_2/LeNet_DSE_Framework_2022_2/src/lenet_conv.cpp:23]   --->   Operation 490 'getelementptr' 'pool1_output_addr_24' <Predicate = (!icmp_ln59)> <Delay = 0.00>
ST_15 : Operation 491 [2/2] (3.25ns)   --->   "%window_24 = load i11 %pool1_output_addr_24" [D:/lenet_project/handoff/LeNet_DSE_Framework_2022_2/LeNet_DSE_Framework_2022_2/src/lenet_conv.cpp:23]   --->   Operation 491 'load' 'window_24' <Predicate = (!icmp_ln59)> <Delay = 3.25> <CoreInst = "RAM_1WnR">   --->   Core 83 'RAM_1WnR' <Latency = 1> <II = 1> <Delay = 3.25> <Storage> <Opcode : 'load' 'store'> <Ports = 17> <Width = 32> <Depth = 1176> <RAM>
ST_15 : Operation 492 [4/9] (4.34ns)   --->   "%accumulator_assign_s = fadd i32 %accumulator_load, i32 %mul_i5_i2" [D:/lenet_project/handoff/LeNet_DSE_Framework_2022_2/LeNet_DSE_Framework_2022_2/src/lenet_conv.cpp:36]   --->   Operation 492 'fadd' 'accumulator_assign_s' <Predicate = (!icmp_ln59)> <Delay = 4.34> <CoreInst = "FAddSub_fulldsp">   --->   Core 18 'FAddSub_fulldsp' <Latency = 8> <II = 1> <Delay = 4.34> <FuncUnit> <Opcode : 'fadd' 'fsub'> <InPorts = 2> <OutPorts = 1>
ST_15 : Operation 493 [1/5] (4.35ns)   --->   "%mul_i5_i2_6 = fmul i32 %window_6, i32 %bitcast_ln36_54" [D:/lenet_project/handoff/LeNet_DSE_Framework_2022_2/LeNet_DSE_Framework_2022_2/src/lenet_conv.cpp:36]   --->   Operation 493 'fmul' 'mul_i5_i2_6' <Predicate = (!icmp_ln59)> <Delay = 4.35> <CoreInst = "FMul_maxdsp">   --->   Core 30 'FMul_maxdsp' <Latency = 4> <II = 1> <Delay = 4.35> <FuncUnit> <Opcode : 'fmul'> <InPorts = 2> <OutPorts = 1>
ST_15 : Operation 494 [2/5] (4.35ns)   --->   "%mul_i5_i2_7 = fmul i32 %window_7, i32 %bitcast_ln36_55" [D:/lenet_project/handoff/LeNet_DSE_Framework_2022_2/LeNet_DSE_Framework_2022_2/src/lenet_conv.cpp:36]   --->   Operation 494 'fmul' 'mul_i5_i2_7' <Predicate = (!icmp_ln59)> <Delay = 4.35> <CoreInst = "FMul_maxdsp">   --->   Core 30 'FMul_maxdsp' <Latency = 4> <II = 1> <Delay = 4.35> <FuncUnit> <Opcode : 'fmul'> <InPorts = 2> <OutPorts = 1>
ST_15 : Operation 495 [3/5] (4.35ns)   --->   "%mul_i5_i2_8 = fmul i32 %window_8, i32 %bitcast_ln36_56" [D:/lenet_project/handoff/LeNet_DSE_Framework_2022_2/LeNet_DSE_Framework_2022_2/src/lenet_conv.cpp:36]   --->   Operation 495 'fmul' 'mul_i5_i2_8' <Predicate = (!icmp_ln59)> <Delay = 4.35> <CoreInst = "FMul_maxdsp">   --->   Core 30 'FMul_maxdsp' <Latency = 4> <II = 1> <Delay = 4.35> <FuncUnit> <Opcode : 'fmul'> <InPorts = 2> <OutPorts = 1>
ST_15 : Operation 496 [4/5] (4.35ns)   --->   "%mul_i5_i2_9 = fmul i32 %window_9, i32 %bitcast_ln36_57" [D:/lenet_project/handoff/LeNet_DSE_Framework_2022_2/LeNet_DSE_Framework_2022_2/src/lenet_conv.cpp:36]   --->   Operation 496 'fmul' 'mul_i5_i2_9' <Predicate = (!icmp_ln59)> <Delay = 4.35> <CoreInst = "FMul_maxdsp">   --->   Core 30 'FMul_maxdsp' <Latency = 4> <II = 1> <Delay = 4.35> <FuncUnit> <Opcode : 'fmul'> <InPorts = 2> <OutPorts = 1>
ST_15 : Operation 497 [1/1] (0.00ns)   --->   "%bitcast_ln36_58 = bitcast i32 %gmem1_addr_read_58" [D:/lenet_project/handoff/LeNet_DSE_Framework_2022_2/LeNet_DSE_Framework_2022_2/src/lenet_conv.cpp:36]   --->   Operation 497 'bitcast' 'bitcast_ln36_58' <Predicate = (!icmp_ln59)> <Delay = 0.00>
ST_15 : Operation 498 [5/5] (4.35ns)   --->   "%mul_i5_i2_s = fmul i32 %window_10, i32 %bitcast_ln36_58" [D:/lenet_project/handoff/LeNet_DSE_Framework_2022_2/LeNet_DSE_Framework_2022_2/src/lenet_conv.cpp:36]   --->   Operation 498 'fmul' 'mul_i5_i2_s' <Predicate = (!icmp_ln59)> <Delay = 4.35> <CoreInst = "FMul_maxdsp">   --->   Core 30 'FMul_maxdsp' <Latency = 4> <II = 1> <Delay = 4.35> <FuncUnit> <Opcode : 'fmul'> <InPorts = 2> <OutPorts = 1>
ST_15 : Operation 499 [1/1] (5.11ns)   --->   "%gmem1_addr_read_61 = read i32 @_ssdm_op_Read.m_axi.p1i32, i32 %gmem1_addr" [D:/lenet_project/handoff/LeNet_DSE_Framework_2022_2/LeNet_DSE_Framework_2022_2/src/lenet_conv.cpp:36]   --->   Operation 499 'read' 'gmem1_addr_read_61' <Predicate = (!icmp_ln59)> <Delay = 5.11> <CoreInst = "m_axi">   --->   Core 113 'm_axi' <Latency = 0> <II = 1> <Delay = 1.00> <Adapter> <Opcode : 'read' 'write' 'readreq' 'writereq' 'writeresp'>

State 16 <SV = 15> <Delay = 5.11>
ST_16 : Operation 500 [1/2] (3.25ns)   --->   "%window_24 = load i11 %pool1_output_addr_24" [D:/lenet_project/handoff/LeNet_DSE_Framework_2022_2/LeNet_DSE_Framework_2022_2/src/lenet_conv.cpp:23]   --->   Operation 500 'load' 'window_24' <Predicate = (!icmp_ln59)> <Delay = 3.25> <CoreInst = "RAM_1WnR">   --->   Core 83 'RAM_1WnR' <Latency = 1> <II = 1> <Delay = 3.25> <Storage> <Opcode : 'load' 'store'> <Ports = 17> <Width = 32> <Depth = 1176> <RAM>
ST_16 : Operation 501 [3/9] (4.34ns)   --->   "%accumulator_assign_s = fadd i32 %accumulator_load, i32 %mul_i5_i2" [D:/lenet_project/handoff/LeNet_DSE_Framework_2022_2/LeNet_DSE_Framework_2022_2/src/lenet_conv.cpp:36]   --->   Operation 501 'fadd' 'accumulator_assign_s' <Predicate = (!icmp_ln59)> <Delay = 4.34> <CoreInst = "FAddSub_fulldsp">   --->   Core 18 'FAddSub_fulldsp' <Latency = 8> <II = 1> <Delay = 4.34> <FuncUnit> <Opcode : 'fadd' 'fsub'> <InPorts = 2> <OutPorts = 1>
ST_16 : Operation 502 [1/5] (4.35ns)   --->   "%mul_i5_i2_7 = fmul i32 %window_7, i32 %bitcast_ln36_55" [D:/lenet_project/handoff/LeNet_DSE_Framework_2022_2/LeNet_DSE_Framework_2022_2/src/lenet_conv.cpp:36]   --->   Operation 502 'fmul' 'mul_i5_i2_7' <Predicate = (!icmp_ln59)> <Delay = 4.35> <CoreInst = "FMul_maxdsp">   --->   Core 30 'FMul_maxdsp' <Latency = 4> <II = 1> <Delay = 4.35> <FuncUnit> <Opcode : 'fmul'> <InPorts = 2> <OutPorts = 1>
ST_16 : Operation 503 [2/5] (4.35ns)   --->   "%mul_i5_i2_8 = fmul i32 %window_8, i32 %bitcast_ln36_56" [D:/lenet_project/handoff/LeNet_DSE_Framework_2022_2/LeNet_DSE_Framework_2022_2/src/lenet_conv.cpp:36]   --->   Operation 503 'fmul' 'mul_i5_i2_8' <Predicate = (!icmp_ln59)> <Delay = 4.35> <CoreInst = "FMul_maxdsp">   --->   Core 30 'FMul_maxdsp' <Latency = 4> <II = 1> <Delay = 4.35> <FuncUnit> <Opcode : 'fmul'> <InPorts = 2> <OutPorts = 1>
ST_16 : Operation 504 [3/5] (4.35ns)   --->   "%mul_i5_i2_9 = fmul i32 %window_9, i32 %bitcast_ln36_57" [D:/lenet_project/handoff/LeNet_DSE_Framework_2022_2/LeNet_DSE_Framework_2022_2/src/lenet_conv.cpp:36]   --->   Operation 504 'fmul' 'mul_i5_i2_9' <Predicate = (!icmp_ln59)> <Delay = 4.35> <CoreInst = "FMul_maxdsp">   --->   Core 30 'FMul_maxdsp' <Latency = 4> <II = 1> <Delay = 4.35> <FuncUnit> <Opcode : 'fmul'> <InPorts = 2> <OutPorts = 1>
ST_16 : Operation 505 [4/5] (4.35ns)   --->   "%mul_i5_i2_s = fmul i32 %window_10, i32 %bitcast_ln36_58" [D:/lenet_project/handoff/LeNet_DSE_Framework_2022_2/LeNet_DSE_Framework_2022_2/src/lenet_conv.cpp:36]   --->   Operation 505 'fmul' 'mul_i5_i2_s' <Predicate = (!icmp_ln59)> <Delay = 4.35> <CoreInst = "FMul_maxdsp">   --->   Core 30 'FMul_maxdsp' <Latency = 4> <II = 1> <Delay = 4.35> <FuncUnit> <Opcode : 'fmul'> <InPorts = 2> <OutPorts = 1>
ST_16 : Operation 506 [1/1] (0.00ns)   --->   "%bitcast_ln36_59 = bitcast i32 %gmem1_addr_read_59" [D:/lenet_project/handoff/LeNet_DSE_Framework_2022_2/LeNet_DSE_Framework_2022_2/src/lenet_conv.cpp:36]   --->   Operation 506 'bitcast' 'bitcast_ln36_59' <Predicate = (!icmp_ln59)> <Delay = 0.00>
ST_16 : Operation 507 [5/5] (4.35ns)   --->   "%mul_i5_i2_10 = fmul i32 %window_11, i32 %bitcast_ln36_59" [D:/lenet_project/handoff/LeNet_DSE_Framework_2022_2/LeNet_DSE_Framework_2022_2/src/lenet_conv.cpp:36]   --->   Operation 507 'fmul' 'mul_i5_i2_10' <Predicate = (!icmp_ln59)> <Delay = 4.35> <CoreInst = "FMul_maxdsp">   --->   Core 30 'FMul_maxdsp' <Latency = 4> <II = 1> <Delay = 4.35> <FuncUnit> <Opcode : 'fmul'> <InPorts = 2> <OutPorts = 1>
ST_16 : Operation 508 [1/1] (5.11ns)   --->   "%gmem1_addr_read_62 = read i32 @_ssdm_op_Read.m_axi.p1i32, i32 %gmem1_addr" [D:/lenet_project/handoff/LeNet_DSE_Framework_2022_2/LeNet_DSE_Framework_2022_2/src/lenet_conv.cpp:36]   --->   Operation 508 'read' 'gmem1_addr_read_62' <Predicate = (!icmp_ln59)> <Delay = 5.11> <CoreInst = "m_axi">   --->   Core 113 'm_axi' <Latency = 0> <II = 1> <Delay = 1.00> <Adapter> <Opcode : 'read' 'write' 'readreq' 'writereq' 'writeresp'>

State 17 <SV = 16> <Delay = 5.11>
ST_17 : Operation 509 [2/9] (4.34ns)   --->   "%accumulator_assign_s = fadd i32 %accumulator_load, i32 %mul_i5_i2" [D:/lenet_project/handoff/LeNet_DSE_Framework_2022_2/LeNet_DSE_Framework_2022_2/src/lenet_conv.cpp:36]   --->   Operation 509 'fadd' 'accumulator_assign_s' <Predicate = (!icmp_ln59)> <Delay = 4.34> <CoreInst = "FAddSub_fulldsp">   --->   Core 18 'FAddSub_fulldsp' <Latency = 8> <II = 1> <Delay = 4.34> <FuncUnit> <Opcode : 'fadd' 'fsub'> <InPorts = 2> <OutPorts = 1>
ST_17 : Operation 510 [1/5] (4.35ns)   --->   "%mul_i5_i2_8 = fmul i32 %window_8, i32 %bitcast_ln36_56" [D:/lenet_project/handoff/LeNet_DSE_Framework_2022_2/LeNet_DSE_Framework_2022_2/src/lenet_conv.cpp:36]   --->   Operation 510 'fmul' 'mul_i5_i2_8' <Predicate = (!icmp_ln59)> <Delay = 4.35> <CoreInst = "FMul_maxdsp">   --->   Core 30 'FMul_maxdsp' <Latency = 4> <II = 1> <Delay = 4.35> <FuncUnit> <Opcode : 'fmul'> <InPorts = 2> <OutPorts = 1>
ST_17 : Operation 511 [2/5] (4.35ns)   --->   "%mul_i5_i2_9 = fmul i32 %window_9, i32 %bitcast_ln36_57" [D:/lenet_project/handoff/LeNet_DSE_Framework_2022_2/LeNet_DSE_Framework_2022_2/src/lenet_conv.cpp:36]   --->   Operation 511 'fmul' 'mul_i5_i2_9' <Predicate = (!icmp_ln59)> <Delay = 4.35> <CoreInst = "FMul_maxdsp">   --->   Core 30 'FMul_maxdsp' <Latency = 4> <II = 1> <Delay = 4.35> <FuncUnit> <Opcode : 'fmul'> <InPorts = 2> <OutPorts = 1>
ST_17 : Operation 512 [3/5] (4.35ns)   --->   "%mul_i5_i2_s = fmul i32 %window_10, i32 %bitcast_ln36_58" [D:/lenet_project/handoff/LeNet_DSE_Framework_2022_2/LeNet_DSE_Framework_2022_2/src/lenet_conv.cpp:36]   --->   Operation 512 'fmul' 'mul_i5_i2_s' <Predicate = (!icmp_ln59)> <Delay = 4.35> <CoreInst = "FMul_maxdsp">   --->   Core 30 'FMul_maxdsp' <Latency = 4> <II = 1> <Delay = 4.35> <FuncUnit> <Opcode : 'fmul'> <InPorts = 2> <OutPorts = 1>
ST_17 : Operation 513 [4/5] (4.35ns)   --->   "%mul_i5_i2_10 = fmul i32 %window_11, i32 %bitcast_ln36_59" [D:/lenet_project/handoff/LeNet_DSE_Framework_2022_2/LeNet_DSE_Framework_2022_2/src/lenet_conv.cpp:36]   --->   Operation 513 'fmul' 'mul_i5_i2_10' <Predicate = (!icmp_ln59)> <Delay = 4.35> <CoreInst = "FMul_maxdsp">   --->   Core 30 'FMul_maxdsp' <Latency = 4> <II = 1> <Delay = 4.35> <FuncUnit> <Opcode : 'fmul'> <InPorts = 2> <OutPorts = 1>
ST_17 : Operation 514 [1/1] (0.00ns)   --->   "%bitcast_ln36_60 = bitcast i32 %gmem1_addr_read_60" [D:/lenet_project/handoff/LeNet_DSE_Framework_2022_2/LeNet_DSE_Framework_2022_2/src/lenet_conv.cpp:36]   --->   Operation 514 'bitcast' 'bitcast_ln36_60' <Predicate = (!icmp_ln59)> <Delay = 0.00>
ST_17 : Operation 515 [5/5] (4.35ns)   --->   "%mul_i5_i2_11 = fmul i32 %window_12, i32 %bitcast_ln36_60" [D:/lenet_project/handoff/LeNet_DSE_Framework_2022_2/LeNet_DSE_Framework_2022_2/src/lenet_conv.cpp:36]   --->   Operation 515 'fmul' 'mul_i5_i2_11' <Predicate = (!icmp_ln59)> <Delay = 4.35> <CoreInst = "FMul_maxdsp">   --->   Core 30 'FMul_maxdsp' <Latency = 4> <II = 1> <Delay = 4.35> <FuncUnit> <Opcode : 'fmul'> <InPorts = 2> <OutPorts = 1>
ST_17 : Operation 516 [1/1] (5.11ns)   --->   "%gmem1_addr_read_63 = read i32 @_ssdm_op_Read.m_axi.p1i32, i32 %gmem1_addr" [D:/lenet_project/handoff/LeNet_DSE_Framework_2022_2/LeNet_DSE_Framework_2022_2/src/lenet_conv.cpp:36]   --->   Operation 516 'read' 'gmem1_addr_read_63' <Predicate = (!icmp_ln59)> <Delay = 5.11> <CoreInst = "m_axi">   --->   Core 113 'm_axi' <Latency = 0> <II = 1> <Delay = 1.00> <Adapter> <Opcode : 'read' 'write' 'readreq' 'writereq' 'writeresp'>

State 18 <SV = 17> <Delay = 5.11>
ST_18 : Operation 517 [1/9] (4.34ns)   --->   "%accumulator_assign_s = fadd i32 %accumulator_load, i32 %mul_i5_i2" [D:/lenet_project/handoff/LeNet_DSE_Framework_2022_2/LeNet_DSE_Framework_2022_2/src/lenet_conv.cpp:36]   --->   Operation 517 'fadd' 'accumulator_assign_s' <Predicate = (!icmp_ln59)> <Delay = 4.34> <CoreInst = "FAddSub_fulldsp">   --->   Core 18 'FAddSub_fulldsp' <Latency = 8> <II = 1> <Delay = 4.34> <FuncUnit> <Opcode : 'fadd' 'fsub'> <InPorts = 2> <OutPorts = 1>
ST_18 : Operation 518 [1/5] (4.35ns)   --->   "%mul_i5_i2_9 = fmul i32 %window_9, i32 %bitcast_ln36_57" [D:/lenet_project/handoff/LeNet_DSE_Framework_2022_2/LeNet_DSE_Framework_2022_2/src/lenet_conv.cpp:36]   --->   Operation 518 'fmul' 'mul_i5_i2_9' <Predicate = (!icmp_ln59)> <Delay = 4.35> <CoreInst = "FMul_maxdsp">   --->   Core 30 'FMul_maxdsp' <Latency = 4> <II = 1> <Delay = 4.35> <FuncUnit> <Opcode : 'fmul'> <InPorts = 2> <OutPorts = 1>
ST_18 : Operation 519 [2/5] (4.35ns)   --->   "%mul_i5_i2_s = fmul i32 %window_10, i32 %bitcast_ln36_58" [D:/lenet_project/handoff/LeNet_DSE_Framework_2022_2/LeNet_DSE_Framework_2022_2/src/lenet_conv.cpp:36]   --->   Operation 519 'fmul' 'mul_i5_i2_s' <Predicate = (!icmp_ln59)> <Delay = 4.35> <CoreInst = "FMul_maxdsp">   --->   Core 30 'FMul_maxdsp' <Latency = 4> <II = 1> <Delay = 4.35> <FuncUnit> <Opcode : 'fmul'> <InPorts = 2> <OutPorts = 1>
ST_18 : Operation 520 [3/5] (4.35ns)   --->   "%mul_i5_i2_10 = fmul i32 %window_11, i32 %bitcast_ln36_59" [D:/lenet_project/handoff/LeNet_DSE_Framework_2022_2/LeNet_DSE_Framework_2022_2/src/lenet_conv.cpp:36]   --->   Operation 520 'fmul' 'mul_i5_i2_10' <Predicate = (!icmp_ln59)> <Delay = 4.35> <CoreInst = "FMul_maxdsp">   --->   Core 30 'FMul_maxdsp' <Latency = 4> <II = 1> <Delay = 4.35> <FuncUnit> <Opcode : 'fmul'> <InPorts = 2> <OutPorts = 1>
ST_18 : Operation 521 [4/5] (4.35ns)   --->   "%mul_i5_i2_11 = fmul i32 %window_12, i32 %bitcast_ln36_60" [D:/lenet_project/handoff/LeNet_DSE_Framework_2022_2/LeNet_DSE_Framework_2022_2/src/lenet_conv.cpp:36]   --->   Operation 521 'fmul' 'mul_i5_i2_11' <Predicate = (!icmp_ln59)> <Delay = 4.35> <CoreInst = "FMul_maxdsp">   --->   Core 30 'FMul_maxdsp' <Latency = 4> <II = 1> <Delay = 4.35> <FuncUnit> <Opcode : 'fmul'> <InPorts = 2> <OutPorts = 1>
ST_18 : Operation 522 [1/1] (0.00ns)   --->   "%bitcast_ln36_61 = bitcast i32 %gmem1_addr_read_61" [D:/lenet_project/handoff/LeNet_DSE_Framework_2022_2/LeNet_DSE_Framework_2022_2/src/lenet_conv.cpp:36]   --->   Operation 522 'bitcast' 'bitcast_ln36_61' <Predicate = (!icmp_ln59)> <Delay = 0.00>
ST_18 : Operation 523 [5/5] (4.35ns)   --->   "%mul_i5_i2_12 = fmul i32 %window_13, i32 %bitcast_ln36_61" [D:/lenet_project/handoff/LeNet_DSE_Framework_2022_2/LeNet_DSE_Framework_2022_2/src/lenet_conv.cpp:36]   --->   Operation 523 'fmul' 'mul_i5_i2_12' <Predicate = (!icmp_ln59)> <Delay = 4.35> <CoreInst = "FMul_maxdsp">   --->   Core 30 'FMul_maxdsp' <Latency = 4> <II = 1> <Delay = 4.35> <FuncUnit> <Opcode : 'fmul'> <InPorts = 2> <OutPorts = 1>
ST_18 : Operation 524 [1/1] (5.11ns)   --->   "%gmem1_addr_read_64 = read i32 @_ssdm_op_Read.m_axi.p1i32, i32 %gmem1_addr" [D:/lenet_project/handoff/LeNet_DSE_Framework_2022_2/LeNet_DSE_Framework_2022_2/src/lenet_conv.cpp:36]   --->   Operation 524 'read' 'gmem1_addr_read_64' <Predicate = (!icmp_ln59)> <Delay = 5.11> <CoreInst = "m_axi">   --->   Core 113 'm_axi' <Latency = 0> <II = 1> <Delay = 1.00> <Adapter> <Opcode : 'read' 'write' 'readreq' 'writereq' 'writeresp'>

State 19 <SV = 18> <Delay = 5.11>
ST_19 : Operation 525 [9/9] (4.34ns)   --->   "%accumulator_assign_10_1 = fadd i32 %accumulator_assign_s, i32 %mul_i5_i2_1" [D:/lenet_project/handoff/LeNet_DSE_Framework_2022_2/LeNet_DSE_Framework_2022_2/src/lenet_conv.cpp:36]   --->   Operation 525 'fadd' 'accumulator_assign_10_1' <Predicate = (!icmp_ln59)> <Delay = 4.34> <CoreInst = "FAddSub_fulldsp">   --->   Core 18 'FAddSub_fulldsp' <Latency = 8> <II = 1> <Delay = 4.34> <FuncUnit> <Opcode : 'fadd' 'fsub'> <InPorts = 2> <OutPorts = 1>
ST_19 : Operation 526 [1/5] (4.35ns)   --->   "%mul_i5_i2_s = fmul i32 %window_10, i32 %bitcast_ln36_58" [D:/lenet_project/handoff/LeNet_DSE_Framework_2022_2/LeNet_DSE_Framework_2022_2/src/lenet_conv.cpp:36]   --->   Operation 526 'fmul' 'mul_i5_i2_s' <Predicate = (!icmp_ln59)> <Delay = 4.35> <CoreInst = "FMul_maxdsp">   --->   Core 30 'FMul_maxdsp' <Latency = 4> <II = 1> <Delay = 4.35> <FuncUnit> <Opcode : 'fmul'> <InPorts = 2> <OutPorts = 1>
ST_19 : Operation 527 [2/5] (4.35ns)   --->   "%mul_i5_i2_10 = fmul i32 %window_11, i32 %bitcast_ln36_59" [D:/lenet_project/handoff/LeNet_DSE_Framework_2022_2/LeNet_DSE_Framework_2022_2/src/lenet_conv.cpp:36]   --->   Operation 527 'fmul' 'mul_i5_i2_10' <Predicate = (!icmp_ln59)> <Delay = 4.35> <CoreInst = "FMul_maxdsp">   --->   Core 30 'FMul_maxdsp' <Latency = 4> <II = 1> <Delay = 4.35> <FuncUnit> <Opcode : 'fmul'> <InPorts = 2> <OutPorts = 1>
ST_19 : Operation 528 [3/5] (4.35ns)   --->   "%mul_i5_i2_11 = fmul i32 %window_12, i32 %bitcast_ln36_60" [D:/lenet_project/handoff/LeNet_DSE_Framework_2022_2/LeNet_DSE_Framework_2022_2/src/lenet_conv.cpp:36]   --->   Operation 528 'fmul' 'mul_i5_i2_11' <Predicate = (!icmp_ln59)> <Delay = 4.35> <CoreInst = "FMul_maxdsp">   --->   Core 30 'FMul_maxdsp' <Latency = 4> <II = 1> <Delay = 4.35> <FuncUnit> <Opcode : 'fmul'> <InPorts = 2> <OutPorts = 1>
ST_19 : Operation 529 [4/5] (4.35ns)   --->   "%mul_i5_i2_12 = fmul i32 %window_13, i32 %bitcast_ln36_61" [D:/lenet_project/handoff/LeNet_DSE_Framework_2022_2/LeNet_DSE_Framework_2022_2/src/lenet_conv.cpp:36]   --->   Operation 529 'fmul' 'mul_i5_i2_12' <Predicate = (!icmp_ln59)> <Delay = 4.35> <CoreInst = "FMul_maxdsp">   --->   Core 30 'FMul_maxdsp' <Latency = 4> <II = 1> <Delay = 4.35> <FuncUnit> <Opcode : 'fmul'> <InPorts = 2> <OutPorts = 1>
ST_19 : Operation 530 [1/1] (0.00ns)   --->   "%bitcast_ln36_62 = bitcast i32 %gmem1_addr_read_62" [D:/lenet_project/handoff/LeNet_DSE_Framework_2022_2/LeNet_DSE_Framework_2022_2/src/lenet_conv.cpp:36]   --->   Operation 530 'bitcast' 'bitcast_ln36_62' <Predicate = (!icmp_ln59)> <Delay = 0.00>
ST_19 : Operation 531 [5/5] (4.35ns)   --->   "%mul_i5_i2_13 = fmul i32 %window_14, i32 %bitcast_ln36_62" [D:/lenet_project/handoff/LeNet_DSE_Framework_2022_2/LeNet_DSE_Framework_2022_2/src/lenet_conv.cpp:36]   --->   Operation 531 'fmul' 'mul_i5_i2_13' <Predicate = (!icmp_ln59)> <Delay = 4.35> <CoreInst = "FMul_maxdsp">   --->   Core 30 'FMul_maxdsp' <Latency = 4> <II = 1> <Delay = 4.35> <FuncUnit> <Opcode : 'fmul'> <InPorts = 2> <OutPorts = 1>
ST_19 : Operation 532 [1/1] (5.11ns)   --->   "%gmem1_addr_read_65 = read i32 @_ssdm_op_Read.m_axi.p1i32, i32 %gmem1_addr" [D:/lenet_project/handoff/LeNet_DSE_Framework_2022_2/LeNet_DSE_Framework_2022_2/src/lenet_conv.cpp:36]   --->   Operation 532 'read' 'gmem1_addr_read_65' <Predicate = (!icmp_ln59)> <Delay = 5.11> <CoreInst = "m_axi">   --->   Core 113 'm_axi' <Latency = 0> <II = 1> <Delay = 1.00> <Adapter> <Opcode : 'read' 'write' 'readreq' 'writereq' 'writeresp'>

State 20 <SV = 19> <Delay = 5.11>
ST_20 : Operation 533 [8/9] (4.34ns)   --->   "%accumulator_assign_10_1 = fadd i32 %accumulator_assign_s, i32 %mul_i5_i2_1" [D:/lenet_project/handoff/LeNet_DSE_Framework_2022_2/LeNet_DSE_Framework_2022_2/src/lenet_conv.cpp:36]   --->   Operation 533 'fadd' 'accumulator_assign_10_1' <Predicate = (!icmp_ln59)> <Delay = 4.34> <CoreInst = "FAddSub_fulldsp">   --->   Core 18 'FAddSub_fulldsp' <Latency = 8> <II = 1> <Delay = 4.34> <FuncUnit> <Opcode : 'fadd' 'fsub'> <InPorts = 2> <OutPorts = 1>
ST_20 : Operation 534 [1/5] (4.35ns)   --->   "%mul_i5_i2_10 = fmul i32 %window_11, i32 %bitcast_ln36_59" [D:/lenet_project/handoff/LeNet_DSE_Framework_2022_2/LeNet_DSE_Framework_2022_2/src/lenet_conv.cpp:36]   --->   Operation 534 'fmul' 'mul_i5_i2_10' <Predicate = (!icmp_ln59)> <Delay = 4.35> <CoreInst = "FMul_maxdsp">   --->   Core 30 'FMul_maxdsp' <Latency = 4> <II = 1> <Delay = 4.35> <FuncUnit> <Opcode : 'fmul'> <InPorts = 2> <OutPorts = 1>
ST_20 : Operation 535 [2/5] (4.35ns)   --->   "%mul_i5_i2_11 = fmul i32 %window_12, i32 %bitcast_ln36_60" [D:/lenet_project/handoff/LeNet_DSE_Framework_2022_2/LeNet_DSE_Framework_2022_2/src/lenet_conv.cpp:36]   --->   Operation 535 'fmul' 'mul_i5_i2_11' <Predicate = (!icmp_ln59)> <Delay = 4.35> <CoreInst = "FMul_maxdsp">   --->   Core 30 'FMul_maxdsp' <Latency = 4> <II = 1> <Delay = 4.35> <FuncUnit> <Opcode : 'fmul'> <InPorts = 2> <OutPorts = 1>
ST_20 : Operation 536 [3/5] (4.35ns)   --->   "%mul_i5_i2_12 = fmul i32 %window_13, i32 %bitcast_ln36_61" [D:/lenet_project/handoff/LeNet_DSE_Framework_2022_2/LeNet_DSE_Framework_2022_2/src/lenet_conv.cpp:36]   --->   Operation 536 'fmul' 'mul_i5_i2_12' <Predicate = (!icmp_ln59)> <Delay = 4.35> <CoreInst = "FMul_maxdsp">   --->   Core 30 'FMul_maxdsp' <Latency = 4> <II = 1> <Delay = 4.35> <FuncUnit> <Opcode : 'fmul'> <InPorts = 2> <OutPorts = 1>
ST_20 : Operation 537 [4/5] (4.35ns)   --->   "%mul_i5_i2_13 = fmul i32 %window_14, i32 %bitcast_ln36_62" [D:/lenet_project/handoff/LeNet_DSE_Framework_2022_2/LeNet_DSE_Framework_2022_2/src/lenet_conv.cpp:36]   --->   Operation 537 'fmul' 'mul_i5_i2_13' <Predicate = (!icmp_ln59)> <Delay = 4.35> <CoreInst = "FMul_maxdsp">   --->   Core 30 'FMul_maxdsp' <Latency = 4> <II = 1> <Delay = 4.35> <FuncUnit> <Opcode : 'fmul'> <InPorts = 2> <OutPorts = 1>
ST_20 : Operation 538 [1/1] (0.00ns)   --->   "%bitcast_ln36_63 = bitcast i32 %gmem1_addr_read_63" [D:/lenet_project/handoff/LeNet_DSE_Framework_2022_2/LeNet_DSE_Framework_2022_2/src/lenet_conv.cpp:36]   --->   Operation 538 'bitcast' 'bitcast_ln36_63' <Predicate = (!icmp_ln59)> <Delay = 0.00>
ST_20 : Operation 539 [5/5] (4.35ns)   --->   "%mul_i5_i2_14 = fmul i32 %window_15, i32 %bitcast_ln36_63" [D:/lenet_project/handoff/LeNet_DSE_Framework_2022_2/LeNet_DSE_Framework_2022_2/src/lenet_conv.cpp:36]   --->   Operation 539 'fmul' 'mul_i5_i2_14' <Predicate = (!icmp_ln59)> <Delay = 4.35> <CoreInst = "FMul_maxdsp">   --->   Core 30 'FMul_maxdsp' <Latency = 4> <II = 1> <Delay = 4.35> <FuncUnit> <Opcode : 'fmul'> <InPorts = 2> <OutPorts = 1>
ST_20 : Operation 540 [1/1] (5.11ns)   --->   "%gmem1_addr_read_66 = read i32 @_ssdm_op_Read.m_axi.p1i32, i32 %gmem1_addr" [D:/lenet_project/handoff/LeNet_DSE_Framework_2022_2/LeNet_DSE_Framework_2022_2/src/lenet_conv.cpp:36]   --->   Operation 540 'read' 'gmem1_addr_read_66' <Predicate = (!icmp_ln59)> <Delay = 5.11> <CoreInst = "m_axi">   --->   Core 113 'm_axi' <Latency = 0> <II = 1> <Delay = 1.00> <Adapter> <Opcode : 'read' 'write' 'readreq' 'writereq' 'writeresp'>

State 21 <SV = 20> <Delay = 5.11>
ST_21 : Operation 541 [7/9] (4.34ns)   --->   "%accumulator_assign_10_1 = fadd i32 %accumulator_assign_s, i32 %mul_i5_i2_1" [D:/lenet_project/handoff/LeNet_DSE_Framework_2022_2/LeNet_DSE_Framework_2022_2/src/lenet_conv.cpp:36]   --->   Operation 541 'fadd' 'accumulator_assign_10_1' <Predicate = (!icmp_ln59)> <Delay = 4.34> <CoreInst = "FAddSub_fulldsp">   --->   Core 18 'FAddSub_fulldsp' <Latency = 8> <II = 1> <Delay = 4.34> <FuncUnit> <Opcode : 'fadd' 'fsub'> <InPorts = 2> <OutPorts = 1>
ST_21 : Operation 542 [1/5] (4.35ns)   --->   "%mul_i5_i2_11 = fmul i32 %window_12, i32 %bitcast_ln36_60" [D:/lenet_project/handoff/LeNet_DSE_Framework_2022_2/LeNet_DSE_Framework_2022_2/src/lenet_conv.cpp:36]   --->   Operation 542 'fmul' 'mul_i5_i2_11' <Predicate = (!icmp_ln59)> <Delay = 4.35> <CoreInst = "FMul_maxdsp">   --->   Core 30 'FMul_maxdsp' <Latency = 4> <II = 1> <Delay = 4.35> <FuncUnit> <Opcode : 'fmul'> <InPorts = 2> <OutPorts = 1>
ST_21 : Operation 543 [2/5] (4.35ns)   --->   "%mul_i5_i2_12 = fmul i32 %window_13, i32 %bitcast_ln36_61" [D:/lenet_project/handoff/LeNet_DSE_Framework_2022_2/LeNet_DSE_Framework_2022_2/src/lenet_conv.cpp:36]   --->   Operation 543 'fmul' 'mul_i5_i2_12' <Predicate = (!icmp_ln59)> <Delay = 4.35> <CoreInst = "FMul_maxdsp">   --->   Core 30 'FMul_maxdsp' <Latency = 4> <II = 1> <Delay = 4.35> <FuncUnit> <Opcode : 'fmul'> <InPorts = 2> <OutPorts = 1>
ST_21 : Operation 544 [3/5] (4.35ns)   --->   "%mul_i5_i2_13 = fmul i32 %window_14, i32 %bitcast_ln36_62" [D:/lenet_project/handoff/LeNet_DSE_Framework_2022_2/LeNet_DSE_Framework_2022_2/src/lenet_conv.cpp:36]   --->   Operation 544 'fmul' 'mul_i5_i2_13' <Predicate = (!icmp_ln59)> <Delay = 4.35> <CoreInst = "FMul_maxdsp">   --->   Core 30 'FMul_maxdsp' <Latency = 4> <II = 1> <Delay = 4.35> <FuncUnit> <Opcode : 'fmul'> <InPorts = 2> <OutPorts = 1>
ST_21 : Operation 545 [4/5] (4.35ns)   --->   "%mul_i5_i2_14 = fmul i32 %window_15, i32 %bitcast_ln36_63" [D:/lenet_project/handoff/LeNet_DSE_Framework_2022_2/LeNet_DSE_Framework_2022_2/src/lenet_conv.cpp:36]   --->   Operation 545 'fmul' 'mul_i5_i2_14' <Predicate = (!icmp_ln59)> <Delay = 4.35> <CoreInst = "FMul_maxdsp">   --->   Core 30 'FMul_maxdsp' <Latency = 4> <II = 1> <Delay = 4.35> <FuncUnit> <Opcode : 'fmul'> <InPorts = 2> <OutPorts = 1>
ST_21 : Operation 546 [1/1] (0.00ns)   --->   "%bitcast_ln36_64 = bitcast i32 %gmem1_addr_read_64" [D:/lenet_project/handoff/LeNet_DSE_Framework_2022_2/LeNet_DSE_Framework_2022_2/src/lenet_conv.cpp:36]   --->   Operation 546 'bitcast' 'bitcast_ln36_64' <Predicate = (!icmp_ln59)> <Delay = 0.00>
ST_21 : Operation 547 [5/5] (4.35ns)   --->   "%mul_i5_i2_15 = fmul i32 %window_16, i32 %bitcast_ln36_64" [D:/lenet_project/handoff/LeNet_DSE_Framework_2022_2/LeNet_DSE_Framework_2022_2/src/lenet_conv.cpp:36]   --->   Operation 547 'fmul' 'mul_i5_i2_15' <Predicate = (!icmp_ln59)> <Delay = 4.35> <CoreInst = "FMul_maxdsp">   --->   Core 30 'FMul_maxdsp' <Latency = 4> <II = 1> <Delay = 4.35> <FuncUnit> <Opcode : 'fmul'> <InPorts = 2> <OutPorts = 1>
ST_21 : Operation 548 [1/1] (5.11ns)   --->   "%gmem1_addr_read_67 = read i32 @_ssdm_op_Read.m_axi.p1i32, i32 %gmem1_addr" [D:/lenet_project/handoff/LeNet_DSE_Framework_2022_2/LeNet_DSE_Framework_2022_2/src/lenet_conv.cpp:36]   --->   Operation 548 'read' 'gmem1_addr_read_67' <Predicate = (!icmp_ln59)> <Delay = 5.11> <CoreInst = "m_axi">   --->   Core 113 'm_axi' <Latency = 0> <II = 1> <Delay = 1.00> <Adapter> <Opcode : 'read' 'write' 'readreq' 'writereq' 'writeresp'>

State 22 <SV = 21> <Delay = 5.11>
ST_22 : Operation 549 [6/9] (4.34ns)   --->   "%accumulator_assign_10_1 = fadd i32 %accumulator_assign_s, i32 %mul_i5_i2_1" [D:/lenet_project/handoff/LeNet_DSE_Framework_2022_2/LeNet_DSE_Framework_2022_2/src/lenet_conv.cpp:36]   --->   Operation 549 'fadd' 'accumulator_assign_10_1' <Predicate = (!icmp_ln59)> <Delay = 4.34> <CoreInst = "FAddSub_fulldsp">   --->   Core 18 'FAddSub_fulldsp' <Latency = 8> <II = 1> <Delay = 4.34> <FuncUnit> <Opcode : 'fadd' 'fsub'> <InPorts = 2> <OutPorts = 1>
ST_22 : Operation 550 [1/5] (4.35ns)   --->   "%mul_i5_i2_12 = fmul i32 %window_13, i32 %bitcast_ln36_61" [D:/lenet_project/handoff/LeNet_DSE_Framework_2022_2/LeNet_DSE_Framework_2022_2/src/lenet_conv.cpp:36]   --->   Operation 550 'fmul' 'mul_i5_i2_12' <Predicate = (!icmp_ln59)> <Delay = 4.35> <CoreInst = "FMul_maxdsp">   --->   Core 30 'FMul_maxdsp' <Latency = 4> <II = 1> <Delay = 4.35> <FuncUnit> <Opcode : 'fmul'> <InPorts = 2> <OutPorts = 1>
ST_22 : Operation 551 [2/5] (4.35ns)   --->   "%mul_i5_i2_13 = fmul i32 %window_14, i32 %bitcast_ln36_62" [D:/lenet_project/handoff/LeNet_DSE_Framework_2022_2/LeNet_DSE_Framework_2022_2/src/lenet_conv.cpp:36]   --->   Operation 551 'fmul' 'mul_i5_i2_13' <Predicate = (!icmp_ln59)> <Delay = 4.35> <CoreInst = "FMul_maxdsp">   --->   Core 30 'FMul_maxdsp' <Latency = 4> <II = 1> <Delay = 4.35> <FuncUnit> <Opcode : 'fmul'> <InPorts = 2> <OutPorts = 1>
ST_22 : Operation 552 [3/5] (4.35ns)   --->   "%mul_i5_i2_14 = fmul i32 %window_15, i32 %bitcast_ln36_63" [D:/lenet_project/handoff/LeNet_DSE_Framework_2022_2/LeNet_DSE_Framework_2022_2/src/lenet_conv.cpp:36]   --->   Operation 552 'fmul' 'mul_i5_i2_14' <Predicate = (!icmp_ln59)> <Delay = 4.35> <CoreInst = "FMul_maxdsp">   --->   Core 30 'FMul_maxdsp' <Latency = 4> <II = 1> <Delay = 4.35> <FuncUnit> <Opcode : 'fmul'> <InPorts = 2> <OutPorts = 1>
ST_22 : Operation 553 [4/5] (4.35ns)   --->   "%mul_i5_i2_15 = fmul i32 %window_16, i32 %bitcast_ln36_64" [D:/lenet_project/handoff/LeNet_DSE_Framework_2022_2/LeNet_DSE_Framework_2022_2/src/lenet_conv.cpp:36]   --->   Operation 553 'fmul' 'mul_i5_i2_15' <Predicate = (!icmp_ln59)> <Delay = 4.35> <CoreInst = "FMul_maxdsp">   --->   Core 30 'FMul_maxdsp' <Latency = 4> <II = 1> <Delay = 4.35> <FuncUnit> <Opcode : 'fmul'> <InPorts = 2> <OutPorts = 1>
ST_22 : Operation 554 [1/1] (0.00ns)   --->   "%bitcast_ln36_65 = bitcast i32 %gmem1_addr_read_65" [D:/lenet_project/handoff/LeNet_DSE_Framework_2022_2/LeNet_DSE_Framework_2022_2/src/lenet_conv.cpp:36]   --->   Operation 554 'bitcast' 'bitcast_ln36_65' <Predicate = (!icmp_ln59)> <Delay = 0.00>
ST_22 : Operation 555 [5/5] (4.35ns)   --->   "%mul_i5_i2_16 = fmul i32 %window_17, i32 %bitcast_ln36_65" [D:/lenet_project/handoff/LeNet_DSE_Framework_2022_2/LeNet_DSE_Framework_2022_2/src/lenet_conv.cpp:36]   --->   Operation 555 'fmul' 'mul_i5_i2_16' <Predicate = (!icmp_ln59)> <Delay = 4.35> <CoreInst = "FMul_maxdsp">   --->   Core 30 'FMul_maxdsp' <Latency = 4> <II = 1> <Delay = 4.35> <FuncUnit> <Opcode : 'fmul'> <InPorts = 2> <OutPorts = 1>
ST_22 : Operation 556 [1/1] (5.11ns)   --->   "%gmem1_addr_read_68 = read i32 @_ssdm_op_Read.m_axi.p1i32, i32 %gmem1_addr" [D:/lenet_project/handoff/LeNet_DSE_Framework_2022_2/LeNet_DSE_Framework_2022_2/src/lenet_conv.cpp:36]   --->   Operation 556 'read' 'gmem1_addr_read_68' <Predicate = (!icmp_ln59)> <Delay = 5.11> <CoreInst = "m_axi">   --->   Core 113 'm_axi' <Latency = 0> <II = 1> <Delay = 1.00> <Adapter> <Opcode : 'read' 'write' 'readreq' 'writereq' 'writeresp'>

State 23 <SV = 22> <Delay = 5.11>
ST_23 : Operation 557 [5/9] (4.34ns)   --->   "%accumulator_assign_10_1 = fadd i32 %accumulator_assign_s, i32 %mul_i5_i2_1" [D:/lenet_project/handoff/LeNet_DSE_Framework_2022_2/LeNet_DSE_Framework_2022_2/src/lenet_conv.cpp:36]   --->   Operation 557 'fadd' 'accumulator_assign_10_1' <Predicate = (!icmp_ln59)> <Delay = 4.34> <CoreInst = "FAddSub_fulldsp">   --->   Core 18 'FAddSub_fulldsp' <Latency = 8> <II = 1> <Delay = 4.34> <FuncUnit> <Opcode : 'fadd' 'fsub'> <InPorts = 2> <OutPorts = 1>
ST_23 : Operation 558 [1/5] (4.35ns)   --->   "%mul_i5_i2_13 = fmul i32 %window_14, i32 %bitcast_ln36_62" [D:/lenet_project/handoff/LeNet_DSE_Framework_2022_2/LeNet_DSE_Framework_2022_2/src/lenet_conv.cpp:36]   --->   Operation 558 'fmul' 'mul_i5_i2_13' <Predicate = (!icmp_ln59)> <Delay = 4.35> <CoreInst = "FMul_maxdsp">   --->   Core 30 'FMul_maxdsp' <Latency = 4> <II = 1> <Delay = 4.35> <FuncUnit> <Opcode : 'fmul'> <InPorts = 2> <OutPorts = 1>
ST_23 : Operation 559 [2/5] (4.35ns)   --->   "%mul_i5_i2_14 = fmul i32 %window_15, i32 %bitcast_ln36_63" [D:/lenet_project/handoff/LeNet_DSE_Framework_2022_2/LeNet_DSE_Framework_2022_2/src/lenet_conv.cpp:36]   --->   Operation 559 'fmul' 'mul_i5_i2_14' <Predicate = (!icmp_ln59)> <Delay = 4.35> <CoreInst = "FMul_maxdsp">   --->   Core 30 'FMul_maxdsp' <Latency = 4> <II = 1> <Delay = 4.35> <FuncUnit> <Opcode : 'fmul'> <InPorts = 2> <OutPorts = 1>
ST_23 : Operation 560 [3/5] (4.35ns)   --->   "%mul_i5_i2_15 = fmul i32 %window_16, i32 %bitcast_ln36_64" [D:/lenet_project/handoff/LeNet_DSE_Framework_2022_2/LeNet_DSE_Framework_2022_2/src/lenet_conv.cpp:36]   --->   Operation 560 'fmul' 'mul_i5_i2_15' <Predicate = (!icmp_ln59)> <Delay = 4.35> <CoreInst = "FMul_maxdsp">   --->   Core 30 'FMul_maxdsp' <Latency = 4> <II = 1> <Delay = 4.35> <FuncUnit> <Opcode : 'fmul'> <InPorts = 2> <OutPorts = 1>
ST_23 : Operation 561 [4/5] (4.35ns)   --->   "%mul_i5_i2_16 = fmul i32 %window_17, i32 %bitcast_ln36_65" [D:/lenet_project/handoff/LeNet_DSE_Framework_2022_2/LeNet_DSE_Framework_2022_2/src/lenet_conv.cpp:36]   --->   Operation 561 'fmul' 'mul_i5_i2_16' <Predicate = (!icmp_ln59)> <Delay = 4.35> <CoreInst = "FMul_maxdsp">   --->   Core 30 'FMul_maxdsp' <Latency = 4> <II = 1> <Delay = 4.35> <FuncUnit> <Opcode : 'fmul'> <InPorts = 2> <OutPorts = 1>
ST_23 : Operation 562 [1/1] (0.00ns)   --->   "%bitcast_ln36_66 = bitcast i32 %gmem1_addr_read_66" [D:/lenet_project/handoff/LeNet_DSE_Framework_2022_2/LeNet_DSE_Framework_2022_2/src/lenet_conv.cpp:36]   --->   Operation 562 'bitcast' 'bitcast_ln36_66' <Predicate = (!icmp_ln59)> <Delay = 0.00>
ST_23 : Operation 563 [5/5] (4.35ns)   --->   "%mul_i5_i2_17 = fmul i32 %window_18, i32 %bitcast_ln36_66" [D:/lenet_project/handoff/LeNet_DSE_Framework_2022_2/LeNet_DSE_Framework_2022_2/src/lenet_conv.cpp:36]   --->   Operation 563 'fmul' 'mul_i5_i2_17' <Predicate = (!icmp_ln59)> <Delay = 4.35> <CoreInst = "FMul_maxdsp">   --->   Core 30 'FMul_maxdsp' <Latency = 4> <II = 1> <Delay = 4.35> <FuncUnit> <Opcode : 'fmul'> <InPorts = 2> <OutPorts = 1>
ST_23 : Operation 564 [1/1] (5.11ns)   --->   "%gmem1_addr_read_69 = read i32 @_ssdm_op_Read.m_axi.p1i32, i32 %gmem1_addr" [D:/lenet_project/handoff/LeNet_DSE_Framework_2022_2/LeNet_DSE_Framework_2022_2/src/lenet_conv.cpp:36]   --->   Operation 564 'read' 'gmem1_addr_read_69' <Predicate = (!icmp_ln59)> <Delay = 5.11> <CoreInst = "m_axi">   --->   Core 113 'm_axi' <Latency = 0> <II = 1> <Delay = 1.00> <Adapter> <Opcode : 'read' 'write' 'readreq' 'writereq' 'writeresp'>

State 24 <SV = 23> <Delay = 5.11>
ST_24 : Operation 565 [4/9] (4.34ns)   --->   "%accumulator_assign_10_1 = fadd i32 %accumulator_assign_s, i32 %mul_i5_i2_1" [D:/lenet_project/handoff/LeNet_DSE_Framework_2022_2/LeNet_DSE_Framework_2022_2/src/lenet_conv.cpp:36]   --->   Operation 565 'fadd' 'accumulator_assign_10_1' <Predicate = (!icmp_ln59)> <Delay = 4.34> <CoreInst = "FAddSub_fulldsp">   --->   Core 18 'FAddSub_fulldsp' <Latency = 8> <II = 1> <Delay = 4.34> <FuncUnit> <Opcode : 'fadd' 'fsub'> <InPorts = 2> <OutPorts = 1>
ST_24 : Operation 566 [1/5] (4.35ns)   --->   "%mul_i5_i2_14 = fmul i32 %window_15, i32 %bitcast_ln36_63" [D:/lenet_project/handoff/LeNet_DSE_Framework_2022_2/LeNet_DSE_Framework_2022_2/src/lenet_conv.cpp:36]   --->   Operation 566 'fmul' 'mul_i5_i2_14' <Predicate = (!icmp_ln59)> <Delay = 4.35> <CoreInst = "FMul_maxdsp">   --->   Core 30 'FMul_maxdsp' <Latency = 4> <II = 1> <Delay = 4.35> <FuncUnit> <Opcode : 'fmul'> <InPorts = 2> <OutPorts = 1>
ST_24 : Operation 567 [2/5] (4.35ns)   --->   "%mul_i5_i2_15 = fmul i32 %window_16, i32 %bitcast_ln36_64" [D:/lenet_project/handoff/LeNet_DSE_Framework_2022_2/LeNet_DSE_Framework_2022_2/src/lenet_conv.cpp:36]   --->   Operation 567 'fmul' 'mul_i5_i2_15' <Predicate = (!icmp_ln59)> <Delay = 4.35> <CoreInst = "FMul_maxdsp">   --->   Core 30 'FMul_maxdsp' <Latency = 4> <II = 1> <Delay = 4.35> <FuncUnit> <Opcode : 'fmul'> <InPorts = 2> <OutPorts = 1>
ST_24 : Operation 568 [3/5] (4.35ns)   --->   "%mul_i5_i2_16 = fmul i32 %window_17, i32 %bitcast_ln36_65" [D:/lenet_project/handoff/LeNet_DSE_Framework_2022_2/LeNet_DSE_Framework_2022_2/src/lenet_conv.cpp:36]   --->   Operation 568 'fmul' 'mul_i5_i2_16' <Predicate = (!icmp_ln59)> <Delay = 4.35> <CoreInst = "FMul_maxdsp">   --->   Core 30 'FMul_maxdsp' <Latency = 4> <II = 1> <Delay = 4.35> <FuncUnit> <Opcode : 'fmul'> <InPorts = 2> <OutPorts = 1>
ST_24 : Operation 569 [4/5] (4.35ns)   --->   "%mul_i5_i2_17 = fmul i32 %window_18, i32 %bitcast_ln36_66" [D:/lenet_project/handoff/LeNet_DSE_Framework_2022_2/LeNet_DSE_Framework_2022_2/src/lenet_conv.cpp:36]   --->   Operation 569 'fmul' 'mul_i5_i2_17' <Predicate = (!icmp_ln59)> <Delay = 4.35> <CoreInst = "FMul_maxdsp">   --->   Core 30 'FMul_maxdsp' <Latency = 4> <II = 1> <Delay = 4.35> <FuncUnit> <Opcode : 'fmul'> <InPorts = 2> <OutPorts = 1>
ST_24 : Operation 570 [1/1] (0.00ns)   --->   "%bitcast_ln36_67 = bitcast i32 %gmem1_addr_read_67" [D:/lenet_project/handoff/LeNet_DSE_Framework_2022_2/LeNet_DSE_Framework_2022_2/src/lenet_conv.cpp:36]   --->   Operation 570 'bitcast' 'bitcast_ln36_67' <Predicate = (!icmp_ln59)> <Delay = 0.00>
ST_24 : Operation 571 [5/5] (4.35ns)   --->   "%mul_i5_i2_18 = fmul i32 %window_19, i32 %bitcast_ln36_67" [D:/lenet_project/handoff/LeNet_DSE_Framework_2022_2/LeNet_DSE_Framework_2022_2/src/lenet_conv.cpp:36]   --->   Operation 571 'fmul' 'mul_i5_i2_18' <Predicate = (!icmp_ln59)> <Delay = 4.35> <CoreInst = "FMul_maxdsp">   --->   Core 30 'FMul_maxdsp' <Latency = 4> <II = 1> <Delay = 4.35> <FuncUnit> <Opcode : 'fmul'> <InPorts = 2> <OutPorts = 1>
ST_24 : Operation 572 [1/1] (5.11ns)   --->   "%gmem1_addr_read_70 = read i32 @_ssdm_op_Read.m_axi.p1i32, i32 %gmem1_addr" [D:/lenet_project/handoff/LeNet_DSE_Framework_2022_2/LeNet_DSE_Framework_2022_2/src/lenet_conv.cpp:36]   --->   Operation 572 'read' 'gmem1_addr_read_70' <Predicate = (!icmp_ln59)> <Delay = 5.11> <CoreInst = "m_axi">   --->   Core 113 'm_axi' <Latency = 0> <II = 1> <Delay = 1.00> <Adapter> <Opcode : 'read' 'write' 'readreq' 'writereq' 'writeresp'>

State 25 <SV = 24> <Delay = 5.11>
ST_25 : Operation 573 [3/9] (4.34ns)   --->   "%accumulator_assign_10_1 = fadd i32 %accumulator_assign_s, i32 %mul_i5_i2_1" [D:/lenet_project/handoff/LeNet_DSE_Framework_2022_2/LeNet_DSE_Framework_2022_2/src/lenet_conv.cpp:36]   --->   Operation 573 'fadd' 'accumulator_assign_10_1' <Predicate = (!icmp_ln59)> <Delay = 4.34> <CoreInst = "FAddSub_fulldsp">   --->   Core 18 'FAddSub_fulldsp' <Latency = 8> <II = 1> <Delay = 4.34> <FuncUnit> <Opcode : 'fadd' 'fsub'> <InPorts = 2> <OutPorts = 1>
ST_25 : Operation 574 [1/5] (4.35ns)   --->   "%mul_i5_i2_15 = fmul i32 %window_16, i32 %bitcast_ln36_64" [D:/lenet_project/handoff/LeNet_DSE_Framework_2022_2/LeNet_DSE_Framework_2022_2/src/lenet_conv.cpp:36]   --->   Operation 574 'fmul' 'mul_i5_i2_15' <Predicate = (!icmp_ln59)> <Delay = 4.35> <CoreInst = "FMul_maxdsp">   --->   Core 30 'FMul_maxdsp' <Latency = 4> <II = 1> <Delay = 4.35> <FuncUnit> <Opcode : 'fmul'> <InPorts = 2> <OutPorts = 1>
ST_25 : Operation 575 [2/5] (4.35ns)   --->   "%mul_i5_i2_16 = fmul i32 %window_17, i32 %bitcast_ln36_65" [D:/lenet_project/handoff/LeNet_DSE_Framework_2022_2/LeNet_DSE_Framework_2022_2/src/lenet_conv.cpp:36]   --->   Operation 575 'fmul' 'mul_i5_i2_16' <Predicate = (!icmp_ln59)> <Delay = 4.35> <CoreInst = "FMul_maxdsp">   --->   Core 30 'FMul_maxdsp' <Latency = 4> <II = 1> <Delay = 4.35> <FuncUnit> <Opcode : 'fmul'> <InPorts = 2> <OutPorts = 1>
ST_25 : Operation 576 [3/5] (4.35ns)   --->   "%mul_i5_i2_17 = fmul i32 %window_18, i32 %bitcast_ln36_66" [D:/lenet_project/handoff/LeNet_DSE_Framework_2022_2/LeNet_DSE_Framework_2022_2/src/lenet_conv.cpp:36]   --->   Operation 576 'fmul' 'mul_i5_i2_17' <Predicate = (!icmp_ln59)> <Delay = 4.35> <CoreInst = "FMul_maxdsp">   --->   Core 30 'FMul_maxdsp' <Latency = 4> <II = 1> <Delay = 4.35> <FuncUnit> <Opcode : 'fmul'> <InPorts = 2> <OutPorts = 1>
ST_25 : Operation 577 [4/5] (4.35ns)   --->   "%mul_i5_i2_18 = fmul i32 %window_19, i32 %bitcast_ln36_67" [D:/lenet_project/handoff/LeNet_DSE_Framework_2022_2/LeNet_DSE_Framework_2022_2/src/lenet_conv.cpp:36]   --->   Operation 577 'fmul' 'mul_i5_i2_18' <Predicate = (!icmp_ln59)> <Delay = 4.35> <CoreInst = "FMul_maxdsp">   --->   Core 30 'FMul_maxdsp' <Latency = 4> <II = 1> <Delay = 4.35> <FuncUnit> <Opcode : 'fmul'> <InPorts = 2> <OutPorts = 1>
ST_25 : Operation 578 [1/1] (0.00ns)   --->   "%bitcast_ln36_68 = bitcast i32 %gmem1_addr_read_68" [D:/lenet_project/handoff/LeNet_DSE_Framework_2022_2/LeNet_DSE_Framework_2022_2/src/lenet_conv.cpp:36]   --->   Operation 578 'bitcast' 'bitcast_ln36_68' <Predicate = (!icmp_ln59)> <Delay = 0.00>
ST_25 : Operation 579 [5/5] (4.35ns)   --->   "%mul_i5_i2_19 = fmul i32 %window_20, i32 %bitcast_ln36_68" [D:/lenet_project/handoff/LeNet_DSE_Framework_2022_2/LeNet_DSE_Framework_2022_2/src/lenet_conv.cpp:36]   --->   Operation 579 'fmul' 'mul_i5_i2_19' <Predicate = (!icmp_ln59)> <Delay = 4.35> <CoreInst = "FMul_maxdsp">   --->   Core 30 'FMul_maxdsp' <Latency = 4> <II = 1> <Delay = 4.35> <FuncUnit> <Opcode : 'fmul'> <InPorts = 2> <OutPorts = 1>
ST_25 : Operation 580 [1/1] (5.11ns)   --->   "%gmem1_addr_read_71 = read i32 @_ssdm_op_Read.m_axi.p1i32, i32 %gmem1_addr" [D:/lenet_project/handoff/LeNet_DSE_Framework_2022_2/LeNet_DSE_Framework_2022_2/src/lenet_conv.cpp:36]   --->   Operation 580 'read' 'gmem1_addr_read_71' <Predicate = (!icmp_ln59)> <Delay = 5.11> <CoreInst = "m_axi">   --->   Core 113 'm_axi' <Latency = 0> <II = 1> <Delay = 1.00> <Adapter> <Opcode : 'read' 'write' 'readreq' 'writereq' 'writeresp'>

State 26 <SV = 25> <Delay = 5.11>
ST_26 : Operation 581 [2/9] (4.34ns)   --->   "%accumulator_assign_10_1 = fadd i32 %accumulator_assign_s, i32 %mul_i5_i2_1" [D:/lenet_project/handoff/LeNet_DSE_Framework_2022_2/LeNet_DSE_Framework_2022_2/src/lenet_conv.cpp:36]   --->   Operation 581 'fadd' 'accumulator_assign_10_1' <Predicate = (!icmp_ln59)> <Delay = 4.34> <CoreInst = "FAddSub_fulldsp">   --->   Core 18 'FAddSub_fulldsp' <Latency = 8> <II = 1> <Delay = 4.34> <FuncUnit> <Opcode : 'fadd' 'fsub'> <InPorts = 2> <OutPorts = 1>
ST_26 : Operation 582 [1/5] (4.35ns)   --->   "%mul_i5_i2_16 = fmul i32 %window_17, i32 %bitcast_ln36_65" [D:/lenet_project/handoff/LeNet_DSE_Framework_2022_2/LeNet_DSE_Framework_2022_2/src/lenet_conv.cpp:36]   --->   Operation 582 'fmul' 'mul_i5_i2_16' <Predicate = (!icmp_ln59)> <Delay = 4.35> <CoreInst = "FMul_maxdsp">   --->   Core 30 'FMul_maxdsp' <Latency = 4> <II = 1> <Delay = 4.35> <FuncUnit> <Opcode : 'fmul'> <InPorts = 2> <OutPorts = 1>
ST_26 : Operation 583 [2/5] (4.35ns)   --->   "%mul_i5_i2_17 = fmul i32 %window_18, i32 %bitcast_ln36_66" [D:/lenet_project/handoff/LeNet_DSE_Framework_2022_2/LeNet_DSE_Framework_2022_2/src/lenet_conv.cpp:36]   --->   Operation 583 'fmul' 'mul_i5_i2_17' <Predicate = (!icmp_ln59)> <Delay = 4.35> <CoreInst = "FMul_maxdsp">   --->   Core 30 'FMul_maxdsp' <Latency = 4> <II = 1> <Delay = 4.35> <FuncUnit> <Opcode : 'fmul'> <InPorts = 2> <OutPorts = 1>
ST_26 : Operation 584 [3/5] (4.35ns)   --->   "%mul_i5_i2_18 = fmul i32 %window_19, i32 %bitcast_ln36_67" [D:/lenet_project/handoff/LeNet_DSE_Framework_2022_2/LeNet_DSE_Framework_2022_2/src/lenet_conv.cpp:36]   --->   Operation 584 'fmul' 'mul_i5_i2_18' <Predicate = (!icmp_ln59)> <Delay = 4.35> <CoreInst = "FMul_maxdsp">   --->   Core 30 'FMul_maxdsp' <Latency = 4> <II = 1> <Delay = 4.35> <FuncUnit> <Opcode : 'fmul'> <InPorts = 2> <OutPorts = 1>
ST_26 : Operation 585 [4/5] (4.35ns)   --->   "%mul_i5_i2_19 = fmul i32 %window_20, i32 %bitcast_ln36_68" [D:/lenet_project/handoff/LeNet_DSE_Framework_2022_2/LeNet_DSE_Framework_2022_2/src/lenet_conv.cpp:36]   --->   Operation 585 'fmul' 'mul_i5_i2_19' <Predicate = (!icmp_ln59)> <Delay = 4.35> <CoreInst = "FMul_maxdsp">   --->   Core 30 'FMul_maxdsp' <Latency = 4> <II = 1> <Delay = 4.35> <FuncUnit> <Opcode : 'fmul'> <InPorts = 2> <OutPorts = 1>
ST_26 : Operation 586 [1/1] (0.00ns)   --->   "%bitcast_ln36_69 = bitcast i32 %gmem1_addr_read_69" [D:/lenet_project/handoff/LeNet_DSE_Framework_2022_2/LeNet_DSE_Framework_2022_2/src/lenet_conv.cpp:36]   --->   Operation 586 'bitcast' 'bitcast_ln36_69' <Predicate = (!icmp_ln59)> <Delay = 0.00>
ST_26 : Operation 587 [5/5] (4.35ns)   --->   "%mul_i5_i2_20 = fmul i32 %window_21, i32 %bitcast_ln36_69" [D:/lenet_project/handoff/LeNet_DSE_Framework_2022_2/LeNet_DSE_Framework_2022_2/src/lenet_conv.cpp:36]   --->   Operation 587 'fmul' 'mul_i5_i2_20' <Predicate = (!icmp_ln59)> <Delay = 4.35> <CoreInst = "FMul_maxdsp">   --->   Core 30 'FMul_maxdsp' <Latency = 4> <II = 1> <Delay = 4.35> <FuncUnit> <Opcode : 'fmul'> <InPorts = 2> <OutPorts = 1>
ST_26 : Operation 588 [1/1] (5.11ns)   --->   "%gmem1_addr_read_72 = read i32 @_ssdm_op_Read.m_axi.p1i32, i32 %gmem1_addr" [D:/lenet_project/handoff/LeNet_DSE_Framework_2022_2/LeNet_DSE_Framework_2022_2/src/lenet_conv.cpp:36]   --->   Operation 588 'read' 'gmem1_addr_read_72' <Predicate = (!icmp_ln59)> <Delay = 5.11> <CoreInst = "m_axi">   --->   Core 113 'm_axi' <Latency = 0> <II = 1> <Delay = 1.00> <Adapter> <Opcode : 'read' 'write' 'readreq' 'writereq' 'writeresp'>

State 27 <SV = 26> <Delay = 4.35>
ST_27 : Operation 589 [1/9] (4.34ns)   --->   "%accumulator_assign_10_1 = fadd i32 %accumulator_assign_s, i32 %mul_i5_i2_1" [D:/lenet_project/handoff/LeNet_DSE_Framework_2022_2/LeNet_DSE_Framework_2022_2/src/lenet_conv.cpp:36]   --->   Operation 589 'fadd' 'accumulator_assign_10_1' <Predicate = (!icmp_ln59)> <Delay = 4.34> <CoreInst = "FAddSub_fulldsp">   --->   Core 18 'FAddSub_fulldsp' <Latency = 8> <II = 1> <Delay = 4.34> <FuncUnit> <Opcode : 'fadd' 'fsub'> <InPorts = 2> <OutPorts = 1>
ST_27 : Operation 590 [1/5] (4.35ns)   --->   "%mul_i5_i2_17 = fmul i32 %window_18, i32 %bitcast_ln36_66" [D:/lenet_project/handoff/LeNet_DSE_Framework_2022_2/LeNet_DSE_Framework_2022_2/src/lenet_conv.cpp:36]   --->   Operation 590 'fmul' 'mul_i5_i2_17' <Predicate = (!icmp_ln59)> <Delay = 4.35> <CoreInst = "FMul_maxdsp">   --->   Core 30 'FMul_maxdsp' <Latency = 4> <II = 1> <Delay = 4.35> <FuncUnit> <Opcode : 'fmul'> <InPorts = 2> <OutPorts = 1>
ST_27 : Operation 591 [2/5] (4.35ns)   --->   "%mul_i5_i2_18 = fmul i32 %window_19, i32 %bitcast_ln36_67" [D:/lenet_project/handoff/LeNet_DSE_Framework_2022_2/LeNet_DSE_Framework_2022_2/src/lenet_conv.cpp:36]   --->   Operation 591 'fmul' 'mul_i5_i2_18' <Predicate = (!icmp_ln59)> <Delay = 4.35> <CoreInst = "FMul_maxdsp">   --->   Core 30 'FMul_maxdsp' <Latency = 4> <II = 1> <Delay = 4.35> <FuncUnit> <Opcode : 'fmul'> <InPorts = 2> <OutPorts = 1>
ST_27 : Operation 592 [3/5] (4.35ns)   --->   "%mul_i5_i2_19 = fmul i32 %window_20, i32 %bitcast_ln36_68" [D:/lenet_project/handoff/LeNet_DSE_Framework_2022_2/LeNet_DSE_Framework_2022_2/src/lenet_conv.cpp:36]   --->   Operation 592 'fmul' 'mul_i5_i2_19' <Predicate = (!icmp_ln59)> <Delay = 4.35> <CoreInst = "FMul_maxdsp">   --->   Core 30 'FMul_maxdsp' <Latency = 4> <II = 1> <Delay = 4.35> <FuncUnit> <Opcode : 'fmul'> <InPorts = 2> <OutPorts = 1>
ST_27 : Operation 593 [4/5] (4.35ns)   --->   "%mul_i5_i2_20 = fmul i32 %window_21, i32 %bitcast_ln36_69" [D:/lenet_project/handoff/LeNet_DSE_Framework_2022_2/LeNet_DSE_Framework_2022_2/src/lenet_conv.cpp:36]   --->   Operation 593 'fmul' 'mul_i5_i2_20' <Predicate = (!icmp_ln59)> <Delay = 4.35> <CoreInst = "FMul_maxdsp">   --->   Core 30 'FMul_maxdsp' <Latency = 4> <II = 1> <Delay = 4.35> <FuncUnit> <Opcode : 'fmul'> <InPorts = 2> <OutPorts = 1>
ST_27 : Operation 594 [1/1] (0.00ns)   --->   "%bitcast_ln36_70 = bitcast i32 %gmem1_addr_read_70" [D:/lenet_project/handoff/LeNet_DSE_Framework_2022_2/LeNet_DSE_Framework_2022_2/src/lenet_conv.cpp:36]   --->   Operation 594 'bitcast' 'bitcast_ln36_70' <Predicate = (!icmp_ln59)> <Delay = 0.00>
ST_27 : Operation 595 [5/5] (4.35ns)   --->   "%mul_i5_i2_21 = fmul i32 %window_22, i32 %bitcast_ln36_70" [D:/lenet_project/handoff/LeNet_DSE_Framework_2022_2/LeNet_DSE_Framework_2022_2/src/lenet_conv.cpp:36]   --->   Operation 595 'fmul' 'mul_i5_i2_21' <Predicate = (!icmp_ln59)> <Delay = 4.35> <CoreInst = "FMul_maxdsp">   --->   Core 30 'FMul_maxdsp' <Latency = 4> <II = 1> <Delay = 4.35> <FuncUnit> <Opcode : 'fmul'> <InPorts = 2> <OutPorts = 1>

State 28 <SV = 27> <Delay = 4.35>
ST_28 : Operation 596 [9/9] (4.34ns)   --->   "%accumulator_assign_10_2 = fadd i32 %accumulator_assign_10_1, i32 %mul_i5_i2_2" [D:/lenet_project/handoff/LeNet_DSE_Framework_2022_2/LeNet_DSE_Framework_2022_2/src/lenet_conv.cpp:36]   --->   Operation 596 'fadd' 'accumulator_assign_10_2' <Predicate = (!icmp_ln59)> <Delay = 4.34> <CoreInst = "FAddSub_fulldsp">   --->   Core 18 'FAddSub_fulldsp' <Latency = 8> <II = 1> <Delay = 4.34> <FuncUnit> <Opcode : 'fadd' 'fsub'> <InPorts = 2> <OutPorts = 1>
ST_28 : Operation 597 [1/5] (4.35ns)   --->   "%mul_i5_i2_18 = fmul i32 %window_19, i32 %bitcast_ln36_67" [D:/lenet_project/handoff/LeNet_DSE_Framework_2022_2/LeNet_DSE_Framework_2022_2/src/lenet_conv.cpp:36]   --->   Operation 597 'fmul' 'mul_i5_i2_18' <Predicate = (!icmp_ln59)> <Delay = 4.35> <CoreInst = "FMul_maxdsp">   --->   Core 30 'FMul_maxdsp' <Latency = 4> <II = 1> <Delay = 4.35> <FuncUnit> <Opcode : 'fmul'> <InPorts = 2> <OutPorts = 1>
ST_28 : Operation 598 [2/5] (4.35ns)   --->   "%mul_i5_i2_19 = fmul i32 %window_20, i32 %bitcast_ln36_68" [D:/lenet_project/handoff/LeNet_DSE_Framework_2022_2/LeNet_DSE_Framework_2022_2/src/lenet_conv.cpp:36]   --->   Operation 598 'fmul' 'mul_i5_i2_19' <Predicate = (!icmp_ln59)> <Delay = 4.35> <CoreInst = "FMul_maxdsp">   --->   Core 30 'FMul_maxdsp' <Latency = 4> <II = 1> <Delay = 4.35> <FuncUnit> <Opcode : 'fmul'> <InPorts = 2> <OutPorts = 1>
ST_28 : Operation 599 [3/5] (4.35ns)   --->   "%mul_i5_i2_20 = fmul i32 %window_21, i32 %bitcast_ln36_69" [D:/lenet_project/handoff/LeNet_DSE_Framework_2022_2/LeNet_DSE_Framework_2022_2/src/lenet_conv.cpp:36]   --->   Operation 599 'fmul' 'mul_i5_i2_20' <Predicate = (!icmp_ln59)> <Delay = 4.35> <CoreInst = "FMul_maxdsp">   --->   Core 30 'FMul_maxdsp' <Latency = 4> <II = 1> <Delay = 4.35> <FuncUnit> <Opcode : 'fmul'> <InPorts = 2> <OutPorts = 1>
ST_28 : Operation 600 [4/5] (4.35ns)   --->   "%mul_i5_i2_21 = fmul i32 %window_22, i32 %bitcast_ln36_70" [D:/lenet_project/handoff/LeNet_DSE_Framework_2022_2/LeNet_DSE_Framework_2022_2/src/lenet_conv.cpp:36]   --->   Operation 600 'fmul' 'mul_i5_i2_21' <Predicate = (!icmp_ln59)> <Delay = 4.35> <CoreInst = "FMul_maxdsp">   --->   Core 30 'FMul_maxdsp' <Latency = 4> <II = 1> <Delay = 4.35> <FuncUnit> <Opcode : 'fmul'> <InPorts = 2> <OutPorts = 1>
ST_28 : Operation 601 [1/1] (0.00ns)   --->   "%bitcast_ln36_71 = bitcast i32 %gmem1_addr_read_71" [D:/lenet_project/handoff/LeNet_DSE_Framework_2022_2/LeNet_DSE_Framework_2022_2/src/lenet_conv.cpp:36]   --->   Operation 601 'bitcast' 'bitcast_ln36_71' <Predicate = (!icmp_ln59)> <Delay = 0.00>
ST_28 : Operation 602 [5/5] (4.35ns)   --->   "%mul_i5_i2_22 = fmul i32 %window_23, i32 %bitcast_ln36_71" [D:/lenet_project/handoff/LeNet_DSE_Framework_2022_2/LeNet_DSE_Framework_2022_2/src/lenet_conv.cpp:36]   --->   Operation 602 'fmul' 'mul_i5_i2_22' <Predicate = (!icmp_ln59)> <Delay = 4.35> <CoreInst = "FMul_maxdsp">   --->   Core 30 'FMul_maxdsp' <Latency = 4> <II = 1> <Delay = 4.35> <FuncUnit> <Opcode : 'fmul'> <InPorts = 2> <OutPorts = 1>

State 29 <SV = 28> <Delay = 4.35>
ST_29 : Operation 603 [8/9] (4.34ns)   --->   "%accumulator_assign_10_2 = fadd i32 %accumulator_assign_10_1, i32 %mul_i5_i2_2" [D:/lenet_project/handoff/LeNet_DSE_Framework_2022_2/LeNet_DSE_Framework_2022_2/src/lenet_conv.cpp:36]   --->   Operation 603 'fadd' 'accumulator_assign_10_2' <Predicate = (!icmp_ln59)> <Delay = 4.34> <CoreInst = "FAddSub_fulldsp">   --->   Core 18 'FAddSub_fulldsp' <Latency = 8> <II = 1> <Delay = 4.34> <FuncUnit> <Opcode : 'fadd' 'fsub'> <InPorts = 2> <OutPorts = 1>
ST_29 : Operation 604 [1/5] (4.35ns)   --->   "%mul_i5_i2_19 = fmul i32 %window_20, i32 %bitcast_ln36_68" [D:/lenet_project/handoff/LeNet_DSE_Framework_2022_2/LeNet_DSE_Framework_2022_2/src/lenet_conv.cpp:36]   --->   Operation 604 'fmul' 'mul_i5_i2_19' <Predicate = (!icmp_ln59)> <Delay = 4.35> <CoreInst = "FMul_maxdsp">   --->   Core 30 'FMul_maxdsp' <Latency = 4> <II = 1> <Delay = 4.35> <FuncUnit> <Opcode : 'fmul'> <InPorts = 2> <OutPorts = 1>
ST_29 : Operation 605 [2/5] (4.35ns)   --->   "%mul_i5_i2_20 = fmul i32 %window_21, i32 %bitcast_ln36_69" [D:/lenet_project/handoff/LeNet_DSE_Framework_2022_2/LeNet_DSE_Framework_2022_2/src/lenet_conv.cpp:36]   --->   Operation 605 'fmul' 'mul_i5_i2_20' <Predicate = (!icmp_ln59)> <Delay = 4.35> <CoreInst = "FMul_maxdsp">   --->   Core 30 'FMul_maxdsp' <Latency = 4> <II = 1> <Delay = 4.35> <FuncUnit> <Opcode : 'fmul'> <InPorts = 2> <OutPorts = 1>
ST_29 : Operation 606 [3/5] (4.35ns)   --->   "%mul_i5_i2_21 = fmul i32 %window_22, i32 %bitcast_ln36_70" [D:/lenet_project/handoff/LeNet_DSE_Framework_2022_2/LeNet_DSE_Framework_2022_2/src/lenet_conv.cpp:36]   --->   Operation 606 'fmul' 'mul_i5_i2_21' <Predicate = (!icmp_ln59)> <Delay = 4.35> <CoreInst = "FMul_maxdsp">   --->   Core 30 'FMul_maxdsp' <Latency = 4> <II = 1> <Delay = 4.35> <FuncUnit> <Opcode : 'fmul'> <InPorts = 2> <OutPorts = 1>
ST_29 : Operation 607 [4/5] (4.35ns)   --->   "%mul_i5_i2_22 = fmul i32 %window_23, i32 %bitcast_ln36_71" [D:/lenet_project/handoff/LeNet_DSE_Framework_2022_2/LeNet_DSE_Framework_2022_2/src/lenet_conv.cpp:36]   --->   Operation 607 'fmul' 'mul_i5_i2_22' <Predicate = (!icmp_ln59)> <Delay = 4.35> <CoreInst = "FMul_maxdsp">   --->   Core 30 'FMul_maxdsp' <Latency = 4> <II = 1> <Delay = 4.35> <FuncUnit> <Opcode : 'fmul'> <InPorts = 2> <OutPorts = 1>
ST_29 : Operation 608 [1/1] (0.00ns)   --->   "%bitcast_ln36_72 = bitcast i32 %gmem1_addr_read_72" [D:/lenet_project/handoff/LeNet_DSE_Framework_2022_2/LeNet_DSE_Framework_2022_2/src/lenet_conv.cpp:36]   --->   Operation 608 'bitcast' 'bitcast_ln36_72' <Predicate = (!icmp_ln59)> <Delay = 0.00>
ST_29 : Operation 609 [5/5] (4.35ns)   --->   "%mul_i5_i2_23 = fmul i32 %window_24, i32 %bitcast_ln36_72" [D:/lenet_project/handoff/LeNet_DSE_Framework_2022_2/LeNet_DSE_Framework_2022_2/src/lenet_conv.cpp:36]   --->   Operation 609 'fmul' 'mul_i5_i2_23' <Predicate = (!icmp_ln59)> <Delay = 4.35> <CoreInst = "FMul_maxdsp">   --->   Core 30 'FMul_maxdsp' <Latency = 4> <II = 1> <Delay = 4.35> <FuncUnit> <Opcode : 'fmul'> <InPorts = 2> <OutPorts = 1>

State 30 <SV = 29> <Delay = 4.35>
ST_30 : Operation 610 [7/9] (4.34ns)   --->   "%accumulator_assign_10_2 = fadd i32 %accumulator_assign_10_1, i32 %mul_i5_i2_2" [D:/lenet_project/handoff/LeNet_DSE_Framework_2022_2/LeNet_DSE_Framework_2022_2/src/lenet_conv.cpp:36]   --->   Operation 610 'fadd' 'accumulator_assign_10_2' <Predicate = (!icmp_ln59)> <Delay = 4.34> <CoreInst = "FAddSub_fulldsp">   --->   Core 18 'FAddSub_fulldsp' <Latency = 8> <II = 1> <Delay = 4.34> <FuncUnit> <Opcode : 'fadd' 'fsub'> <InPorts = 2> <OutPorts = 1>
ST_30 : Operation 611 [1/5] (4.35ns)   --->   "%mul_i5_i2_20 = fmul i32 %window_21, i32 %bitcast_ln36_69" [D:/lenet_project/handoff/LeNet_DSE_Framework_2022_2/LeNet_DSE_Framework_2022_2/src/lenet_conv.cpp:36]   --->   Operation 611 'fmul' 'mul_i5_i2_20' <Predicate = (!icmp_ln59)> <Delay = 4.35> <CoreInst = "FMul_maxdsp">   --->   Core 30 'FMul_maxdsp' <Latency = 4> <II = 1> <Delay = 4.35> <FuncUnit> <Opcode : 'fmul'> <InPorts = 2> <OutPorts = 1>
ST_30 : Operation 612 [2/5] (4.35ns)   --->   "%mul_i5_i2_21 = fmul i32 %window_22, i32 %bitcast_ln36_70" [D:/lenet_project/handoff/LeNet_DSE_Framework_2022_2/LeNet_DSE_Framework_2022_2/src/lenet_conv.cpp:36]   --->   Operation 612 'fmul' 'mul_i5_i2_21' <Predicate = (!icmp_ln59)> <Delay = 4.35> <CoreInst = "FMul_maxdsp">   --->   Core 30 'FMul_maxdsp' <Latency = 4> <II = 1> <Delay = 4.35> <FuncUnit> <Opcode : 'fmul'> <InPorts = 2> <OutPorts = 1>
ST_30 : Operation 613 [3/5] (4.35ns)   --->   "%mul_i5_i2_22 = fmul i32 %window_23, i32 %bitcast_ln36_71" [D:/lenet_project/handoff/LeNet_DSE_Framework_2022_2/LeNet_DSE_Framework_2022_2/src/lenet_conv.cpp:36]   --->   Operation 613 'fmul' 'mul_i5_i2_22' <Predicate = (!icmp_ln59)> <Delay = 4.35> <CoreInst = "FMul_maxdsp">   --->   Core 30 'FMul_maxdsp' <Latency = 4> <II = 1> <Delay = 4.35> <FuncUnit> <Opcode : 'fmul'> <InPorts = 2> <OutPorts = 1>
ST_30 : Operation 614 [4/5] (4.35ns)   --->   "%mul_i5_i2_23 = fmul i32 %window_24, i32 %bitcast_ln36_72" [D:/lenet_project/handoff/LeNet_DSE_Framework_2022_2/LeNet_DSE_Framework_2022_2/src/lenet_conv.cpp:36]   --->   Operation 614 'fmul' 'mul_i5_i2_23' <Predicate = (!icmp_ln59)> <Delay = 4.35> <CoreInst = "FMul_maxdsp">   --->   Core 30 'FMul_maxdsp' <Latency = 4> <II = 1> <Delay = 4.35> <FuncUnit> <Opcode : 'fmul'> <InPorts = 2> <OutPorts = 1>

State 31 <SV = 30> <Delay = 4.35>
ST_31 : Operation 615 [6/9] (4.34ns)   --->   "%accumulator_assign_10_2 = fadd i32 %accumulator_assign_10_1, i32 %mul_i5_i2_2" [D:/lenet_project/handoff/LeNet_DSE_Framework_2022_2/LeNet_DSE_Framework_2022_2/src/lenet_conv.cpp:36]   --->   Operation 615 'fadd' 'accumulator_assign_10_2' <Predicate = (!icmp_ln59)> <Delay = 4.34> <CoreInst = "FAddSub_fulldsp">   --->   Core 18 'FAddSub_fulldsp' <Latency = 8> <II = 1> <Delay = 4.34> <FuncUnit> <Opcode : 'fadd' 'fsub'> <InPorts = 2> <OutPorts = 1>
ST_31 : Operation 616 [1/5] (4.35ns)   --->   "%mul_i5_i2_21 = fmul i32 %window_22, i32 %bitcast_ln36_70" [D:/lenet_project/handoff/LeNet_DSE_Framework_2022_2/LeNet_DSE_Framework_2022_2/src/lenet_conv.cpp:36]   --->   Operation 616 'fmul' 'mul_i5_i2_21' <Predicate = (!icmp_ln59)> <Delay = 4.35> <CoreInst = "FMul_maxdsp">   --->   Core 30 'FMul_maxdsp' <Latency = 4> <II = 1> <Delay = 4.35> <FuncUnit> <Opcode : 'fmul'> <InPorts = 2> <OutPorts = 1>
ST_31 : Operation 617 [2/5] (4.35ns)   --->   "%mul_i5_i2_22 = fmul i32 %window_23, i32 %bitcast_ln36_71" [D:/lenet_project/handoff/LeNet_DSE_Framework_2022_2/LeNet_DSE_Framework_2022_2/src/lenet_conv.cpp:36]   --->   Operation 617 'fmul' 'mul_i5_i2_22' <Predicate = (!icmp_ln59)> <Delay = 4.35> <CoreInst = "FMul_maxdsp">   --->   Core 30 'FMul_maxdsp' <Latency = 4> <II = 1> <Delay = 4.35> <FuncUnit> <Opcode : 'fmul'> <InPorts = 2> <OutPorts = 1>
ST_31 : Operation 618 [3/5] (4.35ns)   --->   "%mul_i5_i2_23 = fmul i32 %window_24, i32 %bitcast_ln36_72" [D:/lenet_project/handoff/LeNet_DSE_Framework_2022_2/LeNet_DSE_Framework_2022_2/src/lenet_conv.cpp:36]   --->   Operation 618 'fmul' 'mul_i5_i2_23' <Predicate = (!icmp_ln59)> <Delay = 4.35> <CoreInst = "FMul_maxdsp">   --->   Core 30 'FMul_maxdsp' <Latency = 4> <II = 1> <Delay = 4.35> <FuncUnit> <Opcode : 'fmul'> <InPorts = 2> <OutPorts = 1>

State 32 <SV = 31> <Delay = 4.35>
ST_32 : Operation 619 [5/9] (4.34ns)   --->   "%accumulator_assign_10_2 = fadd i32 %accumulator_assign_10_1, i32 %mul_i5_i2_2" [D:/lenet_project/handoff/LeNet_DSE_Framework_2022_2/LeNet_DSE_Framework_2022_2/src/lenet_conv.cpp:36]   --->   Operation 619 'fadd' 'accumulator_assign_10_2' <Predicate = (!icmp_ln59)> <Delay = 4.34> <CoreInst = "FAddSub_fulldsp">   --->   Core 18 'FAddSub_fulldsp' <Latency = 8> <II = 1> <Delay = 4.34> <FuncUnit> <Opcode : 'fadd' 'fsub'> <InPorts = 2> <OutPorts = 1>
ST_32 : Operation 620 [1/5] (4.35ns)   --->   "%mul_i5_i2_22 = fmul i32 %window_23, i32 %bitcast_ln36_71" [D:/lenet_project/handoff/LeNet_DSE_Framework_2022_2/LeNet_DSE_Framework_2022_2/src/lenet_conv.cpp:36]   --->   Operation 620 'fmul' 'mul_i5_i2_22' <Predicate = (!icmp_ln59)> <Delay = 4.35> <CoreInst = "FMul_maxdsp">   --->   Core 30 'FMul_maxdsp' <Latency = 4> <II = 1> <Delay = 4.35> <FuncUnit> <Opcode : 'fmul'> <InPorts = 2> <OutPorts = 1>
ST_32 : Operation 621 [2/5] (4.35ns)   --->   "%mul_i5_i2_23 = fmul i32 %window_24, i32 %bitcast_ln36_72" [D:/lenet_project/handoff/LeNet_DSE_Framework_2022_2/LeNet_DSE_Framework_2022_2/src/lenet_conv.cpp:36]   --->   Operation 621 'fmul' 'mul_i5_i2_23' <Predicate = (!icmp_ln59)> <Delay = 4.35> <CoreInst = "FMul_maxdsp">   --->   Core 30 'FMul_maxdsp' <Latency = 4> <II = 1> <Delay = 4.35> <FuncUnit> <Opcode : 'fmul'> <InPorts = 2> <OutPorts = 1>

State 33 <SV = 32> <Delay = 4.35>
ST_33 : Operation 622 [4/9] (4.34ns)   --->   "%accumulator_assign_10_2 = fadd i32 %accumulator_assign_10_1, i32 %mul_i5_i2_2" [D:/lenet_project/handoff/LeNet_DSE_Framework_2022_2/LeNet_DSE_Framework_2022_2/src/lenet_conv.cpp:36]   --->   Operation 622 'fadd' 'accumulator_assign_10_2' <Predicate = (!icmp_ln59)> <Delay = 4.34> <CoreInst = "FAddSub_fulldsp">   --->   Core 18 'FAddSub_fulldsp' <Latency = 8> <II = 1> <Delay = 4.34> <FuncUnit> <Opcode : 'fadd' 'fsub'> <InPorts = 2> <OutPorts = 1>
ST_33 : Operation 623 [1/5] (4.35ns)   --->   "%mul_i5_i2_23 = fmul i32 %window_24, i32 %bitcast_ln36_72" [D:/lenet_project/handoff/LeNet_DSE_Framework_2022_2/LeNet_DSE_Framework_2022_2/src/lenet_conv.cpp:36]   --->   Operation 623 'fmul' 'mul_i5_i2_23' <Predicate = (!icmp_ln59)> <Delay = 4.35> <CoreInst = "FMul_maxdsp">   --->   Core 30 'FMul_maxdsp' <Latency = 4> <II = 1> <Delay = 4.35> <FuncUnit> <Opcode : 'fmul'> <InPorts = 2> <OutPorts = 1>

State 34 <SV = 33> <Delay = 4.34>
ST_34 : Operation 624 [3/9] (4.34ns)   --->   "%accumulator_assign_10_2 = fadd i32 %accumulator_assign_10_1, i32 %mul_i5_i2_2" [D:/lenet_project/handoff/LeNet_DSE_Framework_2022_2/LeNet_DSE_Framework_2022_2/src/lenet_conv.cpp:36]   --->   Operation 624 'fadd' 'accumulator_assign_10_2' <Predicate = (!icmp_ln59)> <Delay = 4.34> <CoreInst = "FAddSub_fulldsp">   --->   Core 18 'FAddSub_fulldsp' <Latency = 8> <II = 1> <Delay = 4.34> <FuncUnit> <Opcode : 'fadd' 'fsub'> <InPorts = 2> <OutPorts = 1>

State 35 <SV = 34> <Delay = 4.34>
ST_35 : Operation 625 [2/9] (4.34ns)   --->   "%accumulator_assign_10_2 = fadd i32 %accumulator_assign_10_1, i32 %mul_i5_i2_2" [D:/lenet_project/handoff/LeNet_DSE_Framework_2022_2/LeNet_DSE_Framework_2022_2/src/lenet_conv.cpp:36]   --->   Operation 625 'fadd' 'accumulator_assign_10_2' <Predicate = (!icmp_ln59)> <Delay = 4.34> <CoreInst = "FAddSub_fulldsp">   --->   Core 18 'FAddSub_fulldsp' <Latency = 8> <II = 1> <Delay = 4.34> <FuncUnit> <Opcode : 'fadd' 'fsub'> <InPorts = 2> <OutPorts = 1>

State 36 <SV = 35> <Delay = 4.34>
ST_36 : Operation 626 [1/9] (4.34ns)   --->   "%accumulator_assign_10_2 = fadd i32 %accumulator_assign_10_1, i32 %mul_i5_i2_2" [D:/lenet_project/handoff/LeNet_DSE_Framework_2022_2/LeNet_DSE_Framework_2022_2/src/lenet_conv.cpp:36]   --->   Operation 626 'fadd' 'accumulator_assign_10_2' <Predicate = (!icmp_ln59)> <Delay = 4.34> <CoreInst = "FAddSub_fulldsp">   --->   Core 18 'FAddSub_fulldsp' <Latency = 8> <II = 1> <Delay = 4.34> <FuncUnit> <Opcode : 'fadd' 'fsub'> <InPorts = 2> <OutPorts = 1>

State 37 <SV = 36> <Delay = 4.34>
ST_37 : Operation 627 [9/9] (4.34ns)   --->   "%accumulator_assign_10_3 = fadd i32 %accumulator_assign_10_2, i32 %mul_i5_i2_3" [D:/lenet_project/handoff/LeNet_DSE_Framework_2022_2/LeNet_DSE_Framework_2022_2/src/lenet_conv.cpp:36]   --->   Operation 627 'fadd' 'accumulator_assign_10_3' <Predicate = (!icmp_ln59)> <Delay = 4.34> <CoreInst = "FAddSub_fulldsp">   --->   Core 18 'FAddSub_fulldsp' <Latency = 8> <II = 1> <Delay = 4.34> <FuncUnit> <Opcode : 'fadd' 'fsub'> <InPorts = 2> <OutPorts = 1>

State 38 <SV = 37> <Delay = 4.34>
ST_38 : Operation 628 [8/9] (4.34ns)   --->   "%accumulator_assign_10_3 = fadd i32 %accumulator_assign_10_2, i32 %mul_i5_i2_3" [D:/lenet_project/handoff/LeNet_DSE_Framework_2022_2/LeNet_DSE_Framework_2022_2/src/lenet_conv.cpp:36]   --->   Operation 628 'fadd' 'accumulator_assign_10_3' <Predicate = (!icmp_ln59)> <Delay = 4.34> <CoreInst = "FAddSub_fulldsp">   --->   Core 18 'FAddSub_fulldsp' <Latency = 8> <II = 1> <Delay = 4.34> <FuncUnit> <Opcode : 'fadd' 'fsub'> <InPorts = 2> <OutPorts = 1>

State 39 <SV = 38> <Delay = 4.34>
ST_39 : Operation 629 [7/9] (4.34ns)   --->   "%accumulator_assign_10_3 = fadd i32 %accumulator_assign_10_2, i32 %mul_i5_i2_3" [D:/lenet_project/handoff/LeNet_DSE_Framework_2022_2/LeNet_DSE_Framework_2022_2/src/lenet_conv.cpp:36]   --->   Operation 629 'fadd' 'accumulator_assign_10_3' <Predicate = (!icmp_ln59)> <Delay = 4.34> <CoreInst = "FAddSub_fulldsp">   --->   Core 18 'FAddSub_fulldsp' <Latency = 8> <II = 1> <Delay = 4.34> <FuncUnit> <Opcode : 'fadd' 'fsub'> <InPorts = 2> <OutPorts = 1>

State 40 <SV = 39> <Delay = 4.34>
ST_40 : Operation 630 [6/9] (4.34ns)   --->   "%accumulator_assign_10_3 = fadd i32 %accumulator_assign_10_2, i32 %mul_i5_i2_3" [D:/lenet_project/handoff/LeNet_DSE_Framework_2022_2/LeNet_DSE_Framework_2022_2/src/lenet_conv.cpp:36]   --->   Operation 630 'fadd' 'accumulator_assign_10_3' <Predicate = (!icmp_ln59)> <Delay = 4.34> <CoreInst = "FAddSub_fulldsp">   --->   Core 18 'FAddSub_fulldsp' <Latency = 8> <II = 1> <Delay = 4.34> <FuncUnit> <Opcode : 'fadd' 'fsub'> <InPorts = 2> <OutPorts = 1>

State 41 <SV = 40> <Delay = 4.34>
ST_41 : Operation 631 [5/9] (4.34ns)   --->   "%accumulator_assign_10_3 = fadd i32 %accumulator_assign_10_2, i32 %mul_i5_i2_3" [D:/lenet_project/handoff/LeNet_DSE_Framework_2022_2/LeNet_DSE_Framework_2022_2/src/lenet_conv.cpp:36]   --->   Operation 631 'fadd' 'accumulator_assign_10_3' <Predicate = (!icmp_ln59)> <Delay = 4.34> <CoreInst = "FAddSub_fulldsp">   --->   Core 18 'FAddSub_fulldsp' <Latency = 8> <II = 1> <Delay = 4.34> <FuncUnit> <Opcode : 'fadd' 'fsub'> <InPorts = 2> <OutPorts = 1>

State 42 <SV = 41> <Delay = 4.34>
ST_42 : Operation 632 [4/9] (4.34ns)   --->   "%accumulator_assign_10_3 = fadd i32 %accumulator_assign_10_2, i32 %mul_i5_i2_3" [D:/lenet_project/handoff/LeNet_DSE_Framework_2022_2/LeNet_DSE_Framework_2022_2/src/lenet_conv.cpp:36]   --->   Operation 632 'fadd' 'accumulator_assign_10_3' <Predicate = (!icmp_ln59)> <Delay = 4.34> <CoreInst = "FAddSub_fulldsp">   --->   Core 18 'FAddSub_fulldsp' <Latency = 8> <II = 1> <Delay = 4.34> <FuncUnit> <Opcode : 'fadd' 'fsub'> <InPorts = 2> <OutPorts = 1>

State 43 <SV = 42> <Delay = 4.34>
ST_43 : Operation 633 [3/9] (4.34ns)   --->   "%accumulator_assign_10_3 = fadd i32 %accumulator_assign_10_2, i32 %mul_i5_i2_3" [D:/lenet_project/handoff/LeNet_DSE_Framework_2022_2/LeNet_DSE_Framework_2022_2/src/lenet_conv.cpp:36]   --->   Operation 633 'fadd' 'accumulator_assign_10_3' <Predicate = (!icmp_ln59)> <Delay = 4.34> <CoreInst = "FAddSub_fulldsp">   --->   Core 18 'FAddSub_fulldsp' <Latency = 8> <II = 1> <Delay = 4.34> <FuncUnit> <Opcode : 'fadd' 'fsub'> <InPorts = 2> <OutPorts = 1>

State 44 <SV = 43> <Delay = 4.34>
ST_44 : Operation 634 [2/9] (4.34ns)   --->   "%accumulator_assign_10_3 = fadd i32 %accumulator_assign_10_2, i32 %mul_i5_i2_3" [D:/lenet_project/handoff/LeNet_DSE_Framework_2022_2/LeNet_DSE_Framework_2022_2/src/lenet_conv.cpp:36]   --->   Operation 634 'fadd' 'accumulator_assign_10_3' <Predicate = (!icmp_ln59)> <Delay = 4.34> <CoreInst = "FAddSub_fulldsp">   --->   Core 18 'FAddSub_fulldsp' <Latency = 8> <II = 1> <Delay = 4.34> <FuncUnit> <Opcode : 'fadd' 'fsub'> <InPorts = 2> <OutPorts = 1>

State 45 <SV = 44> <Delay = 4.34>
ST_45 : Operation 635 [1/9] (4.34ns)   --->   "%accumulator_assign_10_3 = fadd i32 %accumulator_assign_10_2, i32 %mul_i5_i2_3" [D:/lenet_project/handoff/LeNet_DSE_Framework_2022_2/LeNet_DSE_Framework_2022_2/src/lenet_conv.cpp:36]   --->   Operation 635 'fadd' 'accumulator_assign_10_3' <Predicate = (!icmp_ln59)> <Delay = 4.34> <CoreInst = "FAddSub_fulldsp">   --->   Core 18 'FAddSub_fulldsp' <Latency = 8> <II = 1> <Delay = 4.34> <FuncUnit> <Opcode : 'fadd' 'fsub'> <InPorts = 2> <OutPorts = 1>

State 46 <SV = 45> <Delay = 4.34>
ST_46 : Operation 636 [9/9] (4.34ns)   --->   "%accumulator_assign_10_4 = fadd i32 %accumulator_assign_10_3, i32 %mul_i5_i2_4" [D:/lenet_project/handoff/LeNet_DSE_Framework_2022_2/LeNet_DSE_Framework_2022_2/src/lenet_conv.cpp:36]   --->   Operation 636 'fadd' 'accumulator_assign_10_4' <Predicate = (!icmp_ln59)> <Delay = 4.34> <CoreInst = "FAddSub_fulldsp">   --->   Core 18 'FAddSub_fulldsp' <Latency = 8> <II = 1> <Delay = 4.34> <FuncUnit> <Opcode : 'fadd' 'fsub'> <InPorts = 2> <OutPorts = 1>

State 47 <SV = 46> <Delay = 4.34>
ST_47 : Operation 637 [8/9] (4.34ns)   --->   "%accumulator_assign_10_4 = fadd i32 %accumulator_assign_10_3, i32 %mul_i5_i2_4" [D:/lenet_project/handoff/LeNet_DSE_Framework_2022_2/LeNet_DSE_Framework_2022_2/src/lenet_conv.cpp:36]   --->   Operation 637 'fadd' 'accumulator_assign_10_4' <Predicate = (!icmp_ln59)> <Delay = 4.34> <CoreInst = "FAddSub_fulldsp">   --->   Core 18 'FAddSub_fulldsp' <Latency = 8> <II = 1> <Delay = 4.34> <FuncUnit> <Opcode : 'fadd' 'fsub'> <InPorts = 2> <OutPorts = 1>

State 48 <SV = 47> <Delay = 4.34>
ST_48 : Operation 638 [7/9] (4.34ns)   --->   "%accumulator_assign_10_4 = fadd i32 %accumulator_assign_10_3, i32 %mul_i5_i2_4" [D:/lenet_project/handoff/LeNet_DSE_Framework_2022_2/LeNet_DSE_Framework_2022_2/src/lenet_conv.cpp:36]   --->   Operation 638 'fadd' 'accumulator_assign_10_4' <Predicate = (!icmp_ln59)> <Delay = 4.34> <CoreInst = "FAddSub_fulldsp">   --->   Core 18 'FAddSub_fulldsp' <Latency = 8> <II = 1> <Delay = 4.34> <FuncUnit> <Opcode : 'fadd' 'fsub'> <InPorts = 2> <OutPorts = 1>

State 49 <SV = 48> <Delay = 4.34>
ST_49 : Operation 639 [6/9] (4.34ns)   --->   "%accumulator_assign_10_4 = fadd i32 %accumulator_assign_10_3, i32 %mul_i5_i2_4" [D:/lenet_project/handoff/LeNet_DSE_Framework_2022_2/LeNet_DSE_Framework_2022_2/src/lenet_conv.cpp:36]   --->   Operation 639 'fadd' 'accumulator_assign_10_4' <Predicate = (!icmp_ln59)> <Delay = 4.34> <CoreInst = "FAddSub_fulldsp">   --->   Core 18 'FAddSub_fulldsp' <Latency = 8> <II = 1> <Delay = 4.34> <FuncUnit> <Opcode : 'fadd' 'fsub'> <InPorts = 2> <OutPorts = 1>

State 50 <SV = 49> <Delay = 4.34>
ST_50 : Operation 640 [5/9] (4.34ns)   --->   "%accumulator_assign_10_4 = fadd i32 %accumulator_assign_10_3, i32 %mul_i5_i2_4" [D:/lenet_project/handoff/LeNet_DSE_Framework_2022_2/LeNet_DSE_Framework_2022_2/src/lenet_conv.cpp:36]   --->   Operation 640 'fadd' 'accumulator_assign_10_4' <Predicate = (!icmp_ln59)> <Delay = 4.34> <CoreInst = "FAddSub_fulldsp">   --->   Core 18 'FAddSub_fulldsp' <Latency = 8> <II = 1> <Delay = 4.34> <FuncUnit> <Opcode : 'fadd' 'fsub'> <InPorts = 2> <OutPorts = 1>

State 51 <SV = 50> <Delay = 4.34>
ST_51 : Operation 641 [4/9] (4.34ns)   --->   "%accumulator_assign_10_4 = fadd i32 %accumulator_assign_10_3, i32 %mul_i5_i2_4" [D:/lenet_project/handoff/LeNet_DSE_Framework_2022_2/LeNet_DSE_Framework_2022_2/src/lenet_conv.cpp:36]   --->   Operation 641 'fadd' 'accumulator_assign_10_4' <Predicate = (!icmp_ln59)> <Delay = 4.34> <CoreInst = "FAddSub_fulldsp">   --->   Core 18 'FAddSub_fulldsp' <Latency = 8> <II = 1> <Delay = 4.34> <FuncUnit> <Opcode : 'fadd' 'fsub'> <InPorts = 2> <OutPorts = 1>

State 52 <SV = 51> <Delay = 4.34>
ST_52 : Operation 642 [3/9] (4.34ns)   --->   "%accumulator_assign_10_4 = fadd i32 %accumulator_assign_10_3, i32 %mul_i5_i2_4" [D:/lenet_project/handoff/LeNet_DSE_Framework_2022_2/LeNet_DSE_Framework_2022_2/src/lenet_conv.cpp:36]   --->   Operation 642 'fadd' 'accumulator_assign_10_4' <Predicate = (!icmp_ln59)> <Delay = 4.34> <CoreInst = "FAddSub_fulldsp">   --->   Core 18 'FAddSub_fulldsp' <Latency = 8> <II = 1> <Delay = 4.34> <FuncUnit> <Opcode : 'fadd' 'fsub'> <InPorts = 2> <OutPorts = 1>

State 53 <SV = 52> <Delay = 4.34>
ST_53 : Operation 643 [2/9] (4.34ns)   --->   "%accumulator_assign_10_4 = fadd i32 %accumulator_assign_10_3, i32 %mul_i5_i2_4" [D:/lenet_project/handoff/LeNet_DSE_Framework_2022_2/LeNet_DSE_Framework_2022_2/src/lenet_conv.cpp:36]   --->   Operation 643 'fadd' 'accumulator_assign_10_4' <Predicate = (!icmp_ln59)> <Delay = 4.34> <CoreInst = "FAddSub_fulldsp">   --->   Core 18 'FAddSub_fulldsp' <Latency = 8> <II = 1> <Delay = 4.34> <FuncUnit> <Opcode : 'fadd' 'fsub'> <InPorts = 2> <OutPorts = 1>

State 54 <SV = 53> <Delay = 4.34>
ST_54 : Operation 644 [1/9] (4.34ns)   --->   "%accumulator_assign_10_4 = fadd i32 %accumulator_assign_10_3, i32 %mul_i5_i2_4" [D:/lenet_project/handoff/LeNet_DSE_Framework_2022_2/LeNet_DSE_Framework_2022_2/src/lenet_conv.cpp:36]   --->   Operation 644 'fadd' 'accumulator_assign_10_4' <Predicate = (!icmp_ln59)> <Delay = 4.34> <CoreInst = "FAddSub_fulldsp">   --->   Core 18 'FAddSub_fulldsp' <Latency = 8> <II = 1> <Delay = 4.34> <FuncUnit> <Opcode : 'fadd' 'fsub'> <InPorts = 2> <OutPorts = 1>

State 55 <SV = 54> <Delay = 4.34>
ST_55 : Operation 645 [9/9] (4.34ns)   --->   "%accumulator_assign_10_5 = fadd i32 %accumulator_assign_10_4, i32 %mul_i5_i2_5" [D:/lenet_project/handoff/LeNet_DSE_Framework_2022_2/LeNet_DSE_Framework_2022_2/src/lenet_conv.cpp:36]   --->   Operation 645 'fadd' 'accumulator_assign_10_5' <Predicate = (!icmp_ln59)> <Delay = 4.34> <CoreInst = "FAddSub_fulldsp">   --->   Core 18 'FAddSub_fulldsp' <Latency = 8> <II = 1> <Delay = 4.34> <FuncUnit> <Opcode : 'fadd' 'fsub'> <InPorts = 2> <OutPorts = 1>

State 56 <SV = 55> <Delay = 4.34>
ST_56 : Operation 646 [8/9] (4.34ns)   --->   "%accumulator_assign_10_5 = fadd i32 %accumulator_assign_10_4, i32 %mul_i5_i2_5" [D:/lenet_project/handoff/LeNet_DSE_Framework_2022_2/LeNet_DSE_Framework_2022_2/src/lenet_conv.cpp:36]   --->   Operation 646 'fadd' 'accumulator_assign_10_5' <Predicate = (!icmp_ln59)> <Delay = 4.34> <CoreInst = "FAddSub_fulldsp">   --->   Core 18 'FAddSub_fulldsp' <Latency = 8> <II = 1> <Delay = 4.34> <FuncUnit> <Opcode : 'fadd' 'fsub'> <InPorts = 2> <OutPorts = 1>

State 57 <SV = 56> <Delay = 4.34>
ST_57 : Operation 647 [7/9] (4.34ns)   --->   "%accumulator_assign_10_5 = fadd i32 %accumulator_assign_10_4, i32 %mul_i5_i2_5" [D:/lenet_project/handoff/LeNet_DSE_Framework_2022_2/LeNet_DSE_Framework_2022_2/src/lenet_conv.cpp:36]   --->   Operation 647 'fadd' 'accumulator_assign_10_5' <Predicate = (!icmp_ln59)> <Delay = 4.34> <CoreInst = "FAddSub_fulldsp">   --->   Core 18 'FAddSub_fulldsp' <Latency = 8> <II = 1> <Delay = 4.34> <FuncUnit> <Opcode : 'fadd' 'fsub'> <InPorts = 2> <OutPorts = 1>

State 58 <SV = 57> <Delay = 4.34>
ST_58 : Operation 648 [6/9] (4.34ns)   --->   "%accumulator_assign_10_5 = fadd i32 %accumulator_assign_10_4, i32 %mul_i5_i2_5" [D:/lenet_project/handoff/LeNet_DSE_Framework_2022_2/LeNet_DSE_Framework_2022_2/src/lenet_conv.cpp:36]   --->   Operation 648 'fadd' 'accumulator_assign_10_5' <Predicate = (!icmp_ln59)> <Delay = 4.34> <CoreInst = "FAddSub_fulldsp">   --->   Core 18 'FAddSub_fulldsp' <Latency = 8> <II = 1> <Delay = 4.34> <FuncUnit> <Opcode : 'fadd' 'fsub'> <InPorts = 2> <OutPorts = 1>

State 59 <SV = 58> <Delay = 4.34>
ST_59 : Operation 649 [5/9] (4.34ns)   --->   "%accumulator_assign_10_5 = fadd i32 %accumulator_assign_10_4, i32 %mul_i5_i2_5" [D:/lenet_project/handoff/LeNet_DSE_Framework_2022_2/LeNet_DSE_Framework_2022_2/src/lenet_conv.cpp:36]   --->   Operation 649 'fadd' 'accumulator_assign_10_5' <Predicate = (!icmp_ln59)> <Delay = 4.34> <CoreInst = "FAddSub_fulldsp">   --->   Core 18 'FAddSub_fulldsp' <Latency = 8> <II = 1> <Delay = 4.34> <FuncUnit> <Opcode : 'fadd' 'fsub'> <InPorts = 2> <OutPorts = 1>

State 60 <SV = 59> <Delay = 4.34>
ST_60 : Operation 650 [4/9] (4.34ns)   --->   "%accumulator_assign_10_5 = fadd i32 %accumulator_assign_10_4, i32 %mul_i5_i2_5" [D:/lenet_project/handoff/LeNet_DSE_Framework_2022_2/LeNet_DSE_Framework_2022_2/src/lenet_conv.cpp:36]   --->   Operation 650 'fadd' 'accumulator_assign_10_5' <Predicate = (!icmp_ln59)> <Delay = 4.34> <CoreInst = "FAddSub_fulldsp">   --->   Core 18 'FAddSub_fulldsp' <Latency = 8> <II = 1> <Delay = 4.34> <FuncUnit> <Opcode : 'fadd' 'fsub'> <InPorts = 2> <OutPorts = 1>

State 61 <SV = 60> <Delay = 4.34>
ST_61 : Operation 651 [3/9] (4.34ns)   --->   "%accumulator_assign_10_5 = fadd i32 %accumulator_assign_10_4, i32 %mul_i5_i2_5" [D:/lenet_project/handoff/LeNet_DSE_Framework_2022_2/LeNet_DSE_Framework_2022_2/src/lenet_conv.cpp:36]   --->   Operation 651 'fadd' 'accumulator_assign_10_5' <Predicate = (!icmp_ln59)> <Delay = 4.34> <CoreInst = "FAddSub_fulldsp">   --->   Core 18 'FAddSub_fulldsp' <Latency = 8> <II = 1> <Delay = 4.34> <FuncUnit> <Opcode : 'fadd' 'fsub'> <InPorts = 2> <OutPorts = 1>

State 62 <SV = 61> <Delay = 4.34>
ST_62 : Operation 652 [2/9] (4.34ns)   --->   "%accumulator_assign_10_5 = fadd i32 %accumulator_assign_10_4, i32 %mul_i5_i2_5" [D:/lenet_project/handoff/LeNet_DSE_Framework_2022_2/LeNet_DSE_Framework_2022_2/src/lenet_conv.cpp:36]   --->   Operation 652 'fadd' 'accumulator_assign_10_5' <Predicate = (!icmp_ln59)> <Delay = 4.34> <CoreInst = "FAddSub_fulldsp">   --->   Core 18 'FAddSub_fulldsp' <Latency = 8> <II = 1> <Delay = 4.34> <FuncUnit> <Opcode : 'fadd' 'fsub'> <InPorts = 2> <OutPorts = 1>

State 63 <SV = 62> <Delay = 4.34>
ST_63 : Operation 653 [1/9] (4.34ns)   --->   "%accumulator_assign_10_5 = fadd i32 %accumulator_assign_10_4, i32 %mul_i5_i2_5" [D:/lenet_project/handoff/LeNet_DSE_Framework_2022_2/LeNet_DSE_Framework_2022_2/src/lenet_conv.cpp:36]   --->   Operation 653 'fadd' 'accumulator_assign_10_5' <Predicate = (!icmp_ln59)> <Delay = 4.34> <CoreInst = "FAddSub_fulldsp">   --->   Core 18 'FAddSub_fulldsp' <Latency = 8> <II = 1> <Delay = 4.34> <FuncUnit> <Opcode : 'fadd' 'fsub'> <InPorts = 2> <OutPorts = 1>

State 64 <SV = 63> <Delay = 4.34>
ST_64 : Operation 654 [9/9] (4.34ns)   --->   "%accumulator_assign_10_6 = fadd i32 %accumulator_assign_10_5, i32 %mul_i5_i2_6" [D:/lenet_project/handoff/LeNet_DSE_Framework_2022_2/LeNet_DSE_Framework_2022_2/src/lenet_conv.cpp:36]   --->   Operation 654 'fadd' 'accumulator_assign_10_6' <Predicate = (!icmp_ln59)> <Delay = 4.34> <CoreInst = "FAddSub_fulldsp">   --->   Core 18 'FAddSub_fulldsp' <Latency = 8> <II = 1> <Delay = 4.34> <FuncUnit> <Opcode : 'fadd' 'fsub'> <InPorts = 2> <OutPorts = 1>

State 65 <SV = 64> <Delay = 4.34>
ST_65 : Operation 655 [8/9] (4.34ns)   --->   "%accumulator_assign_10_6 = fadd i32 %accumulator_assign_10_5, i32 %mul_i5_i2_6" [D:/lenet_project/handoff/LeNet_DSE_Framework_2022_2/LeNet_DSE_Framework_2022_2/src/lenet_conv.cpp:36]   --->   Operation 655 'fadd' 'accumulator_assign_10_6' <Predicate = (!icmp_ln59)> <Delay = 4.34> <CoreInst = "FAddSub_fulldsp">   --->   Core 18 'FAddSub_fulldsp' <Latency = 8> <II = 1> <Delay = 4.34> <FuncUnit> <Opcode : 'fadd' 'fsub'> <InPorts = 2> <OutPorts = 1>

State 66 <SV = 65> <Delay = 4.34>
ST_66 : Operation 656 [7/9] (4.34ns)   --->   "%accumulator_assign_10_6 = fadd i32 %accumulator_assign_10_5, i32 %mul_i5_i2_6" [D:/lenet_project/handoff/LeNet_DSE_Framework_2022_2/LeNet_DSE_Framework_2022_2/src/lenet_conv.cpp:36]   --->   Operation 656 'fadd' 'accumulator_assign_10_6' <Predicate = (!icmp_ln59)> <Delay = 4.34> <CoreInst = "FAddSub_fulldsp">   --->   Core 18 'FAddSub_fulldsp' <Latency = 8> <II = 1> <Delay = 4.34> <FuncUnit> <Opcode : 'fadd' 'fsub'> <InPorts = 2> <OutPorts = 1>

State 67 <SV = 66> <Delay = 4.34>
ST_67 : Operation 657 [6/9] (4.34ns)   --->   "%accumulator_assign_10_6 = fadd i32 %accumulator_assign_10_5, i32 %mul_i5_i2_6" [D:/lenet_project/handoff/LeNet_DSE_Framework_2022_2/LeNet_DSE_Framework_2022_2/src/lenet_conv.cpp:36]   --->   Operation 657 'fadd' 'accumulator_assign_10_6' <Predicate = (!icmp_ln59)> <Delay = 4.34> <CoreInst = "FAddSub_fulldsp">   --->   Core 18 'FAddSub_fulldsp' <Latency = 8> <II = 1> <Delay = 4.34> <FuncUnit> <Opcode : 'fadd' 'fsub'> <InPorts = 2> <OutPorts = 1>

State 68 <SV = 67> <Delay = 4.34>
ST_68 : Operation 658 [5/9] (4.34ns)   --->   "%accumulator_assign_10_6 = fadd i32 %accumulator_assign_10_5, i32 %mul_i5_i2_6" [D:/lenet_project/handoff/LeNet_DSE_Framework_2022_2/LeNet_DSE_Framework_2022_2/src/lenet_conv.cpp:36]   --->   Operation 658 'fadd' 'accumulator_assign_10_6' <Predicate = (!icmp_ln59)> <Delay = 4.34> <CoreInst = "FAddSub_fulldsp">   --->   Core 18 'FAddSub_fulldsp' <Latency = 8> <II = 1> <Delay = 4.34> <FuncUnit> <Opcode : 'fadd' 'fsub'> <InPorts = 2> <OutPorts = 1>

State 69 <SV = 68> <Delay = 4.34>
ST_69 : Operation 659 [4/9] (4.34ns)   --->   "%accumulator_assign_10_6 = fadd i32 %accumulator_assign_10_5, i32 %mul_i5_i2_6" [D:/lenet_project/handoff/LeNet_DSE_Framework_2022_2/LeNet_DSE_Framework_2022_2/src/lenet_conv.cpp:36]   --->   Operation 659 'fadd' 'accumulator_assign_10_6' <Predicate = (!icmp_ln59)> <Delay = 4.34> <CoreInst = "FAddSub_fulldsp">   --->   Core 18 'FAddSub_fulldsp' <Latency = 8> <II = 1> <Delay = 4.34> <FuncUnit> <Opcode : 'fadd' 'fsub'> <InPorts = 2> <OutPorts = 1>

State 70 <SV = 69> <Delay = 4.34>
ST_70 : Operation 660 [3/9] (4.34ns)   --->   "%accumulator_assign_10_6 = fadd i32 %accumulator_assign_10_5, i32 %mul_i5_i2_6" [D:/lenet_project/handoff/LeNet_DSE_Framework_2022_2/LeNet_DSE_Framework_2022_2/src/lenet_conv.cpp:36]   --->   Operation 660 'fadd' 'accumulator_assign_10_6' <Predicate = (!icmp_ln59)> <Delay = 4.34> <CoreInst = "FAddSub_fulldsp">   --->   Core 18 'FAddSub_fulldsp' <Latency = 8> <II = 1> <Delay = 4.34> <FuncUnit> <Opcode : 'fadd' 'fsub'> <InPorts = 2> <OutPorts = 1>

State 71 <SV = 70> <Delay = 4.34>
ST_71 : Operation 661 [2/9] (4.34ns)   --->   "%accumulator_assign_10_6 = fadd i32 %accumulator_assign_10_5, i32 %mul_i5_i2_6" [D:/lenet_project/handoff/LeNet_DSE_Framework_2022_2/LeNet_DSE_Framework_2022_2/src/lenet_conv.cpp:36]   --->   Operation 661 'fadd' 'accumulator_assign_10_6' <Predicate = (!icmp_ln59)> <Delay = 4.34> <CoreInst = "FAddSub_fulldsp">   --->   Core 18 'FAddSub_fulldsp' <Latency = 8> <II = 1> <Delay = 4.34> <FuncUnit> <Opcode : 'fadd' 'fsub'> <InPorts = 2> <OutPorts = 1>

State 72 <SV = 71> <Delay = 4.34>
ST_72 : Operation 662 [1/9] (4.34ns)   --->   "%accumulator_assign_10_6 = fadd i32 %accumulator_assign_10_5, i32 %mul_i5_i2_6" [D:/lenet_project/handoff/LeNet_DSE_Framework_2022_2/LeNet_DSE_Framework_2022_2/src/lenet_conv.cpp:36]   --->   Operation 662 'fadd' 'accumulator_assign_10_6' <Predicate = (!icmp_ln59)> <Delay = 4.34> <CoreInst = "FAddSub_fulldsp">   --->   Core 18 'FAddSub_fulldsp' <Latency = 8> <II = 1> <Delay = 4.34> <FuncUnit> <Opcode : 'fadd' 'fsub'> <InPorts = 2> <OutPorts = 1>

State 73 <SV = 72> <Delay = 4.34>
ST_73 : Operation 663 [9/9] (4.34ns)   --->   "%accumulator_assign_10_7 = fadd i32 %accumulator_assign_10_6, i32 %mul_i5_i2_7" [D:/lenet_project/handoff/LeNet_DSE_Framework_2022_2/LeNet_DSE_Framework_2022_2/src/lenet_conv.cpp:36]   --->   Operation 663 'fadd' 'accumulator_assign_10_7' <Predicate = (!icmp_ln59)> <Delay = 4.34> <CoreInst = "FAddSub_fulldsp">   --->   Core 18 'FAddSub_fulldsp' <Latency = 8> <II = 1> <Delay = 4.34> <FuncUnit> <Opcode : 'fadd' 'fsub'> <InPorts = 2> <OutPorts = 1>

State 74 <SV = 73> <Delay = 4.34>
ST_74 : Operation 664 [8/9] (4.34ns)   --->   "%accumulator_assign_10_7 = fadd i32 %accumulator_assign_10_6, i32 %mul_i5_i2_7" [D:/lenet_project/handoff/LeNet_DSE_Framework_2022_2/LeNet_DSE_Framework_2022_2/src/lenet_conv.cpp:36]   --->   Operation 664 'fadd' 'accumulator_assign_10_7' <Predicate = (!icmp_ln59)> <Delay = 4.34> <CoreInst = "FAddSub_fulldsp">   --->   Core 18 'FAddSub_fulldsp' <Latency = 8> <II = 1> <Delay = 4.34> <FuncUnit> <Opcode : 'fadd' 'fsub'> <InPorts = 2> <OutPorts = 1>

State 75 <SV = 74> <Delay = 4.34>
ST_75 : Operation 665 [7/9] (4.34ns)   --->   "%accumulator_assign_10_7 = fadd i32 %accumulator_assign_10_6, i32 %mul_i5_i2_7" [D:/lenet_project/handoff/LeNet_DSE_Framework_2022_2/LeNet_DSE_Framework_2022_2/src/lenet_conv.cpp:36]   --->   Operation 665 'fadd' 'accumulator_assign_10_7' <Predicate = (!icmp_ln59)> <Delay = 4.34> <CoreInst = "FAddSub_fulldsp">   --->   Core 18 'FAddSub_fulldsp' <Latency = 8> <II = 1> <Delay = 4.34> <FuncUnit> <Opcode : 'fadd' 'fsub'> <InPorts = 2> <OutPorts = 1>

State 76 <SV = 75> <Delay = 4.34>
ST_76 : Operation 666 [6/9] (4.34ns)   --->   "%accumulator_assign_10_7 = fadd i32 %accumulator_assign_10_6, i32 %mul_i5_i2_7" [D:/lenet_project/handoff/LeNet_DSE_Framework_2022_2/LeNet_DSE_Framework_2022_2/src/lenet_conv.cpp:36]   --->   Operation 666 'fadd' 'accumulator_assign_10_7' <Predicate = (!icmp_ln59)> <Delay = 4.34> <CoreInst = "FAddSub_fulldsp">   --->   Core 18 'FAddSub_fulldsp' <Latency = 8> <II = 1> <Delay = 4.34> <FuncUnit> <Opcode : 'fadd' 'fsub'> <InPorts = 2> <OutPorts = 1>

State 77 <SV = 76> <Delay = 4.34>
ST_77 : Operation 667 [5/9] (4.34ns)   --->   "%accumulator_assign_10_7 = fadd i32 %accumulator_assign_10_6, i32 %mul_i5_i2_7" [D:/lenet_project/handoff/LeNet_DSE_Framework_2022_2/LeNet_DSE_Framework_2022_2/src/lenet_conv.cpp:36]   --->   Operation 667 'fadd' 'accumulator_assign_10_7' <Predicate = (!icmp_ln59)> <Delay = 4.34> <CoreInst = "FAddSub_fulldsp">   --->   Core 18 'FAddSub_fulldsp' <Latency = 8> <II = 1> <Delay = 4.34> <FuncUnit> <Opcode : 'fadd' 'fsub'> <InPorts = 2> <OutPorts = 1>

State 78 <SV = 77> <Delay = 4.34>
ST_78 : Operation 668 [4/9] (4.34ns)   --->   "%accumulator_assign_10_7 = fadd i32 %accumulator_assign_10_6, i32 %mul_i5_i2_7" [D:/lenet_project/handoff/LeNet_DSE_Framework_2022_2/LeNet_DSE_Framework_2022_2/src/lenet_conv.cpp:36]   --->   Operation 668 'fadd' 'accumulator_assign_10_7' <Predicate = (!icmp_ln59)> <Delay = 4.34> <CoreInst = "FAddSub_fulldsp">   --->   Core 18 'FAddSub_fulldsp' <Latency = 8> <II = 1> <Delay = 4.34> <FuncUnit> <Opcode : 'fadd' 'fsub'> <InPorts = 2> <OutPorts = 1>

State 79 <SV = 78> <Delay = 4.34>
ST_79 : Operation 669 [3/9] (4.34ns)   --->   "%accumulator_assign_10_7 = fadd i32 %accumulator_assign_10_6, i32 %mul_i5_i2_7" [D:/lenet_project/handoff/LeNet_DSE_Framework_2022_2/LeNet_DSE_Framework_2022_2/src/lenet_conv.cpp:36]   --->   Operation 669 'fadd' 'accumulator_assign_10_7' <Predicate = (!icmp_ln59)> <Delay = 4.34> <CoreInst = "FAddSub_fulldsp">   --->   Core 18 'FAddSub_fulldsp' <Latency = 8> <II = 1> <Delay = 4.34> <FuncUnit> <Opcode : 'fadd' 'fsub'> <InPorts = 2> <OutPorts = 1>

State 80 <SV = 79> <Delay = 4.34>
ST_80 : Operation 670 [2/9] (4.34ns)   --->   "%accumulator_assign_10_7 = fadd i32 %accumulator_assign_10_6, i32 %mul_i5_i2_7" [D:/lenet_project/handoff/LeNet_DSE_Framework_2022_2/LeNet_DSE_Framework_2022_2/src/lenet_conv.cpp:36]   --->   Operation 670 'fadd' 'accumulator_assign_10_7' <Predicate = (!icmp_ln59)> <Delay = 4.34> <CoreInst = "FAddSub_fulldsp">   --->   Core 18 'FAddSub_fulldsp' <Latency = 8> <II = 1> <Delay = 4.34> <FuncUnit> <Opcode : 'fadd' 'fsub'> <InPorts = 2> <OutPorts = 1>

State 81 <SV = 80> <Delay = 4.34>
ST_81 : Operation 671 [1/9] (4.34ns)   --->   "%accumulator_assign_10_7 = fadd i32 %accumulator_assign_10_6, i32 %mul_i5_i2_7" [D:/lenet_project/handoff/LeNet_DSE_Framework_2022_2/LeNet_DSE_Framework_2022_2/src/lenet_conv.cpp:36]   --->   Operation 671 'fadd' 'accumulator_assign_10_7' <Predicate = (!icmp_ln59)> <Delay = 4.34> <CoreInst = "FAddSub_fulldsp">   --->   Core 18 'FAddSub_fulldsp' <Latency = 8> <II = 1> <Delay = 4.34> <FuncUnit> <Opcode : 'fadd' 'fsub'> <InPorts = 2> <OutPorts = 1>

State 82 <SV = 81> <Delay = 4.34>
ST_82 : Operation 672 [9/9] (4.34ns)   --->   "%accumulator_assign_10_8 = fadd i32 %accumulator_assign_10_7, i32 %mul_i5_i2_8" [D:/lenet_project/handoff/LeNet_DSE_Framework_2022_2/LeNet_DSE_Framework_2022_2/src/lenet_conv.cpp:36]   --->   Operation 672 'fadd' 'accumulator_assign_10_8' <Predicate = (!icmp_ln59)> <Delay = 4.34> <CoreInst = "FAddSub_fulldsp">   --->   Core 18 'FAddSub_fulldsp' <Latency = 8> <II = 1> <Delay = 4.34> <FuncUnit> <Opcode : 'fadd' 'fsub'> <InPorts = 2> <OutPorts = 1>

State 83 <SV = 82> <Delay = 4.34>
ST_83 : Operation 673 [8/9] (4.34ns)   --->   "%accumulator_assign_10_8 = fadd i32 %accumulator_assign_10_7, i32 %mul_i5_i2_8" [D:/lenet_project/handoff/LeNet_DSE_Framework_2022_2/LeNet_DSE_Framework_2022_2/src/lenet_conv.cpp:36]   --->   Operation 673 'fadd' 'accumulator_assign_10_8' <Predicate = (!icmp_ln59)> <Delay = 4.34> <CoreInst = "FAddSub_fulldsp">   --->   Core 18 'FAddSub_fulldsp' <Latency = 8> <II = 1> <Delay = 4.34> <FuncUnit> <Opcode : 'fadd' 'fsub'> <InPorts = 2> <OutPorts = 1>

State 84 <SV = 83> <Delay = 4.34>
ST_84 : Operation 674 [7/9] (4.34ns)   --->   "%accumulator_assign_10_8 = fadd i32 %accumulator_assign_10_7, i32 %mul_i5_i2_8" [D:/lenet_project/handoff/LeNet_DSE_Framework_2022_2/LeNet_DSE_Framework_2022_2/src/lenet_conv.cpp:36]   --->   Operation 674 'fadd' 'accumulator_assign_10_8' <Predicate = (!icmp_ln59)> <Delay = 4.34> <CoreInst = "FAddSub_fulldsp">   --->   Core 18 'FAddSub_fulldsp' <Latency = 8> <II = 1> <Delay = 4.34> <FuncUnit> <Opcode : 'fadd' 'fsub'> <InPorts = 2> <OutPorts = 1>

State 85 <SV = 84> <Delay = 4.34>
ST_85 : Operation 675 [6/9] (4.34ns)   --->   "%accumulator_assign_10_8 = fadd i32 %accumulator_assign_10_7, i32 %mul_i5_i2_8" [D:/lenet_project/handoff/LeNet_DSE_Framework_2022_2/LeNet_DSE_Framework_2022_2/src/lenet_conv.cpp:36]   --->   Operation 675 'fadd' 'accumulator_assign_10_8' <Predicate = (!icmp_ln59)> <Delay = 4.34> <CoreInst = "FAddSub_fulldsp">   --->   Core 18 'FAddSub_fulldsp' <Latency = 8> <II = 1> <Delay = 4.34> <FuncUnit> <Opcode : 'fadd' 'fsub'> <InPorts = 2> <OutPorts = 1>

State 86 <SV = 85> <Delay = 4.34>
ST_86 : Operation 676 [5/9] (4.34ns)   --->   "%accumulator_assign_10_8 = fadd i32 %accumulator_assign_10_7, i32 %mul_i5_i2_8" [D:/lenet_project/handoff/LeNet_DSE_Framework_2022_2/LeNet_DSE_Framework_2022_2/src/lenet_conv.cpp:36]   --->   Operation 676 'fadd' 'accumulator_assign_10_8' <Predicate = (!icmp_ln59)> <Delay = 4.34> <CoreInst = "FAddSub_fulldsp">   --->   Core 18 'FAddSub_fulldsp' <Latency = 8> <II = 1> <Delay = 4.34> <FuncUnit> <Opcode : 'fadd' 'fsub'> <InPorts = 2> <OutPorts = 1>

State 87 <SV = 86> <Delay = 4.34>
ST_87 : Operation 677 [4/9] (4.34ns)   --->   "%accumulator_assign_10_8 = fadd i32 %accumulator_assign_10_7, i32 %mul_i5_i2_8" [D:/lenet_project/handoff/LeNet_DSE_Framework_2022_2/LeNet_DSE_Framework_2022_2/src/lenet_conv.cpp:36]   --->   Operation 677 'fadd' 'accumulator_assign_10_8' <Predicate = (!icmp_ln59)> <Delay = 4.34> <CoreInst = "FAddSub_fulldsp">   --->   Core 18 'FAddSub_fulldsp' <Latency = 8> <II = 1> <Delay = 4.34> <FuncUnit> <Opcode : 'fadd' 'fsub'> <InPorts = 2> <OutPorts = 1>

State 88 <SV = 87> <Delay = 4.34>
ST_88 : Operation 678 [3/9] (4.34ns)   --->   "%accumulator_assign_10_8 = fadd i32 %accumulator_assign_10_7, i32 %mul_i5_i2_8" [D:/lenet_project/handoff/LeNet_DSE_Framework_2022_2/LeNet_DSE_Framework_2022_2/src/lenet_conv.cpp:36]   --->   Operation 678 'fadd' 'accumulator_assign_10_8' <Predicate = (!icmp_ln59)> <Delay = 4.34> <CoreInst = "FAddSub_fulldsp">   --->   Core 18 'FAddSub_fulldsp' <Latency = 8> <II = 1> <Delay = 4.34> <FuncUnit> <Opcode : 'fadd' 'fsub'> <InPorts = 2> <OutPorts = 1>

State 89 <SV = 88> <Delay = 4.34>
ST_89 : Operation 679 [2/9] (4.34ns)   --->   "%accumulator_assign_10_8 = fadd i32 %accumulator_assign_10_7, i32 %mul_i5_i2_8" [D:/lenet_project/handoff/LeNet_DSE_Framework_2022_2/LeNet_DSE_Framework_2022_2/src/lenet_conv.cpp:36]   --->   Operation 679 'fadd' 'accumulator_assign_10_8' <Predicate = (!icmp_ln59)> <Delay = 4.34> <CoreInst = "FAddSub_fulldsp">   --->   Core 18 'FAddSub_fulldsp' <Latency = 8> <II = 1> <Delay = 4.34> <FuncUnit> <Opcode : 'fadd' 'fsub'> <InPorts = 2> <OutPorts = 1>

State 90 <SV = 89> <Delay = 4.34>
ST_90 : Operation 680 [1/9] (4.34ns)   --->   "%accumulator_assign_10_8 = fadd i32 %accumulator_assign_10_7, i32 %mul_i5_i2_8" [D:/lenet_project/handoff/LeNet_DSE_Framework_2022_2/LeNet_DSE_Framework_2022_2/src/lenet_conv.cpp:36]   --->   Operation 680 'fadd' 'accumulator_assign_10_8' <Predicate = (!icmp_ln59)> <Delay = 4.34> <CoreInst = "FAddSub_fulldsp">   --->   Core 18 'FAddSub_fulldsp' <Latency = 8> <II = 1> <Delay = 4.34> <FuncUnit> <Opcode : 'fadd' 'fsub'> <InPorts = 2> <OutPorts = 1>

State 91 <SV = 90> <Delay = 4.34>
ST_91 : Operation 681 [9/9] (4.34ns)   --->   "%accumulator_assign_10_9 = fadd i32 %accumulator_assign_10_8, i32 %mul_i5_i2_9" [D:/lenet_project/handoff/LeNet_DSE_Framework_2022_2/LeNet_DSE_Framework_2022_2/src/lenet_conv.cpp:36]   --->   Operation 681 'fadd' 'accumulator_assign_10_9' <Predicate = (!icmp_ln59)> <Delay = 4.34> <CoreInst = "FAddSub_fulldsp">   --->   Core 18 'FAddSub_fulldsp' <Latency = 8> <II = 1> <Delay = 4.34> <FuncUnit> <Opcode : 'fadd' 'fsub'> <InPorts = 2> <OutPorts = 1>

State 92 <SV = 91> <Delay = 4.34>
ST_92 : Operation 682 [8/9] (4.34ns)   --->   "%accumulator_assign_10_9 = fadd i32 %accumulator_assign_10_8, i32 %mul_i5_i2_9" [D:/lenet_project/handoff/LeNet_DSE_Framework_2022_2/LeNet_DSE_Framework_2022_2/src/lenet_conv.cpp:36]   --->   Operation 682 'fadd' 'accumulator_assign_10_9' <Predicate = (!icmp_ln59)> <Delay = 4.34> <CoreInst = "FAddSub_fulldsp">   --->   Core 18 'FAddSub_fulldsp' <Latency = 8> <II = 1> <Delay = 4.34> <FuncUnit> <Opcode : 'fadd' 'fsub'> <InPorts = 2> <OutPorts = 1>

State 93 <SV = 92> <Delay = 4.34>
ST_93 : Operation 683 [7/9] (4.34ns)   --->   "%accumulator_assign_10_9 = fadd i32 %accumulator_assign_10_8, i32 %mul_i5_i2_9" [D:/lenet_project/handoff/LeNet_DSE_Framework_2022_2/LeNet_DSE_Framework_2022_2/src/lenet_conv.cpp:36]   --->   Operation 683 'fadd' 'accumulator_assign_10_9' <Predicate = (!icmp_ln59)> <Delay = 4.34> <CoreInst = "FAddSub_fulldsp">   --->   Core 18 'FAddSub_fulldsp' <Latency = 8> <II = 1> <Delay = 4.34> <FuncUnit> <Opcode : 'fadd' 'fsub'> <InPorts = 2> <OutPorts = 1>

State 94 <SV = 93> <Delay = 4.34>
ST_94 : Operation 684 [6/9] (4.34ns)   --->   "%accumulator_assign_10_9 = fadd i32 %accumulator_assign_10_8, i32 %mul_i5_i2_9" [D:/lenet_project/handoff/LeNet_DSE_Framework_2022_2/LeNet_DSE_Framework_2022_2/src/lenet_conv.cpp:36]   --->   Operation 684 'fadd' 'accumulator_assign_10_9' <Predicate = (!icmp_ln59)> <Delay = 4.34> <CoreInst = "FAddSub_fulldsp">   --->   Core 18 'FAddSub_fulldsp' <Latency = 8> <II = 1> <Delay = 4.34> <FuncUnit> <Opcode : 'fadd' 'fsub'> <InPorts = 2> <OutPorts = 1>

State 95 <SV = 94> <Delay = 4.34>
ST_95 : Operation 685 [5/9] (4.34ns)   --->   "%accumulator_assign_10_9 = fadd i32 %accumulator_assign_10_8, i32 %mul_i5_i2_9" [D:/lenet_project/handoff/LeNet_DSE_Framework_2022_2/LeNet_DSE_Framework_2022_2/src/lenet_conv.cpp:36]   --->   Operation 685 'fadd' 'accumulator_assign_10_9' <Predicate = (!icmp_ln59)> <Delay = 4.34> <CoreInst = "FAddSub_fulldsp">   --->   Core 18 'FAddSub_fulldsp' <Latency = 8> <II = 1> <Delay = 4.34> <FuncUnit> <Opcode : 'fadd' 'fsub'> <InPorts = 2> <OutPorts = 1>

State 96 <SV = 95> <Delay = 4.34>
ST_96 : Operation 686 [4/9] (4.34ns)   --->   "%accumulator_assign_10_9 = fadd i32 %accumulator_assign_10_8, i32 %mul_i5_i2_9" [D:/lenet_project/handoff/LeNet_DSE_Framework_2022_2/LeNet_DSE_Framework_2022_2/src/lenet_conv.cpp:36]   --->   Operation 686 'fadd' 'accumulator_assign_10_9' <Predicate = (!icmp_ln59)> <Delay = 4.34> <CoreInst = "FAddSub_fulldsp">   --->   Core 18 'FAddSub_fulldsp' <Latency = 8> <II = 1> <Delay = 4.34> <FuncUnit> <Opcode : 'fadd' 'fsub'> <InPorts = 2> <OutPorts = 1>

State 97 <SV = 96> <Delay = 4.34>
ST_97 : Operation 687 [3/9] (4.34ns)   --->   "%accumulator_assign_10_9 = fadd i32 %accumulator_assign_10_8, i32 %mul_i5_i2_9" [D:/lenet_project/handoff/LeNet_DSE_Framework_2022_2/LeNet_DSE_Framework_2022_2/src/lenet_conv.cpp:36]   --->   Operation 687 'fadd' 'accumulator_assign_10_9' <Predicate = (!icmp_ln59)> <Delay = 4.34> <CoreInst = "FAddSub_fulldsp">   --->   Core 18 'FAddSub_fulldsp' <Latency = 8> <II = 1> <Delay = 4.34> <FuncUnit> <Opcode : 'fadd' 'fsub'> <InPorts = 2> <OutPorts = 1>

State 98 <SV = 97> <Delay = 4.34>
ST_98 : Operation 688 [2/9] (4.34ns)   --->   "%accumulator_assign_10_9 = fadd i32 %accumulator_assign_10_8, i32 %mul_i5_i2_9" [D:/lenet_project/handoff/LeNet_DSE_Framework_2022_2/LeNet_DSE_Framework_2022_2/src/lenet_conv.cpp:36]   --->   Operation 688 'fadd' 'accumulator_assign_10_9' <Predicate = (!icmp_ln59)> <Delay = 4.34> <CoreInst = "FAddSub_fulldsp">   --->   Core 18 'FAddSub_fulldsp' <Latency = 8> <II = 1> <Delay = 4.34> <FuncUnit> <Opcode : 'fadd' 'fsub'> <InPorts = 2> <OutPorts = 1>

State 99 <SV = 98> <Delay = 4.34>
ST_99 : Operation 689 [1/9] (4.34ns)   --->   "%accumulator_assign_10_9 = fadd i32 %accumulator_assign_10_8, i32 %mul_i5_i2_9" [D:/lenet_project/handoff/LeNet_DSE_Framework_2022_2/LeNet_DSE_Framework_2022_2/src/lenet_conv.cpp:36]   --->   Operation 689 'fadd' 'accumulator_assign_10_9' <Predicate = (!icmp_ln59)> <Delay = 4.34> <CoreInst = "FAddSub_fulldsp">   --->   Core 18 'FAddSub_fulldsp' <Latency = 8> <II = 1> <Delay = 4.34> <FuncUnit> <Opcode : 'fadd' 'fsub'> <InPorts = 2> <OutPorts = 1>

State 100 <SV = 99> <Delay = 4.34>
ST_100 : Operation 690 [9/9] (4.34ns)   --->   "%accumulator_assign_10_s = fadd i32 %accumulator_assign_10_9, i32 %mul_i5_i2_s" [D:/lenet_project/handoff/LeNet_DSE_Framework_2022_2/LeNet_DSE_Framework_2022_2/src/lenet_conv.cpp:36]   --->   Operation 690 'fadd' 'accumulator_assign_10_s' <Predicate = (!icmp_ln59)> <Delay = 4.34> <CoreInst = "FAddSub_fulldsp">   --->   Core 18 'FAddSub_fulldsp' <Latency = 8> <II = 1> <Delay = 4.34> <FuncUnit> <Opcode : 'fadd' 'fsub'> <InPorts = 2> <OutPorts = 1>

State 101 <SV = 100> <Delay = 4.34>
ST_101 : Operation 691 [8/9] (4.34ns)   --->   "%accumulator_assign_10_s = fadd i32 %accumulator_assign_10_9, i32 %mul_i5_i2_s" [D:/lenet_project/handoff/LeNet_DSE_Framework_2022_2/LeNet_DSE_Framework_2022_2/src/lenet_conv.cpp:36]   --->   Operation 691 'fadd' 'accumulator_assign_10_s' <Predicate = (!icmp_ln59)> <Delay = 4.34> <CoreInst = "FAddSub_fulldsp">   --->   Core 18 'FAddSub_fulldsp' <Latency = 8> <II = 1> <Delay = 4.34> <FuncUnit> <Opcode : 'fadd' 'fsub'> <InPorts = 2> <OutPorts = 1>

State 102 <SV = 101> <Delay = 4.34>
ST_102 : Operation 692 [7/9] (4.34ns)   --->   "%accumulator_assign_10_s = fadd i32 %accumulator_assign_10_9, i32 %mul_i5_i2_s" [D:/lenet_project/handoff/LeNet_DSE_Framework_2022_2/LeNet_DSE_Framework_2022_2/src/lenet_conv.cpp:36]   --->   Operation 692 'fadd' 'accumulator_assign_10_s' <Predicate = (!icmp_ln59)> <Delay = 4.34> <CoreInst = "FAddSub_fulldsp">   --->   Core 18 'FAddSub_fulldsp' <Latency = 8> <II = 1> <Delay = 4.34> <FuncUnit> <Opcode : 'fadd' 'fsub'> <InPorts = 2> <OutPorts = 1>

State 103 <SV = 102> <Delay = 4.34>
ST_103 : Operation 693 [6/9] (4.34ns)   --->   "%accumulator_assign_10_s = fadd i32 %accumulator_assign_10_9, i32 %mul_i5_i2_s" [D:/lenet_project/handoff/LeNet_DSE_Framework_2022_2/LeNet_DSE_Framework_2022_2/src/lenet_conv.cpp:36]   --->   Operation 693 'fadd' 'accumulator_assign_10_s' <Predicate = (!icmp_ln59)> <Delay = 4.34> <CoreInst = "FAddSub_fulldsp">   --->   Core 18 'FAddSub_fulldsp' <Latency = 8> <II = 1> <Delay = 4.34> <FuncUnit> <Opcode : 'fadd' 'fsub'> <InPorts = 2> <OutPorts = 1>

State 104 <SV = 103> <Delay = 4.34>
ST_104 : Operation 694 [5/9] (4.34ns)   --->   "%accumulator_assign_10_s = fadd i32 %accumulator_assign_10_9, i32 %mul_i5_i2_s" [D:/lenet_project/handoff/LeNet_DSE_Framework_2022_2/LeNet_DSE_Framework_2022_2/src/lenet_conv.cpp:36]   --->   Operation 694 'fadd' 'accumulator_assign_10_s' <Predicate = (!icmp_ln59)> <Delay = 4.34> <CoreInst = "FAddSub_fulldsp">   --->   Core 18 'FAddSub_fulldsp' <Latency = 8> <II = 1> <Delay = 4.34> <FuncUnit> <Opcode : 'fadd' 'fsub'> <InPorts = 2> <OutPorts = 1>

State 105 <SV = 104> <Delay = 4.34>
ST_105 : Operation 695 [4/9] (4.34ns)   --->   "%accumulator_assign_10_s = fadd i32 %accumulator_assign_10_9, i32 %mul_i5_i2_s" [D:/lenet_project/handoff/LeNet_DSE_Framework_2022_2/LeNet_DSE_Framework_2022_2/src/lenet_conv.cpp:36]   --->   Operation 695 'fadd' 'accumulator_assign_10_s' <Predicate = (!icmp_ln59)> <Delay = 4.34> <CoreInst = "FAddSub_fulldsp">   --->   Core 18 'FAddSub_fulldsp' <Latency = 8> <II = 1> <Delay = 4.34> <FuncUnit> <Opcode : 'fadd' 'fsub'> <InPorts = 2> <OutPorts = 1>

State 106 <SV = 105> <Delay = 4.34>
ST_106 : Operation 696 [3/9] (4.34ns)   --->   "%accumulator_assign_10_s = fadd i32 %accumulator_assign_10_9, i32 %mul_i5_i2_s" [D:/lenet_project/handoff/LeNet_DSE_Framework_2022_2/LeNet_DSE_Framework_2022_2/src/lenet_conv.cpp:36]   --->   Operation 696 'fadd' 'accumulator_assign_10_s' <Predicate = (!icmp_ln59)> <Delay = 4.34> <CoreInst = "FAddSub_fulldsp">   --->   Core 18 'FAddSub_fulldsp' <Latency = 8> <II = 1> <Delay = 4.34> <FuncUnit> <Opcode : 'fadd' 'fsub'> <InPorts = 2> <OutPorts = 1>

State 107 <SV = 106> <Delay = 4.34>
ST_107 : Operation 697 [2/9] (4.34ns)   --->   "%accumulator_assign_10_s = fadd i32 %accumulator_assign_10_9, i32 %mul_i5_i2_s" [D:/lenet_project/handoff/LeNet_DSE_Framework_2022_2/LeNet_DSE_Framework_2022_2/src/lenet_conv.cpp:36]   --->   Operation 697 'fadd' 'accumulator_assign_10_s' <Predicate = (!icmp_ln59)> <Delay = 4.34> <CoreInst = "FAddSub_fulldsp">   --->   Core 18 'FAddSub_fulldsp' <Latency = 8> <II = 1> <Delay = 4.34> <FuncUnit> <Opcode : 'fadd' 'fsub'> <InPorts = 2> <OutPorts = 1>

State 108 <SV = 107> <Delay = 4.34>
ST_108 : Operation 698 [1/9] (4.34ns)   --->   "%accumulator_assign_10_s = fadd i32 %accumulator_assign_10_9, i32 %mul_i5_i2_s" [D:/lenet_project/handoff/LeNet_DSE_Framework_2022_2/LeNet_DSE_Framework_2022_2/src/lenet_conv.cpp:36]   --->   Operation 698 'fadd' 'accumulator_assign_10_s' <Predicate = (!icmp_ln59)> <Delay = 4.34> <CoreInst = "FAddSub_fulldsp">   --->   Core 18 'FAddSub_fulldsp' <Latency = 8> <II = 1> <Delay = 4.34> <FuncUnit> <Opcode : 'fadd' 'fsub'> <InPorts = 2> <OutPorts = 1>

State 109 <SV = 108> <Delay = 4.34>
ST_109 : Operation 699 [9/9] (4.34ns)   --->   "%accumulator_assign_10_10 = fadd i32 %accumulator_assign_10_s, i32 %mul_i5_i2_10" [D:/lenet_project/handoff/LeNet_DSE_Framework_2022_2/LeNet_DSE_Framework_2022_2/src/lenet_conv.cpp:36]   --->   Operation 699 'fadd' 'accumulator_assign_10_10' <Predicate = (!icmp_ln59)> <Delay = 4.34> <CoreInst = "FAddSub_fulldsp">   --->   Core 18 'FAddSub_fulldsp' <Latency = 8> <II = 1> <Delay = 4.34> <FuncUnit> <Opcode : 'fadd' 'fsub'> <InPorts = 2> <OutPorts = 1>

State 110 <SV = 109> <Delay = 4.34>
ST_110 : Operation 700 [8/9] (4.34ns)   --->   "%accumulator_assign_10_10 = fadd i32 %accumulator_assign_10_s, i32 %mul_i5_i2_10" [D:/lenet_project/handoff/LeNet_DSE_Framework_2022_2/LeNet_DSE_Framework_2022_2/src/lenet_conv.cpp:36]   --->   Operation 700 'fadd' 'accumulator_assign_10_10' <Predicate = (!icmp_ln59)> <Delay = 4.34> <CoreInst = "FAddSub_fulldsp">   --->   Core 18 'FAddSub_fulldsp' <Latency = 8> <II = 1> <Delay = 4.34> <FuncUnit> <Opcode : 'fadd' 'fsub'> <InPorts = 2> <OutPorts = 1>

State 111 <SV = 110> <Delay = 4.34>
ST_111 : Operation 701 [7/9] (4.34ns)   --->   "%accumulator_assign_10_10 = fadd i32 %accumulator_assign_10_s, i32 %mul_i5_i2_10" [D:/lenet_project/handoff/LeNet_DSE_Framework_2022_2/LeNet_DSE_Framework_2022_2/src/lenet_conv.cpp:36]   --->   Operation 701 'fadd' 'accumulator_assign_10_10' <Predicate = (!icmp_ln59)> <Delay = 4.34> <CoreInst = "FAddSub_fulldsp">   --->   Core 18 'FAddSub_fulldsp' <Latency = 8> <II = 1> <Delay = 4.34> <FuncUnit> <Opcode : 'fadd' 'fsub'> <InPorts = 2> <OutPorts = 1>

State 112 <SV = 111> <Delay = 4.34>
ST_112 : Operation 702 [6/9] (4.34ns)   --->   "%accumulator_assign_10_10 = fadd i32 %accumulator_assign_10_s, i32 %mul_i5_i2_10" [D:/lenet_project/handoff/LeNet_DSE_Framework_2022_2/LeNet_DSE_Framework_2022_2/src/lenet_conv.cpp:36]   --->   Operation 702 'fadd' 'accumulator_assign_10_10' <Predicate = (!icmp_ln59)> <Delay = 4.34> <CoreInst = "FAddSub_fulldsp">   --->   Core 18 'FAddSub_fulldsp' <Latency = 8> <II = 1> <Delay = 4.34> <FuncUnit> <Opcode : 'fadd' 'fsub'> <InPorts = 2> <OutPorts = 1>

State 113 <SV = 112> <Delay = 4.34>
ST_113 : Operation 703 [5/9] (4.34ns)   --->   "%accumulator_assign_10_10 = fadd i32 %accumulator_assign_10_s, i32 %mul_i5_i2_10" [D:/lenet_project/handoff/LeNet_DSE_Framework_2022_2/LeNet_DSE_Framework_2022_2/src/lenet_conv.cpp:36]   --->   Operation 703 'fadd' 'accumulator_assign_10_10' <Predicate = (!icmp_ln59)> <Delay = 4.34> <CoreInst = "FAddSub_fulldsp">   --->   Core 18 'FAddSub_fulldsp' <Latency = 8> <II = 1> <Delay = 4.34> <FuncUnit> <Opcode : 'fadd' 'fsub'> <InPorts = 2> <OutPorts = 1>

State 114 <SV = 113> <Delay = 4.34>
ST_114 : Operation 704 [4/9] (4.34ns)   --->   "%accumulator_assign_10_10 = fadd i32 %accumulator_assign_10_s, i32 %mul_i5_i2_10" [D:/lenet_project/handoff/LeNet_DSE_Framework_2022_2/LeNet_DSE_Framework_2022_2/src/lenet_conv.cpp:36]   --->   Operation 704 'fadd' 'accumulator_assign_10_10' <Predicate = (!icmp_ln59)> <Delay = 4.34> <CoreInst = "FAddSub_fulldsp">   --->   Core 18 'FAddSub_fulldsp' <Latency = 8> <II = 1> <Delay = 4.34> <FuncUnit> <Opcode : 'fadd' 'fsub'> <InPorts = 2> <OutPorts = 1>

State 115 <SV = 114> <Delay = 4.34>
ST_115 : Operation 705 [3/9] (4.34ns)   --->   "%accumulator_assign_10_10 = fadd i32 %accumulator_assign_10_s, i32 %mul_i5_i2_10" [D:/lenet_project/handoff/LeNet_DSE_Framework_2022_2/LeNet_DSE_Framework_2022_2/src/lenet_conv.cpp:36]   --->   Operation 705 'fadd' 'accumulator_assign_10_10' <Predicate = (!icmp_ln59)> <Delay = 4.34> <CoreInst = "FAddSub_fulldsp">   --->   Core 18 'FAddSub_fulldsp' <Latency = 8> <II = 1> <Delay = 4.34> <FuncUnit> <Opcode : 'fadd' 'fsub'> <InPorts = 2> <OutPorts = 1>

State 116 <SV = 115> <Delay = 4.34>
ST_116 : Operation 706 [2/9] (4.34ns)   --->   "%accumulator_assign_10_10 = fadd i32 %accumulator_assign_10_s, i32 %mul_i5_i2_10" [D:/lenet_project/handoff/LeNet_DSE_Framework_2022_2/LeNet_DSE_Framework_2022_2/src/lenet_conv.cpp:36]   --->   Operation 706 'fadd' 'accumulator_assign_10_10' <Predicate = (!icmp_ln59)> <Delay = 4.34> <CoreInst = "FAddSub_fulldsp">   --->   Core 18 'FAddSub_fulldsp' <Latency = 8> <II = 1> <Delay = 4.34> <FuncUnit> <Opcode : 'fadd' 'fsub'> <InPorts = 2> <OutPorts = 1>

State 117 <SV = 116> <Delay = 4.34>
ST_117 : Operation 707 [1/9] (4.34ns)   --->   "%accumulator_assign_10_10 = fadd i32 %accumulator_assign_10_s, i32 %mul_i5_i2_10" [D:/lenet_project/handoff/LeNet_DSE_Framework_2022_2/LeNet_DSE_Framework_2022_2/src/lenet_conv.cpp:36]   --->   Operation 707 'fadd' 'accumulator_assign_10_10' <Predicate = (!icmp_ln59)> <Delay = 4.34> <CoreInst = "FAddSub_fulldsp">   --->   Core 18 'FAddSub_fulldsp' <Latency = 8> <II = 1> <Delay = 4.34> <FuncUnit> <Opcode : 'fadd' 'fsub'> <InPorts = 2> <OutPorts = 1>

State 118 <SV = 117> <Delay = 4.34>
ST_118 : Operation 708 [9/9] (4.34ns)   --->   "%accumulator_assign_10_11 = fadd i32 %accumulator_assign_10_10, i32 %mul_i5_i2_11" [D:/lenet_project/handoff/LeNet_DSE_Framework_2022_2/LeNet_DSE_Framework_2022_2/src/lenet_conv.cpp:36]   --->   Operation 708 'fadd' 'accumulator_assign_10_11' <Predicate = (!icmp_ln59)> <Delay = 4.34> <CoreInst = "FAddSub_fulldsp">   --->   Core 18 'FAddSub_fulldsp' <Latency = 8> <II = 1> <Delay = 4.34> <FuncUnit> <Opcode : 'fadd' 'fsub'> <InPorts = 2> <OutPorts = 1>

State 119 <SV = 118> <Delay = 4.34>
ST_119 : Operation 709 [8/9] (4.34ns)   --->   "%accumulator_assign_10_11 = fadd i32 %accumulator_assign_10_10, i32 %mul_i5_i2_11" [D:/lenet_project/handoff/LeNet_DSE_Framework_2022_2/LeNet_DSE_Framework_2022_2/src/lenet_conv.cpp:36]   --->   Operation 709 'fadd' 'accumulator_assign_10_11' <Predicate = (!icmp_ln59)> <Delay = 4.34> <CoreInst = "FAddSub_fulldsp">   --->   Core 18 'FAddSub_fulldsp' <Latency = 8> <II = 1> <Delay = 4.34> <FuncUnit> <Opcode : 'fadd' 'fsub'> <InPorts = 2> <OutPorts = 1>

State 120 <SV = 119> <Delay = 4.34>
ST_120 : Operation 710 [7/9] (4.34ns)   --->   "%accumulator_assign_10_11 = fadd i32 %accumulator_assign_10_10, i32 %mul_i5_i2_11" [D:/lenet_project/handoff/LeNet_DSE_Framework_2022_2/LeNet_DSE_Framework_2022_2/src/lenet_conv.cpp:36]   --->   Operation 710 'fadd' 'accumulator_assign_10_11' <Predicate = (!icmp_ln59)> <Delay = 4.34> <CoreInst = "FAddSub_fulldsp">   --->   Core 18 'FAddSub_fulldsp' <Latency = 8> <II = 1> <Delay = 4.34> <FuncUnit> <Opcode : 'fadd' 'fsub'> <InPorts = 2> <OutPorts = 1>

State 121 <SV = 120> <Delay = 4.34>
ST_121 : Operation 711 [6/9] (4.34ns)   --->   "%accumulator_assign_10_11 = fadd i32 %accumulator_assign_10_10, i32 %mul_i5_i2_11" [D:/lenet_project/handoff/LeNet_DSE_Framework_2022_2/LeNet_DSE_Framework_2022_2/src/lenet_conv.cpp:36]   --->   Operation 711 'fadd' 'accumulator_assign_10_11' <Predicate = (!icmp_ln59)> <Delay = 4.34> <CoreInst = "FAddSub_fulldsp">   --->   Core 18 'FAddSub_fulldsp' <Latency = 8> <II = 1> <Delay = 4.34> <FuncUnit> <Opcode : 'fadd' 'fsub'> <InPorts = 2> <OutPorts = 1>

State 122 <SV = 121> <Delay = 4.34>
ST_122 : Operation 712 [5/9] (4.34ns)   --->   "%accumulator_assign_10_11 = fadd i32 %accumulator_assign_10_10, i32 %mul_i5_i2_11" [D:/lenet_project/handoff/LeNet_DSE_Framework_2022_2/LeNet_DSE_Framework_2022_2/src/lenet_conv.cpp:36]   --->   Operation 712 'fadd' 'accumulator_assign_10_11' <Predicate = (!icmp_ln59)> <Delay = 4.34> <CoreInst = "FAddSub_fulldsp">   --->   Core 18 'FAddSub_fulldsp' <Latency = 8> <II = 1> <Delay = 4.34> <FuncUnit> <Opcode : 'fadd' 'fsub'> <InPorts = 2> <OutPorts = 1>

State 123 <SV = 122> <Delay = 4.34>
ST_123 : Operation 713 [4/9] (4.34ns)   --->   "%accumulator_assign_10_11 = fadd i32 %accumulator_assign_10_10, i32 %mul_i5_i2_11" [D:/lenet_project/handoff/LeNet_DSE_Framework_2022_2/LeNet_DSE_Framework_2022_2/src/lenet_conv.cpp:36]   --->   Operation 713 'fadd' 'accumulator_assign_10_11' <Predicate = (!icmp_ln59)> <Delay = 4.34> <CoreInst = "FAddSub_fulldsp">   --->   Core 18 'FAddSub_fulldsp' <Latency = 8> <II = 1> <Delay = 4.34> <FuncUnit> <Opcode : 'fadd' 'fsub'> <InPorts = 2> <OutPorts = 1>

State 124 <SV = 123> <Delay = 4.34>
ST_124 : Operation 714 [3/9] (4.34ns)   --->   "%accumulator_assign_10_11 = fadd i32 %accumulator_assign_10_10, i32 %mul_i5_i2_11" [D:/lenet_project/handoff/LeNet_DSE_Framework_2022_2/LeNet_DSE_Framework_2022_2/src/lenet_conv.cpp:36]   --->   Operation 714 'fadd' 'accumulator_assign_10_11' <Predicate = (!icmp_ln59)> <Delay = 4.34> <CoreInst = "FAddSub_fulldsp">   --->   Core 18 'FAddSub_fulldsp' <Latency = 8> <II = 1> <Delay = 4.34> <FuncUnit> <Opcode : 'fadd' 'fsub'> <InPorts = 2> <OutPorts = 1>

State 125 <SV = 124> <Delay = 4.34>
ST_125 : Operation 715 [2/9] (4.34ns)   --->   "%accumulator_assign_10_11 = fadd i32 %accumulator_assign_10_10, i32 %mul_i5_i2_11" [D:/lenet_project/handoff/LeNet_DSE_Framework_2022_2/LeNet_DSE_Framework_2022_2/src/lenet_conv.cpp:36]   --->   Operation 715 'fadd' 'accumulator_assign_10_11' <Predicate = (!icmp_ln59)> <Delay = 4.34> <CoreInst = "FAddSub_fulldsp">   --->   Core 18 'FAddSub_fulldsp' <Latency = 8> <II = 1> <Delay = 4.34> <FuncUnit> <Opcode : 'fadd' 'fsub'> <InPorts = 2> <OutPorts = 1>

State 126 <SV = 125> <Delay = 4.34>
ST_126 : Operation 716 [1/9] (4.34ns)   --->   "%accumulator_assign_10_11 = fadd i32 %accumulator_assign_10_10, i32 %mul_i5_i2_11" [D:/lenet_project/handoff/LeNet_DSE_Framework_2022_2/LeNet_DSE_Framework_2022_2/src/lenet_conv.cpp:36]   --->   Operation 716 'fadd' 'accumulator_assign_10_11' <Predicate = (!icmp_ln59)> <Delay = 4.34> <CoreInst = "FAddSub_fulldsp">   --->   Core 18 'FAddSub_fulldsp' <Latency = 8> <II = 1> <Delay = 4.34> <FuncUnit> <Opcode : 'fadd' 'fsub'> <InPorts = 2> <OutPorts = 1>

State 127 <SV = 126> <Delay = 4.34>
ST_127 : Operation 717 [9/9] (4.34ns)   --->   "%accumulator_assign_10_12 = fadd i32 %accumulator_assign_10_11, i32 %mul_i5_i2_12" [D:/lenet_project/handoff/LeNet_DSE_Framework_2022_2/LeNet_DSE_Framework_2022_2/src/lenet_conv.cpp:36]   --->   Operation 717 'fadd' 'accumulator_assign_10_12' <Predicate = (!icmp_ln59)> <Delay = 4.34> <CoreInst = "FAddSub_fulldsp">   --->   Core 18 'FAddSub_fulldsp' <Latency = 8> <II = 1> <Delay = 4.34> <FuncUnit> <Opcode : 'fadd' 'fsub'> <InPorts = 2> <OutPorts = 1>

State 128 <SV = 127> <Delay = 4.34>
ST_128 : Operation 718 [8/9] (4.34ns)   --->   "%accumulator_assign_10_12 = fadd i32 %accumulator_assign_10_11, i32 %mul_i5_i2_12" [D:/lenet_project/handoff/LeNet_DSE_Framework_2022_2/LeNet_DSE_Framework_2022_2/src/lenet_conv.cpp:36]   --->   Operation 718 'fadd' 'accumulator_assign_10_12' <Predicate = (!icmp_ln59)> <Delay = 4.34> <CoreInst = "FAddSub_fulldsp">   --->   Core 18 'FAddSub_fulldsp' <Latency = 8> <II = 1> <Delay = 4.34> <FuncUnit> <Opcode : 'fadd' 'fsub'> <InPorts = 2> <OutPorts = 1>

State 129 <SV = 128> <Delay = 4.34>
ST_129 : Operation 719 [7/9] (4.34ns)   --->   "%accumulator_assign_10_12 = fadd i32 %accumulator_assign_10_11, i32 %mul_i5_i2_12" [D:/lenet_project/handoff/LeNet_DSE_Framework_2022_2/LeNet_DSE_Framework_2022_2/src/lenet_conv.cpp:36]   --->   Operation 719 'fadd' 'accumulator_assign_10_12' <Predicate = (!icmp_ln59)> <Delay = 4.34> <CoreInst = "FAddSub_fulldsp">   --->   Core 18 'FAddSub_fulldsp' <Latency = 8> <II = 1> <Delay = 4.34> <FuncUnit> <Opcode : 'fadd' 'fsub'> <InPorts = 2> <OutPorts = 1>

State 130 <SV = 129> <Delay = 4.34>
ST_130 : Operation 720 [6/9] (4.34ns)   --->   "%accumulator_assign_10_12 = fadd i32 %accumulator_assign_10_11, i32 %mul_i5_i2_12" [D:/lenet_project/handoff/LeNet_DSE_Framework_2022_2/LeNet_DSE_Framework_2022_2/src/lenet_conv.cpp:36]   --->   Operation 720 'fadd' 'accumulator_assign_10_12' <Predicate = (!icmp_ln59)> <Delay = 4.34> <CoreInst = "FAddSub_fulldsp">   --->   Core 18 'FAddSub_fulldsp' <Latency = 8> <II = 1> <Delay = 4.34> <FuncUnit> <Opcode : 'fadd' 'fsub'> <InPorts = 2> <OutPorts = 1>

State 131 <SV = 130> <Delay = 4.34>
ST_131 : Operation 721 [5/9] (4.34ns)   --->   "%accumulator_assign_10_12 = fadd i32 %accumulator_assign_10_11, i32 %mul_i5_i2_12" [D:/lenet_project/handoff/LeNet_DSE_Framework_2022_2/LeNet_DSE_Framework_2022_2/src/lenet_conv.cpp:36]   --->   Operation 721 'fadd' 'accumulator_assign_10_12' <Predicate = (!icmp_ln59)> <Delay = 4.34> <CoreInst = "FAddSub_fulldsp">   --->   Core 18 'FAddSub_fulldsp' <Latency = 8> <II = 1> <Delay = 4.34> <FuncUnit> <Opcode : 'fadd' 'fsub'> <InPorts = 2> <OutPorts = 1>

State 132 <SV = 131> <Delay = 4.34>
ST_132 : Operation 722 [4/9] (4.34ns)   --->   "%accumulator_assign_10_12 = fadd i32 %accumulator_assign_10_11, i32 %mul_i5_i2_12" [D:/lenet_project/handoff/LeNet_DSE_Framework_2022_2/LeNet_DSE_Framework_2022_2/src/lenet_conv.cpp:36]   --->   Operation 722 'fadd' 'accumulator_assign_10_12' <Predicate = (!icmp_ln59)> <Delay = 4.34> <CoreInst = "FAddSub_fulldsp">   --->   Core 18 'FAddSub_fulldsp' <Latency = 8> <II = 1> <Delay = 4.34> <FuncUnit> <Opcode : 'fadd' 'fsub'> <InPorts = 2> <OutPorts = 1>

State 133 <SV = 132> <Delay = 4.34>
ST_133 : Operation 723 [3/9] (4.34ns)   --->   "%accumulator_assign_10_12 = fadd i32 %accumulator_assign_10_11, i32 %mul_i5_i2_12" [D:/lenet_project/handoff/LeNet_DSE_Framework_2022_2/LeNet_DSE_Framework_2022_2/src/lenet_conv.cpp:36]   --->   Operation 723 'fadd' 'accumulator_assign_10_12' <Predicate = (!icmp_ln59)> <Delay = 4.34> <CoreInst = "FAddSub_fulldsp">   --->   Core 18 'FAddSub_fulldsp' <Latency = 8> <II = 1> <Delay = 4.34> <FuncUnit> <Opcode : 'fadd' 'fsub'> <InPorts = 2> <OutPorts = 1>

State 134 <SV = 133> <Delay = 4.34>
ST_134 : Operation 724 [2/9] (4.34ns)   --->   "%accumulator_assign_10_12 = fadd i32 %accumulator_assign_10_11, i32 %mul_i5_i2_12" [D:/lenet_project/handoff/LeNet_DSE_Framework_2022_2/LeNet_DSE_Framework_2022_2/src/lenet_conv.cpp:36]   --->   Operation 724 'fadd' 'accumulator_assign_10_12' <Predicate = (!icmp_ln59)> <Delay = 4.34> <CoreInst = "FAddSub_fulldsp">   --->   Core 18 'FAddSub_fulldsp' <Latency = 8> <II = 1> <Delay = 4.34> <FuncUnit> <Opcode : 'fadd' 'fsub'> <InPorts = 2> <OutPorts = 1>

State 135 <SV = 134> <Delay = 4.34>
ST_135 : Operation 725 [1/9] (4.34ns)   --->   "%accumulator_assign_10_12 = fadd i32 %accumulator_assign_10_11, i32 %mul_i5_i2_12" [D:/lenet_project/handoff/LeNet_DSE_Framework_2022_2/LeNet_DSE_Framework_2022_2/src/lenet_conv.cpp:36]   --->   Operation 725 'fadd' 'accumulator_assign_10_12' <Predicate = (!icmp_ln59)> <Delay = 4.34> <CoreInst = "FAddSub_fulldsp">   --->   Core 18 'FAddSub_fulldsp' <Latency = 8> <II = 1> <Delay = 4.34> <FuncUnit> <Opcode : 'fadd' 'fsub'> <InPorts = 2> <OutPorts = 1>

State 136 <SV = 135> <Delay = 4.34>
ST_136 : Operation 726 [9/9] (4.34ns)   --->   "%accumulator_assign_10_13 = fadd i32 %accumulator_assign_10_12, i32 %mul_i5_i2_13" [D:/lenet_project/handoff/LeNet_DSE_Framework_2022_2/LeNet_DSE_Framework_2022_2/src/lenet_conv.cpp:36]   --->   Operation 726 'fadd' 'accumulator_assign_10_13' <Predicate = (!icmp_ln59)> <Delay = 4.34> <CoreInst = "FAddSub_fulldsp">   --->   Core 18 'FAddSub_fulldsp' <Latency = 8> <II = 1> <Delay = 4.34> <FuncUnit> <Opcode : 'fadd' 'fsub'> <InPorts = 2> <OutPorts = 1>

State 137 <SV = 136> <Delay = 4.34>
ST_137 : Operation 727 [8/9] (4.34ns)   --->   "%accumulator_assign_10_13 = fadd i32 %accumulator_assign_10_12, i32 %mul_i5_i2_13" [D:/lenet_project/handoff/LeNet_DSE_Framework_2022_2/LeNet_DSE_Framework_2022_2/src/lenet_conv.cpp:36]   --->   Operation 727 'fadd' 'accumulator_assign_10_13' <Predicate = (!icmp_ln59)> <Delay = 4.34> <CoreInst = "FAddSub_fulldsp">   --->   Core 18 'FAddSub_fulldsp' <Latency = 8> <II = 1> <Delay = 4.34> <FuncUnit> <Opcode : 'fadd' 'fsub'> <InPorts = 2> <OutPorts = 1>

State 138 <SV = 137> <Delay = 4.34>
ST_138 : Operation 728 [7/9] (4.34ns)   --->   "%accumulator_assign_10_13 = fadd i32 %accumulator_assign_10_12, i32 %mul_i5_i2_13" [D:/lenet_project/handoff/LeNet_DSE_Framework_2022_2/LeNet_DSE_Framework_2022_2/src/lenet_conv.cpp:36]   --->   Operation 728 'fadd' 'accumulator_assign_10_13' <Predicate = (!icmp_ln59)> <Delay = 4.34> <CoreInst = "FAddSub_fulldsp">   --->   Core 18 'FAddSub_fulldsp' <Latency = 8> <II = 1> <Delay = 4.34> <FuncUnit> <Opcode : 'fadd' 'fsub'> <InPorts = 2> <OutPorts = 1>

State 139 <SV = 138> <Delay = 4.34>
ST_139 : Operation 729 [6/9] (4.34ns)   --->   "%accumulator_assign_10_13 = fadd i32 %accumulator_assign_10_12, i32 %mul_i5_i2_13" [D:/lenet_project/handoff/LeNet_DSE_Framework_2022_2/LeNet_DSE_Framework_2022_2/src/lenet_conv.cpp:36]   --->   Operation 729 'fadd' 'accumulator_assign_10_13' <Predicate = (!icmp_ln59)> <Delay = 4.34> <CoreInst = "FAddSub_fulldsp">   --->   Core 18 'FAddSub_fulldsp' <Latency = 8> <II = 1> <Delay = 4.34> <FuncUnit> <Opcode : 'fadd' 'fsub'> <InPorts = 2> <OutPorts = 1>

State 140 <SV = 139> <Delay = 4.34>
ST_140 : Operation 730 [5/9] (4.34ns)   --->   "%accumulator_assign_10_13 = fadd i32 %accumulator_assign_10_12, i32 %mul_i5_i2_13" [D:/lenet_project/handoff/LeNet_DSE_Framework_2022_2/LeNet_DSE_Framework_2022_2/src/lenet_conv.cpp:36]   --->   Operation 730 'fadd' 'accumulator_assign_10_13' <Predicate = (!icmp_ln59)> <Delay = 4.34> <CoreInst = "FAddSub_fulldsp">   --->   Core 18 'FAddSub_fulldsp' <Latency = 8> <II = 1> <Delay = 4.34> <FuncUnit> <Opcode : 'fadd' 'fsub'> <InPorts = 2> <OutPorts = 1>

State 141 <SV = 140> <Delay = 4.34>
ST_141 : Operation 731 [4/9] (4.34ns)   --->   "%accumulator_assign_10_13 = fadd i32 %accumulator_assign_10_12, i32 %mul_i5_i2_13" [D:/lenet_project/handoff/LeNet_DSE_Framework_2022_2/LeNet_DSE_Framework_2022_2/src/lenet_conv.cpp:36]   --->   Operation 731 'fadd' 'accumulator_assign_10_13' <Predicate = (!icmp_ln59)> <Delay = 4.34> <CoreInst = "FAddSub_fulldsp">   --->   Core 18 'FAddSub_fulldsp' <Latency = 8> <II = 1> <Delay = 4.34> <FuncUnit> <Opcode : 'fadd' 'fsub'> <InPorts = 2> <OutPorts = 1>

State 142 <SV = 141> <Delay = 4.34>
ST_142 : Operation 732 [3/9] (4.34ns)   --->   "%accumulator_assign_10_13 = fadd i32 %accumulator_assign_10_12, i32 %mul_i5_i2_13" [D:/lenet_project/handoff/LeNet_DSE_Framework_2022_2/LeNet_DSE_Framework_2022_2/src/lenet_conv.cpp:36]   --->   Operation 732 'fadd' 'accumulator_assign_10_13' <Predicate = (!icmp_ln59)> <Delay = 4.34> <CoreInst = "FAddSub_fulldsp">   --->   Core 18 'FAddSub_fulldsp' <Latency = 8> <II = 1> <Delay = 4.34> <FuncUnit> <Opcode : 'fadd' 'fsub'> <InPorts = 2> <OutPorts = 1>

State 143 <SV = 142> <Delay = 4.34>
ST_143 : Operation 733 [2/9] (4.34ns)   --->   "%accumulator_assign_10_13 = fadd i32 %accumulator_assign_10_12, i32 %mul_i5_i2_13" [D:/lenet_project/handoff/LeNet_DSE_Framework_2022_2/LeNet_DSE_Framework_2022_2/src/lenet_conv.cpp:36]   --->   Operation 733 'fadd' 'accumulator_assign_10_13' <Predicate = (!icmp_ln59)> <Delay = 4.34> <CoreInst = "FAddSub_fulldsp">   --->   Core 18 'FAddSub_fulldsp' <Latency = 8> <II = 1> <Delay = 4.34> <FuncUnit> <Opcode : 'fadd' 'fsub'> <InPorts = 2> <OutPorts = 1>

State 144 <SV = 143> <Delay = 4.34>
ST_144 : Operation 734 [1/9] (4.34ns)   --->   "%accumulator_assign_10_13 = fadd i32 %accumulator_assign_10_12, i32 %mul_i5_i2_13" [D:/lenet_project/handoff/LeNet_DSE_Framework_2022_2/LeNet_DSE_Framework_2022_2/src/lenet_conv.cpp:36]   --->   Operation 734 'fadd' 'accumulator_assign_10_13' <Predicate = (!icmp_ln59)> <Delay = 4.34> <CoreInst = "FAddSub_fulldsp">   --->   Core 18 'FAddSub_fulldsp' <Latency = 8> <II = 1> <Delay = 4.34> <FuncUnit> <Opcode : 'fadd' 'fsub'> <InPorts = 2> <OutPorts = 1>

State 145 <SV = 144> <Delay = 4.34>
ST_145 : Operation 735 [9/9] (4.34ns)   --->   "%accumulator_assign_10_14 = fadd i32 %accumulator_assign_10_13, i32 %mul_i5_i2_14" [D:/lenet_project/handoff/LeNet_DSE_Framework_2022_2/LeNet_DSE_Framework_2022_2/src/lenet_conv.cpp:36]   --->   Operation 735 'fadd' 'accumulator_assign_10_14' <Predicate = (!icmp_ln59)> <Delay = 4.34> <CoreInst = "FAddSub_fulldsp">   --->   Core 18 'FAddSub_fulldsp' <Latency = 8> <II = 1> <Delay = 4.34> <FuncUnit> <Opcode : 'fadd' 'fsub'> <InPorts = 2> <OutPorts = 1>

State 146 <SV = 145> <Delay = 4.34>
ST_146 : Operation 736 [8/9] (4.34ns)   --->   "%accumulator_assign_10_14 = fadd i32 %accumulator_assign_10_13, i32 %mul_i5_i2_14" [D:/lenet_project/handoff/LeNet_DSE_Framework_2022_2/LeNet_DSE_Framework_2022_2/src/lenet_conv.cpp:36]   --->   Operation 736 'fadd' 'accumulator_assign_10_14' <Predicate = (!icmp_ln59)> <Delay = 4.34> <CoreInst = "FAddSub_fulldsp">   --->   Core 18 'FAddSub_fulldsp' <Latency = 8> <II = 1> <Delay = 4.34> <FuncUnit> <Opcode : 'fadd' 'fsub'> <InPorts = 2> <OutPorts = 1>

State 147 <SV = 146> <Delay = 4.34>
ST_147 : Operation 737 [7/9] (4.34ns)   --->   "%accumulator_assign_10_14 = fadd i32 %accumulator_assign_10_13, i32 %mul_i5_i2_14" [D:/lenet_project/handoff/LeNet_DSE_Framework_2022_2/LeNet_DSE_Framework_2022_2/src/lenet_conv.cpp:36]   --->   Operation 737 'fadd' 'accumulator_assign_10_14' <Predicate = (!icmp_ln59)> <Delay = 4.34> <CoreInst = "FAddSub_fulldsp">   --->   Core 18 'FAddSub_fulldsp' <Latency = 8> <II = 1> <Delay = 4.34> <FuncUnit> <Opcode : 'fadd' 'fsub'> <InPorts = 2> <OutPorts = 1>

State 148 <SV = 147> <Delay = 4.34>
ST_148 : Operation 738 [6/9] (4.34ns)   --->   "%accumulator_assign_10_14 = fadd i32 %accumulator_assign_10_13, i32 %mul_i5_i2_14" [D:/lenet_project/handoff/LeNet_DSE_Framework_2022_2/LeNet_DSE_Framework_2022_2/src/lenet_conv.cpp:36]   --->   Operation 738 'fadd' 'accumulator_assign_10_14' <Predicate = (!icmp_ln59)> <Delay = 4.34> <CoreInst = "FAddSub_fulldsp">   --->   Core 18 'FAddSub_fulldsp' <Latency = 8> <II = 1> <Delay = 4.34> <FuncUnit> <Opcode : 'fadd' 'fsub'> <InPorts = 2> <OutPorts = 1>

State 149 <SV = 148> <Delay = 4.34>
ST_149 : Operation 739 [5/9] (4.34ns)   --->   "%accumulator_assign_10_14 = fadd i32 %accumulator_assign_10_13, i32 %mul_i5_i2_14" [D:/lenet_project/handoff/LeNet_DSE_Framework_2022_2/LeNet_DSE_Framework_2022_2/src/lenet_conv.cpp:36]   --->   Operation 739 'fadd' 'accumulator_assign_10_14' <Predicate = (!icmp_ln59)> <Delay = 4.34> <CoreInst = "FAddSub_fulldsp">   --->   Core 18 'FAddSub_fulldsp' <Latency = 8> <II = 1> <Delay = 4.34> <FuncUnit> <Opcode : 'fadd' 'fsub'> <InPorts = 2> <OutPorts = 1>

State 150 <SV = 149> <Delay = 4.34>
ST_150 : Operation 740 [4/9] (4.34ns)   --->   "%accumulator_assign_10_14 = fadd i32 %accumulator_assign_10_13, i32 %mul_i5_i2_14" [D:/lenet_project/handoff/LeNet_DSE_Framework_2022_2/LeNet_DSE_Framework_2022_2/src/lenet_conv.cpp:36]   --->   Operation 740 'fadd' 'accumulator_assign_10_14' <Predicate = (!icmp_ln59)> <Delay = 4.34> <CoreInst = "FAddSub_fulldsp">   --->   Core 18 'FAddSub_fulldsp' <Latency = 8> <II = 1> <Delay = 4.34> <FuncUnit> <Opcode : 'fadd' 'fsub'> <InPorts = 2> <OutPorts = 1>

State 151 <SV = 150> <Delay = 4.34>
ST_151 : Operation 741 [3/9] (4.34ns)   --->   "%accumulator_assign_10_14 = fadd i32 %accumulator_assign_10_13, i32 %mul_i5_i2_14" [D:/lenet_project/handoff/LeNet_DSE_Framework_2022_2/LeNet_DSE_Framework_2022_2/src/lenet_conv.cpp:36]   --->   Operation 741 'fadd' 'accumulator_assign_10_14' <Predicate = (!icmp_ln59)> <Delay = 4.34> <CoreInst = "FAddSub_fulldsp">   --->   Core 18 'FAddSub_fulldsp' <Latency = 8> <II = 1> <Delay = 4.34> <FuncUnit> <Opcode : 'fadd' 'fsub'> <InPorts = 2> <OutPorts = 1>

State 152 <SV = 151> <Delay = 4.34>
ST_152 : Operation 742 [2/9] (4.34ns)   --->   "%accumulator_assign_10_14 = fadd i32 %accumulator_assign_10_13, i32 %mul_i5_i2_14" [D:/lenet_project/handoff/LeNet_DSE_Framework_2022_2/LeNet_DSE_Framework_2022_2/src/lenet_conv.cpp:36]   --->   Operation 742 'fadd' 'accumulator_assign_10_14' <Predicate = (!icmp_ln59)> <Delay = 4.34> <CoreInst = "FAddSub_fulldsp">   --->   Core 18 'FAddSub_fulldsp' <Latency = 8> <II = 1> <Delay = 4.34> <FuncUnit> <Opcode : 'fadd' 'fsub'> <InPorts = 2> <OutPorts = 1>

State 153 <SV = 152> <Delay = 4.34>
ST_153 : Operation 743 [1/9] (4.34ns)   --->   "%accumulator_assign_10_14 = fadd i32 %accumulator_assign_10_13, i32 %mul_i5_i2_14" [D:/lenet_project/handoff/LeNet_DSE_Framework_2022_2/LeNet_DSE_Framework_2022_2/src/lenet_conv.cpp:36]   --->   Operation 743 'fadd' 'accumulator_assign_10_14' <Predicate = (!icmp_ln59)> <Delay = 4.34> <CoreInst = "FAddSub_fulldsp">   --->   Core 18 'FAddSub_fulldsp' <Latency = 8> <II = 1> <Delay = 4.34> <FuncUnit> <Opcode : 'fadd' 'fsub'> <InPorts = 2> <OutPorts = 1>

State 154 <SV = 153> <Delay = 4.34>
ST_154 : Operation 744 [9/9] (4.34ns)   --->   "%accumulator_assign_10_15 = fadd i32 %accumulator_assign_10_14, i32 %mul_i5_i2_15" [D:/lenet_project/handoff/LeNet_DSE_Framework_2022_2/LeNet_DSE_Framework_2022_2/src/lenet_conv.cpp:36]   --->   Operation 744 'fadd' 'accumulator_assign_10_15' <Predicate = (!icmp_ln59)> <Delay = 4.34> <CoreInst = "FAddSub_fulldsp">   --->   Core 18 'FAddSub_fulldsp' <Latency = 8> <II = 1> <Delay = 4.34> <FuncUnit> <Opcode : 'fadd' 'fsub'> <InPorts = 2> <OutPorts = 1>

State 155 <SV = 154> <Delay = 4.34>
ST_155 : Operation 745 [8/9] (4.34ns)   --->   "%accumulator_assign_10_15 = fadd i32 %accumulator_assign_10_14, i32 %mul_i5_i2_15" [D:/lenet_project/handoff/LeNet_DSE_Framework_2022_2/LeNet_DSE_Framework_2022_2/src/lenet_conv.cpp:36]   --->   Operation 745 'fadd' 'accumulator_assign_10_15' <Predicate = (!icmp_ln59)> <Delay = 4.34> <CoreInst = "FAddSub_fulldsp">   --->   Core 18 'FAddSub_fulldsp' <Latency = 8> <II = 1> <Delay = 4.34> <FuncUnit> <Opcode : 'fadd' 'fsub'> <InPorts = 2> <OutPorts = 1>

State 156 <SV = 155> <Delay = 4.34>
ST_156 : Operation 746 [7/9] (4.34ns)   --->   "%accumulator_assign_10_15 = fadd i32 %accumulator_assign_10_14, i32 %mul_i5_i2_15" [D:/lenet_project/handoff/LeNet_DSE_Framework_2022_2/LeNet_DSE_Framework_2022_2/src/lenet_conv.cpp:36]   --->   Operation 746 'fadd' 'accumulator_assign_10_15' <Predicate = (!icmp_ln59)> <Delay = 4.34> <CoreInst = "FAddSub_fulldsp">   --->   Core 18 'FAddSub_fulldsp' <Latency = 8> <II = 1> <Delay = 4.34> <FuncUnit> <Opcode : 'fadd' 'fsub'> <InPorts = 2> <OutPorts = 1>

State 157 <SV = 156> <Delay = 4.34>
ST_157 : Operation 747 [6/9] (4.34ns)   --->   "%accumulator_assign_10_15 = fadd i32 %accumulator_assign_10_14, i32 %mul_i5_i2_15" [D:/lenet_project/handoff/LeNet_DSE_Framework_2022_2/LeNet_DSE_Framework_2022_2/src/lenet_conv.cpp:36]   --->   Operation 747 'fadd' 'accumulator_assign_10_15' <Predicate = (!icmp_ln59)> <Delay = 4.34> <CoreInst = "FAddSub_fulldsp">   --->   Core 18 'FAddSub_fulldsp' <Latency = 8> <II = 1> <Delay = 4.34> <FuncUnit> <Opcode : 'fadd' 'fsub'> <InPorts = 2> <OutPorts = 1>

State 158 <SV = 157> <Delay = 4.34>
ST_158 : Operation 748 [5/9] (4.34ns)   --->   "%accumulator_assign_10_15 = fadd i32 %accumulator_assign_10_14, i32 %mul_i5_i2_15" [D:/lenet_project/handoff/LeNet_DSE_Framework_2022_2/LeNet_DSE_Framework_2022_2/src/lenet_conv.cpp:36]   --->   Operation 748 'fadd' 'accumulator_assign_10_15' <Predicate = (!icmp_ln59)> <Delay = 4.34> <CoreInst = "FAddSub_fulldsp">   --->   Core 18 'FAddSub_fulldsp' <Latency = 8> <II = 1> <Delay = 4.34> <FuncUnit> <Opcode : 'fadd' 'fsub'> <InPorts = 2> <OutPorts = 1>

State 159 <SV = 158> <Delay = 4.34>
ST_159 : Operation 749 [4/9] (4.34ns)   --->   "%accumulator_assign_10_15 = fadd i32 %accumulator_assign_10_14, i32 %mul_i5_i2_15" [D:/lenet_project/handoff/LeNet_DSE_Framework_2022_2/LeNet_DSE_Framework_2022_2/src/lenet_conv.cpp:36]   --->   Operation 749 'fadd' 'accumulator_assign_10_15' <Predicate = (!icmp_ln59)> <Delay = 4.34> <CoreInst = "FAddSub_fulldsp">   --->   Core 18 'FAddSub_fulldsp' <Latency = 8> <II = 1> <Delay = 4.34> <FuncUnit> <Opcode : 'fadd' 'fsub'> <InPorts = 2> <OutPorts = 1>

State 160 <SV = 159> <Delay = 4.34>
ST_160 : Operation 750 [3/9] (4.34ns)   --->   "%accumulator_assign_10_15 = fadd i32 %accumulator_assign_10_14, i32 %mul_i5_i2_15" [D:/lenet_project/handoff/LeNet_DSE_Framework_2022_2/LeNet_DSE_Framework_2022_2/src/lenet_conv.cpp:36]   --->   Operation 750 'fadd' 'accumulator_assign_10_15' <Predicate = (!icmp_ln59)> <Delay = 4.34> <CoreInst = "FAddSub_fulldsp">   --->   Core 18 'FAddSub_fulldsp' <Latency = 8> <II = 1> <Delay = 4.34> <FuncUnit> <Opcode : 'fadd' 'fsub'> <InPorts = 2> <OutPorts = 1>

State 161 <SV = 160> <Delay = 4.34>
ST_161 : Operation 751 [2/9] (4.34ns)   --->   "%accumulator_assign_10_15 = fadd i32 %accumulator_assign_10_14, i32 %mul_i5_i2_15" [D:/lenet_project/handoff/LeNet_DSE_Framework_2022_2/LeNet_DSE_Framework_2022_2/src/lenet_conv.cpp:36]   --->   Operation 751 'fadd' 'accumulator_assign_10_15' <Predicate = (!icmp_ln59)> <Delay = 4.34> <CoreInst = "FAddSub_fulldsp">   --->   Core 18 'FAddSub_fulldsp' <Latency = 8> <II = 1> <Delay = 4.34> <FuncUnit> <Opcode : 'fadd' 'fsub'> <InPorts = 2> <OutPorts = 1>

State 162 <SV = 161> <Delay = 4.34>
ST_162 : Operation 752 [1/9] (4.34ns)   --->   "%accumulator_assign_10_15 = fadd i32 %accumulator_assign_10_14, i32 %mul_i5_i2_15" [D:/lenet_project/handoff/LeNet_DSE_Framework_2022_2/LeNet_DSE_Framework_2022_2/src/lenet_conv.cpp:36]   --->   Operation 752 'fadd' 'accumulator_assign_10_15' <Predicate = (!icmp_ln59)> <Delay = 4.34> <CoreInst = "FAddSub_fulldsp">   --->   Core 18 'FAddSub_fulldsp' <Latency = 8> <II = 1> <Delay = 4.34> <FuncUnit> <Opcode : 'fadd' 'fsub'> <InPorts = 2> <OutPorts = 1>

State 163 <SV = 162> <Delay = 4.34>
ST_163 : Operation 753 [9/9] (4.34ns)   --->   "%accumulator_assign_10_16 = fadd i32 %accumulator_assign_10_15, i32 %mul_i5_i2_16" [D:/lenet_project/handoff/LeNet_DSE_Framework_2022_2/LeNet_DSE_Framework_2022_2/src/lenet_conv.cpp:36]   --->   Operation 753 'fadd' 'accumulator_assign_10_16' <Predicate = (!icmp_ln59)> <Delay = 4.34> <CoreInst = "FAddSub_fulldsp">   --->   Core 18 'FAddSub_fulldsp' <Latency = 8> <II = 1> <Delay = 4.34> <FuncUnit> <Opcode : 'fadd' 'fsub'> <InPorts = 2> <OutPorts = 1>

State 164 <SV = 163> <Delay = 4.34>
ST_164 : Operation 754 [8/9] (4.34ns)   --->   "%accumulator_assign_10_16 = fadd i32 %accumulator_assign_10_15, i32 %mul_i5_i2_16" [D:/lenet_project/handoff/LeNet_DSE_Framework_2022_2/LeNet_DSE_Framework_2022_2/src/lenet_conv.cpp:36]   --->   Operation 754 'fadd' 'accumulator_assign_10_16' <Predicate = (!icmp_ln59)> <Delay = 4.34> <CoreInst = "FAddSub_fulldsp">   --->   Core 18 'FAddSub_fulldsp' <Latency = 8> <II = 1> <Delay = 4.34> <FuncUnit> <Opcode : 'fadd' 'fsub'> <InPorts = 2> <OutPorts = 1>

State 165 <SV = 164> <Delay = 4.34>
ST_165 : Operation 755 [7/9] (4.34ns)   --->   "%accumulator_assign_10_16 = fadd i32 %accumulator_assign_10_15, i32 %mul_i5_i2_16" [D:/lenet_project/handoff/LeNet_DSE_Framework_2022_2/LeNet_DSE_Framework_2022_2/src/lenet_conv.cpp:36]   --->   Operation 755 'fadd' 'accumulator_assign_10_16' <Predicate = (!icmp_ln59)> <Delay = 4.34> <CoreInst = "FAddSub_fulldsp">   --->   Core 18 'FAddSub_fulldsp' <Latency = 8> <II = 1> <Delay = 4.34> <FuncUnit> <Opcode : 'fadd' 'fsub'> <InPorts = 2> <OutPorts = 1>

State 166 <SV = 165> <Delay = 4.34>
ST_166 : Operation 756 [6/9] (4.34ns)   --->   "%accumulator_assign_10_16 = fadd i32 %accumulator_assign_10_15, i32 %mul_i5_i2_16" [D:/lenet_project/handoff/LeNet_DSE_Framework_2022_2/LeNet_DSE_Framework_2022_2/src/lenet_conv.cpp:36]   --->   Operation 756 'fadd' 'accumulator_assign_10_16' <Predicate = (!icmp_ln59)> <Delay = 4.34> <CoreInst = "FAddSub_fulldsp">   --->   Core 18 'FAddSub_fulldsp' <Latency = 8> <II = 1> <Delay = 4.34> <FuncUnit> <Opcode : 'fadd' 'fsub'> <InPorts = 2> <OutPorts = 1>

State 167 <SV = 166> <Delay = 4.34>
ST_167 : Operation 757 [5/9] (4.34ns)   --->   "%accumulator_assign_10_16 = fadd i32 %accumulator_assign_10_15, i32 %mul_i5_i2_16" [D:/lenet_project/handoff/LeNet_DSE_Framework_2022_2/LeNet_DSE_Framework_2022_2/src/lenet_conv.cpp:36]   --->   Operation 757 'fadd' 'accumulator_assign_10_16' <Predicate = (!icmp_ln59)> <Delay = 4.34> <CoreInst = "FAddSub_fulldsp">   --->   Core 18 'FAddSub_fulldsp' <Latency = 8> <II = 1> <Delay = 4.34> <FuncUnit> <Opcode : 'fadd' 'fsub'> <InPorts = 2> <OutPorts = 1>

State 168 <SV = 167> <Delay = 4.34>
ST_168 : Operation 758 [4/9] (4.34ns)   --->   "%accumulator_assign_10_16 = fadd i32 %accumulator_assign_10_15, i32 %mul_i5_i2_16" [D:/lenet_project/handoff/LeNet_DSE_Framework_2022_2/LeNet_DSE_Framework_2022_2/src/lenet_conv.cpp:36]   --->   Operation 758 'fadd' 'accumulator_assign_10_16' <Predicate = (!icmp_ln59)> <Delay = 4.34> <CoreInst = "FAddSub_fulldsp">   --->   Core 18 'FAddSub_fulldsp' <Latency = 8> <II = 1> <Delay = 4.34> <FuncUnit> <Opcode : 'fadd' 'fsub'> <InPorts = 2> <OutPorts = 1>

State 169 <SV = 168> <Delay = 4.34>
ST_169 : Operation 759 [3/9] (4.34ns)   --->   "%accumulator_assign_10_16 = fadd i32 %accumulator_assign_10_15, i32 %mul_i5_i2_16" [D:/lenet_project/handoff/LeNet_DSE_Framework_2022_2/LeNet_DSE_Framework_2022_2/src/lenet_conv.cpp:36]   --->   Operation 759 'fadd' 'accumulator_assign_10_16' <Predicate = (!icmp_ln59)> <Delay = 4.34> <CoreInst = "FAddSub_fulldsp">   --->   Core 18 'FAddSub_fulldsp' <Latency = 8> <II = 1> <Delay = 4.34> <FuncUnit> <Opcode : 'fadd' 'fsub'> <InPorts = 2> <OutPorts = 1>

State 170 <SV = 169> <Delay = 4.34>
ST_170 : Operation 760 [2/9] (4.34ns)   --->   "%accumulator_assign_10_16 = fadd i32 %accumulator_assign_10_15, i32 %mul_i5_i2_16" [D:/lenet_project/handoff/LeNet_DSE_Framework_2022_2/LeNet_DSE_Framework_2022_2/src/lenet_conv.cpp:36]   --->   Operation 760 'fadd' 'accumulator_assign_10_16' <Predicate = (!icmp_ln59)> <Delay = 4.34> <CoreInst = "FAddSub_fulldsp">   --->   Core 18 'FAddSub_fulldsp' <Latency = 8> <II = 1> <Delay = 4.34> <FuncUnit> <Opcode : 'fadd' 'fsub'> <InPorts = 2> <OutPorts = 1>

State 171 <SV = 170> <Delay = 4.34>
ST_171 : Operation 761 [1/9] (4.34ns)   --->   "%accumulator_assign_10_16 = fadd i32 %accumulator_assign_10_15, i32 %mul_i5_i2_16" [D:/lenet_project/handoff/LeNet_DSE_Framework_2022_2/LeNet_DSE_Framework_2022_2/src/lenet_conv.cpp:36]   --->   Operation 761 'fadd' 'accumulator_assign_10_16' <Predicate = (!icmp_ln59)> <Delay = 4.34> <CoreInst = "FAddSub_fulldsp">   --->   Core 18 'FAddSub_fulldsp' <Latency = 8> <II = 1> <Delay = 4.34> <FuncUnit> <Opcode : 'fadd' 'fsub'> <InPorts = 2> <OutPorts = 1>

State 172 <SV = 171> <Delay = 4.34>
ST_172 : Operation 762 [9/9] (4.34ns)   --->   "%accumulator_assign_10_17 = fadd i32 %accumulator_assign_10_16, i32 %mul_i5_i2_17" [D:/lenet_project/handoff/LeNet_DSE_Framework_2022_2/LeNet_DSE_Framework_2022_2/src/lenet_conv.cpp:36]   --->   Operation 762 'fadd' 'accumulator_assign_10_17' <Predicate = (!icmp_ln59)> <Delay = 4.34> <CoreInst = "FAddSub_fulldsp">   --->   Core 18 'FAddSub_fulldsp' <Latency = 8> <II = 1> <Delay = 4.34> <FuncUnit> <Opcode : 'fadd' 'fsub'> <InPorts = 2> <OutPorts = 1>

State 173 <SV = 172> <Delay = 4.34>
ST_173 : Operation 763 [8/9] (4.34ns)   --->   "%accumulator_assign_10_17 = fadd i32 %accumulator_assign_10_16, i32 %mul_i5_i2_17" [D:/lenet_project/handoff/LeNet_DSE_Framework_2022_2/LeNet_DSE_Framework_2022_2/src/lenet_conv.cpp:36]   --->   Operation 763 'fadd' 'accumulator_assign_10_17' <Predicate = (!icmp_ln59)> <Delay = 4.34> <CoreInst = "FAddSub_fulldsp">   --->   Core 18 'FAddSub_fulldsp' <Latency = 8> <II = 1> <Delay = 4.34> <FuncUnit> <Opcode : 'fadd' 'fsub'> <InPorts = 2> <OutPorts = 1>

State 174 <SV = 173> <Delay = 4.34>
ST_174 : Operation 764 [7/9] (4.34ns)   --->   "%accumulator_assign_10_17 = fadd i32 %accumulator_assign_10_16, i32 %mul_i5_i2_17" [D:/lenet_project/handoff/LeNet_DSE_Framework_2022_2/LeNet_DSE_Framework_2022_2/src/lenet_conv.cpp:36]   --->   Operation 764 'fadd' 'accumulator_assign_10_17' <Predicate = (!icmp_ln59)> <Delay = 4.34> <CoreInst = "FAddSub_fulldsp">   --->   Core 18 'FAddSub_fulldsp' <Latency = 8> <II = 1> <Delay = 4.34> <FuncUnit> <Opcode : 'fadd' 'fsub'> <InPorts = 2> <OutPorts = 1>

State 175 <SV = 174> <Delay = 4.34>
ST_175 : Operation 765 [6/9] (4.34ns)   --->   "%accumulator_assign_10_17 = fadd i32 %accumulator_assign_10_16, i32 %mul_i5_i2_17" [D:/lenet_project/handoff/LeNet_DSE_Framework_2022_2/LeNet_DSE_Framework_2022_2/src/lenet_conv.cpp:36]   --->   Operation 765 'fadd' 'accumulator_assign_10_17' <Predicate = (!icmp_ln59)> <Delay = 4.34> <CoreInst = "FAddSub_fulldsp">   --->   Core 18 'FAddSub_fulldsp' <Latency = 8> <II = 1> <Delay = 4.34> <FuncUnit> <Opcode : 'fadd' 'fsub'> <InPorts = 2> <OutPorts = 1>

State 176 <SV = 175> <Delay = 4.34>
ST_176 : Operation 766 [5/9] (4.34ns)   --->   "%accumulator_assign_10_17 = fadd i32 %accumulator_assign_10_16, i32 %mul_i5_i2_17" [D:/lenet_project/handoff/LeNet_DSE_Framework_2022_2/LeNet_DSE_Framework_2022_2/src/lenet_conv.cpp:36]   --->   Operation 766 'fadd' 'accumulator_assign_10_17' <Predicate = (!icmp_ln59)> <Delay = 4.34> <CoreInst = "FAddSub_fulldsp">   --->   Core 18 'FAddSub_fulldsp' <Latency = 8> <II = 1> <Delay = 4.34> <FuncUnit> <Opcode : 'fadd' 'fsub'> <InPorts = 2> <OutPorts = 1>

State 177 <SV = 176> <Delay = 4.34>
ST_177 : Operation 767 [4/9] (4.34ns)   --->   "%accumulator_assign_10_17 = fadd i32 %accumulator_assign_10_16, i32 %mul_i5_i2_17" [D:/lenet_project/handoff/LeNet_DSE_Framework_2022_2/LeNet_DSE_Framework_2022_2/src/lenet_conv.cpp:36]   --->   Operation 767 'fadd' 'accumulator_assign_10_17' <Predicate = (!icmp_ln59)> <Delay = 4.34> <CoreInst = "FAddSub_fulldsp">   --->   Core 18 'FAddSub_fulldsp' <Latency = 8> <II = 1> <Delay = 4.34> <FuncUnit> <Opcode : 'fadd' 'fsub'> <InPorts = 2> <OutPorts = 1>

State 178 <SV = 177> <Delay = 4.34>
ST_178 : Operation 768 [3/9] (4.34ns)   --->   "%accumulator_assign_10_17 = fadd i32 %accumulator_assign_10_16, i32 %mul_i5_i2_17" [D:/lenet_project/handoff/LeNet_DSE_Framework_2022_2/LeNet_DSE_Framework_2022_2/src/lenet_conv.cpp:36]   --->   Operation 768 'fadd' 'accumulator_assign_10_17' <Predicate = (!icmp_ln59)> <Delay = 4.34> <CoreInst = "FAddSub_fulldsp">   --->   Core 18 'FAddSub_fulldsp' <Latency = 8> <II = 1> <Delay = 4.34> <FuncUnit> <Opcode : 'fadd' 'fsub'> <InPorts = 2> <OutPorts = 1>

State 179 <SV = 178> <Delay = 4.34>
ST_179 : Operation 769 [2/9] (4.34ns)   --->   "%accumulator_assign_10_17 = fadd i32 %accumulator_assign_10_16, i32 %mul_i5_i2_17" [D:/lenet_project/handoff/LeNet_DSE_Framework_2022_2/LeNet_DSE_Framework_2022_2/src/lenet_conv.cpp:36]   --->   Operation 769 'fadd' 'accumulator_assign_10_17' <Predicate = (!icmp_ln59)> <Delay = 4.34> <CoreInst = "FAddSub_fulldsp">   --->   Core 18 'FAddSub_fulldsp' <Latency = 8> <II = 1> <Delay = 4.34> <FuncUnit> <Opcode : 'fadd' 'fsub'> <InPorts = 2> <OutPorts = 1>

State 180 <SV = 179> <Delay = 4.34>
ST_180 : Operation 770 [1/9] (4.34ns)   --->   "%accumulator_assign_10_17 = fadd i32 %accumulator_assign_10_16, i32 %mul_i5_i2_17" [D:/lenet_project/handoff/LeNet_DSE_Framework_2022_2/LeNet_DSE_Framework_2022_2/src/lenet_conv.cpp:36]   --->   Operation 770 'fadd' 'accumulator_assign_10_17' <Predicate = (!icmp_ln59)> <Delay = 4.34> <CoreInst = "FAddSub_fulldsp">   --->   Core 18 'FAddSub_fulldsp' <Latency = 8> <II = 1> <Delay = 4.34> <FuncUnit> <Opcode : 'fadd' 'fsub'> <InPorts = 2> <OutPorts = 1>

State 181 <SV = 180> <Delay = 4.34>
ST_181 : Operation 771 [9/9] (4.34ns)   --->   "%accumulator_assign_10_18 = fadd i32 %accumulator_assign_10_17, i32 %mul_i5_i2_18" [D:/lenet_project/handoff/LeNet_DSE_Framework_2022_2/LeNet_DSE_Framework_2022_2/src/lenet_conv.cpp:36]   --->   Operation 771 'fadd' 'accumulator_assign_10_18' <Predicate = (!icmp_ln59)> <Delay = 4.34> <CoreInst = "FAddSub_fulldsp">   --->   Core 18 'FAddSub_fulldsp' <Latency = 8> <II = 1> <Delay = 4.34> <FuncUnit> <Opcode : 'fadd' 'fsub'> <InPorts = 2> <OutPorts = 1>

State 182 <SV = 181> <Delay = 4.34>
ST_182 : Operation 772 [8/9] (4.34ns)   --->   "%accumulator_assign_10_18 = fadd i32 %accumulator_assign_10_17, i32 %mul_i5_i2_18" [D:/lenet_project/handoff/LeNet_DSE_Framework_2022_2/LeNet_DSE_Framework_2022_2/src/lenet_conv.cpp:36]   --->   Operation 772 'fadd' 'accumulator_assign_10_18' <Predicate = (!icmp_ln59)> <Delay = 4.34> <CoreInst = "FAddSub_fulldsp">   --->   Core 18 'FAddSub_fulldsp' <Latency = 8> <II = 1> <Delay = 4.34> <FuncUnit> <Opcode : 'fadd' 'fsub'> <InPorts = 2> <OutPorts = 1>

State 183 <SV = 182> <Delay = 4.34>
ST_183 : Operation 773 [7/9] (4.34ns)   --->   "%accumulator_assign_10_18 = fadd i32 %accumulator_assign_10_17, i32 %mul_i5_i2_18" [D:/lenet_project/handoff/LeNet_DSE_Framework_2022_2/LeNet_DSE_Framework_2022_2/src/lenet_conv.cpp:36]   --->   Operation 773 'fadd' 'accumulator_assign_10_18' <Predicate = (!icmp_ln59)> <Delay = 4.34> <CoreInst = "FAddSub_fulldsp">   --->   Core 18 'FAddSub_fulldsp' <Latency = 8> <II = 1> <Delay = 4.34> <FuncUnit> <Opcode : 'fadd' 'fsub'> <InPorts = 2> <OutPorts = 1>

State 184 <SV = 183> <Delay = 4.34>
ST_184 : Operation 774 [6/9] (4.34ns)   --->   "%accumulator_assign_10_18 = fadd i32 %accumulator_assign_10_17, i32 %mul_i5_i2_18" [D:/lenet_project/handoff/LeNet_DSE_Framework_2022_2/LeNet_DSE_Framework_2022_2/src/lenet_conv.cpp:36]   --->   Operation 774 'fadd' 'accumulator_assign_10_18' <Predicate = (!icmp_ln59)> <Delay = 4.34> <CoreInst = "FAddSub_fulldsp">   --->   Core 18 'FAddSub_fulldsp' <Latency = 8> <II = 1> <Delay = 4.34> <FuncUnit> <Opcode : 'fadd' 'fsub'> <InPorts = 2> <OutPorts = 1>

State 185 <SV = 184> <Delay = 4.34>
ST_185 : Operation 775 [5/9] (4.34ns)   --->   "%accumulator_assign_10_18 = fadd i32 %accumulator_assign_10_17, i32 %mul_i5_i2_18" [D:/lenet_project/handoff/LeNet_DSE_Framework_2022_2/LeNet_DSE_Framework_2022_2/src/lenet_conv.cpp:36]   --->   Operation 775 'fadd' 'accumulator_assign_10_18' <Predicate = (!icmp_ln59)> <Delay = 4.34> <CoreInst = "FAddSub_fulldsp">   --->   Core 18 'FAddSub_fulldsp' <Latency = 8> <II = 1> <Delay = 4.34> <FuncUnit> <Opcode : 'fadd' 'fsub'> <InPorts = 2> <OutPorts = 1>

State 186 <SV = 185> <Delay = 4.34>
ST_186 : Operation 776 [4/9] (4.34ns)   --->   "%accumulator_assign_10_18 = fadd i32 %accumulator_assign_10_17, i32 %mul_i5_i2_18" [D:/lenet_project/handoff/LeNet_DSE_Framework_2022_2/LeNet_DSE_Framework_2022_2/src/lenet_conv.cpp:36]   --->   Operation 776 'fadd' 'accumulator_assign_10_18' <Predicate = (!icmp_ln59)> <Delay = 4.34> <CoreInst = "FAddSub_fulldsp">   --->   Core 18 'FAddSub_fulldsp' <Latency = 8> <II = 1> <Delay = 4.34> <FuncUnit> <Opcode : 'fadd' 'fsub'> <InPorts = 2> <OutPorts = 1>

State 187 <SV = 186> <Delay = 4.34>
ST_187 : Operation 777 [3/9] (4.34ns)   --->   "%accumulator_assign_10_18 = fadd i32 %accumulator_assign_10_17, i32 %mul_i5_i2_18" [D:/lenet_project/handoff/LeNet_DSE_Framework_2022_2/LeNet_DSE_Framework_2022_2/src/lenet_conv.cpp:36]   --->   Operation 777 'fadd' 'accumulator_assign_10_18' <Predicate = (!icmp_ln59)> <Delay = 4.34> <CoreInst = "FAddSub_fulldsp">   --->   Core 18 'FAddSub_fulldsp' <Latency = 8> <II = 1> <Delay = 4.34> <FuncUnit> <Opcode : 'fadd' 'fsub'> <InPorts = 2> <OutPorts = 1>

State 188 <SV = 187> <Delay = 4.34>
ST_188 : Operation 778 [2/9] (4.34ns)   --->   "%accumulator_assign_10_18 = fadd i32 %accumulator_assign_10_17, i32 %mul_i5_i2_18" [D:/lenet_project/handoff/LeNet_DSE_Framework_2022_2/LeNet_DSE_Framework_2022_2/src/lenet_conv.cpp:36]   --->   Operation 778 'fadd' 'accumulator_assign_10_18' <Predicate = (!icmp_ln59)> <Delay = 4.34> <CoreInst = "FAddSub_fulldsp">   --->   Core 18 'FAddSub_fulldsp' <Latency = 8> <II = 1> <Delay = 4.34> <FuncUnit> <Opcode : 'fadd' 'fsub'> <InPorts = 2> <OutPorts = 1>

State 189 <SV = 188> <Delay = 4.34>
ST_189 : Operation 779 [1/9] (4.34ns)   --->   "%accumulator_assign_10_18 = fadd i32 %accumulator_assign_10_17, i32 %mul_i5_i2_18" [D:/lenet_project/handoff/LeNet_DSE_Framework_2022_2/LeNet_DSE_Framework_2022_2/src/lenet_conv.cpp:36]   --->   Operation 779 'fadd' 'accumulator_assign_10_18' <Predicate = (!icmp_ln59)> <Delay = 4.34> <CoreInst = "FAddSub_fulldsp">   --->   Core 18 'FAddSub_fulldsp' <Latency = 8> <II = 1> <Delay = 4.34> <FuncUnit> <Opcode : 'fadd' 'fsub'> <InPorts = 2> <OutPorts = 1>

State 190 <SV = 189> <Delay = 4.34>
ST_190 : Operation 780 [9/9] (4.34ns)   --->   "%accumulator_assign_10_19 = fadd i32 %accumulator_assign_10_18, i32 %mul_i5_i2_19" [D:/lenet_project/handoff/LeNet_DSE_Framework_2022_2/LeNet_DSE_Framework_2022_2/src/lenet_conv.cpp:36]   --->   Operation 780 'fadd' 'accumulator_assign_10_19' <Predicate = (!icmp_ln59)> <Delay = 4.34> <CoreInst = "FAddSub_fulldsp">   --->   Core 18 'FAddSub_fulldsp' <Latency = 8> <II = 1> <Delay = 4.34> <FuncUnit> <Opcode : 'fadd' 'fsub'> <InPorts = 2> <OutPorts = 1>

State 191 <SV = 190> <Delay = 4.34>
ST_191 : Operation 781 [8/9] (4.34ns)   --->   "%accumulator_assign_10_19 = fadd i32 %accumulator_assign_10_18, i32 %mul_i5_i2_19" [D:/lenet_project/handoff/LeNet_DSE_Framework_2022_2/LeNet_DSE_Framework_2022_2/src/lenet_conv.cpp:36]   --->   Operation 781 'fadd' 'accumulator_assign_10_19' <Predicate = (!icmp_ln59)> <Delay = 4.34> <CoreInst = "FAddSub_fulldsp">   --->   Core 18 'FAddSub_fulldsp' <Latency = 8> <II = 1> <Delay = 4.34> <FuncUnit> <Opcode : 'fadd' 'fsub'> <InPorts = 2> <OutPorts = 1>

State 192 <SV = 191> <Delay = 4.34>
ST_192 : Operation 782 [7/9] (4.34ns)   --->   "%accumulator_assign_10_19 = fadd i32 %accumulator_assign_10_18, i32 %mul_i5_i2_19" [D:/lenet_project/handoff/LeNet_DSE_Framework_2022_2/LeNet_DSE_Framework_2022_2/src/lenet_conv.cpp:36]   --->   Operation 782 'fadd' 'accumulator_assign_10_19' <Predicate = (!icmp_ln59)> <Delay = 4.34> <CoreInst = "FAddSub_fulldsp">   --->   Core 18 'FAddSub_fulldsp' <Latency = 8> <II = 1> <Delay = 4.34> <FuncUnit> <Opcode : 'fadd' 'fsub'> <InPorts = 2> <OutPorts = 1>

State 193 <SV = 192> <Delay = 4.34>
ST_193 : Operation 783 [6/9] (4.34ns)   --->   "%accumulator_assign_10_19 = fadd i32 %accumulator_assign_10_18, i32 %mul_i5_i2_19" [D:/lenet_project/handoff/LeNet_DSE_Framework_2022_2/LeNet_DSE_Framework_2022_2/src/lenet_conv.cpp:36]   --->   Operation 783 'fadd' 'accumulator_assign_10_19' <Predicate = (!icmp_ln59)> <Delay = 4.34> <CoreInst = "FAddSub_fulldsp">   --->   Core 18 'FAddSub_fulldsp' <Latency = 8> <II = 1> <Delay = 4.34> <FuncUnit> <Opcode : 'fadd' 'fsub'> <InPorts = 2> <OutPorts = 1>

State 194 <SV = 193> <Delay = 4.34>
ST_194 : Operation 784 [5/9] (4.34ns)   --->   "%accumulator_assign_10_19 = fadd i32 %accumulator_assign_10_18, i32 %mul_i5_i2_19" [D:/lenet_project/handoff/LeNet_DSE_Framework_2022_2/LeNet_DSE_Framework_2022_2/src/lenet_conv.cpp:36]   --->   Operation 784 'fadd' 'accumulator_assign_10_19' <Predicate = (!icmp_ln59)> <Delay = 4.34> <CoreInst = "FAddSub_fulldsp">   --->   Core 18 'FAddSub_fulldsp' <Latency = 8> <II = 1> <Delay = 4.34> <FuncUnit> <Opcode : 'fadd' 'fsub'> <InPorts = 2> <OutPorts = 1>

State 195 <SV = 194> <Delay = 4.34>
ST_195 : Operation 785 [4/9] (4.34ns)   --->   "%accumulator_assign_10_19 = fadd i32 %accumulator_assign_10_18, i32 %mul_i5_i2_19" [D:/lenet_project/handoff/LeNet_DSE_Framework_2022_2/LeNet_DSE_Framework_2022_2/src/lenet_conv.cpp:36]   --->   Operation 785 'fadd' 'accumulator_assign_10_19' <Predicate = (!icmp_ln59)> <Delay = 4.34> <CoreInst = "FAddSub_fulldsp">   --->   Core 18 'FAddSub_fulldsp' <Latency = 8> <II = 1> <Delay = 4.34> <FuncUnit> <Opcode : 'fadd' 'fsub'> <InPorts = 2> <OutPorts = 1>

State 196 <SV = 195> <Delay = 4.34>
ST_196 : Operation 786 [3/9] (4.34ns)   --->   "%accumulator_assign_10_19 = fadd i32 %accumulator_assign_10_18, i32 %mul_i5_i2_19" [D:/lenet_project/handoff/LeNet_DSE_Framework_2022_2/LeNet_DSE_Framework_2022_2/src/lenet_conv.cpp:36]   --->   Operation 786 'fadd' 'accumulator_assign_10_19' <Predicate = (!icmp_ln59)> <Delay = 4.34> <CoreInst = "FAddSub_fulldsp">   --->   Core 18 'FAddSub_fulldsp' <Latency = 8> <II = 1> <Delay = 4.34> <FuncUnit> <Opcode : 'fadd' 'fsub'> <InPorts = 2> <OutPorts = 1>

State 197 <SV = 196> <Delay = 4.34>
ST_197 : Operation 787 [2/9] (4.34ns)   --->   "%accumulator_assign_10_19 = fadd i32 %accumulator_assign_10_18, i32 %mul_i5_i2_19" [D:/lenet_project/handoff/LeNet_DSE_Framework_2022_2/LeNet_DSE_Framework_2022_2/src/lenet_conv.cpp:36]   --->   Operation 787 'fadd' 'accumulator_assign_10_19' <Predicate = (!icmp_ln59)> <Delay = 4.34> <CoreInst = "FAddSub_fulldsp">   --->   Core 18 'FAddSub_fulldsp' <Latency = 8> <II = 1> <Delay = 4.34> <FuncUnit> <Opcode : 'fadd' 'fsub'> <InPorts = 2> <OutPorts = 1>

State 198 <SV = 197> <Delay = 4.34>
ST_198 : Operation 788 [1/9] (4.34ns)   --->   "%accumulator_assign_10_19 = fadd i32 %accumulator_assign_10_18, i32 %mul_i5_i2_19" [D:/lenet_project/handoff/LeNet_DSE_Framework_2022_2/LeNet_DSE_Framework_2022_2/src/lenet_conv.cpp:36]   --->   Operation 788 'fadd' 'accumulator_assign_10_19' <Predicate = (!icmp_ln59)> <Delay = 4.34> <CoreInst = "FAddSub_fulldsp">   --->   Core 18 'FAddSub_fulldsp' <Latency = 8> <II = 1> <Delay = 4.34> <FuncUnit> <Opcode : 'fadd' 'fsub'> <InPorts = 2> <OutPorts = 1>

State 199 <SV = 198> <Delay = 4.34>
ST_199 : Operation 789 [9/9] (4.34ns)   --->   "%accumulator_assign_10_20 = fadd i32 %accumulator_assign_10_19, i32 %mul_i5_i2_20" [D:/lenet_project/handoff/LeNet_DSE_Framework_2022_2/LeNet_DSE_Framework_2022_2/src/lenet_conv.cpp:36]   --->   Operation 789 'fadd' 'accumulator_assign_10_20' <Predicate = (!icmp_ln59)> <Delay = 4.34> <CoreInst = "FAddSub_fulldsp">   --->   Core 18 'FAddSub_fulldsp' <Latency = 8> <II = 1> <Delay = 4.34> <FuncUnit> <Opcode : 'fadd' 'fsub'> <InPorts = 2> <OutPorts = 1>

State 200 <SV = 199> <Delay = 4.34>
ST_200 : Operation 790 [8/9] (4.34ns)   --->   "%accumulator_assign_10_20 = fadd i32 %accumulator_assign_10_19, i32 %mul_i5_i2_20" [D:/lenet_project/handoff/LeNet_DSE_Framework_2022_2/LeNet_DSE_Framework_2022_2/src/lenet_conv.cpp:36]   --->   Operation 790 'fadd' 'accumulator_assign_10_20' <Predicate = (!icmp_ln59)> <Delay = 4.34> <CoreInst = "FAddSub_fulldsp">   --->   Core 18 'FAddSub_fulldsp' <Latency = 8> <II = 1> <Delay = 4.34> <FuncUnit> <Opcode : 'fadd' 'fsub'> <InPorts = 2> <OutPorts = 1>

State 201 <SV = 200> <Delay = 4.34>
ST_201 : Operation 791 [7/9] (4.34ns)   --->   "%accumulator_assign_10_20 = fadd i32 %accumulator_assign_10_19, i32 %mul_i5_i2_20" [D:/lenet_project/handoff/LeNet_DSE_Framework_2022_2/LeNet_DSE_Framework_2022_2/src/lenet_conv.cpp:36]   --->   Operation 791 'fadd' 'accumulator_assign_10_20' <Predicate = (!icmp_ln59)> <Delay = 4.34> <CoreInst = "FAddSub_fulldsp">   --->   Core 18 'FAddSub_fulldsp' <Latency = 8> <II = 1> <Delay = 4.34> <FuncUnit> <Opcode : 'fadd' 'fsub'> <InPorts = 2> <OutPorts = 1>

State 202 <SV = 201> <Delay = 4.34>
ST_202 : Operation 792 [6/9] (4.34ns)   --->   "%accumulator_assign_10_20 = fadd i32 %accumulator_assign_10_19, i32 %mul_i5_i2_20" [D:/lenet_project/handoff/LeNet_DSE_Framework_2022_2/LeNet_DSE_Framework_2022_2/src/lenet_conv.cpp:36]   --->   Operation 792 'fadd' 'accumulator_assign_10_20' <Predicate = (!icmp_ln59)> <Delay = 4.34> <CoreInst = "FAddSub_fulldsp">   --->   Core 18 'FAddSub_fulldsp' <Latency = 8> <II = 1> <Delay = 4.34> <FuncUnit> <Opcode : 'fadd' 'fsub'> <InPorts = 2> <OutPorts = 1>

State 203 <SV = 202> <Delay = 4.34>
ST_203 : Operation 793 [5/9] (4.34ns)   --->   "%accumulator_assign_10_20 = fadd i32 %accumulator_assign_10_19, i32 %mul_i5_i2_20" [D:/lenet_project/handoff/LeNet_DSE_Framework_2022_2/LeNet_DSE_Framework_2022_2/src/lenet_conv.cpp:36]   --->   Operation 793 'fadd' 'accumulator_assign_10_20' <Predicate = (!icmp_ln59)> <Delay = 4.34> <CoreInst = "FAddSub_fulldsp">   --->   Core 18 'FAddSub_fulldsp' <Latency = 8> <II = 1> <Delay = 4.34> <FuncUnit> <Opcode : 'fadd' 'fsub'> <InPorts = 2> <OutPorts = 1>

State 204 <SV = 203> <Delay = 4.34>
ST_204 : Operation 794 [4/9] (4.34ns)   --->   "%accumulator_assign_10_20 = fadd i32 %accumulator_assign_10_19, i32 %mul_i5_i2_20" [D:/lenet_project/handoff/LeNet_DSE_Framework_2022_2/LeNet_DSE_Framework_2022_2/src/lenet_conv.cpp:36]   --->   Operation 794 'fadd' 'accumulator_assign_10_20' <Predicate = (!icmp_ln59)> <Delay = 4.34> <CoreInst = "FAddSub_fulldsp">   --->   Core 18 'FAddSub_fulldsp' <Latency = 8> <II = 1> <Delay = 4.34> <FuncUnit> <Opcode : 'fadd' 'fsub'> <InPorts = 2> <OutPorts = 1>

State 205 <SV = 204> <Delay = 4.34>
ST_205 : Operation 795 [3/9] (4.34ns)   --->   "%accumulator_assign_10_20 = fadd i32 %accumulator_assign_10_19, i32 %mul_i5_i2_20" [D:/lenet_project/handoff/LeNet_DSE_Framework_2022_2/LeNet_DSE_Framework_2022_2/src/lenet_conv.cpp:36]   --->   Operation 795 'fadd' 'accumulator_assign_10_20' <Predicate = (!icmp_ln59)> <Delay = 4.34> <CoreInst = "FAddSub_fulldsp">   --->   Core 18 'FAddSub_fulldsp' <Latency = 8> <II = 1> <Delay = 4.34> <FuncUnit> <Opcode : 'fadd' 'fsub'> <InPorts = 2> <OutPorts = 1>

State 206 <SV = 205> <Delay = 4.34>
ST_206 : Operation 796 [2/9] (4.34ns)   --->   "%accumulator_assign_10_20 = fadd i32 %accumulator_assign_10_19, i32 %mul_i5_i2_20" [D:/lenet_project/handoff/LeNet_DSE_Framework_2022_2/LeNet_DSE_Framework_2022_2/src/lenet_conv.cpp:36]   --->   Operation 796 'fadd' 'accumulator_assign_10_20' <Predicate = (!icmp_ln59)> <Delay = 4.34> <CoreInst = "FAddSub_fulldsp">   --->   Core 18 'FAddSub_fulldsp' <Latency = 8> <II = 1> <Delay = 4.34> <FuncUnit> <Opcode : 'fadd' 'fsub'> <InPorts = 2> <OutPorts = 1>

State 207 <SV = 206> <Delay = 4.34>
ST_207 : Operation 797 [1/9] (4.34ns)   --->   "%accumulator_assign_10_20 = fadd i32 %accumulator_assign_10_19, i32 %mul_i5_i2_20" [D:/lenet_project/handoff/LeNet_DSE_Framework_2022_2/LeNet_DSE_Framework_2022_2/src/lenet_conv.cpp:36]   --->   Operation 797 'fadd' 'accumulator_assign_10_20' <Predicate = (!icmp_ln59)> <Delay = 4.34> <CoreInst = "FAddSub_fulldsp">   --->   Core 18 'FAddSub_fulldsp' <Latency = 8> <II = 1> <Delay = 4.34> <FuncUnit> <Opcode : 'fadd' 'fsub'> <InPorts = 2> <OutPorts = 1>

State 208 <SV = 207> <Delay = 4.34>
ST_208 : Operation 798 [9/9] (4.34ns)   --->   "%accumulator_assign_10_21 = fadd i32 %accumulator_assign_10_20, i32 %mul_i5_i2_21" [D:/lenet_project/handoff/LeNet_DSE_Framework_2022_2/LeNet_DSE_Framework_2022_2/src/lenet_conv.cpp:36]   --->   Operation 798 'fadd' 'accumulator_assign_10_21' <Predicate = (!icmp_ln59)> <Delay = 4.34> <CoreInst = "FAddSub_fulldsp">   --->   Core 18 'FAddSub_fulldsp' <Latency = 8> <II = 1> <Delay = 4.34> <FuncUnit> <Opcode : 'fadd' 'fsub'> <InPorts = 2> <OutPorts = 1>

State 209 <SV = 208> <Delay = 4.34>
ST_209 : Operation 799 [8/9] (4.34ns)   --->   "%accumulator_assign_10_21 = fadd i32 %accumulator_assign_10_20, i32 %mul_i5_i2_21" [D:/lenet_project/handoff/LeNet_DSE_Framework_2022_2/LeNet_DSE_Framework_2022_2/src/lenet_conv.cpp:36]   --->   Operation 799 'fadd' 'accumulator_assign_10_21' <Predicate = (!icmp_ln59)> <Delay = 4.34> <CoreInst = "FAddSub_fulldsp">   --->   Core 18 'FAddSub_fulldsp' <Latency = 8> <II = 1> <Delay = 4.34> <FuncUnit> <Opcode : 'fadd' 'fsub'> <InPorts = 2> <OutPorts = 1>

State 210 <SV = 209> <Delay = 4.34>
ST_210 : Operation 800 [7/9] (4.34ns)   --->   "%accumulator_assign_10_21 = fadd i32 %accumulator_assign_10_20, i32 %mul_i5_i2_21" [D:/lenet_project/handoff/LeNet_DSE_Framework_2022_2/LeNet_DSE_Framework_2022_2/src/lenet_conv.cpp:36]   --->   Operation 800 'fadd' 'accumulator_assign_10_21' <Predicate = (!icmp_ln59)> <Delay = 4.34> <CoreInst = "FAddSub_fulldsp">   --->   Core 18 'FAddSub_fulldsp' <Latency = 8> <II = 1> <Delay = 4.34> <FuncUnit> <Opcode : 'fadd' 'fsub'> <InPorts = 2> <OutPorts = 1>

State 211 <SV = 210> <Delay = 4.34>
ST_211 : Operation 801 [6/9] (4.34ns)   --->   "%accumulator_assign_10_21 = fadd i32 %accumulator_assign_10_20, i32 %mul_i5_i2_21" [D:/lenet_project/handoff/LeNet_DSE_Framework_2022_2/LeNet_DSE_Framework_2022_2/src/lenet_conv.cpp:36]   --->   Operation 801 'fadd' 'accumulator_assign_10_21' <Predicate = (!icmp_ln59)> <Delay = 4.34> <CoreInst = "FAddSub_fulldsp">   --->   Core 18 'FAddSub_fulldsp' <Latency = 8> <II = 1> <Delay = 4.34> <FuncUnit> <Opcode : 'fadd' 'fsub'> <InPorts = 2> <OutPorts = 1>

State 212 <SV = 211> <Delay = 4.34>
ST_212 : Operation 802 [5/9] (4.34ns)   --->   "%accumulator_assign_10_21 = fadd i32 %accumulator_assign_10_20, i32 %mul_i5_i2_21" [D:/lenet_project/handoff/LeNet_DSE_Framework_2022_2/LeNet_DSE_Framework_2022_2/src/lenet_conv.cpp:36]   --->   Operation 802 'fadd' 'accumulator_assign_10_21' <Predicate = (!icmp_ln59)> <Delay = 4.34> <CoreInst = "FAddSub_fulldsp">   --->   Core 18 'FAddSub_fulldsp' <Latency = 8> <II = 1> <Delay = 4.34> <FuncUnit> <Opcode : 'fadd' 'fsub'> <InPorts = 2> <OutPorts = 1>

State 213 <SV = 212> <Delay = 4.34>
ST_213 : Operation 803 [4/9] (4.34ns)   --->   "%accumulator_assign_10_21 = fadd i32 %accumulator_assign_10_20, i32 %mul_i5_i2_21" [D:/lenet_project/handoff/LeNet_DSE_Framework_2022_2/LeNet_DSE_Framework_2022_2/src/lenet_conv.cpp:36]   --->   Operation 803 'fadd' 'accumulator_assign_10_21' <Predicate = (!icmp_ln59)> <Delay = 4.34> <CoreInst = "FAddSub_fulldsp">   --->   Core 18 'FAddSub_fulldsp' <Latency = 8> <II = 1> <Delay = 4.34> <FuncUnit> <Opcode : 'fadd' 'fsub'> <InPorts = 2> <OutPorts = 1>

State 214 <SV = 213> <Delay = 4.34>
ST_214 : Operation 804 [3/9] (4.34ns)   --->   "%accumulator_assign_10_21 = fadd i32 %accumulator_assign_10_20, i32 %mul_i5_i2_21" [D:/lenet_project/handoff/LeNet_DSE_Framework_2022_2/LeNet_DSE_Framework_2022_2/src/lenet_conv.cpp:36]   --->   Operation 804 'fadd' 'accumulator_assign_10_21' <Predicate = (!icmp_ln59)> <Delay = 4.34> <CoreInst = "FAddSub_fulldsp">   --->   Core 18 'FAddSub_fulldsp' <Latency = 8> <II = 1> <Delay = 4.34> <FuncUnit> <Opcode : 'fadd' 'fsub'> <InPorts = 2> <OutPorts = 1>

State 215 <SV = 214> <Delay = 4.34>
ST_215 : Operation 805 [2/9] (4.34ns)   --->   "%accumulator_assign_10_21 = fadd i32 %accumulator_assign_10_20, i32 %mul_i5_i2_21" [D:/lenet_project/handoff/LeNet_DSE_Framework_2022_2/LeNet_DSE_Framework_2022_2/src/lenet_conv.cpp:36]   --->   Operation 805 'fadd' 'accumulator_assign_10_21' <Predicate = (!icmp_ln59)> <Delay = 4.34> <CoreInst = "FAddSub_fulldsp">   --->   Core 18 'FAddSub_fulldsp' <Latency = 8> <II = 1> <Delay = 4.34> <FuncUnit> <Opcode : 'fadd' 'fsub'> <InPorts = 2> <OutPorts = 1>

State 216 <SV = 215> <Delay = 4.34>
ST_216 : Operation 806 [1/9] (4.34ns)   --->   "%accumulator_assign_10_21 = fadd i32 %accumulator_assign_10_20, i32 %mul_i5_i2_21" [D:/lenet_project/handoff/LeNet_DSE_Framework_2022_2/LeNet_DSE_Framework_2022_2/src/lenet_conv.cpp:36]   --->   Operation 806 'fadd' 'accumulator_assign_10_21' <Predicate = (!icmp_ln59)> <Delay = 4.34> <CoreInst = "FAddSub_fulldsp">   --->   Core 18 'FAddSub_fulldsp' <Latency = 8> <II = 1> <Delay = 4.34> <FuncUnit> <Opcode : 'fadd' 'fsub'> <InPorts = 2> <OutPorts = 1>

State 217 <SV = 216> <Delay = 4.34>
ST_217 : Operation 807 [9/9] (4.34ns)   --->   "%accumulator_assign_10_22 = fadd i32 %accumulator_assign_10_21, i32 %mul_i5_i2_22" [D:/lenet_project/handoff/LeNet_DSE_Framework_2022_2/LeNet_DSE_Framework_2022_2/src/lenet_conv.cpp:36]   --->   Operation 807 'fadd' 'accumulator_assign_10_22' <Predicate = (!icmp_ln59)> <Delay = 4.34> <CoreInst = "FAddSub_fulldsp">   --->   Core 18 'FAddSub_fulldsp' <Latency = 8> <II = 1> <Delay = 4.34> <FuncUnit> <Opcode : 'fadd' 'fsub'> <InPorts = 2> <OutPorts = 1>

State 218 <SV = 217> <Delay = 4.34>
ST_218 : Operation 808 [8/9] (4.34ns)   --->   "%accumulator_assign_10_22 = fadd i32 %accumulator_assign_10_21, i32 %mul_i5_i2_22" [D:/lenet_project/handoff/LeNet_DSE_Framework_2022_2/LeNet_DSE_Framework_2022_2/src/lenet_conv.cpp:36]   --->   Operation 808 'fadd' 'accumulator_assign_10_22' <Predicate = (!icmp_ln59)> <Delay = 4.34> <CoreInst = "FAddSub_fulldsp">   --->   Core 18 'FAddSub_fulldsp' <Latency = 8> <II = 1> <Delay = 4.34> <FuncUnit> <Opcode : 'fadd' 'fsub'> <InPorts = 2> <OutPorts = 1>

State 219 <SV = 218> <Delay = 4.34>
ST_219 : Operation 809 [7/9] (4.34ns)   --->   "%accumulator_assign_10_22 = fadd i32 %accumulator_assign_10_21, i32 %mul_i5_i2_22" [D:/lenet_project/handoff/LeNet_DSE_Framework_2022_2/LeNet_DSE_Framework_2022_2/src/lenet_conv.cpp:36]   --->   Operation 809 'fadd' 'accumulator_assign_10_22' <Predicate = (!icmp_ln59)> <Delay = 4.34> <CoreInst = "FAddSub_fulldsp">   --->   Core 18 'FAddSub_fulldsp' <Latency = 8> <II = 1> <Delay = 4.34> <FuncUnit> <Opcode : 'fadd' 'fsub'> <InPorts = 2> <OutPorts = 1>

State 220 <SV = 219> <Delay = 4.34>
ST_220 : Operation 810 [6/9] (4.34ns)   --->   "%accumulator_assign_10_22 = fadd i32 %accumulator_assign_10_21, i32 %mul_i5_i2_22" [D:/lenet_project/handoff/LeNet_DSE_Framework_2022_2/LeNet_DSE_Framework_2022_2/src/lenet_conv.cpp:36]   --->   Operation 810 'fadd' 'accumulator_assign_10_22' <Predicate = (!icmp_ln59)> <Delay = 4.34> <CoreInst = "FAddSub_fulldsp">   --->   Core 18 'FAddSub_fulldsp' <Latency = 8> <II = 1> <Delay = 4.34> <FuncUnit> <Opcode : 'fadd' 'fsub'> <InPorts = 2> <OutPorts = 1>

State 221 <SV = 220> <Delay = 4.34>
ST_221 : Operation 811 [5/9] (4.34ns)   --->   "%accumulator_assign_10_22 = fadd i32 %accumulator_assign_10_21, i32 %mul_i5_i2_22" [D:/lenet_project/handoff/LeNet_DSE_Framework_2022_2/LeNet_DSE_Framework_2022_2/src/lenet_conv.cpp:36]   --->   Operation 811 'fadd' 'accumulator_assign_10_22' <Predicate = (!icmp_ln59)> <Delay = 4.34> <CoreInst = "FAddSub_fulldsp">   --->   Core 18 'FAddSub_fulldsp' <Latency = 8> <II = 1> <Delay = 4.34> <FuncUnit> <Opcode : 'fadd' 'fsub'> <InPorts = 2> <OutPorts = 1>

State 222 <SV = 221> <Delay = 4.34>
ST_222 : Operation 812 [4/9] (4.34ns)   --->   "%accumulator_assign_10_22 = fadd i32 %accumulator_assign_10_21, i32 %mul_i5_i2_22" [D:/lenet_project/handoff/LeNet_DSE_Framework_2022_2/LeNet_DSE_Framework_2022_2/src/lenet_conv.cpp:36]   --->   Operation 812 'fadd' 'accumulator_assign_10_22' <Predicate = (!icmp_ln59)> <Delay = 4.34> <CoreInst = "FAddSub_fulldsp">   --->   Core 18 'FAddSub_fulldsp' <Latency = 8> <II = 1> <Delay = 4.34> <FuncUnit> <Opcode : 'fadd' 'fsub'> <InPorts = 2> <OutPorts = 1>

State 223 <SV = 222> <Delay = 4.34>
ST_223 : Operation 813 [3/9] (4.34ns)   --->   "%accumulator_assign_10_22 = fadd i32 %accumulator_assign_10_21, i32 %mul_i5_i2_22" [D:/lenet_project/handoff/LeNet_DSE_Framework_2022_2/LeNet_DSE_Framework_2022_2/src/lenet_conv.cpp:36]   --->   Operation 813 'fadd' 'accumulator_assign_10_22' <Predicate = (!icmp_ln59)> <Delay = 4.34> <CoreInst = "FAddSub_fulldsp">   --->   Core 18 'FAddSub_fulldsp' <Latency = 8> <II = 1> <Delay = 4.34> <FuncUnit> <Opcode : 'fadd' 'fsub'> <InPorts = 2> <OutPorts = 1>

State 224 <SV = 223> <Delay = 4.34>
ST_224 : Operation 814 [2/9] (4.34ns)   --->   "%accumulator_assign_10_22 = fadd i32 %accumulator_assign_10_21, i32 %mul_i5_i2_22" [D:/lenet_project/handoff/LeNet_DSE_Framework_2022_2/LeNet_DSE_Framework_2022_2/src/lenet_conv.cpp:36]   --->   Operation 814 'fadd' 'accumulator_assign_10_22' <Predicate = (!icmp_ln59)> <Delay = 4.34> <CoreInst = "FAddSub_fulldsp">   --->   Core 18 'FAddSub_fulldsp' <Latency = 8> <II = 1> <Delay = 4.34> <FuncUnit> <Opcode : 'fadd' 'fsub'> <InPorts = 2> <OutPorts = 1>

State 225 <SV = 224> <Delay = 4.34>
ST_225 : Operation 815 [1/9] (4.34ns)   --->   "%accumulator_assign_10_22 = fadd i32 %accumulator_assign_10_21, i32 %mul_i5_i2_22" [D:/lenet_project/handoff/LeNet_DSE_Framework_2022_2/LeNet_DSE_Framework_2022_2/src/lenet_conv.cpp:36]   --->   Operation 815 'fadd' 'accumulator_assign_10_22' <Predicate = (!icmp_ln59)> <Delay = 4.34> <CoreInst = "FAddSub_fulldsp">   --->   Core 18 'FAddSub_fulldsp' <Latency = 8> <II = 1> <Delay = 4.34> <FuncUnit> <Opcode : 'fadd' 'fsub'> <InPorts = 2> <OutPorts = 1>
ST_225 : Operation 816 [1/1] (1.58ns)   --->   "%store_ln60 = store i3 %add_ln60, i3 %input_channel" [D:/lenet_project/handoff/LeNet_DSE_Framework_2022_2/LeNet_DSE_Framework_2022_2/src/lenet_conv.cpp:60]   --->   Operation 816 'store' 'store_ln60' <Predicate = (!icmp_ln59)> <Delay = 1.58>

State 226 <SV = 225> <Delay = 4.34>
ST_226 : Operation 817 [9/9] (4.34ns)   --->   "%accumulator_assign_10_23 = fadd i32 %accumulator_assign_10_22, i32 %mul_i5_i2_23" [D:/lenet_project/handoff/LeNet_DSE_Framework_2022_2/LeNet_DSE_Framework_2022_2/src/lenet_conv.cpp:36]   --->   Operation 817 'fadd' 'accumulator_assign_10_23' <Predicate = true> <Delay = 4.34> <CoreInst = "FAddSub_fulldsp">   --->   Core 18 'FAddSub_fulldsp' <Latency = 8> <II = 1> <Delay = 4.34> <FuncUnit> <Opcode : 'fadd' 'fsub'> <InPorts = 2> <OutPorts = 1>

State 227 <SV = 226> <Delay = 4.34>
ST_227 : Operation 818 [8/9] (4.34ns)   --->   "%accumulator_assign_10_23 = fadd i32 %accumulator_assign_10_22, i32 %mul_i5_i2_23" [D:/lenet_project/handoff/LeNet_DSE_Framework_2022_2/LeNet_DSE_Framework_2022_2/src/lenet_conv.cpp:36]   --->   Operation 818 'fadd' 'accumulator_assign_10_23' <Predicate = true> <Delay = 4.34> <CoreInst = "FAddSub_fulldsp">   --->   Core 18 'FAddSub_fulldsp' <Latency = 8> <II = 1> <Delay = 4.34> <FuncUnit> <Opcode : 'fadd' 'fsub'> <InPorts = 2> <OutPorts = 1>

State 228 <SV = 227> <Delay = 4.34>
ST_228 : Operation 819 [7/9] (4.34ns)   --->   "%accumulator_assign_10_23 = fadd i32 %accumulator_assign_10_22, i32 %mul_i5_i2_23" [D:/lenet_project/handoff/LeNet_DSE_Framework_2022_2/LeNet_DSE_Framework_2022_2/src/lenet_conv.cpp:36]   --->   Operation 819 'fadd' 'accumulator_assign_10_23' <Predicate = true> <Delay = 4.34> <CoreInst = "FAddSub_fulldsp">   --->   Core 18 'FAddSub_fulldsp' <Latency = 8> <II = 1> <Delay = 4.34> <FuncUnit> <Opcode : 'fadd' 'fsub'> <InPorts = 2> <OutPorts = 1>

State 229 <SV = 228> <Delay = 4.34>
ST_229 : Operation 820 [6/9] (4.34ns)   --->   "%accumulator_assign_10_23 = fadd i32 %accumulator_assign_10_22, i32 %mul_i5_i2_23" [D:/lenet_project/handoff/LeNet_DSE_Framework_2022_2/LeNet_DSE_Framework_2022_2/src/lenet_conv.cpp:36]   --->   Operation 820 'fadd' 'accumulator_assign_10_23' <Predicate = true> <Delay = 4.34> <CoreInst = "FAddSub_fulldsp">   --->   Core 18 'FAddSub_fulldsp' <Latency = 8> <II = 1> <Delay = 4.34> <FuncUnit> <Opcode : 'fadd' 'fsub'> <InPorts = 2> <OutPorts = 1>

State 230 <SV = 229> <Delay = 4.34>
ST_230 : Operation 821 [5/9] (4.34ns)   --->   "%accumulator_assign_10_23 = fadd i32 %accumulator_assign_10_22, i32 %mul_i5_i2_23" [D:/lenet_project/handoff/LeNet_DSE_Framework_2022_2/LeNet_DSE_Framework_2022_2/src/lenet_conv.cpp:36]   --->   Operation 821 'fadd' 'accumulator_assign_10_23' <Predicate = true> <Delay = 4.34> <CoreInst = "FAddSub_fulldsp">   --->   Core 18 'FAddSub_fulldsp' <Latency = 8> <II = 1> <Delay = 4.34> <FuncUnit> <Opcode : 'fadd' 'fsub'> <InPorts = 2> <OutPorts = 1>

State 231 <SV = 230> <Delay = 4.34>
ST_231 : Operation 822 [4/9] (4.34ns)   --->   "%accumulator_assign_10_23 = fadd i32 %accumulator_assign_10_22, i32 %mul_i5_i2_23" [D:/lenet_project/handoff/LeNet_DSE_Framework_2022_2/LeNet_DSE_Framework_2022_2/src/lenet_conv.cpp:36]   --->   Operation 822 'fadd' 'accumulator_assign_10_23' <Predicate = true> <Delay = 4.34> <CoreInst = "FAddSub_fulldsp">   --->   Core 18 'FAddSub_fulldsp' <Latency = 8> <II = 1> <Delay = 4.34> <FuncUnit> <Opcode : 'fadd' 'fsub'> <InPorts = 2> <OutPorts = 1>

State 232 <SV = 231> <Delay = 4.34>
ST_232 : Operation 823 [3/9] (4.34ns)   --->   "%accumulator_assign_10_23 = fadd i32 %accumulator_assign_10_22, i32 %mul_i5_i2_23" [D:/lenet_project/handoff/LeNet_DSE_Framework_2022_2/LeNet_DSE_Framework_2022_2/src/lenet_conv.cpp:36]   --->   Operation 823 'fadd' 'accumulator_assign_10_23' <Predicate = true> <Delay = 4.34> <CoreInst = "FAddSub_fulldsp">   --->   Core 18 'FAddSub_fulldsp' <Latency = 8> <II = 1> <Delay = 4.34> <FuncUnit> <Opcode : 'fadd' 'fsub'> <InPorts = 2> <OutPorts = 1>

State 233 <SV = 232> <Delay = 4.34>
ST_233 : Operation 824 [2/9] (4.34ns)   --->   "%accumulator_assign_10_23 = fadd i32 %accumulator_assign_10_22, i32 %mul_i5_i2_23" [D:/lenet_project/handoff/LeNet_DSE_Framework_2022_2/LeNet_DSE_Framework_2022_2/src/lenet_conv.cpp:36]   --->   Operation 824 'fadd' 'accumulator_assign_10_23' <Predicate = true> <Delay = 4.34> <CoreInst = "FAddSub_fulldsp">   --->   Core 18 'FAddSub_fulldsp' <Latency = 8> <II = 1> <Delay = 4.34> <FuncUnit> <Opcode : 'fadd' 'fsub'> <InPorts = 2> <OutPorts = 1>

State 234 <SV = 233> <Delay = 4.34>
ST_234 : Operation 825 [1/1] (0.00ns)   --->   "%specloopname_ln8 = specloopname void @_ssdm_op_SpecLoopName, void @empty_18" [D:/lenet_project/handoff/LeNet_DSE_Framework_2022_2/LeNet_DSE_Framework_2022_2/src/lenet_conv.cpp:8]   --->   Operation 825 'specloopname' 'specloopname_ln8' <Predicate = true> <Delay = 0.00>
ST_234 : Operation 826 [1/9] (4.34ns)   --->   "%accumulator_assign_10_23 = fadd i32 %accumulator_assign_10_22, i32 %mul_i5_i2_23" [D:/lenet_project/handoff/LeNet_DSE_Framework_2022_2/LeNet_DSE_Framework_2022_2/src/lenet_conv.cpp:36]   --->   Operation 826 'fadd' 'accumulator_assign_10_23' <Predicate = true> <Delay = 4.34> <CoreInst = "FAddSub_fulldsp">   --->   Core 18 'FAddSub_fulldsp' <Latency = 8> <II = 1> <Delay = 4.34> <FuncUnit> <Opcode : 'fadd' 'fsub'> <InPorts = 2> <OutPorts = 1>

State 235 <SV = 234> <Delay = 3.25>
ST_235 : Operation 827 [1/1] (3.25ns)   --->   "%store_ln77 = store i32 %accumulator_assign_10_23, i11 %conv2_output_addr" [D:/lenet_project/handoff/LeNet_DSE_Framework_2022_2/LeNet_DSE_Framework_2022_2/src/lenet_conv.cpp:77]   --->   Operation 827 'store' 'store_ln77' <Predicate = (ifzero)> <Delay = 3.25> <CoreInst = "RAM_1WnR">   --->   Core 83 'RAM_1WnR' <Latency = 1> <II = 1> <Delay = 3.25> <Storage> <Opcode : 'load' 'store'> <Ports = 17> <Width = 32> <Depth = 1600> <RAM>
ST_235 : Operation 828 [1/1] (0.00ns)   --->   "%br_ln0 = br void %ifFalse"   --->   Operation 828 'br' 'br_ln0' <Predicate = (ifzero)> <Delay = 0.00>
ST_235 : Operation 829 [1/1] (1.58ns)   --->   "%store_ln36 = store i32 %accumulator_assign_10_23, i32 %accumulator" [D:/lenet_project/handoff/LeNet_DSE_Framework_2022_2/LeNet_DSE_Framework_2022_2/src/lenet_conv.cpp:36]   --->   Operation 829 'store' 'store_ln36' <Predicate = true> <Delay = 1.58>
ST_235 : Operation 830 [1/1] (0.00ns)   --->   "%br_ln0 = br void %for.body12.i"   --->   Operation 830 'br' 'br_ln0' <Predicate = true> <Delay = 0.00>


============================================================
+ Verbose Summary: Timing violations
============================================================
Target clock period: 7ns, clock uncertainty: 1.89ns.

 <State 1>: 3.58ns
The critical path consists of the following:
	'alloca' operation ('input_channel') [10]  (0 ns)
	'load' operation ('input_channel', D:/lenet_project/handoff/LeNet_DSE_Framework_2022_2/LeNet_DSE_Framework_2022_2/src/lenet_conv.cpp:60) on local variable 'input_channel' [25]  (0 ns)
	'sub' operation ('newFirst', D:/lenet_project/handoff/LeNet_DSE_Framework_2022_2/LeNet_DSE_Framework_2022_2/src/lenet_conv.cpp:60) [41]  (0 ns)
	'add' operation ('newSecond', D:/lenet_project/handoff/LeNet_DSE_Framework_2022_2/LeNet_DSE_Framework_2022_2/src/lenet_conv.cpp:60) [42]  (3.58 ns)

 <State 2>: 5.11ns
The critical path consists of the following:
	bus read operation ('gmem1_addr_read', D:/lenet_project/handoff/LeNet_DSE_Framework_2022_2/LeNet_DSE_Framework_2022_2/src/lenet_conv.cpp:36) on port 'gmem1' (D:/lenet_project/handoff/LeNet_DSE_Framework_2022_2/LeNet_DSE_Framework_2022_2/src/lenet_conv.cpp:36) [172]  (5.11 ns)

 <State 3>: 5.11ns
The critical path consists of the following:
	bus read operation ('gmem1_addr_read_49', D:/lenet_project/handoff/LeNet_DSE_Framework_2022_2/LeNet_DSE_Framework_2022_2/src/lenet_conv.cpp:36) on port 'gmem1' (D:/lenet_project/handoff/LeNet_DSE_Framework_2022_2/LeNet_DSE_Framework_2022_2/src/lenet_conv.cpp:36) [176]  (5.11 ns)

 <State 4>: 5.11ns
The critical path consists of the following:
	bus read operation ('gmem1_addr_read_50', D:/lenet_project/handoff/LeNet_DSE_Framework_2022_2/LeNet_DSE_Framework_2022_2/src/lenet_conv.cpp:36) on port 'gmem1' (D:/lenet_project/handoff/LeNet_DSE_Framework_2022_2/LeNet_DSE_Framework_2022_2/src/lenet_conv.cpp:36) [180]  (5.11 ns)

 <State 5>: 5.11ns
The critical path consists of the following:
	bus read operation ('gmem1_addr_read_51', D:/lenet_project/handoff/LeNet_DSE_Framework_2022_2/LeNet_DSE_Framework_2022_2/src/lenet_conv.cpp:36) on port 'gmem1' (D:/lenet_project/handoff/LeNet_DSE_Framework_2022_2/LeNet_DSE_Framework_2022_2/src/lenet_conv.cpp:36) [184]  (5.11 ns)

 <State 6>: 5.11ns
The critical path consists of the following:
	bus read operation ('gmem1_addr_read_52', D:/lenet_project/handoff/LeNet_DSE_Framework_2022_2/LeNet_DSE_Framework_2022_2/src/lenet_conv.cpp:36) on port 'gmem1' (D:/lenet_project/handoff/LeNet_DSE_Framework_2022_2/LeNet_DSE_Framework_2022_2/src/lenet_conv.cpp:36) [188]  (5.11 ns)

 <State 7>: 5.11ns
The critical path consists of the following:
	bus read operation ('gmem1_addr_read_53', D:/lenet_project/handoff/LeNet_DSE_Framework_2022_2/LeNet_DSE_Framework_2022_2/src/lenet_conv.cpp:36) on port 'gmem1' (D:/lenet_project/handoff/LeNet_DSE_Framework_2022_2/LeNet_DSE_Framework_2022_2/src/lenet_conv.cpp:36) [192]  (5.11 ns)

 <State 8>: 5.11ns
The critical path consists of the following:
	bus read operation ('gmem1_addr_read_54', D:/lenet_project/handoff/LeNet_DSE_Framework_2022_2/LeNet_DSE_Framework_2022_2/src/lenet_conv.cpp:36) on port 'gmem1' (D:/lenet_project/handoff/LeNet_DSE_Framework_2022_2/LeNet_DSE_Framework_2022_2/src/lenet_conv.cpp:36) [196]  (5.11 ns)

 <State 9>: 5.11ns
The critical path consists of the following:
	bus read operation ('gmem1_addr_read_55', D:/lenet_project/handoff/LeNet_DSE_Framework_2022_2/LeNet_DSE_Framework_2022_2/src/lenet_conv.cpp:36) on port 'gmem1' (D:/lenet_project/handoff/LeNet_DSE_Framework_2022_2/LeNet_DSE_Framework_2022_2/src/lenet_conv.cpp:36) [200]  (5.11 ns)

 <State 10>: 5.11ns
The critical path consists of the following:
	bus read operation ('gmem1_addr_read_56', D:/lenet_project/handoff/LeNet_DSE_Framework_2022_2/LeNet_DSE_Framework_2022_2/src/lenet_conv.cpp:36) on port 'gmem1' (D:/lenet_project/handoff/LeNet_DSE_Framework_2022_2/LeNet_DSE_Framework_2022_2/src/lenet_conv.cpp:36) [204]  (5.11 ns)

 <State 11>: 5.11ns
The critical path consists of the following:
	bus read operation ('gmem1_addr_read_57', D:/lenet_project/handoff/LeNet_DSE_Framework_2022_2/LeNet_DSE_Framework_2022_2/src/lenet_conv.cpp:36) on port 'gmem1' (D:/lenet_project/handoff/LeNet_DSE_Framework_2022_2/LeNet_DSE_Framework_2022_2/src/lenet_conv.cpp:36) [208]  (5.11 ns)

 <State 12>: 5.11ns
The critical path consists of the following:
	bus read operation ('gmem1_addr_read_58', D:/lenet_project/handoff/LeNet_DSE_Framework_2022_2/LeNet_DSE_Framework_2022_2/src/lenet_conv.cpp:36) on port 'gmem1' (D:/lenet_project/handoff/LeNet_DSE_Framework_2022_2/LeNet_DSE_Framework_2022_2/src/lenet_conv.cpp:36) [212]  (5.11 ns)

 <State 13>: 5.11ns
The critical path consists of the following:
	bus read operation ('gmem1_addr_read_59', D:/lenet_project/handoff/LeNet_DSE_Framework_2022_2/LeNet_DSE_Framework_2022_2/src/lenet_conv.cpp:36) on port 'gmem1' (D:/lenet_project/handoff/LeNet_DSE_Framework_2022_2/LeNet_DSE_Framework_2022_2/src/lenet_conv.cpp:36) [216]  (5.11 ns)

 <State 14>: 5.11ns
The critical path consists of the following:
	bus read operation ('gmem1_addr_read_60', D:/lenet_project/handoff/LeNet_DSE_Framework_2022_2/LeNet_DSE_Framework_2022_2/src/lenet_conv.cpp:36) on port 'gmem1' (D:/lenet_project/handoff/LeNet_DSE_Framework_2022_2/LeNet_DSE_Framework_2022_2/src/lenet_conv.cpp:36) [220]  (5.11 ns)

 <State 15>: 5.11ns
The critical path consists of the following:
	bus read operation ('gmem1_addr_read_61', D:/lenet_project/handoff/LeNet_DSE_Framework_2022_2/LeNet_DSE_Framework_2022_2/src/lenet_conv.cpp:36) on port 'gmem1' (D:/lenet_project/handoff/LeNet_DSE_Framework_2022_2/LeNet_DSE_Framework_2022_2/src/lenet_conv.cpp:36) [224]  (5.11 ns)

 <State 16>: 5.11ns
The critical path consists of the following:
	bus read operation ('gmem1_addr_read_62', D:/lenet_project/handoff/LeNet_DSE_Framework_2022_2/LeNet_DSE_Framework_2022_2/src/lenet_conv.cpp:36) on port 'gmem1' (D:/lenet_project/handoff/LeNet_DSE_Framework_2022_2/LeNet_DSE_Framework_2022_2/src/lenet_conv.cpp:36) [228]  (5.11 ns)

 <State 17>: 5.11ns
The critical path consists of the following:
	bus read operation ('gmem1_addr_read_63', D:/lenet_project/handoff/LeNet_DSE_Framework_2022_2/LeNet_DSE_Framework_2022_2/src/lenet_conv.cpp:36) on port 'gmem1' (D:/lenet_project/handoff/LeNet_DSE_Framework_2022_2/LeNet_DSE_Framework_2022_2/src/lenet_conv.cpp:36) [232]  (5.11 ns)

 <State 18>: 5.11ns
The critical path consists of the following:
	bus read operation ('gmem1_addr_read_64', D:/lenet_project/handoff/LeNet_DSE_Framework_2022_2/LeNet_DSE_Framework_2022_2/src/lenet_conv.cpp:36) on port 'gmem1' (D:/lenet_project/handoff/LeNet_DSE_Framework_2022_2/LeNet_DSE_Framework_2022_2/src/lenet_conv.cpp:36) [236]  (5.11 ns)

 <State 19>: 5.11ns
The critical path consists of the following:
	bus read operation ('gmem1_addr_read_65', D:/lenet_project/handoff/LeNet_DSE_Framework_2022_2/LeNet_DSE_Framework_2022_2/src/lenet_conv.cpp:36) on port 'gmem1' (D:/lenet_project/handoff/LeNet_DSE_Framework_2022_2/LeNet_DSE_Framework_2022_2/src/lenet_conv.cpp:36) [240]  (5.11 ns)

 <State 20>: 5.11ns
The critical path consists of the following:
	bus read operation ('gmem1_addr_read_66', D:/lenet_project/handoff/LeNet_DSE_Framework_2022_2/LeNet_DSE_Framework_2022_2/src/lenet_conv.cpp:36) on port 'gmem1' (D:/lenet_project/handoff/LeNet_DSE_Framework_2022_2/LeNet_DSE_Framework_2022_2/src/lenet_conv.cpp:36) [244]  (5.11 ns)

 <State 21>: 5.11ns
The critical path consists of the following:
	bus read operation ('gmem1_addr_read_67', D:/lenet_project/handoff/LeNet_DSE_Framework_2022_2/LeNet_DSE_Framework_2022_2/src/lenet_conv.cpp:36) on port 'gmem1' (D:/lenet_project/handoff/LeNet_DSE_Framework_2022_2/LeNet_DSE_Framework_2022_2/src/lenet_conv.cpp:36) [248]  (5.11 ns)

 <State 22>: 5.11ns
The critical path consists of the following:
	bus read operation ('gmem1_addr_read_68', D:/lenet_project/handoff/LeNet_DSE_Framework_2022_2/LeNet_DSE_Framework_2022_2/src/lenet_conv.cpp:36) on port 'gmem1' (D:/lenet_project/handoff/LeNet_DSE_Framework_2022_2/LeNet_DSE_Framework_2022_2/src/lenet_conv.cpp:36) [252]  (5.11 ns)

 <State 23>: 5.11ns
The critical path consists of the following:
	bus read operation ('gmem1_addr_read_69', D:/lenet_project/handoff/LeNet_DSE_Framework_2022_2/LeNet_DSE_Framework_2022_2/src/lenet_conv.cpp:36) on port 'gmem1' (D:/lenet_project/handoff/LeNet_DSE_Framework_2022_2/LeNet_DSE_Framework_2022_2/src/lenet_conv.cpp:36) [256]  (5.11 ns)

 <State 24>: 5.11ns
The critical path consists of the following:
	bus read operation ('gmem1_addr_read_70', D:/lenet_project/handoff/LeNet_DSE_Framework_2022_2/LeNet_DSE_Framework_2022_2/src/lenet_conv.cpp:36) on port 'gmem1' (D:/lenet_project/handoff/LeNet_DSE_Framework_2022_2/LeNet_DSE_Framework_2022_2/src/lenet_conv.cpp:36) [260]  (5.11 ns)

 <State 25>: 5.11ns
The critical path consists of the following:
	bus read operation ('gmem1_addr_read_71', D:/lenet_project/handoff/LeNet_DSE_Framework_2022_2/LeNet_DSE_Framework_2022_2/src/lenet_conv.cpp:36) on port 'gmem1' (D:/lenet_project/handoff/LeNet_DSE_Framework_2022_2/LeNet_DSE_Framework_2022_2/src/lenet_conv.cpp:36) [264]  (5.11 ns)

 <State 26>: 5.11ns
The critical path consists of the following:
	bus read operation ('gmem1_addr_read_72', D:/lenet_project/handoff/LeNet_DSE_Framework_2022_2/LeNet_DSE_Framework_2022_2/src/lenet_conv.cpp:36) on port 'gmem1' (D:/lenet_project/handoff/LeNet_DSE_Framework_2022_2/LeNet_DSE_Framework_2022_2/src/lenet_conv.cpp:36) [268]  (5.11 ns)

 <State 27>: 4.35ns
The critical path consists of the following:
	'fmul' operation ('mul_i5_i2_17', D:/lenet_project/handoff/LeNet_DSE_Framework_2022_2/LeNet_DSE_Framework_2022_2/src/lenet_conv.cpp:36) [246]  (4.35 ns)

 <State 28>: 4.35ns
The critical path consists of the following:
	'fmul' operation ('mul_i5_i2_18', D:/lenet_project/handoff/LeNet_DSE_Framework_2022_2/LeNet_DSE_Framework_2022_2/src/lenet_conv.cpp:36) [250]  (4.35 ns)

 <State 29>: 4.35ns
The critical path consists of the following:
	'fmul' operation ('mul_i5_i2_19', D:/lenet_project/handoff/LeNet_DSE_Framework_2022_2/LeNet_DSE_Framework_2022_2/src/lenet_conv.cpp:36) [254]  (4.35 ns)

 <State 30>: 4.35ns
The critical path consists of the following:
	'fmul' operation ('mul_i5_i2_20', D:/lenet_project/handoff/LeNet_DSE_Framework_2022_2/LeNet_DSE_Framework_2022_2/src/lenet_conv.cpp:36) [258]  (4.35 ns)

 <State 31>: 4.35ns
The critical path consists of the following:
	'fmul' operation ('mul_i5_i2_21', D:/lenet_project/handoff/LeNet_DSE_Framework_2022_2/LeNet_DSE_Framework_2022_2/src/lenet_conv.cpp:36) [262]  (4.35 ns)

 <State 32>: 4.35ns
The critical path consists of the following:
	'fmul' operation ('mul_i5_i2_22', D:/lenet_project/handoff/LeNet_DSE_Framework_2022_2/LeNet_DSE_Framework_2022_2/src/lenet_conv.cpp:36) [266]  (4.35 ns)

 <State 33>: 4.35ns
The critical path consists of the following:
	'fmul' operation ('mul_i5_i2_23', D:/lenet_project/handoff/LeNet_DSE_Framework_2022_2/LeNet_DSE_Framework_2022_2/src/lenet_conv.cpp:36) [270]  (4.35 ns)

 <State 34>: 4.35ns
The critical path consists of the following:
	'fadd' operation ('accumulator_assign_10_2', D:/lenet_project/handoff/LeNet_DSE_Framework_2022_2/LeNet_DSE_Framework_2022_2/src/lenet_conv.cpp:36) [183]  (4.35 ns)

 <State 35>: 4.35ns
The critical path consists of the following:
	'fadd' operation ('accumulator_assign_10_2', D:/lenet_project/handoff/LeNet_DSE_Framework_2022_2/LeNet_DSE_Framework_2022_2/src/lenet_conv.cpp:36) [183]  (4.35 ns)

 <State 36>: 4.35ns
The critical path consists of the following:
	'fadd' operation ('accumulator_assign_10_2', D:/lenet_project/handoff/LeNet_DSE_Framework_2022_2/LeNet_DSE_Framework_2022_2/src/lenet_conv.cpp:36) [183]  (4.35 ns)

 <State 37>: 4.35ns
The critical path consists of the following:
	'fadd' operation ('accumulator_assign_10_3', D:/lenet_project/handoff/LeNet_DSE_Framework_2022_2/LeNet_DSE_Framework_2022_2/src/lenet_conv.cpp:36) [187]  (4.35 ns)

 <State 38>: 4.35ns
The critical path consists of the following:
	'fadd' operation ('accumulator_assign_10_3', D:/lenet_project/handoff/LeNet_DSE_Framework_2022_2/LeNet_DSE_Framework_2022_2/src/lenet_conv.cpp:36) [187]  (4.35 ns)

 <State 39>: 4.35ns
The critical path consists of the following:
	'fadd' operation ('accumulator_assign_10_3', D:/lenet_project/handoff/LeNet_DSE_Framework_2022_2/LeNet_DSE_Framework_2022_2/src/lenet_conv.cpp:36) [187]  (4.35 ns)

 <State 40>: 4.35ns
The critical path consists of the following:
	'fadd' operation ('accumulator_assign_10_3', D:/lenet_project/handoff/LeNet_DSE_Framework_2022_2/LeNet_DSE_Framework_2022_2/src/lenet_conv.cpp:36) [187]  (4.35 ns)

 <State 41>: 4.35ns
The critical path consists of the following:
	'fadd' operation ('accumulator_assign_10_3', D:/lenet_project/handoff/LeNet_DSE_Framework_2022_2/LeNet_DSE_Framework_2022_2/src/lenet_conv.cpp:36) [187]  (4.35 ns)

 <State 42>: 4.35ns
The critical path consists of the following:
	'fadd' operation ('accumulator_assign_10_3', D:/lenet_project/handoff/LeNet_DSE_Framework_2022_2/LeNet_DSE_Framework_2022_2/src/lenet_conv.cpp:36) [187]  (4.35 ns)

 <State 43>: 4.35ns
The critical path consists of the following:
	'fadd' operation ('accumulator_assign_10_3', D:/lenet_project/handoff/LeNet_DSE_Framework_2022_2/LeNet_DSE_Framework_2022_2/src/lenet_conv.cpp:36) [187]  (4.35 ns)

 <State 44>: 4.35ns
The critical path consists of the following:
	'fadd' operation ('accumulator_assign_10_3', D:/lenet_project/handoff/LeNet_DSE_Framework_2022_2/LeNet_DSE_Framework_2022_2/src/lenet_conv.cpp:36) [187]  (4.35 ns)

 <State 45>: 4.35ns
The critical path consists of the following:
	'fadd' operation ('accumulator_assign_10_3', D:/lenet_project/handoff/LeNet_DSE_Framework_2022_2/LeNet_DSE_Framework_2022_2/src/lenet_conv.cpp:36) [187]  (4.35 ns)

 <State 46>: 4.35ns
The critical path consists of the following:
	'fadd' operation ('accumulator_assign_10_4', D:/lenet_project/handoff/LeNet_DSE_Framework_2022_2/LeNet_DSE_Framework_2022_2/src/lenet_conv.cpp:36) [191]  (4.35 ns)

 <State 47>: 4.35ns
The critical path consists of the following:
	'fadd' operation ('accumulator_assign_10_4', D:/lenet_project/handoff/LeNet_DSE_Framework_2022_2/LeNet_DSE_Framework_2022_2/src/lenet_conv.cpp:36) [191]  (4.35 ns)

 <State 48>: 4.35ns
The critical path consists of the following:
	'fadd' operation ('accumulator_assign_10_4', D:/lenet_project/handoff/LeNet_DSE_Framework_2022_2/LeNet_DSE_Framework_2022_2/src/lenet_conv.cpp:36) [191]  (4.35 ns)

 <State 49>: 4.35ns
The critical path consists of the following:
	'fadd' operation ('accumulator_assign_10_4', D:/lenet_project/handoff/LeNet_DSE_Framework_2022_2/LeNet_DSE_Framework_2022_2/src/lenet_conv.cpp:36) [191]  (4.35 ns)

 <State 50>: 4.35ns
The critical path consists of the following:
	'fadd' operation ('accumulator_assign_10_4', D:/lenet_project/handoff/LeNet_DSE_Framework_2022_2/LeNet_DSE_Framework_2022_2/src/lenet_conv.cpp:36) [191]  (4.35 ns)

 <State 51>: 4.35ns
The critical path consists of the following:
	'fadd' operation ('accumulator_assign_10_4', D:/lenet_project/handoff/LeNet_DSE_Framework_2022_2/LeNet_DSE_Framework_2022_2/src/lenet_conv.cpp:36) [191]  (4.35 ns)

 <State 52>: 4.35ns
The critical path consists of the following:
	'fadd' operation ('accumulator_assign_10_4', D:/lenet_project/handoff/LeNet_DSE_Framework_2022_2/LeNet_DSE_Framework_2022_2/src/lenet_conv.cpp:36) [191]  (4.35 ns)

 <State 53>: 4.35ns
The critical path consists of the following:
	'fadd' operation ('accumulator_assign_10_4', D:/lenet_project/handoff/LeNet_DSE_Framework_2022_2/LeNet_DSE_Framework_2022_2/src/lenet_conv.cpp:36) [191]  (4.35 ns)

 <State 54>: 4.35ns
The critical path consists of the following:
	'fadd' operation ('accumulator_assign_10_4', D:/lenet_project/handoff/LeNet_DSE_Framework_2022_2/LeNet_DSE_Framework_2022_2/src/lenet_conv.cpp:36) [191]  (4.35 ns)

 <State 55>: 4.35ns
The critical path consists of the following:
	'fadd' operation ('accumulator_assign_10_5', D:/lenet_project/handoff/LeNet_DSE_Framework_2022_2/LeNet_DSE_Framework_2022_2/src/lenet_conv.cpp:36) [195]  (4.35 ns)

 <State 56>: 4.35ns
The critical path consists of the following:
	'fadd' operation ('accumulator_assign_10_5', D:/lenet_project/handoff/LeNet_DSE_Framework_2022_2/LeNet_DSE_Framework_2022_2/src/lenet_conv.cpp:36) [195]  (4.35 ns)

 <State 57>: 4.35ns
The critical path consists of the following:
	'fadd' operation ('accumulator_assign_10_5', D:/lenet_project/handoff/LeNet_DSE_Framework_2022_2/LeNet_DSE_Framework_2022_2/src/lenet_conv.cpp:36) [195]  (4.35 ns)

 <State 58>: 4.35ns
The critical path consists of the following:
	'fadd' operation ('accumulator_assign_10_5', D:/lenet_project/handoff/LeNet_DSE_Framework_2022_2/LeNet_DSE_Framework_2022_2/src/lenet_conv.cpp:36) [195]  (4.35 ns)

 <State 59>: 4.35ns
The critical path consists of the following:
	'fadd' operation ('accumulator_assign_10_5', D:/lenet_project/handoff/LeNet_DSE_Framework_2022_2/LeNet_DSE_Framework_2022_2/src/lenet_conv.cpp:36) [195]  (4.35 ns)

 <State 60>: 4.35ns
The critical path consists of the following:
	'fadd' operation ('accumulator_assign_10_5', D:/lenet_project/handoff/LeNet_DSE_Framework_2022_2/LeNet_DSE_Framework_2022_2/src/lenet_conv.cpp:36) [195]  (4.35 ns)

 <State 61>: 4.35ns
The critical path consists of the following:
	'fadd' operation ('accumulator_assign_10_5', D:/lenet_project/handoff/LeNet_DSE_Framework_2022_2/LeNet_DSE_Framework_2022_2/src/lenet_conv.cpp:36) [195]  (4.35 ns)

 <State 62>: 4.35ns
The critical path consists of the following:
	'fadd' operation ('accumulator_assign_10_5', D:/lenet_project/handoff/LeNet_DSE_Framework_2022_2/LeNet_DSE_Framework_2022_2/src/lenet_conv.cpp:36) [195]  (4.35 ns)

 <State 63>: 4.35ns
The critical path consists of the following:
	'fadd' operation ('accumulator_assign_10_5', D:/lenet_project/handoff/LeNet_DSE_Framework_2022_2/LeNet_DSE_Framework_2022_2/src/lenet_conv.cpp:36) [195]  (4.35 ns)

 <State 64>: 4.35ns
The critical path consists of the following:
	'fadd' operation ('accumulator_assign_10_6', D:/lenet_project/handoff/LeNet_DSE_Framework_2022_2/LeNet_DSE_Framework_2022_2/src/lenet_conv.cpp:36) [199]  (4.35 ns)

 <State 65>: 4.35ns
The critical path consists of the following:
	'fadd' operation ('accumulator_assign_10_6', D:/lenet_project/handoff/LeNet_DSE_Framework_2022_2/LeNet_DSE_Framework_2022_2/src/lenet_conv.cpp:36) [199]  (4.35 ns)

 <State 66>: 4.35ns
The critical path consists of the following:
	'fadd' operation ('accumulator_assign_10_6', D:/lenet_project/handoff/LeNet_DSE_Framework_2022_2/LeNet_DSE_Framework_2022_2/src/lenet_conv.cpp:36) [199]  (4.35 ns)

 <State 67>: 4.35ns
The critical path consists of the following:
	'fadd' operation ('accumulator_assign_10_6', D:/lenet_project/handoff/LeNet_DSE_Framework_2022_2/LeNet_DSE_Framework_2022_2/src/lenet_conv.cpp:36) [199]  (4.35 ns)

 <State 68>: 4.35ns
The critical path consists of the following:
	'fadd' operation ('accumulator_assign_10_6', D:/lenet_project/handoff/LeNet_DSE_Framework_2022_2/LeNet_DSE_Framework_2022_2/src/lenet_conv.cpp:36) [199]  (4.35 ns)

 <State 69>: 4.35ns
The critical path consists of the following:
	'fadd' operation ('accumulator_assign_10_6', D:/lenet_project/handoff/LeNet_DSE_Framework_2022_2/LeNet_DSE_Framework_2022_2/src/lenet_conv.cpp:36) [199]  (4.35 ns)

 <State 70>: 4.35ns
The critical path consists of the following:
	'fadd' operation ('accumulator_assign_10_6', D:/lenet_project/handoff/LeNet_DSE_Framework_2022_2/LeNet_DSE_Framework_2022_2/src/lenet_conv.cpp:36) [199]  (4.35 ns)

 <State 71>: 4.35ns
The critical path consists of the following:
	'fadd' operation ('accumulator_assign_10_6', D:/lenet_project/handoff/LeNet_DSE_Framework_2022_2/LeNet_DSE_Framework_2022_2/src/lenet_conv.cpp:36) [199]  (4.35 ns)

 <State 72>: 4.35ns
The critical path consists of the following:
	'fadd' operation ('accumulator_assign_10_6', D:/lenet_project/handoff/LeNet_DSE_Framework_2022_2/LeNet_DSE_Framework_2022_2/src/lenet_conv.cpp:36) [199]  (4.35 ns)

 <State 73>: 4.35ns
The critical path consists of the following:
	'fadd' operation ('accumulator_assign_10_7', D:/lenet_project/handoff/LeNet_DSE_Framework_2022_2/LeNet_DSE_Framework_2022_2/src/lenet_conv.cpp:36) [203]  (4.35 ns)

 <State 74>: 4.35ns
The critical path consists of the following:
	'fadd' operation ('accumulator_assign_10_7', D:/lenet_project/handoff/LeNet_DSE_Framework_2022_2/LeNet_DSE_Framework_2022_2/src/lenet_conv.cpp:36) [203]  (4.35 ns)

 <State 75>: 4.35ns
The critical path consists of the following:
	'fadd' operation ('accumulator_assign_10_7', D:/lenet_project/handoff/LeNet_DSE_Framework_2022_2/LeNet_DSE_Framework_2022_2/src/lenet_conv.cpp:36) [203]  (4.35 ns)

 <State 76>: 4.35ns
The critical path consists of the following:
	'fadd' operation ('accumulator_assign_10_7', D:/lenet_project/handoff/LeNet_DSE_Framework_2022_2/LeNet_DSE_Framework_2022_2/src/lenet_conv.cpp:36) [203]  (4.35 ns)

 <State 77>: 4.35ns
The critical path consists of the following:
	'fadd' operation ('accumulator_assign_10_7', D:/lenet_project/handoff/LeNet_DSE_Framework_2022_2/LeNet_DSE_Framework_2022_2/src/lenet_conv.cpp:36) [203]  (4.35 ns)

 <State 78>: 4.35ns
The critical path consists of the following:
	'fadd' operation ('accumulator_assign_10_7', D:/lenet_project/handoff/LeNet_DSE_Framework_2022_2/LeNet_DSE_Framework_2022_2/src/lenet_conv.cpp:36) [203]  (4.35 ns)

 <State 79>: 4.35ns
The critical path consists of the following:
	'fadd' operation ('accumulator_assign_10_7', D:/lenet_project/handoff/LeNet_DSE_Framework_2022_2/LeNet_DSE_Framework_2022_2/src/lenet_conv.cpp:36) [203]  (4.35 ns)

 <State 80>: 4.35ns
The critical path consists of the following:
	'fadd' operation ('accumulator_assign_10_7', D:/lenet_project/handoff/LeNet_DSE_Framework_2022_2/LeNet_DSE_Framework_2022_2/src/lenet_conv.cpp:36) [203]  (4.35 ns)

 <State 81>: 4.35ns
The critical path consists of the following:
	'fadd' operation ('accumulator_assign_10_7', D:/lenet_project/handoff/LeNet_DSE_Framework_2022_2/LeNet_DSE_Framework_2022_2/src/lenet_conv.cpp:36) [203]  (4.35 ns)

 <State 82>: 4.35ns
The critical path consists of the following:
	'fadd' operation ('accumulator_assign_10_8', D:/lenet_project/handoff/LeNet_DSE_Framework_2022_2/LeNet_DSE_Framework_2022_2/src/lenet_conv.cpp:36) [207]  (4.35 ns)

 <State 83>: 4.35ns
The critical path consists of the following:
	'fadd' operation ('accumulator_assign_10_8', D:/lenet_project/handoff/LeNet_DSE_Framework_2022_2/LeNet_DSE_Framework_2022_2/src/lenet_conv.cpp:36) [207]  (4.35 ns)

 <State 84>: 4.35ns
The critical path consists of the following:
	'fadd' operation ('accumulator_assign_10_8', D:/lenet_project/handoff/LeNet_DSE_Framework_2022_2/LeNet_DSE_Framework_2022_2/src/lenet_conv.cpp:36) [207]  (4.35 ns)

 <State 85>: 4.35ns
The critical path consists of the following:
	'fadd' operation ('accumulator_assign_10_8', D:/lenet_project/handoff/LeNet_DSE_Framework_2022_2/LeNet_DSE_Framework_2022_2/src/lenet_conv.cpp:36) [207]  (4.35 ns)

 <State 86>: 4.35ns
The critical path consists of the following:
	'fadd' operation ('accumulator_assign_10_8', D:/lenet_project/handoff/LeNet_DSE_Framework_2022_2/LeNet_DSE_Framework_2022_2/src/lenet_conv.cpp:36) [207]  (4.35 ns)

 <State 87>: 4.35ns
The critical path consists of the following:
	'fadd' operation ('accumulator_assign_10_8', D:/lenet_project/handoff/LeNet_DSE_Framework_2022_2/LeNet_DSE_Framework_2022_2/src/lenet_conv.cpp:36) [207]  (4.35 ns)

 <State 88>: 4.35ns
The critical path consists of the following:
	'fadd' operation ('accumulator_assign_10_8', D:/lenet_project/handoff/LeNet_DSE_Framework_2022_2/LeNet_DSE_Framework_2022_2/src/lenet_conv.cpp:36) [207]  (4.35 ns)

 <State 89>: 4.35ns
The critical path consists of the following:
	'fadd' operation ('accumulator_assign_10_8', D:/lenet_project/handoff/LeNet_DSE_Framework_2022_2/LeNet_DSE_Framework_2022_2/src/lenet_conv.cpp:36) [207]  (4.35 ns)

 <State 90>: 4.35ns
The critical path consists of the following:
	'fadd' operation ('accumulator_assign_10_8', D:/lenet_project/handoff/LeNet_DSE_Framework_2022_2/LeNet_DSE_Framework_2022_2/src/lenet_conv.cpp:36) [207]  (4.35 ns)

 <State 91>: 4.35ns
The critical path consists of the following:
	'fadd' operation ('accumulator_assign_10_9', D:/lenet_project/handoff/LeNet_DSE_Framework_2022_2/LeNet_DSE_Framework_2022_2/src/lenet_conv.cpp:36) [211]  (4.35 ns)

 <State 92>: 4.35ns
The critical path consists of the following:
	'fadd' operation ('accumulator_assign_10_9', D:/lenet_project/handoff/LeNet_DSE_Framework_2022_2/LeNet_DSE_Framework_2022_2/src/lenet_conv.cpp:36) [211]  (4.35 ns)

 <State 93>: 4.35ns
The critical path consists of the following:
	'fadd' operation ('accumulator_assign_10_9', D:/lenet_project/handoff/LeNet_DSE_Framework_2022_2/LeNet_DSE_Framework_2022_2/src/lenet_conv.cpp:36) [211]  (4.35 ns)

 <State 94>: 4.35ns
The critical path consists of the following:
	'fadd' operation ('accumulator_assign_10_9', D:/lenet_project/handoff/LeNet_DSE_Framework_2022_2/LeNet_DSE_Framework_2022_2/src/lenet_conv.cpp:36) [211]  (4.35 ns)

 <State 95>: 4.35ns
The critical path consists of the following:
	'fadd' operation ('accumulator_assign_10_9', D:/lenet_project/handoff/LeNet_DSE_Framework_2022_2/LeNet_DSE_Framework_2022_2/src/lenet_conv.cpp:36) [211]  (4.35 ns)

 <State 96>: 4.35ns
The critical path consists of the following:
	'fadd' operation ('accumulator_assign_10_9', D:/lenet_project/handoff/LeNet_DSE_Framework_2022_2/LeNet_DSE_Framework_2022_2/src/lenet_conv.cpp:36) [211]  (4.35 ns)

 <State 97>: 4.35ns
The critical path consists of the following:
	'fadd' operation ('accumulator_assign_10_9', D:/lenet_project/handoff/LeNet_DSE_Framework_2022_2/LeNet_DSE_Framework_2022_2/src/lenet_conv.cpp:36) [211]  (4.35 ns)

 <State 98>: 4.35ns
The critical path consists of the following:
	'fadd' operation ('accumulator_assign_10_9', D:/lenet_project/handoff/LeNet_DSE_Framework_2022_2/LeNet_DSE_Framework_2022_2/src/lenet_conv.cpp:36) [211]  (4.35 ns)

 <State 99>: 4.35ns
The critical path consists of the following:
	'fadd' operation ('accumulator_assign_10_9', D:/lenet_project/handoff/LeNet_DSE_Framework_2022_2/LeNet_DSE_Framework_2022_2/src/lenet_conv.cpp:36) [211]  (4.35 ns)

 <State 100>: 4.35ns
The critical path consists of the following:
	'fadd' operation ('accumulator_assign_10_s', D:/lenet_project/handoff/LeNet_DSE_Framework_2022_2/LeNet_DSE_Framework_2022_2/src/lenet_conv.cpp:36) [215]  (4.35 ns)

 <State 101>: 4.35ns
The critical path consists of the following:
	'fadd' operation ('accumulator_assign_10_s', D:/lenet_project/handoff/LeNet_DSE_Framework_2022_2/LeNet_DSE_Framework_2022_2/src/lenet_conv.cpp:36) [215]  (4.35 ns)

 <State 102>: 4.35ns
The critical path consists of the following:
	'fadd' operation ('accumulator_assign_10_s', D:/lenet_project/handoff/LeNet_DSE_Framework_2022_2/LeNet_DSE_Framework_2022_2/src/lenet_conv.cpp:36) [215]  (4.35 ns)

 <State 103>: 4.35ns
The critical path consists of the following:
	'fadd' operation ('accumulator_assign_10_s', D:/lenet_project/handoff/LeNet_DSE_Framework_2022_2/LeNet_DSE_Framework_2022_2/src/lenet_conv.cpp:36) [215]  (4.35 ns)

 <State 104>: 4.35ns
The critical path consists of the following:
	'fadd' operation ('accumulator_assign_10_s', D:/lenet_project/handoff/LeNet_DSE_Framework_2022_2/LeNet_DSE_Framework_2022_2/src/lenet_conv.cpp:36) [215]  (4.35 ns)

 <State 105>: 4.35ns
The critical path consists of the following:
	'fadd' operation ('accumulator_assign_10_s', D:/lenet_project/handoff/LeNet_DSE_Framework_2022_2/LeNet_DSE_Framework_2022_2/src/lenet_conv.cpp:36) [215]  (4.35 ns)

 <State 106>: 4.35ns
The critical path consists of the following:
	'fadd' operation ('accumulator_assign_10_s', D:/lenet_project/handoff/LeNet_DSE_Framework_2022_2/LeNet_DSE_Framework_2022_2/src/lenet_conv.cpp:36) [215]  (4.35 ns)

 <State 107>: 4.35ns
The critical path consists of the following:
	'fadd' operation ('accumulator_assign_10_s', D:/lenet_project/handoff/LeNet_DSE_Framework_2022_2/LeNet_DSE_Framework_2022_2/src/lenet_conv.cpp:36) [215]  (4.35 ns)

 <State 108>: 4.35ns
The critical path consists of the following:
	'fadd' operation ('accumulator_assign_10_s', D:/lenet_project/handoff/LeNet_DSE_Framework_2022_2/LeNet_DSE_Framework_2022_2/src/lenet_conv.cpp:36) [215]  (4.35 ns)

 <State 109>: 4.35ns
The critical path consists of the following:
	'fadd' operation ('accumulator_assign_10_10', D:/lenet_project/handoff/LeNet_DSE_Framework_2022_2/LeNet_DSE_Framework_2022_2/src/lenet_conv.cpp:36) [219]  (4.35 ns)

 <State 110>: 4.35ns
The critical path consists of the following:
	'fadd' operation ('accumulator_assign_10_10', D:/lenet_project/handoff/LeNet_DSE_Framework_2022_2/LeNet_DSE_Framework_2022_2/src/lenet_conv.cpp:36) [219]  (4.35 ns)

 <State 111>: 4.35ns
The critical path consists of the following:
	'fadd' operation ('accumulator_assign_10_10', D:/lenet_project/handoff/LeNet_DSE_Framework_2022_2/LeNet_DSE_Framework_2022_2/src/lenet_conv.cpp:36) [219]  (4.35 ns)

 <State 112>: 4.35ns
The critical path consists of the following:
	'fadd' operation ('accumulator_assign_10_10', D:/lenet_project/handoff/LeNet_DSE_Framework_2022_2/LeNet_DSE_Framework_2022_2/src/lenet_conv.cpp:36) [219]  (4.35 ns)

 <State 113>: 4.35ns
The critical path consists of the following:
	'fadd' operation ('accumulator_assign_10_10', D:/lenet_project/handoff/LeNet_DSE_Framework_2022_2/LeNet_DSE_Framework_2022_2/src/lenet_conv.cpp:36) [219]  (4.35 ns)

 <State 114>: 4.35ns
The critical path consists of the following:
	'fadd' operation ('accumulator_assign_10_10', D:/lenet_project/handoff/LeNet_DSE_Framework_2022_2/LeNet_DSE_Framework_2022_2/src/lenet_conv.cpp:36) [219]  (4.35 ns)

 <State 115>: 4.35ns
The critical path consists of the following:
	'fadd' operation ('accumulator_assign_10_10', D:/lenet_project/handoff/LeNet_DSE_Framework_2022_2/LeNet_DSE_Framework_2022_2/src/lenet_conv.cpp:36) [219]  (4.35 ns)

 <State 116>: 4.35ns
The critical path consists of the following:
	'fadd' operation ('accumulator_assign_10_10', D:/lenet_project/handoff/LeNet_DSE_Framework_2022_2/LeNet_DSE_Framework_2022_2/src/lenet_conv.cpp:36) [219]  (4.35 ns)

 <State 117>: 4.35ns
The critical path consists of the following:
	'fadd' operation ('accumulator_assign_10_10', D:/lenet_project/handoff/LeNet_DSE_Framework_2022_2/LeNet_DSE_Framework_2022_2/src/lenet_conv.cpp:36) [219]  (4.35 ns)

 <State 118>: 4.35ns
The critical path consists of the following:
	'fadd' operation ('accumulator_assign_10_11', D:/lenet_project/handoff/LeNet_DSE_Framework_2022_2/LeNet_DSE_Framework_2022_2/src/lenet_conv.cpp:36) [223]  (4.35 ns)

 <State 119>: 4.35ns
The critical path consists of the following:
	'fadd' operation ('accumulator_assign_10_11', D:/lenet_project/handoff/LeNet_DSE_Framework_2022_2/LeNet_DSE_Framework_2022_2/src/lenet_conv.cpp:36) [223]  (4.35 ns)

 <State 120>: 4.35ns
The critical path consists of the following:
	'fadd' operation ('accumulator_assign_10_11', D:/lenet_project/handoff/LeNet_DSE_Framework_2022_2/LeNet_DSE_Framework_2022_2/src/lenet_conv.cpp:36) [223]  (4.35 ns)

 <State 121>: 4.35ns
The critical path consists of the following:
	'fadd' operation ('accumulator_assign_10_11', D:/lenet_project/handoff/LeNet_DSE_Framework_2022_2/LeNet_DSE_Framework_2022_2/src/lenet_conv.cpp:36) [223]  (4.35 ns)

 <State 122>: 4.35ns
The critical path consists of the following:
	'fadd' operation ('accumulator_assign_10_11', D:/lenet_project/handoff/LeNet_DSE_Framework_2022_2/LeNet_DSE_Framework_2022_2/src/lenet_conv.cpp:36) [223]  (4.35 ns)

 <State 123>: 4.35ns
The critical path consists of the following:
	'fadd' operation ('accumulator_assign_10_11', D:/lenet_project/handoff/LeNet_DSE_Framework_2022_2/LeNet_DSE_Framework_2022_2/src/lenet_conv.cpp:36) [223]  (4.35 ns)

 <State 124>: 4.35ns
The critical path consists of the following:
	'fadd' operation ('accumulator_assign_10_11', D:/lenet_project/handoff/LeNet_DSE_Framework_2022_2/LeNet_DSE_Framework_2022_2/src/lenet_conv.cpp:36) [223]  (4.35 ns)

 <State 125>: 4.35ns
The critical path consists of the following:
	'fadd' operation ('accumulator_assign_10_11', D:/lenet_project/handoff/LeNet_DSE_Framework_2022_2/LeNet_DSE_Framework_2022_2/src/lenet_conv.cpp:36) [223]  (4.35 ns)

 <State 126>: 4.35ns
The critical path consists of the following:
	'fadd' operation ('accumulator_assign_10_11', D:/lenet_project/handoff/LeNet_DSE_Framework_2022_2/LeNet_DSE_Framework_2022_2/src/lenet_conv.cpp:36) [223]  (4.35 ns)

 <State 127>: 4.35ns
The critical path consists of the following:
	'fadd' operation ('accumulator_assign_10_12', D:/lenet_project/handoff/LeNet_DSE_Framework_2022_2/LeNet_DSE_Framework_2022_2/src/lenet_conv.cpp:36) [227]  (4.35 ns)

 <State 128>: 4.35ns
The critical path consists of the following:
	'fadd' operation ('accumulator_assign_10_12', D:/lenet_project/handoff/LeNet_DSE_Framework_2022_2/LeNet_DSE_Framework_2022_2/src/lenet_conv.cpp:36) [227]  (4.35 ns)

 <State 129>: 4.35ns
The critical path consists of the following:
	'fadd' operation ('accumulator_assign_10_12', D:/lenet_project/handoff/LeNet_DSE_Framework_2022_2/LeNet_DSE_Framework_2022_2/src/lenet_conv.cpp:36) [227]  (4.35 ns)

 <State 130>: 4.35ns
The critical path consists of the following:
	'fadd' operation ('accumulator_assign_10_12', D:/lenet_project/handoff/LeNet_DSE_Framework_2022_2/LeNet_DSE_Framework_2022_2/src/lenet_conv.cpp:36) [227]  (4.35 ns)

 <State 131>: 4.35ns
The critical path consists of the following:
	'fadd' operation ('accumulator_assign_10_12', D:/lenet_project/handoff/LeNet_DSE_Framework_2022_2/LeNet_DSE_Framework_2022_2/src/lenet_conv.cpp:36) [227]  (4.35 ns)

 <State 132>: 4.35ns
The critical path consists of the following:
	'fadd' operation ('accumulator_assign_10_12', D:/lenet_project/handoff/LeNet_DSE_Framework_2022_2/LeNet_DSE_Framework_2022_2/src/lenet_conv.cpp:36) [227]  (4.35 ns)

 <State 133>: 4.35ns
The critical path consists of the following:
	'fadd' operation ('accumulator_assign_10_12', D:/lenet_project/handoff/LeNet_DSE_Framework_2022_2/LeNet_DSE_Framework_2022_2/src/lenet_conv.cpp:36) [227]  (4.35 ns)

 <State 134>: 4.35ns
The critical path consists of the following:
	'fadd' operation ('accumulator_assign_10_12', D:/lenet_project/handoff/LeNet_DSE_Framework_2022_2/LeNet_DSE_Framework_2022_2/src/lenet_conv.cpp:36) [227]  (4.35 ns)

 <State 135>: 4.35ns
The critical path consists of the following:
	'fadd' operation ('accumulator_assign_10_12', D:/lenet_project/handoff/LeNet_DSE_Framework_2022_2/LeNet_DSE_Framework_2022_2/src/lenet_conv.cpp:36) [227]  (4.35 ns)

 <State 136>: 4.35ns
The critical path consists of the following:
	'fadd' operation ('accumulator_assign_10_13', D:/lenet_project/handoff/LeNet_DSE_Framework_2022_2/LeNet_DSE_Framework_2022_2/src/lenet_conv.cpp:36) [231]  (4.35 ns)

 <State 137>: 4.35ns
The critical path consists of the following:
	'fadd' operation ('accumulator_assign_10_13', D:/lenet_project/handoff/LeNet_DSE_Framework_2022_2/LeNet_DSE_Framework_2022_2/src/lenet_conv.cpp:36) [231]  (4.35 ns)

 <State 138>: 4.35ns
The critical path consists of the following:
	'fadd' operation ('accumulator_assign_10_13', D:/lenet_project/handoff/LeNet_DSE_Framework_2022_2/LeNet_DSE_Framework_2022_2/src/lenet_conv.cpp:36) [231]  (4.35 ns)

 <State 139>: 4.35ns
The critical path consists of the following:
	'fadd' operation ('accumulator_assign_10_13', D:/lenet_project/handoff/LeNet_DSE_Framework_2022_2/LeNet_DSE_Framework_2022_2/src/lenet_conv.cpp:36) [231]  (4.35 ns)

 <State 140>: 4.35ns
The critical path consists of the following:
	'fadd' operation ('accumulator_assign_10_13', D:/lenet_project/handoff/LeNet_DSE_Framework_2022_2/LeNet_DSE_Framework_2022_2/src/lenet_conv.cpp:36) [231]  (4.35 ns)

 <State 141>: 4.35ns
The critical path consists of the following:
	'fadd' operation ('accumulator_assign_10_13', D:/lenet_project/handoff/LeNet_DSE_Framework_2022_2/LeNet_DSE_Framework_2022_2/src/lenet_conv.cpp:36) [231]  (4.35 ns)

 <State 142>: 4.35ns
The critical path consists of the following:
	'fadd' operation ('accumulator_assign_10_13', D:/lenet_project/handoff/LeNet_DSE_Framework_2022_2/LeNet_DSE_Framework_2022_2/src/lenet_conv.cpp:36) [231]  (4.35 ns)

 <State 143>: 4.35ns
The critical path consists of the following:
	'fadd' operation ('accumulator_assign_10_13', D:/lenet_project/handoff/LeNet_DSE_Framework_2022_2/LeNet_DSE_Framework_2022_2/src/lenet_conv.cpp:36) [231]  (4.35 ns)

 <State 144>: 4.35ns
The critical path consists of the following:
	'fadd' operation ('accumulator_assign_10_13', D:/lenet_project/handoff/LeNet_DSE_Framework_2022_2/LeNet_DSE_Framework_2022_2/src/lenet_conv.cpp:36) [231]  (4.35 ns)

 <State 145>: 4.35ns
The critical path consists of the following:
	'fadd' operation ('accumulator_assign_10_14', D:/lenet_project/handoff/LeNet_DSE_Framework_2022_2/LeNet_DSE_Framework_2022_2/src/lenet_conv.cpp:36) [235]  (4.35 ns)

 <State 146>: 4.35ns
The critical path consists of the following:
	'fadd' operation ('accumulator_assign_10_14', D:/lenet_project/handoff/LeNet_DSE_Framework_2022_2/LeNet_DSE_Framework_2022_2/src/lenet_conv.cpp:36) [235]  (4.35 ns)

 <State 147>: 4.35ns
The critical path consists of the following:
	'fadd' operation ('accumulator_assign_10_14', D:/lenet_project/handoff/LeNet_DSE_Framework_2022_2/LeNet_DSE_Framework_2022_2/src/lenet_conv.cpp:36) [235]  (4.35 ns)

 <State 148>: 4.35ns
The critical path consists of the following:
	'fadd' operation ('accumulator_assign_10_14', D:/lenet_project/handoff/LeNet_DSE_Framework_2022_2/LeNet_DSE_Framework_2022_2/src/lenet_conv.cpp:36) [235]  (4.35 ns)

 <State 149>: 4.35ns
The critical path consists of the following:
	'fadd' operation ('accumulator_assign_10_14', D:/lenet_project/handoff/LeNet_DSE_Framework_2022_2/LeNet_DSE_Framework_2022_2/src/lenet_conv.cpp:36) [235]  (4.35 ns)

 <State 150>: 4.35ns
The critical path consists of the following:
	'fadd' operation ('accumulator_assign_10_14', D:/lenet_project/handoff/LeNet_DSE_Framework_2022_2/LeNet_DSE_Framework_2022_2/src/lenet_conv.cpp:36) [235]  (4.35 ns)

 <State 151>: 4.35ns
The critical path consists of the following:
	'fadd' operation ('accumulator_assign_10_14', D:/lenet_project/handoff/LeNet_DSE_Framework_2022_2/LeNet_DSE_Framework_2022_2/src/lenet_conv.cpp:36) [235]  (4.35 ns)

 <State 152>: 4.35ns
The critical path consists of the following:
	'fadd' operation ('accumulator_assign_10_14', D:/lenet_project/handoff/LeNet_DSE_Framework_2022_2/LeNet_DSE_Framework_2022_2/src/lenet_conv.cpp:36) [235]  (4.35 ns)

 <State 153>: 4.35ns
The critical path consists of the following:
	'fadd' operation ('accumulator_assign_10_14', D:/lenet_project/handoff/LeNet_DSE_Framework_2022_2/LeNet_DSE_Framework_2022_2/src/lenet_conv.cpp:36) [235]  (4.35 ns)

 <State 154>: 4.35ns
The critical path consists of the following:
	'fadd' operation ('accumulator_assign_10_15', D:/lenet_project/handoff/LeNet_DSE_Framework_2022_2/LeNet_DSE_Framework_2022_2/src/lenet_conv.cpp:36) [239]  (4.35 ns)

 <State 155>: 4.35ns
The critical path consists of the following:
	'fadd' operation ('accumulator_assign_10_15', D:/lenet_project/handoff/LeNet_DSE_Framework_2022_2/LeNet_DSE_Framework_2022_2/src/lenet_conv.cpp:36) [239]  (4.35 ns)

 <State 156>: 4.35ns
The critical path consists of the following:
	'fadd' operation ('accumulator_assign_10_15', D:/lenet_project/handoff/LeNet_DSE_Framework_2022_2/LeNet_DSE_Framework_2022_2/src/lenet_conv.cpp:36) [239]  (4.35 ns)

 <State 157>: 4.35ns
The critical path consists of the following:
	'fadd' operation ('accumulator_assign_10_15', D:/lenet_project/handoff/LeNet_DSE_Framework_2022_2/LeNet_DSE_Framework_2022_2/src/lenet_conv.cpp:36) [239]  (4.35 ns)

 <State 158>: 4.35ns
The critical path consists of the following:
	'fadd' operation ('accumulator_assign_10_15', D:/lenet_project/handoff/LeNet_DSE_Framework_2022_2/LeNet_DSE_Framework_2022_2/src/lenet_conv.cpp:36) [239]  (4.35 ns)

 <State 159>: 4.35ns
The critical path consists of the following:
	'fadd' operation ('accumulator_assign_10_15', D:/lenet_project/handoff/LeNet_DSE_Framework_2022_2/LeNet_DSE_Framework_2022_2/src/lenet_conv.cpp:36) [239]  (4.35 ns)

 <State 160>: 4.35ns
The critical path consists of the following:
	'fadd' operation ('accumulator_assign_10_15', D:/lenet_project/handoff/LeNet_DSE_Framework_2022_2/LeNet_DSE_Framework_2022_2/src/lenet_conv.cpp:36) [239]  (4.35 ns)

 <State 161>: 4.35ns
The critical path consists of the following:
	'fadd' operation ('accumulator_assign_10_15', D:/lenet_project/handoff/LeNet_DSE_Framework_2022_2/LeNet_DSE_Framework_2022_2/src/lenet_conv.cpp:36) [239]  (4.35 ns)

 <State 162>: 4.35ns
The critical path consists of the following:
	'fadd' operation ('accumulator_assign_10_15', D:/lenet_project/handoff/LeNet_DSE_Framework_2022_2/LeNet_DSE_Framework_2022_2/src/lenet_conv.cpp:36) [239]  (4.35 ns)

 <State 163>: 4.35ns
The critical path consists of the following:
	'fadd' operation ('accumulator_assign_10_16', D:/lenet_project/handoff/LeNet_DSE_Framework_2022_2/LeNet_DSE_Framework_2022_2/src/lenet_conv.cpp:36) [243]  (4.35 ns)

 <State 164>: 4.35ns
The critical path consists of the following:
	'fadd' operation ('accumulator_assign_10_16', D:/lenet_project/handoff/LeNet_DSE_Framework_2022_2/LeNet_DSE_Framework_2022_2/src/lenet_conv.cpp:36) [243]  (4.35 ns)

 <State 165>: 4.35ns
The critical path consists of the following:
	'fadd' operation ('accumulator_assign_10_16', D:/lenet_project/handoff/LeNet_DSE_Framework_2022_2/LeNet_DSE_Framework_2022_2/src/lenet_conv.cpp:36) [243]  (4.35 ns)

 <State 166>: 4.35ns
The critical path consists of the following:
	'fadd' operation ('accumulator_assign_10_16', D:/lenet_project/handoff/LeNet_DSE_Framework_2022_2/LeNet_DSE_Framework_2022_2/src/lenet_conv.cpp:36) [243]  (4.35 ns)

 <State 167>: 4.35ns
The critical path consists of the following:
	'fadd' operation ('accumulator_assign_10_16', D:/lenet_project/handoff/LeNet_DSE_Framework_2022_2/LeNet_DSE_Framework_2022_2/src/lenet_conv.cpp:36) [243]  (4.35 ns)

 <State 168>: 4.35ns
The critical path consists of the following:
	'fadd' operation ('accumulator_assign_10_16', D:/lenet_project/handoff/LeNet_DSE_Framework_2022_2/LeNet_DSE_Framework_2022_2/src/lenet_conv.cpp:36) [243]  (4.35 ns)

 <State 169>: 4.35ns
The critical path consists of the following:
	'fadd' operation ('accumulator_assign_10_16', D:/lenet_project/handoff/LeNet_DSE_Framework_2022_2/LeNet_DSE_Framework_2022_2/src/lenet_conv.cpp:36) [243]  (4.35 ns)

 <State 170>: 4.35ns
The critical path consists of the following:
	'fadd' operation ('accumulator_assign_10_16', D:/lenet_project/handoff/LeNet_DSE_Framework_2022_2/LeNet_DSE_Framework_2022_2/src/lenet_conv.cpp:36) [243]  (4.35 ns)

 <State 171>: 4.35ns
The critical path consists of the following:
	'fadd' operation ('accumulator_assign_10_16', D:/lenet_project/handoff/LeNet_DSE_Framework_2022_2/LeNet_DSE_Framework_2022_2/src/lenet_conv.cpp:36) [243]  (4.35 ns)

 <State 172>: 4.35ns
The critical path consists of the following:
	'fadd' operation ('accumulator_assign_10_17', D:/lenet_project/handoff/LeNet_DSE_Framework_2022_2/LeNet_DSE_Framework_2022_2/src/lenet_conv.cpp:36) [247]  (4.35 ns)

 <State 173>: 4.35ns
The critical path consists of the following:
	'fadd' operation ('accumulator_assign_10_17', D:/lenet_project/handoff/LeNet_DSE_Framework_2022_2/LeNet_DSE_Framework_2022_2/src/lenet_conv.cpp:36) [247]  (4.35 ns)

 <State 174>: 4.35ns
The critical path consists of the following:
	'fadd' operation ('accumulator_assign_10_17', D:/lenet_project/handoff/LeNet_DSE_Framework_2022_2/LeNet_DSE_Framework_2022_2/src/lenet_conv.cpp:36) [247]  (4.35 ns)

 <State 175>: 4.35ns
The critical path consists of the following:
	'fadd' operation ('accumulator_assign_10_17', D:/lenet_project/handoff/LeNet_DSE_Framework_2022_2/LeNet_DSE_Framework_2022_2/src/lenet_conv.cpp:36) [247]  (4.35 ns)

 <State 176>: 4.35ns
The critical path consists of the following:
	'fadd' operation ('accumulator_assign_10_17', D:/lenet_project/handoff/LeNet_DSE_Framework_2022_2/LeNet_DSE_Framework_2022_2/src/lenet_conv.cpp:36) [247]  (4.35 ns)

 <State 177>: 4.35ns
The critical path consists of the following:
	'fadd' operation ('accumulator_assign_10_17', D:/lenet_project/handoff/LeNet_DSE_Framework_2022_2/LeNet_DSE_Framework_2022_2/src/lenet_conv.cpp:36) [247]  (4.35 ns)

 <State 178>: 4.35ns
The critical path consists of the following:
	'fadd' operation ('accumulator_assign_10_17', D:/lenet_project/handoff/LeNet_DSE_Framework_2022_2/LeNet_DSE_Framework_2022_2/src/lenet_conv.cpp:36) [247]  (4.35 ns)

 <State 179>: 4.35ns
The critical path consists of the following:
	'fadd' operation ('accumulator_assign_10_17', D:/lenet_project/handoff/LeNet_DSE_Framework_2022_2/LeNet_DSE_Framework_2022_2/src/lenet_conv.cpp:36) [247]  (4.35 ns)

 <State 180>: 4.35ns
The critical path consists of the following:
	'fadd' operation ('accumulator_assign_10_17', D:/lenet_project/handoff/LeNet_DSE_Framework_2022_2/LeNet_DSE_Framework_2022_2/src/lenet_conv.cpp:36) [247]  (4.35 ns)

 <State 181>: 4.35ns
The critical path consists of the following:
	'fadd' operation ('accumulator_assign_10_18', D:/lenet_project/handoff/LeNet_DSE_Framework_2022_2/LeNet_DSE_Framework_2022_2/src/lenet_conv.cpp:36) [251]  (4.35 ns)

 <State 182>: 4.35ns
The critical path consists of the following:
	'fadd' operation ('accumulator_assign_10_18', D:/lenet_project/handoff/LeNet_DSE_Framework_2022_2/LeNet_DSE_Framework_2022_2/src/lenet_conv.cpp:36) [251]  (4.35 ns)

 <State 183>: 4.35ns
The critical path consists of the following:
	'fadd' operation ('accumulator_assign_10_18', D:/lenet_project/handoff/LeNet_DSE_Framework_2022_2/LeNet_DSE_Framework_2022_2/src/lenet_conv.cpp:36) [251]  (4.35 ns)

 <State 184>: 4.35ns
The critical path consists of the following:
	'fadd' operation ('accumulator_assign_10_18', D:/lenet_project/handoff/LeNet_DSE_Framework_2022_2/LeNet_DSE_Framework_2022_2/src/lenet_conv.cpp:36) [251]  (4.35 ns)

 <State 185>: 4.35ns
The critical path consists of the following:
	'fadd' operation ('accumulator_assign_10_18', D:/lenet_project/handoff/LeNet_DSE_Framework_2022_2/LeNet_DSE_Framework_2022_2/src/lenet_conv.cpp:36) [251]  (4.35 ns)

 <State 186>: 4.35ns
The critical path consists of the following:
	'fadd' operation ('accumulator_assign_10_18', D:/lenet_project/handoff/LeNet_DSE_Framework_2022_2/LeNet_DSE_Framework_2022_2/src/lenet_conv.cpp:36) [251]  (4.35 ns)

 <State 187>: 4.35ns
The critical path consists of the following:
	'fadd' operation ('accumulator_assign_10_18', D:/lenet_project/handoff/LeNet_DSE_Framework_2022_2/LeNet_DSE_Framework_2022_2/src/lenet_conv.cpp:36) [251]  (4.35 ns)

 <State 188>: 4.35ns
The critical path consists of the following:
	'fadd' operation ('accumulator_assign_10_18', D:/lenet_project/handoff/LeNet_DSE_Framework_2022_2/LeNet_DSE_Framework_2022_2/src/lenet_conv.cpp:36) [251]  (4.35 ns)

 <State 189>: 4.35ns
The critical path consists of the following:
	'fadd' operation ('accumulator_assign_10_18', D:/lenet_project/handoff/LeNet_DSE_Framework_2022_2/LeNet_DSE_Framework_2022_2/src/lenet_conv.cpp:36) [251]  (4.35 ns)

 <State 190>: 4.35ns
The critical path consists of the following:
	'fadd' operation ('accumulator_assign_10_19', D:/lenet_project/handoff/LeNet_DSE_Framework_2022_2/LeNet_DSE_Framework_2022_2/src/lenet_conv.cpp:36) [255]  (4.35 ns)

 <State 191>: 4.35ns
The critical path consists of the following:
	'fadd' operation ('accumulator_assign_10_19', D:/lenet_project/handoff/LeNet_DSE_Framework_2022_2/LeNet_DSE_Framework_2022_2/src/lenet_conv.cpp:36) [255]  (4.35 ns)

 <State 192>: 4.35ns
The critical path consists of the following:
	'fadd' operation ('accumulator_assign_10_19', D:/lenet_project/handoff/LeNet_DSE_Framework_2022_2/LeNet_DSE_Framework_2022_2/src/lenet_conv.cpp:36) [255]  (4.35 ns)

 <State 193>: 4.35ns
The critical path consists of the following:
	'fadd' operation ('accumulator_assign_10_19', D:/lenet_project/handoff/LeNet_DSE_Framework_2022_2/LeNet_DSE_Framework_2022_2/src/lenet_conv.cpp:36) [255]  (4.35 ns)

 <State 194>: 4.35ns
The critical path consists of the following:
	'fadd' operation ('accumulator_assign_10_19', D:/lenet_project/handoff/LeNet_DSE_Framework_2022_2/LeNet_DSE_Framework_2022_2/src/lenet_conv.cpp:36) [255]  (4.35 ns)

 <State 195>: 4.35ns
The critical path consists of the following:
	'fadd' operation ('accumulator_assign_10_19', D:/lenet_project/handoff/LeNet_DSE_Framework_2022_2/LeNet_DSE_Framework_2022_2/src/lenet_conv.cpp:36) [255]  (4.35 ns)

 <State 196>: 4.35ns
The critical path consists of the following:
	'fadd' operation ('accumulator_assign_10_19', D:/lenet_project/handoff/LeNet_DSE_Framework_2022_2/LeNet_DSE_Framework_2022_2/src/lenet_conv.cpp:36) [255]  (4.35 ns)

 <State 197>: 4.35ns
The critical path consists of the following:
	'fadd' operation ('accumulator_assign_10_19', D:/lenet_project/handoff/LeNet_DSE_Framework_2022_2/LeNet_DSE_Framework_2022_2/src/lenet_conv.cpp:36) [255]  (4.35 ns)

 <State 198>: 4.35ns
The critical path consists of the following:
	'fadd' operation ('accumulator_assign_10_19', D:/lenet_project/handoff/LeNet_DSE_Framework_2022_2/LeNet_DSE_Framework_2022_2/src/lenet_conv.cpp:36) [255]  (4.35 ns)

 <State 199>: 4.35ns
The critical path consists of the following:
	'fadd' operation ('accumulator_assign_10_20', D:/lenet_project/handoff/LeNet_DSE_Framework_2022_2/LeNet_DSE_Framework_2022_2/src/lenet_conv.cpp:36) [259]  (4.35 ns)

 <State 200>: 4.35ns
The critical path consists of the following:
	'fadd' operation ('accumulator_assign_10_20', D:/lenet_project/handoff/LeNet_DSE_Framework_2022_2/LeNet_DSE_Framework_2022_2/src/lenet_conv.cpp:36) [259]  (4.35 ns)

 <State 201>: 4.35ns
The critical path consists of the following:
	'fadd' operation ('accumulator_assign_10_20', D:/lenet_project/handoff/LeNet_DSE_Framework_2022_2/LeNet_DSE_Framework_2022_2/src/lenet_conv.cpp:36) [259]  (4.35 ns)

 <State 202>: 4.35ns
The critical path consists of the following:
	'fadd' operation ('accumulator_assign_10_20', D:/lenet_project/handoff/LeNet_DSE_Framework_2022_2/LeNet_DSE_Framework_2022_2/src/lenet_conv.cpp:36) [259]  (4.35 ns)

 <State 203>: 4.35ns
The critical path consists of the following:
	'fadd' operation ('accumulator_assign_10_20', D:/lenet_project/handoff/LeNet_DSE_Framework_2022_2/LeNet_DSE_Framework_2022_2/src/lenet_conv.cpp:36) [259]  (4.35 ns)

 <State 204>: 4.35ns
The critical path consists of the following:
	'fadd' operation ('accumulator_assign_10_20', D:/lenet_project/handoff/LeNet_DSE_Framework_2022_2/LeNet_DSE_Framework_2022_2/src/lenet_conv.cpp:36) [259]  (4.35 ns)

 <State 205>: 4.35ns
The critical path consists of the following:
	'fadd' operation ('accumulator_assign_10_20', D:/lenet_project/handoff/LeNet_DSE_Framework_2022_2/LeNet_DSE_Framework_2022_2/src/lenet_conv.cpp:36) [259]  (4.35 ns)

 <State 206>: 4.35ns
The critical path consists of the following:
	'fadd' operation ('accumulator_assign_10_20', D:/lenet_project/handoff/LeNet_DSE_Framework_2022_2/LeNet_DSE_Framework_2022_2/src/lenet_conv.cpp:36) [259]  (4.35 ns)

 <State 207>: 4.35ns
The critical path consists of the following:
	'fadd' operation ('accumulator_assign_10_20', D:/lenet_project/handoff/LeNet_DSE_Framework_2022_2/LeNet_DSE_Framework_2022_2/src/lenet_conv.cpp:36) [259]  (4.35 ns)

 <State 208>: 4.35ns
The critical path consists of the following:
	'fadd' operation ('accumulator_assign_10_21', D:/lenet_project/handoff/LeNet_DSE_Framework_2022_2/LeNet_DSE_Framework_2022_2/src/lenet_conv.cpp:36) [263]  (4.35 ns)

 <State 209>: 4.35ns
The critical path consists of the following:
	'fadd' operation ('accumulator_assign_10_21', D:/lenet_project/handoff/LeNet_DSE_Framework_2022_2/LeNet_DSE_Framework_2022_2/src/lenet_conv.cpp:36) [263]  (4.35 ns)

 <State 210>: 4.35ns
The critical path consists of the following:
	'fadd' operation ('accumulator_assign_10_21', D:/lenet_project/handoff/LeNet_DSE_Framework_2022_2/LeNet_DSE_Framework_2022_2/src/lenet_conv.cpp:36) [263]  (4.35 ns)

 <State 211>: 4.35ns
The critical path consists of the following:
	'fadd' operation ('accumulator_assign_10_21', D:/lenet_project/handoff/LeNet_DSE_Framework_2022_2/LeNet_DSE_Framework_2022_2/src/lenet_conv.cpp:36) [263]  (4.35 ns)

 <State 212>: 4.35ns
The critical path consists of the following:
	'fadd' operation ('accumulator_assign_10_21', D:/lenet_project/handoff/LeNet_DSE_Framework_2022_2/LeNet_DSE_Framework_2022_2/src/lenet_conv.cpp:36) [263]  (4.35 ns)

 <State 213>: 4.35ns
The critical path consists of the following:
	'fadd' operation ('accumulator_assign_10_21', D:/lenet_project/handoff/LeNet_DSE_Framework_2022_2/LeNet_DSE_Framework_2022_2/src/lenet_conv.cpp:36) [263]  (4.35 ns)

 <State 214>: 4.35ns
The critical path consists of the following:
	'fadd' operation ('accumulator_assign_10_21', D:/lenet_project/handoff/LeNet_DSE_Framework_2022_2/LeNet_DSE_Framework_2022_2/src/lenet_conv.cpp:36) [263]  (4.35 ns)

 <State 215>: 4.35ns
The critical path consists of the following:
	'fadd' operation ('accumulator_assign_10_21', D:/lenet_project/handoff/LeNet_DSE_Framework_2022_2/LeNet_DSE_Framework_2022_2/src/lenet_conv.cpp:36) [263]  (4.35 ns)

 <State 216>: 4.35ns
The critical path consists of the following:
	'fadd' operation ('accumulator_assign_10_21', D:/lenet_project/handoff/LeNet_DSE_Framework_2022_2/LeNet_DSE_Framework_2022_2/src/lenet_conv.cpp:36) [263]  (4.35 ns)

 <State 217>: 4.35ns
The critical path consists of the following:
	'fadd' operation ('accumulator_assign_10_22', D:/lenet_project/handoff/LeNet_DSE_Framework_2022_2/LeNet_DSE_Framework_2022_2/src/lenet_conv.cpp:36) [267]  (4.35 ns)

 <State 218>: 4.35ns
The critical path consists of the following:
	'fadd' operation ('accumulator_assign_10_22', D:/lenet_project/handoff/LeNet_DSE_Framework_2022_2/LeNet_DSE_Framework_2022_2/src/lenet_conv.cpp:36) [267]  (4.35 ns)

 <State 219>: 4.35ns
The critical path consists of the following:
	'fadd' operation ('accumulator_assign_10_22', D:/lenet_project/handoff/LeNet_DSE_Framework_2022_2/LeNet_DSE_Framework_2022_2/src/lenet_conv.cpp:36) [267]  (4.35 ns)

 <State 220>: 4.35ns
The critical path consists of the following:
	'fadd' operation ('accumulator_assign_10_22', D:/lenet_project/handoff/LeNet_DSE_Framework_2022_2/LeNet_DSE_Framework_2022_2/src/lenet_conv.cpp:36) [267]  (4.35 ns)

 <State 221>: 4.35ns
The critical path consists of the following:
	'fadd' operation ('accumulator_assign_10_22', D:/lenet_project/handoff/LeNet_DSE_Framework_2022_2/LeNet_DSE_Framework_2022_2/src/lenet_conv.cpp:36) [267]  (4.35 ns)

 <State 222>: 4.35ns
The critical path consists of the following:
	'fadd' operation ('accumulator_assign_10_22', D:/lenet_project/handoff/LeNet_DSE_Framework_2022_2/LeNet_DSE_Framework_2022_2/src/lenet_conv.cpp:36) [267]  (4.35 ns)

 <State 223>: 4.35ns
The critical path consists of the following:
	'fadd' operation ('accumulator_assign_10_22', D:/lenet_project/handoff/LeNet_DSE_Framework_2022_2/LeNet_DSE_Framework_2022_2/src/lenet_conv.cpp:36) [267]  (4.35 ns)

 <State 224>: 4.35ns
The critical path consists of the following:
	'fadd' operation ('accumulator_assign_10_22', D:/lenet_project/handoff/LeNet_DSE_Framework_2022_2/LeNet_DSE_Framework_2022_2/src/lenet_conv.cpp:36) [267]  (4.35 ns)

 <State 225>: 4.35ns
The critical path consists of the following:
	'fadd' operation ('accumulator_assign_10_22', D:/lenet_project/handoff/LeNet_DSE_Framework_2022_2/LeNet_DSE_Framework_2022_2/src/lenet_conv.cpp:36) [267]  (4.35 ns)

 <State 226>: 4.35ns
The critical path consists of the following:
	'fadd' operation ('accumulator_assign_10_23', D:/lenet_project/handoff/LeNet_DSE_Framework_2022_2/LeNet_DSE_Framework_2022_2/src/lenet_conv.cpp:36) [271]  (4.35 ns)

 <State 227>: 4.35ns
The critical path consists of the following:
	'fadd' operation ('accumulator_assign_10_23', D:/lenet_project/handoff/LeNet_DSE_Framework_2022_2/LeNet_DSE_Framework_2022_2/src/lenet_conv.cpp:36) [271]  (4.35 ns)

 <State 228>: 4.35ns
The critical path consists of the following:
	'fadd' operation ('accumulator_assign_10_23', D:/lenet_project/handoff/LeNet_DSE_Framework_2022_2/LeNet_DSE_Framework_2022_2/src/lenet_conv.cpp:36) [271]  (4.35 ns)

 <State 229>: 4.35ns
The critical path consists of the following:
	'fadd' operation ('accumulator_assign_10_23', D:/lenet_project/handoff/LeNet_DSE_Framework_2022_2/LeNet_DSE_Framework_2022_2/src/lenet_conv.cpp:36) [271]  (4.35 ns)

 <State 230>: 4.35ns
The critical path consists of the following:
	'fadd' operation ('accumulator_assign_10_23', D:/lenet_project/handoff/LeNet_DSE_Framework_2022_2/LeNet_DSE_Framework_2022_2/src/lenet_conv.cpp:36) [271]  (4.35 ns)

 <State 231>: 4.35ns
The critical path consists of the following:
	'fadd' operation ('accumulator_assign_10_23', D:/lenet_project/handoff/LeNet_DSE_Framework_2022_2/LeNet_DSE_Framework_2022_2/src/lenet_conv.cpp:36) [271]  (4.35 ns)

 <State 232>: 4.35ns
The critical path consists of the following:
	'fadd' operation ('accumulator_assign_10_23', D:/lenet_project/handoff/LeNet_DSE_Framework_2022_2/LeNet_DSE_Framework_2022_2/src/lenet_conv.cpp:36) [271]  (4.35 ns)

 <State 233>: 4.35ns
The critical path consists of the following:
	'fadd' operation ('accumulator_assign_10_23', D:/lenet_project/handoff/LeNet_DSE_Framework_2022_2/LeNet_DSE_Framework_2022_2/src/lenet_conv.cpp:36) [271]  (4.35 ns)

 <State 234>: 4.35ns
The critical path consists of the following:
	'fadd' operation ('accumulator_assign_10_23', D:/lenet_project/handoff/LeNet_DSE_Framework_2022_2/LeNet_DSE_Framework_2022_2/src/lenet_conv.cpp:36) [271]  (4.35 ns)

 <State 235>: 3.25ns
The critical path consists of the following:
	'store' operation ('store_ln77', D:/lenet_project/handoff/LeNet_DSE_Framework_2022_2/LeNet_DSE_Framework_2022_2/src/lenet_conv.cpp:77) of variable 'accumulator_assign_10_23', D:/lenet_project/handoff/LeNet_DSE_Framework_2022_2/LeNet_DSE_Framework_2022_2/src/lenet_conv.cpp:36 on array 'conv2_output' [275]  (3.25 ns)


============================================================
+ Verbose Summary: Binding
============================================================
N/A
* FSMD analyzer results:
  - Output states:
 - Input state : 
  - Chain level:
	State 1
	State 2
	State 3
	State 4
	State 5
	State 6
	State 7
	State 8
	State 9
	State 10
	State 11
	State 12
	State 13
	State 14
	State 15
	State 16
	State 17
	State 18
	State 19
	State 20
	State 21
	State 22
	State 23
	State 24
	State 25
	State 26
	State 27
	State 28
	State 29
	State 30
	State 31
	State 32
	State 33
	State 34
	State 35
	State 36
	State 37
	State 38
	State 39
	State 40
	State 41
	State 42
	State 43
	State 44
	State 45
	State 46
	State 47
	State 48
	State 49
	State 50
	State 51
	State 52
	State 53
	State 54
	State 55
	State 56
	State 57
	State 58
	State 59
	State 60
	State 61
	State 62
	State 63
	State 64
	State 65
	State 66
	State 67
	State 68
	State 69
	State 70
	State 71
	State 72
	State 73
	State 74
	State 75
	State 76
	State 77
	State 78
	State 79
	State 80
	State 81
	State 82
	State 83
	State 84
	State 85
	State 86
	State 87
	State 88
	State 89
	State 90
	State 91
	State 92
	State 93
	State 94
	State 95
	State 96
	State 97
	State 98
	State 99
	State 100
	State 101
	State 102
	State 103
	State 104
	State 105
	State 106
	State 107
	State 108
	State 109
	State 110
	State 111
	State 112
	State 113
	State 114
	State 115
	State 116
	State 117
	State 118
	State 119
	State 120
	State 121
	State 122
	State 123
	State 124
	State 125
	State 126
	State 127
	State 128
	State 129
	State 130
	State 131
	State 132
	State 133
	State 134
	State 135
	State 136
	State 137
	State 138
	State 139
	State 140
	State 141
	State 142
	State 143
	State 144
	State 145
	State 146
	State 147
	State 148
	State 149
	State 150
	State 151
	State 152
	State 153
	State 154
	State 155
	State 156
	State 157
	State 158
	State 159
	State 160
	State 161
	State 162
	State 163
	State 164
	State 165
	State 166
	State 167
	State 168
	State 169
	State 170
	State 171
	State 172
	State 173
	State 174
	State 175
	State 176
	State 177
	State 178
	State 179
	State 180
	State 181
	State 182
	State 183
	State 184
	State 185
	State 186
	State 187
	State 188
	State 189
	State 190
	State 191
	State 192
	State 193
	State 194
	State 195
	State 196
	State 197
	State 198
	State 199
	State 200
	State 201
	State 202
	State 203
	State 204
	State 205
	State 206
	State 207
	State 208
	State 209
	State 210
	State 211
	State 212
	State 213
	State 214
	State 215
	State 216
	State 217
	State 218
	State 219
	State 220
	State 221
	State 222
	State 223
	State 224
	State 225
	State 226
	State 227
	State 228
	State 229
	State 230
	State 231
	State 232
	State 233
	State 234
	State 235


============================================================
+ Verbose Summary: Datapath Resource usage 
============================================================
N/A
