sample_id,file_path,true_label,pred_label,correct,confidence,logit_0,logit_1,logit_2,logit_3,logit_4,logit_5,logit_6,logit_7,logit_8,logit_9,condition,parameter
0_0_01_0a5cfa52_r01c01__rotation_angle_p15,./data/robustness/rotation/angle_p15/normalized_32x32/0/0_0_01_0a5cfa52_r01c01__rotation_angle_p15.npy,0,0,1,0.9999515318096145,10.037698745727539,-5.678201675415039,-9.320878028869629,-10.920772552490234,-10.162178993225098,-3.9854633808135986,-1.8003242015838623,-1.1743470430374146,-7.002325057983398,-0.492125004529953,rotation,+15deg
0_0_01_0a5cfa52_r01c02__rotation_angle_p15,./data/robustness/rotation/angle_p15/normalized_32x32/0/0_0_01_0a5cfa52_r01c02__rotation_angle_p15.npy,0,0,1,0.9999995735792271,14.17919921875,-7.761919975280762,-7.302043914794922,-17.014524459838867,-14.662994384765625,-7.747680187225342,-4.890714168548584,-3.7986044883728027,-4.257575035095215,-0.565891444683075,rotation,+15deg
0_0_01_0a5cfa52_r01c03__rotation_angle_p15,./data/robustness/rotation/angle_p15/normalized_32x32/0/0_0_01_0a5cfa52_r01c03__rotation_angle_p15.npy,0,0,1,0.9999893926919492,10.370503425598145,-6.100015163421631,-5.8589677810668945,-10.185091018676758,-11.678133964538574,-5.042405128479004,-3.733006000518799,-3.3668746948242188,-2.313394069671631,-1.7750182151794434,rotation,+15deg
0_0_01_0a5cfa52_r01c04__rotation_angle_p15,./data/robustness/rotation/angle_p15/normalized_32x32/0/0_0_01_0a5cfa52_r01c04__rotation_angle_p15.npy,0,0,1,0.9972554182976776,6.997021675109863,-2.753340005874634,-9.045343399047852,-9.659469604492188,-5.952314853668213,-2.878889799118042,0.8180663585662842,-1.369102954864502,-4.0315775871276855,-1.0549243688583374,rotation,+15deg
0_0_01_0a5cfa52_r02c01__rotation_angle_p15,./data/robustness/rotation/angle_p15/normalized_32x32/0/0_0_01_0a5cfa52_r02c01__rotation_angle_p15.npy,0,0,1,0.999685343468977,7.482921123504639,-5.55862283706665,-3.5725648403167725,-4.482683181762695,-9.44881534576416,-1.5062519311904907,-2.932868480682373,-1.7297546863555908,-3.23783016204834,-3.706050395965576,rotation,+15deg
0_0_01_0a5cfa52_r02c02__rotation_angle_p15,./data/robustness/rotation/angle_p15/normalized_32x32/0/0_0_01_0a5cfa52_r02c02__rotation_angle_p15.npy,0,0,1,0.9764571410837418,4.838775634765625,-4.608598232269287,-3.116093873977661,-5.466208457946777,-4.595192909240723,-1.3072059154510498,-1.0932159423828125,-5.002032279968262,-0.15857836604118347,0.41283202171325684,rotation,+15deg
0_0_01_0a5cfa52_r02c03__rotation_angle_p15,./data/robustness/rotation/angle_p15/normalized_32x32/0/0_0_01_0a5cfa52_r02c03__rotation_angle_p15.npy,0,0,1,0.9999076892198784,10.538222312927246,-7.299086570739746,-9.587210655212402,-12.728499412536621,-13.540303230285645,-6.402638912200928,-3.237581729888916,-3.0143489837646484,-5.699582576751709,1.220581293106079,rotation,+15deg
0_0_01_0a5cfa52_r02c04__rotation_angle_p15,./data/robustness/rotation/angle_p15/normalized_32x32/0/0_0_01_0a5cfa52_r02c04__rotation_angle_p15.npy,0,0,1,0.9983146825757002,6.933253288269043,-3.497471570968628,-3.73175048828125,-8.31370735168457,-6.709338665008545,-2.312218189239502,-3.6212472915649414,-3.0993168354034424,-0.13984954357147217,-0.4530099332332611,rotation,+15deg
0_0_01_0a5cfa52_r03c01__rotation_angle_p15,./data/robustness/rotation/angle_p15/normalized_32x32/0/0_0_01_0a5cfa52_r03c01__rotation_angle_p15.npy,0,0,1,0.9999971797306276,12.406566619873047,-6.748644828796387,-10.664316177368164,-11.662036895751953,-14.035237312316895,-3.177156925201416,-1.7964489459991455,-0.8460982441902161,-9.658340454101562,-2.9694149494171143,rotation,+15deg
0_0_01_0a5cfa52_r03c02__rotation_angle_p15,./data/robustness/rotation/angle_p15/normalized_32x32/0/0_0_01_0a5cfa52_r03c02__rotation_angle_p15.npy,0,0,1,0.9999999342263907,14.789122581481934,-7.780888080596924,-11.273046493530273,-13.102904319763184,-12.55504322052002,-4.440500736236572,-2.703763723373413,-3.5369954109191895,-6.559488773345947,-2.7420401573181152,rotation,+15deg
0_0_01_0a5cfa52_r03c03__rotation_angle_p15,./data/robustness/rotation/angle_p15/normalized_32x32/0/0_0_01_0a5cfa52_r03c03__rotation_angle_p15.npy,0,0,1,0.9996943923187175,8.848233222961426,-6.073391437530518,-8.233545303344727,-6.687710762023926,-8.269301414489746,-0.541507363319397,-0.17789693176746368,-0.3560090959072113,-6.931704044342041,-5.5463361740112305,rotation,+15deg
0_0_01_0a5cfa52_r03c04__rotation_angle_p15,./data/robustness/rotation/angle_p15/normalized_32x32/0/0_0_01_0a5cfa52_r03c04__rotation_angle_p15.npy,0,0,1,0.9999994989051242,13.759532928466797,-8.27776050567627,-12.26595687866211,-12.403373718261719,-13.855520248413086,-5.352053642272949,-2.205298900604248,-1.578075647354126,-9.584171295166016,-1.882854700088501,rotation,+15deg
0_0_01_0a5cfa52_r04c01__rotation_angle_p15,./data/robustness/rotation/angle_p15/normalized_32x32/0/0_0_01_0a5cfa52_r04c01__rotation_angle_p15.npy,0,0,1,0.9739652128168708,4.942131042480469,-3.9298267364501953,-1.727691650390625,-5.099342346191406,-6.033655643463135,-2.4417996406555176,-4.271350860595703,1.2042325735092163,-2.8486833572387695,-3.0965781211853027,rotation,+15deg
0_0_01_0a5cfa52_r04c02__rotation_angle_p15,./data/robustness/rotation/angle_p15/normalized_32x32/0/0_0_01_0a5cfa52_r04c02__rotation_angle_p15.npy,0,0,1,0.999999682287582,13.818899154663086,-6.674384593963623,-11.77263355255127,-11.367783546447754,-12.02103328704834,-4.577311038970947,-1.821245551109314,-2.7417397499084473,-7.031445503234863,-2.525048017501831,rotation,+15deg
0_0_01_0a5cfa52_r04c03__rotation_angle_p15,./data/robustness/rotation/angle_p15/normalized_32x32/0/0_0_01_0a5cfa52_r04c03__rotation_angle_p15.npy,0,0,1,0.9999851559181242,11.246590614318848,-8.124112129211426,-5.921741485595703,-10.969466209411621,-7.865121364593506,-5.774510383605957,-5.489058494567871,-3.055403470993042,-8.894408226013184,0.07648706436157227,rotation,+15deg
0_0_01_0a5cfa52_r04c04__rotation_angle_p15,./data/robustness/rotation/angle_p15/normalized_32x32/0/0_0_01_0a5cfa52_r04c04__rotation_angle_p15.npy,0,0,1,0.9949069377077,5.693532466888428,-2.9276931285858154,-4.578916072845459,-5.132941246032715,-7.618802070617676,-1.0724750757217407,-2.2265613079071045,-0.07596313953399658,-3.746188163757324,-3.0081021785736084,rotation,+15deg
0_0_02_0ab8b1e5_r01c01__rotation_angle_p15,./data/robustness/rotation/angle_p15/normalized_32x32/0/0_0_02_0ab8b1e5_r01c01__rotation_angle_p15.npy,0,0,1,0.9999305840145842,9.043341636657715,-4.51532506942749,-7.75091552734375,-7.239561557769775,-8.182385444641113,-2.6070234775543213,-1.4071130752563477,-3.6681783199310303,-2.1396901607513428,-2.1781163215637207,rotation,+15deg
0_0_02_0ab8b1e5_r01c02__rotation_angle_p15,./data/robustness/rotation/angle_p15/normalized_32x32/0/0_0_02_0ab8b1e5_r01c02__rotation_angle_p15.npy,0,0,1,0.9999997986956283,14.28980827331543,-7.065274715423584,-10.815511703491211,-13.828644752502441,-13.210405349731445,-5.662747859954834,-2.5956265926361084,-4.606078624725342,-5.236336708068848,-1.4731025695800781,rotation,+15deg
0_0_02_0ab8b1e5_r01c03__rotation_angle_p15,./data/robustness/rotation/angle_p15/normalized_32x32/0/0_0_02_0ab8b1e5_r01c03__rotation_angle_p15.npy,0,0,1,0.9999969210418844,12.360330581665039,-7.464982032775879,-10.978137969970703,-11.222392082214355,-11.586437225341797,-4.394827842712402,-1.5778924226760864,-3.31455397605896,-5.637181282043457,-0.778211772441864,rotation,+15deg
0_0_02_0ab8b1e5_r01c04__rotation_angle_p15,./data/robustness/rotation/angle_p15/normalized_32x32/0/0_0_02_0ab8b1e5_r01c04__rotation_angle_p15.npy,0,0,1,0.9999882824796016,11.67104721069336,-8.397958755493164,-12.317049026489258,-10.116850852966309,-10.61832046508789,-3.5679144859313965,-0.42185378074645996,-2.776867151260376,-8.17673110961914,-0.46897050738334656,rotation,+15deg
0_0_02_0ab8b1e5_r02c01__rotation_angle_p15,./data/robustness/rotation/angle_p15/normalized_32x32/0/0_0_02_0ab8b1e5_r02c01__rotation_angle_p15.npy,0,0,1,0.9999921933127478,12.136152267456055,-6.872499465942383,-10.550887107849121,-9.64163589477539,-9.16315746307373,-2.135343551635742,0.2360173761844635,-5.889799118041992,-3.639533042907715,-3.1882400512695312,rotation,+15deg
0_0_02_0ab8b1e5_r02c02__rotation_angle_p15,./data/robustness/rotation/angle_p15/normalized_32x32/0/0_0_02_0ab8b1e5_r02c02__rotation_angle_p15.npy,0,0,1,0.9999459735958957,9.985267639160156,-5.614197254180908,-10.007621765136719,-7.604393482208252,-9.838988304138184,-1.4362468719482422,-0.20126311480998993,-4.497914791107178,-3.3687214851379395,-2.697899341583252,rotation,+15deg
0_0_02_0ab8b1e5_r02c03__rotation_angle_p15,./data/robustness/rotation/angle_p15/normalized_32x32/0/0_0_02_0ab8b1e5_r02c03__rotation_angle_p15.npy,0,0,1,0.9999943505485704,11.197243690490723,-5.82485294342041,-7.566158771514893,-10.859268188476562,-12.189959526062012,-3.5322530269622803,-2.939269542694092,-3.9974300861358643,-3.1989383697509766,-1.3197383880615234,rotation,+15deg
0_0_02_0ab8b1e5_r02c04__rotation_angle_p15,./data/robustness/rotation/angle_p15/normalized_32x32/0/0_0_02_0ab8b1e5_r02c04__rotation_angle_p15.npy,0,0,1,0.9999869587697321,11.477194786071777,-6.0074591636657715,-6.571712493896484,-13.494376182556152,-11.781545639038086,-5.310396194458008,-3.349867343902588,-4.305630207061768,-1.618913173675537,0.0028567910194396973,rotation,+15deg
0_0_02_0ab8b1e5_r03c01__rotation_angle_p15,./data/robustness/rotation/angle_p15/normalized_32x32/0/0_0_02_0ab8b1e5_r03c01__rotation_angle_p15.npy,0,0,1,0.9995764826201523,7.8211774826049805,-4.650002956390381,-7.5965375900268555,-7.65598726272583,-6.980490207672119,-3.9659974575042725,-1.7814958095550537,-1.173946499824524,-5.957261085510254,-0.6057327389717102,rotation,+15deg
0_0_02_0ab8b1e5_r03c02__rotation_angle_p15,./data/robustness/rotation/angle_p15/normalized_32x32/0/0_0_02_0ab8b1e5_r03c02__rotation_angle_p15.npy,0,0,1,0.9999998325045169,15.040318489074707,-8.264819145202637,-14.09248161315918,-12.274110794067383,-13.585070610046387,-4.849727153778076,-0.733777642250061,-3.5657575130462646,-9.304656028747559,-2.927701473236084,rotation,+15deg
0_0_02_0ab8b1e5_r03c03__rotation_angle_p15,./data/robustness/rotation/angle_p15/normalized_32x32/0/0_0_02_0ab8b1e5_r03c03__rotation_angle_p15.npy,0,0,1,0.9999954608271033,13.02717113494873,-7.883894443511963,-14.526229858398438,-9.681571006774902,-9.26936149597168,-2.1753485202789307,0.31014615297317505,-0.5412476062774658,-11.336402893066406,-5.585301399230957,rotation,+15deg
0_0_02_0ab8b1e5_r03c04__rotation_angle_p15,./data/robustness/rotation/angle_p15/normalized_32x32/0/0_0_02_0ab8b1e5_r03c04__rotation_angle_p15.npy,0,0,1,0.9998102134543008,8.989449501037598,-6.823293209075928,-7.187076568603516,-7.530673503875732,-7.639960289001465,-1.0236215591430664,0.032914742827415466,-2.9772911071777344,-5.723391532897949,-2.6284451484680176,rotation,+15deg
0_0_02_0ab8b1e5_r04c01__rotation_angle_p15,./data/robustness/rotation/angle_p15/normalized_32x32/0/0_0_02_0ab8b1e5_r04c01__rotation_angle_p15.npy,0,0,1,0.9999997839196652,13.756851196289062,-6.6657490730285645,-11.019632339477539,-9.97574520111084,-13.256567001342773,-3.832538366317749,-2.5987157821655273,-2.5834434032440186,-7.531806945800781,-3.4946789741516113,rotation,+15deg
0_0_02_0ab8b1e5_r04c02__rotation_angle_p15,./data/robustness/rotation/angle_p15/normalized_32x32/0/0_0_02_0ab8b1e5_r04c02__rotation_angle_p15.npy,0,0,1,0.9999999791761822,16.667713165283203,-8.998802185058594,-14.143138885498047,-13.306842803955078,-16.493148803710938,-4.047699451446533,-1.4677740335464478,-2.2770700454711914,-10.811189651489258,-4.589242935180664,rotation,+15deg
0_0_02_0ab8b1e5_r04c03__rotation_angle_p15,./data/robustness/rotation/angle_p15/normalized_32x32/0/0_0_02_0ab8b1e5_r04c03__rotation_angle_p15.npy,0,0,1,0.9999999242724191,14.519500732421875,-8.121293067932129,-9.197711944580078,-11.4420804977417,-13.270249366760254,-3.8328845500946045,-2.8600172996520996,-2.7555410861968994,-6.50944709777832,-4.7425150871276855,rotation,+15deg
0_0_02_0ab8b1e5_r04c04__rotation_angle_p15,./data/robustness/rotation/angle_p15/normalized_32x32/0/0_0_02_0ab8b1e5_r04c04__rotation_angle_p15.npy,0,0,1,0.9999996333341846,14.304672241210938,-8.385223388671875,-13.530414581298828,-13.483628273010254,-13.234973907470703,-5.073999404907227,-1.129725456237793,-4.021116256713867,-8.24524974822998,-1.3854715824127197,rotation,+15deg
1_1_01_19f74917_r01c01__rotation_angle_p15,./data/robustness/rotation/angle_p15/normalized_32x32/1/1_1_01_19f74917_r01c01__rotation_angle_p15.npy,1,1,1,0.9939718009763899,-3.9015440940856934,5.958778381347656,-4.135466575622559,-7.265115261077881,-0.24697184562683105,-0.07253521680831909,-1.215375542640686,-1.6640805006027222,-2.2364320755004883,-4.963497161865234,rotation,+15deg
1_1_01_19f74917_r01c02__rotation_angle_p15,./data/robustness/rotation/angle_p15/normalized_32x32/1/1_1_01_19f74917_r01c02__rotation_angle_p15.npy,1,1,1,0.9987661878080774,-4.840612888336182,6.8605756759643555,-6.030934810638428,-7.941647529602051,-1.3120746612548828,-1.192082405090332,-2.561079502105713,-1.1715524196624756,-1.767415165901184,-3.2964000701904297,rotation,+15deg
1_1_01_19f74917_r01c03__rotation_angle_p15,./data/robustness/rotation/angle_p15/normalized_32x32/1/1_1_01_19f74917_r01c03__rotation_angle_p15.npy,1,1,1,0.9999933280746278,-8.13380241394043,11.328460693359375,-8.936990737915039,-10.924896240234375,-3.33732271194458,-3.6644463539123535,-5.696186065673828,-0.9964647889137268,-2.1326589584350586,-6.141735076904297,rotation,+15deg
1_1_01_19f74917_r01c04__rotation_angle_p15,./data/robustness/rotation/angle_p15/normalized_32x32/1/1_1_01_19f74917_r01c04__rotation_angle_p15.npy,1,1,1,0.9999996655586839,-10.094510078430176,13.85099983215332,-10.439844131469727,-14.57829475402832,-1.4705653190612793,-3.8315553665161133,-4.946256637573242,-3.2717299461364746,-2.998901605606079,-9.330111503601074,rotation,+15deg
1_1_01_19f74917_r02c01__rotation_angle_p15,./data/robustness/rotation/angle_p15/normalized_32x32/1/1_1_01_19f74917_r02c01__rotation_angle_p15.npy,1,1,1,0.998868056683315,-8.268951416015625,6.990301132202148,-8.898459434509277,-6.595795631408691,-5.536623954772949,-2.670212507247925,-8.255911827087402,-0.23506397008895874,-1.2501449584960938,-2.543907880783081,rotation,+15deg
1_1_01_19f74917_r02c02__rotation_angle_p15,./data/robustness/rotation/angle_p15/normalized_32x32/1/1_1_01_19f74917_r02c02__rotation_angle_p15.npy,1,1,1,0.9999610454339124,-5.960715293884277,9.578140258789062,-6.1098856925964355,-9.084205627441406,-1.6460859775543213,-2.0421359539031982,-3.051815986633301,-1.8984555006027222,-3.2982213497161865,-6.682247161865234,rotation,+15deg
1_1_01_19f74917_r02c03__rotation_angle_p15,./data/robustness/rotation/angle_p15/normalized_32x32/1/1_1_01_19f74917_r02c03__rotation_angle_p15.npy,1,1,1,0.9999651007593606,-6.444800853729248,10.06806468963623,-8.095598220825195,-10.812553405761719,-1.4416077136993408,-2.18259334564209,-4.4561028480529785,-0.8970835208892822,-3.1042239665985107,-4.900143623352051,rotation,+15deg
1_1_01_19f74917_r02c04__rotation_angle_p15,./data/robustness/rotation/angle_p15/normalized_32x32/1/1_1_01_19f74917_r02c04__rotation_angle_p15.npy,1,1,1,0.9999913045394802,-9.139763832092285,10.847257614135742,-8.554805755615234,-10.69193172454834,-1.5631482601165771,-3.4755630493164062,-4.689496994018555,-2.034590482711792,-2.7298831939697266,-6.912756443023682,rotation,+15deg
1_1_01_19f74917_r03c01__rotation_angle_p15,./data/robustness/rotation/angle_p15/normalized_32x32/1/1_1_01_19f74917_r03c01__rotation_angle_p15.npy,1,1,1,0.9619514548815528,-3.501089334487915,4.04742431640625,-5.519293308258057,-7.279098987579346,-2.723313093185425,0.1562410145998001,-3.6874568462371826,-0.21266308426856995,-2.4976048469543457,-2.5375919342041016,rotation,+15deg
1_1_01_19f74917_r03c02__rotation_angle_p15,./data/robustness/rotation/angle_p15/normalized_32x32/1/1_1_01_19f74917_r03c02__rotation_angle_p15.npy,1,1,1,0.9608846739693703,-3.5229129791259766,4.118159770965576,-5.388204574584961,-6.948493957519531,-2.1315581798553467,-0.201722651720047,-3.5309133529663086,0.03605637699365616,-1.2483160495758057,-1.7297693490982056,rotation,+15deg
1_1_01_19f74917_r03c03__rotation_angle_p15,./data/robustness/rotation/angle_p15/normalized_32x32/1/1_1_01_19f74917_r03c03__rotation_angle_p15.npy,1,1,1,0.9999507838401616,-8.56259536743164,8.979460716247559,-3.7301526069641113,-10.29245376586914,-2.1574296951293945,-3.1939733028411865,-2.83838152885437,-2.4583520889282227,-2.7250332832336426,-8.379898071289062,rotation,+15deg
1_1_01_19f74917_r03c04__rotation_angle_p15,./data/robustness/rotation/angle_p15/normalized_32x32/1/1_1_01_19f74917_r03c04__rotation_angle_p15.npy,1,1,1,0.9997889725622818,-5.497927188873291,8.436554908752441,-9.026349067687988,-9.43071174621582,-2.2752368450164795,-1.6457995176315308,-5.760615825653076,-1.0496045351028442,-1.2342649698257446,-3.5268337726593018,rotation,+15deg
1_1_01_19f74917_r04c01__rotation_angle_p15,./data/robustness/rotation/angle_p15/normalized_32x32/1/1_1_01_19f74917_r04c01__rotation_angle_p15.npy,1,1,1,0.999551106445471,-5.672182083129883,7.893304824829102,-6.666616439819336,-9.853704452514648,-1.277023434638977,-2.0439164638519287,-4.065590858459473,-0.5903530716896057,-1.6152945756912231,-3.912790060043335,rotation,+15deg
1_1_01_19f74917_r04c02__rotation_angle_p15,./data/robustness/rotation/angle_p15/normalized_32x32/1/1_1_01_19f74917_r04c02__rotation_angle_p15.npy,1,1,1,0.9993131943754627,-5.307098865509033,7.590424060821533,-6.478140830993652,-9.733264923095703,-1.5921646356582642,-1.7513937950134277,-4.382439136505127,-0.294502317905426,-1.664417028427124,-3.5078749656677246,rotation,+15deg
1_1_01_19f74917_r04c03__rotation_angle_p15,./data/robustness/rotation/angle_p15/normalized_32x32/1/1_1_01_19f74917_r04c03__rotation_angle_p15.npy,1,1,1,0.9989376670594279,-4.983752727508545,7.212549209594727,-5.9011945724487305,-9.075582504272461,-1.1122419834136963,-1.6250333786010742,-3.8189992904663086,-0.34776273369789124,-1.893144130706787,-3.5689966678619385,rotation,+15deg
1_1_01_19f74917_r04c04__rotation_angle_p15,./data/robustness/rotation/angle_p15/normalized_32x32/1/1_1_01_19f74917_r04c04__rotation_angle_p15.npy,1,1,1,0.999679996913676,-4.921757221221924,8.163915634155273,-6.308506011962891,-9.345932006835938,-1.0142483711242676,-2.120692729949951,-4.75074577331543,-0.7309787273406982,-2.0606555938720703,-4.205652236938477,rotation,+15deg
1_1_02_4cdb4850_r01c01__rotation_angle_p15,./data/robustness/rotation/angle_p15/normalized_32x32/1/1_1_02_4cdb4850_r01c01__rotation_angle_p15.npy,1,1,1,0.9999670252149463,-7.261719703674316,10.183626174926758,-6.519989490509033,-11.201103210449219,-1.151993751525879,-1.4989495277404785,-1.4065767526626587,-3.3168253898620605,-2.9992241859436035,-9.077756881713867,rotation,+15deg
1_1_02_4cdb4850_r01c02__rotation_angle_p15,./data/robustness/rotation/angle_p15/normalized_32x32/1/1_1_02_4cdb4850_r01c02__rotation_angle_p15.npy,1,1,1,0.9998614518520834,-7.561914920806885,8.881780624389648,-6.146509647369385,-7.130305767059326,-5.491910934448242,-0.27801844477653503,-2.993957996368408,-1.7761112451553345,-4.322890281677246,-9.030332565307617,rotation,+15deg
1_1_02_4cdb4850_r01c03__rotation_angle_p15,./data/robustness/rotation/angle_p15/normalized_32x32/1/1_1_02_4cdb4850_r01c03__rotation_angle_p15.npy,1,1,1,0.9997224825640659,-6.767882347106934,8.49035930633545,-7.804486274719238,-7.6137800216674805,-5.173670768737793,-1.155097484588623,-5.305868148803711,-0.0329340398311615,-3.0736987590789795,-4.6391191482543945,rotation,+15deg
1_1_02_4cdb4850_r01c04__rotation_angle_p15,./data/robustness/rotation/angle_p15/normalized_32x32/1/1_1_02_4cdb4850_r01c04__rotation_angle_p15.npy,1,1,1,0.999983638970982,-5.865175724029541,10.129251480102539,-5.464117050170898,-8.991608619689941,-2.7455196380615234,-2.910928249359131,-4.615345001220703,-1.414124608039856,-3.4992175102233887,-6.897481441497803,rotation,+15deg
1_1_02_4cdb4850_r02c01__rotation_angle_p15,./data/robustness/rotation/angle_p15/normalized_32x32/1/1_1_02_4cdb4850_r02c01__rotation_angle_p15.npy,1,1,1,0.9998317008314839,-6.666172981262207,8.618813514709473,-8.234367370605469,-9.782003402709961,-0.8930627107620239,-2.0617547035217285,-4.720379829406738,-2.869793653488159,-1.1282047033309937,-5.472686290740967,rotation,+15deg
1_1_02_4cdb4850_r02c02__rotation_angle_p15,./data/robustness/rotation/angle_p15/normalized_32x32/1/1_1_02_4cdb4850_r02c02__rotation_angle_p15.npy,1,1,1,0.9999862274656041,-7.668070316314697,10.895157814025879,-8.484272956848145,-11.671561241149902,-1.307751178741455,-3.177565813064575,-5.192319393157959,-0.951423168182373,-3.4149293899536133,-5.273487091064453,rotation,+15deg
1_1_02_4cdb4850_r02c03__rotation_angle_p15,./data/robustness/rotation/angle_p15/normalized_32x32/1/1_1_02_4cdb4850_r02c03__rotation_angle_p15.npy,1,1,1,0.9856575112423088,-10.307491302490234,4.920266628265381,-3.8222672939300537,0.31069016456604004,-8.543917655944824,-3.4096174240112305,-11.614960670471191,-0.5751181840896606,-4.949485778808594,-5.334658145904541,rotation,+15deg
1_1_02_4cdb4850_r02c04__rotation_angle_p15,./data/robustness/rotation/angle_p15/normalized_32x32/1/1_1_02_4cdb4850_r02c04__rotation_angle_p15.npy,1,1,1,0.9997598792451301,-5.897735595703125,8.316337585449219,-6.618101596832275,-8.509196281433105,-1.3495445251464844,-0.985297441482544,-2.3244001865386963,-1.624395728111267,-3.1005771160125732,-5.202887058258057,rotation,+15deg
1_1_02_4cdb4850_r03c01__rotation_angle_p15,./data/robustness/rotation/angle_p15/normalized_32x32/1/1_1_02_4cdb4850_r03c01__rotation_angle_p15.npy,1,1,1,0.9999980794117981,-8.581353187561035,12.159274101257324,-8.924029350280762,-12.63800048828125,-2.570701837539673,-3.438952922821045,-4.348215579986572,-1.9237779378890991,-2.320925712585449,-7.630138874053955,rotation,+15deg
1_1_02_4cdb4850_r03c02__rotation_angle_p15,./data/robustness/rotation/angle_p15/normalized_32x32/1/1_1_02_4cdb4850_r03c02__rotation_angle_p15.npy,1,1,1,0.9999054492326128,-5.8132829666137695,9.101297378540039,-7.705686569213867,-10.21760368347168,-1.5149056911468506,-2.451810121536255,-4.3342413902282715,-1.720864176750183,-1.0799317359924316,-4.986959934234619,rotation,+15deg
1_1_02_4cdb4850_r03c03__rotation_angle_p15,./data/robustness/rotation/angle_p15/normalized_32x32/1/1_1_02_4cdb4850_r03c03__rotation_angle_p15.npy,1,1,1,0.9959417427323316,-3.465298891067505,5.7358832359313965,-5.85204553604126,-6.684719562530518,-1.8612149953842163,-1.4416548013687134,-4.483368396759033,-1.1389269828796387,-0.9883261919021606,-2.0306363105773926,rotation,+15deg
1_1_02_4cdb4850_r03c04__rotation_angle_p15,./data/robustness/rotation/angle_p15/normalized_32x32/1/1_1_02_4cdb4850_r03c04__rotation_angle_p15.npy,1,1,1,0.9669908989709256,-2.1587626934051514,4.148356914520264,-3.8087775707244873,-5.425298690795898,-1.1809613704681396,-0.45013874769210815,-2.4017438888549805,-0.6662558913230896,-1.1948728561401367,-1.781882405281067,rotation,+15deg
1_1_02_4cdb4850_r04c01__rotation_angle_p15,./data/robustness/rotation/angle_p15/normalized_32x32/1/1_1_02_4cdb4850_r04c01__rotation_angle_p15.npy,1,1,1,0.9999422483966194,-7.082847595214844,9.823935508728027,-7.353633880615234,-10.998139381408691,-0.8278460502624512,-3.5182442665100098,-6.012575149536133,-0.6280364990234375,-2.9121932983398438,-4.805056095123291,rotation,+15deg
1_1_02_4cdb4850_r04c02__rotation_angle_p15,./data/robustness/rotation/angle_p15/normalized_32x32/1/1_1_02_4cdb4850_r04c02__rotation_angle_p15.npy,1,1,1,0.9993138040208589,-5.858702182769775,7.718052864074707,-6.9708147048950195,-10.715218544006348,-2.0348920822143555,-2.1762728691101074,-5.61822509765625,0.017906516790390015,-1.45880126953125,-3.173996925354004,rotation,+15deg
1_1_02_4cdb4850_r04c03__rotation_angle_p15,./data/robustness/rotation/angle_p15/normalized_32x32/1/1_1_02_4cdb4850_r04c03__rotation_angle_p15.npy,1,1,1,0.9995344621781449,-5.4117512702941895,7.825758934020996,-6.32481575012207,-10.777120590209961,-1.3292707204818726,-1.9025852680206299,-4.923185348510742,-0.6067286729812622,-1.7636041641235352,-3.7977519035339355,rotation,+15deg
1_1_02_4cdb4850_r04c04__rotation_angle_p15,./data/robustness/rotation/angle_p15/normalized_32x32/1/1_1_02_4cdb4850_r04c04__rotation_angle_p15.npy,1,1,1,0.9601727613867196,-3.335064172744751,4.190987586975098,-5.682584762573242,-8.170470237731934,-2.9072446823120117,-0.41462892293930054,-4.098142623901367,0.5503642559051514,-2.1307358741760254,-2.1410439014434814,rotation,+15deg
2_2_01_2e3151dd_r01c01__rotation_angle_p15,./data/robustness/rotation/angle_p15/normalized_32x32/2/2_2_01_2e3151dd_r01c01__rotation_angle_p15.npy,2,2,1,0.9853771544001195,-6.747629642486572,-4.146634578704834,7.49660062789917,-2.1781582832336426,-4.523181438446045,-6.242365837097168,-7.597113132476807,3.279470682144165,-3.3640408515930176,-8.67706298828125,rotation,+15deg
2_2_01_2e3151dd_r01c02__rotation_angle_p15,./data/robustness/rotation/angle_p15/normalized_32x32/2/2_2_01_2e3151dd_r01c02__rotation_angle_p15.npy,2,8,0,0.8748467401335109,-3.7470052242279053,-2.9224092960357666,2.493905782699585,-6.597760200500488,-4.116985321044922,-6.60385799407959,-6.702928066253662,2.371703863143921,5.076653003692627,-6.633286952972412,rotation,+15deg
2_2_01_2e3151dd_r01c03__rotation_angle_p15,./data/robustness/rotation/angle_p15/normalized_32x32/2/2_2_01_2e3151dd_r01c03__rotation_angle_p15.npy,2,2,1,0.9999175956722968,-7.52402925491333,-5.855617523193359,10.860821723937988,-2.7014663219451904,-6.44106388092041,-8.449193954467773,-9.78575325012207,1.4398343563079834,-7.111281394958496,-11.737516403198242,rotation,+15deg
2_2_01_2e3151dd_r01c04__rotation_angle_p15,./data/robustness/rotation/angle_p15/normalized_32x32/2/2_2_01_2e3151dd_r01c04__rotation_angle_p15.npy,2,2,1,0.9999509348140299,-10.652141571044922,-4.761341094970703,12.111295700073242,-3.3824684619903564,-8.357458114624023,-12.213735580444336,-10.962876319885254,2.184152841567993,-8.427410125732422,-13.065486907958984,rotation,+15deg
2_2_01_2e3151dd_r02c01__rotation_angle_p15,./data/robustness/rotation/angle_p15/normalized_32x32/2/2_2_01_2e3151dd_r02c01__rotation_angle_p15.npy,2,2,1,0.7784825588349753,-1.763519525527954,0.3077363967895508,3.3601064682006836,-4.797119617462158,-1.6435537338256836,-3.844363212585449,-6.747899055480957,1.770825982093811,-4.157851219177246,-0.6058733463287354,rotation,+15deg
2_2_01_2e3151dd_r02c02__rotation_angle_p15,./data/robustness/rotation/angle_p15/normalized_32x32/2/2_2_01_2e3151dd_r02c02__rotation_angle_p15.npy,2,2,1,0.9957131982764892,-4.1507954597473145,-3.4467694759368896,7.834150314331055,-6.895796298980713,2.3426337242126465,-3.3396267890930176,-7.281991958618164,-1.0285788774490356,-7.234798431396484,-3.8704380989074707,rotation,+15deg
2_2_01_2e3151dd_r02c03__rotation_angle_p15,./data/robustness/rotation/angle_p15/normalized_32x32/2/2_2_01_2e3151dd_r02c03__rotation_angle_p15.npy,2,2,1,0.9933398334221493,-7.922802925109863,-1.3471858501434326,8.833695411682129,-3.231837511062622,-6.679551124572754,-9.62125301361084,-10.743826866149902,3.821906089782715,-4.339512825012207,-7.931197166442871,rotation,+15deg
2_2_01_2e3151dd_r02c04__rotation_angle_p15,./data/robustness/rotation/angle_p15/normalized_32x32/2/2_2_01_2e3151dd_r02c04__rotation_angle_p15.npy,2,2,1,0.9999559720490552,-7.121383190155029,-5.002579689025879,10.914505958557129,-1.5505224466323853,-7.969638347625732,-8.444952964782715,-9.395452499389648,0.7851617336273193,-4.942079067230225,-10.672290802001953,rotation,+15deg
2_2_01_2e3151dd_r03c01__rotation_angle_p15,./data/robustness/rotation/angle_p15/normalized_32x32/2/2_2_01_2e3151dd_r03c01__rotation_angle_p15.npy,2,2,1,0.9999999586882201,-6.893923759460449,-6.478536605834961,15.75818920135498,-7.370889663696289,-8.353534698486328,-10.222526550292969,-9.873147964477539,-1.2565029859542847,-9.225109100341797,-14.49118709564209,rotation,+15deg
2_2_01_2e3151dd_r03c02__rotation_angle_p15,./data/robustness/rotation/angle_p15/normalized_32x32/2/2_2_01_2e3151dd_r03c02__rotation_angle_p15.npy,2,2,1,0.9999989350062466,-8.381159782409668,-3.7333285808563232,15.952949523925781,-9.430063247680664,-10.083749771118164,-12.676339149475098,-13.57278060913086,2.197688579559326,-8.26187515258789,-13.532539367675781,rotation,+15deg
2_2_01_2e3151dd_r03c03__rotation_angle_p15,./data/robustness/rotation/angle_p15/normalized_32x32/2/2_2_01_2e3151dd_r03c03__rotation_angle_p15.npy,2,2,1,0.9999998925751814,-6.765406131744385,-5.9886040687561035,15.164351463317871,-6.963727951049805,-8.371520042419434,-10.334970474243164,-10.301884651184082,-0.8944388628005981,-8.724491119384766,-14.274816513061523,rotation,+15deg
2_2_01_2e3151dd_r03c04__rotation_angle_p15,./data/robustness/rotation/angle_p15/normalized_32x32/2/2_2_01_2e3151dd_r03c04__rotation_angle_p15.npy,2,2,1,0.9999922266275737,-8.137666702270508,-4.254008769989014,12.465424537658691,-4.674437522888184,-6.720146656036377,-9.25898551940918,-13.374299049377441,0.6880658864974976,-11.755053520202637,-11.62304401397705,rotation,+15deg
2_2_01_2e3151dd_r04c01__rotation_angle_p15,./data/robustness/rotation/angle_p15/normalized_32x32/2/2_2_01_2e3151dd_r04c01__rotation_angle_p15.npy,2,2,1,0.9999999830115901,-8.27125358581543,-7.06296443939209,17.01984405517578,-7.318913459777832,-7.812365531921387,-11.834126472473145,-14.143765449523926,-0.8762954473495483,-9.609175682067871,-13.311601638793945,rotation,+15deg
2_2_01_2e3151dd_r04c02__rotation_angle_p15,./data/robustness/rotation/angle_p15/normalized_32x32/2/2_2_01_2e3151dd_r04c02__rotation_angle_p15.npy,2,2,1,0.9999939903044093,-9.475589752197266,-6.842991828918457,15.732291221618652,-6.494254112243652,-9.414461135864258,-13.131978988647461,-15.278112411499023,3.7100884914398193,-8.464266777038574,-12.75085163116455,rotation,+15deg
2_2_01_2e3151dd_r04c03__rotation_angle_p15,./data/robustness/rotation/angle_p15/normalized_32x32/2/2_2_01_2e3151dd_r04c03__rotation_angle_p15.npy,2,2,1,0.9999823074073719,-5.0276031494140625,-4.774352073669434,11.740930557250977,-5.6944684982299805,-6.598709583282471,-8.323812484741211,-10.850399017333984,0.7892656326293945,-7.426039695739746,-10.414179801940918,rotation,+15deg
2_2_01_2e3151dd_r04c04__rotation_angle_p15,./data/robustness/rotation/angle_p15/normalized_32x32/2/2_2_01_2e3151dd_r04c04__rotation_angle_p15.npy,2,2,1,0.7448495911414613,-6.188999652862549,0.16800791025161743,3.435060977935791,1.9234882593154907,-2.9605672359466553,-1.6793110370635986,-9.388471603393555,0.8407595157623291,-3.7076661586761475,-3.9260706901550293,rotation,+15deg
2_2_02_cbfae05c_r01c01__rotation_angle_p15,./data/robustness/rotation/angle_p15/normalized_32x32/2/2_2_02_cbfae05c_r01c01__rotation_angle_p15.npy,2,2,1,0.9999991269269743,-7.256500244140625,-6.5849456787109375,12.89026165008545,-3.3891615867614746,-7.864765167236328,-8.273048400878906,-8.993288040161133,-1.1768560409545898,-6.660463809967041,-13.784563064575195,rotation,+15deg
2_2_02_cbfae05c_r01c02__rotation_angle_p15,./data/robustness/rotation/angle_p15/normalized_32x32/2/2_2_02_cbfae05c_r01c02__rotation_angle_p15.npy,2,2,1,0.9999917772593304,-8.89013671875,-3.170382022857666,14.203520774841309,-7.639214515686035,-8.104789733886719,-11.568241119384766,-13.237668991088867,2.4913618564605713,-8.881250381469727,-11.023444175720215,rotation,+15deg
2_2_02_cbfae05c_r01c03__rotation_angle_p15,./data/robustness/rotation/angle_p15/normalized_32x32/2/2_2_02_cbfae05c_r01c03__rotation_angle_p15.npy,2,2,1,0.724136226531691,-7.059593677520752,3.994983196258545,5.2000861167907715,-4.7090349197387695,-4.979244232177734,-7.325451374053955,-11.762835502624512,2.688248872756958,-5.225499629974365,-4.71014404296875,rotation,+15deg
2_2_02_cbfae05c_r01c04__rotation_angle_p15,./data/robustness/rotation/angle_p15/normalized_32x32/2/2_2_02_cbfae05c_r01c04__rotation_angle_p15.npy,2,1,0,0.8575138342385366,-1.5829455852508545,3.4312398433685303,0.6973147392272949,-6.969760894775391,-4.341564655303955,-3.2068657875061035,-3.196071147918701,1.0024642944335938,-3.867945909500122,-2.5020828247070312,rotation,+15deg
2_2_02_cbfae05c_r02c01__rotation_angle_p15,./data/robustness/rotation/angle_p15/normalized_32x32/2/2_2_02_cbfae05c_r02c01__rotation_angle_p15.npy,2,2,1,0.9999996611307291,-11.948142051696777,-3.4582419395446777,14.729272842407227,-3.9200079441070557,-5.295962333679199,-6.7631916999816895,-13.504682540893555,-0.23885992169380188,-12.492987632751465,-12.421798706054688,rotation,+15deg
2_2_02_cbfae05c_r02c02__rotation_angle_p15,./data/robustness/rotation/angle_p15/normalized_32x32/2/2_2_02_cbfae05c_r02c02__rotation_angle_p15.npy,2,2,1,0.9999053661131491,-5.808929443359375,-6.640693664550781,10.206145286560059,-3.1721997261047363,-6.298406600952148,-7.183858394622803,-8.87391471862793,0.9152077436447144,-4.158522129058838,-11.66029167175293,rotation,+15deg
2_2_02_cbfae05c_r02c03__rotation_angle_p15,./data/robustness/rotation/angle_p15/normalized_32x32/2/2_2_02_cbfae05c_r02c03__rotation_angle_p15.npy,2,2,1,0.9965804470227623,-7.420701026916504,-5.311099529266357,8.037083625793457,-0.9717956185340881,-5.578003883361816,-6.4066267013549805,-9.187698364257812,2.3213706016540527,-3.329288959503174,-10.355134010314941,rotation,+15deg
2_2_02_cbfae05c_r02c04__rotation_angle_p15,./data/robustness/rotation/angle_p15/normalized_32x32/2/2_2_02_cbfae05c_r02c04__rotation_angle_p15.npy,2,2,1,0.9999885056267652,-8.56404972076416,-7.907752990722656,13.53201675415039,-4.365974426269531,-7.82961893081665,-10.717044830322266,-12.693827629089355,2.156780481338501,-9.108774185180664,-13.883418083190918,rotation,+15deg
2_2_02_cbfae05c_r03c01__rotation_angle_p15,./data/robustness/rotation/angle_p15/normalized_32x32/2/2_2_02_cbfae05c_r03c01__rotation_angle_p15.npy,2,2,1,0.9999999908601535,-7.4221601486206055,-8.187785148620605,17.493379592895508,-7.023593902587891,-9.885009765625,-12.043538093566895,-12.236255645751953,-1.0224639177322388,-9.811821937561035,-16.3839054107666,rotation,+15deg
2_2_02_cbfae05c_r03c02__rotation_angle_p15,./data/robustness/rotation/angle_p15/normalized_32x32/2/2_2_02_cbfae05c_r03c02__rotation_angle_p15.npy,2,2,1,0.9999999513419232,-9.034385681152344,-5.03290319442749,17.563735961914062,-9.550654411315918,-9.2803316116333,-12.668045043945312,-12.833701133728027,0.7219578623771667,-9.777761459350586,-14.897215843200684,rotation,+15deg
2_2_02_cbfae05c_r03c03__rotation_angle_p15,./data/robustness/rotation/angle_p15/normalized_32x32/2/2_2_02_cbfae05c_r03c03__rotation_angle_p15.npy,2,2,1,0.999999519058992,-7.6529388427734375,-3.682356595993042,14.242290496826172,-8.601216316223145,-6.157594680786133,-10.312568664550781,-8.64074993133545,-0.3442525863647461,-9.889500617980957,-12.521402359008789,rotation,+15deg
2_2_02_cbfae05c_r03c04__rotation_angle_p15,./data/robustness/rotation/angle_p15/normalized_32x32/2/2_2_02_cbfae05c_r03c04__rotation_angle_p15.npy,2,2,1,0.9998887758239948,-10.972599029541016,-1.706756591796875,12.433042526245117,-5.471818923950195,-5.116432189941406,-10.951403617858887,-13.770235061645508,3.322298288345337,-10.191703796386719,-10.591839790344238,rotation,+15deg
2_2_02_cbfae05c_r04c01__rotation_angle_p15,./data/robustness/rotation/angle_p15/normalized_32x32/2/2_2_02_cbfae05c_r04c01__rotation_angle_p15.npy,2,2,1,0.9999263534154146,-4.8295488357543945,-5.725240707397461,10.842879295349121,-5.234767913818359,-8.7198486328125,-9.896355628967285,-11.129084587097168,1.3218457698822021,-6.528676986694336,-9.805032730102539,rotation,+15deg
2_2_02_cbfae05c_r04c02__rotation_angle_p15,./data/robustness/rotation/angle_p15/normalized_32x32/2/2_2_02_cbfae05c_r04c02__rotation_angle_p15.npy,2,2,1,0.9999992240731349,-5.972478866577148,-3.8440804481506348,13.476835250854492,-6.93190860748291,-9.227206230163574,-9.731072425842285,-9.727659225463867,-0.6606605648994446,-4.47865629196167,-11.727459907531738,rotation,+15deg
2_2_02_cbfae05c_r04c03__rotation_angle_p15,./data/robustness/rotation/angle_p15/normalized_32x32/2/2_2_02_cbfae05c_r04c03__rotation_angle_p15.npy,2,2,1,0.9995121219817619,-4.7681121826171875,-3.202052116394043,7.651890754699707,-2.802353858947754,-1.9476104974746704,-4.690677642822266,-6.553921699523926,-0.2696108818054199,-7.907873630523682,-8.549720764160156,rotation,+15deg
2_2_02_cbfae05c_r04c04__rotation_angle_p15,./data/robustness/rotation/angle_p15/normalized_32x32/2/2_2_02_cbfae05c_r04c04__rotation_angle_p15.npy,2,2,1,0.9999998591220219,-6.8870768547058105,-6.702311992645264,13.856036186218262,-5.035771369934082,-7.4140801429748535,-8.529010772705078,-7.991679668426514,-1.9900442361831665,-8.98585319519043,-13.705552101135254,rotation,+15deg
3_3_01_3ef7df64_r01c01__rotation_angle_p15,./data/robustness/rotation/angle_p15/normalized_32x32/3/3_3_01_3ef7df64_r01c01__rotation_angle_p15.npy,3,3,1,0.9928890215181806,-5.926929473876953,-2.6897473335266113,-5.148717403411865,5.730360984802246,-5.356579780578613,0.44450196623802185,-8.025676727294922,-3.5274808406829834,-2.268601894378662,-0.8382211327552795,rotation,+15deg
3_3_01_3ef7df64_r01c02__rotation_angle_p15,./data/robustness/rotation/angle_p15/normalized_32x32/3/3_3_01_3ef7df64_r01c02__rotation_angle_p15.npy,3,3,1,0.9979698653509188,-6.01643705368042,-3.8401331901550293,-4.965516090393066,6.846622943878174,-4.942782402038574,0.48112744092941284,-8.019189834594727,-3.0322158336639404,-2.588555097579956,-2.0097055435180664,rotation,+15deg
3_3_01_3ef7df64_r01c03__rotation_angle_p15,./data/robustness/rotation/angle_p15/normalized_32x32/3/3_3_01_3ef7df64_r01c03__rotation_angle_p15.npy,3,3,1,0.8655459827237267,-3.64078950881958,-3.1081743240356445,-5.457757949829102,3.795567512512207,-3.755702257156372,0.7290229797363281,-7.254733085632324,1.5198330879211426,-6.37591028213501,-1.7856358289718628,rotation,+15deg
3_3_01_3ef7df64_r01c04__rotation_angle_p15,./data/robustness/rotation/angle_p15/normalized_32x32/3/3_3_01_3ef7df64_r01c04__rotation_angle_p15.npy,3,3,1,0.9994646781092243,-6.349924564361572,-5.435120582580566,-6.243143558502197,7.979069232940674,-5.663311004638672,0.056722693145275116,-8.73685073852539,-4.4045891761779785,-1.0369329452514648,-2.0655484199523926,rotation,+15deg
3_3_01_3ef7df64_r02c01__rotation_angle_p15,./data/robustness/rotation/angle_p15/normalized_32x32/3/3_3_01_3ef7df64_r02c01__rotation_angle_p15.npy,3,3,1,0.9949373586163458,-6.773766994476318,-4.202469348907471,-6.207714557647705,6.8362836837768555,-6.436595916748047,1.461774468421936,-6.9443535804748535,-5.395369529724121,-1.1479334831237793,-2.509610891342163,rotation,+15deg
3_3_01_3ef7df64_r02c02__rotation_angle_p15,./data/robustness/rotation/angle_p15/normalized_32x32/3/3_3_01_3ef7df64_r02c02__rotation_angle_p15.npy,3,3,1,0.999988246506842,-8.21786880493164,-7.026474475860596,-7.019476890563965,11.417962074279785,-9.078268051147461,-0.2531852126121521,-9.984613418579102,-7.528054237365723,-1.2813763618469238,-4.4101433753967285,rotation,+15deg
3_3_01_3ef7df64_r02c03__rotation_angle_p15,./data/robustness/rotation/angle_p15/normalized_32x32/3/3_3_01_3ef7df64_r02c03__rotation_angle_p15.npy,3,3,1,0.9999852786115826,-6.648913860321045,-6.8684306144714355,-5.694162368774414,10.598328590393066,-6.998056411743164,-0.8993807435035706,-9.967296600341797,-4.94050407409668,-1.8932406902313232,-3.9821600914001465,rotation,+15deg
3_3_01_3ef7df64_r02c04__rotation_angle_p15,./data/robustness/rotation/angle_p15/normalized_32x32/3/3_3_01_3ef7df64_r02c04__rotation_angle_p15.npy,3,3,1,0.9999396922365619,-4.931667327880859,-5.637207984924316,-4.864729404449463,8.858894348144531,-5.9728899002075195,-1.251438856124878,-9.845757484436035,-3.319796085357666,-3.1572999954223633,-3.256873607635498,rotation,+15deg
3_3_01_3ef7df64_r03c01__rotation_angle_p15,./data/robustness/rotation/angle_p15/normalized_32x32/3/3_3_01_3ef7df64_r03c01__rotation_angle_p15.npy,3,3,1,0.9992836607743746,-7.34847354888916,-5.196447849273682,-6.191561222076416,7.862951755523682,-6.532014846801758,0.2911135256290436,-8.900537490844727,-5.392773628234863,-1.2667946815490723,-1.4731063842773438,rotation,+15deg
3_3_01_3ef7df64_r03c02__rotation_angle_p15,./data/robustness/rotation/angle_p15/normalized_32x32/3/3_3_01_3ef7df64_r03c02__rotation_angle_p15.npy,3,3,1,0.9834538493879782,-3.5865039825439453,-5.667904853820801,-6.464599609375,5.6124982833862305,-6.309271335601807,0.7375472784042358,-7.461787700653076,-6.9189019203186035,0.291317880153656,0.1327265053987503,rotation,+15deg
3_3_01_3ef7df64_r03c03__rotation_angle_p15,./data/robustness/rotation/angle_p15/normalized_32x32/3/3_3_01_3ef7df64_r03c03__rotation_angle_p15.npy,3,3,1,0.9974663212333881,-5.15354061126709,-5.050929546356201,-2.872589588165283,5.821723937988281,-2.9843368530273438,-1.8960084915161133,-9.139537811279297,-1.2200144529342651,-4.599410057067871,-1.2638676166534424,rotation,+15deg
3_3_01_3ef7df64_r03c04__rotation_angle_p15,./data/robustness/rotation/angle_p15/normalized_32x32/3/3_3_01_3ef7df64_r03c04__rotation_angle_p15.npy,3,3,1,0.9136139159038817,-1.5566469430923462,-2.549980640411377,-3.777778387069702,3.076112747192383,-3.624277114868164,-0.8022298812866211,-5.127293586730957,-0.9041746258735657,-2.919429302215576,-0.22589775919914246,rotation,+15deg
3_3_01_3ef7df64_r04c01__rotation_angle_p15,./data/robustness/rotation/angle_p15/normalized_32x32/3/3_3_01_3ef7df64_r04c01__rotation_angle_p15.npy,3,5,0,0.5097285112070852,-2.2971413135528564,-3.627321481704712,-5.382761478424072,0.8331384658813477,-1.7980526685714722,1.630502700805664,-5.290073394775391,0.8299902677536011,-8.460664749145508,-4.193391799926758,rotation,+15deg
3_3_01_3ef7df64_r04c02__rotation_angle_p15,./data/robustness/rotation/angle_p15/normalized_32x32/3/3_3_01_3ef7df64_r04c02__rotation_angle_p15.npy,3,3,1,0.36304068515415133,-5.078733444213867,-2.1639490127563477,-5.094379901885986,2.3261871337890625,-0.0885038822889328,-3.438420534133911,-7.8036346435546875,2.292182207107544,-4.874598503112793,1.94375741481781,rotation,+15deg
3_3_01_3ef7df64_r04c03__rotation_angle_p15,./data/robustness/rotation/angle_p15/normalized_32x32/3/3_3_01_3ef7df64_r04c03__rotation_angle_p15.npy,3,7,0,0.7031357968919322,-5.417296886444092,0.32789796590805054,-4.350906848907471,-0.8487662076950073,1.134300708770752,-4.330560207366943,-8.507718086242676,3.99815034866333,-5.316792011260986,2.8930442333221436,rotation,+15deg
3_3_01_3ef7df64_r04c04__rotation_angle_p15,./data/robustness/rotation/angle_p15/normalized_32x32/3/3_3_01_3ef7df64_r04c04__rotation_angle_p15.npy,3,7,0,0.5467107479649911,-3.9631876945495605,2.7280752658843994,-3.694012403488159,-5.372459411621094,0.11584663391113281,-2.7699966430664062,-7.457570552825928,3.2196733951568604,-3.274355888366699,1.4276123046875,rotation,+15deg
3_3_02_0ace0337_r01c01__rotation_angle_p15,./data/robustness/rotation/angle_p15/normalized_32x32/3/3_3_02_0ace0337_r01c01__rotation_angle_p15.npy,3,3,1,0.9998119988114034,-8.187960624694824,-4.956833362579346,-6.747353553771973,9.372672080993652,-7.299663066864014,0.7436575293540955,-9.630768775939941,-2.458338499069214,-4.853436470031738,-5.192545413970947,rotation,+15deg
3_3_02_0ace0337_r01c02__rotation_angle_p15,./data/robustness/rotation/angle_p15/normalized_32x32/3/3_3_02_0ace0337_r01c02__rotation_angle_p15.npy,3,3,1,0.8712864171030466,-3.6024436950683594,-1.1397452354431152,-2.8162841796875,2.93982195854187,-1.3555150032043457,-0.1835625320672989,-6.59242582321167,-1.1286017894744873,-3.0537288188934326,-0.07821202278137207,rotation,+15deg
3_3_02_0ace0337_r01c03__rotation_angle_p15,./data/robustness/rotation/angle_p15/normalized_32x32/3/3_3_02_0ace0337_r01c03__rotation_angle_p15.npy,3,3,1,0.9837662743865089,-6.108894348144531,-3.205784320831299,-4.2793684005737305,5.262856483459473,-4.607362270355225,-0.9169741868972778,-6.788252353668213,-2.0836706161499023,0.8030421733856201,-1.0185655355453491,rotation,+15deg
3_3_02_0ace0337_r01c04__rotation_angle_p15,./data/robustness/rotation/angle_p15/normalized_32x32/3/3_3_02_0ace0337_r01c04__rotation_angle_p15.npy,3,3,1,0.8365776681174408,-5.551120758056641,-4.088839530944824,-4.515543460845947,4.030863285064697,-3.6422736644744873,1.0808709859848022,-8.168233871459961,-5.322784900665283,0.11291375756263733,1.9271838665008545,rotation,+15deg
3_3_02_0ace0337_r02c01__rotation_angle_p15,./data/robustness/rotation/angle_p15/normalized_32x32/3/3_3_02_0ace0337_r02c01__rotation_angle_p15.npy,3,3,1,0.9504407666827376,-5.417679309844971,-2.237614870071411,-4.551196575164795,4.248141765594482,-3.429250955581665,0.6061129570007324,-7.600306034088135,-2.2459702491760254,-1.6397488117218018,0.308211088180542,rotation,+15deg
3_3_02_0ace0337_r02c02__rotation_angle_p15,./data/robustness/rotation/angle_p15/normalized_32x32/3/3_3_02_0ace0337_r02c02__rotation_angle_p15.npy,3,3,1,0.9613492420132743,-4.147062301635742,-2.0593760013580322,-3.202977418899536,4.045152187347412,-3.6374971866607666,0.07449144870042801,-5.600834846496582,-2.7689876556396484,-1.2541531324386597,-0.41990330815315247,rotation,+15deg
3_3_02_0ace0337_r02c03__rotation_angle_p15,./data/robustness/rotation/angle_p15/normalized_32x32/3/3_3_02_0ace0337_r02c03__rotation_angle_p15.npy,3,3,1,0.9999260332602222,-7.083919525146484,-5.809606075286865,-5.265448570251465,9.482464790344238,-6.324480056762695,-0.16096585988998413,-9.473443984985352,-4.887919902801514,-2.5491740703582764,-3.7639000415802,rotation,+15deg
3_3_02_0ace0337_r02c04__rotation_angle_p15,./data/robustness/rotation/angle_p15/normalized_32x32/3/3_3_02_0ace0337_r02c04__rotation_angle_p15.npy,3,3,1,0.9999885039942356,-8.051741600036621,-5.63067626953125,-6.5809478759765625,10.755951881408691,-8.954666137695312,-0.9917230606079102,-9.849695205688477,-6.151712894439697,-1.9242398738861084,-4.217277526855469,rotation,+15deg
3_3_02_0ace0337_r03c01__rotation_angle_p15,./data/robustness/rotation/angle_p15/normalized_32x32/3/3_3_02_0ace0337_r03c01__rotation_angle_p15.npy,3,3,1,0.9981344454235385,-5.463247299194336,-4.109076976776123,-4.546546459197998,6.417977809906006,-4.266933441162109,-0.5964062213897705,-6.271275520324707,-2.3423845767974854,-1.1011196374893188,-2.1310412883758545,rotation,+15deg
3_3_02_0ace0337_r03c02__rotation_angle_p15,./data/robustness/rotation/angle_p15/normalized_32x32/3/3_3_02_0ace0337_r03c02__rotation_angle_p15.npy,3,3,1,0.9820629027735667,-3.5225863456726074,-4.019368648529053,-3.8072404861450195,4.867740631103516,-2.8214566707611084,-1.247445821762085,-7.80841064453125,0.47128114104270935,-5.217409133911133,-1.0481778383255005,rotation,+15deg
3_3_02_0ace0337_r03c03__rotation_angle_p15,./data/robustness/rotation/angle_p15/normalized_32x32/3/3_3_02_0ace0337_r03c03__rotation_angle_p15.npy,3,3,1,0.6909576384340823,-3.28104829788208,-2.578165054321289,-5.01355504989624,3.4268171787261963,-2.669093132019043,-2.0917863845825195,-7.776238918304443,2.5245959758758545,-6.408939838409424,-0.03525100648403168,rotation,+15deg
3_3_02_0ace0337_r03c04__rotation_angle_p15,./data/robustness/rotation/angle_p15/normalized_32x32/3/3_3_02_0ace0337_r03c04__rotation_angle_p15.npy,3,3,1,0.9402465936905459,-3.6543049812316895,-2.214470863342285,-2.687605857849121,3.5874998569488525,-3.2052011489868164,-0.9083057641983032,-5.333400726318359,-0.1905083954334259,-3.2557451725006104,-0.24827739596366882,rotation,+15deg
3_3_02_0ace0337_r04c01__rotation_angle_p15,./data/robustness/rotation/angle_p15/normalized_32x32/3/3_3_02_0ace0337_r04c01__rotation_angle_p15.npy,3,3,1,0.6981878487697025,-5.5104265213012695,-2.6158134937286377,-2.6996119022369385,3.6209757328033447,-1.023653268814087,-1.9568276405334473,-6.2919111251831055,2.723949909210205,-3.8087894916534424,-1.3999245166778564,rotation,+15deg
3_3_02_0ace0337_r04c02__rotation_angle_p15,./data/robustness/rotation/angle_p15/normalized_32x32/3/3_3_02_0ace0337_r04c02__rotation_angle_p15.npy,3,3,1,0.9940921657557068,-4.182276248931885,-4.005100727081299,-3.0431418418884277,5.696856498718262,-3.2016403675079346,0.1441248655319214,-5.2845306396484375,-1.4718751907348633,-1.5762982368469238,-2.949233293533325,rotation,+15deg
3_3_02_0ace0337_r04c03__rotation_angle_p15,./data/robustness/rotation/angle_p15/normalized_32x32/3/3_3_02_0ace0337_r04c03__rotation_angle_p15.npy,3,3,1,0.9999126032893257,-6.0795979499816895,-5.325838088989258,-3.2675347328186035,9.08638858795166,-6.281492233276367,-0.4338545501232147,-6.855709552764893,-3.184300422668457,-3.4736742973327637,-5.6392927169799805,rotation,+15deg
3_3_02_0ace0337_r04c04__rotation_angle_p15,./data/robustness/rotation/angle_p15/normalized_32x32/3/3_3_02_0ace0337_r04c04__rotation_angle_p15.npy,3,9,0,0.3105137546394244,-2.772928237915039,1.5345697402954102,-3.702427864074707,-3.3451404571533203,0.19840320944786072,-1.7020725011825562,-5.407339096069336,1.5622518062591553,-2.4991164207458496,1.6019638776779175,rotation,+15deg
4_4_01_ecfe458e_r01c01__rotation_angle_p15,./data/robustness/rotation/angle_p15/normalized_32x32/4/4_4_01_ecfe458e_r01c01__rotation_angle_p15.npy,4,4,1,0.9874987863538675,-3.385920524597168,-0.5089858174324036,-2.724125623703003,-2.713381290435791,5.250672817230225,-2.742689371109009,-4.357673168182373,-3.2166614532470703,-2.649864673614502,0.37793663144111633,rotation,+15deg
4_4_01_ecfe458e_r01c02__rotation_angle_p15,./data/robustness/rotation/angle_p15/normalized_32x32/4/4_4_01_ecfe458e_r01c02__rotation_angle_p15.npy,4,4,1,0.9995909411891767,-4.559569835662842,-0.7659145593643188,-2.518279552459717,-6.493597507476807,8.397102355957031,-6.053251266479492,-4.3358964920043945,-3.029395818710327,-4.343439102172852,0.16579176485538483,rotation,+15deg
4_4_01_ecfe458e_r01c03__rotation_angle_p15,./data/robustness/rotation/angle_p15/normalized_32x32/4/4_4_01_ecfe458e_r01c03__rotation_angle_p15.npy,4,8,0,0.9614886143903932,-4.3500657081604,-0.35466593503952026,-5.251363277435303,-8.345301628112793,4.203155517578125,-2.356896162033081,-0.9831839799880981,-8.324801445007324,7.438328266143799,-6.2462263107299805,rotation,+15deg
4_4_01_ecfe458e_r01c04__rotation_angle_p15,./data/robustness/rotation/angle_p15/normalized_32x32/4/4_4_01_ecfe458e_r01c04__rotation_angle_p15.npy,4,4,1,0.9999997659546999,-4.426398277282715,-5.532650470733643,-5.595080852508545,-9.074249267578125,13.086074829101562,-3.328913450241089,-3.4552831649780273,-5.048099517822266,-4.820561408996582,-4.490555763244629,rotation,+15deg
4_4_01_ecfe458e_r02c01__rotation_angle_p15,./data/robustness/rotation/angle_p15/normalized_32x32/4/4_4_01_ecfe458e_r02c01__rotation_angle_p15.npy,4,4,1,0.9999826985671494,-6.9722723960876465,-0.902855634689331,-1.5302234888076782,-5.401310443878174,10.653861999511719,-2.9109854698181152,-5.393689155578613,-5.179604530334473,-7.289310455322266,-3.2137973308563232,rotation,+15deg
4_4_01_ecfe458e_r02c02__rotation_angle_p15,./data/robustness/rotation/angle_p15/normalized_32x32/4/4_4_01_ecfe458e_r02c02__rotation_angle_p15.npy,4,4,1,0.9997940677990317,-5.805305004119873,-3.132549524307251,-4.441115379333496,-5.098648548126221,8.648508071899414,-0.16372138261795044,-5.389522075653076,-6.8746209144592285,-1.5665935277938843,-3.067129135131836,rotation,+15deg
4_4_01_ecfe458e_r02c03__rotation_angle_p15,./data/robustness/rotation/angle_p15/normalized_32x32/4/4_4_01_ecfe458e_r02c03__rotation_angle_p15.npy,4,4,1,0.9999792992171724,-5.637179374694824,-2.231196641921997,-5.097825050354004,-9.772834777832031,11.649552345275879,-1.8579885959625244,-5.067264080047607,-9.7562837600708,0.737741231918335,-5.988448619842529,rotation,+15deg
4_4_01_ecfe458e_r02c04__rotation_angle_p15,./data/robustness/rotation/angle_p15/normalized_32x32/4/4_4_01_ecfe458e_r02c04__rotation_angle_p15.npy,4,4,1,0.9999939768422815,-8.001856803894043,-2.785520553588867,-4.9194231033325195,-9.401415824890137,11.351770401000977,-4.4297943115234375,-6.194039344787598,-7.65936803817749,-2.2166013717651367,-1.1399234533309937,rotation,+15deg
4_4_01_ecfe458e_r03c01__rotation_angle_p15,./data/robustness/rotation/angle_p15/normalized_32x32/4/4_4_01_ecfe458e_r03c01__rotation_angle_p15.npy,4,4,1,0.6199110217493302,-5.2516655921936035,-1.7641279697418213,-5.2474260330200195,-4.026853084564209,4.732783317565918,-0.1114659458398819,-5.151275634765625,-8.552803993225098,4.227494716644287,-4.298178672790527,rotation,+15deg
4_4_01_ecfe458e_r03c02__rotation_angle_p15,./data/robustness/rotation/angle_p15/normalized_32x32/4/4_4_01_ecfe458e_r03c02__rotation_angle_p15.npy,4,4,1,0.9999243390795045,-7.247500896453857,-1.9207948446273804,-3.8691420555114746,-6.135439872741699,9.406293869018555,-4.389631271362305,-7.715795993804932,-5.45439338684082,-3.1520438194274902,-0.37059178948402405,rotation,+15deg
4_4_01_ecfe458e_r03c03__rotation_angle_p15,./data/robustness/rotation/angle_p15/normalized_32x32/4/4_4_01_ecfe458e_r03c03__rotation_angle_p15.npy,4,4,1,0.9999831732757937,-6.416343688964844,-1.8559118509292603,-3.6378989219665527,-6.705880641937256,10.156299591064453,-3.030522346496582,-7.629300117492676,-7.336371421813965,-1.9535046815872192,-2.870640754699707,rotation,+15deg
4_4_01_ecfe458e_r03c04__rotation_angle_p15,./data/robustness/rotation/angle_p15/normalized_32x32/4/4_4_01_ecfe458e_r03c04__rotation_angle_p15.npy,4,4,1,0.9998788827751836,-5.75576114654541,-1.6207832098007202,-2.6311380863189697,-6.3205060958862305,8.616454124450684,-4.382058143615723,-5.498804092407227,-3.372995615005493,-3.3071885108947754,-1.1820093393325806,rotation,+15deg
4_4_01_ecfe458e_r04c01__rotation_angle_p15,./data/robustness/rotation/angle_p15/normalized_32x32/4/4_4_01_ecfe458e_r04c01__rotation_angle_p15.npy,4,4,1,0.7177101221212314,-4.2748284339904785,-2.0209827423095703,-4.859918594360352,-3.9550089836120605,4.283644676208496,-1.5315169095993042,-4.668270587921143,-3.860866069793701,-1.7971161603927612,3.329758644104004,rotation,+15deg
4_4_01_ecfe458e_r04c02__rotation_angle_p15,./data/robustness/rotation/angle_p15/normalized_32x32/4/4_4_01_ecfe458e_r04c02__rotation_angle_p15.npy,4,4,1,0.9999921281309251,-6.466224193572998,-1.4802519083023071,-4.2527008056640625,-9.64726734161377,11.626860618591309,-3.715054512023926,-5.590388774871826,-10.205178260803223,-0.519879162311554,-4.1321539878845215,rotation,+15deg
4_4_01_ecfe458e_r04c03__rotation_angle_p15,./data/robustness/rotation/angle_p15/normalized_32x32/4/4_4_01_ecfe458e_r04c03__rotation_angle_p15.npy,4,4,1,0.9642675224013788,-7.36454439163208,-2.0782761573791504,-5.908962249755859,-7.112447261810303,7.256086349487305,-4.0534467697143555,-6.986320495605469,-3.4087748527526855,-3.5176353454589844,3.9567627906799316,rotation,+15deg
4_4_01_ecfe458e_r04c04__rotation_angle_p15,./data/robustness/rotation/angle_p15/normalized_32x32/4/4_4_01_ecfe458e_r04c04__rotation_angle_p15.npy,4,4,1,0.9999873400385089,-6.828123569488525,-1.8981043100357056,-2.641775369644165,-5.674229145050049,10.214339256286621,-3.33465313911438,-8.53839111328125,-3.9549612998962402,-5.658260345458984,-2.7896509170532227,rotation,+15deg
4_4_02_b6e2cbed_r01c01__rotation_angle_p15,./data/robustness/rotation/angle_p15/normalized_32x32/4/4_4_02_b6e2cbed_r01c01__rotation_angle_p15.npy,4,4,1,0.9999924988377078,-7.476565837860107,0.4456404447555542,-0.13897709548473358,-9.335941314697266,12.741182327270508,-5.316286087036133,-7.677574157714844,-5.495593547821045,-8.269938468933105,-2.1224141120910645,rotation,+15deg
4_4_02_b6e2cbed_r01c02__rotation_angle_p15,./data/robustness/rotation/angle_p15/normalized_32x32/4/4_4_02_b6e2cbed_r01c02__rotation_angle_p15.npy,4,4,1,0.9467522928868332,-2.975437641143799,-5.4149065017700195,-4.503279209136963,-3.230405330657959,4.523664951324463,1.243293285369873,-4.48350191116333,-7.225607872009277,-0.06178197264671326,-0.4173104166984558,rotation,+15deg
4_4_02_b6e2cbed_r01c03__rotation_angle_p15,./data/robustness/rotation/angle_p15/normalized_32x32/4/4_4_02_b6e2cbed_r01c03__rotation_angle_p15.npy,4,4,1,0.9999537745232677,-7.634143352508545,-3.902606964111328,-5.316071510314941,-5.88926887512207,9.569762229919434,-0.9123706221580505,-7.605264186859131,-5.807281494140625,-1.640953779220581,-3.35276460647583,rotation,+15deg
4_4_02_b6e2cbed_r01c04__rotation_angle_p15,./data/robustness/rotation/angle_p15/normalized_32x32/4/4_4_02_b6e2cbed_r01c04__rotation_angle_p15.npy,4,4,1,0.9999904605005484,-4.11954402923584,-4.981614589691162,-4.352609157562256,-7.484767913818359,10.896026611328125,-2.4332058429718018,-6.842775344848633,-7.151490688323975,-1.0959748029708862,-2.911360263824463,rotation,+15deg
4_4_02_b6e2cbed_r02c01__rotation_angle_p15,./data/robustness/rotation/angle_p15/normalized_32x32/4/4_4_02_b6e2cbed_r02c01__rotation_angle_p15.npy,4,4,1,0.9989728513362105,-4.587382793426514,-1.3078728914260864,-2.3796098232269287,-3.763340473175049,6.785822868347168,-1.5551584959030151,-5.99114990234375,-5.07330322265625,-1.8893852233886719,-1.9468332529067993,rotation,+15deg
4_4_02_b6e2cbed_r02c02__rotation_angle_p15,./data/robustness/rotation/angle_p15/normalized_32x32/4/4_4_02_b6e2cbed_r02c02__rotation_angle_p15.npy,4,4,1,0.9992525935083275,-5.134304046630859,0.0012571215629577637,-2.1902916431427,-6.480485439300537,7.7595343589782715,-2.4756336212158203,-3.711059093475342,-5.5378499031066895,-0.6688169836997986,-4.864654064178467,rotation,+15deg
4_4_02_b6e2cbed_r02c03__rotation_angle_p15,./data/robustness/rotation/angle_p15/normalized_32x32/4/4_4_02_b6e2cbed_r02c03__rotation_angle_p15.npy,4,4,1,0.9997588242061505,-6.331640243530273,0.8276362419128418,-1.566872239112854,-9.886281967163086,9.613450050354004,-3.6046061515808105,-4.635253429412842,-7.913812637329102,0.07126804441213608,-7.754499435424805,rotation,+15deg
4_4_02_b6e2cbed_r02c04__rotation_angle_p15,./data/robustness/rotation/angle_p15/normalized_32x32/4/4_4_02_b6e2cbed_r02c04__rotation_angle_p15.npy,4,4,1,0.9997700052850236,-4.894796848297119,-4.296023845672607,-4.931309700012207,-6.4940571784973145,9.158064842224121,-0.6948655843734741,-7.262915134429932,-7.4818549156188965,0.49155035614967346,-4.005526065826416,rotation,+15deg
4_4_02_b6e2cbed_r03c01__rotation_angle_p15,./data/robustness/rotation/angle_p15/normalized_32x32/4/4_4_02_b6e2cbed_r03c01__rotation_angle_p15.npy,4,4,1,0.967278254611179,-3.594339609146118,-0.550690770149231,-4.137796401977539,-7.520943641662598,6.793156623840332,-0.3070909380912781,-4.355093002319336,-8.354331016540527,3.3602237701416016,-6.888406276702881,rotation,+15deg
4_4_02_b6e2cbed_r03c02__rotation_angle_p15,./data/robustness/rotation/angle_p15/normalized_32x32/4/4_4_02_b6e2cbed_r03c02__rotation_angle_p15.npy,4,4,1,0.7807640606731072,-5.876734733581543,-2.3442721366882324,-5.285257816314697,-4.416761875152588,5.568903923034668,-4.485358238220215,-7.951085090637207,-4.018694877624512,-2.3635480403900146,4.295519828796387,rotation,+15deg
4_4_02_b6e2cbed_r03c03__rotation_angle_p15,./data/robustness/rotation/angle_p15/normalized_32x32/4/4_4_02_b6e2cbed_r03c03__rotation_angle_p15.npy,4,4,1,0.9685628732498585,-6.929868221282959,-2.908256769180298,-4.46310567855835,-6.076520919799805,6.752369403839111,-4.658313751220703,-7.010861873626709,-1.9468168020248413,-2.7227721214294434,3.314120292663574,rotation,+15deg
4_4_02_b6e2cbed_r03c04__rotation_angle_p15,./data/robustness/rotation/angle_p15/normalized_32x32/4/4_4_02_b6e2cbed_r03c04__rotation_angle_p15.npy,4,4,1,0.9999467072055492,-6.936814308166504,-2.952848196029663,-5.4768171310424805,-6.771280765533447,10.342668533325195,-3.5437018871307373,-9.596184730529785,-8.61738395690918,0.409030944108963,-2.8019602298736572,rotation,+15deg
4_4_02_b6e2cbed_r04c01__rotation_angle_p15,./data/robustness/rotation/angle_p15/normalized_32x32/4/4_4_02_b6e2cbed_r04c01__rotation_angle_p15.npy,4,4,1,0.9999139159016408,-7.236178398132324,-3.5638175010681152,-4.4702911376953125,-6.826920032501221,9.600698471069336,-5.348821640014648,-9.440018653869629,-8.205232620239258,-0.4122106432914734,-0.5742260217666626,rotation,+15deg
4_4_02_b6e2cbed_r04c02__rotation_angle_p15,./data/robustness/rotation/angle_p15/normalized_32x32/4/4_4_02_b6e2cbed_r04c02__rotation_angle_p15.npy,4,4,1,0.9999977828257021,-7.078754901885986,-2.848513126373291,-6.389698028564453,-10.786656379699707,12.518101692199707,-4.729518890380859,-8.431021690368652,-8.440230369567871,-0.7615983486175537,-2.6712942123413086,rotation,+15deg
4_4_02_b6e2cbed_r04c03__rotation_angle_p15,./data/robustness/rotation/angle_p15/normalized_32x32/4/4_4_02_b6e2cbed_r04c03__rotation_angle_p15.npy,4,9,0,0.9133616824137694,-5.238349437713623,-2.2945666313171387,-5.114611625671387,-3.103001117706299,2.8793036937713623,-2.336474895477295,-7.6251397132873535,-1.3939602375030518,-3.254469871520996,5.26462459564209,rotation,+15deg
4_4_02_b6e2cbed_r04c04__rotation_angle_p15,./data/robustness/rotation/angle_p15/normalized_32x32/4/4_4_02_b6e2cbed_r04c04__rotation_angle_p15.npy,4,4,1,0.5470303341930717,-4.668795108795166,-3.087751626968384,-3.561896324157715,-3.4559738636016846,3.593470335006714,-3.1112773418426514,-5.8522233963012695,-3.6877880096435547,-0.7867969274520874,3.3832144737243652,rotation,+15deg
5_5_01_bb19e6ee_r01c01__rotation_angle_p15,./data/robustness/rotation/angle_p15/normalized_32x32/5/5_5_01_bb19e6ee_r01c01__rotation_angle_p15.npy,5,5,1,0.9969544321455933,-5.648894309997559,-3.8108530044555664,-8.777482032775879,-0.6523356437683105,-5.4621357917785645,7.062376022338867,-7.110987663269043,-4.866016387939453,-5.154174327850342,1.098785638809204,rotation,+15deg
5_5_01_bb19e6ee_r01c02__rotation_angle_p15,./data/robustness/rotation/angle_p15/normalized_32x32/5/5_5_01_bb19e6ee_r01c02__rotation_angle_p15.npy,5,5,1,0.886663977262593,-7.845158100128174,-5.116266250610352,-9.613964080810547,-0.9457497596740723,-3.811281681060791,6.51884126663208,-9.551909446716309,-6.761257648468018,-5.982340335845947,4.456864356994629,rotation,+15deg
5_5_01_bb19e6ee_r01c03__rotation_angle_p15,./data/robustness/rotation/angle_p15/normalized_32x32/5/5_5_01_bb19e6ee_r01c03__rotation_angle_p15.npy,5,5,1,0.9988107017715737,-5.913358688354492,-6.2937164306640625,-10.809246063232422,-0.9641479253768921,-7.410346031188965,8.132950782775879,-9.46965217590332,-4.903745174407959,-8.401768684387207,1.297456979751587,rotation,+15deg
5_5_01_bb19e6ee_r01c04__rotation_angle_p15,./data/robustness/rotation/angle_p15/normalized_32x32/5/5_5_01_bb19e6ee_r01c04__rotation_angle_p15.npy,5,5,1,0.999990027049786,-10.626523971557617,-8.778742790222168,-15.725264549255371,-2.2399113178253174,-11.31701946258545,13.091178894042969,-10.445537567138672,-10.760941505432129,-9.997970581054688,1.553220510482788,rotation,+15deg
5_5_01_bb19e6ee_r02c01__rotation_angle_p15,./data/robustness/rotation/angle_p15/normalized_32x32/5/5_5_01_bb19e6ee_r02c01__rotation_angle_p15.npy,5,5,1,0.9998898155557137,-8.181177139282227,-5.797202110290527,-10.584908485412598,-1.1046223640441895,-4.789918899536133,9.88428020477295,-7.487616539001465,-8.841919898986816,-4.71622896194458,0.5929733514785767,rotation,+15deg
5_5_01_bb19e6ee_r02c02__rotation_angle_p15,./data/robustness/rotation/angle_p15/normalized_32x32/5/5_5_01_bb19e6ee_r02c02__rotation_angle_p15.npy,5,5,1,0.9994180356996583,-8.22490406036377,-8.60120964050293,-13.340683937072754,-3.397660732269287,-5.169722557067871,10.61922550201416,-7.811098098754883,-9.917864799499512,-6.803987503051758,3.1689772605895996,rotation,+15deg
5_5_01_bb19e6ee_r02c03__rotation_angle_p15,./data/robustness/rotation/angle_p15/normalized_32x32/5/5_5_01_bb19e6ee_r02c03__rotation_angle_p15.npy,5,5,1,0.9998243861329842,-6.706966400146484,-1.0361120700836182,-13.880716323852539,-1.3891525268554688,-11.678726196289062,8.458292007446289,-6.476193428039551,-5.469940185546875,-5.081629276275635,-1.5574226379394531,rotation,+15deg
5_5_01_bb19e6ee_r02c04__rotation_angle_p15,./data/robustness/rotation/angle_p15/normalized_32x32/5/5_5_01_bb19e6ee_r02c04__rotation_angle_p15.npy,5,5,1,0.9999994635218996,-5.5459513664245605,-7.565690994262695,-17.712648391723633,-2.9387571811676025,-13.419513702392578,13.37036418914795,-7.389277458190918,-8.682328224182129,-8.847121238708496,-1.253678798675537,rotation,+15deg
5_5_01_bb19e6ee_r03c01__rotation_angle_p15,./data/robustness/rotation/angle_p15/normalized_32x32/5/5_5_01_bb19e6ee_r03c01__rotation_angle_p15.npy,5,5,1,0.9999919166330814,-10.335736274719238,-10.58128833770752,-14.460015296936035,1.1694447994232178,-10.61678409576416,12.960577964782715,-9.858109474182129,-12.981683731079102,-7.350615978240967,-1.5278780460357666,rotation,+15deg
5_5_01_bb19e6ee_r03c02__rotation_angle_p15,./data/robustness/rotation/angle_p15/normalized_32x32/5/5_5_01_bb19e6ee_r03c02__rotation_angle_p15.npy,5,5,1,0.9999974848740627,-5.866028308868408,-10.14311695098877,-16.548511505126953,-1.1602094173431396,-7.377321720123291,12.314324378967285,-4.00487756729126,-10.388720512390137,-4.161351680755615,-1.5617270469665527,rotation,+15deg
5_5_01_bb19e6ee_r03c03__rotation_angle_p15,./data/robustness/rotation/angle_p15/normalized_32x32/5/5_5_01_bb19e6ee_r03c03__rotation_angle_p15.npy,5,5,1,0.9999999904519704,-7.818030834197998,-9.921464920043945,-20.1770076751709,-2.7414963245391846,-9.874231338500977,16.018861770629883,-6.712831020355225,-8.517389297485352,-5.965825080871582,-4.045357704162598,rotation,+15deg
5_5_01_bb19e6ee_r03c04__rotation_angle_p15,./data/robustness/rotation/angle_p15/normalized_32x32/5/5_5_01_bb19e6ee_r03c04__rotation_angle_p15.npy,5,5,1,0.9999627135219894,-11.562994956970215,-13.58586597442627,-21.581199645996094,-5.805516242980957,-6.596179485321045,14.705955505371094,-9.209986686706543,-14.112101554870605,-7.36037540435791,4.509056568145752,rotation,+15deg
5_5_01_bb19e6ee_r04c01__rotation_angle_p15,./data/robustness/rotation/angle_p15/normalized_32x32/5/5_5_01_bb19e6ee_r04c01__rotation_angle_p15.npy,5,5,1,0.9999206438912231,-4.638125896453857,-7.266662120819092,-10.31564998626709,-0.9237435460090637,-4.965222358703613,9.47036361694336,-6.185724258422852,-7.260838508605957,-6.6714019775390625,-0.49289175868034363,rotation,+15deg
5_5_01_bb19e6ee_r04c02__rotation_angle_p15,./data/robustness/rotation/angle_p15/normalized_32x32/5/5_5_01_bb19e6ee_r04c02__rotation_angle_p15.npy,5,5,1,0.9999978026248041,-8.932160377502441,-9.680553436279297,-17.483182907104492,0.14418019354343414,-6.949273109436035,13.426498413085938,-8.814953804016113,-9.313520431518555,-3.398301601409912,-1.206286072731018,rotation,+15deg
5_5_01_bb19e6ee_r04c03__rotation_angle_p15,./data/robustness/rotation/angle_p15/normalized_32x32/5/5_5_01_bb19e6ee_r04c03__rotation_angle_p15.npy,5,5,1,0.9999997583774045,-8.998614311218262,-10.171212196350098,-18.299182891845703,-1.1122757196426392,-7.680070400238037,14.229517936706543,-7.614408493041992,-7.858286380767822,-4.145993232727051,-3.9423742294311523,rotation,+15deg
5_5_01_bb19e6ee_r04c04__rotation_angle_p15,./data/robustness/rotation/angle_p15/normalized_32x32/5/5_5_01_bb19e6ee_r04c04__rotation_angle_p15.npy,5,5,1,0.9998650266317962,-6.1361823081970215,-9.290071487426758,-14.548018455505371,0.7518588900566101,-6.948250770568848,9.738241195678711,-5.1683735847473145,-5.966545581817627,-1.8958353996276855,-5.1157426834106445,rotation,+15deg
5_5_02_f20420ee_r01c01__rotation_angle_p15,./data/robustness/rotation/angle_p15/normalized_32x32/5/5_5_02_f20420ee_r01c01__rotation_angle_p15.npy,5,5,1,0.9939649321458384,-3.5548529624938965,-4.3468194007873535,-7.304013252258301,0.09846265614032745,-5.568742752075195,6.004334926605225,-5.941433429718018,-3.7034778594970703,-4.5387396812438965,0.24113819003105164,rotation,+15deg
5_5_02_f20420ee_r01c02__rotation_angle_p15,./data/robustness/rotation/angle_p15/normalized_32x32/5/5_5_02_f20420ee_r01c02__rotation_angle_p15.npy,5,5,1,0.9979504826355373,-6.3889288902282715,-5.1308064460754395,-8.15011978149414,0.8420311808586121,-5.228208065032959,7.377734184265137,-6.6007819175720215,-6.164621353149414,-5.261663436889648,-0.058782003819942474,rotation,+15deg
5_5_02_f20420ee_r01c03__rotation_angle_p15,./data/robustness/rotation/angle_p15/normalized_32x32/5/5_5_02_f20420ee_r01c03__rotation_angle_p15.npy,5,5,1,0.9997139454765753,-4.632283687591553,-0.8991634845733643,-16.04938316345215,-3.8195104598999023,-10.805758476257324,7.911136627197266,-3.6076972484588623,-2.307049036026001,-7.0561699867248535,-1.5403711795806885,rotation,+15deg
5_5_02_f20420ee_r01c04__rotation_angle_p15,./data/robustness/rotation/angle_p15/normalized_32x32/5/5_5_02_f20420ee_r01c04__rotation_angle_p15.npy,5,5,1,0.9958718569157319,-4.9321370124816895,-6.064955711364746,-9.864151000976562,0.5000202059745789,-4.642943859100342,7.246932029724121,-6.731445789337158,-5.56082010269165,-4.2561540603637695,1.4187346696853638,rotation,+15deg
5_5_02_f20420ee_r02c01__rotation_angle_p15,./data/robustness/rotation/angle_p15/normalized_32x32/5/5_5_02_f20420ee_r02c01__rotation_angle_p15.npy,5,5,1,0.9999908847170185,-7.957470417022705,-8.424200057983398,-14.163874626159668,-2.2997777462005615,-8.542936325073242,12.299320220947266,-8.146256446838379,-8.891722679138184,-8.679121017456055,0.6416458487510681,rotation,+15deg
5_5_02_f20420ee_r02c02__rotation_angle_p15,./data/robustness/rotation/angle_p15/normalized_32x32/5/5_5_02_f20420ee_r02c02__rotation_angle_p15.npy,5,5,1,0.9997232728369853,-5.2399091720581055,-6.9872026443481445,-13.961859703063965,0.16388612985610962,-6.838452339172363,9.940458297729492,-7.435149192810059,-8.061387062072754,-2.7546439170837402,1.502890944480896,rotation,+15deg
5_5_02_f20420ee_r02c03__rotation_angle_p15,./data/robustness/rotation/angle_p15/normalized_32x32/5/5_5_02_f20420ee_r02c03__rotation_angle_p15.npy,5,5,1,0.9969987626044219,-8.873933792114258,0.48831117153167725,-15.894949913024902,1.0903923511505127,-15.943883895874023,7.344573974609375,-9.259989738464355,-6.277632236480713,-4.604874610900879,-3.1675732135772705,rotation,+15deg
5_5_02_f20420ee_r02c04__rotation_angle_p15,./data/robustness/rotation/angle_p15/normalized_32x32/5/5_5_02_f20420ee_r02c04__rotation_angle_p15.npy,5,1,0,0.8730171356693552,-10.297791481018066,5.239508152008057,-16.628948211669922,-3.812758207321167,-14.527503967285156,3.295314073562622,-9.52420711517334,-1.4607188701629639,-3.9560611248016357,-1.7729772329330444,rotation,+15deg
5_5_02_f20420ee_r03c01__rotation_angle_p15,./data/robustness/rotation/angle_p15/normalized_32x32/5/5_5_02_f20420ee_r03c01__rotation_angle_p15.npy,5,5,1,0.9997973579092461,-9.493317604064941,-10.737590789794922,-17.85283660888672,-2.727017402648926,-9.895516395568848,12.267160415649414,-10.217090606689453,-12.281451225280762,-6.194602966308594,3.7617228031158447,rotation,+15deg
5_5_02_f20420ee_r03c02__rotation_angle_p15,./data/robustness/rotation/angle_p15/normalized_32x32/5/5_5_02_f20420ee_r03c02__rotation_angle_p15.npy,5,5,1,0.999999627990149,-10.317887306213379,-11.94275188446045,-16.918046951293945,1.4065437316894531,-14.372300148010254,16.212568283081055,-8.77221965789795,-14.542022705078125,-9.039506912231445,-5.028808116912842,rotation,+15deg
5_5_02_f20420ee_r03c03__rotation_angle_p15,./data/robustness/rotation/angle_p15/normalized_32x32/5/5_5_02_f20420ee_r03c03__rotation_angle_p15.npy,5,5,1,0.9999998289501335,-8.287141799926758,-10.43639850616455,-19.583789825439453,-2.1314103603363037,-10.971665382385254,15.533562660217285,-9.028223037719727,-10.120896339416504,-8.325393676757812,-0.1815176010131836,rotation,+15deg
5_5_02_f20420ee_r03c04__rotation_angle_p15,./data/robustness/rotation/angle_p15/normalized_32x32/5/5_5_02_f20420ee_r03c04__rotation_angle_p15.npy,5,5,1,0.9999990036465756,-6.8694915771484375,-9.605693817138672,-15.568780899047852,-1.3501065969467163,-10.467361450195312,13.38326644897461,-7.8984527587890625,-10.092700958251953,-9.368806838989258,-0.9523348212242126,rotation,+15deg
5_5_02_f20420ee_r04c01__rotation_angle_p15,./data/robustness/rotation/angle_p15/normalized_32x32/5/5_5_02_f20420ee_r04c01__rotation_angle_p15.npy,5,5,1,0.9999998379843205,-9.452693939208984,-10.260539054870605,-18.009851455688477,-2.17207932472229,-12.76917552947998,15.161158561706543,-9.30491828918457,-10.617836952209473,-10.688138961791992,-0.6771664619445801,rotation,+15deg
5_5_02_f20420ee_r04c02__rotation_angle_p15,./data/robustness/rotation/angle_p15/normalized_32x32/5/5_5_02_f20420ee_r04c02__rotation_angle_p15.npy,5,5,1,0.9999951402204372,-10.585843086242676,-9.537436485290527,-14.71916389465332,1.1786426305770874,-9.825597763061523,13.421377182006836,-7.898618221282959,-11.856766700744629,-5.782431125640869,-3.76275372505188,rotation,+15deg
5_5_02_f20420ee_r04c03__rotation_angle_p15,./data/robustness/rotation/angle_p15/normalized_32x32/5/5_5_02_f20420ee_r04c03__rotation_angle_p15.npy,5,5,1,0.9999965759318047,-11.488166809082031,-10.24425983428955,-13.222397804260254,-0.21136023104190826,-9.158798217773438,12.850863456726074,-10.027580261230469,-12.311460494995117,-7.360740661621094,-0.7038893699645996,rotation,+15deg
5_5_02_f20420ee_r04c04__rotation_angle_p15,./data/robustness/rotation/angle_p15/normalized_32x32/5/5_5_02_f20420ee_r04c04__rotation_angle_p15.npy,5,5,1,0.9999989974295653,-9.277162551879883,-10.439826965332031,-15.815361022949219,-2.5735414028167725,-7.127137660980225,13.336230278015137,-7.8686113357543945,-10.126794815063477,-6.34918212890625,-0.6134868860244751,rotation,+15deg
6_6_01_52f5f834_r01c01__rotation_angle_p15,./data/robustness/rotation/angle_p15/normalized_32x32/6/6_6_01_52f5f834_r01c01__rotation_angle_p15.npy,6,6,1,0.9939337492519371,0.19991454482078552,-4.797520160675049,-4.350696563720703,-4.219532489776611,-2.3205575942993164,1.3380835056304932,6.74171257019043,-7.097830772399902,-6.624588966369629,-8.184941291809082,rotation,+15deg
6_6_01_52f5f834_r01c02__rotation_angle_p15,./data/robustness/rotation/angle_p15/normalized_32x32/6/6_6_01_52f5f834_r01c02__rotation_angle_p15.npy,6,6,1,0.4402366085160573,0.30750125646591187,-2.855907678604126,-5.181736946105957,-2.191530704498291,-3.5069985389709473,1.9907804727554321,2.039545774459839,-3.205681085586548,-0.4013400971889496,-1.7252000570297241,rotation,+15deg
6_6_01_52f5f834_r01c03__rotation_angle_p15,./data/robustness/rotation/angle_p15/normalized_32x32/6/6_6_01_52f5f834_r01c03__rotation_angle_p15.npy,6,6,1,0.9998545129679178,0.334560751914978,-8.099016189575195,-10.61166763305664,-8.560112953186035,-5.422224044799805,3.352764129638672,12.235941886901855,-13.564112663269043,-9.208721160888672,-12.678322792053223,rotation,+15deg
6_6_01_52f5f834_r01c04__rotation_angle_p15,./data/robustness/rotation/angle_p15/normalized_32x32/6/6_6_01_52f5f834_r01c04__rotation_angle_p15.npy,6,6,1,0.9999870575150461,-1.580837607383728,-6.663801193237305,-5.055188179016113,-6.075647354125977,-2.755587577819824,-0.29899391531944275,11.276269912719727,-11.439299583435059,-7.392454624176025,-14.942590713500977,rotation,+15deg
6_6_01_52f5f834_r02c01__rotation_angle_p15,./data/robustness/rotation/angle_p15/normalized_32x32/6/6_6_01_52f5f834_r02c01__rotation_angle_p15.npy,6,6,1,0.5517067580689693,-1.2004265785217285,-1.7171530723571777,-2.552083969116211,-4.626373291015625,-2.938553810119629,2.6455495357513428,2.897909641265869,-3.9470367431640625,-5.560231685638428,-6.8557844161987305,rotation,+15deg
6_6_01_52f5f834_r02c02__rotation_angle_p15,./data/robustness/rotation/angle_p15/normalized_32x32/6/6_6_01_52f5f834_r02c02__rotation_angle_p15.npy,6,6,1,0.9062764535175188,-1.0123909711837769,-5.667081356048584,-5.81363582611084,-5.1425395011901855,-4.228440761566162,4.693574905395508,6.966140270233154,-8.228757858276367,-8.280322074890137,-11.617741584777832,rotation,+15deg
6_6_01_52f5f834_r02c03__rotation_angle_p15,./data/robustness/rotation/angle_p15/normalized_32x32/6/6_6_01_52f5f834_r02c03__rotation_angle_p15.npy,6,6,1,0.999982719991531,1.747896671295166,-8.180476188659668,-9.58094596862793,-8.416336059570312,-3.721973419189453,0.7632448077201843,13.034387588500977,-12.545146942138672,-11.67465877532959,-15.415939331054688,rotation,+15deg
6_6_01_52f5f834_r02c04__rotation_angle_p15,./data/robustness/rotation/angle_p15/normalized_32x32/6/6_6_01_52f5f834_r02c04__rotation_angle_p15.npy,6,6,1,0.9945357297251491,-1.029723048210144,-4.162083148956299,-6.254636287689209,-5.882787704467773,-1.6614470481872559,2.6299948692321777,7.874148845672607,-8.522058486938477,-8.16262435913086,-10.5536527633667,rotation,+15deg
6_6_01_52f5f834_r03c01__rotation_angle_p15,./data/robustness/rotation/angle_p15/normalized_32x32/6/6_6_01_52f5f834_r03c01__rotation_angle_p15.npy,6,6,1,0.9998510995248905,0.25017908215522766,-3.9224891662597656,-10.731269836425781,-8.852555274963379,-6.390294075012207,0.5929461717605591,9.948615074157715,-8.353774070739746,-7.596171855926514,-12.601487159729004,rotation,+15deg
6_6_01_52f5f834_r03c02__rotation_angle_p15,./data/robustness/rotation/angle_p15/normalized_32x32/6/6_6_01_52f5f834_r03c02__rotation_angle_p15.npy,6,6,1,0.9987008283996165,1.933229684829712,-7.073942184448242,-7.503393173217773,-6.543640613555908,-3.3364224433898926,1.8649441003799438,9.240535736083984,-10.037302017211914,-6.472325325012207,-10.03100872039795,rotation,+15deg
6_6_01_52f5f834_r03c03__rotation_angle_p15,./data/robustness/rotation/angle_p15/normalized_32x32/6/6_6_01_52f5f834_r03c03__rotation_angle_p15.npy,6,6,1,0.9981121960367824,2.091238498687744,-5.976704120635986,-8.528417587280273,-5.774539947509766,-3.6664319038391113,2.1950767040252686,9.109956741333008,-9.07752799987793,-9.120192527770996,-10.032110214233398,rotation,+15deg
6_6_01_52f5f834_r03c04__rotation_angle_p15,./data/robustness/rotation/angle_p15/normalized_32x32/6/6_6_01_52f5f834_r03c04__rotation_angle_p15.npy,6,6,1,0.9993953850486702,2.2076644897460938,-6.514369010925293,-10.221975326538086,-6.650731563568115,-5.4954705238342285,1.4153096675872803,9.992003440856934,-9.153314590454102,-8.448294639587402,-12.484190940856934,rotation,+15deg
6_6_01_52f5f834_r04c01__rotation_angle_p15,./data/robustness/rotation/angle_p15/normalized_32x32/6/6_6_01_52f5f834_r04c01__rotation_angle_p15.npy,6,6,1,0.9999676510592399,-0.45722222328186035,-4.234988689422607,-9.38835620880127,-9.051300048828125,-4.378479957580566,0.5640721321105957,11.222097396850586,-10.764735221862793,-7.552206039428711,-13.800115585327148,rotation,+15deg
6_6_01_52f5f834_r04c02__rotation_angle_p15,./data/robustness/rotation/angle_p15/normalized_32x32/6/6_6_01_52f5f834_r04c02__rotation_angle_p15.npy,6,6,1,0.9845152343509278,-2.9209487438201904,-4.010022163391113,-12.032865524291992,-7.714407920837402,-6.0058088302612305,5.162937164306641,9.31566333770752,-12.106945991516113,-7.136338233947754,-13.13613510131836,rotation,+15deg
6_6_01_52f5f834_r04c03__rotation_angle_p15,./data/robustness/rotation/angle_p15/normalized_32x32/6/6_6_01_52f5f834_r04c03__rotation_angle_p15.npy,6,6,1,0.9991130792183497,1.5352239608764648,-9.923605918884277,-10.808786392211914,-6.750769138336182,-8.110311508178711,4.189910888671875,11.28477668762207,-14.063455581665039,-6.677700996398926,-11.480165481567383,rotation,+15deg
6_6_01_52f5f834_r04c04__rotation_angle_p15,./data/robustness/rotation/angle_p15/normalized_32x32/6/6_6_01_52f5f834_r04c04__rotation_angle_p15.npy,6,6,1,0.9876840695802828,4.352811813354492,-8.531695365905762,-11.764289855957031,-5.943645477294922,-9.013608932495117,2.17840838432312,8.844989776611328,-8.521368980407715,-8.08138656616211,-8.439512252807617,rotation,+15deg
6_6_02_ad596076_r01c01__rotation_angle_p15,./data/robustness/rotation/angle_p15/normalized_32x32/6/6_6_02_ad596076_r01c01__rotation_angle_p15.npy,6,6,1,0.9958167146026415,-0.9959861040115356,-4.686203956604004,-2.9039218425750732,-3.8753278255462646,-1.6897118091583252,1.007388710975647,6.690771579742432,-6.774350166320801,-5.816187381744385,-8.616827011108398,rotation,+15deg
6_6_02_ad596076_r01c02__rotation_angle_p15,./data/robustness/rotation/angle_p15/normalized_32x32/6/6_6_02_ad596076_r01c02__rotation_angle_p15.npy,6,6,1,0.6191010101650489,-3.065830707550049,2.703101634979248,-2.379035234451294,-6.487513542175293,1.258328914642334,-1.230448842048645,3.426866292953491,-4.215138912200928,-3.1802480220794678,-5.992193222045898,rotation,+15deg
6_6_02_ad596076_r01c03__rotation_angle_p15,./data/robustness/rotation/angle_p15/normalized_32x32/6/6_6_02_ad596076_r01c03__rotation_angle_p15.npy,6,6,1,0.9999795987642858,-0.9641191959381104,-7.378716468811035,-8.15391731262207,-8.45016098022461,-4.057736873626709,1.2680044174194336,12.174622535705566,-13.471661567687988,-7.577934741973877,-13.907968521118164,rotation,+15deg
6_6_02_ad596076_r01c04__rotation_angle_p15,./data/robustness/rotation/angle_p15/normalized_32x32/6/6_6_02_ad596076_r01c04__rotation_angle_p15.npy,6,6,1,0.9999963721038583,1.177371621131897,-9.80962085723877,-7.491794586181641,-6.929126739501953,-4.6215057373046875,-0.9190753698348999,13.823266983032227,-12.3562650680542,-12.164280891418457,-17.781917572021484,rotation,+15deg
6_6_02_ad596076_r02c01__rotation_angle_p15,./data/robustness/rotation/angle_p15/normalized_32x32/6/6_6_02_ad596076_r02c01__rotation_angle_p15.npy,6,6,1,0.8865581388423511,-0.9124257564544678,-4.076633453369141,-7.378652572631836,-5.182638645172119,-4.789273738861084,4.003579616546631,6.067657947540283,-6.888055801391602,-4.961599349975586,-8.339887619018555,rotation,+15deg
6_6_02_ad596076_r02c02__rotation_angle_p15,./data/robustness/rotation/angle_p15/normalized_32x32/6/6_6_02_ad596076_r02c02__rotation_angle_p15.npy,6,6,1,0.9999850573374172,0.724526047706604,-7.516284942626953,-9.222223281860352,-8.458404541015625,-3.473621129989624,0.9930673837661743,12.678886413574219,-11.441810607910156,-9.823179244995117,-15.491643905639648,rotation,+15deg
6_6_02_ad596076_r02c03__rotation_angle_p15,./data/robustness/rotation/angle_p15/normalized_32x32/6/6_6_02_ad596076_r02c03__rotation_angle_p15.npy,6,6,1,0.9999861748573396,0.5915300250053406,-9.844891548156738,-7.052086353302002,-6.543577671051025,-3.953303813934326,1.0453261137008667,12.730733871459961,-12.861417770385742,-10.826614379882812,-16.048927307128906,rotation,+15deg
6_6_02_ad596076_r02c04__rotation_angle_p15,./data/robustness/rotation/angle_p15/normalized_32x32/6/6_6_02_ad596076_r02c04__rotation_angle_p15.npy,6,6,1,0.998616634718136,-1.3640196323394775,-4.792359352111816,-5.356635093688965,-6.39302921295166,-0.5223482251167297,2.0016982555389404,8.693921089172363,-8.710810661315918,-9.165719985961914,-13.064350128173828,rotation,+15deg
6_6_02_ad596076_r03c01__rotation_angle_p15,./data/robustness/rotation/angle_p15/normalized_32x32/6/6_6_02_ad596076_r03c01__rotation_angle_p15.npy,6,6,1,0.9999248164327132,2.2372066974639893,-9.1522216796875,-7.327503204345703,-6.711852073669434,-4.745309352874756,0.42487436532974243,11.884928703308105,-11.828866004943848,-10.627861976623535,-14.85698413848877,rotation,+15deg
6_6_02_ad596076_r03c02__rotation_angle_p15,./data/robustness/rotation/angle_p15/normalized_32x32/6/6_6_02_ad596076_r03c02__rotation_angle_p15.npy,6,6,1,0.9683976631981737,6.612656593322754,-6.434171676635742,-13.302851676940918,-9.20333194732666,-7.724691867828369,-2.077680826187134,10.03524112701416,-6.66956090927124,-12.348243713378906,-13.231511116027832,rotation,+15deg
6_6_02_ad596076_r03c03__rotation_angle_p15,./data/robustness/rotation/angle_p15/normalized_32x32/6/6_6_02_ad596076_r03c03__rotation_angle_p15.npy,6,6,1,0.9996583050303289,2.9693856239318848,-5.446528434753418,-11.155524253845215,-9.111370086669922,-5.327790260314941,0.06077839434146881,11.0042142868042,-8.565141677856445,-10.708959579467773,-13.544798851013184,rotation,+15deg
6_6_02_ad596076_r03c04__rotation_angle_p15,./data/robustness/rotation/angle_p15/normalized_32x32/6/6_6_02_ad596076_r03c04__rotation_angle_p15.npy,6,6,1,0.5783555071825477,5.65044641494751,-6.351186752319336,-13.584803581237793,-7.062504291534424,-8.484769821166992,1.078339695930481,5.97685432434082,-3.715506076812744,-7.772623062133789,-7.18704891204834,rotation,+15deg
6_6_02_ad596076_r04c01__rotation_angle_p15,./data/robustness/rotation/angle_p15/normalized_32x32/6/6_6_02_ad596076_r04c01__rotation_angle_p15.npy,6,6,1,0.9992217656368124,-0.45954805612564087,-5.633909702301025,-6.790069103240967,-7.082180500030518,-3.018622875213623,2.3701746463775635,9.590032577514648,-9.303665161132812,-10.416903495788574,-13.95471477508545,rotation,+15deg
6_6_02_ad596076_r04c02__rotation_angle_p15,./data/robustness/rotation/angle_p15/normalized_32x32/6/6_6_02_ad596076_r04c02__rotation_angle_p15.npy,6,6,1,0.9999322825758956,2.920382261276245,-5.57996129989624,-14.892735481262207,-11.050619125366211,-7.922444820404053,0.009659931063652039,12.57370376586914,-9.778005599975586,-11.312621116638184,-14.642539978027344,rotation,+15deg
6_6_02_ad596076_r04c03__rotation_angle_p15,./data/robustness/rotation/angle_p15/normalized_32x32/6/6_6_02_ad596076_r04c03__rotation_angle_p15.npy,6,6,1,0.9996411101596524,1.1685525178909302,-8.248737335205078,-9.468893051147461,-6.367567539215088,-6.637010097503662,2.7823548316955566,10.89627742767334,-12.536260604858398,-8.02675724029541,-12.276097297668457,rotation,+15deg
6_6_02_ad596076_r04c04__rotation_angle_p15,./data/robustness/rotation/angle_p15/normalized_32x32/6/6_6_02_ad596076_r04c04__rotation_angle_p15.npy,6,6,1,0.9996324456256278,1.6723484992980957,-9.499841690063477,-9.533699035644531,-6.200535774230957,-7.139944553375244,2.7383837699890137,10.942798614501953,-13.932940483093262,-6.486520290374756,-11.16069221496582,rotation,+15deg
7_7_01_254ebf4a_r01c01__rotation_angle_p15,./data/robustness/rotation/angle_p15/normalized_32x32/7/7_7_01_254ebf4a_r01c01__rotation_angle_p15.npy,7,7,1,0.9445773487888807,-4.939652919769287,0.7518813610076904,-0.5714902877807617,-1.9189943075180054,-1.727583885192871,-3.8149948120117188,-6.716609001159668,4.189908027648926,-2.2683680057525635,-0.31542715430259705,rotation,+15deg
7_7_01_254ebf4a_r01c02__rotation_angle_p15,./data/robustness/rotation/angle_p15/normalized_32x32/7/7_7_01_254ebf4a_r01c02__rotation_angle_p15.npy,7,7,1,0.9553426951696946,-7.575185298919678,2.3833322525024414,-3.2600245475769043,-3.2773494720458984,-2.384415864944458,-6.83514404296875,-9.441803932189941,5.594274520874023,-3.068671703338623,0.41309139132499695,rotation,+15deg
7_7_01_254ebf4a_r01c03__rotation_angle_p15,./data/robustness/rotation/angle_p15/normalized_32x32/7/7_7_01_254ebf4a_r01c03__rotation_angle_p15.npy,7,7,1,0.9995118348250204,-10.394524574279785,0.3874078392982483,-4.1366801261901855,-4.359546661376953,-1.9823706150054932,-8.563043594360352,-12.479532241821289,8.604772567749023,-4.991874694824219,0.01867981255054474,rotation,+15deg
7_7_01_254ebf4a_r01c04__rotation_angle_p15,./data/robustness/rotation/angle_p15/normalized_32x32/7/7_7_01_254ebf4a_r01c04__rotation_angle_p15.npy,7,7,1,0.9977716087702551,-8.219269752502441,-2.424769163131714,-3.515958786010742,-6.429171562194824,1.3728643655776978,-8.913901329040527,-10.881572723388672,7.911105632781982,-4.5529351234436035,0.7000572085380554,rotation,+15deg
7_7_01_254ebf4a_r02c01__rotation_angle_p15,./data/robustness/rotation/angle_p15/normalized_32x32/7/7_7_01_254ebf4a_r02c01__rotation_angle_p15.npy,7,7,1,0.9649176772466175,-9.825212478637695,-2.2012434005737305,-4.283520698547363,-1.9910223484039307,1.1261177062988281,-7.356503963470459,-10.203574180603027,5.41890811920166,-3.5915699005126953,1.5749610662460327,rotation,+15deg
7_7_01_254ebf4a_r02c02__rotation_angle_p15,./data/robustness/rotation/angle_p15/normalized_32x32/7/7_7_01_254ebf4a_r02c02__rotation_angle_p15.npy,7,7,1,0.8467358900151507,-3.745006561279297,-0.6098395586013794,-3.748453140258789,-4.538584232330322,0.3271421492099762,-5.234568119049072,-5.806349754333496,4.008324146270752,-3.825716733932495,2.072761058807373,rotation,+15deg
7_7_01_254ebf4a_r02c03__rotation_angle_p15,./data/robustness/rotation/angle_p15/normalized_32x32/7/7_7_01_254ebf4a_r02c03__rotation_angle_p15.npy,7,7,1,0.9967033256538149,-11.07058048248291,0.04805552959442139,-5.216287612915039,-5.100721836090088,-0.5596150755882263,-9.620307922363281,-12.713700294494629,7.781455993652344,-5.32765007019043,1.8384915590286255,rotation,+15deg
7_7_01_254ebf4a_r02c04__rotation_angle_p15,./data/robustness/rotation/angle_p15/normalized_32x32/7/7_7_01_254ebf4a_r02c04__rotation_angle_p15.npy,7,7,1,0.9976833487456863,-3.3066790103912354,-2.5662448406219482,-4.616252899169922,-4.873600006103516,1.2110369205474854,-4.694621562957764,-8.21111011505127,7.529607772827148,-5.949091911315918,-0.19296984374523163,rotation,+15deg
7_7_01_254ebf4a_r03c01__rotation_angle_p15,./data/robustness/rotation/angle_p15/normalized_32x32/7/7_7_01_254ebf4a_r03c01__rotation_angle_p15.npy,7,7,1,0.9814253275330418,-7.75651216506958,0.3832140862941742,-2.473372459411621,-3.2897109985351562,-0.363344669342041,-7.654848098754883,-10.374457359313965,5.6814985275268555,-3.786714553833008,1.177187442779541,rotation,+15deg
7_7_01_254ebf4a_r03c02__rotation_angle_p15,./data/robustness/rotation/angle_p15/normalized_32x32/7/7_7_01_254ebf4a_r03c02__rotation_angle_p15.npy,7,7,1,0.9853376979242401,-11.088715553283691,1.4926862716674805,-5.264977931976318,-3.430083751678467,-1.2276866436004639,-9.130925178527832,-11.162250518798828,6.5897369384765625,-4.31641960144043,1.797384262084961,rotation,+15deg
7_7_01_254ebf4a_r03c03__rotation_angle_p15,./data/robustness/rotation/angle_p15/normalized_32x32/7/7_7_01_254ebf4a_r03c03__rotation_angle_p15.npy,7,7,1,0.7361812348668827,-8.961923599243164,3.411344289779663,-1.9109463691711426,-2.133328437805176,-1.5169873237609863,-8.00628662109375,-10.718091011047363,4.547850608825684,-4.185738563537598,1.1093415021896362,rotation,+15deg
7_7_01_254ebf4a_r03c04__rotation_angle_p15,./data/robustness/rotation/angle_p15/normalized_32x32/7/7_7_01_254ebf4a_r03c04__rotation_angle_p15.npy,7,7,1,0.9851485147696565,-8.681270599365234,0.3822731375694275,-3.9040396213531494,-3.7596020698547363,-0.4087464213371277,-7.353590965270996,-9.596205711364746,6.014954090118408,-4.513483047485352,1.3833115100860596,rotation,+15deg
7_7_01_254ebf4a_r04c01__rotation_angle_p15,./data/robustness/rotation/angle_p15/normalized_32x32/7/7_7_01_254ebf4a_r04c01__rotation_angle_p15.npy,7,7,1,0.9145189576918804,-6.1858439445495605,1.946143627166748,-2.058450937271118,-4.089038848876953,-0.5575767755508423,-6.6985087394714355,-7.982336521148682,4.799997329711914,-3.9462456703186035,1.2853903770446777,rotation,+15deg
7_7_01_254ebf4a_r04c02__rotation_angle_p15,./data/robustness/rotation/angle_p15/normalized_32x32/7/7_7_01_254ebf4a_r04c02__rotation_angle_p15.npy,7,7,1,0.9787628178967123,-9.536585807800293,2.514014720916748,-3.3721184730529785,-3.062345504760742,-2.5884008407592773,-8.155648231506348,-11.316404342651367,6.443386077880859,-3.139955997467041,0.0802387148141861,rotation,+15deg
7_7_01_254ebf4a_r04c03__rotation_angle_p15,./data/robustness/rotation/angle_p15/normalized_32x32/7/7_7_01_254ebf4a_r04c03__rotation_angle_p15.npy,7,7,1,0.7928243289308432,-6.8705596923828125,2.5292470455169678,-3.4999094009399414,-1.5928318500518799,-2.651078939437866,-5.425933837890625,-8.027212142944336,4.0406928062438965,-2.3028554916381836,0.6449333429336548,rotation,+15deg
7_7_01_254ebf4a_r04c04__rotation_angle_p15,./data/robustness/rotation/angle_p15/normalized_32x32/7/7_7_01_254ebf4a_r04c04__rotation_angle_p15.npy,7,7,1,0.9936042232697598,-10.021075248718262,0.7407063245773315,-5.132032871246338,-4.580045700073242,-1.347985029220581,-9.016592025756836,-12.067646980285645,6.989591598510742,-4.76442813873291,1.526890516281128,rotation,+15deg
7_7_02_923c5b16_r01c01__rotation_angle_p15,./data/robustness/rotation/angle_p15/normalized_32x32/7/7_7_02_923c5b16_r01c01__rotation_angle_p15.npy,7,7,1,0.9731763893233122,-7.210171222686768,0.20050513744354248,-3.222151041030884,-2.726166248321533,-0.8543729782104492,-5.836266040802002,-8.298393249511719,5.0792670249938965,-3.5835583209991455,0.9721291065216064,rotation,+15deg
7_7_02_923c5b16_r01c02__rotation_angle_p15,./data/robustness/rotation/angle_p15/normalized_32x32/7/7_7_02_923c5b16_r01c02__rotation_angle_p15.npy,7,7,1,0.9871230672388192,-9.484214782714844,1.8221385478973389,-4.209413528442383,-3.9424543380737305,-1.845882534980774,-8.028223037719727,-10.073923110961914,6.478516578674316,-4.150426387786865,0.7414044141769409,rotation,+15deg
7_7_02_923c5b16_r01c03__rotation_angle_p15,./data/robustness/rotation/angle_p15/normalized_32x32/7/7_7_02_923c5b16_r01c03__rotation_angle_p15.npy,7,7,1,0.9930241575671851,-6.708086013793945,-3.3978631496429443,-2.282526731491089,-3.5822525024414062,0.40677499771118164,-7.548160076141357,-10.44572639465332,6.335670471191406,-4.414247989654541,0.8265082836151123,rotation,+15deg
7_7_02_923c5b16_r01c04__rotation_angle_p15,./data/robustness/rotation/angle_p15/normalized_32x32/7/7_7_02_923c5b16_r01c04__rotation_angle_p15.npy,7,7,1,0.9946291962351058,-5.665227890014648,-3.628655195236206,-5.339653491973877,-3.6187760829925537,-0.8896886706352234,-7.411829471588135,-9.386016845703125,6.895199775695801,-4.2728471755981445,1.5780274868011475,rotation,+15deg
7_7_02_923c5b16_r02c01__rotation_angle_p15,./data/robustness/rotation/angle_p15/normalized_32x32/7/7_7_02_923c5b16_r02c01__rotation_angle_p15.npy,7,7,1,0.9901422241150981,-4.4240593910217285,-1.8727473020553589,-3.532559871673584,-4.499431133270264,1.1374057531356812,-6.679943561553955,-7.923816680908203,6.242384910583496,-5.310218811035156,0.5804890394210815,rotation,+15deg
7_7_02_923c5b16_r02c02__rotation_angle_p15,./data/robustness/rotation/angle_p15/normalized_32x32/7/7_7_02_923c5b16_r02c02__rotation_angle_p15.npy,7,7,1,0.9919422443102683,-11.866411209106445,-0.3978634476661682,-3.0706512928009033,-0.07206988334655762,-0.6276906728744507,-8.81511116027832,-13.241533279418945,5.959994316101074,-3.508418560028076,-0.06604841351509094,rotation,+15deg
7_7_02_923c5b16_r02c03__rotation_angle_p15,./data/robustness/rotation/angle_p15/normalized_32x32/7/7_7_02_923c5b16_r02c03__rotation_angle_p15.npy,7,7,1,0.983018851118743,-8.010306358337402,0.35695740580558777,-1.7666738033294678,-2.3935370445251465,-0.11337316036224365,-6.270539283752441,-9.12683391571045,5.3486480712890625,-3.595571279525757,0.01927269995212555,rotation,+15deg
7_7_02_923c5b16_r02c04__rotation_angle_p15,./data/robustness/rotation/angle_p15/normalized_32x32/7/7_7_02_923c5b16_r02c04__rotation_angle_p15.npy,7,7,1,0.9994490237830236,-8.184284210205078,-1.6448051929473877,-4.290482044219971,-4.028214454650879,-1.1947574615478516,-7.245965480804443,-11.15783405303955,8.19659423828125,-6.1636552810668945,0.38520509004592896,rotation,+15deg
7_7_02_923c5b16_r03c01__rotation_angle_p15,./data/robustness/rotation/angle_p15/normalized_32x32/7/7_7_02_923c5b16_r03c01__rotation_angle_p15.npy,7,7,1,0.9225807620223082,-7.866641044616699,2.005188465118408,-0.11747807264328003,-2.461704730987549,-1.5357095003128052,-7.80133581161499,-9.153800964355469,4.744525909423828,-2.714125633239746,-0.03873312473297119,rotation,+15deg
7_7_02_923c5b16_r03c02__rotation_angle_p15,./data/robustness/rotation/angle_p15/normalized_32x32/7/7_7_02_923c5b16_r03c02__rotation_angle_p15.npy,7,7,1,0.9951185687716537,-9.662301063537598,1.0101312398910522,-3.4832210540771484,-4.95352840423584,-0.7089452147483826,-9.81460952758789,-11.780160903930664,7.422501087188721,-4.675647735595703,1.593796968460083,rotation,+15deg
7_7_02_923c5b16_r03c03__rotation_angle_p15,./data/robustness/rotation/angle_p15/normalized_32x32/7/7_7_02_923c5b16_r03c03__rotation_angle_p15.npy,7,7,1,0.9921000265143086,-9.30372428894043,-0.23190933465957642,-2.5690178871154785,-3.5917587280273438,0.0645751953125,-8.339760780334473,-10.319787979125977,6.415801048278809,-4.417688846588135,1.0620994567871094,rotation,+15deg
7_7_02_923c5b16_r03c04__rotation_angle_p15,./data/robustness/rotation/angle_p15/normalized_32x32/7/7_7_02_923c5b16_r03c04__rotation_angle_p15.npy,7,7,1,0.991641287140461,-10.729545593261719,1.597348928451538,-5.621879577636719,-4.735589504241943,-1.6570866107940674,-9.073467254638672,-11.92797565460205,7.157072067260742,-5.1510419845581055,1.7346478700637817,rotation,+15deg
7_7_02_923c5b16_r04c01__rotation_angle_p15,./data/robustness/rotation/angle_p15/normalized_32x32/7/7_7_02_923c5b16_r04c01__rotation_angle_p15.npy,7,7,1,0.9986039788970015,-12.355432510375977,0.9290206432342529,-5.5892839431762695,-4.929485321044922,-0.6234467625617981,-11.840420722961426,-14.032632827758789,8.885393142700195,-6.201127052307129,1.948783040046692,rotation,+15deg
7_7_02_923c5b16_r04c02__rotation_angle_p15,./data/robustness/rotation/angle_p15/normalized_32x32/7/7_7_02_923c5b16_r04c02__rotation_angle_p15.npy,7,7,1,0.9987221404610604,-13.337862968444824,1.142653226852417,-6.989994049072266,-4.838540554046631,-2.110942840576172,-9.51769733428955,-11.539087295532227,8.156660079956055,-4.48286771774292,0.16937294602394104,rotation,+15deg
7_7_02_923c5b16_r04c03__rotation_angle_p15,./data/robustness/rotation/angle_p15/normalized_32x32/7/7_7_02_923c5b16_r04c03__rotation_angle_p15.npy,7,7,1,0.988863430238342,-11.10046100616455,2.4368162155151367,-4.361004829406738,-3.756418228149414,-2.3925273418426514,-10.06021499633789,-11.464584350585938,7.04050874710083,-3.727201223373413,0.24106669425964355,rotation,+15deg
7_7_02_923c5b16_r04c04__rotation_angle_p15,./data/robustness/rotation/angle_p15/normalized_32x32/7/7_7_02_923c5b16_r04c04__rotation_angle_p15.npy,7,7,1,0.9953598652362406,-9.03792667388916,-0.07287108898162842,-4.586857795715332,-3.664294719696045,-1.4525458812713623,-7.450781345367432,-11.127144813537598,6.959977626800537,-4.055969715118408,1.3067500591278076,rotation,+15deg
8_8_01_e470fe0b_r01c01__rotation_angle_p15,./data/robustness/rotation/angle_p15/normalized_32x32/8/8_8_01_e470fe0b_r01c01__rotation_angle_p15.npy,8,8,1,0.9999956947184433,-3.5900957584381104,-6.757697582244873,-4.611922740936279,-3.2020070552825928,-3.456841468811035,-2.7826805114746094,-4.4133524894714355,-8.74386215209961,11.067373275756836,-2.4002480506896973,rotation,+15deg
8_8_01_e470fe0b_r01c02__rotation_angle_p15,./data/robustness/rotation/angle_p15/normalized_32x32/8/8_8_01_e470fe0b_r01c02__rotation_angle_p15.npy,8,8,1,0.8461973863055878,-4.371809482574463,-4.616702079772949,-4.542549133300781,-1.2244044542312622,-1.9232637882232666,2.5705313682556152,-2.0382158756256104,-6.376413822174072,4.322536468505859,-3.779151201248169,rotation,+15deg
8_8_01_e470fe0b_r01c03__rotation_angle_p15,./data/robustness/rotation/angle_p15/normalized_32x32/8/8_8_01_e470fe0b_r01c03__rotation_angle_p15.npy,8,8,1,0.7827234720156837,-1.4263243675231934,-6.399487018585205,-7.491461277008057,-1.3786381483078003,-2.1853106021881104,2.8417916297912598,1.4604958295822144,-8.916638374328613,4.377547740936279,-3.067673683166504,rotation,+15deg
8_8_01_e470fe0b_r01c04__rotation_angle_p15,./data/robustness/rotation/angle_p15/normalized_32x32/8/8_8_01_e470fe0b_r01c04__rotation_angle_p15.npy,8,8,1,0.9999915793612184,-1.2219089269638062,-9.862311363220215,-1.079113483428955,-1.5278042554855347,-7.000857830047607,-2.8667232990264893,-5.569193363189697,-8.578523635864258,11.61395263671875,-4.008347511291504,rotation,+15deg
8_8_01_e470fe0b_r02c01__rotation_angle_p15,./data/robustness/rotation/angle_p15/normalized_32x32/8/8_8_01_e470fe0b_r02c01__rotation_angle_p15.npy,8,8,1,0.9998170322506263,-0.5008519291877747,-4.908012866973877,-1.3395107984542847,-3.680116891860962,-2.805957555770874,-3.0938799381256104,-4.31705379486084,-6.442481517791748,8.694575309753418,-2.640916347503662,rotation,+15deg
8_8_01_e470fe0b_r02c02__rotation_angle_p15,./data/robustness/rotation/angle_p15/normalized_32x32/8/8_8_01_e470fe0b_r02c02__rotation_angle_p15.npy,8,8,1,0.9999980993901146,-3.700153350830078,-7.933199882507324,-2.0316998958587646,-3.2442262172698975,-5.628963947296143,-3.5582449436187744,-6.052764415740967,-9.847718238830566,11.892163276672363,-3.0357799530029297,rotation,+15deg
8_8_01_e470fe0b_r02c03__rotation_angle_p15,./data/robustness/rotation/angle_p15/normalized_32x32/8/8_8_01_e470fe0b_r02c03__rotation_angle_p15.npy,8,8,1,0.999999521981251,-3.5723876953125,-7.8283162117004395,-1.7441380023956299,-4.604177951812744,-4.672101020812988,-3.1594252586364746,-3.599597692489624,-10.030653953552246,13.326722145080566,-7.225122451782227,rotation,+15deg
8_8_01_e470fe0b_r02c04__rotation_angle_p15,./data/robustness/rotation/angle_p15/normalized_32x32/8/8_8_01_e470fe0b_r02c04__rotation_angle_p15.npy,8,8,1,0.9989715632296988,-4.397711753845215,-5.405189037322998,-5.354635715484619,-2.2739665508270264,-3.058350086212158,0.3860294222831726,0.350726842880249,-9.276222229003906,7.999752998352051,-5.2193379402160645,rotation,+15deg
8_8_01_e470fe0b_r03c01__rotation_angle_p15,./data/robustness/rotation/angle_p15/normalized_32x32/8/8_8_01_e470fe0b_r03c01__rotation_angle_p15.npy,8,8,1,0.9999998324123983,-5.55549955368042,-9.936518669128418,-3.5734405517578125,-2.7180237770080566,-3.7654521465301514,-3.784684658050537,-9.024545669555664,-12.648698806762695,13.884156227111816,-3.3376502990722656,rotation,+15deg
8_8_01_e470fe0b_r03c02__rotation_angle_p15,./data/robustness/rotation/angle_p15/normalized_32x32/8/8_8_01_e470fe0b_r03c02__rotation_angle_p15.npy,8,8,1,0.9999955138495278,-5.675487041473389,-8.128417015075684,-3.800860643386841,-2.6881937980651855,-3.0290539264678955,-3.8209660053253174,-6.677111625671387,-9.794567108154297,11.300480842590332,-1.6240863800048828,rotation,+15deg
8_8_01_e470fe0b_r03c03__rotation_angle_p15,./data/robustness/rotation/angle_p15/normalized_32x32/8/8_8_01_e470fe0b_r03c03__rotation_angle_p15.npy,8,8,1,0.9999999480218151,-6.656787395477295,-9.539060592651367,-5.473397254943848,-3.1638340950012207,-3.8608858585357666,-3.8750619888305664,-9.388182640075684,-12.553648948669434,14.842965126037598,-2.891066551208496,rotation,+15deg
8_8_01_e470fe0b_r03c04__rotation_angle_p15,./data/robustness/rotation/angle_p15/normalized_32x32/8/8_8_01_e470fe0b_r03c04__rotation_angle_p15.npy,8,8,1,0.9996171485068975,-2.5928900241851807,-5.498803615570068,-5.2855072021484375,-2.1375298500061035,-3.6162214279174805,-0.7768270373344421,-5.396843433380127,-6.727994918823242,8.241872787475586,-0.27479568123817444,rotation,+15deg
8_8_01_e470fe0b_r04c01__rotation_angle_p15,./data/robustness/rotation/angle_p15/normalized_32x32/8/8_8_01_e470fe0b_r04c01__rotation_angle_p15.npy,8,8,1,0.9999999893646011,-4.471341609954834,-10.714956283569336,-3.979518413543701,-3.1619791984558105,-4.690690994262695,-4.714412212371826,-9.019577026367188,-13.03516674041748,16.082874298095703,-4.43004846572876,rotation,+15deg
8_8_01_e470fe0b_r04c02__rotation_angle_p15,./data/robustness/rotation/angle_p15/normalized_32x32/8/8_8_01_e470fe0b_r04c02__rotation_angle_p15.npy,8,8,1,0.9999987711815176,-2.0022220611572266,-7.959051609039307,-0.9514058828353882,-5.591341495513916,-5.3163065910339355,-4.107530117034912,-6.672074317932129,-9.051753044128418,13.037471771240234,-4.113524436950684,rotation,+15deg
8_8_01_e470fe0b_r04c03__rotation_angle_p15,./data/robustness/rotation/angle_p15/normalized_32x32/8/8_8_01_e470fe0b_r04c03__rotation_angle_p15.npy,8,8,1,0.9999550995306014,-2.554227828979492,-8.958003044128418,-0.49527329206466675,-6.987896919250488,-2.867793560028076,-4.608027935028076,-9.853718757629395,-9.448145866394043,10.364049911499023,-0.4031047224998474,rotation,+15deg
8_8_01_e470fe0b_r04c04__rotation_angle_p15,./data/robustness/rotation/angle_p15/normalized_32x32/8/8_8_01_e470fe0b_r04c04__rotation_angle_p15.npy,8,8,1,0.9999959074794225,-0.1897314190864563,-10.479753494262695,-3.7716972827911377,-1.8314778804779053,-6.75350284576416,-2.5277230739593506,-5.740429878234863,-10.120757102966309,12.600861549377441,-2.1197381019592285,rotation,+15deg
8_8_02_b36c8633_r01c01__rotation_angle_p15,./data/robustness/rotation/angle_p15/normalized_32x32/8/8_8_02_b36c8633_r01c01__rotation_angle_p15.npy,8,8,1,0.9999808562954737,-2.851375102996826,-6.803521156311035,-1.5569126605987549,-2.501145362854004,-4.5293803215026855,-2.6215343475341797,-3.506406307220459,-8.399738311767578,10.13040542602539,-4.1962480545043945,rotation,+15deg
8_8_02_b36c8633_r01c02__rotation_angle_p15,./data/robustness/rotation/angle_p15/normalized_32x32/8/8_8_02_b36c8633_r01c02__rotation_angle_p15.npy,8,8,1,0.9999932939886771,-3.2680957317352295,-6.966314315795898,-2.2404234409332275,-2.6550610065460205,-4.4391865730285645,-2.57393217086792,-3.3135712146759033,-9.479698181152344,10.851856231689453,-5.116008281707764,rotation,+15deg
8_8_02_b36c8633_r01c03__rotation_angle_p15,./data/robustness/rotation/angle_p15/normalized_32x32/8/8_8_02_b36c8633_r01c03__rotation_angle_p15.npy,8,8,1,0.9999853544665679,-3.093003988265991,-7.644391059875488,-2.025491237640381,-1.860559344291687,-4.791469573974609,-2.3062312602996826,-4.342470645904541,-8.414544105529785,10.399158477783203,-3.6371257305145264,rotation,+15deg
8_8_02_b36c8633_r01c04__rotation_angle_p15,./data/robustness/rotation/angle_p15/normalized_32x32/8/8_8_02_b36c8633_r01c04__rotation_angle_p15.npy,8,8,1,0.9999500653821304,-3.0807106494903564,-7.735835075378418,-4.7734150886535645,-0.48374083638191223,-4.194473743438721,-1.292643666267395,-1.9522126913070679,-9.595062255859375,10.016667366027832,-4.167786598205566,rotation,+15deg
8_8_02_b36c8633_r02c01__rotation_angle_p15,./data/robustness/rotation/angle_p15/normalized_32x32/8/8_8_02_b36c8633_r02c01__rotation_angle_p15.npy,8,8,1,0.9999987804399352,-2.9387271404266357,-7.975710868835449,-4.62031888961792,-3.6923341751098633,-5.634872913360596,-1.847671389579773,-3.03023099899292,-10.143864631652832,12.458794593811035,-4.105341911315918,rotation,+15deg
8_8_02_b36c8633_r02c02__rotation_angle_p15,./data/robustness/rotation/angle_p15/normalized_32x32/8/8_8_02_b36c8633_r02c02__rotation_angle_p15.npy,8,8,1,0.990564640182978,-3.9228672981262207,-5.325838088989258,-5.281109809875488,-0.5559670925140381,-3.2774295806884766,-0.26963019371032715,-2.9033844470977783,-6.485700607299805,5.414768218994141,-0.38665950298309326,rotation,+15deg
8_8_02_b36c8633_r02c03__rotation_angle_p15,./data/robustness/rotation/angle_p15/normalized_32x32/8/8_8_02_b36c8633_r02c03__rotation_angle_p15.npy,8,8,1,0.9999667415031123,-0.4966287612915039,-5.882198810577393,-3.6078152656555176,-3.096062660217285,-3.2396798133850098,-2.952287197113037,-2.490027904510498,-8.156108856201172,10.243141174316406,-2.5778160095214844,rotation,+15deg
8_8_02_b36c8633_r02c04__rotation_angle_p15,./data/robustness/rotation/angle_p15/normalized_32x32/8/8_8_02_b36c8633_r02c04__rotation_angle_p15.npy,8,8,1,0.6048771878726021,-0.009397968649864197,-2.6070938110351562,-6.173096656799316,-2.4748687744140625,-1.786295771598816,0.9626093506813049,1.330141544342041,-4.930716514587402,2.488992691040039,-1.92909574508667,rotation,+15deg
8_8_02_b36c8633_r03c01__rotation_angle_p15,./data/robustness/rotation/angle_p15/normalized_32x32/8/8_8_02_b36c8633_r03c01__rotation_angle_p15.npy,8,8,1,0.9999974502104056,-2.1793437004089355,-6.428940773010254,-4.64607572555542,-4.593252182006836,-2.7227911949157715,-2.822902202606201,-4.291524410247803,-9.401642799377441,11.960731506347656,-2.0740857124328613,rotation,+15deg
8_8_02_b36c8633_r03c02__rotation_angle_p15,./data/robustness/rotation/angle_p15/normalized_32x32/8/8_8_02_b36c8633_r03c02__rotation_angle_p15.npy,8,8,1,0.9999105903325913,-4.412858009338379,-6.468529224395752,-7.382697582244873,-3.7103164196014404,-3.5053625106811523,0.4201929569244385,-3.8262174129486084,-9.329509735107422,9.907289505004883,-1.7024860382080078,rotation,+15deg
8_8_02_b36c8633_r03c03__rotation_angle_p15,./data/robustness/rotation/angle_p15/normalized_32x32/8/8_8_02_b36c8633_r03c03__rotation_angle_p15.npy,8,8,1,0.9999919697266261,-3.838989496231079,-8.491255760192871,-7.5247578620910645,-2.760188341140747,-5.041677474975586,-1.7112444639205933,-6.6291399002075195,-10.404297828674316,11.941165924072266,-0.04259002208709717,rotation,+15deg
8_8_02_b36c8633_r03c04__rotation_angle_p15,./data/robustness/rotation/angle_p15/normalized_32x32/8/8_8_02_b36c8633_r03c04__rotation_angle_p15.npy,8,8,1,0.9999993910304112,-3.1988558769226074,-8.839150428771973,-6.322118759155273,-3.3467164039611816,-4.575141429901123,-2.3243963718414307,-6.065566539764404,-11.009055137634277,13.385117530822754,-1.5723838806152344,rotation,+15deg
8_8_02_b36c8633_r04c01__rotation_angle_p15,./data/robustness/rotation/angle_p15/normalized_32x32/8/8_8_02_b36c8633_r04c01__rotation_angle_p15.npy,8,8,1,0.9999864504078998,-5.080862045288086,-8.125370979309082,-5.163877964019775,-2.322413444519043,-4.275940418243408,-1.563533902168274,-6.889410972595215,-10.335611343383789,10.889945983886719,-0.9361803531646729,rotation,+15deg
8_8_02_b36c8633_r04c02__rotation_angle_p15,./data/robustness/rotation/angle_p15/normalized_32x32/8/8_8_02_b36c8633_r04c02__rotation_angle_p15.npy,8,8,1,0.9999701449767595,-3.320638656616211,-6.8757429122924805,-3.481920003890991,-2.2671525478363037,-3.9612762928009033,-2.907155752182007,-6.18949031829834,-8.973214149475098,10.067188262939453,-0.7853543758392334,rotation,+15deg
8_8_02_b36c8633_r04c03__rotation_angle_p15,./data/robustness/rotation/angle_p15/normalized_32x32/8/8_8_02_b36c8633_r04c03__rotation_angle_p15.npy,8,8,1,0.9999999968655615,-3.389641046524048,-12.495121002197266,-3.8765721321105957,-4.223194122314453,-8.105768203735352,-4.158863067626953,-7.9050798416137695,-12.760613441467285,17.264875411987305,-4.321761608123779,rotation,+15deg
8_8_02_b36c8633_r04c04__rotation_angle_p15,./data/robustness/rotation/angle_p15/normalized_32x32/8/8_8_02_b36c8633_r04c04__rotation_angle_p15.npy,8,8,1,0.9999997488794179,-4.1148362159729,-11.14659595489502,-1.4866199493408203,-1.417611002922058,-6.3287763595581055,-5.116323471069336,-8.046183586120605,-11.399516105651855,14.496355056762695,-5.739759922027588,rotation,+15deg
9_9_01_852a4a6b_r01c01__rotation_angle_p15,./data/robustness/rotation/angle_p15/normalized_32x32/9/9_9_01_852a4a6b_r01c01__rotation_angle_p15.npy,9,9,1,0.9694471594542583,-6.232876300811768,-2.491457223892212,-5.179535865783691,-3.124610424041748,2.8834755420684814,-3.1978156566619873,-8.185346603393555,-1.2373981475830078,-3.294713020324707,6.368475914001465,rotation,+15deg
9_9_01_852a4a6b_r01c02__rotation_angle_p15,./data/robustness/rotation/angle_p15/normalized_32x32/9/9_9_01_852a4a6b_r01c02__rotation_angle_p15.npy,9,9,1,0.9947784119193577,-7.857982158660889,-2.871066093444824,-5.8402204513549805,-2.9305806159973145,2.6119420528411865,-4.166565418243408,-10.451461791992188,-0.7560387849807739,-4.34822940826416,7.90554666519165,rotation,+15deg
9_9_01_852a4a6b_r01c03__rotation_angle_p15,./data/robustness/rotation/angle_p15/normalized_32x32/9/9_9_01_852a4a6b_r01c03__rotation_angle_p15.npy,9,9,1,0.9833912065255298,-7.253343105316162,-2.85013747215271,-4.613420486450195,-2.4839248657226562,2.924004554748535,-4.03872013092041,-10.117971420288086,-0.4158119559288025,-4.345560550689697,7.049332618713379,rotation,+15deg
9_9_01_852a4a6b_r01c04__rotation_angle_p15,./data/robustness/rotation/angle_p15/normalized_32x32/9/9_9_01_852a4a6b_r01c04__rotation_angle_p15.npy,9,9,1,0.998320812893573,-6.86288595199585,-1.8116278648376465,-7.310774803161621,-3.22119402885437,1.217050552368164,-3.674802780151367,-9.611912727355957,-0.9017655849456787,-2.1829800605773926,7.805121898651123,rotation,+15deg
9_9_01_852a4a6b_r02c01__rotation_angle_p15,./data/robustness/rotation/angle_p15/normalized_32x32/9/9_9_01_852a4a6b_r02c01__rotation_angle_p15.npy,9,9,1,0.9191432056600486,-6.762321472167969,-3.256962299346924,-4.724372386932373,-2.5674524307250977,3.7275846004486084,-3.4301095008850098,-8.655061721801758,-1.1350207328796387,-3.655475378036499,6.170421600341797,rotation,+15deg
9_9_01_852a4a6b_r02c02__rotation_angle_p15,./data/robustness/rotation/angle_p15/normalized_32x32/9/9_9_01_852a4a6b_r02c02__rotation_angle_p15.npy,9,9,1,0.9806479675356065,-7.4782938957214355,-4.219327926635742,-5.827052116394043,-1.916301965713501,3.4013423919677734,-2.050516128540039,-11.215507507324219,-3.321176767349243,-4.210020542144775,7.338191509246826,rotation,+15deg
9_9_01_852a4a6b_r02c03__rotation_angle_p15,./data/robustness/rotation/angle_p15/normalized_32x32/9/9_9_01_852a4a6b_r02c03__rotation_angle_p15.npy,9,8,0,0.9977181891847894,-2.270021677017212,-2.776848316192627,-4.924025535583496,-4.271107196807861,-1.940669059753418,-4.069657325744629,-5.135666370391846,-2.454422950744629,7.001459121704102,0.7287204265594482,rotation,+15deg
9_9_01_852a4a6b_r02c04__rotation_angle_p15,./data/robustness/rotation/angle_p15/normalized_32x32/9/9_9_01_852a4a6b_r02c04__rotation_angle_p15.npy,9,9,1,0.863363620747711,-7.20358943939209,-3.701719045639038,-4.077823162078857,-2.8934736251831055,3.104438066482544,-4.327687740325928,-8.022440910339355,-2.602675437927246,-1.20806884765625,4.969431400299072,rotation,+15deg
9_9_01_852a4a6b_r03c01__rotation_angle_p15,./data/robustness/rotation/angle_p15/normalized_32x32/9/9_9_01_852a4a6b_r03c01__rotation_angle_p15.npy,9,4,0,0.9690487230652094,-5.928689002990723,-0.8082558512687683,-3.3004844188690186,-5.790459632873535,6.352437973022461,-3.7270278930664062,-6.480302333831787,-2.464401960372925,-3.7119131088256836,2.873940944671631,rotation,+15deg
9_9_01_852a4a6b_r03c02__rotation_angle_p15,./data/robustness/rotation/angle_p15/normalized_32x32/9/9_9_01_852a4a6b_r03c02__rotation_angle_p15.npy,9,9,1,0.8226864944579405,-4.27844762802124,-1.4028027057647705,-2.495375394821167,-0.8989903330802917,1.7996490001678467,-1.9390500783920288,-5.718930244445801,-1.0993540287017822,-1.8680918216705322,3.5403659343719482,rotation,+15deg
9_9_01_852a4a6b_r03c03__rotation_angle_p15,./data/robustness/rotation/angle_p15/normalized_32x32/9/9_9_01_852a4a6b_r03c03__rotation_angle_p15.npy,9,9,1,0.999798139025563,-7.487480163574219,-6.345350742340088,-12.01947021484375,-1.7726843357086182,1.0927339792251587,-3.7903213500976562,-14.2131929397583,-7.551223278045654,-1.216452717781067,9.75303840637207,rotation,+15deg
9_9_01_852a4a6b_r03c04__rotation_angle_p15,./data/robustness/rotation/angle_p15/normalized_32x32/9/9_9_01_852a4a6b_r03c04__rotation_angle_p15.npy,9,4,0,0.786947947820309,-6.741878509521484,-2.520325183868408,-4.678229808807373,-5.236638069152832,5.659886360168457,-3.9456098079681396,-7.125085830688477,-3.5781350135803223,-2.417966604232788,4.350253582000732,rotation,+15deg
9_9_01_852a4a6b_r04c01__rotation_angle_p15,./data/robustness/rotation/angle_p15/normalized_32x32/9/9_9_01_852a4a6b_r04c01__rotation_angle_p15.npy,9,9,1,0.9196121626209551,-6.492421627044678,-2.673243284225464,-3.6474246978759766,-2.6672415733337402,3.0969858169555664,-3.7726242542266846,-7.773544788360596,-1.9901443719863892,-2.540982484817505,5.552206039428711,rotation,+15deg
9_9_01_852a4a6b_r04c02__rotation_angle_p15,./data/robustness/rotation/angle_p15/normalized_32x32/9/9_9_01_852a4a6b_r04c02__rotation_angle_p15.npy,9,4,0,0.7033675756707906,-7.491528511047363,-3.071584939956665,-4.952484130859375,-5.644035816192627,5.969660758972168,-4.513669490814209,-7.300915718078613,-3.2670984268188477,-2.9062728881835938,5.105293273925781,rotation,+15deg
9_9_01_852a4a6b_r04c03__rotation_angle_p15,./data/robustness/rotation/angle_p15/normalized_32x32/9/9_9_01_852a4a6b_r04c03__rotation_angle_p15.npy,9,9,1,0.8803909802363642,-4.151269912719727,-2.729337453842163,-3.584216594696045,-2.8020732402801514,2.069363832473755,-1.9069451093673706,-6.002186298370361,-2.4078996181488037,-2.728884220123291,4.123837947845459,rotation,+15deg
9_9_01_852a4a6b_r04c04__rotation_angle_p15,./data/robustness/rotation/angle_p15/normalized_32x32/9/9_9_01_852a4a6b_r04c04__rotation_angle_p15.npy,9,9,1,0.9987316949960635,-5.891653060913086,-3.5015981197357178,-7.5379204750061035,-2.275165319442749,0.15466779470443726,-2.9917855262756348,-10.195076942443848,-1.324876070022583,-3.5428929328918457,7.168667316436768,rotation,+15deg
9_9_02_2f49434b_r01c01__rotation_angle_p15,./data/robustness/rotation/angle_p15/normalized_32x32/9/9_9_02_2f49434b_r01c01__rotation_angle_p15.npy,9,9,1,0.8923525634057192,-6.135186195373535,-2.6837027072906494,-7.348780632019043,-3.7957375049591064,3.4446122646331787,-3.4746344089508057,-7.08064603805542,-0.6391996741294861,-2.5221965312957764,5.58275032043457,rotation,+15deg
9_9_02_2f49434b_r01c02__rotation_angle_p15,./data/robustness/rotation/angle_p15/normalized_32x32/9/9_9_02_2f49434b_r01c02__rotation_angle_p15.npy,9,9,1,0.9813127618980265,-6.692966938018799,-3.683198928833008,-5.584741115570068,-3.6188602447509766,3.301769256591797,-4.1799211502075195,-8.231541633605957,-2.028822660446167,-3.4671287536621094,7.271442413330078,rotation,+15deg
9_9_02_2f49434b_r01c03__rotation_angle_p15,./data/robustness/rotation/angle_p15/normalized_32x32/9/9_9_02_2f49434b_r01c03__rotation_angle_p15.npy,9,8,0,0.9966555165711293,-1.6774107217788696,-2.3049442768096924,-4.432809352874756,-3.8561127185821533,-2.578521728515625,-3.7344565391540527,-4.282708168029785,-1.3804025650024414,6.388247966766357,0.2710283398628235,rotation,+15deg
9_9_02_2f49434b_r01c04__rotation_angle_p15,./data/robustness/rotation/angle_p15/normalized_32x32/9/9_9_02_2f49434b_r01c04__rotation_angle_p15.npy,9,9,1,0.9724581697049028,-5.333823204040527,-2.7297258377075195,-5.521299362182617,-1.879709243774414,1.3456066846847534,-4.261953353881836,-6.962676048278809,-2.5286214351654053,-0.12675222754478455,5.182117462158203,rotation,+15deg
9_9_02_2f49434b_r02c01__rotation_angle_p15,./data/robustness/rotation/angle_p15/normalized_32x32/9/9_9_02_2f49434b_r02c01__rotation_angle_p15.npy,9,9,1,0.9942286441273526,-7.588209629058838,-2.850459337234497,-7.845503807067871,-3.96380877494812,2.5423364639282227,-4.866102695465088,-8.74774169921875,-1.3611650466918945,-2.367335319519043,7.725100994110107,rotation,+15deg
9_9_02_2f49434b_r02c02__rotation_angle_p15,./data/robustness/rotation/angle_p15/normalized_32x32/9/9_9_02_2f49434b_r02c02__rotation_angle_p15.npy,9,9,1,0.9953859503628606,-11.801246643066406,-5.5440802574157715,-9.419573783874512,-4.505804538726807,3.721679210662842,-6.663555145263672,-11.259542465209961,-2.465653419494629,-1.2016808986663818,9.105381965637207,rotation,+15deg
9_9_02_2f49434b_r02c03__rotation_angle_p15,./data/robustness/rotation/angle_p15/normalized_32x32/9/9_9_02_2f49434b_r02c03__rotation_angle_p15.npy,9,9,1,0.9857930008328526,-6.70319938659668,-4.636763095855713,-7.849891662597656,-3.727140188217163,3.752579927444458,-5.8219122886657715,-9.8784818649292,-3.640472173690796,-1.9718378782272339,7.997061252593994,rotation,+15deg
9_9_02_2f49434b_r02c04__rotation_angle_p15,./data/robustness/rotation/angle_p15/normalized_32x32/9/9_9_02_2f49434b_r02c04__rotation_angle_p15.npy,9,8,0,0.5594238797381765,-4.499299049377441,1.3589520454406738,-8.830090522766113,-5.712779998779297,-0.81265789270401,-2.581803321838379,-5.729611396789551,-0.3574497401714325,2.918837785720825,2.2467119693756104,rotation,+15deg
9_9_02_2f49434b_r03c01__rotation_angle_p15,./data/robustness/rotation/angle_p15/normalized_32x32/9/9_9_02_2f49434b_r03c01__rotation_angle_p15.npy,9,4,0,0.9988091090021564,-6.886924743652344,-1.3812109231948853,-3.2826013565063477,-7.27229642868042,7.591326713562012,-4.274898052215576,-5.873912811279297,-4.046064853668213,-2.4242537021636963,0.6671191453933716,rotation,+15deg
9_9_02_2f49434b_r03c02__rotation_angle_p15,./data/robustness/rotation/angle_p15/normalized_32x32/9/9_9_02_2f49434b_r03c02__rotation_angle_p15.npy,9,9,1,0.9913448915617946,-8.817709922790527,-3.9458303451538086,-6.572326183319092,-4.744138240814209,3.952805757522583,-5.928813457489014,-10.664109230041504,-2.7315144538879395,-2.84429931640625,8.696701049804688,rotation,+15deg
9_9_02_2f49434b_r03c03__rotation_angle_p15,./data/robustness/rotation/angle_p15/normalized_32x32/9/9_9_02_2f49434b_r03c03__rotation_angle_p15.npy,9,9,1,0.9619940132354184,-5.02947998046875,-3.271089792251587,-2.653485059738159,-2.918931007385254,1.893668293952942,-3.5473241806030273,-7.6638593673706055,-2.1802115440368652,-1.6682993173599243,5.197461128234863,rotation,+15deg
9_9_02_2f49434b_r03c04__rotation_angle_p15,./data/robustness/rotation/angle_p15/normalized_32x32/9/9_9_02_2f49434b_r03c04__rotation_angle_p15.npy,9,9,1,0.9732534896772453,-6.410685062408447,-1.0864249467849731,-6.1110687255859375,-3.4473788738250732,2.3900959491729736,-3.9325718879699707,-8.520346641540527,0.46502235531806946,-3.504240036010742,6.153757095336914,rotation,+15deg
9_9_02_2f49434b_r04c01__rotation_angle_p15,./data/robustness/rotation/angle_p15/normalized_32x32/9/9_9_02_2f49434b_r04c01__rotation_angle_p15.npy,9,9,1,0.9491299449166116,-8.91496753692627,-3.378077745437622,-8.442277908325195,-2.9797494411468506,4.8194427490234375,-5.209068298339844,-13.736671447753906,-4.748668193817139,-5.2085161209106445,7.746560096740723,rotation,+15deg
9_9_02_2f49434b_r04c02__rotation_angle_p15,./data/robustness/rotation/angle_p15/normalized_32x32/9/9_9_02_2f49434b_r04c02__rotation_angle_p15.npy,9,9,1,0.8375463979457316,-7.770181655883789,-3.2142252922058105,-6.481622219085693,-3.373120069503784,4.444456577301025,-3.8565850257873535,-9.245043754577637,-3.722175121307373,-3.1164183616638184,6.086490154266357,rotation,+15deg
9_9_02_2f49434b_r04c03__rotation_angle_p15,./data/robustness/rotation/angle_p15/normalized_32x32/9/9_9_02_2f49434b_r04c03__rotation_angle_p15.npy,9,9,1,0.5649751354756002,-6.705862522125244,-2.5867767333984375,-3.144430637359619,-3.648407459259033,4.491219997406006,-3.9029223918914795,-7.4980998039245605,-2.357053279876709,-3.4361631870269775,4.7558794021606445,rotation,+15deg
9_9_02_2f49434b_r04c04__rotation_angle_p15,./data/robustness/rotation/angle_p15/normalized_32x32/9/9_9_02_2f49434b_r04c04__rotation_angle_p15.npy,9,9,1,0.5285272256668504,-3.8095290660858154,-1.5882420539855957,-2.547170400619507,-2.196638584136963,2.3896028995513916,-1.5171198844909668,-4.4654622077941895,-1.8242640495300293,-1.4365302324295044,2.595383644104004,rotation,+15deg
