==============================================================
Vitis HLS - High-Level Synthesis from C, C++ and OpenCL v2022.2 (64-bit)
Tool Version Limit: 2019.12
Copyright 1986-2022 Xilinx, Inc. All Rights Reserved.
==============================================================
INFO: [SYN 201-201] Setting up clock 'default' with a period of 10ns.
INFO: [HLS 200-1611] Setting target device to 'xc7z020-clg400-1'
INFO: [HLS 200-1505] Using flow_target 'vivado'
INFO: [HLS 200-1510] Running: set_part xc7z020clg400-1 
INFO: [HLS 200-1510] Running: create_clock -period 10 -name default 
INFO: [SYN 201-201] Setting up clock 'default' with a period of 10ns.
INFO: [HLS 200-1510] Running: csim_design -argv D:/lenet_project/model -quiet 
INFO: [SIM 211-2] *************** CSIM start ***************
INFO: [SIM 211-4] CSIM will launch GCC as the compiler.
INFO: [SIM 211-1] CSim done with 0 errors.
INFO: [SIM 211-3] *************** CSIM finish ***************
INFO: [HLS 200-111] Finished Command csim_design CPU user time: 0 seconds. CPU system time: 0 seconds. Elapsed time: 3.745 seconds; current allocated memory: 0.688 MB.
INFO: [HLS 200-112] Total CPU user time: 2 seconds. Total CPU system time: 1 seconds. Total elapsed time: 16.574 seconds; peak allocated memory: 676.891 MB.
==============================================================
Vitis HLS - High-Level Synthesis from C, C++ and OpenCL v2022.2 (64-bit)
Tool Version Limit: 2019.12
Copyright 1986-2022 Xilinx, Inc. All Rights Reserved.
==============================================================
INFO: [SYN 201-201] Setting up clock 'default' with a period of 10ns.
INFO: [HLS 200-1611] Setting target device to 'xc7z020-clg400-1'
INFO: [HLS 200-1505] Using flow_target 'vivado'
INFO: [HLS 200-1510] Running: set_part xc7z020clg400-1 
INFO: [HLS 200-1510] Running: create_clock -period 10 -name default 
INFO: [HLS 200-1510] Running: csynth_design 
INFO: [HLS 200-111] Finished File checks and directory preparation: CPU user time: 0 seconds. CPU system time: 0 seconds. Elapsed time: 10.063 seconds; current allocated memory: 679.418 MB.
INFO: [HLS 200-10] Analyzing design file '../member_c_conv_hls/src/lenet_conv.cpp' ... 
INFO: [HLS 200-111] Finished Source Code Analysis and Preprocessing: CPU user time: 0 seconds. CPU system time: 0 seconds. Elapsed time: 1.365 seconds; current allocated memory: 680.582 MB.
INFO: [HLS 200-777] Using interface defaults for 'Vivado' flow target.
INFO: [HLS 214-131] Inlining function 'void lenet::(anonymous namespace)::generate_window_5x5<32, 32>(float const*, int, int, int, float*)' into 'void lenet::(anonymous namespace)::conv5x5_valid<1, 32, 32, 6>(float const*, float const*, float const*, float*)' (../member_c_conv_hls/src/lenet_conv.cpp:62:21)
INFO: [HLS 214-131] Inlining function 'lenet::(anonymous namespace)::mac_5x5(float const*, float const*, float)' into 'void lenet::(anonymous namespace)::conv5x5_valid<1, 32, 32, 6>(float const*, float const*, float const*, float*)' (../member_c_conv_hls/src/lenet_conv.cpp:72:25)
INFO: [HLS 214-131] Inlining function 'void lenet::(anonymous namespace)::generate_window_5x5<14, 14>(float const*, int, int, int, float*)' into 'void lenet::(anonymous namespace)::conv5x5_valid<6, 14, 14, 16>(float const*, float const*, float const*, float*)' (../member_c_conv_hls/src/lenet_conv.cpp:62:21)
INFO: [HLS 214-131] Inlining function 'lenet::(anonymous namespace)::mac_5x5(float const*, float const*, float)' into 'void lenet::(anonymous namespace)::conv5x5_valid<6, 14, 14, 16>(float const*, float const*, float const*, float*)' (../member_c_conv_hls/src/lenet_conv.cpp:72:25)
INFO: [HLS 214-131] Inlining function 'void lenet::(anonymous namespace)::generate_window_5x5<5, 5>(float const*, int, int, int, float*)' into 'void lenet::(anonymous namespace)::conv5x5_valid<16, 5, 5, 120>(float const*, float const*, float const*, float*)' (../member_c_conv_hls/src/lenet_conv.cpp:62:21)
INFO: [HLS 214-131] Inlining function 'lenet::(anonymous namespace)::mac_5x5(float const*, float const*, float)' into 'void lenet::(anonymous namespace)::conv5x5_valid<16, 5, 5, 120>(float const*, float const*, float const*, float*)' (../member_c_conv_hls/src/lenet_conv.cpp:72:25)
INFO: [HLS 214-178] Inlining function 'void lenet::(anonymous namespace)::conv5x5_valid<1, 32, 32, 6>(float const*, float const*, float const*, float*)' into 'lenet_full_top' (../member_c_conv_hls/src/lenet_conv.cpp:268:0)
INFO: [HLS 214-178] Inlining function 'void lenet::(anonymous namespace)::relu_maxpool_2x2<6, 28, 28>(float const*, float*)' into 'lenet_full_top' (../member_c_conv_hls/src/lenet_conv.cpp:268:0)
INFO: [HLS 214-178] Inlining function 'void lenet::(anonymous namespace)::conv5x5_valid<6, 14, 14, 16>(float const*, float const*, float const*, float*)' into 'lenet_full_top' (../member_c_conv_hls/src/lenet_conv.cpp:268:0)
INFO: [HLS 214-178] Inlining function 'void lenet::(anonymous namespace)::relu_maxpool_2x2<16, 10, 10>(float const*, float*)' into 'lenet_full_top' (../member_c_conv_hls/src/lenet_conv.cpp:268:0)
INFO: [HLS 214-178] Inlining function 'void lenet::(anonymous namespace)::conv5x5_valid<16, 5, 5, 120>(float const*, float const*, float const*, float*)' into 'lenet_full_top' (../member_c_conv_hls/src/lenet_conv.cpp:268:0)
INFO: [HLS 214-178] Inlining function 'void lenet::(anonymous namespace)::relu_vector<120>(float const*, float*)' into 'lenet_full_top' (../member_c_conv_hls/src/lenet_conv.cpp:268:0)
INFO: [HLS 214-178] Inlining function 'void lenet::(anonymous namespace)::dense<120, 84>(float const*, float const*, float const*, float*)' into 'lenet_full_top' (../member_c_conv_hls/src/lenet_conv.cpp:268:0)
INFO: [HLS 214-178] Inlining function 'void lenet::(anonymous namespace)::relu_vector<84>(float const*, float*)' into 'lenet_full_top' (../member_c_conv_hls/src/lenet_conv.cpp:268:0)
INFO: [HLS 214-178] Inlining function 'void lenet::(anonymous namespace)::dense<84, 10>(float const*, float const*, float const*, float*)' into 'lenet_full_top' (../member_c_conv_hls/src/lenet_conv.cpp:268:0)
INFO: [HLS 214-115] Multiple burst reads of length 6 and bit width 32 in loop 'OUTPUT_CHANNEL'(../member_c_conv_hls/src/lenet_conv.cpp:51:5) has been inferred on bundle 'gmem2'. These burst requests might be further partitioned into multiple requests during RTL generation, based on max_read_burst_length or max_write_burst_length settings. (../member_c_conv_hls/src/lenet_conv.cpp:51:5)
INFO: [HLS 214-115] Multiple burst reads of length 5 and bit width 32 in loop 'WINDOW_COL'(../member_c_conv_hls/src/lenet_conv.cpp:18:9) has been inferred on bundle 'gmem0'. These burst requests might be further partitioned into multiple requests during RTL generation, based on max_read_burst_length or max_write_burst_length settings. (../member_c_conv_hls/src/lenet_conv.cpp:18:9)
INFO: [HLS 214-115] Multiple burst reads of length 25 and bit width 32 in loop 'MAC_LOOP'(../member_c_conv_hls/src/lenet_conv.cpp:35:5) has been inferred on bundle 'gmem1'. These burst requests might be further partitioned into multiple requests during RTL generation, based on max_read_burst_length or max_write_burst_length settings. (../member_c_conv_hls/src/lenet_conv.cpp:35:5)
INFO: [HLS 214-115] Multiple burst reads of length 16 and bit width 32 in loop 'OUTPUT_CHANNEL'(../member_c_conv_hls/src/lenet_conv.cpp:51:5) has been inferred on bundle 'gmem2'. These burst requests might be further partitioned into multiple requests during RTL generation, based on max_read_burst_length or max_write_burst_length settings. (../member_c_conv_hls/src/lenet_conv.cpp:51:5)
INFO: [HLS 214-115] Multiple burst reads of length 150 and bit width 32 in loop 'INPUT_CHANNEL'(../member_c_conv_hls/src/lenet_conv.cpp:59:17) has been inferred on bundle 'gmem1'. These burst requests might be further partitioned into multiple requests during RTL generation, based on max_read_burst_length or max_write_burst_length settings. (../member_c_conv_hls/src/lenet_conv.cpp:59:17)
INFO: [HLS 214-115] Multiple burst reads of length 48000 and bit width 32 in loop 'OUTPUT_CHANNEL'(../member_c_conv_hls/src/lenet_conv.cpp:51:5) has been inferred on bundle 'gmem1'. These burst requests might be further partitioned into multiple requests during RTL generation, based on max_read_burst_length or max_write_burst_length settings. (../member_c_conv_hls/src/lenet_conv.cpp:51:5)
INFO: [HLS 214-115] Multiple burst reads of length 120 and bit width 32 in loop 'OUTPUT_CHANNEL'(../member_c_conv_hls/src/lenet_conv.cpp:51:5) has been inferred on bundle 'gmem2'. These burst requests might be further partitioned into multiple requests during RTL generation, based on max_read_burst_length or max_write_burst_length settings. (../member_c_conv_hls/src/lenet_conv.cpp:51:5)
INFO: [HLS 214-115] Multiple burst reads of length 10080 and bit width 32 in loop 'DENSE_OUTPUT'(../member_c_conv_hls/src/lenet_conv.cpp:139:5) has been inferred on bundle 'gmem1'. These burst requests might be further partitioned into multiple requests during RTL generation, based on max_read_burst_length or max_write_burst_length settings. (../member_c_conv_hls/src/lenet_conv.cpp:139:5)
INFO: [HLS 214-115] Multiple burst reads of length 84 and bit width 32 in loop 'DENSE_OUTPUT'(../member_c_conv_hls/src/lenet_conv.cpp:139:5) has been inferred on bundle 'gmem2'. These burst requests might be further partitioned into multiple requests during RTL generation, based on max_read_burst_length or max_write_burst_length settings. (../member_c_conv_hls/src/lenet_conv.cpp:139:5)
INFO: [HLS 214-115] Multiple burst reads of length 840 and bit width 32 in loop 'DENSE_OUTPUT'(../member_c_conv_hls/src/lenet_conv.cpp:139:5) has been inferred on bundle 'gmem1'. These burst requests might be further partitioned into multiple requests during RTL generation, based on max_read_burst_length or max_write_burst_length settings. (../member_c_conv_hls/src/lenet_conv.cpp:139:5)
INFO: [HLS 214-115] Multiple burst reads of length 10 and bit width 32 in loop 'DENSE_OUTPUT'(../member_c_conv_hls/src/lenet_conv.cpp:139:5) has been inferred on bundle 'gmem2'. These burst requests might be further partitioned into multiple requests during RTL generation, based on max_read_burst_length or max_write_burst_length settings. (../member_c_conv_hls/src/lenet_conv.cpp:139:5)
INFO: [HLS 214-115] Multiple burst writes of length 10 and bit width 32 in loop 'DENSE_OUTPUT'(../member_c_conv_hls/src/lenet_conv.cpp:139:5) has been inferred on bundle 'gmem3'. These burst requests might be further partitioned into multiple requests during RTL generation, based on max_read_burst_length or max_write_burst_length settings. (../member_c_conv_hls/src/lenet_conv.cpp:139:5)
INFO: [HLS 200-111] Finished Compiling Optimization and Transform: CPU user time: 0 seconds. CPU system time: 0 seconds. Elapsed time: 4.284 seconds; current allocated memory: 682.965 MB.
INFO: [HLS 200-111] Finished Checking Pragmas: CPU user time: 0 seconds. CPU system time: 0 seconds. Elapsed time: 0.001 seconds; current allocated memory: 682.965 MB.
INFO: [HLS 200-10] Starting code transformations ...
INFO: [HLS 200-111] Finished Standard Transforms: CPU user time: 6 seconds. CPU system time: 0 seconds. Elapsed time: 6.309 seconds; current allocated memory: 694.070 MB.
INFO: [HLS 200-10] Checking synthesizability ...
INFO: [HLS 200-111] Finished Checking Synthesizability: CPU user time: 7 seconds. CPU system time: 0 seconds. Elapsed time: 6.864 seconds; current allocated memory: 695.934 MB.
INFO: [XFORM 203-510] Pipelining loop 'OUTPUT_COL' (../member_c_conv_hls/src/lenet_conv.cpp:55) in function 'lenet_full_top' automatically.
INFO: [XFORM 203-510] Pipelining loop 'POOL_COL' (../member_c_conv_hls/src/lenet_conv.cpp:96) in function 'lenet_full_top' automatically.
INFO: [XFORM 203-510] Pipelining loop 'INPUT_CHANNEL' (../member_c_conv_hls/src/lenet_conv.cpp:8) in function 'lenet_full_top' automatically.
INFO: [XFORM 203-510] Pipelining loop 'POOL_COL' (../member_c_conv_hls/src/lenet_conv.cpp:96) in function 'lenet_full_top' automatically.
INFO: [XFORM 203-510] Pipelining loop 'INPUT_CHANNEL' (../member_c_conv_hls/src/lenet_conv.cpp:8) in function 'lenet_full_top' automatically.
INFO: [XFORM 203-510] Pipelining loop 'RELU_LOOP' (../member_c_conv_hls/src/lenet_conv.cpp:126) in function 'lenet_full_top' automatically.
INFO: [XFORM 203-510] Pipelining loop 'DENSE_INPUT' (../member_c_conv_hls/src/lenet_conv.cpp:140) in function 'lenet_full_top' automatically.
INFO: [XFORM 203-510] Pipelining loop 'RELU_LOOP' (../member_c_conv_hls/src/lenet_conv.cpp:126) in function 'lenet_full_top' automatically.
INFO: [XFORM 203-510] Pipelining loop 'DENSE_INPUT' (../member_c_conv_hls/src/lenet_conv.cpp:140) in function 'lenet_full_top' automatically.
INFO: [XFORM 203-502] Unrolling all sub-loops inside loop 'OUTPUT_COL' (../member_c_conv_hls/src/lenet_conv.cpp:55) in function 'lenet_full_top' for pipelining.
INFO: [XFORM 203-502] Unrolling all sub-loops inside loop 'POOL_COL' (../member_c_conv_hls/src/lenet_conv.cpp:96) in function 'lenet_full_top' for pipelining.
INFO: [XFORM 203-502] Unrolling all sub-loops inside loop 'INPUT_CHANNEL' (../member_c_conv_hls/src/lenet_conv.cpp:8) in function 'lenet_full_top' for pipelining.
INFO: [XFORM 203-502] Unrolling all sub-loops inside loop 'POOL_COL' (../member_c_conv_hls/src/lenet_conv.cpp:96) in function 'lenet_full_top' for pipelining.
INFO: [XFORM 203-502] Unrolling all sub-loops inside loop 'INPUT_CHANNEL' (../member_c_conv_hls/src/lenet_conv.cpp:8) in function 'lenet_full_top' for pipelining.
INFO: [HLS 200-489] Unrolling loop 'WINDOW_ROW' (../member_c_conv_hls/src/lenet_conv.cpp:18) in function 'lenet_full_top' completely with a factor of 5.
INFO: [HLS 200-489] Unrolling loop 'WINDOW_COL' (../member_c_conv_hls/src/lenet_conv.cpp:18) in function 'lenet_full_top' completely with a factor of 5.
INFO: [HLS 200-489] Unrolling loop 'MAC_LOOP' (../member_c_conv_hls/src/lenet_conv.cpp:31) in function 'lenet_full_top' completely with a factor of 25.
INFO: [HLS 200-489] Unrolling loop 'POOL_KERNEL_ROW' (../member_c_conv_hls/src/lenet_conv.cpp:96) in function 'lenet_full_top' completely with a factor of 2.
INFO: [HLS 200-489] Unrolling loop 'POOL_KERNEL_COL' (../member_c_conv_hls/src/lenet_conv.cpp:96) in function 'lenet_full_top' completely with a factor of 2.
INFO: [XFORM 203-102] Partitioning array 'window' (../member_c_conv_hls/src/lenet_conv.cpp:61) automatically.
INFO: [XFORM 203-102] Partitioning array 'window.3' (../member_c_conv_hls/src/lenet_conv.cpp:61) automatically.
INFO: [XFORM 203-102] Partitioning array 'window.4' (../member_c_conv_hls/src/lenet_conv.cpp:61) automatically.
INFO: [HLS 200-111] Finished Loop, function and other optimizations: CPU user time: 2 seconds. CPU system time: 0 seconds. Elapsed time: 1.836 seconds; current allocated memory: 721.141 MB.
INFO: [XFORM 203-541] Flattening a loop nest 'OUTPUT_ROW' (../member_c_conv_hls/src/lenet_conv.cpp:53:18) in function 'lenet_full_top'.
WARNING: [HLS 200-960] Cannot flatten loop 'OUTPUT_CHANNEL' (../member_c_conv_hls/src/lenet_conv.cpp:51:14) in function 'lenet_full_top' the outer loop is not a perfect loop.
INFO: [XFORM 203-541] Flattening a loop nest 'POOL_ROW' (../member_c_conv_hls/src/lenet_conv.cpp:93:18) in function 'lenet_full_top'.
INFO: [XFORM 203-541] Flattening a loop nest 'POOL_CHANNEL' (../member_c_conv_hls/src/lenet_conv.cpp:91:14) in function 'lenet_full_top'.
WARNING: [HLS 200-960] Cannot flatten loop 'OUTPUT_COL' (../member_c_conv_hls/src/lenet_conv.cpp:55:22) in function 'lenet_full_top' the outer loop is not a perfect loop.
INFO: [XFORM 203-541] Flattening a loop nest 'OUTPUT_ROW' (../member_c_conv_hls/src/lenet_conv.cpp:53:18) in function 'lenet_full_top'.
WARNING: [HLS 200-960] Cannot flatten loop 'OUTPUT_CHANNEL' (../member_c_conv_hls/src/lenet_conv.cpp:51:14) in function 'lenet_full_top' the outer loop is not a perfect loop.
INFO: [XFORM 203-541] Flattening a loop nest 'POOL_ROW' (../member_c_conv_hls/src/lenet_conv.cpp:93:18) in function 'lenet_full_top'.
INFO: [XFORM 203-541] Flattening a loop nest 'POOL_CHANNEL' (../member_c_conv_hls/src/lenet_conv.cpp:91:14) in function 'lenet_full_top'.
WARNING: [HLS 200-960] Cannot flatten loop 'OUTPUT_CHANNEL' (../member_c_conv_hls/src/lenet_conv.cpp:51:14) in function 'lenet_full_top' the outer loop is not a perfect loop.
WARNING: [HLS 200-960] Cannot flatten loop 'DENSE_OUTPUT' (../member_c_conv_hls/src/lenet_conv.cpp:139:14) in function 'lenet_full_top' the outer loop is not a perfect loop.
WARNING: [HLS 200-960] Cannot flatten loop 'DENSE_OUTPUT' (../member_c_conv_hls/src/lenet_conv.cpp:139:14) in function 'lenet_full_top' the outer loop is not a perfect loop.
INFO: [HLS 200-472] Inferring partial write operation for 'conv1_output' (../member_c_conv_hls/src/lenet_conv.cpp:77:43)
INFO: [HLS 200-472] Inferring partial write operation for 'pool1_output' (../member_c_conv_hls/src/lenet_conv.cpp:115:43)
INFO: [HLS 200-472] Inferring partial write operation for 'conv2_output' (../member_c_conv_hls/src/lenet_conv.cpp:77:43)
INFO: [HLS 200-472] Inferring partial write operation for 'pool2_output' (../member_c_conv_hls/src/lenet_conv.cpp:115:43)
INFO: [HLS 200-472] Inferring partial write operation for 'conv3_output' (../member_c_conv_hls/src/lenet_conv.cpp:77:43)
INFO: [HLS 200-472] Inferring partial write operation for 'conv3_relu' (../member_c_conv_hls/src/lenet_conv.cpp:128:28)
INFO: [HLS 200-472] Inferring partial write operation for 'fc1_output' (../member_c_conv_hls/src/lenet_conv.cpp:148:35)
INFO: [HLS 200-472] Inferring partial write operation for 'fc1_relu' (../member_c_conv_hls/src/lenet_conv.cpp:128:28)
INFO: [HLS 200-111] Finished Architecture Synthesis: CPU user time: 2 seconds. CPU system time: 0 seconds. Elapsed time: 2.602 seconds; current allocated memory: 798.898 MB.
INFO: [HLS 200-10] Starting hardware synthesis ...
INFO: [HLS 200-10] Synthesizing 'lenet_full_top' ...
INFO: [HLS 200-10] ----------------------------------------------------------------
INFO: [HLS 200-42] -- Implementing module 'lenet_full_top_Pipeline_OUTPUT_ROW_OUTPUT_COL' 
INFO: [HLS 200-10] ----------------------------------------------------------------
INFO: [SCHED 204-11] Starting scheduling ...
INFO: [HLS 200-1457] Automatically inferring inferring RAM_1WNR storage type for array 'conv1_output'. Use bind_storage pragma to override this type.
INFO: [SCHED 204-61] Pipelining loop 'OUTPUT_ROW_OUTPUT_COL'.
WARNING: [HLS 200-880] The II Violation in module 'lenet_full_top_Pipeline_OUTPUT_ROW_OUTPUT_COL' (loop 'OUTPUT_ROW_OUTPUT_COL'): Unable to enforce a carried dependence constraint (II = 1, distance = 1, offset = 1) between bus read operation ('gmem0_addr_read_4', ../member_c_conv_hls/src/lenet_conv.cpp:23) on port 'gmem0' (../member_c_conv_hls/src/lenet_conv.cpp:23) and bus read operation ('gmem0_addr_read', ../member_c_conv_hls/src/lenet_conv.cpp:23) on port 'gmem0' (../member_c_conv_hls/src/lenet_conv.cpp:23).
WARNING: [HLS 200-880] The II Violation in module 'lenet_full_top_Pipeline_OUTPUT_ROW_OUTPUT_COL' (loop 'OUTPUT_ROW_OUTPUT_COL'): Unable to enforce a carried dependence constraint (II = 2, distance = 1, offset = 1) between bus read operation ('gmem0_addr_read_4', ../member_c_conv_hls/src/lenet_conv.cpp:23) on port 'gmem0' (../member_c_conv_hls/src/lenet_conv.cpp:23) and bus read operation ('gmem0_addr_read', ../member_c_conv_hls/src/lenet_conv.cpp:23) on port 'gmem0' (../member_c_conv_hls/src/lenet_conv.cpp:23).
WARNING: [HLS 200-880] The II Violation in module 'lenet_full_top_Pipeline_OUTPUT_ROW_OUTPUT_COL' (loop 'OUTPUT_ROW_OUTPUT_COL'): Unable to enforce a carried dependence constraint (II = 3, distance = 1, offset = 1) between bus read operation ('gmem0_addr_read_4', ../member_c_conv_hls/src/lenet_conv.cpp:23) on port 'gmem0' (../member_c_conv_hls/src/lenet_conv.cpp:23) and bus read operation ('gmem0_addr_read', ../member_c_conv_hls/src/lenet_conv.cpp:23) on port 'gmem0' (../member_c_conv_hls/src/lenet_conv.cpp:23).
WARNING: [HLS 200-880] The II Violation in module 'lenet_full_top_Pipeline_OUTPUT_ROW_OUTPUT_COL' (loop 'OUTPUT_ROW_OUTPUT_COL'): Unable to enforce a carried dependence constraint (II = 4, distance = 1, offset = 1) between bus read operation ('gmem0_addr_read_4', ../member_c_conv_hls/src/lenet_conv.cpp:23) on port 'gmem0' (../member_c_conv_hls/src/lenet_conv.cpp:23) and bus read operation ('gmem0_addr_read', ../member_c_conv_hls/src/lenet_conv.cpp:23) on port 'gmem0' (../member_c_conv_hls/src/lenet_conv.cpp:23).
WARNING: [HLS 200-880] The II Violation in module 'lenet_full_top_Pipeline_OUTPUT_ROW_OUTPUT_COL' (loop 'OUTPUT_ROW_OUTPUT_COL'): Unable to enforce a carried dependence constraint (II = 19, distance = 1, offset = 1) between bus read operation ('gmem1_addr_read_24', ../member_c_conv_hls/src/lenet_conv.cpp:36) on port 'gmem1' (../member_c_conv_hls/src/lenet_conv.cpp:36) and bus read operation ('gmem1_addr_read', ../member_c_conv_hls/src/lenet_conv.cpp:36) on port 'gmem1' (../member_c_conv_hls/src/lenet_conv.cpp:36).
WARNING: [HLS 200-880] The II Violation in module 'lenet_full_top_Pipeline_OUTPUT_ROW_OUTPUT_COL' (loop 'OUTPUT_ROW_OUTPUT_COL'): Unable to enforce a carried dependence constraint (II = 23, distance = 1, offset = 1) between bus read operation ('gmem1_addr_read_24', ../member_c_conv_hls/src/lenet_conv.cpp:36) on port 'gmem1' (../member_c_conv_hls/src/lenet_conv.cpp:36) and bus read operation ('gmem1_addr_read', ../member_c_conv_hls/src/lenet_conv.cpp:36) on port 'gmem1' (../member_c_conv_hls/src/lenet_conv.cpp:36).
WARNING: [HLS 200-880] The II Violation in module 'lenet_full_top_Pipeline_OUTPUT_ROW_OUTPUT_COL' (loop 'OUTPUT_ROW_OUTPUT_COL'): Unable to enforce a carried dependence constraint (II = 24, distance = 1, offset = 1) between bus read operation ('gmem1_addr_read_24', ../member_c_conv_hls/src/lenet_conv.cpp:36) on port 'gmem1' (../member_c_conv_hls/src/lenet_conv.cpp:36) and bus read operation ('gmem1_addr_read', ../member_c_conv_hls/src/lenet_conv.cpp:36) on port 'gmem1' (../member_c_conv_hls/src/lenet_conv.cpp:36).
INFO: [HLS 200-1470] Pipelining result : Target II = NA, Final II = 25, Depth = 143, loop 'OUTPUT_ROW_OUTPUT_COL'
INFO: [SCHED 204-11] Finished scheduling.
INFO: [HLS 200-111] Finished Scheduling: CPU user time: 1 seconds. CPU system time: 0 seconds. Elapsed time: 0.761 seconds; current allocated memory: 807.242 MB.
INFO: [BIND 205-100] Starting micro-architecture generation ...
INFO: [BIND 205-101] Performing variable lifetime analysis.
INFO: [BIND 205-101] Exploring resource sharing.
INFO: [BIND 205-101] Binding ...
INFO: [BIND 205-100] Finished micro-architecture generation.
INFO: [HLS 200-111] Finished Binding: CPU user time: 0 seconds. CPU system time: 0 seconds. Elapsed time: 0.645 seconds; current allocated memory: 808.402 MB.
INFO: [HLS 200-10] ----------------------------------------------------------------
INFO: [HLS 200-42] -- Implementing module 'lenet_full_top_Pipeline_POOL_CHANNEL_POOL_ROW_POOL_COL' 
INFO: [HLS 200-10] ----------------------------------------------------------------
INFO: [SCHED 204-11] Starting scheduling ...
INFO: [HLS 200-1457] Automatically inferring inferring RAM_1WNR storage type for array 'pool1_output'. Use bind_storage pragma to override this type.
INFO: [HLS 200-1457] Automatically inferring inferring RAM_1WNR storage type for array 'conv1_output'. Use bind_storage pragma to override this type.
INFO: [SCHED 204-61] Pipelining loop 'POOL_CHANNEL_POOL_ROW_POOL_COL'.
INFO: [HLS 200-1470] Pipelining result : Target II = NA, Final II = 1, Depth = 12, loop 'POOL_CHANNEL_POOL_ROW_POOL_COL'
INFO: [SCHED 204-11] Finished scheduling.
INFO: [HLS 200-111] Finished Scheduling: CPU user time: 0 seconds. CPU system time: 0 seconds. Elapsed time: 0.46 seconds; current allocated memory: 809.828 MB.
INFO: [BIND 205-100] Starting micro-architecture generation ...
INFO: [BIND 205-101] Performing variable lifetime analysis.
INFO: [BIND 205-101] Exploring resource sharing.
INFO: [BIND 205-101] Binding ...
INFO: [BIND 205-100] Finished micro-architecture generation.
INFO: [HLS 200-111] Finished Binding: CPU user time: 1 seconds. CPU system time: 0 seconds. Elapsed time: 0.182 seconds; current allocated memory: 810.027 MB.
INFO: [HLS 200-10] ----------------------------------------------------------------
INFO: [HLS 200-42] -- Implementing module 'lenet_full_top_Pipeline_INPUT_CHANNEL' 
INFO: [HLS 200-10] ----------------------------------------------------------------
INFO: [SCHED 204-11] Starting scheduling ...
INFO: [HLS 200-1457] Automatically inferring inferring RAM_1WNR storage type for array 'conv2_output'. Use bind_storage pragma to override this type.
INFO: [HLS 200-1457] Automatically inferring inferring RAM_1WNR storage type for array 'pool1_output'. Use bind_storage pragma to override this type.
INFO: [SCHED 204-61] Pipelining loop 'INPUT_CHANNEL'.
WARNING: [HLS 200-880] The II Violation in module 'lenet_full_top_Pipeline_INPUT_CHANNEL' (loop 'INPUT_CHANNEL'): Unable to enforce a carried dependence constraint (II = 1, distance = 1, offset = 1) between 'fadd' operation ('accumulator_assign_10_23', ../member_c_conv_hls/src/lenet_conv.cpp:36) and 'fadd' operation ('accumulator_assign_s', ../member_c_conv_hls/src/lenet_conv.cpp:36).
WARNING: [HLS 200-880] The II Violation in module 'lenet_full_top_Pipeline_INPUT_CHANNEL' (loop 'INPUT_CHANNEL'): Unable to enforce a carried dependence constraint (II = 2, distance = 1, offset = 1) between 'fadd' operation ('accumulator_assign_10_23', ../member_c_conv_hls/src/lenet_conv.cpp:36) and 'fadd' operation ('accumulator_assign_s', ../member_c_conv_hls/src/lenet_conv.cpp:36).
WARNING: [HLS 200-880] The II Violation in module 'lenet_full_top_Pipeline_INPUT_CHANNEL' (loop 'INPUT_CHANNEL'): Unable to enforce a carried dependence constraint (II = 3, distance = 1, offset = 1) between 'fadd' operation ('accumulator_assign_10_23', ../member_c_conv_hls/src/lenet_conv.cpp:36) and 'fadd' operation ('accumulator_assign_s', ../member_c_conv_hls/src/lenet_conv.cpp:36).
WARNING: [HLS 200-880] The II Violation in module 'lenet_full_top_Pipeline_INPUT_CHANNEL' (loop 'INPUT_CHANNEL'): Unable to enforce a carried dependence constraint (II = 4, distance = 1, offset = 1) between 'fadd' operation ('accumulator_assign_10_23', ../member_c_conv_hls/src/lenet_conv.cpp:36) and 'fadd' operation ('accumulator_assign_s', ../member_c_conv_hls/src/lenet_conv.cpp:36).
WARNING: [HLS 200-880] The II Violation in module 'lenet_full_top_Pipeline_INPUT_CHANNEL' (loop 'INPUT_CHANNEL'): Unable to enforce a carried dependence constraint (II = 67, distance = 1, offset = 1) between 'fadd' operation ('accumulator_assign_10_23', ../member_c_conv_hls/src/lenet_conv.cpp:36) and 'fadd' operation ('accumulator_assign_s', ../member_c_conv_hls/src/lenet_conv.cpp:36).
WARNING: [HLS 200-880] The II Violation in module 'lenet_full_top_Pipeline_INPUT_CHANNEL' (loop 'INPUT_CHANNEL'): Unable to enforce a carried dependence constraint (II = 98, distance = 1, offset = 1) between 'fadd' operation ('accumulator_assign_10_23', ../member_c_conv_hls/src/lenet_conv.cpp:36) and 'fadd' operation ('accumulator_assign_s', ../member_c_conv_hls/src/lenet_conv.cpp:36).
WARNING: [HLS 200-880] The II Violation in module 'lenet_full_top_Pipeline_INPUT_CHANNEL' (loop 'INPUT_CHANNEL'): Unable to enforce a carried dependence constraint (II = 114, distance = 1, offset = 1) between 'fadd' operation ('accumulator_assign_10_23', ../member_c_conv_hls/src/lenet_conv.cpp:36) and 'fadd' operation ('accumulator_assign_s', ../member_c_conv_hls/src/lenet_conv.cpp:36).
WARNING: [HLS 200-880] The II Violation in module 'lenet_full_top_Pipeline_INPUT_CHANNEL' (loop 'INPUT_CHANNEL'): Unable to enforce a carried dependence constraint (II = 122, distance = 1, offset = 1) between 'fadd' operation ('accumulator_assign_10_23', ../member_c_conv_hls/src/lenet_conv.cpp:36) and 'fadd' operation ('accumulator_assign_s', ../member_c_conv_hls/src/lenet_conv.cpp:36).
WARNING: [HLS 200-880] The II Violation in module 'lenet_full_top_Pipeline_INPUT_CHANNEL' (loop 'INPUT_CHANNEL'): Unable to enforce a carried dependence constraint (II = 124, distance = 1, offset = 1) between 'fadd' operation ('accumulator_assign_10_23', ../member_c_conv_hls/src/lenet_conv.cpp:36) and 'fadd' operation ('accumulator_assign_s', ../member_c_conv_hls/src/lenet_conv.cpp:36).
INFO: [HLS 200-1470] Pipelining result : Target II = NA, Final II = 125, Depth = 133, loop 'INPUT_CHANNEL'
INFO: [SCHED 204-11] Finished scheduling.
INFO: [HLS 200-111] Finished Scheduling: CPU user time: 0 seconds. CPU system time: 0 seconds. Elapsed time: 0.799 seconds; current allocated memory: 811.996 MB.
INFO: [BIND 205-100] Starting micro-architecture generation ...
INFO: [BIND 205-101] Performing variable lifetime analysis.
INFO: [BIND 205-101] Exploring resource sharing.
INFO: [BIND 205-101] Binding ...
INFO: [BIND 205-100] Finished micro-architecture generation.
INFO: [HLS 200-111] Finished Binding: CPU user time: 1 seconds. CPU system time: 0 seconds. Elapsed time: 0.642 seconds; current allocated memory: 812.203 MB.
INFO: [HLS 200-10] ----------------------------------------------------------------
INFO: [HLS 200-42] -- Implementing module 'lenet_full_top_Pipeline_POOL_CHANNEL_POOL_ROW_POOL_COL1' 
INFO: [HLS 200-10] ----------------------------------------------------------------
INFO: [SCHED 204-11] Starting scheduling ...
INFO: [HLS 200-1457] Automatically inferring inferring RAM_1WNR storage type for array 'pool2_output'. Use bind_storage pragma to override this type.
INFO: [HLS 200-1457] Automatically inferring inferring RAM_1WNR storage type for array 'conv2_output'. Use bind_storage pragma to override this type.
INFO: [SCHED 204-61] Pipelining loop 'POOL_CHANNEL_POOL_ROW_POOL_COL'.
INFO: [HLS 200-1470] Pipelining result : Target II = NA, Final II = 1, Depth = 13, loop 'POOL_CHANNEL_POOL_ROW_POOL_COL'
INFO: [SCHED 204-11] Finished scheduling.
INFO: [HLS 200-111] Finished Scheduling: CPU user time: 0 seconds. CPU system time: 1 seconds. Elapsed time: 0.495 seconds; current allocated memory: 814.078 MB.
INFO: [BIND 205-100] Starting micro-architecture generation ...
INFO: [BIND 205-101] Performing variable lifetime analysis.
INFO: [BIND 205-101] Exploring resource sharing.
INFO: [BIND 205-101] Binding ...
INFO: [BIND 205-100] Finished micro-architecture generation.
INFO: [HLS 200-111] Finished Binding: CPU user time: 1 seconds. CPU system time: 0 seconds. Elapsed time: 0.172 seconds; current allocated memory: 814.082 MB.
INFO: [HLS 200-10] ----------------------------------------------------------------
INFO: [HLS 200-42] -- Implementing module 'lenet_full_top_Pipeline_INPUT_CHANNEL2' 
INFO: [HLS 200-10] ----------------------------------------------------------------
INFO: [SCHED 204-11] Starting scheduling ...
INFO: [HLS 200-1457] Automatically inferring inferring RAM_1WNR storage type for array 'pool2_output'. Use bind_storage pragma to override this type.
INFO: [SCHED 204-61] Pipelining loop 'INPUT_CHANNEL'.
WARNING: [HLS 200-880] The II Violation in module 'lenet_full_top_Pipeline_INPUT_CHANNEL2' (loop 'INPUT_CHANNEL'): Unable to enforce a carried dependence constraint (II = 1, distance = 1, offset = 1) between 'fadd' operation ('accumulator_assign_23', ../member_c_conv_hls/src/lenet_conv.cpp:36) and 'fadd' operation ('accumulator_assign6', ../member_c_conv_hls/src/lenet_conv.cpp:36).
WARNING: [HLS 200-880] The II Violation in module 'lenet_full_top_Pipeline_INPUT_CHANNEL2' (loop 'INPUT_CHANNEL'): Unable to enforce a carried dependence constraint (II = 2, distance = 1, offset = 1) between 'fadd' operation ('accumulator_assign_23', ../member_c_conv_hls/src/lenet_conv.cpp:36) and 'fadd' operation ('accumulator_assign6', ../member_c_conv_hls/src/lenet_conv.cpp:36).
WARNING: [HLS 200-880] The II Violation in module 'lenet_full_top_Pipeline_INPUT_CHANNEL2' (loop 'INPUT_CHANNEL'): Unable to enforce a carried dependence constraint (II = 3, distance = 1, offset = 1) between 'fadd' operation ('accumulator_assign_23', ../member_c_conv_hls/src/lenet_conv.cpp:36) and 'fadd' operation ('accumulator_assign6', ../member_c_conv_hls/src/lenet_conv.cpp:36).
WARNING: [HLS 200-880] The II Violation in module 'lenet_full_top_Pipeline_INPUT_CHANNEL2' (loop 'INPUT_CHANNEL'): Unable to enforce a carried dependence constraint (II = 4, distance = 1, offset = 1) between 'fadd' operation ('accumulator_assign_23', ../member_c_conv_hls/src/lenet_conv.cpp:36) and 'fadd' operation ('accumulator_assign6', ../member_c_conv_hls/src/lenet_conv.cpp:36).
WARNING: [HLS 200-880] The II Violation in module 'lenet_full_top_Pipeline_INPUT_CHANNEL2' (loop 'INPUT_CHANNEL'): Unable to enforce a carried dependence constraint (II = 67, distance = 1, offset = 1) between 'fadd' operation ('accumulator_assign_23', ../member_c_conv_hls/src/lenet_conv.cpp:36) and 'fadd' operation ('accumulator_assign6', ../member_c_conv_hls/src/lenet_conv.cpp:36).
WARNING: [HLS 200-880] The II Violation in module 'lenet_full_top_Pipeline_INPUT_CHANNEL2' (loop 'INPUT_CHANNEL'): Unable to enforce a carried dependence constraint (II = 98, distance = 1, offset = 1) between 'fadd' operation ('accumulator_assign_23', ../member_c_conv_hls/src/lenet_conv.cpp:36) and 'fadd' operation ('accumulator_assign6', ../member_c_conv_hls/src/lenet_conv.cpp:36).
WARNING: [HLS 200-880] The II Violation in module 'lenet_full_top_Pipeline_INPUT_CHANNEL2' (loop 'INPUT_CHANNEL'): Unable to enforce a carried dependence constraint (II = 114, distance = 1, offset = 1) between 'fadd' operation ('accumulator_assign_23', ../member_c_conv_hls/src/lenet_conv.cpp:36) and 'fadd' operation ('accumulator_assign6', ../member_c_conv_hls/src/lenet_conv.cpp:36).
WARNING: [HLS 200-880] The II Violation in module 'lenet_full_top_Pipeline_INPUT_CHANNEL2' (loop 'INPUT_CHANNEL'): Unable to enforce a carried dependence constraint (II = 122, distance = 1, offset = 1) between 'fadd' operation ('accumulator_assign_23', ../member_c_conv_hls/src/lenet_conv.cpp:36) and 'fadd' operation ('accumulator_assign6', ../member_c_conv_hls/src/lenet_conv.cpp:36).
WARNING: [HLS 200-880] The II Violation in module 'lenet_full_top_Pipeline_INPUT_CHANNEL2' (loop 'INPUT_CHANNEL'): Unable to enforce a carried dependence constraint (II = 124, distance = 1, offset = 1) between 'fadd' operation ('accumulator_assign_23', ../member_c_conv_hls/src/lenet_conv.cpp:36) and 'fadd' operation ('accumulator_assign6', ../member_c_conv_hls/src/lenet_conv.cpp:36).
INFO: [HLS 200-1470] Pipelining result : Target II = NA, Final II = 125, Depth = 132, loop 'INPUT_CHANNEL'
INFO: [SCHED 204-11] Finished scheduling.
INFO: [HLS 200-111] Finished Scheduling: CPU user time: 0 seconds. CPU system time: 0 seconds. Elapsed time: 0.731 seconds; current allocated memory: 816.008 MB.
INFO: [BIND 205-100] Starting micro-architecture generation ...
INFO: [BIND 205-101] Performing variable lifetime analysis.
INFO: [BIND 205-101] Exploring resource sharing.
INFO: [BIND 205-101] Binding ...
INFO: [BIND 205-100] Finished micro-architecture generation.
INFO: [HLS 200-111] Finished Binding: CPU user time: 1 seconds. CPU system time: 0 seconds. Elapsed time: 0.64 seconds; current allocated memory: 816.477 MB.
INFO: [HLS 200-10] ----------------------------------------------------------------
INFO: [HLS 200-42] -- Implementing module 'lenet_full_top_Pipeline_RELU_LOOP' 
INFO: [HLS 200-10] ----------------------------------------------------------------
INFO: [SCHED 204-11] Starting scheduling ...
INFO: [SCHED 204-61] Pipelining loop 'RELU_LOOP'.
INFO: [HLS 200-1470] Pipelining result : Target II = NA, Final II = 1, Depth = 5, loop 'RELU_LOOP'
INFO: [SCHED 204-11] Finished scheduling.
INFO: [HLS 200-111] Finished Scheduling: CPU user time: 0 seconds. CPU system time: 0 seconds. Elapsed time: 0.456 seconds; current allocated memory: 816.934 MB.
INFO: [BIND 205-100] Starting micro-architecture generation ...
INFO: [BIND 205-101] Performing variable lifetime analysis.
INFO: [BIND 205-101] Exploring resource sharing.
INFO: [BIND 205-101] Binding ...
INFO: [BIND 205-100] Finished micro-architecture generation.
INFO: [HLS 200-111] Finished Binding: CPU user time: 0 seconds. CPU system time: 0 seconds. Elapsed time: 0.069 seconds; current allocated memory: 816.953 MB.
INFO: [HLS 200-10] ----------------------------------------------------------------
INFO: [HLS 200-42] -- Implementing module 'lenet_full_top_Pipeline_DENSE_INPUT' 
INFO: [HLS 200-10] ----------------------------------------------------------------
INFO: [SCHED 204-11] Starting scheduling ...
INFO: [SCHED 204-61] Pipelining loop 'DENSE_INPUT'.
WARNING: [HLS 200-880] The II Violation in module 'lenet_full_top_Pipeline_DENSE_INPUT' (loop 'DENSE_INPUT'): Unable to enforce a carried dependence constraint (II = 1, distance = 1, offset = 0) between 'store' operation ('accumulator_write_ln144', ../member_c_conv_hls/src/lenet_conv.cpp:144) of variable 'accumulator', ../member_c_conv_hls/src/lenet_conv.cpp:144 on local variable 'accumulator' and 'load' operation ('accumulator_load', ../member_c_conv_hls/src/lenet_conv.cpp:144) on local variable 'accumulator'.
WARNING: [HLS 200-880] The II Violation in module 'lenet_full_top_Pipeline_DENSE_INPUT' (loop 'DENSE_INPUT'): Unable to enforce a carried dependence constraint (II = 2, distance = 1, offset = 0) between 'store' operation ('accumulator_write_ln144', ../member_c_conv_hls/src/lenet_conv.cpp:144) of variable 'accumulator', ../member_c_conv_hls/src/lenet_conv.cpp:144 on local variable 'accumulator' and 'load' operation ('accumulator_load', ../member_c_conv_hls/src/lenet_conv.cpp:144) on local variable 'accumulator'.
WARNING: [HLS 200-880] The II Violation in module 'lenet_full_top_Pipeline_DENSE_INPUT' (loop 'DENSE_INPUT'): Unable to enforce a carried dependence constraint (II = 3, distance = 1, offset = 0) between 'store' operation ('accumulator_write_ln144', ../member_c_conv_hls/src/lenet_conv.cpp:144) of variable 'accumulator', ../member_c_conv_hls/src/lenet_conv.cpp:144 on local variable 'accumulator' and 'load' operation ('accumulator_load', ../member_c_conv_hls/src/lenet_conv.cpp:144) on local variable 'accumulator'.
WARNING: [HLS 200-880] The II Violation in module 'lenet_full_top_Pipeline_DENSE_INPUT' (loop 'DENSE_INPUT'): Unable to enforce a carried dependence constraint (II = 4, distance = 1, offset = 0) between 'store' operation ('accumulator_write_ln144', ../member_c_conv_hls/src/lenet_conv.cpp:144) of variable 'accumulator', ../member_c_conv_hls/src/lenet_conv.cpp:144 on local variable 'accumulator' and 'load' operation ('accumulator_load', ../member_c_conv_hls/src/lenet_conv.cpp:144) on local variable 'accumulator'.
INFO: [HLS 200-1470] Pipelining result : Target II = NA, Final II = 5, Depth = 12, loop 'DENSE_INPUT'
INFO: [SCHED 204-11] Finished scheduling.
INFO: [HLS 200-111] Finished Scheduling: CPU user time: 0 seconds. CPU system time: 0 seconds. Elapsed time: 0.154 seconds; current allocated memory: 817.309 MB.
INFO: [BIND 205-100] Starting micro-architecture generation ...
INFO: [BIND 205-101] Performing variable lifetime analysis.
INFO: [BIND 205-101] Exploring resource sharing.
INFO: [BIND 205-101] Binding ...
INFO: [BIND 205-100] Finished micro-architecture generation.
INFO: [HLS 200-111] Finished Binding: CPU user time: 0 seconds. CPU system time: 0 seconds. Elapsed time: 0.111 seconds; current allocated memory: 817.570 MB.
INFO: [HLS 200-10] ----------------------------------------------------------------
INFO: [HLS 200-42] -- Implementing module 'lenet_full_top_Pipeline_RELU_LOOP3' 
INFO: [HLS 200-10] ----------------------------------------------------------------
INFO: [SCHED 204-11] Starting scheduling ...
INFO: [SCHED 204-61] Pipelining loop 'RELU_LOOP'.
INFO: [HLS 200-1470] Pipelining result : Target II = NA, Final II = 1, Depth = 5, loop 'RELU_LOOP'
INFO: [SCHED 204-11] Finished scheduling.
INFO: [HLS 200-111] Finished Scheduling: CPU user time: 0 seconds. CPU system time: 0 seconds. Elapsed time: 0.115 seconds; current allocated memory: 817.723 MB.
INFO: [BIND 205-100] Starting micro-architecture generation ...
INFO: [BIND 205-101] Performing variable lifetime analysis.
INFO: [BIND 205-101] Exploring resource sharing.
INFO: [BIND 205-101] Binding ...
INFO: [BIND 205-100] Finished micro-architecture generation.
INFO: [HLS 200-111] Finished Binding: CPU user time: 1 seconds. CPU system time: 0 seconds. Elapsed time: 0.074 seconds; current allocated memory: 817.824 MB.
INFO: [HLS 200-10] ----------------------------------------------------------------
INFO: [HLS 200-42] -- Implementing module 'lenet_full_top_Pipeline_DENSE_INPUT4' 
INFO: [HLS 200-10] ----------------------------------------------------------------
INFO: [SCHED 204-11] Starting scheduling ...
INFO: [SCHED 204-61] Pipelining loop 'DENSE_INPUT'.
WARNING: [HLS 200-880] The II Violation in module 'lenet_full_top_Pipeline_DENSE_INPUT4' (loop 'DENSE_INPUT'): Unable to enforce a carried dependence constraint (II = 1, distance = 1, offset = 0) between 'store' operation ('accumulator_write_ln144', ../member_c_conv_hls/src/lenet_conv.cpp:144) of variable 'accumulator', ../member_c_conv_hls/src/lenet_conv.cpp:144 on local variable 'accumulator' and 'load' operation ('accumulator_load', ../member_c_conv_hls/src/lenet_conv.cpp:144) on local variable 'accumulator'.
WARNING: [HLS 200-880] The II Violation in module 'lenet_full_top_Pipeline_DENSE_INPUT4' (loop 'DENSE_INPUT'): Unable to enforce a carried dependence constraint (II = 2, distance = 1, offset = 0) between 'store' operation ('accumulator_write_ln144', ../member_c_conv_hls/src/lenet_conv.cpp:144) of variable 'accumulator', ../member_c_conv_hls/src/lenet_conv.cpp:144 on local variable 'accumulator' and 'load' operation ('accumulator_load', ../member_c_conv_hls/src/lenet_conv.cpp:144) on local variable 'accumulator'.
WARNING: [HLS 200-880] The II Violation in module 'lenet_full_top_Pipeline_DENSE_INPUT4' (loop 'DENSE_INPUT'): Unable to enforce a carried dependence constraint (II = 3, distance = 1, offset = 0) between 'store' operation ('accumulator_write_ln144', ../member_c_conv_hls/src/lenet_conv.cpp:144) of variable 'accumulator', ../member_c_conv_hls/src/lenet_conv.cpp:144 on local variable 'accumulator' and 'load' operation ('accumulator_load', ../member_c_conv_hls/src/lenet_conv.cpp:144) on local variable 'accumulator'.
WARNING: [HLS 200-880] The II Violation in module 'lenet_full_top_Pipeline_DENSE_INPUT4' (loop 'DENSE_INPUT'): Unable to enforce a carried dependence constraint (II = 4, distance = 1, offset = 0) between 'store' operation ('accumulator_write_ln144', ../member_c_conv_hls/src/lenet_conv.cpp:144) of variable 'accumulator', ../member_c_conv_hls/src/lenet_conv.cpp:144 on local variable 'accumulator' and 'load' operation ('accumulator_load', ../member_c_conv_hls/src/lenet_conv.cpp:144) on local variable 'accumulator'.
INFO: [HLS 200-1470] Pipelining result : Target II = NA, Final II = 5, Depth = 12, loop 'DENSE_INPUT'
INFO: [SCHED 204-11] Finished scheduling.
INFO: [HLS 200-111] Finished Scheduling: CPU user time: 0 seconds. CPU system time: 0 seconds. Elapsed time: 0.154 seconds; current allocated memory: 818.043 MB.
INFO: [BIND 205-100] Starting micro-architecture generation ...
INFO: [BIND 205-101] Performing variable lifetime analysis.
INFO: [BIND 205-101] Exploring resource sharing.
INFO: [BIND 205-101] Binding ...
INFO: [BIND 205-100] Finished micro-architecture generation.
INFO: [HLS 200-111] Finished Binding: CPU user time: 0 seconds. CPU system time: 0 seconds. Elapsed time: 0.109 seconds; current allocated memory: 818.047 MB.
INFO: [HLS 200-10] ----------------------------------------------------------------
INFO: [HLS 200-42] -- Implementing module 'lenet_full_top' 
INFO: [HLS 200-10] ----------------------------------------------------------------
INFO: [SCHED 204-11] Starting scheduling ...
INFO: [SCHED 204-11] Finished scheduling.
INFO: [HLS 200-111] Finished Scheduling: CPU user time: 0 seconds. CPU system time: 0 seconds. Elapsed time: 0.206 seconds; current allocated memory: 819.125 MB.
INFO: [BIND 205-100] Starting micro-architecture generation ...
INFO: [BIND 205-101] Performing variable lifetime analysis.
INFO: [BIND 205-101] Exploring resource sharing.
INFO: [BIND 205-101] Binding ...
INFO: [BIND 205-100] Finished micro-architecture generation.
INFO: [HLS 200-111] Finished Binding: CPU user time: 0 seconds. CPU system time: 0 seconds. Elapsed time: 0.453 seconds; current allocated memory: 819.727 MB.
INFO: [HLS 200-10] ----------------------------------------------------------------
INFO: [HLS 200-10] -- Generating RTL for module 'lenet_full_top_Pipeline_OUTPUT_ROW_OUTPUT_COL' 
INFO: [HLS 200-10] ----------------------------------------------------------------
INFO: [HLS 200-1030] Apply Unified Pipeline Control on module 'lenet_full_top_Pipeline_OUTPUT_ROW_OUTPUT_COL' pipeline 'OUTPUT_ROW_OUTPUT_COL' pipeline type 'loop pipeline'
INFO: [RTGEN 206-100] Generating core module 'fadd_32ns_32ns_32_5_full_dsp_1': 1 instance(s).
INFO: [RTGEN 206-100] Generating core module 'fmul_32ns_32ns_32_4_max_dsp_1': 1 instance(s).
INFO: [RTGEN 206-100] Finished creating RTL model for 'lenet_full_top_Pipeline_OUTPUT_ROW_OUTPUT_COL'.
INFO: [HLS 200-111] Finished Creating RTL model: CPU user time: 1 seconds. CPU system time: 0 seconds. Elapsed time: 0.788 seconds; current allocated memory: 825.145 MB.
INFO: [HLS 200-10] ----------------------------------------------------------------
INFO: [HLS 200-10] -- Generating RTL for module 'lenet_full_top_Pipeline_POOL_CHANNEL_POOL_ROW_POOL_COL' 
INFO: [HLS 200-10] ----------------------------------------------------------------
INFO: [HLS 200-1030] Apply Unified Pipeline Control on module 'lenet_full_top_Pipeline_POOL_CHANNEL_POOL_ROW_POOL_COL' pipeline 'POOL_CHANNEL_POOL_ROW_POOL_COL' pipeline type 'loop pipeline'
INFO: [RTGEN 206-100] Generating core module 'fcmp_32ns_32ns_1_2_no_dsp_1': 4 instance(s).
INFO: [RTGEN 206-100] Finished creating RTL model for 'lenet_full_top_Pipeline_POOL_CHANNEL_POOL_ROW_POOL_COL'.
INFO: [HLS 200-111] Finished Creating RTL model: CPU user time: 1 seconds. CPU system time: 0 seconds. Elapsed time: 0.801 seconds; current allocated memory: 831.000 MB.
INFO: [HLS 200-10] ----------------------------------------------------------------
INFO: [HLS 200-10] -- Generating RTL for module 'lenet_full_top_Pipeline_INPUT_CHANNEL' 
INFO: [HLS 200-10] ----------------------------------------------------------------
INFO: [HLS 200-1030] Apply Unified Pipeline Control on module 'lenet_full_top_Pipeline_INPUT_CHANNEL' pipeline 'INPUT_CHANNEL' pipeline type 'loop pipeline'
WARNING: [RTGEN 206-101] Setting dangling out port 'lenet_full_top_Pipeline_INPUT_CHANNEL/m_axi_gmem1_ARVALID' to 0.
WARNING: [RTGEN 206-101] Setting dangling out port 'lenet_full_top_Pipeline_INPUT_CHANNEL/m_axi_gmem1_ARADDR' to 0.
WARNING: [RTGEN 206-101] Setting dangling out port 'lenet_full_top_Pipeline_INPUT_CHANNEL/m_axi_gmem1_ARID' to 0.
WARNING: [RTGEN 206-101] Setting dangling out port 'lenet_full_top_Pipeline_INPUT_CHANNEL/m_axi_gmem1_ARLEN' to 0.
WARNING: [RTGEN 206-101] Setting dangling out port 'lenet_full_top_Pipeline_INPUT_CHANNEL/m_axi_gmem1_ARSIZE' to 0.
WARNING: [RTGEN 206-101] Setting dangling out port 'lenet_full_top_Pipeline_INPUT_CHANNEL/m_axi_gmem1_ARBURST' to 0.
WARNING: [RTGEN 206-101] Setting dangling out port 'lenet_full_top_Pipeline_INPUT_CHANNEL/m_axi_gmem1_ARLOCK' to 0.
WARNING: [RTGEN 206-101] Setting dangling out port 'lenet_full_top_Pipeline_INPUT_CHANNEL/m_axi_gmem1_ARCACHE' to 0.
WARNING: [RTGEN 206-101] Setting dangling out port 'lenet_full_top_Pipeline_INPUT_CHANNEL/m_axi_gmem1_ARPROT' to 0.
WARNING: [RTGEN 206-101] Setting dangling out port 'lenet_full_top_Pipeline_INPUT_CHANNEL/m_axi_gmem1_ARQOS' to 0.
WARNING: [RTGEN 206-101] Setting dangling out port 'lenet_full_top_Pipeline_INPUT_CHANNEL/m_axi_gmem1_ARREGION' to 0.
WARNING: [RTGEN 206-101] Setting dangling out port 'lenet_full_top_Pipeline_INPUT_CHANNEL/m_axi_gmem1_ARUSER' to 0.
INFO: [RTGEN 206-100] Generating core module 'fadd_32ns_32ns_32_5_full_dsp_1': 1 instance(s).
INFO: [RTGEN 206-100] Generating core module 'fmul_32ns_32ns_32_4_max_dsp_1': 1 instance(s).
INFO: [RTGEN 206-100] Finished creating RTL model for 'lenet_full_top_Pipeline_INPUT_CHANNEL'.
INFO: [HLS 200-111] Finished Creating RTL model: CPU user time: 0 seconds. CPU system time: 0 seconds. Elapsed time: 0.957 seconds; current allocated memory: 840.215 MB.
INFO: [HLS 200-10] ----------------------------------------------------------------
INFO: [HLS 200-10] -- Generating RTL for module 'lenet_full_top_Pipeline_POOL_CHANNEL_POOL_ROW_POOL_COL1' 
INFO: [HLS 200-10] ----------------------------------------------------------------
INFO: [HLS 200-1030] Apply Unified Pipeline Control on module 'lenet_full_top_Pipeline_POOL_CHANNEL_POOL_ROW_POOL_COL1' pipeline 'POOL_CHANNEL_POOL_ROW_POOL_COL' pipeline type 'loop pipeline'
INFO: [RTGEN 206-100] Generating core module 'fcmp_32ns_32ns_1_2_no_dsp_1': 4 instance(s).
INFO: [RTGEN 206-100] Finished creating RTL model for 'lenet_full_top_Pipeline_POOL_CHANNEL_POOL_ROW_POOL_COL1'.
INFO: [HLS 200-111] Finished Creating RTL model: CPU user time: 1 seconds. CPU system time: 0 seconds. Elapsed time: 0.8 seconds; current allocated memory: 844.938 MB.
INFO: [HLS 200-10] ----------------------------------------------------------------
INFO: [HLS 200-10] -- Generating RTL for module 'lenet_full_top_Pipeline_INPUT_CHANNEL2' 
INFO: [HLS 200-10] ----------------------------------------------------------------
INFO: [HLS 200-1030] Apply Unified Pipeline Control on module 'lenet_full_top_Pipeline_INPUT_CHANNEL2' pipeline 'INPUT_CHANNEL' pipeline type 'loop pipeline'
WARNING: [RTGEN 206-101] Setting dangling out port 'lenet_full_top_Pipeline_INPUT_CHANNEL2/m_axi_gmem1_ARVALID' to 0.
WARNING: [RTGEN 206-101] Setting dangling out port 'lenet_full_top_Pipeline_INPUT_CHANNEL2/m_axi_gmem1_ARADDR' to 0.
WARNING: [RTGEN 206-101] Setting dangling out port 'lenet_full_top_Pipeline_INPUT_CHANNEL2/m_axi_gmem1_ARID' to 0.
WARNING: [RTGEN 206-101] Setting dangling out port 'lenet_full_top_Pipeline_INPUT_CHANNEL2/m_axi_gmem1_ARLEN' to 0.
WARNING: [RTGEN 206-101] Setting dangling out port 'lenet_full_top_Pipeline_INPUT_CHANNEL2/m_axi_gmem1_ARSIZE' to 0.
WARNING: [RTGEN 206-101] Setting dangling out port 'lenet_full_top_Pipeline_INPUT_CHANNEL2/m_axi_gmem1_ARBURST' to 0.
WARNING: [RTGEN 206-101] Setting dangling out port 'lenet_full_top_Pipeline_INPUT_CHANNEL2/m_axi_gmem1_ARLOCK' to 0.
WARNING: [RTGEN 206-101] Setting dangling out port 'lenet_full_top_Pipeline_INPUT_CHANNEL2/m_axi_gmem1_ARCACHE' to 0.
WARNING: [RTGEN 206-101] Setting dangling out port 'lenet_full_top_Pipeline_INPUT_CHANNEL2/m_axi_gmem1_ARPROT' to 0.
WARNING: [RTGEN 206-101] Setting dangling out port 'lenet_full_top_Pipeline_INPUT_CHANNEL2/m_axi_gmem1_ARQOS' to 0.
WARNING: [RTGEN 206-101] Setting dangling out port 'lenet_full_top_Pipeline_INPUT_CHANNEL2/m_axi_gmem1_ARREGION' to 0.
WARNING: [RTGEN 206-101] Setting dangling out port 'lenet_full_top_Pipeline_INPUT_CHANNEL2/m_axi_gmem1_ARUSER' to 0.
INFO: [RTGEN 206-100] Generating core module 'fadd_32ns_32ns_32_5_full_dsp_1': 1 instance(s).
INFO: [RTGEN 206-100] Generating core module 'fmul_32ns_32ns_32_4_max_dsp_1': 1 instance(s).
INFO: [RTGEN 206-100] Finished creating RTL model for 'lenet_full_top_Pipeline_INPUT_CHANNEL2'.
INFO: [HLS 200-111] Finished Creating RTL model: CPU user time: 0 seconds. CPU system time: 1 seconds. Elapsed time: 0.851 seconds; current allocated memory: 853.371 MB.
INFO: [HLS 200-10] ----------------------------------------------------------------
INFO: [HLS 200-10] -- Generating RTL for module 'lenet_full_top_Pipeline_RELU_LOOP' 
INFO: [HLS 200-10] ----------------------------------------------------------------
INFO: [HLS 200-1030] Apply Unified Pipeline Control on module 'lenet_full_top_Pipeline_RELU_LOOP' pipeline 'RELU_LOOP' pipeline type 'loop pipeline'
INFO: [RTGEN 206-100] Generating core module 'fcmp_32ns_32ns_1_2_no_dsp_1': 1 instance(s).
INFO: [RTGEN 206-100] Finished creating RTL model for 'lenet_full_top_Pipeline_RELU_LOOP'.
INFO: [HLS 200-111] Finished Creating RTL model: CPU user time: 1 seconds. CPU system time: 0 seconds. Elapsed time: 0.762 seconds; current allocated memory: 858.125 MB.
INFO: [HLS 200-10] ----------------------------------------------------------------
INFO: [HLS 200-10] -- Generating RTL for module 'lenet_full_top_Pipeline_DENSE_INPUT' 
INFO: [HLS 200-10] ----------------------------------------------------------------
INFO: [HLS 200-1030] Apply Unified Pipeline Control on module 'lenet_full_top_Pipeline_DENSE_INPUT' pipeline 'DENSE_INPUT' pipeline type 'loop pipeline'
WARNING: [RTGEN 206-101] Setting dangling out port 'lenet_full_top_Pipeline_DENSE_INPUT/m_axi_gmem1_ARVALID' to 0.
WARNING: [RTGEN 206-101] Setting dangling out port 'lenet_full_top_Pipeline_DENSE_INPUT/m_axi_gmem1_ARADDR' to 0.
WARNING: [RTGEN 206-101] Setting dangling out port 'lenet_full_top_Pipeline_DENSE_INPUT/m_axi_gmem1_ARID' to 0.
WARNING: [RTGEN 206-101] Setting dangling out port 'lenet_full_top_Pipeline_DENSE_INPUT/m_axi_gmem1_ARLEN' to 0.
WARNING: [RTGEN 206-101] Setting dangling out port 'lenet_full_top_Pipeline_DENSE_INPUT/m_axi_gmem1_ARSIZE' to 0.
WARNING: [RTGEN 206-101] Setting dangling out port 'lenet_full_top_Pipeline_DENSE_INPUT/m_axi_gmem1_ARBURST' to 0.
WARNING: [RTGEN 206-101] Setting dangling out port 'lenet_full_top_Pipeline_DENSE_INPUT/m_axi_gmem1_ARLOCK' to 0.
WARNING: [RTGEN 206-101] Setting dangling out port 'lenet_full_top_Pipeline_DENSE_INPUT/m_axi_gmem1_ARCACHE' to 0.
WARNING: [RTGEN 206-101] Setting dangling out port 'lenet_full_top_Pipeline_DENSE_INPUT/m_axi_gmem1_ARPROT' to 0.
WARNING: [RTGEN 206-101] Setting dangling out port 'lenet_full_top_Pipeline_DENSE_INPUT/m_axi_gmem1_ARQOS' to 0.
WARNING: [RTGEN 206-101] Setting dangling out port 'lenet_full_top_Pipeline_DENSE_INPUT/m_axi_gmem1_ARREGION' to 0.
WARNING: [RTGEN 206-101] Setting dangling out port 'lenet_full_top_Pipeline_DENSE_INPUT/m_axi_gmem1_ARUSER' to 0.
INFO: [RTGEN 206-100] Generating core module 'fadd_32ns_32ns_32_5_full_dsp_1': 1 instance(s).
INFO: [RTGEN 206-100] Generating core module 'fmul_32ns_32ns_32_4_max_dsp_1': 1 instance(s).
INFO: [RTGEN 206-100] Finished creating RTL model for 'lenet_full_top_Pipeline_DENSE_INPUT'.
INFO: [HLS 200-111] Finished Creating RTL model: CPU user time: 0 seconds. CPU system time: 0 seconds. Elapsed time: 0.319 seconds; current allocated memory: 858.465 MB.
INFO: [HLS 200-10] ----------------------------------------------------------------
INFO: [HLS 200-10] -- Generating RTL for module 'lenet_full_top_Pipeline_RELU_LOOP3' 
INFO: [HLS 200-10] ----------------------------------------------------------------
INFO: [HLS 200-1030] Apply Unified Pipeline Control on module 'lenet_full_top_Pipeline_RELU_LOOP3' pipeline 'RELU_LOOP' pipeline type 'loop pipeline'
INFO: [RTGEN 206-100] Generating core module 'fcmp_32ns_32ns_1_2_no_dsp_1': 1 instance(s).
INFO: [RTGEN 206-100] Finished creating RTL model for 'lenet_full_top_Pipeline_RELU_LOOP3'.
INFO: [HLS 200-111] Finished Creating RTL model: CPU user time: 0 seconds. CPU system time: 0 seconds. Elapsed time: 0.185 seconds; current allocated memory: 859.531 MB.
INFO: [HLS 200-10] ----------------------------------------------------------------
INFO: [HLS 200-10] -- Generating RTL for module 'lenet_full_top_Pipeline_DENSE_INPUT4' 
INFO: [HLS 200-10] ----------------------------------------------------------------
INFO: [HLS 200-1030] Apply Unified Pipeline Control on module 'lenet_full_top_Pipeline_DENSE_INPUT4' pipeline 'DENSE_INPUT' pipeline type 'loop pipeline'
WARNING: [RTGEN 206-101] Setting dangling out port 'lenet_full_top_Pipeline_DENSE_INPUT4/m_axi_gmem3_AWVALID' to 0.
WARNING: [RTGEN 206-101] Setting dangling out port 'lenet_full_top_Pipeline_DENSE_INPUT4/m_axi_gmem3_AWADDR' to 0.
WARNING: [RTGEN 206-101] Setting dangling out port 'lenet_full_top_Pipeline_DENSE_INPUT4/m_axi_gmem3_AWID' to 0.
WARNING: [RTGEN 206-101] Setting dangling out port 'lenet_full_top_Pipeline_DENSE_INPUT4/m_axi_gmem3_AWLEN' to 0.
WARNING: [RTGEN 206-101] Setting dangling out port 'lenet_full_top_Pipeline_DENSE_INPUT4/m_axi_gmem3_AWSIZE' to 0.
WARNING: [RTGEN 206-101] Setting dangling out port 'lenet_full_top_Pipeline_DENSE_INPUT4/m_axi_gmem3_AWBURST' to 0.
WARNING: [RTGEN 206-101] Setting dangling out port 'lenet_full_top_Pipeline_DENSE_INPUT4/m_axi_gmem3_AWLOCK' to 0.
WARNING: [RTGEN 206-101] Setting dangling out port 'lenet_full_top_Pipeline_DENSE_INPUT4/m_axi_gmem3_AWCACHE' to 0.
WARNING: [RTGEN 206-101] Setting dangling out port 'lenet_full_top_Pipeline_DENSE_INPUT4/m_axi_gmem3_AWPROT' to 0.
WARNING: [RTGEN 206-101] Setting dangling out port 'lenet_full_top_Pipeline_DENSE_INPUT4/m_axi_gmem3_AWQOS' to 0.
WARNING: [RTGEN 206-101] Setting dangling out port 'lenet_full_top_Pipeline_DENSE_INPUT4/m_axi_gmem3_AWREGION' to 0.
WARNING: [RTGEN 206-101] Setting dangling out port 'lenet_full_top_Pipeline_DENSE_INPUT4/m_axi_gmem3_AWUSER' to 0.
WARNING: [RTGEN 206-101] Setting dangling out port 'lenet_full_top_Pipeline_DENSE_INPUT4/m_axi_gmem3_BREADY' to 0.
WARNING: [RTGEN 206-101] Setting dangling out port 'lenet_full_top_Pipeline_DENSE_INPUT4/m_axi_gmem1_ARVALID' to 0.
WARNING: [RTGEN 206-101] Setting dangling out port 'lenet_full_top_Pipeline_DENSE_INPUT4/m_axi_gmem1_ARADDR' to 0.
WARNING: [RTGEN 206-101] Setting dangling out port 'lenet_full_top_Pipeline_DENSE_INPUT4/m_axi_gmem1_ARID' to 0.
WARNING: [RTGEN 206-101] Setting dangling out port 'lenet_full_top_Pipeline_DENSE_INPUT4/m_axi_gmem1_ARLEN' to 0.
WARNING: [RTGEN 206-101] Setting dangling out port 'lenet_full_top_Pipeline_DENSE_INPUT4/m_axi_gmem1_ARSIZE' to 0.
WARNING: [RTGEN 206-101] Setting dangling out port 'lenet_full_top_Pipeline_DENSE_INPUT4/m_axi_gmem1_ARBURST' to 0.
WARNING: [RTGEN 206-101] Setting dangling out port 'lenet_full_top_Pipeline_DENSE_INPUT4/m_axi_gmem1_ARLOCK' to 0.
WARNING: [RTGEN 206-101] Setting dangling out port 'lenet_full_top_Pipeline_DENSE_INPUT4/m_axi_gmem1_ARCACHE' to 0.
WARNING: [RTGEN 206-101] Setting dangling out port 'lenet_full_top_Pipeline_DENSE_INPUT4/m_axi_gmem1_ARPROT' to 0.
WARNING: [RTGEN 206-101] Setting dangling out port 'lenet_full_top_Pipeline_DENSE_INPUT4/m_axi_gmem1_ARQOS' to 0.
WARNING: [RTGEN 206-101] Setting dangling out port 'lenet_full_top_Pipeline_DENSE_INPUT4/m_axi_gmem1_ARREGION' to 0.
WARNING: [RTGEN 206-101] Setting dangling out port 'lenet_full_top_Pipeline_DENSE_INPUT4/m_axi_gmem1_ARUSER' to 0.
INFO: [RTGEN 206-100] Generating core module 'fadd_32ns_32ns_32_5_full_dsp_1': 1 instance(s).
INFO: [RTGEN 206-100] Generating core module 'fmul_32ns_32ns_32_4_max_dsp_1': 1 instance(s).
INFO: [RTGEN 206-100] Finished creating RTL model for 'lenet_full_top_Pipeline_DENSE_INPUT4'.
INFO: [HLS 200-111] Finished Creating RTL model: CPU user time: 0 seconds. CPU system time: 0 seconds. Elapsed time: 0.508 seconds; current allocated memory: 860.477 MB.
INFO: [HLS 200-10] ----------------------------------------------------------------
INFO: [HLS 200-10] -- Generating RTL for module 'lenet_full_top' 
INFO: [HLS 200-10] ----------------------------------------------------------------
WARNING: [RTGEN 206-101] Design contains AXI ports. Reset is fixed to synchronous and active low.
INFO: [RTGEN 206-500] Setting interface mode on port 'lenet_full_top/gmem0' to 'm_axi'.
INFO: [RTGEN 206-500] Setting interface mode on port 'lenet_full_top/gmem1' to 'm_axi'.
INFO: [RTGEN 206-500] Setting interface mode on port 'lenet_full_top/gmem2' to 'm_axi'.
INFO: [RTGEN 206-500] Setting interface mode on port 'lenet_full_top/gmem3' to 'm_axi'.
INFO: [RTGEN 206-500] Setting interface mode on port 'lenet_full_top/feature_in' to 'ap_none'.
INFO: [RTGEN 206-500] Setting interface mode on port 'lenet_full_top/weight' to 'ap_none'.
INFO: [RTGEN 206-500] Setting interface mode on port 'lenet_full_top/bias' to 'ap_none'.
INFO: [RTGEN 206-500] Setting interface mode on port 'lenet_full_top/feature_out' to 'ap_none'.
INFO: [RTGEN 206-500] Setting interface mode on function 'lenet_full_top' to 'ap_ctrl_hs'.
INFO: [RTGEN 206-100] Generating core module 'fadd_32ns_32ns_32_5_full_dsp_1': 1 instance(s).
INFO: [RTGEN 206-100] Generating core module 'fcmp_32ns_32ns_1_2_no_dsp_1': 4 instance(s).
INFO: [RTGEN 206-100] Generating core module 'fmul_32ns_32ns_32_4_max_dsp_1': 1 instance(s).
INFO: [RTGEN 206-100] Finished creating RTL model for 'lenet_full_top'.
INFO: [RTMG 210-278] Implementing memory 'lenet_full_top_conv1_output_RAM_1WNR_AUTO_1R1W' using auto RAMs.
INFO: [RTMG 210-278] Implementing memory 'lenet_full_top_pool1_output_RAM_1WNR_AUTO_1R1W' using auto RAMs.
INFO: [RTMG 210-278] Implementing memory 'lenet_full_top_conv2_output_RAM_1WNR_AUTO_1R1W' using auto RAMs.
INFO: [RTMG 210-278] Implementing memory 'lenet_full_top_pool2_output_RAM_1WNR_AUTO_1R1W' using auto RAMs.
INFO: [RTMG 210-278] Implementing memory 'lenet_full_top_conv3_output_RAM_AUTO_1R1W' using auto RAMs.
INFO: [RTMG 210-278] Implementing memory 'lenet_full_top_fc1_output_RAM_AUTO_1R1W' using auto RAMs.
INFO: [HLS 200-111] Finished Creating RTL model: CPU user time: 1 seconds. CPU system time: 0 seconds. Elapsed time: 0.671 seconds; current allocated memory: 867.395 MB.
INFO: [HLS 200-111] Finished Generating all RTL models: CPU user time: 2 seconds. CPU system time: 0 seconds. Elapsed time: 2.352 seconds; current allocated memory: 874.340 MB.
INFO: [HLS 200-1603] Design has inferred MAXI bursts and missed bursts, see Vitis HLS GUI synthesis summary report for detailed information.
INFO: [HLS 200-111] Finished Updating report files: CPU user time: 1 seconds. CPU system time: 0 seconds. Elapsed time: 1.535 seconds; current allocated memory: 885.527 MB.
INFO: [VHDL 208-304] Generating VHDL RTL for lenet_full_top.
INFO: [VLOG 209-307] Generating Verilog RTL for lenet_full_top.
INFO: [HLS 200-790] **** Loop Constraint Status: All loop constraints were NOT satisfied.
INFO: [HLS 200-789] **** Estimated Fmax: 120.77 MHz
INFO: [HLS 200-111] Finished Command csynth_design CPU user time: 31 seconds. CPU system time: 2 seconds. Elapsed time: 41.561 seconds; current allocated memory: 206.133 MB.
INFO: [HLS 200-112] Total CPU user time: 33 seconds. Total CPU system time: 4 seconds. Total elapsed time: 54.335 seconds; peak allocated memory: 885.590 MB.
==============================================================
Vitis HLS - High-Level Synthesis from C, C++ and OpenCL v2022.2 (64-bit)
Tool Version Limit: 2019.12
Copyright 1986-2022 Xilinx, Inc. All Rights Reserved.
==============================================================
INFO: [SYN 201-201] Setting up clock 'default' with a period of 10ns.
INFO: [HLS 200-1611] Setting target device to 'xc7z020-clg400-1'
INFO: [HLS 200-1505] Using flow_target 'vivado'
INFO: [HLS 200-1510] Running: set_part xc7z020clg400-1 
INFO: [HLS 200-1510] Running: create_clock -period 10 -name default 
INFO: [HLS 200-1510] Running: csim_design -argv D:/lenet_project/model -clean -quiet 
INFO: [SIM 211-2] *************** CSIM start ***************
INFO: [SIM 211-4] CSIM will launch GCC as the compiler.
INFO: [SIM 211-1] CSim done with 0 errors.
INFO: [SIM 211-3] *************** CSIM finish ***************
INFO: [HLS 200-111] Finished Command csim_design CPU user time: 0 seconds. CPU system time: 0 seconds. Elapsed time: 1.831 seconds; current allocated memory: 0.328 MB.
INFO: [HLS 200-112] Total CPU user time: 2 seconds. Total CPU system time: 1 seconds. Total elapsed time: 14.587 seconds; peak allocated memory: 677.176 MB.
==============================================================
Vitis HLS - High-Level Synthesis from C, C++ and OpenCL v2022.2 (64-bit)
Tool Version Limit: 2019.12
Copyright 1986-2022 Xilinx, Inc. All Rights Reserved.
==============================================================
INFO: [SYN 201-201] Setting up clock 'default' with a period of 10ns.
INFO: [HLS 200-1611] Setting target device to 'xc7z020-clg400-1'
INFO: [HLS 200-1505] Using flow_target 'vivado'
INFO: [HLS 200-1510] Running: set_part xc7z020clg400-1 
INFO: [HLS 200-1510] Running: create_clock -period 10 -name default 
INFO: [HLS 200-1510] Running: csynth_design 
INFO: [HLS 200-111] Finished File checks and directory preparation: CPU user time: 0 seconds. CPU system time: 0 seconds. Elapsed time: 10.077 seconds; current allocated memory: 677.023 MB.
INFO: [HLS 200-10] Analyzing design file '../member_c_conv_hls/src/lenet_conv.cpp' ... 
INFO: [HLS 200-111] Finished Source Code Analysis and Preprocessing: CPU user time: 0 seconds. CPU system time: 0 seconds. Elapsed time: 0.934 seconds; current allocated memory: 678.094 MB.
INFO: [HLS 200-777] Using interface defaults for 'Vivado' flow target.
INFO: [HLS 214-131] Inlining function 'void lenet::(anonymous namespace)::generate_window_5x5<32, 32>(float const*, int, int, int, float*)' into 'void lenet::(anonymous namespace)::conv5x5_valid<1, 32, 32, 6>(float const*, float const*, float const*, float*)' (../member_c_conv_hls/src/lenet_conv.cpp:62:21)
INFO: [HLS 214-131] Inlining function 'lenet::(anonymous namespace)::mac_5x5(float const*, float const*, float)' into 'void lenet::(anonymous namespace)::conv5x5_valid<1, 32, 32, 6>(float const*, float const*, float const*, float*)' (../member_c_conv_hls/src/lenet_conv.cpp:72:25)
INFO: [HLS 214-131] Inlining function 'void lenet::(anonymous namespace)::generate_window_5x5<14, 14>(float const*, int, int, int, float*)' into 'void lenet::(anonymous namespace)::conv5x5_valid<6, 14, 14, 16>(float const*, float const*, float const*, float*)' (../member_c_conv_hls/src/lenet_conv.cpp:62:21)
INFO: [HLS 214-131] Inlining function 'lenet::(anonymous namespace)::mac_5x5(float const*, float const*, float)' into 'void lenet::(anonymous namespace)::conv5x5_valid<6, 14, 14, 16>(float const*, float const*, float const*, float*)' (../member_c_conv_hls/src/lenet_conv.cpp:72:25)
INFO: [HLS 214-131] Inlining function 'void lenet::(anonymous namespace)::generate_window_5x5<5, 5>(float const*, int, int, int, float*)' into 'void lenet::(anonymous namespace)::conv5x5_valid<16, 5, 5, 120>(float const*, float const*, float const*, float*)' (../member_c_conv_hls/src/lenet_conv.cpp:62:21)
INFO: [HLS 214-131] Inlining function 'lenet::(anonymous namespace)::mac_5x5(float const*, float const*, float)' into 'void lenet::(anonymous namespace)::conv5x5_valid<16, 5, 5, 120>(float const*, float const*, float const*, float*)' (../member_c_conv_hls/src/lenet_conv.cpp:72:25)
INFO: [HLS 214-178] Inlining function 'void lenet::(anonymous namespace)::conv5x5_valid<1, 32, 32, 6>(float const*, float const*, float const*, float*)' into 'lenet_full_top' (../member_c_conv_hls/src/lenet_conv.cpp:268:0)
INFO: [HLS 214-178] Inlining function 'void lenet::(anonymous namespace)::relu_maxpool_2x2<6, 28, 28>(float const*, float*)' into 'lenet_full_top' (../member_c_conv_hls/src/lenet_conv.cpp:268:0)
INFO: [HLS 214-178] Inlining function 'void lenet::(anonymous namespace)::conv5x5_valid<6, 14, 14, 16>(float const*, float const*, float const*, float*)' into 'lenet_full_top' (../member_c_conv_hls/src/lenet_conv.cpp:268:0)
INFO: [HLS 214-178] Inlining function 'void lenet::(anonymous namespace)::relu_maxpool_2x2<16, 10, 10>(float const*, float*)' into 'lenet_full_top' (../member_c_conv_hls/src/lenet_conv.cpp:268:0)
INFO: [HLS 214-178] Inlining function 'void lenet::(anonymous namespace)::conv5x5_valid<16, 5, 5, 120>(float const*, float const*, float const*, float*)' into 'lenet_full_top' (../member_c_conv_hls/src/lenet_conv.cpp:268:0)
INFO: [HLS 214-178] Inlining function 'void lenet::(anonymous namespace)::relu_vector<120>(float const*, float*)' into 'lenet_full_top' (../member_c_conv_hls/src/lenet_conv.cpp:268:0)
INFO: [HLS 214-178] Inlining function 'void lenet::(anonymous namespace)::dense<120, 84>(float const*, float const*, float const*, float*)' into 'lenet_full_top' (../member_c_conv_hls/src/lenet_conv.cpp:268:0)
INFO: [HLS 214-178] Inlining function 'void lenet::(anonymous namespace)::relu_vector<84>(float const*, float*)' into 'lenet_full_top' (../member_c_conv_hls/src/lenet_conv.cpp:268:0)
INFO: [HLS 214-178] Inlining function 'void lenet::(anonymous namespace)::dense<84, 10>(float const*, float const*, float const*, float*)' into 'lenet_full_top' (../member_c_conv_hls/src/lenet_conv.cpp:268:0)
INFO: [HLS 214-115] Multiple burst reads of length 6 and bit width 32 in loop 'OUTPUT_CHANNEL'(../member_c_conv_hls/src/lenet_conv.cpp:51:5) has been inferred on bundle 'gmem2'. These burst requests might be further partitioned into multiple requests during RTL generation, based on max_read_burst_length or max_write_burst_length settings. (../member_c_conv_hls/src/lenet_conv.cpp:51:5)
INFO: [HLS 214-115] Multiple burst reads of length 5 and bit width 32 in loop 'WINDOW_COL'(../member_c_conv_hls/src/lenet_conv.cpp:18:9) has been inferred on bundle 'gmem0'. These burst requests might be further partitioned into multiple requests during RTL generation, based on max_read_burst_length or max_write_burst_length settings. (../member_c_conv_hls/src/lenet_conv.cpp:18:9)
INFO: [HLS 214-115] Multiple burst reads of length 25 and bit width 32 in loop 'MAC_LOOP'(../member_c_conv_hls/src/lenet_conv.cpp:35:5) has been inferred on bundle 'gmem1'. These burst requests might be further partitioned into multiple requests during RTL generation, based on max_read_burst_length or max_write_burst_length settings. (../member_c_conv_hls/src/lenet_conv.cpp:35:5)
INFO: [HLS 214-115] Multiple burst reads of length 16 and bit width 32 in loop 'OUTPUT_CHANNEL'(../member_c_conv_hls/src/lenet_conv.cpp:51:5) has been inferred on bundle 'gmem2'. These burst requests might be further partitioned into multiple requests during RTL generation, based on max_read_burst_length or max_write_burst_length settings. (../member_c_conv_hls/src/lenet_conv.cpp:51:5)
INFO: [HLS 214-115] Multiple burst reads of length 150 and bit width 32 in loop 'INPUT_CHANNEL'(../member_c_conv_hls/src/lenet_conv.cpp:59:17) has been inferred on bundle 'gmem1'. These burst requests might be further partitioned into multiple requests during RTL generation, based on max_read_burst_length or max_write_burst_length settings. (../member_c_conv_hls/src/lenet_conv.cpp:59:17)
INFO: [HLS 214-115] Multiple burst reads of length 48000 and bit width 32 in loop 'OUTPUT_CHANNEL'(../member_c_conv_hls/src/lenet_conv.cpp:51:5) has been inferred on bundle 'gmem1'. These burst requests might be further partitioned into multiple requests during RTL generation, based on max_read_burst_length or max_write_burst_length settings. (../member_c_conv_hls/src/lenet_conv.cpp:51:5)
INFO: [HLS 214-115] Multiple burst reads of length 120 and bit width 32 in loop 'OUTPUT_CHANNEL'(../member_c_conv_hls/src/lenet_conv.cpp:51:5) has been inferred on bundle 'gmem2'. These burst requests might be further partitioned into multiple requests during RTL generation, based on max_read_burst_length or max_write_burst_length settings. (../member_c_conv_hls/src/lenet_conv.cpp:51:5)
INFO: [HLS 214-115] Multiple burst reads of length 10080 and bit width 32 in loop 'DENSE_OUTPUT'(../member_c_conv_hls/src/lenet_conv.cpp:139:5) has been inferred on bundle 'gmem1'. These burst requests might be further partitioned into multiple requests during RTL generation, based on max_read_burst_length or max_write_burst_length settings. (../member_c_conv_hls/src/lenet_conv.cpp:139:5)
INFO: [HLS 214-115] Multiple burst reads of length 84 and bit width 32 in loop 'DENSE_OUTPUT'(../member_c_conv_hls/src/lenet_conv.cpp:139:5) has been inferred on bundle 'gmem2'. These burst requests might be further partitioned into multiple requests during RTL generation, based on max_read_burst_length or max_write_burst_length settings. (../member_c_conv_hls/src/lenet_conv.cpp:139:5)
INFO: [HLS 214-115] Multiple burst reads of length 840 and bit width 32 in loop 'DENSE_OUTPUT'(../member_c_conv_hls/src/lenet_conv.cpp:139:5) has been inferred on bundle 'gmem1'. These burst requests might be further partitioned into multiple requests during RTL generation, based on max_read_burst_length or max_write_burst_length settings. (../member_c_conv_hls/src/lenet_conv.cpp:139:5)
INFO: [HLS 214-115] Multiple burst reads of length 10 and bit width 32 in loop 'DENSE_OUTPUT'(../member_c_conv_hls/src/lenet_conv.cpp:139:5) has been inferred on bundle 'gmem2'. These burst requests might be further partitioned into multiple requests during RTL generation, based on max_read_burst_length or max_write_burst_length settings. (../member_c_conv_hls/src/lenet_conv.cpp:139:5)
INFO: [HLS 214-115] Multiple burst writes of length 10 and bit width 32 in loop 'DENSE_OUTPUT'(../member_c_conv_hls/src/lenet_conv.cpp:139:5) has been inferred on bundle 'gmem3'. These burst requests might be further partitioned into multiple requests during RTL generation, based on max_read_burst_length or max_write_burst_length settings. (../member_c_conv_hls/src/lenet_conv.cpp:139:5)
INFO: [HLS 200-111] Finished Compiling Optimization and Transform: CPU user time: 0 seconds. CPU system time: 0 seconds. Elapsed time: 3.887 seconds; current allocated memory: 680.520 MB.
INFO: [HLS 200-111] Finished Checking Pragmas: CPU user time: 0 seconds. CPU system time: 0 seconds. Elapsed time: 0.002 seconds; current allocated memory: 680.520 MB.
INFO: [HLS 200-10] Starting code transformations ...
INFO: [HLS 200-111] Finished Standard Transforms: CPU user time: 7 seconds. CPU system time: 0 seconds. Elapsed time: 6.587 seconds; current allocated memory: 691.414 MB.
INFO: [HLS 200-10] Checking synthesizability ...
INFO: [HLS 200-111] Finished Checking Synthesizability: CPU user time: 6 seconds. CPU system time: 0 seconds. Elapsed time: 6.443 seconds; current allocated memory: 693.234 MB.
INFO: [XFORM 203-510] Pipelining loop 'OUTPUT_COL' (../member_c_conv_hls/src/lenet_conv.cpp:55) in function 'lenet_full_top' automatically.
INFO: [XFORM 203-510] Pipelining loop 'POOL_COL' (../member_c_conv_hls/src/lenet_conv.cpp:96) in function 'lenet_full_top' automatically.
INFO: [XFORM 203-510] Pipelining loop 'INPUT_CHANNEL' (../member_c_conv_hls/src/lenet_conv.cpp:8) in function 'lenet_full_top' automatically.
INFO: [XFORM 203-510] Pipelining loop 'POOL_COL' (../member_c_conv_hls/src/lenet_conv.cpp:96) in function 'lenet_full_top' automatically.
INFO: [XFORM 203-510] Pipelining loop 'INPUT_CHANNEL' (../member_c_conv_hls/src/lenet_conv.cpp:8) in function 'lenet_full_top' automatically.
INFO: [XFORM 203-510] Pipelining loop 'RELU_LOOP' (../member_c_conv_hls/src/lenet_conv.cpp:126) in function 'lenet_full_top' automatically.
INFO: [XFORM 203-510] Pipelining loop 'DENSE_INPUT' (../member_c_conv_hls/src/lenet_conv.cpp:140) in function 'lenet_full_top' automatically.
INFO: [XFORM 203-510] Pipelining loop 'RELU_LOOP' (../member_c_conv_hls/src/lenet_conv.cpp:126) in function 'lenet_full_top' automatically.
INFO: [XFORM 203-510] Pipelining loop 'DENSE_INPUT' (../member_c_conv_hls/src/lenet_conv.cpp:140) in function 'lenet_full_top' automatically.
INFO: [XFORM 203-502] Unrolling all sub-loops inside loop 'OUTPUT_COL' (../member_c_conv_hls/src/lenet_conv.cpp:55) in function 'lenet_full_top' for pipelining.
INFO: [XFORM 203-502] Unrolling all sub-loops inside loop 'POOL_COL' (../member_c_conv_hls/src/lenet_conv.cpp:96) in function 'lenet_full_top' for pipelining.
INFO: [XFORM 203-502] Unrolling all sub-loops inside loop 'INPUT_CHANNEL' (../member_c_conv_hls/src/lenet_conv.cpp:8) in function 'lenet_full_top' for pipelining.
INFO: [XFORM 203-502] Unrolling all sub-loops inside loop 'POOL_COL' (../member_c_conv_hls/src/lenet_conv.cpp:96) in function 'lenet_full_top' for pipelining.
INFO: [XFORM 203-502] Unrolling all sub-loops inside loop 'INPUT_CHANNEL' (../member_c_conv_hls/src/lenet_conv.cpp:8) in function 'lenet_full_top' for pipelining.
INFO: [HLS 200-489] Unrolling loop 'WINDOW_ROW' (../member_c_conv_hls/src/lenet_conv.cpp:18) in function 'lenet_full_top' completely with a factor of 5.
INFO: [HLS 200-489] Unrolling loop 'WINDOW_COL' (../member_c_conv_hls/src/lenet_conv.cpp:18) in function 'lenet_full_top' completely with a factor of 5.
INFO: [HLS 200-489] Unrolling loop 'MAC_LOOP' (../member_c_conv_hls/src/lenet_conv.cpp:31) in function 'lenet_full_top' completely with a factor of 25.
INFO: [HLS 200-489] Unrolling loop 'POOL_KERNEL_ROW' (../member_c_conv_hls/src/lenet_conv.cpp:96) in function 'lenet_full_top' completely with a factor of 2.
INFO: [HLS 200-489] Unrolling loop 'POOL_KERNEL_COL' (../member_c_conv_hls/src/lenet_conv.cpp:96) in function 'lenet_full_top' completely with a factor of 2.
INFO: [XFORM 203-102] Partitioning array 'window' (../member_c_conv_hls/src/lenet_conv.cpp:61) automatically.
INFO: [XFORM 203-102] Partitioning array 'window.3' (../member_c_conv_hls/src/lenet_conv.cpp:61) automatically.
INFO: [XFORM 203-102] Partitioning array 'window.4' (../member_c_conv_hls/src/lenet_conv.cpp:61) automatically.
INFO: [HLS 200-111] Finished Loop, function and other optimizations: CPU user time: 1 seconds. CPU system time: 0 seconds. Elapsed time: 1.654 seconds; current allocated memory: 718.586 MB.
INFO: [XFORM 203-541] Flattening a loop nest 'OUTPUT_ROW' (../member_c_conv_hls/src/lenet_conv.cpp:53:18) in function 'lenet_full_top'.
WARNING: [HLS 200-960] Cannot flatten loop 'OUTPUT_CHANNEL' (../member_c_conv_hls/src/lenet_conv.cpp:51:14) in function 'lenet_full_top' the outer loop is not a perfect loop.
INFO: [XFORM 203-541] Flattening a loop nest 'POOL_ROW' (../member_c_conv_hls/src/lenet_conv.cpp:93:18) in function 'lenet_full_top'.
INFO: [XFORM 203-541] Flattening a loop nest 'POOL_CHANNEL' (../member_c_conv_hls/src/lenet_conv.cpp:91:14) in function 'lenet_full_top'.
WARNING: [HLS 200-960] Cannot flatten loop 'OUTPUT_COL' (../member_c_conv_hls/src/lenet_conv.cpp:55:22) in function 'lenet_full_top' the outer loop is not a perfect loop.
INFO: [XFORM 203-541] Flattening a loop nest 'OUTPUT_ROW' (../member_c_conv_hls/src/lenet_conv.cpp:53:18) in function 'lenet_full_top'.
WARNING: [HLS 200-960] Cannot flatten loop 'OUTPUT_CHANNEL' (../member_c_conv_hls/src/lenet_conv.cpp:51:14) in function 'lenet_full_top' the outer loop is not a perfect loop.
INFO: [XFORM 203-541] Flattening a loop nest 'POOL_ROW' (../member_c_conv_hls/src/lenet_conv.cpp:93:18) in function 'lenet_full_top'.
INFO: [XFORM 203-541] Flattening a loop nest 'POOL_CHANNEL' (../member_c_conv_hls/src/lenet_conv.cpp:91:14) in function 'lenet_full_top'.
WARNING: [HLS 200-960] Cannot flatten loop 'OUTPUT_CHANNEL' (../member_c_conv_hls/src/lenet_conv.cpp:51:14) in function 'lenet_full_top' the outer loop is not a perfect loop.
WARNING: [HLS 200-960] Cannot flatten loop 'DENSE_OUTPUT' (../member_c_conv_hls/src/lenet_conv.cpp:139:14) in function 'lenet_full_top' the outer loop is not a perfect loop.
WARNING: [HLS 200-960] Cannot flatten loop 'DENSE_OUTPUT' (../member_c_conv_hls/src/lenet_conv.cpp:139:14) in function 'lenet_full_top' the outer loop is not a perfect loop.
INFO: [HLS 200-472] Inferring partial write operation for 'conv1_output' (../member_c_conv_hls/src/lenet_conv.cpp:77:43)
INFO: [HLS 200-472] Inferring partial write operation for 'pool1_output' (../member_c_conv_hls/src/lenet_conv.cpp:115:43)
INFO: [HLS 200-472] Inferring partial write operation for 'conv2_output' (../member_c_conv_hls/src/lenet_conv.cpp:77:43)
INFO: [HLS 200-472] Inferring partial write operation for 'pool2_output' (../member_c_conv_hls/src/lenet_conv.cpp:115:43)
INFO: [HLS 200-472] Inferring partial write operation for 'conv3_output' (../member_c_conv_hls/src/lenet_conv.cpp:77:43)
INFO: [HLS 200-472] Inferring partial write operation for 'conv3_relu' (../member_c_conv_hls/src/lenet_conv.cpp:128:28)
INFO: [HLS 200-472] Inferring partial write operation for 'fc1_output' (../member_c_conv_hls/src/lenet_conv.cpp:148:35)
INFO: [HLS 200-472] Inferring partial write operation for 'fc1_relu' (../member_c_conv_hls/src/lenet_conv.cpp:128:28)
INFO: [HLS 200-111] Finished Architecture Synthesis: CPU user time: 2 seconds. CPU system time: 0 seconds. Elapsed time: 2.364 seconds; current allocated memory: 796.266 MB.
INFO: [HLS 200-10] Starting hardware synthesis ...
INFO: [HLS 200-10] Synthesizing 'lenet_full_top' ...
INFO: [HLS 200-10] ----------------------------------------------------------------
INFO: [HLS 200-42] -- Implementing module 'lenet_full_top_Pipeline_OUTPUT_ROW_OUTPUT_COL' 
INFO: [HLS 200-10] ----------------------------------------------------------------
INFO: [SCHED 204-11] Starting scheduling ...
INFO: [HLS 200-1457] Automatically inferring inferring RAM_1WNR storage type for array 'conv1_output'. Use bind_storage pragma to override this type.
INFO: [SCHED 204-61] Pipelining loop 'OUTPUT_ROW_OUTPUT_COL'.
WARNING: [HLS 200-880] The II Violation in module 'lenet_full_top_Pipeline_OUTPUT_ROW_OUTPUT_COL' (loop 'OUTPUT_ROW_OUTPUT_COL'): Unable to enforce a carried dependence constraint (II = 1, distance = 1, offset = 1) between bus read operation ('gmem0_addr_read_4', ../member_c_conv_hls/src/lenet_conv.cpp:23) on port 'gmem0' (../member_c_conv_hls/src/lenet_conv.cpp:23) and bus read operation ('gmem0_addr_read', ../member_c_conv_hls/src/lenet_conv.cpp:23) on port 'gmem0' (../member_c_conv_hls/src/lenet_conv.cpp:23).
WARNING: [HLS 200-880] The II Violation in module 'lenet_full_top_Pipeline_OUTPUT_ROW_OUTPUT_COL' (loop 'OUTPUT_ROW_OUTPUT_COL'): Unable to enforce a carried dependence constraint (II = 2, distance = 1, offset = 1) between bus read operation ('gmem0_addr_read_4', ../member_c_conv_hls/src/lenet_conv.cpp:23) on port 'gmem0' (../member_c_conv_hls/src/lenet_conv.cpp:23) and bus read operation ('gmem0_addr_read', ../member_c_conv_hls/src/lenet_conv.cpp:23) on port 'gmem0' (../member_c_conv_hls/src/lenet_conv.cpp:23).
WARNING: [HLS 200-880] The II Violation in module 'lenet_full_top_Pipeline_OUTPUT_ROW_OUTPUT_COL' (loop 'OUTPUT_ROW_OUTPUT_COL'): Unable to enforce a carried dependence constraint (II = 3, distance = 1, offset = 1) between bus read operation ('gmem0_addr_read_4', ../member_c_conv_hls/src/lenet_conv.cpp:23) on port 'gmem0' (../member_c_conv_hls/src/lenet_conv.cpp:23) and bus read operation ('gmem0_addr_read', ../member_c_conv_hls/src/lenet_conv.cpp:23) on port 'gmem0' (../member_c_conv_hls/src/lenet_conv.cpp:23).
WARNING: [HLS 200-880] The II Violation in module 'lenet_full_top_Pipeline_OUTPUT_ROW_OUTPUT_COL' (loop 'OUTPUT_ROW_OUTPUT_COL'): Unable to enforce a carried dependence constraint (II = 4, distance = 1, offset = 1) between bus read operation ('gmem0_addr_read_4', ../member_c_conv_hls/src/lenet_conv.cpp:23) on port 'gmem0' (../member_c_conv_hls/src/lenet_conv.cpp:23) and bus read operation ('gmem0_addr_read', ../member_c_conv_hls/src/lenet_conv.cpp:23) on port 'gmem0' (../member_c_conv_hls/src/lenet_conv.cpp:23).
WARNING: [HLS 200-880] The II Violation in module 'lenet_full_top_Pipeline_OUTPUT_ROW_OUTPUT_COL' (loop 'OUTPUT_ROW_OUTPUT_COL'): Unable to enforce a carried dependence constraint (II = 19, distance = 1, offset = 1) between bus read operation ('gmem1_addr_read_24', ../member_c_conv_hls/src/lenet_conv.cpp:36) on port 'gmem1' (../member_c_conv_hls/src/lenet_conv.cpp:36) and bus read operation ('gmem1_addr_read', ../member_c_conv_hls/src/lenet_conv.cpp:36) on port 'gmem1' (../member_c_conv_hls/src/lenet_conv.cpp:36).
WARNING: [HLS 200-880] The II Violation in module 'lenet_full_top_Pipeline_OUTPUT_ROW_OUTPUT_COL' (loop 'OUTPUT_ROW_OUTPUT_COL'): Unable to enforce a carried dependence constraint (II = 23, distance = 1, offset = 1) between bus read operation ('gmem1_addr_read_24', ../member_c_conv_hls/src/lenet_conv.cpp:36) on port 'gmem1' (../member_c_conv_hls/src/lenet_conv.cpp:36) and bus read operation ('gmem1_addr_read', ../member_c_conv_hls/src/lenet_conv.cpp:36) on port 'gmem1' (../member_c_conv_hls/src/lenet_conv.cpp:36).
WARNING: [HLS 200-880] The II Violation in module 'lenet_full_top_Pipeline_OUTPUT_ROW_OUTPUT_COL' (loop 'OUTPUT_ROW_OUTPUT_COL'): Unable to enforce a carried dependence constraint (II = 24, distance = 1, offset = 1) between bus read operation ('gmem1_addr_read_24', ../member_c_conv_hls/src/lenet_conv.cpp:36) on port 'gmem1' (../member_c_conv_hls/src/lenet_conv.cpp:36) and bus read operation ('gmem1_addr_read', ../member_c_conv_hls/src/lenet_conv.cpp:36) on port 'gmem1' (../member_c_conv_hls/src/lenet_conv.cpp:36).
INFO: [HLS 200-1470] Pipelining result : Target II = NA, Final II = 25, Depth = 143, loop 'OUTPUT_ROW_OUTPUT_COL'
INFO: [SCHED 204-11] Finished scheduling.
INFO: [HLS 200-111] Finished Scheduling: CPU user time: 1 seconds. CPU system time: 0 seconds. Elapsed time: 0.578 seconds; current allocated memory: 804.992 MB.
INFO: [BIND 205-100] Starting micro-architecture generation ...
INFO: [BIND 205-101] Performing variable lifetime analysis.
INFO: [BIND 205-101] Exploring resource sharing.
INFO: [BIND 205-101] Binding ...
INFO: [BIND 205-100] Finished micro-architecture generation.
INFO: [HLS 200-111] Finished Binding: CPU user time: 0 seconds. CPU system time: 0 seconds. Elapsed time: 0.548 seconds; current allocated memory: 806.160 MB.
INFO: [HLS 200-10] ----------------------------------------------------------------
INFO: [HLS 200-42] -- Implementing module 'lenet_full_top_Pipeline_POOL_CHANNEL_POOL_ROW_POOL_COL' 
INFO: [HLS 200-10] ----------------------------------------------------------------
INFO: [SCHED 204-11] Starting scheduling ...
INFO: [HLS 200-1457] Automatically inferring inferring RAM_1WNR storage type for array 'pool1_output'. Use bind_storage pragma to override this type.
INFO: [HLS 200-1457] Automatically inferring inferring RAM_1WNR storage type for array 'conv1_output'. Use bind_storage pragma to override this type.
INFO: [SCHED 204-61] Pipelining loop 'POOL_CHANNEL_POOL_ROW_POOL_COL'.
INFO: [HLS 200-1470] Pipelining result : Target II = NA, Final II = 1, Depth = 12, loop 'POOL_CHANNEL_POOL_ROW_POOL_COL'
INFO: [SCHED 204-11] Finished scheduling.
INFO: [HLS 200-111] Finished Scheduling: CPU user time: 1 seconds. CPU system time: 0 seconds. Elapsed time: 0.406 seconds; current allocated memory: 807.191 MB.
INFO: [BIND 205-100] Starting micro-architecture generation ...
INFO: [BIND 205-101] Performing variable lifetime analysis.
INFO: [BIND 205-101] Exploring resource sharing.
INFO: [BIND 205-101] Binding ...
INFO: [BIND 205-100] Finished micro-architecture generation.
INFO: [HLS 200-111] Finished Binding: CPU user time: 0 seconds. CPU system time: 0 seconds. Elapsed time: 0.158 seconds; current allocated memory: 807.254 MB.
INFO: [HLS 200-10] ----------------------------------------------------------------
INFO: [HLS 200-42] -- Implementing module 'lenet_full_top_Pipeline_INPUT_CHANNEL' 
INFO: [HLS 200-10] ----------------------------------------------------------------
INFO: [SCHED 204-11] Starting scheduling ...
INFO: [HLS 200-1457] Automatically inferring inferring RAM_1WNR storage type for array 'conv2_output'. Use bind_storage pragma to override this type.
INFO: [HLS 200-1457] Automatically inferring inferring RAM_1WNR storage type for array 'pool1_output'. Use bind_storage pragma to override this type.
INFO: [SCHED 204-61] Pipelining loop 'INPUT_CHANNEL'.
WARNING: [HLS 200-880] The II Violation in module 'lenet_full_top_Pipeline_INPUT_CHANNEL' (loop 'INPUT_CHANNEL'): Unable to enforce a carried dependence constraint (II = 1, distance = 1, offset = 1) between 'fadd' operation ('accumulator_assign_10_23', ../member_c_conv_hls/src/lenet_conv.cpp:36) and 'fadd' operation ('accumulator_assign_s', ../member_c_conv_hls/src/lenet_conv.cpp:36).
WARNING: [HLS 200-880] The II Violation in module 'lenet_full_top_Pipeline_INPUT_CHANNEL' (loop 'INPUT_CHANNEL'): Unable to enforce a carried dependence constraint (II = 2, distance = 1, offset = 1) between 'fadd' operation ('accumulator_assign_10_23', ../member_c_conv_hls/src/lenet_conv.cpp:36) and 'fadd' operation ('accumulator_assign_s', ../member_c_conv_hls/src/lenet_conv.cpp:36).
WARNING: [HLS 200-880] The II Violation in module 'lenet_full_top_Pipeline_INPUT_CHANNEL' (loop 'INPUT_CHANNEL'): Unable to enforce a carried dependence constraint (II = 3, distance = 1, offset = 1) between 'fadd' operation ('accumulator_assign_10_23', ../member_c_conv_hls/src/lenet_conv.cpp:36) and 'fadd' operation ('accumulator_assign_s', ../member_c_conv_hls/src/lenet_conv.cpp:36).
WARNING: [HLS 200-880] The II Violation in module 'lenet_full_top_Pipeline_INPUT_CHANNEL' (loop 'INPUT_CHANNEL'): Unable to enforce a carried dependence constraint (II = 4, distance = 1, offset = 1) between 'fadd' operation ('accumulator_assign_10_23', ../member_c_conv_hls/src/lenet_conv.cpp:36) and 'fadd' operation ('accumulator_assign_s', ../member_c_conv_hls/src/lenet_conv.cpp:36).
WARNING: [HLS 200-880] The II Violation in module 'lenet_full_top_Pipeline_INPUT_CHANNEL' (loop 'INPUT_CHANNEL'): Unable to enforce a carried dependence constraint (II = 67, distance = 1, offset = 1) between 'fadd' operation ('accumulator_assign_10_23', ../member_c_conv_hls/src/lenet_conv.cpp:36) and 'fadd' operation ('accumulator_assign_s', ../member_c_conv_hls/src/lenet_conv.cpp:36).
WARNING: [HLS 200-880] The II Violation in module 'lenet_full_top_Pipeline_INPUT_CHANNEL' (loop 'INPUT_CHANNEL'): Unable to enforce a carried dependence constraint (II = 98, distance = 1, offset = 1) between 'fadd' operation ('accumulator_assign_10_23', ../member_c_conv_hls/src/lenet_conv.cpp:36) and 'fadd' operation ('accumulator_assign_s', ../member_c_conv_hls/src/lenet_conv.cpp:36).
WARNING: [HLS 200-880] The II Violation in module 'lenet_full_top_Pipeline_INPUT_CHANNEL' (loop 'INPUT_CHANNEL'): Unable to enforce a carried dependence constraint (II = 114, distance = 1, offset = 1) between 'fadd' operation ('accumulator_assign_10_23', ../member_c_conv_hls/src/lenet_conv.cpp:36) and 'fadd' operation ('accumulator_assign_s', ../member_c_conv_hls/src/lenet_conv.cpp:36).
WARNING: [HLS 200-880] The II Violation in module 'lenet_full_top_Pipeline_INPUT_CHANNEL' (loop 'INPUT_CHANNEL'): Unable to enforce a carried dependence constraint (II = 122, distance = 1, offset = 1) between 'fadd' operation ('accumulator_assign_10_23', ../member_c_conv_hls/src/lenet_conv.cpp:36) and 'fadd' operation ('accumulator_assign_s', ../member_c_conv_hls/src/lenet_conv.cpp:36).
WARNING: [HLS 200-880] The II Violation in module 'lenet_full_top_Pipeline_INPUT_CHANNEL' (loop 'INPUT_CHANNEL'): Unable to enforce a carried dependence constraint (II = 124, distance = 1, offset = 1) between 'fadd' operation ('accumulator_assign_10_23', ../member_c_conv_hls/src/lenet_conv.cpp:36) and 'fadd' operation ('accumulator_assign_s', ../member_c_conv_hls/src/lenet_conv.cpp:36).
INFO: [HLS 200-1470] Pipelining result : Target II = NA, Final II = 125, Depth = 133, loop 'INPUT_CHANNEL'
INFO: [SCHED 204-11] Finished scheduling.
INFO: [HLS 200-111] Finished Scheduling: CPU user time: 1 seconds. CPU system time: 0 seconds. Elapsed time: 0.736 seconds; current allocated memory: 809.348 MB.
INFO: [BIND 205-100] Starting micro-architecture generation ...
INFO: [BIND 205-101] Performing variable lifetime analysis.
INFO: [BIND 205-101] Exploring resource sharing.
INFO: [BIND 205-101] Binding ...
INFO: [BIND 205-100] Finished micro-architecture generation.
INFO: [HLS 200-111] Finished Binding: CPU user time: 0 seconds. CPU system time: 0 seconds. Elapsed time: 0.59 seconds; current allocated memory: 809.926 MB.
INFO: [HLS 200-10] ----------------------------------------------------------------
INFO: [HLS 200-42] -- Implementing module 'lenet_full_top_Pipeline_POOL_CHANNEL_POOL_ROW_POOL_COL1' 
INFO: [HLS 200-10] ----------------------------------------------------------------
INFO: [SCHED 204-11] Starting scheduling ...
INFO: [HLS 200-1457] Automatically inferring inferring RAM_1WNR storage type for array 'pool2_output'. Use bind_storage pragma to override this type.
INFO: [HLS 200-1457] Automatically inferring inferring RAM_1WNR storage type for array 'conv2_output'. Use bind_storage pragma to override this type.
INFO: [SCHED 204-61] Pipelining loop 'POOL_CHANNEL_POOL_ROW_POOL_COL'.
INFO: [HLS 200-1470] Pipelining result : Target II = NA, Final II = 1, Depth = 13, loop 'POOL_CHANNEL_POOL_ROW_POOL_COL'
INFO: [SCHED 204-11] Finished scheduling.
INFO: [HLS 200-111] Finished Scheduling: CPU user time: 1 seconds. CPU system time: 0 seconds. Elapsed time: 0.476 seconds; current allocated memory: 811.754 MB.
INFO: [BIND 205-100] Starting micro-architecture generation ...
INFO: [BIND 205-101] Performing variable lifetime analysis.
INFO: [BIND 205-101] Exploring resource sharing.
INFO: [BIND 205-101] Binding ...
INFO: [BIND 205-100] Finished micro-architecture generation.
INFO: [HLS 200-111] Finished Binding: CPU user time: 0 seconds. CPU system time: 0 seconds. Elapsed time: 0.176 seconds; current allocated memory: 811.875 MB.
INFO: [HLS 200-10] ----------------------------------------------------------------
INFO: [HLS 200-42] -- Implementing module 'lenet_full_top_Pipeline_INPUT_CHANNEL2' 
INFO: [HLS 200-10] ----------------------------------------------------------------
INFO: [SCHED 204-11] Starting scheduling ...
INFO: [HLS 200-1457] Automatically inferring inferring RAM_1WNR storage type for array 'pool2_output'. Use bind_storage pragma to override this type.
INFO: [SCHED 204-61] Pipelining loop 'INPUT_CHANNEL'.
WARNING: [HLS 200-880] The II Violation in module 'lenet_full_top_Pipeline_INPUT_CHANNEL2' (loop 'INPUT_CHANNEL'): Unable to enforce a carried dependence constraint (II = 1, distance = 1, offset = 1) between 'fadd' operation ('accumulator_assign_23', ../member_c_conv_hls/src/lenet_conv.cpp:36) and 'fadd' operation ('accumulator_assign6', ../member_c_conv_hls/src/lenet_conv.cpp:36).
WARNING: [HLS 200-880] The II Violation in module 'lenet_full_top_Pipeline_INPUT_CHANNEL2' (loop 'INPUT_CHANNEL'): Unable to enforce a carried dependence constraint (II = 2, distance = 1, offset = 1) between 'fadd' operation ('accumulator_assign_23', ../member_c_conv_hls/src/lenet_conv.cpp:36) and 'fadd' operation ('accumulator_assign6', ../member_c_conv_hls/src/lenet_conv.cpp:36).
WARNING: [HLS 200-880] The II Violation in module 'lenet_full_top_Pipeline_INPUT_CHANNEL2' (loop 'INPUT_CHANNEL'): Unable to enforce a carried dependence constraint (II = 3, distance = 1, offset = 1) between 'fadd' operation ('accumulator_assign_23', ../member_c_conv_hls/src/lenet_conv.cpp:36) and 'fadd' operation ('accumulator_assign6', ../member_c_conv_hls/src/lenet_conv.cpp:36).
WARNING: [HLS 200-880] The II Violation in module 'lenet_full_top_Pipeline_INPUT_CHANNEL2' (loop 'INPUT_CHANNEL'): Unable to enforce a carried dependence constraint (II = 4, distance = 1, offset = 1) between 'fadd' operation ('accumulator_assign_23', ../member_c_conv_hls/src/lenet_conv.cpp:36) and 'fadd' operation ('accumulator_assign6', ../member_c_conv_hls/src/lenet_conv.cpp:36).
WARNING: [HLS 200-880] The II Violation in module 'lenet_full_top_Pipeline_INPUT_CHANNEL2' (loop 'INPUT_CHANNEL'): Unable to enforce a carried dependence constraint (II = 67, distance = 1, offset = 1) between 'fadd' operation ('accumulator_assign_23', ../member_c_conv_hls/src/lenet_conv.cpp:36) and 'fadd' operation ('accumulator_assign6', ../member_c_conv_hls/src/lenet_conv.cpp:36).
WARNING: [HLS 200-880] The II Violation in module 'lenet_full_top_Pipeline_INPUT_CHANNEL2' (loop 'INPUT_CHANNEL'): Unable to enforce a carried dependence constraint (II = 98, distance = 1, offset = 1) between 'fadd' operation ('accumulator_assign_23', ../member_c_conv_hls/src/lenet_conv.cpp:36) and 'fadd' operation ('accumulator_assign6', ../member_c_conv_hls/src/lenet_conv.cpp:36).
WARNING: [HLS 200-880] The II Violation in module 'lenet_full_top_Pipeline_INPUT_CHANNEL2' (loop 'INPUT_CHANNEL'): Unable to enforce a carried dependence constraint (II = 114, distance = 1, offset = 1) between 'fadd' operation ('accumulator_assign_23', ../member_c_conv_hls/src/lenet_conv.cpp:36) and 'fadd' operation ('accumulator_assign6', ../member_c_conv_hls/src/lenet_conv.cpp:36).
WARNING: [HLS 200-880] The II Violation in module 'lenet_full_top_Pipeline_INPUT_CHANNEL2' (loop 'INPUT_CHANNEL'): Unable to enforce a carried dependence constraint (II = 122, distance = 1, offset = 1) between 'fadd' operation ('accumulator_assign_23', ../member_c_conv_hls/src/lenet_conv.cpp:36) and 'fadd' operation ('accumulator_assign6', ../member_c_conv_hls/src/lenet_conv.cpp:36).
WARNING: [HLS 200-880] The II Violation in module 'lenet_full_top_Pipeline_INPUT_CHANNEL2' (loop 'INPUT_CHANNEL'): Unable to enforce a carried dependence constraint (II = 124, distance = 1, offset = 1) between 'fadd' operation ('accumulator_assign_23', ../member_c_conv_hls/src/lenet_conv.cpp:36) and 'fadd' operation ('accumulator_assign6', ../member_c_conv_hls/src/lenet_conv.cpp:36).
INFO: [HLS 200-1470] Pipelining result : Target II = NA, Final II = 125, Depth = 132, loop 'INPUT_CHANNEL'
INFO: [SCHED 204-11] Finished scheduling.
INFO: [HLS 200-111] Finished Scheduling: CPU user time: 0 seconds. CPU system time: 0 seconds. Elapsed time: 0.729 seconds; current allocated memory: 813.242 MB.
INFO: [BIND 205-100] Starting micro-architecture generation ...
INFO: [BIND 205-101] Performing variable lifetime analysis.
INFO: [BIND 205-101] Exploring resource sharing.
INFO: [BIND 205-101] Binding ...
INFO: [BIND 205-100] Finished micro-architecture generation.
INFO: [HLS 200-111] Finished Binding: CPU user time: 1 seconds. CPU system time: 0 seconds. Elapsed time: 0.609 seconds; current allocated memory: 813.695 MB.
INFO: [HLS 200-10] ----------------------------------------------------------------
INFO: [HLS 200-42] -- Implementing module 'lenet_full_top_Pipeline_RELU_LOOP' 
INFO: [HLS 200-10] ----------------------------------------------------------------
INFO: [SCHED 204-11] Starting scheduling ...
INFO: [SCHED 204-61] Pipelining loop 'RELU_LOOP'.
INFO: [HLS 200-1470] Pipelining result : Target II = NA, Final II = 1, Depth = 5, loop 'RELU_LOOP'
INFO: [SCHED 204-11] Finished scheduling.
INFO: [HLS 200-111] Finished Scheduling: CPU user time: 0 seconds. CPU system time: 0 seconds. Elapsed time: 0.409 seconds; current allocated memory: 814.059 MB.
INFO: [BIND 205-100] Starting micro-architecture generation ...
INFO: [BIND 205-101] Performing variable lifetime analysis.
INFO: [BIND 205-101] Exploring resource sharing.
INFO: [BIND 205-101] Binding ...
INFO: [BIND 205-100] Finished micro-architecture generation.
INFO: [HLS 200-111] Finished Binding: CPU user time: 0 seconds. CPU system time: 0 seconds. Elapsed time: 0.073 seconds; current allocated memory: 814.086 MB.
INFO: [HLS 200-10] ----------------------------------------------------------------
INFO: [HLS 200-42] -- Implementing module 'lenet_full_top_Pipeline_DENSE_INPUT' 
INFO: [HLS 200-10] ----------------------------------------------------------------
INFO: [SCHED 204-11] Starting scheduling ...
INFO: [SCHED 204-61] Pipelining loop 'DENSE_INPUT'.
WARNING: [HLS 200-880] The II Violation in module 'lenet_full_top_Pipeline_DENSE_INPUT' (loop 'DENSE_INPUT'): Unable to enforce a carried dependence constraint (II = 1, distance = 1, offset = 0) between 'store' operation ('accumulator_write_ln144', ../member_c_conv_hls/src/lenet_conv.cpp:144) of variable 'accumulator', ../member_c_conv_hls/src/lenet_conv.cpp:144 on local variable 'accumulator' and 'load' operation ('accumulator_load', ../member_c_conv_hls/src/lenet_conv.cpp:144) on local variable 'accumulator'.
WARNING: [HLS 200-880] The II Violation in module 'lenet_full_top_Pipeline_DENSE_INPUT' (loop 'DENSE_INPUT'): Unable to enforce a carried dependence constraint (II = 2, distance = 1, offset = 0) between 'store' operation ('accumulator_write_ln144', ../member_c_conv_hls/src/lenet_conv.cpp:144) of variable 'accumulator', ../member_c_conv_hls/src/lenet_conv.cpp:144 on local variable 'accumulator' and 'load' operation ('accumulator_load', ../member_c_conv_hls/src/lenet_conv.cpp:144) on local variable 'accumulator'.
WARNING: [HLS 200-880] The II Violation in module 'lenet_full_top_Pipeline_DENSE_INPUT' (loop 'DENSE_INPUT'): Unable to enforce a carried dependence constraint (II = 3, distance = 1, offset = 0) between 'store' operation ('accumulator_write_ln144', ../member_c_conv_hls/src/lenet_conv.cpp:144) of variable 'accumulator', ../member_c_conv_hls/src/lenet_conv.cpp:144 on local variable 'accumulator' and 'load' operation ('accumulator_load', ../member_c_conv_hls/src/lenet_conv.cpp:144) on local variable 'accumulator'.
WARNING: [HLS 200-880] The II Violation in module 'lenet_full_top_Pipeline_DENSE_INPUT' (loop 'DENSE_INPUT'): Unable to enforce a carried dependence constraint (II = 4, distance = 1, offset = 0) between 'store' operation ('accumulator_write_ln144', ../member_c_conv_hls/src/lenet_conv.cpp:144) of variable 'accumulator', ../member_c_conv_hls/src/lenet_conv.cpp:144 on local variable 'accumulator' and 'load' operation ('accumulator_load', ../member_c_conv_hls/src/lenet_conv.cpp:144) on local variable 'accumulator'.
INFO: [HLS 200-1470] Pipelining result : Target II = NA, Final II = 5, Depth = 12, loop 'DENSE_INPUT'
INFO: [SCHED 204-11] Finished scheduling.
INFO: [HLS 200-111] Finished Scheduling: CPU user time: 0 seconds. CPU system time: 0 seconds. Elapsed time: 0.139 seconds; current allocated memory: 814.520 MB.
INFO: [BIND 205-100] Starting micro-architecture generation ...
INFO: [BIND 205-101] Performing variable lifetime analysis.
INFO: [BIND 205-101] Exploring resource sharing.
INFO: [BIND 205-101] Binding ...
INFO: [BIND 205-100] Finished micro-architecture generation.
INFO: [HLS 200-111] Finished Binding: CPU user time: 1 seconds. CPU system time: 0 seconds. Elapsed time: 0.079 seconds; current allocated memory: 814.738 MB.
INFO: [HLS 200-10] ----------------------------------------------------------------
INFO: [HLS 200-42] -- Implementing module 'lenet_full_top_Pipeline_RELU_LOOP3' 
INFO: [HLS 200-10] ----------------------------------------------------------------
INFO: [SCHED 204-11] Starting scheduling ...
INFO: [SCHED 204-61] Pipelining loop 'RELU_LOOP'.
INFO: [HLS 200-1470] Pipelining result : Target II = NA, Final II = 1, Depth = 5, loop 'RELU_LOOP'
INFO: [SCHED 204-11] Finished scheduling.
INFO: [HLS 200-111] Finished Scheduling: CPU user time: 0 seconds. CPU system time: 0 seconds. Elapsed time: 0.096 seconds; current allocated memory: 815.051 MB.
INFO: [BIND 205-100] Starting micro-architecture generation ...
INFO: [BIND 205-101] Performing variable lifetime analysis.
INFO: [BIND 205-101] Exploring resource sharing.
INFO: [BIND 205-101] Binding ...
INFO: [BIND 205-100] Finished micro-architecture generation.
INFO: [HLS 200-111] Finished Binding: CPU user time: 0 seconds. CPU system time: 0 seconds. Elapsed time: 0.06 seconds; current allocated memory: 815.105 MB.
INFO: [HLS 200-10] ----------------------------------------------------------------
INFO: [HLS 200-42] -- Implementing module 'lenet_full_top_Pipeline_DENSE_INPUT4' 
INFO: [HLS 200-10] ----------------------------------------------------------------
INFO: [SCHED 204-11] Starting scheduling ...
INFO: [SCHED 204-61] Pipelining loop 'DENSE_INPUT'.
WARNING: [HLS 200-880] The II Violation in module 'lenet_full_top_Pipeline_DENSE_INPUT4' (loop 'DENSE_INPUT'): Unable to enforce a carried dependence constraint (II = 1, distance = 1, offset = 0) between 'store' operation ('accumulator_write_ln144', ../member_c_conv_hls/src/lenet_conv.cpp:144) of variable 'accumulator', ../member_c_conv_hls/src/lenet_conv.cpp:144 on local variable 'accumulator' and 'load' operation ('accumulator_load', ../member_c_conv_hls/src/lenet_conv.cpp:144) on local variable 'accumulator'.
WARNING: [HLS 200-880] The II Violation in module 'lenet_full_top_Pipeline_DENSE_INPUT4' (loop 'DENSE_INPUT'): Unable to enforce a carried dependence constraint (II = 2, distance = 1, offset = 0) between 'store' operation ('accumulator_write_ln144', ../member_c_conv_hls/src/lenet_conv.cpp:144) of variable 'accumulator', ../member_c_conv_hls/src/lenet_conv.cpp:144 on local variable 'accumulator' and 'load' operation ('accumulator_load', ../member_c_conv_hls/src/lenet_conv.cpp:144) on local variable 'accumulator'.
WARNING: [HLS 200-880] The II Violation in module 'lenet_full_top_Pipeline_DENSE_INPUT4' (loop 'DENSE_INPUT'): Unable to enforce a carried dependence constraint (II = 3, distance = 1, offset = 0) between 'store' operation ('accumulator_write_ln144', ../member_c_conv_hls/src/lenet_conv.cpp:144) of variable 'accumulator', ../member_c_conv_hls/src/lenet_conv.cpp:144 on local variable 'accumulator' and 'load' operation ('accumulator_load', ../member_c_conv_hls/src/lenet_conv.cpp:144) on local variable 'accumulator'.
WARNING: [HLS 200-880] The II Violation in module 'lenet_full_top_Pipeline_DENSE_INPUT4' (loop 'DENSE_INPUT'): Unable to enforce a carried dependence constraint (II = 4, distance = 1, offset = 0) between 'store' operation ('accumulator_write_ln144', ../member_c_conv_hls/src/lenet_conv.cpp:144) of variable 'accumulator', ../member_c_conv_hls/src/lenet_conv.cpp:144 on local variable 'accumulator' and 'load' operation ('accumulator_load', ../member_c_conv_hls/src/lenet_conv.cpp:144) on local variable 'accumulator'.
INFO: [HLS 200-1470] Pipelining result : Target II = NA, Final II = 5, Depth = 12, loop 'DENSE_INPUT'
INFO: [SCHED 204-11] Finished scheduling.
INFO: [HLS 200-111] Finished Scheduling: CPU user time: 0 seconds. CPU system time: 0 seconds. Elapsed time: 0.14 seconds; current allocated memory: 815.355 MB.
INFO: [BIND 205-100] Starting micro-architecture generation ...
INFO: [BIND 205-101] Performing variable lifetime analysis.
INFO: [BIND 205-101] Exploring resource sharing.
INFO: [BIND 205-101] Binding ...
INFO: [BIND 205-100] Finished micro-architecture generation.
INFO: [HLS 200-111] Finished Binding: CPU user time: 0 seconds. CPU system time: 0 seconds. Elapsed time: 0.087 seconds; current allocated memory: 815.402 MB.
INFO: [HLS 200-10] ----------------------------------------------------------------
INFO: [HLS 200-42] -- Implementing module 'lenet_full_top' 
INFO: [HLS 200-10] ----------------------------------------------------------------
INFO: [SCHED 204-11] Starting scheduling ...
INFO: [SCHED 204-11] Finished scheduling.
INFO: [HLS 200-111] Finished Scheduling: CPU user time: 0 seconds. CPU system time: 1 seconds. Elapsed time: 0.179 seconds; current allocated memory: 816.852 MB.
INFO: [BIND 205-100] Starting micro-architecture generation ...
INFO: [BIND 205-101] Performing variable lifetime analysis.
INFO: [BIND 205-101] Exploring resource sharing.
INFO: [BIND 205-101] Binding ...
INFO: [BIND 205-100] Finished micro-architecture generation.
INFO: [HLS 200-111] Finished Binding: CPU user time: 0 seconds. CPU system time: 0 seconds. Elapsed time: 0.408 seconds; current allocated memory: 817.508 MB.
INFO: [HLS 200-10] ----------------------------------------------------------------
INFO: [HLS 200-10] -- Generating RTL for module 'lenet_full_top_Pipeline_OUTPUT_ROW_OUTPUT_COL' 
INFO: [HLS 200-10] ----------------------------------------------------------------
INFO: [HLS 200-1030] Apply Unified Pipeline Control on module 'lenet_full_top_Pipeline_OUTPUT_ROW_OUTPUT_COL' pipeline 'OUTPUT_ROW_OUTPUT_COL' pipeline type 'loop pipeline'
INFO: [RTGEN 206-100] Generating core module 'fadd_32ns_32ns_32_5_full_dsp_1': 1 instance(s).
INFO: [RTGEN 206-100] Generating core module 'fmul_32ns_32ns_32_4_max_dsp_1': 1 instance(s).
INFO: [RTGEN 206-100] Finished creating RTL model for 'lenet_full_top_Pipeline_OUTPUT_ROW_OUTPUT_COL'.
INFO: [HLS 200-111] Finished Creating RTL model: CPU user time: 1 seconds. CPU system time: 0 seconds. Elapsed time: 0.722 seconds; current allocated memory: 822.605 MB.
INFO: [HLS 200-10] ----------------------------------------------------------------
INFO: [HLS 200-10] -- Generating RTL for module 'lenet_full_top_Pipeline_POOL_CHANNEL_POOL_ROW_POOL_COL' 
INFO: [HLS 200-10] ----------------------------------------------------------------
INFO: [HLS 200-1030] Apply Unified Pipeline Control on module 'lenet_full_top_Pipeline_POOL_CHANNEL_POOL_ROW_POOL_COL' pipeline 'POOL_CHANNEL_POOL_ROW_POOL_COL' pipeline type 'loop pipeline'
INFO: [RTGEN 206-100] Generating core module 'fcmp_32ns_32ns_1_2_no_dsp_1': 4 instance(s).
INFO: [RTGEN 206-100] Finished creating RTL model for 'lenet_full_top_Pipeline_POOL_CHANNEL_POOL_ROW_POOL_COL'.
INFO: [HLS 200-111] Finished Creating RTL model: CPU user time: 1 seconds. CPU system time: 0 seconds. Elapsed time: 0.682 seconds; current allocated memory: 828.637 MB.
INFO: [HLS 200-10] ----------------------------------------------------------------
INFO: [HLS 200-10] -- Generating RTL for module 'lenet_full_top_Pipeline_INPUT_CHANNEL' 
INFO: [HLS 200-10] ----------------------------------------------------------------
INFO: [HLS 200-1030] Apply Unified Pipeline Control on module 'lenet_full_top_Pipeline_INPUT_CHANNEL' pipeline 'INPUT_CHANNEL' pipeline type 'loop pipeline'
WARNING: [RTGEN 206-101] Setting dangling out port 'lenet_full_top_Pipeline_INPUT_CHANNEL/m_axi_gmem1_ARVALID' to 0.
WARNING: [RTGEN 206-101] Setting dangling out port 'lenet_full_top_Pipeline_INPUT_CHANNEL/m_axi_gmem1_ARADDR' to 0.
WARNING: [RTGEN 206-101] Setting dangling out port 'lenet_full_top_Pipeline_INPUT_CHANNEL/m_axi_gmem1_ARID' to 0.
WARNING: [RTGEN 206-101] Setting dangling out port 'lenet_full_top_Pipeline_INPUT_CHANNEL/m_axi_gmem1_ARLEN' to 0.
WARNING: [RTGEN 206-101] Setting dangling out port 'lenet_full_top_Pipeline_INPUT_CHANNEL/m_axi_gmem1_ARSIZE' to 0.
WARNING: [RTGEN 206-101] Setting dangling out port 'lenet_full_top_Pipeline_INPUT_CHANNEL/m_axi_gmem1_ARBURST' to 0.
WARNING: [RTGEN 206-101] Setting dangling out port 'lenet_full_top_Pipeline_INPUT_CHANNEL/m_axi_gmem1_ARLOCK' to 0.
WARNING: [RTGEN 206-101] Setting dangling out port 'lenet_full_top_Pipeline_INPUT_CHANNEL/m_axi_gmem1_ARCACHE' to 0.
WARNING: [RTGEN 206-101] Setting dangling out port 'lenet_full_top_Pipeline_INPUT_CHANNEL/m_axi_gmem1_ARPROT' to 0.
WARNING: [RTGEN 206-101] Setting dangling out port 'lenet_full_top_Pipeline_INPUT_CHANNEL/m_axi_gmem1_ARQOS' to 0.
WARNING: [RTGEN 206-101] Setting dangling out port 'lenet_full_top_Pipeline_INPUT_CHANNEL/m_axi_gmem1_ARREGION' to 0.
WARNING: [RTGEN 206-101] Setting dangling out port 'lenet_full_top_Pipeline_INPUT_CHANNEL/m_axi_gmem1_ARUSER' to 0.
INFO: [RTGEN 206-100] Generating core module 'fadd_32ns_32ns_32_5_full_dsp_1': 1 instance(s).
INFO: [RTGEN 206-100] Generating core module 'fmul_32ns_32ns_32_4_max_dsp_1': 1 instance(s).
INFO: [RTGEN 206-100] Finished creating RTL model for 'lenet_full_top_Pipeline_INPUT_CHANNEL'.
INFO: [HLS 200-111] Finished Creating RTL model: CPU user time: 0 seconds. CPU system time: 0 seconds. Elapsed time: 0.819 seconds; current allocated memory: 837.500 MB.
INFO: [HLS 200-10] ----------------------------------------------------------------
INFO: [HLS 200-10] -- Generating RTL for module 'lenet_full_top_Pipeline_POOL_CHANNEL_POOL_ROW_POOL_COL1' 
INFO: [HLS 200-10] ----------------------------------------------------------------
INFO: [HLS 200-1030] Apply Unified Pipeline Control on module 'lenet_full_top_Pipeline_POOL_CHANNEL_POOL_ROW_POOL_COL1' pipeline 'POOL_CHANNEL_POOL_ROW_POOL_COL' pipeline type 'loop pipeline'
INFO: [RTGEN 206-100] Generating core module 'fcmp_32ns_32ns_1_2_no_dsp_1': 4 instance(s).
INFO: [RTGEN 206-100] Finished creating RTL model for 'lenet_full_top_Pipeline_POOL_CHANNEL_POOL_ROW_POOL_COL1'.
INFO: [HLS 200-111] Finished Creating RTL model: CPU user time: 1 seconds. CPU system time: 0 seconds. Elapsed time: 0.67 seconds; current allocated memory: 842.398 MB.
INFO: [HLS 200-10] ----------------------------------------------------------------
INFO: [HLS 200-10] -- Generating RTL for module 'lenet_full_top_Pipeline_INPUT_CHANNEL2' 
INFO: [HLS 200-10] ----------------------------------------------------------------
INFO: [HLS 200-1030] Apply Unified Pipeline Control on module 'lenet_full_top_Pipeline_INPUT_CHANNEL2' pipeline 'INPUT_CHANNEL' pipeline type 'loop pipeline'
WARNING: [RTGEN 206-101] Setting dangling out port 'lenet_full_top_Pipeline_INPUT_CHANNEL2/m_axi_gmem1_ARVALID' to 0.
WARNING: [RTGEN 206-101] Setting dangling out port 'lenet_full_top_Pipeline_INPUT_CHANNEL2/m_axi_gmem1_ARADDR' to 0.
WARNING: [RTGEN 206-101] Setting dangling out port 'lenet_full_top_Pipeline_INPUT_CHANNEL2/m_axi_gmem1_ARID' to 0.
WARNING: [RTGEN 206-101] Setting dangling out port 'lenet_full_top_Pipeline_INPUT_CHANNEL2/m_axi_gmem1_ARLEN' to 0.
WARNING: [RTGEN 206-101] Setting dangling out port 'lenet_full_top_Pipeline_INPUT_CHANNEL2/m_axi_gmem1_ARSIZE' to 0.
WARNING: [RTGEN 206-101] Setting dangling out port 'lenet_full_top_Pipeline_INPUT_CHANNEL2/m_axi_gmem1_ARBURST' to 0.
WARNING: [RTGEN 206-101] Setting dangling out port 'lenet_full_top_Pipeline_INPUT_CHANNEL2/m_axi_gmem1_ARLOCK' to 0.
WARNING: [RTGEN 206-101] Setting dangling out port 'lenet_full_top_Pipeline_INPUT_CHANNEL2/m_axi_gmem1_ARCACHE' to 0.
WARNING: [RTGEN 206-101] Setting dangling out port 'lenet_full_top_Pipeline_INPUT_CHANNEL2/m_axi_gmem1_ARPROT' to 0.
WARNING: [RTGEN 206-101] Setting dangling out port 'lenet_full_top_Pipeline_INPUT_CHANNEL2/m_axi_gmem1_ARQOS' to 0.
WARNING: [RTGEN 206-101] Setting dangling out port 'lenet_full_top_Pipeline_INPUT_CHANNEL2/m_axi_gmem1_ARREGION' to 0.
WARNING: [RTGEN 206-101] Setting dangling out port 'lenet_full_top_Pipeline_INPUT_CHANNEL2/m_axi_gmem1_ARUSER' to 0.
INFO: [RTGEN 206-100] Generating core module 'fadd_32ns_32ns_32_5_full_dsp_1': 1 instance(s).
INFO: [RTGEN 206-100] Generating core module 'fmul_32ns_32ns_32_4_max_dsp_1': 1 instance(s).
INFO: [RTGEN 206-100] Finished creating RTL model for 'lenet_full_top_Pipeline_INPUT_CHANNEL2'.
INFO: [HLS 200-111] Finished Creating RTL model: CPU user time: 0 seconds. CPU system time: 0 seconds. Elapsed time: 0.757 seconds; current allocated memory: 850.543 MB.
INFO: [HLS 200-10] ----------------------------------------------------------------
INFO: [HLS 200-10] -- Generating RTL for module 'lenet_full_top_Pipeline_RELU_LOOP' 
INFO: [HLS 200-10] ----------------------------------------------------------------
INFO: [HLS 200-1030] Apply Unified Pipeline Control on module 'lenet_full_top_Pipeline_RELU_LOOP' pipeline 'RELU_LOOP' pipeline type 'loop pipeline'
INFO: [RTGEN 206-100] Generating core module 'fcmp_32ns_32ns_1_2_no_dsp_1': 1 instance(s).
INFO: [RTGEN 206-100] Finished creating RTL model for 'lenet_full_top_Pipeline_RELU_LOOP'.
INFO: [HLS 200-111] Finished Creating RTL model: CPU user time: 1 seconds. CPU system time: 0 seconds. Elapsed time: 0.611 seconds; current allocated memory: 855.117 MB.
INFO: [HLS 200-10] ----------------------------------------------------------------
INFO: [HLS 200-10] -- Generating RTL for module 'lenet_full_top_Pipeline_DENSE_INPUT' 
INFO: [HLS 200-10] ----------------------------------------------------------------
INFO: [HLS 200-1030] Apply Unified Pipeline Control on module 'lenet_full_top_Pipeline_DENSE_INPUT' pipeline 'DENSE_INPUT' pipeline type 'loop pipeline'
WARNING: [RTGEN 206-101] Setting dangling out port 'lenet_full_top_Pipeline_DENSE_INPUT/m_axi_gmem1_ARVALID' to 0.
WARNING: [RTGEN 206-101] Setting dangling out port 'lenet_full_top_Pipeline_DENSE_INPUT/m_axi_gmem1_ARADDR' to 0.
WARNING: [RTGEN 206-101] Setting dangling out port 'lenet_full_top_Pipeline_DENSE_INPUT/m_axi_gmem1_ARID' to 0.
WARNING: [RTGEN 206-101] Setting dangling out port 'lenet_full_top_Pipeline_DENSE_INPUT/m_axi_gmem1_ARLEN' to 0.
WARNING: [RTGEN 206-101] Setting dangling out port 'lenet_full_top_Pipeline_DENSE_INPUT/m_axi_gmem1_ARSIZE' to 0.
WARNING: [RTGEN 206-101] Setting dangling out port 'lenet_full_top_Pipeline_DENSE_INPUT/m_axi_gmem1_ARBURST' to 0.
WARNING: [RTGEN 206-101] Setting dangling out port 'lenet_full_top_Pipeline_DENSE_INPUT/m_axi_gmem1_ARLOCK' to 0.
WARNING: [RTGEN 206-101] Setting dangling out port 'lenet_full_top_Pipeline_DENSE_INPUT/m_axi_gmem1_ARCACHE' to 0.
WARNING: [RTGEN 206-101] Setting dangling out port 'lenet_full_top_Pipeline_DENSE_INPUT/m_axi_gmem1_ARPROT' to 0.
WARNING: [RTGEN 206-101] Setting dangling out port 'lenet_full_top_Pipeline_DENSE_INPUT/m_axi_gmem1_ARQOS' to 0.
WARNING: [RTGEN 206-101] Setting dangling out port 'lenet_full_top_Pipeline_DENSE_INPUT/m_axi_gmem1_ARREGION' to 0.
WARNING: [RTGEN 206-101] Setting dangling out port 'lenet_full_top_Pipeline_DENSE_INPUT/m_axi_gmem1_ARUSER' to 0.
INFO: [RTGEN 206-100] Generating core module 'fadd_32ns_32ns_32_5_full_dsp_1': 1 instance(s).
INFO: [RTGEN 206-100] Generating core module 'fmul_32ns_32ns_32_4_max_dsp_1': 1 instance(s).
INFO: [RTGEN 206-100] Finished creating RTL model for 'lenet_full_top_Pipeline_DENSE_INPUT'.
INFO: [HLS 200-111] Finished Creating RTL model: CPU user time: 0 seconds. CPU system time: 0 seconds. Elapsed time: 0.26 seconds; current allocated memory: 855.578 MB.
INFO: [HLS 200-10] ----------------------------------------------------------------
INFO: [HLS 200-10] -- Generating RTL for module 'lenet_full_top_Pipeline_RELU_LOOP3' 
INFO: [HLS 200-10] ----------------------------------------------------------------
INFO: [HLS 200-1030] Apply Unified Pipeline Control on module 'lenet_full_top_Pipeline_RELU_LOOP3' pipeline 'RELU_LOOP' pipeline type 'loop pipeline'
INFO: [RTGEN 206-100] Generating core module 'fcmp_32ns_32ns_1_2_no_dsp_1': 1 instance(s).
INFO: [RTGEN 206-100] Finished creating RTL model for 'lenet_full_top_Pipeline_RELU_LOOP3'.
INFO: [HLS 200-111] Finished Creating RTL model: CPU user time: 0 seconds. CPU system time: 0 seconds. Elapsed time: 0.146 seconds; current allocated memory: 857.188 MB.
INFO: [HLS 200-10] ----------------------------------------------------------------
INFO: [HLS 200-10] -- Generating RTL for module 'lenet_full_top_Pipeline_DENSE_INPUT4' 
INFO: [HLS 200-10] ----------------------------------------------------------------
INFO: [HLS 200-1030] Apply Unified Pipeline Control on module 'lenet_full_top_Pipeline_DENSE_INPUT4' pipeline 'DENSE_INPUT' pipeline type 'loop pipeline'
WARNING: [RTGEN 206-101] Setting dangling out port 'lenet_full_top_Pipeline_DENSE_INPUT4/m_axi_gmem3_AWVALID' to 0.
WARNING: [RTGEN 206-101] Setting dangling out port 'lenet_full_top_Pipeline_DENSE_INPUT4/m_axi_gmem3_AWADDR' to 0.
WARNING: [RTGEN 206-101] Setting dangling out port 'lenet_full_top_Pipeline_DENSE_INPUT4/m_axi_gmem3_AWID' to 0.
WARNING: [RTGEN 206-101] Setting dangling out port 'lenet_full_top_Pipeline_DENSE_INPUT4/m_axi_gmem3_AWLEN' to 0.
WARNING: [RTGEN 206-101] Setting dangling out port 'lenet_full_top_Pipeline_DENSE_INPUT4/m_axi_gmem3_AWSIZE' to 0.
WARNING: [RTGEN 206-101] Setting dangling out port 'lenet_full_top_Pipeline_DENSE_INPUT4/m_axi_gmem3_AWBURST' to 0.
WARNING: [RTGEN 206-101] Setting dangling out port 'lenet_full_top_Pipeline_DENSE_INPUT4/m_axi_gmem3_AWLOCK' to 0.
WARNING: [RTGEN 206-101] Setting dangling out port 'lenet_full_top_Pipeline_DENSE_INPUT4/m_axi_gmem3_AWCACHE' to 0.
WARNING: [RTGEN 206-101] Setting dangling out port 'lenet_full_top_Pipeline_DENSE_INPUT4/m_axi_gmem3_AWPROT' to 0.
WARNING: [RTGEN 206-101] Setting dangling out port 'lenet_full_top_Pipeline_DENSE_INPUT4/m_axi_gmem3_AWQOS' to 0.
WARNING: [RTGEN 206-101] Setting dangling out port 'lenet_full_top_Pipeline_DENSE_INPUT4/m_axi_gmem3_AWREGION' to 0.
WARNING: [RTGEN 206-101] Setting dangling out port 'lenet_full_top_Pipeline_DENSE_INPUT4/m_axi_gmem3_AWUSER' to 0.
WARNING: [RTGEN 206-101] Setting dangling out port 'lenet_full_top_Pipeline_DENSE_INPUT4/m_axi_gmem3_BREADY' to 0.
WARNING: [RTGEN 206-101] Setting dangling out port 'lenet_full_top_Pipeline_DENSE_INPUT4/m_axi_gmem1_ARVALID' to 0.
WARNING: [RTGEN 206-101] Setting dangling out port 'lenet_full_top_Pipeline_DENSE_INPUT4/m_axi_gmem1_ARADDR' to 0.
WARNING: [RTGEN 206-101] Setting dangling out port 'lenet_full_top_Pipeline_DENSE_INPUT4/m_axi_gmem1_ARID' to 0.
WARNING: [RTGEN 206-101] Setting dangling out port 'lenet_full_top_Pipeline_DENSE_INPUT4/m_axi_gmem1_ARLEN' to 0.
WARNING: [RTGEN 206-101] Setting dangling out port 'lenet_full_top_Pipeline_DENSE_INPUT4/m_axi_gmem1_ARSIZE' to 0.
WARNING: [RTGEN 206-101] Setting dangling out port 'lenet_full_top_Pipeline_DENSE_INPUT4/m_axi_gmem1_ARBURST' to 0.
WARNING: [RTGEN 206-101] Setting dangling out port 'lenet_full_top_Pipeline_DENSE_INPUT4/m_axi_gmem1_ARLOCK' to 0.
WARNING: [RTGEN 206-101] Setting dangling out port 'lenet_full_top_Pipeline_DENSE_INPUT4/m_axi_gmem1_ARCACHE' to 0.
WARNING: [RTGEN 206-101] Setting dangling out port 'lenet_full_top_Pipeline_DENSE_INPUT4/m_axi_gmem1_ARPROT' to 0.
WARNING: [RTGEN 206-101] Setting dangling out port 'lenet_full_top_Pipeline_DENSE_INPUT4/m_axi_gmem1_ARQOS' to 0.
WARNING: [RTGEN 206-101] Setting dangling out port 'lenet_full_top_Pipeline_DENSE_INPUT4/m_axi_gmem1_ARREGION' to 0.
WARNING: [RTGEN 206-101] Setting dangling out port 'lenet_full_top_Pipeline_DENSE_INPUT4/m_axi_gmem1_ARUSER' to 0.
INFO: [RTGEN 206-100] Generating core module 'fadd_32ns_32ns_32_5_full_dsp_1': 1 instance(s).
INFO: [RTGEN 206-100] Generating core module 'fmul_32ns_32ns_32_4_max_dsp_1': 1 instance(s).
INFO: [RTGEN 206-100] Finished creating RTL model for 'lenet_full_top_Pipeline_DENSE_INPUT4'.
INFO: [HLS 200-111] Finished Creating RTL model: CPU user time: 0 seconds. CPU system time: 0 seconds. Elapsed time: 0.403 seconds; current allocated memory: 858.449 MB.
INFO: [HLS 200-10] ----------------------------------------------------------------
INFO: [HLS 200-10] -- Generating RTL for module 'lenet_full_top' 
INFO: [HLS 200-10] ----------------------------------------------------------------
WARNING: [RTGEN 206-101] Design contains AXI ports. Reset is fixed to synchronous and active low.
INFO: [RTGEN 206-500] Setting interface mode on port 'lenet_full_top/gmem0' to 'm_axi'.
INFO: [RTGEN 206-500] Setting interface mode on port 'lenet_full_top/gmem1' to 'm_axi'.
INFO: [RTGEN 206-500] Setting interface mode on port 'lenet_full_top/gmem2' to 'm_axi'.
INFO: [RTGEN 206-500] Setting interface mode on port 'lenet_full_top/gmem3' to 'm_axi'.
INFO: [RTGEN 206-500] Setting interface mode on port 'lenet_full_top/feature_in' to 's_axilite & ap_none'.
INFO: [RTGEN 206-500] Setting interface mode on port 'lenet_full_top/weight' to 's_axilite & ap_none'.
INFO: [RTGEN 206-500] Setting interface mode on port 'lenet_full_top/bias' to 's_axilite & ap_none'.
INFO: [RTGEN 206-500] Setting interface mode on port 'lenet_full_top/feature_out' to 's_axilite & ap_none'.
INFO: [RTGEN 206-500] Setting interface mode on function 'lenet_full_top' to 's_axilite & ap_ctrl_hs'.
INFO: [RTGEN 206-100] Bundling port 'feature_in', 'weight', 'bias', 'feature_out' and 'return' to AXI-Lite port control.
INFO: [RTGEN 206-100] Generating core module 'fadd_32ns_32ns_32_5_full_dsp_1': 1 instance(s).
INFO: [RTGEN 206-100] Generating core module 'fcmp_32ns_32ns_1_2_no_dsp_1': 4 instance(s).
INFO: [RTGEN 206-100] Generating core module 'fmul_32ns_32ns_32_4_max_dsp_1': 1 instance(s).
INFO: [RTGEN 206-100] Finished creating RTL model for 'lenet_full_top'.
INFO: [RTMG 210-278] Implementing memory 'lenet_full_top_conv1_output_RAM_1WNR_AUTO_1R1W' using auto RAMs.
INFO: [RTMG 210-278] Implementing memory 'lenet_full_top_pool1_output_RAM_1WNR_AUTO_1R1W' using auto RAMs.
INFO: [RTMG 210-278] Implementing memory 'lenet_full_top_conv2_output_RAM_1WNR_AUTO_1R1W' using auto RAMs.
INFO: [RTMG 210-278] Implementing memory 'lenet_full_top_pool2_output_RAM_1WNR_AUTO_1R1W' using auto RAMs.
INFO: [RTMG 210-278] Implementing memory 'lenet_full_top_conv3_output_RAM_AUTO_1R1W' using auto RAMs.
INFO: [RTMG 210-278] Implementing memory 'lenet_full_top_fc1_output_RAM_AUTO_1R1W' using auto RAMs.
INFO: [HLS 200-111] Finished Creating RTL model: CPU user time: 0 seconds. CPU system time: 0 seconds. Elapsed time: 0.414 seconds; current allocated memory: 865.254 MB.
INFO: [HLS 200-111] Finished Generating all RTL models: CPU user time: 1 seconds. CPU system time: 1 seconds. Elapsed time: 1.796 seconds; current allocated memory: 873.164 MB.
INFO: [HLS 200-1603] Design has inferred MAXI bursts and missed bursts, see Vitis HLS GUI synthesis summary report for detailed information.
INFO: [HLS 200-111] Finished Updating report files: CPU user time: 2 seconds. CPU system time: 0 seconds. Elapsed time: 1.601 seconds; current allocated memory: 885.168 MB.
INFO: [VHDL 208-304] Generating VHDL RTL for lenet_full_top.
INFO: [VLOG 209-307] Generating Verilog RTL for lenet_full_top.
INFO: [HLS 200-790] **** Loop Constraint Status: All loop constraints were NOT satisfied.
INFO: [HLS 200-789] **** Estimated Fmax: 120.77 MHz
INFO: [HLS 200-111] Finished Command csynth_design CPU user time: 29 seconds. CPU system time: 2 seconds. Elapsed time: 37.734 seconds; current allocated memory: 208.508 MB.
INFO: [HLS 200-112] Total CPU user time: 31 seconds. Total CPU system time: 3 seconds. Total elapsed time: 50.406 seconds; peak allocated memory: 885.570 MB.
==============================================================
Vitis HLS - High-Level Synthesis from C, C++ and OpenCL v2022.2 (64-bit)
Tool Version Limit: 2019.12
Copyright 1986-2022 Xilinx, Inc. All Rights Reserved.
==============================================================
INFO: [SYN 201-201] Setting up clock 'default' with a period of 10ns.
INFO: [HLS 200-1611] Setting target device to 'xc7z020-clg400-1'
INFO: [HLS 200-1505] Using flow_target 'vivado'
INFO: [HLS 200-1464] Running solution command: config_export -description {LeNet-5 full network accelerator for Zynq-7020}
INFO: [HLS 200-1464] Running solution command: config_export -display_name {LeNet Full Accelerator}
INFO: [HLS 200-1464] Running solution command: config_export -library=hls
INFO: [HLS 200-1464] Running solution command: config_export -output=D:/lenet_project/hls/lenet_full_hls/solution1/impl/ip
INFO: [HLS 200-1464] Running solution command: config_export -vendor=user.org
INFO: [HLS 200-1464] Running solution command: config_export -version=1.0
INFO: [HLS 200-1510] Running: set_part xc7z020clg400-1 
INFO: [HLS 200-1510] Running: create_clock -period 10 -name default 
INFO: [SYN 201-201] Setting up clock 'default' with a period of 10ns.
INFO: [HLS 200-1510] Running: config_export -description LeNet-5 full network accelerator for Zynq-7020 -display_name LeNet Full Accelerator -library hls -output D:/lenet_project/hls/lenet_full_hls/solution1/impl/ip -vendor user.org -version 1.0 
INFO: [HLS 200-1510] Running: export_design -rtl verilog -format ip_catalog -output D:/lenet_project/hls/lenet_full_hls/solution1/impl/ip 
INFO: [IMPL 213-8] Exporting RTL as a Vivado IP.
INFO: [HLS 200-802] Generated output file lenet_full_hls/solution1/impl/ip/export.zip
INFO: [HLS 200-111] Finished Command export_design CPU user time: 1 seconds. CPU system time: 0 seconds. Elapsed time: 21.044 seconds; current allocated memory: 12.941 MB.
INFO: [HLS 200-112] Total CPU user time: 3 seconds. Total CPU system time: 1 seconds. Total elapsed time: 33.828 seconds; peak allocated memory: 689.715 MB.
