

================================================================
== Synthesis Summary Report of 'lenet_conv2_top'
================================================================
+ General Information: 
    * Date:           Wed Sep  9 15:40:19 2026
    * Version:        2022.2 (Build 3670227 on Oct 13 2022)
    * Project:        conv2_hls
    * Solution:       solution1 (Vivado IP Flow Target)
    * Product family: zynq
    * Target device:  xc7z020-clg400-1
    

+ Performance & Resource Estimates: 
    
    PS: '+' for module; 'o' for loop; '*' for dataflow
    +-----------------------------------------------------+--------+-------+---------+-----------+----------+---------+------+----------+------+--------+-------------+-------------+-----+
    |                       Modules                       |  Issue |       | Latency |  Latency  | Iteration|         | Trip |          |      |        |             |             |     |
    |                       & Loops                       |  Type  | Slack | (cycles)|    (ns)   |  Latency | Interval| Count| Pipelined| BRAM |   DSP  |      FF     |     LUT     | URAM|
    +-----------------------------------------------------+--------+-------+---------+-----------+----------+---------+------+----------+------+--------+-------------+-------------+-----+
    |+ lenet_conv2_top                                    |  Timing|  -2.90|   283203|  2.890e+06|         -|   283204|     -|        no|     -|  7 (3%)|  12511 (11%)|  15476 (29%)|    -|
    | + p_anonymous_namespace_conv5x5_valid_6_14_14_16_s  |  Timing|  -2.90|   283202|  2.890e+06|         -|   283202|     -|        no|     -|  7 (3%)|    9636 (9%)|  10109 (19%)|    -|
    |  o OUTPUT_CHANNEL_BLOCK_OUTPUT_ROW_OUTPUT_COL       |       -|   7.30|   283201|  2.890e+06|       354|        -|   800|        no|     -|       -|            -|            -|    -|
    +-----------------------------------------------------+--------+-------+---------+-----------+----------+---------+------+----------+------+--------+-------------+-------------+-----+


================================================================
== HW Interfaces
================================================================
* M_AXI
+-------------+------------+---------------+---------+--------+----------+-----------+--------------+--------------+-------------+-------------+
| Interface   | Data Width | Address Width | Latency | Offset | Register | Max Widen | Max Read     | Max Write    | Num Read    | Num Write   |
|             | (SW->HW)   |               |         |        |          | Bitwidth  | Burst Length | Burst Length | Outstanding | Outstanding |
+-------------+------------+---------------+---------+--------+----------+-----------+--------------+--------------+-------------+-------------+
| m_axi_gmem0 | 32 -> 32   | 64            | 0       | direct | 0        | 0         | 16           | 16           | 16          | 16          |
| m_axi_gmem1 | 32 -> 32   | 64            | 0       | direct | 0        | 0         | 16           | 16           | 16          | 16          |
| m_axi_gmem2 | 32 -> 32   | 64            | 0       | direct | 0        | 0         | 16           | 16           | 16          | 16          |
| m_axi_gmem3 | 32 -> 32   | 64            | 0       | direct | 0        | 0         | 16           | 16           | 16          | 16          |
+-------------+------------+---------------+---------+--------+----------+-----------+--------------+--------------+-------------+-------------+

* Other Ports
+-------------+---------+----------+
| Interface   | Mode    | Bitwidth |
+-------------+---------+----------+
| bias        | ap_none | 64       |
| feature_in  | ap_none | 64       |
| feature_out | ap_none | 64       |
| weight      | ap_none | 64       |
+-------------+---------+----------+

* TOP LEVEL CONTROL
+-----------+------------+-----------------------------------+
| Interface | Type       | Ports                             |
+-----------+------------+-----------------------------------+
| ap_clk    | clock      | ap_clk                            |
| ap_rst_n  | reset      | ap_rst_n                          |
| ap_ctrl   | ap_ctrl_hs | ap_done ap_idle ap_ready ap_start |
+-----------+------------+-----------------------------------+


================================================================
== SW I/O Information
================================================================
* Top Function Arguments
+-------------+-----------+---------------+
| Argument    | Direction | Datatype      |
+-------------+-----------+---------------+
| feature_in  | in        | float const * |
| weight      | in        | float const * |
| bias        | in        | float const * |
| feature_out | in        | float*        |
+-------------+-----------+---------------+

* SW-to-HW Mapping
+-------------+--------------+-----------+----------+
| Argument    | HW Interface | HW Type   | HW Usage |
+-------------+--------------+-----------+----------+
| feature_in  | m_axi_gmem0  | interface |          |
| feature_in  | feature_in   | port      | offset   |
| weight      | m_axi_gmem1  | interface |          |
| weight      | weight       | port      | offset   |
| bias        | m_axi_gmem2  | interface |          |
| bias        | bias         | port      | offset   |
| feature_out | m_axi_gmem3  | interface |          |
| feature_out | feature_out  | port      | offset   |
+-------------+--------------+-----------+----------+


================================================================
== M_AXI Burst Information
================================================================
 Note: All burst requests might be further partitioned into multiple requests during RTL generation based on max_read_burst_length or max_write_burst_length settings.

* Inferred Burst Summary
+--------------+-----------+--------+-------+------------------------------------------------------------------------------------------+
| HW Interface | Direction | Length | Width | Location                                                                                 |
+--------------+-----------+--------+-------+------------------------------------------------------------------------------------------+
| m_axi_gmem2  | read      | 2      | 32    | D:/FPGA_project/lenet_project/member_d_pe/member_c_conv_hls/src/lenet_conv_D3.cpp:100:45 |
| m_axi_gmem0  | read      | 5      | 32    | D:/FPGA_project/lenet_project/member_d_pe/member_c_conv_hls/src/lenet_conv_D3.cpp:23:17  |
| m_axi_gmem1  | read      | 300    | 32    | D:/FPGA_project/lenet_project/member_d_pe/member_c_conv_hls/src/lenet_conv_D3.cpp:67:50  |
+--------------+-----------+--------+-------+------------------------------------------------------------------------------------------+

* Inferred Bursts and Widening Missed
+--------------+-------------+------------+---------------------------------------------------------------------------------------------------------+------------+------------------------------------------------------------------------------------------+
| HW Interface | Variable    | Loop       | Problem                                                                                                 | Resolution | Location                                                                                 |
+--------------+-------------+------------+---------------------------------------------------------------------------------------------------------+------------+------------------------------------------------------------------------------------------+
| m_axi_gmem2  | bias        | OUTPUT_COL | Stride is incompatible                                                                                  | 214-230    | D:/FPGA_project/lenet_project/member_d_pe/member_c_conv_hls/src/lenet_conv_D3.cpp:93:13  |
| m_axi_gmem1  | weight      | OUTPUT_COL | Stride is incompatible                                                                                  | 214-230    | D:/FPGA_project/lenet_project/member_d_pe/member_c_conv_hls/src/lenet_conv_D3.cpp:93:13  |
| m_axi_gmem2  | bias        |            | Could not widen since type float size is greater than or equal to the max_widen_bitwidth threshold of 0 | 214-353    | D:/FPGA_project/lenet_project/member_d_pe/member_c_conv_hls/src/lenet_conv_D3.cpp:100:45 |
| m_axi_gmem0  | feature_in  |            | Could not widen since type float size is greater than or equal to the max_widen_bitwidth threshold of 0 | 214-353    | D:/FPGA_project/lenet_project/member_d_pe/member_c_conv_hls/src/lenet_conv_D3.cpp:23:17  |
| m_axi_gmem0  | feature_in  |            | Could not widen since type float size is greater than or equal to the max_widen_bitwidth threshold of 0 | 214-353    | D:/FPGA_project/lenet_project/member_d_pe/member_c_conv_hls/src/lenet_conv_D3.cpp:23:17  |
| m_axi_gmem0  | feature_in  |            | Could not widen since type float size is greater than or equal to the max_widen_bitwidth threshold of 0 | 214-353    | D:/FPGA_project/lenet_project/member_d_pe/member_c_conv_hls/src/lenet_conv_D3.cpp:23:17  |
| m_axi_gmem0  | feature_in  |            | Could not widen since type float size is greater than or equal to the max_widen_bitwidth threshold of 0 | 214-353    | D:/FPGA_project/lenet_project/member_d_pe/member_c_conv_hls/src/lenet_conv_D3.cpp:23:17  |
| m_axi_gmem0  | feature_in  |            | Could not widen since type float size is greater than or equal to the max_widen_bitwidth threshold of 0 | 214-353    | D:/FPGA_project/lenet_project/member_d_pe/member_c_conv_hls/src/lenet_conv_D3.cpp:23:17  |
| m_axi_gmem1  | weight      |            | Could not widen since type float size is greater than or equal to the max_widen_bitwidth threshold of 0 | 214-353    | D:/FPGA_project/lenet_project/member_d_pe/member_c_conv_hls/src/lenet_conv_D3.cpp:67:50  |
| m_axi_gmem0  | feature_in  |            | Could not widen since type float size is greater than or equal to the max_widen_bitwidth threshold of 0 | 214-353    | D:/FPGA_project/lenet_project/member_d_pe/member_c_conv_hls/src/lenet_conv_D3.cpp:23:17  |
| m_axi_gmem0  | feature_in  |            | Could not widen since type float size is greater than or equal to the max_widen_bitwidth threshold of 0 | 214-353    | D:/FPGA_project/lenet_project/member_d_pe/member_c_conv_hls/src/lenet_conv_D3.cpp:23:17  |
| m_axi_gmem0  | feature_in  |            | Could not widen since type float size is greater than or equal to the max_widen_bitwidth threshold of 0 | 214-353    | D:/FPGA_project/lenet_project/member_d_pe/member_c_conv_hls/src/lenet_conv_D3.cpp:23:17  |
| m_axi_gmem0  | feature_in  |            | Could not widen since type float size is greater than or equal to the max_widen_bitwidth threshold of 0 | 214-353    | D:/FPGA_project/lenet_project/member_d_pe/member_c_conv_hls/src/lenet_conv_D3.cpp:23:17  |
| m_axi_gmem0  | feature_in  |            | Could not widen since type float size is greater than or equal to the max_widen_bitwidth threshold of 0 | 214-353    | D:/FPGA_project/lenet_project/member_d_pe/member_c_conv_hls/src/lenet_conv_D3.cpp:23:17  |
| m_axi_gmem0  | feature_in  |            | Could not widen since type float size is greater than or equal to the max_widen_bitwidth threshold of 0 | 214-353    | D:/FPGA_project/lenet_project/member_d_pe/member_c_conv_hls/src/lenet_conv_D3.cpp:23:17  |
| m_axi_gmem0  | feature_in  |            | Could not widen since type float size is greater than or equal to the max_widen_bitwidth threshold of 0 | 214-353    | D:/FPGA_project/lenet_project/member_d_pe/member_c_conv_hls/src/lenet_conv_D3.cpp:23:17  |
| m_axi_gmem0  | feature_in  |            | Could not widen since type float size is greater than or equal to the max_widen_bitwidth threshold of 0 | 214-353    | D:/FPGA_project/lenet_project/member_d_pe/member_c_conv_hls/src/lenet_conv_D3.cpp:23:17  |
| m_axi_gmem0  | feature_in  |            | Could not widen since type float size is greater than or equal to the max_widen_bitwidth threshold of 0 | 214-353    | D:/FPGA_project/lenet_project/member_d_pe/member_c_conv_hls/src/lenet_conv_D3.cpp:23:17  |
| m_axi_gmem0  | feature_in  |            | Could not widen since type float size is greater than or equal to the max_widen_bitwidth threshold of 0 | 214-353    | D:/FPGA_project/lenet_project/member_d_pe/member_c_conv_hls/src/lenet_conv_D3.cpp:23:17  |
| m_axi_gmem0  | feature_in  |            | Could not widen since type float size is greater than or equal to the max_widen_bitwidth threshold of 0 | 214-353    | D:/FPGA_project/lenet_project/member_d_pe/member_c_conv_hls/src/lenet_conv_D3.cpp:23:17  |
| m_axi_gmem0  | feature_in  |            | Could not widen since type float size is greater than or equal to the max_widen_bitwidth threshold of 0 | 214-353    | D:/FPGA_project/lenet_project/member_d_pe/member_c_conv_hls/src/lenet_conv_D3.cpp:23:17  |
| m_axi_gmem0  | feature_in  |            | Could not widen since type float size is greater than or equal to the max_widen_bitwidth threshold of 0 | 214-353    | D:/FPGA_project/lenet_project/member_d_pe/member_c_conv_hls/src/lenet_conv_D3.cpp:23:17  |
| m_axi_gmem0  | feature_in  |            | Could not widen since type float size is greater than or equal to the max_widen_bitwidth threshold of 0 | 214-353    | D:/FPGA_project/lenet_project/member_d_pe/member_c_conv_hls/src/lenet_conv_D3.cpp:23:17  |
| m_axi_gmem0  | feature_in  |            | Could not widen since type float size is greater than or equal to the max_widen_bitwidth threshold of 0 | 214-353    | D:/FPGA_project/lenet_project/member_d_pe/member_c_conv_hls/src/lenet_conv_D3.cpp:23:17  |
| m_axi_gmem0  | feature_in  |            | Could not widen since type float size is greater than or equal to the max_widen_bitwidth threshold of 0 | 214-353    | D:/FPGA_project/lenet_project/member_d_pe/member_c_conv_hls/src/lenet_conv_D3.cpp:23:17  |
| m_axi_gmem0  | feature_in  |            | Could not widen since type float size is greater than or equal to the max_widen_bitwidth threshold of 0 | 214-353    | D:/FPGA_project/lenet_project/member_d_pe/member_c_conv_hls/src/lenet_conv_D3.cpp:23:17  |
| m_axi_gmem0  | feature_in  |            | Could not widen since type float size is greater than or equal to the max_widen_bitwidth threshold of 0 | 214-353    | D:/FPGA_project/lenet_project/member_d_pe/member_c_conv_hls/src/lenet_conv_D3.cpp:23:17  |
| m_axi_gmem0  | feature_in  |            | Could not widen since type float size is greater than or equal to the max_widen_bitwidth threshold of 0 | 214-353    | D:/FPGA_project/lenet_project/member_d_pe/member_c_conv_hls/src/lenet_conv_D3.cpp:23:17  |
| m_axi_gmem0  | feature_in  |            | Could not widen since type float size is greater than or equal to the max_widen_bitwidth threshold of 0 | 214-353    | D:/FPGA_project/lenet_project/member_d_pe/member_c_conv_hls/src/lenet_conv_D3.cpp:23:17  |
| m_axi_gmem0  | feature_in  |            | Could not widen since type float size is greater than or equal to the max_widen_bitwidth threshold of 0 | 214-353    | D:/FPGA_project/lenet_project/member_d_pe/member_c_conv_hls/src/lenet_conv_D3.cpp:23:17  |
| m_axi_gmem0  | feature_in  |            | Could not widen since type float size is greater than or equal to the max_widen_bitwidth threshold of 0 | 214-353    | D:/FPGA_project/lenet_project/member_d_pe/member_c_conv_hls/src/lenet_conv_D3.cpp:23:17  |
| m_axi_gmem0  | feature_in  |            | Could not widen since type float size is greater than or equal to the max_widen_bitwidth threshold of 0 | 214-353    | D:/FPGA_project/lenet_project/member_d_pe/member_c_conv_hls/src/lenet_conv_D3.cpp:23:17  |
| m_axi_gmem0  | feature_in  |            | Could not widen since type float size is greater than or equal to the max_widen_bitwidth threshold of 0 | 214-353    | D:/FPGA_project/lenet_project/member_d_pe/member_c_conv_hls/src/lenet_conv_D3.cpp:23:17  |
| m_axi_gmem0  | feature_in  |            | Could not widen since type float size is greater than or equal to the max_widen_bitwidth threshold of 0 | 214-353    | D:/FPGA_project/lenet_project/member_d_pe/member_c_conv_hls/src/lenet_conv_D3.cpp:23:17  |
| m_axi_gmem3  | feature_out | OUTPUT_COL | Could not widen since type float size is greater than or equal to the max_widen_bitwidth threshold of 0 | 214-353    | D:/FPGA_project/lenet_project/member_d_pe/member_c_conv_hls/src/lenet_conv_D3.cpp:93:13  |
| m_axi_gmem3  | feature_out | OUTPUT_COL | Could not widen since type float size is greater than or equal to the max_widen_bitwidth threshold of 0 | 214-353    | D:/FPGA_project/lenet_project/member_d_pe/member_c_conv_hls/src/lenet_conv_D3.cpp:93:13  |
| m_axi_gmem3  |             |            | Could not burst due to multiple potential writes to the same bundle in the same region.                 | 214-224    | D:/FPGA_project/lenet_project/member_d_pe/member_c_conv_hls/src/lenet_conv_D3.cpp:93:13  |
+--------------+-------------+------------+---------------------------------------------------------------------------------------------------------+------------+------------------------------------------------------------------------------------------+

    * Resolution URL: www.xilinx.com/cgi-bin/docs/rdoc?v=2022.2;t=hls+guidance;d=XXX-YYY.html (replace XXX-YYY with column value)

================================================================
== Bind Op Report
================================================================
+-----------------------------------------------------+-----+--------+-----------------------+------+---------+---------+
| Name                                                | DSP | Pragma | Variable              | Op   | Impl    | Latency |
+-----------------------------------------------------+-----+--------+-----------------------+------+---------+---------+
| + lenet_conv2_top                                   | 7   |        |                       |      |         |         |
|  + p_anonymous_namespace_conv5x5_valid_6_14_14_16_s | 7   |        |                       |      |         |         |
|    mul_4ns_9ns_11_1_1_U4                            | -   |        | empty_85              | mul  | auto    | 0       |
|    tmp_fu_955_p2                                    | -   |        | tmp                   | add  | fabric  | 0       |
|    tmp1_fu_960_p2                                   | -   |        | tmp1                  | add  | fabric  | 0       |
|    empty_86_fu_970_p2                               | -   |        | empty_86              | add  | fabric  | 0       |
|    empty_87_fu_976_p2                               | -   |        | empty_87              | add  | fabric  | 0       |
|    empty_88_fu_994_p2                               | -   |        | empty_88              | sub  | fabric  | 0       |
|    add_ln89_fu_1010_p2                              | -   |        | add_ln89              | add  | fabric  | 0       |
|    add_ln89_1_fu_1036_p2                            | -   |        | add_ln89_1            | add  | fabric  | 0       |
|    mul_4ns_9ns_11_1_1_U5                            | -   |        | p_mid1337             | mul  | auto    | 0       |
|    add_ln89_4_fu_1051_p2                            | -   |        | add_ln89_4            | add  | fabric  | 0       |
|    add_ln89_2_fu_1081_p2                            | -   |        | add_ln89_2            | add  | fabric  | 0       |
|    mul_4ns_12ns_15_1_1_U6                           | -   |        | mul_ln89              | mul  | auto    | 0       |
|    add_ln89_3_fu_1417_p2                            | -   |        | add_ln89_3            | add  | fabric  | 0       |
|    p_mid1373_fu_1165_p2                             | -   |        | p_mid1373             | add  | fabric  | 0       |
|    indvars_iv_next942_fu_1107_p2                    | -   |        | indvars_iv_next942    | add  | fabric  | 0       |
|    tmp_mid1_fu_1242_p2                              | -   |        | tmp_mid1              | add  | fabric  | 0       |
|    tmp1_mid1_fu_1248_p2                             | -   |        | tmp1_mid1             | add  | fabric  | 0       |
|    p_mid1_fu_1258_p2                                | -   |        | p_mid1                | add  | fabric  | 0       |
|    p_mid113_fu_1264_p2                              | -   |        | p_mid113              | add  | fabric  | 0       |
|    p_mid119_fu_1281_p2                              | -   |        | p_mid119              | sub  | fabric  | 0       |
|    add_ln91_fu_1320_p2                              | -   |        | add_ln91              | add  | fabric  | 0       |
|    add_ln91_1_fu_1361_p2                            | -   |        | add_ln91_1            | add  | fabric  | 0       |
|    add_ln100_1_fu_3120_p2                           | -   |        | add_ln100_1           | add  | fabric  | 0       |
|    add_ln100_3_fu_3148_p2                           | -   |        | add_ln100_3           | add  | fabric  | 0       |
|    add_ln100_8_fu_3168_p2                           | -   |        | add_ln100_8           | add  | fabric  | 0       |
|    add_ln100_5_fu_3185_p2                           | -   |        | add_ln100_5           | add  | fabric  | 0       |
|    add_ln100_10_fu_3029_p2                          | -   |        | add_ln100_10          | add  | fabric  | 0       |
|    add_ln100_12_fu_3042_p2                          | -   |        | add_ln100_12          | add  | fabric  | 0       |
|    add_ln100_7_fu_3059_p2                           | -   |        | add_ln100_7           | add  | fabric  | 0       |
|    add_ln100_14_fu_2968_p2                          | -   |        | add_ln100_14          | add  | fabric  | 0       |
|    add_ln100_16_fu_2981_p2                          | -   |        | add_ln100_16          | add  | fabric  | 0       |
|    add_ln100_9_fu_2999_p2                           | -   |        | add_ln100_9           | add  | fabric  | 0       |
|    add_ln100_11_fu_2926_p2                          | -   |        | add_ln100_11          | add  | fabric  | 0       |
|    add_ln100_13_fu_2865_p2                          | -   |        | add_ln100_13          | add  | fabric  | 0       |
|    add_ln100_15_fu_2804_p2                          | -   |        | add_ln100_15          | add  | fabric  | 0       |
|    add_ln100_30_fu_2717_p2                          | -   |        | add_ln100_30          | add  | fabric  | 0       |
|    add_ln100_32_fu_2726_p2                          | -   |        | add_ln100_32          | add  | fabric  | 0       |
|    add_ln100_17_fu_2743_p2                          | -   |        | add_ln100_17          | add  | fabric  | 0       |
|    add_ln100_34_fu_2665_p2                          | -   |        | add_ln100_34          | add  | fabric  | 0       |
|    add_ln100_19_fu_2682_p2                          | -   |        | add_ln100_19          | add  | fabric  | 0       |
|    add_ln100_21_fu_2619_p2                          | -   |        | add_ln100_21          | add  | fabric  | 0       |
|    add_ln100_23_fu_2562_p2                          | -   |        | add_ln100_23          | add  | fabric  | 0       |
|    add_ln100_25_fu_2505_p2                          | -   |        | add_ln100_25          | add  | fabric  | 0       |
|    add_ln100_27_fu_2448_p2                          | -   |        | add_ln100_27          | add  | fabric  | 0       |
|    add_ln100_29_fu_2396_p2                          | -   |        | add_ln100_29          | add  | fabric  | 0       |
|    add_ln100_56_fu_2314_p2                          | -   |        | add_ln100_56          | add  | fabric  | 0       |
|    add_ln100_31_fu_2331_p2                          | -   |        | add_ln100_31          | add  | fabric  | 0       |
|    add_ln100_58_fu_2234_p2                          | -   |        | add_ln100_58          | add  | fabric  | 0       |
|    add_ln100_60_fu_2247_p2                          | -   |        | add_ln100_60          | add  | fabric  | 0       |
|    add_ln100_33_fu_2264_p2                          | -   |        | add_ln100_33          | add  | fabric  | 0       |
|    add_ln100_61_fu_2174_p2                          | -   |        | add_ln100_61          | add  | fabric  | 0       |
|    add_ln100_62_fu_2187_p2                          | -   |        | add_ln100_62          | add  | fabric  | 0       |
|    add_ln100_35_fu_2204_p2                          | -   |        | add_ln100_35          | add  | fabric  | 0       |
|    add_ln100_63_fu_2105_p2                          | -   |        | add_ln100_63          | add  | fabric  | 0       |
|    add_ln100_64_fu_2118_p2                          | -   |        | add_ln100_64          | add  | fabric  | 0       |
|    add_ln100_37_fu_2135_p2                          | -   |        | add_ln100_37          | add  | fabric  | 0       |
|    add_ln100_65_fu_2038_p2                          | -   |        | add_ln100_65          | add  | fabric  | 0       |
|    add_ln100_66_fu_2052_p2                          | -   |        | add_ln100_66          | add  | fabric  | 0       |
|    add_ln100_39_fu_2070_p2                          | -   |        | add_ln100_39          | add  | fabric  | 0       |
|    add_ln100_41_fu_1997_p2                          | -   |        | add_ln100_41          | add  | fabric  | 0       |
|    add_ln100_69_fu_1910_p2                          | -   |        | add_ln100_69          | add  | fabric  | 0       |
|    add_ln100_70_fu_1923_p2                          | -   |        | add_ln100_70          | add  | fabric  | 0       |
|    add_ln100_43_fu_1940_p2                          | -   |        | add_ln100_43          | add  | fabric  | 0       |
|    add_ln100_71_fu_1868_p2                          | -   |        | add_ln100_71          | add  | fabric  | 0       |
|    add_ln100_45_fu_1885_p2                          | -   |        | add_ln100_45          | add  | fabric  | 0       |
|    add_ln100_72_fu_1798_p2                          | -   |        | add_ln100_72          | add  | fabric  | 0       |
|    add_ln100_73_fu_1811_p2                          | -   |        | add_ln100_73          | add  | fabric  | 0       |
|    add_ln100_47_fu_1828_p2                          | -   |        | add_ln100_47          | add  | fabric  | 0       |
|    add_ln100_74_fu_1743_p2                          | -   |        | add_ln100_74          | add  | fabric  | 0       |
|    add_ln100_75_fu_1756_p2                          | -   |        | add_ln100_75          | add  | fabric  | 0       |
|    add_ln100_49_fu_1773_p2                          | -   |        | add_ln100_49          | add  | fabric  | 0       |
|    add_ln100_76_fu_1641_p2                          | -   |        | add_ln100_76          | add  | fabric  | 0       |
|    add_ln100_77_fu_1651_p2                          | -   |        | add_ln100_77          | add  | fabric  | 0       |
|    add_ln100_51_fu_1718_p2                          | -   |        | add_ln100_51          | add  | fabric  | 0       |
|    add_ln100_78_fu_1656_p2                          | -   |        | add_ln100_78          | add  | fabric  | 0       |
|    add_ln100_79_fu_1665_p2                          | -   |        | add_ln100_79          | add  | fabric  | 0       |
|    add_ln100_53_fu_1682_p2                          | -   |        | add_ln100_53          | add  | fabric  | 0       |
|    add_ln100_80_fu_1586_p2                          | -   |        | add_ln100_80          | add  | fabric  | 0       |
|    add_ln100_81_fu_1596_p2                          | -   |        | add_ln100_81          | add  | fabric  | 0       |
|    add_ln100_55_fu_1613_p2                          | -   |        | add_ln100_55          | add  | fabric  | 0       |
|    add_ln100_82_fu_1531_p2                          | -   |        | add_ln100_82          | add  | fabric  | 0       |
|    add_ln100_83_fu_1541_p2                          | -   |        | add_ln100_83          | add  | fabric  | 0       |
|    add_ln100_57_fu_1558_p2                          | -   |        | add_ln100_57          | add  | fabric  | 0       |
|    add_ln100_84_fu_1448_p2                          | -   |        | add_ln100_84          | add  | fabric  | 0       |
|    add_ln100_59_fu_1465_p2                          | -   |        | add_ln100_59          | add  | fabric  | 0       |
|    fmul_32ns_32ns_32_4_max_dsp_1_U3                 | 3   |        | mul_i                 | fmul | maxdsp  | 3       |
|    fadd_32ns_32ns_32_5_full_dsp_1_U1                | 2   |        | add19_i               | fadd | fulldsp | 4       |
|    fmul_32ns_32ns_32_4_max_dsp_1_U3                 | 3   |        | mul_i12_s             | fmul | maxdsp  | 3       |
|    fadd_32ns_32ns_32_5_full_dsp_1_U1                | 2   |        | add19_i_s             | fadd | fulldsp | 4       |
|    fmul_32ns_32ns_32_4_max_dsp_1_U3                 | 3   |        | mul_i12_6             | fmul | maxdsp  | 3       |
|    fadd_32ns_32ns_32_5_full_dsp_1_U1                | 2   |        | add19_i_6             | fadd | fulldsp | 4       |
|    fmul_32ns_32ns_32_4_max_dsp_1_U3                 | 3   |        | mul_i12_7             | fmul | maxdsp  | 3       |
|    fadd_32ns_32ns_32_5_full_dsp_1_U1                | 2   |        | add19_i_7             | fadd | fulldsp | 4       |
|    fmul_32ns_32ns_32_4_max_dsp_1_U3                 | 3   |        | mul_i12_8             | fmul | maxdsp  | 3       |
|    fadd_32ns_32ns_32_5_full_dsp_1_U1                | 2   |        | add19_i_8             | fadd | fulldsp | 4       |
|    fmul_32ns_32ns_32_4_max_dsp_1_U3                 | 3   |        | mul_i12_9             | fmul | maxdsp  | 3       |
|    fadd_32ns_32ns_32_5_full_dsp_1_U1                | 2   |        | add19_i_9             | fadd | fulldsp | 4       |
|    fmul_32ns_32ns_32_4_max_dsp_1_U3                 | 3   |        | mul_i12_1637_1        | fmul | maxdsp  | 3       |
|    fadd_32ns_32ns_32_5_full_dsp_1_U1                | 2   |        | add19_i_1639_1        | fadd | fulldsp | 4       |
|    fmul_32ns_32ns_32_4_max_dsp_1_U3                 | 3   |        | mul_i12_1637_2        | fmul | maxdsp  | 3       |
|    fadd_32ns_32ns_32_5_full_dsp_1_U1                | 2   |        | add19_i_1639_2        | fadd | fulldsp | 4       |
|    fmul_32ns_32ns_32_4_max_dsp_1_U3                 | 3   |        | mul_i12_1637_3        | fmul | maxdsp  | 3       |
|    fadd_32ns_32ns_32_5_full_dsp_1_U1                | 2   |        | add19_i_1639_3        | fadd | fulldsp | 4       |
|    fmul_32ns_32ns_32_4_max_dsp_1_U3                 | 3   |        | mul_i12_1637_4        | fmul | maxdsp  | 3       |
|    fadd_32ns_32ns_32_5_full_dsp_1_U1                | 2   |        | add19_i_1639_4        | fadd | fulldsp | 4       |
|    fmul_32ns_32ns_32_4_max_dsp_1_U3                 | 3   |        | mul_i12_10            | fmul | maxdsp  | 3       |
|    fadd_32ns_32ns_32_5_full_dsp_1_U1                | 2   |        | add19_i_10            | fadd | fulldsp | 4       |
|    fmul_32ns_32ns_32_4_max_dsp_1_U3                 | 3   |        | mul_i12_2646_1        | fmul | maxdsp  | 3       |
|    fadd_32ns_32ns_32_5_full_dsp_1_U1                | 2   |        | add19_i_2648_1        | fadd | fulldsp | 4       |
|    fmul_32ns_32ns_32_4_max_dsp_1_U3                 | 3   |        | mul_i12_2646_2        | fmul | maxdsp  | 3       |
|    fadd_32ns_32ns_32_5_full_dsp_1_U1                | 2   |        | add19_i_2648_2        | fadd | fulldsp | 4       |
|    fmul_32ns_32ns_32_4_max_dsp_1_U3                 | 3   |        | mul_i12_2646_3        | fmul | maxdsp  | 3       |
|    fadd_32ns_32ns_32_5_full_dsp_1_U1                | 2   |        | add19_i_2648_3        | fadd | fulldsp | 4       |
|    fmul_32ns_32ns_32_4_max_dsp_1_U3                 | 3   |        | mul_i12_2646_4        | fmul | maxdsp  | 3       |
|    fadd_32ns_32ns_32_5_full_dsp_1_U1                | 2   |        | add19_i_2648_4        | fadd | fulldsp | 4       |
|    fmul_32ns_32ns_32_4_max_dsp_1_U3                 | 3   |        | mul_i12_11            | fmul | maxdsp  | 3       |
|    fadd_32ns_32ns_32_5_full_dsp_1_U1                | 2   |        | add19_i_11            | fadd | fulldsp | 4       |
|    fmul_32ns_32ns_32_4_max_dsp_1_U3                 | 3   |        | mul_i12_3655_1        | fmul | maxdsp  | 3       |
|    fadd_32ns_32ns_32_5_full_dsp_1_U1                | 2   |        | add19_i_3657_1        | fadd | fulldsp | 4       |
|    fmul_32ns_32ns_32_4_max_dsp_1_U3                 | 3   |        | mul_i12_3655_2        | fmul | maxdsp  | 3       |
|    fadd_32ns_32ns_32_5_full_dsp_1_U1                | 2   |        | add19_i_3657_2        | fadd | fulldsp | 4       |
|    fmul_32ns_32ns_32_4_max_dsp_1_U3                 | 3   |        | mul_i12_3655_3        | fmul | maxdsp  | 3       |
|    fadd_32ns_32ns_32_5_full_dsp_1_U1                | 2   |        | add19_i_3657_3        | fadd | fulldsp | 4       |
|    fmul_32ns_32ns_32_4_max_dsp_1_U3                 | 3   |        | mul_i12_3655_4        | fmul | maxdsp  | 3       |
|    fadd_32ns_32ns_32_5_full_dsp_1_U1                | 2   |        | add19_i_3657_4        | fadd | fulldsp | 4       |
|    fmul_32ns_32ns_32_4_max_dsp_1_U3                 | 3   |        | mul_i12_12            | fmul | maxdsp  | 3       |
|    fadd_32ns_32ns_32_5_full_dsp_1_U1                | 2   |        | add19_i_12            | fadd | fulldsp | 4       |
|    fmul_32ns_32ns_32_4_max_dsp_1_U3                 | 3   |        | mul_i12_4664_1        | fmul | maxdsp  | 3       |
|    fadd_32ns_32ns_32_5_full_dsp_1_U1                | 2   |        | add19_i_4666_1        | fadd | fulldsp | 4       |
|    fmul_32ns_32ns_32_4_max_dsp_1_U3                 | 3   |        | mul_i12_4664_2        | fmul | maxdsp  | 3       |
|    fadd_32ns_32ns_32_5_full_dsp_1_U1                | 2   |        | add19_i_4666_2        | fadd | fulldsp | 4       |
|    fmul_32ns_32ns_32_4_max_dsp_1_U3                 | 3   |        | mul_i12_4664_3        | fmul | maxdsp  | 3       |
|    fadd_32ns_32ns_32_5_full_dsp_1_U1                | 2   |        | add19_i_4666_3        | fadd | fulldsp | 4       |
|    fmul_32ns_32ns_32_4_max_dsp_1_U3                 | 3   |        | mul_i12_4664_4        | fmul | maxdsp  | 3       |
|    fadd_32ns_32ns_32_5_full_dsp_1_U1                | 2   |        | add19_i_4666_4        | fadd | fulldsp | 4       |
|    fadd_32ns_32ns_32_5_full_dsp_1_U1                | 2   |        | accumulator_assign_1  | fadd | fulldsp | 4       |
|    fadd_32ns_32ns_32_5_full_dsp_1_U1                | 2   |        | accumulator_assign_2  | fadd | fulldsp | 4       |
|    fadd_32ns_32ns_32_5_full_dsp_1_U1                | 2   |        | accumulator_assign_3  | fadd | fulldsp | 4       |
|    fadd_32ns_32ns_32_5_full_dsp_1_U1                | 2   |        | accumulator_assign_4  | fadd | fulldsp | 4       |
|    fadd_32ns_32ns_32_5_full_dsp_1_U1                | 2   |        | accumulator_assign_5  | fadd | fulldsp | 4       |
|    fmul_32ns_32ns_32_4_max_dsp_1_U3                 | 3   |        | mul_i12_13            | fmul | maxdsp  | 3       |
|    fadd_32ns_32ns_32_5_full_dsp_1_U1                | 2   |        | add19_i_13            | fadd | fulldsp | 4       |
|    fmul_32ns_32ns_32_4_max_dsp_1_U3                 | 3   |        | mul_i12_1571_s        | fmul | maxdsp  | 3       |
|    fadd_32ns_32ns_32_5_full_dsp_1_U1                | 2   |        | add19_i_1573_s        | fadd | fulldsp | 4       |
|    fmul_32ns_32ns_32_4_max_dsp_1_U3                 | 3   |        | mul_i12_1571_5        | fmul | maxdsp  | 3       |
|    fadd_32ns_32ns_32_5_full_dsp_1_U1                | 2   |        | add19_i_1573_5        | fadd | fulldsp | 4       |
|    fmul_32ns_32ns_32_4_max_dsp_1_U3                 | 3   |        | mul_i12_1571_6        | fmul | maxdsp  | 3       |
|    fadd_32ns_32ns_32_5_full_dsp_1_U1                | 2   |        | add19_i_1573_6        | fadd | fulldsp | 4       |
|    fmul_32ns_32ns_32_4_max_dsp_1_U3                 | 3   |        | mul_i12_1571_7        | fmul | maxdsp  | 3       |
|    fadd_32ns_32ns_32_5_full_dsp_1_U1                | 2   |        | add19_i_1573_7        | fadd | fulldsp | 4       |
|    fmul_32ns_32ns_32_4_max_dsp_1_U3                 | 3   |        | mul_i12_1571_1        | fmul | maxdsp  | 3       |
|    fadd_32ns_32ns_32_5_full_dsp_1_U1                | 2   |        | add19_i_1573_1        | fadd | fulldsp | 4       |
|    fmul_32ns_32ns_32_4_max_dsp_1_U3                 | 3   |        | mul_i12_1571_1_1      | fmul | maxdsp  | 3       |
|    fadd_32ns_32ns_32_5_full_dsp_1_U1                | 2   |        | add19_i_1573_1_1      | fadd | fulldsp | 4       |
|    fmul_32ns_32ns_32_4_max_dsp_1_U3                 | 3   |        | mul_i12_1571_1_2      | fmul | maxdsp  | 3       |
|    fadd_32ns_32ns_32_5_full_dsp_1_U1                | 2   |        | add19_i_1573_1_2      | fadd | fulldsp | 4       |
|    fmul_32ns_32ns_32_4_max_dsp_1_U3                 | 3   |        | mul_i12_1571_1_3      | fmul | maxdsp  | 3       |
|    fadd_32ns_32ns_32_5_full_dsp_1_U1                | 2   |        | add19_i_1573_1_3      | fadd | fulldsp | 4       |
|    fmul_32ns_32ns_32_4_max_dsp_1_U3                 | 3   |        | mul_i12_1571_1_4      | fmul | maxdsp  | 3       |
|    fadd_32ns_32ns_32_5_full_dsp_1_U1                | 2   |        | add19_i_1573_1_4      | fadd | fulldsp | 4       |
|    fmul_32ns_32ns_32_4_max_dsp_1_U3                 | 3   |        | mul_i12_1571_2        | fmul | maxdsp  | 3       |
|    fadd_32ns_32ns_32_5_full_dsp_1_U1                | 2   |        | add19_i_1573_2        | fadd | fulldsp | 4       |
|    fmul_32ns_32ns_32_4_max_dsp_1_U3                 | 3   |        | mul_i12_1571_2_1      | fmul | maxdsp  | 3       |
|    fadd_32ns_32ns_32_5_full_dsp_1_U1                | 2   |        | add19_i_1573_2_1      | fadd | fulldsp | 4       |
|    fmul_32ns_32ns_32_4_max_dsp_1_U3                 | 3   |        | mul_i12_1571_2_2      | fmul | maxdsp  | 3       |
|    fadd_32ns_32ns_32_5_full_dsp_1_U1                | 2   |        | add19_i_1573_2_2      | fadd | fulldsp | 4       |
|    fmul_32ns_32ns_32_4_max_dsp_1_U3                 | 3   |        | mul_i12_1571_2_3      | fmul | maxdsp  | 3       |
|    fadd_32ns_32ns_32_5_full_dsp_1_U1                | 2   |        | add19_i_1573_2_3      | fadd | fulldsp | 4       |
|    fmul_32ns_32ns_32_4_max_dsp_1_U3                 | 3   |        | mul_i12_1571_2_4      | fmul | maxdsp  | 3       |
|    fadd_32ns_32ns_32_5_full_dsp_1_U1                | 2   |        | add19_i_1573_2_4      | fadd | fulldsp | 4       |
|    fmul_32ns_32ns_32_4_max_dsp_1_U3                 | 3   |        | mul_i12_1571_3        | fmul | maxdsp  | 3       |
|    fadd_32ns_32ns_32_5_full_dsp_1_U1                | 2   |        | add19_i_1573_3        | fadd | fulldsp | 4       |
|    fmul_32ns_32ns_32_4_max_dsp_1_U3                 | 3   |        | mul_i12_1571_3_1      | fmul | maxdsp  | 3       |
|    fadd_32ns_32ns_32_5_full_dsp_1_U1                | 2   |        | add19_i_1573_3_1      | fadd | fulldsp | 4       |
|    fmul_32ns_32ns_32_4_max_dsp_1_U3                 | 3   |        | mul_i12_1571_3_2      | fmul | maxdsp  | 3       |
|    fadd_32ns_32ns_32_5_full_dsp_1_U1                | 2   |        | add19_i_1573_3_2      | fadd | fulldsp | 4       |
|    fmul_32ns_32ns_32_4_max_dsp_1_U3                 | 3   |        | mul_i12_1571_3_3      | fmul | maxdsp  | 3       |
|    fadd_32ns_32ns_32_5_full_dsp_1_U1                | 2   |        | add19_i_1573_3_3      | fadd | fulldsp | 4       |
|    fmul_32ns_32ns_32_4_max_dsp_1_U3                 | 3   |        | mul_i12_1571_3_4      | fmul | maxdsp  | 3       |
|    fadd_32ns_32ns_32_5_full_dsp_1_U1                | 2   |        | add19_i_1573_3_4      | fadd | fulldsp | 4       |
|    fmul_32ns_32ns_32_4_max_dsp_1_U3                 | 3   |        | mul_i12_1571_4        | fmul | maxdsp  | 3       |
|    fadd_32ns_32ns_32_5_full_dsp_1_U1                | 2   |        | add19_i_1573_4        | fadd | fulldsp | 4       |
|    fmul_32ns_32ns_32_4_max_dsp_1_U3                 | 3   |        | mul_i12_1571_4_1      | fmul | maxdsp  | 3       |
|    fadd_32ns_32ns_32_5_full_dsp_1_U1                | 2   |        | add19_i_1573_4_1      | fadd | fulldsp | 4       |
|    fmul_32ns_32ns_32_4_max_dsp_1_U3                 | 3   |        | mul_i12_1571_4_2      | fmul | maxdsp  | 3       |
|    fadd_32ns_32ns_32_5_full_dsp_1_U1                | 2   |        | add19_i_1573_4_2      | fadd | fulldsp | 4       |
|    fmul_32ns_32ns_32_4_max_dsp_1_U3                 | 3   |        | mul_i12_1571_4_3      | fmul | maxdsp  | 3       |
|    fadd_32ns_32ns_32_5_full_dsp_1_U1                | 2   |        | add19_i_1573_4_3      | fadd | fulldsp | 4       |
|    fmul_32ns_32ns_32_4_max_dsp_1_U3                 | 3   |        | mul_i12_1571_4_4      | fmul | maxdsp  | 3       |
|    fadd_32ns_32ns_32_5_full_dsp_1_U1                | 2   |        | add19_i_1573_4_4      | fadd | fulldsp | 4       |
|    fadd_32ns_32ns_32_5_full_dsp_1_U1                | 2   |        | accumulator_assign_7  | fadd | fulldsp | 4       |
|    fadd_32ns_32ns_32_5_full_dsp_1_U1                | 2   |        | accumulator_assign_8  | fadd | fulldsp | 4       |
|    fadd_32ns_32ns_32_5_full_dsp_1_U1                | 2   |        | accumulator_assign_9  | fadd | fulldsp | 4       |
|    fadd_32ns_32ns_32_5_full_dsp_1_U1                | 2   |        | accumulator_assign_s  | fadd | fulldsp | 4       |
|    fadd_32ns_32ns_32_5_full_dsp_1_U1                | 2   |        | accumulator_assign_6  | fadd | fulldsp | 4       |
|    fmul_32ns_32ns_32_4_max_dsp_1_U3                 | 3   |        | mul_i12_1             | fmul | maxdsp  | 3       |
|    fadd_32ns_32ns_32_5_full_dsp_1_U2                | 2   |        | add19_i_1             | fadd | fulldsp | 4       |
|    fmul_32ns_32ns_32_4_max_dsp_1_U3                 | 3   |        | mul_i12_1_s           | fmul | maxdsp  | 3       |
|    fadd_32ns_32ns_32_5_full_dsp_1_U1                | 2   |        | add19_i_1_s           | fadd | fulldsp | 4       |
|    fmul_32ns_32ns_32_4_max_dsp_1_U3                 | 3   |        | mul_i12_1_5           | fmul | maxdsp  | 3       |
|    fadd_32ns_32ns_32_5_full_dsp_1_U1                | 2   |        | add19_i_1_5           | fadd | fulldsp | 4       |
|    fmul_32ns_32ns_32_4_max_dsp_1_U3                 | 3   |        | mul_i12_1_6           | fmul | maxdsp  | 3       |
|    fadd_32ns_32ns_32_5_full_dsp_1_U1                | 2   |        | add19_i_1_6           | fadd | fulldsp | 4       |
|    fmul_32ns_32ns_32_4_max_dsp_1_U3                 | 3   |        | mul_i12_1_7           | fmul | maxdsp  | 3       |
|    fadd_32ns_32ns_32_5_full_dsp_1_U1                | 2   |        | add19_i_1_7           | fadd | fulldsp | 4       |
|    fmul_32ns_32ns_32_4_max_dsp_1_U3                 | 3   |        | mul_i12_1_8           | fmul | maxdsp  | 3       |
|    fadd_32ns_32ns_32_5_full_dsp_1_U2                | 2   |        | add19_i_1_8           | fadd | fulldsp | 4       |
|    fmul_32ns_32ns_32_4_max_dsp_1_U3                 | 3   |        | mul_i12_1_1497_1      | fmul | maxdsp  | 3       |
|    fadd_32ns_32ns_32_5_full_dsp_1_U1                | 2   |        | add19_i_1_1499_1      | fadd | fulldsp | 4       |
|    fmul_32ns_32ns_32_4_max_dsp_1_U3                 | 3   |        | mul_i12_1_1497_2      | fmul | maxdsp  | 3       |
|    fadd_32ns_32ns_32_5_full_dsp_1_U1                | 2   |        | add19_i_1_1499_2      | fadd | fulldsp | 4       |
|    fmul_32ns_32ns_32_4_max_dsp_1_U3                 | 3   |        | mul_i12_1_1497_3      | fmul | maxdsp  | 3       |
|    fadd_32ns_32ns_32_5_full_dsp_1_U1                | 2   |        | add19_i_1_1499_3      | fadd | fulldsp | 4       |
|    fmul_32ns_32ns_32_4_max_dsp_1_U3                 | 3   |        | mul_i12_1_1497_4      | fmul | maxdsp  | 3       |
|    fadd_32ns_32ns_32_5_full_dsp_1_U1                | 2   |        | add19_i_1_1499_4      | fadd | fulldsp | 4       |
|    fmul_32ns_32ns_32_4_max_dsp_1_U3                 | 3   |        | mul_i12_1_2           | fmul | maxdsp  | 3       |
|    fadd_32ns_32ns_32_5_full_dsp_1_U2                | 2   |        | add19_i_1_2           | fadd | fulldsp | 4       |
|    fmul_32ns_32ns_32_4_max_dsp_1_U3                 | 3   |        | mul_i12_1_2_1         | fmul | maxdsp  | 3       |
|    fadd_32ns_32ns_32_5_full_dsp_1_U1                | 2   |        | add19_i_1_2_1         | fadd | fulldsp | 4       |
|    fmul_32ns_32ns_32_4_max_dsp_1_U3                 | 3   |        | mul_i12_1_2_2         | fmul | maxdsp  | 3       |
|    fadd_32ns_32ns_32_5_full_dsp_1_U1                | 2   |        | add19_i_1_2_2         | fadd | fulldsp | 4       |
|    fmul_32ns_32ns_32_4_max_dsp_1_U3                 | 3   |        | mul_i12_1_2_3         | fmul | maxdsp  | 3       |
|    fadd_32ns_32ns_32_5_full_dsp_1_U1                | 2   |        | add19_i_1_2_3         | fadd | fulldsp | 4       |
|    fmul_32ns_32ns_32_4_max_dsp_1_U3                 | 3   |        | mul_i12_1_2_4         | fmul | maxdsp  | 3       |
|    fadd_32ns_32ns_32_5_full_dsp_1_U1                | 2   |        | add19_i_1_2_4         | fadd | fulldsp | 4       |
|    fmul_32ns_32ns_32_4_max_dsp_1_U3                 | 3   |        | mul_i12_1_3           | fmul | maxdsp  | 3       |
|    fadd_32ns_32ns_32_5_full_dsp_1_U2                | 2   |        | add19_i_1_3           | fadd | fulldsp | 4       |
|    fmul_32ns_32ns_32_4_max_dsp_1_U3                 | 3   |        | mul_i12_1_3_1         | fmul | maxdsp  | 3       |
|    fadd_32ns_32ns_32_5_full_dsp_1_U1                | 2   |        | add19_i_1_3_1         | fadd | fulldsp | 4       |
|    fmul_32ns_32ns_32_4_max_dsp_1_U3                 | 3   |        | mul_i12_1_3_2         | fmul | maxdsp  | 3       |
|    fadd_32ns_32ns_32_5_full_dsp_1_U1                | 2   |        | add19_i_1_3_2         | fadd | fulldsp | 4       |
|    fmul_32ns_32ns_32_4_max_dsp_1_U3                 | 3   |        | mul_i12_1_3_3         | fmul | maxdsp  | 3       |
|    fadd_32ns_32ns_32_5_full_dsp_1_U1                | 2   |        | add19_i_1_3_3         | fadd | fulldsp | 4       |
|    fmul_32ns_32ns_32_4_max_dsp_1_U3                 | 3   |        | mul_i12_1_3_4         | fmul | maxdsp  | 3       |
|    fadd_32ns_32ns_32_5_full_dsp_1_U1                | 2   |        | add19_i_1_3_4         | fadd | fulldsp | 4       |
|    fmul_32ns_32ns_32_4_max_dsp_1_U3                 | 3   |        | mul_i12_1_4           | fmul | maxdsp  | 3       |
|    fadd_32ns_32ns_32_5_full_dsp_1_U2                | 2   |        | add19_i_1_4           | fadd | fulldsp | 4       |
|    fmul_32ns_32ns_32_4_max_dsp_1_U3                 | 3   |        | mul_i12_1_4_1         | fmul | maxdsp  | 3       |
|    fadd_32ns_32ns_32_5_full_dsp_1_U1                | 2   |        | add19_i_1_4_1         | fadd | fulldsp | 4       |
|    fmul_32ns_32ns_32_4_max_dsp_1_U3                 | 3   |        | mul_i12_1_4_2         | fmul | maxdsp  | 3       |
|    fadd_32ns_32ns_32_5_full_dsp_1_U1                | 2   |        | add19_i_1_4_2         | fadd | fulldsp | 4       |
|    fmul_32ns_32ns_32_4_max_dsp_1_U3                 | 3   |        | mul_i12_1_4_3         | fmul | maxdsp  | 3       |
|    fadd_32ns_32ns_32_5_full_dsp_1_U1                | 2   |        | add19_i_1_4_3         | fadd | fulldsp | 4       |
|    fmul_32ns_32ns_32_4_max_dsp_1_U3                 | 3   |        | mul_i12_1_4_4         | fmul | maxdsp  | 3       |
|    fadd_32ns_32ns_32_5_full_dsp_1_U1                | 2   |        | add19_i_1_4_4         | fadd | fulldsp | 4       |
|    fadd_32ns_32ns_32_5_full_dsp_1_U1                | 2   |        | accumulator_assign_10 | fadd | fulldsp | 4       |
|    fadd_32ns_32ns_32_5_full_dsp_1_U1                | 2   |        | accumulator_assign_11 | fadd | fulldsp | 4       |
|    fadd_32ns_32ns_32_5_full_dsp_1_U1                | 2   |        | accumulator_assign_12 | fadd | fulldsp | 4       |
|    fadd_32ns_32ns_32_5_full_dsp_1_U1                | 2   |        | accumulator_assign_13 | fadd | fulldsp | 4       |
|    fadd_32ns_32ns_32_5_full_dsp_1_U1                | 2   |        | accumulator_assign_14 | fadd | fulldsp | 4       |
|    fmul_32ns_32ns_32_4_max_dsp_1_U3                 | 3   |        | mul_i12_1_1           | fmul | maxdsp  | 3       |
|    fadd_32ns_32ns_32_5_full_dsp_1_U1                | 2   |        | add19_i_1_1           | fadd | fulldsp | 4       |
|    fmul_32ns_32ns_32_4_max_dsp_1_U3                 | 3   |        | mul_i12_1_1_s         | fmul | maxdsp  | 3       |
|    fadd_32ns_32ns_32_5_full_dsp_1_U1                | 2   |        | add19_i_1_1_s         | fadd | fulldsp | 4       |
|    fmul_32ns_32ns_32_4_max_dsp_1_U3                 | 3   |        | mul_i12_1_1_5         | fmul | maxdsp  | 3       |
|    fadd_32ns_32ns_32_5_full_dsp_1_U1                | 2   |        | add19_i_1_1_5         | fadd | fulldsp | 4       |
|    fmul_32ns_32ns_32_4_max_dsp_1_U3                 | 3   |        | mul_i12_1_1_6         | fmul | maxdsp  | 3       |
|    fadd_32ns_32ns_32_5_full_dsp_1_U2                | 2   |        | add19_i_1_1_6         | fadd | fulldsp | 4       |
|    fmul_32ns_32ns_32_4_max_dsp_1_U3                 | 3   |        | mul_i12_1_1_7         | fmul | maxdsp  | 3       |
|    fadd_32ns_32ns_32_5_full_dsp_1_U1                | 2   |        | add19_i_1_1_7         | fadd | fulldsp | 4       |
|    fmul_32ns_32ns_32_4_max_dsp_1_U3                 | 3   |        | mul_i12_1_1_1         | fmul | maxdsp  | 3       |
|    fadd_32ns_32ns_32_5_full_dsp_1_U1                | 2   |        | add19_i_1_1_1         | fadd | fulldsp | 4       |
|    fmul_32ns_32ns_32_4_max_dsp_1_U3                 | 3   |        | mul_i12_1_1_1_1       | fmul | maxdsp  | 3       |
|    fadd_32ns_32ns_32_5_full_dsp_1_U1                | 2   |        | add19_i_1_1_1_1       | fadd | fulldsp | 4       |
|    fmul_32ns_32ns_32_4_max_dsp_1_U3                 | 3   |        | mul_i12_1_1_1_2       | fmul | maxdsp  | 3       |
|    fadd_32ns_32ns_32_5_full_dsp_1_U1                | 2   |        | add19_i_1_1_1_2       | fadd | fulldsp | 4       |
|    fmul_32ns_32ns_32_4_max_dsp_1_U3                 | 3   |        | mul_i12_1_1_1_3       | fmul | maxdsp  | 3       |
|    fadd_32ns_32ns_32_5_full_dsp_1_U2                | 2   |        | add19_i_1_1_1_3       | fadd | fulldsp | 4       |
|    fmul_32ns_32ns_32_4_max_dsp_1_U3                 | 3   |        | mul_i12_1_1_1_4       | fmul | maxdsp  | 3       |
|    fadd_32ns_32ns_32_5_full_dsp_1_U1                | 2   |        | add19_i_1_1_1_4       | fadd | fulldsp | 4       |
|    fmul_32ns_32ns_32_4_max_dsp_1_U3                 | 3   |        | mul_i12_1_1_2         | fmul | maxdsp  | 3       |
|    fadd_32ns_32ns_32_5_full_dsp_1_U1                | 2   |        | add19_i_1_1_2         | fadd | fulldsp | 4       |
|    fmul_32ns_32ns_32_4_max_dsp_1_U3                 | 3   |        | mul_i12_1_1_2_1       | fmul | maxdsp  | 3       |
|    fadd_32ns_32ns_32_5_full_dsp_1_U1                | 2   |        | add19_i_1_1_2_1       | fadd | fulldsp | 4       |
|    fmul_32ns_32ns_32_4_max_dsp_1_U3                 | 3   |        | mul_i12_1_1_2_2       | fmul | maxdsp  | 3       |
|    fadd_32ns_32ns_32_5_full_dsp_1_U1                | 2   |        | add19_i_1_1_2_2       | fadd | fulldsp | 4       |
|    fmul_32ns_32ns_32_4_max_dsp_1_U3                 | 3   |        | mul_i12_1_1_2_3       | fmul | maxdsp  | 3       |
|    fadd_32ns_32ns_32_5_full_dsp_1_U2                | 2   |        | add19_i_1_1_2_3       | fadd | fulldsp | 4       |
|    fmul_32ns_32ns_32_4_max_dsp_1_U3                 | 3   |        | mul_i12_1_1_2_4       | fmul | maxdsp  | 3       |
|    fadd_32ns_32ns_32_5_full_dsp_1_U1                | 2   |        | add19_i_1_1_2_4       | fadd | fulldsp | 4       |
|    fmul_32ns_32ns_32_4_max_dsp_1_U3                 | 3   |        | mul_i12_1_1_3         | fmul | maxdsp  | 3       |
|    fadd_32ns_32ns_32_5_full_dsp_1_U1                | 2   |        | add19_i_1_1_3         | fadd | fulldsp | 4       |
|    fmul_32ns_32ns_32_4_max_dsp_1_U3                 | 3   |        | mul_i12_1_1_3_1       | fmul | maxdsp  | 3       |
|    fadd_32ns_32ns_32_5_full_dsp_1_U1                | 2   |        | add19_i_1_1_3_1       | fadd | fulldsp | 4       |
|    fmul_32ns_32ns_32_4_max_dsp_1_U3                 | 3   |        | mul_i12_1_1_3_2       | fmul | maxdsp  | 3       |
|    fadd_32ns_32ns_32_5_full_dsp_1_U1                | 2   |        | add19_i_1_1_3_2       | fadd | fulldsp | 4       |
|    fmul_32ns_32ns_32_4_max_dsp_1_U3                 | 3   |        | mul_i12_1_1_3_3       | fmul | maxdsp  | 3       |
|    fadd_32ns_32ns_32_5_full_dsp_1_U1                | 2   |        | add19_i_1_1_3_3       | fadd | fulldsp | 4       |
|    fmul_32ns_32ns_32_4_max_dsp_1_U3                 | 3   |        | mul_i12_1_1_3_4       | fmul | maxdsp  | 3       |
|    fadd_32ns_32ns_32_5_full_dsp_1_U1                | 2   |        | add19_i_1_1_3_4       | fadd | fulldsp | 4       |
|    fmul_32ns_32ns_32_4_max_dsp_1_U3                 | 3   |        | mul_i12_1_1_4         | fmul | maxdsp  | 3       |
|    fadd_32ns_32ns_32_5_full_dsp_1_U1                | 2   |        | add19_i_1_1_4         | fadd | fulldsp | 4       |
|    fmul_32ns_32ns_32_4_max_dsp_1_U3                 | 3   |        | mul_i12_1_1_4_1       | fmul | maxdsp  | 3       |
|    fadd_32ns_32ns_32_5_full_dsp_1_U1                | 2   |        | add19_i_1_1_4_1       | fadd | fulldsp | 4       |
|    fmul_32ns_32ns_32_4_max_dsp_1_U3                 | 3   |        | mul_i12_1_1_4_2       | fmul | maxdsp  | 3       |
|    fadd_32ns_32ns_32_5_full_dsp_1_U1                | 2   |        | add19_i_1_1_4_2       | fadd | fulldsp | 4       |
|    fmul_32ns_32ns_32_4_max_dsp_1_U3                 | 3   |        | mul_i12_1_1_4_3       | fmul | maxdsp  | 3       |
|    fadd_32ns_32ns_32_5_full_dsp_1_U1                | 2   |        | add19_i_1_1_4_3       | fadd | fulldsp | 4       |
|    fmul_32ns_32ns_32_4_max_dsp_1_U3                 | 3   |        | mul_i12_1_1_4_4       | fmul | maxdsp  | 3       |
|    fadd_32ns_32ns_32_5_full_dsp_1_U1                | 2   |        | add19_i_1_1_4_4       | fadd | fulldsp | 4       |
|    fadd_32ns_32ns_32_5_full_dsp_1_U1                | 2   |        | accumulator_assign_15 | fadd | fulldsp | 4       |
|    fadd_32ns_32ns_32_5_full_dsp_1_U1                | 2   |        | accumulator_assign_16 | fadd | fulldsp | 4       |
|    fadd_32ns_32ns_32_5_full_dsp_1_U1                | 2   |        | accumulator_assign_17 | fadd | fulldsp | 4       |
|    fadd_32ns_32ns_32_5_full_dsp_1_U1                | 2   |        | accumulator_assign_18 | fadd | fulldsp | 4       |
|    fadd_32ns_32ns_32_5_full_dsp_1_U1                | 2   |        | accumulator_assign_19 | fadd | fulldsp | 4       |
|    fmul_32ns_32ns_32_4_max_dsp_1_U3                 | 3   |        | mul_i12_2             | fmul | maxdsp  | 3       |
|    fadd_32ns_32ns_32_5_full_dsp_1_U2                | 2   |        | add19_i_2             | fadd | fulldsp | 4       |
|    fmul_32ns_32ns_32_4_max_dsp_1_U3                 | 3   |        | mul_i12_2_s           | fmul | maxdsp  | 3       |
|    fadd_32ns_32ns_32_5_full_dsp_1_U1                | 2   |        | add19_i_2_s           | fadd | fulldsp | 4       |
|    fmul_32ns_32ns_32_4_max_dsp_1_U3                 | 3   |        | mul_i12_2_5           | fmul | maxdsp  | 3       |
|    fadd_32ns_32ns_32_5_full_dsp_1_U1                | 2   |        | add19_i_2_5           | fadd | fulldsp | 4       |
|    fmul_32ns_32ns_32_4_max_dsp_1_U3                 | 3   |        | mul_i12_2_6           | fmul | maxdsp  | 3       |
|    fadd_32ns_32ns_32_5_full_dsp_1_U1                | 2   |        | add19_i_2_6           | fadd | fulldsp | 4       |
|    fmul_32ns_32ns_32_4_max_dsp_1_U3                 | 3   |        | mul_i12_2_7           | fmul | maxdsp  | 3       |
|    fadd_32ns_32ns_32_5_full_dsp_1_U1                | 2   |        | add19_i_2_7           | fadd | fulldsp | 4       |
|    fmul_32ns_32ns_32_4_max_dsp_1_U3                 | 3   |        | mul_i12_2_8           | fmul | maxdsp  | 3       |
|    fadd_32ns_32ns_32_5_full_dsp_1_U2                | 2   |        | add19_i_2_8           | fadd | fulldsp | 4       |
|    fmul_32ns_32ns_32_4_max_dsp_1_U3                 | 3   |        | mul_i12_2_1391_1      | fmul | maxdsp  | 3       |
|    fadd_32ns_32ns_32_5_full_dsp_1_U1                | 2   |        | add19_i_2_1393_1      | fadd | fulldsp | 4       |
|    fmul_32ns_32ns_32_4_max_dsp_1_U3                 | 3   |        | mul_i12_2_1391_2      | fmul | maxdsp  | 3       |
|    fadd_32ns_32ns_32_5_full_dsp_1_U1                | 2   |        | add19_i_2_1393_2      | fadd | fulldsp | 4       |
|    fmul_32ns_32ns_32_4_max_dsp_1_U3                 | 3   |        | mul_i12_2_1391_3      | fmul | maxdsp  | 3       |
|    fadd_32ns_32ns_32_5_full_dsp_1_U1                | 2   |        | add19_i_2_1393_3      | fadd | fulldsp | 4       |
|    fmul_32ns_32ns_32_4_max_dsp_1_U3                 | 3   |        | mul_i12_2_1391_4      | fmul | maxdsp  | 3       |
|    fadd_32ns_32ns_32_5_full_dsp_1_U1                | 2   |        | add19_i_2_1393_4      | fadd | fulldsp | 4       |
|    fmul_32ns_32ns_32_4_max_dsp_1_U3                 | 3   |        | mul_i12_2_2           | fmul | maxdsp  | 3       |
|    fadd_32ns_32ns_32_5_full_dsp_1_U2                | 2   |        | add19_i_2_2           | fadd | fulldsp | 4       |
|    fmul_32ns_32ns_32_4_max_dsp_1_U3                 | 3   |        | mul_i12_2_2_1         | fmul | maxdsp  | 3       |
|    fadd_32ns_32ns_32_5_full_dsp_1_U1                | 2   |        | add19_i_2_2_1         | fadd | fulldsp | 4       |
|    fmul_32ns_32ns_32_4_max_dsp_1_U3                 | 3   |        | mul_i12_2_2_2         | fmul | maxdsp  | 3       |
|    fadd_32ns_32ns_32_5_full_dsp_1_U1                | 2   |        | add19_i_2_2_2         | fadd | fulldsp | 4       |
|    fmul_32ns_32ns_32_4_max_dsp_1_U3                 | 3   |        | mul_i12_2_2_3         | fmul | maxdsp  | 3       |
|    fadd_32ns_32ns_32_5_full_dsp_1_U1                | 2   |        | add19_i_2_2_3         | fadd | fulldsp | 4       |
|    fmul_32ns_32ns_32_4_max_dsp_1_U3                 | 3   |        | mul_i12_2_2_4         | fmul | maxdsp  | 3       |
|    fadd_32ns_32ns_32_5_full_dsp_1_U1                | 2   |        | add19_i_2_2_4         | fadd | fulldsp | 4       |
|    fmul_32ns_32ns_32_4_max_dsp_1_U3                 | 3   |        | mul_i12_2_3           | fmul | maxdsp  | 3       |
|    fadd_32ns_32ns_32_5_full_dsp_1_U2                | 2   |        | add19_i_2_3           | fadd | fulldsp | 4       |
|    fmul_32ns_32ns_32_4_max_dsp_1_U3                 | 3   |        | mul_i12_2_3_1         | fmul | maxdsp  | 3       |
|    fadd_32ns_32ns_32_5_full_dsp_1_U1                | 2   |        | add19_i_2_3_1         | fadd | fulldsp | 4       |
|    fmul_32ns_32ns_32_4_max_dsp_1_U3                 | 3   |        | mul_i12_2_3_2         | fmul | maxdsp  | 3       |
|    fadd_32ns_32ns_32_5_full_dsp_1_U1                | 2   |        | add19_i_2_3_2         | fadd | fulldsp | 4       |
|    fmul_32ns_32ns_32_4_max_dsp_1_U3                 | 3   |        | mul_i12_2_3_3         | fmul | maxdsp  | 3       |
|    fadd_32ns_32ns_32_5_full_dsp_1_U1                | 2   |        | add19_i_2_3_3         | fadd | fulldsp | 4       |
|    fmul_32ns_32ns_32_4_max_dsp_1_U3                 | 3   |        | mul_i12_2_3_4         | fmul | maxdsp  | 3       |
|    fadd_32ns_32ns_32_5_full_dsp_1_U1                | 2   |        | add19_i_2_3_4         | fadd | fulldsp | 4       |
|    fmul_32ns_32ns_32_4_max_dsp_1_U3                 | 3   |        | mul_i12_2_4           | fmul | maxdsp  | 3       |
|    fadd_32ns_32ns_32_5_full_dsp_1_U2                | 2   |        | add19_i_2_4           | fadd | fulldsp | 4       |
|    fmul_32ns_32ns_32_4_max_dsp_1_U3                 | 3   |        | mul_i12_2_4_1         | fmul | maxdsp  | 3       |
|    fadd_32ns_32ns_32_5_full_dsp_1_U1                | 2   |        | add19_i_2_4_1         | fadd | fulldsp | 4       |
|    fmul_32ns_32ns_32_4_max_dsp_1_U3                 | 3   |        | mul_i12_2_4_2         | fmul | maxdsp  | 3       |
|    fadd_32ns_32ns_32_5_full_dsp_1_U1                | 2   |        | add19_i_2_4_2         | fadd | fulldsp | 4       |
|    fmul_32ns_32ns_32_4_max_dsp_1_U3                 | 3   |        | mul_i12_2_4_3         | fmul | maxdsp  | 3       |
|    fadd_32ns_32ns_32_5_full_dsp_1_U1                | 2   |        | add19_i_2_4_3         | fadd | fulldsp | 4       |
|    fmul_32ns_32ns_32_4_max_dsp_1_U3                 | 3   |        | mul_i12_2_4_4         | fmul | maxdsp  | 3       |
|    fadd_32ns_32ns_32_5_full_dsp_1_U1                | 2   |        | add19_i_2_4_4         | fadd | fulldsp | 4       |
|    fadd_32ns_32ns_32_5_full_dsp_1_U1                | 2   |        | accumulator_assign_20 | fadd | fulldsp | 4       |
|    fadd_32ns_32ns_32_5_full_dsp_1_U1                | 2   |        | accumulator_assign_21 | fadd | fulldsp | 4       |
|    fadd_32ns_32ns_32_5_full_dsp_1_U1                | 2   |        | accumulator_assign_22 | fadd | fulldsp | 4       |
|    fadd_32ns_32ns_32_5_full_dsp_1_U1                | 2   |        | accumulator_assign_23 | fadd | fulldsp | 4       |
|    fadd_32ns_32ns_32_5_full_dsp_1_U1                | 2   |        | accumulator_assign_24 | fadd | fulldsp | 4       |
|    fmul_32ns_32ns_32_4_max_dsp_1_U3                 | 3   |        | mul_i12_2_1           | fmul | maxdsp  | 3       |
|    fadd_32ns_32ns_32_5_full_dsp_1_U2                | 2   |        | add19_i_2_1           | fadd | fulldsp | 4       |
|    fmul_32ns_32ns_32_4_max_dsp_1_U3                 | 3   |        | mul_i12_2_1_s         | fmul | maxdsp  | 3       |
|    fadd_32ns_32ns_32_5_full_dsp_1_U1                | 2   |        | add19_i_2_1_s         | fadd | fulldsp | 4       |
|    fmul_32ns_32ns_32_4_max_dsp_1_U3                 | 3   |        | mul_i12_2_1_5         | fmul | maxdsp  | 3       |
|    fadd_32ns_32ns_32_5_full_dsp_1_U1                | 2   |        | add19_i_2_1_5         | fadd | fulldsp | 4       |
|    fmul_32ns_32ns_32_4_max_dsp_1_U3                 | 3   |        | mul_i12_2_1_6         | fmul | maxdsp  | 3       |
|    fadd_32ns_32ns_32_5_full_dsp_1_U1                | 2   |        | add19_i_2_1_6         | fadd | fulldsp | 4       |
|    fmul_32ns_32ns_32_4_max_dsp_1_U3                 | 3   |        | mul_i12_2_1_7         | fmul | maxdsp  | 3       |
|    fadd_32ns_32ns_32_5_full_dsp_1_U1                | 2   |        | add19_i_2_1_7         | fadd | fulldsp | 4       |
|    fmul_32ns_32ns_32_4_max_dsp_1_U3                 | 3   |        | mul_i12_2_1_1         | fmul | maxdsp  | 3       |
|    fadd_32ns_32ns_32_5_full_dsp_1_U2                | 2   |        | add19_i_2_1_1         | fadd | fulldsp | 4       |
|    fmul_32ns_32ns_32_4_max_dsp_1_U3                 | 3   |        | mul_i12_2_1_1_1       | fmul | maxdsp  | 3       |
|    fadd_32ns_32ns_32_5_full_dsp_1_U1                | 2   |        | add19_i_2_1_1_1       | fadd | fulldsp | 4       |
|    fmul_32ns_32ns_32_4_max_dsp_1_U3                 | 3   |        | mul_i12_2_1_1_2       | fmul | maxdsp  | 3       |
|    fadd_32ns_32ns_32_5_full_dsp_1_U1                | 2   |        | add19_i_2_1_1_2       | fadd | fulldsp | 4       |
|    fmul_32ns_32ns_32_4_max_dsp_1_U3                 | 3   |        | mul_i12_2_1_1_3       | fmul | maxdsp  | 3       |
|    fadd_32ns_32ns_32_5_full_dsp_1_U1                | 2   |        | add19_i_2_1_1_3       | fadd | fulldsp | 4       |
|    fmul_32ns_32ns_32_4_max_dsp_1_U3                 | 3   |        | mul_i12_2_1_1_4       | fmul | maxdsp  | 3       |
|    fadd_32ns_32ns_32_5_full_dsp_1_U1                | 2   |        | add19_i_2_1_1_4       | fadd | fulldsp | 4       |
|    fmul_32ns_32ns_32_4_max_dsp_1_U3                 | 3   |        | mul_i12_2_1_2         | fmul | maxdsp  | 3       |
|    fadd_32ns_32ns_32_5_full_dsp_1_U2                | 2   |        | add19_i_2_1_2         | fadd | fulldsp | 4       |
|    fmul_32ns_32ns_32_4_max_dsp_1_U3                 | 3   |        | mul_i12_2_1_2_1       | fmul | maxdsp  | 3       |
|    fadd_32ns_32ns_32_5_full_dsp_1_U1                | 2   |        | add19_i_2_1_2_1       | fadd | fulldsp | 4       |
|    fmul_32ns_32ns_32_4_max_dsp_1_U3                 | 3   |        | mul_i12_2_1_2_2       | fmul | maxdsp  | 3       |
|    fadd_32ns_32ns_32_5_full_dsp_1_U1                | 2   |        | add19_i_2_1_2_2       | fadd | fulldsp | 4       |
|    fmul_32ns_32ns_32_4_max_dsp_1_U3                 | 3   |        | mul_i12_2_1_2_3       | fmul | maxdsp  | 3       |
|    fadd_32ns_32ns_32_5_full_dsp_1_U1                | 2   |        | add19_i_2_1_2_3       | fadd | fulldsp | 4       |
|    fmul_32ns_32ns_32_4_max_dsp_1_U3                 | 3   |        | mul_i12_2_1_2_4       | fmul | maxdsp  | 3       |
|    fadd_32ns_32ns_32_5_full_dsp_1_U1                | 2   |        | add19_i_2_1_2_4       | fadd | fulldsp | 4       |
|    fmul_32ns_32ns_32_4_max_dsp_1_U3                 | 3   |        | mul_i12_2_1_3         | fmul | maxdsp  | 3       |
|    fadd_32ns_32ns_32_5_full_dsp_1_U2                | 2   |        | add19_i_2_1_3         | fadd | fulldsp | 4       |
|    fmul_32ns_32ns_32_4_max_dsp_1_U3                 | 3   |        | mul_i12_2_1_3_1       | fmul | maxdsp  | 3       |
|    fadd_32ns_32ns_32_5_full_dsp_1_U1                | 2   |        | add19_i_2_1_3_1       | fadd | fulldsp | 4       |
|    fmul_32ns_32ns_32_4_max_dsp_1_U3                 | 3   |        | mul_i12_2_1_3_2       | fmul | maxdsp  | 3       |
|    fadd_32ns_32ns_32_5_full_dsp_1_U1                | 2   |        | add19_i_2_1_3_2       | fadd | fulldsp | 4       |
|    fmul_32ns_32ns_32_4_max_dsp_1_U3                 | 3   |        | mul_i12_2_1_3_3       | fmul | maxdsp  | 3       |
|    fadd_32ns_32ns_32_5_full_dsp_1_U1                | 2   |        | add19_i_2_1_3_3       | fadd | fulldsp | 4       |
|    fmul_32ns_32ns_32_4_max_dsp_1_U3                 | 3   |        | mul_i12_2_1_3_4       | fmul | maxdsp  | 3       |
|    fadd_32ns_32ns_32_5_full_dsp_1_U1                | 2   |        | add19_i_2_1_3_4       | fadd | fulldsp | 4       |
|    fmul_32ns_32ns_32_4_max_dsp_1_U3                 | 3   |        | mul_i12_2_1_4         | fmul | maxdsp  | 3       |
|    fadd_32ns_32ns_32_5_full_dsp_1_U2                | 2   |        | add19_i_2_1_4         | fadd | fulldsp | 4       |
|    fmul_32ns_32ns_32_4_max_dsp_1_U3                 | 3   |        | mul_i12_2_1_4_1       | fmul | maxdsp  | 3       |
|    fadd_32ns_32ns_32_5_full_dsp_1_U1                | 2   |        | add19_i_2_1_4_1       | fadd | fulldsp | 4       |
|    fmul_32ns_32ns_32_4_max_dsp_1_U3                 | 3   |        | mul_i12_2_1_4_2       | fmul | maxdsp  | 3       |
|    fadd_32ns_32ns_32_5_full_dsp_1_U1                | 2   |        | add19_i_2_1_4_2       | fadd | fulldsp | 4       |
|    fmul_32ns_32ns_32_4_max_dsp_1_U3                 | 3   |        | mul_i12_2_1_4_3       | fmul | maxdsp  | 3       |
|    fadd_32ns_32ns_32_5_full_dsp_1_U1                | 2   |        | add19_i_2_1_4_3       | fadd | fulldsp | 4       |
|    fmul_32ns_32ns_32_4_max_dsp_1_U3                 | 3   |        | mul_i12_2_1_4_4       | fmul | maxdsp  | 3       |
|    fadd_32ns_32ns_32_5_full_dsp_1_U1                | 2   |        | add19_i_2_1_4_4       | fadd | fulldsp | 4       |
|    fadd_32ns_32ns_32_5_full_dsp_1_U1                | 2   |        | accumulator_assign_25 | fadd | fulldsp | 4       |
|    fadd_32ns_32ns_32_5_full_dsp_1_U1                | 2   |        | accumulator_assign_26 | fadd | fulldsp | 4       |
|    fadd_32ns_32ns_32_5_full_dsp_1_U1                | 2   |        | accumulator_assign_27 | fadd | fulldsp | 4       |
|    fadd_32ns_32ns_32_5_full_dsp_1_U1                | 2   |        | accumulator_assign_28 | fadd | fulldsp | 4       |
|    fadd_32ns_32ns_32_5_full_dsp_1_U1                | 2   |        | accumulator_assign_29 | fadd | fulldsp | 4       |
|    fmul_32ns_32ns_32_4_max_dsp_1_U3                 | 3   |        | mul_i12_3             | fmul | maxdsp  | 3       |
|    fadd_32ns_32ns_32_5_full_dsp_1_U2                | 2   |        | add19_i_3             | fadd | fulldsp | 4       |
|    fmul_32ns_32ns_32_4_max_dsp_1_U3                 | 3   |        | mul_i12_3_s           | fmul | maxdsp  | 3       |
|    fadd_32ns_32ns_32_5_full_dsp_1_U1                | 2   |        | add19_i_3_s           | fadd | fulldsp | 4       |
|    fmul_32ns_32ns_32_4_max_dsp_1_U3                 | 3   |        | mul_i12_3_5           | fmul | maxdsp  | 3       |
|    fadd_32ns_32ns_32_5_full_dsp_1_U1                | 2   |        | add19_i_3_5           | fadd | fulldsp | 4       |
|    fmul_32ns_32ns_32_4_max_dsp_1_U3                 | 3   |        | mul_i12_3_6           | fmul | maxdsp  | 3       |
|    fadd_32ns_32ns_32_5_full_dsp_1_U1                | 2   |        | add19_i_3_6           | fadd | fulldsp | 4       |
|    fmul_32ns_32ns_32_4_max_dsp_1_U3                 | 3   |        | mul_i12_3_7           | fmul | maxdsp  | 3       |
|    fadd_32ns_32ns_32_5_full_dsp_1_U1                | 2   |        | add19_i_3_7           | fadd | fulldsp | 4       |
|    fmul_32ns_32ns_32_4_max_dsp_1_U3                 | 3   |        | mul_i12_3_8           | fmul | maxdsp  | 3       |
|    fadd_32ns_32ns_32_5_full_dsp_1_U2                | 2   |        | add19_i_3_8           | fadd | fulldsp | 4       |
|    fmul_32ns_32ns_32_4_max_dsp_1_U3                 | 3   |        | mul_i12_3_1285_1      | fmul | maxdsp  | 3       |
|    fadd_32ns_32ns_32_5_full_dsp_1_U1                | 2   |        | add19_i_3_1287_1      | fadd | fulldsp | 4       |
|    fmul_32ns_32ns_32_4_max_dsp_1_U3                 | 3   |        | mul_i12_3_1285_2      | fmul | maxdsp  | 3       |
|    fadd_32ns_32ns_32_5_full_dsp_1_U1                | 2   |        | add19_i_3_1287_2      | fadd | fulldsp | 4       |
|    fmul_32ns_32ns_32_4_max_dsp_1_U3                 | 3   |        | mul_i12_3_1285_3      | fmul | maxdsp  | 3       |
|    fadd_32ns_32ns_32_5_full_dsp_1_U1                | 2   |        | add19_i_3_1287_3      | fadd | fulldsp | 4       |
|    fmul_32ns_32ns_32_4_max_dsp_1_U3                 | 3   |        | mul_i12_3_1285_4      | fmul | maxdsp  | 3       |
|    fadd_32ns_32ns_32_5_full_dsp_1_U1                | 2   |        | add19_i_3_1287_4      | fadd | fulldsp | 4       |
|    fmul_32ns_32ns_32_4_max_dsp_1_U3                 | 3   |        | mul_i12_3_2           | fmul | maxdsp  | 3       |
|    fadd_32ns_32ns_32_5_full_dsp_1_U2                | 2   |        | add19_i_3_2           | fadd | fulldsp | 4       |
|    fmul_32ns_32ns_32_4_max_dsp_1_U3                 | 3   |        | mul_i12_3_2_1         | fmul | maxdsp  | 3       |
|    fadd_32ns_32ns_32_5_full_dsp_1_U1                | 2   |        | add19_i_3_2_1         | fadd | fulldsp | 4       |
|    fmul_32ns_32ns_32_4_max_dsp_1_U3                 | 3   |        | mul_i12_3_2_2         | fmul | maxdsp  | 3       |
|    fadd_32ns_32ns_32_5_full_dsp_1_U1                | 2   |        | add19_i_3_2_2         | fadd | fulldsp | 4       |
|    fmul_32ns_32ns_32_4_max_dsp_1_U3                 | 3   |        | mul_i12_3_2_3         | fmul | maxdsp  | 3       |
|    fadd_32ns_32ns_32_5_full_dsp_1_U1                | 2   |        | add19_i_3_2_3         | fadd | fulldsp | 4       |
|    fmul_32ns_32ns_32_4_max_dsp_1_U3                 | 3   |        | mul_i12_3_2_4         | fmul | maxdsp  | 3       |
|    fadd_32ns_32ns_32_5_full_dsp_1_U1                | 2   |        | add19_i_3_2_4         | fadd | fulldsp | 4       |
|    fmul_32ns_32ns_32_4_max_dsp_1_U3                 | 3   |        | mul_i12_3_3           | fmul | maxdsp  | 3       |
|    fadd_32ns_32ns_32_5_full_dsp_1_U2                | 2   |        | add19_i_3_3           | fadd | fulldsp | 4       |
|    fmul_32ns_32ns_32_4_max_dsp_1_U3                 | 3   |        | mul_i12_3_3_1         | fmul | maxdsp  | 3       |
|    fadd_32ns_32ns_32_5_full_dsp_1_U1                | 2   |        | add19_i_3_3_1         | fadd | fulldsp | 4       |
|    fmul_32ns_32ns_32_4_max_dsp_1_U3                 | 3   |        | mul_i12_3_3_2         | fmul | maxdsp  | 3       |
|    fadd_32ns_32ns_32_5_full_dsp_1_U1                | 2   |        | add19_i_3_3_2         | fadd | fulldsp | 4       |
|    fmul_32ns_32ns_32_4_max_dsp_1_U3                 | 3   |        | mul_i12_3_3_3         | fmul | maxdsp  | 3       |
|    fadd_32ns_32ns_32_5_full_dsp_1_U1                | 2   |        | add19_i_3_3_3         | fadd | fulldsp | 4       |
|    fmul_32ns_32ns_32_4_max_dsp_1_U3                 | 3   |        | mul_i12_3_3_4         | fmul | maxdsp  | 3       |
|    fadd_32ns_32ns_32_5_full_dsp_1_U1                | 2   |        | add19_i_3_3_4         | fadd | fulldsp | 4       |
|    fmul_32ns_32ns_32_4_max_dsp_1_U3                 | 3   |        | mul_i12_3_4           | fmul | maxdsp  | 3       |
|    fadd_32ns_32ns_32_5_full_dsp_1_U2                | 2   |        | add19_i_3_4           | fadd | fulldsp | 4       |
|    fmul_32ns_32ns_32_4_max_dsp_1_U3                 | 3   |        | mul_i12_3_4_1         | fmul | maxdsp  | 3       |
|    fadd_32ns_32ns_32_5_full_dsp_1_U1                | 2   |        | add19_i_3_4_1         | fadd | fulldsp | 4       |
|    fmul_32ns_32ns_32_4_max_dsp_1_U3                 | 3   |        | mul_i12_3_4_2         | fmul | maxdsp  | 3       |
|    fadd_32ns_32ns_32_5_full_dsp_1_U1                | 2   |        | add19_i_3_4_2         | fadd | fulldsp | 4       |
|    fmul_32ns_32ns_32_4_max_dsp_1_U3                 | 3   |        | mul_i12_3_4_3         | fmul | maxdsp  | 3       |
|    fadd_32ns_32ns_32_5_full_dsp_1_U1                | 2   |        | add19_i_3_4_3         | fadd | fulldsp | 4       |
|    fmul_32ns_32ns_32_4_max_dsp_1_U3                 | 3   |        | mul_i12_3_4_4         | fmul | maxdsp  | 3       |
|    fadd_32ns_32ns_32_5_full_dsp_1_U1                | 2   |        | add19_i_3_4_4         | fadd | fulldsp | 4       |
|    fadd_32ns_32ns_32_5_full_dsp_1_U1                | 2   |        | accumulator_assign_30 | fadd | fulldsp | 4       |
|    fadd_32ns_32ns_32_5_full_dsp_1_U1                | 2   |        | accumulator_assign_31 | fadd | fulldsp | 4       |
|    fadd_32ns_32ns_32_5_full_dsp_1_U1                | 2   |        | accumulator_assign_32 | fadd | fulldsp | 4       |
|    fadd_32ns_32ns_32_5_full_dsp_1_U1                | 2   |        | accumulator_assign_33 | fadd | fulldsp | 4       |
|    fadd_32ns_32ns_32_5_full_dsp_1_U1                | 2   |        | accumulator_assign_34 | fadd | fulldsp | 4       |
|    fmul_32ns_32ns_32_4_max_dsp_1_U3                 | 3   |        | mul_i12_3_1           | fmul | maxdsp  | 3       |
|    fadd_32ns_32ns_32_5_full_dsp_1_U2                | 2   |        | add19_i_3_1           | fadd | fulldsp | 4       |
|    fmul_32ns_32ns_32_4_max_dsp_1_U3                 | 3   |        | mul_i12_3_1_s         | fmul | maxdsp  | 3       |
|    fadd_32ns_32ns_32_5_full_dsp_1_U1                | 2   |        | add19_i_3_1_s         | fadd | fulldsp | 4       |
|    fmul_32ns_32ns_32_4_max_dsp_1_U3                 | 3   |        | mul_i12_3_1_5         | fmul | maxdsp  | 3       |
|    fadd_32ns_32ns_32_5_full_dsp_1_U1                | 2   |        | add19_i_3_1_5         | fadd | fulldsp | 4       |
|    fmul_32ns_32ns_32_4_max_dsp_1_U3                 | 3   |        | mul_i12_3_1_6         | fmul | maxdsp  | 3       |
|    fadd_32ns_32ns_32_5_full_dsp_1_U1                | 2   |        | add19_i_3_1_6         | fadd | fulldsp | 4       |
|    fmul_32ns_32ns_32_4_max_dsp_1_U3                 | 3   |        | mul_i12_3_1_7         | fmul | maxdsp  | 3       |
|    fadd_32ns_32ns_32_5_full_dsp_1_U1                | 2   |        | add19_i_3_1_7         | fadd | fulldsp | 4       |
|    fmul_32ns_32ns_32_4_max_dsp_1_U3                 | 3   |        | mul_i12_3_1_1         | fmul | maxdsp  | 3       |
|    fadd_32ns_32ns_32_5_full_dsp_1_U2                | 2   |        | add19_i_3_1_1         | fadd | fulldsp | 4       |
|    fmul_32ns_32ns_32_4_max_dsp_1_U3                 | 3   |        | mul_i12_3_1_1_1       | fmul | maxdsp  | 3       |
|    fadd_32ns_32ns_32_5_full_dsp_1_U1                | 2   |        | add19_i_3_1_1_1       | fadd | fulldsp | 4       |
|    fmul_32ns_32ns_32_4_max_dsp_1_U3                 | 3   |        | mul_i12_3_1_1_2       | fmul | maxdsp  | 3       |
|    fadd_32ns_32ns_32_5_full_dsp_1_U1                | 2   |        | add19_i_3_1_1_2       | fadd | fulldsp | 4       |
|    fmul_32ns_32ns_32_4_max_dsp_1_U3                 | 3   |        | mul_i12_3_1_1_3       | fmul | maxdsp  | 3       |
|    fadd_32ns_32ns_32_5_full_dsp_1_U1                | 2   |        | add19_i_3_1_1_3       | fadd | fulldsp | 4       |
|    fmul_32ns_32ns_32_4_max_dsp_1_U3                 | 3   |        | mul_i12_3_1_1_4       | fmul | maxdsp  | 3       |
|    fadd_32ns_32ns_32_5_full_dsp_1_U1                | 2   |        | add19_i_3_1_1_4       | fadd | fulldsp | 4       |
|    fmul_32ns_32ns_32_4_max_dsp_1_U3                 | 3   |        | mul_i12_3_1_2         | fmul | maxdsp  | 3       |
|    fadd_32ns_32ns_32_5_full_dsp_1_U2                | 2   |        | add19_i_3_1_2         | fadd | fulldsp | 4       |
|    fmul_32ns_32ns_32_4_max_dsp_1_U3                 | 3   |        | mul_i12_3_1_2_1       | fmul | maxdsp  | 3       |
|    fadd_32ns_32ns_32_5_full_dsp_1_U1                | 2   |        | add19_i_3_1_2_1       | fadd | fulldsp | 4       |
|    fmul_32ns_32ns_32_4_max_dsp_1_U3                 | 3   |        | mul_i12_3_1_2_2       | fmul | maxdsp  | 3       |
|    fadd_32ns_32ns_32_5_full_dsp_1_U1                | 2   |        | add19_i_3_1_2_2       | fadd | fulldsp | 4       |
|    fmul_32ns_32ns_32_4_max_dsp_1_U3                 | 3   |        | mul_i12_3_1_2_3       | fmul | maxdsp  | 3       |
|    fadd_32ns_32ns_32_5_full_dsp_1_U1                | 2   |        | add19_i_3_1_2_3       | fadd | fulldsp | 4       |
|    fmul_32ns_32ns_32_4_max_dsp_1_U3                 | 3   |        | mul_i12_3_1_2_4       | fmul | maxdsp  | 3       |
|    fadd_32ns_32ns_32_5_full_dsp_1_U1                | 2   |        | add19_i_3_1_2_4       | fadd | fulldsp | 4       |
|    fmul_32ns_32ns_32_4_max_dsp_1_U3                 | 3   |        | mul_i12_3_1_3         | fmul | maxdsp  | 3       |
|    fadd_32ns_32ns_32_5_full_dsp_1_U2                | 2   |        | add19_i_3_1_3         | fadd | fulldsp | 4       |
|    fmul_32ns_32ns_32_4_max_dsp_1_U3                 | 3   |        | mul_i12_3_1_3_1       | fmul | maxdsp  | 3       |
|    fadd_32ns_32ns_32_5_full_dsp_1_U1                | 2   |        | add19_i_3_1_3_1       | fadd | fulldsp | 4       |
|    fmul_32ns_32ns_32_4_max_dsp_1_U3                 | 3   |        | mul_i12_3_1_3_2       | fmul | maxdsp  | 3       |
|    fadd_32ns_32ns_32_5_full_dsp_1_U1                | 2   |        | add19_i_3_1_3_2       | fadd | fulldsp | 4       |
|    fmul_32ns_32ns_32_4_max_dsp_1_U3                 | 3   |        | mul_i12_3_1_3_3       | fmul | maxdsp  | 3       |
|    fadd_32ns_32ns_32_5_full_dsp_1_U1                | 2   |        | add19_i_3_1_3_3       | fadd | fulldsp | 4       |
|    fmul_32ns_32ns_32_4_max_dsp_1_U3                 | 3   |        | mul_i12_3_1_3_4       | fmul | maxdsp  | 3       |
|    fadd_32ns_32ns_32_5_full_dsp_1_U1                | 2   |        | add19_i_3_1_3_4       | fadd | fulldsp | 4       |
|    fmul_32ns_32ns_32_4_max_dsp_1_U3                 | 3   |        | mul_i12_3_1_4         | fmul | maxdsp  | 3       |
|    fadd_32ns_32ns_32_5_full_dsp_1_U2                | 2   |        | add19_i_3_1_4         | fadd | fulldsp | 4       |
|    fmul_32ns_32ns_32_4_max_dsp_1_U3                 | 3   |        | mul_i12_3_1_4_1       | fmul | maxdsp  | 3       |
|    fadd_32ns_32ns_32_5_full_dsp_1_U1                | 2   |        | add19_i_3_1_4_1       | fadd | fulldsp | 4       |
|    fmul_32ns_32ns_32_4_max_dsp_1_U3                 | 3   |        | mul_i12_3_1_4_2       | fmul | maxdsp  | 3       |
|    fadd_32ns_32ns_32_5_full_dsp_1_U1                | 2   |        | add19_i_3_1_4_2       | fadd | fulldsp | 4       |
|    fmul_32ns_32ns_32_4_max_dsp_1_U3                 | 3   |        | mul_i12_3_1_4_3       | fmul | maxdsp  | 3       |
|    fadd_32ns_32ns_32_5_full_dsp_1_U1                | 2   |        | add19_i_3_1_4_3       | fadd | fulldsp | 4       |
|    fmul_32ns_32ns_32_4_max_dsp_1_U3                 | 3   |        | mul_i12_3_1_4_4       | fmul | maxdsp  | 3       |
|    fadd_32ns_32ns_32_5_full_dsp_1_U1                | 2   |        | add19_i_3_1_4_4       | fadd | fulldsp | 4       |
|    fadd_32ns_32ns_32_5_full_dsp_1_U1                | 2   |        | accumulator_assign_35 | fadd | fulldsp | 4       |
|    fadd_32ns_32ns_32_5_full_dsp_1_U1                | 2   |        | accumulator_assign_36 | fadd | fulldsp | 4       |
|    fadd_32ns_32ns_32_5_full_dsp_1_U1                | 2   |        | accumulator_assign_37 | fadd | fulldsp | 4       |
|    fadd_32ns_32ns_32_5_full_dsp_1_U1                | 2   |        | accumulator_assign_38 | fadd | fulldsp | 4       |
|    fadd_32ns_32ns_32_5_full_dsp_1_U1                | 2   |        | accumulator_assign_39 | fadd | fulldsp | 4       |
|    fmul_32ns_32ns_32_4_max_dsp_1_U3                 | 3   |        | mul_i12_4             | fmul | maxdsp  | 3       |
|    fadd_32ns_32ns_32_5_full_dsp_1_U2                | 2   |        | add19_i_4             | fadd | fulldsp | 4       |
|    fmul_32ns_32ns_32_4_max_dsp_1_U3                 | 3   |        | mul_i12_4_s           | fmul | maxdsp  | 3       |
|    fadd_32ns_32ns_32_5_full_dsp_1_U1                | 2   |        | add19_i_4_s           | fadd | fulldsp | 4       |
|    fmul_32ns_32ns_32_4_max_dsp_1_U3                 | 3   |        | mul_i12_4_5           | fmul | maxdsp  | 3       |
|    fadd_32ns_32ns_32_5_full_dsp_1_U1                | 2   |        | add19_i_4_5           | fadd | fulldsp | 4       |
|    fmul_32ns_32ns_32_4_max_dsp_1_U3                 | 3   |        | mul_i12_4_6           | fmul | maxdsp  | 3       |
|    fadd_32ns_32ns_32_5_full_dsp_1_U1                | 2   |        | add19_i_4_6           | fadd | fulldsp | 4       |
|    fmul_32ns_32ns_32_4_max_dsp_1_U3                 | 3   |        | mul_i12_4_7           | fmul | maxdsp  | 3       |
|    fadd_32ns_32ns_32_5_full_dsp_1_U1                | 2   |        | add19_i_4_7           | fadd | fulldsp | 4       |
|    fmul_32ns_32ns_32_4_max_dsp_1_U3                 | 3   |        | mul_i12_4_8           | fmul | maxdsp  | 3       |
|    fadd_32ns_32ns_32_5_full_dsp_1_U2                | 2   |        | add19_i_4_8           | fadd | fulldsp | 4       |
|    fmul_32ns_32ns_32_4_max_dsp_1_U3                 | 3   |        | mul_i12_4_1179_1      | fmul | maxdsp  | 3       |
|    fadd_32ns_32ns_32_5_full_dsp_1_U1                | 2   |        | add19_i_4_1181_1      | fadd | fulldsp | 4       |
|    fmul_32ns_32ns_32_4_max_dsp_1_U3                 | 3   |        | mul_i12_4_1179_2      | fmul | maxdsp  | 3       |
|    fadd_32ns_32ns_32_5_full_dsp_1_U1                | 2   |        | add19_i_4_1181_2      | fadd | fulldsp | 4       |
|    fmul_32ns_32ns_32_4_max_dsp_1_U3                 | 3   |        | mul_i12_4_1179_3      | fmul | maxdsp  | 3       |
|    fadd_32ns_32ns_32_5_full_dsp_1_U1                | 2   |        | add19_i_4_1181_3      | fadd | fulldsp | 4       |
|    fmul_32ns_32ns_32_4_max_dsp_1_U3                 | 3   |        | mul_i12_4_1179_4      | fmul | maxdsp  | 3       |
|    fadd_32ns_32ns_32_5_full_dsp_1_U1                | 2   |        | add19_i_4_1181_4      | fadd | fulldsp | 4       |
|    fmul_32ns_32ns_32_4_max_dsp_1_U3                 | 3   |        | mul_i12_4_2           | fmul | maxdsp  | 3       |
|    fadd_32ns_32ns_32_5_full_dsp_1_U2                | 2   |        | add19_i_4_2           | fadd | fulldsp | 4       |
|    fmul_32ns_32ns_32_4_max_dsp_1_U3                 | 3   |        | mul_i12_4_2_1         | fmul | maxdsp  | 3       |
|    fadd_32ns_32ns_32_5_full_dsp_1_U1                | 2   |        | add19_i_4_2_1         | fadd | fulldsp | 4       |
|    fmul_32ns_32ns_32_4_max_dsp_1_U3                 | 3   |        | mul_i12_4_2_2         | fmul | maxdsp  | 3       |
|    fadd_32ns_32ns_32_5_full_dsp_1_U1                | 2   |        | add19_i_4_2_2         | fadd | fulldsp | 4       |
|    fmul_32ns_32ns_32_4_max_dsp_1_U3                 | 3   |        | mul_i12_4_2_3         | fmul | maxdsp  | 3       |
|    fadd_32ns_32ns_32_5_full_dsp_1_U1                | 2   |        | add19_i_4_2_3         | fadd | fulldsp | 4       |
|    fmul_32ns_32ns_32_4_max_dsp_1_U3                 | 3   |        | mul_i12_4_2_4         | fmul | maxdsp  | 3       |
|    fadd_32ns_32ns_32_5_full_dsp_1_U1                | 2   |        | add19_i_4_2_4         | fadd | fulldsp | 4       |
|    fmul_32ns_32ns_32_4_max_dsp_1_U3                 | 3   |        | mul_i12_4_3           | fmul | maxdsp  | 3       |
|    fadd_32ns_32ns_32_5_full_dsp_1_U2                | 2   |        | add19_i_4_3           | fadd | fulldsp | 4       |
|    fmul_32ns_32ns_32_4_max_dsp_1_U3                 | 3   |        | mul_i12_4_3_1         | fmul | maxdsp  | 3       |
|    fadd_32ns_32ns_32_5_full_dsp_1_U1                | 2   |        | add19_i_4_3_1         | fadd | fulldsp | 4       |
|    fmul_32ns_32ns_32_4_max_dsp_1_U3                 | 3   |        | mul_i12_4_3_2         | fmul | maxdsp  | 3       |
|    fadd_32ns_32ns_32_5_full_dsp_1_U1                | 2   |        | add19_i_4_3_2         | fadd | fulldsp | 4       |
|    fmul_32ns_32ns_32_4_max_dsp_1_U3                 | 3   |        | mul_i12_4_3_3         | fmul | maxdsp  | 3       |
|    fadd_32ns_32ns_32_5_full_dsp_1_U1                | 2   |        | add19_i_4_3_3         | fadd | fulldsp | 4       |
|    fmul_32ns_32ns_32_4_max_dsp_1_U3                 | 3   |        | mul_i12_4_3_4         | fmul | maxdsp  | 3       |
|    fadd_32ns_32ns_32_5_full_dsp_1_U1                | 2   |        | add19_i_4_3_4         | fadd | fulldsp | 4       |
|    fmul_32ns_32ns_32_4_max_dsp_1_U3                 | 3   |        | mul_i12_4_4           | fmul | maxdsp  | 3       |
|    fadd_32ns_32ns_32_5_full_dsp_1_U2                | 2   |        | add19_i_4_4           | fadd | fulldsp | 4       |
|    fmul_32ns_32ns_32_4_max_dsp_1_U3                 | 3   |        | mul_i12_4_4_1         | fmul | maxdsp  | 3       |
|    fadd_32ns_32ns_32_5_full_dsp_1_U1                | 2   |        | add19_i_4_4_1         | fadd | fulldsp | 4       |
|    fmul_32ns_32ns_32_4_max_dsp_1_U3                 | 3   |        | mul_i12_4_4_2         | fmul | maxdsp  | 3       |
|    fadd_32ns_32ns_32_5_full_dsp_1_U1                | 2   |        | add19_i_4_4_2         | fadd | fulldsp | 4       |
|    fmul_32ns_32ns_32_4_max_dsp_1_U3                 | 3   |        | mul_i12_4_4_3         | fmul | maxdsp  | 3       |
|    fadd_32ns_32ns_32_5_full_dsp_1_U1                | 2   |        | add19_i_4_4_3         | fadd | fulldsp | 4       |
|    fmul_32ns_32ns_32_4_max_dsp_1_U3                 | 3   |        | mul_i12_4_4_4         | fmul | maxdsp  | 3       |
|    fadd_32ns_32ns_32_5_full_dsp_1_U1                | 2   |        | add19_i_4_4_4         | fadd | fulldsp | 4       |
|    fadd_32ns_32ns_32_5_full_dsp_1_U1                | 2   |        | accumulator_assign_40 | fadd | fulldsp | 4       |
|    fadd_32ns_32ns_32_5_full_dsp_1_U1                | 2   |        | accumulator_assign_41 | fadd | fulldsp | 4       |
|    fadd_32ns_32ns_32_5_full_dsp_1_U1                | 2   |        | accumulator_assign_42 | fadd | fulldsp | 4       |
|    fadd_32ns_32ns_32_5_full_dsp_1_U1                | 2   |        | accumulator_assign_43 | fadd | fulldsp | 4       |
|    fadd_32ns_32ns_32_5_full_dsp_1_U1                | 2   |        | accumulator_assign_44 | fadd | fulldsp | 4       |
|    fmul_32ns_32ns_32_4_max_dsp_1_U3                 | 3   |        | mul_i12_4_1           | fmul | maxdsp  | 3       |
|    fadd_32ns_32ns_32_5_full_dsp_1_U2                | 2   |        | add19_i_4_1           | fadd | fulldsp | 4       |
|    fmul_32ns_32ns_32_4_max_dsp_1_U3                 | 3   |        | mul_i12_4_1_s         | fmul | maxdsp  | 3       |
|    fadd_32ns_32ns_32_5_full_dsp_1_U1                | 2   |        | add19_i_4_1_s         | fadd | fulldsp | 4       |
|    fmul_32ns_32ns_32_4_max_dsp_1_U3                 | 3   |        | mul_i12_4_1_5         | fmul | maxdsp  | 3       |
|    fadd_32ns_32ns_32_5_full_dsp_1_U1                | 2   |        | add19_i_4_1_5         | fadd | fulldsp | 4       |
|    fmul_32ns_32ns_32_4_max_dsp_1_U3                 | 3   |        | mul_i12_4_1_6         | fmul | maxdsp  | 3       |
|    fadd_32ns_32ns_32_5_full_dsp_1_U1                | 2   |        | add19_i_4_1_6         | fadd | fulldsp | 4       |
|    fmul_32ns_32ns_32_4_max_dsp_1_U3                 | 3   |        | mul_i12_4_1_7         | fmul | maxdsp  | 3       |
|    fadd_32ns_32ns_32_5_full_dsp_1_U1                | 2   |        | add19_i_4_1_7         | fadd | fulldsp | 4       |
|    fmul_32ns_32ns_32_4_max_dsp_1_U3                 | 3   |        | mul_i12_4_1_1         | fmul | maxdsp  | 3       |
|    fadd_32ns_32ns_32_5_full_dsp_1_U2                | 2   |        | add19_i_4_1_1         | fadd | fulldsp | 4       |
|    fmul_32ns_32ns_32_4_max_dsp_1_U3                 | 3   |        | mul_i12_4_1_1_1       | fmul | maxdsp  | 3       |
|    fadd_32ns_32ns_32_5_full_dsp_1_U1                | 2   |        | add19_i_4_1_1_1       | fadd | fulldsp | 4       |
|    fmul_32ns_32ns_32_4_max_dsp_1_U3                 | 3   |        | mul_i12_4_1_1_2       | fmul | maxdsp  | 3       |
|    fadd_32ns_32ns_32_5_full_dsp_1_U1                | 2   |        | add19_i_4_1_1_2       | fadd | fulldsp | 4       |
|    fmul_32ns_32ns_32_4_max_dsp_1_U3                 | 3   |        | mul_i12_4_1_1_3       | fmul | maxdsp  | 3       |
|    fadd_32ns_32ns_32_5_full_dsp_1_U1                | 2   |        | add19_i_4_1_1_3       | fadd | fulldsp | 4       |
|    fmul_32ns_32ns_32_4_max_dsp_1_U3                 | 3   |        | mul_i12_4_1_1_4       | fmul | maxdsp  | 3       |
|    fadd_32ns_32ns_32_5_full_dsp_1_U1                | 2   |        | add19_i_4_1_1_4       | fadd | fulldsp | 4       |
|    fmul_32ns_32ns_32_4_max_dsp_1_U3                 | 3   |        | mul_i12_4_1_2         | fmul | maxdsp  | 3       |
|    fadd_32ns_32ns_32_5_full_dsp_1_U2                | 2   |        | add19_i_4_1_2         | fadd | fulldsp | 4       |
|    fmul_32ns_32ns_32_4_max_dsp_1_U3                 | 3   |        | mul_i12_4_1_2_1       | fmul | maxdsp  | 3       |
|    fadd_32ns_32ns_32_5_full_dsp_1_U1                | 2   |        | add19_i_4_1_2_1       | fadd | fulldsp | 4       |
|    fmul_32ns_32ns_32_4_max_dsp_1_U3                 | 3   |        | mul_i12_4_1_2_2       | fmul | maxdsp  | 3       |
|    fadd_32ns_32ns_32_5_full_dsp_1_U1                | 2   |        | add19_i_4_1_2_2       | fadd | fulldsp | 4       |
|    fmul_32ns_32ns_32_4_max_dsp_1_U3                 | 3   |        | mul_i12_4_1_2_3       | fmul | maxdsp  | 3       |
|    fadd_32ns_32ns_32_5_full_dsp_1_U1                | 2   |        | add19_i_4_1_2_3       | fadd | fulldsp | 4       |
|    fmul_32ns_32ns_32_4_max_dsp_1_U3                 | 3   |        | mul_i12_4_1_2_4       | fmul | maxdsp  | 3       |
|    fadd_32ns_32ns_32_5_full_dsp_1_U1                | 2   |        | add19_i_4_1_2_4       | fadd | fulldsp | 4       |
|    fmul_32ns_32ns_32_4_max_dsp_1_U3                 | 3   |        | mul_i12_4_1_3         | fmul | maxdsp  | 3       |
|    fadd_32ns_32ns_32_5_full_dsp_1_U2                | 2   |        | add19_i_4_1_3         | fadd | fulldsp | 4       |
|    fmul_32ns_32ns_32_4_max_dsp_1_U3                 | 3   |        | mul_i12_4_1_3_1       | fmul | maxdsp  | 3       |
|    fadd_32ns_32ns_32_5_full_dsp_1_U1                | 2   |        | add19_i_4_1_3_1       | fadd | fulldsp | 4       |
|    fmul_32ns_32ns_32_4_max_dsp_1_U3                 | 3   |        | mul_i12_4_1_3_2       | fmul | maxdsp  | 3       |
|    fadd_32ns_32ns_32_5_full_dsp_1_U1                | 2   |        | add19_i_4_1_3_2       | fadd | fulldsp | 4       |
|    fmul_32ns_32ns_32_4_max_dsp_1_U3                 | 3   |        | mul_i12_4_1_3_3       | fmul | maxdsp  | 3       |
|    fadd_32ns_32ns_32_5_full_dsp_1_U1                | 2   |        | add19_i_4_1_3_3       | fadd | fulldsp | 4       |
|    fmul_32ns_32ns_32_4_max_dsp_1_U3                 | 3   |        | mul_i12_4_1_3_4       | fmul | maxdsp  | 3       |
|    fadd_32ns_32ns_32_5_full_dsp_1_U1                | 2   |        | add19_i_4_1_3_4       | fadd | fulldsp | 4       |
|    fmul_32ns_32ns_32_4_max_dsp_1_U3                 | 3   |        | mul_i12_4_1_4         | fmul | maxdsp  | 3       |
|    fadd_32ns_32ns_32_5_full_dsp_1_U2                | 2   |        | add19_i_4_1_4         | fadd | fulldsp | 4       |
|    fmul_32ns_32ns_32_4_max_dsp_1_U3                 | 3   |        | mul_i12_4_1_4_1       | fmul | maxdsp  | 3       |
|    fadd_32ns_32ns_32_5_full_dsp_1_U1                | 2   |        | add19_i_4_1_4_1       | fadd | fulldsp | 4       |
|    fmul_32ns_32ns_32_4_max_dsp_1_U3                 | 3   |        | mul_i12_4_1_4_2       | fmul | maxdsp  | 3       |
|    fadd_32ns_32ns_32_5_full_dsp_1_U1                | 2   |        | add19_i_4_1_4_2       | fadd | fulldsp | 4       |
|    fmul_32ns_32ns_32_4_max_dsp_1_U3                 | 3   |        | mul_i12_4_1_4_3       | fmul | maxdsp  | 3       |
|    fadd_32ns_32ns_32_5_full_dsp_1_U1                | 2   |        | add19_i_4_1_4_3       | fadd | fulldsp | 4       |
|    fmul_32ns_32ns_32_4_max_dsp_1_U3                 | 3   |        | mul_i12_4_1_4_4       | fmul | maxdsp  | 3       |
|    fadd_32ns_32ns_32_5_full_dsp_1_U1                | 2   |        | add19_i_4_1_4_4       | fadd | fulldsp | 4       |
|    fadd_32ns_32ns_32_5_full_dsp_1_U1                | 2   |        | accumulator_assign_45 | fadd | fulldsp | 4       |
|    fadd_32ns_32ns_32_5_full_dsp_1_U1                | 2   |        | accumulator_assign_46 | fadd | fulldsp | 4       |
|    fadd_32ns_32ns_32_5_full_dsp_1_U1                | 2   |        | accumulator_assign_47 | fadd | fulldsp | 4       |
|    fadd_32ns_32ns_32_5_full_dsp_1_U1                | 2   |        | accumulator_assign_48 | fadd | fulldsp | 4       |
|    fadd_32ns_32ns_32_5_full_dsp_1_U1                | 2   |        | accumulator_assign_49 | fadd | fulldsp | 4       |
|    fmul_32ns_32ns_32_4_max_dsp_1_U3                 | 3   |        | mul_i12_5             | fmul | maxdsp  | 3       |
|    fadd_32ns_32ns_32_5_full_dsp_1_U2                | 2   |        | add19_i_5             | fadd | fulldsp | 4       |
|    fmul_32ns_32ns_32_4_max_dsp_1_U3                 | 3   |        | mul_i12_5_s           | fmul | maxdsp  | 3       |
|    fadd_32ns_32ns_32_5_full_dsp_1_U1                | 2   |        | add19_i_5_s           | fadd | fulldsp | 4       |
|    fmul_32ns_32ns_32_4_max_dsp_1_U3                 | 3   |        | mul_i12_5_5           | fmul | maxdsp  | 3       |
|    fadd_32ns_32ns_32_5_full_dsp_1_U1                | 2   |        | add19_i_5_5           | fadd | fulldsp | 4       |
|    fmul_32ns_32ns_32_4_max_dsp_1_U3                 | 3   |        | mul_i12_5_6           | fmul | maxdsp  | 3       |
|    fadd_32ns_32ns_32_5_full_dsp_1_U1                | 2   |        | add19_i_5_6           | fadd | fulldsp | 4       |
|    fmul_32ns_32ns_32_4_max_dsp_1_U3                 | 3   |        | mul_i12_5_7           | fmul | maxdsp  | 3       |
|    fadd_32ns_32ns_32_5_full_dsp_1_U1                | 2   |        | add19_i_5_7           | fadd | fulldsp | 4       |
|    fmul_32ns_32ns_32_4_max_dsp_1_U3                 | 3   |        | mul_i12_5_8           | fmul | maxdsp  | 3       |
|    fadd_32ns_32ns_32_5_full_dsp_1_U2                | 2   |        | add19_i_5_8           | fadd | fulldsp | 4       |
|    fmul_32ns_32ns_32_4_max_dsp_1_U3                 | 3   |        | mul_i12_5_173_1       | fmul | maxdsp  | 3       |
|    fadd_32ns_32ns_32_5_full_dsp_1_U1                | 2   |        | add19_i_5_175_1       | fadd | fulldsp | 4       |
|    fmul_32ns_32ns_32_4_max_dsp_1_U3                 | 3   |        | mul_i12_5_173_2       | fmul | maxdsp  | 3       |
|    fadd_32ns_32ns_32_5_full_dsp_1_U1                | 2   |        | add19_i_5_175_2       | fadd | fulldsp | 4       |
|    fmul_32ns_32ns_32_4_max_dsp_1_U3                 | 3   |        | mul_i12_5_173_3       | fmul | maxdsp  | 3       |
|    fadd_32ns_32ns_32_5_full_dsp_1_U1                | 2   |        | add19_i_5_175_3       | fadd | fulldsp | 4       |
|    fmul_32ns_32ns_32_4_max_dsp_1_U3                 | 3   |        | mul_i12_5_173_4       | fmul | maxdsp  | 3       |
|    fadd_32ns_32ns_32_5_full_dsp_1_U1                | 2   |        | add19_i_5_175_4       | fadd | fulldsp | 4       |
|    fmul_32ns_32ns_32_4_max_dsp_1_U3                 | 3   |        | mul_i12_5_2           | fmul | maxdsp  | 3       |
|    fadd_32ns_32ns_32_5_full_dsp_1_U2                | 2   |        | add19_i_5_2           | fadd | fulldsp | 4       |
|    fmul_32ns_32ns_32_4_max_dsp_1_U3                 | 3   |        | mul_i12_5_2_1         | fmul | maxdsp  | 3       |
|    fadd_32ns_32ns_32_5_full_dsp_1_U1                | 2   |        | add19_i_5_2_1         | fadd | fulldsp | 4       |
|    fmul_32ns_32ns_32_4_max_dsp_1_U3                 | 3   |        | mul_i12_5_2_2         | fmul | maxdsp  | 3       |
|    fadd_32ns_32ns_32_5_full_dsp_1_U1                | 2   |        | add19_i_5_2_2         | fadd | fulldsp | 4       |
|    fmul_32ns_32ns_32_4_max_dsp_1_U3                 | 3   |        | mul_i12_5_2_3         | fmul | maxdsp  | 3       |
|    fadd_32ns_32ns_32_5_full_dsp_1_U1                | 2   |        | add19_i_5_2_3         | fadd | fulldsp | 4       |
|    fmul_32ns_32ns_32_4_max_dsp_1_U3                 | 3   |        | mul_i12_5_2_4         | fmul | maxdsp  | 3       |
|    fadd_32ns_32ns_32_5_full_dsp_1_U1                | 2   |        | add19_i_5_2_4         | fadd | fulldsp | 4       |
|    fmul_32ns_32ns_32_4_max_dsp_1_U3                 | 3   |        | mul_i12_5_3           | fmul | maxdsp  | 3       |
|    fadd_32ns_32ns_32_5_full_dsp_1_U2                | 2   |        | add19_i_5_3           | fadd | fulldsp | 4       |
|    fmul_32ns_32ns_32_4_max_dsp_1_U3                 | 3   |        | mul_i12_5_3_1         | fmul | maxdsp  | 3       |
|    fadd_32ns_32ns_32_5_full_dsp_1_U1                | 2   |        | add19_i_5_3_1         | fadd | fulldsp | 4       |
|    fmul_32ns_32ns_32_4_max_dsp_1_U3                 | 3   |        | mul_i12_5_3_2         | fmul | maxdsp  | 3       |
|    fadd_32ns_32ns_32_5_full_dsp_1_U1                | 2   |        | add19_i_5_3_2         | fadd | fulldsp | 4       |
|    fmul_32ns_32ns_32_4_max_dsp_1_U3                 | 3   |        | mul_i12_5_3_3         | fmul | maxdsp  | 3       |
|    fadd_32ns_32ns_32_5_full_dsp_1_U1                | 2   |        | add19_i_5_3_3         | fadd | fulldsp | 4       |
|    fmul_32ns_32ns_32_4_max_dsp_1_U3                 | 3   |        | mul_i12_5_3_4         | fmul | maxdsp  | 3       |
|    fadd_32ns_32ns_32_5_full_dsp_1_U1                | 2   |        | add19_i_5_3_4         | fadd | fulldsp | 4       |
|    fmul_32ns_32ns_32_4_max_dsp_1_U3                 | 3   |        | mul_i12_5_4           | fmul | maxdsp  | 3       |
|    fadd_32ns_32ns_32_5_full_dsp_1_U2                | 2   |        | add19_i_5_4           | fadd | fulldsp | 4       |
|    fmul_32ns_32ns_32_4_max_dsp_1_U3                 | 3   |        | mul_i12_5_4_1         | fmul | maxdsp  | 3       |
|    fadd_32ns_32ns_32_5_full_dsp_1_U1                | 2   |        | add19_i_5_4_1         | fadd | fulldsp | 4       |
|    fmul_32ns_32ns_32_4_max_dsp_1_U3                 | 3   |        | mul_i12_5_4_2         | fmul | maxdsp  | 3       |
|    fadd_32ns_32ns_32_5_full_dsp_1_U1                | 2   |        | add19_i_5_4_2         | fadd | fulldsp | 4       |
|    fmul_32ns_32ns_32_4_max_dsp_1_U3                 | 3   |        | mul_i12_5_4_3         | fmul | maxdsp  | 3       |
|    fadd_32ns_32ns_32_5_full_dsp_1_U1                | 2   |        | add19_i_5_4_3         | fadd | fulldsp | 4       |
|    fmul_32ns_32ns_32_4_max_dsp_1_U3                 | 3   |        | mul_i12_5_4_4         | fmul | maxdsp  | 3       |
|    fadd_32ns_32ns_32_5_full_dsp_1_U1                | 2   |        | add19_i_5_4_4         | fadd | fulldsp | 4       |
|    fadd_32ns_32ns_32_5_full_dsp_1_U2                | 2   |        | accumulator_assign_50 | fadd | fulldsp | 4       |
|    fadd_32ns_32ns_32_5_full_dsp_1_U2                | 2   |        | accumulator_assign_51 | fadd | fulldsp | 4       |
|    fadd_32ns_32ns_32_5_full_dsp_1_U2                | 2   |        | accumulator_assign_52 | fadd | fulldsp | 4       |
|    fadd_32ns_32ns_32_5_full_dsp_1_U2                | 2   |        | accumulator_assign_53 | fadd | fulldsp | 4       |
|    fadd_32ns_32ns_32_5_full_dsp_1_U2                | 2   |        | accumulator_assign_54 | fadd | fulldsp | 4       |
|    fmul_32ns_32ns_32_4_max_dsp_1_U3                 | 3   |        | mul_i12_5_1           | fmul | maxdsp  | 3       |
|    fadd_32ns_32ns_32_5_full_dsp_1_U2                | 2   |        | add19_i_5_1           | fadd | fulldsp | 4       |
|    fmul_32ns_32ns_32_4_max_dsp_1_U3                 | 3   |        | mul_i12_5_1_s         | fmul | maxdsp  | 3       |
|    fadd_32ns_32ns_32_5_full_dsp_1_U1                | 2   |        | add19_i_5_1_s         | fadd | fulldsp | 4       |
|    fmul_32ns_32ns_32_4_max_dsp_1_U3                 | 3   |        | mul_i12_5_1_5         | fmul | maxdsp  | 3       |
|    fadd_32ns_32ns_32_5_full_dsp_1_U1                | 2   |        | add19_i_5_1_5         | fadd | fulldsp | 4       |
|    fmul_32ns_32ns_32_4_max_dsp_1_U3                 | 3   |        | mul_i12_5_1_6         | fmul | maxdsp  | 3       |
|    fadd_32ns_32ns_32_5_full_dsp_1_U1                | 2   |        | add19_i_5_1_6         | fadd | fulldsp | 4       |
|    fmul_32ns_32ns_32_4_max_dsp_1_U3                 | 3   |        | mul_i12_5_1_7         | fmul | maxdsp  | 3       |
|    fadd_32ns_32ns_32_5_full_dsp_1_U1                | 2   |        | add19_i_5_1_7         | fadd | fulldsp | 4       |
|    fmul_32ns_32ns_32_4_max_dsp_1_U3                 | 3   |        | mul_i12_5_1_1         | fmul | maxdsp  | 3       |
|    fadd_32ns_32ns_32_5_full_dsp_1_U2                | 2   |        | add19_i_5_1_1         | fadd | fulldsp | 4       |
|    fmul_32ns_32ns_32_4_max_dsp_1_U3                 | 3   |        | mul_i12_5_1_1_1       | fmul | maxdsp  | 3       |
|    fadd_32ns_32ns_32_5_full_dsp_1_U1                | 2   |        | add19_i_5_1_1_1       | fadd | fulldsp | 4       |
|    fmul_32ns_32ns_32_4_max_dsp_1_U3                 | 3   |        | mul_i12_5_1_1_2       | fmul | maxdsp  | 3       |
|    fadd_32ns_32ns_32_5_full_dsp_1_U1                | 2   |        | add19_i_5_1_1_2       | fadd | fulldsp | 4       |
|    fmul_32ns_32ns_32_4_max_dsp_1_U3                 | 3   |        | mul_i12_5_1_1_3       | fmul | maxdsp  | 3       |
|    fadd_32ns_32ns_32_5_full_dsp_1_U1                | 2   |        | add19_i_5_1_1_3       | fadd | fulldsp | 4       |
|    fmul_32ns_32ns_32_4_max_dsp_1_U3                 | 3   |        | mul_i12_5_1_1_4       | fmul | maxdsp  | 3       |
|    fadd_32ns_32ns_32_5_full_dsp_1_U1                | 2   |        | add19_i_5_1_1_4       | fadd | fulldsp | 4       |
|    fmul_32ns_32ns_32_4_max_dsp_1_U3                 | 3   |        | mul_i12_5_1_2         | fmul | maxdsp  | 3       |
|    fadd_32ns_32ns_32_5_full_dsp_1_U2                | 2   |        | add19_i_5_1_2         | fadd | fulldsp | 4       |
|    fmul_32ns_32ns_32_4_max_dsp_1_U3                 | 3   |        | mul_i12_5_1_2_1       | fmul | maxdsp  | 3       |
|    fadd_32ns_32ns_32_5_full_dsp_1_U1                | 2   |        | add19_i_5_1_2_1       | fadd | fulldsp | 4       |
|    fmul_32ns_32ns_32_4_max_dsp_1_U3                 | 3   |        | mul_i12_5_1_2_2       | fmul | maxdsp  | 3       |
|    fadd_32ns_32ns_32_5_full_dsp_1_U1                | 2   |        | add19_i_5_1_2_2       | fadd | fulldsp | 4       |
|    fmul_32ns_32ns_32_4_max_dsp_1_U3                 | 3   |        | mul_i12_5_1_2_3       | fmul | maxdsp  | 3       |
|    fadd_32ns_32ns_32_5_full_dsp_1_U1                | 2   |        | add19_i_5_1_2_3       | fadd | fulldsp | 4       |
|    fmul_32ns_32ns_32_4_max_dsp_1_U3                 | 3   |        | mul_i12_5_1_2_4       | fmul | maxdsp  | 3       |
|    fadd_32ns_32ns_32_5_full_dsp_1_U1                | 2   |        | add19_i_5_1_2_4       | fadd | fulldsp | 4       |
|    fmul_32ns_32ns_32_4_max_dsp_1_U3                 | 3   |        | mul_i12_5_1_3         | fmul | maxdsp  | 3       |
|    fadd_32ns_32ns_32_5_full_dsp_1_U2                | 2   |        | add19_i_5_1_3         | fadd | fulldsp | 4       |
|    fmul_32ns_32ns_32_4_max_dsp_1_U3                 | 3   |        | mul_i12_5_1_3_1       | fmul | maxdsp  | 3       |
|    fadd_32ns_32ns_32_5_full_dsp_1_U1                | 2   |        | add19_i_5_1_3_1       | fadd | fulldsp | 4       |
|    fmul_32ns_32ns_32_4_max_dsp_1_U3                 | 3   |        | mul_i12_5_1_3_2       | fmul | maxdsp  | 3       |
|    fadd_32ns_32ns_32_5_full_dsp_1_U1                | 2   |        | add19_i_5_1_3_2       | fadd | fulldsp | 4       |
|    fmul_32ns_32ns_32_4_max_dsp_1_U3                 | 3   |        | mul_i12_5_1_3_3       | fmul | maxdsp  | 3       |
|    fadd_32ns_32ns_32_5_full_dsp_1_U1                | 2   |        | add19_i_5_1_3_3       | fadd | fulldsp | 4       |
|    fmul_32ns_32ns_32_4_max_dsp_1_U3                 | 3   |        | mul_i12_5_1_3_4       | fmul | maxdsp  | 3       |
|    fadd_32ns_32ns_32_5_full_dsp_1_U1                | 2   |        | add19_i_5_1_3_4       | fadd | fulldsp | 4       |
|    fmul_32ns_32ns_32_4_max_dsp_1_U3                 | 3   |        | mul_i12_5_1_4         | fmul | maxdsp  | 3       |
|    fadd_32ns_32ns_32_5_full_dsp_1_U2                | 2   |        | add19_i_5_1_4         | fadd | fulldsp | 4       |
|    fmul_32ns_32ns_32_4_max_dsp_1_U3                 | 3   |        | mul_i12_5_1_4_1       | fmul | maxdsp  | 3       |
|    fadd_32ns_32ns_32_5_full_dsp_1_U1                | 2   |        | add19_i_5_1_4_1       | fadd | fulldsp | 4       |
|    fmul_32ns_32ns_32_4_max_dsp_1_U3                 | 3   |        | mul_i12_5_1_4_2       | fmul | maxdsp  | 3       |
|    fadd_32ns_32ns_32_5_full_dsp_1_U1                | 2   |        | add19_i_5_1_4_2       | fadd | fulldsp | 4       |
|    fmul_32ns_32ns_32_4_max_dsp_1_U3                 | 3   |        | mul_i12_5_1_4_3       | fmul | maxdsp  | 3       |
|    fadd_32ns_32ns_32_5_full_dsp_1_U1                | 2   |        | add19_i_5_1_4_3       | fadd | fulldsp | 4       |
|    fmul_32ns_32ns_32_4_max_dsp_1_U3                 | 3   |        | mul_i12_5_1_4_4       | fmul | maxdsp  | 3       |
|    fadd_32ns_32ns_32_5_full_dsp_1_U1                | 2   |        | add19_i_5_1_4_4       | fadd | fulldsp | 4       |
|    fadd_32ns_32ns_32_5_full_dsp_1_U1                | 2   |        | accumulator_assign_55 | fadd | fulldsp | 4       |
|    fadd_32ns_32ns_32_5_full_dsp_1_U1                | 2   |        | accumulator_assign_56 | fadd | fulldsp | 4       |
|    fadd_32ns_32ns_32_5_full_dsp_1_U1                | 2   |        | accumulator_assign_57 | fadd | fulldsp | 4       |
|    fadd_32ns_32ns_32_5_full_dsp_1_U1                | 2   |        | accumulator_assign_58 | fadd | fulldsp | 4       |
|    fadd_32ns_32ns_32_5_full_dsp_1_U1                | 2   |        | accumulator_assign_59 | fadd | fulldsp | 4       |
|    add_ln133_fu_1496_p2                             | -   |        | add_ln133             | add  | fabric  | 0       |
|    add_ln133_1_fu_1512_p2                           | -   |        | add_ln133_1           | add  | fabric  | 0       |
|    add_ln93_fu_1394_p2                              | -   |        | add_ln93              | add  | fabric  | 0       |
|    add_ln91_2_fu_1119_p2                            | -   |        | add_ln91_2            | add  | fabric  | 0       |
+-----------------------------------------------------+-----+--------+-----------------------+------+---------+---------+


================================================================
== Bind Storage Report
================================================================
  No bind storage info in design

================================================================
== Pragma Report
================================================================
* Valid Pragma Syntax
+-----------------+--------------------------------------------------------------+--------------------------------------------------------------+
| Type            | Options                                                      | Location                                                     |
+-----------------+--------------------------------------------------------------+--------------------------------------------------------------+
| inline          |                                                              | ../src/lenet_conv_D3.cpp:13 in generate_window_5x5           |
| inline          |                                                              | ../src/lenet_conv_D3.cpp:32 in mac_5x5                       |
| inline          |                                                              | ../src/lenet_conv_D3.cpp:47 in mac_5x5_pe                    |
| array_partition | variable=window cyclic factor=5 dim=1                        | ../src/lenet_conv_D3.cpp:48 in mac_5x5_pe, window            |
| array_partition | variable=kernel cyclic factor=5 dim=1                        | ../src/lenet_conv_D3.cpp:49 in mac_5x5_pe, kernel            |
| array_partition | variable=partial complete dim=1                              | ../src/lenet_conv_D3.cpp:52 in mac_5x5_pe, partial           |
| unroll          |                                                              | ../src/lenet_conv_D3.cpp:56 in mac_5x5_pe                    |
| pipeline        |                                                              | ../src/lenet_conv_D3.cpp:62 in mac_5x5_pe                    |
| unroll          |                                                              | ../src/lenet_conv_D3.cpp:65 in mac_5x5_pe                    |
| pipeline        | II=1                                                         | ../src/lenet_conv_D3.cpp:94 in conv5x5_valid                 |
| array_partition | variable=accumulator complete dim=1                          | ../src/lenet_conv_D3.cpp:96 in conv5x5_valid, accumulator    |
| unroll          |                                                              | ../src/lenet_conv_D3.cpp:99 in conv5x5_valid                 |
| unroll          |                                                              | ../src/lenet_conv_D3.cpp:116 in conv5x5_valid                |
| unroll          |                                                              | ../src/lenet_conv_D3.cpp:128 in conv5x5_valid                |
| interface       | m_axi port=feature_in offset=direct bundle=gmem0 depth=1024  | ../src/lenet_conv_D3.cpp:246 in lenet_conv1_top, feature_in  |
| interface       | m_axi port=weight offset=direct bundle=gmem1 depth=150       | ../src/lenet_conv_D3.cpp:247 in lenet_conv1_top, weight      |
| interface       | m_axi port=bias offset=direct bundle=gmem2 depth=6           | ../src/lenet_conv_D3.cpp:248 in lenet_conv1_top, bias        |
| interface       | m_axi port=feature_out offset=direct bundle=gmem3 depth=4704 | ../src/lenet_conv_D3.cpp:249 in lenet_conv1_top, feature_out |
| interface       | ap_ctrl_hs port=return                                       | ../src/lenet_conv_D3.cpp:250 in lenet_conv1_top, return      |
| interface       | m_axi port=feature_in offset=direct bundle=gmem0 depth=1176  | ../src/lenet_conv_D3.cpp:262 in lenet_conv2_top, feature_in  |
| interface       | m_axi port=weight offset=direct bundle=gmem1 depth=2400      | ../src/lenet_conv_D3.cpp:263 in lenet_conv2_top, weight      |
| interface       | m_axi port=bias offset=direct bundle=gmem2 depth=16          | ../src/lenet_conv_D3.cpp:264 in lenet_conv2_top, bias        |
| interface       | m_axi port=feature_out offset=direct bundle=gmem3 depth=1600 | ../src/lenet_conv_D3.cpp:265 in lenet_conv2_top, feature_out |
| interface       | ap_ctrl_hs port=return                                       | ../src/lenet_conv_D3.cpp:266 in lenet_conv2_top, return      |
| interface       | m_axi port=feature_in offset=direct bundle=gmem0 depth=400   | ../src/lenet_conv_D3.cpp:280 in lenet_conv3_top, feature_in  |
| interface       | m_axi port=weight offset=direct bundle=gmem1 depth=48000     | ../src/lenet_conv_D3.cpp:281 in lenet_conv3_top, weight      |
| interface       | m_axi port=bias offset=direct bundle=gmem2 depth=120         | ../src/lenet_conv_D3.cpp:282 in lenet_conv3_top, bias        |
| interface       | m_axi port=feature_out offset=direct bundle=gmem3 depth=120  | ../src/lenet_conv_D3.cpp:283 in lenet_conv3_top, feature_out |
| interface       | ap_ctrl_hs port=return                                       | ../src/lenet_conv_D3.cpp:284 in lenet_conv3_top, return      |
| interface       | m_axi port=feature_in offset=direct bundle=gmem0 depth=120   | ../src/lenet_conv_D3.cpp:298 in lenet_fc1_top, feature_in    |
| interface       | m_axi port=weight offset=direct bundle=gmem1 depth=10080     | ../src/lenet_conv_D3.cpp:299 in lenet_fc1_top, weight        |
| interface       | m_axi port=bias offset=direct bundle=gmem2 depth=84          | ../src/lenet_conv_D3.cpp:300 in lenet_fc1_top, bias          |
| interface       | m_axi port=feature_out offset=direct bundle=gmem3 depth=84   | ../src/lenet_conv_D3.cpp:301 in lenet_fc1_top, feature_out   |
| interface       | ap_ctrl_hs port=return                                       | ../src/lenet_conv_D3.cpp:302 in lenet_fc1_top, return        |
| interface       | m_axi port=feature_in offset=direct bundle=gmem0 depth=84    | ../src/lenet_conv_D3.cpp:313 in lenet_fc2_top, feature_in    |
| interface       | m_axi port=weight offset=direct bundle=gmem1 depth=840       | ../src/lenet_conv_D3.cpp:314 in lenet_fc2_top, weight        |
| interface       | m_axi port=bias offset=direct bundle=gmem2 depth=10          | ../src/lenet_conv_D3.cpp:315 in lenet_fc2_top, bias          |
| interface       | m_axi port=feature_out offset=direct bundle=gmem3 depth=10   | ../src/lenet_conv_D3.cpp:316 in lenet_fc2_top, feature_out   |
| interface       | ap_ctrl_hs port=return                                       | ../src/lenet_conv_D3.cpp:317 in lenet_fc2_top, return        |
| interface       | m_axi port=feature_in offset=direct bundle=gmem0 depth=1024  | ../src/lenet_conv_D3.cpp:328 in lenet_full_top, feature_in   |
| interface       | m_axi port=weight offset=direct bundle=gmem1 depth=61470     | ../src/lenet_conv_D3.cpp:329 in lenet_full_top, weight       |
| interface       | m_axi port=bias offset=direct bundle=gmem2 depth=236         | ../src/lenet_conv_D3.cpp:330 in lenet_full_top, bias         |
| interface       | m_axi port=feature_out offset=direct bundle=gmem3 depth=10   | ../src/lenet_conv_D3.cpp:331 in lenet_full_top, feature_out  |
| interface       | ap_ctrl_hs port=return                                       | ../src/lenet_conv_D3.cpp:332 in lenet_full_top, return       |
+-----------------+--------------------------------------------------------------+--------------------------------------------------------------+


