sample_id,file_path,true_label,pred_label,correct,confidence,logit_0,logit_1,logit_2,logit_3,logit_4,logit_5,logit_6,logit_7,logit_8,logit_9,condition,parameter
0_0_01_0a5cfa52_r01c01__brightness_factor_0p7,./data/robustness/brightness/factor_0p7/normalized_32x32/0/0_0_01_0a5cfa52_r01c01__brightness_factor_0p7.npy,0,0,1,0.9892599470038542,5.961306095123291,-4.254758358001709,-5.899153709411621,-8.901537895202637,-6.789007663726807,-4.30527925491333,-2.5315637588500977,-0.8146446943283081,-4.020397186279297,1.2924435138702393,brightness,0.7x
0_0_01_0a5cfa52_r01c02__brightness_factor_0p7,./data/robustness/brightness/factor_0p7/normalized_32x32/0/0_0_01_0a5cfa52_r01c02__brightness_factor_0p7.npy,0,0,1,0.998450236372923,7.592051029205322,-6.857405662536621,-3.5920920372009277,-8.85879135131836,-7.517408847808838,-4.371548652648926,-2.670482873916626,-2.9023990631103516,-3.495375871658325,1.0580071210861206,brightness,0.7x
0_0_01_0a5cfa52_r01c03__brightness_factor_0p7,./data/robustness/brightness/factor_0p7/normalized_32x32/0/0_0_01_0a5cfa52_r01c03__brightness_factor_0p7.npy,0,0,1,0.985990440833402,6.428143501281738,-6.793302059173584,0.6467766761779785,-9.5905179977417,-11.676100730895996,-4.963127613067627,-5.768520832061768,-3.4060940742492676,1.9005985260009766,-1.8857741355895996,brightness,0.7x
0_0_01_0a5cfa52_r01c04__brightness_factor_0p7,./data/robustness/brightness/factor_0p7/normalized_32x32/0/0_0_01_0a5cfa52_r01c04__brightness_factor_0p7.npy,0,0,1,0.897631641749095,3.9176182746887207,-2.5612058639526367,-4.133115768432617,-7.421864032745361,-5.231164932250977,-3.3876733779907227,-0.9254300594329834,-1.2150037288665771,-1.1787099838256836,1.526145100593567,brightness,0.7x
0_0_01_0a5cfa52_r02c01__brightness_factor_0p7,./data/robustness/brightness/factor_0p7/normalized_32x32/0/0_0_01_0a5cfa52_r02c01__brightness_factor_0p7.npy,0,0,1,0.9976589118923352,6.1401848793029785,-4.215113639831543,-2.080212116241455,-5.964288234710693,-8.180418968200684,-0.9906854033470154,-2.5440428256988525,-1.5410490036010742,-2.424166679382324,-1.6396955251693726,brightness,0.7x
0_0_01_0a5cfa52_r02c02__brightness_factor_0p7,./data/robustness/brightness/factor_0p7/normalized_32x32/0/0_0_01_0a5cfa52_r02c02__brightness_factor_0p7.npy,0,0,1,0.8973020218239377,3.696276903152466,-7.325447082519531,-0.6011037230491638,-3.2317309379577637,-6.020513534545898,-2.528315782546997,-1.2714545726776123,-5.169417381286621,1.1708557605743408,-0.8425008654594421,brightness,0.7x
0_0_01_0a5cfa52_r02c03__brightness_factor_0p7,./data/robustness/brightness/factor_0p7/normalized_32x32/0/0_0_01_0a5cfa52_r02c03__brightness_factor_0p7.npy,0,0,1,0.9804632673795546,5.448540687561035,-7.325263977050781,-1.4324871301651,-7.476222515106201,-7.991328716278076,-4.680378437042236,-3.7072677612304688,-4.031421184539795,-1.833089828491211,1.4301713705062866,brightness,0.7x
0_0_01_0a5cfa52_r02c04__brightness_factor_0p7,./data/robustness/brightness/factor_0p7/normalized_32x32/0/0_0_01_0a5cfa52_r02c04__brightness_factor_0p7.npy,0,0,1,0.9778715683664535,5.367501258850098,-4.524646282196045,-1.5976908206939697,-8.063101768493652,-7.766385078430176,-4.0644941329956055,-3.1458561420440674,-2.6602113246917725,0.3748757541179657,1.115518569946289,brightness,0.7x
0_0_01_0a5cfa52_r03c01__brightness_factor_0p7,./data/robustness/brightness/factor_0p7/normalized_32x32/0/0_0_01_0a5cfa52_r03c01__brightness_factor_0p7.npy,0,0,1,0.9994605729418852,8.15868091583252,-4.808356285095215,-9.265199661254883,-9.459203720092773,-9.501959800720215,-2.8850231170654297,-1.2726552486419678,-0.3001883029937744,-7.362093448638916,-0.22328919172286987,brightness,0.7x
0_0_01_0a5cfa52_r03c02__brightness_factor_0p7,./data/robustness/brightness/factor_0p7/normalized_32x32/0/0_0_01_0a5cfa52_r03c02__brightness_factor_0p7.npy,0,0,1,0.9999594429171831,9.800040245056152,-5.903779983520508,-5.366011619567871,-11.124857902526855,-10.104968070983887,-4.88589334487915,-3.2100210189819336,-2.3641817569732666,-3.5925590991973877,-0.589624285697937,brightness,0.7x
0_0_01_0a5cfa52_r03c03__brightness_factor_0p7,./data/robustness/brightness/factor_0p7/normalized_32x32/0/0_0_01_0a5cfa52_r03c03__brightness_factor_0p7.npy,0,0,1,0.9980758984290806,6.984438896179199,-4.254636764526367,-5.608470916748047,-6.94859504699707,-6.086141109466553,-1.0801044702529907,0.40833425521850586,-2.268643379211426,-3.460710048675537,-2.5055668354034424,brightness,0.7x
0_0_01_0a5cfa52_r03c04__brightness_factor_0p7,./data/robustness/brightness/factor_0p7/normalized_32x32/0/0_0_01_0a5cfa52_r03c04__brightness_factor_0p7.npy,0,0,1,0.9994169643702867,8.332608222961426,-6.178264141082764,-8.848252296447754,-9.508049011230469,-9.392243385314941,-3.773137092590332,-1.8737260103225708,-0.42768794298171997,-7.455863952636719,0.4660823941230774,brightness,0.7x
0_0_01_0a5cfa52_r04c01__brightness_factor_0p7,./data/robustness/brightness/factor_0p7/normalized_32x32/0/0_0_01_0a5cfa52_r04c01__brightness_factor_0p7.npy,0,0,1,0.9961538458002754,5.780801773071289,-3.3076579570770264,-3.010745048522949,-6.675311088562012,-4.435891628265381,-2.0242323875427246,-1.0727447271347046,-1.0739506483078003,-2.0751001834869385,-1.5572638511657715,brightness,0.7x
0_0_01_0a5cfa52_r04c02__brightness_factor_0p7,./data/robustness/brightness/factor_0p7/normalized_32x32/0/0_0_01_0a5cfa52_r04c02__brightness_factor_0p7.npy,0,0,1,0.9953793253994968,6.625267505645752,-3.6931543350219727,-8.040220260620117,-8.716804504394531,-7.128970623016357,-3.8872807025909424,-1.3687143325805664,-1.2548290491104126,-4.358572959899902,1.0649478435516357,brightness,0.7x
0_0_01_0a5cfa52_r04c03__brightness_factor_0p7,./data/robustness/brightness/factor_0p7/normalized_32x32/0/0_0_01_0a5cfa52_r04c03__brightness_factor_0p7.npy,0,0,1,0.9636378461903262,3.8782896995544434,-3.2619731426239014,-0.9489951729774475,-4.4336113929748535,-3.5090322494506836,-2.6093039512634277,-2.3436648845672607,-0.6066218614578247,-3.540170907974243,-0.4891778528690338,brightness,0.7x
0_0_01_0a5cfa52_r04c04__brightness_factor_0p7,./data/robustness/brightness/factor_0p7/normalized_32x32/0/0_0_01_0a5cfa52_r04c04__brightness_factor_0p7.npy,0,0,1,0.9449453229054234,4.222876071929932,-3.2573320865631104,-3.7423338890075684,-4.5363359451293945,-3.9354798793792725,1.128103256225586,-1.6152807474136353,-2.2594592571258545,-1.7023200988769531,-1.1793708801269531,brightness,0.7x
0_0_02_0ab8b1e5_r01c01__brightness_factor_0p7,./data/robustness/brightness/factor_0p7/normalized_32x32/0/0_0_02_0ab8b1e5_r01c01__brightness_factor_0p7.npy,0,0,1,0.9795525964854056,5.094172477722168,-3.321194648742676,-4.918915748596191,-7.005128860473633,-6.856753349304199,-2.2942922115325928,-0.8783692717552185,-1.7191441059112549,-1.8237816095352173,0.9169439673423767,brightness,0.7x
0_0_02_0ab8b1e5_r01c02__brightness_factor_0p7,./data/robustness/brightness/factor_0p7/normalized_32x32/0/0_0_02_0ab8b1e5_r01c02__brightness_factor_0p7.npy,0,0,1,0.9950843574928576,6.55073881149292,-6.184267997741699,-5.841426372528076,-8.010966300964355,-9.211541175842285,-3.8843936920166016,-2.626154661178589,-1.5504114627838135,-2.771009922027588,1.1261279582977295,brightness,0.7x
0_0_02_0ab8b1e5_r01c03__brightness_factor_0p7,./data/robustness/brightness/factor_0p7/normalized_32x32/0/0_0_02_0ab8b1e5_r01c03__brightness_factor_0p7.npy,0,0,1,0.9946233665639805,6.8613481521606445,-5.87060022354126,-5.9884819984436035,-8.63693618774414,-8.356128692626953,-4.09312629699707,-1.9382789134979248,-2.0770022869110107,-2.0192298889160156,1.5552191734313965,brightness,0.7x
0_0_02_0ab8b1e5_r01c04__brightness_factor_0p7,./data/robustness/brightness/factor_0p7/normalized_32x32/0/0_0_02_0ab8b1e5_r01c04__brightness_factor_0p7.npy,0,0,1,0.9997030534513706,9.066625595092773,-9.073604583740234,-5.148409843444824,-9.94201946258545,-7.183020114898682,-5.376858711242676,-2.324434518814087,-3.578735113143921,-3.323385238647461,0.875296950340271,brightness,0.7x
0_0_02_0ab8b1e5_r02c01__brightness_factor_0p7,./data/robustness/brightness/factor_0p7/normalized_32x32/0/0_0_02_0ab8b1e5_r02c01__brightness_factor_0p7.npy,0,0,1,0.9973531657427855,7.639713287353516,-4.611120700836182,-7.501882553100586,-10.735698699951172,-7.490192890167236,-4.896022319793701,-0.6202090382575989,-2.9427802562713623,-1.8917102813720703,1.55979585647583,brightness,0.7x
0_0_02_0ab8b1e5_r02c02__brightness_factor_0p7,./data/robustness/brightness/factor_0p7/normalized_32x32/0/0_0_02_0ab8b1e5_r02c02__brightness_factor_0p7.npy,0,0,1,0.9980076503228286,7.575474739074707,-6.366099834442139,-3.70827054977417,-9.994473457336426,-9.643014907836914,-5.442261695861816,-2.785735607147217,-3.7413418292999268,-0.3180631399154663,1.114737629890442,brightness,0.7x
0_0_02_0ab8b1e5_r02c03__brightness_factor_0p7,./data/robustness/brightness/factor_0p7/normalized_32x32/0/0_0_02_0ab8b1e5_r02c03__brightness_factor_0p7.npy,0,0,1,0.9876774420930448,6.406774997711182,-6.706653594970703,-2.688786268234253,-8.632098197937012,-8.7130765914917,-4.84544563293457,-2.9210216999053955,-4.03214693069458,-1.1188981533050537,1.9578663110733032,brightness,0.7x
0_0_02_0ab8b1e5_r02c04__brightness_factor_0p7,./data/robustness/brightness/factor_0p7/normalized_32x32/0/0_0_02_0ab8b1e5_r02c04__brightness_factor_0p7.npy,0,0,1,0.9601760533169578,5.522375106811523,-5.868403911590576,-2.284424066543579,-8.764398574829102,-7.715423583984375,-4.734200477600098,-2.708513021469116,-3.863593578338623,-0.38500186800956726,2.250899314880371,brightness,0.7x
0_0_02_0ab8b1e5_r03c01__brightness_factor_0p7,./data/robustness/brightness/factor_0p7/normalized_32x32/0/0_0_02_0ab8b1e5_r03c01__brightness_factor_0p7.npy,0,0,1,0.9955235008931611,5.851288318634033,-4.809259414672852,-5.988279342651367,-5.490984916687012,-5.68894624710083,-2.1872732639312744,-0.3308684229850769,-0.7918723821640015,-4.479916572570801,-1.3847923278808594,brightness,0.7x
0_0_02_0ab8b1e5_r03c02__brightness_factor_0p7,./data/robustness/brightness/factor_0p7/normalized_32x32/0/0_0_02_0ab8b1e5_r03c02__brightness_factor_0p7.npy,0,0,1,0.9989227911958095,8.742165565490723,-5.852088928222656,-11.859210968017578,-11.41168212890625,-9.085172653198242,-5.3308210372924805,-2.332258701324463,-0.6920491456985474,-7.277797698974609,1.8157999515533447,brightness,0.7x
0_0_02_0ab8b1e5_r03c03__brightness_factor_0p7,./data/robustness/brightness/factor_0p7/normalized_32x32/0/0_0_02_0ab8b1e5_r03c03__brightness_factor_0p7.npy,0,0,1,0.9999908987440004,11.020421981811523,-6.58383846282959,-8.869263648986816,-9.228288650512695,-8.624460220336914,-3.4941301345825195,-1.228040337562561,-1.908112645149231,-6.249037265777588,-2.515242338180542,brightness,0.7x
0_0_02_0ab8b1e5_r03c04__brightness_factor_0p7,./data/robustness/brightness/factor_0p7/normalized_32x32/0/0_0_02_0ab8b1e5_r03c04__brightness_factor_0p7.npy,0,0,1,0.966499227976866,4.333363056182861,-4.686782360076904,-4.76170539855957,-4.752020359039307,-4.356790065765381,-1.9738942384719849,0.06602145731449127,-1.7937031984329224,-3.2594375610351562,0.17404422163963318,brightness,0.7x
0_0_02_0ab8b1e5_r04c01__brightness_factor_0p7,./data/robustness/brightness/factor_0p7/normalized_32x32/0/0_0_02_0ab8b1e5_r04c01__brightness_factor_0p7.npy,0,0,1,0.9998444178059394,9.05199909210205,-4.560995578765869,-10.201738357543945,-9.905617713928223,-9.412851333618164,-3.831082344055176,-0.9824369549751282,-1.3540451526641846,-6.009861946105957,-0.4142444431781769,brightness,0.7x
0_0_02_0ab8b1e5_r04c02__brightness_factor_0p7,./data/robustness/brightness/factor_0p7/normalized_32x32/0/0_0_02_0ab8b1e5_r04c02__brightness_factor_0p7.npy,0,0,1,0.9996615145914304,8.747564315795898,-6.558316707611084,-11.464176177978516,-9.011711120605469,-6.992516040802002,-3.749532699584961,-0.20351722836494446,-1.8243181705474854,-6.981855869293213,0.11999422311782837,brightness,0.7x
0_0_02_0ab8b1e5_r04c03__brightness_factor_0p7,./data/robustness/brightness/factor_0p7/normalized_32x32/0/0_0_02_0ab8b1e5_r04c03__brightness_factor_0p7.npy,0,0,1,0.9998186491561267,9.001302719116211,-5.238887786865234,-8.031896591186523,-9.773497581481934,-6.999054908752441,-3.7431674003601074,-1.1788147687911987,-1.7223734855651855,-4.492587089538574,-0.05770602822303772,brightness,0.7x
0_0_02_0ab8b1e5_r04c04__brightness_factor_0p7,./data/robustness/brightness/factor_0p7/normalized_32x32/0/0_0_02_0ab8b1e5_r04c04__brightness_factor_0p7.npy,0,0,1,0.9984805644977414,8.11286449432373,-7.478607654571533,-5.744654655456543,-9.853991508483887,-7.94127893447876,-5.4405388832092285,-3.1738369464874268,-2.879828453063965,-5.112514495849609,1.602562665939331,brightness,0.7x
1_1_01_19f74917_r01c01__brightness_factor_0p7,./data/robustness/brightness/factor_0p7/normalized_32x32/1/1_1_01_19f74917_r01c01__brightness_factor_0p7.npy,1,1,1,0.9370713316674151,-2.0969431400299072,3.7205543518066406,-1.5448657274246216,-4.655735969543457,-1.932003378868103,-0.26532286405563354,-0.27147984504699707,-1.1198687553405762,-0.8837382793426514,-4.317887783050537,brightness,0.7x
1_1_01_19f74917_r01c02__brightness_factor_0p7,./data/robustness/brightness/factor_0p7/normalized_32x32/1/1_1_01_19f74917_r01c02__brightness_factor_0p7.npy,1,1,1,0.9727651919888515,-2.487748146057129,4.447351932525635,-2.0518081188201904,-4.8018622398376465,-2.123082160949707,0.11856546252965927,-0.8443536162376404,-1.11478590965271,-1.825942873954773,-4.999490261077881,brightness,0.7x
1_1_01_19f74917_r01c03__brightness_factor_0p7,./data/robustness/brightness/factor_0p7/normalized_32x32/1/1_1_01_19f74917_r01c03__brightness_factor_0p7.npy,1,1,1,0.9994283919832544,-4.282438278198242,7.627325057983398,-3.377572536468506,-7.7948150634765625,-2.2766706943511963,-0.336245059967041,-2.174187421798706,-1.8376368284225464,-3.3367867469787598,-7.373444557189941,brightness,0.7x
1_1_01_19f74917_r01c04__brightness_factor_0p7,./data/robustness/brightness/factor_0p7/normalized_32x32/1/1_1_01_19f74917_r01c04__brightness_factor_0p7.npy,1,1,1,0.9990282583016928,-4.376407146453857,7.332595348358154,-3.7827353477478027,-8.563905715942383,-2.2206010818481445,-0.4577954411506653,-0.7516931295394897,-2.520430326461792,-1.8428082466125488,-7.667580604553223,brightness,0.7x
1_1_01_19f74917_r02c01__brightness_factor_0p7,./data/robustness/brightness/factor_0p7/normalized_32x32/1/1_1_01_19f74917_r02c01__brightness_factor_0p7.npy,1,1,1,0.9987462595919407,-5.5323662757873535,7.210625171661377,-3.2945940494537354,-5.608298301696777,-5.195289134979248,-1.4063403606414795,-5.454141616821289,0.3158935010433197,-4.241039752960205,-4.274168491363525,brightness,0.7x
1_1_01_19f74917_r02c02__brightness_factor_0p7,./data/robustness/brightness/factor_0p7/normalized_32x32/1/1_1_01_19f74917_r02c02__brightness_factor_0p7.npy,1,1,1,0.9972990549854324,-3.2198362350463867,6.262457847595215,-3.2773282527923584,-7.1129069328308105,-3.415933132171631,-0.7047054767608643,-2.295631170272827,-0.5167385339736938,-2.171743631362915,-5.5844573974609375,brightness,0.7x
1_1_01_19f74917_r02c03__brightness_factor_0p7,./data/robustness/brightness/factor_0p7/normalized_32x32/1/1_1_01_19f74917_r02c03__brightness_factor_0p7.npy,1,1,1,0.9905612131071602,-2.607048988342285,5.444908142089844,-3.47579026222229,-6.025050163269043,-1.9157952070236206,-0.2732674777507782,-1.609631061553955,-0.18713530898094177,-1.8670659065246582,-4.888278007507324,brightness,0.7x
1_1_01_19f74917_r02c04__brightness_factor_0p7,./data/robustness/brightness/factor_0p7/normalized_32x32/1/1_1_01_19f74917_r02c04__brightness_factor_0p7.npy,1,1,1,0.9988446710190761,-4.910283088684082,7.456503868103027,-5.409394264221191,-8.27482795715332,-1.336700439453125,0.18659880757331848,-1.0326398611068726,-2.3391542434692383,-2.6759936809539795,-6.889196872711182,brightness,0.7x
1_1_01_19f74917_r03c01__brightness_factor_0p7,./data/robustness/brightness/factor_0p7/normalized_32x32/1/1_1_01_19f74917_r03c01__brightness_factor_0p7.npy,1,1,1,0.9838070378298945,-2.8836395740509033,5.01356840133667,-3.644385576248169,-5.920738220214844,-0.3244941234588623,0.05266699194908142,-1.5656534433364868,-1.483382225036621,-1.907602310180664,-3.5000338554382324,brightness,0.7x
1_1_01_19f74917_r03c02__brightness_factor_0p7,./data/robustness/brightness/factor_0p7/normalized_32x32/1/1_1_01_19f74917_r03c02__brightness_factor_0p7.npy,1,1,1,0.9823425793451853,-2.775135040283203,4.8157243728637695,-2.3764424324035645,-5.196392059326172,-1.0310195684432983,0.06263858079910278,-1.6184099912643433,-1.1897094249725342,-2.090259552001953,-4.554418563842773,brightness,0.7x
1_1_01_19f74917_r03c03__brightness_factor_0p7,./data/robustness/brightness/factor_0p7/normalized_32x32/1/1_1_01_19f74917_r03c03__brightness_factor_0p7.npy,1,1,1,0.9974787669732115,-6.713055610656738,7.020966053009033,0.852533757686615,-6.598167896270752,-2.96372652053833,-2.171337604522705,-3.241748332977295,-1.3171120882034302,-4.671333312988281,-7.799280166625977,brightness,0.7x
1_1_01_19f74917_r03c04__brightness_factor_0p7,./data/robustness/brightness/factor_0p7/normalized_32x32/1/1_1_01_19f74917_r03c04__brightness_factor_0p7.npy,1,1,1,0.9989307186151657,-2.8624298572540283,6.955978870391846,-3.373596429824829,-7.0198588371276855,-2.996259927749634,-0.45882076025009155,-3.059204578399658,-1.306966781616211,-3.55104660987854,-5.892784118652344,brightness,0.7x
1_1_01_19f74917_r04c01__brightness_factor_0p7,./data/robustness/brightness/factor_0p7/normalized_32x32/1/1_1_01_19f74917_r04c01__brightness_factor_0p7.npy,1,1,1,0.9890674685502459,-2.9243288040161133,5.431521415710449,-4.244325637817383,-6.586597442626953,-1.0256092548370361,0.034374088048934937,-1.9637928009033203,-0.3184429407119751,-1.687082052230835,-4.603238105773926,brightness,0.7x
1_1_01_19f74917_r04c02__brightness_factor_0p7,./data/robustness/brightness/factor_0p7/normalized_32x32/1/1_1_01_19f74917_r04c02__brightness_factor_0p7.npy,1,1,1,0.9903755487182518,-2.8249616622924805,5.484737396240234,-3.7433621883392334,-6.401023864746094,-1.2954542636871338,-0.04750135540962219,-2.028611183166504,-0.2999322712421417,-1.9083038568496704,-4.694210052490234,brightness,0.7x
1_1_01_19f74917_r04c03__brightness_factor_0p7,./data/robustness/brightness/factor_0p7/normalized_32x32/1/1_1_01_19f74917_r04c03__brightness_factor_0p7.npy,1,1,1,0.9783905020837338,-2.5741212368011475,4.834843635559082,-3.7517762184143066,-5.786057472229004,-1.0318397283554077,-0.022757098078727722,-1.7866052389144897,-0.05251181125640869,-1.5673075914382935,-4.054728031158447,brightness,0.7x
1_1_01_19f74917_r04c04__brightness_factor_0p7,./data/robustness/brightness/factor_0p7/normalized_32x32/1/1_1_01_19f74917_r04c04__brightness_factor_0p7.npy,1,1,1,0.9965218321178969,-2.4481520652770996,5.949527263641357,-2.0410380363464355,-6.037075042724609,-3.3235037326812744,-1.0997456312179565,-2.558962821960449,-0.5064771771430969,-2.69468355178833,-5.654119491577148,brightness,0.7x
1_1_02_4cdb4850_r01c01__brightness_factor_0p7,./data/robustness/brightness/factor_0p7/normalized_32x32/1/1_1_02_4cdb4850_r01c01__brightness_factor_0p7.npy,1,1,1,0.9907794106055873,-3.5543136596679688,5.443285942077637,-2.0447137355804443,-6.658149242401123,-2.2666666507720947,-0.1890372782945633,-0.26172101497650146,-2.1807239055633545,-1.7311680316925049,-6.752257823944092,brightness,0.7x
1_1_02_4cdb4850_r01c02__brightness_factor_0p7,./data/robustness/brightness/factor_0p7/normalized_32x32/1/1_1_02_4cdb4850_r01c02__brightness_factor_0p7.npy,1,1,1,0.9711577850910272,-4.683243274688721,4.325121879577637,-0.7514699697494507,-4.997627258300781,-2.828510046005249,0.04148334264755249,-0.6733945608139038,-2.1092827320098877,-3.749830722808838,-7.55271053314209,brightness,0.7x
1_1_02_4cdb4850_r01c03__brightness_factor_0p7,./data/robustness/brightness/factor_0p7/normalized_32x32/1/1_1_02_4cdb4850_r01c03__brightness_factor_0p7.npy,1,1,1,0.9954596651646986,-3.3416340351104736,5.7595438957214355,-2.26261568069458,-6.419540882110596,-3.823859930038452,-0.3820347785949707,-2.2082772254943848,-0.978855311870575,-2.182183265686035,-5.825035095214844,brightness,0.7x
1_1_02_4cdb4850_r01c04__brightness_factor_0p7,./data/robustness/brightness/factor_0p7/normalized_32x32/1/1_1_02_4cdb4850_r01c04__brightness_factor_0p7.npy,1,1,1,0.9992756632645156,-3.3111064434051514,7.189974784851074,-3.7932069301605225,-8.128432273864746,-3.44873309135437,-0.7006977796554565,-3.0004680156707764,-1.414198875427246,-2.540079355239868,-6.140337944030762,brightness,0.7x
1_1_02_4cdb4850_r02c01__brightness_factor_0p7,./data/robustness/brightness/factor_0p7/normalized_32x32/1/1_1_02_4cdb4850_r02c01__brightness_factor_0p7.npy,1,1,1,0.9990474460049059,-3.8080532550811768,6.869934558868408,-2.5506606101989746,-6.660475254058838,-1.9817636013031006,-1.1470941305160522,-2.5183088779449463,-1.4543020725250244,-3.111515998840332,-5.992923736572266,brightness,0.7x
1_1_02_4cdb4850_r02c02__brightness_factor_0p7,./data/robustness/brightness/factor_0p7/normalized_32x32/1/1_1_02_4cdb4850_r02c02__brightness_factor_0p7.npy,1,1,1,0.9967808388032484,-3.434337615966797,6.429339408874512,-4.816191673278809,-7.1703901290893555,-1.5335673093795776,-0.1529150903224945,-1.7402102947235107,-0.5898486971855164,-1.8909964561462402,-5.1728596687316895,brightness,0.7x
1_1_02_4cdb4850_r02c03__brightness_factor_0p7,./data/robustness/brightness/factor_0p7/normalized_32x32/1/1_1_02_4cdb4850_r02c03__brightness_factor_0p7.npy,1,1,1,0.984729679352086,-8.54187297821045,6.44195556640625,-0.7043243050575256,-3.6753220558166504,-3.960477828979492,-4.048840045928955,-7.8119401931762695,2.21575927734375,-6.23003625869751,-5.191812992095947,brightness,0.7x
1_1_02_4cdb4850_r02c04__brightness_factor_0p7,./data/robustness/brightness/factor_0p7/normalized_32x32/1/1_1_02_4cdb4850_r02c04__brightness_factor_0p7.npy,1,1,1,0.9442803021935026,-1.8276612758636475,4.106715202331543,-3.2507829666137695,-5.556030750274658,-1.9700899124145508,0.11576911062002182,0.26732420921325684,-1.2953681945800781,-0.6524670720100403,-4.021492004394531,brightness,0.7x
1_1_02_4cdb4850_r03c01__brightness_factor_0p7,./data/robustness/brightness/factor_0p7/normalized_32x32/1/1_1_02_4cdb4850_r03c01__brightness_factor_0p7.npy,1,1,1,0.9994601162736534,-4.369901657104492,7.713123321533203,-3.3380727767944336,-7.918578624725342,-2.3135623931884766,-0.3546898365020752,-1.7963531017303467,-1.8708255290985107,-3.230684757232666,-7.818021774291992,brightness,0.7x
1_1_02_4cdb4850_r03c02__brightness_factor_0p7,./data/robustness/brightness/factor_0p7/normalized_32x32/1/1_1_02_4cdb4850_r03c02__brightness_factor_0p7.npy,1,1,1,0.9984268792012541,-2.722550392150879,6.510681629180908,-2.3139536380767822,-6.9617919921875,-3.377471923828125,-0.8767789602279663,-2.570272922515869,-1.1767207384109497,-2.8593955039978027,-6.595643520355225,brightness,0.7x
1_1_02_4cdb4850_r03c03__brightness_factor_0p7,./data/robustness/brightness/factor_0p7/normalized_32x32/1/1_1_02_4cdb4850_r03c03__brightness_factor_0p7.npy,1,1,1,0.9903671759941786,-2.6287457942962646,5.084358215332031,-0.9978592395782471,-5.694781303405762,-2.3689963817596436,-0.2580685317516327,-2.7414000034332275,-1.8874300718307495,-3.2467918395996094,-5.212986469268799,brightness,0.7x
1_1_02_4cdb4850_r03c04__brightness_factor_0p7,./data/robustness/brightness/factor_0p7/normalized_32x32/1/1_1_02_4cdb4850_r03c04__brightness_factor_0p7.npy,1,1,1,0.966465486537038,-2.5560362339019775,4.129875659942627,-0.7465469241142273,-4.346812725067139,-1.7725627422332764,-0.04200499504804611,-1.8038939237594604,-1.464493751525879,-2.898170232772827,-4.3513336181640625,brightness,0.7x
1_1_02_4cdb4850_r04c01__brightness_factor_0p7,./data/robustness/brightness/factor_0p7/normalized_32x32/1/1_1_02_4cdb4850_r04c01__brightness_factor_0p7.npy,1,1,1,0.9997238907246588,-5.052094459533691,8.695962905883789,-6.637106418609619,-10.347579002380371,-0.47290557622909546,-0.640475332736969,-3.098252058029175,-0.9896364808082581,-2.6037521362304688,-6.018611431121826,brightness,0.7x
1_1_02_4cdb4850_r04c02__brightness_factor_0p7,./data/robustness/brightness/factor_0p7/normalized_32x32/1/1_1_02_4cdb4850_r04c02__brightness_factor_0p7.npy,1,1,1,0.9960529844852056,-3.2352962493896484,6.238526821136475,-4.846182346343994,-8.329229354858398,-0.9627485871315002,-0.29501885175704956,-2.5485496520996094,-0.6809795498847961,-1.3293461799621582,-5.033443450927734,brightness,0.7x
1_1_02_4cdb4850_r04c03__brightness_factor_0p7,./data/robustness/brightness/factor_0p7/normalized_32x32/1/1_1_02_4cdb4850_r04c03__brightness_factor_0p7.npy,1,1,1,0.9948892932313201,-3.0787527561187744,6.051600933074951,-4.100161552429199,-7.062839031219482,-1.2629671096801758,-0.1315922886133194,-2.359790563583374,-0.3077162504196167,-2.1001129150390625,-4.936315059661865,brightness,0.7x
1_1_02_4cdb4850_r04c04__brightness_factor_0p7,./data/robustness/brightness/factor_0p7/normalized_32x32/1/1_1_02_4cdb4850_r04c04__brightness_factor_0p7.npy,1,1,1,0.9858608137800016,-2.7510266304016113,5.093688011169434,-2.8643364906311035,-5.784547805786133,-0.8398833274841309,0.1889723539352417,-1.5209091901779175,-1.511449933052063,-2.098716974258423,-4.410204887390137,brightness,0.7x
2_2_01_2e3151dd_r01c01__brightness_factor_0p7,./data/robustness/brightness/factor_0p7/normalized_32x32/2/2_2_01_2e3151dd_r01c01__brightness_factor_0p7.npy,2,2,1,0.9999577584186761,-6.444417476654053,-4.226550102233887,10.621885299682617,-3.9841504096984863,-5.5409417152404785,-6.861636161804199,-8.148170471191406,0.5260997414588928,-7.521366596221924,-10.60847282409668,brightness,0.7x
2_2_01_2e3151dd_r01c02__brightness_factor_0p7,./data/robustness/brightness/factor_0p7/normalized_32x32/2/2_2_01_2e3151dd_r01c02__brightness_factor_0p7.npy,2,2,1,0.9991258153156032,-2.162097454071045,-5.6649885177612305,8.024565696716309,-3.5003817081451416,-4.542996883392334,-4.331270694732666,-7.243701457977295,-0.29756319522857666,0.5632764101028442,-7.171317100524902,brightness,0.7x
2_2_01_2e3151dd_r01c03__brightness_factor_0p7,./data/robustness/brightness/factor_0p7/normalized_32x32/2/2_2_01_2e3151dd_r01c03__brightness_factor_0p7.npy,2,2,1,0.9999670748867309,-5.851044654846191,-6.0435791015625,11.286996841430664,-3.795808792114258,-6.56794548034668,-7.846653938293457,-9.190397262573242,0.9542201161384583,-7.647762298583984,-10.243115425109863,brightness,0.7x
2_2_01_2e3151dd_r01c04__brightness_factor_0p7,./data/robustness/brightness/factor_0p7/normalized_32x32/2/2_2_01_2e3151dd_r01c04__brightness_factor_0p7.npy,2,2,1,0.9998857435712302,-7.169717788696289,-4.681037902832031,11.979421615600586,-5.25316047668457,-6.6873931884765625,-9.580791473388672,-10.953943252563477,2.9014835357666016,-6.629943370819092,-9.870125770568848,brightness,0.7x
2_2_01_2e3151dd_r02c01__brightness_factor_0p7,./data/robustness/brightness/factor_0p7/normalized_32x32/2/2_2_01_2e3151dd_r02c01__brightness_factor_0p7.npy,2,2,1,0.9782665941086303,-2.214526653289795,-0.8707442283630371,6.218748092651367,-6.883014678955078,-3.2075767517089844,-3.570720672607422,-8.112421035766602,2.3335447311401367,-4.445825576782227,-1.4684724807739258,brightness,0.7x
2_2_01_2e3151dd_r02c02__brightness_factor_0p7,./data/robustness/brightness/factor_0p7/normalized_32x32/2/2_2_01_2e3151dd_r02c02__brightness_factor_0p7.npy,2,2,1,0.9984622564086365,-1.9994539022445679,-3.0874128341674805,6.675600528717041,-5.819127082824707,-0.8045628666877747,-3.985928535461426,-7.034428596496582,-1.0288243293762207,-4.567564964294434,-1.5970757007598877,brightness,0.7x
2_2_01_2e3151dd_r02c03__brightness_factor_0p7,./data/robustness/brightness/factor_0p7/normalized_32x32/2/2_2_01_2e3151dd_r02c03__brightness_factor_0p7.npy,2,2,1,0.9999734257336386,-7.735260009765625,-5.184699535369873,11.667069435119629,-3.2446351051330566,-7.017827033996582,-9.417739868164062,-12.658309936523438,1.1161082983016968,-6.616629600524902,-9.17998218536377,brightness,0.7x
2_2_01_2e3151dd_r02c04__brightness_factor_0p7,./data/robustness/brightness/factor_0p7/normalized_32x32/2/2_2_01_2e3151dd_r02c04__brightness_factor_0p7.npy,2,2,1,0.9999983810278524,-7.37890625,-7.318735122680664,14.209306716918945,-4.179949760437012,-9.181199073791504,-10.585440635681152,-11.501188278198242,0.8684490919113159,-7.970084190368652,-11.893321990966797,brightness,0.7x
2_2_01_2e3151dd_r03c01__brightness_factor_0p7,./data/robustness/brightness/factor_0p7/normalized_32x32/2/2_2_01_2e3151dd_r03c01__brightness_factor_0p7.npy,2,2,1,0.9999622483171017,-7.894472599029541,-2.3054885864257812,10.350232124328613,-3.9600815773010254,-4.848172187805176,-8.40510368347168,-7.7221245765686035,0.050522178411483765,-7.120908260345459,-10.066604614257812,brightness,0.7x
2_2_01_2e3151dd_r03c02__brightness_factor_0p7,./data/robustness/brightness/factor_0p7/normalized_32x32/2/2_2_01_2e3151dd_r03c02__brightness_factor_0p7.npy,2,2,1,0.999795506463421,-7.158858299255371,-1.9975378513336182,10.765109062194824,-5.732855796813965,-5.648676872253418,-9.157866477966309,-11.983270645141602,2.2539663314819336,-4.291845321655273,-8.30922794342041,brightness,0.7x
2_2_01_2e3151dd_r03c03__brightness_factor_0p7,./data/robustness/brightness/factor_0p7/normalized_32x32/2/2_2_01_2e3151dd_r03c03__brightness_factor_0p7.npy,2,2,1,0.9999357874400846,-8.256050109863281,-2.3641700744628906,10.430320739746094,-3.77829647064209,-5.110610008239746,-8.577386856079102,-7.765043258666992,0.7181411981582642,-7.340195178985596,-10.220809936523438,brightness,0.7x
2_2_01_2e3151dd_r03c04__brightness_factor_0p7,./data/robustness/brightness/factor_0p7/normalized_32x32/2/2_2_01_2e3151dd_r03c04__brightness_factor_0p7.npy,2,2,1,0.9999870677771993,-6.223901748657227,-4.024158477783203,11.397754669189453,-3.333521842956543,-6.1164679527282715,-5.513352394104004,-9.4171142578125,0.081795334815979,-5.266502857208252,-8.079140663146973,brightness,0.7x
2_2_01_2e3151dd_r04c01__brightness_factor_0p7,./data/robustness/brightness/factor_0p7/normalized_32x32/2/2_2_01_2e3151dd_r04c01__brightness_factor_0p7.npy,2,2,1,0.9999999355552341,-8.910715103149414,-3.2394087314605713,15.608179092407227,-8.233283996582031,-7.588523864746094,-8.21953010559082,-11.979620933532715,-1.0595752000808716,-9.990074157714844,-13.162225723266602,brightness,0.7x
2_2_01_2e3151dd_r04c02__brightness_factor_0p7,./data/robustness/brightness/factor_0p7/normalized_32x32/2/2_2_01_2e3151dd_r04c02__brightness_factor_0p7.npy,2,2,1,0.9997672453157328,-9.674086570739746,-4.257922172546387,11.81634521484375,-3.243025302886963,-6.633244514465332,-10.466712951660156,-12.972419738769531,3.44930362701416,-7.880138397216797,-9.076130867004395,brightness,0.7x
2_2_01_2e3151dd_r04c03__brightness_factor_0p7,./data/robustness/brightness/factor_0p7/normalized_32x32/2/2_2_01_2e3151dd_r04c03__brightness_factor_0p7.npy,2,2,1,0.9996504152892758,-6.3450927734375,-4.06730842590332,8.809426307678223,-1.765817403793335,-4.956910610198975,-5.8766350746154785,-8.339466094970703,0.7594155073165894,-5.559439182281494,-6.782861709594727,brightness,0.7x
2_2_01_2e3151dd_r04c04__brightness_factor_0p7,./data/robustness/brightness/factor_0p7/normalized_32x32/2/2_2_01_2e3151dd_r04c04__brightness_factor_0p7.npy,2,3,0,0.9503425019280494,-4.777449131011963,-3.0289390087127686,1.5801546573638916,4.770025730133057,-2.997222900390625,-2.2333271503448486,-7.9419965744018555,-1.050815224647522,-0.40545812249183655,-2.584517002105713,brightness,0.7x
2_2_02_cbfae05c_r01c01__brightness_factor_0p7,./data/robustness/brightness/factor_0p7/normalized_32x32/2/2_2_02_cbfae05c_r01c01__brightness_factor_0p7.npy,2,2,1,0.9999996266984267,-5.943245887756348,-7.267730712890625,13.121574401855469,-4.565082550048828,-7.147808074951172,-8.076508522033691,-8.705231666564941,-1.7670717239379883,-7.308521747589111,-11.727051734924316,brightness,0.7x
2_2_02_cbfae05c_r01c02__brightness_factor_0p7,./data/robustness/brightness/factor_0p7/normalized_32x32/2/2_2_02_cbfae05c_r01c02__brightness_factor_0p7.npy,2,2,1,0.9999546520913971,-6.355915546417236,-4.382976055145264,10.975272178649902,-3.8431944847106934,-5.516147136688232,-7.773170471191406,-10.826338768005371,0.9580416083335876,-6.311047554016113,-7.693444728851318,brightness,0.7x
2_2_02_cbfae05c_r01c03__brightness_factor_0p7,./data/robustness/brightness/factor_0p7/normalized_32x32/2/2_2_02_cbfae05c_r01c03__brightness_factor_0p7.npy,2,2,1,0.9969570352552235,-7.133820056915283,-1.785409688949585,6.966552257537842,-0.6360645294189453,-4.846232891082764,-6.083655834197998,-10.676923751831055,0.92340487241745,-4.645171642303467,-6.449290752410889,brightness,0.7x
2_2_02_cbfae05c_r01c04__brightness_factor_0p7,./data/robustness/brightness/factor_0p7/normalized_32x32/2/2_2_02_cbfae05c_r01c04__brightness_factor_0p7.npy,2,1,0,0.5921256116400313,-3.411496639251709,3.210883617401123,2.652616024017334,-5.519036293029785,-2.7605037689208984,-3.5078020095825195,-5.955206394195557,0.969102680683136,-3.3565876483917236,-2.4154789447784424,brightness,0.7x
2_2_02_cbfae05c_r02c01__brightness_factor_0p7,./data/robustness/brightness/factor_0p7/normalized_32x32/2/2_2_02_cbfae05c_r02c01__brightness_factor_0p7.npy,2,2,1,0.9999984302174398,-9.379326820373535,-3.601742744445801,11.865950584411621,-1.9807729721069336,-4.1357316970825195,-4.085540771484375,-9.184226036071777,-3.6897215843200684,-8.693598747253418,-9.711384773254395,brightness,0.7x
2_2_02_cbfae05c_r02c02__brightness_factor_0p7,./data/robustness/brightness/factor_0p7/normalized_32x32/2/2_2_02_cbfae05c_r02c02__brightness_factor_0p7.npy,2,2,1,0.9999991383035025,-6.575545310974121,-7.821683883666992,13.718688011169434,-4.111023902893066,-7.771789073944092,-8.786957740783691,-10.013688087463379,-0.2703583240509033,-8.237407684326172,-13.233282089233398,brightness,0.7x
2_2_02_cbfae05c_r02c03__brightness_factor_0p7,./data/robustness/brightness/factor_0p7/normalized_32x32/2/2_2_02_cbfae05c_r02c03__brightness_factor_0p7.npy,2,2,1,0.9999988893491493,-5.8681111335754395,-6.880788326263428,13.418188095092773,-4.909235954284668,-8.05306625366211,-8.66486930847168,-10.30406379699707,-0.31041085720062256,-6.4497480392456055,-12.427900314331055,brightness,0.7x
2_2_02_cbfae05c_r02c04__brightness_factor_0p7,./data/robustness/brightness/factor_0p7/normalized_32x32/2/2_2_02_cbfae05c_r02c04__brightness_factor_0p7.npy,2,2,1,0.9999985908892971,-6.840194225311279,-7.94780158996582,13.459811210632324,-3.8243155479431152,-7.165590286254883,-9.112262725830078,-10.558277130126953,-0.03755928575992584,-10.280305862426758,-12.350279808044434,brightness,0.7x
2_2_02_cbfae05c_r03c01__brightness_factor_0p7,./data/robustness/brightness/factor_0p7/normalized_32x32/2/2_2_02_cbfae05c_r03c01__brightness_factor_0p7.npy,2,2,1,0.9999842055704992,-8.09039306640625,-3.6244964599609375,12.288961410522461,-5.050029754638672,-5.6511688232421875,-9.25246810913086,-8.764589309692383,1.2221529483795166,-8.168678283691406,-10.869206428527832,brightness,0.7x
2_2_02_cbfae05c_r03c02__brightness_factor_0p7,./data/robustness/brightness/factor_0p7/normalized_32x32/2/2_2_02_cbfae05c_r03c02__brightness_factor_0p7.npy,2,2,1,0.9999924979000298,-9.160775184631348,-2.331106185913086,12.458853721618652,-4.982970237731934,-5.614536285400391,-9.661470413208008,-10.831377029418945,0.6005123853683472,-6.903539180755615,-10.575643539428711,brightness,0.7x
2_2_02_cbfae05c_r03c03__brightness_factor_0p7,./data/robustness/brightness/factor_0p7/normalized_32x32/2/2_2_02_cbfae05c_r03c03__brightness_factor_0p7.npy,2,2,1,0.9998238878003833,-8.917037963867188,-2.0329551696777344,10.092790603637695,-3.587996006011963,-4.798713684082031,-8.6152982711792,-9.180755615234375,1.408186912536621,-6.789769172668457,-8.925557136535645,brightness,0.7x
2_2_02_cbfae05c_r03c04__brightness_factor_0p7,./data/robustness/brightness/factor_0p7/normalized_32x32/2/2_2_02_cbfae05c_r03c04__brightness_factor_0p7.npy,2,2,1,0.9997625687050403,-8.633878707885742,-2.405573844909668,10.120707511901855,-2.8384287357330322,-4.651156425476074,-7.5590410232543945,-11.884398460388184,1.7464525699615479,-4.891246318817139,-6.570132732391357,brightness,0.7x
2_2_02_cbfae05c_r04c01__brightness_factor_0p7,./data/robustness/brightness/factor_0p7/normalized_32x32/2/2_2_02_cbfae05c_r04c01__brightness_factor_0p7.npy,2,2,1,0.9980224007154733,-6.660327434539795,-3.6595778465270996,8.772046089172363,-3.2469124794006348,-5.179150581359863,-8.055999755859375,-10.401601791381836,2.542329788208008,-6.396385669708252,-7.306608200073242,brightness,0.7x
2_2_02_cbfae05c_r04c02__brightness_factor_0p7,./data/robustness/brightness/factor_0p7/normalized_32x32/2/2_2_02_cbfae05c_r04c02__brightness_factor_0p7.npy,2,2,1,0.9999523299163889,-5.789633750915527,-2.2327377796173096,10.318684577941895,-5.710700035095215,-5.504714012145996,-7.853079795837402,-7.791369438171387,0.2701852321624756,-4.176671504974365,-8.971264839172363,brightness,0.7x
2_2_02_cbfae05c_r04c03__brightness_factor_0p7,./data/robustness/brightness/factor_0p7/normalized_32x32/2/2_2_02_cbfae05c_r04c03__brightness_factor_0p7.npy,2,2,1,0.9996621427129977,-4.733308792114258,-2.470855236053467,6.955779552459717,-3.7482833862304688,-2.251478672027588,-4.3750715255737305,-3.747384786605835,-2.343705415725708,-9.464766502380371,-8.211984634399414,brightness,0.7x
2_2_02_cbfae05c_r04c04__brightness_factor_0p7,./data/robustness/brightness/factor_0p7/normalized_32x32/2/2_2_02_cbfae05c_r04c04__brightness_factor_0p7.npy,2,2,1,0.9999132849449467,-6.453524112701416,-3.4870193004608154,8.461257934570312,-1.7744951248168945,-4.687541961669922,-6.303678512573242,-6.26287841796875,-1.7327821254730225,-4.006950855255127,-7.92023229598999,brightness,0.7x
3_3_01_3ef7df64_r01c01__brightness_factor_0p7,./data/robustness/brightness/factor_0p7/normalized_32x32/3/3_3_01_3ef7df64_r01c01__brightness_factor_0p7.npy,3,3,1,0.9982064536432717,-4.339785575866699,-3.980652093887329,-3.142143964767456,6.494368553161621,-5.155885219573975,-0.47591209411621094,-5.827493667602539,-4.129093170166016,-0.9852994084358215,-2.364057779312134,brightness,0.7x
3_3_01_3ef7df64_r01c02__brightness_factor_0p7,./data/robustness/brightness/factor_0p7/normalized_32x32/3/3_3_01_3ef7df64_r01c02__brightness_factor_0p7.npy,3,3,1,0.9988667551004885,-4.194473743438721,-5.1056318283081055,-3.0977470874786377,6.990055084228516,-4.594553470611572,-0.16297566890716553,-6.5356059074401855,-4.172739028930664,-1.4032138586044312,-3.1424946784973145,brightness,0.7x
3_3_01_3ef7df64_r01c03__brightness_factor_0p7,./data/robustness/brightness/factor_0p7/normalized_32x32/3/3_3_01_3ef7df64_r01c03__brightness_factor_0p7.npy,3,3,1,0.9715382238115163,-2.956190347671509,-3.5077762603759766,-3.583324432373047,3.9623775482177734,-2.4235572814941406,-0.37418216466903687,-7.711345195770264,-1.2134889364242554,-4.762759685516357,-1.0553900003433228,brightness,0.7x
3_3_01_3ef7df64_r01c04__brightness_factor_0p7,./data/robustness/brightness/factor_0p7/normalized_32x32/3/3_3_01_3ef7df64_r01c04__brightness_factor_0p7.npy,3,3,1,0.9997541496415953,-5.193548202514648,-6.21436882019043,-3.4553871154785156,8.481474876403809,-5.968405246734619,-0.36878615617752075,-7.079050540924072,-5.2548065185546875,-0.831107497215271,-4.463621616363525,brightness,0.7x
3_3_01_3ef7df64_r02c01__brightness_factor_0p7,./data/robustness/brightness/factor_0p7/normalized_32x32/3/3_3_01_3ef7df64_r02c01__brightness_factor_0p7.npy,3,3,1,0.9976381636720507,-7.055322647094727,-4.685853004455566,-5.588057518005371,7.74392032623291,-7.200843811035156,1.633649230003357,-5.5983662605285645,-5.294525146484375,-1.1675300598144531,-5.137156009674072,brightness,0.7x
3_3_01_3ef7df64_r02c02__brightness_factor_0p7,./data/robustness/brightness/factor_0p7/normalized_32x32/3/3_3_01_3ef7df64_r02c02__brightness_factor_0p7.npy,3,3,1,0.9999952974798144,-8.8331298828125,-7.139485836029053,-3.6718859672546387,11.791690826416016,-8.788111686706543,-1.6154804229736328,-10.375663757324219,-6.600027561187744,-0.9339547157287598,-6.355836868286133,brightness,0.7x
3_3_01_3ef7df64_r02c03__brightness_factor_0p7,./data/robustness/brightness/factor_0p7/normalized_32x32/3/3_3_01_3ef7df64_r02c03__brightness_factor_0p7.npy,3,3,1,0.9997122138585229,-4.048394203186035,-4.7008891105651855,-3.9583253860473633,7.6779961585998535,-5.766800403594971,-1.3842023611068726,-7.4933762550354,-3.966291904449463,-1.387991189956665,-2.9277539253234863,brightness,0.7x
3_3_01_3ef7df64_r02c04__brightness_factor_0p7,./data/robustness/brightness/factor_0p7/normalized_32x32/3/3_3_01_3ef7df64_r02c04__brightness_factor_0p7.npy,3,3,1,0.9989067713812448,-3.198537826538086,-3.8626129627227783,-2.6854419708251953,6.374854564666748,-4.970277309417725,-1.3580400943756104,-6.945058822631836,-3.228083848953247,-2.133420944213867,-2.417339563369751,brightness,0.7x
3_3_01_3ef7df64_r03c01__brightness_factor_0p7,./data/robustness/brightness/factor_0p7/normalized_32x32/3/3_3_01_3ef7df64_r03c01__brightness_factor_0p7.npy,3,3,1,0.9999898875512416,-8.301485061645508,-6.24830961227417,-3.8086578845977783,10.820777893066406,-8.4381103515625,-1.124748706817627,-9.006844520568848,-5.929327011108398,-1.9010874032974243,-5.374331474304199,brightness,0.7x
3_3_01_3ef7df64_r03c02__brightness_factor_0p7,./data/robustness/brightness/factor_0p7/normalized_32x32/3/3_3_01_3ef7df64_r03c02__brightness_factor_0p7.npy,3,3,1,0.9999138836262426,-6.896213531494141,-5.377265453338623,-3.7427022457122803,9.312825202941895,-7.274625301361084,-0.960477888584137,-8.03976058959961,-6.122697830200195,-0.6439932584762573,-4.286549091339111,brightness,0.7x
3_3_01_3ef7df64_r03c03__brightness_factor_0p7,./data/robustness/brightness/factor_0p7/normalized_32x32/3/3_3_01_3ef7df64_r03c03__brightness_factor_0p7.npy,3,3,1,0.99802674340439,-6.7116827964782715,-4.9247565269470215,0.4310062825679779,6.787599563598633,-4.050865650177002,-3.2139194011688232,-8.473282814025879,-2.7887356281280518,-2.499211072921753,-5.390702247619629,brightness,0.7x
3_3_01_3ef7df64_r03c04__brightness_factor_0p7,./data/robustness/brightness/factor_0p7/normalized_32x32/3/3_3_01_3ef7df64_r03c04__brightness_factor_0p7.npy,3,3,1,0.8053077248996636,-3.099048137664795,-1.8187402486801147,-0.1197289377450943,2.404466390609741,-1.2521227598190308,-1.5383155345916748,-4.709258556365967,-0.2906726002693176,-2.6661388874053955,-1.3645620346069336,brightness,0.7x
3_3_01_3ef7df64_r04c01__brightness_factor_0p7,./data/robustness/brightness/factor_0p7/normalized_32x32/3/3_3_01_3ef7df64_r04c01__brightness_factor_0p7.npy,3,3,1,0.7325411352521343,-2.03601336479187,-2.4756479263305664,-2.537250280380249,1.9163017272949219,-1.1391111612319946,-0.8014736175537109,-3.9821650981903076,0.20727460086345673,-4.487734317779541,-1.842054009437561,brightness,0.7x
3_3_01_3ef7df64_r04c02__brightness_factor_0p7,./data/robustness/brightness/factor_0p7/normalized_32x32/3/3_3_01_3ef7df64_r04c02__brightness_factor_0p7.npy,3,3,1,0.4502130187126314,-2.878234386444092,-0.6899281740188599,-2.13741397857666,1.4568442106246948,-0.25324881076812744,-2.137974739074707,-5.500608921051025,0.7625072002410889,-1.9224531650543213,0.32048386335372925,brightness,0.7x
3_3_01_3ef7df64_r04c03__brightness_factor_0p7,./data/robustness/brightness/factor_0p7/normalized_32x32/3/3_3_01_3ef7df64_r04c03__brightness_factor_0p7.npy,3,7,0,0.5101342597899621,-3.5709400177001953,0.6034505367279053,-0.3403342664241791,-1.3370888233184814,0.7134445905685425,-3.586613416671753,-6.0262274742126465,2.24043345451355,-3.3050248622894287,1.407450556755066,brightness,0.7x
3_3_01_3ef7df64_r04c04__brightness_factor_0p7,./data/robustness/brightness/factor_0p7/normalized_32x32/3/3_3_01_3ef7df64_r04c04__brightness_factor_0p7.npy,3,1,0,0.8862295523864981,-4.249908447265625,3.943169593811035,-0.6822354197502136,-2.9225988388061523,0.6489440202713013,-3.0188302993774414,-5.972580432891846,1.2771189212799072,-4.0952935218811035,-0.7330379486083984,brightness,0.7x
3_3_02_0ace0337_r01c01__brightness_factor_0p7,./data/robustness/brightness/factor_0p7/normalized_32x32/3/3_3_02_0ace0337_r01c01__brightness_factor_0p7.npy,3,3,1,0.9988845557087824,-4.974083423614502,-4.41798210144043,-3.9236440658569336,7.0845561027526855,-5.206827163696289,0.05525614321231842,-7.537750244140625,-3.985138416290283,-2.1973726749420166,-2.2886765003204346,brightness,0.7x
3_3_02_0ace0337_r01c02__brightness_factor_0p7,./data/robustness/brightness/factor_0p7/normalized_32x32/3/3_3_02_0ace0337_r01c02__brightness_factor_0p7.npy,3,3,1,0.45740352558470676,-2.006645679473877,-2.1642279624938965,-0.9941638708114624,1.4604249000549316,-0.3730297088623047,1.109985113143921,-3.3831958770751953,-2.484807014465332,-1.579416036605835,-0.8108370900154114,brightness,0.7x
3_3_02_0ace0337_r01c03__brightness_factor_0p7,./data/robustness/brightness/factor_0p7/normalized_32x32/3/3_3_02_0ace0337_r01c03__brightness_factor_0p7.npy,3,3,1,0.996815097475891,-4.4065680503845215,-3.4549832344055176,-2.8908512592315674,6.18051815032959,-4.925973892211914,-0.3397131562232971,-5.134878635406494,-3.2759666442871094,-0.4566810429096222,-3.0281991958618164,brightness,0.7x
3_3_02_0ace0337_r01c04__brightness_factor_0p7,./data/robustness/brightness/factor_0p7/normalized_32x32/3/3_3_02_0ace0337_r01c04__brightness_factor_0p7.npy,3,3,1,0.9994139358401355,-7.081531047821045,-3.762826681137085,-3.7209503650665283,7.778759956359863,-6.642360687255859,0.18795520067214966,-8.086991310119629,-4.01558780670166,-2.731693983078003,-2.7918357849121094,brightness,0.7x
3_3_02_0ace0337_r02c01__brightness_factor_0p7,./data/robustness/brightness/factor_0p7/normalized_32x32/3/3_3_02_0ace0337_r02c01__brightness_factor_0p7.npy,3,3,1,0.9977527622498293,-5.087143421173096,-3.604377508163452,-3.154618263244629,6.492563724517822,-5.453686237335205,0.023553527891635895,-5.985588073730469,-4.199243068695068,-1.171660304069519,-2.891786813735962,brightness,0.7x
3_3_02_0ace0337_r02c02__brightness_factor_0p7,./data/robustness/brightness/factor_0p7/normalized_32x32/3/3_3_02_0ace0337_r02c02__brightness_factor_0p7.npy,3,3,1,0.9920134770223202,-4.409003734588623,-2.7815921306610107,-2.2059693336486816,5.2936224937438965,-4.341999053955078,-0.009675875306129456,-5.004852771759033,-3.2893290519714355,-1.3110558986663818,-2.2879838943481445,brightness,0.7x
3_3_02_0ace0337_r02c03__brightness_factor_0p7,./data/robustness/brightness/factor_0p7/normalized_32x32/3/3_3_02_0ace0337_r02c03__brightness_factor_0p7.npy,3,3,1,0.999657257363119,-5.053951740264893,-5.651341438293457,-3.251615047454834,8.103506088256836,-5.700124740600586,-0.41334661841392517,-7.260347366333008,-5.1255598068237305,-0.9458045959472656,-3.6845169067382812,brightness,0.7x
3_3_02_0ace0337_r02c04__brightness_factor_0p7,./data/robustness/brightness/factor_0p7/normalized_32x32/3/3_3_02_0ace0337_r02c04__brightness_factor_0p7.npy,3,3,1,0.9999565706244147,-7.439946174621582,-6.067596435546875,-2.3336446285247803,9.892586708068848,-7.147836208343506,-1.0658938884735107,-8.322479248046875,-5.265904426574707,-0.9012621641159058,-5.9177961349487305,brightness,0.7x
3_3_02_0ace0337_r03c01__brightness_factor_0p7,./data/robustness/brightness/factor_0p7/normalized_32x32/3/3_3_02_0ace0337_r03c01__brightness_factor_0p7.npy,3,3,1,0.9998839372387508,-6.568805694580078,-5.226567268371582,-2.3421056270599365,8.625310897827148,-6.087153434753418,-1.1862179040908813,-7.24761438369751,-3.5613720417022705,-1.602545976638794,-5.1836934089660645,brightness,0.7x
3_3_02_0ace0337_r03c02__brightness_factor_0p7,./data/robustness/brightness/factor_0p7/normalized_32x32/3/3_3_02_0ace0337_r03c02__brightness_factor_0p7.npy,3,3,1,0.7268389671850738,-1.1311907768249512,-2.397595167160034,-2.139453887939453,2.0344021320343018,-1.9136148691177368,-0.3681432008743286,-4.471786975860596,-0.5684329867362976,-2.3815414905548096,-0.1826746016740799,brightness,0.7x
3_3_02_0ace0337_r03c03__brightness_factor_0p7,./data/robustness/brightness/factor_0p7/normalized_32x32/3/3_3_02_0ace0337_r03c03__brightness_factor_0p7.npy,3,3,1,0.4966802487797727,-2.080819845199585,-1.9814518690109253,-2.0608229637145996,1.4613380432128906,-0.5159025192260742,-0.69597989320755,-4.923768997192383,0.23807302117347717,-3.0142199993133545,0.4437958896160126,brightness,0.7x
3_3_02_0ace0337_r03c04__brightness_factor_0p7,./data/robustness/brightness/factor_0p7/normalized_32x32/3/3_3_02_0ace0337_r03c04__brightness_factor_0p7.npy,3,3,1,0.836698305462632,-4.155636310577393,-1.008953332901001,-0.576007604598999,2.828470468521118,-1.8732963800430298,-2.0033435821533203,-6.222742557525635,0.5284531116485596,-3.3755993843078613,-1.0821820497512817,brightness,0.7x
3_3_02_0ace0337_r04c01__brightness_factor_0p7,./data/robustness/brightness/factor_0p7/normalized_32x32/3/3_3_02_0ace0337_r04c01__brightness_factor_0p7.npy,3,3,1,0.9949263848866226,-5.092672348022461,-4.219048500061035,-2.6595468521118164,5.736050128936768,-2.937882661819458,-0.8398838639259338,-5.690121173858643,-0.0477851927280426,-3.8814313411712646,-3.6080591678619385,brightness,0.7x
3_3_02_0ace0337_r04c02__brightness_factor_0p7,./data/robustness/brightness/factor_0p7/normalized_32x32/3/3_3_02_0ace0337_r04c02__brightness_factor_0p7.npy,3,3,1,0.9937102928527054,-4.224037170410156,-3.356173515319824,-1.2267625331878662,5.513357639312744,-4.080657005310059,-0.10954625904560089,-4.404270648956299,-2.6158032417297363,-1.5245362520217896,-4.540556907653809,brightness,0.7x
3_3_02_0ace0337_r04c03__brightness_factor_0p7,./data/robustness/brightness/factor_0p7/normalized_32x32/3/3_3_02_0ace0337_r04c03__brightness_factor_0p7.npy,3,3,1,0.9648316323476016,-4.362920761108398,-2.421316385269165,0.7623032331466675,4.450252532958984,-3.730689525604248,-0.48376205563545227,-5.017923355102539,-2.0859336853027344,-2.440251111984253,-3.9751815795898438,brightness,0.7x
3_3_02_0ace0337_r04c04__brightness_factor_0p7,./data/robustness/brightness/factor_0p7/normalized_32x32/3/3_3_02_0ace0337_r04c04__brightness_factor_0p7.npy,3,1,0,0.7188850105692242,-2.4230551719665527,2.5673484802246094,-0.4032324552536011,-1.8424406051635742,0.4432075321674347,-1.7034765481948853,-3.1629412174224854,0.5983215570449829,-2.5932230949401855,-0.6838998794555664,brightness,0.7x
4_4_01_ecfe458e_r01c01__brightness_factor_0p7,./data/robustness/brightness/factor_0p7/normalized_32x32/4/4_4_01_ecfe458e_r01c01__brightness_factor_0p7.npy,4,4,1,0.9923351137777906,-4.020185947418213,-1.3916796445846558,-1.589318037033081,-3.5050220489501953,5.19036865234375,-1.5241557359695435,-3.383425235748291,-3.281848669052124,-1.71886146068573,-0.873566746711731,brightness,0.7x
4_4_01_ecfe458e_r01c02__brightness_factor_0p7,./data/robustness/brightness/factor_0p7/normalized_32x32/4/4_4_01_ecfe458e_r01c02__brightness_factor_0p7.npy,4,4,1,0.9998272449514739,-5.8495306968688965,-0.9887666702270508,-2.800048828125,-6.906024932861328,9.60723876953125,-4.347157001495361,-4.2017598152160645,-1.688643455505371,-6.832433700561523,0.6518974900245667,brightness,0.7x
4_4_01_ecfe458e_r01c03__brightness_factor_0p7,./data/robustness/brightness/factor_0p7/normalized_32x32/4/4_4_01_ecfe458e_r01c03__brightness_factor_0p7.npy,4,4,1,0.9988928980788656,-5.919317722320557,-1.9802535772323608,-5.155709266662598,-8.038347244262695,8.672037124633789,-4.419288158416748,-3.5992307662963867,-0.6466994285583496,-4.800749778747559,1.7494680881500244,brightness,0.7x
4_4_01_ecfe458e_r01c04__brightness_factor_0p7,./data/robustness/brightness/factor_0p7/normalized_32x32/4/4_4_01_ecfe458e_r01c04__brightness_factor_0p7.npy,4,4,1,0.9998737746627219,-5.2635273933410645,-2.9987969398498535,-5.911591053009033,-6.76237154006958,9.492438316345215,-4.358630180358887,-1.1638479232788086,-0.8482574820518494,-6.189074516296387,-0.1512121856212616,brightness,0.7x
4_4_01_ecfe458e_r02c01__brightness_factor_0p7,./data/robustness/brightness/factor_0p7/normalized_32x32/4/4_4_01_ecfe458e_r02c01__brightness_factor_0p7.npy,4,4,1,0.999995753279576,-5.835555553436279,-3.7529335021972656,-4.155654430389404,-7.618974685668945,11.311233520507812,-2.510021209716797,-3.8873629570007324,-2.873570442199707,-5.990151882171631,-1.9393141269683838,brightness,0.7x
4_4_01_ecfe458e_r02c02__brightness_factor_0p7,./data/robustness/brightness/factor_0p7/normalized_32x32/4/4_4_01_ecfe458e_r02c02__brightness_factor_0p7.npy,4,4,1,0.9999660126094985,-4.442070007324219,-3.155287265777588,-3.162977933883667,-7.022805690765381,9.370821952819824,-1.8851754665374756,-4.251843452453613,-3.2670300006866455,-2.664550542831421,-3.5873234272003174,brightness,0.7x
4_4_01_ecfe458e_r02c03__brightness_factor_0p7,./data/robustness/brightness/factor_0p7/normalized_32x32/4/4_4_01_ecfe458e_r02c03__brightness_factor_0p7.npy,4,4,1,0.9999991335076471,-6.262752056121826,-5.232407093048096,-6.196096420288086,-10.520589828491211,12.747454643249512,-2.0582616329193115,-4.373598575592041,-3.985590934753418,-3.328418493270874,-2.3669192790985107,brightness,0.7x
4_4_01_ecfe458e_r02c04__brightness_factor_0p7,./data/robustness/brightness/factor_0p7/normalized_32x32/4/4_4_01_ecfe458e_r02c04__brightness_factor_0p7.npy,4,4,1,0.9999883716906874,-7.091488361358643,-4.485611438751221,-5.22438907623291,-9.745019912719727,11.077221870422363,-3.855595350265503,-6.186620712280273,-3.438616991043091,-2.1079721450805664,-0.5837844610214233,brightness,0.7x
4_4_01_ecfe458e_r03c01__brightness_factor_0p7,./data/robustness/brightness/factor_0p7/normalized_32x32/4/4_4_01_ecfe458e_r03c01__brightness_factor_0p7.npy,4,4,1,0.9989335182865893,-4.285784721374512,-0.41596680879592896,-1.7807695865631104,-5.6892499923706055,7.064244270324707,-1.450218677520752,-4.452329635620117,-3.0436041355133057,-2.557054042816162,-3.4498181343078613,brightness,0.7x
4_4_01_ecfe458e_r03c02__brightness_factor_0p7,./data/robustness/brightness/factor_0p7/normalized_32x32/4/4_4_01_ecfe458e_r03c02__brightness_factor_0p7.npy,4,4,1,0.9999100687514062,-6.28173303604126,-1.826516032218933,-2.0645058155059814,-6.870644569396973,8.914393424987793,-1.856338620185852,-5.538794994354248,-1.8101497888565063,-3.943002223968506,-3.351374626159668,brightness,0.7x
4_4_01_ecfe458e_r03c03__brightness_factor_0p7,./data/robustness/brightness/factor_0p7/normalized_32x32/4/4_4_01_ecfe458e_r03c03__brightness_factor_0p7.npy,4,4,1,0.9999944841552221,-7.144138336181641,-1.9618366956710815,-2.4788002967834473,-8.521870613098145,11.114225387573242,-2.5345442295074463,-6.253096580505371,-4.492334365844727,-3.9599437713623047,-3.4019615650177,brightness,0.7x
4_4_01_ecfe458e_r03c04__brightness_factor_0p7,./data/robustness/brightness/factor_0p7/normalized_32x32/4/4_4_01_ecfe458e_r03c04__brightness_factor_0p7.npy,4,4,1,0.999844683134413,-6.380412578582764,-1.7602384090423584,-3.515010356903076,-7.348557472229004,8.78189754486084,-2.9576525688171387,-5.020531177520752,-0.7273458242416382,-5.364652156829834,-1.3410067558288574,brightness,0.7x
4_4_01_ecfe458e_r04c01__brightness_factor_0p7,./data/robustness/brightness/factor_0p7/normalized_32x32/4/4_4_01_ecfe458e_r04c01__brightness_factor_0p7.npy,4,4,1,0.9034418156248941,-4.46782112121582,-0.6927101612091064,-3.254422664642334,-3.692547559738159,4.847895622253418,-3.135176420211792,-5.353060722351074,-0.3651179373264313,-4.62477445602417,2.5093233585357666,brightness,0.7x
4_4_01_ecfe458e_r04c02__brightness_factor_0p7,./data/robustness/brightness/factor_0p7/normalized_32x32/4/4_4_01_ecfe458e_r04c02__brightness_factor_0p7.npy,4,4,1,0.9999672976426714,-6.04615592956543,-1.6887140274047852,-2.270259380340576,-8.488078117370605,9.757335662841797,-3.965393543243408,-5.453319072723389,-1.7127013206481934,-4.01834774017334,-2.939084529876709,brightness,0.7x
4_4_01_ecfe458e_r04c03__brightness_factor_0p7,./data/robustness/brightness/factor_0p7/normalized_32x32/4/4_4_01_ecfe458e_r04c03__brightness_factor_0p7.npy,4,4,1,0.9877078707094227,-4.830413818359375,-0.2200261801481247,-3.8679797649383545,-5.761251926422119,5.671026229858398,-2.9019038677215576,-6.656834125518799,-0.1182577833533287,-3.8137876987457275,0.5944051146507263,brightness,0.7x
4_4_01_ecfe458e_r04c04__brightness_factor_0p7,./data/robustness/brightness/factor_0p7/normalized_32x32/4/4_4_01_ecfe458e_r04c04__brightness_factor_0p7.npy,4,4,1,0.9999904748433361,-6.804762840270996,-2.4895129203796387,-2.367561101913452,-8.520987510681152,10.763484954833984,-3.5745277404785156,-5.67645263671875,-1.5501396656036377,-4.866771697998047,-3.870176076889038,brightness,0.7x
4_4_02_b6e2cbed_r01c01__brightness_factor_0p7,./data/robustness/brightness/factor_0p7/normalized_32x32/4/4_4_02_b6e2cbed_r01c01__brightness_factor_0p7.npy,4,4,1,0.9998100556061089,-6.509056091308594,-0.8202990293502808,-0.27149614691734314,-7.027940273284912,9.00097942352295,-3.7668302059173584,-6.0242228507995605,-2.2683017253875732,-5.6909308433532715,-1.591536521911621,brightness,0.7x
4_4_02_b6e2cbed_r01c02__brightness_factor_0p7,./data/robustness/brightness/factor_0p7/normalized_32x32/4/4_4_02_b6e2cbed_r01c02__brightness_factor_0p7.npy,4,4,1,0.9910328311422547,-1.8285112380981445,-4.479162693023682,-3.308478355407715,-3.7159674167633057,5.485832214355469,-0.21059440076351166,-4.3930768966674805,-4.298852443695068,-0.5712960958480835,-0.5993669033050537,brightness,0.7x
4_4_02_b6e2cbed_r01c03__brightness_factor_0p7,./data/robustness/brightness/factor_0p7/normalized_32x32/4/4_4_02_b6e2cbed_r01c03__brightness_factor_0p7.npy,4,4,1,0.9999885483730483,-6.010708808898926,-4.042279243469238,-4.872859477996826,-8.851471900939941,10.855741500854492,-0.8390946388244629,-4.502324104309082,-3.754324197769165,-3.0163803100585938,-2.9923148155212402,brightness,0.7x
4_4_02_b6e2cbed_r01c04__brightness_factor_0p7,./data/robustness/brightness/factor_0p7/normalized_32x32/4/4_4_02_b6e2cbed_r01c04__brightness_factor_0p7.npy,4,4,1,0.9999554547353572,-4.639584064483643,-3.381214141845703,-3.5441269874572754,-6.467660903930664,9.513806343078613,-2.702122688293457,-3.068711042404175,-1.1126950979232788,-5.682285785675049,-2.48079776763916,brightness,0.7x
4_4_02_b6e2cbed_r02c01__brightness_factor_0p7,./data/robustness/brightness/factor_0p7/normalized_32x32/4/4_4_02_b6e2cbed_r02c01__brightness_factor_0p7.npy,4,4,1,0.9996378464077204,-4.568792343139648,-2.1760504245758057,-2.18070387840271,-6.916540622711182,7.9636030197143555,-0.5338554382324219,-3.980978488922119,-3.2599267959594727,-2.036229133605957,-3.519163131713867,brightness,0.7x
4_4_02_b6e2cbed_r02c02__brightness_factor_0p7,./data/robustness/brightness/factor_0p7/normalized_32x32/4/4_4_02_b6e2cbed_r02c02__brightness_factor_0p7.npy,4,4,1,0.9914788227859674,-5.466947555541992,-1.0077489614486694,-1.4562486410140991,-3.3866868019104004,5.355806350708008,-2.092966079711914,-3.6828527450561523,-0.0911482721567154,-2.8674843311309814,-2.7149956226348877,brightness,0.7x
4_4_02_b6e2cbed_r02c03__brightness_factor_0p7,./data/robustness/brightness/factor_0p7/normalized_32x32/4/4_4_02_b6e2cbed_r02c03__brightness_factor_0p7.npy,4,4,1,0.999978673453289,-5.817776203155518,-2.511301279067993,-2.560666084289551,-8.789599418640137,9.866647720336914,-2.1563594341278076,-4.388895511627197,-3.5116188526153564,-2.460439682006836,-5.089056968688965,brightness,0.7x
4_4_02_b6e2cbed_r02c04__brightness_factor_0p7,./data/robustness/brightness/factor_0p7/normalized_32x32/4/4_4_02_b6e2cbed_r02c04__brightness_factor_0p7.npy,4,4,1,0.9999479249181209,-4.730171203613281,-4.292599678039551,-4.348896026611328,-7.121908187866211,9.381096839904785,-1.978842854499817,-5.982395648956299,-3.882783889770508,-1.0811715126037598,-2.513529062271118,brightness,0.7x
4_4_02_b6e2cbed_r03c01__brightness_factor_0p7,./data/robustness/brightness/factor_0p7/normalized_32x32/4/4_4_02_b6e2cbed_r03c01__brightness_factor_0p7.npy,4,4,1,0.9998993076943464,-4.876002788543701,-0.6337429881095886,-2.729238510131836,-9.386974334716797,9.656570434570312,-1.679098129272461,-4.765556812286377,-7.124825954437256,-0.26176121830940247,-5.462306976318359,brightness,0.7x
4_4_02_b6e2cbed_r03c02__brightness_factor_0p7,./data/robustness/brightness/factor_0p7/normalized_32x32/4/4_4_02_b6e2cbed_r03c02__brightness_factor_0p7.npy,4,4,1,0.9971820488143668,-4.462826251983643,-1.5468227863311768,-2.0697872638702393,-5.089513301849365,6.30598783493042,-3.01440167427063,-5.484830379486084,-1.2536673545837402,-2.577589988708496,-0.2527114152908325,brightness,0.7x
4_4_02_b6e2cbed_r03c03__brightness_factor_0p7,./data/robustness/brightness/factor_0p7/normalized_32x32/4/4_4_02_b6e2cbed_r03c03__brightness_factor_0p7.npy,4,4,1,0.9884197279161748,-4.614259719848633,-2.4167418479919434,-3.137596368789673,-6.5383405685424805,5.415132999420166,-3.1692934036254883,-4.800401210784912,-2.161395788192749,-0.19771622121334076,0.40783366560935974,brightness,0.7x
4_4_02_b6e2cbed_r03c04__brightness_factor_0p7,./data/robustness/brightness/factor_0p7/normalized_32x32/4/4_4_02_b6e2cbed_r03c04__brightness_factor_0p7.npy,4,4,1,0.9999992954633855,-8.43201732635498,-2.632514238357544,-3.5028445720672607,-8.412341117858887,12.452610969543457,-3.7655279636383057,-8.369060516357422,-4.312296390533447,-4.4945220947265625,-3.510082721710205,brightness,0.7x
4_4_02_b6e2cbed_r04c01__brightness_factor_0p7,./data/robustness/brightness/factor_0p7/normalized_32x32/4/4_4_02_b6e2cbed_r04c01__brightness_factor_0p7.npy,4,4,1,0.99997832379147,-5.75403356552124,-1.9938067197799683,-1.6555898189544678,-7.906413555145264,10.037267684936523,-2.569135904312134,-4.838891506195068,-4.488015651702881,-3.0210611820220947,-3.8928825855255127,brightness,0.7x
4_4_02_b6e2cbed_r04c02__brightness_factor_0p7,./data/robustness/brightness/factor_0p7/normalized_32x32/4/4_4_02_b6e2cbed_r04c02__brightness_factor_0p7.npy,4,4,1,0.9999997927817247,-8.669357299804688,-2.4144768714904785,-3.193462371826172,-10.703424453735352,13.798600196838379,-2.9427127838134766,-7.026351451873779,-5.403021335601807,-5.556239604949951,-4.498216152191162,brightness,0.7x
4_4_02_b6e2cbed_r04c03__brightness_factor_0p7,./data/robustness/brightness/factor_0p7/normalized_32x32/4/4_4_02_b6e2cbed_r04c03__brightness_factor_0p7.npy,4,4,1,0.8828564385433045,-2.70167875289917,-1.1812105178833008,-2.8416552543640137,-3.8788626194000244,3.7958946228027344,-1.5689951181411743,-3.6798322200775146,-0.3573622703552246,-2.854341506958008,1.4959036111831665,brightness,0.7x
4_4_02_b6e2cbed_r04c04__brightness_factor_0p7,./data/robustness/brightness/factor_0p7/normalized_32x32/4/4_4_02_b6e2cbed_r04c04__brightness_factor_0p7.npy,4,4,1,0.9924680002486274,-5.288906097412109,-1.0733380317687988,-2.502023935317993,-4.554643630981445,6.197311878204346,-3.188344717025757,-5.946420669555664,0.16586318612098694,-4.866543769836426,0.7218300104141235,brightness,0.7x
5_5_01_bb19e6ee_r01c01__brightness_factor_0p7,./data/robustness/brightness/factor_0p7/normalized_32x32/5/5_5_01_bb19e6ee_r01c01__brightness_factor_0p7.npy,5,5,1,0.9958712375066203,-2.962540626525879,-4.101021766662598,-5.022136688232422,-0.8630661368370056,-2.4710896015167236,5.4120402336120605,-3.4021964073181152,-3.985868215560913,-2.852530002593994,-1.4343266487121582,brightness,0.7x
5_5_01_bb19e6ee_r01c02__brightness_factor_0p7,./data/robustness/brightness/factor_0p7/normalized_32x32/5/5_5_01_bb19e6ee_r01c02__brightness_factor_0p7.npy,5,5,1,0.9986490504870483,-5.552959442138672,-5.75080680847168,-6.646908283233643,-0.662887454032898,-1.7584677934646606,6.857648849487305,-5.04179048538208,-7.918731212615967,-2.7028377056121826,-0.6601006984710693,brightness,0.7x
5_5_01_bb19e6ee_r01c03__brightness_factor_0p7,./data/robustness/brightness/factor_0p7/normalized_32x32/5/5_5_01_bb19e6ee_r01c03__brightness_factor_0p7.npy,5,5,1,0.9979293317314024,-4.455097675323486,-5.634720802307129,-6.795296669006348,-2.0394434928894043,-3.3562839031219482,6.7274346351623535,-4.890310764312744,-5.152138710021973,-4.233593940734863,0.4210226833820343,brightness,0.7x
5_5_01_bb19e6ee_r01c04__brightness_factor_0p7,./data/robustness/brightness/factor_0p7/normalized_32x32/5/5_5_01_bb19e6ee_r01c04__brightness_factor_0p7.npy,5,5,1,0.9995085266080861,-6.977564811706543,-8.253447532653809,-13.977142333984375,-3.6410069465637207,-4.9130682945251465,10.697673797607422,-7.11562967300415,-8.200766563415527,-5.5054402351379395,3.078226327896118,brightness,0.7x
5_5_01_bb19e6ee_r02c01__brightness_factor_0p7,./data/robustness/brightness/factor_0p7/normalized_32x32/5/5_5_01_bb19e6ee_r02c01__brightness_factor_0p7.npy,5,5,1,0.995852812095224,-5.110416889190674,-3.5454769134521484,-5.286008358001709,-0.7149906754493713,-0.5426522493362427,5.793219566345215,-4.102648735046387,-7.507473468780518,-2.283257007598877,-1.98892343044281,brightness,0.7x
5_5_01_bb19e6ee_r02c02__brightness_factor_0p7,./data/robustness/brightness/factor_0p7/normalized_32x32/5/5_5_01_bb19e6ee_r02c02__brightness_factor_0p7.npy,5,5,1,0.9875285753490824,-6.815382480621338,-8.28335952758789,-9.19548225402832,-0.7170183658599854,-4.161919116973877,7.841375350952148,-9.012813568115234,-7.578059196472168,-4.1075520515441895,3.453217029571533,brightness,0.7x
5_5_01_bb19e6ee_r02c03__brightness_factor_0p7,./data/robustness/brightness/factor_0p7/normalized_32x32/5/5_5_01_bb19e6ee_r02c03__brightness_factor_0p7.npy,5,5,1,0.9995832265491246,-6.118371486663818,-0.48522675037384033,-12.42663288116455,-2.8783669471740723,-7.07605504989624,7.616216659545898,-3.3153645992279053,-4.079662322998047,-2.9500250816345215,-2.712728261947632,brightness,0.7x
5_5_01_bb19e6ee_r02c04__brightness_factor_0p7,./data/robustness/brightness/factor_0p7/normalized_32x32/5/5_5_01_bb19e6ee_r02c04__brightness_factor_0p7.npy,5,5,1,0.999998658189842,-6.464870929718018,-5.015005111694336,-16.654449462890625,-3.87209415435791,-11.596699714660645,11.959624290466309,-5.378697395324707,-8.106411933898926,-6.674115180969238,-1.745560884475708,brightness,0.7x
5_5_01_bb19e6ee_r03c01__brightness_factor_0p7,./data/robustness/brightness/factor_0p7/normalized_32x32/5/5_5_01_bb19e6ee_r03c01__brightness_factor_0p7.npy,5,5,1,0.9999891784539588,-5.286514759063721,-7.97102689743042,-13.413883209228516,-2.5506837368011475,-8.054804801940918,10.801626205444336,-5.78715181350708,-7.04583215713501,-6.1523003578186035,-0.8175056576728821,brightness,0.7x
5_5_01_bb19e6ee_r03c02__brightness_factor_0p7,./data/robustness/brightness/factor_0p7/normalized_32x32/5/5_5_01_bb19e6ee_r03c02__brightness_factor_0p7.npy,5,5,1,0.9997712288736613,-5.6777143478393555,-7.266055583953857,-14.834111213684082,-1.2916852235794067,-5.329212188720703,8.624898910522461,-4.538003444671631,-3.734575033187866,-2.6757278442382812,-0.11989244818687439,brightness,0.7x
5_5_01_bb19e6ee_r03c03__brightness_factor_0p7,./data/robustness/brightness/factor_0p7/normalized_32x32/5/5_5_01_bb19e6ee_r03c03__brightness_factor_0p7.npy,5,5,1,0.9999999871772854,-6.555068016052246,-8.897212982177734,-22.77794075012207,-6.2688422203063965,-10.847681999206543,16.285484313964844,-7.091476917266846,-5.589599609375,-7.37338924407959,-1.9454567432403564,brightness,0.7x
5_5_01_bb19e6ee_r03c04__brightness_factor_0p7,./data/robustness/brightness/factor_0p7/normalized_32x32/5/5_5_01_bb19e6ee_r03c04__brightness_factor_0p7.npy,5,5,1,0.9999969472637524,-5.695898532867432,-10.008874893188477,-16.750463485717773,-2.162675619125366,-7.882603645324707,13.033194541931152,-6.71458625793457,-8.345073699951172,-4.693639755249023,0.2364598512649536,brightness,0.7x
5_5_01_bb19e6ee_r04c01__brightness_factor_0p7,./data/robustness/brightness/factor_0p7/normalized_32x32/5/5_5_01_bb19e6ee_r04c01__brightness_factor_0p7.npy,5,5,1,0.9992595982929692,-1.8499798774719238,-5.146427154541016,-9.740609169006348,-2.4889907836914062,-3.659881830215454,6.918701171875,-2.8066933155059814,-3.6989376544952393,-4.5870537757873535,-0.9625450968742371,brightness,0.7x
5_5_01_bb19e6ee_r04c02__brightness_factor_0p7,./data/robustness/brightness/factor_0p7/normalized_32x32/5/5_5_01_bb19e6ee_r04c02__brightness_factor_0p7.npy,5,5,1,0.9999999737294467,-4.943592071533203,-9.123810768127441,-20.96123504638672,-5.715303421020508,-8.456376075744629,15.36738395690918,-6.362887382507324,-5.4074296951293945,-7.907444000244141,-2.2378857135772705,brightness,0.7x
5_5_01_bb19e6ee_r04c03__brightness_factor_0p7,./data/robustness/brightness/factor_0p7/normalized_32x32/5/5_5_01_bb19e6ee_r04c03__brightness_factor_0p7.npy,5,5,1,0.9999999929668921,-6.404387474060059,-9.649994850158691,-23.59109115600586,-6.4651265144348145,-9.9047212600708,16.745332717895508,-6.702047348022461,-5.111690521240234,-8.23631763458252,-2.1132428646087646,brightness,0.7x
5_5_01_bb19e6ee_r04c04__brightness_factor_0p7,./data/robustness/brightness/factor_0p7/normalized_32x32/5/5_5_01_bb19e6ee_r04c04__brightness_factor_0p7.npy,5,5,1,0.999998204675518,-5.283746242523193,-8.346366882324219,-12.96899700164795,-3.945966958999634,-4.584588050842285,10.923717498779297,-6.19586706161499,-4.900754928588867,-2.9346227645874023,-6.158342361450195,brightness,0.7x
5_5_02_f20420ee_r01c01__brightness_factor_0p7,./data/robustness/brightness/factor_0p7/normalized_32x32/5/5_5_02_f20420ee_r01c01__brightness_factor_0p7.npy,5,5,1,0.9498089980525535,-2.8132104873657227,-4.152061939239502,-2.5410804748535156,0.19052007794380188,-1.5583577156066895,3.6968812942504883,-4.067354202270508,-4.17348051071167,-1.7386715412139893,-1.0568419694900513,brightness,0.7x
5_5_02_f20420ee_r01c02__brightness_factor_0p7,./data/robustness/brightness/factor_0p7/normalized_32x32/5/5_5_02_f20420ee_r01c02__brightness_factor_0p7.npy,5,5,1,0.9976434473385868,-3.857431411743164,-4.966894149780273,-6.369171619415283,-0.14224711060523987,-2.7310523986816406,6.352774143218994,-3.442709445953369,-6.310770511627197,-2.9850070476531982,-1.1732468605041504,brightness,0.7x
5_5_02_f20420ee_r01c03__brightness_factor_0p7,./data/robustness/brightness/factor_0p7/normalized_32x32/5/5_5_02_f20420ee_r01c03__brightness_factor_0p7.npy,5,5,1,0.9990629689018211,-4.957557201385498,-0.8635793924331665,-14.534377098083496,-4.087822437286377,-8.325011253356934,7.377199649810791,-3.541303873062134,-2.439577341079712,-3.9474730491638184,-0.08485937118530273,brightness,0.7x
5_5_02_f20420ee_r01c04__brightness_factor_0p7,./data/robustness/brightness/factor_0p7/normalized_32x32/5/5_5_02_f20420ee_r01c04__brightness_factor_0p7.npy,5,5,1,0.9984496173651143,-2.095991611480713,-4.663925647735596,-7.278097152709961,-1.1590125560760498,-2.1479601860046387,6.361456394195557,-1.7646734714508057,-5.233358383178711,-2.8789522647857666,-2.2745232582092285,brightness,0.7x
5_5_02_f20420ee_r02c01__brightness_factor_0p7,./data/robustness/brightness/factor_0p7/normalized_32x32/5/5_5_02_f20420ee_r02c01__brightness_factor_0p7.npy,5,5,1,0.9999768745144382,-3.285322427749634,-7.431056499481201,-12.553754806518555,-2.992682933807373,-6.6648478507995605,9.919965744018555,-4.326014041900635,-5.422694683074951,-6.196508407592773,-1.0186532735824585,brightness,0.7x
5_5_02_f20420ee_r02c02__brightness_factor_0p7,./data/robustness/brightness/factor_0p7/normalized_32x32/5/5_5_02_f20420ee_r02c02__brightness_factor_0p7.npy,5,5,1,0.999995125907358,-5.445978164672852,-5.274811744689941,-14.523388862609863,-3.280860662460327,-4.6435041427612305,10.56576156616211,-3.4871597290039062,-6.955237865447998,-3.1289355754852295,-2.863318920135498,brightness,0.7x
5_5_02_f20420ee_r02c03__brightness_factor_0p7,./data/robustness/brightness/factor_0p7/normalized_32x32/5/5_5_02_f20420ee_r02c03__brightness_factor_0p7.npy,5,5,1,0.9971711893550593,-6.715719699859619,-0.7242918014526367,-10.198267936706543,-0.6062862277030945,-9.750406265258789,5.969745635986328,-5.3047075271606445,-3.907201051712036,-3.2372398376464844,-4.221927165985107,brightness,0.7x
5_5_02_f20420ee_r02c04__brightness_factor_0p7,./data/robustness/brightness/factor_0p7/normalized_32x32/5/5_5_02_f20420ee_r02c04__brightness_factor_0p7.npy,5,5,1,0.9980692060795928,-7.968564510345459,-0.18516437709331512,-16.096010208129883,-3.0223357677459717,-11.140350341796875,6.583888530731201,-5.9050703048706055,-2.149442195892334,-2.6520326137542725,-1.110067367553711,brightness,0.7x
5_5_02_f20420ee_r03c01__brightness_factor_0p7,./data/robustness/brightness/factor_0p7/normalized_32x32/5/5_5_02_f20420ee_r03c01__brightness_factor_0p7.npy,5,5,1,0.9999810106719756,-6.391449928283691,-8.496739387512207,-16.880504608154297,-4.456080436706543,-9.28536319732666,12.216912269592285,-6.76135778427124,-8.05228328704834,-5.949772357940674,1.3406866788864136,brightness,0.7x
5_5_02_f20420ee_r03c02__brightness_factor_0p7,./data/robustness/brightness/factor_0p7/normalized_32x32/5/5_5_02_f20420ee_r03c02__brightness_factor_0p7.npy,5,5,1,0.9999999975320029,-6.2741827964782715,-10.861854553222656,-19.110044479370117,-3.355790615081787,-12.618782997131348,16.81137466430664,-7.0916666984558105,-9.713878631591797,-9.54648208618164,-4.455548286437988,brightness,0.7x
5_5_02_f20420ee_r03c03__brightness_factor_0p7,./data/robustness/brightness/factor_0p7/normalized_32x32/5/5_5_02_f20420ee_r03c03__brightness_factor_0p7.npy,5,5,1,0.9999997380698757,-4.050429344177246,-9.762208938598633,-18.576597213745117,-4.662003517150879,-9.842817306518555,13.96629524230957,-6.004663467407227,-7.717637538909912,-7.3192243576049805,-1.2945891618728638,brightness,0.7x
5_5_02_f20420ee_r03c04__brightness_factor_0p7,./data/robustness/brightness/factor_0p7/normalized_32x32/5/5_5_02_f20420ee_r03c04__brightness_factor_0p7.npy,5,5,1,0.9999849618236992,-4.7233781814575195,-7.062619209289551,-14.077356338500977,-3.2761340141296387,-7.7452168464660645,10.661426544189453,-4.250710964202881,-6.331823348999023,-6.86281681060791,-0.5503065586090088,brightness,0.7x
5_5_02_f20420ee_r04c01__brightness_factor_0p7,./data/robustness/brightness/factor_0p7/normalized_32x32/5/5_5_02_f20420ee_r04c01__brightness_factor_0p7.npy,5,5,1,0.9999997321712359,-6.181845664978027,-9.6524019241333,-16.335519790649414,-2.666184425354004,-10.50189208984375,13.734046936035156,-6.019525051116943,-8.823741912841797,-8.872549057006836,-1.7574626207351685,brightness,0.7x
5_5_02_f20420ee_r04c02__brightness_factor_0p7,./data/robustness/brightness/factor_0p7/normalized_32x32/5/5_5_02_f20420ee_r04c02__brightness_factor_0p7.npy,5,5,1,0.9999992136892181,-5.507805824279785,-8.796378135681152,-15.510735511779785,-1.9365088939666748,-8.103124618530273,12.65615463256836,-5.81711483001709,-7.727104187011719,-5.460501194000244,-2.4049203395843506,brightness,0.7x
5_5_02_f20420ee_r04c03__brightness_factor_0p7,./data/robustness/brightness/factor_0p7/normalized_32x32/5/5_5_02_f20420ee_r04c03__brightness_factor_0p7.npy,5,5,1,0.9999984929121564,-6.073246479034424,-8.266271591186523,-13.54626750946045,-1.8109898567199707,-8.66971492767334,12.135272026062012,-6.74739408493042,-7.540064811706543,-6.995051860809326,-2.189544677734375,brightness,0.7x
5_5_02_f20420ee_r04c04__brightness_factor_0p7,./data/robustness/brightness/factor_0p7/normalized_32x32/5/5_5_02_f20420ee_r04c04__brightness_factor_0p7.npy,5,5,1,0.9999964031526541,-6.5620856285095215,-8.439836502075195,-18.14331817626953,-4.378077983856201,-6.596817970275879,12.590553283691406,-6.307190895080566,-5.550106048583984,-5.386880874633789,0.030355513095855713,brightness,0.7x
6_6_01_52f5f834_r01c01__brightness_factor_0p7,./data/robustness/brightness/factor_0p7/normalized_32x32/6/6_6_01_52f5f834_r01c01__brightness_factor_0p7.npy,6,6,1,0.9400057868029604,-0.4845409393310547,-2.6832571029663086,-2.0071656703948975,-2.6160922050476074,-0.9317630529403687,1.0015101432800293,4.152353763580322,-4.866366386413574,-3.342867374420166,-4.955938339233398,brightness,0.7x
6_6_01_52f5f834_r01c02__brightness_factor_0p7,./data/robustness/brightness/factor_0p7/normalized_32x32/6/6_6_01_52f5f834_r01c02__brightness_factor_0p7.npy,6,5,0,0.4721313182823529,-1.238560438156128,-2.1017913818359375,-4.650336742401123,-2.5324008464813232,-2.354033946990967,2.027303457260132,1.790065884590149,-3.532665252685547,0.48015761375427246,-1.3525193929672241,brightness,0.7x
6_6_01_52f5f834_r01c03__brightness_factor_0p7,./data/robustness/brightness/factor_0p7/normalized_32x32/6/6_6_01_52f5f834_r01c03__brightness_factor_0p7.npy,6,6,1,0.9018400639206742,-0.7271183729171753,-6.2489094734191895,-8.423806190490723,-5.523232460021973,-3.6422905921936035,4.679374694824219,6.9023051261901855,-9.733577728271484,-3.465939521789551,-5.8728742599487305,brightness,0.7x
6_6_01_52f5f834_r01c04__brightness_factor_0p7,./data/robustness/brightness/factor_0p7/normalized_32x32/6/6_6_01_52f5f834_r01c04__brightness_factor_0p7.npy,6,6,1,0.9976338555769567,-1.5996264219284058,-5.866782188415527,-2.5618813037872314,-1.980432391166687,-2.839507818222046,1.1064146757125854,7.330742835998535,-10.065223693847656,-2.133204936981201,-9.243796348571777,brightness,0.7x
6_6_01_52f5f834_r02c01__brightness_factor_0p7,./data/robustness/brightness/factor_0p7/normalized_32x32/6/6_6_01_52f5f834_r02c01__brightness_factor_0p7.npy,6,6,1,0.8736341913690161,-0.8830432891845703,-3.4898200035095215,-2.079486846923828,-2.481353759765625,-1.4635554552078247,1.8982468843460083,3.960184097290039,-4.697688579559326,-3.9568843841552734,-5.976129055023193,brightness,0.7x
6_6_01_52f5f834_r02c02__brightness_factor_0p7,./data/robustness/brightness/factor_0p7/normalized_32x32/6/6_6_01_52f5f834_r02c02__brightness_factor_0p7.npy,6,6,1,0.9168379105487874,-1.3034915924072266,-4.197103500366211,-2.3360815048217773,-3.013417959213257,-0.9596537947654724,2.3786332607269287,4.852287769317627,-6.005203723907471,-5.420236110687256,-7.1825642585754395,brightness,0.7x
6_6_01_52f5f834_r02c03__brightness_factor_0p7,./data/robustness/brightness/factor_0p7/normalized_32x32/6/6_6_01_52f5f834_r02c03__brightness_factor_0p7.npy,6,6,1,0.9947312005029411,1.0988351106643677,-5.664498329162598,-5.108392238616943,-4.647019386291504,-2.2422101497650146,1.3436205387115479,7.183037281036377,-8.04277515411377,-4.198263168334961,-6.897558212280273,brightness,0.7x
6_6_01_52f5f834_r02c04__brightness_factor_0p7,./data/robustness/brightness/factor_0p7/normalized_32x32/6/6_6_01_52f5f834_r02c04__brightness_factor_0p7.npy,6,6,1,0.8304433817704105,-0.7589946985244751,-4.710818767547607,-5.816225051879883,-3.934741497039795,-2.2421810626983643,3.722545623779297,5.326863765716553,-7.696291446685791,-3.303095817565918,-5.295802116394043,brightness,0.7x
6_6_01_52f5f834_r03c01__brightness_factor_0p7,./data/robustness/brightness/factor_0p7/normalized_32x32/6/6_6_01_52f5f834_r03c01__brightness_factor_0p7.npy,6,6,1,0.9933690319317864,1.102599859237671,-4.431362152099609,-10.476835250854492,-6.455730438232422,-5.671611309051514,2.5694196224212646,7.787463188171387,-6.8641276359558105,-7.8744049072265625,-10.932855606079102,brightness,0.7x
6_6_01_52f5f834_r03c02__brightness_factor_0p7,./data/robustness/brightness/factor_0p7/normalized_32x32/6/6_6_01_52f5f834_r03c02__brightness_factor_0p7.npy,6,6,1,0.9701844642528092,2.850504159927368,-6.557278156280518,-6.553707122802734,-4.113117218017578,-5.938488960266113,1.2573460340499878,6.519498825073242,-6.652695655822754,-4.995543956756592,-6.880450248718262,brightness,0.7x
6_6_01_52f5f834_r03c03__brightness_factor_0p7,./data/robustness/brightness/factor_0p7/normalized_32x32/6/6_6_01_52f5f834_r03c03__brightness_factor_0p7.npy,6,6,1,0.9733525459699569,0.1797812283039093,-3.8480639457702637,-6.6879963874816895,-4.0647406578063965,-2.8392839431762695,2.724426507949829,6.4046807289123535,-7.106911659240723,-4.608536720275879,-7.839585304260254,brightness,0.7x
6_6_01_52f5f834_r03c04__brightness_factor_0p7,./data/robustness/brightness/factor_0p7/normalized_32x32/6/6_6_01_52f5f834_r03c04__brightness_factor_0p7.npy,6,6,1,0.7649215535399866,-0.17692887783050537,-5.512638092041016,-8.867302894592285,-2.979566812515259,-5.649169445037842,4.327826976776123,5.520123481750488,-6.5324296951293945,-2.9925377368927,-7.119656085968018,brightness,0.7x
6_6_01_52f5f834_r04c01__brightness_factor_0p7,./data/robustness/brightness/factor_0p7/normalized_32x32/6/6_6_01_52f5f834_r04c01__brightness_factor_0p7.npy,6,6,1,0.9996468536128752,1.06968355178833,-4.50866174697876,-8.555421829223633,-7.075666904449463,-3.7006068229675293,0.5278223752975464,9.48448371887207,-8.156303405761719,-8.541096687316895,-12.240373611450195,brightness,0.7x
6_6_01_52f5f834_r04c02__brightness_factor_0p7,./data/robustness/brightness/factor_0p7/normalized_32x32/6/6_6_01_52f5f834_r04c02__brightness_factor_0p7.npy,6,6,1,0.9992601293416887,1.109010934829712,-4.707041263580322,-9.905585289001465,-7.529065132141113,-4.570176601409912,1.8715234994888306,9.464868545532227,-9.12358283996582,-7.340693950653076,-10.443822860717773,brightness,0.7x
6_6_01_52f5f834_r04c03__brightness_factor_0p7,./data/robustness/brightness/factor_0p7/normalized_32x32/6/6_6_01_52f5f834_r04c03__brightness_factor_0p7.npy,6,6,1,0.8998499547026889,-0.1915561556816101,-5.645850658416748,-8.430688858032227,-3.294677734375,-6.758541107177734,3.336135149002075,5.563943862915039,-8.11347484588623,-3.053550958633423,-5.085827827453613,brightness,0.7x
6_6_01_52f5f834_r04c04__brightness_factor_0p7,./data/robustness/brightness/factor_0p7/normalized_32x32/6/6_6_01_52f5f834_r04c04__brightness_factor_0p7.npy,6,6,1,0.860024461414507,2.543663740158081,-5.324106216430664,-11.048766136169434,-3.739098310470581,-7.515161037445068,2.273597478866577,4.929043769836426,-4.030143737792969,-5.016181468963623,-5.007457733154297,brightness,0.7x
6_6_02_ad596076_r01c01__brightness_factor_0p7,./data/robustness/brightness/factor_0p7/normalized_32x32/6/6_6_02_ad596076_r01c01__brightness_factor_0p7.npy,6,6,1,0.9795971060017197,-1.0243322849273682,-3.664170265197754,-1.891177773475647,-2.444573402404785,-1.44877290725708,0.8704781532287598,5.059518814086914,-5.2674479484558105,-3.5346920490264893,-6.77891206741333,brightness,0.7x
6_6_02_ad596076_r01c02__brightness_factor_0p7,./data/robustness/brightness/factor_0p7/normalized_32x32/6/6_6_02_ad596076_r01c02__brightness_factor_0p7.npy,6,6,1,0.8857571353255945,-2.5954155921936035,-0.47439056634902954,-1.366256594657898,-4.190710544586182,0.976484477519989,0.7124168872833252,3.7881672382354736,-4.028022289276123,-4.097796440124512,-6.155429363250732,brightness,0.7x
6_6_02_ad596076_r01c03__brightness_factor_0p7,./data/robustness/brightness/factor_0p7/normalized_32x32/6/6_6_02_ad596076_r01c03__brightness_factor_0p7.npy,6,6,1,0.9988453094732346,-0.2948124408721924,-8.594572067260742,-5.871481895446777,-3.5561134815216064,-4.124950885772705,2.3301842212677,9.168097496032715,-11.399070739746094,-4.621859550476074,-11.018974304199219,brightness,0.7x
6_6_02_ad596076_r01c04__brightness_factor_0p7,./data/robustness/brightness/factor_0p7/normalized_32x32/6/6_6_02_ad596076_r01c04__brightness_factor_0p7.npy,6,6,1,0.9976128471376297,-0.4477084279060364,-6.848169803619385,-3.421473503112793,-3.040891408920288,-2.8121821880340576,1.329496145248413,7.5559210777282715,-8.705204010009766,-4.192226886749268,-8.938549995422363,brightness,0.7x
6_6_02_ad596076_r02c01__brightness_factor_0p7,./data/robustness/brightness/factor_0p7/normalized_32x32/6/6_6_02_ad596076_r02c01__brightness_factor_0p7.npy,6,6,1,0.8711055318826102,-0.5683474540710449,-4.634577751159668,-6.195896625518799,-4.195698261260986,-3.513209342956543,3.7830753326416016,5.7082061767578125,-6.915830612182617,-4.525391578674316,-7.043351650238037,brightness,0.7x
6_6_02_ad596076_r02c02__brightness_factor_0p7,./data/robustness/brightness/factor_0p7/normalized_32x32/6/6_6_02_ad596076_r02c02__brightness_factor_0p7.npy,6,6,1,0.9983542401028723,0.7117676734924316,-5.927043914794922,-6.004889965057373,-5.126760482788086,-3.8583083152770996,0.8203680515289307,7.899913311004639,-8.691658020019531,-2.2591605186462402,-8.087738037109375,brightness,0.7x
6_6_02_ad596076_r02c03__brightness_factor_0p7,./data/robustness/brightness/factor_0p7/normalized_32x32/6/6_6_02_ad596076_r02c03__brightness_factor_0p7.npy,6,6,1,0.993807581121497,-0.6067884564399719,-5.009369850158691,-2.753690242767334,-3.986372709274292,-2.226288080215454,1.2380863428115845,6.535438537597656,-8.368792533874512,-2.2906017303466797,-6.4360270500183105,brightness,0.7x
6_6_02_ad596076_r02c04__brightness_factor_0p7,./data/robustness/brightness/factor_0p7/normalized_32x32/6/6_6_02_ad596076_r02c04__brightness_factor_0p7.npy,6,6,1,0.9981226064630409,-1.5468688011169434,-5.674705982208252,-3.7089200019836426,-4.322067737579346,-0.5493943691253662,1.4910988807678223,7.938870429992676,-8.45923137664795,-7.071842670440674,-10.980500221252441,brightness,0.7x
6_6_02_ad596076_r03c01__brightness_factor_0p7,./data/robustness/brightness/factor_0p7/normalized_32x32/6/6_6_02_ad596076_r03c01__brightness_factor_0p7.npy,6,6,1,0.9931744005664974,2.7000651359558105,-7.690608978271484,-7.904994010925293,-4.797956466674805,-5.697025299072266,2.2672696113586426,8.18100643157959,-7.896985054016113,-5.2978596687316895,-8.686126708984375,brightness,0.7x
6_6_02_ad596076_r03c02__brightness_factor_0p7,./data/robustness/brightness/factor_0p7/normalized_32x32/6/6_6_02_ad596076_r03c02__brightness_factor_0p7.npy,6,6,1,0.8728535559431412,5.384176254272461,-6.663013935089111,-10.945798873901367,-6.465590476989746,-6.770922660827637,0.10924332588911057,7.31575870513916,-5.049332618713379,-8.361656188964844,-9.503158569335938,brightness,0.7x
6_6_02_ad596076_r03c03__brightness_factor_0p7,./data/robustness/brightness/factor_0p7/normalized_32x32/6/6_6_02_ad596076_r03c03__brightness_factor_0p7.npy,6,6,1,0.9743664153795973,0.7534968852996826,-4.104559421539307,-8.226881980895996,-5.109927177429199,-3.6782143115997314,2.832195997238159,6.590713024139404,-6.040635585784912,-6.112189769744873,-8.159615516662598,brightness,0.7x
6_6_02_ad596076_r03c04__brightness_factor_0p7,./data/robustness/brightness/factor_0p7/normalized_32x32/6/6_6_02_ad596076_r03c04__brightness_factor_0p7.npy,6,6,1,0.6959287562832385,2.377995491027832,-4.147486209869385,-10.785768508911133,-4.7046942710876465,-7.364799976348877,2.1302595138549805,3.791950225830078,-2.1971888542175293,-3.748797655105591,-4.257990837097168,brightness,0.7x
6_6_02_ad596076_r04c01__brightness_factor_0p7,./data/robustness/brightness/factor_0p7/normalized_32x32/6/6_6_02_ad596076_r04c01__brightness_factor_0p7.npy,6,6,1,0.9969763324260785,-0.30650952458381653,-4.412313461303711,-6.965965270996094,-5.963278770446777,-2.4145355224609375,2.141818046569824,8.034360885620117,-7.589244842529297,-8.05667781829834,-10.803534507751465,brightness,0.7x
6_6_02_ad596076_r04c02__brightness_factor_0p7,./data/robustness/brightness/factor_0p7/normalized_32x32/6/6_6_02_ad596076_r04c02__brightness_factor_0p7.npy,6,6,1,0.9988369999720093,2.9659833908081055,-6.076979160308838,-12.606193542480469,-7.905027866363525,-6.8178606033325195,2.116665840148926,10.077794075012207,-8.110749244689941,-8.750213623046875,-11.802733421325684,brightness,0.7x
6_6_02_ad596076_r04c03__brightness_factor_0p7,./data/robustness/brightness/factor_0p7/normalized_32x32/6/6_6_02_ad596076_r04c03__brightness_factor_0p7.npy,6,6,1,0.9954284937048705,1.0236303806304932,-7.041128158569336,-10.886317253112793,-6.137245178222656,-7.060164451599121,3.510780096054077,8.974322319030762,-9.165884971618652,-4.792515277862549,-9.581591606140137,brightness,0.7x
6_6_02_ad596076_r04c04__brightness_factor_0p7,./data/robustness/brightness/factor_0p7/normalized_32x32/6/6_6_02_ad596076_r04c04__brightness_factor_0p7.npy,6,6,1,0.8789950807252636,-0.8545345664024353,-6.338377475738525,-9.1165189743042,-3.6311287879943848,-6.574515342712402,3.848175287246704,5.843430519104004,-8.86498737335205,-2.14497709274292,-4.778268814086914,brightness,0.7x
7_7_01_254ebf4a_r01c01__brightness_factor_0p7,./data/robustness/brightness/factor_0p7/normalized_32x32/7/7_7_01_254ebf4a_r01c01__brightness_factor_0p7.npy,7,7,1,0.8040891302180319,-2.759052276611328,0.4836564064025879,-0.44965294003486633,-1.155601143836975,-1.9389230012893677,-1.8320112228393555,-4.348666191101074,2.6252877712249756,-2.246769428253174,-1.1917777061462402,brightness,0.7x
7_7_01_254ebf4a_r01c02__brightness_factor_0p7,./data/robustness/brightness/factor_0p7/normalized_32x32/7/7_7_01_254ebf4a_r01c02__brightness_factor_0p7.npy,7,7,1,0.9931828454546898,-4.948992729187012,0.4161173701286316,-0.16065165400505066,-3.4725961685180664,-1.777841567993164,-4.765076637268066,-8.695533752441406,6.034169673919678,-3.5329372882843018,-1.3756380081176758,brightness,0.7x
7_7_01_254ebf4a_r01c03__brightness_factor_0p7,./data/robustness/brightness/factor_0p7/normalized_32x32/7/7_7_01_254ebf4a_r01c03__brightness_factor_0p7.npy,7,7,1,0.9993999551518301,-6.068560600280762,-1.3940962553024292,-2.5212581157684326,-4.588282108306885,-0.8261517286300659,-6.05930757522583,-10.43428897857666,7.916154384613037,-5.633143901824951,-0.1493561565876007,brightness,0.7x
7_7_01_254ebf4a_r01c04__brightness_factor_0p7,./data/robustness/brightness/factor_0p7/normalized_32x32/7/7_7_01_254ebf4a_r01c04__brightness_factor_0p7.npy,7,7,1,0.9999646561765405,-8.151223182678223,-3.6311233043670654,-5.585848808288574,-5.4179792404174805,-1.339675784111023,-6.678145408630371,-11.465635299682617,9.985370635986328,-6.713034629821777,-0.7596182823181152,brightness,0.7x
7_7_01_254ebf4a_r02c01__brightness_factor_0p7,./data/robustness/brightness/factor_0p7/normalized_32x32/7/7_7_01_254ebf4a_r02c01__brightness_factor_0p7.npy,7,7,1,0.9990009234575926,-9.479734420776367,-3.039247751235962,-4.896061420440674,-3.185983180999756,0.45477765798568726,-6.20330286026001,-9.963254928588867,7.806861877441406,-5.059844493865967,-0.25283950567245483,brightness,0.7x
7_7_01_254ebf4a_r02c02__brightness_factor_0p7,./data/robustness/brightness/factor_0p7/normalized_32x32/7/7_7_01_254ebf4a_r02c02__brightness_factor_0p7.npy,7,7,1,0.9514774497180761,-4.203853130340576,-0.9372249245643616,-2.1330645084381104,-2.3680248260498047,-0.012839647009968758,-3.7651562690734863,-6.71813440322876,4.532337188720703,-2.649230480194092,1.111979603767395,brightness,0.7x
7_7_01_254ebf4a_r02c03__brightness_factor_0p7,./data/robustness/brightness/factor_0p7/normalized_32x32/7/7_7_01_254ebf4a_r02c03__brightness_factor_0p7.npy,7,7,1,0.999717155421941,-8.436119079589844,-0.6912439465522766,-4.015048503875732,-3.683680534362793,-1.6364818811416626,-6.076730251312256,-11.188817024230957,8.131845474243164,-5.7386088371276855,-1.5245810747146606,brightness,0.7x
7_7_01_254ebf4a_r02c04__brightness_factor_0p7,./data/robustness/brightness/factor_0p7/normalized_32x32/7/7_7_01_254ebf4a_r02c04__brightness_factor_0p7.npy,7,7,1,0.999818762785437,-5.086700916290283,-4.737370014190674,-7.553501129150391,-2.997488021850586,-2.8514277935028076,-3.973452568054199,-7.815247058868408,7.680054664611816,-4.745031356811523,-1.4214775562286377,brightness,0.7x
7_7_01_254ebf4a_r03c01__brightness_factor_0p7,./data/robustness/brightness/factor_0p7/normalized_32x32/7/7_7_01_254ebf4a_r03c01__brightness_factor_0p7.npy,7,7,1,0.9705631276655963,-5.53062105178833,-0.6464674472808838,-1.9614307880401611,-1.438772439956665,-0.8247625827789307,-4.096574783325195,-7.145974636077881,4.320653915405273,-2.951080083847046,-0.14137159287929535,brightness,0.7x
7_7_01_254ebf4a_r03c02__brightness_factor_0p7,./data/robustness/brightness/factor_0p7/normalized_32x32/7/7_7_01_254ebf4a_r03c02__brightness_factor_0p7.npy,7,7,1,0.9885609827769938,-5.601811408996582,1.119211196899414,-1.7335467338562012,-3.54673171043396,-2.290231704711914,-4.8348212242126465,-7.872290134429932,5.742034912109375,-2.8542251586914062,-1.7837889194488525,brightness,0.7x
7_7_01_254ebf4a_r03c03__brightness_factor_0p7,./data/robustness/brightness/factor_0p7/normalized_32x32/7/7_7_01_254ebf4a_r03c03__brightness_factor_0p7.npy,7,7,1,0.9633078069781534,-6.472097396850586,1.4035329818725586,-0.6878482699394226,-2.8670663833618164,-1.3083086013793945,-5.722925186157227,-8.899558067321777,4.949245929718018,-3.0003116130828857,-0.8694158792495728,brightness,0.7x
7_7_01_254ebf4a_r03c04__brightness_factor_0p7,./data/robustness/brightness/factor_0p7/normalized_32x32/7/7_7_01_254ebf4a_r03c04__brightness_factor_0p7.npy,7,7,1,0.9943924194530741,-6.344204902648926,0.7008223533630371,-1.9109138250350952,-3.807223081588745,-1.3388453722000122,-4.855940341949463,-9.132424354553223,6.194823741912842,-3.8103487491607666,-1.255737543106079,brightness,0.7x
7_7_01_254ebf4a_r04c01__brightness_factor_0p7,./data/robustness/brightness/factor_0p7/normalized_32x32/7/7_7_01_254ebf4a_r04c01__brightness_factor_0p7.npy,7,7,1,0.9483511820965994,-4.97454309463501,-0.02552315592765808,-2.2006876468658447,-1.7643568515777588,-0.8712353110313416,-3.632227897644043,-7.288323402404785,4.119760990142822,-3.25818133354187,0.47253239154815674,brightness,0.7x
7_7_01_254ebf4a_r04c02__brightness_factor_0p7,./data/robustness/brightness/factor_0p7/normalized_32x32/7/7_7_01_254ebf4a_r04c02__brightness_factor_0p7.npy,7,7,1,0.970484422995552,-5.625237464904785,1.4137195348739624,-0.5085965394973755,-2.528481960296631,-1.7017004489898682,-4.655085563659668,-8.053709030151367,5.1361083984375,-3.2829670906066895,-1.9228521585464478,brightness,0.7x
7_7_01_254ebf4a_r04c03__brightness_factor_0p7,./data/robustness/brightness/factor_0p7/normalized_32x32/7/7_7_01_254ebf4a_r04c03__brightness_factor_0p7.npy,7,7,1,0.9129614814714987,-4.136084079742432,1.3540928363800049,0.0843534767627716,-2.145343542098999,-2.2301173210144043,-3.5161943435668945,-6.124969482421875,4.062678337097168,-1.606838345527649,-2.2285873889923096,brightness,0.7x
7_7_01_254ebf4a_r04c04__brightness_factor_0p7,./data/robustness/brightness/factor_0p7/normalized_32x32/7/7_7_01_254ebf4a_r04c04__brightness_factor_0p7.npy,7,7,1,0.9990249494619575,-8.12573528289795,-0.4669591784477234,-3.564624547958374,-3.0941548347473145,-1.1679015159606934,-5.843252658843994,-10.410438537597656,7.317306995391846,-5.3588547706604,-0.7973501682281494,brightness,0.7x
7_7_02_923c5b16_r01c01__brightness_factor_0p7,./data/robustness/brightness/factor_0p7/normalized_32x32/7/7_7_02_923c5b16_r01c01__brightness_factor_0p7.npy,7,7,1,0.9523408664117482,-3.7166428565979004,-0.10617461800575256,-0.5260322093963623,-2.044743776321411,-1.1961371898651123,-3.2501931190490723,-5.696892738342285,3.8557474613189697,-2.7839596271514893,-1.1549679040908813,brightness,0.7x
7_7_02_923c5b16_r01c02__brightness_factor_0p7,./data/robustness/brightness/factor_0p7/normalized_32x32/7/7_7_02_923c5b16_r01c02__brightness_factor_0p7.npy,7,7,1,0.9965228592135021,-6.6431074142456055,0.7238872647285461,-1.2394757270812988,-3.5772924423217773,-1.3048114776611328,-5.977359294891357,-9.514911651611328,6.745042324066162,-4.136721611022949,-1.223244309425354,brightness,0.7x
7_7_02_923c5b16_r01c03__brightness_factor_0p7,./data/robustness/brightness/factor_0p7/normalized_32x32/7/7_7_02_923c5b16_r01c03__brightness_factor_0p7.npy,7,7,1,0.9997814496088586,-7.393721580505371,-2.9069464206695557,-3.8825957775115967,-3.022692918777466,-1.4238526821136475,-5.762704849243164,-9.873202323913574,8.016752243041992,-5.964555740356445,-1.2324799299240112,brightness,0.7x
7_7_02_923c5b16_r01c04__brightness_factor_0p7,./data/robustness/brightness/factor_0p7/normalized_32x32/7/7_7_02_923c5b16_r01c04__brightness_factor_0p7.npy,7,7,1,0.9986773085477118,-6.188900947570801,-2.7271475791931152,-3.0366744995117188,-1.7550314664840698,-1.4335330724716187,-4.520872116088867,-8.063210487365723,6.367687702178955,-4.53959846496582,-1.500251293182373,brightness,0.7x
7_7_02_923c5b16_r02c01__brightness_factor_0p7,./data/robustness/brightness/factor_0p7/normalized_32x32/7/7_7_02_923c5b16_r02c01__brightness_factor_0p7.npy,7,7,1,0.9844606378678294,-5.864765644073486,-1.467391848564148,-2.90285325050354,-2.3912596702575684,-0.35615772008895874,-4.358766555786133,-7.566913604736328,5.028405666351318,-3.366971254348755,0.24860525131225586,brightness,0.7x
7_7_02_923c5b16_r02c02__brightness_factor_0p7,./data/robustness/brightness/factor_0p7/normalized_32x32/7/7_7_02_923c5b16_r02c02__brightness_factor_0p7.npy,7,7,1,0.9992190789002443,-10.023566246032715,-1.321875810623169,-2.7230892181396484,-2.113321304321289,0.5953818559646606,-7.011224746704102,-10.57979679107666,8.117254257202148,-6.080202579498291,-1.0514919757843018,brightness,0.7x
7_7_02_923c5b16_r02c03__brightness_factor_0p7,./data/robustness/brightness/factor_0p7/normalized_32x32/7/7_7_02_923c5b16_r02c03__brightness_factor_0p7.npy,7,7,1,0.9879288831426593,-5.949701309204102,0.7112855911254883,-1.5381858348846436,-2.5365872383117676,-0.5094817876815796,-4.444461345672607,-7.573296546936035,5.630411624908447,-3.1842920780181885,-0.8706659078598022,brightness,0.7x
7_7_02_923c5b16_r02c04__brightness_factor_0p7,./data/robustness/brightness/factor_0p7/normalized_32x32/7/7_7_02_923c5b16_r02c04__brightness_factor_0p7.npy,7,7,1,0.9989395695468185,-6.452216625213623,-1.4859462976455688,-3.6317455768585205,-4.182250022888184,-0.7995432019233704,-5.302830219268799,-9.92309284210205,7.635773181915283,-6.77294397354126,0.38740190863609314,brightness,0.7x
7_7_02_923c5b16_r03c01__brightness_factor_0p7,./data/robustness/brightness/factor_0p7/normalized_32x32/7/7_7_02_923c5b16_r03c01__brightness_factor_0p7.npy,7,7,1,0.9331745768276147,-5.914532661437988,0.08716824650764465,-1.2336504459381104,-0.2664231061935425,-1.5637038946151733,-4.587530612945557,-6.994892597198486,3.696244239807129,-2.247157573699951,-0.8956741690635681,brightness,0.7x
7_7_02_923c5b16_r03c02__brightness_factor_0p7,./data/robustness/brightness/factor_0p7/normalized_32x32/7/7_7_02_923c5b16_r03c02__brightness_factor_0p7.npy,7,7,1,0.9965535859380952,-7.364602088928223,-0.44620802998542786,-2.4109878540039062,-3.166464328765869,-0.7564462423324585,-6.058221817016602,-9.47923469543457,6.43619441986084,-4.0435872077941895,-0.1095346212387085,brightness,0.7x
7_7_02_923c5b16_r03c03__brightness_factor_0p7,./data/robustness/brightness/factor_0p7/normalized_32x32/7/7_7_02_923c5b16_r03c03__brightness_factor_0p7.npy,7,7,1,0.9792239225853241,-5.261880397796631,-0.2626568377017975,-2.999943494796753,-1.6997406482696533,-1.3811508417129517,-4.0459303855896,-5.896134376525879,4.625341415405273,-3.424440622329712,-0.15769825875759125,brightness,0.7x
7_7_02_923c5b16_r03c04__brightness_factor_0p7,./data/robustness/brightness/factor_0p7/normalized_32x32/7/7_7_02_923c5b16_r03c04__brightness_factor_0p7.npy,7,7,1,0.9949913243255649,-6.471669673919678,0.6870841979980469,-2.427105665206909,-3.88059663772583,-1.0754835605621338,-5.576940536499023,-9.670823097229004,6.445042610168457,-4.281248092651367,-0.33966368436813354,brightness,0.7x
7_7_02_923c5b16_r04c01__brightness_factor_0p7,./data/robustness/brightness/factor_0p7/normalized_32x32/7/7_7_02_923c5b16_r04c01__brightness_factor_0p7.npy,7,7,1,0.9965055310761516,-8.654455184936523,-1.153317928314209,-5.209310054779053,-2.9162182807922363,-1.2036101818084717,-6.381231784820557,-9.43763256072998,6.81146240234375,-4.091682434082031,0.9126201868057251,brightness,0.7x
7_7_02_923c5b16_r04c02__brightness_factor_0p7,./data/robustness/brightness/factor_0p7/normalized_32x32/7/7_7_02_923c5b16_r04c02__brightness_factor_0p7.npy,7,7,1,0.9990237034448951,-8.641180038452148,0.6700303554534912,-5.417576313018799,-4.150877952575684,-3.4526050090789795,-4.790438652038574,-9.27491283416748,7.672461986541748,-3.238605499267578,-3.089069128036499,brightness,0.7x
7_7_02_923c5b16_r04c03__brightness_factor_0p7,./data/robustness/brightness/factor_0p7/normalized_32x32/7/7_7_02_923c5b16_r04c03__brightness_factor_0p7.npy,7,7,1,0.9972164239266769,-7.616661548614502,1.3186116218566895,-0.6940068006515503,-3.95003604888916,-2.458281993865967,-6.644518852233887,-10.049155235290527,7.365749835968018,-3.7776577472686768,-3.0901899337768555,brightness,0.7x
7_7_02_923c5b16_r04c04__brightness_factor_0p7,./data/robustness/brightness/factor_0p7/normalized_32x32/7/7_7_02_923c5b16_r04c04__brightness_factor_0p7.npy,7,7,1,0.9912188804358337,-5.021060466766357,-1.489841341972351,-3.1688027381896973,-2.5919277667999268,-0.30375736951828003,-4.4085564613342285,-8.235645294189453,5.976532936096191,-4.262490272521973,0.8660688400268555,brightness,0.7x
8_8_01_e470fe0b_r01c01__brightness_factor_0p7,./data/robustness/brightness/factor_0p7/normalized_32x32/8/8_8_01_e470fe0b_r01c01__brightness_factor_0p7.npy,8,8,1,0.9997509151460144,-2.6549360752105713,-5.685783386230469,-0.8108500838279724,-1.619714379310608,-3.6663637161254883,-2.4822089672088623,-4.343292236328125,-5.859881401062012,8.176630973815918,-3.099470853805542,brightness,0.7x
8_8_01_e470fe0b_r01c02__brightness_factor_0p7,./data/robustness/brightness/factor_0p7/normalized_32x32/8/8_8_01_e470fe0b_r01c02__brightness_factor_0p7.npy,8,8,1,0.6556373640933838,-4.1606364250183105,-4.739840030670166,-3.101616621017456,1.6600639820098877,-4.499375343322754,1.3316832780838013,-3.767049789428711,-4.032339096069336,2.8920130729675293,-1.1993587017059326,brightness,0.7x
8_8_01_e470fe0b_r01c03__brightness_factor_0p7,./data/robustness/brightness/factor_0p7/normalized_32x32/8/8_8_01_e470fe0b_r01c03__brightness_factor_0p7.npy,8,8,1,0.9445291649050117,-1.148048758506775,-6.25078821182251,-2.0758676528930664,0.8864719271659851,-2.888559579849243,0.8881791234016418,-0.2828635573387146,-6.382613182067871,4.649529933929443,-3.6349828243255615,brightness,0.7x
8_8_01_e470fe0b_r01c04__brightness_factor_0p7,./data/robustness/brightness/factor_0p7/normalized_32x32/8/8_8_01_e470fe0b_r01c04__brightness_factor_0p7.npy,8,8,1,0.996852349898089,-2.1686089038848877,-8.795090675354004,1.9955906867980957,0.208753764629364,-5.6553239822387695,-3.154909133911133,-6.38944149017334,-5.960049152374268,7.9293718338012695,-4.062865734100342,brightness,0.7x
8_8_01_e470fe0b_r02c01__brightness_factor_0p7,./data/robustness/brightness/factor_0p7/normalized_32x32/8/8_8_01_e470fe0b_r02c01__brightness_factor_0p7.npy,8,8,1,0.9985256815612467,-2.3770062923431396,-6.68115758895874,0.8901814222335815,-3.042997360229492,-3.2586679458618164,-3.385727882385254,-6.390479564666748,-5.554775714874268,7.530614376068115,-2.329211473464966,brightness,0.7x
8_8_01_e470fe0b_r02c02__brightness_factor_0p7,./data/robustness/brightness/factor_0p7/normalized_32x32/8/8_8_01_e470fe0b_r02c02__brightness_factor_0p7.npy,8,8,1,0.9997762507496077,-2.10113787651062,-6.287154674530029,0.5705694556236267,-4.298809051513672,-4.24529504776001,-4.2355732917785645,-6.395619869232178,-5.44730281829834,9.08539867401123,-3.401559591293335,brightness,0.7x
8_8_01_e470fe0b_r02c03__brightness_factor_0p7,./data/robustness/brightness/factor_0p7/normalized_32x32/8/8_8_01_e470fe0b_r02c03__brightness_factor_0p7.npy,8,8,1,0.953927276441899,-2.9235661029815674,-6.6206769943237305,4.761049747467041,-4.198615550994873,-3.9794583320617676,-4.49013614654541,-6.976307392120361,-4.726607799530029,7.792386531829834,-5.606635093688965,brightness,0.7x
8_8_01_e470fe0b_r02c04__brightness_factor_0p7,./data/robustness/brightness/factor_0p7/normalized_32x32/8/8_8_01_e470fe0b_r02c04__brightness_factor_0p7.npy,8,8,1,0.9974272378170848,-5.641743183135986,-5.127763271331787,-0.4765123724937439,1.0107192993164062,-3.6911964416503906,-2.2142038345336914,-4.387533187866211,-7.139089584350586,7.222335338592529,-4.885561466217041,brightness,0.7x
8_8_01_e470fe0b_r03c01__brightness_factor_0p7,./data/robustness/brightness/factor_0p7/normalized_32x32/8/8_8_01_e470fe0b_r03c01__brightness_factor_0p7.npy,8,8,1,0.9998973283522412,-3.7695164680480957,-8.458599090576172,-0.9869914054870605,-1.0674772262573242,-5.280923843383789,-2.2997524738311768,-7.343375205993652,-7.254222869873047,9.164764404296875,-2.006176471710205,brightness,0.7x
8_8_01_e470fe0b_r03c02__brightness_factor_0p7,./data/robustness/brightness/factor_0p7/normalized_32x32/8/8_8_01_e470fe0b_r03c02__brightness_factor_0p7.npy,8,8,1,0.9996553143250239,-5.695809364318848,-7.7903900146484375,-2.4740445613861084,-1.7501914501190186,-3.991455316543579,-2.3251984119415283,-7.788545608520508,-7.163973331451416,8.245431900024414,-0.06765329837799072,brightness,0.7x
8_8_01_e470fe0b_r03c03__brightness_factor_0p7,./data/robustness/brightness/factor_0p7/normalized_32x32/8/8_8_01_e470fe0b_r03c03__brightness_factor_0p7.npy,8,8,1,0.9999885822595879,-4.785610198974609,-8.190682411193848,-4.046590805053711,-1.386847972869873,-4.681084632873535,-3.0680737495422363,-7.233905792236328,-8.281582832336426,10.770983695983887,-1.5559847354888916,brightness,0.7x
8_8_01_e470fe0b_r03c04__brightness_factor_0p7,./data/robustness/brightness/factor_0p7/normalized_32x32/8/8_8_01_e470fe0b_r03c04__brightness_factor_0p7.npy,8,8,1,0.9998491337483153,-3.298468589782715,-4.11835241317749,-2.5734004974365234,-3.2059736251831055,-3.156769037246704,-1.9455772638320923,-3.8763256072998047,-5.139653205871582,8.058938026428223,-2.3534562587738037,brightness,0.7x
8_8_01_e470fe0b_r04c01__brightness_factor_0p7,./data/robustness/brightness/factor_0p7/normalized_32x32/8/8_8_01_e470fe0b_r04c01__brightness_factor_0p7.npy,8,8,1,0.9999334638506293,-3.4675662517547607,-6.5587568283081055,-1.3835234642028809,-1.4732953310012817,-4.067283630371094,-2.787106513977051,-5.353841781616211,-6.629360675811768,9.161534309387207,-3.311471462249756,brightness,0.7x
8_8_01_e470fe0b_r04c02__brightness_factor_0p7,./data/robustness/brightness/factor_0p7/normalized_32x32/8/8_8_01_e470fe0b_r04c02__brightness_factor_0p7.npy,8,8,1,0.9999243771589441,-3.1389598846435547,-6.8455586433410645,0.4747755527496338,-5.486135482788086,-3.9585938453674316,-3.9696292877197266,-7.3147196769714355,-6.252776622772217,10.03953742980957,-3.3169965744018555,brightness,0.7x
8_8_01_e470fe0b_r04c03__brightness_factor_0p7,./data/robustness/brightness/factor_0p7/normalized_32x32/8/8_8_01_e470fe0b_r04c03__brightness_factor_0p7.npy,8,8,1,0.999851461479047,-4.110535144805908,-8.869012832641602,-0.8018990755081177,-3.4711036682128906,-5.105922222137451,-4.856090545654297,-8.237358093261719,-6.938479900360107,9.187264442443848,-0.06129908561706543,brightness,0.7x
8_8_01_e470fe0b_r04c04__brightness_factor_0p7,./data/robustness/brightness/factor_0p7/normalized_32x32/8/8_8_01_e470fe0b_r04c04__brightness_factor_0p7.npy,8,8,1,0.9999534456228265,-0.5343169569969177,-9.741066932678223,-1.3790602684020996,-2.43534255027771,-6.246511459350586,-2.029250144958496,-6.280047416687012,-8.007261276245117,10.116494178771973,-2.39595103263855,brightness,0.7x
8_8_02_b36c8633_r01c01__brightness_factor_0p7,./data/robustness/brightness/factor_0p7/normalized_32x32/8/8_8_02_b36c8633_r01c01__brightness_factor_0p7.npy,8,8,1,0.9999215199660098,-2.4366493225097656,-4.2401204109191895,-1.0194380283355713,-4.6274638175964355,-3.407438278198242,-3.1655962467193604,-4.018474578857422,-5.548859596252441,8.952640533447266,-3.2984869480133057,brightness,0.7x
8_8_02_b36c8633_r01c02__brightness_factor_0p7,./data/robustness/brightness/factor_0p7/normalized_32x32/8/8_8_02_b36c8633_r01c02__brightness_factor_0p7.npy,8,8,1,0.9987087287349073,-5.048184394836426,-7.500321388244629,-2.285111665725708,1.9924118518829346,-4.7576470375061035,-2.5596816539764404,-6.5213446617126465,-8.62862491607666,8.673064231872559,-3.6636130809783936,brightness,0.7x
8_8_02_b36c8633_r01c03__brightness_factor_0p7,./data/robustness/brightness/factor_0p7/normalized_32x32/8/8_8_02_b36c8633_r01c03__brightness_factor_0p7.npy,8,8,1,0.9991290568667034,-4.758644104003906,-4.7327070236206055,-1.5924484729766846,-1.5032216310501099,-4.608187198638916,-2.479497194290161,-5.006420135498047,-5.018986225128174,6.753127574920654,-1.6269066333770752,brightness,0.7x
8_8_02_b36c8633_r01c04__brightness_factor_0p7,./data/robustness/brightness/factor_0p7/normalized_32x32/8/8_8_02_b36c8633_r01c04__brightness_factor_0p7.npy,8,8,1,0.9994536470946631,-6.068778038024902,-9.07765007019043,-4.048578262329102,1.335715889930725,-5.9018731117248535,-1.4622409343719482,-5.354795455932617,-9.60727310180664,8.932799339294434,-2.5277388095855713,brightness,0.7x
8_8_02_b36c8633_r02c01__brightness_factor_0p7,./data/robustness/brightness/factor_0p7/normalized_32x32/8/8_8_02_b36c8633_r02c01__brightness_factor_0p7.npy,8,8,1,0.9999690949207006,-3.609485387802124,-5.825005531311035,-4.071723937988281,-2.9851276874542236,-3.454740047454834,-1.390793800354004,-3.426453113555908,-7.537580490112305,9.598128318786621,-3.115415096282959,brightness,0.7x
8_8_02_b36c8633_r02c02__brightness_factor_0p7,./data/robustness/brightness/factor_0p7/normalized_32x32/8/8_8_02_b36c8633_r02c02__brightness_factor_0p7.npy,8,8,1,0.9863651324259474,-5.364654064178467,-5.989708423614502,-2.606208086013794,0.7409940958023071,-4.4076247215271,-0.7904425263404846,-4.937148571014404,-5.7902021408081055,5.445919990539551,-0.5990772843360901,brightness,0.7x
8_8_02_b36c8633_r02c03__brightness_factor_0p7,./data/robustness/brightness/factor_0p7/normalized_32x32/8/8_8_02_b36c8633_r02c03__brightness_factor_0p7.npy,8,8,1,0.9943309128580384,0.16948825120925903,-4.822709083557129,-0.1745210886001587,-3.058933973312378,-3.3707423210144043,-3.3436756134033203,-3.0927300453186035,-4.676074981689453,6.024199485778809,-1.8802739381790161,brightness,0.7x
8_8_02_b36c8633_r02c04__brightness_factor_0p7,./data/robustness/brightness/factor_0p7/normalized_32x32/8/8_8_02_b36c8633_r02c04__brightness_factor_0p7.npy,8,8,1,0.6621594272511231,-2.2333593368530273,-5.325182914733887,1.5997307300567627,1.7398858070373535,-2.8817734718322754,-0.14508183300495148,-3.6518917083740234,-4.636002540588379,3.135918378829956,-3.782590389251709,brightness,0.7x
8_8_02_b36c8633_r03c01__brightness_factor_0p7,./data/robustness/brightness/factor_0p7/normalized_32x32/8/8_8_02_b36c8633_r03c01__brightness_factor_0p7.npy,8,8,1,0.9995948399372349,-1.988471269607544,-6.902102470397949,-0.17098218202590942,-2.9863405227661133,-3.3281009197235107,-2.357274055480957,-5.562779903411865,-6.167645454406738,8.035057067871094,-2.48085355758667,brightness,0.7x
8_8_02_b36c8633_r03c02__brightness_factor_0p7,./data/robustness/brightness/factor_0p7/normalized_32x32/8/8_8_02_b36c8633_r03c02__brightness_factor_0p7.npy,8,8,1,0.9990398196044172,-4.38096284866333,-6.477582931518555,-5.324782848358154,-0.5643863677978516,-4.897785663604736,0.8958431482315063,-2.9515178203582764,-7.392411708831787,8.083005905151367,-4.160418510437012,brightness,0.7x
8_8_02_b36c8633_r03c03__brightness_factor_0p7,./data/robustness/brightness/factor_0p7/normalized_32x32/8/8_8_02_b36c8633_r03c03__brightness_factor_0p7.npy,8,8,1,0.9999956799240738,-3.4731616973876953,-5.343264102935791,-3.8360393047332764,-4.505255222320557,-3.2528765201568604,-3.5907084941864014,-5.9643778800964355,-7.024372577667236,10.94698715209961,-2.2332663536071777,brightness,0.7x
8_8_02_b36c8633_r03c04__brightness_factor_0p7,./data/robustness/brightness/factor_0p7/normalized_32x32/8/8_8_02_b36c8633_r03c04__brightness_factor_0p7.npy,8,8,1,0.9999342773682748,-4.133456230163574,-7.3942742347717285,-2.4184131622314453,-1.6023786067962646,-4.199260711669922,-1.9068944454193115,-5.750772476196289,-7.9961442947387695,9.157740592956543,-1.901099681854248,brightness,0.7x
8_8_02_b36c8633_r04c01__brightness_factor_0p7,./data/robustness/brightness/factor_0p7/normalized_32x32/8/8_8_02_b36c8633_r04c01__brightness_factor_0p7.npy,8,8,1,0.9984279265153716,-2.616036891937256,-7.177850723266602,-1.5575177669525146,-1.6889922618865967,-4.095233917236328,-1.576322317123413,-6.078207492828369,-6.597724914550781,6.933335781097412,-0.0843762755393982,brightness,0.7x
8_8_02_b36c8633_r04c02__brightness_factor_0p7,./data/robustness/brightness/factor_0p7/normalized_32x32/8/8_8_02_b36c8633_r04c02__brightness_factor_0p7.npy,8,8,1,0.9991534395433985,-0.46231573820114136,-6.693138599395752,-0.0632672905921936,-2.9634361267089844,-3.6997969150543213,-3.011892795562744,-6.0041279792785645,-5.467373847961426,7.665214538574219,-2.2528223991394043,brightness,0.7x
8_8_02_b36c8633_r04c03__brightness_factor_0p7,./data/robustness/brightness/factor_0p7/normalized_32x32/8/8_8_02_b36c8633_r04c03__brightness_factor_0p7.npy,8,8,1,0.9999937954847286,-2.90342116355896,-10.675275802612305,-1.0406478643417358,-1.8795640468597412,-6.741745948791504,-3.208594799041748,-8.482117652893066,-8.736326217651367,11.606690406799316,-2.541546106338501,brightness,0.7x
8_8_02_b36c8633_r04c04__brightness_factor_0p7,./data/robustness/brightness/factor_0p7/normalized_32x32/8/8_8_02_b36c8633_r04c04__brightness_factor_0p7.npy,8,8,1,0.9999657744075773,-4.799299240112305,-7.694863796234131,0.2789955139160156,-2.603748083114624,-3.539045810699463,-3.6386513710021973,-7.554837703704834,-8.29839038848877,10.666580200195312,-4.870411396026611,brightness,0.7x
9_9_01_852a4a6b_r01c01__brightness_factor_0p7,./data/robustness/brightness/factor_0p7/normalized_32x32/9/9_9_01_852a4a6b_r01c01__brightness_factor_0p7.npy,9,9,1,0.9663651614214055,-5.699693202972412,-2.213549852371216,-3.431609869003296,-1.9023795127868652,2.069345474243164,-3.730416774749756,-7.915441989898682,-0.3445529639720917,-2.87446665763855,5.555556774139404,brightness,0.7x
9_9_01_852a4a6b_r01c02__brightness_factor_0p7,./data/robustness/brightness/factor_0p7/normalized_32x32/9/9_9_01_852a4a6b_r01c02__brightness_factor_0p7.npy,9,9,1,0.9878948917074035,-5.2762064933776855,-2.607816219329834,-4.057125568389893,-2.1989636421203613,1.1758718490600586,-4.051958084106445,-7.981003284454346,0.3559620976448059,-2.9371376037597656,6.000586986541748,brightness,0.7x
9_9_01_852a4a6b_r01c03__brightness_factor_0p7,./data/robustness/brightness/factor_0p7/normalized_32x32/9/9_9_01_852a4a6b_r01c03__brightness_factor_0p7.npy,9,9,1,0.9917614741574342,-6.518565654754639,-2.9897594451904297,-4.868808269500732,-2.2753498554229736,1.7372779846191406,-4.424411296844482,-9.281698226928711,0.47554004192352295,-3.7884624004364014,6.80391788482666,brightness,0.7x
9_9_01_852a4a6b_r01c04__brightness_factor_0p7,./data/robustness/brightness/factor_0p7/normalized_32x32/9/9_9_01_852a4a6b_r01c04__brightness_factor_0p7.npy,9,9,1,0.9935115850369866,-6.116133689880371,-1.7378344535827637,-5.6212334632873535,-3.1794369220733643,1.0123789310455322,-3.953951120376587,-9.15932846069336,0.3902248740196228,-1.9352912902832031,6.560854911804199,brightness,0.7x
9_9_01_852a4a6b_r02c01__brightness_factor_0p7,./data/robustness/brightness/factor_0p7/normalized_32x32/9/9_9_01_852a4a6b_r02c01__brightness_factor_0p7.npy,9,9,1,0.9564448769885997,-6.785645008087158,-3.298198699951172,-4.545012474060059,-2.8575618267059326,2.9932188987731934,-4.1571879386901855,-8.768495559692383,1.041030764579773,-4.534334182739258,6.220969200134277,brightness,0.7x
9_9_01_852a4a6b_r02c02__brightness_factor_0p7,./data/robustness/brightness/factor_0p7/normalized_32x32/9/9_9_01_852a4a6b_r02c02__brightness_factor_0p7.npy,9,9,1,0.996544683735966,-8.475708961486816,-4.351474285125732,-5.261455059051514,-2.7424983978271484,2.726248025894165,-4.20550012588501,-11.257734298706055,-1.218124508857727,-4.986952781677246,8.416491508483887,brightness,0.7x
9_9_01_852a4a6b_r02c03__brightness_factor_0p7,./data/robustness/brightness/factor_0p7/normalized_32x32/9/9_9_01_852a4a6b_r02c03__brightness_factor_0p7.npy,9,9,1,0.7941987004608568,-3.831875801086426,-1.3028603792190552,-3.323530673980713,-2.0428686141967773,-0.8003663420677185,-2.9471139907836914,-5.356138229370117,-0.05118527635931969,1.0486774444580078,2.9126546382904053,brightness,0.7x
9_9_01_852a4a6b_r02c04__brightness_factor_0p7,./data/robustness/brightness/factor_0p7/normalized_32x32/9/9_9_01_852a4a6b_r02c04__brightness_factor_0p7.npy,9,9,1,0.9911688483866633,-6.9022088050842285,-3.1212069988250732,-5.185018062591553,-1.7875369787216187,0.6266961097717285,-2.87604022026062,-7.495491027832031,-1.1502189636230469,-1.1945576667785645,5.737935543060303,brightness,0.7x
9_9_01_852a4a6b_r03c01__brightness_factor_0p7,./data/robustness/brightness/factor_0p7/normalized_32x32/9/9_9_01_852a4a6b_r03c01__brightness_factor_0p7.npy,9,9,1,0.8846996262777547,-5.080599308013916,-1.576873779296875,-3.192699909210205,-2.271667718887329,2.0551645755767822,-2.8665273189544678,-6.797325134277344,-0.6278936266899109,-1.4801005125045776,4.233208656311035,brightness,0.7x
9_9_01_852a4a6b_r03c02__brightness_factor_0p7,./data/robustness/brightness/factor_0p7/normalized_32x32/9/9_9_01_852a4a6b_r03c02__brightness_factor_0p7.npy,9,9,1,0.8328562573167746,-3.372192144393921,-1.0262919664382935,-2.5985801219940186,-1.0249980688095093,0.7816300988197327,-1.637352705001831,-4.5648603439331055,-0.14287927746772766,-1.5034669637680054,3.0657787322998047,brightness,0.7x
9_9_01_852a4a6b_r03c03__brightness_factor_0p7,./data/robustness/brightness/factor_0p7/normalized_32x32/9/9_9_01_852a4a6b_r03c03__brightness_factor_0p7.npy,9,9,1,0.9988422535257632,-5.074735164642334,-4.870136737823486,-6.001102924346924,-0.5692738890647888,-2.4663686752319336,-3.195636034011841,-10.081459999084473,-3.296847105026245,-2.1827151775360107,6.606908321380615,brightness,0.7x
9_9_01_852a4a6b_r03c04__brightness_factor_0p7,./data/robustness/brightness/factor_0p7/normalized_32x32/9/9_9_01_852a4a6b_r03c04__brightness_factor_0p7.npy,9,9,1,0.9603173859392675,-7.109806537628174,-2.643075942993164,-5.486990928649902,-4.143744945526123,3.5529136657714844,-4.759215831756592,-8.614701271057129,-0.523665189743042,-3.2390387058258057,6.7600202560424805,brightness,0.7x
9_9_01_852a4a6b_r04c01__brightness_factor_0p7,./data/robustness/brightness/factor_0p7/normalized_32x32/9/9_9_01_852a4a6b_r04c01__brightness_factor_0p7.npy,9,9,1,0.9927735914184913,-7.821175575256348,-3.475992202758789,-4.832277297973633,-3.5747036933898926,2.592846632003784,-4.821017742156982,-9.762149810791016,-0.4828254282474518,-3.566275119781494,7.568120002746582,brightness,0.7x
9_9_01_852a4a6b_r04c02__brightness_factor_0p7,./data/robustness/brightness/factor_0p7/normalized_32x32/9/9_9_01_852a4a6b_r04c02__brightness_factor_0p7.npy,9,9,1,0.9984456595937369,-7.386324405670166,-2.796674966812134,-6.0448899269104,-2.36859130859375,0.8667874336242676,-3.8606343269348145,-10.241765975952148,-0.9612225294113159,-2.3235700130462646,7.576449394226074,brightness,0.7x
9_9_01_852a4a6b_r04c03__brightness_factor_0p7,./data/robustness/brightness/factor_0p7/normalized_32x32/9/9_9_01_852a4a6b_r04c03__brightness_factor_0p7.npy,9,9,1,0.9901052998614965,-4.615237712860107,-3.317939281463623,-2.7349114418029785,-2.222512722015381,0.29965105652809143,-3.3037872314453125,-7.393915176391602,-0.9741777181625366,-2.860391855239868,5.319182872772217,brightness,0.7x
9_9_01_852a4a6b_r04c04__brightness_factor_0p7,./data/robustness/brightness/factor_0p7/normalized_32x32/9/9_9_01_852a4a6b_r04c04__brightness_factor_0p7.npy,9,9,1,0.9901893888700197,-4.729132652282715,-2.9057819843292236,-4.26700496673584,-2.6973674297332764,0.5247868895530701,-2.7897870540618896,-7.297562599182129,-0.08868537098169327,-3.56911563873291,5.6584014892578125,brightness,0.7x
9_9_02_2f49434b_r01c01__brightness_factor_0p7,./data/robustness/brightness/factor_0p7/normalized_32x32/9/9_9_02_2f49434b_r01c01__brightness_factor_0p7.npy,9,9,1,0.9671774782233732,-3.816657066345215,-1.792969822883606,-3.942464828491211,-0.6827100515365601,-0.5087344646453857,-2.7632055282592773,-5.687475204467773,-0.27510687708854675,-1.3154003620147705,4.262355804443359,brightness,0.7x
9_9_02_2f49434b_r01c02__brightness_factor_0p7,./data/robustness/brightness/factor_0p7/normalized_32x32/9/9_9_02_2f49434b_r01c02__brightness_factor_0p7.npy,9,9,1,0.9802001800480596,-6.040091514587402,-2.971008777618408,-4.651026725769043,-3.371230363845825,2.5355117321014404,-3.707890033721924,-7.795295715332031,0.22483594715595245,-3.7584054470062256,6.542625904083252,brightness,0.7x
9_9_02_2f49434b_r01c03__brightness_factor_0p7,./data/robustness/brightness/factor_0p7/normalized_32x32/9/9_9_02_2f49434b_r01c03__brightness_factor_0p7.npy,9,8,0,0.5890683889746345,-1.893035650253296,-0.9088304042816162,-2.4384477138519287,-2.1444387435913086,-1.9906482696533203,-2.2380263805389404,-3.9179484844207764,0.7734628319740295,2.079047203063965,0.8713397979736328,brightness,0.7x
9_9_02_2f49434b_r01c04__brightness_factor_0p7,./data/robustness/brightness/factor_0p7/normalized_32x32/9/9_9_02_2f49434b_r01c04__brightness_factor_0p7.npy,9,9,1,0.9966082030377592,-6.909243583679199,-3.332429885864258,-5.574763298034668,-0.8916343450546265,0.3154463768005371,-3.933370590209961,-8.664946556091309,-1.2483515739440918,-1.9028607606887817,6.505954265594482,brightness,0.7x
9_9_02_2f49434b_r02c01__brightness_factor_0p7,./data/robustness/brightness/factor_0p7/normalized_32x32/9/9_9_02_2f49434b_r02c01__brightness_factor_0p7.npy,9,9,1,0.9905926880765953,-6.538232326507568,-2.859595537185669,-6.755587577819824,-2.5813310146331787,1.5945987701416016,-4.356820583343506,-8.013558387756348,0.6153436303138733,-2.6363370418548584,6.602296829223633,brightness,0.7x
9_9_02_2f49434b_r02c02__brightness_factor_0p7,./data/robustness/brightness/factor_0p7/normalized_32x32/9/9_9_02_2f49434b_r02c02__brightness_factor_0p7.npy,9,9,1,0.9991000966444044,-8.683822631835938,-4.031148910522461,-7.026974201202393,-3.158008337020874,1.3570570945739746,-4.709811210632324,-9.792482376098633,-1.4746880531311035,-2.4363348484039307,8.464278221130371,brightness,0.7x
9_9_02_2f49434b_r02c03__brightness_factor_0p7,./data/robustness/brightness/factor_0p7/normalized_32x32/9/9_9_02_2f49434b_r02c03__brightness_factor_0p7.npy,9,9,1,0.9946752604363319,-5.860538005828857,-3.058763265609741,-6.445907115936279,-2.9136998653411865,1.4417036771774292,-4.397252559661865,-7.324707984924316,-0.9855074882507324,-1.9889509677886963,6.8103928565979,brightness,0.7x
9_9_02_2f49434b_r02c04__brightness_factor_0p7,./data/robustness/brightness/factor_0p7/normalized_32x32/9/9_9_02_2f49434b_r02c04__brightness_factor_0p7.npy,9,1,0,0.7265633636694033,-3.9117319583892822,2.7848753929138184,-6.354503154754639,-4.614825248718262,-0.4639430344104767,-2.2909767627716064,-5.025607585906982,0.4511387348175049,0.39438962936401367,0.8216102123260498,brightness,0.7x
9_9_02_2f49434b_r03c01__brightness_factor_0p7,./data/robustness/brightness/factor_0p7/normalized_32x32/9/9_9_02_2f49434b_r03c01__brightness_factor_0p7.npy,9,4,0,0.5104941590741553,-6.32657527923584,-1.8421053886413574,-5.33796501159668,-4.804821014404297,3.898745059967041,-4.621984004974365,-6.815931797027588,-1.2325923442840576,-0.8829445838928223,3.837786912918091,brightness,0.7x
9_9_02_2f49434b_r03c02__brightness_factor_0p7,./data/robustness/brightness/factor_0p7/normalized_32x32/9/9_9_02_2f49434b_r03c02__brightness_factor_0p7.npy,9,9,1,0.957503031690946,-4.242373943328857,-2.9070749282836914,-2.916473865509033,-3.124483585357666,0.9893805384635925,-4.147446155548096,-6.7245354652404785,-1.6618205308914185,-0.012866981327533722,4.513779640197754,brightness,0.7x
9_9_02_2f49434b_r03c03__brightness_factor_0p7,./data/robustness/brightness/factor_0p7/normalized_32x32/9/9_9_02_2f49434b_r03c03__brightness_factor_0p7.npy,9,9,1,0.9210516145079817,-2.932241201400757,-2.4383912086486816,-1.3537205457687378,-1.857814908027649,-0.3333617150783539,-1.9180681705474854,-5.045775413513184,-0.32147035002708435,-1.0892822742462158,3.3674962520599365,brightness,0.7x
9_9_02_2f49434b_r03c04__brightness_factor_0p7,./data/robustness/brightness/factor_0p7/normalized_32x32/9/9_9_02_2f49434b_r03c04__brightness_factor_0p7.npy,9,9,1,0.9526720717342476,-5.440767288208008,-1.5581666231155396,-5.413459300994873,-3.8845410346984863,2.568028450012207,-3.661076545715332,-7.575336456298828,-0.49373507499694824,-2.0128121376037598,5.644802093505859,brightness,0.7x
9_9_02_2f49434b_r04c01__brightness_factor_0p7,./data/robustness/brightness/factor_0p7/normalized_32x32/9/9_9_02_2f49434b_r04c01__brightness_factor_0p7.npy,9,9,1,0.986315735224376,-5.014903545379639,-3.741806745529175,-4.6156487464904785,-1.8147720098495483,1.3674721717834473,-3.133136749267578,-8.848021507263184,-3.325995445251465,-1.8926284313201904,5.749943256378174,brightness,0.7x
9_9_02_2f49434b_r04c02__brightness_factor_0p7,./data/robustness/brightness/factor_0p7/normalized_32x32/9/9_9_02_2f49434b_r04c02__brightness_factor_0p7.npy,9,9,1,0.958509064322774,-5.213437557220459,-3.2318062782287598,-3.648641586303711,-3.2637720108032227,2.0512754917144775,-3.8208072185516357,-6.742368221282959,-0.567575216293335,-2.547907829284668,5.286448955535889,brightness,0.7x
9_9_02_2f49434b_r04c03__brightness_factor_0p7,./data/robustness/brightness/factor_0p7/normalized_32x32/9/9_9_02_2f49434b_r04c03__brightness_factor_0p7.npy,9,9,1,0.9914104494920325,-6.967133522033691,-3.081305503845215,-4.812643527984619,-3.4898855686187744,2.601473808288574,-4.853401184082031,-9.732375144958496,-0.798180878162384,-3.736753463745117,7.391269207000732,brightness,0.7x
9_9_02_2f49434b_r04c04__brightness_factor_0p7,./data/robustness/brightness/factor_0p7/normalized_32x32/9/9_9_02_2f49434b_r04c04__brightness_factor_0p7.npy,9,9,1,0.9421358502080316,-3.65838885307312,-1.4966069459915161,-2.4830074310302734,-1.9814785718917847,0.6619541645050049,-3.538602590560913,-5.931590557098389,0.32517990469932556,-2.5345287322998047,4.152279376983643,brightness,0.7x
