sample_id,file_path,true_label,pred_label,correct,confidence,logit_0,logit_1,logit_2,logit_3,logit_4,logit_5,logit_6,logit_7,logit_8,logit_9,condition,parameter
0_0_01_0a5cfa52_r01c01__noise_sigma_25,./data/robustness/noise/sigma_25/normalized_32x32/0/0_0_01_0a5cfa52_r01c01__noise_sigma_25.npy,0,0,1,0.9993591584903649,8.660802841186523,-6.197646617889404,-6.898667335510254,-11.899291038513184,-9.542553901672363,-5.744704723358154,-3.458505630493164,-1.7812227010726929,-4.634161472320557,1.248603343963623,noise,sigma=25/255
0_0_01_0a5cfa52_r01c02__noise_sigma_25,./data/robustness/noise/sigma_25/normalized_32x32/0/0_0_01_0a5cfa52_r01c02__noise_sigma_25.npy,0,0,1,0.9999500049504774,10.845145225524902,-9.27241325378418,-5.156131744384766,-12.007762908935547,-10.809137344360352,-5.644150733947754,-3.426546096801758,-4.1023030281066895,-4.613475322723389,0.9145811200141907,noise,sigma=25/255
0_0_01_0a5cfa52_r01c03__noise_sigma_25,./data/robustness/noise/sigma_25/normalized_32x32/0/0_0_01_0a5cfa52_r01c03__noise_sigma_25.npy,0,0,1,0.9983645778500514,8.417450904846191,-8.218599319458008,-0.2796928286552429,-12.734378814697266,-14.509078025817871,-5.924930095672607,-7.814341068267822,-3.952160120010376,1.872665286064148,-2.0495290756225586,noise,sigma=25/255
0_0_01_0a5cfa52_r01c04__noise_sigma_25,./data/robustness/noise/sigma_25/normalized_32x32/0/0_0_01_0a5cfa52_r01c04__noise_sigma_25.npy,0,0,1,0.9919056326220367,6.049356937408447,-4.222646713256836,-3.7025837898254395,-9.380749702453613,-8.802848815917969,-4.59916353225708,-1.886364221572876,-2.023491621017456,-1.1398406028747559,1.0315519571304321,noise,sigma=25/255
0_0_01_0a5cfa52_r02c01__noise_sigma_25,./data/robustness/noise/sigma_25/normalized_32x32/0/0_0_01_0a5cfa52_r02c01__noise_sigma_25.npy,0,0,1,0.999942825906711,8.912385940551758,-5.695021629333496,-3.1126503944396973,-8.020675659179688,-10.864935874938965,-2.3361763954162598,-2.911332130432129,-2.529289484024048,-3.407186508178711,-2.1865406036376953,noise,sigma=25/255
0_0_01_0a5cfa52_r02c02__noise_sigma_25,./data/robustness/noise/sigma_25/normalized_32x32/0/0_0_01_0a5cfa52_r02c02__noise_sigma_25.npy,0,0,1,0.9510974401002855,4.517601013183594,-9.19222354888916,-0.4857844114303589,-3.435634136199951,-7.604475021362305,-2.8256847858428955,-1.9494476318359375,-6.333464622497559,1.3223494291305542,-2.2353715896606445,noise,sigma=25/255
0_0_01_0a5cfa52_r02c03__noise_sigma_25,./data/robustness/noise/sigma_25/normalized_32x32/0/0_0_01_0a5cfa52_r02c03__noise_sigma_25.npy,0,0,1,0.9996768984620146,8.946435928344727,-10.316404342651367,-0.8585362434387207,-10.459431648254395,-11.079500198364258,-6.2423505783081055,-4.316694259643555,-6.664515495300293,-2.095850706100464,0.6517959833145142,noise,sigma=25/255
0_0_01_0a5cfa52_r02c04__noise_sigma_25,./data/robustness/noise/sigma_25/normalized_32x32/0/0_0_01_0a5cfa52_r02c04__noise_sigma_25.npy,0,0,1,0.9920044272450199,6.329833030700684,-5.503560543060303,-1.3898719549179077,-8.825767517089844,-9.495501518249512,-4.451037406921387,-3.7821884155273438,-3.338587760925293,-0.29224929213523865,1.2390309572219849,noise,sigma=25/255
0_0_01_0a5cfa52_r03c01__noise_sigma_25,./data/robustness/noise/sigma_25/normalized_32x32/0/0_0_01_0a5cfa52_r03c01__noise_sigma_25.npy,0,0,1,0.999992330875762,11.937973976135254,-6.795380592346191,-11.552250862121582,-12.918880462646484,-13.228128433227539,-3.766772508621216,-2.174814224243164,-0.40626683831214905,-9.779378890991211,-0.996822714805603,noise,sigma=25/255
0_0_01_0a5cfa52_r03c02__noise_sigma_25,./data/robustness/noise/sigma_25/normalized_32x32/0/0_0_01_0a5cfa52_r03c02__noise_sigma_25.npy,0,0,1,0.9999994284233568,13.256782531738281,-7.670012950897217,-7.135457515716553,-15.115880966186523,-13.896197319030762,-6.351912021636963,-4.700366497039795,-2.49900221824646,-5.1870198249816895,-1.4825832843780518,noise,sigma=25/255
0_0_01_0a5cfa52_r03c03__noise_sigma_25,./data/robustness/noise/sigma_25/normalized_32x32/0/0_0_01_0a5cfa52_r03c03__noise_sigma_25.npy,0,0,1,0.9990482966809983,8.669865608215332,-5.183273792266846,-7.479984760284424,-8.271477699279785,-6.547020435333252,-1.9720849990844727,1.6717923879623413,-3.1887471675872803,-5.276780128479004,-3.3925678730010986,noise,sigma=25/255
0_0_01_0a5cfa52_r03c04__noise_sigma_25,./data/robustness/noise/sigma_25/normalized_32x32/0/0_0_01_0a5cfa52_r03c04__noise_sigma_25.npy,0,0,1,0.9999047692262412,10.563732147216797,-7.979787349700928,-10.67756462097168,-12.479875564575195,-12.387388229370117,-5.208935260772705,-2.9854822158813477,-0.2525155246257782,-9.380165100097656,1.0483722686767578,noise,sigma=25/255
0_0_01_0a5cfa52_r04c01__noise_sigma_25,./data/robustness/noise/sigma_25/normalized_32x32/0/0_0_01_0a5cfa52_r04c01__noise_sigma_25.npy,0,0,1,0.9998637686210429,8.532598495483398,-4.159853458404541,-4.8193206787109375,-9.96963119506836,-6.406391620635986,-3.837362289428711,-1.573422908782959,-1.219093918800354,-3.5519378185272217,-2.176882743835449,noise,sigma=25/255
0_0_01_0a5cfa52_r04c02__noise_sigma_25,./data/robustness/noise/sigma_25/normalized_32x32/0/0_0_01_0a5cfa52_r04c02__noise_sigma_25.npy,0,0,1,0.9997937095095583,9.098543167114258,-5.268472671508789,-9.323343276977539,-10.043755531311035,-9.288150787353516,-4.409698963165283,-1.232863187789917,-2.5744009017944336,-5.489606857299805,0.3755291700363159,noise,sigma=25/255
0_0_01_0a5cfa52_r04c03__noise_sigma_25,./data/robustness/noise/sigma_25/normalized_32x32/0/0_0_01_0a5cfa52_r04c03__noise_sigma_25.npy,0,0,1,0.9969925398300252,5.852704048156738,-4.921261787414551,-2.2114334106445312,-5.967718601226807,-4.828049659729004,-3.0888583660125732,-3.197807550430298,-1.4068872928619385,-5.599248886108398,-0.5312433242797852,noise,sigma=25/255
0_0_01_0a5cfa52_r04c04__noise_sigma_25,./data/robustness/noise/sigma_25/normalized_32x32/0/0_0_01_0a5cfa52_r04c04__noise_sigma_25.npy,0,0,1,0.9981399720493448,6.552679538726807,-3.1834113597869873,-3.4687976837158203,-6.7768988609313965,-5.403023719787598,-0.4017624258995056,-2.7640762329101562,-2.7201693058013916,-1.7695448398590088,-1.347672939300537,noise,sigma=25/255
0_0_02_0ab8b1e5_r01c01__noise_sigma_25,./data/robustness/noise/sigma_25/normalized_32x32/0/0_0_02_0ab8b1e5_r01c01__noise_sigma_25.npy,0,0,1,0.9995350628435421,8.265995025634766,-4.577737331390381,-5.66048526763916,-9.854958534240723,-8.047362327575684,-3.3425164222717285,-1.7012282609939575,-2.3124234676361084,-2.52235746383667,0.33497869968414307,noise,sigma=25/255
0_0_02_0ab8b1e5_r01c02__noise_sigma_25,./data/robustness/noise/sigma_25/normalized_32x32/0/0_0_02_0ab8b1e5_r01c02__noise_sigma_25.npy,0,0,1,0.9999574655814257,10.362580299377441,-7.931469917297363,-7.312305450439453,-11.270561218261719,-12.41232681274414,-4.840399265289307,-3.3145813941955566,-2.61552357673645,-3.9797422885894775,0.19001862406730652,noise,sigma=25/255
0_0_02_0ab8b1e5_r01c03__noise_sigma_25,./data/robustness/noise/sigma_25/normalized_32x32/0/0_0_02_0ab8b1e5_r01c03__noise_sigma_25.npy,0,0,1,0.9999163215859519,10.244575500488281,-7.563721656799316,-8.73052978515625,-11.946467399597168,-12.384136199951172,-5.504826545715332,-2.383845567703247,-2.7701103687286377,-2.917656421661377,0.7609755396842957,noise,sigma=25/255
0_0_02_0ab8b1e5_r01c04__noise_sigma_25,./data/robustness/noise/sigma_25/normalized_32x32/0/0_0_02_0ab8b1e5_r01c04__noise_sigma_25.npy,0,0,1,0.9999666202967481,11.175626754760742,-11.96895694732666,-6.285775661468506,-11.809613227844238,-9.477282524108887,-6.72109317779541,-3.2320361137390137,-4.517604827880859,-3.8112986087799072,0.8358199000358582,noise,sigma=25/255
0_0_02_0ab8b1e5_r02c01__noise_sigma_25,./data/robustness/noise/sigma_25/normalized_32x32/0/0_0_02_0ab8b1e5_r02c01__noise_sigma_25.npy,0,0,1,0.9999899465900741,12.297685623168945,-6.3238525390625,-9.766656875610352,-14.909716606140137,-11.035314559936523,-6.412187576293945,-1.3728663921356201,-3.870985984802246,-3.2829463481903076,0.6357123851776123,noise,sigma=25/255
0_0_02_0ab8b1e5_r02c02__noise_sigma_25,./data/robustness/noise/sigma_25/normalized_32x32/0/0_0_02_0ab8b1e5_r02c02__noise_sigma_25.npy,0,0,1,0.9998943878187786,10.250995635986328,-8.139471054077148,-3.797410011291504,-13.111505508422852,-11.96062183380127,-7.001662731170654,-3.875321865081787,-5.3040337562561035,-0.23972521722316742,0.7673588991165161,noise,sigma=25/255
0_0_02_0ab8b1e5_r02c03__noise_sigma_25,./data/robustness/noise/sigma_25/normalized_32x32/0/0_0_02_0ab8b1e5_r02c03__noise_sigma_25.npy,0,0,1,0.9996871716699833,9.935293197631836,-9.298897743225098,-3.3038480281829834,-12.06517505645752,-13.538631439208984,-6.664022445678711,-4.509387969970703,-5.371401786804199,-1.1700496673583984,1.8077410459518433,noise,sigma=25/255
0_0_02_0ab8b1e5_r02c04__noise_sigma_25,./data/robustness/noise/sigma_25/normalized_32x32/0/0_0_02_0ab8b1e5_r02c04__noise_sigma_25.npy,0,0,1,0.9966782009940616,7.771440505981445,-8.35894775390625,-1.6158230304718018,-11.66127872467041,-10.92258358001709,-6.525884628295898,-4.187077045440674,-5.0659942626953125,0.0010502636432647705,1.8994449377059937,noise,sigma=25/255
0_0_02_0ab8b1e5_r03c01__noise_sigma_25,./data/robustness/noise/sigma_25/normalized_32x32/0/0_0_02_0ab8b1e5_r03c01__noise_sigma_25.npy,0,0,1,0.9997646796956262,8.253530502319336,-6.024037837982178,-6.8569231033325195,-6.491138935089111,-8.409699440002441,-2.392632246017456,-0.5552216172218323,-2.033973455429077,-4.841451644897461,-2.3553452491760254,noise,sigma=25/255
0_0_02_0ab8b1e5_r03c02__noise_sigma_25,./data/robustness/noise/sigma_25/normalized_32x32/0/0_0_02_0ab8b1e5_r03c02__noise_sigma_25.npy,0,0,1,0.999973377075315,12.524877548217773,-8.46591854095459,-14.462700843811035,-14.867063522338867,-12.550883293151855,-6.890448093414307,-3.4220736026763916,-2.0211451053619385,-9.29381275177002,1.9681744575500488,noise,sigma=25/255
0_0_02_0ab8b1e5_r03c03__noise_sigma_25,./data/robustness/noise/sigma_25/normalized_32x32/0/0_0_02_0ab8b1e5_r03c03__noise_sigma_25.npy,0,0,1,0.999999993221105,16.90395164489746,-10.906858444213867,-11.626381874084473,-12.677618026733398,-13.019713401794434,-5.003974437713623,-2.0496060848236084,-4.856939315795898,-8.451583862304688,-5.253154754638672,noise,sigma=25/255
0_0_02_0ab8b1e5_r03c04__noise_sigma_25,./data/robustness/noise/sigma_25/normalized_32x32/0/0_0_02_0ab8b1e5_r03c04__noise_sigma_25.npy,0,0,1,0.9973852301422227,6.606945037841797,-6.719419002532959,-6.003387928009033,-5.76216983795166,-6.646467685699463,-1.7411937713623047,0.21815887093544006,-3.34930682182312,-4.45835018157959,-0.7621368169784546,noise,sigma=25/255
0_0_02_0ab8b1e5_r04c01__noise_sigma_25,./data/robustness/noise/sigma_25/normalized_32x32/0/0_0_02_0ab8b1e5_r04c01__noise_sigma_25.npy,0,0,1,0.9999998269053976,14.453985214233398,-7.572659015655518,-13.016910552978516,-12.72140121459961,-14.53844928741455,-4.7327799797058105,-1.5958681106567383,-3.5531563758850098,-8.034271240234375,-2.4446372985839844,noise,sigma=25/255
0_0_02_0ab8b1e5_r04c02__noise_sigma_25,./data/robustness/noise/sigma_25/normalized_32x32/0/0_0_02_0ab8b1e5_r04c02__noise_sigma_25.npy,0,0,1,0.9999973543907086,13.172784805297852,-9.645031929016113,-14.707201957702637,-13.181970596313477,-9.36953353881836,-5.796875476837158,-0.5581510663032532,-3.3246798515319824,-8.651177406311035,-0.24897217750549316,noise,sigma=25/255
0_0_02_0ab8b1e5_r04c03__noise_sigma_25,./data/robustness/noise/sigma_25/normalized_32x32/0/0_0_02_0ab8b1e5_r04c03__noise_sigma_25.npy,0,0,1,0.9999937299223549,11.93807601928711,-6.9416961669921875,-11.229705810546875,-11.752019882202148,-9.502744674682617,-4.271515369415283,-1.1348577737808228,-2.596691131591797,-6.126006126403809,-0.6051004528999329,noise,sigma=25/255
0_0_02_0ab8b1e5_r04c04__noise_sigma_25,./data/robustness/noise/sigma_25/normalized_32x32/0/0_0_02_0ab8b1e5_r04c04__noise_sigma_25.npy,0,0,1,0.9999914108550139,12.5647611618042,-10.548528671264648,-7.457329273223877,-13.50080680847168,-11.385848999023438,-6.678073883056641,-3.6464877128601074,-4.618188381195068,-6.925815105438232,0.8838498592376709,noise,sigma=25/255
1_1_01_19f74917_r01c01__noise_sigma_25,./data/robustness/noise/sigma_25/normalized_32x32/1/1_1_01_19f74917_r01c01__noise_sigma_25.npy,1,1,1,0.9421694750087839,-1.7486257553100586,3.846724033355713,-1.932305932044983,-5.285735607147217,-1.4870243072509766,-0.09907367825508118,-0.17264068126678467,-1.7677428722381592,-0.9353502988815308,-4.213674068450928,noise,sigma=25/255
1_1_01_19f74917_r01c02__noise_sigma_25,./data/robustness/noise/sigma_25/normalized_32x32/1/1_1_01_19f74917_r01c02__noise_sigma_25.npy,1,1,1,0.9773210066644672,-2.882524251937866,4.559589385986328,-1.102496862411499,-5.2761006355285645,-1.385909080505371,-1.6190192699432373,-2.12038254737854,-0.13225063681602478,-0.9883584380149841,-4.892930507659912,noise,sigma=25/255
1_1_01_19f74917_r01c03__noise_sigma_25,./data/robustness/noise/sigma_25/normalized_32x32/1/1_1_01_19f74917_r01c03__noise_sigma_25.npy,1,1,1,0.9999851345121732,-5.966098308563232,10.502522468566895,-4.829883575439453,-9.737753868103027,-3.134559154510498,-1.6075021028518677,-3.2418737411499023,-1.4398398399353027,-4.551957607269287,-9.218507766723633,noise,sigma=25/255
1_1_01_19f74917_r01c04__noise_sigma_25,./data/robustness/noise/sigma_25/normalized_32x32/1/1_1_01_19f74917_r01c04__noise_sigma_25.npy,1,1,1,0.9999724906178905,-6.033463954925537,10.251221656799316,-5.191561698913574,-11.433263778686523,-2.0291738510131836,-1.5617579221725464,-1.142114281654358,-3.375767707824707,-2.5711283683776855,-10.108402252197266,noise,sigma=25/255
1_1_01_19f74917_r02c01__noise_sigma_25,./data/robustness/noise/sigma_25/normalized_32x32/1/1_1_01_19f74917_r02c01__noise_sigma_25.npy,1,1,1,0.999779127989062,-6.9855546951293945,9.273736953735352,-4.737504482269287,-6.854876518249512,-7.494479179382324,-2.089312791824341,-7.373312950134277,0.7914732098579407,-5.287655353546143,-5.050729274749756,noise,sigma=25/255
1_1_01_19f74917_r02c02__noise_sigma_25,./data/robustness/noise/sigma_25/normalized_32x32/1/1_1_01_19f74917_r02c02__noise_sigma_25.npy,1,1,1,0.9996717511827057,-3.9716453552246094,8.01891803741455,-4.319231033325195,-9.739909172058105,-3.623528003692627,-1.042670488357544,-2.247666835784912,-0.9933046102523804,-2.2120747566223145,-7.370612621307373,noise,sigma=25/255
1_1_01_19f74917_r02c03__noise_sigma_25,./data/robustness/noise/sigma_25/normalized_32x32/1/1_1_01_19f74917_r02c03__noise_sigma_25.npy,1,1,1,0.9997664258241992,-4.490143775939941,8.353545188903809,-3.943084716796875,-8.448221206665039,-1.702715516090393,-1.7035939693450928,-2.2766895294189453,-0.814179539680481,-2.982382297515869,-7.671675682067871,noise,sigma=25/255
1_1_01_19f74917_r02c04__noise_sigma_25,./data/robustness/noise/sigma_25/normalized_32x32/1/1_1_01_19f74917_r02c04__noise_sigma_25.npy,1,1,1,0.9999856508141908,-7.225138187408447,10.638604164123535,-6.013046741485596,-11.358623504638672,-1.3262875080108643,-1.9911222457885742,-2.2613003253936768,-2.8870139122009277,-3.3998606204986572,-9.842737197875977,noise,sigma=25/255
1_1_01_19f74917_r03c01__noise_sigma_25,./data/robustness/noise/sigma_25/normalized_32x32/1/1_1_01_19f74917_r03c01__noise_sigma_25.npy,1,1,1,0.995004334485929,-4.192521095275879,6.432272911071777,-4.345481872558594,-8.430795669555664,0.7788714170455933,-1.0705416202545166,-1.4416234493255615,-2.6085875034332275,-1.3641612529754639,-5.314592361450195,noise,sigma=25/255
1_1_01_19f74917_r03c02__noise_sigma_25,./data/robustness/noise/sigma_25/normalized_32x32/1/1_1_01_19f74917_r03c02__noise_sigma_25.npy,1,1,1,0.9949200172279772,-3.0391101837158203,5.747946739196777,-3.526259422302246,-5.487634658813477,-1.146873950958252,-0.7157520651817322,-2.3101983070373535,-0.6787582039833069,-2.4070839881896973,-4.104751110076904,noise,sigma=25/255
1_1_01_19f74917_r03c03__noise_sigma_25,./data/robustness/noise/sigma_25/normalized_32x32/1/1_1_01_19f74917_r03c03__noise_sigma_25.npy,1,1,1,0.9990782093058784,-8.440473556518555,8.892220497131348,1.8673734664916992,-9.04072380065918,-2.958434581756592,-3.6144778728485107,-4.421236038208008,-1.9289188385009766,-5.392459392547607,-10.11815071105957,noise,sigma=25/255
1_1_01_19f74917_r03c04__noise_sigma_25,./data/robustness/noise/sigma_25/normalized_32x32/1/1_1_01_19f74917_r03c04__noise_sigma_25.npy,1,1,1,0.9999542054659726,-3.9143869876861572,9.290751457214355,-2.941802978515625,-9.508807182312012,-3.146737813949585,-1.8071612119674683,-4.216629505157471,-1.6401859521865845,-4.911563873291016,-7.955399036407471,noise,sigma=25/255
1_1_01_19f74917_r04c01__noise_sigma_25,./data/robustness/noise/sigma_25/normalized_32x32/1/1_1_01_19f74917_r04c01__noise_sigma_25.npy,1,1,1,0.9994408043343964,-4.511544704437256,7.951878070831299,-6.07951545715332,-8.662344932556152,-0.7015379071235657,-0.967314600944519,-2.879288673400879,-0.7142668962478638,-1.8982024192810059,-5.386235237121582,noise,sigma=25/255
1_1_01_19f74917_r04c02__noise_sigma_25,./data/robustness/noise/sigma_25/normalized_32x32/1/1_1_01_19f74917_r04c02__noise_sigma_25.npy,1,1,1,0.9993384555031984,-4.3141255378723145,7.74366569519043,-5.784054279327393,-8.545032501220703,-1.1698176860809326,-0.5638209581375122,-2.148594379425049,-0.9053273797035217,-2.2221438884735107,-6.43841028213501,noise,sigma=25/255
1_1_01_19f74917_r04c03__noise_sigma_25,./data/robustness/noise/sigma_25/normalized_32x32/1/1_1_01_19f74917_r04c03__noise_sigma_25.npy,1,1,1,0.9990062997551031,-4.066330909729004,7.457612037658691,-6.006651401519775,-7.931527137756348,-1.463512659072876,-0.5659128427505493,-2.4211370944976807,-0.426891565322876,-1.831048607826233,-5.817623615264893,noise,sigma=25/255
1_1_01_19f74917_r04c04__noise_sigma_25,./data/robustness/noise/sigma_25/normalized_32x32/1/1_1_01_19f74917_r04c04__noise_sigma_25.npy,1,1,1,0.9986488508681813,-2.3873987197875977,6.8636627197265625,-1.7042316198349,-7.079802989959717,-3.672264575958252,-2.2732505798339844,-3.6325225830078125,-0.20325008034706116,-3.089402437210083,-5.641863822937012,noise,sigma=25/255
1_1_02_4cdb4850_r01c01__noise_sigma_25,./data/robustness/noise/sigma_25/normalized_32x32/1/1_1_02_4cdb4850_r01c01__noise_sigma_25.npy,1,1,1,0.9989572404731782,-4.570115566253662,7.447052955627441,-3.515193223953247,-9.010104179382324,-2.637704610824585,-0.46439775824546814,-0.22270816564559937,-2.7039284706115723,-1.7027491331100464,-8.252509117126465,noise,sigma=25/255
1_1_02_4cdb4850_r01c02__noise_sigma_25,./data/robustness/noise/sigma_25/normalized_32x32/1/1_1_02_4cdb4850_r01c02__noise_sigma_25.npy,1,1,1,0.9867483002451913,-5.003487586975098,4.89108943939209,-2.2452890872955322,-5.065887451171875,-4.755928039550781,0.2158469259738922,-1.2810978889465332,-2.11788010597229,-3.879554510116577,-7.93766975402832,noise,sigma=25/255
1_1_02_4cdb4850_r01c03__noise_sigma_25,./data/robustness/noise/sigma_25/normalized_32x32/1/1_1_02_4cdb4850_r01c03__noise_sigma_25.npy,1,1,1,0.9980781988052767,-4.611854553222656,7.008820533752441,-4.276491641998291,-7.381101608276367,-4.38374662399292,0.39047616720199585,-2.9900963306427,-0.7169601321220398,-2.576572895050049,-6.7987165451049805,noise,sigma=25/255
1_1_02_4cdb4850_r01c04__noise_sigma_25,./data/robustness/noise/sigma_25/normalized_32x32/1/1_1_02_4cdb4850_r01c04__noise_sigma_25.npy,1,1,1,0.9998914799022849,-4.017875671386719,8.959887504577637,-5.664514064788818,-10.400394439697266,-3.676842212677002,-0.5848907232284546,-3.410238265991211,-2.0054445266723633,-2.6219849586486816,-7.395130634307861,noise,sigma=25/255
1_1_02_4cdb4850_r02c01__noise_sigma_25,./data/robustness/noise/sigma_25/normalized_32x32/1/1_1_02_4cdb4850_r02c01__noise_sigma_25.npy,1,1,1,0.9999405050657227,-4.951146125793457,8.982205390930176,-2.940782070159912,-9.200724601745605,-1.7655177116394043,-2.395742893218994,-3.1010231971740723,-2.559520721435547,-3.547544240951538,-8.202980041503906,noise,sigma=25/255
1_1_02_4cdb4850_r02c02__noise_sigma_25,./data/robustness/noise/sigma_25/normalized_32x32/1/1_1_02_4cdb4850_r02c02__noise_sigma_25.npy,1,1,1,0.9998530848586888,-5.105027675628662,8.872882843017578,-5.689656734466553,-9.065938949584961,-1.1264104843139648,-1.11483633518219,-2.0947673320770264,-1.585315227508545,-2.8472418785095215,-7.1283860206604,noise,sigma=25/255
1_1_02_4cdb4850_r02c03__noise_sigma_25,./data/robustness/noise/sigma_25/normalized_32x32/1/1_1_02_4cdb4850_r02c03__noise_sigma_25.npy,1,1,1,0.994988371929824,-11.331299781799316,7.958873748779297,-1.5244582891464233,-3.427863121032715,-5.256060600280762,-5.452229976654053,-9.924149513244629,2.6496188640594482,-7.252339839935303,-7.392953395843506,noise,sigma=25/255
1_1_02_4cdb4850_r02c04__noise_sigma_25,./data/robustness/noise/sigma_25/normalized_32x32/1/1_1_02_4cdb4850_r02c04__noise_sigma_25.npy,1,1,1,0.9631755215959974,-2.502354621887207,4.5122599601745605,-2.7125539779663086,-6.254105091094971,-2.1361289024353027,-0.7875772714614868,0.32249772548675537,-1.3353009223937988,0.10487468540668488,-5.026699542999268,noise,sigma=25/255
1_1_02_4cdb4850_r03c01__noise_sigma_25,./data/robustness/noise/sigma_25/normalized_32x32/1/1_1_02_4cdb4850_r03c01__noise_sigma_25.npy,1,1,1,0.9999761837336143,-5.70803165435791,10.030233383178711,-4.256439208984375,-9.753715515136719,-2.968151569366455,-1.4362412691116333,-2.1575064659118652,-2.3339285850524902,-3.8468997478485107,-9.687920570373535,noise,sigma=25/255
1_1_02_4cdb4850_r03c02__noise_sigma_25,./data/robustness/noise/sigma_25/normalized_32x32/1/1_1_02_4cdb4850_r03c02__noise_sigma_25.npy,1,1,1,0.9997596158257153,-3.2381339073181152,7.886813163757324,-2.1267435550689697,-8.913536071777344,-2.861002206802368,-1.8796926736831665,-3.135948419570923,-1.6961147785186768,-3.114881992340088,-7.9238996505737305,noise,sigma=25/255
1_1_02_4cdb4850_r03c03__noise_sigma_25,./data/robustness/noise/sigma_25/normalized_32x32/1/1_1_02_4cdb4850_r03c03__noise_sigma_25.npy,1,1,1,0.997708594267843,-2.2956948280334473,6.067212104797363,-1.6331738233566284,-6.858398914337158,-2.7997543811798096,-0.9133705496788025,-3.866211175918579,-1.8310258388519287,-3.1051862239837646,-5.131249904632568,noise,sigma=25/255
1_1_02_4cdb4850_r03c04__noise_sigma_25,./data/robustness/noise/sigma_25/normalized_32x32/1/1_1_02_4cdb4850_r03c04__noise_sigma_25.npy,1,1,1,0.9895444954916587,-2.0703752040863037,4.982781887054443,-0.6130092740058899,-5.804534435272217,-1.8475418090820312,-0.9342448115348816,-3.0564463138580322,-1.5934019088745117,-2.858041286468506,-4.396932601928711,noise,sigma=25/255
1_1_02_4cdb4850_r04c01__noise_sigma_25,./data/robustness/noise/sigma_25/normalized_32x32/1/1_1_02_4cdb4850_r04c01__noise_sigma_25.npy,1,1,1,0.9999912905073797,-7.223048210144043,11.897607803344727,-8.754140853881836,-12.788227081298828,-0.572606086730957,-2.1883180141448975,-4.872035026550293,-0.5579891204833984,-3.812243938446045,-7.8238043785095215,noise,sigma=25/255
1_1_02_4cdb4850_r04c02__noise_sigma_25,./data/robustness/noise/sigma_25/normalized_32x32/1/1_1_02_4cdb4850_r04c02__noise_sigma_25.npy,1,1,1,0.9997381812764567,-4.814755439758301,8.68925952911377,-7.049724102020264,-10.543107986450195,-1.1643013954162598,-1.2115445137023926,-3.6673314571380615,-0.4294261038303375,-1.3525853157043457,-6.562112808227539,noise,sigma=25/255
1_1_02_4cdb4850_r04c03__noise_sigma_25,./data/robustness/noise/sigma_25/normalized_32x32/1/1_1_02_4cdb4850_r04c03__noise_sigma_25.npy,1,1,1,0.9997096476295148,-4.5802483558654785,8.358226776123047,-5.183196067810059,-8.535741806030273,-1.6432396173477173,-1.1832159757614136,-2.9213547706604004,-0.5396877527236938,-2.470693588256836,-6.360657691955566,noise,sigma=25/255
1_1_02_4cdb4850_r04c04__noise_sigma_25,./data/robustness/noise/sigma_25/normalized_32x32/1/1_1_02_4cdb4850_r04c04__noise_sigma_25.npy,1,1,1,0.9950425458971192,-3.2654879093170166,5.971368789672852,-3.9334003925323486,-6.864370346069336,-0.17460885643959045,-0.6894163489341736,-2.2469749450683594,-1.2548418045043945,-1.9055063724517822,-4.329657554626465,noise,sigma=25/255
2_2_01_2e3151dd_r01c01__noise_sigma_25,./data/robustness/noise/sigma_25/normalized_32x32/2/2_2_01_2e3151dd_r01c01__noise_sigma_25.npy,2,2,1,0.9999987465836414,-8.947175979614258,-6.173112869262695,12.936102867126465,-2.5350472927093506,-6.875716686248779,-8.352981567382812,-9.749818801879883,-0.8270201086997986,-9.835726737976074,-13.928511619567871,noise,sigma=25/255
2_2_01_2e3151dd_r01c02__noise_sigma_25,./data/robustness/noise/sigma_25/normalized_32x32/2/2_2_01_2e3151dd_r01c02__noise_sigma_25.npy,2,2,1,0.9999003346207211,-2.160702705383301,-7.327542304992676,10.336880683898926,-4.8838701248168945,-5.009369850158691,-5.588109493255615,-9.328887939453125,-1.3178527355194092,0.983268141746521,-9.364581108093262,noise,sigma=25/255
2_2_01_2e3151dd_r01c03__noise_sigma_25,./data/robustness/noise/sigma_25/normalized_32x32/2/2_2_01_2e3151dd_r01c03__noise_sigma_25.npy,2,2,1,0.9999996785362689,-6.96685791015625,-8.930850982666016,15.326807022094727,-4.824547290802002,-8.603385925292969,-9.946465492248535,-11.8922758102417,0.36991575360298157,-9.10573959350586,-13.71607780456543,noise,sigma=25/255
2_2_01_2e3151dd_r01c04__noise_sigma_25,./data/robustness/noise/sigma_25/normalized_32x32/2/2_2_01_2e3151dd_r01c04__noise_sigma_25.npy,2,2,1,0.9999985102944581,-8.994823455810547,-6.812054634094238,16.247486114501953,-6.126567840576172,-9.009359359741211,-12.110377311706543,-14.032482147216797,2.830333709716797,-8.411598205566406,-13.791046142578125,noise,sigma=25/255
2_2_01_2e3151dd_r02c01__noise_sigma_25,./data/robustness/noise/sigma_25/normalized_32x32/2/2_2_01_2e3151dd_r02c01__noise_sigma_25.npy,2,2,1,0.9978025268603793,-2.5294106006622314,-1.3749902248382568,8.266580581665039,-8.783620834350586,-3.4670844078063965,-5.381739616394043,-10.196995735168457,2.0902881622314453,-4.830410957336426,-2.2369158267974854,noise,sigma=25/255
2_2_01_2e3151dd_r02c02__noise_sigma_25,./data/robustness/noise/sigma_25/normalized_32x32/2/2_2_01_2e3151dd_r02c02__noise_sigma_25.npy,2,2,1,0.999995176848075,-4.32202672958374,-4.3737077713012695,11.724178314208984,-9.330425262451172,-0.8963437080383301,-6.589584827423096,-11.633713722229004,-2.0624778270721436,-6.601565361022949,-3.446239471435547,noise,sigma=25/255
2_2_01_2e3151dd_r02c03__noise_sigma_25,./data/robustness/noise/sigma_25/normalized_32x32/2/2_2_01_2e3151dd_r02c03__noise_sigma_25.npy,2,2,1,0.9999985049685214,-9.81075668334961,-6.8597025871276855,14.45216178894043,-2.544036865234375,-9.476394653320312,-12.618610382080078,-17.350122451782227,1.0101282596588135,-8.961862564086914,-11.52991771697998,noise,sigma=25/255
2_2_01_2e3151dd_r02c04__noise_sigma_25,./data/robustness/noise/sigma_25/normalized_32x32/2/2_2_01_2e3151dd_r02c04__noise_sigma_25.npy,2,2,1,0.9999999772933194,-10.122081756591797,-9.681626319885254,18.7635555267334,-4.872696876525879,-11.807483673095703,-13.988037109375,-15.418960571289062,1.1605095863342285,-10.386479377746582,-16.370967864990234,noise,sigma=25/255
2_2_01_2e3151dd_r03c01__noise_sigma_25,./data/robustness/noise/sigma_25/normalized_32x32/2/2_2_01_2e3151dd_r03c01__noise_sigma_25.npy,2,2,1,0.9999994887851213,-10.139032363891602,-4.195540904998779,13.87401294708252,-4.803112983703613,-6.494730472564697,-10.438370704650879,-8.723694801330566,-0.6598328948020935,-9.620012283325195,-13.960941314697266,noise,sigma=25/255
2_2_01_2e3151dd_r03c02__noise_sigma_25,./data/robustness/noise/sigma_25/normalized_32x32/2/2_2_01_2e3151dd_r03c02__noise_sigma_25.npy,2,2,1,0.999997393643765,-9.981559753417969,-3.6496469974517822,15.313915252685547,-7.143932342529297,-7.586697578430176,-12.076127052307129,-16.0312557220459,2.4538025856018066,-6.017032146453857,-11.926836967468262,noise,sigma=25/255
2_2_01_2e3151dd_r03c03__noise_sigma_25,./data/robustness/noise/sigma_25/normalized_32x32/2/2_2_01_2e3151dd_r03c03__noise_sigma_25.npy,2,2,1,0.9999917314691683,-11.34778881072998,-2.2729227542877197,12.960088729858398,-4.158391952514648,-6.175739765167236,-11.272871017456055,-11.53396987915039,1.2220568656921387,-9.284652709960938,-13.364700317382812,noise,sigma=25/255
2_2_01_2e3151dd_r03c04__noise_sigma_25,./data/robustness/noise/sigma_25/normalized_32x32/2/2_2_01_2e3151dd_r03c04__noise_sigma_25.npy,2,2,1,0.9999999807782035,-9.055344581604004,-6.747133255004883,16.692609786987305,-4.742574214935303,-8.233592987060547,-8.85229778289795,-12.452367782592773,-1.1082890033721924,-7.03057861328125,-12.70838737487793,noise,sigma=25/255
2_2_01_2e3151dd_r04c01__noise_sigma_25,./data/robustness/noise/sigma_25/normalized_32x32/2/2_2_01_2e3151dd_r04c01__noise_sigma_25.npy,2,2,1,0.9999999999445968,-12.403608322143555,-6.068960189819336,20.9135799407959,-9.18848991394043,-10.466591835021973,-10.774102210998535,-14.693904876708984,-2.7403602600097656,-14.68461799621582,-19.405960083007812,noise,sigma=25/255
2_2_01_2e3151dd_r04c02__noise_sigma_25,./data/robustness/noise/sigma_25/normalized_32x32/2/2_2_01_2e3151dd_r04c02__noise_sigma_25.npy,2,2,1,0.9999740860476252,-11.116137504577637,-6.685144424438477,14.61928939819336,-3.474736213684082,-8.557872772216797,-13.144735336303711,-16.489887237548828,4.0580244064331055,-9.442845344543457,-11.368014335632324,noise,sigma=25/255
2_2_01_2e3151dd_r04c03__noise_sigma_25,./data/robustness/noise/sigma_25/normalized_32x32/2/2_2_01_2e3151dd_r04c03__noise_sigma_25.npy,2,2,1,0.999986917193565,-7.85460901260376,-7.442523956298828,11.965890884399414,-1.4394389390945435,-7.2702741622924805,-8.070226669311523,-10.487299919128418,0.5972582697868347,-6.441440105438232,-9.046123504638672,noise,sigma=25/255
2_2_01_2e3151dd_r04c04__noise_sigma_25,./data/robustness/noise/sigma_25/normalized_32x32/2/2_2_01_2e3151dd_r04c04__noise_sigma_25.npy,2,3,0,0.984698949099968,-7.474961280822754,-4.788543224334717,3.0126407146453857,7.208461284637451,-4.486857891082764,-2.688194751739502,-10.614462852478027,-1.4411828517913818,-1.1337366104125977,-6.066662788391113,noise,sigma=25/255
2_2_02_cbfae05c_r01c01__noise_sigma_25,./data/robustness/noise/sigma_25/normalized_32x32/2/2_2_02_cbfae05c_r01c01__noise_sigma_25.npy,2,2,1,0.9999999804833551,-8.279114723205566,-8.422088623046875,16.29544448852539,-5.08177375793457,-8.372823715209961,-9.563209533691406,-11.259885787963867,-1.4875588417053223,-9.05052661895752,-14.767884254455566,noise,sigma=25/255
2_2_02_cbfae05c_r01c02__noise_sigma_25,./data/robustness/noise/sigma_25/normalized_32x32/2/2_2_02_cbfae05c_r01c02__noise_sigma_25.npy,2,2,1,0.9999967207146353,-8.370670318603516,-5.964937686920166,13.466414451599121,-3.4697108268737793,-7.189355373382568,-10.036148071289062,-13.98125171661377,0.8232411742210388,-8.008005142211914,-10.054394721984863,noise,sigma=25/255
2_2_02_cbfae05c_r01c03__noise_sigma_25,./data/robustness/noise/sigma_25/normalized_32x32/2/2_2_02_cbfae05c_r01c03__noise_sigma_25.npy,2,2,1,0.9997896853024837,-9.189085006713867,-3.6042041778564453,9.786172866821289,-0.2567288875579834,-6.115987777709961,-7.875253200531006,-13.258478164672852,1.0769058465957642,-6.095284461975098,-8.78936767578125,noise,sigma=25/255
2_2_02_cbfae05c_r01c04__noise_sigma_25,./data/robustness/noise/sigma_25/normalized_32x32/2/2_2_02_cbfae05c_r01c04__noise_sigma_25.npy,2,2,1,0.9519231378562597,-4.155908584594727,2.5861475467681885,5.7619309425354,-7.693965911865234,-3.3678247928619385,-5.16135835647583,-8.923166275024414,0.9886810183525085,-3.7115163803100586,-4.461414813995361,noise,sigma=25/255
2_2_02_cbfae05c_r02c01__noise_sigma_25,./data/robustness/noise/sigma_25/normalized_32x32/2/2_2_02_cbfae05c_r02c01__noise_sigma_25.npy,2,2,1,0.9999999875677484,-13.202205657958984,-4.270812034606934,15.925458908081055,-3.30057430267334,-3.270869731903076,-5.178245544433594,-14.27233600616455,-4.817586898803711,-12.20126724243164,-13.45495319366455,noise,sigma=25/255
2_2_02_cbfae05c_r02c02__noise_sigma_25,./data/robustness/noise/sigma_25/normalized_32x32/2/2_2_02_cbfae05c_r02c02__noise_sigma_25.npy,2,2,1,0.9999999627914415,-9.05859661102295,-9.452332496643066,16.6084041595459,-3.983168125152588,-9.185437202453613,-10.655096054077148,-12.393948554992676,-0.5300658941268921,-10.386283874511719,-16.784645080566406,noise,sigma=25/255
2_2_02_cbfae05c_r02c03__noise_sigma_25,./data/robustness/noise/sigma_25/normalized_32x32/2/2_2_02_cbfae05c_r02c03__noise_sigma_25.npy,2,2,1,0.9999999924108679,-7.078290939331055,-9.747479438781738,17.436813354492188,-5.832120895385742,-10.504433631896973,-11.140294075012207,-12.88716983795166,-1.273833990097046,-9.271065711975098,-16.289915084838867,noise,sigma=25/255
2_2_02_cbfae05c_r02c04__noise_sigma_25,./data/robustness/noise/sigma_25/normalized_32x32/2/2_2_02_cbfae05c_r02c04__noise_sigma_25.npy,2,2,1,0.9999999961696209,-9.412768363952637,-11.58299446105957,18.385217666625977,-4.218352317810059,-9.567712783813477,-12.441915512084961,-14.276322364807129,-1.0361919403076172,-14.365900039672852,-17.531875610351562,noise,sigma=25/255
2_2_02_cbfae05c_r03c01__noise_sigma_25,./data/robustness/noise/sigma_25/normalized_32x32/2/2_2_02_cbfae05c_r03c01__noise_sigma_25.npy,2,2,1,0.9999983063821787,-11.320221900939941,-3.9851300716400146,15.760522842407227,-6.261629104614258,-6.811939239501953,-12.482893943786621,-13.254709243774414,2.4700512886047363,-10.26600170135498,-14.16545295715332,noise,sigma=25/255
2_2_02_cbfae05c_r03c02__noise_sigma_25,./data/robustness/noise/sigma_25/normalized_32x32/2/2_2_02_cbfae05c_r03c02__noise_sigma_25.npy,2,2,1,0.9999976897682598,-10.719259262084961,-2.925668239593506,13.889130592346191,-4.764727592468262,-6.309093475341797,-11.132303237915039,-12.815858840942383,0.8846900463104248,-7.641943454742432,-11.818792343139648,noise,sigma=25/255
2_2_02_cbfae05c_r03c03__noise_sigma_25,./data/robustness/noise/sigma_25/normalized_32x32/2/2_2_02_cbfae05c_r03c03__noise_sigma_25.npy,2,2,1,0.999999268364213,-11.538209915161133,-3.1093454360961914,14.720845222473145,-6.29818058013916,-6.165661334991455,-11.507789611816406,-11.28553581237793,0.5655949711799622,-9.714858055114746,-12.802178382873535,noise,sigma=25/255
2_2_02_cbfae05c_r03c04__noise_sigma_25,./data/robustness/noise/sigma_25/normalized_32x32/2/2_2_02_cbfae05c_r03c04__noise_sigma_25.npy,2,2,1,0.9999720865298056,-10.843130111694336,-3.6877424716949463,12.981036186218262,-3.7497472763061523,-6.274985313415527,-10.384320259094238,-15.783794403076172,2.4901366233825684,-5.561298847198486,-7.837204456329346,noise,sigma=25/255
2_2_02_cbfae05c_r04c01__noise_sigma_25,./data/robustness/noise/sigma_25/normalized_32x32/2/2_2_02_cbfae05c_r04c01__noise_sigma_25.npy,2,2,1,0.9997789810784409,-8.681455612182617,-5.9258575439453125,10.942866325378418,-2.1027064323425293,-6.379824638366699,-10.047192573547363,-13.09943675994873,2.515613555908203,-8.30345344543457,-9.821699142456055,noise,sigma=25/255
2_2_02_cbfae05c_r04c02__noise_sigma_25,./data/robustness/noise/sigma_25/normalized_32x32/2/2_2_02_cbfae05c_r04c02__noise_sigma_25.npy,2,2,1,0.9999988202486108,-7.885693550109863,-4.2259202003479,14.132670402526855,-6.450741767883301,-7.124941825866699,-10.007891654968262,-10.958535194396973,0.46950677037239075,-5.68093729019165,-11.297332763671875,noise,sigma=25/255
2_2_02_cbfae05c_r04c03__noise_sigma_25,./data/robustness/noise/sigma_25/normalized_32x32/2/2_2_02_cbfae05c_r04c03__noise_sigma_25.npy,2,2,1,0.9999943130371309,-7.061935901641846,-3.9263901710510254,10.20622730255127,-4.816089630126953,-2.3278048038482666,-6.3405022621154785,-5.602902412414551,-3.802493095397949,-12.865105628967285,-12.019571304321289,noise,sigma=25/255
2_2_02_cbfae05c_r04c04__noise_sigma_25,./data/robustness/noise/sigma_25/normalized_32x32/2/2_2_02_cbfae05c_r04c04__noise_sigma_25.npy,2,2,1,0.9999835506922021,-8.721826553344727,-4.387030601501465,10.08711051940918,-1.1554219722747803,-5.738741874694824,-8.127983093261719,-8.086407661437988,-2.879507064819336,-4.859212875366211,-10.175686836242676,noise,sigma=25/255
3_3_01_3ef7df64_r01c01__noise_sigma_25,./data/robustness/noise/sigma_25/normalized_32x32/3/3_3_01_3ef7df64_r01c01__noise_sigma_25.npy,3,3,1,0.9996194516935858,-4.785050392150879,-5.102210998535156,-4.007575511932373,7.87858247756958,-6.421380043029785,-0.7939990162849426,-7.790731906890869,-5.573071002960205,-0.9518409371376038,-2.051342725753784,noise,sigma=25/255
3_3_01_3ef7df64_r01c02__noise_sigma_25,./data/robustness/noise/sigma_25/normalized_32x32/3/3_3_01_3ef7df64_r01c02__noise_sigma_25.npy,3,3,1,0.999896382171516,-5.614915370941162,-6.886993885040283,-3.2630200386047363,9.16208267211914,-5.496068954467773,-0.36939698457717896,-9.946632385253906,-6.363778591156006,-1.6206028461456299,-3.001275062561035,noise,sigma=25/255
3_3_01_3ef7df64_r01c03__noise_sigma_25,./data/robustness/noise/sigma_25/normalized_32x32/3/3_3_01_3ef7df64_r01c03__noise_sigma_25.npy,3,3,1,0.9972920731640118,-4.257233142852783,-5.273750305175781,-3.8235931396484375,6.111153602600098,-3.6311569213867188,-0.02449822798371315,-10.207685470581055,-3.1048386096954346,-5.628879070281982,-2.0224878787994385,noise,sigma=25/255
3_3_01_3ef7df64_r01c04__noise_sigma_25,./data/robustness/noise/sigma_25/normalized_32x32/3/3_3_01_3ef7df64_r01c04__noise_sigma_25.npy,3,3,1,0.9999939522053456,-6.866252899169922,-8.557827949523926,-4.621331214904785,11.782310485839844,-8.15220832824707,-0.7359498739242554,-10.45142936706543,-8.11830997467041,-1.2169313430786133,-5.322514533996582,noise,sigma=25/255
3_3_01_3ef7df64_r02c01__noise_sigma_25,./data/robustness/noise/sigma_25/normalized_32x32/3/3_3_01_3ef7df64_r02c01__noise_sigma_25.npy,3,3,1,0.999650232455633,-8.929801940917969,-5.935864448547363,-7.006138801574707,9.941025733947754,-9.559065818786621,1.9510807991027832,-7.287782192230225,-7.546827793121338,-1.507170557975769,-5.919054985046387,noise,sigma=25/255
3_3_01_3ef7df64_r02c02__noise_sigma_25,./data/robustness/noise/sigma_25/normalized_32x32/3/3_3_01_3ef7df64_r02c02__noise_sigma_25.npy,3,3,1,0.9999999670721695,-11.669544219970703,-9.790177345275879,-5.582125663757324,16.20928955078125,-12.172663688659668,-2.2974693775177,-14.695924758911133,-9.858041763305664,-1.362877607345581,-7.836354732513428,noise,sigma=25/255
3_3_01_3ef7df64_r02c03__noise_sigma_25,./data/robustness/noise/sigma_25/normalized_32x32/3/3_3_01_3ef7df64_r02c03__noise_sigma_25.npy,3,3,1,0.9999970667417519,-6.296685695648193,-7.231198787689209,-4.727848529815674,11.618468284606934,-8.275341033935547,-1.775808572769165,-10.963933944702148,-6.164505958557129,-2.004045009613037,-4.821311950683594,noise,sigma=25/255
3_3_01_3ef7df64_r02c04__noise_sigma_25,./data/robustness/noise/sigma_25/normalized_32x32/3/3_3_01_3ef7df64_r02c04__noise_sigma_25.npy,3,3,1,0.9999296588237683,-4.383185863494873,-5.013984203338623,-3.4886741638183594,8.554930686950684,-6.413405418395996,-1.8679835796356201,-10.547158241271973,-4.635025501251221,-2.8936703205108643,-2.3601343631744385,noise,sigma=25/255
3_3_01_3ef7df64_r03c01__noise_sigma_25,./data/robustness/noise/sigma_25/normalized_32x32/3/3_3_01_3ef7df64_r03c01__noise_sigma_25.npy,3,3,1,0.999999713531189,-10.31946849822998,-8.366957664489746,-5.294300079345703,13.909927368164062,-10.914916038513184,-1.5572435855865479,-11.871155738830566,-7.70123291015625,-2.3363747596740723,-6.390246868133545,noise,sigma=25/255
3_3_01_3ef7df64_r03c02__noise_sigma_25,./data/robustness/noise/sigma_25/normalized_32x32/3/3_3_01_3ef7df64_r03c02__noise_sigma_25.npy,3,3,1,0.9999975695702448,-9.032876014709473,-6.892285346984863,-4.8912739753723145,12.243800163269043,-9.258588790893555,-1.5015265941619873,-10.337566375732422,-7.31117582321167,-1.3113656044006348,-5.778896808624268,noise,sigma=25/255
3_3_01_3ef7df64_r03c03__noise_sigma_25,./data/robustness/noise/sigma_25/normalized_32x32/3/3_3_01_3ef7df64_r03c03__noise_sigma_25.npy,3,3,1,0.9814124324946825,-9.526816368103027,-5.4615702629089355,2.983147144317627,6.95875883102417,-3.395542860031128,-5.39192008972168,-12.738560676574707,-2.024383068084717,-5.3194427490234375,-6.563460350036621,noise,sigma=25/255
3_3_01_3ef7df64_r03c04__noise_sigma_25,./data/robustness/noise/sigma_25/normalized_32x32/3/3_3_01_3ef7df64_r03c04__noise_sigma_25.npy,3,3,1,0.6734176978848392,-3.2755820751190186,-2.8728349208831787,0.9738399982452393,2.1163718700408936,-1.243542194366455,-2.058744192123413,-6.25616979598999,-0.4366285502910614,-3.953810214996338,-1.6097215414047241,noise,sigma=25/255
3_3_01_3ef7df64_r04c01__noise_sigma_25,./data/robustness/noise/sigma_25/normalized_32x32/3/3_3_01_3ef7df64_r04c01__noise_sigma_25.npy,3,7,0,0.5132553097815794,-1.4440045356750488,-3.8700766563415527,-4.01073694229126,0.17335011065006256,-0.7950931191444397,-1.7331379652023315,-6.331254959106445,0.8859447240829468,-7.597502708435059,-1.5836985111236572,noise,sigma=25/255
3_3_01_3ef7df64_r04c02__noise_sigma_25,./data/robustness/noise/sigma_25/normalized_32x32/3/3_3_01_3ef7df64_r04c02__noise_sigma_25.npy,3,3,1,0.5010318452063436,-4.100183010101318,-0.621085524559021,-2.031264066696167,1.9677685499191284,-0.6233242750167847,-3.1022403240203857,-7.796310901641846,1.2981334924697876,-2.73622465133667,0.756749153137207,noise,sigma=25/255
3_3_01_3ef7df64_r04c03__noise_sigma_25,./data/robustness/noise/sigma_25/normalized_32x32/3/3_3_01_3ef7df64_r04c03__noise_sigma_25.npy,3,9,0,0.49042225882111756,-3.5821783542633057,-0.49159789085388184,-0.25169095396995544,-1.3811086416244507,1.2744381427764893,-3.9394407272338867,-7.348687648773193,1.6380950212478638,-3.147895097732544,2.3086061477661133,noise,sigma=25/255
3_3_01_3ef7df64_r04c04__noise_sigma_25,./data/robustness/noise/sigma_25/normalized_32x32/3/3_3_01_3ef7df64_r04c04__noise_sigma_25.npy,3,1,0,0.7477715410629292,-4.986539840698242,3.644850492477417,-0.9725087285041809,-2.9162797927856445,1.2283592224121094,-4.0527262687683105,-7.160728454589844,2.068011999130249,-4.4834980964660645,0.11141931265592575,noise,sigma=25/255
3_3_02_0ace0337_r01c01__noise_sigma_25,./data/robustness/noise/sigma_25/normalized_32x32/3/3_3_02_0ace0337_r01c01__noise_sigma_25.npy,3,3,1,0.9999793893514611,-7.400166034698486,-6.9125075340271,-5.652166366577148,10.668109893798828,-7.53544807434082,-0.2561808228492737,-11.526034355163574,-6.35085391998291,-2.9124927520751953,-3.0001468658447266,noise,sigma=25/255
3_3_02_0ace0337_r01c02__noise_sigma_25,./data/robustness/noise/sigma_25/normalized_32x32/3/3_3_02_0ace0337_r01c02__noise_sigma_25.npy,3,3,1,0.8782891243934918,-3.705012321472168,-2.9032206535339355,0.010684162378311157,3.2243072986602783,-0.37887150049209595,0.23923322558403015,-6.387468338012695,-3.1099119186401367,-2.2614920139312744,-1.245765209197998,noise,sigma=25/255
3_3_02_0ace0337_r01c03__noise_sigma_25,./data/robustness/noise/sigma_25/normalized_32x32/3/3_3_02_0ace0337_r01c03__noise_sigma_25.npy,3,3,1,0.9992007628512848,-4.875514984130859,-4.050203323364258,-3.0837583541870117,7.340353012084961,-5.9398722648620605,-0.7909696698188782,-6.684953212738037,-4.031063079833984,-0.42570799589157104,-3.392390251159668,noise,sigma=25/255
3_3_02_0ace0337_r01c04__noise_sigma_25,./data/robustness/noise/sigma_25/normalized_32x32/3/3_3_02_0ace0337_r01c04__noise_sigma_25.npy,3,3,1,0.9999925157543526,-9.068524360656738,-6.287090301513672,-6.068498134613037,11.768606185913086,-9.79791259765625,-0.1437380164861679,-10.690497398376465,-6.632353782653809,-2.428298234939575,-5.037301063537598,noise,sigma=25/255
3_3_02_0ace0337_r02c01__noise_sigma_25,./data/robustness/noise/sigma_25/normalized_32x32/3/3_3_02_0ace0337_r02c01__noise_sigma_25.npy,3,3,1,0.9999430121320513,-7.579713821411133,-5.60306978225708,-3.586304187774658,9.798428535461426,-7.687206268310547,-0.31992456316947937,-8.221753120422363,-6.068305969238281,-1.3618030548095703,-4.732215881347656,noise,sigma=25/255
3_3_02_0ace0337_r02c02__noise_sigma_25,./data/robustness/noise/sigma_25/normalized_32x32/3/3_3_02_0ace0337_r02c02__noise_sigma_25.npy,3,3,1,0.9996149699684848,-5.9514570236206055,-4.6050944328308105,-2.6492538452148438,7.8727521896362305,-6.003505706787109,-0.4539121985435486,-7.005372047424316,-4.94011926651001,-1.4018559455871582,-3.3272287845611572,noise,sigma=25/255
3_3_02_0ace0337_r02c03__noise_sigma_25,./data/robustness/noise/sigma_25/normalized_32x32/3/3_3_02_0ace0337_r02c03__noise_sigma_25.npy,3,3,1,0.9999750913492564,-5.789747714996338,-7.411664009094238,-4.041195392608643,10.341623306274414,-7.0288872718811035,-0.7053505182266235,-10.0037841796875,-7.084308624267578,-1.463587999343872,-3.740307331085205,noise,sigma=25/255
3_3_02_0ace0337_r02c04__noise_sigma_25,./data/robustness/noise/sigma_25/normalized_32x32/3/3_3_02_0ace0337_r02c04__noise_sigma_25.npy,3,3,1,0.9999989030352784,-9.9551362991333,-7.092228412628174,-1.9564297199249268,12.760920524597168,-8.76037311553955,-2.3024325370788574,-12.011515617370605,-6.377443313598633,-1.9858111143112183,-7.23106050491333,noise,sigma=25/255
3_3_02_0ace0337_r03c01__noise_sigma_25,./data/robustness/noise/sigma_25/normalized_32x32/3/3_3_02_0ace0337_r03c01__noise_sigma_25.npy,3,3,1,0.9999965838094587,-8.4035062789917,-6.910863876342773,-2.522718906402588,11.681344032287598,-8.363249778747559,-1.464737057685852,-10.297913551330566,-5.938315391540527,-2.440920114517212,-6.377581596374512,noise,sigma=25/255
3_3_02_0ace0337_r03c02__noise_sigma_25,./data/robustness/noise/sigma_25/normalized_32x32/3/3_3_02_0ace0337_r03c02__noise_sigma_25.npy,3,3,1,0.7323340862969736,-2.2939586639404297,-3.9734010696411133,-1.2809250354766846,2.360504150390625,-0.9737842082977295,-0.8778182864189148,-7.794745445251465,-2.018280267715454,-3.346501588821411,0.9217215776443481,noise,sigma=25/255
3_3_02_0ace0337_r03c03__noise_sigma_25,./data/robustness/noise/sigma_25/normalized_32x32/3/3_3_02_0ace0337_r03c03__noise_sigma_25.npy,3,9,0,0.5545889703035077,-3.3062334060668945,-3.7048442363739014,-2.5690460205078125,0.996961772441864,0.5317515134811401,-0.7207551002502441,-8.231749534606934,-0.752181887626648,-4.9671735763549805,1.9266585111618042,noise,sigma=25/255
3_3_02_0ace0337_r03c04__noise_sigma_25,./data/robustness/noise/sigma_25/normalized_32x32/3/3_3_02_0ace0337_r03c04__noise_sigma_25.npy,3,3,1,0.981172003016344,-6.28403902053833,-1.4976493120193481,-0.8379510641098022,4.8462419509887695,-2.636657953262329,-2.889810800552368,-9.579131126403809,0.38472604751586914,-5.66391134262085,-1.6928234100341797,noise,sigma=25/255
3_3_02_0ace0337_r04c01__noise_sigma_25,./data/robustness/noise/sigma_25/normalized_32x32/3/3_3_02_0ace0337_r04c01__noise_sigma_25.npy,3,3,1,0.9986098680320328,-7.046088695526123,-4.824263572692871,-2.509174346923828,7.1030049324035645,-2.9289939403533936,-2.016366481781006,-9.022576332092285,0.33780351281166077,-5.894110679626465,-4.5424017906188965,noise,sigma=25/255
3_3_02_0ace0337_r04c02__noise_sigma_25,./data/robustness/noise/sigma_25/normalized_32x32/3/3_3_02_0ace0337_r04c02__noise_sigma_25.npy,3,3,1,0.998768650255604,-5.322610855102539,-4.820138454437256,-1.070677638053894,7.3746161460876465,-5.406885147094727,0.39958494901657104,-6.81898832321167,-4.0792927742004395,-2.364549160003662,-5.815190315246582,noise,sigma=25/255
3_3_02_0ace0337_r04c03__noise_sigma_25,./data/robustness/noise/sigma_25/normalized_32x32/3/3_3_02_0ace0337_r04c03__noise_sigma_25.npy,3,3,1,0.9545614436301766,-6.043299198150635,-3.1004881858825684,2.280984401702881,5.376648902893066,-4.3477959632873535,-1.0105596780776978,-7.9433722496032715,-3.012639045715332,-3.5439746379852295,-4.969130039215088,noise,sigma=25/255
3_3_02_0ace0337_r04c04__noise_sigma_25,./data/robustness/noise/sigma_25/normalized_32x32/3/3_3_02_0ace0337_r04c04__noise_sigma_25.npy,3,1,0,0.5246719136057278,-2.206873655319214,1.8090274333953857,-0.2881205677986145,-1.8705586194992065,0.8615279793739319,-2.055584192276001,-4.0693840980529785,0.11412463337182999,-1.770588755607605,-0.33737796545028687,noise,sigma=25/255
4_4_01_ecfe458e_r01c01__noise_sigma_25,./data/robustness/noise/sigma_25/normalized_32x32/4/4_4_01_ecfe458e_r01c01__noise_sigma_25.npy,4,4,1,0.9930280363814978,-5.43158483505249,-2.5639965534210205,-1.9810075759887695,-3.3283798694610596,5.438007354736328,-2.691249370574951,-5.02813196182251,-3.9689269065856934,-1.4668309688568115,0.03502321243286133,noise,sigma=25/255
4_4_01_ecfe458e_r01c02__noise_sigma_25,./data/robustness/noise/sigma_25/normalized_32x32/4/4_4_01_ecfe458e_r01c02__noise_sigma_25.npy,4,4,1,0.9999916662304132,-8.147614479064941,-1.5899014472961426,-3.668504238128662,-8.032554626464844,12.32470989227295,-5.840167999267578,-5.776526927947998,-1.1845436096191406,-9.12696361541748,0.2886612117290497,noise,sigma=25/255
4_4_01_ecfe458e_r01c03__noise_sigma_25,./data/robustness/noise/sigma_25/normalized_32x32/4/4_4_01_ecfe458e_r01c03__noise_sigma_25.npy,4,4,1,0.9996685883501517,-9.260237693786621,-2.143193244934082,-6.693936347961426,-9.254493713378906,11.126508712768555,-7.5344343185424805,-5.227530002593994,0.6762667894363403,-8.234968185424805,3.0172524452209473,noise,sigma=25/255
4_4_01_ecfe458e_r01c04__noise_sigma_25,./data/robustness/noise/sigma_25/normalized_32x32/4/4_4_01_ecfe458e_r01c04__noise_sigma_25.npy,4,4,1,0.999983949876144,-6.301761150360107,-3.934040069580078,-7.664411544799805,-9.086756706237793,12.112527847290039,-5.857987880706787,-1.1994364261627197,-1.4107567071914673,-7.557048320770264,0.8555744886398315,noise,sigma=25/255
4_4_01_ecfe458e_r02c01__noise_sigma_25,./data/robustness/noise/sigma_25/normalized_32x32/4/4_4_01_ecfe458e_r02c01__noise_sigma_25.npy,4,4,1,0.999999957778275,-8.844070434570312,-4.9463300704956055,-5.75340461730957,-9.745363235473633,15.672698020935059,-3.660752058029175,-6.615938186645508,-4.770091533660889,-9.005016326904297,-1.4946777820587158,noise,sigma=25/255
4_4_01_ecfe458e_r02c02__noise_sigma_25,./data/robustness/noise/sigma_25/normalized_32x32/4/4_4_01_ecfe458e_r02c02__noise_sigma_25.npy,4,4,1,0.9999999435345054,-7.271319389343262,-4.349408149719238,-4.8224968910217285,-10.216513633728027,14.207687377929688,-3.53536319732666,-6.43117094039917,-4.652522563934326,-4.766964435577393,-4.3362956047058105,noise,sigma=25/255
4_4_01_ecfe458e_r02c03__noise_sigma_25,./data/robustness/noise/sigma_25/normalized_32x32/4/4_4_01_ecfe458e_r02c03__noise_sigma_25.npy,4,4,1,0.9999999995178821,-11.587646484375,-6.7107343673706055,-8.3919095993042,-14.930391311645508,19.119895935058594,-6.6442999839782715,-8.910016059875488,-4.109842300415039,-6.665834426879883,-2.571303606033325,noise,sigma=25/255
4_4_01_ecfe458e_r02c04__noise_sigma_25,./data/robustness/noise/sigma_25/normalized_32x32/4/4_4_01_ecfe458e_r02c04__noise_sigma_25.npy,4,4,1,0.9999996395509076,-9.337549209594727,-5.195237636566162,-6.415212631225586,-12.18335247039795,14.370318412780762,-6.337080955505371,-6.605896472930908,-2.7320797443389893,-4.308002471923828,-0.6183698773384094,noise,sigma=25/255
4_4_01_ecfe458e_r03c01__noise_sigma_25,./data/robustness/noise/sigma_25/normalized_32x32/4/4_4_01_ecfe458e_r03c01__noise_sigma_25.npy,4,4,1,0.9999926419425402,-7.174509048461914,-0.7986084222793579,-3.200676441192627,-8.735199928283691,11.263521194458008,-3.582435369491577,-6.568883895874023,-3.3854005336761475,-4.907864570617676,-4.48187255859375,noise,sigma=25/255
4_4_01_ecfe458e_r03c02__noise_sigma_25,./data/robustness/noise/sigma_25/normalized_32x32/4/4_4_01_ecfe458e_r03c02__noise_sigma_25.npy,4,4,1,0.9999989448682216,-9.08574390411377,-2.068887233734131,-2.8215882778167725,-8.416851997375488,12.592098236083984,-4.257257461547852,-7.983086585998535,-2.369060516357422,-6.007082462310791,-4.287313938140869,noise,sigma=25/255
4_4_01_ecfe458e_r03c03__noise_sigma_25,./data/robustness/noise/sigma_25/normalized_32x32/4/4_4_01_ecfe458e_r03c03__noise_sigma_25.npy,4,4,1,0.9999999560035967,-9.430257797241211,-2.5352096557617188,-4.217294692993164,-11.355937957763672,14.956406593322754,-4.596899509429932,-8.196682929992676,-5.7592668533325195,-5.369588851928711,-3.6711857318878174,noise,sigma=25/255
4_4_01_ecfe458e_r03c04__noise_sigma_25,./data/robustness/noise/sigma_25/normalized_32x32/4/4_4_01_ecfe458e_r03c04__noise_sigma_25.npy,4,4,1,0.9999989589130666,-8.6434326171875,-1.7548562288284302,-4.8095245361328125,-9.463310241699219,12.973828315734863,-6.103452205657959,-6.139451503753662,-2.1029393672943115,-7.312643527984619,-1.9646843671798706,noise,sigma=25/255
4_4_01_ecfe458e_r04c01__noise_sigma_25,./data/robustness/noise/sigma_25/normalized_32x32/4/4_4_01_ecfe458e_r04c01__noise_sigma_25.npy,4,4,1,0.9604702926272038,-6.006903171539307,-0.46872496604919434,-4.091001033782959,-4.319124221801758,5.952267646789551,-4.612072467803955,-6.99708366394043,0.10220244526863098,-5.578498840332031,2.642573833465576,noise,sigma=25/255
4_4_01_ecfe458e_r04c02__noise_sigma_25,./data/robustness/noise/sigma_25/normalized_32x32/4/4_4_01_ecfe458e_r04c02__noise_sigma_25.npy,4,4,1,0.9999998168754649,-9.506671905517578,-2.4267008304595947,-3.864933967590332,-11.50408935546875,14.078009605407715,-7.1733174324035645,-7.708680152893066,-3.3772270679473877,-5.443126678466797,-2.4187381267547607,noise,sigma=25/255
4_4_01_ecfe458e_r04c03__noise_sigma_25,./data/robustness/noise/sigma_25/normalized_32x32/4/4_4_01_ecfe458e_r04c03__noise_sigma_25.npy,4,4,1,0.9997424702030004,-8.895930290222168,-0.06540195643901825,-5.967220306396484,-9.168545722961426,9.727449417114258,-5.874300956726074,-9.646360397338867,-0.9898764491081238,-6.289654731750488,1.1001056432724,noise,sigma=25/255
4_4_01_ecfe458e_r04c04__noise_sigma_25,./data/robustness/noise/sigma_25/normalized_32x32/4/4_4_01_ecfe458e_r04c04__noise_sigma_25.npy,4,4,1,0.9999999912084995,-10.499591827392578,-3.5366718769073486,-4.1276021003723145,-12.56080436706543,16.2845401763916,-6.775303363800049,-8.075100898742676,-3.1925902366638184,-6.901098251342773,-4.196457862854004,noise,sigma=25/255
4_4_02_b6e2cbed_r01c01__noise_sigma_25,./data/robustness/noise/sigma_25/normalized_32x32/4/4_4_02_b6e2cbed_r01c01__noise_sigma_25.npy,4,4,1,0.9999943674863555,-9.933145523071289,-2.343048572540283,0.29673898220062256,-9.47903060913086,12.643213272094727,-5.647597789764404,-9.251334190368652,-2.159250259399414,-8.821112632751465,-1.6964137554168701,noise,sigma=25/255
4_4_02_b6e2cbed_r01c02__noise_sigma_25,./data/robustness/noise/sigma_25/normalized_32x32/4/4_4_02_b6e2cbed_r01c02__noise_sigma_25.npy,4,4,1,0.9998818517483039,-3.2462570667266846,-5.538064479827881,-4.467776775360107,-5.563344478607178,8.948234558105469,-1.6052368879318237,-6.956849575042725,-5.8571248054504395,-1.1131781339645386,-1.1461888551712036,noise,sigma=25/255
4_4_02_b6e2cbed_r01c03__noise_sigma_25,./data/robustness/noise/sigma_25/normalized_32x32/4/4_4_02_b6e2cbed_r01c03__noise_sigma_25.npy,4,4,1,0.9999999582413506,-9.284988403320312,-5.142099857330322,-5.894190788269043,-10.203652381896973,14.907313346862793,-3.613250970840454,-7.9276323318481445,-3.456692934036255,-6.3410868644714355,-2.899074077606201,noise,sigma=25/255
4_4_02_b6e2cbed_r01c04__noise_sigma_25,./data/robustness/noise/sigma_25/normalized_32x32/4/4_4_02_b6e2cbed_r01c04__noise_sigma_25.npy,4,4,1,0.9999996796763271,-8.070337295532227,-5.024672031402588,-4.985589504241943,-8.666657447814941,14.215690612792969,-5.2072038650512695,-5.498409271240234,-0.9624870419502258,-9.255584716796875,-2.624845504760742,noise,sigma=25/255
4_4_02_b6e2cbed_r02c01__noise_sigma_25,./data/robustness/noise/sigma_25/normalized_32x32/4/4_4_02_b6e2cbed_r02c01__noise_sigma_25.npy,4,4,1,0.9999948960591737,-6.541303634643555,-2.1607813835144043,-2.5512478351593018,-8.380915641784668,11.115257263183594,-2.606618642807007,-6.227570533752441,-4.898325443267822,-3.3495280742645264,-3.5159733295440674,noise,sigma=25/255
4_4_02_b6e2cbed_r02c02__noise_sigma_25,./data/robustness/noise/sigma_25/normalized_32x32/4/4_4_02_b6e2cbed_r02c02__noise_sigma_25.npy,4,4,1,0.9995207086238245,-8.130438804626465,-1.3904422521591187,-1.6351970434188843,-4.584157943725586,7.907296180725098,-3.8941025733947754,-6.086259841918945,-0.25306981801986694,-4.143548488616943,-3.39400577545166,noise,sigma=25/255
4_4_02_b6e2cbed_r02c03__noise_sigma_25,./data/robustness/noise/sigma_25/normalized_32x32/4/4_4_02_b6e2cbed_r02c03__noise_sigma_25.npy,4,4,1,0.9999999362934734,-9.35987663269043,-2.9830102920532227,-3.567657470703125,-12.058234214782715,14.347469329833984,-4.742559432983398,-6.457397937774658,-4.663774013519287,-4.688809871673584,-7.4564080238342285,noise,sigma=25/255
4_4_02_b6e2cbed_r02c04__noise_sigma_25,./data/robustness/noise/sigma_25/normalized_32x32/4/4_4_02_b6e2cbed_r02c04__noise_sigma_25.npy,4,4,1,0.9999997399564363,-7.637449264526367,-6.147458076477051,-7.465313911437988,-9.81014633178711,14.034744262695312,-3.893357276916504,-8.230962753295898,-6.171652793884277,-2.6274161338806152,-1.4892497062683105,noise,sigma=25/255
4_4_02_b6e2cbed_r03c01__noise_sigma_25,./data/robustness/noise/sigma_25/normalized_32x32/4/4_4_02_b6e2cbed_r03c01__noise_sigma_25.npy,4,4,1,0.999999563553783,-7.897426605224609,-1.2667429447174072,-4.11882209777832,-11.744344711303711,13.948246002197266,-3.9668776988983154,-7.930149078369141,-8.293204307556152,-1.7341620922088623,-5.542306900024414,noise,sigma=25/255
4_4_02_b6e2cbed_r03c02__noise_sigma_25,./data/robustness/noise/sigma_25/normalized_32x32/4/4_4_02_b6e2cbed_r03c02__noise_sigma_25.npy,4,4,1,0.9997093130701508,-6.233990669250488,-2.4033119678497314,-2.832003116607666,-6.250741958618164,8.532000541687012,-4.686858654022217,-6.7496771812438965,-1.8785048723220825,-3.403216600418091,0.11855648458003998,noise,sigma=25/255
4_4_02_b6e2cbed_r03c03__noise_sigma_25,./data/robustness/noise/sigma_25/normalized_32x32/4/4_4_02_b6e2cbed_r03c03__noise_sigma_25.npy,4,4,1,0.9943987006571484,-6.462396621704102,-3.4017388820648193,-5.52138614654541,-7.9695658683776855,7.275186061859131,-4.958041667938232,-6.272716999053955,-3.5750327110290527,0.03049534559249878,1.9497359991073608,noise,sigma=25/255
4_4_02_b6e2cbed_r03c04__noise_sigma_25,./data/robustness/noise/sigma_25/normalized_32x32/4/4_4_02_b6e2cbed_r03c04__noise_sigma_25.npy,4,4,1,0.9999999788847289,-10.563284873962402,-3.1727468967437744,-4.097568511962891,-9.63227653503418,15.272086143493652,-4.865957736968994,-9.769721984863281,-4.9140801429748535,-6.505512714385986,-4.172179698944092,noise,sigma=25/255
4_4_02_b6e2cbed_r04c01__noise_sigma_25,./data/robustness/noise/sigma_25/normalized_32x32/4/4_4_02_b6e2cbed_r04c01__noise_sigma_25.npy,4,4,1,0.9999998734748787,-8.460691452026367,-2.204650640487671,-2.717156171798706,-10.302633285522461,14.33481502532959,-5.299696445465088,-6.788167476654053,-6.28489351272583,-5.234286785125732,-3.782785415649414,noise,sigma=25/255
4_4_02_b6e2cbed_r04c02__noise_sigma_25,./data/robustness/noise/sigma_25/normalized_32x32/4/4_4_02_b6e2cbed_r04c02__noise_sigma_25.npy,4,4,1,0.9999999996970139,-11.219529151916504,-3.511152982711792,-5.558378219604492,-14.223064422607422,18.99656867980957,-4.855016708374023,-9.033539772033691,-7.646817684173584,-7.661060810089111,-4.482605457305908,noise,sigma=25/255
4_4_02_b6e2cbed_r04c03__noise_sigma_25,./data/robustness/noise/sigma_25/normalized_32x32/4/4_4_02_b6e2cbed_r04c03__noise_sigma_25.npy,4,4,1,0.987690476836212,-3.681892156600952,-1.4238895177841187,-3.2052183151245117,-4.7035393714904785,5.4725661277771,-2.3335256576538086,-5.311901092529297,0.03818354383111,-3.5545413494110107,0.3934524655342102,noise,sigma=25/255
4_4_02_b6e2cbed_r04c04__noise_sigma_25,./data/robustness/noise/sigma_25/normalized_32x32/4/4_4_02_b6e2cbed_r04c04__noise_sigma_25.npy,4,4,1,0.9991867701493392,-7.210848808288574,-0.6719645261764526,-3.012336492538452,-5.292304515838623,7.764566898345947,-4.463708400726318,-6.679017543792725,-0.9673060774803162,-5.191610336303711,-0.04799406975507736,noise,sigma=25/255
5_5_01_bb19e6ee_r01c01__noise_sigma_25,./data/robustness/noise/sigma_25/normalized_32x32/5/5_5_01_bb19e6ee_r01c01__noise_sigma_25.npy,5,5,1,0.9998435003970468,-2.240339517593384,-6.782273292541504,-9.271854400634766,-1.6331634521484375,-4.324038505554199,8.010008811950684,-4.1345415115356445,-5.169758319854736,-4.985208511352539,-2.067166566848755,noise,sigma=25/255
5_5_01_bb19e6ee_r01c02__noise_sigma_25,./data/robustness/noise/sigma_25/normalized_32x32/5/5_5_01_bb19e6ee_r01c02__noise_sigma_25.npy,5,5,1,0.9931480577150724,-6.476025104522705,-6.9300312995910645,-6.254268646240234,1.8947641849517822,-3.7263083457946777,6.921555519104004,-6.870596885681152,-9.020673751831055,-2.42159366607666,-1.4887884855270386,noise,sigma=25/255
5_5_01_bb19e6ee_r01c03__noise_sigma_25,./data/robustness/noise/sigma_25/normalized_32x32/5/5_5_01_bb19e6ee_r01c03__noise_sigma_25.npy,5,5,1,0.9985072688948353,-6.134256839752197,-7.558335304260254,-6.809669494628906,0.5670868158340454,-4.274975299835205,7.539393901824951,-7.119174957275391,-8.410036087036133,-3.6374988555908203,0.0033774226903915405,noise,sigma=25/255
5_5_01_bb19e6ee_r01c04__noise_sigma_25,./data/robustness/noise/sigma_25/normalized_32x32/5/5_5_01_bb19e6ee_r01c04__noise_sigma_25.npy,5,5,1,0.999942931545451,-8.147427558898926,-10.052891731262207,-16.42776870727539,-4.313388347625732,-5.753775596618652,12.959406852722168,-8.792902946472168,-9.6640625,-7.012235641479492,3.1874618530273438,noise,sigma=25/255
5_5_01_bb19e6ee_r02c01__noise_sigma_25,./data/robustness/noise/sigma_25/normalized_32x32/5/5_5_01_bb19e6ee_r02c01__noise_sigma_25.npy,5,5,1,0.9983873901730046,-6.4111247062683105,-4.311230659484863,-6.379268646240234,-0.44708162546157837,-0.2930143475532532,6.860302925109863,-5.50758171081543,-9.47277545928955,-2.238485097885132,-3.599168300628662,noise,sigma=25/255
5_5_01_bb19e6ee_r02c02__noise_sigma_25,./data/robustness/noise/sigma_25/normalized_32x32/5/5_5_01_bb19e6ee_r02c02__noise_sigma_25.npy,5,5,1,0.9986564814846866,-8.792274475097656,-11.375715255737305,-13.167071342468262,-0.45439761877059937,-5.915811538696289,10.765260696411133,-11.535383224487305,-10.750385284423828,-5.4444580078125,4.1440110206604,noise,sigma=25/255
5_5_01_bb19e6ee_r02c03__noise_sigma_25,./data/robustness/noise/sigma_25/normalized_32x32/5/5_5_01_bb19e6ee_r02c03__noise_sigma_25.npy,5,5,1,0.9999467610288334,-7.384051322937012,-0.39335352182388306,-16.46895408630371,-3.8598837852478027,-9.091684341430664,9.594101905822754,-4.421392440795898,-4.717913627624512,-3.7363088130950928,-3.2165489196777344,noise,sigma=25/255
5_5_01_bb19e6ee_r02c04__noise_sigma_25,./data/robustness/noise/sigma_25/normalized_32x32/5/5_5_01_bb19e6ee_r02c04__noise_sigma_25.npy,5,5,1,0.9999999715200983,-7.849733829498291,-6.691608428955078,-21.640329360961914,-5.620710849761963,-14.448823928833008,15.382616996765137,-6.235036849975586,-10.535078048706055,-8.121880531311035,-2.0482492446899414,noise,sigma=25/255
5_5_01_bb19e6ee_r03c01__noise_sigma_25,./data/robustness/noise/sigma_25/normalized_32x32/5/5_5_01_bb19e6ee_r03c01__noise_sigma_25.npy,5,5,1,0.999997482012682,-7.163714408874512,-10.517605781555176,-17.374902725219727,-3.7334353923797607,-9.303107261657715,13.404831886291504,-7.810694694519043,-8.795231819152832,-7.482876777648926,0.49713897705078125,noise,sigma=25/255
5_5_01_bb19e6ee_r03c02__noise_sigma_25,./data/robustness/noise/sigma_25/normalized_32x32/5/5_5_01_bb19e6ee_r03c02__noise_sigma_25.npy,5,5,1,0.9999965088544228,-6.33003044128418,-10.036201477050781,-18.82488250732422,-1.2083487510681152,-7.85320520401001,12.18006706237793,-5.720390319824219,-6.107742786407471,-4.865086555480957,-1.004607915878296,noise,sigma=25/255
5_5_01_bb19e6ee_r03c03__noise_sigma_25,./data/robustness/noise/sigma_25/normalized_32x32/5/5_5_01_bb19e6ee_r03c03__noise_sigma_25.npy,5,5,1,0.9999999999566973,-9.197469711303711,-12.01663589477539,-29.698884963989258,-7.1252851486206055,-13.632920265197754,21.090431213378906,-10.140000343322754,-6.560359954833984,-9.12321949005127,-2.8128082752227783,noise,sigma=25/255
5_5_01_bb19e6ee_r03c04__noise_sigma_25,./data/robustness/noise/sigma_25/normalized_32x32/5/5_5_01_bb19e6ee_r03c04__noise_sigma_25.npy,5,5,1,0.9999999298587239,-5.337438583374023,-13.361430168151855,-19.433712005615234,-1.6982859373092651,-9.674842834472656,15.810650825500488,-7.581395626068115,-9.998600006103516,-6.413109302520752,-1.1217769384384155,noise,sigma=25/255
5_5_01_bb19e6ee_r04c01__noise_sigma_25,./data/robustness/noise/sigma_25/normalized_32x32/5/5_5_01_bb19e6ee_r04c01__noise_sigma_25.npy,5,5,1,0.999932440125524,-2.020559787750244,-7.007556915283203,-13.294729232788086,-3.140077829360962,-5.333791255950928,8.950079917907715,-3.939638137817383,-3.7604198455810547,-6.419797420501709,-1.221221685409546,noise,sigma=25/255
5_5_01_bb19e6ee_r04c02__noise_sigma_25,./data/robustness/noise/sigma_25/normalized_32x32/5/5_5_01_bb19e6ee_r04c02__noise_sigma_25.npy,5,5,1,0.999999999697353,-5.882235527038574,-12.070528984069824,-27.522274017333984,-7.291750907897949,-10.849296569824219,19.68927764892578,-8.468871116638184,-7.597286701202393,-9.794325828552246,-2.269587993621826,noise,sigma=25/255
5_5_01_bb19e6ee_r04c03__noise_sigma_25,./data/robustness/noise/sigma_25/normalized_32x32/5/5_5_01_bb19e6ee_r04c03__noise_sigma_25.npy,5,5,1,0.9999999999924474,-8.782403945922852,-12.717521667480469,-31.102434158325195,-8.465500831604004,-13.121378898620605,21.83183479309082,-9.947805404663086,-4.646393299102783,-11.514128684997559,-4.353531837463379,noise,sigma=25/255
5_5_01_bb19e6ee_r04c04__noise_sigma_25,./data/robustness/noise/sigma_25/normalized_32x32/5/5_5_01_bb19e6ee_r04c04__noise_sigma_25.npy,5,5,1,0.9999999912063856,-6.851634979248047,-11.192617416381836,-17.673580169677734,-5.60870885848999,-5.511692523956299,14.885849952697754,-7.508182525634766,-6.779435157775879,-4.190299034118652,-10.087638854980469,noise,sigma=25/255
5_5_02_f20420ee_r01c01__noise_sigma_25,./data/robustness/noise/sigma_25/normalized_32x32/5/5_5_02_f20420ee_r01c01__noise_sigma_25.npy,5,5,1,0.9225938369290869,-1.5628834962844849,-5.253119945526123,-2.446094036102295,0.8939892053604126,-2.2889420986175537,3.598828077316284,-3.873828649520874,-4.445066928863525,-2.164703369140625,-2.6298747062683105,noise,sigma=25/255
5_5_02_f20420ee_r01c02__noise_sigma_25,./data/robustness/noise/sigma_25/normalized_32x32/5/5_5_02_f20420ee_r01c02__noise_sigma_25.npy,5,5,1,0.9998082185924821,-4.175312519073486,-6.979284286499023,-8.882800102233887,0.4594581127166748,-4.383083820343018,9.08969783782959,-4.593315124511719,-7.972352504730225,-4.259245872497559,-2.7576262950897217,noise,sigma=25/255
5_5_02_f20420ee_r01c03__noise_sigma_25,./data/robustness/noise/sigma_25/normalized_32x32/5/5_5_02_f20420ee_r01c03__noise_sigma_25.npy,5,5,1,0.9966353829914064,-6.265781879425049,0.8611208200454712,-15.465377807617188,-4.533740520477295,-7.822319030761719,6.934682369232178,-4.671881675720215,-2.0834600925445557,-3.249483346939087,-0.08706657588481903,noise,sigma=25/255
5_5_02_f20420ee_r01c04__noise_sigma_25,./data/robustness/noise/sigma_25/normalized_32x32/5/5_5_02_f20420ee_r01c04__noise_sigma_25.npy,5,5,1,0.9999335588021776,-2.7571163177490234,-6.9261860847473145,-10.608481407165527,-0.6000349521636963,-5.146392345428467,9.307254791259766,-2.4223203659057617,-7.268037796020508,-4.221419811248779,-4.722758769989014,noise,sigma=25/255
5_5_02_f20420ee_r02c01__noise_sigma_25,./data/robustness/noise/sigma_25/normalized_32x32/5/5_5_02_f20420ee_r02c01__noise_sigma_25.npy,5,5,1,0.9999971157983978,-4.552557945251465,-9.517251968383789,-15.68448257446289,-3.505662202835083,-8.496407508850098,12.375683784484863,-6.3520307540893555,-6.896307945251465,-7.965353012084961,-0.4470362067222595,noise,sigma=25/255
5_5_02_f20420ee_r02c02__noise_sigma_25,./data/robustness/noise/sigma_25/normalized_32x32/5/5_5_02_f20420ee_r02c02__noise_sigma_25.npy,5,5,1,0.99999994304647,-6.799826145172119,-7.389829635620117,-18.30539321899414,-3.591813564300537,-6.260001182556152,13.826081275939941,-4.644693374633789,-9.134825706481934,-4.3680524826049805,-5.528613090515137,noise,sigma=25/255
5_5_02_f20420ee_r02c03__noise_sigma_25,./data/robustness/noise/sigma_25/normalized_32x32/5/5_5_02_f20420ee_r02c03__noise_sigma_25.npy,5,5,1,0.990189756167773,-9.922377586364746,-0.5676073431968689,-13.559246063232422,0.8159665465354919,-13.374618530273438,5.667874336242676,-8.228177070617676,-4.518189907073975,-3.8900365829467773,-4.894874572753906,noise,sigma=25/255
5_5_02_f20420ee_r02c04__noise_sigma_25,./data/robustness/noise/sigma_25/normalized_32x32/5/5_5_02_f20420ee_r02c04__noise_sigma_25.npy,5,5,1,0.9995963881654427,-9.075212478637695,-1.0145456790924072,-18.778850555419922,-1.99434494972229,-13.931982040405273,7.429387092590332,-6.9037041664123535,-2.9663472175598145,-3.346445322036743,-2.366804838180542,noise,sigma=25/255
5_5_02_f20420ee_r03c01__noise_sigma_25,./data/robustness/noise/sigma_25/normalized_32x32/5/5_5_02_f20420ee_r03c01__noise_sigma_25.npy,5,5,1,0.9999992397982557,-9.058616638183594,-11.539281845092773,-22.73092269897461,-6.187109470367432,-11.490090370178223,16.33126449584961,-9.324244499206543,-10.959732055664062,-7.844597339630127,2.2412972450256348,noise,sigma=25/255
5_5_02_f20420ee_r03c02__noise_sigma_25,./data/robustness/noise/sigma_25/normalized_32x32/5/5_5_02_f20420ee_r03c02__noise_sigma_25.npy,5,5,1,0.9999999999927962,-8.003673553466797,-13.767571449279785,-24.6646671295166,-4.297238349914551,-16.2583065032959,21.577667236328125,-8.781414031982422,-13.007635116577148,-11.67955207824707,-5.869944095611572,noise,sigma=25/255
5_5_02_f20420ee_r03c03__noise_sigma_25,./data/robustness/noise/sigma_25/normalized_32x32/5/5_5_02_f20420ee_r03c03__noise_sigma_25.npy,5,5,1,0.9999999956509482,-4.779119491577148,-12.416460037231445,-24.48242950439453,-4.891232490539551,-12.244057655334473,17.96375846862793,-7.984186172485352,-9.874296188354492,-9.375665664672852,-1.3509528636932373,noise,sigma=25/255
5_5_02_f20420ee_r03c04__noise_sigma_25,./data/robustness/noise/sigma_25/normalized_32x32/5/5_5_02_f20420ee_r03c04__noise_sigma_25.npy,5,5,1,0.9999991890741938,-6.51871919631958,-10.088159561157227,-19.59833526611328,-4.092639446258545,-10.173316955566406,14.311461448669434,-6.433066368103027,-9.109880447387695,-9.036532402038574,0.2711727023124695,noise,sigma=25/255
5_5_02_f20420ee_r04c01__noise_sigma_25,./data/robustness/noise/sigma_25/normalized_32x32/5/5_5_02_f20420ee_r04c01__noise_sigma_25.npy,5,5,1,0.999999979023166,-7.355563163757324,-11.80592155456543,-21.22678565979004,-5.345317363739014,-12.012101173400879,17.05782127380371,-7.27707576751709,-10.36050796508789,-10.815831184387207,-0.6335775852203369,noise,sigma=25/255
5_5_02_f20420ee_r04c02__noise_sigma_25,./data/robustness/noise/sigma_25/normalized_32x32/5/5_5_02_f20420ee_r04c02__noise_sigma_25.npy,5,5,1,0.9999999806929346,-6.845004558563232,-12.123175621032715,-19.861948013305664,-1.280813217163086,-10.636338233947754,16.567537307739258,-7.8666486740112305,-10.544332504272461,-6.704533100128174,-3.8128323554992676,noise,sigma=25/255
5_5_02_f20420ee_r04c03__noise_sigma_25,./data/robustness/noise/sigma_25/normalized_32x32/5/5_5_02_f20420ee_r04c03__noise_sigma_25.npy,5,5,1,0.9999999589491723,-7.800429821014404,-10.245033264160156,-17.48470687866211,-2.4470224380493164,-10.18272590637207,15.215622901916504,-8.650571823120117,-8.916403770446777,-8.145604133605957,-2.540144920349121,noise,sigma=25/255
5_5_02_f20420ee_r04c04__noise_sigma_25,./data/robustness/noise/sigma_25/normalized_32x32/5/5_5_02_f20420ee_r04c04__noise_sigma_25.npy,5,5,1,0.9999999458465636,-9.677619934082031,-11.688131332397461,-26.025991439819336,-6.158596515655518,-8.973304748535156,17.078710556030273,-9.07632064819336,-6.637995719909668,-7.177919387817383,0.34408116340637207,noise,sigma=25/255
6_6_01_52f5f834_r01c01__noise_sigma_25,./data/robustness/noise/sigma_25/normalized_32x32/6/6_6_01_52f5f834_r01c01__noise_sigma_25.npy,6,6,1,0.9799045917150471,-0.12810441851615906,-3.3948895931243896,-1.4857797622680664,-3.0641860961914062,-1.1637729406356812,0.284733384847641,4.935194969177246,-5.8696370124816895,-3.947924852371216,-6.013495922088623,noise,sigma=25/255
6_6_01_52f5f834_r01c02__noise_sigma_25,./data/robustness/noise/sigma_25/normalized_32x32/6/6_6_01_52f5f834_r01c02__noise_sigma_25.npy,6,8,0,0.49200947648783216,-1.4039087295532227,-2.3889873027801514,-4.274763584136963,-1.8446662425994873,-3.0832746028900146,1.7498059272766113,0.5153118968009949,-3.4844393730163574,2.089268684387207,-1.1149158477783203,noise,sigma=25/255
6_6_01_52f5f834_r01c03__noise_sigma_25,./data/robustness/noise/sigma_25/normalized_32x32/6/6_6_01_52f5f834_r01c03__noise_sigma_25.npy,6,6,1,0.7975200476147383,-0.8112948536872864,-6.542303085327148,-11.33785629272461,-7.049850940704346,-4.360374450683594,5.712096691131592,7.084541320800781,-10.520873069763184,-4.176451206207275,-5.7648725509643555,noise,sigma=25/255
6_6_01_52f5f834_r01c04__noise_sigma_25,./data/robustness/noise/sigma_25/normalized_32x32/6/6_6_01_52f5f834_r01c04__noise_sigma_25.npy,6,6,1,0.9985151990414682,-2.362989902496338,-5.955588340759277,-4.768519878387451,-3.1036860942840576,-3.630061626434326,2.4618184566497803,8.997654914855957,-12.364883422851562,-2.1338133811950684,-11.667338371276855,noise,sigma=25/255
6_6_01_52f5f834_r02c01__noise_sigma_25,./data/robustness/noise/sigma_25/normalized_32x32/6/6_6_01_52f5f834_r02c01__noise_sigma_25.npy,6,6,1,0.9895577554248592,-0.9732480645179749,-4.954392433166504,-2.3152308464050293,-3.17730975151062,-1.7151079177856445,1.0649325847625732,5.8365373611450195,-6.338780403137207,-4.922873497009277,-8.567934036254883,noise,sigma=25/255
6_6_01_52f5f834_r02c02__noise_sigma_25,./data/robustness/noise/sigma_25/normalized_32x32/6/6_6_01_52f5f834_r02c02__noise_sigma_25.npy,6,6,1,0.9959432056301182,-1.82709801197052,-5.116422176361084,-2.8110532760620117,-4.190768718719482,-0.4528510570526123,1.5927742719650269,7.260499477386475,-8.605680465698242,-7.359169006347656,-10.109904289245605,noise,sigma=25/255
6_6_01_52f5f834_r02c03__noise_sigma_25,./data/robustness/noise/sigma_25/normalized_32x32/6/6_6_01_52f5f834_r02c03__noise_sigma_25.npy,6,6,1,0.9991341957744617,1.5382773876190186,-6.734065055847168,-6.9056396484375,-6.647057056427002,-2.9129631519317627,1.4235351085662842,9.233861923217773,-10.711874961853027,-5.208554267883301,-8.749076843261719,noise,sigma=25/255
6_6_01_52f5f834_r02c04__noise_sigma_25,./data/robustness/noise/sigma_25/normalized_32x32/6/6_6_01_52f5f834_r02c04__noise_sigma_25.npy,6,6,1,0.9031443949045611,-0.2243434190750122,-6.485691070556641,-8.331026077270508,-5.218527317047119,-3.8209521770477295,4.63417387008667,6.875115394592285,-10.470993995666504,-3.693777561187744,-5.841168403625488,noise,sigma=25/255
6_6_01_52f5f834_r03c01__noise_sigma_25,./data/robustness/noise/sigma_25/normalized_32x32/6/6_6_01_52f5f834_r03c01__noise_sigma_25.npy,6,6,1,0.9995655587563522,1.5740604400634766,-6.201905250549316,-13.366514205932617,-7.391768932342529,-8.732141494750977,2.2073428630828857,10.37439250946045,-9.861019134521484,-9.07884693145752,-14.111417770385742,noise,sigma=25/255
6_6_01_52f5f834_r03c02__noise_sigma_25,./data/robustness/noise/sigma_25/normalized_32x32/6/6_6_01_52f5f834_r03c02__noise_sigma_25.npy,6,6,1,0.9882393665444352,4.620494842529297,-9.052433967590332,-9.905688285827637,-5.755999565124512,-8.244300842285156,0.7849010825157166,9.073073387145996,-9.831000328063965,-6.354410648345947,-9.527045249938965,noise,sigma=25/255
6_6_01_52f5f834_r03c03__noise_sigma_25,./data/robustness/noise/sigma_25/normalized_32x32/6/6_6_01_52f5f834_r03c03__noise_sigma_25.npy,6,6,1,0.9967242234250725,1.9366061687469482,-6.133914470672607,-9.64937973022461,-5.1688032150268555,-5.5148210525512695,2.026644468307495,8.395002365112305,-8.765302658081055,-5.004709243774414,-9.9746675491333,noise,sigma=25/255
6_6_01_52f5f834_r03c04__noise_sigma_25,./data/robustness/noise/sigma_25/normalized_32x32/6/6_6_01_52f5f834_r03c04__noise_sigma_25.npy,6,6,1,0.6804589774082205,-0.12968653440475464,-7.8368239402771,-12.36583137512207,-3.156869411468506,-8.03752326965332,5.886375427246094,6.644863128662109,-8.779862403869629,-4.035998344421387,-9.190444946289062,noise,sigma=25/255
6_6_01_52f5f834_r04c01__noise_sigma_25,./data/robustness/noise/sigma_25/normalized_32x32/6/6_6_01_52f5f834_r04c01__noise_sigma_25.npy,6,6,1,0.9999760844608254,2.3258681297302246,-7.73603630065918,-12.672346115112305,-8.699363708496094,-7.024332523345947,0.8571392297744751,13.174138069152832,-12.477835655212402,-11.070918083190918,-16.78868293762207,noise,sigma=25/255
6_6_01_52f5f834_r04c02__noise_sigma_25,./data/robustness/noise/sigma_25/normalized_32x32/6/6_6_01_52f5f834_r04c02__noise_sigma_25.npy,6,6,1,0.9999450605029009,2.621345043182373,-6.715982437133789,-16.125835418701172,-10.543777465820312,-8.565634727478027,2.404742479324341,13.021326065063477,-11.797228813171387,-10.585537910461426,-14.067924499511719,noise,sigma=25/255
6_6_01_52f5f834_r04c03__noise_sigma_25,./data/robustness/noise/sigma_25/normalized_32x32/6/6_6_01_52f5f834_r04c03__noise_sigma_25.npy,6,6,1,0.8806138785798712,-1.371852159500122,-8.18592643737793,-12.652044296264648,-5.1001811027526855,-9.229899406433105,4.917501449584961,6.9180450439453125,-11.996540069580078,-2.99174165725708,-5.943277359008789,noise,sigma=25/255
6_6_01_52f5f834_r04c04__noise_sigma_25,./data/robustness/noise/sigma_25/normalized_32x32/6/6_6_01_52f5f834_r04c04__noise_sigma_25.npy,6,6,1,0.9359088687220727,4.157021522521973,-8.346830368041992,-16.491870880126953,-5.11716890335083,-12.063081741333008,3.2027816772460938,7.1641130447387695,-6.449953556060791,-7.2173051834106445,-7.387286186218262,noise,sigma=25/255
6_6_02_ad596076_r01c01__noise_sigma_25,./data/robustness/noise/sigma_25/normalized_32x32/6/6_6_02_ad596076_r01c01__noise_sigma_25.npy,6,6,1,0.9689634104713548,-1.281095027923584,-3.7497923374176025,-2.185478687286377,-2.2885501384735107,-1.8763432502746582,1.3159040212631226,4.929435729980469,-5.562771320343018,-3.5463318824768066,-7.053890228271484,noise,sigma=25/255
6_6_02_ad596076_r01c02__noise_sigma_25,./data/robustness/noise/sigma_25/normalized_32x32/6/6_6_02_ad596076_r01c02__noise_sigma_25.npy,6,6,1,0.9687356886994696,-3.550442934036255,-0.626816987991333,-0.8660618662834167,-4.785587310791016,1.3617424964904785,-0.1034163236618042,5.192381858825684,-5.347456932067871,-5.489598274230957,-8.209104537963867,noise,sigma=25/255
6_6_02_ad596076_r01c03__noise_sigma_25,./data/robustness/noise/sigma_25/normalized_32x32/6/6_6_02_ad596076_r01c03__noise_sigma_25.npy,6,6,1,0.9998000018188841,0.6714778542518616,-10.57126235961914,-7.67941427230835,-4.530635356903076,-5.696985244750977,2.568281412124634,11.226799964904785,-14.584453582763672,-4.500931739807129,-13.138551712036133,noise,sigma=25/255
6_6_02_ad596076_r01c04__noise_sigma_25,./data/robustness/noise/sigma_25/normalized_32x32/6/6_6_02_ad596076_r01c04__noise_sigma_25.npy,6,6,1,0.9992627755043204,-0.3511635661125183,-7.8480024337768555,-4.394151210784912,-3.466834306716919,-2.654711961746216,1.5990561246871948,8.965365409851074,-10.558064460754395,-4.811878681182861,-10.418232917785645,noise,sigma=25/255
6_6_02_ad596076_r02c01__noise_sigma_25,./data/robustness/noise/sigma_25/normalized_32x32/6/6_6_02_ad596076_r02c01__noise_sigma_25.npy,6,6,1,0.9961365999536113,1.572904348373413,-6.225100040435791,-7.201811790466309,-5.379331588745117,-4.565051555633545,2.1830289363861084,8.17065143585205,-8.249661445617676,-7.16026496887207,-10.109565734863281,noise,sigma=25/255
6_6_02_ad596076_r02c02__noise_sigma_25,./data/robustness/noise/sigma_25/normalized_32x32/6/6_6_02_ad596076_r02c02__noise_sigma_25.npy,6,6,1,0.9996171760304271,1.2085587978363037,-7.303775787353516,-8.226395606994629,-6.529773235321045,-4.523584365844727,1.2996783256530762,9.838155746459961,-11.497060775756836,-1.931511640548706,-10.038966178894043,noise,sigma=25/255
6_6_02_ad596076_r02c03__noise_sigma_25,./data/robustness/noise/sigma_25/normalized_32x32/6/6_6_02_ad596076_r02c03__noise_sigma_25.npy,6,6,1,0.9987332267150915,0.842093825340271,-7.115398406982422,-4.882390975952148,-5.109129905700684,-3.0213539600372314,1.621346354484558,8.679636001586914,-10.61350154876709,-4.1304497718811035,-9.18348503112793,noise,sigma=25/255
6_6_02_ad596076_r02c04__noise_sigma_25,./data/robustness/noise/sigma_25/normalized_32x32/6/6_6_02_ad596076_r02c04__noise_sigma_25.npy,6,6,1,0.9999678244172909,-1.1883692741394043,-8.45101547241211,-4.704507827758789,-4.8150763511657715,-1.6417235136032104,0.5814512968063354,11.179116249084473,-11.49327278137207,-9.469217300415039,-14.983970642089844,noise,sigma=25/255
6_6_02_ad596076_r03c01__noise_sigma_25,./data/robustness/noise/sigma_25/normalized_32x32/6/6_6_02_ad596076_r03c01__noise_sigma_25.npy,6,6,1,0.9995636117439854,4.1372785568237305,-11.949895858764648,-12.319907188415527,-6.3518900871276855,-9.595086097717285,3.481597661972046,12.29195499420166,-12.762941360473633,-7.6460981369018555,-13.406558990478516,noise,sigma=25/255
6_6_02_ad596076_r03c02__noise_sigma_25,./data/robustness/noise/sigma_25/normalized_32x32/6/6_6_02_ad596076_r03c02__noise_sigma_25.npy,6,6,1,0.5468074126565335,9.693053245544434,-11.024615287780762,-14.410514831542969,-7.910472393035889,-10.120940208435059,-1.5385384559631348,9.88084602355957,-8.376291275024414,-12.36682415008545,-13.516217231750488,noise,sigma=25/255
6_6_02_ad596076_r03c03__noise_sigma_25,./data/robustness/noise/sigma_25/normalized_32x32/6/6_6_02_ad596076_r03c03__noise_sigma_25.npy,6,6,1,0.9704259363433132,1.8515973091125488,-5.605962753295898,-11.550895690917969,-5.240537643432617,-6.354852676391602,3.7834105491638184,7.409794807434082,-6.713273525238037,-8.303201675415039,-10.603920936584473,noise,sigma=25/255
6_6_02_ad596076_r03c04__noise_sigma_25,./data/robustness/noise/sigma_25/normalized_32x32/6/6_6_02_ad596076_r03c04__noise_sigma_25.npy,6,6,1,0.700619571576899,2.99898099899292,-5.377379417419434,-13.156875610351562,-5.141921043395996,-9.297306060791016,2.6046013832092285,4.366466999053955,-3.6441762447357178,-3.752786159515381,-5.150373458862305,noise,sigma=25/255
6_6_02_ad596076_r04c01__noise_sigma_25,./data/robustness/noise/sigma_25/normalized_32x32/6/6_6_02_ad596076_r04c01__noise_sigma_25.npy,6,6,1,0.9986068986721527,1.074034571647644,-5.773635387420654,-10.302416801452637,-6.15986442565918,-4.729878902435303,2.465902328491211,9.26373291015625,-8.900846481323242,-9.873552322387695,-12.438356399536133,noise,sigma=25/255
6_6_02_ad596076_r04c02__noise_sigma_25,./data/robustness/noise/sigma_25/normalized_32x32/6/6_6_02_ad596076_r04c02__noise_sigma_25.npy,6,6,1,0.9998601750821845,4.433530807495117,-8.797616004943848,-16.88117790222168,-9.80267333984375,-9.913043022155762,2.41088604927063,13.432768821716309,-11.509845733642578,-11.575538635253906,-15.82298469543457,noise,sigma=25/255
6_6_02_ad596076_r04c03__noise_sigma_25,./data/robustness/noise/sigma_25/normalized_32x32/6/6_6_02_ad596076_r04c03__noise_sigma_25.npy,6,6,1,0.9998431622805541,1.5140806436538696,-9.977729797363281,-15.492056846618652,-8.412419319152832,-10.87476921081543,3.9033005237579346,12.751274108886719,-13.81352710723877,-5.336599349975586,-12.944340705871582,noise,sigma=25/255
6_6_02_ad596076_r04c04__noise_sigma_25,./data/robustness/noise/sigma_25/normalized_32x32/6/6_6_02_ad596076_r04c04__noise_sigma_25.npy,6,6,1,0.9513189531914997,-1.142737865447998,-9.176400184631348,-12.47200870513916,-5.352614402770996,-9.354894638061523,5.1046671867370605,8.079614639282227,-12.910727500915527,-2.685683250427246,-6.261860370635986,noise,sigma=25/255
7_7_01_254ebf4a_r01c01__noise_sigma_25,./data/robustness/noise/sigma_25/normalized_32x32/7/7_7_01_254ebf4a_r01c01__noise_sigma_25.npy,7,7,1,0.9218126069140462,-3.4181714057922363,0.08311530947685242,-0.01703435182571411,-1.6304550170898438,-2.040311098098755,-3.1024346351623535,-5.498531341552734,3.5329298973083496,-2.5965535640716553,-1.0471991300582886,noise,sigma=25/255
7_7_01_254ebf4a_r01c02__noise_sigma_25,./data/robustness/noise/sigma_25/normalized_32x32/7/7_7_01_254ebf4a_r01c02__noise_sigma_25.npy,7,7,1,0.9978994790846747,-6.724460124969482,0.34101244807243347,-0.1550808846950531,-3.79215931892395,-1.3840112686157227,-6.28652811050415,-10.584577560424805,7.164806842803955,-4.470855712890625,-1.762789011001587,noise,sigma=25/255
7_7_01_254ebf4a_r01c03__noise_sigma_25,./data/robustness/noise/sigma_25/normalized_32x32/7/7_7_01_254ebf4a_r01c03__noise_sigma_25.npy,7,7,1,0.9999713225634032,-8.352455139160156,-2.189119815826416,-2.743051767349243,-5.408727169036865,-0.8872182369232178,-8.505209922790527,-13.58159351348877,10.431106567382812,-7.43184232711792,-0.9717148542404175,noise,sigma=25/255
7_7_01_254ebf4a_r01c04__noise_sigma_25,./data/robustness/noise/sigma_25/normalized_32x32/7/7_7_01_254ebf4a_r01c04__noise_sigma_25.npy,7,7,1,0.9999983944267775,-10.51497745513916,-5.230739116668701,-7.050716400146484,-7.23649787902832,-0.873474657535553,-9.138792991638184,-14.607243537902832,13.097949028015137,-8.143733978271484,-1.0256437063217163,noise,sigma=25/255
7_7_01_254ebf4a_r02c01__noise_sigma_25,./data/robustness/noise/sigma_25/normalized_32x32/7/7_7_01_254ebf4a_r02c01__noise_sigma_25.npy,7,7,1,0.9991618011863355,-12.315540313720703,-4.081066608428955,-6.523287296295166,-4.612344264984131,1.956618070602417,-9.302029609680176,-12.595752716064453,9.477396965026855,-5.948873519897461,1.3482462167739868,noise,sigma=25/255
7_7_01_254ebf4a_r02c02__noise_sigma_25,./data/robustness/noise/sigma_25/normalized_32x32/7/7_7_01_254ebf4a_r02c02__noise_sigma_25.npy,7,7,1,0.993268049850468,-6.48837423324585,-1.3618812561035156,-3.7417140007019043,-3.986077070236206,0.25150221586227417,-6.445703506469727,-9.687141418457031,6.8901543617248535,-4.291467189788818,1.6209816932678223,noise,sigma=25/255
7_7_01_254ebf4a_r02c03__noise_sigma_25,./data/robustness/noise/sigma_25/normalized_32x32/7/7_7_01_254ebf4a_r02c03__noise_sigma_25.npy,7,7,1,0.9999879358254575,-11.652775764465332,-1.5898678302764893,-4.475645542144775,-4.4719719886779785,-1.4718074798583984,-8.858464241027832,-14.675457000732422,10.678400993347168,-7.319518566131592,-2.7089788913726807,noise,sigma=25/255
7_7_01_254ebf4a_r02c04__noise_sigma_25,./data/robustness/noise/sigma_25/normalized_32x32/7/7_7_01_254ebf4a_r02c04__noise_sigma_25.npy,7,7,1,0.9999985145664118,-5.08178186416626,-6.575234413146973,-8.647066116333008,-4.470633506774902,-4.137946605682373,-5.338752746582031,-9.964253425598145,10.965314865112305,-6.8383941650390625,-3.1052820682525635,noise,sigma=25/255
7_7_01_254ebf4a_r03c01__noise_sigma_25,./data/robustness/noise/sigma_25/normalized_32x32/7/7_7_01_254ebf4a_r03c01__noise_sigma_25.npy,7,7,1,0.9924946306510831,-7.550424098968506,-1.1643986701965332,-3.610001802444458,-1.8936184644699097,-0.9776326417922974,-5.491668701171875,-8.852100372314453,5.41378927230835,-3.462772846221924,-0.22874799370765686,noise,sigma=25/255
7_7_01_254ebf4a_r03c02__noise_sigma_25,./data/robustness/noise/sigma_25/normalized_32x32/7/7_7_01_254ebf4a_r03c02__noise_sigma_25.npy,7,7,1,0.9983498475474635,-7.741275787353516,0.8364425897598267,-2.024338960647583,-4.289093017578125,-2.770490884780884,-6.87907075881958,-9.505203247070312,7.367791175842285,-3.307095527648926,-2.7544097900390625,noise,sigma=25/255
7_7_01_254ebf4a_r03c03__noise_sigma_25,./data/robustness/noise/sigma_25/normalized_32x32/7/7_7_01_254ebf4a_r03c03__noise_sigma_25.npy,7,7,1,0.9933964065985396,-8.553633689880371,1.7287592887878418,-2.3555715084075928,-4.163059711456299,-1.843837857246399,-7.898169994354248,-11.030385971069336,6.882037162780762,-3.778108596801758,-0.5924062728881836,noise,sigma=25/255
7_7_01_254ebf4a_r03c04__noise_sigma_25,./data/robustness/noise/sigma_25/normalized_32x32/7/7_7_01_254ebf4a_r03c04__noise_sigma_25.npy,7,7,1,0.9993543645309522,-8.631091117858887,0.0806647539138794,-2.7557942867279053,-4.264772891998291,-1.0422654151916504,-7.002181529998779,-11.586723327636719,7.946388244628906,-4.865852355957031,-1.1965100765228271,noise,sigma=25/255
7_7_01_254ebf4a_r04c01__noise_sigma_25,./data/robustness/noise/sigma_25/normalized_32x32/7/7_7_01_254ebf4a_r04c01__noise_sigma_25.npy,7,7,1,0.970772552884862,-5.543693542480469,-0.6993056535720825,-2.2434160709381104,-2.607923984527588,-0.09259843081235886,-4.898726940155029,-8.108428955078125,5.057093143463135,-3.642606019973755,1.1329314708709717,noise,sigma=25/255
7_7_01_254ebf4a_r04c02__noise_sigma_25,./data/robustness/noise/sigma_25/normalized_32x32/7/7_7_01_254ebf4a_r04c02__noise_sigma_25.npy,7,7,1,0.995842809968123,-7.764512062072754,1.3077309131622314,-0.7511537075042725,-3.3521902561187744,-1.9900970458984375,-6.485445022583008,-10.187078475952148,6.966940402984619,-4.248379707336426,-2.6378774642944336,noise,sigma=25/255
7_7_01_254ebf4a_r04c03__noise_sigma_25,./data/robustness/noise/sigma_25/normalized_32x32/7/7_7_01_254ebf4a_r04c03__noise_sigma_25.npy,7,7,1,0.9778591554601224,-5.412278652191162,1.2248640060424805,-0.11054399609565735,-2.8078346252441406,-2.636892557144165,-4.807967662811279,-7.457239151000977,5.334179878234863,-1.7375844717025757,-2.6082499027252197,noise,sigma=25/255
7_7_01_254ebf4a_r04c04__noise_sigma_25,./data/robustness/noise/sigma_25/normalized_32x32/7/7_7_01_254ebf4a_r04c04__noise_sigma_25.npy,7,7,1,0.9999182483417336,-10.93779468536377,-0.8152862191200256,-5.170786380767822,-4.055844783782959,-1.3489136695861816,-8.230073928833008,-13.359712600708008,9.590930938720703,-7.233051300048828,-0.7545927166938782,noise,sigma=25/255
7_7_02_923c5b16_r01c01__noise_sigma_25,./data/robustness/noise/sigma_25/normalized_32x32/7/7_7_02_923c5b16_r01c01__noise_sigma_25.npy,7,7,1,0.9929312923760403,-4.708743572235107,-1.2126058340072632,-0.28812265396118164,-2.831669330596924,-1.363965630531311,-5.03058385848999,-7.578227996826172,5.402270317077637,-3.8646419048309326,-1.7087159156799316,noise,sigma=25/255
7_7_02_923c5b16_r01c02__noise_sigma_25,./data/robustness/noise/sigma_25/normalized_32x32/7/7_7_02_923c5b16_r01c02__noise_sigma_25.npy,7,7,1,0.9997093728904521,-9.816378593444824,0.5183202624320984,-2.818354845046997,-4.12641716003418,-1.2154319286346436,-8.654067993164062,-12.220507621765137,8.981951713562012,-5.466119289398193,-1.3569939136505127,noise,sigma=25/255
7_7_02_923c5b16_r01c03__noise_sigma_25,./data/robustness/noise/sigma_25/normalized_32x32/7/7_7_02_923c5b16_r01c03__noise_sigma_25.npy,7,7,1,0.9999855689655978,-9.572587013244629,-3.3957111835479736,-3.765258312225342,-4.234908103942871,-1.7170406579971313,-8.183731079101562,-12.706700325012207,10.240487098693848,-6.762363910675049,-1.8837214708328247,noise,sigma=25/255
7_7_02_923c5b16_r01c04__noise_sigma_25,./data/robustness/noise/sigma_25/normalized_32x32/7/7_7_02_923c5b16_r01c04__noise_sigma_25.npy,7,7,1,0.9999051409273841,-7.974609375,-3.4392435550689697,-3.732724666595459,-2.3180408477783203,-2.1451897621154785,-6.236831188201904,-10.024576187133789,8.270526885986328,-5.983339786529541,-2.3617327213287354,noise,sigma=25/255
7_7_02_923c5b16_r02c01__noise_sigma_25,./data/robustness/noise/sigma_25/normalized_32x32/7/7_7_02_923c5b16_r02c01__noise_sigma_25.npy,7,7,1,0.9940982709897621,-7.170849323272705,-2.008229970932007,-3.5728397369384766,-3.078129529953003,-0.14395062625408173,-5.965451240539551,-9.706769943237305,6.158987522125244,-4.351696014404297,0.5407121181488037,noise,sigma=25/255
7_7_02_923c5b16_r02c02__noise_sigma_25,./data/robustness/noise/sigma_25/normalized_32x32/7/7_7_02_923c5b16_r02c02__noise_sigma_25.npy,7,7,1,0.9998200215428978,-12.70401382446289,-2.0760245323181152,-3.764448404312134,-3.192375659942627,1.4008753299713135,-9.35710620880127,-13.093962669372559,10.173632621765137,-7.5405964851379395,-0.7597475051879883,noise,sigma=25/255
7_7_02_923c5b16_r02c03__noise_sigma_25,./data/robustness/noise/sigma_25/normalized_32x32/7/7_7_02_923c5b16_r02c03__noise_sigma_25.npy,7,7,1,0.9988921316815117,-8.660072326660156,0.36109429597854614,-1.7763234376907349,-3.56722354888916,-0.41904664039611816,-6.626219272613525,-10.175667762756348,7.7123517990112305,-4.559650421142578,-1.7279696464538574,noise,sigma=25/255
7_7_02_923c5b16_r02c04__noise_sigma_25,./data/robustness/noise/sigma_25/normalized_32x32/7/7_7_02_923c5b16_r02c04__noise_sigma_25.npy,7,7,1,0.9999206721127187,-6.982797622680664,-2.589329242706299,-5.056004524230957,-4.243966579437256,-1.270012617111206,-6.2189249992370605,-11.237914085388184,9.650612831115723,-7.79563570022583,-0.15993466973304749,noise,sigma=25/255
7_7_02_923c5b16_r03c01__noise_sigma_25,./data/robustness/noise/sigma_25/normalized_32x32/7/7_7_02_923c5b16_r03c01__noise_sigma_25.npy,7,7,1,0.9635928748321209,-6.384976863861084,-0.8379693031311035,0.2221144586801529,-1.053856611251831,-2.2309060096740723,-5.607872009277344,-7.887932300567627,4.149127006530762,-1.8755238056182861,-2.3198766708374023,noise,sigma=25/255
7_7_02_923c5b16_r03c02__noise_sigma_25,./data/robustness/noise/sigma_25/normalized_32x32/7/7_7_02_923c5b16_r03c02__noise_sigma_25.npy,7,7,1,0.9996138096710846,-9.476895332336426,-0.49993014335632324,-3.0388967990875244,-4.827506065368652,-0.9885009527206421,-8.626039505004883,-11.626189231872559,8.431221008300781,-5.01226282119751,-0.3132845163345337,noise,sigma=25/255
7_7_02_923c5b16_r03c03__noise_sigma_25,./data/robustness/noise/sigma_25/normalized_32x32/7/7_7_02_923c5b16_r03c03__noise_sigma_25.npy,7,7,1,0.9973407440969382,-6.992313385009766,-0.9340652227401733,-3.4295783042907715,-2.5203866958618164,-1.383525013923645,-5.901450157165527,-7.769742012023926,6.280198097229004,-4.79965353012085,-0.42348235845565796,noise,sigma=25/255
7_7_02_923c5b16_r03c04__noise_sigma_25,./data/robustness/noise/sigma_25/normalized_32x32/7/7_7_02_923c5b16_r03c04__noise_sigma_25.npy,7,7,1,0.9992191557334985,-8.383814811706543,0.08803033828735352,-2.510610580444336,-3.932405948638916,-0.7067612409591675,-7.201128005981445,-11.948841094970703,7.905950546264648,-5.143223762512207,-0.8498284816741943,noise,sigma=25/255
7_7_02_923c5b16_r04c01__noise_sigma_25,./data/robustness/noise/sigma_25/normalized_32x32/7/7_7_02_923c5b16_r04c01__noise_sigma_25.npy,7,7,1,0.9997060366353909,-11.365782737731934,-1.2385060787200928,-6.022770404815674,-3.4533605575561523,-1.8244192600250244,-8.438068389892578,-12.094547271728516,8.547529220581055,-4.414524078369141,0.017849504947662354,noise,sigma=25/255
7_7_02_923c5b16_r04c02__noise_sigma_25,./data/robustness/noise/sigma_25/normalized_32x32/7/7_7_02_923c5b16_r04c02__noise_sigma_25.npy,7,7,1,0.9998478785184106,-11.342246055603027,0.4823160767555237,-7.331087589263916,-4.801981449127197,-5.003571510314941,-6.269232749938965,-10.904471397399902,9.327078819274902,-2.8210885524749756,-4.345032691955566,noise,sigma=25/255
7_7_02_923c5b16_r04c03__noise_sigma_25,./data/robustness/noise/sigma_25/normalized_32x32/7/7_7_02_923c5b16_r04c03__noise_sigma_25.npy,7,7,1,0.9996938554516911,-9.777207374572754,1.3440929651260376,-1.1396775245666504,-5.365542411804199,-2.824295997619629,-8.965707778930664,-12.586078643798828,9.538472175598145,-4.90849494934082,-3.669039249420166,noise,sigma=25/255
7_7_02_923c5b16_r04c04__noise_sigma_25,./data/robustness/noise/sigma_25/normalized_32x32/7/7_7_02_923c5b16_r04c04__noise_sigma_25.npy,7,7,1,0.9978214170736379,-7.295123100280762,-1.661790370941162,-4.626254558563232,-3.190365791320801,0.15818056464195251,-6.298819065093994,-10.687470436096191,7.507440090179443,-5.153955936431885,0.9386817216873169,noise,sigma=25/255
8_8_01_e470fe0b_r01c01__noise_sigma_25,./data/robustness/noise/sigma_25/normalized_32x32/8/8_8_01_e470fe0b_r01c01__noise_sigma_25.npy,8,8,1,0.9999837537421638,-3.102595090866089,-7.676039218902588,-0.989539384841919,-1.2257614135742188,-4.925299644470215,-3.31585431098938,-5.508189678192139,-7.6881232261657715,10.765135765075684,-4.568262100219727,noise,sigma=25/255
8_8_01_e470fe0b_r01c02__noise_sigma_25,./data/robustness/noise/sigma_25/normalized_32x32/8/8_8_01_e470fe0b_r01c02__noise_sigma_25.npy,8,3,0,0.44153800162889784,-6.380395889282227,-8.262349128723145,-5.058666229248047,3.7792980670928955,-6.78484582901001,3.5558745861053467,-5.267385959625244,-8.017219543457031,3.010223627090454,-2.9037365913391113,noise,sigma=25/255
8_8_01_e470fe0b_r01c03__noise_sigma_25,./data/robustness/noise/sigma_25/normalized_32x32/8/8_8_01_e470fe0b_r01c03__noise_sigma_25.npy,8,8,1,0.9387436991110676,-0.24096262454986572,-8.83319091796875,-0.7599828839302063,1.4931988716125488,-4.017405033111572,0.6299972534179688,0.5810784101486206,-8.644282341003418,4.96926212310791,-5.962025165557861,noise,sigma=25/255
8_8_01_e470fe0b_r01c04__noise_sigma_25,./data/robustness/noise/sigma_25/normalized_32x32/8/8_8_01_e470fe0b_r01c04__noise_sigma_25.npy,8,8,1,0.9988066345972184,-2.529719829559326,-10.841302871704102,3.059546947479248,1.3019797801971436,-7.349697113037109,-3.9430644512176514,-6.882529258728027,-8.416206359863281,9.952498435974121,-7.250240325927734,noise,sigma=25/255
8_8_01_e470fe0b_r02c01__noise_sigma_25,./data/robustness/noise/sigma_25/normalized_32x32/8/8_8_01_e470fe0b_r02c01__noise_sigma_25.npy,8,8,1,0.9997989203096789,-3.4556753635406494,-8.332478523254395,1.3190592527389526,-3.6566572189331055,-3.9993231296539307,-4.782828330993652,-8.57199764251709,-7.271724700927734,9.86096477508545,-3.51213002204895,noise,sigma=25/255
8_8_01_e470fe0b_r02c02__noise_sigma_25,./data/robustness/noise/sigma_25/normalized_32x32/8/8_8_01_e470fe0b_r02c02__noise_sigma_25.npy,8,8,1,0.9999667121901139,-2.2741739749908447,-7.439817905426025,0.339555025100708,-4.0186944007873535,-4.603724002838135,-4.512581825256348,-6.702386856079102,-7.041476726531982,10.757862091064453,-4.15666389465332,noise,sigma=25/255
8_8_01_e470fe0b_r02c03__noise_sigma_25,./data/robustness/noise/sigma_25/normalized_32x32/8/8_8_01_e470fe0b_r02c03__noise_sigma_25.npy,8,8,1,0.9821105284717501,-4.1688232421875,-7.952261447906494,6.2528977394104,-5.5728583335876465,-5.169158458709717,-6.74837064743042,-9.26076889038086,-6.535170078277588,10.258443832397461,-8.00929069519043,noise,sigma=25/255
8_8_01_e470fe0b_r02c04__noise_sigma_25,./data/robustness/noise/sigma_25/normalized_32x32/8/8_8_01_e470fe0b_r02c04__noise_sigma_25.npy,8,8,1,0.9998801934599209,-7.326376914978027,-7.069794178009033,-1.7262535095214844,0.5505079030990601,-4.6668219566345215,-1.687892198562622,-5.096632957458496,-9.856155395507812,9.779072761535645,-6.216166973114014,noise,sigma=25/255
8_8_01_e470fe0b_r03c01__noise_sigma_25,./data/robustness/noise/sigma_25/normalized_32x32/8/8_8_01_e470fe0b_r03c01__noise_sigma_25.npy,8,8,1,0.9999916529172416,-5.836167812347412,-10.323184967041016,-2.4525623321533203,-0.1955394744873047,-6.23648738861084,-2.8291449546813965,-9.049675941467285,-9.764488220214844,11.737092018127441,-2.633167028427124,noise,sigma=25/255
8_8_01_e470fe0b_r03c02__noise_sigma_25,./data/robustness/noise/sigma_25/normalized_32x32/8/8_8_01_e470fe0b_r03c02__noise_sigma_25.npy,8,8,1,0.9999985402578685,-7.8268351554870605,-11.736943244934082,-3.61933970451355,-2.537661552429199,-6.0948486328125,-3.8706729412078857,-11.126380920410156,-10.926996231079102,12.952672958374023,-0.7203779220581055,noise,sigma=25/255
8_8_01_e470fe0b_r03c03__noise_sigma_25,./data/robustness/noise/sigma_25/normalized_32x32/8/8_8_01_e470fe0b_r03c03__noise_sigma_25.npy,8,8,1,0.9999997171768538,-7.561614990234375,-11.227245330810547,-7.383418083190918,-1.681335210800171,-6.3631367683410645,-4.2797698974609375,-10.029245376586914,-11.496956825256348,14.657071113586426,-0.7913304567337036,noise,sigma=25/255
8_8_01_e470fe0b_r03c04__noise_sigma_25,./data/robustness/noise/sigma_25/normalized_32x32/8/8_8_01_e470fe0b_r03c04__noise_sigma_25.npy,8,8,1,0.9999928790295949,-5.192288398742676,-4.925830841064453,-3.0718376636505127,-2.3282277584075928,-4.576314926147461,-3.317737340927124,-4.94536018371582,-6.874240398406982,10.330573081970215,-4.961620807647705,noise,sigma=25/255
8_8_01_e470fe0b_r04c01__noise_sigma_25,./data/robustness/noise/sigma_25/normalized_32x32/8/8_8_01_e470fe0b_r04c01__noise_sigma_25.npy,8,8,1,0.9999990949683106,-4.895415782928467,-8.727428436279297,-1.8767554759979248,-2.261223793029785,-5.704247951507568,-4.33530855178833,-7.371323585510254,-9.223489761352539,12.689483642578125,-4.473230838775635,noise,sigma=25/255
8_8_01_e470fe0b_r04c02__noise_sigma_25,./data/robustness/noise/sigma_25/normalized_32x32/8/8_8_01_e470fe0b_r04c02__noise_sigma_25.npy,8,8,1,0.9999996847494678,-4.464423656463623,-9.123005867004395,-0.4832928776741028,-7.25847053527832,-4.814536094665527,-5.422074317932129,-9.694775581359863,-9.350285530090332,14.541448593139648,-4.628711223602295,noise,sigma=25/255
8_8_01_e470fe0b_r04c03__noise_sigma_25,./data/robustness/noise/sigma_25/normalized_32x32/8/8_8_01_e470fe0b_r04c03__noise_sigma_25.npy,8,8,1,0.9999974919382358,-4.877010345458984,-11.321720123291016,-1.693371057510376,-3.889448642730713,-6.103596210479736,-5.620960235595703,-9.482900619506836,-9.15853500366211,12.40194034576416,-0.9361841678619385,noise,sigma=25/255
8_8_01_e470fe0b_r04c04__noise_sigma_25,./data/robustness/noise/sigma_25/normalized_32x32/8/8_8_01_e470fe0b_r04c04__noise_sigma_25.npy,8,8,1,0.999991381516124,-0.7569282054901123,-10.606146812438965,-0.4472724199295044,-3.6053125858306885,-7.234585285186768,-3.573326826095581,-7.682096481323242,-9.043737411499023,11.835695266723633,-3.683444023132324,noise,sigma=25/255
8_8_02_b36c8633_r01c01__noise_sigma_25,./data/robustness/noise/sigma_25/normalized_32x32/8/8_8_02_b36c8633_r01c01__noise_sigma_25.npy,8,8,1,0.9999924712967478,-3.3249757289886475,-5.09218692779541,-1.455118179321289,-4.671866416931152,-3.8594582080841064,-4.247716426849365,-5.590509414672852,-6.8877058029174805,10.748196601867676,-3.6707026958465576,noise,sigma=25/255
8_8_02_b36c8633_r01c02__noise_sigma_25,./data/robustness/noise/sigma_25/normalized_32x32/8/8_8_02_b36c8633_r01c02__noise_sigma_25.npy,8,8,1,0.9996313127947158,-6.624597072601318,-9.592394828796387,-3.1483993530273438,2.9000697135925293,-5.931493759155273,-3.253343343734741,-8.34991455078125,-11.375877380371094,10.810544967651367,-4.566528797149658,noise,sigma=25/255
8_8_02_b36c8633_r01c03__noise_sigma_25,./data/robustness/noise/sigma_25/normalized_32x32/8/8_8_02_b36c8633_r01c03__noise_sigma_25.npy,8,8,1,0.9999520722404946,-6.720483303070068,-6.007185935974121,-3.757521152496338,-1.605154037475586,-4.997056007385254,-3.7339322566986084,-6.746382713317871,-6.909213066101074,9.134856224060059,-1.6941492557525635,noise,sigma=25/255
8_8_02_b36c8633_r01c04__noise_sigma_25,./data/robustness/noise/sigma_25/normalized_32x32/8/8_8_02_b36c8633_r01c04__noise_sigma_25.npy,8,8,1,0.9998693489537909,-6.926999568939209,-11.5047607421875,-3.5691590309143066,2.386573553085327,-8.021416664123535,-2.621095895767212,-6.570297718048096,-11.728446960449219,11.339673042297363,-4.777384281158447,noise,sigma=25/255
8_8_02_b36c8633_r02c01__noise_sigma_25,./data/robustness/noise/sigma_25/normalized_32x32/8/8_8_02_b36c8633_r02c01__noise_sigma_25.npy,8,8,1,0.9999979624593003,-4.690927028656006,-8.320734024047852,-5.105078220367432,-1.7636017799377441,-4.481800079345703,-2.1867074966430664,-5.025570869445801,-10.510481834411621,12.043153762817383,-3.5357673168182373,noise,sigma=25/255
8_8_02_b36c8633_r02c02__noise_sigma_25,./data/robustness/noise/sigma_25/normalized_32x32/8/8_8_02_b36c8633_r02c02__noise_sigma_25.npy,8,8,1,0.9992259456495495,-6.708606719970703,-7.663320064544678,-3.4614481925964355,0.5501782298088074,-5.419926166534424,-1.2963550090789795,-5.888420104980469,-7.456969738006592,7.9702935218811035,-1.6415388584136963,noise,sigma=25/255
8_8_02_b36c8633_r02c03__noise_sigma_25,./data/robustness/noise/sigma_25/normalized_32x32/8/8_8_02_b36c8633_r02c03__noise_sigma_25.npy,8,8,1,0.9939050967763927,0.8375980854034424,-6.000155448913574,-0.500793993473053,-3.3376941680908203,-3.477708101272583,-4.157285213470459,-4.417557239532471,-5.772198677062988,6.251695156097412,-1.7992222309112549,noise,sigma=25/255
8_8_02_b36c8633_r02c04__noise_sigma_25,./data/robustness/noise/sigma_25/normalized_32x32/8/8_8_02_b36c8633_r02c04__noise_sigma_25.npy,8,2,0,0.5557043224388032,-4.459352970123291,-7.274130821228027,4.348365306854248,2.6398184299468994,-4.038063049316406,-0.7614774703979492,-5.2673258781433105,-6.559998035430908,3.857132911682129,-7.273046493530273,noise,sigma=25/255
8_8_02_b36c8633_r03c01__noise_sigma_25,./data/robustness/noise/sigma_25/normalized_32x32/8/8_8_02_b36c8633_r03c01__noise_sigma_25.npy,8,8,1,0.9999335848695011,-2.4164035320281982,-7.815839767456055,-0.5769463777542114,-3.377138614654541,-3.693131685256958,-2.6862454414367676,-6.364054203033447,-7.648441314697266,9.469278335571289,-2.5273513793945312,noise,sigma=25/255
8_8_02_b36c8633_r03c02__noise_sigma_25,./data/robustness/noise/sigma_25/normalized_32x32/8/8_8_02_b36c8633_r03c02__noise_sigma_25.npy,8,8,1,0.9998474513965154,-4.997652530670166,-8.031707763671875,-5.349762439727783,0.738877534866333,-5.866965293884277,0.07553502917289734,-3.9206626415252686,-9.087140083312988,9.954048156738281,-5.795510768890381,noise,sigma=25/255
8_8_02_b36c8633_r03c03__noise_sigma_25,./data/robustness/noise/sigma_25/normalized_32x32/8/8_8_02_b36c8633_r03c03__noise_sigma_25.npy,8,8,1,0.9999991626049614,-4.5696611404418945,-6.9319000244140625,-5.224064350128174,-4.145085334777832,-4.0264410972595215,-4.5203118324279785,-7.516305923461914,-8.533154487609863,12.626617431640625,-1.645032286643982,noise,sigma=25/255
8_8_02_b36c8633_r03c04__noise_sigma_25,./data/robustness/noise/sigma_25/normalized_32x32/8/8_8_02_b36c8633_r03c04__noise_sigma_25.npy,8,8,1,0.999999599965154,-5.850719928741455,-10.246864318847656,-3.3104782104492188,-2.424826145172119,-5.94258975982666,-3.1825451850891113,-8.214609146118164,-11.329485893249512,13.274770736694336,-2.8025708198547363,noise,sigma=25/255
8_8_02_b36c8633_r04c01__noise_sigma_25,./data/robustness/noise/sigma_25/normalized_32x32/8/8_8_02_b36c8633_r04c01__noise_sigma_25.npy,8,8,1,0.9996339079563829,-2.8034729957580566,-7.754295349121094,-2.351417064666748,-1.5296316146850586,-3.5714216232299805,-2.139756917953491,-6.4015631675720215,-8.015128135681152,8.094905853271484,-0.38606947660446167,noise,sigma=25/255
8_8_02_b36c8633_r04c02__noise_sigma_25,./data/robustness/noise/sigma_25/normalized_32x32/8/8_8_02_b36c8633_r04c02__noise_sigma_25.npy,8,8,1,0.9991670815714667,-0.4590458869934082,-8.738104820251465,1.1813446283340454,-2.918363571166992,-5.4915385246276855,-3.8021669387817383,-8.040210723876953,-6.254981994628906,8.485902786254883,-2.715768575668335,noise,sigma=25/255
8_8_02_b36c8633_r04c03__noise_sigma_25,./data/robustness/noise/sigma_25/normalized_32x32/8/8_8_02_b36c8633_r04c03__noise_sigma_25.npy,8,8,1,0.9999998993971001,-4.646692276000977,-13.329228401184082,-2.8900723457336426,-1.348030924797058,-7.892386436462402,-3.818080425262451,-10.764749526977539,-12.058320999145508,15.169681549072266,-3.160572052001953,noise,sigma=25/255
8_8_02_b36c8633_r04c04__noise_sigma_25,./data/robustness/noise/sigma_25/normalized_32x32/8/8_8_02_b36c8633_r04c04__noise_sigma_25.npy,8,8,1,0.9999961389624954,-6.374027729034424,-10.300175666809082,1.9573562145233154,-3.322509288787842,-5.065072536468506,-6.005896091461182,-10.818519592285156,-11.408103942871094,14.428552627563477,-7.685791969299316,noise,sigma=25/255
9_9_01_852a4a6b_r01c01__noise_sigma_25,./data/robustness/noise/sigma_25/normalized_32x32/9/9_9_01_852a4a6b_r01c01__noise_sigma_25.npy,9,9,1,0.9555867079607439,-5.427750587463379,-2.0361485481262207,-3.2029502391815186,-1.918399691581726,2.0956664085388184,-3.7452807426452637,-7.499403953552246,-0.15196505188941956,-2.850477457046509,5.308887958526611,noise,sigma=25/255
9_9_01_852a4a6b_r01c02__noise_sigma_25,./data/robustness/noise/sigma_25/normalized_32x32/9/9_9_01_852a4a6b_r01c02__noise_sigma_25.npy,9,9,1,0.9953884034333335,-7.652744770050049,-2.865262746810913,-5.007091522216797,-2.4044618606567383,1.780453085899353,-5.468724727630615,-10.716333389282227,0.8639813661575317,-4.190134048461914,7.512146949768066,noise,sigma=25/255
9_9_01_852a4a6b_r01c03__noise_sigma_25,./data/robustness/noise/sigma_25/normalized_32x32/9/9_9_01_852a4a6b_r01c03__noise_sigma_25.npy,9,9,1,0.9976359811393692,-8.929369926452637,-3.603562831878662,-6.460926532745361,-2.8453290462493896,2.770279884338379,-6.331367015838623,-12.7374267578125,0.7534306645393372,-5.047173976898193,8.945491790771484,noise,sigma=25/255
9_9_01_852a4a6b_r01c04__noise_sigma_25,./data/robustness/noise/sigma_25/normalized_32x32/9/9_9_01_852a4a6b_r01c04__noise_sigma_25.npy,9,9,1,0.9940622186054492,-7.181850433349609,-1.8303687572479248,-6.078543186187744,-3.8246259689331055,1.6988458633422852,-5.2591352462768555,-10.537148475646973,0.9360164403915405,-2.6471500396728516,7.234156131744385,noise,sigma=25/255
9_9_01_852a4a6b_r02c01__noise_sigma_25,./data/robustness/noise/sigma_25/normalized_32x32/9/9_9_01_852a4a6b_r02c01__noise_sigma_25.npy,9,9,1,0.9809821352097506,-8.681927680969238,-4.473604679107666,-5.759292125701904,-3.6614699363708496,3.9604361057281494,-6.320262908935547,-11.789937973022461,2.0279133319854736,-5.835740089416504,8.03957748413086,noise,sigma=25/255
9_9_01_852a4a6b_r02c02__noise_sigma_25,./data/robustness/noise/sigma_25/normalized_32x32/9/9_9_01_852a4a6b_r02c02__noise_sigma_25.npy,9,9,1,0.9980619542689555,-10.775625228881836,-5.946695327758789,-6.761551380157471,-4.114252090454102,4.7531843185424805,-6.28436279296875,-15.208452224731445,-1.120993971824646,-7.351704120635986,11.000321388244629,noise,sigma=25/255
9_9_01_852a4a6b_r02c03__noise_sigma_25,./data/robustness/noise/sigma_25/normalized_32x32/9/9_9_01_852a4a6b_r02c03__noise_sigma_25.npy,9,8,0,0.3917605726131338,-4.663842678070068,-1.0533053874969482,-2.716327428817749,-2.7863128185272217,-1.4617100954055786,-4.369281768798828,-6.496117115020752,1.0748403072357178,1.7091114521026611,1.5922949314117432,noise,sigma=25/255
9_9_01_852a4a6b_r02c04__noise_sigma_25,./data/robustness/noise/sigma_25/normalized_32x32/9/9_9_01_852a4a6b_r02c04__noise_sigma_25.npy,9,9,1,0.9965243522490272,-9.332479476928711,-4.20651388168335,-5.813438892364502,-2.2504584789276123,1.1693785190582275,-4.0115861892700195,-10.178156852722168,-1.1081914901733398,-1.7773244380950928,7.009342193603516,noise,sigma=25/255
9_9_01_852a4a6b_r03c01__noise_sigma_25,./data/robustness/noise/sigma_25/normalized_32x32/9/9_9_01_852a4a6b_r03c01__noise_sigma_25.npy,9,9,1,0.9468013367203362,-6.732024669647217,-2.3417160511016846,-3.7220568656921387,-3.554374933242798,3.0670504570007324,-4.608827590942383,-9.516617774963379,-0.6584992408752441,-2.2891764640808105,5.9817399978637695,noise,sigma=25/255
9_9_01_852a4a6b_r03c02__noise_sigma_25,./data/robustness/noise/sigma_25/normalized_32x32/9/9_9_01_852a4a6b_r03c02__noise_sigma_25.npy,9,9,1,0.9392140806913986,-4.497747898101807,-1.7700074911117554,-3.9992825984954834,-1.838207721710205,1.4451886415481567,-2.3234047889709473,-5.965264797210693,-0.18066085875034332,-2.2174129486083984,4.468573093414307,noise,sigma=25/255
9_9_01_852a4a6b_r03c03__noise_sigma_25,./data/robustness/noise/sigma_25/normalized_32x32/9/9_9_01_852a4a6b_r03c03__noise_sigma_25.npy,9,9,1,0.999906226291203,-8.17524242401123,-6.719189643859863,-8.34482479095459,-0.4050633907318115,-2.4691684246063232,-4.984560012817383,-13.330204010009766,-5.692590713500977,-1.2979145050048828,9.31050968170166,noise,sigma=25/255
9_9_01_852a4a6b_r03c04__noise_sigma_25,./data/robustness/noise/sigma_25/normalized_32x32/9/9_9_01_852a4a6b_r03c04__noise_sigma_25.npy,9,9,1,0.9894580236856435,-10.72443962097168,-4.175266742706299,-8.480988502502441,-6.525731563568115,5.653496265411377,-7.249487400054932,-11.967339515686035,-0.7721542119979858,-4.9864912033081055,10.196992874145508,noise,sigma=25/255
9_9_01_852a4a6b_r04c01__noise_sigma_25,./data/robustness/noise/sigma_25/normalized_32x32/9/9_9_01_852a4a6b_r04c01__noise_sigma_25.npy,9,9,1,0.9887055974833976,-11.175451278686523,-4.888853549957275,-6.859702110290527,-6.758101940155029,5.7425856590271,-8.008366584777832,-11.933465003967285,-0.6379631757736206,-5.281866550445557,10.216416358947754,noise,sigma=25/255
9_9_01_852a4a6b_r04c02__noise_sigma_25,./data/robustness/noise/sigma_25/normalized_32x32/9/9_9_01_852a4a6b_r04c02__noise_sigma_25.npy,9,9,1,0.9989106432009713,-9.098359107971191,-3.661194324493408,-7.0631585121154785,-2.8880691528320312,1.7476407289505005,-5.1354570388793945,-11.995922088623047,-1.2731181383132935,-2.0035946369171143,8.652713775634766,noise,sigma=25/255
9_9_01_852a4a6b_r04c03__noise_sigma_25,./data/robustness/noise/sigma_25/normalized_32x32/9/9_9_01_852a4a6b_r04c03__noise_sigma_25.npy,9,9,1,0.9974303981770474,-6.062241077423096,-4.439037322998047,-3.222984552383423,-2.6330323219299316,0.7406397461891174,-4.537820816040039,-9.29796028137207,-1.6082855463027954,-3.1441783905029297,6.86857271194458,noise,sigma=25/255
9_9_01_852a4a6b_r04c04__noise_sigma_25,./data/robustness/noise/sigma_25/normalized_32x32/9/9_9_01_852a4a6b_r04c04__noise_sigma_25.npy,9,9,1,0.9970603981204211,-6.643131732940674,-3.263089179992676,-4.671710968017578,-2.6604645252227783,1.3310832977294922,-3.8769688606262207,-9.475080490112305,-0.5339627265930176,-3.9974985122680664,7.337130069732666,noise,sigma=25/255
9_9_02_2f49434b_r01c01__noise_sigma_25,./data/robustness/noise/sigma_25/normalized_32x32/9/9_9_02_2f49434b_r01c01__noise_sigma_25.npy,9,9,1,0.9575018909307097,-4.831179618835449,-2.7017736434936523,-5.5302815437316895,-2.760495662689209,1.8134148120880127,-3.6868672370910645,-5.612436294555664,-0.36000296473503113,-1.4002766609191895,5.09539270401001,noise,sigma=25/255
9_9_02_2f49434b_r01c02__noise_sigma_25,./data/robustness/noise/sigma_25/normalized_32x32/9/9_9_02_2f49434b_r01c02__noise_sigma_25.npy,9,9,1,0.9817893629401983,-6.966181755065918,-2.73256254196167,-5.412576198577881,-3.4549338817596436,3.270590305328369,-4.908339023590088,-9.342300415039062,0.8906301856040955,-4.809569358825684,7.35056209564209,noise,sigma=25/255
9_9_02_2f49434b_r01c03__noise_sigma_25,./data/robustness/noise/sigma_25/normalized_32x32/9/9_9_02_2f49434b_r01c03__noise_sigma_25.npy,9,7,0,0.617258821330443,-3.6038453578948975,-0.08137285709381104,-3.1967616081237793,-4.172748565673828,-1.388767957687378,-4.179447650909424,-5.6511969566345215,2.4328904151916504,1.432412028312683,0.47080159187316895,noise,sigma=25/255
9_9_02_2f49434b_r01c04__noise_sigma_25,./data/robustness/noise/sigma_25/normalized_32x32/9/9_9_02_2f49434b_r01c04__noise_sigma_25.npy,9,9,1,0.9991149735581065,-8.6644868850708,-4.097526550292969,-7.094686031341553,-1.7172460556030273,0.59565669298172,-5.139220237731934,-10.042219161987305,-1.2858574390411377,-2.00185227394104,7.91640567779541,noise,sigma=25/255
9_9_02_2f49434b_r02c01__noise_sigma_25,./data/robustness/noise/sigma_25/normalized_32x32/9/9_9_02_2f49434b_r02c01__noise_sigma_25.npy,9,9,1,0.9974308568869653,-8.530607223510742,-4.382030963897705,-9.22650146484375,-3.871978998184204,3.0041234493255615,-5.453306198120117,-10.724406242370605,-0.3740067780017853,-3.288102388381958,9.002877235412598,noise,sigma=25/255
9_9_02_2f49434b_r02c02__noise_sigma_25,./data/robustness/noise/sigma_25/normalized_32x32/9/9_9_02_2f49434b_r02c02__noise_sigma_25.npy,9,9,1,0.9992368064129908,-13.033427238464355,-5.885640621185303,-10.738061904907227,-6.988340377807617,4.523233413696289,-7.622737884521484,-12.637850761413574,-1.4253623485565186,-3.8702242374420166,11.703346252441406,noise,sigma=25/255
9_9_02_2f49434b_r02c03__noise_sigma_25,./data/robustness/noise/sigma_25/normalized_32x32/9/9_9_02_2f49434b_r02c03__noise_sigma_25.npy,9,9,1,0.9965061641080574,-7.453110218048096,-3.744635820388794,-9.025754928588867,-4.4501214027404785,3.001866340637207,-5.847891330718994,-9.056894302368164,-1.1318541765213013,-2.4691357612609863,8.677048683166504,noise,sigma=25/255
9_9_02_2f49434b_r02c04__noise_sigma_25,./data/robustness/noise/sigma_25/normalized_32x32/9/9_9_02_2f49434b_r02c04__noise_sigma_25.npy,9,1,0,0.45873870757401025,-4.385922908782959,2.1864278316497803,-5.66434383392334,-5.353151321411133,-0.5805093050003052,-4.463351726531982,-6.158748149871826,0.6818996071815491,1.6961300373077393,0.9085159301757812,noise,sigma=25/255
9_9_02_2f49434b_r03c01__noise_sigma_25,./data/robustness/noise/sigma_25/normalized_32x32/9/9_9_02_2f49434b_r03c01__noise_sigma_25.npy,9,4,0,0.7807897979359387,-8.588410377502441,-1.2755064964294434,-7.476818084716797,-7.290602207183838,4.461699962615967,-6.686820030212402,-8.144674301147461,0.23070645332336426,-0.7046421766281128,3.1040048599243164,noise,sigma=25/255
9_9_02_2f49434b_r03c02__noise_sigma_25,./data/robustness/noise/sigma_25/normalized_32x32/9/9_9_02_2f49434b_r03c02__noise_sigma_25.npy,9,9,1,0.9918393510539001,-6.8211798667907715,-4.255040168762207,-5.537907123565674,-4.13081693649292,1.9341000318527222,-6.335399150848389,-9.300622940063477,-2.3019516468048096,-0.032630257308483124,6.882540702819824,noise,sigma=25/255
9_9_02_2f49434b_r03c03__noise_sigma_25,./data/robustness/noise/sigma_25/normalized_32x32/9/9_9_02_2f49434b_r03c03__noise_sigma_25.npy,9,9,1,0.981381898001724,-4.163641929626465,-2.800868034362793,-2.598435640335083,-1.84852135181427,-0.15962615609169006,-3.6796600818634033,-7.032912731170654,-0.47884857654571533,-1.1482545137405396,4.717860221862793,noise,sigma=25/255
9_9_02_2f49434b_r03c04__noise_sigma_25,./data/robustness/noise/sigma_25/normalized_32x32/9/9_9_02_2f49434b_r03c04__noise_sigma_25.npy,9,9,1,0.8875405998160761,-5.2097859382629395,-0.34021860361099243,-5.83966588973999,-3.73246693611145,2.076732873916626,-4.08941650390625,-7.19669771194458,0.8399255275726318,-1.6813092231750488,4.485527992248535,noise,sigma=25/255
9_9_02_2f49434b_r04c01__noise_sigma_25,./data/robustness/noise/sigma_25/normalized_32x32/9/9_9_02_2f49434b_r04c01__noise_sigma_25.npy,9,9,1,0.9981995988711359,-6.25233793258667,-4.700509071350098,-6.237699508666992,-2.7753074169158936,1.2811498641967773,-4.503143787384033,-11.321112632751465,-3.960841655731201,-2.9341506958007812,7.642199993133545,noise,sigma=25/255
9_9_02_2f49434b_r04c02__noise_sigma_25,./data/robustness/noise/sigma_25/normalized_32x32/9/9_9_02_2f49434b_r04c02__noise_sigma_25.npy,9,9,1,0.983309147315144,-7.742739200592041,-4.401891708374023,-5.91223669052124,-4.999911785125732,3.725987195968628,-5.4730963706970215,-9.066497802734375,-1.9542689323425293,-3.1137266159057617,7.807157039642334,noise,sigma=25/255
9_9_02_2f49434b_r04c03__noise_sigma_25,./data/robustness/noise/sigma_25/normalized_32x32/9/9_9_02_2f49434b_r04c03__noise_sigma_25.npy,9,9,1,0.9889726680286153,-7.206735134124756,-2.9881181716918945,-5.682116985321045,-4.032768249511719,3.264312267303467,-5.518412113189697,-10.024002075195312,-0.41653692722320557,-3.738466739654541,7.7892165184021,noise,sigma=25/255
9_9_02_2f49434b_r04c04__noise_sigma_25,./data/robustness/noise/sigma_25/normalized_32x32/9/9_9_02_2f49434b_r04c04__noise_sigma_25.npy,9,9,1,0.9592571835697485,-5.435461044311523,-2.6504337787628174,-2.7054669857025146,-2.397148609161377,1.6246119737625122,-5.162596702575684,-7.393299579620361,0.30117082595825195,-2.4756288528442383,5.0685906410217285,noise,sigma=25/255
