Copyright 1986-2022 Xilinx, Inc. All Rights Reserved.
--------------------------------------------------------------------------------------------------------------------------------------------------------------------------------------------------------------
| Tool Version : Vivado v.2022.2 (win64) Build 3671981 Fri Oct 14 05:00:03 MDT 2022
| Date         : Mon Sep 14 23:16:44 2026
| Host         : Benedicta running 64-bit major release  (build 9200)
| Command      : report_timing_summary -delay_type max -max_paths 20 -report_unconstrained -file D:/GitHub/vivado/vivado/F_Quantization_W8A8/Vivado_W4A4_LC2_Impl_Patch/results/post_route_timing_summary.rpt
| Design       : lenet_w4a4_top
| Device       : 7z020-clg400
| Speed File   : -1  PRODUCTION 1.12 2019-11-22
--------------------------------------------------------------------------------------------------------------------------------------------------------------------------------------------------------------

Timing Summary Report

------------------------------------------------------------------------------------------------
| Timer Settings
| --------------
------------------------------------------------------------------------------------------------

  Enable Multi Corner Analysis               :  Yes
  Enable Pessimism Removal                   :  Yes
  Pessimism Removal Resolution               :  Nearest Common Node
  Enable Input Delay Default Clock           :  No
  Enable Preset / Clear Arcs                 :  No
  Disable Flight Delays                      :  No
  Ignore I/O Paths                           :  No
  Timing Early Launch at Borrowing Latches   :  No
  Borrow Time for Max Delay Exceptions       :  Yes
  Merge Timing Exceptions                    :  Yes

  Corner  Analyze    Analyze    
  Name    Max Paths  Min Paths  
  ------  ---------  ---------  
  Slow    Yes        Yes        
  Fast    Yes        Yes        


------------------------------------------------------------------------------------------------
| Report Methodology
| ------------------
------------------------------------------------------------------------------------------------

No report available as report_methodology has not been run prior. Run report_methodology on the current design for the summary of methodology violations.



check_timing report

Table of Contents
-----------------
1. checking no_clock (0)
2. checking constant_clock (0)
3. checking pulse_width_clock (0)
4. checking unconstrained_internal_endpoints (0)
5. checking no_input_delay (130)
6. checking no_output_delay (283)
7. checking multiple_clock (0)
8. checking generated_clocks (0)
9. checking loops (0)
10. checking partial_input_delay (0)
11. checking partial_output_delay (0)
12. checking latch_loops (0)

1. checking no_clock (0)
------------------------
 There are 0 register/latch pins with no clock.


2. checking constant_clock (0)
------------------------------
 There are 0 register/latch pins with constant_clock.


3. checking pulse_width_clock (0)
---------------------------------
 There are 0 register/latch pins which need pulse_width check


4. checking unconstrained_internal_endpoints (0)
------------------------------------------------
 There are 0 pins that are not constrained for maximum delay.

 There are 0 pins that are not constrained for maximum delay due to constant clock.


5. checking no_input_delay (130)
--------------------------------
 There are 130 input ports with no input delay specified. (HIGH)

 There are 0 input ports with no input delay but user has a false path constraint.


6. checking no_output_delay (283)
---------------------------------
 There are 283 ports with no output delay specified. (HIGH)

 There are 0 ports with no output delay but user has a false path constraint

 There are 0 ports with no output delay but with a timing clock defined on it or propagating through it


7. checking multiple_clock (0)
------------------------------
 There are 0 register/latch pins with multiple clocks.


8. checking generated_clocks (0)
--------------------------------
 There are 0 generated clocks that are not connected to a clock source.


9. checking loops (0)
---------------------
 There are 0 combinational loops in the design.


10. checking partial_input_delay (0)
------------------------------------
 There are 0 input ports with partial input delay specified.


11. checking partial_output_delay (0)
-------------------------------------
 There are 0 ports with partial output delay specified.


12. checking latch_loops (0)
----------------------------
 There are 0 combinational latch loops in the design through latch input



------------------------------------------------------------------------------------------------
| Design Timing Summary
| ---------------------
------------------------------------------------------------------------------------------------

    WNS(ns)      TNS(ns)  TNS Failing Endpoints  TNS Total Endpoints     WPWS(ns)     TPWS(ns)  TPWS Failing Endpoints  TPWS Total Endpoints  
    -------      -------  ---------------------  -------------------     --------     --------  ----------------------  --------------------  
      1.048        0.000                      0                16754        3.750        0.000                       0                  6578  


All user specified timing constraints are met.


------------------------------------------------------------------------------------------------
| Clock Summary
| -------------
------------------------------------------------------------------------------------------------

Clock   Waveform(ns)       Period(ns)      Frequency(MHz)
-----   ------------       ----------      --------------
ap_clk  {0.000 5.000}      10.000          100.000         


------------------------------------------------------------------------------------------------
| Intra Clock Table
| -----------------
------------------------------------------------------------------------------------------------

Clock             WNS(ns)      TNS(ns)  TNS Failing Endpoints  TNS Total Endpoints     WPWS(ns)     TPWS(ns)  TPWS Failing Endpoints  TPWS Total Endpoints  
-----             -------      -------  ---------------------  -------------------     --------     --------  ----------------------  --------------------  
ap_clk              1.048        0.000                      0                16754        3.750        0.000                       0                  6578  


------------------------------------------------------------------------------------------------
| Inter Clock Table
| -----------------
------------------------------------------------------------------------------------------------

From Clock    To Clock          WNS(ns)      TNS(ns)  TNS Failing Endpoints  TNS Total Endpoints  
----------    --------          -------      -------  ---------------------  -------------------  


------------------------------------------------------------------------------------------------
| Other Path Groups Table
| -----------------------
------------------------------------------------------------------------------------------------

Path Group    From Clock    To Clock          WNS(ns)      TNS(ns)  TNS Failing Endpoints  TNS Total Endpoints  
----------    ----------    --------          -------      -------  ---------------------  -------------------  


------------------------------------------------------------------------------------------------
| User Ignored Path Table
| -----------------------
------------------------------------------------------------------------------------------------

Path Group    From Clock    To Clock    
----------    ----------    --------    


------------------------------------------------------------------------------------------------
| Unconstrained Path Table
| ------------------------
------------------------------------------------------------------------------------------------

Path Group    From Clock    To Clock    
----------    ----------    --------    
(none)        ap_clk                      
(none)                      ap_clk        


------------------------------------------------------------------------------------------------
| Timing Details
| --------------
------------------------------------------------------------------------------------------------


---------------------------------------------------------------------------------------------------
From Clock:  ap_clk
  To Clock:  ap_clk

Setup :            0  Failing Endpoints,  Worst Slack        1.048ns,  Total Violation        0.000ns
Hold  :           NA  Failing Endpoints,  Worst Slack           NA  ,  Total Violation           NA
PW    :            0  Failing Endpoints,  Worst Slack        3.750ns,  Total Violation        0.000ns
---------------------------------------------------------------------------------------------------


Max Delay Paths
--------------------------------------------------------------------------------------
Slack (MET) :             1.048ns  (required time - arrival time)
  Source:                 conv2_acc_V_U/ram2_reg/CLKBWRCLK
                            (rising edge-triggered cell RAMB36E1 clocked by ap_clk  {rise@0.000ns fall@5.000ns period=10.000ns})
  Destination:            mul_32ns_37ns_68_2_1_U134/dout_reg/PCIN[0]
                            (rising edge-triggered cell DSP48E1 clocked by ap_clk  {rise@0.000ns fall@5.000ns period=10.000ns})
  Path Group:             ap_clk
  Path Type:              Setup (Max at Slow Process Corner)
  Requirement:            10.000ns  (ap_clk rise@10.000ns - ap_clk rise@0.000ns)
  Data Path Delay:        7.468ns  (logic 5.087ns (68.120%)  route 2.381ns (31.880%))
  Logic Levels:           2  (DSP48E1=1 LUT4=1)
  Clock Path Skew:        -0.049ns (DCD - SCD + CPR)
    Destination Clock Delay (DCD):    0.924ns = ( 10.924 - 10.000 ) 
    Source Clock Delay      (SCD):    0.973ns
    Clock Pessimism Removal (CPR):    0.000ns
  Clock Uncertainty:      0.035ns  ((TSJ^2 + TIJ^2)^1/2 + DJ) / 2 + PE
    Total System Jitter     (TSJ):    0.071ns
    Total Input Jitter      (TIJ):    0.000ns
    Discrete Jitter          (DJ):    0.000ns
    Phase Error              (PE):    0.000ns

    Location             Delay type                Incr(ns)  Path(ns)    Netlist Resource(s)
  -------------------------------------------------------------------    -------------------
                         (clock ap_clk rise edge)     0.000     0.000 r  
                                                      0.000     0.000 r  ap_clk (IN)
                         net (fo=6593, unset)         0.973     0.973    conv2_acc_V_U/ap_clk
    RAMB36_X4Y4          RAMB36E1                                     r  conv2_acc_V_U/ram2_reg/CLKBWRCLK
  -------------------------------------------------------------------    -------------------
    RAMB36_X4Y4          RAMB36E1 (Prop_ramb36e1_CLKBWRCLK_DOBDO[14])
                                                      0.882     1.855 r  conv2_acc_V_U/ram2_reg/DOBDO[14]
                         net (fo=4, routed)           1.187     3.042    conv2_acc_V_U/q3[14]
    SLICE_X90Y28         LUT4 (Prop_lut4_I0_O)        0.150     3.192 r  conv2_acc_V_U/tmp_product_i_1/O
                         net (fo=34, routed)          1.191     4.384    mul_32ns_37ns_68_2_1_U134/B[15]
    DSP48_X4Y10          DSP48E1 (Prop_dsp48e1_B[3]_PCOUT[0])
                                                      4.055     8.439 r  mul_32ns_37ns_68_2_1_U134/tmp_product/PCOUT[0]
                         net (fo=1, routed)           0.002     8.441    mul_32ns_37ns_68_2_1_U134/tmp_product_n_153
    DSP48_X4Y11          DSP48E1                                      r  mul_32ns_37ns_68_2_1_U134/dout_reg/PCIN[0]
  -------------------------------------------------------------------    -------------------

                         (clock ap_clk rise edge)    10.000    10.000 r  
                                                      0.000    10.000 r  ap_clk (IN)
                         net (fo=6593, unset)         0.924    10.924    mul_32ns_37ns_68_2_1_U134/ap_clk
    DSP48_X4Y11          DSP48E1                                      r  mul_32ns_37ns_68_2_1_U134/dout_reg/CLK
                         clock pessimism              0.000    10.924    
                         clock uncertainty           -0.035    10.889    
    DSP48_X4Y11          DSP48E1 (Setup_dsp48e1_CLK_PCIN[0])
                                                     -1.400     9.489    mul_32ns_37ns_68_2_1_U134/dout_reg
  -------------------------------------------------------------------
                         required time                          9.489    
                         arrival time                          -8.441    
  -------------------------------------------------------------------
                         slack                                  1.048    

Slack (MET) :             1.048ns  (required time - arrival time)
  Source:                 conv2_acc_V_U/ram2_reg/CLKBWRCLK
                            (rising edge-triggered cell RAMB36E1 clocked by ap_clk  {rise@0.000ns fall@5.000ns period=10.000ns})
  Destination:            mul_32ns_37ns_68_2_1_U134/dout_reg/PCIN[10]
                            (rising edge-triggered cell DSP48E1 clocked by ap_clk  {rise@0.000ns fall@5.000ns period=10.000ns})
  Path Group:             ap_clk
  Path Type:              Setup (Max at Slow Process Corner)
  Requirement:            10.000ns  (ap_clk rise@10.000ns - ap_clk rise@0.000ns)
  Data Path Delay:        7.468ns  (logic 5.087ns (68.120%)  route 2.381ns (31.880%))
  Logic Levels:           2  (DSP48E1=1 LUT4=1)
  Clock Path Skew:        -0.049ns (DCD - SCD + CPR)
    Destination Clock Delay (DCD):    0.924ns = ( 10.924 - 10.000 ) 
    Source Clock Delay      (SCD):    0.973ns
    Clock Pessimism Removal (CPR):    0.000ns
  Clock Uncertainty:      0.035ns  ((TSJ^2 + TIJ^2)^1/2 + DJ) / 2 + PE
    Total System Jitter     (TSJ):    0.071ns
    Total Input Jitter      (TIJ):    0.000ns
    Discrete Jitter          (DJ):    0.000ns
    Phase Error              (PE):    0.000ns

    Location             Delay type                Incr(ns)  Path(ns)    Netlist Resource(s)
  -------------------------------------------------------------------    -------------------
                         (clock ap_clk rise edge)     0.000     0.000 r  
                                                      0.000     0.000 r  ap_clk (IN)
                         net (fo=6593, unset)         0.973     0.973    conv2_acc_V_U/ap_clk
    RAMB36_X4Y4          RAMB36E1                                     r  conv2_acc_V_U/ram2_reg/CLKBWRCLK
  -------------------------------------------------------------------    -------------------
    RAMB36_X4Y4          RAMB36E1 (Prop_ramb36e1_CLKBWRCLK_DOBDO[14])
                                                      0.882     1.855 r  conv2_acc_V_U/ram2_reg/DOBDO[14]
                         net (fo=4, routed)           1.187     3.042    conv2_acc_V_U/q3[14]
    SLICE_X90Y28         LUT4 (Prop_lut4_I0_O)        0.150     3.192 r  conv2_acc_V_U/tmp_product_i_1/O
                         net (fo=34, routed)          1.191     4.384    mul_32ns_37ns_68_2_1_U134/B[15]
    DSP48_X4Y10          DSP48E1 (Prop_dsp48e1_B[3]_PCOUT[10])
                                                      4.055     8.439 r  mul_32ns_37ns_68_2_1_U134/tmp_product/PCOUT[10]
                         net (fo=1, routed)           0.002     8.441    mul_32ns_37ns_68_2_1_U134/tmp_product_n_143
    DSP48_X4Y11          DSP48E1                                      r  mul_32ns_37ns_68_2_1_U134/dout_reg/PCIN[10]
  -------------------------------------------------------------------    -------------------

                         (clock ap_clk rise edge)    10.000    10.000 r  
                                                      0.000    10.000 r  ap_clk (IN)
                         net (fo=6593, unset)         0.924    10.924    mul_32ns_37ns_68_2_1_U134/ap_clk
    DSP48_X4Y11          DSP48E1                                      r  mul_32ns_37ns_68_2_1_U134/dout_reg/CLK
                         clock pessimism              0.000    10.924    
                         clock uncertainty           -0.035    10.889    
    DSP48_X4Y11          DSP48E1 (Setup_dsp48e1_CLK_PCIN[10])
                                                     -1.400     9.489    mul_32ns_37ns_68_2_1_U134/dout_reg
  -------------------------------------------------------------------
                         required time                          9.489    
                         arrival time                          -8.441    
  -------------------------------------------------------------------
                         slack                                  1.048    

Slack (MET) :             1.048ns  (required time - arrival time)
  Source:                 conv2_acc_V_U/ram2_reg/CLKBWRCLK
                            (rising edge-triggered cell RAMB36E1 clocked by ap_clk  {rise@0.000ns fall@5.000ns period=10.000ns})
  Destination:            mul_32ns_37ns_68_2_1_U134/dout_reg/PCIN[11]
                            (rising edge-triggered cell DSP48E1 clocked by ap_clk  {rise@0.000ns fall@5.000ns period=10.000ns})
  Path Group:             ap_clk
  Path Type:              Setup (Max at Slow Process Corner)
  Requirement:            10.000ns  (ap_clk rise@10.000ns - ap_clk rise@0.000ns)
  Data Path Delay:        7.468ns  (logic 5.087ns (68.120%)  route 2.381ns (31.880%))
  Logic Levels:           2  (DSP48E1=1 LUT4=1)
  Clock Path Skew:        -0.049ns (DCD - SCD + CPR)
    Destination Clock Delay (DCD):    0.924ns = ( 10.924 - 10.000 ) 
    Source Clock Delay      (SCD):    0.973ns
    Clock Pessimism Removal (CPR):    0.000ns
  Clock Uncertainty:      0.035ns  ((TSJ^2 + TIJ^2)^1/2 + DJ) / 2 + PE
    Total System Jitter     (TSJ):    0.071ns
    Total Input Jitter      (TIJ):    0.000ns
    Discrete Jitter          (DJ):    0.000ns
    Phase Error              (PE):    0.000ns

    Location             Delay type                Incr(ns)  Path(ns)    Netlist Resource(s)
  -------------------------------------------------------------------    -------------------
                         (clock ap_clk rise edge)     0.000     0.000 r  
                                                      0.000     0.000 r  ap_clk (IN)
                         net (fo=6593, unset)         0.973     0.973    conv2_acc_V_U/ap_clk
    RAMB36_X4Y4          RAMB36E1                                     r  conv2_acc_V_U/ram2_reg/CLKBWRCLK
  -------------------------------------------------------------------    -------------------
    RAMB36_X4Y4          RAMB36E1 (Prop_ramb36e1_CLKBWRCLK_DOBDO[14])
                                                      0.882     1.855 r  conv2_acc_V_U/ram2_reg/DOBDO[14]
                         net (fo=4, routed)           1.187     3.042    conv2_acc_V_U/q3[14]
    SLICE_X90Y28         LUT4 (Prop_lut4_I0_O)        0.150     3.192 r  conv2_acc_V_U/tmp_product_i_1/O
                         net (fo=34, routed)          1.191     4.384    mul_32ns_37ns_68_2_1_U134/B[15]
    DSP48_X4Y10          DSP48E1 (Prop_dsp48e1_B[3]_PCOUT[11])
                                                      4.055     8.439 r  mul_32ns_37ns_68_2_1_U134/tmp_product/PCOUT[11]
                         net (fo=1, routed)           0.002     8.441    mul_32ns_37ns_68_2_1_U134/tmp_product_n_142
    DSP48_X4Y11          DSP48E1                                      r  mul_32ns_37ns_68_2_1_U134/dout_reg/PCIN[11]
  -------------------------------------------------------------------    -------------------

                         (clock ap_clk rise edge)    10.000    10.000 r  
                                                      0.000    10.000 r  ap_clk (IN)
                         net (fo=6593, unset)         0.924    10.924    mul_32ns_37ns_68_2_1_U134/ap_clk
    DSP48_X4Y11          DSP48E1                                      r  mul_32ns_37ns_68_2_1_U134/dout_reg/CLK
                         clock pessimism              0.000    10.924    
                         clock uncertainty           -0.035    10.889    
    DSP48_X4Y11          DSP48E1 (Setup_dsp48e1_CLK_PCIN[11])
                                                     -1.400     9.489    mul_32ns_37ns_68_2_1_U134/dout_reg
  -------------------------------------------------------------------
                         required time                          9.489    
                         arrival time                          -8.441    
  -------------------------------------------------------------------
                         slack                                  1.048    

Slack (MET) :             1.048ns  (required time - arrival time)
  Source:                 conv2_acc_V_U/ram2_reg/CLKBWRCLK
                            (rising edge-triggered cell RAMB36E1 clocked by ap_clk  {rise@0.000ns fall@5.000ns period=10.000ns})
  Destination:            mul_32ns_37ns_68_2_1_U134/dout_reg/PCIN[12]
                            (rising edge-triggered cell DSP48E1 clocked by ap_clk  {rise@0.000ns fall@5.000ns period=10.000ns})
  Path Group:             ap_clk
  Path Type:              Setup (Max at Slow Process Corner)
  Requirement:            10.000ns  (ap_clk rise@10.000ns - ap_clk rise@0.000ns)
  Data Path Delay:        7.468ns  (logic 5.087ns (68.120%)  route 2.381ns (31.880%))
  Logic Levels:           2  (DSP48E1=1 LUT4=1)
  Clock Path Skew:        -0.049ns (DCD - SCD + CPR)
    Destination Clock Delay (DCD):    0.924ns = ( 10.924 - 10.000 ) 
    Source Clock Delay      (SCD):    0.973ns
    Clock Pessimism Removal (CPR):    0.000ns
  Clock Uncertainty:      0.035ns  ((TSJ^2 + TIJ^2)^1/2 + DJ) / 2 + PE
    Total System Jitter     (TSJ):    0.071ns
    Total Input Jitter      (TIJ):    0.000ns
    Discrete Jitter          (DJ):    0.000ns
    Phase Error              (PE):    0.000ns

    Location             Delay type                Incr(ns)  Path(ns)    Netlist Resource(s)
  -------------------------------------------------------------------    -------------------
                         (clock ap_clk rise edge)     0.000     0.000 r  
                                                      0.000     0.000 r  ap_clk (IN)
                         net (fo=6593, unset)         0.973     0.973    conv2_acc_V_U/ap_clk
    RAMB36_X4Y4          RAMB36E1                                     r  conv2_acc_V_U/ram2_reg/CLKBWRCLK
  -------------------------------------------------------------------    -------------------
    RAMB36_X4Y4          RAMB36E1 (Prop_ramb36e1_CLKBWRCLK_DOBDO[14])
                                                      0.882     1.855 r  conv2_acc_V_U/ram2_reg/DOBDO[14]
                         net (fo=4, routed)           1.187     3.042    conv2_acc_V_U/q3[14]
    SLICE_X90Y28         LUT4 (Prop_lut4_I0_O)        0.150     3.192 r  conv2_acc_V_U/tmp_product_i_1/O
                         net (fo=34, routed)          1.191     4.384    mul_32ns_37ns_68_2_1_U134/B[15]
    DSP48_X4Y10          DSP48E1 (Prop_dsp48e1_B[3]_PCOUT[12])
                                                      4.055     8.439 r  mul_32ns_37ns_68_2_1_U134/tmp_product/PCOUT[12]
                         net (fo=1, routed)           0.002     8.441    mul_32ns_37ns_68_2_1_U134/tmp_product_n_141
    DSP48_X4Y11          DSP48E1                                      r  mul_32ns_37ns_68_2_1_U134/dout_reg/PCIN[12]
  -------------------------------------------------------------------    -------------------

                         (clock ap_clk rise edge)    10.000    10.000 r  
                                                      0.000    10.000 r  ap_clk (IN)
                         net (fo=6593, unset)         0.924    10.924    mul_32ns_37ns_68_2_1_U134/ap_clk
    DSP48_X4Y11          DSP48E1                                      r  mul_32ns_37ns_68_2_1_U134/dout_reg/CLK
                         clock pessimism              0.000    10.924    
                         clock uncertainty           -0.035    10.889    
    DSP48_X4Y11          DSP48E1 (Setup_dsp48e1_CLK_PCIN[12])
                                                     -1.400     9.489    mul_32ns_37ns_68_2_1_U134/dout_reg
  -------------------------------------------------------------------
                         required time                          9.489    
                         arrival time                          -8.441    
  -------------------------------------------------------------------
                         slack                                  1.048    

Slack (MET) :             1.048ns  (required time - arrival time)
  Source:                 conv2_acc_V_U/ram2_reg/CLKBWRCLK
                            (rising edge-triggered cell RAMB36E1 clocked by ap_clk  {rise@0.000ns fall@5.000ns period=10.000ns})
  Destination:            mul_32ns_37ns_68_2_1_U134/dout_reg/PCIN[13]
                            (rising edge-triggered cell DSP48E1 clocked by ap_clk  {rise@0.000ns fall@5.000ns period=10.000ns})
  Path Group:             ap_clk
  Path Type:              Setup (Max at Slow Process Corner)
  Requirement:            10.000ns  (ap_clk rise@10.000ns - ap_clk rise@0.000ns)
  Data Path Delay:        7.468ns  (logic 5.087ns (68.120%)  route 2.381ns (31.880%))
  Logic Levels:           2  (DSP48E1=1 LUT4=1)
  Clock Path Skew:        -0.049ns (DCD - SCD + CPR)
    Destination Clock Delay (DCD):    0.924ns = ( 10.924 - 10.000 ) 
    Source Clock Delay      (SCD):    0.973ns
    Clock Pessimism Removal (CPR):    0.000ns
  Clock Uncertainty:      0.035ns  ((TSJ^2 + TIJ^2)^1/2 + DJ) / 2 + PE
    Total System Jitter     (TSJ):    0.071ns
    Total Input Jitter      (TIJ):    0.000ns
    Discrete Jitter          (DJ):    0.000ns
    Phase Error              (PE):    0.000ns

    Location             Delay type                Incr(ns)  Path(ns)    Netlist Resource(s)
  -------------------------------------------------------------------    -------------------
                         (clock ap_clk rise edge)     0.000     0.000 r  
                                                      0.000     0.000 r  ap_clk (IN)
                         net (fo=6593, unset)         0.973     0.973    conv2_acc_V_U/ap_clk
    RAMB36_X4Y4          RAMB36E1                                     r  conv2_acc_V_U/ram2_reg/CLKBWRCLK
  -------------------------------------------------------------------    -------------------
    RAMB36_X4Y4          RAMB36E1 (Prop_ramb36e1_CLKBWRCLK_DOBDO[14])
                                                      0.882     1.855 r  conv2_acc_V_U/ram2_reg/DOBDO[14]
                         net (fo=4, routed)           1.187     3.042    conv2_acc_V_U/q3[14]
    SLICE_X90Y28         LUT4 (Prop_lut4_I0_O)        0.150     3.192 r  conv2_acc_V_U/tmp_product_i_1/O
                         net (fo=34, routed)          1.191     4.384    mul_32ns_37ns_68_2_1_U134/B[15]
    DSP48_X4Y10          DSP48E1 (Prop_dsp48e1_B[3]_PCOUT[13])
                                                      4.055     8.439 r  mul_32ns_37ns_68_2_1_U134/tmp_product/PCOUT[13]
                         net (fo=1, routed)           0.002     8.441    mul_32ns_37ns_68_2_1_U134/tmp_product_n_140
    DSP48_X4Y11          DSP48E1                                      r  mul_32ns_37ns_68_2_1_U134/dout_reg/PCIN[13]
  -------------------------------------------------------------------    -------------------

                         (clock ap_clk rise edge)    10.000    10.000 r  
                                                      0.000    10.000 r  ap_clk (IN)
                         net (fo=6593, unset)         0.924    10.924    mul_32ns_37ns_68_2_1_U134/ap_clk
    DSP48_X4Y11          DSP48E1                                      r  mul_32ns_37ns_68_2_1_U134/dout_reg/CLK
                         clock pessimism              0.000    10.924    
                         clock uncertainty           -0.035    10.889    
    DSP48_X4Y11          DSP48E1 (Setup_dsp48e1_CLK_PCIN[13])
                                                     -1.400     9.489    mul_32ns_37ns_68_2_1_U134/dout_reg
  -------------------------------------------------------------------
                         required time                          9.489    
                         arrival time                          -8.441    
  -------------------------------------------------------------------
                         slack                                  1.048    

Slack (MET) :             1.048ns  (required time - arrival time)
  Source:                 conv2_acc_V_U/ram2_reg/CLKBWRCLK
                            (rising edge-triggered cell RAMB36E1 clocked by ap_clk  {rise@0.000ns fall@5.000ns period=10.000ns})
  Destination:            mul_32ns_37ns_68_2_1_U134/dout_reg/PCIN[14]
                            (rising edge-triggered cell DSP48E1 clocked by ap_clk  {rise@0.000ns fall@5.000ns period=10.000ns})
  Path Group:             ap_clk
  Path Type:              Setup (Max at Slow Process Corner)
  Requirement:            10.000ns  (ap_clk rise@10.000ns - ap_clk rise@0.000ns)
  Data Path Delay:        7.468ns  (logic 5.087ns (68.120%)  route 2.381ns (31.880%))
  Logic Levels:           2  (DSP48E1=1 LUT4=1)
  Clock Path Skew:        -0.049ns (DCD - SCD + CPR)
    Destination Clock Delay (DCD):    0.924ns = ( 10.924 - 10.000 ) 
    Source Clock Delay      (SCD):    0.973ns
    Clock Pessimism Removal (CPR):    0.000ns
  Clock Uncertainty:      0.035ns  ((TSJ^2 + TIJ^2)^1/2 + DJ) / 2 + PE
    Total System Jitter     (TSJ):    0.071ns
    Total Input Jitter      (TIJ):    0.000ns
    Discrete Jitter          (DJ):    0.000ns
    Phase Error              (PE):    0.000ns

    Location             Delay type                Incr(ns)  Path(ns)    Netlist Resource(s)
  -------------------------------------------------------------------    -------------------
                         (clock ap_clk rise edge)     0.000     0.000 r  
                                                      0.000     0.000 r  ap_clk (IN)
                         net (fo=6593, unset)         0.973     0.973    conv2_acc_V_U/ap_clk
    RAMB36_X4Y4          RAMB36E1                                     r  conv2_acc_V_U/ram2_reg/CLKBWRCLK
  -------------------------------------------------------------------    -------------------
    RAMB36_X4Y4          RAMB36E1 (Prop_ramb36e1_CLKBWRCLK_DOBDO[14])
                                                      0.882     1.855 r  conv2_acc_V_U/ram2_reg/DOBDO[14]
                         net (fo=4, routed)           1.187     3.042    conv2_acc_V_U/q3[14]
    SLICE_X90Y28         LUT4 (Prop_lut4_I0_O)        0.150     3.192 r  conv2_acc_V_U/tmp_product_i_1/O
                         net (fo=34, routed)          1.191     4.384    mul_32ns_37ns_68_2_1_U134/B[15]
    DSP48_X4Y10          DSP48E1 (Prop_dsp48e1_B[3]_PCOUT[14])
                                                      4.055     8.439 r  mul_32ns_37ns_68_2_1_U134/tmp_product/PCOUT[14]
                         net (fo=1, routed)           0.002     8.441    mul_32ns_37ns_68_2_1_U134/tmp_product_n_139
    DSP48_X4Y11          DSP48E1                                      r  mul_32ns_37ns_68_2_1_U134/dout_reg/PCIN[14]
  -------------------------------------------------------------------    -------------------

                         (clock ap_clk rise edge)    10.000    10.000 r  
                                                      0.000    10.000 r  ap_clk (IN)
                         net (fo=6593, unset)         0.924    10.924    mul_32ns_37ns_68_2_1_U134/ap_clk
    DSP48_X4Y11          DSP48E1                                      r  mul_32ns_37ns_68_2_1_U134/dout_reg/CLK
                         clock pessimism              0.000    10.924    
                         clock uncertainty           -0.035    10.889    
    DSP48_X4Y11          DSP48E1 (Setup_dsp48e1_CLK_PCIN[14])
                                                     -1.400     9.489    mul_32ns_37ns_68_2_1_U134/dout_reg
  -------------------------------------------------------------------
                         required time                          9.489    
                         arrival time                          -8.441    
  -------------------------------------------------------------------
                         slack                                  1.048    

Slack (MET) :             1.048ns  (required time - arrival time)
  Source:                 conv2_acc_V_U/ram2_reg/CLKBWRCLK
                            (rising edge-triggered cell RAMB36E1 clocked by ap_clk  {rise@0.000ns fall@5.000ns period=10.000ns})
  Destination:            mul_32ns_37ns_68_2_1_U134/dout_reg/PCIN[15]
                            (rising edge-triggered cell DSP48E1 clocked by ap_clk  {rise@0.000ns fall@5.000ns period=10.000ns})
  Path Group:             ap_clk
  Path Type:              Setup (Max at Slow Process Corner)
  Requirement:            10.000ns  (ap_clk rise@10.000ns - ap_clk rise@0.000ns)
  Data Path Delay:        7.468ns  (logic 5.087ns (68.120%)  route 2.381ns (31.880%))
  Logic Levels:           2  (DSP48E1=1 LUT4=1)
  Clock Path Skew:        -0.049ns (DCD - SCD + CPR)
    Destination Clock Delay (DCD):    0.924ns = ( 10.924 - 10.000 ) 
    Source Clock Delay      (SCD):    0.973ns
    Clock Pessimism Removal (CPR):    0.000ns
  Clock Uncertainty:      0.035ns  ((TSJ^2 + TIJ^2)^1/2 + DJ) / 2 + PE
    Total System Jitter     (TSJ):    0.071ns
    Total Input Jitter      (TIJ):    0.000ns
    Discrete Jitter          (DJ):    0.000ns
    Phase Error              (PE):    0.000ns

    Location             Delay type                Incr(ns)  Path(ns)    Netlist Resource(s)
  -------------------------------------------------------------------    -------------------
                         (clock ap_clk rise edge)     0.000     0.000 r  
                                                      0.000     0.000 r  ap_clk (IN)
                         net (fo=6593, unset)         0.973     0.973    conv2_acc_V_U/ap_clk
    RAMB36_X4Y4          RAMB36E1                                     r  conv2_acc_V_U/ram2_reg/CLKBWRCLK
  -------------------------------------------------------------------    -------------------
    RAMB36_X4Y4          RAMB36E1 (Prop_ramb36e1_CLKBWRCLK_DOBDO[14])
                                                      0.882     1.855 r  conv2_acc_V_U/ram2_reg/DOBDO[14]
                         net (fo=4, routed)           1.187     3.042    conv2_acc_V_U/q3[14]
    SLICE_X90Y28         LUT4 (Prop_lut4_I0_O)        0.150     3.192 r  conv2_acc_V_U/tmp_product_i_1/O
                         net (fo=34, routed)          1.191     4.384    mul_32ns_37ns_68_2_1_U134/B[15]
    DSP48_X4Y10          DSP48E1 (Prop_dsp48e1_B[3]_PCOUT[15])
                                                      4.055     8.439 r  mul_32ns_37ns_68_2_1_U134/tmp_product/PCOUT[15]
                         net (fo=1, routed)           0.002     8.441    mul_32ns_37ns_68_2_1_U134/tmp_product_n_138
    DSP48_X4Y11          DSP48E1                                      r  mul_32ns_37ns_68_2_1_U134/dout_reg/PCIN[15]
  -------------------------------------------------------------------    -------------------

                         (clock ap_clk rise edge)    10.000    10.000 r  
                                                      0.000    10.000 r  ap_clk (IN)
                         net (fo=6593, unset)         0.924    10.924    mul_32ns_37ns_68_2_1_U134/ap_clk
    DSP48_X4Y11          DSP48E1                                      r  mul_32ns_37ns_68_2_1_U134/dout_reg/CLK
                         clock pessimism              0.000    10.924    
                         clock uncertainty           -0.035    10.889    
    DSP48_X4Y11          DSP48E1 (Setup_dsp48e1_CLK_PCIN[15])
                                                     -1.400     9.489    mul_32ns_37ns_68_2_1_U134/dout_reg
  -------------------------------------------------------------------
                         required time                          9.489    
                         arrival time                          -8.441    
  -------------------------------------------------------------------
                         slack                                  1.048    

Slack (MET) :             1.048ns  (required time - arrival time)
  Source:                 conv2_acc_V_U/ram2_reg/CLKBWRCLK
                            (rising edge-triggered cell RAMB36E1 clocked by ap_clk  {rise@0.000ns fall@5.000ns period=10.000ns})
  Destination:            mul_32ns_37ns_68_2_1_U134/dout_reg/PCIN[16]
                            (rising edge-triggered cell DSP48E1 clocked by ap_clk  {rise@0.000ns fall@5.000ns period=10.000ns})
  Path Group:             ap_clk
  Path Type:              Setup (Max at Slow Process Corner)
  Requirement:            10.000ns  (ap_clk rise@10.000ns - ap_clk rise@0.000ns)
  Data Path Delay:        7.468ns  (logic 5.087ns (68.120%)  route 2.381ns (31.880%))
  Logic Levels:           2  (DSP48E1=1 LUT4=1)
  Clock Path Skew:        -0.049ns (DCD - SCD + CPR)
    Destination Clock Delay (DCD):    0.924ns = ( 10.924 - 10.000 ) 
    Source Clock Delay      (SCD):    0.973ns
    Clock Pessimism Removal (CPR):    0.000ns
  Clock Uncertainty:      0.035ns  ((TSJ^2 + TIJ^2)^1/2 + DJ) / 2 + PE
    Total System Jitter     (TSJ):    0.071ns
    Total Input Jitter      (TIJ):    0.000ns
    Discrete Jitter          (DJ):    0.000ns
    Phase Error              (PE):    0.000ns

    Location             Delay type                Incr(ns)  Path(ns)    Netlist Resource(s)
  -------------------------------------------------------------------    -------------------
                         (clock ap_clk rise edge)     0.000     0.000 r  
                                                      0.000     0.000 r  ap_clk (IN)
                         net (fo=6593, unset)         0.973     0.973    conv2_acc_V_U/ap_clk
    RAMB36_X4Y4          RAMB36E1                                     r  conv2_acc_V_U/ram2_reg/CLKBWRCLK
  -------------------------------------------------------------------    -------------------
    RAMB36_X4Y4          RAMB36E1 (Prop_ramb36e1_CLKBWRCLK_DOBDO[14])
                                                      0.882     1.855 r  conv2_acc_V_U/ram2_reg/DOBDO[14]
                         net (fo=4, routed)           1.187     3.042    conv2_acc_V_U/q3[14]
    SLICE_X90Y28         LUT4 (Prop_lut4_I0_O)        0.150     3.192 r  conv2_acc_V_U/tmp_product_i_1/O
                         net (fo=34, routed)          1.191     4.384    mul_32ns_37ns_68_2_1_U134/B[15]
    DSP48_X4Y10          DSP48E1 (Prop_dsp48e1_B[3]_PCOUT[16])
                                                      4.055     8.439 r  mul_32ns_37ns_68_2_1_U134/tmp_product/PCOUT[16]
                         net (fo=1, routed)           0.002     8.441    mul_32ns_37ns_68_2_1_U134/tmp_product_n_137
    DSP48_X4Y11          DSP48E1                                      r  mul_32ns_37ns_68_2_1_U134/dout_reg/PCIN[16]
  -------------------------------------------------------------------    -------------------

                         (clock ap_clk rise edge)    10.000    10.000 r  
                                                      0.000    10.000 r  ap_clk (IN)
                         net (fo=6593, unset)         0.924    10.924    mul_32ns_37ns_68_2_1_U134/ap_clk
    DSP48_X4Y11          DSP48E1                                      r  mul_32ns_37ns_68_2_1_U134/dout_reg/CLK
                         clock pessimism              0.000    10.924    
                         clock uncertainty           -0.035    10.889    
    DSP48_X4Y11          DSP48E1 (Setup_dsp48e1_CLK_PCIN[16])
                                                     -1.400     9.489    mul_32ns_37ns_68_2_1_U134/dout_reg
  -------------------------------------------------------------------
                         required time                          9.489    
                         arrival time                          -8.441    
  -------------------------------------------------------------------
                         slack                                  1.048    

Slack (MET) :             1.048ns  (required time - arrival time)
  Source:                 conv2_acc_V_U/ram2_reg/CLKBWRCLK
                            (rising edge-triggered cell RAMB36E1 clocked by ap_clk  {rise@0.000ns fall@5.000ns period=10.000ns})
  Destination:            mul_32ns_37ns_68_2_1_U134/dout_reg/PCIN[17]
                            (rising edge-triggered cell DSP48E1 clocked by ap_clk  {rise@0.000ns fall@5.000ns period=10.000ns})
  Path Group:             ap_clk
  Path Type:              Setup (Max at Slow Process Corner)
  Requirement:            10.000ns  (ap_clk rise@10.000ns - ap_clk rise@0.000ns)
  Data Path Delay:        7.468ns  (logic 5.087ns (68.120%)  route 2.381ns (31.880%))
  Logic Levels:           2  (DSP48E1=1 LUT4=1)
  Clock Path Skew:        -0.049ns (DCD - SCD + CPR)
    Destination Clock Delay (DCD):    0.924ns = ( 10.924 - 10.000 ) 
    Source Clock Delay      (SCD):    0.973ns
    Clock Pessimism Removal (CPR):    0.000ns
  Clock Uncertainty:      0.035ns  ((TSJ^2 + TIJ^2)^1/2 + DJ) / 2 + PE
    Total System Jitter     (TSJ):    0.071ns
    Total Input Jitter      (TIJ):    0.000ns
    Discrete Jitter          (DJ):    0.000ns
    Phase Error              (PE):    0.000ns

    Location             Delay type                Incr(ns)  Path(ns)    Netlist Resource(s)
  -------------------------------------------------------------------    -------------------
                         (clock ap_clk rise edge)     0.000     0.000 r  
                                                      0.000     0.000 r  ap_clk (IN)
                         net (fo=6593, unset)         0.973     0.973    conv2_acc_V_U/ap_clk
    RAMB36_X4Y4          RAMB36E1                                     r  conv2_acc_V_U/ram2_reg/CLKBWRCLK
  -------------------------------------------------------------------    -------------------
    RAMB36_X4Y4          RAMB36E1 (Prop_ramb36e1_CLKBWRCLK_DOBDO[14])
                                                      0.882     1.855 r  conv2_acc_V_U/ram2_reg/DOBDO[14]
                         net (fo=4, routed)           1.187     3.042    conv2_acc_V_U/q3[14]
    SLICE_X90Y28         LUT4 (Prop_lut4_I0_O)        0.150     3.192 r  conv2_acc_V_U/tmp_product_i_1/O
                         net (fo=34, routed)          1.191     4.384    mul_32ns_37ns_68_2_1_U134/B[15]
    DSP48_X4Y10          DSP48E1 (Prop_dsp48e1_B[3]_PCOUT[17])
                                                      4.055     8.439 r  mul_32ns_37ns_68_2_1_U134/tmp_product/PCOUT[17]
                         net (fo=1, routed)           0.002     8.441    mul_32ns_37ns_68_2_1_U134/tmp_product_n_136
    DSP48_X4Y11          DSP48E1                                      r  mul_32ns_37ns_68_2_1_U134/dout_reg/PCIN[17]
  -------------------------------------------------------------------    -------------------

                         (clock ap_clk rise edge)    10.000    10.000 r  
                                                      0.000    10.000 r  ap_clk (IN)
                         net (fo=6593, unset)         0.924    10.924    mul_32ns_37ns_68_2_1_U134/ap_clk
    DSP48_X4Y11          DSP48E1                                      r  mul_32ns_37ns_68_2_1_U134/dout_reg/CLK
                         clock pessimism              0.000    10.924    
                         clock uncertainty           -0.035    10.889    
    DSP48_X4Y11          DSP48E1 (Setup_dsp48e1_CLK_PCIN[17])
                                                     -1.400     9.489    mul_32ns_37ns_68_2_1_U134/dout_reg
  -------------------------------------------------------------------
                         required time                          9.489    
                         arrival time                          -8.441    
  -------------------------------------------------------------------
                         slack                                  1.048    

Slack (MET) :             1.048ns  (required time - arrival time)
  Source:                 conv2_acc_V_U/ram2_reg/CLKBWRCLK
                            (rising edge-triggered cell RAMB36E1 clocked by ap_clk  {rise@0.000ns fall@5.000ns period=10.000ns})
  Destination:            mul_32ns_37ns_68_2_1_U134/dout_reg/PCIN[18]
                            (rising edge-triggered cell DSP48E1 clocked by ap_clk  {rise@0.000ns fall@5.000ns period=10.000ns})
  Path Group:             ap_clk
  Path Type:              Setup (Max at Slow Process Corner)
  Requirement:            10.000ns  (ap_clk rise@10.000ns - ap_clk rise@0.000ns)
  Data Path Delay:        7.468ns  (logic 5.087ns (68.120%)  route 2.381ns (31.880%))
  Logic Levels:           2  (DSP48E1=1 LUT4=1)
  Clock Path Skew:        -0.049ns (DCD - SCD + CPR)
    Destination Clock Delay (DCD):    0.924ns = ( 10.924 - 10.000 ) 
    Source Clock Delay      (SCD):    0.973ns
    Clock Pessimism Removal (CPR):    0.000ns
  Clock Uncertainty:      0.035ns  ((TSJ^2 + TIJ^2)^1/2 + DJ) / 2 + PE
    Total System Jitter     (TSJ):    0.071ns
    Total Input Jitter      (TIJ):    0.000ns
    Discrete Jitter          (DJ):    0.000ns
    Phase Error              (PE):    0.000ns

    Location             Delay type                Incr(ns)  Path(ns)    Netlist Resource(s)
  -------------------------------------------------------------------    -------------------
                         (clock ap_clk rise edge)     0.000     0.000 r  
                                                      0.000     0.000 r  ap_clk (IN)
                         net (fo=6593, unset)         0.973     0.973    conv2_acc_V_U/ap_clk
    RAMB36_X4Y4          RAMB36E1                                     r  conv2_acc_V_U/ram2_reg/CLKBWRCLK
  -------------------------------------------------------------------    -------------------
    RAMB36_X4Y4          RAMB36E1 (Prop_ramb36e1_CLKBWRCLK_DOBDO[14])
                                                      0.882     1.855 r  conv2_acc_V_U/ram2_reg/DOBDO[14]
                         net (fo=4, routed)           1.187     3.042    conv2_acc_V_U/q3[14]
    SLICE_X90Y28         LUT4 (Prop_lut4_I0_O)        0.150     3.192 r  conv2_acc_V_U/tmp_product_i_1/O
                         net (fo=34, routed)          1.191     4.384    mul_32ns_37ns_68_2_1_U134/B[15]
    DSP48_X4Y10          DSP48E1 (Prop_dsp48e1_B[3]_PCOUT[18])
                                                      4.055     8.439 r  mul_32ns_37ns_68_2_1_U134/tmp_product/PCOUT[18]
                         net (fo=1, routed)           0.002     8.441    mul_32ns_37ns_68_2_1_U134/tmp_product_n_135
    DSP48_X4Y11          DSP48E1                                      r  mul_32ns_37ns_68_2_1_U134/dout_reg/PCIN[18]
  -------------------------------------------------------------------    -------------------

                         (clock ap_clk rise edge)    10.000    10.000 r  
                                                      0.000    10.000 r  ap_clk (IN)
                         net (fo=6593, unset)         0.924    10.924    mul_32ns_37ns_68_2_1_U134/ap_clk
    DSP48_X4Y11          DSP48E1                                      r  mul_32ns_37ns_68_2_1_U134/dout_reg/CLK
                         clock pessimism              0.000    10.924    
                         clock uncertainty           -0.035    10.889    
    DSP48_X4Y11          DSP48E1 (Setup_dsp48e1_CLK_PCIN[18])
                                                     -1.400     9.489    mul_32ns_37ns_68_2_1_U134/dout_reg
  -------------------------------------------------------------------
                         required time                          9.489    
                         arrival time                          -8.441    
  -------------------------------------------------------------------
                         slack                                  1.048    

Slack (MET) :             1.048ns  (required time - arrival time)
  Source:                 conv2_acc_V_U/ram2_reg/CLKBWRCLK
                            (rising edge-triggered cell RAMB36E1 clocked by ap_clk  {rise@0.000ns fall@5.000ns period=10.000ns})
  Destination:            mul_32ns_37ns_68_2_1_U134/dout_reg/PCIN[19]
                            (rising edge-triggered cell DSP48E1 clocked by ap_clk  {rise@0.000ns fall@5.000ns period=10.000ns})
  Path Group:             ap_clk
  Path Type:              Setup (Max at Slow Process Corner)
  Requirement:            10.000ns  (ap_clk rise@10.000ns - ap_clk rise@0.000ns)
  Data Path Delay:        7.468ns  (logic 5.087ns (68.120%)  route 2.381ns (31.880%))
  Logic Levels:           2  (DSP48E1=1 LUT4=1)
  Clock Path Skew:        -0.049ns (DCD - SCD + CPR)
    Destination Clock Delay (DCD):    0.924ns = ( 10.924 - 10.000 ) 
    Source Clock Delay      (SCD):    0.973ns
    Clock Pessimism Removal (CPR):    0.000ns
  Clock Uncertainty:      0.035ns  ((TSJ^2 + TIJ^2)^1/2 + DJ) / 2 + PE
    Total System Jitter     (TSJ):    0.071ns
    Total Input Jitter      (TIJ):    0.000ns
    Discrete Jitter          (DJ):    0.000ns
    Phase Error              (PE):    0.000ns

    Location             Delay type                Incr(ns)  Path(ns)    Netlist Resource(s)
  -------------------------------------------------------------------    -------------------
                         (clock ap_clk rise edge)     0.000     0.000 r  
                                                      0.000     0.000 r  ap_clk (IN)
                         net (fo=6593, unset)         0.973     0.973    conv2_acc_V_U/ap_clk
    RAMB36_X4Y4          RAMB36E1                                     r  conv2_acc_V_U/ram2_reg/CLKBWRCLK
  -------------------------------------------------------------------    -------------------
    RAMB36_X4Y4          RAMB36E1 (Prop_ramb36e1_CLKBWRCLK_DOBDO[14])
                                                      0.882     1.855 r  conv2_acc_V_U/ram2_reg/DOBDO[14]
                         net (fo=4, routed)           1.187     3.042    conv2_acc_V_U/q3[14]
    SLICE_X90Y28         LUT4 (Prop_lut4_I0_O)        0.150     3.192 r  conv2_acc_V_U/tmp_product_i_1/O
                         net (fo=34, routed)          1.191     4.384    mul_32ns_37ns_68_2_1_U134/B[15]
    DSP48_X4Y10          DSP48E1 (Prop_dsp48e1_B[3]_PCOUT[19])
                                                      4.055     8.439 r  mul_32ns_37ns_68_2_1_U134/tmp_product/PCOUT[19]
                         net (fo=1, routed)           0.002     8.441    mul_32ns_37ns_68_2_1_U134/tmp_product_n_134
    DSP48_X4Y11          DSP48E1                                      r  mul_32ns_37ns_68_2_1_U134/dout_reg/PCIN[19]
  -------------------------------------------------------------------    -------------------

                         (clock ap_clk rise edge)    10.000    10.000 r  
                                                      0.000    10.000 r  ap_clk (IN)
                         net (fo=6593, unset)         0.924    10.924    mul_32ns_37ns_68_2_1_U134/ap_clk
    DSP48_X4Y11          DSP48E1                                      r  mul_32ns_37ns_68_2_1_U134/dout_reg/CLK
                         clock pessimism              0.000    10.924    
                         clock uncertainty           -0.035    10.889    
    DSP48_X4Y11          DSP48E1 (Setup_dsp48e1_CLK_PCIN[19])
                                                     -1.400     9.489    mul_32ns_37ns_68_2_1_U134/dout_reg
  -------------------------------------------------------------------
                         required time                          9.489    
                         arrival time                          -8.441    
  -------------------------------------------------------------------
                         slack                                  1.048    

Slack (MET) :             1.048ns  (required time - arrival time)
  Source:                 conv2_acc_V_U/ram2_reg/CLKBWRCLK
                            (rising edge-triggered cell RAMB36E1 clocked by ap_clk  {rise@0.000ns fall@5.000ns period=10.000ns})
  Destination:            mul_32ns_37ns_68_2_1_U134/dout_reg/PCIN[1]
                            (rising edge-triggered cell DSP48E1 clocked by ap_clk  {rise@0.000ns fall@5.000ns period=10.000ns})
  Path Group:             ap_clk
  Path Type:              Setup (Max at Slow Process Corner)
  Requirement:            10.000ns  (ap_clk rise@10.000ns - ap_clk rise@0.000ns)
  Data Path Delay:        7.468ns  (logic 5.087ns (68.120%)  route 2.381ns (31.880%))
  Logic Levels:           2  (DSP48E1=1 LUT4=1)
  Clock Path Skew:        -0.049ns (DCD - SCD + CPR)
    Destination Clock Delay (DCD):    0.924ns = ( 10.924 - 10.000 ) 
    Source Clock Delay      (SCD):    0.973ns
    Clock Pessimism Removal (CPR):    0.000ns
  Clock Uncertainty:      0.035ns  ((TSJ^2 + TIJ^2)^1/2 + DJ) / 2 + PE
    Total System Jitter     (TSJ):    0.071ns
    Total Input Jitter      (TIJ):    0.000ns
    Discrete Jitter          (DJ):    0.000ns
    Phase Error              (PE):    0.000ns

    Location             Delay type                Incr(ns)  Path(ns)    Netlist Resource(s)
  -------------------------------------------------------------------    -------------------
                         (clock ap_clk rise edge)     0.000     0.000 r  
                                                      0.000     0.000 r  ap_clk (IN)
                         net (fo=6593, unset)         0.973     0.973    conv2_acc_V_U/ap_clk
    RAMB36_X4Y4          RAMB36E1                                     r  conv2_acc_V_U/ram2_reg/CLKBWRCLK
  -------------------------------------------------------------------    -------------------
    RAMB36_X4Y4          RAMB36E1 (Prop_ramb36e1_CLKBWRCLK_DOBDO[14])
                                                      0.882     1.855 r  conv2_acc_V_U/ram2_reg/DOBDO[14]
                         net (fo=4, routed)           1.187     3.042    conv2_acc_V_U/q3[14]
    SLICE_X90Y28         LUT4 (Prop_lut4_I0_O)        0.150     3.192 r  conv2_acc_V_U/tmp_product_i_1/O
                         net (fo=34, routed)          1.191     4.384    mul_32ns_37ns_68_2_1_U134/B[15]
    DSP48_X4Y10          DSP48E1 (Prop_dsp48e1_B[3]_PCOUT[1])
                                                      4.055     8.439 r  mul_32ns_37ns_68_2_1_U134/tmp_product/PCOUT[1]
                         net (fo=1, routed)           0.002     8.441    mul_32ns_37ns_68_2_1_U134/tmp_product_n_152
    DSP48_X4Y11          DSP48E1                                      r  mul_32ns_37ns_68_2_1_U134/dout_reg/PCIN[1]
  -------------------------------------------------------------------    -------------------

                         (clock ap_clk rise edge)    10.000    10.000 r  
                                                      0.000    10.000 r  ap_clk (IN)
                         net (fo=6593, unset)         0.924    10.924    mul_32ns_37ns_68_2_1_U134/ap_clk
    DSP48_X4Y11          DSP48E1                                      r  mul_32ns_37ns_68_2_1_U134/dout_reg/CLK
                         clock pessimism              0.000    10.924    
                         clock uncertainty           -0.035    10.889    
    DSP48_X4Y11          DSP48E1 (Setup_dsp48e1_CLK_PCIN[1])
                                                     -1.400     9.489    mul_32ns_37ns_68_2_1_U134/dout_reg
  -------------------------------------------------------------------
                         required time                          9.489    
                         arrival time                          -8.441    
  -------------------------------------------------------------------
                         slack                                  1.048    

Slack (MET) :             1.048ns  (required time - arrival time)
  Source:                 conv2_acc_V_U/ram2_reg/CLKBWRCLK
                            (rising edge-triggered cell RAMB36E1 clocked by ap_clk  {rise@0.000ns fall@5.000ns period=10.000ns})
  Destination:            mul_32ns_37ns_68_2_1_U134/dout_reg/PCIN[20]
                            (rising edge-triggered cell DSP48E1 clocked by ap_clk  {rise@0.000ns fall@5.000ns period=10.000ns})
  Path Group:             ap_clk
  Path Type:              Setup (Max at Slow Process Corner)
  Requirement:            10.000ns  (ap_clk rise@10.000ns - ap_clk rise@0.000ns)
  Data Path Delay:        7.468ns  (logic 5.087ns (68.120%)  route 2.381ns (31.880%))
  Logic Levels:           2  (DSP48E1=1 LUT4=1)
  Clock Path Skew:        -0.049ns (DCD - SCD + CPR)
    Destination Clock Delay (DCD):    0.924ns = ( 10.924 - 10.000 ) 
    Source Clock Delay      (SCD):    0.973ns
    Clock Pessimism Removal (CPR):    0.000ns
  Clock Uncertainty:      0.035ns  ((TSJ^2 + TIJ^2)^1/2 + DJ) / 2 + PE
    Total System Jitter     (TSJ):    0.071ns
    Total Input Jitter      (TIJ):    0.000ns
    Discrete Jitter          (DJ):    0.000ns
    Phase Error              (PE):    0.000ns

    Location             Delay type                Incr(ns)  Path(ns)    Netlist Resource(s)
  -------------------------------------------------------------------    -------------------
                         (clock ap_clk rise edge)     0.000     0.000 r  
                                                      0.000     0.000 r  ap_clk (IN)
                         net (fo=6593, unset)         0.973     0.973    conv2_acc_V_U/ap_clk
    RAMB36_X4Y4          RAMB36E1                                     r  conv2_acc_V_U/ram2_reg/CLKBWRCLK
  -------------------------------------------------------------------    -------------------
    RAMB36_X4Y4          RAMB36E1 (Prop_ramb36e1_CLKBWRCLK_DOBDO[14])
                                                      0.882     1.855 r  conv2_acc_V_U/ram2_reg/DOBDO[14]
                         net (fo=4, routed)           1.187     3.042    conv2_acc_V_U/q3[14]
    SLICE_X90Y28         LUT4 (Prop_lut4_I0_O)        0.150     3.192 r  conv2_acc_V_U/tmp_product_i_1/O
                         net (fo=34, routed)          1.191     4.384    mul_32ns_37ns_68_2_1_U134/B[15]
    DSP48_X4Y10          DSP48E1 (Prop_dsp48e1_B[3]_PCOUT[20])
                                                      4.055     8.439 r  mul_32ns_37ns_68_2_1_U134/tmp_product/PCOUT[20]
                         net (fo=1, routed)           0.002     8.441    mul_32ns_37ns_68_2_1_U134/tmp_product_n_133
    DSP48_X4Y11          DSP48E1                                      r  mul_32ns_37ns_68_2_1_U134/dout_reg/PCIN[20]
  -------------------------------------------------------------------    -------------------

                         (clock ap_clk rise edge)    10.000    10.000 r  
                                                      0.000    10.000 r  ap_clk (IN)
                         net (fo=6593, unset)         0.924    10.924    mul_32ns_37ns_68_2_1_U134/ap_clk
    DSP48_X4Y11          DSP48E1                                      r  mul_32ns_37ns_68_2_1_U134/dout_reg/CLK
                         clock pessimism              0.000    10.924    
                         clock uncertainty           -0.035    10.889    
    DSP48_X4Y11          DSP48E1 (Setup_dsp48e1_CLK_PCIN[20])
                                                     -1.400     9.489    mul_32ns_37ns_68_2_1_U134/dout_reg
  -------------------------------------------------------------------
                         required time                          9.489    
                         arrival time                          -8.441    
  -------------------------------------------------------------------
                         slack                                  1.048    

Slack (MET) :             1.048ns  (required time - arrival time)
  Source:                 conv2_acc_V_U/ram2_reg/CLKBWRCLK
                            (rising edge-triggered cell RAMB36E1 clocked by ap_clk  {rise@0.000ns fall@5.000ns period=10.000ns})
  Destination:            mul_32ns_37ns_68_2_1_U134/dout_reg/PCIN[21]
                            (rising edge-triggered cell DSP48E1 clocked by ap_clk  {rise@0.000ns fall@5.000ns period=10.000ns})
  Path Group:             ap_clk
  Path Type:              Setup (Max at Slow Process Corner)
  Requirement:            10.000ns  (ap_clk rise@10.000ns - ap_clk rise@0.000ns)
  Data Path Delay:        7.468ns  (logic 5.087ns (68.120%)  route 2.381ns (31.880%))
  Logic Levels:           2  (DSP48E1=1 LUT4=1)
  Clock Path Skew:        -0.049ns (DCD - SCD + CPR)
    Destination Clock Delay (DCD):    0.924ns = ( 10.924 - 10.000 ) 
    Source Clock Delay      (SCD):    0.973ns
    Clock Pessimism Removal (CPR):    0.000ns
  Clock Uncertainty:      0.035ns  ((TSJ^2 + TIJ^2)^1/2 + DJ) / 2 + PE
    Total System Jitter     (TSJ):    0.071ns
    Total Input Jitter      (TIJ):    0.000ns
    Discrete Jitter          (DJ):    0.000ns
    Phase Error              (PE):    0.000ns

    Location             Delay type                Incr(ns)  Path(ns)    Netlist Resource(s)
  -------------------------------------------------------------------    -------------------
                         (clock ap_clk rise edge)     0.000     0.000 r  
                                                      0.000     0.000 r  ap_clk (IN)
                         net (fo=6593, unset)         0.973     0.973    conv2_acc_V_U/ap_clk
    RAMB36_X4Y4          RAMB36E1                                     r  conv2_acc_V_U/ram2_reg/CLKBWRCLK
  -------------------------------------------------------------------    -------------------
    RAMB36_X4Y4          RAMB36E1 (Prop_ramb36e1_CLKBWRCLK_DOBDO[14])
                                                      0.882     1.855 r  conv2_acc_V_U/ram2_reg/DOBDO[14]
                         net (fo=4, routed)           1.187     3.042    conv2_acc_V_U/q3[14]
    SLICE_X90Y28         LUT4 (Prop_lut4_I0_O)        0.150     3.192 r  conv2_acc_V_U/tmp_product_i_1/O
                         net (fo=34, routed)          1.191     4.384    mul_32ns_37ns_68_2_1_U134/B[15]
    DSP48_X4Y10          DSP48E1 (Prop_dsp48e1_B[3]_PCOUT[21])
                                                      4.055     8.439 r  mul_32ns_37ns_68_2_1_U134/tmp_product/PCOUT[21]
                         net (fo=1, routed)           0.002     8.441    mul_32ns_37ns_68_2_1_U134/tmp_product_n_132
    DSP48_X4Y11          DSP48E1                                      r  mul_32ns_37ns_68_2_1_U134/dout_reg/PCIN[21]
  -------------------------------------------------------------------    -------------------

                         (clock ap_clk rise edge)    10.000    10.000 r  
                                                      0.000    10.000 r  ap_clk (IN)
                         net (fo=6593, unset)         0.924    10.924    mul_32ns_37ns_68_2_1_U134/ap_clk
    DSP48_X4Y11          DSP48E1                                      r  mul_32ns_37ns_68_2_1_U134/dout_reg/CLK
                         clock pessimism              0.000    10.924    
                         clock uncertainty           -0.035    10.889    
    DSP48_X4Y11          DSP48E1 (Setup_dsp48e1_CLK_PCIN[21])
                                                     -1.400     9.489    mul_32ns_37ns_68_2_1_U134/dout_reg
  -------------------------------------------------------------------
                         required time                          9.489    
                         arrival time                          -8.441    
  -------------------------------------------------------------------
                         slack                                  1.048    

Slack (MET) :             1.048ns  (required time - arrival time)
  Source:                 conv2_acc_V_U/ram2_reg/CLKBWRCLK
                            (rising edge-triggered cell RAMB36E1 clocked by ap_clk  {rise@0.000ns fall@5.000ns period=10.000ns})
  Destination:            mul_32ns_37ns_68_2_1_U134/dout_reg/PCIN[22]
                            (rising edge-triggered cell DSP48E1 clocked by ap_clk  {rise@0.000ns fall@5.000ns period=10.000ns})
  Path Group:             ap_clk
  Path Type:              Setup (Max at Slow Process Corner)
  Requirement:            10.000ns  (ap_clk rise@10.000ns - ap_clk rise@0.000ns)
  Data Path Delay:        7.468ns  (logic 5.087ns (68.120%)  route 2.381ns (31.880%))
  Logic Levels:           2  (DSP48E1=1 LUT4=1)
  Clock Path Skew:        -0.049ns (DCD - SCD + CPR)
    Destination Clock Delay (DCD):    0.924ns = ( 10.924 - 10.000 ) 
    Source Clock Delay      (SCD):    0.973ns
    Clock Pessimism Removal (CPR):    0.000ns
  Clock Uncertainty:      0.035ns  ((TSJ^2 + TIJ^2)^1/2 + DJ) / 2 + PE
    Total System Jitter     (TSJ):    0.071ns
    Total Input Jitter      (TIJ):    0.000ns
    Discrete Jitter          (DJ):    0.000ns
    Phase Error              (PE):    0.000ns

    Location             Delay type                Incr(ns)  Path(ns)    Netlist Resource(s)
  -------------------------------------------------------------------    -------------------
                         (clock ap_clk rise edge)     0.000     0.000 r  
                                                      0.000     0.000 r  ap_clk (IN)
                         net (fo=6593, unset)         0.973     0.973    conv2_acc_V_U/ap_clk
    RAMB36_X4Y4          RAMB36E1                                     r  conv2_acc_V_U/ram2_reg/CLKBWRCLK
  -------------------------------------------------------------------    -------------------
    RAMB36_X4Y4          RAMB36E1 (Prop_ramb36e1_CLKBWRCLK_DOBDO[14])
                                                      0.882     1.855 r  conv2_acc_V_U/ram2_reg/DOBDO[14]
                         net (fo=4, routed)           1.187     3.042    conv2_acc_V_U/q3[14]
    SLICE_X90Y28         LUT4 (Prop_lut4_I0_O)        0.150     3.192 r  conv2_acc_V_U/tmp_product_i_1/O
                         net (fo=34, routed)          1.191     4.384    mul_32ns_37ns_68_2_1_U134/B[15]
    DSP48_X4Y10          DSP48E1 (Prop_dsp48e1_B[3]_PCOUT[22])
                                                      4.055     8.439 r  mul_32ns_37ns_68_2_1_U134/tmp_product/PCOUT[22]
                         net (fo=1, routed)           0.002     8.441    mul_32ns_37ns_68_2_1_U134/tmp_product_n_131
    DSP48_X4Y11          DSP48E1                                      r  mul_32ns_37ns_68_2_1_U134/dout_reg/PCIN[22]
  -------------------------------------------------------------------    -------------------

                         (clock ap_clk rise edge)    10.000    10.000 r  
                                                      0.000    10.000 r  ap_clk (IN)
                         net (fo=6593, unset)         0.924    10.924    mul_32ns_37ns_68_2_1_U134/ap_clk
    DSP48_X4Y11          DSP48E1                                      r  mul_32ns_37ns_68_2_1_U134/dout_reg/CLK
                         clock pessimism              0.000    10.924    
                         clock uncertainty           -0.035    10.889    
    DSP48_X4Y11          DSP48E1 (Setup_dsp48e1_CLK_PCIN[22])
                                                     -1.400     9.489    mul_32ns_37ns_68_2_1_U134/dout_reg
  -------------------------------------------------------------------
                         required time                          9.489    
                         arrival time                          -8.441    
  -------------------------------------------------------------------
                         slack                                  1.048    

Slack (MET) :             1.048ns  (required time - arrival time)
  Source:                 conv2_acc_V_U/ram2_reg/CLKBWRCLK
                            (rising edge-triggered cell RAMB36E1 clocked by ap_clk  {rise@0.000ns fall@5.000ns period=10.000ns})
  Destination:            mul_32ns_37ns_68_2_1_U134/dout_reg/PCIN[23]
                            (rising edge-triggered cell DSP48E1 clocked by ap_clk  {rise@0.000ns fall@5.000ns period=10.000ns})
  Path Group:             ap_clk
  Path Type:              Setup (Max at Slow Process Corner)
  Requirement:            10.000ns  (ap_clk rise@10.000ns - ap_clk rise@0.000ns)
  Data Path Delay:        7.468ns  (logic 5.087ns (68.120%)  route 2.381ns (31.880%))
  Logic Levels:           2  (DSP48E1=1 LUT4=1)
  Clock Path Skew:        -0.049ns (DCD - SCD + CPR)
    Destination Clock Delay (DCD):    0.924ns = ( 10.924 - 10.000 ) 
    Source Clock Delay      (SCD):    0.973ns
    Clock Pessimism Removal (CPR):    0.000ns
  Clock Uncertainty:      0.035ns  ((TSJ^2 + TIJ^2)^1/2 + DJ) / 2 + PE
    Total System Jitter     (TSJ):    0.071ns
    Total Input Jitter      (TIJ):    0.000ns
    Discrete Jitter          (DJ):    0.000ns
    Phase Error              (PE):    0.000ns

    Location             Delay type                Incr(ns)  Path(ns)    Netlist Resource(s)
  -------------------------------------------------------------------    -------------------
                         (clock ap_clk rise edge)     0.000     0.000 r  
                                                      0.000     0.000 r  ap_clk (IN)
                         net (fo=6593, unset)         0.973     0.973    conv2_acc_V_U/ap_clk
    RAMB36_X4Y4          RAMB36E1                                     r  conv2_acc_V_U/ram2_reg/CLKBWRCLK
  -------------------------------------------------------------------    -------------------
    RAMB36_X4Y4          RAMB36E1 (Prop_ramb36e1_CLKBWRCLK_DOBDO[14])
                                                      0.882     1.855 r  conv2_acc_V_U/ram2_reg/DOBDO[14]
                         net (fo=4, routed)           1.187     3.042    conv2_acc_V_U/q3[14]
    SLICE_X90Y28         LUT4 (Prop_lut4_I0_O)        0.150     3.192 r  conv2_acc_V_U/tmp_product_i_1/O
                         net (fo=34, routed)          1.191     4.384    mul_32ns_37ns_68_2_1_U134/B[15]
    DSP48_X4Y10          DSP48E1 (Prop_dsp48e1_B[3]_PCOUT[23])
                                                      4.055     8.439 r  mul_32ns_37ns_68_2_1_U134/tmp_product/PCOUT[23]
                         net (fo=1, routed)           0.002     8.441    mul_32ns_37ns_68_2_1_U134/tmp_product_n_130
    DSP48_X4Y11          DSP48E1                                      r  mul_32ns_37ns_68_2_1_U134/dout_reg/PCIN[23]
  -------------------------------------------------------------------    -------------------

                         (clock ap_clk rise edge)    10.000    10.000 r  
                                                      0.000    10.000 r  ap_clk (IN)
                         net (fo=6593, unset)         0.924    10.924    mul_32ns_37ns_68_2_1_U134/ap_clk
    DSP48_X4Y11          DSP48E1                                      r  mul_32ns_37ns_68_2_1_U134/dout_reg/CLK
                         clock pessimism              0.000    10.924    
                         clock uncertainty           -0.035    10.889    
    DSP48_X4Y11          DSP48E1 (Setup_dsp48e1_CLK_PCIN[23])
                                                     -1.400     9.489    mul_32ns_37ns_68_2_1_U134/dout_reg
  -------------------------------------------------------------------
                         required time                          9.489    
                         arrival time                          -8.441    
  -------------------------------------------------------------------
                         slack                                  1.048    

Slack (MET) :             1.048ns  (required time - arrival time)
  Source:                 conv2_acc_V_U/ram2_reg/CLKBWRCLK
                            (rising edge-triggered cell RAMB36E1 clocked by ap_clk  {rise@0.000ns fall@5.000ns period=10.000ns})
  Destination:            mul_32ns_37ns_68_2_1_U134/dout_reg/PCIN[24]
                            (rising edge-triggered cell DSP48E1 clocked by ap_clk  {rise@0.000ns fall@5.000ns period=10.000ns})
  Path Group:             ap_clk
  Path Type:              Setup (Max at Slow Process Corner)
  Requirement:            10.000ns  (ap_clk rise@10.000ns - ap_clk rise@0.000ns)
  Data Path Delay:        7.468ns  (logic 5.087ns (68.120%)  route 2.381ns (31.880%))
  Logic Levels:           2  (DSP48E1=1 LUT4=1)
  Clock Path Skew:        -0.049ns (DCD - SCD + CPR)
    Destination Clock Delay (DCD):    0.924ns = ( 10.924 - 10.000 ) 
    Source Clock Delay      (SCD):    0.973ns
    Clock Pessimism Removal (CPR):    0.000ns
  Clock Uncertainty:      0.035ns  ((TSJ^2 + TIJ^2)^1/2 + DJ) / 2 + PE
    Total System Jitter     (TSJ):    0.071ns
    Total Input Jitter      (TIJ):    0.000ns
    Discrete Jitter          (DJ):    0.000ns
    Phase Error              (PE):    0.000ns

    Location             Delay type                Incr(ns)  Path(ns)    Netlist Resource(s)
  -------------------------------------------------------------------    -------------------
                         (clock ap_clk rise edge)     0.000     0.000 r  
                                                      0.000     0.000 r  ap_clk (IN)
                         net (fo=6593, unset)         0.973     0.973    conv2_acc_V_U/ap_clk
    RAMB36_X4Y4          RAMB36E1                                     r  conv2_acc_V_U/ram2_reg/CLKBWRCLK
  -------------------------------------------------------------------    -------------------
    RAMB36_X4Y4          RAMB36E1 (Prop_ramb36e1_CLKBWRCLK_DOBDO[14])
                                                      0.882     1.855 r  conv2_acc_V_U/ram2_reg/DOBDO[14]
                         net (fo=4, routed)           1.187     3.042    conv2_acc_V_U/q3[14]
    SLICE_X90Y28         LUT4 (Prop_lut4_I0_O)        0.150     3.192 r  conv2_acc_V_U/tmp_product_i_1/O
                         net (fo=34, routed)          1.191     4.384    mul_32ns_37ns_68_2_1_U134/B[15]
    DSP48_X4Y10          DSP48E1 (Prop_dsp48e1_B[3]_PCOUT[24])
                                                      4.055     8.439 r  mul_32ns_37ns_68_2_1_U134/tmp_product/PCOUT[24]
                         net (fo=1, routed)           0.002     8.441    mul_32ns_37ns_68_2_1_U134/tmp_product_n_129
    DSP48_X4Y11          DSP48E1                                      r  mul_32ns_37ns_68_2_1_U134/dout_reg/PCIN[24]
  -------------------------------------------------------------------    -------------------

                         (clock ap_clk rise edge)    10.000    10.000 r  
                                                      0.000    10.000 r  ap_clk (IN)
                         net (fo=6593, unset)         0.924    10.924    mul_32ns_37ns_68_2_1_U134/ap_clk
    DSP48_X4Y11          DSP48E1                                      r  mul_32ns_37ns_68_2_1_U134/dout_reg/CLK
                         clock pessimism              0.000    10.924    
                         clock uncertainty           -0.035    10.889    
    DSP48_X4Y11          DSP48E1 (Setup_dsp48e1_CLK_PCIN[24])
                                                     -1.400     9.489    mul_32ns_37ns_68_2_1_U134/dout_reg
  -------------------------------------------------------------------
                         required time                          9.489    
                         arrival time                          -8.441    
  -------------------------------------------------------------------
                         slack                                  1.048    

Slack (MET) :             1.048ns  (required time - arrival time)
  Source:                 conv2_acc_V_U/ram2_reg/CLKBWRCLK
                            (rising edge-triggered cell RAMB36E1 clocked by ap_clk  {rise@0.000ns fall@5.000ns period=10.000ns})
  Destination:            mul_32ns_37ns_68_2_1_U134/dout_reg/PCIN[25]
                            (rising edge-triggered cell DSP48E1 clocked by ap_clk  {rise@0.000ns fall@5.000ns period=10.000ns})
  Path Group:             ap_clk
  Path Type:              Setup (Max at Slow Process Corner)
  Requirement:            10.000ns  (ap_clk rise@10.000ns - ap_clk rise@0.000ns)
  Data Path Delay:        7.468ns  (logic 5.087ns (68.120%)  route 2.381ns (31.880%))
  Logic Levels:           2  (DSP48E1=1 LUT4=1)
  Clock Path Skew:        -0.049ns (DCD - SCD + CPR)
    Destination Clock Delay (DCD):    0.924ns = ( 10.924 - 10.000 ) 
    Source Clock Delay      (SCD):    0.973ns
    Clock Pessimism Removal (CPR):    0.000ns
  Clock Uncertainty:      0.035ns  ((TSJ^2 + TIJ^2)^1/2 + DJ) / 2 + PE
    Total System Jitter     (TSJ):    0.071ns
    Total Input Jitter      (TIJ):    0.000ns
    Discrete Jitter          (DJ):    0.000ns
    Phase Error              (PE):    0.000ns

    Location             Delay type                Incr(ns)  Path(ns)    Netlist Resource(s)
  -------------------------------------------------------------------    -------------------
                         (clock ap_clk rise edge)     0.000     0.000 r  
                                                      0.000     0.000 r  ap_clk (IN)
                         net (fo=6593, unset)         0.973     0.973    conv2_acc_V_U/ap_clk
    RAMB36_X4Y4          RAMB36E1                                     r  conv2_acc_V_U/ram2_reg/CLKBWRCLK
  -------------------------------------------------------------------    -------------------
    RAMB36_X4Y4          RAMB36E1 (Prop_ramb36e1_CLKBWRCLK_DOBDO[14])
                                                      0.882     1.855 r  conv2_acc_V_U/ram2_reg/DOBDO[14]
                         net (fo=4, routed)           1.187     3.042    conv2_acc_V_U/q3[14]
    SLICE_X90Y28         LUT4 (Prop_lut4_I0_O)        0.150     3.192 r  conv2_acc_V_U/tmp_product_i_1/O
                         net (fo=34, routed)          1.191     4.384    mul_32ns_37ns_68_2_1_U134/B[15]
    DSP48_X4Y10          DSP48E1 (Prop_dsp48e1_B[3]_PCOUT[25])
                                                      4.055     8.439 r  mul_32ns_37ns_68_2_1_U134/tmp_product/PCOUT[25]
                         net (fo=1, routed)           0.002     8.441    mul_32ns_37ns_68_2_1_U134/tmp_product_n_128
    DSP48_X4Y11          DSP48E1                                      r  mul_32ns_37ns_68_2_1_U134/dout_reg/PCIN[25]
  -------------------------------------------------------------------    -------------------

                         (clock ap_clk rise edge)    10.000    10.000 r  
                                                      0.000    10.000 r  ap_clk (IN)
                         net (fo=6593, unset)         0.924    10.924    mul_32ns_37ns_68_2_1_U134/ap_clk
    DSP48_X4Y11          DSP48E1                                      r  mul_32ns_37ns_68_2_1_U134/dout_reg/CLK
                         clock pessimism              0.000    10.924    
                         clock uncertainty           -0.035    10.889    
    DSP48_X4Y11          DSP48E1 (Setup_dsp48e1_CLK_PCIN[25])
                                                     -1.400     9.489    mul_32ns_37ns_68_2_1_U134/dout_reg
  -------------------------------------------------------------------
                         required time                          9.489    
                         arrival time                          -8.441    
  -------------------------------------------------------------------
                         slack                                  1.048    

Slack (MET) :             1.048ns  (required time - arrival time)
  Source:                 conv2_acc_V_U/ram2_reg/CLKBWRCLK
                            (rising edge-triggered cell RAMB36E1 clocked by ap_clk  {rise@0.000ns fall@5.000ns period=10.000ns})
  Destination:            mul_32ns_37ns_68_2_1_U134/dout_reg/PCIN[26]
                            (rising edge-triggered cell DSP48E1 clocked by ap_clk  {rise@0.000ns fall@5.000ns period=10.000ns})
  Path Group:             ap_clk
  Path Type:              Setup (Max at Slow Process Corner)
  Requirement:            10.000ns  (ap_clk rise@10.000ns - ap_clk rise@0.000ns)
  Data Path Delay:        7.468ns  (logic 5.087ns (68.120%)  route 2.381ns (31.880%))
  Logic Levels:           2  (DSP48E1=1 LUT4=1)
  Clock Path Skew:        -0.049ns (DCD - SCD + CPR)
    Destination Clock Delay (DCD):    0.924ns = ( 10.924 - 10.000 ) 
    Source Clock Delay      (SCD):    0.973ns
    Clock Pessimism Removal (CPR):    0.000ns
  Clock Uncertainty:      0.035ns  ((TSJ^2 + TIJ^2)^1/2 + DJ) / 2 + PE
    Total System Jitter     (TSJ):    0.071ns
    Total Input Jitter      (TIJ):    0.000ns
    Discrete Jitter          (DJ):    0.000ns
    Phase Error              (PE):    0.000ns

    Location             Delay type                Incr(ns)  Path(ns)    Netlist Resource(s)
  -------------------------------------------------------------------    -------------------
                         (clock ap_clk rise edge)     0.000     0.000 r  
                                                      0.000     0.000 r  ap_clk (IN)
                         net (fo=6593, unset)         0.973     0.973    conv2_acc_V_U/ap_clk
    RAMB36_X4Y4          RAMB36E1                                     r  conv2_acc_V_U/ram2_reg/CLKBWRCLK
  -------------------------------------------------------------------    -------------------
    RAMB36_X4Y4          RAMB36E1 (Prop_ramb36e1_CLKBWRCLK_DOBDO[14])
                                                      0.882     1.855 r  conv2_acc_V_U/ram2_reg/DOBDO[14]
                         net (fo=4, routed)           1.187     3.042    conv2_acc_V_U/q3[14]
    SLICE_X90Y28         LUT4 (Prop_lut4_I0_O)        0.150     3.192 r  conv2_acc_V_U/tmp_product_i_1/O
                         net (fo=34, routed)          1.191     4.384    mul_32ns_37ns_68_2_1_U134/B[15]
    DSP48_X4Y10          DSP48E1 (Prop_dsp48e1_B[3]_PCOUT[26])
                                                      4.055     8.439 r  mul_32ns_37ns_68_2_1_U134/tmp_product/PCOUT[26]
                         net (fo=1, routed)           0.002     8.441    mul_32ns_37ns_68_2_1_U134/tmp_product_n_127
    DSP48_X4Y11          DSP48E1                                      r  mul_32ns_37ns_68_2_1_U134/dout_reg/PCIN[26]
  -------------------------------------------------------------------    -------------------

                         (clock ap_clk rise edge)    10.000    10.000 r  
                                                      0.000    10.000 r  ap_clk (IN)
                         net (fo=6593, unset)         0.924    10.924    mul_32ns_37ns_68_2_1_U134/ap_clk
    DSP48_X4Y11          DSP48E1                                      r  mul_32ns_37ns_68_2_1_U134/dout_reg/CLK
                         clock pessimism              0.000    10.924    
                         clock uncertainty           -0.035    10.889    
    DSP48_X4Y11          DSP48E1 (Setup_dsp48e1_CLK_PCIN[26])
                                                     -1.400     9.489    mul_32ns_37ns_68_2_1_U134/dout_reg
  -------------------------------------------------------------------
                         required time                          9.489    
                         arrival time                          -8.441    
  -------------------------------------------------------------------
                         slack                                  1.048    

Slack (MET) :             1.048ns  (required time - arrival time)
  Source:                 conv2_acc_V_U/ram2_reg/CLKBWRCLK
                            (rising edge-triggered cell RAMB36E1 clocked by ap_clk  {rise@0.000ns fall@5.000ns period=10.000ns})
  Destination:            mul_32ns_37ns_68_2_1_U134/dout_reg/PCIN[27]
                            (rising edge-triggered cell DSP48E1 clocked by ap_clk  {rise@0.000ns fall@5.000ns period=10.000ns})
  Path Group:             ap_clk
  Path Type:              Setup (Max at Slow Process Corner)
  Requirement:            10.000ns  (ap_clk rise@10.000ns - ap_clk rise@0.000ns)
  Data Path Delay:        7.468ns  (logic 5.087ns (68.120%)  route 2.381ns (31.880%))
  Logic Levels:           2  (DSP48E1=1 LUT4=1)
  Clock Path Skew:        -0.049ns (DCD - SCD + CPR)
    Destination Clock Delay (DCD):    0.924ns = ( 10.924 - 10.000 ) 
    Source Clock Delay      (SCD):    0.973ns
    Clock Pessimism Removal (CPR):    0.000ns
  Clock Uncertainty:      0.035ns  ((TSJ^2 + TIJ^2)^1/2 + DJ) / 2 + PE
    Total System Jitter     (TSJ):    0.071ns
    Total Input Jitter      (TIJ):    0.000ns
    Discrete Jitter          (DJ):    0.000ns
    Phase Error              (PE):    0.000ns

    Location             Delay type                Incr(ns)  Path(ns)    Netlist Resource(s)
  -------------------------------------------------------------------    -------------------
                         (clock ap_clk rise edge)     0.000     0.000 r  
                                                      0.000     0.000 r  ap_clk (IN)
                         net (fo=6593, unset)         0.973     0.973    conv2_acc_V_U/ap_clk
    RAMB36_X4Y4          RAMB36E1                                     r  conv2_acc_V_U/ram2_reg/CLKBWRCLK
  -------------------------------------------------------------------    -------------------
    RAMB36_X4Y4          RAMB36E1 (Prop_ramb36e1_CLKBWRCLK_DOBDO[14])
                                                      0.882     1.855 r  conv2_acc_V_U/ram2_reg/DOBDO[14]
                         net (fo=4, routed)           1.187     3.042    conv2_acc_V_U/q3[14]
    SLICE_X90Y28         LUT4 (Prop_lut4_I0_O)        0.150     3.192 r  conv2_acc_V_U/tmp_product_i_1/O
                         net (fo=34, routed)          1.191     4.384    mul_32ns_37ns_68_2_1_U134/B[15]
    DSP48_X4Y10          DSP48E1 (Prop_dsp48e1_B[3]_PCOUT[27])
                                                      4.055     8.439 r  mul_32ns_37ns_68_2_1_U134/tmp_product/PCOUT[27]
                         net (fo=1, routed)           0.002     8.441    mul_32ns_37ns_68_2_1_U134/tmp_product_n_126
    DSP48_X4Y11          DSP48E1                                      r  mul_32ns_37ns_68_2_1_U134/dout_reg/PCIN[27]
  -------------------------------------------------------------------    -------------------

                         (clock ap_clk rise edge)    10.000    10.000 r  
                                                      0.000    10.000 r  ap_clk (IN)
                         net (fo=6593, unset)         0.924    10.924    mul_32ns_37ns_68_2_1_U134/ap_clk
    DSP48_X4Y11          DSP48E1                                      r  mul_32ns_37ns_68_2_1_U134/dout_reg/CLK
                         clock pessimism              0.000    10.924    
                         clock uncertainty           -0.035    10.889    
    DSP48_X4Y11          DSP48E1 (Setup_dsp48e1_CLK_PCIN[27])
                                                     -1.400     9.489    mul_32ns_37ns_68_2_1_U134/dout_reg
  -------------------------------------------------------------------
                         required time                          9.489    
                         arrival time                          -8.441    
  -------------------------------------------------------------------
                         slack                                  1.048    





Pulse Width Checks
--------------------------------------------------------------------------------------
Clock Name:         ap_clk
Waveform(ns):       { 0.000 5.000 }
Period(ns):         10.000
Sources:            { ap_clk }

Check Type        Corner  Lib Pin      Reference Pin  Required(ns)  Actual(ns)  Slack(ns)  Location      Pin
Min Period        n/a     DSP48E1/CLK  n/a            3.884         10.000      6.116      DSP48_X0Y5    grp_lenet_w4a4_top_Pipeline_OUT_ROW_OUT_COL_fu_592/mac_muladd_4s_4s_8s_9_4_1_U18/lenet_w4a4_top_mac_muladd_4s_4s_8s_9_4_1_DSP48_0_U/m_reg_reg/CLK
Min Period        n/a     DSP48E1/CLK  n/a            3.884         10.000      6.116      DSP48_X2Y7    grp_lenet_w4a4_top_Pipeline_OUT_ROW_OUT_COL_fu_592/mac_muladd_4s_4s_8s_9_4_1_U19/lenet_w4a4_top_mac_muladd_4s_4s_8s_9_4_1_DSP48_0_U/m_reg_reg/CLK
Min Period        n/a     DSP48E1/CLK  n/a            3.884         10.000      6.116      DSP48_X1Y7    grp_lenet_w4a4_top_Pipeline_OUT_ROW_OUT_COL_fu_592/mac_muladd_4s_4s_8s_9_4_1_U21/lenet_w4a4_top_mac_muladd_4s_4s_8s_9_4_1_DSP48_0_U/m_reg_reg/CLK
Min Period        n/a     DSP48E1/CLK  n/a            3.884         10.000      6.116      DSP48_X1Y8    grp_lenet_w4a4_top_Pipeline_OUT_ROW_OUT_COL_fu_592/mac_muladd_4s_4s_8s_9_4_1_U21/lenet_w4a4_top_mac_muladd_4s_4s_8s_9_4_1_DSP48_0_U/p_reg_reg/CLK
Min Period        n/a     DSP48E1/CLK  n/a            3.884         10.000      6.116      DSP48_X1Y0    grp_lenet_w4a4_top_Pipeline_OUT_ROW_OUT_COL_fu_592/mac_muladd_4s_4s_8s_9_4_1_U22/lenet_w4a4_top_mac_muladd_4s_4s_8s_9_4_1_DSP48_0_U/m_reg_reg/CLK
Min Period        n/a     DSP48E1/CLK  n/a            3.884         10.000      6.116      DSP48_X2Y1    grp_lenet_w4a4_top_Pipeline_OUT_ROW_OUT_COL_fu_592/mac_muladd_4s_4s_8s_9_4_1_U23/lenet_w4a4_top_mac_muladd_4s_4s_8s_9_4_1_DSP48_0_U/m_reg_reg/CLK
Min Period        n/a     DSP48E1/CLK  n/a            3.884         10.000      6.116      DSP48_X2Y2    grp_lenet_w4a4_top_Pipeline_OUT_ROW_OUT_COL_fu_592/mac_muladd_4s_4s_8s_9_4_1_U23/lenet_w4a4_top_mac_muladd_4s_4s_8s_9_4_1_DSP48_0_U/p_reg_reg/CLK
Min Period        n/a     DSP48E1/CLK  n/a            3.884         10.000      6.116      DSP48_X0Y3    grp_lenet_w4a4_top_Pipeline_OUT_ROW_OUT_COL_fu_592/mac_muladd_4s_4s_8s_9_4_1_U24/lenet_w4a4_top_mac_muladd_4s_4s_8s_9_4_1_DSP48_0_U/m_reg_reg/CLK
Min Period        n/a     DSP48E1/CLK  n/a            3.884         10.000      6.116      DSP48_X1Y4    grp_lenet_w4a4_top_Pipeline_OUT_ROW_OUT_COL_fu_592/mac_muladd_4s_4s_8s_9_4_1_U25/lenet_w4a4_top_mac_muladd_4s_4s_8s_9_4_1_DSP48_0_U/m_reg_reg/CLK
Min Period        n/a     DSP48E1/CLK  n/a            3.884         10.000      6.116      DSP48_X2Y4    grp_lenet_w4a4_top_Pipeline_OUT_ROW_OUT_COL_fu_592/mac_muladd_4s_4s_8s_9_4_1_U31/lenet_w4a4_top_mac_muladd_4s_4s_8s_9_4_1_DSP48_0_U/m_reg_reg/CLK
Min Period        n/a     DSP48E1/CLK  n/a            3.884         10.000      6.116      DSP48_X2Y5    grp_lenet_w4a4_top_Pipeline_OUT_ROW_OUT_COL_fu_592/mac_muladd_4s_4s_8s_9_4_1_U31/lenet_w4a4_top_mac_muladd_4s_4s_8s_9_4_1_DSP48_0_U/p_reg_reg/CLK
Min Period        n/a     DSP48E1/CLK  n/a            3.687         10.000      6.313      DSP48_X4Y9    grp_lenet_w4a4_top_Pipeline_POOL_CHANNEL_POOL_ROW_POOL_COL2_fu_628/mul_32ns_37ns_68_2_1_U89/dout_reg/CLK
Min Period        n/a     DSP48E1/CLK  n/a            3.687         10.000      6.313      DSP48_X3Y7    grp_lenet_w4a4_top_Pipeline_POOL_CHANNEL_POOL_ROW_POOL_COL2_fu_628/mul_32ns_37ns_68_2_1_U89/dout_reg__0/CLK
Min Period        n/a     DSP48E1/CLK  n/a            3.687         10.000      6.313      DSP48_X3Y3    grp_lenet_w4a4_top_Pipeline_POOL_CHANNEL_POOL_ROW_POOL_COL2_fu_628/mul_32ns_37ns_68_2_1_U90/dout_reg/CLK
Min Period        n/a     DSP48E1/CLK  n/a            3.687         10.000      6.313      DSP48_X3Y5    grp_lenet_w4a4_top_Pipeline_POOL_CHANNEL_POOL_ROW_POOL_COL2_fu_628/mul_32ns_37ns_68_2_1_U90/dout_reg__0/CLK
Min Period        n/a     DSP48E1/CLK  n/a            3.687         10.000      6.313      DSP48_X4Y5    grp_lenet_w4a4_top_Pipeline_POOL_CHANNEL_POOL_ROW_POOL_COL2_fu_628/mul_32ns_37ns_68_2_1_U91/dout_reg/CLK
Min Period        n/a     DSP48E1/CLK  n/a            3.687         10.000      6.313      DSP48_X4Y7    grp_lenet_w4a4_top_Pipeline_POOL_CHANNEL_POOL_ROW_POOL_COL2_fu_628/mul_32ns_37ns_68_2_1_U91/dout_reg__0/CLK
Min Period        n/a     DSP48E1/CLK  n/a            3.687         10.000      6.313      DSP48_X0Y11   grp_lenet_w4a4_top_Pipeline_POOL_CHANNEL_POOL_ROW_POOL_COL_fu_586/mul_32ns_36ns_67_2_1_U65/dout_reg/CLK
Min Period        n/a     DSP48E1/CLK  n/a            3.687         10.000      6.313      DSP48_X0Y9    grp_lenet_w4a4_top_Pipeline_POOL_CHANNEL_POOL_ROW_POOL_COL_fu_586/mul_32ns_36ns_67_2_1_U65/dout_reg__0/CLK
Min Period        n/a     DSP48E1/CLK  n/a            3.687         10.000      6.313      DSP48_X2Y15   grp_lenet_w4a4_top_Pipeline_POOL_CHANNEL_POOL_ROW_POOL_COL_fu_586/mul_32ns_36ns_67_2_1_U66/dout_reg/CLK
Low Pulse Width   Slow    RAMS32/CLK   n/a            1.250         5.000       3.750      SLICE_X86Y27  conv3_relu_V_U/ram_reg_0_15_0_0/SP/CLK
Low Pulse Width   Fast    RAMS32/CLK   n/a            1.250         5.000       3.750      SLICE_X86Y27  conv3_relu_V_U/ram_reg_0_15_0_0/SP/CLK
Low Pulse Width   Slow    RAMS32/CLK   n/a            1.250         5.000       3.750      SLICE_X86Y26  conv3_relu_V_U/ram_reg_0_15_0_0__0/SP/CLK
Low Pulse Width   Fast    RAMS32/CLK   n/a            1.250         5.000       3.750      SLICE_X86Y26  conv3_relu_V_U/ram_reg_0_15_0_0__0/SP/CLK
Low Pulse Width   Slow    RAMS32/CLK   n/a            1.250         5.000       3.750      SLICE_X86Y27  conv3_relu_V_U/ram_reg_0_15_0_0__1/SP/CLK
Low Pulse Width   Fast    RAMS32/CLK   n/a            1.250         5.000       3.750      SLICE_X86Y27  conv3_relu_V_U/ram_reg_0_15_0_0__1/SP/CLK
Low Pulse Width   Slow    RAMS32/CLK   n/a            1.250         5.000       3.750      SLICE_X86Y26  conv3_relu_V_U/ram_reg_0_15_0_0__2/SP/CLK
Low Pulse Width   Fast    RAMS32/CLK   n/a            1.250         5.000       3.750      SLICE_X86Y26  conv3_relu_V_U/ram_reg_0_15_0_0__2/SP/CLK
Low Pulse Width   Slow    RAMS32/CLK   n/a            1.250         5.000       3.750      SLICE_X86Y27  conv3_relu_V_U/ram_reg_0_15_0_0__3/SP/CLK
Low Pulse Width   Fast    RAMS32/CLK   n/a            1.250         5.000       3.750      SLICE_X86Y27  conv3_relu_V_U/ram_reg_0_15_0_0__3/SP/CLK
Low Pulse Width   Slow    RAMS32/CLK   n/a            1.250         5.000       3.750      SLICE_X86Y26  conv3_relu_V_U/ram_reg_0_15_0_0__4/SP/CLK
Low Pulse Width   Fast    RAMS32/CLK   n/a            1.250         5.000       3.750      SLICE_X86Y26  conv3_relu_V_U/ram_reg_0_15_0_0__4/SP/CLK
Low Pulse Width   Slow    RAMS32/CLK   n/a            1.250         5.000       3.750      SLICE_X86Y28  conv3_relu_V_U/ram_reg_0_31_0_0/SP/CLK
Low Pulse Width   Fast    RAMS32/CLK   n/a            1.250         5.000       3.750      SLICE_X86Y28  conv3_relu_V_U/ram_reg_0_31_0_0/SP/CLK
Low Pulse Width   Slow    RAMS32/CLK   n/a            1.250         5.000       3.750      SLICE_X86Y28  conv3_relu_V_U/ram_reg_0_31_0_0__0/SP/CLK
Low Pulse Width   Fast    RAMS32/CLK   n/a            1.250         5.000       3.750      SLICE_X86Y28  conv3_relu_V_U/ram_reg_0_31_0_0__0/SP/CLK
Low Pulse Width   Slow    RAMS32/CLK   n/a            1.250         5.000       3.750      SLICE_X86Y28  conv3_relu_V_U/ram_reg_0_31_0_0__1/SP/CLK
Low Pulse Width   Fast    RAMS32/CLK   n/a            1.250         5.000       3.750      SLICE_X86Y28  conv3_relu_V_U/ram_reg_0_31_0_0__1/SP/CLK
Low Pulse Width   Slow    RAMS64E/CLK  n/a            1.250         5.000       3.750      SLICE_X86Y29  conv3_relu_V_U/ram_reg_0_63_0_0/SP/CLK
Low Pulse Width   Fast    RAMS64E/CLK  n/a            1.250         5.000       3.750      SLICE_X86Y29  conv3_relu_V_U/ram_reg_0_63_0_0/SP/CLK
High Pulse Width  Slow    RAMS32/CLK   n/a            1.250         5.000       3.750      SLICE_X86Y27  conv3_relu_V_U/ram_reg_0_15_0_0/SP/CLK
High Pulse Width  Fast    RAMS32/CLK   n/a            1.250         5.000       3.750      SLICE_X86Y27  conv3_relu_V_U/ram_reg_0_15_0_0/SP/CLK
High Pulse Width  Slow    RAMS32/CLK   n/a            1.250         5.000       3.750      SLICE_X86Y26  conv3_relu_V_U/ram_reg_0_15_0_0__0/SP/CLK
High Pulse Width  Fast    RAMS32/CLK   n/a            1.250         5.000       3.750      SLICE_X86Y26  conv3_relu_V_U/ram_reg_0_15_0_0__0/SP/CLK
High Pulse Width  Slow    RAMS32/CLK   n/a            1.250         5.000       3.750      SLICE_X86Y27  conv3_relu_V_U/ram_reg_0_15_0_0__1/SP/CLK
High Pulse Width  Fast    RAMS32/CLK   n/a            1.250         5.000       3.750      SLICE_X86Y27  conv3_relu_V_U/ram_reg_0_15_0_0__1/SP/CLK
High Pulse Width  Slow    RAMS32/CLK   n/a            1.250         5.000       3.750      SLICE_X86Y26  conv3_relu_V_U/ram_reg_0_15_0_0__2/SP/CLK
High Pulse Width  Fast    RAMS32/CLK   n/a            1.250         5.000       3.750      SLICE_X86Y26  conv3_relu_V_U/ram_reg_0_15_0_0__2/SP/CLK
High Pulse Width  Slow    RAMS32/CLK   n/a            1.250         5.000       3.750      SLICE_X86Y27  conv3_relu_V_U/ram_reg_0_15_0_0__3/SP/CLK
High Pulse Width  Fast    RAMS32/CLK   n/a            1.250         5.000       3.750      SLICE_X86Y27  conv3_relu_V_U/ram_reg_0_15_0_0__3/SP/CLK
High Pulse Width  Slow    RAMS32/CLK   n/a            1.250         5.000       3.750      SLICE_X86Y26  conv3_relu_V_U/ram_reg_0_15_0_0__4/SP/CLK
High Pulse Width  Fast    RAMS32/CLK   n/a            1.250         5.000       3.750      SLICE_X86Y26  conv3_relu_V_U/ram_reg_0_15_0_0__4/SP/CLK
High Pulse Width  Slow    RAMS32/CLK   n/a            1.250         5.000       3.750      SLICE_X86Y28  conv3_relu_V_U/ram_reg_0_31_0_0/SP/CLK
High Pulse Width  Fast    RAMS32/CLK   n/a            1.250         5.000       3.750      SLICE_X86Y28  conv3_relu_V_U/ram_reg_0_31_0_0/SP/CLK
High Pulse Width  Slow    RAMS32/CLK   n/a            1.250         5.000       3.750      SLICE_X86Y28  conv3_relu_V_U/ram_reg_0_31_0_0__0/SP/CLK
High Pulse Width  Fast    RAMS32/CLK   n/a            1.250         5.000       3.750      SLICE_X86Y28  conv3_relu_V_U/ram_reg_0_31_0_0__0/SP/CLK
High Pulse Width  Slow    RAMS32/CLK   n/a            1.250         5.000       3.750      SLICE_X86Y28  conv3_relu_V_U/ram_reg_0_31_0_0__1/SP/CLK
High Pulse Width  Fast    RAMS32/CLK   n/a            1.250         5.000       3.750      SLICE_X86Y28  conv3_relu_V_U/ram_reg_0_31_0_0__1/SP/CLK
High Pulse Width  Slow    RAMS64E/CLK  n/a            1.250         5.000       3.750      SLICE_X86Y29  conv3_relu_V_U/ram_reg_0_63_0_0/SP/CLK
High Pulse Width  Fast    RAMS64E/CLK  n/a            1.250         5.000       3.750      SLICE_X86Y29  conv3_relu_V_U/ram_reg_0_63_0_0/SP/CLK



--------------------------------------------------------------------------------------
Path Group:  (none)
From Clock:  ap_clk
  To Clock:  

Max Delay           283 Endpoints
Min Delay             0 Endpoints
--------------------------------------------------------------------------------------


Max Delay Paths
--------------------------------------------------------------------------------------
Slack:                    inf
  Source:                 gmem2_m_axi_U/bus_write/wreq_throttle/last_cnt_reg[1]/C
                            (rising edge-triggered cell FDRE clocked by ap_clk  {rise@0.000ns fall@5.000ns period=10.000ns})
  Destination:            m_axi_gmem2_WVALID
                            (output port)
  Path Group:             (none)
  Path Type:              Max at Slow Process Corner
  Data Path Delay:        3.512ns  (logic 0.732ns (20.841%)  route 2.780ns (79.159%))
  Logic Levels:           2  (LUT3=1 LUT5=1)
  Clock Uncertainty:      0.025ns  ((TSJ^2 + TIJ^2)^1/2 + DJ) / 2 + PE
    Total System Jitter     (TSJ):    0.050ns
    Total Input Jitter      (TIJ):    0.000ns
    Discrete Jitter          (DJ):    0.000ns
    Phase Error              (PE):    0.000ns

    Location             Delay type                Incr(ns)  Path(ns)    Netlist Resource(s)
  -------------------------------------------------------------------    -------------------
                         (clock ap_clk rise edge)     0.000     0.000 r  
                                                      0.000     0.000 r  ap_clk (IN)
                         net (fo=6593, unset)         0.973     0.973    gmem2_m_axi_U/bus_write/wreq_throttle/ap_clk
    SLICE_X83Y39         FDRE                                         r  gmem2_m_axi_U/bus_write/wreq_throttle/last_cnt_reg[1]/C
  -------------------------------------------------------------------    -------------------
    SLICE_X83Y39         FDRE (Prop_fdre_C_Q)         0.456     1.429 r  gmem2_m_axi_U/bus_write/wreq_throttle/last_cnt_reg[1]/Q
                         net (fo=7, routed)           0.983     2.412    gmem2_m_axi_U/bus_write/wreq_throttle/data_fifo/U_fifo_srl/Q[1]
    SLICE_X83Y38         LUT5 (Prop_lut5_I1_O)        0.124     2.536 r  gmem2_m_axi_U/bus_write/wreq_throttle/data_fifo/U_fifo_srl/m_axi_gmem2_WVALID_INST_0_i_1/O
                         net (fo=4, routed)           0.825     3.360    gmem2_m_axi_U/bus_write/wreq_throttle/data_fifo/data_en__3
    SLICE_X84Y38         LUT3 (Prop_lut3_I2_O)        0.152     3.512 r  gmem2_m_axi_U/bus_write/wreq_throttle/data_fifo/m_axi_gmem2_WVALID_INST_0/O
                         net (fo=0)                   0.973     4.485    m_axi_gmem2_WVALID
                                                                      r  m_axi_gmem2_WVALID (OUT)
  -------------------------------------------------------------------    -------------------

Slack:                    inf
  Source:                 gmem0_m_axi_U/bus_read/could_multi_bursts.araddr_buf_reg[10]/C
                            (rising edge-triggered cell FDRE clocked by ap_clk  {rise@0.000ns fall@5.000ns period=10.000ns})
  Destination:            m_axi_gmem0_ARADDR[10]
                            (output port)
  Path Group:             (none)
  Path Type:              Max at Slow Process Corner
  Data Path Delay:        1.491ns  (logic 0.518ns (34.742%)  route 0.973ns (65.258%))
  Logic Levels:           0  
  Clock Uncertainty:      0.025ns  ((TSJ^2 + TIJ^2)^1/2 + DJ) / 2 + PE
    Total System Jitter     (TSJ):    0.050ns
    Total Input Jitter      (TIJ):    0.000ns
    Discrete Jitter          (DJ):    0.000ns
    Phase Error              (PE):    0.000ns

    Location             Delay type                Incr(ns)  Path(ns)    Netlist Resource(s)
  -------------------------------------------------------------------    -------------------
                         (clock ap_clk rise edge)     0.000     0.000 r  
                                                      0.000     0.000 r  ap_clk (IN)
                         net (fo=6593, unset)         0.973     0.973    gmem0_m_axi_U/bus_read/ap_clk
    SLICE_X42Y36         FDRE                                         r  gmem0_m_axi_U/bus_read/could_multi_bursts.araddr_buf_reg[10]/C
  -------------------------------------------------------------------    -------------------
    SLICE_X42Y36         FDRE (Prop_fdre_C_Q)         0.518     1.491 r  gmem0_m_axi_U/bus_read/could_multi_bursts.araddr_buf_reg[10]/Q
                         net (fo=2, unset)            0.973     2.464    m_axi_gmem0_ARADDR[10]
                                                                      r  m_axi_gmem0_ARADDR[10] (OUT)
  -------------------------------------------------------------------    -------------------

Slack:                    inf
  Source:                 gmem0_m_axi_U/bus_read/could_multi_bursts.araddr_buf_reg[11]/C
                            (rising edge-triggered cell FDRE clocked by ap_clk  {rise@0.000ns fall@5.000ns period=10.000ns})
  Destination:            m_axi_gmem0_ARADDR[11]
                            (output port)
  Path Group:             (none)
  Path Type:              Max at Slow Process Corner
  Data Path Delay:        1.491ns  (logic 0.518ns (34.742%)  route 0.973ns (65.258%))
  Logic Levels:           0  
  Clock Uncertainty:      0.025ns  ((TSJ^2 + TIJ^2)^1/2 + DJ) / 2 + PE
    Total System Jitter     (TSJ):    0.050ns
    Total Input Jitter      (TIJ):    0.000ns
    Discrete Jitter          (DJ):    0.000ns
    Phase Error              (PE):    0.000ns

    Location             Delay type                Incr(ns)  Path(ns)    Netlist Resource(s)
  -------------------------------------------------------------------    -------------------
                         (clock ap_clk rise edge)     0.000     0.000 r  
                                                      0.000     0.000 r  ap_clk (IN)
                         net (fo=6593, unset)         0.973     0.973    gmem0_m_axi_U/bus_read/ap_clk
    SLICE_X42Y36         FDRE                                         r  gmem0_m_axi_U/bus_read/could_multi_bursts.araddr_buf_reg[11]/C
  -------------------------------------------------------------------    -------------------
    SLICE_X42Y36         FDRE (Prop_fdre_C_Q)         0.518     1.491 r  gmem0_m_axi_U/bus_read/could_multi_bursts.araddr_buf_reg[11]/Q
                         net (fo=1, unset)            0.973     2.464    m_axi_gmem0_ARADDR[11]
                                                                      r  m_axi_gmem0_ARADDR[11] (OUT)
  -------------------------------------------------------------------    -------------------

Slack:                    inf
  Source:                 gmem0_m_axi_U/bus_read/could_multi_bursts.araddr_buf_reg[14]/C
                            (rising edge-triggered cell FDRE clocked by ap_clk  {rise@0.000ns fall@5.000ns period=10.000ns})
  Destination:            m_axi_gmem0_ARADDR[14]
                            (output port)
  Path Group:             (none)
  Path Type:              Max at Slow Process Corner
  Data Path Delay:        1.491ns  (logic 0.518ns (34.742%)  route 0.973ns (65.258%))
  Logic Levels:           0  
  Clock Uncertainty:      0.025ns  ((TSJ^2 + TIJ^2)^1/2 + DJ) / 2 + PE
    Total System Jitter     (TSJ):    0.050ns
    Total Input Jitter      (TIJ):    0.000ns
    Discrete Jitter          (DJ):    0.000ns
    Phase Error              (PE):    0.000ns

    Location             Delay type                Incr(ns)  Path(ns)    Netlist Resource(s)
  -------------------------------------------------------------------    -------------------
                         (clock ap_clk rise edge)     0.000     0.000 r  
                                                      0.000     0.000 r  ap_clk (IN)
                         net (fo=6593, unset)         0.973     0.973    gmem0_m_axi_U/bus_read/ap_clk
    SLICE_X42Y37         FDRE                                         r  gmem0_m_axi_U/bus_read/could_multi_bursts.araddr_buf_reg[14]/C
  -------------------------------------------------------------------    -------------------
    SLICE_X42Y37         FDRE (Prop_fdre_C_Q)         0.518     1.491 r  gmem0_m_axi_U/bus_read/could_multi_bursts.araddr_buf_reg[14]/Q
                         net (fo=1, unset)            0.973     2.464    m_axi_gmem0_ARADDR[14]
                                                                      r  m_axi_gmem0_ARADDR[14] (OUT)
  -------------------------------------------------------------------    -------------------

Slack:                    inf
  Source:                 gmem0_m_axi_U/bus_read/could_multi_bursts.araddr_buf_reg[15]/C
                            (rising edge-triggered cell FDRE clocked by ap_clk  {rise@0.000ns fall@5.000ns period=10.000ns})
  Destination:            m_axi_gmem0_ARADDR[15]
                            (output port)
  Path Group:             (none)
  Path Type:              Max at Slow Process Corner
  Data Path Delay:        1.491ns  (logic 0.518ns (34.742%)  route 0.973ns (65.258%))
  Logic Levels:           0  
  Clock Uncertainty:      0.025ns  ((TSJ^2 + TIJ^2)^1/2 + DJ) / 2 + PE
    Total System Jitter     (TSJ):    0.050ns
    Total Input Jitter      (TIJ):    0.000ns
    Discrete Jitter          (DJ):    0.000ns
    Phase Error              (PE):    0.000ns

    Location             Delay type                Incr(ns)  Path(ns)    Netlist Resource(s)
  -------------------------------------------------------------------    -------------------
                         (clock ap_clk rise edge)     0.000     0.000 r  
                                                      0.000     0.000 r  ap_clk (IN)
                         net (fo=6593, unset)         0.973     0.973    gmem0_m_axi_U/bus_read/ap_clk
    SLICE_X42Y36         FDRE                                         r  gmem0_m_axi_U/bus_read/could_multi_bursts.araddr_buf_reg[15]/C
  -------------------------------------------------------------------    -------------------
    SLICE_X42Y36         FDRE (Prop_fdre_C_Q)         0.518     1.491 r  gmem0_m_axi_U/bus_read/could_multi_bursts.araddr_buf_reg[15]/Q
                         net (fo=1, unset)            0.973     2.464    m_axi_gmem0_ARADDR[15]
                                                                      r  m_axi_gmem0_ARADDR[15] (OUT)
  -------------------------------------------------------------------    -------------------

Slack:                    inf
  Source:                 gmem0_m_axi_U/bus_read/could_multi_bursts.araddr_buf_reg[18]/C
                            (rising edge-triggered cell FDRE clocked by ap_clk  {rise@0.000ns fall@5.000ns period=10.000ns})
  Destination:            m_axi_gmem0_ARADDR[18]
                            (output port)
  Path Group:             (none)
  Path Type:              Max at Slow Process Corner
  Data Path Delay:        1.491ns  (logic 0.518ns (34.742%)  route 0.973ns (65.258%))
  Logic Levels:           0  
  Clock Uncertainty:      0.025ns  ((TSJ^2 + TIJ^2)^1/2 + DJ) / 2 + PE
    Total System Jitter     (TSJ):    0.050ns
    Total Input Jitter      (TIJ):    0.000ns
    Discrete Jitter          (DJ):    0.000ns
    Phase Error              (PE):    0.000ns

    Location             Delay type                Incr(ns)  Path(ns)    Netlist Resource(s)
  -------------------------------------------------------------------    -------------------
                         (clock ap_clk rise edge)     0.000     0.000 r  
                                                      0.000     0.000 r  ap_clk (IN)
                         net (fo=6593, unset)         0.973     0.973    gmem0_m_axi_U/bus_read/ap_clk
    SLICE_X42Y38         FDRE                                         r  gmem0_m_axi_U/bus_read/could_multi_bursts.araddr_buf_reg[18]/C
  -------------------------------------------------------------------    -------------------
    SLICE_X42Y38         FDRE (Prop_fdre_C_Q)         0.518     1.491 r  gmem0_m_axi_U/bus_read/could_multi_bursts.araddr_buf_reg[18]/Q
                         net (fo=1, unset)            0.973     2.464    m_axi_gmem0_ARADDR[18]
                                                                      r  m_axi_gmem0_ARADDR[18] (OUT)
  -------------------------------------------------------------------    -------------------

Slack:                    inf
  Source:                 gmem0_m_axi_U/bus_read/could_multi_bursts.araddr_buf_reg[19]/C
                            (rising edge-triggered cell FDRE clocked by ap_clk  {rise@0.000ns fall@5.000ns period=10.000ns})
  Destination:            m_axi_gmem0_ARADDR[19]
                            (output port)
  Path Group:             (none)
  Path Type:              Max at Slow Process Corner
  Data Path Delay:        1.491ns  (logic 0.518ns (34.742%)  route 0.973ns (65.258%))
  Logic Levels:           0  
  Clock Uncertainty:      0.025ns  ((TSJ^2 + TIJ^2)^1/2 + DJ) / 2 + PE
    Total System Jitter     (TSJ):    0.050ns
    Total Input Jitter      (TIJ):    0.000ns
    Discrete Jitter          (DJ):    0.000ns
    Phase Error              (PE):    0.000ns

    Location             Delay type                Incr(ns)  Path(ns)    Netlist Resource(s)
  -------------------------------------------------------------------    -------------------
                         (clock ap_clk rise edge)     0.000     0.000 r  
                                                      0.000     0.000 r  ap_clk (IN)
                         net (fo=6593, unset)         0.973     0.973    gmem0_m_axi_U/bus_read/ap_clk
    SLICE_X42Y37         FDRE                                         r  gmem0_m_axi_U/bus_read/could_multi_bursts.araddr_buf_reg[19]/C
  -------------------------------------------------------------------    -------------------
    SLICE_X42Y37         FDRE (Prop_fdre_C_Q)         0.518     1.491 r  gmem0_m_axi_U/bus_read/could_multi_bursts.araddr_buf_reg[19]/Q
                         net (fo=1, unset)            0.973     2.464    m_axi_gmem0_ARADDR[19]
                                                                      r  m_axi_gmem0_ARADDR[19] (OUT)
  -------------------------------------------------------------------    -------------------

Slack:                    inf
  Source:                 gmem0_m_axi_U/bus_read/could_multi_bursts.araddr_buf_reg[22]/C
                            (rising edge-triggered cell FDRE clocked by ap_clk  {rise@0.000ns fall@5.000ns period=10.000ns})
  Destination:            m_axi_gmem0_ARADDR[22]
                            (output port)
  Path Group:             (none)
  Path Type:              Max at Slow Process Corner
  Data Path Delay:        1.491ns  (logic 0.518ns (34.742%)  route 0.973ns (65.258%))
  Logic Levels:           0  
  Clock Uncertainty:      0.025ns  ((TSJ^2 + TIJ^2)^1/2 + DJ) / 2 + PE
    Total System Jitter     (TSJ):    0.050ns
    Total Input Jitter      (TIJ):    0.000ns
    Discrete Jitter          (DJ):    0.000ns
    Phase Error              (PE):    0.000ns

    Location             Delay type                Incr(ns)  Path(ns)    Netlist Resource(s)
  -------------------------------------------------------------------    -------------------
                         (clock ap_clk rise edge)     0.000     0.000 r  
                                                      0.000     0.000 r  ap_clk (IN)
                         net (fo=6593, unset)         0.973     0.973    gmem0_m_axi_U/bus_read/ap_clk
    SLICE_X42Y39         FDRE                                         r  gmem0_m_axi_U/bus_read/could_multi_bursts.araddr_buf_reg[22]/C
  -------------------------------------------------------------------    -------------------
    SLICE_X42Y39         FDRE (Prop_fdre_C_Q)         0.518     1.491 r  gmem0_m_axi_U/bus_read/could_multi_bursts.araddr_buf_reg[22]/Q
                         net (fo=1, unset)            0.973     2.464    m_axi_gmem0_ARADDR[22]
                                                                      r  m_axi_gmem0_ARADDR[22] (OUT)
  -------------------------------------------------------------------    -------------------

Slack:                    inf
  Source:                 gmem0_m_axi_U/bus_read/could_multi_bursts.araddr_buf_reg[23]/C
                            (rising edge-triggered cell FDRE clocked by ap_clk  {rise@0.000ns fall@5.000ns period=10.000ns})
  Destination:            m_axi_gmem0_ARADDR[23]
                            (output port)
  Path Group:             (none)
  Path Type:              Max at Slow Process Corner
  Data Path Delay:        1.491ns  (logic 0.518ns (34.742%)  route 0.973ns (65.258%))
  Logic Levels:           0  
  Clock Uncertainty:      0.025ns  ((TSJ^2 + TIJ^2)^1/2 + DJ) / 2 + PE
    Total System Jitter     (TSJ):    0.050ns
    Total Input Jitter      (TIJ):    0.000ns
    Discrete Jitter          (DJ):    0.000ns
    Phase Error              (PE):    0.000ns

    Location             Delay type                Incr(ns)  Path(ns)    Netlist Resource(s)
  -------------------------------------------------------------------    -------------------
                         (clock ap_clk rise edge)     0.000     0.000 r  
                                                      0.000     0.000 r  ap_clk (IN)
                         net (fo=6593, unset)         0.973     0.973    gmem0_m_axi_U/bus_read/ap_clk
    SLICE_X42Y38         FDRE                                         r  gmem0_m_axi_U/bus_read/could_multi_bursts.araddr_buf_reg[23]/C
  -------------------------------------------------------------------    -------------------
    SLICE_X42Y38         FDRE (Prop_fdre_C_Q)         0.518     1.491 r  gmem0_m_axi_U/bus_read/could_multi_bursts.araddr_buf_reg[23]/Q
                         net (fo=1, unset)            0.973     2.464    m_axi_gmem0_ARADDR[23]
                                                                      r  m_axi_gmem0_ARADDR[23] (OUT)
  -------------------------------------------------------------------    -------------------

Slack:                    inf
  Source:                 gmem0_m_axi_U/bus_read/could_multi_bursts.araddr_buf_reg[26]/C
                            (rising edge-triggered cell FDRE clocked by ap_clk  {rise@0.000ns fall@5.000ns period=10.000ns})
  Destination:            m_axi_gmem0_ARADDR[26]
                            (output port)
  Path Group:             (none)
  Path Type:              Max at Slow Process Corner
  Data Path Delay:        1.491ns  (logic 0.518ns (34.742%)  route 0.973ns (65.258%))
  Logic Levels:           0  
  Clock Uncertainty:      0.025ns  ((TSJ^2 + TIJ^2)^1/2 + DJ) / 2 + PE
    Total System Jitter     (TSJ):    0.050ns
    Total Input Jitter      (TIJ):    0.000ns
    Discrete Jitter          (DJ):    0.000ns
    Phase Error              (PE):    0.000ns

    Location             Delay type                Incr(ns)  Path(ns)    Netlist Resource(s)
  -------------------------------------------------------------------    -------------------
                         (clock ap_clk rise edge)     0.000     0.000 r  
                                                      0.000     0.000 r  ap_clk (IN)
                         net (fo=6593, unset)         0.973     0.973    gmem0_m_axi_U/bus_read/ap_clk
    SLICE_X42Y40         FDRE                                         r  gmem0_m_axi_U/bus_read/could_multi_bursts.araddr_buf_reg[26]/C
  -------------------------------------------------------------------    -------------------
    SLICE_X42Y40         FDRE (Prop_fdre_C_Q)         0.518     1.491 r  gmem0_m_axi_U/bus_read/could_multi_bursts.araddr_buf_reg[26]/Q
                         net (fo=1, unset)            0.973     2.464    m_axi_gmem0_ARADDR[26]
                                                                      r  m_axi_gmem0_ARADDR[26] (OUT)
  -------------------------------------------------------------------    -------------------

Slack:                    inf
  Source:                 gmem0_m_axi_U/bus_read/could_multi_bursts.araddr_buf_reg[27]/C
                            (rising edge-triggered cell FDRE clocked by ap_clk  {rise@0.000ns fall@5.000ns period=10.000ns})
  Destination:            m_axi_gmem0_ARADDR[27]
                            (output port)
  Path Group:             (none)
  Path Type:              Max at Slow Process Corner
  Data Path Delay:        1.491ns  (logic 0.518ns (34.742%)  route 0.973ns (65.258%))
  Logic Levels:           0  
  Clock Uncertainty:      0.025ns  ((TSJ^2 + TIJ^2)^1/2 + DJ) / 2 + PE
    Total System Jitter     (TSJ):    0.050ns
    Total Input Jitter      (TIJ):    0.000ns
    Discrete Jitter          (DJ):    0.000ns
    Phase Error              (PE):    0.000ns

    Location             Delay type                Incr(ns)  Path(ns)    Netlist Resource(s)
  -------------------------------------------------------------------    -------------------
                         (clock ap_clk rise edge)     0.000     0.000 r  
                                                      0.000     0.000 r  ap_clk (IN)
                         net (fo=6593, unset)         0.973     0.973    gmem0_m_axi_U/bus_read/ap_clk
    SLICE_X42Y39         FDRE                                         r  gmem0_m_axi_U/bus_read/could_multi_bursts.araddr_buf_reg[27]/C
  -------------------------------------------------------------------    -------------------
    SLICE_X42Y39         FDRE (Prop_fdre_C_Q)         0.518     1.491 r  gmem0_m_axi_U/bus_read/could_multi_bursts.araddr_buf_reg[27]/Q
                         net (fo=1, unset)            0.973     2.464    m_axi_gmem0_ARADDR[27]
                                                                      r  m_axi_gmem0_ARADDR[27] (OUT)
  -------------------------------------------------------------------    -------------------

Slack:                    inf
  Source:                 gmem0_m_axi_U/bus_read/could_multi_bursts.araddr_buf_reg[2]/C
                            (rising edge-triggered cell FDRE clocked by ap_clk  {rise@0.000ns fall@5.000ns period=10.000ns})
  Destination:            m_axi_gmem0_ARADDR[2]
                            (output port)
  Path Group:             (none)
  Path Type:              Max at Slow Process Corner
  Data Path Delay:        1.491ns  (logic 0.518ns (34.742%)  route 0.973ns (65.258%))
  Logic Levels:           0  
  Clock Uncertainty:      0.025ns  ((TSJ^2 + TIJ^2)^1/2 + DJ) / 2 + PE
    Total System Jitter     (TSJ):    0.050ns
    Total Input Jitter      (TIJ):    0.000ns
    Discrete Jitter          (DJ):    0.000ns
    Phase Error              (PE):    0.000ns

    Location             Delay type                Incr(ns)  Path(ns)    Netlist Resource(s)
  -------------------------------------------------------------------    -------------------
                         (clock ap_clk rise edge)     0.000     0.000 r  
                                                      0.000     0.000 r  ap_clk (IN)
                         net (fo=6593, unset)         0.973     0.973    gmem0_m_axi_U/bus_read/ap_clk
    SLICE_X42Y33         FDRE                                         r  gmem0_m_axi_U/bus_read/could_multi_bursts.araddr_buf_reg[2]/C
  -------------------------------------------------------------------    -------------------
    SLICE_X42Y33         FDRE (Prop_fdre_C_Q)         0.518     1.491 r  gmem0_m_axi_U/bus_read/could_multi_bursts.araddr_buf_reg[2]/Q
                         net (fo=2, unset)            0.973     2.464    m_axi_gmem0_ARADDR[2]
                                                                      r  m_axi_gmem0_ARADDR[2] (OUT)
  -------------------------------------------------------------------    -------------------

Slack:                    inf
  Source:                 gmem0_m_axi_U/bus_read/could_multi_bursts.araddr_buf_reg[31]/C
                            (rising edge-triggered cell FDRE clocked by ap_clk  {rise@0.000ns fall@5.000ns period=10.000ns})
  Destination:            m_axi_gmem0_ARADDR[31]
                            (output port)
  Path Group:             (none)
  Path Type:              Max at Slow Process Corner
  Data Path Delay:        1.491ns  (logic 0.518ns (34.742%)  route 0.973ns (65.258%))
  Logic Levels:           0  
  Clock Uncertainty:      0.025ns  ((TSJ^2 + TIJ^2)^1/2 + DJ) / 2 + PE
    Total System Jitter     (TSJ):    0.050ns
    Total Input Jitter      (TIJ):    0.000ns
    Discrete Jitter          (DJ):    0.000ns
    Phase Error              (PE):    0.000ns

    Location             Delay type                Incr(ns)  Path(ns)    Netlist Resource(s)
  -------------------------------------------------------------------    -------------------
                         (clock ap_clk rise edge)     0.000     0.000 r  
                                                      0.000     0.000 r  ap_clk (IN)
                         net (fo=6593, unset)         0.973     0.973    gmem0_m_axi_U/bus_read/ap_clk
    SLICE_X42Y40         FDRE                                         r  gmem0_m_axi_U/bus_read/could_multi_bursts.araddr_buf_reg[31]/C
  -------------------------------------------------------------------    -------------------
    SLICE_X42Y40         FDRE (Prop_fdre_C_Q)         0.518     1.491 r  gmem0_m_axi_U/bus_read/could_multi_bursts.araddr_buf_reg[31]/Q
                         net (fo=1, unset)            0.973     2.464    m_axi_gmem0_ARADDR[31]
                                                                      r  m_axi_gmem0_ARADDR[31] (OUT)
  -------------------------------------------------------------------    -------------------

Slack:                    inf
  Source:                 gmem0_m_axi_U/bus_read/could_multi_bursts.araddr_buf_reg[38]/C
                            (rising edge-triggered cell FDRE clocked by ap_clk  {rise@0.000ns fall@5.000ns period=10.000ns})
  Destination:            m_axi_gmem0_ARADDR[38]
                            (output port)
  Path Group:             (none)
  Path Type:              Max at Slow Process Corner
  Data Path Delay:        1.491ns  (logic 0.518ns (34.742%)  route 0.973ns (65.258%))
  Logic Levels:           0  
  Clock Uncertainty:      0.025ns  ((TSJ^2 + TIJ^2)^1/2 + DJ) / 2 + PE
    Total System Jitter     (TSJ):    0.050ns
    Total Input Jitter      (TIJ):    0.000ns
    Discrete Jitter          (DJ):    0.000ns
    Phase Error              (PE):    0.000ns

    Location             Delay type                Incr(ns)  Path(ns)    Netlist Resource(s)
  -------------------------------------------------------------------    -------------------
                         (clock ap_clk rise edge)     0.000     0.000 r  
                                                      0.000     0.000 r  ap_clk (IN)
                         net (fo=6593, unset)         0.973     0.973    gmem0_m_axi_U/bus_read/ap_clk
    SLICE_X42Y43         FDRE                                         r  gmem0_m_axi_U/bus_read/could_multi_bursts.araddr_buf_reg[38]/C
  -------------------------------------------------------------------    -------------------
    SLICE_X42Y43         FDRE (Prop_fdre_C_Q)         0.518     1.491 r  gmem0_m_axi_U/bus_read/could_multi_bursts.araddr_buf_reg[38]/Q
                         net (fo=1, unset)            0.973     2.464    m_axi_gmem0_ARADDR[38]
                                                                      r  m_axi_gmem0_ARADDR[38] (OUT)
  -------------------------------------------------------------------    -------------------

Slack:                    inf
  Source:                 gmem0_m_axi_U/bus_read/could_multi_bursts.araddr_buf_reg[42]/C
                            (rising edge-triggered cell FDRE clocked by ap_clk  {rise@0.000ns fall@5.000ns period=10.000ns})
  Destination:            m_axi_gmem0_ARADDR[42]
                            (output port)
  Path Group:             (none)
  Path Type:              Max at Slow Process Corner
  Data Path Delay:        1.491ns  (logic 0.518ns (34.742%)  route 0.973ns (65.258%))
  Logic Levels:           0  
  Clock Uncertainty:      0.025ns  ((TSJ^2 + TIJ^2)^1/2 + DJ) / 2 + PE
    Total System Jitter     (TSJ):    0.050ns
    Total Input Jitter      (TIJ):    0.000ns
    Discrete Jitter          (DJ):    0.000ns
    Phase Error              (PE):    0.000ns

    Location             Delay type                Incr(ns)  Path(ns)    Netlist Resource(s)
  -------------------------------------------------------------------    -------------------
                         (clock ap_clk rise edge)     0.000     0.000 r  
                                                      0.000     0.000 r  ap_clk (IN)
                         net (fo=6593, unset)         0.973     0.973    gmem0_m_axi_U/bus_read/ap_clk
    SLICE_X42Y43         FDRE                                         r  gmem0_m_axi_U/bus_read/could_multi_bursts.araddr_buf_reg[42]/C
  -------------------------------------------------------------------    -------------------
    SLICE_X42Y43         FDRE (Prop_fdre_C_Q)         0.518     1.491 r  gmem0_m_axi_U/bus_read/could_multi_bursts.araddr_buf_reg[42]/Q
                         net (fo=1, unset)            0.973     2.464    m_axi_gmem0_ARADDR[42]
                                                                      r  m_axi_gmem0_ARADDR[42] (OUT)
  -------------------------------------------------------------------    -------------------

Slack:                    inf
  Source:                 gmem0_m_axi_U/bus_read/could_multi_bursts.araddr_buf_reg[43]/C
                            (rising edge-triggered cell FDRE clocked by ap_clk  {rise@0.000ns fall@5.000ns period=10.000ns})
  Destination:            m_axi_gmem0_ARADDR[43]
                            (output port)
  Path Group:             (none)
  Path Type:              Max at Slow Process Corner
  Data Path Delay:        1.491ns  (logic 0.518ns (34.742%)  route 0.973ns (65.258%))
  Logic Levels:           0  
  Clock Uncertainty:      0.025ns  ((TSJ^2 + TIJ^2)^1/2 + DJ) / 2 + PE
    Total System Jitter     (TSJ):    0.050ns
    Total Input Jitter      (TIJ):    0.000ns
    Discrete Jitter          (DJ):    0.000ns
    Phase Error              (PE):    0.000ns

    Location             Delay type                Incr(ns)  Path(ns)    Netlist Resource(s)
  -------------------------------------------------------------------    -------------------
                         (clock ap_clk rise edge)     0.000     0.000 r  
                                                      0.000     0.000 r  ap_clk (IN)
                         net (fo=6593, unset)         0.973     0.973    gmem0_m_axi_U/bus_read/ap_clk
    SLICE_X42Y43         FDRE                                         r  gmem0_m_axi_U/bus_read/could_multi_bursts.araddr_buf_reg[43]/C
  -------------------------------------------------------------------    -------------------
    SLICE_X42Y43         FDRE (Prop_fdre_C_Q)         0.518     1.491 r  gmem0_m_axi_U/bus_read/could_multi_bursts.araddr_buf_reg[43]/Q
                         net (fo=1, unset)            0.973     2.464    m_axi_gmem0_ARADDR[43]
                                                                      r  m_axi_gmem0_ARADDR[43] (OUT)
  -------------------------------------------------------------------    -------------------

Slack:                    inf
  Source:                 gmem0_m_axi_U/bus_read/could_multi_bursts.araddr_buf_reg[46]/C
                            (rising edge-triggered cell FDRE clocked by ap_clk  {rise@0.000ns fall@5.000ns period=10.000ns})
  Destination:            m_axi_gmem0_ARADDR[46]
                            (output port)
  Path Group:             (none)
  Path Type:              Max at Slow Process Corner
  Data Path Delay:        1.491ns  (logic 0.518ns (34.742%)  route 0.973ns (65.258%))
  Logic Levels:           0  
  Clock Uncertainty:      0.025ns  ((TSJ^2 + TIJ^2)^1/2 + DJ) / 2 + PE
    Total System Jitter     (TSJ):    0.050ns
    Total Input Jitter      (TIJ):    0.000ns
    Discrete Jitter          (DJ):    0.000ns
    Phase Error              (PE):    0.000ns

    Location             Delay type                Incr(ns)  Path(ns)    Netlist Resource(s)
  -------------------------------------------------------------------    -------------------
                         (clock ap_clk rise edge)     0.000     0.000 r  
                                                      0.000     0.000 r  ap_clk (IN)
                         net (fo=6593, unset)         0.973     0.973    gmem0_m_axi_U/bus_read/ap_clk
    SLICE_X42Y44         FDRE                                         r  gmem0_m_axi_U/bus_read/could_multi_bursts.araddr_buf_reg[46]/C
  -------------------------------------------------------------------    -------------------
    SLICE_X42Y44         FDRE (Prop_fdre_C_Q)         0.518     1.491 r  gmem0_m_axi_U/bus_read/could_multi_bursts.araddr_buf_reg[46]/Q
                         net (fo=1, unset)            0.973     2.464    m_axi_gmem0_ARADDR[46]
                                                                      r  m_axi_gmem0_ARADDR[46] (OUT)
  -------------------------------------------------------------------    -------------------

Slack:                    inf
  Source:                 gmem0_m_axi_U/bus_read/could_multi_bursts.araddr_buf_reg[47]/C
                            (rising edge-triggered cell FDRE clocked by ap_clk  {rise@0.000ns fall@5.000ns period=10.000ns})
  Destination:            m_axi_gmem0_ARADDR[47]
                            (output port)
  Path Group:             (none)
  Path Type:              Max at Slow Process Corner
  Data Path Delay:        1.491ns  (logic 0.518ns (34.742%)  route 0.973ns (65.258%))
  Logic Levels:           0  
  Clock Uncertainty:      0.025ns  ((TSJ^2 + TIJ^2)^1/2 + DJ) / 2 + PE
    Total System Jitter     (TSJ):    0.050ns
    Total Input Jitter      (TIJ):    0.000ns
    Discrete Jitter          (DJ):    0.000ns
    Phase Error              (PE):    0.000ns

    Location             Delay type                Incr(ns)  Path(ns)    Netlist Resource(s)
  -------------------------------------------------------------------    -------------------
                         (clock ap_clk rise edge)     0.000     0.000 r  
                                                      0.000     0.000 r  ap_clk (IN)
                         net (fo=6593, unset)         0.973     0.973    gmem0_m_axi_U/bus_read/ap_clk
    SLICE_X42Y44         FDRE                                         r  gmem0_m_axi_U/bus_read/could_multi_bursts.araddr_buf_reg[47]/C
  -------------------------------------------------------------------    -------------------
    SLICE_X42Y44         FDRE (Prop_fdre_C_Q)         0.518     1.491 r  gmem0_m_axi_U/bus_read/could_multi_bursts.araddr_buf_reg[47]/Q
                         net (fo=1, unset)            0.973     2.464    m_axi_gmem0_ARADDR[47]
                                                                      r  m_axi_gmem0_ARADDR[47] (OUT)
  -------------------------------------------------------------------    -------------------

Slack:                    inf
  Source:                 gmem0_m_axi_U/bus_read/could_multi_bursts.araddr_buf_reg[54]/C
                            (rising edge-triggered cell FDRE clocked by ap_clk  {rise@0.000ns fall@5.000ns period=10.000ns})
  Destination:            m_axi_gmem0_ARADDR[54]
                            (output port)
  Path Group:             (none)
  Path Type:              Max at Slow Process Corner
  Data Path Delay:        1.491ns  (logic 0.518ns (34.742%)  route 0.973ns (65.258%))
  Logic Levels:           0  
  Clock Uncertainty:      0.025ns  ((TSJ^2 + TIJ^2)^1/2 + DJ) / 2 + PE
    Total System Jitter     (TSJ):    0.050ns
    Total Input Jitter      (TIJ):    0.000ns
    Discrete Jitter          (DJ):    0.000ns
    Phase Error              (PE):    0.000ns

    Location             Delay type                Incr(ns)  Path(ns)    Netlist Resource(s)
  -------------------------------------------------------------------    -------------------
                         (clock ap_clk rise edge)     0.000     0.000 r  
                                                      0.000     0.000 r  ap_clk (IN)
                         net (fo=6593, unset)         0.973     0.973    gmem0_m_axi_U/bus_read/ap_clk
    SLICE_X42Y46         FDRE                                         r  gmem0_m_axi_U/bus_read/could_multi_bursts.araddr_buf_reg[54]/C
  -------------------------------------------------------------------    -------------------
    SLICE_X42Y46         FDRE (Prop_fdre_C_Q)         0.518     1.491 r  gmem0_m_axi_U/bus_read/could_multi_bursts.araddr_buf_reg[54]/Q
                         net (fo=1, unset)            0.973     2.464    m_axi_gmem0_ARADDR[54]
                                                                      r  m_axi_gmem0_ARADDR[54] (OUT)
  -------------------------------------------------------------------    -------------------

Slack:                    inf
  Source:                 gmem0_m_axi_U/bus_read/could_multi_bursts.araddr_buf_reg[55]/C
                            (rising edge-triggered cell FDRE clocked by ap_clk  {rise@0.000ns fall@5.000ns period=10.000ns})
  Destination:            m_axi_gmem0_ARADDR[55]
                            (output port)
  Path Group:             (none)
  Path Type:              Max at Slow Process Corner
  Data Path Delay:        1.491ns  (logic 0.518ns (34.742%)  route 0.973ns (65.258%))
  Logic Levels:           0  
  Clock Uncertainty:      0.025ns  ((TSJ^2 + TIJ^2)^1/2 + DJ) / 2 + PE
    Total System Jitter     (TSJ):    0.050ns
    Total Input Jitter      (TIJ):    0.000ns
    Discrete Jitter          (DJ):    0.000ns
    Phase Error              (PE):    0.000ns

    Location             Delay type                Incr(ns)  Path(ns)    Netlist Resource(s)
  -------------------------------------------------------------------    -------------------
                         (clock ap_clk rise edge)     0.000     0.000 r  
                                                      0.000     0.000 r  ap_clk (IN)
                         net (fo=6593, unset)         0.973     0.973    gmem0_m_axi_U/bus_read/ap_clk
    SLICE_X42Y46         FDRE                                         r  gmem0_m_axi_U/bus_read/could_multi_bursts.araddr_buf_reg[55]/C
  -------------------------------------------------------------------    -------------------
    SLICE_X42Y46         FDRE (Prop_fdre_C_Q)         0.518     1.491 r  gmem0_m_axi_U/bus_read/could_multi_bursts.araddr_buf_reg[55]/Q
                         net (fo=1, unset)            0.973     2.464    m_axi_gmem0_ARADDR[55]
                                                                      r  m_axi_gmem0_ARADDR[55] (OUT)
  -------------------------------------------------------------------    -------------------





--------------------------------------------------------------------------------------
Path Group:  (none)
From Clock:  
  To Clock:  ap_clk

Max Delay          4267 Endpoints
Min Delay             0 Endpoints
--------------------------------------------------------------------------------------


Max Delay Paths
--------------------------------------------------------------------------------------
Slack:                    inf
  Source:                 ap_rst_n
                            (input port)
  Destination:            ap_CS_fsm_reg[20]/R
                            (rising edge-triggered cell FDRE clocked by ap_clk  {rise@0.000ns fall@5.000ns period=10.000ns})
  Path Group:             (none)
  Path Type:              Setup (Max at Slow Process Corner)
  Data Path Delay:        12.130ns  (logic 0.124ns (1.022%)  route 12.006ns (98.978%))
  Logic Levels:           1  (LUT1=1)
  Clock Path Skew:        0.924ns (DCD - SCD + CPR)
    Destination Clock Delay (DCD):    0.924ns
    Source Clock Delay      (SCD):    0.000ns
    Clock Pessimism Removal (CPR):    0.000ns
  Clock Uncertainty:      0.025ns  ((TSJ^2 + TIJ^2)^1/2 + DJ) / 2 + PE
    Total System Jitter     (TSJ):    0.050ns
    Total Input Jitter      (TIJ):    0.000ns
    Discrete Jitter          (DJ):    0.000ns
    Phase Error              (PE):    0.000ns

    Location             Delay type                Incr(ns)  Path(ns)    Netlist Resource(s)
  -------------------------------------------------------------------    -------------------
                                                      0.000     0.000 f  ap_rst_n (IN)
                         net (fo=66, unset)           0.973     0.973    gmem2_m_axi_U/bus_write/wreq_throttle/req_fifo/U_fifo_srl/ap_rst_n
    SLICE_X34Y49         LUT1 (Prop_lut1_I0_O)        0.124     1.097 r  gmem2_m_axi_U/bus_write/wreq_throttle/req_fifo/U_fifo_srl/could_multi_bursts.ARVALID_Dummy_i_1__0/O
                         net (fo=2101, routed)       11.033    12.130    ap_rst_n_inv
    SLICE_X80Y24         FDRE                                         r  ap_CS_fsm_reg[20]/R
  -------------------------------------------------------------------    -------------------

                         (clock ap_clk rise edge)     0.000     0.000 r  
                                                      0.000     0.000 r  ap_clk (IN)
                         net (fo=6593, unset)         0.924     0.924    ap_clk
    SLICE_X80Y24         FDRE                                         r  ap_CS_fsm_reg[20]/C

Slack:                    inf
  Source:                 ap_rst_n
                            (input port)
  Destination:            ap_CS_fsm_reg[21]/R
                            (rising edge-triggered cell FDRE clocked by ap_clk  {rise@0.000ns fall@5.000ns period=10.000ns})
  Path Group:             (none)
  Path Type:              Setup (Max at Slow Process Corner)
  Data Path Delay:        12.130ns  (logic 0.124ns (1.022%)  route 12.006ns (98.978%))
  Logic Levels:           1  (LUT1=1)
  Clock Path Skew:        0.924ns (DCD - SCD + CPR)
    Destination Clock Delay (DCD):    0.924ns
    Source Clock Delay      (SCD):    0.000ns
    Clock Pessimism Removal (CPR):    0.000ns
  Clock Uncertainty:      0.025ns  ((TSJ^2 + TIJ^2)^1/2 + DJ) / 2 + PE
    Total System Jitter     (TSJ):    0.050ns
    Total Input Jitter      (TIJ):    0.000ns
    Discrete Jitter          (DJ):    0.000ns
    Phase Error              (PE):    0.000ns

    Location             Delay type                Incr(ns)  Path(ns)    Netlist Resource(s)
  -------------------------------------------------------------------    -------------------
                                                      0.000     0.000 f  ap_rst_n (IN)
                         net (fo=66, unset)           0.973     0.973    gmem2_m_axi_U/bus_write/wreq_throttle/req_fifo/U_fifo_srl/ap_rst_n
    SLICE_X34Y49         LUT1 (Prop_lut1_I0_O)        0.124     1.097 r  gmem2_m_axi_U/bus_write/wreq_throttle/req_fifo/U_fifo_srl/could_multi_bursts.ARVALID_Dummy_i_1__0/O
                         net (fo=2101, routed)       11.033    12.130    ap_rst_n_inv
    SLICE_X80Y24         FDRE                                         r  ap_CS_fsm_reg[21]/R
  -------------------------------------------------------------------    -------------------

                         (clock ap_clk rise edge)     0.000     0.000 r  
                                                      0.000     0.000 r  ap_clk (IN)
                         net (fo=6593, unset)         0.924     0.924    ap_clk
    SLICE_X80Y24         FDRE                                         r  ap_CS_fsm_reg[21]/C

Slack:                    inf
  Source:                 ap_rst_n
                            (input port)
  Destination:            grp_lenet_w4a4_top_Pipeline_POOL_CHANNEL_POOL_ROW_POOL_COL2_fu_628/flow_control_loop_pipe_sequential_init_U/ap_done_cache_reg/R
                            (rising edge-triggered cell FDRE clocked by ap_clk  {rise@0.000ns fall@5.000ns period=10.000ns})
  Path Group:             (none)
  Path Type:              Setup (Max at Slow Process Corner)
  Data Path Delay:        12.130ns  (logic 0.124ns (1.022%)  route 12.006ns (98.978%))
  Logic Levels:           1  (LUT1=1)
  Clock Path Skew:        0.924ns (DCD - SCD + CPR)
    Destination Clock Delay (DCD):    0.924ns
    Source Clock Delay      (SCD):    0.000ns
    Clock Pessimism Removal (CPR):    0.000ns
  Clock Uncertainty:      0.025ns  ((TSJ^2 + TIJ^2)^1/2 + DJ) / 2 + PE
    Total System Jitter     (TSJ):    0.050ns
    Total Input Jitter      (TIJ):    0.000ns
    Discrete Jitter          (DJ):    0.000ns
    Phase Error              (PE):    0.000ns

    Location             Delay type                Incr(ns)  Path(ns)    Netlist Resource(s)
  -------------------------------------------------------------------    -------------------
                                                      0.000     0.000 f  ap_rst_n (IN)
                         net (fo=66, unset)           0.973     0.973    gmem2_m_axi_U/bus_write/wreq_throttle/req_fifo/U_fifo_srl/ap_rst_n
    SLICE_X34Y49         LUT1 (Prop_lut1_I0_O)        0.124     1.097 r  gmem2_m_axi_U/bus_write/wreq_throttle/req_fifo/U_fifo_srl/could_multi_bursts.ARVALID_Dummy_i_1__0/O
                         net (fo=2101, routed)       11.033    12.130    grp_lenet_w4a4_top_Pipeline_POOL_CHANNEL_POOL_ROW_POOL_COL2_fu_628/flow_control_loop_pipe_sequential_init_U/ap_rst_n_inv
    SLICE_X80Y24         FDRE                                         r  grp_lenet_w4a4_top_Pipeline_POOL_CHANNEL_POOL_ROW_POOL_COL2_fu_628/flow_control_loop_pipe_sequential_init_U/ap_done_cache_reg/R
  -------------------------------------------------------------------    -------------------

                         (clock ap_clk rise edge)     0.000     0.000 r  
                                                      0.000     0.000 r  ap_clk (IN)
                         net (fo=6593, unset)         0.924     0.924    grp_lenet_w4a4_top_Pipeline_POOL_CHANNEL_POOL_ROW_POOL_COL2_fu_628/flow_control_loop_pipe_sequential_init_U/ap_clk
    SLICE_X80Y24         FDRE                                         r  grp_lenet_w4a4_top_Pipeline_POOL_CHANNEL_POOL_ROW_POOL_COL2_fu_628/flow_control_loop_pipe_sequential_init_U/ap_done_cache_reg/C

Slack:                    inf
  Source:                 ap_rst_n
                            (input port)
  Destination:            grp_lenet_w4a4_top_Pipeline_VITIS_LOOP_147_1_KERNEL_ROW_KERNEL_COL4_fu_671/flow_control_loop_pipe_sequential_init_U/ap_done_cache_reg/R
                            (rising edge-triggered cell FDRE clocked by ap_clk  {rise@0.000ns fall@5.000ns period=10.000ns})
  Path Group:             (none)
  Path Type:              Setup (Max at Slow Process Corner)
  Data Path Delay:        12.130ns  (logic 0.124ns (1.022%)  route 12.006ns (98.978%))
  Logic Levels:           1  (LUT1=1)
  Clock Path Skew:        0.924ns (DCD - SCD + CPR)
    Destination Clock Delay (DCD):    0.924ns
    Source Clock Delay      (SCD):    0.000ns
    Clock Pessimism Removal (CPR):    0.000ns
  Clock Uncertainty:      0.025ns  ((TSJ^2 + TIJ^2)^1/2 + DJ) / 2 + PE
    Total System Jitter     (TSJ):    0.050ns
    Total Input Jitter      (TIJ):    0.000ns
    Discrete Jitter          (DJ):    0.000ns
    Phase Error              (PE):    0.000ns

    Location             Delay type                Incr(ns)  Path(ns)    Netlist Resource(s)
  -------------------------------------------------------------------    -------------------
                                                      0.000     0.000 f  ap_rst_n (IN)
                         net (fo=66, unset)           0.973     0.973    gmem2_m_axi_U/bus_write/wreq_throttle/req_fifo/U_fifo_srl/ap_rst_n
    SLICE_X34Y49         LUT1 (Prop_lut1_I0_O)        0.124     1.097 r  gmem2_m_axi_U/bus_write/wreq_throttle/req_fifo/U_fifo_srl/could_multi_bursts.ARVALID_Dummy_i_1__0/O
                         net (fo=2101, routed)       11.033    12.130    grp_lenet_w4a4_top_Pipeline_VITIS_LOOP_147_1_KERNEL_ROW_KERNEL_COL4_fu_671/flow_control_loop_pipe_sequential_init_U/ap_rst_n_inv
    SLICE_X80Y24         FDRE                                         r  grp_lenet_w4a4_top_Pipeline_VITIS_LOOP_147_1_KERNEL_ROW_KERNEL_COL4_fu_671/flow_control_loop_pipe_sequential_init_U/ap_done_cache_reg/R
  -------------------------------------------------------------------    -------------------

                         (clock ap_clk rise edge)     0.000     0.000 r  
                                                      0.000     0.000 r  ap_clk (IN)
                         net (fo=6593, unset)         0.924     0.924    grp_lenet_w4a4_top_Pipeline_VITIS_LOOP_147_1_KERNEL_ROW_KERNEL_COL4_fu_671/flow_control_loop_pipe_sequential_init_U/ap_clk
    SLICE_X80Y24         FDRE                                         r  grp_lenet_w4a4_top_Pipeline_VITIS_LOOP_147_1_KERNEL_ROW_KERNEL_COL4_fu_671/flow_control_loop_pipe_sequential_init_U/ap_done_cache_reg/C

Slack:                    inf
  Source:                 ap_rst_n
                            (input port)
  Destination:            ap_CS_fsm_reg[24]/R
                            (rising edge-triggered cell FDRE clocked by ap_clk  {rise@0.000ns fall@5.000ns period=10.000ns})
  Path Group:             (none)
  Path Type:              Setup (Max at Slow Process Corner)
  Data Path Delay:        12.126ns  (logic 0.124ns (1.023%)  route 12.002ns (98.977%))
  Logic Levels:           1  (LUT1=1)
  Clock Path Skew:        0.924ns (DCD - SCD + CPR)
    Destination Clock Delay (DCD):    0.924ns
    Source Clock Delay      (SCD):    0.000ns
    Clock Pessimism Removal (CPR):    0.000ns
  Clock Uncertainty:      0.025ns  ((TSJ^2 + TIJ^2)^1/2 + DJ) / 2 + PE
    Total System Jitter     (TSJ):    0.050ns
    Total Input Jitter      (TIJ):    0.000ns
    Discrete Jitter          (DJ):    0.000ns
    Phase Error              (PE):    0.000ns

    Location             Delay type                Incr(ns)  Path(ns)    Netlist Resource(s)
  -------------------------------------------------------------------    -------------------
                                                      0.000     0.000 f  ap_rst_n (IN)
                         net (fo=66, unset)           0.973     0.973    gmem2_m_axi_U/bus_write/wreq_throttle/req_fifo/U_fifo_srl/ap_rst_n
    SLICE_X34Y49         LUT1 (Prop_lut1_I0_O)        0.124     1.097 r  gmem2_m_axi_U/bus_write/wreq_throttle/req_fifo/U_fifo_srl/could_multi_bursts.ARVALID_Dummy_i_1__0/O
                         net (fo=2101, routed)       11.029    12.126    ap_rst_n_inv
    SLICE_X81Y24         FDRE                                         r  ap_CS_fsm_reg[24]/R
  -------------------------------------------------------------------    -------------------

                         (clock ap_clk rise edge)     0.000     0.000 r  
                                                      0.000     0.000 r  ap_clk (IN)
                         net (fo=6593, unset)         0.924     0.924    ap_clk
    SLICE_X81Y24         FDRE                                         r  ap_CS_fsm_reg[24]/C

Slack:                    inf
  Source:                 ap_rst_n
                            (input port)
  Destination:            ap_CS_fsm_reg[25]/R
                            (rising edge-triggered cell FDRE clocked by ap_clk  {rise@0.000ns fall@5.000ns period=10.000ns})
  Path Group:             (none)
  Path Type:              Setup (Max at Slow Process Corner)
  Data Path Delay:        12.126ns  (logic 0.124ns (1.023%)  route 12.002ns (98.977%))
  Logic Levels:           1  (LUT1=1)
  Clock Path Skew:        0.924ns (DCD - SCD + CPR)
    Destination Clock Delay (DCD):    0.924ns
    Source Clock Delay      (SCD):    0.000ns
    Clock Pessimism Removal (CPR):    0.000ns
  Clock Uncertainty:      0.025ns  ((TSJ^2 + TIJ^2)^1/2 + DJ) / 2 + PE
    Total System Jitter     (TSJ):    0.050ns
    Total Input Jitter      (TIJ):    0.000ns
    Discrete Jitter          (DJ):    0.000ns
    Phase Error              (PE):    0.000ns

    Location             Delay type                Incr(ns)  Path(ns)    Netlist Resource(s)
  -------------------------------------------------------------------    -------------------
                                                      0.000     0.000 f  ap_rst_n (IN)
                         net (fo=66, unset)           0.973     0.973    gmem2_m_axi_U/bus_write/wreq_throttle/req_fifo/U_fifo_srl/ap_rst_n
    SLICE_X34Y49         LUT1 (Prop_lut1_I0_O)        0.124     1.097 r  gmem2_m_axi_U/bus_write/wreq_throttle/req_fifo/U_fifo_srl/could_multi_bursts.ARVALID_Dummy_i_1__0/O
                         net (fo=2101, routed)       11.029    12.126    ap_rst_n_inv
    SLICE_X81Y24         FDRE                                         r  ap_CS_fsm_reg[25]/R
  -------------------------------------------------------------------    -------------------

                         (clock ap_clk rise edge)     0.000     0.000 r  
                                                      0.000     0.000 r  ap_clk (IN)
                         net (fo=6593, unset)         0.924     0.924    ap_clk
    SLICE_X81Y24         FDRE                                         r  ap_CS_fsm_reg[25]/C

Slack:                    inf
  Source:                 ap_rst_n
                            (input port)
  Destination:            grp_lenet_w4a4_top_Pipeline_VITIS_LOOP_147_1_KERNEL_ROW_KERNEL_COL4_fu_671_ap_start_reg_reg/R
                            (rising edge-triggered cell FDRE clocked by ap_clk  {rise@0.000ns fall@5.000ns period=10.000ns})
  Path Group:             (none)
  Path Type:              Setup (Max at Slow Process Corner)
  Data Path Delay:        12.126ns  (logic 0.124ns (1.023%)  route 12.002ns (98.977%))
  Logic Levels:           1  (LUT1=1)
  Clock Path Skew:        0.924ns (DCD - SCD + CPR)
    Destination Clock Delay (DCD):    0.924ns
    Source Clock Delay      (SCD):    0.000ns
    Clock Pessimism Removal (CPR):    0.000ns
  Clock Uncertainty:      0.025ns  ((TSJ^2 + TIJ^2)^1/2 + DJ) / 2 + PE
    Total System Jitter     (TSJ):    0.050ns
    Total Input Jitter      (TIJ):    0.000ns
    Discrete Jitter          (DJ):    0.000ns
    Phase Error              (PE):    0.000ns

    Location             Delay type                Incr(ns)  Path(ns)    Netlist Resource(s)
  -------------------------------------------------------------------    -------------------
                                                      0.000     0.000 f  ap_rst_n (IN)
                         net (fo=66, unset)           0.973     0.973    gmem2_m_axi_U/bus_write/wreq_throttle/req_fifo/U_fifo_srl/ap_rst_n
    SLICE_X34Y49         LUT1 (Prop_lut1_I0_O)        0.124     1.097 r  gmem2_m_axi_U/bus_write/wreq_throttle/req_fifo/U_fifo_srl/could_multi_bursts.ARVALID_Dummy_i_1__0/O
                         net (fo=2101, routed)       11.029    12.126    ap_rst_n_inv
    SLICE_X81Y24         FDRE                                         r  grp_lenet_w4a4_top_Pipeline_VITIS_LOOP_147_1_KERNEL_ROW_KERNEL_COL4_fu_671_ap_start_reg_reg/R
  -------------------------------------------------------------------    -------------------

                         (clock ap_clk rise edge)     0.000     0.000 r  
                                                      0.000     0.000 r  ap_clk (IN)
                         net (fo=6593, unset)         0.924     0.924    ap_clk
    SLICE_X81Y24         FDRE                                         r  grp_lenet_w4a4_top_Pipeline_VITIS_LOOP_147_1_KERNEL_ROW_KERNEL_COL4_fu_671_ap_start_reg_reg/C

Slack:                    inf
  Source:                 ap_rst_n
                            (input port)
  Destination:            grp_lenet_w4a4_top_Pipeline_POOL_CHANNEL_POOL_ROW_POOL_COL2_fu_628/ap_enable_reg_pp0_iter2_reg/R
                            (rising edge-triggered cell FDRE clocked by ap_clk  {rise@0.000ns fall@5.000ns period=10.000ns})
  Path Group:             (none)
  Path Type:              Setup (Max at Slow Process Corner)
  Data Path Delay:        12.103ns  (logic 0.124ns (1.025%)  route 11.979ns (98.976%))
  Logic Levels:           1  (LUT1=1)
  Clock Path Skew:        0.924ns (DCD - SCD + CPR)
    Destination Clock Delay (DCD):    0.924ns
    Source Clock Delay      (SCD):    0.000ns
    Clock Pessimism Removal (CPR):    0.000ns
  Clock Uncertainty:      0.025ns  ((TSJ^2 + TIJ^2)^1/2 + DJ) / 2 + PE
    Total System Jitter     (TSJ):    0.050ns
    Total Input Jitter      (TIJ):    0.000ns
    Discrete Jitter          (DJ):    0.000ns
    Phase Error              (PE):    0.000ns

    Location             Delay type                Incr(ns)  Path(ns)    Netlist Resource(s)
  -------------------------------------------------------------------    -------------------
                                                      0.000     0.000 f  ap_rst_n (IN)
                         net (fo=66, unset)           0.973     0.973    gmem2_m_axi_U/bus_write/wreq_throttle/req_fifo/U_fifo_srl/ap_rst_n
    SLICE_X34Y49         LUT1 (Prop_lut1_I0_O)        0.124     1.097 r  gmem2_m_axi_U/bus_write/wreq_throttle/req_fifo/U_fifo_srl/could_multi_bursts.ARVALID_Dummy_i_1__0/O
                         net (fo=2101, routed)       11.006    12.103    grp_lenet_w4a4_top_Pipeline_POOL_CHANNEL_POOL_ROW_POOL_COL2_fu_628/ap_rst_n_inv
    SLICE_X88Y21         FDRE                                         r  grp_lenet_w4a4_top_Pipeline_POOL_CHANNEL_POOL_ROW_POOL_COL2_fu_628/ap_enable_reg_pp0_iter2_reg/R
  -------------------------------------------------------------------    -------------------

                         (clock ap_clk rise edge)     0.000     0.000 r  
                                                      0.000     0.000 r  ap_clk (IN)
                         net (fo=6593, unset)         0.924     0.924    grp_lenet_w4a4_top_Pipeline_POOL_CHANNEL_POOL_ROW_POOL_COL2_fu_628/ap_clk
    SLICE_X88Y21         FDRE                                         r  grp_lenet_w4a4_top_Pipeline_POOL_CHANNEL_POOL_ROW_POOL_COL2_fu_628/ap_enable_reg_pp0_iter2_reg/C

Slack:                    inf
  Source:                 ap_rst_n
                            (input port)
  Destination:            grp_lenet_w4a4_top_Pipeline_POOL_CHANNEL_POOL_ROW_POOL_COL2_fu_628/ap_enable_reg_pp0_iter3_reg/R
                            (rising edge-triggered cell FDRE clocked by ap_clk  {rise@0.000ns fall@5.000ns period=10.000ns})
  Path Group:             (none)
  Path Type:              Setup (Max at Slow Process Corner)
  Data Path Delay:        12.103ns  (logic 0.124ns (1.025%)  route 11.979ns (98.976%))
  Logic Levels:           1  (LUT1=1)
  Clock Path Skew:        0.924ns (DCD - SCD + CPR)
    Destination Clock Delay (DCD):    0.924ns
    Source Clock Delay      (SCD):    0.000ns
    Clock Pessimism Removal (CPR):    0.000ns
  Clock Uncertainty:      0.025ns  ((TSJ^2 + TIJ^2)^1/2 + DJ) / 2 + PE
    Total System Jitter     (TSJ):    0.050ns
    Total Input Jitter      (TIJ):    0.000ns
    Discrete Jitter          (DJ):    0.000ns
    Phase Error              (PE):    0.000ns

    Location             Delay type                Incr(ns)  Path(ns)    Netlist Resource(s)
  -------------------------------------------------------------------    -------------------
                                                      0.000     0.000 f  ap_rst_n (IN)
                         net (fo=66, unset)           0.973     0.973    gmem2_m_axi_U/bus_write/wreq_throttle/req_fifo/U_fifo_srl/ap_rst_n
    SLICE_X34Y49         LUT1 (Prop_lut1_I0_O)        0.124     1.097 r  gmem2_m_axi_U/bus_write/wreq_throttle/req_fifo/U_fifo_srl/could_multi_bursts.ARVALID_Dummy_i_1__0/O
                         net (fo=2101, routed)       11.006    12.103    grp_lenet_w4a4_top_Pipeline_POOL_CHANNEL_POOL_ROW_POOL_COL2_fu_628/ap_rst_n_inv
    SLICE_X88Y21         FDRE                                         r  grp_lenet_w4a4_top_Pipeline_POOL_CHANNEL_POOL_ROW_POOL_COL2_fu_628/ap_enable_reg_pp0_iter3_reg/R
  -------------------------------------------------------------------    -------------------

                         (clock ap_clk rise edge)     0.000     0.000 r  
                                                      0.000     0.000 r  ap_clk (IN)
                         net (fo=6593, unset)         0.924     0.924    grp_lenet_w4a4_top_Pipeline_POOL_CHANNEL_POOL_ROW_POOL_COL2_fu_628/ap_clk
    SLICE_X88Y21         FDRE                                         r  grp_lenet_w4a4_top_Pipeline_POOL_CHANNEL_POOL_ROW_POOL_COL2_fu_628/ap_enable_reg_pp0_iter3_reg/C

Slack:                    inf
  Source:                 ap_rst_n
                            (input port)
  Destination:            grp_lenet_w4a4_top_Pipeline_DENSE_OUTPUT_DENSE_INPUT_fu_679/ap_enable_reg_pp0_iter4_reg_r/R
                            (rising edge-triggered cell FDRE clocked by ap_clk  {rise@0.000ns fall@5.000ns period=10.000ns})
  Path Group:             (none)
  Path Type:              Setup (Max at Slow Process Corner)
  Data Path Delay:        12.025ns  (logic 0.124ns (1.031%)  route 11.901ns (98.969%))
  Logic Levels:           1  (LUT1=1)
  Clock Path Skew:        0.924ns (DCD - SCD + CPR)
    Destination Clock Delay (DCD):    0.924ns
    Source Clock Delay      (SCD):    0.000ns
    Clock Pessimism Removal (CPR):    0.000ns
  Clock Uncertainty:      0.025ns  ((TSJ^2 + TIJ^2)^1/2 + DJ) / 2 + PE
    Total System Jitter     (TSJ):    0.050ns
    Total Input Jitter      (TIJ):    0.000ns
    Discrete Jitter          (DJ):    0.000ns
    Phase Error              (PE):    0.000ns

    Location             Delay type                Incr(ns)  Path(ns)    Netlist Resource(s)
  -------------------------------------------------------------------    -------------------
                                                      0.000     0.000 f  ap_rst_n (IN)
                         net (fo=66, unset)           0.973     0.973    gmem2_m_axi_U/bus_write/wreq_throttle/req_fifo/U_fifo_srl/ap_rst_n
    SLICE_X34Y49         LUT1 (Prop_lut1_I0_O)        0.124     1.097 r  gmem2_m_axi_U/bus_write/wreq_throttle/req_fifo/U_fifo_srl/could_multi_bursts.ARVALID_Dummy_i_1__0/O
                         net (fo=2101, routed)       10.928    12.025    grp_lenet_w4a4_top_Pipeline_DENSE_OUTPUT_DENSE_INPUT_fu_679/ap_rst_n_inv
    SLICE_X94Y40         FDRE                                         r  grp_lenet_w4a4_top_Pipeline_DENSE_OUTPUT_DENSE_INPUT_fu_679/ap_enable_reg_pp0_iter4_reg_r/R
  -------------------------------------------------------------------    -------------------

                         (clock ap_clk rise edge)     0.000     0.000 r  
                                                      0.000     0.000 r  ap_clk (IN)
                         net (fo=6593, unset)         0.924     0.924    grp_lenet_w4a4_top_Pipeline_DENSE_OUTPUT_DENSE_INPUT_fu_679/ap_clk
    SLICE_X94Y40         FDRE                                         r  grp_lenet_w4a4_top_Pipeline_DENSE_OUTPUT_DENSE_INPUT_fu_679/ap_enable_reg_pp0_iter4_reg_r/C

Slack:                    inf
  Source:                 ap_rst_n
                            (input port)
  Destination:            grp_lenet_w4a4_top_Pipeline_DENSE_OUTPUT_DENSE_INPUT_fu_679/ap_enable_reg_pp0_iter5_reg_r/R
                            (rising edge-triggered cell FDRE clocked by ap_clk  {rise@0.000ns fall@5.000ns period=10.000ns})
  Path Group:             (none)
  Path Type:              Setup (Max at Slow Process Corner)
  Data Path Delay:        12.025ns  (logic 0.124ns (1.031%)  route 11.901ns (98.969%))
  Logic Levels:           1  (LUT1=1)
  Clock Path Skew:        0.924ns (DCD - SCD + CPR)
    Destination Clock Delay (DCD):    0.924ns
    Source Clock Delay      (SCD):    0.000ns
    Clock Pessimism Removal (CPR):    0.000ns
  Clock Uncertainty:      0.025ns  ((TSJ^2 + TIJ^2)^1/2 + DJ) / 2 + PE
    Total System Jitter     (TSJ):    0.050ns
    Total Input Jitter      (TIJ):    0.000ns
    Discrete Jitter          (DJ):    0.000ns
    Phase Error              (PE):    0.000ns

    Location             Delay type                Incr(ns)  Path(ns)    Netlist Resource(s)
  -------------------------------------------------------------------    -------------------
                                                      0.000     0.000 f  ap_rst_n (IN)
                         net (fo=66, unset)           0.973     0.973    gmem2_m_axi_U/bus_write/wreq_throttle/req_fifo/U_fifo_srl/ap_rst_n
    SLICE_X34Y49         LUT1 (Prop_lut1_I0_O)        0.124     1.097 r  gmem2_m_axi_U/bus_write/wreq_throttle/req_fifo/U_fifo_srl/could_multi_bursts.ARVALID_Dummy_i_1__0/O
                         net (fo=2101, routed)       10.928    12.025    grp_lenet_w4a4_top_Pipeline_DENSE_OUTPUT_DENSE_INPUT_fu_679/ap_rst_n_inv
    SLICE_X94Y40         FDRE                                         r  grp_lenet_w4a4_top_Pipeline_DENSE_OUTPUT_DENSE_INPUT_fu_679/ap_enable_reg_pp0_iter5_reg_r/R
  -------------------------------------------------------------------    -------------------

                         (clock ap_clk rise edge)     0.000     0.000 r  
                                                      0.000     0.000 r  ap_clk (IN)
                         net (fo=6593, unset)         0.924     0.924    grp_lenet_w4a4_top_Pipeline_DENSE_OUTPUT_DENSE_INPUT_fu_679/ap_clk
    SLICE_X94Y40         FDRE                                         r  grp_lenet_w4a4_top_Pipeline_DENSE_OUTPUT_DENSE_INPUT_fu_679/ap_enable_reg_pp0_iter5_reg_r/C

Slack:                    inf
  Source:                 ap_rst_n
                            (input port)
  Destination:            grp_lenet_w4a4_top_Pipeline_DENSE_OUTPUT_DENSE_INPUT_fu_679/ap_enable_reg_pp0_iter6_reg_r/R
                            (rising edge-triggered cell FDRE clocked by ap_clk  {rise@0.000ns fall@5.000ns period=10.000ns})
  Path Group:             (none)
  Path Type:              Setup (Max at Slow Process Corner)
  Data Path Delay:        12.025ns  (logic 0.124ns (1.031%)  route 11.901ns (98.969%))
  Logic Levels:           1  (LUT1=1)
  Clock Path Skew:        0.924ns (DCD - SCD + CPR)
    Destination Clock Delay (DCD):    0.924ns
    Source Clock Delay      (SCD):    0.000ns
    Clock Pessimism Removal (CPR):    0.000ns
  Clock Uncertainty:      0.025ns  ((TSJ^2 + TIJ^2)^1/2 + DJ) / 2 + PE
    Total System Jitter     (TSJ):    0.050ns
    Total Input Jitter      (TIJ):    0.000ns
    Discrete Jitter          (DJ):    0.000ns
    Phase Error              (PE):    0.000ns

    Location             Delay type                Incr(ns)  Path(ns)    Netlist Resource(s)
  -------------------------------------------------------------------    -------------------
                                                      0.000     0.000 f  ap_rst_n (IN)
                         net (fo=66, unset)           0.973     0.973    gmem2_m_axi_U/bus_write/wreq_throttle/req_fifo/U_fifo_srl/ap_rst_n
    SLICE_X34Y49         LUT1 (Prop_lut1_I0_O)        0.124     1.097 r  gmem2_m_axi_U/bus_write/wreq_throttle/req_fifo/U_fifo_srl/could_multi_bursts.ARVALID_Dummy_i_1__0/O
                         net (fo=2101, routed)       10.928    12.025    grp_lenet_w4a4_top_Pipeline_DENSE_OUTPUT_DENSE_INPUT_fu_679/ap_rst_n_inv
    SLICE_X94Y40         FDRE                                         r  grp_lenet_w4a4_top_Pipeline_DENSE_OUTPUT_DENSE_INPUT_fu_679/ap_enable_reg_pp0_iter6_reg_r/R
  -------------------------------------------------------------------    -------------------

                         (clock ap_clk rise edge)     0.000     0.000 r  
                                                      0.000     0.000 r  ap_clk (IN)
                         net (fo=6593, unset)         0.924     0.924    grp_lenet_w4a4_top_Pipeline_DENSE_OUTPUT_DENSE_INPUT_fu_679/ap_clk
    SLICE_X94Y40         FDRE                                         r  grp_lenet_w4a4_top_Pipeline_DENSE_OUTPUT_DENSE_INPUT_fu_679/ap_enable_reg_pp0_iter6_reg_r/C

Slack:                    inf
  Source:                 ap_rst_n
                            (input port)
  Destination:            grp_lenet_w4a4_top_Pipeline_VITIS_LOOP_147_1_KERNEL_ROW_KERNEL_COL_fu_644/ap_enable_reg_pp0_iter6_reg/R
                            (rising edge-triggered cell FDRE clocked by ap_clk  {rise@0.000ns fall@5.000ns period=10.000ns})
  Path Group:             (none)
  Path Type:              Setup (Max at Slow Process Corner)
  Data Path Delay:        11.832ns  (logic 0.124ns (1.048%)  route 11.708ns (98.952%))
  Logic Levels:           1  (LUT1=1)
  Clock Path Skew:        0.924ns (DCD - SCD + CPR)
    Destination Clock Delay (DCD):    0.924ns
    Source Clock Delay      (SCD):    0.000ns
    Clock Pessimism Removal (CPR):    0.000ns
  Clock Uncertainty:      0.025ns  ((TSJ^2 + TIJ^2)^1/2 + DJ) / 2 + PE
    Total System Jitter     (TSJ):    0.050ns
    Total Input Jitter      (TIJ):    0.000ns
    Discrete Jitter          (DJ):    0.000ns
    Phase Error              (PE):    0.000ns

    Location             Delay type                Incr(ns)  Path(ns)    Netlist Resource(s)
  -------------------------------------------------------------------    -------------------
                                                      0.000     0.000 f  ap_rst_n (IN)
                         net (fo=66, unset)           0.973     0.973    gmem2_m_axi_U/bus_write/wreq_throttle/req_fifo/U_fifo_srl/ap_rst_n
    SLICE_X34Y49         LUT1 (Prop_lut1_I0_O)        0.124     1.097 r  gmem2_m_axi_U/bus_write/wreq_throttle/req_fifo/U_fifo_srl/could_multi_bursts.ARVALID_Dummy_i_1__0/O
                         net (fo=2101, routed)       10.735    11.832    grp_lenet_w4a4_top_Pipeline_VITIS_LOOP_147_1_KERNEL_ROW_KERNEL_COL_fu_644/ap_rst_n_inv
    SLICE_X87Y23         FDRE                                         r  grp_lenet_w4a4_top_Pipeline_VITIS_LOOP_147_1_KERNEL_ROW_KERNEL_COL_fu_644/ap_enable_reg_pp0_iter6_reg/R
  -------------------------------------------------------------------    -------------------

                         (clock ap_clk rise edge)     0.000     0.000 r  
                                                      0.000     0.000 r  ap_clk (IN)
                         net (fo=6593, unset)         0.924     0.924    grp_lenet_w4a4_top_Pipeline_VITIS_LOOP_147_1_KERNEL_ROW_KERNEL_COL_fu_644/ap_clk
    SLICE_X87Y23         FDRE                                         r  grp_lenet_w4a4_top_Pipeline_VITIS_LOOP_147_1_KERNEL_ROW_KERNEL_COL_fu_644/ap_enable_reg_pp0_iter6_reg/C

Slack:                    inf
  Source:                 ap_rst_n
                            (input port)
  Destination:            gmem2_m_axi_U/bus_write/rs_resp/FSM_sequential_state_reg[0]/R
                            (rising edge-triggered cell FDRE clocked by ap_clk  {rise@0.000ns fall@5.000ns period=10.000ns})
  Path Group:             (none)
  Path Type:              Setup (Max at Slow Process Corner)
  Data Path Delay:        11.740ns  (logic 0.124ns (1.056%)  route 11.616ns (98.944%))
  Logic Levels:           1  (LUT1=1)
  Clock Path Skew:        0.924ns (DCD - SCD + CPR)
    Destination Clock Delay (DCD):    0.924ns
    Source Clock Delay      (SCD):    0.000ns
    Clock Pessimism Removal (CPR):    0.000ns
  Clock Uncertainty:      0.025ns  ((TSJ^2 + TIJ^2)^1/2 + DJ) / 2 + PE
    Total System Jitter     (TSJ):    0.050ns
    Total Input Jitter      (TIJ):    0.000ns
    Discrete Jitter          (DJ):    0.000ns
    Phase Error              (PE):    0.000ns

    Location             Delay type                Incr(ns)  Path(ns)    Netlist Resource(s)
  -------------------------------------------------------------------    -------------------
                                                      0.000     0.000 f  ap_rst_n (IN)
                         net (fo=66, unset)           0.973     0.973    gmem2_m_axi_U/bus_write/wreq_throttle/req_fifo/U_fifo_srl/ap_rst_n
    SLICE_X34Y49         LUT1 (Prop_lut1_I0_O)        0.124     1.097 r  gmem2_m_axi_U/bus_write/wreq_throttle/req_fifo/U_fifo_srl/could_multi_bursts.ARVALID_Dummy_i_1__0/O
                         net (fo=2101, routed)       10.643    11.740    gmem2_m_axi_U/bus_write/rs_resp/SR[0]
    SLICE_X94Y43         FDRE                                         r  gmem2_m_axi_U/bus_write/rs_resp/FSM_sequential_state_reg[0]/R
  -------------------------------------------------------------------    -------------------

                         (clock ap_clk rise edge)     0.000     0.000 r  
                                                      0.000     0.000 r  ap_clk (IN)
                         net (fo=6593, unset)         0.924     0.924    gmem2_m_axi_U/bus_write/rs_resp/ap_clk
    SLICE_X94Y43         FDRE                                         r  gmem2_m_axi_U/bus_write/rs_resp/FSM_sequential_state_reg[0]/C

Slack:                    inf
  Source:                 ap_rst_n
                            (input port)
  Destination:            gmem2_m_axi_U/bus_write/rs_resp/FSM_sequential_state_reg[1]/R
                            (rising edge-triggered cell FDRE clocked by ap_clk  {rise@0.000ns fall@5.000ns period=10.000ns})
  Path Group:             (none)
  Path Type:              Setup (Max at Slow Process Corner)
  Data Path Delay:        11.740ns  (logic 0.124ns (1.056%)  route 11.616ns (98.944%))
  Logic Levels:           1  (LUT1=1)
  Clock Path Skew:        0.924ns (DCD - SCD + CPR)
    Destination Clock Delay (DCD):    0.924ns
    Source Clock Delay      (SCD):    0.000ns
    Clock Pessimism Removal (CPR):    0.000ns
  Clock Uncertainty:      0.025ns  ((TSJ^2 + TIJ^2)^1/2 + DJ) / 2 + PE
    Total System Jitter     (TSJ):    0.050ns
    Total Input Jitter      (TIJ):    0.000ns
    Discrete Jitter          (DJ):    0.000ns
    Phase Error              (PE):    0.000ns

    Location             Delay type                Incr(ns)  Path(ns)    Netlist Resource(s)
  -------------------------------------------------------------------    -------------------
                                                      0.000     0.000 f  ap_rst_n (IN)
                         net (fo=66, unset)           0.973     0.973    gmem2_m_axi_U/bus_write/wreq_throttle/req_fifo/U_fifo_srl/ap_rst_n
    SLICE_X34Y49         LUT1 (Prop_lut1_I0_O)        0.124     1.097 r  gmem2_m_axi_U/bus_write/wreq_throttle/req_fifo/U_fifo_srl/could_multi_bursts.ARVALID_Dummy_i_1__0/O
                         net (fo=2101, routed)       10.643    11.740    gmem2_m_axi_U/bus_write/rs_resp/SR[0]
    SLICE_X94Y43         FDRE                                         r  gmem2_m_axi_U/bus_write/rs_resp/FSM_sequential_state_reg[1]/R
  -------------------------------------------------------------------    -------------------

                         (clock ap_clk rise edge)     0.000     0.000 r  
                                                      0.000     0.000 r  ap_clk (IN)
                         net (fo=6593, unset)         0.924     0.924    gmem2_m_axi_U/bus_write/rs_resp/ap_clk
    SLICE_X94Y43         FDRE                                         r  gmem2_m_axi_U/bus_write/rs_resp/FSM_sequential_state_reg[1]/C

Slack:                    inf
  Source:                 ap_rst_n
                            (input port)
  Destination:            gmem2_m_axi_U/bus_write/rs_resp/s_ready_t_reg/R
                            (rising edge-triggered cell FDRE clocked by ap_clk  {rise@0.000ns fall@5.000ns period=10.000ns})
  Path Group:             (none)
  Path Type:              Setup (Max at Slow Process Corner)
  Data Path Delay:        11.740ns  (logic 0.124ns (1.056%)  route 11.616ns (98.944%))
  Logic Levels:           1  (LUT1=1)
  Clock Path Skew:        0.924ns (DCD - SCD + CPR)
    Destination Clock Delay (DCD):    0.924ns
    Source Clock Delay      (SCD):    0.000ns
    Clock Pessimism Removal (CPR):    0.000ns
  Clock Uncertainty:      0.025ns  ((TSJ^2 + TIJ^2)^1/2 + DJ) / 2 + PE
    Total System Jitter     (TSJ):    0.050ns
    Total Input Jitter      (TIJ):    0.000ns
    Discrete Jitter          (DJ):    0.000ns
    Phase Error              (PE):    0.000ns

    Location             Delay type                Incr(ns)  Path(ns)    Netlist Resource(s)
  -------------------------------------------------------------------    -------------------
                                                      0.000     0.000 f  ap_rst_n (IN)
                         net (fo=66, unset)           0.973     0.973    gmem2_m_axi_U/bus_write/wreq_throttle/req_fifo/U_fifo_srl/ap_rst_n
    SLICE_X34Y49         LUT1 (Prop_lut1_I0_O)        0.124     1.097 r  gmem2_m_axi_U/bus_write/wreq_throttle/req_fifo/U_fifo_srl/could_multi_bursts.ARVALID_Dummy_i_1__0/O
                         net (fo=2101, routed)       10.643    11.740    gmem2_m_axi_U/bus_write/rs_resp/SR[0]
    SLICE_X94Y43         FDRE                                         r  gmem2_m_axi_U/bus_write/rs_resp/s_ready_t_reg/R
  -------------------------------------------------------------------    -------------------

                         (clock ap_clk rise edge)     0.000     0.000 r  
                                                      0.000     0.000 r  ap_clk (IN)
                         net (fo=6593, unset)         0.924     0.924    gmem2_m_axi_U/bus_write/rs_resp/ap_clk
    SLICE_X94Y43         FDRE                                         r  gmem2_m_axi_U/bus_write/rs_resp/s_ready_t_reg/C

Slack:                    inf
  Source:                 ap_rst_n
                            (input port)
  Destination:            grp_lenet_w4a4_top_Pipeline_POOL_CHANNEL_POOL_ROW_POOL_COL2_fu_628/ap_enable_reg_pp0_iter8_reg/R
                            (rising edge-triggered cell FDRE clocked by ap_clk  {rise@0.000ns fall@5.000ns period=10.000ns})
  Path Group:             (none)
  Path Type:              Setup (Max at Slow Process Corner)
  Data Path Delay:        11.691ns  (logic 0.124ns (1.061%)  route 11.567ns (98.939%))
  Logic Levels:           1  (LUT1=1)
  Clock Path Skew:        0.924ns (DCD - SCD + CPR)
    Destination Clock Delay (DCD):    0.924ns
    Source Clock Delay      (SCD):    0.000ns
    Clock Pessimism Removal (CPR):    0.000ns
  Clock Uncertainty:      0.025ns  ((TSJ^2 + TIJ^2)^1/2 + DJ) / 2 + PE
    Total System Jitter     (TSJ):    0.050ns
    Total Input Jitter      (TIJ):    0.000ns
    Discrete Jitter          (DJ):    0.000ns
    Phase Error              (PE):    0.000ns

    Location             Delay type                Incr(ns)  Path(ns)    Netlist Resource(s)
  -------------------------------------------------------------------    -------------------
                                                      0.000     0.000 f  ap_rst_n (IN)
                         net (fo=66, unset)           0.973     0.973    gmem2_m_axi_U/bus_write/wreq_throttle/req_fifo/U_fifo_srl/ap_rst_n
    SLICE_X34Y49         LUT1 (Prop_lut1_I0_O)        0.124     1.097 r  gmem2_m_axi_U/bus_write/wreq_throttle/req_fifo/U_fifo_srl/could_multi_bursts.ARVALID_Dummy_i_1__0/O
                         net (fo=2101, routed)       10.594    11.691    grp_lenet_w4a4_top_Pipeline_POOL_CHANNEL_POOL_ROW_POOL_COL2_fu_628/ap_rst_n_inv
    SLICE_X86Y24         FDRE                                         r  grp_lenet_w4a4_top_Pipeline_POOL_CHANNEL_POOL_ROW_POOL_COL2_fu_628/ap_enable_reg_pp0_iter8_reg/R
  -------------------------------------------------------------------    -------------------

                         (clock ap_clk rise edge)     0.000     0.000 r  
                                                      0.000     0.000 r  ap_clk (IN)
                         net (fo=6593, unset)         0.924     0.924    grp_lenet_w4a4_top_Pipeline_POOL_CHANNEL_POOL_ROW_POOL_COL2_fu_628/ap_clk
    SLICE_X86Y24         FDRE                                         r  grp_lenet_w4a4_top_Pipeline_POOL_CHANNEL_POOL_ROW_POOL_COL2_fu_628/ap_enable_reg_pp0_iter8_reg/C

Slack:                    inf
  Source:                 ap_rst_n
                            (input port)
  Destination:            grp_lenet_w4a4_top_Pipeline_VITIS_LOOP_147_1_KERNEL_ROW_KERNEL_COL4_fu_671/ap_enable_reg_pp0_iter1_reg/R
                            (rising edge-triggered cell FDRE clocked by ap_clk  {rise@0.000ns fall@5.000ns period=10.000ns})
  Path Group:             (none)
  Path Type:              Setup (Max at Slow Process Corner)
  Data Path Delay:        11.502ns  (logic 0.124ns (1.078%)  route 11.378ns (98.922%))
  Logic Levels:           1  (LUT1=1)
  Clock Path Skew:        0.924ns (DCD - SCD + CPR)
    Destination Clock Delay (DCD):    0.924ns
    Source Clock Delay      (SCD):    0.000ns
    Clock Pessimism Removal (CPR):    0.000ns
  Clock Uncertainty:      0.025ns  ((TSJ^2 + TIJ^2)^1/2 + DJ) / 2 + PE
    Total System Jitter     (TSJ):    0.050ns
    Total Input Jitter      (TIJ):    0.000ns
    Discrete Jitter          (DJ):    0.000ns
    Phase Error              (PE):    0.000ns

    Location             Delay type                Incr(ns)  Path(ns)    Netlist Resource(s)
  -------------------------------------------------------------------    -------------------
                                                      0.000     0.000 f  ap_rst_n (IN)
                         net (fo=66, unset)           0.973     0.973    gmem2_m_axi_U/bus_write/wreq_throttle/req_fifo/U_fifo_srl/ap_rst_n
    SLICE_X34Y49         LUT1 (Prop_lut1_I0_O)        0.124     1.097 r  gmem2_m_axi_U/bus_write/wreq_throttle/req_fifo/U_fifo_srl/could_multi_bursts.ARVALID_Dummy_i_1__0/O
                         net (fo=2101, routed)       10.405    11.502    grp_lenet_w4a4_top_Pipeline_VITIS_LOOP_147_1_KERNEL_ROW_KERNEL_COL4_fu_671/ap_rst_n_inv
    SLICE_X86Y25         FDRE                                         r  grp_lenet_w4a4_top_Pipeline_VITIS_LOOP_147_1_KERNEL_ROW_KERNEL_COL4_fu_671/ap_enable_reg_pp0_iter1_reg/R
  -------------------------------------------------------------------    -------------------

                         (clock ap_clk rise edge)     0.000     0.000 r  
                                                      0.000     0.000 r  ap_clk (IN)
                         net (fo=6593, unset)         0.924     0.924    grp_lenet_w4a4_top_Pipeline_VITIS_LOOP_147_1_KERNEL_ROW_KERNEL_COL4_fu_671/ap_clk
    SLICE_X86Y25         FDRE                                         r  grp_lenet_w4a4_top_Pipeline_VITIS_LOOP_147_1_KERNEL_ROW_KERNEL_COL4_fu_671/ap_enable_reg_pp0_iter1_reg/C

Slack:                    inf
  Source:                 ap_rst_n
                            (input port)
  Destination:            gmem2_m_axi_U/bus_write/fifo_resp/mOutPtr_reg[0]/R
                            (rising edge-triggered cell FDRE clocked by ap_clk  {rise@0.000ns fall@5.000ns period=10.000ns})
  Path Group:             (none)
  Path Type:              Setup (Max at Slow Process Corner)
  Data Path Delay:        11.443ns  (logic 0.124ns (1.084%)  route 11.319ns (98.916%))
  Logic Levels:           1  (LUT1=1)
  Clock Path Skew:        0.924ns (DCD - SCD + CPR)
    Destination Clock Delay (DCD):    0.924ns
    Source Clock Delay      (SCD):    0.000ns
    Clock Pessimism Removal (CPR):    0.000ns
  Clock Uncertainty:      0.025ns  ((TSJ^2 + TIJ^2)^1/2 + DJ) / 2 + PE
    Total System Jitter     (TSJ):    0.050ns
    Total Input Jitter      (TIJ):    0.000ns
    Discrete Jitter          (DJ):    0.000ns
    Phase Error              (PE):    0.000ns

    Location             Delay type                Incr(ns)  Path(ns)    Netlist Resource(s)
  -------------------------------------------------------------------    -------------------
                                                      0.000     0.000 f  ap_rst_n (IN)
                         net (fo=66, unset)           0.973     0.973    gmem2_m_axi_U/bus_write/wreq_throttle/req_fifo/U_fifo_srl/ap_rst_n
    SLICE_X34Y49         LUT1 (Prop_lut1_I0_O)        0.124     1.097 r  gmem2_m_axi_U/bus_write/wreq_throttle/req_fifo/U_fifo_srl/could_multi_bursts.ARVALID_Dummy_i_1__0/O
                         net (fo=2101, routed)       10.346    11.443    gmem2_m_axi_U/bus_write/fifo_resp/SR[0]
    SLICE_X92Y43         FDRE                                         r  gmem2_m_axi_U/bus_write/fifo_resp/mOutPtr_reg[0]/R
  -------------------------------------------------------------------    -------------------

                         (clock ap_clk rise edge)     0.000     0.000 r  
                                                      0.000     0.000 r  ap_clk (IN)
                         net (fo=6593, unset)         0.924     0.924    gmem2_m_axi_U/bus_write/fifo_resp/ap_clk
    SLICE_X92Y43         FDRE                                         r  gmem2_m_axi_U/bus_write/fifo_resp/mOutPtr_reg[0]/C

Slack:                    inf
  Source:                 ap_rst_n
                            (input port)
  Destination:            gmem2_m_axi_U/bus_write/fifo_resp/mOutPtr_reg[1]/R
                            (rising edge-triggered cell FDRE clocked by ap_clk  {rise@0.000ns fall@5.000ns period=10.000ns})
  Path Group:             (none)
  Path Type:              Setup (Max at Slow Process Corner)
  Data Path Delay:        11.443ns  (logic 0.124ns (1.084%)  route 11.319ns (98.916%))
  Logic Levels:           1  (LUT1=1)
  Clock Path Skew:        0.924ns (DCD - SCD + CPR)
    Destination Clock Delay (DCD):    0.924ns
    Source Clock Delay      (SCD):    0.000ns
    Clock Pessimism Removal (CPR):    0.000ns
  Clock Uncertainty:      0.025ns  ((TSJ^2 + TIJ^2)^1/2 + DJ) / 2 + PE
    Total System Jitter     (TSJ):    0.050ns
    Total Input Jitter      (TIJ):    0.000ns
    Discrete Jitter          (DJ):    0.000ns
    Phase Error              (PE):    0.000ns

    Location             Delay type                Incr(ns)  Path(ns)    Netlist Resource(s)
  -------------------------------------------------------------------    -------------------
                                                      0.000     0.000 f  ap_rst_n (IN)
                         net (fo=66, unset)           0.973     0.973    gmem2_m_axi_U/bus_write/wreq_throttle/req_fifo/U_fifo_srl/ap_rst_n
    SLICE_X34Y49         LUT1 (Prop_lut1_I0_O)        0.124     1.097 r  gmem2_m_axi_U/bus_write/wreq_throttle/req_fifo/U_fifo_srl/could_multi_bursts.ARVALID_Dummy_i_1__0/O
                         net (fo=2101, routed)       10.346    11.443    gmem2_m_axi_U/bus_write/fifo_resp/SR[0]
    SLICE_X92Y43         FDRE                                         r  gmem2_m_axi_U/bus_write/fifo_resp/mOutPtr_reg[1]/R
  -------------------------------------------------------------------    -------------------

                         (clock ap_clk rise edge)     0.000     0.000 r  
                                                      0.000     0.000 r  ap_clk (IN)
                         net (fo=6593, unset)         0.924     0.924    gmem2_m_axi_U/bus_write/fifo_resp/ap_clk
    SLICE_X92Y43         FDRE                                         r  gmem2_m_axi_U/bus_write/fifo_resp/mOutPtr_reg[1]/C





