

================================================================
== Vitis HLS Report for 'lenet_full_top'
================================================================
* Date:           Sun Sep  6 21:32:28 2026

* Version:        2022.2 (Build 3670227 on Oct 13 2022)
* Project:        struct_baseline
* Solution:       solution1 (Vivado IP Flow Target)
* Product family: zynq
* Target device:  xc7z020-clg400-1


================================================================
== Performance Estimates
================================================================
+ Timing: 
    * Summary: 
    +--------+----------+----------+------------+
    |  Clock |  Target  | Estimated| Uncertainty|
    +--------+----------+----------+------------+
    |ap_clk  |  10.00 ns|  8.280 ns|     2.70 ns|
    +--------+----------+----------+------------+

+ Latency: 
    * Summary: 
    +---------+---------+-----------+-----------+---------+---------+---------+
    |  Latency (cycles) |   Latency (absolute)  |      Interval     | Pipeline|
    |   min   |   max   |    min    |    max    |   min   |   max   |   Type  |
    +---------+---------+-----------+-----------+---------+---------+---------+
    |  1647854|  1647854|  16.479 ms|  16.479 ms|  1647855|  1647855|       no|
    +---------+---------+-----------+-----------+---------+---------+---------+

    + Detail: 
        * Instance: 
        +--------------------------------------------------------------------+---------------------------------------------------------+---------+---------+-----------+-----------+-------+-------+---------+
        |                                                                    |                                                         |  Latency (cycles) |   Latency (absolute)  |    Interval   | Pipeline|
        |                              Instance                              |                          Module                         |   min   |   max   |    min    |    max    |  min  |  max  |   Type  |
        +--------------------------------------------------------------------+---------------------------------------------------------+---------+---------+-----------+-----------+-------+-------+---------+
        |grp_lenet_full_top_Pipeline_POOL_CHANNEL_POOL_ROW_POOL_COL_fu_419   |lenet_full_top_Pipeline_POOL_CHANNEL_POOL_ROW_POOL_COL   |     1188|     1188|  11.880 us|  11.880 us|   1188|   1188|       no|
        |grp_lenet_full_top_Pipeline_OUTPUT_ROW_OUTPUT_COL_fu_425            |lenet_full_top_Pipeline_OUTPUT_ROW_OUTPUT_COL            |    19719|    19719|   0.197 ms|   0.197 ms|  19719|  19719|       no|
        |grp_lenet_full_top_Pipeline_POOL_CHANNEL_POOL_ROW_POOL_COL1_fu_438  |lenet_full_top_Pipeline_POOL_CHANNEL_POOL_ROW_POOL_COL1  |      413|      413|   4.130 us|   4.130 us|    413|    413|       no|
        |grp_lenet_full_top_Pipeline_INPUT_CHANNEL_fu_444                    |lenet_full_top_Pipeline_INPUT_CHANNEL                    |      759|      759|   7.590 us|   7.590 us|    759|    759|       no|
        |grp_lenet_full_top_Pipeline_RELU_LOOP_fu_457                        |lenet_full_top_Pipeline_RELU_LOOP                        |      125|      125|   1.250 us|   1.250 us|    125|    125|       no|
        |grp_lenet_full_top_Pipeline_INPUT_CHANNEL2_fu_463                   |lenet_full_top_Pipeline_INPUT_CHANNEL2                   |     2008|     2008|  20.080 us|  20.080 us|   2008|   2008|       no|
        |grp_lenet_full_top_Pipeline_RELU_LOOP3_fu_474                       |lenet_full_top_Pipeline_RELU_LOOP3                       |       89|       89|   0.890 us|   0.890 us|     89|     89|       no|
        |grp_lenet_full_top_Pipeline_DENSE_INPUT_fu_480                      |lenet_full_top_Pipeline_DENSE_INPUT                      |      608|      608|   6.080 us|   6.080 us|    608|    608|       no|
        |grp_lenet_full_top_Pipeline_DENSE_INPUT4_fu_491                     |lenet_full_top_Pipeline_DENSE_INPUT4                     |      432|      432|   4.320 us|   4.320 us|    432|    432|       no|
        +--------------------------------------------------------------------+---------------------------------------------------------+---------+---------+-----------+-----------+-------+-------+---------+

        * Loop: 
        +--------------------------+---------+---------+----------+-----------+-----------+------+----------+
        |                          |  Latency (cycles) | Iteration|  Initiation Interval  | Trip |          |
        |         Loop Name        |   min   |   max   |  Latency |  achieved |   target  | Count| Pipelined|
        +--------------------------+---------+---------+----------+-----------+-----------+------+----------+
        |- OUTPUT_CHANNEL          |   118338|   118338|     19723|          -|          -|     6|        no|
        |- OUTPUT_CHANNEL          |  1230448|  1230448|     76903|          -|          -|    16|        no|
        | + OUTPUT_ROW_OUTPUT_COL  |    76900|    76900|       769|          -|          -|   100|        no|
        |- OUTPUT_CHANNEL          |   241440|   241440|      2012|          -|          -|   120|        no|
        |- DENSE_OUTPUT            |    51408|    51408|       612|          -|          -|    84|        no|
        |- DENSE_OUTPUT            |     4360|     4360|       436|          -|          -|    10|        no|
        +--------------------------+---------+---------+----------+-----------+-----------+------+----------+

============================================================
+ Verbose Summary: Synthesis Manager
============================================================
InlineROM: 1
ExposeGlobal: 0
============================================================
+ Verbose Summary: CDFG Model
============================================================
IsTopModel: 1
ResetActiveHigh: 1
IsCombinational: 0
IsDatapathOnly: 0
HasWiredReturn: 1
HasMFsm: 0
HasVarLatency: 1
IsPipeline: 0
IsRtlPipelined: 0
IsInstanceOverlapped: 0
IsDontTouch: 0
HasImplIP: 0
IsGatedGlobalClock: 0


============================================================
+ Verbose Summary: Schedule
============================================================
* Number of FSM states : 69
* Pipeline : 0
* Dataflow Pipeline: 0

* FSM state transitions: 
1 --> 2 
2 --> 3 
3 --> 4 
4 --> 5 
5 --> 6 
6 --> 7 
7 --> 8 
8 --> 9 
9 --> 10 13 
10 --> 11 
11 --> 12 
12 --> 9 
13 --> 14 
14 --> 15 
15 --> 16 
16 --> 17 
17 --> 18 
18 --> 19 
19 --> 20 
20 --> 21 32 
21 --> 22 
22 --> 23 20 
23 --> 24 
24 --> 25 
25 --> 26 
26 --> 27 
27 --> 28 
28 --> 29 
29 --> 30 
30 --> 31 
31 --> 22 
32 --> 33 
33 --> 34 
34 --> 35 
35 --> 36 
36 --> 37 
37 --> 38 
38 --> 39 
39 --> 40 43 
40 --> 41 
41 --> 42 
42 --> 39 
43 --> 44 
44 --> 45 
45 --> 46 
46 --> 47 
47 --> 48 
48 --> 49 
49 --> 50 
50 --> 51 54 
51 --> 52 
52 --> 53 
53 --> 50 
54 --> 55 
55 --> 56 
56 --> 57 
57 --> 58 
58 --> 59 
59 --> 60 
60 --> 61 
61 --> 62 65 
62 --> 63 
63 --> 64 
64 --> 61 
65 --> 66 
66 --> 67 
67 --> 68 
68 --> 69 
69 --> 

* FSM state operations: 

State 1 <SV = 0> <Delay = 3.25>
ST_1 : Operation 70 [1/1] (0.00ns)   --->   "%phi_mul = alloca i32 1"   --->   Operation 70 'alloca' 'phi_mul' <Predicate = true> <Delay = 0.00>
ST_1 : Operation 71 [1/1] (0.00ns)   --->   "%output_channel = alloca i32 1"   --->   Operation 71 'alloca' 'output_channel' <Predicate = true> <Delay = 0.00>
ST_1 : Operation 72 [1/1] (1.00ns)   --->   "%feature_out_read = read i64 @_ssdm_op_Read.s_axilite.i64, i64 %feature_out"   --->   Operation 72 'read' 'feature_out_read' <Predicate = true> <Delay = 1.00> <CoreInst = "s_axilite">   --->   Core 114 's_axilite' <Latency = 0> <II = 1> <Delay = 1.00> <Adapter> <Opcode : 'read' 'write'>
ST_1 : Operation 73 [1/1] (1.00ns)   --->   "%bias_read = read i64 @_ssdm_op_Read.s_axilite.i64, i64 %bias"   --->   Operation 73 'read' 'bias_read' <Predicate = true> <Delay = 1.00> <CoreInst = "s_axilite">   --->   Core 114 's_axilite' <Latency = 0> <II = 1> <Delay = 1.00> <Adapter> <Opcode : 'read' 'write'>
ST_1 : Operation 74 [1/1] (1.00ns)   --->   "%weight_read = read i64 @_ssdm_op_Read.s_axilite.i64, i64 %weight"   --->   Operation 74 'read' 'weight_read' <Predicate = true> <Delay = 1.00> <CoreInst = "s_axilite">   --->   Core 114 's_axilite' <Latency = 0> <II = 1> <Delay = 1.00> <Adapter> <Opcode : 'read' 'write'>
ST_1 : Operation 75 [1/1] (1.00ns)   --->   "%feature_in_read = read i64 @_ssdm_op_Read.s_axilite.i64, i64 %feature_in"   --->   Operation 75 'read' 'feature_in_read' <Predicate = true> <Delay = 1.00> <CoreInst = "s_axilite">   --->   Core 114 's_axilite' <Latency = 0> <II = 1> <Delay = 1.00> <Adapter> <Opcode : 'read' 'write'>
ST_1 : Operation 76 [1/1] (3.25ns)   --->   "%conv1_output = alloca i64 1" [D:/lenet_project/handoff/LeNet_DSE_Framework_2022_2/LeNet_DSE_Framework_2022_2/src/lenet_conv.cpp:279]   --->   Operation 76 'alloca' 'conv1_output' <Predicate = true> <Delay = 3.25>
ST_1 : Operation 77 [1/1] (3.25ns)   --->   "%pool1_output = alloca i64 1" [D:/lenet_project/handoff/LeNet_DSE_Framework_2022_2/LeNet_DSE_Framework_2022_2/src/lenet_conv.cpp:280]   --->   Operation 77 'alloca' 'pool1_output' <Predicate = true> <Delay = 3.25>
ST_1 : Operation 78 [1/1] (3.25ns)   --->   "%conv2_output = alloca i64 1" [D:/lenet_project/handoff/LeNet_DSE_Framework_2022_2/LeNet_DSE_Framework_2022_2/src/lenet_conv.cpp:281]   --->   Operation 78 'alloca' 'conv2_output' <Predicate = true> <Delay = 3.25>
ST_1 : Operation 79 [1/1] (3.25ns)   --->   "%pool2_output = alloca i64 1" [D:/lenet_project/handoff/LeNet_DSE_Framework_2022_2/LeNet_DSE_Framework_2022_2/src/lenet_conv.cpp:282]   --->   Operation 79 'alloca' 'pool2_output' <Predicate = true> <Delay = 3.25>
ST_1 : Operation 80 [1/1] (3.25ns)   --->   "%conv3_output = alloca i64 1" [D:/lenet_project/handoff/LeNet_DSE_Framework_2022_2/LeNet_DSE_Framework_2022_2/src/lenet_conv.cpp:283]   --->   Operation 80 'alloca' 'conv3_output' <Predicate = true> <Delay = 3.25>
ST_1 : Operation 81 [1/1] (3.25ns)   --->   "%conv3_relu = alloca i64 1" [D:/lenet_project/handoff/LeNet_DSE_Framework_2022_2/LeNet_DSE_Framework_2022_2/src/lenet_conv.cpp:284]   --->   Operation 81 'alloca' 'conv3_relu' <Predicate = true> <Delay = 3.25>
ST_1 : Operation 82 [1/1] (3.25ns)   --->   "%fc1_output = alloca i64 1" [D:/lenet_project/handoff/LeNet_DSE_Framework_2022_2/LeNet_DSE_Framework_2022_2/src/lenet_conv.cpp:285]   --->   Operation 82 'alloca' 'fc1_output' <Predicate = true> <Delay = 3.25>
ST_1 : Operation 83 [1/1] (3.25ns)   --->   "%fc1_relu = alloca i64 1" [D:/lenet_project/handoff/LeNet_DSE_Framework_2022_2/LeNet_DSE_Framework_2022_2/src/lenet_conv.cpp:286]   --->   Operation 83 'alloca' 'fc1_relu' <Predicate = true> <Delay = 3.25>
ST_1 : Operation 84 [1/1] (0.00ns)   --->   "%trunc_ln = partselect i62 @_ssdm_op_PartSelect.i62.i64.i32.i32, i64 %bias_read, i32 2, i32 63" [D:/lenet_project/handoff/LeNet_DSE_Framework_2022_2/LeNet_DSE_Framework_2022_2/src/lenet_conv.cpp:51]   --->   Operation 84 'partselect' 'trunc_ln' <Predicate = true> <Delay = 0.00>
ST_1 : Operation 85 [1/1] (0.00ns)   --->   "%sext_ln51 = sext i62 %trunc_ln" [D:/lenet_project/handoff/LeNet_DSE_Framework_2022_2/LeNet_DSE_Framework_2022_2/src/lenet_conv.cpp:51]   --->   Operation 85 'sext' 'sext_ln51' <Predicate = true> <Delay = 0.00>
ST_1 : Operation 86 [1/1] (0.00ns)   --->   "%gmem2_addr = getelementptr i32 %gmem2, i64 %sext_ln51" [D:/lenet_project/handoff/LeNet_DSE_Framework_2022_2/LeNet_DSE_Framework_2022_2/src/lenet_conv.cpp:51]   --->   Operation 86 'getelementptr' 'gmem2_addr' <Predicate = true> <Delay = 0.00>
ST_1 : Operation 87 [1/1] (1.58ns)   --->   "%store_ln51 = store i3 0, i3 %output_channel" [D:/lenet_project/handoff/LeNet_DSE_Framework_2022_2/LeNet_DSE_Framework_2022_2/src/lenet_conv.cpp:51]   --->   Operation 87 'store' 'store_ln51' <Predicate = true> <Delay = 1.58>
ST_1 : Operation 88 [1/1] (1.58ns)   --->   "%store_ln51 = store i10 0, i10 %phi_mul" [D:/lenet_project/handoff/LeNet_DSE_Framework_2022_2/LeNet_DSE_Framework_2022_2/src/lenet_conv.cpp:51]   --->   Operation 88 'store' 'store_ln51' <Predicate = true> <Delay = 1.58>

State 2 <SV = 1> <Delay = 7.30>
ST_2 : Operation 89 [7/7] (7.30ns)   --->   "%empty = readreq i1 @_ssdm_op_ReadReq.m_axi.p1i32, i32 %gmem2_addr, i32 6" [D:/lenet_project/handoff/LeNet_DSE_Framework_2022_2/LeNet_DSE_Framework_2022_2/src/lenet_conv.cpp:51]   --->   Operation 89 'readreq' 'empty' <Predicate = true> <Delay = 7.30> <CoreInst = "m_axi">   --->   Core 113 'm_axi' <Latency = 0> <II = 1> <Delay = 1.00> <Adapter> <Opcode : 'read' 'write' 'readreq' 'writereq' 'writeresp'>

State 3 <SV = 2> <Delay = 7.30>
ST_3 : Operation 90 [6/7] (7.30ns)   --->   "%empty = readreq i1 @_ssdm_op_ReadReq.m_axi.p1i32, i32 %gmem2_addr, i32 6" [D:/lenet_project/handoff/LeNet_DSE_Framework_2022_2/LeNet_DSE_Framework_2022_2/src/lenet_conv.cpp:51]   --->   Operation 90 'readreq' 'empty' <Predicate = true> <Delay = 7.30> <CoreInst = "m_axi">   --->   Core 113 'm_axi' <Latency = 0> <II = 1> <Delay = 1.00> <Adapter> <Opcode : 'read' 'write' 'readreq' 'writereq' 'writeresp'>

State 4 <SV = 3> <Delay = 7.30>
ST_4 : Operation 91 [5/7] (7.30ns)   --->   "%empty = readreq i1 @_ssdm_op_ReadReq.m_axi.p1i32, i32 %gmem2_addr, i32 6" [D:/lenet_project/handoff/LeNet_DSE_Framework_2022_2/LeNet_DSE_Framework_2022_2/src/lenet_conv.cpp:51]   --->   Operation 91 'readreq' 'empty' <Predicate = true> <Delay = 7.30> <CoreInst = "m_axi">   --->   Core 113 'm_axi' <Latency = 0> <II = 1> <Delay = 1.00> <Adapter> <Opcode : 'read' 'write' 'readreq' 'writereq' 'writeresp'>

State 5 <SV = 4> <Delay = 7.30>
ST_5 : Operation 92 [4/7] (7.30ns)   --->   "%empty = readreq i1 @_ssdm_op_ReadReq.m_axi.p1i32, i32 %gmem2_addr, i32 6" [D:/lenet_project/handoff/LeNet_DSE_Framework_2022_2/LeNet_DSE_Framework_2022_2/src/lenet_conv.cpp:51]   --->   Operation 92 'readreq' 'empty' <Predicate = true> <Delay = 7.30> <CoreInst = "m_axi">   --->   Core 113 'm_axi' <Latency = 0> <II = 1> <Delay = 1.00> <Adapter> <Opcode : 'read' 'write' 'readreq' 'writereq' 'writeresp'>

State 6 <SV = 5> <Delay = 7.30>
ST_6 : Operation 93 [3/7] (7.30ns)   --->   "%empty = readreq i1 @_ssdm_op_ReadReq.m_axi.p1i32, i32 %gmem2_addr, i32 6" [D:/lenet_project/handoff/LeNet_DSE_Framework_2022_2/LeNet_DSE_Framework_2022_2/src/lenet_conv.cpp:51]   --->   Operation 93 'readreq' 'empty' <Predicate = true> <Delay = 7.30> <CoreInst = "m_axi">   --->   Core 113 'm_axi' <Latency = 0> <II = 1> <Delay = 1.00> <Adapter> <Opcode : 'read' 'write' 'readreq' 'writereq' 'writeresp'>

State 7 <SV = 6> <Delay = 7.30>
ST_7 : Operation 94 [2/7] (7.30ns)   --->   "%empty = readreq i1 @_ssdm_op_ReadReq.m_axi.p1i32, i32 %gmem2_addr, i32 6" [D:/lenet_project/handoff/LeNet_DSE_Framework_2022_2/LeNet_DSE_Framework_2022_2/src/lenet_conv.cpp:51]   --->   Operation 94 'readreq' 'empty' <Predicate = true> <Delay = 7.30> <CoreInst = "m_axi">   --->   Core 113 'm_axi' <Latency = 0> <II = 1> <Delay = 1.00> <Adapter> <Opcode : 'read' 'write' 'readreq' 'writereq' 'writeresp'>

State 8 <SV = 7> <Delay = 7.30>
ST_8 : Operation 95 [1/1] (0.00ns)   --->   "%spectopmodule_ln264 = spectopmodule void @_ssdm_op_SpecTopModule, void @empty_14" [D:/lenet_project/handoff/LeNet_DSE_Framework_2022_2/LeNet_DSE_Framework_2022_2/src/lenet_conv.cpp:264]   --->   Operation 95 'spectopmodule' 'spectopmodule_ln264' <Predicate = true> <Delay = 0.00>
ST_8 : Operation 96 [1/1] (0.00ns)   --->   "%specinterface_ln0 = specinterface void @_ssdm_op_SpecInterface, i32 %gmem0, void @empty, i32 0, i32 0, void @empty_0, i32 0, i32 1024, void @empty_1, void @empty_2, void @empty_0, i32 16, i32 16, i32 16, i32 16, void @empty_0, void @empty_0, i32 4294967295, i32 0"   --->   Operation 96 'specinterface' 'specinterface_ln0' <Predicate = true> <Delay = 0.00>
ST_8 : Operation 97 [1/1] (0.00ns)   --->   "%specbitsmap_ln0 = specbitsmap void @_ssdm_op_SpecBitsMap, i32 %gmem0"   --->   Operation 97 'specbitsmap' 'specbitsmap_ln0' <Predicate = true> <Delay = 0.00>
ST_8 : Operation 98 [1/1] (0.00ns)   --->   "%specinterface_ln0 = specinterface void @_ssdm_op_SpecInterface, i32 %gmem1, void @empty, i32 0, i32 0, void @empty_0, i32 0, i32 61470, void @empty_3, void @empty_2, void @empty_0, i32 16, i32 16, i32 16, i32 16, void @empty_0, void @empty_0, i32 4294967295, i32 0"   --->   Operation 98 'specinterface' 'specinterface_ln0' <Predicate = true> <Delay = 0.00>
ST_8 : Operation 99 [1/1] (0.00ns)   --->   "%specbitsmap_ln0 = specbitsmap void @_ssdm_op_SpecBitsMap, i32 %gmem1"   --->   Operation 99 'specbitsmap' 'specbitsmap_ln0' <Predicate = true> <Delay = 0.00>
ST_8 : Operation 100 [1/1] (0.00ns)   --->   "%specinterface_ln0 = specinterface void @_ssdm_op_SpecInterface, i32 %gmem2, void @empty, i32 0, i32 0, void @empty_0, i32 0, i32 236, void @empty_4, void @empty_2, void @empty_0, i32 16, i32 16, i32 16, i32 16, void @empty_0, void @empty_0, i32 4294967295, i32 0"   --->   Operation 100 'specinterface' 'specinterface_ln0' <Predicate = true> <Delay = 0.00>
ST_8 : Operation 101 [1/1] (0.00ns)   --->   "%specbitsmap_ln0 = specbitsmap void @_ssdm_op_SpecBitsMap, i32 %gmem2"   --->   Operation 101 'specbitsmap' 'specbitsmap_ln0' <Predicate = true> <Delay = 0.00>
ST_8 : Operation 102 [1/1] (0.00ns)   --->   "%specinterface_ln0 = specinterface void @_ssdm_op_SpecInterface, i32 %gmem3, void @empty, i32 0, i32 0, void @empty_0, i32 0, i32 10, void @empty_5, void @empty_2, void @empty_0, i32 16, i32 16, i32 16, i32 16, void @empty_0, void @empty_0, i32 4294967295, i32 0"   --->   Operation 102 'specinterface' 'specinterface_ln0' <Predicate = true> <Delay = 0.00>
ST_8 : Operation 103 [1/1] (0.00ns)   --->   "%specbitsmap_ln0 = specbitsmap void @_ssdm_op_SpecBitsMap, i32 %gmem3"   --->   Operation 103 'specbitsmap' 'specbitsmap_ln0' <Predicate = true> <Delay = 0.00>
ST_8 : Operation 104 [1/1] (0.00ns)   --->   "%specinterface_ln0 = specinterface void @_ssdm_op_SpecInterface, i64 %feature_in, void @empty_6, i32 0, i32 0, void @empty_0, i32 0, i32 0, void @empty_7, void @empty_8, void @empty_0, i32 0, i32 0, i32 0, i32 0, void @empty_0, void @empty_9, i32 4294967295, i32 0"   --->   Operation 104 'specinterface' 'specinterface_ln0' <Predicate = true> <Delay = 0.00>
ST_8 : Operation 105 [1/1] (0.00ns)   --->   "%specinterface_ln0 = specinterface void @_ssdm_op_SpecInterface, i64 %feature_in, void @empty_10, i32 0, i32 0, void @empty_0, i32 0, i32 0, void @empty_0, void @empty_0, void @empty_0, i32 0, i32 0, i32 0, i32 0, void @empty_0, void @empty_9, i32 4294967295, i32 0"   --->   Operation 105 'specinterface' 'specinterface_ln0' <Predicate = true> <Delay = 0.00>
ST_8 : Operation 106 [1/1] (0.00ns)   --->   "%specinterface_ln0 = specinterface void @_ssdm_op_SpecInterface, i64 %weight, void @empty_6, i32 0, i32 0, void @empty_0, i32 0, i32 0, void @empty_7, void @empty_11, void @empty_0, i32 0, i32 0, i32 0, i32 0, void @empty_0, void @empty_9, i32 4294967295, i32 0"   --->   Operation 106 'specinterface' 'specinterface_ln0' <Predicate = true> <Delay = 0.00>
ST_8 : Operation 107 [1/1] (0.00ns)   --->   "%specinterface_ln0 = specinterface void @_ssdm_op_SpecInterface, i64 %weight, void @empty_10, i32 0, i32 0, void @empty_0, i32 0, i32 0, void @empty_0, void @empty_0, void @empty_0, i32 0, i32 0, i32 0, i32 0, void @empty_0, void @empty_9, i32 4294967295, i32 0"   --->   Operation 107 'specinterface' 'specinterface_ln0' <Predicate = true> <Delay = 0.00>
ST_8 : Operation 108 [1/1] (0.00ns)   --->   "%specinterface_ln0 = specinterface void @_ssdm_op_SpecInterface, i64 %bias, void @empty_6, i32 0, i32 0, void @empty_0, i32 0, i32 0, void @empty_7, void @empty_12, void @empty_0, i32 0, i32 0, i32 0, i32 0, void @empty_0, void @empty_9, i32 4294967295, i32 0"   --->   Operation 108 'specinterface' 'specinterface_ln0' <Predicate = true> <Delay = 0.00>
ST_8 : Operation 109 [1/1] (0.00ns)   --->   "%specinterface_ln0 = specinterface void @_ssdm_op_SpecInterface, i64 %bias, void @empty_10, i32 0, i32 0, void @empty_0, i32 0, i32 0, void @empty_0, void @empty_0, void @empty_0, i32 0, i32 0, i32 0, i32 0, void @empty_0, void @empty_9, i32 4294967295, i32 0"   --->   Operation 109 'specinterface' 'specinterface_ln0' <Predicate = true> <Delay = 0.00>
ST_8 : Operation 110 [1/1] (0.00ns)   --->   "%specinterface_ln0 = specinterface void @_ssdm_op_SpecInterface, i64 %feature_out, void @empty_6, i32 0, i32 0, void @empty_0, i32 0, i32 0, void @empty_7, void @empty_13, void @empty_0, i32 0, i32 0, i32 0, i32 0, void @empty_0, void @empty_9, i32 4294967295, i32 0"   --->   Operation 110 'specinterface' 'specinterface_ln0' <Predicate = true> <Delay = 0.00>
ST_8 : Operation 111 [1/1] (0.00ns)   --->   "%specinterface_ln0 = specinterface void @_ssdm_op_SpecInterface, i64 %feature_out, void @empty_10, i32 0, i32 0, void @empty_0, i32 0, i32 0, void @empty_0, void @empty_0, void @empty_0, i32 0, i32 0, i32 0, i32 0, void @empty_0, void @empty_9, i32 4294967295, i32 0"   --->   Operation 111 'specinterface' 'specinterface_ln0' <Predicate = true> <Delay = 0.00>
ST_8 : Operation 112 [1/1] (0.00ns)   --->   "%specinterface_ln0 = specinterface void @_ssdm_op_SpecInterface, i32 0, void @empty_6, i32 0, i32 0, void @empty_0, i32 0, i32 0, void @empty_7, void @empty_0, void @empty_0, i32 0, i32 0, i32 0, i32 0, void @empty_0, void @empty_0, i32 4294967295, i32 0"   --->   Operation 112 'specinterface' 'specinterface_ln0' <Predicate = true> <Delay = 0.00>
ST_8 : Operation 113 [1/7] (7.30ns)   --->   "%empty = readreq i1 @_ssdm_op_ReadReq.m_axi.p1i32, i32 %gmem2_addr, i32 6" [D:/lenet_project/handoff/LeNet_DSE_Framework_2022_2/LeNet_DSE_Framework_2022_2/src/lenet_conv.cpp:51]   --->   Operation 113 'readreq' 'empty' <Predicate = true> <Delay = 7.30> <CoreInst = "m_axi">   --->   Core 113 'm_axi' <Latency = 0> <II = 1> <Delay = 1.00> <Adapter> <Opcode : 'read' 'write' 'readreq' 'writereq' 'writeresp'>
ST_8 : Operation 114 [1/1] (0.00ns)   --->   "%br_ln51 = br void %OUTPUT_ROW.i" [D:/lenet_project/handoff/LeNet_DSE_Framework_2022_2/LeNet_DSE_Framework_2022_2/src/lenet_conv.cpp:51]   --->   Operation 114 'br' 'br_ln51' <Predicate = true> <Delay = 0.00>

State 9 <SV = 8> <Delay = 3.52>
ST_9 : Operation 115 [1/1] (0.00ns)   --->   "%phi_mul_load = load i10 %phi_mul" [D:/lenet_project/handoff/LeNet_DSE_Framework_2022_2/LeNet_DSE_Framework_2022_2/src/lenet_conv.cpp:51]   --->   Operation 115 'load' 'phi_mul_load' <Predicate = true> <Delay = 0.00>
ST_9 : Operation 116 [1/1] (0.00ns)   --->   "%output_channel_2 = load i3 %output_channel" [D:/lenet_project/handoff/LeNet_DSE_Framework_2022_2/LeNet_DSE_Framework_2022_2/src/lenet_conv.cpp:51]   --->   Operation 116 'load' 'output_channel_2' <Predicate = true> <Delay = 0.00>
ST_9 : Operation 117 [1/1] (1.73ns)   --->   "%add_ln51_6 = add i10 %phi_mul_load, i10 100" [D:/lenet_project/handoff/LeNet_DSE_Framework_2022_2/LeNet_DSE_Framework_2022_2/src/lenet_conv.cpp:51]   --->   Operation 117 'add' 'add_ln51_6' <Predicate = true> <Delay = 1.73> <CoreInst = "Adder">   --->   Core 1 'Adder' <Latency = 0> <II = 1> <Delay = 1.73> <FuncUnit> <Opcode : 'add' 'sub'> <InPorts = 2> <OutPorts = 1>
ST_9 : Operation 118 [1/1] (1.13ns)   --->   "%icmp_ln51 = icmp_eq  i3 %output_channel_2, i3 6" [D:/lenet_project/handoff/LeNet_DSE_Framework_2022_2/LeNet_DSE_Framework_2022_2/src/lenet_conv.cpp:51]   --->   Operation 118 'icmp' 'icmp_ln51' <Predicate = true> <Delay = 1.13> <CoreInst = "Cmp">   --->   Core 9 'Cmp' <Latency = 0> <II = 1> <Delay = 1.13> <FuncUnit> <Opcode : 'icmp'> <InPorts = 2> <OutPorts = 1>
ST_9 : Operation 119 [1/1] (0.00ns)   --->   "%empty_92 = speclooptripcount i32 @_ssdm_op_SpecLoopTripCount, i64 6, i64 6, i64 6"   --->   Operation 119 'speclooptripcount' 'empty_92' <Predicate = true> <Delay = 0.00>
ST_9 : Operation 120 [1/1] (1.65ns)   --->   "%add_ln51_1 = add i3 %output_channel_2, i3 1" [D:/lenet_project/handoff/LeNet_DSE_Framework_2022_2/LeNet_DSE_Framework_2022_2/src/lenet_conv.cpp:51]   --->   Operation 120 'add' 'add_ln51_1' <Predicate = true> <Delay = 1.65> <CoreInst = "Adder">   --->   Core 1 'Adder' <Latency = 0> <II = 1> <Delay = 1.65> <FuncUnit> <Opcode : 'add' 'sub'> <InPorts = 2> <OutPorts = 1>
ST_9 : Operation 121 [1/1] (0.00ns)   --->   "%br_ln51 = br i1 %icmp_ln51, void %OUTPUT_ROW.i.split, void %POOL_KERNEL_ROW.i.preheader" [D:/lenet_project/handoff/LeNet_DSE_Framework_2022_2/LeNet_DSE_Framework_2022_2/src/lenet_conv.cpp:51]   --->   Operation 121 'br' 'br_ln51' <Predicate = true> <Delay = 0.00>
ST_9 : Operation 122 [1/1] (1.58ns)   --->   "%store_ln51 = store i3 %add_ln51_1, i3 %output_channel" [D:/lenet_project/handoff/LeNet_DSE_Framework_2022_2/LeNet_DSE_Framework_2022_2/src/lenet_conv.cpp:51]   --->   Operation 122 'store' 'store_ln51' <Predicate = (!icmp_ln51)> <Delay = 1.58>
ST_9 : Operation 123 [1/1] (1.58ns)   --->   "%store_ln51 = store i10 %add_ln51_6, i10 %phi_mul" [D:/lenet_project/handoff/LeNet_DSE_Framework_2022_2/LeNet_DSE_Framework_2022_2/src/lenet_conv.cpp:51]   --->   Operation 123 'store' 'store_ln51' <Predicate = (!icmp_ln51)> <Delay = 1.58>
ST_9 : Operation 124 [1/1] (0.00ns)   --->   "%phi_mul227 = alloca i32 1"   --->   Operation 124 'alloca' 'phi_mul227' <Predicate = (icmp_ln51)> <Delay = 0.00>
ST_9 : Operation 125 [1/1] (0.00ns)   --->   "%output_channel_1 = alloca i32 1"   --->   Operation 125 'alloca' 'output_channel_1' <Predicate = (icmp_ln51)> <Delay = 0.00>
ST_9 : Operation 126 [2/2] (0.00ns)   --->   "%call_ln0 = call void @lenet_full_top_Pipeline_POOL_CHANNEL_POOL_ROW_POOL_COL, i32 %conv1_output, i32 %pool1_output"   --->   Operation 126 'call' 'call_ln0' <Predicate = (icmp_ln51)> <Delay = 0.00> <CoreType = "Generic">   --->   Core 0 '' <Latency = 0> <II = 1> <Delay = 1.00> <Generic> <Opcode : >
ST_9 : Operation 127 [1/1] (3.52ns)   --->   "%add_ln51 = add i64 %bias_read, i64 24" [D:/lenet_project/handoff/LeNet_DSE_Framework_2022_2/LeNet_DSE_Framework_2022_2/src/lenet_conv.cpp:51]   --->   Operation 127 'add' 'add_ln51' <Predicate = (icmp_ln51)> <Delay = 3.52> <CoreInst = "Adder">   --->   Core 1 'Adder' <Latency = 0> <II = 1> <Delay = 3.52> <FuncUnit> <Opcode : 'add' 'sub'> <InPorts = 2> <OutPorts = 1>
ST_9 : Operation 128 [1/1] (0.00ns)   --->   "%trunc_ln51_1 = partselect i62 @_ssdm_op_PartSelect.i62.i64.i32.i32, i64 %add_ln51, i32 2, i32 63" [D:/lenet_project/handoff/LeNet_DSE_Framework_2022_2/LeNet_DSE_Framework_2022_2/src/lenet_conv.cpp:51]   --->   Operation 128 'partselect' 'trunc_ln51_1' <Predicate = (icmp_ln51)> <Delay = 0.00>
ST_9 : Operation 129 [1/1] (0.00ns)   --->   "%sext_ln51_1 = sext i62 %trunc_ln51_1" [D:/lenet_project/handoff/LeNet_DSE_Framework_2022_2/LeNet_DSE_Framework_2022_2/src/lenet_conv.cpp:51]   --->   Operation 129 'sext' 'sext_ln51_1' <Predicate = (icmp_ln51)> <Delay = 0.00>
ST_9 : Operation 130 [1/1] (0.00ns)   --->   "%gmem2_addr_1 = getelementptr i32 %gmem2, i64 %sext_ln51_1" [D:/lenet_project/handoff/LeNet_DSE_Framework_2022_2/LeNet_DSE_Framework_2022_2/src/lenet_conv.cpp:51]   --->   Operation 130 'getelementptr' 'gmem2_addr_1' <Predicate = (icmp_ln51)> <Delay = 0.00>
ST_9 : Operation 131 [1/1] (1.58ns)   --->   "%store_ln51 = store i5 0, i5 %output_channel_1" [D:/lenet_project/handoff/LeNet_DSE_Framework_2022_2/LeNet_DSE_Framework_2022_2/src/lenet_conv.cpp:51]   --->   Operation 131 'store' 'store_ln51' <Predicate = (icmp_ln51)> <Delay = 1.58>
ST_9 : Operation 132 [1/1] (1.58ns)   --->   "%store_ln51 = store i14 600, i14 %phi_mul227" [D:/lenet_project/handoff/LeNet_DSE_Framework_2022_2/LeNet_DSE_Framework_2022_2/src/lenet_conv.cpp:51]   --->   Operation 132 'store' 'store_ln51' <Predicate = (icmp_ln51)> <Delay = 1.58>

State 10 <SV = 9> <Delay = 7.30>
ST_10 : Operation 133 [1/1] (7.30ns)   --->   "%gmem2_addr_read = read i32 @_ssdm_op_Read.m_axi.p1i32, i32 %gmem2_addr" [D:/lenet_project/handoff/LeNet_DSE_Framework_2022_2/LeNet_DSE_Framework_2022_2/src/lenet_conv.cpp:51]   --->   Operation 133 'read' 'gmem2_addr_read' <Predicate = true> <Delay = 7.30> <CoreInst = "m_axi">   --->   Core 113 'm_axi' <Latency = 0> <II = 1> <Delay = 1.00> <Adapter> <Opcode : 'read' 'write' 'readreq' 'writereq' 'writeresp'>

State 11 <SV = 10> <Delay = 7.04>
ST_11 : Operation 134 [1/1] (0.00ns)   --->   "%p_cast65 = zext i10 %phi_mul_load" [D:/lenet_project/handoff/LeNet_DSE_Framework_2022_2/LeNet_DSE_Framework_2022_2/src/lenet_conv.cpp:51]   --->   Operation 134 'zext' 'p_cast65' <Predicate = true> <Delay = 0.00>
ST_11 : Operation 135 [1/1] (3.52ns)   --->   "%empty_94 = add i64 %p_cast65, i64 %weight_read" [D:/lenet_project/handoff/LeNet_DSE_Framework_2022_2/LeNet_DSE_Framework_2022_2/src/lenet_conv.cpp:51]   --->   Operation 135 'add' 'empty_94' <Predicate = true> <Delay = 3.52> <CoreInst = "Adder">   --->   Core 1 'Adder' <Latency = 0> <II = 1> <Delay = 3.52> <FuncUnit> <Opcode : 'add' 'sub'> <InPorts = 2> <OutPorts = 1>
ST_11 : Operation 136 [1/1] (0.00ns)   --->   "%p_shl = bitconcatenate i8 @_ssdm_op_BitConcatenate.i8.i3.i5, i3 %output_channel_2, i5 0" [D:/lenet_project/handoff/LeNet_DSE_Framework_2022_2/LeNet_DSE_Framework_2022_2/src/lenet_conv.cpp:51]   --->   Operation 136 'bitconcatenate' 'p_shl' <Predicate = true> <Delay = 0.00>
ST_11 : Operation 137 [1/1] (0.00ns)   --->   "%p_shl_cast = zext i8 %p_shl" [D:/lenet_project/handoff/LeNet_DSE_Framework_2022_2/LeNet_DSE_Framework_2022_2/src/lenet_conv.cpp:51]   --->   Operation 137 'zext' 'p_shl_cast' <Predicate = true> <Delay = 0.00>
ST_11 : Operation 138 [1/1] (0.00ns)   --->   "%p_shl1 = bitconcatenate i5 @_ssdm_op_BitConcatenate.i5.i3.i2, i3 %output_channel_2, i2 0" [D:/lenet_project/handoff/LeNet_DSE_Framework_2022_2/LeNet_DSE_Framework_2022_2/src/lenet_conv.cpp:51]   --->   Operation 138 'bitconcatenate' 'p_shl1' <Predicate = true> <Delay = 0.00>
ST_11 : Operation 139 [1/1] (0.00ns)   --->   "%p_shl1_cast = zext i5 %p_shl1" [D:/lenet_project/handoff/LeNet_DSE_Framework_2022_2/LeNet_DSE_Framework_2022_2/src/lenet_conv.cpp:51]   --->   Operation 139 'zext' 'p_shl1_cast' <Predicate = true> <Delay = 0.00>
ST_11 : Operation 140 [1/1] (1.91ns)   --->   "%empty_95 = sub i9 %p_shl_cast, i9 %p_shl1_cast" [D:/lenet_project/handoff/LeNet_DSE_Framework_2022_2/LeNet_DSE_Framework_2022_2/src/lenet_conv.cpp:51]   --->   Operation 140 'sub' 'empty_95' <Predicate = true> <Delay = 1.91> <CoreInst = "Adder">   --->   Core 1 'Adder' <Latency = 0> <II = 1> <Delay = 1.91> <FuncUnit> <Opcode : 'add' 'sub'> <InPorts = 2> <OutPorts = 1>
ST_11 : Operation 141 [1/1] (0.00ns)   --->   "%accumulator_2 = bitcast i32 %gmem2_addr_read" [D:/lenet_project/handoff/LeNet_DSE_Framework_2022_2/LeNet_DSE_Framework_2022_2/src/lenet_conv.cpp:51]   --->   Operation 141 'bitcast' 'accumulator_2' <Predicate = true> <Delay = 0.00>
ST_11 : Operation 142 [1/1] (0.00ns)   --->   "%trunc_ln1 = partselect i62 @_ssdm_op_PartSelect.i62.i64.i32.i32, i64 %empty_94, i32 2, i32 63" [D:/lenet_project/handoff/LeNet_DSE_Framework_2022_2/LeNet_DSE_Framework_2022_2/src/lenet_conv.cpp:35]   --->   Operation 142 'partselect' 'trunc_ln1' <Predicate = true> <Delay = 0.00>
ST_11 : Operation 143 [2/2] (3.52ns)   --->   "%call_ln35 = call void @lenet_full_top_Pipeline_OUTPUT_ROW_OUTPUT_COL, i32 %gmem1, i32 %gmem0, i62 %trunc_ln1, i9 %empty_95, i64 %feature_in_read, i32 %accumulator_2, i32 %conv1_output" [D:/lenet_project/handoff/LeNet_DSE_Framework_2022_2/LeNet_DSE_Framework_2022_2/src/lenet_conv.cpp:35]   --->   Operation 143 'call' 'call_ln35' <Predicate = true> <Delay = 3.52> <CoreType = "Generic">   --->   Core 0 '' <Latency = 0> <II = 1> <Delay = 1.00> <Generic> <Opcode : >

State 12 <SV = 11> <Delay = 0.00>
ST_12 : Operation 144 [1/1] (0.00ns)   --->   "%specloopname_ln51 = specloopname void @_ssdm_op_SpecLoopName, void @empty_19" [D:/lenet_project/handoff/LeNet_DSE_Framework_2022_2/LeNet_DSE_Framework_2022_2/src/lenet_conv.cpp:51]   --->   Operation 144 'specloopname' 'specloopname_ln51' <Predicate = true> <Delay = 0.00>
ST_12 : Operation 145 [1/2] (0.00ns)   --->   "%call_ln35 = call void @lenet_full_top_Pipeline_OUTPUT_ROW_OUTPUT_COL, i32 %gmem1, i32 %gmem0, i62 %trunc_ln1, i9 %empty_95, i64 %feature_in_read, i32 %accumulator_2, i32 %conv1_output" [D:/lenet_project/handoff/LeNet_DSE_Framework_2022_2/LeNet_DSE_Framework_2022_2/src/lenet_conv.cpp:35]   --->   Operation 145 'call' 'call_ln35' <Predicate = true> <Delay = 0.00> <CoreType = "Generic">   --->   Core 0 '' <Latency = 0> <II = 1> <Delay = 1.00> <Generic> <Opcode : >
ST_12 : Operation 146 [1/1] (0.00ns)   --->   "%br_ln51 = br void %OUTPUT_ROW.i" [D:/lenet_project/handoff/LeNet_DSE_Framework_2022_2/LeNet_DSE_Framework_2022_2/src/lenet_conv.cpp:51]   --->   Operation 146 'br' 'br_ln51' <Predicate = true> <Delay = 0.00>

State 13 <SV = 9> <Delay = 7.30>
ST_13 : Operation 147 [1/2] (0.00ns)   --->   "%call_ln0 = call void @lenet_full_top_Pipeline_POOL_CHANNEL_POOL_ROW_POOL_COL, i32 %conv1_output, i32 %pool1_output"   --->   Operation 147 'call' 'call_ln0' <Predicate = true> <Delay = 0.00> <CoreType = "Generic">   --->   Core 0 '' <Latency = 0> <II = 1> <Delay = 1.00> <Generic> <Opcode : >
ST_13 : Operation 148 [7/7] (7.30ns)   --->   "%empty_93 = readreq i1 @_ssdm_op_ReadReq.m_axi.p1i32, i32 %gmem2_addr_1, i32 16" [D:/lenet_project/handoff/LeNet_DSE_Framework_2022_2/LeNet_DSE_Framework_2022_2/src/lenet_conv.cpp:51]   --->   Operation 148 'readreq' 'empty_93' <Predicate = true> <Delay = 7.30> <CoreInst = "m_axi">   --->   Core 113 'm_axi' <Latency = 0> <II = 1> <Delay = 1.00> <Adapter> <Opcode : 'read' 'write' 'readreq' 'writereq' 'writeresp'>

State 14 <SV = 10> <Delay = 7.30>
ST_14 : Operation 149 [6/7] (7.30ns)   --->   "%empty_93 = readreq i1 @_ssdm_op_ReadReq.m_axi.p1i32, i32 %gmem2_addr_1, i32 16" [D:/lenet_project/handoff/LeNet_DSE_Framework_2022_2/LeNet_DSE_Framework_2022_2/src/lenet_conv.cpp:51]   --->   Operation 149 'readreq' 'empty_93' <Predicate = true> <Delay = 7.30> <CoreInst = "m_axi">   --->   Core 113 'm_axi' <Latency = 0> <II = 1> <Delay = 1.00> <Adapter> <Opcode : 'read' 'write' 'readreq' 'writereq' 'writeresp'>

State 15 <SV = 11> <Delay = 7.30>
ST_15 : Operation 150 [5/7] (7.30ns)   --->   "%empty_93 = readreq i1 @_ssdm_op_ReadReq.m_axi.p1i32, i32 %gmem2_addr_1, i32 16" [D:/lenet_project/handoff/LeNet_DSE_Framework_2022_2/LeNet_DSE_Framework_2022_2/src/lenet_conv.cpp:51]   --->   Operation 150 'readreq' 'empty_93' <Predicate = true> <Delay = 7.30> <CoreInst = "m_axi">   --->   Core 113 'm_axi' <Latency = 0> <II = 1> <Delay = 1.00> <Adapter> <Opcode : 'read' 'write' 'readreq' 'writereq' 'writeresp'>

State 16 <SV = 12> <Delay = 7.30>
ST_16 : Operation 151 [4/7] (7.30ns)   --->   "%empty_93 = readreq i1 @_ssdm_op_ReadReq.m_axi.p1i32, i32 %gmem2_addr_1, i32 16" [D:/lenet_project/handoff/LeNet_DSE_Framework_2022_2/LeNet_DSE_Framework_2022_2/src/lenet_conv.cpp:51]   --->   Operation 151 'readreq' 'empty_93' <Predicate = true> <Delay = 7.30> <CoreInst = "m_axi">   --->   Core 113 'm_axi' <Latency = 0> <II = 1> <Delay = 1.00> <Adapter> <Opcode : 'read' 'write' 'readreq' 'writereq' 'writeresp'>

State 17 <SV = 13> <Delay = 7.30>
ST_17 : Operation 152 [3/7] (7.30ns)   --->   "%empty_93 = readreq i1 @_ssdm_op_ReadReq.m_axi.p1i32, i32 %gmem2_addr_1, i32 16" [D:/lenet_project/handoff/LeNet_DSE_Framework_2022_2/LeNet_DSE_Framework_2022_2/src/lenet_conv.cpp:51]   --->   Operation 152 'readreq' 'empty_93' <Predicate = true> <Delay = 7.30> <CoreInst = "m_axi">   --->   Core 113 'm_axi' <Latency = 0> <II = 1> <Delay = 1.00> <Adapter> <Opcode : 'read' 'write' 'readreq' 'writereq' 'writeresp'>

State 18 <SV = 14> <Delay = 7.30>
ST_18 : Operation 153 [2/7] (7.30ns)   --->   "%empty_93 = readreq i1 @_ssdm_op_ReadReq.m_axi.p1i32, i32 %gmem2_addr_1, i32 16" [D:/lenet_project/handoff/LeNet_DSE_Framework_2022_2/LeNet_DSE_Framework_2022_2/src/lenet_conv.cpp:51]   --->   Operation 153 'readreq' 'empty_93' <Predicate = true> <Delay = 7.30> <CoreInst = "m_axi">   --->   Core 113 'm_axi' <Latency = 0> <II = 1> <Delay = 1.00> <Adapter> <Opcode : 'read' 'write' 'readreq' 'writereq' 'writeresp'>

State 19 <SV = 15> <Delay = 7.30>
ST_19 : Operation 154 [1/7] (7.30ns)   --->   "%empty_93 = readreq i1 @_ssdm_op_ReadReq.m_axi.p1i32, i32 %gmem2_addr_1, i32 16" [D:/lenet_project/handoff/LeNet_DSE_Framework_2022_2/LeNet_DSE_Framework_2022_2/src/lenet_conv.cpp:51]   --->   Operation 154 'readreq' 'empty_93' <Predicate = true> <Delay = 7.30> <CoreInst = "m_axi">   --->   Core 113 'm_axi' <Latency = 0> <II = 1> <Delay = 1.00> <Adapter> <Opcode : 'read' 'write' 'readreq' 'writereq' 'writeresp'>
ST_19 : Operation 155 [1/1] (0.00ns)   --->   "%br_ln51 = br void %OUTPUT_ROW.i16" [D:/lenet_project/handoff/LeNet_DSE_Framework_2022_2/LeNet_DSE_Framework_2022_2/src/lenet_conv.cpp:51]   --->   Operation 155 'br' 'br_ln51' <Predicate = true> <Delay = 0.00>

State 20 <SV = 16> <Delay = 3.52>
ST_20 : Operation 156 [1/1] (0.00ns)   --->   "%output_channel_4 = load i5 %output_channel_1"   --->   Operation 156 'load' 'output_channel_4' <Predicate = true> <Delay = 0.00>
ST_20 : Operation 157 [1/1] (1.36ns)   --->   "%icmp_ln51_1 = icmp_eq  i5 %output_channel_4, i5 16" [D:/lenet_project/handoff/LeNet_DSE_Framework_2022_2/LeNet_DSE_Framework_2022_2/src/lenet_conv.cpp:51]   --->   Operation 157 'icmp' 'icmp_ln51_1' <Predicate = true> <Delay = 1.36> <CoreInst = "Cmp">   --->   Core 9 'Cmp' <Latency = 0> <II = 1> <Delay = 1.36> <FuncUnit> <Opcode : 'icmp'> <InPorts = 2> <OutPorts = 1>
ST_20 : Operation 158 [1/1] (0.00ns)   --->   "%empty_96 = speclooptripcount i32 @_ssdm_op_SpecLoopTripCount, i64 16, i64 16, i64 16"   --->   Operation 158 'speclooptripcount' 'empty_96' <Predicate = true> <Delay = 0.00>
ST_20 : Operation 159 [1/1] (1.78ns)   --->   "%add_ln51_4 = add i5 %output_channel_4, i5 1" [D:/lenet_project/handoff/LeNet_DSE_Framework_2022_2/LeNet_DSE_Framework_2022_2/src/lenet_conv.cpp:51]   --->   Operation 159 'add' 'add_ln51_4' <Predicate = true> <Delay = 1.78> <CoreInst = "Adder">   --->   Core 1 'Adder' <Latency = 0> <II = 1> <Delay = 1.78> <FuncUnit> <Opcode : 'add' 'sub'> <InPorts = 2> <OutPorts = 1>
ST_20 : Operation 160 [1/1] (0.00ns)   --->   "%br_ln51 = br i1 %icmp_ln51_1, void %OUTPUT_ROW.i16.split, void %POOL_KERNEL_ROW.i81.preheader" [D:/lenet_project/handoff/LeNet_DSE_Framework_2022_2/LeNet_DSE_Framework_2022_2/src/lenet_conv.cpp:51]   --->   Operation 160 'br' 'br_ln51' <Predicate = true> <Delay = 0.00>
ST_20 : Operation 161 [1/1] (0.00ns)   --->   "%output_channel_3 = alloca i32 1"   --->   Operation 161 'alloca' 'output_channel_3' <Predicate = (icmp_ln51_1)> <Delay = 0.00>
ST_20 : Operation 162 [2/2] (0.00ns)   --->   "%call_ln0 = call void @lenet_full_top_Pipeline_POOL_CHANNEL_POOL_ROW_POOL_COL1, i32 %conv2_output, i32 %pool2_output"   --->   Operation 162 'call' 'call_ln0' <Predicate = (icmp_ln51_1)> <Delay = 0.00> <CoreType = "Generic">   --->   Core 0 '' <Latency = 0> <II = 1> <Delay = 1.00> <Generic> <Opcode : >
ST_20 : Operation 163 [1/1] (3.52ns)   --->   "%add_ln51_2 = add i64 %weight_read, i64 10200" [D:/lenet_project/handoff/LeNet_DSE_Framework_2022_2/LeNet_DSE_Framework_2022_2/src/lenet_conv.cpp:51]   --->   Operation 163 'add' 'add_ln51_2' <Predicate = (icmp_ln51_1)> <Delay = 3.52> <CoreInst = "Adder">   --->   Core 1 'Adder' <Latency = 0> <II = 1> <Delay = 3.52> <FuncUnit> <Opcode : 'add' 'sub'> <InPorts = 2> <OutPorts = 1>
ST_20 : Operation 164 [1/1] (0.00ns)   --->   "%trunc_ln51_2 = partselect i62 @_ssdm_op_PartSelect.i62.i64.i32.i32, i64 %add_ln51_2, i32 2, i32 63" [D:/lenet_project/handoff/LeNet_DSE_Framework_2022_2/LeNet_DSE_Framework_2022_2/src/lenet_conv.cpp:51]   --->   Operation 164 'partselect' 'trunc_ln51_2' <Predicate = (icmp_ln51_1)> <Delay = 0.00>
ST_20 : Operation 165 [1/1] (3.52ns)   --->   "%add_ln51_3 = add i64 %bias_read, i64 88" [D:/lenet_project/handoff/LeNet_DSE_Framework_2022_2/LeNet_DSE_Framework_2022_2/src/lenet_conv.cpp:51]   --->   Operation 165 'add' 'add_ln51_3' <Predicate = (icmp_ln51_1)> <Delay = 3.52> <CoreInst = "Adder">   --->   Core 1 'Adder' <Latency = 0> <II = 1> <Delay = 3.52> <FuncUnit> <Opcode : 'add' 'sub'> <InPorts = 2> <OutPorts = 1>
ST_20 : Operation 166 [1/1] (0.00ns)   --->   "%trunc_ln51_3 = partselect i62 @_ssdm_op_PartSelect.i62.i64.i32.i32, i64 %add_ln51_3, i32 2, i32 63" [D:/lenet_project/handoff/LeNet_DSE_Framework_2022_2/LeNet_DSE_Framework_2022_2/src/lenet_conv.cpp:51]   --->   Operation 166 'partselect' 'trunc_ln51_3' <Predicate = (icmp_ln51_1)> <Delay = 0.00>
ST_20 : Operation 167 [1/1] (0.00ns)   --->   "%sext_ln51_3 = sext i62 %trunc_ln51_3" [D:/lenet_project/handoff/LeNet_DSE_Framework_2022_2/LeNet_DSE_Framework_2022_2/src/lenet_conv.cpp:51]   --->   Operation 167 'sext' 'sext_ln51_3' <Predicate = (icmp_ln51_1)> <Delay = 0.00>
ST_20 : Operation 168 [1/1] (0.00ns)   --->   "%gmem2_addr_2 = getelementptr i32 %gmem2, i64 %sext_ln51_3" [D:/lenet_project/handoff/LeNet_DSE_Framework_2022_2/LeNet_DSE_Framework_2022_2/src/lenet_conv.cpp:51]   --->   Operation 168 'getelementptr' 'gmem2_addr_2' <Predicate = (icmp_ln51_1)> <Delay = 0.00>
ST_20 : Operation 169 [1/1] (1.58ns)   --->   "%store_ln51 = store i7 0, i7 %output_channel_3" [D:/lenet_project/handoff/LeNet_DSE_Framework_2022_2/LeNet_DSE_Framework_2022_2/src/lenet_conv.cpp:51]   --->   Operation 169 'store' 'store_ln51' <Predicate = (icmp_ln51_1)> <Delay = 1.58>

State 21 <SV = 17> <Delay = 7.30>
ST_21 : Operation 170 [1/1] (0.00ns)   --->   "%phi_mul227_load_1 = load i14 %phi_mul227"   --->   Operation 170 'load' 'phi_mul227_load_1' <Predicate = true> <Delay = 0.00>
ST_21 : Operation 171 [1/1] (0.00ns)   --->   "%specloopname_ln51 = specloopname void @_ssdm_op_SpecLoopName, void @empty_19" [D:/lenet_project/handoff/LeNet_DSE_Framework_2022_2/LeNet_DSE_Framework_2022_2/src/lenet_conv.cpp:51]   --->   Operation 171 'specloopname' 'specloopname_ln51' <Predicate = true> <Delay = 0.00>
ST_21 : Operation 172 [1/1] (0.00ns)   --->   "%tmp_cast = zext i14 %phi_mul227_load_1"   --->   Operation 172 'zext' 'tmp_cast' <Predicate = true> <Delay = 0.00>
ST_21 : Operation 173 [1/1] (3.52ns)   --->   "%empty_99 = add i64 %tmp_cast, i64 %weight_read"   --->   Operation 173 'add' 'empty_99' <Predicate = true> <Delay = 3.52> <CoreInst = "Adder">   --->   Core 1 'Adder' <Latency = 0> <II = 1> <Delay = 3.52> <FuncUnit> <Opcode : 'add' 'sub'> <InPorts = 2> <OutPorts = 1>
ST_21 : Operation 174 [1/1] (0.00ns)   --->   "%empty_100 = trunc i5 %output_channel_4"   --->   Operation 174 'trunc' 'empty_100' <Predicate = true> <Delay = 0.00>
ST_21 : Operation 175 [1/1] (0.00ns)   --->   "%p_shl7 = bitconcatenate i7 @_ssdm_op_BitConcatenate.i7.i4.i3, i4 %empty_100, i3 0"   --->   Operation 175 'bitconcatenate' 'p_shl7' <Predicate = true> <Delay = 0.00>
ST_21 : Operation 176 [1/1] (0.00ns)   --->   "%p_shl15_cast = zext i7 %p_shl7"   --->   Operation 176 'zext' 'p_shl15_cast' <Predicate = true> <Delay = 0.00>
ST_21 : Operation 177 [1/1] (0.00ns)   --->   "%empty_101 = shl i5 %output_channel_4, i5 1"   --->   Operation 177 'shl' 'empty_101' <Predicate = true> <Delay = 0.00>
ST_21 : Operation 178 [1/1] (0.00ns)   --->   "%p_shl16_cast = zext i5 %empty_101"   --->   Operation 178 'zext' 'p_shl16_cast' <Predicate = true> <Delay = 0.00>
ST_21 : Operation 179 [1/1] (7.30ns)   --->   "%gmem2_addr_1_read = read i32 @_ssdm_op_Read.m_axi.p1i32, i32 %gmem2_addr_1" [D:/lenet_project/handoff/LeNet_DSE_Framework_2022_2/LeNet_DSE_Framework_2022_2/src/lenet_conv.cpp:51]   --->   Operation 179 'read' 'gmem2_addr_1_read' <Predicate = true> <Delay = 7.30> <CoreInst = "m_axi">   --->   Core 113 'm_axi' <Latency = 0> <II = 1> <Delay = 1.00> <Adapter> <Opcode : 'read' 'write' 'readreq' 'writereq' 'writeresp'>
ST_21 : Operation 180 [1/1] (0.00ns)   --->   "%accumulator_1 = bitcast i32 %gmem2_addr_1_read" [D:/lenet_project/handoff/LeNet_DSE_Framework_2022_2/LeNet_DSE_Framework_2022_2/src/lenet_conv.cpp:51]   --->   Operation 180 'bitcast' 'accumulator_1' <Predicate = true> <Delay = 0.00>
ST_21 : Operation 181 [1/1] (0.00ns)   --->   "%trunc_ln4 = partselect i62 @_ssdm_op_PartSelect.i62.i64.i32.i32, i64 %empty_99, i32 2, i32 63" [D:/lenet_project/handoff/LeNet_DSE_Framework_2022_2/LeNet_DSE_Framework_2022_2/src/lenet_conv.cpp:59]   --->   Operation 181 'partselect' 'trunc_ln4' <Predicate = true> <Delay = 0.00>
ST_21 : Operation 182 [1/1] (0.00ns)   --->   "%sext_ln59 = sext i62 %trunc_ln4" [D:/lenet_project/handoff/LeNet_DSE_Framework_2022_2/LeNet_DSE_Framework_2022_2/src/lenet_conv.cpp:59]   --->   Operation 182 'sext' 'sext_ln59' <Predicate = true> <Delay = 0.00>
ST_21 : Operation 183 [1/1] (0.00ns)   --->   "%gmem1_addr_1 = getelementptr i32 %gmem1, i64 %sext_ln59" [D:/lenet_project/handoff/LeNet_DSE_Framework_2022_2/LeNet_DSE_Framework_2022_2/src/lenet_conv.cpp:59]   --->   Operation 183 'getelementptr' 'gmem1_addr_1' <Predicate = true> <Delay = 0.00>
ST_21 : Operation 184 [1/1] (1.58ns)   --->   "%br_ln53 = br void %INPUT_CHANNEL.i22" [D:/lenet_project/handoff/LeNet_DSE_Framework_2022_2/LeNet_DSE_Framework_2022_2/src/lenet_conv.cpp:53]   --->   Operation 184 'br' 'br_ln53' <Predicate = true> <Delay = 1.58>

State 22 <SV = 18> <Delay = 6.40>
ST_22 : Operation 185 [1/1] (0.00ns)   --->   "%indvar_flatten108 = phi i7 0, void %OUTPUT_ROW.i16.split, i7 %add_ln53, void %for.inc26.i66" [D:/lenet_project/handoff/LeNet_DSE_Framework_2022_2/LeNet_DSE_Framework_2022_2/src/lenet_conv.cpp:53]   --->   Operation 185 'phi' 'indvar_flatten108' <Predicate = true> <Delay = 0.00>
ST_22 : Operation 186 [1/1] (0.00ns)   --->   "%output_row = phi i4 0, void %OUTPUT_ROW.i16.split, i4 %select_ln53_7, void %for.inc26.i66" [D:/lenet_project/handoff/LeNet_DSE_Framework_2022_2/LeNet_DSE_Framework_2022_2/src/lenet_conv.cpp:53]   --->   Operation 186 'phi' 'output_row' <Predicate = true> <Delay = 0.00>
ST_22 : Operation 187 [1/1] (0.00ns)   --->   "%output_col = phi i4 0, void %OUTPUT_ROW.i16.split, i4 %add_ln55, void %for.inc26.i66" [D:/lenet_project/handoff/LeNet_DSE_Framework_2022_2/LeNet_DSE_Framework_2022_2/src/lenet_conv.cpp:55]   --->   Operation 187 'phi' 'output_col' <Predicate = true> <Delay = 0.00>
ST_22 : Operation 188 [1/1] (1.48ns)   --->   "%icmp_ln53 = icmp_eq  i7 %indvar_flatten108, i7 100" [D:/lenet_project/handoff/LeNet_DSE_Framework_2022_2/LeNet_DSE_Framework_2022_2/src/lenet_conv.cpp:53]   --->   Operation 188 'icmp' 'icmp_ln53' <Predicate = true> <Delay = 1.48> <CoreInst = "Cmp">   --->   Core 9 'Cmp' <Latency = 0> <II = 1> <Delay = 1.48> <FuncUnit> <Opcode : 'icmp'> <InPorts = 2> <OutPorts = 1>
ST_22 : Operation 189 [1/1] (1.87ns)   --->   "%add_ln53 = add i7 %indvar_flatten108, i7 1" [D:/lenet_project/handoff/LeNet_DSE_Framework_2022_2/LeNet_DSE_Framework_2022_2/src/lenet_conv.cpp:53]   --->   Operation 189 'add' 'add_ln53' <Predicate = true> <Delay = 1.87> <CoreInst = "Adder">   --->   Core 1 'Adder' <Latency = 0> <II = 1> <Delay = 1.87> <FuncUnit> <Opcode : 'add' 'sub'> <InPorts = 2> <OutPorts = 1>
ST_22 : Operation 190 [1/1] (0.00ns)   --->   "%br_ln53 = br i1 %icmp_ln53, void %for.inc26.i66, void %for.inc29.i69" [D:/lenet_project/handoff/LeNet_DSE_Framework_2022_2/LeNet_DSE_Framework_2022_2/src/lenet_conv.cpp:53]   --->   Operation 190 'br' 'br_ln53' <Predicate = true> <Delay = 0.00>
ST_22 : Operation 191 [1/1] (1.30ns)   --->   "%icmp_ln55 = icmp_eq  i4 %output_col, i4 10" [D:/lenet_project/handoff/LeNet_DSE_Framework_2022_2/LeNet_DSE_Framework_2022_2/src/lenet_conv.cpp:55]   --->   Operation 191 'icmp' 'icmp_ln55' <Predicate = (!icmp_ln53)> <Delay = 1.30> <CoreInst = "Cmp">   --->   Core 9 'Cmp' <Latency = 0> <II = 1> <Delay = 1.30> <FuncUnit> <Opcode : 'icmp'> <InPorts = 2> <OutPorts = 1>
ST_22 : Operation 192 [1/1] (1.02ns)   --->   "%select_ln53 = select i1 %icmp_ln55, i4 0, i4 %output_col" [D:/lenet_project/handoff/LeNet_DSE_Framework_2022_2/LeNet_DSE_Framework_2022_2/src/lenet_conv.cpp:53]   --->   Operation 192 'select' 'select_ln53' <Predicate = (!icmp_ln53)> <Delay = 1.02> <CoreInst = "Sel">   --->   Core 73 'Sel' <Latency = 0> <II = 1> <Delay = 1.02> <FuncUnit> <Opcode : 'select'> <InPorts = 3> <OutPorts = 1>
ST_22 : Operation 193 [1/1] (1.73ns)   --->   "%add_ln53_4 = add i4 %output_row, i4 1" [D:/lenet_project/handoff/LeNet_DSE_Framework_2022_2/LeNet_DSE_Framework_2022_2/src/lenet_conv.cpp:53]   --->   Operation 193 'add' 'add_ln53_4' <Predicate = (!icmp_ln53)> <Delay = 1.73> <CoreInst = "Adder">   --->   Core 1 'Adder' <Latency = 0> <II = 1> <Delay = 1.73> <FuncUnit> <Opcode : 'add' 'sub'> <InPorts = 2> <OutPorts = 1>
ST_22 : Operation 194 [1/1] (1.02ns)   --->   "%select_ln53_7 = select i1 %icmp_ln55, i4 %add_ln53_4, i4 %output_row" [D:/lenet_project/handoff/LeNet_DSE_Framework_2022_2/LeNet_DSE_Framework_2022_2/src/lenet_conv.cpp:53]   --->   Operation 194 'select' 'select_ln53_7' <Predicate = (!icmp_ln53)> <Delay = 1.02> <CoreInst = "Sel">   --->   Core 73 'Sel' <Latency = 0> <II = 1> <Delay = 1.02> <FuncUnit> <Opcode : 'select'> <InPorts = 3> <OutPorts = 1>
ST_22 : Operation 195 [1/1] (0.00ns)   --->   "%zext_ln53 = zext i4 %select_ln53_7" [D:/lenet_project/handoff/LeNet_DSE_Framework_2022_2/LeNet_DSE_Framework_2022_2/src/lenet_conv.cpp:53]   --->   Operation 195 'zext' 'zext_ln53' <Predicate = (!icmp_ln53)> <Delay = 0.00>
ST_22 : Operation 196 [1/1] (1.78ns)   --->   "%add_ln53_5 = add i6 %p_shl16_cast, i6 %zext_ln53" [D:/lenet_project/handoff/LeNet_DSE_Framework_2022_2/LeNet_DSE_Framework_2022_2/src/lenet_conv.cpp:53]   --->   Operation 196 'add' 'add_ln53_5' <Predicate = (!icmp_ln53)> <Delay = 1.78> <CoreInst = "Adder">   --->   Core 1 'Adder' <Latency = 0> <II = 1> <Delay = 1.78> <FuncUnit> <Opcode : 'add' 'sub'> <InPorts = 2> <OutPorts = 1>
ST_22 : Operation 197 [1/1] (0.00ns)   --->   "%zext_ln53_2 = zext i6 %add_ln53_5" [D:/lenet_project/handoff/LeNet_DSE_Framework_2022_2/LeNet_DSE_Framework_2022_2/src/lenet_conv.cpp:53]   --->   Operation 197 'zext' 'zext_ln53_2' <Predicate = (!icmp_ln53)> <Delay = 0.00>
ST_22 : Operation 198 [1/1] (1.87ns)   --->   "%add_ln53_6 = add i8 %zext_ln53_2, i8 %p_shl15_cast" [D:/lenet_project/handoff/LeNet_DSE_Framework_2022_2/LeNet_DSE_Framework_2022_2/src/lenet_conv.cpp:53]   --->   Operation 198 'add' 'add_ln53_6' <Predicate = (!icmp_ln53)> <Delay = 1.87> <CoreInst = "Adder">   --->   Core 1 'Adder' <Latency = 0> <II = 1> <Delay = 1.87> <FuncUnit> <Opcode : 'add' 'sub'> <InPorts = 2> <OutPorts = 1>
ST_22 : Operation 199 [1/1] (1.73ns)   --->   "%add_ln55 = add i4 %select_ln53, i4 1" [D:/lenet_project/handoff/LeNet_DSE_Framework_2022_2/LeNet_DSE_Framework_2022_2/src/lenet_conv.cpp:55]   --->   Operation 199 'add' 'add_ln55' <Predicate = (!icmp_ln53)> <Delay = 1.73> <CoreInst = "Adder">   --->   Core 1 'Adder' <Latency = 0> <II = 1> <Delay = 1.73> <FuncUnit> <Opcode : 'add' 'sub'> <InPorts = 2> <OutPorts = 1>
ST_22 : Operation 200 [1/1] (0.00ns)   --->   "%phi_mul227_load = load i14 %phi_mul227" [D:/lenet_project/handoff/LeNet_DSE_Framework_2022_2/LeNet_DSE_Framework_2022_2/src/lenet_conv.cpp:51]   --->   Operation 200 'load' 'phi_mul227_load' <Predicate = (icmp_ln53)> <Delay = 0.00>
ST_22 : Operation 201 [1/1] (1.81ns)   --->   "%add_ln51_7 = add i14 %phi_mul227_load, i14 600" [D:/lenet_project/handoff/LeNet_DSE_Framework_2022_2/LeNet_DSE_Framework_2022_2/src/lenet_conv.cpp:51]   --->   Operation 201 'add' 'add_ln51_7' <Predicate = (icmp_ln53)> <Delay = 1.81> <CoreInst = "Adder">   --->   Core 1 'Adder' <Latency = 0> <II = 1> <Delay = 1.81> <FuncUnit> <Opcode : 'add' 'sub'> <InPorts = 2> <OutPorts = 1>
ST_22 : Operation 202 [1/1] (1.58ns)   --->   "%store_ln51 = store i5 %add_ln51_4, i5 %output_channel_1" [D:/lenet_project/handoff/LeNet_DSE_Framework_2022_2/LeNet_DSE_Framework_2022_2/src/lenet_conv.cpp:51]   --->   Operation 202 'store' 'store_ln51' <Predicate = (icmp_ln53)> <Delay = 1.58>
ST_22 : Operation 203 [1/1] (1.58ns)   --->   "%store_ln51 = store i14 %add_ln51_7, i14 %phi_mul227" [D:/lenet_project/handoff/LeNet_DSE_Framework_2022_2/LeNet_DSE_Framework_2022_2/src/lenet_conv.cpp:51]   --->   Operation 203 'store' 'store_ln51' <Predicate = (icmp_ln53)> <Delay = 1.58>
ST_22 : Operation 204 [1/1] (0.00ns)   --->   "%br_ln51 = br void %OUTPUT_ROW.i16" [D:/lenet_project/handoff/LeNet_DSE_Framework_2022_2/LeNet_DSE_Framework_2022_2/src/lenet_conv.cpp:51]   --->   Operation 204 'br' 'br_ln51' <Predicate = (icmp_ln53)> <Delay = 0.00>

State 23 <SV = 19> <Delay = 7.30>
ST_23 : Operation 205 [7/7] (7.30ns)   --->   "%empty_103 = readreq i1 @_ssdm_op_ReadReq.m_axi.p1i32, i32 %gmem1_addr_1, i32 150" [D:/lenet_project/handoff/LeNet_DSE_Framework_2022_2/LeNet_DSE_Framework_2022_2/src/lenet_conv.cpp:59]   --->   Operation 205 'readreq' 'empty_103' <Predicate = true> <Delay = 7.30> <CoreInst = "m_axi">   --->   Core 113 'm_axi' <Latency = 0> <II = 1> <Delay = 1.00> <Adapter> <Opcode : 'read' 'write' 'readreq' 'writereq' 'writeresp'>

State 24 <SV = 20> <Delay = 7.30>
ST_24 : Operation 206 [6/7] (7.30ns)   --->   "%empty_103 = readreq i1 @_ssdm_op_ReadReq.m_axi.p1i32, i32 %gmem1_addr_1, i32 150" [D:/lenet_project/handoff/LeNet_DSE_Framework_2022_2/LeNet_DSE_Framework_2022_2/src/lenet_conv.cpp:59]   --->   Operation 206 'readreq' 'empty_103' <Predicate = true> <Delay = 7.30> <CoreInst = "m_axi">   --->   Core 113 'm_axi' <Latency = 0> <II = 1> <Delay = 1.00> <Adapter> <Opcode : 'read' 'write' 'readreq' 'writereq' 'writeresp'>

State 25 <SV = 21> <Delay = 7.30>
ST_25 : Operation 207 [5/7] (7.30ns)   --->   "%empty_103 = readreq i1 @_ssdm_op_ReadReq.m_axi.p1i32, i32 %gmem1_addr_1, i32 150" [D:/lenet_project/handoff/LeNet_DSE_Framework_2022_2/LeNet_DSE_Framework_2022_2/src/lenet_conv.cpp:59]   --->   Operation 207 'readreq' 'empty_103' <Predicate = true> <Delay = 7.30> <CoreInst = "m_axi">   --->   Core 113 'm_axi' <Latency = 0> <II = 1> <Delay = 1.00> <Adapter> <Opcode : 'read' 'write' 'readreq' 'writereq' 'writeresp'>

State 26 <SV = 22> <Delay = 7.30>
ST_26 : Operation 208 [4/7] (7.30ns)   --->   "%empty_103 = readreq i1 @_ssdm_op_ReadReq.m_axi.p1i32, i32 %gmem1_addr_1, i32 150" [D:/lenet_project/handoff/LeNet_DSE_Framework_2022_2/LeNet_DSE_Framework_2022_2/src/lenet_conv.cpp:59]   --->   Operation 208 'readreq' 'empty_103' <Predicate = true> <Delay = 7.30> <CoreInst = "m_axi">   --->   Core 113 'm_axi' <Latency = 0> <II = 1> <Delay = 1.00> <Adapter> <Opcode : 'read' 'write' 'readreq' 'writereq' 'writeresp'>

State 27 <SV = 23> <Delay = 7.30>
ST_27 : Operation 209 [3/7] (7.30ns)   --->   "%empty_103 = readreq i1 @_ssdm_op_ReadReq.m_axi.p1i32, i32 %gmem1_addr_1, i32 150" [D:/lenet_project/handoff/LeNet_DSE_Framework_2022_2/LeNet_DSE_Framework_2022_2/src/lenet_conv.cpp:59]   --->   Operation 209 'readreq' 'empty_103' <Predicate = true> <Delay = 7.30> <CoreInst = "m_axi">   --->   Core 113 'm_axi' <Latency = 0> <II = 1> <Delay = 1.00> <Adapter> <Opcode : 'read' 'write' 'readreq' 'writereq' 'writeresp'>

State 28 <SV = 24> <Delay = 7.30>
ST_28 : Operation 210 [2/7] (7.30ns)   --->   "%empty_103 = readreq i1 @_ssdm_op_ReadReq.m_axi.p1i32, i32 %gmem1_addr_1, i32 150" [D:/lenet_project/handoff/LeNet_DSE_Framework_2022_2/LeNet_DSE_Framework_2022_2/src/lenet_conv.cpp:59]   --->   Operation 210 'readreq' 'empty_103' <Predicate = true> <Delay = 7.30> <CoreInst = "m_axi">   --->   Core 113 'm_axi' <Latency = 0> <II = 1> <Delay = 1.00> <Adapter> <Opcode : 'read' 'write' 'readreq' 'writereq' 'writeresp'>

State 29 <SV = 25> <Delay = 7.30>
ST_29 : Operation 211 [1/1] (0.00ns)   --->   "%p_shl17_mid2 = bitconcatenate i11 @_ssdm_op_BitConcatenate.i11.i8.i3, i8 %add_ln53_6, i3 0" [D:/lenet_project/handoff/LeNet_DSE_Framework_2022_2/LeNet_DSE_Framework_2022_2/src/lenet_conv.cpp:53]   --->   Operation 211 'bitconcatenate' 'p_shl17_mid2' <Predicate = true> <Delay = 0.00>
ST_29 : Operation 212 [1/1] (0.00ns)   --->   "%p_shl18_mid2 = bitconcatenate i9 @_ssdm_op_BitConcatenate.i9.i8.i1, i8 %add_ln53_6, i1 0" [D:/lenet_project/handoff/LeNet_DSE_Framework_2022_2/LeNet_DSE_Framework_2022_2/src/lenet_conv.cpp:53]   --->   Operation 212 'bitconcatenate' 'p_shl18_mid2' <Predicate = true> <Delay = 0.00>
ST_29 : Operation 213 [1/1] (0.00ns)   --->   "%zext_ln55 = zext i4 %select_ln53" [D:/lenet_project/handoff/LeNet_DSE_Framework_2022_2/LeNet_DSE_Framework_2022_2/src/lenet_conv.cpp:55]   --->   Operation 213 'zext' 'zext_ln55' <Predicate = true> <Delay = 0.00>
ST_29 : Operation 214 [1/7] (7.30ns)   --->   "%empty_103 = readreq i1 @_ssdm_op_ReadReq.m_axi.p1i32, i32 %gmem1_addr_1, i32 150" [D:/lenet_project/handoff/LeNet_DSE_Framework_2022_2/LeNet_DSE_Framework_2022_2/src/lenet_conv.cpp:59]   --->   Operation 214 'readreq' 'empty_103' <Predicate = true> <Delay = 7.30> <CoreInst = "m_axi">   --->   Core 113 'm_axi' <Latency = 0> <II = 1> <Delay = 1.00> <Adapter> <Opcode : 'read' 'write' 'readreq' 'writereq' 'writeresp'>
ST_29 : Operation 215 [1/1] (1.82ns)   --->   "%add_ln76 = add i9 %p_shl18_mid2, i9 %zext_ln55" [D:/lenet_project/handoff/LeNet_DSE_Framework_2022_2/LeNet_DSE_Framework_2022_2/src/lenet_conv.cpp:76]   --->   Operation 215 'add' 'add_ln76' <Predicate = true> <Delay = 1.82> <CoreInst = "Adder">   --->   Core 1 'Adder' <Latency = 0> <II = 1> <Delay = 1.82> <FuncUnit> <Opcode : 'add' 'sub'> <InPorts = 2> <OutPorts = 1>
ST_29 : Operation 216 [1/1] (0.00ns)   --->   "%zext_ln76 = zext i9 %add_ln76" [D:/lenet_project/handoff/LeNet_DSE_Framework_2022_2/LeNet_DSE_Framework_2022_2/src/lenet_conv.cpp:76]   --->   Operation 216 'zext' 'zext_ln76' <Predicate = true> <Delay = 0.00>
ST_29 : Operation 217 [1/1] (1.63ns)   --->   "%add_ln76_1 = add i11 %zext_ln76, i11 %p_shl17_mid2" [D:/lenet_project/handoff/LeNet_DSE_Framework_2022_2/LeNet_DSE_Framework_2022_2/src/lenet_conv.cpp:76]   --->   Operation 217 'add' 'add_ln76_1' <Predicate = true> <Delay = 1.63> <CoreInst = "Adder">   --->   Core 1 'Adder' <Latency = 0> <II = 1> <Delay = 1.63> <FuncUnit> <Opcode : 'add' 'sub'> <InPorts = 2> <OutPorts = 1>

State 30 <SV = 26> <Delay = 5.49>
ST_30 : Operation 218 [2/2] (5.49ns)   --->   "%call_ln51 = call void @lenet_full_top_Pipeline_INPUT_CHANNEL, i32 %accumulator_1, i32 %gmem1, i32 %conv2_output, i11 %add_ln76_1, i62 %trunc_ln4, i4 %select_ln53_7, i4 %select_ln53, i32 %pool1_output" [D:/lenet_project/handoff/LeNet_DSE_Framework_2022_2/LeNet_DSE_Framework_2022_2/src/lenet_conv.cpp:51]   --->   Operation 218 'call' 'call_ln51' <Predicate = true> <Delay = 5.49> <CoreType = "Generic">   --->   Core 0 '' <Latency = 0> <II = 1> <Delay = 1.00> <Generic> <Opcode : >

State 31 <SV = 27> <Delay = 0.00>
ST_31 : Operation 219 [1/1] (0.00ns)   --->   "%specloopname_ln0 = specloopname void @_ssdm_op_SpecLoopName, void @OUTPUT_ROW_OUTPUT_COL_str"   --->   Operation 219 'specloopname' 'specloopname_ln0' <Predicate = true> <Delay = 0.00>
ST_31 : Operation 220 [1/1] (0.00ns)   --->   "%empty_102 = speclooptripcount i32 @_ssdm_op_SpecLoopTripCount, i64 100, i64 100, i64 100"   --->   Operation 220 'speclooptripcount' 'empty_102' <Predicate = true> <Delay = 0.00>
ST_31 : Operation 221 [1/1] (0.00ns)   --->   "%specloopname_ln55 = specloopname void @_ssdm_op_SpecLoopName, void @empty_21" [D:/lenet_project/handoff/LeNet_DSE_Framework_2022_2/LeNet_DSE_Framework_2022_2/src/lenet_conv.cpp:55]   --->   Operation 221 'specloopname' 'specloopname_ln55' <Predicate = true> <Delay = 0.00>
ST_31 : Operation 222 [1/2] (0.00ns)   --->   "%call_ln51 = call void @lenet_full_top_Pipeline_INPUT_CHANNEL, i32 %accumulator_1, i32 %gmem1, i32 %conv2_output, i11 %add_ln76_1, i62 %trunc_ln4, i4 %select_ln53_7, i4 %select_ln53, i32 %pool1_output" [D:/lenet_project/handoff/LeNet_DSE_Framework_2022_2/LeNet_DSE_Framework_2022_2/src/lenet_conv.cpp:51]   --->   Operation 222 'call' 'call_ln51' <Predicate = true> <Delay = 0.00> <CoreType = "Generic">   --->   Core 0 '' <Latency = 0> <II = 1> <Delay = 1.00> <Generic> <Opcode : >
ST_31 : Operation 223 [1/1] (0.00ns)   --->   "%br_ln55 = br void %INPUT_CHANNEL.i22" [D:/lenet_project/handoff/LeNet_DSE_Framework_2022_2/LeNet_DSE_Framework_2022_2/src/lenet_conv.cpp:55]   --->   Operation 223 'br' 'br_ln55' <Predicate = true> <Delay = 0.00>

State 32 <SV = 17> <Delay = 7.30>
ST_32 : Operation 224 [1/2] (0.00ns)   --->   "%call_ln0 = call void @lenet_full_top_Pipeline_POOL_CHANNEL_POOL_ROW_POOL_COL1, i32 %conv2_output, i32 %pool2_output"   --->   Operation 224 'call' 'call_ln0' <Predicate = true> <Delay = 0.00> <CoreType = "Generic">   --->   Core 0 '' <Latency = 0> <II = 1> <Delay = 1.00> <Generic> <Opcode : >
ST_32 : Operation 225 [1/1] (0.00ns)   --->   "%sext_ln51_2 = sext i62 %trunc_ln51_2" [D:/lenet_project/handoff/LeNet_DSE_Framework_2022_2/LeNet_DSE_Framework_2022_2/src/lenet_conv.cpp:51]   --->   Operation 225 'sext' 'sext_ln51_2' <Predicate = true> <Delay = 0.00>
ST_32 : Operation 226 [1/1] (0.00ns)   --->   "%gmem1_addr = getelementptr i32 %gmem1, i64 %sext_ln51_2" [D:/lenet_project/handoff/LeNet_DSE_Framework_2022_2/LeNet_DSE_Framework_2022_2/src/lenet_conv.cpp:51]   --->   Operation 226 'getelementptr' 'gmem1_addr' <Predicate = true> <Delay = 0.00>
ST_32 : Operation 227 [7/7] (7.30ns)   --->   "%empty_97 = readreq i1 @_ssdm_op_ReadReq.m_axi.p1i32, i32 %gmem1_addr, i32 48000" [D:/lenet_project/handoff/LeNet_DSE_Framework_2022_2/LeNet_DSE_Framework_2022_2/src/lenet_conv.cpp:51]   --->   Operation 227 'readreq' 'empty_97' <Predicate = true> <Delay = 7.30> <CoreInst = "m_axi">   --->   Core 113 'm_axi' <Latency = 0> <II = 1> <Delay = 1.00> <Adapter> <Opcode : 'read' 'write' 'readreq' 'writereq' 'writeresp'>
ST_32 : Operation 228 [7/7] (7.30ns)   --->   "%empty_98 = readreq i1 @_ssdm_op_ReadReq.m_axi.p1i32, i32 %gmem2_addr_2, i32 120" [D:/lenet_project/handoff/LeNet_DSE_Framework_2022_2/LeNet_DSE_Framework_2022_2/src/lenet_conv.cpp:51]   --->   Operation 228 'readreq' 'empty_98' <Predicate = true> <Delay = 7.30> <CoreInst = "m_axi">   --->   Core 113 'm_axi' <Latency = 0> <II = 1> <Delay = 1.00> <Adapter> <Opcode : 'read' 'write' 'readreq' 'writereq' 'writeresp'>

State 33 <SV = 18> <Delay = 7.30>
ST_33 : Operation 229 [6/7] (7.30ns)   --->   "%empty_97 = readreq i1 @_ssdm_op_ReadReq.m_axi.p1i32, i32 %gmem1_addr, i32 48000" [D:/lenet_project/handoff/LeNet_DSE_Framework_2022_2/LeNet_DSE_Framework_2022_2/src/lenet_conv.cpp:51]   --->   Operation 229 'readreq' 'empty_97' <Predicate = true> <Delay = 7.30> <CoreInst = "m_axi">   --->   Core 113 'm_axi' <Latency = 0> <II = 1> <Delay = 1.00> <Adapter> <Opcode : 'read' 'write' 'readreq' 'writereq' 'writeresp'>
ST_33 : Operation 230 [6/7] (7.30ns)   --->   "%empty_98 = readreq i1 @_ssdm_op_ReadReq.m_axi.p1i32, i32 %gmem2_addr_2, i32 120" [D:/lenet_project/handoff/LeNet_DSE_Framework_2022_2/LeNet_DSE_Framework_2022_2/src/lenet_conv.cpp:51]   --->   Operation 230 'readreq' 'empty_98' <Predicate = true> <Delay = 7.30> <CoreInst = "m_axi">   --->   Core 113 'm_axi' <Latency = 0> <II = 1> <Delay = 1.00> <Adapter> <Opcode : 'read' 'write' 'readreq' 'writereq' 'writeresp'>

State 34 <SV = 19> <Delay = 7.30>
ST_34 : Operation 231 [5/7] (7.30ns)   --->   "%empty_97 = readreq i1 @_ssdm_op_ReadReq.m_axi.p1i32, i32 %gmem1_addr, i32 48000" [D:/lenet_project/handoff/LeNet_DSE_Framework_2022_2/LeNet_DSE_Framework_2022_2/src/lenet_conv.cpp:51]   --->   Operation 231 'readreq' 'empty_97' <Predicate = true> <Delay = 7.30> <CoreInst = "m_axi">   --->   Core 113 'm_axi' <Latency = 0> <II = 1> <Delay = 1.00> <Adapter> <Opcode : 'read' 'write' 'readreq' 'writereq' 'writeresp'>
ST_34 : Operation 232 [5/7] (7.30ns)   --->   "%empty_98 = readreq i1 @_ssdm_op_ReadReq.m_axi.p1i32, i32 %gmem2_addr_2, i32 120" [D:/lenet_project/handoff/LeNet_DSE_Framework_2022_2/LeNet_DSE_Framework_2022_2/src/lenet_conv.cpp:51]   --->   Operation 232 'readreq' 'empty_98' <Predicate = true> <Delay = 7.30> <CoreInst = "m_axi">   --->   Core 113 'm_axi' <Latency = 0> <II = 1> <Delay = 1.00> <Adapter> <Opcode : 'read' 'write' 'readreq' 'writereq' 'writeresp'>

State 35 <SV = 20> <Delay = 7.30>
ST_35 : Operation 233 [4/7] (7.30ns)   --->   "%empty_97 = readreq i1 @_ssdm_op_ReadReq.m_axi.p1i32, i32 %gmem1_addr, i32 48000" [D:/lenet_project/handoff/LeNet_DSE_Framework_2022_2/LeNet_DSE_Framework_2022_2/src/lenet_conv.cpp:51]   --->   Operation 233 'readreq' 'empty_97' <Predicate = true> <Delay = 7.30> <CoreInst = "m_axi">   --->   Core 113 'm_axi' <Latency = 0> <II = 1> <Delay = 1.00> <Adapter> <Opcode : 'read' 'write' 'readreq' 'writereq' 'writeresp'>
ST_35 : Operation 234 [4/7] (7.30ns)   --->   "%empty_98 = readreq i1 @_ssdm_op_ReadReq.m_axi.p1i32, i32 %gmem2_addr_2, i32 120" [D:/lenet_project/handoff/LeNet_DSE_Framework_2022_2/LeNet_DSE_Framework_2022_2/src/lenet_conv.cpp:51]   --->   Operation 234 'readreq' 'empty_98' <Predicate = true> <Delay = 7.30> <CoreInst = "m_axi">   --->   Core 113 'm_axi' <Latency = 0> <II = 1> <Delay = 1.00> <Adapter> <Opcode : 'read' 'write' 'readreq' 'writereq' 'writeresp'>

State 36 <SV = 21> <Delay = 7.30>
ST_36 : Operation 235 [3/7] (7.30ns)   --->   "%empty_97 = readreq i1 @_ssdm_op_ReadReq.m_axi.p1i32, i32 %gmem1_addr, i32 48000" [D:/lenet_project/handoff/LeNet_DSE_Framework_2022_2/LeNet_DSE_Framework_2022_2/src/lenet_conv.cpp:51]   --->   Operation 235 'readreq' 'empty_97' <Predicate = true> <Delay = 7.30> <CoreInst = "m_axi">   --->   Core 113 'm_axi' <Latency = 0> <II = 1> <Delay = 1.00> <Adapter> <Opcode : 'read' 'write' 'readreq' 'writereq' 'writeresp'>
ST_36 : Operation 236 [3/7] (7.30ns)   --->   "%empty_98 = readreq i1 @_ssdm_op_ReadReq.m_axi.p1i32, i32 %gmem2_addr_2, i32 120" [D:/lenet_project/handoff/LeNet_DSE_Framework_2022_2/LeNet_DSE_Framework_2022_2/src/lenet_conv.cpp:51]   --->   Operation 236 'readreq' 'empty_98' <Predicate = true> <Delay = 7.30> <CoreInst = "m_axi">   --->   Core 113 'm_axi' <Latency = 0> <II = 1> <Delay = 1.00> <Adapter> <Opcode : 'read' 'write' 'readreq' 'writereq' 'writeresp'>

State 37 <SV = 22> <Delay = 7.30>
ST_37 : Operation 237 [2/7] (7.30ns)   --->   "%empty_97 = readreq i1 @_ssdm_op_ReadReq.m_axi.p1i32, i32 %gmem1_addr, i32 48000" [D:/lenet_project/handoff/LeNet_DSE_Framework_2022_2/LeNet_DSE_Framework_2022_2/src/lenet_conv.cpp:51]   --->   Operation 237 'readreq' 'empty_97' <Predicate = true> <Delay = 7.30> <CoreInst = "m_axi">   --->   Core 113 'm_axi' <Latency = 0> <II = 1> <Delay = 1.00> <Adapter> <Opcode : 'read' 'write' 'readreq' 'writereq' 'writeresp'>
ST_37 : Operation 238 [2/7] (7.30ns)   --->   "%empty_98 = readreq i1 @_ssdm_op_ReadReq.m_axi.p1i32, i32 %gmem2_addr_2, i32 120" [D:/lenet_project/handoff/LeNet_DSE_Framework_2022_2/LeNet_DSE_Framework_2022_2/src/lenet_conv.cpp:51]   --->   Operation 238 'readreq' 'empty_98' <Predicate = true> <Delay = 7.30> <CoreInst = "m_axi">   --->   Core 113 'm_axi' <Latency = 0> <II = 1> <Delay = 1.00> <Adapter> <Opcode : 'read' 'write' 'readreq' 'writereq' 'writeresp'>

State 38 <SV = 23> <Delay = 7.30>
ST_38 : Operation 239 [1/7] (7.30ns)   --->   "%empty_97 = readreq i1 @_ssdm_op_ReadReq.m_axi.p1i32, i32 %gmem1_addr, i32 48000" [D:/lenet_project/handoff/LeNet_DSE_Framework_2022_2/LeNet_DSE_Framework_2022_2/src/lenet_conv.cpp:51]   --->   Operation 239 'readreq' 'empty_97' <Predicate = true> <Delay = 7.30> <CoreInst = "m_axi">   --->   Core 113 'm_axi' <Latency = 0> <II = 1> <Delay = 1.00> <Adapter> <Opcode : 'read' 'write' 'readreq' 'writereq' 'writeresp'>
ST_38 : Operation 240 [1/7] (7.30ns)   --->   "%empty_98 = readreq i1 @_ssdm_op_ReadReq.m_axi.p1i32, i32 %gmem2_addr_2, i32 120" [D:/lenet_project/handoff/LeNet_DSE_Framework_2022_2/LeNet_DSE_Framework_2022_2/src/lenet_conv.cpp:51]   --->   Operation 240 'readreq' 'empty_98' <Predicate = true> <Delay = 7.30> <CoreInst = "m_axi">   --->   Core 113 'm_axi' <Latency = 0> <II = 1> <Delay = 1.00> <Adapter> <Opcode : 'read' 'write' 'readreq' 'writereq' 'writeresp'>
ST_38 : Operation 241 [1/1] (0.00ns)   --->   "%br_ln51 = br void %OUTPUT_ROW.i119" [D:/lenet_project/handoff/LeNet_DSE_Framework_2022_2/LeNet_DSE_Framework_2022_2/src/lenet_conv.cpp:51]   --->   Operation 241 'br' 'br_ln51' <Predicate = true> <Delay = 0.00>

State 39 <SV = 24> <Delay = 3.52>
ST_39 : Operation 242 [1/1] (0.00ns)   --->   "%output_channel_5 = load i7 %output_channel_3" [D:/lenet_project/handoff/LeNet_DSE_Framework_2022_2/LeNet_DSE_Framework_2022_2/src/lenet_conv.cpp:51]   --->   Operation 242 'load' 'output_channel_5' <Predicate = true> <Delay = 0.00>
ST_39 : Operation 243 [1/1] (1.48ns)   --->   "%icmp_ln51_2 = icmp_eq  i7 %output_channel_5, i7 120" [D:/lenet_project/handoff/LeNet_DSE_Framework_2022_2/LeNet_DSE_Framework_2022_2/src/lenet_conv.cpp:51]   --->   Operation 243 'icmp' 'icmp_ln51_2' <Predicate = true> <Delay = 1.48> <CoreInst = "Cmp">   --->   Core 9 'Cmp' <Latency = 0> <II = 1> <Delay = 1.48> <FuncUnit> <Opcode : 'icmp'> <InPorts = 2> <OutPorts = 1>
ST_39 : Operation 244 [1/1] (0.00ns)   --->   "%empty_104 = speclooptripcount i32 @_ssdm_op_SpecLoopTripCount, i64 120, i64 120, i64 120"   --->   Operation 244 'speclooptripcount' 'empty_104' <Predicate = true> <Delay = 0.00>
ST_39 : Operation 245 [1/1] (1.87ns)   --->   "%add_ln51_5 = add i7 %output_channel_5, i7 1" [D:/lenet_project/handoff/LeNet_DSE_Framework_2022_2/LeNet_DSE_Framework_2022_2/src/lenet_conv.cpp:51]   --->   Operation 245 'add' 'add_ln51_5' <Predicate = true> <Delay = 1.87> <CoreInst = "Adder">   --->   Core 1 'Adder' <Latency = 0> <II = 1> <Delay = 1.87> <FuncUnit> <Opcode : 'add' 'sub'> <InPorts = 2> <OutPorts = 1>
ST_39 : Operation 246 [1/1] (0.00ns)   --->   "%br_ln51 = br i1 %icmp_ln51_2, void %OUTPUT_ROW.i119.split, void %for.body.i.preheader" [D:/lenet_project/handoff/LeNet_DSE_Framework_2022_2/LeNet_DSE_Framework_2022_2/src/lenet_conv.cpp:51]   --->   Operation 246 'br' 'br_ln51' <Predicate = true> <Delay = 0.00>
ST_39 : Operation 247 [1/1] (1.58ns)   --->   "%store_ln51 = store i7 %add_ln51_5, i7 %output_channel_3" [D:/lenet_project/handoff/LeNet_DSE_Framework_2022_2/LeNet_DSE_Framework_2022_2/src/lenet_conv.cpp:51]   --->   Operation 247 'store' 'store_ln51' <Predicate = (!icmp_ln51_2)> <Delay = 1.58>
ST_39 : Operation 248 [1/1] (0.00ns)   --->   "%output_index = alloca i32 1"   --->   Operation 248 'alloca' 'output_index' <Predicate = (icmp_ln51_2)> <Delay = 0.00>
ST_39 : Operation 249 [2/2] (0.00ns)   --->   "%call_ln0 = call void @lenet_full_top_Pipeline_RELU_LOOP, i32 %conv3_output, i32 %conv3_relu"   --->   Operation 249 'call' 'call_ln0' <Predicate = (icmp_ln51_2)> <Delay = 0.00> <CoreType = "Generic">   --->   Core 0 '' <Latency = 0> <II = 1> <Delay = 1.00> <Generic> <Opcode : >
ST_39 : Operation 250 [1/1] (3.52ns)   --->   "%add_ln139 = add i64 %weight_read, i64 202200" [D:/lenet_project/handoff/LeNet_DSE_Framework_2022_2/LeNet_DSE_Framework_2022_2/src/lenet_conv.cpp:139]   --->   Operation 250 'add' 'add_ln139' <Predicate = (icmp_ln51_2)> <Delay = 3.52> <CoreInst = "Adder">   --->   Core 1 'Adder' <Latency = 0> <II = 1> <Delay = 3.52> <FuncUnit> <Opcode : 'add' 'sub'> <InPorts = 2> <OutPorts = 1>
ST_39 : Operation 251 [1/1] (0.00ns)   --->   "%trunc_ln5 = partselect i62 @_ssdm_op_PartSelect.i62.i64.i32.i32, i64 %add_ln139, i32 2, i32 63" [D:/lenet_project/handoff/LeNet_DSE_Framework_2022_2/LeNet_DSE_Framework_2022_2/src/lenet_conv.cpp:139]   --->   Operation 251 'partselect' 'trunc_ln5' <Predicate = (icmp_ln51_2)> <Delay = 0.00>
ST_39 : Operation 252 [1/1] (3.52ns)   --->   "%add_ln139_1 = add i64 %bias_read, i64 568" [D:/lenet_project/handoff/LeNet_DSE_Framework_2022_2/LeNet_DSE_Framework_2022_2/src/lenet_conv.cpp:139]   --->   Operation 252 'add' 'add_ln139_1' <Predicate = (icmp_ln51_2)> <Delay = 3.52> <CoreInst = "Adder">   --->   Core 1 'Adder' <Latency = 0> <II = 1> <Delay = 3.52> <FuncUnit> <Opcode : 'add' 'sub'> <InPorts = 2> <OutPorts = 1>
ST_39 : Operation 253 [1/1] (0.00ns)   --->   "%trunc_ln139_1 = partselect i62 @_ssdm_op_PartSelect.i62.i64.i32.i32, i64 %add_ln139_1, i32 2, i32 63" [D:/lenet_project/handoff/LeNet_DSE_Framework_2022_2/LeNet_DSE_Framework_2022_2/src/lenet_conv.cpp:139]   --->   Operation 253 'partselect' 'trunc_ln139_1' <Predicate = (icmp_ln51_2)> <Delay = 0.00>
ST_39 : Operation 254 [1/1] (0.00ns)   --->   "%sext_ln139_1 = sext i62 %trunc_ln139_1" [D:/lenet_project/handoff/LeNet_DSE_Framework_2022_2/LeNet_DSE_Framework_2022_2/src/lenet_conv.cpp:139]   --->   Operation 254 'sext' 'sext_ln139_1' <Predicate = (icmp_ln51_2)> <Delay = 0.00>
ST_39 : Operation 255 [1/1] (0.00ns)   --->   "%gmem2_addr_3 = getelementptr i32 %gmem2, i64 %sext_ln139_1" [D:/lenet_project/handoff/LeNet_DSE_Framework_2022_2/LeNet_DSE_Framework_2022_2/src/lenet_conv.cpp:139]   --->   Operation 255 'getelementptr' 'gmem2_addr_3' <Predicate = (icmp_ln51_2)> <Delay = 0.00>
ST_39 : Operation 256 [1/1] (1.58ns)   --->   "%store_ln139 = store i7 0, i7 %output_index" [D:/lenet_project/handoff/LeNet_DSE_Framework_2022_2/LeNet_DSE_Framework_2022_2/src/lenet_conv.cpp:139]   --->   Operation 256 'store' 'store_ln139' <Predicate = (icmp_ln51_2)> <Delay = 1.58>

State 40 <SV = 25> <Delay = 7.30>
ST_40 : Operation 257 [1/1] (7.30ns)   --->   "%gmem2_addr_2_read = read i32 @_ssdm_op_Read.m_axi.p1i32, i32 %gmem2_addr_2" [D:/lenet_project/handoff/LeNet_DSE_Framework_2022_2/LeNet_DSE_Framework_2022_2/src/lenet_conv.cpp:51]   --->   Operation 257 'read' 'gmem2_addr_2_read' <Predicate = true> <Delay = 7.30> <CoreInst = "m_axi">   --->   Core 113 'm_axi' <Latency = 0> <II = 1> <Delay = 1.00> <Adapter> <Opcode : 'read' 'write' 'readreq' 'writereq' 'writeresp'>

State 41 <SV = 26> <Delay = 1.58>
ST_41 : Operation 258 [1/1] (0.00ns)   --->   "%accumulator = bitcast i32 %gmem2_addr_2_read" [D:/lenet_project/handoff/LeNet_DSE_Framework_2022_2/LeNet_DSE_Framework_2022_2/src/lenet_conv.cpp:51]   --->   Operation 258 'bitcast' 'accumulator' <Predicate = true> <Delay = 0.00>
ST_41 : Operation 259 [2/2] (1.58ns)   --->   "%call_ln51 = call void @lenet_full_top_Pipeline_INPUT_CHANNEL2, i32 %accumulator, i32 %gmem1, i32 %conv3_output, i7 %output_channel_5, i62 %trunc_ln51_2, i32 %pool2_output" [D:/lenet_project/handoff/LeNet_DSE_Framework_2022_2/LeNet_DSE_Framework_2022_2/src/lenet_conv.cpp:51]   --->   Operation 259 'call' 'call_ln51' <Predicate = true> <Delay = 1.58> <CoreType = "Generic">   --->   Core 0 '' <Latency = 0> <II = 1> <Delay = 1.00> <Generic> <Opcode : >

State 42 <SV = 27> <Delay = 0.00>
ST_42 : Operation 260 [1/1] (0.00ns)   --->   "%specloopname_ln51 = specloopname void @_ssdm_op_SpecLoopName, void @empty_19" [D:/lenet_project/handoff/LeNet_DSE_Framework_2022_2/LeNet_DSE_Framework_2022_2/src/lenet_conv.cpp:51]   --->   Operation 260 'specloopname' 'specloopname_ln51' <Predicate = true> <Delay = 0.00>
ST_42 : Operation 261 [1/2] (0.00ns)   --->   "%call_ln51 = call void @lenet_full_top_Pipeline_INPUT_CHANNEL2, i32 %accumulator, i32 %gmem1, i32 %conv3_output, i7 %output_channel_5, i62 %trunc_ln51_2, i32 %pool2_output" [D:/lenet_project/handoff/LeNet_DSE_Framework_2022_2/LeNet_DSE_Framework_2022_2/src/lenet_conv.cpp:51]   --->   Operation 261 'call' 'call_ln51' <Predicate = true> <Delay = 0.00> <CoreType = "Generic">   --->   Core 0 '' <Latency = 0> <II = 1> <Delay = 1.00> <Generic> <Opcode : >
ST_42 : Operation 262 [1/1] (0.00ns)   --->   "%br_ln51 = br void %OUTPUT_ROW.i119" [D:/lenet_project/handoff/LeNet_DSE_Framework_2022_2/LeNet_DSE_Framework_2022_2/src/lenet_conv.cpp:51]   --->   Operation 262 'br' 'br_ln51' <Predicate = true> <Delay = 0.00>

State 43 <SV = 25> <Delay = 7.30>
ST_43 : Operation 263 [1/2] (0.00ns)   --->   "%call_ln0 = call void @lenet_full_top_Pipeline_RELU_LOOP, i32 %conv3_output, i32 %conv3_relu"   --->   Operation 263 'call' 'call_ln0' <Predicate = true> <Delay = 0.00> <CoreType = "Generic">   --->   Core 0 '' <Latency = 0> <II = 1> <Delay = 1.00> <Generic> <Opcode : >
ST_43 : Operation 264 [1/1] (0.00ns)   --->   "%sext_ln139 = sext i62 %trunc_ln5" [D:/lenet_project/handoff/LeNet_DSE_Framework_2022_2/LeNet_DSE_Framework_2022_2/src/lenet_conv.cpp:139]   --->   Operation 264 'sext' 'sext_ln139' <Predicate = true> <Delay = 0.00>
ST_43 : Operation 265 [1/1] (0.00ns)   --->   "%gmem1_addr_2 = getelementptr i32 %gmem1, i64 %sext_ln139" [D:/lenet_project/handoff/LeNet_DSE_Framework_2022_2/LeNet_DSE_Framework_2022_2/src/lenet_conv.cpp:139]   --->   Operation 265 'getelementptr' 'gmem1_addr_2' <Predicate = true> <Delay = 0.00>
ST_43 : Operation 266 [7/7] (7.30ns)   --->   "%empty_105 = readreq i1 @_ssdm_op_ReadReq.m_axi.p1i32, i32 %gmem1_addr_2, i32 10080" [D:/lenet_project/handoff/LeNet_DSE_Framework_2022_2/LeNet_DSE_Framework_2022_2/src/lenet_conv.cpp:139]   --->   Operation 266 'readreq' 'empty_105' <Predicate = true> <Delay = 7.30> <CoreInst = "m_axi">   --->   Core 113 'm_axi' <Latency = 0> <II = 1> <Delay = 1.00> <Adapter> <Opcode : 'read' 'write' 'readreq' 'writereq' 'writeresp'>
ST_43 : Operation 267 [7/7] (7.30ns)   --->   "%empty_106 = readreq i1 @_ssdm_op_ReadReq.m_axi.p1i32, i32 %gmem2_addr_3, i32 84" [D:/lenet_project/handoff/LeNet_DSE_Framework_2022_2/LeNet_DSE_Framework_2022_2/src/lenet_conv.cpp:139]   --->   Operation 267 'readreq' 'empty_106' <Predicate = true> <Delay = 7.30> <CoreInst = "m_axi">   --->   Core 113 'm_axi' <Latency = 0> <II = 1> <Delay = 1.00> <Adapter> <Opcode : 'read' 'write' 'readreq' 'writereq' 'writeresp'>

State 44 <SV = 26> <Delay = 7.30>
ST_44 : Operation 268 [6/7] (7.30ns)   --->   "%empty_105 = readreq i1 @_ssdm_op_ReadReq.m_axi.p1i32, i32 %gmem1_addr_2, i32 10080" [D:/lenet_project/handoff/LeNet_DSE_Framework_2022_2/LeNet_DSE_Framework_2022_2/src/lenet_conv.cpp:139]   --->   Operation 268 'readreq' 'empty_105' <Predicate = true> <Delay = 7.30> <CoreInst = "m_axi">   --->   Core 113 'm_axi' <Latency = 0> <II = 1> <Delay = 1.00> <Adapter> <Opcode : 'read' 'write' 'readreq' 'writereq' 'writeresp'>
ST_44 : Operation 269 [6/7] (7.30ns)   --->   "%empty_106 = readreq i1 @_ssdm_op_ReadReq.m_axi.p1i32, i32 %gmem2_addr_3, i32 84" [D:/lenet_project/handoff/LeNet_DSE_Framework_2022_2/LeNet_DSE_Framework_2022_2/src/lenet_conv.cpp:139]   --->   Operation 269 'readreq' 'empty_106' <Predicate = true> <Delay = 7.30> <CoreInst = "m_axi">   --->   Core 113 'm_axi' <Latency = 0> <II = 1> <Delay = 1.00> <Adapter> <Opcode : 'read' 'write' 'readreq' 'writereq' 'writeresp'>

State 45 <SV = 27> <Delay = 7.30>
ST_45 : Operation 270 [5/7] (7.30ns)   --->   "%empty_105 = readreq i1 @_ssdm_op_ReadReq.m_axi.p1i32, i32 %gmem1_addr_2, i32 10080" [D:/lenet_project/handoff/LeNet_DSE_Framework_2022_2/LeNet_DSE_Framework_2022_2/src/lenet_conv.cpp:139]   --->   Operation 270 'readreq' 'empty_105' <Predicate = true> <Delay = 7.30> <CoreInst = "m_axi">   --->   Core 113 'm_axi' <Latency = 0> <II = 1> <Delay = 1.00> <Adapter> <Opcode : 'read' 'write' 'readreq' 'writereq' 'writeresp'>
ST_45 : Operation 271 [5/7] (7.30ns)   --->   "%empty_106 = readreq i1 @_ssdm_op_ReadReq.m_axi.p1i32, i32 %gmem2_addr_3, i32 84" [D:/lenet_project/handoff/LeNet_DSE_Framework_2022_2/LeNet_DSE_Framework_2022_2/src/lenet_conv.cpp:139]   --->   Operation 271 'readreq' 'empty_106' <Predicate = true> <Delay = 7.30> <CoreInst = "m_axi">   --->   Core 113 'm_axi' <Latency = 0> <II = 1> <Delay = 1.00> <Adapter> <Opcode : 'read' 'write' 'readreq' 'writereq' 'writeresp'>

State 46 <SV = 28> <Delay = 7.30>
ST_46 : Operation 272 [4/7] (7.30ns)   --->   "%empty_105 = readreq i1 @_ssdm_op_ReadReq.m_axi.p1i32, i32 %gmem1_addr_2, i32 10080" [D:/lenet_project/handoff/LeNet_DSE_Framework_2022_2/LeNet_DSE_Framework_2022_2/src/lenet_conv.cpp:139]   --->   Operation 272 'readreq' 'empty_105' <Predicate = true> <Delay = 7.30> <CoreInst = "m_axi">   --->   Core 113 'm_axi' <Latency = 0> <II = 1> <Delay = 1.00> <Adapter> <Opcode : 'read' 'write' 'readreq' 'writereq' 'writeresp'>
ST_46 : Operation 273 [4/7] (7.30ns)   --->   "%empty_106 = readreq i1 @_ssdm_op_ReadReq.m_axi.p1i32, i32 %gmem2_addr_3, i32 84" [D:/lenet_project/handoff/LeNet_DSE_Framework_2022_2/LeNet_DSE_Framework_2022_2/src/lenet_conv.cpp:139]   --->   Operation 273 'readreq' 'empty_106' <Predicate = true> <Delay = 7.30> <CoreInst = "m_axi">   --->   Core 113 'm_axi' <Latency = 0> <II = 1> <Delay = 1.00> <Adapter> <Opcode : 'read' 'write' 'readreq' 'writereq' 'writeresp'>

State 47 <SV = 29> <Delay = 7.30>
ST_47 : Operation 274 [3/7] (7.30ns)   --->   "%empty_105 = readreq i1 @_ssdm_op_ReadReq.m_axi.p1i32, i32 %gmem1_addr_2, i32 10080" [D:/lenet_project/handoff/LeNet_DSE_Framework_2022_2/LeNet_DSE_Framework_2022_2/src/lenet_conv.cpp:139]   --->   Operation 274 'readreq' 'empty_105' <Predicate = true> <Delay = 7.30> <CoreInst = "m_axi">   --->   Core 113 'm_axi' <Latency = 0> <II = 1> <Delay = 1.00> <Adapter> <Opcode : 'read' 'write' 'readreq' 'writereq' 'writeresp'>
ST_47 : Operation 275 [3/7] (7.30ns)   --->   "%empty_106 = readreq i1 @_ssdm_op_ReadReq.m_axi.p1i32, i32 %gmem2_addr_3, i32 84" [D:/lenet_project/handoff/LeNet_DSE_Framework_2022_2/LeNet_DSE_Framework_2022_2/src/lenet_conv.cpp:139]   --->   Operation 275 'readreq' 'empty_106' <Predicate = true> <Delay = 7.30> <CoreInst = "m_axi">   --->   Core 113 'm_axi' <Latency = 0> <II = 1> <Delay = 1.00> <Adapter> <Opcode : 'read' 'write' 'readreq' 'writereq' 'writeresp'>

State 48 <SV = 30> <Delay = 7.30>
ST_48 : Operation 276 [2/7] (7.30ns)   --->   "%empty_105 = readreq i1 @_ssdm_op_ReadReq.m_axi.p1i32, i32 %gmem1_addr_2, i32 10080" [D:/lenet_project/handoff/LeNet_DSE_Framework_2022_2/LeNet_DSE_Framework_2022_2/src/lenet_conv.cpp:139]   --->   Operation 276 'readreq' 'empty_105' <Predicate = true> <Delay = 7.30> <CoreInst = "m_axi">   --->   Core 113 'm_axi' <Latency = 0> <II = 1> <Delay = 1.00> <Adapter> <Opcode : 'read' 'write' 'readreq' 'writereq' 'writeresp'>
ST_48 : Operation 277 [2/7] (7.30ns)   --->   "%empty_106 = readreq i1 @_ssdm_op_ReadReq.m_axi.p1i32, i32 %gmem2_addr_3, i32 84" [D:/lenet_project/handoff/LeNet_DSE_Framework_2022_2/LeNet_DSE_Framework_2022_2/src/lenet_conv.cpp:139]   --->   Operation 277 'readreq' 'empty_106' <Predicate = true> <Delay = 7.30> <CoreInst = "m_axi">   --->   Core 113 'm_axi' <Latency = 0> <II = 1> <Delay = 1.00> <Adapter> <Opcode : 'read' 'write' 'readreq' 'writereq' 'writeresp'>

State 49 <SV = 31> <Delay = 7.30>
ST_49 : Operation 278 [1/7] (7.30ns)   --->   "%empty_105 = readreq i1 @_ssdm_op_ReadReq.m_axi.p1i32, i32 %gmem1_addr_2, i32 10080" [D:/lenet_project/handoff/LeNet_DSE_Framework_2022_2/LeNet_DSE_Framework_2022_2/src/lenet_conv.cpp:139]   --->   Operation 278 'readreq' 'empty_105' <Predicate = true> <Delay = 7.30> <CoreInst = "m_axi">   --->   Core 113 'm_axi' <Latency = 0> <II = 1> <Delay = 1.00> <Adapter> <Opcode : 'read' 'write' 'readreq' 'writereq' 'writeresp'>
ST_49 : Operation 279 [1/7] (7.30ns)   --->   "%empty_106 = readreq i1 @_ssdm_op_ReadReq.m_axi.p1i32, i32 %gmem2_addr_3, i32 84" [D:/lenet_project/handoff/LeNet_DSE_Framework_2022_2/LeNet_DSE_Framework_2022_2/src/lenet_conv.cpp:139]   --->   Operation 279 'readreq' 'empty_106' <Predicate = true> <Delay = 7.30> <CoreInst = "m_axi">   --->   Core 113 'm_axi' <Latency = 0> <II = 1> <Delay = 1.00> <Adapter> <Opcode : 'read' 'write' 'readreq' 'writereq' 'writeresp'>
ST_49 : Operation 280 [1/1] (0.00ns)   --->   "%br_ln139 = br void %DENSE_INPUT.i" [D:/lenet_project/handoff/LeNet_DSE_Framework_2022_2/LeNet_DSE_Framework_2022_2/src/lenet_conv.cpp:139]   --->   Operation 280 'br' 'br_ln139' <Predicate = true> <Delay = 0.00>

State 50 <SV = 32> <Delay = 3.52>
ST_50 : Operation 281 [1/1] (0.00ns)   --->   "%output_index_2 = load i7 %output_index" [D:/lenet_project/handoff/LeNet_DSE_Framework_2022_2/LeNet_DSE_Framework_2022_2/src/lenet_conv.cpp:139]   --->   Operation 281 'load' 'output_index_2' <Predicate = true> <Delay = 0.00>
ST_50 : Operation 282 [1/1] (1.48ns)   --->   "%icmp_ln139 = icmp_eq  i7 %output_index_2, i7 84" [D:/lenet_project/handoff/LeNet_DSE_Framework_2022_2/LeNet_DSE_Framework_2022_2/src/lenet_conv.cpp:139]   --->   Operation 282 'icmp' 'icmp_ln139' <Predicate = true> <Delay = 1.48> <CoreInst = "Cmp">   --->   Core 9 'Cmp' <Latency = 0> <II = 1> <Delay = 1.48> <FuncUnit> <Opcode : 'icmp'> <InPorts = 2> <OutPorts = 1>
ST_50 : Operation 283 [1/1] (0.00ns)   --->   "%empty_107 = speclooptripcount i32 @_ssdm_op_SpecLoopTripCount, i64 84, i64 84, i64 84"   --->   Operation 283 'speclooptripcount' 'empty_107' <Predicate = true> <Delay = 0.00>
ST_50 : Operation 284 [1/1] (1.87ns)   --->   "%add_ln139_4 = add i7 %output_index_2, i7 1" [D:/lenet_project/handoff/LeNet_DSE_Framework_2022_2/LeNet_DSE_Framework_2022_2/src/lenet_conv.cpp:139]   --->   Operation 284 'add' 'add_ln139_4' <Predicate = true> <Delay = 1.87> <CoreInst = "Adder">   --->   Core 1 'Adder' <Latency = 0> <II = 1> <Delay = 1.87> <FuncUnit> <Opcode : 'add' 'sub'> <InPorts = 2> <OutPorts = 1>
ST_50 : Operation 285 [1/1] (0.00ns)   --->   "%br_ln139 = br i1 %icmp_ln139, void %DENSE_INPUT.i.split, void %for.body.i183.preheader" [D:/lenet_project/handoff/LeNet_DSE_Framework_2022_2/LeNet_DSE_Framework_2022_2/src/lenet_conv.cpp:139]   --->   Operation 285 'br' 'br_ln139' <Predicate = true> <Delay = 0.00>
ST_50 : Operation 286 [1/1] (1.58ns)   --->   "%store_ln139 = store i7 %add_ln139_4, i7 %output_index" [D:/lenet_project/handoff/LeNet_DSE_Framework_2022_2/LeNet_DSE_Framework_2022_2/src/lenet_conv.cpp:139]   --->   Operation 286 'store' 'store_ln139' <Predicate = (!icmp_ln139)> <Delay = 1.58>
ST_50 : Operation 287 [1/1] (0.00ns)   --->   "%output_index_1 = alloca i32 1"   --->   Operation 287 'alloca' 'output_index_1' <Predicate = (icmp_ln139)> <Delay = 0.00>
ST_50 : Operation 288 [2/2] (0.00ns)   --->   "%call_ln0 = call void @lenet_full_top_Pipeline_RELU_LOOP3, i32 %fc1_output, i32 %fc1_relu"   --->   Operation 288 'call' 'call_ln0' <Predicate = (icmp_ln139)> <Delay = 0.00> <CoreType = "Generic">   --->   Core 0 '' <Latency = 0> <II = 1> <Delay = 1.00> <Generic> <Opcode : >
ST_50 : Operation 289 [1/1] (3.52ns)   --->   "%add_ln139_2 = add i64 %weight_read, i64 242520" [D:/lenet_project/handoff/LeNet_DSE_Framework_2022_2/LeNet_DSE_Framework_2022_2/src/lenet_conv.cpp:139]   --->   Operation 289 'add' 'add_ln139_2' <Predicate = (icmp_ln139)> <Delay = 3.52> <CoreInst = "Adder">   --->   Core 1 'Adder' <Latency = 0> <II = 1> <Delay = 3.52> <FuncUnit> <Opcode : 'add' 'sub'> <InPorts = 2> <OutPorts = 1>
ST_50 : Operation 290 [1/1] (0.00ns)   --->   "%trunc_ln139_2 = partselect i62 @_ssdm_op_PartSelect.i62.i64.i32.i32, i64 %add_ln139_2, i32 2, i32 63" [D:/lenet_project/handoff/LeNet_DSE_Framework_2022_2/LeNet_DSE_Framework_2022_2/src/lenet_conv.cpp:139]   --->   Operation 290 'partselect' 'trunc_ln139_2' <Predicate = (icmp_ln139)> <Delay = 0.00>
ST_50 : Operation 291 [1/1] (3.52ns)   --->   "%add_ln139_3 = add i64 %bias_read, i64 904" [D:/lenet_project/handoff/LeNet_DSE_Framework_2022_2/LeNet_DSE_Framework_2022_2/src/lenet_conv.cpp:139]   --->   Operation 291 'add' 'add_ln139_3' <Predicate = (icmp_ln139)> <Delay = 3.52> <CoreInst = "Adder">   --->   Core 1 'Adder' <Latency = 0> <II = 1> <Delay = 3.52> <FuncUnit> <Opcode : 'add' 'sub'> <InPorts = 2> <OutPorts = 1>
ST_50 : Operation 292 [1/1] (0.00ns)   --->   "%trunc_ln139_3 = partselect i62 @_ssdm_op_PartSelect.i62.i64.i32.i32, i64 %add_ln139_3, i32 2, i32 63" [D:/lenet_project/handoff/LeNet_DSE_Framework_2022_2/LeNet_DSE_Framework_2022_2/src/lenet_conv.cpp:139]   --->   Operation 292 'partselect' 'trunc_ln139_3' <Predicate = (icmp_ln139)> <Delay = 0.00>
ST_50 : Operation 293 [1/1] (0.00ns)   --->   "%sext_ln139_3 = sext i62 %trunc_ln139_3" [D:/lenet_project/handoff/LeNet_DSE_Framework_2022_2/LeNet_DSE_Framework_2022_2/src/lenet_conv.cpp:139]   --->   Operation 293 'sext' 'sext_ln139_3' <Predicate = (icmp_ln139)> <Delay = 0.00>
ST_50 : Operation 294 [1/1] (0.00ns)   --->   "%gmem2_addr_4 = getelementptr i32 %gmem2, i64 %sext_ln139_3" [D:/lenet_project/handoff/LeNet_DSE_Framework_2022_2/LeNet_DSE_Framework_2022_2/src/lenet_conv.cpp:139]   --->   Operation 294 'getelementptr' 'gmem2_addr_4' <Predicate = (icmp_ln139)> <Delay = 0.00>
ST_50 : Operation 295 [1/1] (0.00ns)   --->   "%trunc_ln139_4 = partselect i62 @_ssdm_op_PartSelect.i62.i64.i32.i32, i64 %feature_out_read, i32 2, i32 63" [D:/lenet_project/handoff/LeNet_DSE_Framework_2022_2/LeNet_DSE_Framework_2022_2/src/lenet_conv.cpp:139]   --->   Operation 295 'partselect' 'trunc_ln139_4' <Predicate = (icmp_ln139)> <Delay = 0.00>
ST_50 : Operation 296 [1/1] (1.58ns)   --->   "%store_ln139 = store i4 0, i4 %output_index_1" [D:/lenet_project/handoff/LeNet_DSE_Framework_2022_2/LeNet_DSE_Framework_2022_2/src/lenet_conv.cpp:139]   --->   Operation 296 'store' 'store_ln139' <Predicate = (icmp_ln139)> <Delay = 1.58>

State 51 <SV = 33> <Delay = 7.30>
ST_51 : Operation 297 [1/1] (7.30ns)   --->   "%gmem2_addr_3_read = read i32 @_ssdm_op_Read.m_axi.p1i32, i32 %gmem2_addr_3" [D:/lenet_project/handoff/LeNet_DSE_Framework_2022_2/LeNet_DSE_Framework_2022_2/src/lenet_conv.cpp:140]   --->   Operation 297 'read' 'gmem2_addr_3_read' <Predicate = true> <Delay = 7.30> <CoreInst = "m_axi">   --->   Core 113 'm_axi' <Latency = 0> <II = 1> <Delay = 1.00> <Adapter> <Opcode : 'read' 'write' 'readreq' 'writereq' 'writeresp'>

State 52 <SV = 34> <Delay = 1.58>
ST_52 : Operation 298 [1/1] (0.00ns)   --->   "%accumulator_4 = bitcast i32 %gmem2_addr_3_read" [D:/lenet_project/handoff/LeNet_DSE_Framework_2022_2/LeNet_DSE_Framework_2022_2/src/lenet_conv.cpp:140]   --->   Operation 298 'bitcast' 'accumulator_4' <Predicate = true> <Delay = 0.00>
ST_52 : Operation 299 [2/2] (1.58ns)   --->   "%call_ln140 = call void @lenet_full_top_Pipeline_DENSE_INPUT, i32 %accumulator_4, i32 %gmem1, i32 %fc1_output, i7 %output_index_2, i62 %trunc_ln5, i32 %conv3_relu" [D:/lenet_project/handoff/LeNet_DSE_Framework_2022_2/LeNet_DSE_Framework_2022_2/src/lenet_conv.cpp:140]   --->   Operation 299 'call' 'call_ln140' <Predicate = true> <Delay = 1.58> <CoreType = "Generic">   --->   Core 0 '' <Latency = 0> <II = 1> <Delay = 1.00> <Generic> <Opcode : >

State 53 <SV = 35> <Delay = 0.00>
ST_53 : Operation 300 [1/1] (0.00ns)   --->   "%specloopname_ln139 = specloopname void @_ssdm_op_SpecLoopName, void @empty_16" [D:/lenet_project/handoff/LeNet_DSE_Framework_2022_2/LeNet_DSE_Framework_2022_2/src/lenet_conv.cpp:139]   --->   Operation 300 'specloopname' 'specloopname_ln139' <Predicate = true> <Delay = 0.00>
ST_53 : Operation 301 [1/2] (0.00ns)   --->   "%call_ln140 = call void @lenet_full_top_Pipeline_DENSE_INPUT, i32 %accumulator_4, i32 %gmem1, i32 %fc1_output, i7 %output_index_2, i62 %trunc_ln5, i32 %conv3_relu" [D:/lenet_project/handoff/LeNet_DSE_Framework_2022_2/LeNet_DSE_Framework_2022_2/src/lenet_conv.cpp:140]   --->   Operation 301 'call' 'call_ln140' <Predicate = true> <Delay = 0.00> <CoreType = "Generic">   --->   Core 0 '' <Latency = 0> <II = 1> <Delay = 1.00> <Generic> <Opcode : >
ST_53 : Operation 302 [1/1] (0.00ns)   --->   "%br_ln139 = br void %DENSE_INPUT.i" [D:/lenet_project/handoff/LeNet_DSE_Framework_2022_2/LeNet_DSE_Framework_2022_2/src/lenet_conv.cpp:139]   --->   Operation 302 'br' 'br_ln139' <Predicate = true> <Delay = 0.00>

State 54 <SV = 33> <Delay = 7.30>
ST_54 : Operation 303 [1/2] (0.00ns)   --->   "%call_ln0 = call void @lenet_full_top_Pipeline_RELU_LOOP3, i32 %fc1_output, i32 %fc1_relu"   --->   Operation 303 'call' 'call_ln0' <Predicate = true> <Delay = 0.00> <CoreType = "Generic">   --->   Core 0 '' <Latency = 0> <II = 1> <Delay = 1.00> <Generic> <Opcode : >
ST_54 : Operation 304 [1/1] (0.00ns)   --->   "%sext_ln139_2 = sext i62 %trunc_ln139_2" [D:/lenet_project/handoff/LeNet_DSE_Framework_2022_2/LeNet_DSE_Framework_2022_2/src/lenet_conv.cpp:139]   --->   Operation 304 'sext' 'sext_ln139_2' <Predicate = true> <Delay = 0.00>
ST_54 : Operation 305 [1/1] (0.00ns)   --->   "%gmem1_addr_3 = getelementptr i32 %gmem1, i64 %sext_ln139_2" [D:/lenet_project/handoff/LeNet_DSE_Framework_2022_2/LeNet_DSE_Framework_2022_2/src/lenet_conv.cpp:139]   --->   Operation 305 'getelementptr' 'gmem1_addr_3' <Predicate = true> <Delay = 0.00>
ST_54 : Operation 306 [7/7] (7.30ns)   --->   "%empty_108 = readreq i1 @_ssdm_op_ReadReq.m_axi.p1i32, i32 %gmem1_addr_3, i32 840" [D:/lenet_project/handoff/LeNet_DSE_Framework_2022_2/LeNet_DSE_Framework_2022_2/src/lenet_conv.cpp:139]   --->   Operation 306 'readreq' 'empty_108' <Predicate = true> <Delay = 7.30> <CoreInst = "m_axi">   --->   Core 113 'm_axi' <Latency = 0> <II = 1> <Delay = 1.00> <Adapter> <Opcode : 'read' 'write' 'readreq' 'writereq' 'writeresp'>
ST_54 : Operation 307 [7/7] (7.30ns)   --->   "%empty_109 = readreq i1 @_ssdm_op_ReadReq.m_axi.p1i32, i32 %gmem2_addr_4, i32 10" [D:/lenet_project/handoff/LeNet_DSE_Framework_2022_2/LeNet_DSE_Framework_2022_2/src/lenet_conv.cpp:139]   --->   Operation 307 'readreq' 'empty_109' <Predicate = true> <Delay = 7.30> <CoreInst = "m_axi">   --->   Core 113 'm_axi' <Latency = 0> <II = 1> <Delay = 1.00> <Adapter> <Opcode : 'read' 'write' 'readreq' 'writereq' 'writeresp'>

State 55 <SV = 34> <Delay = 7.30>
ST_55 : Operation 308 [6/7] (7.30ns)   --->   "%empty_108 = readreq i1 @_ssdm_op_ReadReq.m_axi.p1i32, i32 %gmem1_addr_3, i32 840" [D:/lenet_project/handoff/LeNet_DSE_Framework_2022_2/LeNet_DSE_Framework_2022_2/src/lenet_conv.cpp:139]   --->   Operation 308 'readreq' 'empty_108' <Predicate = true> <Delay = 7.30> <CoreInst = "m_axi">   --->   Core 113 'm_axi' <Latency = 0> <II = 1> <Delay = 1.00> <Adapter> <Opcode : 'read' 'write' 'readreq' 'writereq' 'writeresp'>
ST_55 : Operation 309 [6/7] (7.30ns)   --->   "%empty_109 = readreq i1 @_ssdm_op_ReadReq.m_axi.p1i32, i32 %gmem2_addr_4, i32 10" [D:/lenet_project/handoff/LeNet_DSE_Framework_2022_2/LeNet_DSE_Framework_2022_2/src/lenet_conv.cpp:139]   --->   Operation 309 'readreq' 'empty_109' <Predicate = true> <Delay = 7.30> <CoreInst = "m_axi">   --->   Core 113 'm_axi' <Latency = 0> <II = 1> <Delay = 1.00> <Adapter> <Opcode : 'read' 'write' 'readreq' 'writereq' 'writeresp'>

State 56 <SV = 35> <Delay = 7.30>
ST_56 : Operation 310 [5/7] (7.30ns)   --->   "%empty_108 = readreq i1 @_ssdm_op_ReadReq.m_axi.p1i32, i32 %gmem1_addr_3, i32 840" [D:/lenet_project/handoff/LeNet_DSE_Framework_2022_2/LeNet_DSE_Framework_2022_2/src/lenet_conv.cpp:139]   --->   Operation 310 'readreq' 'empty_108' <Predicate = true> <Delay = 7.30> <CoreInst = "m_axi">   --->   Core 113 'm_axi' <Latency = 0> <II = 1> <Delay = 1.00> <Adapter> <Opcode : 'read' 'write' 'readreq' 'writereq' 'writeresp'>
ST_56 : Operation 311 [5/7] (7.30ns)   --->   "%empty_109 = readreq i1 @_ssdm_op_ReadReq.m_axi.p1i32, i32 %gmem2_addr_4, i32 10" [D:/lenet_project/handoff/LeNet_DSE_Framework_2022_2/LeNet_DSE_Framework_2022_2/src/lenet_conv.cpp:139]   --->   Operation 311 'readreq' 'empty_109' <Predicate = true> <Delay = 7.30> <CoreInst = "m_axi">   --->   Core 113 'm_axi' <Latency = 0> <II = 1> <Delay = 1.00> <Adapter> <Opcode : 'read' 'write' 'readreq' 'writereq' 'writeresp'>

State 57 <SV = 36> <Delay = 7.30>
ST_57 : Operation 312 [4/7] (7.30ns)   --->   "%empty_108 = readreq i1 @_ssdm_op_ReadReq.m_axi.p1i32, i32 %gmem1_addr_3, i32 840" [D:/lenet_project/handoff/LeNet_DSE_Framework_2022_2/LeNet_DSE_Framework_2022_2/src/lenet_conv.cpp:139]   --->   Operation 312 'readreq' 'empty_108' <Predicate = true> <Delay = 7.30> <CoreInst = "m_axi">   --->   Core 113 'm_axi' <Latency = 0> <II = 1> <Delay = 1.00> <Adapter> <Opcode : 'read' 'write' 'readreq' 'writereq' 'writeresp'>
ST_57 : Operation 313 [4/7] (7.30ns)   --->   "%empty_109 = readreq i1 @_ssdm_op_ReadReq.m_axi.p1i32, i32 %gmem2_addr_4, i32 10" [D:/lenet_project/handoff/LeNet_DSE_Framework_2022_2/LeNet_DSE_Framework_2022_2/src/lenet_conv.cpp:139]   --->   Operation 313 'readreq' 'empty_109' <Predicate = true> <Delay = 7.30> <CoreInst = "m_axi">   --->   Core 113 'm_axi' <Latency = 0> <II = 1> <Delay = 1.00> <Adapter> <Opcode : 'read' 'write' 'readreq' 'writereq' 'writeresp'>

State 58 <SV = 37> <Delay = 7.30>
ST_58 : Operation 314 [3/7] (7.30ns)   --->   "%empty_108 = readreq i1 @_ssdm_op_ReadReq.m_axi.p1i32, i32 %gmem1_addr_3, i32 840" [D:/lenet_project/handoff/LeNet_DSE_Framework_2022_2/LeNet_DSE_Framework_2022_2/src/lenet_conv.cpp:139]   --->   Operation 314 'readreq' 'empty_108' <Predicate = true> <Delay = 7.30> <CoreInst = "m_axi">   --->   Core 113 'm_axi' <Latency = 0> <II = 1> <Delay = 1.00> <Adapter> <Opcode : 'read' 'write' 'readreq' 'writereq' 'writeresp'>
ST_58 : Operation 315 [3/7] (7.30ns)   --->   "%empty_109 = readreq i1 @_ssdm_op_ReadReq.m_axi.p1i32, i32 %gmem2_addr_4, i32 10" [D:/lenet_project/handoff/LeNet_DSE_Framework_2022_2/LeNet_DSE_Framework_2022_2/src/lenet_conv.cpp:139]   --->   Operation 315 'readreq' 'empty_109' <Predicate = true> <Delay = 7.30> <CoreInst = "m_axi">   --->   Core 113 'm_axi' <Latency = 0> <II = 1> <Delay = 1.00> <Adapter> <Opcode : 'read' 'write' 'readreq' 'writereq' 'writeresp'>

State 59 <SV = 38> <Delay = 7.30>
ST_59 : Operation 316 [2/7] (7.30ns)   --->   "%empty_108 = readreq i1 @_ssdm_op_ReadReq.m_axi.p1i32, i32 %gmem1_addr_3, i32 840" [D:/lenet_project/handoff/LeNet_DSE_Framework_2022_2/LeNet_DSE_Framework_2022_2/src/lenet_conv.cpp:139]   --->   Operation 316 'readreq' 'empty_108' <Predicate = true> <Delay = 7.30> <CoreInst = "m_axi">   --->   Core 113 'm_axi' <Latency = 0> <II = 1> <Delay = 1.00> <Adapter> <Opcode : 'read' 'write' 'readreq' 'writereq' 'writeresp'>
ST_59 : Operation 317 [2/7] (7.30ns)   --->   "%empty_109 = readreq i1 @_ssdm_op_ReadReq.m_axi.p1i32, i32 %gmem2_addr_4, i32 10" [D:/lenet_project/handoff/LeNet_DSE_Framework_2022_2/LeNet_DSE_Framework_2022_2/src/lenet_conv.cpp:139]   --->   Operation 317 'readreq' 'empty_109' <Predicate = true> <Delay = 7.30> <CoreInst = "m_axi">   --->   Core 113 'm_axi' <Latency = 0> <II = 1> <Delay = 1.00> <Adapter> <Opcode : 'read' 'write' 'readreq' 'writereq' 'writeresp'>

State 60 <SV = 39> <Delay = 7.30>
ST_60 : Operation 318 [1/7] (7.30ns)   --->   "%empty_108 = readreq i1 @_ssdm_op_ReadReq.m_axi.p1i32, i32 %gmem1_addr_3, i32 840" [D:/lenet_project/handoff/LeNet_DSE_Framework_2022_2/LeNet_DSE_Framework_2022_2/src/lenet_conv.cpp:139]   --->   Operation 318 'readreq' 'empty_108' <Predicate = true> <Delay = 7.30> <CoreInst = "m_axi">   --->   Core 113 'm_axi' <Latency = 0> <II = 1> <Delay = 1.00> <Adapter> <Opcode : 'read' 'write' 'readreq' 'writereq' 'writeresp'>
ST_60 : Operation 319 [1/7] (7.30ns)   --->   "%empty_109 = readreq i1 @_ssdm_op_ReadReq.m_axi.p1i32, i32 %gmem2_addr_4, i32 10" [D:/lenet_project/handoff/LeNet_DSE_Framework_2022_2/LeNet_DSE_Framework_2022_2/src/lenet_conv.cpp:139]   --->   Operation 319 'readreq' 'empty_109' <Predicate = true> <Delay = 7.30> <CoreInst = "m_axi">   --->   Core 113 'm_axi' <Latency = 0> <II = 1> <Delay = 1.00> <Adapter> <Opcode : 'read' 'write' 'readreq' 'writereq' 'writeresp'>
ST_60 : Operation 320 [1/1] (0.00ns)   --->   "%sext_ln139_4 = sext i62 %trunc_ln139_4" [D:/lenet_project/handoff/LeNet_DSE_Framework_2022_2/LeNet_DSE_Framework_2022_2/src/lenet_conv.cpp:139]   --->   Operation 320 'sext' 'sext_ln139_4' <Predicate = true> <Delay = 0.00>
ST_60 : Operation 321 [1/1] (0.00ns)   --->   "%gmem3_addr = getelementptr i32 %gmem3, i64 %sext_ln139_4" [D:/lenet_project/handoff/LeNet_DSE_Framework_2022_2/LeNet_DSE_Framework_2022_2/src/lenet_conv.cpp:139]   --->   Operation 321 'getelementptr' 'gmem3_addr' <Predicate = true> <Delay = 0.00>
ST_60 : Operation 322 [1/1] (7.30ns)   --->   "%empty_110 = writereq i1 @_ssdm_op_WriteReq.m_axi.p1i32, i32 %gmem3_addr, i32 10" [D:/lenet_project/handoff/LeNet_DSE_Framework_2022_2/LeNet_DSE_Framework_2022_2/src/lenet_conv.cpp:139]   --->   Operation 322 'writereq' 'empty_110' <Predicate = true> <Delay = 7.30> <CoreInst = "m_axi">   --->   Core 113 'm_axi' <Latency = 0> <II = 1> <Delay = 1.00> <Adapter> <Opcode : 'read' 'write' 'readreq' 'writereq' 'writeresp'>
ST_60 : Operation 323 [1/1] (0.00ns)   --->   "%br_ln139 = br void %DENSE_INPUT.i188" [D:/lenet_project/handoff/LeNet_DSE_Framework_2022_2/LeNet_DSE_Framework_2022_2/src/lenet_conv.cpp:139]   --->   Operation 323 'br' 'br_ln139' <Predicate = true> <Delay = 0.00>

State 61 <SV = 40> <Delay = 3.32>
ST_61 : Operation 324 [1/1] (0.00ns)   --->   "%output_index_3 = load i4 %output_index_1" [D:/lenet_project/handoff/LeNet_DSE_Framework_2022_2/LeNet_DSE_Framework_2022_2/src/lenet_conv.cpp:139]   --->   Operation 324 'load' 'output_index_3' <Predicate = true> <Delay = 0.00>
ST_61 : Operation 325 [1/1] (1.30ns)   --->   "%icmp_ln139_1 = icmp_eq  i4 %output_index_3, i4 10" [D:/lenet_project/handoff/LeNet_DSE_Framework_2022_2/LeNet_DSE_Framework_2022_2/src/lenet_conv.cpp:139]   --->   Operation 325 'icmp' 'icmp_ln139_1' <Predicate = true> <Delay = 1.30> <CoreInst = "Cmp">   --->   Core 9 'Cmp' <Latency = 0> <II = 1> <Delay = 1.30> <FuncUnit> <Opcode : 'icmp'> <InPorts = 2> <OutPorts = 1>
ST_61 : Operation 326 [1/1] (0.00ns)   --->   "%empty_111 = speclooptripcount i32 @_ssdm_op_SpecLoopTripCount, i64 10, i64 10, i64 10"   --->   Operation 326 'speclooptripcount' 'empty_111' <Predicate = true> <Delay = 0.00>
ST_61 : Operation 327 [1/1] (1.73ns)   --->   "%add_ln139_5 = add i4 %output_index_3, i4 1" [D:/lenet_project/handoff/LeNet_DSE_Framework_2022_2/LeNet_DSE_Framework_2022_2/src/lenet_conv.cpp:139]   --->   Operation 327 'add' 'add_ln139_5' <Predicate = true> <Delay = 1.73> <CoreInst = "Adder">   --->   Core 1 'Adder' <Latency = 0> <II = 1> <Delay = 1.73> <FuncUnit> <Opcode : 'add' 'sub'> <InPorts = 2> <OutPorts = 1>
ST_61 : Operation 328 [1/1] (0.00ns)   --->   "%br_ln139 = br i1 %icmp_ln139_1, void %DENSE_INPUT.i188.split, void %_ZN5lenet12_GLOBAL__N_15denseILi84ELi10EEEvPKfS3_S3_Pf.exit" [D:/lenet_project/handoff/LeNet_DSE_Framework_2022_2/LeNet_DSE_Framework_2022_2/src/lenet_conv.cpp:139]   --->   Operation 328 'br' 'br_ln139' <Predicate = true> <Delay = 0.00>
ST_61 : Operation 329 [1/1] (1.58ns)   --->   "%store_ln139 = store i4 %add_ln139_5, i4 %output_index_1" [D:/lenet_project/handoff/LeNet_DSE_Framework_2022_2/LeNet_DSE_Framework_2022_2/src/lenet_conv.cpp:139]   --->   Operation 329 'store' 'store_ln139' <Predicate = (!icmp_ln139_1)> <Delay = 1.58>

State 62 <SV = 41> <Delay = 7.30>
ST_62 : Operation 330 [1/1] (7.30ns)   --->   "%gmem2_addr_4_read = read i32 @_ssdm_op_Read.m_axi.p1i32, i32 %gmem2_addr_4" [D:/lenet_project/handoff/LeNet_DSE_Framework_2022_2/LeNet_DSE_Framework_2022_2/src/lenet_conv.cpp:140]   --->   Operation 330 'read' 'gmem2_addr_4_read' <Predicate = true> <Delay = 7.30> <CoreInst = "m_axi">   --->   Core 113 'm_axi' <Latency = 0> <II = 1> <Delay = 1.00> <Adapter> <Opcode : 'read' 'write' 'readreq' 'writereq' 'writeresp'>

State 63 <SV = 42> <Delay = 1.58>
ST_63 : Operation 331 [1/1] (0.00ns)   --->   "%accumulator_5 = bitcast i32 %gmem2_addr_4_read" [D:/lenet_project/handoff/LeNet_DSE_Framework_2022_2/LeNet_DSE_Framework_2022_2/src/lenet_conv.cpp:140]   --->   Operation 331 'bitcast' 'accumulator_5' <Predicate = true> <Delay = 0.00>
ST_63 : Operation 332 [2/2] (1.58ns)   --->   "%call_ln140 = call void @lenet_full_top_Pipeline_DENSE_INPUT4, i32 %accumulator_5, i32 %gmem3, i32 %gmem1, i62 %trunc_ln139_4, i62 %trunc_ln139_2, i32 %fc1_relu" [D:/lenet_project/handoff/LeNet_DSE_Framework_2022_2/LeNet_DSE_Framework_2022_2/src/lenet_conv.cpp:140]   --->   Operation 332 'call' 'call_ln140' <Predicate = true> <Delay = 1.58> <CoreType = "Generic">   --->   Core 0 '' <Latency = 0> <II = 1> <Delay = 1.00> <Generic> <Opcode : >

State 64 <SV = 43> <Delay = 0.00>
ST_64 : Operation 333 [1/1] (0.00ns)   --->   "%specloopname_ln139 = specloopname void @_ssdm_op_SpecLoopName, void @empty_16" [D:/lenet_project/handoff/LeNet_DSE_Framework_2022_2/LeNet_DSE_Framework_2022_2/src/lenet_conv.cpp:139]   --->   Operation 333 'specloopname' 'specloopname_ln139' <Predicate = true> <Delay = 0.00>
ST_64 : Operation 334 [1/2] (0.00ns)   --->   "%call_ln140 = call void @lenet_full_top_Pipeline_DENSE_INPUT4, i32 %accumulator_5, i32 %gmem3, i32 %gmem1, i62 %trunc_ln139_4, i62 %trunc_ln139_2, i32 %fc1_relu" [D:/lenet_project/handoff/LeNet_DSE_Framework_2022_2/LeNet_DSE_Framework_2022_2/src/lenet_conv.cpp:140]   --->   Operation 334 'call' 'call_ln140' <Predicate = true> <Delay = 0.00> <CoreType = "Generic">   --->   Core 0 '' <Latency = 0> <II = 1> <Delay = 1.00> <Generic> <Opcode : >
ST_64 : Operation 335 [1/1] (0.00ns)   --->   "%br_ln139 = br void %DENSE_INPUT.i188" [D:/lenet_project/handoff/LeNet_DSE_Framework_2022_2/LeNet_DSE_Framework_2022_2/src/lenet_conv.cpp:139]   --->   Operation 335 'br' 'br_ln139' <Predicate = true> <Delay = 0.00>

State 65 <SV = 41> <Delay = 7.30>
ST_65 : Operation 336 [5/5] (7.30ns)   --->   "%empty_112 = writeresp i1 @_ssdm_op_WriteResp.m_axi.p1i32, i32 %gmem3_addr" [D:/lenet_project/handoff/LeNet_DSE_Framework_2022_2/LeNet_DSE_Framework_2022_2/src/lenet_conv.cpp:334]   --->   Operation 336 'writeresp' 'empty_112' <Predicate = true> <Delay = 7.30> <CoreInst = "m_axi">   --->   Core 113 'm_axi' <Latency = 0> <II = 1> <Delay = 1.00> <Adapter> <Opcode : 'read' 'write' 'readreq' 'writereq' 'writeresp'>

State 66 <SV = 42> <Delay = 7.30>
ST_66 : Operation 337 [4/5] (7.30ns)   --->   "%empty_112 = writeresp i1 @_ssdm_op_WriteResp.m_axi.p1i32, i32 %gmem3_addr" [D:/lenet_project/handoff/LeNet_DSE_Framework_2022_2/LeNet_DSE_Framework_2022_2/src/lenet_conv.cpp:334]   --->   Operation 337 'writeresp' 'empty_112' <Predicate = true> <Delay = 7.30> <CoreInst = "m_axi">   --->   Core 113 'm_axi' <Latency = 0> <II = 1> <Delay = 1.00> <Adapter> <Opcode : 'read' 'write' 'readreq' 'writereq' 'writeresp'>

State 67 <SV = 43> <Delay = 7.30>
ST_67 : Operation 338 [3/5] (7.30ns)   --->   "%empty_112 = writeresp i1 @_ssdm_op_WriteResp.m_axi.p1i32, i32 %gmem3_addr" [D:/lenet_project/handoff/LeNet_DSE_Framework_2022_2/LeNet_DSE_Framework_2022_2/src/lenet_conv.cpp:334]   --->   Operation 338 'writeresp' 'empty_112' <Predicate = true> <Delay = 7.30> <CoreInst = "m_axi">   --->   Core 113 'm_axi' <Latency = 0> <II = 1> <Delay = 1.00> <Adapter> <Opcode : 'read' 'write' 'readreq' 'writereq' 'writeresp'>

State 68 <SV = 44> <Delay = 7.30>
ST_68 : Operation 339 [2/5] (7.30ns)   --->   "%empty_112 = writeresp i1 @_ssdm_op_WriteResp.m_axi.p1i32, i32 %gmem3_addr" [D:/lenet_project/handoff/LeNet_DSE_Framework_2022_2/LeNet_DSE_Framework_2022_2/src/lenet_conv.cpp:334]   --->   Operation 339 'writeresp' 'empty_112' <Predicate = true> <Delay = 7.30> <CoreInst = "m_axi">   --->   Core 113 'm_axi' <Latency = 0> <II = 1> <Delay = 1.00> <Adapter> <Opcode : 'read' 'write' 'readreq' 'writereq' 'writeresp'>

State 69 <SV = 45> <Delay = 7.30>
ST_69 : Operation 340 [1/5] (7.30ns)   --->   "%empty_112 = writeresp i1 @_ssdm_op_WriteResp.m_axi.p1i32, i32 %gmem3_addr" [D:/lenet_project/handoff/LeNet_DSE_Framework_2022_2/LeNet_DSE_Framework_2022_2/src/lenet_conv.cpp:334]   --->   Operation 340 'writeresp' 'empty_112' <Predicate = true> <Delay = 7.30> <CoreInst = "m_axi">   --->   Core 113 'm_axi' <Latency = 0> <II = 1> <Delay = 1.00> <Adapter> <Opcode : 'read' 'write' 'readreq' 'writereq' 'writeresp'>
ST_69 : Operation 341 [1/1] (0.00ns)   --->   "%ret_ln334 = ret" [D:/lenet_project/handoff/LeNet_DSE_Framework_2022_2/LeNet_DSE_Framework_2022_2/src/lenet_conv.cpp:334]   --->   Operation 341 'ret' 'ret_ln334' <Predicate = true> <Delay = 0.00>


============================================================
+ Verbose Summary: Binding
============================================================
STG Binding: 
---------------- STG Properties BEGIN ----------------
- Is combinational: 0
- Is one-state seq: 0
- Is datapath-only: 0
- Is pipelined: 0
- Is top level: 1
Port [ Return ] is wired: 1; IO mode=ap_ctrl_hs:ce=0
Port [ gmem0]:  wired=1; compound=1; hidden=0; nouse=0; global=0; static=0; extern=0; dir=0; type=4; pingpong=0; private_global=0; IO mode=m_axi:ce=0
Port [ gmem1]:  wired=1; compound=1; hidden=0; nouse=0; global=0; static=0; extern=0; dir=0; type=4; pingpong=0; private_global=0; IO mode=m_axi:ce=0
Port [ gmem2]:  wired=1; compound=1; hidden=0; nouse=0; global=0; static=0; extern=0; dir=0; type=4; pingpong=0; private_global=0; IO mode=m_axi:ce=0
Port [ gmem3]:  wired=1; compound=1; hidden=0; nouse=0; global=0; static=0; extern=0; dir=1; type=4; pingpong=0; private_global=0; IO mode=m_axi:ce=0
Port [ feature_in]:  wired=1; compound=0; hidden=0; nouse=0; global=0; static=0; extern=0; dir=0; type=0; pingpong=0; private_global=0; IO mode=ap_none:ce=0
Port [ weight]:  wired=1; compound=0; hidden=0; nouse=0; global=0; static=0; extern=0; dir=0; type=0; pingpong=0; private_global=0; IO mode=ap_none:ce=0
Port [ bias]:  wired=1; compound=0; hidden=0; nouse=0; global=0; static=0; extern=0; dir=0; type=0; pingpong=0; private_global=0; IO mode=ap_none:ce=0
Port [ feature_out]:  wired=1; compound=0; hidden=0; nouse=0; global=0; static=0; extern=0; dir=0; type=0; pingpong=0; private_global=0; IO mode=ap_none:ce=0
---------------- STG Properties END ------------------

---------------- Datapath Model BEGIN ----------------

<LifeTime>
<method=bitvector/>
phi_mul             (alloca           ) [ 0111111111111000000000000000000000000000000000000000000000000000000000]
output_channel      (alloca           ) [ 0111111111111000000000000000000000000000000000000000000000000000000000]
feature_out_read    (read             ) [ 0011111111111111111111111111111111111111111111111111110000000000000000]
bias_read           (read             ) [ 0011111111111111111111111111111111111111111111111111110000000000000000]
weight_read         (read             ) [ 0011111111111111111111111111111111111111111111111111110000000000000000]
feature_in_read     (read             ) [ 0011111111111000000000000000000000000000000000000000000000000000000000]
conv1_output        (alloca           ) [ 0011111111111100000000000000000000000000000000000000000000000000000000]
pool1_output        (alloca           ) [ 0011111111111111111111111111111100000000000000000000000000000000000000]
conv2_output        (alloca           ) [ 0011111111111111111111111111111110000000000000000000000000000000000000]
pool2_output        (alloca           ) [ 0011111111111111111111111111111111111111111000000000000000000000000000]
conv3_output        (alloca           ) [ 0011111111111111111111111111111111111111111100000000000000000000000000]
conv3_relu          (alloca           ) [ 0011111111111111111111111111111111111111111111111111110000000000000000]
fc1_output          (alloca           ) [ 0011111111111111111111111111111111111111111111111111111000000000000000]
fc1_relu            (alloca           ) [ 0011111111111111111111111111111111111111111111111111111111111111100000]
trunc_ln            (partselect       ) [ 0000000000000000000000000000000000000000000000000000000000000000000000]
sext_ln51           (sext             ) [ 0000000000000000000000000000000000000000000000000000000000000000000000]
gmem2_addr          (getelementptr    ) [ 0011111111111000000000000000000000000000000000000000000000000000000000]
store_ln51          (store            ) [ 0000000000000000000000000000000000000000000000000000000000000000000000]
store_ln51          (store            ) [ 0000000000000000000000000000000000000000000000000000000000000000000000]
spectopmodule_ln264 (spectopmodule    ) [ 0000000000000000000000000000000000000000000000000000000000000000000000]
specinterface_ln0   (specinterface    ) [ 0000000000000000000000000000000000000000000000000000000000000000000000]
specbitsmap_ln0     (specbitsmap      ) [ 0000000000000000000000000000000000000000000000000000000000000000000000]
specinterface_ln0   (specinterface    ) [ 0000000000000000000000000000000000000000000000000000000000000000000000]
specbitsmap_ln0     (specbitsmap      ) [ 0000000000000000000000000000000000000000000000000000000000000000000000]
specinterface_ln0   (specinterface    ) [ 0000000000000000000000000000000000000000000000000000000000000000000000]
specbitsmap_ln0     (specbitsmap      ) [ 0000000000000000000000000000000000000000000000000000000000000000000000]
specinterface_ln0   (specinterface    ) [ 0000000000000000000000000000000000000000000000000000000000000000000000]
specbitsmap_ln0     (specbitsmap      ) [ 0000000000000000000000000000000000000000000000000000000000000000000000]
specinterface_ln0   (specinterface    ) [ 0000000000000000000000000000000000000000000000000000000000000000000000]
specinterface_ln0   (specinterface    ) [ 0000000000000000000000000000000000000000000000000000000000000000000000]
specinterface_ln0   (specinterface    ) [ 0000000000000000000000000000000000000000000000000000000000000000000000]
specinterface_ln0   (specinterface    ) [ 0000000000000000000000000000000000000000000000000000000000000000000000]
specinterface_ln0   (specinterface    ) [ 0000000000000000000000000000000000000000000000000000000000000000000000]
specinterface_ln0   (specinterface    ) [ 0000000000000000000000000000000000000000000000000000000000000000000000]
specinterface_ln0   (specinterface    ) [ 0000000000000000000000000000000000000000000000000000000000000000000000]
specinterface_ln0   (specinterface    ) [ 0000000000000000000000000000000000000000000000000000000000000000000000]
specinterface_ln0   (specinterface    ) [ 0000000000000000000000000000000000000000000000000000000000000000000000]
empty               (readreq          ) [ 0000000000000000000000000000000000000000000000000000000000000000000000]
br_ln51             (br               ) [ 0000000000000000000000000000000000000000000000000000000000000000000000]
phi_mul_load        (load             ) [ 0000000000110000000000000000000000000000000000000000000000000000000000]
output_channel_2    (load             ) [ 0000000000110000000000000000000000000000000000000000000000000000000000]
add_ln51_6          (add              ) [ 0000000000000000000000000000000000000000000000000000000000000000000000]
icmp_ln51           (icmp             ) [ 0000000001111000000000000000000000000000000000000000000000000000000000]
empty_92            (speclooptripcount) [ 0000000000000000000000000000000000000000000000000000000000000000000000]
add_ln51_1          (add              ) [ 0000000000000000000000000000000000000000000000000000000000000000000000]
br_ln51             (br               ) [ 0000000000000000000000000000000000000000000000000000000000000000000000]
store_ln51          (store            ) [ 0000000000000000000000000000000000000000000000000000000000000000000000]
store_ln51          (store            ) [ 0000000000000000000000000000000000000000000000000000000000000000000000]
phi_mul227          (alloca           ) [ 0000000001111111111111111111111100000000000000000000000000000000000000]
output_channel_1    (alloca           ) [ 0000000001111111111111111111111100000000000000000000000000000000000000]
add_ln51            (add              ) [ 0000000000000000000000000000000000000000000000000000000000000000000000]
trunc_ln51_1        (partselect       ) [ 0000000000000000000000000000000000000000000000000000000000000000000000]
sext_ln51_1         (sext             ) [ 0000000000000000000000000000000000000000000000000000000000000000000000]
gmem2_addr_1        (getelementptr    ) [ 0000000000000111111111111111111100000000000000000000000000000000000000]
store_ln51          (store            ) [ 0000000000000000000000000000000000000000000000000000000000000000000000]
store_ln51          (store            ) [ 0000000000000000000000000000000000000000000000000000000000000000000000]
gmem2_addr_read     (read             ) [ 0000000000010000000000000000000000000000000000000000000000000000000000]
p_cast65            (zext             ) [ 0000000000000000000000000000000000000000000000000000000000000000000000]
empty_94            (add              ) [ 0000000000000000000000000000000000000000000000000000000000000000000000]
p_shl               (bitconcatenate   ) [ 0000000000000000000000000000000000000000000000000000000000000000000000]
p_shl_cast          (zext             ) [ 0000000000000000000000000000000000000000000000000000000000000000000000]
p_shl1              (bitconcatenate   ) [ 0000000000000000000000000000000000000000000000000000000000000000000000]
p_shl1_cast         (zext             ) [ 0000000000000000000000000000000000000000000000000000000000000000000000]
empty_95            (sub              ) [ 0000000000001000000000000000000000000000000000000000000000000000000000]
accumulator_2       (bitcast          ) [ 0000000000001000000000000000000000000000000000000000000000000000000000]
trunc_ln1           (partselect       ) [ 0000000000001000000000000000000000000000000000000000000000000000000000]
specloopname_ln51   (specloopname     ) [ 0000000000000000000000000000000000000000000000000000000000000000000000]
call_ln35           (call             ) [ 0000000000000000000000000000000000000000000000000000000000000000000000]
br_ln51             (br               ) [ 0000000000000000000000000000000000000000000000000000000000000000000000]
call_ln0            (call             ) [ 0000000000000000000000000000000000000000000000000000000000000000000000]
empty_93            (readreq          ) [ 0000000000000000000000000000000000000000000000000000000000000000000000]
br_ln51             (br               ) [ 0000000000000000000000000000000000000000000000000000000000000000000000]
output_channel_4    (load             ) [ 0000000000000000000001000000000000000000000000000000000000000000000000]
icmp_ln51_1         (icmp             ) [ 0000000000000000000011111111111100000000000000000000000000000000000000]
empty_96            (speclooptripcount) [ 0000000000000000000000000000000000000000000000000000000000000000000000]
add_ln51_4          (add              ) [ 0000000000000000000001111111111100000000000000000000000000000000000000]
br_ln51             (br               ) [ 0000000000000000000000000000000000000000000000000000000000000000000000]
output_channel_3    (alloca           ) [ 0000000000000000000011111111111111111111111000000000000000000000000000]
add_ln51_2          (add              ) [ 0000000000000000000000000000000000000000000000000000000000000000000000]
trunc_ln51_2        (partselect       ) [ 0000000000000000000000000000000011111111111000000000000000000000000000]
add_ln51_3          (add              ) [ 0000000000000000000000000000000000000000000000000000000000000000000000]
trunc_ln51_3        (partselect       ) [ 0000000000000000000000000000000000000000000000000000000000000000000000]
sext_ln51_3         (sext             ) [ 0000000000000000000000000000000000000000000000000000000000000000000000]
gmem2_addr_2        (getelementptr    ) [ 0000000000000000000000000000000011111111111000000000000000000000000000]
store_ln51          (store            ) [ 0000000000000000000000000000000000000000000000000000000000000000000000]
phi_mul227_load_1   (load             ) [ 0000000000000000000000000000000000000000000000000000000000000000000000]
specloopname_ln51   (specloopname     ) [ 0000000000000000000000000000000000000000000000000000000000000000000000]
tmp_cast            (zext             ) [ 0000000000000000000000000000000000000000000000000000000000000000000000]
empty_99            (add              ) [ 0000000000000000000000000000000000000000000000000000000000000000000000]
empty_100           (trunc            ) [ 0000000000000000000000000000000000000000000000000000000000000000000000]
p_shl7              (bitconcatenate   ) [ 0000000000000000000000000000000000000000000000000000000000000000000000]
p_shl15_cast        (zext             ) [ 0000000000000000000000111111111100000000000000000000000000000000000000]
empty_101           (shl              ) [ 0000000000000000000000000000000000000000000000000000000000000000000000]
p_shl16_cast        (zext             ) [ 0000000000000000000000111111111100000000000000000000000000000000000000]
gmem2_addr_1_read   (read             ) [ 0000000000000000000000000000000000000000000000000000000000000000000000]
accumulator_1       (bitcast          ) [ 0000000000000000000000111111111100000000000000000000000000000000000000]
trunc_ln4           (partselect       ) [ 0000000000000000000000111111111100000000000000000000000000000000000000]
sext_ln59           (sext             ) [ 0000000000000000000000000000000000000000000000000000000000000000000000]
gmem1_addr_1        (getelementptr    ) [ 0000000000000000000000111111111100000000000000000000000000000000000000]
br_ln53             (br               ) [ 0000000000000000000011111111111100000000000000000000000000000000000000]
indvar_flatten108   (phi              ) [ 0000000000000000000000100000000000000000000000000000000000000000000000]
output_row          (phi              ) [ 0000000000000000000000100000000000000000000000000000000000000000000000]
output_col          (phi              ) [ 0000000000000000000000100000000000000000000000000000000000000000000000]
icmp_ln53           (icmp             ) [ 0000000000000000000011111111111100000000000000000000000000000000000000]
add_ln53            (add              ) [ 0000000000000000000011111111111100000000000000000000000000000000000000]
br_ln53             (br               ) [ 0000000000000000000000000000000000000000000000000000000000000000000000]
icmp_ln55           (icmp             ) [ 0000000000000000000000000000000000000000000000000000000000000000000000]
select_ln53         (select           ) [ 0000000000000000000000011111111100000000000000000000000000000000000000]
add_ln53_4          (add              ) [ 0000000000000000000000000000000000000000000000000000000000000000000000]
select_ln53_7       (select           ) [ 0000000000000000000011111111111100000000000000000000000000000000000000]
zext_ln53           (zext             ) [ 0000000000000000000000000000000000000000000000000000000000000000000000]
add_ln53_5          (add              ) [ 0000000000000000000000000000000000000000000000000000000000000000000000]
zext_ln53_2         (zext             ) [ 0000000000000000000000000000000000000000000000000000000000000000000000]
add_ln53_6          (add              ) [ 0000000000000000000000011111110000000000000000000000000000000000000000]
add_ln55            (add              ) [ 0000000000000000000011111111111100000000000000000000000000000000000000]
phi_mul227_load     (load             ) [ 0000000000000000000000000000000000000000000000000000000000000000000000]
add_ln51_7          (add              ) [ 0000000000000000000000000000000000000000000000000000000000000000000000]
store_ln51          (store            ) [ 0000000000000000000000000000000000000000000000000000000000000000000000]
store_ln51          (store            ) [ 0000000000000000000000000000000000000000000000000000000000000000000000]
br_ln51             (br               ) [ 0000000000000000000000000000000000000000000000000000000000000000000000]
p_shl17_mid2        (bitconcatenate   ) [ 0000000000000000000000000000000000000000000000000000000000000000000000]
p_shl18_mid2        (bitconcatenate   ) [ 0000000000000000000000000000000000000000000000000000000000000000000000]
zext_ln55           (zext             ) [ 0000000000000000000000000000000000000000000000000000000000000000000000]
empty_103           (readreq          ) [ 0000000000000000000000000000000000000000000000000000000000000000000000]
add_ln76            (add              ) [ 0000000000000000000000000000000000000000000000000000000000000000000000]
zext_ln76           (zext             ) [ 0000000000000000000000000000000000000000000000000000000000000000000000]
add_ln76_1          (add              ) [ 0000000000000000000000000000001100000000000000000000000000000000000000]
specloopname_ln0    (specloopname     ) [ 0000000000000000000000000000000000000000000000000000000000000000000000]
empty_102           (speclooptripcount) [ 0000000000000000000000000000000000000000000000000000000000000000000000]
specloopname_ln55   (specloopname     ) [ 0000000000000000000000000000000000000000000000000000000000000000000000]
call_ln51           (call             ) [ 0000000000000000000000000000000000000000000000000000000000000000000000]
br_ln55             (br               ) [ 0000000000000000000011111111111100000000000000000000000000000000000000]
call_ln0            (call             ) [ 0000000000000000000000000000000000000000000000000000000000000000000000]
sext_ln51_2         (sext             ) [ 0000000000000000000000000000000000000000000000000000000000000000000000]
gmem1_addr          (getelementptr    ) [ 0000000000000000000000000000000001111110000000000000000000000000000000]
empty_97            (readreq          ) [ 0000000000000000000000000000000000000000000000000000000000000000000000]
empty_98            (readreq          ) [ 0000000000000000000000000000000000000000000000000000000000000000000000]
br_ln51             (br               ) [ 0000000000000000000000000000000000000000000000000000000000000000000000]
output_channel_5    (load             ) [ 0000000000000000000000000000000000000000111000000000000000000000000000]
icmp_ln51_2         (icmp             ) [ 0000000000000000000000000000000000000001111000000000000000000000000000]
empty_104           (speclooptripcount) [ 0000000000000000000000000000000000000000000000000000000000000000000000]
add_ln51_5          (add              ) [ 0000000000000000000000000000000000000000000000000000000000000000000000]
br_ln51             (br               ) [ 0000000000000000000000000000000000000000000000000000000000000000000000]
store_ln51          (store            ) [ 0000000000000000000000000000000000000000000000000000000000000000000000]
output_index        (alloca           ) [ 0000000000000000000000000000000000000001111111111111110000000000000000]
add_ln139           (add              ) [ 0000000000000000000000000000000000000000000000000000000000000000000000]
trunc_ln5           (partselect       ) [ 0000000000000000000000000000000000000000000111111111110000000000000000]
add_ln139_1         (add              ) [ 0000000000000000000000000000000000000000000000000000000000000000000000]
trunc_ln139_1       (partselect       ) [ 0000000000000000000000000000000000000000000000000000000000000000000000]
sext_ln139_1        (sext             ) [ 0000000000000000000000000000000000000000000000000000000000000000000000]
gmem2_addr_3        (getelementptr    ) [ 0000000000000000000000000000000000000000000111111111110000000000000000]
store_ln139         (store            ) [ 0000000000000000000000000000000000000000000000000000000000000000000000]
gmem2_addr_2_read   (read             ) [ 0000000000000000000000000000000000000000010000000000000000000000000000]
accumulator         (bitcast          ) [ 0000000000000000000000000000000000000000001000000000000000000000000000]
specloopname_ln51   (specloopname     ) [ 0000000000000000000000000000000000000000000000000000000000000000000000]
call_ln51           (call             ) [ 0000000000000000000000000000000000000000000000000000000000000000000000]
br_ln51             (br               ) [ 0000000000000000000000000000000000000000000000000000000000000000000000]
call_ln0            (call             ) [ 0000000000000000000000000000000000000000000000000000000000000000000000]
sext_ln139          (sext             ) [ 0000000000000000000000000000000000000000000000000000000000000000000000]
gmem1_addr_2        (getelementptr    ) [ 0000000000000000000000000000000000000000000011111100000000000000000000]
empty_105           (readreq          ) [ 0000000000000000000000000000000000000000000000000000000000000000000000]
empty_106           (readreq          ) [ 0000000000000000000000000000000000000000000000000000000000000000000000]
br_ln139            (br               ) [ 0000000000000000000000000000000000000000000000000000000000000000000000]
output_index_2      (load             ) [ 0000000000000000000000000000000000000000000000000001110000000000000000]
icmp_ln139          (icmp             ) [ 0000000000000000000000000000000000000000000000000011110000000000000000]
empty_107           (speclooptripcount) [ 0000000000000000000000000000000000000000000000000000000000000000000000]
add_ln139_4         (add              ) [ 0000000000000000000000000000000000000000000000000000000000000000000000]
br_ln139            (br               ) [ 0000000000000000000000000000000000000000000000000000000000000000000000]
store_ln139         (store            ) [ 0000000000000000000000000000000000000000000000000000000000000000000000]
output_index_1      (alloca           ) [ 0000000000000000000000000000000000000000000000000011111111111111100000]
add_ln139_2         (add              ) [ 0000000000000000000000000000000000000000000000000000000000000000000000]
trunc_ln139_2       (partselect       ) [ 0000000000000000000000000000000000000000000000000000001111111111100000]
add_ln139_3         (add              ) [ 0000000000000000000000000000000000000000000000000000000000000000000000]
trunc_ln139_3       (partselect       ) [ 0000000000000000000000000000000000000000000000000000000000000000000000]
sext_ln139_3        (sext             ) [ 0000000000000000000000000000000000000000000000000000000000000000000000]
gmem2_addr_4        (getelementptr    ) [ 0000000000000000000000000000000000000000000000000000001111111111100000]
trunc_ln139_4       (partselect       ) [ 0000000000000000000000000000000000000000000000000000001111111111100000]
store_ln139         (store            ) [ 0000000000000000000000000000000000000000000000000000000000000000000000]
gmem2_addr_3_read   (read             ) [ 0000000000000000000000000000000000000000000000000000100000000000000000]
accumulator_4       (bitcast          ) [ 0000000000000000000000000000000000000000000000000000010000000000000000]
specloopname_ln139  (specloopname     ) [ 0000000000000000000000000000000000000000000000000000000000000000000000]
call_ln140          (call             ) [ 0000000000000000000000000000000000000000000000000000000000000000000000]
br_ln139            (br               ) [ 0000000000000000000000000000000000000000000000000000000000000000000000]
call_ln0            (call             ) [ 0000000000000000000000000000000000000000000000000000000000000000000000]
sext_ln139_2        (sext             ) [ 0000000000000000000000000000000000000000000000000000000000000000000000]
gmem1_addr_3        (getelementptr    ) [ 0000000000000000000000000000000000000000000000000000000111111000000000]
empty_108           (readreq          ) [ 0000000000000000000000000000000000000000000000000000000000000000000000]
empty_109           (readreq          ) [ 0000000000000000000000000000000000000000000000000000000000000000000000]
sext_ln139_4        (sext             ) [ 0000000000000000000000000000000000000000000000000000000000000000000000]
gmem3_addr          (getelementptr    ) [ 0000000000000000000000000000000000000000000000000000000000000111111111]
empty_110           (writereq         ) [ 0000000000000000000000000000000000000000000000000000000000000000000000]
br_ln139            (br               ) [ 0000000000000000000000000000000000000000000000000000000000000000000000]
output_index_3      (load             ) [ 0000000000000000000000000000000000000000000000000000000000000000000000]
icmp_ln139_1        (icmp             ) [ 0000000000000000000000000000000000000000000000000000000000000111100000]
empty_111           (speclooptripcount) [ 0000000000000000000000000000000000000000000000000000000000000000000000]
add_ln139_5         (add              ) [ 0000000000000000000000000000000000000000000000000000000000000000000000]
br_ln139            (br               ) [ 0000000000000000000000000000000000000000000000000000000000000000000000]
store_ln139         (store            ) [ 0000000000000000000000000000000000000000000000000000000000000000000000]
gmem2_addr_4_read   (read             ) [ 0000000000000000000000000000000000000000000000000000000000000001000000]
accumulator_5       (bitcast          ) [ 0000000000000000000000000000000000000000000000000000000000000000100000]
specloopname_ln139  (specloopname     ) [ 0000000000000000000000000000000000000000000000000000000000000000000000]
call_ln140          (call             ) [ 0000000000000000000000000000000000000000000000000000000000000000000000]
br_ln139            (br               ) [ 0000000000000000000000000000000000000000000000000000000000000000000000]
empty_112           (writeresp        ) [ 0000000000000000000000000000000000000000000000000000000000000000000000]
ret_ln334           (ret              ) [ 0000000000000000000000000000000000000000000000000000000000000000000000]
</LifeTime>

<model>

<comp_list>
<comp id="0" class="1000" name="gmem0">
<pin_list>
<pin id="1" dir="1" index="0" bw="1" slack="0"/>
</pin_list>
<bind>
<StgValue><ssdm name="gmem0"/></StgValue>
</bind>
</comp>

<comp id="2" class="1000" name="gmem1">
<pin_list>
<pin id="3" dir="1" index="0" bw="1" slack="0"/>
</pin_list>
<bind>
<StgValue><ssdm name="gmem1"/></StgValue>
</bind>
</comp>

<comp id="4" class="1000" name="gmem2">
<pin_list>
<pin id="5" dir="1" index="0" bw="1" slack="0"/>
</pin_list>
<bind>
<StgValue><ssdm name="gmem2"/></StgValue>
</bind>
</comp>

<comp id="6" class="1000" name="gmem3">
<pin_list>
<pin id="7" dir="1" index="0" bw="1" slack="0"/>
</pin_list>
<bind>
<StgValue><ssdm name="gmem3"/></StgValue>
</bind>
</comp>

<comp id="8" class="1000" name="feature_in">
<pin_list>
<pin id="9" dir="1" index="0" bw="1" slack="0"/>
</pin_list>
<bind>
<StgValue><ssdm name="feature_in"/></StgValue>
</bind>
</comp>

<comp id="10" class="1000" name="weight">
<pin_list>
<pin id="11" dir="1" index="0" bw="1" slack="0"/>
</pin_list>
<bind>
<StgValue><ssdm name="weight"/></StgValue>
</bind>
</comp>

<comp id="12" class="1000" name="bias">
<pin_list>
<pin id="13" dir="1" index="0" bw="1" slack="0"/>
</pin_list>
<bind>
<StgValue><ssdm name="bias"/></StgValue>
</bind>
</comp>

<comp id="14" class="1000" name="feature_out">
<pin_list>
<pin id="15" dir="1" index="0" bw="1" slack="0"/>
</pin_list>
<bind>
<StgValue><ssdm name="feature_out"/></StgValue>
</bind>
</comp>

<comp id="16" class="1001" name="const_16">
<pin_list>
<pin id="17" dir="1" index="0" bw="1" slack="0"/>
</pin_list>
<bind>
<StgValue><ssdm name=""/></StgValue>
</bind>
</comp>

<comp id="18" class="1001" name="const_18">
<pin_list>
<pin id="19" dir="1" index="0" bw="1" slack="0"/>
</pin_list>
<bind>
<StgValue><ssdm name="_ssdm_op_Read.s_axilite.i64"/></StgValue>
</bind>
</comp>

<comp id="20" class="1001" name="const_20">
<pin_list>
<pin id="21" dir="1" index="0" bw="1" slack="0"/>
</pin_list>
<bind>
<StgValue><ssdm name=""/></StgValue>
</bind>
</comp>

<comp id="22" class="1001" name="const_22">
<pin_list>
<pin id="23" dir="1" index="0" bw="1" slack="0"/>
</pin_list>
<bind>
<StgValue><ssdm name="_ssdm_op_PartSelect.i62.i64.i32.i32"/></StgValue>
</bind>
</comp>

<comp id="24" class="1001" name="const_24">
<pin_list>
<pin id="25" dir="1" index="0" bw="1" slack="0"/>
</pin_list>
<bind>
<StgValue><ssdm name=""/></StgValue>
</bind>
</comp>

<comp id="26" class="1001" name="const_26">
<pin_list>
<pin id="27" dir="1" index="0" bw="1" slack="0"/>
</pin_list>
<bind>
<StgValue><ssdm name=""/></StgValue>
</bind>
</comp>

<comp id="28" class="1001" name="const_28">
<pin_list>
<pin id="29" dir="1" index="0" bw="1" slack="0"/>
</pin_list>
<bind>
<StgValue><ssdm name=""/></StgValue>
</bind>
</comp>

<comp id="30" class="1001" name="const_30">
<pin_list>
<pin id="31" dir="1" index="0" bw="1" slack="0"/>
</pin_list>
<bind>
<StgValue><ssdm name=""/></StgValue>
</bind>
</comp>

<comp id="32" class="1001" name="const_32">
<pin_list>
<pin id="33" dir="1" index="0" bw="1" slack="0"/>
</pin_list>
<bind>
<StgValue><ssdm name="_ssdm_op_ReadReq.m_axi.p1i32"/></StgValue>
</bind>
</comp>

<comp id="34" class="1001" name="const_34">
<pin_list>
<pin id="35" dir="1" index="0" bw="1" slack="0"/>
</pin_list>
<bind>
<StgValue><ssdm name=""/></StgValue>
</bind>
</comp>

<comp id="36" class="1001" name="const_36">
<pin_list>
<pin id="37" dir="1" index="0" bw="1" slack="2147483647"/>
</pin_list>
<bind>
<StgValue><ssdm name="_ssdm_op_SpecTopModule"/></StgValue>
</bind>
</comp>

<comp id="38" class="1001" name="const_38">
<pin_list>
<pin id="39" dir="1" index="0" bw="1" slack="2147483647"/>
</pin_list>
<bind>
<StgValue><ssdm name="empty_14"/></StgValue>
</bind>
</comp>

<comp id="40" class="1001" name="const_40">
<pin_list>
<pin id="41" dir="1" index="0" bw="1" slack="2147483647"/>
</pin_list>
<bind>
<StgValue><ssdm name="_ssdm_op_SpecInterface"/></StgValue>
</bind>
</comp>

<comp id="42" class="1001" name="const_42">
<pin_list>
<pin id="43" dir="1" index="0" bw="1" slack="2147483647"/>
</pin_list>
<bind>
<StgValue><ssdm name="empty"/></StgValue>
</bind>
</comp>

<comp id="44" class="1001" name="const_44">
<pin_list>
<pin id="45" dir="1" index="0" bw="1" slack="2147483647"/>
</pin_list>
<bind>
<StgValue><ssdm name=""/></StgValue>
</bind>
</comp>

<comp id="46" class="1001" name="const_46">
<pin_list>
<pin id="47" dir="1" index="0" bw="1" slack="2147483647"/>
</pin_list>
<bind>
<StgValue><ssdm name="empty_0"/></StgValue>
</bind>
</comp>

<comp id="48" class="1001" name="const_48">
<pin_list>
<pin id="49" dir="1" index="0" bw="1" slack="2147483647"/>
</pin_list>
<bind>
<StgValue><ssdm name=""/></StgValue>
</bind>
</comp>

<comp id="50" class="1001" name="const_50">
<pin_list>
<pin id="51" dir="1" index="0" bw="1" slack="2147483647"/>
</pin_list>
<bind>
<StgValue><ssdm name="empty_1"/></StgValue>
</bind>
</comp>

<comp id="52" class="1001" name="const_52">
<pin_list>
<pin id="53" dir="1" index="0" bw="1" slack="2147483647"/>
</pin_list>
<bind>
<StgValue><ssdm name="empty_2"/></StgValue>
</bind>
</comp>

<comp id="54" class="1001" name="const_54">
<pin_list>
<pin id="55" dir="1" index="0" bw="1" slack="0"/>
</pin_list>
<bind>
<StgValue><ssdm name=""/></StgValue>
</bind>
</comp>

<comp id="56" class="1001" name="const_56">
<pin_list>
<pin id="57" dir="1" index="0" bw="1" slack="2147483647"/>
</pin_list>
<bind>
<StgValue><ssdm name=""/></StgValue>
</bind>
</comp>

<comp id="58" class="1001" name="const_58">
<pin_list>
<pin id="59" dir="1" index="0" bw="1" slack="2147483647"/>
</pin_list>
<bind>
<StgValue><ssdm name="_ssdm_op_SpecBitsMap"/></StgValue>
</bind>
</comp>

<comp id="60" class="1001" name="const_60">
<pin_list>
<pin id="61" dir="1" index="0" bw="1" slack="2147483647"/>
</pin_list>
<bind>
<StgValue><ssdm name=""/></StgValue>
</bind>
</comp>

<comp id="62" class="1001" name="const_62">
<pin_list>
<pin id="63" dir="1" index="0" bw="1" slack="2147483647"/>
</pin_list>
<bind>
<StgValue><ssdm name="empty_3"/></StgValue>
</bind>
</comp>

<comp id="64" class="1001" name="const_64">
<pin_list>
<pin id="65" dir="1" index="0" bw="1" slack="2147483647"/>
</pin_list>
<bind>
<StgValue><ssdm name=""/></StgValue>
</bind>
</comp>

<comp id="66" class="1001" name="const_66">
<pin_list>
<pin id="67" dir="1" index="0" bw="1" slack="2147483647"/>
</pin_list>
<bind>
<StgValue><ssdm name="empty_4"/></StgValue>
</bind>
</comp>

<comp id="68" class="1001" name="const_68">
<pin_list>
<pin id="69" dir="1" index="0" bw="1" slack="0"/>
</pin_list>
<bind>
<StgValue><ssdm name=""/></StgValue>
</bind>
</comp>

<comp id="70" class="1001" name="const_70">
<pin_list>
<pin id="71" dir="1" index="0" bw="1" slack="2147483647"/>
</pin_list>
<bind>
<StgValue><ssdm name="empty_5"/></StgValue>
</bind>
</comp>

<comp id="72" class="1001" name="const_72">
<pin_list>
<pin id="73" dir="1" index="0" bw="1" slack="2147483647"/>
</pin_list>
<bind>
<StgValue><ssdm name="empty_6"/></StgValue>
</bind>
</comp>

<comp id="74" class="1001" name="const_74">
<pin_list>
<pin id="75" dir="1" index="0" bw="1" slack="2147483647"/>
</pin_list>
<bind>
<StgValue><ssdm name="empty_7"/></StgValue>
</bind>
</comp>

<comp id="76" class="1001" name="const_76">
<pin_list>
<pin id="77" dir="1" index="0" bw="1" slack="2147483647"/>
</pin_list>
<bind>
<StgValue><ssdm name="empty_8"/></StgValue>
</bind>
</comp>

<comp id="78" class="1001" name="const_78">
<pin_list>
<pin id="79" dir="1" index="0" bw="1" slack="2147483647"/>
</pin_list>
<bind>
<StgValue><ssdm name="empty_9"/></StgValue>
</bind>
</comp>

<comp id="80" class="1001" name="const_80">
<pin_list>
<pin id="81" dir="1" index="0" bw="1" slack="2147483647"/>
</pin_list>
<bind>
<StgValue><ssdm name="empty_10"/></StgValue>
</bind>
</comp>

<comp id="82" class="1001" name="const_82">
<pin_list>
<pin id="83" dir="1" index="0" bw="1" slack="2147483647"/>
</pin_list>
<bind>
<StgValue><ssdm name="empty_11"/></StgValue>
</bind>
</comp>

<comp id="84" class="1001" name="const_84">
<pin_list>
<pin id="85" dir="1" index="0" bw="1" slack="2147483647"/>
</pin_list>
<bind>
<StgValue><ssdm name="empty_12"/></StgValue>
</bind>
</comp>

<comp id="86" class="1001" name="const_86">
<pin_list>
<pin id="87" dir="1" index="0" bw="1" slack="2147483647"/>
</pin_list>
<bind>
<StgValue><ssdm name="empty_13"/></StgValue>
</bind>
</comp>

<comp id="88" class="1001" name="const_88">
<pin_list>
<pin id="89" dir="1" index="0" bw="1" slack="0"/>
</pin_list>
<bind>
<StgValue><ssdm name=""/></StgValue>
</bind>
</comp>

<comp id="90" class="1001" name="const_90">
<pin_list>
<pin id="91" dir="1" index="0" bw="1" slack="0"/>
</pin_list>
<bind>
<StgValue><ssdm name=""/></StgValue>
</bind>
</comp>

<comp id="92" class="1001" name="const_92">
<pin_list>
<pin id="93" dir="1" index="0" bw="1" slack="2147483647"/>
</pin_list>
<bind>
<StgValue><ssdm name="_ssdm_op_SpecLoopTripCount"/></StgValue>
</bind>
</comp>

<comp id="94" class="1001" name="const_94">
<pin_list>
<pin id="95" dir="1" index="0" bw="1" slack="2147483647"/>
</pin_list>
<bind>
<StgValue><ssdm name=""/></StgValue>
</bind>
</comp>

<comp id="96" class="1001" name="const_96">
<pin_list>
<pin id="97" dir="1" index="0" bw="1" slack="0"/>
</pin_list>
<bind>
<StgValue><ssdm name=""/></StgValue>
</bind>
</comp>

<comp id="98" class="1001" name="const_98">
<pin_list>
<pin id="99" dir="1" index="0" bw="1" slack="0"/>
</pin_list>
<bind>
<StgValue><ssdm name="lenet_full_top_Pipeline_POOL_CHANNEL_POOL_ROW_POOL_COL"/></StgValue>
</bind>
</comp>

<comp id="100" class="1001" name="const_100">
<pin_list>
<pin id="101" dir="1" index="0" bw="1" slack="0"/>
</pin_list>
<bind>
<StgValue><ssdm name=""/></StgValue>
</bind>
</comp>

<comp id="102" class="1001" name="const_102">
<pin_list>
<pin id="103" dir="1" index="0" bw="1" slack="0"/>
</pin_list>
<bind>
<StgValue><ssdm name=""/></StgValue>
</bind>
</comp>

<comp id="104" class="1001" name="const_104">
<pin_list>
<pin id="105" dir="1" index="0" bw="1" slack="0"/>
</pin_list>
<bind>
<StgValue><ssdm name=""/></StgValue>
</bind>
</comp>

<comp id="106" class="1001" name="const_106">
<pin_list>
<pin id="107" dir="1" index="0" bw="1" slack="0"/>
</pin_list>
<bind>
<StgValue><ssdm name="_ssdm_op_Read.m_axi.p1i32"/></StgValue>
</bind>
</comp>

<comp id="108" class="1001" name="const_108">
<pin_list>
<pin id="109" dir="1" index="0" bw="1" slack="0"/>
</pin_list>
<bind>
<StgValue><ssdm name="_ssdm_op_BitConcatenate.i8.i3.i5"/></StgValue>
</bind>
</comp>

<comp id="110" class="1001" name="const_110">
<pin_list>
<pin id="111" dir="1" index="0" bw="1" slack="0"/>
</pin_list>
<bind>
<StgValue><ssdm name="_ssdm_op_BitConcatenate.i5.i3.i2"/></StgValue>
</bind>
</comp>

<comp id="112" class="1001" name="const_112">
<pin_list>
<pin id="113" dir="1" index="0" bw="1" slack="0"/>
</pin_list>
<bind>
<StgValue><ssdm name=""/></StgValue>
</bind>
</comp>

<comp id="114" class="1001" name="const_114">
<pin_list>
<pin id="115" dir="1" index="0" bw="1" slack="0"/>
</pin_list>
<bind>
<StgValue><ssdm name="lenet_full_top_Pipeline_OUTPUT_ROW_OUTPUT_COL"/></StgValue>
</bind>
</comp>

<comp id="116" class="1001" name="const_116">
<pin_list>
<pin id="117" dir="1" index="0" bw="1" slack="2147483647"/>
</pin_list>
<bind>
<StgValue><ssdm name="_ssdm_op_SpecLoopName"/></StgValue>
</bind>
</comp>

<comp id="118" class="1001" name="const_118">
<pin_list>
<pin id="119" dir="1" index="0" bw="1" slack="2147483647"/>
</pin_list>
<bind>
<StgValue><ssdm name="empty_19"/></StgValue>
</bind>
</comp>

<comp id="120" class="1001" name="const_120">
<pin_list>
<pin id="121" dir="1" index="0" bw="1" slack="0"/>
</pin_list>
<bind>
<StgValue><ssdm name=""/></StgValue>
</bind>
</comp>

<comp id="122" class="1001" name="const_122">
<pin_list>
<pin id="123" dir="1" index="0" bw="1" slack="2147483647"/>
</pin_list>
<bind>
<StgValue><ssdm name=""/></StgValue>
</bind>
</comp>

<comp id="124" class="1001" name="const_124">
<pin_list>
<pin id="125" dir="1" index="0" bw="1" slack="0"/>
</pin_list>
<bind>
<StgValue><ssdm name=""/></StgValue>
</bind>
</comp>

<comp id="126" class="1001" name="const_126">
<pin_list>
<pin id="127" dir="1" index="0" bw="1" slack="0"/>
</pin_list>
<bind>
<StgValue><ssdm name="lenet_full_top_Pipeline_POOL_CHANNEL_POOL_ROW_POOL_COL1"/></StgValue>
</bind>
</comp>

<comp id="128" class="1001" name="const_128">
<pin_list>
<pin id="129" dir="1" index="0" bw="1" slack="0"/>
</pin_list>
<bind>
<StgValue><ssdm name=""/></StgValue>
</bind>
</comp>

<comp id="130" class="1001" name="const_130">
<pin_list>
<pin id="131" dir="1" index="0" bw="1" slack="0"/>
</pin_list>
<bind>
<StgValue><ssdm name=""/></StgValue>
</bind>
</comp>

<comp id="132" class="1001" name="const_132">
<pin_list>
<pin id="133" dir="1" index="0" bw="1" slack="0"/>
</pin_list>
<bind>
<StgValue><ssdm name=""/></StgValue>
</bind>
</comp>

<comp id="134" class="1001" name="const_134">
<pin_list>
<pin id="135" dir="1" index="0" bw="1" slack="0"/>
</pin_list>
<bind>
<StgValue><ssdm name="_ssdm_op_BitConcatenate.i7.i4.i3"/></StgValue>
</bind>
</comp>

<comp id="136" class="1001" name="const_136">
<pin_list>
<pin id="137" dir="1" index="0" bw="1" slack="0"/>
</pin_list>
<bind>
<StgValue><ssdm name=""/></StgValue>
</bind>
</comp>

<comp id="138" class="1001" name="const_138">
<pin_list>
<pin id="139" dir="1" index="0" bw="1" slack="0"/>
</pin_list>
<bind>
<StgValue><ssdm name=""/></StgValue>
</bind>
</comp>

<comp id="140" class="1001" name="const_140">
<pin_list>
<pin id="141" dir="1" index="0" bw="1" slack="0"/>
</pin_list>
<bind>
<StgValue><ssdm name=""/></StgValue>
</bind>
</comp>

<comp id="142" class="1001" name="const_142">
<pin_list>
<pin id="143" dir="1" index="0" bw="1" slack="0"/>
</pin_list>
<bind>
<StgValue><ssdm name=""/></StgValue>
</bind>
</comp>

<comp id="144" class="1001" name="const_144">
<pin_list>
<pin id="145" dir="1" index="0" bw="1" slack="0"/>
</pin_list>
<bind>
<StgValue><ssdm name=""/></StgValue>
</bind>
</comp>

<comp id="146" class="1001" name="const_146">
<pin_list>
<pin id="147" dir="1" index="0" bw="1" slack="0"/>
</pin_list>
<bind>
<StgValue><ssdm name=""/></StgValue>
</bind>
</comp>

<comp id="148" class="1001" name="const_148">
<pin_list>
<pin id="149" dir="1" index="0" bw="1" slack="0"/>
</pin_list>
<bind>
<StgValue><ssdm name="_ssdm_op_BitConcatenate.i11.i8.i3"/></StgValue>
</bind>
</comp>

<comp id="150" class="1001" name="const_150">
<pin_list>
<pin id="151" dir="1" index="0" bw="1" slack="0"/>
</pin_list>
<bind>
<StgValue><ssdm name="_ssdm_op_BitConcatenate.i9.i8.i1"/></StgValue>
</bind>
</comp>

<comp id="152" class="1001" name="const_152">
<pin_list>
<pin id="153" dir="1" index="0" bw="1" slack="0"/>
</pin_list>
<bind>
<StgValue><ssdm name=""/></StgValue>
</bind>
</comp>

<comp id="154" class="1001" name="const_154">
<pin_list>
<pin id="155" dir="1" index="0" bw="1" slack="0"/>
</pin_list>
<bind>
<StgValue><ssdm name="lenet_full_top_Pipeline_INPUT_CHANNEL"/></StgValue>
</bind>
</comp>

<comp id="156" class="1001" name="const_156">
<pin_list>
<pin id="157" dir="1" index="0" bw="1" slack="2147483647"/>
</pin_list>
<bind>
<StgValue><ssdm name="OUTPUT_ROW_OUTPUT_COL_str"/></StgValue>
</bind>
</comp>

<comp id="158" class="1001" name="const_158">
<pin_list>
<pin id="159" dir="1" index="0" bw="1" slack="2147483647"/>
</pin_list>
<bind>
<StgValue><ssdm name=""/></StgValue>
</bind>
</comp>

<comp id="160" class="1001" name="const_160">
<pin_list>
<pin id="161" dir="1" index="0" bw="1" slack="2147483647"/>
</pin_list>
<bind>
<StgValue><ssdm name="empty_21"/></StgValue>
</bind>
</comp>

<comp id="162" class="1001" name="const_162">
<pin_list>
<pin id="163" dir="1" index="0" bw="1" slack="0"/>
</pin_list>
<bind>
<StgValue><ssdm name=""/></StgValue>
</bind>
</comp>

<comp id="164" class="1001" name="const_164">
<pin_list>
<pin id="165" dir="1" index="0" bw="1" slack="0"/>
</pin_list>
<bind>
<StgValue><ssdm name=""/></StgValue>
</bind>
</comp>

<comp id="166" class="1001" name="const_166">
<pin_list>
<pin id="167" dir="1" index="0" bw="1" slack="0"/>
</pin_list>
<bind>
<StgValue><ssdm name=""/></StgValue>
</bind>
</comp>

<comp id="168" class="1001" name="const_168">
<pin_list>
<pin id="169" dir="1" index="0" bw="1" slack="2147483647"/>
</pin_list>
<bind>
<StgValue><ssdm name=""/></StgValue>
</bind>
</comp>

<comp id="170" class="1001" name="const_170">
<pin_list>
<pin id="171" dir="1" index="0" bw="1" slack="0"/>
</pin_list>
<bind>
<StgValue><ssdm name="lenet_full_top_Pipeline_RELU_LOOP"/></StgValue>
</bind>
</comp>

<comp id="172" class="1001" name="const_172">
<pin_list>
<pin id="173" dir="1" index="0" bw="1" slack="0"/>
</pin_list>
<bind>
<StgValue><ssdm name=""/></StgValue>
</bind>
</comp>

<comp id="174" class="1001" name="const_174">
<pin_list>
<pin id="175" dir="1" index="0" bw="1" slack="0"/>
</pin_list>
<bind>
<StgValue><ssdm name=""/></StgValue>
</bind>
</comp>

<comp id="176" class="1001" name="const_176">
<pin_list>
<pin id="177" dir="1" index="0" bw="1" slack="0"/>
</pin_list>
<bind>
<StgValue><ssdm name="lenet_full_top_Pipeline_INPUT_CHANNEL2"/></StgValue>
</bind>
</comp>

<comp id="178" class="1001" name="const_178">
<pin_list>
<pin id="179" dir="1" index="0" bw="1" slack="0"/>
</pin_list>
<bind>
<StgValue><ssdm name=""/></StgValue>
</bind>
</comp>

<comp id="180" class="1001" name="const_180">
<pin_list>
<pin id="181" dir="1" index="0" bw="1" slack="0"/>
</pin_list>
<bind>
<StgValue><ssdm name=""/></StgValue>
</bind>
</comp>

<comp id="182" class="1001" name="const_182">
<pin_list>
<pin id="183" dir="1" index="0" bw="1" slack="0"/>
</pin_list>
<bind>
<StgValue><ssdm name=""/></StgValue>
</bind>
</comp>

<comp id="184" class="1001" name="const_184">
<pin_list>
<pin id="185" dir="1" index="0" bw="1" slack="2147483647"/>
</pin_list>
<bind>
<StgValue><ssdm name=""/></StgValue>
</bind>
</comp>

<comp id="186" class="1001" name="const_186">
<pin_list>
<pin id="187" dir="1" index="0" bw="1" slack="0"/>
</pin_list>
<bind>
<StgValue><ssdm name="lenet_full_top_Pipeline_RELU_LOOP3"/></StgValue>
</bind>
</comp>

<comp id="188" class="1001" name="const_188">
<pin_list>
<pin id="189" dir="1" index="0" bw="1" slack="0"/>
</pin_list>
<bind>
<StgValue><ssdm name=""/></StgValue>
</bind>
</comp>

<comp id="190" class="1001" name="const_190">
<pin_list>
<pin id="191" dir="1" index="0" bw="1" slack="0"/>
</pin_list>
<bind>
<StgValue><ssdm name=""/></StgValue>
</bind>
</comp>

<comp id="192" class="1001" name="const_192">
<pin_list>
<pin id="193" dir="1" index="0" bw="1" slack="0"/>
</pin_list>
<bind>
<StgValue><ssdm name="lenet_full_top_Pipeline_DENSE_INPUT"/></StgValue>
</bind>
</comp>

<comp id="194" class="1001" name="const_194">
<pin_list>
<pin id="195" dir="1" index="0" bw="1" slack="2147483647"/>
</pin_list>
<bind>
<StgValue><ssdm name="empty_16"/></StgValue>
</bind>
</comp>

<comp id="196" class="1001" name="const_196">
<pin_list>
<pin id="197" dir="1" index="0" bw="1" slack="0"/>
</pin_list>
<bind>
<StgValue><ssdm name=""/></StgValue>
</bind>
</comp>

<comp id="198" class="1001" name="const_198">
<pin_list>
<pin id="199" dir="1" index="0" bw="1" slack="0"/>
</pin_list>
<bind>
<StgValue><ssdm name="_ssdm_op_WriteReq.m_axi.p1i32"/></StgValue>
</bind>
</comp>

<comp id="200" class="1001" name="const_200">
<pin_list>
<pin id="201" dir="1" index="0" bw="1" slack="2147483647"/>
</pin_list>
<bind>
<StgValue><ssdm name=""/></StgValue>
</bind>
</comp>

<comp id="202" class="1001" name="const_202">
<pin_list>
<pin id="203" dir="1" index="0" bw="1" slack="0"/>
</pin_list>
<bind>
<StgValue><ssdm name="lenet_full_top_Pipeline_DENSE_INPUT4"/></StgValue>
</bind>
</comp>

<comp id="204" class="1001" name="const_204">
<pin_list>
<pin id="205" dir="1" index="0" bw="1" slack="0"/>
</pin_list>
<bind>
<StgValue><ssdm name="_ssdm_op_WriteResp.m_axi.p1i32"/></StgValue>
</bind>
</comp>

<comp id="206" class="1004" name="phi_mul_fu_206">
<pin_list>
<pin id="207" dir="0" index="0" bw="1" slack="0"/>
<pin id="208" dir="1" index="1" bw="10" slack="0"/>
</pin_list>
<bind>
<opcode="alloca(26) " fcode="alloca"/>
<opset="phi_mul/1 "/>
</bind>
</comp>

<comp id="210" class="1004" name="output_channel_fu_210">
<pin_list>
<pin id="211" dir="0" index="0" bw="1" slack="0"/>
<pin id="212" dir="1" index="1" bw="3" slack="0"/>
</pin_list>
<bind>
<opcode="alloca(26) " fcode="alloca"/>
<opset="output_channel/1 "/>
</bind>
</comp>

<comp id="214" class="1004" name="conv1_output_alloca_fu_214">
<pin_list>
<pin id="215" dir="0" index="0" bw="1" slack="0"/>
<pin id="216" dir="1" index="1" bw="32" slack="2147483647"/>
</pin_list>
<bind>
<opcode="alloca(26) " fcode="alloca"/>
<opset="conv1_output/1 "/>
</bind>
</comp>

<comp id="218" class="1004" name="pool1_output_alloca_fu_218">
<pin_list>
<pin id="219" dir="0" index="0" bw="1" slack="0"/>
<pin id="220" dir="1" index="1" bw="32" slack="2147483647"/>
</pin_list>
<bind>
<opcode="alloca(26) " fcode="alloca"/>
<opset="pool1_output/1 "/>
</bind>
</comp>

<comp id="222" class="1004" name="conv2_output_alloca_fu_222">
<pin_list>
<pin id="223" dir="0" index="0" bw="1" slack="0"/>
<pin id="224" dir="1" index="1" bw="32" slack="2147483647"/>
</pin_list>
<bind>
<opcode="alloca(26) " fcode="alloca"/>
<opset="conv2_output/1 "/>
</bind>
</comp>

<comp id="226" class="1004" name="pool2_output_alloca_fu_226">
<pin_list>
<pin id="227" dir="0" index="0" bw="1" slack="0"/>
<pin id="228" dir="1" index="1" bw="32" slack="2147483647"/>
</pin_list>
<bind>
<opcode="alloca(26) " fcode="alloca"/>
<opset="pool2_output/1 "/>
</bind>
</comp>

<comp id="230" class="1004" name="conv3_output_alloca_fu_230">
<pin_list>
<pin id="231" dir="0" index="0" bw="1" slack="0"/>
<pin id="232" dir="1" index="1" bw="32" slack="2147483647"/>
</pin_list>
<bind>
<opcode="alloca(26) " fcode="alloca"/>
<opset="conv3_output/1 "/>
</bind>
</comp>

<comp id="234" class="1004" name="conv3_relu_alloca_fu_234">
<pin_list>
<pin id="235" dir="0" index="0" bw="1" slack="0"/>
<pin id="236" dir="1" index="1" bw="32" slack="2147483647"/>
</pin_list>
<bind>
<opcode="alloca(26) " fcode="alloca"/>
<opset="conv3_relu/1 "/>
</bind>
</comp>

<comp id="238" class="1004" name="fc1_output_alloca_fu_238">
<pin_list>
<pin id="239" dir="0" index="0" bw="1" slack="0"/>
<pin id="240" dir="1" index="1" bw="32" slack="2147483647"/>
</pin_list>
<bind>
<opcode="alloca(26) " fcode="alloca"/>
<opset="fc1_output/1 "/>
</bind>
</comp>

<comp id="242" class="1004" name="fc1_relu_alloca_fu_242">
<pin_list>
<pin id="243" dir="0" index="0" bw="1" slack="0"/>
<pin id="244" dir="1" index="1" bw="32" slack="2147483647"/>
</pin_list>
<bind>
<opcode="alloca(26) " fcode="alloca"/>
<opset="fc1_relu/1 "/>
</bind>
</comp>

<comp id="246" class="1004" name="phi_mul227_fu_246">
<pin_list>
<pin id="247" dir="0" index="0" bw="1" slack="0"/>
<pin id="248" dir="1" index="1" bw="14" slack="0"/>
</pin_list>
<bind>
<opcode="alloca(26) " fcode="alloca"/>
<opset="phi_mul227/9 "/>
</bind>
</comp>

<comp id="250" class="1004" name="output_channel_1_fu_250">
<pin_list>
<pin id="251" dir="0" index="0" bw="1" slack="0"/>
<pin id="252" dir="1" index="1" bw="5" slack="0"/>
</pin_list>
<bind>
<opcode="alloca(26) " fcode="alloca"/>
<opset="output_channel_1/9 "/>
</bind>
</comp>

<comp id="254" class="1004" name="output_channel_3_fu_254">
<pin_list>
<pin id="255" dir="0" index="0" bw="1" slack="0"/>
<pin id="256" dir="1" index="1" bw="7" slack="0"/>
</pin_list>
<bind>
<opcode="alloca(26) " fcode="alloca"/>
<opset="output_channel_3/20 "/>
</bind>
</comp>

<comp id="258" class="1004" name="output_index_fu_258">
<pin_list>
<pin id="259" dir="0" index="0" bw="1" slack="0"/>
<pin id="260" dir="1" index="1" bw="7" slack="0"/>
</pin_list>
<bind>
<opcode="alloca(26) " fcode="alloca"/>
<opset="output_index/39 "/>
</bind>
</comp>

<comp id="262" class="1004" name="output_index_1_fu_262">
<pin_list>
<pin id="263" dir="0" index="0" bw="1" slack="0"/>
<pin id="264" dir="1" index="1" bw="4" slack="0"/>
</pin_list>
<bind>
<opcode="alloca(26) " fcode="alloca"/>
<opset="output_index_1/50 "/>
</bind>
</comp>

<comp id="266" class="1004" name="feature_out_read_read_fu_266">
<pin_list>
<pin id="267" dir="0" index="0" bw="64" slack="0"/>
<pin id="268" dir="0" index="1" bw="64" slack="0"/>
<pin id="269" dir="1" index="2" bw="64" slack="32"/>
</pin_list>
<bind>
<opcode="read(1150) " fcode="read"/>
<opset="feature_out_read/1 "/>
</bind>
</comp>

<comp id="272" class="1004" name="bias_read_read_fu_272">
<pin_list>
<pin id="273" dir="0" index="0" bw="64" slack="0"/>
<pin id="274" dir="0" index="1" bw="64" slack="0"/>
<pin id="275" dir="1" index="2" bw="64" slack="0"/>
</pin_list>
<bind>
<opcode="read(1150) " fcode="read"/>
<opset="bias_read/1 "/>
</bind>
</comp>

<comp id="278" class="1004" name="weight_read_read_fu_278">
<pin_list>
<pin id="279" dir="0" index="0" bw="64" slack="0"/>
<pin id="280" dir="0" index="1" bw="64" slack="0"/>
<pin id="281" dir="1" index="2" bw="64" slack="10"/>
</pin_list>
<bind>
<opcode="read(1150) " fcode="read"/>
<opset="weight_read/1 "/>
</bind>
</comp>

<comp id="284" class="1004" name="feature_in_read_read_fu_284">
<pin_list>
<pin id="285" dir="0" index="0" bw="64" slack="0"/>
<pin id="286" dir="0" index="1" bw="64" slack="0"/>
<pin id="287" dir="1" index="2" bw="64" slack="10"/>
</pin_list>
<bind>
<opcode="read(1150) " fcode="read"/>
<opset="feature_in_read/1 "/>
</bind>
</comp>

<comp id="290" class="1004" name="grp_readreq_fu_290">
<pin_list>
<pin id="291" dir="0" index="0" bw="1" slack="0"/>
<pin id="292" dir="0" index="1" bw="32" slack="1"/>
<pin id="293" dir="0" index="2" bw="4" slack="0"/>
<pin id="294" dir="1" index="3" bw="1" slack="2147483647"/>
</pin_list>
<bind>
<opcode="readreq(1154) " fcode="readreq"/>
<opset="empty/2 "/>
</bind>
</comp>

<comp id="297" class="1004" name="gmem2_addr_read_read_fu_297">
<pin_list>
<pin id="298" dir="0" index="0" bw="32" slack="0"/>
<pin id="299" dir="0" index="1" bw="32" slack="9"/>
<pin id="300" dir="1" index="2" bw="32" slack="1"/>
</pin_list>
<bind>
<opcode="read(1150) " fcode="read"/>
<opset="gmem2_addr_read/10 "/>
</bind>
</comp>

<comp id="302" class="1004" name="grp_readreq_fu_302">
<pin_list>
<pin id="303" dir="0" index="0" bw="1" slack="0"/>
<pin id="304" dir="0" index="1" bw="32" slack="1"/>
<pin id="305" dir="0" index="2" bw="6" slack="0"/>
<pin id="306" dir="1" index="3" bw="1" slack="2147483647"/>
</pin_list>
<bind>
<opcode="readreq(1154) " fcode="readreq"/>
<opset="empty_93/13 "/>
</bind>
</comp>

<comp id="309" class="1004" name="gmem2_addr_1_read_read_fu_309">
<pin_list>
<pin id="310" dir="0" index="0" bw="32" slack="0"/>
<pin id="311" dir="0" index="1" bw="32" slack="9"/>
<pin id="312" dir="1" index="2" bw="32" slack="0"/>
</pin_list>
<bind>
<opcode="read(1150) " fcode="read"/>
<opset="gmem2_addr_1_read/21 "/>
</bind>
</comp>

<comp id="314" class="1004" name="grp_readreq_fu_314">
<pin_list>
<pin id="315" dir="0" index="0" bw="1" slack="0"/>
<pin id="316" dir="0" index="1" bw="32" slack="2"/>
<pin id="317" dir="0" index="2" bw="9" slack="0"/>
<pin id="318" dir="1" index="3" bw="1" slack="2147483647"/>
</pin_list>
<bind>
<opcode="readreq(1154) " fcode="readreq"/>
<opset="empty_103/23 "/>
</bind>
</comp>

<comp id="321" class="1004" name="grp_readreq_fu_321">
<pin_list>
<pin id="322" dir="0" index="0" bw="1" slack="0"/>
<pin id="323" dir="0" index="1" bw="32" slack="0"/>
<pin id="324" dir="0" index="2" bw="17" slack="0"/>
<pin id="325" dir="1" index="3" bw="1" slack="2147483647"/>
</pin_list>
<bind>
<opcode="readreq(1154) " fcode="readreq"/>
<opset="empty_97/32 "/>
</bind>
</comp>

<comp id="328" class="1004" name="grp_readreq_fu_328">
<pin_list>
<pin id="329" dir="0" index="0" bw="1" slack="0"/>
<pin id="330" dir="0" index="1" bw="32" slack="1"/>
<pin id="331" dir="0" index="2" bw="8" slack="0"/>
<pin id="332" dir="1" index="3" bw="1" slack="2147483647"/>
</pin_list>
<bind>
<opcode="readreq(1154) " fcode="readreq"/>
<opset="empty_98/32 "/>
</bind>
</comp>

<comp id="335" class="1004" name="gmem2_addr_2_read_read_fu_335">
<pin_list>
<pin id="336" dir="0" index="0" bw="32" slack="0"/>
<pin id="337" dir="0" index="1" bw="32" slack="9"/>
<pin id="338" dir="1" index="2" bw="32" slack="1"/>
</pin_list>
<bind>
<opcode="read(1150) " fcode="read"/>
<opset="gmem2_addr_2_read/40 "/>
</bind>
</comp>

<comp id="340" class="1004" name="grp_readreq_fu_340">
<pin_list>
<pin id="341" dir="0" index="0" bw="1" slack="0"/>
<pin id="342" dir="0" index="1" bw="32" slack="0"/>
<pin id="343" dir="0" index="2" bw="15" slack="0"/>
<pin id="344" dir="1" index="3" bw="1" slack="2147483647"/>
</pin_list>
<bind>
<opcode="readreq(1154) " fcode="readreq"/>
<opset="empty_105/43 "/>
</bind>
</comp>

<comp id="347" class="1004" name="grp_readreq_fu_347">
<pin_list>
<pin id="348" dir="0" index="0" bw="1" slack="0"/>
<pin id="349" dir="0" index="1" bw="32" slack="1"/>
<pin id="350" dir="0" index="2" bw="8" slack="0"/>
<pin id="351" dir="1" index="3" bw="1" slack="2147483647"/>
</pin_list>
<bind>
<opcode="readreq(1154) " fcode="readreq"/>
<opset="empty_106/43 "/>
</bind>
</comp>

<comp id="354" class="1004" name="gmem2_addr_3_read_read_fu_354">
<pin_list>
<pin id="355" dir="0" index="0" bw="32" slack="0"/>
<pin id="356" dir="0" index="1" bw="32" slack="9"/>
<pin id="357" dir="1" index="2" bw="32" slack="1"/>
</pin_list>
<bind>
<opcode="read(1150) " fcode="read"/>
<opset="gmem2_addr_3_read/51 "/>
</bind>
</comp>

<comp id="359" class="1004" name="grp_readreq_fu_359">
<pin_list>
<pin id="360" dir="0" index="0" bw="1" slack="0"/>
<pin id="361" dir="0" index="1" bw="32" slack="0"/>
<pin id="362" dir="0" index="2" bw="11" slack="0"/>
<pin id="363" dir="1" index="3" bw="1" slack="2147483647"/>
</pin_list>
<bind>
<opcode="readreq(1154) " fcode="readreq"/>
<opset="empty_108/54 "/>
</bind>
</comp>

<comp id="366" class="1004" name="grp_readreq_fu_366">
<pin_list>
<pin id="367" dir="0" index="0" bw="1" slack="0"/>
<pin id="368" dir="0" index="1" bw="32" slack="1"/>
<pin id="369" dir="0" index="2" bw="5" slack="0"/>
<pin id="370" dir="1" index="3" bw="1" slack="2147483647"/>
</pin_list>
<bind>
<opcode="readreq(1154) " fcode="readreq"/>
<opset="empty_109/54 "/>
</bind>
</comp>

<comp id="373" class="1004" name="grp_writeresp_fu_373">
<pin_list>
<pin id="374" dir="0" index="0" bw="1" slack="0"/>
<pin id="375" dir="0" index="1" bw="32" slack="0"/>
<pin id="376" dir="0" index="2" bw="5" slack="0"/>
<pin id="377" dir="1" index="3" bw="1" slack="2147483647"/>
</pin_list>
<bind>
<opcode="writereq(1155) writeresp(1158) " fcode="writeresp"/>
<opset="empty_110/60 empty_112/65 "/>
</bind>
</comp>

<comp id="380" class="1004" name="gmem2_addr_4_read_read_fu_380">
<pin_list>
<pin id="381" dir="0" index="0" bw="32" slack="0"/>
<pin id="382" dir="0" index="1" bw="32" slack="9"/>
<pin id="383" dir="1" index="2" bw="32" slack="1"/>
</pin_list>
<bind>
<opcode="read(1150) " fcode="read"/>
<opset="gmem2_addr_4_read/62 "/>
</bind>
</comp>

<comp id="386" class="1005" name="indvar_flatten108_reg_386">
<pin_list>
<pin id="387" dir="0" index="0" bw="7" slack="1"/>
<pin id="388" dir="1" index="1" bw="7" slack="1"/>
</pin_list>
<bind>
<opset="indvar_flatten108 (phireg) "/>
</bind>
</comp>

<comp id="390" class="1004" name="indvar_flatten108_phi_fu_390">
<pin_list>
<pin id="391" dir="0" index="0" bw="1" slack="1"/>
<pin id="392" dir="0" index="1" bw="0" slack="2147483647"/>
<pin id="393" dir="0" index="2" bw="7" slack="0"/>
<pin id="394" dir="0" index="3" bw="0" slack="2147483647"/>
<pin id="395" dir="1" index="4" bw="7" slack="0"/>
</pin_list>
<bind>
<opcode="phi(47) " fcode="phi"/>
<opset="indvar_flatten108/22 "/>
</bind>
</comp>

<comp id="397" class="1005" name="output_row_reg_397">
<pin_list>
<pin id="398" dir="0" index="0" bw="4" slack="1"/>
<pin id="399" dir="1" index="1" bw="4" slack="1"/>
</pin_list>
<bind>
<opset="output_row (phireg) "/>
</bind>
</comp>

<comp id="401" class="1004" name="output_row_phi_fu_401">
<pin_list>
<pin id="402" dir="0" index="0" bw="1" slack="1"/>
<pin id="403" dir="0" index="1" bw="0" slack="2147483647"/>
<pin id="404" dir="0" index="2" bw="4" slack="0"/>
<pin id="405" dir="0" index="3" bw="0" slack="2147483647"/>
<pin id="406" dir="1" index="4" bw="4" slack="0"/>
</pin_list>
<bind>
<opcode="phi(47) " fcode="phi"/>
<opset="output_row/22 "/>
</bind>
</comp>

<comp id="408" class="1005" name="output_col_reg_408">
<pin_list>
<pin id="409" dir="0" index="0" bw="4" slack="1"/>
<pin id="410" dir="1" index="1" bw="4" slack="1"/>
</pin_list>
<bind>
<opset="output_col (phireg) "/>
</bind>
</comp>

<comp id="412" class="1004" name="output_col_phi_fu_412">
<pin_list>
<pin id="413" dir="0" index="0" bw="1" slack="1"/>
<pin id="414" dir="0" index="1" bw="0" slack="2147483647"/>
<pin id="415" dir="0" index="2" bw="4" slack="0"/>
<pin id="416" dir="0" index="3" bw="0" slack="2147483647"/>
<pin id="417" dir="1" index="4" bw="4" slack="0"/>
</pin_list>
<bind>
<opcode="phi(47) " fcode="phi"/>
<opset="output_col/22 "/>
</bind>
</comp>

<comp id="419" class="1004" name="grp_lenet_full_top_Pipeline_POOL_CHANNEL_POOL_ROW_POOL_COL_fu_419">
<pin_list>
<pin id="420" dir="0" index="0" bw="0" slack="0"/>
<pin id="421" dir="0" index="1" bw="32" slack="2147483647"/>
<pin id="422" dir="0" index="2" bw="32" slack="2147483647"/>
<pin id="423" dir="1" index="3" bw="0" slack="2147483647"/>
</pin_list>
<bind>
<opcode="call(48) " fcode="call"/>
<opset="call_ln0/9 "/>
</bind>
</comp>

<comp id="425" class="1004" name="grp_lenet_full_top_Pipeline_OUTPUT_ROW_OUTPUT_COL_fu_425">
<pin_list>
<pin id="426" dir="0" index="0" bw="0" slack="0"/>
<pin id="427" dir="0" index="1" bw="32" slack="0"/>
<pin id="428" dir="0" index="2" bw="32" slack="0"/>
<pin id="429" dir="0" index="3" bw="62" slack="0"/>
<pin id="430" dir="0" index="4" bw="9" slack="0"/>
<pin id="431" dir="0" index="5" bw="64" slack="10"/>
<pin id="432" dir="0" index="6" bw="32" slack="0"/>
<pin id="433" dir="0" index="7" bw="32" slack="2147483647"/>
<pin id="434" dir="1" index="8" bw="0" slack="2147483647"/>
</pin_list>
<bind>
<opcode="call(48) " fcode="call"/>
<opset="call_ln35/11 "/>
</bind>
</comp>

<comp id="438" class="1004" name="grp_lenet_full_top_Pipeline_POOL_CHANNEL_POOL_ROW_POOL_COL1_fu_438">
<pin_list>
<pin id="439" dir="0" index="0" bw="0" slack="0"/>
<pin id="440" dir="0" index="1" bw="32" slack="2147483647"/>
<pin id="441" dir="0" index="2" bw="32" slack="2147483647"/>
<pin id="442" dir="1" index="3" bw="0" slack="2147483647"/>
</pin_list>
<bind>
<opcode="call(48) " fcode="call"/>
<opset="call_ln0/20 "/>
</bind>
</comp>

<comp id="444" class="1004" name="grp_lenet_full_top_Pipeline_INPUT_CHANNEL_fu_444">
<pin_list>
<pin id="445" dir="0" index="0" bw="0" slack="0"/>
<pin id="446" dir="0" index="1" bw="32" slack="9"/>
<pin id="447" dir="0" index="2" bw="32" slack="0"/>
<pin id="448" dir="0" index="3" bw="32" slack="2147483647"/>
<pin id="449" dir="0" index="4" bw="11" slack="1"/>
<pin id="450" dir="0" index="5" bw="62" slack="9"/>
<pin id="451" dir="0" index="6" bw="4" slack="8"/>
<pin id="452" dir="0" index="7" bw="4" slack="8"/>
<pin id="453" dir="0" index="8" bw="32" slack="2147483647"/>
<pin id="454" dir="1" index="9" bw="0" slack="2147483647"/>
</pin_list>
<bind>
<opcode="call(48) " fcode="call"/>
<opset="call_ln51/30 "/>
</bind>
</comp>

<comp id="457" class="1004" name="grp_lenet_full_top_Pipeline_RELU_LOOP_fu_457">
<pin_list>
<pin id="458" dir="0" index="0" bw="0" slack="0"/>
<pin id="459" dir="0" index="1" bw="32" slack="2147483647"/>
<pin id="460" dir="0" index="2" bw="32" slack="2147483647"/>
<pin id="461" dir="1" index="3" bw="0" slack="2147483647"/>
</pin_list>
<bind>
<opcode="call(48) " fcode="call"/>
<opset="call_ln0/39 "/>
</bind>
</comp>

<comp id="463" class="1004" name="grp_lenet_full_top_Pipeline_INPUT_CHANNEL2_fu_463">
<pin_list>
<pin id="464" dir="0" index="0" bw="0" slack="0"/>
<pin id="465" dir="0" index="1" bw="32" slack="0"/>
<pin id="466" dir="0" index="2" bw="32" slack="0"/>
<pin id="467" dir="0" index="3" bw="32" slack="2147483647"/>
<pin id="468" dir="0" index="4" bw="7" slack="2"/>
<pin id="469" dir="0" index="5" bw="62" slack="10"/>
<pin id="470" dir="0" index="6" bw="32" slack="2147483647"/>
<pin id="471" dir="1" index="7" bw="0" slack="2147483647"/>
</pin_list>
<bind>
<opcode="call(48) " fcode="call"/>
<opset="call_ln51/41 "/>
</bind>
</comp>

<comp id="474" class="1004" name="grp_lenet_full_top_Pipeline_RELU_LOOP3_fu_474">
<pin_list>
<pin id="475" dir="0" index="0" bw="0" slack="0"/>
<pin id="476" dir="0" index="1" bw="32" slack="2147483647"/>
<pin id="477" dir="0" index="2" bw="32" slack="2147483647"/>
<pin id="478" dir="1" index="3" bw="0" slack="2147483647"/>
</pin_list>
<bind>
<opcode="call(48) " fcode="call"/>
<opset="call_ln0/50 "/>
</bind>
</comp>

<comp id="480" class="1004" name="grp_lenet_full_top_Pipeline_DENSE_INPUT_fu_480">
<pin_list>
<pin id="481" dir="0" index="0" bw="0" slack="0"/>
<pin id="482" dir="0" index="1" bw="32" slack="0"/>
<pin id="483" dir="0" index="2" bw="32" slack="0"/>
<pin id="484" dir="0" index="3" bw="32" slack="2147483647"/>
<pin id="485" dir="0" index="4" bw="7" slack="2"/>
<pin id="486" dir="0" index="5" bw="62" slack="10"/>
<pin id="487" dir="0" index="6" bw="32" slack="2147483647"/>
<pin id="488" dir="1" index="7" bw="0" slack="2147483647"/>
</pin_list>
<bind>
<opcode="call(48) " fcode="call"/>
<opset="call_ln140/52 "/>
</bind>
</comp>

<comp id="491" class="1004" name="grp_lenet_full_top_Pipeline_DENSE_INPUT4_fu_491">
<pin_list>
<pin id="492" dir="0" index="0" bw="0" slack="0"/>
<pin id="493" dir="0" index="1" bw="32" slack="0"/>
<pin id="494" dir="0" index="2" bw="32" slack="0"/>
<pin id="495" dir="0" index="3" bw="32" slack="0"/>
<pin id="496" dir="0" index="4" bw="62" slack="10"/>
<pin id="497" dir="0" index="5" bw="62" slack="10"/>
<pin id="498" dir="0" index="6" bw="32" slack="2147483647"/>
<pin id="499" dir="1" index="7" bw="0" slack="2147483647"/>
</pin_list>
<bind>
<opcode="call(48) " fcode="call"/>
<opset="call_ln140/63 "/>
</bind>
</comp>

<comp id="503" class="1004" name="grp_load_fu_503">
<pin_list>
<pin id="504" dir="0" index="0" bw="14" slack="9"/>
<pin id="505" dir="1" index="1" bw="14" slack="0"/>
</pin_list>
<bind>
<opcode="load(27) " fcode="load"/>
<opset="phi_mul227_load_1/21 phi_mul227_load/22 "/>
</bind>
</comp>

<comp id="506" class="1004" name="trunc_ln_fu_506">
<pin_list>
<pin id="507" dir="0" index="0" bw="62" slack="0"/>
<pin id="508" dir="0" index="1" bw="64" slack="0"/>
<pin id="509" dir="0" index="2" bw="3" slack="0"/>
<pin id="510" dir="0" index="3" bw="7" slack="0"/>
<pin id="511" dir="1" index="4" bw="62" slack="0"/>
</pin_list>
<bind>
<opcode="partselect(1002) " fcode="partselect"/>
<opset="trunc_ln/1 "/>
</bind>
</comp>

<comp id="516" class="1004" name="sext_ln51_fu_516">
<pin_list>
<pin id="517" dir="0" index="0" bw="62" slack="0"/>
<pin id="518" dir="1" index="1" bw="64" slack="0"/>
</pin_list>
<bind>
<opcode="sext(35) " fcode="sext"/>
<opset="sext_ln51/1 "/>
</bind>
</comp>

<comp id="520" class="1004" name="gmem2_addr_fu_520">
<pin_list>
<pin id="521" dir="0" index="0" bw="32" slack="0"/>
<pin id="522" dir="0" index="1" bw="62" slack="0"/>
<pin id="523" dir="1" index="2" bw="32" slack="1"/>
</pin_list>
<bind>
<opcode="getelementptr(29) " fcode="getelementptr"/>
<opset="gmem2_addr/1 "/>
</bind>
</comp>

<comp id="526" class="1004" name="store_ln51_store_fu_526">
<pin_list>
<pin id="527" dir="0" index="0" bw="1" slack="0"/>
<pin id="528" dir="0" index="1" bw="3" slack="0"/>
<pin id="529" dir="1" index="2" bw="0" slack="2147483647"/>
</pin_list>
<bind>
<opcode="store(28) " fcode="store"/>
<opset="store_ln51/1 "/>
</bind>
</comp>

<comp id="531" class="1004" name="store_ln51_store_fu_531">
<pin_list>
<pin id="532" dir="0" index="0" bw="1" slack="0"/>
<pin id="533" dir="0" index="1" bw="10" slack="0"/>
<pin id="534" dir="1" index="2" bw="0" slack="2147483647"/>
</pin_list>
<bind>
<opcode="store(28) " fcode="store"/>
<opset="store_ln51/1 "/>
</bind>
</comp>

<comp id="536" class="1004" name="phi_mul_load_load_fu_536">
<pin_list>
<pin id="537" dir="0" index="0" bw="10" slack="8"/>
<pin id="538" dir="1" index="1" bw="10" slack="0"/>
</pin_list>
<bind>
<opcode="load(27) " fcode="load"/>
<opset="phi_mul_load/9 "/>
</bind>
</comp>

<comp id="539" class="1004" name="output_channel_2_load_fu_539">
<pin_list>
<pin id="540" dir="0" index="0" bw="3" slack="8"/>
<pin id="541" dir="1" index="1" bw="3" slack="0"/>
</pin_list>
<bind>
<opcode="load(27) " fcode="load"/>
<opset="output_channel_2/9 "/>
</bind>
</comp>

<comp id="542" class="1004" name="add_ln51_6_fu_542">
<pin_list>
<pin id="543" dir="0" index="0" bw="10" slack="0"/>
<pin id="544" dir="0" index="1" bw="8" slack="0"/>
<pin id="545" dir="1" index="2" bw="10" slack="0"/>
</pin_list>
<bind>
<opcode="add(8) " fcode="add"/>
<opset="add_ln51_6/9 "/>
</bind>
</comp>

<comp id="548" class="1004" name="icmp_ln51_fu_548">
<pin_list>
<pin id="549" dir="0" index="0" bw="3" slack="0"/>
<pin id="550" dir="0" index="1" bw="2" slack="0"/>
<pin id="551" dir="1" index="2" bw="1" slack="2147483647"/>
</pin_list>
<bind>
<opcode="icmp(45) " fcode="icmp"/>
<opset="icmp_ln51/9 "/>
</bind>
</comp>

<comp id="554" class="1004" name="add_ln51_1_fu_554">
<pin_list>
<pin id="555" dir="0" index="0" bw="3" slack="0"/>
<pin id="556" dir="0" index="1" bw="1" slack="0"/>
<pin id="557" dir="1" index="2" bw="3" slack="0"/>
</pin_list>
<bind>
<opcode="add(8) " fcode="add"/>
<opset="add_ln51_1/9 "/>
</bind>
</comp>

<comp id="560" class="1004" name="store_ln51_store_fu_560">
<pin_list>
<pin id="561" dir="0" index="0" bw="3" slack="0"/>
<pin id="562" dir="0" index="1" bw="3" slack="8"/>
<pin id="563" dir="1" index="2" bw="0" slack="2147483647"/>
</pin_list>
<bind>
<opcode="store(28) " fcode="store"/>
<opset="store_ln51/9 "/>
</bind>
</comp>

<comp id="565" class="1004" name="store_ln51_store_fu_565">
<pin_list>
<pin id="566" dir="0" index="0" bw="10" slack="0"/>
<pin id="567" dir="0" index="1" bw="10" slack="8"/>
<pin id="568" dir="1" index="2" bw="0" slack="2147483647"/>
</pin_list>
<bind>
<opcode="store(28) " fcode="store"/>
<opset="store_ln51/9 "/>
</bind>
</comp>

<comp id="570" class="1004" name="add_ln51_fu_570">
<pin_list>
<pin id="571" dir="0" index="0" bw="64" slack="8"/>
<pin id="572" dir="0" index="1" bw="6" slack="0"/>
<pin id="573" dir="1" index="2" bw="64" slack="0"/>
</pin_list>
<bind>
<opcode="add(8) " fcode="add"/>
<opset="add_ln51/9 "/>
</bind>
</comp>

<comp id="575" class="1004" name="trunc_ln51_1_fu_575">
<pin_list>
<pin id="576" dir="0" index="0" bw="62" slack="0"/>
<pin id="577" dir="0" index="1" bw="64" slack="0"/>
<pin id="578" dir="0" index="2" bw="3" slack="0"/>
<pin id="579" dir="0" index="3" bw="7" slack="0"/>
<pin id="580" dir="1" index="4" bw="62" slack="0"/>
</pin_list>
<bind>
<opcode="partselect(1002) " fcode="partselect"/>
<opset="trunc_ln51_1/9 "/>
</bind>
</comp>

<comp id="585" class="1004" name="sext_ln51_1_fu_585">
<pin_list>
<pin id="586" dir="0" index="0" bw="62" slack="0"/>
<pin id="587" dir="1" index="1" bw="64" slack="0"/>
</pin_list>
<bind>
<opcode="sext(35) " fcode="sext"/>
<opset="sext_ln51_1/9 "/>
</bind>
</comp>

<comp id="589" class="1004" name="gmem2_addr_1_fu_589">
<pin_list>
<pin id="590" dir="0" index="0" bw="32" slack="0"/>
<pin id="591" dir="0" index="1" bw="62" slack="0"/>
<pin id="592" dir="1" index="2" bw="32" slack="1"/>
</pin_list>
<bind>
<opcode="getelementptr(29) " fcode="getelementptr"/>
<opset="gmem2_addr_1/9 "/>
</bind>
</comp>

<comp id="595" class="1004" name="store_ln51_store_fu_595">
<pin_list>
<pin id="596" dir="0" index="0" bw="1" slack="0"/>
<pin id="597" dir="0" index="1" bw="5" slack="0"/>
<pin id="598" dir="1" index="2" bw="0" slack="2147483647"/>
</pin_list>
<bind>
<opcode="store(28) " fcode="store"/>
<opset="store_ln51/9 "/>
</bind>
</comp>

<comp id="600" class="1004" name="store_ln51_store_fu_600">
<pin_list>
<pin id="601" dir="0" index="0" bw="11" slack="0"/>
<pin id="602" dir="0" index="1" bw="14" slack="0"/>
<pin id="603" dir="1" index="2" bw="0" slack="2147483647"/>
</pin_list>
<bind>
<opcode="store(28) " fcode="store"/>
<opset="store_ln51/9 "/>
</bind>
</comp>

<comp id="605" class="1004" name="p_cast65_fu_605">
<pin_list>
<pin id="606" dir="0" index="0" bw="10" slack="2"/>
<pin id="607" dir="1" index="1" bw="64" slack="0"/>
</pin_list>
<bind>
<opcode="zext(34) " fcode="zext"/>
<opset="p_cast65/11 "/>
</bind>
</comp>

<comp id="608" class="1004" name="empty_94_fu_608">
<pin_list>
<pin id="609" dir="0" index="0" bw="10" slack="0"/>
<pin id="610" dir="0" index="1" bw="64" slack="10"/>
<pin id="611" dir="1" index="2" bw="64" slack="0"/>
</pin_list>
<bind>
<opcode="add(8) " fcode="add"/>
<opset="empty_94/11 "/>
</bind>
</comp>

<comp id="613" class="1004" name="p_shl_fu_613">
<pin_list>
<pin id="614" dir="0" index="0" bw="8" slack="0"/>
<pin id="615" dir="0" index="1" bw="3" slack="2"/>
<pin id="616" dir="0" index="2" bw="1" slack="0"/>
<pin id="617" dir="1" index="3" bw="8" slack="0"/>
</pin_list>
<bind>
<opcode="bitconcatenate(1004) " fcode="bitconcatenate"/>
<opset="p_shl/11 "/>
</bind>
</comp>

<comp id="620" class="1004" name="p_shl_cast_fu_620">
<pin_list>
<pin id="621" dir="0" index="0" bw="8" slack="0"/>
<pin id="622" dir="1" index="1" bw="9" slack="0"/>
</pin_list>
<bind>
<opcode="zext(34) " fcode="zext"/>
<opset="p_shl_cast/11 "/>
</bind>
</comp>

<comp id="624" class="1004" name="p_shl1_fu_624">
<pin_list>
<pin id="625" dir="0" index="0" bw="5" slack="0"/>
<pin id="626" dir="0" index="1" bw="3" slack="2"/>
<pin id="627" dir="0" index="2" bw="1" slack="0"/>
<pin id="628" dir="1" index="3" bw="5" slack="0"/>
</pin_list>
<bind>
<opcode="bitconcatenate(1004) " fcode="bitconcatenate"/>
<opset="p_shl1/11 "/>
</bind>
</comp>

<comp id="631" class="1004" name="p_shl1_cast_fu_631">
<pin_list>
<pin id="632" dir="0" index="0" bw="5" slack="0"/>
<pin id="633" dir="1" index="1" bw="9" slack="0"/>
</pin_list>
<bind>
<opcode="zext(34) " fcode="zext"/>
<opset="p_shl1_cast/11 "/>
</bind>
</comp>

<comp id="635" class="1004" name="empty_95_fu_635">
<pin_list>
<pin id="636" dir="0" index="0" bw="8" slack="0"/>
<pin id="637" dir="0" index="1" bw="5" slack="0"/>
<pin id="638" dir="1" index="2" bw="9" slack="0"/>
</pin_list>
<bind>
<opcode="sub(10) " fcode="sub"/>
<opset="empty_95/11 "/>
</bind>
</comp>

<comp id="642" class="1004" name="accumulator_2_fu_642">
<pin_list>
<pin id="643" dir="0" index="0" bw="32" slack="1"/>
<pin id="644" dir="1" index="1" bw="32" slack="0"/>
</pin_list>
<bind>
<opcode="bitcast(44) " fcode="bitcast"/>
<opset="accumulator_2/11 "/>
</bind>
</comp>

<comp id="646" class="1004" name="trunc_ln1_fu_646">
<pin_list>
<pin id="647" dir="0" index="0" bw="62" slack="0"/>
<pin id="648" dir="0" index="1" bw="64" slack="0"/>
<pin id="649" dir="0" index="2" bw="3" slack="0"/>
<pin id="650" dir="0" index="3" bw="7" slack="0"/>
<pin id="651" dir="1" index="4" bw="62" slack="0"/>
</pin_list>
<bind>
<opcode="partselect(1002) " fcode="partselect"/>
<opset="trunc_ln1/11 "/>
</bind>
</comp>

<comp id="657" class="1004" name="output_channel_4_load_fu_657">
<pin_list>
<pin id="658" dir="0" index="0" bw="5" slack="8"/>
<pin id="659" dir="1" index="1" bw="5" slack="0"/>
</pin_list>
<bind>
<opcode="load(27) " fcode="load"/>
<opset="output_channel_4/20 "/>
</bind>
</comp>

<comp id="660" class="1004" name="icmp_ln51_1_fu_660">
<pin_list>
<pin id="661" dir="0" index="0" bw="5" slack="0"/>
<pin id="662" dir="0" index="1" bw="5" slack="0"/>
<pin id="663" dir="1" index="2" bw="1" slack="2147483647"/>
</pin_list>
<bind>
<opcode="icmp(45) " fcode="icmp"/>
<opset="icmp_ln51_1/20 "/>
</bind>
</comp>

<comp id="666" class="1004" name="add_ln51_4_fu_666">
<pin_list>
<pin id="667" dir="0" index="0" bw="5" slack="0"/>
<pin id="668" dir="0" index="1" bw="1" slack="0"/>
<pin id="669" dir="1" index="2" bw="5" slack="2"/>
</pin_list>
<bind>
<opcode="add(8) " fcode="add"/>
<opset="add_ln51_4/20 "/>
</bind>
</comp>

<comp id="672" class="1004" name="add_ln51_2_fu_672">
<pin_list>
<pin id="673" dir="0" index="0" bw="64" slack="16"/>
<pin id="674" dir="0" index="1" bw="15" slack="0"/>
<pin id="675" dir="1" index="2" bw="64" slack="0"/>
</pin_list>
<bind>
<opcode="add(8) " fcode="add"/>
<opset="add_ln51_2/20 "/>
</bind>
</comp>

<comp id="677" class="1004" name="trunc_ln51_2_fu_677">
<pin_list>
<pin id="678" dir="0" index="0" bw="62" slack="0"/>
<pin id="679" dir="0" index="1" bw="64" slack="0"/>
<pin id="680" dir="0" index="2" bw="3" slack="0"/>
<pin id="681" dir="0" index="3" bw="7" slack="0"/>
<pin id="682" dir="1" index="4" bw="62" slack="1"/>
</pin_list>
<bind>
<opcode="partselect(1002) " fcode="partselect"/>
<opset="trunc_ln51_2/20 "/>
</bind>
</comp>

<comp id="687" class="1004" name="add_ln51_3_fu_687">
<pin_list>
<pin id="688" dir="0" index="0" bw="64" slack="16"/>
<pin id="689" dir="0" index="1" bw="8" slack="0"/>
<pin id="690" dir="1" index="2" bw="64" slack="0"/>
</pin_list>
<bind>
<opcode="add(8) " fcode="add"/>
<opset="add_ln51_3/20 "/>
</bind>
</comp>

<comp id="692" class="1004" name="trunc_ln51_3_fu_692">
<pin_list>
<pin id="693" dir="0" index="0" bw="62" slack="0"/>
<pin id="694" dir="0" index="1" bw="64" slack="0"/>
<pin id="695" dir="0" index="2" bw="3" slack="0"/>
<pin id="696" dir="0" index="3" bw="7" slack="0"/>
<pin id="697" dir="1" index="4" bw="62" slack="0"/>
</pin_list>
<bind>
<opcode="partselect(1002) " fcode="partselect"/>
<opset="trunc_ln51_3/20 "/>
</bind>
</comp>

<comp id="702" class="1004" name="sext_ln51_3_fu_702">
<pin_list>
<pin id="703" dir="0" index="0" bw="62" slack="0"/>
<pin id="704" dir="1" index="1" bw="64" slack="0"/>
</pin_list>
<bind>
<opcode="sext(35) " fcode="sext"/>
<opset="sext_ln51_3/20 "/>
</bind>
</comp>

<comp id="706" class="1004" name="gmem2_addr_2_fu_706">
<pin_list>
<pin id="707" dir="0" index="0" bw="32" slack="0"/>
<pin id="708" dir="0" index="1" bw="62" slack="0"/>
<pin id="709" dir="1" index="2" bw="32" slack="1"/>
</pin_list>
<bind>
<opcode="getelementptr(29) " fcode="getelementptr"/>
<opset="gmem2_addr_2/20 "/>
</bind>
</comp>

<comp id="712" class="1004" name="store_ln51_store_fu_712">
<pin_list>
<pin id="713" dir="0" index="0" bw="1" slack="0"/>
<pin id="714" dir="0" index="1" bw="7" slack="0"/>
<pin id="715" dir="1" index="2" bw="0" slack="2147483647"/>
</pin_list>
<bind>
<opcode="store(28) " fcode="store"/>
<opset="store_ln51/20 "/>
</bind>
</comp>

<comp id="717" class="1004" name="tmp_cast_fu_717">
<pin_list>
<pin id="718" dir="0" index="0" bw="14" slack="0"/>
<pin id="719" dir="1" index="1" bw="64" slack="0"/>
</pin_list>
<bind>
<opcode="zext(34) " fcode="zext"/>
<opset="tmp_cast/21 "/>
</bind>
</comp>

<comp id="721" class="1004" name="empty_99_fu_721">
<pin_list>
<pin id="722" dir="0" index="0" bw="14" slack="0"/>
<pin id="723" dir="0" index="1" bw="64" slack="17"/>
<pin id="724" dir="1" index="2" bw="64" slack="0"/>
</pin_list>
<bind>
<opcode="add(8) " fcode="add"/>
<opset="empty_99/21 "/>
</bind>
</comp>

<comp id="726" class="1004" name="empty_100_fu_726">
<pin_list>
<pin id="727" dir="0" index="0" bw="5" slack="2147483647"/>
<pin id="728" dir="1" index="1" bw="4" slack="0"/>
</pin_list>
<bind>
<opcode="trunc(33) " fcode="trunc"/>
<opset="empty_100/21 "/>
</bind>
</comp>

<comp id="729" class="1004" name="p_shl7_fu_729">
<pin_list>
<pin id="730" dir="0" index="0" bw="7" slack="0"/>
<pin id="731" dir="0" index="1" bw="4" slack="0"/>
<pin id="732" dir="0" index="2" bw="1" slack="0"/>
<pin id="733" dir="1" index="3" bw="7" slack="0"/>
</pin_list>
<bind>
<opcode="bitconcatenate(1004) " fcode="bitconcatenate"/>
<opset="p_shl7/21 "/>
</bind>
</comp>

<comp id="737" class="1004" name="p_shl15_cast_fu_737">
<pin_list>
<pin id="738" dir="0" index="0" bw="7" slack="0"/>
<pin id="739" dir="1" index="1" bw="8" slack="1"/>
</pin_list>
<bind>
<opcode="zext(34) " fcode="zext"/>
<opset="p_shl15_cast/21 "/>
</bind>
</comp>

<comp id="741" class="1004" name="empty_101_fu_741">
<pin_list>
<pin id="742" dir="0" index="0" bw="5" slack="2147483647"/>
<pin id="743" dir="0" index="1" bw="1" slack="0"/>
<pin id="744" dir="1" index="2" bw="5" slack="0"/>
</pin_list>
<bind>
<opcode="shl(20) " fcode="shl"/>
<opset="empty_101/21 "/>
</bind>
</comp>

<comp id="746" class="1004" name="p_shl16_cast_fu_746">
<pin_list>
<pin id="747" dir="0" index="0" bw="5" slack="0"/>
<pin id="748" dir="1" index="1" bw="6" slack="1"/>
</pin_list>
<bind>
<opcode="zext(34) " fcode="zext"/>
<opset="p_shl16_cast/21 "/>
</bind>
</comp>

<comp id="750" class="1004" name="accumulator_1_fu_750">
<pin_list>
<pin id="751" dir="0" index="0" bw="32" slack="0"/>
<pin id="752" dir="1" index="1" bw="32" slack="9"/>
</pin_list>
<bind>
<opcode="bitcast(44) " fcode="bitcast"/>
<opset="accumulator_1/21 "/>
</bind>
</comp>

<comp id="754" class="1004" name="trunc_ln4_fu_754">
<pin_list>
<pin id="755" dir="0" index="0" bw="62" slack="0"/>
<pin id="756" dir="0" index="1" bw="64" slack="0"/>
<pin id="757" dir="0" index="2" bw="3" slack="0"/>
<pin id="758" dir="0" index="3" bw="7" slack="0"/>
<pin id="759" dir="1" index="4" bw="62" slack="0"/>
</pin_list>
<bind>
<opcode="partselect(1002) " fcode="partselect"/>
<opset="trunc_ln4/21 "/>
</bind>
</comp>

<comp id="764" class="1004" name="sext_ln59_fu_764">
<pin_list>
<pin id="765" dir="0" index="0" bw="62" slack="0"/>
<pin id="766" dir="1" index="1" bw="64" slack="0"/>
</pin_list>
<bind>
<opcode="sext(35) " fcode="sext"/>
<opset="sext_ln59/21 "/>
</bind>
</comp>

<comp id="768" class="1004" name="gmem1_addr_1_fu_768">
<pin_list>
<pin id="769" dir="0" index="0" bw="32" slack="0"/>
<pin id="770" dir="0" index="1" bw="62" slack="0"/>
<pin id="771" dir="1" index="2" bw="32" slack="2"/>
</pin_list>
<bind>
<opcode="getelementptr(29) " fcode="getelementptr"/>
<opset="gmem1_addr_1/21 "/>
</bind>
</comp>

<comp id="774" class="1004" name="icmp_ln53_fu_774">
<pin_list>
<pin id="775" dir="0" index="0" bw="7" slack="0"/>
<pin id="776" dir="0" index="1" bw="6" slack="0"/>
<pin id="777" dir="1" index="2" bw="1" slack="2147483647"/>
</pin_list>
<bind>
<opcode="icmp(45) " fcode="icmp"/>
<opset="icmp_ln53/22 "/>
</bind>
</comp>

<comp id="780" class="1004" name="add_ln53_fu_780">
<pin_list>
<pin id="781" dir="0" index="0" bw="7" slack="0"/>
<pin id="782" dir="0" index="1" bw="1" slack="0"/>
<pin id="783" dir="1" index="2" bw="7" slack="0"/>
</pin_list>
<bind>
<opcode="add(8) " fcode="add"/>
<opset="add_ln53/22 "/>
</bind>
</comp>

<comp id="786" class="1004" name="icmp_ln55_fu_786">
<pin_list>
<pin id="787" dir="0" index="0" bw="4" slack="0"/>
<pin id="788" dir="0" index="1" bw="4" slack="0"/>
<pin id="789" dir="1" index="2" bw="1" slack="0"/>
</pin_list>
<bind>
<opcode="icmp(45) " fcode="icmp"/>
<opset="icmp_ln55/22 "/>
</bind>
</comp>

<comp id="792" class="1004" name="select_ln53_fu_792">
<pin_list>
<pin id="793" dir="0" index="0" bw="1" slack="0"/>
<pin id="794" dir="0" index="1" bw="1" slack="0"/>
<pin id="795" dir="0" index="2" bw="4" slack="0"/>
<pin id="796" dir="1" index="3" bw="4" slack="0"/>
</pin_list>
<bind>
<opcode="select(49) " fcode="select"/>
<opset="select_ln53/22 "/>
</bind>
</comp>

<comp id="800" class="1004" name="add_ln53_4_fu_800">
<pin_list>
<pin id="801" dir="0" index="0" bw="4" slack="0"/>
<pin id="802" dir="0" index="1" bw="1" slack="0"/>
<pin id="803" dir="1" index="2" bw="4" slack="0"/>
</pin_list>
<bind>
<opcode="add(8) " fcode="add"/>
<opset="add_ln53_4/22 "/>
</bind>
</comp>

<comp id="806" class="1004" name="select_ln53_7_fu_806">
<pin_list>
<pin id="807" dir="0" index="0" bw="1" slack="0"/>
<pin id="808" dir="0" index="1" bw="4" slack="0"/>
<pin id="809" dir="0" index="2" bw="4" slack="0"/>
<pin id="810" dir="1" index="3" bw="4" slack="0"/>
</pin_list>
<bind>
<opcode="select(49) " fcode="select"/>
<opset="select_ln53_7/22 "/>
</bind>
</comp>

<comp id="814" class="1004" name="zext_ln53_fu_814">
<pin_list>
<pin id="815" dir="0" index="0" bw="4" slack="0"/>
<pin id="816" dir="1" index="1" bw="6" slack="0"/>
</pin_list>
<bind>
<opcode="zext(34) " fcode="zext"/>
<opset="zext_ln53/22 "/>
</bind>
</comp>

<comp id="818" class="1004" name="add_ln53_5_fu_818">
<pin_list>
<pin id="819" dir="0" index="0" bw="5" slack="1"/>
<pin id="820" dir="0" index="1" bw="4" slack="0"/>
<pin id="821" dir="1" index="2" bw="6" slack="0"/>
</pin_list>
<bind>
<opcode="add(8) " fcode="add"/>
<opset="add_ln53_5/22 "/>
</bind>
</comp>

<comp id="823" class="1004" name="zext_ln53_2_fu_823">
<pin_list>
<pin id="824" dir="0" index="0" bw="6" slack="0"/>
<pin id="825" dir="1" index="1" bw="8" slack="0"/>
</pin_list>
<bind>
<opcode="zext(34) " fcode="zext"/>
<opset="zext_ln53_2/22 "/>
</bind>
</comp>

<comp id="827" class="1004" name="add_ln53_6_fu_827">
<pin_list>
<pin id="828" dir="0" index="0" bw="6" slack="0"/>
<pin id="829" dir="0" index="1" bw="7" slack="1"/>
<pin id="830" dir="1" index="2" bw="8" slack="7"/>
</pin_list>
<bind>
<opcode="add(8) " fcode="add"/>
<opset="add_ln53_6/22 "/>
</bind>
</comp>

<comp id="832" class="1004" name="add_ln55_fu_832">
<pin_list>
<pin id="833" dir="0" index="0" bw="4" slack="0"/>
<pin id="834" dir="0" index="1" bw="1" slack="0"/>
<pin id="835" dir="1" index="2" bw="4" slack="0"/>
</pin_list>
<bind>
<opcode="add(8) " fcode="add"/>
<opset="add_ln55/22 "/>
</bind>
</comp>

<comp id="838" class="1004" name="add_ln51_7_fu_838">
<pin_list>
<pin id="839" dir="0" index="0" bw="14" slack="0"/>
<pin id="840" dir="0" index="1" bw="11" slack="0"/>
<pin id="841" dir="1" index="2" bw="14" slack="0"/>
</pin_list>
<bind>
<opcode="add(8) " fcode="add"/>
<opset="add_ln51_7/22 "/>
</bind>
</comp>

<comp id="844" class="1004" name="store_ln51_store_fu_844">
<pin_list>
<pin id="845" dir="0" index="0" bw="5" slack="2"/>
<pin id="846" dir="0" index="1" bw="5" slack="10"/>
<pin id="847" dir="1" index="2" bw="0" slack="2147483647"/>
</pin_list>
<bind>
<opcode="store(28) " fcode="store"/>
<opset="store_ln51/22 "/>
</bind>
</comp>

<comp id="848" class="1004" name="store_ln51_store_fu_848">
<pin_list>
<pin id="849" dir="0" index="0" bw="14" slack="0"/>
<pin id="850" dir="0" index="1" bw="14" slack="10"/>
<pin id="851" dir="1" index="2" bw="0" slack="2147483647"/>
</pin_list>
<bind>
<opcode="store(28) " fcode="store"/>
<opset="store_ln51/22 "/>
</bind>
</comp>

<comp id="853" class="1004" name="p_shl17_mid2_fu_853">
<pin_list>
<pin id="854" dir="0" index="0" bw="11" slack="0"/>
<pin id="855" dir="0" index="1" bw="8" slack="7"/>
<pin id="856" dir="0" index="2" bw="1" slack="0"/>
<pin id="857" dir="1" index="3" bw="11" slack="0"/>
</pin_list>
<bind>
<opcode="bitconcatenate(1004) " fcode="bitconcatenate"/>
<opset="p_shl17_mid2/29 "/>
</bind>
</comp>

<comp id="860" class="1004" name="p_shl18_mid2_fu_860">
<pin_list>
<pin id="861" dir="0" index="0" bw="9" slack="0"/>
<pin id="862" dir="0" index="1" bw="8" slack="7"/>
<pin id="863" dir="0" index="2" bw="1" slack="0"/>
<pin id="864" dir="1" index="3" bw="9" slack="0"/>
</pin_list>
<bind>
<opcode="bitconcatenate(1004) " fcode="bitconcatenate"/>
<opset="p_shl18_mid2/29 "/>
</bind>
</comp>

<comp id="867" class="1004" name="zext_ln55_fu_867">
<pin_list>
<pin id="868" dir="0" index="0" bw="4" slack="7"/>
<pin id="869" dir="1" index="1" bw="9" slack="0"/>
</pin_list>
<bind>
<opcode="zext(34) " fcode="zext"/>
<opset="zext_ln55/29 "/>
</bind>
</comp>

<comp id="870" class="1004" name="add_ln76_fu_870">
<pin_list>
<pin id="871" dir="0" index="0" bw="9" slack="0"/>
<pin id="872" dir="0" index="1" bw="4" slack="0"/>
<pin id="873" dir="1" index="2" bw="9" slack="0"/>
</pin_list>
<bind>
<opcode="add(8) " fcode="add"/>
<opset="add_ln76/29 "/>
</bind>
</comp>

<comp id="876" class="1004" name="zext_ln76_fu_876">
<pin_list>
<pin id="877" dir="0" index="0" bw="9" slack="0"/>
<pin id="878" dir="1" index="1" bw="11" slack="0"/>
</pin_list>
<bind>
<opcode="zext(34) " fcode="zext"/>
<opset="zext_ln76/29 "/>
</bind>
</comp>

<comp id="880" class="1004" name="add_ln76_1_fu_880">
<pin_list>
<pin id="881" dir="0" index="0" bw="9" slack="0"/>
<pin id="882" dir="0" index="1" bw="11" slack="0"/>
<pin id="883" dir="1" index="2" bw="11" slack="1"/>
</pin_list>
<bind>
<opcode="add(8) " fcode="add"/>
<opset="add_ln76_1/29 "/>
</bind>
</comp>

<comp id="886" class="1004" name="sext_ln51_2_fu_886">
<pin_list>
<pin id="887" dir="0" index="0" bw="62" slack="1"/>
<pin id="888" dir="1" index="1" bw="64" slack="0"/>
</pin_list>
<bind>
<opcode="sext(35) " fcode="sext"/>
<opset="sext_ln51_2/32 "/>
</bind>
</comp>

<comp id="889" class="1004" name="gmem1_addr_fu_889">
<pin_list>
<pin id="890" dir="0" index="0" bw="32" slack="0"/>
<pin id="891" dir="0" index="1" bw="62" slack="0"/>
<pin id="892" dir="1" index="2" bw="32" slack="0"/>
</pin_list>
<bind>
<opcode="getelementptr(29) " fcode="getelementptr"/>
<opset="gmem1_addr/32 "/>
</bind>
</comp>

<comp id="896" class="1004" name="output_channel_5_load_fu_896">
<pin_list>
<pin id="897" dir="0" index="0" bw="7" slack="8"/>
<pin id="898" dir="1" index="1" bw="7" slack="0"/>
</pin_list>
<bind>
<opcode="load(27) " fcode="load"/>
<opset="output_channel_5/39 "/>
</bind>
</comp>

<comp id="899" class="1004" name="icmp_ln51_2_fu_899">
<pin_list>
<pin id="900" dir="0" index="0" bw="7" slack="0"/>
<pin id="901" dir="0" index="1" bw="4" slack="0"/>
<pin id="902" dir="1" index="2" bw="1" slack="2147483647"/>
</pin_list>
<bind>
<opcode="icmp(45) " fcode="icmp"/>
<opset="icmp_ln51_2/39 "/>
</bind>
</comp>

<comp id="905" class="1004" name="add_ln51_5_fu_905">
<pin_list>
<pin id="906" dir="0" index="0" bw="7" slack="0"/>
<pin id="907" dir="0" index="1" bw="1" slack="0"/>
<pin id="908" dir="1" index="2" bw="7" slack="0"/>
</pin_list>
<bind>
<opcode="add(8) " fcode="add"/>
<opset="add_ln51_5/39 "/>
</bind>
</comp>

<comp id="911" class="1004" name="store_ln51_store_fu_911">
<pin_list>
<pin id="912" dir="0" index="0" bw="7" slack="0"/>
<pin id="913" dir="0" index="1" bw="7" slack="8"/>
<pin id="914" dir="1" index="2" bw="0" slack="2147483647"/>
</pin_list>
<bind>
<opcode="store(28) " fcode="store"/>
<opset="store_ln51/39 "/>
</bind>
</comp>

<comp id="916" class="1004" name="add_ln139_fu_916">
<pin_list>
<pin id="917" dir="0" index="0" bw="64" slack="24"/>
<pin id="918" dir="0" index="1" bw="19" slack="0"/>
<pin id="919" dir="1" index="2" bw="64" slack="0"/>
</pin_list>
<bind>
<opcode="add(8) " fcode="add"/>
<opset="add_ln139/39 "/>
</bind>
</comp>

<comp id="921" class="1004" name="trunc_ln5_fu_921">
<pin_list>
<pin id="922" dir="0" index="0" bw="62" slack="0"/>
<pin id="923" dir="0" index="1" bw="64" slack="0"/>
<pin id="924" dir="0" index="2" bw="3" slack="0"/>
<pin id="925" dir="0" index="3" bw="7" slack="0"/>
<pin id="926" dir="1" index="4" bw="62" slack="1"/>
</pin_list>
<bind>
<opcode="partselect(1002) " fcode="partselect"/>
<opset="trunc_ln5/39 "/>
</bind>
</comp>

<comp id="931" class="1004" name="add_ln139_1_fu_931">
<pin_list>
<pin id="932" dir="0" index="0" bw="64" slack="24"/>
<pin id="933" dir="0" index="1" bw="11" slack="0"/>
<pin id="934" dir="1" index="2" bw="64" slack="0"/>
</pin_list>
<bind>
<opcode="add(8) " fcode="add"/>
<opset="add_ln139_1/39 "/>
</bind>
</comp>

<comp id="936" class="1004" name="trunc_ln139_1_fu_936">
<pin_list>
<pin id="937" dir="0" index="0" bw="62" slack="0"/>
<pin id="938" dir="0" index="1" bw="64" slack="0"/>
<pin id="939" dir="0" index="2" bw="3" slack="0"/>
<pin id="940" dir="0" index="3" bw="7" slack="0"/>
<pin id="941" dir="1" index="4" bw="62" slack="0"/>
</pin_list>
<bind>
<opcode="partselect(1002) " fcode="partselect"/>
<opset="trunc_ln139_1/39 "/>
</bind>
</comp>

<comp id="946" class="1004" name="sext_ln139_1_fu_946">
<pin_list>
<pin id="947" dir="0" index="0" bw="62" slack="0"/>
<pin id="948" dir="1" index="1" bw="64" slack="0"/>
</pin_list>
<bind>
<opcode="sext(35) " fcode="sext"/>
<opset="sext_ln139_1/39 "/>
</bind>
</comp>

<comp id="950" class="1004" name="gmem2_addr_3_fu_950">
<pin_list>
<pin id="951" dir="0" index="0" bw="32" slack="0"/>
<pin id="952" dir="0" index="1" bw="62" slack="0"/>
<pin id="953" dir="1" index="2" bw="32" slack="1"/>
</pin_list>
<bind>
<opcode="getelementptr(29) " fcode="getelementptr"/>
<opset="gmem2_addr_3/39 "/>
</bind>
</comp>

<comp id="956" class="1004" name="store_ln139_store_fu_956">
<pin_list>
<pin id="957" dir="0" index="0" bw="1" slack="0"/>
<pin id="958" dir="0" index="1" bw="7" slack="0"/>
<pin id="959" dir="1" index="2" bw="0" slack="2147483647"/>
</pin_list>
<bind>
<opcode="store(28) " fcode="store"/>
<opset="store_ln139/39 "/>
</bind>
</comp>

<comp id="961" class="1004" name="accumulator_fu_961">
<pin_list>
<pin id="962" dir="0" index="0" bw="32" slack="1"/>
<pin id="963" dir="1" index="1" bw="32" slack="0"/>
</pin_list>
<bind>
<opcode="bitcast(44) " fcode="bitcast"/>
<opset="accumulator/41 "/>
</bind>
</comp>

<comp id="965" class="1004" name="sext_ln139_fu_965">
<pin_list>
<pin id="966" dir="0" index="0" bw="62" slack="1"/>
<pin id="967" dir="1" index="1" bw="64" slack="0"/>
</pin_list>
<bind>
<opcode="sext(35) " fcode="sext"/>
<opset="sext_ln139/43 "/>
</bind>
</comp>

<comp id="968" class="1004" name="gmem1_addr_2_fu_968">
<pin_list>
<pin id="969" dir="0" index="0" bw="32" slack="0"/>
<pin id="970" dir="0" index="1" bw="62" slack="0"/>
<pin id="971" dir="1" index="2" bw="32" slack="0"/>
</pin_list>
<bind>
<opcode="getelementptr(29) " fcode="getelementptr"/>
<opset="gmem1_addr_2/43 "/>
</bind>
</comp>

<comp id="975" class="1004" name="output_index_2_load_fu_975">
<pin_list>
<pin id="976" dir="0" index="0" bw="7" slack="8"/>
<pin id="977" dir="1" index="1" bw="7" slack="0"/>
</pin_list>
<bind>
<opcode="load(27) " fcode="load"/>
<opset="output_index_2/50 "/>
</bind>
</comp>

<comp id="978" class="1004" name="icmp_ln139_fu_978">
<pin_list>
<pin id="979" dir="0" index="0" bw="7" slack="0"/>
<pin id="980" dir="0" index="1" bw="7" slack="0"/>
<pin id="981" dir="1" index="2" bw="1" slack="2147483647"/>
</pin_list>
<bind>
<opcode="icmp(45) " fcode="icmp"/>
<opset="icmp_ln139/50 "/>
</bind>
</comp>

<comp id="984" class="1004" name="add_ln139_4_fu_984">
<pin_list>
<pin id="985" dir="0" index="0" bw="7" slack="0"/>
<pin id="986" dir="0" index="1" bw="1" slack="0"/>
<pin id="987" dir="1" index="2" bw="7" slack="0"/>
</pin_list>
<bind>
<opcode="add(8) " fcode="add"/>
<opset="add_ln139_4/50 "/>
</bind>
</comp>

<comp id="990" class="1004" name="store_ln139_store_fu_990">
<pin_list>
<pin id="991" dir="0" index="0" bw="7" slack="0"/>
<pin id="992" dir="0" index="1" bw="7" slack="8"/>
<pin id="993" dir="1" index="2" bw="0" slack="2147483647"/>
</pin_list>
<bind>
<opcode="store(28) " fcode="store"/>
<opset="store_ln139/50 "/>
</bind>
</comp>

<comp id="995" class="1004" name="add_ln139_2_fu_995">
<pin_list>
<pin id="996" dir="0" index="0" bw="64" slack="32"/>
<pin id="997" dir="0" index="1" bw="19" slack="0"/>
<pin id="998" dir="1" index="2" bw="64" slack="0"/>
</pin_list>
<bind>
<opcode="add(8) " fcode="add"/>
<opset="add_ln139_2/50 "/>
</bind>
</comp>

<comp id="1000" class="1004" name="trunc_ln139_2_fu_1000">
<pin_list>
<pin id="1001" dir="0" index="0" bw="62" slack="0"/>
<pin id="1002" dir="0" index="1" bw="64" slack="0"/>
<pin id="1003" dir="0" index="2" bw="3" slack="0"/>
<pin id="1004" dir="0" index="3" bw="7" slack="0"/>
<pin id="1005" dir="1" index="4" bw="62" slack="1"/>
</pin_list>
<bind>
<opcode="partselect(1002) " fcode="partselect"/>
<opset="trunc_ln139_2/50 "/>
</bind>
</comp>

<comp id="1010" class="1004" name="add_ln139_3_fu_1010">
<pin_list>
<pin id="1011" dir="0" index="0" bw="64" slack="32"/>
<pin id="1012" dir="0" index="1" bw="11" slack="0"/>
<pin id="1013" dir="1" index="2" bw="64" slack="0"/>
</pin_list>
<bind>
<opcode="add(8) " fcode="add"/>
<opset="add_ln139_3/50 "/>
</bind>
</comp>

<comp id="1015" class="1004" name="trunc_ln139_3_fu_1015">
<pin_list>
<pin id="1016" dir="0" index="0" bw="62" slack="0"/>
<pin id="1017" dir="0" index="1" bw="64" slack="0"/>
<pin id="1018" dir="0" index="2" bw="3" slack="0"/>
<pin id="1019" dir="0" index="3" bw="7" slack="0"/>
<pin id="1020" dir="1" index="4" bw="62" slack="0"/>
</pin_list>
<bind>
<opcode="partselect(1002) " fcode="partselect"/>
<opset="trunc_ln139_3/50 "/>
</bind>
</comp>

<comp id="1025" class="1004" name="sext_ln139_3_fu_1025">
<pin_list>
<pin id="1026" dir="0" index="0" bw="62" slack="0"/>
<pin id="1027" dir="1" index="1" bw="64" slack="0"/>
</pin_list>
<bind>
<opcode="sext(35) " fcode="sext"/>
<opset="sext_ln139_3/50 "/>
</bind>
</comp>

<comp id="1029" class="1004" name="gmem2_addr_4_fu_1029">
<pin_list>
<pin id="1030" dir="0" index="0" bw="32" slack="0"/>
<pin id="1031" dir="0" index="1" bw="62" slack="0"/>
<pin id="1032" dir="1" index="2" bw="32" slack="1"/>
</pin_list>
<bind>
<opcode="getelementptr(29) " fcode="getelementptr"/>
<opset="gmem2_addr_4/50 "/>
</bind>
</comp>

<comp id="1035" class="1004" name="trunc_ln139_4_fu_1035">
<pin_list>
<pin id="1036" dir="0" index="0" bw="62" slack="0"/>
<pin id="1037" dir="0" index="1" bw="64" slack="32"/>
<pin id="1038" dir="0" index="2" bw="3" slack="0"/>
<pin id="1039" dir="0" index="3" bw="7" slack="0"/>
<pin id="1040" dir="1" index="4" bw="62" slack="7"/>
</pin_list>
<bind>
<opcode="partselect(1002) " fcode="partselect"/>
<opset="trunc_ln139_4/50 "/>
</bind>
</comp>

<comp id="1044" class="1004" name="store_ln139_store_fu_1044">
<pin_list>
<pin id="1045" dir="0" index="0" bw="1" slack="0"/>
<pin id="1046" dir="0" index="1" bw="4" slack="0"/>
<pin id="1047" dir="1" index="2" bw="0" slack="2147483647"/>
</pin_list>
<bind>
<opcode="store(28) " fcode="store"/>
<opset="store_ln139/50 "/>
</bind>
</comp>

<comp id="1049" class="1004" name="accumulator_4_fu_1049">
<pin_list>
<pin id="1050" dir="0" index="0" bw="32" slack="1"/>
<pin id="1051" dir="1" index="1" bw="32" slack="0"/>
</pin_list>
<bind>
<opcode="bitcast(44) " fcode="bitcast"/>
<opset="accumulator_4/52 "/>
</bind>
</comp>

<comp id="1053" class="1004" name="sext_ln139_2_fu_1053">
<pin_list>
<pin id="1054" dir="0" index="0" bw="62" slack="1"/>
<pin id="1055" dir="1" index="1" bw="64" slack="0"/>
</pin_list>
<bind>
<opcode="sext(35) " fcode="sext"/>
<opset="sext_ln139_2/54 "/>
</bind>
</comp>

<comp id="1056" class="1004" name="gmem1_addr_3_fu_1056">
<pin_list>
<pin id="1057" dir="0" index="0" bw="32" slack="0"/>
<pin id="1058" dir="0" index="1" bw="62" slack="0"/>
<pin id="1059" dir="1" index="2" bw="32" slack="0"/>
</pin_list>
<bind>
<opcode="getelementptr(29) " fcode="getelementptr"/>
<opset="gmem1_addr_3/54 "/>
</bind>
</comp>

<comp id="1063" class="1004" name="sext_ln139_4_fu_1063">
<pin_list>
<pin id="1064" dir="0" index="0" bw="62" slack="7"/>
<pin id="1065" dir="1" index="1" bw="64" slack="0"/>
</pin_list>
<bind>
<opcode="sext(35) " fcode="sext"/>
<opset="sext_ln139_4/60 "/>
</bind>
</comp>

<comp id="1066" class="1004" name="gmem3_addr_fu_1066">
<pin_list>
<pin id="1067" dir="0" index="0" bw="32" slack="0"/>
<pin id="1068" dir="0" index="1" bw="62" slack="0"/>
<pin id="1069" dir="1" index="2" bw="32" slack="0"/>
</pin_list>
<bind>
<opcode="getelementptr(29) " fcode="getelementptr"/>
<opset="gmem3_addr/60 "/>
</bind>
</comp>

<comp id="1073" class="1004" name="output_index_3_load_fu_1073">
<pin_list>
<pin id="1074" dir="0" index="0" bw="4" slack="8"/>
<pin id="1075" dir="1" index="1" bw="4" slack="0"/>
</pin_list>
<bind>
<opcode="load(27) " fcode="load"/>
<opset="output_index_3/61 "/>
</bind>
</comp>

<comp id="1076" class="1004" name="icmp_ln139_1_fu_1076">
<pin_list>
<pin id="1077" dir="0" index="0" bw="4" slack="0"/>
<pin id="1078" dir="0" index="1" bw="4" slack="0"/>
<pin id="1079" dir="1" index="2" bw="1" slack="2147483647"/>
</pin_list>
<bind>
<opcode="icmp(45) " fcode="icmp"/>
<opset="icmp_ln139_1/61 "/>
</bind>
</comp>

<comp id="1082" class="1004" name="add_ln139_5_fu_1082">
<pin_list>
<pin id="1083" dir="0" index="0" bw="4" slack="0"/>
<pin id="1084" dir="0" index="1" bw="1" slack="0"/>
<pin id="1085" dir="1" index="2" bw="4" slack="0"/>
</pin_list>
<bind>
<opcode="add(8) " fcode="add"/>
<opset="add_ln139_5/61 "/>
</bind>
</comp>

<comp id="1088" class="1004" name="store_ln139_store_fu_1088">
<pin_list>
<pin id="1089" dir="0" index="0" bw="4" slack="0"/>
<pin id="1090" dir="0" index="1" bw="4" slack="8"/>
<pin id="1091" dir="1" index="2" bw="0" slack="2147483647"/>
</pin_list>
<bind>
<opcode="store(28) " fcode="store"/>
<opset="store_ln139/61 "/>
</bind>
</comp>

<comp id="1093" class="1004" name="accumulator_5_fu_1093">
<pin_list>
<pin id="1094" dir="0" index="0" bw="32" slack="1"/>
<pin id="1095" dir="1" index="1" bw="32" slack="0"/>
</pin_list>
<bind>
<opcode="bitcast(44) " fcode="bitcast"/>
<opset="accumulator_5/63 "/>
</bind>
</comp>

<comp id="1097" class="1005" name="phi_mul_reg_1097">
<pin_list>
<pin id="1098" dir="0" index="0" bw="10" slack="0"/>
<pin id="1099" dir="1" index="1" bw="10" slack="0"/>
</pin_list>
<bind>
<opset="phi_mul "/>
</bind>
</comp>

<comp id="1104" class="1005" name="output_channel_reg_1104">
<pin_list>
<pin id="1105" dir="0" index="0" bw="3" slack="0"/>
<pin id="1106" dir="1" index="1" bw="3" slack="0"/>
</pin_list>
<bind>
<opset="output_channel "/>
</bind>
</comp>

<comp id="1111" class="1005" name="feature_out_read_reg_1111">
<pin_list>
<pin id="1112" dir="0" index="0" bw="64" slack="32"/>
<pin id="1113" dir="1" index="1" bw="64" slack="32"/>
</pin_list>
<bind>
<opset="feature_out_read "/>
</bind>
</comp>

<comp id="1116" class="1005" name="bias_read_reg_1116">
<pin_list>
<pin id="1117" dir="0" index="0" bw="64" slack="8"/>
<pin id="1118" dir="1" index="1" bw="64" slack="8"/>
</pin_list>
<bind>
<opset="bias_read "/>
</bind>
</comp>

<comp id="1124" class="1005" name="weight_read_reg_1124">
<pin_list>
<pin id="1125" dir="0" index="0" bw="64" slack="10"/>
<pin id="1126" dir="1" index="1" bw="64" slack="10"/>
</pin_list>
<bind>
<opset="weight_read "/>
</bind>
</comp>

<comp id="1133" class="1005" name="feature_in_read_reg_1133">
<pin_list>
<pin id="1134" dir="0" index="0" bw="64" slack="10"/>
<pin id="1135" dir="1" index="1" bw="64" slack="10"/>
</pin_list>
<bind>
<opset="feature_in_read "/>
</bind>
</comp>

<comp id="1138" class="1005" name="gmem2_addr_reg_1138">
<pin_list>
<pin id="1139" dir="0" index="0" bw="32" slack="1"/>
<pin id="1140" dir="1" index="1" bw="32" slack="1"/>
</pin_list>
<bind>
<opset="gmem2_addr "/>
</bind>
</comp>

<comp id="1144" class="1005" name="phi_mul_load_reg_1144">
<pin_list>
<pin id="1145" dir="0" index="0" bw="10" slack="2"/>
<pin id="1146" dir="1" index="1" bw="10" slack="2"/>
</pin_list>
<bind>
<opset="phi_mul_load "/>
</bind>
</comp>

<comp id="1149" class="1005" name="output_channel_2_reg_1149">
<pin_list>
<pin id="1150" dir="0" index="0" bw="3" slack="2"/>
<pin id="1151" dir="1" index="1" bw="3" slack="2"/>
</pin_list>
<bind>
<opset="output_channel_2 "/>
</bind>
</comp>

<comp id="1158" class="1005" name="phi_mul227_reg_1158">
<pin_list>
<pin id="1159" dir="0" index="0" bw="14" slack="0"/>
<pin id="1160" dir="1" index="1" bw="14" slack="0"/>
</pin_list>
<bind>
<opset="phi_mul227 "/>
</bind>
</comp>

<comp id="1165" class="1005" name="output_channel_1_reg_1165">
<pin_list>
<pin id="1166" dir="0" index="0" bw="5" slack="0"/>
<pin id="1167" dir="1" index="1" bw="5" slack="0"/>
</pin_list>
<bind>
<opset="output_channel_1 "/>
</bind>
</comp>

<comp id="1172" class="1005" name="gmem2_addr_1_reg_1172">
<pin_list>
<pin id="1173" dir="0" index="0" bw="32" slack="1"/>
<pin id="1174" dir="1" index="1" bw="32" slack="1"/>
</pin_list>
<bind>
<opset="gmem2_addr_1 "/>
</bind>
</comp>

<comp id="1178" class="1005" name="gmem2_addr_read_reg_1178">
<pin_list>
<pin id="1179" dir="0" index="0" bw="32" slack="1"/>
<pin id="1180" dir="1" index="1" bw="32" slack="1"/>
</pin_list>
<bind>
<opset="gmem2_addr_read "/>
</bind>
</comp>

<comp id="1183" class="1005" name="empty_95_reg_1183">
<pin_list>
<pin id="1184" dir="0" index="0" bw="9" slack="1"/>
<pin id="1185" dir="1" index="1" bw="9" slack="1"/>
</pin_list>
<bind>
<opset="empty_95 "/>
</bind>
</comp>

<comp id="1188" class="1005" name="accumulator_2_reg_1188">
<pin_list>
<pin id="1189" dir="0" index="0" bw="32" slack="1"/>
<pin id="1190" dir="1" index="1" bw="32" slack="1"/>
</pin_list>
<bind>
<opset="accumulator_2 "/>
</bind>
</comp>

<comp id="1193" class="1005" name="trunc_ln1_reg_1193">
<pin_list>
<pin id="1194" dir="0" index="0" bw="62" slack="1"/>
<pin id="1195" dir="1" index="1" bw="62" slack="1"/>
</pin_list>
<bind>
<opset="trunc_ln1 "/>
</bind>
</comp>

<comp id="1204" class="1005" name="add_ln51_4_reg_1204">
<pin_list>
<pin id="1205" dir="0" index="0" bw="5" slack="2"/>
<pin id="1206" dir="1" index="1" bw="5" slack="2"/>
</pin_list>
<bind>
<opset="add_ln51_4 "/>
</bind>
</comp>

<comp id="1209" class="1005" name="output_channel_3_reg_1209">
<pin_list>
<pin id="1210" dir="0" index="0" bw="7" slack="0"/>
<pin id="1211" dir="1" index="1" bw="7" slack="0"/>
</pin_list>
<bind>
<opset="output_channel_3 "/>
</bind>
</comp>

<comp id="1216" class="1005" name="trunc_ln51_2_reg_1216">
<pin_list>
<pin id="1217" dir="0" index="0" bw="62" slack="1"/>
<pin id="1218" dir="1" index="1" bw="62" slack="1"/>
</pin_list>
<bind>
<opset="trunc_ln51_2 "/>
</bind>
</comp>

<comp id="1222" class="1005" name="gmem2_addr_2_reg_1222">
<pin_list>
<pin id="1223" dir="0" index="0" bw="32" slack="1"/>
<pin id="1224" dir="1" index="1" bw="32" slack="1"/>
</pin_list>
<bind>
<opset="gmem2_addr_2 "/>
</bind>
</comp>

<comp id="1228" class="1005" name="p_shl15_cast_reg_1228">
<pin_list>
<pin id="1229" dir="0" index="0" bw="8" slack="1"/>
<pin id="1230" dir="1" index="1" bw="8" slack="1"/>
</pin_list>
<bind>
<opset="p_shl15_cast "/>
</bind>
</comp>

<comp id="1233" class="1005" name="p_shl16_cast_reg_1233">
<pin_list>
<pin id="1234" dir="0" index="0" bw="6" slack="1"/>
<pin id="1235" dir="1" index="1" bw="6" slack="1"/>
</pin_list>
<bind>
<opset="p_shl16_cast "/>
</bind>
</comp>

<comp id="1238" class="1005" name="accumulator_1_reg_1238">
<pin_list>
<pin id="1239" dir="0" index="0" bw="32" slack="9"/>
<pin id="1240" dir="1" index="1" bw="32" slack="9"/>
</pin_list>
<bind>
<opset="accumulator_1 "/>
</bind>
</comp>

<comp id="1243" class="1005" name="trunc_ln4_reg_1243">
<pin_list>
<pin id="1244" dir="0" index="0" bw="62" slack="9"/>
<pin id="1245" dir="1" index="1" bw="62" slack="9"/>
</pin_list>
<bind>
<opset="trunc_ln4 "/>
</bind>
</comp>

<comp id="1248" class="1005" name="gmem1_addr_1_reg_1248">
<pin_list>
<pin id="1249" dir="0" index="0" bw="32" slack="2"/>
<pin id="1250" dir="1" index="1" bw="32" slack="2"/>
</pin_list>
<bind>
<opset="gmem1_addr_1 "/>
</bind>
</comp>

<comp id="1256" class="1005" name="add_ln53_reg_1256">
<pin_list>
<pin id="1257" dir="0" index="0" bw="7" slack="0"/>
<pin id="1258" dir="1" index="1" bw="7" slack="0"/>
</pin_list>
<bind>
<opset="add_ln53 "/>
</bind>
</comp>

<comp id="1261" class="1005" name="select_ln53_reg_1261">
<pin_list>
<pin id="1262" dir="0" index="0" bw="4" slack="7"/>
<pin id="1263" dir="1" index="1" bw="4" slack="7"/>
</pin_list>
<bind>
<opset="select_ln53 "/>
</bind>
</comp>

<comp id="1267" class="1005" name="select_ln53_7_reg_1267">
<pin_list>
<pin id="1268" dir="0" index="0" bw="4" slack="0"/>
<pin id="1269" dir="1" index="1" bw="4" slack="0"/>
</pin_list>
<bind>
<opset="select_ln53_7 "/>
</bind>
</comp>

<comp id="1273" class="1005" name="add_ln53_6_reg_1273">
<pin_list>
<pin id="1274" dir="0" index="0" bw="8" slack="7"/>
<pin id="1275" dir="1" index="1" bw="8" slack="7"/>
</pin_list>
<bind>
<opset="add_ln53_6 "/>
</bind>
</comp>

<comp id="1279" class="1005" name="add_ln55_reg_1279">
<pin_list>
<pin id="1280" dir="0" index="0" bw="4" slack="0"/>
<pin id="1281" dir="1" index="1" bw="4" slack="0"/>
</pin_list>
<bind>
<opset="add_ln55 "/>
</bind>
</comp>

<comp id="1284" class="1005" name="add_ln76_1_reg_1284">
<pin_list>
<pin id="1285" dir="0" index="0" bw="11" slack="1"/>
<pin id="1286" dir="1" index="1" bw="11" slack="1"/>
</pin_list>
<bind>
<opset="add_ln76_1 "/>
</bind>
</comp>

<comp id="1289" class="1005" name="gmem1_addr_reg_1289">
<pin_list>
<pin id="1290" dir="0" index="0" bw="32" slack="1"/>
<pin id="1291" dir="1" index="1" bw="32" slack="1"/>
</pin_list>
<bind>
<opset="gmem1_addr "/>
</bind>
</comp>

<comp id="1294" class="1005" name="output_channel_5_reg_1294">
<pin_list>
<pin id="1295" dir="0" index="0" bw="7" slack="2"/>
<pin id="1296" dir="1" index="1" bw="7" slack="2"/>
</pin_list>
<bind>
<opset="output_channel_5 "/>
</bind>
</comp>

<comp id="1302" class="1005" name="output_index_reg_1302">
<pin_list>
<pin id="1303" dir="0" index="0" bw="7" slack="0"/>
<pin id="1304" dir="1" index="1" bw="7" slack="0"/>
</pin_list>
<bind>
<opset="output_index "/>
</bind>
</comp>

<comp id="1309" class="1005" name="trunc_ln5_reg_1309">
<pin_list>
<pin id="1310" dir="0" index="0" bw="62" slack="1"/>
<pin id="1311" dir="1" index="1" bw="62" slack="1"/>
</pin_list>
<bind>
<opset="trunc_ln5 "/>
</bind>
</comp>

<comp id="1315" class="1005" name="gmem2_addr_3_reg_1315">
<pin_list>
<pin id="1316" dir="0" index="0" bw="32" slack="1"/>
<pin id="1317" dir="1" index="1" bw="32" slack="1"/>
</pin_list>
<bind>
<opset="gmem2_addr_3 "/>
</bind>
</comp>

<comp id="1321" class="1005" name="gmem2_addr_2_read_reg_1321">
<pin_list>
<pin id="1322" dir="0" index="0" bw="32" slack="1"/>
<pin id="1323" dir="1" index="1" bw="32" slack="1"/>
</pin_list>
<bind>
<opset="gmem2_addr_2_read "/>
</bind>
</comp>

<comp id="1326" class="1005" name="accumulator_reg_1326">
<pin_list>
<pin id="1327" dir="0" index="0" bw="32" slack="1"/>
<pin id="1328" dir="1" index="1" bw="32" slack="1"/>
</pin_list>
<bind>
<opset="accumulator "/>
</bind>
</comp>

<comp id="1331" class="1005" name="gmem1_addr_2_reg_1331">
<pin_list>
<pin id="1332" dir="0" index="0" bw="32" slack="1"/>
<pin id="1333" dir="1" index="1" bw="32" slack="1"/>
</pin_list>
<bind>
<opset="gmem1_addr_2 "/>
</bind>
</comp>

<comp id="1336" class="1005" name="output_index_2_reg_1336">
<pin_list>
<pin id="1337" dir="0" index="0" bw="7" slack="2"/>
<pin id="1338" dir="1" index="1" bw="7" slack="2"/>
</pin_list>
<bind>
<opset="output_index_2 "/>
</bind>
</comp>

<comp id="1344" class="1005" name="output_index_1_reg_1344">
<pin_list>
<pin id="1345" dir="0" index="0" bw="4" slack="0"/>
<pin id="1346" dir="1" index="1" bw="4" slack="0"/>
</pin_list>
<bind>
<opset="output_index_1 "/>
</bind>
</comp>

<comp id="1351" class="1005" name="trunc_ln139_2_reg_1351">
<pin_list>
<pin id="1352" dir="0" index="0" bw="62" slack="1"/>
<pin id="1353" dir="1" index="1" bw="62" slack="1"/>
</pin_list>
<bind>
<opset="trunc_ln139_2 "/>
</bind>
</comp>

<comp id="1357" class="1005" name="gmem2_addr_4_reg_1357">
<pin_list>
<pin id="1358" dir="0" index="0" bw="32" slack="1"/>
<pin id="1359" dir="1" index="1" bw="32" slack="1"/>
</pin_list>
<bind>
<opset="gmem2_addr_4 "/>
</bind>
</comp>

<comp id="1363" class="1005" name="trunc_ln139_4_reg_1363">
<pin_list>
<pin id="1364" dir="0" index="0" bw="62" slack="7"/>
<pin id="1365" dir="1" index="1" bw="62" slack="7"/>
</pin_list>
<bind>
<opset="trunc_ln139_4 "/>
</bind>
</comp>

<comp id="1369" class="1005" name="gmem2_addr_3_read_reg_1369">
<pin_list>
<pin id="1370" dir="0" index="0" bw="32" slack="1"/>
<pin id="1371" dir="1" index="1" bw="32" slack="1"/>
</pin_list>
<bind>
<opset="gmem2_addr_3_read "/>
</bind>
</comp>

<comp id="1374" class="1005" name="accumulator_4_reg_1374">
<pin_list>
<pin id="1375" dir="0" index="0" bw="32" slack="1"/>
<pin id="1376" dir="1" index="1" bw="32" slack="1"/>
</pin_list>
<bind>
<opset="accumulator_4 "/>
</bind>
</comp>

<comp id="1379" class="1005" name="gmem1_addr_3_reg_1379">
<pin_list>
<pin id="1380" dir="0" index="0" bw="32" slack="1"/>
<pin id="1381" dir="1" index="1" bw="32" slack="1"/>
</pin_list>
<bind>
<opset="gmem1_addr_3 "/>
</bind>
</comp>

<comp id="1384" class="1005" name="gmem3_addr_reg_1384">
<pin_list>
<pin id="1385" dir="0" index="0" bw="32" slack="2"/>
<pin id="1386" dir="1" index="1" bw="32" slack="2"/>
</pin_list>
<bind>
<opset="gmem3_addr "/>
</bind>
</comp>

<comp id="1392" class="1005" name="gmem2_addr_4_read_reg_1392">
<pin_list>
<pin id="1393" dir="0" index="0" bw="32" slack="1"/>
<pin id="1394" dir="1" index="1" bw="32" slack="1"/>
</pin_list>
<bind>
<opset="gmem2_addr_4_read "/>
</bind>
</comp>

<comp id="1397" class="1005" name="accumulator_5_reg_1397">
<pin_list>
<pin id="1398" dir="0" index="0" bw="32" slack="1"/>
<pin id="1399" dir="1" index="1" bw="32" slack="1"/>
</pin_list>
<bind>
<opset="accumulator_5 "/>
</bind>
</comp>

</comp_list>

<net_list>
<net id="209"><net_src comp="16" pin="0"/><net_sink comp="206" pin=0"/></net>

<net id="213"><net_src comp="16" pin="0"/><net_sink comp="210" pin=0"/></net>

<net id="217"><net_src comp="20" pin="0"/><net_sink comp="214" pin=0"/></net>

<net id="221"><net_src comp="20" pin="0"/><net_sink comp="218" pin=0"/></net>

<net id="225"><net_src comp="20" pin="0"/><net_sink comp="222" pin=0"/></net>

<net id="229"><net_src comp="20" pin="0"/><net_sink comp="226" pin=0"/></net>

<net id="233"><net_src comp="20" pin="0"/><net_sink comp="230" pin=0"/></net>

<net id="237"><net_src comp="20" pin="0"/><net_sink comp="234" pin=0"/></net>

<net id="241"><net_src comp="20" pin="0"/><net_sink comp="238" pin=0"/></net>

<net id="245"><net_src comp="20" pin="0"/><net_sink comp="242" pin=0"/></net>

<net id="249"><net_src comp="16" pin="0"/><net_sink comp="246" pin=0"/></net>

<net id="253"><net_src comp="16" pin="0"/><net_sink comp="250" pin=0"/></net>

<net id="257"><net_src comp="16" pin="0"/><net_sink comp="254" pin=0"/></net>

<net id="261"><net_src comp="16" pin="0"/><net_sink comp="258" pin=0"/></net>

<net id="265"><net_src comp="16" pin="0"/><net_sink comp="262" pin=0"/></net>

<net id="270"><net_src comp="18" pin="0"/><net_sink comp="266" pin=0"/></net>

<net id="271"><net_src comp="14" pin="0"/><net_sink comp="266" pin=1"/></net>

<net id="276"><net_src comp="18" pin="0"/><net_sink comp="272" pin=0"/></net>

<net id="277"><net_src comp="12" pin="0"/><net_sink comp="272" pin=1"/></net>

<net id="282"><net_src comp="18" pin="0"/><net_sink comp="278" pin=0"/></net>

<net id="283"><net_src comp="10" pin="0"/><net_sink comp="278" pin=1"/></net>

<net id="288"><net_src comp="18" pin="0"/><net_sink comp="284" pin=0"/></net>

<net id="289"><net_src comp="8" pin="0"/><net_sink comp="284" pin=1"/></net>

<net id="295"><net_src comp="32" pin="0"/><net_sink comp="290" pin=0"/></net>

<net id="296"><net_src comp="34" pin="0"/><net_sink comp="290" pin=2"/></net>

<net id="301"><net_src comp="106" pin="0"/><net_sink comp="297" pin=0"/></net>

<net id="307"><net_src comp="32" pin="0"/><net_sink comp="302" pin=0"/></net>

<net id="308"><net_src comp="54" pin="0"/><net_sink comp="302" pin=2"/></net>

<net id="313"><net_src comp="106" pin="0"/><net_sink comp="309" pin=0"/></net>

<net id="319"><net_src comp="32" pin="0"/><net_sink comp="314" pin=0"/></net>

<net id="320"><net_src comp="146" pin="0"/><net_sink comp="314" pin=2"/></net>

<net id="326"><net_src comp="32" pin="0"/><net_sink comp="321" pin=0"/></net>

<net id="327"><net_src comp="162" pin="0"/><net_sink comp="321" pin=2"/></net>

<net id="333"><net_src comp="32" pin="0"/><net_sink comp="328" pin=0"/></net>

<net id="334"><net_src comp="164" pin="0"/><net_sink comp="328" pin=2"/></net>

<net id="339"><net_src comp="106" pin="0"/><net_sink comp="335" pin=0"/></net>

<net id="345"><net_src comp="32" pin="0"/><net_sink comp="340" pin=0"/></net>

<net id="346"><net_src comp="178" pin="0"/><net_sink comp="340" pin=2"/></net>

<net id="352"><net_src comp="32" pin="0"/><net_sink comp="347" pin=0"/></net>

<net id="353"><net_src comp="180" pin="0"/><net_sink comp="347" pin=2"/></net>

<net id="358"><net_src comp="106" pin="0"/><net_sink comp="354" pin=0"/></net>

<net id="364"><net_src comp="32" pin="0"/><net_sink comp="359" pin=0"/></net>

<net id="365"><net_src comp="196" pin="0"/><net_sink comp="359" pin=2"/></net>

<net id="371"><net_src comp="32" pin="0"/><net_sink comp="366" pin=0"/></net>

<net id="372"><net_src comp="68" pin="0"/><net_sink comp="366" pin=2"/></net>

<net id="378"><net_src comp="198" pin="0"/><net_sink comp="373" pin=0"/></net>

<net id="379"><net_src comp="68" pin="0"/><net_sink comp="373" pin=2"/></net>

<net id="384"><net_src comp="106" pin="0"/><net_sink comp="380" pin=0"/></net>

<net id="385"><net_src comp="204" pin="0"/><net_sink comp="373" pin=0"/></net>

<net id="389"><net_src comp="132" pin="0"/><net_sink comp="386" pin=0"/></net>

<net id="396"><net_src comp="386" pin="1"/><net_sink comp="390" pin=0"/></net>

<net id="400"><net_src comp="136" pin="0"/><net_sink comp="397" pin=0"/></net>

<net id="407"><net_src comp="397" pin="1"/><net_sink comp="401" pin=0"/></net>

<net id="411"><net_src comp="136" pin="0"/><net_sink comp="408" pin=0"/></net>

<net id="418"><net_src comp="408" pin="1"/><net_sink comp="412" pin=0"/></net>

<net id="424"><net_src comp="98" pin="0"/><net_sink comp="419" pin=0"/></net>

<net id="435"><net_src comp="114" pin="0"/><net_sink comp="425" pin=0"/></net>

<net id="436"><net_src comp="2" pin="0"/><net_sink comp="425" pin=1"/></net>

<net id="437"><net_src comp="0" pin="0"/><net_sink comp="425" pin=2"/></net>

<net id="443"><net_src comp="126" pin="0"/><net_sink comp="438" pin=0"/></net>

<net id="455"><net_src comp="154" pin="0"/><net_sink comp="444" pin=0"/></net>

<net id="456"><net_src comp="2" pin="0"/><net_sink comp="444" pin=2"/></net>

<net id="462"><net_src comp="170" pin="0"/><net_sink comp="457" pin=0"/></net>

<net id="472"><net_src comp="176" pin="0"/><net_sink comp="463" pin=0"/></net>

<net id="473"><net_src comp="2" pin="0"/><net_sink comp="463" pin=2"/></net>

<net id="479"><net_src comp="186" pin="0"/><net_sink comp="474" pin=0"/></net>

<net id="489"><net_src comp="192" pin="0"/><net_sink comp="480" pin=0"/></net>

<net id="490"><net_src comp="2" pin="0"/><net_sink comp="480" pin=2"/></net>

<net id="500"><net_src comp="202" pin="0"/><net_sink comp="491" pin=0"/></net>

<net id="501"><net_src comp="6" pin="0"/><net_sink comp="491" pin=2"/></net>

<net id="502"><net_src comp="2" pin="0"/><net_sink comp="491" pin=3"/></net>

<net id="512"><net_src comp="22" pin="0"/><net_sink comp="506" pin=0"/></net>

<net id="513"><net_src comp="272" pin="2"/><net_sink comp="506" pin=1"/></net>

<net id="514"><net_src comp="24" pin="0"/><net_sink comp="506" pin=2"/></net>

<net id="515"><net_src comp="26" pin="0"/><net_sink comp="506" pin=3"/></net>

<net id="519"><net_src comp="506" pin="4"/><net_sink comp="516" pin=0"/></net>

<net id="524"><net_src comp="4" pin="0"/><net_sink comp="520" pin=0"/></net>

<net id="525"><net_src comp="516" pin="1"/><net_sink comp="520" pin=1"/></net>

<net id="530"><net_src comp="28" pin="0"/><net_sink comp="526" pin=0"/></net>

<net id="535"><net_src comp="30" pin="0"/><net_sink comp="531" pin=0"/></net>

<net id="546"><net_src comp="536" pin="1"/><net_sink comp="542" pin=0"/></net>

<net id="547"><net_src comp="88" pin="0"/><net_sink comp="542" pin=1"/></net>

<net id="552"><net_src comp="539" pin="1"/><net_sink comp="548" pin=0"/></net>

<net id="553"><net_src comp="90" pin="0"/><net_sink comp="548" pin=1"/></net>

<net id="558"><net_src comp="539" pin="1"/><net_sink comp="554" pin=0"/></net>

<net id="559"><net_src comp="96" pin="0"/><net_sink comp="554" pin=1"/></net>

<net id="564"><net_src comp="554" pin="2"/><net_sink comp="560" pin=0"/></net>

<net id="569"><net_src comp="542" pin="2"/><net_sink comp="565" pin=0"/></net>

<net id="574"><net_src comp="100" pin="0"/><net_sink comp="570" pin=1"/></net>

<net id="581"><net_src comp="22" pin="0"/><net_sink comp="575" pin=0"/></net>

<net id="582"><net_src comp="570" pin="2"/><net_sink comp="575" pin=1"/></net>

<net id="583"><net_src comp="24" pin="0"/><net_sink comp="575" pin=2"/></net>

<net id="584"><net_src comp="26" pin="0"/><net_sink comp="575" pin=3"/></net>

<net id="588"><net_src comp="575" pin="4"/><net_sink comp="585" pin=0"/></net>

<net id="593"><net_src comp="4" pin="0"/><net_sink comp="589" pin=0"/></net>

<net id="594"><net_src comp="585" pin="1"/><net_sink comp="589" pin=1"/></net>

<net id="599"><net_src comp="102" pin="0"/><net_sink comp="595" pin=0"/></net>

<net id="604"><net_src comp="104" pin="0"/><net_sink comp="600" pin=0"/></net>

<net id="612"><net_src comp="605" pin="1"/><net_sink comp="608" pin=0"/></net>

<net id="618"><net_src comp="108" pin="0"/><net_sink comp="613" pin=0"/></net>

<net id="619"><net_src comp="102" pin="0"/><net_sink comp="613" pin=2"/></net>

<net id="623"><net_src comp="613" pin="3"/><net_sink comp="620" pin=0"/></net>

<net id="629"><net_src comp="110" pin="0"/><net_sink comp="624" pin=0"/></net>

<net id="630"><net_src comp="112" pin="0"/><net_sink comp="624" pin=2"/></net>

<net id="634"><net_src comp="624" pin="3"/><net_sink comp="631" pin=0"/></net>

<net id="639"><net_src comp="620" pin="1"/><net_sink comp="635" pin=0"/></net>

<net id="640"><net_src comp="631" pin="1"/><net_sink comp="635" pin=1"/></net>

<net id="641"><net_src comp="635" pin="2"/><net_sink comp="425" pin=4"/></net>

<net id="645"><net_src comp="642" pin="1"/><net_sink comp="425" pin=6"/></net>

<net id="652"><net_src comp="22" pin="0"/><net_sink comp="646" pin=0"/></net>

<net id="653"><net_src comp="608" pin="2"/><net_sink comp="646" pin=1"/></net>

<net id="654"><net_src comp="24" pin="0"/><net_sink comp="646" pin=2"/></net>

<net id="655"><net_src comp="26" pin="0"/><net_sink comp="646" pin=3"/></net>

<net id="656"><net_src comp="646" pin="4"/><net_sink comp="425" pin=3"/></net>

<net id="664"><net_src comp="657" pin="1"/><net_sink comp="660" pin=0"/></net>

<net id="665"><net_src comp="120" pin="0"/><net_sink comp="660" pin=1"/></net>

<net id="670"><net_src comp="657" pin="1"/><net_sink comp="666" pin=0"/></net>

<net id="671"><net_src comp="124" pin="0"/><net_sink comp="666" pin=1"/></net>

<net id="676"><net_src comp="128" pin="0"/><net_sink comp="672" pin=1"/></net>

<net id="683"><net_src comp="22" pin="0"/><net_sink comp="677" pin=0"/></net>

<net id="684"><net_src comp="672" pin="2"/><net_sink comp="677" pin=1"/></net>

<net id="685"><net_src comp="24" pin="0"/><net_sink comp="677" pin=2"/></net>

<net id="686"><net_src comp="26" pin="0"/><net_sink comp="677" pin=3"/></net>

<net id="691"><net_src comp="130" pin="0"/><net_sink comp="687" pin=1"/></net>

<net id="698"><net_src comp="22" pin="0"/><net_sink comp="692" pin=0"/></net>

<net id="699"><net_src comp="687" pin="2"/><net_sink comp="692" pin=1"/></net>

<net id="700"><net_src comp="24" pin="0"/><net_sink comp="692" pin=2"/></net>

<net id="701"><net_src comp="26" pin="0"/><net_sink comp="692" pin=3"/></net>

<net id="705"><net_src comp="692" pin="4"/><net_sink comp="702" pin=0"/></net>

<net id="710"><net_src comp="4" pin="0"/><net_sink comp="706" pin=0"/></net>

<net id="711"><net_src comp="702" pin="1"/><net_sink comp="706" pin=1"/></net>

<net id="716"><net_src comp="132" pin="0"/><net_sink comp="712" pin=0"/></net>

<net id="720"><net_src comp="503" pin="1"/><net_sink comp="717" pin=0"/></net>

<net id="725"><net_src comp="717" pin="1"/><net_sink comp="721" pin=0"/></net>

<net id="734"><net_src comp="134" pin="0"/><net_sink comp="729" pin=0"/></net>

<net id="735"><net_src comp="726" pin="1"/><net_sink comp="729" pin=1"/></net>

<net id="736"><net_src comp="28" pin="0"/><net_sink comp="729" pin=2"/></net>

<net id="740"><net_src comp="729" pin="3"/><net_sink comp="737" pin=0"/></net>

<net id="745"><net_src comp="124" pin="0"/><net_sink comp="741" pin=1"/></net>

<net id="749"><net_src comp="741" pin="2"/><net_sink comp="746" pin=0"/></net>

<net id="753"><net_src comp="309" pin="2"/><net_sink comp="750" pin=0"/></net>

<net id="760"><net_src comp="22" pin="0"/><net_sink comp="754" pin=0"/></net>

<net id="761"><net_src comp="721" pin="2"/><net_sink comp="754" pin=1"/></net>

<net id="762"><net_src comp="24" pin="0"/><net_sink comp="754" pin=2"/></net>

<net id="763"><net_src comp="26" pin="0"/><net_sink comp="754" pin=3"/></net>

<net id="767"><net_src comp="754" pin="4"/><net_sink comp="764" pin=0"/></net>

<net id="772"><net_src comp="2" pin="0"/><net_sink comp="768" pin=0"/></net>

<net id="773"><net_src comp="764" pin="1"/><net_sink comp="768" pin=1"/></net>

<net id="778"><net_src comp="390" pin="4"/><net_sink comp="774" pin=0"/></net>

<net id="779"><net_src comp="138" pin="0"/><net_sink comp="774" pin=1"/></net>

<net id="784"><net_src comp="390" pin="4"/><net_sink comp="780" pin=0"/></net>

<net id="785"><net_src comp="140" pin="0"/><net_sink comp="780" pin=1"/></net>

<net id="790"><net_src comp="412" pin="4"/><net_sink comp="786" pin=0"/></net>

<net id="791"><net_src comp="142" pin="0"/><net_sink comp="786" pin=1"/></net>

<net id="797"><net_src comp="786" pin="2"/><net_sink comp="792" pin=0"/></net>

<net id="798"><net_src comp="136" pin="0"/><net_sink comp="792" pin=1"/></net>

<net id="799"><net_src comp="412" pin="4"/><net_sink comp="792" pin=2"/></net>

<net id="804"><net_src comp="401" pin="4"/><net_sink comp="800" pin=0"/></net>

<net id="805"><net_src comp="144" pin="0"/><net_sink comp="800" pin=1"/></net>

<net id="811"><net_src comp="786" pin="2"/><net_sink comp="806" pin=0"/></net>

<net id="812"><net_src comp="800" pin="2"/><net_sink comp="806" pin=1"/></net>

<net id="813"><net_src comp="401" pin="4"/><net_sink comp="806" pin=2"/></net>

<net id="817"><net_src comp="806" pin="3"/><net_sink comp="814" pin=0"/></net>

<net id="822"><net_src comp="814" pin="1"/><net_sink comp="818" pin=1"/></net>

<net id="826"><net_src comp="818" pin="2"/><net_sink comp="823" pin=0"/></net>

<net id="831"><net_src comp="823" pin="1"/><net_sink comp="827" pin=0"/></net>

<net id="836"><net_src comp="792" pin="3"/><net_sink comp="832" pin=0"/></net>

<net id="837"><net_src comp="144" pin="0"/><net_sink comp="832" pin=1"/></net>

<net id="842"><net_src comp="503" pin="1"/><net_sink comp="838" pin=0"/></net>

<net id="843"><net_src comp="104" pin="0"/><net_sink comp="838" pin=1"/></net>

<net id="852"><net_src comp="838" pin="2"/><net_sink comp="848" pin=0"/></net>

<net id="858"><net_src comp="148" pin="0"/><net_sink comp="853" pin=0"/></net>

<net id="859"><net_src comp="28" pin="0"/><net_sink comp="853" pin=2"/></net>

<net id="865"><net_src comp="150" pin="0"/><net_sink comp="860" pin=0"/></net>

<net id="866"><net_src comp="152" pin="0"/><net_sink comp="860" pin=2"/></net>

<net id="874"><net_src comp="860" pin="3"/><net_sink comp="870" pin=0"/></net>

<net id="875"><net_src comp="867" pin="1"/><net_sink comp="870" pin=1"/></net>

<net id="879"><net_src comp="870" pin="2"/><net_sink comp="876" pin=0"/></net>

<net id="884"><net_src comp="876" pin="1"/><net_sink comp="880" pin=0"/></net>

<net id="885"><net_src comp="853" pin="3"/><net_sink comp="880" pin=1"/></net>

<net id="893"><net_src comp="2" pin="0"/><net_sink comp="889" pin=0"/></net>

<net id="894"><net_src comp="886" pin="1"/><net_sink comp="889" pin=1"/></net>

<net id="895"><net_src comp="889" pin="2"/><net_sink comp="321" pin=1"/></net>

<net id="903"><net_src comp="896" pin="1"/><net_sink comp="899" pin=0"/></net>

<net id="904"><net_src comp="166" pin="0"/><net_sink comp="899" pin=1"/></net>

<net id="909"><net_src comp="896" pin="1"/><net_sink comp="905" pin=0"/></net>

<net id="910"><net_src comp="140" pin="0"/><net_sink comp="905" pin=1"/></net>

<net id="915"><net_src comp="905" pin="2"/><net_sink comp="911" pin=0"/></net>

<net id="920"><net_src comp="172" pin="0"/><net_sink comp="916" pin=1"/></net>

<net id="927"><net_src comp="22" pin="0"/><net_sink comp="921" pin=0"/></net>

<net id="928"><net_src comp="916" pin="2"/><net_sink comp="921" pin=1"/></net>

<net id="929"><net_src comp="24" pin="0"/><net_sink comp="921" pin=2"/></net>

<net id="930"><net_src comp="26" pin="0"/><net_sink comp="921" pin=3"/></net>

<net id="935"><net_src comp="174" pin="0"/><net_sink comp="931" pin=1"/></net>

<net id="942"><net_src comp="22" pin="0"/><net_sink comp="936" pin=0"/></net>

<net id="943"><net_src comp="931" pin="2"/><net_sink comp="936" pin=1"/></net>

<net id="944"><net_src comp="24" pin="0"/><net_sink comp="936" pin=2"/></net>

<net id="945"><net_src comp="26" pin="0"/><net_sink comp="936" pin=3"/></net>

<net id="949"><net_src comp="936" pin="4"/><net_sink comp="946" pin=0"/></net>

<net id="954"><net_src comp="4" pin="0"/><net_sink comp="950" pin=0"/></net>

<net id="955"><net_src comp="946" pin="1"/><net_sink comp="950" pin=1"/></net>

<net id="960"><net_src comp="132" pin="0"/><net_sink comp="956" pin=0"/></net>

<net id="964"><net_src comp="961" pin="1"/><net_sink comp="463" pin=1"/></net>

<net id="972"><net_src comp="2" pin="0"/><net_sink comp="968" pin=0"/></net>

<net id="973"><net_src comp="965" pin="1"/><net_sink comp="968" pin=1"/></net>

<net id="974"><net_src comp="968" pin="2"/><net_sink comp="340" pin=1"/></net>

<net id="982"><net_src comp="975" pin="1"/><net_sink comp="978" pin=0"/></net>

<net id="983"><net_src comp="182" pin="0"/><net_sink comp="978" pin=1"/></net>

<net id="988"><net_src comp="975" pin="1"/><net_sink comp="984" pin=0"/></net>

<net id="989"><net_src comp="140" pin="0"/><net_sink comp="984" pin=1"/></net>

<net id="994"><net_src comp="984" pin="2"/><net_sink comp="990" pin=0"/></net>

<net id="999"><net_src comp="188" pin="0"/><net_sink comp="995" pin=1"/></net>

<net id="1006"><net_src comp="22" pin="0"/><net_sink comp="1000" pin=0"/></net>

<net id="1007"><net_src comp="995" pin="2"/><net_sink comp="1000" pin=1"/></net>

<net id="1008"><net_src comp="24" pin="0"/><net_sink comp="1000" pin=2"/></net>

<net id="1009"><net_src comp="26" pin="0"/><net_sink comp="1000" pin=3"/></net>

<net id="1014"><net_src comp="190" pin="0"/><net_sink comp="1010" pin=1"/></net>

<net id="1021"><net_src comp="22" pin="0"/><net_sink comp="1015" pin=0"/></net>

<net id="1022"><net_src comp="1010" pin="2"/><net_sink comp="1015" pin=1"/></net>

<net id="1023"><net_src comp="24" pin="0"/><net_sink comp="1015" pin=2"/></net>

<net id="1024"><net_src comp="26" pin="0"/><net_sink comp="1015" pin=3"/></net>

<net id="1028"><net_src comp="1015" pin="4"/><net_sink comp="1025" pin=0"/></net>

<net id="1033"><net_src comp="4" pin="0"/><net_sink comp="1029" pin=0"/></net>

<net id="1034"><net_src comp="1025" pin="1"/><net_sink comp="1029" pin=1"/></net>

<net id="1041"><net_src comp="22" pin="0"/><net_sink comp="1035" pin=0"/></net>

<net id="1042"><net_src comp="24" pin="0"/><net_sink comp="1035" pin=2"/></net>

<net id="1043"><net_src comp="26" pin="0"/><net_sink comp="1035" pin=3"/></net>

<net id="1048"><net_src comp="136" pin="0"/><net_sink comp="1044" pin=0"/></net>

<net id="1052"><net_src comp="1049" pin="1"/><net_sink comp="480" pin=1"/></net>

<net id="1060"><net_src comp="2" pin="0"/><net_sink comp="1056" pin=0"/></net>

<net id="1061"><net_src comp="1053" pin="1"/><net_sink comp="1056" pin=1"/></net>

<net id="1062"><net_src comp="1056" pin="2"/><net_sink comp="359" pin=1"/></net>

<net id="1070"><net_src comp="6" pin="0"/><net_sink comp="1066" pin=0"/></net>

<net id="1071"><net_src comp="1063" pin="1"/><net_sink comp="1066" pin=1"/></net>

<net id="1072"><net_src comp="1066" pin="2"/><net_sink comp="373" pin=1"/></net>

<net id="1080"><net_src comp="1073" pin="1"/><net_sink comp="1076" pin=0"/></net>

<net id="1081"><net_src comp="142" pin="0"/><net_sink comp="1076" pin=1"/></net>

<net id="1086"><net_src comp="1073" pin="1"/><net_sink comp="1082" pin=0"/></net>

<net id="1087"><net_src comp="144" pin="0"/><net_sink comp="1082" pin=1"/></net>

<net id="1092"><net_src comp="1082" pin="2"/><net_sink comp="1088" pin=0"/></net>

<net id="1096"><net_src comp="1093" pin="1"/><net_sink comp="491" pin=1"/></net>

<net id="1100"><net_src comp="206" pin="1"/><net_sink comp="1097" pin=0"/></net>

<net id="1101"><net_src comp="1097" pin="1"/><net_sink comp="531" pin=1"/></net>

<net id="1102"><net_src comp="1097" pin="1"/><net_sink comp="536" pin=0"/></net>

<net id="1103"><net_src comp="1097" pin="1"/><net_sink comp="565" pin=1"/></net>

<net id="1107"><net_src comp="210" pin="1"/><net_sink comp="1104" pin=0"/></net>

<net id="1108"><net_src comp="1104" pin="1"/><net_sink comp="526" pin=1"/></net>

<net id="1109"><net_src comp="1104" pin="1"/><net_sink comp="539" pin=0"/></net>

<net id="1110"><net_src comp="1104" pin="1"/><net_sink comp="560" pin=1"/></net>

<net id="1114"><net_src comp="266" pin="2"/><net_sink comp="1111" pin=0"/></net>

<net id="1115"><net_src comp="1111" pin="1"/><net_sink comp="1035" pin=1"/></net>

<net id="1119"><net_src comp="272" pin="2"/><net_sink comp="1116" pin=0"/></net>

<net id="1120"><net_src comp="1116" pin="1"/><net_sink comp="570" pin=0"/></net>

<net id="1121"><net_src comp="1116" pin="1"/><net_sink comp="687" pin=0"/></net>

<net id="1122"><net_src comp="1116" pin="1"/><net_sink comp="931" pin=0"/></net>

<net id="1123"><net_src comp="1116" pin="1"/><net_sink comp="1010" pin=0"/></net>

<net id="1127"><net_src comp="278" pin="2"/><net_sink comp="1124" pin=0"/></net>

<net id="1128"><net_src comp="1124" pin="1"/><net_sink comp="608" pin=1"/></net>

<net id="1129"><net_src comp="1124" pin="1"/><net_sink comp="672" pin=0"/></net>

<net id="1130"><net_src comp="1124" pin="1"/><net_sink comp="721" pin=1"/></net>

<net id="1131"><net_src comp="1124" pin="1"/><net_sink comp="916" pin=0"/></net>

<net id="1132"><net_src comp="1124" pin="1"/><net_sink comp="995" pin=0"/></net>

<net id="1136"><net_src comp="284" pin="2"/><net_sink comp="1133" pin=0"/></net>

<net id="1137"><net_src comp="1133" pin="1"/><net_sink comp="425" pin=5"/></net>

<net id="1141"><net_src comp="520" pin="2"/><net_sink comp="1138" pin=0"/></net>

<net id="1142"><net_src comp="1138" pin="1"/><net_sink comp="290" pin=1"/></net>

<net id="1143"><net_src comp="1138" pin="1"/><net_sink comp="297" pin=1"/></net>

<net id="1147"><net_src comp="536" pin="1"/><net_sink comp="1144" pin=0"/></net>

<net id="1148"><net_src comp="1144" pin="1"/><net_sink comp="605" pin=0"/></net>

<net id="1152"><net_src comp="539" pin="1"/><net_sink comp="1149" pin=0"/></net>

<net id="1153"><net_src comp="1149" pin="1"/><net_sink comp="613" pin=1"/></net>

<net id="1154"><net_src comp="1149" pin="1"/><net_sink comp="624" pin=1"/></net>

<net id="1161"><net_src comp="246" pin="1"/><net_sink comp="1158" pin=0"/></net>

<net id="1162"><net_src comp="1158" pin="1"/><net_sink comp="600" pin=1"/></net>

<net id="1163"><net_src comp="1158" pin="1"/><net_sink comp="503" pin=0"/></net>

<net id="1164"><net_src comp="1158" pin="1"/><net_sink comp="848" pin=1"/></net>

<net id="1168"><net_src comp="250" pin="1"/><net_sink comp="1165" pin=0"/></net>

<net id="1169"><net_src comp="1165" pin="1"/><net_sink comp="595" pin=1"/></net>

<net id="1170"><net_src comp="1165" pin="1"/><net_sink comp="657" pin=0"/></net>

<net id="1171"><net_src comp="1165" pin="1"/><net_sink comp="844" pin=1"/></net>

<net id="1175"><net_src comp="589" pin="2"/><net_sink comp="1172" pin=0"/></net>

<net id="1176"><net_src comp="1172" pin="1"/><net_sink comp="302" pin=1"/></net>

<net id="1177"><net_src comp="1172" pin="1"/><net_sink comp="309" pin=1"/></net>

<net id="1181"><net_src comp="297" pin="2"/><net_sink comp="1178" pin=0"/></net>

<net id="1182"><net_src comp="1178" pin="1"/><net_sink comp="642" pin=0"/></net>

<net id="1186"><net_src comp="635" pin="2"/><net_sink comp="1183" pin=0"/></net>

<net id="1187"><net_src comp="1183" pin="1"/><net_sink comp="425" pin=4"/></net>

<net id="1191"><net_src comp="642" pin="1"/><net_sink comp="1188" pin=0"/></net>

<net id="1192"><net_src comp="1188" pin="1"/><net_sink comp="425" pin=6"/></net>

<net id="1196"><net_src comp="646" pin="4"/><net_sink comp="1193" pin=0"/></net>

<net id="1197"><net_src comp="1193" pin="1"/><net_sink comp="425" pin=3"/></net>

<net id="1207"><net_src comp="666" pin="2"/><net_sink comp="1204" pin=0"/></net>

<net id="1208"><net_src comp="1204" pin="1"/><net_sink comp="844" pin=0"/></net>

<net id="1212"><net_src comp="254" pin="1"/><net_sink comp="1209" pin=0"/></net>

<net id="1213"><net_src comp="1209" pin="1"/><net_sink comp="712" pin=1"/></net>

<net id="1214"><net_src comp="1209" pin="1"/><net_sink comp="896" pin=0"/></net>

<net id="1215"><net_src comp="1209" pin="1"/><net_sink comp="911" pin=1"/></net>

<net id="1219"><net_src comp="677" pin="4"/><net_sink comp="1216" pin=0"/></net>

<net id="1220"><net_src comp="1216" pin="1"/><net_sink comp="886" pin=0"/></net>

<net id="1221"><net_src comp="1216" pin="1"/><net_sink comp="463" pin=5"/></net>

<net id="1225"><net_src comp="706" pin="2"/><net_sink comp="1222" pin=0"/></net>

<net id="1226"><net_src comp="1222" pin="1"/><net_sink comp="328" pin=1"/></net>

<net id="1227"><net_src comp="1222" pin="1"/><net_sink comp="335" pin=1"/></net>

<net id="1231"><net_src comp="737" pin="1"/><net_sink comp="1228" pin=0"/></net>

<net id="1232"><net_src comp="1228" pin="1"/><net_sink comp="827" pin=1"/></net>

<net id="1236"><net_src comp="746" pin="1"/><net_sink comp="1233" pin=0"/></net>

<net id="1237"><net_src comp="1233" pin="1"/><net_sink comp="818" pin=0"/></net>

<net id="1241"><net_src comp="750" pin="1"/><net_sink comp="1238" pin=0"/></net>

<net id="1242"><net_src comp="1238" pin="1"/><net_sink comp="444" pin=1"/></net>

<net id="1246"><net_src comp="754" pin="4"/><net_sink comp="1243" pin=0"/></net>

<net id="1247"><net_src comp="1243" pin="1"/><net_sink comp="444" pin=5"/></net>

<net id="1251"><net_src comp="768" pin="2"/><net_sink comp="1248" pin=0"/></net>

<net id="1252"><net_src comp="1248" pin="1"/><net_sink comp="314" pin=1"/></net>

<net id="1259"><net_src comp="780" pin="2"/><net_sink comp="1256" pin=0"/></net>

<net id="1260"><net_src comp="1256" pin="1"/><net_sink comp="390" pin=2"/></net>

<net id="1264"><net_src comp="792" pin="3"/><net_sink comp="1261" pin=0"/></net>

<net id="1265"><net_src comp="1261" pin="1"/><net_sink comp="867" pin=0"/></net>

<net id="1266"><net_src comp="1261" pin="1"/><net_sink comp="444" pin=7"/></net>

<net id="1270"><net_src comp="806" pin="3"/><net_sink comp="1267" pin=0"/></net>

<net id="1271"><net_src comp="1267" pin="1"/><net_sink comp="401" pin=2"/></net>

<net id="1272"><net_src comp="1267" pin="1"/><net_sink comp="444" pin=6"/></net>

<net id="1276"><net_src comp="827" pin="2"/><net_sink comp="1273" pin=0"/></net>

<net id="1277"><net_src comp="1273" pin="1"/><net_sink comp="853" pin=1"/></net>

<net id="1278"><net_src comp="1273" pin="1"/><net_sink comp="860" pin=1"/></net>

<net id="1282"><net_src comp="832" pin="2"/><net_sink comp="1279" pin=0"/></net>

<net id="1283"><net_src comp="1279" pin="1"/><net_sink comp="412" pin=2"/></net>

<net id="1287"><net_src comp="880" pin="2"/><net_sink comp="1284" pin=0"/></net>

<net id="1288"><net_src comp="1284" pin="1"/><net_sink comp="444" pin=4"/></net>

<net id="1292"><net_src comp="889" pin="2"/><net_sink comp="1289" pin=0"/></net>

<net id="1293"><net_src comp="1289" pin="1"/><net_sink comp="321" pin=1"/></net>

<net id="1297"><net_src comp="896" pin="1"/><net_sink comp="1294" pin=0"/></net>

<net id="1298"><net_src comp="1294" pin="1"/><net_sink comp="463" pin=4"/></net>

<net id="1305"><net_src comp="258" pin="1"/><net_sink comp="1302" pin=0"/></net>

<net id="1306"><net_src comp="1302" pin="1"/><net_sink comp="956" pin=1"/></net>

<net id="1307"><net_src comp="1302" pin="1"/><net_sink comp="975" pin=0"/></net>

<net id="1308"><net_src comp="1302" pin="1"/><net_sink comp="990" pin=1"/></net>

<net id="1312"><net_src comp="921" pin="4"/><net_sink comp="1309" pin=0"/></net>

<net id="1313"><net_src comp="1309" pin="1"/><net_sink comp="965" pin=0"/></net>

<net id="1314"><net_src comp="1309" pin="1"/><net_sink comp="480" pin=5"/></net>

<net id="1318"><net_src comp="950" pin="2"/><net_sink comp="1315" pin=0"/></net>

<net id="1319"><net_src comp="1315" pin="1"/><net_sink comp="347" pin=1"/></net>

<net id="1320"><net_src comp="1315" pin="1"/><net_sink comp="354" pin=1"/></net>

<net id="1324"><net_src comp="335" pin="2"/><net_sink comp="1321" pin=0"/></net>

<net id="1325"><net_src comp="1321" pin="1"/><net_sink comp="961" pin=0"/></net>

<net id="1329"><net_src comp="961" pin="1"/><net_sink comp="1326" pin=0"/></net>

<net id="1330"><net_src comp="1326" pin="1"/><net_sink comp="463" pin=1"/></net>

<net id="1334"><net_src comp="968" pin="2"/><net_sink comp="1331" pin=0"/></net>

<net id="1335"><net_src comp="1331" pin="1"/><net_sink comp="340" pin=1"/></net>

<net id="1339"><net_src comp="975" pin="1"/><net_sink comp="1336" pin=0"/></net>

<net id="1340"><net_src comp="1336" pin="1"/><net_sink comp="480" pin=4"/></net>

<net id="1347"><net_src comp="262" pin="1"/><net_sink comp="1344" pin=0"/></net>

<net id="1348"><net_src comp="1344" pin="1"/><net_sink comp="1044" pin=1"/></net>

<net id="1349"><net_src comp="1344" pin="1"/><net_sink comp="1073" pin=0"/></net>

<net id="1350"><net_src comp="1344" pin="1"/><net_sink comp="1088" pin=1"/></net>

<net id="1354"><net_src comp="1000" pin="4"/><net_sink comp="1351" pin=0"/></net>

<net id="1355"><net_src comp="1351" pin="1"/><net_sink comp="1053" pin=0"/></net>

<net id="1356"><net_src comp="1351" pin="1"/><net_sink comp="491" pin=5"/></net>

<net id="1360"><net_src comp="1029" pin="2"/><net_sink comp="1357" pin=0"/></net>

<net id="1361"><net_src comp="1357" pin="1"/><net_sink comp="366" pin=1"/></net>

<net id="1362"><net_src comp="1357" pin="1"/><net_sink comp="380" pin=1"/></net>

<net id="1366"><net_src comp="1035" pin="4"/><net_sink comp="1363" pin=0"/></net>

<net id="1367"><net_src comp="1363" pin="1"/><net_sink comp="1063" pin=0"/></net>

<net id="1368"><net_src comp="1363" pin="1"/><net_sink comp="491" pin=4"/></net>

<net id="1372"><net_src comp="354" pin="2"/><net_sink comp="1369" pin=0"/></net>

<net id="1373"><net_src comp="1369" pin="1"/><net_sink comp="1049" pin=0"/></net>

<net id="1377"><net_src comp="1049" pin="1"/><net_sink comp="1374" pin=0"/></net>

<net id="1378"><net_src comp="1374" pin="1"/><net_sink comp="480" pin=1"/></net>

<net id="1382"><net_src comp="1056" pin="2"/><net_sink comp="1379" pin=0"/></net>

<net id="1383"><net_src comp="1379" pin="1"/><net_sink comp="359" pin=1"/></net>

<net id="1387"><net_src comp="1066" pin="2"/><net_sink comp="1384" pin=0"/></net>

<net id="1388"><net_src comp="1384" pin="1"/><net_sink comp="373" pin=1"/></net>

<net id="1395"><net_src comp="380" pin="2"/><net_sink comp="1392" pin=0"/></net>

<net id="1396"><net_src comp="1392" pin="1"/><net_sink comp="1093" pin=0"/></net>

<net id="1400"><net_src comp="1093" pin="1"/><net_sink comp="1397" pin=0"/></net>

<net id="1401"><net_src comp="1397" pin="1"/><net_sink comp="491" pin=1"/></net>

</net_list>

</model> 
---------------- Datapath Model END ------------------

* FSMD analyzer results:
  - Output states:
	Port: gmem3 | {60 63 64 65 66 67 68 69 }
 - Input state : 
	Port: lenet_full_top : gmem0 | {11 12 }
	Port: lenet_full_top : gmem1 | {11 12 23 24 25 26 27 28 29 30 31 32 33 34 35 36 37 38 41 42 43 44 45 46 47 48 49 52 53 54 55 56 57 58 59 60 63 64 }
	Port: lenet_full_top : gmem2 | {2 3 4 5 6 7 8 10 13 14 15 16 17 18 19 21 32 33 34 35 36 37 38 40 43 44 45 46 47 48 49 51 54 55 56 57 58 59 60 62 }
	Port: lenet_full_top : feature_in | {1 }
	Port: lenet_full_top : weight | {1 }
	Port: lenet_full_top : bias | {1 }
	Port: lenet_full_top : feature_out | {1 }
  - Chain level:
	State 1
		sext_ln51 : 1
		gmem2_addr : 2
		store_ln51 : 1
		store_ln51 : 1
	State 2
	State 3
	State 4
	State 5
	State 6
	State 7
	State 8
	State 9
		add_ln51_6 : 1
		icmp_ln51 : 1
		add_ln51_1 : 1
		br_ln51 : 2
		store_ln51 : 2
		store_ln51 : 2
		trunc_ln51_1 : 1
		sext_ln51_1 : 2
		gmem2_addr_1 : 3
		store_ln51 : 1
		store_ln51 : 1
	State 10
	State 11
		empty_94 : 1
		p_shl_cast : 1
		p_shl1_cast : 1
		empty_95 : 2
		trunc_ln1 : 2
		call_ln35 : 3
	State 12
	State 13
	State 14
	State 15
	State 16
	State 17
	State 18
	State 19
	State 20
		icmp_ln51_1 : 1
		add_ln51_4 : 1
		br_ln51 : 2
		trunc_ln51_2 : 1
		trunc_ln51_3 : 1
		sext_ln51_3 : 2
		gmem2_addr_2 : 3
		store_ln51 : 1
	State 21
		tmp_cast : 1
		empty_99 : 2
		p_shl7 : 1
		p_shl15_cast : 2
		trunc_ln4 : 3
		sext_ln59 : 4
		gmem1_addr_1 : 5
	State 22
		icmp_ln53 : 1
		add_ln53 : 1
		br_ln53 : 2
		icmp_ln55 : 1
		select_ln53 : 2
		add_ln53_4 : 1
		select_ln53_7 : 2
		zext_ln53 : 3
		add_ln53_5 : 4
		zext_ln53_2 : 5
		add_ln53_6 : 6
		add_ln55 : 3
		add_ln51_7 : 1
		store_ln51 : 2
	State 23
	State 24
	State 25
	State 26
	State 27
	State 28
	State 29
		add_ln76 : 1
		zext_ln76 : 2
		add_ln76_1 : 3
	State 30
	State 31
	State 32
		gmem1_addr : 1
		empty_97 : 2
	State 33
	State 34
	State 35
	State 36
	State 37
	State 38
	State 39
		icmp_ln51_2 : 1
		add_ln51_5 : 1
		br_ln51 : 2
		store_ln51 : 2
		trunc_ln5 : 1
		trunc_ln139_1 : 1
		sext_ln139_1 : 2
		gmem2_addr_3 : 3
		store_ln139 : 1
	State 40
	State 41
		call_ln51 : 1
	State 42
	State 43
		gmem1_addr_2 : 1
		empty_105 : 2
	State 44
	State 45
	State 46
	State 47
	State 48
	State 49
	State 50
		icmp_ln139 : 1
		add_ln139_4 : 1
		br_ln139 : 2
		store_ln139 : 2
		trunc_ln139_2 : 1
		trunc_ln139_3 : 1
		sext_ln139_3 : 2
		gmem2_addr_4 : 3
		store_ln139 : 1
	State 51
	State 52
		call_ln140 : 1
	State 53
	State 54
		gmem1_addr_3 : 1
		empty_108 : 2
	State 55
	State 56
	State 57
	State 58
	State 59
	State 60
		gmem3_addr : 1
		empty_110 : 2
	State 61
		icmp_ln139_1 : 1
		add_ln139_5 : 1
		br_ln139 : 2
		store_ln139 : 2
	State 62
	State 63
		call_ln140 : 1
	State 64
	State 65
	State 66
	State 67
	State 68
	State 69


============================================================
+ Verbose Summary: Datapath Resource usage 
============================================================

* Functional unit list:
|----------|--------------------------------------------------------------------|---------|---------|---------|---------|
| Operation|                           Functional Unit                          |   DSP   |  Delay  |    FF   |   LUT   |
|----------|--------------------------------------------------------------------|---------|---------|---------|---------|
|          |  grp_lenet_full_top_Pipeline_POOL_CHANNEL_POOL_ROW_POOL_COL_fu_419 |    0    |  6.352  |   421   |   865   |
|          |      grp_lenet_full_top_Pipeline_OUTPUT_ROW_OUTPUT_COL_fu_425      |    5    |  13.33  |   3553  |   1879  |
|          | grp_lenet_full_top_Pipeline_POOL_CHANNEL_POOL_ROW_POOL_COL1_fu_438 |    0    |  6.352  |   378   |   756   |
|          |          grp_lenet_full_top_Pipeline_INPUT_CHANNEL_fu_444          |    5    | 24.4052 |   2914  |   1839  |
|   call   |            grp_lenet_full_top_Pipeline_RELU_LOOP_fu_457            |    0    |  1.588  |   143   |    95   |
|          |          grp_lenet_full_top_Pipeline_INPUT_CHANNEL2_fu_463         |    5    | 24.4052 |   2802  |   1839  |
|          |            grp_lenet_full_top_Pipeline_RELU_LOOP3_fu_474           |    0    |  1.588  |   143   |    95   |
|          |           grp_lenet_full_top_Pipeline_DENSE_INPUT_fu_480           |    5    |  4.764  |   673   |   772   |
|          |           grp_lenet_full_top_Pipeline_DENSE_INPUT4_fu_491          |    5    |  4.764  |   755   |   772   |
|----------|--------------------------------------------------------------------|---------|---------|---------|---------|
|          |                          add_ln51_6_fu_542                         |    0    |    0    |    0    |    13   |
|          |                          add_ln51_1_fu_554                         |    0    |    0    |    0    |    11   |
|          |                           add_ln51_fu_570                          |    0    |    0    |    0    |    71   |
|          |                           empty_94_fu_608                          |    0    |    0    |    0    |    71   |
|          |                          add_ln51_4_fu_666                         |    0    |    0    |    0    |    13   |
|          |                          add_ln51_2_fu_672                         |    0    |    0    |    0    |    71   |
|          |                          add_ln51_3_fu_687                         |    0    |    0    |    0    |    71   |
|          |                           empty_99_fu_721                          |    0    |    0    |    0    |    71   |
|          |                           add_ln53_fu_780                          |    0    |    0    |    0    |    14   |
|          |                          add_ln53_4_fu_800                         |    0    |    0    |    0    |    13   |
|          |                          add_ln53_5_fu_818                         |    0    |    0    |    0    |    13   |
|    add   |                          add_ln53_6_fu_827                         |    0    |    0    |    0    |    14   |
|          |                           add_ln55_fu_832                          |    0    |    0    |    0    |    13   |
|          |                          add_ln51_7_fu_838                         |    0    |    0    |    0    |    17   |
|          |                           add_ln76_fu_870                          |    0    |    0    |    0    |    14   |
|          |                          add_ln76_1_fu_880                         |    0    |    0    |    0    |    12   |
|          |                          add_ln51_5_fu_905                         |    0    |    0    |    0    |    14   |
|          |                          add_ln139_fu_916                          |    0    |    0    |    0    |    71   |
|          |                         add_ln139_1_fu_931                         |    0    |    0    |    0    |    71   |
|          |                         add_ln139_4_fu_984                         |    0    |    0    |    0    |    14   |
|          |                         add_ln139_2_fu_995                         |    0    |    0    |    0    |    71   |
|          |                         add_ln139_3_fu_1010                        |    0    |    0    |    0    |    71   |
|          |                         add_ln139_5_fu_1082                        |    0    |    0    |    0    |    13   |
|----------|--------------------------------------------------------------------|---------|---------|---------|---------|
|          |                          icmp_ln51_fu_548                          |    0    |    0    |    0    |    8    |
|          |                         icmp_ln51_1_fu_660                         |    0    |    0    |    0    |    9    |
|          |                          icmp_ln53_fu_774                          |    0    |    0    |    0    |    10   |
|   icmp   |                          icmp_ln55_fu_786                          |    0    |    0    |    0    |    9    |
|          |                         icmp_ln51_2_fu_899                         |    0    |    0    |    0    |    10   |
|          |                          icmp_ln139_fu_978                         |    0    |    0    |    0    |    10   |
|          |                        icmp_ln139_1_fu_1076                        |    0    |    0    |    0    |    9    |
|----------|--------------------------------------------------------------------|---------|---------|---------|---------|
|    sub   |                           empty_95_fu_635                          |    0    |    0    |    0    |    15   |
|----------|--------------------------------------------------------------------|---------|---------|---------|---------|
|  select  |                         select_ln53_fu_792                         |    0    |    0    |    0    |    4    |
|          |                        select_ln53_7_fu_806                        |    0    |    0    |    0    |    4    |
|----------|--------------------------------------------------------------------|---------|---------|---------|---------|
|          |                    feature_out_read_read_fu_266                    |    0    |    0    |    0    |    0    |
|          |                        bias_read_read_fu_272                       |    0    |    0    |    0    |    0    |
|          |                       weight_read_read_fu_278                      |    0    |    0    |    0    |    0    |
|          |                     feature_in_read_read_fu_284                    |    0    |    0    |    0    |    0    |
|   read   |                     gmem2_addr_read_read_fu_297                    |    0    |    0    |    0    |    0    |
|          |                    gmem2_addr_1_read_read_fu_309                   |    0    |    0    |    0    |    0    |
|          |                    gmem2_addr_2_read_read_fu_335                   |    0    |    0    |    0    |    0    |
|          |                    gmem2_addr_3_read_read_fu_354                   |    0    |    0    |    0    |    0    |
|          |                    gmem2_addr_4_read_read_fu_380                   |    0    |    0    |    0    |    0    |
|----------|--------------------------------------------------------------------|---------|---------|---------|---------|
|          |                         grp_readreq_fu_290                         |    0    |    0    |    0    |    0    |
|          |                         grp_readreq_fu_302                         |    0    |    0    |    0    |    0    |
|          |                         grp_readreq_fu_314                         |    0    |    0    |    0    |    0    |
|          |                         grp_readreq_fu_321                         |    0    |    0    |    0    |    0    |
|  readreq |                         grp_readreq_fu_328                         |    0    |    0    |    0    |    0    |
|          |                         grp_readreq_fu_340                         |    0    |    0    |    0    |    0    |
|          |                         grp_readreq_fu_347                         |    0    |    0    |    0    |    0    |
|          |                         grp_readreq_fu_359                         |    0    |    0    |    0    |    0    |
|          |                         grp_readreq_fu_366                         |    0    |    0    |    0    |    0    |
|----------|--------------------------------------------------------------------|---------|---------|---------|---------|
| writeresp|                        grp_writeresp_fu_373                        |    0    |    0    |    0    |    0    |
|----------|--------------------------------------------------------------------|---------|---------|---------|---------|
|          |                           trunc_ln_fu_506                          |    0    |    0    |    0    |    0    |
|          |                         trunc_ln51_1_fu_575                        |    0    |    0    |    0    |    0    |
|          |                          trunc_ln1_fu_646                          |    0    |    0    |    0    |    0    |
|          |                         trunc_ln51_2_fu_677                        |    0    |    0    |    0    |    0    |
|          |                         trunc_ln51_3_fu_692                        |    0    |    0    |    0    |    0    |
|partselect|                          trunc_ln4_fu_754                          |    0    |    0    |    0    |    0    |
|          |                          trunc_ln5_fu_921                          |    0    |    0    |    0    |    0    |
|          |                        trunc_ln139_1_fu_936                        |    0    |    0    |    0    |    0    |
|          |                        trunc_ln139_2_fu_1000                       |    0    |    0    |    0    |    0    |
|          |                        trunc_ln139_3_fu_1015                       |    0    |    0    |    0    |    0    |
|          |                        trunc_ln139_4_fu_1035                       |    0    |    0    |    0    |    0    |
|----------|--------------------------------------------------------------------|---------|---------|---------|---------|
|          |                          sext_ln51_fu_516                          |    0    |    0    |    0    |    0    |
|          |                         sext_ln51_1_fu_585                         |    0    |    0    |    0    |    0    |
|          |                         sext_ln51_3_fu_702                         |    0    |    0    |    0    |    0    |
|          |                          sext_ln59_fu_764                          |    0    |    0    |    0    |    0    |
|   sext   |                         sext_ln51_2_fu_886                         |    0    |    0    |    0    |    0    |
|          |                         sext_ln139_1_fu_946                        |    0    |    0    |    0    |    0    |
|          |                          sext_ln139_fu_965                         |    0    |    0    |    0    |    0    |
|          |                        sext_ln139_3_fu_1025                        |    0    |    0    |    0    |    0    |
|          |                        sext_ln139_2_fu_1053                        |    0    |    0    |    0    |    0    |
|          |                        sext_ln139_4_fu_1063                        |    0    |    0    |    0    |    0    |
|----------|--------------------------------------------------------------------|---------|---------|---------|---------|
|          |                           p_cast65_fu_605                          |    0    |    0    |    0    |    0    |
|          |                          p_shl_cast_fu_620                         |    0    |    0    |    0    |    0    |
|          |                         p_shl1_cast_fu_631                         |    0    |    0    |    0    |    0    |
|          |                           tmp_cast_fu_717                          |    0    |    0    |    0    |    0    |
|   zext   |                         p_shl15_cast_fu_737                        |    0    |    0    |    0    |    0    |
|          |                         p_shl16_cast_fu_746                        |    0    |    0    |    0    |    0    |
|          |                          zext_ln53_fu_814                          |    0    |    0    |    0    |    0    |
|          |                         zext_ln53_2_fu_823                         |    0    |    0    |    0    |    0    |
|          |                          zext_ln55_fu_867                          |    0    |    0    |    0    |    0    |
|          |                          zext_ln76_fu_876                          |    0    |    0    |    0    |    0    |
|----------|--------------------------------------------------------------------|---------|---------|---------|---------|
|          |                            p_shl_fu_613                            |    0    |    0    |    0    |    0    |
|          |                            p_shl1_fu_624                           |    0    |    0    |    0    |    0    |
|bitconcatenate|                            p_shl7_fu_729                           |    0    |    0    |    0    |    0    |
|          |                         p_shl17_mid2_fu_853                        |    0    |    0    |    0    |    0    |
|          |                         p_shl18_mid2_fu_860                        |    0    |    0    |    0    |    0    |
|----------|--------------------------------------------------------------------|---------|---------|---------|---------|
|   trunc  |                          empty_100_fu_726                          |    0    |    0    |    0    |    0    |
|----------|--------------------------------------------------------------------|---------|---------|---------|---------|
|    shl   |                          empty_101_fu_741                          |    0    |    0    |    0    |    0    |
|----------|--------------------------------------------------------------------|---------|---------|---------|---------|
|   Total  |                                                                    |    25   | 87.5483 |  11782  |   9827  |
|----------|--------------------------------------------------------------------|---------|---------|---------|---------|

Memories:
+------------+--------+--------+--------+--------+
|            |  BRAM  |   FF   |   LUT  |  URAM  |
+------------+--------+--------+--------+--------+
|conv1_output|   48   |    0   |    0   |    0   |
|conv2_output|   12   |    0   |    0   |    0   |
|conv3_output|    1   |    0   |    0   |    0   |
| conv3_relu |    1   |    0   |    0   |    0   |
| fc1_output |    1   |    0   |    0   |    0   |
|  fc1_relu  |    1   |    0   |    0   |    0   |
|pool1_output|    4   |    0   |    0   |    0   |
|pool2_output|    2   |    0   |    0   |    0   |
+------------+--------+--------+--------+--------+
|    Total   |   70   |    0   |    0   |    0   |
+------------+--------+--------+--------+--------+

* Register list:
+--------------------------+--------+
|                          |   FF   |
+--------------------------+--------+
|  accumulator_1_reg_1238  |   32   |
|  accumulator_2_reg_1188  |   32   |
|  accumulator_4_reg_1374  |   32   |
|  accumulator_5_reg_1397  |   32   |
|   accumulator_reg_1326   |   32   |
|    add_ln51_4_reg_1204   |    5   |
|    add_ln53_6_reg_1273   |    8   |
|     add_ln53_reg_1256    |    7   |
|     add_ln55_reg_1279    |    4   |
|    add_ln76_1_reg_1284   |   11   |
|    bias_read_reg_1116    |   64   |
|     empty_95_reg_1183    |    9   |
| feature_in_read_reg_1133 |   64   |
| feature_out_read_reg_1111|   64   |
|   gmem1_addr_1_reg_1248  |   32   |
|   gmem1_addr_2_reg_1331  |   32   |
|   gmem1_addr_3_reg_1379  |   32   |
|    gmem1_addr_reg_1289   |   32   |
|   gmem2_addr_1_reg_1172  |   32   |
|gmem2_addr_2_read_reg_1321|   32   |
|   gmem2_addr_2_reg_1222  |   32   |
|gmem2_addr_3_read_reg_1369|   32   |
|   gmem2_addr_3_reg_1315  |   32   |
|gmem2_addr_4_read_reg_1392|   32   |
|   gmem2_addr_4_reg_1357  |   32   |
| gmem2_addr_read_reg_1178 |   32   |
|    gmem2_addr_reg_1138   |   32   |
|    gmem3_addr_reg_1384   |   32   |
| indvar_flatten108_reg_386|    7   |
| output_channel_1_reg_1165|    5   |
| output_channel_2_reg_1149|    3   |
| output_channel_3_reg_1209|    7   |
| output_channel_5_reg_1294|    7   |
|  output_channel_reg_1104 |    3   |
|    output_col_reg_408    |    4   |
|  output_index_1_reg_1344 |    4   |
|  output_index_2_reg_1336 |    7   |
|   output_index_reg_1302  |    7   |
|    output_row_reg_397    |    4   |
|   p_shl15_cast_reg_1228  |    8   |
|   p_shl16_cast_reg_1233  |    6   |
|    phi_mul227_reg_1158   |   14   |
|   phi_mul_load_reg_1144  |   10   |
|     phi_mul_reg_1097     |   10   |
|  select_ln53_7_reg_1267  |    4   |
|   select_ln53_reg_1261   |    4   |
|  trunc_ln139_2_reg_1351  |   62   |
|  trunc_ln139_4_reg_1363  |   62   |
|    trunc_ln1_reg_1193    |   62   |
|    trunc_ln4_reg_1243    |   62   |
|   trunc_ln51_2_reg_1216  |   62   |
|    trunc_ln5_reg_1309    |   62   |
|   weight_read_reg_1124   |   64   |
+--------------------------+--------+
|           Total          |  1394  |
+--------------------------+--------+

* Multiplexer (MUX) list: 
|----------------------------------------------------------|------|------|------|--------||---------||---------|
|                           Comp                           |  Pin | Size |  BW  | S x BW ||  Delay  ||   LUT   |
|----------------------------------------------------------|------|------|------|--------||---------||---------|
|                    grp_readreq_fu_321                    |  p1  |   2  |  32  |   64   ||    9    |
|                    grp_readreq_fu_340                    |  p1  |   2  |  32  |   64   ||    9    |
|                    grp_readreq_fu_359                    |  p1  |   2  |  32  |   64   ||    9    |
|                   grp_writeresp_fu_373                   |  p0  |   2  |   1  |    2   |
|                   grp_writeresp_fu_373                   |  p1  |   2  |  32  |   64   ||    9    |
| grp_lenet_full_top_Pipeline_OUTPUT_ROW_OUTPUT_COL_fu_425 |  p3  |   2  |  62  |   124  ||    9    |
| grp_lenet_full_top_Pipeline_OUTPUT_ROW_OUTPUT_COL_fu_425 |  p4  |   2  |   9  |   18   ||    9    |
| grp_lenet_full_top_Pipeline_OUTPUT_ROW_OUTPUT_COL_fu_425 |  p6  |   2  |  32  |   64   ||    9    |
|     grp_lenet_full_top_Pipeline_INPUT_CHANNEL2_fu_463    |  p1  |   2  |  32  |   64   ||    9    |
|      grp_lenet_full_top_Pipeline_DENSE_INPUT_fu_480      |  p1  |   2  |  32  |   64   ||    9    |
|      grp_lenet_full_top_Pipeline_DENSE_INPUT4_fu_491     |  p1  |   2  |  32  |   64   ||    9    |
|----------------------------------------------------------|------|------|------|--------||---------||---------|
|                           Total                          |      |      |      |   656  ||  17.468 ||    90   |
|----------------------------------------------------------|------|------|------|--------||---------||---------|



* Summary:
+-----------+--------+--------+--------+--------+--------+--------+
|           |  BRAM  |   DSP  |  Delay |   FF   |   LUT  |  URAM  |
+-----------+--------+--------+--------+--------+--------+--------+
|  Function |    -   |   25   |   87   |  11782 |  9827  |    -   |
|   Memory  |   70   |    -   |    -   |    0   |    0   |    0   |
|Multiplexer|    -   |    -   |   17   |    -   |   90   |    -   |
|  Register |    -   |    -   |    -   |  1394  |    -   |    -   |
+-----------+--------+--------+--------+--------+--------+--------+
|   Total   |   70   |   25   |   105  |  13176 |  9917  |    0   |
+-----------+--------+--------+--------+--------+--------+--------+
