sample_index,true_label,pad_prediction,resize_prediction,prediction_changed,pad_correct,resize_correct,transition
0,7,7,7,0,1,1,both_correct
1,2,2,2,0,1,1,both_correct
2,1,1,1,0,1,1,both_correct
3,0,0,0,0,1,1,both_correct
4,4,4,4,0,1,1,both_correct
5,1,1,1,0,1,1,both_correct
6,4,4,4,0,1,1,both_correct
7,9,9,9,0,1,1,both_correct
8,5,5,5,0,1,1,both_correct
9,9,9,9,0,1,1,both_correct
10,0,0,0,0,1,1,both_correct
11,6,6,6,0,1,1,both_correct
12,9,9,9,0,1,1,both_correct
13,0,0,0,0,1,1,both_correct
14,1,1,1,0,1,1,both_correct
15,5,5,5,0,1,1,both_correct
16,9,9,9,0,1,1,both_correct
17,7,7,7,0,1,1,both_correct
18,3,3,3,0,1,1,both_correct
19,4,4,4,0,1,1,both_correct
20,9,7,9,1,0,1,resize_only_correct
21,6,6,6,0,1,1,both_correct
22,6,6,6,0,1,1,both_correct
23,5,5,5,0,1,1,both_correct
24,4,4,4,0,1,1,both_correct
25,0,0,0,0,1,1,both_correct
26,7,7,7,0,1,1,both_correct
27,4,4,4,0,1,1,both_correct
28,0,0,0,0,1,1,both_correct
29,1,1,1,0,1,1,both_correct
30,3,3,3,0,1,1,both_correct
31,1,1,1,0,1,1,both_correct
32,3,3,3,0,1,1,both_correct
33,4,4,4,0,1,1,both_correct
34,7,7,7,0,1,1,both_correct
35,2,2,2,0,1,1,both_correct
36,7,7,2,1,1,0,pad_only_correct
37,1,1,1,0,1,1,both_correct
38,2,2,2,0,1,1,both_correct
39,1,1,1,0,1,1,both_correct
40,1,1,1,0,1,1,both_correct
41,7,7,2,1,1,0,pad_only_correct
42,4,4,4,0,1,1,both_correct
43,2,2,2,0,1,1,both_correct
44,3,3,3,0,1,1,both_correct
45,5,5,5,0,1,1,both_correct
46,1,1,1,0,1,1,both_correct
47,2,2,2,0,1,1,both_correct
48,4,4,4,0,1,1,both_correct
49,4,4,4,0,1,1,both_correct
50,6,6,6,0,1,1,both_correct
51,3,3,3,0,1,1,both_correct
52,5,5,5,0,1,1,both_correct
53,5,5,5,0,1,1,both_correct
54,6,6,6,0,1,1,both_correct
55,0,0,0,0,1,1,both_correct
56,4,4,4,0,1,1,both_correct
57,1,1,1,0,1,1,both_correct
58,9,9,9,0,1,1,both_correct
59,5,5,5,0,1,1,both_correct
60,7,7,7,0,1,1,both_correct
61,8,8,8,0,1,1,both_correct
62,9,9,9,0,1,1,both_correct
63,3,3,3,0,1,1,both_correct
64,7,7,7,0,1,1,both_correct
65,4,4,4,0,1,1,both_correct
66,6,6,6,0,1,1,both_correct
67,4,4,4,0,1,1,both_correct
68,3,3,3,0,1,1,both_correct
69,0,0,0,0,1,1,both_correct
70,7,7,7,0,1,1,both_correct
71,0,0,0,0,1,1,both_correct
72,2,2,2,0,1,1,both_correct
73,9,9,9,0,1,1,both_correct
74,1,1,1,0,1,1,both_correct
75,7,7,7,0,1,1,both_correct
76,3,3,3,0,1,1,both_correct
77,2,2,2,0,1,1,both_correct
78,9,9,9,0,1,1,both_correct
79,7,7,7,0,1,1,both_correct
80,7,7,7,0,1,1,both_correct
81,6,6,6,0,1,1,both_correct
82,2,2,2,0,1,1,both_correct
83,7,7,7,0,1,1,both_correct
84,8,8,8,0,1,1,both_correct
85,4,4,4,0,1,1,both_correct
86,7,7,7,0,1,1,both_correct
87,3,3,3,0,1,1,both_correct
88,6,6,6,0,1,1,both_correct
89,1,1,1,0,1,1,both_correct
90,3,3,3,0,1,1,both_correct
91,6,6,6,0,1,1,both_correct
92,9,9,9,0,1,1,both_correct
93,3,3,3,0,1,1,both_correct
94,1,1,1,0,1,1,both_correct
95,4,4,4,0,1,1,both_correct
96,1,1,1,0,1,1,both_correct
97,7,7,7,0,1,1,both_correct
98,6,6,6,0,1,1,both_correct
99,9,9,9,0,1,1,both_correct
100,6,6,6,0,1,1,both_correct
101,0,0,0,0,1,1,both_correct
102,5,5,5,0,1,1,both_correct
103,4,4,4,0,1,1,both_correct
104,9,9,9,0,1,1,both_correct
105,9,9,9,0,1,1,both_correct
106,2,2,2,0,1,1,both_correct
107,1,1,1,0,1,1,both_correct
108,9,9,9,0,1,1,both_correct
109,4,4,4,0,1,1,both_correct
110,8,8,8,0,1,1,both_correct
111,7,7,1,1,1,0,pad_only_correct
112,3,3,3,0,1,1,both_correct
113,9,9,9,0,1,1,both_correct
114,7,7,7,0,1,1,both_correct
115,4,4,4,0,1,1,both_correct
116,4,4,4,0,1,1,both_correct
117,4,4,4,0,1,1,both_correct
118,9,9,9,0,1,1,both_correct
119,2,2,2,0,1,1,both_correct
120,5,5,5,0,1,1,both_correct
121,4,4,4,0,1,1,both_correct
122,7,7,7,0,1,1,both_correct
123,6,6,6,0,1,1,both_correct
124,7,7,7,0,1,1,both_correct
125,9,9,9,0,1,1,both_correct
126,0,0,0,0,1,1,both_correct
127,5,5,5,0,1,1,both_correct
128,8,8,8,0,1,1,both_correct
129,5,5,5,0,1,1,both_correct
130,6,6,6,0,1,1,both_correct
131,6,6,6,0,1,1,both_correct
132,5,5,5,0,1,1,both_correct
133,7,7,7,0,1,1,both_correct
134,8,8,8,0,1,1,both_correct
135,1,1,1,0,1,1,both_correct
136,0,0,0,0,1,1,both_correct
137,1,1,1,0,1,1,both_correct
138,6,6,6,0,1,1,both_correct
139,4,4,4,0,1,1,both_correct
140,6,6,6,0,1,1,both_correct
141,7,7,7,0,1,1,both_correct
142,3,3,3,0,1,1,both_correct
143,1,1,1,0,1,1,both_correct
144,7,7,7,0,1,1,both_correct
145,1,1,1,0,1,1,both_correct
146,8,8,8,0,1,1,both_correct
147,2,2,2,0,1,1,both_correct
148,0,0,0,0,1,1,both_correct
149,2,2,2,0,1,1,both_correct
150,9,9,9,0,1,1,both_correct
151,9,9,8,1,1,0,pad_only_correct
152,5,5,5,0,1,1,both_correct
153,5,5,5,0,1,1,both_correct
154,1,1,1,0,1,1,both_correct
155,5,5,5,0,1,1,both_correct
156,6,6,6,0,1,1,both_correct
157,0,0,0,0,1,1,both_correct
158,3,2,2,0,0,0,both_wrong_same_prediction
159,4,4,4,0,1,1,both_correct
160,4,4,4,0,1,1,both_correct
161,6,6,6,0,1,1,both_correct
162,5,5,5,0,1,1,both_correct
163,4,4,4,0,1,1,both_correct
164,6,6,6,0,1,1,both_correct
165,5,5,5,0,1,1,both_correct
166,4,4,4,0,1,1,both_correct
167,5,5,5,0,1,1,both_correct
168,1,1,1,0,1,1,both_correct
169,4,4,4,0,1,1,both_correct
170,4,4,4,0,1,1,both_correct
171,7,7,7,0,1,1,both_correct
172,2,2,2,0,1,1,both_correct
173,3,3,3,0,1,1,both_correct
174,2,2,2,0,1,1,both_correct
175,7,1,1,0,0,0,both_wrong_same_prediction
176,1,1,1,0,1,1,both_correct
177,8,8,8,0,1,1,both_correct
178,1,1,1,0,1,1,both_correct
179,8,8,8,0,1,1,both_correct
180,1,1,1,0,1,1,both_correct
181,8,8,8,0,1,1,both_correct
182,5,5,5,0,1,1,both_correct
183,0,0,0,0,1,1,both_correct
184,8,8,8,0,1,1,both_correct
185,9,9,9,0,1,1,both_correct
186,2,2,2,0,1,1,both_correct
187,5,5,5,0,1,1,both_correct
188,0,0,0,0,1,1,both_correct
189,1,1,1,0,1,1,both_correct
190,1,1,1,0,1,1,both_correct
191,1,1,1,0,1,1,both_correct
192,0,0,0,0,1,1,both_correct
193,9,9,9,0,1,1,both_correct
194,0,0,0,0,1,1,both_correct
195,3,3,3,0,1,1,both_correct
196,1,1,1,0,1,1,both_correct
197,6,6,6,0,1,1,both_correct
198,4,4,4,0,1,1,both_correct
199,2,2,2,0,1,1,both_correct
200,3,3,3,0,1,1,both_correct
201,6,6,6,0,1,1,both_correct
202,1,1,1,0,1,1,both_correct
203,1,1,1,0,1,1,both_correct
204,1,1,1,0,1,1,both_correct
205,3,3,3,0,1,1,both_correct
206,9,9,9,0,1,1,both_correct
207,5,5,5,0,1,1,both_correct
208,2,2,2,0,1,1,both_correct
209,9,9,4,1,1,0,pad_only_correct
210,4,4,4,0,1,1,both_correct
211,5,5,5,0,1,1,both_correct
212,9,9,9,0,1,1,both_correct
213,3,3,3,0,1,1,both_correct
214,9,9,9,0,1,1,both_correct
215,0,0,0,0,1,1,both_correct
216,3,3,3,0,1,1,both_correct
217,6,6,5,1,1,0,pad_only_correct
218,5,5,5,0,1,1,both_correct
219,5,5,5,0,1,1,both_correct
220,7,7,7,0,1,1,both_correct
221,2,2,2,0,1,1,both_correct
222,2,2,2,0,1,1,both_correct
223,7,7,7,0,1,1,both_correct
224,1,1,1,0,1,1,both_correct
225,2,2,2,0,1,1,both_correct
226,8,8,8,0,1,1,both_correct
227,4,4,4,0,1,1,both_correct
228,1,1,1,0,1,1,both_correct
229,7,7,7,0,1,1,both_correct
230,3,3,3,0,1,1,both_correct
231,3,3,3,0,1,1,both_correct
232,8,8,8,0,1,1,both_correct
233,8,8,8,0,1,1,both_correct
234,7,7,7,0,1,1,both_correct
235,9,9,9,0,1,1,both_correct
236,2,2,2,0,1,1,both_correct
237,2,2,2,0,1,1,both_correct
238,4,4,4,0,1,1,both_correct
239,1,1,1,0,1,1,both_correct
240,5,5,5,0,1,1,both_correct
241,9,9,9,0,1,1,both_correct
242,8,8,8,0,1,1,both_correct
243,7,7,7,0,1,1,both_correct
244,2,2,2,0,1,1,both_correct
245,3,3,3,0,1,1,both_correct
246,0,0,0,0,1,1,both_correct
247,4,2,2,0,0,0,both_wrong_same_prediction
248,4,4,4,0,1,1,both_correct
249,2,2,2,0,1,1,both_correct
250,4,4,4,0,1,1,both_correct
251,1,1,1,0,1,1,both_correct
252,9,9,9,0,1,1,both_correct
253,5,5,5,0,1,1,both_correct
254,7,7,7,0,1,1,both_correct
255,7,2,7,1,0,1,resize_only_correct
256,2,2,2,0,1,1,both_correct
257,8,8,8,0,1,1,both_correct
258,2,2,2,0,1,1,both_correct
259,6,6,6,0,1,1,both_correct
260,8,8,8,0,1,1,both_correct
261,5,5,5,0,1,1,both_correct
262,7,7,7,0,1,1,both_correct
263,7,7,7,0,1,1,both_correct
264,9,9,9,0,1,1,both_correct
265,1,1,1,0,1,1,both_correct
266,8,8,8,0,1,1,both_correct
267,1,1,1,0,1,1,both_correct
268,8,8,8,0,1,1,both_correct
269,0,0,0,0,1,1,both_correct
270,3,3,3,0,1,1,both_correct
271,0,0,0,0,1,1,both_correct
272,1,1,1,0,1,1,both_correct
273,9,9,9,0,1,1,both_correct
274,9,9,9,0,1,1,both_correct
275,4,4,4,0,1,1,both_correct
276,1,1,1,0,1,1,both_correct
277,8,8,8,0,1,1,both_correct
278,2,2,2,0,1,1,both_correct
279,1,1,1,0,1,1,both_correct
280,2,2,2,0,1,1,both_correct
281,9,9,9,0,1,1,both_correct
282,7,7,7,0,1,1,both_correct
283,5,5,5,0,1,1,both_correct
284,9,9,9,0,1,1,both_correct
285,2,2,2,0,1,1,both_correct
286,6,6,6,0,1,1,both_correct
287,4,4,4,0,1,1,both_correct
288,1,1,1,0,1,1,both_correct
289,5,5,5,0,1,1,both_correct
290,8,8,8,0,1,1,both_correct
291,2,2,2,0,1,1,both_correct
292,9,9,9,0,1,1,both_correct
293,2,2,2,0,1,1,both_correct
294,0,0,0,0,1,1,both_correct
295,4,4,4,0,1,1,both_correct
296,0,0,0,0,1,1,both_correct
297,0,0,0,0,1,1,both_correct
298,2,2,2,0,1,1,both_correct
299,8,8,8,0,1,1,both_correct
300,4,4,4,0,1,1,both_correct
301,7,7,2,1,1,0,pad_only_correct
302,1,1,1,0,1,1,both_correct
303,2,2,2,0,1,1,both_correct
304,4,4,4,0,1,1,both_correct
305,0,0,0,0,1,1,both_correct
306,2,2,2,0,1,1,both_correct
307,7,7,7,0,1,1,both_correct
308,4,4,4,0,1,1,both_correct
309,3,3,3,0,1,1,both_correct
310,3,3,3,0,1,1,both_correct
311,0,0,0,0,1,1,both_correct
312,0,0,0,0,1,1,both_correct
313,3,3,3,0,1,1,both_correct
314,1,1,1,0,1,1,both_correct
315,9,9,9,0,1,1,both_correct
316,6,6,6,0,1,1,both_correct
317,5,5,5,0,1,1,both_correct
318,2,2,2,0,1,1,both_correct
319,5,5,5,0,1,1,both_correct
320,9,1,8,1,0,0,both_wrong_changed
321,2,2,2,0,1,1,both_correct
322,9,9,9,0,1,1,both_correct
323,3,3,3,0,1,1,both_correct
324,0,0,0,0,1,1,both_correct
325,4,4,4,0,1,1,both_correct
326,2,2,2,0,1,1,both_correct
327,0,0,0,0,1,1,both_correct
328,7,7,7,0,1,1,both_correct
329,1,1,1,0,1,1,both_correct
330,1,1,1,0,1,1,both_correct
331,2,2,2,0,1,1,both_correct
332,1,1,1,0,1,1,both_correct
333,5,5,5,0,1,1,both_correct
334,3,3,3,0,1,1,both_correct
335,3,3,3,0,1,1,both_correct
336,9,9,9,0,1,1,both_correct
337,7,7,7,0,1,1,both_correct
338,8,8,8,0,1,1,both_correct
339,6,6,6,0,1,1,both_correct
340,5,3,5,1,0,1,resize_only_correct
341,6,0,6,1,0,1,resize_only_correct
342,1,1,1,0,1,1,both_correct
343,3,3,3,0,1,1,both_correct
344,8,8,8,0,1,1,both_correct
345,1,1,1,0,1,1,both_correct
346,0,0,0,0,1,1,both_correct
347,5,5,5,0,1,1,both_correct
348,1,1,1,0,1,1,both_correct
349,3,3,3,0,1,1,both_correct
350,1,1,1,0,1,1,both_correct
351,5,5,5,0,1,1,both_correct
352,5,5,5,0,1,1,both_correct
353,6,6,6,0,1,1,both_correct
354,1,1,1,0,1,1,both_correct
355,8,8,8,0,1,1,both_correct
356,5,5,5,0,1,1,both_correct
357,1,1,1,0,1,1,both_correct
358,7,7,7,0,1,1,both_correct
359,9,9,9,0,1,1,both_correct
360,4,4,4,0,1,1,both_correct
361,6,6,6,0,1,1,both_correct
362,2,2,2,0,1,1,both_correct
363,2,2,2,0,1,1,both_correct
364,5,5,5,0,1,1,both_correct
365,0,0,0,0,1,1,both_correct
366,6,6,6,0,1,1,both_correct
367,5,5,5,0,1,1,both_correct
368,6,6,6,0,1,1,both_correct
369,3,3,3,0,1,1,both_correct
370,7,7,7,0,1,1,both_correct
371,2,2,2,0,1,1,both_correct
372,0,0,0,0,1,1,both_correct
373,8,8,8,0,1,1,both_correct
374,8,8,8,0,1,1,both_correct
375,5,5,5,0,1,1,both_correct
376,4,4,4,0,1,1,both_correct
377,1,1,1,0,1,1,both_correct
378,1,1,1,0,1,1,both_correct
379,4,4,4,0,1,1,both_correct
380,0,0,0,0,1,1,both_correct
381,3,2,3,1,0,1,resize_only_correct
382,3,3,3,0,1,1,both_correct
383,7,7,7,0,1,1,both_correct
384,6,6,6,0,1,1,both_correct
385,1,1,1,0,1,1,both_correct
386,6,6,6,0,1,1,both_correct
387,2,2,2,0,1,1,both_correct
388,1,1,1,0,1,1,both_correct
389,9,9,9,0,1,1,both_correct
390,2,2,2,0,1,1,both_correct
391,8,8,8,0,1,1,both_correct
392,6,6,6,0,1,1,both_correct
393,1,1,1,0,1,1,both_correct
394,9,9,9,0,1,1,both_correct
395,5,5,5,0,1,1,both_correct
396,2,2,2,0,1,1,both_correct
397,5,5,5,0,1,1,both_correct
398,4,4,4,0,1,1,both_correct
399,4,4,4,0,1,1,both_correct
400,2,2,2,0,1,1,both_correct
401,8,8,8,0,1,1,both_correct
402,3,3,3,0,1,1,both_correct
403,8,8,8,0,1,1,both_correct
404,2,2,2,0,1,1,both_correct
405,4,4,4,0,1,1,both_correct
406,5,5,5,0,1,1,both_correct
407,0,0,0,0,1,1,both_correct
408,3,3,3,0,1,1,both_correct
409,1,1,1,0,1,1,both_correct
410,7,7,7,0,1,1,both_correct
411,7,7,7,0,1,1,both_correct
412,5,3,5,1,0,1,resize_only_correct
413,7,7,7,0,1,1,both_correct
414,9,9,9,0,1,1,both_correct
415,7,7,7,0,1,1,both_correct
416,1,1,1,0,1,1,both_correct
417,9,9,9,0,1,1,both_correct
418,2,2,2,0,1,1,both_correct
419,1,1,1,0,1,1,both_correct
420,4,4,4,0,1,1,both_correct
421,2,2,2,0,1,1,both_correct
422,9,9,9,0,1,1,both_correct
423,2,2,2,0,1,1,both_correct
424,0,0,0,0,1,1,both_correct
425,4,4,4,0,1,1,both_correct
426,9,9,9,0,1,1,both_correct
427,1,1,1,0,1,1,both_correct
428,4,4,4,0,1,1,both_correct
429,8,8,8,0,1,1,both_correct
430,1,1,1,0,1,1,both_correct
431,8,8,8,0,1,1,both_correct
432,4,4,4,0,1,1,both_correct
433,5,5,5,0,1,1,both_correct
434,9,9,9,0,1,1,both_correct
435,8,8,8,0,1,1,both_correct
436,8,8,8,0,1,1,both_correct
437,3,3,3,0,1,1,both_correct
438,7,7,7,0,1,1,both_correct
439,6,6,6,0,1,1,both_correct
440,0,0,0,0,1,1,both_correct
441,0,0,0,0,1,1,both_correct
442,3,3,3,0,1,1,both_correct
443,0,0,0,0,1,1,both_correct
444,2,2,2,0,1,1,both_correct
445,6,6,6,0,1,1,both_correct
446,6,6,6,0,1,1,both_correct
447,4,4,4,0,1,1,both_correct
448,9,8,9,1,0,1,resize_only_correct
449,3,3,5,1,1,0,pad_only_correct
450,3,3,3,0,1,1,both_correct
451,3,3,3,0,1,1,both_correct
452,2,2,2,0,1,1,both_correct
453,3,3,3,0,1,1,both_correct
454,9,9,9,0,1,1,both_correct
455,1,1,1,0,1,1,both_correct
456,2,2,2,0,1,1,both_correct
457,6,6,6,0,1,1,both_correct
458,8,8,8,0,1,1,both_correct
459,0,0,0,0,1,1,both_correct
460,5,5,5,0,1,1,both_correct
461,6,6,6,0,1,1,both_correct
462,6,6,6,0,1,1,both_correct
463,6,6,6,0,1,1,both_correct
464,3,3,3,0,1,1,both_correct
465,8,8,8,0,1,1,both_correct
466,8,8,8,0,1,1,both_correct
467,2,2,2,0,1,1,both_correct
468,7,7,7,0,1,1,both_correct
469,5,5,5,0,1,1,both_correct
470,8,8,8,0,1,1,both_correct
471,9,9,9,0,1,1,both_correct
472,6,6,6,0,1,1,both_correct
473,1,1,1,0,1,1,both_correct
474,8,8,8,0,1,1,both_correct
475,4,4,4,0,1,1,both_correct
476,1,1,1,0,1,1,both_correct
477,2,2,2,0,1,1,both_correct
478,5,5,5,0,1,1,both_correct
479,9,9,9,0,1,1,both_correct
480,1,1,1,0,1,1,both_correct
481,9,9,9,0,1,1,both_correct
482,7,7,7,0,1,1,both_correct
483,5,5,5,0,1,1,both_correct
484,4,4,4,0,1,1,both_correct
485,0,0,0,0,1,1,both_correct
486,8,8,8,0,1,1,both_correct
487,9,9,9,0,1,1,both_correct
488,9,9,9,0,1,1,both_correct
489,1,1,1,0,1,1,both_correct
490,0,0,0,0,1,1,both_correct
491,5,5,5,0,1,1,both_correct
492,2,2,2,0,1,1,both_correct
493,3,3,3,0,1,1,both_correct
494,7,7,7,0,1,1,both_correct
495,8,0,0,0,0,0,both_wrong_same_prediction
496,9,9,9,0,1,1,both_correct
497,4,4,4,0,1,1,both_correct
498,0,0,0,0,1,1,both_correct
499,6,6,6,0,1,1,both_correct
500,3,3,3,0,1,1,both_correct
501,9,9,9,0,1,1,both_correct
502,5,5,5,0,1,1,both_correct
503,2,2,2,0,1,1,both_correct
504,1,1,1,0,1,1,both_correct
505,3,3,3,0,1,1,both_correct
506,1,1,1,0,1,1,both_correct
507,3,3,3,0,1,1,both_correct
508,6,5,6,1,0,1,resize_only_correct
509,5,5,5,0,1,1,both_correct
510,7,7,7,0,1,1,both_correct
511,4,4,4,0,1,1,both_correct
512,2,2,2,0,1,1,both_correct
513,2,2,2,0,1,1,both_correct
514,6,6,6,0,1,1,both_correct
515,3,3,3,0,1,1,both_correct
516,2,2,2,0,1,1,both_correct
517,6,6,6,0,1,1,both_correct
518,5,5,5,0,1,1,both_correct
519,4,4,4,0,1,1,both_correct
520,8,8,8,0,1,1,both_correct
521,9,9,9,0,1,1,both_correct
522,7,7,7,0,1,1,both_correct
523,1,1,1,0,1,1,both_correct
524,3,3,3,0,1,1,both_correct
525,0,0,0,0,1,1,both_correct
526,3,3,3,0,1,1,both_correct
527,8,8,8,0,1,1,both_correct
528,3,3,3,0,1,1,both_correct
529,1,1,1,0,1,1,both_correct
530,9,9,9,0,1,1,both_correct
531,3,3,3,0,1,1,both_correct
532,4,4,4,0,1,1,both_correct
533,4,4,4,0,1,1,both_correct
534,6,6,6,0,1,1,both_correct
535,4,4,4,0,1,1,both_correct
536,2,2,2,0,1,1,both_correct
537,1,1,1,0,1,1,both_correct
538,8,8,8,0,1,1,both_correct
539,2,2,2,0,1,1,both_correct
540,5,5,5,0,1,1,both_correct
541,4,4,4,0,1,1,both_correct
542,8,8,8,0,1,1,both_correct
543,8,8,8,0,1,1,both_correct
544,4,4,4,0,1,1,both_correct
545,0,0,0,0,1,1,both_correct
546,0,0,0,0,1,1,both_correct
547,2,2,2,0,1,1,both_correct
548,3,3,3,0,1,1,both_correct
549,2,2,2,0,1,1,both_correct
550,7,7,7,0,1,1,both_correct
551,7,3,7,1,0,1,resize_only_correct
552,0,0,0,0,1,1,both_correct
553,8,8,8,0,1,1,both_correct
554,7,7,7,0,1,1,both_correct
555,4,4,4,0,1,1,both_correct
556,4,4,4,0,1,1,both_correct
557,7,7,2,1,1,0,pad_only_correct
558,9,9,9,0,1,1,both_correct
559,6,6,6,0,1,1,both_correct
560,9,9,9,0,1,1,both_correct
561,0,0,0,0,1,1,both_correct
562,9,9,9,0,1,1,both_correct
563,8,8,8,0,1,1,both_correct
564,0,0,0,0,1,1,both_correct
565,4,4,4,0,1,1,both_correct
566,6,6,6,0,1,1,both_correct
567,0,0,0,0,1,1,both_correct
568,6,6,6,0,1,1,both_correct
569,3,3,3,0,1,1,both_correct
570,5,5,5,0,1,1,both_correct
571,4,4,4,0,1,1,both_correct
572,8,8,8,0,1,1,both_correct
573,3,3,3,0,1,1,both_correct
574,3,3,3,0,1,1,both_correct
575,9,9,9,0,1,1,both_correct
576,3,3,3,0,1,1,both_correct
577,3,3,3,0,1,1,both_correct
578,3,3,3,0,1,1,both_correct
579,7,7,7,0,1,1,both_correct
580,8,8,8,0,1,1,both_correct
581,0,0,0,0,1,1,both_correct
582,8,2,2,0,0,0,both_wrong_same_prediction
583,2,2,2,0,1,1,both_correct
584,1,1,1,0,1,1,both_correct
585,7,7,7,0,1,1,both_correct
586,0,0,0,0,1,1,both_correct
587,6,6,6,0,1,1,both_correct
588,5,5,5,0,1,1,both_correct
589,4,4,4,0,1,1,both_correct
590,3,3,3,0,1,1,both_correct
591,8,8,8,0,1,1,both_correct
592,0,0,0,0,1,1,both_correct
593,9,9,9,0,1,1,both_correct
594,6,6,6,0,1,1,both_correct
595,3,3,3,0,1,1,both_correct
596,8,8,8,0,1,1,both_correct
597,0,0,0,0,1,1,both_correct
598,9,9,9,0,1,1,both_correct
599,9,9,9,0,1,1,both_correct
600,6,6,6,0,1,1,both_correct
601,8,8,8,0,1,1,both_correct
602,6,6,6,0,1,1,both_correct
603,8,8,8,0,1,1,both_correct
604,5,5,5,0,1,1,both_correct
605,7,7,7,0,1,1,both_correct
606,8,8,8,0,1,1,both_correct
607,6,6,6,0,1,1,both_correct
608,0,0,0,0,1,1,both_correct
609,2,2,2,0,1,1,both_correct
610,4,6,4,1,0,1,resize_only_correct
611,0,0,0,0,1,1,both_correct
612,2,2,2,0,1,1,both_correct
613,2,2,2,0,1,1,both_correct
614,3,3,3,0,1,1,both_correct
615,1,1,1,0,1,1,both_correct
616,9,9,9,0,1,1,both_correct
617,7,7,7,0,1,1,both_correct
618,5,5,5,0,1,1,both_correct
619,1,1,1,0,1,1,both_correct
620,0,0,0,0,1,1,both_correct
621,8,8,8,0,1,1,both_correct
622,4,4,4,0,1,1,both_correct
623,6,6,6,0,1,1,both_correct
624,2,2,2,0,1,1,both_correct
625,6,6,6,0,1,1,both_correct
626,7,7,7,0,1,1,both_correct
627,9,9,9,0,1,1,both_correct
628,3,3,3,0,1,1,both_correct
629,2,2,2,0,1,1,both_correct
630,9,9,9,0,1,1,both_correct
631,8,8,8,0,1,1,both_correct
632,2,2,2,0,1,1,both_correct
633,2,2,2,0,1,1,both_correct
634,9,9,9,0,1,1,both_correct
635,2,2,2,0,1,1,both_correct
636,7,7,7,0,1,1,both_correct
637,3,3,3,0,1,1,both_correct
638,5,5,5,0,1,1,both_correct
639,9,9,9,0,1,1,both_correct
640,1,1,1,0,1,1,both_correct
641,8,8,8,0,1,1,both_correct
642,0,0,0,0,1,1,both_correct
643,2,2,2,0,1,1,both_correct
644,0,0,0,0,1,1,both_correct
645,5,5,5,0,1,1,both_correct
646,2,1,2,1,0,1,resize_only_correct
647,1,1,1,0,1,1,both_correct
648,3,3,3,0,1,1,both_correct
649,7,7,7,0,1,1,both_correct
650,6,6,6,0,1,1,both_correct
651,7,7,7,0,1,1,both_correct
652,1,1,1,0,1,1,both_correct
653,2,2,2,0,1,1,both_correct
654,5,5,5,0,1,1,both_correct
655,8,8,8,0,1,1,both_correct
656,0,0,0,0,1,1,both_correct
657,3,3,3,0,1,1,both_correct
658,7,7,7,0,1,1,both_correct
659,2,1,1,0,0,0,both_wrong_same_prediction
660,4,4,4,0,1,1,both_correct
661,0,0,0,0,1,1,both_correct
662,9,9,9,0,1,1,both_correct
663,1,1,1,0,1,1,both_correct
664,8,8,8,0,1,1,both_correct
665,6,6,6,0,1,1,both_correct
666,7,7,7,0,1,1,both_correct
667,7,7,1,1,1,0,pad_only_correct
668,4,4,4,0,1,1,both_correct
669,3,3,3,0,1,1,both_correct
670,4,4,4,0,1,1,both_correct
671,9,9,9,0,1,1,both_correct
672,1,1,1,0,1,1,both_correct
673,9,9,9,0,1,1,both_correct
674,5,5,3,1,1,0,pad_only_correct
675,1,1,1,0,1,1,both_correct
676,7,7,7,0,1,1,both_correct
677,3,3,3,0,1,1,both_correct
678,9,9,9,0,1,1,both_correct
679,7,2,7,1,0,1,resize_only_correct
680,6,6,6,0,1,1,both_correct
681,9,9,9,0,1,1,both_correct
682,1,1,1,0,1,1,both_correct
683,3,3,3,0,1,1,both_correct
684,7,2,2,0,0,0,both_wrong_same_prediction
685,8,8,8,0,1,1,both_correct
686,3,3,3,0,1,1,both_correct
687,3,3,3,0,1,1,both_correct
688,6,6,6,0,1,1,both_correct
689,7,7,7,0,1,1,both_correct
690,2,2,2,0,1,1,both_correct
691,8,8,4,1,1,0,pad_only_correct
692,5,5,5,0,1,1,both_correct
693,8,8,8,0,1,1,both_correct
694,5,5,5,0,1,1,both_correct
695,1,1,1,0,1,1,both_correct
696,1,1,1,0,1,1,both_correct
697,4,4,4,0,1,1,both_correct
698,4,4,4,0,1,1,both_correct
699,3,3,3,0,1,1,both_correct
700,1,1,1,0,1,1,both_correct
701,0,0,0,0,1,1,both_correct
702,7,7,7,0,1,1,both_correct
703,7,7,7,0,1,1,both_correct
704,0,0,0,0,1,1,both_correct
705,7,7,7,0,1,1,both_correct
706,9,9,9,0,1,1,both_correct
707,4,4,4,0,1,1,both_correct
708,4,4,4,0,1,1,both_correct
709,8,8,8,0,1,1,both_correct
710,5,5,5,0,1,1,both_correct
711,5,5,5,0,1,1,both_correct
712,4,4,4,0,1,1,both_correct
713,0,0,0,0,1,1,both_correct
714,8,8,8,0,1,1,both_correct
715,2,2,2,0,1,1,both_correct
716,1,1,1,0,1,1,both_correct
717,0,0,0,0,1,1,both_correct
718,8,8,8,0,1,1,both_correct
719,4,4,4,0,1,1,both_correct
720,5,5,5,0,1,1,both_correct
721,0,0,0,0,1,1,both_correct
722,4,4,4,0,1,1,both_correct
723,0,0,0,0,1,1,both_correct
724,6,6,6,0,1,1,both_correct
725,1,1,1,0,1,1,both_correct
726,7,3,3,0,0,0,both_wrong_same_prediction
727,3,3,3,0,1,1,both_correct
728,2,2,2,0,1,1,both_correct
729,6,6,6,0,1,1,both_correct
730,7,7,7,0,1,1,both_correct
731,2,2,2,0,1,1,both_correct
732,6,6,6,0,1,1,both_correct
733,9,9,9,0,1,1,both_correct
734,3,3,3,0,1,1,both_correct
735,1,1,1,0,1,1,both_correct
736,4,4,4,0,1,1,both_correct
737,6,6,6,0,1,1,both_correct
738,2,2,2,0,1,1,both_correct
739,5,5,5,0,1,1,both_correct
740,4,4,4,0,1,1,both_correct
741,2,2,2,0,1,1,both_correct
742,0,0,0,0,1,1,both_correct
743,6,6,6,0,1,1,both_correct
744,2,2,2,0,1,1,both_correct
745,1,1,1,0,1,1,both_correct
746,7,7,7,0,1,1,both_correct
747,3,3,3,0,1,1,both_correct
748,4,4,4,0,1,1,both_correct
749,1,1,1,0,1,1,both_correct
750,0,0,0,0,1,1,both_correct
751,5,5,5,0,1,1,both_correct
752,4,4,4,0,1,1,both_correct
753,3,3,3,0,1,1,both_correct
754,1,1,1,0,1,1,both_correct
755,1,1,1,0,1,1,both_correct
756,7,7,7,0,1,1,both_correct
757,4,4,4,0,1,1,both_correct
758,9,9,9,0,1,1,both_correct
759,9,9,9,0,1,1,both_correct
760,4,4,4,0,1,1,both_correct
761,8,8,8,0,1,1,both_correct
762,4,4,4,0,1,1,both_correct
763,0,0,0,0,1,1,both_correct
764,2,2,2,0,1,1,both_correct
765,4,4,4,0,1,1,both_correct
766,5,5,5,0,1,1,both_correct
767,1,1,1,0,1,1,both_correct
768,1,1,1,0,1,1,both_correct
769,6,5,6,1,0,1,resize_only_correct
770,4,4,4,0,1,1,both_correct
771,7,7,7,0,1,1,both_correct
772,1,1,1,0,1,1,both_correct
773,9,9,9,0,1,1,both_correct
774,4,4,4,0,1,1,both_correct
775,2,2,2,0,1,1,both_correct
776,4,4,4,0,1,1,both_correct
777,1,1,1,0,1,1,both_correct
778,5,5,5,0,1,1,both_correct
779,5,5,5,0,1,1,both_correct
780,3,3,3,0,1,1,both_correct
781,8,8,8,0,1,1,both_correct
782,3,3,3,0,1,1,both_correct
783,1,1,1,0,1,1,both_correct
784,4,4,4,0,1,1,both_correct
785,5,5,5,0,1,1,both_correct
786,6,6,6,0,1,1,both_correct
787,8,8,8,0,1,1,both_correct
788,9,9,9,0,1,1,both_correct
789,4,4,4,0,1,1,both_correct
790,1,1,1,0,1,1,both_correct
791,5,5,5,0,1,1,both_correct
792,3,3,3,0,1,1,both_correct
793,8,8,8,0,1,1,both_correct
794,0,0,0,0,1,1,both_correct
795,3,3,3,0,1,1,both_correct
796,2,2,2,0,1,1,both_correct
797,5,5,5,0,1,1,both_correct
798,1,1,1,0,1,1,both_correct
799,2,2,2,0,1,1,both_correct
800,8,8,8,0,1,1,both_correct
801,3,3,3,0,1,1,both_correct
802,4,4,4,0,1,1,both_correct
803,4,4,4,0,1,1,both_correct
804,0,0,0,0,1,1,both_correct
805,8,8,8,0,1,1,both_correct
806,8,8,8,0,1,1,both_correct
807,3,3,3,0,1,1,both_correct
808,3,3,3,0,1,1,both_correct
809,1,1,1,0,1,1,both_correct
810,7,7,7,0,1,1,both_correct
811,3,3,3,0,1,1,both_correct
812,5,5,5,0,1,1,both_correct
813,9,9,9,0,1,1,both_correct
814,6,6,6,0,1,1,both_correct
815,3,3,3,0,1,1,both_correct
816,2,2,2,0,1,1,both_correct
817,6,6,6,0,1,1,both_correct
818,1,1,1,0,1,1,both_correct
819,3,3,3,0,1,1,both_correct
820,6,6,6,0,1,1,both_correct
821,0,0,0,0,1,1,both_correct
822,7,7,7,0,1,1,both_correct
823,2,2,2,0,1,1,both_correct
824,1,1,1,0,1,1,both_correct
825,7,7,7,0,1,1,both_correct
826,1,1,1,0,1,1,both_correct
827,4,4,4,0,1,1,both_correct
828,2,2,2,0,1,1,both_correct
829,4,4,4,0,1,1,both_correct
830,2,2,2,0,1,1,both_correct
831,1,1,1,0,1,1,both_correct
832,7,7,7,0,1,1,both_correct
833,9,9,9,0,1,1,both_correct
834,6,6,6,0,1,1,both_correct
835,1,1,1,0,1,1,both_correct
836,1,1,1,0,1,1,both_correct
837,2,2,2,0,1,1,both_correct
838,4,4,4,0,1,1,both_correct
839,8,8,8,0,1,1,both_correct
840,1,1,1,0,1,1,both_correct
841,7,7,7,0,1,1,both_correct
842,7,7,7,0,1,1,both_correct
843,4,4,4,0,1,1,both_correct
844,8,8,5,1,1,0,pad_only_correct
845,0,0,0,0,1,1,both_correct
846,7,7,7,0,1,1,both_correct
847,3,3,3,0,1,1,both_correct
848,1,1,1,0,1,1,both_correct
849,3,3,3,0,1,1,both_correct
850,1,1,1,0,1,1,both_correct
851,0,0,0,0,1,1,both_correct
852,7,7,7,0,1,1,both_correct
853,7,7,7,0,1,1,both_correct
854,0,0,0,0,1,1,both_correct
855,3,3,3,0,1,1,both_correct
856,5,5,5,0,1,1,both_correct
857,5,5,5,0,1,1,both_correct
858,2,2,2,0,1,1,both_correct
859,7,7,7,0,1,1,both_correct
860,6,6,6,0,1,1,both_correct
861,6,6,6,0,1,1,both_correct
862,9,9,9,0,1,1,both_correct
863,2,2,2,0,1,1,both_correct
864,8,8,8,0,1,1,both_correct
865,3,3,3,0,1,1,both_correct
866,5,5,5,0,1,1,both_correct
867,2,2,2,0,1,1,both_correct
868,2,2,2,0,1,1,both_correct
869,5,5,5,0,1,1,both_correct
870,6,6,6,0,1,1,both_correct
871,0,0,0,0,1,1,both_correct
872,8,8,8,0,1,1,both_correct
873,2,2,2,0,1,1,both_correct
874,9,9,9,0,1,1,both_correct
875,2,2,2,0,1,1,both_correct
876,8,8,8,0,1,1,both_correct
877,8,8,8,0,1,1,both_correct
878,8,8,8,0,1,1,both_correct
879,8,8,8,0,1,1,both_correct
880,7,7,7,0,1,1,both_correct
881,4,4,4,0,1,1,both_correct
882,9,9,9,0,1,1,both_correct
883,3,5,3,1,0,1,resize_only_correct
884,0,0,0,0,1,1,both_correct
885,6,6,6,0,1,1,both_correct
886,6,6,6,0,1,1,both_correct
887,3,3,3,0,1,1,both_correct
888,2,2,2,0,1,1,both_correct
889,1,1,1,0,1,1,both_correct
890,3,3,3,0,1,1,both_correct
891,2,2,2,0,1,1,both_correct
892,2,2,2,0,1,1,both_correct
893,9,9,9,0,1,1,both_correct
894,3,3,3,0,1,1,both_correct
895,0,0,0,0,1,1,both_correct
896,0,0,0,0,1,1,both_correct
897,5,5,5,0,1,1,both_correct
898,7,7,7,0,1,1,both_correct
899,8,8,8,0,1,1,both_correct
900,1,1,5,1,1,0,pad_only_correct
901,4,4,4,0,1,1,both_correct
902,4,4,4,0,1,1,both_correct
903,6,6,6,0,1,1,both_correct
904,0,0,0,0,1,1,both_correct
905,2,2,2,0,1,1,both_correct
906,9,9,9,0,1,1,both_correct
907,1,1,1,0,1,1,both_correct
908,4,4,4,0,1,1,both_correct
909,7,7,7,0,1,1,both_correct
910,4,4,4,0,1,1,both_correct
911,7,7,7,0,1,1,both_correct
912,3,3,3,0,1,1,both_correct
913,9,9,9,0,1,1,both_correct
914,8,8,8,0,1,1,both_correct
915,8,8,8,0,1,1,both_correct
916,4,4,4,0,1,1,both_correct
917,7,7,7,0,1,1,both_correct
918,1,1,1,0,1,1,both_correct
919,2,2,2,0,1,1,both_correct
920,1,1,1,0,1,1,both_correct
921,2,2,2,0,1,1,both_correct
922,2,2,2,0,1,1,both_correct
923,3,3,3,0,1,1,both_correct
924,2,2,2,0,1,1,both_correct
925,3,3,3,0,1,1,both_correct
926,2,2,2,0,1,1,both_correct
927,3,3,3,0,1,1,both_correct
928,9,9,9,0,1,1,both_correct
929,1,1,1,0,1,1,both_correct
930,7,7,7,0,1,1,both_correct
931,4,4,4,0,1,1,both_correct
932,0,0,0,0,1,1,both_correct
933,3,3,3,0,1,1,both_correct
934,5,5,5,0,1,1,both_correct
935,5,5,5,0,1,1,both_correct
936,8,8,8,0,1,1,both_correct
937,6,6,6,0,1,1,both_correct
938,3,3,3,0,1,1,both_correct
939,2,2,2,0,1,1,both_correct
940,6,6,6,0,1,1,both_correct
941,7,7,7,0,1,1,both_correct
942,6,6,6,0,1,1,both_correct
943,6,6,6,0,1,1,both_correct
944,3,3,3,0,1,1,both_correct
945,2,2,2,0,1,1,both_correct
946,7,7,7,0,1,1,both_correct
947,8,9,9,0,0,0,both_wrong_same_prediction
948,1,1,1,0,1,1,both_correct
949,1,1,1,0,1,1,both_correct
950,7,7,7,0,1,1,both_correct
951,5,5,5,0,1,1,both_correct
952,6,6,6,0,1,1,both_correct
953,4,4,4,0,1,1,both_correct
954,9,9,9,0,1,1,both_correct
955,5,5,5,0,1,1,both_correct
956,1,1,1,0,1,1,both_correct
957,3,3,3,0,1,1,both_correct
958,3,3,3,0,1,1,both_correct
959,4,4,4,0,1,1,both_correct
960,7,7,7,0,1,1,both_correct
961,8,8,8,0,1,1,both_correct
962,9,9,9,0,1,1,both_correct
963,1,1,1,0,1,1,both_correct
964,1,1,1,0,1,1,both_correct
965,6,6,6,0,1,1,both_correct
966,9,9,9,0,1,1,both_correct
967,1,1,1,0,1,1,both_correct
968,4,4,4,0,1,1,both_correct
969,4,4,4,0,1,1,both_correct
970,5,5,5,0,1,1,both_correct
971,4,4,4,0,1,1,both_correct
972,0,0,0,0,1,1,both_correct
973,6,6,6,0,1,1,both_correct
974,2,2,2,0,1,1,both_correct
975,2,2,2,0,1,1,both_correct
976,3,3,3,0,1,1,both_correct
977,1,1,1,0,1,1,both_correct
978,5,5,5,0,1,1,both_correct
979,1,1,1,0,1,1,both_correct
980,2,2,2,0,1,1,both_correct
981,0,0,0,0,1,1,both_correct
982,3,3,3,0,1,1,both_correct
983,8,8,8,0,1,1,both_correct
984,1,1,1,0,1,1,both_correct
985,2,2,2,0,1,1,both_correct
986,6,6,6,0,1,1,both_correct
987,7,7,7,0,1,1,both_correct
988,1,1,1,0,1,1,both_correct
989,6,6,6,0,1,1,both_correct
990,2,2,2,0,1,1,both_correct
991,3,3,3,0,1,1,both_correct
992,9,9,9,0,1,1,both_correct
993,0,0,0,0,1,1,both_correct
994,1,1,1,0,1,1,both_correct
995,2,2,2,0,1,1,both_correct
996,2,2,2,0,1,1,both_correct
997,0,0,0,0,1,1,both_correct
998,8,8,8,0,1,1,both_correct
999,9,9,9,0,1,1,both_correct
1000,9,9,9,0,1,1,both_correct
1001,0,0,0,0,1,1,both_correct
1002,2,2,2,0,1,1,both_correct
1003,5,5,5,0,1,1,both_correct
1004,1,1,1,0,1,1,both_correct
1005,9,9,9,0,1,1,both_correct
1006,7,7,7,0,1,1,both_correct
1007,8,8,8,0,1,1,both_correct
1008,1,1,1,0,1,1,both_correct
1009,0,0,0,0,1,1,both_correct
1010,4,4,4,0,1,1,both_correct
1011,1,1,1,0,1,1,both_correct
1012,7,2,7,1,0,1,resize_only_correct
1013,9,9,9,0,1,1,both_correct
1014,6,0,5,1,0,0,both_wrong_changed
1015,4,4,4,0,1,1,both_correct
1016,2,2,2,0,1,1,both_correct
1017,6,6,6,0,1,1,both_correct
1018,8,8,8,0,1,1,both_correct
1019,1,1,1,0,1,1,both_correct
1020,3,3,3,0,1,1,both_correct
1021,7,7,7,0,1,1,both_correct
1022,5,5,5,0,1,1,both_correct
1023,4,4,4,0,1,1,both_correct
1024,4,4,4,0,1,1,both_correct
1025,1,1,1,0,1,1,both_correct
1026,8,8,8,0,1,1,both_correct
1027,1,1,1,0,1,1,both_correct
1028,3,3,3,0,1,1,both_correct
1029,8,8,8,0,1,1,both_correct
1030,1,1,1,0,1,1,both_correct
1031,2,2,2,0,1,1,both_correct
1032,5,5,5,0,1,1,both_correct
1033,8,8,8,0,1,1,both_correct
1034,0,0,0,0,1,1,both_correct
1035,6,6,6,0,1,1,both_correct
1036,2,2,2,0,1,1,both_correct
1037,1,1,1,0,1,1,both_correct
1038,1,1,1,0,1,1,both_correct
1039,7,1,1,0,0,0,both_wrong_same_prediction
1040,1,1,1,0,1,1,both_correct
1041,5,5,5,0,1,1,both_correct
1042,3,3,3,0,1,1,both_correct
1043,4,4,4,0,1,1,both_correct
1044,6,6,6,0,1,1,both_correct
1045,9,9,9,0,1,1,both_correct
1046,5,5,5,0,1,1,both_correct
1047,0,0,0,0,1,1,both_correct
1048,9,9,9,0,1,1,both_correct
1049,2,2,2,0,1,1,both_correct
1050,2,2,0,1,1,0,pad_only_correct
1051,4,4,4,0,1,1,both_correct
1052,8,8,8,0,1,1,both_correct
1053,2,2,2,0,1,1,both_correct
1054,1,1,1,0,1,1,both_correct
1055,7,7,7,0,1,1,both_correct
1056,2,2,2,0,1,1,both_correct
1057,4,4,4,0,1,1,both_correct
1058,9,9,9,0,1,1,both_correct
1059,4,4,4,0,1,1,both_correct
1060,4,4,4,0,1,1,both_correct
1061,0,0,0,0,1,1,both_correct
1062,3,3,3,0,1,1,both_correct
1063,9,9,9,0,1,1,both_correct
1064,2,2,2,0,1,1,both_correct
1065,2,2,2,0,1,1,both_correct
1066,3,3,3,0,1,1,both_correct
1067,3,3,3,0,1,1,both_correct
1068,8,8,8,0,1,1,both_correct
1069,3,3,3,0,1,1,both_correct
1070,5,5,5,0,1,1,both_correct
1071,7,7,7,0,1,1,both_correct
1072,3,3,3,0,1,1,both_correct
1073,5,5,5,0,1,1,both_correct
1074,8,8,8,0,1,1,both_correct
1075,1,1,1,0,1,1,both_correct
1076,2,2,2,0,1,1,both_correct
1077,4,4,4,0,1,1,both_correct
1078,4,4,4,0,1,1,both_correct
1079,6,6,6,0,1,1,both_correct
1080,4,4,4,0,1,1,both_correct
1081,9,9,9,0,1,1,both_correct
1082,5,5,5,0,1,1,both_correct
1083,1,1,1,0,1,1,both_correct
1084,0,0,0,0,1,1,both_correct
1085,6,6,6,0,1,1,both_correct
1086,9,9,9,0,1,1,both_correct
1087,5,5,5,0,1,1,both_correct
1088,9,9,9,0,1,1,both_correct
1089,5,5,5,0,1,1,both_correct
1090,9,9,9,0,1,1,both_correct
1091,7,7,7,0,1,1,both_correct
1092,3,3,3,0,1,1,both_correct
1093,8,8,8,0,1,1,both_correct
1094,0,0,0,0,1,1,both_correct
1095,3,3,3,0,1,1,both_correct
1096,7,7,7,0,1,1,both_correct
1097,1,1,1,0,1,1,both_correct
1098,3,3,3,0,1,1,both_correct
1099,6,6,6,0,1,1,both_correct
1100,7,7,7,0,1,1,both_correct
1101,8,8,8,0,1,1,both_correct
1102,5,5,5,0,1,1,both_correct
1103,9,9,9,0,1,1,both_correct
1104,7,7,7,0,1,1,both_correct
1105,9,9,9,0,1,1,both_correct
1106,6,6,6,0,1,1,both_correct
1107,9,9,9,0,1,1,both_correct
1108,6,6,6,0,1,1,both_correct
1109,3,3,3,0,1,1,both_correct
1110,7,7,7,0,1,1,both_correct
1111,4,4,4,0,1,1,both_correct
1112,4,4,6,1,1,0,pad_only_correct
1113,5,5,5,0,1,1,both_correct
1114,3,3,3,0,1,1,both_correct
1115,5,5,5,0,1,1,both_correct
1116,4,4,4,0,1,1,both_correct
1117,7,7,7,0,1,1,both_correct
1118,8,8,8,0,1,1,both_correct
1119,7,7,7,0,1,1,both_correct
1120,8,8,8,0,1,1,both_correct
1121,0,0,0,0,1,1,both_correct
1122,7,7,7,0,1,1,both_correct
1123,6,6,6,0,1,1,both_correct
1124,8,8,8,0,1,1,both_correct
1125,8,8,8,0,1,1,both_correct
1126,7,7,7,0,1,1,both_correct
1127,3,3,3,0,1,1,both_correct
1128,3,2,3,1,0,1,resize_only_correct
1129,1,1,1,0,1,1,both_correct
1130,9,9,9,0,1,1,both_correct
1131,5,5,5,0,1,1,both_correct
1132,2,2,2,0,1,1,both_correct
1133,7,7,7,0,1,1,both_correct
1134,3,3,3,0,1,1,both_correct
1135,5,5,5,0,1,1,both_correct
1136,1,1,1,0,1,1,both_correct
1137,1,1,1,0,1,1,both_correct
1138,2,2,2,0,1,1,both_correct
1139,1,1,1,0,1,1,both_correct
1140,4,4,4,0,1,1,both_correct
1141,7,7,7,0,1,1,both_correct
1142,4,4,4,0,1,1,both_correct
1143,7,2,2,0,0,0,both_wrong_same_prediction
1144,5,5,5,0,1,1,both_correct
1145,4,4,4,0,1,1,both_correct
1146,5,5,5,0,1,1,both_correct
1147,4,4,4,0,1,1,both_correct
1148,0,0,0,0,1,1,both_correct
1149,8,8,8,0,1,1,both_correct
1150,3,3,3,0,1,1,both_correct
1151,6,6,5,1,1,0,pad_only_correct
1152,9,9,9,0,1,1,both_correct
1153,6,6,6,0,1,1,both_correct
1154,0,0,0,0,1,1,both_correct
1155,2,2,2,0,1,1,both_correct
1156,7,7,8,1,1,0,pad_only_correct
1157,4,4,4,0,1,1,both_correct
1158,4,4,4,0,1,1,both_correct
1159,4,4,4,0,1,1,both_correct
1160,4,4,4,0,1,1,both_correct
1161,6,6,6,0,1,1,both_correct
1162,6,6,6,0,1,1,both_correct
1163,4,4,4,0,1,1,both_correct
1164,7,7,7,0,1,1,both_correct
1165,9,9,9,0,1,1,both_correct
1166,3,3,3,0,1,1,both_correct
1167,4,4,4,0,1,1,both_correct
1168,5,5,5,0,1,1,both_correct
1169,5,5,5,0,1,1,both_correct
1170,8,8,8,0,1,1,both_correct
1171,7,7,7,0,1,1,both_correct
1172,3,3,3,0,1,1,both_correct
1173,7,7,7,0,1,1,both_correct
1174,2,2,2,0,1,1,both_correct
1175,7,7,7,0,1,1,both_correct
1176,0,0,0,0,1,1,both_correct
1177,2,2,2,0,1,1,both_correct
1178,4,4,4,0,1,1,both_correct
1179,1,1,1,0,1,1,both_correct
1180,1,1,1,0,1,1,both_correct
1181,6,6,6,0,1,1,both_correct
1182,6,5,5,0,0,0,both_wrong_same_prediction
1183,9,9,9,0,1,1,both_correct
1184,2,2,2,0,1,1,both_correct
1185,8,8,8,0,1,1,both_correct
1186,7,7,7,0,1,1,both_correct
1187,2,2,2,0,1,1,both_correct
1188,0,0,0,0,1,1,both_correct
1189,1,1,1,0,1,1,both_correct
1190,5,5,5,0,1,1,both_correct
1191,0,0,0,0,1,1,both_correct
1192,9,9,9,0,1,1,both_correct
1193,1,1,1,0,1,1,both_correct
1194,7,7,7,0,1,1,both_correct
1195,0,0,0,0,1,1,both_correct
1196,6,6,6,0,1,1,both_correct
1197,0,0,0,0,1,1,both_correct
1198,8,8,8,0,1,1,both_correct
1199,6,6,6,0,1,1,both_correct
1200,8,8,8,0,1,1,both_correct
1201,1,1,1,0,1,1,both_correct
1202,8,5,8,1,0,1,resize_only_correct
1203,0,0,0,0,1,1,both_correct
1204,3,3,3,0,1,1,both_correct
1205,3,3,3,0,1,1,both_correct
1206,7,7,7,0,1,1,both_correct
1207,2,2,2,0,1,1,both_correct
1208,3,3,3,0,1,1,both_correct
1209,6,6,6,0,1,1,both_correct
1210,2,2,2,0,1,1,both_correct
1211,1,1,1,0,1,1,both_correct
1212,6,6,6,0,1,1,both_correct
1213,1,1,1,0,1,1,both_correct
1214,1,1,1,0,1,1,both_correct
1215,3,3,3,0,1,1,both_correct
1216,7,7,7,0,1,1,both_correct
1217,9,9,9,0,1,1,both_correct
1218,0,0,0,0,1,1,both_correct
1219,8,8,8,0,1,1,both_correct
1220,0,0,0,0,1,1,both_correct
1221,5,5,5,0,1,1,both_correct
1222,4,4,4,0,1,1,both_correct
1223,0,0,0,0,1,1,both_correct
1224,2,2,2,0,1,1,both_correct
1225,8,8,8,0,1,1,both_correct
1226,7,2,2,0,0,0,both_wrong_same_prediction
1227,2,2,2,0,1,1,both_correct
1228,9,9,9,0,1,1,both_correct
1229,8,8,8,0,1,1,both_correct
1230,4,4,4,0,1,1,both_correct
1231,0,0,0,0,1,1,both_correct
1232,9,4,4,0,0,0,both_wrong_same_prediction
1233,5,5,5,0,1,1,both_correct
1234,8,8,8,0,1,1,both_correct
1235,5,5,5,0,1,1,both_correct
1236,1,1,1,0,1,1,both_correct
1237,2,2,2,0,1,1,both_correct
1238,1,1,1,0,1,1,both_correct
1239,3,3,3,0,1,1,both_correct
1240,1,1,1,0,1,1,both_correct
1241,7,7,7,0,1,1,both_correct
1242,4,4,4,0,1,1,both_correct
1243,5,5,5,0,1,1,both_correct
1244,7,7,7,0,1,1,both_correct
1245,2,2,2,0,1,1,both_correct
1246,0,0,0,0,1,1,both_correct
1247,9,5,5,0,0,0,both_wrong_same_prediction
1248,8,8,8,0,1,1,both_correct
1249,8,8,8,0,1,1,both_correct
1250,6,6,6,0,1,1,both_correct
1251,2,2,2,0,1,1,both_correct
1252,5,5,5,0,1,1,both_correct
1253,4,4,4,0,1,1,both_correct
1254,1,1,1,0,1,1,both_correct
1255,9,9,9,0,1,1,both_correct
1256,2,2,2,0,1,1,both_correct
1257,1,1,1,0,1,1,both_correct
1258,5,5,5,0,1,1,both_correct
1259,8,8,8,0,1,1,both_correct
1260,7,1,1,0,0,0,both_wrong_same_prediction
1261,0,0,0,0,1,1,both_correct
1262,2,2,2,0,1,1,both_correct
1263,4,4,4,0,1,1,both_correct
1264,4,4,4,0,1,1,both_correct
1265,3,3,3,0,1,1,both_correct
1266,6,6,6,0,1,1,both_correct
1267,8,8,8,0,1,1,both_correct
1268,8,8,8,0,1,1,both_correct
1269,2,2,2,0,1,1,both_correct
1270,4,4,4,0,1,1,both_correct
1271,0,0,0,0,1,1,both_correct
1272,5,5,5,0,1,1,both_correct
1273,0,0,0,0,1,1,both_correct
1274,4,4,4,0,1,1,both_correct
1275,4,4,4,0,1,1,both_correct
1276,7,7,7,0,1,1,both_correct
1277,9,9,9,0,1,1,both_correct
1278,3,3,3,0,1,1,both_correct
1279,4,4,4,0,1,1,both_correct
1280,1,1,1,0,1,1,both_correct
1281,5,5,5,0,1,1,both_correct
1282,9,9,9,0,1,1,both_correct
1283,7,7,7,0,1,1,both_correct
1284,3,3,3,0,1,1,both_correct
1285,5,5,5,0,1,1,both_correct
1286,8,8,8,0,1,1,both_correct
1287,8,8,8,0,1,1,both_correct
1288,0,0,0,0,1,1,both_correct
1289,5,5,3,1,1,0,pad_only_correct
1290,3,3,3,0,1,1,both_correct
1291,3,3,3,0,1,1,both_correct
1292,6,6,6,0,1,1,both_correct
1293,6,6,6,0,1,1,both_correct
1294,0,0,0,0,1,1,both_correct
1295,1,1,1,0,1,1,both_correct
1296,6,6,5,1,1,0,pad_only_correct
1297,0,0,0,0,1,1,both_correct
1298,3,3,3,0,1,1,both_correct
1299,5,5,5,0,1,1,both_correct
1300,4,4,4,0,1,1,both_correct
1301,4,4,4,0,1,1,both_correct
1302,1,1,1,0,1,1,both_correct
1303,2,2,2,0,1,1,both_correct
1304,9,9,9,0,1,1,both_correct
1305,1,1,1,0,1,1,both_correct
1306,4,4,4,0,1,1,both_correct
1307,6,6,6,0,1,1,both_correct
1308,9,9,9,0,1,1,both_correct
1309,9,9,9,0,1,1,both_correct
1310,3,3,3,0,1,1,both_correct
1311,9,9,9,0,1,1,both_correct
1312,8,8,8,0,1,1,both_correct
1313,4,4,4,0,1,1,both_correct
1314,4,4,4,0,1,1,both_correct
1315,3,3,3,0,1,1,both_correct
1316,1,1,1,0,1,1,both_correct
1317,3,3,3,0,1,1,both_correct
1318,1,1,1,0,1,1,both_correct
1319,8,8,8,0,1,1,both_correct
1320,8,8,8,0,1,1,both_correct
1321,7,7,7,0,1,1,both_correct
1322,9,9,9,0,1,1,both_correct
1323,4,4,4,0,1,1,both_correct
1324,8,8,8,0,1,1,both_correct
1325,8,8,8,0,1,1,both_correct
1326,7,0,7,1,0,1,resize_only_correct
1327,9,9,9,0,1,1,both_correct
1328,7,0,0,0,0,0,both_wrong_same_prediction
1329,1,1,1,0,1,1,both_correct
1330,4,4,4,0,1,1,both_correct
1331,5,5,5,0,1,1,both_correct
1332,6,6,6,0,1,1,both_correct
1333,0,0,0,0,1,1,both_correct
1334,5,5,5,0,1,1,both_correct
1335,2,2,2,0,1,1,both_correct
1336,2,2,2,0,1,1,both_correct
1337,2,2,2,0,1,1,both_correct
1338,1,1,1,0,1,1,both_correct
1339,5,5,5,0,1,1,both_correct
1340,5,5,5,0,1,1,both_correct
1341,2,2,2,0,1,1,both_correct
1342,4,4,4,0,1,1,both_correct
1343,9,9,9,0,1,1,both_correct
1344,6,6,6,0,1,1,both_correct
1345,2,2,2,0,1,1,both_correct
1346,7,7,7,0,1,1,both_correct
1347,7,7,7,0,1,1,both_correct
1348,2,2,2,0,1,1,both_correct
1349,2,2,2,0,1,1,both_correct
1350,1,1,1,0,1,1,both_correct
1351,1,1,1,0,1,1,both_correct
1352,2,2,2,0,1,1,both_correct
1353,8,8,8,0,1,1,both_correct
1354,3,3,3,0,1,1,both_correct
1355,7,7,7,0,1,1,both_correct
1356,2,2,2,0,1,1,both_correct
1357,4,4,4,0,1,1,both_correct
1358,1,1,1,0,1,1,both_correct
1359,7,7,7,0,1,1,both_correct
1360,1,1,1,0,1,1,both_correct
1361,7,7,7,0,1,1,both_correct
1362,6,6,6,0,1,1,both_correct
1363,7,7,7,0,1,1,both_correct
1364,8,8,8,0,1,1,both_correct
1365,2,2,2,0,1,1,both_correct
1366,7,7,7,0,1,1,both_correct
1367,3,3,3,0,1,1,both_correct
1368,1,1,1,0,1,1,both_correct
1369,7,7,7,0,1,1,both_correct
1370,5,5,5,0,1,1,both_correct
1371,8,8,8,0,1,1,both_correct
1372,2,2,2,0,1,1,both_correct
1373,6,6,6,0,1,1,both_correct
1374,2,2,2,0,1,1,both_correct
1375,2,2,2,0,1,1,both_correct
1376,5,5,5,0,1,1,both_correct
1377,6,6,6,0,1,1,both_correct
1378,5,6,5,1,0,1,resize_only_correct
1379,0,0,0,0,1,1,both_correct
1380,9,9,9,0,1,1,both_correct
1381,2,2,2,0,1,1,both_correct
1382,4,4,4,0,1,1,both_correct
1383,3,3,3,0,1,1,both_correct
1384,3,3,3,0,1,1,both_correct
1385,9,9,9,0,1,1,both_correct
1386,7,7,7,0,1,1,both_correct
1387,6,6,6,0,1,1,both_correct
1388,6,6,6,0,1,1,both_correct
1389,8,8,8,0,1,1,both_correct
1390,0,0,0,0,1,1,both_correct
1391,4,4,4,0,1,1,both_correct
1392,1,1,1,0,1,1,both_correct
1393,5,3,3,0,0,0,both_wrong_same_prediction
1394,8,8,3,1,1,0,pad_only_correct
1395,2,2,2,0,1,1,both_correct
1396,9,9,9,0,1,1,both_correct
1397,1,1,1,0,1,1,both_correct
1398,8,8,8,0,1,1,both_correct
1399,0,0,0,0,1,1,both_correct
1400,6,5,6,1,0,1,resize_only_correct
1401,7,7,7,0,1,1,both_correct
1402,2,2,2,0,1,1,both_correct
1403,1,1,1,0,1,1,both_correct
1404,0,0,0,0,1,1,both_correct
1405,5,5,5,0,1,1,both_correct
1406,5,5,5,0,1,1,both_correct
1407,2,2,2,0,1,1,both_correct
1408,0,0,0,0,1,1,both_correct
1409,2,2,2,0,1,1,both_correct
1410,2,2,2,0,1,1,both_correct
1411,0,0,0,0,1,1,both_correct
1412,2,2,2,0,1,1,both_correct
1413,4,4,4,0,1,1,both_correct
1414,9,3,7,1,0,0,both_wrong_changed
1415,8,8,8,0,1,1,both_correct
1416,0,0,0,0,1,1,both_correct
1417,9,9,9,0,1,1,both_correct
1418,9,9,9,0,1,1,both_correct
1419,4,4,4,0,1,1,both_correct
1420,6,6,6,0,1,1,both_correct
1421,5,5,5,0,1,1,both_correct
1422,4,4,4,0,1,1,both_correct
1423,9,9,9,0,1,1,both_correct
1424,1,1,1,0,1,1,both_correct
1425,8,4,8,1,0,1,resize_only_correct
1426,3,3,3,0,1,1,both_correct
1427,4,4,4,0,1,1,both_correct
1428,9,9,9,0,1,1,both_correct
1429,9,9,9,0,1,1,both_correct
1430,1,1,1,0,1,1,both_correct
1431,2,2,2,0,1,1,both_correct
1432,2,2,2,0,1,1,both_correct
1433,8,8,8,0,1,1,both_correct
1434,1,1,1,0,1,1,both_correct
1435,9,9,9,0,1,1,both_correct
1436,6,6,6,0,1,1,both_correct
1437,4,4,4,0,1,1,both_correct
1438,0,0,0,0,1,1,both_correct
1439,9,9,9,0,1,1,both_correct
1440,4,4,4,0,1,1,both_correct
1441,8,8,8,0,1,1,both_correct
1442,3,3,3,0,1,1,both_correct
1443,8,8,8,0,1,1,both_correct
1444,6,6,6,0,1,1,both_correct
1445,0,0,0,0,1,1,both_correct
1446,2,2,2,0,1,1,both_correct
1447,5,5,5,0,1,1,both_correct
1448,1,1,1,0,1,1,both_correct
1449,9,9,9,0,1,1,both_correct
1450,6,6,6,0,1,1,both_correct
1451,2,2,2,0,1,1,both_correct
1452,9,9,9,0,1,1,both_correct
1453,4,4,4,0,1,1,both_correct
1454,0,0,0,0,1,1,both_correct
1455,9,9,9,0,1,1,both_correct
1456,6,6,6,0,1,1,both_correct
1457,0,0,0,0,1,1,both_correct
1458,6,6,6,0,1,1,both_correct
1459,2,2,2,0,1,1,both_correct
1460,5,5,5,0,1,1,both_correct
1461,4,4,4,0,1,1,both_correct
1462,2,2,2,0,1,1,both_correct
1463,3,3,3,0,1,1,both_correct
1464,8,8,8,0,1,1,both_correct
1465,4,4,4,0,1,1,both_correct
1466,5,5,5,0,1,1,both_correct
1467,5,5,5,0,1,1,both_correct
1468,0,0,0,0,1,1,both_correct
1469,3,3,3,0,1,1,both_correct
1470,8,8,8,0,1,1,both_correct
1471,5,5,5,0,1,1,both_correct
1472,3,3,3,0,1,1,both_correct
1473,5,5,5,0,1,1,both_correct
1474,8,8,8,0,1,1,both_correct
1475,6,6,6,0,1,1,both_correct
1476,5,5,5,0,1,1,both_correct
1477,7,7,7,0,1,1,both_correct
1478,6,6,6,0,1,1,both_correct
1479,3,3,3,0,1,1,both_correct
1480,3,3,3,0,1,1,both_correct
1481,9,9,9,0,1,1,both_correct
1482,6,6,6,0,1,1,both_correct
1483,1,1,1,0,1,1,both_correct
1484,1,1,1,0,1,1,both_correct
1485,2,2,2,0,1,1,both_correct
1486,9,9,9,0,1,1,both_correct
1487,0,0,0,0,1,1,both_correct
1488,4,4,4,0,1,1,both_correct
1489,3,3,3,0,1,1,both_correct
1490,3,3,3,0,1,1,both_correct
1491,6,6,6,0,1,1,both_correct
1492,9,9,9,0,1,1,both_correct
1493,5,5,5,0,1,1,both_correct
1494,7,7,7,0,1,1,both_correct
1495,3,3,3,0,1,1,both_correct
1496,7,7,7,0,1,1,both_correct
1497,7,7,7,0,1,1,both_correct
1498,7,7,7,0,1,1,both_correct
1499,8,8,8,0,1,1,both_correct
1500,7,7,7,0,1,1,both_correct
1501,9,9,9,0,1,1,both_correct
1502,8,5,8,1,0,1,resize_only_correct
1503,3,3,3,0,1,1,both_correct
1504,0,0,0,0,1,1,both_correct
1505,7,7,7,0,1,1,both_correct
1506,2,2,2,0,1,1,both_correct
1507,7,7,7,0,1,1,both_correct
1508,9,9,9,0,1,1,both_correct
1509,4,4,4,0,1,1,both_correct
1510,5,5,5,0,1,1,both_correct
1511,4,4,4,0,1,1,both_correct
1512,9,9,9,0,1,1,both_correct
1513,3,3,3,0,1,1,both_correct
1514,2,2,2,0,1,1,both_correct
1515,1,1,1,0,1,1,both_correct
1516,4,4,4,0,1,1,both_correct
1517,0,0,0,0,1,1,both_correct
1518,2,2,2,0,1,1,both_correct
1519,3,3,3,0,1,1,both_correct
1520,7,7,7,0,1,1,both_correct
1521,5,5,5,0,1,1,both_correct
1522,7,9,1,1,0,0,both_wrong_changed
1523,8,8,8,0,1,1,both_correct
1524,8,8,8,0,1,1,both_correct
1525,5,5,5,0,1,1,both_correct
1526,0,0,0,0,1,1,both_correct
1527,1,5,1,1,0,1,resize_only_correct
1528,1,1,1,0,1,1,both_correct
1529,4,4,4,0,1,1,both_correct
1530,8,3,8,1,0,1,resize_only_correct
1531,3,3,3,0,1,1,both_correct
1532,9,9,9,0,1,1,both_correct
1533,0,0,0,0,1,1,both_correct
1534,0,0,0,0,1,1,both_correct
1535,0,0,0,0,1,1,both_correct
1536,6,6,6,0,1,1,both_correct
1537,6,6,6,0,1,1,both_correct
1538,2,2,2,0,1,1,both_correct
1539,3,3,3,0,1,1,both_correct
1540,7,7,7,0,1,1,both_correct
1541,8,8,8,0,1,1,both_correct
1542,4,4,4,0,1,1,both_correct
1543,7,7,7,0,1,1,both_correct
1544,7,7,7,0,1,1,both_correct
1545,9,9,9,0,1,1,both_correct
1546,2,2,2,0,1,1,both_correct
1547,4,4,4,0,1,1,both_correct
1548,1,1,1,0,1,1,both_correct
1549,4,4,6,1,1,0,pad_only_correct
1550,5,5,5,0,1,1,both_correct
1551,2,2,2,0,1,1,both_correct
1552,4,4,4,0,1,1,both_correct
1553,9,9,9,0,1,1,both_correct
1554,9,4,9,1,0,1,resize_only_correct
1555,1,1,1,0,1,1,both_correct
1556,8,8,8,0,1,1,both_correct
1557,4,4,4,0,1,1,both_correct
1558,0,0,0,0,1,1,both_correct
1559,9,9,9,0,1,1,both_correct
1560,8,8,8,0,1,1,both_correct
1561,4,4,4,0,1,1,both_correct
1562,8,8,8,0,1,1,both_correct
1563,7,7,7,0,1,1,both_correct
1564,7,7,7,0,1,1,both_correct
1565,0,0,0,0,1,1,both_correct
1566,7,7,7,0,1,1,both_correct
1567,8,8,8,0,1,1,both_correct
1568,8,8,8,0,1,1,both_correct
1569,6,6,6,0,1,1,both_correct
1570,0,0,0,0,1,1,both_correct
1571,4,4,4,0,1,1,both_correct
1572,8,8,8,0,1,1,both_correct
1573,8,8,8,0,1,1,both_correct
1574,2,2,2,0,1,1,both_correct
1575,4,4,4,0,1,1,both_correct
1576,7,7,7,0,1,1,both_correct
1577,6,6,6,0,1,1,both_correct
1578,6,6,6,0,1,1,both_correct
1579,6,6,6,0,1,1,both_correct
1580,4,4,4,0,1,1,both_correct
1581,7,3,7,1,0,1,resize_only_correct
1582,1,1,1,0,1,1,both_correct
1583,8,8,8,0,1,1,both_correct
1584,8,3,8,1,0,1,resize_only_correct
1585,2,2,2,0,1,1,both_correct
1586,3,3,3,0,1,1,both_correct
1587,6,6,6,0,1,1,both_correct
1588,3,3,3,0,1,1,both_correct
1589,0,0,0,0,1,1,both_correct
1590,0,0,0,0,1,1,both_correct
1591,3,3,3,0,1,1,both_correct
1592,7,7,7,0,1,1,both_correct
1593,6,6,6,0,1,1,both_correct
1594,9,9,9,0,1,1,both_correct
1595,7,7,7,0,1,1,both_correct
1596,9,9,9,0,1,1,both_correct
1597,9,9,9,0,1,1,both_correct
1598,5,5,5,0,1,1,both_correct
1599,4,4,4,0,1,1,both_correct
1600,3,3,3,0,1,1,both_correct
1601,3,3,3,0,1,1,both_correct
1602,6,6,6,0,1,1,both_correct
1603,1,1,1,0,1,1,both_correct
1604,2,2,2,0,1,1,both_correct
1605,3,3,3,0,1,1,both_correct
1606,7,7,7,0,1,1,both_correct
1607,3,3,3,0,1,1,both_correct
1608,3,3,3,0,1,1,both_correct
1609,2,2,0,1,1,0,pad_only_correct
1610,0,0,0,0,1,1,both_correct
1611,3,3,3,0,1,1,both_correct
1612,3,3,3,0,1,1,both_correct
1613,8,8,8,0,1,1,both_correct
1614,4,4,4,0,1,1,both_correct
1615,3,3,3,0,1,1,both_correct
1616,6,6,6,0,1,1,both_correct
1617,3,3,3,0,1,1,both_correct
1618,5,5,5,0,1,1,both_correct
1619,0,0,0,0,1,1,both_correct
1620,2,2,2,0,1,1,both_correct
1621,0,6,6,0,0,0,both_wrong_same_prediction
1622,9,9,9,0,1,1,both_correct
1623,0,0,0,0,1,1,both_correct
1624,7,7,7,0,1,1,both_correct
1625,4,4,4,0,1,1,both_correct
1626,6,6,6,0,1,1,both_correct
1627,9,9,9,0,1,1,both_correct
1628,3,3,3,0,1,1,both_correct
1629,5,5,5,0,1,1,both_correct
1630,1,1,1,0,1,1,both_correct
1631,9,9,9,0,1,1,both_correct
1632,6,6,6,0,1,1,both_correct
1633,1,1,1,0,1,1,both_correct
1634,4,4,4,0,1,1,both_correct
1635,5,5,5,0,1,1,both_correct
1636,4,4,4,0,1,1,both_correct
1637,5,5,5,0,1,1,both_correct
1638,0,0,0,0,1,1,both_correct
1639,5,5,5,0,1,1,both_correct
1640,9,9,9,0,1,1,both_correct
1641,5,5,5,0,1,1,both_correct
1642,2,2,2,0,1,1,both_correct
1643,1,1,1,0,1,1,both_correct
1644,2,2,2,0,1,1,both_correct
1645,9,9,9,0,1,1,both_correct
1646,1,1,1,0,1,1,both_correct
1647,9,9,9,0,1,1,both_correct
1648,9,9,9,0,1,1,both_correct
1649,4,4,4,0,1,1,both_correct
1650,0,0,0,0,1,1,both_correct
1651,8,8,8,0,1,1,both_correct
1652,4,4,4,0,1,1,both_correct
1653,5,5,5,0,1,1,both_correct
1654,2,2,2,0,1,1,both_correct
1655,9,9,9,0,1,1,both_correct
1656,2,2,2,0,1,1,both_correct
1657,1,1,1,0,1,1,both_correct
1658,2,2,2,0,1,1,both_correct
1659,1,1,1,0,1,1,both_correct
1660,7,2,7,1,0,1,resize_only_correct
1661,3,3,3,0,1,1,both_correct
1662,6,6,6,0,1,1,both_correct
1663,8,8,8,0,1,1,both_correct
1664,8,8,8,0,1,1,both_correct
1665,4,4,4,0,1,1,both_correct
1666,9,9,9,0,1,1,both_correct
1667,1,1,1,0,1,1,both_correct
1668,9,9,9,0,1,1,both_correct
1669,8,8,8,0,1,1,both_correct
1670,5,8,5,1,0,1,resize_only_correct
1671,7,7,7,0,1,1,both_correct
1672,5,5,5,0,1,1,both_correct
1673,1,1,1,0,1,1,both_correct
1674,1,1,1,0,1,1,both_correct
1675,8,8,8,0,1,1,both_correct
1676,6,6,6,0,1,1,both_correct
1677,5,5,5,0,1,1,both_correct
1678,2,2,2,0,1,1,both_correct
1679,4,4,4,0,1,1,both_correct
1680,4,4,4,0,1,1,both_correct
1681,3,3,3,0,1,1,both_correct
1682,2,2,2,0,1,1,both_correct
1683,3,3,3,0,1,1,both_correct
1684,5,5,5,0,1,1,both_correct
1685,6,6,6,0,1,1,both_correct
1686,8,8,8,0,1,1,both_correct
1687,8,8,8,0,1,1,both_correct
1688,6,6,6,0,1,1,both_correct
1689,2,2,2,0,1,1,both_correct
1690,3,3,3,0,1,1,both_correct
1691,1,1,1,0,1,1,both_correct
1692,0,0,0,0,1,1,both_correct
1693,5,5,5,0,1,1,both_correct
1694,8,8,8,0,1,1,both_correct
1695,9,9,9,0,1,1,both_correct
1696,2,2,2,0,1,1,both_correct
1697,9,9,9,0,1,1,both_correct
1698,6,6,6,0,1,1,both_correct
1699,7,7,7,0,1,1,both_correct
1700,0,0,0,0,1,1,both_correct
1701,4,4,4,0,1,1,both_correct
1702,8,8,8,0,1,1,both_correct
1703,7,3,7,1,0,1,resize_only_correct
1704,1,1,1,0,1,1,both_correct
1705,7,7,7,0,1,1,both_correct
1706,4,4,4,0,1,1,both_correct
1707,1,1,1,0,1,1,both_correct
1708,0,0,0,0,1,1,both_correct
1709,9,5,5,0,0,0,both_wrong_same_prediction
1710,7,7,7,0,1,1,both_correct
1711,2,2,2,0,1,1,both_correct
1712,0,0,0,0,1,1,both_correct
1713,0,0,0,0,1,1,both_correct
1714,9,9,9,0,1,1,both_correct
1715,1,1,1,0,1,1,both_correct
1716,7,1,1,0,0,0,both_wrong_same_prediction
1717,8,8,8,0,1,1,both_correct
1718,7,7,7,0,1,1,both_correct
1719,8,8,8,0,1,1,both_correct
1720,4,4,4,0,1,1,both_correct
1721,7,7,7,0,1,1,both_correct
1722,2,2,2,0,1,1,both_correct
1723,0,0,0,0,1,1,both_correct
1724,4,4,4,0,1,1,both_correct
1725,6,5,6,1,0,1,resize_only_correct
1726,0,0,0,0,1,1,both_correct
1727,3,3,3,0,1,1,both_correct
1728,1,1,1,0,1,1,both_correct
1729,1,1,1,0,1,1,both_correct
1730,3,3,3,0,1,1,both_correct
1731,3,3,3,0,1,1,both_correct
1732,9,9,9,0,1,1,both_correct
1733,6,6,6,0,1,1,both_correct
1734,7,7,7,0,1,1,both_correct
1735,4,4,4,0,1,1,both_correct
1736,1,1,1,0,1,1,both_correct
1737,5,1,5,1,0,1,resize_only_correct
1738,3,3,3,0,1,1,both_correct
1739,0,0,0,0,1,1,both_correct
1740,8,8,8,0,1,1,both_correct
1741,7,7,7,0,1,1,both_correct
1742,3,3,3,0,1,1,both_correct
1743,9,9,9,0,1,1,both_correct
1744,6,6,6,0,1,1,both_correct
1745,9,9,9,0,1,1,both_correct
1746,3,3,3,0,1,1,both_correct
1747,5,5,5,0,1,1,both_correct
1748,0,6,0,1,0,1,resize_only_correct
1749,2,2,2,0,1,1,both_correct
1750,7,7,7,0,1,1,both_correct
1751,4,4,4,0,1,1,both_correct
1752,5,5,5,0,1,1,both_correct
1753,1,1,1,0,1,1,both_correct
1754,7,7,2,1,1,0,pad_only_correct
1755,5,5,5,0,1,1,both_correct
1756,8,8,8,0,1,1,both_correct
1757,0,0,0,0,1,1,both_correct
1758,8,8,8,0,1,1,both_correct
1759,8,8,8,0,1,1,both_correct
1760,1,1,1,0,1,1,both_correct
1761,5,5,5,0,1,1,both_correct
1762,0,0,0,0,1,1,both_correct
1763,3,3,3,0,1,1,both_correct
1764,0,0,0,0,1,1,both_correct
1765,3,3,3,0,1,1,both_correct
1766,1,1,1,0,1,1,both_correct
1767,4,4,4,0,1,1,both_correct
1768,0,0,0,0,1,1,both_correct
1769,3,3,3,0,1,1,both_correct
1770,7,7,7,0,1,1,both_correct
1771,2,2,2,0,1,1,both_correct
1772,7,7,7,0,1,1,both_correct
1773,1,1,1,0,1,1,both_correct
1774,8,8,8,0,1,1,both_correct
1775,0,0,0,0,1,1,both_correct
1776,7,7,7,0,1,1,both_correct
1777,0,0,0,0,1,1,both_correct
1778,4,4,4,0,1,1,both_correct
1779,3,3,3,0,1,1,both_correct
1780,1,1,1,0,1,1,both_correct
1781,9,9,9,0,1,1,both_correct
1782,8,8,8,0,1,1,both_correct
1783,7,7,7,0,1,1,both_correct
1784,7,7,7,0,1,1,both_correct
1785,1,1,1,0,1,1,both_correct
1786,4,4,4,0,1,1,both_correct
1787,9,9,9,0,1,1,both_correct
1788,9,9,9,0,1,1,both_correct
1789,3,3,3,0,1,1,both_correct
1790,2,2,2,0,1,1,both_correct
1791,1,1,1,0,1,1,both_correct
1792,7,7,7,0,1,1,both_correct
1793,9,9,9,0,1,1,both_correct
1794,0,0,0,0,1,1,both_correct
1795,2,2,2,0,1,1,both_correct
1796,0,0,0,0,1,1,both_correct
1797,3,3,3,0,1,1,both_correct
1798,3,3,3,0,1,1,both_correct
1799,7,7,7,0,1,1,both_correct
1800,6,4,6,1,0,1,resize_only_correct
1801,9,9,9,0,1,1,both_correct
1802,2,2,2,0,1,1,both_correct
1803,3,3,3,0,1,1,both_correct
1804,3,3,3,0,1,1,both_correct
1805,7,7,7,0,1,1,both_correct
1806,7,2,7,1,0,1,resize_only_correct
1807,0,0,0,0,1,1,both_correct
1808,0,0,0,0,1,1,both_correct
1809,7,7,7,0,1,1,both_correct
1810,5,5,5,0,1,1,both_correct
1811,2,2,2,0,1,1,both_correct
1812,9,9,9,0,1,1,both_correct
1813,8,8,8,0,1,1,both_correct
1814,7,7,7,0,1,1,both_correct
1815,4,4,4,0,1,1,both_correct
1816,4,4,4,0,1,1,both_correct
1817,2,2,2,0,1,1,both_correct
1818,6,6,6,0,1,1,both_correct
1819,6,6,6,0,1,1,both_correct
1820,1,1,1,0,1,1,both_correct
1821,9,9,9,0,1,1,both_correct
1822,6,6,6,0,1,1,both_correct
1823,8,8,8,0,1,1,both_correct
1824,2,2,2,0,1,1,both_correct
1825,9,9,9,0,1,1,both_correct
1826,0,0,0,0,1,1,both_correct
1827,8,8,8,0,1,1,both_correct
1828,3,3,3,0,1,1,both_correct
1829,1,1,1,0,1,1,both_correct
1830,1,1,1,0,1,1,both_correct
1831,6,6,6,0,1,1,both_correct
1832,3,3,3,0,1,1,both_correct
1833,5,5,5,0,1,1,both_correct
1834,1,1,1,0,1,1,both_correct
1835,1,1,1,0,1,1,both_correct
1836,1,1,1,0,1,1,both_correct
1837,3,3,3,0,1,1,both_correct
1838,1,1,1,0,1,1,both_correct
1839,2,2,2,0,1,1,both_correct
1840,3,3,3,0,1,1,both_correct
1841,0,0,0,0,1,1,both_correct
1842,2,2,2,0,1,1,both_correct
1843,0,0,0,0,1,1,both_correct
1844,1,1,1,0,1,1,both_correct
1845,3,3,3,0,1,1,both_correct
1846,5,5,5,0,1,1,both_correct
1847,5,5,5,0,1,1,both_correct
1848,7,7,7,0,1,1,both_correct
1849,4,4,4,0,1,1,both_correct
1850,8,8,8,0,1,1,both_correct
1851,9,9,9,0,1,1,both_correct
1852,6,6,6,0,1,1,both_correct
1853,9,9,9,0,1,1,both_correct
1854,6,6,6,0,1,1,both_correct
1855,8,3,8,1,0,1,resize_only_correct
1856,3,3,3,0,1,1,both_correct
1857,6,6,6,0,1,1,both_correct
1858,6,6,6,0,1,1,both_correct
1859,8,8,8,0,1,1,both_correct
1860,5,5,5,0,1,1,both_correct
1861,1,1,1,0,1,1,both_correct
1862,4,4,4,0,1,1,both_correct
1863,2,2,2,0,1,1,both_correct
1864,4,4,4,0,1,1,both_correct
1865,4,4,4,0,1,1,both_correct
1866,5,5,5,0,1,1,both_correct
1867,1,1,1,0,1,1,both_correct
1868,1,1,1,0,1,1,both_correct
1869,9,9,9,0,1,1,both_correct
1870,0,0,0,0,1,1,both_correct
1871,2,2,2,0,1,1,both_correct
1872,4,4,4,0,1,1,both_correct
1873,9,9,9,0,1,1,both_correct
1874,5,5,5,0,1,1,both_correct
1875,7,7,7,0,1,1,both_correct
1876,1,1,1,0,1,1,both_correct
1877,8,8,8,0,1,1,both_correct
1878,8,3,3,0,0,0,both_wrong_same_prediction
1879,5,5,5,0,1,1,both_correct
1880,6,6,4,1,1,0,pad_only_correct
1881,9,9,9,0,1,1,both_correct
1882,8,8,8,0,1,1,both_correct
1883,7,7,7,0,1,1,both_correct
1884,1,1,1,0,1,1,both_correct
1885,1,1,1,0,1,1,both_correct
1886,6,6,6,0,1,1,both_correct
1887,7,7,7,0,1,1,both_correct
1888,6,6,6,0,1,1,both_correct
1889,3,3,3,0,1,1,both_correct
1890,2,2,2,0,1,1,both_correct
1891,2,2,2,0,1,1,both_correct
1892,0,0,0,0,1,1,both_correct
1893,8,8,8,0,1,1,both_correct
1894,9,9,9,0,1,1,both_correct
1895,2,2,2,0,1,1,both_correct
1896,5,5,5,0,1,1,both_correct
1897,1,1,1,0,1,1,both_correct
1898,0,0,0,0,1,1,both_correct
1899,8,8,3,1,1,0,pad_only_correct
1900,1,1,1,0,1,1,both_correct
1901,9,4,9,1,0,1,resize_only_correct
1902,5,5,5,0,1,1,both_correct
1903,7,7,7,0,1,1,both_correct
1904,9,9,9,0,1,1,both_correct
1905,6,6,6,0,1,1,both_correct
1906,9,9,9,0,1,1,both_correct
1907,0,0,0,0,1,1,both_correct
1908,6,6,6,0,1,1,both_correct
1909,1,1,1,0,1,1,both_correct
1910,5,5,5,0,1,1,both_correct
1911,5,5,5,0,1,1,both_correct
1912,8,8,8,0,1,1,both_correct
1913,3,3,3,0,1,1,both_correct
1914,8,8,8,0,1,1,both_correct
1915,2,2,2,0,1,1,both_correct
1916,6,6,6,0,1,1,both_correct
1917,5,5,5,0,1,1,both_correct
1918,0,0,0,0,1,1,both_correct
1919,7,7,7,0,1,1,both_correct
1920,4,4,4,0,1,1,both_correct
1921,6,6,6,0,1,1,both_correct
1922,1,1,1,0,1,1,both_correct
1923,3,3,3,0,1,1,both_correct
1924,4,4,4,0,1,1,both_correct
1925,7,7,7,0,1,1,both_correct
1926,3,3,3,0,1,1,both_correct
1927,2,2,2,0,1,1,both_correct
1928,3,3,3,0,1,1,both_correct
1929,4,4,4,0,1,1,both_correct
1930,2,2,2,0,1,1,both_correct
1931,5,5,5,0,1,1,both_correct
1932,2,2,2,0,1,1,both_correct
1933,7,7,7,0,1,1,both_correct
1934,1,1,1,0,1,1,both_correct
1935,7,7,7,0,1,1,both_correct
1936,2,2,2,0,1,1,both_correct
1937,6,6,6,0,1,1,both_correct
1938,4,4,4,0,1,1,both_correct
1939,1,1,1,0,1,1,both_correct
1940,5,5,5,0,1,1,both_correct
1941,7,7,1,1,1,0,pad_only_correct
1942,8,8,8,0,1,1,both_correct
1943,6,6,6,0,1,1,both_correct
1944,0,0,0,0,1,1,both_correct
1945,1,1,1,0,1,1,both_correct
1946,8,8,8,0,1,1,both_correct
1947,2,2,2,0,1,1,both_correct
1948,5,5,5,0,1,1,both_correct
1949,7,7,7,0,1,1,both_correct
1950,7,7,7,0,1,1,both_correct
1951,6,6,6,0,1,1,both_correct
1952,9,9,9,0,1,1,both_correct
1953,3,3,3,0,1,1,both_correct
1954,5,5,5,0,1,1,both_correct
1955,8,8,8,0,1,1,both_correct
1956,4,4,4,0,1,1,both_correct
1957,2,2,2,0,1,1,both_correct
1958,4,4,4,0,1,1,both_correct
1959,0,0,0,0,1,1,both_correct
1960,8,8,8,0,1,1,both_correct
1961,8,8,8,0,1,1,both_correct
1962,3,3,3,0,1,1,both_correct
1963,4,4,4,0,1,1,both_correct
1964,9,9,9,0,1,1,both_correct
1965,2,2,2,0,1,1,both_correct
1966,7,7,7,0,1,1,both_correct
1967,5,5,5,0,1,1,both_correct
1968,8,9,8,1,0,1,resize_only_correct
1969,6,6,6,0,1,1,both_correct
1970,5,5,5,0,1,1,both_correct
1971,6,6,6,0,1,1,both_correct
1972,0,0,0,0,1,1,both_correct
1973,8,8,8,0,1,1,both_correct
1974,6,6,6,0,1,1,both_correct
1975,7,7,7,0,1,1,both_correct
1976,3,3,3,0,1,1,both_correct
1977,6,6,6,0,1,1,both_correct
1978,4,4,4,0,1,1,both_correct
1979,9,9,9,0,1,1,both_correct
1980,4,4,4,0,1,1,both_correct
1981,6,6,6,0,1,1,both_correct
1982,6,5,5,0,0,0,both_wrong_same_prediction
1983,3,3,3,0,1,1,both_correct
1984,2,2,2,0,1,1,both_correct
1985,4,4,4,0,1,1,both_correct
1986,1,1,1,0,1,1,both_correct
1987,0,0,0,0,1,1,both_correct
1988,1,1,1,0,1,1,both_correct
1989,4,4,4,0,1,1,both_correct
1990,6,6,6,0,1,1,both_correct
1991,2,2,2,0,1,1,both_correct
1992,9,9,9,0,1,1,both_correct
1993,1,1,1,0,1,1,both_correct
1994,1,1,1,0,1,1,both_correct
1995,0,0,0,0,1,1,both_correct
1996,6,6,6,0,1,1,both_correct
1997,3,3,3,0,1,1,both_correct
1998,9,9,9,0,1,1,both_correct
1999,5,5,5,0,1,1,both_correct
2000,6,6,6,0,1,1,both_correct
2001,5,5,5,0,1,1,both_correct
2002,6,6,6,0,1,1,both_correct
2003,5,5,5,0,1,1,both_correct
2004,8,3,8,1,0,1,resize_only_correct
2005,4,4,4,0,1,1,both_correct
2006,6,6,6,0,1,1,both_correct
2007,4,4,4,0,1,1,both_correct
2008,3,3,3,0,1,1,both_correct
2009,9,9,9,0,1,1,both_correct
2010,1,1,1,0,1,1,both_correct
2011,3,3,3,0,1,1,both_correct
2012,4,4,4,0,1,1,both_correct
2013,1,1,1,0,1,1,both_correct
2014,9,9,9,0,1,1,both_correct
2015,1,1,1,0,1,1,both_correct
2016,7,7,7,0,1,1,both_correct
2017,1,1,1,0,1,1,both_correct
2018,1,1,0,1,1,0,pad_only_correct
2019,9,9,9,0,1,1,both_correct
2020,3,3,3,0,1,1,both_correct
2021,5,5,5,0,1,1,both_correct
2022,4,4,4,0,1,1,both_correct
2023,0,0,0,0,1,1,both_correct
2024,7,7,7,0,1,1,both_correct
2025,3,3,3,0,1,1,both_correct
2026,6,6,6,0,1,1,both_correct
2027,1,1,1,0,1,1,both_correct
2028,7,7,7,0,1,1,both_correct
2029,5,5,5,0,1,1,both_correct
2030,5,5,5,0,1,1,both_correct
2031,3,3,3,0,1,1,both_correct
2032,3,3,3,0,1,1,both_correct
2033,0,0,0,0,1,1,both_correct
2034,1,1,1,0,1,1,both_correct
2035,5,5,3,1,1,0,pad_only_correct
2036,7,7,7,0,1,1,both_correct
2037,5,5,5,0,1,1,both_correct
2038,8,8,8,0,1,1,both_correct
2039,6,6,6,0,1,1,both_correct
2040,5,5,5,0,1,1,both_correct
2041,1,1,1,0,1,1,both_correct
2042,0,0,0,0,1,1,both_correct
2043,4,4,4,0,1,1,both_correct
2044,2,2,2,0,1,1,both_correct
2045,3,3,3,0,1,1,both_correct
2046,4,4,4,0,1,1,both_correct
2047,6,6,6,0,1,1,both_correct
2048,7,7,7,0,1,1,both_correct
2049,9,9,9,0,1,1,both_correct
2050,8,8,8,0,1,1,both_correct
2051,1,1,1,0,1,1,both_correct
2052,8,8,8,0,1,1,both_correct
2053,4,4,4,0,1,1,both_correct
2054,9,9,9,0,1,1,both_correct
2055,2,2,2,0,1,1,both_correct
2056,8,8,8,0,1,1,both_correct
2057,6,6,6,0,1,1,both_correct
2058,2,2,2,0,1,1,both_correct
2059,7,7,7,0,1,1,both_correct
2060,0,0,0,0,1,1,both_correct
2061,0,0,0,0,1,1,both_correct
2062,6,6,6,0,1,1,both_correct
2063,7,1,7,1,0,1,resize_only_correct
2064,5,5,5,0,1,1,both_correct
2065,8,8,8,0,1,1,both_correct
2066,6,6,6,0,1,1,both_correct
2067,0,0,0,0,1,1,both_correct
2068,9,9,9,0,1,1,both_correct
2069,3,3,3,0,1,1,both_correct
2070,7,7,7,0,1,1,both_correct
2071,1,1,1,0,1,1,both_correct
2072,3,3,3,0,1,1,both_correct
2073,5,5,5,0,1,1,both_correct
2074,4,4,4,0,1,1,both_correct
2075,3,3,3,0,1,1,both_correct
2076,3,3,3,0,1,1,both_correct
2077,5,5,5,0,1,1,both_correct
2078,5,5,5,0,1,1,both_correct
2079,6,6,6,0,1,1,both_correct
2080,3,3,3,0,1,1,both_correct
2081,0,0,0,0,1,1,both_correct
2082,2,2,2,0,1,1,both_correct
2083,3,3,3,0,1,1,both_correct
2084,4,4,4,0,1,1,both_correct
2085,2,2,2,0,1,1,both_correct
2086,3,3,3,0,1,1,both_correct
2087,0,0,0,0,1,1,both_correct
2088,9,9,9,0,1,1,both_correct
2089,9,9,9,0,1,1,both_correct
2090,4,1,4,1,0,1,resize_only_correct
2091,7,7,7,0,1,1,both_correct
2092,2,2,2,0,1,1,both_correct
2093,8,0,8,1,0,1,resize_only_correct
2094,4,4,4,0,1,1,both_correct
2095,7,7,7,0,1,1,both_correct
2096,0,0,0,0,1,1,both_correct
2097,6,6,6,0,1,1,both_correct
2098,2,2,2,0,1,1,both_correct
2099,8,8,8,0,1,1,both_correct
2100,5,5,5,0,1,1,both_correct
2101,2,2,2,0,1,1,both_correct
2102,8,8,8,0,1,1,both_correct
2103,5,5,5,0,1,1,both_correct
2104,7,7,7,0,1,1,both_correct
2105,3,3,3,0,1,1,both_correct
2106,0,0,0,0,1,1,both_correct
2107,8,8,8,0,1,1,both_correct
2108,2,2,2,0,1,1,both_correct
2109,3,5,7,1,0,0,both_wrong_changed
2110,2,2,2,0,1,1,both_correct
2111,8,8,8,0,1,1,both_correct
2112,2,2,2,0,1,1,both_correct
2113,5,3,5,1,0,1,resize_only_correct
2114,5,5,5,0,1,1,both_correct
2115,7,7,7,0,1,1,both_correct
2116,6,5,6,1,0,1,resize_only_correct
2117,4,4,4,0,1,1,both_correct
2118,6,6,6,0,1,1,both_correct
2119,8,8,8,0,1,1,both_correct
2120,4,4,4,0,1,1,both_correct
2121,8,8,8,0,1,1,both_correct
2122,2,2,2,0,1,1,both_correct
2123,7,7,7,0,1,1,both_correct
2124,4,4,4,0,1,1,both_correct
2125,5,5,5,0,1,1,both_correct
2126,2,2,2,0,1,1,both_correct
2127,0,0,0,0,1,1,both_correct
2128,3,3,3,0,1,1,both_correct
2129,9,8,8,0,0,0,both_wrong_same_prediction
2130,4,4,4,0,1,1,both_correct
2131,6,6,6,0,1,1,both_correct
2132,7,7,7,0,1,1,both_correct
2133,2,2,2,0,1,1,both_correct
2134,5,5,5,0,1,1,both_correct
2135,6,1,1,0,0,0,both_wrong_same_prediction
2136,1,1,1,0,1,1,both_correct
2137,1,1,1,0,1,1,both_correct
2138,2,2,2,0,1,1,both_correct
2139,3,3,3,0,1,1,both_correct
2140,6,6,6,0,1,1,both_correct
2141,7,7,7,0,1,1,both_correct
2142,8,8,8,0,1,1,both_correct
2143,7,2,7,1,0,1,resize_only_correct
2144,6,6,6,0,1,1,both_correct
2145,4,4,4,0,1,1,both_correct
2146,8,8,8,0,1,1,both_correct
2147,9,9,9,0,1,1,both_correct
2148,4,4,4,0,1,1,both_correct
2149,8,8,8,0,1,1,both_correct
2150,6,6,6,0,1,1,both_correct
2151,3,3,3,0,1,1,both_correct
2152,8,8,8,0,1,1,both_correct
2153,3,3,3,0,1,1,both_correct
2154,1,1,1,0,1,1,both_correct
2155,0,0,0,0,1,1,both_correct
2156,6,6,6,0,1,1,both_correct
2157,2,2,2,0,1,1,both_correct
2158,2,2,2,0,1,1,both_correct
2159,5,5,5,0,1,1,both_correct
2160,6,6,6,0,1,1,both_correct
2161,9,9,9,0,1,1,both_correct
2162,5,5,5,0,1,1,both_correct
2163,8,8,8,0,1,1,both_correct
2164,1,1,1,0,1,1,both_correct
2165,4,4,4,0,1,1,both_correct
2166,1,1,1,0,1,1,both_correct
2167,7,7,7,0,1,1,both_correct
2168,8,8,8,0,1,1,both_correct
2169,4,4,4,0,1,1,both_correct
2170,6,6,6,0,1,1,both_correct
2171,1,1,1,0,1,1,both_correct
2172,8,8,8,0,1,1,both_correct
2173,4,4,4,0,1,1,both_correct
2174,3,3,3,0,1,1,both_correct
2175,1,1,1,0,1,1,both_correct
2176,2,2,2,0,1,1,both_correct
2177,8,8,8,0,1,1,both_correct
2178,0,0,0,0,1,1,both_correct
2179,8,8,8,0,1,1,both_correct
2180,5,5,5,0,1,1,both_correct
2181,9,9,9,0,1,1,both_correct
2182,1,1,1,0,1,1,both_correct
2183,4,4,4,0,1,1,both_correct
2184,2,2,2,0,1,1,both_correct
2185,0,0,5,1,1,0,pad_only_correct
2186,2,2,2,0,1,1,both_correct
2187,7,7,7,0,1,1,both_correct
2188,0,0,0,0,1,1,both_correct
2189,9,9,1,1,1,0,pad_only_correct
2190,0,0,0,0,1,1,both_correct
2191,2,2,2,0,1,1,both_correct
2192,5,5,5,0,1,1,both_correct
2193,7,7,7,0,1,1,both_correct
2194,6,6,6,0,1,1,both_correct
2195,7,2,2,0,0,0,both_wrong_same_prediction
2196,9,9,9,0,1,1,both_correct
2197,4,4,4,0,1,1,both_correct
2198,2,2,2,0,1,1,both_correct
2199,6,6,6,0,1,1,both_correct
2200,2,2,2,0,1,1,both_correct
2201,4,4,4,0,1,1,both_correct
2202,4,4,4,0,1,1,both_correct
2203,8,8,8,0,1,1,both_correct
2204,0,0,0,0,1,1,both_correct
2205,4,4,4,0,1,1,both_correct
2206,4,4,4,0,1,1,both_correct
2207,5,5,5,0,1,1,both_correct
2208,8,8,8,0,1,1,both_correct
2209,0,0,0,0,1,1,both_correct
2210,6,6,6,0,1,1,both_correct
2211,8,8,8,0,1,1,both_correct
2212,9,9,9,0,1,1,both_correct
2213,8,8,8,0,1,1,both_correct
2214,5,5,5,0,1,1,both_correct
2215,6,6,6,0,1,1,both_correct
2216,9,9,9,0,1,1,both_correct
2217,0,0,0,0,1,1,both_correct
2218,4,4,4,0,1,1,both_correct
2219,8,8,8,0,1,1,both_correct
2220,7,7,7,0,1,1,both_correct
2221,1,1,1,0,1,1,both_correct
2222,3,3,3,0,1,1,both_correct
2223,4,4,4,0,1,1,both_correct
2224,5,5,5,0,1,1,both_correct
2225,8,3,8,1,0,1,resize_only_correct
2226,0,0,0,0,1,1,both_correct
2227,9,9,9,0,1,1,both_correct
2228,1,1,1,0,1,1,both_correct
2229,3,3,3,0,1,1,both_correct
2230,3,3,3,0,1,1,both_correct
2231,6,6,6,0,1,1,both_correct
2232,9,9,9,0,1,1,both_correct
2233,8,8,8,0,1,1,both_correct
2234,7,7,7,0,1,1,both_correct
2235,1,1,1,0,1,1,both_correct
2236,0,0,0,0,1,1,both_correct
2237,5,5,5,0,1,1,both_correct
2238,7,7,7,0,1,1,both_correct
2239,1,1,1,0,1,1,both_correct
2240,7,7,7,0,1,1,both_correct
2241,5,5,5,0,1,1,both_correct
2242,2,2,2,0,1,1,both_correct
2243,7,7,7,0,1,1,both_correct
2244,9,9,9,0,1,1,both_correct
2245,1,1,1,0,1,1,both_correct
2246,8,8,8,0,1,1,both_correct
2247,5,5,5,0,1,1,both_correct
2248,2,2,2,0,1,1,both_correct
2249,4,4,4,0,1,1,both_correct
2250,9,9,9,0,1,1,both_correct
2251,4,4,4,0,1,1,both_correct
2252,7,7,7,0,1,1,both_correct
2253,2,2,2,0,1,1,both_correct
2254,2,2,2,0,1,1,both_correct
2255,3,3,3,0,1,1,both_correct
2256,4,4,4,0,1,1,both_correct
2257,9,9,9,0,1,1,both_correct
2258,1,1,1,0,1,1,both_correct
2259,9,9,9,0,1,1,both_correct
2260,2,2,2,0,1,1,both_correct
2261,1,1,1,0,1,1,both_correct
2262,7,7,7,0,1,1,both_correct
2263,9,9,9,0,1,1,both_correct
2264,4,4,4,0,1,1,both_correct
2265,4,4,4,0,1,1,both_correct
2266,1,1,1,0,1,1,both_correct
2267,6,6,6,0,1,1,both_correct
2268,7,7,7,0,1,1,both_correct
2269,2,2,2,0,1,1,both_correct
2270,7,7,7,0,1,1,both_correct
2271,8,8,8,0,1,1,both_correct
2272,8,8,8,0,1,1,both_correct
2273,1,1,1,0,1,1,both_correct
2274,9,9,9,0,1,1,both_correct
2275,7,7,7,0,1,1,both_correct
2276,1,1,1,0,1,1,both_correct
2277,1,1,1,0,1,1,both_correct
2278,7,7,7,0,1,1,both_correct
2279,5,5,5,0,1,1,both_correct
2280,3,3,3,0,1,1,both_correct
2281,3,3,3,0,1,1,both_correct
2282,5,5,5,0,1,1,both_correct
2283,1,1,1,0,1,1,both_correct
2284,3,3,3,0,1,1,both_correct
2285,7,7,7,0,1,1,both_correct
2286,6,6,6,0,1,1,both_correct
2287,1,1,1,0,1,1,both_correct
2288,3,3,3,0,1,1,both_correct
2289,8,8,8,0,1,1,both_correct
2290,7,7,7,0,1,1,both_correct
2291,5,5,5,0,1,1,both_correct
2292,9,9,9,0,1,1,both_correct
2293,9,9,9,0,1,1,both_correct
2294,0,0,0,0,1,1,both_correct
2295,0,0,0,0,1,1,both_correct
2296,2,2,2,0,1,1,both_correct
2297,8,8,8,0,1,1,both_correct
2298,8,8,8,0,1,1,both_correct
2299,2,2,2,0,1,1,both_correct
2300,3,3,3,0,1,1,both_correct
2301,7,7,7,0,1,1,both_correct
2302,1,1,1,0,1,1,both_correct
2303,3,3,3,0,1,1,both_correct
2304,0,0,0,0,1,1,both_correct
2305,3,3,3,0,1,1,both_correct
2306,4,4,4,0,1,1,both_correct
2307,4,4,4,0,1,1,both_correct
2308,3,3,3,0,1,1,both_correct
2309,8,8,8,0,1,1,both_correct
2310,9,9,9,0,1,1,both_correct
2311,2,2,2,0,1,1,both_correct
2312,3,3,3,0,1,1,both_correct
2313,9,9,9,0,1,1,both_correct
2314,7,3,7,1,0,1,resize_only_correct
2315,1,1,1,0,1,1,both_correct
2316,1,1,1,0,1,1,both_correct
2317,7,7,7,0,1,1,both_correct
2318,0,0,0,0,1,1,both_correct
2319,4,4,4,0,1,1,both_correct
2320,9,9,9,0,1,1,both_correct
2321,6,6,6,0,1,1,both_correct
2322,5,5,5,0,1,1,both_correct
2323,9,9,9,0,1,1,both_correct
2324,1,1,1,0,1,1,both_correct
2325,7,7,7,0,1,1,both_correct
2326,0,6,0,1,0,1,resize_only_correct
2327,2,2,2,0,1,1,both_correct
2328,0,0,0,0,1,1,both_correct
2329,0,0,0,0,1,1,both_correct
2330,4,4,4,0,1,1,both_correct
2331,6,6,6,0,1,1,both_correct
2332,7,7,7,0,1,1,both_correct
2333,0,0,0,0,1,1,both_correct
2334,7,7,7,0,1,1,both_correct
2335,1,1,1,0,1,1,both_correct
2336,4,4,4,0,1,1,both_correct
2337,6,6,6,0,1,1,both_correct
2338,4,4,4,0,1,1,both_correct
2339,5,5,5,0,1,1,both_correct
2340,4,4,4,0,1,1,both_correct
2341,9,9,9,0,1,1,both_correct
2342,9,9,9,0,1,1,both_correct
2343,1,1,1,0,1,1,both_correct
2344,7,7,7,0,1,1,both_correct
2345,9,9,9,0,1,1,both_correct
2346,5,5,5,0,1,1,both_correct
2347,3,3,3,0,1,1,both_correct
2348,3,3,3,0,1,1,both_correct
2349,8,8,8,0,1,1,both_correct
2350,2,2,2,0,1,1,both_correct
2351,3,3,3,0,1,1,both_correct
2352,6,6,6,0,1,1,both_correct
2353,2,2,2,0,1,1,both_correct
2354,2,2,2,0,1,1,both_correct
2355,1,1,1,0,1,1,both_correct
2356,1,1,1,0,1,1,both_correct
2357,1,1,1,0,1,1,both_correct
2358,1,1,1,0,1,1,both_correct
2359,1,1,1,0,1,1,both_correct
2360,6,6,6,0,1,1,both_correct
2361,9,4,9,1,0,1,resize_only_correct
2362,8,8,8,0,1,1,both_correct
2363,4,4,4,0,1,1,both_correct
2364,3,3,3,0,1,1,both_correct
2365,7,7,7,0,1,1,both_correct
2366,1,1,1,0,1,1,both_correct
2367,6,6,6,0,1,1,both_correct
2368,4,4,4,0,1,1,both_correct
2369,5,3,5,1,0,1,resize_only_correct
2370,0,0,0,0,1,1,both_correct
2371,4,4,4,0,1,1,both_correct
2372,7,7,7,0,1,1,both_correct
2373,4,4,4,0,1,1,both_correct
2374,2,2,2,0,1,1,both_correct
2375,4,4,4,0,1,1,both_correct
2376,0,0,0,0,1,1,both_correct
2377,7,7,7,0,1,1,both_correct
2378,0,0,0,0,1,1,both_correct
2379,1,1,1,0,1,1,both_correct
2380,9,9,9,0,1,1,both_correct
2381,8,8,8,0,1,1,both_correct
2382,8,8,8,0,1,1,both_correct
2383,6,6,6,0,1,1,both_correct
2384,0,0,0,0,1,1,both_correct
2385,0,0,0,0,1,1,both_correct
2386,4,4,4,0,1,1,both_correct
2387,9,1,1,0,0,0,both_wrong_same_prediction
2388,6,6,6,0,1,1,both_correct
2389,8,8,8,0,1,1,both_correct
2390,2,2,2,0,1,1,both_correct
2391,2,2,2,0,1,1,both_correct
2392,3,3,3,0,1,1,both_correct
2393,8,8,8,0,1,1,both_correct
2394,4,4,4,0,1,1,both_correct
2395,8,8,8,0,1,1,both_correct
2396,2,2,2,0,1,1,both_correct
2397,2,2,2,0,1,1,both_correct
2398,1,1,1,0,1,1,both_correct
2399,7,7,7,0,1,1,both_correct
2400,5,5,5,0,1,1,both_correct
2401,4,4,4,0,1,1,both_correct
2402,4,4,4,0,1,1,both_correct
2403,0,0,0,0,1,1,both_correct
2404,4,4,4,0,1,1,both_correct
2405,3,2,2,0,0,0,both_wrong_same_prediction
2406,9,1,9,1,0,1,resize_only_correct
2407,7,7,7,0,1,1,both_correct
2408,3,3,3,0,1,1,both_correct
2409,1,1,1,0,1,1,both_correct
2410,0,0,0,0,1,1,both_correct
2411,1,1,1,0,1,1,both_correct
2412,2,2,2,0,1,1,both_correct
2413,5,5,5,0,1,1,both_correct
2414,9,9,4,1,1,0,pad_only_correct
2415,2,2,2,0,1,1,both_correct
2416,1,1,1,0,1,1,both_correct
2417,0,0,0,0,1,1,both_correct
2418,1,1,1,0,1,1,both_correct
2419,8,8,8,0,1,1,both_correct
2420,9,9,9,0,1,1,both_correct
2421,1,1,1,0,1,1,both_correct
2422,6,4,4,0,0,0,both_wrong_same_prediction
2423,8,8,8,0,1,1,both_correct
2424,3,3,3,0,1,1,both_correct
2425,8,8,8,0,1,1,both_correct
2426,9,9,9,0,1,1,both_correct
2427,3,3,3,0,1,1,both_correct
2428,6,6,6,0,1,1,both_correct
2429,2,2,2,0,1,1,both_correct
2430,8,8,8,0,1,1,both_correct
2431,3,3,3,0,1,1,both_correct
2432,2,2,2,0,1,1,both_correct
2433,2,2,2,0,1,1,both_correct
2434,1,1,1,0,1,1,both_correct
2435,0,0,0,0,1,1,both_correct
2436,4,4,4,0,1,1,both_correct
2437,2,2,2,0,1,1,both_correct
2438,9,9,9,0,1,1,both_correct
2439,2,2,2,0,1,1,both_correct
2440,4,4,4,0,1,1,both_correct
2441,3,3,3,0,1,1,both_correct
2442,7,7,7,0,1,1,both_correct
2443,9,9,9,0,1,1,both_correct
2444,1,1,1,0,1,1,both_correct
2445,5,5,5,0,1,1,both_correct
2446,2,2,2,0,1,1,both_correct
2447,4,9,9,0,0,0,both_wrong_same_prediction
2448,9,9,9,0,1,1,both_correct
2449,0,0,0,0,1,1,both_correct
2450,3,3,3,0,1,1,both_correct
2451,8,8,8,0,1,1,both_correct
2452,5,5,5,0,1,1,both_correct
2453,3,3,3,0,1,1,both_correct
2454,6,6,6,0,1,1,both_correct
2455,0,0,0,0,1,1,both_correct
2456,9,9,9,0,1,1,both_correct
2457,4,4,4,0,1,1,both_correct
2458,6,6,6,0,1,1,both_correct
2459,2,2,2,0,1,1,both_correct
2460,5,5,5,0,1,1,both_correct
2461,0,0,0,0,1,1,both_correct
2462,2,0,2,1,0,1,resize_only_correct
2463,7,7,7,0,1,1,both_correct
2464,4,4,4,0,1,1,both_correct
2465,6,6,6,0,1,1,both_correct
2466,6,6,6,0,1,1,both_correct
2467,8,8,8,0,1,1,both_correct
2468,6,6,6,0,1,1,both_correct
2469,6,6,6,0,1,1,both_correct
2470,8,8,8,0,1,1,both_correct
2471,6,6,6,0,1,1,both_correct
2472,9,9,9,0,1,1,both_correct
2473,1,1,1,0,1,1,both_correct
2474,7,7,7,0,1,1,both_correct
2475,2,2,2,0,1,1,both_correct
2476,5,5,5,0,1,1,both_correct
2477,9,9,9,0,1,1,both_correct
2478,9,9,9,0,1,1,both_correct
2479,0,0,0,0,1,1,both_correct
2480,7,7,7,0,1,1,both_correct
2481,2,2,2,0,1,1,both_correct
2482,7,7,7,0,1,1,both_correct
2483,6,6,6,0,1,1,both_correct
2484,7,7,7,0,1,1,both_correct
2485,0,0,0,0,1,1,both_correct
2486,6,6,6,0,1,1,both_correct
2487,5,5,5,0,1,1,both_correct
2488,2,2,8,1,1,0,pad_only_correct
2489,4,4,4,0,1,1,both_correct
2490,7,7,7,0,1,1,both_correct
2491,2,2,2,0,1,1,both_correct
2492,0,0,0,0,1,1,both_correct
2493,9,9,9,0,1,1,both_correct
2494,9,9,9,0,1,1,both_correct
2495,2,2,2,0,1,1,both_correct
2496,2,2,2,0,1,1,both_correct
2497,9,9,9,0,1,1,both_correct
2498,4,4,4,0,1,1,both_correct
2499,4,4,4,0,1,1,both_correct
2500,2,2,2,0,1,1,both_correct
2501,3,3,3,0,1,1,both_correct
2502,3,3,3,0,1,1,both_correct
2503,2,2,2,0,1,1,both_correct
2504,1,1,1,0,1,1,both_correct
2505,7,7,7,0,1,1,both_correct
2506,0,0,0,0,1,1,both_correct
2507,7,7,7,0,1,1,both_correct
2508,6,6,6,0,1,1,both_correct
2509,4,4,4,0,1,1,both_correct
2510,1,1,1,0,1,1,both_correct
2511,3,3,3,0,1,1,both_correct
2512,8,8,8,0,1,1,both_correct
2513,7,7,7,0,1,1,both_correct
2514,4,4,4,0,1,1,both_correct
2515,5,5,5,0,1,1,both_correct
2516,9,9,9,0,1,1,both_correct
2517,2,2,2,0,1,1,both_correct
2518,5,5,5,0,1,1,both_correct
2519,1,1,1,0,1,1,both_correct
2520,8,8,8,0,1,1,both_correct
2521,7,7,7,0,1,1,both_correct
2522,3,3,3,0,1,1,both_correct
2523,7,7,7,0,1,1,both_correct
2524,1,1,1,0,1,1,both_correct
2525,5,5,5,0,1,1,both_correct
2526,5,5,5,0,1,1,both_correct
2527,0,0,0,0,1,1,both_correct
2528,9,9,9,0,1,1,both_correct
2529,1,1,1,0,1,1,both_correct
2530,4,4,4,0,1,1,both_correct
2531,0,0,0,0,1,1,both_correct
2532,6,5,5,0,0,0,both_wrong_same_prediction
2533,3,3,3,0,1,1,both_correct
2534,3,3,3,0,1,1,both_correct
2535,6,6,6,0,1,1,both_correct
2536,0,0,0,0,1,1,both_correct
2537,4,4,4,0,1,1,both_correct
2538,9,9,9,0,1,1,both_correct
2539,7,7,7,0,1,1,both_correct
2540,5,5,5,0,1,1,both_correct
2541,1,1,1,0,1,1,both_correct
2542,6,6,6,0,1,1,both_correct
2543,8,8,8,0,1,1,both_correct
2544,9,9,9,0,1,1,both_correct
2545,5,5,5,0,1,1,both_correct
2546,5,5,5,0,1,1,both_correct
2547,7,7,7,0,1,1,both_correct
2548,9,9,9,0,1,1,both_correct
2549,3,3,3,0,1,1,both_correct
2550,8,8,8,0,1,1,both_correct
2551,3,3,3,0,1,1,both_correct
2552,8,8,8,0,1,1,both_correct
2553,1,1,1,0,1,1,both_correct
2554,5,5,5,0,1,1,both_correct
2555,3,3,3,0,1,1,both_correct
2556,5,5,5,0,1,1,both_correct
2557,0,0,0,0,1,1,both_correct
2558,5,5,5,0,1,1,both_correct
2559,5,5,5,0,1,1,both_correct
2560,3,3,3,0,1,1,both_correct
2561,8,8,8,0,1,1,both_correct
2562,6,6,6,0,1,1,both_correct
2563,7,7,7,0,1,1,both_correct
2564,7,7,7,0,1,1,both_correct
2565,7,7,7,0,1,1,both_correct
2566,3,3,3,0,1,1,both_correct
2567,7,7,7,0,1,1,both_correct
2568,0,0,0,0,1,1,both_correct
2569,5,5,5,0,1,1,both_correct
2570,9,9,9,0,1,1,both_correct
2571,0,0,0,0,1,1,both_correct
2572,2,2,2,0,1,1,both_correct
2573,5,5,5,0,1,1,both_correct
2574,5,5,5,0,1,1,both_correct
2575,3,3,3,0,1,1,both_correct
2576,1,1,1,0,1,1,both_correct
2577,7,7,7,0,1,1,both_correct
2578,7,7,7,0,1,1,both_correct
2579,8,8,8,0,1,1,both_correct
2580,6,6,6,0,1,1,both_correct
2581,5,5,5,0,1,1,both_correct
2582,9,3,3,0,0,0,both_wrong_same_prediction
2583,3,3,3,0,1,1,both_correct
2584,8,8,8,0,1,1,both_correct
2585,9,9,9,0,1,1,both_correct
2586,5,5,5,0,1,1,both_correct
2587,3,3,3,0,1,1,both_correct
2588,7,7,7,0,1,1,both_correct
2589,9,9,9,0,1,1,both_correct
2590,1,1,1,0,1,1,both_correct
2591,7,7,7,0,1,1,both_correct
2592,0,0,0,0,1,1,both_correct
2593,0,0,0,0,1,1,both_correct
2594,3,3,3,0,1,1,both_correct
2595,7,7,7,0,1,1,both_correct
2596,2,2,2,0,1,1,both_correct
2597,5,3,3,0,0,0,both_wrong_same_prediction
2598,8,8,8,0,1,1,both_correct
2599,1,1,1,0,1,1,both_correct
2600,8,8,8,0,1,1,both_correct
2601,6,6,6,0,1,1,both_correct
2602,2,2,2,0,1,1,both_correct
2603,9,9,9,0,1,1,both_correct
2604,5,5,5,0,1,1,both_correct
2605,7,7,7,0,1,1,both_correct
2606,5,5,5,0,1,1,both_correct
2607,7,7,7,0,1,1,both_correct
2608,8,8,8,0,1,1,both_correct
2609,6,6,6,0,1,1,both_correct
2610,2,2,2,0,1,1,both_correct
2611,5,5,5,0,1,1,both_correct
2612,1,1,1,0,1,1,both_correct
2613,4,4,4,0,1,1,both_correct
2614,8,8,8,0,1,1,both_correct
2615,4,4,4,0,1,1,both_correct
2616,5,5,5,0,1,1,both_correct
2617,8,8,8,0,1,1,both_correct
2618,3,3,3,0,1,1,both_correct
2619,0,0,0,0,1,1,both_correct
2620,6,6,6,0,1,1,both_correct
2621,2,2,2,0,1,1,both_correct
2622,7,7,7,0,1,1,both_correct
2623,3,3,3,0,1,1,both_correct
2624,3,3,3,0,1,1,both_correct
2625,2,2,2,0,1,1,both_correct
2626,1,1,1,0,1,1,both_correct
2627,0,0,0,0,1,1,both_correct
2628,7,7,7,0,1,1,both_correct
2629,3,3,3,0,1,1,both_correct
2630,4,4,4,0,1,1,both_correct
2631,0,0,0,0,1,1,both_correct
2632,3,3,3,0,1,1,both_correct
2633,9,9,9,0,1,1,both_correct
2634,3,3,3,0,1,1,both_correct
2635,2,2,2,0,1,1,both_correct
2636,8,8,8,0,1,1,both_correct
2637,9,9,9,0,1,1,both_correct
2638,0,0,0,0,1,1,both_correct
2639,3,3,3,0,1,1,both_correct
2640,8,8,8,0,1,1,both_correct
2641,0,0,0,0,1,1,both_correct
2642,7,7,7,0,1,1,both_correct
2643,6,6,6,0,1,1,both_correct
2644,5,5,5,0,1,1,both_correct
2645,4,4,4,0,1,1,both_correct
2646,7,7,7,0,1,1,both_correct
2647,3,3,3,0,1,1,both_correct
2648,9,0,3,1,0,0,both_wrong_changed
2649,0,0,0,0,1,1,both_correct
2650,8,8,8,0,1,1,both_correct
2651,6,6,6,0,1,1,both_correct
2652,2,2,2,0,1,1,both_correct
2653,5,5,5,0,1,1,both_correct
2654,6,1,1,0,0,0,both_wrong_same_prediction
2655,1,1,1,0,1,1,both_correct
2656,0,0,0,0,1,1,both_correct
2657,0,0,0,0,1,1,both_correct
2658,4,4,4,0,1,1,both_correct
2659,4,4,4,0,1,1,both_correct
2660,0,0,0,0,1,1,both_correct
2661,1,1,1,0,1,1,both_correct
2662,2,2,2,0,1,1,both_correct
2663,3,3,3,0,1,1,both_correct
2664,2,2,2,0,1,1,both_correct
2665,7,7,7,0,1,1,both_correct
2666,7,7,7,0,1,1,both_correct
2667,8,8,8,0,1,1,both_correct
2668,5,5,5,0,1,1,both_correct
2669,2,2,2,0,1,1,both_correct
2670,5,5,5,0,1,1,both_correct
2671,7,7,7,0,1,1,both_correct
2672,6,6,6,0,1,1,both_correct
2673,9,9,9,0,1,1,both_correct
2674,1,1,1,0,1,1,both_correct
2675,4,4,4,0,1,1,both_correct
2676,1,1,1,0,1,1,both_correct
2677,6,6,6,0,1,1,both_correct
2678,4,4,4,0,1,1,both_correct
2679,2,2,2,0,1,1,both_correct
2680,4,4,4,0,1,1,both_correct
2681,3,3,3,0,1,1,both_correct
2682,5,5,5,0,1,1,both_correct
2683,4,4,4,0,1,1,both_correct
2684,3,3,3,0,1,1,both_correct
2685,9,9,9,0,1,1,both_correct
2686,5,5,5,0,1,1,both_correct
2687,0,0,0,0,1,1,both_correct
2688,1,1,1,0,1,1,both_correct
2689,5,3,5,1,0,1,resize_only_correct
2690,3,3,3,0,1,1,both_correct
2691,8,8,8,0,1,1,both_correct
2692,9,9,9,0,1,1,both_correct
2693,1,1,1,0,1,1,both_correct
2694,9,9,9,0,1,1,both_correct
2695,7,5,5,0,0,0,both_wrong_same_prediction
2696,9,9,9,0,1,1,both_correct
2697,5,5,5,0,1,1,both_correct
2698,5,5,5,0,1,1,both_correct
2699,2,2,2,0,1,1,both_correct
2700,7,7,7,0,1,1,both_correct
2701,4,4,4,0,1,1,both_correct
2702,6,6,6,0,1,1,both_correct
2703,0,0,0,0,1,1,both_correct
2704,1,1,1,0,1,1,both_correct
2705,1,1,1,0,1,1,both_correct
2706,1,1,1,0,1,1,both_correct
2707,0,0,0,0,1,1,both_correct
2708,4,4,4,0,1,1,both_correct
2709,4,4,4,0,1,1,both_correct
2710,7,7,7,0,1,1,both_correct
2711,6,6,6,0,1,1,both_correct
2712,3,3,3,0,1,1,both_correct
2713,0,0,0,0,1,1,both_correct
2714,0,0,0,0,1,1,both_correct
2715,4,4,4,0,1,1,both_correct
2716,3,3,3,0,1,1,both_correct
2717,0,0,0,0,1,1,both_correct
2718,6,6,6,0,1,1,both_correct
2719,1,1,1,0,1,1,both_correct
2720,9,9,4,1,1,0,pad_only_correct
2721,6,5,6,1,0,1,resize_only_correct
2722,1,1,1,0,1,1,both_correct
2723,3,3,3,0,1,1,both_correct
2724,8,8,8,0,1,1,both_correct
2725,1,1,1,0,1,1,both_correct
2726,2,2,2,0,1,1,both_correct
2727,5,5,5,0,1,1,both_correct
2728,6,6,6,0,1,1,both_correct
2729,2,2,2,0,1,1,both_correct
2730,7,7,7,0,1,1,both_correct
2731,3,3,3,0,1,1,both_correct
2732,6,6,6,0,1,1,both_correct
2733,0,0,0,0,1,1,both_correct
2734,1,1,1,0,1,1,both_correct
2735,9,9,9,0,1,1,both_correct
2736,7,7,7,0,1,1,both_correct
2737,6,6,6,0,1,1,both_correct
2738,6,6,6,0,1,1,both_correct
2739,8,8,8,0,1,1,both_correct
2740,9,9,9,0,1,1,both_correct
2741,2,2,2,0,1,1,both_correct
2742,9,3,9,1,0,1,resize_only_correct
2743,5,5,5,0,1,1,both_correct
2744,8,8,8,0,1,1,both_correct
2745,3,3,3,0,1,1,both_correct
2746,1,1,1,0,1,1,both_correct
2747,0,0,0,0,1,1,both_correct
2748,0,0,0,0,1,1,both_correct
2749,7,7,7,0,1,1,both_correct
2750,6,6,6,0,1,1,both_correct
2751,6,6,6,0,1,1,both_correct
2752,2,2,2,0,1,1,both_correct
2753,1,1,1,0,1,1,both_correct
2754,6,6,6,0,1,1,both_correct
2755,9,9,9,0,1,1,both_correct
2756,3,3,3,0,1,1,both_correct
2757,1,1,1,0,1,1,both_correct
2758,8,8,8,0,1,1,both_correct
2759,6,6,6,0,1,1,both_correct
2760,9,4,9,1,0,1,resize_only_correct
2761,0,0,0,0,1,1,both_correct
2762,6,6,6,0,1,1,both_correct
2763,0,0,0,0,1,1,both_correct
2764,0,0,0,0,1,1,both_correct
2765,0,0,0,0,1,1,both_correct
2766,6,6,6,0,1,1,both_correct
2767,3,3,3,0,1,1,both_correct
2768,5,5,5,0,1,1,both_correct
2769,9,9,9,0,1,1,both_correct
2770,3,7,3,1,0,1,resize_only_correct
2771,4,4,4,0,1,1,both_correct
2772,5,5,5,0,1,1,both_correct
2773,5,5,5,0,1,1,both_correct
2774,8,8,8,0,1,1,both_correct
2775,5,5,5,0,1,1,both_correct
2776,3,3,3,0,1,1,both_correct
2777,0,0,0,0,1,1,both_correct
2778,4,4,4,0,1,1,both_correct
2779,0,0,0,0,1,1,both_correct
2780,2,2,2,0,1,1,both_correct
2781,9,9,9,0,1,1,both_correct
2782,6,6,6,0,1,1,both_correct
2783,8,8,8,0,1,1,both_correct
2784,2,2,2,0,1,1,both_correct
2785,3,3,3,0,1,1,both_correct
2786,1,1,1,0,1,1,both_correct
2787,2,2,2,0,1,1,both_correct
2788,1,1,1,0,1,1,both_correct
2789,1,1,1,0,1,1,both_correct
2790,5,5,5,0,1,1,both_correct
2791,6,6,6,0,1,1,both_correct
2792,9,9,9,0,1,1,both_correct
2793,8,8,8,0,1,1,both_correct
2794,0,0,0,0,1,1,both_correct
2795,6,6,6,0,1,1,both_correct
2796,6,6,6,0,1,1,both_correct
2797,5,5,5,0,1,1,both_correct
2798,5,5,5,0,1,1,both_correct
2799,3,3,3,0,1,1,both_correct
2800,8,8,8,0,1,1,both_correct
2801,6,6,6,0,1,1,both_correct
2802,2,2,2,0,1,1,both_correct
2803,1,1,1,0,1,1,both_correct
2804,4,4,4,0,1,1,both_correct
2805,5,5,5,0,1,1,both_correct
2806,4,4,4,0,1,1,both_correct
2807,3,3,3,0,1,1,both_correct
2808,7,7,7,0,1,1,both_correct
2809,8,8,8,0,1,1,both_correct
2810,5,3,5,1,0,1,resize_only_correct
2811,0,0,0,0,1,1,both_correct
2812,9,9,9,0,1,1,both_correct
2813,3,3,3,0,1,1,both_correct
2814,5,5,5,0,1,1,both_correct
2815,1,1,1,0,1,1,both_correct
2816,1,1,1,0,1,1,both_correct
2817,0,0,0,0,1,1,both_correct
2818,4,4,4,0,1,1,both_correct
2819,4,4,4,0,1,1,both_correct
2820,7,7,7,0,1,1,both_correct
2821,0,0,0,0,1,1,both_correct
2822,1,1,1,0,1,1,both_correct
2823,7,7,7,0,1,1,both_correct
2824,0,0,0,0,1,1,both_correct
2825,1,1,1,0,1,1,both_correct
2826,6,6,6,0,1,1,both_correct
2827,1,1,1,0,1,1,both_correct
2828,4,4,4,0,1,1,both_correct
2829,5,5,5,0,1,1,both_correct
2830,6,6,6,0,1,1,both_correct
2831,6,6,6,0,1,1,both_correct
2832,5,5,5,0,1,1,both_correct
2833,7,7,7,0,1,1,both_correct
2834,8,8,8,0,1,1,both_correct
2835,4,4,4,0,1,1,both_correct
2836,4,4,4,0,1,1,both_correct
2837,7,7,7,0,1,1,both_correct
2838,2,2,2,0,1,1,both_correct
2839,5,5,5,0,1,1,both_correct
2840,3,3,3,0,1,1,both_correct
2841,7,7,7,0,1,1,both_correct
2842,0,0,0,0,1,1,both_correct
2843,7,3,7,1,0,1,resize_only_correct
2844,7,7,7,0,1,1,both_correct
2845,9,9,9,0,1,1,both_correct
2846,6,6,6,0,1,1,both_correct
2847,4,4,4,0,1,1,both_correct
2848,2,2,2,0,1,1,both_correct
2849,8,8,8,0,1,1,both_correct
2850,5,5,5,0,1,1,both_correct
2851,7,7,7,0,1,1,both_correct
2852,8,8,8,0,1,1,both_correct
2853,3,3,3,0,1,1,both_correct
2854,9,9,9,0,1,1,both_correct
2855,5,5,5,0,1,1,both_correct
2856,8,8,8,0,1,1,both_correct
2857,9,9,9,0,1,1,both_correct
2858,9,9,9,0,1,1,both_correct
2859,8,8,8,0,1,1,both_correct
2860,6,5,6,1,0,1,resize_only_correct
2861,2,2,2,0,1,1,both_correct
2862,8,8,8,0,1,1,both_correct
2863,9,9,9,0,1,1,both_correct
2864,2,2,2,0,1,1,both_correct
2865,3,3,3,0,1,1,both_correct
2866,6,6,6,0,1,1,both_correct
2867,1,1,1,0,1,1,both_correct
2868,1,1,1,0,1,1,both_correct
2869,8,8,8,0,1,1,both_correct
2870,9,9,9,0,1,1,both_correct
2871,3,3,3,0,1,1,both_correct
2872,4,4,4,0,1,1,both_correct
2873,0,0,0,0,1,1,both_correct
2874,7,7,7,0,1,1,both_correct
2875,9,9,9,0,1,1,both_correct
2876,6,6,6,0,1,1,both_correct
2877,4,4,4,0,1,1,both_correct
2878,1,1,1,0,1,1,both_correct
2879,4,4,4,0,1,1,both_correct
2880,1,1,1,0,1,1,both_correct
2881,3,3,3,0,1,1,both_correct
2882,4,4,4,0,1,1,both_correct
2883,9,9,9,0,1,1,both_correct
2884,3,3,3,0,1,1,both_correct
2885,1,1,1,0,1,1,both_correct
2886,4,4,4,0,1,1,both_correct
2887,7,7,7,0,1,1,both_correct
2888,7,7,7,0,1,1,both_correct
2889,4,4,4,0,1,1,both_correct
2890,7,7,7,0,1,1,both_correct
2891,2,2,2,0,1,1,both_correct
2892,9,9,9,0,1,1,both_correct
2893,3,3,3,0,1,1,both_correct
2894,0,0,0,0,1,1,both_correct
2895,8,8,8,0,1,1,both_correct
2896,8,8,0,1,1,0,pad_only_correct
2897,8,8,8,0,1,1,both_correct
2898,4,4,4,0,1,1,both_correct
2899,0,0,0,0,1,1,both_correct
2900,4,4,4,0,1,1,both_correct
2901,4,4,4,0,1,1,both_correct
2902,1,1,1,0,1,1,both_correct
2903,5,5,5,0,1,1,both_correct
2904,2,2,2,0,1,1,both_correct
2905,8,8,8,0,1,1,both_correct
2906,3,3,3,0,1,1,both_correct
2907,4,4,4,0,1,1,both_correct
2908,9,9,9,0,1,1,both_correct
2909,5,5,5,0,1,1,both_correct
2910,2,2,2,0,1,1,both_correct
2911,8,8,8,0,1,1,both_correct
2912,1,1,1,0,1,1,both_correct
2913,5,5,5,0,1,1,both_correct
2914,3,3,3,0,1,1,both_correct
2915,7,7,7,0,1,1,both_correct
2916,9,9,9,0,1,1,both_correct
2917,4,4,4,0,1,1,both_correct
2918,2,2,2,0,1,1,both_correct
2919,5,5,5,0,1,1,both_correct
2920,6,6,6,0,1,1,both_correct
2921,3,8,8,0,0,0,both_wrong_same_prediction
2922,5,5,5,0,1,1,both_correct
2923,9,9,9,0,1,1,both_correct
2924,3,3,3,0,1,1,both_correct
2925,5,5,5,0,1,1,both_correct
2926,9,9,9,0,1,1,both_correct
2927,3,2,2,0,0,0,both_wrong_same_prediction
2928,1,1,1,0,1,1,both_correct
2929,9,9,9,0,1,1,both_correct
2930,5,5,5,0,1,1,both_correct
2931,3,3,3,0,1,1,both_correct
2932,0,0,0,0,1,1,both_correct
2933,6,6,6,0,1,1,both_correct
2934,9,9,9,0,1,1,both_correct
2935,8,8,8,0,1,1,both_correct
2936,4,4,4,0,1,1,both_correct
2937,0,0,0,0,1,1,both_correct
2938,4,4,4,0,1,1,both_correct
2939,9,5,5,0,0,0,both_wrong_same_prediction
2940,2,2,2,0,1,1,both_correct
2941,9,9,9,0,1,1,both_correct
2942,0,0,0,0,1,1,both_correct
2943,1,1,1,0,1,1,both_correct
2944,0,0,0,0,1,1,both_correct
2945,3,3,3,0,1,1,both_correct
2946,1,1,1,0,1,1,both_correct
2947,6,6,6,0,1,1,both_correct
2948,5,5,5,0,1,1,both_correct
2949,8,8,8,0,1,1,both_correct
2950,1,1,1,0,1,1,both_correct
2951,5,5,5,0,1,1,both_correct
2952,3,3,3,0,1,1,both_correct
2953,3,3,3,0,1,1,both_correct
2954,0,0,0,0,1,1,both_correct
2955,3,3,3,0,1,1,both_correct
2956,5,5,5,0,1,1,both_correct
2957,5,5,5,0,1,1,both_correct
2958,9,9,9,0,1,1,both_correct
2959,2,3,2,1,0,1,resize_only_correct
2960,8,8,8,0,1,1,both_correct
2961,7,2,2,0,0,0,both_wrong_same_prediction
2962,0,0,0,0,1,1,both_correct
2963,4,4,4,0,1,1,both_correct
2964,9,9,9,0,1,1,both_correct
2965,1,1,1,0,1,1,both_correct
2966,9,9,9,0,1,1,both_correct
2967,7,7,7,0,1,1,both_correct
2968,7,7,7,0,1,1,both_correct
2969,5,5,5,0,1,1,both_correct
2970,5,5,5,0,1,1,both_correct
2971,2,2,2,0,1,1,both_correct
2972,0,0,0,0,1,1,both_correct
2973,9,9,9,0,1,1,both_correct
2974,1,1,1,0,1,1,both_correct
2975,8,8,8,0,1,1,both_correct
2976,6,6,6,0,1,1,both_correct
2977,2,2,2,0,1,1,both_correct
2978,3,3,3,0,1,1,both_correct
2979,9,4,9,1,0,1,resize_only_correct
2980,6,6,6,0,1,1,both_correct
2981,2,2,2,0,1,1,both_correct
2982,1,1,1,0,1,1,both_correct
2983,9,9,9,0,1,1,both_correct
2984,1,1,1,0,1,1,both_correct
2985,3,3,3,0,1,1,both_correct
2986,5,5,5,0,1,1,both_correct
2987,5,5,5,0,1,1,both_correct
2988,0,0,0,0,1,1,both_correct
2989,3,3,3,0,1,1,both_correct
2990,8,8,8,0,1,1,both_correct
2991,3,3,3,0,1,1,both_correct
2992,3,3,3,0,1,1,both_correct
2993,7,7,7,0,1,1,both_correct
2994,6,6,6,0,1,1,both_correct
2995,6,5,5,0,0,0,both_wrong_same_prediction
2996,0,0,0,0,1,1,both_correct
2997,1,1,1,0,1,1,both_correct
2998,4,4,4,0,1,1,both_correct
2999,0,0,0,0,1,1,both_correct
3000,6,6,6,0,1,1,both_correct
3001,9,9,9,0,1,1,both_correct
3002,8,8,8,0,1,1,both_correct
3003,1,1,1,0,1,1,both_correct
3004,2,2,2,0,1,1,both_correct
3005,9,9,9,0,1,1,both_correct
3006,9,9,9,0,1,1,both_correct
3007,5,5,5,0,1,1,both_correct
3008,9,9,9,0,1,1,both_correct
3009,7,7,7,0,1,1,both_correct
3010,3,3,3,0,1,1,both_correct
3011,7,7,7,0,1,1,both_correct
3012,8,8,8,0,1,1,both_correct
3013,0,0,0,0,1,1,both_correct
3014,1,1,1,0,1,1,both_correct
3015,3,3,3,0,1,1,both_correct
3016,0,0,0,0,1,1,both_correct
3017,4,4,4,0,1,1,both_correct
3018,6,6,6,0,1,1,both_correct
3019,1,1,1,0,1,1,both_correct
3020,0,0,0,0,1,1,both_correct
3021,2,2,2,0,1,1,both_correct
3022,5,5,5,0,1,1,both_correct
3023,8,8,8,0,1,1,both_correct
3024,4,4,4,0,1,1,both_correct
3025,4,4,4,0,1,1,both_correct
3026,1,1,1,0,1,1,both_correct
3027,1,1,1,0,1,1,both_correct
3028,5,5,5,0,1,1,both_correct
3029,4,4,4,0,1,1,both_correct
3030,6,5,6,1,0,1,resize_only_correct
3031,6,6,6,0,1,1,both_correct
3032,0,0,0,0,1,1,both_correct
3033,6,6,6,0,1,1,both_correct
3034,9,9,9,0,1,1,both_correct
3035,2,2,2,0,1,1,both_correct
3036,6,6,6,0,1,1,both_correct
3037,2,2,2,0,1,1,both_correct
3038,7,7,7,0,1,1,both_correct
3039,1,1,1,0,1,1,both_correct
3040,7,7,7,0,1,1,both_correct
3041,9,9,9,0,1,1,both_correct
3042,4,4,4,0,1,1,both_correct
3043,0,0,0,0,1,1,both_correct
3044,0,0,0,0,1,1,both_correct
3045,3,3,3,0,1,1,both_correct
3046,8,8,8,0,1,1,both_correct
3047,2,2,2,0,1,1,both_correct
3048,2,2,2,0,1,1,both_correct
3049,3,3,3,0,1,1,both_correct
3050,1,1,1,0,1,1,both_correct
3051,6,6,6,0,1,1,both_correct
3052,0,0,0,0,1,1,both_correct
3053,5,5,5,0,1,1,both_correct
3054,7,7,7,0,1,1,both_correct
3055,7,7,7,0,1,1,both_correct
3056,9,9,9,0,1,1,both_correct
3057,2,2,2,0,1,1,both_correct
3058,6,6,6,0,1,1,both_correct
3059,7,7,7,0,1,1,both_correct
3060,9,3,7,1,0,0,both_wrong_changed
3061,7,7,7,0,1,1,both_correct
3062,8,2,8,1,0,1,resize_only_correct
3063,6,6,6,0,1,1,both_correct
3064,8,8,8,0,1,1,both_correct
3065,8,8,8,0,1,1,both_correct
3066,4,4,4,0,1,1,both_correct
3067,6,6,6,0,1,1,both_correct
3068,8,8,8,0,1,1,both_correct
3069,4,4,4,0,1,1,both_correct
3070,1,1,1,0,1,1,both_correct
3071,2,2,2,0,1,1,both_correct
3072,8,8,8,0,1,1,both_correct
3073,1,2,1,1,0,1,resize_only_correct
3074,3,3,3,0,1,1,both_correct
3075,9,9,9,0,1,1,both_correct
3076,4,4,4,0,1,1,both_correct
3077,0,0,0,0,1,1,both_correct
3078,3,3,3,0,1,1,both_correct
3079,7,7,7,0,1,1,both_correct
3080,3,3,3,0,1,1,both_correct
3081,2,2,2,0,1,1,both_correct
3082,3,3,3,0,1,1,both_correct
3083,3,3,3,0,1,1,both_correct
3084,7,7,7,0,1,1,both_correct
3085,3,3,3,0,1,1,both_correct
3086,4,4,4,0,1,1,both_correct
3087,0,0,0,0,1,1,both_correct
3088,6,6,6,0,1,1,both_correct
3089,2,2,2,0,1,1,both_correct
3090,0,0,0,0,1,1,both_correct
3091,8,8,8,0,1,1,both_correct
3092,1,1,1,0,1,1,both_correct
3093,5,5,5,0,1,1,both_correct
3094,3,3,3,0,1,1,both_correct
3095,5,5,5,0,1,1,both_correct
3096,4,4,4,0,1,1,both_correct
3097,1,1,1,0,1,1,both_correct
3098,7,7,7,0,1,1,both_correct
3099,1,1,1,0,1,1,both_correct
3100,5,5,5,0,1,1,both_correct
3101,7,7,7,0,1,1,both_correct
3102,5,5,5,0,1,1,both_correct
3103,7,7,7,0,1,1,both_correct
3104,3,3,3,0,1,1,both_correct
3105,2,2,2,0,1,1,both_correct
3106,2,2,2,0,1,1,both_correct
3107,7,7,7,0,1,1,both_correct
3108,3,3,3,0,1,1,both_correct
3109,7,1,7,1,0,1,resize_only_correct
3110,3,3,3,0,1,1,both_correct
3111,7,7,7,0,1,1,both_correct
3112,8,8,8,0,1,1,both_correct
3113,5,5,5,0,1,1,both_correct
3114,4,4,4,0,1,1,both_correct
3115,5,5,5,0,1,1,both_correct
3116,2,2,2,0,1,1,both_correct
3117,5,5,5,0,1,1,both_correct
3118,6,6,6,0,1,1,both_correct
3119,5,5,5,0,1,1,both_correct
3120,3,3,3,0,1,1,both_correct
3121,6,6,6,0,1,1,both_correct
3122,7,7,7,0,1,1,both_correct
3123,4,4,4,0,1,1,both_correct
3124,1,1,1,0,1,1,both_correct
3125,7,7,7,0,1,1,both_correct
3126,1,1,1,0,1,1,both_correct
3127,5,5,5,0,1,1,both_correct
3128,2,2,2,0,1,1,both_correct
3129,3,3,3,0,1,1,both_correct
3130,6,6,6,0,1,1,both_correct
3131,3,3,3,0,1,1,both_correct
3132,1,1,1,0,1,1,both_correct
3133,4,4,4,0,1,1,both_correct
3134,2,2,2,0,1,1,both_correct
3135,6,6,6,0,1,1,both_correct
3136,7,7,7,0,1,1,both_correct
3137,4,4,4,0,1,1,both_correct
3138,3,3,3,0,1,1,both_correct
3139,8,8,8,0,1,1,both_correct
3140,0,0,0,0,1,1,both_correct
3141,6,6,6,0,1,1,both_correct
3142,2,2,2,0,1,1,both_correct
3143,1,1,1,0,1,1,both_correct
3144,6,6,6,0,1,1,both_correct
3145,5,5,5,0,1,1,both_correct
3146,3,3,3,0,1,1,both_correct
3147,9,9,9,0,1,1,both_correct
3148,1,1,1,0,1,1,both_correct
3149,9,9,9,0,1,1,both_correct
3150,3,3,3,0,1,1,both_correct
3151,2,2,2,0,1,1,both_correct
3152,1,1,1,0,1,1,both_correct
3153,8,8,8,0,1,1,both_correct
3154,4,4,4,0,1,1,both_correct
3155,4,4,4,0,1,1,both_correct
3156,6,6,6,0,1,1,both_correct
3157,5,5,5,0,1,1,both_correct
3158,8,8,8,0,1,1,both_correct
3159,6,6,6,0,1,1,both_correct
3160,9,9,9,0,1,1,both_correct
3161,7,7,7,0,1,1,both_correct
3162,7,7,7,0,1,1,both_correct
3163,8,8,8,0,1,1,both_correct
3164,6,6,6,0,1,1,both_correct
3165,9,9,9,0,1,1,both_correct
3166,7,7,7,0,1,1,both_correct
3167,3,3,3,0,1,1,both_correct
3168,9,9,9,0,1,1,both_correct
3169,4,4,4,0,1,1,both_correct
3170,0,0,0,0,1,1,both_correct
3171,5,5,5,0,1,1,both_correct
3172,4,4,4,0,1,1,both_correct
3173,6,6,5,1,1,0,pad_only_correct
3174,4,4,4,0,1,1,both_correct
3175,1,1,1,0,1,1,both_correct
3176,2,2,2,0,1,1,both_correct
3177,3,3,3,0,1,1,both_correct
3178,0,0,0,0,1,1,both_correct
3179,0,0,0,0,1,1,both_correct
3180,2,2,2,0,1,1,both_correct
3181,6,6,6,0,1,1,both_correct
3182,6,6,6,0,1,1,both_correct
3183,5,5,5,0,1,1,both_correct
3184,7,7,7,0,1,1,both_correct
3185,0,0,0,0,1,1,both_correct
3186,8,8,8,0,1,1,both_correct
3187,6,6,6,0,1,1,both_correct
3188,4,4,4,0,1,1,both_correct
3189,7,3,5,1,0,0,both_wrong_changed
3190,9,9,9,0,1,1,both_correct
3191,0,0,0,0,1,1,both_correct
3192,7,7,7,0,1,1,both_correct
3193,3,3,3,0,1,1,both_correct
3194,4,4,4,0,1,1,both_correct
3195,2,2,2,0,1,1,both_correct
3196,1,1,1,0,1,1,both_correct
3197,8,8,8,0,1,1,both_correct
3198,8,8,8,0,1,1,both_correct
3199,5,5,5,0,1,1,both_correct
3200,9,9,9,0,1,1,both_correct
3201,2,2,2,0,1,1,both_correct
3202,7,7,7,0,1,1,both_correct
3203,1,1,1,0,1,1,both_correct
3204,8,8,8,0,1,1,both_correct
3205,8,8,8,0,1,1,both_correct
3206,8,8,8,0,1,1,both_correct
3207,2,2,2,0,1,1,both_correct
3208,7,7,7,0,1,1,both_correct
3209,6,6,6,0,1,1,both_correct
3210,0,0,0,0,1,1,both_correct
3211,1,1,1,0,1,1,both_correct
3212,2,2,2,0,1,1,both_correct
3213,7,7,7,0,1,1,both_correct
3214,1,1,1,0,1,1,both_correct
3215,0,0,0,0,1,1,both_correct
3216,8,8,3,1,1,0,pad_only_correct
3217,3,3,3,0,1,1,both_correct
3218,6,6,6,0,1,1,both_correct
3219,0,0,0,0,1,1,both_correct
3220,5,5,5,0,1,1,both_correct
3221,3,3,3,0,1,1,both_correct
3222,6,6,6,0,1,1,both_correct
3223,2,2,2,0,1,1,both_correct
3224,8,8,8,0,1,1,both_correct
3225,7,7,7,0,1,1,both_correct
3226,0,0,0,0,1,1,both_correct
3227,1,1,1,0,1,1,both_correct
3228,4,4,4,0,1,1,both_correct
3229,2,2,2,0,1,1,both_correct
3230,1,1,1,0,1,1,both_correct
3231,1,1,1,0,1,1,both_correct
3232,4,4,4,0,1,1,both_correct
3233,4,4,4,0,1,1,both_correct
3234,4,4,4,0,1,1,both_correct
3235,4,4,4,0,1,1,both_correct
3236,7,7,7,0,1,1,both_correct
3237,1,1,1,0,1,1,both_correct
3238,6,6,6,0,1,1,both_correct
3239,2,2,2,0,1,1,both_correct
3240,9,9,9,0,1,1,both_correct
3241,9,9,9,0,1,1,both_correct
3242,0,0,0,0,1,1,both_correct
3243,0,0,0,0,1,1,both_correct
3244,1,1,1,0,1,1,both_correct
3245,8,8,8,0,1,1,both_correct
3246,8,8,8,0,1,1,both_correct
3247,4,4,4,0,1,1,both_correct
3248,3,3,3,0,1,1,both_correct
3249,4,4,4,0,1,1,both_correct
3250,2,2,2,0,1,1,both_correct
3251,0,0,0,0,1,1,both_correct
3252,6,6,6,0,1,1,both_correct
3253,1,1,1,0,1,1,both_correct
3254,6,6,6,0,1,1,both_correct
3255,1,1,1,0,1,1,both_correct
3256,2,2,2,0,1,1,both_correct
3257,2,2,2,0,1,1,both_correct
3258,2,2,2,0,1,1,both_correct
3259,1,1,1,0,1,1,both_correct
3260,2,2,2,0,1,1,both_correct
3261,3,3,3,0,1,1,both_correct
3262,7,7,7,0,1,1,both_correct
3263,8,8,8,0,1,1,both_correct
3264,1,1,1,0,1,1,both_correct
3265,0,0,0,0,1,1,both_correct
3266,0,6,0,1,0,1,resize_only_correct
3267,2,2,2,0,1,1,both_correct
3268,1,1,1,0,1,1,both_correct
3269,6,6,6,0,1,1,both_correct
3270,6,6,6,0,1,1,both_correct
3271,0,0,0,0,1,1,both_correct
3272,1,1,1,0,1,1,both_correct
3273,6,6,6,0,1,1,both_correct
3274,2,2,2,0,1,1,both_correct
3275,5,5,5,0,1,1,both_correct
3276,1,1,1,0,1,1,both_correct
3277,7,7,7,0,1,1,both_correct
3278,4,4,4,0,1,1,both_correct
3279,8,8,8,0,1,1,both_correct
3280,2,2,2,0,1,1,both_correct
3281,1,1,1,0,1,1,both_correct
3282,4,4,4,0,1,1,both_correct
3283,3,3,3,0,1,1,both_correct
3284,8,8,8,0,1,1,both_correct
3285,3,3,3,0,1,1,both_correct
3286,9,9,9,0,1,1,both_correct
3287,9,9,9,0,1,1,both_correct
3288,4,4,4,0,1,1,both_correct
3289,8,8,8,0,1,1,both_correct
3290,3,3,3,0,1,1,both_correct
3291,4,4,4,0,1,1,both_correct
3292,7,7,7,0,1,1,both_correct
3293,2,2,2,0,1,1,both_correct
3294,7,7,7,0,1,1,both_correct
3295,5,5,5,0,1,1,both_correct
3296,7,7,7,0,1,1,both_correct
3297,0,0,0,0,1,1,both_correct
3298,4,4,4,0,1,1,both_correct
3299,3,3,3,0,1,1,both_correct
3300,3,3,3,0,1,1,both_correct
3301,2,2,2,0,1,1,both_correct
3302,6,5,5,0,0,0,both_wrong_same_prediction
3303,7,7,7,0,1,1,both_correct
3304,6,6,6,0,1,1,both_correct
3305,0,0,0,0,1,1,both_correct
3306,0,0,0,0,1,1,both_correct
3307,6,6,6,0,1,1,both_correct
3308,7,7,7,0,1,1,both_correct
3309,7,7,7,0,1,1,both_correct
3310,0,0,0,0,1,1,both_correct
3311,5,5,5,0,1,1,both_correct
3312,5,5,5,0,1,1,both_correct
3313,8,8,8,0,1,1,both_correct
3314,1,1,1,0,1,1,both_correct
3315,0,0,0,0,1,1,both_correct
3316,7,7,7,0,1,1,both_correct
3317,0,0,0,0,1,1,both_correct
3318,2,2,2,0,1,1,both_correct
3319,8,8,8,0,1,1,both_correct
3320,1,1,1,0,1,1,both_correct
3321,5,5,5,0,1,1,both_correct
3322,0,0,0,0,1,1,both_correct
3323,8,8,8,0,1,1,both_correct
3324,8,8,8,0,1,1,both_correct
3325,0,0,0,0,1,1,both_correct
3326,3,3,3,0,1,1,both_correct
3327,2,2,2,0,1,1,both_correct
3328,7,7,2,1,1,0,pad_only_correct
3329,7,2,7,1,0,1,resize_only_correct
3330,2,0,2,1,0,1,resize_only_correct
3331,6,6,6,0,1,1,both_correct
3332,4,4,4,0,1,1,both_correct
3333,7,7,7,0,1,1,both_correct
3334,5,5,5,0,1,1,both_correct
3335,5,5,5,0,1,1,both_correct
3336,5,5,5,0,1,1,both_correct
3337,2,2,2,0,1,1,both_correct
3338,9,9,9,0,1,1,both_correct
3339,2,2,2,0,1,1,both_correct
3340,8,8,8,0,1,1,both_correct
3341,4,4,4,0,1,1,both_correct
3342,6,6,6,0,1,1,both_correct
3343,8,8,8,0,1,1,both_correct
3344,6,6,6,0,1,1,both_correct
3345,5,5,5,0,1,1,both_correct
3346,0,0,0,0,1,1,both_correct
3347,0,0,0,0,1,1,both_correct
3348,8,8,8,0,1,1,both_correct
3349,7,7,7,0,1,1,both_correct
3350,6,6,6,0,1,1,both_correct
3351,1,1,1,0,1,1,both_correct
3352,7,7,7,0,1,1,both_correct
3353,1,1,1,0,1,1,both_correct
3354,1,1,1,0,1,1,both_correct
3355,2,2,2,0,1,1,both_correct
3356,7,7,7,0,1,1,both_correct
3357,4,4,4,0,1,1,both_correct
3358,0,0,0,0,1,1,both_correct
3359,0,0,0,0,1,1,both_correct
3360,7,7,7,0,1,1,both_correct
3361,7,7,7,0,1,1,both_correct
3362,6,6,6,0,1,1,both_correct
3363,3,3,3,0,1,1,both_correct
3364,8,8,8,0,1,1,both_correct
3365,6,6,6,0,1,1,both_correct
3366,4,4,4,0,1,1,both_correct
3367,2,2,2,0,1,1,both_correct
3368,0,0,0,0,1,1,both_correct
3369,9,9,9,0,1,1,both_correct
3370,4,4,4,0,1,1,both_correct
3371,0,0,0,0,1,1,both_correct
3372,5,5,5,0,1,1,both_correct
3373,7,7,7,0,1,1,both_correct
3374,8,8,8,0,1,1,both_correct
3375,2,2,2,0,1,1,both_correct
3376,7,7,7,0,1,1,both_correct
3377,4,4,4,0,1,1,both_correct
3378,7,7,7,0,1,1,both_correct
3379,1,1,1,0,1,1,both_correct
3380,1,1,1,0,1,1,both_correct
3381,3,3,3,0,1,1,both_correct
3382,6,6,6,0,1,1,both_correct
3383,6,6,6,0,1,1,both_correct
3384,2,2,2,0,1,1,both_correct
3385,9,9,9,0,1,1,both_correct
3386,1,1,1,0,1,1,both_correct
3387,9,9,9,0,1,1,both_correct
3388,4,4,4,0,1,1,both_correct
3389,8,8,8,0,1,1,both_correct
3390,3,3,3,0,1,1,both_correct
3391,6,6,6,0,1,1,both_correct
3392,9,9,9,0,1,1,both_correct
3393,5,5,5,0,1,1,both_correct
3394,9,9,9,0,1,1,both_correct
3395,6,6,6,0,1,1,both_correct
3396,2,2,2,0,1,1,both_correct
3397,4,4,4,0,1,1,both_correct
3398,6,6,6,0,1,1,both_correct
3399,7,7,7,0,1,1,both_correct
3400,7,7,7,0,1,1,both_correct
3401,0,0,0,0,1,1,both_correct
3402,6,6,6,0,1,1,both_correct
3403,6,6,6,0,1,1,both_correct
3404,9,9,9,0,1,1,both_correct
3405,4,4,4,0,1,1,both_correct
3406,8,8,8,0,1,1,both_correct
3407,3,3,3,0,1,1,both_correct
3408,5,5,5,0,1,1,both_correct
3409,3,3,3,0,1,1,both_correct
3410,4,4,4,0,1,1,both_correct
3411,9,9,9,0,1,1,both_correct
3412,0,0,0,0,1,1,both_correct
3413,0,0,0,0,1,1,both_correct
3414,5,5,5,0,1,1,both_correct
3415,2,2,2,0,1,1,both_correct
3416,5,5,5,0,1,1,both_correct
3417,0,0,0,0,1,1,both_correct
3418,7,7,7,0,1,1,both_correct
3419,1,1,1,0,1,1,both_correct
3420,1,1,1,0,1,1,both_correct
3421,1,1,1,0,1,1,both_correct
3422,6,0,0,0,0,0,both_wrong_same_prediction
3423,7,7,7,0,1,1,both_correct
3424,6,6,6,0,1,1,both_correct
3425,7,2,7,1,0,1,resize_only_correct
3426,9,9,9,0,1,1,both_correct
3427,6,6,6,0,1,1,both_correct
3428,6,6,6,0,1,1,both_correct
3429,4,4,4,0,1,1,both_correct
3430,1,1,1,0,1,1,both_correct
3431,4,4,4,0,1,1,both_correct
3432,3,3,3,0,1,1,both_correct
3433,1,1,1,0,1,1,both_correct
3434,1,1,1,0,1,1,both_correct
3435,2,2,2,0,1,1,both_correct
3436,2,2,2,0,1,1,both_correct
3437,4,4,4,0,1,1,both_correct
3438,1,1,1,0,1,1,both_correct
3439,0,0,0,0,1,1,both_correct
3440,8,8,8,0,1,1,both_correct
3441,7,2,7,1,0,1,resize_only_correct
3442,6,6,6,0,1,1,both_correct
3443,3,3,3,0,1,1,both_correct
3444,4,4,4,0,1,1,both_correct
3445,0,0,0,0,1,1,both_correct
3446,0,0,0,0,1,1,both_correct
3447,6,6,6,0,1,1,both_correct
3448,3,3,3,0,1,1,both_correct
3449,3,3,3,0,1,1,both_correct
3450,0,0,0,0,1,1,both_correct
3451,7,7,0,1,1,0,pad_only_correct
3452,1,1,1,0,1,1,both_correct
3453,7,7,7,0,1,1,both_correct
3454,1,1,1,0,1,1,both_correct
3455,1,1,1,0,1,1,both_correct
3456,3,3,3,0,1,1,both_correct
3457,1,1,1,0,1,1,both_correct
3458,0,0,0,0,1,1,both_correct
3459,9,9,9,0,1,1,both_correct
3460,9,9,9,0,1,1,both_correct
3461,7,7,7,0,1,1,both_correct
3462,5,5,5,0,1,1,both_correct
3463,4,4,4,0,1,1,both_correct
3464,1,1,1,0,1,1,both_correct
3465,4,4,4,0,1,1,both_correct
3466,8,8,8,0,1,1,both_correct
3467,9,9,9,0,1,1,both_correct
3468,5,5,5,0,1,1,both_correct
3469,3,3,3,0,1,1,both_correct
3470,5,5,5,0,1,1,both_correct
3471,1,1,1,0,1,1,both_correct
3472,9,9,9,0,1,1,both_correct
3473,8,8,8,0,1,1,both_correct
3474,2,2,1,1,1,0,pad_only_correct
3475,3,3,3,0,1,1,both_correct
3476,3,3,3,0,1,1,both_correct
3477,9,9,9,0,1,1,both_correct
3478,9,9,9,0,1,1,both_correct
3479,0,0,0,0,1,1,both_correct
3480,1,1,1,0,1,1,both_correct
3481,0,0,0,0,1,1,both_correct
3482,2,2,2,0,1,1,both_correct
3483,9,9,9,0,1,1,both_correct
3484,3,3,3,0,1,1,both_correct
3485,9,9,9,0,1,1,both_correct
3486,3,3,3,0,1,1,both_correct
3487,3,3,3,0,1,1,both_correct
3488,6,6,6,0,1,1,both_correct
3489,2,2,2,0,1,1,both_correct
3490,4,9,9,0,0,0,both_wrong_same_prediction
3491,9,9,9,0,1,1,both_correct
3492,8,8,8,0,1,1,both_correct
3493,3,3,3,0,1,1,both_correct
3494,7,7,7,0,1,1,both_correct
3495,4,4,4,0,1,1,both_correct
3496,0,0,0,0,1,1,both_correct
3497,4,4,4,0,1,1,both_correct
3498,7,7,7,0,1,1,both_correct
3499,8,8,8,0,1,1,both_correct
3500,4,4,4,0,1,1,both_correct
3501,9,9,9,0,1,1,both_correct
3502,8,8,8,0,1,1,both_correct
3503,9,1,1,0,0,0,both_wrong_same_prediction
3504,9,9,9,0,1,1,both_correct
3505,7,7,7,0,1,1,both_correct
3506,5,5,5,0,1,1,both_correct
3507,9,9,9,0,1,1,both_correct
3508,2,2,2,0,1,1,both_correct
3509,8,8,8,0,1,1,both_correct
3510,2,2,2,0,1,1,both_correct
3511,2,2,2,0,1,1,both_correct
3512,0,0,0,0,1,1,both_correct
3513,2,2,2,0,1,1,both_correct
3514,2,2,2,0,1,1,both_correct
3515,3,3,3,0,1,1,both_correct
3516,8,8,8,0,1,1,both_correct
3517,4,4,4,0,1,1,both_correct
3518,6,6,6,0,1,1,both_correct
3519,8,8,8,0,1,1,both_correct
3520,6,2,4,1,0,0,both_wrong_changed
3521,8,8,8,0,1,1,both_correct
3522,2,2,2,0,1,1,both_correct
3523,4,4,4,0,1,1,both_correct
3524,6,6,6,0,1,1,both_correct
3525,7,3,2,1,0,0,both_wrong_changed
3526,9,9,9,0,1,1,both_correct
3527,3,3,3,0,1,1,both_correct
3528,3,3,3,0,1,1,both_correct
3529,9,9,9,0,1,1,both_correct
3530,4,4,4,0,1,1,both_correct
3531,3,3,3,0,1,1,both_correct
3532,1,1,1,0,1,1,both_correct
3533,4,4,4,0,1,1,both_correct
3534,4,4,4,0,1,1,both_correct
3535,7,7,7,0,1,1,both_correct
3536,0,0,0,0,1,1,both_correct
3537,5,5,5,0,1,1,both_correct
3538,9,9,9,0,1,1,both_correct
3539,6,6,6,0,1,1,both_correct
3540,0,0,0,0,1,1,both_correct
3541,4,4,4,0,1,1,both_correct
3542,4,4,4,0,1,1,both_correct
3543,4,4,4,0,1,1,both_correct
3544,4,4,4,0,1,1,both_correct
3545,6,6,6,0,1,1,both_correct
3546,1,1,1,0,1,1,both_correct
3547,2,2,2,0,1,1,both_correct
3548,3,3,3,0,1,1,both_correct
3549,3,3,3,0,1,1,both_correct
3550,6,6,6,0,1,1,both_correct
3551,4,4,4,0,1,1,both_correct
3552,5,5,5,0,1,1,both_correct
3553,9,9,9,0,1,1,both_correct
3554,6,6,6,0,1,1,both_correct
3555,8,8,8,0,1,1,both_correct
3556,5,5,5,0,1,1,both_correct
3557,6,6,6,0,1,1,both_correct
3558,5,3,5,1,0,1,resize_only_correct
3559,8,8,5,1,1,0,pad_only_correct
3560,6,6,6,0,1,1,both_correct
3561,4,4,4,0,1,1,both_correct
3562,1,1,1,0,1,1,both_correct
3563,8,8,8,0,1,1,both_correct
3564,6,6,6,0,1,1,both_correct
3565,5,5,5,0,1,1,both_correct
3566,2,2,2,0,1,1,both_correct
3567,8,8,8,0,1,1,both_correct
3568,4,4,4,0,1,1,both_correct
3569,5,5,5,0,1,1,both_correct
3570,5,5,5,0,1,1,both_correct
3571,4,4,4,0,1,1,both_correct
3572,7,7,7,0,1,1,both_correct
3573,7,7,7,0,1,1,both_correct
3574,0,0,0,0,1,1,both_correct
3575,7,7,7,0,1,1,both_correct
3576,8,8,8,0,1,1,both_correct
3577,2,2,2,0,1,1,both_correct
3578,2,2,2,0,1,1,both_correct
3579,3,3,3,0,1,1,both_correct
3580,7,7,7,0,1,1,both_correct
3581,0,0,0,0,1,1,both_correct
3582,1,1,1,0,1,1,both_correct
3583,8,8,8,0,1,1,both_correct
3584,0,0,0,0,1,1,both_correct
3585,7,7,7,0,1,1,both_correct
3586,1,1,1,0,1,1,both_correct
3587,9,9,9,0,1,1,both_correct
3588,8,8,8,0,1,1,both_correct
3589,7,7,7,0,1,1,both_correct
3590,5,5,5,0,1,1,both_correct
3591,5,5,5,0,1,1,both_correct
3592,9,9,9,0,1,1,both_correct
3593,1,1,1,0,1,1,both_correct
3594,7,7,7,0,1,1,both_correct
3595,5,5,5,0,1,1,both_correct
3596,4,4,4,0,1,1,both_correct
3597,9,9,9,0,1,1,both_correct
3598,1,1,1,0,1,1,both_correct
3599,2,2,2,0,1,1,both_correct
3600,2,2,2,0,1,1,both_correct
3601,1,1,1,0,1,1,both_correct
3602,6,6,6,0,1,1,both_correct
3603,6,6,6,0,1,1,both_correct
3604,7,7,7,0,1,1,both_correct
3605,1,1,1,0,1,1,both_correct
3606,1,1,1,0,1,1,both_correct
3607,4,4,4,0,1,1,both_correct
3608,0,0,0,0,1,1,both_correct
3609,7,7,7,0,1,1,both_correct
3610,4,4,4,0,1,1,both_correct
3611,2,2,2,0,1,1,both_correct
3612,4,4,4,0,1,1,both_correct
3613,0,0,0,0,1,1,both_correct
3614,6,6,6,0,1,1,both_correct
3615,4,4,4,0,1,1,both_correct
3616,7,7,7,0,1,1,both_correct
3617,6,6,6,0,1,1,both_correct
3618,9,9,9,0,1,1,both_correct
3619,5,5,5,0,1,1,both_correct
3620,3,3,3,0,1,1,both_correct
3621,4,4,4,0,1,1,both_correct
3622,6,6,6,0,1,1,both_correct
3623,5,5,5,0,1,1,both_correct
3624,0,0,0,0,1,1,both_correct
3625,1,1,1,0,1,1,both_correct
3626,8,8,8,0,1,1,both_correct
3627,8,8,8,0,1,1,both_correct
3628,2,2,2,0,1,1,both_correct
3629,8,8,8,0,1,1,both_correct
3630,3,3,3,0,1,1,both_correct
3631,5,5,5,0,1,1,both_correct
3632,7,7,7,0,1,1,both_correct
3633,8,8,8,0,1,1,both_correct
3634,0,0,0,0,1,1,both_correct
3635,8,8,8,0,1,1,both_correct
3636,5,5,5,0,1,1,both_correct
3637,7,7,7,0,1,1,both_correct
3638,1,1,1,0,1,1,both_correct
3639,1,1,1,0,1,1,both_correct
3640,0,0,0,0,1,1,both_correct
3641,1,1,1,0,1,1,both_correct
3642,3,3,3,0,1,1,both_correct
3643,7,7,7,0,1,1,both_correct
3644,8,8,8,0,1,1,both_correct
3645,5,5,5,0,1,1,both_correct
3646,0,0,0,0,1,1,both_correct
3647,7,7,7,0,1,1,both_correct
3648,1,1,1,0,1,1,both_correct
3649,1,1,1,0,1,1,both_correct
3650,0,0,0,0,1,1,both_correct
3651,1,1,1,0,1,1,both_correct
3652,1,1,1,0,1,1,both_correct
3653,4,4,4,0,1,1,both_correct
3654,5,5,5,0,1,1,both_correct
3655,2,2,2,0,1,1,both_correct
3656,7,7,7,0,1,1,both_correct
3657,6,6,6,0,1,1,both_correct
3658,2,2,2,0,1,1,both_correct
3659,3,3,3,0,1,1,both_correct
3660,0,0,0,0,1,1,both_correct
3661,2,2,2,0,1,1,both_correct
3662,8,0,8,1,0,1,resize_only_correct
3663,5,5,5,0,1,1,both_correct
3664,9,9,3,1,1,0,pad_only_correct
3665,6,6,6,0,1,1,both_correct
3666,9,9,9,0,1,1,both_correct
3667,7,7,7,0,1,1,both_correct
3668,2,2,2,0,1,1,both_correct
3669,1,1,1,0,1,1,both_correct
3670,3,3,3,0,1,1,both_correct
3671,6,6,6,0,1,1,both_correct
3672,4,4,4,0,1,1,both_correct
3673,1,1,1,0,1,1,both_correct
3674,8,8,8,0,1,1,both_correct
3675,2,2,2,0,1,1,both_correct
3676,4,4,4,0,1,1,both_correct
3677,0,0,0,0,1,1,both_correct
3678,5,5,5,0,1,1,both_correct
3679,1,1,1,0,1,1,both_correct
3680,0,0,0,0,1,1,both_correct
3681,2,2,2,0,1,1,both_correct
3682,2,2,2,0,1,1,both_correct
3683,6,6,6,0,1,1,both_correct
3684,4,4,4,0,1,1,both_correct
3685,4,4,4,0,1,1,both_correct
3686,3,3,3,0,1,1,both_correct
3687,9,9,9,0,1,1,both_correct
3688,6,5,1,1,0,0,both_wrong_changed
3689,1,1,1,0,1,1,both_correct
3690,6,6,6,0,1,1,both_correct
3691,5,5,5,0,1,1,both_correct
3692,7,7,7,0,1,1,both_correct
3693,9,9,9,0,1,1,both_correct
3694,2,2,2,0,1,1,both_correct
3695,0,0,0,0,1,1,both_correct
3696,2,2,2,0,1,1,both_correct
3697,6,6,6,0,1,1,both_correct
3698,0,0,0,0,1,1,both_correct
3699,1,1,1,0,1,1,both_correct
3700,4,4,4,0,1,1,both_correct
3701,3,3,3,0,1,1,both_correct
3702,5,3,3,0,0,0,both_wrong_same_prediction
3703,2,2,2,0,1,1,both_correct
3704,8,8,8,0,1,1,both_correct
3705,8,8,8,0,1,1,both_correct
3706,0,0,0,0,1,1,both_correct
3707,8,8,8,0,1,1,both_correct
3708,8,8,8,0,1,1,both_correct
3709,9,9,9,0,1,1,both_correct
3710,0,0,0,0,1,1,both_correct
3711,9,9,9,0,1,1,both_correct
3712,6,6,6,0,1,1,both_correct
3713,7,7,7,0,1,1,both_correct
3714,6,6,6,0,1,1,both_correct
3715,3,3,3,0,1,1,both_correct
3716,9,9,9,0,1,1,both_correct
3717,3,3,3,0,1,1,both_correct
3718,4,4,4,0,1,1,both_correct
3719,7,7,7,0,1,1,both_correct
3720,7,7,7,0,1,1,both_correct
3721,7,1,7,1,0,1,resize_only_correct
3722,4,4,4,0,1,1,both_correct
3723,9,0,0,0,0,0,both_wrong_same_prediction
3724,0,0,0,0,1,1,both_correct
3725,6,6,6,0,1,1,both_correct
3726,4,4,4,0,1,1,both_correct
3727,8,8,8,0,1,1,both_correct
3728,4,4,4,0,1,1,both_correct
3729,2,2,2,0,1,1,both_correct
3730,7,7,7,0,1,1,both_correct
3731,2,2,2,0,1,1,both_correct
3732,8,8,8,0,1,1,both_correct
3733,1,1,1,0,1,1,both_correct
3734,0,0,0,0,1,1,both_correct
3735,0,0,0,0,1,1,both_correct
3736,7,7,7,0,1,1,both_correct
3737,8,8,8,0,1,1,both_correct
3738,3,3,3,0,1,1,both_correct
3739,3,3,3,0,1,1,both_correct
3740,3,3,3,0,1,1,both_correct
3741,1,1,1,0,1,1,both_correct
3742,3,3,3,0,1,1,both_correct
3743,7,7,7,0,1,1,both_correct
3744,6,6,6,0,1,1,both_correct
3745,1,1,1,0,1,1,both_correct
3746,3,3,3,0,1,1,both_correct
3747,1,1,1,0,1,1,both_correct
3748,6,6,6,0,1,1,both_correct
3749,6,6,6,0,1,1,both_correct
3750,5,5,5,0,1,1,both_correct
3751,7,7,1,1,1,0,pad_only_correct
3752,4,4,4,0,1,1,both_correct
3753,7,7,7,0,1,1,both_correct
3754,5,5,5,0,1,1,both_correct
3755,9,9,9,0,1,1,both_correct
3756,5,5,5,0,1,1,both_correct
3757,8,8,8,0,1,1,both_correct
3758,4,4,4,0,1,1,both_correct
3759,9,9,9,0,1,1,both_correct
3760,9,9,9,0,1,1,both_correct
3761,1,1,1,0,1,1,both_correct
3762,6,5,8,1,0,0,both_wrong_changed
3763,5,5,5,0,1,1,both_correct
3764,0,0,0,0,1,1,both_correct
3765,1,1,1,0,1,1,both_correct
3766,3,3,3,0,1,1,both_correct
3767,7,2,2,0,0,0,both_wrong_same_prediction
3768,0,0,0,0,1,1,both_correct
3769,3,3,3,0,1,1,both_correct
3770,4,4,4,0,1,1,both_correct
3771,8,8,8,0,1,1,both_correct
3772,2,2,2,0,1,1,both_correct
3773,2,2,2,0,1,1,both_correct
3774,0,0,0,0,1,1,both_correct
3775,2,2,2,0,1,1,both_correct
3776,5,5,5,0,1,1,both_correct
3777,1,1,1,0,1,1,both_correct
3778,5,5,5,0,1,1,both_correct
3779,1,1,1,0,1,1,both_correct
3780,4,4,4,0,1,1,both_correct
3781,8,8,8,0,1,1,both_correct
3782,8,8,8,0,1,1,both_correct
3783,9,9,9,0,1,1,both_correct
3784,1,1,1,0,1,1,both_correct
3785,2,2,2,0,1,1,both_correct
3786,1,1,1,0,1,1,both_correct
3787,3,3,3,0,1,1,both_correct
3788,5,5,5,0,1,1,both_correct
3789,1,1,1,0,1,1,both_correct
3790,0,0,0,0,1,1,both_correct
3791,9,9,9,0,1,1,both_correct
3792,4,4,4,0,1,1,both_correct
3793,4,4,4,0,1,1,both_correct
3794,8,3,3,0,0,0,both_wrong_same_prediction
3795,3,3,3,0,1,1,both_correct
3796,2,2,8,1,1,0,pad_only_correct
3797,5,5,5,0,1,1,both_correct
3798,9,9,9,0,1,1,both_correct
3799,7,7,7,0,1,1,both_correct
3800,6,6,6,0,1,1,both_correct
3801,6,6,6,0,1,1,both_correct
3802,2,2,2,0,1,1,both_correct
3803,0,0,0,0,1,1,both_correct
3804,0,0,0,0,1,1,both_correct
3805,0,0,0,0,1,1,both_correct
3806,5,5,5,0,1,1,both_correct
3807,8,8,8,0,1,1,both_correct
3808,7,0,0,0,0,0,both_wrong_same_prediction
3809,1,1,1,0,1,1,both_correct
3810,5,5,5,0,1,1,both_correct
3811,2,2,2,0,1,1,both_correct
3812,3,3,3,0,1,1,both_correct
3813,8,8,8,0,1,1,both_correct
3814,5,5,5,0,1,1,both_correct
3815,1,1,1,0,1,1,both_correct
3816,8,8,8,0,1,1,both_correct
3817,2,2,2,0,1,1,both_correct
3818,0,6,0,1,0,1,resize_only_correct
3819,4,4,4,0,1,1,both_correct
3820,9,9,9,0,1,1,both_correct
3821,9,9,9,0,1,1,both_correct
3822,6,6,6,0,1,1,both_correct
3823,2,2,2,0,1,1,both_correct
3824,3,3,3,0,1,1,both_correct
3825,3,3,3,0,1,1,both_correct
3826,5,5,5,0,1,1,both_correct
3827,6,6,6,0,1,1,both_correct
3828,4,4,4,0,1,1,both_correct
3829,8,8,8,0,1,1,both_correct
3830,0,0,0,0,1,1,both_correct
3831,9,9,9,0,1,1,both_correct
3832,2,2,2,0,1,1,both_correct
3833,8,8,8,0,1,1,both_correct
3834,3,3,3,0,1,1,both_correct
3835,6,6,6,0,1,1,both_correct
3836,7,7,7,0,1,1,both_correct
3837,5,5,5,0,1,1,both_correct
3838,7,7,4,1,1,0,pad_only_correct
3839,2,2,2,0,1,1,both_correct
3840,9,9,9,0,1,1,both_correct
3841,4,4,4,0,1,1,both_correct
3842,9,9,9,0,1,1,both_correct
3843,1,1,1,0,1,1,both_correct
3844,2,2,2,0,1,1,both_correct
3845,8,8,8,0,1,1,both_correct
3846,6,6,6,0,1,1,both_correct
3847,0,0,0,0,1,1,both_correct
3848,7,7,7,0,1,1,both_correct
3849,0,0,0,0,1,1,both_correct
3850,9,9,9,0,1,1,both_correct
3851,1,1,1,0,1,1,both_correct
3852,1,1,1,0,1,1,both_correct
3853,6,6,2,1,1,0,pad_only_correct
3854,7,7,7,0,1,1,both_correct
3855,5,5,5,0,1,1,both_correct
3856,9,3,9,1,0,1,resize_only_correct
3857,9,9,9,0,1,1,both_correct
3858,1,1,1,0,1,1,both_correct
3859,9,9,9,0,1,1,both_correct
3860,5,5,5,0,1,1,both_correct
3861,9,9,9,0,1,1,both_correct
3862,2,2,2,0,1,1,both_correct
3863,5,5,5,0,1,1,both_correct
3864,0,0,0,0,1,1,both_correct
3865,4,4,4,0,1,1,both_correct
3866,1,1,1,0,1,1,both_correct
3867,0,0,0,0,1,1,both_correct
3868,8,8,8,0,1,1,both_correct
3869,9,4,4,0,0,0,both_wrong_same_prediction
3870,0,0,0,0,1,1,both_correct
3871,8,8,8,0,1,1,both_correct
3872,9,9,9,0,1,1,both_correct
3873,8,8,8,0,1,1,both_correct
3874,9,9,9,0,1,1,both_correct
3875,4,4,4,0,1,1,both_correct
3876,2,2,2,0,1,1,both_correct
3877,5,5,5,0,1,1,both_correct
3878,7,7,7,0,1,1,both_correct
3879,9,9,9,0,1,1,both_correct
3880,8,8,8,0,1,1,both_correct
3881,9,9,9,0,1,1,both_correct
3882,8,8,8,0,1,1,both_correct
3883,0,0,0,0,1,1,both_correct
3884,9,9,9,0,1,1,both_correct
3885,9,9,9,0,1,1,both_correct
3886,6,6,6,0,1,1,both_correct
3887,8,8,8,0,1,1,both_correct
3888,9,9,9,0,1,1,both_correct
3889,9,9,9,0,1,1,both_correct
3890,5,5,5,0,1,1,both_correct
3891,9,9,9,0,1,1,both_correct
3892,8,8,8,0,1,1,both_correct
3893,5,5,5,0,1,1,both_correct
3894,1,1,1,0,1,1,both_correct
3895,0,0,0,0,1,1,both_correct
3896,3,3,3,0,1,1,both_correct
3897,3,3,3,0,1,1,both_correct
3898,5,5,5,0,1,1,both_correct
3899,2,2,2,0,1,1,both_correct
3900,1,1,1,0,1,1,both_correct
3901,6,6,6,0,1,1,both_correct
3902,5,5,5,0,1,1,both_correct
3903,0,0,0,0,1,1,both_correct
3904,2,2,2,0,1,1,both_correct
3905,8,8,8,0,1,1,both_correct
3906,1,1,1,0,1,1,both_correct
3907,5,5,5,0,1,1,both_correct
3908,6,6,6,0,1,1,both_correct
3909,2,2,2,0,1,1,both_correct
3910,3,3,3,0,1,1,both_correct
3911,0,0,0,0,1,1,both_correct
3912,2,2,2,0,1,1,both_correct
3913,2,2,2,0,1,1,both_correct
3914,6,6,6,0,1,1,both_correct
3915,4,4,4,0,1,1,both_correct
3916,3,3,3,0,1,1,both_correct
3917,5,5,5,0,1,1,both_correct
3918,5,5,5,0,1,1,both_correct
3919,1,1,1,0,1,1,both_correct
3920,7,7,7,0,1,1,both_correct
3921,2,2,2,0,1,1,both_correct
3922,1,1,1,0,1,1,both_correct
3923,6,6,6,0,1,1,both_correct
3924,9,9,9,0,1,1,both_correct
3925,1,1,1,0,1,1,both_correct
3926,9,9,9,0,1,1,both_correct
3927,9,9,9,0,1,1,both_correct
3928,5,5,5,0,1,1,both_correct
3929,5,5,5,0,1,1,both_correct
3930,1,1,1,0,1,1,both_correct
3931,6,6,6,0,1,1,both_correct
3932,2,2,2,0,1,1,both_correct
3933,2,2,2,0,1,1,both_correct
3934,8,8,8,0,1,1,both_correct
3935,6,6,6,0,1,1,both_correct
3936,7,7,7,0,1,1,both_correct
3937,1,1,1,0,1,1,both_correct
3938,4,4,4,0,1,1,both_correct
3939,6,6,6,0,1,1,both_correct
3940,0,0,0,0,1,1,both_correct
3941,4,6,6,0,0,0,both_wrong_same_prediction
3942,0,0,0,0,1,1,both_correct
3943,3,3,3,0,1,1,both_correct
3944,3,3,3,0,1,1,both_correct
3945,2,2,2,0,1,1,both_correct
3946,2,2,2,0,1,1,both_correct
3947,3,3,3,0,1,1,both_correct
3948,6,6,6,0,1,1,both_correct
3949,8,8,8,0,1,1,both_correct
3950,9,9,9,0,1,1,both_correct
3951,8,8,8,0,1,1,both_correct
3952,5,5,5,0,1,1,both_correct
3953,3,3,3,0,1,1,both_correct
3954,8,8,8,0,1,1,both_correct
3955,5,5,5,0,1,1,both_correct
3956,4,4,4,0,1,1,both_correct
3957,5,5,5,0,1,1,both_correct
3958,2,2,2,0,1,1,both_correct
3959,0,0,0,0,1,1,both_correct
3960,5,5,5,0,1,1,both_correct
3961,6,6,6,0,1,1,both_correct
3962,3,3,3,0,1,1,both_correct
3963,2,2,2,0,1,1,both_correct
3964,8,8,8,0,1,1,both_correct
3965,3,3,3,0,1,1,both_correct
3966,9,9,9,0,1,1,both_correct
3967,9,9,9,0,1,1,both_correct
3968,5,5,5,0,1,1,both_correct
3969,7,7,7,0,1,1,both_correct
3970,9,9,9,0,1,1,both_correct
3971,4,4,4,0,1,1,both_correct
3972,6,6,6,0,1,1,both_correct
3973,7,7,7,0,1,1,both_correct
3974,1,1,1,0,1,1,both_correct
3975,3,3,3,0,1,1,both_correct
3976,7,1,1,0,0,0,both_wrong_same_prediction
3977,3,3,3,0,1,1,both_correct
3978,6,6,6,0,1,1,both_correct
3979,6,6,6,0,1,1,both_correct
3980,0,0,0,0,1,1,both_correct
3981,9,9,9,0,1,1,both_correct
3982,0,0,0,0,1,1,both_correct
3983,1,1,1,0,1,1,both_correct
3984,9,9,9,0,1,1,both_correct
3985,9,4,4,0,0,0,both_wrong_same_prediction
3986,2,2,2,0,1,1,both_correct
3987,8,8,8,0,1,1,both_correct
3988,8,8,8,0,1,1,both_correct
3989,0,0,0,0,1,1,both_correct
3990,1,1,1,0,1,1,both_correct
3991,6,6,6,0,1,1,both_correct
3992,9,9,9,0,1,1,both_correct
3993,7,7,7,0,1,1,both_correct
3994,5,5,5,0,1,1,both_correct
3995,3,3,3,0,1,1,both_correct
3996,4,4,4,0,1,1,both_correct
3997,7,7,7,0,1,1,both_correct
3998,4,4,4,0,1,1,both_correct
3999,9,9,9,0,1,1,both_correct
4000,9,9,9,0,1,1,both_correct
4001,4,4,4,0,1,1,both_correct
4002,3,3,3,0,1,1,both_correct
4003,6,6,6,0,1,1,both_correct
4004,3,3,3,0,1,1,both_correct
4005,1,1,1,0,1,1,both_correct
4006,1,1,1,0,1,1,both_correct
4007,7,7,7,0,1,1,both_correct
4008,6,6,6,0,1,1,both_correct
4009,9,9,9,0,1,1,both_correct
4010,1,1,1,0,1,1,both_correct
4011,8,8,8,0,1,1,both_correct
4012,4,4,4,0,1,1,both_correct
4013,1,1,1,0,1,1,both_correct
4014,1,1,1,0,1,1,both_correct
4015,9,9,9,0,1,1,both_correct
4016,9,9,9,0,1,1,both_correct
4017,4,4,4,0,1,1,both_correct
4018,3,3,3,0,1,1,both_correct
4019,6,6,6,0,1,1,both_correct
4020,8,8,8,0,1,1,both_correct
4021,1,1,1,0,1,1,both_correct
4022,6,6,6,0,1,1,both_correct
4023,0,0,0,0,1,1,both_correct
4024,4,4,4,0,1,1,both_correct
4025,1,1,1,0,1,1,both_correct
4026,3,3,3,0,1,1,both_correct
4027,7,7,7,0,1,1,both_correct
4028,7,7,7,0,1,1,both_correct
4029,4,4,4,0,1,1,both_correct
4030,9,9,9,0,1,1,both_correct
4031,5,5,5,0,1,1,both_correct
4032,1,1,1,0,1,1,both_correct
4033,0,0,0,0,1,1,both_correct
4034,0,0,0,0,1,1,both_correct
4035,1,1,1,0,1,1,both_correct
4036,1,1,1,0,1,1,both_correct
4037,6,6,6,0,1,1,both_correct
4038,2,2,2,0,1,1,both_correct
4039,1,1,1,0,1,1,both_correct
4040,9,9,9,0,1,1,both_correct
4041,8,8,8,0,1,1,both_correct
4042,4,4,4,0,1,1,both_correct
4043,0,0,0,0,1,1,both_correct
4044,3,3,3,0,1,1,both_correct
4045,6,6,6,0,1,1,both_correct
4046,4,4,4,0,1,1,both_correct
4047,9,9,9,0,1,1,both_correct
4048,0,0,0,0,1,1,both_correct
4049,7,7,7,0,1,1,both_correct
4050,1,1,1,0,1,1,both_correct
4051,6,6,6,0,1,1,both_correct
4052,5,5,5,0,1,1,both_correct
4053,7,4,7,1,0,1,resize_only_correct
4054,5,5,5,0,1,1,both_correct
4055,2,2,2,0,1,1,both_correct
4056,5,5,5,0,1,1,both_correct
4057,1,1,1,0,1,1,both_correct
4058,8,8,8,0,1,1,both_correct
4059,5,5,5,0,1,1,both_correct
4060,4,4,4,0,1,1,both_correct
4061,7,7,7,0,1,1,both_correct
4062,0,0,0,0,1,1,both_correct
4063,6,6,5,1,1,0,pad_only_correct
4064,7,7,7,0,1,1,both_correct
4065,0,0,0,0,1,1,both_correct
4066,2,2,2,0,1,1,both_correct
4067,5,5,5,0,1,1,both_correct
4068,8,8,8,0,1,1,both_correct
4069,1,1,1,0,1,1,both_correct
4070,0,0,0,0,1,1,both_correct
4071,4,4,4,0,1,1,both_correct
4072,5,5,5,0,1,1,both_correct
4073,7,7,7,0,1,1,both_correct
4074,1,1,1,0,1,1,both_correct
4075,8,8,8,0,1,1,both_correct
4076,5,5,5,0,1,1,both_correct
4077,1,1,1,0,1,1,both_correct
4078,9,8,3,1,0,0,both_wrong_changed
4079,0,0,0,0,1,1,both_correct
4080,0,0,0,0,1,1,both_correct
4081,6,6,6,0,1,1,both_correct
4082,0,0,0,0,1,1,both_correct
4083,7,7,7,0,1,1,both_correct
4084,3,3,3,0,1,1,both_correct
4085,1,1,1,0,1,1,both_correct
4086,8,8,8,0,1,1,both_correct
4087,3,3,3,0,1,1,both_correct
4088,9,9,9,0,1,1,both_correct
4089,7,7,7,0,1,1,both_correct
4090,0,0,0,0,1,1,both_correct
4091,0,0,0,0,1,1,both_correct
4092,8,8,8,0,1,1,both_correct
4093,9,9,9,0,1,1,both_correct
4094,5,5,5,0,1,1,both_correct
4095,9,9,9,0,1,1,both_correct
4096,8,8,8,0,1,1,both_correct
4097,3,3,3,0,1,1,both_correct
4098,2,2,2,0,1,1,both_correct
4099,7,7,7,0,1,1,both_correct
4100,2,2,2,0,1,1,both_correct
4101,9,9,9,0,1,1,both_correct
4102,7,7,7,0,1,1,both_correct
4103,2,2,2,0,1,1,both_correct
4104,1,1,1,0,1,1,both_correct
4105,1,1,1,0,1,1,both_correct
4106,3,3,3,0,1,1,both_correct
4107,7,7,7,0,1,1,both_correct
4108,5,5,5,0,1,1,both_correct
4109,3,3,3,0,1,1,both_correct
4110,1,1,1,0,1,1,both_correct
4111,9,9,9,0,1,1,both_correct
4112,8,8,8,0,1,1,both_correct
4113,2,2,2,0,1,1,both_correct
4114,2,2,2,0,1,1,both_correct
4115,2,2,2,0,1,1,both_correct
4116,8,8,8,0,1,1,both_correct
4117,8,8,8,0,1,1,both_correct
4118,5,5,5,0,1,1,both_correct
4119,7,7,7,0,1,1,both_correct
4120,3,3,3,0,1,1,both_correct
4121,8,8,8,0,1,1,both_correct
4122,9,9,9,0,1,1,both_correct
4123,8,8,8,0,1,1,both_correct
4124,8,8,8,0,1,1,both_correct
4125,6,6,6,0,1,1,both_correct
4126,8,8,8,0,1,1,both_correct
4127,2,2,2,0,1,1,both_correct
4128,3,3,3,0,1,1,both_correct
4129,9,9,9,0,1,1,both_correct
4130,7,7,7,0,1,1,both_correct
4131,5,5,5,0,1,1,both_correct
4132,6,6,6,0,1,1,both_correct
4133,2,2,2,0,1,1,both_correct
4134,9,9,9,0,1,1,both_correct
4135,2,2,2,0,1,1,both_correct
4136,8,8,8,0,1,1,both_correct
4137,8,8,8,0,1,1,both_correct
4138,1,1,1,0,1,1,both_correct
4139,6,6,6,0,1,1,both_correct
4140,8,8,8,0,1,1,both_correct
4141,8,8,8,0,1,1,both_correct
4142,7,7,7,0,1,1,both_correct
4143,9,9,9,0,1,1,both_correct
4144,1,1,1,0,1,1,both_correct
4145,8,8,8,0,1,1,both_correct
4146,0,0,0,0,1,1,both_correct
4147,1,1,1,0,1,1,both_correct
4148,7,7,7,0,1,1,both_correct
4149,2,2,2,0,1,1,both_correct
4150,0,0,0,0,1,1,both_correct
4151,7,7,7,0,1,1,both_correct
4152,5,5,5,0,1,1,both_correct
4153,1,1,1,0,1,1,both_correct
4154,9,9,9,0,1,1,both_correct
4155,0,0,0,0,1,1,both_correct
4156,2,2,2,0,1,1,both_correct
4157,0,0,0,0,1,1,both_correct
4158,9,9,9,0,1,1,both_correct
4159,8,8,8,0,1,1,both_correct
4160,6,6,6,0,1,1,both_correct
4161,2,2,2,0,1,1,both_correct
4162,3,3,3,0,1,1,both_correct
4163,9,0,7,1,0,0,both_wrong_changed
4164,3,3,3,0,1,1,both_correct
4165,8,8,8,0,1,1,both_correct
4166,0,0,0,0,1,1,both_correct
4167,2,2,2,0,1,1,both_correct
4168,1,1,1,0,1,1,both_correct
4169,1,1,1,0,1,1,both_correct
4170,1,1,1,0,1,1,both_correct
4171,1,1,1,0,1,1,both_correct
4172,4,4,4,0,1,1,both_correct
4173,2,2,2,0,1,1,both_correct
4174,9,9,9,0,1,1,both_correct
4175,7,7,7,0,1,1,both_correct
4176,2,7,7,0,0,0,both_wrong_same_prediction
4177,5,5,5,0,1,1,both_correct
4178,1,1,1,0,1,1,both_correct
4179,1,1,1,0,1,1,both_correct
4180,2,2,2,0,1,1,both_correct
4181,1,1,1,0,1,1,both_correct
4182,9,9,9,0,1,1,both_correct
4183,9,9,9,0,1,1,both_correct
4184,9,9,9,0,1,1,both_correct
4185,1,1,1,0,1,1,both_correct
4186,0,0,0,0,1,1,both_correct
4187,2,2,2,0,1,1,both_correct
4188,0,0,0,0,1,1,both_correct
4189,2,2,2,0,1,1,both_correct
4190,1,1,1,0,1,1,both_correct
4191,1,1,1,0,1,1,both_correct
4192,4,4,4,0,1,1,both_correct
4193,6,6,6,0,1,1,both_correct
4194,4,4,4,0,1,1,both_correct
4195,1,1,1,0,1,1,both_correct
4196,5,5,5,0,1,1,both_correct
4197,4,4,4,0,1,1,both_correct
4198,9,9,9,0,1,1,both_correct
4199,7,1,7,1,0,1,resize_only_correct
4200,7,7,7,0,1,1,both_correct
4201,1,1,1,0,1,1,both_correct
4202,5,5,5,0,1,1,both_correct
4203,6,6,6,0,1,1,both_correct
4204,2,2,2,0,1,1,both_correct
4205,2,2,0,1,1,0,pad_only_correct
4206,2,2,2,0,1,1,both_correct
4207,8,8,8,0,1,1,both_correct
4208,0,0,0,0,1,1,both_correct
4209,6,6,6,0,1,1,both_correct
4210,9,9,9,0,1,1,both_correct
4211,6,6,6,0,1,1,both_correct
4212,1,1,1,0,1,1,both_correct
4213,9,9,9,0,1,1,both_correct
4214,7,7,7,0,1,1,both_correct
4215,7,7,7,0,1,1,both_correct
4216,1,1,1,0,1,1,both_correct
4217,4,4,4,0,1,1,both_correct
4218,8,8,8,0,1,1,both_correct
4219,5,5,5,0,1,1,both_correct
4220,3,3,3,0,1,1,both_correct
4221,4,4,4,0,1,1,both_correct
4222,3,3,3,0,1,1,both_correct
4223,4,4,4,0,1,1,both_correct
4224,9,7,2,1,0,0,both_wrong_changed
4225,7,7,7,0,1,1,both_correct
4226,5,5,5,0,1,1,both_correct
4227,0,0,0,0,1,1,both_correct
4228,7,7,7,0,1,1,both_correct
4229,4,4,4,0,1,1,both_correct
4230,8,8,8,0,1,1,both_correct
4231,8,8,8,0,1,1,both_correct
4232,1,1,1,0,1,1,both_correct
4233,5,5,5,0,1,1,both_correct
4234,3,3,3,0,1,1,both_correct
4235,9,9,9,0,1,1,both_correct
4236,5,5,5,0,1,1,both_correct
4237,9,9,9,0,1,1,both_correct
4238,7,3,3,0,0,0,both_wrong_same_prediction
4239,6,6,6,0,1,1,both_correct
4240,9,9,9,0,1,1,both_correct
4241,0,0,0,0,1,1,both_correct
4242,3,3,3,0,1,1,both_correct
4243,6,6,6,0,1,1,both_correct
4244,3,3,3,0,1,1,both_correct
4245,9,9,9,0,1,1,both_correct
4246,8,8,8,0,1,1,both_correct
4247,2,2,2,0,1,1,both_correct
4248,2,1,1,0,0,0,both_wrong_same_prediction
4249,1,1,1,0,1,1,both_correct
4250,2,2,2,0,1,1,both_correct
4251,8,8,8,0,1,1,both_correct
4252,6,6,6,0,1,1,both_correct
4253,8,8,8,0,1,1,both_correct
4254,5,5,5,0,1,1,both_correct
4255,5,5,5,0,1,1,both_correct
4256,3,0,3,1,0,1,resize_only_correct
4257,9,9,9,0,1,1,both_correct
4258,4,4,4,0,1,1,both_correct
4259,9,9,9,0,1,1,both_correct
4260,2,2,2,0,1,1,both_correct
4261,5,5,5,0,1,1,both_correct
4262,1,1,1,0,1,1,both_correct
4263,5,5,5,0,1,1,both_correct
4264,1,1,1,0,1,1,both_correct
4265,4,4,4,0,1,1,both_correct
4266,4,4,4,0,1,1,both_correct
4267,1,1,1,0,1,1,both_correct
4268,4,4,4,0,1,1,both_correct
4269,4,4,4,0,1,1,both_correct
4270,3,3,3,0,1,1,both_correct
4271,5,3,5,1,0,1,resize_only_correct
4272,9,9,9,0,1,1,both_correct
4273,1,1,1,0,1,1,both_correct
4274,2,2,2,0,1,1,both_correct
4275,2,2,2,0,1,1,both_correct
4276,3,3,3,0,1,1,both_correct
4277,3,3,3,0,1,1,both_correct
4278,0,0,0,0,1,1,both_correct
4279,2,2,2,0,1,1,both_correct
4280,9,9,9,0,1,1,both_correct
4281,0,0,0,0,1,1,both_correct
4282,0,0,0,0,1,1,both_correct
4283,9,9,9,0,1,1,both_correct
4284,9,3,3,0,0,0,both_wrong_same_prediction
4285,6,6,6,0,1,1,both_correct
4286,0,0,0,0,1,1,both_correct
4287,9,9,9,0,1,1,both_correct
4288,3,3,3,0,1,1,both_correct
4289,2,2,2,0,1,1,both_correct
4290,8,8,8,0,1,1,both_correct
4291,4,4,4,0,1,1,both_correct
4292,1,1,1,0,1,1,both_correct
4293,9,9,9,0,1,1,both_correct
4294,9,9,9,0,1,1,both_correct
4295,7,7,7,0,1,1,both_correct
4296,2,2,2,0,1,1,both_correct
4297,7,7,7,0,1,1,both_correct
4298,9,9,9,0,1,1,both_correct
4299,9,9,9,0,1,1,both_correct
4300,5,5,5,0,1,1,both_correct
4301,9,9,9,0,1,1,both_correct
4302,5,5,5,0,1,1,both_correct
4303,1,1,1,0,1,1,both_correct
4304,1,1,1,0,1,1,both_correct
4305,8,8,8,0,1,1,both_correct
4306,3,3,3,0,1,1,both_correct
4307,5,5,5,0,1,1,both_correct
4308,1,1,1,0,1,1,both_correct
4309,9,9,9,0,1,1,both_correct
4310,5,5,5,0,1,1,both_correct
4311,3,3,3,0,1,1,both_correct
4312,5,5,5,0,1,1,both_correct
4313,4,4,4,0,1,1,both_correct
4314,9,9,9,0,1,1,both_correct
4315,5,5,5,0,1,1,both_correct
4316,9,9,9,0,1,1,both_correct
4317,3,3,3,0,1,1,both_correct
4318,1,1,1,0,1,1,both_correct
4319,9,9,9,0,1,1,both_correct
4320,0,0,0,0,1,1,both_correct
4321,9,9,9,0,1,1,both_correct
4322,7,7,7,0,1,1,both_correct
4323,5,5,5,0,1,1,both_correct
4324,4,4,4,0,1,1,both_correct
4325,9,9,9,0,1,1,both_correct
4326,2,2,2,0,1,1,both_correct
4327,0,0,0,0,1,1,both_correct
4328,1,1,1,0,1,1,both_correct
4329,0,0,0,0,1,1,both_correct
4330,5,5,5,0,1,1,both_correct
4331,1,1,1,0,1,1,both_correct
4332,4,4,4,0,1,1,both_correct
4333,9,9,9,0,1,1,both_correct
4334,3,3,3,0,1,1,both_correct
4335,3,3,3,0,1,1,both_correct
4336,6,6,6,0,1,1,both_correct
4337,1,1,1,0,1,1,both_correct
4338,5,5,5,0,1,1,both_correct
4339,2,2,2,0,1,1,both_correct
4340,5,5,5,0,1,1,both_correct
4341,2,2,2,0,1,1,both_correct
4342,2,2,2,0,1,1,both_correct
4343,0,0,0,0,1,1,both_correct
4344,9,9,9,0,1,1,both_correct
4345,2,2,2,0,1,1,both_correct
4346,6,6,6,0,1,1,both_correct
4347,6,6,6,0,1,1,both_correct
4348,0,0,0,0,1,1,both_correct
4349,1,1,1,0,1,1,both_correct
4350,2,2,2,0,1,1,both_correct
4351,0,0,0,0,1,1,both_correct
4352,3,3,3,0,1,1,both_correct
4353,0,0,0,0,1,1,both_correct
4354,2,2,2,0,1,1,both_correct
4355,5,5,5,0,1,1,both_correct
4356,5,5,5,0,1,1,both_correct
4357,7,7,7,0,1,1,both_correct
4358,9,9,9,0,1,1,both_correct
4359,5,5,5,0,1,1,both_correct
4360,5,5,5,0,1,1,both_correct
4361,0,0,0,0,1,1,both_correct
4362,8,8,8,0,1,1,both_correct
4363,9,9,9,0,1,1,both_correct
4364,5,5,5,0,1,1,both_correct
4365,0,0,0,0,1,1,both_correct
4366,3,3,3,0,1,1,both_correct
4367,2,2,2,0,1,1,both_correct
4368,5,5,5,0,1,1,both_correct
4369,9,9,4,1,1,0,pad_only_correct
4370,0,0,0,0,1,1,both_correct
4371,8,8,8,0,1,1,both_correct
4372,8,8,8,0,1,1,both_correct
4373,4,4,4,0,1,1,both_correct
4374,5,5,5,0,1,1,both_correct
4375,8,8,8,0,1,1,both_correct
4376,8,8,8,0,1,1,both_correct
4377,4,4,4,0,1,1,both_correct
4378,5,5,5,0,1,1,both_correct
4379,4,4,4,0,1,1,both_correct
4380,8,8,8,0,1,1,both_correct
4381,5,5,5,0,1,1,both_correct
4382,4,4,4,0,1,1,both_correct
4383,9,9,9,0,1,1,both_correct
4384,2,2,2,0,1,1,both_correct
4385,2,2,2,0,1,1,both_correct
4386,1,1,1,0,1,1,both_correct
4387,2,2,2,0,1,1,both_correct
4388,6,6,6,0,1,1,both_correct
4389,8,8,8,0,1,1,both_correct
4390,8,8,8,0,1,1,both_correct
4391,7,7,7,0,1,1,both_correct
4392,0,0,0,0,1,1,both_correct
4393,3,3,3,0,1,1,both_correct
4394,6,6,6,0,1,1,both_correct
4395,6,6,6,0,1,1,both_correct
4396,4,4,4,0,1,1,both_correct
4397,3,3,3,0,1,1,both_correct
4398,8,8,8,0,1,1,both_correct
4399,8,8,8,0,1,1,both_correct
4400,7,7,7,0,1,1,both_correct
4401,2,2,2,0,1,1,both_correct
4402,2,2,2,0,1,1,both_correct
4403,0,0,0,0,1,1,both_correct
4404,0,0,0,0,1,1,both_correct
4405,9,9,9,0,1,1,both_correct
4406,3,3,3,0,1,1,both_correct
4407,9,9,9,0,1,1,both_correct
4408,9,9,9,0,1,1,both_correct
4409,1,1,1,0,1,1,both_correct
4410,9,9,9,0,1,1,both_correct
4411,8,8,8,0,1,1,both_correct
4412,6,6,6,0,1,1,both_correct
4413,6,6,6,0,1,1,both_correct
4414,4,4,4,0,1,1,both_correct
4415,2,2,2,0,1,1,both_correct
4416,6,6,6,0,1,1,both_correct
4417,9,9,9,0,1,1,both_correct
4418,2,2,2,0,1,1,both_correct
4419,8,8,8,0,1,1,both_correct
4420,5,5,5,0,1,1,both_correct
4421,4,4,4,0,1,1,both_correct
4422,5,5,5,0,1,1,both_correct
4423,7,7,7,0,1,1,both_correct
4424,9,9,9,0,1,1,both_correct
4425,9,9,9,0,1,1,both_correct
4426,9,9,9,0,1,1,both_correct
4427,2,2,2,0,1,1,both_correct
4428,1,1,1,0,1,1,both_correct
4429,8,8,8,0,1,1,both_correct
4430,3,3,3,0,1,1,both_correct
4431,4,4,4,0,1,1,both_correct
4432,0,0,0,0,1,1,both_correct
4433,7,7,7,0,1,1,both_correct
4434,8,8,8,0,1,1,both_correct
4435,3,3,3,0,1,1,both_correct
4436,9,9,9,0,1,1,both_correct
4437,3,2,3,1,0,1,resize_only_correct
4438,4,4,4,0,1,1,both_correct
4439,6,6,6,0,1,1,both_correct
4440,5,5,5,0,1,1,both_correct
4441,6,6,6,0,1,1,both_correct
4442,2,2,2,0,1,1,both_correct
4443,3,2,1,1,0,0,both_wrong_changed
4444,9,9,3,1,1,0,pad_only_correct
4445,2,2,2,0,1,1,both_correct
4446,6,6,6,0,1,1,both_correct
4447,0,0,0,0,1,1,both_correct
4448,0,0,0,0,1,1,both_correct
4449,6,6,6,0,1,1,both_correct
4450,1,1,1,0,1,1,both_correct
4451,2,2,2,0,1,1,both_correct
4452,8,8,8,0,1,1,both_correct
4453,7,7,7,0,1,1,both_correct
4454,9,9,9,0,1,1,both_correct
4455,8,8,8,0,1,1,both_correct
4456,2,2,2,0,1,1,both_correct
4457,0,0,0,0,1,1,both_correct
4458,4,4,4,0,1,1,both_correct
4459,7,7,7,0,1,1,both_correct
4460,7,2,2,0,0,0,both_wrong_same_prediction
4461,5,5,5,0,1,1,both_correct
4462,0,0,0,0,1,1,both_correct
4463,5,5,5,0,1,1,both_correct
4464,6,6,6,0,1,1,both_correct
4465,4,4,4,0,1,1,both_correct
4466,6,6,6,0,1,1,both_correct
4467,7,7,7,0,1,1,both_correct
4468,4,4,4,0,1,1,both_correct
4469,3,3,3,0,1,1,both_correct
4470,0,0,0,0,1,1,both_correct
4471,7,7,7,0,1,1,both_correct
4472,5,5,5,0,1,1,both_correct
4473,0,0,0,0,1,1,both_correct
4474,7,7,7,0,1,1,both_correct
4475,4,4,4,0,1,1,both_correct
4476,2,2,2,0,1,1,both_correct
4477,0,0,0,0,1,1,both_correct
4478,8,8,8,0,1,1,both_correct
4479,9,9,9,0,1,1,both_correct
4480,9,9,9,0,1,1,both_correct
4481,4,4,4,0,1,1,both_correct
4482,2,2,2,0,1,1,both_correct
4483,4,4,4,0,1,1,both_correct
4484,6,6,6,0,1,1,both_correct
4485,7,7,7,0,1,1,both_correct
4486,8,8,8,0,1,1,both_correct
4487,7,2,7,1,0,1,resize_only_correct
4488,6,6,6,0,1,1,both_correct
4489,9,9,9,0,1,1,both_correct
4490,4,4,4,0,1,1,both_correct
4491,1,1,1,0,1,1,both_correct
4492,3,3,3,0,1,1,both_correct
4493,7,7,7,0,1,1,both_correct
4494,3,3,3,0,1,1,both_correct
4495,0,0,0,0,1,1,both_correct
4496,8,8,8,0,1,1,both_correct
4497,8,7,7,0,0,0,both_wrong_same_prediction
4498,7,7,7,0,1,1,both_correct
4499,6,6,6,0,1,1,both_correct
4500,9,1,9,1,0,1,resize_only_correct
4501,3,3,3,0,1,1,both_correct
4502,9,9,9,0,1,1,both_correct
4503,2,2,2,0,1,1,both_correct
4504,2,2,2,0,1,1,both_correct
4505,9,9,9,0,1,1,both_correct
4506,2,2,0,1,1,0,pad_only_correct
4507,1,0,1,1,0,1,resize_only_correct
4508,8,8,8,0,1,1,both_correct
4509,3,3,3,0,1,1,both_correct
4510,2,2,2,0,1,1,both_correct
4511,9,9,9,0,1,1,both_correct
4512,6,6,6,0,1,1,both_correct
4513,8,8,8,0,1,1,both_correct
4514,4,4,4,0,1,1,both_correct
4515,0,0,0,0,1,1,both_correct
4516,1,1,1,0,1,1,both_correct
4517,2,2,2,0,1,1,both_correct
4518,8,8,8,0,1,1,both_correct
4519,4,4,4,0,1,1,both_correct
4520,5,5,5,0,1,1,both_correct
4521,2,2,2,0,1,1,both_correct
4522,7,7,7,0,1,1,both_correct
4523,8,8,8,0,1,1,both_correct
4524,1,1,1,0,1,1,both_correct
4525,1,1,1,0,1,1,both_correct
4526,3,3,3,0,1,1,both_correct
4527,0,0,0,0,1,1,both_correct
4528,3,3,3,0,1,1,both_correct
4529,5,5,5,0,1,1,both_correct
4530,7,7,7,0,1,1,both_correct
4531,0,0,0,0,1,1,both_correct
4532,3,3,3,0,1,1,both_correct
4533,1,1,1,0,1,1,both_correct
4534,9,9,9,0,1,1,both_correct
4535,3,3,3,0,1,1,both_correct
4536,6,5,6,1,0,1,resize_only_correct
4537,3,3,3,0,1,1,both_correct
4538,1,1,1,0,1,1,both_correct
4539,7,7,7,0,1,1,both_correct
4540,7,7,7,0,1,1,both_correct
4541,3,3,3,0,1,1,both_correct
4542,0,0,0,0,1,1,both_correct
4543,8,8,8,0,1,1,both_correct
4544,4,4,4,0,1,1,both_correct
4545,8,8,8,0,1,1,both_correct
4546,2,2,2,0,1,1,both_correct
4547,6,4,6,1,0,1,resize_only_correct
4548,5,5,5,0,1,1,both_correct
4549,2,2,2,0,1,1,both_correct
4550,9,9,9,0,1,1,both_correct
4551,7,7,7,0,1,1,both_correct
4552,3,3,3,0,1,1,both_correct
4553,9,9,9,0,1,1,both_correct
4554,0,0,0,0,1,1,both_correct
4555,9,9,9,0,1,1,both_correct
4556,9,9,9,0,1,1,both_correct
4557,6,6,6,0,1,1,both_correct
4558,4,4,4,0,1,1,both_correct
4559,2,2,2,0,1,1,both_correct
4560,9,9,9,0,1,1,both_correct
4561,7,7,7,0,1,1,both_correct
4562,2,2,2,0,1,1,both_correct
4563,1,1,1,0,1,1,both_correct
4564,1,1,1,0,1,1,both_correct
4565,6,6,6,0,1,1,both_correct
4566,7,2,7,1,0,1,resize_only_correct
4567,4,4,4,0,1,1,both_correct
4568,7,7,7,0,1,1,both_correct
4569,5,5,5,0,1,1,both_correct
4570,9,9,9,0,1,1,both_correct
4571,6,0,0,0,0,0,both_wrong_same_prediction
4572,8,8,8,0,1,1,both_correct
4573,2,2,2,0,1,1,both_correct
4574,1,1,1,0,1,1,both_correct
4575,4,4,0,1,1,0,pad_only_correct
4576,4,4,4,0,1,1,both_correct
4577,5,5,5,0,1,1,both_correct
4578,7,7,7,0,1,1,both_correct
4579,6,6,6,0,1,1,both_correct
4580,1,1,1,0,1,1,both_correct
4581,3,3,3,0,1,1,both_correct
4582,2,2,2,0,1,1,both_correct
4583,5,5,5,0,1,1,both_correct
4584,9,9,9,0,1,1,both_correct
4585,9,9,9,0,1,1,both_correct
4586,3,3,3,0,1,1,both_correct
4587,6,6,6,0,1,1,both_correct
4588,1,1,1,0,1,1,both_correct
4589,1,1,1,0,1,1,both_correct
4590,4,4,4,0,1,1,both_correct
4591,6,6,6,0,1,1,both_correct
4592,9,9,9,0,1,1,both_correct
4593,7,7,7,0,1,1,both_correct
4594,2,2,2,0,1,1,both_correct
4595,1,1,1,0,1,1,both_correct
4596,5,5,5,0,1,1,both_correct
4597,1,1,1,0,1,1,both_correct
4598,4,4,4,0,1,1,both_correct
4599,6,6,6,0,1,1,both_correct
4600,3,3,3,0,1,1,both_correct
4601,8,8,8,0,1,1,both_correct
4602,1,1,1,0,1,1,both_correct
4603,1,1,1,0,1,1,both_correct
4604,0,0,0,0,1,1,both_correct
4605,3,3,3,0,1,1,both_correct
4606,1,1,1,0,1,1,both_correct
4607,6,6,6,0,1,1,both_correct
4608,8,8,8,0,1,1,both_correct
4609,4,4,4,0,1,1,both_correct
4610,9,9,9,0,1,1,both_correct
4611,0,0,0,0,1,1,both_correct
4612,7,7,7,0,1,1,both_correct
4613,3,3,3,0,1,1,both_correct
4614,0,0,0,0,1,1,both_correct
4615,2,2,2,0,1,1,both_correct
4616,9,9,9,0,1,1,both_correct
4617,0,0,0,0,1,1,both_correct
4618,6,6,6,0,1,1,both_correct
4619,6,5,6,1,0,1,resize_only_correct
4620,6,6,6,0,1,1,both_correct
4621,3,3,3,0,1,1,both_correct
4622,6,6,6,0,1,1,both_correct
4623,7,7,7,0,1,1,both_correct
4624,7,7,7,0,1,1,both_correct
4625,2,2,2,0,1,1,both_correct
4626,8,8,8,0,1,1,both_correct
4627,6,6,6,0,1,1,both_correct
4628,0,0,0,0,1,1,both_correct
4629,8,8,8,0,1,1,both_correct
4630,3,3,3,0,1,1,both_correct
4631,0,0,0,0,1,1,both_correct
4632,2,2,2,0,1,1,both_correct
4633,9,9,9,0,1,1,both_correct
4634,8,8,8,0,1,1,both_correct
4635,3,3,3,0,1,1,both_correct
4636,2,2,2,0,1,1,both_correct
4637,5,5,5,0,1,1,both_correct
4638,3,3,3,0,1,1,both_correct
4639,8,8,8,0,1,1,both_correct
4640,8,8,8,0,1,1,both_correct
4641,0,0,0,0,1,1,both_correct
4642,0,0,0,0,1,1,both_correct
4643,1,1,1,0,1,1,both_correct
4644,9,9,9,0,1,1,both_correct
4645,5,5,5,0,1,1,both_correct
4646,1,1,1,0,1,1,both_correct
4647,3,3,3,0,1,1,both_correct
4648,9,9,9,0,1,1,both_correct
4649,6,6,6,0,1,1,both_correct
4650,0,0,0,0,1,1,both_correct
4651,1,1,1,0,1,1,both_correct
4652,4,4,4,0,1,1,both_correct
4653,1,1,1,0,1,1,both_correct
4654,7,7,7,0,1,1,both_correct
4655,1,1,1,0,1,1,both_correct
4656,2,2,2,0,1,1,both_correct
4657,3,3,3,0,1,1,both_correct
4658,7,2,7,1,0,1,resize_only_correct
4659,9,9,9,0,1,1,both_correct
4660,7,7,7,0,1,1,both_correct
4661,4,4,4,0,1,1,both_correct
4662,9,9,9,0,1,1,both_correct
4663,9,9,9,0,1,1,both_correct
4664,3,3,3,0,1,1,both_correct
4665,9,9,9,0,1,1,both_correct
4666,2,2,2,0,1,1,both_correct
4667,8,8,8,0,1,1,both_correct
4668,2,2,2,0,1,1,both_correct
4669,7,7,7,0,1,1,both_correct
4670,1,1,1,0,1,1,both_correct
4671,8,8,8,0,1,1,both_correct
4672,0,0,0,0,1,1,both_correct
4673,9,9,9,0,1,1,both_correct
4674,1,1,1,0,1,1,both_correct
4675,0,0,0,0,1,1,both_correct
4676,1,1,1,0,1,1,both_correct
4677,7,7,7,0,1,1,both_correct
4678,7,7,7,0,1,1,both_correct
4679,9,9,9,0,1,1,both_correct
4680,6,6,6,0,1,1,both_correct
4681,9,9,9,0,1,1,both_correct
4682,9,9,9,0,1,1,both_correct
4683,9,9,9,0,1,1,both_correct
4684,2,2,2,0,1,1,both_correct
4685,1,1,1,0,1,1,both_correct
4686,6,6,6,0,1,1,both_correct
4687,1,1,1,0,1,1,both_correct
4688,3,3,3,0,1,1,both_correct
4689,5,5,5,0,1,1,both_correct
4690,7,2,2,0,0,0,both_wrong_same_prediction
4691,1,1,1,0,1,1,both_correct
4692,9,9,9,0,1,1,both_correct
4693,7,7,7,0,1,1,both_correct
4694,6,6,6,0,1,1,both_correct
4695,4,4,4,0,1,1,both_correct
4696,5,5,5,0,1,1,both_correct
4697,7,7,7,0,1,1,both_correct
4698,6,6,6,0,1,1,both_correct
4699,6,6,6,0,1,1,both_correct
4700,9,9,9,0,1,1,both_correct
4701,9,9,9,0,1,1,both_correct
4702,6,6,6,0,1,1,both_correct
4703,3,3,3,0,1,1,both_correct
4704,6,6,6,0,1,1,both_correct
4705,2,2,2,0,1,1,both_correct
4706,9,9,9,0,1,1,both_correct
4707,8,8,8,0,1,1,both_correct
4708,1,1,1,0,1,1,both_correct
4709,2,2,2,0,1,1,both_correct
4710,2,2,2,0,1,1,both_correct
4711,5,5,5,0,1,1,both_correct
4712,5,5,5,0,1,1,both_correct
4713,2,2,2,0,1,1,both_correct
4714,3,3,3,0,1,1,both_correct
4715,7,7,7,0,1,1,both_correct
4716,2,2,2,0,1,1,both_correct
4717,1,1,1,0,1,1,both_correct
4718,0,0,0,0,1,1,both_correct
4719,1,1,1,0,1,1,both_correct
4720,0,0,0,0,1,1,both_correct
4721,4,4,4,0,1,1,both_correct
4722,5,5,5,0,1,1,both_correct
4723,2,2,2,0,1,1,both_correct
4724,8,8,8,0,1,1,both_correct
4725,2,2,2,0,1,1,both_correct
4726,8,8,8,0,1,1,both_correct
4727,3,3,3,0,1,1,both_correct
4728,5,5,5,0,1,1,both_correct
4729,1,1,1,0,1,1,both_correct
4730,7,7,7,0,1,1,both_correct
4731,8,3,3,0,0,0,both_wrong_same_prediction
4732,1,1,1,0,1,1,both_correct
4733,1,1,1,0,1,1,both_correct
4734,2,2,2,0,1,1,both_correct
4735,9,9,9,0,1,1,both_correct
4736,7,7,7,0,1,1,both_correct
4737,8,8,8,0,1,1,both_correct
4738,4,4,4,0,1,1,both_correct
4739,0,0,0,0,1,1,both_correct
4740,3,3,5,1,1,0,pad_only_correct
4741,0,0,0,0,1,1,both_correct
4742,7,7,7,0,1,1,both_correct
4743,8,8,8,0,1,1,both_correct
4744,8,8,8,0,1,1,both_correct
4745,4,4,4,0,1,1,both_correct
4746,7,7,7,0,1,1,both_correct
4747,7,7,7,0,1,1,both_correct
4748,8,8,8,0,1,1,both_correct
4749,5,5,5,0,1,1,both_correct
4750,8,8,8,0,1,1,both_correct
4751,4,4,4,0,1,1,both_correct
4752,9,9,9,0,1,1,both_correct
4753,8,8,8,0,1,1,both_correct
4754,1,1,1,0,1,1,both_correct
4755,3,3,3,0,1,1,both_correct
4756,8,8,8,0,1,1,both_correct
4757,0,0,0,0,1,1,both_correct
4758,3,3,3,0,1,1,both_correct
4759,1,1,1,0,1,1,both_correct
4760,7,7,7,0,1,1,both_correct
4761,9,8,4,1,0,0,both_wrong_changed
4762,5,5,5,0,1,1,both_correct
4763,5,5,5,0,1,1,both_correct
4764,1,1,1,0,1,1,both_correct
4765,6,6,6,0,1,1,both_correct
4766,5,5,5,0,1,1,both_correct
4767,7,7,7,0,1,1,both_correct
4768,4,4,4,0,1,1,both_correct
4769,9,9,9,0,1,1,both_correct
4770,3,3,3,0,1,1,both_correct
4771,5,5,5,0,1,1,both_correct
4772,4,4,4,0,1,1,both_correct
4773,7,7,7,0,1,1,both_correct
4774,1,1,1,0,1,1,both_correct
4775,2,2,2,0,1,1,both_correct
4776,0,0,0,0,1,1,both_correct
4777,8,5,8,1,0,1,resize_only_correct
4778,1,1,1,0,1,1,both_correct
4779,6,6,6,0,1,1,both_correct
4780,0,0,0,0,1,1,both_correct
4781,7,7,7,0,1,1,both_correct
4782,3,3,3,0,1,1,both_correct
4783,4,4,4,0,1,1,both_correct
4784,7,7,7,0,1,1,both_correct
4785,3,3,3,0,1,1,both_correct
4786,9,9,9,0,1,1,both_correct
4787,6,6,6,0,1,1,both_correct
4788,0,0,0,0,1,1,both_correct
4789,8,8,8,0,1,1,both_correct
4790,6,6,6,0,1,1,both_correct
4791,4,4,4,0,1,1,both_correct
4792,8,8,8,0,1,1,both_correct
4793,7,7,7,0,1,1,both_correct
4794,7,7,7,0,1,1,both_correct
4795,9,9,9,0,1,1,both_correct
4796,3,3,3,0,1,1,both_correct
4797,8,8,8,0,1,1,both_correct
4798,6,5,6,1,0,1,resize_only_correct
4799,9,9,9,0,1,1,both_correct
4800,7,7,7,0,1,1,both_correct
4801,2,2,2,0,1,1,both_correct
4802,3,3,3,0,1,1,both_correct
4803,4,4,4,0,1,1,both_correct
4804,0,0,0,0,1,1,both_correct
4805,2,2,2,0,1,1,both_correct
4806,1,1,1,0,1,1,both_correct
4807,8,5,3,1,0,0,both_wrong_changed
4808,3,3,3,0,1,1,both_correct
4809,5,5,5,0,1,1,both_correct
4810,5,5,5,0,1,1,both_correct
4811,7,7,7,0,1,1,both_correct
4812,2,2,2,0,1,1,both_correct
4813,4,4,4,0,1,1,both_correct
4814,6,6,0,1,1,0,pad_only_correct
4815,7,7,7,0,1,1,both_correct
4816,2,2,2,0,1,1,both_correct
4817,8,8,8,0,1,1,both_correct
4818,3,3,3,0,1,1,both_correct
4819,0,0,0,0,1,1,both_correct
4820,8,8,8,0,1,1,both_correct
4821,7,7,7,0,1,1,both_correct
4822,8,8,8,0,1,1,both_correct
4823,9,4,9,1,0,1,resize_only_correct
4824,0,0,0,0,1,1,both_correct
4825,8,8,8,0,1,1,both_correct
4826,4,4,4,0,1,1,both_correct
4827,4,4,4,0,1,1,both_correct
4828,5,5,5,0,1,1,both_correct
4829,8,8,8,0,1,1,both_correct
4830,5,5,5,0,1,1,both_correct
4831,6,6,6,0,1,1,both_correct
4832,6,6,6,0,1,1,both_correct
4833,3,3,3,0,1,1,both_correct
4834,0,0,0,0,1,1,both_correct
4835,9,9,9,0,1,1,both_correct
4836,3,3,3,0,1,1,both_correct
4837,7,2,2,0,0,0,both_wrong_same_prediction
4838,6,5,5,0,0,0,both_wrong_same_prediction
4839,8,8,8,0,1,1,both_correct
4840,9,9,9,0,1,1,both_correct
4841,3,3,3,0,1,1,both_correct
4842,4,4,4,0,1,1,both_correct
4843,9,9,9,0,1,1,both_correct
4844,5,5,5,0,1,1,both_correct
4845,8,8,8,0,1,1,both_correct
4846,9,9,9,0,1,1,both_correct
4847,1,1,1,0,1,1,both_correct
4848,2,2,2,0,1,1,both_correct
4849,8,8,8,0,1,1,both_correct
4850,8,8,8,0,1,1,both_correct
4851,6,6,6,0,1,1,both_correct
4852,8,8,8,0,1,1,both_correct
4853,1,1,1,0,1,1,both_correct
4854,3,3,3,0,1,1,both_correct
4855,7,7,7,0,1,1,both_correct
4856,9,9,9,0,1,1,both_correct
4857,0,0,0,0,1,1,both_correct
4858,1,1,1,0,1,1,both_correct
4859,1,1,1,0,1,1,both_correct
4860,4,4,4,0,1,1,both_correct
4861,7,7,7,0,1,1,both_correct
4862,0,0,0,0,1,1,both_correct
4863,8,8,8,0,1,1,both_correct
4864,1,1,1,0,1,1,both_correct
4865,7,7,7,0,1,1,both_correct
4866,4,4,4,0,1,1,both_correct
4867,5,5,5,0,1,1,both_correct
4868,7,7,7,0,1,1,both_correct
4869,1,1,1,0,1,1,both_correct
4870,2,2,2,0,1,1,both_correct
4871,1,1,1,0,1,1,both_correct
4872,1,1,1,0,1,1,both_correct
4873,3,3,3,0,1,1,both_correct
4874,9,4,0,1,0,0,both_wrong_changed
4875,6,6,6,0,1,1,both_correct
4876,2,2,2,0,1,1,both_correct
4877,1,1,1,0,1,1,both_correct
4878,2,2,2,0,1,1,both_correct
4879,8,8,8,0,1,1,both_correct
4880,0,0,8,1,1,0,pad_only_correct
4881,7,7,7,0,1,1,both_correct
4882,6,6,6,0,1,1,both_correct
4883,6,6,6,0,1,1,both_correct
4884,9,9,9,0,1,1,both_correct
4885,3,3,3,0,1,1,both_correct
4886,7,7,1,1,1,0,pad_only_correct
4887,0,0,0,0,1,1,both_correct
4888,5,5,5,0,1,1,both_correct
4889,2,2,2,0,1,1,both_correct
4890,8,8,5,1,1,0,pad_only_correct
4891,0,0,0,0,1,1,both_correct
4892,5,5,5,0,1,1,both_correct
4893,4,4,4,0,1,1,both_correct
4894,3,3,3,0,1,1,both_correct
4895,8,8,8,0,1,1,both_correct
4896,4,4,4,0,1,1,both_correct
4897,6,6,6,0,1,1,both_correct
4898,6,6,6,0,1,1,both_correct
4899,2,2,2,0,1,1,both_correct
4900,7,7,7,0,1,1,both_correct
4901,9,9,9,0,1,1,both_correct
4902,5,5,5,0,1,1,both_correct
4903,1,1,1,0,1,1,both_correct
4904,3,3,3,0,1,1,both_correct
4905,2,2,2,0,1,1,both_correct
4906,4,4,4,0,1,1,both_correct
4907,3,3,3,0,1,1,both_correct
4908,6,6,6,0,1,1,both_correct
4909,1,1,1,0,1,1,both_correct
4910,9,9,9,0,1,1,both_correct
4911,4,9,4,1,0,1,resize_only_correct
4912,4,4,4,0,1,1,both_correct
4913,7,7,7,0,1,1,both_correct
4914,6,6,6,0,1,1,both_correct
4915,5,5,5,0,1,1,both_correct
4916,4,4,4,0,1,1,both_correct
4917,1,1,1,0,1,1,both_correct
4918,9,9,9,0,1,1,both_correct
4919,9,9,9,0,1,1,both_correct
4920,2,2,2,0,1,1,both_correct
4921,7,7,7,0,1,1,both_correct
4922,8,8,8,0,1,1,both_correct
4923,0,0,0,0,1,1,both_correct
4924,1,1,1,0,1,1,both_correct
4925,3,3,3,0,1,1,both_correct
4926,6,6,6,0,1,1,both_correct
4927,1,1,1,0,1,1,both_correct
4928,3,3,3,0,1,1,both_correct
4929,4,4,4,0,1,1,both_correct
4930,1,1,1,0,1,1,both_correct
4931,1,1,1,0,1,1,both_correct
4932,1,1,1,0,1,1,both_correct
4933,5,5,5,0,1,1,both_correct
4934,6,6,6,0,1,1,both_correct
4935,0,0,0,0,1,1,both_correct
4936,7,7,7,0,1,1,both_correct
4937,0,0,0,0,1,1,both_correct
4938,7,7,7,0,1,1,both_correct
4939,2,2,2,0,1,1,both_correct
4940,3,3,3,0,1,1,both_correct
4941,2,2,2,0,1,1,both_correct
4942,5,5,5,0,1,1,both_correct
4943,2,2,2,0,1,1,both_correct
4944,2,2,2,0,1,1,both_correct
4945,9,9,9,0,1,1,both_correct
4946,4,4,4,0,1,1,both_correct
4947,9,9,9,0,1,1,both_correct
4948,8,8,8,0,1,1,both_correct
4949,1,1,1,0,1,1,both_correct
4950,2,2,2,0,1,1,both_correct
4951,1,1,1,0,1,1,both_correct
4952,6,6,6,0,1,1,both_correct
4953,1,1,1,0,1,1,both_correct
4954,2,2,2,0,1,1,both_correct
4955,7,7,7,0,1,1,both_correct
4956,8,8,8,0,1,1,both_correct
4957,0,0,0,0,1,1,both_correct
4958,0,0,0,0,1,1,both_correct
4959,0,0,0,0,1,1,both_correct
4960,8,8,8,0,1,1,both_correct
4961,2,2,2,0,1,1,both_correct
4962,2,2,2,0,1,1,both_correct
4963,9,9,9,0,1,1,both_correct
4964,2,2,2,0,1,1,both_correct
4965,2,2,2,0,1,1,both_correct
4966,7,7,7,0,1,1,both_correct
4967,9,9,9,0,1,1,both_correct
4968,9,9,9,0,1,1,both_correct
4969,2,2,2,0,1,1,both_correct
4970,7,7,7,0,1,1,both_correct
4971,5,5,5,0,1,1,both_correct
4972,1,1,1,0,1,1,both_correct
4973,3,3,3,0,1,1,both_correct
4974,4,4,4,0,1,1,both_correct
4975,9,9,9,0,1,1,both_correct
4976,4,4,4,0,1,1,both_correct
4977,1,1,1,0,1,1,both_correct
4978,8,8,8,0,1,1,both_correct
4979,5,5,5,0,1,1,both_correct
4980,6,6,6,0,1,1,both_correct
4981,2,2,2,0,1,1,both_correct
4982,8,8,8,0,1,1,both_correct
4983,3,3,3,0,1,1,both_correct
4984,1,1,1,0,1,1,both_correct
4985,2,2,2,0,1,1,both_correct
4986,8,8,8,0,1,1,both_correct
4987,4,4,4,0,1,1,both_correct
4988,9,9,9,0,1,1,both_correct
4989,9,9,9,0,1,1,both_correct
4990,3,3,3,0,1,1,both_correct
4991,7,7,7,0,1,1,both_correct
4992,0,0,0,0,1,1,both_correct
4993,7,7,7,0,1,1,both_correct
4994,7,7,7,0,1,1,both_correct
4995,2,2,2,0,1,1,both_correct
4996,3,3,3,0,1,1,both_correct
4997,2,2,2,0,1,1,both_correct
4998,4,4,4,0,1,1,both_correct
4999,0,0,0,0,1,1,both_correct
5000,3,3,3,0,1,1,both_correct
5001,9,9,9,0,1,1,both_correct
5002,9,9,9,0,1,1,both_correct
5003,8,8,8,0,1,1,both_correct
5004,4,4,4,0,1,1,both_correct
5005,1,1,1,0,1,1,both_correct
5006,0,0,0,0,1,1,both_correct
5007,6,6,6,0,1,1,both_correct
5008,0,0,0,0,1,1,both_correct
5009,9,9,9,0,1,1,both_correct
5010,6,6,6,0,1,1,both_correct
5011,8,8,8,0,1,1,both_correct
5012,6,6,6,0,1,1,both_correct
5013,1,1,1,0,1,1,both_correct
5014,1,1,1,0,1,1,both_correct
5015,9,9,9,0,1,1,both_correct
5016,8,8,8,0,1,1,both_correct
5017,9,9,9,0,1,1,both_correct
5018,2,2,2,0,1,1,both_correct
5019,3,3,3,0,1,1,both_correct
5020,5,5,5,0,1,1,both_correct
5021,5,5,5,0,1,1,both_correct
5022,9,9,9,0,1,1,both_correct
5023,4,4,4,0,1,1,both_correct
5024,2,2,2,0,1,1,both_correct
5025,1,1,1,0,1,1,both_correct
5026,9,9,9,0,1,1,both_correct
5027,4,4,4,0,1,1,both_correct
5028,3,3,3,0,1,1,both_correct
5029,9,9,9,0,1,1,both_correct
5030,6,6,6,0,1,1,both_correct
5031,0,0,0,0,1,1,both_correct
5032,4,4,4,0,1,1,both_correct
5033,0,0,0,0,1,1,both_correct
5034,6,6,6,0,1,1,both_correct
5035,0,0,0,0,1,1,both_correct
5036,1,1,1,0,1,1,both_correct
5037,2,2,2,0,1,1,both_correct
5038,3,3,3,0,1,1,both_correct
5039,4,4,4,0,1,1,both_correct
5040,7,7,7,0,1,1,both_correct
5041,8,8,8,0,1,1,both_correct
5042,9,9,9,0,1,1,both_correct
5043,0,0,0,0,1,1,both_correct
5044,1,1,1,0,1,1,both_correct
5045,2,2,2,0,1,1,both_correct
5046,3,3,3,0,1,1,both_correct
5047,4,4,4,0,1,1,both_correct
5048,7,7,7,0,1,1,both_correct
5049,8,8,8,0,1,1,both_correct
5050,9,9,9,0,1,1,both_correct
5051,0,0,0,0,1,1,both_correct
5052,1,1,1,0,1,1,both_correct
5053,2,2,2,0,1,1,both_correct
5054,3,3,3,0,1,1,both_correct
5055,4,4,4,0,1,1,both_correct
5056,5,5,5,0,1,1,both_correct
5057,6,6,6,0,1,1,both_correct
5058,7,7,7,0,1,1,both_correct
5059,8,8,8,0,1,1,both_correct
5060,9,9,9,0,1,1,both_correct
5061,8,8,8,0,1,1,both_correct
5062,3,3,3,0,1,1,both_correct
5063,4,4,4,0,1,1,both_correct
5064,7,7,7,0,1,1,both_correct
5065,8,8,8,0,1,1,both_correct
5066,6,6,6,0,1,1,both_correct
5067,3,3,3,0,1,1,both_correct
5068,4,4,4,0,1,1,both_correct
5069,0,0,0,0,1,1,both_correct
5070,9,9,9,0,1,1,both_correct
5071,7,7,7,0,1,1,both_correct
5072,1,1,1,0,1,1,both_correct
5073,9,9,9,0,1,1,both_correct
5074,3,3,3,0,1,1,both_correct
5075,8,8,8,0,1,1,both_correct
5076,4,4,4,0,1,1,both_correct
5077,7,7,7,0,1,1,both_correct
5078,3,3,3,0,1,1,both_correct
5079,0,0,0,0,1,1,both_correct
5080,9,9,9,0,1,1,both_correct
5081,1,1,1,0,1,1,both_correct
5082,4,4,4,0,1,1,both_correct
5083,5,5,5,0,1,1,both_correct
5084,4,4,4,0,1,1,both_correct
5085,6,6,6,0,1,1,both_correct
5086,2,2,2,0,1,1,both_correct
5087,0,0,0,0,1,1,both_correct
5088,6,6,6,0,1,1,both_correct
5089,2,2,2,0,1,1,both_correct
5090,1,1,1,0,1,1,both_correct
5091,1,1,1,0,1,1,both_correct
5092,1,1,1,0,1,1,both_correct
5093,1,1,1,0,1,1,both_correct
5094,7,7,7,0,1,1,both_correct
5095,2,2,2,0,1,1,both_correct
5096,4,4,4,0,1,1,both_correct
5097,7,7,7,0,1,1,both_correct
5098,5,5,5,0,1,1,both_correct
5099,2,2,2,0,1,1,both_correct
5100,9,9,9,0,1,1,both_correct
5101,4,4,4,0,1,1,both_correct
5102,5,5,5,0,1,1,both_correct
5103,8,8,8,0,1,1,both_correct
5104,4,4,4,0,1,1,both_correct
5105,2,2,2,0,1,1,both_correct
5106,9,9,9,0,1,1,both_correct
5107,7,7,7,0,1,1,both_correct
5108,0,0,0,0,1,1,both_correct
5109,0,0,0,0,1,1,both_correct
5110,7,7,7,0,1,1,both_correct
5111,5,5,5,0,1,1,both_correct
5112,1,1,1,0,1,1,both_correct
5113,1,1,1,0,1,1,both_correct
5114,7,7,7,0,1,1,both_correct
5115,6,6,6,0,1,1,both_correct
5116,6,6,6,0,1,1,both_correct
5117,6,6,6,0,1,1,both_correct
5118,8,8,8,0,1,1,both_correct
5119,2,2,2,0,1,1,both_correct
5120,2,2,2,0,1,1,both_correct
5121,7,7,7,0,1,1,both_correct
5122,7,7,7,0,1,1,both_correct
5123,4,4,4,0,1,1,both_correct
5124,0,0,0,0,1,1,both_correct
5125,2,2,2,0,1,1,both_correct
5126,4,4,4,0,1,1,both_correct
5127,2,2,2,0,1,1,both_correct
5128,1,1,1,0,1,1,both_correct
5129,8,8,8,0,1,1,both_correct
5130,9,9,9,0,1,1,both_correct
5131,6,6,6,0,1,1,both_correct
5132,1,1,1,0,1,1,both_correct
5133,0,0,0,0,1,1,both_correct
5134,5,5,5,0,1,1,both_correct
5135,9,9,9,0,1,1,both_correct
5136,6,6,6,0,1,1,both_correct
5137,9,9,9,0,1,1,both_correct
5138,8,8,8,0,1,1,both_correct
5139,0,0,0,0,1,1,both_correct
5140,3,3,3,0,1,1,both_correct
5141,0,0,0,0,1,1,both_correct
5142,8,8,8,0,1,1,both_correct
5143,3,3,3,0,1,1,both_correct
5144,9,9,9,0,1,1,both_correct
5145,6,6,6,0,1,1,both_correct
5146,3,3,3,0,1,1,both_correct
5147,0,0,0,0,1,1,both_correct
5148,1,1,1,0,1,1,both_correct
5149,2,2,2,0,1,1,both_correct
5150,3,3,3,0,1,1,both_correct
5151,4,4,4,0,1,1,both_correct
5152,5,5,5,0,1,1,both_correct
5153,6,6,6,0,1,1,both_correct
5154,7,7,7,0,1,1,both_correct
5155,0,0,0,0,1,1,both_correct
5156,1,1,1,0,1,1,both_correct
5157,2,2,2,0,1,1,both_correct
5158,3,3,3,0,1,1,both_correct
5159,4,4,4,0,1,1,both_correct
5160,5,5,5,0,1,1,both_correct
5161,6,6,6,0,1,1,both_correct
5162,7,3,7,1,0,1,resize_only_correct
5163,8,8,8,0,1,1,both_correct
5164,9,9,9,0,1,1,both_correct
5165,0,0,0,0,1,1,both_correct
5166,1,1,1,0,1,1,both_correct
5167,2,2,2,0,1,1,both_correct
5168,3,3,3,0,1,1,both_correct
5169,4,4,4,0,1,1,both_correct
5170,5,5,5,0,1,1,both_correct
5171,6,6,6,0,1,1,both_correct
5172,7,7,7,0,1,1,both_correct
5173,8,8,8,0,1,1,both_correct
5174,5,5,5,0,1,1,both_correct
5175,4,4,4,0,1,1,both_correct
5176,8,8,8,0,1,1,both_correct
5177,7,7,7,0,1,1,both_correct
5178,4,4,4,0,1,1,both_correct
5179,7,7,7,0,1,1,both_correct
5180,7,7,7,0,1,1,both_correct
5181,3,3,3,0,1,1,both_correct
5182,9,9,9,0,1,1,both_correct
5183,8,8,8,0,1,1,both_correct
5184,8,8,8,0,1,1,both_correct
5185,3,3,3,0,1,1,both_correct
5186,1,1,1,0,1,1,both_correct
5187,5,5,5,0,1,1,both_correct
5188,8,8,8,0,1,1,both_correct
5189,2,2,2,0,1,1,both_correct
5190,7,7,7,0,1,1,both_correct
5191,4,4,4,0,1,1,both_correct
5192,2,2,2,0,1,1,both_correct
5193,1,1,1,0,1,1,both_correct
5194,5,3,5,1,0,1,resize_only_correct
5195,4,4,4,0,1,1,both_correct
5196,5,5,5,0,1,1,both_correct
5197,5,5,5,0,1,1,both_correct
5198,8,8,8,0,1,1,both_correct
5199,6,6,6,0,1,1,both_correct
5200,4,4,4,0,1,1,both_correct
5201,4,4,9,1,1,0,pad_only_correct
5202,4,4,4,0,1,1,both_correct
5203,1,1,1,0,1,1,both_correct
5204,8,8,8,0,1,1,both_correct
5205,7,7,7,0,1,1,both_correct
5206,5,5,5,0,1,1,both_correct
5207,5,5,5,0,1,1,both_correct
5208,1,1,1,0,1,1,both_correct
5209,8,8,8,0,1,1,both_correct
5210,9,9,9,0,1,1,both_correct
5211,1,1,1,0,1,1,both_correct
5212,3,3,3,0,1,1,both_correct
5213,6,6,6,0,1,1,both_correct
5214,3,3,3,0,1,1,both_correct
5215,3,3,3,0,1,1,both_correct
5216,2,2,2,0,1,1,both_correct
5217,2,2,2,0,1,1,both_correct
5218,6,6,6,0,1,1,both_correct
5219,9,9,9,0,1,1,both_correct
5220,9,9,9,0,1,1,both_correct
5221,6,6,6,0,1,1,both_correct
5222,5,5,5,0,1,1,both_correct
5223,5,5,5,0,1,1,both_correct
5224,3,3,3,0,1,1,both_correct
5225,3,3,3,0,1,1,both_correct
5226,8,8,8,0,1,1,both_correct
5227,1,1,1,0,1,1,both_correct
5228,6,6,6,0,1,1,both_correct
5229,5,5,5,0,1,1,both_correct
5230,6,6,6,0,1,1,both_correct
5231,8,8,8,0,1,1,both_correct
5232,1,1,1,0,1,1,both_correct
5233,9,9,9,0,1,1,both_correct
5234,7,7,7,0,1,1,both_correct
5235,6,6,6,0,1,1,both_correct
5236,8,8,8,0,1,1,both_correct
5237,3,3,3,0,1,1,both_correct
5238,7,7,7,0,1,1,both_correct
5239,4,4,4,0,1,1,both_correct
5240,7,7,7,0,1,1,both_correct
5241,0,0,0,0,1,1,both_correct
5242,9,9,9,0,1,1,both_correct
5243,0,0,0,0,1,1,both_correct
5244,0,0,0,0,1,1,both_correct
5245,3,3,3,0,1,1,both_correct
5246,7,7,7,0,1,1,both_correct
5247,9,9,9,0,1,1,both_correct
5248,3,3,3,0,1,1,both_correct
5249,0,0,0,0,1,1,both_correct
5250,2,2,2,0,1,1,both_correct
5251,0,0,0,0,1,1,both_correct
5252,1,1,1,0,1,1,both_correct
5253,0,0,0,0,1,1,both_correct
5254,1,1,1,0,1,1,both_correct
5255,0,0,0,0,1,1,both_correct
5256,4,4,4,0,1,1,both_correct
5257,0,0,0,0,1,1,both_correct
5258,1,1,1,0,1,1,both_correct
5259,0,0,0,0,1,1,both_correct
5260,4,4,4,0,1,1,both_correct
5261,7,7,7,0,1,1,both_correct
5262,9,9,9,0,1,1,both_correct
5263,6,6,6,0,1,1,both_correct
5264,2,2,2,0,1,1,both_correct
5265,6,4,6,1,0,1,resize_only_correct
5266,2,2,2,0,1,1,both_correct
5267,2,2,2,0,1,1,both_correct
5268,9,9,9,0,1,1,both_correct
5269,9,9,9,0,1,1,both_correct
5270,0,0,0,0,1,1,both_correct
5271,1,1,1,0,1,1,both_correct
5272,2,2,2,0,1,1,both_correct
5273,3,3,3,0,1,1,both_correct
5274,4,4,4,0,1,1,both_correct
5275,5,5,5,0,1,1,both_correct
5276,6,6,6,0,1,1,both_correct
5277,7,7,7,0,1,1,both_correct
5278,8,8,8,0,1,1,both_correct
5279,9,9,9,0,1,1,both_correct
5280,0,0,0,0,1,1,both_correct
5281,1,1,1,0,1,1,both_correct
5282,2,2,2,0,1,1,both_correct
5283,3,3,3,0,1,1,both_correct
5284,4,4,4,0,1,1,both_correct
5285,5,5,5,0,1,1,both_correct
5286,6,6,6,0,1,1,both_correct
5287,7,7,7,0,1,1,both_correct
5288,8,8,8,0,1,1,both_correct
5289,9,9,9,0,1,1,both_correct
5290,0,0,0,0,1,1,both_correct
5291,1,1,1,0,1,1,both_correct
5292,2,2,2,0,1,1,both_correct
5293,3,3,3,0,1,1,both_correct
5294,4,4,4,0,1,1,both_correct
5295,5,5,5,0,1,1,both_correct
5296,6,6,6,0,1,1,both_correct
5297,7,7,7,0,1,1,both_correct
5298,8,8,8,0,1,1,both_correct
5299,9,9,9,0,1,1,both_correct
5300,8,8,8,0,1,1,both_correct
5301,0,0,0,0,1,1,both_correct
5302,5,5,5,0,1,1,both_correct
5303,6,6,6,0,1,1,both_correct
5304,6,6,6,0,1,1,both_correct
5305,0,0,0,0,1,1,both_correct
5306,8,8,8,0,1,1,both_correct
5307,0,0,0,0,1,1,both_correct
5308,2,2,2,0,1,1,both_correct
5309,3,3,3,0,1,1,both_correct
5310,7,7,7,0,1,1,both_correct
5311,9,9,9,0,1,1,both_correct
5312,4,4,4,0,1,1,both_correct
5313,7,7,7,0,1,1,both_correct
5314,1,1,1,0,1,1,both_correct
5315,9,9,9,0,1,1,both_correct
5316,1,1,1,0,1,1,both_correct
5317,7,7,7,0,1,1,both_correct
5318,1,1,1,0,1,1,both_correct
5319,4,4,4,0,1,1,both_correct
5320,0,0,0,0,1,1,both_correct
5321,0,0,0,0,1,1,both_correct
5322,4,4,4,0,1,1,both_correct
5323,1,1,1,0,1,1,both_correct
5324,7,7,7,0,1,1,both_correct
5325,5,5,5,0,1,1,both_correct
5326,7,7,7,0,1,1,both_correct
5327,1,1,1,0,1,1,both_correct
5328,3,3,3,0,1,1,both_correct
5329,3,3,3,0,1,1,both_correct
5330,3,3,3,0,1,1,both_correct
5331,1,1,1,0,1,1,both_correct
5332,6,6,6,0,1,1,both_correct
5333,9,9,9,0,1,1,both_correct
5334,7,7,7,0,1,1,both_correct
5335,4,4,4,0,1,1,both_correct
5336,3,3,3,0,1,1,both_correct
5337,0,0,0,0,1,1,both_correct
5338,2,2,2,0,1,1,both_correct
5339,5,5,5,0,1,1,both_correct
5340,2,2,2,0,1,1,both_correct
5341,6,6,6,0,1,1,both_correct
5342,0,0,0,0,1,1,both_correct
5343,8,8,8,0,1,1,both_correct
5344,9,9,9,0,1,1,both_correct
5345,4,4,4,0,1,1,both_correct
5346,3,3,3,0,1,1,both_correct
5347,5,5,5,0,1,1,both_correct
5348,4,4,4,0,1,1,both_correct
5349,8,8,8,0,1,1,both_correct
5350,1,1,1,0,1,1,both_correct
5351,5,5,5,0,1,1,both_correct
5352,9,9,9,0,1,1,both_correct
5353,0,0,0,0,1,1,both_correct
5354,6,6,6,0,1,1,both_correct
5355,4,4,4,0,1,1,both_correct
5356,3,3,3,0,1,1,both_correct
5357,6,6,6,0,1,1,both_correct
5358,3,3,3,0,1,1,both_correct
5359,3,3,3,0,1,1,both_correct
5360,8,8,8,0,1,1,both_correct
5361,1,1,1,0,1,1,both_correct
5362,4,4,4,0,1,1,both_correct
5363,7,7,7,0,1,1,both_correct
5364,5,5,5,0,1,1,both_correct
5365,7,7,7,0,1,1,both_correct
5366,2,2,2,0,1,1,both_correct
5367,2,2,2,0,1,1,both_correct
5368,0,0,0,0,1,1,both_correct
5369,0,0,0,0,1,1,both_correct
5370,1,1,1,0,1,1,both_correct
5371,7,7,7,0,1,1,both_correct
5372,7,7,7,0,1,1,both_correct
5373,9,9,9,0,1,1,both_correct
5374,5,5,5,0,1,1,both_correct
5375,9,9,9,0,1,1,both_correct
5376,8,8,8,0,1,1,both_correct
5377,9,9,9,0,1,1,both_correct
5378,6,6,6,0,1,1,both_correct
5379,8,8,8,0,1,1,both_correct
5380,8,8,8,0,1,1,both_correct
5381,2,2,2,0,1,1,both_correct
5382,3,3,3,0,1,1,both_correct
5383,6,6,6,0,1,1,both_correct
5384,1,1,1,0,1,1,both_correct
5385,2,2,2,0,1,1,both_correct
5386,9,9,9,0,1,1,both_correct
5387,8,8,8,0,1,1,both_correct
5388,9,9,9,0,1,1,both_correct
5389,5,5,5,0,1,1,both_correct
5390,2,2,2,0,1,1,both_correct
5391,6,6,6,0,1,1,both_correct
5392,2,2,2,0,1,1,both_correct
5393,4,4,4,0,1,1,both_correct
5394,8,8,8,0,1,1,both_correct
5395,4,4,4,0,1,1,both_correct
5396,6,6,6,0,1,1,both_correct
5397,5,5,5,0,1,1,both_correct
5398,0,0,0,0,1,1,both_correct
5399,1,1,1,0,1,1,both_correct
5400,5,5,5,0,1,1,both_correct
5401,6,6,6,0,1,1,both_correct
5402,7,7,7,0,1,1,both_correct
5403,8,8,8,0,1,1,both_correct
5404,9,9,9,0,1,1,both_correct
5405,0,0,0,0,1,1,both_correct
5406,1,1,1,0,1,1,both_correct
5407,2,2,2,0,1,1,both_correct
5408,3,3,3,0,1,1,both_correct
5409,4,4,4,0,1,1,both_correct
5410,5,5,5,0,1,1,both_correct
5411,6,6,6,0,1,1,both_correct
5412,7,7,7,0,1,1,both_correct
5413,8,8,8,0,1,1,both_correct
5414,9,9,9,0,1,1,both_correct
5415,0,0,0,0,1,1,both_correct
5416,1,1,1,0,1,1,both_correct
5417,2,2,2,0,1,1,both_correct
5418,3,3,3,0,1,1,both_correct
5419,4,4,4,0,1,1,both_correct
5420,5,5,5,0,1,1,both_correct
5421,6,6,6,0,1,1,both_correct
5422,7,7,7,0,1,1,both_correct
5423,8,8,8,0,1,1,both_correct
5424,9,9,9,0,1,1,both_correct
5425,7,7,7,0,1,1,both_correct
5426,4,4,4,0,1,1,both_correct
5427,2,2,2,0,1,1,both_correct
5428,0,0,0,0,1,1,both_correct
5429,9,9,9,0,1,1,both_correct
5430,0,0,0,0,1,1,both_correct
5431,1,1,1,0,1,1,both_correct
5432,5,5,5,0,1,1,both_correct
5433,8,8,8,0,1,1,both_correct
5434,8,8,8,0,1,1,both_correct
5435,0,0,0,0,1,1,both_correct
5436,2,2,2,0,1,1,both_correct
5437,7,7,7,0,1,1,both_correct
5438,8,8,8,0,1,1,both_correct
5439,4,4,4,0,1,1,both_correct
5440,4,4,4,0,1,1,both_correct
5441,6,6,6,0,1,1,both_correct
5442,1,1,1,0,1,1,both_correct
5443,0,0,0,0,1,1,both_correct
5444,4,4,4,0,1,1,both_correct
5445,5,5,5,0,1,1,both_correct
5446,3,3,3,0,1,1,both_correct
5447,9,9,9,0,1,1,both_correct
5448,4,4,4,0,1,1,both_correct
5449,2,2,2,0,1,1,both_correct
5450,0,0,0,0,1,1,both_correct
5451,5,5,5,0,1,1,both_correct
5452,0,0,0,0,1,1,both_correct
5453,1,1,1,0,1,1,both_correct
5454,3,3,3,0,1,1,both_correct
5455,2,2,2,0,1,1,both_correct
5456,9,9,9,0,1,1,both_correct
5457,1,1,1,0,1,1,both_correct
5458,6,6,6,0,1,1,both_correct
5459,0,0,0,0,1,1,both_correct
5460,1,1,1,0,1,1,both_correct
5461,1,1,1,0,1,1,both_correct
5462,8,8,8,0,1,1,both_correct
5463,0,0,0,0,1,1,both_correct
5464,4,4,4,0,1,1,both_correct
5465,7,7,7,0,1,1,both_correct
5466,7,7,7,0,1,1,both_correct
5467,6,6,6,0,1,1,both_correct
5468,3,3,3,0,1,1,both_correct
5469,6,6,6,0,1,1,both_correct
5470,0,0,0,0,1,1,both_correct
5471,7,7,7,0,1,1,both_correct
5472,3,3,3,0,1,1,both_correct
5473,5,5,5,0,1,1,both_correct
5474,4,4,4,0,1,1,both_correct
5475,2,2,2,0,1,1,both_correct
5476,4,4,4,0,1,1,both_correct
5477,1,1,1,0,1,1,both_correct
5478,8,8,8,0,1,1,both_correct
5479,3,3,3,0,1,1,both_correct
5480,5,5,5,0,1,1,both_correct
5481,6,6,6,0,1,1,both_correct
5482,7,7,7,0,1,1,both_correct
5483,0,0,0,0,1,1,both_correct
5484,6,6,6,0,1,1,both_correct
5485,7,7,7,0,1,1,both_correct
5486,1,1,1,0,1,1,both_correct
5487,2,2,2,0,1,1,both_correct
5488,5,5,5,0,1,1,both_correct
5489,8,8,8,0,1,1,both_correct
5490,1,1,1,0,1,1,both_correct
5491,9,9,9,0,1,1,both_correct
5492,3,3,3,0,1,1,both_correct
5493,8,8,8,0,1,1,both_correct
5494,2,2,2,0,1,1,both_correct
5495,8,8,8,0,1,1,both_correct
5496,7,7,7,0,1,1,both_correct
5497,6,6,6,0,1,1,both_correct
5498,7,7,7,0,1,1,both_correct
5499,1,1,1,0,1,1,both_correct
5500,4,4,4,0,1,1,both_correct
5501,6,6,6,0,1,1,both_correct
5502,2,2,2,0,1,1,both_correct
5503,9,9,9,0,1,1,both_correct
5504,3,3,3,0,1,1,both_correct
5505,0,0,0,0,1,1,both_correct
5506,1,1,1,0,1,1,both_correct
5507,2,2,2,0,1,1,both_correct
5508,3,3,3,0,1,1,both_correct
5509,4,4,4,0,1,1,both_correct
5510,5,5,5,0,1,1,both_correct
5511,6,6,6,0,1,1,both_correct
5512,7,7,7,0,1,1,both_correct
5513,0,0,0,0,1,1,both_correct
5514,1,1,1,0,1,1,both_correct
5515,2,2,2,0,1,1,both_correct
5516,3,3,3,0,1,1,both_correct
5517,4,4,4,0,1,1,both_correct
5518,5,5,5,0,1,1,both_correct
5519,0,0,0,0,1,1,both_correct
5520,1,1,1,0,1,1,both_correct
5521,2,2,2,0,1,1,both_correct
5522,8,8,8,0,1,1,both_correct
5523,9,9,9,0,1,1,both_correct
5524,1,1,1,0,1,1,both_correct
5525,4,4,4,0,1,1,both_correct
5526,0,0,0,0,1,1,both_correct
5527,9,9,9,0,1,1,both_correct
5528,5,5,5,0,1,1,both_correct
5529,0,0,0,0,1,1,both_correct
5530,8,8,8,0,1,1,both_correct
5531,0,0,0,0,1,1,both_correct
5532,7,7,7,0,1,1,both_correct
5533,7,7,7,0,1,1,both_correct
5534,1,1,1,0,1,1,both_correct
5535,1,1,1,0,1,1,both_correct
5536,2,2,2,0,1,1,both_correct
5537,9,9,9,0,1,1,both_correct
5538,3,3,3,0,1,1,both_correct
5539,6,6,6,0,1,1,both_correct
5540,7,7,7,0,1,1,both_correct
5541,2,2,2,0,1,1,both_correct
5542,3,3,3,0,1,1,both_correct
5543,8,8,8,0,1,1,both_correct
5544,1,1,1,0,1,1,both_correct
5545,2,2,2,0,1,1,both_correct
5546,9,9,9,0,1,1,both_correct
5547,8,8,8,0,1,1,both_correct
5548,8,8,8,0,1,1,both_correct
5549,7,7,7,0,1,1,both_correct
5550,1,1,1,0,1,1,both_correct
5551,7,7,7,0,1,1,both_correct
5552,1,1,1,0,1,1,both_correct
5553,1,1,1,0,1,1,both_correct
5554,0,0,0,0,1,1,both_correct
5555,3,3,3,0,1,1,both_correct
5556,4,4,4,0,1,1,both_correct
5557,2,2,2,0,1,1,both_correct
5558,6,6,6,0,1,1,both_correct
5559,4,4,4,0,1,1,both_correct
5560,7,7,7,0,1,1,both_correct
5561,4,4,4,0,1,1,both_correct
5562,2,2,2,0,1,1,both_correct
5563,7,7,7,0,1,1,both_correct
5564,4,4,4,0,1,1,both_correct
5565,9,9,9,0,1,1,both_correct
5566,1,1,1,0,1,1,both_correct
5567,0,0,0,0,1,1,both_correct
5568,6,6,6,0,1,1,both_correct
5569,8,8,8,0,1,1,both_correct
5570,5,5,5,0,1,1,both_correct
5571,5,5,5,0,1,1,both_correct
5572,5,5,5,0,1,1,both_correct
5573,3,3,3,0,1,1,both_correct
5574,5,5,5,0,1,1,both_correct
5575,9,9,9,0,1,1,both_correct
5576,7,7,7,0,1,1,both_correct
5577,4,4,4,0,1,1,both_correct
5578,8,8,8,0,1,1,both_correct
5579,5,5,5,0,1,1,both_correct
5580,9,9,9,0,1,1,both_correct
5581,6,6,6,0,1,1,both_correct
5582,9,9,9,0,1,1,both_correct
5583,3,3,3,0,1,1,both_correct
5584,0,0,0,0,1,1,both_correct
5585,3,3,3,0,1,1,both_correct
5586,8,8,8,0,1,1,both_correct
5587,9,9,9,0,1,1,both_correct
5588,1,1,1,0,1,1,both_correct
5589,8,8,8,0,1,1,both_correct
5590,1,1,1,0,1,1,both_correct
5591,6,6,6,0,1,1,both_correct
5592,0,0,0,0,1,1,both_correct
5593,0,0,0,0,1,1,both_correct
5594,1,1,1,0,1,1,both_correct
5595,2,2,2,0,1,1,both_correct
5596,3,3,3,0,1,1,both_correct
5597,4,4,4,0,1,1,both_correct
5598,5,5,5,0,1,1,both_correct
5599,6,6,6,0,1,1,both_correct
5600,7,1,7,1,0,1,resize_only_correct
5601,8,8,8,0,1,1,both_correct
5602,9,9,9,0,1,1,both_correct
5603,0,0,0,0,1,1,both_correct
5604,1,1,1,0,1,1,both_correct
5605,2,2,2,0,1,1,both_correct
5606,3,3,3,0,1,1,both_correct
5607,4,4,4,0,1,1,both_correct
5608,5,5,5,0,1,1,both_correct
5609,6,6,6,0,1,1,both_correct
5610,7,7,7,0,1,1,both_correct
5611,8,8,8,0,1,1,both_correct
5612,9,9,9,0,1,1,both_correct
5613,0,0,0,0,1,1,both_correct
5614,1,1,1,0,1,1,both_correct
5615,2,2,2,0,1,1,both_correct
5616,3,3,3,0,1,1,both_correct
5617,4,4,4,0,1,1,both_correct
5618,5,5,5,0,1,1,both_correct
5619,6,6,6,0,1,1,both_correct
5620,7,7,7,0,1,1,both_correct
5621,8,8,8,0,1,1,both_correct
5622,9,9,9,0,1,1,both_correct
5623,3,3,3,0,1,1,both_correct
5624,5,5,5,0,1,1,both_correct
5625,3,3,3,0,1,1,both_correct
5626,2,3,2,1,0,1,resize_only_correct
5627,9,9,9,0,1,1,both_correct
5628,3,3,3,0,1,1,both_correct
5629,2,2,2,0,1,1,both_correct
5630,1,1,1,0,1,1,both_correct
5631,4,4,4,0,1,1,both_correct
5632,5,5,5,0,1,1,both_correct
5633,5,5,5,0,1,1,both_correct
5634,2,2,2,0,1,1,both_correct
5635,3,3,3,0,1,1,both_correct
5636,2,2,2,0,1,1,both_correct
5637,1,1,1,0,1,1,both_correct
5638,3,3,3,0,1,1,both_correct
5639,9,9,9,0,1,1,both_correct
5640,7,7,7,0,1,1,both_correct
5641,2,2,2,0,1,1,both_correct
5642,1,1,1,0,1,1,both_correct
5643,2,2,2,0,1,1,both_correct
5644,8,8,8,0,1,1,both_correct
5645,9,9,9,0,1,1,both_correct
5646,1,1,1,0,1,1,both_correct
5647,8,8,8,0,1,1,both_correct
5648,8,8,8,0,1,1,both_correct
5649,7,7,7,0,1,1,both_correct
5650,8,8,8,0,1,1,both_correct
5651,1,1,1,0,1,1,both_correct
5652,0,0,0,0,1,1,both_correct
5653,0,0,0,0,1,1,both_correct
5654,7,2,2,0,0,0,both_wrong_same_prediction
5655,7,7,7,0,1,1,both_correct
5656,8,8,8,0,1,1,both_correct
5657,7,7,7,0,1,1,both_correct
5658,5,5,5,0,1,1,both_correct
5659,0,0,0,0,1,1,both_correct
5660,6,6,6,0,1,1,both_correct
5661,1,1,1,0,1,1,both_correct
5662,5,5,5,0,1,1,both_correct
5663,7,7,7,0,1,1,both_correct
5664,4,4,4,0,1,1,both_correct
5665,6,6,6,0,1,1,both_correct
5666,1,1,1,0,1,1,both_correct
5667,2,2,2,0,1,1,both_correct
5668,5,5,5,0,1,1,both_correct
5669,0,0,0,0,1,1,both_correct
5670,7,7,7,0,1,1,both_correct
5671,9,9,9,0,1,1,both_correct
5672,9,9,9,0,1,1,both_correct
5673,0,0,0,0,1,1,both_correct
5674,3,3,3,0,1,1,both_correct
5675,8,8,8,0,1,1,both_correct
5676,4,7,4,1,0,1,resize_only_correct
5677,4,4,4,0,1,1,both_correct
5678,8,8,8,0,1,1,both_correct
5679,1,1,1,0,1,1,both_correct
5680,8,8,8,0,1,1,both_correct
5681,6,6,6,0,1,1,both_correct
5682,5,5,5,0,1,1,both_correct
5683,9,9,9,0,1,1,both_correct
5684,0,0,0,0,1,1,both_correct
5685,0,0,0,0,1,1,both_correct
5686,0,0,0,0,1,1,both_correct
5687,3,3,3,0,1,1,both_correct
5688,7,7,7,0,1,1,both_correct
5689,1,1,1,0,1,1,both_correct
5690,6,6,6,0,1,1,both_correct
5691,4,4,4,0,1,1,both_correct
5692,2,2,2,0,1,1,both_correct
5693,6,6,6,0,1,1,both_correct
5694,6,6,6,0,1,1,both_correct
5695,0,0,0,0,1,1,both_correct
5696,4,4,4,0,1,1,both_correct
5697,5,5,5,0,1,1,both_correct
5698,4,4,4,0,1,1,both_correct
5699,1,1,1,0,1,1,both_correct
5700,3,3,3,0,1,1,both_correct
5701,8,8,8,0,1,1,both_correct
5702,6,6,6,0,1,1,both_correct
5703,3,3,3,0,1,1,both_correct
5704,9,9,9,0,1,1,both_correct
5705,9,9,9,0,1,1,both_correct
5706,5,5,5,0,1,1,both_correct
5707,9,9,9,0,1,1,both_correct
5708,3,3,3,0,1,1,both_correct
5709,7,7,7,0,1,1,both_correct
5710,8,8,8,0,1,1,both_correct
5711,5,5,5,0,1,1,both_correct
5712,6,6,6,0,1,1,both_correct
5713,4,4,4,0,1,1,both_correct
5714,7,7,7,0,1,1,both_correct
5715,6,6,6,0,1,1,both_correct
5716,2,2,2,0,1,1,both_correct
5717,2,2,2,0,1,1,both_correct
5718,0,0,0,0,1,1,both_correct
5719,9,9,9,0,1,1,both_correct
5720,4,4,4,0,1,1,both_correct
5721,0,0,0,0,1,1,both_correct
5722,1,1,1,0,1,1,both_correct
5723,2,2,2,0,1,1,both_correct
5724,3,3,3,0,1,1,both_correct
5725,4,4,4,0,1,1,both_correct
5726,5,5,5,0,1,1,both_correct
5727,6,6,6,0,1,1,both_correct
5728,7,7,7,0,1,1,both_correct
5729,8,8,8,0,1,1,both_correct
5730,9,9,9,0,1,1,both_correct
5731,0,0,0,0,1,1,both_correct
5732,1,1,1,0,1,1,both_correct
5733,2,2,2,0,1,1,both_correct
5734,3,3,2,1,1,0,pad_only_correct
5735,5,5,5,0,1,1,both_correct
5736,6,6,6,0,1,1,both_correct
5737,0,0,0,0,1,1,both_correct
5738,1,1,1,0,1,1,both_correct
5739,2,2,2,0,1,1,both_correct
5740,3,3,3,0,1,1,both_correct
5741,4,4,4,0,1,1,both_correct
5742,5,5,5,0,1,1,both_correct
5743,6,6,6,0,1,1,both_correct
5744,8,8,8,0,1,1,both_correct
5745,7,1,7,1,0,1,resize_only_correct
5746,1,1,1,0,1,1,both_correct
5747,3,3,3,0,1,1,both_correct
5748,2,2,2,0,1,1,both_correct
5749,8,8,8,0,1,1,both_correct
5750,0,0,0,0,1,1,both_correct
5751,7,7,7,0,1,1,both_correct
5752,5,5,5,0,1,1,both_correct
5753,9,9,9,0,1,1,both_correct
5754,9,9,9,0,1,1,both_correct
5755,6,6,6,0,1,1,both_correct
5756,0,0,0,0,1,1,both_correct
5757,9,9,9,0,1,1,both_correct
5758,4,4,4,0,1,1,both_correct
5759,1,1,1,0,1,1,both_correct
5760,3,3,3,0,1,1,both_correct
5761,2,2,2,0,1,1,both_correct
5762,1,1,1,0,1,1,both_correct
5763,2,2,2,0,1,1,both_correct
5764,3,3,3,0,1,1,both_correct
5765,8,8,8,0,1,1,both_correct
5766,3,3,3,0,1,1,both_correct
5767,2,2,2,0,1,1,both_correct
5768,6,6,6,0,1,1,both_correct
5769,5,5,5,0,1,1,both_correct
5770,6,6,6,0,1,1,both_correct
5771,8,8,8,0,1,1,both_correct
5772,2,2,2,0,1,1,both_correct
5773,7,7,7,0,1,1,both_correct
5774,4,4,4,0,1,1,both_correct
5775,8,8,8,0,1,1,both_correct
5776,1,1,1,0,1,1,both_correct
5777,8,8,8,0,1,1,both_correct
5778,0,0,0,0,1,1,both_correct
5779,5,5,5,0,1,1,both_correct
5780,3,3,3,0,1,1,both_correct
5781,9,9,9,0,1,1,both_correct
5782,4,4,4,0,1,1,both_correct
5783,1,1,1,0,1,1,both_correct
5784,9,9,9,0,1,1,both_correct
5785,2,2,2,0,1,1,both_correct
5786,1,1,1,0,1,1,both_correct
5787,9,9,9,0,1,1,both_correct
5788,6,6,6,0,1,1,both_correct
5789,7,7,7,0,1,1,both_correct
5790,9,9,9,0,1,1,both_correct
5791,0,0,0,0,1,1,both_correct
5792,4,4,4,0,1,1,both_correct
5793,6,6,6,0,1,1,both_correct
5794,1,1,1,0,1,1,both_correct
5795,7,7,7,0,1,1,both_correct
5796,3,3,3,0,1,1,both_correct
5797,8,8,8,0,1,1,both_correct
5798,7,7,7,0,1,1,both_correct
5799,2,2,2,0,1,1,both_correct
5800,9,9,9,0,1,1,both_correct
5801,6,6,6,0,1,1,both_correct
5802,5,5,5,0,1,1,both_correct
5803,8,8,8,0,1,1,both_correct
5804,3,3,3,0,1,1,both_correct
5805,9,9,9,0,1,1,both_correct
5806,0,0,0,0,1,1,both_correct
5807,5,5,5,0,1,1,both_correct
5808,7,7,7,0,1,1,both_correct
5809,1,1,1,0,1,1,both_correct
5810,6,6,6,0,1,1,both_correct
5811,1,1,1,0,1,1,both_correct
5812,0,0,0,0,1,1,both_correct
5813,9,9,9,0,1,1,both_correct
5814,3,3,3,0,1,1,both_correct
5815,3,3,3,0,1,1,both_correct
5816,4,4,4,0,1,1,both_correct
5817,4,4,4,0,1,1,both_correct
5818,0,0,0,0,1,1,both_correct
5819,6,6,6,0,1,1,both_correct
5820,2,2,2,0,1,1,both_correct
5821,5,5,5,0,1,1,both_correct
5822,4,4,4,0,1,1,both_correct
5823,2,2,2,0,1,1,both_correct
5824,3,3,3,0,1,1,both_correct
5825,4,4,4,0,1,1,both_correct
5826,6,6,6,0,1,1,both_correct
5827,0,0,0,0,1,1,both_correct
5828,0,0,0,0,1,1,both_correct
5829,2,2,2,0,1,1,both_correct
5830,0,0,0,0,1,1,both_correct
5831,1,1,1,0,1,1,both_correct
5832,4,4,4,0,1,1,both_correct
5833,5,5,5,0,1,1,both_correct
5834,6,6,6,0,1,1,both_correct
5835,7,7,7,0,1,1,both_correct
5836,8,8,8,0,1,1,both_correct
5837,9,9,9,0,1,1,both_correct
5838,0,0,0,0,1,1,both_correct
5839,1,1,1,0,1,1,both_correct
5840,2,2,2,0,1,1,both_correct
5841,3,3,3,0,1,1,both_correct
5842,4,4,4,0,1,1,both_correct
5843,5,5,5,0,1,1,both_correct
5844,6,6,6,0,1,1,both_correct
5845,7,7,7,0,1,1,both_correct
5846,8,8,8,0,1,1,both_correct
5847,0,0,0,0,1,1,both_correct
5848,1,1,1,0,1,1,both_correct
5849,2,2,2,0,1,1,both_correct
5850,3,3,3,0,1,1,both_correct
5851,4,4,4,0,1,1,both_correct
5852,5,5,5,0,1,1,both_correct
5853,6,6,6,0,1,1,both_correct
5854,7,7,7,0,1,1,both_correct
5855,8,8,8,0,1,1,both_correct
5856,9,9,9,0,1,1,both_correct
5857,8,8,8,0,1,1,both_correct
5858,7,7,7,0,1,1,both_correct
5859,1,1,1,0,1,1,both_correct
5860,3,3,3,0,1,1,both_correct
5861,7,7,7,0,1,1,both_correct
5862,5,5,5,0,1,1,both_correct
5863,2,2,2,0,1,1,both_correct
5864,8,8,8,0,1,1,both_correct
5865,0,0,0,0,1,1,both_correct
5866,7,7,7,0,1,1,both_correct
5867,5,5,5,0,1,1,both_correct
5868,9,9,9,0,1,1,both_correct
5869,9,9,9,0,1,1,both_correct
5870,0,0,0,0,1,1,both_correct
5871,9,9,9,0,1,1,both_correct
5872,1,1,1,0,1,1,both_correct
5873,1,1,1,0,1,1,both_correct
5874,5,5,5,0,1,1,both_correct
5875,8,8,8,0,1,1,both_correct
5876,8,8,8,0,1,1,both_correct
5877,6,6,6,0,1,1,both_correct
5878,3,3,3,0,1,1,both_correct
5879,2,2,2,0,1,1,both_correct
5880,1,1,1,0,1,1,both_correct
5881,8,8,8,0,1,1,both_correct
5882,3,3,3,0,1,1,both_correct
5883,2,2,2,0,1,1,both_correct
5884,6,6,6,0,1,1,both_correct
5885,5,5,5,0,1,1,both_correct
5886,6,6,6,0,1,1,both_correct
5887,7,7,7,0,1,1,both_correct
5888,4,4,4,0,1,1,both_correct
5889,1,1,1,0,1,1,both_correct
5890,0,0,0,0,1,1,both_correct
5891,5,5,5,0,1,1,both_correct
5892,3,3,3,0,1,1,both_correct
5893,1,1,1,0,1,1,both_correct
5894,9,9,9,0,1,1,both_correct
5895,2,2,2,0,1,1,both_correct
5896,1,1,1,0,1,1,both_correct
5897,9,9,9,0,1,1,both_correct
5898,6,6,6,0,1,1,both_correct
5899,0,0,0,0,1,1,both_correct
5900,4,4,4,0,1,1,both_correct
5901,6,6,6,0,1,1,both_correct
5902,1,1,1,0,1,1,both_correct
5903,7,7,7,0,1,1,both_correct
5904,3,3,3,0,1,1,both_correct
5905,8,8,8,0,1,1,both_correct
5906,7,7,7,0,1,1,both_correct
5907,2,2,2,0,1,1,both_correct
5908,9,9,9,0,1,1,both_correct
5909,6,6,6,0,1,1,both_correct
5910,5,5,5,0,1,1,both_correct
5911,8,8,8,0,1,1,both_correct
5912,3,3,3,0,1,1,both_correct
5913,5,5,5,0,1,1,both_correct
5914,7,7,7,0,1,1,both_correct
5915,1,1,1,0,1,1,both_correct
5916,6,6,6,0,1,1,both_correct
5917,1,1,1,0,1,1,both_correct
5918,0,0,0,0,1,1,both_correct
5919,9,9,9,0,1,1,both_correct
5920,6,6,6,0,1,1,both_correct
5921,2,2,2,0,1,1,both_correct
5922,5,5,5,0,1,1,both_correct
5923,4,4,4,0,1,1,both_correct
5924,2,2,2,0,1,1,both_correct
5925,3,3,3,0,1,1,both_correct
5926,4,4,4,0,1,1,both_correct
5927,4,4,4,0,1,1,both_correct
5928,6,6,6,0,1,1,both_correct
5929,0,0,0,0,1,1,both_correct
5930,0,0,0,0,1,1,both_correct
5931,2,2,2,0,1,1,both_correct
5932,0,0,0,0,1,1,both_correct
5933,1,1,1,0,1,1,both_correct
5934,2,2,2,0,1,1,both_correct
5935,3,3,3,0,1,1,both_correct
5936,4,4,4,0,1,1,both_correct
5937,5,3,3,0,0,0,both_wrong_same_prediction
5938,6,6,6,0,1,1,both_correct
5939,7,7,7,0,1,1,both_correct
5940,8,8,8,0,1,1,both_correct
5941,9,9,9,0,1,1,both_correct
5942,0,0,0,0,1,1,both_correct
5943,1,1,1,0,1,1,both_correct
5944,2,2,2,0,1,1,both_correct
5945,3,3,3,0,1,1,both_correct
5946,4,4,4,0,1,1,both_correct
5947,5,5,5,0,1,1,both_correct
5948,6,6,6,0,1,1,both_correct
5949,7,7,7,0,1,1,both_correct
5950,8,8,8,0,1,1,both_correct
5951,9,9,9,0,1,1,both_correct
5952,0,0,0,0,1,1,both_correct
5953,1,1,1,0,1,1,both_correct
5954,2,2,2,0,1,1,both_correct
5955,3,8,8,0,0,0,both_wrong_same_prediction
5956,4,4,4,0,1,1,both_correct
5957,5,5,5,0,1,1,both_correct
5958,6,6,6,0,1,1,both_correct
5959,7,7,7,0,1,1,both_correct
5960,8,8,8,0,1,1,both_correct
5961,9,9,9,0,1,1,both_correct
5962,8,8,8,0,1,1,both_correct
5963,6,6,5,1,1,0,pad_only_correct
5964,5,5,5,0,1,1,both_correct
5965,0,0,0,0,1,1,both_correct
5966,6,6,6,0,1,1,both_correct
5967,8,8,8,0,1,1,both_correct
5968,9,9,9,0,1,1,both_correct
5969,4,4,4,0,1,1,both_correct
5970,1,1,1,0,1,1,both_correct
5971,9,9,9,0,1,1,both_correct
5972,5,5,5,0,1,1,both_correct
5973,3,8,8,0,0,0,both_wrong_same_prediction
5974,0,0,0,0,1,1,both_correct
5975,4,4,4,0,1,1,both_correct
5976,8,8,8,0,1,1,both_correct
5977,9,9,9,0,1,1,both_correct
5978,1,1,1,0,1,1,both_correct
5979,4,4,4,0,1,1,both_correct
5980,0,0,0,0,1,1,both_correct
5981,5,3,3,0,0,0,both_wrong_same_prediction
5982,5,5,5,0,1,1,both_correct
5983,2,2,2,0,1,1,both_correct
5984,1,1,1,0,1,1,both_correct
5985,5,5,5,0,1,1,both_correct
5986,4,4,4,0,1,1,both_correct
5987,0,0,0,0,1,1,both_correct
5988,7,7,7,0,1,1,both_correct
5989,6,6,6,0,1,1,both_correct
5990,0,0,0,0,1,1,both_correct
5991,1,1,1,0,1,1,both_correct
5992,7,7,7,0,1,1,both_correct
5993,0,0,0,0,1,1,both_correct
5994,6,6,6,0,1,1,both_correct
5995,8,8,8,0,1,1,both_correct
5996,9,9,9,0,1,1,both_correct
5997,5,5,5,0,1,1,both_correct
5998,1,1,1,0,1,1,both_correct
5999,7,7,7,0,1,1,both_correct
6000,9,9,9,0,1,1,both_correct
6001,8,8,8,0,1,1,both_correct
6002,6,6,6,0,1,1,both_correct
6003,0,0,0,0,1,1,both_correct
6004,8,8,8,0,1,1,both_correct
6005,1,1,1,0,1,1,both_correct
6006,7,1,7,1,0,1,resize_only_correct
6007,7,7,7,0,1,1,both_correct
6008,1,1,1,0,1,1,both_correct
6009,3,3,3,0,1,1,both_correct
6010,2,2,2,0,1,1,both_correct
6011,3,3,3,0,1,1,both_correct
6012,1,1,1,0,1,1,both_correct
6013,4,4,4,0,1,1,both_correct
6014,2,2,2,0,1,1,both_correct
6015,0,0,0,0,1,1,both_correct
6016,0,0,0,0,1,1,both_correct
6017,7,7,7,0,1,1,both_correct
6018,8,8,8,0,1,1,both_correct
6019,4,4,4,0,1,1,both_correct
6020,6,6,6,0,1,1,both_correct
6021,4,4,4,0,1,1,both_correct
6022,9,9,9,0,1,1,both_correct
6023,3,3,8,1,1,0,pad_only_correct
6024,8,8,8,0,1,1,both_correct
6025,4,4,4,0,1,1,both_correct
6026,7,1,1,0,0,0,both_wrong_same_prediction
6027,2,2,2,0,1,1,both_correct
6028,5,5,5,0,1,1,both_correct
6029,6,5,6,1,0,1,resize_only_correct
6030,3,3,3,0,1,1,both_correct
6031,6,6,6,0,1,1,both_correct
6032,9,9,9,0,1,1,both_correct
6033,6,6,6,0,1,1,both_correct
6034,3,3,3,0,1,1,both_correct
6035,2,0,2,1,0,1,resize_only_correct
6036,2,2,2,0,1,1,both_correct
6037,4,4,4,0,1,1,both_correct
6038,6,6,6,0,1,1,both_correct
6039,9,9,9,0,1,1,both_correct
6040,0,0,0,0,1,1,both_correct
6041,2,2,2,0,1,1,both_correct
6042,5,5,5,0,1,1,both_correct
6043,5,5,5,0,1,1,both_correct
6044,1,1,1,0,1,1,both_correct
6045,3,3,3,0,1,1,both_correct
6046,3,3,3,0,1,1,both_correct
6047,9,9,9,0,1,1,both_correct
6048,7,7,7,0,1,1,both_correct
6049,8,8,8,0,1,1,both_correct
6050,7,7,7,0,1,1,both_correct
6051,2,2,2,0,1,1,both_correct
6052,2,2,2,0,1,1,both_correct
6053,5,5,5,0,1,1,both_correct
6054,7,7,7,0,1,1,both_correct
6055,9,9,9,0,1,1,both_correct
6056,8,8,8,0,1,1,both_correct
6057,2,2,2,0,1,1,both_correct
6058,1,1,1,0,1,1,both_correct
6059,3,3,3,0,1,1,both_correct
6060,1,1,1,0,1,1,both_correct
6061,3,3,3,0,1,1,both_correct
6062,0,0,0,0,1,1,both_correct
6063,1,1,1,0,1,1,both_correct
6064,2,2,2,0,1,1,both_correct
6065,3,3,3,0,1,1,both_correct
6066,4,4,4,0,1,1,both_correct
6067,5,5,5,0,1,1,both_correct
6068,6,6,6,0,1,1,both_correct
6069,7,7,7,0,1,1,both_correct
6070,8,8,8,0,1,1,both_correct
6071,9,9,9,0,1,1,both_correct
6072,0,0,0,0,1,1,both_correct
6073,1,1,1,0,1,1,both_correct
6074,2,2,2,0,1,1,both_correct
6075,3,3,3,0,1,1,both_correct
6076,4,4,4,0,1,1,both_correct
6077,5,5,5,0,1,1,both_correct
6078,6,6,6,0,1,1,both_correct
6079,7,7,7,0,1,1,both_correct
6080,8,8,8,0,1,1,both_correct
6081,9,9,9,0,1,1,both_correct
6082,0,0,0,0,1,1,both_correct
6083,1,1,1,0,1,1,both_correct
6084,2,2,2,0,1,1,both_correct
6085,3,3,3,0,1,1,both_correct
6086,4,4,4,0,1,1,both_correct
6087,5,5,5,0,1,1,both_correct
6088,6,6,6,0,1,1,both_correct
6089,7,7,7,0,1,1,both_correct
6090,8,8,8,0,1,1,both_correct
6091,9,9,9,0,1,1,both_correct
6092,1,1,1,0,1,1,both_correct
6093,2,2,2,0,1,1,both_correct
6094,6,6,6,0,1,1,both_correct
6095,5,5,5,0,1,1,both_correct
6096,3,3,3,0,1,1,both_correct
6097,0,0,0,0,1,1,both_correct
6098,7,7,7,0,1,1,both_correct
6099,0,0,0,0,1,1,both_correct
6100,4,4,4,0,1,1,both_correct
6101,1,1,1,0,1,1,both_correct
6102,4,4,4,0,1,1,both_correct
6103,3,3,3,0,1,1,both_correct
6104,6,6,6,0,1,1,both_correct
6105,7,7,7,0,1,1,both_correct
6106,2,2,2,0,1,1,both_correct
6107,3,3,3,0,1,1,both_correct
6108,1,1,1,0,1,1,both_correct
6109,2,2,2,0,1,1,both_correct
6110,1,1,1,0,1,1,both_correct
6111,2,2,2,0,1,1,both_correct
6112,9,9,9,0,1,1,both_correct
6113,6,6,6,0,1,1,both_correct
6114,0,0,0,0,1,1,both_correct
6115,1,1,1,0,1,1,both_correct
6116,3,3,3,0,1,1,both_correct
6117,0,0,0,0,1,1,both_correct
6118,2,2,2,0,1,1,both_correct
6119,7,7,7,0,1,1,both_correct
6120,5,5,5,0,1,1,both_correct
6121,7,7,7,0,1,1,both_correct
6122,6,6,6,0,1,1,both_correct
6123,2,2,2,0,1,1,both_correct
6124,9,9,9,0,1,1,both_correct
6125,1,1,1,0,1,1,both_correct
6126,9,9,9,0,1,1,both_correct
6127,0,0,0,0,1,1,both_correct
6128,6,6,6,0,1,1,both_correct
6129,0,0,0,0,1,1,both_correct
6130,6,6,6,0,1,1,both_correct
6131,0,0,0,0,1,1,both_correct
6132,2,2,2,0,1,1,both_correct
6133,0,0,0,0,1,1,both_correct
6134,6,6,6,0,1,1,both_correct
6135,1,1,1,0,1,1,both_correct
6136,5,5,5,0,1,1,both_correct
6137,8,8,8,0,1,1,both_correct
6138,4,4,4,0,1,1,both_correct
6139,3,3,3,0,1,1,both_correct
6140,0,0,0,0,1,1,both_correct
6141,1,1,1,0,1,1,both_correct
6142,5,5,5,0,1,1,both_correct
6143,4,4,4,0,1,1,both_correct
6144,4,4,4,0,1,1,both_correct
6145,8,8,8,0,1,1,both_correct
6146,5,5,5,0,1,1,both_correct
6147,7,7,7,0,1,1,both_correct
6148,5,5,5,0,1,1,both_correct
6149,7,7,7,0,1,1,both_correct
6150,8,8,8,0,1,1,both_correct
6151,3,3,3,0,1,1,both_correct
6152,4,4,4,0,1,1,both_correct
6153,8,8,8,0,1,1,both_correct
6154,8,8,8,0,1,1,both_correct
6155,5,5,5,0,1,1,both_correct
6156,2,2,2,0,1,1,both_correct
6157,9,9,9,0,1,1,both_correct
6158,7,7,7,0,1,1,both_correct
6159,1,1,1,0,1,1,both_correct
6160,3,3,3,0,1,1,both_correct
6161,8,8,8,0,1,1,both_correct
6162,1,1,1,0,1,1,both_correct
6163,0,0,0,0,1,1,both_correct
6164,7,7,7,0,1,1,both_correct
6165,5,5,5,0,1,1,both_correct
6166,9,3,8,1,0,0,both_wrong_changed
6167,6,6,6,0,1,1,both_correct
6168,9,9,9,0,1,1,both_correct
6169,4,4,4,0,1,1,both_correct
6170,7,7,7,0,1,1,both_correct
6171,7,7,7,0,1,1,both_correct
6172,9,9,9,0,1,1,both_correct
6173,9,8,8,0,0,0,both_wrong_same_prediction
6174,3,3,3,0,1,1,both_correct
6175,4,4,4,0,1,1,both_correct
6176,4,4,4,0,1,1,both_correct
6177,3,3,3,0,1,1,both_correct
6178,8,8,8,0,1,1,both_correct
6179,6,6,6,0,1,1,both_correct
6180,2,2,2,0,1,1,both_correct
6181,0,0,0,0,1,1,both_correct
6182,1,1,1,0,1,1,both_correct
6183,2,2,2,0,1,1,both_correct
6184,3,3,3,0,1,1,both_correct
6185,4,4,4,0,1,1,both_correct
6186,5,5,5,0,1,1,both_correct
6187,6,6,6,0,1,1,both_correct
6188,7,7,7,0,1,1,both_correct
6189,8,8,8,0,1,1,both_correct
6190,9,9,9,0,1,1,both_correct
6191,0,0,0,0,1,1,both_correct
6192,1,1,1,0,1,1,both_correct
6193,2,2,2,0,1,1,both_correct
6194,3,3,3,0,1,1,both_correct
6195,4,4,4,0,1,1,both_correct
6196,5,5,5,0,1,1,both_correct
6197,6,6,6,0,1,1,both_correct
6198,7,7,7,0,1,1,both_correct
6199,8,8,8,0,1,1,both_correct
6200,9,9,9,0,1,1,both_correct
6201,0,0,0,0,1,1,both_correct
6202,1,1,1,0,1,1,both_correct
6203,2,2,2,0,1,1,both_correct
6204,3,3,3,0,1,1,both_correct
6205,4,4,4,0,1,1,both_correct
6206,5,5,5,0,1,1,both_correct
6207,6,6,6,0,1,1,both_correct
6208,7,7,7,0,1,1,both_correct
6209,8,8,8,0,1,1,both_correct
6210,9,9,9,0,1,1,both_correct
6211,0,0,0,0,1,1,both_correct
6212,8,8,8,0,1,1,both_correct
6213,3,3,3,0,1,1,both_correct
6214,9,9,9,0,1,1,both_correct
6215,5,5,5,0,1,1,both_correct
6216,5,5,5,0,1,1,both_correct
6217,2,2,2,0,1,1,both_correct
6218,6,6,6,0,1,1,both_correct
6219,8,8,8,0,1,1,both_correct
6220,4,4,4,0,1,1,both_correct
6221,9,9,9,0,1,1,both_correct
6222,1,1,1,0,1,1,both_correct
6223,7,7,7,0,1,1,both_correct
6224,1,1,1,0,1,1,both_correct
6225,2,2,2,0,1,1,both_correct
6226,3,3,3,0,1,1,both_correct
6227,5,5,5,0,1,1,both_correct
6228,9,9,9,0,1,1,both_correct
6229,6,6,6,0,1,1,both_correct
6230,9,9,9,0,1,1,both_correct
6231,1,1,1,0,1,1,both_correct
6232,1,1,1,0,1,1,both_correct
6233,1,1,1,0,1,1,both_correct
6234,2,2,2,0,1,1,both_correct
6235,9,9,9,0,1,1,both_correct
6236,5,5,5,0,1,1,both_correct
6237,6,6,6,0,1,1,both_correct
6238,8,8,8,0,1,1,both_correct
6239,1,1,1,0,1,1,both_correct
6240,2,2,2,0,1,1,both_correct
6241,0,0,0,0,1,1,both_correct
6242,7,7,7,0,1,1,both_correct
6243,7,7,7,0,1,1,both_correct
6244,5,5,5,0,1,1,both_correct
6245,8,8,8,0,1,1,both_correct
6246,2,2,2,0,1,1,both_correct
6247,9,9,9,0,1,1,both_correct
6248,8,8,8,0,1,1,both_correct
6249,9,9,9,0,1,1,both_correct
6250,0,0,0,0,1,1,both_correct
6251,4,4,4,0,1,1,both_correct
6252,6,6,6,0,1,1,both_correct
6253,7,7,7,0,1,1,both_correct
6254,1,1,1,0,1,1,both_correct
6255,3,3,3,0,1,1,both_correct
6256,4,4,4,0,1,1,both_correct
6257,5,5,5,0,1,1,both_correct
6258,6,6,6,0,1,1,both_correct
6259,0,0,0,0,1,1,both_correct
6260,3,3,3,0,1,1,both_correct
6261,6,6,6,0,1,1,both_correct
6262,8,8,8,0,1,1,both_correct
6263,7,7,7,0,1,1,both_correct
6264,0,0,0,0,1,1,both_correct
6265,4,4,4,0,1,1,both_correct
6266,2,2,2,0,1,1,both_correct
6267,7,7,7,0,1,1,both_correct
6268,4,4,4,0,1,1,both_correct
6269,7,7,7,0,1,1,both_correct
6270,5,5,5,0,1,1,both_correct
6271,4,4,4,0,1,1,both_correct
6272,3,3,3,0,1,1,both_correct
6273,4,4,4,0,1,1,both_correct
6274,2,2,2,0,1,1,both_correct
6275,8,8,8,0,1,1,both_correct
6276,1,1,1,0,1,1,both_correct
6277,5,5,5,0,1,1,both_correct
6278,1,1,1,0,1,1,both_correct
6279,2,2,2,0,1,1,both_correct
6280,0,0,0,0,1,1,both_correct
6281,2,2,2,0,1,1,both_correct
6282,5,5,5,0,1,1,both_correct
6283,6,6,6,0,1,1,both_correct
6284,4,4,4,0,1,1,both_correct
6285,3,3,3,0,1,1,both_correct
6286,0,0,0,0,1,1,both_correct
6287,0,0,0,0,1,1,both_correct
6288,0,0,0,0,1,1,both_correct
6289,3,3,3,0,1,1,both_correct
6290,3,3,3,0,1,1,both_correct
6291,5,5,5,0,1,1,both_correct
6292,7,7,7,0,1,1,both_correct
6293,0,0,0,0,1,1,both_correct
6294,6,6,6,0,1,1,both_correct
6295,4,4,4,0,1,1,both_correct
6296,8,8,8,0,1,1,both_correct
6297,8,8,8,0,1,1,both_correct
6298,6,6,6,0,1,1,both_correct
6299,3,3,3,0,1,1,both_correct
6300,4,4,4,0,1,1,both_correct
6301,6,6,6,0,1,1,both_correct
6302,9,9,9,0,1,1,both_correct
6303,9,9,9,0,1,1,both_correct
6304,8,8,8,0,1,1,both_correct
6305,2,2,2,0,1,1,both_correct
6306,7,7,7,0,1,1,both_correct
6307,7,7,7,0,1,1,both_correct
6308,1,1,1,0,1,1,both_correct
6309,0,0,0,0,1,1,both_correct
6310,1,1,1,0,1,1,both_correct
6311,2,2,2,0,1,1,both_correct
6312,3,3,3,0,1,1,both_correct
6313,4,4,4,0,1,1,both_correct
6314,5,5,5,0,1,1,both_correct
6315,6,6,6,0,1,1,both_correct
6316,7,7,7,0,1,1,both_correct
6317,8,8,8,0,1,1,both_correct
6318,9,9,9,0,1,1,both_correct
6319,0,0,0,0,1,1,both_correct
6320,1,1,1,0,1,1,both_correct
6321,2,2,2,0,1,1,both_correct
6322,3,3,3,0,1,1,both_correct
6323,4,4,4,0,1,1,both_correct
6324,5,5,5,0,1,1,both_correct
6325,6,6,6,0,1,1,both_correct
6326,7,7,7,0,1,1,both_correct
6327,8,8,8,0,1,1,both_correct
6328,0,0,0,0,1,1,both_correct
6329,1,1,1,0,1,1,both_correct
6330,2,2,2,0,1,1,both_correct
6331,3,3,3,0,1,1,both_correct
6332,4,4,4,0,1,1,both_correct
6333,5,5,5,0,1,1,both_correct
6334,6,6,6,0,1,1,both_correct
6335,7,7,7,0,1,1,both_correct
6336,8,8,8,0,1,1,both_correct
6337,2,2,2,0,1,1,both_correct
6338,1,1,1,0,1,1,both_correct
6339,7,7,7,0,1,1,both_correct
6340,2,2,2,0,1,1,both_correct
6341,5,5,5,0,1,1,both_correct
6342,0,0,0,0,1,1,both_correct
6343,8,8,8,0,1,1,both_correct
6344,0,0,0,0,1,1,both_correct
6345,2,2,2,0,1,1,both_correct
6346,7,7,7,0,1,1,both_correct
6347,8,8,8,0,1,1,both_correct
6348,8,8,8,0,1,1,both_correct
6349,3,3,3,0,1,1,both_correct
6350,6,6,6,0,1,1,both_correct
6351,0,0,0,0,1,1,both_correct
6352,2,2,2,0,1,1,both_correct
6353,7,7,7,0,1,1,both_correct
6354,6,6,6,0,1,1,both_correct
6355,6,6,6,0,1,1,both_correct
6356,1,1,1,0,1,1,both_correct
6357,2,2,2,0,1,1,both_correct
6358,8,8,8,0,1,1,both_correct
6359,8,8,8,0,1,1,both_correct
6360,7,7,7,0,1,1,both_correct
6361,7,7,7,0,1,1,both_correct
6362,4,4,4,0,1,1,both_correct
6363,7,7,7,0,1,1,both_correct
6364,7,7,7,0,1,1,both_correct
6365,3,3,3,0,1,1,both_correct
6366,7,7,7,0,1,1,both_correct
6367,4,4,4,0,1,1,both_correct
6368,5,5,5,0,1,1,both_correct
6369,4,4,4,0,1,1,both_correct
6370,3,3,3,0,1,1,both_correct
6371,3,3,3,0,1,1,both_correct
6372,8,8,8,0,1,1,both_correct
6373,4,4,4,0,1,1,both_correct
6374,1,1,1,0,1,1,both_correct
6375,1,1,1,0,1,1,both_correct
6376,9,9,9,0,1,1,both_correct
6377,7,7,7,0,1,1,both_correct
6378,4,4,4,0,1,1,both_correct
6379,3,3,3,0,1,1,both_correct
6380,7,7,7,0,1,1,both_correct
6381,3,3,3,0,1,1,both_correct
6382,3,3,3,0,1,1,both_correct
6383,0,0,0,0,1,1,both_correct
6384,2,2,2,0,1,1,both_correct
6385,5,5,5,0,1,1,both_correct
6386,5,5,5,0,1,1,both_correct
6387,6,6,6,0,1,1,both_correct
6388,6,6,6,0,1,1,both_correct
6389,3,3,3,0,1,1,both_correct
6390,5,5,5,0,1,1,both_correct
6391,2,2,2,0,1,1,both_correct
6392,5,5,5,0,1,1,both_correct
6393,9,9,9,0,1,1,both_correct
6394,9,9,9,0,1,1,both_correct
6395,8,8,8,0,1,1,both_correct
6396,4,4,4,0,1,1,both_correct
6397,1,1,1,0,1,1,both_correct
6398,0,0,0,0,1,1,both_correct
6399,6,6,6,0,1,1,both_correct
6400,0,0,0,0,1,1,both_correct
6401,9,9,9,0,1,1,both_correct
6402,6,6,6,0,1,1,both_correct
6403,8,8,8,0,1,1,both_correct
6404,8,8,8,0,1,1,both_correct
6405,5,5,5,0,1,1,both_correct
6406,6,6,6,0,1,1,both_correct
6407,1,1,1,0,1,1,both_correct
6408,1,1,1,0,1,1,both_correct
6409,9,9,9,0,1,1,both_correct
6410,8,8,8,0,1,1,both_correct
6411,9,9,9,0,1,1,both_correct
6412,2,2,2,0,1,1,both_correct
6413,3,3,3,0,1,1,both_correct
6414,5,5,5,0,1,1,both_correct
6415,5,5,5,0,1,1,both_correct
6416,9,9,9,0,1,1,both_correct
6417,4,4,4,0,1,1,both_correct
6418,2,2,2,0,1,1,both_correct
6419,1,1,1,0,1,1,both_correct
6420,9,9,9,0,1,1,both_correct
6421,3,3,3,0,1,1,both_correct
6422,9,9,9,0,1,1,both_correct
6423,2,2,2,0,1,1,both_correct
6424,0,0,0,0,1,1,both_correct
6425,6,6,6,0,1,1,both_correct
6426,0,0,0,0,1,1,both_correct
6427,4,4,4,0,1,1,both_correct
6428,0,0,0,0,1,1,both_correct
6429,0,0,0,0,1,1,both_correct
6430,1,1,1,0,1,1,both_correct
6431,2,2,2,0,1,1,both_correct
6432,3,3,3,0,1,1,both_correct
6433,4,4,4,0,1,1,both_correct
6434,7,7,7,0,1,1,both_correct
6435,8,8,8,0,1,1,both_correct
6436,9,9,9,0,1,1,both_correct
6437,0,0,0,0,1,1,both_correct
6438,1,1,1,0,1,1,both_correct
6439,2,2,2,0,1,1,both_correct
6440,3,3,3,0,1,1,both_correct
6441,7,7,7,0,1,1,both_correct
6442,8,8,8,0,1,1,both_correct
6443,9,9,9,0,1,1,both_correct
6444,0,0,0,0,1,1,both_correct
6445,1,1,1,0,1,1,both_correct
6446,2,2,2,0,1,1,both_correct
6447,3,3,3,0,1,1,both_correct
6448,4,4,4,0,1,1,both_correct
6449,7,7,7,0,1,1,both_correct
6450,8,8,8,0,1,1,both_correct
6451,9,9,9,0,1,1,both_correct
6452,7,7,7,0,1,1,both_correct
6453,3,3,3,0,1,1,both_correct
6454,0,0,0,0,1,1,both_correct
6455,3,3,3,0,1,1,both_correct
6456,1,1,1,0,1,1,both_correct
6457,8,8,8,0,1,1,both_correct
6458,7,7,7,0,1,1,both_correct
6459,6,6,6,0,1,1,both_correct
6460,4,4,4,0,1,1,both_correct
6461,0,0,0,0,1,1,both_correct
6462,2,2,2,0,1,1,both_correct
6463,6,6,6,0,1,1,both_correct
6464,8,8,8,0,1,1,both_correct
6465,3,3,3,0,1,1,both_correct
6466,2,2,2,0,1,1,both_correct
6467,8,8,8,0,1,1,both_correct
6468,1,1,1,0,1,1,both_correct
6469,2,2,2,0,1,1,both_correct
6470,0,0,0,0,1,1,both_correct
6471,7,7,7,0,1,1,both_correct
6472,1,1,1,0,1,1,both_correct
6473,0,0,0,0,1,1,both_correct
6474,4,4,4,0,1,1,both_correct
6475,4,4,4,0,1,1,both_correct
6476,5,5,5,0,1,1,both_correct
6477,8,8,8,0,1,1,both_correct
6478,0,0,0,0,1,1,both_correct
6479,6,6,6,0,1,1,both_correct
6480,2,2,2,0,1,1,both_correct
6481,3,3,3,0,1,1,both_correct
6482,1,1,1,0,1,1,both_correct
6483,5,5,5,0,1,1,both_correct
6484,1,1,1,0,1,1,both_correct
6485,8,8,8,0,1,1,both_correct
6486,5,5,5,0,1,1,both_correct
6487,9,9,9,0,1,1,both_correct
6488,4,4,4,0,1,1,both_correct
6489,0,0,0,0,1,1,both_correct
6490,7,7,7,0,1,1,both_correct
6491,5,5,5,0,1,1,both_correct
6492,8,8,8,0,1,1,both_correct
6493,8,8,8,0,1,1,both_correct
6494,3,3,3,0,1,1,both_correct
6495,8,8,8,0,1,1,both_correct
6496,9,9,9,0,1,1,both_correct
6497,2,2,2,0,1,1,both_correct
6498,6,6,6,0,1,1,both_correct
6499,2,2,2,0,1,1,both_correct
6500,5,5,5,0,1,1,both_correct
6501,3,3,3,0,1,1,both_correct
6502,1,1,1,0,1,1,both_correct
6503,7,7,7,0,1,1,both_correct
6504,3,3,3,0,1,1,both_correct
6505,9,0,9,1,0,1,resize_only_correct
6506,1,1,1,0,1,1,both_correct
6507,9,9,9,0,1,1,both_correct
6508,9,9,9,0,1,1,both_correct
6509,6,6,6,0,1,1,both_correct
6510,0,0,0,0,1,1,both_correct
6511,3,3,3,0,1,1,both_correct
6512,9,9,9,0,1,1,both_correct
6513,2,2,2,0,1,1,both_correct
6514,8,8,8,0,1,1,both_correct
6515,1,1,1,0,1,1,both_correct
6516,4,4,4,0,1,1,both_correct
6517,3,3,3,0,1,1,both_correct
6518,5,5,5,0,1,1,both_correct
6519,2,2,2,0,1,1,both_correct
6520,9,9,9,0,1,1,both_correct
6521,2,2,2,0,1,1,both_correct
6522,5,5,5,0,1,1,both_correct
6523,8,8,8,0,1,1,both_correct
6524,9,9,9,0,1,1,both_correct
6525,5,5,5,0,1,1,both_correct
6526,0,0,0,0,1,1,both_correct
6527,1,1,1,0,1,1,both_correct
6528,2,2,2,0,1,1,both_correct
6529,4,4,4,0,1,1,both_correct
6530,5,5,5,0,1,1,both_correct
6531,6,6,6,0,1,1,both_correct
6532,0,0,0,0,1,1,both_correct
6533,1,1,1,0,1,1,both_correct
6534,2,2,2,0,1,1,both_correct
6535,3,3,3,0,1,1,both_correct
6536,4,4,4,0,1,1,both_correct
6537,5,5,5,0,1,1,both_correct
6538,6,6,6,0,1,1,both_correct
6539,7,7,7,0,1,1,both_correct
6540,1,1,1,0,1,1,both_correct
6541,2,2,2,0,1,1,both_correct
6542,3,3,3,0,1,1,both_correct
6543,4,4,4,0,1,1,both_correct
6544,5,5,5,0,1,1,both_correct
6545,1,1,1,0,1,1,both_correct
6546,0,0,0,0,1,1,both_correct
6547,4,4,4,0,1,1,both_correct
6548,5,5,5,0,1,1,both_correct
6549,6,6,6,0,1,1,both_correct
6550,6,6,6,0,1,1,both_correct
6551,3,3,3,0,1,1,both_correct
6552,4,4,4,0,1,1,both_correct
6553,4,4,4,0,1,1,both_correct
6554,2,2,2,0,1,1,both_correct
6555,8,3,8,1,0,1,resize_only_correct
6556,1,1,1,0,1,1,both_correct
6557,0,0,0,0,1,1,both_correct
6558,6,6,3,1,1,0,pad_only_correct
6559,4,4,4,0,1,1,both_correct
6560,9,5,3,1,0,0,both_wrong_changed
6561,7,3,7,1,0,1,resize_only_correct
6562,2,2,2,0,1,1,both_correct
6563,3,3,3,0,1,1,both_correct
6564,3,3,3,0,1,1,both_correct
6565,9,9,9,0,1,1,both_correct
6566,2,2,2,0,1,1,both_correct
6567,0,0,0,0,1,1,both_correct
6568,9,9,9,0,1,1,both_correct
6569,3,2,2,0,0,0,both_wrong_same_prediction
6570,3,3,3,0,1,1,both_correct
6571,9,3,3,0,0,0,both_wrong_same_prediction
6572,1,1,1,0,1,1,both_correct
6573,5,5,5,0,1,1,both_correct
6574,2,2,0,1,1,0,pad_only_correct
6575,3,3,3,0,1,1,both_correct
6576,7,1,1,0,0,0,both_wrong_same_prediction
6577,7,1,7,1,0,1,resize_only_correct
6578,8,8,5,1,1,0,pad_only_correct
6579,4,4,4,0,1,1,both_correct
6580,0,0,0,0,1,1,both_correct
6581,2,2,2,0,1,1,both_correct
6582,4,4,4,0,1,1,both_correct
6583,0,0,0,0,1,1,both_correct
6584,2,2,2,0,1,1,both_correct
6585,4,4,4,0,1,1,both_correct
6586,7,7,7,0,1,1,both_correct
6587,8,8,8,0,1,1,both_correct
6588,0,0,0,0,1,1,both_correct
6589,7,7,2,1,1,0,pad_only_correct
6590,0,0,0,0,1,1,both_correct
6591,6,6,6,0,1,1,both_correct
6592,9,9,9,0,1,1,both_correct
6593,3,3,3,0,1,1,both_correct
6594,2,2,2,0,1,1,both_correct
6595,8,8,8,0,1,1,both_correct
6596,6,5,6,1,0,1,resize_only_correct
6597,0,7,7,0,0,0,both_wrong_same_prediction
6598,5,5,5,0,1,1,both_correct
6599,7,7,7,0,1,1,both_correct
6600,5,5,5,0,1,1,both_correct
6601,1,1,1,0,1,1,both_correct
6602,0,0,0,0,1,1,both_correct
6603,8,8,8,0,1,1,both_correct
6604,1,1,1,0,1,1,both_correct
6605,6,6,6,0,1,1,both_correct
6606,7,7,7,0,1,1,both_correct
6607,2,2,2,0,1,1,both_correct
6608,9,9,9,0,1,1,both_correct
6609,7,7,7,0,1,1,both_correct
6610,9,9,9,0,1,1,both_correct
6611,5,5,5,0,1,1,both_correct
6612,8,8,8,0,1,1,both_correct
6613,6,6,6,0,1,1,both_correct
6614,2,2,2,0,1,1,both_correct
6615,6,6,6,0,1,1,both_correct
6616,2,2,2,0,1,1,both_correct
6617,8,8,8,0,1,1,both_correct
6618,1,1,1,0,1,1,both_correct
6619,7,7,7,0,1,1,both_correct
6620,5,5,5,0,1,1,both_correct
6621,0,0,0,0,1,1,both_correct
6622,1,1,1,0,1,1,both_correct
6623,1,1,1,0,1,1,both_correct
6624,3,3,3,0,1,1,both_correct
6625,8,8,2,1,1,0,pad_only_correct
6626,4,4,4,0,1,1,both_correct
6627,9,9,9,0,1,1,both_correct
6628,1,1,1,0,1,1,both_correct
6629,8,8,8,0,1,1,both_correct
6630,6,6,6,0,1,1,both_correct
6631,8,8,8,0,1,1,both_correct
6632,9,9,9,0,1,1,both_correct
6633,0,0,0,0,1,1,both_correct
6634,1,1,1,0,1,1,both_correct
6635,2,2,2,0,1,1,both_correct
6636,3,3,3,0,1,1,both_correct
6637,4,2,4,1,0,1,resize_only_correct
6638,5,5,5,0,1,1,both_correct
6639,6,6,6,0,1,1,both_correct
6640,7,7,7,0,1,1,both_correct
6641,8,8,8,0,1,1,both_correct
6642,9,9,9,0,1,1,both_correct
6643,0,0,0,0,1,1,both_correct
6644,1,1,1,0,1,1,both_correct
6645,2,2,2,0,1,1,both_correct
6646,3,3,3,0,1,1,both_correct
6647,4,4,4,0,1,1,both_correct
6648,7,7,7,0,1,1,both_correct
6649,8,8,8,0,1,1,both_correct
6650,9,9,9,0,1,1,both_correct
6651,0,5,5,0,0,0,both_wrong_same_prediction
6652,1,1,1,0,1,1,both_correct
6653,7,7,7,0,1,1,both_correct
6654,8,8,8,0,1,1,both_correct
6655,9,9,9,0,1,1,both_correct
6656,9,9,9,0,1,1,both_correct
6657,8,8,8,0,1,1,both_correct
6658,9,9,9,0,1,1,both_correct
6659,8,8,8,0,1,1,both_correct
6660,4,4,4,0,1,1,both_correct
6661,1,1,1,0,1,1,both_correct
6662,7,7,7,0,1,1,both_correct
6663,7,7,7,0,1,1,both_correct
6664,3,3,3,0,1,1,both_correct
6665,3,3,3,0,1,1,both_correct
6666,7,7,7,0,1,1,both_correct
6667,6,6,6,0,1,1,both_correct
6668,6,6,6,0,1,1,both_correct
6669,6,6,6,0,1,1,both_correct
6670,1,1,1,0,1,1,both_correct
6671,9,9,9,0,1,1,both_correct
6672,0,0,0,0,1,1,both_correct
6673,1,1,1,0,1,1,both_correct
6674,7,7,7,0,1,1,both_correct
6675,6,6,6,0,1,1,both_correct
6676,3,3,3,0,1,1,both_correct
6677,2,2,2,0,1,1,both_correct
6678,1,1,1,0,1,1,both_correct
6679,7,7,7,0,1,1,both_correct
6680,1,1,1,0,1,1,both_correct
6681,3,3,3,0,1,1,both_correct
6682,9,9,9,0,1,1,both_correct
6683,1,1,1,0,1,1,both_correct
6684,7,7,7,0,1,1,both_correct
6685,6,6,6,0,1,1,both_correct
6686,8,8,8,0,1,1,both_correct
6687,4,4,4,0,1,1,both_correct
6688,1,1,1,0,1,1,both_correct
6689,4,4,4,0,1,1,both_correct
6690,3,3,3,0,1,1,both_correct
6691,6,6,6,0,1,1,both_correct
6692,9,9,9,0,1,1,both_correct
6693,6,6,6,0,1,1,both_correct
6694,1,1,1,0,1,1,both_correct
6695,4,4,4,0,1,1,both_correct
6696,4,4,4,0,1,1,both_correct
6697,7,7,7,0,1,1,both_correct
6698,2,2,2,0,1,1,both_correct
6699,4,4,4,0,1,1,both_correct
6700,4,4,4,0,1,1,both_correct
6701,0,0,0,0,1,1,both_correct
6702,1,1,1,0,1,1,both_correct
6703,2,2,2,0,1,1,both_correct
6704,3,3,3,0,1,1,both_correct
6705,4,4,4,0,1,1,both_correct
6706,5,5,5,0,1,1,both_correct
6707,6,6,6,0,1,1,both_correct
6708,7,7,7,0,1,1,both_correct
6709,8,8,8,0,1,1,both_correct
6710,9,9,9,0,1,1,both_correct
6711,0,0,0,0,1,1,both_correct
6712,1,1,1,0,1,1,both_correct
6713,2,2,2,0,1,1,both_correct
6714,3,3,3,0,1,1,both_correct
6715,4,4,4,0,1,1,both_correct
6716,5,5,5,0,1,1,both_correct
6717,6,6,6,0,1,1,both_correct
6718,9,9,9,0,1,1,both_correct
6719,0,0,0,0,1,1,both_correct
6720,1,1,1,0,1,1,both_correct
6721,2,2,2,0,1,1,both_correct
6722,3,3,3,0,1,1,both_correct
6723,4,4,4,0,1,1,both_correct
6724,7,7,7,0,1,1,both_correct
6725,8,8,8,0,1,1,both_correct
6726,1,1,1,0,1,1,both_correct
6727,3,3,3,0,1,1,both_correct
6728,5,5,5,0,1,1,both_correct
6729,1,1,1,0,1,1,both_correct
6730,7,7,7,0,1,1,both_correct
6731,7,7,7,0,1,1,both_correct
6732,2,2,2,0,1,1,both_correct
6733,1,1,1,0,1,1,both_correct
6734,4,4,4,0,1,1,both_correct
6735,8,8,8,0,1,1,both_correct
6736,3,3,3,0,1,1,both_correct
6737,4,4,4,0,1,1,both_correct
6738,4,4,4,0,1,1,both_correct
6739,3,3,3,0,1,1,both_correct
6740,9,9,9,0,1,1,both_correct
6741,7,7,7,0,1,1,both_correct
6742,4,4,4,0,1,1,both_correct
6743,1,1,1,0,1,1,both_correct
6744,2,2,2,0,1,1,both_correct
6745,3,3,3,0,1,1,both_correct
6746,5,5,5,0,1,1,both_correct
6747,9,9,9,0,1,1,both_correct
6748,1,1,1,0,1,1,both_correct
6749,6,6,6,0,1,1,both_correct
6750,0,0,0,0,1,1,both_correct
6751,1,1,1,0,1,1,both_correct
6752,0,0,0,0,1,1,both_correct
6753,0,0,0,0,1,1,both_correct
6754,2,2,2,0,1,1,both_correct
6755,8,8,8,0,1,1,both_correct
6756,7,7,7,0,1,1,both_correct
6757,1,1,1,0,1,1,both_correct
6758,1,1,1,0,1,1,both_correct
6759,4,4,4,0,1,1,both_correct
6760,0,0,0,0,1,1,both_correct
6761,4,4,4,0,1,1,both_correct
6762,7,7,7,0,1,1,both_correct
6763,3,3,3,0,1,1,both_correct
6764,6,5,6,1,0,1,resize_only_correct
6765,8,8,8,0,1,1,both_correct
6766,0,0,0,0,1,1,both_correct
6767,3,3,3,0,1,1,both_correct
6768,7,7,7,0,1,1,both_correct
6769,4,4,4,0,1,1,both_correct
6770,0,0,0,0,1,1,both_correct
6771,6,6,6,0,1,1,both_correct
6772,9,9,9,0,1,1,both_correct
6773,2,2,2,0,1,1,both_correct
6774,6,6,6,0,1,1,both_correct
6775,5,5,5,0,1,1,both_correct
6776,8,8,8,0,1,1,both_correct
6777,6,6,6,0,1,1,both_correct
6778,9,9,9,0,1,1,both_correct
6779,0,0,0,0,1,1,both_correct
6780,4,4,4,0,1,1,both_correct
6781,0,0,0,0,1,1,both_correct
6782,6,6,6,0,1,1,both_correct
6783,1,6,6,0,0,0,both_wrong_same_prediction
6784,9,9,9,0,1,1,both_correct
6785,2,2,2,0,1,1,both_correct
6786,0,0,0,0,1,1,both_correct
6787,9,9,9,0,1,1,both_correct
6788,5,5,5,0,1,1,both_correct
6789,1,1,1,0,1,1,both_correct
6790,3,3,3,0,1,1,both_correct
6791,7,7,7,0,1,1,both_correct
6792,6,6,6,0,1,1,both_correct
6793,9,9,9,0,1,1,both_correct
6794,3,3,3,0,1,1,both_correct
6795,0,0,0,0,1,1,both_correct
6796,2,2,2,0,1,1,both_correct
6797,2,2,2,0,1,1,both_correct
6798,0,0,0,0,1,1,both_correct
6799,1,1,1,0,1,1,both_correct
6800,2,2,2,0,1,1,both_correct
6801,3,3,3,0,1,1,both_correct
6802,4,4,4,0,1,1,both_correct
6803,5,5,5,0,1,1,both_correct
6804,6,6,6,0,1,1,both_correct
6805,7,7,7,0,1,1,both_correct
6806,8,8,8,0,1,1,both_correct
6807,9,4,9,1,0,1,resize_only_correct
6808,0,0,0,0,1,1,both_correct
6809,1,1,1,0,1,1,both_correct
6810,2,2,2,0,1,1,both_correct
6811,3,3,3,0,1,1,both_correct
6812,4,4,4,0,1,1,both_correct
6813,5,5,5,0,1,1,both_correct
6814,6,6,6,0,1,1,both_correct
6815,7,7,7,0,1,1,both_correct
6816,8,8,8,0,1,1,both_correct
6817,9,9,9,0,1,1,both_correct
6818,0,0,0,0,1,1,both_correct
6819,1,1,1,0,1,1,both_correct
6820,2,2,2,0,1,1,both_correct
6821,3,3,3,0,1,1,both_correct
6822,4,4,4,0,1,1,both_correct
6823,5,5,5,0,1,1,both_correct
6824,6,6,6,0,1,1,both_correct
6825,7,7,7,0,1,1,both_correct
6826,8,8,8,0,1,1,both_correct
6827,9,9,9,0,1,1,both_correct
6828,2,2,2,0,1,1,both_correct
6829,1,1,1,0,1,1,both_correct
6830,7,7,7,0,1,1,both_correct
6831,2,2,2,0,1,1,both_correct
6832,5,5,5,0,1,1,both_correct
6833,0,0,0,0,1,1,both_correct
6834,8,8,8,0,1,1,both_correct
6835,0,0,0,0,1,1,both_correct
6836,2,2,2,0,1,1,both_correct
6837,7,7,7,0,1,1,both_correct
6838,8,8,8,0,1,1,both_correct
6839,8,8,8,0,1,1,both_correct
6840,3,3,3,0,1,1,both_correct
6841,0,0,0,0,1,1,both_correct
6842,6,6,6,0,1,1,both_correct
6843,0,0,0,0,1,1,both_correct
6844,2,2,2,0,1,1,both_correct
6845,7,7,7,0,1,1,both_correct
6846,6,6,6,0,1,1,both_correct
6847,6,6,6,0,1,1,both_correct
6848,1,1,1,0,1,1,both_correct
6849,2,2,2,0,1,1,both_correct
6850,8,8,8,0,1,1,both_correct
6851,8,8,8,0,1,1,both_correct
6852,7,7,7,0,1,1,both_correct
6853,7,7,7,0,1,1,both_correct
6854,4,4,4,0,1,1,both_correct
6855,7,7,7,0,1,1,both_correct
6856,7,7,7,0,1,1,both_correct
6857,3,3,3,0,1,1,both_correct
6858,7,7,7,0,1,1,both_correct
6859,4,4,4,0,1,1,both_correct
6860,5,5,5,0,1,1,both_correct
6861,4,4,4,0,1,1,both_correct
6862,3,3,3,0,1,1,both_correct
6863,3,3,3,0,1,1,both_correct
6864,8,8,8,0,1,1,both_correct
6865,4,4,4,0,1,1,both_correct
6866,5,5,5,0,1,1,both_correct
6867,4,4,4,0,1,1,both_correct
6868,1,1,1,0,1,1,both_correct
6869,1,1,1,0,1,1,both_correct
6870,9,9,9,0,1,1,both_correct
6871,7,7,7,0,1,1,both_correct
6872,4,4,4,0,1,1,both_correct
6873,3,3,3,0,1,1,both_correct
6874,7,7,7,0,1,1,both_correct
6875,3,3,3,0,1,1,both_correct
6876,3,3,3,0,1,1,both_correct
6877,0,0,0,0,1,1,both_correct
6878,2,2,2,0,1,1,both_correct
6879,5,5,5,0,1,1,both_correct
6880,5,5,5,0,1,1,both_correct
6881,6,6,6,0,1,1,both_correct
6882,3,3,3,0,1,1,both_correct
6883,1,1,1,0,1,1,both_correct
6884,5,5,5,0,1,1,both_correct
6885,2,2,2,0,1,1,both_correct
6886,5,5,5,0,1,1,both_correct
6887,9,9,9,0,1,1,both_correct
6888,9,9,9,0,1,1,both_correct
6889,8,8,8,0,1,1,both_correct
6890,4,4,4,0,1,1,both_correct
6891,1,1,1,0,1,1,both_correct
6892,0,0,0,0,1,1,both_correct
6893,6,6,6,0,1,1,both_correct
6894,0,0,0,0,1,1,both_correct
6895,9,9,9,0,1,1,both_correct
6896,6,6,6,0,1,1,both_correct
6897,8,8,8,0,1,1,both_correct
6898,8,8,8,0,1,1,both_correct
6899,5,5,5,0,1,1,both_correct
6900,6,6,6,0,1,1,both_correct
6901,1,1,1,0,1,1,both_correct
6902,1,1,1,0,1,1,both_correct
6903,9,9,9,0,1,1,both_correct
6904,8,8,8,0,1,1,both_correct
6905,9,9,9,0,1,1,both_correct
6906,2,2,2,0,1,1,both_correct
6907,3,3,3,0,1,1,both_correct
6908,5,5,5,0,1,1,both_correct
6909,5,5,5,0,1,1,both_correct
6910,9,9,9,0,1,1,both_correct
6911,4,4,4,0,1,1,both_correct
6912,2,2,2,0,1,1,both_correct
6913,1,1,1,0,1,1,both_correct
6914,9,9,9,0,1,1,both_correct
6915,4,4,4,0,1,1,both_correct
6916,9,9,9,0,1,1,both_correct
6917,1,1,1,0,1,1,both_correct
6918,3,3,3,0,1,1,both_correct
6919,9,9,9,0,1,1,both_correct
6920,2,2,2,0,1,1,both_correct
6921,0,0,0,0,1,1,both_correct
6922,6,6,6,0,1,1,both_correct
6923,0,0,0,0,1,1,both_correct
6924,4,4,4,0,1,1,both_correct
6925,0,0,0,0,1,1,both_correct
6926,6,4,6,1,0,1,resize_only_correct
6927,0,0,0,0,1,1,both_correct
6928,1,1,1,0,1,1,both_correct
6929,2,2,2,0,1,1,both_correct
6930,3,3,3,0,1,1,both_correct
6931,4,4,4,0,1,1,both_correct
6932,5,5,5,0,1,1,both_correct
6933,6,6,6,0,1,1,both_correct
6934,7,7,7,0,1,1,both_correct
6935,8,8,8,0,1,1,both_correct
6936,9,9,9,0,1,1,both_correct
6937,0,0,0,0,1,1,both_correct
6938,1,1,1,0,1,1,both_correct
6939,2,2,2,0,1,1,both_correct
6940,3,3,3,0,1,1,both_correct
6941,4,4,4,0,1,1,both_correct
6942,5,5,5,0,1,1,both_correct
6943,6,6,6,0,1,1,both_correct
6944,7,7,7,0,1,1,both_correct
6945,8,8,8,0,1,1,both_correct
6946,9,9,9,0,1,1,both_correct
6947,0,0,0,0,1,1,both_correct
6948,1,1,1,0,1,1,both_correct
6949,2,2,2,0,1,1,both_correct
6950,3,3,3,0,1,1,both_correct
6951,4,4,4,0,1,1,both_correct
6952,5,5,5,0,1,1,both_correct
6953,6,6,6,0,1,1,both_correct
6954,7,7,7,0,1,1,both_correct
6955,8,8,8,0,1,1,both_correct
6956,9,9,9,0,1,1,both_correct
6957,3,3,3,0,1,1,both_correct
6958,8,8,8,0,1,1,both_correct
6959,0,0,0,0,1,1,both_correct
6960,7,7,7,0,1,1,both_correct
6961,1,1,1,0,1,1,both_correct
6962,0,0,0,0,1,1,both_correct
6963,7,7,7,0,1,1,both_correct
6964,5,5,5,0,1,1,both_correct
6965,5,5,5,0,1,1,both_correct
6966,6,6,6,0,1,1,both_correct
6967,9,9,9,0,1,1,both_correct
6968,0,0,0,0,1,1,both_correct
6969,1,1,1,0,1,1,both_correct
6970,0,0,0,0,1,1,both_correct
6971,0,0,0,0,1,1,both_correct
6972,8,8,8,0,1,1,both_correct
6973,3,3,3,0,1,1,both_correct
6974,4,4,4,0,1,1,both_correct
6975,3,3,3,0,1,1,both_correct
6976,1,1,1,0,1,1,both_correct
6977,5,5,5,0,1,1,both_correct
6978,0,0,0,0,1,1,both_correct
6979,0,0,0,0,1,1,both_correct
6980,9,9,9,0,1,1,both_correct
6981,5,5,5,0,1,1,both_correct
6982,3,3,3,0,1,1,both_correct
6983,4,4,4,0,1,1,both_correct
6984,9,9,9,0,1,1,both_correct
6985,3,3,3,0,1,1,both_correct
6986,7,7,7,0,1,1,both_correct
6987,6,6,6,0,1,1,both_correct
6988,9,9,9,0,1,1,both_correct
6989,2,2,2,0,1,1,both_correct
6990,4,4,4,0,1,1,both_correct
6991,5,5,5,0,1,1,both_correct
6992,7,7,7,0,1,1,both_correct
6993,2,2,2,0,1,1,both_correct
6994,6,6,6,0,1,1,both_correct
6995,4,4,4,0,1,1,both_correct
6996,9,9,9,0,1,1,both_correct
6997,4,4,4,0,1,1,both_correct
6998,9,9,9,0,1,1,both_correct
6999,4,4,4,0,1,1,both_correct
7000,1,1,1,0,1,1,both_correct
7001,2,2,2,0,1,1,both_correct
7002,2,2,2,0,1,1,both_correct
7003,5,5,5,0,1,1,both_correct
7004,8,8,8,0,1,1,both_correct
7005,1,1,1,0,1,1,both_correct
7006,3,3,3,0,1,1,both_correct
7007,2,2,2,0,1,1,both_correct
7008,9,9,9,0,1,1,both_correct
7009,4,4,4,0,1,1,both_correct
7010,3,3,3,0,1,1,both_correct
7011,8,8,8,0,1,1,both_correct
7012,2,2,2,0,1,1,both_correct
7013,2,2,2,0,1,1,both_correct
7014,1,1,1,0,1,1,both_correct
7015,2,2,2,0,1,1,both_correct
7016,8,8,8,0,1,1,both_correct
7017,6,6,6,0,1,1,both_correct
7018,5,5,5,0,1,1,both_correct
7019,1,1,1,0,1,1,both_correct
7020,6,6,6,0,1,1,both_correct
7021,7,7,7,0,1,1,both_correct
7022,2,2,2,0,1,1,both_correct
7023,1,1,1,0,1,1,both_correct
7024,3,3,3,0,1,1,both_correct
7025,9,9,9,0,1,1,both_correct
7026,3,3,3,0,1,1,both_correct
7027,8,8,8,0,1,1,both_correct
7028,7,7,7,0,1,1,both_correct
7029,5,5,5,0,1,1,both_correct
7030,7,7,7,0,1,1,both_correct
7031,0,0,0,0,1,1,both_correct
7032,7,7,7,0,1,1,both_correct
7033,4,4,4,0,1,1,both_correct
7034,8,8,8,0,1,1,both_correct
7035,8,8,8,0,1,1,both_correct
7036,5,5,5,0,1,1,both_correct
7037,0,0,0,0,1,1,both_correct
7038,6,6,6,0,1,1,both_correct
7039,6,6,6,0,1,1,both_correct
7040,3,3,3,0,1,1,both_correct
7041,7,7,7,0,1,1,both_correct
7042,6,6,6,0,1,1,both_correct
7043,9,9,9,0,1,1,both_correct
7044,9,9,9,0,1,1,both_correct
7045,4,4,4,0,1,1,both_correct
7046,8,8,8,0,1,1,both_correct
7047,4,4,4,0,1,1,both_correct
7048,1,1,1,0,1,1,both_correct
7049,0,0,0,0,1,1,both_correct
7050,6,6,6,0,1,1,both_correct
7051,6,6,6,0,1,1,both_correct
7052,0,0,0,0,1,1,both_correct
7053,1,1,1,0,1,1,both_correct
7054,2,2,2,0,1,1,both_correct
7055,3,3,3,0,1,1,both_correct
7056,4,4,4,0,1,1,both_correct
7057,5,5,5,0,1,1,both_correct
7058,6,6,6,0,1,1,both_correct
7059,7,7,7,0,1,1,both_correct
7060,8,8,8,0,1,1,both_correct
7061,9,9,9,0,1,1,both_correct
7062,0,0,0,0,1,1,both_correct
7063,1,1,1,0,1,1,both_correct
7064,2,2,2,0,1,1,both_correct
7065,3,3,3,0,1,1,both_correct
7066,4,4,4,0,1,1,both_correct
7067,5,5,5,0,1,1,both_correct
7068,6,6,6,0,1,1,both_correct
7069,7,7,7,0,1,1,both_correct
7070,8,8,8,0,1,1,both_correct
7071,9,9,9,0,1,1,both_correct
7072,0,0,0,0,1,1,both_correct
7073,1,1,1,0,1,1,both_correct
7074,2,2,2,0,1,1,both_correct
7075,3,3,3,0,1,1,both_correct
7076,4,4,4,0,1,1,both_correct
7077,5,5,5,0,1,1,both_correct
7078,6,6,6,0,1,1,both_correct
7079,7,7,7,0,1,1,both_correct
7080,8,8,8,0,1,1,both_correct
7081,9,9,9,0,1,1,both_correct
7082,7,7,7,0,1,1,both_correct
7083,4,4,4,0,1,1,both_correct
7084,0,0,0,0,1,1,both_correct
7085,4,4,4,0,1,1,both_correct
7086,0,0,0,0,1,1,both_correct
7087,1,1,1,0,1,1,both_correct
7088,7,7,7,0,1,1,both_correct
7089,9,9,9,0,1,1,both_correct
7090,5,5,5,0,1,1,both_correct
7091,1,1,1,0,1,1,both_correct
7092,4,4,4,0,1,1,both_correct
7093,2,2,2,0,1,1,both_correct
7094,8,8,8,0,1,1,both_correct
7095,9,9,9,0,1,1,both_correct
7096,4,4,4,0,1,1,both_correct
7097,3,3,3,0,1,1,both_correct
7098,7,7,7,0,1,1,both_correct
7099,8,8,8,0,1,1,both_correct
7100,2,2,2,0,1,1,both_correct
7101,4,4,4,0,1,1,both_correct
7102,4,4,4,0,1,1,both_correct
7103,3,3,3,0,1,1,both_correct
7104,3,3,3,0,1,1,both_correct
7105,6,6,6,0,1,1,both_correct
7106,9,9,9,0,1,1,both_correct
7107,9,9,9,0,1,1,both_correct
7108,5,5,5,0,1,1,both_correct
7109,8,8,8,0,1,1,both_correct
7110,6,6,6,0,1,1,both_correct
7111,7,7,7,0,1,1,both_correct
7112,0,0,0,0,1,1,both_correct
7113,6,6,6,0,1,1,both_correct
7114,8,8,8,0,1,1,both_correct
7115,2,2,2,0,1,1,both_correct
7116,6,6,6,0,1,1,both_correct
7117,3,3,3,0,1,1,both_correct
7118,9,9,9,0,1,1,both_correct
7119,3,3,3,0,1,1,both_correct
7120,2,2,2,0,1,1,both_correct
7121,8,9,8,1,0,1,resize_only_correct
7122,6,6,6,0,1,1,both_correct
7123,1,1,1,0,1,1,both_correct
7124,7,7,7,0,1,1,both_correct
7125,4,4,4,0,1,1,both_correct
7126,8,8,8,0,1,1,both_correct
7127,8,8,8,0,1,1,both_correct
7128,9,9,9,0,1,1,both_correct
7129,0,0,0,0,1,1,both_correct
7130,3,3,3,0,1,1,both_correct
7131,3,3,3,0,1,1,both_correct
7132,9,9,9,0,1,1,both_correct
7133,0,0,0,0,1,1,both_correct
7134,5,5,5,0,1,1,both_correct
7135,2,2,2,0,1,1,both_correct
7136,9,9,9,0,1,1,both_correct
7137,4,4,4,0,1,1,both_correct
7138,1,1,1,0,1,1,both_correct
7139,0,0,0,0,1,1,both_correct
7140,3,3,3,0,1,1,both_correct
7141,7,7,7,0,1,1,both_correct
7142,5,5,5,0,1,1,both_correct
7143,8,8,8,0,1,1,both_correct
7144,7,7,7,0,1,1,both_correct
7145,7,7,7,0,1,1,both_correct
7146,8,8,8,0,1,1,both_correct
7147,2,2,2,0,1,1,both_correct
7148,9,9,9,0,1,1,both_correct
7149,7,7,7,0,1,1,both_correct
7150,1,1,1,0,1,1,both_correct
7151,2,2,2,0,1,1,both_correct
7152,6,6,6,0,1,1,both_correct
7153,4,4,4,0,1,1,both_correct
7154,2,2,2,0,1,1,both_correct
7155,5,5,5,0,1,1,both_correct
7156,2,2,2,0,1,1,both_correct
7157,3,3,3,0,1,1,both_correct
7158,6,6,6,0,1,1,both_correct
7159,6,6,6,0,1,1,both_correct
7160,5,5,5,0,1,1,both_correct
7161,0,0,0,0,1,1,both_correct
7162,0,0,0,0,1,1,both_correct
7163,2,2,2,0,1,1,both_correct
7164,8,8,8,0,1,1,both_correct
7165,1,1,1,0,1,1,both_correct
7166,6,6,6,0,1,1,both_correct
7167,1,1,1,0,1,1,both_correct
7168,0,0,0,0,1,1,both_correct
7169,4,4,4,0,1,1,both_correct
7170,3,3,3,0,1,1,both_correct
7171,1,1,1,0,1,1,both_correct
7172,6,6,6,0,1,1,both_correct
7173,1,1,1,0,1,1,both_correct
7174,9,9,9,0,1,1,both_correct
7175,0,0,0,0,1,1,both_correct
7176,1,1,1,0,1,1,both_correct
7177,4,4,4,0,1,1,both_correct
7178,5,5,5,0,1,1,both_correct
7179,6,6,5,1,1,0,pad_only_correct
7180,7,7,7,0,1,1,both_correct
7181,8,8,8,0,1,1,both_correct
7182,9,9,9,0,1,1,both_correct
7183,1,1,1,0,1,1,both_correct
7184,2,2,2,0,1,1,both_correct
7185,3,3,3,0,1,1,both_correct
7186,4,4,4,0,1,1,both_correct
7187,5,5,5,0,1,1,both_correct
7188,6,6,6,0,1,1,both_correct
7189,7,7,7,0,1,1,both_correct
7190,0,0,0,0,1,1,both_correct
7191,1,1,1,0,1,1,both_correct
7192,2,2,2,0,1,1,both_correct
7193,3,3,3,0,1,1,both_correct
7194,4,4,4,0,1,1,both_correct
7195,5,5,5,0,1,1,both_correct
7196,6,6,6,0,1,1,both_correct
7197,7,7,7,0,1,1,both_correct
7198,8,8,8,0,1,1,both_correct
7199,9,9,9,0,1,1,both_correct
7200,8,8,8,0,1,1,both_correct
7201,4,4,4,0,1,1,both_correct
7202,0,0,0,0,1,1,both_correct
7203,0,0,0,0,1,1,both_correct
7204,7,7,7,0,1,1,both_correct
7205,2,2,2,0,1,1,both_correct
7206,4,4,4,0,1,1,both_correct
7207,3,3,3,0,1,1,both_correct
7208,8,8,8,0,1,1,both_correct
7209,6,5,6,1,0,1,resize_only_correct
7210,6,6,6,0,1,1,both_correct
7211,3,3,3,0,1,1,both_correct
7212,2,2,2,0,1,1,both_correct
7213,6,6,6,0,1,1,both_correct
7214,3,3,3,0,1,1,both_correct
7215,3,3,3,0,1,1,both_correct
7216,0,0,0,0,1,1,both_correct
7217,1,1,1,0,1,1,both_correct
7218,4,4,4,0,1,1,both_correct
7219,7,7,7,0,1,1,both_correct
7220,8,8,8,0,1,1,both_correct
7221,0,0,0,0,1,1,both_correct
7222,3,3,3,0,1,1,both_correct
7223,1,1,1,0,1,1,both_correct
7224,9,9,9,0,1,1,both_correct
7225,0,0,0,0,1,1,both_correct
7226,1,1,1,0,1,1,both_correct
7227,9,9,9,0,1,1,both_correct
7228,1,1,1,0,1,1,both_correct
7229,2,2,2,0,1,1,both_correct
7230,7,7,7,0,1,1,both_correct
7231,0,0,0,0,1,1,both_correct
7232,1,1,1,0,1,1,both_correct
7233,3,3,3,0,1,1,both_correct
7234,8,8,8,0,1,1,both_correct
7235,2,2,2,0,1,1,both_correct
7236,9,9,9,0,1,1,both_correct
7237,2,2,2,0,1,1,both_correct
7238,7,7,7,0,1,1,both_correct
7239,6,6,6,0,1,1,both_correct
7240,5,3,5,1,0,1,resize_only_correct
7241,5,5,5,0,1,1,both_correct
7242,9,9,9,0,1,1,both_correct
7243,9,9,9,0,1,1,both_correct
7244,8,8,8,0,1,1,both_correct
7245,2,2,2,0,1,1,both_correct
7246,9,9,9,0,1,1,both_correct
7247,1,1,1,0,1,1,both_correct
7248,3,3,3,0,1,1,both_correct
7249,2,2,2,0,1,1,both_correct
7250,3,3,3,0,1,1,both_correct
7251,4,4,4,0,1,1,both_correct
7252,3,3,3,0,1,1,both_correct
7253,1,1,1,0,1,1,both_correct
7254,9,9,9,0,1,1,both_correct
7255,0,0,0,0,1,1,both_correct
7256,9,9,9,0,1,1,both_correct
7257,3,3,3,0,1,1,both_correct
7258,6,6,6,0,1,1,both_correct
7259,8,8,8,0,1,1,both_correct
7260,7,7,7,0,1,1,both_correct
7261,0,0,0,0,1,1,both_correct
7262,1,1,1,0,1,1,both_correct
7263,0,0,0,0,1,1,both_correct
7264,5,5,5,0,1,1,both_correct
7265,8,8,8,0,1,1,both_correct
7266,2,2,2,0,1,1,both_correct
7267,7,7,7,0,1,1,both_correct
7268,7,1,1,0,0,0,both_wrong_same_prediction
7269,0,0,0,0,1,1,both_correct
7270,1,1,1,0,1,1,both_correct
7271,2,2,2,0,1,1,both_correct
7272,3,3,3,0,1,1,both_correct
7273,4,4,4,0,1,1,both_correct
7274,5,5,5,0,1,1,both_correct
7275,6,6,6,0,1,1,both_correct
7276,7,7,7,0,1,1,both_correct
7277,8,8,8,0,1,1,both_correct
7278,9,9,9,0,1,1,both_correct
7279,0,0,0,0,1,1,both_correct
7280,1,1,1,0,1,1,both_correct
7281,2,2,2,0,1,1,both_correct
7282,3,3,3,0,1,1,both_correct
7283,4,4,4,0,1,1,both_correct
7284,5,5,5,0,1,1,both_correct
7285,6,6,6,0,1,1,both_correct
7286,7,7,7,0,1,1,both_correct
7287,8,8,8,0,1,1,both_correct
7288,9,9,9,0,1,1,both_correct
7289,0,0,0,0,1,1,both_correct
7290,1,1,1,0,1,1,both_correct
7291,2,2,2,0,1,1,both_correct
7292,3,3,3,0,1,1,both_correct
7293,4,4,4,0,1,1,both_correct
7294,5,5,5,0,1,1,both_correct
7295,6,6,6,0,1,1,both_correct
7296,7,7,7,0,1,1,both_correct
7297,8,8,8,0,1,1,both_correct
7298,9,9,9,0,1,1,both_correct
7299,1,1,1,0,1,1,both_correct
7300,7,7,7,0,1,1,both_correct
7301,4,4,4,0,1,1,both_correct
7302,8,8,8,0,1,1,both_correct
7303,1,1,1,0,1,1,both_correct
7304,5,5,5,0,1,1,both_correct
7305,6,6,6,0,1,1,both_correct
7306,5,5,5,0,1,1,both_correct
7307,7,7,7,0,1,1,both_correct
7308,2,2,2,0,1,1,both_correct
7309,8,8,8,0,1,1,both_correct
7310,6,6,6,0,1,1,both_correct
7311,3,3,3,0,1,1,both_correct
7312,3,3,3,0,1,1,both_correct
7313,8,8,8,0,1,1,both_correct
7314,6,6,6,0,1,1,both_correct
7315,5,5,5,0,1,1,both_correct
7316,4,4,4,0,1,1,both_correct
7317,0,0,0,0,1,1,both_correct
7318,9,9,9,0,1,1,both_correct
7319,1,1,1,0,1,1,both_correct
7320,7,7,7,0,1,1,both_correct
7321,2,2,2,0,1,1,both_correct
7322,9,9,9,0,1,1,both_correct
7323,1,1,1,0,1,1,both_correct
7324,5,5,5,0,1,1,both_correct
7325,1,1,1,0,1,1,both_correct
7326,3,3,3,0,1,1,both_correct
7327,2,2,2,0,1,1,both_correct
7328,2,2,2,0,1,1,both_correct
7329,3,3,3,0,1,1,both_correct
7330,0,0,0,0,1,1,both_correct
7331,6,6,6,0,1,1,both_correct
7332,4,4,4,0,1,1,both_correct
7333,3,3,3,0,1,1,both_correct
7334,7,7,7,0,1,1,both_correct
7335,6,6,6,0,1,1,both_correct
7336,9,9,9,0,1,1,both_correct
7337,0,0,0,0,1,1,both_correct
7338,4,4,4,0,1,1,both_correct
7339,8,8,8,0,1,1,both_correct
7340,1,1,1,0,1,1,both_correct
7341,4,4,4,0,1,1,both_correct
7342,0,0,0,0,1,1,both_correct
7343,6,6,6,0,1,1,both_correct
7344,1,1,1,0,1,1,both_correct
7345,2,2,2,0,1,1,both_correct
7346,6,6,6,0,1,1,both_correct
7347,9,9,9,0,1,1,both_correct
7348,2,2,2,0,1,1,both_correct
7349,2,2,2,0,1,1,both_correct
7350,3,3,3,0,1,1,both_correct
7351,5,5,5,0,1,1,both_correct
7352,5,5,5,0,1,1,both_correct
7353,1,1,1,0,1,1,both_correct
7354,0,0,0,0,1,1,both_correct
7355,7,7,7,0,1,1,both_correct
7356,7,7,7,0,1,1,both_correct
7357,9,9,9,0,1,1,both_correct
7358,6,6,6,0,1,1,both_correct
7359,2,2,2,0,1,1,both_correct
7360,9,9,9,0,1,1,both_correct
7361,4,4,4,0,1,1,both_correct
7362,7,7,7,0,1,1,both_correct
7363,0,0,0,0,1,1,both_correct
7364,2,2,2,0,1,1,both_correct
7365,3,3,3,0,1,1,both_correct
7366,4,4,4,0,1,1,both_correct
7367,0,0,0,0,1,1,both_correct
7368,0,0,0,0,1,1,both_correct
7369,8,8,8,0,1,1,both_correct
7370,8,8,8,0,1,1,both_correct
7371,8,8,8,0,1,1,both_correct
7372,5,5,5,0,1,1,both_correct
7373,1,1,1,0,1,1,both_correct
7374,3,3,3,0,1,1,both_correct
7375,7,7,7,0,1,1,both_correct
7376,4,4,4,0,1,1,both_correct
7377,9,9,9,0,1,1,both_correct
7378,8,8,8,0,1,1,both_correct
7379,8,8,8,0,1,1,both_correct
7380,9,9,9,0,1,1,both_correct
7381,0,0,0,0,1,1,both_correct
7382,9,9,9,0,1,1,both_correct
7383,8,8,8,0,1,1,both_correct
7384,9,9,9,0,1,1,both_correct
7385,0,0,0,0,1,1,both_correct
7386,2,2,2,0,1,1,both_correct
7387,6,6,6,0,1,1,both_correct
7388,5,5,5,0,1,1,both_correct
7389,6,6,6,0,1,1,both_correct
7390,7,7,7,0,1,1,both_correct
7391,4,4,4,0,1,1,both_correct
7392,7,7,7,0,1,1,both_correct
7393,5,5,5,0,1,1,both_correct
7394,4,4,4,0,1,1,both_correct
7395,1,1,1,0,1,1,both_correct
7396,3,3,3,0,1,1,both_correct
7397,5,5,5,0,1,1,both_correct
7398,3,3,3,0,1,1,both_correct
7399,1,1,1,0,1,1,both_correct
7400,2,2,2,0,1,1,both_correct
7401,3,3,3,0,1,1,both_correct
7402,4,4,4,0,1,1,both_correct
7403,5,5,5,0,1,1,both_correct
7404,6,6,6,0,1,1,both_correct
7405,1,1,1,0,1,1,both_correct
7406,2,2,2,0,1,1,both_correct
7407,3,3,3,0,1,1,both_correct
7408,4,4,4,0,1,1,both_correct
7409,6,6,6,0,1,1,both_correct
7410,0,0,0,0,1,1,both_correct
7411,1,1,1,0,1,1,both_correct
7412,2,2,2,0,1,1,both_correct
7413,4,1,1,0,0,0,both_wrong_same_prediction
7414,5,5,5,0,1,1,both_correct
7415,6,6,6,0,1,1,both_correct
7416,7,7,7,0,1,1,both_correct
7417,8,8,8,0,1,1,both_correct
7418,1,1,1,0,1,1,both_correct
7419,7,7,7,0,1,1,both_correct
7420,2,2,2,0,1,1,both_correct
7421,4,4,4,0,1,1,both_correct
7422,1,1,1,0,1,1,both_correct
7423,4,4,4,0,1,1,both_correct
7424,1,1,1,0,1,1,both_correct
7425,4,4,4,0,1,1,both_correct
7426,9,9,9,0,1,1,both_correct
7427,6,6,6,0,1,1,both_correct
7428,8,8,8,0,1,1,both_correct
7429,4,4,4,0,1,1,both_correct
7430,5,5,5,0,1,1,both_correct
7431,3,3,3,0,1,1,both_correct
7432,7,7,7,0,1,1,both_correct
7433,8,8,8,0,1,1,both_correct
7434,4,4,4,0,1,1,both_correct
7435,3,3,3,0,1,1,both_correct
7436,3,3,3,0,1,1,both_correct
7437,5,5,5,0,1,1,both_correct
7438,6,6,6,0,1,1,both_correct
7439,7,7,7,0,1,1,both_correct
7440,0,0,0,0,1,1,both_correct
7441,6,6,6,0,1,1,both_correct
7442,1,1,1,0,1,1,both_correct
7443,6,6,6,0,1,1,both_correct
7444,8,8,8,0,1,1,both_correct
7445,7,3,7,1,0,1,resize_only_correct
7446,0,0,0,0,1,1,both_correct
7447,1,1,1,0,1,1,both_correct
7448,5,5,5,0,1,1,both_correct
7449,0,0,0,0,1,1,both_correct
7450,8,8,8,0,1,1,both_correct
7451,5,3,3,0,0,0,both_wrong_same_prediction
7452,0,0,0,0,1,1,both_correct
7453,1,1,1,0,1,1,both_correct
7454,5,5,5,0,1,1,both_correct
7455,8,8,8,0,1,1,both_correct
7456,4,4,4,0,1,1,both_correct
7457,2,2,2,0,1,1,both_correct
7458,3,3,3,0,1,1,both_correct
7459,9,9,9,0,1,1,both_correct
7460,7,7,7,0,1,1,both_correct
7461,6,6,6,0,1,1,both_correct
7462,9,9,9,0,1,1,both_correct
7463,1,1,1,0,1,1,both_correct
7464,9,9,9,0,1,1,both_correct
7465,0,0,0,0,1,1,both_correct
7466,6,6,6,0,1,1,both_correct
7467,7,7,7,0,1,1,both_correct
7468,1,1,1,0,1,1,both_correct
7469,2,2,2,0,1,1,both_correct
7470,3,3,3,0,1,1,both_correct
7471,9,9,9,0,1,1,both_correct
7472,2,2,2,0,1,1,both_correct
7473,4,4,4,0,1,1,both_correct
7474,5,5,5,0,1,1,both_correct
7475,5,5,5,0,1,1,both_correct
7476,3,3,3,0,1,1,both_correct
7477,7,7,7,0,1,1,both_correct
7478,5,5,5,0,1,1,both_correct
7479,3,3,3,0,1,1,both_correct
7480,1,1,1,0,1,1,both_correct
7481,8,8,8,0,1,1,both_correct
7482,2,2,2,0,1,1,both_correct
7483,2,2,2,0,1,1,both_correct
7484,3,3,3,0,1,1,both_correct
7485,0,0,0,0,1,1,both_correct
7486,2,2,2,0,1,1,both_correct
7487,9,9,9,0,1,1,both_correct
7488,4,4,4,0,1,1,both_correct
7489,9,9,9,0,1,1,both_correct
7490,7,7,7,0,1,1,both_correct
7491,0,0,0,0,1,1,both_correct
7492,2,2,2,0,1,1,both_correct
7493,7,7,7,0,1,1,both_correct
7494,4,4,4,0,1,1,both_correct
7495,9,9,9,0,1,1,both_correct
7496,9,9,9,0,1,1,both_correct
7497,2,2,2,0,1,1,both_correct
7498,5,5,5,0,1,1,both_correct
7499,9,9,9,0,1,1,both_correct
7500,8,8,8,0,1,1,both_correct
7501,3,3,3,0,1,1,both_correct
7502,8,8,8,0,1,1,both_correct
7503,6,6,6,0,1,1,both_correct
7504,7,7,7,0,1,1,both_correct
7505,0,0,0,0,1,1,both_correct
7506,0,0,0,0,1,1,both_correct
7507,1,1,1,0,1,1,both_correct
7508,2,2,2,0,1,1,both_correct
7509,3,3,3,0,1,1,both_correct
7510,4,4,4,0,1,1,both_correct
7511,5,5,5,0,1,1,both_correct
7512,6,6,6,0,1,1,both_correct
7513,7,7,7,0,1,1,both_correct
7514,8,8,8,0,1,1,both_correct
7515,9,9,9,0,1,1,both_correct
7516,0,0,0,0,1,1,both_correct
7517,1,1,1,0,1,1,both_correct
7518,2,2,2,0,1,1,both_correct
7519,3,3,3,0,1,1,both_correct
7520,4,4,4,0,1,1,both_correct
7521,5,5,5,0,1,1,both_correct
7522,6,6,6,0,1,1,both_correct
7523,7,7,7,0,1,1,both_correct
7524,8,8,8,0,1,1,both_correct
7525,9,9,9,0,1,1,both_correct
7526,0,0,0,0,1,1,both_correct
7527,1,1,1,0,1,1,both_correct
7528,2,2,2,0,1,1,both_correct
7529,3,3,3,0,1,1,both_correct
7530,4,4,4,0,1,1,both_correct
7531,5,5,5,0,1,1,both_correct
7532,6,6,6,0,1,1,both_correct
7533,7,7,7,0,1,1,both_correct
7534,8,8,8,0,1,1,both_correct
7535,9,9,9,0,1,1,both_correct
7536,0,0,0,0,1,1,both_correct
7537,0,0,0,0,1,1,both_correct
7538,7,7,7,0,1,1,both_correct
7539,2,2,2,0,1,1,both_correct
7540,6,6,6,0,1,1,both_correct
7541,5,5,5,0,1,1,both_correct
7542,5,5,5,0,1,1,both_correct
7543,3,3,3,0,1,1,both_correct
7544,7,7,7,0,1,1,both_correct
7545,8,8,8,0,1,1,both_correct
7546,6,6,6,0,1,1,both_correct
7547,6,6,6,0,1,1,both_correct
7548,6,6,6,0,1,1,both_correct
7549,6,6,6,0,1,1,both_correct
7550,4,4,4,0,1,1,both_correct
7551,3,3,3,0,1,1,both_correct
7552,8,8,8,0,1,1,both_correct
7553,8,8,8,0,1,1,both_correct
7554,3,3,3,0,1,1,both_correct
7555,0,0,0,0,1,1,both_correct
7556,1,1,1,0,1,1,both_correct
7557,9,9,9,0,1,1,both_correct
7558,0,0,0,0,1,1,both_correct
7559,5,5,5,0,1,1,both_correct
7560,4,4,4,0,1,1,both_correct
7561,1,1,1,0,1,1,both_correct
7562,9,9,9,0,1,1,both_correct
7563,1,1,1,0,1,1,both_correct
7564,2,2,2,0,1,1,both_correct
7565,7,7,7,0,1,1,both_correct
7566,0,0,0,0,1,1,both_correct
7567,1,1,1,0,1,1,both_correct
7568,3,3,3,0,1,1,both_correct
7569,8,8,8,0,1,1,both_correct
7570,2,2,2,0,1,1,both_correct
7571,9,9,9,0,1,1,both_correct
7572,2,2,2,0,1,1,both_correct
7573,7,7,7,0,1,1,both_correct
7574,4,1,1,0,0,0,both_wrong_same_prediction
7575,2,2,2,0,1,1,both_correct
7576,6,6,6,0,1,1,both_correct
7577,5,5,5,0,1,1,both_correct
7578,5,5,5,0,1,1,both_correct
7579,9,9,9,0,1,1,both_correct
7580,9,9,9,0,1,1,both_correct
7581,1,1,1,0,1,1,both_correct
7582,1,1,1,0,1,1,both_correct
7583,5,5,5,0,1,1,both_correct
7584,7,7,7,0,1,1,both_correct
7585,6,6,6,0,1,1,both_correct
7586,8,8,8,0,1,1,both_correct
7587,2,2,2,0,1,1,both_correct
7588,9,9,9,0,1,1,both_correct
7589,4,4,4,0,1,1,both_correct
7590,3,3,3,0,1,1,both_correct
7591,1,1,1,0,1,1,both_correct
7592,9,9,9,0,1,1,both_correct
7593,0,0,0,0,1,1,both_correct
7594,9,9,9,0,1,1,both_correct
7595,3,3,3,0,1,1,both_correct
7596,6,6,6,0,1,1,both_correct
7597,8,8,8,0,1,1,both_correct
7598,7,7,7,0,1,1,both_correct
7599,0,0,0,0,1,1,both_correct
7600,1,1,1,0,1,1,both_correct
7601,0,0,0,0,1,1,both_correct
7602,5,5,5,0,1,1,both_correct
7603,8,8,8,0,1,1,both_correct
7604,2,2,2,0,1,1,both_correct
7605,7,7,7,0,1,1,both_correct
7606,7,7,7,0,1,1,both_correct
7607,0,0,0,0,1,1,both_correct
7608,1,1,1,0,1,1,both_correct
7609,2,2,2,0,1,1,both_correct
7610,3,3,3,0,1,1,both_correct
7611,4,4,4,0,1,1,both_correct
7612,5,5,5,0,1,1,both_correct
7613,6,6,6,0,1,1,both_correct
7614,7,7,7,0,1,1,both_correct
7615,8,8,8,0,1,1,both_correct
7616,9,9,9,0,1,1,both_correct
7617,0,0,0,0,1,1,both_correct
7618,1,1,1,0,1,1,both_correct
7619,2,2,2,0,1,1,both_correct
7620,3,3,3,0,1,1,both_correct
7621,4,4,4,0,1,1,both_correct
7622,5,5,5,0,1,1,both_correct
7623,8,8,8,0,1,1,both_correct
7624,9,9,9,0,1,1,both_correct
7625,0,0,0,0,1,1,both_correct
7626,1,1,1,0,1,1,both_correct
7627,2,2,2,0,1,1,both_correct
7628,3,3,3,0,1,1,both_correct
7629,4,4,4,0,1,1,both_correct
7630,5,5,5,0,1,1,both_correct
7631,6,6,6,0,1,1,both_correct
7632,7,7,7,0,1,1,both_correct
7633,8,8,8,0,1,1,both_correct
7634,9,9,9,0,1,1,both_correct
7635,2,2,2,0,1,1,both_correct
7636,1,1,1,0,1,1,both_correct
7637,2,2,2,0,1,1,both_correct
7638,1,1,1,0,1,1,both_correct
7639,3,3,3,0,1,1,both_correct
7640,9,9,9,0,1,1,both_correct
7641,9,9,9,0,1,1,both_correct
7642,8,8,8,0,1,1,both_correct
7643,5,5,5,0,1,1,both_correct
7644,3,3,3,0,1,1,both_correct
7645,7,7,7,0,1,1,both_correct
7646,0,0,0,0,1,1,both_correct
7647,7,7,7,0,1,1,both_correct
7648,7,7,7,0,1,1,both_correct
7649,5,5,5,0,1,1,both_correct
7650,7,7,7,0,1,1,both_correct
7651,9,9,9,0,1,1,both_correct
7652,9,9,9,0,1,1,both_correct
7653,4,4,4,0,1,1,both_correct
7654,7,7,7,0,1,1,both_correct
7655,0,0,0,0,1,1,both_correct
7656,3,3,3,0,1,1,both_correct
7657,4,4,4,0,1,1,both_correct
7658,1,1,1,0,1,1,both_correct
7659,5,5,5,0,1,1,both_correct
7660,8,8,8,0,1,1,both_correct
7661,1,1,1,0,1,1,both_correct
7662,4,4,4,0,1,1,both_correct
7663,8,8,8,0,1,1,both_correct
7664,4,4,4,0,1,1,both_correct
7665,1,1,1,0,1,1,both_correct
7666,8,8,8,0,1,1,both_correct
7667,6,6,6,0,1,1,both_correct
7668,6,6,6,0,1,1,both_correct
7669,4,4,4,0,1,1,both_correct
7670,6,6,6,0,1,1,both_correct
7671,0,0,0,0,1,1,both_correct
7672,5,5,5,0,1,1,both_correct
7673,5,5,5,0,1,1,both_correct
7674,3,3,3,0,1,1,both_correct
7675,3,3,3,0,1,1,both_correct
7676,5,5,5,0,1,1,both_correct
7677,7,7,7,0,1,1,both_correct
7678,2,2,2,0,1,1,both_correct
7679,5,5,5,0,1,1,both_correct
7680,9,9,9,0,1,1,both_correct
7681,6,6,6,0,1,1,both_correct
7682,9,9,9,0,1,1,both_correct
7683,2,2,2,0,1,1,both_correct
7684,6,6,6,0,1,1,both_correct
7685,2,2,2,0,1,1,both_correct
7686,1,1,1,0,1,1,both_correct
7687,2,2,2,0,1,1,both_correct
7688,0,0,0,0,1,1,both_correct
7689,8,8,8,0,1,1,both_correct
7690,3,3,3,0,1,1,both_correct
7691,8,8,8,0,1,1,both_correct
7692,3,3,3,0,1,1,both_correct
7693,0,0,0,0,1,1,both_correct
7694,8,8,8,0,1,1,both_correct
7695,7,7,7,0,1,1,both_correct
7696,4,4,4,0,1,1,both_correct
7697,9,9,9,0,1,1,both_correct
7698,5,5,5,0,1,1,both_correct
7699,0,0,0,0,1,1,both_correct
7700,9,9,9,0,1,1,both_correct
7701,7,7,7,0,1,1,both_correct
7702,0,0,0,0,1,1,both_correct
7703,0,0,0,0,1,1,both_correct
7704,4,4,4,0,1,1,both_correct
7705,6,6,6,0,1,1,both_correct
7706,0,0,0,0,1,1,both_correct
7707,9,9,9,0,1,1,both_correct
7708,1,1,1,0,1,1,both_correct
7709,6,6,6,0,1,1,both_correct
7710,2,2,2,0,1,1,both_correct
7711,7,7,7,0,1,1,both_correct
7712,6,6,6,0,1,1,both_correct
7713,8,8,8,0,1,1,both_correct
7714,3,3,3,0,1,1,both_correct
7715,5,5,5,0,1,1,both_correct
7716,2,2,2,0,1,1,both_correct
7717,1,1,1,0,1,1,both_correct
7718,8,8,8,0,1,1,both_correct
7719,3,3,3,0,1,1,both_correct
7720,8,8,8,0,1,1,both_correct
7721,6,6,6,0,1,1,both_correct
7722,1,1,1,0,1,1,both_correct
7723,0,0,0,0,1,1,both_correct
7724,2,2,2,0,1,1,both_correct
7725,1,1,1,0,1,1,both_correct
7726,4,4,4,0,1,1,both_correct
7727,0,0,0,0,1,1,both_correct
7728,1,1,1,0,1,1,both_correct
7729,2,2,2,0,1,1,both_correct
7730,3,3,3,0,1,1,both_correct
7731,4,4,4,0,1,1,both_correct
7732,5,5,5,0,1,1,both_correct
7733,6,6,6,0,1,1,both_correct
7734,7,7,7,0,1,1,both_correct
7735,8,8,8,0,1,1,both_correct
7736,9,9,9,0,1,1,both_correct
7737,0,0,0,0,1,1,both_correct
7738,1,1,1,0,1,1,both_correct
7739,2,2,2,0,1,1,both_correct
7740,3,3,3,0,1,1,both_correct
7741,4,4,4,0,1,1,both_correct
7742,5,5,5,0,1,1,both_correct
7743,6,6,6,0,1,1,both_correct
7744,7,7,7,0,1,1,both_correct
7745,8,8,8,0,1,1,both_correct
7746,9,9,9,0,1,1,both_correct
7747,0,0,0,0,1,1,both_correct
7748,1,1,1,0,1,1,both_correct
7749,2,2,2,0,1,1,both_correct
7750,3,3,3,0,1,1,both_correct
7751,4,4,4,0,1,1,both_correct
7752,5,5,5,0,1,1,both_correct
7753,6,6,6,0,1,1,both_correct
7754,7,7,7,0,1,1,both_correct
7755,8,8,8,0,1,1,both_correct
7756,9,9,9,0,1,1,both_correct
7757,7,7,7,0,1,1,both_correct
7758,6,6,6,0,1,1,both_correct
7759,4,4,4,0,1,1,both_correct
7760,7,7,7,0,1,1,both_correct
7761,6,6,6,0,1,1,both_correct
7762,2,2,2,0,1,1,both_correct
7763,3,3,3,0,1,1,both_correct
7764,4,4,4,0,1,1,both_correct
7765,8,8,8,0,1,1,both_correct
7766,7,7,7,0,1,1,both_correct
7767,8,8,8,0,1,1,both_correct
7768,6,6,6,0,1,1,both_correct
7769,9,9,9,0,1,1,both_correct
7770,8,8,8,0,1,1,both_correct
7771,3,3,3,0,1,1,both_correct
7772,2,2,2,0,1,1,both_correct
7773,2,2,2,0,1,1,both_correct
7774,8,8,8,0,1,1,both_correct
7775,4,4,4,0,1,1,both_correct
7776,8,8,8,0,1,1,both_correct
7777,5,5,5,0,1,1,both_correct
7778,6,6,6,0,1,1,both_correct
7779,5,5,5,0,1,1,both_correct
7780,0,0,0,0,1,1,both_correct
7781,2,2,2,0,1,1,both_correct
7782,0,0,0,0,1,1,both_correct
7783,1,1,1,0,1,1,both_correct
7784,1,1,1,0,1,1,both_correct
7785,2,2,2,0,1,1,both_correct
7786,9,9,9,0,1,1,both_correct
7787,6,6,6,0,1,1,both_correct
7788,8,8,8,0,1,1,both_correct
7789,2,2,2,0,1,1,both_correct
7790,1,1,1,0,1,1,both_correct
7791,0,0,0,0,1,1,both_correct
7792,6,6,6,0,1,1,both_correct
7793,5,5,5,0,1,1,both_correct
7794,2,2,2,0,1,1,both_correct
7795,9,9,9,0,1,1,both_correct
7796,7,7,7,0,1,1,both_correct
7797,5,5,5,0,1,1,both_correct
7798,3,3,3,0,1,1,both_correct
7799,9,9,9,0,1,1,both_correct
7800,3,3,3,0,1,1,both_correct
7801,7,7,7,0,1,1,both_correct
7802,1,1,1,0,1,1,both_correct
7803,8,8,8,0,1,1,both_correct
7804,3,3,3,0,1,1,both_correct
7805,8,8,8,0,1,1,both_correct
7806,1,1,1,0,1,1,both_correct
7807,9,9,9,0,1,1,both_correct
7808,5,5,5,0,1,1,both_correct
7809,5,5,5,0,1,1,both_correct
7810,0,0,0,0,1,1,both_correct
7811,1,1,1,0,1,1,both_correct
7812,1,1,1,0,1,1,both_correct
7813,9,9,9,0,1,1,both_correct
7814,8,8,8,0,1,1,both_correct
7815,2,2,2,0,1,1,both_correct
7816,6,6,6,0,1,1,both_correct
7817,0,0,0,0,1,1,both_correct
7818,4,4,4,0,1,1,both_correct
7819,5,5,5,0,1,1,both_correct
7820,0,0,0,0,1,1,both_correct
7821,3,3,3,0,1,1,both_correct
7822,1,1,1,0,1,1,both_correct
7823,8,8,8,0,1,1,both_correct
7824,6,6,6,0,1,1,both_correct
7825,7,7,7,0,1,1,both_correct
7826,5,5,5,0,1,1,both_correct
7827,9,9,9,0,1,1,both_correct
7828,9,9,9,0,1,1,both_correct
7829,3,3,3,0,1,1,both_correct
7830,0,0,0,0,1,1,both_correct
7831,3,3,3,0,1,1,both_correct
7832,1,1,1,0,1,1,both_correct
7833,4,4,4,0,1,1,both_correct
7834,4,4,4,0,1,1,both_correct
7835,0,0,0,0,1,1,both_correct
7836,4,4,4,0,1,1,both_correct
7837,9,9,9,0,1,1,both_correct
7838,0,0,0,0,1,1,both_correct
7839,1,1,1,0,1,1,both_correct
7840,2,2,2,0,1,1,both_correct
7841,3,3,3,0,1,1,both_correct
7842,5,5,5,0,1,1,both_correct
7843,6,6,6,0,1,1,both_correct
7844,7,7,7,0,1,1,both_correct
7845,8,8,8,0,1,1,both_correct
7846,0,0,0,0,1,1,both_correct
7847,1,1,1,0,1,1,both_correct
7848,2,2,2,0,1,1,both_correct
7849,3,0,0,0,0,0,both_wrong_same_prediction
7850,5,5,5,0,1,1,both_correct
7851,6,6,6,0,1,1,both_correct
7852,7,7,7,0,1,1,both_correct
7853,8,8,8,0,1,1,both_correct
7854,9,9,9,0,1,1,both_correct
7855,0,0,0,0,1,1,both_correct
7856,1,1,1,0,1,1,both_correct
7857,2,2,2,0,1,1,both_correct
7858,3,3,3,0,1,1,both_correct
7859,5,5,5,0,1,1,both_correct
7860,6,6,6,0,1,1,both_correct
7861,7,7,7,0,1,1,both_correct
7862,8,8,8,0,1,1,both_correct
7863,9,9,9,0,1,1,both_correct
7864,9,9,9,0,1,1,both_correct
7865,7,7,7,0,1,1,both_correct
7866,0,0,0,0,1,1,both_correct
7867,9,9,9,0,1,1,both_correct
7868,0,0,0,0,1,1,both_correct
7869,1,1,1,0,1,1,both_correct
7870,5,5,5,0,1,1,both_correct
7871,8,8,8,0,1,1,both_correct
7872,8,8,8,0,1,1,both_correct
7873,0,0,0,0,1,1,both_correct
7874,9,9,9,0,1,1,both_correct
7875,3,3,3,0,1,1,both_correct
7876,2,2,2,0,1,1,both_correct
7877,7,7,7,0,1,1,both_correct
7878,8,8,8,0,1,1,both_correct
7879,4,4,4,0,1,1,both_correct
7880,6,6,6,0,1,1,both_correct
7881,1,1,1,0,1,1,both_correct
7882,0,0,0,0,1,1,both_correct
7883,4,4,4,0,1,1,both_correct
7884,9,9,9,0,1,1,both_correct
7885,4,4,4,0,1,1,both_correct
7886,2,2,2,0,1,1,both_correct
7887,0,0,0,0,1,1,both_correct
7888,5,5,5,0,1,1,both_correct
7889,0,0,0,0,1,1,both_correct
7890,1,1,1,0,1,1,both_correct
7891,6,6,6,0,1,1,both_correct
7892,9,9,9,0,1,1,both_correct
7893,3,3,3,0,1,1,both_correct
7894,2,2,2,0,1,1,both_correct
7895,9,9,9,0,1,1,both_correct
7896,1,1,1,0,1,1,both_correct
7897,6,6,6,0,1,1,both_correct
7898,0,0,0,0,1,1,both_correct
7899,1,0,1,1,0,1,resize_only_correct
7900,1,1,1,0,1,1,both_correct
7901,8,8,8,0,1,1,both_correct
7902,7,7,3,1,1,0,pad_only_correct
7903,7,7,7,0,1,1,both_correct
7904,6,6,6,0,1,1,both_correct
7905,3,3,3,0,1,1,both_correct
7906,6,6,6,0,1,1,both_correct
7907,0,0,0,0,1,1,both_correct
7908,7,7,7,0,1,1,both_correct
7909,2,2,2,0,1,1,both_correct
7910,4,4,4,0,1,1,both_correct
7911,1,1,1,0,1,1,both_correct
7912,7,7,7,0,1,1,both_correct
7913,0,0,0,0,1,1,both_correct
7914,6,6,6,0,1,1,both_correct
7915,7,7,7,0,1,1,both_correct
7916,1,1,1,0,1,1,both_correct
7917,2,2,2,0,1,1,both_correct
7918,5,5,5,0,1,1,both_correct
7919,8,8,8,0,1,1,both_correct
7920,1,1,1,0,1,1,both_correct
7921,8,8,8,0,1,1,both_correct
7922,2,2,2,0,1,1,both_correct
7923,8,8,8,0,1,1,both_correct
7924,7,7,7,0,1,1,both_correct
7925,6,6,6,0,1,1,both_correct
7926,8,8,8,0,1,1,both_correct
7927,7,7,7,0,1,1,both_correct
7928,1,0,0,0,0,0,both_wrong_same_prediction
7929,6,6,6,0,1,1,both_correct
7930,2,2,2,0,1,1,both_correct
7931,9,9,9,0,1,1,both_correct
7932,3,3,3,0,1,1,both_correct
7933,0,0,0,0,1,1,both_correct
7934,1,1,1,0,1,1,both_correct
7935,2,2,2,0,1,1,both_correct
7936,3,3,3,0,1,1,both_correct
7937,4,4,4,0,1,1,both_correct
7938,5,5,5,0,1,1,both_correct
7939,6,6,6,0,1,1,both_correct
7940,7,7,7,0,1,1,both_correct
7941,8,8,8,0,1,1,both_correct
7942,9,9,9,0,1,1,both_correct
7943,0,0,0,0,1,1,both_correct
7944,1,1,1,0,1,1,both_correct
7945,2,2,2,0,1,1,both_correct
7946,3,3,3,0,1,1,both_correct
7947,4,4,4,0,1,1,both_correct
7948,5,5,5,0,1,1,both_correct
7949,6,6,6,0,1,1,both_correct
7950,7,7,7,0,1,1,both_correct
7951,8,8,8,0,1,1,both_correct
7952,9,9,9,0,1,1,both_correct
7953,0,0,0,0,1,1,both_correct
7954,1,1,1,0,1,1,both_correct
7955,2,2,2,0,1,1,both_correct
7956,3,3,3,0,1,1,both_correct
7957,4,4,4,0,1,1,both_correct
7958,5,5,5,0,1,1,both_correct
7959,6,6,6,0,1,1,both_correct
7960,7,7,7,0,1,1,both_correct
7961,8,8,8,0,1,1,both_correct
7962,9,9,9,0,1,1,both_correct
7963,8,8,8,0,1,1,both_correct
7964,9,9,9,0,1,1,both_correct
7965,5,5,5,0,1,1,both_correct
7966,7,7,7,0,1,1,both_correct
7967,0,0,0,0,1,1,both_correct
7968,3,3,3,0,1,1,both_correct
7969,1,1,1,0,1,1,both_correct
7970,6,6,6,0,1,1,both_correct
7971,8,8,8,0,1,1,both_correct
7972,4,4,4,0,1,1,both_correct
7973,1,1,1,0,1,1,both_correct
7974,5,5,5,0,1,1,both_correct
7975,6,6,6,0,1,1,both_correct
7976,4,4,4,0,1,1,both_correct
7977,2,2,2,0,1,1,both_correct
7978,7,7,7,0,1,1,both_correct
7979,8,8,8,0,1,1,both_correct
7980,1,1,1,0,1,1,both_correct
7981,3,3,3,0,1,1,both_correct
7982,4,4,4,0,1,1,both_correct
7983,3,3,3,0,1,1,both_correct
7984,4,4,4,0,1,1,both_correct
7985,7,7,7,0,1,1,both_correct
7986,2,2,2,0,1,1,both_correct
7987,0,0,0,0,1,1,both_correct
7988,5,5,5,0,1,1,both_correct
7989,0,0,0,0,1,1,both_correct
7990,1,1,1,0,1,1,both_correct
7991,9,9,9,0,1,1,both_correct
7992,2,2,2,0,1,1,both_correct
7993,3,3,3,0,1,1,both_correct
7994,2,2,2,0,1,1,both_correct
7995,3,3,3,0,1,1,both_correct
7996,5,5,5,0,1,1,both_correct
7997,5,5,5,0,1,1,both_correct
7998,7,7,7,0,1,1,both_correct
7999,8,8,8,0,1,1,both_correct
8000,4,4,4,0,1,1,both_correct
8001,9,9,9,0,1,1,both_correct
8002,9,9,9,0,1,1,both_correct
8003,7,7,7,0,1,1,both_correct
8004,1,1,1,0,1,1,both_correct
8005,1,1,1,0,1,1,both_correct
8006,9,9,9,0,1,1,both_correct
8007,0,0,0,0,1,1,both_correct
8008,7,7,7,0,1,1,both_correct
8009,8,8,8,0,1,1,both_correct
8010,3,3,3,0,1,1,both_correct
8011,4,4,4,0,1,1,both_correct
8012,8,8,8,0,1,1,both_correct
8013,6,6,6,0,1,1,both_correct
8014,3,3,3,0,1,1,both_correct
8015,8,8,8,0,1,1,both_correct
8016,0,0,0,0,1,1,both_correct
8017,9,9,9,0,1,1,both_correct
8018,6,6,6,0,1,1,both_correct
8019,2,2,2,0,1,1,both_correct
8020,1,1,1,0,1,1,both_correct
8021,0,0,0,0,1,1,both_correct
8022,1,1,1,0,1,1,both_correct
8023,0,0,0,0,1,1,both_correct
8024,6,6,6,0,1,1,both_correct
8025,2,2,2,0,1,1,both_correct
8026,3,3,3,0,1,1,both_correct
8027,8,8,8,0,1,1,both_correct
8028,9,9,9,0,1,1,both_correct
8029,0,0,0,0,1,1,both_correct
8030,7,7,7,0,1,1,both_correct
8031,2,2,2,0,1,1,both_correct
8032,3,3,3,0,1,1,both_correct
8033,4,4,4,0,1,1,both_correct
8034,5,5,5,0,1,1,both_correct
8035,5,5,5,0,1,1,both_correct
8036,2,2,2,0,1,1,both_correct
8037,8,8,8,0,1,1,both_correct
8038,5,5,5,0,1,1,both_correct
8039,4,4,4,0,1,1,both_correct
8040,6,6,6,0,1,1,both_correct
8041,6,6,6,0,1,1,both_correct
8042,6,6,6,0,1,1,both_correct
8043,7,3,7,1,0,1,resize_only_correct
8044,9,9,9,0,1,1,both_correct
8045,1,1,1,0,1,1,both_correct
8046,8,8,8,0,1,1,both_correct
8047,2,2,2,0,1,1,both_correct
8048,1,1,1,0,1,1,both_correct
8049,5,5,5,0,1,1,both_correct
8050,3,3,3,0,1,1,both_correct
8051,4,4,4,0,1,1,both_correct
8052,7,7,7,0,1,1,both_correct
8053,9,9,9,0,1,1,both_correct
8054,4,4,4,0,1,1,both_correct
8055,0,0,0,0,1,1,both_correct
8056,0,0,0,0,1,1,both_correct
8057,0,0,0,0,1,1,both_correct
8058,1,1,1,0,1,1,both_correct
8059,2,1,2,1,0,1,resize_only_correct
8060,3,3,3,0,1,1,both_correct
8061,4,4,4,0,1,1,both_correct
8062,5,5,5,0,1,1,both_correct
8063,6,6,6,0,1,1,both_correct
8064,7,7,7,0,1,1,both_correct
8065,8,8,8,0,1,1,both_correct
8066,9,9,9,0,1,1,both_correct
8067,0,0,0,0,1,1,both_correct
8068,1,1,1,0,1,1,both_correct
8069,2,2,2,0,1,1,both_correct
8070,3,3,3,0,1,1,both_correct
8071,4,4,4,0,1,1,both_correct
8072,5,5,5,0,1,1,both_correct
8073,6,6,6,0,1,1,both_correct
8074,7,7,7,0,1,1,both_correct
8075,8,8,8,0,1,1,both_correct
8076,9,9,9,0,1,1,both_correct
8077,0,0,0,0,1,1,both_correct
8078,1,1,1,0,1,1,both_correct
8079,2,2,2,0,1,1,both_correct
8080,3,3,3,0,1,1,both_correct
8081,4,4,4,0,1,1,both_correct
8082,5,5,5,0,1,1,both_correct
8083,6,6,6,0,1,1,both_correct
8084,9,9,9,0,1,1,both_correct
8085,0,0,0,0,1,1,both_correct
8086,1,1,1,0,1,1,both_correct
8087,3,3,3,0,1,1,both_correct
8088,1,1,1,0,1,1,both_correct
8089,5,5,5,0,1,1,both_correct
8090,1,1,1,0,1,1,both_correct
8091,2,2,2,0,1,1,both_correct
8092,4,4,4,0,1,1,both_correct
8093,9,9,9,0,1,1,both_correct
8094,2,8,2,1,0,1,resize_only_correct
8095,4,4,4,0,1,1,both_correct
8096,6,6,6,0,1,1,both_correct
8097,8,8,8,0,1,1,both_correct
8098,0,0,0,0,1,1,both_correct
8099,1,1,1,0,1,1,both_correct
8100,1,1,1,0,1,1,both_correct
8101,9,9,9,0,1,1,both_correct
8102,2,2,2,0,1,1,both_correct
8103,6,6,6,0,1,1,both_correct
8104,6,6,6,0,1,1,both_correct
8105,8,8,8,0,1,1,both_correct
8106,7,7,7,0,1,1,both_correct
8107,4,4,4,0,1,1,both_correct
8108,2,2,2,0,1,1,both_correct
8109,9,9,9,0,1,1,both_correct
8110,7,7,7,0,1,1,both_correct
8111,0,0,0,0,1,1,both_correct
8112,2,2,2,0,1,1,both_correct
8113,1,1,1,0,1,1,both_correct
8114,0,0,0,0,1,1,both_correct
8115,3,3,3,0,1,1,both_correct
8116,6,6,6,0,1,1,both_correct
8117,0,0,0,0,1,1,both_correct
8118,1,1,1,0,1,1,both_correct
8119,2,2,2,0,1,1,both_correct
8120,3,3,3,0,1,1,both_correct
8121,4,4,4,0,1,1,both_correct
8122,5,5,5,0,1,1,both_correct
8123,6,6,6,0,1,1,both_correct
8124,7,7,7,0,1,1,both_correct
8125,8,8,8,0,1,1,both_correct
8126,9,9,9,0,1,1,both_correct
8127,0,0,0,0,1,1,both_correct
8128,1,1,1,0,1,1,both_correct
8129,2,2,2,0,1,1,both_correct
8130,3,3,3,0,1,1,both_correct
8131,4,4,4,0,1,1,both_correct
8132,5,5,5,0,1,1,both_correct
8133,6,6,6,0,1,1,both_correct
8134,7,7,7,0,1,1,both_correct
8135,8,8,8,0,1,1,both_correct
8136,9,9,9,0,1,1,both_correct
8137,0,0,0,0,1,1,both_correct
8138,1,1,1,0,1,1,both_correct
8139,2,2,2,0,1,1,both_correct
8140,3,3,3,0,1,1,both_correct
8141,4,4,4,0,1,1,both_correct
8142,5,5,5,0,1,1,both_correct
8143,6,6,6,0,1,1,both_correct
8144,7,3,7,1,0,1,resize_only_correct
8145,8,8,8,0,1,1,both_correct
8146,9,9,9,0,1,1,both_correct
8147,8,8,8,0,1,1,both_correct
8148,6,6,6,0,1,1,both_correct
8149,5,5,5,0,1,1,both_correct
8150,9,9,9,0,1,1,both_correct
8151,7,7,7,0,1,1,both_correct
8152,0,0,0,0,1,1,both_correct
8153,2,2,2,0,1,1,both_correct
8154,3,3,3,0,1,1,both_correct
8155,4,4,4,0,1,1,both_correct
8156,3,3,3,0,1,1,both_correct
8157,8,8,8,0,1,1,both_correct
8158,5,5,5,0,1,1,both_correct
8159,1,1,1,0,1,1,both_correct
8160,5,3,3,0,0,0,both_wrong_same_prediction
8161,2,2,2,0,1,1,both_correct
8162,3,3,3,0,1,1,both_correct
8163,0,0,0,0,1,1,both_correct
8164,1,1,1,0,1,1,both_correct
8165,2,2,2,0,1,1,both_correct
8166,1,1,1,0,1,1,both_correct
8167,3,3,3,0,1,1,both_correct
8168,2,2,2,0,1,1,both_correct
8169,6,6,6,0,1,1,both_correct
8170,5,5,5,0,1,1,both_correct
8171,3,3,3,0,1,1,both_correct
8172,0,0,0,0,1,1,both_correct
8173,7,7,7,0,1,1,both_correct
8174,2,2,2,0,1,1,both_correct
8175,7,7,7,0,1,1,both_correct
8176,4,4,4,0,1,1,both_correct
8177,6,6,6,0,1,1,both_correct
8178,4,4,4,0,1,1,both_correct
8179,0,0,0,0,1,1,both_correct
8180,5,5,5,0,1,1,both_correct
8181,9,9,9,0,1,1,both_correct
8182,9,9,9,0,1,1,both_correct
8183,8,8,8,0,1,1,both_correct
8184,9,9,9,0,1,1,both_correct
8185,5,5,5,0,1,1,both_correct
8186,3,3,3,0,1,1,both_correct
8187,1,1,1,0,1,1,both_correct
8188,7,7,7,0,1,1,both_correct
8189,4,4,4,0,1,1,both_correct
8190,7,7,7,0,1,1,both_correct
8191,6,6,6,0,1,1,both_correct
8192,5,5,5,0,1,1,both_correct
8193,4,4,4,0,1,1,both_correct
8194,0,0,0,0,1,1,both_correct
8195,0,0,0,0,1,1,both_correct
8196,6,6,6,0,1,1,both_correct
8197,6,6,6,0,1,1,both_correct
8198,2,2,2,0,1,1,both_correct
8199,0,0,0,0,1,1,both_correct
8200,6,6,6,0,1,1,both_correct
8201,3,3,3,0,1,1,both_correct
8202,7,7,7,0,1,1,both_correct
8203,7,7,7,0,1,1,both_correct
8204,4,4,4,0,1,1,both_correct
8205,4,4,4,0,1,1,both_correct
8206,3,3,3,0,1,1,both_correct
8207,9,9,9,0,1,1,both_correct
8208,2,2,2,0,1,1,both_correct
8209,8,8,8,0,1,1,both_correct
8210,9,9,9,0,1,1,both_correct
8211,6,6,6,0,1,1,both_correct
8212,0,0,0,0,1,1,both_correct
8213,9,9,9,0,1,1,both_correct
8214,5,5,5,0,1,1,both_correct
8215,3,3,3,0,1,1,both_correct
8216,8,8,8,0,1,1,both_correct
8217,8,8,8,0,1,1,both_correct
8218,7,7,7,0,1,1,both_correct
8219,1,1,1,0,1,1,both_correct
8220,4,4,4,0,1,1,both_correct
8221,0,0,0,0,1,1,both_correct
8222,4,4,4,0,1,1,both_correct
8223,8,8,8,0,1,1,both_correct
8224,5,5,5,0,1,1,both_correct
8225,2,2,2,0,1,1,both_correct
8226,3,3,3,0,1,1,both_correct
8227,9,9,9,0,1,1,both_correct
8228,0,0,0,0,1,1,both_correct
8229,1,1,1,0,1,1,both_correct
8230,9,9,9,0,1,1,both_correct
8231,1,1,1,0,1,1,both_correct
8232,5,5,5,0,1,1,both_correct
8233,1,1,1,0,1,1,both_correct
8234,7,7,7,0,1,1,both_correct
8235,4,4,4,0,1,1,both_correct
8236,8,8,8,0,1,1,both_correct
8237,6,6,6,0,1,1,both_correct
8238,2,2,2,0,1,1,both_correct
8239,1,1,1,0,1,1,both_correct
8240,6,6,6,0,1,1,both_correct
8241,8,8,8,0,1,1,both_correct
8242,8,8,8,0,1,1,both_correct
8243,0,0,0,0,1,1,both_correct
8244,1,1,1,0,1,1,both_correct
8245,2,2,2,0,1,1,both_correct
8246,3,3,3,0,1,1,both_correct
8247,4,4,4,0,1,1,both_correct
8248,7,7,7,0,1,1,both_correct
8249,8,8,8,0,1,1,both_correct
8250,9,9,9,0,1,1,both_correct
8251,0,0,0,0,1,1,both_correct
8252,1,1,1,0,1,1,both_correct
8253,2,2,2,0,1,1,both_correct
8254,3,3,3,0,1,1,both_correct
8255,4,4,4,0,1,1,both_correct
8256,6,6,6,0,1,1,both_correct
8257,7,7,7,0,1,1,both_correct
8258,8,8,8,0,1,1,both_correct
8259,9,9,9,0,1,1,both_correct
8260,0,0,0,0,1,1,both_correct
8261,1,1,1,0,1,1,both_correct
8262,2,2,2,0,1,1,both_correct
8263,3,3,3,0,1,1,both_correct
8264,4,4,4,0,1,1,both_correct
8265,7,7,7,0,1,1,both_correct
8266,8,8,8,0,1,1,both_correct
8267,9,9,9,0,1,1,both_correct
8268,1,1,1,0,1,1,both_correct
8269,4,4,4,0,1,1,both_correct
8270,5,5,5,0,1,1,both_correct
8271,3,3,3,0,1,1,both_correct
8272,3,3,3,0,1,1,both_correct
8273,0,0,0,0,1,1,both_correct
8274,9,9,9,0,1,1,both_correct
8275,5,5,5,0,1,1,both_correct
8276,4,4,4,0,1,1,both_correct
8277,3,3,3,0,1,1,both_correct
8278,0,0,0,0,1,1,both_correct
8279,8,8,8,0,1,1,both_correct
8280,4,4,4,0,1,1,both_correct
8281,6,6,6,0,1,1,both_correct
8282,7,2,7,1,0,1,resize_only_correct
8283,0,0,0,0,1,1,both_correct
8284,7,7,7,0,1,1,both_correct
8285,7,7,7,0,1,1,both_correct
8286,1,1,1,0,1,1,both_correct
8287,6,6,6,0,1,1,both_correct
8288,9,9,9,0,1,1,both_correct
8289,1,1,1,0,1,1,both_correct
8290,3,3,3,0,1,1,both_correct
8291,6,6,6,0,1,1,both_correct
8292,2,2,2,0,1,1,both_correct
8293,3,3,3,0,1,1,both_correct
8294,8,8,8,0,1,1,both_correct
8295,2,2,2,0,1,1,both_correct
8296,3,3,3,0,1,1,both_correct
8297,8,8,8,0,1,1,both_correct
8298,9,9,9,0,1,1,both_correct
8299,5,5,5,0,1,1,both_correct
8300,8,8,8,0,1,1,both_correct
8301,8,8,8,0,1,1,both_correct
8302,7,7,7,0,1,1,both_correct
8303,1,1,1,0,1,1,both_correct
8304,7,7,7,0,1,1,both_correct
8305,1,1,1,0,1,1,both_correct
8306,1,1,1,0,1,1,both_correct
8307,0,0,0,0,1,1,both_correct
8308,3,3,3,0,1,1,both_correct
8309,4,4,4,0,1,1,both_correct
8310,2,2,2,0,1,1,both_correct
8311,6,6,6,0,1,1,both_correct
8312,4,4,4,0,1,1,both_correct
8313,7,7,7,0,1,1,both_correct
8314,4,4,4,0,1,1,both_correct
8315,2,2,2,0,1,1,both_correct
8316,7,2,7,1,0,1,resize_only_correct
8317,4,4,4,0,1,1,both_correct
8318,2,2,2,0,1,1,both_correct
8319,9,9,9,0,1,1,both_correct
8320,2,2,2,0,1,1,both_correct
8321,7,7,7,0,1,1,both_correct
8322,9,9,9,0,1,1,both_correct
8323,2,0,2,1,0,1,resize_only_correct
8324,1,1,1,0,1,1,both_correct
8325,0,5,6,1,0,0,both_wrong_changed
8326,6,6,6,0,1,1,both_correct
8327,5,3,3,0,0,0,both_wrong_same_prediction
8328,3,3,3,0,1,1,both_correct
8329,4,4,4,0,1,1,both_correct
8330,8,8,8,0,1,1,both_correct
8331,5,5,5,0,1,1,both_correct
8332,9,7,9,1,0,1,resize_only_correct
8333,6,6,6,0,1,1,both_correct
8334,9,9,9,0,1,1,both_correct
8335,0,0,0,0,1,1,both_correct
8336,6,6,6,0,1,1,both_correct
8337,3,3,3,0,1,1,both_correct
8338,0,0,0,0,1,1,both_correct
8339,8,2,8,1,0,1,resize_only_correct
8340,1,1,1,0,1,1,both_correct
8341,6,6,6,0,1,1,both_correct
8342,0,0,0,0,1,1,both_correct
8343,0,0,0,0,1,1,both_correct
8344,1,1,1,0,1,1,both_correct
8345,2,2,2,0,1,1,both_correct
8346,3,3,3,0,1,1,both_correct
8347,4,4,4,0,1,1,both_correct
8348,5,5,5,0,1,1,both_correct
8349,6,6,6,0,1,1,both_correct
8350,7,7,7,0,1,1,both_correct
8351,0,0,0,0,1,1,both_correct
8352,1,1,1,0,1,1,both_correct
8353,2,2,2,0,1,1,both_correct
8354,3,3,3,0,1,1,both_correct
8355,4,4,4,0,1,1,both_correct
8356,7,7,7,0,1,1,both_correct
8357,8,8,8,0,1,1,both_correct
8358,9,9,9,0,1,1,both_correct
8359,0,0,0,0,1,1,both_correct
8360,1,1,1,0,1,1,both_correct
8361,2,2,2,0,1,1,both_correct
8362,3,3,3,0,1,1,both_correct
8363,4,4,4,0,1,1,both_correct
8364,7,7,7,0,1,1,both_correct
8365,2,2,2,0,1,1,both_correct
8366,5,5,5,0,1,1,both_correct
8367,1,1,1,0,1,1,both_correct
8368,6,6,6,0,1,1,both_correct
8369,4,4,4,0,1,1,both_correct
8370,3,3,3,0,1,1,both_correct
8371,9,9,9,0,1,1,both_correct
8372,9,9,9,0,1,1,both_correct
8373,0,0,0,0,1,1,both_correct
8374,9,9,9,0,1,1,both_correct
8375,7,7,7,0,1,1,both_correct
8376,1,1,1,0,1,1,both_correct
8377,6,6,6,0,1,1,both_correct
8378,4,4,4,0,1,1,both_correct
8379,3,3,3,0,1,1,both_correct
8380,6,6,6,0,1,1,both_correct
8381,2,2,2,0,1,1,both_correct
8382,0,0,0,0,1,1,both_correct
8383,9,9,9,0,1,1,both_correct
8384,8,8,8,0,1,1,both_correct
8385,6,6,6,0,1,1,both_correct
8386,5,5,5,0,1,1,both_correct
8387,7,7,7,0,1,1,both_correct
8388,0,0,0,0,1,1,both_correct
8389,0,0,0,0,1,1,both_correct
8390,1,1,1,0,1,1,both_correct
8391,7,7,7,0,1,1,both_correct
8392,4,4,4,0,1,1,both_correct
8393,3,3,3,0,1,1,both_correct
8394,2,2,2,0,1,1,both_correct
8395,4,4,4,0,1,1,both_correct
8396,1,1,1,0,1,1,both_correct
8397,3,3,3,0,1,1,both_correct
8398,7,7,7,0,1,1,both_correct
8399,6,6,6,0,1,1,both_correct
8400,4,4,4,0,1,1,both_correct
8401,7,7,7,0,1,1,both_correct
8402,7,7,7,0,1,1,both_correct
8403,7,7,7,0,1,1,both_correct
8404,9,9,9,0,1,1,both_correct
8405,8,8,8,0,1,1,both_correct
8406,4,4,4,0,1,1,both_correct
8407,3,3,3,0,1,1,both_correct
8408,8,2,2,0,0,0,both_wrong_same_prediction
8409,2,2,2,0,1,1,both_correct
8410,8,8,8,0,1,1,both_correct
8411,3,3,3,0,1,1,both_correct
8412,5,5,5,0,1,1,both_correct
8413,8,8,8,0,1,1,both_correct
8414,0,0,0,0,1,1,both_correct
8415,5,5,5,0,1,1,both_correct
8416,4,4,4,0,1,1,both_correct
8417,7,7,7,0,1,1,both_correct
8418,1,1,1,0,1,1,both_correct
8419,3,3,3,0,1,1,both_correct
8420,1,1,1,0,1,1,both_correct
8421,7,7,7,0,1,1,both_correct
8422,9,9,9,0,1,1,both_correct
8423,6,6,6,0,1,1,both_correct
8424,2,2,2,0,1,1,both_correct
8425,0,0,0,0,1,1,both_correct
8426,9,9,9,0,1,1,both_correct
8427,1,1,1,0,1,1,both_correct
8428,7,7,7,0,1,1,both_correct
8429,3,3,3,0,1,1,both_correct
8430,3,3,3,0,1,1,both_correct
8431,9,9,9,0,1,1,both_correct
8432,1,1,1,0,1,1,both_correct
8433,6,6,6,0,1,1,both_correct
8434,4,4,4,0,1,1,both_correct
8435,3,3,3,0,1,1,both_correct
8436,9,9,9,0,1,1,both_correct
8437,8,8,8,0,1,1,both_correct
8438,2,2,2,0,1,1,both_correct
8439,1,1,1,0,1,1,both_correct
8440,8,8,8,0,1,1,both_correct
8441,6,6,6,0,1,1,both_correct
8442,4,4,4,0,1,1,both_correct
8443,1,1,1,0,1,1,both_correct
8444,5,5,5,0,1,1,both_correct
8445,5,5,5,0,1,1,both_correct
8446,6,6,6,0,1,1,both_correct
8447,5,5,5,0,1,1,both_correct
8448,0,0,0,0,1,1,both_correct
8449,1,1,1,0,1,1,both_correct
8450,2,2,2,0,1,1,both_correct
8451,3,3,3,0,1,1,both_correct
8452,4,4,4,0,1,1,both_correct
8453,5,5,5,0,1,1,both_correct
8454,6,6,6,0,1,1,both_correct
8455,7,7,7,0,1,1,both_correct
8456,8,8,8,0,1,1,both_correct
8457,9,9,9,0,1,1,both_correct
8458,0,0,0,0,1,1,both_correct
8459,1,1,1,0,1,1,both_correct
8460,2,2,2,0,1,1,both_correct
8461,3,3,3,0,1,1,both_correct
8462,4,4,4,0,1,1,both_correct
8463,5,5,5,0,1,1,both_correct
8464,6,6,6,0,1,1,both_correct
8465,7,7,7,0,1,1,both_correct
8466,8,8,8,0,1,1,both_correct
8467,9,9,9,0,1,1,both_correct
8468,0,0,0,0,1,1,both_correct
8469,1,1,1,0,1,1,both_correct
8470,2,2,2,0,1,1,both_correct
8471,3,3,3,0,1,1,both_correct
8472,4,4,4,0,1,1,both_correct
8473,5,5,5,0,1,1,both_correct
8474,6,6,6,0,1,1,both_correct
8475,7,7,7,0,1,1,both_correct
8476,8,8,8,0,1,1,both_correct
8477,9,9,9,0,1,1,both_correct
8478,6,6,6,0,1,1,both_correct
8479,9,9,9,0,1,1,both_correct
8480,7,7,7,0,1,1,both_correct
8481,0,0,0,0,1,1,both_correct
8482,2,2,2,0,1,1,both_correct
8483,3,3,3,0,1,1,both_correct
8484,4,4,4,0,1,1,both_correct
8485,3,3,3,0,1,1,both_correct
8486,8,8,8,0,1,1,both_correct
8487,5,5,5,0,1,1,both_correct
8488,1,1,1,0,1,1,both_correct
8489,3,3,3,0,1,1,both_correct
8490,0,0,0,0,1,1,both_correct
8491,1,1,1,0,1,1,both_correct
8492,2,2,2,0,1,1,both_correct
8493,1,1,1,0,1,1,both_correct
8494,3,3,3,0,1,1,both_correct
8495,2,2,2,0,1,1,both_correct
8496,0,0,0,0,1,1,both_correct
8497,7,7,7,0,1,1,both_correct
8498,2,2,2,0,1,1,both_correct
8499,6,6,6,0,1,1,both_correct
8500,4,4,4,0,1,1,both_correct
8501,0,0,0,0,1,1,both_correct
8502,5,5,5,0,1,1,both_correct
8503,9,9,9,0,1,1,both_correct
8504,9,9,9,0,1,1,both_correct
8505,8,8,8,0,1,1,both_correct
8506,9,9,9,0,1,1,both_correct
8507,5,5,5,0,1,1,both_correct
8508,3,3,3,0,1,1,both_correct
8509,1,1,1,0,1,1,both_correct
8510,7,2,7,1,0,1,resize_only_correct
8511,4,4,4,0,1,1,both_correct
8512,7,7,7,0,1,1,both_correct
8513,0,0,0,0,1,1,both_correct
8514,0,0,0,0,1,1,both_correct
8515,6,6,6,0,1,1,both_correct
8516,6,6,6,0,1,1,both_correct
8517,6,6,6,0,1,1,both_correct
8518,3,3,3,0,1,1,both_correct
8519,7,7,7,0,1,1,both_correct
8520,4,4,4,0,1,1,both_correct
8521,2,2,2,0,1,1,both_correct
8522,8,8,8,0,1,1,both_correct
8523,9,9,9,0,1,1,both_correct
8524,8,8,8,0,1,1,both_correct
8525,7,7,2,1,1,0,pad_only_correct
8526,1,1,1,0,1,1,both_correct
8527,4,4,4,0,1,1,both_correct
8528,0,0,0,0,1,1,both_correct
8529,4,4,4,0,1,1,both_correct
8530,8,8,8,0,1,1,both_correct
8531,5,5,5,0,1,1,both_correct
8532,2,2,2,0,1,1,both_correct
8533,3,3,3,0,1,1,both_correct
8534,9,9,9,0,1,1,both_correct
8535,0,0,0,0,1,1,both_correct
8536,1,1,1,0,1,1,both_correct
8537,9,9,9,0,1,1,both_correct
8538,1,1,1,0,1,1,both_correct
8539,5,5,5,0,1,1,both_correct
8540,1,1,1,0,1,1,both_correct
8541,7,7,7,0,1,1,both_correct
8542,6,6,6,0,1,1,both_correct
8543,1,1,1,0,1,1,both_correct
8544,2,2,2,0,1,1,both_correct
8545,1,1,1,0,1,1,both_correct
8546,6,6,6,0,1,1,both_correct
8547,8,8,8,0,1,1,both_correct
8548,0,0,0,0,1,1,both_correct
8549,1,1,1,0,1,1,both_correct
8550,2,2,2,0,1,1,both_correct
8551,3,3,3,0,1,1,both_correct
8552,4,4,4,0,1,1,both_correct
8553,5,5,5,0,1,1,both_correct
8554,6,6,6,0,1,1,both_correct
8555,7,7,7,0,1,1,both_correct
8556,8,8,8,0,1,1,both_correct
8557,9,9,9,0,1,1,both_correct
8558,0,0,0,0,1,1,both_correct
8559,1,1,1,0,1,1,both_correct
8560,2,2,2,0,1,1,both_correct
8561,3,3,3,0,1,1,both_correct
8562,4,4,4,0,1,1,both_correct
8563,5,5,5,0,1,1,both_correct
8564,6,6,6,0,1,1,both_correct
8565,7,7,7,0,1,1,both_correct
8566,8,8,8,0,1,1,both_correct
8567,0,0,0,0,1,1,both_correct
8568,1,1,1,0,1,1,both_correct
8569,2,2,2,0,1,1,both_correct
8570,3,3,3,0,1,1,both_correct
8571,5,5,5,0,1,1,both_correct
8572,6,6,6,0,1,1,both_correct
8573,7,7,7,0,1,1,both_correct
8574,8,8,8,0,1,1,both_correct
8575,1,1,1,0,1,1,both_correct
8576,0,0,0,0,1,1,both_correct
8577,4,4,4,0,1,1,both_correct
8578,5,5,5,0,1,1,both_correct
8579,6,6,6,0,1,1,both_correct
8580,6,6,6,0,1,1,both_correct
8581,3,3,3,0,1,1,both_correct
8582,4,4,4,0,1,1,both_correct
8583,4,4,4,0,1,1,both_correct
8584,2,2,2,0,1,1,both_correct
8585,8,8,8,0,1,1,both_correct
8586,1,1,1,0,1,1,both_correct
8587,0,0,0,0,1,1,both_correct
8588,6,6,6,0,1,1,both_correct
8589,4,4,4,0,1,1,both_correct
8590,9,9,9,0,1,1,both_correct
8591,7,7,7,0,1,1,both_correct
8592,2,2,2,0,1,1,both_correct
8593,9,9,9,0,1,1,both_correct
8594,2,2,2,0,1,1,both_correct
8595,0,0,0,0,1,1,both_correct
8596,9,9,9,0,1,1,both_correct
8597,3,3,3,0,1,1,both_correct
8598,3,3,3,0,1,1,both_correct
8599,9,9,9,0,1,1,both_correct
8600,1,1,1,0,1,1,both_correct
8601,5,5,5,0,1,1,both_correct
8602,2,2,2,0,1,1,both_correct
8603,3,3,3,0,1,1,both_correct
8604,1,1,1,0,1,1,both_correct
8605,6,6,6,0,1,1,both_correct
8606,7,7,7,0,1,1,both_correct
8607,3,3,3,0,1,1,both_correct
8608,7,7,7,0,1,1,both_correct
8609,8,8,8,0,1,1,both_correct
8610,4,4,4,0,1,1,both_correct
8611,0,0,0,0,1,1,both_correct
8612,2,2,2,0,1,1,both_correct
8613,4,4,4,0,1,1,both_correct
8614,0,0,0,0,1,1,both_correct
8615,2,2,2,0,1,1,both_correct
8616,4,4,4,0,1,1,both_correct
8617,7,7,7,0,1,1,both_correct
8618,8,8,8,0,1,1,both_correct
8619,0,0,0,0,1,1,both_correct
8620,7,7,7,0,1,1,both_correct
8621,0,0,0,0,1,1,both_correct
8622,6,6,6,0,1,1,both_correct
8623,9,9,9,0,1,1,both_correct
8624,3,3,3,0,1,1,both_correct
8625,2,2,2,0,1,1,both_correct
8626,4,4,4,0,1,1,both_correct
8627,8,8,8,0,1,1,both_correct
8628,6,6,6,0,1,1,both_correct
8629,0,0,0,0,1,1,both_correct
8630,5,5,5,0,1,1,both_correct
8631,7,7,7,0,1,1,both_correct
8632,5,5,5,0,1,1,both_correct
8633,1,1,1,0,1,1,both_correct
8634,0,0,0,0,1,1,both_correct
8635,8,8,8,0,1,1,both_correct
8636,1,1,1,0,1,1,both_correct
8637,6,6,6,0,1,1,both_correct
8638,7,7,7,0,1,1,both_correct
8639,2,2,2,0,1,1,both_correct
8640,9,9,9,0,1,1,both_correct
8641,7,7,7,0,1,1,both_correct
8642,9,9,9,0,1,1,both_correct
8643,5,5,5,0,1,1,both_correct
8644,6,6,6,0,1,1,both_correct
8645,5,5,5,0,1,1,both_correct
8646,2,2,2,0,1,1,both_correct
8647,6,6,6,0,1,1,both_correct
8648,2,2,2,0,1,1,both_correct
8649,8,8,8,0,1,1,both_correct
8650,1,1,1,0,1,1,both_correct
8651,7,7,7,0,1,1,both_correct
8652,5,5,5,0,1,1,both_correct
8653,5,5,5,0,1,1,both_correct
8654,7,7,7,0,1,1,both_correct
8655,3,3,3,0,1,1,both_correct
8656,5,5,5,0,1,1,both_correct
8657,0,0,0,0,1,1,both_correct
8658,1,1,1,0,1,1,both_correct
8659,1,1,1,0,1,1,both_correct
8660,3,3,3,0,1,1,both_correct
8661,8,8,8,0,1,1,both_correct
8662,4,4,4,0,1,1,both_correct
8663,9,9,9,0,1,1,both_correct
8664,4,4,4,0,1,1,both_correct
8665,5,5,5,0,1,1,both_correct
8666,1,1,1,0,1,1,both_correct
8667,8,8,8,0,1,1,both_correct
8668,6,6,6,0,1,1,both_correct
8669,8,8,8,0,1,1,both_correct
8670,9,9,9,0,1,1,both_correct
8671,0,0,0,0,1,1,both_correct
8672,1,1,1,0,1,1,both_correct
8673,2,2,2,0,1,1,both_correct
8674,3,3,3,0,1,1,both_correct
8675,4,4,4,0,1,1,both_correct
8676,5,5,5,0,1,1,both_correct
8677,6,6,6,0,1,1,both_correct
8678,7,7,7,0,1,1,both_correct
8679,8,8,8,0,1,1,both_correct
8680,9,9,9,0,1,1,both_correct
8681,0,0,0,0,1,1,both_correct
8682,1,1,1,0,1,1,both_correct
8683,2,2,2,0,1,1,both_correct
8684,3,3,3,0,1,1,both_correct
8685,4,4,4,0,1,1,both_correct
8686,5,5,5,0,1,1,both_correct
8687,6,6,6,0,1,1,both_correct
8688,7,7,7,0,1,1,both_correct
8689,8,8,8,0,1,1,both_correct
8690,9,9,9,0,1,1,both_correct
8691,0,0,0,0,1,1,both_correct
8692,1,1,1,0,1,1,both_correct
8693,2,2,2,0,1,1,both_correct
8694,3,3,3,0,1,1,both_correct
8695,4,4,4,0,1,1,both_correct
8696,5,5,5,0,1,1,both_correct
8697,6,6,6,0,1,1,both_correct
8698,7,7,7,0,1,1,both_correct
8699,8,8,8,0,1,1,both_correct
8700,9,9,9,0,1,1,both_correct
8701,3,3,3,0,1,1,both_correct
8702,5,5,5,0,1,1,both_correct
8703,3,3,3,0,1,1,both_correct
8704,2,2,2,0,1,1,both_correct
8705,9,9,9,0,1,1,both_correct
8706,3,3,3,0,1,1,both_correct
8707,2,2,2,0,1,1,both_correct
8708,1,1,1,0,1,1,both_correct
8709,4,4,4,0,1,1,both_correct
8710,5,5,5,0,1,1,both_correct
8711,5,5,5,0,1,1,both_correct
8712,2,2,2,0,1,1,both_correct
8713,3,3,3,0,1,1,both_correct
8714,2,2,2,0,1,1,both_correct
8715,1,1,1,0,1,1,both_correct
8716,3,3,3,0,1,1,both_correct
8717,9,9,9,0,1,1,both_correct
8718,7,7,7,0,1,1,both_correct
8719,2,2,2,0,1,1,both_correct
8720,1,1,1,0,1,1,both_correct
8721,2,2,2,0,1,1,both_correct
8722,8,8,8,0,1,1,both_correct
8723,9,9,9,0,1,1,both_correct
8724,1,1,1,0,1,1,both_correct
8725,8,8,8,0,1,1,both_correct
8726,8,8,8,0,1,1,both_correct
8727,7,7,7,0,1,1,both_correct
8728,8,8,8,0,1,1,both_correct
8729,1,1,1,0,1,1,both_correct
8730,0,0,0,0,1,1,both_correct
8731,0,0,0,0,1,1,both_correct
8732,6,6,6,0,1,1,both_correct
8733,7,7,7,0,1,1,both_correct
8734,7,7,7,0,1,1,both_correct
8735,8,8,8,0,1,1,both_correct
8736,7,7,7,0,1,1,both_correct
8737,5,5,5,0,1,1,both_correct
8738,0,0,0,0,1,1,both_correct
8739,6,6,6,0,1,1,both_correct
8740,1,1,1,0,1,1,both_correct
8741,5,5,5,0,1,1,both_correct
8742,7,7,7,0,1,1,both_correct
8743,4,4,4,0,1,1,both_correct
8744,6,6,6,0,1,1,both_correct
8745,1,1,1,0,1,1,both_correct
8746,2,2,2,0,1,1,both_correct
8747,5,5,5,0,1,1,both_correct
8748,0,0,0,0,1,1,both_correct
8749,7,7,7,0,1,1,both_correct
8750,9,9,9,0,1,1,both_correct
8751,9,9,9,0,1,1,both_correct
8752,0,0,0,0,1,1,both_correct
8753,3,3,3,0,1,1,both_correct
8754,4,4,4,0,1,1,both_correct
8755,4,4,4,0,1,1,both_correct
8756,8,8,8,0,1,1,both_correct
8757,4,4,4,0,1,1,both_correct
8758,1,1,1,0,1,1,both_correct
8759,8,8,8,0,1,1,both_correct
8760,6,6,6,0,1,1,both_correct
8761,5,5,5,0,1,1,both_correct
8762,9,9,9,0,1,1,both_correct
8763,0,0,0,0,1,1,both_correct
8764,0,0,0,0,1,1,both_correct
8765,0,0,0,0,1,1,both_correct
8766,3,3,3,0,1,1,both_correct
8767,7,7,7,0,1,1,both_correct
8768,1,1,1,0,1,1,both_correct
8769,6,6,6,0,1,1,both_correct
8770,4,4,4,0,1,1,both_correct
8771,6,6,6,0,1,1,both_correct
8772,0,0,0,0,1,1,both_correct
8773,4,4,4,0,1,1,both_correct
8774,5,5,5,0,1,1,both_correct
8775,4,4,4,0,1,1,both_correct
8776,1,1,1,0,1,1,both_correct
8777,3,3,3,0,1,1,both_correct
8778,8,8,8,0,1,1,both_correct
8779,6,6,6,0,1,1,both_correct
8780,3,3,3,0,1,1,both_correct
8781,9,9,9,0,1,1,both_correct
8782,9,9,9,0,1,1,both_correct
8783,5,5,5,0,1,1,both_correct
8784,9,9,9,0,1,1,both_correct
8785,3,3,3,0,1,1,both_correct
8786,7,7,7,0,1,1,both_correct
8787,8,8,8,0,1,1,both_correct
8788,5,5,5,0,1,1,both_correct
8789,6,6,6,0,1,1,both_correct
8790,4,4,4,0,1,1,both_correct
8791,7,7,7,0,1,1,both_correct
8792,6,6,6,0,1,1,both_correct
8793,2,2,2,0,1,1,both_correct
8794,2,2,2,0,1,1,both_correct
8795,0,0,0,0,1,1,both_correct
8796,9,9,9,0,1,1,both_correct
8797,4,4,4,0,1,1,both_correct
8798,0,0,0,0,1,1,both_correct
8799,1,1,1,0,1,1,both_correct
8800,2,2,2,0,1,1,both_correct
8801,3,3,3,0,1,1,both_correct
8802,4,4,4,0,1,1,both_correct
8803,5,5,5,0,1,1,both_correct
8804,6,6,6,0,1,1,both_correct
8805,7,7,7,0,1,1,both_correct
8806,8,8,8,0,1,1,both_correct
8807,9,9,9,0,1,1,both_correct
8808,0,0,0,0,1,1,both_correct
8809,1,1,1,0,1,1,both_correct
8810,2,2,2,0,1,1,both_correct
8811,3,3,3,0,1,1,both_correct
8812,4,4,4,0,1,1,both_correct
8813,5,5,5,0,1,1,both_correct
8814,6,6,6,0,1,1,both_correct
8815,7,7,7,0,1,1,both_correct
8816,8,8,8,0,1,1,both_correct
8817,9,9,9,0,1,1,both_correct
8818,0,0,0,0,1,1,both_correct
8819,1,1,1,0,1,1,both_correct
8820,2,2,2,0,1,1,both_correct
8821,3,3,3,0,1,1,both_correct
8822,4,4,4,0,1,1,both_correct
8823,5,5,5,0,1,1,both_correct
8824,6,6,6,0,1,1,both_correct
8825,7,7,7,0,1,1,both_correct
8826,8,8,8,0,1,1,both_correct
8827,9,9,9,0,1,1,both_correct
8828,6,6,6,0,1,1,both_correct
8829,4,4,4,0,1,1,both_correct
8830,2,2,2,0,1,1,both_correct
8831,6,6,6,0,1,1,both_correct
8832,4,4,4,0,1,1,both_correct
8833,7,7,7,0,1,1,both_correct
8834,5,5,5,0,1,1,both_correct
8835,5,5,5,0,1,1,both_correct
8836,4,4,4,0,1,1,both_correct
8837,7,7,7,0,1,1,both_correct
8838,2,2,2,0,1,1,both_correct
8839,9,9,9,0,1,1,both_correct
8840,3,3,3,0,1,1,both_correct
8841,9,9,9,0,1,1,both_correct
8842,3,3,3,0,1,1,both_correct
8843,8,8,8,0,1,1,both_correct
8844,2,2,2,0,1,1,both_correct
8845,0,0,0,0,1,1,both_correct
8846,9,9,9,0,1,1,both_correct
8847,5,5,5,0,1,1,both_correct
8848,6,6,6,0,1,1,both_correct
8849,0,0,0,0,1,1,both_correct
8850,1,1,1,0,1,1,both_correct
8851,0,0,0,0,1,1,both_correct
8852,6,6,6,0,1,1,both_correct
8853,5,5,5,0,1,1,both_correct
8854,3,3,3,0,1,1,both_correct
8855,5,5,5,0,1,1,both_correct
8856,3,3,3,0,1,1,both_correct
8857,8,8,8,0,1,1,both_correct
8858,0,0,0,0,1,1,both_correct
8859,0,0,0,0,1,1,both_correct
8860,3,3,3,0,1,1,both_correct
8861,4,4,4,0,1,1,both_correct
8862,1,1,1,0,1,1,both_correct
8863,5,5,5,0,1,1,both_correct
8864,3,3,3,0,1,1,both_correct
8865,0,0,0,0,1,1,both_correct
8866,8,8,8,0,1,1,both_correct
8867,3,3,3,0,1,1,both_correct
8868,0,0,0,0,1,1,both_correct
8869,6,6,6,0,1,1,both_correct
8870,2,2,2,0,1,1,both_correct
8871,7,7,7,0,1,1,both_correct
8872,8,8,8,0,1,1,both_correct
8873,1,1,1,0,1,1,both_correct
8874,7,7,7,0,1,1,both_correct
8875,1,1,1,0,1,1,both_correct
8876,3,3,3,0,1,1,both_correct
8877,8,8,8,0,1,1,both_correct
8878,5,5,5,0,1,1,both_correct
8879,4,4,4,0,1,1,both_correct
8880,2,2,2,0,1,1,both_correct
8881,0,0,0,0,1,1,both_correct
8882,9,9,9,0,1,1,both_correct
8883,7,7,7,0,1,1,both_correct
8884,6,6,6,0,1,1,both_correct
8885,7,7,7,0,1,1,both_correct
8886,4,4,4,0,1,1,both_correct
8887,1,1,1,0,1,1,both_correct
8888,6,6,6,0,1,1,both_correct
8889,2,2,2,0,1,1,both_correct
8890,6,6,6,0,1,1,both_correct
8891,7,7,7,0,1,1,both_correct
8892,1,1,1,0,1,1,both_correct
8893,9,9,9,0,1,1,both_correct
8894,8,8,8,0,1,1,both_correct
8895,0,0,0,0,1,1,both_correct
8896,6,6,6,0,1,1,both_correct
8897,9,9,9,0,1,1,both_correct
8898,4,4,4,0,1,1,both_correct
8899,9,9,9,0,1,1,both_correct
8900,9,9,9,0,1,1,both_correct
8901,6,6,6,0,1,1,both_correct
8902,2,2,2,0,1,1,both_correct
8903,3,3,3,0,1,1,both_correct
8904,7,7,7,0,1,1,both_correct
8905,1,1,1,0,1,1,both_correct
8906,9,9,9,0,1,1,both_correct
8907,2,2,2,0,1,1,both_correct
8908,2,2,2,0,1,1,both_correct
8909,5,5,5,0,1,1,both_correct
8910,3,3,3,0,1,1,both_correct
8911,7,7,7,0,1,1,both_correct
8912,8,8,8,0,1,1,both_correct
8913,0,0,0,0,1,1,both_correct
8914,1,1,1,0,1,1,both_correct
8915,2,2,2,0,1,1,both_correct
8916,3,3,3,0,1,1,both_correct
8917,4,4,4,0,1,1,both_correct
8918,7,7,7,0,1,1,both_correct
8919,8,8,8,0,1,1,both_correct
8920,9,9,9,0,1,1,both_correct
8921,0,0,0,0,1,1,both_correct
8922,1,1,1,0,1,1,both_correct
8923,2,2,2,0,1,1,both_correct
8924,3,3,3,0,1,1,both_correct
8925,4,4,4,0,1,1,both_correct
8926,7,7,7,0,1,1,both_correct
8927,8,8,8,0,1,1,both_correct
8928,9,9,9,0,1,1,both_correct
8929,0,0,0,0,1,1,both_correct
8930,1,1,1,0,1,1,both_correct
8931,7,7,7,0,1,1,both_correct
8932,8,8,8,0,1,1,both_correct
8933,9,9,9,0,1,1,both_correct
8934,8,8,8,0,1,1,both_correct
8935,9,9,9,0,1,1,both_correct
8936,2,2,2,0,1,1,both_correct
8937,6,6,6,0,1,1,both_correct
8938,1,1,1,0,1,1,both_correct
8939,3,3,3,0,1,1,both_correct
8940,5,5,5,0,1,1,both_correct
8941,4,4,4,0,1,1,both_correct
8942,8,8,8,0,1,1,both_correct
8943,2,2,2,0,1,1,both_correct
8944,6,6,6,0,1,1,both_correct
8945,4,4,4,0,1,1,both_correct
8946,3,3,3,0,1,1,both_correct
8947,4,4,4,0,1,1,both_correct
8948,5,5,5,0,1,1,both_correct
8949,9,9,9,0,1,1,both_correct
8950,2,2,2,0,1,1,both_correct
8951,0,0,0,0,1,1,both_correct
8952,3,3,3,0,1,1,both_correct
8953,9,9,9,0,1,1,both_correct
8954,4,4,4,0,1,1,both_correct
8955,9,9,9,0,1,1,both_correct
8956,7,7,7,0,1,1,both_correct
8957,3,3,3,0,1,1,both_correct
8958,8,8,8,0,1,1,both_correct
8959,7,7,7,0,1,1,both_correct
8960,4,4,4,0,1,1,both_correct
8961,4,4,4,0,1,1,both_correct
8962,9,9,9,0,1,1,both_correct
8963,8,8,8,0,1,1,both_correct
8964,5,5,5,0,1,1,both_correct
8965,8,8,8,0,1,1,both_correct
8966,2,2,2,0,1,1,both_correct
8967,6,6,6,0,1,1,both_correct
8968,6,6,6,0,1,1,both_correct
8969,2,2,2,0,1,1,both_correct
8970,3,3,3,0,1,1,both_correct
8971,1,1,1,0,1,1,both_correct
8972,3,3,3,0,1,1,both_correct
8973,2,2,2,0,1,1,both_correct
8974,7,7,7,0,1,1,both_correct
8975,3,3,3,0,1,1,both_correct
8976,1,1,1,0,1,1,both_correct
8977,9,9,9,0,1,1,both_correct
8978,0,0,0,0,1,1,both_correct
8979,1,1,1,0,1,1,both_correct
8980,1,1,1,0,1,1,both_correct
8981,3,3,3,0,1,1,both_correct
8982,5,5,5,0,1,1,both_correct
8983,0,0,0,0,1,1,both_correct
8984,7,7,7,0,1,1,both_correct
8985,8,8,8,0,1,1,both_correct
8986,1,1,1,0,1,1,both_correct
8987,5,5,5,0,1,1,both_correct
8988,1,1,1,0,1,1,both_correct
8989,4,4,4,0,1,1,both_correct
8990,6,6,6,0,1,1,both_correct
8991,0,0,0,0,1,1,both_correct
8992,0,0,0,0,1,1,both_correct
8993,4,4,4,0,1,1,both_correct
8994,9,9,9,0,1,1,both_correct
8995,1,1,1,0,1,1,both_correct
8996,6,6,6,0,1,1,both_correct
8997,6,6,6,0,1,1,both_correct
8998,9,9,9,0,1,1,both_correct
8999,0,0,0,0,1,1,both_correct
9000,7,7,7,0,1,1,both_correct
9001,6,6,6,0,1,1,both_correct
9002,1,1,1,0,1,1,both_correct
9003,1,1,1,0,1,1,both_correct
9004,0,0,0,0,1,1,both_correct
9005,1,1,1,0,1,1,both_correct
9006,2,2,2,0,1,1,both_correct
9007,3,3,3,0,1,1,both_correct
9008,4,4,4,0,1,1,both_correct
9009,7,2,2,0,0,0,both_wrong_same_prediction
9010,2,2,2,0,1,1,both_correct
9011,3,3,3,0,1,1,both_correct
9012,4,4,4,0,1,1,both_correct
9013,5,5,5,0,1,1,both_correct
9014,6,6,6,0,1,1,both_correct
9015,7,2,2,0,0,0,both_wrong_same_prediction
9016,0,0,0,0,1,1,both_correct
9017,1,1,1,0,1,1,both_correct
9018,2,2,2,0,1,1,both_correct
9019,7,2,2,0,0,0,both_wrong_same_prediction
9020,8,8,8,0,1,1,both_correct
9021,6,6,6,0,1,1,both_correct
9022,3,3,3,0,1,1,both_correct
9023,9,9,9,0,1,1,both_correct
9024,7,2,2,0,0,0,both_wrong_same_prediction
9025,1,1,1,0,1,1,both_correct
9026,9,9,9,0,1,1,both_correct
9027,3,3,3,0,1,1,both_correct
9028,9,9,9,0,1,1,both_correct
9029,6,6,6,0,1,1,both_correct
9030,1,1,1,0,1,1,both_correct
9031,7,7,7,0,1,1,both_correct
9032,2,2,2,0,1,1,both_correct
9033,4,4,4,0,1,1,both_correct
9034,4,4,4,0,1,1,both_correct
9035,5,5,5,0,1,1,both_correct
9036,7,2,2,0,0,0,both_wrong_same_prediction
9037,0,0,0,0,1,1,both_correct
9038,0,0,0,0,1,1,both_correct
9039,1,1,1,0,1,1,both_correct
9040,6,6,6,0,1,1,both_correct
9041,6,6,6,0,1,1,both_correct
9042,8,8,8,0,1,1,both_correct
9043,2,2,2,0,1,1,both_correct
9044,7,7,7,0,1,1,both_correct
9045,7,2,7,1,0,1,resize_only_correct
9046,2,2,2,0,1,1,both_correct
9047,4,4,4,0,1,1,both_correct
9048,2,2,2,0,1,1,both_correct
9049,1,1,1,0,1,1,both_correct
9050,6,6,6,0,1,1,both_correct
9051,1,1,1,0,1,1,both_correct
9052,0,0,0,0,1,1,both_correct
9053,6,6,6,0,1,1,both_correct
9054,9,9,9,0,1,1,both_correct
9055,8,8,8,0,1,1,both_correct
9056,3,3,3,0,1,1,both_correct
9057,9,9,9,0,1,1,both_correct
9058,6,6,6,0,1,1,both_correct
9059,3,3,3,0,1,1,both_correct
9060,0,0,0,0,1,1,both_correct
9061,1,1,1,0,1,1,both_correct
9062,2,2,2,0,1,1,both_correct
9063,3,3,3,0,1,1,both_correct
9064,4,4,4,0,1,1,both_correct
9065,5,5,5,0,1,1,both_correct
9066,6,6,6,0,1,1,both_correct
9067,7,7,7,0,1,1,both_correct
9068,8,8,8,0,1,1,both_correct
9069,9,9,9,0,1,1,both_correct
9070,0,0,0,0,1,1,both_correct
9071,1,1,1,0,1,1,both_correct
9072,2,2,2,0,1,1,both_correct
9073,3,3,3,0,1,1,both_correct
9074,4,4,4,0,1,1,both_correct
9075,5,5,5,0,1,1,both_correct
9076,6,6,6,0,1,1,both_correct
9077,7,7,7,0,1,1,both_correct
9078,8,8,8,0,1,1,both_correct
9079,9,9,9,0,1,1,both_correct
9080,0,0,0,0,1,1,both_correct
9081,1,1,1,0,1,1,both_correct
9082,2,2,2,0,1,1,both_correct
9083,3,3,3,0,1,1,both_correct
9084,4,4,4,0,1,1,both_correct
9085,5,5,5,0,1,1,both_correct
9086,6,6,6,0,1,1,both_correct
9087,7,7,7,0,1,1,both_correct
9088,8,8,8,0,1,1,both_correct
9089,9,9,9,0,1,1,both_correct
9090,1,1,1,0,1,1,both_correct
9091,6,6,6,0,1,1,both_correct
9092,8,8,8,0,1,1,both_correct
9093,9,9,9,0,1,1,both_correct
9094,9,9,9,0,1,1,both_correct
9095,0,0,0,0,1,1,both_correct
9096,1,1,1,0,1,1,both_correct
9097,2,2,2,0,1,1,both_correct
9098,4,4,4,0,1,1,both_correct
9099,4,4,4,0,1,1,both_correct
9100,3,3,3,0,1,1,both_correct
9101,7,7,7,0,1,1,both_correct
9102,4,4,4,0,1,1,both_correct
9103,4,4,4,0,1,1,both_correct
9104,4,4,4,0,1,1,both_correct
9105,0,0,0,0,1,1,both_correct
9106,3,3,3,0,1,1,both_correct
9107,8,8,8,0,1,1,both_correct
9108,7,7,7,0,1,1,both_correct
9109,5,5,5,0,1,1,both_correct
9110,8,8,8,0,1,1,both_correct
9111,2,2,2,0,1,1,both_correct
9112,1,1,1,0,1,1,both_correct
9113,7,7,7,0,1,1,both_correct
9114,5,5,5,0,1,1,both_correct
9115,3,3,3,0,1,1,both_correct
9116,8,8,8,0,1,1,both_correct
9117,5,5,5,0,1,1,both_correct
9118,2,2,2,0,1,1,both_correct
9119,5,5,5,0,1,1,both_correct
9120,1,1,1,0,1,1,both_correct
9121,1,1,1,0,1,1,both_correct
9122,6,6,6,0,1,1,both_correct
9123,2,2,2,0,1,1,both_correct
9124,1,1,1,0,1,1,both_correct
9125,3,3,3,0,1,1,both_correct
9126,8,8,8,0,1,1,both_correct
9127,6,6,6,0,1,1,both_correct
9128,4,4,4,0,1,1,both_correct
9129,2,2,2,0,1,1,both_correct
9130,6,6,6,0,1,1,both_correct
9131,2,2,2,0,1,1,both_correct
9132,5,5,5,0,1,1,both_correct
9133,5,5,5,0,1,1,both_correct
9134,0,0,0,0,1,1,both_correct
9135,2,2,2,0,1,1,both_correct
9136,8,8,8,0,1,1,both_correct
9137,0,0,0,0,1,1,both_correct
9138,6,6,6,0,1,1,both_correct
9139,8,8,8,0,1,1,both_correct
9140,1,1,1,0,1,1,both_correct
9141,7,7,7,0,1,1,both_correct
9142,9,9,9,0,1,1,both_correct
9143,1,1,1,0,1,1,both_correct
9144,9,9,9,0,1,1,both_correct
9145,2,2,2,0,1,1,both_correct
9146,6,6,6,0,1,1,both_correct
9147,7,7,7,0,1,1,both_correct
9148,6,6,6,0,1,1,both_correct
9149,6,6,6,0,1,1,both_correct
9150,8,8,8,0,1,1,both_correct
9151,7,7,7,0,1,1,both_correct
9152,4,4,4,0,1,1,both_correct
9153,9,9,9,0,1,1,both_correct
9154,2,2,2,0,1,1,both_correct
9155,1,1,1,0,1,1,both_correct
9156,3,3,3,0,1,1,both_correct
9157,3,3,3,0,1,1,both_correct
9158,0,0,0,0,1,1,both_correct
9159,5,5,5,0,1,1,both_correct
9160,5,5,5,0,1,1,both_correct
9161,8,8,8,0,1,1,both_correct
9162,0,0,0,0,1,1,both_correct
9163,3,3,3,0,1,1,both_correct
9164,7,7,7,0,1,1,both_correct
9165,9,9,9,0,1,1,both_correct
9166,7,7,7,0,1,1,both_correct
9167,0,0,0,0,1,1,both_correct
9168,2,2,2,0,1,1,both_correct
9169,7,7,7,0,1,1,both_correct
9170,9,9,9,0,1,1,both_correct
9171,1,1,1,0,1,1,both_correct
9172,7,7,7,0,1,1,both_correct
9173,8,8,8,0,1,1,both_correct
9174,0,0,0,0,1,1,both_correct
9175,3,3,3,0,1,1,both_correct
9176,5,5,5,0,1,1,both_correct
9177,3,3,3,0,1,1,both_correct
9178,6,6,6,0,1,1,both_correct
9179,0,0,0,0,1,1,both_correct
9180,1,1,1,0,1,1,both_correct
9181,2,2,2,0,1,1,both_correct
9182,3,3,3,0,1,1,both_correct
9183,4,4,4,0,1,1,both_correct
9184,5,5,5,0,1,1,both_correct
9185,6,6,6,0,1,1,both_correct
9186,7,7,7,0,1,1,both_correct
9187,8,8,8,0,1,1,both_correct
9188,9,9,9,0,1,1,both_correct
9189,0,0,0,0,1,1,both_correct
9190,1,1,1,0,1,1,both_correct
9191,2,2,2,0,1,1,both_correct
9192,3,3,3,0,1,1,both_correct
9193,4,4,4,0,1,1,both_correct
9194,5,5,5,0,1,1,both_correct
9195,6,6,6,0,1,1,both_correct
9196,7,7,7,0,1,1,both_correct
9197,8,8,8,0,1,1,both_correct
9198,9,9,9,0,1,1,both_correct
9199,0,0,0,0,1,1,both_correct
9200,1,1,1,0,1,1,both_correct
9201,2,2,2,0,1,1,both_correct
9202,3,3,3,0,1,1,both_correct
9203,4,4,4,0,1,1,both_correct
9204,7,7,7,0,1,1,both_correct
9205,8,8,8,0,1,1,both_correct
9206,9,9,9,0,1,1,both_correct
9207,6,6,6,0,1,1,both_correct
9208,4,4,4,0,1,1,both_correct
9209,2,2,2,0,1,1,both_correct
9210,6,6,6,0,1,1,both_correct
9211,4,4,4,0,1,1,both_correct
9212,7,7,7,0,1,1,both_correct
9213,8,8,8,0,1,1,both_correct
9214,9,9,9,0,1,1,both_correct
9215,2,2,2,0,1,1,both_correct
9216,9,9,9,0,1,1,both_correct
9217,3,3,3,0,1,1,both_correct
9218,9,9,9,0,1,1,both_correct
9219,3,3,3,0,1,1,both_correct
9220,0,0,0,0,1,1,both_correct
9221,0,0,0,0,1,1,both_correct
9222,1,1,1,0,1,1,both_correct
9223,0,0,0,0,1,1,both_correct
9224,4,4,4,0,1,1,both_correct
9225,2,2,2,0,1,1,both_correct
9226,6,6,6,0,1,1,both_correct
9227,3,3,3,0,1,1,both_correct
9228,5,5,5,0,1,1,both_correct
9229,3,3,3,0,1,1,both_correct
9230,0,0,0,0,1,1,both_correct
9231,3,3,3,0,1,1,both_correct
9232,4,4,4,0,1,1,both_correct
9233,1,1,1,0,1,1,both_correct
9234,5,5,5,0,1,1,both_correct
9235,3,3,3,0,1,1,both_correct
9236,0,0,0,0,1,1,both_correct
9237,8,8,8,0,1,1,both_correct
9238,3,3,3,0,1,1,both_correct
9239,0,0,0,0,1,1,both_correct
9240,6,6,6,0,1,1,both_correct
9241,1,1,1,0,1,1,both_correct
9242,7,7,7,0,1,1,both_correct
9243,8,8,8,0,1,1,both_correct
9244,0,0,0,0,1,1,both_correct
9245,9,9,9,0,1,1,both_correct
9246,2,2,2,0,1,1,both_correct
9247,6,6,6,0,1,1,both_correct
9248,7,7,7,0,1,1,both_correct
9249,1,1,1,0,1,1,both_correct
9250,9,9,9,0,1,1,both_correct
9251,6,6,6,0,1,1,both_correct
9252,9,9,9,0,1,1,both_correct
9253,4,4,4,0,1,1,both_correct
9254,9,9,9,0,1,1,both_correct
9255,9,9,9,0,1,1,both_correct
9256,6,6,6,0,1,1,both_correct
9257,7,7,7,0,1,1,both_correct
9258,1,1,1,0,1,1,both_correct
9259,2,2,2,0,1,1,both_correct
9260,5,5,5,0,1,1,both_correct
9261,3,3,3,0,1,1,both_correct
9262,7,7,7,0,1,1,both_correct
9263,8,8,8,0,1,1,both_correct
9264,0,0,0,0,1,1,both_correct
9265,1,1,1,0,1,1,both_correct
9266,2,2,2,0,1,1,both_correct
9267,4,4,4,0,1,1,both_correct
9268,5,5,5,0,1,1,both_correct
9269,6,6,6,0,1,1,both_correct
9270,7,7,7,0,1,1,both_correct
9271,8,8,8,0,1,1,both_correct
9272,9,9,9,0,1,1,both_correct
9273,0,0,0,0,1,1,both_correct
9274,1,1,1,0,1,1,both_correct
9275,3,3,3,0,1,1,both_correct
9276,4,4,4,0,1,1,both_correct
9277,5,5,5,0,1,1,both_correct
9278,6,6,6,0,1,1,both_correct
9279,7,7,7,0,1,1,both_correct
9280,8,5,8,1,0,1,resize_only_correct
9281,0,0,0,0,1,1,both_correct
9282,1,1,1,0,1,1,both_correct
9283,3,3,3,0,1,1,both_correct
9284,4,4,4,0,1,1,both_correct
9285,7,7,7,0,1,1,both_correct
9286,8,8,8,0,1,1,both_correct
9287,9,9,9,0,1,1,both_correct
9288,7,7,7,0,1,1,both_correct
9289,5,5,5,0,1,1,both_correct
9290,5,5,5,0,1,1,both_correct
9291,1,1,1,0,1,1,both_correct
9292,9,9,9,0,1,1,both_correct
9293,9,9,9,0,1,1,both_correct
9294,7,7,7,0,1,1,both_correct
9295,1,1,1,0,1,1,both_correct
9296,0,0,0,0,1,1,both_correct
9297,0,0,0,0,1,1,both_correct
9298,5,5,5,0,1,1,both_correct
9299,9,9,9,0,1,1,both_correct
9300,7,7,7,0,1,1,both_correct
9301,1,1,1,0,1,1,both_correct
9302,7,7,7,0,1,1,both_correct
9303,2,2,2,0,1,1,both_correct
9304,2,2,2,0,1,1,both_correct
9305,3,3,3,0,1,1,both_correct
9306,6,6,6,0,1,1,both_correct
9307,8,8,8,0,1,1,both_correct
9308,3,3,3,0,1,1,both_correct
9309,2,2,2,0,1,1,both_correct
9310,0,0,0,0,1,1,both_correct
9311,0,0,0,0,1,1,both_correct
9312,6,6,6,0,1,1,both_correct
9313,1,1,1,0,1,1,both_correct
9314,7,7,7,0,1,1,both_correct
9315,5,5,5,0,1,1,both_correct
9316,8,8,8,0,1,1,both_correct
9317,6,6,6,0,1,1,both_correct
9318,2,2,2,0,1,1,both_correct
9319,9,9,9,0,1,1,both_correct
9320,4,4,4,0,1,1,both_correct
9321,8,8,8,0,1,1,both_correct
9322,8,8,8,0,1,1,both_correct
9323,7,7,7,0,1,1,both_correct
9324,1,1,1,0,1,1,both_correct
9325,0,0,0,0,1,1,both_correct
9326,8,8,8,0,1,1,both_correct
9327,7,7,7,0,1,1,both_correct
9328,7,7,7,0,1,1,both_correct
9329,5,5,5,0,1,1,both_correct
9330,8,8,8,0,1,1,both_correct
9331,5,5,5,0,1,1,both_correct
9332,3,3,3,0,1,1,both_correct
9333,4,4,4,0,1,1,both_correct
9334,6,6,6,0,1,1,both_correct
9335,1,1,1,0,1,1,both_correct
9336,1,1,1,0,1,1,both_correct
9337,5,5,5,0,1,1,both_correct
9338,5,5,5,0,1,1,both_correct
9339,0,0,0,0,1,1,both_correct
9340,7,7,7,0,1,1,both_correct
9341,2,2,2,0,1,1,both_correct
9342,3,3,3,0,1,1,both_correct
9343,6,6,6,0,1,1,both_correct
9344,4,4,4,0,1,1,both_correct
9345,1,1,1,0,1,1,both_correct
9346,2,2,2,0,1,1,both_correct
9347,4,4,4,0,1,1,both_correct
9348,1,1,1,0,1,1,both_correct
9349,5,5,5,0,1,1,both_correct
9350,4,4,4,0,1,1,both_correct
9351,2,2,2,0,1,1,both_correct
9352,0,0,0,0,1,1,both_correct
9353,4,4,4,0,1,1,both_correct
9354,8,8,8,0,1,1,both_correct
9355,6,6,6,0,1,1,both_correct
9356,1,1,1,0,1,1,both_correct
9357,9,9,9,0,1,1,both_correct
9358,0,0,0,0,1,1,both_correct
9359,2,2,2,0,1,1,both_correct
9360,5,5,5,0,1,1,both_correct
9361,6,6,6,0,1,1,both_correct
9362,9,9,9,0,1,1,both_correct
9363,3,3,3,0,1,1,both_correct
9364,6,6,6,0,1,1,both_correct
9365,3,3,3,0,1,1,both_correct
9366,6,6,6,0,1,1,both_correct
9367,0,0,0,0,1,1,both_correct
9368,1,1,1,0,1,1,both_correct
9369,2,2,2,0,1,1,both_correct
9370,3,3,3,0,1,1,both_correct
9371,4,4,4,0,1,1,both_correct
9372,5,5,5,0,1,1,both_correct
9373,6,6,6,0,1,1,both_correct
9374,7,7,7,0,1,1,both_correct
9375,8,8,8,0,1,1,both_correct
9376,9,9,9,0,1,1,both_correct
9377,0,0,0,0,1,1,both_correct
9378,1,1,1,0,1,1,both_correct
9379,2,2,2,0,1,1,both_correct
9380,3,3,3,0,1,1,both_correct
9381,4,4,4,0,1,1,both_correct
9382,5,5,5,0,1,1,both_correct
9383,6,6,6,0,1,1,both_correct
9384,7,7,7,0,1,1,both_correct
9385,8,8,8,0,1,1,both_correct
9386,9,9,9,0,1,1,both_correct
9387,0,0,0,0,1,1,both_correct
9388,1,1,1,0,1,1,both_correct
9389,2,2,2,0,1,1,both_correct
9390,3,3,3,0,1,1,both_correct
9391,5,5,5,0,1,1,both_correct
9392,6,6,6,0,1,1,both_correct
9393,7,7,7,0,1,1,both_correct
9394,8,8,8,0,1,1,both_correct
9395,1,1,1,0,1,1,both_correct
9396,0,0,0,0,1,1,both_correct
9397,9,9,9,0,1,1,both_correct
9398,5,5,5,0,1,1,both_correct
9399,7,7,7,0,1,1,both_correct
9400,5,5,5,0,1,1,both_correct
9401,1,1,1,0,1,1,both_correct
9402,8,8,8,0,1,1,both_correct
9403,6,6,6,0,1,1,both_correct
9404,9,9,9,0,1,1,both_correct
9405,0,0,0,0,1,1,both_correct
9406,4,4,4,0,1,1,both_correct
9407,1,1,1,0,1,1,both_correct
9408,9,9,9,0,1,1,both_correct
9409,3,3,3,0,1,1,both_correct
9410,8,8,8,0,1,1,both_correct
9411,4,4,4,0,1,1,both_correct
9412,4,4,4,0,1,1,both_correct
9413,7,7,7,0,1,1,both_correct
9414,0,0,0,0,1,1,both_correct
9415,1,1,1,0,1,1,both_correct
9416,9,9,9,0,1,1,both_correct
9417,2,2,2,0,1,1,both_correct
9418,8,8,8,0,1,1,both_correct
9419,7,7,7,0,1,1,both_correct
9420,8,8,8,0,1,1,both_correct
9421,2,2,2,0,1,1,both_correct
9422,5,3,5,1,0,1,resize_only_correct
9423,9,9,9,0,1,1,both_correct
9424,6,6,6,0,1,1,both_correct
9425,0,0,0,0,1,1,both_correct
9426,6,6,6,0,1,1,both_correct
9427,5,5,5,0,1,1,both_correct
9428,5,5,5,0,1,1,both_correct
9429,3,3,3,0,1,1,both_correct
9430,3,3,3,0,1,1,both_correct
9431,3,3,3,0,1,1,both_correct
9432,9,9,9,0,1,1,both_correct
9433,8,8,8,0,1,1,both_correct
9434,1,1,1,0,1,1,both_correct
9435,1,1,1,0,1,1,both_correct
9436,0,0,0,0,1,1,both_correct
9437,6,6,6,0,1,1,both_correct
9438,1,1,1,0,1,1,both_correct
9439,0,0,0,0,1,1,both_correct
9440,0,0,0,0,1,1,both_correct
9441,6,6,6,0,1,1,both_correct
9442,2,2,2,0,1,1,both_correct
9443,1,1,1,0,1,1,both_correct
9444,1,1,1,0,1,1,both_correct
9445,3,3,3,0,1,1,both_correct
9446,2,2,2,0,1,1,both_correct
9447,7,7,7,0,1,1,both_correct
9448,7,2,7,1,0,1,resize_only_correct
9449,8,8,8,0,1,1,both_correct
9450,8,8,8,0,1,1,both_correct
9451,7,7,7,0,1,1,both_correct
9452,8,8,8,0,1,1,both_correct
9453,4,4,4,0,1,1,both_correct
9454,6,6,6,0,1,1,both_correct
9455,0,0,0,0,1,1,both_correct
9456,2,2,2,0,1,1,both_correct
9457,0,0,0,0,1,1,both_correct
9458,7,7,7,0,1,1,both_correct
9459,0,0,0,0,1,1,both_correct
9460,3,3,3,0,1,1,both_correct
9461,6,6,6,0,1,1,both_correct
9462,8,8,8,0,1,1,both_correct
9463,7,7,7,0,1,1,both_correct
9464,1,1,1,0,1,1,both_correct
9465,5,5,5,0,1,1,both_correct
9466,9,9,9,0,1,1,both_correct
9467,9,9,9,0,1,1,both_correct
9468,3,3,3,0,1,1,both_correct
9469,7,7,7,0,1,1,both_correct
9470,2,2,2,0,1,1,both_correct
9471,4,4,4,0,1,1,both_correct
9472,9,9,9,0,1,1,both_correct
9473,4,4,4,0,1,1,both_correct
9474,3,3,3,0,1,1,both_correct
9475,6,6,6,0,1,1,both_correct
9476,2,2,2,0,1,1,both_correct
9477,2,2,2,0,1,1,both_correct
9478,5,5,5,0,1,1,both_correct
9479,3,3,3,0,1,1,both_correct
9480,2,2,2,0,1,1,both_correct
9481,5,5,5,0,1,1,both_correct
9482,5,5,5,0,1,1,both_correct
9483,9,9,9,0,1,1,both_correct
9484,4,4,4,0,1,1,both_correct
9485,1,1,1,0,1,1,both_correct
9486,7,7,7,0,1,1,both_correct
9487,2,2,2,0,1,1,both_correct
9488,0,0,0,0,1,1,both_correct
9489,1,1,1,0,1,1,both_correct
9490,2,2,2,0,1,1,both_correct
9491,3,3,3,0,1,1,both_correct
9492,4,4,4,0,1,1,both_correct
9493,5,5,5,0,1,1,both_correct
9494,6,6,6,0,1,1,both_correct
9495,7,7,7,0,1,1,both_correct
9496,8,8,8,0,1,1,both_correct
9497,9,9,9,0,1,1,both_correct
9498,0,0,0,0,1,1,both_correct
9499,1,1,1,0,1,1,both_correct
9500,2,2,2,0,1,1,both_correct
9501,3,3,3,0,1,1,both_correct
9502,4,4,4,0,1,1,both_correct
9503,5,5,5,0,1,1,both_correct
9504,6,6,6,0,1,1,both_correct
9505,7,2,2,0,0,0,both_wrong_same_prediction
9506,8,8,8,0,1,1,both_correct
9507,9,9,9,0,1,1,both_correct
9508,0,0,0,0,1,1,both_correct
9509,1,1,1,0,1,1,both_correct
9510,2,2,2,0,1,1,both_correct
9511,3,3,3,0,1,1,both_correct
9512,4,4,4,0,1,1,both_correct
9513,5,5,5,0,1,1,both_correct
9514,6,6,6,0,1,1,both_correct
9515,7,7,7,0,1,1,both_correct
9516,8,8,8,0,1,1,both_correct
9517,9,4,9,1,0,1,resize_only_correct
9518,1,1,1,0,1,1,both_correct
9519,0,0,0,0,1,1,both_correct
9520,1,1,1,0,1,1,both_correct
9521,2,2,2,0,1,1,both_correct
9522,7,7,7,0,1,1,both_correct
9523,5,5,5,0,1,1,both_correct
9524,3,3,3,0,1,1,both_correct
9525,4,4,4,0,1,1,both_correct
9526,4,4,4,0,1,1,both_correct
9527,0,0,0,0,1,1,both_correct
9528,0,0,0,0,1,1,both_correct
9529,6,6,6,0,1,1,both_correct
9530,9,9,9,0,1,1,both_correct
9531,6,6,6,0,1,1,both_correct
9532,6,6,6,0,1,1,both_correct
9533,5,5,5,0,1,1,both_correct
9534,7,7,7,0,1,1,both_correct
9535,2,2,2,0,1,1,both_correct
9536,3,3,3,0,1,1,both_correct
9537,4,4,4,0,1,1,both_correct
9538,4,4,4,0,1,1,both_correct
9539,9,9,9,0,1,1,both_correct
9540,1,1,1,0,1,1,both_correct
9541,4,4,4,0,1,1,both_correct
9542,0,0,0,0,1,1,both_correct
9543,7,7,7,0,1,1,both_correct
9544,9,9,9,0,1,1,both_correct
9545,5,5,5,0,1,1,both_correct
9546,7,7,7,0,1,1,both_correct
9547,2,2,2,0,1,1,both_correct
9548,3,3,3,0,1,1,both_correct
9549,1,1,1,0,1,1,both_correct
9550,4,4,4,0,1,1,both_correct
9551,4,4,4,0,1,1,both_correct
9552,0,0,0,0,1,1,both_correct
9553,9,9,9,0,1,1,both_correct
9554,9,9,9,0,1,1,both_correct
9555,6,6,6,0,1,1,both_correct
9556,1,1,1,0,1,1,both_correct
9557,8,8,8,0,1,1,both_correct
9558,3,3,3,0,1,1,both_correct
9559,3,3,3,0,1,1,both_correct
9560,7,7,7,0,1,1,both_correct
9561,3,3,3,0,1,1,both_correct
9562,9,9,9,0,1,1,both_correct
9563,8,8,8,0,1,1,both_correct
9564,8,8,8,0,1,1,both_correct
9565,4,4,4,0,1,1,both_correct
9566,7,7,7,0,1,1,both_correct
9567,7,7,7,0,1,1,both_correct
9568,6,6,6,0,1,1,both_correct
9569,2,2,2,0,1,1,both_correct
9570,1,1,1,0,1,1,both_correct
9571,9,9,9,0,1,1,both_correct
9572,8,8,8,0,1,1,both_correct
9573,7,7,7,0,1,1,both_correct
9574,8,8,8,0,1,1,both_correct
9575,8,8,8,0,1,1,both_correct
9576,7,7,7,0,1,1,both_correct
9577,2,2,2,0,1,1,both_correct
9578,2,2,2,0,1,1,both_correct
9579,3,3,3,0,1,1,both_correct
9580,9,9,9,0,1,1,both_correct
9581,3,3,3,0,1,1,both_correct
9582,3,3,3,0,1,1,both_correct
9583,5,5,5,0,1,1,both_correct
9584,5,5,5,0,1,1,both_correct
9585,0,0,0,0,1,1,both_correct
9586,7,7,7,0,1,1,both_correct
9587,9,4,9,1,0,1,resize_only_correct
9588,5,5,5,0,1,1,both_correct
9589,6,6,6,0,1,1,both_correct
9590,5,5,5,0,1,1,both_correct
9591,1,1,1,0,1,1,both_correct
9592,4,4,4,0,1,1,both_correct
9593,1,1,1,0,1,1,both_correct
9594,1,1,1,0,1,1,both_correct
9595,2,2,2,0,1,1,both_correct
9596,8,8,8,0,1,1,both_correct
9597,2,2,2,0,1,1,both_correct
9598,6,6,6,0,1,1,both_correct
9599,1,1,1,0,1,1,both_correct
9600,5,5,5,0,1,1,both_correct
9601,0,0,0,0,1,1,both_correct
9602,1,1,1,0,1,1,both_correct
9603,2,2,2,0,1,1,both_correct
9604,3,3,3,0,1,1,both_correct
9605,4,4,4,0,1,1,both_correct
9606,5,5,5,0,1,1,both_correct
9607,6,6,6,0,1,1,both_correct
9608,7,7,7,0,1,1,both_correct
9609,8,8,8,0,1,1,both_correct
9610,9,9,9,0,1,1,both_correct
9611,0,0,0,0,1,1,both_correct
9612,1,1,1,0,1,1,both_correct
9613,2,2,2,0,1,1,both_correct
9614,3,3,3,0,1,1,both_correct
9615,4,4,4,0,1,1,both_correct
9616,5,5,5,0,1,1,both_correct
9617,6,6,6,0,1,1,both_correct
9618,7,7,7,0,1,1,both_correct
9619,8,8,8,0,1,1,both_correct
9620,9,9,9,0,1,1,both_correct
9621,0,0,0,0,1,1,both_correct
9622,1,1,1,0,1,1,both_correct
9623,2,2,2,0,1,1,both_correct
9624,3,3,3,0,1,1,both_correct
9625,4,4,4,0,1,1,both_correct
9626,5,5,5,0,1,1,both_correct
9627,6,6,6,0,1,1,both_correct
9628,7,7,7,0,1,1,both_correct
9629,8,8,8,0,1,1,both_correct
9630,8,8,8,0,1,1,both_correct
9631,0,0,0,0,1,1,both_correct
9632,6,6,6,0,1,1,both_correct
9633,0,0,0,0,1,1,both_correct
9634,0,0,0,0,1,1,both_correct
9635,2,2,2,0,1,1,both_correct
9636,3,3,3,0,1,1,both_correct
9637,7,7,7,0,1,1,both_correct
9638,9,9,9,0,1,1,both_correct
9639,4,4,4,0,1,1,both_correct
9640,7,7,7,0,1,1,both_correct
9641,1,1,1,0,1,1,both_correct
9642,9,7,3,1,0,0,both_wrong_changed
9643,1,1,1,0,1,1,both_correct
9644,7,7,7,0,1,1,both_correct
9645,1,1,1,0,1,1,both_correct
9646,4,4,4,0,1,1,both_correct
9647,0,0,0,0,1,1,both_correct
9648,0,0,0,0,1,1,both_correct
9649,1,1,1,0,1,1,both_correct
9650,7,7,7,0,1,1,both_correct
9651,5,5,5,0,1,1,both_correct
9652,7,7,7,0,1,1,both_correct
9653,1,1,1,0,1,1,both_correct
9654,3,3,3,0,1,1,both_correct
9655,3,3,3,0,1,1,both_correct
9656,3,3,3,0,1,1,both_correct
9657,1,1,1,0,1,1,both_correct
9658,6,6,6,0,1,1,both_correct
9659,9,9,9,0,1,1,both_correct
9660,7,7,7,0,1,1,both_correct
9661,1,1,1,0,1,1,both_correct
9662,3,3,3,0,1,1,both_correct
9663,0,0,0,0,1,1,both_correct
9664,2,2,2,0,1,1,both_correct
9665,6,6,6,0,1,1,both_correct
9666,0,0,0,0,1,1,both_correct
9667,8,8,8,0,1,1,both_correct
9668,9,9,9,0,1,1,both_correct
9669,4,4,4,0,1,1,both_correct
9670,3,3,3,0,1,1,both_correct
9671,5,5,5,0,1,1,both_correct
9672,4,4,4,0,1,1,both_correct
9673,8,8,8,0,1,1,both_correct
9674,1,1,1,0,1,1,both_correct
9675,5,5,5,0,1,1,both_correct
9676,9,9,9,0,1,1,both_correct
9677,0,0,0,0,1,1,both_correct
9678,6,6,6,0,1,1,both_correct
9679,6,3,6,1,0,1,resize_only_correct
9680,3,3,3,0,1,1,both_correct
9681,8,8,8,0,1,1,both_correct
9682,1,1,1,0,1,1,both_correct
9683,4,4,4,0,1,1,both_correct
9684,7,7,7,0,1,1,both_correct
9685,5,5,5,0,1,1,both_correct
9686,2,2,2,0,1,1,both_correct
9687,0,0,0,0,1,1,both_correct
9688,0,0,0,0,1,1,both_correct
9689,1,1,1,0,1,1,both_correct
9690,7,7,7,0,1,1,both_correct
9691,8,8,8,0,1,1,both_correct
9692,9,7,7,0,0,0,both_wrong_same_prediction
9693,6,6,6,0,1,1,both_correct
9694,8,8,8,0,1,1,both_correct
9695,8,8,8,0,1,1,both_correct
9696,2,2,2,0,1,1,both_correct
9697,3,3,3,0,1,1,both_correct
9698,6,6,6,0,1,1,both_correct
9699,1,1,1,0,1,1,both_correct
9700,2,2,1,1,1,0,pad_only_correct
9701,9,9,9,0,1,1,both_correct
9702,5,5,5,0,1,1,both_correct
9703,2,2,2,0,1,1,both_correct
9704,0,0,0,0,1,1,both_correct
9705,1,1,1,0,1,1,both_correct
9706,2,2,2,0,1,1,both_correct
9707,3,3,3,0,1,1,both_correct
9708,4,4,4,0,1,1,both_correct
9709,5,5,5,0,1,1,both_correct
9710,6,6,6,0,1,1,both_correct
9711,7,7,7,0,1,1,both_correct
9712,8,8,8,0,1,1,both_correct
9713,9,9,9,0,1,1,both_correct
9714,0,6,0,1,0,1,resize_only_correct
9715,1,1,1,0,1,1,both_correct
9716,2,2,2,0,1,1,both_correct
9717,3,3,3,0,1,1,both_correct
9718,4,4,4,0,1,1,both_correct
9719,5,5,5,0,1,1,both_correct
9720,6,6,6,0,1,1,both_correct
9721,7,7,7,0,1,1,both_correct
9722,8,8,8,0,1,1,both_correct
9723,9,9,9,0,1,1,both_correct
9724,0,0,0,0,1,1,both_correct
9725,1,1,1,0,1,1,both_correct
9726,2,2,2,0,1,1,both_correct
9727,3,3,3,0,1,1,both_correct
9728,4,4,4,0,1,1,both_correct
9729,5,6,6,0,0,0,both_wrong_same_prediction
9730,6,6,6,0,1,1,both_correct
9731,7,7,7,0,1,1,both_correct
9732,8,8,8,0,1,1,both_correct
9733,9,4,9,1,0,1,resize_only_correct
9734,7,7,7,0,1,1,both_correct
9735,4,4,4,0,1,1,both_correct
9736,6,6,6,0,1,1,both_correct
9737,1,1,1,0,1,1,both_correct
9738,4,4,4,0,1,1,both_correct
9739,0,0,0,0,1,1,both_correct
9740,9,9,9,0,1,1,both_correct
9741,9,9,9,0,1,1,both_correct
9742,3,3,3,0,1,1,both_correct
9743,7,7,7,0,1,1,both_correct
9744,8,8,8,0,1,1,both_correct
9745,4,4,4,0,1,1,both_correct
9746,7,7,7,0,1,1,both_correct
9747,5,5,5,0,1,1,both_correct
9748,8,8,8,0,1,1,both_correct
9749,5,5,5,0,1,1,both_correct
9750,3,3,3,0,1,1,both_correct
9751,2,2,2,0,1,1,both_correct
9752,2,2,2,0,1,1,both_correct
9753,0,0,0,0,1,1,both_correct
9754,5,5,5,0,1,1,both_correct
9755,8,8,8,0,1,1,both_correct
9756,6,6,6,0,1,1,both_correct
9757,0,0,0,0,1,1,both_correct
9758,3,3,3,0,1,1,both_correct
9759,8,8,8,0,1,1,both_correct
9760,1,1,1,0,1,1,both_correct
9761,0,0,0,0,1,1,both_correct
9762,3,3,3,0,1,1,both_correct
9763,0,0,0,0,1,1,both_correct
9764,4,4,4,0,1,1,both_correct
9765,7,7,7,0,1,1,both_correct
9766,4,4,4,0,1,1,both_correct
9767,9,9,9,0,1,1,both_correct
9768,2,2,2,0,1,1,both_correct
9769,9,9,9,0,1,1,both_correct
9770,5,5,5,0,1,1,both_correct
9771,7,7,7,0,1,1,both_correct
9772,1,1,1,0,1,1,both_correct
9773,7,7,7,0,1,1,both_correct
9774,1,1,1,0,1,1,both_correct
9775,6,6,6,0,1,1,both_correct
9776,6,6,6,0,1,1,both_correct
9777,5,5,5,0,1,1,both_correct
9778,6,6,6,0,1,1,both_correct
9779,2,2,2,0,1,1,both_correct
9780,8,8,8,0,1,1,both_correct
9781,7,7,7,0,1,1,both_correct
9782,6,6,6,0,1,1,both_correct
9783,4,4,4,0,1,1,both_correct
9784,9,9,9,0,1,1,both_correct
9785,9,9,9,0,1,1,both_correct
9786,5,5,5,0,1,1,both_correct
9787,3,3,3,0,1,1,both_correct
9788,7,7,7,0,1,1,both_correct
9789,4,4,4,0,1,1,both_correct
9790,3,3,3,0,1,1,both_correct
9791,0,0,0,0,1,1,both_correct
9792,4,4,4,0,1,1,both_correct
9793,6,6,6,0,1,1,both_correct
9794,6,6,6,0,1,1,both_correct
9795,1,1,1,0,1,1,both_correct
9796,1,1,1,0,1,1,both_correct
9797,3,3,3,0,1,1,both_correct
9798,2,2,2,0,1,1,both_correct
9799,1,1,1,0,1,1,both_correct
9800,0,0,0,0,1,1,both_correct
9801,0,0,0,0,1,1,both_correct
9802,1,1,1,0,1,1,both_correct
9803,2,2,2,0,1,1,both_correct
9804,3,3,3,0,1,1,both_correct
9805,4,4,4,0,1,1,both_correct
9806,7,7,7,0,1,1,both_correct
9807,8,8,8,0,1,1,both_correct
9808,9,9,9,0,1,1,both_correct
9809,0,0,0,0,1,1,both_correct
9810,1,1,1,0,1,1,both_correct
9811,2,2,2,0,1,1,both_correct
9812,3,3,3,0,1,1,both_correct
9813,4,4,4,0,1,1,both_correct
9814,5,5,5,0,1,1,both_correct
9815,6,6,6,0,1,1,both_correct
9816,7,7,7,0,1,1,both_correct
9817,8,8,8,0,1,1,both_correct
9818,0,0,0,0,1,1,both_correct
9819,1,1,1,0,1,1,both_correct
9820,2,2,2,0,1,1,both_correct
9821,3,3,3,0,1,1,both_correct
9822,4,4,4,0,1,1,both_correct
9823,7,7,7,0,1,1,both_correct
9824,8,8,8,0,1,1,both_correct
9825,9,9,9,0,1,1,both_correct
9826,0,0,0,0,1,1,both_correct
9827,8,8,8,0,1,1,both_correct
9828,3,3,3,0,1,1,both_correct
9829,9,9,9,0,1,1,both_correct
9830,5,5,5,0,1,1,both_correct
9831,5,5,5,0,1,1,both_correct
9832,2,2,2,0,1,1,both_correct
9833,6,6,6,0,1,1,both_correct
9834,8,8,8,0,1,1,both_correct
9835,4,4,4,0,1,1,both_correct
9836,1,1,1,0,1,1,both_correct
9837,7,7,7,0,1,1,both_correct
9838,1,1,1,0,1,1,both_correct
9839,2,2,2,0,1,1,both_correct
9840,3,3,3,0,1,1,both_correct
9841,5,5,5,0,1,1,both_correct
9842,6,6,6,0,1,1,both_correct
9843,9,9,9,0,1,1,both_correct
9844,1,1,1,0,1,1,both_correct
9845,1,1,1,0,1,1,both_correct
9846,1,1,1,0,1,1,both_correct
9847,2,2,2,0,1,1,both_correct
9848,1,1,1,0,1,1,both_correct
9849,2,2,2,0,1,1,both_correct
9850,0,0,6,1,1,0,pad_only_correct
9851,7,7,7,0,1,1,both_correct
9852,7,7,7,0,1,1,both_correct
9853,5,5,5,0,1,1,both_correct
9854,8,8,8,0,1,1,both_correct
9855,2,2,2,0,1,1,both_correct
9856,9,9,9,0,1,1,both_correct
9857,8,8,8,0,1,1,both_correct
9858,6,6,6,0,1,1,both_correct
9859,7,7,7,0,1,1,both_correct
9860,3,3,3,0,1,1,both_correct
9861,4,4,4,0,1,1,both_correct
9862,6,6,6,0,1,1,both_correct
9863,8,8,8,0,1,1,both_correct
9864,7,7,7,0,1,1,both_correct
9865,0,0,0,0,1,1,both_correct
9866,4,4,4,0,1,1,both_correct
9867,2,2,2,0,1,1,both_correct
9868,7,7,7,0,1,1,both_correct
9869,7,7,7,0,1,1,both_correct
9870,5,5,5,0,1,1,both_correct
9871,4,4,4,0,1,1,both_correct
9872,3,3,3,0,1,1,both_correct
9873,4,4,4,0,1,1,both_correct
9874,2,2,2,0,1,1,both_correct
9875,8,8,8,0,1,1,both_correct
9876,1,1,1,0,1,1,both_correct
9877,5,5,5,0,1,1,both_correct
9878,1,1,1,0,1,1,both_correct
9879,0,0,0,0,1,1,both_correct
9880,2,2,2,0,1,1,both_correct
9881,3,3,3,0,1,1,both_correct
9882,3,3,3,0,1,1,both_correct
9883,5,5,5,0,1,1,both_correct
9884,7,7,7,0,1,1,both_correct
9885,0,0,0,0,1,1,both_correct
9886,6,6,6,0,1,1,both_correct
9887,8,8,8,0,1,1,both_correct
9888,6,6,6,0,1,1,both_correct
9889,3,3,3,0,1,1,both_correct
9890,9,9,9,0,1,1,both_correct
9891,9,3,3,0,0,0,both_wrong_same_prediction
9892,8,8,8,0,1,1,both_correct
9893,2,2,2,0,1,1,both_correct
9894,7,7,7,0,1,1,both_correct
9895,7,7,7,0,1,1,both_correct
9896,1,1,1,0,1,1,both_correct
9897,0,0,0,0,1,1,both_correct
9898,1,1,1,0,1,1,both_correct
9899,7,7,7,0,1,1,both_correct
9900,8,8,8,0,1,1,both_correct
9901,9,9,9,0,1,1,both_correct
9902,0,0,0,0,1,1,both_correct
9903,1,1,1,0,1,1,both_correct
9904,2,2,2,0,1,1,both_correct
9905,3,3,3,0,1,1,both_correct
9906,4,4,4,0,1,1,both_correct
9907,5,5,5,0,1,1,both_correct
9908,6,6,6,0,1,1,both_correct
9909,7,7,7,0,1,1,both_correct
9910,8,8,8,0,1,1,both_correct
9911,0,0,0,0,1,1,both_correct
9912,1,1,1,0,1,1,both_correct
9913,2,2,2,0,1,1,both_correct
9914,3,3,3,0,1,1,both_correct
9915,4,4,4,0,1,1,both_correct
9916,7,7,7,0,1,1,both_correct
9917,8,8,8,0,1,1,both_correct
9918,9,9,9,0,1,1,both_correct
9919,7,7,7,0,1,1,both_correct
9920,8,8,8,0,1,1,both_correct
9921,6,6,6,0,1,1,both_correct
9922,4,4,4,0,1,1,both_correct
9923,1,1,1,0,1,1,both_correct
9924,9,9,9,0,1,1,both_correct
9925,3,3,3,0,1,1,both_correct
9926,8,8,8,0,1,1,both_correct
9927,4,4,4,0,1,1,both_correct
9928,4,4,4,0,1,1,both_correct
9929,7,7,7,0,1,1,both_correct
9930,0,0,0,0,1,1,both_correct
9931,1,1,1,0,1,1,both_correct
9932,9,9,9,0,1,1,both_correct
9933,2,2,2,0,1,1,both_correct
9934,8,8,8,0,1,1,both_correct
9935,7,7,7,0,1,1,both_correct
9936,8,8,8,0,1,1,both_correct
9937,2,2,2,0,1,1,both_correct
9938,6,6,6,0,1,1,both_correct
9939,0,0,0,0,1,1,both_correct
9940,6,6,6,0,1,1,both_correct
9941,5,5,5,0,1,1,both_correct
9942,3,3,3,0,1,1,both_correct
9943,3,3,3,0,1,1,both_correct
9944,3,3,3,0,1,1,both_correct
9945,9,9,9,0,1,1,both_correct
9946,1,1,1,0,1,1,both_correct
9947,4,4,4,0,1,1,both_correct
9948,0,0,0,0,1,1,both_correct
9949,6,6,6,0,1,1,both_correct
9950,1,1,1,0,1,1,both_correct
9951,0,0,0,0,1,1,both_correct
9952,0,0,0,0,1,1,both_correct
9953,6,6,6,0,1,1,both_correct
9954,2,2,2,0,1,1,both_correct
9955,1,1,1,0,1,1,both_correct
9956,1,1,1,0,1,1,both_correct
9957,7,7,7,0,1,1,both_correct
9958,7,7,7,0,1,1,both_correct
9959,8,8,8,0,1,1,both_correct
9960,4,4,4,0,1,1,both_correct
9961,6,6,6,0,1,1,both_correct
9962,0,0,0,0,1,1,both_correct
9963,7,7,7,0,1,1,both_correct
9964,0,0,0,0,1,1,both_correct
9965,3,3,3,0,1,1,both_correct
9966,6,6,6,0,1,1,both_correct
9967,8,8,8,0,1,1,both_correct
9968,7,7,7,0,1,1,both_correct
9969,1,1,1,0,1,1,both_correct
9970,5,5,5,0,1,1,both_correct
9971,2,2,2,0,1,1,both_correct
9972,4,4,4,0,1,1,both_correct
9973,9,9,9,0,1,1,both_correct
9974,4,4,4,0,1,1,both_correct
9975,3,3,3,0,1,1,both_correct
9976,6,6,6,0,1,1,both_correct
9977,4,4,4,0,1,1,both_correct
9978,1,1,1,0,1,1,both_correct
9979,7,7,7,0,1,1,both_correct
9980,2,2,2,0,1,1,both_correct
9981,6,6,6,0,1,1,both_correct
9982,5,5,5,0,1,1,both_correct
9983,0,0,0,0,1,1,both_correct
9984,1,1,1,0,1,1,both_correct
9985,2,2,2,0,1,1,both_correct
9986,3,3,3,0,1,1,both_correct
9987,4,4,4,0,1,1,both_correct
9988,5,5,5,0,1,1,both_correct
9989,6,6,6,0,1,1,both_correct
9990,7,7,7,0,1,1,both_correct
9991,8,8,8,0,1,1,both_correct
9992,9,9,9,0,1,1,both_correct
9993,0,0,0,0,1,1,both_correct
9994,1,1,1,0,1,1,both_correct
9995,2,2,2,0,1,1,both_correct
9996,3,3,3,0,1,1,both_correct
9997,4,4,4,0,1,1,both_correct
9998,5,5,5,0,1,1,both_correct
9999,6,6,6,0,1,1,both_correct
