0.00602338
0.05425321
-0.10096382
-0.01693320
-0.02867345
0.13980535
0.06057435
0.03511847
-0.03791586
-0.03739490
0.11573690
0.03918509
0.00905763
-0.05007733
-0.01620230
0.08284473
0.07148994
0.10926551
0.02799966
-0.07329348
0.01754289
0.00726520
0.00536999
-0.14260170
-0.14980994
-0.01752237
0.00214230
-0.05145796
0.05395343
0.03071506
-0.00401904
-0.09691323
-0.10204557
-0.01425487
-0.10054702
0.05855227
0.01270806
-0.10205264
-0.01883383
0.11293726
0.01396162
0.07888518
-0.03198025
0.03924371
0.14142455
-0.00371324
0.02822256
-0.06559138
0.05813926
0.07857557
-0.04998864
-0.01639989
-0.02748385
0.03981485
0.09804212
0.07966560
0.11367331
0.05500910
0.14993918
0.15937693
0.06214074
-0.03242511
0.04832588
0.04685405
-0.00864428
0.05209756
0.08199639
0.06616217
-0.04551933
-0.07904489
-0.04161403
-0.02363973
-0.00422817
0.07206891
0.01702998
0.04914789
0.00187870
0.01254283
0.05108941
-0.00242901
-0.06195148
-0.07121158
-0.04798464
0.02787063
0.02537105
0.04825779
-0.02593204
-0.02594433
0.08776122
0.00334451
-0.05053324
-0.06843413
-0.01214103
-0.10254987
0.06350629
-0.02011636
0.08308906
0.01638261
0.07907133
0.03559865
-0.13310185
-0.08301103
-0.06070755
0.04397091
0.06627549
0.02115813
0.05138641
0.00382178
0.01148846
-0.02107122
0.06556465
0.06346457
0.03509564
0.03883622
-0.01856124
-0.01353201
0.01519557
0.10562851
0.09785406
-0.01799681
-0.05306222
0.05406616
0.05719422
0.08795495
-0.00307579
-0.07764119
-0.10562364
-0.05772674
-0.07929866
-0.11019357
-0.05975402
-0.07631463
-0.16123022
-0.04369399
0.00209628
0.02541155
-0.00625201
-0.03423960
0.00749479
0.13556634
0.06280272
0.03086895
0.00165579
-0.08001674
-0.12138046
0.10425778
0.08324721
0.14292532
0.02011196
-0.12069644
-0.13020857
-0.16114520
-0.08827941
-0.01214224
0.16216379
-0.08797579
-0.00532549
-0.09834570
-0.03061546
0.06538170
0.09821860
0.07826946
0.00483946
-0.01701084
-0.13878037
-0.06691856
0.01811292
0.02528214
-0.00680555
-0.06417786
-0.08306161
-0.04367910
0.04831184
0.07866891
0.04422666
0.00909215
0.03591626
-0.01217735
0.02559863
0.00392956
0.10499348
0.11394845
0.07006574
0.11300623
0.06932798
0.08806398
0.05732573
0.03071440
-0.00394242
-0.03406491
-0.13014135
-0.00048863
0.09975805
0.03475383
-0.07758573
-0.09843756
-0.03005281
0.01323015
-0.08538046
-0.09906673
0.16504657
0.16511625
0.07688374
-0.03784939
-0.13853469
-0.00507663
0.10700097
0.01204758
0.07137858
-0.09941152
0.08410661
0.05349236
-0.04411823
-0.04991699
-0.16361363
0.07672721
-0.12179989
-0.04383539
-0.12934290
-0.06926630
-0.10569833
-0.15960330
0.06586314
0.00220182
-0.07053753
-0.12440094
-0.01810274
0.14304060
0.06860223
0.05356124
-0.18727681
-0.01266609
-0.06086188
0.01845037
0.07323071
-0.09657648
-0.00974341
-0.09347821
0.05259360
-0.07474273
-0.04539464
-0.12581192
-0.00168113
-0.07415798
-0.00762354
-0.07003503
-0.09581336
0.04227871
0.02101470
-0.01837397
0.05645147
-0.08865561
-0.15815262
-0.06223865
0.05288968
0.00078500
0.06295407
-0.05240108
0.08550958
0.16140229
0.03654915
0.07139133
-0.00010492
0.09281092
0.06601317
0.00445890
-0.00922933
-0.09275540
-0.10934275
0.04723454
0.00835072
0.12075549
0.04101408
0.03146129
0.01200407
0.12052945
-0.05063019
-0.14695418
-0.15868287
-0.09071964
0.21490775
-0.02649745
-0.08657265
-0.17952815
-0.02945520
0.09183502
-0.02034998
-0.04513161
-0.06211904
0.03274243
0.10379285
0.02034127
0.04077547
0.02777407
0.02625495
-0.00875571
0.09576774
0.16391975
-0.09246687
-0.24239470
-0.02476318
-0.02015846
0.02281690
0.22217996
0.10969730
0.13152398
0.01024603
0.01569484
0.09953474
0.18902169
-0.15537225
-0.07107234
-0.00022811
-0.01640917
0.14627720
0.04050852
-0.01792078
0.00580177
-0.07509150
-0.02422607
-0.01945760
-0.13620168
-0.07624566
-0.05330022
-0.00928025
-0.17950547
-0.20318373
-0.18514627
-0.03300932
0.16870059
-0.21812958
-0.09033848
-0.06355014
0.01781247
0.20969395
-0.07915688
0.00065935
0.02562568
0.16522600
0.22434075
0.04721320
-0.09678203
-0.08374308
0.09727077
0.04059758
0.08451167
-0.01541312
-0.02337690
-0.05964595
-0.05182858
0.08551077
-0.00207996
-0.08667030
-0.11545909
-0.14136139
0.05566508
-0.05049821
-0.05695210
-0.13400283
0.02692810
0.08970074
0.08467564
-0.02773081
0.01761538
0.06298146
0.05237557
0.09598050
-0.04312021
-0.08530735
-0.19293357
0.02658538
0.05530721
-0.02643258
-0.04229773
-0.11549208
0.06923619
-0.14473508
-0.19939509
-0.15658192
-0.06259687
0.09912815
-0.00294735
-0.12665454
-0.00183141
0.13052449
0.13645139
0.10022008
-0.02879048
0.10925173
0.11511984
0.15173240
0.08708310
0.00790875
0.01038326
-0.01286368
0.05825220
0.06808227
-0.00298433
0.03540489
-0.08449745
0.01084314
0.04731597
0.05570612
0.03522074
0.01022831
0.10368359
0.01739181
0.02162715
-0.03200824
0.01821602
0.03967885
0.06755219
0.13931079
-0.06523632
-0.05037612
-0.13625515
-0.15132542
-0.19560215
-0.07154242
-0.02536682
-0.02903569
-0.19247697
-0.12500520
-0.09911022
0.00296261
-0.05118898
-0.02292668
-0.04939035
-0.18796654
-0.28444520
-0.01851043
-0.05249418
0.08698520
0.04324354
-0.05906208
0.06085104
0.07384241
0.14263217
0.09914734
0.02095797
-0.06961705
0.04623296
0.08430846
-0.00449182
0.13975811
0.05563632
0.15879293
0.03259904
-0.06764455
-0.00393934
0.03280810
0.00355925
0.04798574
0.03356044
0.05911396
0.05035190
0.02565202
0.05014445
-0.00382485
-0.04778695
0.03846837
0.05557236
-0.03228690
-0.04429123
-0.05375472
-0.14349258
-0.19321661
-0.09318160
-0.10139155
-0.15067293
-0.08357803
-0.18193993
-0.07889843
-0.15351661
-0.12613526
-0.03190478
0.01653163
0.02995362
0.00254635
0.02988942
-0.06027647
0.04381929
-0.02884563
-0.01263849
-0.06120752
0.01977003
-0.04755940
-0.01997727
0.08332948
-0.04267059
-0.03074835
-0.01093972
0.04352921
0.08551025
-0.02453610
-0.14321019
-0.00470461
-0.01433450
-0.01135646
0.00521038
0.05625717
-0.01117030
-0.06217739
-0.03462961
-0.00672556
-0.01112136
0.12163255
0.03069158
0.09104469
-0.00310309
0.03359947
0.09187520
0.06044938
0.03331096
-0.01939030
-0.12304923
-0.14143224
-0.12246314
0.01409593
-0.01671453
0.05348934
-0.07295948
-0.00905576
-0.03840373
-0.00947839
0.09174467
-0.05089581
-0.04734611
-0.01376317
-0.04698876
0.01656189
0.04788946
0.07069682
0.06111504
-0.04159700
0.01260518
0.02572406
0.05251896
0.15225893
0.13053098
-0.02475940
0.02423005
-0.04436924
0.11621292
-0.02079840
-0.24818571
-0.21380518
-0.09069403
0.00984911
0.10731403
0.07352713
0.11877268
0.03239221
0.04444912
0.07714127
0.05018141
0.11010544
0.15379502
0.10190689
0.00158591
-0.09424368
0.14174901
0.16019991
0.03114425
-0.09235980
0.06939150
-0.02769593
-0.14096838
-0.03327073
-0.07227063
0.04903290
-0.09752322
-0.12391063
-0.13044706
-0.18520920
-0.01373721
-0.03072690
0.05908795
-0.00559084
-0.10285043
-0.00473314
0.00126860
-0.02268131
0.07072467
-0.03664206
-0.08440163
-0.10177207
-0.02625303
-0.02770918
0.02023870
-0.29543301
-0.17004073
-0.07384151
-0.07076839
0.01078210
0.03065857
0.14165999
-0.00959278
0.00052664
0.04223203
-0.06559791
-0.19274394
-0.09317888
0.02439062
-0.05721053
0.01715972
0.04498781
-0.06430992
0.03282776
-0.05772406
-0.05151414
-0.09709251
-0.10955652
-0.02580018
-0.12402856
-0.22358146
-0.09116016
0.05415632
0.04344313
-0.12366432
0.06412938
0.25884762
0.25106862
0.05666445
-0.10307305
0.11082917
0.05140985
0.05972695
0.07504833
0.04772211
0.00939257
0.07286202
0.02031861
0.06505883
-0.03182174
-0.03713930
0.00404817
0.06199268
-0.00360145
-0.00408463
0.12507153
-0.00877945
0.15772426
0.12322565
0.05016457
-0.00113976
-0.02816556
0.01545040
0.08494769
-0.03432944
-0.02474762
-0.00544416
-0.01936235
0.02972631
0.02216060
0.02895812
0.06378129
-0.03890926
0.06113421
0.18406475
0.01074873
0.00967978
-0.01006178
0.07531682
0.08410405
-0.07144396
-0.03383784
-0.07177803
0.03544449
-0.13452835
-0.12320434
-0.05181460
-0.02950912
0.00326781
-0.02894671
0.12499162
0.02173254
0.03479553
-0.07202286
-0.02453856
0.13333116
0.03333560
0.01084291
-0.08818455
-0.01478593
0.06913003
-0.03967905
-0.06779119
-0.04993492
-0.04678865
-0.05874621
-0.04110914
-0.15218240
-0.04220425
-0.07533619
-0.20718971
-0.14695093
0.03043302
0.02746263
0.08870981
-0.00659916
0.06124518
0.03263890
0.01985210
0.08581314
0.01802142
0.02604322
0.02874835
-0.05488478
0.02964642
0.03869657
0.01205618
-0.02773004
-0.07446154
0.08373073
-0.02719395
0.06026139
0.20513305
0.19544984
0.01091514
0.07534376
0.12651552
0.11358792
-0.00461779
-0.01156769
0.01218263
-0.08036681
-0.09112339
0.08974949
0.10488443
0.01402556
-0.03438738
-0.00704657
0.03026664
0.12535366
0.09380173
0.03110215
-0.00750640
-0.02973143
-0.03092432
0.03290180
0.02519264
0.18757178
0.11543813
-0.01942619
-0.03804931
-0.02893734
-0.03568063
-0.08222299
-0.24994926
0.00854803
-0.00705069
-0.00792999
-0.07268849
-0.08116817
0.04502005
0.00790824
0.05816296
0.00413798
0.07630509
0.03602142
-0.05142748
-0.01103416
-0.03775862
0.07886207
-0.10517424
-0.08427343
0.02943341
-0.01168078
0.04383348
-0.19492139
-0.11865781
-0.09958324
0.03757406
-0.04207182
0.01650969
0.04765382
0.09981259
0.05776817
0.03130839
0.04169465
0.00891687
0.04286059
-0.05022700
0.04815311
-0.16395448
-0.18179527
-0.07772984
-0.02691632
-0.05058879
0.08448850
-0.10126070
-0.04521655
-0.07864383
-0.00986797
-0.19671723
-0.12493504
0.01816794
0.03393504
-0.00695395
0.02664472
0.09153648
0.04526298
0.02319644
0.04545715
0.09670543
-0.01831252
-0.08968787
-0.04802475
-0.01563111
-0.00436890
0.01263958
0.11293425
-0.08298094
-0.01697218
-0.02375327
-0.05133527
0.05107613
-0.00247364
0.03358462
0.00075370
-0.10533868
0.07667559
0.00169774
-0.11794922
-0.14198379
-0.10365190
0.02411661
0.08764166
-0.01930405
-0.03748829
0.11784139
0.08390492
0.15674873
0.05308282
-0.02389551
0.06440318
0.18017942
0.03341228
-0.03370876
-0.03452924
0.02648487
0.09861515
0.02615061
0.01300762
0.00315143
-0.08662905
-0.13202547
-0.00932644
0.03675736
-0.00003784
0.07460739
0.00302851
0.03717573
0.02156936
-0.02565962
0.02057961
0.04091871
-0.03919234
0.03621832
0.02122514
-0.00509642
0.02967037
-0.03315544
0.10122988
0.04159500
0.01194512
0.03364629
-0.06342033
0.04417787
-0.12403960
-0.08618369
0.08706559
0.13094516
0.08212736
0.00452774
-0.04612780
0.01138031
0.09176528
0.03247195
-0.09394955
-0.03671918
0.07506969
0.10764634
0.02119664
-0.07215463
0.00893964
0.05065214
0.07471831
-0.07491967
-0.01570204
0.10590558
0.09066579
0.01190105
0.00503239
0.00207747
0.07180913
0.00904044
-0.00241030
0.08939929
0.00727304
0.12886466
0.05769091
0.01479603
-0.00939612
0.01106371
0.02527770
-0.02660903
-0.01926108
-0.00153106
-0.02173253
0.00472117
-0.05680577
0.01427011
-0.02625046
0.06290373
-0.02423678
-0.02202992
0.13269696
0.00589187
0.05271551
-0.08066422
-0.03999613
-0.05506093
0.02065493
0.03160078
0.01868203
0.04563661
0.05726618
-0.08702272
-0.02747866
-0.11715493
0.01810094
-0.05176879
0.01126319
-0.09321932
-0.11802378
-0.06477176
-0.02470483
-0.03149092
-0.00357514
-0.01971322
0.01936021
-0.00297003
0.16277592
-0.07969220
0.00327174
0.01881897
-0.05852842
0.04475738
-0.01554425
-0.01416741
0.13158017
0.11155229
-0.04922499
-0.01175260
0.10368411
0.05817176
-0.02910264
-0.07128602
-0.05010511
0.18215688
0.04979511
-0.08972116
0.00060636
0.09958237
0.10376882
0.05703965
0.10481223
0.09428184
-0.00310972
-0.13023579
-0.09068997
0.05903088
-0.08157668
-0.01213926
-0.04360729
0.02763797
-0.03807079
0.00515482
-0.08765457
-0.00536511
0.03501289
0.01009188
-0.03019955
-0.06359476
0.05377525
0.04551992
0.06789169
-0.07888857
-0.12805736
-0.02507492
-0.02426814
-0.09231458
0.03114891
-0.03085382
-0.03920295
-0.02179796
0.00533898
0.14634268
-0.11885975
-0.25788468
-0.05182891
-0.10789553
-0.05737008
-0.18916909
-0.08394751
0.02180446
-0.05201146
-0.03893826
-0.13494350
-0.10592856
0.03335635
0.10524497
0.00482319
0.08139925
-0.00743363
0.05718010
0.02928826
-0.05272812
0.13630983
0.03819847
-0.00353149
-0.08161315
-0.02979987
0.13795410
0.11481025
0.01955593
0.06474715
0.00019778
0.02253372
0.06317122
0.02003312
0.11443382
0.03908256
0.08214421
-0.00617501
0.08976360
0.13565060
0.06862003
0.12769066
0.12129786
0.14355439
0.13571185
-0.02898506
0.17840691
0.24623799
0.12350605
0.02444842
-0.05726609
0.03830932
-0.03695720
0.02305756
0.01891583
0.08810521
-0.01003584
-0.04717958
-0.03907266
0.04256368
0.00884792
-0.04851528
-0.09297614
0.02235814
0.07180771
-0.05575345
0.01844517
-0.07661407
-0.04150820
0.10775137
0.18344085
0.04282981
0.04451402
-0.06102123
0.04981673
0.13230410
0.02096733
0.07370303
-0.17812666
-0.04402621
-0.16860212
-0.01269728
-0.05921797
-0.21378766
-0.09645221
-0.22276412
-0.04120208
-0.18112299
-0.15165168
-0.11126774
-0.15363443
-0.11779781
-0.07504116
-0.08499914
-0.05708330
-0.02013574
-0.08953117
-0.14893147
-0.09843779
-0.15790698
-0.11039581
0.00483443
0.04275887
0.01998722
0.14076255
0.02220903
-0.03465422
0.05021009
0.02136830
0.04562118
0.06622195
0.11059373
0.06304105
-0.07291950
0.02505741
0.11518496
0.06968328
0.14561749
0.11505795
0.11486462
0.02924582
0.17525315
0.19032383
0.10534214
0.01860288
0.05780751
0.02366306
0.06829533
0.03824313
0.00785805
-0.07041956
0.07715583
0.09581646
0.07103608
0.05117280
0.19529259
0.03832150
-0.03077762
-0.10312670
-0.00881512
0.05485604
0.08024048
0.03546912
0.06602025
-0.00009235
0.01208263
0.07856658
0.06776907
0.07947257
0.11890853
0.07928010
0.01997536
0.01156522
0.00939553
0.07460935
-0.08177677
0.00560385
-0.01491133
-0.04785122
-0.06958883
-0.10678923
-0.01292419
-0.07342594
-0.00785875
-0.01402752
-0.04379530
-0.03950506
-0.04093563
-0.00132071
-0.02338079
0.00707642
0.01395466
0.07930364
-0.09066024
-0.06897733
-0.09402028
-0.05406449
0.04164828
-0.01368630
-0.10394698
-0.07954490
-0.23081127
0.04315281
0.01000170
-0.19458558
-0.08144426
-0.17142232
-0.18863700
-0.08554255
-0.01459165
-0.08402964
-0.04293257
-0.01730082
-0.02315241
-0.09185373
-0.13344398
-0.09806934
-0.18718630
0.03694806
0.10188255
-0.07923274
-0.07600124
-0.01266068
0.09349588
0.06446448
-0.03505468
0.06102667
0.07182867
0.06857999
0.02984183
-0.03317410
0.04869308
0.04388536
0.06280491
0.04805450
-0.02549084
-0.05654036
0.00681998
0.06721893
0.04930852
-0.00566118
-0.09063210
0.07676057
-0.01132088
0.06235861
-0.01706391
-0.12775855
-0.10447722
-0.06134245
0.00475718
0.13063833
-0.04067493
-0.02948535
-0.00923315
-0.14244743
-0.10822514
0.03452523
-0.05519475
-0.10527664
0.00760620
-0.14031880
0.15948074
0.04424062
0.04974523
-0.07540575
-0.18729149
0.02270805
0.07554560
0.07072013
-0.03938947
-0.11449211
-0.01333117
-0.09947569
-0.11743842
-0.04877127
-0.01894230
-0.04392925
-0.06408700
-0.08474050
0.04942075
0.12607719
-0.02208147
0.11548293
0.07019569
0.01441959
0.09641371
-0.02103164
0.01137416
-0.09103774
-0.01041944
0.05189086
-0.09845770
-0.03631120
-0.01480354
-0.12845384
-0.07495409
-0.03963292
-0.22970591
-0.27961361
-0.19442844
0.08270847
-0.17510903
-0.09252105
-0.04091874
0.11711583
0.05303143
0.01604794
0.11250493
0.10490119
-0.05097597
0.06824202
0.15246074
0.00433502
-0.08493584
0.02219949
-0.01066870
0.08329348
-0.00841436
0.06641962
-0.04949683
-0.17618088
-0.17064556
-0.08318453
0.01285229
-0.01780004
0.01828915
0.00093972
-0.08436041
-0.04742567
-0.01673178
0.02633562
0.05804162
-0.00798368
0.02422490
-0.10105530
0.07901145
-0.02401322
-0.07048479
-0.05411896
-0.08065251
0.05831763
-0.10697002
-0.08188668
-0.11849403
-0.09907098
0.04558525
0.05458884
0.00272541
0.08310302
-0.05254732
-0.11625299
0.04039907
0.08057039
0.09217048
-0.04563175
-0.17209634
0.03828789
0.05252647
0.05901923
-0.06287898
-0.02980607
0.08321739
0.10519566
-0.01423704
0.05638754
-0.00279695
-0.09938680
0.07514777
0.05440855
-0.01211107
0.05199998
-0.10716990
-0.21204633
-0.07370964
0.01213293
-0.03243914
-0.10106335
-0.18196997
-0.20194331
-0.17088915
0.01266289
0.14749147
-0.02366994
0.00627687
0.08818975
0.09162599
0.04143038
-0.01817412
0.05485730
0.01540811
0.15407622
-0.12668331
-0.08634441
-0.08614451
0.01175291
0.08496059
-0.21339269
-0.13030311
-0.00134826
0.08985899
0.15307073
-0.06052747
-0.02051103
0.00333625
0.08969595
0.14137526
0.03761423
0.09161469
0.13395296
0.05001561
0.10733176
-0.05146743
0.05470431
0.01151839
0.03918881
-0.06626426
-0.06671423
0.01945301
0.00801080
-0.01619248
-0.10783697
0.17354532
0.00556641
0.14756119
0.12468752
0.13253269
-0.13225435
-0.11770059
0.06296892
0.05502765
0.15710549
-0.05833089
-0.01091985
0.11114888
-0.00371590
0.09046481
0.02568456
0.09402597
-0.00145855
0.01202857
0.03183254
0.10007118
0.21069263
0.04536018
0.01394037
-0.08756757
-0.15644082
-0.23651753
-0.08942312
-0.07309341
-0.01952549
0.06319191
-0.18114814
-0.10876152
-0.12173163
0.05203821
-0.19328636
-0.11616104
-0.03621866
-0.05316800
-0.03611275
0.07650346
0.03138918
0.01222879
0.01037186
0.06249809
0.02023495
0.01986189
0.01066177
0.08346495
-0.01687475
-0.01132255
-0.07294224
-0.15862560
-0.14463605
0.01116265
-0.05167820
-0.05691712
0.00915414
-0.05954596
-0.13862552
0.03676787
0.05888344
0.07823420
-0.01735836
-0.05059059
0.06978840
0.02304211
0.02547283
-0.01011688
0.02866857
0.05804458
0.01012423
0.03760766
0.02370514
-0.14197616
-0.08629103
0.04511939
0.11186182
0.08322300
0.11011445
-0.03039073
0.02612603
-0.00356385
-0.00973445
-0.04623613
-0.07248062
-0.06742181
-0.07921894
-0.02414366
-0.06142987
-0.23540856
-0.00382188
-0.03135387
-0.02463210
-0.11565722
-0.21198791
-0.12729022
-0.00719126
0.16834283
0.07699873
0.00948438
-0.01065143
-0.04046765
0.14617103
0.06579533
0.11004260
-0.00498088
-0.23040354
-0.11031952
0.05353162
-0.08525303
-0.21618669
-0.17231742
-0.06921335
-0.13504493
-0.01489859
-0.02818681
-0.03150725
0.00600830
-0.05025768
0.08383468
0.04127688
0.08283845
0.17740478
0.16636255
0.01357875
-0.08569175
-0.12449333
0.02265366
-0.06432215
-0.01928656
-0.10188970
-0.04706752
-0.19882096
-0.21890724
-0.11581624
-0.17572924
-0.15748444
-0.22986850
-0.22135393
-0.01589406
-0.02923240
0.08509790
-0.16122727
-0.08247251
0.03520137
0.10654751
0.05097100
0.02419264
0.17254736
-0.01848723
0.15565562
0.05287977
0.00362927
-0.16486642
-0.08537154
0.03205087
0.01894207
0.05538713
-0.09434570
-0.10350236
0.03197700
0.01265667
0.03359670
-0.12905851
-0.07437639
0.05206650
0.08385532
0.11804858
0.05091067
-0.00902464
0.06162225
0.09610022
0.00258927
0.11004923
0.13053937
0.19414458
0.06271210
-0.00314651
-0.09488737
0.17124701
-0.07139832
-0.04870078
0.03647014
-0.11724004
-0.02631930
0.08371045
0.05887765
-0.03798613
-0.03415624
-0.00022303
-0.02085008
-0.04560951
-0.00546272
0.03292921
-0.10668430
-0.03661012
-0.02711650
-0.02141296
0.04627670
0.02916905
0.00766373
0.05063567
0.01406007
0.08756633
0.07045366
-0.03458957
-0.04394301
0.04598934
0.06084901
0.03803788
-0.02250044
-0.00989036
-0.07538647
0.09952454
0.00812613
0.05979798
0.00631013
-0.03206867
0.06300133
0.08236074
0.08782544
0.05275321
-0.03848436
-0.08723551
-0.05228597
-0.06987590
-0.08440273
-0.09678578
-0.02639061
-0.03880982
0.05591924
0.06144409
0.02006512
-0.08390772
-0.05571614
-0.02360024
-0.00739224
-0.00984976
0.00287419
-0.02500252
-0.06069214
-0.19091286
-0.08697501
0.02146469
0.02672342
-0.02561305
0.02522150
0.18241833
0.01078647
0.01555864
0.06073689
0.05888298
0.04070758
0.04084042
-0.02850436
-0.01263497
-0.03018988
-0.10434113
-0.00602822
0.07177003
0.05741424
-0.04515307
-0.19118491
-0.14987703
0.00059661
-0.00920644
0.01031829
-0.04990857
0.00031906
0.03741878
0.08084390
0.08277482
0.11375147
0.06150883
0.08555274
0.08519223
-0.07068513
-0.13840380
-0.01678166
0.10724319
0.00578236
-0.15142448
-0.15294397
-0.01875521
0.10460560
0.05112330
-0.04785927
-0.10181678
-0.14503430
-0.00834808
-0.03963185
-0.05357393
-0.10242021
0.01771932
-0.03178757
-0.03582040
-0.06352782
0.00298183
0.04067359
0.04587974
-0.03346021
0.03021151
0.00493070
0.05673160
0.00477720
-0.01741668
-0.04694141
0.05205470
0.06600997
0.04279480
-0.02095922
-0.09952076
-0.02702283
0.01727666
0.02407589
-0.00664924
0.03388483
0.03492710
-0.04487490
-0.00175820
0.07166519
-0.00150981
0.07433502
0.01332298
0.00228718
0.04453794
-0.05482927
-0.01018150
0.07180034
-0.04243080
-0.04032392
0.16611035
0.05957730
0.15992221
-0.02750678
-0.04796635
0.07356084
0.06881464
0.14330050
0.00290325
-0.00126947
-0.13116795
0.06877443
0.06795118
0.02157190
-0.00408335
-0.12573957
-0.10390104
-0.01799463
-0.00311888
-0.05245627
-0.02632558
-0.05477038
-0.02265675
-0.05186271
0.03057107
-0.03048369
-0.04384974
0.01140155
0.10394984
0.01274605
-0.02582315
-0.02238782
0.12244743
0.01190927
-0.01956767
0.04386321
0.00275567
0.08193905
0.00584114
-0.00437599
0.03519569
0.02430323
-0.10734992
-0.03738951
-0.02198420
0.00766073
-0.02393529
-0.05619051
0.01916410
0.01407974
-0.07472927
-0.13356714
-0.10778972
0.03174200
-0.08903319
-0.07670037
-0.24032654
-0.09343696
-0.01853058
-0.10850086
-0.11710035
-0.11952269
0.07267457
-0.04002473
-0.08218529
-0.05163819
0.12777705
0.03401300
-0.15275781
-0.14670031
-0.05546008
-0.11559185
0.01210127
-0.12153193
-0.03194030
0.05950039
-0.20329551
0.03820789
0.00179482
-0.01500970
-0.00682966
-0.13979141
0.02197871
0.01604657
-0.04069377
-0.05829087
-0.06311665
-0.00107474
-0.01767916
-0.22163193
-0.20413800
0.00469181
-0.03376614
-0.17177075
-0.03383245
0.00621673
-0.01781541
-0.02101021
-0.06909357
0.04503082
-0.06700303
0.05374910
-0.12467518
-0.07695942
0.08755970
0.06428662
0.06393242
0.00970255
-0.02009641
0.02284387
-0.03506847
-0.06031120
0.01137334
-0.05681106
0.08423237
0.03737876
-0.03326811
0.10961120
0.02821368
0.07754020
0.01673638
-0.05825235
-0.05948217
0.05335081
0.02003254
0.02456815
-0.07915097
-0.02804723
-0.01884210
-0.06334361
-0.04654936
-0.04554160
-0.11916513
-0.02281682
0.00995294
-0.01471848
-0.02818060
0.01481393
-0.03013310
0.02658062
-0.08770245
0.01061608
0.08870095
-0.04893871
-0.19248635
0.01256291
0.00655485
-0.06465707
0.02984928
-0.03787575
0.09639533
0.19936170
0.10181873
-0.07162109
-0.00117598
0.01418584
0.11159187
0.04449757
0.02016271
-0.10505853
0.02739151
0.01310421
-0.01301084
-0.01958640
-0.00070683
0.13004467
-0.06406237
-0.18410811
0.10420181
0.02931122
0.14941026
0.02703117
0.02860546
-0.00638632
-0.03150515
-0.08229174
-0.20400169
-0.09792404
-0.08839972
0.05056961
-0.10728153
-0.10230213
-0.06556628
0.05987784
0.00215712
0.03257888
0.04132748
0.11357925
-0.08163610
0.06389581
0.08850410
0.06401268
0.04075186
-0.08396166
0.03217694
0.10338792
0.11720348
0.11999184
-0.03183354
0.06567515
-0.03543844
-0.06792608
-0.05248059
-0.01879642
0.03801012
0.08327252
0.07046647
0.00318661
0.05762537
0.06770986
0.08452450
0.10660788
0.08831763
-0.03681719
0.12993085
0.16850957
0.11404296
0.17938814
-0.16377400
0.01643527
-0.10451838
-0.07528262
0.04998906
-0.04122121
0.00486767
-0.03877116
0.09353220
0.08008701
-0.04707517
0.00542011
-0.13576332
0.04494371
0.06323443
0.04846464
0.07166315
-0.05007091
-0.11048996
-0.05185068
0.00526336
-0.00246707
-0.10282088
-0.31078437
-0.11285800
-0.14726448
-0.08898924
0.14151420
0.08722764
-0.02885851
-0.10309367
0.06159176
0.03184982
0.08642509
0.00740925
0.08590683
0.09827910
0.04487130
-0.02615934
-0.06786788
0.17190136
0.07094516
0.14418052
-0.04643574
-0.17179796
0.06335712
-0.05302249
0.00266404
-0.07709955
-0.29523095
0.02281872
-0.00208598
-0.02613656
0.02065437
0.02982412
0.01311941
-0.00336970
0.01964970
0.00384351
-0.03678056
-0.01158457
-0.01276772
-0.04648880
-0.01583836
-0.04566196
-0.01982732
0.03938472
-0.05747455
-0.05655916
0.01337972
-0.03913212
-0.03351374
0.00798498
-0.03700406
-0.00551223
-0.02461105
0.04071391
0.02135404
0.01105241
0.03072040
-0.03564110
-0.04073988
0.01034050
-0.00749645
-0.00880898
-0.05332379
-0.02424967
-0.03334420
-0.04685315
-0.03516042
0.01502801
0.00681495
0.00526717
0.00466998
-0.01893023
-0.03972245
0.02679832
-0.04858413
0.00287920
0.02530863
-0.03485613
-0.04471112
-0.04305597
0.00912953
-0.00357998
0.01227545
0.02695712
-0.02599522
0.00599233
0.01902842
0.00378393
0.01077230
0.02659604
-0.04473633
0.00645929
-0.04767040
-0.00106813
0.03077433
-0.01076158
-0.01715094
-0.00773996
-0.01908625
0.01585840
-0.05224318
-0.04909487
-0.01451325
0.03946910
-0.03125122
-0.04641878
0.00198691
0.03954249
0.00576970
0.00989641
0.00547410
0.01444023
-0.05301594
0.03201997
0.01774540
-0.03007654
0.02219017
-0.03432093
-0.06503705
0.00254977
-0.05561670
0.03877751
-0.05316399
-0.03628066
-0.04747165
-0.04835738
0.03098158
-0.00432061
-0.03162658
-0.02657533
0.00816614
-0.01183383
-0.04843559
0.01849479
0.01721010
-0.04164799
-0.05270786
-0.00033837
0.03029758
0.03621350
0.04035417
-0.02244231
-0.04609201
0.01647696
-0.03099849
-0.02136161
0.01049198
-0.02178499
-0.02463070
0.01855194
0.03927101
-0.03179560
-0.03854651
0.02221365
-0.04188072
-0.02286069
0.00825570
0.01958319
0.02065824
-0.00892267
0.03552699
-0.05096919
0.01532182
0.00990759
-0.01656681
-0.05797614
-0.02201584
-0.01967344
0.01586171
0.03397685
-0.04365667
0.03755957
-0.04661487
0.00802016
-0.02366571
0.01404061
-0.02166976
-0.00753748
-0.03055354
-0.02790149
-0.00897466
-0.01848583
0.02422494
0.03659511
0.02038367
0.03516503
-0.04600736
0.03371166
0.03389249
-0.02377356
-0.05968002
0.03498549
0.02104065
-0.02370180
0.04549272
0.00620627
-0.03488916
-0.03938685
-0.02996776
-0.00212455
-0.02547154
0.00292561
-0.02811044
-0.00367126
-0.05058575
0.00157183
0.01379282
0.03892879
-0.05570604
0.00218499
-0.01043038
0.02106813
-0.05438061
-0.00447352
-0.00458872
-0.03361864
-0.00737180
-0.03199284
-0.04570111
-0.02742650
-0.05854822
0.00755409
0.01835450
-0.01952725
0.02210450
0.01844698
0.03025137
0.00443691
0.04397741
-0.00839664
-0.00231911
-0.04092556
-0.04271917
-0.02221857
-0.04820039
-0.01826247
-0.04118332
-0.02053139
-0.03715627
-0.00285866
-0.00724331
-0.02282063
-0.04658225
-0.04480817
-0.03821585
-0.02734616
-0.01106642
-0.04760398
-0.02795988
0.01490664
-0.00963027
0.00544288
-0.02785948
0.01656380
0.02283666
-0.00180747
-0.02894457
-0.04118654
-0.05873941
-0.03114585
0.04102825
0.00085570
0.00303897
-0.04460204
-0.01143792
0.03618505
-0.00332331
0.00814610
0.02296937
-0.01882154
-0.03037737
-0.05163417
-0.03464822
0.00689276
-0.04512651
-0.03866658
0.01908414
-0.05233929
-0.05151217
0.03091021
-0.01489446
0.02615000
0.01180207
-0.01078954
0.01260524
0.01590033
-0.03643580
-0.01266489
-0.02236290
-0.00719176
-0.02506607
-0.05308632
-0.04992278
0.00160575
-0.02009693
-0.05060441
0.01070699
-0.01383597
-0.03131371
0.00778866
-0.03551685
-0.02137141
0.03160223
-0.05021268
0.01156549
-0.05150886
0.01492004
-0.04440854
-0.03062089
-0.01246799
-0.01482742
0.02332426
0.02779064
-0.00776124
-0.03513100
-0.03918030
-0.05257382
-0.05284005
-0.04033687
-0.05892416
-0.05483500
0.00710125
0.02018810
-0.03571207
-0.01055077
-0.00808342
0.02858884
-0.00590485
0.01240364
-0.02131029
-0.01552925
-0.02505052
0.01673688
-0.01208615
0.00480445
-0.06939891
-0.00454800
0.01907941
0.01353191
-0.01842939
0.03659331
-0.07678295
-0.04733687
-0.04766845
-0.00409313
0.01108482
-0.04190089
-0.01963612
-0.01642641
0.01954379
-0.04461356
-0.02130765
0.01789196
0.01331123
-0.03892081
-0.03915880
-0.01697636
0.00641686
-0.06434150
0.00232739
-0.00512498
-0.03254716
0.02181070
-0.01534314
-0.05079511
-0.05138786
-0.04268205
0.00325457
0.02609778
-0.03068389
-0.00976672
-0.03704214
-0.00110404
0.02396797
0.03966382
0.03202801
-0.01923495
-0.00462005
-0.02814332
0.02606192
0.01726045
-0.00759495
0.03035122
-0.04794754
-0.02750532
0.00532814
0.01632127
-0.04244830
0.00795649
0.02852379
-0.03878662
-0.02721306
0.03283065
-0.00464595
-0.01341206
-0.04367431
-0.04340563
0.02382070
0.01856905
0.03366289
-0.03949615
0.02575360
-0.03398908
0.03028036
0.00340976
0.00166963
0.03079292
0.01741270
0.00755787
0.03333956
0.04030868
0.00923440
0.00751941
0.01633124
-0.01693555
-0.03160467
-0.05723298
0.02245964
-0.02942783
-0.00754405
0.03076754
-0.04511671
-0.04813777
-0.00927021
0.00475066
-0.02313420
-0.04765528
0.00811904
-0.05117417
-0.03905372
-0.02724406
-0.00677111
0.03897739
-0.04965588
-0.05469407
-0.02551387
-0.03062145
-0.04041934
-0.04484118
0.02724897
0.01430750
0.00370313
-0.04001129
-0.04657233
0.02901465
-0.00060750
0.01173262
0.03906198
-0.05686915
0.02502690
0.03260957
0.03554993
0.00100821
-0.00369188
0.00833958
-0.01455733
-0.00584034
-0.03346358
-0.06475220
-0.04189064
-0.00533725
0.03429590
-0.07684869
-0.00253878
-0.05598625
-0.03298925
-0.04132539
0.00459264
-0.04474184
0.06378619
0.01048054
-0.00276220
0.02787437
-0.00177426
-0.00940567
-0.07303951
0.02697417
-0.05052995
-0.01415191
-0.05868845
-0.05634781
-0.03782692
0.00285355
0.03999398
0.00946750
0.00718445
-0.03820311
-0.04088611
0.01446978
0.03789137
-0.03071536
-0.01250239
-0.02045771
-0.06561491
-0.05048366
0.00374158
-0.04419906
0.03756849
-0.03204104
-0.08132806
0.03887276
0.02643106
-0.02614375
-0.01434899
0.01885411
-0.02642410
-0.02171054
-0.03443101
-0.03263765
-0.04894979
-0.03595911
-0.00182501
0.02390981
0.00369329
-0.01990342
-0.04268072
-0.01227516
0.03639685
-0.00019459
0.00788909
-0.05153113
-0.01717960
-0.02838106
0.00186743
0.01483693
-0.05768580
0.02523306
-0.05613025
-0.00352561
-0.05658511
0.01113845
0.01644697
-0.05476045
0.01690285
0.00525585
-0.00951661
-0.03419570
-0.05448341
-0.03471574
0.00400946
0.03673049
-0.00809947
-0.00327665
0.01627622
-0.01461149
-0.04907051
0.00407622
0.03187045
-0.03227686
0.02322406
-0.01776692
0.04148414
0.02453144
-0.00876173
0.02676800
0.01522920
-0.01061936
-0.07581865
-0.04471488
-0.04732654
-0.02931695
0.05186265
-0.01045850
-0.03233702
-0.01731906
-0.00619401
-0.05559652
0.02417712
-0.03572228
-0.05755650
-0.00397469
-0.03190933
-0.04863645
-0.05238072
-0.04601527
0.04212344
0.00508258
-0.04531658
0.01006564
0.01563829
-0.03293465
-0.02573976
-0.05690883
-0.02415852
0.01466015
-0.01850894
-0.02623687
0.00279548
0.03106113
0.02552449
-0.03276073
-0.03249677
0.01461326
-0.00928118
-0.05107434
-0.03627511
-0.06917491
0.06263861
-0.00363599
0.00498815
-0.04563245
-0.05844559
0.03025160
-0.03816313
-0.02395325
0.01618393
-0.06188709
-0.02463826
0.01430864
0.02881626
-0.02837629
-0.02165166
0.02319478
0.00360606
-0.06377957
-0.02653697
0.02636981
-0.05947427
-0.00920749
0.01228933
-0.06392109
-0.06530885
-0.00639176
-0.00410666
-0.05351126
0.00040763
0.04121625
-0.03861219
0.00234684
0.04026628
-0.03327808
-0.03703991
0.01566810
-0.02299115
0.01947302
0.00628921
-0.00253826
-0.01110336
0.01509124
0.03910743
0.03191837
-0.05359535
0.05941989
0.02749126
-0.04608098
-0.05300053
-0.00878969
0.00557070
0.01139225
-0.05448516
-0.04720302
-0.05830926
-0.01244844
-0.07176177
-0.02631942
0.03048360
-0.04379874
-0.00953097
-0.00299971
0.01921719
-0.00450682
0.00140352
-0.03062270
-0.05501895
0.01026812
0.02092782
-0.01765316
-0.05397423
0.02546193
0.02537397
-0.00416733
-0.05839856
-0.07848675
-0.02691730
-0.05543374
0.01166857
-0.01342863
-0.03492626
0.02602427
-0.02830097
-0.01956590
0.00944314
-0.02599832
0.03409763
-0.00465588
-0.01219640
0.00339754
0.03781141
-0.00893202
-0.01175860
0.03320995
0.01136210
-0.00846286
-0.01930003
0.02642983
-0.03082224
0.00624570
-0.01873614
-0.05230832
0.01577321
-0.06563316
0.00956753
-0.02809488
-0.03121731
-0.02914792
-0.03611121
-0.05128165
0.02362291
-0.00979139
0.03887233
-0.05137960
-0.00961580
-0.00833409
0.00996588
-0.01098506
-0.00404495
0.01821676
-0.03091009
0.02707950
-0.05518277
0.00128605
-0.03525412
-0.00129526
-0.08220049
0.02097286
-0.06117880
-0.04552898
-0.02178421
-0.01844757
-0.07424109
-0.06678586
-0.00208320
-0.02838546
-0.04344584
-0.04017542
0.00925754
0.00823208
-0.04717541
-0.02109519
0.04951824
-0.02204351
-0.09566974
-0.04401860
-0.03932876
-0.01367329
-0.01228461
-0.01586143
-0.04421012
-0.08401296
-0.09017148
-0.00260749
0.03624594
-0.02027526
-0.03160576
-0.06470161
-0.04394323
-0.01700508
0.02963917
0.01143770
-0.03104094
0.03632549
0.06837082
-0.01481401
-0.05738766
-0.05504752
-0.01179699
-0.00201663
0.02705089
0.04610081
-0.05587259
-0.04801641
-0.05842813
0.01225214
0.02417516
-0.02831009
-0.02998250
-0.00575075
0.00066077
-0.01307850
0.03333435
-0.03751070
0.02248607
-0.03200113
0.03100893
-0.03536513
-0.00597783
-0.04619022
0.03552021
-0.02480543
-0.04980540
-0.05419977
-0.00481739
-0.00853151
-0.03276341
-0.02237911
-0.07510324
0.01552177
-0.03769063
0.03426748
-0.02470147
-0.01818175
0.03582620
-0.01084150
-0.04184672
-0.05846911
-0.06961100
-0.06538700
-0.03111196
-0.04710480
-0.00569477
-0.05810136
-0.03224374
0.04084353
-0.06908792
0.03349048
0.00765074
0.01038205
-0.01127028
-0.06818467
-0.01586696
-0.02429256
-0.00092843
0.06577224
-0.03788674
-0.03366085
-0.02358852
-0.05722487
-0.04256773
-0.06034075
-0.04220780
0.04798348
0.06816882
-0.10518913
-0.11440366
-0.01794832
-0.05076158
-0.09930645
-0.06905207
-0.01611374
0.01963145
-0.05070831
-0.03203857
0.09900040
-0.04340389
0.03416178
0.02710299
0.03739448
0.01170566
-0.07214481
0.00559247
-0.07196236
-0.09719385
0.02242138
0.03164579
-0.06710031
-0.07859720
-0.06465642
0.03481254
0.09015259
0.03956534
0.05695403
-0.00847448
-0.19340518
-0.08361570
0.00377907
0.05478501
0.03686456
-0.09382308
-0.08647557
-0.07007238
0.06929148
-0.04328413
-0.09933158
-0.06440286
-0.00469217
0.07256030
0.07843479
-0.02730695
-0.08795482
0.03048841
0.07639912
0.07146534
-0.21427658
-0.22204246
-0.04243050
0.04901787
-0.03629723
-0.09463894
-0.12392841
0.06242879
0.04171591
0.00423269
0.10482765
-0.00191037
0.08693495
0.01757008
-0.03626174
0.02979679
-0.04229204
-0.03072206
-0.04280002
-0.05092400
-0.02707293
0.03183525
-0.05695533
0.00913539
-0.00910391
-0.03258355
-0.06071838
-0.05379041
-0.03941720
0.05492598
-0.04706367
-0.09672174
-0.01364175
0.13330790
-0.04794584
-0.12296049
0.00191037
-0.02638769
-0.07960593
-0.11330660
-0.01299273
0.02834928
0.00326353
0.04199475
-0.03918401
-0.03053996
0.05951698
0.03817522
0.00444231
-0.00190743
-0.05468408
-0.04493679
-0.09693099
-0.09955606
-0.03323963
-0.12805329
-0.02446191
0.07545739
-0.01324099
-0.03141636
0.06770370
-0.05092217
0.09473867
-0.01357921
-0.04606323
0.16672625
0.03997507
0.01365788
-0.03357927
-0.06728490
-0.03901462
-0.07751475
0.05214869
0.04789824
-0.10590556
-0.06958166
-0.11004817
0.01348753
0.02852789
-0.05923859
-0.08848046
-0.09230293
-0.05424664
-0.00759360
-0.12534535
-0.05884883
-0.00987353
0.01162691
-0.11222784
-0.08734749
0.04001206
-0.01479963
-0.01499369
0.02183869
-0.12559368
0.14263889
0.04897333
0.00645600
-0.02867483
-0.00670933
0.09222609
0.07505494
-0.07864749
-0.04411282
0.08006740
-0.08657002
0.09008631
-0.02482956
-0.19370423
-0.15036696
0.10431483
0.09456738
0.06309161
0.09111937
-0.06783406
0.02360647
0.04204871
-0.02681536
-0.03425319
-0.10574397
0.05995744
0.00301913
-0.04683442
-0.02048395
0.04927798
-0.14036532
-0.06630863
0.03179116
0.05473651
0.06835724
-0.22476819
-0.12607682
0.03980477
0.14438300
-0.02086030
-0.25176170
-0.18001813
-0.12676246
-0.06285605
-0.02537351
-0.20450890
-0.12313035
0.05049771
0.06347505
0.05590034
0.20790698
0.22392055
0.06604401
0.07199194
0.05092969
0.00102997
-0.00437958
-0.00772347
0.04462174
0.05794339
0.09124748
0.05764911
-0.02172248
0.04157397
0.06034710
-0.05533541
-0.02789157
-0.08442452
-0.02876074
0.07981750
-0.17821376
-0.08756294
-0.04447243
0.05563129
0.08071747
-0.10946108
-0.14125849
0.08751355
0.04094004
0.02120932
0.03643845
-0.05902751
-0.09744089
-0.00884163
0.02416123
0.07477925
-0.09753369
-0.03808996
0.03122503
0.01566822
0.13401018
0.00130012
-0.04401978
-0.06849406
-0.06820744
0.02956075
0.00533851
0.12063371
-0.02489355
-0.03543930
0.02943467
0.09288082
0.02957352
-0.06493193
-0.02387029
-0.05532064
-0.02428482
-0.01178252
-0.00372704
0.14602518
-0.10154190
-0.14597870
-0.02207953
0.04024521
-0.07974415
0.02042523
-0.05071233
-0.03841929
0.01629253
-0.00025896
0.05598255
0.02115979
-0.00888592
0.05672834
0.03518301
0.16545895
0.06215144
-0.02207598
-0.04382635
0.09751991
0.10171903
-0.08611277
0.00370941
-0.14685932
-0.03981511
-0.06478094
-0.18117537
0.08036198
-0.06502104
0.09039235
-0.07501910
-0.15982807
0.08965453
0.09299055
0.05875424
0.02779237
-0.08113910
-0.25117046
-0.02514702
-0.01342574
-0.11793496
-0.14233243
-0.05602517
0.09761722
0.12185296
0.03035890
0.01065512
0.04537883
0.01519073
0.05614025
0.08669806
0.03648732
0.01837929
-0.00834968
0.07178201
-0.01012960
-0.00806210
-0.04909663
-0.08312012
-0.03108039
0.05862954
0.12889844
0.02857148
-0.00663615
-0.19996198
-0.04905041
-0.11963504
-0.09279541
-0.10889848
0.06729621
-0.01481298
-0.06798129
-0.15218222
-0.02993004
0.07038657
0.14444275
0.07612219
-0.05395878
-0.03836682
0.13025931
0.08763734
0.19286790
0.01719226
-0.09682896
-0.01211722
0.05541428
0.11888638
0.05558079
-0.05013815
-0.30644324
0.02553899
0.07650797
0.10723110
0.07408240
-0.03549451
-0.00273774
-0.03245903
-0.02845592
0.05263800
-0.12680642
-0.05922622
-0.08498342
0.08651577
0.03609317
-0.04100439
-0.13078481
-0.00922619
0.00658255
0.02571074
-0.03730088
0.00112832
-0.07638608
-0.15080263
-0.04849640
-0.14678283
0.10836969
0.13320020
-0.09996879
-0.05813170
-0.05101408
0.03924260
-0.08048235
-0.08186068
-0.10286161
0.14609537
0.08283449
-0.09648608
-0.04536565
0.07608851
0.06886149
0.11782935
-0.04660584
-0.05335110
0.05369153
0.00048212
0.06044184
-0.03472354
-0.10601614
-0.08248659
0.06124439
0.06218190
-0.02539297
-0.01232009
-0.02296522
0.04795304
-0.08015288
-0.15075740
-0.05184887
0.03390710
0.02605916
-0.05729240
-0.05852981
-0.04021778
0.05505493
-0.08425314
-0.07635270
0.04117193
-0.00308876
0.00786226
0.00837331
0.06989671
0.03425060
0.03245315
-0.01160638
-0.07590917
-0.07030338
-0.09082161
-0.12566426
-0.03799843
0.01793247
0.02723334
-0.00034052
-0.04461371
0.06650385
0.08332906
0.15528366
0.11322673
-0.04645178
0.02056743
0.06926087
0.06183569
0.01513326
0.00802161
-0.01790318
-0.08273169
0.03567743
0.05857102
0.02692949
-0.00744815
-0.02642960
0.08980122
0.10181578
0.05111333
0.06939092
0.05962603
0.08074303
0.01794921
-0.04429699
0.00990164
-0.00671488
-0.00856026
-0.00802364
-0.08313053
-0.06755785
-0.20029981
0.01448328
-0.00704612
0.01185476
0.02907630
-0.01247450
0.02962518
-0.00596205
-0.10923892
-0.00862152
-0.02414171
0.03281023
0.03093825
-0.02009289
-0.17421828
-0.01984963
-0.01598193
0.07039299
-0.04203703
-0.09644803
0.06786359
0.04315315
0.06089774
0.03750906
-0.08710499
0.00608205
0.10426719
0.14248699
-0.06521908
-0.03662506
0.06698002
-0.03666715
-0.11198725
-0.09285863
0.01733437
-0.02111248
0.00287854
-0.00752650
0.01905329
0.08799199
0.01644032
0.02073490
-0.06502733
-0.05093779
0.06882150
0.07272119
0.02834608
-0.06893586
-0.02248032
0.10421040
0.06303809
-0.09703051
0.06009969
-0.05875229
-0.04101251
-0.08468073
-0.06604424
0.01934085
-0.10307057
-0.05554975
-0.02512139
0.03851874
0.08891898
0.02105033
-0.02746569
0.08273152
0.05350030
-0.04319695
0.03543504
0.03208202
0.10919491
-0.03847241
-0.00061002
-0.00304270
-0.00281210
0.12463734
-0.04303655
-0.03513011
-0.09411417
0.06588858
0.08566024
-0.06140592
-0.00561489
-0.06117607
-0.08929655
0.02576319
-0.01757387
-0.04974933
-0.10467219
-0.03896749
0.13477187
-0.00942260
-0.07085638
0.01966145
0.03386369
0.02552093
0.10485893
-0.16807038
-0.09028506
0.05780060
0.09503899
-0.06490076
-0.01298039
0.03236017
-0.00675817
0.01733985
0.01486593
0.01025239
0.02770886
-0.04462180
-0.01031224
0.10877732
0.05650908
-0.05824787
-0.04953080
-0.00612168
0.04633895
0.07290463
0.02668129
-0.04108668
-0.09589733
0.08129892
0.04818600
0.02130898
-0.09657850
-0.04821056
0.07749624
0.04253431
0.06940614
-0.01560836
0.02493550
0.03502711
0.04304330
-0.03085385
-0.02178070
0.05234305
-0.07521430
-0.14703713
-0.05998672
-0.14728880
0.00992317
0.01109814
-0.06021777
-0.06736057
-0.03166866
0.08077896
-0.02501892
0.02782977
0.12363542
0.01500176
0.06558943
0.14689942
0.08363399
0.06274521
-0.05029999
0.02110677
0.12130828
-0.18524911
0.02069333
0.03267129
-0.04883057
-0.02770485
0.05796245
-0.03114523
-0.14841977
-0.07373158
0.02170035
-0.02895217
-0.06021462
-0.09559680
-0.04856340
0.01160892
0.02574508
0.13578595
-0.02961145
0.08101226
-0.07967499
0.04714764
-0.02255703
0.02051083
0.04148005
0.00940773
-0.06415062
0.02108608
0.08193348
-0.00012193
-0.07903649
0.00385330
0.04093849
0.02744182
-0.03650974
0.02499963
-0.05923598
0.03712560
0.06664380
0.12402400
0.03771041
-0.02245707
0.01681985
-0.10564761
-0.07493649
-0.00018005
0.05870005
-0.07152972
0.00332608
-0.03605001
-0.06662232
-0.00163468
-0.05653482
-0.03334889
-0.02649876
-0.04485277
0.05354906
0.09368163
0.04384144
-0.10042948
-0.03641672
-0.03796026
0.13349977
0.13393614
0.00107948
0.02313046
0.23272008
0.08686033
0.01283744
-0.02242185
0.08521023
-0.02421069
0.02724400
-0.01668558
0.11293763
0.02851444
0.02277095
0.00631952
0.05002824
-0.09676654
0.04592032
-0.08354059
0.05467771
-0.06881023
0.10534057
-0.03259391
0.04584080
-0.12923443
-0.22143456
-0.12974295
-0.02563681
-0.02497756
-0.09966961
-0.11964030
-0.02162454
-0.03578544
-0.00349646
-0.04180131
0.00454914
0.02913021
-0.03839104
-0.00875657
-0.01867171
0.14543915
0.15418807
0.09692219
0.21846557
0.23805426
0.12994964
-0.01971133
0.00619501
0.08494487
0.06792188
0.00272058
-0.09954723
-0.10217423
-0.06112524
-0.03471893
0.06418749
-0.00195261
-0.09001967
-0.12335078
-0.10766608
0.03760930
0.15463486
-0.00123205
-0.06589235
-0.02776294
0.07881627
0.10901853
-0.05691852
0.02641118
-0.00004540
0.03993585
0.04730432
0.05245099
0.02206704
-0.06324279
-0.00124420
0.09574933
0.07375914
0.08389498
-0.01489719
-0.00496470
0.09048260
0.07503546
0.04259985
-0.07329885
-0.05454316
0.01140241
-0.00171508
0.02991129
-0.05461452
-0.16519806
-0.04989218
-0.00125792
0.02547015
0.03300140
0.11033342
0.01604381
-0.13645433
0.17049937
-0.02176655
0.03447879
-0.03114452
0.09445904
0.11362507
0.01430940
-0.03794122
-0.03895371
0.05729109
0.02244260
0.02767131
0.07002492
-0.03436559
0.01895634
0.05768286
-0.03981981
0.01115709
-0.11663877
-0.10169343
-0.04177012
-0.01559703
0.11697186
-0.00621816
-0.05163700
-0.11499471
-0.11868119
0.00362491
-0.01735487
0.06287134
0.00861749
0.04356433
0.01434607
-0.10172516
0.00008476
-0.04946537
-0.03503473
-0.07537826
0.00053106
0.01590316
-0.05807794
0.01587451
0.03034349
0.09746415
0.21952344
0.06450321
0.01160151
-0.01464378
-0.08049720
-0.13546401
-0.11042028
0.08218984
0.14251246
0.11157000
-0.00515505
0.02621398
0.18434861
-0.00479886
0.12856001
-0.02126270
-0.01173609
0.06367744
0.02772639
0.01080269
0.09890354
-0.16708577
-0.01537568
0.00731761
-0.06955781
-0.10453506
0.03482115
0.01976750
0.02549411
-0.01819834
0.08830447
0.03107067
-0.00256996
-0.02400365
-0.12925476
0.07430694
0.01650159
0.05527706
-0.04239383
-0.08227192
-0.02969927
-0.07766454
0.03488182
-0.08842600
-0.02029423
0.07566314
0.03175892
0.00823551
0.05213497
0.08977580
0.01920163
0.08531825
0.09915553
-0.00155387
-0.06364074
0.12609009
0.02136549
0.02807365
0.00346131
-0.18271928
0.06804648
-0.07227623
0.04525271
0.17355016
0.15874517
0.06735407
0.05811879
0.12094396
0.07752710
-0.01561695
0.08482695
0.05678060
0.08797507
-0.02156055
0.03988052
-0.00072930
0.02566161
0.03127248
0.03594096
-0.07256284
-0.10816985
0.02236043
0.11053351
0.04286281
-0.02115856
0.01513937
0.08615136
0.06081128
0.02335817
-0.03219549
0.05294444
0.06513927
0.06393386
0.03038446
-0.03556944
0.01592683
0.02524482
-0.04504859
0.09506555
0.02963280
-0.08043832
-0.02760620
0.01589932
0.08639128
0.19334473
-0.13503745
-0.02602449
0.16633415
0.14023437
0.21444413
0.00876988
0.01914613
-0.01119194
-0.03233258
-0.19276014
0.02456090
0.11676240
-0.02767969
-0.08675230
-0.14374153
-0.03076020
-0.00698097
0.01747870
0.08642920
-0.03179421
-0.01183688
0.06570466
0.04413722
0.06241735
-0.12097450
0.01915314
-0.00026787
0.02870332
0.04834621
-0.13339944
-0.07728038
0.06285745
0.14671542
0.10590360
0.07117973
0.00717928
0.07483067
0.05309817
0.00411752
0.00421589
-0.02977543
0.03372671
-0.02889161
0.05591250
0.14353429
0.05385419
0.04044086
0.11879686
0.01175701
-0.15833594
0.02037049
-0.01502405
-0.00453612
0.00596530
-0.04373376
0.04198678
-0.03739363
-0.05061443
0.01370901
0.08627409
0.08214372
0.04689239
0.05958357
-0.06012955
0.01352759
0.16812395
0.08389292
0.02065578
-0.09949161
-0.07320627
-0.15080841
-0.20468991
-0.30454990
-0.02421450
-0.05346099
0.10118557
-0.07201808
-0.10780066
-0.00139014
-0.06559500
0.02943605
-0.12215049
-0.09026710
0.09442418
-0.03475796
-0.03623286
-0.22041407
-0.03963859
0.03326025
0.02810312
-0.13481431
0.00492486
-0.09514718
-0.11678018
-0.03165284
0.05750963
0.01089835
-0.05898772
-0.01023494
-0.03187373
0.00754673
-0.03280713
0.05209979
0.05093752
-0.11621693
-0.03473625
-0.06619980
-0.07384063
0.07270451
0.06325595
0.02641944
0.03122000
0.07825916
0.00228630
-0.01387101
-0.04011622
0.10695313
0.10024354
-0.02640598
-0.01397812
-0.04087121
0.01447665
0.14877668
0.12181971
-0.09047731
-0.04771159
0.01618182
-0.06203787
0.01536702
-0.02903780
-0.04597312
0.00265588
-0.08314215
0.03942509
0.12772827
0.02767024
0.04462445
0.14224644
0.05455885
-0.02255676
0.03674427
-0.04505252
-0.04039460
0.05523331
-0.04713590
-0.27958325
-0.21747868
-0.12581398
0.11634844
0.07563233
-0.07714659
-0.10093811
-0.00310381
-0.03441343
0.18304646
0.04188229
0.04030586
-0.01286597
-0.13079223
-0.06314410
0.03485051
-0.01356185
-0.03314200
-0.13735855
-0.03578820
0.08179104
-0.12488612
0.14362708
0.04761273
0.10051224
0.12991475
0.23680244
0.18187413
-0.01158206
-0.10842136
-0.04136586
0.02233634
0.04564766
0.01767321
-0.14117369
0.06852633
0.08284183
-0.04558119
-0.07472727
-0.14789894
-0.00343223
0.03427288
0.02405474
0.04043917
0.09003317
0.03779712
0.11498847
0.11008180
-0.01143833
-0.09268419
-0.10098225
0.03249570
0.17480917
0.21430941
0.15699010
0.01734941
0.04827395
-0.02320928
-0.02844111
-0.10131340
0.02805321
-0.01415762
-0.06598972
-0.03793164
-0.18145142
0.02963931
0.03020349
-0.02417945
-0.03759285
-0.12379204
-0.04480477
0.01644673
0.08304758
0.01280109
0.16556302
-0.12874766
-0.18717928
-0.09476436
0.13802224
0.25634307
-0.03997171
-0.02840358
0.10153855
-0.08034690
-0.04937130
-0.06957079
-0.04143273
0.01276904
-0.07324065
-0.09237310
-0.02526545
-0.00201076
0.01808419
-0.04743775
-0.03570850
0.02069576
-0.00055024
0.00316456
0.17121406
0.02821155
-0.44310111
-0.36962712
0.17130779
0.19573960
0.24802220
-0.13503827
-0.05840249
0.12256574
0.03166736
-0.04567245
0.04151928
0.00010997
-0.00965182
0.03147336
-0.06284395
0.04826265
0.00911781
0.08496294
-0.00648022
0.00259861
0.07413235
0.00572465
0.01320969
0.13266386
0.02811967
0.03748114
0.03499734
-0.06552719
0.07642487
0.04733254
-0.00498189
-0.03678203
-0.04029950
0.06749272
0.01598063
-0.02477088
-0.02685339
0.01688484
0.05465914
-0.00213056
-0.00673683
-0.02226322
-0.03688769
-0.03760128
0.04368431
0.03825050
-0.01625180
-0.09023862
-0.04859710
0.08064137
0.23894022
0.05859117
0.11489493
-0.07198679
0.05199457
0.07145404
0.04345815
0.05858895
0.08225439
0.03591828
-0.13280170
-0.17174354
-0.00631850
-0.05100734
0.02116183
-0.03132105
-0.03715260
-0.02743331
0.05407147
-0.00624760
0.05495876
-0.06417586
0.03094568
0.13526256
-0.00404446
-0.06545749
-0.06448259
-0.03888649
0.01535858
-0.09149615
-0.02183166
-0.10395612
0.00070763
-0.09110653
-0.07909231
0.11112871
0.04976470
0.05924308
-0.01728638
-0.06203645
0.03285111
-0.01868189
0.00634385
-0.06901622
-0.01198774
0.05337900
0.02321742
-0.04406697
0.12995423
0.19001879
0.06491696
0.14574081
-0.01367033
-0.01664033
-0.14982107
0.06431383
-0.00323805
-0.02046775
-0.04239902
-0.06899809
-0.01380534
-0.05413386
0.04364986
0.07335110
0.01947104
-0.01251598
-0.07453399
0.00488772
0.06263002
0.06743517
0.05551918
0.08694454
0.06914324
0.04464443
0.03170407
0.05468754
0.01228399
0.02341905
-0.04176996
-0.06593128
0.01208670
-0.02177050
-0.05632356
-0.02177214
-0.03063069
-0.03953616
-0.07979282
0.00759348
0.00800204
0.04331461
0.04657829
0.01810190
-0.01393106
-0.04554512
0.03626186
0.15835840
0.10063777
-0.02541583
0.04384993
-0.00535545
0.05370054
0.02364452
0.04351215
0.04674728
0.02202628
-0.03258822
-0.03732100
0.05659175
0.05606696
0.03302230
0.00541592
-0.09955729
0.05013216
0.04609170
-0.13659731
0.03140008
0.09826933
0.06708372
0.05938383
-0.02455561
-0.02506734
-0.02864067
-0.04294373
0.10489856
0.01190404
0.16105774
0.03989566
-0.00329987
0.02002490
-0.17886484
0.08033567
0.08174561
0.05049666
-0.00650784
-0.05886182
-0.07416108
-0.01107909
0.00420108
0.00585709
0.02440983
-0.08256246
-0.02491234
0.06532870
-0.00071915
-0.08775706
0.06097891
-0.01904189
-0.07632048
-0.01731941
-0.00312009
0.09329985
0.07963785
0.06855571
0.05755659
-0.09421828
-0.07960511
-0.08592067
-0.05697544
0.02349208
-0.07069597
-0.09715695
-0.11822245
0.04144909
0.03770617
0.07360796
-0.04391359
-0.03390520
-0.13974406
0.00725786
0.12153265
-0.01085220
0.00535191
0.08492402
0.07815444
0.09995981
-0.18753649
-0.17386669
-0.12198404
-0.02354998
0.06429932
0.01091957
-0.03840759
-0.09819286
-0.05178388
0.05057730
0.00216084
-0.07950640
-0.07442772
0.01553660
0.06391127
0.00256238
-0.15459548
-0.16886523
0.00329521
0.10035505
-0.15635891
-0.08035458
-0.07529791
0.00742490
0.09470824
0.05117065
0.03630270
-0.10785474
-0.10737056
-0.11257855
0.05599270
-0.03586341
-0.04304212
-0.00640698
-0.11440956
-0.00164776
-0.05381582
-0.03722962
0.00381381
-0.00190399
0.09022319
0.07628206
-0.06380192
-0.03212861
0.01678328
0.10035475
0.16781998
-0.04800822
-0.06668694
0.01840714
0.05875334
0.09579019
0.11926467
0.06875233
-0.12282755
-0.05074333
-0.03207317
0.01692510
-0.04551006
-0.11866413
-0.13720240
-0.03256051
-0.01974688
0.04232668
-0.04663950
0.07840911
-0.03342771
0.00955853
0.11787083
0.07483350
0.00200983
-0.06241097
0.08209899
0.06757870
-0.01819140
-0.13200401
-0.07469545
0.03013879
0.10699601
0.10213827
-0.08585666
-0.14259632
-0.06083483
-0.00401313
0.03974469
0.00731902
-0.10297500
-0.10358647
-0.02917383
0.03028051
-0.05127005
-0.11654155
0.00747242
0.02430112
0.00730878
0.07332247
-0.02933075
0.05747765
-0.03728887
0.14694789
-0.04580032
0.07351933
0.02530745
-0.08959171
-0.22358721
-0.03502296
-0.05660875
0.03173894
-0.04153907
-0.23005466
0.12918757
-0.01873961
0.03445299
0.00072235
-0.05336689
0.06434759
0.11840840
0.08400947
-0.03591638
0.07039130
0.07292603
0.07374716
-0.00845590
-0.11646280
-0.05224597
-0.02397245
0.01837226
-0.03913458
0.05714809
0.01128611
0.02292836
-0.03133709
0.01127038
0.04038318
-0.12336338
0.05345234
0.05749431
0.02416731
-0.03831666
-0.06434422
0.07170616
0.09759077
0.09267556
0.00739684
-0.08537356
0.01465495
0.00920971
0.07688431
0.00845899
0.03008117
-0.11108480
-0.01702270
0.01103966
0.12165738
0.17689264
-0.06539466
-0.06011612
-0.00765257
0.06787936
0.01857186
-0.01682529
-0.14925393
-0.02413354
-0.01183484
-0.08624084
-0.05830973
-0.10157294
-0.02906334
0.08564188
0.14154796
0.00258697
0.02522602
-0.03369298
0.16768418
0.02799820
-0.26230928
-0.12292079
0.12710248
0.06429496
0.09357698
-0.09699557
-0.14558844
-0.03541163
0.05390970
-0.01893719
-0.06922137
-0.13272263
-0.15647328
0.03090601
0.08444815
-0.03024831
-0.02826222
0.14392157
0.04593114
0.04977984
-0.00378611
-0.03788440
0.01632608
0.08049995
0.11656187
-0.11972784
-0.08308225
0.02138497
0.04911798
0.00196691
-0.12727569
-0.10529381
-0.08473995
0.10182758
0.03245692
-0.01354439
-0.00299449
0.03651705
-0.01328254
-0.00392056
-0.09922541
0.02913135
-0.09419451
-0.06213579
0.04166900
0.08802843
0.04065650
0.02014226
-0.11408081
-0.03305386
0.07842585
0.00248778
-0.01969381
0.01362311
-0.01083300
-0.11374431
-0.01004105
0.05192673
0.01748656
0.06866696
0.02252175
-0.00490537
0.06343593
-0.04439833
0.00344394
-0.07789978
-0.03424413
0.05417281
0.06247680
0.02692914
0.04083659
-0.09568714
0.09585754
0.04236800
-0.02819889
-0.09597982
-0.00418810
-0.01540924
-0.01592150
0.05603226
-0.04611132
-0.05964465
-0.04975992
-0.05743125
-0.02420199
0.00880191
-0.02981578
-0.04065092
-0.10750002
-0.06562392
0.00325510
-0.08775005
0.00993360
-0.04606605
-0.00585442
0.13759084
0.05848483
0.05895979
0.03557827
0.06765783
0.07127822
0.10666503
-0.03395608
0.01856421
0.05859804
0.06036995
-0.04156955
-0.05042154
-0.10876445
-0.18844332
0.02881871
-0.03332474
-0.00750457
-0.03989144
0.03689365
0.04230854
-0.02932431
0.03336640
-0.02324889
-0.03684343
0.00497720
0.06634995
0.07241139
0.05464593
-0.03351508
-0.06362969
0.01719812
0.04451905
0.04123548
-0.02922720
-0.02251033
-0.03888857
-0.01450977
0.06540766
-0.01066124
-0.00398341
-0.04705888
0.02106203
0.00149129
-0.00481646
-0.06287356
0.01788311
-0.01875408
0.03384787
-0.06434467
0.01266344
0.12357018
0.03836353
-0.02057120
0.00092750
-0.03176941
0.09998506
0.09612372
0.01642384
0.13365003
-0.12452766
-0.02460844
0.06512127
0.04247901
0.13114588
-0.02918967
-0.06325205
0.04421676
0.05424494
-0.01658803
-0.01839492
-0.08203991
0.03850775
-0.02084993
0.12317303
0.04881272
-0.00820798
-0.05524130
-0.03020857
0.03278987
0.00341328
-0.03530028
-0.03497122
-0.07436438
-0.08012287
-0.03049165
-0.11919142
-0.06237191
-0.01501416
0.01106309
-0.06552290
-0.05214815
0.03215572
0.07079033
0.06374089
-0.08336439
0.05908972
-0.00274596
-0.03076743
-0.01110767
0.02475572
0.03531776
0.07382561
-0.06008662
-0.00177238
0.02858238
0.01823702
0.02268026
-0.02685477
-0.11007881
-0.04599835
-0.06690545
0.00250534
0.01357658
-0.15857528
-0.03130886
0.00534729
-0.09840079
-0.05692545
0.01979296
0.03413804
0.05390429
-0.00086061
0.08063632
0.06109333
0.06658051
0.03985476
0.01770501
0.07606835
0.04444442
-0.11004730
-0.06224967
-0.12392306
-0.12928410
0.00828000
-0.00226088
-0.04419889
-0.04147400
-0.10480767
-0.00245750
-0.07025866
-0.07308120
-0.01364735
0.07615423
0.05306597
0.13513373
-0.04014356
0.03415163
0.03152978
0.04993530
0.05845714
-0.14756663
-0.08364124
0.01161272
-0.08265248
0.00849736
0.01859927
0.01048642
-0.04623931
-0.05116404
0.01973309
-0.05279918
-0.02448573
-0.03494013
-0.07017904
0.00259803
-0.02886043
0.00977863
0.07913977
0.00551815
-0.09429523
0.09276129
-0.04466853
0.06618819
0.02346195
-0.02777906
0.08846536
0.07462087
0.03668602
0.05615484
0.00838463
-0.00549848
0.03714031
0.05070999
0.03931155
0.02668690
0.00295576
-0.06560589
0.02304334
-0.04471898
0.00264546
0.06818312
-0.02880621
-0.02574827
-0.02255990
0.02920906
0.01589830
-0.05540045
0.03227472
0.04253727
0.04332811
-0.06212306
-0.07972279
0.08479267
0.00869436
-0.15472676
-0.12521745
0.03201464
0.09386934
-0.03752622
-0.09688066
-0.04031153
0.10634645
0.18328117
0.10366918
-0.04287674
0.12390491
0.08466056
-0.02964352
0.10171482
-0.02763271
-0.02156153
-0.01153695
-0.03065275
0.02174620
-0.02994159
0.00536524
0.04180678
-0.05975684
-0.09663918
0.01641648
0.10169874
0.19571447
-0.01325512
-0.02535183
-0.05034984
-0.02365851
-0.04516938
-0.01754433
-0.13180755
-0.05973472
0.03930971
-0.05723481
-0.11747461
-0.19508870
-0.00574644
0.08152300
-0.05000113
-0.01146053
0.01395650
-0.00614800
0.04590295
-0.00928009
-0.04637073
0.01425747
-0.00135503
0.14530319
0.08589721
0.13043739
0.05253366
0.00422941
0.02438927
-0.00062925
-0.00939673
-0.07038222
0.03827770
-0.03846221
-0.07461686
-0.04921080
-0.15667585
-0.01802956
-0.06746960
-0.03900469
0.05524913
0.04977905
-0.01381213
0.00889988
0.06816759
0.09520055
0.10332561
-0.03693859
-0.07201503
0.01413147
0.04208372
0.17111178
-0.02270729
-0.06190745
-0.01503861
0.00155998
0.08529268
0.02780186
-0.02682776
-0.02968721
-0.00575598
0.10310349
0.09613298
-0.06986640
-0.04874176
-0.14214928
-0.06564426
0.06218860
0.01868770
-0.18552467
-0.18051812
0.00143527
-0.28047568
-0.32058921
0.01389422
0.16112901
0.03322757
-0.09796765
0.08876292
0.02448458
0.05838065
-0.04154023
0.03794492
0.05409350
-0.02917256
0.05709794
-0.01070795
0.00557816
0.05437040
0.02761215
0.00064398
-0.13194925
-0.03982467
-0.06964915
0.08570313
0.02102003
-0.11703598
-0.04819365
0.07951798
-0.03268424
0.03547072
-0.10851593
-0.05470191
-0.01515862
-0.11932374
0.05443825
0.05902942
-0.03844829
-0.08239584
0.00689334
0.04686050
0.03290495
-0.00078737
0.06249709
0.00256934
-0.04808056
0.01678596
0.08899868
0.12366221
0.05560494
-0.03115780
0.00738932
0.14741448
0.07693946
0.11386198
0.04632553
-0.05833650
-0.00597040
-0.09151270
0.00904740
0.00074405
0.01995255
0.01034637
-0.04471713
0.00326229
-0.07355713
0.06414364
0.02662814
-0.00766273
0.08568360
0.00011219
-0.05183149
0.07325225
-0.15179327
-0.06568784
-0.05937532
-0.12189648
-0.05688818
-0.01131746
-0.03276038
0.00685768
-0.04793099
-0.00655989
0.10021391
-0.03913263
-0.09729628
0.15844628
-0.00729206
0.03826039
0.06401959
-0.08392392
0.07428537
0.01399544
0.04077628
0.04155766
0.05069146
0.13968173
0.04196981
0.08399074
0.08614967
0.21336822
0.14201795
0.04932885
0.01688576
-0.00914797
0.01819454
-0.10293518
0.05587004
0.10312922
0.05242254
-0.09355550
-0.23271231
0.06622986
0.03229887
-0.02267344
-0.15467231
-0.03023260
0.09258451
0.07566228
0.05041494
-0.02254459
0.08849187
0.07982376
0.03738020
0.07368779
0.00945916
-0.02269424
-0.01193640
0.02736947
-0.00489636
-0.06481970
-0.07836752
0.00419806
-0.10956576
-0.00490289
0.02546219
0.00573144
0.00368959
-0.09902556
-0.07830389
-0.00008250
0.08832063
-0.05865928
0.00385289
0.01489527
0.13958260
0.07541706
-0.09740226
0.05825402
0.02393887
0.06592522
0.05722898
-0.00586312
0.00804128
-0.00561570
-0.10742892
0.08623371
-0.06502576
0.05057932
-0.06050002
0.02909828
0.19958396
-0.06869917
-0.05588909
-0.02771804
0.04852575
0.04578377
-0.07119074
-0.06211944
-0.01346427
-0.05699440
0.03524636
0.03166629
-0.03689555
0.02581562
0.08122598
0.14648153
-0.04713119
-0.01254481
0.07774325
-0.04368565
-0.12988888
0.00023588
0.02082503
-0.05943832
0.01249131
-0.12429369
0.03440074
-0.02559804
-0.11074491
0.02738209
0.05084799
-0.02155518
-0.04170045
-0.02868912
-0.02876095
0.19928961
-0.10857520
0.09376246
0.08703104
0.11220004
0.18763348
-0.01109399
0.08843868
0.02841908
-0.03477687
-0.17910977
0.01953519
-0.02185779
-0.08426142
-0.15070842
-0.17116784
0.11006451
0.07278010
0.02667749
-0.07661947
-0.03655880
0.16967559
0.13626073
0.06112660
-0.00527582
0.10738886
0.00488756
0.06627818
0.03079621
-0.03350395
-0.08453389
-0.02624519
-0.00181335
0.00314805
-0.06551465
-0.11169960
-0.07209234
-0.05652050
0.12135335
0.04400630
-0.15419294
-0.14993124
-0.14510801
0.01513510
-0.04962610
-0.10820499
0.03931785
-0.10381069
0.02192284
0.03083605
-0.08647222
-0.01995534
-0.13122360
-0.17875163
-0.12884398
-0.23666139
0.03975618
0.11106884
-0.00808773
0.05944827
0.10696802
0.11532667
0.10514425
0.04805929
0.10318828
-0.07881717
0.02626825
0.00551713
-0.00459135
0.08972415
-0.07592168
-0.21244401
-0.05964005
0.04090213
0.03335913
0.05731954
-0.00044079
0.18287726
0.06660724
0.07781895
0.00678270
-0.00654280
-0.06868847
-0.02984933
0.02313609
-0.15288785
0.01691807
0.01648153
-0.06157652
0.03833533
-0.15198907
0.02502194
0.01596296
-0.00230392
0.01604512
0.04903017
0.08994850
0.05031841
0.05888499
0.01917606
0.09422220
0.04464771
-0.04057097
-0.07290654
0.07100472
0.09467838
-0.15537712
-0.04419646
0.00311164
0.03515315
-0.07536373
-0.10271739
-0.08408786
0.00547378
0.09430175
0.06309539
0.09409834
-0.09451306
-0.07711498
-0.06456045
-0.06825113
0.03257703
-0.09338041
0.01772148
-0.19099167
-0.15470470
0.00754646
0.12117263
-0.04947406
-0.06972594
0.06579395
0.04912733
0.15366286
-0.09310663
-0.05113874
0.06208027
-0.05659380
-0.00468257
-0.05526832
0.08756654
0.12674090
0.07786070
0.09694812
0.01865070
-0.04083692
-0.06620484
0.05620044
0.04747501
-0.14127633
-0.07891801
0.03024498
0.03219610
0.01843477
0.05815177
0.12429101
0.13791339
0.01134583
0.03981204
0.03557766
0.08408272
0.09348488
0.00744857
0.07409605
0.05211282
-0.03386917
-0.01797969
-0.06929219
-0.01765605
0.01578632
0.07182892
-0.08219007
-0.20554249
-0.15737899
-0.08269341
-0.02440328
0.02383430
0.04306401
-0.01305458
0.13685776
0.19671527
0.36228776
-0.10464329
0.05121531
-0.06169073
-0.06133639
0.01587630
-0.02346449
0.06777118
0.01144443
-0.01365272
0.01001610
-0.00778039
-0.11134403
-0.06208826
-0.08151296
-0.16226219
0.07515621
-0.12724365
-0.20954430
-0.17528477
-0.10943422
0.18529089
-0.00021012
-0.08775433
-0.06693696
0.13642322
-0.24138753
-0.11072331
0.06512531
0.03732857
0.08302517
-0.16535777
0.09607719
0.16302584
0.05073487
0.02568284
-0.08867374
-0.02521865
0.10999533
-0.06549825
-0.10254965
0.10167330
-0.00593399
0.09655534
0.03401012
-0.06273777
0.01892951
-0.02200978
0.09639597
0.06541694
0.08453126
-0.14983706
0.00709217
-0.02762933
0.07008635
0.06368978
-0.09424514
-0.00895931
0.02388676
-0.05391237
-0.02296865
-0.03780834
-0.00152652
0.16162699
-0.03974925
-0.08538271
0.04960111
0.00430394
-0.05262529
0.03145443
0.06665975
0.07034224
-0.01065325
-0.14843823
0.00866066
-0.00805132
0.00601784
0.00058051
-0.08394016
-0.05448382
-0.12874341
-0.01271678
-0.12406418
0.07417333
0.03989053
0.04354176
-0.07083686
0.03715705
0.04684505
0.01957933
-0.01570680
-0.05628655
-0.02808471
0.08475330
0.05381883
-0.07227150
0.03601335
-0.08401525
0.15320902
0.12135530
-0.16354896
-0.09878000
0.00874908
-0.03418082
0.01499889
0.14786248
-0.09212525
-0.00666792
-0.03132207
-0.22066526
-0.16360310
0.04513279
0.02580449
-0.07932272
-0.31349638
-0.25953981
0.14104652
0.02315039
-0.15437089
-0.19987826
-0.16819771
0.13092344
0.01964711
-0.00298749
-0.04249161
0.01347099
-0.17463072
0.00978819
0.00829375
0.18710372
0.16655506
0.04991196
-0.02820450
-0.01125189
0.03201753
-0.13638833
-0.03336146
-0.11571894
-0.09698349
-0.02256537
-0.06472940
-0.03829169
-0.02039681
0.01942755
-0.01005981
0.05837534
0.08828364
0.05617679
0.03372655
0.04791775
-0.05570535
-0.02592497
0.09053754
0.05648746
0.09481934
0.06104951
-0.11949708
-0.01968661
-0.00836909
0.01389438
0.05275992
-0.12002461
-0.00944192
-0.01440814
-0.02022064
-0.05000151
0.00725502
-0.00811504
-0.07985774
-0.05968422
-0.06064003
0.23703423
0.07280996
-0.09327999
-0.01712102
-0.03046510
-0.11180052
-0.00982033
0.05878941
0.08080198
-0.06509929
-0.03936279
-0.02791922
0.06542260
0.01723954
0.03827839
0.01079392
0.02272537
-0.01262845
0.00209691
-0.04032718
-0.05391005
0.02062901
-0.11211580
-0.04325990
-0.01270993
0.03078783
-0.07932653
-0.12077660
-0.17943989
-0.00543031
-0.05685768
0.08918594
0.07680979
-0.00976686
0.07561361
-0.13252936
0.04400403
0.06183567
-0.00492026
0.05701935
-0.23699617
0.02766762
0.10304203
0.10682053
-0.02708238
0.06693735
0.08500393
0.06425410
-0.11339445
-0.16859804
0.19064319
0.15073194
-0.04723287
-0.24470171
-0.13821208
-0.06686629
0.03980001
0.15396914
0.10041399
0.00344743
-0.05207286
0.00848578
-0.00238350
-0.03294748
-0.12475195
-0.07220255
-0.04140665
-0.04874423
-0.04129678
-0.03491250
0.02790754
-0.01701192
-0.10528202
-0.04348202
0.05100712
0.09343501
-0.03079988
0.02717912
0.04258519
0.02814248
-0.03506760
-0.28538370
-0.35883602
-0.12845306
-0.06241731
0.21006073
-0.02887139
-0.04777311
-0.01776339
-0.04916272
0.21272311
0.00754647
0.06258497
0.06238754
0.02848718
-0.07155055
-0.11446767
-0.00765905
0.05781844
0.04627043
-0.15785100
-0.00279700
0.10981371
0.11800686
0.08804148
-0.16479318
-0.10697930
-0.03287916
0.00267361
-0.01747931
-0.17338866
-0.08233260
0.05459934
0.22360896
-0.04167187
-0.05179914
-0.03334937
-0.01794667
-0.01181359
-0.06528513
-0.13104287
0.03034688
-0.10148142
-0.01120760
0.06113692
-0.00865076
0.00684152
-0.00459389
0.11620709
0.03221283
-0.02287150
-0.07082338
0.04028388
0.08418155
0.16153479
-0.01041387
0.11168853
0.00121279
-0.05560989
-0.07364037
-0.04734062
-0.09275690
0.01949940
0.02690497
0.04168828
0.01897660
-0.00929883
-0.09030807
0.11665290
-0.00386899
-0.00242366
0.00651662
-0.03502288
0.07863677
0.00834059
-0.05873245
-0.10210945
-0.04459088
-0.13856648
-0.01702557
-0.04253771
0.13107724
0.10161570
-0.03812869
0.05671361
0.01288126
0.12463780
0.16242136
0.14112960
0.04522408
-0.00367225
0.02634186
0.06957964
0.07427112
0.00081611
0.02377124
0.00793239
-0.03510068
-0.01342416
-0.12171963
-0.00935903
0.12144206
0.12448226
-0.07498511
-0.02841001
-0.14283825
-0.10697275
-0.02728730
-0.00836713
0.02714448
-0.07633509
-0.05689494
0.04461805
-0.08214179
0.02886426
-0.14432307
-0.06245196
0.01682974
0.01379628
0.00096432
-0.02736185
0.09536800
-0.05062231
-0.07949199
-0.09422626
-0.21496531
-0.17799877
-0.03280498
0.01024770
0.03299193
-0.09838080
-0.21111006
-0.10826914
0.05261985
0.15131964
0.15598829
0.05376471
-0.06135321
-0.00585015
-0.07600967
-0.00228021
0.08076651
-0.00728123
-0.15682217
-0.13313870
-0.04423884
0.08057807
0.05623429
-0.14593859
-0.23531683
-0.07693893
-0.02495780
-0.13428120
-0.01797651
0.18898909
0.03545127
0.05346884
-0.01582970
-0.04072592
0.08848605
0.03252969
0.09165532
0.00789804
0.13319774
-0.05386823
-0.04109857
-0.03019813
-0.00871525
0.01135062
-0.03739406
-0.10347597
-0.03668702
0.00942574
-0.01784091
-0.11435387
-0.14651398
-0.24470387
-0.07345960
0.07161403
0.12102991
-0.25656173
-0.04275167
-0.02862482
0.01875053
-0.07297848
0.00170291
0.01319564
0.04819068
0.03593090
0.00257855
0.10185068
-0.03425964
-0.01686461
0.04155612
-0.23946992
0.03243058
-0.05177375
-0.13178252
-0.19018857
-0.24561161
-0.02737693
-0.04121585
0.01565966
-0.03659068
-0.03553739
0.00507163
0.01768586
-0.01045062
0.00241724
-0.04434418
0.02696427
0.00800904
-0.04526157
-0.04690346
-0.01337461
-0.01660819
0.02414229
-0.01908633
-0.06020850
-0.03898256
0.03372736
-0.00956724
0.02424978
-0.06261302
0.01439670
-0.02610562
-0.03729079
-0.05526593
-0.04196875
0.01794657
-0.03565900
-0.01496128
0.00390624
-0.00002672
-0.04468301
-0.02054038
-0.05930828
0.03326834
-0.03173037
-0.02467205
-0.01916412
-0.01845244
0.02365530
-0.01312575
-0.02568845
0.02970170
-0.02596367
-0.06584018
-0.02238121
-0.02929475
-0.04554212
-0.04440878
-0.04334800
-0.01357589
-0.00594219
0.01519404
-0.03324810
-0.01703753
0.01714006
0.01325093
-0.03652780
-0.05035855
0.02726136
-0.04210565
-0.02181553
-0.05331463
0.01594190
0.00178952
0.02666416
-0.03211635
-0.00979554
0.00073982
-0.05289889
0.00821278
-0.06430443
-0.05186814
-0.00628181
-0.03224182
-0.04958614
0.02667436
-0.00045450
0.01084793
-0.06729804
-0.04751888
0.04605721
-0.04017825
-0.00758017
-0.02753366
-0.00016038
0.03007511
0.01605493
-0.06325635
-0.04011460
-0.03473418
0.01005808
0.00103755
-0.06412315
-0.01560788
-0.03025528
0.00075928
0.02128989
-0.01085714
0.01535519
-0.01984035
-0.03414353
0.02583973
-0.04213725
-0.01583758
-0.04936019
0.01479346
-0.00098624
0.01678684
0.00051975
-0.06265373
-0.02491453
-0.04600597
-0.02375367
-0.02629540
-0.03546390
-0.05097520
-0.01290820
0.00699337
-0.03089283
-0.00377620
-0.01089499
0.00950145
-0.04572606
-0.01145905
-0.00641645
0.02355091
0.02840596
-0.04779723
-0.02861745
-0.01727622
-0.04058627
0.02303994
0.02354359
-0.02470163
-0.02750496
0.04637692
-0.04235750
-0.03928600
0.00106063
0.04230690
-0.00145085
-0.06489925
0.01442217
0.02271173
-0.02649563
-0.05644230
-0.00000668
0.03499481
0.02165617
-0.04199082
0.00241904
-0.03302777
-0.00131442
0.02231611
-0.06740940
-0.01991272
0.02160674
-0.04193217
-0.03046939
-0.03534795
-0.02641602
-0.00113453
-0.01718576
-0.02838333
-0.03417946
0.03024935
0.03233423
-0.04012674
0.02094191
-0.00514755
-0.03921380
-0.03409721
0.00248834
-0.00962608
0.02062461
-0.02433716
-0.04488229
-0.00753271
0.01121669
-0.06365619
-0.00783445
-0.06599270
0.01667470
-0.05269312
0.02136422
-0.00567957
0.02355769
-0.00574900
-0.02554094
0.01875251
-0.04976354
0.00988048
-0.05088616
-0.01187875
-0.01312427
-0.03610693
-0.01366197
0.04989776
-0.01797437
-0.01243650
0.00890770
-0.05035908
-0.02720345
0.00647236
-0.03634106
-0.05551267
-0.01423231
-0.03125497
0.01027873
-0.01657362
-0.06110141
0.01563718
0.00734302
0.00920120
-0.05114676
0.01876983
0.00946380
-0.06628029
0.01141449
-0.00319493
-0.03386633
-0.03359507
-0.01736193
-0.03159393
0.00195668
0.03185116
0.00630222
0.03712245
-0.01042931
-0.00547710
0.03194624
0.00859338
0.02371983
-0.03508670
0.02398073
-0.06365106
0.03892280
-0.04464569
-0.03743893
-0.04808574
-0.00408430
0.01649680
-0.01084445
-0.02413002
0.01757747
-0.02063588
-0.05619502
-0.01965879
-0.02541494
-0.04576820
0.00451594
0.00867369
0.00828774
0.00371782
-0.05577644
0.03399822
-0.00792762
-0.04778137
-0.06521132
0.00386205
-0.02157545
-0.01631994
-0.03593206
-0.04765549
-0.01855195
-0.00680571
-0.06677523
-0.06661462
0.01751729
-0.05304902
0.00837769
-0.02222662
-0.04472938
-0.03857732
0.03476563
-0.03822260
-0.04451958
-0.06402203
0.01391666
0.01323189
0.00013474
-0.03085234
-0.00730594
0.00289280
0.03499389
-0.02312986
-0.00506623
-0.01418932
0.03187755
-0.02710715
-0.04272792
0.00335045
-0.04991074
-0.06304254
0.00868635
-0.02950803
-0.03755366
0.00528696
0.02814950
-0.03851863
-0.04531192
0.01049477
-0.02406480
0.04117749
-0.05065953
-0.02475676
-0.02850516
-0.04689136
-0.01378511
-0.06165254
0.01516644
-0.05184153
-0.05837471
-0.00354560
-0.03562468
0.01027332
-0.02755963
-0.00388578
0.02621192
0.04784254
-0.03532364
0.00896738
0.00669468
0.00740222
0.03451448
-0.05170811
0.01683408
-0.00000653
0.00236304
-0.00139760
-0.04950217
-0.03450821
-0.06289095
0.02803754
-0.00877802
-0.05524534
-0.06315266
0.01507382
-0.01388151
-0.05126213
0.00783138
-0.01795853
-0.04124092
0.04608494
-0.03145247
-0.04750751
-0.03487744
0.02330127
0.00524079
0.00286851
-0.02898234
-0.05894285
-0.05218422
-0.02344069
0.04127654
0.04966198
-0.02755914
-0.05607472
0.04193373
0.03912563
-0.03850358
-0.02780510
-0.01537345
-0.01272887
-0.01514532
-0.01623770
0.02502795
-0.02310396
-0.02301292
-0.03126496
-0.00260146
0.00488400
0.03823565
-0.04459975
-0.06542716
-0.01375699
-0.00129269
-0.02232574
-0.02664244
-0.04374533
-0.04383016
-0.01642244
0.02552870
-0.05157915
0.03067522
0.00995217
0.02366130
-0.00588603
-0.02562981
-0.04862875
-0.01770492
-0.04004673
-0.01201364
-0.00436051
-0.04319926
0.00505820
-0.16129175
-0.11666444
-0.07545926
-0.03448516
0.04676308
0.01519178
0.07082342
0.07003403
-0.00920478
0.03749949
0.09446254
0.05760698
0.02099233
0.02386335
-0.01611279
0.11319015
0.06163924
-0.03189147
0.06791618
0.00242808
-0.03642026
-0.09724496
-0.13950646
-0.02889417
0.08283731
0.12839361
-0.02512183
0.01111192
-0.04797368
0.12076819
0.03271411
-0.11310253
-0.03223208
-0.02160216
-0.03597613
0.03086140
-0.07776296
0.03447067
-0.05743777
-0.12374682
0.02414054
-0.01051559
-0.03893410
0.00546005
-0.06294884
-0.04949752
0.08406252
0.02653284
0.04462709
-0.03058513
-0.18128635
-0.10938322
-0.10114960
-0.12041398
-0.05092973
-0.04950263
-0.01420834
0.03715386
0.04492902
0.05480434
0.01713274
0.08178989
0.01271906
0.07948053
0.07392832
0.10079474
0.05033455
-0.02564472
-0.03527205
-0.00174413
0.00760477
0.02768124
-0.07179894
-0.12485508
-0.02963182
0.04014879
-0.02536033
-0.03756309
-0.01897024
-0.06137576
-0.11041330
-0.06171177
-0.06103941
0.05468352
0.11460033
0.05026096
0.08879373
-0.05243807
0.16370399
0.09766825
0.07933760
-0.05720324
0.02523230
0.05077878
-0.06473783
0.04084875
0.01015266
-0.06169156
-0.04790943
-0.06041445
-0.03483369
-0.07810406
0.01534402
-0.05505444
0.01996479
0.02872762
0.01808251
0.02627844
-0.08769189
0.02999143
0.02886812
0.09618103
0.04669576
0.00124746
-0.04011007
0.09906089
0.04929427
0.02617788
-0.02601811
0.03556496
0.02759346
-0.02195531
-0.04687400
-0.04861413
0.00121813
-0.09325134
-0.06054910
-0.11965295
-0.07755236
0.01002300
-0.02600710
-0.01711070
-0.10456357
-0.16933082
-0.11032625
0.11916328
0.09739051
0.11686815
-0.06011762
-0.07688714
0.11040931
0.08748827
0.02420686
0.01924039
0.02638721
0.08187573
0.01083513
-0.07662849
-0.05207936
-0.01364218
-0.00563649
-0.08690129
-0.10982460
-0.12093584
0.08503511
-0.03898964
-0.10113564
-0.04783931
0.10936462
0.00009638
0.01656365
0.02658874
0.11496893
0.10687722
-0.02774640
-0.00860023
0.03439869
0.07927726
-0.05466497
-0.06963608
0.03561921
0.00133637
0.00972227
-0.05990033
0.00470276
0.01037582
0.02007600
0.00141117
0.03352235
0.00785351
0.06290079
0.10128585
0.06321019
0.01681190
0.06269701
0.01918948
0.09077238
0.01225528
0.07159334
0.05038324
0.07024201
-0.03785706
0.02947703
-0.04055713
-0.00832484
-0.05656741
-0.04152078
0.00856477
-0.08819370
-0.09518499
0.14446230
0.20878123
-0.01236774
0.02305652
0.08232642
0.21722765
0.08144833
-0.01840784
0.07634158
0.06413706
0.19180503
0.10873701
0.01861839
0.07335953
0.02925161
-0.02126513
-0.04949208
0.06840775
0.09885427
0.01489839
-0.16839120
-0.04490504
-0.00967711
0.02615741
-0.03433380
-0.01434188
0.01678318
-0.08753810
0.01908119
0.01374489
-0.20918450
-0.05261325
-0.05077492
-0.05026155
0.08806430
-0.14918329
-0.07465973
-0.11468489
-0.09803301
0.03845177
-0.02344579
-0.06923636
-0.03864102
0.05405812
0.00810394
-0.00961073
-0.08264188
-0.05609049
-0.04461142
-0.02940181
0.04421151
0.00465024
-0.04440124
0.01811224
-0.02335260
-0.07365050
-0.03652279
0.00757271
-0.01319708
0.07748405
0.04405920
0.03348339
0.00915083
0.01253520
0.11851172
0.04216961
0.03100025
-0.01080603
-0.03632759
-0.03793400
-0.01409302
-0.00113554
0.03590198
-0.00132271
-0.04937998
0.04309319
-0.06028820
0.13738368
0.00596702
0.11411315
0.04696731
0.08391791
0.06216390
-0.04674716
-0.01184459
0.10888654
0.09532054
0.04704212
-0.00726872
-0.03246091
0.10050332
0.03953343
-0.06157561
0.10621122
-0.07252542
0.06526089
0.06049298
-0.06531499
0.04947608
0.05125499
-0.02505795
-0.00687909
-0.11564186
-0.19762428
-0.11281215
-0.00740874
-0.11804630
-0.10555239
-0.10316931
0.03353444
-0.12468910
-0.16688213
-0.07716934
-0.07126038
0.09674191
0.07812808
0.00460566
-0.00325934
0.02975905
0.03209466
-0.06520737
-0.07971365
-0.00548464
-0.08101647
-0.11344496
-0.13279925
-0.11187060
-0.11769406
-0.00454218
-0.07993890
-0.17100811
-0.24174929
-0.13640986
-0.06018898
-0.03598925
0.00059170
-0.11788656
-0.13988581
-0.03654932
-0.07170618
0.06760012
0.02483829
0.03751928
-0.08099267
-0.12011322
0.03406781
0.00292875
-0.07790700
-0.15490288
-0.19768226
0.01873555
0.00515509
0.04347568
-0.08401653
0.03082511
0.06852411
0.02176874
-0.09354645
-0.07047457
-0.05406640
0.07824888
0.02381889
0.03578963
0.01934066
-0.03966474
0.00050969
0.02334339
-0.04979928
0.08953195
0.12089313
0.01357774
-0.03555651
0.08589761
0.04523690
0.07901787
0.20161925
0.15824734
0.07030336
-0.00333274
-0.04224172
0.14211296
-0.06280601
-0.15440962
-0.00211557
-0.12369461
0.08744998
0.00161349
-0.00079846
0.07548179
-0.01524546
0.14505930
-0.06709167
-0.00038132
0.02322499
-0.05230965
0.08962975
-0.00877053
-0.13457157
-0.04232202
-0.09262024
0.00818059
-0.00633002
-0.04110169
-0.00367169
-0.03322848
0.00918710
-0.01298924
-0.02049630
0.00081191
-0.04006933
0.00535657
-0.00226953
-0.05872085
0.01019834
-0.02792464
-0.02266045
-0.04276384
-0.06320111
-0.02345633
-0.01461441
0.01468020
-0.04544707
-0.01096249
-0.04128805
0.02257720
-0.03613581
-0.00574119
-0.01703749
0.03894128
0.00730648
0.01404636
0.00074667
-0.00138661
-0.01890172
0.00157565
-0.04227357
-0.06769607
-0.04116249
0.00809532
0.02137042
-0.00917918
-0.00763699
-0.06853881
-0.06147246
-0.01564740
-0.01411670
-0.06736029
-0.05034800
-0.01161808
-0.06541522
0.01586602
-0.01994715
-0.00827796
-0.07437654
0.00049597
-0.01456762
-0.02084355
0.02693772
-0.02093285
-0.00503469
-0.01746617
-0.03297387
-0.05919905
-0.03202754
-0.05727351
0.02872987
-0.01627578
-0.02188383
-0.03180943
-0.04399801
-0.05172126
-0.06508749
0.01047048
-0.03526144
-0.02137235
-0.03115262
0.02066569
-0.01419632
-0.00112856
-0.05660044
-0.06246379
0.00036289
-0.04842896
-0.05329388
-0.03648989
-0.03795508
-0.02255004
-0.00926416
0.00592843
-0.00615137
0.01151180
0.02046956
0.00419647
-0.03339211
0.03249798
-0.01282061
0.01378284
0.01759336
0.01841473
-0.01244119
-0.06129243
-0.05935593
-0.00966850
0.03056263
0.01149523
-0.03478751
-0.00647602
0.02882414
-0.06824497
0.01794151
-0.01866577
-0.01624626
-0.02548812
-0.05221531
-0.05804620
0.02461612
-0.01144187
-0.02763339
-0.04207788
0.00443890
-0.06019844
0.02520246
0.00221170
-0.05386594
0.03341335
-0.00280337
-0.04339214
-0.02000296
0.01657186
0.01826251
-0.05214165
-0.05846716
-0.05244400
-0.00533569
-0.06666747
-0.00247995
-0.03917757
-0.00010833
-0.05463844
-0.04516716
-0.05932673
-0.03257154
-0.05298739
0.03008603
0.00284707
-0.05039638
-0.01877626
0.01931071
0.01247536
-0.02908535
-0.05246329
0.00704041
0.00328812
-0.08130369
0.00674835
-0.00477556
0.01386981
-0.04371835
0.00242844
0.02045962
0.02261751
-0.03737666
0.02139814
-0.00422317
0.01453381
-0.03829756
-0.02390467
-0.03678108
0.02321073
-0.05250173
-0.02407547
-0.00523949
-0.06229699
0.00850703
-0.05359123
-0.01989647
-0.03033703
-0.03121980
-0.01355930
-0.02149524
-0.00763564
-0.01429669
0.01571280
0.02728483
-0.05998753
-0.02523534
-0.04614419
0.00087274
0.02094966
0.02414382
-0.00767778
0.00161109
0.00980823
-0.05959039
0.02496768
0.02355933
-0.02378615
-0.04338066
-0.00242912
-0.02630972
-0.04779377
-0.02667942
0.00356457
-0.02783979
0.04216154
-0.01157878
0.00439617
0.00474901
0.00238284
0.00308617
0.02142832
-0.04819675
0.00028346
-0.03528038
-0.00003613
-0.04952662
0.02579511
0.01809282
-0.00246971
-0.01517013
-0.02107755
0.02834424
0.02073386
-0.05462223
-0.01172941
0.02937734
-0.02988378
-0.02238445
0.03014013
-0.03685891
-0.01069708
-0.03262545
-0.03890490
-0.03496725
-0.05687907
0.00033972
-0.03338512
0.01099380
0.01792464
0.02445836
-0.02553412
-0.04660460
-0.02073069
-0.03004432
-0.03923129
0.02248001
-0.01564881
0.00381984
0.02059132
-0.05146644
-0.03070256
-0.06280053
-0.03458168
-0.00941591
-0.07683647
-0.01558489
-0.06804234
-0.04200395
-0.00163103
-0.06370532
-0.03839421
-0.03400012
0.03273283
-0.04456091
-0.00445279
-0.06065435
-0.06530488
-0.05975344
-0.02895395
-0.03983052
-0.04581687
0.03453586
0.02923420
0.02115618
-0.02545609
-0.01948510
-0.05847361
-0.07920143
0.06899869
0.00208206
0.00199700
-0.06068946
0.02063677
-0.02202249
-0.02434068
-0.01046500
0.02159876
-0.02682319
0.03857734
-0.01959462
-0.04716523
-0.00146422
-0.04383739
0.06207043
-0.05346770
-0.02843490
-0.01184868
0.03305617
-0.02143311
-0.04052292
0.02438018
0.01431759
0.02935944
-0.04016905
0.03689642
-0.01840653
0.00691299
-0.02377695
-0.02386633
-0.06046934
0.00719246
0.00752546
-0.05715114
-0.03912178
0.03390053
-0.01879037
-0.02403324
-0.04091762
0.00108516
0.00151931
-0.00125858
-0.03469546
-0.01670896
0.03852497
0.02583268
0.00753621
0.01861360
-0.01315853
0.02762961
0.00321423
-0.07275351
0.02890714
-0.01032915
-0.00521758
0.01840361
-0.06053096
-0.01847700
-0.03151327
-0.06864683
-0.05912157
-0.00181712
0.02819195
-0.04332104
-0.05209117
-0.00649641
-0.01056649
-0.02265005
0.00936730
-0.03131028
-0.04391097
-0.00463965
0.01827808
-0.06371255
-0.00913266
-0.04018002
-0.05400543
-0.04023984
-0.04115717
-0.01966083
0.01505715
0.03642087
0.01771296
-0.03069993
0.02188441
0.03378551
-0.04127005
-0.01843590
0.04311344
-0.00817974
0.02869777
-0.07278941
-0.01402944
-0.01861454
-0.04468028
0.03224618
-0.04351036
-0.00398131
0.01329230
0.00888621
-0.01127823
0.00057009
-0.02422336
0.02916181
-0.04788845
0.01154412
-0.03601823
0.02940257
-0.04673621
-0.03021614
-0.02440085
-0.01105694
-0.07741321
-0.04841641
-0.04642022
-0.01551188
-0.02758629
0.02607945
-0.02543513
0.02536738
-0.03438886
-0.00787390
0.04727887
0.07752701
-0.04262076
0.00587900
-0.08758362
-0.06420954
-0.07556318
-0.00319234
0.01221879
0.03150107
-0.03505923
-0.04264575
-0.05731395
-0.01714613
-0.17125286
-0.06765879
0.01697709
-0.01811636
-0.05371515
-0.01600906
0.06208247
-0.00230529
-0.15809910
-0.05428567
-0.04380422
0.02191283
0.02881082
0.04930779
0.10214239
-0.11446771
0.01756402
-0.06807758
0.00445594
0.11785267
-0.05972140
0.03598128
-0.02903003
0.02811185
0.06003754
-0.00526166
0.06192242
-0.17520691
-0.15781978
0.01930570
-0.01511517
0.03626705
0.02786595
0.09161379
0.29530478
0.04792467
0.08283333
0.04416274
0.02397645
0.02721636
0.00762719
0.03800029
-0.00750287
0.01718911
0.01211322
0.00987176
-0.09120005
0.02940295
0.12478974
0.06025435
-0.14852291
-0.08848599
-0.01925221
0.06745530
-0.06178610
0.14359891
0.04269014
-0.04635543
-0.05638058
-0.11207388
0.06599110
0.07696252
0.07613596
0.03493474
0.05710967
-0.03102549
0.09092129
0.04986805
-0.03711434
-0.07032637
0.05087423
-0.03783519
-0.06232682
-0.02460549
0.00782041
0.00266855
0.06686062
0.05933333
-0.06439041
-0.20044512
0.01602618
0.03641794
-0.06350485
-0.10485260
-0.08181076
0.09488717
0.11077241
0.07867940
0.02435219
0.00054041
-0.00179028
0.02298526
0.05543017
-0.05034133
0.04403354
0.03519151
0.03663759
-0.00983593
-0.05402086
-0.03509907
-0.07031170
-0.01129486
-0.03883937
0.11004598
0.00409541
-0.11024453
-0.05623757
0.00938858
0.02571721
-0.00234800
0.05968042
0.02937811
-0.01819546
-0.11196166
-0.02694756
0.08333793
-0.02016984
-0.14323878
-0.10654016
-0.01928252
0.03311303
-0.00115047
-0.04768066
-0.07943215
-0.00503361
-0.08123500
0.02963748
0.01408461
-0.05496385
0.19270258
-0.02140184
0.02506246
0.01354452
0.03049916
0.17238925
-0.02928751
0.04552689
0.01369190
0.02454034
0.04562608
-0.05164810
0.02938701
-0.00549643
-0.04557386
0.06087324
-0.00135090
0.08089136
0.01832038
-0.08426539
0.01778203
0.00948751
0.02756908
-0.06653682
-0.14843273
-0.08071240
-0.11073967
-0.01694629
0.10852908
-0.02330233
-0.05639593
0.11370882
0.02452912
0.03248512
-0.00383142
0.04154939
0.07452847
0.03792948
0.04919740
-0.10732527
-0.04177906
0.05203177
0.04477866
-0.03227763
-0.01882959
-0.14388317
-0.07486100
0.10839103
0.11590852
0.00491914
-0.08874705
-0.04609508
0.03399400
0.01465762
-0.00087673
0.02979453
-0.01181651
-0.03499620
-0.14185576
-0.21568644
-0.01399030
-0.09119713
0.04555953
-0.01645535
0.00406160
0.03402845
-0.01911491
0.03841960
0.16445319
0.02954871
-0.02860776
0.03893014
0.08191391
-0.01461265
-0.06467514
0.01563633
0.14610529
-0.05866519
-0.02317938
-0.02318087
0.15996590
-0.04242923
0.05961912
0.07293332
-0.01027113
0.00622824
-0.01549599
-0.05925722
0.06264245
0.03421597
-0.01774558
0.06882719
0.01431994
-0.03687191
0.02363771
0.00574279
-0.01452250
-0.01674264
-0.04975992
-0.13961047
0.00245737
-0.06690617
-0.04736254
-0.09605338
-0.13472982
-0.17436312
0.09101827
0.00225336
0.03889068
0.05937205
0.06774841
0.03659762
-0.03294465
-0.02855311
0.03170443
-0.04561751
-0.04965691
-0.08383007
-0.03872689
-0.04599057
-0.10053265
-0.10692275
-0.04514865
0.00013452
-0.06530494
-0.05304651
0.00782251
-0.02981555
-0.09641963
0.00229153
0.15758002
-0.06675334
0.00319002
-0.02362324
-0.03023037
-0.06009000
0.00840172
0.04806971
0.06899270
0.10115164
-0.05121963
-0.01578393
0.09097116
0.11371306
-0.14797559
-0.03413769
-0.09437612
-0.04451108
0.10555762
0.04915977
0.17003430
-0.04030403
0.01703073
-0.03241028
0.01388110
0.05078459
0.09508520
0.03609555
-0.05871660
-0.00720243
-0.01291537
-0.09094318
0.02270910
0.07731516
0.20133245
0.12745108
-0.04607777
-0.02601925
0.10777130
0.01936471
0.14160033
-0.06147896
-0.14875215
-0.16809265
-0.08483748
0.09945702
-0.01374285
-0.00399164
-0.03659911
-0.22412661
-0.32400292
-0.07037728
-0.02935129
0.00197600
-0.07605929
-0.08142675
-0.05209518
-0.03011116
0.02293605
0.05840922
-0.01146041
0.01244531
-0.03318928
-0.02568216
0.12442010
0.17634812
-0.01479909
-0.06448781
-0.22964956
0.13771263
0.26705310
-0.00626601
-0.00466994
-0.13433760
-0.07387267
-0.24514748
0.10145821
-0.05256670
-0.12499294
-0.04014723
0.11463033
0.09967806
0.03103065
-0.10763665
-0.03945012
-0.01278362
0.07831438
0.10269900
-0.03934736
-0.08549213
0.04897404
0.11619106
0.09633820
-0.00244849
-0.08414734
0.12129675
0.01400064
0.00405228
-0.14583229
-0.09708553
-0.03564172
0.07240787
0.02688609
0.01827436
-0.03740939
-0.05875171
-0.13423529
0.01569889
0.01430434
-0.04534029
-0.07967482
-0.12105771
-0.01171525
0.02265056
-0.04416822
0.09707043
-0.19238406
0.02179035
0.08700295
0.25748020
0.20023799
0.03836723
-0.11463737
-0.06198160
-0.06193667
-0.05076876
-0.08819097
0.01098089
0.03123399
-0.00831647
-0.06567457
-0.07168821
0.04233824
-0.11779507
0.05088609
0.07108779
-0.07553239
-0.02673833
0.01365688
0.04503505
0.04796533
-0.05504964
-0.01341346
-0.00385406
0.06417517
-0.00531770
0.01824918
0.01452800
-0.00905683
0.04112964
0.07318407
0.04102775
0.15658702
0.11970147
-0.00180843
0.04622015
-0.07986085
0.01207829
-0.12294970
-0.12367790
0.07155947
0.03540711
-0.03917856
0.01677727
0.02550649
0.04070819
0.08411868
0.03321426
0.06192861
-0.00787248
-0.06210924
0.11427830
0.01281977
-0.02758811
-0.08762070
-0.06379501
-0.03202170
-0.00467316
-0.08653211
-0.06529458
-0.11330061
0.07348141
0.07659646
-0.03035852
0.01797711
0.05323981
-0.00386429
0.01760669
0.03370050
-0.03107551
0.12892188
0.00669873
-0.03508087
0.04963574
0.09707151
0.16677955
0.04472132
0.01873728
-0.01957884
0.00633900
0.10555825
0.02956054
-0.10434569
0.01138151
-0.06446403
-0.10683822
-0.00157068
0.06543013
-0.01189411
-0.05752906
-0.08387709
0.00080413
-0.00806219
-0.09886272
-0.02892355
0.09296579
0.17364648
0.06111939
0.09894371
0.00036535
0.00909154
0.16307595
0.05200391
0.04072386
-0.00199034
0.02785370
-0.03759399
0.06105540
0.02388651
-0.05315694
-0.03282105
-0.04018458
-0.06921042
-0.00044345
-0.01429929
-0.05348097
0.13205272
-0.05642230
-0.04683178
0.02644819
0.10742787
0.07913096
-0.00409346
-0.02704381
0.08611622
0.06778281
-0.06288585
-0.02000612
0.02164889
0.01507697
0.10964594
0.00704631
0.06904807
-0.03606642
-0.11216390
0.13202463
-0.02394817
0.05395482
-0.06852896
-0.08346132
0.10623474
-0.00684863
-0.04758523
-0.03372175
-0.04385959
-0.12231675
-0.03300144
0.00758048
0.08480130
-0.04769960
0.01737173
0.04877540
-0.06521592
-0.01135566
0.03859447
0.11018210
-0.03829432
-0.02566223
0.02007751
-0.05786227
-0.16104487
-0.04977416
0.00373793
0.00883747
-0.01652651
-0.08887207
0.12053571
-0.01925217
-0.03463360
0.01589325
0.06652363
0.03668238
-0.00629895
-0.03817586
0.06618307
0.19997275
-0.09656890
0.04624086
0.09155770
0.14666221
0.16880964
-0.09733967
-0.03869579
-0.03644363
-0.04811927
-0.07944394
-0.08826193
-0.01491025
-0.01033023
-0.17865935
-0.06106494
0.13802539
0.10666949
-0.02681904
-0.03908352
0.03395593
0.23723540
0.21038854
0.15698208
0.01934252
0.05844441
0.06244995
0.05694675
0.02688602
-0.05790100
-0.08379110
0.04014740
-0.00715083
0.04123051
-0.04217689
0.03069632
-0.03059443
-0.12347886
-0.01965162
-0.06747612
-0.03454200
-0.20582931
-0.17182429
-0.03940257
0.00056623
0.06534546
0.04101935
-0.07288472
0.02489257
0.03115263
-0.11149260
0.10570112
-0.03725146
-0.11382987
-0.14935592
-0.11645418
0.13038097
0.02210239
-0.09384555
-0.01878857
0.07365066
0.05104723
0.01862128
0.02956430
0.01375345
-0.06145778
0.06530260
-0.00699220
0.01767685
-0.03536128
-0.00335160
0.00757197
0.06001437
-0.06665962
0.00155208
0.04086361
-0.02735709
0.06893891
0.01244801
-0.02277080
-0.02163195
-0.05121189
-0.10531752
-0.02648876
0.02060280
-0.03403172
0.04878948
-0.02354371
-0.01541277
0.02740812
-0.08785985
0.03451845
0.04597018
0.05554875
-0.04653803
0.05775214
0.09261262
0.06168644
0.19320774
0.09193894
0.05690658
0.01148679
-0.04689008
-0.04433053
-0.02354703
0.02619812
-0.19593418
-0.02934429
0.02780343
0.06170310
0.04098263
-0.11979198
-0.01653387
0.04490409
0.06019587
0.08725321
0.01864369
0.09924050
0.07511844
-0.11322441
-0.18365386
0.00643945
0.02291049
0.02892683
-0.05437059
-0.03146740
0.04029640
0.03512172
-0.17922927
0.17741680
0.04172867
0.08856712
0.04581247
-0.16643420
-0.12129792
0.09941044
-0.05994757
-0.07769989
-0.01739610
0.03347984
-0.09257879
-0.00270755
0.10140330
0.11426637
0.02096998
-0.22905596
0.04838964
-0.01960358
-0.25573656
-0.04294015
0.23229805
-0.05207086
-0.07472645
-0.02093029
0.00600412
0.10641885
0.05164343
0.15506345
0.10823542
-0.00287006
-0.07595337
0.02950770
0.06656297
0.02453023
-0.00311308
-0.14416645
0.00789087
0.03190949
-0.00242784
-0.06615285
-0.13844681
-0.19455701
-0.15404572
-0.09173219
-0.10440246
0.18552244
-0.08164877
-0.13747814
0.02857796
0.12189033
0.25683746
-0.08760073
-0.01130962
-0.08519746
-0.01912367
0.11785316
-0.03282378
0.06068582
-0.03671105
-0.05845448
0.03397445
-0.04917862
0.03906919
0.04884804
-0.05781581
-0.18889032
0.12374572
-0.05250588
-0.09515186
-0.00156054
0.06942847
0.15643831
-0.00462758
-0.05540760
0.05675035
0.07870005
-0.04187482
0.06788152
0.04734986
-0.03917454
-0.01689983
-0.15782233
0.03168956
0.11295218
0.02299450
-0.04082961
-0.04598711
0.15294439
0.15852146
-0.05379893
-0.04340542
-0.08053964
0.07534228
0.12973732
0.06106656
0.02765116
-0.05885356
-0.07852305
0.07458412
-0.03458957
0.16165110
0.04008053
-0.11937574
-0.04156577
-0.07677898
-0.07957546
-0.17610726
-0.13142923
-0.12241869
-0.01769949
0.10530202
-0.09171928
-0.00184998
-0.08484973
-0.14972346
0.01454812
-0.11744612
-0.02436914
0.02853877
-0.09793542
-0.08476619
-0.02660125
0.15258078
0.11069530
-0.10001961
-0.05093326
-0.02030770
0.02550565
0.11023107
0.09749279
-0.11518736
0.14166987
0.07755814
0.07691270
-0.10616079
-0.12139396
0.03572566
-0.05007789
-0.01929479
-0.08283833
-0.03737213
-0.04979303
0.09853647
-0.06927923
0.00485100
-0.04818938
0.05045990
-0.03132364
-0.03363320
0.10813807
-0.01300579
-0.05181970
-0.03149582
-0.03345221
-0.04344015
-0.11179310
-0.20006366
-0.02324008
-0.10933965
-0.17211042
-0.16232887
-0.10265639
-0.03162598
-0.02409724
-0.10601124
-0.26731753
-0.10997380
-0.17574395
-0.13608773
-0.12322918
-0.08537559
-0.00484362
0.04611382
0.02167292
0.08502209
0.12295033
-0.03434523
0.03445157
0.05228850
0.10619958
0.06533628
-0.02216985
0.00968867
0.02127005
-0.03315162
-0.38950652
-0.11998647
-0.09659560
-0.02790824
-0.16973187
-0.16258886
-0.13855934
0.04750240
-0.02953710
-0.15140422
-0.15585703
-0.05586496
-0.09145851
-0.12757695
-0.01230431
-0.00800975
-0.01472651
-0.07642625
-0.17346911
-0.12181789
-0.06879997
-0.20724407
-0.14918770
-0.19280526
-0.04970858
-0.00386387
-0.03472202
0.04251267
-0.07414912
-0.08806709
-0.04016640
-0.18586318
-0.04254054
-0.00051240
-0.01072116
-0.07344688
-0.12329862
0.06167160
0.07430439
0.13132907
-0.02686787
-0.01521815
0.07198872
0.07881378
0.08121100
0.01430361
-0.08173598
0.02631036
0.01681171
-0.00179842
0.02678273
-0.18596475
-0.11075237
-0.10296237
-0.13791384
0.07275897
-0.05518027
-0.03992089
-0.14050409
-0.16956766
0.01884240
-0.02828621
0.03557427
-0.04968162
-0.06066996
-0.09238214
0.06251403
0.00884586
-0.00540995
-0.02884926
-0.00938710
0.11753222
-0.29091272
-0.25561666
-0.14050405
-0.01727789
-0.11325286
0.01416730
0.01192918
-0.04623019
0.02186912
-0.14569271
-0.13059008
-0.06418570
-0.06547547
-0.05496364
-0.14052191
-0.09503582
0.10235371
0.04096324
-0.00948434
-0.07310213
0.08754114
0.07117097
0.08538351
-0.15259472
0.00711539
-0.00798511
0.01466466
-0.07074871
-0.25095901
0.02797342
-0.03134824
0.03154353
-0.22899961
-0.02808649
-0.08131469
0.07795246
-0.06302759
-0.09568865
0.05930026
0.07931595
0.02577700
-0.07375701
0.08416544
0.09041716
-0.07015047
0.14618239
0.09122469
0.25089544
-0.04572445
-0.00877954
0.06794458
0.19921124
0.12416438
-0.00362616
0.03401474
0.08555716
0.15929322
-0.06668047
-0.00686306
0.10693724
0.07171746
0.16094385
-0.04129297
0.11723933
0.15230018
0.24921435
0.05148428
-0.00221472
0.11429193
-0.31749147
-0.29982275
0.02503807
0.04713596
0.19282281
-0.06732041
-0.10050263
0.01847830
0.10266188
-0.04393545
-0.07204835
-0.11842643
-0.04915992
-0.10633018
-0.09946100
-0.10829818
-0.07633453
-0.06624570
-0.16351281
-0.00424489
-0.18078232
-0.09663810
0.05711975
-0.06341239
0.04478487
-0.01217223
0.04218283
0.03457324
0.11600665
-0.06154517
-0.11747464
0.07139460
-0.06979114
-0.07368821
-0.21917820
-0.06734982
-0.12788673
-0.17251484
-0.08731621
-0.08169755
0.01509655
-0.10433724
-0.04250377
-0.09433971
-0.06671323
0.01351897
-0.09954171
-0.23973930
-0.11261375
0.02083206
-0.03462753
-0.19884036
0.10423868
0.07466662
0.04418901
-0.01100462
-0.16743933
-0.12210555
0.18714283
0.17631443
-0.09822908
0.03994520
-0.06674108
0.13005449
0.10812232
0.02982015
0.13244076
-0.12404384
0.06690710
0.02508768
-0.04794624
0.16367987
0.09180000
0.02529274
0.14449419
0.04254231
0.03971073
-0.00756809
-0.25092107
0.12612030
-0.06957961
-0.12281552
-0.06985318
-0.09772135
-0.01057760
-0.02112272
-0.08511995
-0.11978751
-0.11261561
-0.06999371
-0.07163867
-0.07465221
-0.05095650
-0.02733216
-0.05365299
-0.14720036
0.08359712
0.05750282
-0.00277505
-0.00334537
-0.22712104
-0.24994428
-0.17664568
-0.10754148
0.00134055
-0.16854919
-0.19293261
-0.07264683
0.02299717
0.01498880
-0.12632115
-0.10867342
-0.10586020
-0.06012261
-0.13468286
-0.05085973
-0.25401637
-0.05935220
-0.05631999
-0.12208793
0.06763284
-0.00152593
-0.05853451
-0.01451127
-0.15989314
0.11492383
0.05774833
-0.00239868
0.00602460
0.14706840
0.15384845
0.09599406
-0.10754320
-0.02821932
0.07067918
0.07144979
0.02248257
-0.13333967
-0.13529786
0.10891318
0.09108528
0.07876219
-0.05563786
-0.08574140
-0.05592579
0.07194504
0.15248199
-0.15953067
-0.26857030
-0.06393334
-0.04982141
-0.13832882
0.09059640
0.16576186
0.03959940
0.07525752
-0.04316684
0.02931698
0.16037813
0.01275744
-0.03375156
0.07740298
-0.02264668
0.06149542
-0.08039302
-0.02328606
0.11590639
-0.04401593
0.03590716
-0.09926057
0.05833825
0.03767873
0.11944721
-0.08472855
-0.30368540
0.11068781
0.05359641
0.07456622
-0.01253565
0.04532367
-0.01825286
-0.06274162
0.14804941
-0.02229009
0.01327896
-0.10765769
-0.05994373
-0.09774679
0.02144447
-0.00598913
0.00137368
-0.04687127
-0.08136659
0.01179602
-0.03619797
-0.04622268
-0.11613990
-0.04459614
0.06442877
-0.03379487
-0.18156897
-0.11582398
-0.32003000
0.03290489
0.04276824
0.20632450
0.11242978
-0.10884538
0.08339824
0.00975415
0.22681950
0.03442832
-0.09521724
0.04847130
0.01219764
0.02568528
-0.03206989
-0.02633660
-0.04219249
0.03457483
0.00544711
0.09550659
0.01412411
-0.05038159
0.02722509
0.14299631
0.03451857
0.15102045
0.13716558
0.03182174
0.02215680
-0.01695537
0.05463647
0.16686057
0.05230876
-0.23440640
-0.17709775
-0.12525785
0.11370029
-0.04983087
-0.10104318
-0.08223970
0.01394361
0.06706420
0.04626977
-0.12022576
-0.16988139
-0.18476586
-0.17331275
-0.07094380
-0.14217786
-0.04487265
0.05249019
-0.09787363
-0.03838944
0.01661100
-0.01655913
-0.00058617
-0.01772071
0.13682079
-0.02389570
0.04600100
-0.04607864
-0.02544746
-0.01489417
0.03222020
0.08004288
-0.04516307
-0.03253526
0.04164382
-0.13798967
-0.06318337
-0.09805211
-0.05170065
0.11156731
-0.00920096
-0.01317334
-0.01010629
0.01576551
0.02063124
-0.01973946
-0.02460287
0.11852220
0.04928672
0.04605164
-0.16311394
-0.02983774
-0.00957314
0.12169970
0.05363100
-0.07384937
-0.02102250
0.06425651
0.01117736
-0.04927817
-0.12449733
-0.07624456
-0.04611343
-0.00572282
0.01318972
0.08391447
0.02550070
-0.03996476
0.00909079
-0.08040422
0.05639924
-0.03130598
-0.00764114
0.06455608
0.00206034
-0.11148451
-0.01639260
-0.07495065
0.07395904
0.08821866
-0.16555178
-0.04621508
0.02482450
0.08082377
-0.05330134
-0.15457056
-0.05108858
0.09760971
-0.03044209
-0.13336492
0.00362309
-0.03069686
-0.08875275
0.03313192
0.11101238
0.09002245
-0.05307435
-0.00137917
0.07198725
0.01904027
-0.02427958
-0.20142528
-0.16067383
-0.05013054
-0.04806052
0.00648791
0.02280689
-0.02362577
0.11332555
0.02741546
0.01619271
-0.14091767
-0.09072019
-0.12602177
-0.19018412
0.01731772
0.02122801
-0.02761880
-0.07813974
-0.00594528
0.07624824
-0.06673785
0.04711712
0.10159172
0.05854666
0.02001695
0.02382273
-0.04035470
-0.00998782
-0.04199096
-0.10863488
-0.04373595
0.00856181
0.04821207
0.00439790
0.01221308
0.08147705
0.07389044
-0.05205440
0.07178161
-0.02125765
0.02221701
0.02785038
-0.10041882
-0.03682441
0.08166870
0.02231213
0.05819964
-0.19220091
0.09145084
0.15078215
0.12864563
0.06545725
-0.07586082
0.05595908
0.20492435
0.15610501
0.01040673
-0.06279399
0.06138049
0.09960348
0.10662452
0.05277799
0.10882696
0.15047862
-0.04694564
0.02590395
0.12753224
0.11800286
-0.03788179
0.00024105
-0.01760224
0.06366605
-0.08109026
0.08981308
0.04625022
0.16920383
0.11515474
0.01901072
0.00273474
0.08230331
0.06305829
-0.00987572
-0.07003980
0.02793124
0.02040930
-0.08866966
-0.06032439
-0.02850169
0.02059212
-0.03784682
0.05762361
-0.02287179
0.01515234
-0.12409199
0.11079682
-0.00101692
0.01799823
0.12947433
0.19158864
0.08359958
0.00105652
-0.00165120
0.03259486
-0.08573321
0.00592542
0.06922530
-0.08883603
-0.00020211
-0.07792281
-0.12638991
-0.02115794
-0.01106575
-0.04395878
-0.03285377
0.07399658
0.06579742
0.11026549
0.00300551
-0.12801944
-0.00636213
-0.05712179
-0.13793840
0.02236687
-0.03307876
-0.12293200
0.00116091
-0.14721721
0.01016743
-0.06770181
0.00239279
-0.02129080
-0.11415780
-0.01462811
-0.09783002
-0.22507669
-0.11764659
0.01786883
0.03002110
-0.07567794
0.06845039
0.04422550
0.18065554
0.23125210
0.04082391
-0.03781831
-0.07352009
-0.02146548
0.08111688
0.02341570
-0.01824749
-0.02705596
0.00294253
0.11157555
0.11919412
0.08620571
0.09173774
0.01535711
0.11227667
-0.10454542
0.05362124
0.04700946
-0.08777621
0.00503668
0.04879626
0.22487210
0.24534190
0.20425287
0.07343730
0.11620409
-0.00625866
0.10344320
0.03465299
-0.09206858
-0.13570099
0.01466834
-0.03845757
-0.03353748
-0.02050359
0.06786800
-0.05388313
-0.07825791
-0.04805442
0.06072618
-0.02952447
0.02381552
-0.01102560
-0.05243568
0.00230997
-0.00435953
-0.00980131
0.06965758
-0.08394193
0.06580777
-0.14011900
0.05924706
-0.06248116
0.01300135
0.12762253
0.00781531
-0.00382661
0.00989042
-0.10738222
-0.01942161
0.16247301
-0.07667478
-0.14652418
0.03851636
0.01730199
-0.05571031
-0.15530361
-0.01231770
0.01024824
0.06613808
-0.10505797
0.11562879
0.13338806
-0.05504206
0.04869529
-0.01570840
0.10610674
0.21034807
-0.06142576
0.03425486
0.07622700
0.06270470
-0.09107445
-0.15465312
-0.16736312
-0.02042347
-0.11232844
-0.00092535
-0.01042177
-0.07565407
0.04202555
-0.07714660
-0.01080553
-0.16845362
-0.02129125
0.03280656
-0.18916248
-0.06800941
0.05265430
0.07936570
0.03962930
0.03721663
-0.00807418
0.00107689
0.07008391
0.02214494
0.03411163
-0.15125379
-0.03779809
-0.01796733
0.05020637
-0.05894952
-0.15568113
0.00267063
0.03654587
0.01390016
-0.04538523
-0.02200843
0.08893489
0.11027052
0.04033920
0.01022066
0.16048826
-0.03669059
-0.01660037
0.03696027
-0.14743677
-0.06023421
0.00458413
-0.09222658
-0.10396910
-0.14343740
0.09045459
0.10288265
-0.02997897
-0.02612999
-0.11922285
0.03507014
-0.04490617
-0.21148638
-0.11748754
-0.01654989
0.04341860
-0.05573548
-0.12533560
-0.09329127
-0.14350694
-0.04317184
-0.08804920
-0.01300825
-0.07196084
-0.05069801
-0.11926442
-0.11044665
0.00565825
0.08012559
-0.05844400
-0.18833265
-0.03664055
-0.05239791
-0.07565697
-0.05946257
-0.13294360
-0.00831525
-0.14291194
-0.15071522
0.00863484
-0.02999152
-0.00132245
-0.04617998
0.00456711
-0.20395701
-0.10416332
-0.18947318
-0.01886646
-0.00280599
0.00425487
-0.16830516
0.00390230
-0.03021000
0.02359805
-0.12989481
-0.10059164
0.07586028
-0.01665620
-0.11127673
-0.01831670
0.09423084
0.11688970
-0.04224841
0.01305694
-0.11103400
0.05280898
0.02008760
-0.08970015
-0.13264796
-0.26565909
-0.00763955
0.00745300
0.07134321
0.00718914
-0.09410079
-0.08234883
-0.12518346
-0.03031342
-0.02859272
0.02685958
-0.07814334
-0.09059285
-0.00402847
-0.02132517
-0.09123113
-0.16107996
-0.02310516
-0.02726061
-0.05121735
-0.04668074
-0.11452476
-0.03175353
0.01444080
0.06675740
0.01208903
0.04630300
0.04219409
0.04450366
0.01669125
-0.07145511
0.00651293
0.10512886
-0.03162412
-0.03328730
-0.08065833
-0.04702547
-0.00934847
0.03088544
-0.02274415
-0.02200447
-0.01249520
0.00999967
-0.06298652
-0.08442849
0.00536087
-0.04705371
0.10697750
0.08479554
0.00251716
-0.27739280
-0.21688990
-0.16890256
0.04897971
-0.17940372
-0.07525116
0.01167597
-0.15652923
-0.26434529
-0.00578412
0.06804168
0.05699816
-0.31229848
-0.19637182
0.00625672
-0.02744474
-0.10535293
-0.22240278
0.04293361
-0.07656235
-0.02812689
-0.02467826
0.00300445
0.02078365
0.00202293
-0.22689515
-0.08467078
0.06667595
-0.00378914
0.04794000
-0.12897225
-0.07318076
0.00012582
-0.00015259
0.07919404
0.04103877
-0.02311420
0.05270359
0.08811096
-0.03877053
-0.04284627
0.04890186
0.08173700
0.03380973
-0.08193998
-0.11225849
-0.01052528
0.01822722
0.00052039
-0.01062407
0.13489409
0.15988511
0.08060779
0.12850389
0.01446110
-0.12422809
-0.12076961
0.11357960
0.13684708
0.00322984
-0.09440676
0.11671555
0.08763893
0.07841461
0.11154103
0.02661292
0.17482318
0.10583020
0.03376545
-0.05141159
0.08867337
0.16779248
0.07249820
-0.00406228
0.01168180
-0.17448731
-0.37613577
0.01528029
-0.03135888
0.07740028
-0.18995613
-0.16590005
-0.08403416
0.04897276
0.00983379
-0.14267959
-0.01728465
0.01653235
0.08913452
0.03307131
0.12644377
0.06365164
0.09499002
0.05678987
0.03183392
-0.12733309
-0.12523647
0.07832281
-0.11227765
-0.03656008
-0.02702635
-0.05463684
-0.19689485
-0.05239286
0.04132128
-0.07729416
-0.07437597
-0.03914590
-0.12393426
-0.08388209
-0.04527128
-0.02253909
0.04328006
-0.10961478
-0.22438563
-0.05177154
-0.03445406
-0.01118747
-0.18033533
-0.20145226
-0.03025011
-0.02750950
0.04657551
-0.04196788
-0.09401975
-0.22515731
-0.02985194
0.15684432
0.08213745
0.16833168
-0.04941629
-0.10706816
0.06483249
0.03448770
0.02991661
0.04320274
-0.28289807
-0.02045445
-0.01911162
0.16832392
-0.10710926
0.00725406
0.07525299
-0.03570577
0.11944001
-0.20721559
-0.15058626
0.00445280
0.11613203
0.19306323
-0.05455764
0.01125098
0.01690968
0.16431062
0.09066314
-0.00348730
-0.06465797
-0.04531817
0.01911061
0.04229066
-0.05860131
-0.12324539
-0.15559301
-0.15476927
-0.01941309
0.00915826
-0.07407358
-0.09999057
0.04275865
0.04346269
0.11714914
0.03256037
-0.08808590
0.03998080
-0.01379028
-0.06623202
-0.11376610
-0.17889367
0.02794915
0.08092542
-0.13173389
-0.04381621
-0.14488354
-0.24073392
-0.06266499
-0.11772955
0.00175173
-0.09928850
-0.16556963
-0.11978485
-0.01909534
-0.01895319
-0.16534550
-0.13560711
-0.11766823
-0.05307745
0.02802020
-0.04704144
-0.18127844
0.05341747
-0.16248249
-0.02853371
0.06823526
0.06270093
-0.02419844
-0.20016985
-0.00364279
0.09090964
0.07023347
0.02161415
0.01106503
-0.05923155
-0.00823980
-0.05004549
0.04950099
0.02849251
-0.00476063
0.10663691
-0.01171616
0.01098135
0.13058148
0.01655388
0.05874233
0.01831018
0.03028279
-0.11756179
-0.09972334
0.14007816
0.03904664
-0.06977935
-0.08636393
-0.17369545
0.10040987
0.00586861
0.05290627
-0.04559460
-0.11642217
-0.04212461
-0.07211103
-0.11903212
-0.17708772
-0.08325477
-0.04523799
-0.06107038
-0.05463291
-0.02300018
0.05448907
0.03835013
0.06327115
0.02346408
0.11278883
-0.07977889
-0.02123988
-0.03245600
0.01827244
0.10336813
0.03840742
-0.01926052
0.01416478
0.02677527
-0.02475834
0.04362520
-0.09219338
0.07562641
0.07220700
-0.08284822
0.03021925
-0.10393995
-0.08043046
-0.01606311
-0.19381705
-0.07984557
-0.03051324
0.01927907
0.05994985
-0.04989206
-0.09617258
-0.02621357
0.01877795
0.04615168
0.08354114
0.02343426
0.03131788
-0.05364129
-0.10933489
0.17723081
0.03688552
-0.10347959
-0.04723373
-0.12932457
0.06577781
-0.06385279
0.04882390
0.04308330
-0.00820392
-0.15068890
0.01518945
0.13358362
0.02229060
-0.14381319
0.09948710
0.02350962
0.00781944
-0.03833901
-0.03264131
-0.02592709
-0.07191721
-0.02648473
-0.01811725
0.08296250
0.01709944
0.11700843
-0.00814549
0.04532876
0.05157802
-0.09030855
-0.03900036
-0.11653472
-0.07969953
0.00055147
-0.27265939
-0.17700422
-0.08744767
-0.13263021
-0.06826770
0.03011737
-0.09550904
-0.13069329
-0.08036451
0.05129838
0.02279057
-0.01559244
-0.00367352
0.08826672
0.08872651
-0.02731698
0.09436514
-0.04215012
-0.06061856
-0.03861464
0.10498320
0.08591182
-0.01618784
0.01944199
-0.01251448
-0.07288732
-0.10249112
-0.07917982
-0.04554740
-0.18024185
-0.00995160
-0.05151525
0.02409402
-0.11347545
-0.03492302
0.14936753
0.00508704
-0.03600411
-0.09049112
0.01660453
-0.01736905
-0.00148913
0.10077618
-0.05092510
-0.03830756
0.00310065
-0.00619726
-0.05912038
-0.15860094
0.00962917
-0.04725694
-0.11438338
-0.20973279
-0.11320305
0.02971309
0.10041286
-0.14732902
-0.16373481
-0.02076032
-0.01486232
0.00778110
0.01915003
-0.04200568
-0.06440199
-0.12658936
0.03651151
0.03094706
-0.06739107
-0.04560585
-0.03312450
-0.05139088
-0.02170793
-0.05920222
0.10117370
0.01198191
-0.12256649
-0.07309679
-0.04303625
-0.00501087
-0.02566634
0.15863556
0.08007533
0.12659866
0.01787594
-0.04084765
0.15406206
-0.01375688
-0.12514342
-0.04822022
0.02526687
0.04618721
-0.02986878
-0.04003971
0.08690060
0.08282021
0.12603453
0.02014237
0.11907138
-0.10070557
-0.05409021
-0.07081848
-0.16151127
-0.30324543
-0.23490706
-0.05408037
0.00341128
-0.10173038
-0.05265786
0.00769303
0.14209922
0.06175642
0.04603892
0.06366837
0.00940786
-0.01985795
-0.05654069
0.05355213
-0.03597245
-0.02367720
0.03592934
-0.02619373
-0.05723113
-0.07490262
0.04082007
0.07964234
-0.08247386
-0.05398035
-0.02390703
0.04522907
-0.06158589
0.00576083
0.18525742
0.13023093
0.09043480
0.09591293
0.08305047
0.05960567
0.07873941
0.03694518
0.05104536
0.08402599
0.03497595
0.17327105
-0.05851378
0.01242954
0.06317732
-0.04112208
0.05723020
0.05160982
0.06720196
0.05096404
0.01133044
0.07879107
0.10173375
-0.01125586
-0.00582353
-0.00036883
-0.07223528
-0.15005474
-0.01391037
0.11571699
0.10227317
-0.10142848
-0.09581027
0.02491938
0.04477635
0.03600381
-0.00376073
-0.02905932
-0.00422499
0.04943138
0.01044185
0.00008927
-0.02112685
-0.00922043
0.06105093
-0.01142075
-0.05781473
-0.04340772
-0.02506659
0.05874034
0.03349219
-0.02657069
0.02095814
0.12287457
0.11726656
0.03995721
0.07922015
0.00819870
-0.01265364
0.02713783
0.03146835
-0.00235509
0.00006913
0.00650817
0.00913742
0.03865600
0.02797019
0.07436760
-0.02754554
-0.04774197
-0.07612732
-0.03250238
-0.02428250
-0.16190290
0.09032966
0.11634702
0.12766266
0.03469641
0.05236207
-0.01942530
0.05743679
-0.00611625
0.04239074
-0.11658515
-0.08810648
-0.02044285
-0.11423285
0.11658253
0.08514916
-0.06672002
0.00898620
-0.08627061
0.02965809
-0.10029782
-0.12732302
0.00385706
0.02109526
0.07299896
0.11095776
-0.00861605
-0.05547376
-0.06879014
-0.07320016
0.01874449
0.04907113
-0.01383412
-0.07285251
-0.09330554
-0.02261564
0.05875141
0.03008121
0.04926747
0.09322305
0.04434201
0.01067145
0.00355046
0.08161957
0.15297262
0.08549735
0.03394773
-0.04251223
-0.03027382
-0.05280805
0.03361415
0.11152238
-0.03362559
-0.15701932
-0.08412676
-0.11885173
-0.03608980
-0.00138537
0.02467636
-0.08334523
-0.08331616
0.02907495
-0.09151607
-0.03231649
-0.07211559
-0.14627109
0.02387263
-0.00115346
0.08363641
0.03669962
-0.10294406
0.04501110
0.05280118
0.00600048
-0.02355642
-0.08033720
0.07506876
0.05456329
0.04121738
0.05618351
0.02016037
-0.00135247
-0.00608358
0.01555809
0.08603621
0.05841178
-0.00678054
0.06005395
-0.07799598
0.07450245
0.00741948
-0.05484471
0.05128155
0.04696771
0.07914022
0.07700440
-0.09965914
0.00936595
-0.00420782
-0.00103007
0.06806900
0.20969671
0.18595332
-0.02664331
-0.04011103
-0.14692080
0.15004499
-0.06751224
-0.13654479
0.02322240
-0.10703038
-0.02631371
0.02043948
-0.12549070
-0.11911035
0.01233678
-0.01451835
-0.02761850
-0.02709425
-0.07856347
0.01542496
-0.13958588
-0.08819420
0.03108365
0.02249778
-0.03244420
0.09578397
0.02822719
-0.04674882
0.02949161
-0.05777806
-0.19025607
-0.17262684
0.05920942
0.02833606
0.00089868
-0.10092244
-0.04993901
-0.03759909
0.03772644
0.05103534
0.03658167
0.03357723
0.03445832
-0.18928750
-0.00810183
0.11456431
0.04448347
-0.07240061
-0.10725878
0.04317038
0.09679567
0.11370262
0.16969177
0.18769899
0.06298093
-0.01250505
0.04878199
0.12251843
0.15739051
0.02149485
-0.11000994
0.06230029
0.05588978
-0.00322436
-0.05968386
-0.08738083
-0.03821917
0.10872055
0.08744078
0.04031387
-0.08211740
-0.09354192
-0.03175964
-0.05214075
0.05821575
0.04776112
0.00576080
-0.07534445
-0.04302480
-0.22884175
-0.06179924
-0.11538233
0.01161115
0.09229442
0.02165983
-0.05863993
-0.01095532
0.02700721
0.01570810
0.15713578
-0.00302367
0.02623338
-0.04059800
-0.12663491
-0.08672854
0.08601478
0.05382411
-0.00399880
0.00221542
0.04565150
0.08349014
0.02604899
-0.08188540
-0.06380954
-0.14557020
-0.07991756
-0.02225163
-0.00647919
-0.02746876
-0.05180985
-0.19482441
0.05855385
0.14846233
0.10415874
0.09634923
-0.00308764
0.04243319
0.04600498
-0.02065737
-0.05337251
0.00749258
-0.04106404
0.06973352
-0.02486094
-0.00487718
0.06338657
0.08215529
0.02919157
-0.04953367
-0.07898124
-0.04391038
0.04888600
0.08581827
-0.03270609
-0.03237455
0.10194220
0.00451901
0.03880746
0.04210737
0.08176576
0.03746383
0.07294678
0.06691725
0.05573573
-0.02037399
0.04405291
0.00656662
-0.02417656
-0.03705170
0.01956188
0.01906253
-0.01079297
0.10260741
0.06110617
0.11268609
-0.08238913
0.05925495
0.07000671
-0.02218474
-0.04467291
-0.13913366
0.02769738
0.02167396
-0.04316937
-0.10103702
-0.01593624
-0.01971104
0.09103208
-0.08454382
0.08065563
0.03289213
0.00163743
-0.05616881
0.04311296
-0.07134078
0.19653706
0.12682712
0.04132155
-0.01602741
-0.17874660
0.04528597
-0.03104631
-0.07521246
0.13457225
0.03377261
-0.06731011
0.03649804
0.00198688
0.05653351
0.05446237
-0.01829628
-0.04673424
-0.04558206
0.06921924
-0.04327154
-0.05921344
0.02766223
0.08862783
-0.09933405
-0.02928302
-0.08257215
-0.13753161
-0.09953512
-0.09849405
-0.14889753
-0.08168916
-0.16827722
-0.06226805
-0.04234197
-0.09544516
0.04211762
-0.00102801
0.07060865
0.07961237
-0.02745674
-0.01598446
0.00079657
0.03207777
-0.07479420
0.03896796
-0.08986399
-0.04069002
-0.02976032
-0.08109802
0.02719349
-0.15970284
-0.07715485
-0.02109607
0.13528146
0.05606939
0.01736056
-0.09225789
-0.08497214
0.03708449
-0.08377017
0.00687602
-0.09084368
-0.03062185
-0.10489059
-0.09475339
0.07236399
0.04111490
0.01722202
-0.07283802
-0.00303692
0.00996157
-0.22346753
-0.07354371
-0.09001334
-0.07697549
0.32858959
0.25956944
-0.02561398
0.07890034
0.01963292
0.25290382
0.01631471
-0.04667697
-0.02442738
0.05252913
-0.08978417
-0.11076967
0.00210805
0.08229841
0.01601763
-0.05337611
0.04136090
0.10179836
-0.03067537
-0.02869979
0.07883756
0.05231081
0.03266066
0.08587871
-0.00826469
0.02606048
0.05267297
0.06188404
-0.00625338
-0.08011197
-0.03366043
-0.00047197
-0.05880759
-0.06400045
-0.03126029
-0.06201309
0.05289299
0.07096762
0.14061914
0.13024904
0.04059128
-0.03376418
-0.02035369
-0.00925069
0.09026664
0.00638615
-0.14067729
0.01070925
0.12571970
0.03624104
-0.08088158
-0.02045643
0.01933718
0.02868956
0.10547809
-0.14820139
-0.10457038
-0.04156635
-0.10800450
-0.15506595
-0.11550328
-0.09190569
0.02575787
-0.02145965
-0.00785993
0.10863921
-0.08790434
0.04536750
-0.01445871
-0.02330566
0.12336054
0.07551318
-0.01820985
-0.12077890
-0.07928100
0.00256240
0.03515404
-0.06845175
-0.16159481
-0.13035792
0.15543009
0.04823392
0.01055540
-0.12758268
-0.13661270
0.17843515
0.09960485
-0.01891995
-0.05838050
0.13257101
-0.08813907
0.03879677
0.06437077
0.04988091
0.12737702
0.08704833
0.05220418
0.01435143
-0.03936448
0.01345793
0.16572180
0.28935260
0.17537025
0.04061644
0.00687485
0.17966878
0.09495728
0.06449559
0.09802873
-0.04502236
-0.08352084
-0.08165432
-0.01976719
0.08023667
0.15338755
-0.00750680
0.06453553
0.12734206
0.11330753
0.09870243
0.11676437
0.01419886
0.08854003
0.12059467
0.10559048
-0.12089954
-0.03511586
0.05335735
0.13718297
0.05246935
-0.11637358
-0.04784663
0.05736582
-0.02235677
-0.27703303
-0.06342450
-0.03634393
0.00013822
0.00392007
-0.07336055
-0.01316866
0.00676729
-0.04364181
-0.04596782
0.05109462
0.13238406
0.03383547
-0.13890783
-0.03002071
-0.03233770
-0.14356872
0.03060031
0.08085434
-0.04570188
0.01520821
-0.19868250
-0.12087513
-0.03130620
-0.00338101
-0.03142175
-0.07702821
-0.17121598
-0.00938424
0.07482549
0.02348701
-0.08036063
0.07503743
0.15267506
0.11364654
0.06465250
0.08748880
0.04962606
0.11180897
-0.04195031
-0.08145552
0.00147344
-0.05911697
0.06433046
0.01068714
0.11223868
0.05682037
0.07419873
0.07509064
-0.03705595
0.01710662
-0.12915719
0.03007305
-0.00219017
-0.06664801
-0.00853326
0.10858943
-0.00016997
0.05579270
0.05527375
0.00446056
0.02758671
0.00471080
0.02256039
-0.04504278
-0.06765835
-0.16995649
0.03265632
0.02449030
-0.06507058
-0.06872998
-0.03053000
0.03580948
0.01623959
-0.05738931
-0.10035658
-0.04759583
-0.17713335
-0.07467805
-0.07225667
-0.18008110
-0.20050861
-0.06988007
-0.10965716
-0.15931430
0.00836156
-0.12142891
-0.12868983
-0.00262269
0.04792013
0.06805134
-0.07420082
-0.04638650
-0.04579716
-0.08300605
0.08799252
-0.07392640
-0.09716848
-0.01438403
-0.02850625
0.05931900
-0.13545831
-0.05632250
-0.04770963
0.06351545
0.03582082
0.05138094
0.00078832
0.05497750
0.11119026
-0.00599178
0.08218637
0.06445476
-0.00354351
-0.00020133
-0.08166890
-0.11510093
0.03858142
0.02438996
0.01674301
-0.11738864
-0.08103599
-0.01764827
0.04598309
-0.09022217
0.05328303
0.04706157
-0.08369570
-0.19868694
-0.19483840
-0.22931816
-0.10315727
-0.15122886
-0.05015794
-0.08023837
-0.13835034
-0.00949103
0.05910970
0.03551748
0.00915586
0.07185668
-0.01824326
-0.00773773
-0.04396667
0.04531714
0.16160424
0.03446448
-0.04925511
-0.06738198
-0.03174216
0.01601590
-0.10061631
-0.05234297
-0.05707827
-0.02640924
-0.01092595
0.10046735
-0.07303736
0.00279887
0.04819120
-0.01264866
0.13841714
0.02497908
0.07226060
0.03590827
0.02643965
0.02998186
-0.04227381
-0.01646248
0.02805068
-0.12785564
-0.08317251
-0.04388190
-0.03861123
-0.01208361
-0.03520614
-0.04397409
-0.03550649
-0.00954129
0.03667359
0.18883212
-0.13287292
-0.07727658
0.03255423
0.07200119
0.04655959
-0.05598231
-0.09513052
0.04838578
0.10240591
0.01349349
-0.05118393
-0.02341172
-0.00561515
0.08274429
0.09190314
0.14176202
0.06783266
-0.10368071
0.06322318
0.14363953
-0.02701978
-0.04335400
-0.10960890
-0.08437205
-0.04080077
0.03586352
0.13721469
-0.07980666
0.07014347
0.01031220
0.07658289
0.03160683
-0.00173133
0.04147575
-0.03509209
-0.10334912
0.01087399
-0.03942090
-0.08514038
-0.00947065
-0.08327846
-0.11253034
-0.04153905
-0.08214948
-0.13878587
-0.21826144
-0.15289663
-0.11172874
-0.04637133
-0.32716158
-0.17048204
-0.26432571
-0.14055033
-0.11753540
-0.07838999
-0.01552965
-0.16977967
-0.06715586
0.04116838
0.06521678
-0.06772374
0.02580665
0.18459512
0.08772073
-0.12976031
-0.21796675
0.13392483
0.02402138
-0.06297448
-0.17804660
0.02090563
0.06142898
-0.13820982
-0.03288234
-0.20632969
-0.07987334
-0.05934262
-0.14686640
0.08703893
-0.10967679
-0.14568870
-0.20991956
-0.18694635
0.03940886
0.00288241
-0.09563322
0.00013824
0.22193140
0.07575848
0.00995679
0.00173223
0.12503117
0.05528488
0.06912128
-0.03071121
0.15697266
0.17104363
0.00309982
0.13386038
0.04084364
0.06433623
0.01548786
-0.04220412
0.02275212
-0.10654096
0.08573372
0.00397726
0.01465025
-0.10539714
-0.05334515
0.01593065
-0.06689944
0.05876678
-0.07569615
-0.05942420
0.02424428
0.07882181
0.06315906
-0.08128744
-0.01159378
-0.03764802
-0.06976026
-0.02995995
-0.16512196
-0.32002535
-0.08868728
-0.05978967
-0.03062933
0.01371767
0.03540746
0.09072533
0.13672255
0.02582250
0.01491432
0.14512876
-0.01817785
0.13888678
0.09015377
-0.02312231
-0.10961506
-0.07006172
-0.09307054
0.09103353
-0.04721442
-0.27749375
-0.20744549
-0.04512684
0.12397920
0.00892810
-0.05740913
-0.06640699
-0.06836194
0.16976118
0.05472950
0.00752595
0.02537866
-0.03371156
-0.10997780
-0.01213582
-0.03018471
-0.10281455
-0.17748234
-0.23099954
0.06932076
0.09997167
-0.23438974
-0.10447739
0.10752870
0.20692530
0.18945840
-0.04599138
-0.01639017
0.08473370
0.10306659
0.14184049
0.07759865
-0.00822069
0.09143529
0.03014525
-0.04553054
-0.05330085
-0.03182046
-0.04861412
0.04338222
-0.04409810
-0.01121559
-0.02208005
0.00813102
-0.05419331
-0.15278381
-0.03980722
0.02065196
0.01917448
0.02521661
0.10344481
0.04836719
0.07646611
0.09006065
0.08672915
0.20824136
0.11545311
0.13003615
0.06279180
0.07886957
0.03940308
-0.06546491
0.04923764
0.11908326
0.15051179
-0.05148419
0.08953831
-0.00736809
0.05132028
-0.03372141
-0.15123193
-0.04433301
-0.05321053
0.08239450
-0.08521611
0.04441643
-0.06530806
-0.07104686
0.04231240
-0.07013188
0.03320999
-0.01515302
-0.08313885
0.12186711
0.07762404
0.04757604
-0.03296526
-0.06089878
0.02811523
-0.07911360
-0.04857524
0.00688386
0.06364325
-0.06178339
-0.08073662
-0.21329004
-0.06674599
0.01394382
0.04587296
0.01484197
-0.11367358
-0.03476414
0.08600445
0.07503746
-0.00485940
-0.03634302
-0.03575630
0.00711186
0.01664038
0.04705725
0.00272314
0.05960704
-0.01382133
-0.08599029
0.04849285
0.03105728
-0.13152799
-0.00268747
-0.07331235
0.00486137
0.23903541
0.07854846
0.00849716
-0.01809720
0.13084340
0.10687470
0.09405626
-0.05917774
-0.18968877
-0.02456858
-0.03902469
-0.09560475
0.13636321
-0.04981183
-0.05699896
-0.12048830
-0.15088776
-0.07759494
0.04493697
-0.12024746
-0.12538232
-0.16262804
-0.07275004
0.04546912
0.00230811
-0.01438478
-0.10166982
0.04411973
-0.05461603
-0.14365274
-0.18025692
-0.19625120
-0.00430657
0.08124801
-0.01371184
-0.00412867
-0.03927480
0.14213814
-0.00739724
-0.05880636
-0.14789531
0.19133714
0.04211553
-0.07338604
0.00943810
-0.24872941
-0.07248967
-0.16948837
-0.04845092
0.05854146
0.17676033
0.00857976
-0.09990836
-0.10953483
0.05463592
0.12312905
0.16414000
-0.00098341
-0.07223179
-0.12184093
-0.02918867
0.04059153
-0.01767783
-0.04815948
-0.10582613
-0.07891224
-0.10911405
-0.08428385
-0.07120574
0.01919888
-0.08028685
-0.14215626
-0.13173069
-0.21489917
-0.11386911
-0.02219502
-0.19543695
-0.01466653
0.05589421
0.02016893
0.07633154
-0.08296625
-0.02408662
-0.04908953
-0.11373974
0.01284172
0.04956749
-0.09713865
-0.01112177
-0.11783056
-0.24437468
0.04804301
0.00087622
-0.01312421
-0.06195119
-0.22303838
-0.18908960
-0.07951390
-0.03842529
0.01639245
0.16135851
0.06059449
-0.07168557
-0.16719264
-0.00846924
0.11447424
0.15320046
-0.04051422
-0.11145930
-0.11108228
-0.06486060
0.12069637
-0.02156061
0.01565365
-0.15656887
-0.02847579
0.02653272
0.02841463
-0.08888403
-0.18342346
-0.12822442
-0.16649000
-0.03484057
-0.16983359
-0.03894326
-0.14879282
0.01644313
-0.12753978
-0.21391511
0.01049422
0.04868987
0.08362742
-0.19091992
-0.10606354
-0.06678054
0.00782026
0.12900548
-0.12994744
-0.05407668
-0.12566690
-0.04388919
0.03119220
0.08743712
0.00000179
-0.12252191
-0.06764207
-0.13865966
-0.09845717
-0.12549545
-0.10605916
0.08991984
-0.12200207
0.14543283
-0.03922403
-0.14009941
0.12781321
0.10818806
0.04609187
-0.14230512
-0.23890388
-0.12916309
0.12010529
0.01772738
-0.01384944
-0.19876452
-0.20573197
-0.04580870
-0.06159462
0.08135968
0.00783249
-0.15209310
-0.16805656
-0.22232857
-0.08507060
0.01193572
-0.04799766
-0.10956623
-0.02235275
0.00810398
0.00031007
0.07762900
-0.04983165
-0.08437381
-0.05118030
0.09291343
-0.13261475
-0.16424851
-0.01131092
-0.00880723
0.02711438
-0.13040709
-0.07633527
0.00088929
0.04012738
-0.00100025
-0.14983757
0.02793196
0.02522620
0.00227454
0.06043888
-0.00058011
-0.24778935
0.05590124
-0.13419609
0.05719464
0.00535402
-0.31514657
-0.05536100
0.07307180
0.12724827
0.02505326
-0.05423249
-0.06206195
0.17198117
0.08461144
-0.10569157
-0.00586219
0.11810584
0.08331685
-0.00641248
-0.21206845
0.10197252
-0.11948733
-0.08777026
-0.05948494
0.09402140
0.06599224
-0.21276832
-0.07651541
0.10736423
0.04881646
0.05670036
-0.10489710
0.08594061
0.10150936
0.15184572
0.04699506
0.01721906
0.09522893
0.09617051
0.05998273
0.06643575
0.05250188
-0.04329469
-0.09421340
-0.13973890
-0.04433937
-0.17041549
-0.12276869
-0.02042789
-0.01637502
0.05961583
-0.17027622
0.10183474
0.11622295
0.08655789
-0.02717925
-0.11024773
0.05793752
0.04963227
-0.07262834
0.13227269
-0.03924737
-0.05701559
-0.14399759
-0.04623076
0.08142136
-0.00622724
-0.04679075
-0.02894458
-0.16151179
-0.09723530
-0.07306740
0.00905961
0.14112599
0.15661998
0.05114926
0.03227209
0.07847989
0.15409873
0.08802985
0.06387161
0.15283844
0.01549110
-0.04816655
-0.06447446
0.00550411
0.27577513
-0.01217163
-0.01549609
-0.10486563
-0.00104011
0.06099427
0.09797250
-0.06890689
-0.02429606
-0.08810628
0.01310701
0.11340892
0.28277379
0.30307788
0.10076568
0.05885001
0.01144131
-0.03377409
0.01676009
-0.07715040
0.02909834
-0.13234034
0.02995301
0.17937388
0.09620999
-0.00825597
-0.10278264
0.04700335
0.05534368
-0.02886420
-0.08225214
-0.02024824
0.01489402
-0.16651005
-0.08392910
-0.00421979
0.01077073
0.03523568
0.04794178
-0.02725225
0.06795549
-0.02054573
-0.12332809
-0.10560021
0.13929649
0.02045256
0.10099403
-0.04991322
0.11171760
0.03727945
-0.04436861
0.04589587
0.08987959
0.06407871
0.02607860
-0.00078382
-0.04194660
-0.04103534
-0.12354061
-0.17051610
-0.19670171
0.04905885
-0.01577447
-0.11097435
-0.09226396
-0.14813612
-0.00274988
0.03934178
-0.03365465
0.13092105
-0.08165356
0.03557745
-0.13142757
-0.08153228
0.04060882
0.09076872
-0.07110060
-0.15726836
-0.17600621
0.07296225
0.09654666
0.02683489
-0.14519975
-0.17526844
0.07668236
-0.02396086
-0.14476880
-0.16316018
-0.13841808
-0.00920383
0.17428704
0.07724872
-0.10892597
-0.13679691
-0.02907142
0.26048806
0.01186178
-0.01743482
-0.07539923
-0.04284776
0.22710367
0.07205437
-0.02588058
-0.06335511
-0.01045037
0.02607229
0.13766503
0.03134263
-0.06450942
-0.21370839
-0.19550481
-0.02443339
-0.06787700
-0.03036724
0.11377375
0.03793868
-0.01267576
-0.03714383
0.07090786
0.05372529
0.08246756
0.03988649
0.06861891
0.03780612
-0.04798881
0.05002845
-0.04775584
-0.04807104
0.05994575
0.05136477
-0.03366361
-0.10096706
0.02471040
0.18832242
-0.00016446
-0.08783768
0.07313150
0.07092685
0.12799661
-0.07250822
-0.08889706
-0.04277383
-0.05102349
-0.00218546
0.00420318
-0.12860085
-0.04850310
-0.06563252
-0.13789257
0.07885642
0.07513589
0.10469952
0.01390500
-0.07239212
0.18361492
0.14824617
0.04205759
0.00521047
-0.10831549
-0.16488649
-0.11709554
-0.09394892
-0.09488751
-0.07859243
0.04519456
0.04903840
0.04472984
-0.03970670
-0.04969220
0.10820414
0.20551735
0.12994653
0.02818877
0.02683102
0.03694287
-0.00267742
0.00107497
-0.01227299
-0.05141548
0.03779926
0.01064928
0.04018143
-0.05958180
0.06048543
-0.01831408
-0.12704404
-0.19246837
-0.01098372
0.06642860
-0.06743047
-0.00783977
0.03821500
-0.00645870
0.03090155
0.12331849
0.13927057
-0.00216628
-0.03781047
0.11312911
0.14611584
-0.05242525
0.01762477
0.03587175
-0.08859387
-0.00403716
0.03792694
0.01646620
-0.07909396
-0.13090464
-0.07867878
-0.12820618
0.02895237
-0.05163573
-0.03655248
-0.00127934
0.01714234
-0.06550391
-0.01380804
-0.03630795
0.09744003
0.13027914
0.04581887
-0.04580505
-0.01966170
0.09579374
0.00411068
-0.02612144
-0.04625113
0.05875399
0.09891109
-0.04219970
-0.03019154
-0.03431702
-0.00539361
-0.00708936
-0.17098956
-0.07065082
0.05330787
0.01189556
-0.07988690
-0.06287821
-0.12634552
-0.16379187
-0.07471305
0.13528863
0.07085975
0.08119945
0.01557899
-0.08179124
0.02457187
0.08326045
0.02209159
0.07171944
0.01362172
-0.04416959
-0.05673488
-0.00768280
0.07318132
0.07091543
-0.17190437
-0.08184960
0.07173160
-0.07253470
-0.04439783
-0.10222779
-0.11071789
-0.04043556
0.02037288
0.05644365
0.13406707
0.07667798
0.14581941
0.11751080
-0.00005036
0.05707415
0.04678271
0.07618766
-0.13137963
0.02417779
0.01749300
-0.06657711
-0.20452979
-0.00657526
0.04838932
-0.08386312
-0.02830716
0.04808153
0.03723644
0.05265744
-0.00298714
0.04080702
0.07989876
-0.07673585
0.02284119
0.07590173
0.03403056
0.01252872
-0.05557845
0.12242247
0.15338080
0.03679983
-0.06446379
-0.01639930
0.02807564
0.05272397
-0.00749251
-0.05110323
-0.01636630
-0.04329628
0.11103275
0.13288066
0.13222025
0.13280885
0.13786022
0.02416066
-0.00939179
0.08072314
0.03768639
0.08490404
0.00366928
0.02459649
-0.05951472
-0.01412711
0.06833088
-0.16271450
-0.17605847
-0.00763753
0.07028842
-0.00374568
-0.13022701
0.15545665
0.09366276
0.02718026
-0.10169686
-0.08111728
-0.15253781
-0.14891626
-0.13919155
0.07150170
-0.29650539
-0.01969767
0.02975778
-0.12766442
0.04243055
-0.07523664
-0.01656784
-0.08587282
-0.19440582
0.02459444
0.08680193
0.03790092
0.04231760
0.11484889
0.04343372
0.05863395
0.01855868
0.08087340
0.07818661
-0.00752433
-0.02505100
-0.03181881
-0.07990582
0.06419919
0.05704618
-0.08611317
-0.02090700
0.00348638
-0.07452403
-0.10885943
0.05271662
0.07479150
-0.04697886
-0.01775323
0.06697463
0.13554740
0.06238834
0.02886394
0.03218589
-0.15033099
-0.04723300
-0.00912371
0.10011736
0.00946019
-0.03212883
0.02062014
0.05885979
0.05747052
-0.00080706
0.17665881
0.04615784
0.10746314
-0.03369685
-0.02233071
0.04679774
0.02106995
0.10152344
0.01795669
0.06269281
0.09001411
0.02712448
-0.00589085
-0.09874710
0.02751774
0.07397874
0.03055397
-0.04808677
-0.09513731
0.08820198
0.13664344
0.01973497
0.04647515
-0.10971443
-0.21674323
-0.06416561
0.05064329
-0.04602437
-0.11596511
-0.19110109
-0.05844432
-0.13522947
-0.07856891
0.05341251
-0.01417098
-0.10856682
-0.00877290
0.02548889
0.02961483
0.06303435
0.10706311
0.00963886
0.03905658
0.03134616
-0.04236592
-0.09742062
-0.13978697
-0.23754188
-0.20281306
-0.02096344
-0.17388140
-0.15980469
-0.16005404
-0.01473732
-0.04813569
-0.13217491
-0.00127702
0.03637192
0.11401097
-0.08273501
-0.18529667
0.02210500
0.15142091
0.14179204
0.03593358
-0.16605699
0.05334064
0.05884076
0.09999962
-0.08465624
-0.11483181
0.05429843
-0.00828967
0.02392023
0.04148474
0.10253939
-0.02100704
0.01689826
-0.16942483
-0.06677569
-0.00066919
-0.03589504
0.04015452
0.02527721
0.11330270
-0.03834042
-0.07227389
0.03498330
0.02009458
0.07695534
0.12292016
0.03592945
-0.05277003
0.01892860
0.02241199
0.27075267
0.17278175
0.13324508
-0.03337010
0.00548487
0.00579746
0.02135962
-0.09751060
-0.11447307
0.06455874
-0.09096213
0.05394871
0.05242034
0.07523887
-0.04637416
0.00975346
0.22514814
0.04723230
0.10537636
0.08382694
0.05212340
0.04616166
0.04493879
-0.07059281
0.04160444
0.01749393
-0.12571366
0.03889385
0.03582345
-0.03975294
0.02926245
0.01731502
0.07672171
-0.06891283
0.00194913
0.02188610
0.10705911
0.10600146
0.01483478
-0.01459228
-0.05577338
-0.05988488
0.05490344
-0.01177921
0.08858177
0.03854732
-0.02617231
-0.02915457
-0.04289904
0.03725525
0.12503080
0.00467478
-0.05041287
-0.00264360
-0.06087891
0.01327079
-0.09249337
-0.13828696
0.04739510
-0.00462747
0.06414276
0.02193674
0.02034726
0.05610671
-0.04957254
-0.01224366
0.19003409
0.02239886
-0.05003834
-0.00670822
-0.06683202
0.10765122
0.07716488
0.01710333
-0.02488616
-0.05576926
-0.06401344
0.04220260
0.05319901
0.07342315
0.04014300
0.11048234
0.07030152
-0.06011042
0.01321762
0.02871104
0.20540284
0.06374323
0.02930875
0.00154468
-0.07510829
0.10943833
0.08533333
0.10035105
-0.07448257
0.00253259
0.05894155
0.06511299
0.00256991
0.00838971
-0.07738639
-0.00811141
0.11973231
0.14154108
0.17825504
0.11360265
0.10307216
-0.02848982
-0.03418798
0.02787269
-0.10337158
0.00822597
-0.12653084
-0.10649142
-0.04351649
-0.01886365
0.11464829
-0.06157714
0.01921499
0.04164699
-0.05991119
0.02497649
-0.01020741
0.00870697
0.03030808
0.01754351
-0.03078527
-0.01791080
0.04176100
-0.06421852
0.03961534
0.00632214
0.01452844
0.01180707
-0.08115087
0.02350768
0.08846544
0.08169185
-0.03899142
-0.02188684
-0.00614397
0.07125767
0.01174798
-0.03465883
-0.01034931
0.03721507
0.05586087
-0.03392795
-0.00096736
-0.00105135
0.07961649
-0.08535832
-0.04568043
-0.12638031
-0.09971402
-0.02538814
0.04072829
0.02179241
-0.05272470
-0.07612687
-0.07555743
0.07681566
-0.05918109
0.02881966
-0.00935362
-0.12704761
0.02905637
-0.06678123
-0.08743142
0.01733417
-0.07054901
0.12336724
-0.04551897
-0.00890966
-0.05533686
0.08550190
-0.09863290
-0.03209109
0.05708475
0.04354678
0.13828187
-0.13847925
0.09130533
0.08517046
-0.00030583
0.05036012
0.08789977
0.07761626
0.09220346
-0.04738146
-0.10524787
0.07815751
0.03823560
-0.02675467
-0.09959982
-0.19882913
-0.02730533
0.04194779
0.00933065
-0.03859502
0.00261375
-0.00565074
0.10435357
0.12525019
0.02756532
-0.03959372
-0.04529684
0.10835083
0.04997426
-0.15190879
-0.10199201
0.00423594
0.01143171
-0.11172755
-0.05840660
-0.00163580
0.06411864
0.02217095
0.01508142
0.06484294
-0.07325967
-0.10914832
0.00006488
0.00885783
0.04034468
0.01372560
0.00139111
-0.10961115
-0.27686161
-0.10228702
-0.01056504
-0.06756997
0.01179612
0.03305029
-0.01523200
-0.07121944
-0.19216794
-0.14968850
0.08841326
0.05246273
0.03481853
-0.24776262
-0.14873661
-0.00298066
0.02449882
0.05163363
-0.04710004
-0.06389298
0.04068894
-0.00555964
0.00277670
-0.13551642
-0.17899780
0.02517239
0.02008463
0.12887935
-0.20592090
-0.06045400
0.01994678
0.15214290
-0.01202832
-0.03974386
-0.09635727
-0.03885761
-0.03475512
0.09762790
-0.05674247
-0.03370164
-0.08025870
-0.00618904
-0.11602697
0.01237531
-0.03745427
-0.03640513
-0.04363767
-0.12781662
-0.00924624
-0.05801345
-0.01443262
0.01806693
0.16376309
0.01923628
-0.00559419
-0.01924837
-0.05086716
-0.05727132
0.03071154
-0.01161921
0.00116016
-0.01793837
0.03302778
0.03939033
0.06234230
0.01989619
0.01726521
-0.06346790
0.02086306
0.02399579
0.04912650
-0.06828839
-0.00221378
-0.15286197
-0.03624367
-0.01020453
-0.17508928
-0.12179034
0.02690716
0.09183031
0.16839598
-0.11401846
0.06429820
0.09162446
0.12380174
0.06353399
0.00835190
0.01107995
-0.03069163
0.05764154
-0.02859150
0.04584764
0.06813740
0.02613067
0.04906747
-0.07177635
0.11860803
0.08607375
-0.03980963
0.01582546
-0.06648137
-0.14204584
0.10189080
-0.06879952
-0.11956314
0.08791517
0.14730662
0.21819331
-0.03667443
0.04932437
0.04401348
0.06565275
0.13704336
-0.03844775
-0.00828498
-0.03732603
-0.02475243
0.14050117
0.01060670
0.02758540
-0.01750559
-0.21714972
-0.23747396
-0.18889175
-0.22338319
0.00702406
0.07273500
-0.00192348
-0.00642737
0.05845641
-0.07046355
0.01174177
0.21627653
0.08182745
0.12070307
0.11234568
0.03757457
0.08758882
-0.02914890
0.04360175
-0.02867640
0.00211281
0.05265322
-0.06181861
-0.08775501
-0.03487439
-0.22115614
-0.20436029
-0.03081561
-0.01174699
-0.02983631
-0.11882512
0.11035854
-0.00743763
0.11570624
-0.03093194
-0.01446492
-0.10316113
0.01629957
0.06915169
0.07656341
0.08518694
-0.03473599
-0.02848741
0.03048877
-0.07843375
0.07489210
0.02686609
-0.04026057
-0.02511932
0.04348531
0.14266472
0.00234267
-0.12943606
-0.12288462
-0.02787731
-0.05193378
-0.03948474
-0.14764515
0.07987927
-0.03352940
-0.01315393
-0.04668100
-0.00567849
0.04496717
0.03759136
0.00112805
-0.01277922
0.01603745
-0.08066061
0.02921521
0.07475902
0.07878637
0.03686192
0.05722812
-0.01660782
0.01555887
0.04643194
0.01756840
-0.05671360
0.01099392
0.02766730
0.04525860
0.05167263
0.07362318
-0.03853127
-0.01724789
-0.01137448
-0.01973216
0.07944423
-0.03313853
-0.08347929
-0.07239216
-0.02658256
0.10547196
-0.01327500
-0.02907133
0.00276226
-0.05413383
0.02613227
0.01953212
0.01392095
-0.01275595
-0.11746895
0.02760343
-0.12848979
-0.04484398
-0.07336190
0.06719198
0.04241936
0.01751801
0.01477490
0.02474164
0.04986072
0.16089296
-0.03062448
0.07299994
0.05157304
0.00971797
0.00824048
-0.02288692
0.03615130
-0.03380321
0.08005857
0.14164175
0.06443327
0.02026419
-0.04992779
0.03517540
0.04007427
0.04115162
0.07424854
0.03560853
0.02543478
-0.05914113
-0.02812759
-0.08800861
0.01223835
-0.00761305
0.03527458
-0.07077155
-0.05561707
-0.17406721
-0.01603672
0.04427886
0.03051134
-0.07253958
-0.02788505
-0.10317125
-0.02674715
-0.01150739
-0.09467451
-0.02332063
-0.06916348
0.10322484
0.01625929
0.02779759
-0.07476102
-0.03047059
-0.02265396
-0.01123553
-0.03610021
-0.04166425
-0.04638292
0.03294101
-0.07215884
-0.08806624
-0.11102024
0.03214132
0.01940152
-0.00717964
0.03132987
0.06246973
-0.03680931
0.02914532
0.01420820
0.04109681
-0.00616084
-0.02780563
-0.05187672
0.04936230
0.06862710
-0.00531305
-0.02163595
-0.09215834
0.02202605
-0.00405994
0.00706975
-0.00313490
0.03235049
-0.04585882
0.01831823
-0.03802431
0.00715502
-0.01481881
-0.01634489
-0.07156885
-0.06172033
-0.04414249
-0.08563599
-0.01258790
-0.04432986
0.00533407
0.01332742
-0.00440134
-0.04266844
0.11294745
-0.04496717
0.00696354
-0.03333373
0.00686440
0.13128851
0.00860957
0.00770171
-0.04635163
-0.04576024
0.10712431
0.13587113
-0.00476281
-0.07393259
-0.07237109
0.05017251
-0.02107569
-0.00393424
-0.06618319
-0.03779210
-0.03415565
-0.05119289
-0.02542745
-0.08815314
0.04344235
-0.02376691
0.07184406
-0.01214102
-0.15698829
-0.00162133
0.00553575
-0.01155625
0.11904666
-0.04651001
-0.07067906
-0.07843620
-0.07849593
0.10623614
0.10321610
0.01500001
-0.03433274
-0.06662998
0.10922092
-0.03528418
-0.08757255
-0.03847211
-0.10952024
-0.05894990
-0.00527138
-0.01059617
-0.00985875
-0.00181726
-0.00262013
0.07646994
0.04104379
-0.00256089
0.08056365
-0.00593194
0.02395003
-0.05078191
-0.07379789
-0.00471845
-0.01967098
0.07003409
0.00061822
0.06071329
0.13085949
0.02933496
0.12977539
0.09528646
0.03703402
0.10568800
-0.07725908
-0.08102491
0.05107626
-0.19136046
-0.08209059
-0.01946504
0.08595823
0.05790995
-0.10052761
-0.03163657
-0.04989260
0.01467836
0.15248390
0.00959194
0.02083859
-0.00640200
0.06398036
0.07702533
-0.01022416
0.08570866
-0.08527978
0.14162214
0.13914320
0.03451421
0.06483281
0.16324157
0.16547450
0.13568901
-0.04827413
-0.11662204
-0.04362582
0.00432182
0.13558450
0.08106182
-0.07277267
-0.03531483
0.11919375
0.01136128
-0.03742313
0.00453538
-0.02220407
-0.02624940
-0.05472327
-0.01709983
-0.00956668
-0.07326172
-0.06896707
-0.03677778
0.05653448
0.02286285
-0.01796499
0.03733360
0.00752667
0.08620588
-0.07699841
0.00040381
0.04898062
0.05114922
0.04009485
0.07823527
0.02472161
0.03897516
-0.09262511
-0.11655636
-0.05064621
0.07741604
-0.04064975
-0.00966136
0.03990537
0.01712949
-0.05977093
-0.00859310
0.05583782
-0.05042893
-0.12694500
-0.03623594
0.06366768
0.03381139
0.03288809
0.00001295
-0.05899433
0.04502825
0.04701059
-0.03239066
0.07987757
0.03012297
0.00920437
-0.07501526
0.01061118
0.03240018
-0.00170221
0.12221120
-0.12897265
-0.06373794
-0.01347794
-0.07858914
0.05214747
-0.06296934
-0.08215040
-0.02402204
0.05430193
-0.00031508
0.14965083
0.01880913
0.06926055
0.05427852
0.02015652
-0.01679510
-0.00059882
0.05547674
-0.03281372
-0.10639933
-0.08336281
0.00805826
-0.03992965
-0.03901986
0.07827276
-0.01203648
0.02231966
-0.14481704
0.01708315
0.03057196
0.03817225
0.11394890
0.03953413
0.11775974
0.06399591
0.14686540
0.06874934
0.08728762
0.00283422
-0.00039629
0.02370653
0.02348587
-0.00148352
-0.05912443
-0.07271935
-0.04081429
-0.04322665
-0.00708952
-0.03403777
-0.16415960
-0.09939553
-0.12013615
-0.24349965
-0.01999335
-0.01345267
-0.05737653
-0.03874267
0.01656585
-0.07210874
0.02742475
-0.08500394
0.03132365
0.01670880
-0.02188485
0.06446987
-0.08830376
0.08641137
0.12201998
0.06698546
0.05997478
-0.05466356
0.00528007
0.07709464
-0.01614483
0.00689101
-0.12682132
0.03463161
-0.02299785
-0.05161232
0.00103419
-0.04980028
0.08123957
0.04866508
-0.05391099
-0.09190884
0.02894292
0.06341688
0.16193622
-0.05084409
0.06156768
0.06027533
0.00276861
0.06216084
-0.07152194
-0.03345874
-0.12588826
-0.05783375
-0.15112136
0.05268267
0.00246185
-0.14329252
-0.08088820
0.01153984
0.02152444
0.00654243
-0.02524831
-0.21391547
-0.13698736
-0.04269676
0.05974005
0.03418415
0.06332166
0.04629856
-0.11062475
-0.05739399
0.01399922
0.01329159
0.06696084
0.01819225
0.05441859
0.05284443
-0.08706635
-0.04688296
0.06470819
0.02111043
0.02890433
-0.03698586
0.04204260
0.00713458
-0.17693287
-0.09366551
0.06541454
0.03899368
-0.10117892
0.03334329
-0.03970485
-0.06397051
-0.07516220
0.04759651
0.05847703
-0.05788614
0.04965039
-0.02881820
0.06723192
0.10032295
0.11657533
0.05083863
-0.00658016
-0.13787481
-0.09601333
0.02868531
-0.00946460
-0.10709956
0.08520831
0.02332674
0.08779701
-0.10333855
-0.14008556
-0.07177433
0.03119794
0.06352064
0.12496180
0.16033030
-0.11228395
-0.07447337
0.04051960
-0.03872292
-0.15407641
0.04159807
-0.05696714
-0.12309505
-0.08130169
-0.16457649
0.00485591
-0.02684851
-0.04283328
-0.07953040
-0.08876230
-0.04499400
-0.19651574
-0.22595872
-0.09113885
-0.05649039
-0.03963317
0.03456607
0.03754645
0.09719694
0.11695413
-0.09287971
-0.01241544
0.00588418
0.06064505
-0.04001095
0.03697940
-0.00895799
0.00582693
-0.01890690
-0.05099928
0.00162993
0.00405906
0.00990571
0.08121657
-0.08791270
-0.10060854
-0.01613957
-0.03452903
-0.10879644
-0.20612720
0.06871757
0.07876993
0.05639549
0.08401378
0.00650275
-0.03309079
-0.01790952
-0.00526753
0.01442297
0.02118170
-0.04527466
0.09353673
0.05198484
0.01847394
-0.07022312
-0.05805510
-0.04134586
0.00183638
-0.00633732
0.02357975
0.05566900
-0.12553000
-0.10555106
-0.01432161
0.05724906
0.07477986
0.08736493
-0.01147814
0.00001635
-0.01170085
-0.04112465
0.00598613
0.06767606
0.14806797
0.06723995
-0.10760906
-0.10376212
-0.03881077
0.01803167
-0.06116099
-0.01851206
0.00521418
-0.05682347
-0.02595465
0.01657788
-0.05879493
-0.05703443
0.01221911
-0.04519647
0.04872740
-0.00146308
0.05807013
-0.03575105
0.12103833
0.13226618
0.04879970
0.02506213
-0.03501409
-0.05027167
0.02431026
-0.15646662
0.07650478
0.00412474
-0.02261126
-0.17589013
-0.08090539
0.04843510
0.05463687
-0.00737993
-0.22012687
0.14335403
-0.05182162
-0.20089929
-0.24737762
-0.15017228
-0.04555639
0.08257039
0.13282493
0.09121944
-0.00826285
0.00809063
0.10917878
0.06860206
-0.03649534
-0.03419442
-0.06678831
-0.04996542
-0.03364580
0.02309046
-0.05165303
-0.14868009
-0.10369958
-0.02082573
-0.00019817
-0.02424384
0.04169764
-0.00090560
0.06779976
0.04069135
-0.02248008
-0.26446819
-0.23204456
-0.18272109
-0.06156968
-0.00741152
0.06021142
-0.00847511
-0.01059861
-0.00355807
-0.07207131
0.07408028
0.05939570
0.03612350
0.01932912
0.09403194
0.01744906
-0.00298859
-0.03337899
0.06345657
-0.01264078
-0.02259378
0.12692863
0.13605092
0.09114503
0.02709766
0.28849527
0.04304698
-0.04971761
-0.00641036
-0.03507290
-0.00250874
0.04945488
0.06234983
-0.00100949
0.01303267
-0.10178158
-0.08535220
-0.05145397
0.01850395
-0.03617371
0.01251154
0.05548947
-0.08848337
0.08804469
0.04199592
0.05359801
0.00047978
0.00712073
0.01791313
-0.07556929
-0.10529943
-0.04632561
-0.01424879
0.07793937
0.12066108
-0.06648224
0.02586115
0.02579020
0.02401371
0.02413945
-0.01820788
-0.06199025
0.03036921
-0.06003802
0.08920380
-0.07860997
-0.10678584
-0.10595066
0.03821157
0.03082635
-0.08660988
0.04302580
0.00109045
-0.08502836
-0.27086416
-0.03731442
-0.03572047
-0.00796171
-0.10656484
-0.09367027
-0.03193211
-0.09138078
-0.01466947
-0.03637465
0.04275814
0.00581101
-0.00143761
-0.08305131
0.00447795
0.00566107
0.09922154
0.01168930
-0.01606702
-0.03774422
-0.05154045
-0.01186311
-0.18460064
0.03378260
0.00043476
0.07038514
0.10039339
0.18824092
0.09963229
0.01170557
0.02142819
-0.06477108
-0.05831175
-0.01239623
-0.02320038
0.11407552
-0.09132908
-0.02925348
-0.07123470
0.01295101
0.14463939
-0.10339084
-0.04206830
-0.05176877
-0.00226196
0.00741896
0.02556818
0.05576237
-0.01234117
-0.01491291
-0.07720785
0.03174023
-0.06188499
0.06506003
0.02682662
0.09223504
-0.01088912
-0.01940996
-0.05178610
0.09641760
0.15334792
0.02350320
-0.05515128
-0.05272207
-0.02402238
0.07824506
0.05527461
-0.05098220
-0.11874927
-0.06630864
-0.20887074
0.02146242
0.10514727
-0.03303466
-0.04489294
-0.16854298
-0.00955295
-0.10649011
-0.09924588
0.06502057
0.03396472
0.08445955
-0.05733728
-0.00689741
0.00653703
-0.02722712
0.07936507
-0.06335254
-0.02804919
0.04695145
-0.08027940
-0.04012008
-0.02688138
0.01887643
-0.00291696
0.04264241
-0.14122501
-0.04553065
0.06603377
0.04655794
-0.03806370
-0.10056075
-0.10185237
0.10124514
0.06809324
0.09944083
-0.04458876
-0.16017342
0.03703347
0.04052197
0.05446567
0.02696713
-0.06042551
-0.11751693
-0.00311614
0.03449020
0.02077771
0.10094525
0.03442564
-0.09012184
-0.01290537
-0.03329426
-0.00705786
-0.03681106
0.03235144
-0.00081718
-0.03163086
-0.04971680
-0.01864852
0.02660017
0.00954622
0.02536941
0.01524195
-0.10934104
-0.05427098
0.00936984
-0.07471711
-0.09265848
-0.12005130
0.09212365
-0.00724795
-0.04174916
0.01387240
-0.11430650
0.03370053
-0.02287877
0.00518944
0.12682778
-0.07818408
-0.05290024
0.09607508
0.07860174
0.13594756
0.16446926
0.05862607
0.15456666
-0.08072019
-0.02889555
0.08183532
0.03241422
0.04221091
0.08107581
-0.08097045
-0.10218983
-0.06801946
-0.00260377
-0.10719155
-0.03105203
-0.12056179
0.05170849
-0.02476433
0.03145495
-0.04043718
-0.01523395
0.03443547
-0.08624360
-0.02540948
-0.06346627
-0.03345296
-0.03326677
-0.02553405
0.05668979
0.11074992
-0.05964014
-0.36451456
-0.26795781
-0.05478096
0.00401199
0.06034905
-0.02783909
-0.07601161
0.05212846
0.06054343
0.05683096
-0.00477403
0.16884607
0.05944463
0.06347961
-0.02594487
0.12835760
0.19786413
0.16122840
0.09743059
0.04331204
-0.01372995
-0.00267465
0.17302151
0.08219304
-0.05830082
0.00120084
-0.06729367
0.06459259
0.05299460
-0.00199084
-0.23442224
-0.19012640
0.06312361
0.02919559
-0.07713491
-0.05219630
0.07097365
0.03423374
0.00596967
0.05842230
0.07555287
0.11482830
-0.09241260
-0.01162469
-0.08585457
0.07084606
0.08167219
-0.04031824
-0.08646965
-0.02803903
-0.05334070
-0.02857769
0.07579733
-0.04372733
-0.03046624
-0.08568527
-0.02725626
0.02708751
0.08207875
0.04733443
0.02581736
0.10082580
0.02018185
0.04576176
0.07297996
0.13325246
0.16425401
-0.06662115
-0.06253988
0.01890504
-0.06230929
0.14879911
0.00764713
-0.02448200
-0.04029917
-0.05533404
0.22116578
-0.16959003
-0.09364393
-0.21139504
-0.12411960
-0.03468899
-0.12804313
-0.26615849
0.01560077
0.00547590
-0.23540349
0.02248007
0.02030010
-0.13639137
0.11212350
0.11017630
-0.02560007
0.03831935
0.04486470
0.08401411
-0.03311791
-0.10100859
-0.05247473
0.05612180
-0.05125029
-0.11670462
0.01738925
-0.09585120
-0.08646130
0.08510766
-0.03881001
0.05307752
0.01360198
-0.07023975
0.02673057
0.04107045
0.16475263
0.14802893
0.13310890
0.05830891
0.12142138
-0.10077641
0.00386476
0.08507375
0.02808330
0.02145324
-0.00421928
-0.00684216
0.05687571
-0.06490348
-0.05880522
0.15085615
0.12739304
-0.05049409
-0.24053560
0.05142045
0.12798394
0.05756770
0.01992273
0.05679194
0.14726457
0.12522861
0.11031737
0.04311850
0.02993048
0.00646338
-0.02261743
-0.02888280
0.00794138
-0.09499210
-0.10706268
0.01554154
0.02576264
0.15735345
0.02582081
0.03918061
-0.07701611
-0.03767904
0.06589996
0.02911872
-0.03972932
0.02006049
0.02307635
0.08661937
0.03390741
0.03996066
-0.11629620
-0.02679496
-0.11103731
0.00525975
0.01357757
0.15077387
0.04052164
-0.04144057
0.05526869
-0.00692636
0.08621430
0.08828059
0.09142937
0.13901585
0.02821049
0.05584819
0.07789787
-0.00131399
-0.04460619
-0.15385476
-0.19608232
0.05148152
-0.04832291
-0.18806784
0.04776711
-0.02939198
-0.00491625
-0.08730766
-0.07083826
0.04717580
-0.00025905
0.04008016
0.13789967
0.08972541
-0.00489324
0.02738523
-0.04255508
-0.06562822
0.08881579
-0.01392118
0.01064503
0.10045765
-0.05255958
0.00479344
-0.03277576
-0.04142321
0.03289101
0.04833400
-0.01841037
0.05483413
0.02936679
-0.00247331
0.04896388
0.07105790
0.08796636
-0.10353044
-0.20041902
-0.00144369
0.19786535
0.19872990
0.05329502
-0.05784230
-0.16670699
0.12488373
0.12242447
-0.12435278
-0.10874695
-0.24060798
-0.03301197
-0.00094921
0.04082294
-0.16135548
-0.14127740
-0.21596208
-0.04590195
0.01002416
0.12537529
0.06658875
0.03215688
0.15837842
0.06995554
0.11350385
0.15651171
0.09504733
-0.08287518
0.03126919
0.06398574
-0.05119916
0.07720960
0.03337460
0.00657957
0.04737439
-0.03140566
0.00860169
0.04606348
0.01040721
0.05147472
-0.00925532
-0.16867644
-0.09084845
-0.12441192
-0.01595688
-0.17349154
-0.21202604
-0.01748058
-0.03322431
-0.10250972
-0.17502756
0.11551655
-0.08447687
0.00158360
-0.00943720
0.06968422
-0.04461293
-0.17535762
-0.03966122
-0.02656580
0.00088208
-0.08629697
-0.03969797
-0.20804252
-0.05746912
0.02206715
-0.09192702
-0.11895078
-0.04971472
-0.07212394
0.05448765
-0.00806224
0.09760673
-0.04190841
-0.07924597
-0.13431756
-0.03082597
0.17346974
-0.01009400
-0.09789494
-0.05337358
-0.07361306
0.12748876
-0.09930661
-0.18327297
-0.05709282
-0.09278787
0.00264782
0.11208207
-0.09582511
-0.22446744
-0.18493870
-0.08699171
0.14784043
0.05946914
-0.04778069
0.07931802
0.18308963
-0.21043882
-0.20173624
0.16727705
0.07477403
0.02449792
-0.01340124
-0.07915932
0.00593397
-0.07945508
-0.04733732
-0.18705809
-0.10501157
-0.07882685
-0.23750912
-0.22071877
-0.07308332
-0.05507474
-0.05925084
-0.07811020
0.05288140
0.05298224
0.05392386
0.05229433
-0.04098817
0.10578068
0.02730044
0.02900779
-0.02736391
0.02217880
0.05873085
-0.12595086
-0.09351441
-0.01931174
0.07058778
-0.04023746
-0.00343321
-0.00222547
0.00909316
-0.03378645
-0.07273105
0.03759962
-0.08432261
0.00727902
-0.02702305
0.03298728
0.05996524
0.04480067
0.03332532
0.04491980
0.07945383
-0.04255426
-0.02698788
0.01606821
0.05223087
-0.15100792
-0.02856076
0.02875657
0.10317184
0.11773548
-0.05194227
-0.05298105
0.05497199
0.19811663
0.01019922
-0.07313792
-0.00252816
-0.01671890
-0.03042298
-0.13109493
-0.05941558
-0.10420709
-0.07436718
-0.02716660
-0.07669780
0.14104809
0.01405148
0.01819602
-0.06993561
-0.04651592
0.00256535
-0.01587416
-0.03137909
-0.02413010
-0.00045716
-0.06698580
-0.00894336
-0.05371039
-0.06990631
0.03376788
0.01431164
-0.02129292
-0.05830778
0.01677224
-0.13764565
-0.24437498
0.14757724
0.00406267
0.10145006
0.08563204
0.00728896
-0.03354887
0.03507788
0.03325737
0.01186344
-0.07517879
0.07399270
0.06044571
-0.01665296
0.04779314
-0.07278690
-0.06991097
-0.03715996
0.07263373
0.11277639
-0.08067334
-0.02731742
-0.01505822
0.08912674
0.04030051
-0.18273723
-0.00268438
-0.05202294
-0.02098805
-0.03583458
-0.00237711
0.09930672
0.00473019
-0.01147299
-0.06285779
0.00297290
-0.03083139
0.03947040
-0.08518416
0.01643693
0.00348324
0.04047298
-0.05733958
0.01251071
0.04793461
0.00786482
-0.05782338
-0.04217895
-0.05774873
-0.00322520
-0.07493480
0.01424723
0.05217133
0.08237547
0.06651489
-0.06284636
0.04543966
0.01273792
0.01855983
0.01030718
-0.02704306
0.02290129
0.04951301
0.08571952
0.02507954
0.01451895
-0.02774500
0.03585429
0.00384411
-0.05106048
-0.00873333
-0.05980873
-0.00326664
-0.06601087
-0.05544733
0.12067322
-0.05179705
-0.06863575
0.04454733
0.07440154
-0.00815177
0.13132527
0.06937746
-0.06831660
-0.15369222
-0.20097014
-0.00487210
-0.00149463
0.04494565
0.00258068
-0.03509501
-0.09601222
0.08145127
-0.02854276
-0.04963606
0.03327988
-0.03072064
-0.01323002
-0.04535363
-0.02514084
-0.19531816
0.07165734
0.04538206
-0.01096660
-0.05732796
0.03792820
0.06450339
0.02973874
0.04788084
0.01869055
-0.05003434
0.02245377
-0.03146686
0.02690571
0.08002550
-0.01185063
-0.04543667
-0.02749123
0.01099551
0.02997475
-0.13504857
-0.09960148
-0.07370207
-0.10138708
-0.09634455
-0.06812852
0.02257983
-0.03805305
-0.01806933
-0.10419531
0.04306451
-0.11363403
-0.22424452
-0.15297773
0.01131496
0.08404037
-0.00457830
-0.02094564
-0.14814095
0.06383810
0.07703745
-0.00726660
0.09083878
-0.03997722
0.07492778
-0.01725636
0.06471790
0.15029670
-0.01089385
-0.00394373
-0.03095145
-0.01640708
-0.00665485
-0.05550962
-0.05208961
0.03070049
-0.11104804
-0.08851752
-0.08593263
-0.14858483
-0.03492647
-0.06779172
-0.10816526
-0.14383464
-0.05140894
-0.06187975
-0.07337385
-0.06470497
0.03297863
0.05539125
0.06133869
0.00999213
-0.02094945
0.08848403
0.06272002
-0.10981257
0.02401991
-0.00012305
-0.07881701
-0.08961648
-0.05931619
-0.03875918
0.10604142
0.00018704
-0.05756011
-0.01389657
-0.01263789
0.09903602
-0.02066148
-0.03169293
0.02081677
-0.03310977
0.02501911
-0.00596394
-0.04154241
0.01866675
-0.09040640
-0.00327943
-0.04670102
-0.03824392
-0.10102719
-0.00982762
-0.07936250
-0.01715823
-0.00917304
-0.00059247
-0.04798934
-0.12627265
-0.03332226
-0.01730157
0.01187925
0.05296215
-0.04920229
0.08475966
-0.01675624
-0.02251893
0.09179282
-0.01052869
0.10853638
-0.01111724
-0.09484671
0.02953701
0.05102309
0.03779386
0.03917646
0.13105847
0.06516680
-0.02968119
0.10362854
0.02914802
-0.02213893
-0.00734766
0.05967816
0.04629722
-0.10538357
-0.10920397
-0.07512432
-0.08994501
-0.03233971
-0.26339602
-0.18016288
0.00457021
-0.04110591
-0.04360621
-0.10593057
-0.06072256
-0.12956263
-0.07199202
0.01141762
0.06589960
-0.04069136
-0.01353629
0.09889327
0.11918149
-0.07263579
-0.26625955
-0.08353161
-0.03828653
0.03747684
-0.03755874
-0.01987123
0.05141273
-0.00977141
-0.06678884
-0.11802849
-0.12934266
-0.00494565
-0.00155468
-0.01767858
-0.16213734
-0.11925348
-0.00127395
0.04146675
-0.03546219
0.04992512
0.04735371
0.04138134
0.09545308
-0.06225998
-0.00682330
-0.20226468
-0.11553855
-0.08096389
0.06446384
0.04164551
-0.00819077
0.01081597
-0.06571946
0.10190206
-0.02333168
-0.16419283
0.03104875
0.00642020
-0.02156856
-0.05388615
0.01174497
-0.05520473
0.03231069
-0.00157106
-0.04944031
0.08702216
-0.07551213
-0.02586225
-0.01672156
0.03703741
-0.10674814
-0.28590077
-0.13204169
0.00810207
0.09621175
0.04894591
-0.10699698
-0.07506624
0.07709249
0.00557754
-0.03818702
0.07942557
0.00003190
-0.08633640
0.04475903
0.01363739
-0.04173383
0.03919160
0.03259259
0.01938786
0.00084309
0.08250793
0.08281852
0.05278205
0.03660871
0.04791423
-0.05470375
0.11195152
0.07359099
-0.04744980
-0.04187799
-0.02616560
0.03493882
-0.08601294
-0.02113244
0.06341492
-0.00684875
-0.05045015
0.01324207
-0.04041570
0.02274984
-0.02800429
-0.00372548
0.00804728
-0.03829885
-0.04578976
0.10876800
0.15240417
-0.03928597
-0.08311939
-0.13141970
-0.02969448
-0.14553437
-0.05463964
0.02128590
-0.02754994
-0.08725639
-0.01931470
-0.04714239
-0.09047344
-0.00127872
0.11084061
0.11289759
-0.05779942
0.00180723
-0.00162396
0.07477979
0.01360522
-0.02021637
0.02705252
-0.03220216
0.10523287
-0.03552058
-0.03114352
0.00626111
0.05992892
-0.05906778
-0.01507800
0.03115466
0.04140092
0.12060243
0.00792512
0.02293267
-0.02474354
-0.06441238
0.07748210
-0.06265298
0.00946296
-0.01237882
-0.06597850
0.04822750
0.02081580
0.06325277
0.06484912
0.02827610
0.06394887
0.11681384
0.03362554
0.05128039
0.02192159
0.02560564
0.06010085
0.03283366
0.07418411
0.13105308
0.09383089
0.00321128
-0.03018381
0.03140543
-0.05438355
-0.06056852
-0.04565485
0.03861613
0.05759091
-0.07163333
-0.11215781
0.05925923
0.13118152
0.00021321
-0.06177604
-0.03350503
0.10043871
0.05896604
0.04681220
0.04125924
0.02508326
-0.03623464
0.09618046
-0.00313737
0.00796176
0.02210969
-0.04553176
-0.02221125
-0.02599913
-0.04791969
0.02003143
0.09886404
-0.04179976
-0.11469650
0.04356082
0.00790462
0.04901730
0.05703591
0.01370124
0.08792136
-0.02306274
0.05118380
0.09675761
0.03728255
0.05712165
0.00269538
0.00924304
0.04374331
0.04350442
-0.10373364
-0.04011906
0.06291294
-0.02223276
-0.00148776
-0.06381849
0.05423201
-0.07578931
-0.04622983
-0.02348618
0.03327498
0.04093481
-0.09055319
-0.03699212
-0.09190644
-0.03097472
0.11239839
0.05819298
0.05267641
0.03337995
-0.01222083
0.08391906
-0.14873786
-0.03407646
0.04410678
0.05585472
0.03051977
-0.06322013
0.04475335
-0.00372106
-0.02511669
0.12986892
0.17034395
0.00714094
-0.08721554
-0.07347242
0.06325319
0.00836061
-0.05763736
-0.00557401
0.00505882
0.03982941
-0.03579545
0.10056663
0.06169742
0.03900962
0.05113852
0.03226491
0.04043948
0.00446558
0.01626477
-0.11758875
-0.13472699
0.02419228
-0.00189338
-0.12961571
-0.21085095
0.12561622
0.09847938
-0.11254703
-0.17881447
-0.07163196
0.25894454
0.16505401
0.07350381
-0.06772833
0.03861602
0.01281073
-0.04881525
-0.06839111
-0.01969876
0.03188582
0.05644859
-0.06606093
-0.13415477
-0.24386591
-0.02616173
-0.09923562
-0.13840429
0.02318654
-0.09781419
-0.04236003
-0.24056357
-0.16410236
0.05055388
-0.01373784
0.01578757
0.16248803
0.04525072
-0.05242702
-0.01532085
0.04513381
0.19813742
-0.14381263
-0.17587221
-0.14691906
-0.06906947
-0.03096363
0.05760498
0.09053755
0.02133140
0.00133337
0.00168776
0.02869722
-0.00252487
0.12160312
-0.01326982
0.03590234
0.04080066
0.07911741
0.13092968
0.05679867
-0.04181290
0.00237183
0.02756989
0.00269125
0.05155264
0.03605992
0.19901140
0.13562427
0.03918871
0.01606132
0.06782312
-0.09500897
-0.00749471
-0.00098985
0.07112794
0.05065770
-0.06658302
-0.06672287
-0.10269642
-0.08383288
0.01186611
0.00226613
0.08176797
-0.10009980
-0.04891101
0.06623086
0.11699574
0.00685919
0.05912737
0.07250850
-0.01499713
-0.04252569
0.00990006
0.07865251
0.06049742
-0.03441779
0.08328351
-0.14404593
-0.01892060
-0.19171242
-0.01991749
0.06087731
0.07451374
0.16290091
-0.11366151
0.02384743
0.04795713
-0.00523797
-0.01047265
0.01224269
-0.03725388
-0.02782232
0.01468781
-0.00425882
0.05917422
0.07153804
0.08833332
-0.19193222
-0.02056437
-0.16880704
0.03908698
-0.01864332
-0.06484917
0.02943494
0.11312285
-0.04087550
-0.02908885
0.00126182
0.19350407
0.23514323
-0.02777975
0.04259485
0.02891542
-0.00407498
0.14951956
0.02650770
0.09243049
-0.03460090
-0.00534183
0.10321130
0.07609991
0.02017769
0.06976512
0.08319391
0.03385669
0.01938960
-0.01322216
0.12458514
0.14058192
-0.02860713
0.00269135
0.06003207
0.07969386
0.11132528
0.17557639
-0.02237456
-0.02526278
0.07838996
0.14103408
0.08124594
-0.13178325
-0.03577953
-0.03537948
0.05166951
0.22832245
0.02287281
-0.03348236
0.04371296
0.07518241
0.17608415
0.04498552
0.00643518
-0.13648282
-0.01003340
-0.06171160
0.02683670
0.13556813
-0.08035702
-0.01064568
0.05170668
-0.08126838
-0.01790619
-0.08582699
0.00009407
-0.10104510
0.03962621
-0.08862865
-0.19159395
-0.10033213
-0.02221614
0.14162184
-0.02737044
-0.21085890
-0.17710517
-0.03497932
-0.09285905
-0.04849463
-0.09364748
-0.08591311
-0.08330421
-0.12619117
-0.00751263
0.03032249
-0.00178232
-0.00102695
-0.10838832
0.00058123
0.12406572
0.02271390
0.00226347
0.02737754
-0.02726875
0.08893546
0.08997809
-0.09819110
0.04190549
-0.01541084
0.01541849
-0.02487159
-0.09956761
0.00707273
-0.03179567
-0.02839136
-0.04014275
0.01454886
-0.00059732
-0.00211339
0.06437657
0.06002479
0.00533716
-0.04048958
-0.00641812
-0.04877198
0.07237688
-0.02657301
-0.05481175
-0.07560765
0.03373339
0.01855304
0.00858943
-0.04291012
-0.10986124
-0.02240863
-0.02629889
0.03329051
-0.03643843
-0.05904655
0.08216469
0.07672650
0.19725764
0.11493702
0.08490779
-0.03710426
-0.01398618
0.00645622
0.01451765
-0.08576805
-0.03306823
-0.04122344
-0.00989478
-0.02688314
0.00877434
0.05406882
0.04442658
0.05105608
-0.04092661
0.07082094
0.08823471
0.06091488
0.05777479
0.05833953
-0.01175638
-0.00569590
-0.08553298
-0.15026063
-0.00912668
0.02532057
0.00036776
0.14619675
0.05007745
0.03412504
0.07373275
0.06665375
0.17939942
0.10313486
-0.01000913
-0.00879747
0.02973775
0.08527324
-0.00392854
-0.10118705
-0.09645669
-0.11413971
-0.10551874
-0.11899377
0.04189745
0.01289983
-0.09503375
-0.11805598
-0.06180667
-0.08097234
-0.04014351
-0.01544758
-0.00509307
0.15006480
-0.05415330
0.01961029
0.02508011
0.08318385
0.11286290
-0.03881487
-0.05694859
-0.01923431
-0.03868006
-0.02157870
-0.08242285
-0.12659571
-0.03565326
0.02182776
-0.03050583
0.04317436
-0.00229051
0.02685839
-0.07205966
0.04770204
-0.02253635
0.04443220
0.07559886
-0.04865622
0.01276097
0.04565561
-0.02334930
0.10129068
-0.02289805
-0.07922328
0.04623742
-0.06197354
0.03140634
-0.05736814
-0.01094410
0.03040852
-0.05978131
-0.01185132
-0.05158090
-0.06379940
0.09352530
-0.04978020
-0.01393928
-0.01446146
0.02307522
0.01301313
-0.06129960
0.00983570
-0.01752899
-0.14278436
-0.04340423
0.03193601
-0.09116211
-0.04354242
-0.06600649
0.00496256
0.07695931
0.06138375
-0.06289427
0.04922821
-0.13045253
0.04785353
-0.06594942
0.01302084
-0.05181665
0.07509298
0.03830188
0.01787638
0.05036299
-0.02998817
0.12991856
-0.01003614
0.00786245
0.11711720
0.11464881
0.08679961
-0.02166311
0.10902841
-0.05544767
-0.00885949
0.05914491
-0.01586092
-0.00235870
0.07281122
0.01717444
-0.04563832
-0.06545931
-0.10884961
-0.07639373
-0.01764886
0.02537964
-0.08670163
-0.04945675
-0.11527918
0.13171139
0.02557489
-0.04667675
-0.02773743
0.04167023
0.13940762
-0.09365767
-0.01918276
0.01553628
0.09459971
0.02548292
-0.10363128
-0.15086155
-0.01731060
0.01846491
0.01044083
-0.02158007
-0.06778204
-0.03424425
-0.07041447
0.01222474
-0.05093580
0.06994967
0.22833388
0.17600583
0.12619478
0.09666139
0.00374006
-0.02351416
0.05385900
0.06584767
0.05669602
0.02581117
0.01262977
-0.03649611
0.01597903
0.08249603
0.01347525
-0.01332340
-0.07196025
-0.04437529
0.04442599
0.07739710
0.01358579
0.05375248
-0.03154956
0.21464935
0.07062007
0.03086854
-0.00236618
0.00949031
0.11423907
-0.00599604
-0.04074412
-0.12522081
0.01453106
0.06835395
-0.03667280
0.01976633
-0.08911438
0.07749069
0.11050978
0.05943361
0.02758040
0.01397988
-0.09497967
0.03108823
-0.12998453
-0.08556945
0.02308062
0.01970288
0.04788541
-0.00825320
0.01123962
-0.08743890
-0.03989029
-0.04566323
-0.02405397
-0.02148234
-0.00875064
0.02268806
-0.02737188
0.02333696
0.04022077
0.13063879
0.01888201
-0.03169088
-0.00416144
0.02122791
-0.01703454
-0.07489180
-0.06110452
0.03323549
0.02356096
0.05799641
-0.03379917
0.11128520
0.13326378
0.10764647
0.05173666
0.11002120
-0.00289165
-0.05613094
-0.05921309
-0.11635527
-0.09399369
-0.13102105
0.07684959
0.03055824
-0.08823965
0.05823991
-0.03244620
-0.00952615
0.06195903
-0.09189617
0.00421325
0.01933217
-0.09910382
0.00922339
-0.03451362
-0.02022326
-0.15115181
-0.15060706
-0.13231945
-0.06471938
0.12677830
0.03386723
0.02026755
0.01482031
-0.09771080
-0.18001807
0.06304518
-0.01419405
0.08490934
0.11417741
0.04844261
0.02219663
-0.03744574
0.04460014
0.08441000
0.12428968
-0.00323271
-0.02312574
-0.03300964
-0.08306388
0.02413131
0.20466250
0.11579392
-0.04577513
-0.11688132
-0.07071912
0.13036555
-0.01474808
0.06167659
-0.07672612
-0.21873583
0.04969830
-0.00521342
0.00844625
0.07937583
-0.03738009
0.10107002
0.08673537
0.01957869
0.05295233
0.08414457
0.04031439
-0.01941676
-0.12306899
-0.13893417
-0.11184532
0.00763034
0.05715182
0.00666083
0.04108281
-0.06892348
-0.03345256
0.00113915
-0.01645832
0.03403246
-0.10623053
-0.03284745
0.06893042
0.00565733
-0.06080536
0.06914011
-0.05367387
0.15576604
0.09238024
-0.01028051
0.13216029
-0.06409095
-0.05049793
-0.05723568
-0.09231144
0.01618637
0.20910078
0.22790962
-0.00129877
-0.00024124
-0.14363095
0.12593453
-0.09234688
-0.17537622
-0.13454050
0.00564590
0.00882705
-0.05719402
-0.00874314
-0.11852171
0.05147270
-0.10133711
-0.05707474
0.03833251
0.05550168
0.04368008
0.04658826
-0.03594397
-0.02650347
-0.03156191
-0.07577856
-0.16054450
0.05454364
0.09020653
0.01188589
-0.01984817
-0.13967410
0.08158663
0.08798426
-0.02490246
0.01114678
0.01473779
-0.14573528
-0.05260282
-0.00018823
0.05839062
0.10017508
-0.08836071
0.03980216
0.09543908
0.04831258
-0.00682678
-0.04924345
-0.00382632
0.07440329
0.06176542
0.01687202
0.39264750
-0.02934017
-0.02151952
-0.20415942
-0.11138053
-0.12533274
-0.03348015
-0.13445546
-0.10133907
-0.16501993
0.00232553
0.03833357
-0.26327425
0.02981878
-0.16670063
-0.04541231
-0.10259447
-0.32571432
-0.19098751
-0.12573595
0.00776845
-0.01243424
-0.18184181
-0.04663629
-0.04962886
-0.03155134
-0.03583948
-0.09622549
-0.13020514
-0.19408646
-0.14618005
-0.05595080
-0.00537761
-0.01785066
-0.12264883
-0.15439643
-0.19612011
-0.03612190
-0.05193175
0.04412526
-0.02870876
-0.05027421
0.01501939
-0.10367286
0.03953604
-0.00962228
0.02395106
0.11147616
0.07741926
-0.07247818
0.03917442
-0.03840464
0.02490857
-0.16669293
0.10954365
0.06525341
-0.01432782
-0.13944951
-0.06578489
-0.19834574
-0.07585365
-0.11507446
-0.23334888
-0.08369690
0.01586439
0.01677340
-0.13039319
-0.27710178
-0.13592154
0.00324645
-0.01725919
0.06713940
-0.06398451
-0.01306197
-0.09066561
0.03104172
-0.05576855
0.01459002
-0.06802385
-0.23006856
-0.05319551
0.04093324
-0.03436650
-0.04213383
-0.16460100
-0.20861454
-0.01919799
0.01726674
-0.04468975
-0.04206509
-0.19985831
-0.12510876
-0.03914227
-0.03761327
0.19694355
-0.03756567
-0.10832272
0.05182319
0.01671185
0.10983762
0.05552139
-0.01058928
0.08608859
-0.04487393
0.01814924
0.11510172
0.00311876
-0.04958495
0.04664245
-0.03616502
-0.01099221
-0.00122076
-0.01317537
-0.08239796
-0.15935889
0.07204146
0.07003212
0.00755122
0.05317783
0.05024855
-0.02421268
0.15145162
0.18758626
-0.03540920
-0.08368455
-0.03607391
0.02067951
0.02885436
-0.09349788
-0.11622531
-0.15698947
-0.11518031
-0.18261354
-0.01042885
0.03150440
-0.19948028
-0.15274654
-0.07608651
-0.00226271
-0.01356281
-0.10483477
-0.18151152
-0.04880272
-0.00734841
0.07449913
0.10586403
-0.09803113
-0.03756350
0.15698507
-0.23167151
0.00752995
0.06863882
-0.01607095
-0.20927352
-0.07708059
-0.09104292
-0.02636536
-0.00045695
-0.15986980
0.00501568
0.10147941
0.00343343
0.04035914
-0.01598965
-0.07132728
0.00030054
-0.03481225
0.03156550
-0.09093261
-0.09908069
-0.02021912
0.00905886
0.02223631
-0.03020228
0.14425810
0.41748193
0.15980861
0.07656852
-0.10838827
0.04508643
0.22211991
0.08141629
-0.00690307
-0.17610233
0.04667349
0.23813865
0.00577547
0.07717429
-0.12806681
-0.02607344
0.18346913
0.15927285
0.02270087
0.05407461
-0.03559711
0.10392235
0.05386842
0.08100935
-0.05040671
-0.20424923
-0.17187862
0.08119346
0.07926390
0.04604326
0.01111955
0.01008514
0.07485709
0.02630162
-0.07881227
-0.08032355
-0.07653230
-0.10224372
0.01736696
-0.10010997
-0.03280120
-0.03423781
-0.06707281
0.07477410
-0.05968696
-0.04539806
-0.11275757
0.01675875
-0.15917721
-0.21309064
-0.00091185
0.06445918
-0.03585021
0.03511663
-0.11996246
0.00037226
-0.07484677
-0.17033018
-0.04793364
-0.17560220
-0.01436802
0.04894434
-0.06731726
-0.19887829
-0.17466253
-0.10057478
0.02607238
-0.06100253
-0.23510727
-0.16312788
-0.06112579
0.05904351
0.05862140
-0.07460023
-0.06956847
-0.05100996
0.08842364
0.19829166
0.08586324
-0.14304392
-0.07993905
0.09054545
0.19168881
0.07160210
0.10028853
-0.11580810
-0.11319577
0.07377605
0.06297719
0.04874814
0.17232175
-0.05920622
0.14990629
0.06234675
0.04873672
0.15374437
-0.10053483
0.05647923
0.12016299
0.15169863
-0.13794640
-0.14734414
-0.15761998
0.14625144
0.20986055
-0.11596092
-0.08967841
0.00350008
0.17110556
0.06561331
-0.15756540
-0.04699467
-0.03510052
-0.04098906
-0.00298522
-0.16444777
-0.15486711
-0.11933212
-0.08226513
-0.01318730
-0.02726957
-0.06309813
-0.13941026
0.10065731
0.06618275
0.02054190
0.06364413
0.13392772
0.10805194
0.01451510
-0.02128339
-0.01368596
0.00659185
0.01331652
0.13261843
-0.09367389
0.00156350
-0.15742010
-0.10081688
0.04219460
0.02818176
0.06259586
-0.15992083
-0.06054796
0.03701919
-0.02641523
-0.03061017
-0.03803872
-0.09849968
0.12706134
0.08584497
0.01297002
0.10945982
-0.05924614
-0.01421497
-0.09380040
0.08556242
0.07743596
0.00291849
-0.07172785
-0.17103386
0.05808125
0.05985801
0.00583600
-0.05059500
-0.01248422
-0.00291795
0.11011738
0.07773039
-0.11415463
0.09158226
0.03445955
0.07512124
0.07941578
0.10500848
-0.01589779
0.08423746
0.13815695
-0.02614819
-0.11254907
-0.08599095
0.10930817
0.14057176
0.06807952
0.01363684
0.03952309
-0.07240943
0.00193668
-0.03084653
-0.00598986
-0.05356070
-0.09464664
-0.01291101
0.00247017
0.05452958
0.22108279
-0.04086486
-0.02631734
0.00245080
0.18886121
-0.02479029
-0.00388814
-0.01434268
-0.00507721
-0.04044351
-0.12842864
-0.04754028
-0.01683916
0.05530624
0.03454290
-0.00825217
-0.05267467
-0.07019629
-0.05206078
-0.04033866
0.01282613
0.00260213
-0.09206913
-0.14699501
0.00218245
0.05356207
0.09274997
0.06196794
0.08837010
0.06631639
0.12981254
0.08429618
0.20347008
0.10814285
0.09806000
-0.02482161
-0.00009359
0.02025330
-0.02203445
-0.02129628
-0.06810238
-0.14276077
0.05195944
-0.02678016
-0.07802297
-0.01630592
0.00762798
0.02083389
0.00145511
-0.03572407
0.05383712
-0.04885683
-0.07313472
-0.04927778
-0.02035972
-0.02753136
-0.03513373
-0.00881623
-0.02603563
-0.12219485
-0.05548245
0.02998182
0.04163177
-0.02427763
0.07561000
0.00311878
0.03868183
0.10581662
-0.01562069
0.08816922
0.09224304
-0.07142593
-0.02728516
-0.08488579
0.00789437
0.08416694
0.04113474
0.11971842
0.21397834
0.19240078
0.02315434
0.03801527
0.05296609
-0.03301529
-0.12501816
-0.01487068
0.02735891
0.08121975
-0.04831878
-0.11020239
-0.06396895
-0.01812171
0.05758665
0.03174857
0.03511621
0.05267929
0.04326434
-0.01036011
-0.04041283
0.00416964
0.13812806
0.07104288
0.01537944
-0.06169529
-0.03556752
-0.05021271
-0.02607834
-0.01370776
-0.05261330
0.05155359
-0.06285032
-0.01882858
0.04634763
0.04334037
-0.03692046
-0.01411506
-0.07779352
-0.02480209
0.00433131
0.02796579
0.04422848
0.05083130
-0.00442675
-0.03295179
0.06117210
0.02592944
0.10099562
0.04540988
0.05399580
0.07856841
-0.08585908
0.05296162
0.01374696
-0.00350898
0.22303179
-0.07510983
-0.01117354
0.04643196
-0.08602323
0.01883251
-0.13161296
-0.09197287
0.02537214
-0.07459734
-0.04338631
-0.04047934
-0.08352745
0.04937052
-0.00113605
0.01749577
0.11989475
-0.03726971
-0.05056859
0.13006586
0.15792954
-0.01732912
0.00312816
0.01126303
0.02384159
-0.10131047
0.05079935
-0.01414105
-0.02828154
0.02062757
0.00644264
0.00691312
-0.11672787
-0.04306884
0.00398959
0.11384652
0.09152119
0.01609339
-0.01686576
-0.07833330
0.12919097
-0.02261798
0.12470415
0.04708897
0.08033700
0.15846522
-0.07991458
-0.06258525
-0.04799725
0.02107562
-0.10747626
-0.07988328
-0.03269618
-0.00953686
-0.06166597
-0.06165929
0.16632734
0.11211755
0.05046122
-0.00232232
0.00461775
0.12356757
0.14081444
0.07064176
-0.03249777
0.04245519
-0.00737914
-0.02766283
-0.06012471
-0.13204338
0.00891815
-0.03612481
0.03524633
-0.16381708
-0.00120058
0.02857243
0.05023773
0.06471095
0.05771903
-0.04006211
0.03714199
0.09100402
0.01313703
0.01394993
-0.01327213
0.01074355
0.05604643
-0.01875444
0.03974186
0.00549422
-0.05375311
-0.11870213
-0.21361174
-0.15299305
-0.17742106
-0.11557420
0.06822197
0.03695282
-0.05045824
-0.01126058
-0.04194756
0.00022831
0.04967114
0.00547829
0.04084091
0.00879498
-0.07339755
-0.01079628
-0.02854420
0.09076393
-0.07712021
-0.08582338
0.01753788
-0.05469443
-0.01857768
0.01807775
0.03923299
0.09396923
0.05506635
-0.08364422
0.00739079
0.01855769
-0.00300370
0.03741869
0.03784966
-0.13861683
-0.03311608
-0.00917403
-0.03274433
0.02455713
-0.03422454
-0.03274033
0.10467870
0.05749394
0.07836604
-0.00843584
0.05425133
0.02685613
0.12501168
0.05532700
-0.01708886
0.08630048
-0.05729005
0.04419816
-0.01045547
0.11602207
-0.14193591
-0.24406730
-0.06794508
0.06515012
0.08984660
-0.13073386
-0.22926496
-0.05143005
0.14393833
0.11120220
-0.12658879
-0.13205911
-0.20792888
-0.05953443
0.07018951
0.09614283
-0.12080901
-0.02402581
-0.06953286
0.02412394
0.16178556
0.15347560
0.12811896
0.12022606
0.14452276
0.05318454
0.08976685
0.01019167
-0.08520856
-0.09139852
0.04485181
0.00738354
-0.03174553
0.00537743
-0.08576031
0.05212656
0.07644492
0.02660561
0.01473209
-0.04090336
0.04589426
0.04080756
-0.03902006
-0.06073351
0.00517986
-0.05854445
-0.03958147
0.01216897
-0.03628316
0.03859749
-0.03731015
0.03667224
-0.04742989
0.10728573
0.08031476
-0.00588910
0.02208463
0.06421856
0.05743023
-0.11571003
-0.06016538
-0.05761688
0.07170574
0.05406565
-0.03348112
-0.10050978
0.00167291
0.03289925
0.05624321
0.10047833
-0.00395183
0.02118792
0.15679604
0.16561010
0.24708599
-0.19475181
-0.06610484
-0.00335810
0.05340486
0.16768686
-0.09420304
-0.01194025
-0.00649277
-0.00431450
-0.07100122
-0.02659905
-0.04049925
-0.05132428
-0.05486202
-0.04380879
0.07766978
-0.07416958
-0.14368728
-0.01017958
0.10892364
0.12035680
0.07460705
-0.01402767
0.01287447
0.18352771
-0.17615066
-0.09456725
0.07709704
0.02634773
0.04886109
0.02105565
-0.11271169
0.02880000
0.15332322
0.06813565
-0.00628749
-0.17159513
-0.02253059
-0.02707757
0.04587556
0.11504707
0.02835747
0.06532060
0.05143782
0.02533009
0.08136416
0.11524641
0.10068499
0.16556175
0.13156487
0.02321377
0.14150009
0.04000217
-0.09363629
-0.01196418
0.09239081
0.06729604
0.03032729
-0.01439398
-0.00742595
-0.10450844
-0.02561163
-0.00768546
-0.15266442
-0.10246952
-0.02901175
0.06219406
0.06114702
0.02530329
-0.05059059
-0.11857361
0.00748281
0.11211415
0.01488277
0.06845967
-0.07218701
-0.20254783
-0.15748896
-0.07967385
0.00253241
-0.18194368
-0.17189801
-0.08828982
-0.08289509
-0.01009481
0.17151116
0.14741984
0.08202492
-0.01206779
0.05639317
0.20455176
0.15835586
-0.07696410
-0.05212617
0.00066532
-0.00038657
0.06471112
-0.07659923
-0.05670095
-0.03316368
0.05713345
0.08692827
0.08853184
0.06444471
0.13508211
0.14208011
0.12486897
0.03489644
0.13610238
0.08536216
-0.03487391
-0.09565862
0.00080173
-0.01516920
-0.10667697
0.02616280
0.05319198
0.06790636
-0.03204175
-0.08397557
-0.01719259
0.06204676
0.07382462
-0.02210795
-0.09776895
-0.10011232
0.00363910
0.11025090
0.04569028
0.14452808
0.01434711
0.02931129
0.00850224
0.03320047
0.04763217
-0.01709682
-0.02774004
-0.05678865
-0.02664863
0.10567069
0.14689749
0.00829754
0.02695460
-0.05633008
0.00983407
0.12893465
0.00957988
0.00261699
0.00569144
-0.04403297
0.01819322
0.02147417
0.05666204
0.01359683
0.00832228
0.09990435
0.01470458
0.06770697
-0.02820183
0.04607527
0.06707267
0.00742382
-0.05283142
0.07221972
-0.03840323
0.07391428
0.02209128
0.03072707
0.00699213
-0.05699399
-0.09814889
0.05792595
-0.03214441
-0.05539085
-0.00722826
-0.01823794
0.01825074
-0.10389764
-0.14225125
0.04870597
0.18448322
0.06420726
-0.09846435
-0.07483442
-0.02747987
0.09571707
0.08537713
0.06900232
0.02217160
0.01938912
-0.10573004
-0.06435622
0.03722451
-0.06843296
-0.06269126
0.00944271
0.00204136
0.02854946
0.05196565
0.00013127
-0.09660805
-0.03411238
-0.00646200
-0.03876692
0.04764255
-0.06118793
0.08863682
-0.00309969
0.01938998
0.03273395
0.11336182
0.00916156
0.01273202
-0.03823940
0.04171390
0.05994005
-0.04162761
-0.00968728
-0.00470399
-0.08018620
0.00829159
0.09016407
0.16619346
0.03576015
0.00778911
0.04643450
0.05744740
-0.00537569
0.01605516
0.05996599
0.03255005
0.07521749
0.06750380
0.01658562
-0.03505419
0.06047431
0.00862961
0.04898581
0.00863156
-0.03627727
0.07545065
0.11671133
0.11154768
-0.01117170
-0.08488309
-0.03327133
0.03019954
-0.04236122
-0.10373724
-0.03349701
0.20737851
0.15452184
-0.04651241
-0.06156025
-0.01904897
-0.00401074
-0.08389634
-0.07879264
0.06542028
-0.05995643
-0.10766093
-0.08010019
0.08417100
0.05830490
-0.01934654
0.01519653
-0.01883210
0.11947326
0.00232560
-0.03485362
0.10149270
-0.01233686
-0.08960930
-0.06362881
0.03099895
-0.23991415
-0.08044943
-0.04348062
-0.00243887
0.05544229
-0.01831247
-0.09040034
-0.02046541
0.01294062
-0.01708722
0.12475906
0.00430041
0.02558480
-0.00632801
0.06355599
-0.05537708
-0.12637776
0.04891752
0.02102187
0.01261152
-0.10080013
-0.17386860
-0.02276155
-0.04871483
-0.03019274
-0.04994100
-0.04788518
-0.01727754
0.04822730
0.17968476
0.06853201
-0.01433805
0.04336518
-0.01229521
0.09652248
0.08127759
0.10091701
-0.00505764
-0.03343801
-0.02784255
0.01384785
0.10226862
0.08853740
-0.05424723
-0.05090047
0.02705408
0.04043332
0.00036068
0.03623210
0.02494265
0.06072913
0.05766148
-0.08815054
-0.19723667
-0.18703920
0.19029494
0.18120132
0.14655344
-0.07315176
-0.05740505
0.04053833
0.07890342
0.13139421
-0.05921671
0.04719614
-0.12061101
0.20303459
0.06775357
0.05471710
0.06788864
-0.02164904
0.00599347
0.01905590
0.05697711
-0.08714155
0.05784280
-0.05139922
-0.04439527
0.09947391
0.23373076
-0.09995542
0.01692464
0.08783036
0.06047934
0.19157259
0.00256187
0.04666238
-0.06488320
-0.09804034
0.00890836
0.01750170
-0.05900617
-0.06755096
-0.06233408
0.15316261
-0.03294911
-0.05932332
-0.04318208
-0.00275632
-0.05241673
0.01113084
-0.03411217
0.05968198
0.05059802
-0.01487478
-0.01126754
-0.01658017
-0.04739498
0.06200423
0.08650237
0.08082887
-0.02786093
-0.02003348
-0.01913313
0.09949017
-0.03712841
-0.02197754
-0.11730833
-0.02010253
0.20093170
-0.14383340
-0.10764600
-0.06229144
-0.06247607
-0.00554315
0.11796676
0.01039336
-0.09097518
-0.11291980
0.01508862
0.10182096
0.10545985
-0.05861826
-0.09921029
0.10134775
0.06676988
0.18185495
0.07386382
-0.07397919
0.00175623
-0.00489617
0.15747508
-0.08476656
-0.04316451
0.00772334
-0.00647700
0.01127956
0.02333320
0.00953125
0.00567548
0.16448461
-0.01220893
-0.11323304
-0.03223371
-0.11446589
0.16621514
0.19153775
0.03684484
-0.01465496
-0.04786718
-0.04432385
0.15212250
0.06180652
0.00980404
0.05045684
-0.08975352
-0.06613112
-0.07002196
0.06439960
0.05045713
0.08261254
0.01694751
0.05176946
-0.01106093
0.00886292
0.04881695
-0.02723214
0.03793139
0.03529534
-0.03921258
-0.01299524
0.01413332
0.02107963
-0.00899702
-0.02488130
-0.05762092
-0.00342869
-0.04821337
-0.01082689
-0.04887513
0.03594515
0.00777812
-0.05960746
-0.00017051
-0.04588808
0.02040660
0.03550706
0.01943416
-0.03100866
-0.00341923
-0.00467232
-0.03756710
0.00320162
0.00522628
0.02569474
-0.02842931
-0.02315195
0.00199020
0.00208335
-0.02080413
-0.02920081
0.03883364
-0.04781938
-0.05299671
-0.05932055
-0.02826018
-0.05943767
0.01268414
-0.04972062
-0.03568404
-0.05615711
0.02433399
-0.00431097
-0.05758335
-0.05925601
0.02977634
-0.02105637
0.01299356
0.02691795
-0.00694441
-0.04023923
0.02244941
0.00374858
-0.05740613
0.01369373
-0.02707759
-0.00617148
-0.01616658
-0.02066927
-0.02959561
0.01605653
-0.05716944
-0.05513957
0.01206165
-0.00870322
0.02072529
-0.05041227
0.03877128
0.03672070
-0.03268965
-0.03543810
-0.01651865
0.01375846
-0.04675575
-0.00935689
0.01940887
-0.02563598
-0.03353393
0.02451343
-0.04317925
-0.03276717
-0.01391152
0.02102062
-0.04111227
0.02224281
-0.04936492
-0.01519591
0.00875592
-0.05972313
-0.01327020
0.00412433
0.00443998
0.00278301
0.03549360
0.02582749
-0.05363247
0.01489252
0.00808115
0.00329117
-0.04533241
-0.04373381
-0.02609165
-0.02896283
-0.00797216
-0.04276527
0.01683999
-0.04921134
-0.01846747
-0.05338467
-0.02915012
0.03373077
-0.01949963
-0.00171441
-0.00210508
-0.04361252
-0.04841838
0.01208001
-0.01212035
-0.01698639
-0.01808875
0.03206023
0.02167120
-0.05572570
-0.00740860
0.00899945
-0.02573771
-0.00564719
0.02593705
-0.02158100
0.00397707
-0.02590317
-0.01851998
-0.04396886
0.00720933
-0.03583116
0.01981284
0.02920355
-0.03389930
0.03551169
0.04503905
-0.05040710
-0.02095740
0.03885384
-0.05943721
-0.03875582
0.02511870
-0.00973123
0.00444568
0.02531294
0.00144559
0.02878996
-0.00437331
0.03623600
0.03434656
0.00271081
0.04855040
0.02560115
-0.04456696
-0.04564039
-0.00509591
-0.04815829
-0.03535488
-0.03148293
-0.04128112
0.03342114
-0.04236562
-0.04926104
-0.01110885
-0.05965706
-0.00787470
-0.03825075
-0.01308640
0.01320230
-0.04429234
0.00679762
0.02497004
-0.03911947
0.00590302
-0.01300298
0.03558180
-0.02282435
-0.04506103
0.03683258
-0.02604338
0.03191714
0.03915108
-0.04235918
-0.03344438
-0.02738767
-0.00839612
0.02349127
0.03234706
-0.01689951
-0.03074022
-0.03763448
-0.01335816
-0.01923885
0.00127229
-0.03493882
-0.05510239
-0.00370819
-0.02439267
-0.01781446
-0.05993122
-0.03781710
-0.03932196
0.02963310
0.03866200
-0.05553476
-0.02541933
0.01651877
-0.03287938
-0.03590323
0.00213989
-0.04077186
-0.01108415
-0.01180574
-0.00343898
-0.05718770
-0.00520020
-0.02711586
0.02227843
-0.04124750
-0.03726450
-0.03980324
0.03274545
0.03368894
0.01602227
-0.03570127
0.00366361
0.01720377
0.01482253
-0.05892019
-0.00530405
0.02049216
-0.03695215
0.03594104
-0.01881679
-0.02530595
0.03641433
0.00857457
-0.00671551
-0.03595914
-0.05605548
-0.05444000
-0.01444854
-0.04759775
0.03797964
-0.03917442
-0.01990485
-0.02261565
0.00916738
-0.04243888
-0.02519217
-0.02470507
0.02540779
-0.03715013
0.02383996
-0.03214857
-0.05893378
-0.05821809
0.03727954
-0.03717566
0.00035856
0.00024223
-0.00441633
-0.04610820
0.02849337
-0.01256334
-0.01950164
-0.05290684
0.00357178
-0.03018147
-0.00564319
0.01153444
0.04119510
-0.00419781
-0.00057622
0.02340333
-0.01335368
-0.01975202
-0.05271033
-0.01733128
0.03855503
-0.04873270
0.00194173
-0.05052551
0.01610553
-0.01149317
-0.02334665
-0.02414102
0.03031953
-0.02148411
-0.05035682
0.02022154
-0.00653402
-0.03405811
0.03856460
0.01668028
-0.04792477
-0.03865474
-0.02816089
-0.04631461
0.02239964
-0.03876787
0.02990260
-0.04629847
-0.05751422
0.01787674
0.01630121
-0.02111959
-0.04453538
-0.00226323
0.02079419
0.03027403
0.00154500
-0.05210176
-0.02944186
-0.04164781
0.01336721
-0.03849122
-0.04239540
-0.03236759
0.02919412
0.00568602
-0.05398018
-0.05869615
-0.02403305
0.02688518
-0.03065373
-0.01548932
-0.05463265
-0.02401124
-0.02445603
0.01171799
-0.02971726
-0.03629343
-0.02118540
-0.03800133
-0.02019225
-0.04300423
-0.04866429
0.00256894
-0.00639372
0.00654002
-0.04333661
-0.00163985
-0.05668627
0.02478792
-0.00151399
-0.00906033
0.01733107
0.00867753
0.00846652
-0.05331000
-0.02267113
-0.02163831
-0.01549801
-0.05202851
-0.01334721
-0.05832484
-0.00149432
0.01406772
-0.00917950
-0.02641802
0.03690946
-0.01495327
-0.01058837
0.01259516
-0.05521108
-0.02351332
-0.01721149
0.02360027
-0.02769077
-0.05679716
0.01901423
-0.00777932
0.00850232
-0.04302030
-0.00624269
-0.03893740
-0.00690676
0.02900349
-0.02222556
-0.01090068
0.01362213
0.01434166
0.02946111
-0.00273285
0.03065167
0.03088972
0.00341870
-0.04697932
0.02773315
-0.05018722
-0.05323098
-0.14791225
-0.06593966
0.05585803
0.02926297
-0.08985634
-0.00534312
0.04275539
-0.05580847
-0.01922253
-0.03294881
-0.03794232
-0.00795015
0.03479585
0.01850244
-0.02856855
-0.02855799
0.00729720
-0.09504861
-0.06029500
0.06087594
-0.00756394
-0.02944265
-0.01678578
-0.04733125
-0.02438034
-0.03253363
-0.00171023
0.07513680
-0.06738200
0.02033091
-0.04486134
0.08424382
0.03065128
-0.00944267
0.00879924
-0.09043629
-0.06993663
-0.06249706
0.03506355
-0.02576077
-0.05483485
-0.01219090
-0.04839899
-0.04808183
0.01986295
0.01444811
0.04094021
-0.07575727
-0.08582821
-0.09915327
-0.12891573
-0.11385147
-0.07486436
0.07030798
-0.07462176
-0.09128617
-0.06934655
0.02222002
-0.02107855
-0.02314856
-0.09081023
-0.00803622
0.01683125
-0.05926777
0.00889101
-0.02940364
-0.07683235
-0.00916909
-0.06632212
0.05260900
0.07176943
0.02240025
0.02838472
0.00374722
-0.06600536
-0.00705727
-0.09513845
0.04577965
0.00729355
-0.01813917
-0.12845547
-0.00332674
-0.07244834
0.00674728
0.00037202
-0.01345120
-0.08841732
-0.08495908
-0.03294549
-0.03737156
-0.02517961
-0.13810855
-0.06308085
-0.03699964
0.02340404
-0.00891834
-0.01476808
-0.00994360
-0.03483870
-0.10267613
-0.06911720
0.01668357
0.02845289
0.02936983
-0.08963685
-0.07440172
-0.03795931
-0.03668426
0.02240014
-0.06734067
0.00402063
-0.04961747
-0.08578338
-0.00984468
0.01710832
-0.06126659
-0.11141166
-0.00261424
0.02947521
0.05220364
-0.03930905
-0.01937248
0.01160828
0.00809607
-0.07721309
-0.04279989
0.04399731
-0.00398264
-0.06351312
-0.12051016
-0.13619049
-0.05209995
0.01427138
-0.07215595
-0.06984951
-0.10855775
-0.03396662
-0.09262613
0.04233635
-0.09427837
-0.02731674
-0.01778612
-0.04935372
0.00255003
-0.02603001
-0.10813285
-0.06364919
-0.04957923
0.02336572
-0.02949960
-0.08884969
-0.07941639
-0.03086532
0.06200365
-0.10137423
-0.14193133
-0.11166093
-0.03657023
-0.06122303
-0.02324226
-0.12125131
0.02339304
0.01784778
-0.04205707
0.01384133
-0.09375399
-0.06353462
-0.00909572
-0.08394773
0.10417368
0.04293626
-0.04006810
-0.00694984
-0.07115192
-0.08860368
-0.08438934
0.00606772
0.04996881
-0.05541651
-0.02599325
-0.04564356
0.00820444
0.05132217
-0.09477131
0.01243600
-0.07986530
-0.07521275
-0.03551243
0.01176380
-0.04153120
-0.07492357
-0.03188428
-0.01967194
-0.02853358
0.00277738
-0.00854737
0.00307304
0.03113229
-0.06715241
0.02925067
0.02475756
-0.04820042
-0.00238783
-0.14484708
0.10965429
-0.04311103
0.05569153
0.10837728
-0.11218896
0.11019325
0.01624514
0.00980328
0.06302889
-0.04241832
0.03678508
-0.01560637
-0.01160617
-0.00831678
-0.05585764
-0.02895707
-0.04951055
0.02718561
0.06922208
-0.03803396
0.02058842
0.00193674
0.00789984
0.02394061
0.03737362
-0.10496969
-0.05554633
-0.06881883
0.10637978
0.02642590
-0.04579815
-0.04071501
-0.05030154
0.02254902
-0.07241141
-0.03694556
-0.00653925
-0.04040923
0.00896081
-0.02277330
-0.01448340
-0.10392617
-0.04428236
-0.09580649
-0.08500744
-0.03592540
-0.03079110
-0.01742408
0.04888387
0.03418194
-0.05880652
-0.04216070
-0.09140113
-0.02900793
-0.08215845
-0.03460915
-0.04578657
-0.08894906
-0.05903774
-0.03888507
0.03246710
-0.07506824
-0.09150563
-0.04219583
-0.06158550
0.03822239
0.00078679
-0.00022029
0.01202911
-0.09998978
-0.05065490
-0.02810322
-0.00700206
0.07869949
0.00509939
-0.03436368
-0.06550720
0.09888464
-0.05300349
0.05187486
-0.01494673
-0.05597483
0.12991439
-0.05805676
-0.04068642
0.04473155
-0.06025475
0.09207729
0.01422036
-0.06090405
0.04540199
-0.04775661
0.08812573
-0.03070885
-0.03804773
-0.07826568
-0.07572269
-0.00758976
0.01532070
-0.03874430
-0.14201173
-0.13927996
0.01969340
0.02903392
0.12931748
0.01171084
-0.19151132
-0.08440864
-0.00466941
0.09825452
-0.03395952
-0.06720091
-0.05002668
-0.13332115
-0.05439756
-0.04056107
-0.04839837
-0.08300475
-0.06892668
-0.05473795
-0.06240758
0.02582500
0.04139399
-0.00586335
-0.05226036
-0.03440974
-0.05298270
0.02742628
0.02478809
0.01856733
0.00662841
0.02377889
-0.02168234
0.01399629
0.03264545
-0.00395635
0.06680495
0.01044597
-0.05563159
-0.01428329
-0.09394410
0.00611087
-0.08107851
-0.02386013
0.07711095
0.00245931
-0.05845276
0.02428474
0.03773182
0.01276754
-0.09316631
0.01881210
0.05629700
-0.02260059
0.06483237
-0.06739395
0.04603481
0.04933864
0.01205064
-0.00519987
-0.09508571
-0.04350673
0.00343409
0.01114213
-0.00933507
-0.03430664
0.01540969
0.04898542
-0.00688664
0.00340388
-0.05486854
-0.06982336
-0.07422786
-0.10521376
0.01573891
-0.01904385
-0.00210398
0.05153424
-0.04224080
-0.03210438
0.04084564
0.01572659
0.04148638
-0.01456012
-0.04471006
0.06029015
-0.09688730
0.00658082
-0.07419314
-0.08186422
0.11624449
0.09237981
-0.04673128
0.05565451
-0.03734189
0.02065711
-0.00564380
-0.02114761
-0.00700357
-0.03157183
-0.04369510
0.00033561
-0.03438468
0.03141350
0.02001331
-0.06971855
0.02102891
-0.03069790
-0.03049435
0.03374325
-0.04314021
-0.00103891
-0.03051159
-0.03244602
-0.08650807
-0.03209718
-0.00452838
-0.03575900
0.00418052
-0.05517249
0.03843510
0.00163075
-0.02869589
0.03780389
0.02457473
-0.04271027
-0.00738113
0.02010811
0.00474833
-0.05382922
0.01281414
-0.02228488
0.01669058
0.00178255
0.01225075
0.00619269
-0.01935592
0.00849475
-0.06279939
0.02538398
0.01407227
-0.00595217
0.03026450
-0.04110476
-0.07194161
0.01978805
0.00139500
0.03609213
-0.04098552
0.00518272
-0.06028770
-0.03180978
-0.03688131
-0.01478107
-0.01277727
-0.04867833
-0.06063804
-0.06691887
-0.07103794
-0.02701985
-0.00447186
0.01499898
0.01612615
0.03213951
-0.03280302
0.02676161
0.01436311
-0.03702073
0.03875202
-0.02101533
-0.02003171
0.02344346
-0.00779879
-0.04254232
0.02827994
0.02329782
-0.05533692
-0.03332548
0.03034161
-0.02428580
-0.07456131
0.00647436
0.00871772
-0.01179141
0.00627572
-0.03836346
-0.00525336
-0.05136537
-0.04388000
0.04455779
0.01573207
0.04229064
-0.03412387
-0.00018955
-0.02082124
-0.03023070
-0.00991767
0.02888277
0.01222169
-0.02151682
0.02281513
0.01745261
-0.02337865
-0.04298199
0.01973757
-0.08057562
-0.00862864
0.01227877
-0.02931311
0.03482967
-0.01252407
-0.05261766
-0.04351043
0.05325765
-0.00737176
0.01930986
-0.03024041
-0.05375219
-0.04287058
-0.01121756
-0.04753796
-0.05759051
0.01148232
-0.02073330
-0.02353631
-0.03649764
0.03492199
0.02456853
0.01721733
-0.02235480
-0.06814801
-0.04202927
0.03141400
-0.00428860
0.04052716
-0.04513367
-0.05296547
-0.01881016
0.01678505
0.02004412
-0.00410529
-0.05194293
-0.01589841
0.01660409
-0.01466741
0.04703820
-0.02699988
0.00847233
-0.02665105
-0.02331997
0.00500112
-0.02179280
0.01235918
0.03961428
0.00326150
-0.00215762
-0.02757612
0.01920971
-0.01599553
-0.04222175
0.08649187
-0.05832680
0.00183373
-0.03555441
0.01765039
-0.00497731
0.02155927
0.03059540
-0.03810259
0.02447809
-0.00750941
-0.02394745
-0.03774912
-0.00120353
-0.01037091
-0.05086827
-0.05897312
-0.02656127
-0.04223457
-0.07185928
-0.02977120
0.00424685
-0.06750727
-0.00564136
-0.04039537
-0.03639805
-0.03744397
-0.02662914
-0.02884665
0.00490849
0.07723611
0.05309908
0.01021131
0.05375141
-0.00713720
-0.00062372
0.03425365
-0.04354144
0.01328856
0.01262905
0.03666753
-0.01912707
0.00435809
-0.02746217
-0.04085331
-0.03060286
-0.02265928
-0.03037737
-0.02181019
-0.05933925
-0.00156679
-0.01577059
-0.04899748
0.02804917
-0.04182913
-0.04004914
0.05067752
-0.04913428
-0.00443793
0.03206711
-0.00324530
-0.03955584
0.00020123
-0.04431268
-0.01788190
-0.01409844
0.01435866
0.03333183
0.02414369
-0.01600784
0.02957880
-0.04107883
-0.03401952
-0.00867380
-0.02737779
-0.09545724
-0.00999952
0.01236352
-0.01619419
0.00173797
0.00559147
0.00482750
0.04180436
-0.03895105
0.00022755
-0.01213012
-0.00992599
-0.06888895
0.02510141
-0.02236496
-0.00983770
-0.02328547
-0.02595731
-0.05651730
-0.01213987
-0.04874002
-0.04285144
-0.03418325
-0.00415201
0.04179064
-0.06911640
-0.00409184
-0.01752784
-0.05830702
-0.04341551
-0.00351268
-0.00309758
0.02035060
-0.03041294
0.03734475
-0.01454480
-0.04160458
0.00522115
-0.01748896
-0.08122030
-0.01433892
-0.04227137
0.01821115
0.02724699
-0.04837788
-0.02142726
0.00112391
-0.01910376
-0.03393392
0.00079665
-0.00568236
-0.08882489
-0.05534241
-0.04607992
-0.00482082
0.04259919
-0.00465258
-0.09458972
-0.00800727
-0.07111143
-0.04050583
-0.00705639
-0.02209428
-0.00531798
0.00484438
0.02447976
-0.01803286
0.04089244
-0.00239849
0.08664275
0.00995494
0.05027771
0.00318297
-0.04932503
0.01500777
-0.00734142
-0.00628850
-0.00257093
0.02537622
0.01187282
-0.08209048
-0.03140708
-0.00469096
-0.05745596
0.03897663
-0.00529539
0.01750040
-0.00316580
-0.00692291
0.05290000
0.04816211
0.05072794
0.01368331
-0.01717020
-0.03441695
0.01117292
-0.00868432
-0.04968762
0.00137669
-0.01909723
-0.05964355
-0.02762079
-0.04136978
-0.04284722
-0.00257325
-0.05076363
-0.04483718
-0.01863072
-0.02937715
0.00240092
-0.03855284
0.04445352
0.00125088
0.00606899
-0.00709746
-0.00446460
-0.02301243
-0.04355332
-0.03668097
0.00844931
-0.03699393
-0.00256698
0.00375159
-0.01120885
-0.02552114
-0.07646799
-0.04821723
-0.05705115
-0.05639392
-0.06473839
-0.02578577
-0.03582658
-0.07341994
-0.03773360
0.03883691
-0.01496771
0.01329686
-0.03453826
-0.07331895
0.03554790
-0.03090797
-0.03132366
-0.03930426
0.03604078
0.01267860
-0.04569627
-0.04132486
0.02468211
-0.00231083
0.00496576
0.05394961
-0.13415246
-0.07434600
-0.01028702
-0.00898856
0.02519564
-0.02021484
-0.01611549
-0.02686105
0.06063242
-0.06689892
-0.20646921
-0.09320190
-0.01809913
0.07095921
-0.06878270
-0.07803536
-0.02684739
-0.06856217
-0.08305178
-0.03104130
-0.03477452
-0.01653695
-0.10929132
-0.14485116
0.04590443
0.02198203
0.06465069
-0.19139108
-0.05444945
0.01011273
0.05081542
0.08537956
-0.11990514
-0.12248702
-0.05849890
-0.12432167
0.02613728
0.09482661
0.00112079
-0.07502156
-0.09208638
-0.01736951
0.07565104
-0.05875538
-0.06305412
-0.00973462
-0.06288730
0.11880334
0.14922328
-0.08389433
0.10191320
-0.01670900
0.13087744
-0.04519825
-0.06974745
0.07046010
-0.00188530
0.01726091
-0.11814118
-0.10985115
-0.10231111
-0.08971095
0.01561536
0.01068364
-0.11598401
-0.01529518
0.09468126
0.01703340
-0.07193777
-0.05833118
0.04578059
0.05087965
-0.08990124
-0.09659040
0.02808277
0.00827391
-0.13863131
-0.16383585
-0.19625892
0.06492951
0.03562113
-0.00825403
0.00195485
-0.01538969
-0.08968285
-0.08138834
-0.11366074
0.01930363
0.03271039
-0.07938468
-0.10800875
0.03349211
0.08739859
-0.07398286
-0.13039750
-0.08691604
0.05077643
0.06339501
0.01686713
-0.13641532
-0.02896864
0.14530419
0.10142139
0.08176678
-0.00886025
0.15597565
0.07030385
0.06567915
-0.15995146
-0.14865264
-0.12646851
-0.01930361
0.05540675
0.02506006
0.02709425
-0.03976789
0.00027892
0.00873768
0.04158802
0.03662399
0.10482269
-0.06686071
-0.02469011
-0.01248813
0.05621238
-0.01831603
-0.00576129
-0.05420991
-0.11872743
0.06671394
0.04301151
-0.01964299
-0.03118736
0.02715478
-0.16415592
-0.05899443
0.03810270
0.02265662
0.02261846
-0.12029549
-0.16424085
-0.01809474
0.09130323
0.00342317
-0.06849134
-0.19206090
-0.17356500
-0.01420732
-0.03076640
0.01689575
-0.19825612
-0.18404694
-0.07984904
-0.03655354
0.04013725
-0.03952413
-0.09819787
-0.09502566
-0.06390946
-0.03061078
-0.24072717
-0.05773829
-0.01790551
0.04493563
-0.07336415
-0.12940823
-0.09576824
-0.08377077
0.10033421
-0.06557477
-0.04025614
-0.05595326
0.03251301
-0.13179348
0.05714870
0.00520814
0.04471964
-0.03606815
-0.24837421
0.04166062
0.03945067
0.05435774
-0.00774433
-0.16877633
-0.06230304
-0.08555018
-0.07412562
0.06253204
-0.02848146
0.02317826
0.04761352
0.10044008
0.00534912
-0.01160992
0.13611782
0.08470251
0.08417425
0.06998872
0.01364041
0.05700754
0.08032662
0.12278333
-0.06264882
-0.10554487
-0.02992048
-0.05108349
-0.10125240
-0.19273625
-0.00259357
-0.10142663
0.07684887
0.00514559
0.03653610
-0.09022108
-0.11797469
0.01402760
0.12009022
0.06987074
0.05323241
0.04001454
0.02518506
0.06848822
0.03829599
0.03833473
0.16974792
0.04244504
0.00091758
-0.03427020
0.03100997
0.11740928
0.02582208
-0.04215026
-0.03981894
-0.03747443
-0.05652119
-0.20393331
-0.08138395
0.09881034
0.08761960
-0.07721087
-0.17368950
0.00227448
0.05792761
0.07474106
-0.31217009
-0.05279591
-0.12664776
0.05115823
0.09421976
-0.20506020
-0.12921108
0.02819243
0.12333041
0.15897383
-0.07441698
-0.04464560
0.13894330
0.01247540
0.06197871
-0.10984135
0.00456803
-0.11736345
-0.05400853
0.00231498
-0.05356704
0.02693378
-0.01184076
0.00659979
0.02843091
-0.07164887
-0.02315134
0.04999440
0.09708656
0.11406665
-0.06092345
0.00877645
0.02038749
-0.02181169
0.00373378
0.03544983
-0.01103144
-0.00783633
0.01947043
-0.13949628
0.05299424
-0.21138099
-0.05863261
-0.02797136
0.06915570
0.05031499
-0.16190924
-0.03496974
0.04983314
0.12814128
0.05049804
-0.06094833
-0.10831977
-0.00688561
0.04632479
-0.05694804
-0.09702274
-0.06634405
0.06810508
-0.04350923
0.08056752
0.08546709
0.14398377
-0.25122106
-0.15906057
0.04225569
-0.02519272
0.09368483
0.04906727
-0.03273498
0.12170935
0.05837789
-0.18789318
-0.00725995
0.05059772
-0.07813996
-0.05916760
-0.00967099
-0.06302062
-0.00916515
-0.01511091
-0.07712480
-0.02079242
0.04641413
-0.10941473
-0.08052368
0.00027098
0.14349407
0.14256558
0.07515433
-0.11102100
-0.09868132
-0.07829300
-0.11271319
0.09240326
-0.20803630
-0.07846662
-0.07572934
-0.06582175
0.19591013
-0.27366790
-0.16963547
-0.03315555
-0.06802572
-0.01290886
-0.04256859
-0.14358887
-0.04502426
-0.06093340
-0.35298946
0.02366799
-0.06209088
-0.00012765
0.00541702
-0.22540806
-0.09001768
0.04912473
0.00262857
0.00075375
0.02817725
0.04112884
0.00558286
-0.02157550
0.06008055
0.00847053
0.05176958
0.03191111
-0.16369458
-0.06779221
-0.02096025
0.06323365
-0.03290308
-0.10102891
-0.04576074
-0.10416328
0.04813097
-0.00425212
-0.19059101
-0.16231537
-0.21815345
0.03320603
-0.14577499
-0.20136403
-0.03336565
0.07660847
-0.11391543
-0.13116829
-0.03945002
0.12020990
0.11725187
-0.10369846
-0.23117585
-0.01806805
0.06356437
-0.01908050
0.04462428
-0.07318563
-0.00695399
-0.03739877
-0.06112526
-0.02084667
-0.00149072
-0.03228911
-0.03770882
-0.21256144
-0.04172590
0.03544803
-0.00548254
0.03376173
0.06938039
-0.04995882
-0.00977093
-0.07493365
-0.03745003
0.04529436
0.06939785
0.05916895
0.12300941
-0.02409283
-0.04674864
0.01762005
0.02976668
-0.00899363
0.02545624
0.00297188
-0.09689324
-0.18765141
-0.08329185
0.08072563
0.09909087
-0.00494955
0.01063304
-0.07342190
-0.02684909
-0.23574707
-0.02613198
-0.03676579
0.16892263
0.05526887
-0.10768197
0.02195111
0.16099858
0.17229064
-0.03468646
-0.02127509
-0.03982534
0.03331587
0.06991675
-0.00910269
0.00539378
0.06804059
-0.02209098
0.00631821
-0.12308496
-0.11639457
0.03359559
0.08353446
0.10658377
0.03112361
0.06852487
-0.02071836
0.01098086
0.03904358
-0.07925709
-0.06667919
0.02635501
0.01331916
-0.07829551
-0.02885094
-0.13177912
-0.03092451
-0.02359760
-0.04581922
-0.04419168
-0.14937757
-0.24200632
-0.19927415
-0.00563665
-0.03742848
0.00216610
-0.11784273
0.00404519
-0.00354620
0.11035867
0.05010109
0.03511247
0.03481649
0.03804857
0.05889979
-0.09458784
-0.00749185
-0.10077040
0.03362949
0.00246114
-0.07395256
-0.01318332
0.03172748
0.02991557
0.06967922
0.03028151
-0.19056064
-0.08102432
-0.08937024
-0.02477762
0.08669634
0.07014518
0.04831002
0.02134100
0.04141013
-0.09318826
-0.00227276
0.07426465
0.03063760
0.00240401
-0.03860529
-0.01365903
0.00860891
0.02006657
0.06985904
0.02540296
-0.13058929
0.02131352
-0.00081755
-0.06450013
0.00839203
-0.09430946
-0.25417745
-0.04136224
-0.05134294
0.05271241
0.02682037
-0.01136238
0.07699957
0.04328219
-0.01068470
0.03703190
-0.00029095
0.16905443
0.06451131
0.02006496
-0.00591380
-0.02949311
-0.00205984
0.04969865
-0.01647588
0.06100901
0.00004726
-0.01341815
0.05461612
-0.13094962
-0.05577172
-0.05152645
-0.01399325
-0.01054381
-0.02868826
0.01574658
0.01261550
-0.01779046
0.03576447
0.02502793
0.07483904
-0.02972218
-0.01892830
-0.02736343
-0.16235907
-0.11307635
0.10740168
0.07504140
-0.01788042
-0.14051624
0.02368277
0.12641297
-0.01623123
-0.05573605
-0.17296143
0.08680809
-0.27940276
-0.19120333
-0.03827146
-0.06651194
-0.01192597
0.08544321
0.13277993
0.09542935
-0.11121865
0.04136694
0.00952763
0.06246980
0.08063869
-0.03231976
-0.06699919
-0.04486741
-0.00011686
0.07911702
0.08318595
-0.13065080
-0.03786784
-0.11353743
0.05451598
0.09938535
0.01456741
0.03133359
0.02908199
0.01432099
0.02626278
-0.20644589
-0.20161420
-0.20885871
-0.11584961
-0.04999498
-0.01276094
-0.01933637
-0.14008524
0.02328860
-0.01174502
-0.01611678
-0.00087254
-0.14028324
0.11514579
0.04873061
-0.15091456
-0.05023720
0.05305804
0.14117873
0.03087904
0.00565710
0.31777427
0.17868841
0.10208818
-0.00616552
0.11057621
-0.02045605
-0.04239004
0.04720500
0.06552937
-0.10279095
0.03437269
0.11746050
0.11066507
0.02372575
-0.08036879
-0.08661783
0.01870125
0.03190552
-0.03990371
-0.04434873
-0.01425561
-0.04148693
0.09425065
-0.02291550
0.00486156
0.05070529
0.03604216
0.00756745
-0.01024382
-0.11593093
0.07870169
-0.00587860
0.02574568
0.09751155
-0.04888270
0.11325934
0.04184002
0.02447043
0.03104182
0.01409223
0.01241344
0.01689474
-0.05091905
0.02451298
0.03727353
0.04612465
-0.01236636
-0.05118736
-0.10524700
-0.11109555
-0.00515156
0.02137344
-0.15263036
-0.24576330
-0.05454292
-0.05122942
-0.11376916
-0.10866667
-0.13876204
0.03550600
-0.05094493
-0.05338588
-0.04639816
0.03497251
0.05840176
-0.02443097
-0.06015724
0.03725859
0.15584897
0.01312887
0.03785973
-0.10092849
-0.05819057
-0.02468423
-0.32512325
-0.26856345
0.10411886
0.00441989
0.14850840
0.06685761
0.15467499
0.14788237
0.00031695
-0.09204253
-0.02828370
-0.03061529
0.01531282
0.01665294
0.04972727
0.02056041
0.00760330
-0.11840779
0.06300101
-0.01002890
-0.10891986
0.05866137
0.10012783
0.01809917
-0.11388323
0.00884692
0.05419665
0.08280201
0.02349980
-0.00085242
-0.05936917
-0.20938928
-0.00087465
0.10007487
0.14996316
-0.06238250
-0.02420661
-0.06775277
0.03059804
0.13632382
-0.02523964
-0.04270814
-0.07481311
-0.20561764
-0.04293733
-0.02661464
-0.06504440
-0.07784721
-0.28967610
-0.29640019
0.04193315
0.06745151
-0.05028848
-0.25270802
-0.23579684
0.00867873
-0.08321820
-0.08875735
-0.00287178
-0.06642854
0.03607531
-0.01388211
0.11430734
0.02755263
-0.10121328
0.07452127
-0.11202542
0.02592091
0.01972488
-0.06442828
-0.12254189
-0.08171614
0.13998780
0.04122138
-0.07304380
-0.25369179
-0.02847557
0.13512178
0.13952678
-0.04823141
-0.20920070
-0.21794657
0.00096454
0.08688163
0.08366895
-0.09159789
-0.10420622
0.15381142
0.02886817
0.09934861
-0.02004919
-0.12779078
-0.09653389
-0.00131758
-0.07551065
0.08908969
-0.03955969
-0.06896018
-0.10615252
-0.03443654
-0.05876288
-0.04253266
-0.03527042
-0.01026628
-0.00850147
-0.03390313
0.01748026
0.01146252
0.00388252
0.02283285
-0.02362296
-0.00076421
0.02463390
-0.05819552
0.00906535
0.01484731
-0.05796689
-0.09607244
-0.00529579
0.03018815
-0.03907712
-0.07854050
-0.08756910
-0.01549379
0.02727143
-0.08244696
-0.01427594
0.03540773
-0.03618380
-0.03254222
0.00430002
-0.09771582
-0.03944328
-0.06138074
-0.01221040
-0.02494293
0.00332176
0.00039437
0.00197532
-0.01896677
-0.05619762
-0.06675516
0.00736169
0.05611076
-0.01064880
-0.00929101
-0.07888452
-0.01887893
-0.03666646
-0.00497237
-0.05098376
-0.10055585
-0.03523553
-0.06822543
-0.07260813
-0.08706734
-0.03073215
-0.03307627
0.01379776
-0.04959364
-0.09837616
-0.00382384
-0.08069274
-0.05189417
-0.04055384
-0.04004769
-0.08350766
-0.09153326
-0.10805982
-0.05162146
-0.03205972
-0.02885128
-0.00430952
-0.01443530
0.02765904
-0.08816420
-0.06574697
-0.05462366
-0.07070977
-0.03247951
-0.01445438
-0.01037420
-0.02476361
-0.06854792
0.00729007
-0.06023824
-0.04359420
-0.07650159
-0.02570166
-0.02460328
-0.04912082
-0.07433771
-0.03650378
-0.05859068
-0.07512027
-0.01479383
-0.02221427
-0.06733775
-0.01624223
-0.06274280
-0.08493911
-0.05218885
-0.10398037
-0.08648990
0.02664596
-0.03819782
-0.00281254
-0.06424708
0.02080332
-0.05277119
-0.06812286
-0.03285950
0.00857554
-0.05933089
-0.01167688
-0.07966168
-0.00411922
-0.09286291
0.00577699
-0.03607764
-0.00872609
-0.09482720
-0.03010420
-0.03131898
-0.06377892
-0.10015383
-0.07057060
0.02046625
-0.00665636
-0.03948623
0.02675840
-0.04095900
-0.08611524
-0.00397291
-0.04550026
-0.10991927
-0.00405867
0.01083792
-0.04902116
-0.06090251
-0.08682938
-0.01184242
0.03179861
-0.04640419
0.02649038
0.01655608
-0.09519685
0.01267752
0.00729006
-0.00679440
-0.04177789
-0.05690477
0.00221000
-0.06018315
0.00275242
0.00669926
-0.07225050
-0.09272253
-0.02301354
0.01470514
-0.08116859
-0.05870193
-0.00540355
0.01931942
-0.02442943
-0.09702234
-0.06229753
-0.02127006
-0.08977701
-0.10551728
0.01123919
-0.00156029
-0.01985178
-0.03751933
-0.05481688
-0.07681365
-0.06752590
-0.07590022
-0.04908910
-0.06615498
-0.01385152
-0.08156151
-0.05709280
-0.03839862
0.00956781
-0.00395236
0.04623932
-0.06717667
-0.07321783
-0.01312090
-0.02557397
-0.09767235
-0.06239481
-0.09038243
-0.07386948
-0.01587992
-0.04457686
-0.00184315
-0.04975885
-0.02910670
-0.08271368
-0.08779754
-0.05483199
-0.01647425
-0.02305301
0.01021890
-0.05438660
-0.08545832
0.03686107
-0.01744494
-0.04825426
-0.06411689
-0.05202798
-0.03350940
-0.07258201
-0.08160640
-0.01502101
-0.09662617
0.04363566
-0.00610478
-0.04564702
0.00012557
-0.07901195
-0.03927143
0.02221292
-0.02390515
-0.04621426
-0.00505703
-0.01771113
0.02715371
-0.02768036
0.01340143
-0.01350772
-0.05413910
-0.01866099
-0.02028709
-0.01943921
0.01986464
-0.00891813
-0.03787747
-0.07182197
-0.09097933
0.01041876
-0.06109934
-0.06006904
-0.04209254
-0.02787658
-0.12234371
-0.03661432
-0.04072484
-0.02571075
-0.06540763
-0.06835571
-0.03880618
-0.05083930
0.02760770
0.01879334
-0.07865167
-0.00855544
-0.02763773
-0.00319324
-0.05144958
-0.06316658
-0.02138369
-0.07902709
-0.08149263
-0.10024361
-0.02022145
-0.04080525
-0.04203439
-0.07935197
-0.03654199
-0.05925971
-0.01520997
-0.00805696
-0.05762397
-0.00344039
-0.01326718
-0.07786145
-0.02021407
0.01194456
0.01661269
-0.07418434
-0.03224052
-0.06703983
-0.02805574
-0.00448863
-0.03836878
0.05240800
-0.07605965
-0.04801261
-0.01325121
-0.02375015
0.04411206
-0.06667406
-0.04215067
0.00820639
0.01565199
0.00471778
-0.02401947
0.01112180
-0.13639960
-0.02416222
-0.05751209
-0.06959166
-0.05960387
0.07234880
0.02282971
-0.01703840
0.01687640
0.02486503
-0.03330930
-0.00849396
0.02006027
-0.09834604
-0.05269623
-0.08922913
-0.00026126
0.04523481
-0.09423629
-0.04578860
0.00182204
0.02053759
-0.02193147
-0.06692951
-0.06715531
-0.02718447
0.04568645
-0.06838563
0.00575011
0.01604469
-0.05142996
-0.13761497
0.04111771
-0.03539535
-0.00052686
-0.00931823
-0.07089202
-0.08278955
-0.07282710
-0.10939042
-0.09253032
-0.04852140
-0.00408748
-0.03302617
-0.02758710
-0.05541296
-0.09806529
0.00570305
-0.09700107
-0.08836949
-0.08863761
-0.01830213
-0.05334424
-0.02786216
0.00609471
-0.01369473
-0.02219172
-0.05986158
-0.03637934
-0.06898670
-0.09682510
-0.05203336
0.03722682
-0.06413996
-0.04029313
-0.07963189
-0.06384371
-0.01164605
0.03669840
-0.02176345
-0.07449017
0.00350876
-0.01927373
0.01173331
-0.08727404
-0.00037287
-0.00158022
-0.03692004
0.00646389
-0.08858313
-0.07981323
-0.02779296
0.04426067
-0.02182586
0.07770819
0.01300629
0.02483398
-0.03151570
-0.05480162
-0.06581740
0.00835737
-0.04629864
0.00337344
-0.09404917
-0.03140590
-0.00423977
0.00130431
-0.02668815
-0.03562603
-0.04689496
-0.07708660
-0.09948678
-0.02902337
-0.05845663
-0.06107743
-0.07930195
0.07640576
0.06208081
-0.00337629
-0.00244945
-0.07548340
0.01679254
0.00833347
-0.06065102
-0.08262059
-0.05011385
-0.00161919
-0.08103005
-0.02234142
0.02615461
-0.06861521
0.05880737
-0.02110113
0.02583442
-0.07319099
-0.11135140
0.04492883
0.01143852
-0.07777506
-0.10244321
0.13270579
0.16251481
0.09246112
-0.11360280
-0.09859107
-0.03587089
0.14635883
-0.01904111
-0.25306550
-0.04180771
0.00882194
0.10104341
-0.08679906
-0.00638779
-0.04157488
0.04466721
-0.06379385
0.05444790
0.05867739
-0.04401772
-0.02783892
-0.00572055
-0.04311022
-0.03139342
-0.06197476
0.00132541
-0.03202602
0.01294037
-0.12310031
-0.10934593
-0.05263902
0.03524715
0.04321982
0.07135846
-0.05982617
-0.12188946
-0.09270491
-0.01655947
0.16500917
-0.03256600
-0.02548143
-0.02707685
-0.06448889
0.05123589
-0.03079262
-0.06014752
-0.03176615
0.16813198
0.10274109
-0.16470490
-0.05981462
-0.00717454
0.04341039
-0.08584045
-0.05730438
0.02727236
0.09688304
-0.00145454
-0.10259470
-0.03145905
0.02285586
0.07936985
0.04141430
-0.04640729
-0.15267973
-0.09429374
0.04675908
-0.11323582
0.05104648
-0.01182535
0.04338743
0.07662375
0.07461089
-0.00532607
0.03557163
0.09376209
-0.02400999
-0.08319040
-0.06504235
0.08482428
-0.06119723
-0.10411003
-0.02641088
-0.01833066
-0.10851713
-0.02946748
0.02102008
0.02378486
-0.02438281
-0.01211163
-0.03324232
-0.02864245
0.06092850
-0.01997111
0.09979690
0.01843116
-0.02698888
0.06124725
0.02209038
-0.04710231
-0.01457381
-0.01549688
-0.08837789
-0.06893799
-0.08427938
-0.03167787
-0.03987320
-0.04626732
-0.14319025
-0.07529709
-0.00423787
0.00469728
0.01320320
-0.06564150
-0.05855428
-0.10469177
0.00989950
0.00201797
0.02743675
-0.09718964
-0.03210796
0.03852185
0.07314549
-0.06196827
0.09472223
0.06972278
0.01922939
-0.00173556
-0.12976564
0.10958475
0.04940555
-0.01921304
-0.06004855
0.05522143
-0.00076858
0.09241895
0.02334961
-0.05069931
-0.09599389
0.04457950
0.07410570
-0.05255504
0.06181929
0.00023045
-0.04127011
-0.00854357
-0.03797962
0.04159453
0.07165404
-0.13882118
-0.09104431
0.01782257
0.04434219
-0.08046567
0.01339868
-0.01755814
0.08743352
-0.00043012
-0.02681221
-0.05876302
0.01152017
0.01336522
0.01376508
0.01515916
-0.08402004
-0.08933246
-0.06950953
0.06148886
0.09212424
-0.02115630
-0.06346918
0.01540066
0.03609112
-0.07020882
-0.07225227
-0.05178074
0.03469772
0.21913722
0.03167893
0.01000116
0.02429160
-0.00478854
0.10990759
-0.13037851
0.09795449
0.07023361
-0.00901388
0.00615832
0.00737977
-0.00353223
0.03770384
-0.10482012
-0.00269825
0.08568746
0.00667514
0.09148411
0.00086659
0.00219159
0.04730443
-0.03607083
-0.17189285
0.04389202
0.04700673
0.00994433
-0.04695438
-0.01971641
0.03218587
0.04687686
-0.00282277
0.01722960
0.12835088
0.04689114
0.10730041
-0.06304194
-0.02245108
0.01118436
0.03641014
0.05871062
0.00112836
0.08496080
0.00905468
0.09675648
0.05852183
0.03517202
-0.13464370
-0.02817740
-0.03771878
-0.06348491
-0.11200174
-0.04486597
0.07440298
0.04841277
-0.05803614
-0.13186185
-0.05524142
-0.01548950
0.03300906
0.10578512
-0.07778450
-0.00104259
0.03049262
0.09208145
0.01922792
0.05256429
0.04353713
0.00876576
0.09046357
0.06677686
0.01878721
0.06615609
-0.11016573
0.01807234
-0.08054423
-0.15167609
0.00734258
-0.10334252
0.00389026
-0.15086661
-0.09445004
-0.07977821
-0.14305308
0.03251765
0.10919712
0.05098172
-0.00749904
-0.05484526
-0.00832649
0.07427954
-0.05794180
-0.01490653
-0.08288526
-0.12022240
-0.07661444
-0.07099794
0.02207701
0.06459397
-0.01798647
-0.03263935
-0.09243689
-0.08102511
-0.06983242
-0.02589529
0.06005414
-0.04447263
0.00750027
0.06145575
0.07371014
0.07254229
-0.02914668
-0.00760705
0.07220352
0.10585895
0.07092228
-0.20138025
0.06778920
0.00741169
-0.03836710
0.07988556
-0.06101971
-0.02442072
-0.04245869
-0.03447344
-0.16098636
-0.01912049
-0.09925503
-0.12946527
-0.14692651
-0.02073559
0.07904597
-0.00702765
0.07448529
-0.02032136
-0.12470350
-0.04670587
-0.02197961
0.04565480
-0.03128799
-0.10978455
-0.12821379
0.02563295
0.01443227
0.02063357
-0.06941891
-0.04934800
-0.08766906
-0.00325569
0.13638963
-0.01543990
-0.20699129
-0.08335763
-0.05472797
0.01663578
-0.06170825
-0.11508477
-0.00077303
-0.11067728
0.02374984
0.05190948
-0.00498196
-0.06925283
-0.03053737
0.01194009
-0.01325876
-0.06816808
-0.09565274
-0.01073870
0.00085859
0.11697007
-0.05313551
-0.13638701
-0.03775396
0.06759941
0.01234372
-0.18794854
-0.14930175
-0.23005611
-0.04344062
0.05503669
0.08093045
-0.11211819
-0.12873584
-0.06258754
0.05400257
0.09723202
-0.11694504
-0.10231390
-0.15127981
-0.07769995
-0.06981248
-0.05493205
0.06494838
-0.14886923
0.05016485
0.08057545
-0.11484218
0.06195728
0.05631123
0.04241027
0.04933766
-0.01144053
0.03172027
-0.06782893
-0.04778743
-0.04894644
0.01789765
0.01447809
0.03467433
-0.12472933
0.02069076
-0.16344084
-0.07142364
-0.00868184
0.00713270
-0.08581056
0.06680141
0.03629095
0.13009804
0.00686090
-0.07354561
0.07644612
0.00669265
-0.08071113
-0.05010612
-0.07590505
-0.10219800
0.02241820
0.02565106
-0.07064355
0.07591277
-0.10549706
0.02595551
0.02974386
0.12363802
0.03664676
-0.06257606
-0.03533671
-0.04016571
-0.16548367
-0.04021423
0.03913438
-0.07507733
-0.06587894
0.07566037
0.18218128
-0.14317550
-0.01122358
0.03828522
0.08672901
0.08308264
-0.00803941
-0.03353263
-0.02332865
-0.10397113
0.00561866
0.03400029
-0.05723426
-0.03849605
-0.06466618
-0.10572161
-0.06158367
-0.06273764
-0.01237888
-0.08652302
-0.12383107
0.08632259
0.14074044
0.13694406
0.12795797
0.08507847
0.14985310
0.13224372
0.06473370
0.07541693
-0.02327797
0.03888506
0.03163756
0.03941306
-0.02266711
-0.06733871
-0.06884845
-0.10777386
0.00333166
-0.01613847
-0.10698009
-0.02041210
-0.02363824
-0.01576560
-0.03645710
-0.13264570
-0.10670147
0.01173565
-0.03287258
-0.02671251
-0.03047210
0.00580901
0.08310246
0.04608305
-0.01369018
0.13727741
0.01827326
0.02695126
-0.05812740
0.02869616
0.00583974
0.01534164
0.03231140
-0.04435693
0.00774483
-0.08364271
-0.06327915
-0.08720456
0.00622225
0.05198995
-0.01903554
-0.02472298
0.04822929
-0.03399180
0.07602569
-0.00308301
-0.00279866
0.02205137
0.02037529
0.05545899
-0.07830080
-0.07382877
-0.05760201
-0.01250833
0.04361908
0.00180122
0.00251024
-0.09045934
-0.07123456
-0.02130509
0.14081135
-0.00492575
0.01497334
-0.08510121
-0.06943465
0.00220588
-0.05912220
-0.02354999
0.03911594
0.02599514
0.01893567
-0.05349467
-0.05683517
0.03361527
0.08493790
0.15324107
-0.10471828
0.12004972
0.02539859
-0.04092077
0.12012003
-0.07364712
0.08292533
0.05437947
-0.00566880
-0.03119856
-0.05037332
-0.03543517
0.00441821
-0.08505213
-0.05869107
-0.06683850
-0.11812865
0.02600466
0.03567414
0.02077738
-0.01349152
0.05675948
0.02494480
-0.04366634
-0.16528185
-0.03022246
0.05613231
0.01390695
-0.04762762
-0.09649137
-0.10881553
0.02608587
-0.00504076
-0.07883894
-0.07254770
-0.08821231
-0.12328998
-0.01211042
-0.02907012
-0.08516370
-0.07499415
-0.06907118
-0.07912478
0.04018513
0.07674865
0.07064275
0.00129971
-0.12106444
-0.09524513
-0.16856444
-0.09715021
0.00113741
0.05720519
-0.04403729
-0.17218181
-0.01165658
-0.00785971
0.01627367
0.02328369
-0.11018816
0.05989534
-0.07043112
0.01432423
0.06007903
-0.00118765
0.08030476
0.08222822
0.00869816
0.05532127
0.03362352
-0.17753930
-0.03552647
0.14926347
0.03786663
-0.02096410
-0.08570099
0.09965478
0.12463225
0.07355747
-0.00825707
0.01529818
-0.03258146
-0.08145129
0.05021914
0.08615860
-0.05324906
0.01005152
-0.03400420
0.00903819
-0.00021519
-0.06451606
0.03263192
-0.02831592
-0.15122400
-0.13532558
0.04161330
0.05300354
0.03875120
-0.00785134
0.07567594
-0.04468950
-0.06080021
-0.03897135
-0.04620942
0.06603210
0.04769486
0.02288614
-0.01241736
-0.02359989
-0.00284516
-0.03426943
0.00701315
-0.08699998
0.00118127
-0.09872796
-0.01145896
-0.00972894
-0.01587878
0.01207106
0.12085711
-0.02641429
-0.00998712
-0.02307143
-0.03504366
-0.16644828
0.04995121
-0.01462821
-0.08928390
0.01391874
0.02603572
0.03841558
0.02430577
-0.04171040
-0.09001828
-0.06340473
-0.17226401
0.01034742
0.07724929
0.10559661
0.05118692
0.01193875
-0.03167834
0.08568039
0.08048745
0.05000290
-0.02170308
0.07077340
-0.01463716
0.04900876
0.07619438
-0.00154396
0.02115252
0.17400046
0.21874847
0.26033497
-0.08280398
0.06583554
0.08815082
0.05130330
0.22336385
-0.01894264
0.00294936
0.05036505
0.00830939
0.01975106
0.00564282
0.02021950
0.02356649
-0.17914578
-0.15186818
-0.27292734
-0.17206664
0.00168068
0.03192913
0.05934798
-0.03772419
-0.03437055
0.09258941
0.08501259
0.13937892
0.08476008
-0.03503748
0.04679242
0.08349638
0.19996215
0.02623761
-0.02421162
-0.04241291
0.07817677
0.12117047
-0.01702313
0.06682336
-0.04411445
-0.06714004
0.05264452
0.00078970
-0.01451080
-0.05536123
-0.14019617
-0.05189957
0.03710948
0.00933528
-0.04754614
-0.03130796
0.07265161
-0.04658145
0.03960029
-0.04186705
-0.02127407
-0.02308537
-0.00059425
0.08400387
0.03881339
0.03559183
0.01747247
-0.07995629
0.04869406
0.06993633
-0.09825473
-0.11053301
-0.18563174
-0.03116452
0.05565374
0.02594467
-0.01326502
-0.11843531
-0.06025978
-0.03050197
-0.08262192
0.01142400
-0.00228434
0.05710793
0.00134097
0.02679440
-0.08643506
-0.01743318
-0.04941621
0.17010243
0.08672541
-0.01641742
0.04165557
-0.08951399
0.06343412
0.11148181
-0.04294221
-0.01572500
0.08668275
0.05698420
0.02374612
0.00071074
-0.00415330
0.05521467
-0.06751626
-0.05158319
0.00019631
0.09708495
0.04598211
0.02595364
-0.04947243
0.00059158
0.00528547
0.07956196
-0.01228162
0.01144583
-0.05108364
0.06851816
0.10887437
-0.01880938
-0.13347597
-0.23833179
-0.08929463
-0.10315387
-0.21462600
-0.07521462
-0.22079115
-0.12271845
-0.01651230
-0.04309100
-0.14713830
-0.00207714
0.11610549
0.10279770
-0.08823401
-0.01970828
0.00251931
0.05440749
-0.00919167
-0.06343323
-0.08615097
0.00337238
0.04197259
0.04152830
0.01627452
0.03213925
0.02913775
-0.00007964
0.07583999
0.00765648
0.10173596
0.18503514
-0.02756117
-0.01189010
-0.09171403
-0.00501196
0.04438756
0.00030967
0.02882806
-0.06677752
-0.11431496
-0.05831723
-0.00730097
0.02583584
-0.03158099
-0.01991389
-0.05947341
0.14409865
0.07151651
-0.02899531
0.00851830
-0.00052286
0.03212646
0.02855325
0.03643673
0.04992602
0.14931791
-0.06271092
0.03153066
0.02858602
-0.06390703
-0.04561124
-0.04210748
-0.03082477
0.00996818
-0.09806710
0.03596250
0.03437046
0.10916846
0.10079126
0.03335707
0.06610037
0.02868926
-0.00113244
0.00439196
-0.03586136
-0.01712744
0.03360681
0.06615549
0.03178211
-0.01420518
0.08768763
0.02231067
-0.01387095
0.00976184
0.00153451
-0.00101651
0.03477488
-0.07910503
-0.04749232
-0.02375146
-0.02312993
-0.00700910
-0.00605615
-0.06204626
0.00249380
0.00294287
-0.03036996
0.05938148
-0.00935252
0.02846613
0.03177492
0.06517925
0.01235085
0.03077295
-0.04060745
0.02495247
0.05700520
-0.03928700
-0.03477649
-0.06981748
0.07205445
0.00104024
-0.03698844
0.02276910
0.00862708
0.09609816
0.00177905
-0.06664284
-0.07661968
-0.03320410
0.13871154
0.10562530
-0.05663052
-0.00705435
-0.04665768
0.01411830
-0.15891564
-0.13870201
-0.05535460
-0.03812458
0.14668851
-0.12210306
0.07100024
0.03877709
-0.13871059
0.14752339
0.07881846
-0.01784799
-0.09392883
0.01206352
0.09622104
0.05187372
-0.02305747
0.07654375
0.03978293
0.07883544
0.04138428
0.08949596
0.09611182
-0.07595368
-0.13233389
0.01689659
0.06562853
-0.00339832
0.05897187
0.07377028
0.02484060
0.13033646
0.04379857
0.01362799
-0.14973040
0.10782980
0.07238267
-0.04785247
-0.12855002
-0.09281885
0.12535544
0.12606639
-0.00252929
0.01886001
-0.08119607
-0.03380430
-0.06097465
-0.11625838
-0.05275730
0.05109641
0.13527857
-0.07263157
-0.11364061
-0.29454279
-0.10047642
-0.11895492
-0.03447745
0.04409016
-0.16126432
-0.11561953
-0.17049327
-0.00524826
0.05531151
-0.07430439
-0.03705121
0.02261858
0.15095800
-0.07624097
-0.10219845
-0.07764690
0.08346740
-0.05097353
-0.12713969
-0.04042201
-0.08521467
-0.23833653
-0.19559489
-0.01751324
-0.11415261
-0.04644261
-0.14895426
-0.03610770
-0.06209217
0.07930534
-0.01489727
-0.06245547
-0.07315953
-0.03876266
-0.00736133
-0.02769204
-0.13667445
-0.03342700
0.07197922
0.07211433
0.12177342
-0.07179554
0.00796958
0.08838321
0.04516060
-0.02787863
-0.04114255
-0.03712156
-0.02263523
-0.02500560
0.11177862
0.05509380
0.06488444
-0.04482662
-0.02480228
0.03931554
-0.05494411
-0.00387249
0.02177349
-0.01034371
0.03807712
-0.01197837
0.06653208
0.07714828
0.05489609
-0.08059604
-0.00414949
-0.01792928
0.00611605
0.04117211
-0.02554060
0.08160756
0.07734754
-0.08416312
-0.13725008
-0.12144140
0.05159039
0.10402396
0.06052957
0.03996681
-0.09308485
0.13282356
0.09326526
-0.04481168
0.05028510
0.04061012
-0.04156772
0.06977888
-0.00995200
-0.03246217
0.06721468
0.07963594
0.02134872
-0.09152131
-0.11264327
-0.17673440
0.05872413
0.00268510
0.00231736
0.03021104
0.03846311
-0.00494798
-0.04207142
-0.06677093
0.02362609
0.10834251
-0.06755793
0.03840392
0.03121305
-0.05238634
0.07190626
0.00663702
-0.02491626
-0.03090461
-0.03828036
0.15235490
-0.01717595
0.04481049
0.12956311
0.18106283
0.14965315
-0.12905803
-0.11867643
0.03017679
-0.04705384
0.02623482
-0.09462382
-0.03460784
-0.01095345
-0.04607683
0.12410792
-0.00903014
0.00884968
-0.02442990
0.03002157
0.00237205
-0.10500626
-0.07812439
-0.08428954
0.10006133
0.21624972
-0.13413346
0.06126824
0.09510763
0.08287194
0.05223766
0.17521580
0.00744471
-0.13191739
-0.12340815
-0.04623068
0.08975240
0.07317509
-0.07186507
-0.06033355
-0.02860551
0.00823069
-0.00229732
-0.12497446
-0.01341905
-0.03167246
0.05284682
-0.10080633
-0.17850146
-0.11073007
-0.05551988
-0.00530359
-0.03206413
-0.15080662
-0.17675067
-0.15694524
0.00568970
-0.04750798
-0.12499355
-0.06127754
-0.05457887
-0.04883305
0.06879117
-0.01342401
-0.02038718
0.01605351
0.02205601
0.10807992
0.03980569
-0.06537348
0.02862365
0.13622382
0.00503567
0.01197045
0.03700950
-0.12312663
0.13300037
0.06901651
-0.06052674
-0.07295121
-0.17566593
0.06430543
0.09024622
0.06085641
0.06005347
0.01139138
0.03244363
0.07017636
-0.01434845
-0.03152001
0.00024458
0.09674960
0.15108469
0.04585269
-0.05810781
-0.03429399
0.00189050
0.01581435
-0.03217604
0.00724055
0.02105425
-0.05784070
-0.04798158
-0.06319760
-0.00964899
-0.01505360
0.06651745
-0.04809247
-0.12676062
-0.07566810
-0.15416369
0.01207130
0.01543826
0.08770408
0.05469975
-0.00099828
-0.09639790
0.04388043
0.17063361
0.06736473
-0.01861588
-0.09344251
-0.07226678
-0.03303663
-0.04966562
0.01637554
-0.07983603
-0.02416065
-0.02675050
0.04055564
0.10087979
0.06714780
0.07190149
0.03607727
0.05538431
0.03258426
0.00375525
0.00228730
-0.04667421
-0.12798549
-0.06457131
0.04428022
0.03619814
-0.08573970
-0.04172112
-0.08062378
0.00272360
-0.03185803
0.06834701
-0.01908000
-0.09162244
-0.03828209
-0.01995457
-0.00471947
-0.03822666
-0.03675669
0.06654430
0.10545162
0.06271539
0.07939725
0.01313941
0.04551434
0.01505848
-0.00635642
-0.05581615
-0.11277924
-0.03695532
-0.12851512
0.03168038
-0.01301188
-0.07603085
-0.09079841
-0.09427938
0.00435113
-0.05087338
-0.11926103
-0.08388767
0.00440750
-0.03828444
-0.05265122
0.06423367
0.03807482
0.06024419
0.01214463
-0.00793405
0.07498039
-0.02278598
0.01580897
-0.01630829
0.05958149
0.03062757
-0.11466099
0.01044463
-0.00680243
0.01388524
0.01110385
-0.07370793
-0.03485722
-0.01666779
-0.01841071
-0.02645905
0.06851031
0.02328122
0.04055380
0.00084793
-0.01029814
0.03136914
-0.06146758
-0.17261210
-0.04583538
-0.11764116
0.03634431
0.01104220
-0.04310185
-0.04953787
-0.05932422
0.04298687
0.01142006
-0.02828274
-0.03063611
0.06503248
0.00395972
0.04729640
-0.05042169
0.05434032
0.05562552
-0.00584504
-0.07130107
-0.04048047
-0.03989789
0.13595131
0.05951834
0.09194392
0.09764300
0.10576805
0.02498618
-0.08174656
0.04893252
0.18088372
0.01823478
0.06401971
-0.15075269
0.05320029
0.04912602
-0.01354599
-0.09036417
-0.16282830
0.02841159
0.00187511
0.01011049
-0.08538964
0.06306029
0.01021373
-0.10455731
-0.03153883
-0.10012436
0.11177997
0.06590918
0.07086947
0.00265556
-0.04893879
0.01975279
-0.01214424
-0.05019129
0.01535069
-0.06407429
-0.21252520
-0.12705721
-0.07749383
-0.01787078
-0.03998123
-0.25609642
-0.16222931
-0.12510817
-0.14705133
-0.09656130
-0.12053303
-0.06204835
-0.02664788
0.02385455
0.08646750
-0.04354946
-0.08272841
-0.15205877
-0.02557867
0.01027458
-0.02102807
-0.06087274
-0.00176949
-0.00546806
-0.00385656
0.01535980
-0.06730472
-0.11170416
-0.02358985
-0.12012199
-0.24873190
-0.13976511
-0.01941369
-0.03934046
-0.08095898
-0.14071715
-0.02397287
0.19986631
0.04435040
-0.00204126
-0.14981855
-0.02748757
0.11663299
0.09009945
0.03843493
-0.09768539
0.08883636
0.12019684
0.02512582
-0.03968149
-0.02408834
0.01664684
-0.04148332
0.12930007
-0.00829900
0.00321706
0.04513044
-0.01134494
0.02728802
-0.09495322
0.01435140
0.04789678
0.09928512
-0.04176258
-0.15504389
0.07792601
0.11125685
0.08408245
-0.01606496
0.09118040
-0.03892440
0.01761281
-0.03225022
-0.04406816
0.02637532
0.00207684
-0.05520565
0.00685769
-0.02368612
-0.00776453
0.02103931
-0.09492724
-0.07323810
0.01035416
-0.13233213
0.04381822
-0.03517997
0.01196544
0.02033916
0.04203318
0.03970145
0.10049578
-0.05632224
-0.10683591
-0.23397569
0.04863358
0.04399501
0.01239115
-0.05570715
-0.05425194
0.07980657
0.03150942
-0.06786576
-0.01947200
0.07202772
-0.08703959
0.11679651
0.01932432
0.02615524
0.05997883
-0.17080800
-0.01720864
0.11196091
0.02640807
0.07079065
-0.07567564
0.08358923
0.03121783
-0.06830674
0.02373236
-0.13716984
-0.01569426
0.00578859
0.06389358
0.14316837
-0.02655383
0.02240478
-0.05161247
0.03345149
0.09446542
-0.10351220
0.05416161
0.04299118
0.14892279
-0.04982092
0.01867857
0.15882854
0.13958004
-0.09038975
-0.21739011
-0.20947066
-0.16105330
-0.01977956
0.11550011
0.05740047
0.00474521
-0.00866054
-0.00447345
0.02399779
0.09493951
0.04699128
0.03977446
0.07524707
0.00132631
-0.10084306
0.05483417
0.07896257
0.14023800
0.07397585
0.01222087
-0.03192096
0.06188939
0.10049198
0.01846909
-0.26169345
0.09654383
-0.02174095
-0.08127023
-0.09587092
-0.10693245
0.00671582
-0.01681905
0.00502083
0.01133759
0.00047265
0.08806901
-0.03220100
0.00202029
-0.01557372
0.08274818
-0.10205106
-0.09983775
-0.02722779
0.06631238
0.13507344
-0.15884270
-0.08026002
-0.04126423
0.04234988
0.05926272
-0.17573233
0.00605676
0.03757083
-0.02156723
-0.02467785
-0.11175273
-0.07030022
0.04355333
-0.03105927
-0.04337439
0.01858486
0.07665000
-0.05841302
-0.01403339
-0.01385750
-0.01268192
0.04078955
0.07978837
-0.00012488
0.05588388
-0.07636584
-0.16314960
0.08586238
0.00531316
-0.04201235
-0.03918980
-0.05043796
-0.02094006
-0.03258882
0.00570817
-0.10598602
-0.06859367
-0.01403087
-0.04233805
-0.02768041
-0.02667034
-0.05971484
0.01035776
-0.03278586
-0.00314490
-0.00323522
-0.08456802
0.02978792
0.07651808
-0.04747649
-0.00849307
-0.04555503
0.00805865
0.05994221
-0.06863075
-0.10110711
-0.01824680
-0.03094953
0.05794567
-0.05393894
-0.06017637
0.02795006
0.01546536
-0.02738843
-0.02238903
0.01415145
-0.01383738
-0.02568171
-0.08535466
-0.04040160
-0.04858439
-0.06919626
-0.05599734
-0.02579012
-0.01094456
-0.11157255
-0.11498983
-0.14043374
0.01294216
0.07104595
0.02806506
-0.08029842
-0.03057907
0.02536474
-0.00548476
-0.04506441
-0.08521440
0.08786757
0.00233758
0.00654206
-0.06312183
-0.09787465
-0.03122718
0.06218345
-0.03061911
0.01179226
0.02631797
-0.05987236
-0.11554100
-0.08712266
-0.02285702
-0.04626278
-0.02473441
0.00174832
-0.11851503
-0.02985021
-0.02397837
-0.07702507
0.02242210
-0.00916935
-0.10785268
-0.08509862
0.01319864
-0.01748936
-0.11443598
-0.07568686
-0.04939317
0.01132210
-0.04993156
-0.00829464
-0.03847717
0.01941481
0.04468231
-0.00578912
-0.05005697
-0.04313564
0.01731942
-0.08806613
-0.10233244
-0.03832091
-0.10036380
0.02220765
-0.01335406
-0.09109563
-0.03673314
-0.03182258
0.01216217
-0.01996317
0.02703965
-0.00761727
-0.04442690
-0.07348508
-0.09184216
-0.13380262
-0.11439055
0.00180708
-0.01789577
-0.02581298
-0.08800157
0.02527674
-0.01636246
-0.00106767
-0.02070108
-0.10648911
0.03616780
-0.06729359
0.00989564
-0.07102083
0.00893643
0.00315312
0.03314813
-0.06330221
-0.01649929
-0.01574246
-0.00569762
-0.08569449
0.01327682
-0.05505379
-0.04887977
-0.00028849
-0.07147651
-0.09333076
-0.09959537
-0.03202348
-0.02448047
-0.02293865
-0.07704636
0.00679546
-0.09465107
-0.02009016
0.02270267
-0.06662652
0.09177110
-0.01688270
-0.00666648
-0.10248838
-0.05448853
-0.04187645
-0.05584440
-0.01650601
-0.06121108
-0.10171374
-0.07519412
0.00263643
-0.00827633
0.00078740
-0.05196770
-0.09952874
-0.06826144
-0.08770551
0.08636197
-0.00490356
-0.00020544
-0.00929482
-0.10133328
-0.02710425
-0.05569108
-0.05308337
-0.00470602
-0.03205245
-0.09629055
-0.01646683
0.03331153
-0.00599225
-0.08807079
-0.04245543
0.02079426
-0.01945318
-0.13900773
-0.06483386
-0.02597569
-0.00220569
-0.09469993
-0.08366220
-0.08004618
-0.00802218
-0.01265111
-0.02604938
-0.05370278
0.01023983
0.00767196
-0.03816766
-0.06662583
0.01655751
-0.03746451
0.02180391
-0.03059854
0.06685582
0.04832989
-0.05851365
0.05971278
-0.01761387
0.03471665
-0.07465205
-0.06088875
0.01121675
0.00760888
-0.07671817
-0.13144067
0.00866045
-0.00259154
0.05454439
-0.02771400
-0.07814539
0.07313270
-0.02758747
-0.00065045
-0.10132653
-0.06349731
0.01887106
0.00930714
0.01841177
-0.03103380
-0.04816619
0.06230659
0.01260591
-0.03218652
0.00201836
0.05048822
-0.03231761
-0.00149097
-0.01544598
0.00263794
-0.06407896
-0.06838030
-0.06630935
-0.04590002
-0.02841940
-0.09333656
-0.07793526
-0.04210075
-0.07243598
-0.05979744
0.07583739
0.05857989
-0.01330131
-0.07218175
-0.08812911
-0.03623958
-0.07720301
0.06071800
-0.07347922
0.01332012
-0.04416680
-0.05761611
0.02340234
0.06916662
-0.03917780
-0.06191728
-0.03995313
0.02752408
-0.01503925
0.00772423
-0.08088059
0.04521292
0.01434133
0.04078213
0.01895002
-0.04048802
-0.02243798
-0.03607443
0.00944323
-0.00344801
-0.07590113
-0.00773062
0.00026704
-0.01237454
0.01269238
0.02311677
-0.06884249
-0.04075997
0.03968513
0.01152174
0.04268712
0.05852852
0.01726276
-0.03520984
0.01516462
0.06357275
0.07524815
-0.04596226
-0.03082468
0.02739642
-0.09653620
-0.02540190
-0.00489641
0.03514030
-0.03772153
-0.06214677
-0.00885226
-0.01536562
-0.00919921
-0.00740119
0.02583864
-0.05346499
0.01671585
0.04460765
0.02673309
-0.00135845
0.01901224
-0.02036460
-0.02448174
0.04845817
0.04092778
-0.02325936
0.00764248
-0.02032784
0.02673673
-0.05968513
-0.03832277
0.05366680
-0.00369194
-0.07733200
-0.04754380
-0.02563410
-0.01587533
-0.01428444
-0.07326067
-0.05562503
0.07470281
-0.01648880
0.02418851
0.02559483
0.00150080
0.03493624
-0.09727769
-0.00396638
0.03506105
-0.02634472
-0.08419267
-0.04558822
0.01877342
0.01567163
0.05223961
-0.06758835
0.06220397
0.07132108
-0.08453806
-0.00242099
0.03145810
-0.00173211
-0.04575837
-0.05615089
-0.03331905
0.03365303
0.02983152
-0.07817986
-0.06678846
0.00096165
0.02375663
-0.05503913
-0.05346878
0.02045497
-0.02985116
-0.10696669
-0.00056565
-0.00775600
-0.04774921
-0.02294636
-0.00790767
-0.03629600
-0.02625718
-0.01168969
0.00945825
0.00026459
-0.00472554
-0.05464481
0.04644245
0.06233048
-0.02693926
-0.02651224
-0.00178271
0.00309647
0.11287457
-0.00764142
0.03324782
0.00441999
0.07892860
0.03108866
-0.09770076
0.05751513
0.06142920
-0.04258266
-0.05861607
-0.06453697
-0.04515436
0.00081485
-0.01789502
-0.00506557
0.00287436
0.06201790
0.11748873
-0.02345593
-0.07327402
-0.05528372
0.09213480
0.10297810
-0.03927007
0.01021566
-0.06605811
-0.08169879
-0.08993292
0.06108589
0.03920985
-0.01632319
0.09956573
0.04286840
0.05269088
-0.06757551
-0.24084701
-0.00282397
-0.03510867
0.01689353
0.05271934
-0.03459327
0.10236273
-0.00240869
0.04440533
0.09269632
0.07839862
-0.05423886
-0.01293318
-0.09150272
0.02863228
0.04090677
0.02263572
-0.08282264
-0.06197465
0.01468796
0.05893368
-0.06652837
0.04192821
-0.01624760
0.06828870
0.02772871
0.06862443
0.07352659
0.03585068
-0.02141037
0.02397600
0.00928724
-0.01440910
0.00705167
-0.04227545
-0.04511500
0.07498902
0.11031806
-0.01530675
-0.02255733
-0.24615677
0.01775478
-0.00023421
-0.01439018
-0.08401746
-0.06496476
-0.01414797
0.14151347
0.13697879
0.08479703
-0.09344290
0.03967854
0.06937602
-0.01423481
-0.02056837
-0.19889355
0.02301577
-0.08394562
-0.04324665
0.02776274
0.03465296
-0.11058583
-0.07049111
0.06292581
0.08636004
0.03722700
-0.07744339
0.07543375
-0.00215594
0.02732921
0.00864402
-0.00300017
0.04582214
-0.04042290
-0.03958334
-0.08924185
-0.06097976
-0.03252066
0.03304304
0.01353743
-0.04636969
-0.04249123
0.08752123
0.05287067
0.06050321
-0.03599261
-0.02839021
0.05832864
0.08597831
0.03102861
0.05246923
0.02739095
-0.04372783
0.01898156
0.05072134
-0.09406804
-0.06394350
0.04728940
-0.01566458
-0.06879562
-0.02657869
0.05973595
-0.02791862
-0.02746172
0.00500435
-0.09729895
0.05526846
0.01019631
0.00030048
-0.03257878
-0.06806885
-0.00870964
-0.00414744
0.00143672
-0.04515736
-0.02621491
-0.02073799
0.00216865
0.05570564
-0.01039214
-0.11384244
0.05112933
0.04825117
-0.11674339
-0.05759650
-0.10749907
-0.08911110
-0.05181327
0.06182730
0.03745881
-0.12976956
-0.23615363
-0.03710377
0.11018809
0.03465138
-0.09270036
-0.06972547
0.00388039
0.09151074
0.08770492
-0.11089779
0.03779511
-0.03505089
0.03516239
-0.00024336
0.01863124
0.06831855
0.13474402
0.03507236
-0.00891523
-0.20395322
0.08761498
0.02223917
-0.02998681
0.04967498
-0.00905478
-0.07792482
-0.04837506
-0.02158508
0.12326292
0.01373376
-0.10872407
-0.02731477
0.01184768
-0.05040044
-0.06959815
-0.02473660
-0.01218309
-0.10783741
-0.12947214
-0.11863125
0.03153953
0.01561585
-0.15619041
-0.07215856
-0.10212675
0.15172864
0.14778258
-0.01764541
0.03406626
-0.11717813
0.18284042
0.13247697
-0.03918223
0.03664651
-0.06662450
0.00093376
-0.02977508
-0.04702413
-0.06456243
0.03965206
-0.13489811
-0.08251849
0.03365079
-0.04467787
0.06192449
-0.15144338
0.01579453
-0.00051138
0.12301388
-0.02618093
-0.08761439
-0.00247800
0.02484886
0.06293001
-0.07927193
-0.04766581
-0.11705896
-0.01039363
-0.07975357
-0.02741473
-0.11895864
-0.15286976
-0.05357581
-0.01757191
-0.00250058
-0.07095874
0.00528701
-0.02678417
0.00784522
-0.00904027
-0.07719085
-0.01286338
0.03952097
-0.02563385
0.03487735
-0.01695694
0.00970344
-0.04711127
-0.02629253
0.12069817
0.04882282
-0.03838732
-0.05877910
-0.00202244
0.15406094
-0.07701176
-0.05090605
-0.01129097
-0.00871492
-0.07319374
-0.02419650
0.01328818
-0.02879321
-0.04999636
0.01230243
-0.00476931
-0.11906092
-0.11749431
-0.13336186
-0.12853803
0.14674218
0.01239875
0.07151804
-0.07569738
-0.05303212
0.09968127
0.09139666
0.11601330
-0.04998636
-0.18047203
0.04335929
0.13920189
-0.01076079
0.05887331
-0.01072804
0.04282512
-0.01973194
0.09115711
0.01507498
-0.04550102
-0.00805231
0.03588232
0.10288655
-0.00231796
0.01914430
0.03184394
0.04318370
0.03090510
-0.04206771
0.04612147
-0.07616881
-0.02946710
-0.06055219
-0.14537895
-0.03634918
-0.15987964
-0.10305613
-0.07139201
-0.07910677
-0.05594503
-0.13278903
-0.04174647
0.04194513
-0.03685021
-0.22856459
-0.20637354
-0.23697875
-0.02163920
0.05604459
0.21545961
-0.04535466
-0.05763592
-0.15493956
0.00080678
0.19913249
0.04373734
-0.02670447
-0.11123947
-0.01769139
0.04658242
0.02558775
-0.07249493
-0.07592856
-0.09069259
-0.03409129
0.00102040
-0.01346107
0.00832863
0.00589779
-0.10669497
0.06895844
-0.11289702
-0.08680983
-0.00298841
-0.04879639
0.07288520
0.04889763
0.02513445
-0.09135623
-0.09960977
0.04409957
0.09592996
0.01390205
-0.09627950
-0.01575866
0.02035544
0.02369569
-0.02049414
-0.01485434
-0.02645587
-0.10616124
-0.01554116
0.10591349
0.11368521
-0.11430079
-0.22697738
-0.29214802
-0.08275195
0.07606779
0.08467703
0.13820097
-0.05694222
-0.02743198
0.05839371
0.05674458
0.02509031
0.06197873
-0.03143953
0.11839058
0.06436191
0.03989214
-0.04162675
0.04471056
0.06387462
0.00641359
0.02431916
-0.02087031
0.01657271
-0.03469798
0.02727705
-0.06235784
-0.11598936
-0.03159427
-0.04306732
-0.01429162
-0.01290353
-0.05657437
0.01499878
-0.10204989
-0.04771929
-0.06166349
-0.07357313
-0.01594365
-0.07964426
-0.02732416
0.13532765
0.07316788
0.09412823
-0.00640872
-0.07096408
0.03524447
0.10823145
0.09942571
-0.13495091
-0.01834927
0.15142289
0.09344087
0.18885994
0.00763563
0.02646227
-0.00641457
0.05023439
-0.02913893
-0.02066711
-0.04063368
-0.02701941
-0.04407093
-0.12235863
0.05439486
0.03914950
-0.19505613
-0.10364259
-0.11473005
-0.03139094
0.02536642
-0.09214239
-0.03541150
-0.04114283
0.03932150
0.10178228
-0.15603951
-0.11300135
-0.04088329
-0.04322650
-0.05123545
-0.25264177
0.02756239
0.08848125
-0.00959767
0.00359930
-0.09144416
-0.03461702
-0.02017348
0.00470383
-0.00058623
0.10541070
0.10716844
0.04722210
0.05802094
-0.09966772
-0.07347059
0.01592751
0.03037815
-0.04590306
0.01622870
0.01959475
0.00656215
0.01784935
-0.02240210
-0.06684330
-0.03426985
0.09622063
0.04703808
0.02414224
-0.01147744
-0.16035458
-0.06170554
0.04237846
-0.02092555
-0.08501367
-0.10238580
-0.06575613
-0.08834603
0.00331535
0.02347917
-0.04814961
0.08318914
0.04442778
-0.03094251
0.06911413
-0.07060283
-0.15210980
-0.11361754
-0.01514868
0.01235807
-0.03675811
0.01599653
-0.00790143
0.01548582
0.01496249
-0.08990731
-0.00077791
-0.05959443
-0.02074926
-0.01898304
-0.08122644
0.08957520
0.07373537
0.01940971
-0.00994954
-0.05795069
0.00656162
0.04192591
0.14648198
-0.03350315
-0.14871481
-0.09732195
0.06376040
0.06876172
-0.03103975
-0.18239439
-0.13538724
-0.02439276
0.07545134
-0.05199518
-0.14909300
-0.12386611
-0.03998647
0.05661521
0.15446454
-0.03188711
0.06253625
-0.04608815
-0.05086800
-0.05183875
0.08423804
0.14406827
0.12195401
0.08354032
-0.05443490
-0.06298614
-0.08506493
-0.00654136
-0.06547998
-0.00014907
-0.08497056
-0.21011055
-0.09271849
0.01846509
-0.07534044
-0.15345129
-0.19512695
-0.17657049
-0.14594147
-0.04716875
0.04876684
0.07357333
0.08532009
0.08933142
-0.07468776
-0.02052795
-0.00313930
0.09086295
0.12557784
0.14676829
-0.11291451
-0.03534202
0.00386039
0.02768257
-0.00990167
0.12078713
0.07948464
0.10324796
0.09807425
0.12679826
0.10589997
0.14132334
0.05671258
-0.05323707
-0.01348145
-0.00075487
-0.01285620
0.01149387
0.04581439
0.02060404
-0.01661852
-0.09410746
-0.08799805
-0.08510375
-0.08114102
0.13385899
0.14958656
0.15808232
0.04208167
-0.17212775
0.13627705
0.14341046
0.17055516
0.06257056
0.00754511
0.32360187
0.19125952
0.10861174
0.00761950
-0.04328017
0.15780142
0.05181273
0.01350809
-0.03203023
-0.00431371
-0.08352637
-0.12885112
-0.04348544
-0.03641145
0.08293527
0.03559021
0.03709865
0.02461184
0.11740430
0.02150815
-0.14899684
0.06638000
0.10842898
0.06067467
0.01380504
-0.49975461
-0.01021302
-0.05366184
-0.02308975
-0.07746316
-0.31933510
-0.23752914
-0.03663324
-0.03435131
0.04576170
-0.03845805
0.00256973
0.05084773
0.03740329
-0.00252257
-0.00013900
0.02830427
-0.01114511
-0.03002051
-0.14675599
-0.05636676
0.03659492
0.06018834
0.07127977
0.00241607
-0.03354845
-0.12753157
-0.01385113
0.03924474
0.05565606
0.05855612
0.01715820
-0.06712712
-0.10966802
-0.03448986
0.01294807
0.15398230
0.02072784
-0.01148561
0.02249490
0.13637553
-0.26243308
-0.03677734
-0.04148456
0.10092314
0.01611418
-0.12645878
-0.14036496
-0.05998506
0.13131724
-0.10798417
-0.04660039
-0.13643435
0.02938371
0.10955767
0.08553827
0.05500042
0.05558288
-0.01786794
0.08909357
0.01561619
0.07017893
0.15717374
-0.10460503
0.00612115
0.10412098
0.04122723
0.15032506
0.12343078
-0.05181381
0.16102484
-0.00920965
-0.10759387
0.02896161
0.07478095
-0.09066008
-0.01079510
-0.07356877
-0.01504629
-0.07866235
-0.17370416
-0.15705016
-0.15670246
-0.04942402
-0.16800974
-0.19302501
-0.09763774
0.03695035
0.01924936
-0.02804992
-0.19833538
-0.16691810
-0.04288191
0.00407274
0.10876381
-0.28122467
-0.26293707
-0.10236952
0.04063492
0.01940868
-0.43971592
-0.24190342
-0.03135568
0.02422554
0.02122928
-0.18749636
-0.22310577
-0.01012084
0.04987408
-0.10272867
0.04379635
0.01798194
0.09973296
0.03232817
-0.17564119
0.03101590
0.03306947
-0.07761476
-0.04987126
-0.04705259
0.05522199
-0.05685728
-0.04207535
-0.00344205
0.00932865
0.02599845
0.02182604
-0.10913026
-0.05575707
0.10302337
0.07395254
0.04216578
-0.04180966
-0.10498298
0.03181128
0.03142773
0.12450540
0.07534016
0.05831927
-0.01266636
0.04680888
-0.10059346
-0.00561979
0.06603561
0.09567885
0.04256617
-0.02670576
0.02158105
0.06318684
0.09669404
0.06769716
-0.16859972
0.00379981
0.01385778
0.02534127
0.13298048
0.01008130
0.00701302
-0.07401055
0.01200425
-0.07950319
0.01536752
0.06291464
-0.02450753
-0.00456602
0.03414191
0.08338375
-0.08170401
0.00256027
-0.02238465
-0.12621897
-0.10649193
-0.00251596
0.03894281
-0.04946615
-0.04701157
-0.05690547
-0.07111500
-0.01771728
-0.00478672
0.01080156
-0.03578791
0.01196328
0.02117581
-0.03023964
-0.01209460
-0.09295117
0.02077600
-0.16063547
-0.08554094
0.01992460
0.03126720
0.15434508
0.09818272
0.11032798
0.09876761
0.10150117
0.03830099
0.02305630
-0.06884687
-0.06859361
-0.03308241
0.01634490
-0.06715725
-0.04516119
-0.06003829
0.05223596
-0.00316399
0.04495273
0.10743974
-0.05152291
-0.04839728
0.06451132
0.05695160
0.19693916
-0.00672014
0.04680068
-0.01967102
0.01751616
-0.13756478
-0.04393343
-0.03669723
0.02227006
0.09147142
0.07442144
-0.12234143
-0.10928019
0.01073569
0.09527597
-0.04258333
-0.04365068
-0.02829750
0.05515052
0.01426581
-0.10077950
0.03584662
-0.06535310
-0.16195054
-0.15389101
-0.11654636
-0.07492886
-0.06681810
-0.02560760
0.02166414
-0.04148574
-0.04462101
-0.01324478
0.02571693
0.04610366
-0.02734732
0.00496953
-0.02814722
0.04072922
0.08681373
-0.09929481
-0.18448262
0.09370865
0.08570080
-0.03600752
-0.11354764
0.01999051
0.08546923
-0.00351187
-0.02016800
-0.12056126
0.05900039
0.10844162
0.02554727
0.01759033
-0.03333421
-0.03587710
-0.09087661
-0.05445257
-0.07657613
-0.02414396
0.00390279
-0.01703580
0.08646133
0.02681010
-0.00684176
0.01870170
0.04758505
0.04669772
0.04984942
-0.01674372
-0.03140988
-0.02984143
0.01223654
0.02588593
0.02082049
0.05636922
0.04362404
-0.01607679
-0.08664401
-0.01183691
-0.08631961
0.00517849
-0.08782566
-0.04767219
-0.02716663
-0.11845332
-0.06594748
-0.01947487
-0.08847269
-0.08587375
-0.11791134
0.00736403
0.16532734
-0.08922873
0.03380131
-0.06527493
0.02635517
0.05440879
0.08930685
-0.06025786
0.01392214
0.07314323
0.11513849
0.01981674
-0.09535918
0.12791222
0.01752967
-0.04541439
-0.03342785
-0.02552938
0.00741867
0.07101842
-0.04208409
-0.09664853
-0.09871083
0.07850331
0.00268725
-0.09766582
0.01798682
-0.07792214
-0.07418455
0.01325975
0.12811323
0.03480490
-0.03083459
0.03027086
-0.08927364
-0.09645788
-0.05824318
0.00896171
-0.03173094
0.00129182
-0.02271016
0.04647175
-0.01990519
-0.02605946
-0.06687936
0.00644288
0.07032579
-0.13246076
-0.02178410
-0.01200376
0.08520453
-0.05475324
-0.12029042
-0.04306243
-0.01190735
0.05197477
-0.08567708
-0.00818724
-0.05111540
0.09425107
0.00994140
0.04530836
0.08487263
-0.00762425
0.05625999
-0.01564022
0.02925493
0.02232667
0.14009638
0.00202991
-0.08373564
0.07841663
0.04262988
0.29713979
0.02578652
-0.12532479
-0.04869289
0.05664542
0.12310787
-0.19314048
-0.06978274
-0.04463717
0.10330260
0.09716391
0.14302988
0.02348633
0.07374148
-0.01835024
0.07444319
0.06933021
0.02259608
0.01037892
0.06722292
0.11024232
-0.05340474
-0.08035793
0.03534462
0.00781764
0.00930462
0.02011873
-0.00631502
-0.14258051
-0.02129013
0.00156843
0.03598350
0.01764985
-0.10365047
-0.04101406
0.09156865
-0.06171031
0.00544519
-0.07399121
-0.02339231
-0.00716037
-0.00377252
-0.02033522
-0.06752617
0.12837097
-0.01005755
-0.07330500
-0.01799070
0.08711231
-0.05146554
-0.14858772
0.04038748
0.04878540
-0.06356683
0.06507983
0.06317890
0.06836409
-0.06790159
-0.04396795
0.07805534
0.06210737
0.08501198
-0.06291771
0.03753136
0.02200234
-0.04134807
-0.12374457
0.01308749
0.09716212
-0.10542385
-0.09569978
-0.02530008
0.05222280
-0.10115097
-0.06987214
-0.11399153
-0.09485272
0.07492653
0.01787709
0.09529576
0.08612812
-0.08205760
-0.06680844
-0.08908667
-0.10283283
-0.02957607
-0.01636872
0.01603997
0.19457461
0.03666860
0.01507657
0.04584639
0.09869150
0.03811785
0.05837657
0.20355092
0.07878637
0.08436385
0.00820906
0.15416990
0.10226236
-0.04369207
-0.10295891
-0.07373831
0.00118458
0.04829909
-0.03714361
0.01518408
-0.13273861
-0.18177025
0.06674585
0.07921201
-0.06505604
-0.09123548
0.04715899
0.01933505
-0.10576927
0.05067633
0.03594096
-0.03145676
0.02149724
-0.02343233
-0.12355459
0.16099916
0.32334992
0.03398346
-0.01293558
-0.15452373
0.04999952
0.22957912
0.03144316
0.07562501
-0.07429338
0.00772069
-0.11832529
-0.02235985
-0.06269643
0.02930315
0.03265116
-0.08840475
-0.00833341
-0.02122615
0.05213321
-0.09416219
-0.07413313
-0.07113451
-0.06326046
0.08425856
-0.09659640
-0.01058621
0.00021067
-0.02928692
0.07043688
-0.01361927
0.06122383
0.01251650
-0.04818669
-0.11760390
-0.00122755
-0.12058329
0.09916093
0.07415391
0.06326564
-0.06240081
-0.06630918
0.02481090
-0.03268544
0.04188120
-0.04414141
-0.03425253
-0.05162991
-0.07891866
0.04507358
0.09490456
0.08045328
-0.16344114
-0.08358356
-0.01230612
0.18472765
0.10843593
-0.02256532
-0.07609575
-0.04529720
-0.05514679
-0.03512711
0.07710313
-0.00310706
0.01501310
0.03363372
0.03400733
0.05024277
0.04081834
-0.03845227
0.01417096
0.05415524
0.08856133
-0.02086619
-0.07940597
0.01384245
-0.00936070
0.02521679
0.06970568
-0.10236876
-0.05348073
0.05051690
-0.09415793
-0.11954056
-0.10024858
-0.00042077
0.17397898
0.03312718
0.01992850
-0.01545617
0.02105593
-0.11793275
0.10943569
0.03331508
0.05659518
-0.01664287
-0.03581160
0.04842093
-0.03605389
-0.00437045
0.04045777
0.06329894
0.05101995
-0.09837633
0.01559723
0.04060319
-0.03309723
0.15249853
0.16205868
0.04399549
-0.04733777
-0.09067027
0.02037798
0.03691798
0.03508887
0.04726030
0.01400363
0.01396524
-0.00125896
-0.08904598
0.00926709
-0.03916707
0.08704210
0.08105994
-0.06915827
-0.04670309
-0.03427290
0.01225407
-0.07210289
-0.04836984
-0.07828089
0.07492259
-0.29535863
-0.29477927
-0.18997444
-0.17986101
-0.06350433
-0.00116544
0.01778555
-0.11779067
0.00054826
-0.01708826
0.06148938
0.06980351
0.03975536
0.03746952
-0.02134505
0.05995856
0.01481606
-0.08710565
-0.02525302
-0.05780973
-0.06711888
0.01781779
0.00168942
0.07800461
0.03319447
-0.11828476
-0.09193432
-0.06326022
0.04023585
-0.06964057
0.03331579
-0.03708996
0.08036494
0.03126845
0.03417406
0.02200848
-0.02110115
0.05209921
0.03255277
-0.01734440
0.03523633
-0.02070254
0.00763173
0.00906343
-0.04670961
-0.02715002
0.05808213
0.07033322
-0.02010769
-0.00891825
-0.13239416
-0.23325785
-0.11361688
-0.00081898
0.03046490
0.00702827
-0.08547045
-0.11107170
0.00643811
-0.02918685
0.07979014
-0.06953423
-0.02597685
0.09220402
-0.03825034
0.04747455
-0.03502759
-0.07948098
0.02635246
-0.04719466
0.09321906
-0.03462758
-0.00645642
0.10368003
-0.00835999
-0.03748360
-0.02465772
0.01758219
-0.00781627
0.08100121
0.12273607
0.01368508
0.01516732
0.07743205
0.05991505
0.15273529
0.04497051
-0.01859034
-0.07006329
-0.11059920
0.06788821
0.05588743
-0.05724889
-0.08495375
-0.20805931
0.06803640
0.01206330
-0.02482497
-0.08727837
-0.20797992
0.04978820
-0.10868055
-0.29855525
-0.20611401
-0.01874603
0.01052488
0.00015391
-0.07068897
-0.05646430
-0.05046676
0.11820460
0.05062872
-0.05845372
-0.00998733
0.06756046
0.00962891
-0.02852761
-0.10922692
-0.02443503
0.14390485
0.00822620
-0.01379971
0.00300255
0.09015699
0.15161929
0.00712807
0.03972414
0.01966435
0.02399981
-0.01447215
-0.19781883
0.07975206
-0.06350543
-0.07722171
0.00242987
0.06573822
0.06964801
0.00998219
-0.02862492
-0.07866575
0.08460505
0.10883288
0.11426406
-0.06774081
0.07014944
-0.13501649
-0.09382677
-0.01395924
0.03982730
0.05716304
-0.04388045
0.17863457
0.14766443
0.10513903
0.15023805
0.17864209
0.08591238
0.02503051
-0.01674332
0.02205869
-0.00900942
0.06649844
0.12407904
-0.01356613
-0.03501200
-0.03635994
0.06603001
0.13330531
-0.04478972
-0.07966114
-0.00484907
0.02112617
-0.09275357
-0.05460434
-0.04682874
0.05473628
-0.07654306
-0.09428062
-0.08148251
0.00228384
-0.07426351
0.05816991
0.06891487
-0.03860738
-0.09683148
0.03819141
0.08421928
0.06352051
0.16410047
-0.12535658
-0.03093448
0.01239342
-0.09919816
-0.09954038
-0.09423116
-0.04527904
-0.04296243
0.05280378
0.00792570
0.00230512
-0.11783510
-0.01635182
0.09156875
-0.05285145
-0.26227760
0.04948166
-0.11866906
-0.02138333
-0.06052225
-0.01384216
-0.05140595
-0.06257645
-0.00712279
-0.06232959
0.08000149
0.09622040
-0.04556897
-0.06668873
0.02542891
0.01725097
0.06267779
0.04974510
-0.17470476
-0.05826698
-0.14793059
-0.12978727
-0.07766769
-0.13975479
-0.00144744
0.09856339
0.01351167
0.12560058
0.12635100
-0.01330201
0.03475465
0.00345911
-0.07430422
0.03050990
-0.06115091
-0.00024273
0.03218556
0.04795224
0.09630882
0.13633837
-0.01620232
0.03643454
0.07822794
0.05491043
-0.03249992
-0.08758107
0.02498574
-0.03043777
-0.06442349
-0.03398125
-0.07666507
-0.05032489
-0.04216100
0.11047621
0.00885671
0.05047630
0.05482100
0.02502410
-0.04944906
-0.00097650
0.01440102
-0.05749984
0.10793619
0.03142990
-0.04821909
-0.17257872
-0.01624377
-0.10939684
-0.00316017
-0.20640647
-0.42100996
-0.06002149
-0.08486090
-0.11337619
-0.13433559
-0.12590168
0.01459866
-0.12015234
-0.02240797
0.05311973
0.13321012
-0.03753851
-0.05522896
0.09863144
0.00516478
0.16206014
0.03788939
-0.01877175
-0.09238202
-0.04960896
0.06192169
-0.00317089
0.02069673
0.00097046
0.07142226
0.08095428
-0.12418482
-0.04835084
0.10807042
0.27504757
0.16351800
0.00464225
-0.05436299
0.03082883
0.01294447
-0.04571602
-0.00094093
-0.00361378
0.06774571
0.01148194
0.03547094
0.13497443
0.08595004
-0.12593749
-0.08165891
-0.02411003
0.07554176
-0.01081100
-0.10670272
-0.24076422
-0.02295640
-0.02557318
0.01315086
-0.16693446
-0.16941521
-0.01010172
-0.01048255
-0.03634385
-0.02118181
0.04752403
0.03002640
-0.03295157
-0.01219647
-0.03730020
-0.04834910
-0.10410264
0.05599736
-0.06985663
0.01267283
-0.06184956
-0.07945156
0.12379158
-0.03555686
-0.02621618
-0.02493987
-0.05158551
0.07758832
-0.01715612
-0.11460830
-0.08256897
-0.09001272
-0.11416771
-0.06655956
-0.03498985
0.03319133
0.00506592
-0.01746901
0.00230954
0.10853390
0.12750627
0.14460814
0.04831923
-0.01368028
0.03290506
-0.08818418
-0.01772581
-0.10734054
-0.06214052
0.12729225
0.07065130
0.00245442
0.05245234
0.00081118
0.05944935
-0.04196261
-0.16768491
0.01887667
0.08152235
0.07134554
0.06404298
0.21094355
-0.06201751
-0.05038304
0.07302448
-0.02238792
-0.04509362
0.03443602
-0.07469970
-0.12762187
-0.16905718
-0.20928206
0.04588117
-0.04517904
-0.09978023
-0.14122491
-0.15364668
0.03888455
-0.11495449
-0.09036267
-0.02755577
-0.01630490
-0.02754643
-0.05728705
-0.13782378
-0.03021679
0.05819217
-0.04050845
-0.05003363
-0.01717995
0.08600307
-0.00653317
-0.02594357
0.00404404
0.08930781
0.08423357
0.03836646
0.00725192
-0.16602147
-0.04381345
0.01055396
0.06076381
-0.04494289
0.06232639
0.07142167
0.05981935
0.00018653
-0.02812914
0.03945788
0.04314865
0.10076823
0.02737834
0.05335437
-0.00412448
0.00558143
0.05097052
0.02765674
-0.03480861
0.00177540
0.05220836
0.09135070
0.02067864
0.00375236
-0.05600077
-0.03958198
-0.00234033
-0.07790707
0.10374552
-0.00574948
-0.03214087
-0.05331894
-0.04744085
0.02679139
0.04508618
0.12851642
0.10324454
0.11425447
-0.04277205
0.06596845
0.17453533
0.06295510
0.11456001
-0.03499317
0.03920901
0.09233099
-0.04507174
0.04612910
0.05660554
-0.03806421
-0.03525262
-0.04954362
0.03802194
-0.03398635
-0.07051890
-0.08594326
-0.07563617
-0.17002107
-0.00844209
-0.01076355
0.00640542
-0.03929209
-0.05162654
-0.06409034
-0.02686061
-0.10842149
-0.01849886
0.11552813
-0.14265272
-0.04047456
-0.04048842
-0.00658264
0.00635454
-0.01393903
0.11211950
0.06767038
-0.01683384
-0.12074893
0.13978833
0.02929645
-0.12069511
-0.15329301
-0.16918862
-0.05554017
-0.04648459
-0.01474056
0.09879782
-0.01202400
-0.00372825
-0.00188365
-0.03878825
-0.02703851
0.03548060
0.02461292
-0.00314404
-0.07276589
0.05315881
0.03705771
-0.07228849
-0.14403598
-0.10729293
0.01680115
-0.06341331
0.01115287
0.05455950
0.06622693
0.03168082
0.05735303
-0.17860612
-0.26527795
-0.25835970
-0.19217041
-0.01518149
0.02945729
-0.07569747
-0.12402742
-0.01094318
-0.00958677
0.21689688
0.05493237
-0.07487295
0.05346109
0.00450343
0.01622039
-0.06296320
-0.09966885
0.01181924
-0.05780951
-0.15402889
-0.01523018
0.15573968
0.07942155
-0.02160770
0.03968495
0.07268760
-0.03020042
-0.07874268
-0.12569213
-0.08700912
-0.07330573
-0.15236345
-0.02085497
0.03315088
-0.10284539
-0.03799968
0.06283767
0.09843469
-0.01256430
-0.04421331
-0.08930641
-0.07891621
0.06603608
0.00542193
0.08884931
-0.00365986
0.02739198
0.11785488
0.06808759
-0.04308663
-0.00660481
-0.04256209
0.06790785
0.07725558
-0.06917617
0.05296057
0.01238540
0.03010731
0.03802151
-0.10427039
-0.11997078
-0.00877894
0.01420061
0.05944813
-0.09720927
-0.06208425
-0.09114727
0.07196288
0.01827111
-0.03924267
-0.06588080
0.07583728
-0.01685521
-0.09760769
0.01001609
-0.05898450
-0.04629059
-0.11083046
0.07279011
-0.02580057
-0.13188682
-0.05718783
-0.08304127
-0.09255312
0.01824587
-0.06054109
-0.00046044
0.06474016
-0.02894501
0.11128800
-0.08299631
-0.05715429
0.02872608
0.01328247
0.01450311
0.03448117
0.03238298
-0.13427511
-0.30586085
0.05563736
0.07186860
0.15223739
0.10886971
-0.17505461
-0.01647941
-0.04854957
0.01701538
-0.15264584
-0.18740682
-0.13040937
-0.16044763
-0.06539309
0.04460178
0.12911719
-0.02732278
0.01161387
0.06791175
0.04837726
-0.12982275
-0.01346671
0.03877057
-0.02506475
0.06837230
-0.01299282
0.01075833
0.05967572
0.09386126
0.06440141
-0.04798421
-0.02689989
-0.01241319
-0.00905129
0.00042303
0.00713328
-0.03668117
0.06704105
0.00779601
-0.01883599
0.05396150
0.08751024
0.01068432
0.08052565
-0.07643367
-0.24648651
0.08807404
0.09146605
0.01305754
-0.01363131
-0.18020251
-0.17750236
-0.07458094
0.00425770
0.04094177
0.18389682
-0.06685368
-0.09448355
0.04823323
-0.01321469
0.03539925
0.01286273
-0.07144077
-0.00298659
0.03585575
0.08417886
0.00739355
-0.01900922
0.03365883
0.01423323
-0.11085626
-0.04563050
-0.05426024
-0.08933200
-0.07144421
-0.23661482
-0.11331709
-0.11234397
-0.00700174
0.00228097
0.06439070
-0.02793597
-0.18304083
-0.02103168
0.03143521
-0.10077241
0.15260872
-0.15913655
-0.18296154
0.09781728
0.00158286
0.10550660
0.03125434
-0.07093179
-0.17766866
-0.25094157
-0.04491875
-0.04480102
-0.00757559
-0.09160758
-0.23124819
-0.15726610
-0.11999870
0.02079017
-0.04418162
-0.02995562
0.12377061
0.16081163
0.14282291
-0.02789995
-0.10384867
0.01698183
0.03318389
0.04835246
-0.01571669
0.00560324
0.03614932
0.01554354
0.04157808
0.05428518
-0.06829557
-0.02686999
0.00796240
-0.03714933
-0.07383320
-0.07124972
0.05350543
-0.04225563
-0.02922415
-0.02217741
0.08684780
-0.00980926
-0.10933077
-0.17462829
-0.19999775
-0.16103002
0.06296874
-0.03222671
-0.12080213
0.06672663
0.00397342
-0.00941236
0.03938760
-0.09028164
0.09038775
0.05966264
0.02020726
0.19446532
0.06412312
0.02238710
-0.06087903
-0.14782274
-0.10860752
-0.07911128
-0.00897224
0.04738599
0.01238980
0.02254811
0.02912073
0.04446027
0.15003967
0.02822845
-0.01541382
0.00994649
-0.01264110
0.06222981
0.04045730
0.03621967
-0.04691319
0.03252576
0.09004671
-0.06866428
-0.05386939
0.01392091
-0.04904925
-0.01849525
0.00925701
0.00698368
0.04864399
0.00129534
0.10562769
-0.08187634
-0.12465218
-0.03050099
-0.03703389
0.10648313
0.04888841
0.03092015
-0.03537212
0.03825597
0.01040811
0.06336813
0.02165359
-0.05564078
0.01580048
0.02199278
0.00137112
0.01832975
0.04794974
0.01430182
-0.01104755
-0.18954986
-0.18281171
-0.06420294
0.02780467
0.09110063
-0.02995932
0.02366835
-0.03218421
0.00118622
0.01906784
0.00244263
0.06368436
-0.05588184
0.01635208
-0.06871954
0.10009106
-0.03248040
0.02691855
0.02632880
-0.03447004
0.08737486
0.01829247
-0.01387826
0.05657266
0.01953440
-0.11426488
-0.15119603
-0.05028569
-0.02632566
-0.20297924
-0.08246431
-0.05612626
-0.10612188
-0.19897124
-0.12024772
0.01109278
-0.04379924
-0.04252375
-0.05579536
0.05414973
0.01090603
-0.05462634
-0.04844252
-0.06478807
-0.06103904
0.09670740
0.08633604
0.04958481
-0.02253427
-0.07605688
-0.24612418
-0.23604053
-0.12841959
-0.05787634
0.15930305
-0.07128613
0.04880903
-0.00910627
0.09105812
0.14132251
0.06778421
0.07852218
0.05744470
-0.13820952
-0.18566251
0.08704406
0.01224021
0.03891159
0.01017258
-0.05950780
-0.03080435
0.04028637
0.00176438
-0.00887228
0.02921700
-0.08307230
0.00266214
0.03740102
0.04592538
0.03492835
-0.04202389
0.05886419
0.10958380
0.05555307
0.13077512
0.04689784
0.06852157
0.02084314
0.06854754
-0.04710525
-0.10083931
-0.11829162
0.07731484
-0.00996759
-0.01748474
-0.12835900
-0.03228048
0.06180352
-0.05142898
0.00975720
0.23429634
0.27766427
0.16842890
0.02197978
-0.03282461
0.02196471
0.06493595
0.08903988
-0.01531432
-0.08830501
0.07945482
-0.02868751
-0.03515549
0.00246405
-0.00466594
0.04590980
-0.05377736
0.00426112
0.00746641
-0.02056545
-0.04453502
-0.17821205
0.06498028
-0.00609524
0.03419965
-0.23835066
-0.11569948
0.12730061
0.13037476
0.09983657
-0.29204634
-0.03111605
-0.07477636
0.00897498
0.04134075
-0.02288789
0.04126086
-0.04430366
0.03057192
0.06256025
0.04089427
0.00933595
0.00192858
-0.05455332
-0.03235854
0.03332665
-0.00745613
0.06622524
0.07178674
0.02890854
-0.09581950
-0.12649775
-0.16025425
-0.12470839
-0.00192987
0.07654662
-0.02446342
-0.07608132
-0.00007686
0.21582173
0.03351852
0.00923757
0.01248551
0.06827577
0.07251422
0.03539644
-0.01279729
-0.01356436
0.00678616
0.02840932
0.02163397
0.09164927
-0.00067488
0.06248957
-0.03004258
0.02318618
0.10521936
0.03145828
-0.17052238
-0.12860480
0.09036122
0.05832267
0.01755810
-0.12790190
-0.13943008
0.01893313
-0.00266913
-0.03993838
0.00127241
-0.08299194
0.02692150
-0.07038420
0.03261003
0.00017205
-0.14566663
0.04149912
0.00362031
-0.03794902
-0.03708372
-0.19506933
-0.04540658
-0.09254611
-0.06455169
0.32157728
0.23025934
-0.02330788
0.01089573
-0.02552203
0.19758585
0.29163492
-0.05450769
-0.09660393
-0.22259150
-0.07701736
0.14066111
0.10692558
0.10753837
0.04728125
0.02368317
0.02182124
0.00089135
-0.00071081
0.00454770
0.02792265
-0.04983848
-0.09456321
-0.23944016
-0.09013005
0.01432651
0.06697877
-0.18159360
-0.06661306
-0.02299727
0.02213885
0.12533101
0.01724030
-0.03360256
-0.05617446
0.10276738
0.14724687
0.02598701
0.05757080
0.00645919
0.00285173
-0.00891794
0.03585156
-0.01255709
0.05946418
-0.05281999
-0.09008420
0.11540766
0.13871220
-0.01488542
-0.16316947
-0.36356503
0.05596944
0.07165363
-0.05926336
-0.09771413
-0.10310104
-0.00741967
0.07322749
0.03739064
-0.00269390
-0.04697017
-0.09988341
-0.00328855
-0.03457358
0.00365127
-0.09384998
-0.03471766
0.01024580
-0.09112196
0.00404774
-0.02893627
0.15723971
0.06448367
-0.25542688
-0.23336847
-0.20292835
0.16281117
0.05233746
0.02154416
0.00296172
0.04748533
0.11112766
-0.00376334
0.06346053
0.05877713
-0.02573113
0.21695337
0.02814106
0.01143244
0.06186839
0.00905407
-0.08059951
-0.00077318
0.00946968
0.07746148
-0.00854757
0.03222844
0.04049472
-0.02799517
0.01040773
-0.01830804
0.13167080
0.00097776
-0.11896865
-0.04980211
0.00281125
-0.02556277
0.07563804
-0.08314949
0.02117788
0.00417129
-0.13262132
0.04938465
-0.03391844
0.00592440
0.06570375
-0.16931894
-0.03958515
0.05128244
0.14756091
0.04329192
-0.09126239
-0.04261201
-0.08059898
-0.06246105
0.00467105
-0.06243027
-0.04021772
-0.05114947
0.00068169
0.05870647
0.06453452
0.01833037
-0.06201681
-0.01137629
0.03635208
0.25100592
0.05219867
-0.03823772
-0.02116051
0.03992635
0.10283691
0.03804012
-0.03969262
-0.10544768
-0.04296001
0.03743334
0.10869071
0.02852857
0.03180107
0.07996337
0.18066576
0.12042444
-0.00216855
0.00457027
0.05984380
0.04477124
0.13966699
-0.01640137
-0.01321872
0.07125761
-0.06865916
-0.05134021
-0.04266512
-0.06734622
0.05733437
-0.12106097
0.04522122
0.02765192
-0.03688490
-0.03465706
0.00403569
0.09804069
0.00623965
-0.00980113
0.00895713
0.08287531
0.06045999
0.01222736
-0.07605078
0.06268665
0.11532193
-0.07701401
-0.08463445
-0.08721696
-0.06022874
0.03596988
0.00865519
-0.05659232
-0.01868831
-0.02774207
0.06385332
-0.03492729
-0.08943810
-0.06125400
-0.08224919
0.04678169
-0.00793288
0.03760442
0.01477341
0.04384227
0.05814074
0.07473703
0.00266088
-0.01864460
-0.01558823
0.17746107
0.01639687
-0.06293067
0.04787164
-0.03271183
0.02210408
0.01455230
0.05195475
-0.02746494
-0.02411246
-0.14023753
-0.07769221
-0.02246814
-0.01663101
-0.00831362
-0.00579895
0.02010876
-0.09898918
-0.01390308
0.08455306
0.09539094
-0.01956785
-0.00397806
-0.06168227
0.05854435
0.13326195
-0.02394390
0.06664810
0.05152055
-0.01018597
-0.04440739
-0.06550537
-0.06336632
0.00891876
0.07769100
-0.05157372
-0.07051983
0.03021120
-0.02686719
0.03952574
0.03635481
-0.00560901
0.05438882
0.06702013
0.14051706
0.09035335
0.18659732
0.00200497
0.03677750
0.02926561
0.19176465
0.07301871
0.01293790
-0.09288848
-0.00088307
0.13270943
-0.00857503
-0.04768318
-0.13262962
-0.07258876
-0.06331935
0.05531634
-0.00966126
-0.03079313
0.03063325
0.14413112
0.05367953
-0.04188005
-0.13197245
0.00417038
0.08341504
0.07748423
-0.03736566
-0.13893473
-0.06078311
0.04374700
0.02441451
-0.12067617
-0.03077310
-0.00132959
0.13084382
0.18098444
0.01920817
-0.00886002
0.02565124
-0.00978952
0.07005134
-0.05254374
-0.03671863
0.09190276
0.00829015
-0.04890460
0.04907520
-0.04584162
-0.02161272
-0.05886918
-0.00715397
0.00045973
-0.01882110
-0.08150563
-0.26586428
-0.06943185
0.04630870
-0.06295246
-0.04818317
-0.21711114
0.00881260
0.04681660
-0.04201882
0.03399640
0.14451286
0.09245436
0.01562775
-0.01574067
-0.03767215
-0.10160791
-0.00526042
0.10440598
-0.02007520
0.02989339
0.01211725
0.01598752
0.10529949
0.03368997
0.03505825
0.14719704
0.01576693
0.05711916
-0.04094306
-0.02425337
0.08010958
-0.00875613
-0.09494002
0.01370088
-0.03001436
-0.04839931
-0.15043308
-0.13257504
-0.06541676
0.01526821
0.01518529
0.01006840
0.05519721
0.06639650
-0.02076823
0.00245973
0.01481106
0.07635256
0.04701902
-0.08794157
0.07491248
-0.04725448
-0.02148519
-0.02584695
-0.09476910
0.05751113
0.02316437
-0.00110949
0.06738622
-0.02777729
0.03572890
0.00912847
0.05585627
-0.00989723
-0.09116209
-0.02989040
0.13459072
-0.00798891
-0.08940817
-0.01093490
0.16515006
0.07071222
0.02206690
0.00517012
0.06206175
0.15795635
0.08899875
0.01506242
0.05381374
0.04030767
-0.08222428
0.03491674
-0.01226936
-0.14301547
0.13132761
-0.08633048
-0.01421851
-0.11006474
0.09060358
0.04083334
0.01783828
-0.07948988
-0.14924274
-0.01663239
0.10489173
-0.04778712
0.02433480
0.11155417
0.08472735
-0.08111415
-0.00357236
0.03277000
0.01730075
0.10957924
-0.02948480
0.05148061
0.01356954
0.00115655
-0.10427199
0.03883922
0.02074447
-0.11576841
-0.08425798
0.01463773
0.02448221
0.05297747
0.03947959
0.10801675
0.05942826
0.01069205
0.07875354
0.14412774
0.04956314
0.02153059
0.04469461
0.05533924
0.06247871
0.08431986
0.09340838
-0.04792314
-0.09449776
-0.09527175
-0.08284833
-0.04195625
-0.00654073
-0.05369905
-0.18436128
-0.13713726
-0.04574174
-0.06338794
0.02796203
-0.08842748
-0.10934900
-0.01267107
0.02885706
0.06878740
-0.02287316
-0.04631941
0.01150515
0.13880876
0.08225867
0.00692201
0.06656188
-0.07958797
0.08463829
-0.02881841
-0.04643703
-0.03124552
-0.04286040
0.01901459
0.02742295
-0.06985413
-0.00592815
-0.00619545
0.13958232
-0.00311724
0.03137212
-0.04003856
-0.04365468
-0.04433174
0.20537212
0.09685257
-0.03271915
0.03795690
0.04138398
-0.00178370
0.20695956
0.05028917
-0.08466118
0.08715510
-0.10720404
-0.12859070
-0.14573459
-0.02220059
0.01734079
-0.08984534
-0.01259983
-0.02429027
-0.02643125
-0.03184637
-0.07313454
-0.03077284
-0.00029119
-0.03117038
-0.05952071
-0.06027782
-0.10556056
-0.05720309
0.01810706
-0.03123241
0.06802978
0.09004286
0.08160454
-0.07925651
0.01519210
0.08531968
0.14058858
-0.05513866
-0.10611752
-0.04618260
0.10829623
0.02010307
-0.03932751
-0.12777604
0.09460951
0.18827099
0.04538121
0.07914702
-0.01483543
-0.09747928
-0.09690464
-0.20598485
0.03097661
0.06129766
0.03244173
-0.11327551
-0.12779087
0.09564991
0.07468633
0.07161931
-0.07851110
-0.03977189
-0.00607318
0.02811957
0.01252362
-0.01967972
-0.03023102
0.13885185
0.12703353
0.03340951
-0.04658918
-0.05048815
-0.00147552
0.03164610
0.01266354
-0.03630644
0.02308999
0.02748873
-0.09942286
-0.14141503
0.07611020
0.09485306
-0.03543734
-0.28373072
-0.22519372
0.04343146
0.04429676
-0.08731421
-0.22813387
-0.24254280
0.09745193
0.14067678
0.00548896
-0.01907263
-0.01984037
0.01476957
0.12269789
0.05097366
0.02732190
0.01323285
0.05869504
0.09870365
-0.01476341
-0.01675721
-0.13772151
0.02784644
-0.09596646
0.01177132
0.17797871
0.07810852
-0.09491453
-0.17790101
0.09651291
0.07828065
0.06139084
-0.06623978
0.05030409
-0.01466354
0.04156317
-0.07958171
-0.05839432
-0.02975869
0.06768999
-0.05714364
-0.05574067
0.04113416
-0.02250636
-0.02362530
0.04032354
0.04113619
-0.04560409
0.09388855
0.03128160
-0.04551252
-0.04911980
0.03661790
0.09396879
-0.08222190
-0.02921041
0.03027369
0.06032670
0.09694845
0.08751870
-0.04016805
0.03000725
-0.08727161
-0.00145589
0.04917643
0.01930614
-0.01867342
-0.15390007
-0.03737501
-0.05667028
0.03760788
0.05499288
0.03813505
-0.00235389
0.11878540
-0.05341582
-0.03982393
0.09467352
0.01725430
-0.07658887
-0.00955653
-0.01354035
0.08183501
0.01356326
-0.14725010
-0.12329269
-0.00499963
-0.04748739
0.12657870
0.04292912
-0.03655206
-0.01803615
-0.06920111
-0.02799948
0.11508868
0.22947940
0.02848610
-0.18213809
0.01668322
0.07450454
0.07715022
-0.03861587
-0.02409728
0.00802407
0.08441675
-0.08871649
-0.16902426
-0.09155194
0.03055164
0.04521216
-0.15718228
0.00698165
0.00770085
0.06286023
0.00491080
-0.01267611
-0.07878494
0.08213636
0.01905855
-0.02961139
-0.05108576
-0.03158009
-0.04371563
-0.02711904
-0.01804486
0.04541869
-0.03139598
-0.11334924
-0.09997956
0.03306017
0.04147380
-0.01552248
-0.13486072
0.07404403
0.08880840
0.03472640
-0.11644407
-0.12796541
-0.10307818
-0.23002255
-0.03852241
0.06559021
0.09139708
0.10128639
-0.04860025
-0.03632478
-0.04768517
0.19182207
-0.01715091
0.03443024
-0.02753613
0.05049404
-0.11372489
-0.25294831
-0.02595378
0.02268000
0.04970934
-0.26639873
-0.16046764
0.08464017
0.09072205
0.02865731
-0.04578000
0.00871393
0.06566659
0.06041237
-0.01512526
-0.09500399
0.04346668
0.07433221
0.11720390
-0.04593888
-0.09235356
-0.09014290
-0.08965195
0.01018245
-0.00046786
-0.14512222
-0.11047272
-0.05864293
0.03542701
0.01423759
-0.08421746
-0.08571343
-0.06248699
0.04442522
-0.00852688
-0.06320910
-0.01983576
0.04695097
-0.01224387
-0.01077332
-0.04840505
0.07141563
-0.03807621
-0.03785751
0.04010444
-0.02007341
-0.06768689
-0.10997629
0.01355820
0.22718482
-0.05260803
-0.09753445
-0.01876187
0.10549485
0.00599441
0.04863067
-0.05540333
-0.05917404
0.03270818
-0.06071557
-0.10358416
-0.14309165
-0.04965277
0.01291867
-0.09758442
0.12003446
0.06922200
0.04105542
-0.04988477
0.08462297
0.10517624
0.15743685
0.11445945
0.06095399
-0.06662125
0.02632665
0.16697416
-0.04951223
0.07392176
-0.00761063
-0.04217340
0.21026595
0.00825011
-0.04451370
0.00748210
0.03496500
0.07809095
0.07578713
-0.10638408
-0.12701693
-0.09165331
0.00387305
-0.02529007
-0.09532849
-0.05093719
-0.10222817
0.02441841
-0.01879212
-0.11520664
-0.05632510
-0.07539406
0.00237089
0.04420138
-0.03508374
-0.02529649
-0.12710539
-0.05599967
-0.05113715
-0.15499364
-0.08064551
-0.21294934
-0.09211550
-0.00132563
-0.02432155
0.04880317
-0.14091368
-0.11590958
-0.07727309
-0.00094092
-0.07451674
0.01434462
0.05442712
-0.01777193
-0.03046946
-0.13072243
-0.00676923
-0.03750943
0.00788853
-0.02853458
-0.20948279
0.04122877
0.05420683
-0.00482801
-0.07712164
-0.09666417
-0.13633326
-0.12291278
0.01688698
0.07639109
0.01047529
-0.00887615
0.02261572
-0.04190360
-0.06774075
-0.12249076
0.12070832
0.11312382
-0.01289352
0.10776230
-0.02365620
0.00445676
0.03308668
0.01299946
0.00646188
0.00073573
-0.09992974
0.10719385
-0.10671854
-0.00753752
-0.08305080
-0.31211847
-0.33284128
-0.03344157
0.07333023
0.12433138
-0.12653635
0.07124826
-0.00036004
0.02388513
0.03964382
0.01798524
0.05479059
0.00967748
0.12479017
-0.03163178
0.14252800
0.03112983
0.17130126
0.08405819
-0.08293039
-0.04281874
-0.17674135
0.09344201
-0.09273610
-0.12400015
-0.02062253
-0.08466916
-0.03115376
-0.05787556
0.05007521
0.10241926
0.01849483
0.11000153
0.07978104
0.01504820
-0.04199333
-0.03921967
-0.00552676
0.05460032
0.08312690
0.02689533
-0.05465078
-0.03695927
-0.02235875
-0.01850556
-0.10412241
-0.11441015
-0.04925466
0.08242942
0.01254537
-0.08819737
-0.02092706
0.11789213
0.01209223
-0.04082070
-0.01650596
0.05115200
0.00624944
-0.17043522
-0.10660302
0.02479656
-0.03569873
-0.06143657
-0.01910867
-0.06907909
0.05693333
0.02990817
0.08726452
0.13972513
-0.05724778
-0.07692994
0.06993915
-0.01826439
-0.05953201
-0.16998129
-0.03677941
-0.06139208
-0.04155846
-0.06907270
0.06819082
-0.00079016
0.06454589
0.09076053
0.06312393
0.06047573
-0.05934834
-0.02539955
0.00748930
-0.02619091
-0.01794433
0.00206673
-0.01309644
-0.09688182
-0.11345941
-0.10389781
-0.04835532
-0.11844855
-0.08529745
-0.01251533
-0.06298973
-0.07033256
-0.18351042
-0.14077982
-0.07175305
0.08435955
-0.05690841
-0.05613539
0.09809848
-0.00127616
0.05921049
0.04447890
0.07839394
-0.04769709
-0.10772143
0.05026948
0.00245139
-0.04028144
-0.13251549
-0.08550142
-0.03241115
-0.04250895
-0.01227319
0.03843461
0.02519638
-0.09383022
-0.08562984
-0.03460859
0.03401263
0.03641515
0.02036927
0.10915750
0.00504390
0.01922752
-0.01195984
0.01827163
-0.00662754
-0.04451716
0.07125163
-0.06963926
0.02820812
0.08302717
-0.06880836
0.03375772
-0.07287838
-0.03358195
0.04694878
-0.08196215
-0.04542752
-0.02118094
0.03940368
-0.04420027
-0.06951585
-0.03958969
-0.01750032
-0.03989617
-0.05544628
-0.02736728
-0.02024528
-0.08881900
-0.09012067
-0.01469625
0.01046806
0.04473650
0.05018274
-0.01603592
-0.05322427
-0.06474826
0.01662901
0.02107741
-0.02433902
-0.01784723
-0.01876868
0.07532651
-0.03090141
-0.06462770
-0.23878874
-0.21157072
0.01215226
-0.02095078
0.00402569
0.07311256
0.02543651
-0.03583083
0.04199551
0.08399069
0.14759900
-0.07988828
0.02355680
-0.00961357
0.03361838
0.14586636
-0.02961588
0.02145915
-0.06047136
-0.10474030
0.01210370
-0.05542442
-0.19465528
-0.12460540
0.05653692
-0.10872571
-0.14106306
0.01453904
0.04126710
-0.03470459
-0.00916506
0.01570440
0.08643144
-0.01276051
0.06377616
-0.03870608
-0.04330673
-0.04376432
-0.03784382
0.03899835
-0.09898850
-0.14194737
-0.02890744
-0.02235894
-0.03196057
-0.10275555
-0.05482933
-0.04233380
-0.01076438
-0.07085738
0.10583700
0.19331908
0.23784141
0.02472700
0.08755756
-0.16736251
0.03181530
0.20595272
0.02382929
-0.01208255
-0.10451546
0.03603618
0.13302311
-0.12249978
0.05718001
0.01057022
0.05237285
0.04579425
-0.04224609
0.00064262
-0.01129254
0.09836773
0.10244693
-0.02147724
-0.07206810
-0.07301331
-0.12169210
0.06498908
0.10781908
0.06463681
-0.07470855
-0.16308005
-0.03288579
0.02753939
0.06819668
0.05330634
0.11159002
0.07732943
0.01416021
0.01939435
0.12476691
0.08594769
0.05049611
0.06856381
-0.00051523
0.11120907
0.01436249
-0.03153194
-0.04517595
-0.03685159
-0.07302347
-0.14381805
-0.17033671
-0.06514189
0.05048508
0.03247295
0.02468146
0.05445511
-0.02835335
0.00888582
0.01671265
-0.00221721
0.05997588
0.04275677
-0.06075431
0.00226530
0.04258826
-0.01585090
0.01482333
0.03333869
-0.03743092
-0.05614422
0.08790103
-0.08419751
-0.14989814
-0.00438134
0.08666985
0.14980285
0.08346514
0.05557925
0.04634472
0.01169284
0.06749426
0.05635741
-0.04126791
-0.09607648
-0.07238092
0.03418191
0.06946137
0.11938129
-0.12838978
0.04677888
0.04708919
0.03316239
-0.10304689
-0.02022184
-0.08091096
0.04873451
0.16275877
-0.02040657
-0.09740471
-0.12242735
-0.00570190
0.08067796
0.02809180
-0.05380924
0.00173333
-0.21102911
0.01395676
0.21735707
-0.12247045
-0.13535058
-0.06272785
0.10360223
0.13062793
0.04086214
0.06216232
0.09890448
0.15765421
0.00918001
0.09664302
-0.03080597
-0.06763975
-0.00247251
0.00690216
0.18321624
0.16062997
-0.03957727
-0.03860596
-0.03655196
-0.10969462
-0.02903375
0.02583408
-0.09496284
0.13382302
0.03575266
0.09967095
0.15822022
-0.05892206
-0.05338921
0.04032142
0.06947035
0.15144521
-0.00062182
0.00389279
0.04792388
0.04496082
0.01142645
-0.13787876
-0.06052002
-0.00975151
0.09955595
0.06974269
-0.04279829
-0.21611966
-0.14896642
0.02058360
0.04162946
0.13889395
-0.07423680
-0.05050616
0.05918720
0.05907807
0.03481745
0.00707056
-0.05637542
0.03602859
0.04348702
0.03440689
-0.12449527
0.04136291
-0.00615041
-0.05803688
0.05447033
-0.03346634
0.13732426
0.14346518
-0.12157841
-0.04856385
-0.11232237
0.24675389
-0.02337532
0.01314121
0.06523336
-0.00921159
0.02441261
0.07029855
0.07207069
-0.07035898
-0.04388190
0.09522227
0.04740429
0.02862730
-0.03040718
-0.07059972
-0.03584251
0.00085950
0.07544904
0.05908609
0.00044971
0.03188138
-0.05579813
0.02024449
0.04793141
0.01688679
-0.04600215
-0.03902757
-0.01284156
-0.02481931
-0.01472297
0.04839824
0.05229971
0.07940804
0.02958247
-0.07592455
-0.10528588
-0.02745199
-0.07799014
0.07507219
-0.06547879
-0.19510311
-0.13695653
0.02280816
0.24979895
0.12430280
-0.07037053
0.00674722
0.01540950
0.01406537
-0.06845601
-0.09627818
-0.04689495
-0.01083343
-0.04104935
0.08444694
0.07925338
0.12474404
0.08554979
0.01309731
-0.05512787
0.05200996
0.04964546
0.01414505
-0.12849639
-0.09688821
0.09495729
0.01774649
0.01302700
-0.06437279
-0.03901431
-0.02453677
-0.03966584
0.00566065
-0.01512663
0.06934541
0.08815051
0.05048218
-0.09108986
0.04672975
-0.09441869
0.11814279
0.10011608
-0.00146781
0.02577362
-0.02528073
-0.05313729
-0.02325977
-0.00377624
-0.00815696
0.02779376
-0.18938015
-0.05564350
0.08391497
-0.02990839
0.02077598
-0.14103332
0.01831695
0.03463930
0.08866294
0.10159646
0.14222766
0.04020731
0.03548827
0.06895372
0.03444853
0.04106377
-0.03973592
-0.10386191
0.00737787
0.09707335
0.04113095
-0.07319669
0.02122832
0.01708080
0.06575602
0.05473990
-0.02937098
-0.10806391
-0.16148597
-0.05544880
0.07989053
0.06384210
0.01044288
-0.01655654
-0.01048352
-0.02183934
0.03417167
0.02190979
0.02793332
-0.02195947
0.05960388
0.10165980
0.04750577
-0.03554531
-0.01401416
0.05332948
0.01158452
0.04562487
-0.01536772
-0.05148377
-0.16333655
-0.15431803
-0.00124411
0.06847685
0.03855490
-0.13375840
0.02411792
-0.06230183
-0.07219341
0.14325175
0.00766703
-0.00317385
-0.12805146
-0.00652158
0.06448974
0.05249517
0.06212649
-0.04788124
-0.08358713
-0.18781383
0.07303165
0.04818451
0.02463953
-0.15883882
-0.11016210
-0.06264832
0.02321399
0.13215369
0.02991562
-0.04912511
0.12007090
-0.00464917
0.00014731
-0.03930056
-0.03657502
-0.07210087
-0.06261987
0.04621013
0.01866766
-0.03078444
0.04321593
0.01127559
0.10553487
0.07714923
0.04872840
0.05406672
0.06475019
-0.03561179
-0.09824473
0.04992426
-0.01605160
-0.15518321
-0.09256694
0.04011077
0.11887363
0.04997381
0.07657386
0.14017940
0.03779852
-0.02751794
0.07708281
0.00716463
0.02262016
-0.03497242
0.02401453
-0.00172353
0.06943481
-0.04607321
0.07171205
0.07235526
0.11659219
0.07386380
0.03851664
0.05406849
-0.08916607
0.04004761
0.10615191
0.01449540
-0.09121282
-0.05041106
-0.02222372
-0.09346757
-0.14739904
-0.00821398
0.00082215
0.15310803
0.04378669
0.03958701
0.08946730
-0.00463326
-0.12722422
0.14892393
0.05091757
0.10686537
0.02343541
-0.19968037
-0.07335024
0.04685446
0.09046713
-0.01478736
-0.02567836
0.19554642
0.09937415
0.03472847
0.04017259
-0.08202171
-0.18430573
-0.10282589
-0.02976548
0.03440940
-0.11746544
-0.03373117
0.04118102
0.07900223
-0.03871625
-0.04192403
-0.01392180
-0.02209245
-0.04228289
0.04826430
0.09864418
-0.10371548
-0.05275359
-0.00215104
0.03224174
0.01564152
-0.09268910
-0.08046299
0.00530832
-0.00360507
-0.09274795
0.04620781
0.00059195
0.05546971
0.15271538
0.07289967
-0.00998697
-0.03498663
0.03017421
-0.00343336
0.01283410
0.00762661
-0.05198812
-0.04088682
0.08874512
0.03635320
0.00454397
0.00046430
-0.05722164
-0.07655805
-0.06863990
0.03621479
-0.10995503
-0.17403278
-0.16017069
-0.12107924
-0.11203084
-0.04223971
-0.19591129
-0.01612777
-0.01874487
-0.04475206
0.02133092
-0.09030833
0.03870278
0.16111195
0.07159321
0.19824256
-0.11497246
-0.16754965
0.02938220
0.05906855
-0.08266108
-0.15943938
-0.06210904
-0.05875798
0.04143326
0.08060316
0.09649653
0.01931561
0.11458167
0.15291637
0.04283449
-0.17953783
-0.02306470
-0.03061560
-0.03173840
0.06661630
0.01172332
0.00946820
0.02287226
0.11900450
0.01593275
0.12117916
-0.07503960
-0.04130131
0.00635135
-0.04437271
0.02308475
0.10234678
-0.08015624
-0.14541434
-0.03674836
0.10707304
0.05314372
-0.08130478
-0.13812710
-0.12024611
0.01765812
0.00271668
0.01921554
0.00947985
-0.08022849
0.00922830
0.09783812
0.07598701
0.07236471
-0.00019583
-0.06458331
-0.10455888
-0.02971711
-0.01775921
-0.15953016
-0.21403305
0.02139212
-0.02907682
-0.05655108
-0.11759824
-0.16046934
0.13576724
-0.10725418
-0.04541935
-0.05285191
0.02355612
0.15886375
0.06819487
0.08172806
-0.00628058
-0.03449385
-0.01855214
-0.01043268
0.03259086
0.09954170
0.01854951
-0.21496621
0.05778467
-0.07530386
0.06050226
-0.02162400
-0.04757500
-0.04202664
-0.05545517
0.18007863
0.12470505
0.09349141
-0.07756021
-0.16354251
0.04816933
-0.00521604
-0.00671338
0.01982534
-0.12776566
0.02032335
-0.11244328
-0.03685627
-0.03082253
0.07299272
0.03494268
0.00641935
-0.13104054
-0.15546477
0.01964152
-0.04987524
0.00408554
0.01917889
-0.16021895
0.04302552
-0.02208074
0.04880291
0.04453648
-0.11402133
-0.05212481
-0.07434965
-0.10267419
-0.14186789
0.06201191
-0.00340016
-0.04945542
-0.11718424
-0.12549268
0.03770620
0.01524420
0.01722309
0.01848404
-0.09859653
-0.04630420
0.09403795
0.12282398
-0.03397276
-0.06378903
-0.10328243
-0.18750024
-0.05888533
-0.09814993
-0.00383249
0.24060509
0.17674915
-0.00322228
-0.10255587
-0.08184645
-0.02008804
-0.07185658
0.00165109
-0.13271025
-0.08239432
0.02396350
-0.12243829
-0.02156950
-0.09540520
-0.11834800
-0.00320577
-0.19297051
-0.07467730
-0.10748010
-0.02755126
0.00803855
-0.07382815
-0.04316051
-0.08025312
-0.02857072
-0.15713255
-0.02484491
0.03270901
-0.03068697
-0.01880544
-0.10867304
-0.01230734
0.02417864
0.02258016
0.04305078
-0.08401160
-0.08341357
-0.07812429
-0.01099419
0.14263859
-0.08575130
-0.02464894
0.01479238
0.05241330
-0.07456042
-0.16846174
-0.15168160
-0.06561806
0.05895206
0.00024876
0.05665101
0.00048141
0.00595603
-0.05777824
-0.02358463
-0.07550481
-0.05813782
-0.03116539
-0.05992693
-0.10000737
-0.05108874
-0.01273186
-0.04412876
-0.00125706
-0.03587370
0.00223521
-0.05476784
-0.04449021
-0.08043303
0.11079407
-0.08027177
-0.09078521
-0.01408191
-0.06004759
-0.02922247
-0.08523110
-0.12737532
0.05382872
0.00549529
-0.04169801
0.03969441
-0.09338593
-0.06064144
-0.05705972
-0.06344429
-0.09189449
0.02323542
-0.04654139
0.03617768
0.09137201
-0.08607826
-0.03463383
0.08279071
0.02721607
-0.05923995
-0.14716125
-0.12179151
0.00138603
0.19781509
-0.03585380
-0.14612333
-0.02927556
0.05146447
0.01922443
-0.01518980
-0.14576603
-0.16341333
-0.10144940
-0.08278901
0.00681793
0.01348906
-0.11367500
-0.07873148
0.01228251
0.05117804
0.07869986
0.07481954
-0.05335965
0.00458304
0.01387828
-0.07196637
0.02946047
0.13759491
0.05725005
-0.03618235
-0.17583016
-0.13911499
-0.04917172
-0.09117285
-0.11099429
-0.01676891
-0.10629899
-0.17968586
-0.10302680
-0.14740252
-0.12381475
-0.03444490
-0.05632926
-0.11273821
-0.13769998
-0.08975980
-0.00678999
0.13483219
0.10745495
0.06661818
-0.09941839
-0.19587483
-0.04636069
0.05503780
0.12341627
-0.03275957
0.05085782
-0.09470738
-0.07434286
-0.07266700
-0.06780561
-0.09013002
-0.03407403
0.04009869
-0.01045197
-0.09539589
-0.11794024
-0.08400381
-0.04933386
-0.08662248
-0.02746797
-0.08098824
0.02271421
0.05429045
-0.00445099
-0.09311666
0.01632389
0.08240722
-0.10445984
-0.13666892
0.00198912
0.22325712
0.10014495
-0.15626733
-0.05779764
0.01360958
0.06804570
0.08903585
-0.13403176
-0.11749820
-0.10577205
-0.04475372
-0.02862934
-0.10575467
-0.01626073
0.03586700
-0.15299182
-0.06893794
-0.05425628
0.05523972
0.00698035
-0.00314438
-0.15138341
-0.09065250
0.01820292
-0.17924929
0.11186580
0.19252993
-0.01863761
-0.19843228
-0.06690910
-0.02047578
0.12449946
0.03286908
-0.08706395
-0.12747827
-0.10852403
-0.04238587
-0.04488471
-0.07566356
-0.12024817
-0.11875653
-0.11986576
0.01750092
-0.02703279
-0.03497188
0.09819872
0.10318037
0.06086488
-0.00267569
-0.09813911
-0.08140652
-0.04487101
-0.07898957
-0.09471416
-0.12666513
-0.08106231
0.00053239
-0.02215150
0.01351710
-0.03734527
-0.02211305
0.07775465
-0.01148480
-0.01521848
0.01249047
0.04263189
-0.09808226
-0.04472370
0.01040371
-0.04822059
0.00475358
-0.08100279
-0.03827452
0.06022172
0.06061102
-0.01669513
-0.06155914
-0.01982504
-0.01837278
0.13528527
0.09690909
-0.05643100
-0.04123754
-0.06082207
0.19987637
0.08245661
-0.01017659
0.02379656
-0.03870017
0.01236883
0.18178079
0.07778525
-0.01078958
0.06079452
-0.07189878
-0.07514752
0.11815663
0.00226684
0.08126324
-0.01890686
-0.16072203
0.02020569
0.05126951
0.00758995
0.02853687
-0.03405664
-0.08027187
0.16039005
0.04265088
-0.00713403
-0.00532273
-0.02164198
0.03232260
-0.08789916
-0.13106059
-0.08919720
-0.13211498
-0.04637733
-0.07909866
-0.07995598
-0.04366446
-0.11280482
0.00197908
0.04790676
-0.04960695
-0.05456934
0.06823795
0.04868274
-0.01524971
-0.14607869
-0.02794432
-0.07595826
0.03114125
0.11618538
-0.11528817
-0.12424112
-0.01622640
0.05212107
0.03123923
-0.00530565
-0.21605520
-0.02183136
-0.00879077
-0.03625017
-0.02367906
0.09006066
0.12059505
-0.01167512
-0.10974202
0.08988480
0.04181370
-0.00929821
-0.02280419
-0.07983985
0.05358368
-0.00870922
-0.09801706
-0.04723942
-0.00669144
-0.00302732
0.04397370
0.01827415
-0.05895352
-0.08987811
-0.04481793
0.05727191
0.00392722
-0.07043454
0.02844605
-0.17626482
-0.03693822
0.18699773
0.17659067
0.08437300
-0.01054905
-0.05449779
-0.07969768
-0.00818591
0.02230225
0.28073043
0.12118839
0.02026959
0.05511351
-0.04447547
0.06474064
0.14981276
-0.05278925
-0.00095166
0.01059636
-0.11405466
-0.01248913
0.06136295
-0.03174576
-0.06105548
-0.08291189
-0.17611435
0.02207712
0.11103713
-0.01353177
-0.12876217
-0.03607008
0.03651902
-0.01467139
-0.01819534
-0.03427537
-0.02709670
-0.00910154
-0.03605809
-0.03033874
-0.08453169
-0.08650752
-0.03507055
-0.04091148
-0.09868465
-0.04039080
0.00646163
-0.04381157
0.08592059
-0.01328979
0.01403115
0.04648622
-0.00423084
-0.06004365
-0.04847144
-0.08220939
-0.06968490
-0.02071102
0.04427506
-0.04117318
-0.07723345
-0.09639838
0.03424408
0.01081258
0.02297047
0.12877578
0.24551558
0.05022493
-0.05114117
0.07928609
-0.00396157
-0.02336191
-0.12827429
-0.03713093
0.11961365
-0.06044372
-0.01855179
0.06439234
-0.00473444
0.02404225
-0.05473585
-0.10901898
-0.08455433
0.07823880
-0.01619325
-0.06560738
-0.03402704
-0.08557154
0.06601027
-0.05261702
-0.11245332
-0.13509460
0.01824982
0.03537735
-0.10014519
0.02210253
0.04557075
0.02224313
-0.03309102
-0.02292968
0.05107128
0.08321743
-0.01494003
-0.07175490
-0.07875654
-0.00883769
-0.09107444
-0.01026137
0.04552731
0.05200949
0.00361430
-0.10542414
-0.02130257
0.00795246
0.04507881
-0.11671671
-0.14181282
-0.00915285
0.02087207
0.05635827
0.04796030
0.09602625
0.04604151
-0.04805371
0.09487306
0.11362054
0.08660658
-0.06742106
0.04943762
0.06121182
-0.16976929
-0.07097317
0.02590160
0.07058401
0.03263666
-0.12017643
-0.02023881
0.02400913
0.08456761
-0.02107541
-0.00109173
-0.06191047
-0.02361532
0.07740571
0.03892861
-0.07683922
-0.01694563
0.08181567
0.01339240
-0.07395536
0.03040260
0.01359442
0.02762425
0.00850459
-0.05260752
-0.01713911
0.05018533
0.03298800
-0.04717060
0.06487164
0.10563637
0.03386812
0.02939532
0.01983345
-0.03554150
0.04996395
-0.05348079
0.03740313
-0.01047024
0.11173960
-0.10987668
-0.11491094
-0.04982546
-0.06272095
-0.02609156
-0.03429264
-0.03454445
-0.05618920
0.03699071
-0.09283368
-0.08080837
-0.13068900
-0.11628602
-0.10629595
0.04070419
-0.12830845
-0.11513432
-0.08046110
0.07097572
0.03420787
-0.01930249
-0.07516334
-0.09342380
0.04101667
0.00341107
-0.03505970
-0.09715756
0.03692231
0.17501953
-0.16301081
0.08883907
0.11115871
0.09084251
-0.02998802
-0.09672088
-0.16704319
-0.06529492
-0.01566589
-0.00577692
0.00864623
0.01660422
-0.00394939
0.02704200
0.01437115
0.01581464
0.05167497
0.10182034
0.04578661
0.06157099
-0.01440378
0.10309541
0.15905257
0.12937905
0.03074082
-0.07479992
0.02090506
0.03156047
-0.02260207
-0.09692264
-0.04900301
0.14284296
0.26362020
-0.02234131
0.07806008
-0.02109184
0.01168811
-0.00998485
0.01024701
0.07618142
0.02890269
-0.05896334
-0.07627209
0.13479094
0.03703665
0.01856653
0.19102627
0.11917017
0.08998611
0.00463087
-0.07880898
0.12328033
-0.06243753
-0.11996706
0.04629643
-0.04699732
-0.15027037
-0.27495173
-0.01426775
0.15927716
0.08549478
-0.05796476
-0.15814817
-0.07566014
0.03457571
0.04883242
-0.11979187
-0.15410258
0.01031011
-0.00014165
0.07570349
-0.28217956
-0.00647712
0.07301334
-0.02827665
0.03884912
-0.17567390
-0.12375126
0.00919805
-0.02555171
0.12102412
-0.03911060
-0.01088197
-0.08018293
-0.01995574
0.03736169
0.03623688
0.02482026
-0.07964562
-0.00775631
0.07231062
0.04416776
-0.00146585
0.00984750
-0.07274054
0.07472312
-0.12538102
0.13192345
0.00079584
-0.02716712
0.01202673
0.03357157
-0.01994111
-0.04623967
0.01802677
0.05167021
-0.00979636
-0.03044765
0.09357210
-0.04348993
-0.12081929
-0.00303492
0.09085830
0.19365029
0.00445931
0.06301686
-0.12083489
0.01045494
0.12498596
-0.02920621
0.04395777
-0.13140014
-0.01196248
-0.01294554
0.06647339
0.05673785
0.01729167
0.01765791
-0.01000229
-0.02487928
-0.07566077
-0.09195336
-0.04929866
-0.13282488
-0.09169240
0.06193478
-0.00293133
-0.01335676
-0.17158483
-0.06197588
0.05189818
-0.01483852
-0.06057405
-0.03159769
-0.16313995
-0.04065998
-0.03563239
-0.16957749
-0.10226003
0.05356066
0.04294261
-0.13063653
0.00004951
0.02520698
-0.02486934
0.04430621
0.09586485
-0.10073594
-0.02899388
-0.01329554
0.13279940
-0.03611202
-0.04144771
-0.07687204
-0.04776556
0.07232976
-0.07747366
-0.12545782
-0.10332585
-0.05094991
0.08950377
-0.23372224
-0.10563328
-0.06891700
0.04469331
0.10216454
-0.15674241
-0.07613707
-0.03306874
0.00624578
-0.04397340
0.03078879
0.07790581
0.01348348
-0.02290365
-0.00074717
0.08319463
0.08861426
0.04363352
-0.01960978
0.09236645
-0.00303755
0.01791417
-0.03728252
-0.07959341
0.03868110
0.02924249
-0.04078072
-0.04379179
-0.06426658
-0.06244149
0.06939854
-0.00587468
-0.01557816
-0.12477350
-0.02491628
0.19989590
0.08225276
0.07944161
0.00473634
-0.00932343
0.00471986
0.12050552
0.07848520
0.00909119
0.02008752
-0.19207060
-0.13960242
-0.06486029
0.05716943
0.03425980
-0.12121175
-0.18763885
-0.09025985
0.09551748
0.00680359
0.10870112
0.01655567
-0.12308113
-0.06005823
-0.04481257
-0.09818793
0.03583300
-0.02635076
-0.00829702
-0.01528105
0.14154688
0.12496853
-0.04619177
-0.04082059
0.01235798
0.01642005
0.04936802
-0.00669654
0.03197198
-0.06347526
-0.01907458
-0.00246035
0.00757071
-0.03652959
0.02077849
-0.07074782
0.04098521
-0.01111623
0.05050842
0.06739108
0.02624963
0.00814331
-0.06713326
-0.07044445
0.01782319
-0.04468066
-0.10434399
0.01499905
-0.00109889
-0.09381851
0.13945660
-0.01216562
-0.00418104
-0.05848186
-0.08242655
0.06755995
0.03832173
0.04210559
-0.03026791
0.06750621
-0.03033693
0.07245239
-0.03173637
-0.08635144
-0.05051521
-0.03623630
0.01231029
-0.02119634
-0.00679085
-0.02320662
0.15798761
0.07320742
0.04224942
0.00207777
0.06782277
0.05499789
0.13003744
0.01025707
0.04980734
0.07584566
0.01683324
-0.01415504
-0.02985158
-0.01558194
-0.09743288
-0.04225309
-0.03350975
0.03796408
-0.00929512
0.00575220
0.00220791
-0.04320537
-0.01157049
-0.01425196
-0.05386009
-0.00154626
-0.04603406
0.01892827
-0.02682975
0.04615580
-0.00975950
0.04180938
-0.02676219
-0.02026606
0.08057895
0.08848841
-0.01192161
0.02504003
0.06451223
0.06286634
-0.04290049
-0.07295761
-0.08441753
-0.05681946
0.01182647
-0.10388377
-0.04987310
0.05090112
-0.07695076
0.00902526
0.04321039
0.03985197
0.06765226
-0.04403954
-0.01223574
0.07538953
0.10685616
-0.00609183
-0.00625271
0.00375785
0.01694699
-0.05126216
-0.03264686
-0.01076143
0.03784586
-0.09699844
-0.01753096
-0.06979376
-0.01850543
0.01983680
-0.07078444
-0.01821393
-0.12516016
-0.11385464
0.03114330
0.00223567
-0.00414447
-0.12953152
-0.14023797
-0.07875998
0.17457630
0.06837499
-0.00777622
-0.05348556
-0.00887878
0.04697367
0.11188483
-0.02523852
0.06107119
-0.02345536
0.03821680
-0.03033653
0.00464611
-0.00150684
0.07337792
-0.07075462
-0.09367189
0.00319350
-0.01986400
0.09731995
-0.02115844
-0.03041041
0.00850445
0.09348173
0.08869042
0.17113607
0.03322256
0.07541327
0.12492811
0.04280875
-0.00978867
-0.02913736
-0.07279407
-0.08406184
-0.03538337
-0.17217626
0.03444469
-0.06039635
-0.04362238
-0.01492668
-0.01487964
0.03404798
-0.00473267
-0.04805493
0.01037177
0.05989861
0.09742203
-0.02956082
-0.08695513
0.07820178
0.00643693
-0.00275228
-0.04746077
0.04197391
0.03550844
0.00198388
-0.01475030
-0.03742722
-0.01050706
0.01961741
-0.06696956
0.05180040
-0.10191089
-0.02532243
-0.09235846
0.01751763
0.12727626
0.04117871
0.08775146
0.00545700
0.01478320
-0.00378180
0.01026982
-0.02426069
0.00315718
-0.09668069
-0.00267320
0.02327827
-0.07950060
-0.08987468
-0.28913271
-0.03511164
0.07612086
0.01926514
-0.08769040
-0.03127065
0.06854834
0.08328170
0.05008462
-0.05724712
-0.17872006
-0.00459725
0.03498762
-0.10161786
0.00666039
-0.01173391
0.06293410
0.05398313
0.02753120
-0.02214097
-0.06403224
-0.08934633
-0.04862333
-0.07341953
-0.00161500
0.04577632
-0.06331062
-0.00158567
0.09510705
0.02710663
-0.07068121
-0.15421873
-0.04009372
0.10073981
-0.01176072
-0.06254499
-0.02194635
-0.05268976
-0.02020103
0.03265619
-0.00881061
-0.00621517
0.00443520
-0.01861143
0.03267342
0.08516557
0.06880897
0.03643625
0.07103213
0.07996915
0.06911529
0.01249330
-0.03924840
-0.00536324
0.00955563
-0.00384969
-0.05465211
0.03038522
-0.04458778
-0.09136947
-0.04556116
0.11775722
0.02994580
-0.04930559
-0.05653930
0.09673855
0.12928657
0.01059418
0.00216834
-0.10271422
0.04627986
0.08782078
-0.03033586
0.03104885
-0.04255576
-0.01831107
0.11444452
-0.08133099
-0.06252369
-0.02828323
-0.02547409
0.06341375
-0.04915427
-0.00555545
0.00730496
-0.02560138
-0.02760063
-0.12365606
-0.13657987
0.04791488
-0.00893295
-0.04680507
-0.00527439
-0.01253749
0.01752871
-0.08316866
-0.03723269
-0.02876857
0.09094739
0.01647382
0.03076454
0.03050337
0.03765130
0.07148746
0.11295272
-0.05123148
-0.09834899
0.04245159
0.13252379
0.19214123
0.00814367
-0.14890704
-0.13370749
0.09097987
-0.01066797
-0.04389323
0.03436769
0.01276377
0.04679352
-0.01621237
-0.00953449
-0.03666405
0.01408661
-0.09006001
-0.12922291
0.00347163
-0.01675334
-0.01462254
0.03201980
-0.06062102
-0.03508029
0.00229834
-0.06133635
0.00201523
0.02671858
0.00824089
-0.08312211
-0.07723321
-0.10528269
0.04293231
-0.01129046
-0.00621777
-0.05611225
-0.01494193
-0.09682350
0.09106247
0.06368230
0.00012048
-0.06052594
0.03488096
-0.02593971
0.00242043
-0.00887277
-0.01816657
-0.03112642
-0.06074335
-0.04671342
0.07256329
-0.03771918
0.15268368
0.10944764
0.06378869
-0.01430228
0.03278211
-0.03530393
0.13784710
0.03614249
-0.10297136
0.03730837
-0.04292982
-0.04188987
-0.00768732
-0.01311482
-0.01223780
-0.03243808
0.04354898
-0.04214156
-0.06921644
-0.06666429
-0.01148496
0.05648638
0.08796192
-0.02194109
0.03093704
-0.01131247
0.09955903
0.03001199
-0.01018696
-0.00092751
-0.01024708
-0.06535758
0.00436460
-0.05203284
0.04199971
-0.02069440
0.03028870
-0.09297086
-0.05324570
0.12550725
-0.06763650
-0.06196235
-0.01982548
-0.02012309
0.04700896
-0.01087257
-0.28597242
-0.07702897
0.04977279
0.06062003
-0.02352869
0.00520075
0.00234399
-0.00835830
0.10785597
-0.08697461
0.18408327
0.17234229
-0.03451293
0.04148293
0.05856650
0.02365366
0.00915222
-0.07915598
-0.11222278
-0.01095297
-0.15781406
-0.06850464
-0.05610104
-0.11226255
-0.07916841
0.01481456
0.02531861
-0.03941825
-0.17423864
-0.23723707
0.07591622
0.14618137
0.15144889
0.09359976
-0.00133057
-0.03993277
-0.13682738
-0.07514216
0.00102924
-0.01489016
-0.15997839
-0.08952835
-0.08149365
0.00092207
-0.07331239
-0.12702025
-0.07813748
0.05246039
0.12489228
0.09354556
-0.26762879
-0.09289486
-0.01581220
-0.02471580
-0.01441040
-0.05172176
0.05165794
0.03176710
-0.00527140
0.06576958
-0.04090682
0.05536710
0.02631983
-0.00092959
0.00797027
-0.09982817
0.03186804
-0.02398022
-0.17615610
-0.05492425
-0.01609091
0.05715054
-0.07702674
-0.04402052
-0.00197053
-0.05919944
-0.05961253
-0.02989261
-0.05774020
0.00698974
0.03723277
0.01432558
0.03436843
0.07006163
-0.05930020
-0.00552556
-0.08925089
-0.07713349
0.01592564
0.03945300
-0.00871933
-0.01147636
0.01105212
0.02411979
-0.00985560
-0.07297242
0.04341548
0.04402317
0.02040086
-0.01273683
-0.28335994
-0.17547534
0.06055059
0.02577455
0.02022300
0.07459348
0.04915007
-0.01298558
0.07007086
-0.01112080
-0.00035205
0.01601150
-0.01044462
0.06567302
0.00649195
-0.03333741
-0.09866828
-0.07254042
0.03972036
0.06182370
-0.07767700
-0.11272004
0.03006527
0.01730946
-0.04294566
-0.14373411
-0.01338915
-0.02121446
-0.08843717
-0.10821921
0.04941828
-0.04956761
0.03769834
0.06219770
0.07999949
-0.00029058
-0.05882092
-0.15332074
-0.07640669
-0.04639260
-0.03347531
-0.14846906
-0.17800982
0.00587299
-0.02917517
0.01397388
-0.08631919
-0.05079098
0.02205436
0.13478945
-0.07868442
-0.10394607
0.03038758
0.06707723
-0.00064780
0.00383049
0.00751289
0.01291993
0.00098268
0.00810115
-0.04685454
-0.03637207
-0.00123742
-0.00338671
-0.02705382
-0.14756505
0.01024007
-0.05229616
0.02256708
0.02074654
-0.06933574
0.08320284
0.02956574
0.02641941
0.07240178
0.06060063
0.02976268
0.09823880
0.01924238
0.00090681
-0.19839808
-0.07556820
0.06978847
0.02975769
0.04780814
-0.00298781
0.00582651
-0.00103853
0.05826836
0.00659773
-0.06338689
0.04342765
0.13179865
0.06807550
0.03421291
0.10222215
0.16601764
0.09856183
0.07234047
-0.03705800
0.19473818
0.09382264
0.08355080
0.08968726
0.01775739
0.20133850
0.16179906
-0.01415383
-0.00527788
0.02289089
0.09404361
0.04317786
0.14950128
-0.04379648
0.04636536
0.10662571
0.04965002
0.14706649
-0.00009387
-0.04120329
0.09035303
-0.08160027
-0.05139866
-0.00476111
0.02025039
0.01244424
-0.04713936
-0.07904277
-0.00897763
-0.00425594
0.00174620
0.11426594
0.08238145
0.08513784
0.07725821
0.03827005
-0.00128248
0.10837545
0.13663125
0.00973343
-0.06239182
-0.02091096
0.00180889
-0.19941877
-0.19617060
-0.04296893
0.05945073
0.01279031
-0.02712238
-0.09184438
-0.04623383
0.09656092
-0.02730446
-0.09431667
-0.08315291
0.09876026
0.15970857
0.09163658
0.05491244
-0.06080342
-0.02626323
-0.02652598
-0.04422891
0.04844518
0.01773777
-0.04415341
0.09127351
-0.09643488
0.03347503
-0.01727412
-0.10729660
0.07739007
0.00849603
-0.09072863
-0.09510379
-0.31837577
-0.02254688
0.07886320
-0.11189944
-0.11705896
-0.02715025
-0.06128696
0.08640607
0.03507079
-0.03069304
0.06556032
0.09997983
0.05887108
0.03142213
0.00743426
0.03612107
0.02194490
-0.10928199
0.14315909
-0.05899200
0.02845825
0.04554868
-0.18595293
0.02100495
-0.02080767
0.06069210
-0.07907185
-0.11129737
0.05036806
0.12360309
0.18376718
0.08344293
0.12225804
0.04778998
0.04993964
0.04732623
0.14133175
0.10409051
-0.06487141
-0.07328681
0.01321040
-0.00112431
0.00487743
0.00898930
-0.07608084
-0.08367323
-0.08777948
-0.17776495
-0.14175180
-0.09157725
-0.04667395
-0.07185068
-0.19713192
0.01043629
0.04083673
0.14351821
0.04934769
0.07987281
0.07006396
-0.04177810
0.10401800
0.02008307
0.04323164
0.13126405
0.05925462
0.00682923
0.04453669
-0.01358335
0.00886067
0.01494453
-0.00582378
0.03810906
0.04548136
0.02674709
-0.09028222
-0.06574251
0.03382517
0.07534368
0.02370624
0.06218071
0.07113753
0.00592400
0.07833092
0.02008202
-0.00023680
0.01957537
0.10059083
0.00138135
0.09258731
0.00001950
-0.10170022
0.01702859
-0.15304123
-0.07169934
0.02398757
-0.33993116
0.00526847
-0.12012383
-0.13397929
0.03367492
-0.06614346
-0.09141441
-0.00662944
-0.02971884
-0.02477052
-0.02106949
-0.05680958
-0.09396576
0.00073493
-0.01557055
0.04991378
0.00832169
0.01467587
0.06863375
0.00883896
0.00016509
-0.01617102
-0.11650670
0.01401264
0.02880730
-0.12510839
-0.07923429
0.01143190
0.02082011
-0.03467791
-0.06927888
-0.00086033
0.00814895
-0.02300486
0.01750994
0.02762567
0.02366315
0.05501345
0.05463471
0.12982625
-0.06674919
-0.03465648
-0.04953600
-0.10556017
-0.11529180
0.07242601
0.06273796
0.03843796
-0.01939268
-0.10040136
0.09827382
0.09229796
0.12539271
0.09115792
0.02902289
0.07703789
-0.02045996
0.03953023
0.04031231
0.12033096
-0.01944535
-0.09872183
-0.12412500
-0.11206381
-0.15294813
0.04175972
0.06715868
0.03978845
0.06117389
0.10824422
0.06529346
0.08396327
0.18293811
0.13938756
0.05438369
0.00972063
-0.08171574
-0.03168206
-0.04641152
0.03671933
0.00802721
-0.01210883
-0.07865415
-0.13021968
-0.03977884
0.01406569
0.03069910
0.00725901
-0.11847957
-0.12589002
-0.09153096
-0.07549087
-0.00862474
-0.01282320
-0.00117636
0.04958766
0.14237154
0.01573498
-0.01547094
0.10637169
0.13107984
0.07628857
0.08747658
-0.03149995
-0.11405516
0.08791529
-0.07885155
-0.11092177
-0.07735667
0.06429856
-0.07689996
-0.03013235
-0.05143953
-0.00671334
-0.02111159
0.07851129
-0.00946019
-0.01497015
-0.00337323
0.03207126
0.18715017
0.07157153
-0.01008449
-0.06581647
0.02289545
-0.04295652
0.04350971
0.04207310
0.01424052
-0.03456860
-0.19894990
-0.03210272
-0.05914492
-0.03758391
0.04865785
0.06963002
0.00943112
-0.00837349
-0.02155918
0.04598934
0.02293510
0.00842301
-0.01085206
-0.12925306
-0.03635383
0.07698412
0.04650796
-0.00618445
0.04140342
-0.04928926
-0.05971135
-0.00698412
0.10737898
-0.05340382
0.00849255
0.00723571
-0.03910515
-0.03539883
0.03451454
-0.06510970
0.01990227
-0.06515509
-0.05765377
-0.14531241
-0.24608649
-0.01500253
0.02924366
-0.03672688
0.05354859
0.00557281
0.22883444
0.01110612
0.06251231
0.08567566
-0.02205313
0.05251883
-0.00930346
-0.07190000
0.01449497
0.04083415
-0.18095188
-0.01764127
0.09141254
0.02345564
0.01735310
-0.07684670
-0.03195244
-0.04327191
0.00370007
-0.03726038
-0.07876800
0.00971394
-0.02496546
-0.03442142
-0.05688018
0.14159635
0.07700862
-0.00210273
0.02056997
0.02673053
0.05579453
0.02512303
0.15039901
0.04501407
0.05311881
-0.06880208
-0.04717443
-0.02541541
-0.02908054
0.08837823
-0.06071620
0.07672159
0.07707690
0.06716652
0.06432872
0.00109527
-0.02027959
-0.00383785
0.01066411
0.02857750
-0.24663836
-0.07381798
-0.01402011
-0.06887825
-0.02422372
0.19072577
0.02840634
0.02851546
-0.04888568
-0.02400490
0.15719035
-0.06751875
-0.16146088
-0.06632268
-0.00099024
0.33477530
0.18892305
-0.00626050
-0.05878162
0.01176683
0.18755955
0.00055090
-0.13140514
-0.11352836
-0.01032763
0.07639828
-0.09900500
-0.01102088
-0.02755737
-0.06980059
-0.02150742
0.05716277
-0.02047566
-0.00443076
-0.08958166
0.02649831
0.02532800
-0.03301865
-0.13532323
0.00608500
0.02201579
-0.11748732
-0.07710703
-0.07752447
-0.03611271
-0.01892578
-0.08936375
0.05396028
-0.05673143
-0.00664421
0.00137181
0.17838855
0.05813840
0.04202450
-0.01434221
0.00021501
0.08233447
0.08400955
0.01492843
0.01906562
-0.01818499
-0.08984494
-0.15337974
0.04072955
0.05868795
-0.00429662
0.05309286
0.04456870
0.17345215
0.13476743
0.03987857
-0.05744704
-0.02645733
0.09059694
-0.05815862
-0.02386090
0.01172157
0.03624546
-0.16039219
0.04219746
-0.03294824
-0.02574397
0.01809201
-0.08497769
0.11915231
0.07202511
0.06908718
-0.00929975
0.06808583
0.06255454
0.01761025
0.01484151
-0.15499537
-0.14397475
-0.02773902
0.04605981
-0.01241794
-0.03928121
-0.10174548
-0.20427018
0.08699991
-0.03219580
-0.03136025
-0.08633452
-0.06244463
0.07167757
-0.09834547
0.00018425
0.08899235
0.16430998
0.10564482
0.03745428
-0.03918585
-0.04548979
-0.08038677
0.19835393
0.16885807
0.01667031
-0.05795164
-0.10446551
0.14720589
-0.03970968
0.08638874
-0.10113974
-0.19461776
-0.03591324
-0.04431553
-0.03252443
0.02677717
0.00023376
-0.01853608
0.04267390
-0.02794098
-0.01068011
0.09949248
0.09168145
0.01191496
0.01964803
-0.02081383
0.01484992
0.02144131
-0.04805199
0.00688783
0.04295146
0.01718192
-0.07302161
-0.02932072
-0.09780412
-0.07635882
-0.05792908
-0.02679057
-0.01170931
0.05339165
-0.09330778
-0.02496517
0.05884220
-0.00530318
0.03057496
-0.01490713
0.04366137
0.06238812
0.06272385
0.01894714
0.00134146
0.05439065
0.16922028
0.12442265
0.03346866
0.04841041
-0.07216977
0.07709203
0.01956216
-0.11147182
-0.06632361
-0.00637502
-0.08766574
-0.04169742
0.02975222
-0.04339503
0.12047660
-0.10498412
-0.06469524
-0.02191734
0.11249769
0.08881982
0.15474552
0.18752199
0.11680596
-0.07781628
-0.03706236
-0.01582113
-0.03991444
0.02190785
-0.00540319
0.03918217
0.04372685
-0.03750710
-0.05556977
0.00624644
-0.04091553
-0.03705842
0.03320643
0.01930233
-0.02478495
0.04253323
-0.02113867
0.01807823
-0.01863472
0.00200276
0.00417701
0.00696143
-0.03921806
-0.01018218
-0.04881482
-0.00264730
-0.02206437
-0.00797279
-0.05002435
-0.01460115
0.00487370
0.00445735
-0.05384627
-0.04552276
0.01862745
-0.03526549
0.02789467
-0.05233913
-0.00206767
0.02628156
-0.02561402
0.04155903
-0.01686837
-0.01477989
-0.06149900
-0.05384454
0.04318450
-0.02216150
0.00796569
-0.03036584
0.03002276
0.03386138
0.01392267
-0.04388344
0.00127829
0.00024271
0.01160415
-0.00365488
0.00221455
-0.05060350
0.02405059
-0.01838937
-0.01522129
-0.01386770
0.02772332
-0.01212950
-0.05527741
-0.02965239
-0.00126165
-0.04997662
-0.01311885
0.00216366
0.01322841
0.02396189
0.00156393
0.00038304
-0.08664947
-0.04797409
-0.01712658
-0.02943546
-0.03094977
-0.01722485
-0.04091943
0.01382288
-0.02468099
0.04168662
-0.02863173
0.03971426
0.01001398
0.03991747
-0.02206750
0.02753118
-0.04705673
-0.04408929
-0.01776690
-0.04270340
-0.03957417
-0.05457744
0.02973943
0.03098548
0.03384933
-0.01971730
0.00152933
-0.04661755
0.03405504
-0.01656309
0.02861011
-0.01292047
0.02938187
-0.01491397
-0.03538787
-0.00419738
0.01081566
-0.01741907
-0.05282042
-0.05590844
0.02388058
-0.06061370
-0.00876443
0.00730892
0.02129701
-0.03199308
-0.03119937
-0.03878589
-0.01941472
0.00484796
0.03209669
-0.00376904
-0.05200052
-0.00344368
-0.01972727
-0.00174028
0.02880052
-0.01976279
0.02264524
-0.05308919
-0.02678530
0.00806603
-0.06545927
0.00136682
-0.01461125
0.03412926
0.03129221
0.01971615
-0.01405448
-0.02917990
-0.04209428
-0.06834122
0.03571733
0.00013931
-0.05056277
-0.04328980
-0.00016722
0.00087908
-0.00537158
-0.02478695
0.04137296
0.00855844
-0.02956673
0.00167298
-0.01526175
0.01472110
-0.00738103
-0.02449472
-0.03984557
0.00639970
-0.04388385
0.02622856
0.00224302
0.03321699
-0.02507975
0.00926822
-0.00626653
0.01759285
-0.01997763
0.03673155
-0.00801627
-0.02405182
-0.02935210
-0.02362774
-0.02753711
0.00206197
0.01453458
-0.05270024
-0.01714128
-0.01808973
-0.02472134
-0.03572997
0.01804100
-0.05705469
-0.05278521
-0.03614119
0.02876168
0.02118454
-0.05299055
-0.02512231
0.02545475
-0.00428795
0.02442564
-0.02438672
-0.03610170
0.01137937
0.04583218
-0.01975274
-0.05474637
-0.03879071
-0.01018587
-0.08210233
0.02849142
0.02926430
-0.07115617
0.00142410
-0.03954601
0.01204837
0.02382777
-0.01402747
-0.03029930
0.02804608
0.04441855
-0.01463382
-0.02863554
-0.02792724
0.00600046
-0.03490530
0.00549977
-0.01154993
-0.04751519
-0.01105359
-0.02644724
-0.03336772
-0.04049085
-0.06156258
-0.04327485
-0.04526331
-0.03693805
-0.01888739
-0.06870575
-0.04823588
0.04031561
0.01711970
0.00896884
0.02087483
0.00981293
-0.04692843
-0.04155502
-0.05605610
-0.05396389
-0.04070158
-0.05613204
0.03581419
0.02665785
0.03005378
0.01115008
0.00683121
-0.00426734
0.02371739
-0.00445797
0.01063817
0.02875312
-0.00872635
0.03968702
-0.04669905
-0.03121900
0.04288485
-0.04952070
0.00174613
0.02803265
-0.01662484
-0.02332296
0.01124260
0.02049572
-0.06151413
-0.01482597
-0.01596006
-0.01334562
-0.00815265
0.00013619
-0.04859412
-0.01948941
0.00636802
-0.03367595
-0.00971832
-0.06976007
-0.05549466
-0.03709531
-0.00335315
-0.00597927
-0.05762011
0.00373790
-0.00905210
0.01944122
-0.00308772
-0.01866646
-0.03401726
-0.05550928
-0.03503392
0.01496243
0.02436121
-0.04407294
0.01614514
-0.04210458
-0.03694337
0.03879931
0.01456328
0.05289035
-0.05088392
0.01958595
-0.04981541
-0.00197573
-0.07230670
0.03492350
0.01950082
-0.00888785
0.00728022
0.00996755
-0.04287634
0.02894723
0.01701580
-0.02556140
-0.00895092
0.03631880
-0.04223416
-0.04364064
0.00718615
-0.00445018
0.01355364
-0.02279564
-0.03796398
0.04889020
-0.08627459
-0.00329096
-0.01458401
-0.05753092
-0.07100163
-0.02308450
-0.00573356
-0.05759224
-0.07298387
0.02811819
0.00972036
-0.00171198
-0.01856210
-0.03718461
-0.03695766
0.02270748
-0.00862422
-0.05577515
-0.02386280
-0.00923930
0.02537140
-0.02690964
-0.04298287
0.03112777
-0.00971837
-0.01635521
0.00986435
0.02691891
-0.01767161
0.00490189
-0.02444233
0.02012491
-0.00085183
-0.01708196
-0.06340416
-0.04075223
0.02208416
-0.01430197
-0.06574105
0.04218983
0.00798401
-0.05105760
-0.00840772
-0.06338959
-0.03972463
0.03288421
-0.04774816
-0.02251132
-0.00690124
-0.02817049
-0.06808087
-0.00642428
-0.04065787
0.00377580
-0.04560335
-0.01589108
-0.05440963
-0.00797356
0.01550467
-0.02159483
-0.06713098
-0.07164090
-0.03817895
-0.00285607
-0.01812616
0.02698412
-0.06481899
-0.03172690
-0.00477800
-0.03521375
-0.03826412
-0.02392023
-0.01192119
-0.03778744
-0.07657654
-0.03599118
-0.05551991
0.03703713
0.02029296
0.02463281
-0.03125864
-0.04137199
-0.04674934
0.01186809
0.02254740
0.02556827
-0.05493053
-0.05526019
0.00989048
0.00883634
0.00877466
0.03678681
0.02267113
0.05263170
-0.02244825
-0.00625812
0.02258991
-0.00776047
-0.04016909
0.03243824
0.00041514
0.02803260
-0.03753528
0.02421056
0.03081622
-0.01472765
-0.06355523
0.02227745
-0.00881192
-0.01246326
-0.08871378
-0.05869103
-0.03909187
0.02812129
-0.07162416
0.02315447
0.02321208
-0.02944405
-0.00349981
-0.00126799
-0.03918534
0.02898502
-0.03179528
-0.03645840
-0.01702696
0.02575879
-0.07063757
0.03162336
0.02470168
-0.06425452
-0.00251039
-0.03538937
-0.06224979
-0.03538292
-0.04543050
-0.01838644
0.01460419
-0.04836318
-0.04630377
-0.00784974
-0.06194615
-0.02851668
0.02386627
-0.04213179
-0.00684556
-0.03988894
0.03908456
-0.00913863
0.01432255
0.00574908
0.03695377
-0.01356532
0.00880506
-0.06738805
-0.04040430
-0.01406230
-0.05322731
0.03666393
0.02676523
-0.00832651
-0.06820891
-0.08341347
-0.02141851
-0.04369435
0.01492268
-0.08179606
-0.02155344
0.03560482
0.01013460
-0.02758087
-0.00393234
0.04223192
-0.01768247
-0.00170859
-0.07192832
-0.06891093
-0.02678637
-0.01928473
-0.06246465
-0.05756721
-0.03984264
-0.03831531
0.03093230
0.01854410
0.00749326
-0.01601239
-0.03876595
-0.00561339
-0.04135584
-0.02422462
-0.01662469
0.00710561
-0.00611898
0.01552294
0.03545278
-0.04772086
-0.03666729
0.02426620
-0.02313317
-0.01125696
-0.06189510
0.01547713
0.01722172
-0.05297115
0.01129809
-0.04561101
-0.03206686
-0.02379102
0.02039590
-0.06027240
-0.07576314
0.00363982
-0.03940042
0.00541353
0.00643175
0.00073573
0.04125939
-0.04832589
-0.01930087
0.02449449
-0.02508102
0.01740928
-0.04202053
-0.05002649
-0.05164992
0.00831929
-0.05158079
-0.06449800
-0.05338791
0.01978737
0.03762926
-0.02215965
-0.03059299
0.02325299
0.00627265
-0.02116250
0.00547374
-0.06075524
-0.00799857
-0.04583688
0.03198560
-0.04836418
-0.01632397
-0.00970347
-0.05086940
-0.03288848
-0.03397959
-0.02951503
-0.05536975
0.00487217
-0.02713162
-0.07936652
-0.02127832
-0.03346430
0.00872923
-0.02133119
-0.03230920
-0.05265085
-0.04964668
-0.06140905
-0.02836674
-0.00908401
-0.06520338
0.02910763
-0.04279212
-0.03113174
-0.04061680
-0.04346823
0.02022587
-0.03308402
0.00639848
0.03516006
-0.03630715
0.04067600
-0.00720167
0.03125205
-0.00757476
-0.04481784
0.04731544
0.02036022
-0.01590873
-0.06822303
-0.01458198
-0.01604572
-0.03463380
-0.03267908
-0.03877017
0.03704919
-0.06313916
-0.00179000
-0.06244286
0.03043527
0.03861754
0.00651243
-0.02710010
-0.05384678
-0.00365889
-0.03040313
-0.02563171
-0.03201487
-0.05280981
-0.02795347
-0.04689147
-0.03913866
-0.02635357
0.03397359
0.00276539
-0.02050390
0.01009909
-0.04086277
0.02292906
-0.00407272
0.02794741
-0.03803904
-0.03114999
0.01132589
-0.03821786
0.02464498
-0.05277627
-0.03354884
0.01204041
-0.00451596
-0.04833016
0.00448143
-0.01925432
-0.00193633
0.04826701
-0.02601629
-0.04609163
-0.05772531
-0.04723732
-0.05513215
-0.01036390
0.01716674
-0.04972092
-0.01072128
-0.05831387
-0.04472055
0.01408311
-0.03016503
-0.03896118
-0.01158889
-0.05991924
-0.06549033
-0.05607577
-0.02618553
-0.00549014
0.01808743
-0.02705250
-0.03438107
-0.07911611
-0.00721893
0.02797755
0.02145050
-0.00163232
-0.08751240
-0.09448069
0.02356475
-0.04815042
0.02417040
0.03168263
0.01757779
0.01043236
0.01445383
-0.06642140
-0.02629167
0.02788471
-0.00091315
-0.02140481
-0.02757286
-0.03936445
-0.03148396
-0.01945532
-0.04554924
-0.01938491
-0.01643283
0.03496935
-0.01657993
-0.04543658
-0.02512165
0.05377194
-0.00927423
0.00419819
0.02330806
0.02546274
-0.00889531
0.03937998
-0.00086660
-0.05577185
0.03641543
0.01713931
-0.00567379
-0.03235978
0.01430652
-0.03934844
-0.02615424
0.00008878
-0.00324415
-0.03133111
0.01330784
-0.05520470
-0.03796918
-0.01759683
-0.03858621
-0.05038938
0.00438050
0.04285394
0.00736518
0.01748389
-0.00960145
0.02180125
-0.00195715
-0.03608996
0.01511312
0.06248502
0.05603753
0.04091913
0.00631480
-0.00089175
-0.05903234
0.01275304
0.03108924
-0.06297567
-0.05076857
-0.03876509
0.00912376
0.00657826
0.02179543
-0.03370045
-0.06493176
-0.06724436
-0.03050801
-0.03444992
-0.00384791
0.02317503
-0.04721015
0.01110936
-0.06102355
-0.03640841
-0.01748975
0.03709353
-0.03962974
-0.06063243
0.02776695
0.02416735
0.01617960
0.00912015
0.00603308
-0.01759067
0.01564638
0.02106614
-0.04410771
0.01352710
0.02410224
-0.03558420
-0.02410706
-0.06074607
0.03386449
0.06322597
-0.03324780
0.03204584
-0.01774256
0.03872744
0.05569070
-0.03885961
-0.04578803
-0.01915119
-0.00147577
-0.00332890
0.01860378
-0.00570711
-0.04419200
0.14562927
0.00780203
-0.04032904
0.04456086
0.01794626
-0.04152077
-0.07814337
-0.02650927
0.03163591
-0.05377655
0.00977812
-0.03123586
-0.01597789
0.10331997
-0.01258185
-0.02084276
-0.12758018
0.04358426
-0.00929439
0.05169167
-0.07482594
-0.07611669
0.07997590
0.00174934
0.01546666
0.01901043
-0.05573475
-0.11340383
0.04521035
-0.09103628
0.20649981
0.03265736
-0.03331111
0.10591630
0.01361463
0.05452108
-0.14272015
0.00649267
-0.01552884
0.02410864
-0.14920421
-0.14651386
0.00492742
-0.03865300
0.03272444
-0.09719598
0.02864125
0.02198722
0.01509614
-0.01241384
0.08789685
0.13507432
0.07001422
0.04148984
0.02431081
-0.01252897
-0.02772676
-0.03164957
0.01932686
0.03412453
0.00286927
-0.04242437
-0.05006490
-0.01270909
-0.08455098
-0.03477807
-0.02618734
0.00069121
0.03655179
-0.08920965
-0.00987687
-0.04599839
-0.00199045
0.00017502
0.04496079
0.08089592
0.04856802
-0.05816515
0.02439165
0.04376980
0.12202263
-0.01683928
0.02388695
-0.01209665
-0.05304347
0.02315423
-0.06715728
0.01304742
0.07353934
0.02096207
-0.15968373
-0.11157627
0.03592793
0.04839940
0.02560988
-0.06666806
-0.14369202
-0.08459225
-0.08105200
0.02492600
0.12866007
-0.03310268
0.01787275
0.00629366
-0.02010732
0.05845227
0.06699535
0.02028188
0.05726606
0.02713771
-0.00378894
0.06980418
0.04920179
0.05835895
0.02530744
-0.06764022
-0.00028881
0.00405079
-0.03300627
-0.08733720
-0.00791355
-0.07171477
-0.01806862
0.00894667
-0.01961083
-0.00830955
-0.02098141
0.00909064
0.03622689
0.04311407
-0.03101346
0.02528790
-0.01082504
0.10063249
0.05702427
-0.06091830
-0.00644070
0.03132268
0.00870256
0.00901711
-0.01435547
0.03054379
0.06248600
-0.00988724
-0.02523532
-0.08833389
0.05839114
0.02933763
0.03404875
-0.05008699
0.11631954
0.07547501
0.02792194
0.03608406
0.01380791
0.19459759
0.03262366
-0.00674399
0.00426918
-0.01288532
-0.07637918
0.00952053
0.09082435
0.05169672
0.08582726
-0.02712617
0.00032453
0.01156980
-0.03825272
-0.00632552
-0.05578267
-0.07919631
-0.05641145
-0.06570657
-0.08068144
0.11037335
-0.01174711
0.00811009
-0.02985296
-0.01446969
0.00733342
-0.02274985
-0.03083474
0.07786710
-0.03969718
-0.12583455
-0.13712768
-0.10223529
-0.00942803
-0.03664204
-0.20926233
-0.17451011
-0.07359387
-0.04937150
0.03331980
-0.13645419
-0.04619688
0.04508692
0.03750739
0.09017915
-0.32988629
-0.13131116
-0.21695931
0.05031395
0.03260089
0.01810905
-0.11126030
-0.09013636
0.05873188
-0.08152007
0.03781871
-0.06695486
0.00228719
0.01713799
-0.11272551
-0.06433760
-0.15323067
-0.12062025
-0.03148610
-0.02233252
0.01367591
-0.14232662
0.07895932
0.06910298
-0.00577325
0.09182826
0.03058447
-0.09995556
-0.13034055
-0.05860887
0.14088929
0.02424083
-0.04328935
-0.06368680
0.00255363
0.08260493
0.00451490
0.09493081
0.01969512
0.03195022
0.05594418
-0.05837468
-0.04705416
-0.02002488
-0.05613503
-0.04544300
-0.03727418
-0.09438854
-0.04919067
-0.06188793
0.07635951
0.13687901
0.08387613
-0.03152083
-0.01757672
0.04436326
0.04532600
-0.00849250
0.05673193
0.03403717
-0.00098349
0.00368407
-0.00348917
0.01035975
0.02316686
-0.06286216
-0.01229538
-0.02164404
-0.01158476
-0.04110885
-0.02857846
0.01968951
0.02783950
-0.02172653
-0.00056699
0.01548179
-0.05551143
-0.06571870
0.04860694
-0.04198718
-0.03830896
-0.15004605
0.02585235
0.00649384
-0.14024286
-0.01302965
0.00508954
-0.02167202
-0.00784009
-0.02035205
0.00348972
-0.00442384
-0.01877811
-0.02523200
-0.07378618
-0.06193598
-0.06353122
0.06854878
-0.02339335
0.02698649
0.04761660
0.04502420
0.07887045
-0.02696985
-0.07809921
-0.00849936
0.03699298
-0.07346202
-0.16842389
-0.19283251
0.08455911
0.00988976
-0.02105450
0.02645982
0.01796867
0.00521817
0.01440435
0.01816078
0.12980948
0.04898220
0.00773281
-0.02933437
0.03205786
0.06607387
0.03303581
0.05404737
0.09495229
0.16240944
0.02634343
0.05237150
0.07551095
0.05735554
0.03348738
-0.07197148
-0.02062749
-0.00535177
0.03896261
0.00546080
-0.00457528
0.01556102
0.00845962
-0.02002039
0.00687642
0.01574729
0.02476603
0.05169740
0.04905377
0.01071401
0.00158942
0.04347912
-0.06042860
-0.05219212
0.04723928
0.04070248
0.02300585
0.00197111
-0.08317675
0.12685095
-0.03058876
-0.02056295
0.01169152
-0.01536346
0.00104025
-0.00109759
0.05522039
-0.13173293
0.12316728
0.15585902
0.02060007
-0.01903089
-0.10533679
-0.02149391
0.03048217
0.02712636
-0.01779797
-0.17958806
-0.11115446
0.01504266
0.07960139
-0.07209206
-0.09737716
-0.02610623
-0.00022568
0.07288353
0.05328490
-0.03589791
-0.02721960
-0.13198763
-0.05562596
0.03980201
-0.06734326
0.01466848
0.04598814
-0.00876651
-0.04518531
-0.05987578
-0.09166369
0.14705424
0.06777247
0.02017215
0.04798890
-0.01539939
-0.02893711
0.01764191
0.08515054
0.00797126
-0.07043014
0.01761235
0.02191525
-0.00332129
0.03700835
-0.09785009
0.04956139
0.00733657
-0.01095110
-0.01013180
0.02287922
0.01108895
0.00864957
0.04690032
-0.09274199
0.09050957
0.07051788
0.00235862
-0.00994236
0.02927702
-0.05956758
0.01281466
-0.00821169
0.04087724
0.05596012
-0.02118540
-0.08709176
0.00437400
-0.05418428
-0.16754267
-0.01375522
0.13629243
0.02858152
-0.09459432
0.02124159
-0.01691610
-0.02014349
-0.02913528
-0.02068968
-0.02343535
-0.01998628
-0.07721477
-0.16020004
-0.09545323
-0.03342656
-0.04137320
-0.06354891
-0.09747683
0.02466922
0.03404823
0.01065773
-0.09239305
-0.00624192
0.02126606
-0.05035627
-0.11191368
-0.10963857
-0.06384368
-0.07893033
-0.03009135
-0.06614536
0.01934529
-0.10477808
-0.14353210
0.02064568
0.04140711
0.02539248
-0.07974264
-0.06481265
0.03268381
-0.03873520
-0.15875021
0.02039200
0.09732442
-0.05141877
-0.21437234
-0.06138804
0.04304507
0.01005982
-0.14096405
-0.15022747
-0.02022354
0.08028997
-0.03833866
-0.13855532
0.03084596
0.11259007
-0.04955406
-0.06414833
0.03546862
0.09022522
0.06300072
-0.09000388
-0.19983108
-0.14538383
-0.08504378
-0.02911004
0.06571496
-0.00835901
-0.03305094
0.00265811
-0.04763101
-0.01431386
-0.03241094
0.05173979
-0.06058345
-0.11904388
-0.02016831
0.01966259
-0.03302298
-0.12714161
-0.01419671
0.00676249
-0.00291510
-0.14304535
-0.00628358
-0.00865290
0.03133909
-0.04555020
-0.13978963
-0.06727325
0.05307865
-0.01200455
0.08512055
-0.05827593
-0.02978016
0.06543807
0.02887068
0.01422994
-0.11143938
-0.02939358
0.06520021
-0.05533724
-0.03414106
-0.07239837
0.02666794
0.00885920
-0.06372371
-0.11943247
0.01244391
0.06174532
-0.03794635
-0.00373811
-0.02799900
-0.07856304
-0.21168940
-0.14826702
-0.04406595
-0.13462310
-0.05483777
-0.03966708
-0.05788976
-0.23562831
-0.01880790
0.04148627
0.08109783
-0.18859166
-0.18803085
-0.04057522
0.11513294
-0.08677822
-0.12870024
0.02411758
-0.06124197
-0.03644410
-0.08873171
0.01472310
-0.00399145
-0.05208352
-0.04604987
-0.24704362
0.01334032
0.07774905
0.06191562
-0.03325059
-0.18412794
-0.05044647
0.07856291
0.23409672
-0.00021480
-0.03683779
0.08986086
0.06548642
0.02070815
0.01561038
0.02196484
0.10138579
-0.04897582
0.00895173
-0.04938576
0.05231992
-0.00507704
-0.06490032
-0.06509574
0.07894737
0.09001749
0.02479499
0.06671139
0.10923650
-0.00671989
-0.17308711
-0.05106090
0.12981603
0.12209821
-0.02721417
-0.11465608
0.06883626
0.11607447
0.11358192
0.00721125
0.15482518
0.06639680
0.02731207
0.03279581
0.08431400
0.21670814
0.01185077
0.05334612
-0.05932695
-0.14546211
-0.18904017
-0.01692384
0.02341205
0.06507038
0.01101540
-0.09552532
-0.05631788
-0.02955274
0.07297526
-0.00979262
-0.03065919
-0.06291815
0.02855699
0.07825921
0.07767715
0.02934539
0.12965435
0.05123015
0.00719618
-0.04131623
-0.00845420
-0.03084453
-0.03273544
-0.01073752
-0.04593413
-0.04304089
-0.17861111
-0.10062914
0.05297796
-0.00694268
0.05918191
-0.02674475
-0.14615446
-0.03481127
-0.03207967
-0.04423550
0.01583384
0.02728788
-0.20669562
0.00474462
-0.03091454
0.02187674
-0.22009556
-0.21483396
0.06365390
0.00382437
-0.09254827
-0.14273021
-0.17314677
0.09199030
-0.25136125
0.03753851
0.09058184
0.18391177
0.01016755
-0.08949739
-0.06487440
0.04606412
-0.05991260
0.03342256
-0.24906722
-0.13372041
-0.15372182
0.15679078
-0.15883061
-0.16752954
-0.03559700
-0.20031476
-0.02390010
-0.12761463
-0.14310250
0.03942482
-0.02576642
0.05330279
-0.08075310
0.04698925
0.06883166
0.27598429
-0.01951885
0.07079848
0.04897177
0.01841357
0.14416088
-0.06161962
0.13480346
-0.04649221
-0.19314618
-0.08139247
-0.08109364
-0.00902501
-0.05760247
-0.04343129
0.00171836
0.00607744
0.00370844
0.01930365
-0.02463331
0.02228154
-0.08638455
-0.11217245
-0.20592268
-0.22054140
-0.16058709
0.02451679
-0.08977080
-0.17037936
-0.18532869
-0.19249526
-0.20247518
-0.10453913
-0.14756888
-0.10263988
-0.27791071
-0.21541570
-0.07547530
-0.14172833
-0.11082426
-0.14600120
-0.20592122
0.02823174
0.10620829
-0.04277208
-0.11503448
-0.00103781
-0.03696958
-0.08578692
0.02628707
0.04333732
-0.05301537
-0.11837450
-0.04445412
0.14815550
0.06611435
-0.02871763
-0.03738719
-0.02199715
0.01814368
-0.05037769
0.03510245
-0.05137138
-0.01983331
0.05883513
-0.03132118
-0.03565517
0.09205577
0.07469270
0.04051163
-0.04912468
-0.00711770
0.07453097
-0.07506020
-0.07657422
0.00738808
-0.06822025
-0.03783948
-0.20914043
-0.00280437
-0.10579306
0.06448159
-0.04208314
-0.23794086
-0.11042067
-0.17290595
-0.17106110
-0.14035447
-0.03460892
-0.05182297
-0.17996471
-0.08094414
0.01491563
0.08806448
0.18628550
0.08482791
-0.11391503
0.00573985
-0.05175979
-0.06746017
-0.04442349
0.01834578
0.05971414
0.04050592
-0.02807130
-0.05754886
-0.05276770
-0.01333904
0.03028566
-0.02922161
0.06160518
-0.04691455
0.09872732
-0.01184990
0.02483347
0.06824484
-0.00807908
-0.02083491
-0.12750468
-0.01312145
-0.03318661
0.08496004
0.16483188
0.11068395
-0.00050699
-0.05095101
0.00463081
0.04171453
0.04741393
0.01647355
0.08785255
-0.00633595
0.03803531
-0.02407707
-0.02600337
-0.00647485
0.05427641
-0.04868559
-0.09325276
-0.16588396
-0.00207156
0.07398575
-0.12504672
-0.00202644
0.03176022
0.07443654
0.11754011
0.02184659
-0.10399649
-0.05532270
-0.01345766
-0.11874344
-0.04716853
-0.06536084
-0.02083234
0.06094814
-0.03225902
0.02797843
0.04691429
0.01158215
0.11380356
0.04071992
0.01560699
0.04710234
0.04087522
0.08737362
-0.06681703
-0.12139161
-0.08003759
-0.07647996
-0.01906384
-0.12905036
0.20325170
0.14033239
0.01715955
-0.00915721
-0.00207891
0.02760754
0.03354537
-0.03975901
0.08892009
0.05692363
0.05155083
0.03261764
0.01513238
0.04954182
0.16234468
0.01597745
-0.12744381
-0.02709900
0.03923919
0.01638553
-0.03071680
-0.09206951
-0.09255272
-0.03879196
0.01171748
0.07214781
0.00272544
-0.01751785
-0.06691243
-0.05657591
0.01480862
-0.02182309
0.06356119
-0.07120417
-0.06071475
0.01100044
0.07298198
0.01871657
-0.01728607
0.02449941
-0.00960440
0.02157604
0.03876082
-0.04136175
-0.03535249
-0.04107497
-0.02091326
-0.05649514
-0.01517643
-0.02815393
-0.06617004
-0.11586650
-0.10973699
-0.08838661
-0.05027147
-0.00931530
-0.11241693
-0.08769852
-0.07715877
-0.13758251
0.05607487
0.06936069
0.00450710
-0.10422131
-0.12514831
-0.00637806
0.07052077
-0.05808183
-0.08952936
-0.11597710
0.05773243
0.02894114
-0.00045936
0.01257952
-0.10562361
0.21798618
0.13362683
-0.08261109
-0.07869077
-0.03239855
0.08965534
0.02399577
0.02380615
0.08453355
-0.04299878
-0.06448386
-0.00155625
0.14058253
0.02726280
-0.10843336
-0.09173428
0.03857931
0.09026599
0.08007880
-0.05004774
-0.11247190
-0.07221682
-0.03764491
-0.06558198
0.08296769
0.11675695
0.01754837
-0.05638367
0.00356434
-0.00319325
0.07347231
0.03024176
0.04687021
-0.00927180
0.08916459
-0.02620846
-0.00845205
-0.07164540
0.06514293
0.13063267
-0.03021023
-0.05798561
-0.09063619
0.01019993
0.01086369
-0.20465642
-0.14434573
0.01027930
0.00296673
-0.05383471
-0.02599372
0.10489014
0.00297799
0.05772656
0.09707040
0.12937085
0.12977059
0.02110445
0.05445794
0.02240207
0.21253283
0.14926130
-0.00517823
0.01487253
-0.01628804
0.04371946
0.02911314
-0.13893124
-0.05499697
0.05723207
-0.14745463
-0.10778337
-0.06244825
0.04937789
0.08371590
0.04178927
-0.09647529
-0.12405109
0.02201755
0.00083633
0.06336244
-0.05967309
-0.03910901
-0.05547556
0.03395988
0.13381380
0.01509300
-0.05828151
-0.10276756
0.04256056
0.02364417
-0.01138027
-0.12136094
-0.07503324
-0.08272184
-0.01101635
-0.11136409
-0.08694232
-0.09138503
-0.04416267
0.01574547
0.01640289
-0.01927722
-0.01788679
0.00499275
-0.02639100
-0.13875686
0.02260952
0.15310283
0.06989770
-0.06576566
-0.03500619
-0.04231489
0.00827391
0.12971571
-0.01528803
-0.06382398
-0.05168491
-0.02049510
-0.05493485
-0.01476978
0.06861646
0.03512746
-0.05237684
0.03570594
0.06411455
-0.07981763
-0.06470129
-0.05885113
0.03749683
0.01258735
-0.01934673
-0.14053126
-0.14118926
-0.02189304
-0.03709567
-0.04248299
0.03699235
-0.03573219
-0.01169109
0.01460034
0.02330392
-0.05505072
-0.00137237
-0.00962977
0.04011083
-0.00849155
-0.06017311
-0.00444477
0.02539634
-0.03821949
-0.01727181
-0.11169668
-0.13194706
-0.00112790
0.07234287
0.02584738
-0.09178281
-0.12139826
-0.13188539
0.00437814
-0.09238079
-0.03117007
-0.01033935
0.03016933
-0.00100781
-0.02527609
-0.01670480
-0.05129675
-0.09623789
-0.06674367
-0.08443441
-0.10461260
-0.11932972
-0.17572723
-0.20782182
-0.19765024
-0.10730147
-0.01394560
-0.04659757
0.00600834
-0.20076160
-0.14196238
-0.02837447
-0.02152904
0.05859987
-0.10466167
0.03831525
0.00446013
-0.01837260
0.05202102
0.04464418
-0.02719362
-0.05436607
-0.04276939
-0.01903811
-0.06859939
-0.04156371
-0.02736714
-0.14609204
-0.02829546
-0.02845187
-0.01851144
-0.01388746
0.07742994
0.05560508
-0.03077994
-0.08284587
0.01859398
-0.10782183
0.01523733
-0.03097257
0.05884461
0.05080954
-0.09689952
-0.02479485
-0.02641518
0.00508923
0.03551120
0.06615417
-0.01919563
-0.04329575
0.13570312
0.13648397
0.02765159
-0.00912406
0.01119291
-0.03213691
-0.06710485
-0.02220980
0.13657352
-0.07612618
-0.12471084
-0.08629282
-0.02498090
0.08098976
-0.13793033
-0.02455284
-0.03353469
0.07575657
-0.06077474
-0.11761811
-0.12352972
0.05993203
0.14694555
0.02977720
-0.02022371
-0.16529630
-0.06123984
0.06669044
0.14792503
-0.04123314
0.07027263
0.04721811
-0.01931313
-0.12395170
-0.05463409
-0.06769495
0.00184075
0.03482257
0.04276616
-0.18385947
-0.11488091
-0.01201722
0.11062731
-0.05013707
-0.04400983
0.06292118
0.04311115
0.09425152
-0.00388610
0.09901568
0.08324622
0.02465577
-0.05696397
-0.02463441
0.05338029
-0.00404814
0.04916592
-0.02793355
0.13175263
0.04768791
-0.02064869
-0.11227366
-0.04562429
0.00746582
-0.06575073
-0.09950422
-0.04974112
-0.08046614
-0.08460153
-0.17591032
-0.08758554
-0.11560913
-0.00899765
-0.07960880
0.00734953
-0.08039558
0.01534323
-0.04163200
0.10801824
0.07700320
0.05591153
0.05627772
0.05722602
-0.04037132
-0.11504240
-0.14823793
-0.13104770
-0.06380028
-0.10931855
-0.26522365
-0.27553853
-0.20912518
-0.04025433
-0.12576175
-0.07876636
-0.00698331
-0.04685834
-0.04670174
0.06789059
0.11461058
0.15124729
0.12082066
0.27356705
-0.03624364
0.03616655
0.06329861
-0.00262739
0.09635266
0.07857433
0.12252278
0.11488601
-0.06783020
-0.05950738
-0.04394897
-0.08402205
-0.09850336
-0.18981960
-0.18920954
-0.02144977
0.09166791
-0.24784712
-0.24616402
-0.13587894
-0.07499718
-0.07207891
-0.02768083
0.00183939
0.10311531
0.08403105
0.01514132
-0.01018857
-0.00445845
-0.05418717
-0.04194931
-0.07367576
-0.09825753
0.02378974
-0.02798721
-0.09340952
-0.19753306
-0.03983356
-0.06369039
-0.03846557
-0.07399731
-0.03327127
0.07905032
0.09896231
-0.04132194
-0.00015802
0.01221440
0.06113411
0.06959631
0.00480467
0.05460188
0.05869998
0.05677438
0.13936159
0.08491230
0.10469557
0.02689110
0.05942409
0.08356275
0.07082569
-0.07005344
-0.04798436
-0.07779370
0.04430789
0.10600616
-0.05567981
-0.08159062
-0.04051076
0.01380564
0.03021705
0.02398222
0.06876440
0.01823417
-0.12359545
0.02348252
0.00984150
-0.04340427
-0.10165463
0.03235910
0.03200239
0.13442853
0.00257552
-0.28725091
-0.33768004
-0.12712355
0.01011679
-0.18624526
-0.29055899
-0.18951118
0.08628138
-0.00647058
-0.14643677
-0.20980254
-0.00981537
0.08208796
-0.04122677
-0.01966289
0.09653500
0.15411398
-0.01540476
0.05829329
-0.01212906
0.05239324
0.13091128
0.02558054
0.02617951
0.02517642
0.06525210
0.04149174
-0.04433126
-0.05583806
-0.10812184
-0.03392519
-0.13223419
-0.07628032
-0.11763656
-0.02297013
-0.04172491
-0.00060600
-0.00896482
0.01385243
0.02441521
-0.00487577
0.13180111
0.05300023
-0.04525296
-0.10962378
0.03716475
0.11201297
0.04039227
0.05730764
0.04395014
0.01678177
0.07194009
0.04027346
0.07617310
-0.01845770
0.03685582
0.06493501
0.01702519
0.12356248
-0.00375168
0.04725438
0.05471054
0.06410293
0.23153518
0.10141071
-0.01648227
0.06749377
0.00829226
-0.11709367
-0.13138014
0.05336405
-0.02410411
0.09976725
-0.06409916
0.02501579
0.06379393
0.01082690
-0.01619475
0.00867548
-0.00952965
-0.01521928
0.02053085
-0.06510194
0.10744561
0.03999059
-0.02654573
-0.02165993
-0.02816053
-0.14520201
-0.06253212
-0.05403623
-0.07431548
-0.01843431
0.04417691
0.05319979
-0.00477365
0.05450727
-0.06673232
0.07688125
0.16421254
0.07835294
-0.10028935
-0.14121580
-0.05337097
0.02578162
-0.08012360
-0.22117163
-0.19004361
-0.00617285
-0.07496274
-0.08259047
-0.14569551
-0.11668519
0.04857319
0.11322995
-0.04855277
0.00194609
0.05695220
0.10673348
-0.07581503
0.14328374
0.00849737
0.02055479
0.04007107
-0.08793487
0.08181893
0.17950390
0.06023877
0.05675270
0.07907408
0.04459562
0.05262490
0.10875036
-0.02201493
0.07661701
0.07631540
-0.02500270
0.06598793
-0.06243967
-0.07168876
0.02995947
-0.07994141
-0.18911909
0.12608299
0.08964630
0.18855828
0.03531376
-0.04841501
-0.07601156
-0.10014212
0.02655886
0.00779137
-0.05396930
0.00298336
0.02819869
-0.09127729
-0.04540787
-0.17130791
-0.00749020
0.03426643
-0.11748646
-0.05185297
-0.02933787
0.10490394
0.00232902
-0.15618062
-0.14445633
-0.11622123
-0.09312733
0.03019361
-0.00711534
-0.02961312
0.01697746
-0.03480180
-0.02471264
-0.02252020
-0.11689757
-0.18674110
-0.04636614
-0.00637533
-0.10926222
-0.10155347
-0.18462270
0.06865811
-0.06880506
-0.10462970
0.02173468
0.10512888
-0.01966258
-0.03499606
-0.19598173
-0.10210915
0.10343621
-0.07316815
-0.03398117
0.01580903
0.00172453
-0.00741532
0.01882033
0.02517202
0.06683530
0.02086193
0.01272697
-0.00380865
0.00016276
0.05343673
-0.06856793
0.10360767
0.13097814
0.09542449
0.15661837
-0.02454717
0.00257272
0.00335523
0.10088380
-0.00445004
-0.19358489
-0.05546031
-0.00662333
-0.06895922
0.04418256
-0.00305027
0.02596038
0.10773043
0.04379169
0.03565256
0.04980231
0.09774783
0.20143795
0.12195507
0.01723488
-0.15086906
-0.02389647
0.02676160
0.19149949
-0.06366061
-0.23885222
-0.11341164
0.02948618
-0.00704627
0.06463191
-0.02079099
-0.00629070
-0.00155571
-0.03247314
-0.00906911
0.00711492
0.01381194
0.01189230
0.07960048
0.08983617
0.04276580
0.01722975
0.03973426
0.06648947
0.06202357
0.14317070
-0.03584860
0.00918180
0.02452985
-0.22645351
-0.00665161
0.04624772
-0.02783913
-0.07481042
-0.03150994
0.02726557
0.23456039
0.09115646
0.08579695
-0.01650448
0.04222140
-0.21524931
0.11615532
-0.08297426
-0.04950783
0.01731030
-0.04261278
0.11211818
-0.02878216
0.02943847
0.02445436
0.03736807
0.12997285
-0.08455310
-0.02109220
0.03838632
-0.00744336
0.03518178
-0.07079042
0.00930643
-0.03489517
-0.15465625
0.00998024
-0.05229077
0.03687871
-0.01039254
-0.07075168
0.06387988
0.12989296
0.00562817
-0.05382129
0.00055701
-0.00863314
-0.00094860
-0.02696935
-0.11010130
-0.07090979
-0.01331878
-0.04012845
-0.14232047
-0.16362719
0.01679651
-0.05143612
-0.07169917
-0.04563249
-0.02506899
0.08617979
-0.04939033
0.06975680
0.07715093
0.06237178
-0.00599385
0.09774919
0.09556072
0.00848622
0.00342461
-0.03321142
0.04944725
-0.01540126
-0.08074893
-0.07967081
-0.01169161
-0.03102767
0.00248488
-0.04730373
0.01756446
-0.02568026
-0.01340303
-0.09847108
-0.08557861
-0.04224611
-0.06248637
-0.01870862
-0.07714236
-0.04810170
-0.02077386
-0.01367842
-0.00038449
0.04103588
0.07208212
0.00287044
-0.05195889
-0.04745234
-0.03656177
-0.06727990
0.04133498
0.02692439
0.05166887
-0.01045372
-0.05338963
-0.11247779
0.03750949
0.08484451
-0.01132354
-0.00779534
-0.02167908
0.05064129
-0.01071850
-0.12057969
-0.11139812
0.01396483
-0.00711335
-0.01028016
0.01809324
0.02061951
0.00648602
-0.03165152
0.07380831
0.05247550
-0.00400290
0.08192711
0.09264965
-0.00742776
-0.02750584
-0.05082663
0.09231816
-0.09114116
-0.07377452
-0.12474883
-0.08883653
0.08389859
0.06488635
0.06717586
0.01024907
-0.03585175
0.01781452
0.04417408
0.01796631
0.07699261
0.17980388
0.12860732
-0.01360149
-0.06979815
0.05501223
0.12104300
0.01116844
-0.12192792
0.05563907
0.02512010
0.02260231
-0.16892023
-0.22118659
-0.00836012
0.01671190
-0.10435776
-0.13012816
-0.06271933
0.04329430
0.01674180
-0.00102328
-0.06489433
-0.09231717
0.02570305
0.00524079
-0.00571316
-0.04060436
0.01806859
-0.00903680
-0.06453973
-0.07805850
-0.09210049
0.10424914
-0.05561518
-0.04731896
-0.19094834
-0.04901810
0.14826430
-0.06969485
0.00341676
0.05119575
0.07427264
0.01431173
-0.00102246
-0.08081726
0.02795365
-0.04727532
-0.08796295
0.07168818
0.12781259
0.07146902
-0.01732548
0.01029430
0.03285613
0.10331067
0.10676536
0.00199420
-0.01499451
-0.17442195
-0.00246018
0.07266973
0.01126630
-0.00062108
-0.06781247
0.10545794
0.17849009
0.17742664
0.10364442
-0.07314106
-0.07295432
0.05540681
0.05327520
0.02196991
-0.05510753
-0.00380008
0.07620141
0.09495927
-0.06915054
0.04850288
0.12396108
0.05878475
-0.05434788
0.00201266
0.10486663
0.12878093
0.03392215
-0.00013003
-0.04640314
0.09999342
0.00478751
-0.12554021
-0.03269526
-0.10801937
-0.04850560
0.03950025
0.06466864
0.06327602
-0.09120784
0.02170284
-0.03673559
0.01203654
0.06403297
0.00876700
0.08111423
-0.01079687
0.04433345
0.09503029
-0.05851831
-0.00704899
-0.05103507
-0.03229249
-0.01640839
-0.07905465
-0.01287791
-0.03244144
0.14124933
-0.08264045
-0.19331211
0.00152662
0.02483046
0.03376482
-0.03322286
0.02822522
0.12887356
0.17306198
-0.02506792
-0.01011630
0.07860158
0.06624316
0.08679239
-0.09076480
0.09053407
0.06040182
-0.02232056
0.02433238
-0.19002546
0.01873074
-0.08907557
-0.09140440
-0.04107554
-0.07344980
0.01131121
0.20192438
-0.04253379
0.00234251
0.03874215
-0.06361327
0.15402065
-0.04260586
-0.07429362
0.05763612
-0.03820005
0.10293468
-0.01309889
-0.04805966
-0.00812918
0.09463052
0.01620936
-0.03223607
0.02535708
0.09095593
0.15763016
0.01825008
0.13818949
0.06647439
0.06423118
-0.08929184
-0.01045839
0.03927961
-0.08686753
0.00594302
0.09170609
0.07068228
-0.05686080
0.02018708
0.06633633
-0.04279294
0.06281550
0.07799892
0.06339748
0.01681511
-0.18410106
-0.22581021
-0.02146631
0.02741612
0.14717588
-0.10146611
-0.37346613
0.03840233
0.00685744
0.05241732
-0.05656314
-0.10998058
-0.00129470
-0.03153656
0.02213915
-0.00384160
0.06492145
0.05584827
-0.02967331
0.06875385
0.03031947
0.00433243
0.08236691
-0.01604812
-0.02880410
0.14087287
0.05054270
-0.03410684
-0.17059776
0.03492331
0.16652732
0.04095766
-0.13384320
-0.04258294
0.09836496
0.25908226
0.18954347
-0.01957224
-0.00461242
0.00734240
0.07631478
-0.01097934
0.08998185
0.11608278
0.00432258
0.04550650
0.04664259
0.08360668
0.03338155
-0.02076854
-0.10591487
-0.04009692
0.08516277
-0.03617945
-0.01616038
-0.19522092
0.09953254
-0.13476540
0.02726628
-0.05524031
-0.16650587
0.07901397
-0.08690657
0.00864581
0.02324075
-0.02693008
-0.00083779
-0.03811063
-0.01345342
-0.02801155
0.00078086
0.00815454
0.02888688
0.03554523
0.07789068
-0.03602493
-0.02078540
-0.12636386
0.00255445
-0.00500557
-0.02466240
0.01466801
0.03027932
-0.00664583
-0.02607789
-0.01111929
0.07939931
0.06497146
-0.06856900
-0.04885115
-0.13161290
-0.11027200
-0.10151581
-0.10624976
0.00112612
0.05101927
-0.03236521
-0.00299646
0.02623168
0.12264353
0.00684937
-0.06637159
0.06903564
-0.04102465
0.00174167
0.01866715
0.11261802
0.00443286
0.02611629
0.06537760
0.06316163
-0.04728964
-0.07292388
-0.04225302
-0.04678802
-0.02942175
-0.09998646
0.11231656
-0.01532029
-0.04162112
0.00487217
-0.02707643
0.15781154
0.11972364
0.06094106
-0.00443454
-0.01715160
-0.04484795
0.00986429
0.02167152
-0.04403426
0.04777687
0.08523624
0.00281715
0.05717332
-0.00353012
-0.03528169
0.05327037
0.03912184
-0.01124934
0.09445595
-0.00781267
0.04007809
0.02788083
-0.04853923
0.00330010
-0.08698635
0.00807197
-0.13786080
0.00971456
-0.00557077
-0.05505317
-0.03492110
0.05243826
0.09358896
0.04855179
-0.03328691
0.03300994
-0.04141272
-0.04837552
0.06544407
0.04654358
-0.00483240
-0.04403254
-0.00593557
0.01191160
-0.03498888
0.02671678
0.07638457
0.05318518
0.02340828
-0.02659193
0.03251129
0.04612472
-0.00968071
-0.01305368
-0.01503793
0.03001600
-0.07765949
-0.08453566
-0.01903421
0.01254667
0.07434299
0.02579968
0.00941836
0.03195421
0.03257443
-0.10937724
0.01523122
0.05447883
0.03173163
-0.00279092
-0.04836853
-0.04417059
0.08512390
-0.02541239
-0.03805222
0.06120333
-0.00473391
0.05522087
0.03733626
-0.03269690
0.07123107
0.05837265
-0.03691769
-0.06525734
-0.04473393
-0.06862363
-0.03705960
-0.07312638
-0.09929213
0.04673129
0.03660608
0.04628740
-0.02701878
-0.05284271
-0.07796134
-0.05919578
0.09054602
0.14965358
0.09595837
-0.06065468
-0.07824033
0.06979614
0.14869845
0.01506198
-0.10230688
-0.04429152
-0.02697050
0.01123747
-0.03163168
-0.07970005
-0.04085410
0.07244574
-0.02796388
0.00542487
0.05271275
0.01235177
0.10699357
0.11015649
0.03349677
-0.10794645
-0.02306719
0.00747910
-0.07602026
-0.07171488
-0.16007701
0.00132747
-0.07726980
-0.06653682
-0.07957239
-0.02926993
0.03499335
0.06316432
-0.03318238
-0.02983946
-0.04814081
-0.03645800
-0.01995978
0.03538153
0.02670285
-0.02258320
-0.05987283
-0.23715924
-0.20665881
-0.05214901
0.05342806
0.01905167
-0.15655310
-0.09605247
0.03736704
-0.07696107
-0.16617559
-0.18018728
-0.09725089
-0.05316494
-0.01463091
-0.23775178
-0.06522557
-0.05520607
0.00398099
0.00171768
-0.01050656
-0.01012092
-0.02353702
0.02400354
-0.01973619
0.02821832
-0.00336778
-0.02770958
0.06315824
0.02517258
0.03871569
-0.04015779
-0.02324754
0.09500551
-0.08856912
0.05052783
-0.13527574
-0.04296775
-0.01299839
0.03852883
0.03281783
0.02703521
0.01952301
-0.00005638
-0.01877576
-0.03810870
-0.01118510
-0.02078655
0.04585290
-0.03721292
0.01442330
0.06644364
-0.00914305
-0.00752873
-0.01003656
-0.08331501
-0.01401003
-0.04715398
-0.03068115
0.00236819
0.02050289
0.06096821
0.00377937
-0.00816882
0.02995764
0.07367550
-0.01992234
0.03598929
0.03271394
0.00497964
0.01611320
-0.07259025
-0.02750278
0.00190221
-0.02804447
-0.15004735
-0.09289306
-0.10601953
0.01206240
-0.12403046
0.03546625
0.03360571
0.01856922
0.01870615
0.03517518
0.13050310
0.02380658
-0.06098526
-0.09502354
0.05390109
-0.11075599
0.03235132
-0.06601308
-0.05301272
0.09219164
0.02256268
-0.07838590
-0.01129002
0.10679998
0.09592880
0.01758592
0.08158322
-0.15386488
-0.14257720
-0.00852204
-0.02996965
-0.07461999
0.09161238
-0.10802995
-0.04561095
0.03362545
0.10254093
0.03006479
-0.00836562
0.00166519
-0.04705058
-0.03339309
0.11107355
0.03979488
0.08442264
0.01476806
0.11310861
0.10886639
-0.12147129
-0.13145538
-0.15773696
-0.16015762
-0.01087530
0.02409130
0.11761568
0.09652324
0.05952509
-0.00090667
0.01565947
0.09883644
0.16628240
0.13178647
0.10026667
-0.01156465
-0.05076077
-0.03087517
0.11845002
0.00253586
0.01462316
-0.07983074
-0.07046107
0.04569763
-0.00614186
-0.02366213
0.00502475
-0.10609908
-0.10651640
-0.08246317
0.02269168
0.05381645
0.02670341
0.00425515
0.00098052
0.00512041
-0.09537395
-0.06009522
-0.01699732
0.04663688
-0.02250843
-0.04768620
-0.02286502
-0.03011363
0.00321623
0.05912123
0.07569640
-0.03192569
-0.04668594
-0.00817650
0.07101225
-0.02941409
-0.25130847
-0.19854882
0.01513224
0.08227600
0.06547416
-0.07468507
-0.07776417
-0.01327048
-0.01713773
0.00878634
-0.02193003
-0.01531848
0.02256692
-0.02884820
0.09127986
0.00169367
-0.15720196
0.02135160
0.02543082
0.01330743
0.06914353
-0.03534818
-0.01533809
0.02579487
-0.00329629
-0.09259271
-0.09534283
-0.01164295
-0.02126374
0.01977944
-0.04775392
-0.00415778
0.09428050
0.01031867
0.05554796
0.10013302
0.04858868
-0.03022161
0.04482295
0.03673430
0.03199968
0.01476611
-0.05504508
0.02635106
0.01361555
-0.02299292
-0.05976639
-0.07106596
0.02103942
0.07446557
-0.09080388
-0.00250359
-0.07901438
-0.01954613
0.00030489
-0.03080173
0.01422167
-0.04693629
0.02858246
-0.04264949
0.08420773
0.05933550
-0.00932238
0.03900876
-0.00310875
0.01949494
0.01777709
0.05811073
0.08230976
-0.05123643
0.14123762
0.09218689
0.04435963
-0.04990749
-0.13540423
-0.06823996
-0.00610805
0.05996487
-0.00738878
0.02087127
-0.00224776
-0.03253216
-0.05091497
-0.12416872
-0.10087325
0.03505478
0.07633847
0.02429416
0.00861145
-0.13154350
-0.06002511
-0.04582082
-0.16946179
-0.12715876
-0.01781684
-0.08080454
-0.09170413
-0.09817853
-0.08574724
-0.03423077
-0.03888243
0.01848064
-0.00147958
-0.06559773
-0.00370364
-0.04472699
0.03118392
-0.04853309
-0.10957557
-0.03938404
-0.00002914
0.01398452
-0.00536331
-0.06774507
-0.00192551
0.03556191
-0.00957860
-0.00720806
-0.01126804
0.04756952
-0.02591727
0.03139870
0.00397620
-0.03430602
-0.03241613
-0.04091421
-0.11144583
-0.04973380
-0.04489496
-0.00209027
-0.06582438
-0.07383579
0.05103562
-0.02394589
0.03850100
-0.07087142
0.07530851
0.04181291
0.02381619
-0.03819675
0.00864502
0.02254784
0.08406950
-0.09459065
-0.01711041
0.04237924
-0.11999805
-0.06389210
-0.07731958
0.01114093
-0.06735723
-0.03538335
0.03710637
0.03515662
0.04870028
0.02283417
-0.05319260
0.03059941
0.09766749
-0.00474478
0.04493974
0.05064330
-0.00561914
0.07427341
0.01219739
-0.01853554
-0.00392180
-0.09205972
0.03722389
-0.06322689
-0.10698421
-0.15315606
-0.06435063
-0.01839747
0.03179109
0.07967009
-0.08427762
-0.13718542
-0.03948675
0.07575855
-0.01882973
-0.15151697
0.06422367
0.07412431
-0.00109997
0.00318453
-0.04611158
0.07977935
0.09836936
-0.08455450
0.10318647
0.01950244
0.04772990
-0.02396221
-0.15322110
0.21536310
0.04709456
-0.18319142
-0.22156377
-0.06628540
-0.02426965
0.01126016
0.07099830
-0.05999255
0.05409576
0.02672088
0.06653916
0.03784093
0.00032931
0.06421854
-0.01257463
0.03639639
-0.01817869
-0.09517230
0.04829856
0.02819770
0.01085442
-0.13376866
-0.05633781
0.13579756
0.18267833
0.10987217
0.01852752
0.02722362
-0.04319923
-0.05798642
0.03276285
0.03253691
-0.14459538
-0.07875713
-0.02637655
0.01783936
0.00714722
-0.05267270
0.08779277
-0.05009655
0.10048152
0.04566116
-0.01383186
0.03165778
-0.11858835
0.12440544
0.01805388
0.04044347
0.08960701
-0.03639178
0.27605024
0.07662001
0.10557181
0.08879858
0.04835478
-0.00038480
-0.03096906
-0.19662996
-0.08760224
-0.03540331
0.05020060
0.13554884
0.01302115
-0.05864548
-0.05443231
0.02585973
0.15343586
0.03233615
0.00109643
0.10735126
0.04900292
0.02972993
-0.01372350
-0.00249691
0.11213677
-0.04272088
-0.04320252
0.02384027
0.04233294
-0.12004462
0.03940048
0.03570527
0.01162169
-0.12741181
0.00863022
-0.02185826
0.00843942
0.04560751
0.05834694
0.04339267
-0.04138155
-0.02244774
-0.02333415
-0.03165659
0.01175488
0.02467207
-0.04055785
0.08600171
0.06141030
-0.11030343
-0.01861599
0.06931529
0.00121567
-0.16680147
0.01747407
0.10818736
0.09822562
-0.03761137
0.15897013
-0.05840916
0.11300711
-0.01670590
0.04973957
0.16135551
-0.00208922
0.04196988
-0.03790063
0.00571276
0.07931318
0.03607738
-0.05403925
-0.10629799
-0.08758464
-0.13311297
-0.14470655
-0.12515649
-0.05863018
-0.04079153
0.10464528
-0.01747281
0.04967269
0.08779534
-0.03837244
0.03344296
0.02895095
0.02796498
-0.01611765
-0.10751651
-0.06735557
-0.09391613
-0.17054084
-0.10626335
0.10374337
-0.04200011
-0.03559978
-0.02421757
-0.01838545
0.07274927
-0.08086291
0.03578301
-0.01451268
-0.03968446
0.05892952
0.05475125
0.10605929
0.03994443
0.07638059
0.14102584
0.03473271
-0.06824284
0.00133123
0.01043155
0.04426225
-0.17423339
-0.07012846
-0.07688512
-0.07325218
-0.02206777
-0.07286505
-0.02387402
-0.04028311
-0.01327050
-0.18430898
-0.34483975
-0.03566401
0.04556547
-0.08130115
-0.03227597
-0.02813013
0.10024013
0.03195119
-0.12123552
0.07219211
0.16245742
0.03776337
0.03465448
-0.11543037
0.09522287
0.09373769
0.04981261
-0.03811249
-0.02113598
0.00571400
0.07377221
0.03026409
-0.17233263
0.03826341
-0.00281349
0.08856370
-0.13137875
-0.08814173
0.08772622
-0.00349543
0.10985616
0.01942492
0.05293262
0.03561122
0.08965871
0.10078327
0.06454825
-0.01343598
-0.06673116
0.06267679
0.01110869
0.02212524
-0.04827328
-0.06333724
-0.08393867
-0.16334529
-0.04101674
0.04869170
-0.05407493
-0.13039324
-0.10394294
-0.09406403
-0.06983765
-0.03532547
-0.15763576
-0.16678216
-0.02707338
-0.00510462
0.00231443
0.02043529
-0.05338363
0.08365348
0.03624840
-0.05048444
-0.02923100
0.03232304
0.00173027
-0.04223752
0.01327769
-0.05672949
0.00254388
-0.06217649
0.01138855
0.00245163
0.07641539
-0.06750017
-0.08581946
0.15191741
0.06566408
-0.00686933
-0.02871822
-0.13306668
-0.03517184
-0.01158881
0.03323360
-0.00369254
-0.00563163
0.16281728
0.11584014
0.04519157
0.06092763
-0.04844613
0.06551478
0.04242946
0.03894965
0.02229312
-0.02418396
-0.01181806
0.03302693
-0.05832002
-0.04406233
-0.01571601
0.05186746
-0.04294290
-0.11167949
-0.14523876
-0.00270110
-0.06712458
0.02813619
0.02577828
0.01170900
0.03278871
-0.05309203
-0.17935681
-0.16380423
-0.07464562
-0.09259933
-0.06947710
-0.02950569
-0.09128396
-0.10841306
0.05689358
0.00767605
0.00201220
0.02262249
0.08591301
0.05856523
0.09782717
0.00915274
-0.00168132
0.20721512
0.05191075
0.08158513
0.05375409
0.02403782
0.05866473
-0.06381232
-0.04045038
-0.08669139
-0.07754941
-0.02040987
-0.07301242
0.04328618
-0.01907743
-0.15355676
-0.06928681
0.04420683
0.13168277
0.02440116
0.01990297
0.02071809
0.00642610
0.05943441
0.03227454
0.04301976
0.01430222
-0.05478889
0.04801118
-0.01740892
0.06638721
0.03363842
0.03575454
-0.09227677
-0.08720339
0.00442261
0.01004187
-0.03058723
-0.07443842
-0.07523386
0.00777849
-0.10500657
0.01762371
-0.01349955
0.04534430
-0.00177059
0.00573306
0.04634642
0.06986149
-0.02369472
-0.02101837
0.00157615
-0.00365238
-0.02890471
-0.01786830
0.07848454
0.02964952
-0.01788230
-0.02781325
0.04568167
-0.00097411
0.07724693
-0.11298552
-0.09015598
-0.13722168
-0.06882912
0.02790013
-0.04676995
-0.10543075
-0.14790650
-0.11819243
-0.01131595
0.02105134
-0.03439761
-0.07528402
-0.09247297
0.04467561
0.09360465
-0.00810891
0.00408251
0.08061923
-0.00060601
0.09255021
0.08151104
-0.13878104
-0.24120575
-0.12458821
0.22179753
0.03900994
-0.16782531
0.03880471
-0.03190872
0.02973980
0.05312034
0.03956211
0.11753087
0.09093267
-0.00027140
0.05693572
0.12548727
0.02840899
0.02169668
-0.24677168
-0.15127718
0.05231017
0.06947704
0.08173089
-0.15897940
-0.06863127
-0.01490523
-0.03520741
0.02130189
-0.00787664
0.07908233
-0.01387308
-0.04846074
-0.00959111
-0.03262525
0.02711440
-0.03817650
0.01748896
0.02864541
0.11699901
0.05177461
-0.06291513
-0.05755614
0.00221018
-0.11622764
-0.08034236
0.05329971
-0.04398015
-0.10110787
-0.21220632
-0.07281958
-0.00819484
0.09075479
0.04024958
-0.23041181
0.00094290
0.09191658
0.06038235
0.07197959
0.09162389
0.12647457
0.10213823
0.02750900
-0.02685056
0.07546605
0.29913524
0.06856330
-0.00598186
-0.06654909
0.17725351
0.07227571
0.03097902
-0.05345303
-0.05167561
0.07666063
0.02151454
0.03241422
0.02109878
-0.01772433
0.06588349
-0.02967566
-0.06466711
0.01189866
-0.04246098
-0.02373734
0.05709002
0.05828303
0.05932455
0.03824471
-0.03586789
0.14463447
0.07221837
0.08019333
0.04026783
0.02943567
-0.00944964
-0.01047831
0.00390999
0.03458985
-0.01908812
0.02734520
0.03439413
-0.03068021
-0.05925977
0.03635143
0.02327220
-0.02039170
-0.11122803
-0.05295493
-0.06463406
-0.11365138
-0.01548474
-0.01580716
-0.00419597
0.01100572
0.06509021
-0.06156647
0.08151516
0.09649183
0.05173070
-0.01492489
-0.02010753
0.10755764
0.06433289
-0.06266528
-0.09235654
-0.03711359
0.02518242
0.09789608
-0.07397323
-0.05850904
-0.04261678
-0.05512528
0.07000218
-0.12822074
-0.08542012
-0.03203652
-0.10165524
-0.12160958
-0.10221800
0.07842154
-0.14076284
-0.15595034
-0.05032690
0.08701376
0.12696357
0.18084693
0.14784709
0.02790552
0.00415014
0.03802196
0.02442314
0.07467133
-0.01450574
-0.02961626
-0.05131323
-0.17185959
-0.05362484
-0.11471362
0.00163726
0.03035787
-0.08301220
0.08568599
0.00411389
0.02346713
0.07392452
0.02222929
0.07117545
0.07510567
0.07145758
-0.02239661
0.00506866
-0.03683978
-0.06910338
0.02998372
0.11755586
0.03787647
-0.01465299
-0.26959249
-0.14721826
-0.13162309
-0.18911284
-0.23717928
-0.08005176
-0.11793625
0.00168405
-0.10781293
-0.16474776
-0.04238672
-0.06014250
-0.00882616
0.08807331
0.03651741
0.06365844
0.02509664
0.00701225
0.06329509
0.01978583
0.07094157
-0.00222363
-0.06636029
-0.05767079
0.04521779
0.06671124
0.02689248
-0.11090870
-0.08123817
-0.15837310
0.03866513
0.09742259
0.00781413
-0.04799837
-0.19295225
-0.10453785
0.07369242
0.06364833
-0.10993508
-0.13279387
0.08711611
0.00617708
-0.07954402
-0.01987401
0.02093684
0.05127662
0.04933569
0.03671466
-0.07809913
-0.00942395
0.02945830
-0.24086060
-0.13062964
-0.17082295
-0.19691934
-0.27351618
-0.15320949
-0.04083840
-0.30554056
-0.18086916
-0.18534306
-0.03656995
0.01393087
0.05165999
-0.13770406
0.03189326
0.04620272
0.06458689
0.05531132
0.09511641
0.04211303
-0.11901804
-0.09335485
0.05434598
0.07291870
0.05123395
-0.02117510
0.00323708
0.08086043
-0.02806221
0.02717308
-0.01786135
-0.02611594
-0.03102816
-0.06446137
0.01833923
0.08140616
-0.05760055
-0.14842528
-0.05367039
-0.01584018
0.00734616
0.08140949
-0.00087047
0.01680086
-0.04437716
0.02077379
0.18413585
-0.01635630
0.06397830
0.07374727
-0.09484252
-0.11534362
-0.00671622
0.09305792
-0.02514722
-0.13448718
-0.07261681
0.00714736
0.02943823
-0.01019110
0.02718906
0.03539212
0.12655599
0.13592947
0.07726891
0.06118128
-0.01871277
0.07730199
0.08554582
0.02528136
-0.14748633
-0.09172320
0.01021814
-0.04651252
0.01373258
-0.03512250
0.00124226
0.03942295
-0.00141513
-0.02651791
0.02699517
-0.01608671
0.05255906
-0.06130578
-0.05626279
0.05457276
-0.01599740
0.00662141
0.05406471
0.03591729
0.09746512
0.11413860
-0.01307864
0.05386163
-0.06765912
0.00551092
-0.08059365
0.01072087
-0.02680812
0.01397779
-0.06031480
0.00414626
0.05203128
-0.02913881
-0.06361742
-0.02760674
-0.02223983
-0.00022211
-0.00919992
-0.05476332
0.02313684
0.02680887
0.03661864
0.04227989
-0.06947588
0.09567776
0.13273451
0.01105435
-0.01678468
0.07891813
-0.06431524
-0.05687596
-0.06338363
-0.00474070
-0.01220768
-0.06440144
-0.03833342
0.07944664
0.02377417
-0.00531289
0.07630980
0.00926696
-0.02797072
-0.03741857
-0.05194206
0.15251926
0.10075366
0.02920937
-0.00288122
0.04698831
0.06744455
0.03471784
0.04531541
0.06960809
-0.09036553
-0.01593978
0.03774725
0.05574041
-0.03349795
0.10614381
-0.09080472
-0.07634922
-0.04386213
0.01496740
0.03751711
-0.04429347
-0.06274125
0.01188162
0.06212828
0.11177503
0.03570659
-0.06143302
-0.10621043
0.02992680
0.11578058
0.05844177
0.06967556
-0.01885948
0.03947321
-0.06514844
0.06137689
0.12963115
0.03007720
-0.01851962
0.11664080
-0.09790684
-0.02201561
0.04046640
-0.06811746
0.02804829
-0.03505019
0.09047125
0.05745656
0.07353117
-0.06143773
-0.00456706
0.02624746
-0.07041706
-0.15043122
-0.09448841
0.06570085
0.00167964
0.08242495
-0.05666003
-0.01921530
-0.11881024
-0.12634452
0.01060971
0.00358649
-0.05514285
-0.12776503
-0.11845657
0.00067123
-0.01065028
0.01570488
-0.09741021
-0.12565011
-0.13920751
-0.04429011
0.07550637
0.00525330
-0.07378863
0.06291238
0.11702463
0.11904015
-0.18053076
-0.20838812
-0.12555607
-0.11970360
0.05260680
-0.03896243
-0.01707222
-0.02680092
-0.10373839
-0.00731992
-0.02547649
-0.10101195
-0.07047912
-0.02685429
0.06325141
0.05694314
-0.14522645
-0.20017421
-0.05561387
0.06141513
0.03252128
-0.12070607
-0.03301605
0.05552010
0.00849852
0.12539209
0.12758423
0.13813972
0.03763101
-0.10196627
0.06208956
-0.00638981
-0.08057228
-0.05413337
0.01471229
0.14412385
0.06358684
0.05034326
0.09748553
0.00406210
0.03383711
0.11848403
-0.00692143
-0.05467263
-0.05349837
0.10524885
0.15131211
0.02252560
-0.01552993
-0.00680492
0.13767342
-0.00098832
0.05752830
0.04735059
-0.01914912
-0.02321452
-0.10181129
0.02872910
-0.04914947
0.05630878
-0.10718562
0.03102189
-0.04994699
-0.01639184
-0.09546690
-0.04707620
-0.05630545
0.01065503
0.08369906
0.10260770
0.02595563
-0.09361130
0.03441782
0.06850044
0.03127521
-0.03432425
0.18165188
0.00046761
0.08094633
0.01613700
-0.05067272
-0.06088061
-0.01606434
0.03999211
-0.04888187
-0.09089538
-0.07457860
0.06075517
0.03803026
0.07137238
-0.02514438
-0.09891279
-0.01311457
0.06377324
-0.00805700
0.06641670
-0.04616350
-0.11401941
-0.00404839
0.01728728
-0.00310726
0.06936335
0.15527782
0.06529991
0.02840133
-0.03588606
0.03610851
0.10403825
0.07291614
-0.00671030
0.13952921
0.04101438
-0.02376908
-0.04001229
0.13279879
0.05536766
0.06895676
0.10301383
0.02105888
0.03310471
0.04889148
0.09261775
0.02245295
-0.03811911
-0.12039035
0.04829677
0.15971045
0.20222212
-0.00849250
0.00350632
0.12076354
0.08635229
-0.00728865
0.04620467
0.06471813
0.11355384
0.10636122
0.07109787
0.12811473
0.07180978
0.02789103
0.12001339
0.10300747
0.00398035
0.09012219
0.05129318
0.07769817
0.06192549
0.08370098
0.03110629
0.02074509
0.06011226
-0.00672339
0.10140649
-0.00825514
0.01902585
0.05182405
-0.00269890
0.03905789
-0.01848526
-0.02691068
-0.06440853
-0.06114515
-0.00876434
0.01833112
0.00385222
-0.11602191
0.01538225
0.07473467
0.05588901
0.04664700
-0.03226757
-0.08995133
-0.01410579
-0.07116497
-0.25002655
0.00322995
0.09706180
-0.01904950
-0.07123203
-0.15945497
-0.04526875
0.10631446
0.05178872
0.03014866
-0.01695252
-0.05704719
0.04177009
0.03117841
0.02148135
0.07117537
0.10465010
0.07708618
0.08035549
0.03394593
-0.11030910
-0.05124140
0.06015153
0.04406346
-0.01752393
-0.03798161
-0.05484515
0.00296161
-0.01524190
-0.02746249
-0.02268673
0.02724794
-0.01016327
0.05661015
-0.02121077
-0.08503134
-0.06094683
0.00931225
0.07011396
0.10784610
-0.04032597
0.08694675
0.04083742
0.02585801
0.02476955
0.03562260
-0.02215969
-0.00153245
-0.01646468
0.12394832
0.04533222
0.07982544
0.11529572
-0.03458044
0.06312614
0.04101879
0.06989815
-0.02013173
-0.02546207
-0.00214297
0.00334598
-0.01762353
-0.00198581
-0.05399091
-0.04387968
-0.02848463
-0.06122243
0.05358318
-0.02526591
-0.10557800
-0.14611089
0.01279622
0.04402025
-0.00413558
-0.05827230
0.00003952
-0.01210494
-0.02247471
-0.17917433
-0.14888017
-0.07514337
-0.00041929
0.07407427
0.08662519
0.05473869
-0.16766649
-0.00240277
-0.03243780
-0.01117011
0.17084229
-0.06787656
0.00501899
0.05529029
0.10303047
0.18373109
-0.03140590
-0.01411876
0.01927332
0.05594419
0.04636921
0.08668339
0.03449754
-0.06803397
-0.16783220
-0.10385956
0.02157826
0.03707234
-0.00166048
-0.00407766
0.02525477
-0.01754195
0.02901867
0.06015067
0.00636330
0.06021989
-0.02523610
-0.02663622
-0.11039268
-0.07396104
0.01825466
-0.05335001
0.02764801
0.03680076
-0.02601068
0.00105446
-0.00849251
-0.09590774
0.00959019
0.01980815
0.02030785
0.01976262
-0.04614877
0.02210713
-0.00636710
0.02036148
-0.05856902
-0.12157550
0.03211718
0.02263815
0.02347446
-0.14916624
0.01954870
0.00691881
0.05604336
0.07843410
-0.16547221
0.06276483
0.03693700
0.01910515
0.00529914
0.04140380
0.03858869
0.00529251
-0.09374601
0.00009149
0.02539792
0.03574674
0.00950240
-0.10006381
-0.03241782
-0.09849051
-0.02665755
0.06849574
0.08525892
-0.02013855
-0.10407023
0.00904131
0.07746102
-0.00751359
0.02189969
-0.04679758
-0.03179855
-0.05116484
0.11498257
0.08835334
0.04289781
-0.13417342
-0.07005616
-0.09997641
-0.08448520
-0.00977989
-0.08501667
0.01688828
0.12356407
-0.03315510
0.09738364
-0.11175031
-0.03801324
0.00163302
0.04479780
-0.30048645
-0.14965758
-0.02353802
0.02548655
0.15112264
-0.20111920
-0.02883851
0.07181139
0.04296621
0.10508492
-0.07418127
-0.00463614
-0.04175816
-0.05888959
-0.04023504
0.00911889
-0.05456024
-0.01277779
0.01612759
0.02754357
0.00286052
0.09526326
0.12253163
0.01767257
0.01647917
0.00897884
0.09289568
0.12707031
0.04115937
0.04901459
-0.02669133
0.09141873
0.08628169
0.00723779
-0.05404808
0.01772978
0.07524284
0.20623112
0.03131250
0.00907475
0.00921819
-0.05068979
0.07466107
0.11908969
0.04678742
0.02086468
-0.02171779
0.07047922
0.00761428
0.00530500
0.17541470
0.09725700
0.03560627
-0.07248764
-0.09608364
0.14936872
-0.06498391
-0.01694047
-0.14035842
-0.06710251
0.03300253
0.08229591
-0.03798212
0.04599421
-0.04542713
0.08055642
0.06587929
-0.00755033
-0.10580137
-0.02219081
-0.01268455
-0.02909034
0.14667708
0.00816598
-0.01293523
-0.08547042
-0.06194628
-0.02556812
0.00718626
0.05669788
-0.19028512
-0.00215082
0.10948109
0.13088919
0.00181627
0.00947541
0.07850017
-0.11371434
-0.07952356
-0.11754739
0.00896478
-0.00180840
0.03234433
-0.03116021
-0.05270653
0.00707427
0.07012556
0.14382312
0.00487447
0.04130071
0.00109873
-0.04659263
-0.03106635
-0.02954326
0.08612909
0.03253747
-0.09994008
-0.09115224
0.00696624
0.09165506
-0.08341595
0.00516940
0.19406524
-0.01439402
0.06669205
0.01948556
0.00205362
0.02005663
0.01433020
0.00407212
-0.04684049
-0.02903006
-0.02948285
0.05660971
0.00957351
-0.05431370
-0.01484239
-0.00649781
-0.06255182
-0.00232527
-0.08431163
0.08588055
-0.08392958
0.01236931
0.18430604
-0.04531506
-0.03813487
-0.16878985
-0.03542316
-0.06019653
0.03873311
0.01242722
-0.12491091
-0.19428620
-0.17713457
0.08645652
0.04097151
-0.05383462
-0.10353327
-0.11239948
-0.02552120
0.04561674
-0.00386143
0.02251531
0.03812581
-0.03818429
-0.01178795
-0.05737773
-0.08481597
0.05767634
0.03141379
0.08696587
-0.03574030
0.06521807
-0.04174365
-0.01386687
-0.09009917
-0.14499372
-0.05859977
-0.08018479
-0.10500434
-0.08773669
-0.04846676
-0.03015757
-0.02993388
-0.07285647
-0.08165262
-0.02261953
-0.11723749
0.06832897
-0.06061395
-0.12141781
-0.02714846
-0.00443193
0.16705096
0.00916314
0.02560465
0.02222591
-0.03746517
-0.10209335
-0.02336239
0.01839654
0.02115772
-0.07465712
-0.05112660
-0.01945123
0.01329275
0.01927207
0.00431986
-0.07147164
0.02546682
-0.00083944
-0.09800061
0.01039563
-0.04455842
0.08927266
0.06059523
-0.05626328
0.03949002
0.18858270
0.10473501
0.08859529
0.26109067
0.00394917
-0.14837444
-0.04716263
0.01360360
0.01414500
0.10406443
-0.01167571
-0.09423854
-0.06774949
-0.03952843
0.02856504
0.05714929
-0.07573616
-0.01897441
-0.01620620
0.02596950
0.04462654
-0.10771053
-0.05678952
-0.07847978
-0.07834642
0.14509329
0.04288132
-0.04328544
0.03507062
0.04862072
0.00247997
0.08093195
-0.00408575
-0.02313908
0.00921974
-0.00925604
0.03326137
0.02132294
0.00934467
0.07941826
-0.01926958
0.06805599
0.04946277
0.10665170
0.10380573
-0.03770189
0.00992941
-0.01601623
0.04934638
0.12906756
-0.01244002
-0.02019155
0.02445994
0.06395134
0.08669044
0.13978820
0.03880485
-0.10223307
0.01748514
-0.03702153
-0.17262731
0.00363349
-0.11319103
-0.07420971
-0.05933903
-0.07617448
-0.02405263
0.05336472
0.04236816
0.00482179
0.08489427
-0.03790875
0.02631332
0.06180518
-0.03989551
-0.23024376
0.03777653
-0.01845725
-0.00502719
-0.02994241
-0.04519455
0.04148544
-0.02579015
-0.01482758
-0.00895386
0.15595512
-0.00134714
0.06866662
0.07266261
0.06730638
0.13371027
0.06670503
0.02933863
0.01160448
0.01377060
0.11398370
-0.03599239
-0.02509340
0.02522009
0.03066996
0.05809783
-0.03715245
-0.08709937
-0.12604837
-0.01429131
0.08195136
-0.02283826
-0.05485930
-0.02296613
0.16562398
0.06584595
-0.06097326
-0.06452887
-0.02439290
-0.01674169
-0.13817088
0.00175769
-0.06792822
-0.03303502
0.04097183
0.08985737
-0.05900753
-0.00141976
0.05360389
0.02119689
0.01560865
-0.03328891
0.00259233
0.04038586
0.06461721
0.00905590
0.09723505
-0.05281936
-0.07266888
-0.04063337
-0.00041652
0.08949875
0.02833776
0.03910181
0.00509662
0.04807702
0.05456004
0.06455883
0.07949904
-0.00158377
0.01807320
-0.07177716
-0.05652987
-0.08008964
-0.01714987
0.00049793
-0.14341585
-0.12015478
-0.00330553
0.00904944
0.00785779
-0.12513378
-0.06389836
0.01467984
0.00282565
-0.05481108
-0.02808538
-0.04931552
-0.04822489
0.05264532
0.11269810
0.08564959
-0.04061724
-0.04989740
0.03617999
-0.02788754
-0.00297619
0.02627813
0.07455124
-0.08474026
-0.05614862
0.07231538
0.03025988
0.11466631
0.19257613
0.08532578
0.04339487
0.06174333
-0.17841454
-0.24063286
-0.14352238
-0.07173838
0.01202221
-0.07191110
0.03505939
-0.00880188
0.11179477
0.05549942
0.01016209
0.09271923
0.11432687
0.02022083
-0.02305792
-0.03336449
0.07394429
0.07248013
-0.19290696
-0.16889867
0.02874112
0.08909383
0.12195959
-0.05007359
-0.09836540
-0.04047445
0.15251437
0.09214906
0.02665140
0.02409722
0.03988817
0.07353402
-0.02627469
-0.07531787
0.01805847
0.01072809
-0.01119595
0.06741512
-0.11425821
-0.02944348
0.01956853
-0.01874539
-0.10895663
-0.03114554
0.07235102
0.10601237
0.00174580
-0.04681043
-0.16699240
-0.09538332
0.03923837
0.12494007
0.01895768
0.11325893
0.02207079
-0.01759139
0.07204764
-0.00404269
-0.07949322
-0.01928265
-0.04871215
0.06511586
-0.02794717
-0.01147718
0.19008529
0.11265396
0.06788316
0.01883760
0.06911497
-0.15291892
-0.02652693
0.06644069
0.14434102
0.15123394
0.08622114
-0.09144844
0.01547850
0.07032425
-0.01182283
0.11637407
-0.10175791
0.01835942
-0.10078504
-0.00422395
-0.09167567
0.02601220
0.03224022
0.04333753
0.06793479
0.01367134
0.03214681
0.02944145
0.06471593
-0.07547247
-0.05026732
0.02267849
-0.02534627
0.03138220
-0.10323553
0.02811442
0.04930037
0.02132840
-0.07205441
-0.03557657
0.07505635
0.01746048
0.05541984
0.00389550
0.06583551
0.08691287
0.06381894
-0.05272721
0.10589795
0.03433872
0.00535692
0.00669657
-0.07179375
-0.03780864
0.08457102
-0.13016072
0.01230537
0.01372321
-0.05018158
0.10246158
-0.14649612
-0.09232875
0.01527203
-0.08405095
-0.02085806
-0.16994168
-0.14279245
0.06222255
0.00572687
0.02844082
-0.11271775
-0.05873893
-0.00451238
-0.11428133
-0.02978834
-0.05188802
-0.08244091
0.02464291
-0.10735098
0.02510067
0.01653544
0.11359502
0.27019221
-0.11871694
0.07604136
0.09282546
-0.03830308
0.08411826
0.06654415
0.11335117
0.09711997
0.00629640
0.10333704
-0.01849180
-0.11941019
-0.10215738
-0.06349370
0.05175610
-0.19585699
-0.06553540
-0.00595257
0.03628553
0.14589106
0.14101397
-0.07032524
-0.15595458
-0.11190527
-0.07443689
0.05135395
-0.03200048
0.06352317
0.07079277
-0.09557380
-0.03251999
-0.07671210
-0.01135853
-0.00592881
-0.07622541
-0.10215428
-0.12653473
-0.04157035
0.01676708
-0.10314126
-0.15594752
0.07523236
0.02596628
-0.04404059
-0.07596048
0.07380874
-0.03075726
-0.02524648
-0.00299637
-0.01294356
-0.14438218
0.00728054
-0.12297297
0.01623836
0.08556826
0.00180577
-0.06052122
-0.10105217
0.03712330
0.02499017
0.06422520
0.00715512
0.08034586
0.18808633
0.05057447
-0.16637836
0.00025675
0.04912700
0.12243701
0.05125190
0.03185544
0.13443625
-0.08017951
-0.02827019
-0.01002407
-0.05220871
0.03967816
-0.08020194
-0.09187884
0.09451188
0.02394996
0.00571158
-0.09205899
-0.03525371
0.04783128
0.00657298
0.13846545
0.00583461
-0.13603340
-0.07441917
-0.11743971
-0.04206512
0.05330242
-0.02923196
0.04357666
0.04461697
-0.00411711
0.03501737
-0.00188601
-0.03789435
0.00024987
-0.01810896
0.13316041
-0.00318046
0.05708199
-0.03373203
0.00695260
0.01269114
-0.01674908
0.10271065
-0.04386494
-0.02525078
0.00102452
0.08592808
0.03080365
-0.04357212
0.00348301
0.09846599
-0.07191802
0.03431050
0.02816507
0.06092741
0.07606505
0.15359052
0.03846620
0.07393137
-0.01439114
-0.06424168
-0.03164935
-0.10015660
0.02336883
-0.05384495
-0.04281810
0.00954539
0.02917313
0.02137767
0.03793362
0.04606415
0.04203180
0.00876481
-0.02420173
0.13165818
0.05330659
-0.00084207
-0.13460359
-0.08742847
-0.03272156
-0.05548219
-0.14297235
-0.13917507
-0.12774183
0.02551285
0.01293402
-0.02835010
0.02102222
0.16548128
0.03067662
0.09319162
0.05491369
0.01815558
0.20223823
-0.04825582
0.02183811
0.06819411
0.05323900
0.15178457
0.03678459
-0.04009559
-0.04406734
-0.01498118
-0.00219182
-0.13800713
-0.14936779
-0.12452608
-0.08761153
-0.04618777
-0.02911397
0.02730110
0.02805966
-0.01966571
0.03253080
-0.04507190
0.02058765
0.06522476
0.02355603
0.09812846
0.10630636
0.01802083
0.10751213
0.09499924
0.08235785
0.09010375
0.10276413
0.07794771
-0.04749178
0.06224648
-0.08665921
-0.01989292
-0.06896515
-0.06376845
0.02204938
-0.04318698
-0.02925108
0.02688014
-0.00980146
0.03082095
0.04417059
-0.00412959
-0.02374599
-0.01916850
0.04330183
0.02195274
0.04872125
0.03162455
0.07575580
0.06245567
-0.06903911
0.02254643
-0.03513743
0.00850031
0.09910706
-0.07056020
-0.10144106
-0.11009486
-0.08494601
-0.01373452
-0.01257187
-0.00222614
-0.12813807
-0.04951371
0.00253049
-0.01312801
-0.10614026
-0.04127719
0.01033379
0.00642068
0.03144079
0.05352341
-0.00394428
-0.04819230
0.01070326
0.04796892
0.00011941
0.08439163
0.04320545
0.06868359
-0.13900362
-0.04937309
-0.04752713
-0.06292661
-0.11771654
-0.09689160
-0.02098053
0.03397839
0.06474697
-0.03971600
0.12649836
-0.02579760
0.02485916
0.05293195
0.00846590
0.04790119
-0.01512245
-0.06946280
0.13377845
0.16954112
-0.07282574
0.08359338
0.05843263
0.14725117
0.09303076
-0.12563181
-0.06042057
-0.02449792
-0.05684253
0.07465121
-0.00815191
-0.05572536
-0.02544544
0.05463866
0.03941118
0.09512411
0.00286269
0.10507978
0.08035320
0.07946902
0.17663006
0.20756942
0.11793131
-0.02551794
-0.02789257
0.01969074
0.09413356
0.03652351
-0.08835104
-0.10018929
0.28728509
0.28235152
0.21723881
0.08254521
0.03226406
0.11622314
-0.01119913
0.08810274
0.05332541
-0.01205733
-0.04816592
-0.06640950
0.10149145
-0.01781739
-0.04311921
-0.00809180
0.06065021
0.06942696
0.03326772
-0.05486190
-0.00712033
0.05181284
-0.11753149
-0.03404630
-0.19983545
-0.10894005
-0.06775823
-0.01493062
0.07860559
0.01293019
0.05384543
0.07304849
0.04711903
0.03801957
0.05001334
-0.06711370
-0.04286811
-0.03486203
0.07952850
0.05837436
-0.02069369
0.05234157
0.06804156
0.00758407
0.07412820
0.05900437
0.06376188
0.07206056
0.06375445
-0.02759997
-0.06913075
-0.15508340
-0.05616184
-0.03916351
-0.05127202
0.00772020
0.00882054
0.02614852
-0.04481432
0.03267598
0.01845697
0.04471740
0.08916691
0.10518220
0.05008013
0.10451949
0.06532944
0.05259075
-0.01646263
-0.00647603
0.01744202
-0.01459859
-0.02590788
0.03725674
0.08770881
0.02546539
0.00489243
-0.05398543
0.06441457
0.15163425
0.04773704
-0.01306265
-0.04828852
0.00509746
0.01580067
0.03445011
0.07785572
-0.14959869
-0.09871823
-0.17120954
-0.02411231
-0.02026812
0.00718554
-0.09910951
-0.06307843
0.04339298
0.08413907
-0.06453940
0.05533820
0.04917198
0.00195634
-0.06410333
-0.14398807
0.05067877
-0.02137646
-0.11511132
-0.00157266
-0.10560799
0.00225003
-0.08249088
0.01830932
0.14680254
0.02462919
-0.00544172
-0.04996501
0.02997961
-0.02677211
-0.13848926
0.01188021
0.12712476
0.03520396
0.03687506
0.03438079
-0.00243584
0.14855753
-0.05399150
-0.16910535
-0.16436400
-0.01175844
-0.08240824
-0.05299932
-0.09767145
-0.10259352
-0.09808574
-0.24341027
-0.09507202
-0.12343030
-0.04938572
-0.08109912
-0.04472127
-0.11080573
-0.09009721
-0.11754719
-0.02442303
0.13753444
-0.03136482
0.04218614
0.04357931
0.02417643
0.23114404
0.07291637
0.07436255
-0.06021174
-0.01339482
-0.01500738
0.01562916
0.11265772
0.02747812
-0.04280234
-0.06746077
-0.03920459
-0.07239665
-0.03747581
-0.04534300
-0.12911458
0.07010480
-0.08181418
-0.02456084
-0.03915922
0.05132937
0.05212842
-0.05611705
0.06494042
-0.01796195
0.15211235
0.13362245
0.09442244
-0.08605403
-0.10647574
-0.05339252
0.10451295
-0.00380888
0.02873898
-0.07772651
-0.05695041
-0.07133193
0.08104997
0.00838941
-0.06243345
-0.01801121
-0.06632710
0.02745373
0.01734912
0.00511772
0.01226359
-0.08109994
-0.01276006
-0.03925338
0.06476130
0.02660475
0.05189530
0.06206349
0.02207033
-0.06385408
-0.04265054
-0.05133684
-0.00643286
0.03514161
-0.04014585
-0.06910867
-0.04952766
-0.09572276
-0.03632139
-0.08967850
-0.07188021
-0.03112486
-0.10363223
-0.00171589
-0.04881633
-0.07529468
-0.12807833
-0.06371886
-0.09115171
-0.09560136
0.13104425
-0.00088902
-0.05776058
-0.09004290
-0.02316592
-0.05916771
-0.04398035
-0.08801472
0.02485516
0.00624569
0.01279058
0.02942465
-0.04349277
-0.05948387
0.03488096
-0.02127253
0.08866095
-0.09862575
0.03325552
-0.01257557
-0.02137369
0.00559212
-0.04698057
-0.04834034
-0.13501570
-0.05041992
0.06821943
-0.00000192
-0.01134797
0.00813474
0.03741052
-0.02172970
-0.07680778
-0.06400106
0.00631450
-0.08741865
-0.06629889
-0.04983316
-0.07721344
-0.04764557
0.01862005
-0.03754405
-0.02155016
-0.03136542
0.05532626
0.03578056
-0.04558280
-0.11846106
-0.06016757
-0.03884456
-0.04124988
-0.06333689
-0.13801023
-0.10012813
-0.11596569
-0.10147440
-0.01568817
-0.05843871
-0.06615552
-0.10787442
-0.01262284
-0.05189333
-0.03773861
-0.10200389
-0.09904159
-0.03756210
-0.00881552
-0.05655692
-0.07023259
-0.02762621
-0.07712366
0.02847805
0.00835221
-0.06227647
-0.06762508
-0.01064265
-0.00816895
-0.02033659
-0.05224300
-0.01630067
-0.01693661
-0.02466577
-0.06564035
-0.01320207
-0.04047385
-0.01399201
-0.10149947
-0.14302540
-0.12088174
-0.08233742
0.00718669
-0.08758386
-0.05770984
-0.09265357
-0.00596634
-0.05379881
-0.04869156
-0.08839954
-0.05317727
-0.09074476
-0.03222740
0.00132981
-0.08066137
-0.08406783
-0.03430417
-0.01778311
0.01752928
-0.06904105
0.00895442
-0.02082536
-0.03750142
-0.06945828
-0.05686622
-0.05686511
-0.05542460
-0.00363010
-0.10774759
-0.15319954
-0.06523884
-0.06299906
0.00083167
-0.06066753
-0.07445276
-0.09669800
0.00912588
0.05485473
0.00109892
-0.02410270
0.02832954
0.01750464
-0.04442018
0.02393741
0.05489707
-0.07258160
-0.01511269
-0.03811361
0.00236738
-0.05479530
-0.08002503
-0.04991722
-0.05100049
-0.01055730
-0.08154768
-0.04095574
0.00808383
0.12012471
0.05971150
-0.06556140
-0.06606809
-0.08855648
-0.04762084
-0.07398973
-0.09692847
-0.10827713
-0.04324027
-0.00316985
-0.04129986
-0.10590359
-0.02844808
-0.07381366
0.00857475
-0.00389595
-0.02420549
-0.00023579
-0.00445663
-0.01841873
-0.04648213
-0.00030084
-0.02255782
-0.04161657
-0.01944355
-0.00588959
-0.03775334
0.01312330
-0.01706796
0.05394117
-0.01048450
-0.01673954
-0.05925054
0.02832317
-0.05928896
-0.00158141
-0.05098850
-0.06215165
-0.04741452
-0.00838274
-0.05485409
-0.05827361
0.00707089
0.06629627
-0.05479849
-0.03219583
0.06041615
0.05300287
0.02531043
-0.01072896
0.03734984
-0.05353371
-0.00991470
-0.02982545
-0.07535205
-0.03735634
-0.08547191
-0.03919014
0.00033762
-0.09049030
0.03013885
0.02848592
-0.03092040
-0.04500395
0.00118859
0.02757527
0.01243729
-0.03187316
-0.04856958
-0.03623177
-0.05634766
-0.06693801
-0.04318694
-0.10573409
-0.00320833
-0.08712293
-0.06684605
-0.01801541
-0.00460087
-0.08412524
-0.02511309
-0.04904417
-0.05613679
-0.06477502
-0.04870913
-0.00757047
0.02095650
-0.01142649
0.07030693
-0.04720145
-0.11812072
-0.03982086
-0.01326041
-0.04715798
-0.12822849
-0.03421985
0.00842059
-0.07411368
-0.01806426
0.03287838
-0.09763206
-0.05417932
-0.10577960
-0.04710402
-0.05256108
0.10232700
0.02610173
-0.06252673
-0.03367197
0.01662996
0.01468391
0.02056767
-0.03763558
-0.07194858
0.04462117
0.04082439
-0.12943922
0.00996747
-0.05330090
-0.04608369
-0.07796824
-0.09351259
-0.05512239
-0.05677767
0.09984732
-0.11839370
-0.14745298
-0.09694819
-0.07649659
0.08896757
-0.02470611
-0.07606212
-0.04037829
0.05498151
0.00309668
-0.11718027
-0.03855457
0.00830485
-0.01480045
0.05549362
0.05349942
-0.01519829
0.03035374
0.11543316
-0.07205161
0.02767083
0.00390341
-0.08280180
-0.07103133
-0.13805571
0.01404688
-0.03488903
-0.06556940
-0.03352881
-0.05679538
0.02478266
-0.00008746
0.07622582
0.02638483
-0.03552150
-0.00959847
0.01291207
0.01628527
0.07008839
-0.06171620
-0.04885902
0.04199083
0.03418738
0.01165846
0.07392036
-0.09787068
-0.01546702
0.00932376
-0.02471250
-0.05145181
-0.05048828
-0.04971388
-0.06197841
0.05749859
0.04894208
-0.01868747
-0.10442810
-0.07064095
-0.01889664
-0.01566424
-0.07757888
-0.09658103
-0.02810136
0.02930733
0.13549249
-0.08292943
-0.16245706
0.01385794
-0.03862236
-0.03474943
-0.03647841
-0.10698681
-0.07771078
-0.02213022
0.01384276
-0.05236565
-0.09413028
-0.03281708
0.03733858
0.06377260
0.08523683
0.08833472
-0.03784835
-0.09240799
-0.00156288
0.05128208
0.03712860
0.08956223
-0.05271748
-0.07201071
0.02347174
-0.06981737
-0.08836983
-0.04540213
-0.03096198
-0.05407377
-0.09086479
-0.05476304
-0.08634580
-0.02157924
0.08196190
-0.05717569
-0.03749286
0.00269769
0.11099884
-0.01143492
-0.04724875
-0.03305705
-0.05417169
0.03530294
-0.01532958
-0.05056440
0.01893558
0.00506287
0.01255023
-0.03668649
-0.05206776
0.03958854
-0.02123661
0.01861667
-0.04607697
-0.00041547
-0.00043055
0.01179954
0.03796024
0.00850207
-0.01159598
-0.01927450
-0.02586482
0.00026778
-0.02987713
0.01450162
0.02433081
-0.05229083
0.01134459
-0.04749004
0.02238126
0.00196996
-0.00026096
0.00772378
0.01151061
-0.05356323
-0.03074484
-0.03185109
0.03141717
-0.01564918
-0.00162895
-0.01965129
-0.04296044
0.01979842
-0.01664033
-0.03048689
-0.04883799
-0.02234987
-0.04861480
0.01527939
-0.03296064
-0.03815414
0.01675180
0.01464167
0.01829029
0.02124898
0.00826509
0.04110720
0.00101905
0.03905228
0.00435256
0.02836544
-0.01233745
-0.04788586
0.02544606
0.02397689
-0.03952631
0.05206806
-0.01455164
0.03609813
0.03581418
-0.01898227
-0.02326002
-0.04124189
-0.00863733
0.00338318
0.00130873
-0.00561519
-0.05040299
-0.04499954
-0.02225724
0.00375541
-0.05585597
-0.01163059
0.03647404
-0.05614586
-0.02478193
0.02771704
0.02502605
-0.02149566
-0.01826877
0.00334503
-0.01958521
-0.03510537
0.02691006
-0.02340869
-0.01066770
-0.03956841
-0.00205256
0.01409064
-0.01639480
-0.03417709
-0.05118303
-0.00738966
0.02903613
-0.02308429
0.00922575
-0.00667901
-0.00200110
-0.05351233
-0.00356567
-0.04350242
-0.04011866
0.04248339
0.02012846
-0.04842826
0.04201229
0.02256534
0.02823933
0.00740191
-0.05141542
-0.03601323
-0.02028626
-0.02359292
-0.02251540
0.01583227
-0.02230627
-0.04280066
-0.02776464
0.02309384
-0.05512929
-0.04517564
-0.04881723
-0.04544839
0.01571179
-0.04351950
-0.04123292
-0.05550582
0.02296469
-0.01645047
-0.02838349
0.00830959
0.02923020
-0.01550437
-0.05072105
-0.04993881
0.00891912
-0.01384954
-0.00784708
0.00778638
-0.05924069
0.02458250
-0.02949253
-0.05697266
-0.04604002
0.02366081
-0.04188755
0.00691331
-0.00525049
0.02525251
-0.01586172
-0.02336562
0.02975944
-0.01217535
0.04793845
-0.02774237
-0.02942089
-0.05478983
0.00122069
-0.04199229
-0.00285665
-0.03992131
-0.01677087
-0.03146141
-0.00597996
0.02124885
0.02491558
-0.02055809
-0.03391834
-0.02269660
-0.00320747
-0.00020023
-0.04866384
-0.02321639
-0.02095145
0.02834224
-0.03715461
-0.02297056
-0.03212436
-0.05276254
0.02110646
0.00771497
-0.04347252
0.00793498
0.02296238
-0.03039648
-0.00696263
0.01710656
0.01364086
-0.04635803
0.02370450
0.00065320
-0.04420628
-0.01701733
0.02149891
-0.00134862
-0.01140837
0.00208200
-0.02163097
-0.00648136
0.01637109
0.03379922
0.01219400
-0.00737926
-0.04965534
0.02471404
-0.03001536
0.01765460
-0.00366180
0.02977896
0.02695964
-0.02691827
-0.04655044
0.01823492
-0.05143853
-0.02838527
-0.03457958
0.01439221
0.02721740
0.00297033
0.02839269
0.02852983
-0.04355933
0.02783424
-0.02090418
0.00718868
0.02710901
0.02151000
-0.00000910
0.02089226
-0.00253059
-0.01936047
-0.02403445
0.00536836
-0.04667830
0.00514993
0.04262376
-0.04630191
-0.02058892
-0.03213461
0.00360285
0.00325006
-0.04077537
0.03519936
0.04215262
-0.00522563
0.02076332
0.00602090
0.03200135
-0.03206542
0.00087288
0.01734886
-0.03755869
0.03091456
-0.01550554
-0.03293562
-0.05134628
-0.01478983
0.02911016
0.01841685
-0.00830934
0.01988441
-0.02380553
0.01591195
-0.05628037
-0.07444549
-0.03864411
-0.00573565
-0.00269030
-0.00165385
-0.05062566
-0.03529714
-0.04026408
-0.00264798
0.02049628
-0.02095957
-0.05117976
-0.01999724
0.00246143
0.02057010
-0.02707967
0.01108605
-0.04627877
0.01293835
-0.00390668
0.01380373
0.00439869
0.05063781
0.03563481
0.02642264
-0.03731726
0.05009012
-0.00922118
-0.00648000
-0.04666002
-0.01740884
0.01881073
0.01877190
-0.02357042
0.02410416
0.02867218
0.00510554
0.01306729
-0.06540874
0.03816444
0.04029026
-0.04393886
0.02522206
-0.06977461
-0.04220555
0.01985945
-0.01026289
0.01194572
-0.03991275
-0.01999835
0.03268616
-0.00734028
0.02079446
-0.07213670
0.01332845
-0.05864304
0.00924506
-0.01153411
0.00739498
-0.01811818
-0.05125992
-0.03132834
-0.00294211
0.01792206
-0.00137384
0.03491729
-0.05338543
-0.04696933
0.00407012
-0.00244671
0.00281029
0.00389112
-0.00484798
-0.00744176
-0.03463634
-0.05777079
-0.03543058
-0.01711914
-0.05359438
0.01071349
-0.02202501
-0.00872813
0.03192960
-0.03149644
0.03545586
-0.00890734
0.01514433
-0.00192847
0.00977563
-0.00443487
0.01779419
-0.00234130
-0.00915977
-0.03639675
0.01726283
0.02193747
0.01750835
-0.00085573
0.00052287
0.00875747
-0.00154214
0.00044925
0.01522205
-0.00342394
0.00248031
0.00989978
0.02038877
0.01148504
-0.02981736
-0.02082039
-0.02155378
-0.00691170
0.01834216
-0.00452827
-0.03519945
-0.04513655
0.03224858
-0.01437022
0.01530349
-0.00397556
-0.04156356
0.01879411
0.02423847
-0.02152001
-0.01661531
-0.03001406
-0.04426609
-0.00810694
-0.01015357
0.03318612
0.00129759
-0.01507121
0.03257167
0.03744850
0.00814110
0.03112658
-0.00123201
0.03877798
-0.05077721
-0.04729907
-0.03024514
-0.01998183
-0.02858349
0.00510447
-0.02962350
-0.05113727
-0.05627727
0.01148127
-0.04597813
-0.02907244
-0.02951488
0.02109398
0.01370191
0.03742756
-0.05636346
-0.05075227
-0.03322486
-0.00195584
0.01720078
-0.04237323
-0.02770852
-0.01034409
-0.02259421
0.01040857
0.02726800
0.03391085
-0.05384773
-0.01659899
-0.02695974
-0.03686472
-0.02222585
-0.03882952
0.01330657
0.01314965
0.01839060
0.03054099
-0.04889631
-0.03717131
0.01679332
-0.02875692
-0.00032906
-0.02350158
-0.02817127
-0.01150896
-0.05676823
0.01368323
-0.04340425
-0.02901743
-0.02169545
-0.05072135
0.00952439
0.01419975
0.01492078
0.01280311
-0.02169137
-0.03190590
-0.00431684
0.01637026
0.01529585
-0.03350636
0.02045126
-0.02795883
-0.02437114
-0.02099538
-0.06911876
-0.01083635
-0.04157762
0.01995373
-0.02941246
-0.00373904
-0.00095076
0.00588553
-0.02287308
0.01026121
-0.00466888
-0.04937815
0.03469757
-0.00308519
0.00931163
0.03048240
-0.03207046
-0.04632562
0.03220943
-0.02079239
-0.00496846
-0.03752567
0.01506387
0.00569049
-0.04562856
0.02969701
-0.02909325
0.00021118
0.01451458
-0.03072246
-0.03087732
-0.01719336
0.03270372
0.02043121
-0.00182860
0.00271625
-0.05015670
-0.01499153
-0.02640220
0.03762300
-0.03979967
-0.05267144
0.01521620
-0.03286270
0.02443366
0.01494774
-0.00102090
0.03005684
-0.02217313
-0.04330960
-0.05485838
-0.02269888
-0.03831737
-0.05639464
-0.02382766
-0.05327362
-0.05277338
-0.02115276
-0.03161467
-0.05069062
0.03245108
-0.00376137
-0.01262266
0.00509518
0.00861420
-0.00920390
-0.00687720
0.01116143
0.00736440
0.03324951
-0.03114069
-0.03304017
-0.01871600
0.01360175
-0.00567570
0.01929400
-0.02724464
-0.02064005
0.01250214
-0.03773369
0.02433490
0.03572654
0.00783657
-0.00757074
-0.01833280
-0.03381311
-0.02767715
-0.04023078
-0.03369664
0.01534086
-0.01086402
-0.04998928
-0.02720133
-0.00082070
-0.02202180
-0.01351746
-0.01288391
0.01045688
-0.05609217
-0.02238891
-0.02974460
-0.03663163
0.03852342
0.03671233
-0.00091503
0.03819931
-0.03570710
-0.02215723
-0.01393870
-0.00421025
-0.00779316
-0.01953997
-0.02890556
-0.05650675
-0.01230692
0.03669399
-0.05426417
-0.01337189
0.01956203
0.01237090
-0.00622376
-0.02547383
-0.02660946
-0.03861380
-0.04900493
-0.07311252
0.03852416
-0.05516068
-0.05531385
-0.02639866
-0.05917996
-0.02266908
-0.03983868
-0.03982218
-0.01591499
-0.07507747
-0.03676146
0.04357617
-0.02679513
-0.01339123
-0.02691797
0.01046718
-0.02206543
0.02209247
-0.03505972
-0.02906194
-0.05402989
-0.00783284
0.03433835
-0.02794174
-0.03488851
-0.00483113
-0.01861745
-0.02068307
-0.04874682
-0.03855760
-0.05427677
0.00344358
-0.03470228
-0.02994367
0.00437606
-0.06273992
0.00575482
0.02764725
0.00986474
0.00102934
0.01605116
-0.00445834
-0.01942492
0.03536460
-0.05023497
0.03991493
0.03124054
0.04073135
-0.05156853
0.00617546
-0.01486581
-0.00750192
0.00658998
-0.00850317
-0.00995408
-0.05169365
-0.02949895
-0.00646263
0.01795009
-0.00900438
0.00763429
0.03573245
0.02704671
0.02383332
0.00019502
0.03834503
-0.02432909
-0.02321570
0.00544051
-0.00996422
0.00497404
0.04023949
0.01384869
-0.04809520
-0.04787724
0.01062975
-0.07168589
-0.02060724
-0.03152829
0.04067131
-0.02165117
-0.04540220
0.03205126
-0.02523881
-0.00791690
0.01396928
-0.03142198
0.00628999
-0.02104435
-0.03403341
-0.01277525
-0.04184662
-0.00048288
0.03312832
0.01349285
-0.03970284
0.02716777
0.01861468
-0.01013476
-0.04836261
-0.00696552
-0.00811152
-0.02843950
-0.02011495
0.02599139
-0.01516493
0.03977051
0.03603943
-0.04756602
-0.05117862
0.03858496
-0.00241068
-0.04995931
-0.06914833
0.01432957
0.01039916
0.02834157
-0.04235214
0.01072128
-0.03771975
0.00985866
-0.06184207
-0.04724638
0.01258618
-0.00716241
0.04145342
-0.05828339
-0.00857758
-0.00164742
0.00603925
-0.04233834
-0.03589743
-0.01486993
-0.07242082
-0.04137695
-0.05103731
-0.00119061
-0.07645793
0.01108520
-0.05853760
-0.07536466
-0.05720651
0.04052616
-0.01813719
-0.04638346
-0.06121786
-0.01826422
0.03349834
-0.00886289
-0.01467970
-0.06737410
-0.04653268
0.04097297
-0.03027502
0.03370126
0.00712917
-0.07427016
0.02065611
0.02947944
-0.01298066
-0.05433905
-0.01795619
0.00610454
0.02866397
-0.03021965
0.03846782
-0.02626612
-0.01777915
-0.04899880
0.04381469
-0.01286009
-0.02792613
-0.00288057
-0.00679685
-0.00848570
-0.04607435
-0.01238929
0.01221562
-0.05122108
-0.02194430
-0.02703769
0.00403585
-0.03945629
-0.04498359
0.01097518
0.02307337
-0.05394331
-0.03306177
-0.05121484
-0.03160077
0.02069564
-0.03649010
-0.01821882
-0.03651803
-0.08719703
-0.01006552
0.02755735
-0.02233391
0.00504604
0.05196431
0.06535128
0.03738520
-0.03597393
-0.06312190
0.00600972
0.05248676
0.06515034
0.00232922
0.01734409
0.06198883
0.08866511
0.08035392
0.00524390
-0.05945328
0.05322454
0.00534408
0.02472624
-0.07514589
-0.11064046
0.07105812
0.00506331
0.04397873
0.04743677
-0.03939192
-0.08141296
-0.08909305
-0.07825326
-0.08716889
-0.18868849
-0.02497694
-0.07892220
-0.10806409
0.01793905
0.07407486
-0.06307361
0.03819533
-0.09290593
0.07267324
0.12373943
0.00991862
0.07807900
-0.02170747
0.06833489
-0.00229296
-0.19004245
-0.15040812
-0.07730998
0.02287473
0.05112614
-0.11947359
0.03754465
0.02243587
0.05908959
0.18195252
-0.04955367
-0.03594122
-0.01125371
-0.01829123
-0.01639876
0.00048912
0.06637597
-0.01084967
-0.04436716
-0.07594891
-0.01061586
0.05322246
-0.00788572
-0.01108821
-0.03915912
-0.02592983
-0.04750632
0.01288501
0.02211723
0.04230135
-0.07409962
-0.03650860
-0.02834955
0.04523736
-0.08700734
0.04225978
-0.02028157
-0.04923465
-0.01710622
-0.06560639
-0.06780507
-0.02844090
0.00173113
-0.07283581
0.03781775
-0.01794332
0.06998666
0.01698117
0.04077787
0.02243894
-0.18822449
-0.09079421
-0.05474087
0.06058599
-0.01538611
-0.07133208
-0.04238978
0.04184919
0.02398517
0.02896757
-0.09034754
0.00481086
-0.01730805
0.07220394
0.01972733
-0.02089461
0.00051083
0.03851608
0.08944763
0.01881714
-0.00067390
0.00719380
0.00319676
0.02613642
-0.00104550
-0.06732564
-0.05596028
0.02508615
0.02725734
-0.16923954
-0.10663760
-0.10556644
-0.11599575
-0.08268542
-0.03027303
-0.02169633
-0.07166236
-0.00174165
-0.00721816
0.14402905
0.05457845
0.03195763
-0.00829653
-0.01055700
-0.04990579
0.06537326
0.07065157
0.08039150
-0.04503227
-0.12075720
-0.24476431
-0.20280814
-0.00087079
-0.01305208
0.10653712
-0.09623373
-0.00433504
-0.01549055
-0.03886788
-0.03993474
-0.08729001
0.02238644
-0.04888675
-0.10351271
-0.11536735
-0.10654597
-0.02220444
0.01200430
0.02714882
0.03507330
-0.02683557
0.00118866
0.00113722
0.04050639
0.01640464
-0.08729941
-0.00179283
-0.04638665
0.02118321
-0.02947189
-0.05885246
0.05255109
0.04516863
0.00614097
-0.02875365
0.05013719
0.00640083
0.03583018
-0.00029726
-0.03144678
-0.05366914
0.03272741
0.03205273
-0.04367781
-0.05208258
-0.05159853
0.01692877
0.00956794
-0.07276715
-0.09228284
0.14501166
0.07758884
0.06161622
-0.01431567
-0.16538179
0.04188997
-0.01389668
0.10128829
-0.01512634
-0.16106686
0.05850148
0.04619260
0.01788618
-0.05016731
-0.13527641
0.09047564
-0.03396701
-0.09833062
-0.09380310
-0.07750984
-0.04524442
-0.09318589
0.05239042
-0.05971438
-0.01592351
-0.07313917
-0.06674544
-0.02709663
0.10141703
0.03781152
-0.19678117
-0.03076367
0.08056270
0.12444187
0.04650454
-0.13414149
0.00857337
-0.14128855
0.06558584
-0.02680041
-0.14742942
-0.07530925
0.01935403
-0.00410617
0.02308741
-0.12067178
-0.02927075
0.04366568
0.09440269
0.01161921
-0.06977921
-0.11641093
-0.10109422
-0.00324398
-0.00728344
-0.01123591
0.02455924
-0.00203759
-0.03394167
0.05834588
0.05273930
-0.08925777
0.04974888
0.06020330
0.05482199
0.03617659
0.03019560
-0.05198120
-0.00273726
0.00819021
0.00942763
0.07191513
0.03835184
-0.05839851
-0.03584268
0.00439410
0.00509908
-0.09442794
-0.14699562
-0.19828005
0.04421838
-0.01791922
-0.10484863
-0.07021342
-0.03630120
0.05485877
-0.03894964
-0.09756928
0.05605806
-0.07434581
-0.00815883
-0.01588924
0.10361250
-0.00687284
-0.07644589
0.06961224
0.07143761
-0.03603278
-0.07508753
-0.19539560
-0.00939267
-0.04941355
0.01168799
0.17354523
0.05151095
0.09684935
0.03601762
-0.05790296
0.15306167
0.18676685
-0.05482136
-0.00755350
-0.07423845
0.03363020
0.10731708
-0.05345018
-0.01093773
-0.04539885
-0.07532658
-0.15576923
-0.02734605
-0.02065462
-0.00823784
0.06539403
0.08568377
-0.22330292
-0.29087666
-0.12815161
-0.06358755
0.12567717
-0.22822621
-0.09006860
-0.05620579
-0.02919644
0.19285902
-0.05915558
-0.05170136
-0.03682956
0.10251024
0.08276632
-0.01177555
-0.01225915
0.02663528
0.05710546
-0.02693348
0.02679665
-0.06754316
0.02261782
0.04605338
0.01617993
0.01023127
0.06993229
-0.13199949
-0.15089360
-0.23739192
-0.00828295
-0.00764278
-0.09049792
-0.09050588
-0.09663145
0.03201707
-0.01126224
-0.02671675
0.01971940
-0.03939221
0.01527289
-0.03761981
-0.07926014
-0.02375958
-0.09248130
0.00911019
0.00367265
-0.01217410
-0.06222360
-0.11667274
-0.00997909
-0.00874390
-0.17417920
-0.10624039
-0.03451505
0.04676327
0.00810187
-0.00052997
0.00296419
0.06356525
0.04619363
-0.03033513
0.05090952
0.01742619
0.02219044
0.17707214
-0.01308262
-0.00254251
0.03611607
0.04132810
0.02646426
0.01552012
-0.01324089
0.10699273
0.00216662
-0.07132767
-0.03255297
0.07528588
0.01646525
-0.00409236
-0.00468810
-0.08793586
-0.03335197
0.03079675
0.00304319
-0.02319449
-0.12765403
-0.06514803
0.09034314
-0.02585295
-0.03096841
0.02639947
0.06543800
0.07059139
0.04789562
0.02116018
0.06182988
0.01126649
-0.02387721
0.03972055
-0.04092884
0.12579136
0.16230214
0.08694909
0.17219974
-0.01299011
-0.05280562
-0.04340235
0.07135259
0.06210662
-0.15459730
-0.21789274
-0.02787435
-0.10774741
-0.00535354
-0.05082025
0.05752911
0.01176713
-0.12916520
-0.15826613
-0.02926375
0.01100730
0.02708174
-0.06688697
-0.07729132
-0.11697752
-0.02285066
0.00864072
0.00862034
-0.01437212
0.01033734
-0.02940686
0.00992360
-0.03523420
0.05132531
0.01028790
0.05747394
0.09161972
0.01234486
0.08971427
0.06017028
0.00482299
0.10995020
0.12596284
0.16565377
0.04854865
0.02299696
-0.04165350
-0.03093042
0.00247109
-0.12006947
0.01506767
0.10055040
0.09416997
-0.03637016
-0.13568030
-0.00719733
0.03270452
-0.02271633
0.04586640
-0.12767072
0.01267416
-0.02470228
-0.02997802
-0.02171310
-0.12889442
-0.01559301
-0.01975266
-0.06273045
-0.02540014
0.10339649
-0.00503711
0.08068403
0.05560523
-0.01602684
0.01085823
0.00715079
0.05101708
0.02092739
-0.03121030
-0.08271557
-0.07448260
0.00441987
0.05667076
-0.03528831
0.07168591
-0.06677303
0.02686392
-0.03318895
-0.05444133
0.11518840
0.05692765
0.11344492
0.08582278
0.07190184
0.06110838
0.02965206
0.04063916
-0.05427368
0.10822799
-0.06390080
-0.07371356
-0.06756816
0.00596180
0.05144978
-0.16982684
-0.08750086
-0.10229097
-0.03665040
0.06588306
-0.14584371
-0.11098222
-0.07420832
-0.11290346
-0.18769410
0.01598920
-0.01333288
0.10152285
-0.05683359
-0.04949006
0.05162428
0.11583065
0.02152797
0.08962075
0.16540778
-0.11354951
0.04322075
0.14169374
0.10228525
-0.08839649
-0.00499716
0.11277846
-0.09338649
-0.13123547
-0.10393875
0.03420407
-0.01534853
-0.11352288
-0.15743354
-0.06515881
0.16367078
0.03599263
-0.05084445
0.02508503
0.14020737
-0.02109045
-0.01960120
0.03673852
0.12783074
0.02014808
-0.16817191
-0.07471436
-0.00470133
0.04153199
0.08309581
-0.24315082
-0.14685768
-0.01740904
0.02263841
-0.09802207
-0.02083585
-0.13459828
-0.09103454
0.04837617
-0.06912232
0.02934130
-0.00449960
0.08755958
0.02507268
-0.02272950
0.08174207
0.04481937
0.03851749
0.01152424
-0.11359135
-0.04329906
-0.06225205
-0.06761560
0.02299934
-0.01460033
-0.15115181
-0.12475056
-0.08784028
0.03655344
0.02375655
-0.25265098
-0.20354646
-0.16975754
0.12104617
0.09492785
-0.00085686
-0.14055964
-0.05106423
0.07191757
-0.00182034
0.08633371
-0.01930117
-0.07557657
-0.04011445
-0.10311299
0.14003813
-0.01502869
-0.06167278
0.03410121
0.01897421
0.10620109
0.02944369
0.02034589
-0.01362932
0.10819644
0.07411086
0.00330831
0.00167284
0.10247695
0.06735156
-0.00883071
0.03756304
-0.05007224
-0.06595477
-0.06351485
0.04395110
0.10775176
0.06381403
-0.04149098
-0.03124563
-0.01001762
-0.06167316
0.07350627
0.07559931
0.05768577
-0.08563374
0.00822473
-0.00375244
-0.03993454
-0.06541520
-0.11017091
0.07282256
0.01370103
-0.09631663
-0.20225118
0.05846601
0.05614114
0.07501091
-0.07911655
0.08227299
0.08020073
0.09611822
0.10456321
0.04343323
0.08013030
-0.06706977
-0.13910881
-0.01779485
0.04555561
0.06399888
-0.06046816
-0.25749204
-0.03271931
-0.05488688
0.01226774
-0.01332970
-0.12233080
-0.03336111
-0.18412080
-0.09828107
0.01383256
0.00493925
0.02615299
-0.06622919
-0.14804688
0.10163350
-0.11458818
-0.06181901
-0.01780569
0.08561926
-0.03684115
0.02136042
-0.02802311
0.07525525
-0.12429056
-0.11368512
0.04041545
0.14038023
0.19008824
0.03715871
0.11824649
0.13799983
0.14621340
0.14447133
0.05270335
0.07751907
0.02144208
-0.08434858
-0.11860581
0.00945861
-0.03409246
-0.12531313
-0.17190073
-0.10179906
-0.07232155
0.07948779
0.05902020
-0.06711379
-0.17807260
-0.12389884
0.04658693
0.16030423
0.15420736
0.05286646
-0.18900710
0.01119058
0.07671080
0.06113067
0.00235231
0.09139425
-0.02131279
0.09518489
0.09031662
-0.06671557
0.09007627
0.01371922
-0.03698699
0.01131209
-0.00253040
0.12619630
-0.07775106
-0.04858059
0.03996352
0.05493657
0.05617767
-0.16992575
-0.10623263
0.06027814
0.04624343
0.04721768
-0.15963326
-0.10200661
-0.01638186
-0.13365558
-0.26276422
0.06322500
0.06161540
0.13091573
-0.05554298
-0.10576430
0.11248682
0.05175595
0.00013094
0.04231803
0.11416268
-0.11584699
-0.29444233
-0.04557838
0.00253794
0.03903604
-0.08983096
-0.18108720
-0.06353517
-0.12176833
-0.06235759
0.00129576
0.03894189
-0.00768904
0.00918157
-0.07567818
-0.11790120
0.15701115
0.18104719
0.06942993
0.08210198
-0.01044574
-0.04144981
0.08727818
0.13573380
0.19218220
-0.02190098
0.02612234
0.09894733
-0.03631478
0.15119199
0.09997517
0.10218456
0.04624515
-0.01782686
0.07542002
0.09160717
0.10224988
0.08035122
-0.08261327
0.03782545
-0.02925330
-0.05426914
-0.14832050
-0.03494570
0.04389746
-0.05440793
-0.02863721
0.00401504
-0.05519575
-0.07533399
-0.10796019
-0.11760796
-0.16919042
-0.16530886
-0.11322651
-0.02060834
-0.05012521
-0.14269581
-0.19305606
-0.07062860
0.00176337
0.01263179
-0.01789053
0.06691760
0.01589226
0.11594743
-0.00967097
-0.12963004
-0.00619386
0.01827891
0.02743861
0.15536065
-0.02147370
0.06205260
0.00658334
-0.05020071
0.05524350
0.09828776
0.12867859
0.11864437
0.03881843
-0.01909083
0.02987975
-0.03394480
0.08811126
0.04731679
0.00146407
-0.01041269
-0.08187952
-0.07362209
-0.02389362
0.00848614
-0.03463611
-0.05777756
-0.05134584
-0.02310319
0.04321337
0.03407658
-0.06226100
-0.02226452
-0.02341580
0.03569877
0.06555465
0.07477089
0.10387969
0.02583569
-0.00482606
0.00675290
-0.04069969
0.00736058
0.05932040
0.00661755
-0.02925678
-0.04600217
-0.23269084
0.08066014
0.04320564
-0.07548055
-0.11493121
-0.07889110
0.02408128
-0.02132971
-0.05455635
0.04201350
0.02998534
-0.00511251
-0.03953248
0.06252966
0.06485226
0.10317291
-0.00789450
-0.01167391
-0.02376674
0.04192600
0.07791033
0.00828079
0.04458283
-0.02667853
0.06417697
0.02229510
0.03809769
0.00258368
-0.09105042
-0.04444106
-0.02578839
0.04896782
0.03918940
-0.04950208
-0.02723724
-0.02917488
0.01561674
0.00141449
-0.08320976
0.00859490
-0.14680119
-0.01314595
-0.04362896
0.10586665
-0.02185986
-0.05508104
0.02099761
0.02623957
0.02605770
0.12208961
0.20295654
0.03731592
-0.07488298
-0.07727858
0.03388198
0.01836036
0.03537405
0.03351772
-0.07528761
-0.07422605
0.16377725
-0.17137687
-0.14875710
0.01654166
0.00868831
0.21266745
-0.07593177
0.03911705
-0.03426571
-0.09085874
0.14783233
0.05171651
0.11098348
-0.04824951
-0.09707559
-0.04396413
0.02846762
0.10493566
-0.09128279
-0.12998439
-0.15189549
0.02894180
0.06386837
-0.04151252
-0.01983636
-0.16284111
0.12067691
0.03821640
0.03224174
-0.04258272
0.06442965
0.06326436
0.09799816
0.02993443
-0.05270927
-0.09486357
0.03424057
-0.00705785
-0.06829482
-0.25935113
-0.08640972
-0.00081750
-0.01631381
-0.12252130
-0.11148969
0.06519149
-0.11193000
-0.12238127
-0.01438387
0.10105825
0.17021149
0.08404478
-0.00619751
0.01730015
-0.36054084
-0.02939502
-0.11540041
-0.03254827
0.03691245
-0.23269075
-0.14317197
-0.06572831
-0.11721569
0.03177040
-0.19164981
-0.04164422
-0.06922428
-0.07634585
-0.02487097
-0.09897376
0.03641097
0.07667295
-0.04328716
0.08429103
0.10829125
0.04390633
-0.30078757
-0.07947477
0.13093078
0.06071982
-0.03760237
-0.19461523
0.02459972
0.12358829
0.14942706
0.04192352
-0.02866732
0.02434677
-0.07299695
0.08299141
0.00484613
0.10383558
0.06104176
-0.07520299
-0.03254807
-0.04771560
0.09980431
0.09932838
-0.01938989
-0.05720648
-0.08691669
-0.02165404
-0.02345070
0.00456845
-0.02549340
0.08054704
0.06788100
0.01474895
0.05592880
-0.03021489
-0.00943600
0.04345723
-0.00344587
0.05479765
-0.00494422
-0.08452430
0.07298766
-0.02513357
-0.04541246
0.00729787
-0.06118034
0.05020638
0.04002550
0.01674642
0.02265351
-0.01461341
-0.07577330
0.11925618
-0.04399134
-0.12619925
-0.29479206
0.03211288
0.06834361
0.07169981
0.03154460
-0.06047869
0.11199415
0.02087176
0.00885168
0.04892697
0.08690770
-0.05260387
0.01759386
0.00744078
-0.02211711
-0.00508844
-0.04490508
0.01832201
-0.10088035
0.10687156
-0.01141437
-0.06769707
0.04362292
0.07267234
0.20102188
0.14792141
-0.06679840
-0.06667215
0.06466787
0.23922195
0.16821703
-0.09449208
-0.02087608
-0.05420769
0.03959847
0.14877994
0.00627641
0.00477076
0.03557606
-0.05533096
-0.00069474
0.04435131
0.11923166
0.07494449
0.00296522
-0.12242556
-0.18831943
-0.06266598
0.06316169
0.07711796
0.08054970
-0.07435170
0.03152892
0.04372672
0.05769790
0.21901330
0.01102712
-0.01791278
0.06545550
0.12266579
0.11863211
-0.01652253
0.01715083
0.01746824
-0.00984539
0.02877572
-0.03946906
0.00472663
0.01581835
-0.04181550
-0.12565716
0.05934329
0.06632577
-0.16762866
-0.16471170
-0.18907827
0.01087153
0.03710784
-0.08936579
0.04784102
-0.03180857
0.06531949
0.04853775
0.00750027
0.12797257
0.10620034
-0.07293453
-0.04490500
-0.07685176
0.11657786
-0.02178862
-0.01322553
-0.02884560
-0.06962205
-0.08847988
0.03070410
-0.08327053
-0.00789389
-0.19016778
-0.09604947
-0.03958451
-0.08310857
0.05132361
0.08539286
-0.00607451
0.07848734
0.08374508
0.10662057
0.04131245
-0.00284070
-0.02419305
0.16901188
0.04614254
0.07843190
-0.02510822
-0.05527620
-0.04221412
-0.06339324
0.02697776
0.00030452
-0.11025609
0.08005432
0.04279612
-0.01050822
0.00236656
0.00394174
-0.04748050
-0.03982651
0.05122330
0.05781851
0.04207737
-0.13298115
-0.03706380
0.00225992
0.11571963
-0.03482506
-0.00162311
-0.03973752
0.02503793
0.07483768
-0.01724707
-0.03740019
-0.02106642
0.09799206
0.14721516
0.03406790
-0.00826706
0.03738761
0.15970595
0.14318427
0.05303555
0.06319593
0.04130520
-0.01975801
0.06976811
0.06442675
-0.04124751
-0.04763300
-0.02017679
-0.02832820
-0.05388754
-0.03238639
-0.06937955
0.08955057
-0.05018756
-0.11348615
-0.09448302
-0.07504817
0.00228195
-0.05808619
-0.13246168
0.01567337
0.09370795
0.01203794
0.00453314
-0.10095395
0.05644673
0.09313469
0.03279090
-0.02229692
0.12156610
-0.08332834
-0.05301922
0.02391519
0.04302336
0.08934201
-0.05348675
-0.01384294
0.05890663
0.03790641
0.08324669
-0.06938775
-0.03653160
-0.01250628
-0.01888831
0.07511953
0.00391969
0.02256567
0.02469343
-0.00179677
0.05474769
0.02566210
-0.01591312
0.00350063
0.00243597
0.09577385
-0.05963634
-0.04955955
0.05931596
0.06895047
0.01162001
-0.06592956
0.04100156
0.02787318
0.00661144
-0.02554075
-0.05603250
-0.15483345
-0.04694261
-0.02657487
0.06492440
0.00477423
0.02463989
-0.01751979
-0.00291191
0.04731825
0.05605858
0.00474236
0.07466660
0.06751657
-0.02123905
0.04526083
0.03644628
0.04111479
0.05756333
0.03414819
0.02342356
0.01355343
-0.03021686
0.03439103
-0.01908030
-0.11415488
-0.05197299
0.00573894
0.00150416
0.07640973
0.03520554
0.00285977
0.01998349
0.11998185
0.08332151
-0.01960867
0.00393592
-0.00696198
0.05443354
-0.02362882
-0.09742873
-0.08662882
-0.03636019
-0.00137051
-0.15173179
-0.10639513
-0.03483947
0.06614043
-0.11447591
-0.04167133
-0.04901698
0.04595678
0.05075804
0.01734365
-0.05922452
0.04774215
-0.00618181
0.07222461
0.07271319
-0.11746162
0.03243119
0.01323701
-0.04652282
-0.04353118
-0.09386125
-0.03629656
-0.07962375
-0.05211506
-0.03405120
0.07432374
0.09893373
-0.00042552
0.04054530
0.04136435
0.11604905
-0.04550031
-0.11242866
-0.00410053
-0.00519667
0.00676016
-0.06924739
-0.14753035
-0.08978599
-0.03019847
0.00922042
-0.15673830
-0.22130804
-0.07568302
0.06947795
0.11725451
-0.09835308
-0.05260286
0.00571002
0.00612914
-0.04236105
-0.02127479
-0.07110419
-0.07310889
-0.07486790
-0.01844661
0.00976911
-0.00515786
-0.01377261
-0.02963460
0.00530551
-0.09720651
0.04440366
-0.05910511
0.02950012
0.03145017
-0.00718187
-0.05968823
-0.08326493
0.05071321
-0.01094401
-0.14614929
-0.10522032
-0.02610325
0.02972030
-0.04908695
0.11399775
0.01035886
0.03071206
-0.01389633
0.00683926
0.15628678
-0.01077702
0.02530414
-0.00895844
-0.02303220
0.22684392
0.08977985
-0.00928098
0.06940798
-0.01928148
0.16502792
0.01517371
0.03698840
0.00854449
0.01719329
0.14904954
-0.02740873
0.02414923
0.04097297
-0.01800557
-0.01558673
-0.07418321
-0.02775660
-0.01493789
0.00391488
0.00149580
0.04511689
-0.01138650
0.01054949
-0.00563263
-0.00421305
-0.01554665
0.01468039
0.04274464
-0.03910439
-0.06411801
-0.04398001
0.01667235
0.04908744
0.01108747
-0.00003373
0.05894464
0.12315268
0.12548272
0.01691987
0.01680164
0.13100278
0.05760400
-0.02269750
0.03835526
-0.06922724
-0.03678472
-0.04475123
-0.02183156
-0.00919081
0.04758232
-0.03842679
0.03596573
0.01664138
0.07594643
-0.09847081
-0.20489728
0.02348348
-0.02763067
-0.06545432
-0.17593075
-0.10953089
-0.06126618
-0.01121041
-0.15577762
0.00673712
-0.07894734
0.03092873
-0.15299547
-0.15009694
0.00402149
0.03885610
0.01681342
0.08045596
-0.08312780
0.00468085
0.01984135
0.08760933
0.21493718
0.04966184
0.06202209
0.04176650
0.07367377
0.04485776
-0.05011456
0.11086304
0.10198585
-0.03709194
0.05034035
-0.04180649
0.00583492
0.07441664
-0.06582089
0.01706704
0.10069684
0.02300111
-0.03713617
-0.00108885
0.03764449
0.10009987
0.24930027
0.27748835
0.14920263
0.09551382
-0.04872477
0.07110301
0.19007772
0.16102858
0.09184858
-0.13992959
-0.01934572
0.00302015
-0.06215343
-0.06737820
0.00429740
-0.08812227
0.01054276
0.03944870
-0.13148692
0.17408243
0.08896138
0.01202373
0.01568460
0.00541040
0.11568159
-0.02079494
-0.08699018
0.04418932
0.10003825
0.05524117
-0.08545665
-0.09371416
0.05822394
-0.02034473
-0.04363286
-0.13781570
-0.07806383
0.02143452
0.01518760
-0.03381648
0.03324804
0.01114870
0.10505889
0.07955030
-0.13867213
0.09068171
0.05386156
0.07306103
0.09791841
-0.06441353
-0.00571181
-0.13210304
-0.01070508
-0.04718873
-0.09339240
-0.03701776
-0.04432497
0.06554230
-0.00588772
-0.04346436
-0.14468482
-0.13252003
0.00622193
-0.11701072
-0.06626472
-0.10254859
-0.00830687
-0.00143391
-0.00302612
-0.02193066
0.03552518
0.01311457
0.03345463
0.09598986
0.01113987
0.03956648
-0.05735810
-0.02349398
0.03399460
-0.01957373
-0.12125403
-0.02459975
-0.01344910
0.02063572
-0.04274973
-0.03997337
-0.01590479
-0.02234776
-0.08563261
0.00300129
0.01127496
-0.05002094
-0.04791757
0.03079944
0.01026794
0.01193003
0.03653683
0.07559217
-0.04277310
-0.00963326
-0.08330027
-0.04863995
-0.01184974
-0.03818462
-0.04134752
-0.00524278
-0.03738703
-0.00120572
0.04880543
0.07220668
0.02076390
0.08154947
0.13730361
-0.05607326
0.06159753
-0.02241894
0.02801766
0.01473591
-0.04184512
0.05840292
0.03182441
-0.00437159
-0.01249668
-0.03522616
0.03853613
-0.01201023
0.03777075
0.01249768
0.00397251
0.01735494
0.05297555
0.07747044
-0.06717141
0.04950768
-0.11324476
-0.02940885
-0.02856622
0.06362370
0.10615959
-0.06006341
-0.00908483
0.02058459
-0.00911686
-0.08272693
-0.29283127
0.03234502
0.07877948
-0.01551612
-0.17083849
-0.20587048
-0.00478640
-0.01033021
0.02020117
0.00079561
0.00976700
0.02210330
0.00502360
-0.05601285
0.00746166
0.06123188
-0.00044114
-0.03215555
0.10524461
0.15283017
0.18038775
-0.10038055
0.00889647
0.12831031
0.11664792
0.05327485
-0.03991968
-0.00159225
-0.03517428
-0.05004723
-0.01251732
0.02235609
0.00620875
-0.01949002
0.01198163
-0.03186016
-0.07153034
0.06089143
0.06408702
0.06372159
-0.05171179
0.02779032
0.02907230
0.12306153
0.07808945
-0.05866670
0.06761095
-0.03732672
0.02256252
-0.02490014
-0.09642181
-0.05563561
0.04530680
-0.01856943
-0.05826434
-0.04913658
0.07125148
0.10197330
0.09453308
0.06708912
0.16830967
0.12639405
0.11491252
0.10018785
0.00876862
0.00378404
0.04546697
0.11878358
0.09051637
0.00862379
-0.14340882
-0.02668399
0.09505244
-0.05825107
-0.11821105
-0.00418983
-0.02543171
-0.00867023
0.00945515
-0.11029334
-0.14314643
0.06561065
0.02709946
0.03949288
-0.06511098
-0.09095416
-0.06236907
-0.04111832
0.05911800
0.05204525
-0.04269727
-0.09307303
0.01051279
0.04123543
0.19671272
0.12900087
-0.02398585
-0.00453154
0.00148923
0.04771865
-0.03423567
0.11508854
0.01162810
0.03061317
-0.06001849
-0.06414879
0.04140659
-0.02848836
-0.00362921
-0.01952345
0.02171301
-0.05726837
-0.11690459
-0.05789987
0.02971559
0.03335026
-0.12899719
-0.03541068
0.00786544
0.12912321
-0.07065446
-0.04962977
-0.00501203
0.03316316
-0.09724350
-0.12805122
0.02856517
0.03003514
-0.11145383
-0.09619562
-0.05314088
0.07124433
-0.03153408
-0.04713706
0.00610637
0.10034119
0.06234007
-0.09526570
-0.09838802
0.03918498
0.06301223
-0.08873356
0.01110839
-0.03001072
-0.02860553
-0.05781546
0.03684929
0.07760009
0.03251488
-0.00768976
0.02579332
0.03005267
0.03420166
0.01073424
0.00237677
-0.06679991
-0.09620415
-0.00345584
-0.04151788
-0.04169163
-0.00038568
-0.06226838
-0.13480145
-0.07300222
-0.08340460
-0.04521875
-0.02421745
-0.16517840
-0.02068363
-0.02756591
0.04264611
-0.08552118
-0.15930767
0.04367416
0.10879782
-0.03733987
-0.14356917
-0.25252470
-0.06618656
0.01039040
0.05438152
0.00739146
0.01460693
-0.02184214
-0.02116321
0.06997250
-0.05498095
-0.07544202
-0.10410919
-0.03448696
0.11124709
-0.02181469
0.02443731
-0.03781346
-0.02325453
0.13870572
-0.12849005
0.00761616
0.00084868
0.02695536
0.07786696
0.02401313
-0.02426892
0.00084073
0.00936752
-0.07155825
0.08433688
0.00358232
-0.04061461
-0.01522169
0.07936320
0.02796275
0.07494244
0.06196148
-0.03252030
-0.07372215
-0.02997647
0.22084402
0.20737384
-0.04497521
-0.04614178
0.02448249
0.10016479
0.01170238
-0.02189096
0.09365973
0.06967256
-0.01092032
0.02107840
-0.05547494
-0.13729845
-0.02408182
-0.12502840
0.03606809
-0.03350055
-0.05430597
-0.02100611
0.06890375
0.06075734
-0.22204247
-0.17306899
-0.06497575
-0.00495969
-0.06228169
-0.06661092
-0.12710401
-0.04612657
-0.00882232
0.03371704
0.11489960
0.06075346
-0.20952073
-0.21712744
-0.05578868
0.11904725
0.05536558
0.05417535
0.00720260
-0.00272414
0.03453927
0.05701847
0.05689462
0.04755107
-0.03201700
-0.02239265
-0.07197154
0.07446711
-0.01650078
-0.08572469
-0.11415380
-0.06163789
-0.02146555
-0.00524193
0.00794989
0.08453903
0.15358509
-0.05013241
-0.15086210
-0.08474206
0.05557207
-0.16261087
-0.00375465
-0.04831446
0.02502288
0.06664297
0.08564705
0.08210161
0.01576669
0.02550514
-0.06259176
-0.16446471
-0.03836131
0.06190101
0.03515389
-0.08593258
0.04316757
0.02168515
0.07477585
-0.00883095
-0.12327655
0.02183467
0.01424078
0.02674217
-0.00934561
-0.09831000
-0.19444895
0.04064789
0.02234099
0.05090167
0.07163474
0.09436861
0.03555455
0.00121941
0.02083580
-0.06367218
-0.04050767
0.01532926
0.03816232
0.01163281
-0.03671418
0.00979046
-0.09283786
-0.07354798
-0.04077645
0.04591204
0.00299399
0.16051202
0.09135168
-0.01307681
0.00824989
-0.13583671
-0.11368246
-0.08312158
-0.05270413
-0.05070380
0.00801573
-0.00730721
0.05942807
-0.05427512
0.02836147
0.00047707
0.09341358
0.01407339
-0.02710410
-0.05565001
-0.01265794
-0.03086084
0.04596644
0.01342395
-0.00617341
-0.00324182
-0.01014390
0.04333518
-0.00928992
-0.01653570
0.05137215
-0.00943082
-0.09536495
-0.06611127
-0.11774132
0.03673799
-0.10887676
-0.15533826
0.04375335
0.04805961
0.02631293
0.08877992
0.07423583
0.02047575
0.01645647
0.05421423
0.18305813
0.14238290
0.06199071
-0.01635968
-0.04470756
-0.00920696
0.03640428
-0.00192880
-0.04572139
0.13556394
-0.06662824
0.00928029
-0.01224102
0.06032264
0.11342831
0.18166582
0.14414690
-0.02619076
-0.02048196
-0.10440888
0.16890256
0.05736832
0.03971036
-0.01417383
-0.10157749
-0.00038443
0.06932835
0.02267242
-0.01271917
-0.08989617
0.03519246
0.10695242
0.06598049
-0.08235384
-0.03765989
-0.09720074
-0.05816713
-0.01755194
-0.05506711
0.04296869
0.07805253
0.04614669
0.02157409
0.06430680
-0.02264882
0.08562573
0.12017513
-0.02233180
-0.04892604
0.19531257
0.11451253
0.01235334
-0.01186130
0.04269756
0.02601855
0.05805158
-0.05506525
-0.00493078
-0.04338308
-0.00437786
-0.04394824
-0.05297849
0.02273364
0.01041391
0.00216546
-0.01627365
0.02421578
0.06174389
0.05188476
0.01188277
0.18070325
0.06252183
0.04306806
0.02881806
0.02234064
-0.01718548
0.04496668
-0.00357814
-0.03869830
-0.05727928
-0.13121504
-0.01078449
0.01307464
0.06391877
0.03672997
-0.03734123
0.01490579
0.00497909
-0.09759499
0.15465672
0.05029717
0.04174976
-0.02020346
0.01259288
0.14920378
0.17634954
0.12724975
0.05100935
0.04311084
-0.06190932
0.02272424
0.09354549
-0.03633484
-0.03350558
-0.01369680
0.00315420
0.00306718
-0.01546124
0.00965849
-0.11075572
-0.04518319
-0.03468253
-0.13294952
-0.11752735
-0.01157202
-0.01481736
-0.05637655
0.02478248
0.08320896
0.00790453
0.19040199
0.07927542
0.04591821
0.13523540
0.09462939
-0.03678791
-0.02999185
-0.02096853
-0.02460412
-0.02329188
0.00093112
0.09641661
0.14095028
0.03292984
0.08191811
0.03390759
0.10631734
0.04163444
-0.04948395
0.03161874
0.13986966
0.05797338
0.02074799
-0.08313613
0.01400783
0.16234694
0.08087128
-0.04078422
-0.04003111
0.06313909
0.12146357
0.11333162
0.13052087
0.03440416
-0.04141225
-0.01526123
-0.03746825
-0.06600439
-0.05334843
-0.09992707
-0.00284920
-0.02967422
-0.01137311
-0.05907617
0.00880053
0.08976874
0.07553047
-0.06982376
0.03561619
0.05977645
-0.14097756
0.05667888
-0.00967304
-0.03705852
0.04543284
-0.11011830
0.03458814
0.02826049
0.04701308
-0.02952857
-0.04150547
-0.03832746
-0.05316685
-0.02782688
-0.07664825
-0.21084847
-0.21464239
-0.17796093
-0.17231868
-0.01870042
-0.26466349
-0.20697990
-0.07878475
-0.04644319
-0.02671767
-0.09936762
-0.07951142
0.03723660
-0.08253139
0.03930950
-0.04139362
-0.07197285
0.05358098
-0.03725065
-0.02290846
-0.06183928
-0.20442852
-0.12795408
-0.02011579
0.04058992
-0.07454447
0.00936346
-0.01614968
0.01312634
0.12460669
0.03716327
0.09331600
0.03261252
0.02247020
-0.04173138
0.09128640
0.02000450
-0.00276737
-0.10767241
0.17875618
-0.08227063
0.02145962
0.03661260
0.06806432
0.01317232
0.00004609
0.01298477
-0.02941910
-0.06643067
0.00715047
-0.10411657
-0.08046758
-0.04823752
-0.00132658
0.01089683
0.02702721
0.03747090
0.10133603
-0.02176788
0.12777549
0.10924642
0.10058916
0.18497407
-0.03730999
-0.02572532
0.10788006
0.03640296
0.02093570
0.00597809
0.08238333
0.03644169
0.01119915
0.07952246
-0.06229511
-0.02604176
0.05035273
-0.03312808
-0.14016305
-0.26557398
-0.18892583
-0.10616472
-0.10254653
-0.14080440
-0.19956827
-0.10535461
-0.15373619
-0.01441862
0.03833116
-0.07599838
-0.10111277
-0.01169362
-0.05645455
0.06089762
-0.08999090
0.05362876
-0.09885398
-0.14689793
-0.02530196
0.03846548
-0.02524723
-0.06099529
-0.20675780
-0.01237924
-0.02075526
0.00479160
-0.10290322
-0.13534246
-0.08910830
-0.02611222
-0.15235388
-0.04884121
-0.05069521
0.07140884
-0.03942910
-0.04369210
0.00801812
-0.03590899
-0.09817585
0.05604697
0.13631816
0.01023873
-0.03401031
-0.11306852
-0.02377142
-0.05369183
-0.00736553
-0.11306585
-0.04483711
-0.08667141
0.13180564
-0.00823995
0.00524965
-0.14400834
-0.08340660
0.11080547
0.09312076
0.14081015
0.04118291
-0.03496421
0.01910010
0.11564659
0.12005167
-0.01539336
-0.11131698
0.03390160
0.06846456
0.02494675
0.02567041
-0.08759677
0.08480681
0.08846451
-0.00887480
0.02950882
0.03701784
0.09551291
0.08280112
0.02268390
-0.06226688
-0.02626761
-0.04675709
0.05329057
0.19483966
0.07621863
0.00774663
0.01041843
0.02631122
0.03855075
0.00650133
0.01122461
0.06469893
0.16104302
0.15712602
-0.03408568
-0.08459794
-0.06186818
-0.04921633
0.02576955
-0.04210776
-0.01428211
-0.02336441
-0.02841814
-0.01332581
-0.05269916
-0.01927593
0.03744850
0.01911992
0.03139060
0.00769567
-0.01899620
0.04022920
-0.04956080
-0.05450149
-0.01196548
-0.04633575
-0.04332058
0.03981258
0.01514512
0.01396206
-0.03184575
-0.04700494
0.00309733
0.02709307
-0.01311901
0.03478820
0.00214790
-0.05506172
-0.05616028
-0.01605003
-0.03593808
-0.04556515
-0.00955300
-0.00620171
-0.01027699
0.00396956
-0.05543302
-0.02773725
-0.03685753
0.03117934
0.01655229
-0.00375635
-0.01664788
-0.05387743
0.03095140
-0.05476626
0.02585193
0.02253294
-0.01115714
0.01358084
0.01115778
0.01706289
-0.03137322
-0.02839941
-0.04524916
-0.00676809
0.00834973
-0.03198265
-0.03476482
-0.01980710
0.01349177
0.03319877
0.00071632
-0.02132294
-0.02083174
0.03126050
0.01285291
0.01082019
0.02452835
-0.04503728
0.02348187
0.01071978
-0.02124142
-0.05810820
0.00655108
-0.00570511
0.03123247
-0.04352681
0.03861161
-0.03452382
-0.01765903
0.03202902
-0.02875520
0.03408246
-0.00145380
-0.05164929
-0.02815312
-0.02992748
-0.03765052
-0.00842640
0.01207108
-0.02231932
-0.04731732
-0.04481763
-0.04545978
0.01003858
0.00683454
0.00312676
0.00453476
0.03093166
-0.04439025
-0.02378689
0.00967588
-0.03049164
-0.05267834
0.03402703
-0.00221460
-0.03314551
-0.03219443
-0.04859817
-0.02599082
-0.04556031
0.01408045
0.01095361
0.02725960
0.00910895
0.00310976
-0.05377988
-0.00138093
-0.03351748
0.02785653
-0.04146789
-0.06278501
-0.03666396
-0.04938112
-0.01964073
-0.05621105
-0.04753548
0.01128785
-0.04546317
-0.01464846
0.04173834
0.01570939
-0.04110960
0.02793448
-0.03136374
-0.00666058
-0.01012349
-0.02811163
-0.03220274
-0.01442451
-0.03891446
-0.04210272
-0.00414815
0.01479811
-0.01131851
-0.02267513
-0.02381167
-0.04012543
-0.02011749
0.02074616
0.02846854
0.02401211
0.04144472
-0.04603943
0.02209154
-0.05134694
-0.01991255
-0.01274222
0.00443663
-0.05021310
-0.05702993
-0.00466755
0.03462104
-0.05129415
-0.03535103
0.02838411
0.00329408
0.03863640
-0.01379858
-0.02491220
-0.05480387
0.00281900
-0.02258934
-0.04918327
0.01070159
-0.04597985
0.00725221
0.03732806
0.00348235
-0.04301028
-0.01399961
0.01195413
-0.01982490
0.00011835
0.00091824
-0.00505440
-0.03954848
0.00112880
-0.00494785
-0.03026555
0.01781566
-0.01786020
0.00710771
-0.03768690
-0.00772835
-0.00358351
-0.05247080
-0.03695710
-0.00030685
-0.05695080
-0.00625691
-0.05399027
0.03595120
0.00836501
-0.04742677
-0.05930510
-0.03339368
-0.00233292
-0.02415955
-0.04018445
-0.07151596
-0.00878968
-0.00223985
-0.02421374
0.01274607
-0.04170495
-0.03006906
0.00765123
0.02921004
0.00815916
0.02351381
-0.03661361
-0.03500613
-0.01719133
-0.01089739
-0.03540988
-0.00450607
-0.05626497
-0.05781669
-0.05648252
0.01949080
-0.02237410
0.01995804
-0.02197082
-0.03798076
-0.04482470
0.01325463
0.01706272
0.01037016
-0.01976274
-0.01170746
0.01758027
-0.02626037
0.03121084
-0.02284280
0.02656999
0.01988389
0.01350633
-0.03336917
0.00859490
0.02079985
0.00497919
0.03191568
0.01063272
0.01823042
0.02140295
0.03285562
-0.03905437
0.03525737
-0.03758178
-0.04936188
-0.00507489
-0.02774149
0.02681963
0.04124819
-0.02193397
-0.04613617
0.00253087
-0.00409483
0.02337760
0.00683088
-0.02328190
0.01993791
-0.01773925
0.02399595
0.02819964
-0.03730488
-0.00381697
0.00943262
0.00377765
-0.01116721
-0.01614237
0.00044854
0.02291567
-0.00760478
-0.01959639
-0.01720791
0.01093288
-0.06151426
-0.01681857
0.03014143
-0.00892235
0.01657076
0.02325321
0.02308376
0.00582770
0.02759989
0.00087436
0.03387688
-0.00210229
0.00365208
-0.00161196
0.01635359
-0.04389543
-0.00506291
0.04861777
-0.00545396
-0.03466611
-0.06475069
0.03263129
-0.06207957
-0.03060805
-0.01809544
-0.03605381
0.00882442
0.02168786
-0.02042174
0.01852589
0.02991912
-0.05562417
0.02770908
-0.03104534
-0.05099240
0.00929296
-0.04016764
0.01968017
0.00530567
0.00592246
-0.01078101
-0.02589084
-0.04041239
-0.05236997
-0.05943325
-0.05629821
-0.01445443
-0.01443424
-0.02618957
-0.04375846
-0.05304345
-0.03586377
-0.06057035
0.01877001
0.02027918
-0.04280320
-0.02634076
-0.01833913
-0.05719081
-0.00460208
0.00554985
0.00473900
-0.02762919
-0.05377211
0.02164689
0.02026730
-0.03797863
-0.04700015
-0.00341314
-0.05824919
0.00948304
-0.00635886
-0.02671872
-0.02179063
-0.06964287
-0.00996761
-0.01274350
-0.05283663
-0.02183864
0.03015193
-0.06439627
-0.01277680
0.00095910
0.02579395
0.01991540
-0.02268021
0.02210646
-0.00606871
-0.02436366
-0.03832970
0.03780389
-0.02167032
0.00836063
-0.03649119
-0.02844764
0.02566891
-0.01456024
-0.01273608
-0.00120166
-0.02333466
-0.00099470
-0.01279113
-0.04040838
-0.04727650
-0.00649863
0.02133497
-0.02923691
0.01926563
-0.01068154
0.00343263
-0.05599858
-0.04686132
-0.00250645
0.01379429
-0.00817619
0.03556095
0.02959997
-0.00864293
0.02514631
-0.02368687
-0.05294107
0.02479766
-0.00560301
-0.01720533
0.04396982
-0.00308259
-0.03037525
-0.01218151
-0.04432000
-0.05213975
0.03141936
-0.00988550
-0.00878011
0.03858459
0.00906511
-0.05381604
-0.01675922
-0.00998474
-0.04760797
-0.00857900
0.02308156
-0.01938811
-0.02797935
0.00578891
-0.00699502
-0.01005033
-0.00870285
-0.03107545
0.00786925
-0.05596392
-0.02025066
-0.04851618
0.02753636
0.02313403
-0.00132555
0.02108475
-0.05320409
-0.00961169
0.00006043
0.02055384
-0.00044111
0.02271296
-0.00743968
0.01453950
-0.05488792
-0.00083050
-0.01432471
-0.02014284
-0.03918990
-0.00174145
-0.02080462
-0.02579626
0.01158502
-0.00441081
0.02479164
-0.00431871
-0.00204678
-0.04381277
-0.03306447
-0.04997684
0.03870178
-0.05128495
0.01747895
0.02870778
-0.06227168
-0.03945149
-0.05103946
-0.02567342
-0.05010347
0.00504880
0.03149091
-0.00858012
-0.02997890
-0.04207885
0.00018649
0.04345564
-0.06386632
-0.03833485
0.03283658
-0.04840268
0.02421754
0.02407531
-0.04670047
0.03307140
-0.00981777
0.02449853
0.01924176
-0.03750355
0.01638963
-0.00711250
-0.02711884
-0.02767822
-0.05013309
-0.01800465
-0.02452776
0.00582030
0.01597056
-0.04724658
-0.02851214
0.02366584
0.01806025
-0.06121048
-0.04550523
-0.01787039
-0.05936091
-0.02880333
-0.02011022
0.02832550
0.01646565
-0.03615004
0.01829811
-0.05886235
0.00870027
-0.06444623
-0.00277726
-0.04020281
0.02434037
0.04303189
-0.01266014
0.01194753
-0.01224116
0.00911738
0.03151715
-0.01029058
0.03042286
-0.00903917
0.02849394
0.04764441
-0.02561289
-0.02600410
0.01177876
-0.04357223
-0.03841287
0.01529334
-0.02518611
0.02520660
-0.03456059
0.00066638
-0.05555690
-0.02397330
-0.01059552
0.03011569
-0.02384679
0.00059090
0.03327676
-0.00894604
0.00566101
0.01810712
0.02532617
-0.02236459
0.03227846
0.03259318
-0.02049436
-0.00110676
0.01719502
-0.00687589
-0.05632868
0.03975474
-0.01538156
-0.04508597
0.02646794
-0.05619465
-0.03979467
-0.02060991
-0.00197760
0.01559269
-0.04778863
-0.03002739
-0.03222484
-0.04862905
0.01120786
-0.02768201
0.02051183
-0.01440793
-0.06199386
-0.00526368
-0.05252355
-0.01197677
0.01367052
-0.00805367
-0.02061523
-0.01486296
-0.06209741
-0.05101952
-0.00015833
-0.01275062
-0.01268075
-0.04054170
0.01317443
0.00741018
-0.00631655
-0.02148973
-0.05272984
-0.03070953
0.02045032
-0.01599689
-0.02420577
-0.05358959
-0.03024367
0.00746558
0.03246996
-0.02357437
-0.01273422
0.00814160
-0.01461999
-0.04812879
0.01847510
0.00117562
-0.04428001
0.02043928
-0.02340134
-0.01342128
0.01516242
0.02325811
-0.02559608
-0.02998816
-0.04288794
-0.01977034
-0.04943722
0.00272978
-0.04017779
-0.01204132
-0.01977530
0.02012138
-0.01791687
0.00127815
-0.03722314
-0.04638000
-0.04990145
-0.03261083
-0.03974166
-0.03120262
0.01589278
-0.03728671
-0.02037459
0.00126149
-0.00436131
0.00721332
0.00575032
-0.06804813
0.01253514
-0.02553517
0.01690965
0.03258618
-0.00723852
0.03401954
0.01301645
-0.00077147
0.00701765
0.01105296
0.02879922
-0.06497734
0.00898771
0.01732678
-0.01374138
-0.00746703
0.02035514
0.04949939
0.02578072
-0.03420161
0.01896222
-0.03642073
0.01920361
-0.04559771
-0.03986067
-0.02415468
0.02019776
-0.04452485
-0.04395039
-0.03567744
-0.01814871
-0.00848412
-0.04790412
-0.02402274
0.01081019
-0.02797869
-0.04657026
0.01917097
0.04393911
0.00944865
-0.02652475
0.04439551
-0.00929781
0.03879062
-0.00689939
-0.00130413
-0.01414102
-0.04214557
-0.02855649
-0.00663687
0.04883167
0.02257656
-0.00411671
0.00069961
0.01292639
-0.05494333
0.02284259
0.02944707
-0.05271727
-0.05145666
0.05439937
0.02964221
0.05544209
0.03099868
0.00355400
-0.02791969
-0.00062706
-0.02401714
-0.01822466
0.00413673
-0.02079102
-0.01174855
0.03986398
-0.05243328
0.01517681
-0.00018916
-0.05256861
0.02395385
-0.03071984
0.01522365
-0.05615751
0.02567332
-0.01570230
0.00606721
-0.05356904
0.02819717
-0.02146078
0.02655066
0.02824084
-0.04169652
-0.02727673
-0.04926288
0.00391450
-0.03516304
-0.01346685
0.02759103
0.02101127
0.02865730
-0.06468495
-0.02452676
-0.05782364
0.02160921
-0.00575930
0.03561200
0.02957873
-0.00971120
-0.02271740
-0.03570788
-0.00745946
-0.05156170
-0.05793051
-0.05535243
-0.02097817
-0.05447316
0.03642619
-0.03064428
-0.01649499
-0.05038811
-0.02117647
-0.03241801
0.02256772
-0.03173502
0.02244101
0.02784335
-0.02359579
-0.06495603
0.01431997
-0.03033127
-0.03087455
0.03571472
-0.04646362
0.00841282
0.01616676
-0.02928632
0.00297380
0.00537075
-0.01735738
0.02362271
0.00040508
-0.00864231
0.00403374
-0.04628706
-0.01248410
-0.00739301
-0.02219408
-0.00431697
-0.01342178
-0.00537886
-0.07512364
-0.02548769
0.05303634
0.06939683
0.05023971
-0.00582431
-0.03186165
-0.01501513
-0.01166719
-0.00457202
-0.00960321
0.00742226
0.01618902
-0.07474364
-0.04714233
0.00958794
-0.07036489
-0.07400413
-0.01550106
0.06552712
0.11548065
-0.03181972
-0.03585957
-0.13376677
-0.08485869
0.07513706
0.01104583
-0.08245412
-0.05078812
-0.12156170
-0.14187796
-0.01866903
0.09645151
0.14161751
0.02936463
-0.11518238
0.13861752
0.17101040
-0.03696495
-0.06641831
0.05725165
-0.01078220
-0.01099333
0.05613364
0.05163584
-0.05963521
-0.05508057
-0.00572503
0.11784710
0.17444167
-0.07716350
0.05671515
0.00015657
0.03667897
0.05556797
0.03253790
-0.02982896
-0.02022426
0.00926708
-0.02951297
0.00823247
-0.08443455
0.01288031
0.03111625
-0.10886233
-0.00189358
-0.03280563
0.01987131
-0.09645651
-0.19026867
0.16618280
0.06564976
-0.05998686
-0.01555501
-0.12937535
0.00858008
0.04751639
0.11035255
0.02400417
0.01970839
0.01490216
0.00793403
0.01922516
-0.00364026
-0.03065366
0.05342581
-0.02376288
0.06261393
0.06376214
-0.08647043
-0.03721423
0.08096524
-0.01457165
-0.09453661
-0.21295668
0.05448260
-0.01251742
-0.01903477
0.04584098
-0.01745450
0.08522397
0.02859380
0.00858586
0.04331654
0.02163482
0.01982961
0.10332313
-0.03261501
0.04404706
-0.03230365
0.00084435
-0.03594593
-0.05290345
-0.03226115
-0.01153698
-0.04082732
-0.04323846
0.02835296
0.04786675
-0.04806601
0.10221921
0.04837171
0.02788876
0.05788054
-0.08270342
-0.04937518
-0.03546496
0.06499223
0.03846340
-0.10377578
-0.06189974
-0.01175370
0.02857878
0.04870718
-0.07333274
0.01015914
0.02538959
0.05505956
-0.07320131
-0.01922941
0.01717792
0.03588140
-0.08136494
-0.07257533
0.09262934
-0.06176617
-0.06968129
-0.05059545
0.03383375
0.05244354
0.05198524
0.08118423
0.04437393
-0.03475470
0.00382376
0.03864122
0.12411208
0.12602834
-0.02590613
0.12033586
-0.08825602
0.16806197
0.01364028
-0.04948667
0.03383481
-0.05123825
-0.01353765
0.05394655
0.01020423
-0.05311324
0.06815423
0.03785777
0.05117708
-0.07456717
-0.07953460
0.06931183
0.06960732
0.01096714
0.01748451
-0.02521802
0.02144231
-0.01787112
-0.01665724
0.00105721
0.02102507
-0.10742460
-0.06882901
-0.00920286
0.02747788
-0.07139114
-0.05267605
-0.08983336
-0.06829958
-0.08261474
-0.02369332
-0.00629527
-0.03695324
-0.04038416
0.02335435
0.04714067
-0.16480148
-0.28385761
-0.22113590
-0.06984111
0.06545991
0.04208356
-0.01574182
-0.12052828
-0.00510914
-0.02616124
-0.06784052
-0.08951127
-0.08436818
0.03658085
-0.00808819
0.02290566
-0.06914810
-0.15851472
-0.12004431
0.06241302
-0.08125367
-0.12913156
-0.01084570
-0.05631574
0.06916077
-0.03203770
-0.01142602
-0.02143482
0.03959877
-0.01897922
-0.07141684
-0.03631404
-0.11536229
0.02616903
-0.06018131
0.00976777
-0.07378384
-0.09308569
0.03355413
0.05100002
-0.03974450
0.05609764
0.03487052
-0.10665549
-0.12595400
-0.08712428
0.00815373
0.02430719
-0.01855600
0.01571103
0.01146773
0.08274598
0.03852082
0.05038297
0.10547815
-0.05386110
0.10600017
0.02398576
-0.04231889
0.17303857
-0.07465216
-0.02976258
-0.03817661
-0.08795919
-0.11539204
-0.06293117
0.03355345
-0.04695006
-0.07951939
-0.01180067
0.05334359
-0.07981796
-0.05520384
0.06806726
0.12398872
-0.11376194
-0.13948502
-0.10667130
-0.04990030
-0.19615658
0.06222385
-0.04589244
0.06357358
-0.10771917
-0.05214409
0.03406868
0.04009638
0.03757551
-0.06705588
0.04796707
-0.00680620
-0.01765386
-0.02262110
0.08279742
0.09905872
0.08144418
-0.02737958
-0.01486969
-0.02714019
0.06006964
0.09007119
0.09123193
0.07912409
-0.11659636
-0.04595971
-0.08223765
0.01864177
-0.00612028
-0.13224994
0.04746488
0.03751436
-0.04902908
-0.03655586
-0.10070127
0.14931339
-0.03479093
-0.00003684
0.04911193
-0.00414616
-0.04778702
0.02380535
0.07716926
0.00609789
-0.09128030
-0.36184737
-0.17300992
-0.10403342
-0.00412378
0.08633173
0.08410247
0.00211159
-0.02674121
-0.09743784
-0.01199567
0.06464394
0.05225107
0.03159711
-0.01116296
0.06079970
0.12845072
0.05882651
0.10840420
0.05635839
0.00265452
0.08419711
-0.02125228
-0.04315311
0.03323875
0.02760726
-0.15082261
-0.09626839
-0.10671269
-0.02190125
-0.06593201
-0.06498900
0.00816806
-0.03511887
-0.07190929
-0.05054253
-0.11913078
-0.06482729
-0.02875556
-0.00550970
0.02810092
0.00961555
-0.06722443
-0.01968612
-0.07798897
-0.03983370
0.01074463
-0.00516469
-0.03145715
-0.13054292
-0.01957989
-0.09769611
-0.18836340
-0.18873084
0.04159379
0.07443535
0.03741359
-0.15047257
-0.12519361
-0.02796114
-0.08446383
0.00046249
0.00505533
-0.01203379
-0.03851176
0.12907787
0.02183178
0.03550442
-0.12177730
0.01200328
0.07459728
0.08617032
0.21303211
-0.07393550
-0.11749238
-0.11166924
-0.08990955
0.02216477
0.00760010
-0.00047249
-0.00079920
-0.01672593
0.01372732
-0.00346394
0.02109279
-0.04827666
-0.05074901
-0.07416166
-0.00448551
0.03934672
-0.01023988
-0.01781102
0.00570446
0.02084046
0.01447069
0.04201131
-0.03909197
-0.05518720
0.01873993
-0.05167527
0.03271322
-0.00145888
0.02808169
-0.08152275
-0.00977362
-0.01459994
0.03643163
-0.04841923
-0.01088141
-0.03442636
-0.04084443
-0.08495128
0.02768061
0.02996147
0.01853652
-0.05015143
-0.00065464
-0.01336636
0.00497839
0.02422613
-0.06138311
-0.04005004
0.03335316
-0.01807958
-0.00877510
-0.03212477
-0.01778344
-0.01786001
-0.00948519
-0.05423766
-0.06330580
-0.05492814
-0.05259476
-0.04834669
-0.01588029
-0.05243511
-0.01096325
-0.03163797
-0.04190905
-0.02760280
0.01599406
-0.03755148
0.03071887
-0.03917346
-0.06921116
0.02557014
0.03474208
-0.08049773
0.03544588
-0.01080785
-0.05106319
-0.04609052
0.00801295
-0.02849786
-0.03453807
-0.01449384
-0.00716321
-0.02787062
-0.00398530
-0.03457478
-0.01362810
0.01966275
-0.00119598
0.02042432
0.02461281
0.02925964
-0.00444222
-0.02329388
-0.02480907
0.02081967
0.01317434
-0.00272496
-0.00664535
0.03556050
0.01385819
-0.07305190
-0.07631071
-0.04585320
0.02921015
-0.02526344
-0.04397742
0.02735396
-0.00816870
-0.04736559
0.03389282
-0.05023782
0.00175186
-0.01991361
-0.04362148
-0.02137678
-0.04150925
-0.02835359
-0.07932767
0.00292791
-0.06835852
-0.02176569
-0.05150628
-0.01323112
-0.00061486
0.00515956
0.00178891
-0.03602862
-0.02341003
0.00413254
0.00997076
-0.02183384
-0.03343600
-0.04311192
-0.08072533
-0.01756359
0.00825076
-0.03752239
-0.03411590
0.03482645
-0.01156274
-0.05526551
-0.03707258
-0.01926583
-0.01369257
0.00709969
-0.04921557
0.01569831
-0.04348589
-0.03343622
-0.01036621
-0.01688080
-0.04243963
0.00634841
0.00237959
-0.00210258
-0.01210864
-0.04742996
0.01317633
0.03584136
0.01790550
0.04109666
-0.03036660
0.00939656
-0.02068555
-0.03725299
0.00741355
-0.03489602
0.00335351
-0.02781806
-0.01754425
-0.02155775
0.01279298
-0.06709625
-0.01931523
-0.05185251
-0.00301320
0.00804701
-0.03240857
-0.05287783
-0.02451589
0.02049456
-0.02391738
-0.01001802
-0.03863677
-0.01237836
-0.03246998
-0.06416967
-0.03403894
-0.07150650
-0.01192608
0.00563288
-0.06446233
-0.00477932
-0.00710591
-0.00712132
0.00542065
-0.00977074
-0.04598020
-0.00351654
0.01670974
0.03804079
-0.06017532
0.03511132
0.02365099
0.00156026
0.03848828
-0.06873792
-0.06743342
-0.04134594
-0.01127864
-0.00869128
-0.03397816
-0.00115311
-0.07408507
-0.04432771
0.02377980
0.00129095
0.00967651
-0.02578996
-0.05284259
-0.00048781
-0.06336724
-0.06657249
-0.05314825
0.02122657
-0.05561986
0.00903223
-0.08497673
-0.07547789
-0.00029337
-0.00182759
-0.02542205
0.01175976
-0.07874613
-0.06071408
-0.01313274
-0.00475852
0.03263598
0.03053293
0.02068936
-0.03337192
-0.02396517
0.01025868
0.03251019
-0.03337764
0.00906700
-0.02586064
0.01186746
-0.07586128
0.02300498
-0.03047872
-0.01911842
-0.07288670
0.00782495
-0.04700930
-0.05120277
0.04294102
0.03659790
-0.02001652
-0.00364291
-0.01339094
-0.01732614
-0.03221038
0.03790109
-0.03539995
0.02085063
0.00149395
-0.03257458
-0.02471491
-0.02007643
-0.03572537
0.04385713
-0.04909269
-0.01338062
-0.04407292
0.00029382
-0.02981974
-0.00009724
0.02976551
-0.06378295
-0.05098734
-0.03508148
-0.00573875
-0.04288637
-0.03150195
-0.00640021
-0.01487575
-0.02656847
-0.00936724
-0.01042768
-0.01976633
-0.06743480
-0.03383513
0.00393976
0.00967438
-0.02330283
-0.00869120
-0.04980709
-0.01803890
0.00338492
-0.08119231
-0.01348448
0.01284488
-0.01225109
-0.02489511
0.01372684
-0.04488253
-0.08753952
-0.00147830
-0.07735115
-0.05375866
0.01189418
-0.06543731
-0.02849956
-0.07170787
-0.03633552
-0.04159476
-0.04600490
-0.03410887
-0.03714370
-0.00604957
0.04347954
0.00747387
-0.01580539
0.02162761
0.01354572
-0.00407539
-0.06284729
-0.01812154
-0.01392863
-0.02879285
-0.01094469
0.01161334
-0.01334684
-0.05085048
0.00290846
0.01151896
-0.08407247
-0.02947032
-0.06729218
0.01455838
-0.00015067
-0.01756771
-0.01529006
-0.07664968
-0.03954353
-0.02013679
-0.03922350
-0.06720945
-0.00936216
-0.00250486
-0.02050249
-0.05231653
0.00577045
-0.06766938
-0.04123521
0.04263132
-0.02494909
-0.05401866
-0.02581840
-0.00478860
0.03348774
-0.01114361
-0.01490874
-0.01461056
0.00001233
0.01937518
-0.08743973
-0.02144371
-0.03737505
-0.03332143
-0.03420178
-0.02803836
-0.02759293
-0.04226176
-0.03657576
0.01103847
0.04667537
0.02639987
-0.04787889
-0.03567914
-0.02496700
0.00506126
-0.08442189
-0.03691608
-0.03387883
-0.04166361
-0.04879444
-0.05174755
-0.02342415
-0.04474473
0.00738962
-0.02347179
0.03015169
-0.03858409
-0.07433215
0.00360943
0.01428004
0.00900325
0.01595719
-0.06207034
-0.04804205
0.01684188
0.06428300
0.07191710
0.05466973
0.00784015
-0.06113099
-0.04240850
-0.02529456
-0.03158212
0.00664027
0.01085583
-0.13668686
-0.12114496
-0.04887636
0.07466555
-0.02842756
-0.05801762
-0.09486999
-0.09834840
-0.00002205
0.02610717
0.04157368
0.01556144
-0.07740916
-0.05342505
-0.01082923
0.02257410
-0.11424393
0.02500889
0.13109009
0.00510502
0.15730739
0.03951743
0.08889817
0.10908492
-0.00534907
0.05452983
-0.06995877
0.07429313
0.00649796
-0.06060014
-0.03008834
-0.04957576
-0.10109609
-0.02677027
0.03950422
-0.02261627
-0.12562649
0.00268034
-0.04770626
-0.02129472
0.01522693
0.13743824
0.09873123
-0.01467083
-0.05275595
-0.15484387
-0.10898414
-0.13915142
-0.07643692
-0.18991321
-0.18344168
-0.18239336
-0.13294888
-0.08866092
0.01215770
0.06063567
0.01143720
-0.02369992
0.11954454
-0.01648870
0.08820019
0.11491289
0.10506222
0.15298234
0.03047868
0.05354764
0.04988122
0.01258878
0.07399752
0.08661712
0.06438830
0.00216186
-0.09510805
0.02087388
-0.00276643
0.10553031
0.07123449
-0.15084608
-0.12414867
-0.01979524
0.17042404
-0.05562454
0.01160388
-0.00756416
0.07293658
-0.01439948
0.00788215
0.05822893
0.07353012
0.01476135
0.02424868
0.03013314
0.04270241
-0.04018338
-0.09945678
-0.10345749
-0.06399513
-0.05046386
0.03290784
-0.14509992
-0.12687741
-0.02421542
0.00896236
0.01125209
0.01582626
-0.07219188
0.01807240
-0.01188354
0.00636302
0.04216153
0.07535772
0.04367981
-0.03010671
0.02146406
0.09128878
-0.02847156
-0.01891862
0.06815602
0.05662882
-0.00882066
-0.00744902
-0.03565560
0.08296022
0.07417144
-0.09599288
-0.13563626
-0.15532820
0.00390961
-0.02910207
-0.10945369
-0.20573390
-0.04663722
-0.01703245
-0.04190368
0.00570900
0.00120123
-0.12745124
-0.05477829
0.01082679
0.02576851
-0.06574037
-0.08281045
-0.02865580
0.09228162
0.07385010
-0.04694489
-0.05252776
-0.13126338
-0.07645987
0.01364973
-0.17363541
-0.06579036
-0.06196304
-0.05322762
-0.03501503
-0.09094056
-0.13137506
0.00772822
0.10346793
0.12953548
0.00400752
0.10408104
0.06581721
-0.05263767
-0.00883023
0.05556425
0.10134126
0.04432881
0.04208066
-0.06297766
0.01130642
0.05738777
-0.03017520
-0.00874070
-0.03836188
-0.01059033
-0.03421686
-0.08612787
0.02819123
0.04816179
0.00184737
-0.01418575
0.04264386
0.14694273
0.13233097
0.10568642
0.08012756
0.07938506
0.13731392
-0.03647269
-0.19333091
0.11371730
-0.10579826
-0.06378841
0.02505548
0.00743220
0.06214343
-0.08303525
0.02467890
-0.07034191
0.01172168
0.05010235
0.01492965
0.04506643
0.07539447
0.06683630
0.06955569
0.03339602
-0.02204774
0.17507006
0.05034157
-0.02733945
-0.03245511
0.03846072
-0.03940738
0.00260043
-0.06613626
0.02498303
-0.01345399
-0.08261462
0.06294839
0.07066018
-0.01929920
0.05373503
0.09119101
0.01907963
0.00804271
0.05912529
0.03018484
0.04662672
0.01390207
-0.00704103
-0.06057494
0.00919816
-0.04857428
0.04162371
-0.03047916
-0.05175649
-0.01990605
0.06004631
0.00589598
0.04414300
0.05494694
-0.03687710
0.01614917
-0.13264288
0.04553495
0.10791352
0.01763209
-0.04224688
0.04241392
-0.08963727
-0.11113590
-0.04077011
-0.02991831
-0.00838233
-0.01126983
-0.07476524
-0.09698846
0.00762929
0.00364166
-0.05261801
0.10224764
0.19032979
-0.09025737
0.08966563
-0.01005580
-0.04838197
0.08698554
-0.08821443
0.02177825
-0.20908892
0.09733373
0.06135353
-0.04882890
-0.01597924
-0.19000220
-0.08643972
-0.03127790
-0.06093365
-0.11556619
-0.19650927
-0.16277848
-0.18115576
-0.02907099
0.05834102
-0.10029472
-0.15154573
-0.15732418
0.04853090
0.02844333
0.12288506
0.01993126
-0.05502345
-0.10158337
-0.02142145
0.08336851
0.08598699
0.04300907
0.03569663
0.05959995
-0.06973013
-0.10838004
0.08831841
0.13620001
0.11472850
-0.13039303
-0.03304646
-0.05511013
-0.00730352
0.00356814
-0.16808644
-0.06716599
-0.07060742
-0.06073629
-0.12334003
0.00468345
0.07943022
0.00803936
-0.10939881
-0.13432522
0.00813476
-0.05677317
-0.12921755
0.06291505
-0.01281136
-0.09589111
-0.12393189
-0.03611044
0.03974202
-0.10529340
-0.00718264
-0.02935158
-0.01471924
-0.07712795
-0.15328878
-0.02712672
-0.01507937
0.09754159
0.06985329
0.12284242
-0.13442358
0.03876631
0.04948223
0.00402160
0.00906870
-0.08578027
0.12851360
0.03433466
-0.08435839
0.04729998
-0.14337505
-0.11054011
0.04202609
0.02084237
-0.04923450
-0.12204069
-0.06265820
-0.04836948
0.05361528
0.03033392
-0.06392317
-0.06222709
0.02735699
0.00200905
-0.02728832
-0.02287134
0.00140226
0.07504382
0.07673176
-0.07032249
-0.01570540
-0.02427085
0.04816447
0.15173383
-0.01238278
-0.15984128
-0.28554556
-0.21896689
-0.02591328
0.14188048
-0.21010378
-0.28261188
-0.06980732
-0.02836405
0.05304375
0.12711230
0.04072228
0.01281094
0.00633229
-0.00410716
-0.02998156
0.00232985
0.01154292
-0.15425451
-0.17716533
-0.04738675
-0.02040530
0.01510695
-0.11100750
-0.07370250
-0.06886035
0.02324202
-0.07843796
0.07576040
0.07116876
0.02615963
-0.11582592
-0.00960602
0.08962807
0.07848491
-0.01007458
-0.04205729
-0.06722128
-0.03603927
0.09056958
0.08076622
0.23312639
0.15536977
-0.03460425
-0.06061507
0.08965407
0.13246107
0.02522683
-0.11952584
-0.06788591
0.06419865
-0.00914627
-0.01841809
-0.04478168
0.01534639
-0.00399631
0.11012823
0.01243276
-0.02668033
-0.04108249
0.01209868
0.00575496
0.00952984
-0.04830778
-0.03612763
0.00909867
-0.05911067
-0.18027632
-0.17602785
-0.08191357
0.07705387
-0.00502542
0.06396883
-0.10383037
-0.08964988
0.05704163
-0.00173256
0.02995081
0.02625077
-0.07532407
-0.01790285
-0.15874866
-0.07873050
0.06888770
-0.05561164
0.00510145
0.08619995
0.10736956
-0.04606763
0.02846782
0.06007162
0.02696711
-0.09181079
-0.11266989
-0.07089245
0.04916673
0.05424035
-0.02287381
-0.11058456
-0.06678850
0.12769274
0.12654676
0.03207558
-0.13850595
-0.02214685
0.04477929
-0.00654939
-0.09397540
0.04171676
0.11760902
0.05238394
0.04257911
-0.07849400
-0.04431550
0.01288035
-0.07034897
-0.01772469
0.00397572
-0.00930625
0.01970528
0.01362857
-0.02361235
-0.00430029
-0.03870832
-0.05320843
0.03111979
0.01475862
-0.00865789
-0.03113684
-0.00600848
0.02554197
-0.03591968
-0.03023490
0.08245949
0.07900130
-0.08210783
0.00479915
0.03232750
-0.10670526
-0.07265875
0.02517335
0.04028434
0.10825855
-0.10195580
-0.10116744
-0.02009548
-0.06159839
0.03998781
-0.14420581
-0.10556668
0.02654359
-0.12811965
-0.03091650
-0.03473245
-0.04944823
0.05265825
-0.06543367
-0.00192081
-0.01994903
-0.02797014
-0.09055971
0.04963175
-0.05196398
0.07322332
0.12863742
0.06030498
0.03463253
-0.14038323
0.08239509
0.04866726
0.01581587
0.02561797
0.01192693
-0.15107879
0.04058332
-0.01817310
-0.00521746
-0.00670927
0.02986972
0.02897938
-0.04762257
0.06956434
-0.05959232
-0.01507038
0.02564081
0.02017888
-0.06563094
-0.04024848
-0.12850894
-0.10074838
-0.04884514
-0.02368990
-0.07141931
-0.12933932
-0.10631014
-0.10243167
0.03340537
-0.01934725
-0.00629009
0.01622435
-0.02723499
0.06865269
0.01051824
0.03724133
0.00386758
0.00179362
-0.02216780
-0.08893628
0.00519470
-0.08618247
-0.04694358
-0.03762224
0.04293570
-0.11365180
0.01308159
-0.03004568
0.05539499
0.10471050
-0.08187894
0.00304280
-0.03480665
0.01863350
0.02201157
0.02024289
-0.10271864
-0.08650973
0.02813487
-0.04281158
0.05188957
-0.01488690
-0.07741699
-0.05178501
-0.02795045
-0.11802961
0.01419500
-0.11344007
-0.12392220
-0.03212359
0.14882176
0.12634042
0.11130743
0.14959320
0.01391663
0.17790727
0.00514214
-0.03838980
0.02372551
0.02706178
0.00084836
-0.07906002
0.00286047
0.05267839
0.06277109
-0.11729995
0.00190741
-0.00913214
-0.10929935
0.05491577
-0.00809588
0.12631039
0.13547513
-0.00551134
0.00028093
-0.08950798
-0.05790762
0.07083844
-0.00341627
-0.04192263
-0.05878185
-0.04840265
-0.01017685
-0.01842490
0.03719660
-0.09916808
0.01654335
0.00911948
0.12684946
0.07612064
0.01497321
-0.01680827
0.16045974
-0.01260684
0.11858217
0.04029875
-0.02931056
0.00987989
0.04931985
0.05858003
-0.06452167
-0.08299422
-0.08890917
0.13623786
0.06394476
-0.08671629
-0.26477724
-0.16961934
-0.00509149
0.02419378
-0.14963682
-0.23881704
-0.03663734
-0.03952020
-0.11059773
0.04518662
-0.09241174
-0.02351640
0.03493505
0.00885104
0.09210546
-0.02235043
-0.04682935
-0.01877293
-0.08628800
0.02569200
0.06038719
-0.05406999
-0.01394064
-0.10034552
-0.05140525
0.04921237
0.12322460
0.01681372
-0.09206267
0.14018068
0.04233607
0.03255339
-0.00077668
0.01147669
-0.01807824
-0.03228742
0.01882217
0.02657913
0.02393975
-0.04948366
0.09513327
-0.04096399
0.00513510
-0.11711526
0.06678248
0.15009561
0.05021182
0.06188001
0.06164462
0.02185905
-0.04137396
0.02323374
0.00095989
-0.06425294
-0.09930243
-0.05140796
-0.01092970
-0.00863778
0.05788222
-0.07164073
0.03853682
0.05056948
-0.01501714
-0.03557672
0.00738552
0.02705669
0.11427106
-0.00738821
-0.00798866
-0.05721318
-0.15931591
-0.00433331
0.07445965
0.02048377
-0.06245063
-0.17347001
0.06313775
0.00781934
-0.10356983
-0.06866143
-0.13327420
-0.02599537
-0.05141781
-0.07924473
0.01365313
-0.07469627
0.12647390
0.01262483
0.02466694
0.15075319
-0.05861929
-0.08971733
-0.03421306
-0.07034188
-0.16378886
-0.09863479
-0.01529399
0.06399991
0.07307021
-0.10178132
-0.20187493
-0.08100769
-0.04277786
0.03121424
0.00922536
-0.09210224
-0.07226799
0.13282304
0.05095191
-0.07088358
0.10433758
0.08169175
0.11036590
0.01895713
-0.09611323
-0.05116961
0.04749122
0.10621863
-0.00563403
-0.08380458
-0.02225730
0.04839713
-0.03657935
0.02485372
0.05088626
0.08597650
-0.01917493
-0.03688380
0.02459188
-0.05568106
0.03494391
-0.05723740
0.10781540
0.08262070
-0.01021842
0.01295544
-0.04507376
0.08692572
-0.02625191
0.04112580
-0.02785175
-0.03618371
0.01998744
0.11976734
0.01087373
-0.00080723
-0.07905804
0.04554955
0.02273467
0.08349091
-0.02585634
-0.11861000
-0.07601345
-0.05189657
0.12509030
-0.03871898
-0.18863003
-0.11599690
-0.06255136
0.00261222
-0.08167357
-0.11889005
-0.02720092
-0.21362686
0.07650459
-0.01105485
0.06748448
0.02658680
-0.16072507
0.02496965
0.00197706
0.00368084
-0.03689557
-0.07104650
0.08656142
0.06118007
-0.10589072
-0.14111052
-0.05269238
-0.05524781
0.01990733
0.04407834
-0.07184570
0.01083686
0.10447136
0.02719380
-0.00406651
0.02330397
0.12377827
-0.09242795
-0.01776218
0.04728092
0.04863201
0.11228988
0.04825702
0.06940059
-0.05156596
-0.04194941
0.06585658
0.09731504
0.04974404
-0.05151189
0.01693310
-0.02650084
0.02009616
0.03579836
-0.02397505
-0.19761460
0.00525479
0.12629208
-0.03909757
-0.15749837
-0.12168875
0.02436006
0.06421903
0.03444276
-0.05069403
-0.09774382
0.00439887
-0.07920916
-0.07381632
-0.01722215
-0.03378420
0.02558143
-0.00599133
-0.08448214
-0.01675078
-0.04552535
0.04282046
-0.05898790
-0.07987084
0.01397178
-0.00343837
0.02847630
0.05858936
0.10981039
0.02909690
-0.04739442
0.06459156
0.02883364
0.05060894
0.00569049
-0.02651194
0.04168245
-0.03152483
-0.05445577
-0.02452041
-0.11541812
-0.05899800
-0.01320139
-0.01807551
0.05188892
-0.04448514
-0.01969849
0.04659427
-0.00046584
-0.06773452
0.00756911
0.07119767
-0.02356333
-0.03188549
-0.00595965
0.09674967
-0.02171204
0.02248614
-0.00719563
-0.00886771
0.05479809
0.04858265
0.04964339
-0.07838858
-0.06768267
0.02632957
-0.04462512
-0.07840054
-0.09250010
-0.00963699
-0.02354962
-0.02841367
0.12412284
-0.13530099
-0.10452783
-0.02384908
-0.03126083
0.11085378
0.05364804
0.05535443
0.08841007
-0.01598566
0.11459344
-0.00251418
-0.10719007
0.00648226
0.13211372
-0.03203214
-0.00068001
-0.02052368
-0.03462346
0.03215013
-0.00031646
0.01804743
-0.00094184
-0.04990185
0.03783968
0.08704305
0.05936148
-0.00134062
-0.10087268
0.06825315
0.03820353
-0.01471098
-0.16470039
-0.00446112
0.08008735
0.04494111
-0.12215236
-0.12539281
-0.02833571
0.02287856
0.10819554
0.16569704
0.13486804
0.04172953
0.01371229
0.05829011
0.05295309
0.06088960
0.05312344
0.09502013
0.04971132
0.07252038
0.09180874
0.00543207
0.10159700
0.00724514
0.03349721
-0.16562638
0.04723177
0.00246986
-0.05763171
0.09007644
-0.02637512
0.09040034
0.07667543
-0.07824612
-0.03712152
-0.04340468
-0.09686802
0.02857406
-0.02673379
0.04558342
-0.01945876
-0.00745785
0.04891359
-0.05907393
0.09854908
0.01178458
-0.08262863
-0.01336071
0.02301956
0.09097472
-0.10942592
-0.09055461
-0.06812574
0.11866078
0.07735548
-0.10608377
-0.04393595
-0.03993884
0.06014848
0.03293878
0.01926356
-0.02876403
-0.03882304
0.08256698
-0.07066861
-0.02532894
-0.00060928
-0.17470291
0.07357771
0.08568515
-0.00291989
-0.13163687
-0.15295100
0.00889089
-0.02649751
-0.05935940
-0.01186941
-0.10256685
0.02646333
0.01809011
0.05475951
-0.08165020
-0.04934971
0.06383450
0.08604058
0.11722202
0.02894159
0.00100642
0.03502721
0.19892462
-0.01158038
0.12495597
0.02898319
0.00949769
0.06363241
-0.08529534
0.17869636
0.05200789
0.02200298
0.02340317
-0.08072457
0.02707146
-0.10256360
0.01546757
0.04187776
0.00780955
0.05890577
0.17254998
-0.02695435
-0.06478899
0.08111673
-0.06326219
0.14468813
0.00695080
0.03432020
-0.03498298
0.06540883
-0.01743481
-0.07965652
-0.13283542
-0.13237379
0.01497519
-0.12470625
0.02892544
0.04852784
0.00957299
0.01814122
-0.07059433
0.08078810
0.01476693
0.03492995
0.03020018
0.05532210
0.01476338
-0.10566824
-0.13688223
0.00008157
-0.01867468
-0.08366878
-0.00662594
0.01522588
-0.15583378
-0.12237404
-0.02419542
-0.14293982
-0.06936659
-0.09474261
-0.22110538
0.01381425
0.03867020
0.05778406
-0.16788499
-0.25299171
0.03227039
0.09451392
0.08812017
-0.06822036
0.00002367
0.07570424
0.09445034
-0.03946911
-0.01935060
-0.04662913
-0.03055860
-0.00031473
-0.07295043
0.01826036
0.13703983
-0.02354057
-0.02612737
0.02314961
0.05253705
-0.08147819
0.01449117
-0.03163752
0.02687413
0.12678435
0.04354839
-0.03884766
-0.03926055
0.11555510
0.12058009
0.16740902
0.21589665
0.10788705
0.01983231
0.07956199
-0.10784269
0.09886939
0.10159697
-0.09216757
0.04508281
-0.07384267
0.02371562
-0.00099756
-0.01074678
-0.05331277
-0.17735775
0.06194502
0.02233949
0.02919553
-0.08161698
0.01184488
0.00949914
0.01910669
-0.04777728
-0.02053661
0.07405520
0.05994758
0.04685861
-0.00211374
0.09910479
-0.04013374
-0.12124911
-0.15040866
-0.04831765
0.00377623
-0.02899087
-0.15983483
-0.09764365
-0.03248517
0.05774556
-0.02269564
-0.11542275
0.05643259
0.02184533
-0.08540317
-0.05917554
0.03979023
-0.01835696
-0.03175543
0.02278693
0.03640046
-0.01660390
0.02350959
-0.04210017
0.16327894
-0.05037750
0.07613486
0.14545786
0.08147372
0.16339059
0.04721789
0.11486007
0.07429433
0.00092197
-0.01329848
0.04529080
-0.12569773
0.01409698
-0.05551440
0.01247571
-0.02575507
0.00722667
-0.05597134
-0.00354614
-0.00468561
0.04456023
0.07978076
0.12027313
0.06733336
0.07193170
0.04255330
-0.05372456
-0.09028298
-0.08800124
-0.00869262
-0.06412593
-0.06648459
-0.06984196
0.06249513
0.08211121
-0.04423257
-0.03794145
-0.00911541
0.04734941
0.04678589
-0.02398832
0.07008296
0.01828184
-0.09559573
-0.04664852
-0.10314416
0.00012713
-0.01433844
0.07926163
-0.01311767
0.03710658
0.00542070
0.04046476
0.11814992
0.04645655
0.05028835
-0.09398196
-0.02880199
0.09574401
0.00311715
0.05966857
-0.08261665
-0.00166251
0.10320769
0.04542787
-0.00359290
0.08889268
-0.01797079
-0.02343262
-0.01914608
-0.04385604
0.08406709
0.07810155
0.01989924
-0.00275323
-0.03029454
-0.03120066
-0.01227888
0.00510124
-0.00750255
-0.05005755
-0.02531631
-0.05774220
0.06583345
0.02950682
0.02326595
0.02416388
0.04278250
0.01327023
-0.01767062
-0.01486796
-0.03756403
-0.03065748
0.03449178
-0.05071255
-0.05869276
0.01050992
0.08002479
0.02389818
-0.03211099
0.03417424
-0.04790863
0.00346575
0.05063375
0.08839814
0.06155369
-0.05728048
0.00830299
-0.05510934
-0.04690129
-0.17445830
-0.03414930
-0.04604004
0.08648822
0.02840822
-0.07245555
-0.06140673
0.02341185
0.04385164
0.05806680
-0.04258106
0.13403316
0.07175696
-0.00689668
0.02962071
-0.01013011
0.10590041
0.03754261
-0.01536485
-0.00327033
-0.13503720
-0.06305106
-0.07663571
-0.05618999
0.10161002
0.01247494
-0.06617934
-0.14492683
0.02585932
0.04123222
0.07100560
-0.05002782
-0.03351486
0.00740304
-0.03674641
-0.06355007
0.07360615
-0.03744012
-0.00467770
0.05146531
-0.00780134
-0.09690663
-0.05793168
-0.05268442
0.07539639
-0.04033918
-0.13172454
-0.11122671
0.02645405
0.02381995
0.00646859
0.06352665
0.11486473
0.08822895
0.05058112
0.00764872
0.03230337
-0.01106850
-0.07215688
-0.05463900
-0.06132679
-0.03780931
-0.08330235
-0.11968053
-0.02154196
0.05614237
0.04507317
-0.07022432
-0.11049255
0.06643641
0.01134771
-0.09692366
-0.06569105
0.03811996
0.00791100
-0.00947435
0.13233995
0.06589150
0.01732521
-0.03276462
0.02564122
0.09213690
-0.11007030
-0.11560366
-0.04927849
-0.10695422
0.18276969
0.23619872
-0.11015546
-0.06279351
0.00175098
0.17809707
-0.00007600
-0.06356194
-0.07626647
0.05785030
0.11219011
-0.06125646
0.11043628
0.02003055
-0.01006077
-0.05027677
-0.05608452
-0.04983514
-0.04689385
-0.02653198
-0.11444386
-0.08987411
-0.08699118
0.02437141
0.05558028
0.04743038
0.05221750
0.10008111
0.06879891
0.07108129
0.02480642
0.03815457
0.07139198
0.09445106
0.10952656
-0.07373393
0.03932203
-0.03132492
-0.06572806
0.04151689
-0.08619484
0.03029049
0.10308173
-0.00007628
0.11809386
0.01862995
0.02280174
-0.05056451
-0.03000615
-0.02354423
-0.06801075
0.03220095
-0.07757265
0.04077482
-0.14277957
-0.11154678
-0.18014029
0.12275830
0.06529072
-0.01829894
-0.09163851
-0.00105641
0.10056441
-0.08510143
-0.17031160
-0.16952851
0.05255009
-0.08051731
0.10576645
-0.01899438
0.08676138
0.03251725
0.05250235
-0.00052937
0.03197128
-0.02668607
0.01485372
0.02665845
-0.06865180
-0.06667072
0.01020106
0.03374660
0.00257593
-0.07257083
-0.06728064
0.18780874
0.11937159
-0.01823545
-0.06763732
0.01454250
0.07518361
-0.02621088
-0.09145714
-0.06052808
0.05103305
0.01776577
-0.08106364
-0.12733980
0.01058571
-0.02812085
0.24987102
0.16285665
0.17340639
0.00246407
0.00043656
0.10970780
0.10479207
0.04892142
0.01432988
-0.04420194
0.02850709
0.00163730
-0.01436947
0.05789632
0.06909667
-0.03138996
-0.07594238
-0.01826278
-0.00945508
0.20296232
-0.01616699
-0.05540380
-0.06182651
0.01422227
0.03076336
-0.03693442
-0.05817160
0.01714266
0.05317188
0.01269371
-0.10043198
-0.03486113
0.02184814
0.03935051
-0.02999593
-0.02250629
-0.05175650
-0.02882777
-0.04770271
-0.20007180
0.04738388
-0.02608071
0.05351349
-0.10424837
0.01668467
0.08832601
0.00162380
-0.03536731
0.05266008
0.00234118
-0.06976503
-0.15409991
-0.04065625
0.03085695
0.04370772
-0.06126666
-0.06732193
-0.01138981
-0.05960716
0.01465724
-0.20367341
-0.06928439
-0.07203515
0.04590116
0.09541922
-0.23000140
-0.02309748
-0.00366788
0.09538566
0.13028264
0.08301824
0.02188057
0.07671333
0.02466091
0.03654920
-0.07285211
0.00143771
-0.02633323
-0.08376028
0.04240835
-0.05786170
-0.01854134
-0.07508038
-0.01961265
-0.07266825
-0.03972582
0.03359504
-0.00891723
-0.09039789
-0.06838021
-0.02375130
0.05952867
-0.01536722
-0.05186356
-0.05126663
0.01658275
0.10265633
0.06731319
-0.09648959
-0.01438415
-0.07047565
-0.15686683
-0.10374206
-0.03158032
-0.03534833
-0.04185555
-0.03991095
-0.02635400
-0.02118164
0.06690560
0.11365873
0.12095944
0.02085995
0.02265727
0.07366893
0.10603667
0.04884401
-0.06995855
-0.18859322
-0.01884456
-0.00942678
0.07122564
-0.02677921
-0.06898241
0.03120196
-0.04229716
0.03865536
0.02570791
0.08389249
0.08203007
0.04529972
-0.04530282
-0.03814046
0.08735480
-0.04910560
-0.02383845
-0.12896784
-0.12510258
-0.02064559
-0.08097494
-0.05292951
-0.08383553
-0.06212344
-0.04829754
-0.23223305
0.09946077
0.12699907
0.00590978
-0.02162477
-0.07269879
-0.04061989
0.02740943
0.10883619
-0.01134322
-0.02911121
0.02167670
0.04925992
-0.05970869
-0.02229160
0.00247402
-0.09778495
-0.12431820
0.02932881
0.02458518
0.08372375
0.07704533
0.06367204
0.01614458
-0.00274460
-0.01325796
-0.03513819
-0.05047987
-0.10941730
-0.03414652
0.00928898
-0.04119648
0.03472839
0.04334857
-0.01593909
-0.03221948
0.02993131
0.00985717
-0.08163055
0.05075387
-0.00916798
0.08653923
-0.06726384
0.00472382
-0.00953557
-0.01238257
-0.03943744
0.01449815
-0.05451863
-0.01824794
-0.01650274
-0.10763096
0.03993696
-0.02764417
0.06072254
0.01199178
-0.06049676
0.08728649
-0.00915724
-0.05530609
0.09131284
0.03573424
-0.04400424
-0.03905084
0.03541374
0.10978387
0.06398496
-0.01302667
0.02727936
-0.08509222
0.06680433
-0.03173585
-0.06014895
-0.08728906
-0.08731385
0.07126938
0.02527716
-0.01861488
-0.13349786
-0.02527279
-0.13878325
-0.04315910
0.00656657
-0.07361507
-0.04741036
0.01331667
-0.02581221
-0.09851363
-0.06847703
0.00823526
0.08444416
0.00023677
-0.10210905
-0.08724550
0.11389073
0.06991836
0.10023268
-0.02254544
0.01930271
-0.11216695
-0.04494822
-0.05464770
0.03587327
0.11356182
-0.03081024
0.01054498
0.05217941
0.07163580
-0.00466523
-0.01733204
0.00692378
0.10281900
0.06448951
-0.04447491
-0.03579306
-0.05687482
0.07576586
-0.00343503
0.06041386
-0.06154105
-0.11673008
0.05423775
0.11189338
0.08896055
0.00283699
-0.08888910
-0.00506222
0.00411740
-0.09300680
-0.15761784
-0.01848220
0.02074931
0.01757137
-0.07257038
-0.08051877
-0.04113646
0.02067741
-0.01491086
-0.01632962
-0.04231144
-0.05009168
-0.05675901
-0.00342658
0.09157937
0.03550741
-0.01014606
0.07509647
0.01944153
0.09585084
-0.00149506
-0.00732126
0.11831461
-0.09775452
-0.06313374
0.04208580
0.00839251
-0.18342716
-0.09402750
-0.06041285
-0.08599543
-0.10434478
-0.01924582
-0.08825912
0.02244583
-0.01519368
-0.01824509
-0.13059811
-0.17093839
-0.05783280
0.05107745
0.04823727
-0.21933788
-0.16254373
-0.00460718
-0.06543553
0.06803261
-0.12880263
-0.11867097
-0.13589722
-0.00654333
-0.05173153
0.01485517
-0.00347458
0.03729459
0.01789666
0.08550116
-0.03864884
0.04678612
0.02466276
0.10529240
0.10217978
0.02830206
0.04251541
-0.03817200
-0.07409313
0.12546429
0.01542691
0.06281080
-0.00068292
-0.04640513
-0.04451456
0.06921191
0.01134662
-0.05930847
-0.04618927
0.01709241
-0.07711300
-0.08619871
-0.02079478
-0.02270998
-0.10749907
0.05946314
-0.00129301
0.17808436
0.09282110
0.02170105
0.06919187
0.18601665
0.08835664
0.02253402
0.04263362
0.02988075
0.09925316
0.04897150
0.10976271
0.12698554
-0.00119383
0.09902202
0.09163437
0.04917222
-0.06134664
0.08578067
0.00268621
-0.02853460
-0.06533186
-0.02402558
0.03565685
-0.00588797
-0.04918043
-0.01361373
-0.05010737
-0.06421076
0.07147742
0.04427223
-0.11264748
0.03607705
-0.06597210
-0.10543029
-0.04796932
-0.08688079
0.14301817
-0.10741945
-0.03399408
-0.04387627
-0.09728193
-0.11139585
-0.06940022
-0.09933764
0.04209181
0.02309613
-0.00097214
-0.05362584
0.04205835
-0.00164433
-0.00291101
-0.10500947
-0.07430350
-0.07200165
-0.08487897
0.00137983
0.00415267
-0.13598211
-0.18146813
-0.18323414
0.10888137
0.22617325
-0.04700466
-0.05162776
-0.10948332
0.05037174
-0.06326204
-0.03703257
-0.09059034
-0.04594890
-0.08568122
0.10130733
0.04514490
0.04596250
0.02463913
-0.13066034
0.02700483
0.07335268
0.15407215
-0.09982535
-0.13095108
0.03892588
0.10693789
0.11910425
-0.12830499
-0.09364776
0.03132878
0.05846661
0.09284428
-0.10770360
-0.20561637
-0.09778303
-0.02584415
-0.10926236
-0.01218934
0.03415385
0.05228726
0.05094625
0.01380534
-0.04561472
-0.06353942
-0.07862423
-0.14487213
0.11547851
0.07106382
-0.03694544
-0.03449705
0.06329669
-0.05788085
0.02876767
0.10674047
-0.01386399
0.21984120
0.03777681
0.01140765
-0.03962404
-0.11904364
0.01450005
0.00797825
0.00445893
-0.03578521
-0.04475056
-0.03852084
-0.00538421
0.01350078
-0.07602337
-0.05111359
0.00218111
-0.06938862
-0.03128218
-0.07155712
-0.05654816
0.00497434
0.02533553
-0.07098966
-0.01723584
-0.06053212
-0.06639256
0.02664453
-0.02444777
0.01951201
-0.00950125
-0.02470354
0.04555932
-0.00386591
0.01977746
0.01301057
-0.05339027
-0.05829503
-0.05965927
-0.01246446
-0.02708068
0.02304285
-0.00045179
-0.04427864
-0.05195320
0.01226833
-0.00248274
0.00528638
0.02013773
-0.02881732
-0.04603762
-0.02093455
-0.04501641
-0.04343247
0.01486778
0.00094163
-0.02425587
0.00979011
-0.02430495
-0.03335617
-0.04762014
0.01529351
-0.06641255
-0.02173588
-0.03613099
-0.04235622
-0.07806981
-0.05118028
0.01420229
0.01977104
-0.01389753
-0.02897589
0.00160165
-0.00816595
0.02107082
-0.05648695
-0.06418421
-0.05168575
-0.05423447
-0.07214188
-0.04118870
0.02409391
-0.02486529
-0.07273033
0.00748664
-0.06873780
-0.04594983
0.01761433
-0.02325249
-0.04513786
-0.06194668
0.02684331
-0.02292111
-0.01870654
-0.04280963
-0.03122485
-0.03604132
-0.04206542
0.01038099
-0.05434495
0.02377046
-0.02668430
0.02764936
0.01831193
-0.05322349
-0.02685546
-0.00119730
-0.05174940
-0.02257240
-0.01544117
-0.01736733
0.00686048
-0.00050143
-0.05002730
-0.01920945
-0.05520276
-0.05072065
-0.04098007
0.01331451
0.01855683
0.00250491
-0.06690479
0.02099986
0.02114026
-0.05656122
-0.06012888
-0.03135362
0.02574573
-0.01678846
-0.01760978
0.00664463
-0.03292578
0.00626183
-0.05793979
-0.03924709
-0.04709792
0.00835819
-0.04969451
0.02768763
-0.01458148
-0.01384790
-0.01196588
0.02100006
-0.07147426
-0.01167307
-0.00827048
-0.01171361
0.02085902
0.01811050
0.02101035
0.00513515
-0.00394855
-0.01288960
-0.03455115
-0.05756941
0.03234655
-0.00073987
-0.04703425
-0.02476608
0.00917854
-0.06099841
-0.02326803
-0.00733589
-0.02570464
-0.02601097
-0.04377388
-0.00037411
-0.02437179
0.02420726
0.00511385
0.03581851
-0.03276763
0.04304204
0.01008978
-0.05154027
-0.02436509
0.01201257
-0.03586131
0.02573833
-0.01415435
-0.01298788
-0.04489659
-0.04041904
0.01202129
-0.01477550
0.01874004
-0.06752707
-0.02562934
-0.02629030
-0.04529367
-0.02491828
-0.04719537
-0.04980453
-0.07043901
-0.01110270
-0.04093227
-0.05389922
-0.07435437
-0.03981823
-0.06643818
-0.00827092
-0.00116490
-0.06079907
-0.07457124
-0.03200841
0.01457560
-0.02744493
-0.00700409
0.02054906
-0.00229586
0.00360257
-0.02755059
0.00814410
0.03253342
-0.06756170
-0.05185266
-0.00859720
-0.06763307
-0.06070744
0.00750329
-0.02622458
-0.02635036
-0.07226021
-0.04426591
-0.06235676
-0.05483304
-0.00879976
-0.02277187
0.01711234
0.02106206
-0.06466813
0.00777065
-0.02797559
-0.05338012
0.01561496
0.01270731
-0.00709507
0.02792835
-0.05056044
0.01960402
-0.03478209
0.00809951
0.03178799
-0.04391379
-0.01133918
-0.01052727
-0.00522629
-0.03580595
-0.06710985
-0.03292373
-0.01174568
0.02522579
-0.02098960
-0.05761083
-0.04839013
-0.02677844
-0.03394594
-0.06154892
0.01987468
-0.02410077
-0.02925985
-0.01656201
0.00135696
-0.01605751
0.00487470
-0.00159632
-0.03382429
0.00927741
-0.06886221
-0.00896186
-0.05785764
-0.01165317
-0.01592636
-0.06292089
-0.03864654
0.03097059
-0.02236055
0.00742137
-0.05802504
-0.01562895
-0.04494593
-0.06705097
-0.06559974
0.00691785
-0.03707934
-0.01672518
-0.03087148
-0.03930102
0.05989040
0.01441560
-0.03687447
-0.04644897
0.00616361
-0.00598136
-0.00141157
0.00142343
0.03075586
-0.06269280
0.01942505
-0.01624678
0.01309133
-0.06720026
0.03574510
0.01603349
-0.04455162
-0.00767654
-0.02987907
-0.05981624
0.00851040
-0.00553437
0.03384708
0.01138894
-0.06050169
0.01373580
-0.02119955
0.01561761
-0.03029967
0.00410823
-0.00133961
-0.01010588
-0.02854430
0.00868839
0.03113399
-0.03383585
0.00710025
-0.06812209
-0.04178949
-0.00916396
-0.01612538
0.02741488
-0.01370816
0.02625137
0.02293261
-0.00439282
0.01110522
-0.02659160
-0.04997478
-0.05031965
0.04123567
-0.03540529
-0.00635419
-0.02036144
-0.00646834
-0.03752555
0.02601700
0.01165899
-0.02915061
-0.00401616
0.01271306
-0.04265457
-0.05567355
0.02193727
0.02007383
-0.00746605
0.02080903
0.02793246
0.00151570
-0.03240170
-0.03748927
-0.04851931
0.02429894
-0.04566959
-0.01122285
-0.06361121
-0.00824932
-0.02122895
0.01034703
0.02139767
0.01341718
-0.02061918
-0.00315536
-0.00104081
-0.06359453
0.01671342
-0.01142642
-0.01324441
0.02947055
-0.00949734
-0.07249529
-0.06280997
-0.06049061
-0.02152293
-0.00167025
-0.03466233
0.00320016
-0.05052496
-0.02032074
-0.02611279
0.00958922
-0.04779185
-0.04406553
0.00577260
-0.02342954
0.03097169
0.02627281
-0.03280918
-0.01319121
-0.03256492
-0.05259803
-0.04732207
-0.05186496
0.01393367
0.00493396
0.00750754
-0.07128077
-0.06402211
0.04112137
0.07640224
0.02501421
-0.02456838
-0.02753160
-0.01837061
0.06273289
0.07467567
0.07413134
-0.02712343
0.02652110
-0.07022618
0.03118346
0.03898926
-0.02797886
-0.03655627
0.05337637
0.07898334
-0.01869113
-0.05434789
-0.06305128
-0.09976766
0.04766323
-0.00976184
-0.07503760
0.22156619
0.08937117
0.06412430
-0.05656827
-0.15281941
0.14018345
0.01607388
-0.00381647
-0.09658930
-0.15030909
-0.02479170
-0.01157573
0.01540956
-0.02885129
-0.03310662
-0.15556347
-0.06000888
0.06496184
0.09246062
0.10303015
-0.09391658
-0.10125162
-0.01144044
-0.03115819
-0.07477251
-0.00296399
-0.02226692
0.04081059
-0.01559945
-0.11628157
-0.12926359
0.01090190
0.08606817
0.14729005
0.17657913
-0.08155177
-0.09414734
-0.00497902
-0.08856034
0.06421666
-0.07332371
0.03095931
0.05887536
0.08718271
0.09984635
-0.02841992
0.00664674
0.02498323
0.15110040
0.10025535
0.11447835
0.02291548
-0.05048115
-0.17921610
-0.21902549
0.02663906
0.02269331
0.03784242
-0.10156116
-0.12294693
-0.04709404
-0.13316782
0.00648839
0.03138773
0.08906336
-0.06150236
-0.03405597
-0.04666227
-0.12265423
0.07831869
-0.03136421
0.03738685
0.05515691
0.05671260
0.03980796
0.00676807
-0.01695344
-0.07513452
-0.00413239
-0.05054589
-0.03120192
-0.00880615
0.06178633
0.01958702
0.03056545
-0.09061456
-0.05995756
-0.06580716
0.03902351
0.07893661
-0.14357579
-0.07584967
0.02973250
0.05457662
0.05223400
-0.08208780
-0.00575450
0.04155757
0.09207194
-0.03666588
0.00834627
-0.01042400
0.01684740
-0.06789619
-0.06656414
-0.07497457
-0.02657629
0.02206378
-0.02180157
-0.06941208
-0.05748383
-0.02048146
0.04563524
0.06181967
0.00398925
-0.02513665
0.05559888
0.07224408
-0.07879114
-0.02902044
0.02019749
0.06413124
0.11962724
0.05474592
-0.03031010
0.10300208
-0.11966284
-0.09085961
-0.07793995
-0.18384083
0.06207668
-0.07215148
-0.15336372
-0.02738447
-0.03480502
-0.07846431
-0.01568500
-0.15554459
-0.03393743
-0.01488479
-0.22639751
-0.07642302
-0.00467516
0.05274707
0.20621209
-0.21742073
-0.08282088
0.06614906
0.07701135
0.11325611
0.08558072
-0.02028770
-0.09010321
-0.05823015
-0.09602074
0.00639039
-0.01210525
0.02385371
0.08474093
0.02246304
-0.05392651
-0.05590373
0.09126288
0.15924999
0.00392160
-0.03260751
0.05397749
0.03949891
0.06290999
-0.01033840
-0.03062560
0.02116789
0.06206508
0.11605293
-0.07791248
0.08303031
0.22847958
0.16891585
0.01299223
-0.07792807
0.06957071
0.04720208
0.02535925
-0.03651179
-0.13242915
0.19198793
-0.05789866
-0.04377440
-0.00492815
-0.06284814
0.25841358
-0.00601735
-0.03794803
-0.00353080
0.06365444
-0.05666982
-0.00159576
-0.05060994
-0.07928036
0.07052420
0.05559026
0.06521777
0.14672011
0.12056959
-0.01109629
0.14108455
0.05543860
-0.01040580
0.02508861
-0.05870591
-0.02063280
0.00468505
-0.04417801
-0.00481283
-0.13615260
-0.03717989
-0.02340740
-0.05137498
-0.05370670
0.10115218
-0.14319944
0.09566847
0.09396552
0.04222196
0.10700792
0.02289887
0.07871662
-0.11419446
-0.13545364
-0.23993969
0.01307434
0.07222013
0.02474543
0.02701038
0.01844513
-0.06893120
0.00562020
0.09695343
0.16714813
0.15720989
0.01497590
-0.02572555
0.01957595
-0.05395132
0.09843908
-0.02295229
-0.04930937
-0.05603805
-0.01751397
0.07917684
0.02174478
-0.09154521
0.02299727
-0.03010442
-0.15071447
0.01044682
-0.07894886
-0.00707686
0.14856745
-0.07378962
-0.01716518
0.02813852
-0.03892184
-0.00206336
0.04278959
0.01623742
-0.00451234
0.09843687
-0.10054021
-0.08504023
-0.05255055
0.00510802
-0.06628079
-0.16659041
-0.09348682
-0.01104340
-0.06665479
-0.00280126
0.20656019
-0.03112646
0.08920370
0.01786298
0.00809292
-0.04044793
-0.08071707
0.08221462
0.12760900
-0.03991338
-0.00390964
-0.16511919
-0.00356504
-0.04237771
-0.04670914
-0.01589275
-0.03358547
-0.10410904
-0.02751455
0.05033604
0.04180144
0.05560464
-0.00955301
0.05202240
0.01367212
0.13538897
0.19744307
-0.08700467
-0.01011321
-0.04011567
-0.05430759
0.06478211
-0.07793127
-0.12900917
-0.11554457
-0.07328254
-0.08000081
-0.02897206
-0.08288329
-0.10447346
-0.08424766
-0.04743620
0.01736137
0.04413082
0.02465859
0.00018307
0.15034452
0.01604683
0.08680861
0.07286268
-0.03047827
-0.20727147
0.04450264
-0.00565140
0.08379836
0.05673791
-0.08973785
-0.06519975
-0.11312125
0.04568752
0.05074210
0.06484529
0.06844074
-0.06095729
-0.01388702
-0.03092646
-0.18268663
-0.02779185
0.02288625
-0.00471791
-0.03594888
0.10911082
0.01910253
-0.04318320
0.10233735
-0.04236874
-0.10706355
0.03030897
0.12541956
0.07772093
0.13730164
0.15511231
-0.01688940
0.00551408
-0.03000970
0.00674563
0.12970756
-0.03565573
-0.03304510
-0.03310344
-0.15684786
-0.11623384
-0.17248084
0.00019164
-0.00783147
-0.05435487
0.03201771
-0.19054636
-0.04361626
0.03326670
-0.06568348
-0.00182426
0.05667490
0.08708629
-0.03823302
0.00014509
0.03145944
0.10183607
0.01122924
-0.06074746
0.00689634
0.00059087
0.03823353
-0.04273812
0.00823155
0.11718552
0.14550303
-0.03784399
0.05793191
0.05577558
0.07504313
0.14026441
-0.03899403
-0.00638347
0.03718716
0.00788694
0.05010047
-0.20445010
-0.09972648
0.04841936
-0.02448653
0.01531757
-0.00797163
0.08367935
0.09948168
-0.07395900
-0.22560243
0.14017451
-0.04591722
-0.06682018
-0.16744980
-0.11993443
0.03594973
0.03429183
-0.04879580
-0.09030505
-0.02544026
-0.09233292
-0.04493520
-0.07497862
-0.11432587
-0.12039866
0.04630501
0.06740312
0.00586776
-0.05736728
-0.00195109
0.05931993
0.05202083
-0.00418237
0.00388657
0.05900268
0.00017965
-0.00306872
0.08038063
0.08496114
0.13679843
0.08464887
0.05713843
0.12984066
0.03292865
0.10284870
-0.06994350
-0.12403017
-0.06021574
-0.06903199
-0.08838426
-0.02201590
-0.02113454
-0.05658894
-0.10500200
0.01535141
0.03224388
-0.01796614
0.01288881
0.07360511
0.10881341
0.20258389
0.02526739
0.02710018
-0.05581947
-0.04633376
0.11070172
-0.00095235
-0.01070885
-0.02289482
0.19109686
-0.10419162
-0.07539079
-0.00941936
-0.10474616
0.01093576
-0.10405251
0.00487194
0.08243600
0.00695653
-0.05661345
0.09338640
-0.00961934
0.09369152
-0.05144102
0.02261364
0.08029346
-0.04085813
-0.04636546
0.03194473
0.03762436
-0.02663247
-0.03968045
0.09981370
0.05498539
0.08671814
0.00326036
0.06069562
-0.07402239
-0.06751644
0.05301576
0.14609042
0.05130064
-0.04021769
-0.10884476
-0.05860304
0.09271020
0.06062454
0.07799028
-0.08448404
0.02587362
-0.03442373
-0.04723005
-0.02976080
0.04264141
-0.08166309
-0.07296629
-0.03417650
-0.04417488
0.00709683
0.12145306
-0.22691539
-0.12811755
-0.00677702
-0.20551682
-0.15130290
-0.14106373
-0.01593304
0.17455597
0.11244891
0.00978311
0.11690135
0.05863176
0.02380673
0.01647049
-0.00710260
0.07382181
0.03549601
-0.09998300
0.06706292
0.18573795
-0.00451050
0.08444387
-0.04805066
0.13822107
0.13786423
-0.12975042
0.02742502
0.09723005
0.02247057
-0.04992789
0.00387278
0.00935314
0.01436588
-0.13198666
0.00971619
0.08584397
0.12334053
0.03173264
0.05339877
0.00485592
0.18654589
0.12126939
0.00004154
-0.08981763
-0.08661634
-0.03839034
0.02374803
-0.04291309
-0.05044037
0.01300217
0.15840979
0.03551783
0.12563945
0.08432262
0.08148151
-0.11450830
-0.02513990
0.02580912
0.07332398
0.01433058
-0.18681574
-0.04531994
0.00344592
0.09254616
-0.00983910
-0.01495545
0.10793517
0.08220110
0.02198529
-0.18524691
-0.04154332
0.01561695
-0.04301273
-0.16518302
-0.14758506
-0.29117090
-0.21214005
-0.14301389
-0.05676324
-0.00979683
-0.07348698
0.02618450
-0.04839453
-0.13330592
0.03238171
-0.03832476
-0.01802005
-0.03693580
0.01637449
0.05032196
-0.01093064
0.06979851
0.05484639
0.06137355
-0.03729436
0.09875568
0.01729456
0.04448276
-0.04160385
-0.08553708
-0.07547727
-0.09031910
-0.02262866
-0.04729516
0.00087558
0.00782788
-0.09996942
-0.05102136
-0.10441268
-0.08551830
-0.03984031
0.08828916
0.06646203
-0.09378262
-0.06121044
-0.01150857
0.03616726
0.01042808
-0.04980684
-0.01041008
0.01463216
-0.00427180
0.03561765
0.00467191
0.11614628
-0.12699205
-0.03378861
0.06963114
-0.02291785
-0.00345993
-0.00797986
0.25244704
0.12344516
-0.03599699
0.03468236
0.01952854
-0.06217738
0.03296522
0.07571626
-0.06788287
-0.05414273
-0.00435785
0.05689313
-0.02437307
0.09123874
0.07126465
-0.02258495
0.08686358
0.10914199
0.22199924
-0.02503064
-0.07899480
-0.25117889
-0.24398112
0.02136931
-0.12603818
-0.20244835
-0.15708570
-0.15996660
-0.13777287
-0.13815495
-0.05650178
0.09464215
-0.15765597
-0.06870132
-0.06794235
0.02306973
0.09504270
0.10402466
0.15042882
0.10553311
0.05053322
0.02390374
-0.03637926
-0.06043498
-0.12105182
-0.06108757
-0.02578826
-0.06580369
-0.12643142
0.04090985
-0.07583649
-0.11197940
-0.14422978
-0.25627393
0.06765153
0.08948894
0.04849697
-0.23787063
-0.19367726
-0.06843218
-0.03507871
-0.00002902
-0.04455527
0.00220600
-0.03108543
0.03298019
0.02169452
-0.07474151
0.29363200
0.00751514
0.05563486
-0.01590950
-0.06372209
-0.07187876
0.00739744
0.02648827
0.01204512
-0.05344239
-0.11023887
-0.03419532
-0.00048860
0.06470154
-0.08989737
-0.14086686
0.01178848
-0.01112659
-0.00714421
0.01004497
-0.00324494
-0.07945611
-0.01710800
0.02552319
0.02685957
0.22887234
0.06677748
0.08390298
0.07300543
0.04284469
-0.02187523
-0.03632713
0.00613543
0.02917411
-0.03602237
-0.03758328
-0.15940580
-0.07582105
-0.00234126
-0.05237492
-0.05332495
-0.10424796
-0.04522258
-0.01098693
0.01726258
0.07728291
0.12398537
0.08127724
0.02807849
0.06758120
0.11829183
0.01840334
0.00364325
-0.03075371
-0.03337012
0.01272142
-0.00923105
-0.02361909
-0.05676388
-0.01875488
0.04207340
0.03724840
0.03392143
-0.04996621
0.00929365
-0.01000835
-0.05743042
-0.05010027
0.00362017
-0.04893501
-0.02508337
-0.04571281
0.01771089
-0.01363969
0.01517251
0.02552879
-0.00463216
0.02232846
-0.03044394
-0.04282403
-0.00218117
-0.05477320
0.01952449
-0.02382167
-0.03368403
-0.04710785
0.00818600
-0.03183434
-0.04526268
-0.01418830
-0.05366712
0.02767456
-0.04412924
0.01366038
0.02148356
-0.04115508
-0.02371578
-0.04105232
-0.02558652
-0.04152200
0.00536224
-0.00685475
-0.06131356
-0.01191780
-0.07098218
-0.02109706
-0.02602498
-0.03106701
-0.02219358
-0.00001048
0.00788912
0.00802956
-0.03927809
0.01958783
-0.00931653
-0.02263554
-0.00325589
-0.02381619
-0.04958046
-0.02015251
0.01337460
-0.01169909
-0.01172135
-0.04611503
0.00245078
0.01044369
-0.05716693
-0.02047177
-0.07264012
0.02959970
0.01701333
-0.00451825
-0.01299926
-0.06880551
0.02166810
-0.05418533
-0.03427891
-0.04155124
-0.02419716
-0.00393904
0.02674234
-0.01528324
-0.05100214
-0.01212294
-0.04608750
0.00607429
-0.06318644
-0.02509474
0.01265369
-0.00441810
0.00537434
0.01595494
-0.05479536
-0.04743265
-0.00918447
-0.03339553
0.00478309
0.00079610
-0.06603844
0.01099037
-0.03206485
-0.00354680
-0.00320194
-0.03269130
-0.01194785
0.01683582
-0.00339127
-0.04815731
0.02117841
0.04006464
-0.00064024
-0.01150994
-0.04776154
0.03462462
0.02236095
-0.04407461
-0.05014225
-0.03613419
-0.01936665
0.01157548
-0.03762096
0.01739680
-0.00336861
0.01094282
-0.05489825
-0.04631197
-0.05293949
0.03625096
-0.05772106
0.03200525
0.03725688
0.01661869
-0.03248408
0.00088593
-0.03565669
0.02364886
0.01994684
-0.03718630
0.01085615
0.03189976
-0.02244357
0.01792192
-0.03164305
0.00324050
0.01078506
0.00140258
0.00813645
-0.01290247
0.02146412
-0.00802678
-0.01289654
0.05982981
0.03835053
-0.04111788
-0.02695841
-0.03205427
-0.02485082
0.03440515
-0.00380909
0.03108558
0.05616680
-0.03144801
-0.04477124
0.01424486
-0.03143599
-0.02638924
-0.01226136
0.02874634
-0.02263611
-0.03317161
0.03717644
0.03529466
0.04229331
0.00169149
0.00681319
-0.04840257
-0.00442022
-0.02835808
-0.00077068
-0.05469382
-0.05183863
-0.01762120
0.00133708
-0.06086776
-0.01944942
-0.04930967
0.00853415
0.00522829
-0.01313168
-0.01427286
0.03132330
-0.06871063
0.02979524
0.00713068
-0.05571898
-0.04231071
-0.01468026
-0.04000213
-0.00617619
-0.03286274
-0.04605287
-0.04509570
-0.01680754
0.03830987
-0.07491945
-0.01862992
-0.05440396
0.00337713
0.02566801
-0.00052163
-0.03704217
0.02244568
-0.02385105
0.02971487
-0.06919103
-0.00688105
-0.04358793
0.00019545
0.00112387
-0.00479454
-0.02899069
-0.05519113
-0.00590581
-0.03317301
-0.01058849
-0.07235347
-0.00086574
-0.06992415
-0.05203877
-0.01835374
-0.04114648
0.00244712
0.00018579
-0.03590537
-0.00757782
-0.00877620
0.00304841
-0.02657763
0.03411118
-0.03627231
0.00561273
-0.06980911
-0.05919256
-0.02872004
0.00980142
0.01590686
-0.03705444
-0.05833115
-0.07438487
-0.03496074
-0.03783542
-0.03113813
0.03676857
-0.02254309
0.01213950
-0.06921584
-0.01228248
-0.04601691
-0.01824460
-0.03425270
-0.02665802
-0.03906355
-0.04136181
-0.02876354
0.00651947
-0.04641884
-0.00041261
-0.00447086
0.02184528
-0.03603704
0.01572551
0.06735025
-0.00528040
0.01198801
-0.07267562
-0.04165102
0.03045855
-0.00395092
-0.01660271
-0.00715112
0.05130553
-0.04331355
-0.03461392
-0.00164377
-0.05397367
0.04594894
0.00378864
0.00923918
-0.04820409
0.00611170
0.00407955
0.03487192
0.03611139
0.00132608
0.04867036
0.02311493
-0.05963430
0.01655852
0.01190696
0.02284642
-0.02904761
-0.06567513
-0.00183330
-0.07505322
-0.00592007
-0.01442957
0.00155162
-0.03996488
0.06309345
-0.00111579
0.00855254
-0.04369856
-0.04388389
-0.02870895
-0.01811446
-0.02396991
-0.03438237
-0.05962063
0.00153693
0.00263458
-0.00336720
0.00470144
0.00184132
0.00811866
0.02324293
0.02231189
-0.06623005
-0.00632267
0.02568922
-0.03765138
-0.00559182
-0.02093134
0.05186854
0.05766248
0.02601424
-0.01687713
-0.04145140
0.01937139
0.00130926
-0.00166614
0.00379993
0.00980239
-0.00152461
-0.02476977
-0.04308364
-0.02390167
-0.01908321
-0.05246900
-0.00004920
-0.00615417
-0.00386667
-0.00902474
0.02115775
-0.04106969
-0.07432652
0.03946031
-0.00095032
-0.05525626
-0.06696707
0.01933450
-0.03565925
0.02042340
-0.04716308
-0.00305581
0.00625890
0.00886089
0.00082341
0.00930664
-0.04587757
-0.00107486
-0.03310329
-0.02640173
0.04387790
-0.05216258
-0.06622861
-0.06578311
0.02149156
-0.00185184
0.04094363
-0.01576295
0.04442578
-0.04624020
-0.02170744
-0.02437884
-0.02002110
-0.00301070
-0.05601816
0.01203628
-0.04683335
0.00342924
-0.04981389
-0.06090634
-0.00591651
-0.01069107
0.01932904
0.01768949
-0.15327995
-0.07528485
-0.04103480
-0.01665861
0.02154546
0.00659391
0.02311542
-0.03817249
-0.07922681
0.00556988
0.01330134
0.01623509
0.01950249
0.04714674
0.05514625
0.00512107
0.08393541
0.10304141
0.05487536
0.02390742
0.06088286
-0.00546596
-0.09974384
-0.05562738
-0.06843175
-0.09927369
-0.13988432
-0.04329723
0.10969678
0.08623847
0.08768836
0.15099321
0.09376231
0.07775389
-0.09404122
0.16437759
-0.01433488
0.00048101
-0.04386901
-0.05951200
-0.06293734
-0.13447465
-0.02431214
-0.02596135
0.07546749
-0.04181659
0.09376000
0.00971524
0.07346141
-0.04640903
0.11372962
0.03114208
-0.01822364
0.04227220
-0.13006900
0.00490556
-0.03406833
-0.03465025
0.01465491
-0.08728843
-0.03054277
-0.00708307
-0.02844185
-0.07711185
-0.13800985
0.04375109
0.09288169
-0.01458243
-0.04213429
-0.01048478
-0.02891817
0.07418636
0.04259727
-0.00848585
-0.09837134
0.12643167
0.04398477
-0.03309502
-0.02190189
-0.01390303
0.01551181
-0.09473883
0.00635596
0.08624852
0.03315423
0.00764214
0.05738339
0.02108033
0.02721832
-0.12413650
0.02918234
-0.01955219
-0.09916836
0.01069607
0.02685987
0.04472252
0.00280126
0.01282422
-0.00219975
-0.01622894
-0.01897130
0.00996587
0.02674508
0.06124511
-0.03490172
0.07299220
0.04535111
-0.07308057
-0.00127335
0.04843927
-0.02533429
0.07747581
-0.01459330
0.05104021
0.01923708
-0.16672322
-0.00467315
0.07199822
0.10164581
0.02549947
-0.00580087
0.14460713
0.06331352
-0.04567749
0.10288480
0.02850869
0.05087356
0.03773520
0.02751883
-0.02157880
0.04617633
0.09470660
0.06330259
-0.02194439
-0.04188533
-0.04956970
-0.02598285
0.01358780
-0.03678257
0.08472415
0.02797965
0.01553459
0.03937712
0.04983828
-0.03119904
0.00421810
0.00626350
-0.08900908
-0.10992303
0.00103603
-0.16963668
-0.05314976
0.05797884
0.11944221
-0.04029300
0.01618009
0.04814562
0.06738722
0.03953603
-0.01428028
0.00430519
0.00587164
0.07502157
-0.05376003
-0.02716635
-0.06172940
0.03246021
0.10829844
0.04287693
0.14506060
0.10849170
0.07836705
0.03172762
-0.05946048
-0.06598217
0.11416385
0.01465934
-0.00259341
-0.06800950
0.01752577
0.07909580
-0.01295194
0.01133628
0.02422987
-0.01480260
0.09674405
0.12352136
0.14215790
-0.03048219
-0.13046363
-0.00286258
-0.05739721
-0.10767308
-0.09439238
-0.07766256
-0.06722987
-0.12602420
-0.18236198
-0.09677348
0.04338800
0.07953779
0.05147691
-0.09132098
0.00314450
0.08789301
-0.13294949
-0.00063642
0.03391491
0.06736311
0.04796404
0.02247081
0.05111483
0.02811982
-0.04217434
0.04140532
0.04782727
-0.17662303
-0.12037800
-0.03735482
0.00618140
-0.25544423
-0.11924846
-0.08033729
-0.16889879
-0.09088752
-0.03847678
-0.08240723
-0.06806970
-0.12278415
-0.06011451
0.00052006
-0.16745700
0.00055191
0.01970815
0.11746074
-0.13628013
-0.08851166
-0.00402427
-0.05176441
0.02668088
-0.07347625
-0.05027017
-0.07332081
-0.13575383
-0.01106739
-0.00314885
0.00321245
0.04709428
-0.04097496
-0.01086372
0.05690336
-0.01286251
0.00042793
-0.06814951
0.01774384
-0.00655653
0.01283348
0.04323730
-0.07149638
0.08285107
-0.12214834
0.06169619
0.02666106
-0.03694579
-0.01949937
-0.03832505
-0.00362977
-0.05552152
-0.04170288
-0.02830218
-0.13480251
-0.20728044
-0.07372043
-0.01584651
-0.00095884
0.02301044
0.03315993
0.16905612
0.11680927
0.04356317
0.12628403
0.14947310
0.18391372
0.05610616
-0.03824752
0.07830863
0.09281304
-0.00942618
0.12239426
0.14780413
0.07972912
0.05993463
0.07294771
0.13909540
0.06990912
0.01715696
-0.02335317
0.02468272
-0.24429077
-0.12072987
-0.07468157
-0.05272176
-0.09386215
-0.22396530
-0.15731032
-0.04309180
-0.05117755
-0.02186239
-0.28914091
-0.10835806
-0.22308733
-0.14268520
-0.04962681
0.03977640
0.04357573
-0.10475701
-0.12819153
0.03291916
-0.11041465
-0.33895189
-0.08322053
-0.10594710
0.06742821
0.00634439
0.07825933
-0.02021732
-0.02681011
-0.07981319
-0.08677855
-0.21135117
0.00002417
-0.01665362
-0.06929069
-0.14023024
-0.07376879
-0.12113235
-0.12109359
-0.15209991
0.02839031
0.10291643
-0.02839071
0.01424393
-0.00724888
0.06595591
0.08492639
-0.06327329
-0.11762178
-0.06840109
0.06392296
0.11519974
-0.01371341
0.03938165
-0.06176757
-0.10677508
-0.20803124
0.04093250
0.06100630
-0.02930691
-0.06063635
0.00903730
0.05611723
0.06834950
-0.06690707
-0.03484449
0.02746781
0.00486724
0.02565884
-0.02409775
-0.03318463
-0.03036755
-0.29071739
-0.24665473
0.03981189
0.15744351
0.15811592
-0.01659447
0.09099635
0.05379901
0.04910563
-0.04406182
0.11217801
0.09068270
0.06337133
0.04889532
0.03148149
-0.10128691
0.03930394
0.03707336
0.11733361
0.03107977
0.22022934
0.04866026
0.02435423
-0.00475594
-0.08428492
-0.06662302
-0.09569275
0.04134906
-0.00114678
0.09472644
0.00202466
0.08909987
0.01520987
0.04555957
-0.05168330
-0.08767602
0.06022907
0.08486162
0.05437536
0.06370843
0.03808423
-0.01779683
-0.04696907
0.10694224
0.03847127
0.00480090
0.00264581
-0.03778313
0.00887631
0.09819842
-0.00195853
0.02052701
-0.05275960
-0.07505310
0.04225978
-0.02194499
0.03735149
-0.03470277
-0.16648218
-0.06875668
-0.14052270
-0.09404667
-0.11890435
0.03137303
-0.07220908
-0.07853270
-0.04945970
-0.04907829
-0.08208067
-0.09088068
-0.10371101
0.08865323
0.17996444
0.03528357
0.04701524
-0.04502409
-0.11239450
0.01587935
0.01977584
0.08140472
-0.02059588
-0.07915623
-0.03998622
-0.11926095
-0.09028430
0.02610449
-0.01759271
0.02790566
-0.00349680
0.04834273
0.12604782
0.05536819
0.07563327
0.08264263
0.08852671
0.04844227
-0.04734547
-0.04522627
0.01673313
0.06667892
-0.12340692
0.06750613
0.03918541
0.03825897
-0.01446296
-0.03340990
-0.12149424
-0.01401642
-0.00941284
0.04022649
-0.01804758
-0.00015497
-0.01679917
-0.10580949
-0.17668085
0.03729860
-0.03808659
-0.05832461
-0.05985557
-0.07475641
0.00980601
-0.02701812
0.01305508
0.03070571
0.02897777
-0.00378401
-0.08293530
0.02856181
0.06962528
0.05515174
0.04274347
-0.07288149
-0.09513653
-0.11211325
0.00871402
-0.08330189
-0.01191909
0.05619974
0.01835299
-0.01999777
0.18434261
0.03697332
0.02708968
-0.05979346
-0.00506460
0.17574854
0.02719981
0.01880055
-0.07271450
0.01929321
-0.01265779
-0.02218443
0.06360633
0.10770773
-0.14166375
-0.07066799
-0.02361719
0.01474547
-0.10543791
-0.02984490
-0.09684424
-0.00770845
-0.06978904
-0.07429788
0.07820434
-0.02170330
-0.06542002
-0.06096420
0.01887259
-0.02781798
0.07424013
0.03505609
-0.01155349
0.01733701
0.08709198
0.05236218
-0.02140525
-0.07695042
0.06483832
0.13045865
-0.03478736
0.08764218
-0.05159185
-0.11111735
0.11872878
-0.13943440
-0.00113482
0.01017839
-0.14219797
-0.13724391
0.16299754
0.18962660
0.14615977
0.04531989
-0.08290499
0.04464565
0.02574516
-0.06149931
-0.03869248
-0.12272304
0.00935793
-0.01541554
0.03527520
0.02971786
0.02730061
-0.06401902
-0.11722994
0.00698418
-0.00627304
-0.20937905
-0.14316589
-0.06663463
-0.01639192
-0.03603982
-0.16309503
-0.10005294
-0.19080304
-0.10310601
-0.04225847
0.01032073
-0.10591274
-0.19786730
-0.13969058
0.14533487
0.03078152
-0.10047657
-0.12344144
-0.09475187
0.05572041
0.03462575
-0.05735334
-0.01838253
0.06991336
-0.05606030
-0.00754956
0.07915761
-0.04752533
0.01952324
0.02382792
0.00296754
-0.13604589
-0.12884416
-0.17235513
0.03309391
0.02980788
-0.24986994
-0.17881191
0.01883261
0.13676326
0.06778772
-0.01587737
-0.12354545
0.04924846
-0.01233800
0.03869939
-0.06558269
0.01554638
0.05873260
0.00816188
0.04660911
0.15048002
-0.00011883
-0.04237461
-0.01691025
0.02098784
0.07751550
-0.01706546
-0.14668117
-0.08538231
-0.10722669
0.18520217
0.10636462
-0.08034568
-0.09107613
-0.09615388
0.04946936
0.05290821
0.02705785
-0.05232745
0.03701086
-0.07148092
-0.06592986
0.05823186
-0.07979603
-0.07222174
-0.01805947
-0.10347980
-0.02911736
-0.03266317
-0.10057458
0.04066548
-0.05803074
-0.01058326
0.09363675
0.04571412
0.06906161
0.07096665
0.02307859
0.07619766
0.10079939
-0.05960478
0.12798180
0.15952666
0.03922245
-0.16544735
-0.09780064
0.05308158
-0.00498774
0.00831865
-0.10736600
-0.11590634
-0.02859051
-0.04521947
0.14828573
0.04320697
-0.01933671
-0.04309084
0.03918524
0.06199140
-0.00772463
-0.02685786
0.03814851
-0.08526950
0.09269115
0.09515480
-0.16076951
-0.06264360
0.00755454
0.00656575
-0.01961675
-0.05017714
0.00229331
0.04467773
0.13681245
0.11165773
0.07652420
-0.01718913
0.04697119
0.07658661
0.17206472
0.03144794
0.11917727
0.06228050
0.03536958
0.01330647
-0.01089796
0.05222466
0.03623926
-0.09997848
-0.18480085
-0.08162705
0.01498092
0.09421817
-0.14739907
-0.24468699
-0.01411754
-0.05118067
0.06500988
-0.04065843
0.15936629
0.17194618
0.10233987
0.05073134
0.10138772
0.00006631
0.08302313
0.19174556
0.08466832
-0.03867060
-0.10320982
0.01019901
0.09681185
0.05477003
-0.12359542
-0.18480083
0.04651443
0.06447916
0.22669302
-0.03613628
-0.05825267
-0.01685125
0.02989379
0.01296889
0.03587169
0.05488262
-0.10749318
-0.07188995
0.00064456
0.10774415
-0.02712830
-0.07673873
-0.11348492
0.08651735
0.14760771
0.06512789
-0.00646383
-0.07688853
-0.01234578
-0.01039662
0.07605011
-0.08106549
0.06820836
-0.04067664
-0.02269168
-0.15287898
-0.15886241
0.03405794
-0.05293344
0.04615422
0.00132614
-0.00265351
-0.02025549
-0.01554026
0.05607732
0.00088543
0.07938423
0.11714280
0.01972649
0.02720013
0.02074081
-0.05654153
-0.02498858
-0.00217267
0.02691383
0.02673433
0.05156783
-0.03095420
-0.05506726
0.04332235
0.01291636
0.01405112
-0.01756615
0.09260637
0.11922069
0.01959846
-0.04573125
-0.01030476
-0.07201512
0.14164703
0.05964687
0.05158460
-0.00562584
-0.09239379
0.06011961
0.02935823
-0.13835388
-0.10670565
-0.03360568
0.07262162
0.06917120
-0.15179569
-0.06570304
0.00096892
0.13311803
0.13179815
0.02285604
0.09345394
-0.10671116
-0.01069305
-0.00022345
0.00551557
0.01492927
-0.16073532
-0.02817209
-0.12093618
0.01433118
-0.05179370
0.08970303
0.05798969
-0.01776766
0.11229857
0.04043032
0.07738270
-0.08566618
-0.10397800
0.07044104
-0.03438858
0.00448746
-0.00218335
-0.09642589
0.08214673
0.01700737
-0.05129838
0.06847561
0.11344577
-0.03730081
0.07560512
0.08031104
0.14038490
0.10037810
-0.07564884
0.01802193
-0.03724850
0.08190098
0.13731986
-0.22997622
-0.12021473
-0.09443504
-0.12583363
0.03548592
-0.02509321
-0.11548863
-0.01041244
-0.00915698
0.00200437
-0.00909157
-0.00018520
-0.04741399
-0.03492915
0.03882278
-0.03453323
0.04010114
-0.02013197
-0.07184836
-0.02489275
0.10853187
0.08846202
-0.00800068
0.01230786
0.09047452
-0.07434310
-0.11529154
-0.06321613
-0.06155707
-0.01511810
-0.06800454
-0.09394915
-0.02661103
0.01559776
0.00344022
0.02900350
0.02443551
-0.03848335
-0.02369044
0.04291177
0.08336430
-0.00885817
0.01676048
-0.01833931
0.00415498
0.00308239
-0.00738286
0.04181981
-0.03443424
0.01807154
-0.16119064
-0.21323602
-0.09130603
-0.02193286
0.04518300
-0.01286529
-0.02364905
-0.04986539
0.12783003
0.02168143
-0.07222587
-0.05008094
-0.02569581
0.05302610
-0.05513791
-0.00444708
-0.01556304
-0.06094944
-0.01913989
0.07198139
-0.00662500
-0.05369707
-0.01573500
-0.01063470
-0.12497696
-0.11646179
-0.01634761
-0.00361225
-0.04945411
-0.10761880
0.06372615
-0.06418904
0.03701212
0.01559428
-0.01444172
0.09626321
-0.00669978
0.04264567
-0.00824081
-0.07653669
0.08525176
-0.07323600
-0.02721931
0.04961625
0.08148330
0.08219651
0.04881341
0.07589935
0.01231344
0.05933379
-0.02560559
-0.20612158
-0.24115966
-0.00768635
0.01586800
-0.08622684
-0.15260933
-0.10985963
-0.04567875
0.09085415
0.00802455
-0.10962714
-0.01905393
0.05277037
0.07200818
0.09321148
-0.00868549
0.04064211
0.01029712
0.08659672
0.09279596
0.03393440
-0.08239637
0.03657670
0.13765462
0.07849091
-0.01573126
-0.08035348
-0.03315385
0.05176559
-0.01790657
0.07126588
0.14689501
0.06946356
0.10128672
-0.09168240
-0.07165156
-0.02072093
0.00387911
0.05246042
-0.07808547
0.04003967
-0.00585992
-0.05530997
0.02846859
-0.00461004
0.04349429
0.03366823
0.02126415
0.01343151
0.08846931
0.16416417
-0.01003922
-0.00718349
0.02489591
0.22539099
0.07837547
0.04091802
-0.05169496
-0.00093625
0.17203571
0.04085527
-0.02971610
-0.09407992
0.08095447
0.03984990
0.06904310
0.03873200
0.00004591
-0.01999496
0.09309208
0.04770532
0.03869263
-0.05658299
0.04647483
0.15540542
0.03001813
-0.02876112
0.06549638
0.03155817
-0.03823776
-0.07062851
-0.04357148
0.07162979
-0.08723946
-0.03853700
-0.01151516
0.00897662
0.06237193
-0.06387540
0.08485086
0.06600080
0.00776693
-0.01863905
-0.09001581
0.10353590
0.13024443
0.06965842
0.08824059
-0.00291215
-0.09736595
-0.11422195
-0.02598527
-0.12772952
-0.13209781
0.01580640
0.06030387
0.10422796
0.11531448
0.15775888
0.00776457
-0.09089091
-0.05413431
0.01473123
0.03829617
-0.08722743
-0.02977076
-0.09984871
-0.00349499
-0.05994760
-0.04499990
-0.05024195
-0.03512010
-0.08054468
-0.16276331
-0.11876730
-0.04001088
-0.01426838
0.09084627
-0.07977919
-0.02986276
-0.08413348
-0.00586216
0.08836267
0.06494202
0.09140520
0.04588171
0.02334963
-0.07611007
-0.00276652
0.13737640
-0.03344888
0.04007914
0.08438039
-0.09237066
0.03992839
0.01092516
0.02997194
0.07654238
-0.04908977
0.10116990
-0.01406154
0.01240376
0.10138454
0.28065535
0.33308691
0.25797889
0.00580450
-0.08124219
-0.15888703
0.08283059
0.14507994
0.11680342
0.02334632
-0.26003635
-0.10610720
0.02114677
0.04147542
-0.09998298
-0.11901453
0.03480380
-0.02507632
-0.04045242
-0.05950930
-0.03223950
0.02072068
0.04310843
-0.01594389
0.00761378
0.19993651
0.05044270
0.01788801
0.02149982
0.09758715
-0.00077206
-0.01566347
-0.03326513
0.03721586
0.09024911
0.11654393
-0.06750171
-0.04556339
-0.01850769
0.02431103
0.06496431
-0.01898847
0.06351638
0.12176307
0.02978633
-0.01659946
-0.03315892
-0.02283039
0.03296074
0.05848104
0.02293728
0.19347656
0.06207751
0.00320537
0.00068310
-0.05445478
0.15656368
0.06783716
-0.06979418
-0.00871699
-0.02482847
-0.01069262
0.00627577
0.00759255
-0.05232348
-0.00520803
-0.06047850
0.01370080
-0.04454275
-0.03186329
-0.05621748
-0.03518874
-0.08557466
-0.12034360
-0.01614946
0.00478930
0.13531600
-0.00884194
-0.05518385
0.03986273
-0.03879283
-0.02076640
-0.02541366
0.10009365
0.15817694
-0.00366005
-0.17727247
-0.01430303
-0.04644566
0.10997833
-0.05202111
-0.11282393
-0.02916494
-0.05221253
-0.05648232
-0.03377113
-0.03660002
-0.01143514
-0.00756274
-0.03044396
0.00967445
-0.05539416
0.15567155
0.10582500
0.20089546
0.05282726
0.18637672
0.17655718
0.06034513
0.01832223
0.02314640
0.06348144
0.01488316
-0.10585840
0.02543918
0.01976653
-0.11943912
0.03806145
0.06562832
-0.00932505
0.06326926
-0.07508843
0.05595032
0.06045145
0.03070636
0.01332139
0.07924557
0.06052701
0.00539616
0.02423996
-0.09392639
0.04430521
-0.02456330
-0.00583664
0.13074525
0.10502961
-0.15996946
-0.09331124
-0.03796929
0.11374880
0.07437012
-0.15447569
-0.03242308
-0.01444367
0.07026450
-0.04440049
0.00869078
-0.07426049
-0.04773924
-0.07055622
-0.02952080
-0.08083582
-0.04085276
-0.06406979
-0.06981317
0.00916499
-0.07220428
-0.00453721
0.04169896
0.06945419
0.03234606
-0.02341593
0.09332198
0.09468223
0.02358201
0.07159334
-0.02196809
0.05912364
0.07128564
0.08146946
0.03421745
-0.06814934
-0.11392029
-0.06140248
-0.01701717
0.06306900
0.11977793
0.08700069
0.06561154
-0.04966749
-0.04283423
0.01105960
-0.01408417
0.01518859
0.03980197
0.04418278
0.00840169
-0.03770942
0.08171678
0.01314811
0.05266294
-0.05639522
0.00481322
-0.04538704
-0.00232833
-0.03561903
-0.01434545
-0.00574114
-0.00877239
-0.03813282
-0.00125226
0.11935892
0.09026621
0.01916751
0.02927824
0.04720233
0.04638462
0.05756437
0.01170242
0.02362505
0.04044657
-0.00201266
0.06890354
-0.02560964
-0.03687774
-0.06967138
-0.04544401
0.00779618
0.05816563
0.00895628
-0.00512889
-0.05325185
0.03005876
-0.00682931
-0.01913896
-0.06152716
0.16666253
0.05317407
-0.06528875
-0.03868709
-0.07804122
0.14296827
0.02816648
-0.06040689
0.01290133
0.01681356
0.02741379
-0.10358468
0.01182450
0.10542039
0.09646549
-0.02450235
-0.06038930
-0.06267925
0.05918733
0.13397901
-0.00765076
-0.02181562
-0.00403738
-0.01405071
-0.13251917
-0.00094075
-0.07412445
-0.06941015
0.02235778
-0.00492805
-0.09891238
-0.10119465
0.00442379
0.10559641
0.05692676
-0.12562284
0.00448700
0.06044761
0.09436778
0.07775196
-0.07977898
0.02212308
0.08101683
0.01774324
0.05499023
0.05431304
0.05751898
0.06077751
0.02437369
0.02645110
-0.15448268
-0.04031067
0.13717845
0.14309381
0.07673921
0.00887965
-0.08526082
0.01751721
-0.00317301
0.05034356
-0.00561363
0.01034637
0.07426173
0.00446923
0.01900654
0.17272830
0.09227929
0.08935643
0.02131531
0.02483389
0.17763060
0.09920824
-0.01132882
-0.02122543
0.11634895
0.24435090
0.09186859
-0.05945167
-0.10687181
-0.01414355
0.10506956
0.00856133
0.00272484
-0.13634095
0.03453663
0.04882427
0.02569288
0.10625020
0.00972252
0.00108323
0.08877155
0.00884479
0.05940152
0.01790913
-0.00254062
-0.07693668
-0.00317047
-0.12137409
-0.03314932
0.02752733
0.05619358
0.04216658
-0.01641840
-0.01461907
0.04632414
0.07830014
0.01842334
0.07044499
0.07600190
0.03996603
-0.00872342
0.08613894
0.00955095
0.00299784
-0.08467937
-0.02007960
0.06469745
0.03385627
-0.01069414
0.02463144
-0.09126402
0.00817022
-0.03114646
-0.00848609
0.02291284
-0.00213082
0.07337148
0.13517261
0.06940470
-0.00712466
-0.13873893
-0.11659247
-0.01652309
0.06046405
-0.11056329
-0.21413445
0.00736438
0.04633371
-0.00733692
-0.04562508
-0.15693936
0.02049081
0.04259906
-0.01680493
0.08266111
-0.05400245
0.02065119
-0.01255808
-0.04559794
0.01909651
0.01141091
0.00474542
0.01035268
0.14314455
0.00943332
-0.01590003
0.03112398
0.01546391
-0.08567427
-0.15120614
0.17998248
0.05879867
-0.04263905
-0.03149140
-0.03158637
0.00954596
-0.02079061
-0.00742945
0.05455975
0.03516468
0.03398502
-0.02959824
-0.01874190
0.08564540
0.16446804
0.35260528
0.35234931
0.12213948
-0.01043931
-0.05341020
0.07007039
0.12229833
0.07312351
-0.00741608
-0.04298063
-0.00915754
0.01629410
-0.07095382
-0.13056557
0.07626878
0.04096166
-0.00921936
-0.00275332
-0.00942863
0.06514999
0.01520764
-0.01954218
-0.10240399
0.01490270
0.08787212
0.06877116
0.02964827
0.16013554
0.00191401
-0.04084504
-0.03253019
0.00187477
0.06833453
0.02396964
0.00207178
-0.07705273
0.00387008
-0.08036298
-0.06786064
0.00377587
-0.02477411
0.04977860
0.08207191
-0.01373253
0.02399272
0.05377527
0.06891564
-0.04883024
0.06823370
-0.08498160
0.04266539
0.05434030
0.08873449
-0.01684102
-0.13488020
0.07767361
0.04653792
-0.01897782
0.02093986
0.03890434
-0.17485656
-0.04062763
-0.03921231
0.04490777
0.04414999
-0.17641191
0.04460004
-0.09047264
-0.01959002
0.06399824
-0.06402744
-0.04960566
0.03088388
-0.09378292
0.04677031
-0.10047375
-0.06289341
-0.04613365
0.02423087
0.02093022
-0.06497345
-0.08368623
-0.00313902
0.02762369
-0.00904167
0.00868730
0.02615839
0.09798087
-0.05662839
0.01462935
0.07311159
0.03093222
-0.04914282
0.08092826
0.05232728
0.03697863
-0.07066060
-0.08846689
-0.03245481
-0.05643668
-0.02829786
-0.00684357
-0.06295151
-0.15450931
-0.13199523
-0.07954036
-0.08823299
0.07782108
0.12563345
0.09551910
-0.14332025
0.12310265
0.16664784
-0.02273402
-0.13778697
0.03792900
-0.02490425
0.01152725
-0.04324292
0.05576608
-0.01701915
-0.04070497
-0.00685169
0.06369602
0.03831429
-0.10400954
-0.07801171
0.02659708
0.08995859
0.07572719
-0.05257900
-0.09317426
-0.04678587
-0.11342498
-0.14924088
0.02166083
-0.07910152
-0.09170867
-0.05583379
-0.12624454
0.10340384
0.00661298
-0.05349362
-0.19910999
-0.17465192
0.11182562
0.01964671
-0.03427283
-0.08373379
-0.09154315
-0.10765722
-0.01181041
0.05511300
0.17655563
0.05686114
0.04402502
0.05272457
-0.08581994
-0.11853570
-0.05850941
-0.06445383
-0.15240566
0.05724760
0.12016617
-0.04361702
-0.06449914
0.03643326
0.02983641
-0.09239627
-0.19945495
0.04881308
0.05941623
-0.00011233
0.03735511
-0.00779389
0.01009961
0.00226306
0.03382319
0.03388521
0.07461783
-0.05009445
0.02096812
-0.02981173
-0.08082312
-0.01272283
0.04109154
-0.02316570
-0.09389155
-0.08380726
-0.06785188
0.08447082
-0.07242418
0.00915901
-0.04692100
-0.07724778
0.18196861
0.03299718
-0.03880986
-0.01333140
0.01332113
-0.03991039
0.00949488
0.06145179
0.09640305
-0.07075668
-0.04190830
-0.03334890
0.08452868
-0.00065869
0.00651923
-0.02857827
0.01501190
0.04567101
-0.09958842
0.05027054
0.05488830
-0.07432050
-0.06056129
-0.03113942
0.03177609
-0.00554057
-0.04508503
-0.12986821
-0.03959168
-0.04249158
-0.01329556
0.03771615
0.05084958
-0.08637664
-0.03787250
-0.07628673
0.04689595
0.07059754
-0.08254784
0.07837234
-0.13976932
0.15902424
0.00652279
-0.12596835
-0.00237199
0.01095207
0.13042644
0.01193773
0.06384442
-0.20847142
0.06299706
0.04261038
0.02048499
-0.09051991
-0.14873393
-0.02933308
0.04276627
0.12455463
0.04561070
-0.03766264
-0.01757238
-0.00422474
0.01795094
0.04516606
-0.01066207
-0.09940363
-0.11314368
0.00499272
0.04681633
-0.17342617
-0.11588066
-0.15579239
-0.13979384
-0.06498605
-0.00594208
-0.08097382
0.01966237
0.04655819
0.01654675
0.12247162
-0.04204010
-0.26299542
-0.29239681
-0.04091487
-0.01879489
0.04899306
-0.03621104
-0.05969056
0.02212726
0.05642101
0.00818623
0.03301768
-0.02224196
0.05454842
0.05721121
-0.16047448
-0.16600412
-0.05959315
-0.00484690
0.09538484
-0.13226534
-0.03737682
0.02751995
0.07763415
0.04903026
-0.02994482
-0.09590414
-0.00826990
-0.01614635
0.04083079
-0.08827253
-0.05149811
-0.09341340
-0.00785433
-0.03668537
0.02277766
-0.12467921
-0.06040422
0.04022866
0.05464412
0.01751442
0.00301398
0.02819958
0.03893839
-0.04975701
0.05846129
0.03533802
0.06307099
0.02953123
-0.02360870
-0.00228361
0.00165139
0.03211279
0.10063583
0.03469434
-0.03532810
0.05252373
-0.02389120
-0.10676392
0.12480768
-0.04078665
-0.06661645
0.04129586
0.05894367
-0.09206329
-0.04874549
-0.00050252
-0.03628348
0.00305320
-0.01305370
-0.04775485
-0.08567033
-0.00667026
0.03863795
-0.05335258
-0.12163536
-0.08512492
-0.09810329
-0.10257620
0.01811286
-0.00179089
0.04228984
0.12759230
-0.14745663
-0.00407809
0.05853172
-0.00393606
0.07070967
0.05788515
0.08831833
-0.02808111
-0.01644183
-0.07003368
0.21248293
0.12606566
0.01793664
0.00388755
-0.11302546
-0.01680079
-0.00706944
0.00824362
0.10005465
0.06649753
-0.01779391
0.00889004
-0.08254092
-0.02653391
0.01719806
-0.08437297
-0.05183922
0.05139925
-0.09412044
-0.14286652
-0.18599114
-0.00285725
-0.04621432
-0.02108625
-0.01044707
0.00475664
-0.02782387
-0.01094538
0.09932441
-0.05925526
-0.17113344
-0.30906337
-0.19928698
-0.13149917
-0.00368245
0.05962950
0.02175940
-0.02608754
-0.09845372
-0.07589237
-0.03241673
0.06035857
0.13165888
0.12269991
-0.03467935
-0.07064494
0.02675471
-0.01157416
0.05093686
-0.00481068
-0.09426466
-0.10391692
-0.02262122
0.05957048
0.02262536
-0.08588154
-0.30324557
-0.12077187
-0.05194804
0.06099248
0.03676199
0.07710332
0.01520485
-0.01560430
0.04796772
-0.09804784
-0.10627981
0.01644218
-0.05212538
0.06012411
0.03699300
0.04268334
-0.04792561
-0.05141582
0.03974241
0.04250589
0.03718868
-0.04361491
-0.01314608
-0.06495141
-0.05772263
-0.09182034
-0.22917123
-0.16687031
-0.02229744
0.05149682
0.05476520
-0.23978987
-0.20279785
-0.01884877
-0.03560394
-0.09135617
0.12715797
0.02799038
-0.02450171
0.11966820
0.11196547
0.00939635
0.02001099
0.02024033
0.04990066
-0.03029984
-0.05871258
-0.05913142
-0.09604597
-0.18404180
-0.12776981
-0.07163284
-0.04231457
-0.10824430
-0.04681234
-0.06300890
0.02446292
0.10754717
-0.00574951
-0.16463931
-0.08236182
-0.03799500
0.01958022
-0.00172376
-0.04800667
-0.15692607
0.01465490
0.00153519
0.14167720
-0.00913309
-0.04466170
-0.07952715
0.08433602
0.12946603
-0.08784650
-0.02713349
0.17545192
-0.04038429
0.06459755
-0.02089253
0.03304784
-0.08864976
-0.15513498
-0.02080292
-0.09127697
-0.04670185
0.05534185
0.02060930
0.11869898
0.00018386
0.16997528
-0.00019894
0.15474662
-0.06953701
0.04176879
0.01971381
-0.09420361
-0.01540939
-0.03739329
-0.01102479
0.00579774
-0.02378070
0.02768112
-0.09597580
0.02163528
0.04601154
0.04938728
0.13676210
0.04717568
0.09373461
0.10644869
-0.04544954
-0.00488950
0.03009524
0.12976989
0.01099265
0.02615443
-0.01335518
0.00512008
0.05956229
-0.05932473
-0.01673180
0.05164421
0.11250624
0.05329473
-0.13311529
-0.03301954
0.01169695
0.07374317
0.05456622
-0.00348941
0.05405381
-0.02902090
0.09954996
0.13447115
0.05880348
-0.01839776
-0.08962367
0.04004378
0.15126571
0.09295981
-0.08320142
-0.05670675
0.12242637
0.03632692
0.04026625
0.08564696
0.05616694
0.01272548
-0.04037157
-0.02690164
-0.15114264
-0.05546053
-0.05184443
-0.07218979
-0.07097714
-0.00382080
-0.00653252
-0.03251601
-0.06988927
-0.05598116
0.05198082
0.07426456
-0.06709124
0.06599785
-0.03966476
-0.03238232
-0.03676005
-0.00878676
0.06438784
0.02779950
-0.09482441
0.03941350
0.07006206
0.03238359
0.04634728
-0.06503051
-0.16618213
-0.12579626
-0.12073588
-0.00383976
-0.01569987
-0.03640893
-0.27151096
-0.11576527
-0.12174152
0.03571063
0.04353487
0.00770214
0.00837908
-0.04941526
0.01787465
-0.01708738
-0.03952226
-0.07137817
-0.06094391
0.06287160
0.01322838
0.13387170
0.03002416
-0.17321748
-0.08427972
-0.09097141
-0.01330605
-0.05712038
0.07980746
-0.16325794
0.04071316
-0.02498945
0.07955831
0.04814880
-0.02761610
0.05981790
0.06010632
-0.03589121
-0.05376007
0.00890417
-0.00148587
-0.03226105
0.04314920
-0.07451373
-0.11002032
-0.02955061
0.09461857
0.07506951
0.07789119
0.03757094
-0.01343948
-0.01673573
0.04470338
-0.09980369
0.06254411
0.10332631
0.05301998
0.05281758
-0.01118546
-0.01548634
0.10583455
0.02114670
0.16884384
-0.03355398
-0.01503488
0.02319308
0.10324347
-0.03010331
-0.08183800
-0.10011361
-0.02289404
-0.06378377
-0.23641217
-0.16613121
0.03275814
0.26884755
0.08384276
0.08584934
-0.06214654
-0.02198237
0.04383519
0.09642398
0.04387520
-0.16013952
-0.01951016
-0.03388616
0.01864923
0.08598955
-0.15350114
-0.07714415
0.01901730
0.03491937
-0.05378014
-0.02349206
0.03358099
-0.05556328
-0.03298068
-0.04902126
-0.03556656
-0.08216113
-0.13173310
-0.00279749
0.18535574
0.06295530
-0.01223666
-0.08193341
0.03421165
0.02275345
0.11333313
-0.01684891
-0.09352768
-0.03013993
0.03676843
-0.01612637
-0.16852297
-0.26304069
0.02791191
-0.03720043
-0.00541540
-0.05168274
-0.13736513
0.01480172
-0.02526757
-0.02757355
-0.06950932
-0.09368037
-0.07032805
-0.05059718
0.07130501
0.00194267
-0.05194921
-0.01458399
0.11890002
0.19371629
0.02360656
-0.00229870
0.05914290
0.16291068
0.15359837
-0.00161563
0.07269914
0.05843746
-0.16078988
0.01715058
-0.01494645
0.01399739
-0.07943606
-0.00686839
0.01642549
0.07048453
-0.01409589
-0.06368572
-0.27823383
-0.08687238
0.15276703
0.04387493
0.01422725
-0.36031535
-0.00553402
0.04999703
0.11303323
-0.02785777
-0.13915241
-0.09372258
-0.01657437
0.11172547
0.01396438
0.00663510
-0.01521226
0.01157883
0.07585046
0.07290244
-0.01055040
-0.07088738
-0.02882652
-0.11497902
-0.15634404
0.20276123
0.11435189
0.15234663
0.02550016
0.03041606
0.09620290
0.25985643
-0.11477851
0.03147296
-0.00240419
0.01249694
0.23826991
-0.07334976
-0.09206148
-0.10885512
-0.05367983
0.03083885
-0.14004743
-0.18837193
-0.15136974
-0.00926901
0.00187272
-0.08317198
-0.18067127
-0.07176144
0.02344893
0.10868572
-0.06944234
-0.08260830
-0.03578487
0.04584814
0.20775329
0.01696108
-0.14315708
-0.09506378
0.04991984
0.19181435
-0.09452429
-0.16962069
-0.10977019
0.04436453
0.00425493
0.06998933
-0.12121157
-0.01350822
-0.00866961
-0.00302861
0.11906632
0.00678437
0.02773951
-0.12228439
-0.12533227
0.14387067
0.13745929
0.01348162
-0.16670416
-0.00889774
0.04183675
0.08174455
-0.07632609
-0.10628207
-0.07353502
0.01182111
0.02576442
-0.09101052
-0.08079439
-0.05755613
0.02233817
0.03506644
0.03299533
0.05629015
-0.09066097
0.15934996
-0.03966118
-0.12837556
-0.17513639
-0.02746833
0.02242821
0.10845716
0.01736085
-0.06106270
0.01767914
-0.13653083
-0.04269538
0.02505177
0.07891538
0.07652070
-0.11585340
-0.11009894
0.04360735
0.07082039
0.16793750
-0.12987834
0.06261862
0.08985612
0.11603564
0.07565237
-0.18570739
-0.06437761
0.10333590
0.01347125
0.06583338
-0.04202350
-0.03493876
0.17271557
-0.12151118
-0.10313406
-0.00554439
0.01073680
0.08008957
-0.07358851
0.00896269
0.02904988
0.02214814
0.07306166
0.06940188
0.02946003
0.04305667
-0.00532757
0.03861272
-0.02105058
-0.06711362
-0.23176211
-0.02318800
-0.08454037
-0.07484964
0.07073543
-0.07508398
-0.00419193
-0.00586907
-0.09637434
0.01955628
-0.11906036
0.02197869
-0.12256046
0.11426125
0.02738467
-0.02308472
0.11098116
-0.04262615
-0.04172550
-0.03836405
0.06808367
0.14848362
0.02436244
0.08304802
-0.01338759
-0.15937458
-0.00239047
0.09067108
0.11183718
0.10735558
-0.05018813
-0.19912440
-0.04769278
-0.03737014
0.00210578
-0.02117667
-0.03092228
-0.07606012
0.05373342
-0.08702452
0.02921430
0.03653432
-0.00185220
0.01837359
0.00252628
-0.03188986
-0.01500876
0.01880094
-0.04632614
-0.14486317
-0.18938218
-0.11314567
0.04205757
0.02255693
0.07950523
-0.14420009
-0.12886016
-0.10919066
-0.03117641
0.24160752
-0.08552238
0.00249373
-0.03257405
-0.00641079
-0.03023023
-0.00198140
0.05886884
0.02608159
0.06760791
-0.03274607
0.04543221
-0.02218147
0.01731467
0.06811934
-0.10997083
-0.15684663
-0.09290529
-0.01104432
0.08133207
0.12172002
-0.05134945
-0.03965628
-0.00292152
0.05317284
-0.02155802
-0.07083081
-0.04332477
0.00654572
0.01946948
-0.02899343
0.01612545
-0.07000835
-0.05159554
-0.03672811
-0.00742836
0.07466032
-0.00818652
-0.04032357
-0.04188127
-0.03466005
-0.10040922
0.02418383
0.03669697
-0.04267006
-0.05703489
-0.04917587
-0.02220844
0.12057169
0.07980751
-0.03555596
-0.04591057
-0.06354859
0.02194794
0.03047258
-0.11942716
0.08216708
-0.04787399
-0.03918676
0.02268042
-0.14039350
0.08639245
0.11014313
0.08585633
-0.14616075
-0.15055928
-0.26400992
-0.13399234
-0.10421455
-0.06621782
0.25058106
-0.06230465
0.01520719
-0.04068235
-0.06700149
0.13086580
-0.01658040
-0.01326381
-0.13208906
-0.11930051
-0.05396255
0.12671165
0.00539886
0.02485482
-0.02279855
-0.04628439
-0.02205210
-0.02310318
0.05487227
0.05820190
-0.10657961
-0.18017776
0.06671296
0.11764581
-0.03477493
-0.00701562
-0.12280419
0.04341777
0.10999850
0.07914634
0.20455527
-0.15224609
-0.03151509
0.12488721
0.04358753
0.04803186
-0.14048643
-0.01940970
0.09558731
0.07066666
-0.10614787
-0.01053714
0.03496134
0.02338305
0.01835969
-0.11315624
0.17790166
0.10082126
0.19708216
0.08880360
-0.15863034
-0.16090892
-0.14513128
0.10270870
-0.05295257
0.04595612
-0.04038764
-0.02204602
0.05375844
0.02585238
0.17248811
-0.09736841
0.03980601
0.01756138
-0.02294766
0.06853774
-0.13191360
0.19321170
0.13807924
-0.01068445
0.07729724
-0.19574791
-0.29686266
-0.07441673
0.12198325
-0.04392997
-0.17276342
-0.09949737
-0.02357387
0.03984176
0.02475481
-0.08978623
-0.00561306
-0.06776514
-0.03836350
0.11370842
-0.11062881
-0.09895011
0.15950190
0.05941699
-0.03482374
-0.02903986
-0.10129800
0.04246166
0.04280211
0.02003489
-0.07818647
-0.09386116
-0.07874362
-0.02071599
-0.02561831
-0.05645612
-0.00764050
-0.07046203
-0.03164034
0.24001737
-0.00510863
-0.06829508
0.02004149
-0.14159174
0.04934458
-0.03132287
0.01641748
-0.00919819
0.02615421
-0.02465758
0.02254250
0.00829324
0.09889493
-0.07573684
-0.12934086
-0.18695720
0.07616473
0.17491786
-0.15111963
-0.05214085
-0.25043738
-0.00237267
0.13592975
-0.04333925
-0.06963607
-0.07813229
-0.08673449
0.01053048
0.01530924
-0.02852721
0.01731083
0.07049899
-0.06960942
-0.01803046
-0.08134941
0.09100439
-0.10714084
-0.17702489
-0.08530180
-0.11338407
-0.12700802
-0.14307885
-0.09634534
0.19331360
0.29204857
-0.12334730
-0.04374045
0.14786629
0.04091640
0.13752700
-0.07224214
-0.11001946
-0.17086442
-0.10815702
0.18063146
0.04467303
0.02551029
0.03970376
-0.10603675
-0.08510169
-0.06693798
-0.11275525
0.04180986
0.07409195
0.04732111
-0.11214215
-0.15453766
-0.02740396
0.04676054
0.09220321
-0.14226227
-0.00390444
-0.09613372
-0.08220173
0.16701879
0.04691879
-0.03121965
-0.09883249
-0.10933003
0.16730455
-0.01287871
0.07370368
0.00559116
-0.09247499
-0.11588035
-0.04849626
0.07020292
-0.02521208
-0.02090180
0.03868950
0.00149537
0.15439792
0.14393523
-0.05046524
-0.23755677
-0.17313500
0.06515674
-0.06505186
0.02314043
0.00551690
-0.09285396
0.06622852
-0.03617102
0.00635356
-0.13385768
0.02589373
0.13870014
-0.12733954
-0.02370623
-0.11112197
0.03091293
0.01856595
-0.01807163
0.01311142
-0.15032649
-0.07977409
0.21087889
0.04846635
0.05937909
-0.11956566
-0.17365971
-0.20070983
0.02887691
0.02658994
0.09245526
0.01192387
0.05362188
-0.09527731
0.04524384
0.05654718
0.11366095
0.10087803
-0.14371291
-0.01828872
-0.07881422
0.11033078
0.10147820
-0.06241712
-0.01007040
0.02344012
-0.00462040
-0.07226919
-0.04504925
-0.02645672
-0.06562637
0.06820723
0.06133494
0.05640828
0.02409471
0.01591664
0.01720184
0.03697351
-0.05274693
0.10846157
0.05497409
-0.06618462
0.00512469
-0.00209262
-0.03184500
0.03458614
-0.09286810
0.07440264
0.03111642
0.03046843
-0.00921018
-0.05276861
-0.03332552
0.05041352
0.02555188
0.16439484
0.05875033
-0.06890760
-0.04486144
-0.15649445
-0.05153865
-0.05716560
-0.09401791
-0.11136234
-0.02136443
-0.04328974
0.03005477
0.00405781
0.09970275
0.05552754
0.06283384
0.06567249
0.07426701
0.08503112
0.04690939
-0.05184950
0.00026817
-0.10885163
-0.14976849
-0.18329458
-0.12781008
0.05009470
0.05987165
-0.02372669
0.10052899
0.10347246
0.05506119
0.08028176
0.07258267
0.15833925
0.21316510
-0.08658517
-0.04160002
0.01871832
0.08740891
0.14428517
-0.17374738
0.05849790
-0.03518049
-0.09682816
-0.08966567
0.02572039
-0.16358542
-0.16258231
-0.27130693
-0.05787956
0.00732986
-0.01628611
-0.07768632
0.03914930
0.19525038
0.01318961
0.03187937
0.02391304
-0.03746734
0.17614333
0.06260005
0.03856675
0.01356092
-0.01260228
0.12541020
0.08772523
-0.16369240
-0.09387890
0.01349392
-0.09503663
-0.17116784
-0.16776919
-0.10822444
-0.09002741
0.00737468
0.09196115
-0.03200894
0.05420848
-0.02233988
0.01339028
0.07918353
0.08920028
0.03965995
-0.01947226
0.03514843
-0.00245740
0.03558073
-0.00164022
-0.05676567
0.02110023
-0.10874537
-0.05289773
-0.06284494
-0.07105044
-0.02913264
0.01527356
-0.06972098
-0.14305104
-0.10914658
-0.05415961
-0.03652828
-0.03249528
-0.07741022
-0.11958756
-0.08448349
0.06792092
0.09736753
-0.01194955
-0.10213616
-0.04140692
0.08020241
0.01980143
0.04216080
-0.06692611
-0.06180949
-0.04669097
0.00476699
-0.00531205
-0.06241142
-0.04882224
-0.10803277
-0.21779829
-0.04886643
-0.10473857
-0.09046376
-0.05591111
0.01425835
0.06613825
0.13877386
0.04436989
0.15798059
-0.04631138
0.06902076
0.09019859
0.12932867
0.04894779
-0.04048978
0.01393041
0.05436645
0.12182108
-0.22728479
-0.06081502
-0.02967621
-0.03633302
-0.02137367
-0.01386083
-0.01304500
-0.04480220
-0.07285400
0.15559843
0.03247406
0.01959048
-0.01248125
0.06739901
0.10206189
-0.01289650
-0.00286718
0.06146374
0.05929106
0.06000563
0.02516613
-0.00698098
0.09056172
0.00087304
0.08382486
-0.13317205
-0.00456842
-0.02909711
-0.06302868
-0.09941849
0.18064131
0.20263830
0.23255198
0.18285747
0.02742072
0.07120589
0.04748676
0.02462736
0.01451516
0.01787788
-0.01237022
-0.00030318
-0.00691050
-0.05201277
-0.03031809
0.09240904
0.09201209
0.06622249
-0.01541683
-0.06362662
0.08947539
-0.11023460
-0.05380448
0.05528601
-0.03467669
-0.00455107
0.08851839
-0.01017695
-0.11239000
-0.03281259
0.09986448
0.09112149
-0.09217104
-0.10433706
0.02896103
0.02575189
-0.00025442
-0.12874430
-0.14574276
-0.07056351
0.04376324
-0.00158343
0.01307492
0.01591205
0.02244323
0.05561557
0.00760175
-0.07088447
-0.00010651
0.06237966
0.01618661
-0.06321965
-0.14408350
-0.10195763
0.00559163
-0.07446703
-0.02699263
-0.12034658
-0.06049510
-0.00488104
0.02108765
-0.04320626
0.09938651
0.13571385
0.12191018
0.05970860
0.11784326
0.01693196
0.03944702
0.12663543
-0.06296322
-0.02766101
-0.12283255
-0.08354899
-0.04746321
0.11232669
0.07149830
0.12580231
0.03469099
0.12517123
0.00995902
0.06042650
0.07360028
-0.00989666
-0.09589458
-0.02320581
0.06428871
-0.02061015
-0.02873302
-0.07720483
-0.08228954
0.07563210
0.03724184
-0.11432957
0.00632373
-0.15107700
0.15077767
0.05558907
0.03755287
-0.03157379
-0.05904927
-0.14016017
-0.14752351
-0.06110657
0.08092973
-0.01163452
-0.07468142
-0.10113691
-0.14359136
-0.11074223
-0.01821703
-0.04049383
-0.00770142
0.01411902
-0.19183803
-0.02828956
-0.04038738
-0.00408523
0.02893753
0.13172793
0.04347244
0.00423698
-0.00640985
0.04260566
0.21097925
0.14103460
0.11917128
-0.09751119
-0.06831541
-0.19373059
-0.03294262
-0.02834006
0.05415672
-0.05354142
-0.22654685
-0.09532733
-0.09411534
-0.00146714
-0.05103390
-0.11437487
-0.01431787
-0.04878229
-0.07435000
0.02536125
0.14098439
0.06989559
0.00301472
0.00068428
-0.06122124
0.16994143
0.02579521
0.08023767
0.00170045
-0.13763475
-0.01144221
0.01865751
0.06918305
-0.05860216
-0.04581629
0.04174600
-0.00520449
0.01211521
-0.01809128
0.02633921
-0.02340488
0.08112554
0.12913939
0.02338447
-0.01383501
0.02992658
0.02713609
-0.04443459
0.05156758
-0.01402699
0.12275804
0.17237622
0.18712972
-0.00606857
-0.08628628
-0.17541119
0.20984641
0.05208028
-0.12199096
0.01519866
-0.12079327
0.03155263
0.03702710
-0.01682315
-0.00404131
0.08394950
-0.09264581
0.05629533
0.04259175
0.04176305
0.04685859
-0.05302513
-0.03290309
0.08075794
0.01534344
-0.02468475
0.01088412
-0.07003493
0.03430305
0.00897646
-0.03399194
-0.07213160
-0.06747083
0.05249350
0.03786585
-0.08389835
-0.08332260
-0.00126124
0.01885498
-0.03289317
-0.01158167
0.00048889
-0.15308809
0.03949776
0.05900287
-0.04609470
0.06200917
0.02872623
0.04623734
-0.00985912
-0.09648982
-0.01849186
0.03348035
0.11598675
0.05529773
0.04716007
0.09527717
0.10442028
0.08742468
0.06586955
-0.00888455
-0.27473512
-0.12553059
0.02699474
0.10035627
-0.05478861
-0.24040495
-0.26261508
-0.00489389
0.00359736
0.00682531
-0.12814076
-0.06755923
0.05307177
0.08170722
0.09588131
0.04710540
-0.12052891
-0.07244147
-0.02982273
-0.11913458
-0.11704649
-0.15951578
-0.02644585
0.04855028
-0.04821206
-0.10947283
-0.09618840
-0.00122256
0.00751464
0.00774546
-0.00606139
-0.03661640
-0.04037016
0.02974809
0.04353446
0.11072052
0.06471141
0.08595710
0.14035051
0.11717087
0.01352863
0.09776624
0.04622375
0.08423556
-0.04690375
-0.11489768
-0.09050055
-0.04308102
0.06936766
-0.01394122
-0.07121190
0.02320556
0.03634984
0.10694727
0.03851331
-0.15407665
-0.09566990
-0.04201808
-0.09317044
-0.10648193
-0.07114650
-0.02959517
0.04034467
0.06193187
-0.01689328
0.04744770
-0.01982242
-0.01230946
-0.08734936
0.03532196
0.04956123
0.01789535
-0.04490413
-0.07022653
0.00503699
-0.16478404
-0.03234112
0.05589719
0.01733731
-0.06826132
0.07938644
-0.10682048
0.02757450
0.03177746
0.00615528
0.27752331
0.03591985
0.06104470
0.04339531
-0.01207929
0.07621501
-0.01305357
0.02650061
0.09457768
-0.10742371
-0.09800490
-0.05171037
-0.01634931
0.01340273
-0.23054945
-0.10610189
-0.01280985
-0.04674884
0.04185984
-0.05164884
-0.04238726
0.03494244
0.03262524
0.09886594
0.15420760
0.04139386
-0.05142249
0.01616224
0.05163297
-0.03432726
0.13065323
0.10703486
-0.00031761
-0.02833769
-0.06968831
0.10201913
0.10738609
0.03964314
0.01525655
0.12048656
-0.02855482
0.08146335
0.12284427
-0.08724130
-0.09194314
-0.04825967
0.04551033
0.07091079
-0.00537907
-0.03974916
0.09038220
0.08789336
0.01485008
-0.02616948
-0.08283446
-0.01887186
-0.07193427
-0.02339457
0.02526906
0.03377872
-0.24005692
-0.19428174
0.00890861
0.02507014
-0.01460064
-0.28841317
-0.21070513
-0.03136491
0.05427040
-0.06422734
-0.19821626
-0.32208499
-0.25928000
-0.08060696
0.01581476
-0.05615932
-0.16146159
-0.09659724
0.12082605
0.08318166
-0.03005274
-0.00911997
0.00471002
0.14339685
0.01402875
0.04097486
-0.08855606
-0.02014595
-0.05631847
0.00228254
0.11316433
-0.13259488
-0.19000281
-0.02275878
-0.02469197
-0.09122423
-0.11538938
-0.18594685
0.05854281
0.00848016
-0.20895912
-0.31883684
-0.17074278
0.05137792
0.07519522
0.15959075
0.11807196
0.16489884
0.08497185
-0.01681810
0.09655375
0.06643033
-0.03621257
-0.09573387
-0.00992816
0.17163016
0.03493957
-0.07714336
0.04252263
0.04359134
0.22099009
0.12064072
-0.03174954
-0.02427816
-0.01074241
0.02674105
-0.04224817
-0.03069383
-0.06187680
-0.06320412
0.00927405
0.04388918
0.01421722
-0.08675387
-0.04700362
0.00288996
-0.04700494
0.03813911
-0.05550272
0.00049166
-0.13827349
0.00665659
0.01896576
0.03206274
-0.05290062
-0.04252676
-0.01920329
-0.05560607
0.05086246
0.08770693
0.06526392
0.00016643
0.10139898
0.10733061
0.06206721
0.10418783
0.12077632
-0.00539045
-0.02152652
0.03497727
-0.09123806
-0.05869418
-0.13137114
-0.15003234
-0.14192368
-0.20334025
-0.06752551
0.06926625
0.07702366
0.06716871
-0.02605762
-0.05122325
0.11225180
0.16873825
0.07524934
0.08159463
0.03087037
-0.05774676
-0.12643462
-0.06385189
-0.10651632
-0.16257796
-0.09889302
0.03616691
-0.07441258
0.00148347
0.07258032
0.13984442
0.08945277
0.01044249
0.07539660
-0.03342047
0.02056521
0.03522771
-0.05555845
0.09859959
0.12392824
0.05748456
0.14726275
-0.04547520
0.03235259
0.05982707
-0.09984881
-0.06946256
-0.10758317
0.07890050
0.12196083
-0.00343805
-0.18496096
-0.22016731
0.02899195
-0.05167484
-0.01128057
0.03203069
0.04023292
0.10618693
0.14945866
0.02693568
0.05480938
-0.00693626
0.20844968
0.27329239
0.13079944
0.07642024
0.04054330
-0.00174859
-0.01228196
0.06098409
0.14078087
-0.18996091
0.03968903
0.05132117
0.13142891
0.11735116
-0.02826749
-0.14487970
0.01271849
-0.00544578
0.07457960
-0.16236930
-0.26677230
-0.07554787
0.03793485
0.11164103
-0.04348858
-0.06842279
-0.08610581
0.11747218
0.15809715
0.09697525
-0.03653775
-0.05156492
-0.17185821
-0.14837527
-0.04960591
0.11675273
0.11220977
-0.12510344
-0.09615155
-0.11924312
-0.05925919
-0.17070241
-0.05740431
0.02383706
0.11069746
0.04426391
-0.07200156
0.04414640
0.05493257
0.06294049
0.05181892
0.14946741
0.08371081
0.02782487
-0.01442910
0.02598833
-0.00059069
-0.03676693
0.01938954
0.03001411
0.00048797
-0.07743055
-0.01422603
-0.00442896
-0.00395257
-0.00164636
-0.01139401
0.09843839
0.02857246
0.01206976
0.09076097
0.03325958
0.00435146
0.00233871
0.03193853
0.09028166
-0.02372774
0.01775423
-0.02935752
0.02359098
-0.02361844
-0.01527550
-0.08394466
-0.16475008
-0.03454400
-0.02189138
-0.05250876
0.05087841
0.11204800
0.22662914
0.02560171
0.05472872
0.00423911
-0.00287626
-0.05926730
-0.01679025
-0.00076681
-0.11213637
-0.02747660
-0.07223230
0.01507258
0.00384231
0.02975347
0.11079932
0.06915864
-0.04873197
0.14363404
0.13868318
-0.00793193
-0.02621107
-0.04459178
-0.02040332
-0.08372942
-0.10839272
0.06105767
-0.09758175
-0.08999851
0.09835830
0.17922963
0.11872785
0.04719372
0.08230693
-0.05266008
0.03719176
0.05139160
-0.02269518
0.01786878
-0.09468206
0.03179538
-0.02997282
-0.08857730
-0.01607673
-0.06719843
0.04689012
0.00678589
-0.02803207
-0.11873951
-0.14560048
-0.10297236
0.05518924
-0.19090319
-0.06195828
0.01812211
0.08093268
0.07483090
0.02328448
0.11191018
0.08584539
0.00219544
-0.01731562
-0.00926249
0.06653012
-0.02954698
-0.02690559
0.06942817
-0.01224671
-0.00774123
0.07675046
0.04772667
0.06008254
0.00823185
0.04626990
0.00889105
-0.00301767
0.03298823
0.05736765
0.04175333
-0.05682890
-0.07685059
-0.00166914
0.01452382
-0.03757561
0.02485707
0.00157724
0.00196282
0.03357228
0.06307445
0.03258737
0.00426243
-0.04130670
0.07924374
0.01593028
0.03405002
0.06601252
-0.02969838
-0.01731912
0.00285907
0.06037102
0.12534630
-0.05773554
-0.05521540
0.00145208
-0.05821035
-0.00009804
-0.04387255
0.04369739
-0.02988292
-0.00175130
0.07251878
0.03831597
0.06290556
0.03126973
-0.08930998
-0.06109491
0.11155490
0.04595237
0.07552893
-0.11735596
-0.09843659
-0.12151668
0.02122327
-0.00190051
0.02368817
-0.04879631
0.04868634
0.01212803
-0.03926884
-0.04036308
-0.01984525
0.26864937
0.00635779
0.02855019
0.03497006
-0.01519745
0.03298926
0.12010925
0.02258135
0.00437972
0.08458152
-0.03867543
0.03128827
0.03973947
0.05724305
0.05712279
0.07200313
0.03298727
-0.01467986
-0.07665572
0.00045027
0.15530162
0.09521085
0.04002886
-0.00394132
0.01481639
0.05594451
0.04488447
-0.00103894
0.04199654
-0.06766668
-0.00676755
0.00216902
-0.04481918
-0.00205982
-0.01130515
0.08158763
-0.07364319
-0.09491031
0.08072817
0.10834996
0.04606485
0.07429866
0.15716998
0.27175406
0.07892728
0.09712856
0.06503839
0.09224803
0.02902034
-0.00605248
0.09144246
0.13240898
0.07231939
-0.08867155
-0.13311437
0.01300348
0.13331339
-0.01145173
-0.14794427
-0.08034536
0.10776497
0.11376405
-0.04384100
0.10157059
0.05949393
0.04413893
-0.02220794
0.08915152
0.09958238
-0.06787863
0.02277191
-0.08864392
-0.12723714
-0.12008635
-0.08543907
0.01549353
-0.13725297
-0.01954784
0.01214308
0.00930971
-0.02424344
-0.01920430
-0.00064040
-0.09892015
-0.02029631
0.05586612
0.05011933
0.05256374
0.01959983
0.09414618
0.12149218
0.02653362
0.01122725
0.01050813
-0.09200396
0.11498383
0.04220044
-0.01048839
0.03956803
-0.04593847
0.01040812
0.01618209
-0.04605654
-0.01503820
0.14137134
-0.00853283
-0.00088319
-0.00363749
-0.03792671
0.03329767
0.01954013
0.03776202
-0.05031241
-0.00384703
0.04757453
-0.02840522
0.03345589
0.16613829
0.01698333
-0.03070728
0.06380723
0.00217144
-0.05548209
-0.03994760
-0.02679969
-0.10253430
-0.03439238
0.07636739
0.07191914
0.19958265
0.21970479
-0.01660465
-0.06132885
0.02323382
0.00913649
0.02117891
0.00809839
0.02820254
-0.02691000
-0.13761601
-0.10022809
-0.04582619
-0.04549970
-0.02883138
0.02657667
-0.10854852
0.07475056
0.05134727
-0.12515599
0.02011052
0.00335627
-0.02492196
-0.09907730
0.07094194
0.00467261
0.11795523
0.01616976
0.01465962
0.10920145
0.12061774
-0.15636455
0.03821764
0.00545349
-0.01653171
-0.03503012
0.00331363
0.02231618
0.03007708
-0.05594877
-0.17344095
-0.14139470
-0.05141470
-0.15319377
-0.01009046
-0.02098570
0.18782534
0.04026100
-0.00354635
0.09535500
0.01854227
-0.01489429
-0.01913450
-0.01812936
-0.04275172
0.07426132
0.01246340
0.08132305
-0.06811358
-0.07283321
-0.05522110
-0.15546609
0.06333499
0.18668889
0.10879096
-0.06485241
0.02332953
0.05126377
0.03027376
-0.09758332
0.03682955
-0.03705726
0.02218302
0.01201277
-0.00624900
0.07260431
0.22562715
0.02713269
0.02767916
-0.03950143
-0.10792562
-0.01021044
-0.01653930
0.02178101
-0.09417011
-0.17791693
-0.16873269
0.06422349
0.13911429
-0.04087916
-0.08868595
-0.12100448
0.10556344
-0.17784616
-0.13769071
0.05925477
0.05903034
0.17027648
0.04751428
0.03490756
0.07264394
0.10591421
0.08799204
0.08337436
-0.04927950
-0.10375990
-0.19210769
-0.17057925
-0.03737881
-0.03164209
-0.08794500
-0.08470293
-0.01984973
0.00380599
0.00959790
0.02978328
0.02469833
-0.01398329
-0.03127712
-0.03332960
-0.03998962
-0.02215500
-0.00166621
0.04604376
-0.03236324
0.00834950
-0.01934904
0.02858604
0.04945606
0.02992953
-0.00800247
-0.00565399
-0.01760115
0.01198821
-0.03733740
-0.01753237
-0.02032120
0.01044680
-0.04064151
-0.04568989
0.02530738
-0.04230158
0.01633696
-0.01851127
-0.03432829
0.02101319
-0.04890376
-0.01009759
-0.03628897
-0.01733834
-0.00790127
0.00912554
0.00982936
0.03995587
-0.05039361
-0.04422124
-0.04335014
-0.01750151
-0.06513450
-0.01581274
-0.02409106
-0.05642343
-0.03398502
-0.05367157
-0.05536053
-0.05783885
0.02096376
-0.05230994
0.02284827
0.02548511
0.02786475
0.00784371
-0.01920954
0.03269636
-0.04153146
-0.03658259
-0.03829983
0.01948044
-0.03637030
0.02258949
0.02552563
-0.01342492
0.00844721
-0.03079820
-0.03475530
-0.00749431
-0.01656995
0.00301228
0.05417873
0.04657407
0.03108115
0.01741770
-0.00738994
0.04656294
-0.01468588
0.02399271
-0.01299174
-0.00999849
-0.01167313
-0.03027864
0.00700298
-0.00774248
-0.01554960
-0.04705170
-0.03721663
0.00906984
-0.03945065
-0.03550922
-0.02766279
-0.02747102
0.04128778
-0.02690902
0.00371898
-0.03219881
-0.03112626
0.02826116
-0.02254086
0.01753112
-0.00340968
-0.00892129
-0.04686960
-0.01292332
-0.01598773
-0.05519851
-0.00327665
-0.04670986
0.00803193
-0.02340300
-0.04001203
-0.03210219
-0.02614660
-0.02837903
-0.01913948
-0.04391541
0.03695150
0.02412602
-0.02408353
-0.00988198
-0.01472534
0.01254026
0.03503041
-0.05633165
-0.00510441
0.01118899
-0.02865329
-0.01721483
-0.00434220
-0.02124091
-0.06270979
0.03435458
0.04738940
0.01669231
-0.02845952
0.03125351
-0.02409248
-0.04482805
0.05451730
-0.00808818
0.00216061
0.03480901
-0.04356775
0.00952046
0.01423384
-0.00702609
-0.01959683
-0.03167327
0.00447320
0.05780367
0.00811496
-0.03565487
-0.00927582
-0.05162089
-0.03380073
0.01565432
0.03394800
-0.01895805
-0.05721616
-0.00612179
-0.02896874
0.00494305
-0.04370001
0.02204774
-0.07606447
0.02321266
0.00291153
-0.03835643
0.00533177
0.00066771
-0.02362555
0.03355288
0.02220608
0.02274152
0.00329625
-0.02329596
-0.03912333
-0.02488172
0.03057047
0.02943170
0.04598843
-0.03347927
-0.04764542
-0.00736324
-0.03747111
0.03824076
-0.00199772
0.02545548
0.00695319
-0.01535566
-0.02904781
-0.02079146
0.01707941
-0.01076299
0.00994685
-0.01738170
0.00134070
-0.04010298
-0.06954227
-0.05541162
-0.04604535
0.00607263
-0.05544896
-0.01563092
-0.03837911
-0.01334570
0.00520206
0.01993006
-0.01181302
-0.02628949
-0.00155163
0.02239662
0.01214978
-0.01428933
0.01060404
0.00506591
0.02470645
-0.02416879
-0.03338975
-0.05597631
-0.02700556
-0.01112851
-0.02522166
-0.05381125
0.01745057
-0.01623210
-0.03689845
0.02459828
-0.05915153
-0.02381061
0.04736183
-0.01615449
-0.06631389
-0.03707637
0.03320415
-0.05451478
-0.01594153
-0.02174870
0.02156196
-0.03676489
0.03362455
-0.07042830
-0.00064507
0.01714380
0.01159147
0.00320308
-0.03647241
0.00174942
-0.01468829
-0.00906299
-0.03452909
-0.01468184
-0.01161197
-0.04505857
-0.01823619
0.02370500
-0.04918385
-0.00434732
0.03464751
-0.01327078
0.01573236
0.03380895
0.03208448
-0.01239174
-0.04464135
-0.01993678
-0.03593687
0.04396322
-0.01112647
0.01452858
-0.07394964
-0.04959617
-0.07425566
-0.04757498
-0.02820724
-0.05490344
-0.01450612
-0.03392426
-0.01254083
-0.03177733
0.00558774
-0.03522990
0.00736138
-0.02986131
0.02279298
0.00402502
-0.05242367
-0.03183325
-0.03376365
-0.05933861
-0.04430114
-0.02568207
0.02317218
-0.04018210
-0.03268279
-0.02517440
-0.00217707
0.03868218
-0.00444053
-0.03327533
0.02139803
-0.03222726
-0.04047928
-0.01531414
-0.04119063
-0.05386188
-0.00083855
-0.00162908
-0.01296306
0.02224788
-0.02419951
0.00477479
-0.00074040
-0.05581697
0.00612970
-0.05475304
-0.00749913
-0.05722229
0.01257284
0.01792887
-0.00218355
0.03784616
-0.04480624
-0.05526596
0.00482904
0.03661746
-0.00217086
-0.02773481
-0.02124296
-0.06169972
-0.02975857
-0.03220187
-0.04068086
-0.05078147
-0.05397659
-0.02621846
0.00719765
-0.02388367
-0.02658209
0.00812416
0.03686662
0.01864106
-0.05851022
-0.02653131
0.01882607
0.00102902
-0.02505381
-0.05379890
-0.01134291
0.04630316
0.02623419
-0.00729107
0.00619014
-0.01772816
-0.03404915
-0.05082321
0.02080572
0.04199309
-0.04497544
0.04291108
-0.04235557
-0.01582300
-0.00792802
0.03432287
-0.02627419
-0.04593150
-0.05156307
-0.02166745
-0.01073962
-0.03904849
0.00814503
0.03861444
-0.02396842
-0.04397621
0.02471401
0.03490979
0.03338727
0.00402773
-0.03844375
-0.01838157
-0.03190070
0.01749371
-0.05933379
-0.02144298
0.05267651
-0.00720904
-0.04194861
-0.01530600
-0.03371610
-0.00632340
-0.06034796
0.03349334
0.01221227
0.01298622
-0.07261862
-0.13675290
-0.01086974
0.03664109
-0.01452593
0.00254966
-0.07426345
-0.02621095
0.00373696
0.03048452
0.04421683
0.04445619
0.02004119
0.01363460
0.08980112
0.14082952
0.10346061
0.07175624
-0.13963921
0.02430827
0.11431407
0.01034434
-0.04370359
-0.13127132
0.03440753
0.12392062
0.01909475
0.08409730
0.07737029
0.02444227
0.01507926
-0.07408269
-0.06184014
-0.06223760
-0.20285486
-0.08005643
-0.12509084
-0.06092389
0.02061883
0.01476883
0.01635981
0.02861958
-0.05168499
0.02268150
0.06632539
0.03566850
0.09303849
0.16082293
0.11200240
-0.03278074
-0.13859271
-0.04986545
-0.04034208
-0.08091146
-0.02242771
-0.15277207
-0.05910644
0.05857350
0.05450325
0.02848879
0.08691267
0.09147011
0.09569388
0.02156791
0.05301764
0.07492322
0.05462772
0.04480646
-0.00754460
-0.05425847
-0.00649381
-0.03453934
-0.08059287
-0.05353334
0.01884861
0.04712492
-0.03650258
-0.09567326
-0.06783801
-0.02246839
-0.04255862
0.09618849
0.05603715
0.12791704
-0.03690774
0.07021131
0.01960060
-0.04750489
-0.02877529
-0.14363112
0.01120213
0.10778502
0.00770735
0.00825354
0.01338371
-0.01315355
0.09790235
0.01454644
0.03525683
0.01053246
-0.11372986
-0.02740419
0.01539850
0.05046161
-0.00197195
-0.02968213
-0.09090182
-0.07369752
-0.03121524
-0.00886696
-0.01690088
0.11272487
0.00827962
-0.00449199
0.03416080
0.03127535
0.08408272
0.03456537
-0.00076335
0.05481280
-0.01782170
0.03646801
0.03552042
0.08181170
-0.01223043
-0.25377661
-0.12157560
0.01697987
0.03588166
-0.02781608
-0.28915104
-0.12261895
0.02107670
-0.02336321
0.02920475
-0.06647783
-0.13219669
0.00769047
0.04736491
0.15513353
0.04641515
0.05875890
-0.06951516
0.00324902
0.04286581
0.06467594
0.12806015
-0.00602811
0.01345340
0.03624417
-0.11796681
-0.03554362
0.11369821
0.01913846
0.05241261
0.00678500
-0.00459476
-0.16442676
-0.11687827
-0.07651716
-0.00532696
-0.07012023
-0.07925725
0.02169241
0.04957834
0.10377230
0.08242728
0.14409418
0.07902598
-0.07640896
-0.04390176
0.07937918
0.05328659
0.02825948
0.11258096
-0.12303841
-0.16932231
-0.09892137
0.04056498
0.09491838
0.15848866
0.05856890
0.05171230
0.02304140
-0.03661288
0.16483276
0.13959561
0.04867713
-0.15122654
-0.01610450
0.12928244
-0.03018910
-0.02635144
-0.00314534
-0.01547432
-0.08502410
-0.04897600
0.02406142
-0.08203974
-0.06635865
0.05823375
0.07505359
0.00584656
-0.00858304
-0.05583463
0.06832297
0.08165681
0.05023725
-0.00514094
-0.02921778
0.21678698
0.08762864
-0.02852202
-0.00992265
-0.02217420
0.09532741
-0.05554988
-0.08555280
-0.02553865
-0.04454993
-0.09568822
-0.05487217
0.02075499
-0.02245516
0.00023231
0.13279502
0.08878283
0.01093910
0.06057302
0.03322446
-0.16766147
0.02596760
0.01822834
0.12648214
-0.01294584
-0.39845031
0.01019643
-0.07177079
-0.07889944
-0.10600432
-0.18199177
-0.09781285
-0.10779531
-0.00205575
0.06715026
-0.05179911
0.12804036
0.06473126
0.05969860
0.14697273
-0.11612234
-0.14081912
-0.05558755
-0.02954680
-0.00420836
-0.06245825
0.06472635
0.09158912
0.06465679
-0.03354260
0.09391903
-0.03848719
-0.05014472
0.06155485
0.11537869
0.15453035
0.11820224
0.00798044
0.08657262
0.11375327
0.05469455
0.00740892
0.00530519
0.00056108
-0.01500449
-0.14965641
-0.29056591
0.07397190
0.00462897
0.04762526
-0.14298904
-0.20382959
-0.14820065
-0.00794129
0.10699759
-0.05598436
-0.10790135
-0.14948997
0.06718177
0.06986205
0.12201712
0.09639019
0.07026868
-0.01796564
0.04178348
0.00972296
0.02570929
0.02990064
-0.00213785
0.03134045
0.02371579
0.10474576
0.14378867
0.02214913
-0.07475919
0.10816158
0.10161556
-0.15020436
-0.00636061
0.08663701
-0.03069396
0.04628251
-0.09275224
-0.05963454
-0.02475489
-0.10650226
-0.07745485
-0.07969983
-0.19044024
-0.24226464
-0.04289441
0.10446215
0.14449134
0.05157918
0.08847050
-0.13707466
-0.06911878
0.02166294
0.02038827
0.07649317
-0.33339468
-0.25998566
0.01499613
0.04702951
0.11626092
-0.26613459
-0.11757310
0.04005574
0.18338789
0.11292594
-0.02341305
-0.09503428
-0.01553422
-0.00725556
-0.18820570
0.11979336
0.16755956
0.09828205
0.00686369
-0.05758102
-0.07877677
-0.01984661
-0.07808683
0.00112578
-0.02477004
-0.10887204
-0.04887183
-0.07884299
-0.02492002
0.01658651
-0.05121723
0.05588700
-0.13211671
-0.00362100
0.05010149
-0.02951791
0.08952665
0.06468095
0.02431238
0.08183995
-0.03420372
0.02606629
0.08623407
0.08332672
0.02339750
-0.11037976
-0.15012519
-0.08799433
-0.00250357
0.03325247
-0.04893671
-0.06175025
-0.11176012
0.10455807
0.13358922
0.07715180
-0.07185462
0.05546842
0.03846717
0.02426544
0.22787499
-0.00202296
0.15533455
0.10587430
-0.02088675
0.07176186
0.03342377
0.01847408
-0.07231509
-0.06187031
0.11462191
0.00038644
0.07911020
0.07841713
0.07224000
-0.04883820
-0.16130187
0.05656675
0.04120641
-0.06099069
-0.00555238
-0.12022520
-0.03571736
-0.02295487
-0.06934477
0.00379748
0.00839001
0.00082926
-0.09114744
-0.04190492
0.05389011
0.00509339
0.08212644
-0.00373691
-0.13869990
-0.10734778
-0.03767025
-0.05913968
0.03163952
0.03803432
0.09493537
0.13878356
0.06723280
0.10545355
0.11452716
0.08293130
-0.03343594
-0.04227116
0.04083228
0.06427913
-0.13429357
-0.12853207
-0.01094737
0.07014108
0.05134844
0.00020756
-0.02660364
0.03758249
0.00396064
-0.00131663
0.11479726
0.11252986
0.09139593
0.08580486
0.11503673
-0.09571051
-0.15199620
0.03790285
0.12156496
-0.01719925
-0.07962437
-0.09126920
-0.07894601
-0.10548538
-0.20698136
-0.05909294
-0.02042383
-0.01776979
-0.07590645
-0.20649669
-0.00565615
-0.09013006
-0.09900846
-0.02236581
0.01468179
-0.02033609
-0.02943660
-0.05780462
-0.07035404
-0.06042251
-0.09595875
0.01661111
-0.01908088
-0.04916015
0.05575920
0.02419549
-0.00198314
0.04773050
0.05818370
0.07302025
-0.06153047
0.00247919
0.01133788
0.00881340
0.07400102
-0.12838957
-0.02304075
0.07355727
0.01278672
0.07051899
0.10389150
0.06547080
0.00621007
0.07266448
0.01981651
0.02488072
-0.04343287
0.05499990
0.09892569
0.07872137
-0.11480948
-0.10542348
0.00793357
0.06351148
-0.02322903
-0.01410859
0.06411099
0.06891934
0.05441917
-0.03057167
-0.03281800
0.01862500
-0.03047474
-0.05727608
0.00386700
0.08667665
0.12187269
0.08528927
0.09139627
0.05603098
0.05584595
0.05774018
0.04889561
0.16074112
0.22218297
-0.09947033
-0.08849864
0.02802266
0.03280653
0.18071896
-0.03881209
0.01304362
-0.01951174
0.04546830
0.06516203
-0.00371361
0.03901236
-0.03865965
-0.10123883
-0.21493545
0.07002834
0.03765963
-0.02008593
-0.00098636
-0.06372566
0.05367703
-0.13662390
-0.08008567
0.12109045
0.19004086
-0.08711519
-0.15295801
-0.03509019
0.09940672
0.13966088
-0.09356982
-0.01673174
-0.00221080
0.06933759
0.00696921
0.07210509
-0.00526889
-0.01745127
-0.06740016
-0.14879426
0.02841198
-0.07960671
-0.03597436
-0.07654829
0.04088878
-0.00073138
-0.01331961
-0.01194545
0.05471854
-0.06339036
-0.02028960
-0.01735458
-0.01929285
-0.04740535
-0.08552890
-0.08831461
-0.06348169
-0.07187668
-0.05573625
0.07113788
0.03289774
-0.06472006
-0.01514477
0.06641711
0.13295242
-0.13947855
-0.12350601
-0.02977952
-0.06936860
0.02523105
0.00537677
-0.02564465
-0.10019792
-0.04801977
-0.00533258
0.11498912
0.07339591
0.08860825
-0.08876261
0.06309932
0.18979762
0.10563577
-0.05750898
-0.00204369
0.02074851
0.08860657
-0.06620137
0.04589856
-0.01263683
0.00409668
0.08118942
0.18660600
0.00731492
-0.03170562
-0.17680316
0.03719947
-0.02879350
-0.11765373
-0.04878195
-0.08979336
-0.05118980
0.05247835
0.06112843
0.04441252
-0.00326206
-0.03309425
0.02816554
-0.01613505
-0.04420565
0.08875537
-0.07071882
0.06348994
-0.01893126
0.05775211
0.12814459
-0.05542415
0.02411176
0.03815776
0.03831710
-0.08712950
0.01678067
0.11742729
0.10714363
0.09824225
0.07758390
-0.06654122
-0.04876069
-0.02426680
-0.03756805
0.06155782
-0.05240083
0.00271343
-0.11281552
0.02358996
0.08842278
-0.04124847
0.03892066
-0.07992735
-0.02506205
-0.01006380
0.01434792
0.01172225
0.02773021
-0.01503883
0.04705693
-0.08875371
-0.14407021
0.03232342
0.10191593
-0.02192855
-0.08779821
0.01440145
0.08465046
0.10296810
0.05782374
0.04703089
-0.05206761
0.07519433
0.04309732
-0.04091292
-0.02746464
-0.05362721
0.13483322
-0.00476093
-0.34570137
0.03894147
0.05050885
0.11659401
0.04882216
-0.13477430
0.02662832
0.05874032
-0.03504164
-0.23822509
-0.28650713
0.03200787
-0.07004322
-0.05337114
-0.03807329
-0.03688673
0.05947154
0.04712508
0.02943285
0.11970218
-0.03600870
0.05635859
0.09369311
0.02277153
0.03245978
0.10086512
0.18079662
0.29529533
0.13011183
0.06363565
0.05053695
0.01912315
-0.00572491
0.00679746
-0.07641715
-0.07465046
-0.07059258
-0.09323481
-0.01950116
0.08202039
0.09390440
0.05502724
-0.00354969
0.03923552
0.03826560
0.05962536
0.06655526
0.01349660
-0.10552704
0.02034745
-0.11051784
-0.12668493
0.00284230
0.05362152
0.05089724
0.10568127
0.06228090
-0.02321478
-0.05721055
-0.01502779
0.08613200
-0.01563786
0.09071190
-0.09577797
-0.05265213
0.21074864
0.00143097
0.08105384
-0.00062847
-0.03624588
-0.07182032
0.01154550
-0.00512906
-0.02165948
-0.22031987
-0.24549288
0.07249253
0.07448141
0.02734235
-0.02749623
0.01343376
0.05428939
-0.07319945
-0.00761187
0.09998259
0.02929468
0.12985766
-0.13331154
-0.11321856
0.05617923
0.03588187
0.02972525
0.13062632
0.04685316
-0.04487178
-0.19998135
-0.04088018
-0.05163043
0.03820973
-0.04331430
-0.15162478
-0.04506097
0.00164567
0.03448874
-0.03865057
0.01722890
0.03132441
0.03580823
-0.03004244
-0.04264705
-0.05052242
-0.00650680
-0.03801147
0.01609890
0.01980839
-0.05577835
0.03063670
-0.05359458
-0.03107736
-0.05294827
-0.04847570
-0.02540567
-0.05556414
-0.00272078
-0.04515403
0.02801645
-0.01768618
0.01205873
-0.02197720
-0.00180267
-0.03506841
-0.01639306
-0.01984326
-0.00879454
-0.01772571
0.02876747
-0.04599281
-0.05135784
0.01021202
0.02237036
0.00361925
-0.02304518
0.03165124
-0.04679183
-0.00815107
0.02459533
0.00677421
0.00263460
-0.03723050
-0.02614149
-0.00786242
-0.04447556
0.01946183
-0.02924771
-0.04835508
0.02853013
0.01844202
-0.00054699
-0.04441907
-0.03097259
-0.02474522
-0.04722005
0.03981750
0.02258949
-0.04211577
-0.01265634
0.02091993
-0.01217586
-0.00339347
-0.01024969
0.00676862
-0.01784517
0.03265305
-0.04269687
0.03449715
-0.04469210
-0.00140218
-0.00348070
0.00349047
-0.00319562
-0.04333722
0.00933128
-0.01673750
0.03591266
0.02234966
-0.04008024
-0.00520039
0.02419136
-0.01740392
-0.02880841
-0.02420844
0.03563198
0.01182590
0.01751274
-0.03702356
-0.04876115
-0.03932004
-0.00522702
-0.04114908
-0.00993091
-0.05488573
0.01435127
-0.02756771
-0.05657030
-0.00457831
0.02127137
-0.02063341
-0.04169009
-0.00504143
-0.01165102
-0.05715268
0.01631223
-0.05046458
-0.03197557
0.03494301
0.00472984
-0.05766607
0.02079786
0.03122371
-0.02640579
-0.01117178
-0.06233268
-0.00037106
0.00332805
0.03559414
-0.02578128
0.01813976
-0.03581569
0.01376121
0.02430866
0.03084462
0.03565957
-0.05598621
0.00536849
-0.00583945
-0.04776702
0.03805179
-0.00044994
0.01480965
-0.02857173
0.00256502
-0.02526060
-0.04294194
-0.04551481
-0.02625716
0.03467752
-0.02710493
0.03244516
-0.03313629
0.02966607
0.03246186
-0.05761669
0.01878471
-0.04013547
-0.01365496
-0.01354411
-0.02546604
-0.03937315
-0.00245238
-0.03306614
0.04612767
0.01894275
0.01232758
-0.03461630
-0.02875993
0.02901906
0.03346517
0.03477383
-0.00346766
-0.01714871
-0.05628249
-0.03493409
-0.03342079
-0.01621621
-0.03279972
0.03549237
0.02374411
-0.03017063
-0.03191996
-0.03219215
-0.05630061
0.00787982
0.03957828
-0.00457702
-0.05065359
-0.03195260
-0.05658425
-0.00916166
0.01197119
-0.01705831
-0.01031052
-0.00433210
0.02410540
0.01145325
-0.03486129
-0.05732885
-0.03762545
0.00071616
0.03465559
-0.03251037
-0.02295361
0.00574827
-0.04087408
-0.05723514
0.02912620
-0.04190153
0.03704724
0.02262886
-0.01148343
-0.02221664
-0.03038564
0.03391708
0.00691483
-0.04319681
-0.02698637
-0.02983514
-0.01083252
0.00487015
-0.02884879
-0.05554767
-0.01147021
0.03495652
-0.05314743
0.01232943
-0.01015154
-0.00829101
-0.02075492
-0.01474217
-0.04391312
-0.05011832
0.02806604
0.01636938
0.00917483
-0.06041727
-0.04882263
0.03870124
-0.05741590
0.01225794
0.00938954
0.00887466
0.01247373
-0.02736265
-0.03085755
0.02870979
0.00982595
-0.05522199
-0.03750312
-0.02798695
0.02374136
-0.06054700
-0.00186224
0.00059335
-0.01402548
0.00870301
-0.03637495
0.02195637
-0.02764590
0.01458846
-0.01839282
-0.00862156
-0.01669558
0.01655594
0.03122913
-0.01807145
-0.02042225
-0.03564406
-0.01791350
0.03075585
0.02433499
0.02952445
-0.05581884
0.02322538
0.03184395
0.02847055
0.02530622
-0.00132248
-0.02877093
0.01942624
0.00362174
0.00692472
-0.03741532
-0.04956207
-0.05113521
-0.00743529
0.01207267
0.00911269
-0.06337948
-0.01829955
-0.02511953
-0.01344828
-0.01592236
0.01089094
0.02848537
0.02535706
-0.03342523
-0.04663663
0.00515686
-0.01830514
-0.01945684
-0.04699757
-0.05670691
-0.03785343
0.01841717
0.01981305
-0.05285490
0.01147037
0.00758479
0.00682483
0.00393275
-0.01783264
-0.01597811
-0.00917912
-0.06261528
0.00746926
0.02604350
-0.04749657
0.00226845
-0.05459874
0.02677198
-0.07692834
-0.07328518
-0.00225673
0.01982580
-0.00119776
-0.01952129
-0.02542876
0.01053581
0.02327043
-0.03499728
-0.04198435
0.00385554
0.02742233
-0.03999089
-0.01260452
0.01239673
0.01641270
-0.05233848
-0.02702000
-0.04845188
-0.03410935
0.01581345
0.00160708
0.04538834
-0.08288618
-0.04883136
-0.02465493
0.04185623
0.03787370
0.00377787
-0.06455051
-0.00792948
-0.04008901
0.03716193
-0.01472220
0.01670530
0.02671089
0.03018665
-0.03994187
0.05325675
0.02134003
0.00131440
0.02919051
-0.01426086
-0.02782342
0.03976224
-0.04899445
0.01232109
0.02194369
-0.04555391
0.01679359
-0.00311054
0.02246634
-0.03326802
0.01267729
-0.00238948
0.01603413
-0.03503403
-0.01111711
0.02882688
-0.00223405
-0.02766920
0.03094727
0.01987268
-0.02114858
-0.00220779
-0.06103615
-0.05056693
0.00423882
-0.03024849
-0.01738429
0.00977622
-0.03051889
0.00028633
-0.00594365
-0.03994868
-0.04265895
-0.06455411
-0.04374522
-0.01457907
-0.03463446
-0.04613957
-0.03984908
0.04108582
-0.01652964
-0.04372963
0.02063253
-0.02992690
-0.05425279
0.03599955
-0.01705991
0.02101983
-0.00237907
0.02241031
-0.05713784
0.00854499
-0.05744547
0.00548061
0.01884730
-0.04346531
0.02253875
-0.03084388
-0.00087095
0.00206982
-0.01495549
-0.05170520
0.02799269
0.02370865
-0.05624258
0.00981200
-0.05570748
-0.03119102
-0.05733247
-0.01454941
-0.05139517
-0.04428476
-0.04805056
-0.03885742
0.00512648
0.01191782
0.01283095
-0.00435068
-0.02225701
0.01755967
-0.00382524
-0.02570873
-0.04648508
0.02554673
-0.05121141
-0.05547601
-0.03274778
-0.02913565
-0.05714839
0.01809234
0.03408706
-0.00321490
-0.02766398
-0.00168169
-0.00773184
0.03107306
-0.02835369
-0.01704273
-0.05657618
0.04122878
0.03707027
-0.00484104
-0.04805303
-0.02338515
-0.01396324
-0.04170642
0.03092138
0.01961218
-0.04586163
0.01098873
-0.03833465
0.03113514
0.00760155
-0.04021082
-0.04965917
-0.03253852
0.04068762
-0.03665316
-0.02137585
0.01396600
0.01911150
0.00347672
-0.04921019
0.03371766
-0.02963928
0.00538822
-0.00156305
0.01903293
0.02956955
0.04095366
-0.01482383
-0.05457231
-0.00912883
-0.02487921
0.00048049
-0.05648341
-0.05801373
-0.02610474
-0.01966698
-0.00534299
-0.04609693
0.03152787
0.02195456
-0.02308161
-0.00262473
0.04051466
0.00571034
0.02791234
0.00274276
0.00262652
-0.00237544
0.03998722
-0.00198174
-0.04986133
0.02978939
-0.01312224
0.03140991
-0.00869552
0.00812430
0.02252212
-0.00056751
-0.02987654
0.02953175
-0.04887784
-0.00965197
-0.02351667
0.01851194
0.00840771
-0.05488282
-0.01416283
0.03823452
0.01433642
-0.05042870
-0.01456399
-0.03989559
-0.00350189
-0.01598200
0.02938260
0.03393231
0.02527922
-0.01534007
0.02621992
0.03958413
0.03031115
-0.04006658
-0.01215287
-0.00043995
0.02357881
0.02584504
-0.03072735
-0.04944338
-0.02564558
0.03007778
-0.04737413
0.00185788
-0.02543341
-0.03410406
-0.03109854
-0.00568822
-0.02149383
0.00511266
-0.03115255
0.03192376
0.01070331
-0.03169966
-0.04070540
-0.03036205
0.00110876
-0.04341693
-0.02383443
0.02502820
0.02803804
-0.05503758
-0.05233292
0.03083533
-0.00732564
-0.02314186
-0.01447601
0.00656391
-0.03219050
0.00760123
-0.05680865
0.01207616
0.01906901
-0.04384639
-0.01505379
-0.00835303
0.03307888
-0.04998530
0.02578624
-0.05193127
0.02796325
-0.01663902
-0.04214562
0.02326980
0.01326736
-0.03720927
-0.05768815
-0.01767244
0.01993686
-0.01552543
-0.03486400
-0.02578751
-0.03753921
0.03456240
0.01599446
0.04528617
-0.05543079
0.03985371
0.01653622
-0.00502320
0.03523668
0.00660517
0.01560091
-0.00348059
-0.03001910
-0.04966421
-0.00415481
0.02918059
0.00086796
-0.03456724
-0.00922247
0.01072683
0.04158406
-0.04147521
-0.00253554
0.00388457
-0.02732211
-0.01150895
0.00563958
0.03900655
0.03563073
-0.02281138
-0.01988538
-0.01617681
0.00337336
-0.05280409
0.01790079
-0.01006624
-0.05851598
-0.01875960
-0.00896544
-0.00546972
-0.04245642
-0.01430512
-0.02972079
0.03993368
0.03412094
-0.01391891
-0.05219859
-0.05192162
-0.05294297
0.03774585
0.01395108
0.01676552
-0.03248189
0.00332393
-0.05125165
0.01980619
0.00523590
0.03264805
-0.02119584
-0.01931205
-0.01906171
-0.05187380
-0.03858839
0.01102142
-0.02480709
-0.04927683
0.03246001
-0.01036137
0.03004787
-0.03804106
-0.05400528
0.01718033
0.02354938
0.00360392
-0.04668439
0.02276723
-0.04685926
-0.01448686
0.02451782
-0.00436440
0.00409633
-0.00652879
-0.03001417
0.02635156
0.01525683
0.01714275
-0.03013454
0.02211928
0.00909981
-0.05016877
-0.02843481
-0.02191842
0.00205211
0.01950329
0.00837406
-0.02931894
-0.00756967
0.01124858
-0.05248158
-0.04109808
0.01535201
0.02485599
0.02537879
-0.03930655
-0.02849106
0.01325006
0.00778078
-0.02570544
-0.00233015
-0.02394795
-0.04853556
0.02020188
0.00508451
0.01433400
-0.03707645
-0.01179427
0.00907238
0.01340236
0.01851211
0.03945470
-0.00565417
-0.00870867
0.00742230
-0.02023613
-0.02601726
-0.04870896
-0.03226859
-0.04788948
-0.03260267
-0.01598235
0.00592251
-0.02250674
-0.02558841
0.01373129
-0.03017205
-0.03188403
-0.03561464
0.04697357
-0.00356401
-0.02596427
-0.01223762
0.02723836
-0.04194183
-0.01457388
-0.04585939
-0.04593541
0.00597729
-0.02018381
-0.05167582
0.02439355
-0.04371313
-0.05653470
-0.04220425
0.00544210
0.03973448
-0.05056792
0.00487546
-0.02473649
0.03361113
0.02461881
0.01928314
0.03461383
0.00226501
0.01773839
0.00756098
-0.01743547
-0.03313085
0.02852353
-0.03254919
-0.01504520
-0.01403811
-0.05700689
-0.04012812
-0.02020136
-0.05051059
0.01805357
0.03917607
-0.02680661
-0.03592808
0.00741734
0.00203315
0.01279626
0.03973853
0.02709978
0.03238924
-0.02615271
-0.04839629
0.00499294
-0.05148147
0.02711877
-0.01451223
0.00368399
-0.05769892
-0.02997484
-0.04272571
0.01103375
-0.02503871
-0.00094250
-0.00522470
0.07116495
0.04035509
0.03590505
0.05694325
-0.05544840
-0.05424844
-0.01249394
-0.05169916
-0.01411794
-0.08552511
0.07056540
-0.05981906
-0.13041124
-0.18261373
-0.05751106
0.06870265
-0.12564264
-0.10811663
-0.06779341
-0.09195507
-0.05042962
-0.01259992
0.04175887
0.03430205
-0.14337693
0.06619065
0.12613982
0.05611080
-0.19270957
-0.12225623
0.01417206
0.01306099
-0.11890518
-0.06845231
-0.02377673
0.04462984
0.04479358
0.04171921
0.01380220
0.05789827
0.07652988
-0.07082624
-0.03800452
-0.06861078
-0.00576486
-0.01174439
0.03824078
0.02624515
-0.00295140
-0.09652390
-0.02689494
0.03486352
0.05624485
0.08880403
0.06541004
-0.02644400
-0.03212832
-0.03277251
0.01024487
-0.02560252
0.04563690
-0.06366951
-0.19116810
-0.14005835
-0.10763720
0.04342633
-0.07745430
-0.14341183
-0.10143139
-0.07457744
-0.01273880
0.03142121
-0.11476946
-0.06220300
-0.04424747
-0.10096420
-0.04536730
-0.00518172
0.06025342
-0.09649874
-0.00449978
0.01645075
-0.04056790
-0.15107921
-0.11020432
-0.02440668
-0.00875797
-0.09894112
-0.16497225
-0.03432494
-0.00446918
-0.01567559
-0.10581177
-0.12384476
-0.03317034
-0.05092125
-0.11033767
0.00681525
-0.04408710
0.08292880
0.01013277
-0.04021775
-0.05517264
0.01722890
-0.05053047
-0.10109945
-0.03831830
-0.10786215
-0.03031617
-0.14505428
-0.00768390
-0.12467165
-0.10759492
-0.09024581
-0.04933057
-0.13840532
-0.10760155
-0.13987869
-0.14232813
-0.12144949
-0.15419985
0.00061823
-0.06515379
-0.04615141
-0.01042625
0.03658982
0.03523432
0.05221537
0.02826484
-0.00962699
0.08780858
-0.04489101
0.05396058
0.04930098
-0.06711626
0.13841143
0.01787855
-0.03063557
0.00566174
0.02188075
0.05948079
-0.11588641
-0.11822173
-0.09933193
-0.05386649
-0.03721276
-0.08818512
-0.10790262
-0.03013422
0.00328019
0.00618128
0.12248541
-0.08009241
-0.08392648
0.06198901
-0.03074744
0.00722914
0.01845493
-0.06127180
-0.06512716
-0.07782739
-0.02103047
-0.09654889
-0.09045247
-0.11522400
-0.08015353
-0.10029490
-0.09636328
-0.17770256
-0.05923241
-0.08306914
-0.02123031
-0.03168132
-0.04131700
-0.08011757
-0.02453780
0.06061921
-0.04898157
-0.06124729
-0.08245794
0.00856211
0.05179017
-0.08740231
-0.22582929
-0.01820427
0.00911014
-0.02455621
-0.05651448
-0.03342010
0.04000214
0.16136934
-0.09432632
-0.02930165
-0.00294083
0.11576182
0.15303670
0.16255696
0.06784334
-0.00920843
-0.04193669
-0.11617009
0.10392942
0.05905031
0.06353585
-0.11817645
0.05628214
0.11604648
0.09454630
0.04346114
-0.16578852
0.01872469
-0.04925905
-0.04987096
-0.04864322
-0.02134377
0.04168903
-0.06083207
0.01591080
-0.00890217
0.00019223
0.14341173
0.06312956
-0.03746484
-0.07281306
-0.03979542
-0.06207634
0.01044131
0.08728704
0.10769370
-0.03304109
-0.04132750
-0.06518139
0.04198604
0.12358278
0.10264843
-0.12644167
0.07740189
0.01027413
-0.02208130
-0.07597692
-0.00412448
0.01317092
-0.09297707
-0.17214543
-0.04450621
0.06184762
-0.06665657
-0.11000119
-0.10005836
0.02745473
-0.19132496
0.04770008
0.09347342
0.03128938
0.01857090
-0.11425539
0.09490850
-0.02096039
-0.11751338
0.00613863
-0.13397303
-0.05706516
-0.05077229
-0.03336966
0.02834930
0.02918060
-0.06286526
-0.07995377
-0.10597627
-0.15646109
-0.15644272
0.07285142
0.01879436
-0.01734724
0.00246027
0.19674286
-0.02764143
0.01634101
-0.08418193
0.08870880
0.17182210
0.05696992
-0.03952874
-0.02474682
0.07881256
0.08639629
0.02371628
-0.10657165
-0.09022465
0.02324522
-0.01441927
-0.16071671
-0.10243712
-0.15010835
-0.00839808
-0.00475037
-0.01514096
0.04081637
0.07136489
0.03591309
0.18973048
-0.05015958
-0.07564518
0.08568656
0.03997977
-0.05439259
-0.03111275
-0.01725706
0.11734976
0.07484636
0.02740466
0.14815742
0.06168677
0.02405957
0.02199474
-0.17675759
0.09749031
-0.03818830
0.01209991
-0.07064446
-0.06665578
0.25126719
0.13669240
0.10085794
0.00076760
-0.10963449
0.15168226
0.08637311
0.04614276
0.09006375
0.00723503
-0.08107330
0.06163660
0.06565154
0.05651372
0.07154212
0.02385398
0.04699816
-0.05357882
-0.04190314
-0.07060144
-0.08783782
-0.09073727
-0.07266001
-0.08771438
-0.14527726
-0.07530002
0.02107002
-0.00534945
0.05007584
0.24536434
-0.07027425
0.12208427
0.02306532
0.07405446
0.19978331
0.08669954
-0.05389020
0.02340967
0.06172730
0.02886081
0.03285680
-0.03252256
0.00669426
0.06255061
0.10784221
-0.02125499
-0.07228450
0.00239387
-0.04484301
0.03565286
0.16840556
0.08952243
-0.01492469
-0.04699093
-0.02837270
0.22511724
0.02866658
-0.00499187
-0.01042270
-0.07271956
0.18149135
0.11454306
0.01787332
0.02212375
0.02553504
-0.01156747
0.15332171
0.08525855
-0.04162008
0.00852666
-0.03271048
-0.10093474
-0.03018132
-0.17938340
-0.14989957
0.05627055
0.03142974
0.03709200
0.05788551
0.05844266
-0.10099068
-0.12851202
-0.02004289
0.02798319
-0.01501462
-0.12002913
-0.01017033
-0.04041248
0.03850875
0.04164104
-0.07458150
0.02721695
0.01198389
-0.07311896
-0.00279932
0.03473400
-0.09079675
-0.07025789
-0.10154542
-0.05950392
0.03790703
-0.06466356
-0.02051643
0.04695904
0.01671831
0.00358222
0.10327391
0.06477556
0.04866481
0.04923250
-0.14379156
-0.09969345
0.06909963
0.05045288
0.00990256
-0.11314969
0.00774736
0.07420367
0.10848232
0.04954799
0.04703990
0.04369256
0.08521159
0.09272526
0.03495278
0.04672022
-0.00765509
-0.03113679
0.02685895
-0.09430739
-0.14947495
-0.08059060
-0.02566141
0.06735862
-0.00840452
0.02030994
-0.05843464
0.02087390
0.03373376
-0.01159838
-0.09257674
0.01097858
-0.02718073
-0.12493010
-0.16789056
0.05181485
-0.02070406
-0.06664012
-0.03429713
0.00725378
0.05540664
0.04997193
-0.03342904
-0.07120142
-0.09258436
-0.11164110
-0.08130956
-0.06737608
0.06456451
-0.00177635
-0.06598212
-0.04049588
0.09062057
0.17179713
0.18232746
-0.06307308
0.02402007
0.04274434
0.06931544
-0.03958337
-0.00781041
0.00904381
0.02528014
0.02035212
-0.05614889
0.13612072
0.13947190
-0.00810502
-0.08229883
0.02288396
-0.04315132
0.01057092
0.03681701
0.04275665
-0.00489559
-0.04999890
0.02355932
0.07410185
-0.02546330
-0.02815405
0.00760440
0.08279364
0.00267826
-0.03853879
-0.03226791
0.10029555
0.02058518
0.06397396
-0.04084083
-0.02988683
0.01688827
0.10808193
0.10162573
0.01308543
0.04452796
0.00858714
0.01175127
-0.00695292
-0.01192406
-0.04861182
-0.02183094
0.06207551
0.06353484
0.00548953
-0.08378670
0.03446497
0.09880419
-0.01417233
-0.01983756
0.13463253
-0.03001702
-0.04819718
-0.12933986
-0.05779405
-0.10891142
0.16463673
0.13739066
-0.00734179
-0.03270428
-0.08600082
0.14421536
-0.04507745
0.03956257
0.05215420
0.05348224
-0.21603207
-0.11739119
0.19742620
0.07226925
-0.05225097
-0.10003389
-0.06893231
0.10090757
0.05384313
-0.05741032
-0.02317564
0.04786554
-0.00837911
-0.11568280
-0.08347543
0.05530980
0.01461030
-0.07648797
-0.04442228
-0.10600216
-0.16178161
-0.14414294
-0.07423151
-0.01653484
-0.03949374
-0.10375801
-0.02783048
-0.00813800
0.03095599
0.09801231
-0.04569210
-0.04964366
0.03232267
-0.02572122
0.00963241
-0.00508502
-0.04351052
-0.03986012
-0.01237076
0.02857504
-0.13324764
-0.21441488
-0.06092922
-0.01988705
0.08271136
0.05677417
-0.10292600
-0.07041680
-0.09032603
0.09339290
0.05760653
-0.13324910
-0.00850033
-0.07619093
0.03531870
0.13799468
-0.07703728
-0.05784709
-0.07990121
0.07464685
-0.00401242
-0.20597427
-0.03261322
-0.05375747
-0.00018801
0.10512891
0.16023912
-0.09706559
-0.15453562
-0.11742876
0.07983170
-0.01644143
-0.14684004
-0.07585123
-0.04937993
0.05995619
-0.11286128
0.01788970
0.01331091
0.02155701
-0.00715356
0.01375737
-0.05553028
-0.03628638
-0.00503678
-0.00242717
0.04272274
0.03535627
0.03679542
0.04366525
0.01073060
0.03085024
0.07492991
-0.01384990
0.03216824
-0.01582479
-0.08794806
-0.00991401
0.03350151
0.09190501
-0.09704509
0.00983997
-0.08690622
0.09619989
0.18320596
0.01738451
-0.02562308
-0.07307064
0.08343619
0.02933465
-0.08488898
-0.07521393
0.00696485
0.06999399
0.01624459
-0.11473092
0.08146735
0.07446460
0.03646806
0.01571890
-0.18795621
-0.06492010
0.06693389
0.07053428
-0.07140526
-0.18728954
0.12733658
0.12961498
-0.00617452
0.10054520
-0.03465618
-0.06674064
-0.01328932
0.08923614
0.08884192
0.08576865
-0.00845488
-0.04388912
-0.06083591
-0.04726001
-0.02857751
-0.02457781
-0.05340657
-0.15869717
-0.01085372
0.00016363
-0.02201586
0.02907116
-0.17193905
-0.16542779
0.13328862
-0.00013581
0.04259890
-0.04474400
0.09081626
-0.00409103
-0.05032643
-0.00643947
0.06246172
0.11178628
-0.00676229
0.05443932
-0.06701366
-0.12903099
-0.10877729
0.09829209
0.19217467
0.14740711
0.03489232
0.02125904
0.11316320
0.05288251
0.06109973
0.06024472
-0.00680792
0.13039650
-0.01833116
-0.02800912
0.07139976
0.03869106
0.04946259
0.03942029
0.01051613
0.08492366
0.05178167
0.02367914
-0.04534290
-0.00595547
0.00807680
-0.14046755
-0.09111831
0.04468741
0.06905027
0.08956421
0.03217151
-0.06540114
-0.01850884
-0.01402084
-0.08437581
-0.14541589
-0.05500158
0.06323808
-0.06645752
-0.01793582
0.03305976
-0.04478455
0.04085404
-0.09450055
-0.02543911
0.02060713
0.01066032
0.00187115
-0.14544570
-0.02534752
-0.12874438
-0.18799210
-0.02454339
0.11170808
0.00508049
-0.01119685
-0.16185381
-0.14362685
-0.06060617
-0.00142548
0.06352368
0.00961639
-0.08087810
-0.01638327
0.13534425
0.10427453
-0.00645081
0.03069689
0.12882604
0.08906659
-0.01568937
0.00775148
-0.10786173
0.04475751
-0.05151581
-0.03700367
-0.17356136
-0.11010741
-0.03179746
0.02606406
0.08427280
-0.00362675
0.08629711
0.04938095
-0.03232415
-0.05175506
-0.04144201
0.11743461
0.14858396
0.02145265
-0.06211033
-0.07461438
-0.04901031
-0.01854399
0.05452371
-0.09170360
0.04124229
-0.03933707
0.05832158
0.12494425
-0.06724198
-0.12482931
0.07145599
-0.02790480
-0.09236441
-0.09014334
-0.14065492
-0.09973450
0.06110008
-0.06111394
-0.07558515
-0.14537963
0.07557287
0.16486768
-0.01048922
-0.13896765
-0.05728479
0.07317337
0.12705471
-0.03392567
-0.23773685
-0.01209410
0.03727303
0.01278537
-0.14918450
-0.17796493
-0.13808772
-0.02920317
0.04926591
0.00620679
0.11282846
0.02387389
0.04615453
0.11257220
-0.05905485
0.04076701
0.00469202
0.04618586
-0.03459148
-0.06675079
-0.07616411
-0.02888973
-0.08729508
-0.05652213
-0.04556338
-0.01643155
-0.03006978
0.00142941
0.09306493
0.05483147
-0.03001372
-0.09248200
-0.14556260
-0.03650401
0.05179034
-0.02382104
-0.01370937
-0.02287148
0.07929335
0.02701266
0.02238414
0.03872123
0.00805668
0.08310545
-0.02155982
0.01210884
-0.03144562
-0.16275202
0.01071323
-0.04053434
-0.10741971
-0.14317510
-0.01945277
-0.06914044
-0.08226353
-0.03605394
-0.12194537
-0.06787556
-0.02788448
-0.00217342
0.05303632
-0.07193413
0.02816430
0.08050449
0.00960077
0.11768291
-0.02622038
0.08124164
0.10644485
0.03745216
0.00077109
-0.06334598
-0.16973396
-0.02558500
0.02527076
-0.03947090
0.07242795
-0.07026374
-0.02510946
0.08818513
-0.04618255
0.04267267
-0.03861245
0.06624614
0.15906939
0.02891632
0.02051409
0.07345220
0.02572371
-0.00029214
0.05658807
0.09485389
0.06479848
0.03774924
0.05309718
0.17676276
-0.02381625
0.11991607
0.01184920
-0.04990434
-0.16376334
-0.09695286
-0.04574176
-0.02747445
-0.11881169
-0.13564229
-0.05652449
-0.09692176
-0.07164550
-0.05774389
0.07306392
-0.12932372
-0.08168099
0.04167981
0.08447320
0.09790342
-0.12574238
0.10311208
0.03925338
-0.01603551
0.00369747
-0.03803331
-0.11713868
-0.14879690
-0.12723935
0.00478926
-0.05094313
-0.03974446
-0.14228627
-0.03706338
0.00472061
-0.09674466
0.08081037
0.14560202
0.07878507
-0.07046664
-0.00585335
0.04889742
0.09220807
-0.01965052
0.08867244
-0.20144495
-0.00714329
0.04475786
0.07935270
-0.01030849
-0.15469292
-0.08204498
-0.13135797
-0.02458357
-0.10075372
-0.03202350
0.01211136
-0.06079155
-0.01483371
0.03133650
0.05354324
0.03054375
-0.02788929
-0.01817878
-0.08066801
-0.05330336
-0.01551644
-0.00570802
0.06831590
-0.06549581
0.00284535
-0.00849167
-0.03339408
0.07426696
0.00561087
-0.32120466
-0.01964604
0.10124917
0.10006769
-0.12738670
-0.18081532
0.26648659
0.19033450
0.00821798
-0.17022195
-0.24741410
-0.30342540
-0.03170903
-0.05105161
-0.04799445
-0.20281745
-0.10007104
0.05654261
0.08687782
-0.00873751
-0.15127121
-0.00665225
0.06210735
0.14184663
0.04245367
-0.01457938
0.02417580
0.15856788
0.13559230
-0.05174304
-0.09162475
-0.08838694
0.06856019
0.06236851
-0.07817802
-0.01350566
0.06257948
-0.04720652
-0.01241459
0.11919741
0.00622803
0.03874955
-0.07463741
-0.11732373
0.15616155
0.03419407
0.01653988
-0.05234190
0.00733757
0.02829232
-0.02115506
-0.05096588
-0.03029375
-0.04768972
-0.18211284
0.01545980
-0.07555912
0.07873043
-0.14152768
-0.11987765
-0.10513721
-0.06148287
0.00019906
0.01795657
0.07061293
0.07910877
0.06673209
0.01497509
-0.02697887
-0.03926917
-0.00279776
-0.08485390
0.05937513
-0.05304399
-0.14652173
-0.01654634
0.05142500
0.04472279
-0.03786162
-0.31932476
-0.01824551
-0.00639326
0.05845476
0.15610151
-0.06300763
0.03448775
0.08005050
-0.02085093
-0.03345215
0.05638214
-0.12455449
-0.02220421
0.04659620
-0.11540755
0.00946029
-0.08006092
-0.10360686
-0.11017745
0.02414564
0.20139967
-0.08742961
-0.01591860
0.12137349
0.17472242
0.01557242
0.00054733
-0.01573839
0.11614373
0.02144291
-0.02742202
-0.26339349
-0.23161401
-0.24826412
0.09006462
0.06840362
-0.19445501
-0.21648176
-0.25352508
0.02991331
0.14142030
0.07826798
-0.00528413
0.04252545
-0.10351886
0.03197233
0.03402336
0.07944152
0.15212603
-0.02510902
-0.12885655
-0.09841640
0.18194984
0.07746756
-0.19840872
-0.05090779
0.00524766
0.01238404
-0.10637977
-0.01305511
-0.07145660
0.02902739
0.04115346
-0.05559116
-0.04275851
0.04221945
0.01188686
-0.03048099
0.07270485
0.02954614
-0.09783156
-0.07151599
0.01834447
0.09437010
0.01226859
-0.14237452
0.04729753
-0.01491569
0.04473863
-0.03498085
-0.06860615
0.06561448
0.10382381
-0.02276697
-0.00370303
0.01485773
-0.04672668
-0.11408956
0.06109017
-0.04437365
-0.08944927
0.01388727
-0.10834262
0.05795474
-0.05838950
-0.26318112
0.09926677
0.02756567
-0.00243619
-0.07325935
-0.11470717
-0.14870903
0.13521549
0.03050731
0.08866936
-0.00760216
0.04265486
-0.07387762
-0.03066234
0.04866076
0.04461084
0.03429095
0.01898135
-0.06000630
-0.00655606
0.01305170
0.02708582
-0.07111530
0.03117590
0.07659482
-0.02030460
-0.01701806
-0.01336545
-0.04751819
0.04537171
0.03052806
-0.17629078
-0.01143151
0.09312458
0.13750997
0.06244532
0.02382805
0.10159134
0.02183233
0.09326965
0.05871855
0.07587436
0.04971519
-0.03372631
0.10353667
0.04075290
0.00436152
0.01822918
0.04473900
-0.09616470
-0.07060114
0.02311007
0.07525951
0.05636851
-0.04604968
-0.06201465
0.06233222
0.05127645
0.02523489
-0.03244280
-0.03120884
0.06323437
0.03332464
-0.02710452
-0.10037007
-0.08591724
0.11503734
0.13351180
-0.05694995
0.07125468
-0.09835465
0.04555634
-0.02510646
-0.02155415
0.14935033
-0.00375521
0.03754963
0.03795375
0.10023456
0.10051726
0.00085957
-0.08279242
0.07468510
0.10580060
-0.09034827
-0.00798200
-0.03819036
0.03735244
-0.04319963
-0.09723201
-0.02551852
0.03476846
0.03675954
-0.04641564
0.00523335
0.06073385
0.07536653
-0.03558536
0.01195188
-0.03839495
0.13812488
0.05177249
-0.04528707
-0.00431904
0.05860515
0.09485760
-0.03402712
-0.09486590
-0.08677924
-0.01554478
-0.01052035
-0.00557375
-0.06163346
0.02431827
0.02770934
-0.06018970
-0.02346309
-0.03272882
0.02084395
-0.04871631
0.00114273
0.05023915
0.02571793
0.00365349
0.01396025
0.01302316
-0.05998083
0.02903048
-0.01124017
-0.02829031
-0.02538566
-0.15057719
-0.02221015
0.01504395
-0.05130238
-0.02131529
-0.03267696
0.04233470
-0.11771218
-0.02491409
0.14555080
0.00343425
0.00548014
0.01195089
0.00209938
0.02220976
0.01201132
0.04281845
0.04685914
-0.08163682
-0.07822900
-0.02968586
-0.03643090
0.05831815
-0.09146278
-0.06902802
-0.03788846
-0.02665937
-0.00883528
-0.04956697
-0.07220851
-0.01601445
0.00101556
0.01199832
-0.00099271
-0.07872576
0.02312049
0.05112641
0.04810210
0.02901651
-0.04786534
0.05519510
0.05566025
-0.03464159
-0.00035782
0.10230415
0.02170075
0.00546720
-0.03172427
0.03280075
0.17142408
-0.14553913
-0.11808767
0.04107219
0.08200189
0.03696969
0.03404581
-0.02399574
0.05674723
0.04985648
-0.00597194
0.07530275
-0.01793408
0.02623734
0.04074439
0.12104125
-0.02710078
0.01112366
-0.04586834
0.11596274
0.09001361
-0.01842446
0.03350850
0.01680629
0.00873939
0.01331902
0.01665384
0.03149578
-0.00212957
-0.05036724
-0.08610532
-0.10084771
0.02388722
0.12703484
0.15502979
0.07633642
0.04632192
-0.00241618
-0.10016960
0.14046168
0.15067299
-0.09612460
0.05970051
0.01470725
0.07424086
0.08748746
-0.01831149
0.10514511
0.05756839
0.07381581
0.07942564
0.07543080
0.17331228
0.06197351
0.00349228
0.01621481
0.04514238
-0.04518045
-0.09466454
-0.11713327
0.11412605
0.01441277
-0.03066497
-0.03260189
-0.07871703
0.07240839
0.16437498
-0.02987922
0.04958295
-0.02149216
0.02819178
0.06851610
-0.03377305
0.00199065
0.05145990
-0.02312433
-0.00809259
-0.09580877
-0.10068870
-0.05639781
0.02290074
-0.06065207
0.04019820
0.08833002
-0.04205346
0.00327615
-0.01990808
-0.01231258
-0.02803757
0.00246717
-0.04882354
0.02814642
0.01576076
0.01087025
-0.13117617
-0.03003565
-0.05886125
0.06170833
0.02924624
-0.02393600
-0.01060806
-0.02507021
-0.03556630
-0.02290260
-0.03524576
-0.00592886
-0.03394688
0.04423338
0.06398633
0.04095674
0.06853528
-0.02175464
-0.01468407
-0.00848667
-0.02923047
0.05119864
-0.00193705
0.07716731
0.07695928
0.06695630
-0.10885157
-0.03744628
0.09931643
-0.04571004
-0.00290850
-0.00546067
-0.10816400
0.01079062
0.03040288
0.03630129
0.03774900
0.00540750
-0.02990337
-0.02497922
0.03697129
0.02924571
-0.00619530
0.00867501
-0.05803848
-0.14131649
-0.14122872
0.04176236
0.04267982
-0.02667814
-0.02075669
-0.17258419
-0.00346288
0.05324052
-0.01349720
0.01764337
-0.04131676
0.00770721
-0.10945614
-0.06178175
0.05575256
0.09257229
0.11824813
0.04835171
0.03453217
0.00759844
-0.12952079
0.03640649
0.06614944
0.01262510
-0.13712806
-0.19195528
0.06996436
-0.00473017
0.01296539
-0.18074746
-0.12930752
-0.01140930
-0.03429896
-0.03506247
-0.08042531
-0.04426477
0.01609070
-0.04285809
-0.09343244
-0.02702757
0.05937298
0.01389415
-0.02444156
-0.01931372
0.02516171
0.05270749
-0.02397718
-0.07741114
0.02659187
0.06980579
-0.00873231
-0.00224958
0.01394406
0.09538852
-0.06915084
-0.09632803
-0.04022807
0.07444645
0.04497264
0.01851679
-0.10918575
-0.03051064
0.05026529
0.11470907
0.04494546
0.01798813
-0.01964918
0.01195227
0.07484245
0.11573375
-0.13151193
0.05042398
0.11125213
0.06905661
-0.03488305
-0.11967436
-0.07755714
0.04951174
-0.06095223
-0.01514698
-0.05834160
-0.17716536
0.00013436
-0.09452110
-0.05866471
0.02813214
-0.05464562
0.02709130
0.04847561
-0.02295652
0.05549166
-0.01814218
-0.02970410
-0.09511329
-0.04320756
0.00410571
0.01553633
-0.05470887
-0.03415938
-0.00216431
0.04086294
-0.05105509
-0.07267888
-0.01674259
-0.05051892
-0.06003121
0.02505215
-0.00184726
-0.01920388
0.01521201
-0.06325796
-0.06959268
-0.09286694
0.02479888
-0.03724233
-0.03028654
0.00797626
-0.05664638
-0.09498981
-0.01802784
-0.01623628
-0.01762961
-0.06781220
-0.00558495
-0.00021478
-0.04228490
-0.00431925
-0.07500026
-0.00589824
-0.02474712
-0.03508050
-0.00667716
-0.02509063
-0.04411362
-0.02141730
0.02886773
-0.05829257
-0.00315670
-0.04804154
0.00357279
-0.05504677
0.02945653
0.02837408
-0.03241109
-0.02407744
-0.03980063
-0.05273312
-0.00442566
-0.01281171
0.00494570
-0.07628807
-0.10706406
-0.06843928
-0.02898796
-0.03284992
0.01201259
-0.04374708
-0.08747883
-0.06315970
-0.00178043
-0.06254467
-0.06320710
-0.06017906
0.03294067
-0.00860468
-0.02145991
0.05423495
0.01886118
-0.04669043
0.02132590
-0.01241195
0.03461293
-0.05949131
-0.02427822
0.00858945
-0.04749239
-0.06477274
-0.06081650
-0.01648280
0.02370109
-0.05220272
-0.07594655
-0.04931331
0.01352617
-0.05754854
0.02126812
-0.09778972
-0.05902981
-0.05389610
-0.07913719
-0.01960387
-0.01900620
-0.05850624
0.00628778
0.02193638
0.03827350
-0.03010013
-0.00737631
-0.03726707
0.01203762
0.03002505
-0.00582922
-0.06078910
0.01999162
0.01771211
0.02155224
-0.05440050
-0.03128198
0.02318938
-0.02596033
-0.00982771
-0.02200411
-0.04448723
0.00100398
-0.02173481
0.03400573
0.00282009
-0.03876672
-0.07223196
0.01166284
-0.01830663
0.02647674
0.00085438
0.03419194
-0.05331262
-0.03861162
-0.01429125
0.01069178
-0.03281364
-0.01133046
-0.05257878
-0.03517611
-0.01303894
-0.01472523
-0.04666558
0.03004023
-0.05643078
-0.07111419
0.00917008
-0.02218918
-0.01593580
-0.00897186
-0.03664229
-0.02544050
-0.01896076
0.00792539
-0.03422388
-0.05886546
0.02804581
-0.00598112
-0.04024874
0.00602634
0.03430664
-0.01921846
-0.07200690
-0.03429936
-0.06411882
0.00208337
-0.04400101
-0.06785349
-0.05321270
0.00432635
0.00090662
-0.05369080
-0.04151285
-0.06641060
0.00788036
-0.03857931
-0.06071372
-0.05507149
-0.02712301
0.00419183
-0.05236654
-0.01975532
0.00439629
-0.10226337
-0.01471394
-0.00054053
0.01162290
-0.00249714
-0.00531806
0.02283193
-0.02783899
0.00416776
-0.03841251
-0.00268398
-0.06526583
-0.02222686
-0.02823929
-0.06881018
-0.05175015
-0.00234481
-0.01125052
-0.01161097
-0.01278320
-0.05870781
-0.02336622
0.03236194
-0.05339532
0.01524191
-0.06000178
-0.01558348
-0.01633631
-0.04362703
-0.05439308
-0.01781599
-0.05762047
-0.03621329
0.05586616
-0.04657108
-0.07732211
-0.00226971
0.01866119
0.01724806
0.04101976
-0.03271735
0.04174001
0.08156730
0.03548170
-0.04143060
-0.06005109
0.00158444
0.02603428
0.03068517
-0.02501165
-0.04643578
-0.01231173
-0.03765718
-0.05298750
-0.03695871
0.02063524
0.01197763
0.03468753
-0.06964242
0.01876421
-0.05826611
-0.08145972
-0.06363294
-0.06943178
-0.04781501
-0.03183533
-0.01387545
0.03516427
-0.00934592
-0.00517419
-0.00385983
-0.06899348
-0.01891766
-0.07870437
-0.02870726
-0.01589395
-0.06560010
-0.02607082
-0.00069864
0.01173802
-0.06720408
-0.07263436
-0.05342844
-0.00069848
-0.08230902
-0.04644385
-0.00519862
-0.06494594
-0.05848838
-0.04393313
-0.03542188
0.01533946
-0.01830806
-0.02953841
-0.04159838
-0.03640858
-0.09497376
-0.01205226
0.04255108
0.02561095
-0.02228301
-0.06007389
-0.02655635
-0.05158657
0.03424237
-0.06346098
-0.02548479
-0.04753108
-0.07751099
-0.06584594
0.00934622
-0.06700192
-0.01987175
-0.09277926
-0.05829229
0.04876219
-0.04815771
-0.07786715
0.03842529
0.03628039
-0.03070097
-0.02308510
0.01051067
0.07136924
0.04992865
0.05645875
-0.01359053
-0.06199484
-0.01093806
-0.08589445
0.03425026
0.00986691
0.00627348
-0.03052904
0.03387099
-0.02432184
-0.06306566
-0.06052020
-0.00254181
0.03014702
0.05128911
0.01287143
-0.00749165
0.02865075
0.05692882
0.00295725
-0.00489211
0.02805779
0.02012486
-0.01995135
-0.01551801
-0.02366963
0.02159743
-0.05453352
-0.06578628
-0.00218360
-0.07986360
0.02638797
-0.05419816
-0.05134704
-0.07152367
-0.05446212
-0.02541514
0.01484649
0.04207211
0.00328733
0.01737112
-0.01725957
0.00758113
0.01893075
0.02576716
-0.07670388
-0.03154415
-0.01118874
-0.03340724
-0.06789191
-0.01330638
-0.00549816
-0.04395990
-0.05703240
0.00890929
-0.03203328
0.02098623
-0.06833151
-0.01133992
-0.03473438
-0.03461296
-0.03728725
-0.03699058
0.01569145
0.03152651
-0.05169473
0.00456899
0.01265252
-0.03735299
0.02998198
0.00309626
-0.00040095
-0.09570887
0.03506390
-0.01837597
0.02148990
-0.03492585
0.03708329
-0.05766339
-0.03456398
-0.05746584
-0.08156340
-0.10510418
-0.07006342
-0.05757900
-0.05024300
-0.08487467
-0.07909946
-0.08010926
-0.07432521
-0.05072809
-0.06106802
-0.02237411
-0.02991463
-0.04907985
0.02713471
0.05395679
-0.08593411
0.06875128
0.09916323
0.00401730
-0.05499735
-0.06606027
0.07602107
-0.01076868
-0.02808477
0.00208206
-0.05906212
-0.01937210
-0.03743802
-0.06850309
0.04493162
-0.05256787
0.01408338
0.14031808
0.06379583
0.09249304
-0.08162480
-0.06494290
-0.11385505
-0.02998646
-0.06123172
0.02339010
0.05718360
-0.00379809
0.04844368
0.08229768
-0.01041963
-0.02417269
-0.05261024
-0.02544905
-0.06162808
0.10842396
0.03115952
-0.08410746
0.13846725
0.01520371
0.05871126
-0.09685723
-0.16557692
-0.02090631
0.04551108
-0.02347993
0.02239789
-0.08657478
0.08005285
0.00564719
-0.04347173
0.04775602
0.01770179
0.00640534
-0.05405389
-0.01024438
-0.02136946
-0.00593678
-0.03757221
-0.06570652
-0.02033873
-0.02911548
0.10873473
-0.14157405
0.02600915
0.01309543
0.11901167
0.19440985
0.14090507
0.11366799
0.04134639
-0.06624535
-0.04695737
0.11732329
0.06734088
-0.06433930
-0.09775353
-0.10447665
0.02534524
0.01249647
-0.11226459
-0.16703969
-0.00363855
0.11113914
0.07842916
-0.01667465
-0.01482502
0.02365315
-0.04759955
-0.08244135
0.07095671
0.05244227
0.01144434
0.01194265
-0.03772226
-0.01504779
0.00243578
-0.03876475
-0.03800770
-0.02979903
0.04431535
-0.04051328
0.04185656
0.03076754
-0.09328929
-0.07372847
0.03165539
0.08976538
0.03512576
0.01732281
0.04469210
-0.03902327
-0.01697647
-0.09121654
-0.07403839
-0.05110782
0.03788862
0.06860601
-0.02593413
0.01201647
-0.02610315
-0.01320866
-0.03116233
-0.06537646
0.01694115
0.04870651
0.01757168
0.09579845
-0.10460790
-0.11153054
0.04229369
0.06048304
-0.03760509
-0.05329170
-0.12338786
-0.07645835
-0.00490430
-0.01339304
0.04626295
-0.02165473
-0.11557233
0.00799042
0.07622805
0.06388871
-0.00164020
-0.05543268
-0.05445428
-0.01969220
-0.06018469
-0.15797147
-0.10129068
-0.00125660
-0.10018426
0.04411654
-0.05987404
-0.19295765
0.11735405
0.10566740
-0.01341857
0.00325124
0.03142910
-0.00959553
0.05559254
0.02292961
0.02010913
0.06896999
-0.02941847
0.10431412
-0.00806378
0.08220558
-0.00312365
-0.07482130
-0.10968665
-0.04739141
-0.02278767
0.01215131
-0.04075884
-0.09434454
0.04816793
0.10406633
-0.02355419
-0.09979966
0.06782489
0.07563623
0.12764430
0.08716301
0.04603272
0.11453284
0.04807311
0.14173983
0.05438619
-0.00832374
-0.02786826
-0.10820536
-0.02541267
-0.05906555
-0.23457548
-0.06482134
0.09506976
-0.00512969
0.01986266
-0.05474706
0.05467301
-0.11575295
-0.02047181
0.06958077
0.05216305
0.02978991
0.00178822
0.06583653
0.14336005
0.05592128
0.04678359
0.05204345
0.05574916
0.06598999
0.04134773
0.05047620
0.14043057
0.20499611
0.03464182
-0.09590045
-0.03033526
0.14589150
0.01370661
0.06035322
0.05100584
-0.00678949
-0.02050506
0.05498118
0.03772927
0.03582614
-0.02399354
-0.06543432
-0.03624041
-0.07242733
0.02705021
0.09945175
0.05797267
0.05919050
-0.00688771
0.03898740
0.07695831
-0.00467529
0.06244338
0.08081077
0.04525688
-0.18351340
0.05611284
0.03386936
-0.01307227
0.09598932
-0.04231949
-0.00395173
0.03542786
0.08511710
-0.09834141
-0.20046723
0.04391048
0.00913845
0.09225996
0.06331670
0.03481342
-0.07987924
-0.09336548
-0.09070051
-0.01593816
-0.05192906
-0.06962425
-0.02134433
0.03336437
0.04603619
0.01479820
-0.03144921
0.02950022
0.07845698
0.15517156
0.16586587
0.05915774
0.05893099
-0.04257117
0.09593561
0.05776064
0.00250578
0.09579801
-0.20908390
-0.10896933
-0.05295943
-0.05776289
0.12052856
-0.09048707
-0.01325890
0.07839110
0.12070145
0.09934008
0.19953772
0.02438439
0.13037024
0.03316897
0.02701651
0.01622651
0.05865470
-0.13579318
0.04873285
-0.05384905
-0.12157947
0.01862350
-0.10893761
-0.04230925
-0.01790056
-0.14119107
-0.00978109
0.04477354
0.06113689
0.03701837
-0.00598406
0.11142793
0.16398281
0.17582162
0.19370459
0.21420635
0.18681175
0.15433474
0.06829326
0.13446958
0.03724458
-0.06993420
-0.12737544
-0.10387851
-0.09212773
-0.10950957
-0.08714239
-0.04777272
-0.20342912
-0.15638177
-0.09781318
-0.13031481
-0.19103973
0.02572708
-0.04705285
0.03957817
-0.01589935
0.17200036
-0.00016946
0.01325411
-0.04371706
0.07243460
0.09256727
0.01596416
0.01590533
0.00997530
0.01314476
0.03935090
0.02725289
0.05093573
0.03720687
0.00933289
0.01480265
0.14252704
-0.11979058
-0.09246474
-0.00771295
-0.02235515
0.07958386
0.10645360
-0.01994094
0.08415518
0.11333270
-0.19438942
-0.11286209
0.08461899
0.13549675
0.09278368
-0.03647591
0.09894074
0.20221108
0.10992562
-0.03999192
-0.07453349
0.00865661
0.01230773
-0.03836339
-0.09673743
-0.00302976
0.03930616
-0.14389139
-0.19769622
-0.10533609
-0.00099189
-0.01004412
-0.01912056
-0.14877532
-0.01402206
