Copyright 1986-2022 Xilinx, Inc. All Rights Reserved.
-----------------------------------------------------------------------------------------------------------------------------------------------------------------------------------------------------------------------------------------
| Tool Version : Vivado v.2022.2 (win64) Build 3671981 Fri Oct 14 05:00:03 MDT 2022
| Date         : Sat Sep 12 23:14:04 2026
| Host         : Benedicta running 64-bit major release  (build 9200)
| Command      : report_timing_summary -delay_type min_max -report_unconstrained -check_timing_verbose -max_paths 20 -input_pins -file D:/GitHub/vivado/vivado/F_Quantization_W8A8/hls_w8a8/vivado_review/reports/w8a8_timing_routed.rpt
| Design       : lenet_system_wrapper
| Device       : 7z020-clg400
| Speed File   : -1  PRODUCTION 1.12 2019-11-22
-----------------------------------------------------------------------------------------------------------------------------------------------------------------------------------------------------------------------------------------

Timing Summary Report

------------------------------------------------------------------------------------------------
| Timer Settings
| --------------
------------------------------------------------------------------------------------------------

  Enable Multi Corner Analysis               :  Yes
  Enable Pessimism Removal                   :  Yes
  Pessimism Removal Resolution               :  Nearest Common Node
  Enable Input Delay Default Clock           :  No
  Enable Preset / Clear Arcs                 :  No
  Disable Flight Delays                      :  No
  Ignore I/O Paths                           :  No
  Timing Early Launch at Borrowing Latches   :  No
  Borrow Time for Max Delay Exceptions       :  Yes
  Merge Timing Exceptions                    :  Yes

  Corner  Analyze    Analyze    
  Name    Max Paths  Min Paths  
  ------  ---------  ---------  
  Slow    Yes        Yes        
  Fast    Yes        Yes        


------------------------------------------------------------------------------------------------
| Report Methodology
| ------------------
------------------------------------------------------------------------------------------------

No report available as report_methodology has not been run prior. Run report_methodology on the current design for the summary of methodology violations.



check_timing report

Table of Contents
-----------------
1. checking no_clock (0)
2. checking constant_clock (0)
3. checking pulse_width_clock (0)
4. checking unconstrained_internal_endpoints (0)
5. checking no_input_delay (0)
6. checking no_output_delay (0)
7. checking multiple_clock (0)
8. checking generated_clocks (0)
9. checking loops (0)
10. checking partial_input_delay (0)
11. checking partial_output_delay (0)
12. checking latch_loops (0)

1. checking no_clock (0)
------------------------
 There are 0 register/latch pins with no clock.


2. checking constant_clock (0)
------------------------------
 There are 0 register/latch pins with constant_clock.


3. checking pulse_width_clock (0)
---------------------------------
 There are 0 register/latch pins which need pulse_width check


4. checking unconstrained_internal_endpoints (0)
------------------------------------------------
 There are 0 pins that are not constrained for maximum delay.

 There are 0 pins that are not constrained for maximum delay due to constant clock.


5. checking no_input_delay (0)
------------------------------
 There are 0 input ports with no input delay specified.

 There are 0 input ports with no input delay but user has a false path constraint.


6. checking no_output_delay (0)
-------------------------------
 There are 0 ports with no output delay specified.

 There are 0 ports with no output delay but user has a false path constraint

 There are 0 ports with no output delay but with a timing clock defined on it or propagating through it


7. checking multiple_clock (0)
------------------------------
 There are 0 register/latch pins with multiple clocks.


8. checking generated_clocks (0)
--------------------------------
 There are 0 generated clocks that are not connected to a clock source.


9. checking loops (0)
---------------------
 There are 0 combinational loops in the design.


10. checking partial_input_delay (0)
------------------------------------
 There are 0 input ports with partial input delay specified.


11. checking partial_output_delay (0)
-------------------------------------
 There are 0 ports with partial output delay specified.


12. checking latch_loops (0)
----------------------------
 There are 0 combinational latch loops in the design through latch input



------------------------------------------------------------------------------------------------
| Design Timing Summary
| ---------------------
------------------------------------------------------------------------------------------------

    WNS(ns)      TNS(ns)  TNS Failing Endpoints  TNS Total Endpoints      WHS(ns)      THS(ns)  THS Failing Endpoints  THS Total Endpoints     WPWS(ns)     TPWS(ns)  TPWS Failing Endpoints  TPWS Total Endpoints  
    -------      -------  ---------------------  -------------------      -------      -------  ---------------------  -------------------     --------     --------  ----------------------  --------------------  
      1.012        0.000                      0                35742        0.014        0.000                      0                35742        3.750        0.000                       0                 11992  


All user specified timing constraints are met.


------------------------------------------------------------------------------------------------
| Clock Summary
| -------------
------------------------------------------------------------------------------------------------

Clock       Waveform(ns)       Period(ns)      Frequency(MHz)
-----       ------------       ----------      --------------
clk_fpga_0  {0.000 5.000}      10.000          100.000         


------------------------------------------------------------------------------------------------
| Intra Clock Table
| -----------------
------------------------------------------------------------------------------------------------

Clock             WNS(ns)      TNS(ns)  TNS Failing Endpoints  TNS Total Endpoints      WHS(ns)      THS(ns)  THS Failing Endpoints  THS Total Endpoints     WPWS(ns)     TPWS(ns)  TPWS Failing Endpoints  TPWS Total Endpoints  
-----             -------      -------  ---------------------  -------------------      -------      -------  ---------------------  -------------------     --------     --------  ----------------------  --------------------  
clk_fpga_0          1.012        0.000                      0                35742        0.014        0.000                      0                35742        3.750        0.000                       0                 11992  


------------------------------------------------------------------------------------------------
| Inter Clock Table
| -----------------
------------------------------------------------------------------------------------------------

From Clock    To Clock          WNS(ns)      TNS(ns)  TNS Failing Endpoints  TNS Total Endpoints      WHS(ns)      THS(ns)  THS Failing Endpoints  THS Total Endpoints  
----------    --------          -------      -------  ---------------------  -------------------      -------      -------  ---------------------  -------------------  


------------------------------------------------------------------------------------------------
| Other Path Groups Table
| -----------------------
------------------------------------------------------------------------------------------------

Path Group    From Clock    To Clock          WNS(ns)      TNS(ns)  TNS Failing Endpoints  TNS Total Endpoints      WHS(ns)      THS(ns)  THS Failing Endpoints  THS Total Endpoints  
----------    ----------    --------          -------      -------  ---------------------  -------------------      -------      -------  ---------------------  -------------------  


------------------------------------------------------------------------------------------------
| User Ignored Path Table
| -----------------------
------------------------------------------------------------------------------------------------

Path Group    From Clock    To Clock    
----------    ----------    --------    
(none)                      clk_fpga_0    
(none)        clk_fpga_0    clk_fpga_0    


------------------------------------------------------------------------------------------------
| Unconstrained Path Table
| ------------------------
------------------------------------------------------------------------------------------------

Path Group    From Clock    To Clock    
----------    ----------    --------    


------------------------------------------------------------------------------------------------
| Timing Details
| --------------
------------------------------------------------------------------------------------------------


---------------------------------------------------------------------------------------------------
From Clock:  clk_fpga_0
  To Clock:  clk_fpga_0

Setup :            0  Failing Endpoints,  Worst Slack        1.012ns,  Total Violation        0.000ns
Hold  :            0  Failing Endpoints,  Worst Slack        0.014ns,  Total Violation        0.000ns
PW    :            0  Failing Endpoints,  Worst Slack        3.750ns,  Total Violation        0.000ns
---------------------------------------------------------------------------------------------------


Max Delay Paths
--------------------------------------------------------------------------------------
Slack (MET) :             1.012ns  (required time - arrival time)
  Source:                 lenet_system_i/lenet_w8a8_top_0/inst/gmem0_m_axi_U/load_unit/fifo_rreq/full_n_reg/C
                            (rising edge-triggered cell FDRE clocked by clk_fpga_0  {rise@0.000ns fall@5.000ns period=10.000ns})
  Destination:            lenet_system_i/lenet_w8a8_top_0/inst/grp_lenet_w8a8_top_Pipeline_OUT_CHANNEL_OUT_ROW_OUT_COL_fu_334/mac_muladd_8s_8s_16s_17_4_1_U19/lenet_w8a8_top_mac_muladd_8s_8s_16s_17_4_1_DSP48_0_U/p_reg_reg/B[5]
                            (rising edge-triggered cell DSP48E1 clocked by clk_fpga_0  {rise@0.000ns fall@5.000ns period=10.000ns})
  Path Group:             clk_fpga_0
  Path Type:              Setup (Max at Slow Process Corner)
  Requirement:            10.000ns  (clk_fpga_0 rise@10.000ns - clk_fpga_0 rise@0.000ns)
  Data Path Delay:        8.349ns  (logic 1.433ns (17.164%)  route 6.916ns (82.836%))
  Logic Levels:           6  (LUT5=3 LUT6=3)
  Clock Path Skew:        -0.035ns (DCD - SCD + CPR)
    Destination Clock Delay (DCD):    2.760ns = ( 12.760 - 10.000 ) 
    Source Clock Delay      (SCD):    3.025ns
    Clock Pessimism Removal (CPR):    0.230ns
  Clock Uncertainty:      0.154ns  ((TSJ^2 + TIJ^2)^1/2 + DJ) / 2 + PE
    Total System Jitter     (TSJ):    0.071ns
    Total Input Jitter      (TIJ):    0.300ns
    Discrete Jitter          (DJ):    0.000ns
    Phase Error              (PE):    0.000ns

    Location             Delay type                Incr(ns)  Path(ns)    Netlist Resource(s)
  -------------------------------------------------------------------    -------------------
                         (clock clk_fpga_0 rise edge)
                                                      0.000     0.000 r  
    PS7_X0Y0             PS7                          0.000     0.000 r  lenet_system_i/processing_system7_0/inst/PS7_i/FCLKCLK[0]
                         net (fo=1, routed)           1.193     1.193    lenet_system_i/processing_system7_0/inst/FCLK_CLK_unbuffered[0]
    BUFGCTRL_X0Y16                                                    r  lenet_system_i/processing_system7_0/inst/buffer_fclk_clk_0.FCLK_CLK_0_BUFG/I
    BUFGCTRL_X0Y16       BUFG (Prop_bufg_I_O)         0.101     1.294 r  lenet_system_i/processing_system7_0/inst/buffer_fclk_clk_0.FCLK_CLK_0_BUFG/O
                         net (fo=12009, routed)       1.731     3.025    lenet_system_i/lenet_w8a8_top_0/inst/gmem0_m_axi_U/load_unit/fifo_rreq/ap_clk
    SLICE_X25Y23         FDRE                                         r  lenet_system_i/lenet_w8a8_top_0/inst/gmem0_m_axi_U/load_unit/fifo_rreq/full_n_reg/C
  -------------------------------------------------------------------    -------------------
    SLICE_X25Y23         FDRE (Prop_fdre_C_Q)         0.456     3.481 r  lenet_system_i/lenet_w8a8_top_0/inst/gmem0_m_axi_U/load_unit/fifo_rreq/full_n_reg/Q
                         net (fo=15, routed)          1.107     4.588    lenet_system_i/lenet_w8a8_top_0/inst/grp_lenet_w8a8_top_Pipeline_OUT_CHANNEL_OUT_ROW_OUT_COL_fu_334/mac_muladd_8s_8s_16s_17_4_1_U26/lenet_w8a8_top_mac_muladd_8s_8s_16s_17_4_1_DSP48_0_U/gmem0_ARREADY
    SLICE_X21Y23                                                      r  lenet_system_i/lenet_w8a8_top_0/inst/grp_lenet_w8a8_top_Pipeline_OUT_CHANNEL_OUT_ROW_OUT_COL_fu_334/mac_muladd_8s_8s_16s_17_4_1_U26/lenet_w8a8_top_mac_muladd_8s_8s_16s_17_4_1_DSP48_0_U/m_reg_reg_i_3__1/I3
    SLICE_X21Y23         LUT5 (Prop_lut5_I3_O)        0.154     4.742 f  lenet_system_i/lenet_w8a8_top_0/inst/grp_lenet_w8a8_top_Pipeline_OUT_CHANNEL_OUT_ROW_OUT_COL_fu_334/mac_muladd_8s_8s_16s_17_4_1_U26/lenet_w8a8_top_mac_muladd_8s_8s_16s_17_4_1_DSP48_0_U/m_reg_reg_i_3__1/O
                         net (fo=2, routed)           0.724     5.466    lenet_system_i/lenet_w8a8_top_0/inst/grp_lenet_w8a8_top_Pipeline_OUT_CHANNEL_OUT_ROW_OUT_COL_fu_334/mac_muladd_8s_8s_16s_17_4_1_U26/lenet_w8a8_top_mac_muladd_8s_8s_16s_17_4_1_DSP48_0_U/ap_enable_reg_pp0_iter0_reg_reg
    SLICE_X19Y24                                                      f  lenet_system_i/lenet_w8a8_top_0/inst/grp_lenet_w8a8_top_Pipeline_OUT_CHANNEL_OUT_ROW_OUT_COL_fu_334/mac_muladd_8s_8s_16s_17_4_1_U26/lenet_w8a8_top_mac_muladd_8s_8s_16s_17_4_1_DSP48_0_U/p_reg_reg_i_4/I2
    SLICE_X19Y24         LUT5 (Prop_lut5_I2_O)        0.327     5.793 r  lenet_system_i/lenet_w8a8_top_0/inst/grp_lenet_w8a8_top_Pipeline_OUT_CHANNEL_OUT_ROW_OUT_COL_fu_334/mac_muladd_8s_8s_16s_17_4_1_U26/lenet_w8a8_top_mac_muladd_8s_8s_16s_17_4_1_DSP48_0_U/p_reg_reg_i_4/O
                         net (fo=2, routed)           0.605     6.398    lenet_system_i/lenet_w8a8_top_0/inst/grp_lenet_w8a8_top_Pipeline_OUT_CHANNEL_OUT_ROW_OUT_COL_fu_334/mac_muladd_8s_8s_16s_17_4_1_U13/lenet_w8a8_top_mac_muladd_8s_8s_16s_17_4_1_DSP48_0_U/p_reg_reg_6
    SLICE_X20Y24                                                      r  lenet_system_i/lenet_w8a8_top_0/inst/grp_lenet_w8a8_top_Pipeline_OUT_CHANNEL_OUT_ROW_OUT_COL_fu_334/mac_muladd_8s_8s_16s_17_4_1_U13/lenet_w8a8_top_mac_muladd_8s_8s_16s_17_4_1_DSP48_0_U/p_reg_reg_i_1/I4
    SLICE_X20Y24         LUT6 (Prop_lut6_I4_O)        0.124     6.522 r  lenet_system_i/lenet_w8a8_top_0/inst/grp_lenet_w8a8_top_Pipeline_OUT_CHANNEL_OUT_ROW_OUT_COL_fu_334/mac_muladd_8s_8s_16s_17_4_1_U13/lenet_w8a8_top_mac_muladd_8s_8s_16s_17_4_1_DSP48_0_U/p_reg_reg_i_1/O
                         net (fo=16, routed)          0.778     7.300    lenet_system_i/lenet_w8a8_top_0/inst/grp_lenet_w8a8_top_Pipeline_OUT_CHANNEL_OUT_ROW_OUT_COL_fu_334/reg_2390
    SLICE_X27Y22                                                      r  lenet_system_i/lenet_w8a8_top_0/inst/grp_lenet_w8a8_top_Pipeline_OUT_CHANNEL_OUT_ROW_OUT_COL_fu_334/p_reg_reg_i_24/I4
    SLICE_X27Y22         LUT5 (Prop_lut5_I4_O)        0.124     7.424 f  lenet_system_i/lenet_w8a8_top_0/inst/grp_lenet_w8a8_top_Pipeline_OUT_CHANNEL_OUT_ROW_OUT_COL_fu_334/p_reg_reg_i_24/O
                         net (fo=4, routed)           0.748     8.172    lenet_system_i/lenet_w8a8_top_0/inst/gmem0_m_axi_U/load_unit/bus_wide_gen.rreq_offset/U_fifo_srl/bus_wide_gen.data_buf_reg[7]_rep__8
    SLICE_X16Y22                                                      f  lenet_system_i/lenet_w8a8_top_0/inst/gmem0_m_axi_U/load_unit/bus_wide_gen.rreq_offset/U_fifo_srl/p_reg_reg_i_29/I5
    SLICE_X16Y22         LUT6 (Prop_lut6_I5_O)        0.124     8.296 r  lenet_system_i/lenet_w8a8_top_0/inst/gmem0_m_axi_U/load_unit/bus_wide_gen.rreq_offset/U_fifo_srl/p_reg_reg_i_29/O
                         net (fo=51, routed)          1.089     9.385    lenet_system_i/lenet_w8a8_top_0/inst/gmem0_m_axi_U/load_unit/buff_rdata/U_fifo_mem/bus_wide_gen.data_buf_reg[7]_rep__8_1
    SLICE_X5Y26                                                       r  lenet_system_i/lenet_w8a8_top_0/inst/gmem0_m_axi_U/load_unit/buff_rdata/U_fifo_mem/p_reg_reg_i_7/I3
    SLICE_X5Y26          LUT6 (Prop_lut6_I3_O)        0.124     9.509 r  lenet_system_i/lenet_w8a8_top_0/inst/gmem0_m_axi_U/load_unit/buff_rdata/U_fifo_mem/p_reg_reg_i_7/O
                         net (fo=10, routed)          1.864    11.374    lenet_system_i/lenet_w8a8_top_0/inst/grp_lenet_w8a8_top_Pipeline_OUT_CHANNEL_OUT_ROW_OUT_COL_fu_334/mac_muladd_8s_8s_16s_17_4_1_U19/lenet_w8a8_top_mac_muladd_8s_8s_16s_17_4_1_DSP48_0_U/p_reg_reg_2[5]
    DSP48_X2Y14          DSP48E1                                      r  lenet_system_i/lenet_w8a8_top_0/inst/grp_lenet_w8a8_top_Pipeline_OUT_CHANNEL_OUT_ROW_OUT_COL_fu_334/mac_muladd_8s_8s_16s_17_4_1_U19/lenet_w8a8_top_mac_muladd_8s_8s_16s_17_4_1_DSP48_0_U/p_reg_reg/B[5]
  -------------------------------------------------------------------    -------------------

                         (clock clk_fpga_0 rise edge)
                                                     10.000    10.000 r  
    PS7_X0Y0             PS7                          0.000    10.000 r  lenet_system_i/processing_system7_0/inst/PS7_i/FCLKCLK[0]
                         net (fo=1, routed)           1.088    11.088    lenet_system_i/processing_system7_0/inst/FCLK_CLK_unbuffered[0]
    BUFGCTRL_X0Y16                                                    r  lenet_system_i/processing_system7_0/inst/buffer_fclk_clk_0.FCLK_CLK_0_BUFG/I
    BUFGCTRL_X0Y16       BUFG (Prop_bufg_I_O)         0.091    11.179 r  lenet_system_i/processing_system7_0/inst/buffer_fclk_clk_0.FCLK_CLK_0_BUFG/O
                         net (fo=12009, routed)       1.581    12.760    lenet_system_i/lenet_w8a8_top_0/inst/grp_lenet_w8a8_top_Pipeline_OUT_CHANNEL_OUT_ROW_OUT_COL_fu_334/mac_muladd_8s_8s_16s_17_4_1_U19/lenet_w8a8_top_mac_muladd_8s_8s_16s_17_4_1_DSP48_0_U/ap_clk
    DSP48_X2Y14          DSP48E1                                      r  lenet_system_i/lenet_w8a8_top_0/inst/grp_lenet_w8a8_top_Pipeline_OUT_CHANNEL_OUT_ROW_OUT_COL_fu_334/mac_muladd_8s_8s_16s_17_4_1_U19/lenet_w8a8_top_mac_muladd_8s_8s_16s_17_4_1_DSP48_0_U/p_reg_reg/CLK
                         clock pessimism              0.230    12.990    
                         clock uncertainty           -0.154    12.835    
    DSP48_X2Y14          DSP48E1 (Setup_dsp48e1_CLK_B[5])
                                                     -0.450    12.385    lenet_system_i/lenet_w8a8_top_0/inst/grp_lenet_w8a8_top_Pipeline_OUT_CHANNEL_OUT_ROW_OUT_COL_fu_334/mac_muladd_8s_8s_16s_17_4_1_U19/lenet_w8a8_top_mac_muladd_8s_8s_16s_17_4_1_DSP48_0_U/p_reg_reg
  -------------------------------------------------------------------
                         required time                         12.385    
                         arrival time                         -11.374    
  -------------------------------------------------------------------
                         slack                                  1.012    

Slack (MET) :             1.012ns  (required time - arrival time)
  Source:                 lenet_system_i/lenet_w8a8_top_0/inst/conv3_acc_V_U/ram_reg/CLKARDCLK
                            (rising edge-triggered cell RAMB18E1 clocked by clk_fpga_0  {rise@0.000ns fall@5.000ns period=10.000ns})
  Destination:            lenet_system_i/lenet_w8a8_top_0/inst/mul_32ns_33ns_64_2_1_U84/dout_reg__0/PCIN[0]
                            (rising edge-triggered cell DSP48E1 clocked by clk_fpga_0  {rise@0.000ns fall@5.000ns period=10.000ns})
  Path Group:             clk_fpga_0
  Path Type:              Setup (Max at Slow Process Corner)
  Requirement:            10.000ns  (clk_fpga_0 rise@10.000ns - clk_fpga_0 rise@0.000ns)
  Data Path Delay:        7.422ns  (logic 5.294ns (71.327%)  route 2.128ns (28.673%))
  Logic Levels:           2  (DSP48E1=1 LUT3=1)
  Clock Path Skew:        -0.012ns (DCD - SCD + CPR)
    Destination Clock Delay (DCD):    2.850ns = ( 12.850 - 10.000 ) 
    Source Clock Delay      (SCD):    3.091ns
    Clock Pessimism Removal (CPR):    0.230ns
  Clock Uncertainty:      0.154ns  ((TSJ^2 + TIJ^2)^1/2 + DJ) / 2 + PE
    Total System Jitter     (TSJ):    0.071ns
    Total Input Jitter      (TIJ):    0.300ns
    Discrete Jitter          (DJ):    0.000ns
    Phase Error              (PE):    0.000ns

    Location             Delay type                Incr(ns)  Path(ns)    Netlist Resource(s)
  -------------------------------------------------------------------    -------------------
                         (clock clk_fpga_0 rise edge)
                                                      0.000     0.000 r  
    PS7_X0Y0             PS7                          0.000     0.000 r  lenet_system_i/processing_system7_0/inst/PS7_i/FCLKCLK[0]
                         net (fo=1, routed)           1.193     1.193    lenet_system_i/processing_system7_0/inst/FCLK_CLK_unbuffered[0]
    BUFGCTRL_X0Y16                                                    r  lenet_system_i/processing_system7_0/inst/buffer_fclk_clk_0.FCLK_CLK_0_BUFG/I
    BUFGCTRL_X0Y16       BUFG (Prop_bufg_I_O)         0.101     1.294 r  lenet_system_i/processing_system7_0/inst/buffer_fclk_clk_0.FCLK_CLK_0_BUFG/O
                         net (fo=12009, routed)       1.797     3.091    lenet_system_i/lenet_w8a8_top_0/inst/conv3_acc_V_U/ap_clk
    RAMB18_X0Y2          RAMB18E1                                     r  lenet_system_i/lenet_w8a8_top_0/inst/conv3_acc_V_U/ram_reg/CLKARDCLK
  -------------------------------------------------------------------    -------------------
    RAMB18_X0Y2          RAMB18E1 (Prop_ramb18e1_CLKARDCLK_DOADO[5])
                                                      0.882     3.973 r  lenet_system_i/lenet_w8a8_top_0/inst/conv3_acc_V_U/ram_reg/DOADO[5]
                         net (fo=2, routed)           1.377     5.350    lenet_system_i/lenet_w8a8_top_0/inst/conv3_acc_V_U/grp_lenet_w8a8_top_Pipeline_REQUANT_VECTOR_fu_381_grp_fu_1112_p_din0[5]
    SLICE_X12Y3                                                       r  lenet_system_i/lenet_w8a8_top_0/inst/conv3_acc_V_U/tmp_product__0_i_12/I0
    SLICE_X12Y3          LUT3 (Prop_lut3_I0_O)        0.152     5.502 r  lenet_system_i/lenet_w8a8_top_0/inst/conv3_acc_V_U/tmp_product__0_i_12/O
                         net (fo=1, routed)           0.749     6.252    lenet_system_i/lenet_w8a8_top_0/inst/mul_32ns_33ns_64_2_1_U84/grp_fu_1112_p0[5]
    DSP48_X0Y0                                                        r  lenet_system_i/lenet_w8a8_top_0/inst/mul_32ns_33ns_64_2_1_U84/tmp_product__0/A[5]
    DSP48_X0Y0           DSP48E1 (Prop_dsp48e1_A[5]_PCOUT[0])
                                                      4.260    10.512 r  lenet_system_i/lenet_w8a8_top_0/inst/mul_32ns_33ns_64_2_1_U84/tmp_product__0/PCOUT[0]
                         net (fo=1, routed)           0.002    10.514    lenet_system_i/lenet_w8a8_top_0/inst/mul_32ns_33ns_64_2_1_U84/tmp_product__0_n_155
    DSP48_X0Y1           DSP48E1                                      r  lenet_system_i/lenet_w8a8_top_0/inst/mul_32ns_33ns_64_2_1_U84/dout_reg__0/PCIN[0]
  -------------------------------------------------------------------    -------------------

                         (clock clk_fpga_0 rise edge)
                                                     10.000    10.000 r  
    PS7_X0Y0             PS7                          0.000    10.000 r  lenet_system_i/processing_system7_0/inst/PS7_i/FCLKCLK[0]
                         net (fo=1, routed)           1.088    11.088    lenet_system_i/processing_system7_0/inst/FCLK_CLK_unbuffered[0]
    BUFGCTRL_X0Y16                                                    r  lenet_system_i/processing_system7_0/inst/buffer_fclk_clk_0.FCLK_CLK_0_BUFG/I
    BUFGCTRL_X0Y16       BUFG (Prop_bufg_I_O)         0.091    11.179 r  lenet_system_i/processing_system7_0/inst/buffer_fclk_clk_0.FCLK_CLK_0_BUFG/O
                         net (fo=12009, routed)       1.671    12.850    lenet_system_i/lenet_w8a8_top_0/inst/mul_32ns_33ns_64_2_1_U84/ap_clk
    DSP48_X0Y1           DSP48E1                                      r  lenet_system_i/lenet_w8a8_top_0/inst/mul_32ns_33ns_64_2_1_U84/dout_reg__0/CLK
                         clock pessimism              0.230    13.080    
                         clock uncertainty           -0.154    12.925    
    DSP48_X0Y1           DSP48E1 (Setup_dsp48e1_CLK_PCIN[0])
                                                     -1.400    11.525    lenet_system_i/lenet_w8a8_top_0/inst/mul_32ns_33ns_64_2_1_U84/dout_reg__0
  -------------------------------------------------------------------
                         required time                         11.525    
                         arrival time                         -10.514    
  -------------------------------------------------------------------
                         slack                                  1.012    

Slack (MET) :             1.012ns  (required time - arrival time)
  Source:                 lenet_system_i/lenet_w8a8_top_0/inst/conv3_acc_V_U/ram_reg/CLKARDCLK
                            (rising edge-triggered cell RAMB18E1 clocked by clk_fpga_0  {rise@0.000ns fall@5.000ns period=10.000ns})
  Destination:            lenet_system_i/lenet_w8a8_top_0/inst/mul_32ns_33ns_64_2_1_U84/dout_reg__0/PCIN[10]
                            (rising edge-triggered cell DSP48E1 clocked by clk_fpga_0  {rise@0.000ns fall@5.000ns period=10.000ns})
  Path Group:             clk_fpga_0
  Path Type:              Setup (Max at Slow Process Corner)
  Requirement:            10.000ns  (clk_fpga_0 rise@10.000ns - clk_fpga_0 rise@0.000ns)
  Data Path Delay:        7.422ns  (logic 5.294ns (71.327%)  route 2.128ns (28.673%))
  Logic Levels:           2  (DSP48E1=1 LUT3=1)
  Clock Path Skew:        -0.012ns (DCD - SCD + CPR)
    Destination Clock Delay (DCD):    2.850ns = ( 12.850 - 10.000 ) 
    Source Clock Delay      (SCD):    3.091ns
    Clock Pessimism Removal (CPR):    0.230ns
  Clock Uncertainty:      0.154ns  ((TSJ^2 + TIJ^2)^1/2 + DJ) / 2 + PE
    Total System Jitter     (TSJ):    0.071ns
    Total Input Jitter      (TIJ):    0.300ns
    Discrete Jitter          (DJ):    0.000ns
    Phase Error              (PE):    0.000ns

    Location             Delay type                Incr(ns)  Path(ns)    Netlist Resource(s)
  -------------------------------------------------------------------    -------------------
                         (clock clk_fpga_0 rise edge)
                                                      0.000     0.000 r  
    PS7_X0Y0             PS7                          0.000     0.000 r  lenet_system_i/processing_system7_0/inst/PS7_i/FCLKCLK[0]
                         net (fo=1, routed)           1.193     1.193    lenet_system_i/processing_system7_0/inst/FCLK_CLK_unbuffered[0]
    BUFGCTRL_X0Y16                                                    r  lenet_system_i/processing_system7_0/inst/buffer_fclk_clk_0.FCLK_CLK_0_BUFG/I
    BUFGCTRL_X0Y16       BUFG (Prop_bufg_I_O)         0.101     1.294 r  lenet_system_i/processing_system7_0/inst/buffer_fclk_clk_0.FCLK_CLK_0_BUFG/O
                         net (fo=12009, routed)       1.797     3.091    lenet_system_i/lenet_w8a8_top_0/inst/conv3_acc_V_U/ap_clk
    RAMB18_X0Y2          RAMB18E1                                     r  lenet_system_i/lenet_w8a8_top_0/inst/conv3_acc_V_U/ram_reg/CLKARDCLK
  -------------------------------------------------------------------    -------------------
    RAMB18_X0Y2          RAMB18E1 (Prop_ramb18e1_CLKARDCLK_DOADO[5])
                                                      0.882     3.973 r  lenet_system_i/lenet_w8a8_top_0/inst/conv3_acc_V_U/ram_reg/DOADO[5]
                         net (fo=2, routed)           1.377     5.350    lenet_system_i/lenet_w8a8_top_0/inst/conv3_acc_V_U/grp_lenet_w8a8_top_Pipeline_REQUANT_VECTOR_fu_381_grp_fu_1112_p_din0[5]
    SLICE_X12Y3                                                       r  lenet_system_i/lenet_w8a8_top_0/inst/conv3_acc_V_U/tmp_product__0_i_12/I0
    SLICE_X12Y3          LUT3 (Prop_lut3_I0_O)        0.152     5.502 r  lenet_system_i/lenet_w8a8_top_0/inst/conv3_acc_V_U/tmp_product__0_i_12/O
                         net (fo=1, routed)           0.749     6.252    lenet_system_i/lenet_w8a8_top_0/inst/mul_32ns_33ns_64_2_1_U84/grp_fu_1112_p0[5]
    DSP48_X0Y0                                                        r  lenet_system_i/lenet_w8a8_top_0/inst/mul_32ns_33ns_64_2_1_U84/tmp_product__0/A[5]
    DSP48_X0Y0           DSP48E1 (Prop_dsp48e1_A[5]_PCOUT[10])
                                                      4.260    10.512 r  lenet_system_i/lenet_w8a8_top_0/inst/mul_32ns_33ns_64_2_1_U84/tmp_product__0/PCOUT[10]
                         net (fo=1, routed)           0.002    10.514    lenet_system_i/lenet_w8a8_top_0/inst/mul_32ns_33ns_64_2_1_U84/tmp_product__0_n_145
    DSP48_X0Y1           DSP48E1                                      r  lenet_system_i/lenet_w8a8_top_0/inst/mul_32ns_33ns_64_2_1_U84/dout_reg__0/PCIN[10]
  -------------------------------------------------------------------    -------------------

                         (clock clk_fpga_0 rise edge)
                                                     10.000    10.000 r  
    PS7_X0Y0             PS7                          0.000    10.000 r  lenet_system_i/processing_system7_0/inst/PS7_i/FCLKCLK[0]
                         net (fo=1, routed)           1.088    11.088    lenet_system_i/processing_system7_0/inst/FCLK_CLK_unbuffered[0]
    BUFGCTRL_X0Y16                                                    r  lenet_system_i/processing_system7_0/inst/buffer_fclk_clk_0.FCLK_CLK_0_BUFG/I
    BUFGCTRL_X0Y16       BUFG (Prop_bufg_I_O)         0.091    11.179 r  lenet_system_i/processing_system7_0/inst/buffer_fclk_clk_0.FCLK_CLK_0_BUFG/O
                         net (fo=12009, routed)       1.671    12.850    lenet_system_i/lenet_w8a8_top_0/inst/mul_32ns_33ns_64_2_1_U84/ap_clk
    DSP48_X0Y1           DSP48E1                                      r  lenet_system_i/lenet_w8a8_top_0/inst/mul_32ns_33ns_64_2_1_U84/dout_reg__0/CLK
                         clock pessimism              0.230    13.080    
                         clock uncertainty           -0.154    12.925    
    DSP48_X0Y1           DSP48E1 (Setup_dsp48e1_CLK_PCIN[10])
                                                     -1.400    11.525    lenet_system_i/lenet_w8a8_top_0/inst/mul_32ns_33ns_64_2_1_U84/dout_reg__0
  -------------------------------------------------------------------
                         required time                         11.525    
                         arrival time                         -10.514    
  -------------------------------------------------------------------
                         slack                                  1.012    

Slack (MET) :             1.012ns  (required time - arrival time)
  Source:                 lenet_system_i/lenet_w8a8_top_0/inst/conv3_acc_V_U/ram_reg/CLKARDCLK
                            (rising edge-triggered cell RAMB18E1 clocked by clk_fpga_0  {rise@0.000ns fall@5.000ns period=10.000ns})
  Destination:            lenet_system_i/lenet_w8a8_top_0/inst/mul_32ns_33ns_64_2_1_U84/dout_reg__0/PCIN[11]
                            (rising edge-triggered cell DSP48E1 clocked by clk_fpga_0  {rise@0.000ns fall@5.000ns period=10.000ns})
  Path Group:             clk_fpga_0
  Path Type:              Setup (Max at Slow Process Corner)
  Requirement:            10.000ns  (clk_fpga_0 rise@10.000ns - clk_fpga_0 rise@0.000ns)
  Data Path Delay:        7.422ns  (logic 5.294ns (71.327%)  route 2.128ns (28.673%))
  Logic Levels:           2  (DSP48E1=1 LUT3=1)
  Clock Path Skew:        -0.012ns (DCD - SCD + CPR)
    Destination Clock Delay (DCD):    2.850ns = ( 12.850 - 10.000 ) 
    Source Clock Delay      (SCD):    3.091ns
    Clock Pessimism Removal (CPR):    0.230ns
  Clock Uncertainty:      0.154ns  ((TSJ^2 + TIJ^2)^1/2 + DJ) / 2 + PE
    Total System Jitter     (TSJ):    0.071ns
    Total Input Jitter      (TIJ):    0.300ns
    Discrete Jitter          (DJ):    0.000ns
    Phase Error              (PE):    0.000ns

    Location             Delay type                Incr(ns)  Path(ns)    Netlist Resource(s)
  -------------------------------------------------------------------    -------------------
                         (clock clk_fpga_0 rise edge)
                                                      0.000     0.000 r  
    PS7_X0Y0             PS7                          0.000     0.000 r  lenet_system_i/processing_system7_0/inst/PS7_i/FCLKCLK[0]
                         net (fo=1, routed)           1.193     1.193    lenet_system_i/processing_system7_0/inst/FCLK_CLK_unbuffered[0]
    BUFGCTRL_X0Y16                                                    r  lenet_system_i/processing_system7_0/inst/buffer_fclk_clk_0.FCLK_CLK_0_BUFG/I
    BUFGCTRL_X0Y16       BUFG (Prop_bufg_I_O)         0.101     1.294 r  lenet_system_i/processing_system7_0/inst/buffer_fclk_clk_0.FCLK_CLK_0_BUFG/O
                         net (fo=12009, routed)       1.797     3.091    lenet_system_i/lenet_w8a8_top_0/inst/conv3_acc_V_U/ap_clk
    RAMB18_X0Y2          RAMB18E1                                     r  lenet_system_i/lenet_w8a8_top_0/inst/conv3_acc_V_U/ram_reg/CLKARDCLK
  -------------------------------------------------------------------    -------------------
    RAMB18_X0Y2          RAMB18E1 (Prop_ramb18e1_CLKARDCLK_DOADO[5])
                                                      0.882     3.973 r  lenet_system_i/lenet_w8a8_top_0/inst/conv3_acc_V_U/ram_reg/DOADO[5]
                         net (fo=2, routed)           1.377     5.350    lenet_system_i/lenet_w8a8_top_0/inst/conv3_acc_V_U/grp_lenet_w8a8_top_Pipeline_REQUANT_VECTOR_fu_381_grp_fu_1112_p_din0[5]
    SLICE_X12Y3                                                       r  lenet_system_i/lenet_w8a8_top_0/inst/conv3_acc_V_U/tmp_product__0_i_12/I0
    SLICE_X12Y3          LUT3 (Prop_lut3_I0_O)        0.152     5.502 r  lenet_system_i/lenet_w8a8_top_0/inst/conv3_acc_V_U/tmp_product__0_i_12/O
                         net (fo=1, routed)           0.749     6.252    lenet_system_i/lenet_w8a8_top_0/inst/mul_32ns_33ns_64_2_1_U84/grp_fu_1112_p0[5]
    DSP48_X0Y0                                                        r  lenet_system_i/lenet_w8a8_top_0/inst/mul_32ns_33ns_64_2_1_U84/tmp_product__0/A[5]
    DSP48_X0Y0           DSP48E1 (Prop_dsp48e1_A[5]_PCOUT[11])
                                                      4.260    10.512 r  lenet_system_i/lenet_w8a8_top_0/inst/mul_32ns_33ns_64_2_1_U84/tmp_product__0/PCOUT[11]
                         net (fo=1, routed)           0.002    10.514    lenet_system_i/lenet_w8a8_top_0/inst/mul_32ns_33ns_64_2_1_U84/tmp_product__0_n_144
    DSP48_X0Y1           DSP48E1                                      r  lenet_system_i/lenet_w8a8_top_0/inst/mul_32ns_33ns_64_2_1_U84/dout_reg__0/PCIN[11]
  -------------------------------------------------------------------    -------------------

                         (clock clk_fpga_0 rise edge)
                                                     10.000    10.000 r  
    PS7_X0Y0             PS7                          0.000    10.000 r  lenet_system_i/processing_system7_0/inst/PS7_i/FCLKCLK[0]
                         net (fo=1, routed)           1.088    11.088    lenet_system_i/processing_system7_0/inst/FCLK_CLK_unbuffered[0]
    BUFGCTRL_X0Y16                                                    r  lenet_system_i/processing_system7_0/inst/buffer_fclk_clk_0.FCLK_CLK_0_BUFG/I
    BUFGCTRL_X0Y16       BUFG (Prop_bufg_I_O)         0.091    11.179 r  lenet_system_i/processing_system7_0/inst/buffer_fclk_clk_0.FCLK_CLK_0_BUFG/O
                         net (fo=12009, routed)       1.671    12.850    lenet_system_i/lenet_w8a8_top_0/inst/mul_32ns_33ns_64_2_1_U84/ap_clk
    DSP48_X0Y1           DSP48E1                                      r  lenet_system_i/lenet_w8a8_top_0/inst/mul_32ns_33ns_64_2_1_U84/dout_reg__0/CLK
                         clock pessimism              0.230    13.080    
                         clock uncertainty           -0.154    12.925    
    DSP48_X0Y1           DSP48E1 (Setup_dsp48e1_CLK_PCIN[11])
                                                     -1.400    11.525    lenet_system_i/lenet_w8a8_top_0/inst/mul_32ns_33ns_64_2_1_U84/dout_reg__0
  -------------------------------------------------------------------
                         required time                         11.525    
                         arrival time                         -10.514    
  -------------------------------------------------------------------
                         slack                                  1.012    

Slack (MET) :             1.012ns  (required time - arrival time)
  Source:                 lenet_system_i/lenet_w8a8_top_0/inst/conv3_acc_V_U/ram_reg/CLKARDCLK
                            (rising edge-triggered cell RAMB18E1 clocked by clk_fpga_0  {rise@0.000ns fall@5.000ns period=10.000ns})
  Destination:            lenet_system_i/lenet_w8a8_top_0/inst/mul_32ns_33ns_64_2_1_U84/dout_reg__0/PCIN[12]
                            (rising edge-triggered cell DSP48E1 clocked by clk_fpga_0  {rise@0.000ns fall@5.000ns period=10.000ns})
  Path Group:             clk_fpga_0
  Path Type:              Setup (Max at Slow Process Corner)
  Requirement:            10.000ns  (clk_fpga_0 rise@10.000ns - clk_fpga_0 rise@0.000ns)
  Data Path Delay:        7.422ns  (logic 5.294ns (71.327%)  route 2.128ns (28.673%))
  Logic Levels:           2  (DSP48E1=1 LUT3=1)
  Clock Path Skew:        -0.012ns (DCD - SCD + CPR)
    Destination Clock Delay (DCD):    2.850ns = ( 12.850 - 10.000 ) 
    Source Clock Delay      (SCD):    3.091ns
    Clock Pessimism Removal (CPR):    0.230ns
  Clock Uncertainty:      0.154ns  ((TSJ^2 + TIJ^2)^1/2 + DJ) / 2 + PE
    Total System Jitter     (TSJ):    0.071ns
    Total Input Jitter      (TIJ):    0.300ns
    Discrete Jitter          (DJ):    0.000ns
    Phase Error              (PE):    0.000ns

    Location             Delay type                Incr(ns)  Path(ns)    Netlist Resource(s)
  -------------------------------------------------------------------    -------------------
                         (clock clk_fpga_0 rise edge)
                                                      0.000     0.000 r  
    PS7_X0Y0             PS7                          0.000     0.000 r  lenet_system_i/processing_system7_0/inst/PS7_i/FCLKCLK[0]
                         net (fo=1, routed)           1.193     1.193    lenet_system_i/processing_system7_0/inst/FCLK_CLK_unbuffered[0]
    BUFGCTRL_X0Y16                                                    r  lenet_system_i/processing_system7_0/inst/buffer_fclk_clk_0.FCLK_CLK_0_BUFG/I
    BUFGCTRL_X0Y16       BUFG (Prop_bufg_I_O)         0.101     1.294 r  lenet_system_i/processing_system7_0/inst/buffer_fclk_clk_0.FCLK_CLK_0_BUFG/O
                         net (fo=12009, routed)       1.797     3.091    lenet_system_i/lenet_w8a8_top_0/inst/conv3_acc_V_U/ap_clk
    RAMB18_X0Y2          RAMB18E1                                     r  lenet_system_i/lenet_w8a8_top_0/inst/conv3_acc_V_U/ram_reg/CLKARDCLK
  -------------------------------------------------------------------    -------------------
    RAMB18_X0Y2          RAMB18E1 (Prop_ramb18e1_CLKARDCLK_DOADO[5])
                                                      0.882     3.973 r  lenet_system_i/lenet_w8a8_top_0/inst/conv3_acc_V_U/ram_reg/DOADO[5]
                         net (fo=2, routed)           1.377     5.350    lenet_system_i/lenet_w8a8_top_0/inst/conv3_acc_V_U/grp_lenet_w8a8_top_Pipeline_REQUANT_VECTOR_fu_381_grp_fu_1112_p_din0[5]
    SLICE_X12Y3                                                       r  lenet_system_i/lenet_w8a8_top_0/inst/conv3_acc_V_U/tmp_product__0_i_12/I0
    SLICE_X12Y3          LUT3 (Prop_lut3_I0_O)        0.152     5.502 r  lenet_system_i/lenet_w8a8_top_0/inst/conv3_acc_V_U/tmp_product__0_i_12/O
                         net (fo=1, routed)           0.749     6.252    lenet_system_i/lenet_w8a8_top_0/inst/mul_32ns_33ns_64_2_1_U84/grp_fu_1112_p0[5]
    DSP48_X0Y0                                                        r  lenet_system_i/lenet_w8a8_top_0/inst/mul_32ns_33ns_64_2_1_U84/tmp_product__0/A[5]
    DSP48_X0Y0           DSP48E1 (Prop_dsp48e1_A[5]_PCOUT[12])
                                                      4.260    10.512 r  lenet_system_i/lenet_w8a8_top_0/inst/mul_32ns_33ns_64_2_1_U84/tmp_product__0/PCOUT[12]
                         net (fo=1, routed)           0.002    10.514    lenet_system_i/lenet_w8a8_top_0/inst/mul_32ns_33ns_64_2_1_U84/tmp_product__0_n_143
    DSP48_X0Y1           DSP48E1                                      r  lenet_system_i/lenet_w8a8_top_0/inst/mul_32ns_33ns_64_2_1_U84/dout_reg__0/PCIN[12]
  -------------------------------------------------------------------    -------------------

                         (clock clk_fpga_0 rise edge)
                                                     10.000    10.000 r  
    PS7_X0Y0             PS7                          0.000    10.000 r  lenet_system_i/processing_system7_0/inst/PS7_i/FCLKCLK[0]
                         net (fo=1, routed)           1.088    11.088    lenet_system_i/processing_system7_0/inst/FCLK_CLK_unbuffered[0]
    BUFGCTRL_X0Y16                                                    r  lenet_system_i/processing_system7_0/inst/buffer_fclk_clk_0.FCLK_CLK_0_BUFG/I
    BUFGCTRL_X0Y16       BUFG (Prop_bufg_I_O)         0.091    11.179 r  lenet_system_i/processing_system7_0/inst/buffer_fclk_clk_0.FCLK_CLK_0_BUFG/O
                         net (fo=12009, routed)       1.671    12.850    lenet_system_i/lenet_w8a8_top_0/inst/mul_32ns_33ns_64_2_1_U84/ap_clk
    DSP48_X0Y1           DSP48E1                                      r  lenet_system_i/lenet_w8a8_top_0/inst/mul_32ns_33ns_64_2_1_U84/dout_reg__0/CLK
                         clock pessimism              0.230    13.080    
                         clock uncertainty           -0.154    12.925    
    DSP48_X0Y1           DSP48E1 (Setup_dsp48e1_CLK_PCIN[12])
                                                     -1.400    11.525    lenet_system_i/lenet_w8a8_top_0/inst/mul_32ns_33ns_64_2_1_U84/dout_reg__0
  -------------------------------------------------------------------
                         required time                         11.525    
                         arrival time                         -10.514    
  -------------------------------------------------------------------
                         slack                                  1.012    

Slack (MET) :             1.012ns  (required time - arrival time)
  Source:                 lenet_system_i/lenet_w8a8_top_0/inst/conv3_acc_V_U/ram_reg/CLKARDCLK
                            (rising edge-triggered cell RAMB18E1 clocked by clk_fpga_0  {rise@0.000ns fall@5.000ns period=10.000ns})
  Destination:            lenet_system_i/lenet_w8a8_top_0/inst/mul_32ns_33ns_64_2_1_U84/dout_reg__0/PCIN[13]
                            (rising edge-triggered cell DSP48E1 clocked by clk_fpga_0  {rise@0.000ns fall@5.000ns period=10.000ns})
  Path Group:             clk_fpga_0
  Path Type:              Setup (Max at Slow Process Corner)
  Requirement:            10.000ns  (clk_fpga_0 rise@10.000ns - clk_fpga_0 rise@0.000ns)
  Data Path Delay:        7.422ns  (logic 5.294ns (71.327%)  route 2.128ns (28.673%))
  Logic Levels:           2  (DSP48E1=1 LUT3=1)
  Clock Path Skew:        -0.012ns (DCD - SCD + CPR)
    Destination Clock Delay (DCD):    2.850ns = ( 12.850 - 10.000 ) 
    Source Clock Delay      (SCD):    3.091ns
    Clock Pessimism Removal (CPR):    0.230ns
  Clock Uncertainty:      0.154ns  ((TSJ^2 + TIJ^2)^1/2 + DJ) / 2 + PE
    Total System Jitter     (TSJ):    0.071ns
    Total Input Jitter      (TIJ):    0.300ns
    Discrete Jitter          (DJ):    0.000ns
    Phase Error              (PE):    0.000ns

    Location             Delay type                Incr(ns)  Path(ns)    Netlist Resource(s)
  -------------------------------------------------------------------    -------------------
                         (clock clk_fpga_0 rise edge)
                                                      0.000     0.000 r  
    PS7_X0Y0             PS7                          0.000     0.000 r  lenet_system_i/processing_system7_0/inst/PS7_i/FCLKCLK[0]
                         net (fo=1, routed)           1.193     1.193    lenet_system_i/processing_system7_0/inst/FCLK_CLK_unbuffered[0]
    BUFGCTRL_X0Y16                                                    r  lenet_system_i/processing_system7_0/inst/buffer_fclk_clk_0.FCLK_CLK_0_BUFG/I
    BUFGCTRL_X0Y16       BUFG (Prop_bufg_I_O)         0.101     1.294 r  lenet_system_i/processing_system7_0/inst/buffer_fclk_clk_0.FCLK_CLK_0_BUFG/O
                         net (fo=12009, routed)       1.797     3.091    lenet_system_i/lenet_w8a8_top_0/inst/conv3_acc_V_U/ap_clk
    RAMB18_X0Y2          RAMB18E1                                     r  lenet_system_i/lenet_w8a8_top_0/inst/conv3_acc_V_U/ram_reg/CLKARDCLK
  -------------------------------------------------------------------    -------------------
    RAMB18_X0Y2          RAMB18E1 (Prop_ramb18e1_CLKARDCLK_DOADO[5])
                                                      0.882     3.973 r  lenet_system_i/lenet_w8a8_top_0/inst/conv3_acc_V_U/ram_reg/DOADO[5]
                         net (fo=2, routed)           1.377     5.350    lenet_system_i/lenet_w8a8_top_0/inst/conv3_acc_V_U/grp_lenet_w8a8_top_Pipeline_REQUANT_VECTOR_fu_381_grp_fu_1112_p_din0[5]
    SLICE_X12Y3                                                       r  lenet_system_i/lenet_w8a8_top_0/inst/conv3_acc_V_U/tmp_product__0_i_12/I0
    SLICE_X12Y3          LUT3 (Prop_lut3_I0_O)        0.152     5.502 r  lenet_system_i/lenet_w8a8_top_0/inst/conv3_acc_V_U/tmp_product__0_i_12/O
                         net (fo=1, routed)           0.749     6.252    lenet_system_i/lenet_w8a8_top_0/inst/mul_32ns_33ns_64_2_1_U84/grp_fu_1112_p0[5]
    DSP48_X0Y0                                                        r  lenet_system_i/lenet_w8a8_top_0/inst/mul_32ns_33ns_64_2_1_U84/tmp_product__0/A[5]
    DSP48_X0Y0           DSP48E1 (Prop_dsp48e1_A[5]_PCOUT[13])
                                                      4.260    10.512 r  lenet_system_i/lenet_w8a8_top_0/inst/mul_32ns_33ns_64_2_1_U84/tmp_product__0/PCOUT[13]
                         net (fo=1, routed)           0.002    10.514    lenet_system_i/lenet_w8a8_top_0/inst/mul_32ns_33ns_64_2_1_U84/tmp_product__0_n_142
    DSP48_X0Y1           DSP48E1                                      r  lenet_system_i/lenet_w8a8_top_0/inst/mul_32ns_33ns_64_2_1_U84/dout_reg__0/PCIN[13]
  -------------------------------------------------------------------    -------------------

                         (clock clk_fpga_0 rise edge)
                                                     10.000    10.000 r  
    PS7_X0Y0             PS7                          0.000    10.000 r  lenet_system_i/processing_system7_0/inst/PS7_i/FCLKCLK[0]
                         net (fo=1, routed)           1.088    11.088    lenet_system_i/processing_system7_0/inst/FCLK_CLK_unbuffered[0]
    BUFGCTRL_X0Y16                                                    r  lenet_system_i/processing_system7_0/inst/buffer_fclk_clk_0.FCLK_CLK_0_BUFG/I
    BUFGCTRL_X0Y16       BUFG (Prop_bufg_I_O)         0.091    11.179 r  lenet_system_i/processing_system7_0/inst/buffer_fclk_clk_0.FCLK_CLK_0_BUFG/O
                         net (fo=12009, routed)       1.671    12.850    lenet_system_i/lenet_w8a8_top_0/inst/mul_32ns_33ns_64_2_1_U84/ap_clk
    DSP48_X0Y1           DSP48E1                                      r  lenet_system_i/lenet_w8a8_top_0/inst/mul_32ns_33ns_64_2_1_U84/dout_reg__0/CLK
                         clock pessimism              0.230    13.080    
                         clock uncertainty           -0.154    12.925    
    DSP48_X0Y1           DSP48E1 (Setup_dsp48e1_CLK_PCIN[13])
                                                     -1.400    11.525    lenet_system_i/lenet_w8a8_top_0/inst/mul_32ns_33ns_64_2_1_U84/dout_reg__0
  -------------------------------------------------------------------
                         required time                         11.525    
                         arrival time                         -10.514    
  -------------------------------------------------------------------
                         slack                                  1.012    

Slack (MET) :             1.012ns  (required time - arrival time)
  Source:                 lenet_system_i/lenet_w8a8_top_0/inst/conv3_acc_V_U/ram_reg/CLKARDCLK
                            (rising edge-triggered cell RAMB18E1 clocked by clk_fpga_0  {rise@0.000ns fall@5.000ns period=10.000ns})
  Destination:            lenet_system_i/lenet_w8a8_top_0/inst/mul_32ns_33ns_64_2_1_U84/dout_reg__0/PCIN[14]
                            (rising edge-triggered cell DSP48E1 clocked by clk_fpga_0  {rise@0.000ns fall@5.000ns period=10.000ns})
  Path Group:             clk_fpga_0
  Path Type:              Setup (Max at Slow Process Corner)
  Requirement:            10.000ns  (clk_fpga_0 rise@10.000ns - clk_fpga_0 rise@0.000ns)
  Data Path Delay:        7.422ns  (logic 5.294ns (71.327%)  route 2.128ns (28.673%))
  Logic Levels:           2  (DSP48E1=1 LUT3=1)
  Clock Path Skew:        -0.012ns (DCD - SCD + CPR)
    Destination Clock Delay (DCD):    2.850ns = ( 12.850 - 10.000 ) 
    Source Clock Delay      (SCD):    3.091ns
    Clock Pessimism Removal (CPR):    0.230ns
  Clock Uncertainty:      0.154ns  ((TSJ^2 + TIJ^2)^1/2 + DJ) / 2 + PE
    Total System Jitter     (TSJ):    0.071ns
    Total Input Jitter      (TIJ):    0.300ns
    Discrete Jitter          (DJ):    0.000ns
    Phase Error              (PE):    0.000ns

    Location             Delay type                Incr(ns)  Path(ns)    Netlist Resource(s)
  -------------------------------------------------------------------    -------------------
                         (clock clk_fpga_0 rise edge)
                                                      0.000     0.000 r  
    PS7_X0Y0             PS7                          0.000     0.000 r  lenet_system_i/processing_system7_0/inst/PS7_i/FCLKCLK[0]
                         net (fo=1, routed)           1.193     1.193    lenet_system_i/processing_system7_0/inst/FCLK_CLK_unbuffered[0]
    BUFGCTRL_X0Y16                                                    r  lenet_system_i/processing_system7_0/inst/buffer_fclk_clk_0.FCLK_CLK_0_BUFG/I
    BUFGCTRL_X0Y16       BUFG (Prop_bufg_I_O)         0.101     1.294 r  lenet_system_i/processing_system7_0/inst/buffer_fclk_clk_0.FCLK_CLK_0_BUFG/O
                         net (fo=12009, routed)       1.797     3.091    lenet_system_i/lenet_w8a8_top_0/inst/conv3_acc_V_U/ap_clk
    RAMB18_X0Y2          RAMB18E1                                     r  lenet_system_i/lenet_w8a8_top_0/inst/conv3_acc_V_U/ram_reg/CLKARDCLK
  -------------------------------------------------------------------    -------------------
    RAMB18_X0Y2          RAMB18E1 (Prop_ramb18e1_CLKARDCLK_DOADO[5])
                                                      0.882     3.973 r  lenet_system_i/lenet_w8a8_top_0/inst/conv3_acc_V_U/ram_reg/DOADO[5]
                         net (fo=2, routed)           1.377     5.350    lenet_system_i/lenet_w8a8_top_0/inst/conv3_acc_V_U/grp_lenet_w8a8_top_Pipeline_REQUANT_VECTOR_fu_381_grp_fu_1112_p_din0[5]
    SLICE_X12Y3                                                       r  lenet_system_i/lenet_w8a8_top_0/inst/conv3_acc_V_U/tmp_product__0_i_12/I0
    SLICE_X12Y3          LUT3 (Prop_lut3_I0_O)        0.152     5.502 r  lenet_system_i/lenet_w8a8_top_0/inst/conv3_acc_V_U/tmp_product__0_i_12/O
                         net (fo=1, routed)           0.749     6.252    lenet_system_i/lenet_w8a8_top_0/inst/mul_32ns_33ns_64_2_1_U84/grp_fu_1112_p0[5]
    DSP48_X0Y0                                                        r  lenet_system_i/lenet_w8a8_top_0/inst/mul_32ns_33ns_64_2_1_U84/tmp_product__0/A[5]
    DSP48_X0Y0           DSP48E1 (Prop_dsp48e1_A[5]_PCOUT[14])
                                                      4.260    10.512 r  lenet_system_i/lenet_w8a8_top_0/inst/mul_32ns_33ns_64_2_1_U84/tmp_product__0/PCOUT[14]
                         net (fo=1, routed)           0.002    10.514    lenet_system_i/lenet_w8a8_top_0/inst/mul_32ns_33ns_64_2_1_U84/tmp_product__0_n_141
    DSP48_X0Y1           DSP48E1                                      r  lenet_system_i/lenet_w8a8_top_0/inst/mul_32ns_33ns_64_2_1_U84/dout_reg__0/PCIN[14]
  -------------------------------------------------------------------    -------------------

                         (clock clk_fpga_0 rise edge)
                                                     10.000    10.000 r  
    PS7_X0Y0             PS7                          0.000    10.000 r  lenet_system_i/processing_system7_0/inst/PS7_i/FCLKCLK[0]
                         net (fo=1, routed)           1.088    11.088    lenet_system_i/processing_system7_0/inst/FCLK_CLK_unbuffered[0]
    BUFGCTRL_X0Y16                                                    r  lenet_system_i/processing_system7_0/inst/buffer_fclk_clk_0.FCLK_CLK_0_BUFG/I
    BUFGCTRL_X0Y16       BUFG (Prop_bufg_I_O)         0.091    11.179 r  lenet_system_i/processing_system7_0/inst/buffer_fclk_clk_0.FCLK_CLK_0_BUFG/O
                         net (fo=12009, routed)       1.671    12.850    lenet_system_i/lenet_w8a8_top_0/inst/mul_32ns_33ns_64_2_1_U84/ap_clk
    DSP48_X0Y1           DSP48E1                                      r  lenet_system_i/lenet_w8a8_top_0/inst/mul_32ns_33ns_64_2_1_U84/dout_reg__0/CLK
                         clock pessimism              0.230    13.080    
                         clock uncertainty           -0.154    12.925    
    DSP48_X0Y1           DSP48E1 (Setup_dsp48e1_CLK_PCIN[14])
                                                     -1.400    11.525    lenet_system_i/lenet_w8a8_top_0/inst/mul_32ns_33ns_64_2_1_U84/dout_reg__0
  -------------------------------------------------------------------
                         required time                         11.525    
                         arrival time                         -10.514    
  -------------------------------------------------------------------
                         slack                                  1.012    

Slack (MET) :             1.012ns  (required time - arrival time)
  Source:                 lenet_system_i/lenet_w8a8_top_0/inst/conv3_acc_V_U/ram_reg/CLKARDCLK
                            (rising edge-triggered cell RAMB18E1 clocked by clk_fpga_0  {rise@0.000ns fall@5.000ns period=10.000ns})
  Destination:            lenet_system_i/lenet_w8a8_top_0/inst/mul_32ns_33ns_64_2_1_U84/dout_reg__0/PCIN[15]
                            (rising edge-triggered cell DSP48E1 clocked by clk_fpga_0  {rise@0.000ns fall@5.000ns period=10.000ns})
  Path Group:             clk_fpga_0
  Path Type:              Setup (Max at Slow Process Corner)
  Requirement:            10.000ns  (clk_fpga_0 rise@10.000ns - clk_fpga_0 rise@0.000ns)
  Data Path Delay:        7.422ns  (logic 5.294ns (71.327%)  route 2.128ns (28.673%))
  Logic Levels:           2  (DSP48E1=1 LUT3=1)
  Clock Path Skew:        -0.012ns (DCD - SCD + CPR)
    Destination Clock Delay (DCD):    2.850ns = ( 12.850 - 10.000 ) 
    Source Clock Delay      (SCD):    3.091ns
    Clock Pessimism Removal (CPR):    0.230ns
  Clock Uncertainty:      0.154ns  ((TSJ^2 + TIJ^2)^1/2 + DJ) / 2 + PE
    Total System Jitter     (TSJ):    0.071ns
    Total Input Jitter      (TIJ):    0.300ns
    Discrete Jitter          (DJ):    0.000ns
    Phase Error              (PE):    0.000ns

    Location             Delay type                Incr(ns)  Path(ns)    Netlist Resource(s)
  -------------------------------------------------------------------    -------------------
                         (clock clk_fpga_0 rise edge)
                                                      0.000     0.000 r  
    PS7_X0Y0             PS7                          0.000     0.000 r  lenet_system_i/processing_system7_0/inst/PS7_i/FCLKCLK[0]
                         net (fo=1, routed)           1.193     1.193    lenet_system_i/processing_system7_0/inst/FCLK_CLK_unbuffered[0]
    BUFGCTRL_X0Y16                                                    r  lenet_system_i/processing_system7_0/inst/buffer_fclk_clk_0.FCLK_CLK_0_BUFG/I
    BUFGCTRL_X0Y16       BUFG (Prop_bufg_I_O)         0.101     1.294 r  lenet_system_i/processing_system7_0/inst/buffer_fclk_clk_0.FCLK_CLK_0_BUFG/O
                         net (fo=12009, routed)       1.797     3.091    lenet_system_i/lenet_w8a8_top_0/inst/conv3_acc_V_U/ap_clk
    RAMB18_X0Y2          RAMB18E1                                     r  lenet_system_i/lenet_w8a8_top_0/inst/conv3_acc_V_U/ram_reg/CLKARDCLK
  -------------------------------------------------------------------    -------------------
    RAMB18_X0Y2          RAMB18E1 (Prop_ramb18e1_CLKARDCLK_DOADO[5])
                                                      0.882     3.973 r  lenet_system_i/lenet_w8a8_top_0/inst/conv3_acc_V_U/ram_reg/DOADO[5]
                         net (fo=2, routed)           1.377     5.350    lenet_system_i/lenet_w8a8_top_0/inst/conv3_acc_V_U/grp_lenet_w8a8_top_Pipeline_REQUANT_VECTOR_fu_381_grp_fu_1112_p_din0[5]
    SLICE_X12Y3                                                       r  lenet_system_i/lenet_w8a8_top_0/inst/conv3_acc_V_U/tmp_product__0_i_12/I0
    SLICE_X12Y3          LUT3 (Prop_lut3_I0_O)        0.152     5.502 r  lenet_system_i/lenet_w8a8_top_0/inst/conv3_acc_V_U/tmp_product__0_i_12/O
                         net (fo=1, routed)           0.749     6.252    lenet_system_i/lenet_w8a8_top_0/inst/mul_32ns_33ns_64_2_1_U84/grp_fu_1112_p0[5]
    DSP48_X0Y0                                                        r  lenet_system_i/lenet_w8a8_top_0/inst/mul_32ns_33ns_64_2_1_U84/tmp_product__0/A[5]
    DSP48_X0Y0           DSP48E1 (Prop_dsp48e1_A[5]_PCOUT[15])
                                                      4.260    10.512 r  lenet_system_i/lenet_w8a8_top_0/inst/mul_32ns_33ns_64_2_1_U84/tmp_product__0/PCOUT[15]
                         net (fo=1, routed)           0.002    10.514    lenet_system_i/lenet_w8a8_top_0/inst/mul_32ns_33ns_64_2_1_U84/tmp_product__0_n_140
    DSP48_X0Y1           DSP48E1                                      r  lenet_system_i/lenet_w8a8_top_0/inst/mul_32ns_33ns_64_2_1_U84/dout_reg__0/PCIN[15]
  -------------------------------------------------------------------    -------------------

                         (clock clk_fpga_0 rise edge)
                                                     10.000    10.000 r  
    PS7_X0Y0             PS7                          0.000    10.000 r  lenet_system_i/processing_system7_0/inst/PS7_i/FCLKCLK[0]
                         net (fo=1, routed)           1.088    11.088    lenet_system_i/processing_system7_0/inst/FCLK_CLK_unbuffered[0]
    BUFGCTRL_X0Y16                                                    r  lenet_system_i/processing_system7_0/inst/buffer_fclk_clk_0.FCLK_CLK_0_BUFG/I
    BUFGCTRL_X0Y16       BUFG (Prop_bufg_I_O)         0.091    11.179 r  lenet_system_i/processing_system7_0/inst/buffer_fclk_clk_0.FCLK_CLK_0_BUFG/O
                         net (fo=12009, routed)       1.671    12.850    lenet_system_i/lenet_w8a8_top_0/inst/mul_32ns_33ns_64_2_1_U84/ap_clk
    DSP48_X0Y1           DSP48E1                                      r  lenet_system_i/lenet_w8a8_top_0/inst/mul_32ns_33ns_64_2_1_U84/dout_reg__0/CLK
                         clock pessimism              0.230    13.080    
                         clock uncertainty           -0.154    12.925    
    DSP48_X0Y1           DSP48E1 (Setup_dsp48e1_CLK_PCIN[15])
                                                     -1.400    11.525    lenet_system_i/lenet_w8a8_top_0/inst/mul_32ns_33ns_64_2_1_U84/dout_reg__0
  -------------------------------------------------------------------
                         required time                         11.525    
                         arrival time                         -10.514    
  -------------------------------------------------------------------
                         slack                                  1.012    

Slack (MET) :             1.012ns  (required time - arrival time)
  Source:                 lenet_system_i/lenet_w8a8_top_0/inst/conv3_acc_V_U/ram_reg/CLKARDCLK
                            (rising edge-triggered cell RAMB18E1 clocked by clk_fpga_0  {rise@0.000ns fall@5.000ns period=10.000ns})
  Destination:            lenet_system_i/lenet_w8a8_top_0/inst/mul_32ns_33ns_64_2_1_U84/dout_reg__0/PCIN[16]
                            (rising edge-triggered cell DSP48E1 clocked by clk_fpga_0  {rise@0.000ns fall@5.000ns period=10.000ns})
  Path Group:             clk_fpga_0
  Path Type:              Setup (Max at Slow Process Corner)
  Requirement:            10.000ns  (clk_fpga_0 rise@10.000ns - clk_fpga_0 rise@0.000ns)
  Data Path Delay:        7.422ns  (logic 5.294ns (71.327%)  route 2.128ns (28.673%))
  Logic Levels:           2  (DSP48E1=1 LUT3=1)
  Clock Path Skew:        -0.012ns (DCD - SCD + CPR)
    Destination Clock Delay (DCD):    2.850ns = ( 12.850 - 10.000 ) 
    Source Clock Delay      (SCD):    3.091ns
    Clock Pessimism Removal (CPR):    0.230ns
  Clock Uncertainty:      0.154ns  ((TSJ^2 + TIJ^2)^1/2 + DJ) / 2 + PE
    Total System Jitter     (TSJ):    0.071ns
    Total Input Jitter      (TIJ):    0.300ns
    Discrete Jitter          (DJ):    0.000ns
    Phase Error              (PE):    0.000ns

    Location             Delay type                Incr(ns)  Path(ns)    Netlist Resource(s)
  -------------------------------------------------------------------    -------------------
                         (clock clk_fpga_0 rise edge)
                                                      0.000     0.000 r  
    PS7_X0Y0             PS7                          0.000     0.000 r  lenet_system_i/processing_system7_0/inst/PS7_i/FCLKCLK[0]
                         net (fo=1, routed)           1.193     1.193    lenet_system_i/processing_system7_0/inst/FCLK_CLK_unbuffered[0]
    BUFGCTRL_X0Y16                                                    r  lenet_system_i/processing_system7_0/inst/buffer_fclk_clk_0.FCLK_CLK_0_BUFG/I
    BUFGCTRL_X0Y16       BUFG (Prop_bufg_I_O)         0.101     1.294 r  lenet_system_i/processing_system7_0/inst/buffer_fclk_clk_0.FCLK_CLK_0_BUFG/O
                         net (fo=12009, routed)       1.797     3.091    lenet_system_i/lenet_w8a8_top_0/inst/conv3_acc_V_U/ap_clk
    RAMB18_X0Y2          RAMB18E1                                     r  lenet_system_i/lenet_w8a8_top_0/inst/conv3_acc_V_U/ram_reg/CLKARDCLK
  -------------------------------------------------------------------    -------------------
    RAMB18_X0Y2          RAMB18E1 (Prop_ramb18e1_CLKARDCLK_DOADO[5])
                                                      0.882     3.973 r  lenet_system_i/lenet_w8a8_top_0/inst/conv3_acc_V_U/ram_reg/DOADO[5]
                         net (fo=2, routed)           1.377     5.350    lenet_system_i/lenet_w8a8_top_0/inst/conv3_acc_V_U/grp_lenet_w8a8_top_Pipeline_REQUANT_VECTOR_fu_381_grp_fu_1112_p_din0[5]
    SLICE_X12Y3                                                       r  lenet_system_i/lenet_w8a8_top_0/inst/conv3_acc_V_U/tmp_product__0_i_12/I0
    SLICE_X12Y3          LUT3 (Prop_lut3_I0_O)        0.152     5.502 r  lenet_system_i/lenet_w8a8_top_0/inst/conv3_acc_V_U/tmp_product__0_i_12/O
                         net (fo=1, routed)           0.749     6.252    lenet_system_i/lenet_w8a8_top_0/inst/mul_32ns_33ns_64_2_1_U84/grp_fu_1112_p0[5]
    DSP48_X0Y0                                                        r  lenet_system_i/lenet_w8a8_top_0/inst/mul_32ns_33ns_64_2_1_U84/tmp_product__0/A[5]
    DSP48_X0Y0           DSP48E1 (Prop_dsp48e1_A[5]_PCOUT[16])
                                                      4.260    10.512 r  lenet_system_i/lenet_w8a8_top_0/inst/mul_32ns_33ns_64_2_1_U84/tmp_product__0/PCOUT[16]
                         net (fo=1, routed)           0.002    10.514    lenet_system_i/lenet_w8a8_top_0/inst/mul_32ns_33ns_64_2_1_U84/tmp_product__0_n_139
    DSP48_X0Y1           DSP48E1                                      r  lenet_system_i/lenet_w8a8_top_0/inst/mul_32ns_33ns_64_2_1_U84/dout_reg__0/PCIN[16]
  -------------------------------------------------------------------    -------------------

                         (clock clk_fpga_0 rise edge)
                                                     10.000    10.000 r  
    PS7_X0Y0             PS7                          0.000    10.000 r  lenet_system_i/processing_system7_0/inst/PS7_i/FCLKCLK[0]
                         net (fo=1, routed)           1.088    11.088    lenet_system_i/processing_system7_0/inst/FCLK_CLK_unbuffered[0]
    BUFGCTRL_X0Y16                                                    r  lenet_system_i/processing_system7_0/inst/buffer_fclk_clk_0.FCLK_CLK_0_BUFG/I
    BUFGCTRL_X0Y16       BUFG (Prop_bufg_I_O)         0.091    11.179 r  lenet_system_i/processing_system7_0/inst/buffer_fclk_clk_0.FCLK_CLK_0_BUFG/O
                         net (fo=12009, routed)       1.671    12.850    lenet_system_i/lenet_w8a8_top_0/inst/mul_32ns_33ns_64_2_1_U84/ap_clk
    DSP48_X0Y1           DSP48E1                                      r  lenet_system_i/lenet_w8a8_top_0/inst/mul_32ns_33ns_64_2_1_U84/dout_reg__0/CLK
                         clock pessimism              0.230    13.080    
                         clock uncertainty           -0.154    12.925    
    DSP48_X0Y1           DSP48E1 (Setup_dsp48e1_CLK_PCIN[16])
                                                     -1.400    11.525    lenet_system_i/lenet_w8a8_top_0/inst/mul_32ns_33ns_64_2_1_U84/dout_reg__0
  -------------------------------------------------------------------
                         required time                         11.525    
                         arrival time                         -10.514    
  -------------------------------------------------------------------
                         slack                                  1.012    

Slack (MET) :             1.012ns  (required time - arrival time)
  Source:                 lenet_system_i/lenet_w8a8_top_0/inst/conv3_acc_V_U/ram_reg/CLKARDCLK
                            (rising edge-triggered cell RAMB18E1 clocked by clk_fpga_0  {rise@0.000ns fall@5.000ns period=10.000ns})
  Destination:            lenet_system_i/lenet_w8a8_top_0/inst/mul_32ns_33ns_64_2_1_U84/dout_reg__0/PCIN[17]
                            (rising edge-triggered cell DSP48E1 clocked by clk_fpga_0  {rise@0.000ns fall@5.000ns period=10.000ns})
  Path Group:             clk_fpga_0
  Path Type:              Setup (Max at Slow Process Corner)
  Requirement:            10.000ns  (clk_fpga_0 rise@10.000ns - clk_fpga_0 rise@0.000ns)
  Data Path Delay:        7.422ns  (logic 5.294ns (71.327%)  route 2.128ns (28.673%))
  Logic Levels:           2  (DSP48E1=1 LUT3=1)
  Clock Path Skew:        -0.012ns (DCD - SCD + CPR)
    Destination Clock Delay (DCD):    2.850ns = ( 12.850 - 10.000 ) 
    Source Clock Delay      (SCD):    3.091ns
    Clock Pessimism Removal (CPR):    0.230ns
  Clock Uncertainty:      0.154ns  ((TSJ^2 + TIJ^2)^1/2 + DJ) / 2 + PE
    Total System Jitter     (TSJ):    0.071ns
    Total Input Jitter      (TIJ):    0.300ns
    Discrete Jitter          (DJ):    0.000ns
    Phase Error              (PE):    0.000ns

    Location             Delay type                Incr(ns)  Path(ns)    Netlist Resource(s)
  -------------------------------------------------------------------    -------------------
                         (clock clk_fpga_0 rise edge)
                                                      0.000     0.000 r  
    PS7_X0Y0             PS7                          0.000     0.000 r  lenet_system_i/processing_system7_0/inst/PS7_i/FCLKCLK[0]
                         net (fo=1, routed)           1.193     1.193    lenet_system_i/processing_system7_0/inst/FCLK_CLK_unbuffered[0]
    BUFGCTRL_X0Y16                                                    r  lenet_system_i/processing_system7_0/inst/buffer_fclk_clk_0.FCLK_CLK_0_BUFG/I
    BUFGCTRL_X0Y16       BUFG (Prop_bufg_I_O)         0.101     1.294 r  lenet_system_i/processing_system7_0/inst/buffer_fclk_clk_0.FCLK_CLK_0_BUFG/O
                         net (fo=12009, routed)       1.797     3.091    lenet_system_i/lenet_w8a8_top_0/inst/conv3_acc_V_U/ap_clk
    RAMB18_X0Y2          RAMB18E1                                     r  lenet_system_i/lenet_w8a8_top_0/inst/conv3_acc_V_U/ram_reg/CLKARDCLK
  -------------------------------------------------------------------    -------------------
    RAMB18_X0Y2          RAMB18E1 (Prop_ramb18e1_CLKARDCLK_DOADO[5])
                                                      0.882     3.973 r  lenet_system_i/lenet_w8a8_top_0/inst/conv3_acc_V_U/ram_reg/DOADO[5]
                         net (fo=2, routed)           1.377     5.350    lenet_system_i/lenet_w8a8_top_0/inst/conv3_acc_V_U/grp_lenet_w8a8_top_Pipeline_REQUANT_VECTOR_fu_381_grp_fu_1112_p_din0[5]
    SLICE_X12Y3                                                       r  lenet_system_i/lenet_w8a8_top_0/inst/conv3_acc_V_U/tmp_product__0_i_12/I0
    SLICE_X12Y3          LUT3 (Prop_lut3_I0_O)        0.152     5.502 r  lenet_system_i/lenet_w8a8_top_0/inst/conv3_acc_V_U/tmp_product__0_i_12/O
                         net (fo=1, routed)           0.749     6.252    lenet_system_i/lenet_w8a8_top_0/inst/mul_32ns_33ns_64_2_1_U84/grp_fu_1112_p0[5]
    DSP48_X0Y0                                                        r  lenet_system_i/lenet_w8a8_top_0/inst/mul_32ns_33ns_64_2_1_U84/tmp_product__0/A[5]
    DSP48_X0Y0           DSP48E1 (Prop_dsp48e1_A[5]_PCOUT[17])
                                                      4.260    10.512 r  lenet_system_i/lenet_w8a8_top_0/inst/mul_32ns_33ns_64_2_1_U84/tmp_product__0/PCOUT[17]
                         net (fo=1, routed)           0.002    10.514    lenet_system_i/lenet_w8a8_top_0/inst/mul_32ns_33ns_64_2_1_U84/tmp_product__0_n_138
    DSP48_X0Y1           DSP48E1                                      r  lenet_system_i/lenet_w8a8_top_0/inst/mul_32ns_33ns_64_2_1_U84/dout_reg__0/PCIN[17]
  -------------------------------------------------------------------    -------------------

                         (clock clk_fpga_0 rise edge)
                                                     10.000    10.000 r  
    PS7_X0Y0             PS7                          0.000    10.000 r  lenet_system_i/processing_system7_0/inst/PS7_i/FCLKCLK[0]
                         net (fo=1, routed)           1.088    11.088    lenet_system_i/processing_system7_0/inst/FCLK_CLK_unbuffered[0]
    BUFGCTRL_X0Y16                                                    r  lenet_system_i/processing_system7_0/inst/buffer_fclk_clk_0.FCLK_CLK_0_BUFG/I
    BUFGCTRL_X0Y16       BUFG (Prop_bufg_I_O)         0.091    11.179 r  lenet_system_i/processing_system7_0/inst/buffer_fclk_clk_0.FCLK_CLK_0_BUFG/O
                         net (fo=12009, routed)       1.671    12.850    lenet_system_i/lenet_w8a8_top_0/inst/mul_32ns_33ns_64_2_1_U84/ap_clk
    DSP48_X0Y1           DSP48E1                                      r  lenet_system_i/lenet_w8a8_top_0/inst/mul_32ns_33ns_64_2_1_U84/dout_reg__0/CLK
                         clock pessimism              0.230    13.080    
                         clock uncertainty           -0.154    12.925    
    DSP48_X0Y1           DSP48E1 (Setup_dsp48e1_CLK_PCIN[17])
                                                     -1.400    11.525    lenet_system_i/lenet_w8a8_top_0/inst/mul_32ns_33ns_64_2_1_U84/dout_reg__0
  -------------------------------------------------------------------
                         required time                         11.525    
                         arrival time                         -10.514    
  -------------------------------------------------------------------
                         slack                                  1.012    

Slack (MET) :             1.012ns  (required time - arrival time)
  Source:                 lenet_system_i/lenet_w8a8_top_0/inst/conv3_acc_V_U/ram_reg/CLKARDCLK
                            (rising edge-triggered cell RAMB18E1 clocked by clk_fpga_0  {rise@0.000ns fall@5.000ns period=10.000ns})
  Destination:            lenet_system_i/lenet_w8a8_top_0/inst/mul_32ns_33ns_64_2_1_U84/dout_reg__0/PCIN[18]
                            (rising edge-triggered cell DSP48E1 clocked by clk_fpga_0  {rise@0.000ns fall@5.000ns period=10.000ns})
  Path Group:             clk_fpga_0
  Path Type:              Setup (Max at Slow Process Corner)
  Requirement:            10.000ns  (clk_fpga_0 rise@10.000ns - clk_fpga_0 rise@0.000ns)
  Data Path Delay:        7.422ns  (logic 5.294ns (71.327%)  route 2.128ns (28.673%))
  Logic Levels:           2  (DSP48E1=1 LUT3=1)
  Clock Path Skew:        -0.012ns (DCD - SCD + CPR)
    Destination Clock Delay (DCD):    2.850ns = ( 12.850 - 10.000 ) 
    Source Clock Delay      (SCD):    3.091ns
    Clock Pessimism Removal (CPR):    0.230ns
  Clock Uncertainty:      0.154ns  ((TSJ^2 + TIJ^2)^1/2 + DJ) / 2 + PE
    Total System Jitter     (TSJ):    0.071ns
    Total Input Jitter      (TIJ):    0.300ns
    Discrete Jitter          (DJ):    0.000ns
    Phase Error              (PE):    0.000ns

    Location             Delay type                Incr(ns)  Path(ns)    Netlist Resource(s)
  -------------------------------------------------------------------    -------------------
                         (clock clk_fpga_0 rise edge)
                                                      0.000     0.000 r  
    PS7_X0Y0             PS7                          0.000     0.000 r  lenet_system_i/processing_system7_0/inst/PS7_i/FCLKCLK[0]
                         net (fo=1, routed)           1.193     1.193    lenet_system_i/processing_system7_0/inst/FCLK_CLK_unbuffered[0]
    BUFGCTRL_X0Y16                                                    r  lenet_system_i/processing_system7_0/inst/buffer_fclk_clk_0.FCLK_CLK_0_BUFG/I
    BUFGCTRL_X0Y16       BUFG (Prop_bufg_I_O)         0.101     1.294 r  lenet_system_i/processing_system7_0/inst/buffer_fclk_clk_0.FCLK_CLK_0_BUFG/O
                         net (fo=12009, routed)       1.797     3.091    lenet_system_i/lenet_w8a8_top_0/inst/conv3_acc_V_U/ap_clk
    RAMB18_X0Y2          RAMB18E1                                     r  lenet_system_i/lenet_w8a8_top_0/inst/conv3_acc_V_U/ram_reg/CLKARDCLK
  -------------------------------------------------------------------    -------------------
    RAMB18_X0Y2          RAMB18E1 (Prop_ramb18e1_CLKARDCLK_DOADO[5])
                                                      0.882     3.973 r  lenet_system_i/lenet_w8a8_top_0/inst/conv3_acc_V_U/ram_reg/DOADO[5]
                         net (fo=2, routed)           1.377     5.350    lenet_system_i/lenet_w8a8_top_0/inst/conv3_acc_V_U/grp_lenet_w8a8_top_Pipeline_REQUANT_VECTOR_fu_381_grp_fu_1112_p_din0[5]
    SLICE_X12Y3                                                       r  lenet_system_i/lenet_w8a8_top_0/inst/conv3_acc_V_U/tmp_product__0_i_12/I0
    SLICE_X12Y3          LUT3 (Prop_lut3_I0_O)        0.152     5.502 r  lenet_system_i/lenet_w8a8_top_0/inst/conv3_acc_V_U/tmp_product__0_i_12/O
                         net (fo=1, routed)           0.749     6.252    lenet_system_i/lenet_w8a8_top_0/inst/mul_32ns_33ns_64_2_1_U84/grp_fu_1112_p0[5]
    DSP48_X0Y0                                                        r  lenet_system_i/lenet_w8a8_top_0/inst/mul_32ns_33ns_64_2_1_U84/tmp_product__0/A[5]
    DSP48_X0Y0           DSP48E1 (Prop_dsp48e1_A[5]_PCOUT[18])
                                                      4.260    10.512 r  lenet_system_i/lenet_w8a8_top_0/inst/mul_32ns_33ns_64_2_1_U84/tmp_product__0/PCOUT[18]
                         net (fo=1, routed)           0.002    10.514    lenet_system_i/lenet_w8a8_top_0/inst/mul_32ns_33ns_64_2_1_U84/tmp_product__0_n_137
    DSP48_X0Y1           DSP48E1                                      r  lenet_system_i/lenet_w8a8_top_0/inst/mul_32ns_33ns_64_2_1_U84/dout_reg__0/PCIN[18]
  -------------------------------------------------------------------    -------------------

                         (clock clk_fpga_0 rise edge)
                                                     10.000    10.000 r  
    PS7_X0Y0             PS7                          0.000    10.000 r  lenet_system_i/processing_system7_0/inst/PS7_i/FCLKCLK[0]
                         net (fo=1, routed)           1.088    11.088    lenet_system_i/processing_system7_0/inst/FCLK_CLK_unbuffered[0]
    BUFGCTRL_X0Y16                                                    r  lenet_system_i/processing_system7_0/inst/buffer_fclk_clk_0.FCLK_CLK_0_BUFG/I
    BUFGCTRL_X0Y16       BUFG (Prop_bufg_I_O)         0.091    11.179 r  lenet_system_i/processing_system7_0/inst/buffer_fclk_clk_0.FCLK_CLK_0_BUFG/O
                         net (fo=12009, routed)       1.671    12.850    lenet_system_i/lenet_w8a8_top_0/inst/mul_32ns_33ns_64_2_1_U84/ap_clk
    DSP48_X0Y1           DSP48E1                                      r  lenet_system_i/lenet_w8a8_top_0/inst/mul_32ns_33ns_64_2_1_U84/dout_reg__0/CLK
                         clock pessimism              0.230    13.080    
                         clock uncertainty           -0.154    12.925    
    DSP48_X0Y1           DSP48E1 (Setup_dsp48e1_CLK_PCIN[18])
                                                     -1.400    11.525    lenet_system_i/lenet_w8a8_top_0/inst/mul_32ns_33ns_64_2_1_U84/dout_reg__0
  -------------------------------------------------------------------
                         required time                         11.525    
                         arrival time                         -10.514    
  -------------------------------------------------------------------
                         slack                                  1.012    

Slack (MET) :             1.012ns  (required time - arrival time)
  Source:                 lenet_system_i/lenet_w8a8_top_0/inst/conv3_acc_V_U/ram_reg/CLKARDCLK
                            (rising edge-triggered cell RAMB18E1 clocked by clk_fpga_0  {rise@0.000ns fall@5.000ns period=10.000ns})
  Destination:            lenet_system_i/lenet_w8a8_top_0/inst/mul_32ns_33ns_64_2_1_U84/dout_reg__0/PCIN[19]
                            (rising edge-triggered cell DSP48E1 clocked by clk_fpga_0  {rise@0.000ns fall@5.000ns period=10.000ns})
  Path Group:             clk_fpga_0
  Path Type:              Setup (Max at Slow Process Corner)
  Requirement:            10.000ns  (clk_fpga_0 rise@10.000ns - clk_fpga_0 rise@0.000ns)
  Data Path Delay:        7.422ns  (logic 5.294ns (71.327%)  route 2.128ns (28.673%))
  Logic Levels:           2  (DSP48E1=1 LUT3=1)
  Clock Path Skew:        -0.012ns (DCD - SCD + CPR)
    Destination Clock Delay (DCD):    2.850ns = ( 12.850 - 10.000 ) 
    Source Clock Delay      (SCD):    3.091ns
    Clock Pessimism Removal (CPR):    0.230ns
  Clock Uncertainty:      0.154ns  ((TSJ^2 + TIJ^2)^1/2 + DJ) / 2 + PE
    Total System Jitter     (TSJ):    0.071ns
    Total Input Jitter      (TIJ):    0.300ns
    Discrete Jitter          (DJ):    0.000ns
    Phase Error              (PE):    0.000ns

    Location             Delay type                Incr(ns)  Path(ns)    Netlist Resource(s)
  -------------------------------------------------------------------    -------------------
                         (clock clk_fpga_0 rise edge)
                                                      0.000     0.000 r  
    PS7_X0Y0             PS7                          0.000     0.000 r  lenet_system_i/processing_system7_0/inst/PS7_i/FCLKCLK[0]
                         net (fo=1, routed)           1.193     1.193    lenet_system_i/processing_system7_0/inst/FCLK_CLK_unbuffered[0]
    BUFGCTRL_X0Y16                                                    r  lenet_system_i/processing_system7_0/inst/buffer_fclk_clk_0.FCLK_CLK_0_BUFG/I
    BUFGCTRL_X0Y16       BUFG (Prop_bufg_I_O)         0.101     1.294 r  lenet_system_i/processing_system7_0/inst/buffer_fclk_clk_0.FCLK_CLK_0_BUFG/O
                         net (fo=12009, routed)       1.797     3.091    lenet_system_i/lenet_w8a8_top_0/inst/conv3_acc_V_U/ap_clk
    RAMB18_X0Y2          RAMB18E1                                     r  lenet_system_i/lenet_w8a8_top_0/inst/conv3_acc_V_U/ram_reg/CLKARDCLK
  -------------------------------------------------------------------    -------------------
    RAMB18_X0Y2          RAMB18E1 (Prop_ramb18e1_CLKARDCLK_DOADO[5])
                                                      0.882     3.973 r  lenet_system_i/lenet_w8a8_top_0/inst/conv3_acc_V_U/ram_reg/DOADO[5]
                         net (fo=2, routed)           1.377     5.350    lenet_system_i/lenet_w8a8_top_0/inst/conv3_acc_V_U/grp_lenet_w8a8_top_Pipeline_REQUANT_VECTOR_fu_381_grp_fu_1112_p_din0[5]
    SLICE_X12Y3                                                       r  lenet_system_i/lenet_w8a8_top_0/inst/conv3_acc_V_U/tmp_product__0_i_12/I0
    SLICE_X12Y3          LUT3 (Prop_lut3_I0_O)        0.152     5.502 r  lenet_system_i/lenet_w8a8_top_0/inst/conv3_acc_V_U/tmp_product__0_i_12/O
                         net (fo=1, routed)           0.749     6.252    lenet_system_i/lenet_w8a8_top_0/inst/mul_32ns_33ns_64_2_1_U84/grp_fu_1112_p0[5]
    DSP48_X0Y0                                                        r  lenet_system_i/lenet_w8a8_top_0/inst/mul_32ns_33ns_64_2_1_U84/tmp_product__0/A[5]
    DSP48_X0Y0           DSP48E1 (Prop_dsp48e1_A[5]_PCOUT[19])
                                                      4.260    10.512 r  lenet_system_i/lenet_w8a8_top_0/inst/mul_32ns_33ns_64_2_1_U84/tmp_product__0/PCOUT[19]
                         net (fo=1, routed)           0.002    10.514    lenet_system_i/lenet_w8a8_top_0/inst/mul_32ns_33ns_64_2_1_U84/tmp_product__0_n_136
    DSP48_X0Y1           DSP48E1                                      r  lenet_system_i/lenet_w8a8_top_0/inst/mul_32ns_33ns_64_2_1_U84/dout_reg__0/PCIN[19]
  -------------------------------------------------------------------    -------------------

                         (clock clk_fpga_0 rise edge)
                                                     10.000    10.000 r  
    PS7_X0Y0             PS7                          0.000    10.000 r  lenet_system_i/processing_system7_0/inst/PS7_i/FCLKCLK[0]
                         net (fo=1, routed)           1.088    11.088    lenet_system_i/processing_system7_0/inst/FCLK_CLK_unbuffered[0]
    BUFGCTRL_X0Y16                                                    r  lenet_system_i/processing_system7_0/inst/buffer_fclk_clk_0.FCLK_CLK_0_BUFG/I
    BUFGCTRL_X0Y16       BUFG (Prop_bufg_I_O)         0.091    11.179 r  lenet_system_i/processing_system7_0/inst/buffer_fclk_clk_0.FCLK_CLK_0_BUFG/O
                         net (fo=12009, routed)       1.671    12.850    lenet_system_i/lenet_w8a8_top_0/inst/mul_32ns_33ns_64_2_1_U84/ap_clk
    DSP48_X0Y1           DSP48E1                                      r  lenet_system_i/lenet_w8a8_top_0/inst/mul_32ns_33ns_64_2_1_U84/dout_reg__0/CLK
                         clock pessimism              0.230    13.080    
                         clock uncertainty           -0.154    12.925    
    DSP48_X0Y1           DSP48E1 (Setup_dsp48e1_CLK_PCIN[19])
                                                     -1.400    11.525    lenet_system_i/lenet_w8a8_top_0/inst/mul_32ns_33ns_64_2_1_U84/dout_reg__0
  -------------------------------------------------------------------
                         required time                         11.525    
                         arrival time                         -10.514    
  -------------------------------------------------------------------
                         slack                                  1.012    

Slack (MET) :             1.012ns  (required time - arrival time)
  Source:                 lenet_system_i/lenet_w8a8_top_0/inst/conv3_acc_V_U/ram_reg/CLKARDCLK
                            (rising edge-triggered cell RAMB18E1 clocked by clk_fpga_0  {rise@0.000ns fall@5.000ns period=10.000ns})
  Destination:            lenet_system_i/lenet_w8a8_top_0/inst/mul_32ns_33ns_64_2_1_U84/dout_reg__0/PCIN[1]
                            (rising edge-triggered cell DSP48E1 clocked by clk_fpga_0  {rise@0.000ns fall@5.000ns period=10.000ns})
  Path Group:             clk_fpga_0
  Path Type:              Setup (Max at Slow Process Corner)
  Requirement:            10.000ns  (clk_fpga_0 rise@10.000ns - clk_fpga_0 rise@0.000ns)
  Data Path Delay:        7.422ns  (logic 5.294ns (71.327%)  route 2.128ns (28.673%))
  Logic Levels:           2  (DSP48E1=1 LUT3=1)
  Clock Path Skew:        -0.012ns (DCD - SCD + CPR)
    Destination Clock Delay (DCD):    2.850ns = ( 12.850 - 10.000 ) 
    Source Clock Delay      (SCD):    3.091ns
    Clock Pessimism Removal (CPR):    0.230ns
  Clock Uncertainty:      0.154ns  ((TSJ^2 + TIJ^2)^1/2 + DJ) / 2 + PE
    Total System Jitter     (TSJ):    0.071ns
    Total Input Jitter      (TIJ):    0.300ns
    Discrete Jitter          (DJ):    0.000ns
    Phase Error              (PE):    0.000ns

    Location             Delay type                Incr(ns)  Path(ns)    Netlist Resource(s)
  -------------------------------------------------------------------    -------------------
                         (clock clk_fpga_0 rise edge)
                                                      0.000     0.000 r  
    PS7_X0Y0             PS7                          0.000     0.000 r  lenet_system_i/processing_system7_0/inst/PS7_i/FCLKCLK[0]
                         net (fo=1, routed)           1.193     1.193    lenet_system_i/processing_system7_0/inst/FCLK_CLK_unbuffered[0]
    BUFGCTRL_X0Y16                                                    r  lenet_system_i/processing_system7_0/inst/buffer_fclk_clk_0.FCLK_CLK_0_BUFG/I
    BUFGCTRL_X0Y16       BUFG (Prop_bufg_I_O)         0.101     1.294 r  lenet_system_i/processing_system7_0/inst/buffer_fclk_clk_0.FCLK_CLK_0_BUFG/O
                         net (fo=12009, routed)       1.797     3.091    lenet_system_i/lenet_w8a8_top_0/inst/conv3_acc_V_U/ap_clk
    RAMB18_X0Y2          RAMB18E1                                     r  lenet_system_i/lenet_w8a8_top_0/inst/conv3_acc_V_U/ram_reg/CLKARDCLK
  -------------------------------------------------------------------    -------------------
    RAMB18_X0Y2          RAMB18E1 (Prop_ramb18e1_CLKARDCLK_DOADO[5])
                                                      0.882     3.973 r  lenet_system_i/lenet_w8a8_top_0/inst/conv3_acc_V_U/ram_reg/DOADO[5]
                         net (fo=2, routed)           1.377     5.350    lenet_system_i/lenet_w8a8_top_0/inst/conv3_acc_V_U/grp_lenet_w8a8_top_Pipeline_REQUANT_VECTOR_fu_381_grp_fu_1112_p_din0[5]
    SLICE_X12Y3                                                       r  lenet_system_i/lenet_w8a8_top_0/inst/conv3_acc_V_U/tmp_product__0_i_12/I0
    SLICE_X12Y3          LUT3 (Prop_lut3_I0_O)        0.152     5.502 r  lenet_system_i/lenet_w8a8_top_0/inst/conv3_acc_V_U/tmp_product__0_i_12/O
                         net (fo=1, routed)           0.749     6.252    lenet_system_i/lenet_w8a8_top_0/inst/mul_32ns_33ns_64_2_1_U84/grp_fu_1112_p0[5]
    DSP48_X0Y0                                                        r  lenet_system_i/lenet_w8a8_top_0/inst/mul_32ns_33ns_64_2_1_U84/tmp_product__0/A[5]
    DSP48_X0Y0           DSP48E1 (Prop_dsp48e1_A[5]_PCOUT[1])
                                                      4.260    10.512 r  lenet_system_i/lenet_w8a8_top_0/inst/mul_32ns_33ns_64_2_1_U84/tmp_product__0/PCOUT[1]
                         net (fo=1, routed)           0.002    10.514    lenet_system_i/lenet_w8a8_top_0/inst/mul_32ns_33ns_64_2_1_U84/tmp_product__0_n_154
    DSP48_X0Y1           DSP48E1                                      r  lenet_system_i/lenet_w8a8_top_0/inst/mul_32ns_33ns_64_2_1_U84/dout_reg__0/PCIN[1]
  -------------------------------------------------------------------    -------------------

                         (clock clk_fpga_0 rise edge)
                                                     10.000    10.000 r  
    PS7_X0Y0             PS7                          0.000    10.000 r  lenet_system_i/processing_system7_0/inst/PS7_i/FCLKCLK[0]
                         net (fo=1, routed)           1.088    11.088    lenet_system_i/processing_system7_0/inst/FCLK_CLK_unbuffered[0]
    BUFGCTRL_X0Y16                                                    r  lenet_system_i/processing_system7_0/inst/buffer_fclk_clk_0.FCLK_CLK_0_BUFG/I
    BUFGCTRL_X0Y16       BUFG (Prop_bufg_I_O)         0.091    11.179 r  lenet_system_i/processing_system7_0/inst/buffer_fclk_clk_0.FCLK_CLK_0_BUFG/O
                         net (fo=12009, routed)       1.671    12.850    lenet_system_i/lenet_w8a8_top_0/inst/mul_32ns_33ns_64_2_1_U84/ap_clk
    DSP48_X0Y1           DSP48E1                                      r  lenet_system_i/lenet_w8a8_top_0/inst/mul_32ns_33ns_64_2_1_U84/dout_reg__0/CLK
                         clock pessimism              0.230    13.080    
                         clock uncertainty           -0.154    12.925    
    DSP48_X0Y1           DSP48E1 (Setup_dsp48e1_CLK_PCIN[1])
                                                     -1.400    11.525    lenet_system_i/lenet_w8a8_top_0/inst/mul_32ns_33ns_64_2_1_U84/dout_reg__0
  -------------------------------------------------------------------
                         required time                         11.525    
                         arrival time                         -10.514    
  -------------------------------------------------------------------
                         slack                                  1.012    

Slack (MET) :             1.012ns  (required time - arrival time)
  Source:                 lenet_system_i/lenet_w8a8_top_0/inst/conv3_acc_V_U/ram_reg/CLKARDCLK
                            (rising edge-triggered cell RAMB18E1 clocked by clk_fpga_0  {rise@0.000ns fall@5.000ns period=10.000ns})
  Destination:            lenet_system_i/lenet_w8a8_top_0/inst/mul_32ns_33ns_64_2_1_U84/dout_reg__0/PCIN[20]
                            (rising edge-triggered cell DSP48E1 clocked by clk_fpga_0  {rise@0.000ns fall@5.000ns period=10.000ns})
  Path Group:             clk_fpga_0
  Path Type:              Setup (Max at Slow Process Corner)
  Requirement:            10.000ns  (clk_fpga_0 rise@10.000ns - clk_fpga_0 rise@0.000ns)
  Data Path Delay:        7.422ns  (logic 5.294ns (71.327%)  route 2.128ns (28.673%))
  Logic Levels:           2  (DSP48E1=1 LUT3=1)
  Clock Path Skew:        -0.012ns (DCD - SCD + CPR)
    Destination Clock Delay (DCD):    2.850ns = ( 12.850 - 10.000 ) 
    Source Clock Delay      (SCD):    3.091ns
    Clock Pessimism Removal (CPR):    0.230ns
  Clock Uncertainty:      0.154ns  ((TSJ^2 + TIJ^2)^1/2 + DJ) / 2 + PE
    Total System Jitter     (TSJ):    0.071ns
    Total Input Jitter      (TIJ):    0.300ns
    Discrete Jitter          (DJ):    0.000ns
    Phase Error              (PE):    0.000ns

    Location             Delay type                Incr(ns)  Path(ns)    Netlist Resource(s)
  -------------------------------------------------------------------    -------------------
                         (clock clk_fpga_0 rise edge)
                                                      0.000     0.000 r  
    PS7_X0Y0             PS7                          0.000     0.000 r  lenet_system_i/processing_system7_0/inst/PS7_i/FCLKCLK[0]
                         net (fo=1, routed)           1.193     1.193    lenet_system_i/processing_system7_0/inst/FCLK_CLK_unbuffered[0]
    BUFGCTRL_X0Y16                                                    r  lenet_system_i/processing_system7_0/inst/buffer_fclk_clk_0.FCLK_CLK_0_BUFG/I
    BUFGCTRL_X0Y16       BUFG (Prop_bufg_I_O)         0.101     1.294 r  lenet_system_i/processing_system7_0/inst/buffer_fclk_clk_0.FCLK_CLK_0_BUFG/O
                         net (fo=12009, routed)       1.797     3.091    lenet_system_i/lenet_w8a8_top_0/inst/conv3_acc_V_U/ap_clk
    RAMB18_X0Y2          RAMB18E1                                     r  lenet_system_i/lenet_w8a8_top_0/inst/conv3_acc_V_U/ram_reg/CLKARDCLK
  -------------------------------------------------------------------    -------------------
    RAMB18_X0Y2          RAMB18E1 (Prop_ramb18e1_CLKARDCLK_DOADO[5])
                                                      0.882     3.973 r  lenet_system_i/lenet_w8a8_top_0/inst/conv3_acc_V_U/ram_reg/DOADO[5]
                         net (fo=2, routed)           1.377     5.350    lenet_system_i/lenet_w8a8_top_0/inst/conv3_acc_V_U/grp_lenet_w8a8_top_Pipeline_REQUANT_VECTOR_fu_381_grp_fu_1112_p_din0[5]
    SLICE_X12Y3                                                       r  lenet_system_i/lenet_w8a8_top_0/inst/conv3_acc_V_U/tmp_product__0_i_12/I0
    SLICE_X12Y3          LUT3 (Prop_lut3_I0_O)        0.152     5.502 r  lenet_system_i/lenet_w8a8_top_0/inst/conv3_acc_V_U/tmp_product__0_i_12/O
                         net (fo=1, routed)           0.749     6.252    lenet_system_i/lenet_w8a8_top_0/inst/mul_32ns_33ns_64_2_1_U84/grp_fu_1112_p0[5]
    DSP48_X0Y0                                                        r  lenet_system_i/lenet_w8a8_top_0/inst/mul_32ns_33ns_64_2_1_U84/tmp_product__0/A[5]
    DSP48_X0Y0           DSP48E1 (Prop_dsp48e1_A[5]_PCOUT[20])
                                                      4.260    10.512 r  lenet_system_i/lenet_w8a8_top_0/inst/mul_32ns_33ns_64_2_1_U84/tmp_product__0/PCOUT[20]
                         net (fo=1, routed)           0.002    10.514    lenet_system_i/lenet_w8a8_top_0/inst/mul_32ns_33ns_64_2_1_U84/tmp_product__0_n_135
    DSP48_X0Y1           DSP48E1                                      r  lenet_system_i/lenet_w8a8_top_0/inst/mul_32ns_33ns_64_2_1_U84/dout_reg__0/PCIN[20]
  -------------------------------------------------------------------    -------------------

                         (clock clk_fpga_0 rise edge)
                                                     10.000    10.000 r  
    PS7_X0Y0             PS7                          0.000    10.000 r  lenet_system_i/processing_system7_0/inst/PS7_i/FCLKCLK[0]
                         net (fo=1, routed)           1.088    11.088    lenet_system_i/processing_system7_0/inst/FCLK_CLK_unbuffered[0]
    BUFGCTRL_X0Y16                                                    r  lenet_system_i/processing_system7_0/inst/buffer_fclk_clk_0.FCLK_CLK_0_BUFG/I
    BUFGCTRL_X0Y16       BUFG (Prop_bufg_I_O)         0.091    11.179 r  lenet_system_i/processing_system7_0/inst/buffer_fclk_clk_0.FCLK_CLK_0_BUFG/O
                         net (fo=12009, routed)       1.671    12.850    lenet_system_i/lenet_w8a8_top_0/inst/mul_32ns_33ns_64_2_1_U84/ap_clk
    DSP48_X0Y1           DSP48E1                                      r  lenet_system_i/lenet_w8a8_top_0/inst/mul_32ns_33ns_64_2_1_U84/dout_reg__0/CLK
                         clock pessimism              0.230    13.080    
                         clock uncertainty           -0.154    12.925    
    DSP48_X0Y1           DSP48E1 (Setup_dsp48e1_CLK_PCIN[20])
                                                     -1.400    11.525    lenet_system_i/lenet_w8a8_top_0/inst/mul_32ns_33ns_64_2_1_U84/dout_reg__0
  -------------------------------------------------------------------
                         required time                         11.525    
                         arrival time                         -10.514    
  -------------------------------------------------------------------
                         slack                                  1.012    

Slack (MET) :             1.012ns  (required time - arrival time)
  Source:                 lenet_system_i/lenet_w8a8_top_0/inst/conv3_acc_V_U/ram_reg/CLKARDCLK
                            (rising edge-triggered cell RAMB18E1 clocked by clk_fpga_0  {rise@0.000ns fall@5.000ns period=10.000ns})
  Destination:            lenet_system_i/lenet_w8a8_top_0/inst/mul_32ns_33ns_64_2_1_U84/dout_reg__0/PCIN[21]
                            (rising edge-triggered cell DSP48E1 clocked by clk_fpga_0  {rise@0.000ns fall@5.000ns period=10.000ns})
  Path Group:             clk_fpga_0
  Path Type:              Setup (Max at Slow Process Corner)
  Requirement:            10.000ns  (clk_fpga_0 rise@10.000ns - clk_fpga_0 rise@0.000ns)
  Data Path Delay:        7.422ns  (logic 5.294ns (71.327%)  route 2.128ns (28.673%))
  Logic Levels:           2  (DSP48E1=1 LUT3=1)
  Clock Path Skew:        -0.012ns (DCD - SCD + CPR)
    Destination Clock Delay (DCD):    2.850ns = ( 12.850 - 10.000 ) 
    Source Clock Delay      (SCD):    3.091ns
    Clock Pessimism Removal (CPR):    0.230ns
  Clock Uncertainty:      0.154ns  ((TSJ^2 + TIJ^2)^1/2 + DJ) / 2 + PE
    Total System Jitter     (TSJ):    0.071ns
    Total Input Jitter      (TIJ):    0.300ns
    Discrete Jitter          (DJ):    0.000ns
    Phase Error              (PE):    0.000ns

    Location             Delay type                Incr(ns)  Path(ns)    Netlist Resource(s)
  -------------------------------------------------------------------    -------------------
                         (clock clk_fpga_0 rise edge)
                                                      0.000     0.000 r  
    PS7_X0Y0             PS7                          0.000     0.000 r  lenet_system_i/processing_system7_0/inst/PS7_i/FCLKCLK[0]
                         net (fo=1, routed)           1.193     1.193    lenet_system_i/processing_system7_0/inst/FCLK_CLK_unbuffered[0]
    BUFGCTRL_X0Y16                                                    r  lenet_system_i/processing_system7_0/inst/buffer_fclk_clk_0.FCLK_CLK_0_BUFG/I
    BUFGCTRL_X0Y16       BUFG (Prop_bufg_I_O)         0.101     1.294 r  lenet_system_i/processing_system7_0/inst/buffer_fclk_clk_0.FCLK_CLK_0_BUFG/O
                         net (fo=12009, routed)       1.797     3.091    lenet_system_i/lenet_w8a8_top_0/inst/conv3_acc_V_U/ap_clk
    RAMB18_X0Y2          RAMB18E1                                     r  lenet_system_i/lenet_w8a8_top_0/inst/conv3_acc_V_U/ram_reg/CLKARDCLK
  -------------------------------------------------------------------    -------------------
    RAMB18_X0Y2          RAMB18E1 (Prop_ramb18e1_CLKARDCLK_DOADO[5])
                                                      0.882     3.973 r  lenet_system_i/lenet_w8a8_top_0/inst/conv3_acc_V_U/ram_reg/DOADO[5]
                         net (fo=2, routed)           1.377     5.350    lenet_system_i/lenet_w8a8_top_0/inst/conv3_acc_V_U/grp_lenet_w8a8_top_Pipeline_REQUANT_VECTOR_fu_381_grp_fu_1112_p_din0[5]
    SLICE_X12Y3                                                       r  lenet_system_i/lenet_w8a8_top_0/inst/conv3_acc_V_U/tmp_product__0_i_12/I0
    SLICE_X12Y3          LUT3 (Prop_lut3_I0_O)        0.152     5.502 r  lenet_system_i/lenet_w8a8_top_0/inst/conv3_acc_V_U/tmp_product__0_i_12/O
                         net (fo=1, routed)           0.749     6.252    lenet_system_i/lenet_w8a8_top_0/inst/mul_32ns_33ns_64_2_1_U84/grp_fu_1112_p0[5]
    DSP48_X0Y0                                                        r  lenet_system_i/lenet_w8a8_top_0/inst/mul_32ns_33ns_64_2_1_U84/tmp_product__0/A[5]
    DSP48_X0Y0           DSP48E1 (Prop_dsp48e1_A[5]_PCOUT[21])
                                                      4.260    10.512 r  lenet_system_i/lenet_w8a8_top_0/inst/mul_32ns_33ns_64_2_1_U84/tmp_product__0/PCOUT[21]
                         net (fo=1, routed)           0.002    10.514    lenet_system_i/lenet_w8a8_top_0/inst/mul_32ns_33ns_64_2_1_U84/tmp_product__0_n_134
    DSP48_X0Y1           DSP48E1                                      r  lenet_system_i/lenet_w8a8_top_0/inst/mul_32ns_33ns_64_2_1_U84/dout_reg__0/PCIN[21]
  -------------------------------------------------------------------    -------------------

                         (clock clk_fpga_0 rise edge)
                                                     10.000    10.000 r  
    PS7_X0Y0             PS7                          0.000    10.000 r  lenet_system_i/processing_system7_0/inst/PS7_i/FCLKCLK[0]
                         net (fo=1, routed)           1.088    11.088    lenet_system_i/processing_system7_0/inst/FCLK_CLK_unbuffered[0]
    BUFGCTRL_X0Y16                                                    r  lenet_system_i/processing_system7_0/inst/buffer_fclk_clk_0.FCLK_CLK_0_BUFG/I
    BUFGCTRL_X0Y16       BUFG (Prop_bufg_I_O)         0.091    11.179 r  lenet_system_i/processing_system7_0/inst/buffer_fclk_clk_0.FCLK_CLK_0_BUFG/O
                         net (fo=12009, routed)       1.671    12.850    lenet_system_i/lenet_w8a8_top_0/inst/mul_32ns_33ns_64_2_1_U84/ap_clk
    DSP48_X0Y1           DSP48E1                                      r  lenet_system_i/lenet_w8a8_top_0/inst/mul_32ns_33ns_64_2_1_U84/dout_reg__0/CLK
                         clock pessimism              0.230    13.080    
                         clock uncertainty           -0.154    12.925    
    DSP48_X0Y1           DSP48E1 (Setup_dsp48e1_CLK_PCIN[21])
                                                     -1.400    11.525    lenet_system_i/lenet_w8a8_top_0/inst/mul_32ns_33ns_64_2_1_U84/dout_reg__0
  -------------------------------------------------------------------
                         required time                         11.525    
                         arrival time                         -10.514    
  -------------------------------------------------------------------
                         slack                                  1.012    

Slack (MET) :             1.012ns  (required time - arrival time)
  Source:                 lenet_system_i/lenet_w8a8_top_0/inst/conv3_acc_V_U/ram_reg/CLKARDCLK
                            (rising edge-triggered cell RAMB18E1 clocked by clk_fpga_0  {rise@0.000ns fall@5.000ns period=10.000ns})
  Destination:            lenet_system_i/lenet_w8a8_top_0/inst/mul_32ns_33ns_64_2_1_U84/dout_reg__0/PCIN[22]
                            (rising edge-triggered cell DSP48E1 clocked by clk_fpga_0  {rise@0.000ns fall@5.000ns period=10.000ns})
  Path Group:             clk_fpga_0
  Path Type:              Setup (Max at Slow Process Corner)
  Requirement:            10.000ns  (clk_fpga_0 rise@10.000ns - clk_fpga_0 rise@0.000ns)
  Data Path Delay:        7.422ns  (logic 5.294ns (71.327%)  route 2.128ns (28.673%))
  Logic Levels:           2  (DSP48E1=1 LUT3=1)
  Clock Path Skew:        -0.012ns (DCD - SCD + CPR)
    Destination Clock Delay (DCD):    2.850ns = ( 12.850 - 10.000 ) 
    Source Clock Delay      (SCD):    3.091ns
    Clock Pessimism Removal (CPR):    0.230ns
  Clock Uncertainty:      0.154ns  ((TSJ^2 + TIJ^2)^1/2 + DJ) / 2 + PE
    Total System Jitter     (TSJ):    0.071ns
    Total Input Jitter      (TIJ):    0.300ns
    Discrete Jitter          (DJ):    0.000ns
    Phase Error              (PE):    0.000ns

    Location             Delay type                Incr(ns)  Path(ns)    Netlist Resource(s)
  -------------------------------------------------------------------    -------------------
                         (clock clk_fpga_0 rise edge)
                                                      0.000     0.000 r  
    PS7_X0Y0             PS7                          0.000     0.000 r  lenet_system_i/processing_system7_0/inst/PS7_i/FCLKCLK[0]
                         net (fo=1, routed)           1.193     1.193    lenet_system_i/processing_system7_0/inst/FCLK_CLK_unbuffered[0]
    BUFGCTRL_X0Y16                                                    r  lenet_system_i/processing_system7_0/inst/buffer_fclk_clk_0.FCLK_CLK_0_BUFG/I
    BUFGCTRL_X0Y16       BUFG (Prop_bufg_I_O)         0.101     1.294 r  lenet_system_i/processing_system7_0/inst/buffer_fclk_clk_0.FCLK_CLK_0_BUFG/O
                         net (fo=12009, routed)       1.797     3.091    lenet_system_i/lenet_w8a8_top_0/inst/conv3_acc_V_U/ap_clk
    RAMB18_X0Y2          RAMB18E1                                     r  lenet_system_i/lenet_w8a8_top_0/inst/conv3_acc_V_U/ram_reg/CLKARDCLK
  -------------------------------------------------------------------    -------------------
    RAMB18_X0Y2          RAMB18E1 (Prop_ramb18e1_CLKARDCLK_DOADO[5])
                                                      0.882     3.973 r  lenet_system_i/lenet_w8a8_top_0/inst/conv3_acc_V_U/ram_reg/DOADO[5]
                         net (fo=2, routed)           1.377     5.350    lenet_system_i/lenet_w8a8_top_0/inst/conv3_acc_V_U/grp_lenet_w8a8_top_Pipeline_REQUANT_VECTOR_fu_381_grp_fu_1112_p_din0[5]
    SLICE_X12Y3                                                       r  lenet_system_i/lenet_w8a8_top_0/inst/conv3_acc_V_U/tmp_product__0_i_12/I0
    SLICE_X12Y3          LUT3 (Prop_lut3_I0_O)        0.152     5.502 r  lenet_system_i/lenet_w8a8_top_0/inst/conv3_acc_V_U/tmp_product__0_i_12/O
                         net (fo=1, routed)           0.749     6.252    lenet_system_i/lenet_w8a8_top_0/inst/mul_32ns_33ns_64_2_1_U84/grp_fu_1112_p0[5]
    DSP48_X0Y0                                                        r  lenet_system_i/lenet_w8a8_top_0/inst/mul_32ns_33ns_64_2_1_U84/tmp_product__0/A[5]
    DSP48_X0Y0           DSP48E1 (Prop_dsp48e1_A[5]_PCOUT[22])
                                                      4.260    10.512 r  lenet_system_i/lenet_w8a8_top_0/inst/mul_32ns_33ns_64_2_1_U84/tmp_product__0/PCOUT[22]
                         net (fo=1, routed)           0.002    10.514    lenet_system_i/lenet_w8a8_top_0/inst/mul_32ns_33ns_64_2_1_U84/tmp_product__0_n_133
    DSP48_X0Y1           DSP48E1                                      r  lenet_system_i/lenet_w8a8_top_0/inst/mul_32ns_33ns_64_2_1_U84/dout_reg__0/PCIN[22]
  -------------------------------------------------------------------    -------------------

                         (clock clk_fpga_0 rise edge)
                                                     10.000    10.000 r  
    PS7_X0Y0             PS7                          0.000    10.000 r  lenet_system_i/processing_system7_0/inst/PS7_i/FCLKCLK[0]
                         net (fo=1, routed)           1.088    11.088    lenet_system_i/processing_system7_0/inst/FCLK_CLK_unbuffered[0]
    BUFGCTRL_X0Y16                                                    r  lenet_system_i/processing_system7_0/inst/buffer_fclk_clk_0.FCLK_CLK_0_BUFG/I
    BUFGCTRL_X0Y16       BUFG (Prop_bufg_I_O)         0.091    11.179 r  lenet_system_i/processing_system7_0/inst/buffer_fclk_clk_0.FCLK_CLK_0_BUFG/O
                         net (fo=12009, routed)       1.671    12.850    lenet_system_i/lenet_w8a8_top_0/inst/mul_32ns_33ns_64_2_1_U84/ap_clk
    DSP48_X0Y1           DSP48E1                                      r  lenet_system_i/lenet_w8a8_top_0/inst/mul_32ns_33ns_64_2_1_U84/dout_reg__0/CLK
                         clock pessimism              0.230    13.080    
                         clock uncertainty           -0.154    12.925    
    DSP48_X0Y1           DSP48E1 (Setup_dsp48e1_CLK_PCIN[22])
                                                     -1.400    11.525    lenet_system_i/lenet_w8a8_top_0/inst/mul_32ns_33ns_64_2_1_U84/dout_reg__0
  -------------------------------------------------------------------
                         required time                         11.525    
                         arrival time                         -10.514    
  -------------------------------------------------------------------
                         slack                                  1.012    

Slack (MET) :             1.012ns  (required time - arrival time)
  Source:                 lenet_system_i/lenet_w8a8_top_0/inst/conv3_acc_V_U/ram_reg/CLKARDCLK
                            (rising edge-triggered cell RAMB18E1 clocked by clk_fpga_0  {rise@0.000ns fall@5.000ns period=10.000ns})
  Destination:            lenet_system_i/lenet_w8a8_top_0/inst/mul_32ns_33ns_64_2_1_U84/dout_reg__0/PCIN[23]
                            (rising edge-triggered cell DSP48E1 clocked by clk_fpga_0  {rise@0.000ns fall@5.000ns period=10.000ns})
  Path Group:             clk_fpga_0
  Path Type:              Setup (Max at Slow Process Corner)
  Requirement:            10.000ns  (clk_fpga_0 rise@10.000ns - clk_fpga_0 rise@0.000ns)
  Data Path Delay:        7.422ns  (logic 5.294ns (71.327%)  route 2.128ns (28.673%))
  Logic Levels:           2  (DSP48E1=1 LUT3=1)
  Clock Path Skew:        -0.012ns (DCD - SCD + CPR)
    Destination Clock Delay (DCD):    2.850ns = ( 12.850 - 10.000 ) 
    Source Clock Delay      (SCD):    3.091ns
    Clock Pessimism Removal (CPR):    0.230ns
  Clock Uncertainty:      0.154ns  ((TSJ^2 + TIJ^2)^1/2 + DJ) / 2 + PE
    Total System Jitter     (TSJ):    0.071ns
    Total Input Jitter      (TIJ):    0.300ns
    Discrete Jitter          (DJ):    0.000ns
    Phase Error              (PE):    0.000ns

    Location             Delay type                Incr(ns)  Path(ns)    Netlist Resource(s)
  -------------------------------------------------------------------    -------------------
                         (clock clk_fpga_0 rise edge)
                                                      0.000     0.000 r  
    PS7_X0Y0             PS7                          0.000     0.000 r  lenet_system_i/processing_system7_0/inst/PS7_i/FCLKCLK[0]
                         net (fo=1, routed)           1.193     1.193    lenet_system_i/processing_system7_0/inst/FCLK_CLK_unbuffered[0]
    BUFGCTRL_X0Y16                                                    r  lenet_system_i/processing_system7_0/inst/buffer_fclk_clk_0.FCLK_CLK_0_BUFG/I
    BUFGCTRL_X0Y16       BUFG (Prop_bufg_I_O)         0.101     1.294 r  lenet_system_i/processing_system7_0/inst/buffer_fclk_clk_0.FCLK_CLK_0_BUFG/O
                         net (fo=12009, routed)       1.797     3.091    lenet_system_i/lenet_w8a8_top_0/inst/conv3_acc_V_U/ap_clk
    RAMB18_X0Y2          RAMB18E1                                     r  lenet_system_i/lenet_w8a8_top_0/inst/conv3_acc_V_U/ram_reg/CLKARDCLK
  -------------------------------------------------------------------    -------------------
    RAMB18_X0Y2          RAMB18E1 (Prop_ramb18e1_CLKARDCLK_DOADO[5])
                                                      0.882     3.973 r  lenet_system_i/lenet_w8a8_top_0/inst/conv3_acc_V_U/ram_reg/DOADO[5]
                         net (fo=2, routed)           1.377     5.350    lenet_system_i/lenet_w8a8_top_0/inst/conv3_acc_V_U/grp_lenet_w8a8_top_Pipeline_REQUANT_VECTOR_fu_381_grp_fu_1112_p_din0[5]
    SLICE_X12Y3                                                       r  lenet_system_i/lenet_w8a8_top_0/inst/conv3_acc_V_U/tmp_product__0_i_12/I0
    SLICE_X12Y3          LUT3 (Prop_lut3_I0_O)        0.152     5.502 r  lenet_system_i/lenet_w8a8_top_0/inst/conv3_acc_V_U/tmp_product__0_i_12/O
                         net (fo=1, routed)           0.749     6.252    lenet_system_i/lenet_w8a8_top_0/inst/mul_32ns_33ns_64_2_1_U84/grp_fu_1112_p0[5]
    DSP48_X0Y0                                                        r  lenet_system_i/lenet_w8a8_top_0/inst/mul_32ns_33ns_64_2_1_U84/tmp_product__0/A[5]
    DSP48_X0Y0           DSP48E1 (Prop_dsp48e1_A[5]_PCOUT[23])
                                                      4.260    10.512 r  lenet_system_i/lenet_w8a8_top_0/inst/mul_32ns_33ns_64_2_1_U84/tmp_product__0/PCOUT[23]
                         net (fo=1, routed)           0.002    10.514    lenet_system_i/lenet_w8a8_top_0/inst/mul_32ns_33ns_64_2_1_U84/tmp_product__0_n_132
    DSP48_X0Y1           DSP48E1                                      r  lenet_system_i/lenet_w8a8_top_0/inst/mul_32ns_33ns_64_2_1_U84/dout_reg__0/PCIN[23]
  -------------------------------------------------------------------    -------------------

                         (clock clk_fpga_0 rise edge)
                                                     10.000    10.000 r  
    PS7_X0Y0             PS7                          0.000    10.000 r  lenet_system_i/processing_system7_0/inst/PS7_i/FCLKCLK[0]
                         net (fo=1, routed)           1.088    11.088    lenet_system_i/processing_system7_0/inst/FCLK_CLK_unbuffered[0]
    BUFGCTRL_X0Y16                                                    r  lenet_system_i/processing_system7_0/inst/buffer_fclk_clk_0.FCLK_CLK_0_BUFG/I
    BUFGCTRL_X0Y16       BUFG (Prop_bufg_I_O)         0.091    11.179 r  lenet_system_i/processing_system7_0/inst/buffer_fclk_clk_0.FCLK_CLK_0_BUFG/O
                         net (fo=12009, routed)       1.671    12.850    lenet_system_i/lenet_w8a8_top_0/inst/mul_32ns_33ns_64_2_1_U84/ap_clk
    DSP48_X0Y1           DSP48E1                                      r  lenet_system_i/lenet_w8a8_top_0/inst/mul_32ns_33ns_64_2_1_U84/dout_reg__0/CLK
                         clock pessimism              0.230    13.080    
                         clock uncertainty           -0.154    12.925    
    DSP48_X0Y1           DSP48E1 (Setup_dsp48e1_CLK_PCIN[23])
                                                     -1.400    11.525    lenet_system_i/lenet_w8a8_top_0/inst/mul_32ns_33ns_64_2_1_U84/dout_reg__0
  -------------------------------------------------------------------
                         required time                         11.525    
                         arrival time                         -10.514    
  -------------------------------------------------------------------
                         slack                                  1.012    

Slack (MET) :             1.012ns  (required time - arrival time)
  Source:                 lenet_system_i/lenet_w8a8_top_0/inst/conv3_acc_V_U/ram_reg/CLKARDCLK
                            (rising edge-triggered cell RAMB18E1 clocked by clk_fpga_0  {rise@0.000ns fall@5.000ns period=10.000ns})
  Destination:            lenet_system_i/lenet_w8a8_top_0/inst/mul_32ns_33ns_64_2_1_U84/dout_reg__0/PCIN[24]
                            (rising edge-triggered cell DSP48E1 clocked by clk_fpga_0  {rise@0.000ns fall@5.000ns period=10.000ns})
  Path Group:             clk_fpga_0
  Path Type:              Setup (Max at Slow Process Corner)
  Requirement:            10.000ns  (clk_fpga_0 rise@10.000ns - clk_fpga_0 rise@0.000ns)
  Data Path Delay:        7.422ns  (logic 5.294ns (71.327%)  route 2.128ns (28.673%))
  Logic Levels:           2  (DSP48E1=1 LUT3=1)
  Clock Path Skew:        -0.012ns (DCD - SCD + CPR)
    Destination Clock Delay (DCD):    2.850ns = ( 12.850 - 10.000 ) 
    Source Clock Delay      (SCD):    3.091ns
    Clock Pessimism Removal (CPR):    0.230ns
  Clock Uncertainty:      0.154ns  ((TSJ^2 + TIJ^2)^1/2 + DJ) / 2 + PE
    Total System Jitter     (TSJ):    0.071ns
    Total Input Jitter      (TIJ):    0.300ns
    Discrete Jitter          (DJ):    0.000ns
    Phase Error              (PE):    0.000ns

    Location             Delay type                Incr(ns)  Path(ns)    Netlist Resource(s)
  -------------------------------------------------------------------    -------------------
                         (clock clk_fpga_0 rise edge)
                                                      0.000     0.000 r  
    PS7_X0Y0             PS7                          0.000     0.000 r  lenet_system_i/processing_system7_0/inst/PS7_i/FCLKCLK[0]
                         net (fo=1, routed)           1.193     1.193    lenet_system_i/processing_system7_0/inst/FCLK_CLK_unbuffered[0]
    BUFGCTRL_X0Y16                                                    r  lenet_system_i/processing_system7_0/inst/buffer_fclk_clk_0.FCLK_CLK_0_BUFG/I
    BUFGCTRL_X0Y16       BUFG (Prop_bufg_I_O)         0.101     1.294 r  lenet_system_i/processing_system7_0/inst/buffer_fclk_clk_0.FCLK_CLK_0_BUFG/O
                         net (fo=12009, routed)       1.797     3.091    lenet_system_i/lenet_w8a8_top_0/inst/conv3_acc_V_U/ap_clk
    RAMB18_X0Y2          RAMB18E1                                     r  lenet_system_i/lenet_w8a8_top_0/inst/conv3_acc_V_U/ram_reg/CLKARDCLK
  -------------------------------------------------------------------    -------------------
    RAMB18_X0Y2          RAMB18E1 (Prop_ramb18e1_CLKARDCLK_DOADO[5])
                                                      0.882     3.973 r  lenet_system_i/lenet_w8a8_top_0/inst/conv3_acc_V_U/ram_reg/DOADO[5]
                         net (fo=2, routed)           1.377     5.350    lenet_system_i/lenet_w8a8_top_0/inst/conv3_acc_V_U/grp_lenet_w8a8_top_Pipeline_REQUANT_VECTOR_fu_381_grp_fu_1112_p_din0[5]
    SLICE_X12Y3                                                       r  lenet_system_i/lenet_w8a8_top_0/inst/conv3_acc_V_U/tmp_product__0_i_12/I0
    SLICE_X12Y3          LUT3 (Prop_lut3_I0_O)        0.152     5.502 r  lenet_system_i/lenet_w8a8_top_0/inst/conv3_acc_V_U/tmp_product__0_i_12/O
                         net (fo=1, routed)           0.749     6.252    lenet_system_i/lenet_w8a8_top_0/inst/mul_32ns_33ns_64_2_1_U84/grp_fu_1112_p0[5]
    DSP48_X0Y0                                                        r  lenet_system_i/lenet_w8a8_top_0/inst/mul_32ns_33ns_64_2_1_U84/tmp_product__0/A[5]
    DSP48_X0Y0           DSP48E1 (Prop_dsp48e1_A[5]_PCOUT[24])
                                                      4.260    10.512 r  lenet_system_i/lenet_w8a8_top_0/inst/mul_32ns_33ns_64_2_1_U84/tmp_product__0/PCOUT[24]
                         net (fo=1, routed)           0.002    10.514    lenet_system_i/lenet_w8a8_top_0/inst/mul_32ns_33ns_64_2_1_U84/tmp_product__0_n_131
    DSP48_X0Y1           DSP48E1                                      r  lenet_system_i/lenet_w8a8_top_0/inst/mul_32ns_33ns_64_2_1_U84/dout_reg__0/PCIN[24]
  -------------------------------------------------------------------    -------------------

                         (clock clk_fpga_0 rise edge)
                                                     10.000    10.000 r  
    PS7_X0Y0             PS7                          0.000    10.000 r  lenet_system_i/processing_system7_0/inst/PS7_i/FCLKCLK[0]
                         net (fo=1, routed)           1.088    11.088    lenet_system_i/processing_system7_0/inst/FCLK_CLK_unbuffered[0]
    BUFGCTRL_X0Y16                                                    r  lenet_system_i/processing_system7_0/inst/buffer_fclk_clk_0.FCLK_CLK_0_BUFG/I
    BUFGCTRL_X0Y16       BUFG (Prop_bufg_I_O)         0.091    11.179 r  lenet_system_i/processing_system7_0/inst/buffer_fclk_clk_0.FCLK_CLK_0_BUFG/O
                         net (fo=12009, routed)       1.671    12.850    lenet_system_i/lenet_w8a8_top_0/inst/mul_32ns_33ns_64_2_1_U84/ap_clk
    DSP48_X0Y1           DSP48E1                                      r  lenet_system_i/lenet_w8a8_top_0/inst/mul_32ns_33ns_64_2_1_U84/dout_reg__0/CLK
                         clock pessimism              0.230    13.080    
                         clock uncertainty           -0.154    12.925    
    DSP48_X0Y1           DSP48E1 (Setup_dsp48e1_CLK_PCIN[24])
                                                     -1.400    11.525    lenet_system_i/lenet_w8a8_top_0/inst/mul_32ns_33ns_64_2_1_U84/dout_reg__0
  -------------------------------------------------------------------
                         required time                         11.525    
                         arrival time                         -10.514    
  -------------------------------------------------------------------
                         slack                                  1.012    

Slack (MET) :             1.012ns  (required time - arrival time)
  Source:                 lenet_system_i/lenet_w8a8_top_0/inst/conv3_acc_V_U/ram_reg/CLKARDCLK
                            (rising edge-triggered cell RAMB18E1 clocked by clk_fpga_0  {rise@0.000ns fall@5.000ns period=10.000ns})
  Destination:            lenet_system_i/lenet_w8a8_top_0/inst/mul_32ns_33ns_64_2_1_U84/dout_reg__0/PCIN[25]
                            (rising edge-triggered cell DSP48E1 clocked by clk_fpga_0  {rise@0.000ns fall@5.000ns period=10.000ns})
  Path Group:             clk_fpga_0
  Path Type:              Setup (Max at Slow Process Corner)
  Requirement:            10.000ns  (clk_fpga_0 rise@10.000ns - clk_fpga_0 rise@0.000ns)
  Data Path Delay:        7.422ns  (logic 5.294ns (71.327%)  route 2.128ns (28.673%))
  Logic Levels:           2  (DSP48E1=1 LUT3=1)
  Clock Path Skew:        -0.012ns (DCD - SCD + CPR)
    Destination Clock Delay (DCD):    2.850ns = ( 12.850 - 10.000 ) 
    Source Clock Delay      (SCD):    3.091ns
    Clock Pessimism Removal (CPR):    0.230ns
  Clock Uncertainty:      0.154ns  ((TSJ^2 + TIJ^2)^1/2 + DJ) / 2 + PE
    Total System Jitter     (TSJ):    0.071ns
    Total Input Jitter      (TIJ):    0.300ns
    Discrete Jitter          (DJ):    0.000ns
    Phase Error              (PE):    0.000ns

    Location             Delay type                Incr(ns)  Path(ns)    Netlist Resource(s)
  -------------------------------------------------------------------    -------------------
                         (clock clk_fpga_0 rise edge)
                                                      0.000     0.000 r  
    PS7_X0Y0             PS7                          0.000     0.000 r  lenet_system_i/processing_system7_0/inst/PS7_i/FCLKCLK[0]
                         net (fo=1, routed)           1.193     1.193    lenet_system_i/processing_system7_0/inst/FCLK_CLK_unbuffered[0]
    BUFGCTRL_X0Y16                                                    r  lenet_system_i/processing_system7_0/inst/buffer_fclk_clk_0.FCLK_CLK_0_BUFG/I
    BUFGCTRL_X0Y16       BUFG (Prop_bufg_I_O)         0.101     1.294 r  lenet_system_i/processing_system7_0/inst/buffer_fclk_clk_0.FCLK_CLK_0_BUFG/O
                         net (fo=12009, routed)       1.797     3.091    lenet_system_i/lenet_w8a8_top_0/inst/conv3_acc_V_U/ap_clk
    RAMB18_X0Y2          RAMB18E1                                     r  lenet_system_i/lenet_w8a8_top_0/inst/conv3_acc_V_U/ram_reg/CLKARDCLK
  -------------------------------------------------------------------    -------------------
    RAMB18_X0Y2          RAMB18E1 (Prop_ramb18e1_CLKARDCLK_DOADO[5])
                                                      0.882     3.973 r  lenet_system_i/lenet_w8a8_top_0/inst/conv3_acc_V_U/ram_reg/DOADO[5]
                         net (fo=2, routed)           1.377     5.350    lenet_system_i/lenet_w8a8_top_0/inst/conv3_acc_V_U/grp_lenet_w8a8_top_Pipeline_REQUANT_VECTOR_fu_381_grp_fu_1112_p_din0[5]
    SLICE_X12Y3                                                       r  lenet_system_i/lenet_w8a8_top_0/inst/conv3_acc_V_U/tmp_product__0_i_12/I0
    SLICE_X12Y3          LUT3 (Prop_lut3_I0_O)        0.152     5.502 r  lenet_system_i/lenet_w8a8_top_0/inst/conv3_acc_V_U/tmp_product__0_i_12/O
                         net (fo=1, routed)           0.749     6.252    lenet_system_i/lenet_w8a8_top_0/inst/mul_32ns_33ns_64_2_1_U84/grp_fu_1112_p0[5]
    DSP48_X0Y0                                                        r  lenet_system_i/lenet_w8a8_top_0/inst/mul_32ns_33ns_64_2_1_U84/tmp_product__0/A[5]
    DSP48_X0Y0           DSP48E1 (Prop_dsp48e1_A[5]_PCOUT[25])
                                                      4.260    10.512 r  lenet_system_i/lenet_w8a8_top_0/inst/mul_32ns_33ns_64_2_1_U84/tmp_product__0/PCOUT[25]
                         net (fo=1, routed)           0.002    10.514    lenet_system_i/lenet_w8a8_top_0/inst/mul_32ns_33ns_64_2_1_U84/tmp_product__0_n_130
    DSP48_X0Y1           DSP48E1                                      r  lenet_system_i/lenet_w8a8_top_0/inst/mul_32ns_33ns_64_2_1_U84/dout_reg__0/PCIN[25]
  -------------------------------------------------------------------    -------------------

                         (clock clk_fpga_0 rise edge)
                                                     10.000    10.000 r  
    PS7_X0Y0             PS7                          0.000    10.000 r  lenet_system_i/processing_system7_0/inst/PS7_i/FCLKCLK[0]
                         net (fo=1, routed)           1.088    11.088    lenet_system_i/processing_system7_0/inst/FCLK_CLK_unbuffered[0]
    BUFGCTRL_X0Y16                                                    r  lenet_system_i/processing_system7_0/inst/buffer_fclk_clk_0.FCLK_CLK_0_BUFG/I
    BUFGCTRL_X0Y16       BUFG (Prop_bufg_I_O)         0.091    11.179 r  lenet_system_i/processing_system7_0/inst/buffer_fclk_clk_0.FCLK_CLK_0_BUFG/O
                         net (fo=12009, routed)       1.671    12.850    lenet_system_i/lenet_w8a8_top_0/inst/mul_32ns_33ns_64_2_1_U84/ap_clk
    DSP48_X0Y1           DSP48E1                                      r  lenet_system_i/lenet_w8a8_top_0/inst/mul_32ns_33ns_64_2_1_U84/dout_reg__0/CLK
                         clock pessimism              0.230    13.080    
                         clock uncertainty           -0.154    12.925    
    DSP48_X0Y1           DSP48E1 (Setup_dsp48e1_CLK_PCIN[25])
                                                     -1.400    11.525    lenet_system_i/lenet_w8a8_top_0/inst/mul_32ns_33ns_64_2_1_U84/dout_reg__0
  -------------------------------------------------------------------
                         required time                         11.525    
                         arrival time                         -10.514    
  -------------------------------------------------------------------
                         slack                                  1.012    

Slack (MET) :             1.012ns  (required time - arrival time)
  Source:                 lenet_system_i/lenet_w8a8_top_0/inst/conv3_acc_V_U/ram_reg/CLKARDCLK
                            (rising edge-triggered cell RAMB18E1 clocked by clk_fpga_0  {rise@0.000ns fall@5.000ns period=10.000ns})
  Destination:            lenet_system_i/lenet_w8a8_top_0/inst/mul_32ns_33ns_64_2_1_U84/dout_reg__0/PCIN[26]
                            (rising edge-triggered cell DSP48E1 clocked by clk_fpga_0  {rise@0.000ns fall@5.000ns period=10.000ns})
  Path Group:             clk_fpga_0
  Path Type:              Setup (Max at Slow Process Corner)
  Requirement:            10.000ns  (clk_fpga_0 rise@10.000ns - clk_fpga_0 rise@0.000ns)
  Data Path Delay:        7.422ns  (logic 5.294ns (71.327%)  route 2.128ns (28.673%))
  Logic Levels:           2  (DSP48E1=1 LUT3=1)
  Clock Path Skew:        -0.012ns (DCD - SCD + CPR)
    Destination Clock Delay (DCD):    2.850ns = ( 12.850 - 10.000 ) 
    Source Clock Delay      (SCD):    3.091ns
    Clock Pessimism Removal (CPR):    0.230ns
  Clock Uncertainty:      0.154ns  ((TSJ^2 + TIJ^2)^1/2 + DJ) / 2 + PE
    Total System Jitter     (TSJ):    0.071ns
    Total Input Jitter      (TIJ):    0.300ns
    Discrete Jitter          (DJ):    0.000ns
    Phase Error              (PE):    0.000ns

    Location             Delay type                Incr(ns)  Path(ns)    Netlist Resource(s)
  -------------------------------------------------------------------    -------------------
                         (clock clk_fpga_0 rise edge)
                                                      0.000     0.000 r  
    PS7_X0Y0             PS7                          0.000     0.000 r  lenet_system_i/processing_system7_0/inst/PS7_i/FCLKCLK[0]
                         net (fo=1, routed)           1.193     1.193    lenet_system_i/processing_system7_0/inst/FCLK_CLK_unbuffered[0]
    BUFGCTRL_X0Y16                                                    r  lenet_system_i/processing_system7_0/inst/buffer_fclk_clk_0.FCLK_CLK_0_BUFG/I
    BUFGCTRL_X0Y16       BUFG (Prop_bufg_I_O)         0.101     1.294 r  lenet_system_i/processing_system7_0/inst/buffer_fclk_clk_0.FCLK_CLK_0_BUFG/O
                         net (fo=12009, routed)       1.797     3.091    lenet_system_i/lenet_w8a8_top_0/inst/conv3_acc_V_U/ap_clk
    RAMB18_X0Y2          RAMB18E1                                     r  lenet_system_i/lenet_w8a8_top_0/inst/conv3_acc_V_U/ram_reg/CLKARDCLK
  -------------------------------------------------------------------    -------------------
    RAMB18_X0Y2          RAMB18E1 (Prop_ramb18e1_CLKARDCLK_DOADO[5])
                                                      0.882     3.973 r  lenet_system_i/lenet_w8a8_top_0/inst/conv3_acc_V_U/ram_reg/DOADO[5]
                         net (fo=2, routed)           1.377     5.350    lenet_system_i/lenet_w8a8_top_0/inst/conv3_acc_V_U/grp_lenet_w8a8_top_Pipeline_REQUANT_VECTOR_fu_381_grp_fu_1112_p_din0[5]
    SLICE_X12Y3                                                       r  lenet_system_i/lenet_w8a8_top_0/inst/conv3_acc_V_U/tmp_product__0_i_12/I0
    SLICE_X12Y3          LUT3 (Prop_lut3_I0_O)        0.152     5.502 r  lenet_system_i/lenet_w8a8_top_0/inst/conv3_acc_V_U/tmp_product__0_i_12/O
                         net (fo=1, routed)           0.749     6.252    lenet_system_i/lenet_w8a8_top_0/inst/mul_32ns_33ns_64_2_1_U84/grp_fu_1112_p0[5]
    DSP48_X0Y0                                                        r  lenet_system_i/lenet_w8a8_top_0/inst/mul_32ns_33ns_64_2_1_U84/tmp_product__0/A[5]
    DSP48_X0Y0           DSP48E1 (Prop_dsp48e1_A[5]_PCOUT[26])
                                                      4.260    10.512 r  lenet_system_i/lenet_w8a8_top_0/inst/mul_32ns_33ns_64_2_1_U84/tmp_product__0/PCOUT[26]
                         net (fo=1, routed)           0.002    10.514    lenet_system_i/lenet_w8a8_top_0/inst/mul_32ns_33ns_64_2_1_U84/tmp_product__0_n_129
    DSP48_X0Y1           DSP48E1                                      r  lenet_system_i/lenet_w8a8_top_0/inst/mul_32ns_33ns_64_2_1_U84/dout_reg__0/PCIN[26]
  -------------------------------------------------------------------    -------------------

                         (clock clk_fpga_0 rise edge)
                                                     10.000    10.000 r  
    PS7_X0Y0             PS7                          0.000    10.000 r  lenet_system_i/processing_system7_0/inst/PS7_i/FCLKCLK[0]
                         net (fo=1, routed)           1.088    11.088    lenet_system_i/processing_system7_0/inst/FCLK_CLK_unbuffered[0]
    BUFGCTRL_X0Y16                                                    r  lenet_system_i/processing_system7_0/inst/buffer_fclk_clk_0.FCLK_CLK_0_BUFG/I
    BUFGCTRL_X0Y16       BUFG (Prop_bufg_I_O)         0.091    11.179 r  lenet_system_i/processing_system7_0/inst/buffer_fclk_clk_0.FCLK_CLK_0_BUFG/O
                         net (fo=12009, routed)       1.671    12.850    lenet_system_i/lenet_w8a8_top_0/inst/mul_32ns_33ns_64_2_1_U84/ap_clk
    DSP48_X0Y1           DSP48E1                                      r  lenet_system_i/lenet_w8a8_top_0/inst/mul_32ns_33ns_64_2_1_U84/dout_reg__0/CLK
                         clock pessimism              0.230    13.080    
                         clock uncertainty           -0.154    12.925    
    DSP48_X0Y1           DSP48E1 (Setup_dsp48e1_CLK_PCIN[26])
                                                     -1.400    11.525    lenet_system_i/lenet_w8a8_top_0/inst/mul_32ns_33ns_64_2_1_U84/dout_reg__0
  -------------------------------------------------------------------
                         required time                         11.525    
                         arrival time                         -10.514    
  -------------------------------------------------------------------
                         slack                                  1.012    





Min Delay Paths
--------------------------------------------------------------------------------------
Slack (MET) :             0.014ns  (arrival time - required time)
  Source:                 lenet_system_i/lenet_w8a8_top_0/inst/logits_read_reg_929_reg[44]/C
                            (rising edge-triggered cell FDRE clocked by clk_fpga_0  {rise@0.000ns fall@5.000ns period=10.000ns})
  Destination:            lenet_system_i/lenet_w8a8_top_0/inst/gmem2_addr_reg_1087_reg[42]/D
                            (rising edge-triggered cell FDRE clocked by clk_fpga_0  {rise@0.000ns fall@5.000ns period=10.000ns})
  Path Group:             clk_fpga_0
  Path Type:              Hold (Min at Fast Process Corner)
  Requirement:            0.000ns  (clk_fpga_0 rise@0.000ns - clk_fpga_0 rise@0.000ns)
  Data Path Delay:        0.351ns  (logic 0.141ns (40.134%)  route 0.210ns (59.866%))
  Logic Levels:           0  
  Clock Path Skew:        0.262ns (DCD - SCD - CPR)
    Destination Clock Delay (DCD):    1.191ns
    Source Clock Delay      (SCD):    0.899ns
    Clock Pessimism Removal (CPR):    0.030ns

    Location             Delay type                Incr(ns)  Path(ns)    Netlist Resource(s)
  -------------------------------------------------------------------    -------------------
                         (clock clk_fpga_0 rise edge)
                                                      0.000     0.000 r  
    PS7_X0Y0             PS7                          0.000     0.000 r  lenet_system_i/processing_system7_0/inst/PS7_i/FCLKCLK[0]
                         net (fo=1, routed)           0.310     0.310    lenet_system_i/processing_system7_0/inst/FCLK_CLK_unbuffered[0]
    BUFGCTRL_X0Y16                                                    r  lenet_system_i/processing_system7_0/inst/buffer_fclk_clk_0.FCLK_CLK_0_BUFG/I
    BUFGCTRL_X0Y16       BUFG (Prop_bufg_I_O)         0.026     0.336 r  lenet_system_i/processing_system7_0/inst/buffer_fclk_clk_0.FCLK_CLK_0_BUFG/O
                         net (fo=12009, routed)       0.563     0.899    lenet_system_i/lenet_w8a8_top_0/inst/ap_clk
    SLICE_X45Y49         FDRE                                         r  lenet_system_i/lenet_w8a8_top_0/inst/logits_read_reg_929_reg[44]/C
  -------------------------------------------------------------------    -------------------
    SLICE_X45Y49         FDRE (Prop_fdre_C_Q)         0.141     1.040 r  lenet_system_i/lenet_w8a8_top_0/inst/logits_read_reg_929_reg[44]/Q
                         net (fo=1, routed)           0.210     1.250    lenet_system_i/lenet_w8a8_top_0/inst/sext_ln120_fu_817_p1[42]
    SLICE_X44Y50         FDRE                                         r  lenet_system_i/lenet_w8a8_top_0/inst/gmem2_addr_reg_1087_reg[42]/D
  -------------------------------------------------------------------    -------------------

                         (clock clk_fpga_0 rise edge)
                                                      0.000     0.000 r  
    PS7_X0Y0             PS7                          0.000     0.000 r  lenet_system_i/processing_system7_0/inst/PS7_i/FCLKCLK[0]
                         net (fo=1, routed)           0.337     0.337    lenet_system_i/processing_system7_0/inst/FCLK_CLK_unbuffered[0]
    BUFGCTRL_X0Y16                                                    r  lenet_system_i/processing_system7_0/inst/buffer_fclk_clk_0.FCLK_CLK_0_BUFG/I
    BUFGCTRL_X0Y16       BUFG (Prop_bufg_I_O)         0.029     0.366 r  lenet_system_i/processing_system7_0/inst/buffer_fclk_clk_0.FCLK_CLK_0_BUFG/O
                         net (fo=12009, routed)       0.825     1.191    lenet_system_i/lenet_w8a8_top_0/inst/ap_clk
    SLICE_X44Y50         FDRE                                         r  lenet_system_i/lenet_w8a8_top_0/inst/gmem2_addr_reg_1087_reg[42]/C
                         clock pessimism             -0.030     1.161    
    SLICE_X44Y50         FDRE (Hold_fdre_C_D)         0.075     1.236    lenet_system_i/lenet_w8a8_top_0/inst/gmem2_addr_reg_1087_reg[42]
  -------------------------------------------------------------------
                         required time                         -1.236    
                         arrival time                           1.250    
  -------------------------------------------------------------------
                         slack                                  0.014    

Slack (MET) :             0.017ns  (arrival time - required time)
  Source:                 lenet_system_i/lenet_w8a8_top_0/inst/logits_read_reg_929_reg[54]/C
                            (rising edge-triggered cell FDRE clocked by clk_fpga_0  {rise@0.000ns fall@5.000ns period=10.000ns})
  Destination:            lenet_system_i/lenet_w8a8_top_0/inst/gmem2_addr_reg_1087_reg[52]/D
                            (rising edge-triggered cell FDRE clocked by clk_fpga_0  {rise@0.000ns fall@5.000ns period=10.000ns})
  Path Group:             clk_fpga_0
  Path Type:              Hold (Min at Fast Process Corner)
  Requirement:            0.000ns  (clk_fpga_0 rise@0.000ns - clk_fpga_0 rise@0.000ns)
  Data Path Delay:        0.351ns  (logic 0.141ns (40.169%)  route 0.210ns (59.831%))
  Logic Levels:           0  
  Clock Path Skew:        0.262ns (DCD - SCD - CPR)
    Destination Clock Delay (DCD):    1.191ns
    Source Clock Delay      (SCD):    0.899ns
    Clock Pessimism Removal (CPR):    0.030ns

    Location             Delay type                Incr(ns)  Path(ns)    Netlist Resource(s)
  -------------------------------------------------------------------    -------------------
                         (clock clk_fpga_0 rise edge)
                                                      0.000     0.000 r  
    PS7_X0Y0             PS7                          0.000     0.000 r  lenet_system_i/processing_system7_0/inst/PS7_i/FCLKCLK[0]
                         net (fo=1, routed)           0.310     0.310    lenet_system_i/processing_system7_0/inst/FCLK_CLK_unbuffered[0]
    BUFGCTRL_X0Y16                                                    r  lenet_system_i/processing_system7_0/inst/buffer_fclk_clk_0.FCLK_CLK_0_BUFG/I
    BUFGCTRL_X0Y16       BUFG (Prop_bufg_I_O)         0.026     0.336 r  lenet_system_i/processing_system7_0/inst/buffer_fclk_clk_0.FCLK_CLK_0_BUFG/O
                         net (fo=12009, routed)       0.563     0.899    lenet_system_i/lenet_w8a8_top_0/inst/ap_clk
    SLICE_X39Y49         FDRE                                         r  lenet_system_i/lenet_w8a8_top_0/inst/logits_read_reg_929_reg[54]/C
  -------------------------------------------------------------------    -------------------
    SLICE_X39Y49         FDRE (Prop_fdre_C_Q)         0.141     1.040 r  lenet_system_i/lenet_w8a8_top_0/inst/logits_read_reg_929_reg[54]/Q
                         net (fo=1, routed)           0.210     1.250    lenet_system_i/lenet_w8a8_top_0/inst/sext_ln120_fu_817_p1[52]
    SLICE_X40Y50         FDRE                                         r  lenet_system_i/lenet_w8a8_top_0/inst/gmem2_addr_reg_1087_reg[52]/D
  -------------------------------------------------------------------    -------------------

                         (clock clk_fpga_0 rise edge)
                                                      0.000     0.000 r  
    PS7_X0Y0             PS7                          0.000     0.000 r  lenet_system_i/processing_system7_0/inst/PS7_i/FCLKCLK[0]
                         net (fo=1, routed)           0.337     0.337    lenet_system_i/processing_system7_0/inst/FCLK_CLK_unbuffered[0]
    BUFGCTRL_X0Y16                                                    r  lenet_system_i/processing_system7_0/inst/buffer_fclk_clk_0.FCLK_CLK_0_BUFG/I
    BUFGCTRL_X0Y16       BUFG (Prop_bufg_I_O)         0.029     0.366 r  lenet_system_i/processing_system7_0/inst/buffer_fclk_clk_0.FCLK_CLK_0_BUFG/O
                         net (fo=12009, routed)       0.825     1.191    lenet_system_i/lenet_w8a8_top_0/inst/ap_clk
    SLICE_X40Y50         FDRE                                         r  lenet_system_i/lenet_w8a8_top_0/inst/gmem2_addr_reg_1087_reg[52]/C
                         clock pessimism             -0.030     1.161    
    SLICE_X40Y50         FDRE (Hold_fdre_C_D)         0.072     1.233    lenet_system_i/lenet_w8a8_top_0/inst/gmem2_addr_reg_1087_reg[52]
  -------------------------------------------------------------------
                         required time                         -1.233    
                         arrival time                           1.250    
  -------------------------------------------------------------------
                         slack                                  0.017    

Slack (MET) :             0.020ns  (arrival time - required time)
  Source:                 lenet_system_i/lenet_w8a8_top_0/inst/gmem0_m_axi_U/load_unit/fifo_rreq/U_fifo_srl/dout_reg[47]/C
                            (rising edge-triggered cell FDRE clocked by clk_fpga_0  {rise@0.000ns fall@5.000ns period=10.000ns})
  Destination:            lenet_system_i/lenet_w8a8_top_0/inst/gmem0_m_axi_U/load_unit/tmp_addr_reg[47]/D
                            (rising edge-triggered cell FDRE clocked by clk_fpga_0  {rise@0.000ns fall@5.000ns period=10.000ns})
  Path Group:             clk_fpga_0
  Path Type:              Hold (Min at Fast Process Corner)
  Requirement:            0.000ns  (clk_fpga_0 rise@0.000ns - clk_fpga_0 rise@0.000ns)
  Data Path Delay:        0.305ns  (logic 0.148ns (48.565%)  route 0.157ns (51.435%))
  Logic Levels:           0  
  Clock Path Skew:        0.265ns (DCD - SCD - CPR)
    Destination Clock Delay (DCD):    1.190ns
    Source Clock Delay      (SCD):    0.890ns
    Clock Pessimism Removal (CPR):    0.035ns

    Location             Delay type                Incr(ns)  Path(ns)    Netlist Resource(s)
  -------------------------------------------------------------------    -------------------
                         (clock clk_fpga_0 rise edge)
                                                      0.000     0.000 r  
    PS7_X0Y0             PS7                          0.000     0.000 r  lenet_system_i/processing_system7_0/inst/PS7_i/FCLKCLK[0]
                         net (fo=1, routed)           0.310     0.310    lenet_system_i/processing_system7_0/inst/FCLK_CLK_unbuffered[0]
    BUFGCTRL_X0Y16                                                    r  lenet_system_i/processing_system7_0/inst/buffer_fclk_clk_0.FCLK_CLK_0_BUFG/I
    BUFGCTRL_X0Y16       BUFG (Prop_bufg_I_O)         0.026     0.336 r  lenet_system_i/processing_system7_0/inst/buffer_fclk_clk_0.FCLK_CLK_0_BUFG/O
                         net (fo=12009, routed)       0.554     0.890    lenet_system_i/lenet_w8a8_top_0/inst/gmem0_m_axi_U/load_unit/fifo_rreq/U_fifo_srl/ap_clk
    SLICE_X50Y36         FDRE                                         r  lenet_system_i/lenet_w8a8_top_0/inst/gmem0_m_axi_U/load_unit/fifo_rreq/U_fifo_srl/dout_reg[47]/C
  -------------------------------------------------------------------    -------------------
    SLICE_X50Y36         FDRE (Prop_fdre_C_Q)         0.148     1.038 r  lenet_system_i/lenet_w8a8_top_0/inst/gmem0_m_axi_U/load_unit/fifo_rreq/U_fifo_srl/dout_reg[47]/Q
                         net (fo=1, routed)           0.157     1.194    lenet_system_i/lenet_w8a8_top_0/inst/gmem0_m_axi_U/load_unit/fifo_rreq_n_23
    SLICE_X49Y36         FDRE                                         r  lenet_system_i/lenet_w8a8_top_0/inst/gmem0_m_axi_U/load_unit/tmp_addr_reg[47]/D
  -------------------------------------------------------------------    -------------------

                         (clock clk_fpga_0 rise edge)
                                                      0.000     0.000 r  
    PS7_X0Y0             PS7                          0.000     0.000 r  lenet_system_i/processing_system7_0/inst/PS7_i/FCLKCLK[0]
                         net (fo=1, routed)           0.337     0.337    lenet_system_i/processing_system7_0/inst/FCLK_CLK_unbuffered[0]
    BUFGCTRL_X0Y16                                                    r  lenet_system_i/processing_system7_0/inst/buffer_fclk_clk_0.FCLK_CLK_0_BUFG/I
    BUFGCTRL_X0Y16       BUFG (Prop_bufg_I_O)         0.029     0.366 r  lenet_system_i/processing_system7_0/inst/buffer_fclk_clk_0.FCLK_CLK_0_BUFG/O
                         net (fo=12009, routed)       0.824     1.190    lenet_system_i/lenet_w8a8_top_0/inst/gmem0_m_axi_U/load_unit/ap_clk
    SLICE_X49Y36         FDRE                                         r  lenet_system_i/lenet_w8a8_top_0/inst/gmem0_m_axi_U/load_unit/tmp_addr_reg[47]/C
                         clock pessimism             -0.035     1.155    
    SLICE_X49Y36         FDRE (Hold_fdre_C_D)         0.019     1.174    lenet_system_i/lenet_w8a8_top_0/inst/gmem0_m_axi_U/load_unit/tmp_addr_reg[47]
  -------------------------------------------------------------------
                         required time                         -1.174    
                         arrival time                           1.194    
  -------------------------------------------------------------------
                         slack                                  0.020    

Slack (MET) :             0.024ns  (arrival time - required time)
  Source:                 lenet_system_i/lenet_w8a8_top_0/inst/logits_read_reg_929_reg[58]/C
                            (rising edge-triggered cell FDRE clocked by clk_fpga_0  {rise@0.000ns fall@5.000ns period=10.000ns})
  Destination:            lenet_system_i/lenet_w8a8_top_0/inst/gmem2_addr_reg_1087_reg[56]/D
                            (rising edge-triggered cell FDRE clocked by clk_fpga_0  {rise@0.000ns fall@5.000ns period=10.000ns})
  Path Group:             clk_fpga_0
  Path Type:              Hold (Min at Fast Process Corner)
  Requirement:            0.000ns  (clk_fpga_0 rise@0.000ns - clk_fpga_0 rise@0.000ns)
  Data Path Delay:        0.308ns  (logic 0.128ns (41.509%)  route 0.180ns (58.491%))
  Logic Levels:           0  
  Clock Path Skew:        0.262ns (DCD - SCD - CPR)
    Destination Clock Delay (DCD):    1.191ns
    Source Clock Delay      (SCD):    0.899ns
    Clock Pessimism Removal (CPR):    0.030ns

    Location             Delay type                Incr(ns)  Path(ns)    Netlist Resource(s)
  -------------------------------------------------------------------    -------------------
                         (clock clk_fpga_0 rise edge)
                                                      0.000     0.000 r  
    PS7_X0Y0             PS7                          0.000     0.000 r  lenet_system_i/processing_system7_0/inst/PS7_i/FCLKCLK[0]
                         net (fo=1, routed)           0.310     0.310    lenet_system_i/processing_system7_0/inst/FCLK_CLK_unbuffered[0]
    BUFGCTRL_X0Y16                                                    r  lenet_system_i/processing_system7_0/inst/buffer_fclk_clk_0.FCLK_CLK_0_BUFG/I
    BUFGCTRL_X0Y16       BUFG (Prop_bufg_I_O)         0.026     0.336 r  lenet_system_i/processing_system7_0/inst/buffer_fclk_clk_0.FCLK_CLK_0_BUFG/O
                         net (fo=12009, routed)       0.563     0.899    lenet_system_i/lenet_w8a8_top_0/inst/ap_clk
    SLICE_X39Y49         FDRE                                         r  lenet_system_i/lenet_w8a8_top_0/inst/logits_read_reg_929_reg[58]/C
  -------------------------------------------------------------------    -------------------
    SLICE_X39Y49         FDRE (Prop_fdre_C_Q)         0.128     1.027 r  lenet_system_i/lenet_w8a8_top_0/inst/logits_read_reg_929_reg[58]/Q
                         net (fo=1, routed)           0.180     1.207    lenet_system_i/lenet_w8a8_top_0/inst/sext_ln120_fu_817_p1[56]
    SLICE_X40Y50         FDRE                                         r  lenet_system_i/lenet_w8a8_top_0/inst/gmem2_addr_reg_1087_reg[56]/D
  -------------------------------------------------------------------    -------------------

                         (clock clk_fpga_0 rise edge)
                                                      0.000     0.000 r  
    PS7_X0Y0             PS7                          0.000     0.000 r  lenet_system_i/processing_system7_0/inst/PS7_i/FCLKCLK[0]
                         net (fo=1, routed)           0.337     0.337    lenet_system_i/processing_system7_0/inst/FCLK_CLK_unbuffered[0]
    BUFGCTRL_X0Y16                                                    r  lenet_system_i/processing_system7_0/inst/buffer_fclk_clk_0.FCLK_CLK_0_BUFG/I
    BUFGCTRL_X0Y16       BUFG (Prop_bufg_I_O)         0.029     0.366 r  lenet_system_i/processing_system7_0/inst/buffer_fclk_clk_0.FCLK_CLK_0_BUFG/O
                         net (fo=12009, routed)       0.825     1.191    lenet_system_i/lenet_w8a8_top_0/inst/ap_clk
    SLICE_X40Y50         FDRE                                         r  lenet_system_i/lenet_w8a8_top_0/inst/gmem2_addr_reg_1087_reg[56]/C
                         clock pessimism             -0.030     1.161    
    SLICE_X40Y50         FDRE (Hold_fdre_C_D)         0.022     1.183    lenet_system_i/lenet_w8a8_top_0/inst/gmem2_addr_reg_1087_reg[56]
  -------------------------------------------------------------------
                         required time                         -1.183    
                         arrival time                           1.207    
  -------------------------------------------------------------------
                         slack                                  0.024    

Slack (MET) :             0.025ns  (arrival time - required time)
  Source:                 lenet_system_i/lenet_w8a8_top_0/inst/gmem0_m_axi_U/load_unit/fifo_rreq/U_fifo_srl/dout_reg[45]/C
                            (rising edge-triggered cell FDRE clocked by clk_fpga_0  {rise@0.000ns fall@5.000ns period=10.000ns})
  Destination:            lenet_system_i/lenet_w8a8_top_0/inst/gmem0_m_axi_U/load_unit/tmp_addr_reg[45]/D
                            (rising edge-triggered cell FDRE clocked by clk_fpga_0  {rise@0.000ns fall@5.000ns period=10.000ns})
  Path Group:             clk_fpga_0
  Path Type:              Hold (Min at Fast Process Corner)
  Requirement:            0.000ns  (clk_fpga_0 rise@0.000ns - clk_fpga_0 rise@0.000ns)
  Data Path Delay:        0.307ns  (logic 0.148ns (48.278%)  route 0.159ns (51.722%))
  Logic Levels:           0  
  Clock Path Skew:        0.265ns (DCD - SCD - CPR)
    Destination Clock Delay (DCD):    1.190ns
    Source Clock Delay      (SCD):    0.890ns
    Clock Pessimism Removal (CPR):    0.035ns

    Location             Delay type                Incr(ns)  Path(ns)    Netlist Resource(s)
  -------------------------------------------------------------------    -------------------
                         (clock clk_fpga_0 rise edge)
                                                      0.000     0.000 r  
    PS7_X0Y0             PS7                          0.000     0.000 r  lenet_system_i/processing_system7_0/inst/PS7_i/FCLKCLK[0]
                         net (fo=1, routed)           0.310     0.310    lenet_system_i/processing_system7_0/inst/FCLK_CLK_unbuffered[0]
    BUFGCTRL_X0Y16                                                    r  lenet_system_i/processing_system7_0/inst/buffer_fclk_clk_0.FCLK_CLK_0_BUFG/I
    BUFGCTRL_X0Y16       BUFG (Prop_bufg_I_O)         0.026     0.336 r  lenet_system_i/processing_system7_0/inst/buffer_fclk_clk_0.FCLK_CLK_0_BUFG/O
                         net (fo=12009, routed)       0.554     0.890    lenet_system_i/lenet_w8a8_top_0/inst/gmem0_m_axi_U/load_unit/fifo_rreq/U_fifo_srl/ap_clk
    SLICE_X50Y36         FDRE                                         r  lenet_system_i/lenet_w8a8_top_0/inst/gmem0_m_axi_U/load_unit/fifo_rreq/U_fifo_srl/dout_reg[45]/C
  -------------------------------------------------------------------    -------------------
    SLICE_X50Y36         FDRE (Prop_fdre_C_Q)         0.148     1.038 r  lenet_system_i/lenet_w8a8_top_0/inst/gmem0_m_axi_U/load_unit/fifo_rreq/U_fifo_srl/dout_reg[45]/Q
                         net (fo=1, routed)           0.159     1.196    lenet_system_i/lenet_w8a8_top_0/inst/gmem0_m_axi_U/load_unit/fifo_rreq_n_25
    SLICE_X49Y36         FDRE                                         r  lenet_system_i/lenet_w8a8_top_0/inst/gmem0_m_axi_U/load_unit/tmp_addr_reg[45]/D
  -------------------------------------------------------------------    -------------------

                         (clock clk_fpga_0 rise edge)
                                                      0.000     0.000 r  
    PS7_X0Y0             PS7                          0.000     0.000 r  lenet_system_i/processing_system7_0/inst/PS7_i/FCLKCLK[0]
                         net (fo=1, routed)           0.337     0.337    lenet_system_i/processing_system7_0/inst/FCLK_CLK_unbuffered[0]
    BUFGCTRL_X0Y16                                                    r  lenet_system_i/processing_system7_0/inst/buffer_fclk_clk_0.FCLK_CLK_0_BUFG/I
    BUFGCTRL_X0Y16       BUFG (Prop_bufg_I_O)         0.029     0.366 r  lenet_system_i/processing_system7_0/inst/buffer_fclk_clk_0.FCLK_CLK_0_BUFG/O
                         net (fo=12009, routed)       0.824     1.190    lenet_system_i/lenet_w8a8_top_0/inst/gmem0_m_axi_U/load_unit/ap_clk
    SLICE_X49Y36         FDRE                                         r  lenet_system_i/lenet_w8a8_top_0/inst/gmem0_m_axi_U/load_unit/tmp_addr_reg[45]/C
                         clock pessimism             -0.035     1.155    
    SLICE_X49Y36         FDRE (Hold_fdre_C_D)         0.016     1.171    lenet_system_i/lenet_w8a8_top_0/inst/gmem0_m_axi_U/load_unit/tmp_addr_reg[45]
  -------------------------------------------------------------------
                         required time                         -1.171    
                         arrival time                           1.196    
  -------------------------------------------------------------------
                         slack                                  0.025    

Slack (MET) :             0.026ns  (arrival time - required time)
  Source:                 lenet_system_i/lenet_w8a8_top_0/inst/gmem0_m_axi_U/load_unit/fifo_rreq/U_fifo_srl/dout_reg[21]/C
                            (rising edge-triggered cell FDRE clocked by clk_fpga_0  {rise@0.000ns fall@5.000ns period=10.000ns})
  Destination:            lenet_system_i/lenet_w8a8_top_0/inst/gmem0_m_axi_U/load_unit/tmp_addr_reg[21]/D
                            (rising edge-triggered cell FDRE clocked by clk_fpga_0  {rise@0.000ns fall@5.000ns period=10.000ns})
  Path Group:             clk_fpga_0
  Path Type:              Hold (Min at Fast Process Corner)
  Requirement:            0.000ns  (clk_fpga_0 rise@0.000ns - clk_fpga_0 rise@0.000ns)
  Data Path Delay:        0.307ns  (logic 0.148ns (48.278%)  route 0.159ns (51.722%))
  Logic Levels:           0  
  Clock Path Skew:        0.264ns (DCD - SCD - CPR)
    Destination Clock Delay (DCD):    1.185ns
    Source Clock Delay      (SCD):    0.886ns
    Clock Pessimism Removal (CPR):    0.035ns

    Location             Delay type                Incr(ns)  Path(ns)    Netlist Resource(s)
  -------------------------------------------------------------------    -------------------
                         (clock clk_fpga_0 rise edge)
                                                      0.000     0.000 r  
    PS7_X0Y0             PS7                          0.000     0.000 r  lenet_system_i/processing_system7_0/inst/PS7_i/FCLKCLK[0]
                         net (fo=1, routed)           0.310     0.310    lenet_system_i/processing_system7_0/inst/FCLK_CLK_unbuffered[0]
    BUFGCTRL_X0Y16                                                    r  lenet_system_i/processing_system7_0/inst/buffer_fclk_clk_0.FCLK_CLK_0_BUFG/I
    BUFGCTRL_X0Y16       BUFG (Prop_bufg_I_O)         0.026     0.336 r  lenet_system_i/processing_system7_0/inst/buffer_fclk_clk_0.FCLK_CLK_0_BUFG/O
                         net (fo=12009, routed)       0.550     0.886    lenet_system_i/lenet_w8a8_top_0/inst/gmem0_m_axi_U/load_unit/fifo_rreq/U_fifo_srl/ap_clk
    SLICE_X50Y30         FDRE                                         r  lenet_system_i/lenet_w8a8_top_0/inst/gmem0_m_axi_U/load_unit/fifo_rreq/U_fifo_srl/dout_reg[21]/C
  -------------------------------------------------------------------    -------------------
    SLICE_X50Y30         FDRE (Prop_fdre_C_Q)         0.148     1.033 r  lenet_system_i/lenet_w8a8_top_0/inst/gmem0_m_axi_U/load_unit/fifo_rreq/U_fifo_srl/dout_reg[21]/Q
                         net (fo=1, routed)           0.159     1.192    lenet_system_i/lenet_w8a8_top_0/inst/gmem0_m_axi_U/load_unit/fifo_rreq_n_49
    SLICE_X49Y30         FDRE                                         r  lenet_system_i/lenet_w8a8_top_0/inst/gmem0_m_axi_U/load_unit/tmp_addr_reg[21]/D
  -------------------------------------------------------------------    -------------------

                         (clock clk_fpga_0 rise edge)
                                                      0.000     0.000 r  
    PS7_X0Y0             PS7                          0.000     0.000 r  lenet_system_i/processing_system7_0/inst/PS7_i/FCLKCLK[0]
                         net (fo=1, routed)           0.337     0.337    lenet_system_i/processing_system7_0/inst/FCLK_CLK_unbuffered[0]
    BUFGCTRL_X0Y16                                                    r  lenet_system_i/processing_system7_0/inst/buffer_fclk_clk_0.FCLK_CLK_0_BUFG/I
    BUFGCTRL_X0Y16       BUFG (Prop_bufg_I_O)         0.029     0.366 r  lenet_system_i/processing_system7_0/inst/buffer_fclk_clk_0.FCLK_CLK_0_BUFG/O
                         net (fo=12009, routed)       0.819     1.185    lenet_system_i/lenet_w8a8_top_0/inst/gmem0_m_axi_U/load_unit/ap_clk
    SLICE_X49Y30         FDRE                                         r  lenet_system_i/lenet_w8a8_top_0/inst/gmem0_m_axi_U/load_unit/tmp_addr_reg[21]/C
                         clock pessimism             -0.035     1.150    
    SLICE_X49Y30         FDRE (Hold_fdre_C_D)         0.016     1.166    lenet_system_i/lenet_w8a8_top_0/inst/gmem0_m_axi_U/load_unit/tmp_addr_reg[21]
  -------------------------------------------------------------------
                         required time                         -1.166    
                         arrival time                           1.192    
  -------------------------------------------------------------------
                         slack                                  0.026    

Slack (MET) :             0.027ns  (arrival time - required time)
  Source:                 lenet_system_i/lenet_w8a8_top_0/inst/gmem0_m_axi_U/load_unit/fifo_rreq/U_fifo_srl/dout_reg[44]/C
                            (rising edge-triggered cell FDRE clocked by clk_fpga_0  {rise@0.000ns fall@5.000ns period=10.000ns})
  Destination:            lenet_system_i/lenet_w8a8_top_0/inst/gmem0_m_axi_U/load_unit/tmp_addr_reg[44]/D
                            (rising edge-triggered cell FDRE clocked by clk_fpga_0  {rise@0.000ns fall@5.000ns period=10.000ns})
  Path Group:             clk_fpga_0
  Path Type:              Hold (Min at Fast Process Corner)
  Requirement:            0.000ns  (clk_fpga_0 rise@0.000ns - clk_fpga_0 rise@0.000ns)
  Data Path Delay:        0.306ns  (logic 0.148ns (48.326%)  route 0.158ns (51.674%))
  Logic Levels:           0  
  Clock Path Skew:        0.266ns (DCD - SCD - CPR)
    Destination Clock Delay (DCD):    1.191ns
    Source Clock Delay      (SCD):    0.890ns
    Clock Pessimism Removal (CPR):    0.035ns

    Location             Delay type                Incr(ns)  Path(ns)    Netlist Resource(s)
  -------------------------------------------------------------------    -------------------
                         (clock clk_fpga_0 rise edge)
                                                      0.000     0.000 r  
    PS7_X0Y0             PS7                          0.000     0.000 r  lenet_system_i/processing_system7_0/inst/PS7_i/FCLKCLK[0]
                         net (fo=1, routed)           0.310     0.310    lenet_system_i/processing_system7_0/inst/FCLK_CLK_unbuffered[0]
    BUFGCTRL_X0Y16                                                    r  lenet_system_i/processing_system7_0/inst/buffer_fclk_clk_0.FCLK_CLK_0_BUFG/I
    BUFGCTRL_X0Y16       BUFG (Prop_bufg_I_O)         0.026     0.336 r  lenet_system_i/processing_system7_0/inst/buffer_fclk_clk_0.FCLK_CLK_0_BUFG/O
                         net (fo=12009, routed)       0.554     0.890    lenet_system_i/lenet_w8a8_top_0/inst/gmem0_m_axi_U/load_unit/fifo_rreq/U_fifo_srl/ap_clk
    SLICE_X50Y36         FDRE                                         r  lenet_system_i/lenet_w8a8_top_0/inst/gmem0_m_axi_U/load_unit/fifo_rreq/U_fifo_srl/dout_reg[44]/C
  -------------------------------------------------------------------    -------------------
    SLICE_X50Y36         FDRE (Prop_fdre_C_Q)         0.148     1.038 r  lenet_system_i/lenet_w8a8_top_0/inst/gmem0_m_axi_U/load_unit/fifo_rreq/U_fifo_srl/dout_reg[44]/Q
                         net (fo=1, routed)           0.158     1.196    lenet_system_i/lenet_w8a8_top_0/inst/gmem0_m_axi_U/load_unit/fifo_rreq_n_26
    SLICE_X49Y37         FDRE                                         r  lenet_system_i/lenet_w8a8_top_0/inst/gmem0_m_axi_U/load_unit/tmp_addr_reg[44]/D
  -------------------------------------------------------------------    -------------------

                         (clock clk_fpga_0 rise edge)
                                                      0.000     0.000 r  
    PS7_X0Y0             PS7                          0.000     0.000 r  lenet_system_i/processing_system7_0/inst/PS7_i/FCLKCLK[0]
                         net (fo=1, routed)           0.337     0.337    lenet_system_i/processing_system7_0/inst/FCLK_CLK_unbuffered[0]
    BUFGCTRL_X0Y16                                                    r  lenet_system_i/processing_system7_0/inst/buffer_fclk_clk_0.FCLK_CLK_0_BUFG/I
    BUFGCTRL_X0Y16       BUFG (Prop_bufg_I_O)         0.029     0.366 r  lenet_system_i/processing_system7_0/inst/buffer_fclk_clk_0.FCLK_CLK_0_BUFG/O
                         net (fo=12009, routed)       0.825     1.191    lenet_system_i/lenet_w8a8_top_0/inst/gmem0_m_axi_U/load_unit/ap_clk
    SLICE_X49Y37         FDRE                                         r  lenet_system_i/lenet_w8a8_top_0/inst/gmem0_m_axi_U/load_unit/tmp_addr_reg[44]/C
                         clock pessimism             -0.035     1.156    
    SLICE_X49Y37         FDRE (Hold_fdre_C_D)         0.013     1.169    lenet_system_i/lenet_w8a8_top_0/inst/gmem0_m_axi_U/load_unit/tmp_addr_reg[44]
  -------------------------------------------------------------------
                         required time                         -1.169    
                         arrival time                           1.196    
  -------------------------------------------------------------------
                         slack                                  0.027    

Slack (MET) :             0.028ns  (arrival time - required time)
  Source:                 lenet_system_i/lenet_w8a8_top_0/inst/gmem2_addr_reg_1087_reg[45]/C
                            (rising edge-triggered cell FDRE clocked by clk_fpga_0  {rise@0.000ns fall@5.000ns period=10.000ns})
  Destination:            lenet_system_i/lenet_w8a8_top_0/inst/gmem2_m_axi_U/store_unit/fifo_wreq/U_fifo_srl/mem_reg[3][45]_srl4/D
                            (rising edge-triggered cell SRL16E clocked by clk_fpga_0  {rise@0.000ns fall@5.000ns period=10.000ns})
  Path Group:             clk_fpga_0
  Path Type:              Hold (Min at Fast Process Corner)
  Requirement:            0.000ns  (clk_fpga_0 rise@0.000ns - clk_fpga_0 rise@0.000ns)
  Data Path Delay:        0.353ns  (logic 0.128ns (36.305%)  route 0.225ns (63.695%))
  Logic Levels:           0  
  Clock Path Skew:        0.262ns (DCD - SCD - CPR)
    Destination Clock Delay (DCD):    1.191ns
    Source Clock Delay      (SCD):    0.899ns
    Clock Pessimism Removal (CPR):    0.030ns

    Location             Delay type                Incr(ns)  Path(ns)    Netlist Resource(s)
  -------------------------------------------------------------------    -------------------
                         (clock clk_fpga_0 rise edge)
                                                      0.000     0.000 r  
    PS7_X0Y0             PS7                          0.000     0.000 r  lenet_system_i/processing_system7_0/inst/PS7_i/FCLKCLK[0]
                         net (fo=1, routed)           0.310     0.310    lenet_system_i/processing_system7_0/inst/FCLK_CLK_unbuffered[0]
    BUFGCTRL_X0Y16                                                    r  lenet_system_i/processing_system7_0/inst/buffer_fclk_clk_0.FCLK_CLK_0_BUFG/I
    BUFGCTRL_X0Y16       BUFG (Prop_bufg_I_O)         0.026     0.336 r  lenet_system_i/processing_system7_0/inst/buffer_fclk_clk_0.FCLK_CLK_0_BUFG/O
                         net (fo=12009, routed)       0.563     0.899    lenet_system_i/lenet_w8a8_top_0/inst/ap_clk
    SLICE_X44Y48         FDRE                                         r  lenet_system_i/lenet_w8a8_top_0/inst/gmem2_addr_reg_1087_reg[45]/C
  -------------------------------------------------------------------    -------------------
    SLICE_X44Y48         FDRE (Prop_fdre_C_Q)         0.128     1.027 r  lenet_system_i/lenet_w8a8_top_0/inst/gmem2_addr_reg_1087_reg[45]/Q
                         net (fo=1, routed)           0.225     1.251    lenet_system_i/lenet_w8a8_top_0/inst/gmem2_m_axi_U/store_unit/fifo_wreq/U_fifo_srl/dout_reg[61]_0[45]
    SLICE_X46Y51         SRL16E                                       r  lenet_system_i/lenet_w8a8_top_0/inst/gmem2_m_axi_U/store_unit/fifo_wreq/U_fifo_srl/mem_reg[3][45]_srl4/D
  -------------------------------------------------------------------    -------------------

                         (clock clk_fpga_0 rise edge)
                                                      0.000     0.000 r  
    PS7_X0Y0             PS7                          0.000     0.000 r  lenet_system_i/processing_system7_0/inst/PS7_i/FCLKCLK[0]
                         net (fo=1, routed)           0.337     0.337    lenet_system_i/processing_system7_0/inst/FCLK_CLK_unbuffered[0]
    BUFGCTRL_X0Y16                                                    r  lenet_system_i/processing_system7_0/inst/buffer_fclk_clk_0.FCLK_CLK_0_BUFG/I
    BUFGCTRL_X0Y16       BUFG (Prop_bufg_I_O)         0.029     0.366 r  lenet_system_i/processing_system7_0/inst/buffer_fclk_clk_0.FCLK_CLK_0_BUFG/O
                         net (fo=12009, routed)       0.825     1.191    lenet_system_i/lenet_w8a8_top_0/inst/gmem2_m_axi_U/store_unit/fifo_wreq/U_fifo_srl/ap_clk
    SLICE_X46Y51         SRL16E                                       r  lenet_system_i/lenet_w8a8_top_0/inst/gmem2_m_axi_U/store_unit/fifo_wreq/U_fifo_srl/mem_reg[3][45]_srl4/CLK
                         clock pessimism             -0.030     1.161    
    SLICE_X46Y51         SRL16E (Hold_srl16e_CLK_D)
                                                      0.062     1.223    lenet_system_i/lenet_w8a8_top_0/inst/gmem2_m_axi_U/store_unit/fifo_wreq/U_fifo_srl/mem_reg[3][45]_srl4
  -------------------------------------------------------------------
                         required time                         -1.223    
                         arrival time                           1.251    
  -------------------------------------------------------------------
                         slack                                  0.028    

Slack (MET) :             0.029ns  (arrival time - required time)
  Source:                 lenet_system_i/lenet_w8a8_top_0/inst/gmem0_m_axi_U/load_unit/fifo_rreq/U_fifo_srl/dout_reg[20]/C
                            (rising edge-triggered cell FDRE clocked by clk_fpga_0  {rise@0.000ns fall@5.000ns period=10.000ns})
  Destination:            lenet_system_i/lenet_w8a8_top_0/inst/gmem0_m_axi_U/load_unit/tmp_addr_reg[20]/D
                            (rising edge-triggered cell FDRE clocked by clk_fpga_0  {rise@0.000ns fall@5.000ns period=10.000ns})
  Path Group:             clk_fpga_0
  Path Type:              Hold (Min at Fast Process Corner)
  Requirement:            0.000ns  (clk_fpga_0 rise@0.000ns - clk_fpga_0 rise@0.000ns)
  Data Path Delay:        0.306ns  (logic 0.148ns (48.366%)  route 0.158ns (51.634%))
  Logic Levels:           0  
  Clock Path Skew:        0.264ns (DCD - SCD - CPR)
    Destination Clock Delay (DCD):    1.185ns
    Source Clock Delay      (SCD):    0.886ns
    Clock Pessimism Removal (CPR):    0.035ns

    Location             Delay type                Incr(ns)  Path(ns)    Netlist Resource(s)
  -------------------------------------------------------------------    -------------------
                         (clock clk_fpga_0 rise edge)
                                                      0.000     0.000 r  
    PS7_X0Y0             PS7                          0.000     0.000 r  lenet_system_i/processing_system7_0/inst/PS7_i/FCLKCLK[0]
                         net (fo=1, routed)           0.310     0.310    lenet_system_i/processing_system7_0/inst/FCLK_CLK_unbuffered[0]
    BUFGCTRL_X0Y16                                                    r  lenet_system_i/processing_system7_0/inst/buffer_fclk_clk_0.FCLK_CLK_0_BUFG/I
    BUFGCTRL_X0Y16       BUFG (Prop_bufg_I_O)         0.026     0.336 r  lenet_system_i/processing_system7_0/inst/buffer_fclk_clk_0.FCLK_CLK_0_BUFG/O
                         net (fo=12009, routed)       0.550     0.886    lenet_system_i/lenet_w8a8_top_0/inst/gmem0_m_axi_U/load_unit/fifo_rreq/U_fifo_srl/ap_clk
    SLICE_X50Y30         FDRE                                         r  lenet_system_i/lenet_w8a8_top_0/inst/gmem0_m_axi_U/load_unit/fifo_rreq/U_fifo_srl/dout_reg[20]/C
  -------------------------------------------------------------------    -------------------
    SLICE_X50Y30         FDRE (Prop_fdre_C_Q)         0.148     1.033 r  lenet_system_i/lenet_w8a8_top_0/inst/gmem0_m_axi_U/load_unit/fifo_rreq/U_fifo_srl/dout_reg[20]/Q
                         net (fo=1, routed)           0.158     1.192    lenet_system_i/lenet_w8a8_top_0/inst/gmem0_m_axi_U/load_unit/fifo_rreq_n_50
    SLICE_X49Y30         FDRE                                         r  lenet_system_i/lenet_w8a8_top_0/inst/gmem0_m_axi_U/load_unit/tmp_addr_reg[20]/D
  -------------------------------------------------------------------    -------------------

                         (clock clk_fpga_0 rise edge)
                                                      0.000     0.000 r  
    PS7_X0Y0             PS7                          0.000     0.000 r  lenet_system_i/processing_system7_0/inst/PS7_i/FCLKCLK[0]
                         net (fo=1, routed)           0.337     0.337    lenet_system_i/processing_system7_0/inst/FCLK_CLK_unbuffered[0]
    BUFGCTRL_X0Y16                                                    r  lenet_system_i/processing_system7_0/inst/buffer_fclk_clk_0.FCLK_CLK_0_BUFG/I
    BUFGCTRL_X0Y16       BUFG (Prop_bufg_I_O)         0.029     0.366 r  lenet_system_i/processing_system7_0/inst/buffer_fclk_clk_0.FCLK_CLK_0_BUFG/O
                         net (fo=12009, routed)       0.819     1.185    lenet_system_i/lenet_w8a8_top_0/inst/gmem0_m_axi_U/load_unit/ap_clk
    SLICE_X49Y30         FDRE                                         r  lenet_system_i/lenet_w8a8_top_0/inst/gmem0_m_axi_U/load_unit/tmp_addr_reg[20]/C
                         clock pessimism             -0.035     1.150    
    SLICE_X49Y30         FDRE (Hold_fdre_C_D)         0.013     1.163    lenet_system_i/lenet_w8a8_top_0/inst/gmem0_m_axi_U/load_unit/tmp_addr_reg[20]
  -------------------------------------------------------------------
                         required time                         -1.163    
                         arrival time                           1.192    
  -------------------------------------------------------------------
                         slack                                  0.029    

Slack (MET) :             0.032ns  (arrival time - required time)
  Source:                 lenet_system_i/lenet_w8a8_top_0/inst/logits_read_reg_929_reg[46]/C
                            (rising edge-triggered cell FDRE clocked by clk_fpga_0  {rise@0.000ns fall@5.000ns period=10.000ns})
  Destination:            lenet_system_i/lenet_w8a8_top_0/inst/gmem2_addr_reg_1087_reg[44]/D
                            (rising edge-triggered cell FDRE clocked by clk_fpga_0  {rise@0.000ns fall@5.000ns period=10.000ns})
  Path Group:             clk_fpga_0
  Path Type:              Hold (Min at Fast Process Corner)
  Requirement:            0.000ns  (clk_fpga_0 rise@0.000ns - clk_fpga_0 rise@0.000ns)
  Data Path Delay:        0.370ns  (logic 0.141ns (38.116%)  route 0.229ns (61.884%))
  Logic Levels:           0  
  Clock Path Skew:        0.262ns (DCD - SCD - CPR)
    Destination Clock Delay (DCD):    1.191ns
    Source Clock Delay      (SCD):    0.899ns
    Clock Pessimism Removal (CPR):    0.030ns

    Location             Delay type                Incr(ns)  Path(ns)    Netlist Resource(s)
  -------------------------------------------------------------------    -------------------
                         (clock clk_fpga_0 rise edge)
                                                      0.000     0.000 r  
    PS7_X0Y0             PS7                          0.000     0.000 r  lenet_system_i/processing_system7_0/inst/PS7_i/FCLKCLK[0]
                         net (fo=1, routed)           0.310     0.310    lenet_system_i/processing_system7_0/inst/FCLK_CLK_unbuffered[0]
    BUFGCTRL_X0Y16                                                    r  lenet_system_i/processing_system7_0/inst/buffer_fclk_clk_0.FCLK_CLK_0_BUFG/I
    BUFGCTRL_X0Y16       BUFG (Prop_bufg_I_O)         0.026     0.336 r  lenet_system_i/processing_system7_0/inst/buffer_fclk_clk_0.FCLK_CLK_0_BUFG/O
                         net (fo=12009, routed)       0.563     0.899    lenet_system_i/lenet_w8a8_top_0/inst/ap_clk
    SLICE_X44Y49         FDRE                                         r  lenet_system_i/lenet_w8a8_top_0/inst/logits_read_reg_929_reg[46]/C
  -------------------------------------------------------------------    -------------------
    SLICE_X44Y49         FDRE (Prop_fdre_C_Q)         0.141     1.040 r  lenet_system_i/lenet_w8a8_top_0/inst/logits_read_reg_929_reg[46]/Q
                         net (fo=1, routed)           0.229     1.268    lenet_system_i/lenet_w8a8_top_0/inst/sext_ln120_fu_817_p1[44]
    SLICE_X44Y50         FDRE                                         r  lenet_system_i/lenet_w8a8_top_0/inst/gmem2_addr_reg_1087_reg[44]/D
  -------------------------------------------------------------------    -------------------

                         (clock clk_fpga_0 rise edge)
                                                      0.000     0.000 r  
    PS7_X0Y0             PS7                          0.000     0.000 r  lenet_system_i/processing_system7_0/inst/PS7_i/FCLKCLK[0]
                         net (fo=1, routed)           0.337     0.337    lenet_system_i/processing_system7_0/inst/FCLK_CLK_unbuffered[0]
    BUFGCTRL_X0Y16                                                    r  lenet_system_i/processing_system7_0/inst/buffer_fclk_clk_0.FCLK_CLK_0_BUFG/I
    BUFGCTRL_X0Y16       BUFG (Prop_bufg_I_O)         0.029     0.366 r  lenet_system_i/processing_system7_0/inst/buffer_fclk_clk_0.FCLK_CLK_0_BUFG/O
                         net (fo=12009, routed)       0.825     1.191    lenet_system_i/lenet_w8a8_top_0/inst/ap_clk
    SLICE_X44Y50         FDRE                                         r  lenet_system_i/lenet_w8a8_top_0/inst/gmem2_addr_reg_1087_reg[44]/C
                         clock pessimism             -0.030     1.161    
    SLICE_X44Y50         FDRE (Hold_fdre_C_D)         0.076     1.237    lenet_system_i/lenet_w8a8_top_0/inst/gmem2_addr_reg_1087_reg[44]
  -------------------------------------------------------------------
                         required time                         -1.237    
                         arrival time                           1.268    
  -------------------------------------------------------------------
                         slack                                  0.032    

Slack (MET) :             0.035ns  (arrival time - required time)
  Source:                 lenet_system_i/lenet_w8a8_top_0/inst/gmem2_m_axi_U/bus_write/wreq_throttle/req_fifo/U_fifo_srl/dout_reg[6]/C
                            (rising edge-triggered cell FDRE clocked by clk_fpga_0  {rise@0.000ns fall@5.000ns period=10.000ns})
  Destination:            lenet_system_i/lenet_w8a8_top_0/inst/gmem2_m_axi_U/bus_write/wreq_throttle/rs_req/data_p2_reg[6]/D
                            (rising edge-triggered cell FDRE clocked by clk_fpga_0  {rise@0.000ns fall@5.000ns period=10.000ns})
  Path Group:             clk_fpga_0
  Path Type:              Hold (Min at Fast Process Corner)
  Requirement:            0.000ns  (clk_fpga_0 rise@0.000ns - clk_fpga_0 rise@0.000ns)
  Data Path Delay:        0.315ns  (logic 0.148ns (46.914%)  route 0.167ns (53.086%))
  Logic Levels:           0  
  Clock Path Skew:        0.267ns (DCD - SCD - CPR)
    Destination Clock Delay (DCD):    1.190ns
    Source Clock Delay      (SCD):    0.888ns
    Clock Pessimism Removal (CPR):    0.035ns

    Location             Delay type                Incr(ns)  Path(ns)    Netlist Resource(s)
  -------------------------------------------------------------------    -------------------
                         (clock clk_fpga_0 rise edge)
                                                      0.000     0.000 r  
    PS7_X0Y0             PS7                          0.000     0.000 r  lenet_system_i/processing_system7_0/inst/PS7_i/FCLKCLK[0]
                         net (fo=1, routed)           0.310     0.310    lenet_system_i/processing_system7_0/inst/FCLK_CLK_unbuffered[0]
    BUFGCTRL_X0Y16                                                    r  lenet_system_i/processing_system7_0/inst/buffer_fclk_clk_0.FCLK_CLK_0_BUFG/I
    BUFGCTRL_X0Y16       BUFG (Prop_bufg_I_O)         0.026     0.336 r  lenet_system_i/processing_system7_0/inst/buffer_fclk_clk_0.FCLK_CLK_0_BUFG/O
                         net (fo=12009, routed)       0.552     0.888    lenet_system_i/lenet_w8a8_top_0/inst/gmem2_m_axi_U/bus_write/wreq_throttle/req_fifo/U_fifo_srl/ap_clk
    SLICE_X50Y55         FDRE                                         r  lenet_system_i/lenet_w8a8_top_0/inst/gmem2_m_axi_U/bus_write/wreq_throttle/req_fifo/U_fifo_srl/dout_reg[6]/C
  -------------------------------------------------------------------    -------------------
    SLICE_X50Y55         FDRE (Prop_fdre_C_Q)         0.148     1.036 r  lenet_system_i/lenet_w8a8_top_0/inst/gmem2_m_axi_U/bus_write/wreq_throttle/req_fifo/U_fifo_srl/dout_reg[6]/Q
                         net (fo=2, routed)           0.167     1.203    lenet_system_i/lenet_w8a8_top_0/inst/gmem2_m_axi_U/bus_write/wreq_throttle/rs_req/D[4]
    SLICE_X49Y56         FDRE                                         r  lenet_system_i/lenet_w8a8_top_0/inst/gmem2_m_axi_U/bus_write/wreq_throttle/rs_req/data_p2_reg[6]/D
  -------------------------------------------------------------------    -------------------

                         (clock clk_fpga_0 rise edge)
                                                      0.000     0.000 r  
    PS7_X0Y0             PS7                          0.000     0.000 r  lenet_system_i/processing_system7_0/inst/PS7_i/FCLKCLK[0]
                         net (fo=1, routed)           0.337     0.337    lenet_system_i/processing_system7_0/inst/FCLK_CLK_unbuffered[0]
    BUFGCTRL_X0Y16                                                    r  lenet_system_i/processing_system7_0/inst/buffer_fclk_clk_0.FCLK_CLK_0_BUFG/I
    BUFGCTRL_X0Y16       BUFG (Prop_bufg_I_O)         0.029     0.366 r  lenet_system_i/processing_system7_0/inst/buffer_fclk_clk_0.FCLK_CLK_0_BUFG/O
                         net (fo=12009, routed)       0.824     1.190    lenet_system_i/lenet_w8a8_top_0/inst/gmem2_m_axi_U/bus_write/wreq_throttle/rs_req/ap_clk
    SLICE_X49Y56         FDRE                                         r  lenet_system_i/lenet_w8a8_top_0/inst/gmem2_m_axi_U/bus_write/wreq_throttle/rs_req/data_p2_reg[6]/C
                         clock pessimism             -0.035     1.155    
    SLICE_X49Y56         FDRE (Hold_fdre_C_D)         0.013     1.168    lenet_system_i/lenet_w8a8_top_0/inst/gmem2_m_axi_U/bus_write/wreq_throttle/rs_req/data_p2_reg[6]
  -------------------------------------------------------------------
                         required time                         -1.168    
                         arrival time                           1.203    
  -------------------------------------------------------------------
                         slack                                  0.035    

Slack (MET) :             0.035ns  (arrival time - required time)
  Source:                 lenet_system_i/lenet_w8a8_top_0/inst/grp_lenet_w8a8_top_Pipeline_REQUANT_VECTOR3_fu_396/select_ln1039_1_reg_290_reg[4]/C
                            (rising edge-triggered cell FDRE clocked by clk_fpga_0  {rise@0.000ns fall@5.000ns period=10.000ns})
  Destination:            lenet_system_i/lenet_w8a8_top_0/inst/fc1_relu_V_U/ram_reg/DIADI[4]
                            (rising edge-triggered cell RAMB18E1 clocked by clk_fpga_0  {rise@0.000ns fall@5.000ns period=10.000ns})
  Path Group:             clk_fpga_0
  Path Type:              Hold (Min at Fast Process Corner)
  Requirement:            0.000ns  (clk_fpga_0 rise@0.000ns - clk_fpga_0 rise@0.000ns)
  Data Path Delay:        0.248ns  (logic 0.141ns (56.898%)  route 0.107ns (43.102%))
  Logic Levels:           0  
  Clock Path Skew:        0.057ns (DCD - SCD - CPR)
    Destination Clock Delay (DCD):    1.264ns
    Source Clock Delay      (SCD):    0.924ns
    Clock Pessimism Removal (CPR):    0.283ns

    Location             Delay type                Incr(ns)  Path(ns)    Netlist Resource(s)
  -------------------------------------------------------------------    -------------------
                         (clock clk_fpga_0 rise edge)
                                                      0.000     0.000 r  
    PS7_X0Y0             PS7                          0.000     0.000 r  lenet_system_i/processing_system7_0/inst/PS7_i/FCLKCLK[0]
                         net (fo=1, routed)           0.310     0.310    lenet_system_i/processing_system7_0/inst/FCLK_CLK_unbuffered[0]
    BUFGCTRL_X0Y16                                                    r  lenet_system_i/processing_system7_0/inst/buffer_fclk_clk_0.FCLK_CLK_0_BUFG/I
    BUFGCTRL_X0Y16       BUFG (Prop_bufg_I_O)         0.026     0.336 r  lenet_system_i/processing_system7_0/inst/buffer_fclk_clk_0.FCLK_CLK_0_BUFG/O
                         net (fo=12009, routed)       0.588     0.924    lenet_system_i/lenet_w8a8_top_0/inst/grp_lenet_w8a8_top_Pipeline_REQUANT_VECTOR3_fu_396/ap_clk
    SLICE_X9Y19          FDRE                                         r  lenet_system_i/lenet_w8a8_top_0/inst/grp_lenet_w8a8_top_Pipeline_REQUANT_VECTOR3_fu_396/select_ln1039_1_reg_290_reg[4]/C
  -------------------------------------------------------------------    -------------------
    SLICE_X9Y19          FDRE (Prop_fdre_C_Q)         0.141     1.065 r  lenet_system_i/lenet_w8a8_top_0/inst/grp_lenet_w8a8_top_Pipeline_REQUANT_VECTOR3_fu_396/select_ln1039_1_reg_290_reg[4]/Q
                         net (fo=1, routed)           0.107     1.171    lenet_system_i/lenet_w8a8_top_0/inst/fc1_relu_V_U/Q[4]
    RAMB18_X0Y7          RAMB18E1                                     r  lenet_system_i/lenet_w8a8_top_0/inst/fc1_relu_V_U/ram_reg/DIADI[4]
  -------------------------------------------------------------------    -------------------

                         (clock clk_fpga_0 rise edge)
                                                      0.000     0.000 r  
    PS7_X0Y0             PS7                          0.000     0.000 r  lenet_system_i/processing_system7_0/inst/PS7_i/FCLKCLK[0]
                         net (fo=1, routed)           0.337     0.337    lenet_system_i/processing_system7_0/inst/FCLK_CLK_unbuffered[0]
    BUFGCTRL_X0Y16                                                    r  lenet_system_i/processing_system7_0/inst/buffer_fclk_clk_0.FCLK_CLK_0_BUFG/I
    BUFGCTRL_X0Y16       BUFG (Prop_bufg_I_O)         0.029     0.366 r  lenet_system_i/processing_system7_0/inst/buffer_fclk_clk_0.FCLK_CLK_0_BUFG/O
                         net (fo=12009, routed)       0.898     1.264    lenet_system_i/lenet_w8a8_top_0/inst/fc1_relu_V_U/ap_clk
    RAMB18_X0Y7          RAMB18E1                                     r  lenet_system_i/lenet_w8a8_top_0/inst/fc1_relu_V_U/ram_reg/CLKARDCLK
                         clock pessimism             -0.283     0.981    
    RAMB18_X0Y7          RAMB18E1 (Hold_ramb18e1_CLKARDCLK_DIADI[4])
                                                      0.155     1.136    lenet_system_i/lenet_w8a8_top_0/inst/fc1_relu_V_U/ram_reg
  -------------------------------------------------------------------
                         required time                         -1.136    
                         arrival time                           1.171    
  -------------------------------------------------------------------
                         slack                                  0.035    

Slack (MET) :             0.035ns  (arrival time - required time)
  Source:                 lenet_system_i/lenet_w8a8_top_0/inst/grp_lenet_w8a8_top_Pipeline_REQUANT_VECTOR3_fu_396/select_ln1039_1_reg_290_reg[5]/C
                            (rising edge-triggered cell FDRE clocked by clk_fpga_0  {rise@0.000ns fall@5.000ns period=10.000ns})
  Destination:            lenet_system_i/lenet_w8a8_top_0/inst/fc1_relu_V_U/ram_reg/DIADI[5]
                            (rising edge-triggered cell RAMB18E1 clocked by clk_fpga_0  {rise@0.000ns fall@5.000ns period=10.000ns})
  Path Group:             clk_fpga_0
  Path Type:              Hold (Min at Fast Process Corner)
  Requirement:            0.000ns  (clk_fpga_0 rise@0.000ns - clk_fpga_0 rise@0.000ns)
  Data Path Delay:        0.248ns  (logic 0.141ns (56.898%)  route 0.107ns (43.102%))
  Logic Levels:           0  
  Clock Path Skew:        0.057ns (DCD - SCD - CPR)
    Destination Clock Delay (DCD):    1.264ns
    Source Clock Delay      (SCD):    0.924ns
    Clock Pessimism Removal (CPR):    0.283ns

    Location             Delay type                Incr(ns)  Path(ns)    Netlist Resource(s)
  -------------------------------------------------------------------    -------------------
                         (clock clk_fpga_0 rise edge)
                                                      0.000     0.000 r  
    PS7_X0Y0             PS7                          0.000     0.000 r  lenet_system_i/processing_system7_0/inst/PS7_i/FCLKCLK[0]
                         net (fo=1, routed)           0.310     0.310    lenet_system_i/processing_system7_0/inst/FCLK_CLK_unbuffered[0]
    BUFGCTRL_X0Y16                                                    r  lenet_system_i/processing_system7_0/inst/buffer_fclk_clk_0.FCLK_CLK_0_BUFG/I
    BUFGCTRL_X0Y16       BUFG (Prop_bufg_I_O)         0.026     0.336 r  lenet_system_i/processing_system7_0/inst/buffer_fclk_clk_0.FCLK_CLK_0_BUFG/O
                         net (fo=12009, routed)       0.588     0.924    lenet_system_i/lenet_w8a8_top_0/inst/grp_lenet_w8a8_top_Pipeline_REQUANT_VECTOR3_fu_396/ap_clk
    SLICE_X9Y19          FDRE                                         r  lenet_system_i/lenet_w8a8_top_0/inst/grp_lenet_w8a8_top_Pipeline_REQUANT_VECTOR3_fu_396/select_ln1039_1_reg_290_reg[5]/C
  -------------------------------------------------------------------    -------------------
    SLICE_X9Y19          FDRE (Prop_fdre_C_Q)         0.141     1.065 r  lenet_system_i/lenet_w8a8_top_0/inst/grp_lenet_w8a8_top_Pipeline_REQUANT_VECTOR3_fu_396/select_ln1039_1_reg_290_reg[5]/Q
                         net (fo=1, routed)           0.107     1.171    lenet_system_i/lenet_w8a8_top_0/inst/fc1_relu_V_U/Q[5]
    RAMB18_X0Y7          RAMB18E1                                     r  lenet_system_i/lenet_w8a8_top_0/inst/fc1_relu_V_U/ram_reg/DIADI[5]
  -------------------------------------------------------------------    -------------------

                         (clock clk_fpga_0 rise edge)
                                                      0.000     0.000 r  
    PS7_X0Y0             PS7                          0.000     0.000 r  lenet_system_i/processing_system7_0/inst/PS7_i/FCLKCLK[0]
                         net (fo=1, routed)           0.337     0.337    lenet_system_i/processing_system7_0/inst/FCLK_CLK_unbuffered[0]
    BUFGCTRL_X0Y16                                                    r  lenet_system_i/processing_system7_0/inst/buffer_fclk_clk_0.FCLK_CLK_0_BUFG/I
    BUFGCTRL_X0Y16       BUFG (Prop_bufg_I_O)         0.029     0.366 r  lenet_system_i/processing_system7_0/inst/buffer_fclk_clk_0.FCLK_CLK_0_BUFG/O
                         net (fo=12009, routed)       0.898     1.264    lenet_system_i/lenet_w8a8_top_0/inst/fc1_relu_V_U/ap_clk
    RAMB18_X0Y7          RAMB18E1                                     r  lenet_system_i/lenet_w8a8_top_0/inst/fc1_relu_V_U/ram_reg/CLKARDCLK
                         clock pessimism             -0.283     0.981    
    RAMB18_X0Y7          RAMB18E1 (Hold_ramb18e1_CLKARDCLK_DIADI[5])
                                                      0.155     1.136    lenet_system_i/lenet_w8a8_top_0/inst/fc1_relu_V_U/ram_reg
  -------------------------------------------------------------------
                         required time                         -1.136    
                         arrival time                           1.171    
  -------------------------------------------------------------------
                         slack                                  0.035    

Slack (MET) :             0.035ns  (arrival time - required time)
  Source:                 lenet_system_i/lenet_w8a8_top_0/inst/grp_lenet_w8a8_top_Pipeline_REQUANT_VECTOR3_fu_396/select_ln1039_1_reg_290_reg[6]/C
                            (rising edge-triggered cell FDRE clocked by clk_fpga_0  {rise@0.000ns fall@5.000ns period=10.000ns})
  Destination:            lenet_system_i/lenet_w8a8_top_0/inst/fc1_relu_V_U/ram_reg/DIADI[6]
                            (rising edge-triggered cell RAMB18E1 clocked by clk_fpga_0  {rise@0.000ns fall@5.000ns period=10.000ns})
  Path Group:             clk_fpga_0
  Path Type:              Hold (Min at Fast Process Corner)
  Requirement:            0.000ns  (clk_fpga_0 rise@0.000ns - clk_fpga_0 rise@0.000ns)
  Data Path Delay:        0.248ns  (logic 0.141ns (56.898%)  route 0.107ns (43.102%))
  Logic Levels:           0  
  Clock Path Skew:        0.057ns (DCD - SCD - CPR)
    Destination Clock Delay (DCD):    1.264ns
    Source Clock Delay      (SCD):    0.924ns
    Clock Pessimism Removal (CPR):    0.283ns

    Location             Delay type                Incr(ns)  Path(ns)    Netlist Resource(s)
  -------------------------------------------------------------------    -------------------
                         (clock clk_fpga_0 rise edge)
                                                      0.000     0.000 r  
    PS7_X0Y0             PS7                          0.000     0.000 r  lenet_system_i/processing_system7_0/inst/PS7_i/FCLKCLK[0]
                         net (fo=1, routed)           0.310     0.310    lenet_system_i/processing_system7_0/inst/FCLK_CLK_unbuffered[0]
    BUFGCTRL_X0Y16                                                    r  lenet_system_i/processing_system7_0/inst/buffer_fclk_clk_0.FCLK_CLK_0_BUFG/I
    BUFGCTRL_X0Y16       BUFG (Prop_bufg_I_O)         0.026     0.336 r  lenet_system_i/processing_system7_0/inst/buffer_fclk_clk_0.FCLK_CLK_0_BUFG/O
                         net (fo=12009, routed)       0.588     0.924    lenet_system_i/lenet_w8a8_top_0/inst/grp_lenet_w8a8_top_Pipeline_REQUANT_VECTOR3_fu_396/ap_clk
    SLICE_X9Y19          FDRE                                         r  lenet_system_i/lenet_w8a8_top_0/inst/grp_lenet_w8a8_top_Pipeline_REQUANT_VECTOR3_fu_396/select_ln1039_1_reg_290_reg[6]/C
  -------------------------------------------------------------------    -------------------
    SLICE_X9Y19          FDRE (Prop_fdre_C_Q)         0.141     1.065 r  lenet_system_i/lenet_w8a8_top_0/inst/grp_lenet_w8a8_top_Pipeline_REQUANT_VECTOR3_fu_396/select_ln1039_1_reg_290_reg[6]/Q
                         net (fo=1, routed)           0.107     1.171    lenet_system_i/lenet_w8a8_top_0/inst/fc1_relu_V_U/Q[6]
    RAMB18_X0Y7          RAMB18E1                                     r  lenet_system_i/lenet_w8a8_top_0/inst/fc1_relu_V_U/ram_reg/DIADI[6]
  -------------------------------------------------------------------    -------------------

                         (clock clk_fpga_0 rise edge)
                                                      0.000     0.000 r  
    PS7_X0Y0             PS7                          0.000     0.000 r  lenet_system_i/processing_system7_0/inst/PS7_i/FCLKCLK[0]
                         net (fo=1, routed)           0.337     0.337    lenet_system_i/processing_system7_0/inst/FCLK_CLK_unbuffered[0]
    BUFGCTRL_X0Y16                                                    r  lenet_system_i/processing_system7_0/inst/buffer_fclk_clk_0.FCLK_CLK_0_BUFG/I
    BUFGCTRL_X0Y16       BUFG (Prop_bufg_I_O)         0.029     0.366 r  lenet_system_i/processing_system7_0/inst/buffer_fclk_clk_0.FCLK_CLK_0_BUFG/O
                         net (fo=12009, routed)       0.898     1.264    lenet_system_i/lenet_w8a8_top_0/inst/fc1_relu_V_U/ap_clk
    RAMB18_X0Y7          RAMB18E1                                     r  lenet_system_i/lenet_w8a8_top_0/inst/fc1_relu_V_U/ram_reg/CLKARDCLK
                         clock pessimism             -0.283     0.981    
    RAMB18_X0Y7          RAMB18E1 (Hold_ramb18e1_CLKARDCLK_DIADI[6])
                                                      0.155     1.136    lenet_system_i/lenet_w8a8_top_0/inst/fc1_relu_V_U/ram_reg
  -------------------------------------------------------------------
                         required time                         -1.136    
                         arrival time                           1.171    
  -------------------------------------------------------------------
                         slack                                  0.035    

Slack (MET) :             0.036ns  (arrival time - required time)
  Source:                 lenet_system_i/smartconnect_0/inst/s02_nodes/s02_w_node/inst/inst_mi_handler/gen_normal_area.gen_upsizer.inst_upsizer/gen_w_ch.accum_reg[last_offset][5]/C
                            (rising edge-triggered cell FDRE clocked by clk_fpga_0  {rise@0.000ns fall@5.000ns period=10.000ns})
  Destination:            lenet_system_i/smartconnect_0/inst/s02_nodes/s02_w_node/inst/inst_mi_handler/gen_normal_area.inst_fifo_node_payld/gen_xpm_memory_fifo.inst_fifo/gen_mem_rep[0].inst_xpm_memory/xpm_memory_base_inst/gen_wr_a.gen_word_narrow.mem_reg_0_31_12_17/RAMA_D1/I
                            (rising edge-triggered cell RAMD32 clocked by clk_fpga_0  {rise@0.000ns fall@5.000ns period=10.000ns})
  Path Group:             clk_fpga_0
  Path Type:              Hold (Min at Fast Process Corner)
  Requirement:            0.000ns  (clk_fpga_0 rise@0.000ns - clk_fpga_0 rise@0.000ns)
  Data Path Delay:        0.376ns  (logic 0.148ns (39.374%)  route 0.228ns (60.626%))
  Logic Levels:           0  
  Clock Path Skew:        0.274ns (DCD - SCD - CPR)
    Destination Clock Delay (DCD):    1.197ns
    Source Clock Delay      (SCD):    0.893ns
    Clock Pessimism Removal (CPR):    0.030ns

    Location             Delay type                Incr(ns)  Path(ns)    Netlist Resource(s)
  -------------------------------------------------------------------    -------------------
                         (clock clk_fpga_0 rise edge)
                                                      0.000     0.000 r  
    PS7_X0Y0             PS7                          0.000     0.000 r  lenet_system_i/processing_system7_0/inst/PS7_i/FCLKCLK[0]
                         net (fo=1, routed)           0.310     0.310    lenet_system_i/processing_system7_0/inst/FCLK_CLK_unbuffered[0]
    BUFGCTRL_X0Y16                                                    r  lenet_system_i/processing_system7_0/inst/buffer_fclk_clk_0.FCLK_CLK_0_BUFG/I
    BUFGCTRL_X0Y16       BUFG (Prop_bufg_I_O)         0.026     0.336 r  lenet_system_i/processing_system7_0/inst/buffer_fclk_clk_0.FCLK_CLK_0_BUFG/O
                         net (fo=12009, routed)       0.557     0.893    lenet_system_i/smartconnect_0/inst/s02_nodes/s02_w_node/inst/inst_mi_handler/gen_normal_area.gen_upsizer.inst_upsizer/s_sc_aclk
    SLICE_X36Y51         FDRE                                         r  lenet_system_i/smartconnect_0/inst/s02_nodes/s02_w_node/inst/inst_mi_handler/gen_normal_area.gen_upsizer.inst_upsizer/gen_w_ch.accum_reg[last_offset][5]/C
  -------------------------------------------------------------------    -------------------
    SLICE_X36Y51         FDRE (Prop_fdre_C_Q)         0.148     1.041 r  lenet_system_i/smartconnect_0/inst/s02_nodes/s02_w_node/inst/inst_mi_handler/gen_normal_area.gen_upsizer.inst_upsizer/gen_w_ch.accum_reg[last_offset][5]/Q
                         net (fo=1, routed)           0.228     1.268    lenet_system_i/smartconnect_0/inst/s02_nodes/s02_w_node/inst/inst_mi_handler/gen_normal_area.inst_fifo_node_payld/gen_xpm_memory_fifo.inst_fifo/gen_mem_rep[0].inst_xpm_memory/xpm_memory_base_inst/gen_wr_a.gen_word_narrow.mem_reg_0_31_12_17/DIA1
    SLICE_X34Y49         RAMD32                                       r  lenet_system_i/smartconnect_0/inst/s02_nodes/s02_w_node/inst/inst_mi_handler/gen_normal_area.inst_fifo_node_payld/gen_xpm_memory_fifo.inst_fifo/gen_mem_rep[0].inst_xpm_memory/xpm_memory_base_inst/gen_wr_a.gen_word_narrow.mem_reg_0_31_12_17/RAMA_D1/I
  -------------------------------------------------------------------    -------------------

                         (clock clk_fpga_0 rise edge)
                                                      0.000     0.000 r  
    PS7_X0Y0             PS7                          0.000     0.000 r  lenet_system_i/processing_system7_0/inst/PS7_i/FCLKCLK[0]
                         net (fo=1, routed)           0.337     0.337    lenet_system_i/processing_system7_0/inst/FCLK_CLK_unbuffered[0]
    BUFGCTRL_X0Y16                                                    r  lenet_system_i/processing_system7_0/inst/buffer_fclk_clk_0.FCLK_CLK_0_BUFG/I
    BUFGCTRL_X0Y16       BUFG (Prop_bufg_I_O)         0.029     0.366 r  lenet_system_i/processing_system7_0/inst/buffer_fclk_clk_0.FCLK_CLK_0_BUFG/O
                         net (fo=12009, routed)       0.831     1.197    lenet_system_i/smartconnect_0/inst/s02_nodes/s02_w_node/inst/inst_mi_handler/gen_normal_area.inst_fifo_node_payld/gen_xpm_memory_fifo.inst_fifo/gen_mem_rep[0].inst_xpm_memory/xpm_memory_base_inst/gen_wr_a.gen_word_narrow.mem_reg_0_31_12_17/WCLK
    SLICE_X34Y49         RAMD32                                       r  lenet_system_i/smartconnect_0/inst/s02_nodes/s02_w_node/inst/inst_mi_handler/gen_normal_area.inst_fifo_node_payld/gen_xpm_memory_fifo.inst_fifo/gen_mem_rep[0].inst_xpm_memory/xpm_memory_base_inst/gen_wr_a.gen_word_narrow.mem_reg_0_31_12_17/RAMA_D1/CLK
                         clock pessimism             -0.030     1.167    
    SLICE_X34Y49         RAMD32 (Hold_ramd32_CLK_I)
                                                      0.066     1.233    lenet_system_i/smartconnect_0/inst/s02_nodes/s02_w_node/inst/inst_mi_handler/gen_normal_area.inst_fifo_node_payld/gen_xpm_memory_fifo.inst_fifo/gen_mem_rep[0].inst_xpm_memory/xpm_memory_base_inst/gen_wr_a.gen_word_narrow.mem_reg_0_31_12_17/RAMA_D1
  -------------------------------------------------------------------
                         required time                         -1.233    
                         arrival time                           1.268    
  -------------------------------------------------------------------
                         slack                                  0.036    

Slack (MET) :             0.037ns  (arrival time - required time)
  Source:                 lenet_system_i/lenet_w8a8_top_0/inst/gmem0_m_axi_U/bus_read/rs_rdata/data_p1_reg[25]/C
                            (rising edge-triggered cell FDRE clocked by clk_fpga_0  {rise@0.000ns fall@5.000ns period=10.000ns})
  Destination:            lenet_system_i/lenet_w8a8_top_0/inst/gmem0_m_axi_U/load_unit/buff_rdata/U_fifo_mem/mem_reg/DIBDI[9]
                            (rising edge-triggered cell RAMB18E1 clocked by clk_fpga_0  {rise@0.000ns fall@5.000ns period=10.000ns})
  Path Group:             clk_fpga_0
  Path Type:              Hold (Min at Fast Process Corner)
  Requirement:            0.000ns  (clk_fpga_0 rise@0.000ns - clk_fpga_0 rise@0.000ns)
  Data Path Delay:        0.247ns  (logic 0.141ns (57.072%)  route 0.106ns (42.928%))
  Logic Levels:           0  
  Clock Path Skew:        0.055ns (DCD - SCD - CPR)
    Destination Clock Delay (DCD):    1.258ns
    Source Clock Delay      (SCD):    0.920ns
    Clock Pessimism Removal (CPR):    0.283ns

    Location             Delay type                Incr(ns)  Path(ns)    Netlist Resource(s)
  -------------------------------------------------------------------    -------------------
                         (clock clk_fpga_0 rise edge)
                                                      0.000     0.000 r  
    PS7_X0Y0             PS7                          0.000     0.000 r  lenet_system_i/processing_system7_0/inst/PS7_i/FCLKCLK[0]
                         net (fo=1, routed)           0.310     0.310    lenet_system_i/processing_system7_0/inst/FCLK_CLK_unbuffered[0]
    BUFGCTRL_X0Y16                                                    r  lenet_system_i/processing_system7_0/inst/buffer_fclk_clk_0.FCLK_CLK_0_BUFG/I
    BUFGCTRL_X0Y16       BUFG (Prop_bufg_I_O)         0.026     0.336 r  lenet_system_i/processing_system7_0/inst/buffer_fclk_clk_0.FCLK_CLK_0_BUFG/O
                         net (fo=12009, routed)       0.584     0.919    lenet_system_i/lenet_w8a8_top_0/inst/gmem0_m_axi_U/bus_read/rs_rdata/ap_clk
    SLICE_X9Y26          FDRE                                         r  lenet_system_i/lenet_w8a8_top_0/inst/gmem0_m_axi_U/bus_read/rs_rdata/data_p1_reg[25]/C
  -------------------------------------------------------------------    -------------------
    SLICE_X9Y26          FDRE (Prop_fdre_C_Q)         0.141     1.061 r  lenet_system_i/lenet_w8a8_top_0/inst/gmem0_m_axi_U/bus_read/rs_rdata/data_p1_reg[25]/Q
                         net (fo=1, routed)           0.106     1.167    lenet_system_i/lenet_w8a8_top_0/inst/gmem0_m_axi_U/load_unit/buff_rdata/U_fifo_mem/din[25]
    RAMB18_X0Y10         RAMB18E1                                     r  lenet_system_i/lenet_w8a8_top_0/inst/gmem0_m_axi_U/load_unit/buff_rdata/U_fifo_mem/mem_reg/DIBDI[9]
  -------------------------------------------------------------------    -------------------

                         (clock clk_fpga_0 rise edge)
                                                      0.000     0.000 r  
    PS7_X0Y0             PS7                          0.000     0.000 r  lenet_system_i/processing_system7_0/inst/PS7_i/FCLKCLK[0]
                         net (fo=1, routed)           0.337     0.337    lenet_system_i/processing_system7_0/inst/FCLK_CLK_unbuffered[0]
    BUFGCTRL_X0Y16                                                    r  lenet_system_i/processing_system7_0/inst/buffer_fclk_clk_0.FCLK_CLK_0_BUFG/I
    BUFGCTRL_X0Y16       BUFG (Prop_bufg_I_O)         0.029     0.366 r  lenet_system_i/processing_system7_0/inst/buffer_fclk_clk_0.FCLK_CLK_0_BUFG/O
                         net (fo=12009, routed)       0.892     1.258    lenet_system_i/lenet_w8a8_top_0/inst/gmem0_m_axi_U/load_unit/buff_rdata/U_fifo_mem/ap_clk
    RAMB18_X0Y10         RAMB18E1                                     r  lenet_system_i/lenet_w8a8_top_0/inst/gmem0_m_axi_U/load_unit/buff_rdata/U_fifo_mem/mem_reg/CLKBWRCLK
                         clock pessimism             -0.283     0.975    
    RAMB18_X0Y10         RAMB18E1 (Hold_ramb18e1_CLKBWRCLK_DIBDI[9])
                                                      0.155     1.130    lenet_system_i/lenet_w8a8_top_0/inst/gmem0_m_axi_U/load_unit/buff_rdata/U_fifo_mem/mem_reg
  -------------------------------------------------------------------
                         required time                         -1.130    
                         arrival time                           1.167    
  -------------------------------------------------------------------
                         slack                                  0.037    

Slack (MET) :             0.037ns  (arrival time - required time)
  Source:                 lenet_system_i/smartconnect_0/inst/switchboards/w_switchboard/inst/gen_mi[0].inst_opipe_payld/gen_pipe[1].pipe_reg[1][12]/C
                            (rising edge-triggered cell FDRE clocked by clk_fpga_0  {rise@0.000ns fall@5.000ns period=10.000ns})
  Destination:            lenet_system_i/smartconnect_0/inst/m00_nodes/m00_w_node/inst/inst_mi_handler/gen_normal_area.inst_fifo_node_payld/gen_xpm_memory_fifo.inst_fifo/gen_mem_rep[0].inst_xpm_memory/xpm_memory_base_inst/gen_wr_a.gen_word_narrow.mem_reg_0_31_12_17/RAMA/I
                            (rising edge-triggered cell RAMD32 clocked by clk_fpga_0  {rise@0.000ns fall@5.000ns period=10.000ns})
  Path Group:             clk_fpga_0
  Path Type:              Hold (Min at Fast Process Corner)
  Requirement:            0.000ns  (clk_fpga_0 rise@0.000ns - clk_fpga_0 rise@0.000ns)
  Data Path Delay:        0.197ns  (logic 0.141ns (71.611%)  route 0.056ns (28.389%))
  Logic Levels:           0  
  Clock Path Skew:        0.013ns (DCD - SCD - CPR)
    Destination Clock Delay (DCD):    1.197ns
    Source Clock Delay      (SCD):    0.901ns
    Clock Pessimism Removal (CPR):    0.283ns

    Location             Delay type                Incr(ns)  Path(ns)    Netlist Resource(s)
  -------------------------------------------------------------------    -------------------
                         (clock clk_fpga_0 rise edge)
                                                      0.000     0.000 r  
    PS7_X0Y0             PS7                          0.000     0.000 r  lenet_system_i/processing_system7_0/inst/PS7_i/FCLKCLK[0]
                         net (fo=1, routed)           0.310     0.310    lenet_system_i/processing_system7_0/inst/FCLK_CLK_unbuffered[0]
    BUFGCTRL_X0Y16                                                    r  lenet_system_i/processing_system7_0/inst/buffer_fclk_clk_0.FCLK_CLK_0_BUFG/I
    BUFGCTRL_X0Y16       BUFG (Prop_bufg_I_O)         0.026     0.336 r  lenet_system_i/processing_system7_0/inst/buffer_fclk_clk_0.FCLK_CLK_0_BUFG/O
                         net (fo=12009, routed)       0.565     0.901    lenet_system_i/smartconnect_0/inst/switchboards/w_switchboard/inst/gen_mi[0].inst_opipe_payld/aclk
    SLICE_X33Y48         FDRE                                         r  lenet_system_i/smartconnect_0/inst/switchboards/w_switchboard/inst/gen_mi[0].inst_opipe_payld/gen_pipe[1].pipe_reg[1][12]/C
  -------------------------------------------------------------------    -------------------
    SLICE_X33Y48         FDRE (Prop_fdre_C_Q)         0.141     1.042 r  lenet_system_i/smartconnect_0/inst/switchboards/w_switchboard/inst/gen_mi[0].inst_opipe_payld/gen_pipe[1].pipe_reg[1][12]/Q
                         net (fo=1, routed)           0.056     1.097    lenet_system_i/smartconnect_0/inst/m00_nodes/m00_w_node/inst/inst_mi_handler/gen_normal_area.inst_fifo_node_payld/gen_xpm_memory_fifo.inst_fifo/gen_mem_rep[0].inst_xpm_memory/xpm_memory_base_inst/gen_wr_a.gen_word_narrow.mem_reg_0_31_12_17/DIA0
    SLICE_X32Y48         RAMD32                                       r  lenet_system_i/smartconnect_0/inst/m00_nodes/m00_w_node/inst/inst_mi_handler/gen_normal_area.inst_fifo_node_payld/gen_xpm_memory_fifo.inst_fifo/gen_mem_rep[0].inst_xpm_memory/xpm_memory_base_inst/gen_wr_a.gen_word_narrow.mem_reg_0_31_12_17/RAMA/I
  -------------------------------------------------------------------    -------------------

                         (clock clk_fpga_0 rise edge)
                                                      0.000     0.000 r  
    PS7_X0Y0             PS7                          0.000     0.000 r  lenet_system_i/processing_system7_0/inst/PS7_i/FCLKCLK[0]
                         net (fo=1, routed)           0.337     0.337    lenet_system_i/processing_system7_0/inst/FCLK_CLK_unbuffered[0]
    BUFGCTRL_X0Y16                                                    r  lenet_system_i/processing_system7_0/inst/buffer_fclk_clk_0.FCLK_CLK_0_BUFG/I
    BUFGCTRL_X0Y16       BUFG (Prop_bufg_I_O)         0.029     0.366 r  lenet_system_i/processing_system7_0/inst/buffer_fclk_clk_0.FCLK_CLK_0_BUFG/O
                         net (fo=12009, routed)       0.831     1.197    lenet_system_i/smartconnect_0/inst/m00_nodes/m00_w_node/inst/inst_mi_handler/gen_normal_area.inst_fifo_node_payld/gen_xpm_memory_fifo.inst_fifo/gen_mem_rep[0].inst_xpm_memory/xpm_memory_base_inst/gen_wr_a.gen_word_narrow.mem_reg_0_31_12_17/WCLK
    SLICE_X32Y48         RAMD32                                       r  lenet_system_i/smartconnect_0/inst/m00_nodes/m00_w_node/inst/inst_mi_handler/gen_normal_area.inst_fifo_node_payld/gen_xpm_memory_fifo.inst_fifo/gen_mem_rep[0].inst_xpm_memory/xpm_memory_base_inst/gen_wr_a.gen_word_narrow.mem_reg_0_31_12_17/RAMA/CLK
                         clock pessimism             -0.283     0.914    
    SLICE_X32Y48         RAMD32 (Hold_ramd32_CLK_I)
                                                      0.147     1.061    lenet_system_i/smartconnect_0/inst/m00_nodes/m00_w_node/inst/inst_mi_handler/gen_normal_area.inst_fifo_node_payld/gen_xpm_memory_fifo.inst_fifo/gen_mem_rep[0].inst_xpm_memory/xpm_memory_base_inst/gen_wr_a.gen_word_narrow.mem_reg_0_31_12_17/RAMA
  -------------------------------------------------------------------
                         required time                         -1.061    
                         arrival time                           1.097    
  -------------------------------------------------------------------
                         slack                                  0.037    

Slack (MET) :             0.037ns  (arrival time - required time)
  Source:                 lenet_system_i/smartconnect_0/inst/switchboards/w_switchboard/inst/gen_mi[0].inst_opipe_payld/gen_pipe[1].pipe_reg[1][42]/C
                            (rising edge-triggered cell FDRE clocked by clk_fpga_0  {rise@0.000ns fall@5.000ns period=10.000ns})
  Destination:            lenet_system_i/smartconnect_0/inst/m00_nodes/m00_w_node/inst/inst_mi_handler/gen_normal_area.inst_fifo_node_payld/gen_xpm_memory_fifo.inst_fifo/gen_mem_rep[0].inst_xpm_memory/xpm_memory_base_inst/gen_wr_a.gen_word_narrow.mem_reg_0_31_42_47/RAMA/I
                            (rising edge-triggered cell RAMD32 clocked by clk_fpga_0  {rise@0.000ns fall@5.000ns period=10.000ns})
  Path Group:             clk_fpga_0
  Path Type:              Hold (Min at Fast Process Corner)
  Requirement:            0.000ns  (clk_fpga_0 rise@0.000ns - clk_fpga_0 rise@0.000ns)
  Data Path Delay:        0.197ns  (logic 0.141ns (71.611%)  route 0.056ns (28.389%))
  Logic Levels:           0  
  Clock Path Skew:        0.013ns (DCD - SCD - CPR)
    Destination Clock Delay (DCD):    1.192ns
    Source Clock Delay      (SCD):    0.895ns
    Clock Pessimism Removal (CPR):    0.284ns

    Location             Delay type                Incr(ns)  Path(ns)    Netlist Resource(s)
  -------------------------------------------------------------------    -------------------
                         (clock clk_fpga_0 rise edge)
                                                      0.000     0.000 r  
    PS7_X0Y0             PS7                          0.000     0.000 r  lenet_system_i/processing_system7_0/inst/PS7_i/FCLKCLK[0]
                         net (fo=1, routed)           0.310     0.310    lenet_system_i/processing_system7_0/inst/FCLK_CLK_unbuffered[0]
    BUFGCTRL_X0Y16                                                    r  lenet_system_i/processing_system7_0/inst/buffer_fclk_clk_0.FCLK_CLK_0_BUFG/I
    BUFGCTRL_X0Y16       BUFG (Prop_bufg_I_O)         0.026     0.336 r  lenet_system_i/processing_system7_0/inst/buffer_fclk_clk_0.FCLK_CLK_0_BUFG/O
                         net (fo=12009, routed)       0.559     0.895    lenet_system_i/smartconnect_0/inst/switchboards/w_switchboard/inst/gen_mi[0].inst_opipe_payld/aclk
    SLICE_X33Y51         FDRE                                         r  lenet_system_i/smartconnect_0/inst/switchboards/w_switchboard/inst/gen_mi[0].inst_opipe_payld/gen_pipe[1].pipe_reg[1][42]/C
  -------------------------------------------------------------------    -------------------
    SLICE_X33Y51         FDRE (Prop_fdre_C_Q)         0.141     1.036 r  lenet_system_i/smartconnect_0/inst/switchboards/w_switchboard/inst/gen_mi[0].inst_opipe_payld/gen_pipe[1].pipe_reg[1][42]/Q
                         net (fo=1, routed)           0.056     1.091    lenet_system_i/smartconnect_0/inst/m00_nodes/m00_w_node/inst/inst_mi_handler/gen_normal_area.inst_fifo_node_payld/gen_xpm_memory_fifo.inst_fifo/gen_mem_rep[0].inst_xpm_memory/xpm_memory_base_inst/gen_wr_a.gen_word_narrow.mem_reg_0_31_42_47/DIA0
    SLICE_X32Y51         RAMD32                                       r  lenet_system_i/smartconnect_0/inst/m00_nodes/m00_w_node/inst/inst_mi_handler/gen_normal_area.inst_fifo_node_payld/gen_xpm_memory_fifo.inst_fifo/gen_mem_rep[0].inst_xpm_memory/xpm_memory_base_inst/gen_wr_a.gen_word_narrow.mem_reg_0_31_42_47/RAMA/I
  -------------------------------------------------------------------    -------------------

                         (clock clk_fpga_0 rise edge)
                                                      0.000     0.000 r  
    PS7_X0Y0             PS7                          0.000     0.000 r  lenet_system_i/processing_system7_0/inst/PS7_i/FCLKCLK[0]
                         net (fo=1, routed)           0.337     0.337    lenet_system_i/processing_system7_0/inst/FCLK_CLK_unbuffered[0]
    BUFGCTRL_X0Y16                                                    r  lenet_system_i/processing_system7_0/inst/buffer_fclk_clk_0.FCLK_CLK_0_BUFG/I
    BUFGCTRL_X0Y16       BUFG (Prop_bufg_I_O)         0.029     0.366 r  lenet_system_i/processing_system7_0/inst/buffer_fclk_clk_0.FCLK_CLK_0_BUFG/O
                         net (fo=12009, routed)       0.826     1.192    lenet_system_i/smartconnect_0/inst/m00_nodes/m00_w_node/inst/inst_mi_handler/gen_normal_area.inst_fifo_node_payld/gen_xpm_memory_fifo.inst_fifo/gen_mem_rep[0].inst_xpm_memory/xpm_memory_base_inst/gen_wr_a.gen_word_narrow.mem_reg_0_31_42_47/WCLK
    SLICE_X32Y51         RAMD32                                       r  lenet_system_i/smartconnect_0/inst/m00_nodes/m00_w_node/inst/inst_mi_handler/gen_normal_area.inst_fifo_node_payld/gen_xpm_memory_fifo.inst_fifo/gen_mem_rep[0].inst_xpm_memory/xpm_memory_base_inst/gen_wr_a.gen_word_narrow.mem_reg_0_31_42_47/RAMA/CLK
                         clock pessimism             -0.284     0.908    
    SLICE_X32Y51         RAMD32 (Hold_ramd32_CLK_I)
                                                      0.147     1.055    lenet_system_i/smartconnect_0/inst/m00_nodes/m00_w_node/inst/inst_mi_handler/gen_normal_area.inst_fifo_node_payld/gen_xpm_memory_fifo.inst_fifo/gen_mem_rep[0].inst_xpm_memory/xpm_memory_base_inst/gen_wr_a.gen_word_narrow.mem_reg_0_31_42_47/RAMA
  -------------------------------------------------------------------
                         required time                         -1.055    
                         arrival time                           1.091    
  -------------------------------------------------------------------
                         slack                                  0.037    

Slack (MET) :             0.037ns  (arrival time - required time)
  Source:                 lenet_system_i/smartconnect_0/inst/s02_nodes/s02_w_node/inst/inst_mi_handler/gen_normal_area.gen_upsizer.inst_upsizer/gen_w_ch.accum_reg[bytes][7][userdata][4]/C
                            (rising edge-triggered cell FDRE clocked by clk_fpga_0  {rise@0.000ns fall@5.000ns period=10.000ns})
  Destination:            lenet_system_i/smartconnect_0/inst/s02_nodes/s02_w_node/inst/inst_mi_handler/gen_normal_area.inst_fifo_node_payld/gen_xpm_memory_fifo.inst_fifo/gen_mem_rep[0].inst_xpm_memory/xpm_memory_base_inst/gen_wr_a.gen_word_narrow.mem_reg_0_31_84_87/RAMA/I
                            (rising edge-triggered cell RAMD32 clocked by clk_fpga_0  {rise@0.000ns fall@5.000ns period=10.000ns})
  Path Group:             clk_fpga_0
  Path Type:              Hold (Min at Fast Process Corner)
  Requirement:            0.000ns  (clk_fpga_0 rise@0.000ns - clk_fpga_0 rise@0.000ns)
  Data Path Delay:        0.197ns  (logic 0.141ns (71.611%)  route 0.056ns (28.389%))
  Logic Levels:           0  
  Clock Path Skew:        0.013ns (DCD - SCD - CPR)
    Destination Clock Delay (DCD):    1.197ns
    Source Clock Delay      (SCD):    0.901ns
    Clock Pessimism Removal (CPR):    0.283ns

    Location             Delay type                Incr(ns)  Path(ns)    Netlist Resource(s)
  -------------------------------------------------------------------    -------------------
                         (clock clk_fpga_0 rise edge)
                                                      0.000     0.000 r  
    PS7_X0Y0             PS7                          0.000     0.000 r  lenet_system_i/processing_system7_0/inst/PS7_i/FCLKCLK[0]
                         net (fo=1, routed)           0.310     0.310    lenet_system_i/processing_system7_0/inst/FCLK_CLK_unbuffered[0]
    BUFGCTRL_X0Y16                                                    r  lenet_system_i/processing_system7_0/inst/buffer_fclk_clk_0.FCLK_CLK_0_BUFG/I
    BUFGCTRL_X0Y16       BUFG (Prop_bufg_I_O)         0.026     0.336 r  lenet_system_i/processing_system7_0/inst/buffer_fclk_clk_0.FCLK_CLK_0_BUFG/O
                         net (fo=12009, routed)       0.565     0.901    lenet_system_i/smartconnect_0/inst/s02_nodes/s02_w_node/inst/inst_mi_handler/gen_normal_area.gen_upsizer.inst_upsizer/s_sc_aclk
    SLICE_X33Y47         FDRE                                         r  lenet_system_i/smartconnect_0/inst/s02_nodes/s02_w_node/inst/inst_mi_handler/gen_normal_area.gen_upsizer.inst_upsizer/gen_w_ch.accum_reg[bytes][7][userdata][4]/C
  -------------------------------------------------------------------    -------------------
    SLICE_X33Y47         FDRE (Prop_fdre_C_Q)         0.141     1.042 r  lenet_system_i/smartconnect_0/inst/s02_nodes/s02_w_node/inst/inst_mi_handler/gen_normal_area.gen_upsizer.inst_upsizer/gen_w_ch.accum_reg[bytes][7][userdata][4]/Q
                         net (fo=1, routed)           0.056     1.097    lenet_system_i/smartconnect_0/inst/s02_nodes/s02_w_node/inst/inst_mi_handler/gen_normal_area.inst_fifo_node_payld/gen_xpm_memory_fifo.inst_fifo/gen_mem_rep[0].inst_xpm_memory/xpm_memory_base_inst/gen_wr_a.gen_word_narrow.mem_reg_0_31_84_87/DIA0
    SLICE_X32Y47         RAMD32                                       r  lenet_system_i/smartconnect_0/inst/s02_nodes/s02_w_node/inst/inst_mi_handler/gen_normal_area.inst_fifo_node_payld/gen_xpm_memory_fifo.inst_fifo/gen_mem_rep[0].inst_xpm_memory/xpm_memory_base_inst/gen_wr_a.gen_word_narrow.mem_reg_0_31_84_87/RAMA/I
  -------------------------------------------------------------------    -------------------

                         (clock clk_fpga_0 rise edge)
                                                      0.000     0.000 r  
    PS7_X0Y0             PS7                          0.000     0.000 r  lenet_system_i/processing_system7_0/inst/PS7_i/FCLKCLK[0]
                         net (fo=1, routed)           0.337     0.337    lenet_system_i/processing_system7_0/inst/FCLK_CLK_unbuffered[0]
    BUFGCTRL_X0Y16                                                    r  lenet_system_i/processing_system7_0/inst/buffer_fclk_clk_0.FCLK_CLK_0_BUFG/I
    BUFGCTRL_X0Y16       BUFG (Prop_bufg_I_O)         0.029     0.366 r  lenet_system_i/processing_system7_0/inst/buffer_fclk_clk_0.FCLK_CLK_0_BUFG/O
                         net (fo=12009, routed)       0.831     1.197    lenet_system_i/smartconnect_0/inst/s02_nodes/s02_w_node/inst/inst_mi_handler/gen_normal_area.inst_fifo_node_payld/gen_xpm_memory_fifo.inst_fifo/gen_mem_rep[0].inst_xpm_memory/xpm_memory_base_inst/gen_wr_a.gen_word_narrow.mem_reg_0_31_84_87/WCLK
    SLICE_X32Y47         RAMD32                                       r  lenet_system_i/smartconnect_0/inst/s02_nodes/s02_w_node/inst/inst_mi_handler/gen_normal_area.inst_fifo_node_payld/gen_xpm_memory_fifo.inst_fifo/gen_mem_rep[0].inst_xpm_memory/xpm_memory_base_inst/gen_wr_a.gen_word_narrow.mem_reg_0_31_84_87/RAMA/CLK
                         clock pessimism             -0.283     0.914    
    SLICE_X32Y47         RAMD32 (Hold_ramd32_CLK_I)
                                                      0.147     1.061    lenet_system_i/smartconnect_0/inst/s02_nodes/s02_w_node/inst/inst_mi_handler/gen_normal_area.inst_fifo_node_payld/gen_xpm_memory_fifo.inst_fifo/gen_mem_rep[0].inst_xpm_memory/xpm_memory_base_inst/gen_wr_a.gen_word_narrow.mem_reg_0_31_84_87/RAMA
  -------------------------------------------------------------------
                         required time                         -1.061    
                         arrival time                           1.097    
  -------------------------------------------------------------------
                         slack                                  0.037    

Slack (MET) :             0.037ns  (arrival time - required time)
  Source:                 lenet_system_i/smartconnect_0/inst/switchboards/w_switchboard/inst/gen_mi[0].inst_opipe_payld/gen_pipe[1].pipe_reg[1][36]/C
                            (rising edge-triggered cell FDRE clocked by clk_fpga_0  {rise@0.000ns fall@5.000ns period=10.000ns})
  Destination:            lenet_system_i/smartconnect_0/inst/m00_nodes/m00_w_node/inst/inst_mi_handler/gen_normal_area.inst_fifo_node_payld/gen_xpm_memory_fifo.inst_fifo/gen_mem_rep[0].inst_xpm_memory/xpm_memory_base_inst/gen_wr_a.gen_word_narrow.mem_reg_0_31_36_41/RAMA/I
                            (rising edge-triggered cell RAMD32 clocked by clk_fpga_0  {rise@0.000ns fall@5.000ns period=10.000ns})
  Path Group:             clk_fpga_0
  Path Type:              Hold (Min at Fast Process Corner)
  Requirement:            0.000ns  (clk_fpga_0 rise@0.000ns - clk_fpga_0 rise@0.000ns)
  Data Path Delay:        0.197ns  (logic 0.141ns (71.611%)  route 0.056ns (28.389%))
  Logic Levels:           0  
  Clock Path Skew:        0.013ns (DCD - SCD - CPR)
    Destination Clock Delay (DCD):    1.210ns
    Source Clock Delay      (SCD):    0.912ns
    Clock Pessimism Removal (CPR):    0.285ns

    Location             Delay type                Incr(ns)  Path(ns)    Netlist Resource(s)
  -------------------------------------------------------------------    -------------------
                         (clock clk_fpga_0 rise edge)
                                                      0.000     0.000 r  
    PS7_X0Y0             PS7                          0.000     0.000 r  lenet_system_i/processing_system7_0/inst/PS7_i/FCLKCLK[0]
                         net (fo=1, routed)           0.310     0.310    lenet_system_i/processing_system7_0/inst/FCLK_CLK_unbuffered[0]
    BUFGCTRL_X0Y16                                                    r  lenet_system_i/processing_system7_0/inst/buffer_fclk_clk_0.FCLK_CLK_0_BUFG/I
    BUFGCTRL_X0Y16       BUFG (Prop_bufg_I_O)         0.026     0.336 r  lenet_system_i/processing_system7_0/inst/buffer_fclk_clk_0.FCLK_CLK_0_BUFG/O
                         net (fo=12009, routed)       0.576     0.912    lenet_system_i/smartconnect_0/inst/switchboards/w_switchboard/inst/gen_mi[0].inst_opipe_payld/aclk
    SLICE_X31Y54         FDRE                                         r  lenet_system_i/smartconnect_0/inst/switchboards/w_switchboard/inst/gen_mi[0].inst_opipe_payld/gen_pipe[1].pipe_reg[1][36]/C
  -------------------------------------------------------------------    -------------------
    SLICE_X31Y54         FDRE (Prop_fdre_C_Q)         0.141     1.053 r  lenet_system_i/smartconnect_0/inst/switchboards/w_switchboard/inst/gen_mi[0].inst_opipe_payld/gen_pipe[1].pipe_reg[1][36]/Q
                         net (fo=1, routed)           0.056     1.108    lenet_system_i/smartconnect_0/inst/m00_nodes/m00_w_node/inst/inst_mi_handler/gen_normal_area.inst_fifo_node_payld/gen_xpm_memory_fifo.inst_fifo/gen_mem_rep[0].inst_xpm_memory/xpm_memory_base_inst/gen_wr_a.gen_word_narrow.mem_reg_0_31_36_41/DIA0
    SLICE_X30Y54         RAMD32                                       r  lenet_system_i/smartconnect_0/inst/m00_nodes/m00_w_node/inst/inst_mi_handler/gen_normal_area.inst_fifo_node_payld/gen_xpm_memory_fifo.inst_fifo/gen_mem_rep[0].inst_xpm_memory/xpm_memory_base_inst/gen_wr_a.gen_word_narrow.mem_reg_0_31_36_41/RAMA/I
  -------------------------------------------------------------------    -------------------

                         (clock clk_fpga_0 rise edge)
                                                      0.000     0.000 r  
    PS7_X0Y0             PS7                          0.000     0.000 r  lenet_system_i/processing_system7_0/inst/PS7_i/FCLKCLK[0]
                         net (fo=1, routed)           0.337     0.337    lenet_system_i/processing_system7_0/inst/FCLK_CLK_unbuffered[0]
    BUFGCTRL_X0Y16                                                    r  lenet_system_i/processing_system7_0/inst/buffer_fclk_clk_0.FCLK_CLK_0_BUFG/I
    BUFGCTRL_X0Y16       BUFG (Prop_bufg_I_O)         0.029     0.366 r  lenet_system_i/processing_system7_0/inst/buffer_fclk_clk_0.FCLK_CLK_0_BUFG/O
                         net (fo=12009, routed)       0.844     1.210    lenet_system_i/smartconnect_0/inst/m00_nodes/m00_w_node/inst/inst_mi_handler/gen_normal_area.inst_fifo_node_payld/gen_xpm_memory_fifo.inst_fifo/gen_mem_rep[0].inst_xpm_memory/xpm_memory_base_inst/gen_wr_a.gen_word_narrow.mem_reg_0_31_36_41/WCLK
    SLICE_X30Y54         RAMD32                                       r  lenet_system_i/smartconnect_0/inst/m00_nodes/m00_w_node/inst/inst_mi_handler/gen_normal_area.inst_fifo_node_payld/gen_xpm_memory_fifo.inst_fifo/gen_mem_rep[0].inst_xpm_memory/xpm_memory_base_inst/gen_wr_a.gen_word_narrow.mem_reg_0_31_36_41/RAMA/CLK
                         clock pessimism             -0.285     0.925    
    SLICE_X30Y54         RAMD32 (Hold_ramd32_CLK_I)
                                                      0.147     1.072    lenet_system_i/smartconnect_0/inst/m00_nodes/m00_w_node/inst/inst_mi_handler/gen_normal_area.inst_fifo_node_payld/gen_xpm_memory_fifo.inst_fifo/gen_mem_rep[0].inst_xpm_memory/xpm_memory_base_inst/gen_wr_a.gen_word_narrow.mem_reg_0_31_36_41/RAMA
  -------------------------------------------------------------------
                         required time                         -1.072    
                         arrival time                           1.108    
  -------------------------------------------------------------------
                         slack                                  0.037    





Pulse Width Checks
--------------------------------------------------------------------------------------
Clock Name:         clk_fpga_0
Waveform(ns):       { 0.000 5.000 }
Period(ns):         10.000
Sources:            { lenet_system_i/processing_system7_0/inst/PS7_i/FCLKCLK[0] }

Check Type        Corner  Lib Pin      Reference Pin  Required(ns)  Actual(ns)  Slack(ns)  Location      Pin
Min Period        n/a     DSP48E1/CLK  n/a            3.884         10.000      6.116      DSP48_X1Y6    lenet_system_i/lenet_w8a8_top_0/inst/grp_lenet_w8a8_top_Pipeline_OUT_CHANNEL_OUT_ROW_OUT_COL_fu_334/mac_muladd_8s_8s_16s_17_4_1_U11/lenet_w8a8_top_mac_muladd_8s_8s_16s_17_4_1_DSP48_0_U/m_reg_reg/CLK
Min Period        n/a     DSP48E1/CLK  n/a            3.884         10.000      6.116      DSP48_X0Y12   lenet_system_i/lenet_w8a8_top_0/inst/grp_lenet_w8a8_top_Pipeline_OUT_CHANNEL_OUT_ROW_OUT_COL_fu_334/mac_muladd_8s_8s_16s_17_4_1_U13/lenet_w8a8_top_mac_muladd_8s_8s_16s_17_4_1_DSP48_0_U/m_reg_reg/CLK
Min Period        n/a     DSP48E1/CLK  n/a            3.884         10.000      6.116      DSP48_X1Y9    lenet_system_i/lenet_w8a8_top_0/inst/grp_lenet_w8a8_top_Pipeline_OUT_CHANNEL_OUT_ROW_OUT_COL_fu_334/mac_muladd_8s_8s_16s_17_4_1_U15/lenet_w8a8_top_mac_muladd_8s_8s_16s_17_4_1_DSP48_0_U/m_reg_reg/CLK
Min Period        n/a     DSP48E1/CLK  n/a            3.884         10.000      6.116      DSP48_X0Y9    lenet_system_i/lenet_w8a8_top_0/inst/grp_lenet_w8a8_top_Pipeline_OUT_CHANNEL_OUT_ROW_OUT_COL_fu_334/mac_muladd_8s_8s_16s_17_4_1_U17/lenet_w8a8_top_mac_muladd_8s_8s_16s_17_4_1_DSP48_0_U/m_reg_reg/CLK
Min Period        n/a     DSP48E1/CLK  n/a            3.884         10.000      6.116      DSP48_X2Y13   lenet_system_i/lenet_w8a8_top_0/inst/grp_lenet_w8a8_top_Pipeline_OUT_CHANNEL_OUT_ROW_OUT_COL_fu_334/mac_muladd_8s_8s_16s_17_4_1_U19/lenet_w8a8_top_mac_muladd_8s_8s_16s_17_4_1_DSP48_0_U/m_reg_reg/CLK
Min Period        n/a     DSP48E1/CLK  n/a            3.884         10.000      6.116      DSP48_X1Y15   lenet_system_i/lenet_w8a8_top_0/inst/grp_lenet_w8a8_top_Pipeline_OUT_CHANNEL_OUT_ROW_OUT_COL_fu_334/mac_muladd_8s_8s_16s_17_4_1_U21/lenet_w8a8_top_mac_muladd_8s_8s_16s_17_4_1_DSP48_0_U/m_reg_reg/CLK
Min Period        n/a     DSP48E1/CLK  n/a            3.884         10.000      6.116      DSP48_X1Y12   lenet_system_i/lenet_w8a8_top_0/inst/grp_lenet_w8a8_top_Pipeline_OUT_CHANNEL_OUT_ROW_OUT_COL_fu_334/mac_muladd_8s_8s_16s_17_4_1_U23/lenet_w8a8_top_mac_muladd_8s_8s_16s_17_4_1_DSP48_0_U/m_reg_reg/CLK
Min Period        n/a     DSP48E1/CLK  n/a            3.884         10.000      6.116      DSP48_X0Y17   lenet_system_i/lenet_w8a8_top_0/inst/grp_lenet_w8a8_top_Pipeline_OUT_CHANNEL_OUT_ROW_OUT_COL_fu_334/mac_muladd_8s_8s_16s_17_4_1_U25/lenet_w8a8_top_mac_muladd_8s_8s_16s_17_4_1_DSP48_0_U/m_reg_reg/CLK
Min Period        n/a     DSP48E1/CLK  n/a            3.884         10.000      6.116      DSP48_X0Y15   lenet_system_i/lenet_w8a8_top_0/inst/grp_lenet_w8a8_top_Pipeline_OUT_CHANNEL_OUT_ROW_OUT_COL_fu_334/mac_muladd_8s_8s_16s_17_4_1_U26/lenet_w8a8_top_mac_muladd_8s_8s_16s_17_4_1_DSP48_0_U/m_reg_reg/CLK
Min Period        n/a     DSP48E1/CLK  n/a            3.884         10.000      6.116      DSP48_X1Y4    lenet_system_i/lenet_w8a8_top_0/inst/grp_lenet_w8a8_top_Pipeline_POOL_CHANNEL_POOL_ROW_POOL_COL1_fu_354/mul_32ns_33ns_64_2_1_U53/dout_reg/CLK
Min Period        n/a     DSP48E1/CLK  n/a            3.884         10.000      6.116      DSP48_X1Y2    lenet_system_i/lenet_w8a8_top_0/inst/grp_lenet_w8a8_top_Pipeline_POOL_CHANNEL_POOL_ROW_POOL_COL1_fu_354/mul_32ns_33ns_64_2_1_U53/dout_reg__0/CLK
Min Period        n/a     DSP48E1/CLK  n/a            3.884         10.000      6.116      DSP48_X2Y7    lenet_system_i/lenet_w8a8_top_0/inst/grp_lenet_w8a8_top_Pipeline_POOL_CHANNEL_POOL_ROW_POOL_COL1_fu_354/mul_32ns_33ns_64_2_1_U54/dout_reg/CLK
Min Period        n/a     DSP48E1/CLK  n/a            3.884         10.000      6.116      DSP48_X2Y5    lenet_system_i/lenet_w8a8_top_0/inst/grp_lenet_w8a8_top_Pipeline_POOL_CHANNEL_POOL_ROW_POOL_COL1_fu_354/mul_32ns_33ns_64_2_1_U54/dout_reg__0/CLK
Min Period        n/a     DSP48E1/CLK  n/a            3.884         10.000      6.116      DSP48_X2Y1    lenet_system_i/lenet_w8a8_top_0/inst/grp_lenet_w8a8_top_Pipeline_POOL_CHANNEL_POOL_ROW_POOL_COL1_fu_354/mul_32ns_33ns_64_2_1_U55/dout_reg/CLK
Min Period        n/a     DSP48E1/CLK  n/a            3.884         10.000      6.116      DSP48_X2Y3    lenet_system_i/lenet_w8a8_top_0/inst/grp_lenet_w8a8_top_Pipeline_POOL_CHANNEL_POOL_ROW_POOL_COL1_fu_354/mul_32ns_33ns_64_2_1_U55/dout_reg__0/CLK
Min Period        n/a     DSP48E1/CLK  n/a            3.884         10.000      6.116      DSP48_X4Y11   lenet_system_i/lenet_w8a8_top_0/inst/grp_lenet_w8a8_top_Pipeline_POOL_CHANNEL_POOL_ROW_POOL_COL_fu_348/mul_32ns_32ns_63_2_1_U36/dout_reg/CLK
Min Period        n/a     DSP48E1/CLK  n/a            3.884         10.000      6.116      DSP48_X4Y9    lenet_system_i/lenet_w8a8_top_0/inst/grp_lenet_w8a8_top_Pipeline_POOL_CHANNEL_POOL_ROW_POOL_COL_fu_348/mul_32ns_32ns_63_2_1_U36/dout_reg__0/CLK
Min Period        n/a     DSP48E1/CLK  n/a            3.884         10.000      6.116      DSP48_X3Y7    lenet_system_i/lenet_w8a8_top_0/inst/grp_lenet_w8a8_top_Pipeline_POOL_CHANNEL_POOL_ROW_POOL_COL_fu_348/mul_32ns_32ns_63_2_1_U37/dout_reg/CLK
Min Period        n/a     DSP48E1/CLK  n/a            3.884         10.000      6.116      DSP48_X3Y5    lenet_system_i/lenet_w8a8_top_0/inst/grp_lenet_w8a8_top_Pipeline_POOL_CHANNEL_POOL_ROW_POOL_COL_fu_348/mul_32ns_32ns_63_2_1_U37/dout_reg__0/CLK
Min Period        n/a     DSP48E1/CLK  n/a            3.884         10.000      6.116      DSP48_X3Y9    lenet_system_i/lenet_w8a8_top_0/inst/grp_lenet_w8a8_top_Pipeline_POOL_CHANNEL_POOL_ROW_POOL_COL_fu_348/mul_32ns_32ns_63_2_1_U38/dout_reg/CLK
Low Pulse Width   Slow    RAMD32/CLK   n/a            1.250         5.000       3.750      SLICE_X20Y31  lenet_system_i/smartconnect_0/inst/m00_nodes/m00_ar_node/inst/inst_mi_handler/gen_normal_area.inst_fifo_node_payld/gen_xpm_memory_fifo.inst_fifo/gen_mem_rep[0].inst_xpm_memory/xpm_memory_base_inst/gen_wr_a.gen_word_narrow.mem_reg_0_31_0_5/RAMA/CLK
Low Pulse Width   Fast    RAMD32/CLK   n/a            1.250         5.000       3.750      SLICE_X20Y31  lenet_system_i/smartconnect_0/inst/m00_nodes/m00_ar_node/inst/inst_mi_handler/gen_normal_area.inst_fifo_node_payld/gen_xpm_memory_fifo.inst_fifo/gen_mem_rep[0].inst_xpm_memory/xpm_memory_base_inst/gen_wr_a.gen_word_narrow.mem_reg_0_31_0_5/RAMA/CLK
Low Pulse Width   Slow    RAMD32/CLK   n/a            1.250         5.000       3.750      SLICE_X20Y31  lenet_system_i/smartconnect_0/inst/m00_nodes/m00_ar_node/inst/inst_mi_handler/gen_normal_area.inst_fifo_node_payld/gen_xpm_memory_fifo.inst_fifo/gen_mem_rep[0].inst_xpm_memory/xpm_memory_base_inst/gen_wr_a.gen_word_narrow.mem_reg_0_31_0_5/RAMA_D1/CLK
Low Pulse Width   Fast    RAMD32/CLK   n/a            1.250         5.000       3.750      SLICE_X20Y31  lenet_system_i/smartconnect_0/inst/m00_nodes/m00_ar_node/inst/inst_mi_handler/gen_normal_area.inst_fifo_node_payld/gen_xpm_memory_fifo.inst_fifo/gen_mem_rep[0].inst_xpm_memory/xpm_memory_base_inst/gen_wr_a.gen_word_narrow.mem_reg_0_31_0_5/RAMA_D1/CLK
Low Pulse Width   Slow    RAMD32/CLK   n/a            1.250         5.000       3.750      SLICE_X20Y31  lenet_system_i/smartconnect_0/inst/m00_nodes/m00_ar_node/inst/inst_mi_handler/gen_normal_area.inst_fifo_node_payld/gen_xpm_memory_fifo.inst_fifo/gen_mem_rep[0].inst_xpm_memory/xpm_memory_base_inst/gen_wr_a.gen_word_narrow.mem_reg_0_31_0_5/RAMB/CLK
Low Pulse Width   Fast    RAMD32/CLK   n/a            1.250         5.000       3.750      SLICE_X20Y31  lenet_system_i/smartconnect_0/inst/m00_nodes/m00_ar_node/inst/inst_mi_handler/gen_normal_area.inst_fifo_node_payld/gen_xpm_memory_fifo.inst_fifo/gen_mem_rep[0].inst_xpm_memory/xpm_memory_base_inst/gen_wr_a.gen_word_narrow.mem_reg_0_31_0_5/RAMB/CLK
Low Pulse Width   Slow    RAMD32/CLK   n/a            1.250         5.000       3.750      SLICE_X20Y31  lenet_system_i/smartconnect_0/inst/m00_nodes/m00_ar_node/inst/inst_mi_handler/gen_normal_area.inst_fifo_node_payld/gen_xpm_memory_fifo.inst_fifo/gen_mem_rep[0].inst_xpm_memory/xpm_memory_base_inst/gen_wr_a.gen_word_narrow.mem_reg_0_31_0_5/RAMB_D1/CLK
Low Pulse Width   Fast    RAMD32/CLK   n/a            1.250         5.000       3.750      SLICE_X20Y31  lenet_system_i/smartconnect_0/inst/m00_nodes/m00_ar_node/inst/inst_mi_handler/gen_normal_area.inst_fifo_node_payld/gen_xpm_memory_fifo.inst_fifo/gen_mem_rep[0].inst_xpm_memory/xpm_memory_base_inst/gen_wr_a.gen_word_narrow.mem_reg_0_31_0_5/RAMB_D1/CLK
Low Pulse Width   Slow    RAMD32/CLK   n/a            1.250         5.000       3.750      SLICE_X20Y31  lenet_system_i/smartconnect_0/inst/m00_nodes/m00_ar_node/inst/inst_mi_handler/gen_normal_area.inst_fifo_node_payld/gen_xpm_memory_fifo.inst_fifo/gen_mem_rep[0].inst_xpm_memory/xpm_memory_base_inst/gen_wr_a.gen_word_narrow.mem_reg_0_31_0_5/RAMC/CLK
Low Pulse Width   Fast    RAMD32/CLK   n/a            1.250         5.000       3.750      SLICE_X20Y31  lenet_system_i/smartconnect_0/inst/m00_nodes/m00_ar_node/inst/inst_mi_handler/gen_normal_area.inst_fifo_node_payld/gen_xpm_memory_fifo.inst_fifo/gen_mem_rep[0].inst_xpm_memory/xpm_memory_base_inst/gen_wr_a.gen_word_narrow.mem_reg_0_31_0_5/RAMC/CLK
Low Pulse Width   Slow    RAMD32/CLK   n/a            1.250         5.000       3.750      SLICE_X20Y31  lenet_system_i/smartconnect_0/inst/m00_nodes/m00_ar_node/inst/inst_mi_handler/gen_normal_area.inst_fifo_node_payld/gen_xpm_memory_fifo.inst_fifo/gen_mem_rep[0].inst_xpm_memory/xpm_memory_base_inst/gen_wr_a.gen_word_narrow.mem_reg_0_31_0_5/RAMC_D1/CLK
Low Pulse Width   Fast    RAMD32/CLK   n/a            1.250         5.000       3.750      SLICE_X20Y31  lenet_system_i/smartconnect_0/inst/m00_nodes/m00_ar_node/inst/inst_mi_handler/gen_normal_area.inst_fifo_node_payld/gen_xpm_memory_fifo.inst_fifo/gen_mem_rep[0].inst_xpm_memory/xpm_memory_base_inst/gen_wr_a.gen_word_narrow.mem_reg_0_31_0_5/RAMC_D1/CLK
Low Pulse Width   Slow    RAMS32/CLK   n/a            1.250         5.000       3.750      SLICE_X20Y31  lenet_system_i/smartconnect_0/inst/m00_nodes/m00_ar_node/inst/inst_mi_handler/gen_normal_area.inst_fifo_node_payld/gen_xpm_memory_fifo.inst_fifo/gen_mem_rep[0].inst_xpm_memory/xpm_memory_base_inst/gen_wr_a.gen_word_narrow.mem_reg_0_31_0_5/RAMD/CLK
Low Pulse Width   Fast    RAMS32/CLK   n/a            1.250         5.000       3.750      SLICE_X20Y31  lenet_system_i/smartconnect_0/inst/m00_nodes/m00_ar_node/inst/inst_mi_handler/gen_normal_area.inst_fifo_node_payld/gen_xpm_memory_fifo.inst_fifo/gen_mem_rep[0].inst_xpm_memory/xpm_memory_base_inst/gen_wr_a.gen_word_narrow.mem_reg_0_31_0_5/RAMD/CLK
Low Pulse Width   Slow    RAMS32/CLK   n/a            1.250         5.000       3.750      SLICE_X20Y31  lenet_system_i/smartconnect_0/inst/m00_nodes/m00_ar_node/inst/inst_mi_handler/gen_normal_area.inst_fifo_node_payld/gen_xpm_memory_fifo.inst_fifo/gen_mem_rep[0].inst_xpm_memory/xpm_memory_base_inst/gen_wr_a.gen_word_narrow.mem_reg_0_31_0_5/RAMD_D1/CLK
Low Pulse Width   Fast    RAMS32/CLK   n/a            1.250         5.000       3.750      SLICE_X20Y31  lenet_system_i/smartconnect_0/inst/m00_nodes/m00_ar_node/inst/inst_mi_handler/gen_normal_area.inst_fifo_node_payld/gen_xpm_memory_fifo.inst_fifo/gen_mem_rep[0].inst_xpm_memory/xpm_memory_base_inst/gen_wr_a.gen_word_narrow.mem_reg_0_31_0_5/RAMD_D1/CLK
Low Pulse Width   Slow    RAMD32/CLK   n/a            1.250         5.000       3.750      SLICE_X26Y32  lenet_system_i/smartconnect_0/inst/m00_nodes/m00_ar_node/inst/inst_mi_handler/gen_normal_area.inst_fifo_node_payld/gen_xpm_memory_fifo.inst_fifo/gen_mem_rep[0].inst_xpm_memory/xpm_memory_base_inst/gen_wr_a.gen_word_narrow.mem_reg_0_31_102_107/RAMA/CLK
Low Pulse Width   Fast    RAMD32/CLK   n/a            1.250         5.000       3.750      SLICE_X26Y32  lenet_system_i/smartconnect_0/inst/m00_nodes/m00_ar_node/inst/inst_mi_handler/gen_normal_area.inst_fifo_node_payld/gen_xpm_memory_fifo.inst_fifo/gen_mem_rep[0].inst_xpm_memory/xpm_memory_base_inst/gen_wr_a.gen_word_narrow.mem_reg_0_31_102_107/RAMA/CLK
Low Pulse Width   Slow    RAMD32/CLK   n/a            1.250         5.000       3.750      SLICE_X26Y32  lenet_system_i/smartconnect_0/inst/m00_nodes/m00_ar_node/inst/inst_mi_handler/gen_normal_area.inst_fifo_node_payld/gen_xpm_memory_fifo.inst_fifo/gen_mem_rep[0].inst_xpm_memory/xpm_memory_base_inst/gen_wr_a.gen_word_narrow.mem_reg_0_31_102_107/RAMA_D1/CLK
Low Pulse Width   Fast    RAMD32/CLK   n/a            1.250         5.000       3.750      SLICE_X26Y32  lenet_system_i/smartconnect_0/inst/m00_nodes/m00_ar_node/inst/inst_mi_handler/gen_normal_area.inst_fifo_node_payld/gen_xpm_memory_fifo.inst_fifo/gen_mem_rep[0].inst_xpm_memory/xpm_memory_base_inst/gen_wr_a.gen_word_narrow.mem_reg_0_31_102_107/RAMA_D1/CLK
High Pulse Width  Slow    RAMD32/CLK   n/a            1.250         5.000       3.750      SLICE_X20Y31  lenet_system_i/smartconnect_0/inst/m00_nodes/m00_ar_node/inst/inst_mi_handler/gen_normal_area.inst_fifo_node_payld/gen_xpm_memory_fifo.inst_fifo/gen_mem_rep[0].inst_xpm_memory/xpm_memory_base_inst/gen_wr_a.gen_word_narrow.mem_reg_0_31_0_5/RAMA/CLK
High Pulse Width  Fast    RAMD32/CLK   n/a            1.250         5.000       3.750      SLICE_X20Y31  lenet_system_i/smartconnect_0/inst/m00_nodes/m00_ar_node/inst/inst_mi_handler/gen_normal_area.inst_fifo_node_payld/gen_xpm_memory_fifo.inst_fifo/gen_mem_rep[0].inst_xpm_memory/xpm_memory_base_inst/gen_wr_a.gen_word_narrow.mem_reg_0_31_0_5/RAMA/CLK
High Pulse Width  Slow    RAMD32/CLK   n/a            1.250         5.000       3.750      SLICE_X20Y31  lenet_system_i/smartconnect_0/inst/m00_nodes/m00_ar_node/inst/inst_mi_handler/gen_normal_area.inst_fifo_node_payld/gen_xpm_memory_fifo.inst_fifo/gen_mem_rep[0].inst_xpm_memory/xpm_memory_base_inst/gen_wr_a.gen_word_narrow.mem_reg_0_31_0_5/RAMA_D1/CLK
High Pulse Width  Fast    RAMD32/CLK   n/a            1.250         5.000       3.750      SLICE_X20Y31  lenet_system_i/smartconnect_0/inst/m00_nodes/m00_ar_node/inst/inst_mi_handler/gen_normal_area.inst_fifo_node_payld/gen_xpm_memory_fifo.inst_fifo/gen_mem_rep[0].inst_xpm_memory/xpm_memory_base_inst/gen_wr_a.gen_word_narrow.mem_reg_0_31_0_5/RAMA_D1/CLK
High Pulse Width  Slow    RAMD32/CLK   n/a            1.250         5.000       3.750      SLICE_X20Y31  lenet_system_i/smartconnect_0/inst/m00_nodes/m00_ar_node/inst/inst_mi_handler/gen_normal_area.inst_fifo_node_payld/gen_xpm_memory_fifo.inst_fifo/gen_mem_rep[0].inst_xpm_memory/xpm_memory_base_inst/gen_wr_a.gen_word_narrow.mem_reg_0_31_0_5/RAMB/CLK
High Pulse Width  Fast    RAMD32/CLK   n/a            1.250         5.000       3.750      SLICE_X20Y31  lenet_system_i/smartconnect_0/inst/m00_nodes/m00_ar_node/inst/inst_mi_handler/gen_normal_area.inst_fifo_node_payld/gen_xpm_memory_fifo.inst_fifo/gen_mem_rep[0].inst_xpm_memory/xpm_memory_base_inst/gen_wr_a.gen_word_narrow.mem_reg_0_31_0_5/RAMB/CLK
High Pulse Width  Slow    RAMD32/CLK   n/a            1.250         5.000       3.750      SLICE_X20Y31  lenet_system_i/smartconnect_0/inst/m00_nodes/m00_ar_node/inst/inst_mi_handler/gen_normal_area.inst_fifo_node_payld/gen_xpm_memory_fifo.inst_fifo/gen_mem_rep[0].inst_xpm_memory/xpm_memory_base_inst/gen_wr_a.gen_word_narrow.mem_reg_0_31_0_5/RAMB_D1/CLK
High Pulse Width  Fast    RAMD32/CLK   n/a            1.250         5.000       3.750      SLICE_X20Y31  lenet_system_i/smartconnect_0/inst/m00_nodes/m00_ar_node/inst/inst_mi_handler/gen_normal_area.inst_fifo_node_payld/gen_xpm_memory_fifo.inst_fifo/gen_mem_rep[0].inst_xpm_memory/xpm_memory_base_inst/gen_wr_a.gen_word_narrow.mem_reg_0_31_0_5/RAMB_D1/CLK
High Pulse Width  Slow    RAMD32/CLK   n/a            1.250         5.000       3.750      SLICE_X20Y31  lenet_system_i/smartconnect_0/inst/m00_nodes/m00_ar_node/inst/inst_mi_handler/gen_normal_area.inst_fifo_node_payld/gen_xpm_memory_fifo.inst_fifo/gen_mem_rep[0].inst_xpm_memory/xpm_memory_base_inst/gen_wr_a.gen_word_narrow.mem_reg_0_31_0_5/RAMC/CLK
High Pulse Width  Fast    RAMD32/CLK   n/a            1.250         5.000       3.750      SLICE_X20Y31  lenet_system_i/smartconnect_0/inst/m00_nodes/m00_ar_node/inst/inst_mi_handler/gen_normal_area.inst_fifo_node_payld/gen_xpm_memory_fifo.inst_fifo/gen_mem_rep[0].inst_xpm_memory/xpm_memory_base_inst/gen_wr_a.gen_word_narrow.mem_reg_0_31_0_5/RAMC/CLK
High Pulse Width  Slow    RAMD32/CLK   n/a            1.250         5.000       3.750      SLICE_X20Y31  lenet_system_i/smartconnect_0/inst/m00_nodes/m00_ar_node/inst/inst_mi_handler/gen_normal_area.inst_fifo_node_payld/gen_xpm_memory_fifo.inst_fifo/gen_mem_rep[0].inst_xpm_memory/xpm_memory_base_inst/gen_wr_a.gen_word_narrow.mem_reg_0_31_0_5/RAMC_D1/CLK
High Pulse Width  Fast    RAMD32/CLK   n/a            1.250         5.000       3.750      SLICE_X20Y31  lenet_system_i/smartconnect_0/inst/m00_nodes/m00_ar_node/inst/inst_mi_handler/gen_normal_area.inst_fifo_node_payld/gen_xpm_memory_fifo.inst_fifo/gen_mem_rep[0].inst_xpm_memory/xpm_memory_base_inst/gen_wr_a.gen_word_narrow.mem_reg_0_31_0_5/RAMC_D1/CLK
High Pulse Width  Slow    RAMS32/CLK   n/a            1.250         5.000       3.750      SLICE_X20Y31  lenet_system_i/smartconnect_0/inst/m00_nodes/m00_ar_node/inst/inst_mi_handler/gen_normal_area.inst_fifo_node_payld/gen_xpm_memory_fifo.inst_fifo/gen_mem_rep[0].inst_xpm_memory/xpm_memory_base_inst/gen_wr_a.gen_word_narrow.mem_reg_0_31_0_5/RAMD/CLK
High Pulse Width  Fast    RAMS32/CLK   n/a            1.250         5.000       3.750      SLICE_X20Y31  lenet_system_i/smartconnect_0/inst/m00_nodes/m00_ar_node/inst/inst_mi_handler/gen_normal_area.inst_fifo_node_payld/gen_xpm_memory_fifo.inst_fifo/gen_mem_rep[0].inst_xpm_memory/xpm_memory_base_inst/gen_wr_a.gen_word_narrow.mem_reg_0_31_0_5/RAMD/CLK
High Pulse Width  Slow    RAMS32/CLK   n/a            1.250         5.000       3.750      SLICE_X20Y31  lenet_system_i/smartconnect_0/inst/m00_nodes/m00_ar_node/inst/inst_mi_handler/gen_normal_area.inst_fifo_node_payld/gen_xpm_memory_fifo.inst_fifo/gen_mem_rep[0].inst_xpm_memory/xpm_memory_base_inst/gen_wr_a.gen_word_narrow.mem_reg_0_31_0_5/RAMD_D1/CLK
High Pulse Width  Fast    RAMS32/CLK   n/a            1.250         5.000       3.750      SLICE_X20Y31  lenet_system_i/smartconnect_0/inst/m00_nodes/m00_ar_node/inst/inst_mi_handler/gen_normal_area.inst_fifo_node_payld/gen_xpm_memory_fifo.inst_fifo/gen_mem_rep[0].inst_xpm_memory/xpm_memory_base_inst/gen_wr_a.gen_word_narrow.mem_reg_0_31_0_5/RAMD_D1/CLK
High Pulse Width  Slow    RAMD32/CLK   n/a            1.250         5.000       3.750      SLICE_X26Y32  lenet_system_i/smartconnect_0/inst/m00_nodes/m00_ar_node/inst/inst_mi_handler/gen_normal_area.inst_fifo_node_payld/gen_xpm_memory_fifo.inst_fifo/gen_mem_rep[0].inst_xpm_memory/xpm_memory_base_inst/gen_wr_a.gen_word_narrow.mem_reg_0_31_102_107/RAMA/CLK
High Pulse Width  Fast    RAMD32/CLK   n/a            1.250         5.000       3.750      SLICE_X26Y32  lenet_system_i/smartconnect_0/inst/m00_nodes/m00_ar_node/inst/inst_mi_handler/gen_normal_area.inst_fifo_node_payld/gen_xpm_memory_fifo.inst_fifo/gen_mem_rep[0].inst_xpm_memory/xpm_memory_base_inst/gen_wr_a.gen_word_narrow.mem_reg_0_31_102_107/RAMA/CLK
High Pulse Width  Slow    RAMD32/CLK   n/a            1.250         5.000       3.750      SLICE_X26Y32  lenet_system_i/smartconnect_0/inst/m00_nodes/m00_ar_node/inst/inst_mi_handler/gen_normal_area.inst_fifo_node_payld/gen_xpm_memory_fifo.inst_fifo/gen_mem_rep[0].inst_xpm_memory/xpm_memory_base_inst/gen_wr_a.gen_word_narrow.mem_reg_0_31_102_107/RAMA_D1/CLK
High Pulse Width  Fast    RAMD32/CLK   n/a            1.250         5.000       3.750      SLICE_X26Y32  lenet_system_i/smartconnect_0/inst/m00_nodes/m00_ar_node/inst/inst_mi_handler/gen_normal_area.inst_fifo_node_payld/gen_xpm_memory_fifo.inst_fifo/gen_mem_rep[0].inst_xpm_memory/xpm_memory_base_inst/gen_wr_a.gen_word_narrow.mem_reg_0_31_102_107/RAMA_D1/CLK



--------------------------------------------------------------------------------------
Path Group:  (none)
From Clock:  
  To Clock:  clk_fpga_0

Max Delay             1 Endpoint
Min Delay             1 Endpoint
--------------------------------------------------------------------------------------


Max Delay Paths
--------------------------------------------------------------------------------------
Slack:                    inf
  Source:                 lenet_system_i/processing_system7_0/inst/PS7_i/FCLKRESETN[0]
                            (internal pin)
  Destination:            lenet_system_i/proc_sys_reset_0/U0/EXT_LPF/ACTIVE_HIGH_EXT.ACT_HI_EXT/GENERATE_LEVEL_P_S_CDC.SINGLE_BIT.CROSS_PLEVEL_IN2SCNDRY_IN_cdc_to/D
                            (rising edge-triggered cell FDRE clocked by clk_fpga_0  {rise@0.000ns fall@5.000ns period=10.000ns})
  Path Group:             (none)
  Path Type:              Setup (Max at Slow Process Corner)
  Data Path Delay:        4.598ns  (logic 0.124ns (2.697%)  route 4.474ns (97.303%))
  Logic Levels:           1  (LUT1=1)
  Clock Uncertainty:      0.152ns  ((TSJ^2 + TIJ^2)^1/2 + DJ) / 2 + PE
    Total System Jitter     (TSJ):    0.050ns
    Total Input Jitter      (TIJ):    0.300ns
    Discrete Jitter          (DJ):    0.000ns
    Phase Error              (PE):    0.000ns
  Timing Exception:       False Path

    Location             Delay type                Incr(ns)  Path(ns)    Netlist Resource(s)
  -------------------------------------------------------------------    -------------------
    PS7_X0Y0             PS7                          0.000     0.000 f  lenet_system_i/processing_system7_0/inst/PS7_i/FCLKRESETN[0]
                         net (fo=1, routed)           3.915     3.915    lenet_system_i/proc_sys_reset_0/U0/EXT_LPF/ACTIVE_HIGH_EXT.ACT_HI_EXT/ext_reset_in
    SLICE_X70Y19                                                      f  lenet_system_i/proc_sys_reset_0/U0/EXT_LPF/ACTIVE_HIGH_EXT.ACT_HI_EXT/GENERATE_LEVEL_P_S_CDC.SINGLE_BIT.CROSS_PLEVEL_IN2SCNDRY_IN_cdc_to_i_1/I0
    SLICE_X70Y19         LUT1 (Prop_lut1_I0_O)        0.124     4.039 r  lenet_system_i/proc_sys_reset_0/U0/EXT_LPF/ACTIVE_HIGH_EXT.ACT_HI_EXT/GENERATE_LEVEL_P_S_CDC.SINGLE_BIT.CROSS_PLEVEL_IN2SCNDRY_IN_cdc_to_i_1/O
                         net (fo=1, routed)           0.559     4.598    lenet_system_i/proc_sys_reset_0/U0/EXT_LPF/ACTIVE_HIGH_EXT.ACT_HI_EXT/exr_d1
    SLICE_X71Y19         FDRE                                         r  lenet_system_i/proc_sys_reset_0/U0/EXT_LPF/ACTIVE_HIGH_EXT.ACT_HI_EXT/GENERATE_LEVEL_P_S_CDC.SINGLE_BIT.CROSS_PLEVEL_IN2SCNDRY_IN_cdc_to/D
  -------------------------------------------------------------------    -------------------

                         (clock clk_fpga_0 rise edge)
                                                      0.000     0.000 r  
    PS7_X0Y0             PS7                          0.000     0.000 r  lenet_system_i/processing_system7_0/inst/PS7_i/FCLKCLK[0]
                         net (fo=1, routed)           1.088     1.088    lenet_system_i/processing_system7_0/inst/FCLK_CLK_unbuffered[0]
    BUFGCTRL_X0Y16                                                    r  lenet_system_i/processing_system7_0/inst/buffer_fclk_clk_0.FCLK_CLK_0_BUFG/I
    BUFGCTRL_X0Y16       BUFG (Prop_bufg_I_O)         0.091     1.179 r  lenet_system_i/processing_system7_0/inst/buffer_fclk_clk_0.FCLK_CLK_0_BUFG/O
                         net (fo=12009, routed)       1.547     2.727    lenet_system_i/proc_sys_reset_0/U0/EXT_LPF/ACTIVE_HIGH_EXT.ACT_HI_EXT/slowest_sync_clk
    SLICE_X71Y19         FDRE                                         r  lenet_system_i/proc_sys_reset_0/U0/EXT_LPF/ACTIVE_HIGH_EXT.ACT_HI_EXT/GENERATE_LEVEL_P_S_CDC.SINGLE_BIT.CROSS_PLEVEL_IN2SCNDRY_IN_cdc_to/C





Min Delay Paths
--------------------------------------------------------------------------------------
Slack:                    inf
  Source:                 lenet_system_i/processing_system7_0/inst/PS7_i/FCLKRESETN[0]
                            (internal pin)
  Destination:            lenet_system_i/proc_sys_reset_0/U0/EXT_LPF/ACTIVE_HIGH_EXT.ACT_HI_EXT/GENERATE_LEVEL_P_S_CDC.SINGLE_BIT.CROSS_PLEVEL_IN2SCNDRY_IN_cdc_to/D
                            (rising edge-triggered cell FDRE clocked by clk_fpga_0  {rise@0.000ns fall@5.000ns period=10.000ns})
  Path Group:             (none)
  Path Type:              Hold (Min at Fast Process Corner)
  Data Path Delay:        1.985ns  (logic 0.045ns (2.267%)  route 1.940ns (97.733%))
  Logic Levels:           1  (LUT1=1)
  Clock Uncertainty:      0.152ns  ((TSJ^2 + TIJ^2)^1/2 + DJ) / 2 + PE
    Total System Jitter     (TSJ):    0.050ns
    Total Input Jitter      (TIJ):    0.300ns
    Discrete Jitter          (DJ):    0.000ns
    Phase Error              (PE):    0.000ns
  Timing Exception:       False Path

    Location             Delay type                Incr(ns)  Path(ns)    Netlist Resource(s)
  -------------------------------------------------------------------    -------------------
    PS7_X0Y0             PS7                          0.000     0.000 f  lenet_system_i/processing_system7_0/inst/PS7_i/FCLKRESETN[0]
                         net (fo=1, routed)           1.748     1.748    lenet_system_i/proc_sys_reset_0/U0/EXT_LPF/ACTIVE_HIGH_EXT.ACT_HI_EXT/ext_reset_in
    SLICE_X70Y19                                                      f  lenet_system_i/proc_sys_reset_0/U0/EXT_LPF/ACTIVE_HIGH_EXT.ACT_HI_EXT/GENERATE_LEVEL_P_S_CDC.SINGLE_BIT.CROSS_PLEVEL_IN2SCNDRY_IN_cdc_to_i_1/I0
    SLICE_X70Y19         LUT1 (Prop_lut1_I0_O)        0.045     1.793 r  lenet_system_i/proc_sys_reset_0/U0/EXT_LPF/ACTIVE_HIGH_EXT.ACT_HI_EXT/GENERATE_LEVEL_P_S_CDC.SINGLE_BIT.CROSS_PLEVEL_IN2SCNDRY_IN_cdc_to_i_1/O
                         net (fo=1, routed)           0.192     1.985    lenet_system_i/proc_sys_reset_0/U0/EXT_LPF/ACTIVE_HIGH_EXT.ACT_HI_EXT/exr_d1
    SLICE_X71Y19         FDRE                                         r  lenet_system_i/proc_sys_reset_0/U0/EXT_LPF/ACTIVE_HIGH_EXT.ACT_HI_EXT/GENERATE_LEVEL_P_S_CDC.SINGLE_BIT.CROSS_PLEVEL_IN2SCNDRY_IN_cdc_to/D
  -------------------------------------------------------------------    -------------------

                         (clock clk_fpga_0 rise edge)
                                                      0.000     0.000 r  
    PS7_X0Y0             PS7                          0.000     0.000 r  lenet_system_i/processing_system7_0/inst/PS7_i/FCLKCLK[0]
                         net (fo=1, routed)           0.337     0.337    lenet_system_i/processing_system7_0/inst/FCLK_CLK_unbuffered[0]
    BUFGCTRL_X0Y16                                                    r  lenet_system_i/processing_system7_0/inst/buffer_fclk_clk_0.FCLK_CLK_0_BUFG/I
    BUFGCTRL_X0Y16       BUFG (Prop_bufg_I_O)         0.029     0.366 r  lenet_system_i/processing_system7_0/inst/buffer_fclk_clk_0.FCLK_CLK_0_BUFG/O
                         net (fo=12009, routed)       0.844     1.210    lenet_system_i/proc_sys_reset_0/U0/EXT_LPF/ACTIVE_HIGH_EXT.ACT_HI_EXT/slowest_sync_clk
    SLICE_X71Y19         FDRE                                         r  lenet_system_i/proc_sys_reset_0/U0/EXT_LPF/ACTIVE_HIGH_EXT.ACT_HI_EXT/GENERATE_LEVEL_P_S_CDC.SINGLE_BIT.CROSS_PLEVEL_IN2SCNDRY_IN_cdc_to/C





--------------------------------------------------------------------------------------
Path Group:  (none)
From Clock:  clk_fpga_0
  To Clock:  clk_fpga_0

Max Delay            67 Endpoints
Min Delay            67 Endpoints
--------------------------------------------------------------------------------------


Max Delay Paths
--------------------------------------------------------------------------------------
Slack:                    inf
  Source:                 lenet_system_i/smartconnect_0/inst/clk_map/psr_aclk/U0/ACTIVE_LOW_BSR_OUT_DFF[0].FDRE_BSR_N/C
                            (rising edge-triggered cell FDRE clocked by clk_fpga_0  {rise@0.000ns fall@5.000ns period=10.000ns})
  Destination:            lenet_system_i/smartconnect_0/inst/m00_exit_pipeline/m00_exit/inst/xpm_cdc_async_rst_inst/arststages_ff_reg[0]/CLR
                            (recovery check against rising-edge clock clk_fpga_0  {rise@0.000ns fall@5.000ns period=10.000ns})
  Path Group:             (none)
  Path Type:              Recovery (Max at Slow Process Corner)
  Data Path Delay:        5.601ns  (logic 0.609ns (10.873%)  route 4.992ns (89.127%))
  Logic Levels:           1  (LUT1=1)
  Clock Path Skew:        -0.177ns (DCD - SCD + CPR)
    Destination Clock Delay (DCD):    2.837ns
    Source Clock Delay      (SCD):    3.014ns
    Clock Pessimism Removal (CPR):    0.000ns
  Clock Uncertainty:      0.154ns  ((TSJ^2 + TIJ^2)^1/2 + DJ) / 2 + PE
    Total System Jitter     (TSJ):    0.071ns
    Total Input Jitter      (TIJ):    0.300ns
    Discrete Jitter          (DJ):    0.000ns
    Phase Error              (PE):    0.000ns
  Timing Exception:       False Path

    Location             Delay type                Incr(ns)  Path(ns)    Netlist Resource(s)
  -------------------------------------------------------------------    -------------------
                         (clock clk_fpga_0 rise edge)
                                                      0.000     0.000 r  
    PS7_X0Y0             PS7                          0.000     0.000 r  lenet_system_i/processing_system7_0/inst/PS7_i/FCLKCLK[0]
                         net (fo=1, routed)           1.193     1.193    lenet_system_i/processing_system7_0/inst/FCLK_CLK_unbuffered[0]
    BUFGCTRL_X0Y16                                                    r  lenet_system_i/processing_system7_0/inst/buffer_fclk_clk_0.FCLK_CLK_0_BUFG/I
    BUFGCTRL_X0Y16       BUFG (Prop_bufg_I_O)         0.101     1.294 r  lenet_system_i/processing_system7_0/inst/buffer_fclk_clk_0.FCLK_CLK_0_BUFG/O
                         net (fo=12009, routed)       1.720     3.014    lenet_system_i/smartconnect_0/inst/clk_map/psr_aclk/U0/aclk
    SLICE_X57Y17         FDRE                                         r  lenet_system_i/smartconnect_0/inst/clk_map/psr_aclk/U0/ACTIVE_LOW_BSR_OUT_DFF[0].FDRE_BSR_N/C
  -------------------------------------------------------------------    -------------------
    SLICE_X57Y17         FDRE (Prop_fdre_C_Q)         0.456     3.470 r  lenet_system_i/smartconnect_0/inst/clk_map/psr_aclk/U0/ACTIVE_LOW_BSR_OUT_DFF[0].FDRE_BSR_N/Q
                         net (fo=22, routed)          4.367     7.837    lenet_system_i/smartconnect_0/inst/m00_exit_pipeline/m00_exit/inst/xpm_cdc_async_rst_inst/src_arst
    SLICE_X4Y43                                                       r  lenet_system_i/smartconnect_0/inst/m00_exit_pipeline/m00_exit/inst/xpm_cdc_async_rst_inst/arststages_ff[2]_i_1/I0
    SLICE_X4Y43          LUT1 (Prop_lut1_I0_O)        0.153     7.990 f  lenet_system_i/smartconnect_0/inst/m00_exit_pipeline/m00_exit/inst/xpm_cdc_async_rst_inst/arststages_ff[2]_i_1/O
                         net (fo=3, routed)           0.625     8.615    lenet_system_i/smartconnect_0/inst/m00_exit_pipeline/m00_exit/inst/xpm_cdc_async_rst_inst/reset_pol
    SLICE_X5Y45          FDCE                                         f  lenet_system_i/smartconnect_0/inst/m00_exit_pipeline/m00_exit/inst/xpm_cdc_async_rst_inst/arststages_ff_reg[0]/CLR
  -------------------------------------------------------------------    -------------------

                         (clock clk_fpga_0 rise edge)
                                                      0.000     0.000 r  
    PS7_X0Y0             PS7                          0.000     0.000 r  lenet_system_i/processing_system7_0/inst/PS7_i/FCLKCLK[0]
                         net (fo=1, routed)           1.088     1.088    lenet_system_i/processing_system7_0/inst/FCLK_CLK_unbuffered[0]
    BUFGCTRL_X0Y16                                                    r  lenet_system_i/processing_system7_0/inst/buffer_fclk_clk_0.FCLK_CLK_0_BUFG/I
    BUFGCTRL_X0Y16       BUFG (Prop_bufg_I_O)         0.091     1.179 r  lenet_system_i/processing_system7_0/inst/buffer_fclk_clk_0.FCLK_CLK_0_BUFG/O
                         net (fo=12009, routed)       1.658     2.837    lenet_system_i/smartconnect_0/inst/m00_exit_pipeline/m00_exit/inst/xpm_cdc_async_rst_inst/dest_clk
    SLICE_X5Y45          FDCE                                         r  lenet_system_i/smartconnect_0/inst/m00_exit_pipeline/m00_exit/inst/xpm_cdc_async_rst_inst/arststages_ff_reg[0]/C

Slack:                    inf
  Source:                 lenet_system_i/smartconnect_0/inst/clk_map/psr_aclk/U0/ACTIVE_LOW_BSR_OUT_DFF[0].FDRE_BSR_N/C
                            (rising edge-triggered cell FDRE clocked by clk_fpga_0  {rise@0.000ns fall@5.000ns period=10.000ns})
  Destination:            lenet_system_i/smartconnect_0/inst/m00_exit_pipeline/m00_exit/inst/xpm_cdc_async_rst_inst/arststages_ff_reg[1]/CLR
                            (recovery check against rising-edge clock clk_fpga_0  {rise@0.000ns fall@5.000ns period=10.000ns})
  Path Group:             (none)
  Path Type:              Recovery (Max at Slow Process Corner)
  Data Path Delay:        5.601ns  (logic 0.609ns (10.873%)  route 4.992ns (89.127%))
  Logic Levels:           1  (LUT1=1)
  Clock Path Skew:        -0.177ns (DCD - SCD + CPR)
    Destination Clock Delay (DCD):    2.837ns
    Source Clock Delay      (SCD):    3.014ns
    Clock Pessimism Removal (CPR):    0.000ns
  Clock Uncertainty:      0.154ns  ((TSJ^2 + TIJ^2)^1/2 + DJ) / 2 + PE
    Total System Jitter     (TSJ):    0.071ns
    Total Input Jitter      (TIJ):    0.300ns
    Discrete Jitter          (DJ):    0.000ns
    Phase Error              (PE):    0.000ns
  Timing Exception:       False Path

    Location             Delay type                Incr(ns)  Path(ns)    Netlist Resource(s)
  -------------------------------------------------------------------    -------------------
                         (clock clk_fpga_0 rise edge)
                                                      0.000     0.000 r  
    PS7_X0Y0             PS7                          0.000     0.000 r  lenet_system_i/processing_system7_0/inst/PS7_i/FCLKCLK[0]
                         net (fo=1, routed)           1.193     1.193    lenet_system_i/processing_system7_0/inst/FCLK_CLK_unbuffered[0]
    BUFGCTRL_X0Y16                                                    r  lenet_system_i/processing_system7_0/inst/buffer_fclk_clk_0.FCLK_CLK_0_BUFG/I
    BUFGCTRL_X0Y16       BUFG (Prop_bufg_I_O)         0.101     1.294 r  lenet_system_i/processing_system7_0/inst/buffer_fclk_clk_0.FCLK_CLK_0_BUFG/O
                         net (fo=12009, routed)       1.720     3.014    lenet_system_i/smartconnect_0/inst/clk_map/psr_aclk/U0/aclk
    SLICE_X57Y17         FDRE                                         r  lenet_system_i/smartconnect_0/inst/clk_map/psr_aclk/U0/ACTIVE_LOW_BSR_OUT_DFF[0].FDRE_BSR_N/C
  -------------------------------------------------------------------    -------------------
    SLICE_X57Y17         FDRE (Prop_fdre_C_Q)         0.456     3.470 r  lenet_system_i/smartconnect_0/inst/clk_map/psr_aclk/U0/ACTIVE_LOW_BSR_OUT_DFF[0].FDRE_BSR_N/Q
                         net (fo=22, routed)          4.367     7.837    lenet_system_i/smartconnect_0/inst/m00_exit_pipeline/m00_exit/inst/xpm_cdc_async_rst_inst/src_arst
    SLICE_X4Y43                                                       r  lenet_system_i/smartconnect_0/inst/m00_exit_pipeline/m00_exit/inst/xpm_cdc_async_rst_inst/arststages_ff[2]_i_1/I0
    SLICE_X4Y43          LUT1 (Prop_lut1_I0_O)        0.153     7.990 f  lenet_system_i/smartconnect_0/inst/m00_exit_pipeline/m00_exit/inst/xpm_cdc_async_rst_inst/arststages_ff[2]_i_1/O
                         net (fo=3, routed)           0.625     8.615    lenet_system_i/smartconnect_0/inst/m00_exit_pipeline/m00_exit/inst/xpm_cdc_async_rst_inst/reset_pol
    SLICE_X5Y45          FDCE                                         f  lenet_system_i/smartconnect_0/inst/m00_exit_pipeline/m00_exit/inst/xpm_cdc_async_rst_inst/arststages_ff_reg[1]/CLR
  -------------------------------------------------------------------    -------------------

                         (clock clk_fpga_0 rise edge)
                                                      0.000     0.000 r  
    PS7_X0Y0             PS7                          0.000     0.000 r  lenet_system_i/processing_system7_0/inst/PS7_i/FCLKCLK[0]
                         net (fo=1, routed)           1.088     1.088    lenet_system_i/processing_system7_0/inst/FCLK_CLK_unbuffered[0]
    BUFGCTRL_X0Y16                                                    r  lenet_system_i/processing_system7_0/inst/buffer_fclk_clk_0.FCLK_CLK_0_BUFG/I
    BUFGCTRL_X0Y16       BUFG (Prop_bufg_I_O)         0.091     1.179 r  lenet_system_i/processing_system7_0/inst/buffer_fclk_clk_0.FCLK_CLK_0_BUFG/O
                         net (fo=12009, routed)       1.658     2.837    lenet_system_i/smartconnect_0/inst/m00_exit_pipeline/m00_exit/inst/xpm_cdc_async_rst_inst/dest_clk
    SLICE_X5Y45          FDCE                                         r  lenet_system_i/smartconnect_0/inst/m00_exit_pipeline/m00_exit/inst/xpm_cdc_async_rst_inst/arststages_ff_reg[1]/C

Slack:                    inf
  Source:                 lenet_system_i/smartconnect_0/inst/clk_map/psr_aclk/U0/ACTIVE_LOW_BSR_OUT_DFF[0].FDRE_BSR_N/C
                            (rising edge-triggered cell FDRE clocked by clk_fpga_0  {rise@0.000ns fall@5.000ns period=10.000ns})
  Destination:            lenet_system_i/smartconnect_0/inst/m00_exit_pipeline/m00_exit/inst/xpm_cdc_async_rst_inst/arststages_ff_reg[2]/CLR
                            (recovery check against rising-edge clock clk_fpga_0  {rise@0.000ns fall@5.000ns period=10.000ns})
  Path Group:             (none)
  Path Type:              Recovery (Max at Slow Process Corner)
  Data Path Delay:        5.601ns  (logic 0.609ns (10.873%)  route 4.992ns (89.127%))
  Logic Levels:           1  (LUT1=1)
  Clock Path Skew:        -0.177ns (DCD - SCD + CPR)
    Destination Clock Delay (DCD):    2.837ns
    Source Clock Delay      (SCD):    3.014ns
    Clock Pessimism Removal (CPR):    0.000ns
  Clock Uncertainty:      0.154ns  ((TSJ^2 + TIJ^2)^1/2 + DJ) / 2 + PE
    Total System Jitter     (TSJ):    0.071ns
    Total Input Jitter      (TIJ):    0.300ns
    Discrete Jitter          (DJ):    0.000ns
    Phase Error              (PE):    0.000ns
  Timing Exception:       False Path

    Location             Delay type                Incr(ns)  Path(ns)    Netlist Resource(s)
  -------------------------------------------------------------------    -------------------
                         (clock clk_fpga_0 rise edge)
                                                      0.000     0.000 r  
    PS7_X0Y0             PS7                          0.000     0.000 r  lenet_system_i/processing_system7_0/inst/PS7_i/FCLKCLK[0]
                         net (fo=1, routed)           1.193     1.193    lenet_system_i/processing_system7_0/inst/FCLK_CLK_unbuffered[0]
    BUFGCTRL_X0Y16                                                    r  lenet_system_i/processing_system7_0/inst/buffer_fclk_clk_0.FCLK_CLK_0_BUFG/I
    BUFGCTRL_X0Y16       BUFG (Prop_bufg_I_O)         0.101     1.294 r  lenet_system_i/processing_system7_0/inst/buffer_fclk_clk_0.FCLK_CLK_0_BUFG/O
                         net (fo=12009, routed)       1.720     3.014    lenet_system_i/smartconnect_0/inst/clk_map/psr_aclk/U0/aclk
    SLICE_X57Y17         FDRE                                         r  lenet_system_i/smartconnect_0/inst/clk_map/psr_aclk/U0/ACTIVE_LOW_BSR_OUT_DFF[0].FDRE_BSR_N/C
  -------------------------------------------------------------------    -------------------
    SLICE_X57Y17         FDRE (Prop_fdre_C_Q)         0.456     3.470 r  lenet_system_i/smartconnect_0/inst/clk_map/psr_aclk/U0/ACTIVE_LOW_BSR_OUT_DFF[0].FDRE_BSR_N/Q
                         net (fo=22, routed)          4.367     7.837    lenet_system_i/smartconnect_0/inst/m00_exit_pipeline/m00_exit/inst/xpm_cdc_async_rst_inst/src_arst
    SLICE_X4Y43                                                       r  lenet_system_i/smartconnect_0/inst/m00_exit_pipeline/m00_exit/inst/xpm_cdc_async_rst_inst/arststages_ff[2]_i_1/I0
    SLICE_X4Y43          LUT1 (Prop_lut1_I0_O)        0.153     7.990 f  lenet_system_i/smartconnect_0/inst/m00_exit_pipeline/m00_exit/inst/xpm_cdc_async_rst_inst/arststages_ff[2]_i_1/O
                         net (fo=3, routed)           0.625     8.615    lenet_system_i/smartconnect_0/inst/m00_exit_pipeline/m00_exit/inst/xpm_cdc_async_rst_inst/reset_pol
    SLICE_X5Y45          FDCE                                         f  lenet_system_i/smartconnect_0/inst/m00_exit_pipeline/m00_exit/inst/xpm_cdc_async_rst_inst/arststages_ff_reg[2]/CLR
  -------------------------------------------------------------------    -------------------

                         (clock clk_fpga_0 rise edge)
                                                      0.000     0.000 r  
    PS7_X0Y0             PS7                          0.000     0.000 r  lenet_system_i/processing_system7_0/inst/PS7_i/FCLKCLK[0]
                         net (fo=1, routed)           1.088     1.088    lenet_system_i/processing_system7_0/inst/FCLK_CLK_unbuffered[0]
    BUFGCTRL_X0Y16                                                    r  lenet_system_i/processing_system7_0/inst/buffer_fclk_clk_0.FCLK_CLK_0_BUFG/I
    BUFGCTRL_X0Y16       BUFG (Prop_bufg_I_O)         0.091     1.179 r  lenet_system_i/processing_system7_0/inst/buffer_fclk_clk_0.FCLK_CLK_0_BUFG/O
                         net (fo=12009, routed)       1.658     2.837    lenet_system_i/smartconnect_0/inst/m00_exit_pipeline/m00_exit/inst/xpm_cdc_async_rst_inst/dest_clk
    SLICE_X5Y45          FDCE                                         r  lenet_system_i/smartconnect_0/inst/m00_exit_pipeline/m00_exit/inst/xpm_cdc_async_rst_inst/arststages_ff_reg[2]/C

Slack:                    inf
  Source:                 lenet_system_i/smartconnect_0/inst/clk_map/psr_aclk/U0/ACTIVE_LOW_BSR_OUT_DFF[0].FDRE_BSR_N/C
                            (rising edge-triggered cell FDRE clocked by clk_fpga_0  {rise@0.000ns fall@5.000ns period=10.000ns})
  Destination:            lenet_system_i/smartconnect_0/inst/m00_nodes/m00_b_node/inst/s_sc_xpm_cdc_async_rst_inst/arststages_ff_reg[0]/CLR
                            (recovery check against rising-edge clock clk_fpga_0  {rise@0.000ns fall@5.000ns period=10.000ns})
  Path Group:             (none)
  Path Type:              Recovery (Max at Slow Process Corner)
  Data Path Delay:        5.523ns  (logic 0.580ns (10.501%)  route 4.943ns (89.499%))
  Logic Levels:           1  (LUT1=1)
  Clock Path Skew:        -0.177ns (DCD - SCD + CPR)
    Destination Clock Delay (DCD):    2.837ns
    Source Clock Delay      (SCD):    3.014ns
    Clock Pessimism Removal (CPR):    0.000ns
  Clock Uncertainty:      0.154ns  ((TSJ^2 + TIJ^2)^1/2 + DJ) / 2 + PE
    Total System Jitter     (TSJ):    0.071ns
    Total Input Jitter      (TIJ):    0.300ns
    Discrete Jitter          (DJ):    0.000ns
    Phase Error              (PE):    0.000ns
  Timing Exception:       False Path

    Location             Delay type                Incr(ns)  Path(ns)    Netlist Resource(s)
  -------------------------------------------------------------------    -------------------
                         (clock clk_fpga_0 rise edge)
                                                      0.000     0.000 r  
    PS7_X0Y0             PS7                          0.000     0.000 r  lenet_system_i/processing_system7_0/inst/PS7_i/FCLKCLK[0]
                         net (fo=1, routed)           1.193     1.193    lenet_system_i/processing_system7_0/inst/FCLK_CLK_unbuffered[0]
    BUFGCTRL_X0Y16                                                    r  lenet_system_i/processing_system7_0/inst/buffer_fclk_clk_0.FCLK_CLK_0_BUFG/I
    BUFGCTRL_X0Y16       BUFG (Prop_bufg_I_O)         0.101     1.294 r  lenet_system_i/processing_system7_0/inst/buffer_fclk_clk_0.FCLK_CLK_0_BUFG/O
                         net (fo=12009, routed)       1.720     3.014    lenet_system_i/smartconnect_0/inst/clk_map/psr_aclk/U0/aclk
    SLICE_X57Y17         FDRE                                         r  lenet_system_i/smartconnect_0/inst/clk_map/psr_aclk/U0/ACTIVE_LOW_BSR_OUT_DFF[0].FDRE_BSR_N/C
  -------------------------------------------------------------------    -------------------
    SLICE_X57Y17         FDRE (Prop_fdre_C_Q)         0.456     3.470 r  lenet_system_i/smartconnect_0/inst/clk_map/psr_aclk/U0/ACTIVE_LOW_BSR_OUT_DFF[0].FDRE_BSR_N/Q
                         net (fo=22, routed)          4.367     7.837    lenet_system_i/smartconnect_0/inst/m00_nodes/m00_b_node/inst/s_sc_xpm_cdc_async_rst_inst/src_arst
    SLICE_X4Y43                                                       r  lenet_system_i/smartconnect_0/inst/m00_nodes/m00_b_node/inst/s_sc_xpm_cdc_async_rst_inst/arststages_ff[2]_i_1/I0
    SLICE_X4Y43          LUT1 (Prop_lut1_I0_O)        0.124     7.961 f  lenet_system_i/smartconnect_0/inst/m00_nodes/m00_b_node/inst/s_sc_xpm_cdc_async_rst_inst/arststages_ff[2]_i_1/O
                         net (fo=3, routed)           0.576     8.537    lenet_system_i/smartconnect_0/inst/m00_nodes/m00_b_node/inst/s_sc_xpm_cdc_async_rst_inst/reset_pol
    SLICE_X4Y43          FDCE                                         f  lenet_system_i/smartconnect_0/inst/m00_nodes/m00_b_node/inst/s_sc_xpm_cdc_async_rst_inst/arststages_ff_reg[0]/CLR
  -------------------------------------------------------------------    -------------------

                         (clock clk_fpga_0 rise edge)
                                                      0.000     0.000 r  
    PS7_X0Y0             PS7                          0.000     0.000 r  lenet_system_i/processing_system7_0/inst/PS7_i/FCLKCLK[0]
                         net (fo=1, routed)           1.088     1.088    lenet_system_i/processing_system7_0/inst/FCLK_CLK_unbuffered[0]
    BUFGCTRL_X0Y16                                                    r  lenet_system_i/processing_system7_0/inst/buffer_fclk_clk_0.FCLK_CLK_0_BUFG/I
    BUFGCTRL_X0Y16       BUFG (Prop_bufg_I_O)         0.091     1.179 r  lenet_system_i/processing_system7_0/inst/buffer_fclk_clk_0.FCLK_CLK_0_BUFG/O
                         net (fo=12009, routed)       1.658     2.837    lenet_system_i/smartconnect_0/inst/m00_nodes/m00_b_node/inst/s_sc_xpm_cdc_async_rst_inst/dest_clk
    SLICE_X4Y43          FDCE                                         r  lenet_system_i/smartconnect_0/inst/m00_nodes/m00_b_node/inst/s_sc_xpm_cdc_async_rst_inst/arststages_ff_reg[0]/C

Slack:                    inf
  Source:                 lenet_system_i/smartconnect_0/inst/clk_map/psr_aclk/U0/ACTIVE_LOW_BSR_OUT_DFF[0].FDRE_BSR_N/C
                            (rising edge-triggered cell FDRE clocked by clk_fpga_0  {rise@0.000ns fall@5.000ns period=10.000ns})
  Destination:            lenet_system_i/smartconnect_0/inst/m00_nodes/m00_b_node/inst/s_sc_xpm_cdc_async_rst_inst/arststages_ff_reg[1]/CLR
                            (recovery check against rising-edge clock clk_fpga_0  {rise@0.000ns fall@5.000ns period=10.000ns})
  Path Group:             (none)
  Path Type:              Recovery (Max at Slow Process Corner)
  Data Path Delay:        5.523ns  (logic 0.580ns (10.501%)  route 4.943ns (89.499%))
  Logic Levels:           1  (LUT1=1)
  Clock Path Skew:        -0.177ns (DCD - SCD + CPR)
    Destination Clock Delay (DCD):    2.837ns
    Source Clock Delay      (SCD):    3.014ns
    Clock Pessimism Removal (CPR):    0.000ns
  Clock Uncertainty:      0.154ns  ((TSJ^2 + TIJ^2)^1/2 + DJ) / 2 + PE
    Total System Jitter     (TSJ):    0.071ns
    Total Input Jitter      (TIJ):    0.300ns
    Discrete Jitter          (DJ):    0.000ns
    Phase Error              (PE):    0.000ns
  Timing Exception:       False Path

    Location             Delay type                Incr(ns)  Path(ns)    Netlist Resource(s)
  -------------------------------------------------------------------    -------------------
                         (clock clk_fpga_0 rise edge)
                                                      0.000     0.000 r  
    PS7_X0Y0             PS7                          0.000     0.000 r  lenet_system_i/processing_system7_0/inst/PS7_i/FCLKCLK[0]
                         net (fo=1, routed)           1.193     1.193    lenet_system_i/processing_system7_0/inst/FCLK_CLK_unbuffered[0]
    BUFGCTRL_X0Y16                                                    r  lenet_system_i/processing_system7_0/inst/buffer_fclk_clk_0.FCLK_CLK_0_BUFG/I
    BUFGCTRL_X0Y16       BUFG (Prop_bufg_I_O)         0.101     1.294 r  lenet_system_i/processing_system7_0/inst/buffer_fclk_clk_0.FCLK_CLK_0_BUFG/O
                         net (fo=12009, routed)       1.720     3.014    lenet_system_i/smartconnect_0/inst/clk_map/psr_aclk/U0/aclk
    SLICE_X57Y17         FDRE                                         r  lenet_system_i/smartconnect_0/inst/clk_map/psr_aclk/U0/ACTIVE_LOW_BSR_OUT_DFF[0].FDRE_BSR_N/C
  -------------------------------------------------------------------    -------------------
    SLICE_X57Y17         FDRE (Prop_fdre_C_Q)         0.456     3.470 r  lenet_system_i/smartconnect_0/inst/clk_map/psr_aclk/U0/ACTIVE_LOW_BSR_OUT_DFF[0].FDRE_BSR_N/Q
                         net (fo=22, routed)          4.367     7.837    lenet_system_i/smartconnect_0/inst/m00_nodes/m00_b_node/inst/s_sc_xpm_cdc_async_rst_inst/src_arst
    SLICE_X4Y43                                                       r  lenet_system_i/smartconnect_0/inst/m00_nodes/m00_b_node/inst/s_sc_xpm_cdc_async_rst_inst/arststages_ff[2]_i_1/I0
    SLICE_X4Y43          LUT1 (Prop_lut1_I0_O)        0.124     7.961 f  lenet_system_i/smartconnect_0/inst/m00_nodes/m00_b_node/inst/s_sc_xpm_cdc_async_rst_inst/arststages_ff[2]_i_1/O
                         net (fo=3, routed)           0.576     8.537    lenet_system_i/smartconnect_0/inst/m00_nodes/m00_b_node/inst/s_sc_xpm_cdc_async_rst_inst/reset_pol
    SLICE_X4Y43          FDCE                                         f  lenet_system_i/smartconnect_0/inst/m00_nodes/m00_b_node/inst/s_sc_xpm_cdc_async_rst_inst/arststages_ff_reg[1]/CLR
  -------------------------------------------------------------------    -------------------

                         (clock clk_fpga_0 rise edge)
                                                      0.000     0.000 r  
    PS7_X0Y0             PS7                          0.000     0.000 r  lenet_system_i/processing_system7_0/inst/PS7_i/FCLKCLK[0]
                         net (fo=1, routed)           1.088     1.088    lenet_system_i/processing_system7_0/inst/FCLK_CLK_unbuffered[0]
    BUFGCTRL_X0Y16                                                    r  lenet_system_i/processing_system7_0/inst/buffer_fclk_clk_0.FCLK_CLK_0_BUFG/I
    BUFGCTRL_X0Y16       BUFG (Prop_bufg_I_O)         0.091     1.179 r  lenet_system_i/processing_system7_0/inst/buffer_fclk_clk_0.FCLK_CLK_0_BUFG/O
                         net (fo=12009, routed)       1.658     2.837    lenet_system_i/smartconnect_0/inst/m00_nodes/m00_b_node/inst/s_sc_xpm_cdc_async_rst_inst/dest_clk
    SLICE_X4Y43          FDCE                                         r  lenet_system_i/smartconnect_0/inst/m00_nodes/m00_b_node/inst/s_sc_xpm_cdc_async_rst_inst/arststages_ff_reg[1]/C

Slack:                    inf
  Source:                 lenet_system_i/smartconnect_0/inst/clk_map/psr_aclk/U0/ACTIVE_LOW_BSR_OUT_DFF[0].FDRE_BSR_N/C
                            (rising edge-triggered cell FDRE clocked by clk_fpga_0  {rise@0.000ns fall@5.000ns period=10.000ns})
  Destination:            lenet_system_i/smartconnect_0/inst/m00_nodes/m00_b_node/inst/s_sc_xpm_cdc_async_rst_inst/arststages_ff_reg[2]/CLR
                            (recovery check against rising-edge clock clk_fpga_0  {rise@0.000ns fall@5.000ns period=10.000ns})
  Path Group:             (none)
  Path Type:              Recovery (Max at Slow Process Corner)
  Data Path Delay:        5.523ns  (logic 0.580ns (10.501%)  route 4.943ns (89.499%))
  Logic Levels:           1  (LUT1=1)
  Clock Path Skew:        -0.177ns (DCD - SCD + CPR)
    Destination Clock Delay (DCD):    2.837ns
    Source Clock Delay      (SCD):    3.014ns
    Clock Pessimism Removal (CPR):    0.000ns
  Clock Uncertainty:      0.154ns  ((TSJ^2 + TIJ^2)^1/2 + DJ) / 2 + PE
    Total System Jitter     (TSJ):    0.071ns
    Total Input Jitter      (TIJ):    0.300ns
    Discrete Jitter          (DJ):    0.000ns
    Phase Error              (PE):    0.000ns
  Timing Exception:       False Path

    Location             Delay type                Incr(ns)  Path(ns)    Netlist Resource(s)
  -------------------------------------------------------------------    -------------------
                         (clock clk_fpga_0 rise edge)
                                                      0.000     0.000 r  
    PS7_X0Y0             PS7                          0.000     0.000 r  lenet_system_i/processing_system7_0/inst/PS7_i/FCLKCLK[0]
                         net (fo=1, routed)           1.193     1.193    lenet_system_i/processing_system7_0/inst/FCLK_CLK_unbuffered[0]
    BUFGCTRL_X0Y16                                                    r  lenet_system_i/processing_system7_0/inst/buffer_fclk_clk_0.FCLK_CLK_0_BUFG/I
    BUFGCTRL_X0Y16       BUFG (Prop_bufg_I_O)         0.101     1.294 r  lenet_system_i/processing_system7_0/inst/buffer_fclk_clk_0.FCLK_CLK_0_BUFG/O
                         net (fo=12009, routed)       1.720     3.014    lenet_system_i/smartconnect_0/inst/clk_map/psr_aclk/U0/aclk
    SLICE_X57Y17         FDRE                                         r  lenet_system_i/smartconnect_0/inst/clk_map/psr_aclk/U0/ACTIVE_LOW_BSR_OUT_DFF[0].FDRE_BSR_N/C
  -------------------------------------------------------------------    -------------------
    SLICE_X57Y17         FDRE (Prop_fdre_C_Q)         0.456     3.470 r  lenet_system_i/smartconnect_0/inst/clk_map/psr_aclk/U0/ACTIVE_LOW_BSR_OUT_DFF[0].FDRE_BSR_N/Q
                         net (fo=22, routed)          4.367     7.837    lenet_system_i/smartconnect_0/inst/m00_nodes/m00_b_node/inst/s_sc_xpm_cdc_async_rst_inst/src_arst
    SLICE_X4Y43                                                       r  lenet_system_i/smartconnect_0/inst/m00_nodes/m00_b_node/inst/s_sc_xpm_cdc_async_rst_inst/arststages_ff[2]_i_1/I0
    SLICE_X4Y43          LUT1 (Prop_lut1_I0_O)        0.124     7.961 f  lenet_system_i/smartconnect_0/inst/m00_nodes/m00_b_node/inst/s_sc_xpm_cdc_async_rst_inst/arststages_ff[2]_i_1/O
                         net (fo=3, routed)           0.576     8.537    lenet_system_i/smartconnect_0/inst/m00_nodes/m00_b_node/inst/s_sc_xpm_cdc_async_rst_inst/reset_pol
    SLICE_X4Y43          FDCE                                         f  lenet_system_i/smartconnect_0/inst/m00_nodes/m00_b_node/inst/s_sc_xpm_cdc_async_rst_inst/arststages_ff_reg[2]/CLR
  -------------------------------------------------------------------    -------------------

                         (clock clk_fpga_0 rise edge)
                                                      0.000     0.000 r  
    PS7_X0Y0             PS7                          0.000     0.000 r  lenet_system_i/processing_system7_0/inst/PS7_i/FCLKCLK[0]
                         net (fo=1, routed)           1.088     1.088    lenet_system_i/processing_system7_0/inst/FCLK_CLK_unbuffered[0]
    BUFGCTRL_X0Y16                                                    r  lenet_system_i/processing_system7_0/inst/buffer_fclk_clk_0.FCLK_CLK_0_BUFG/I
    BUFGCTRL_X0Y16       BUFG (Prop_bufg_I_O)         0.091     1.179 r  lenet_system_i/processing_system7_0/inst/buffer_fclk_clk_0.FCLK_CLK_0_BUFG/O
                         net (fo=12009, routed)       1.658     2.837    lenet_system_i/smartconnect_0/inst/m00_nodes/m00_b_node/inst/s_sc_xpm_cdc_async_rst_inst/dest_clk
    SLICE_X4Y43          FDCE                                         r  lenet_system_i/smartconnect_0/inst/m00_nodes/m00_b_node/inst/s_sc_xpm_cdc_async_rst_inst/arststages_ff_reg[2]/C

Slack:                    inf
  Source:                 lenet_system_i/smartconnect_0/inst/clk_map/psr_aclk/U0/ACTIVE_LOW_BSR_OUT_DFF[0].FDRE_BSR_N/C
                            (rising edge-triggered cell FDRE clocked by clk_fpga_0  {rise@0.000ns fall@5.000ns period=10.000ns})
  Destination:            lenet_system_i/smartconnect_0/inst/s02_nodes/s02_b_node/inst/s_sc_xpm_cdc_async_rst_inst/arststages_ff_reg[0]/CLR
                            (recovery check against rising-edge clock clk_fpga_0  {rise@0.000ns fall@5.000ns period=10.000ns})
  Path Group:             (none)
  Path Type:              Recovery (Max at Slow Process Corner)
  Data Path Delay:        5.146ns  (logic 0.609ns (11.834%)  route 4.537ns (88.166%))
  Logic Levels:           1  (LUT1=1)
  Clock Path Skew:        -0.181ns (DCD - SCD + CPR)
    Destination Clock Delay (DCD):    2.833ns
    Source Clock Delay      (SCD):    3.014ns
    Clock Pessimism Removal (CPR):    0.000ns
  Clock Uncertainty:      0.154ns  ((TSJ^2 + TIJ^2)^1/2 + DJ) / 2 + PE
    Total System Jitter     (TSJ):    0.071ns
    Total Input Jitter      (TIJ):    0.300ns
    Discrete Jitter          (DJ):    0.000ns
    Phase Error              (PE):    0.000ns
  Timing Exception:       False Path

    Location             Delay type                Incr(ns)  Path(ns)    Netlist Resource(s)
  -------------------------------------------------------------------    -------------------
                         (clock clk_fpga_0 rise edge)
                                                      0.000     0.000 r  
    PS7_X0Y0             PS7                          0.000     0.000 r  lenet_system_i/processing_system7_0/inst/PS7_i/FCLKCLK[0]
                         net (fo=1, routed)           1.193     1.193    lenet_system_i/processing_system7_0/inst/FCLK_CLK_unbuffered[0]
    BUFGCTRL_X0Y16                                                    r  lenet_system_i/processing_system7_0/inst/buffer_fclk_clk_0.FCLK_CLK_0_BUFG/I
    BUFGCTRL_X0Y16       BUFG (Prop_bufg_I_O)         0.101     1.294 r  lenet_system_i/processing_system7_0/inst/buffer_fclk_clk_0.FCLK_CLK_0_BUFG/O
                         net (fo=12009, routed)       1.720     3.014    lenet_system_i/smartconnect_0/inst/clk_map/psr_aclk/U0/aclk
    SLICE_X57Y17         FDRE                                         r  lenet_system_i/smartconnect_0/inst/clk_map/psr_aclk/U0/ACTIVE_LOW_BSR_OUT_DFF[0].FDRE_BSR_N/C
  -------------------------------------------------------------------    -------------------
    SLICE_X57Y17         FDRE (Prop_fdre_C_Q)         0.456     3.470 r  lenet_system_i/smartconnect_0/inst/clk_map/psr_aclk/U0/ACTIVE_LOW_BSR_OUT_DFF[0].FDRE_BSR_N/Q
                         net (fo=22, routed)          4.005     7.475    lenet_system_i/smartconnect_0/inst/s02_nodes/s02_b_node/inst/s_sc_xpm_cdc_async_rst_inst/src_arst
    SLICE_X2Y36                                                       r  lenet_system_i/smartconnect_0/inst/s02_nodes/s02_b_node/inst/s_sc_xpm_cdc_async_rst_inst/arststages_ff[2]_i_1/I0
    SLICE_X2Y36          LUT1 (Prop_lut1_I0_O)        0.153     7.628 f  lenet_system_i/smartconnect_0/inst/s02_nodes/s02_b_node/inst/s_sc_xpm_cdc_async_rst_inst/arststages_ff[2]_i_1/O
                         net (fo=3, routed)           0.532     8.160    lenet_system_i/smartconnect_0/inst/s02_nodes/s02_b_node/inst/s_sc_xpm_cdc_async_rst_inst/reset_pol
    SLICE_X2Y36          FDCE                                         f  lenet_system_i/smartconnect_0/inst/s02_nodes/s02_b_node/inst/s_sc_xpm_cdc_async_rst_inst/arststages_ff_reg[0]/CLR
  -------------------------------------------------------------------    -------------------

                         (clock clk_fpga_0 rise edge)
                                                      0.000     0.000 r  
    PS7_X0Y0             PS7                          0.000     0.000 r  lenet_system_i/processing_system7_0/inst/PS7_i/FCLKCLK[0]
                         net (fo=1, routed)           1.088     1.088    lenet_system_i/processing_system7_0/inst/FCLK_CLK_unbuffered[0]
    BUFGCTRL_X0Y16                                                    r  lenet_system_i/processing_system7_0/inst/buffer_fclk_clk_0.FCLK_CLK_0_BUFG/I
    BUFGCTRL_X0Y16       BUFG (Prop_bufg_I_O)         0.091     1.179 r  lenet_system_i/processing_system7_0/inst/buffer_fclk_clk_0.FCLK_CLK_0_BUFG/O
                         net (fo=12009, routed)       1.654     2.833    lenet_system_i/smartconnect_0/inst/s02_nodes/s02_b_node/inst/s_sc_xpm_cdc_async_rst_inst/dest_clk
    SLICE_X2Y36          FDCE                                         r  lenet_system_i/smartconnect_0/inst/s02_nodes/s02_b_node/inst/s_sc_xpm_cdc_async_rst_inst/arststages_ff_reg[0]/C

Slack:                    inf
  Source:                 lenet_system_i/smartconnect_0/inst/clk_map/psr_aclk/U0/ACTIVE_LOW_BSR_OUT_DFF[0].FDRE_BSR_N/C
                            (rising edge-triggered cell FDRE clocked by clk_fpga_0  {rise@0.000ns fall@5.000ns period=10.000ns})
  Destination:            lenet_system_i/smartconnect_0/inst/s02_nodes/s02_b_node/inst/s_sc_xpm_cdc_async_rst_inst/arststages_ff_reg[1]/CLR
                            (recovery check against rising-edge clock clk_fpga_0  {rise@0.000ns fall@5.000ns period=10.000ns})
  Path Group:             (none)
  Path Type:              Recovery (Max at Slow Process Corner)
  Data Path Delay:        5.146ns  (logic 0.609ns (11.834%)  route 4.537ns (88.166%))
  Logic Levels:           1  (LUT1=1)
  Clock Path Skew:        -0.181ns (DCD - SCD + CPR)
    Destination Clock Delay (DCD):    2.833ns
    Source Clock Delay      (SCD):    3.014ns
    Clock Pessimism Removal (CPR):    0.000ns
  Clock Uncertainty:      0.154ns  ((TSJ^2 + TIJ^2)^1/2 + DJ) / 2 + PE
    Total System Jitter     (TSJ):    0.071ns
    Total Input Jitter      (TIJ):    0.300ns
    Discrete Jitter          (DJ):    0.000ns
    Phase Error              (PE):    0.000ns
  Timing Exception:       False Path

    Location             Delay type                Incr(ns)  Path(ns)    Netlist Resource(s)
  -------------------------------------------------------------------    -------------------
                         (clock clk_fpga_0 rise edge)
                                                      0.000     0.000 r  
    PS7_X0Y0             PS7                          0.000     0.000 r  lenet_system_i/processing_system7_0/inst/PS7_i/FCLKCLK[0]
                         net (fo=1, routed)           1.193     1.193    lenet_system_i/processing_system7_0/inst/FCLK_CLK_unbuffered[0]
    BUFGCTRL_X0Y16                                                    r  lenet_system_i/processing_system7_0/inst/buffer_fclk_clk_0.FCLK_CLK_0_BUFG/I
    BUFGCTRL_X0Y16       BUFG (Prop_bufg_I_O)         0.101     1.294 r  lenet_system_i/processing_system7_0/inst/buffer_fclk_clk_0.FCLK_CLK_0_BUFG/O
                         net (fo=12009, routed)       1.720     3.014    lenet_system_i/smartconnect_0/inst/clk_map/psr_aclk/U0/aclk
    SLICE_X57Y17         FDRE                                         r  lenet_system_i/smartconnect_0/inst/clk_map/psr_aclk/U0/ACTIVE_LOW_BSR_OUT_DFF[0].FDRE_BSR_N/C
  -------------------------------------------------------------------    -------------------
    SLICE_X57Y17         FDRE (Prop_fdre_C_Q)         0.456     3.470 r  lenet_system_i/smartconnect_0/inst/clk_map/psr_aclk/U0/ACTIVE_LOW_BSR_OUT_DFF[0].FDRE_BSR_N/Q
                         net (fo=22, routed)          4.005     7.475    lenet_system_i/smartconnect_0/inst/s02_nodes/s02_b_node/inst/s_sc_xpm_cdc_async_rst_inst/src_arst
    SLICE_X2Y36                                                       r  lenet_system_i/smartconnect_0/inst/s02_nodes/s02_b_node/inst/s_sc_xpm_cdc_async_rst_inst/arststages_ff[2]_i_1/I0
    SLICE_X2Y36          LUT1 (Prop_lut1_I0_O)        0.153     7.628 f  lenet_system_i/smartconnect_0/inst/s02_nodes/s02_b_node/inst/s_sc_xpm_cdc_async_rst_inst/arststages_ff[2]_i_1/O
                         net (fo=3, routed)           0.532     8.160    lenet_system_i/smartconnect_0/inst/s02_nodes/s02_b_node/inst/s_sc_xpm_cdc_async_rst_inst/reset_pol
    SLICE_X2Y36          FDCE                                         f  lenet_system_i/smartconnect_0/inst/s02_nodes/s02_b_node/inst/s_sc_xpm_cdc_async_rst_inst/arststages_ff_reg[1]/CLR
  -------------------------------------------------------------------    -------------------

                         (clock clk_fpga_0 rise edge)
                                                      0.000     0.000 r  
    PS7_X0Y0             PS7                          0.000     0.000 r  lenet_system_i/processing_system7_0/inst/PS7_i/FCLKCLK[0]
                         net (fo=1, routed)           1.088     1.088    lenet_system_i/processing_system7_0/inst/FCLK_CLK_unbuffered[0]
    BUFGCTRL_X0Y16                                                    r  lenet_system_i/processing_system7_0/inst/buffer_fclk_clk_0.FCLK_CLK_0_BUFG/I
    BUFGCTRL_X0Y16       BUFG (Prop_bufg_I_O)         0.091     1.179 r  lenet_system_i/processing_system7_0/inst/buffer_fclk_clk_0.FCLK_CLK_0_BUFG/O
                         net (fo=12009, routed)       1.654     2.833    lenet_system_i/smartconnect_0/inst/s02_nodes/s02_b_node/inst/s_sc_xpm_cdc_async_rst_inst/dest_clk
    SLICE_X2Y36          FDCE                                         r  lenet_system_i/smartconnect_0/inst/s02_nodes/s02_b_node/inst/s_sc_xpm_cdc_async_rst_inst/arststages_ff_reg[1]/C

Slack:                    inf
  Source:                 lenet_system_i/smartconnect_0/inst/clk_map/psr_aclk/U0/ACTIVE_LOW_BSR_OUT_DFF[0].FDRE_BSR_N/C
                            (rising edge-triggered cell FDRE clocked by clk_fpga_0  {rise@0.000ns fall@5.000ns period=10.000ns})
  Destination:            lenet_system_i/smartconnect_0/inst/s02_nodes/s02_b_node/inst/s_sc_xpm_cdc_async_rst_inst/arststages_ff_reg[2]/CLR
                            (recovery check against rising-edge clock clk_fpga_0  {rise@0.000ns fall@5.000ns period=10.000ns})
  Path Group:             (none)
  Path Type:              Recovery (Max at Slow Process Corner)
  Data Path Delay:        5.146ns  (logic 0.609ns (11.834%)  route 4.537ns (88.166%))
  Logic Levels:           1  (LUT1=1)
  Clock Path Skew:        -0.181ns (DCD - SCD + CPR)
    Destination Clock Delay (DCD):    2.833ns
    Source Clock Delay      (SCD):    3.014ns
    Clock Pessimism Removal (CPR):    0.000ns
  Clock Uncertainty:      0.154ns  ((TSJ^2 + TIJ^2)^1/2 + DJ) / 2 + PE
    Total System Jitter     (TSJ):    0.071ns
    Total Input Jitter      (TIJ):    0.300ns
    Discrete Jitter          (DJ):    0.000ns
    Phase Error              (PE):    0.000ns
  Timing Exception:       False Path

    Location             Delay type                Incr(ns)  Path(ns)    Netlist Resource(s)
  -------------------------------------------------------------------    -------------------
                         (clock clk_fpga_0 rise edge)
                                                      0.000     0.000 r  
    PS7_X0Y0             PS7                          0.000     0.000 r  lenet_system_i/processing_system7_0/inst/PS7_i/FCLKCLK[0]
                         net (fo=1, routed)           1.193     1.193    lenet_system_i/processing_system7_0/inst/FCLK_CLK_unbuffered[0]
    BUFGCTRL_X0Y16                                                    r  lenet_system_i/processing_system7_0/inst/buffer_fclk_clk_0.FCLK_CLK_0_BUFG/I
    BUFGCTRL_X0Y16       BUFG (Prop_bufg_I_O)         0.101     1.294 r  lenet_system_i/processing_system7_0/inst/buffer_fclk_clk_0.FCLK_CLK_0_BUFG/O
                         net (fo=12009, routed)       1.720     3.014    lenet_system_i/smartconnect_0/inst/clk_map/psr_aclk/U0/aclk
    SLICE_X57Y17         FDRE                                         r  lenet_system_i/smartconnect_0/inst/clk_map/psr_aclk/U0/ACTIVE_LOW_BSR_OUT_DFF[0].FDRE_BSR_N/C
  -------------------------------------------------------------------    -------------------
    SLICE_X57Y17         FDRE (Prop_fdre_C_Q)         0.456     3.470 r  lenet_system_i/smartconnect_0/inst/clk_map/psr_aclk/U0/ACTIVE_LOW_BSR_OUT_DFF[0].FDRE_BSR_N/Q
                         net (fo=22, routed)          4.005     7.475    lenet_system_i/smartconnect_0/inst/s02_nodes/s02_b_node/inst/s_sc_xpm_cdc_async_rst_inst/src_arst
    SLICE_X2Y36                                                       r  lenet_system_i/smartconnect_0/inst/s02_nodes/s02_b_node/inst/s_sc_xpm_cdc_async_rst_inst/arststages_ff[2]_i_1/I0
    SLICE_X2Y36          LUT1 (Prop_lut1_I0_O)        0.153     7.628 f  lenet_system_i/smartconnect_0/inst/s02_nodes/s02_b_node/inst/s_sc_xpm_cdc_async_rst_inst/arststages_ff[2]_i_1/O
                         net (fo=3, routed)           0.532     8.160    lenet_system_i/smartconnect_0/inst/s02_nodes/s02_b_node/inst/s_sc_xpm_cdc_async_rst_inst/reset_pol
    SLICE_X2Y36          FDCE                                         f  lenet_system_i/smartconnect_0/inst/s02_nodes/s02_b_node/inst/s_sc_xpm_cdc_async_rst_inst/arststages_ff_reg[2]/CLR
  -------------------------------------------------------------------    -------------------

                         (clock clk_fpga_0 rise edge)
                                                      0.000     0.000 r  
    PS7_X0Y0             PS7                          0.000     0.000 r  lenet_system_i/processing_system7_0/inst/PS7_i/FCLKCLK[0]
                         net (fo=1, routed)           1.088     1.088    lenet_system_i/processing_system7_0/inst/FCLK_CLK_unbuffered[0]
    BUFGCTRL_X0Y16                                                    r  lenet_system_i/processing_system7_0/inst/buffer_fclk_clk_0.FCLK_CLK_0_BUFG/I
    BUFGCTRL_X0Y16       BUFG (Prop_bufg_I_O)         0.091     1.179 r  lenet_system_i/processing_system7_0/inst/buffer_fclk_clk_0.FCLK_CLK_0_BUFG/O
                         net (fo=12009, routed)       1.654     2.833    lenet_system_i/smartconnect_0/inst/s02_nodes/s02_b_node/inst/s_sc_xpm_cdc_async_rst_inst/dest_clk
    SLICE_X2Y36          FDCE                                         r  lenet_system_i/smartconnect_0/inst/s02_nodes/s02_b_node/inst/s_sc_xpm_cdc_async_rst_inst/arststages_ff_reg[2]/C

Slack:                    inf
  Source:                 lenet_system_i/smartconnect_0/inst/clk_map/psr_aclk/U0/ACTIVE_LOW_BSR_OUT_DFF[0].FDRE_BSR_N/C
                            (rising edge-triggered cell FDRE clocked by clk_fpga_0  {rise@0.000ns fall@5.000ns period=10.000ns})
  Destination:            lenet_system_i/smartconnect_0/inst/m00_nodes/m00_r_node/inst/s_sc_xpm_cdc_async_rst_inst/arststages_ff_reg[0]/CLR
                            (recovery check against rising-edge clock clk_fpga_0  {rise@0.000ns fall@5.000ns period=10.000ns})
  Path Group:             (none)
  Path Type:              Recovery (Max at Slow Process Corner)
  Data Path Delay:        5.089ns  (logic 0.580ns (11.397%)  route 4.509ns (88.603%))
  Logic Levels:           1  (LUT1=1)
  Clock Path Skew:        -0.180ns (DCD - SCD + CPR)
    Destination Clock Delay (DCD):    2.835ns
    Source Clock Delay      (SCD):    3.014ns
    Clock Pessimism Removal (CPR):    0.000ns
  Clock Uncertainty:      0.154ns  ((TSJ^2 + TIJ^2)^1/2 + DJ) / 2 + PE
    Total System Jitter     (TSJ):    0.071ns
    Total Input Jitter      (TIJ):    0.300ns
    Discrete Jitter          (DJ):    0.000ns
    Phase Error              (PE):    0.000ns
  Timing Exception:       False Path

    Location             Delay type                Incr(ns)  Path(ns)    Netlist Resource(s)
  -------------------------------------------------------------------    -------------------
                         (clock clk_fpga_0 rise edge)
                                                      0.000     0.000 r  
    PS7_X0Y0             PS7                          0.000     0.000 r  lenet_system_i/processing_system7_0/inst/PS7_i/FCLKCLK[0]
                         net (fo=1, routed)           1.193     1.193    lenet_system_i/processing_system7_0/inst/FCLK_CLK_unbuffered[0]
    BUFGCTRL_X0Y16                                                    r  lenet_system_i/processing_system7_0/inst/buffer_fclk_clk_0.FCLK_CLK_0_BUFG/I
    BUFGCTRL_X0Y16       BUFG (Prop_bufg_I_O)         0.101     1.294 r  lenet_system_i/processing_system7_0/inst/buffer_fclk_clk_0.FCLK_CLK_0_BUFG/O
                         net (fo=12009, routed)       1.720     3.014    lenet_system_i/smartconnect_0/inst/clk_map/psr_aclk/U0/aclk
    SLICE_X57Y17         FDRE                                         r  lenet_system_i/smartconnect_0/inst/clk_map/psr_aclk/U0/ACTIVE_LOW_BSR_OUT_DFF[0].FDRE_BSR_N/C
  -------------------------------------------------------------------    -------------------
    SLICE_X57Y17         FDRE (Prop_fdre_C_Q)         0.456     3.470 r  lenet_system_i/smartconnect_0/inst/clk_map/psr_aclk/U0/ACTIVE_LOW_BSR_OUT_DFF[0].FDRE_BSR_N/Q
                         net (fo=22, routed)          4.005     7.475    lenet_system_i/smartconnect_0/inst/m00_nodes/m00_r_node/inst/s_sc_xpm_cdc_async_rst_inst/src_arst
    SLICE_X2Y36                                                       r  lenet_system_i/smartconnect_0/inst/m00_nodes/m00_r_node/inst/s_sc_xpm_cdc_async_rst_inst/arststages_ff[2]_i_1/I0
    SLICE_X2Y36          LUT1 (Prop_lut1_I0_O)        0.124     7.599 f  lenet_system_i/smartconnect_0/inst/m00_nodes/m00_r_node/inst/s_sc_xpm_cdc_async_rst_inst/arststages_ff[2]_i_1/O
                         net (fo=3, routed)           0.504     8.103    lenet_system_i/smartconnect_0/inst/m00_nodes/m00_r_node/inst/s_sc_xpm_cdc_async_rst_inst/reset_pol
    SLICE_X4Y38          FDCE                                         f  lenet_system_i/smartconnect_0/inst/m00_nodes/m00_r_node/inst/s_sc_xpm_cdc_async_rst_inst/arststages_ff_reg[0]/CLR
  -------------------------------------------------------------------    -------------------

                         (clock clk_fpga_0 rise edge)
                                                      0.000     0.000 r  
    PS7_X0Y0             PS7                          0.000     0.000 r  lenet_system_i/processing_system7_0/inst/PS7_i/FCLKCLK[0]
                         net (fo=1, routed)           1.088     1.088    lenet_system_i/processing_system7_0/inst/FCLK_CLK_unbuffered[0]
    BUFGCTRL_X0Y16                                                    r  lenet_system_i/processing_system7_0/inst/buffer_fclk_clk_0.FCLK_CLK_0_BUFG/I
    BUFGCTRL_X0Y16       BUFG (Prop_bufg_I_O)         0.091     1.179 r  lenet_system_i/processing_system7_0/inst/buffer_fclk_clk_0.FCLK_CLK_0_BUFG/O
                         net (fo=12009, routed)       1.655     2.834    lenet_system_i/smartconnect_0/inst/m00_nodes/m00_r_node/inst/s_sc_xpm_cdc_async_rst_inst/dest_clk
    SLICE_X4Y38          FDCE                                         r  lenet_system_i/smartconnect_0/inst/m00_nodes/m00_r_node/inst/s_sc_xpm_cdc_async_rst_inst/arststages_ff_reg[0]/C

Slack:                    inf
  Source:                 lenet_system_i/smartconnect_0/inst/clk_map/psr_aclk/U0/ACTIVE_LOW_BSR_OUT_DFF[0].FDRE_BSR_N/C
                            (rising edge-triggered cell FDRE clocked by clk_fpga_0  {rise@0.000ns fall@5.000ns period=10.000ns})
  Destination:            lenet_system_i/smartconnect_0/inst/m00_nodes/m00_r_node/inst/s_sc_xpm_cdc_async_rst_inst/arststages_ff_reg[1]/CLR
                            (recovery check against rising-edge clock clk_fpga_0  {rise@0.000ns fall@5.000ns period=10.000ns})
  Path Group:             (none)
  Path Type:              Recovery (Max at Slow Process Corner)
  Data Path Delay:        5.089ns  (logic 0.580ns (11.397%)  route 4.509ns (88.603%))
  Logic Levels:           1  (LUT1=1)
  Clock Path Skew:        -0.180ns (DCD - SCD + CPR)
    Destination Clock Delay (DCD):    2.835ns
    Source Clock Delay      (SCD):    3.014ns
    Clock Pessimism Removal (CPR):    0.000ns
  Clock Uncertainty:      0.154ns  ((TSJ^2 + TIJ^2)^1/2 + DJ) / 2 + PE
    Total System Jitter     (TSJ):    0.071ns
    Total Input Jitter      (TIJ):    0.300ns
    Discrete Jitter          (DJ):    0.000ns
    Phase Error              (PE):    0.000ns
  Timing Exception:       False Path

    Location             Delay type                Incr(ns)  Path(ns)    Netlist Resource(s)
  -------------------------------------------------------------------    -------------------
                         (clock clk_fpga_0 rise edge)
                                                      0.000     0.000 r  
    PS7_X0Y0             PS7                          0.000     0.000 r  lenet_system_i/processing_system7_0/inst/PS7_i/FCLKCLK[0]
                         net (fo=1, routed)           1.193     1.193    lenet_system_i/processing_system7_0/inst/FCLK_CLK_unbuffered[0]
    BUFGCTRL_X0Y16                                                    r  lenet_system_i/processing_system7_0/inst/buffer_fclk_clk_0.FCLK_CLK_0_BUFG/I
    BUFGCTRL_X0Y16       BUFG (Prop_bufg_I_O)         0.101     1.294 r  lenet_system_i/processing_system7_0/inst/buffer_fclk_clk_0.FCLK_CLK_0_BUFG/O
                         net (fo=12009, routed)       1.720     3.014    lenet_system_i/smartconnect_0/inst/clk_map/psr_aclk/U0/aclk
    SLICE_X57Y17         FDRE                                         r  lenet_system_i/smartconnect_0/inst/clk_map/psr_aclk/U0/ACTIVE_LOW_BSR_OUT_DFF[0].FDRE_BSR_N/C
  -------------------------------------------------------------------    -------------------
    SLICE_X57Y17         FDRE (Prop_fdre_C_Q)         0.456     3.470 r  lenet_system_i/smartconnect_0/inst/clk_map/psr_aclk/U0/ACTIVE_LOW_BSR_OUT_DFF[0].FDRE_BSR_N/Q
                         net (fo=22, routed)          4.005     7.475    lenet_system_i/smartconnect_0/inst/m00_nodes/m00_r_node/inst/s_sc_xpm_cdc_async_rst_inst/src_arst
    SLICE_X2Y36                                                       r  lenet_system_i/smartconnect_0/inst/m00_nodes/m00_r_node/inst/s_sc_xpm_cdc_async_rst_inst/arststages_ff[2]_i_1/I0
    SLICE_X2Y36          LUT1 (Prop_lut1_I0_O)        0.124     7.599 f  lenet_system_i/smartconnect_0/inst/m00_nodes/m00_r_node/inst/s_sc_xpm_cdc_async_rst_inst/arststages_ff[2]_i_1/O
                         net (fo=3, routed)           0.504     8.103    lenet_system_i/smartconnect_0/inst/m00_nodes/m00_r_node/inst/s_sc_xpm_cdc_async_rst_inst/reset_pol
    SLICE_X4Y38          FDCE                                         f  lenet_system_i/smartconnect_0/inst/m00_nodes/m00_r_node/inst/s_sc_xpm_cdc_async_rst_inst/arststages_ff_reg[1]/CLR
  -------------------------------------------------------------------    -------------------

                         (clock clk_fpga_0 rise edge)
                                                      0.000     0.000 r  
    PS7_X0Y0             PS7                          0.000     0.000 r  lenet_system_i/processing_system7_0/inst/PS7_i/FCLKCLK[0]
                         net (fo=1, routed)           1.088     1.088    lenet_system_i/processing_system7_0/inst/FCLK_CLK_unbuffered[0]
    BUFGCTRL_X0Y16                                                    r  lenet_system_i/processing_system7_0/inst/buffer_fclk_clk_0.FCLK_CLK_0_BUFG/I
    BUFGCTRL_X0Y16       BUFG (Prop_bufg_I_O)         0.091     1.179 r  lenet_system_i/processing_system7_0/inst/buffer_fclk_clk_0.FCLK_CLK_0_BUFG/O
                         net (fo=12009, routed)       1.655     2.834    lenet_system_i/smartconnect_0/inst/m00_nodes/m00_r_node/inst/s_sc_xpm_cdc_async_rst_inst/dest_clk
    SLICE_X4Y38          FDCE                                         r  lenet_system_i/smartconnect_0/inst/m00_nodes/m00_r_node/inst/s_sc_xpm_cdc_async_rst_inst/arststages_ff_reg[1]/C

Slack:                    inf
  Source:                 lenet_system_i/smartconnect_0/inst/clk_map/psr_aclk/U0/ACTIVE_LOW_BSR_OUT_DFF[0].FDRE_BSR_N/C
                            (rising edge-triggered cell FDRE clocked by clk_fpga_0  {rise@0.000ns fall@5.000ns period=10.000ns})
  Destination:            lenet_system_i/smartconnect_0/inst/m00_nodes/m00_r_node/inst/s_sc_xpm_cdc_async_rst_inst/arststages_ff_reg[2]/CLR
                            (recovery check against rising-edge clock clk_fpga_0  {rise@0.000ns fall@5.000ns period=10.000ns})
  Path Group:             (none)
  Path Type:              Recovery (Max at Slow Process Corner)
  Data Path Delay:        5.089ns  (logic 0.580ns (11.397%)  route 4.509ns (88.603%))
  Logic Levels:           1  (LUT1=1)
  Clock Path Skew:        -0.180ns (DCD - SCD + CPR)
    Destination Clock Delay (DCD):    2.835ns
    Source Clock Delay      (SCD):    3.014ns
    Clock Pessimism Removal (CPR):    0.000ns
  Clock Uncertainty:      0.154ns  ((TSJ^2 + TIJ^2)^1/2 + DJ) / 2 + PE
    Total System Jitter     (TSJ):    0.071ns
    Total Input Jitter      (TIJ):    0.300ns
    Discrete Jitter          (DJ):    0.000ns
    Phase Error              (PE):    0.000ns
  Timing Exception:       False Path

    Location             Delay type                Incr(ns)  Path(ns)    Netlist Resource(s)
  -------------------------------------------------------------------    -------------------
                         (clock clk_fpga_0 rise edge)
                                                      0.000     0.000 r  
    PS7_X0Y0             PS7                          0.000     0.000 r  lenet_system_i/processing_system7_0/inst/PS7_i/FCLKCLK[0]
                         net (fo=1, routed)           1.193     1.193    lenet_system_i/processing_system7_0/inst/FCLK_CLK_unbuffered[0]
    BUFGCTRL_X0Y16                                                    r  lenet_system_i/processing_system7_0/inst/buffer_fclk_clk_0.FCLK_CLK_0_BUFG/I
    BUFGCTRL_X0Y16       BUFG (Prop_bufg_I_O)         0.101     1.294 r  lenet_system_i/processing_system7_0/inst/buffer_fclk_clk_0.FCLK_CLK_0_BUFG/O
                         net (fo=12009, routed)       1.720     3.014    lenet_system_i/smartconnect_0/inst/clk_map/psr_aclk/U0/aclk
    SLICE_X57Y17         FDRE                                         r  lenet_system_i/smartconnect_0/inst/clk_map/psr_aclk/U0/ACTIVE_LOW_BSR_OUT_DFF[0].FDRE_BSR_N/C
  -------------------------------------------------------------------    -------------------
    SLICE_X57Y17         FDRE (Prop_fdre_C_Q)         0.456     3.470 r  lenet_system_i/smartconnect_0/inst/clk_map/psr_aclk/U0/ACTIVE_LOW_BSR_OUT_DFF[0].FDRE_BSR_N/Q
                         net (fo=22, routed)          4.005     7.475    lenet_system_i/smartconnect_0/inst/m00_nodes/m00_r_node/inst/s_sc_xpm_cdc_async_rst_inst/src_arst
    SLICE_X2Y36                                                       r  lenet_system_i/smartconnect_0/inst/m00_nodes/m00_r_node/inst/s_sc_xpm_cdc_async_rst_inst/arststages_ff[2]_i_1/I0
    SLICE_X2Y36          LUT1 (Prop_lut1_I0_O)        0.124     7.599 f  lenet_system_i/smartconnect_0/inst/m00_nodes/m00_r_node/inst/s_sc_xpm_cdc_async_rst_inst/arststages_ff[2]_i_1/O
                         net (fo=3, routed)           0.504     8.103    lenet_system_i/smartconnect_0/inst/m00_nodes/m00_r_node/inst/s_sc_xpm_cdc_async_rst_inst/reset_pol
    SLICE_X4Y38          FDCE                                         f  lenet_system_i/smartconnect_0/inst/m00_nodes/m00_r_node/inst/s_sc_xpm_cdc_async_rst_inst/arststages_ff_reg[2]/CLR
  -------------------------------------------------------------------    -------------------

                         (clock clk_fpga_0 rise edge)
                                                      0.000     0.000 r  
    PS7_X0Y0             PS7                          0.000     0.000 r  lenet_system_i/processing_system7_0/inst/PS7_i/FCLKCLK[0]
                         net (fo=1, routed)           1.088     1.088    lenet_system_i/processing_system7_0/inst/FCLK_CLK_unbuffered[0]
    BUFGCTRL_X0Y16                                                    r  lenet_system_i/processing_system7_0/inst/buffer_fclk_clk_0.FCLK_CLK_0_BUFG/I
    BUFGCTRL_X0Y16       BUFG (Prop_bufg_I_O)         0.091     1.179 r  lenet_system_i/processing_system7_0/inst/buffer_fclk_clk_0.FCLK_CLK_0_BUFG/O
                         net (fo=12009, routed)       1.655     2.834    lenet_system_i/smartconnect_0/inst/m00_nodes/m00_r_node/inst/s_sc_xpm_cdc_async_rst_inst/dest_clk
    SLICE_X4Y38          FDCE                                         r  lenet_system_i/smartconnect_0/inst/m00_nodes/m00_r_node/inst/s_sc_xpm_cdc_async_rst_inst/arststages_ff_reg[2]/C

Slack:                    inf
  Source:                 lenet_system_i/smartconnect_0/inst/clk_map/psr_aclk/U0/ACTIVE_LOW_BSR_OUT_DFF[0].FDRE_BSR_N/C
                            (rising edge-triggered cell FDRE clocked by clk_fpga_0  {rise@0.000ns fall@5.000ns period=10.000ns})
  Destination:            lenet_system_i/smartconnect_0/inst/s02_entry_pipeline/s02_mmu/inst/xpm_cdc_async_rst_inst/arststages_ff_reg[0]/CLR
                            (recovery check against rising-edge clock clk_fpga_0  {rise@0.000ns fall@5.000ns period=10.000ns})
  Path Group:             (none)
  Path Type:              Recovery (Max at Slow Process Corner)
  Data Path Delay:        4.660ns  (logic 0.606ns (13.004%)  route 4.054ns (86.996%))
  Logic Levels:           1  (LUT1=1)
  Clock Path Skew:        -0.367ns (DCD - SCD + CPR)
    Destination Clock Delay (DCD):    2.647ns
    Source Clock Delay      (SCD):    3.014ns
    Clock Pessimism Removal (CPR):    0.000ns
  Clock Uncertainty:      0.154ns  ((TSJ^2 + TIJ^2)^1/2 + DJ) / 2 + PE
    Total System Jitter     (TSJ):    0.071ns
    Total Input Jitter      (TIJ):    0.300ns
    Discrete Jitter          (DJ):    0.000ns
    Phase Error              (PE):    0.000ns
  Timing Exception:       False Path

    Location             Delay type                Incr(ns)  Path(ns)    Netlist Resource(s)
  -------------------------------------------------------------------    -------------------
                         (clock clk_fpga_0 rise edge)
                                                      0.000     0.000 r  
    PS7_X0Y0             PS7                          0.000     0.000 r  lenet_system_i/processing_system7_0/inst/PS7_i/FCLKCLK[0]
                         net (fo=1, routed)           1.193     1.193    lenet_system_i/processing_system7_0/inst/FCLK_CLK_unbuffered[0]
    BUFGCTRL_X0Y16                                                    r  lenet_system_i/processing_system7_0/inst/buffer_fclk_clk_0.FCLK_CLK_0_BUFG/I
    BUFGCTRL_X0Y16       BUFG (Prop_bufg_I_O)         0.101     1.294 r  lenet_system_i/processing_system7_0/inst/buffer_fclk_clk_0.FCLK_CLK_0_BUFG/O
                         net (fo=12009, routed)       1.720     3.014    lenet_system_i/smartconnect_0/inst/clk_map/psr_aclk/U0/aclk
    SLICE_X57Y17         FDRE                                         r  lenet_system_i/smartconnect_0/inst/clk_map/psr_aclk/U0/ACTIVE_LOW_BSR_OUT_DFF[0].FDRE_BSR_N/C
  -------------------------------------------------------------------    -------------------
    SLICE_X57Y17         FDRE (Prop_fdre_C_Q)         0.456     3.470 r  lenet_system_i/smartconnect_0/inst/clk_map/psr_aclk/U0/ACTIVE_LOW_BSR_OUT_DFF[0].FDRE_BSR_N/Q
                         net (fo=22, routed)          3.372     6.842    lenet_system_i/smartconnect_0/inst/s02_entry_pipeline/s02_mmu/inst/xpm_cdc_async_rst_inst/src_arst
    SLICE_X44Y70                                                      r  lenet_system_i/smartconnect_0/inst/s02_entry_pipeline/s02_mmu/inst/xpm_cdc_async_rst_inst/arststages_ff[2]_i_1/I0
    SLICE_X44Y70         LUT1 (Prop_lut1_I0_O)        0.150     6.992 f  lenet_system_i/smartconnect_0/inst/s02_entry_pipeline/s02_mmu/inst/xpm_cdc_async_rst_inst/arststages_ff[2]_i_1/O
                         net (fo=3, routed)           0.682     7.674    lenet_system_i/smartconnect_0/inst/s02_entry_pipeline/s02_mmu/inst/xpm_cdc_async_rst_inst/reset_pol
    SLICE_X44Y68         FDCE                                         f  lenet_system_i/smartconnect_0/inst/s02_entry_pipeline/s02_mmu/inst/xpm_cdc_async_rst_inst/arststages_ff_reg[0]/CLR
  -------------------------------------------------------------------    -------------------

                         (clock clk_fpga_0 rise edge)
                                                      0.000     0.000 r  
    PS7_X0Y0             PS7                          0.000     0.000 r  lenet_system_i/processing_system7_0/inst/PS7_i/FCLKCLK[0]
                         net (fo=1, routed)           1.088     1.088    lenet_system_i/processing_system7_0/inst/FCLK_CLK_unbuffered[0]
    BUFGCTRL_X0Y16                                                    r  lenet_system_i/processing_system7_0/inst/buffer_fclk_clk_0.FCLK_CLK_0_BUFG/I
    BUFGCTRL_X0Y16       BUFG (Prop_bufg_I_O)         0.091     1.179 r  lenet_system_i/processing_system7_0/inst/buffer_fclk_clk_0.FCLK_CLK_0_BUFG/O
                         net (fo=12009, routed)       1.468     2.647    lenet_system_i/smartconnect_0/inst/s02_entry_pipeline/s02_mmu/inst/xpm_cdc_async_rst_inst/dest_clk
    SLICE_X44Y68         FDCE                                         r  lenet_system_i/smartconnect_0/inst/s02_entry_pipeline/s02_mmu/inst/xpm_cdc_async_rst_inst/arststages_ff_reg[0]/C

Slack:                    inf
  Source:                 lenet_system_i/smartconnect_0/inst/clk_map/psr_aclk/U0/ACTIVE_LOW_BSR_OUT_DFF[0].FDRE_BSR_N/C
                            (rising edge-triggered cell FDRE clocked by clk_fpga_0  {rise@0.000ns fall@5.000ns period=10.000ns})
  Destination:            lenet_system_i/smartconnect_0/inst/s02_entry_pipeline/s02_mmu/inst/xpm_cdc_async_rst_inst/arststages_ff_reg[1]/CLR
                            (recovery check against rising-edge clock clk_fpga_0  {rise@0.000ns fall@5.000ns period=10.000ns})
  Path Group:             (none)
  Path Type:              Recovery (Max at Slow Process Corner)
  Data Path Delay:        4.660ns  (logic 0.606ns (13.004%)  route 4.054ns (86.996%))
  Logic Levels:           1  (LUT1=1)
  Clock Path Skew:        -0.367ns (DCD - SCD + CPR)
    Destination Clock Delay (DCD):    2.647ns
    Source Clock Delay      (SCD):    3.014ns
    Clock Pessimism Removal (CPR):    0.000ns
  Clock Uncertainty:      0.154ns  ((TSJ^2 + TIJ^2)^1/2 + DJ) / 2 + PE
    Total System Jitter     (TSJ):    0.071ns
    Total Input Jitter      (TIJ):    0.300ns
    Discrete Jitter          (DJ):    0.000ns
    Phase Error              (PE):    0.000ns
  Timing Exception:       False Path

    Location             Delay type                Incr(ns)  Path(ns)    Netlist Resource(s)
  -------------------------------------------------------------------    -------------------
                         (clock clk_fpga_0 rise edge)
                                                      0.000     0.000 r  
    PS7_X0Y0             PS7                          0.000     0.000 r  lenet_system_i/processing_system7_0/inst/PS7_i/FCLKCLK[0]
                         net (fo=1, routed)           1.193     1.193    lenet_system_i/processing_system7_0/inst/FCLK_CLK_unbuffered[0]
    BUFGCTRL_X0Y16                                                    r  lenet_system_i/processing_system7_0/inst/buffer_fclk_clk_0.FCLK_CLK_0_BUFG/I
    BUFGCTRL_X0Y16       BUFG (Prop_bufg_I_O)         0.101     1.294 r  lenet_system_i/processing_system7_0/inst/buffer_fclk_clk_0.FCLK_CLK_0_BUFG/O
                         net (fo=12009, routed)       1.720     3.014    lenet_system_i/smartconnect_0/inst/clk_map/psr_aclk/U0/aclk
    SLICE_X57Y17         FDRE                                         r  lenet_system_i/smartconnect_0/inst/clk_map/psr_aclk/U0/ACTIVE_LOW_BSR_OUT_DFF[0].FDRE_BSR_N/C
  -------------------------------------------------------------------    -------------------
    SLICE_X57Y17         FDRE (Prop_fdre_C_Q)         0.456     3.470 r  lenet_system_i/smartconnect_0/inst/clk_map/psr_aclk/U0/ACTIVE_LOW_BSR_OUT_DFF[0].FDRE_BSR_N/Q
                         net (fo=22, routed)          3.372     6.842    lenet_system_i/smartconnect_0/inst/s02_entry_pipeline/s02_mmu/inst/xpm_cdc_async_rst_inst/src_arst
    SLICE_X44Y70                                                      r  lenet_system_i/smartconnect_0/inst/s02_entry_pipeline/s02_mmu/inst/xpm_cdc_async_rst_inst/arststages_ff[2]_i_1/I0
    SLICE_X44Y70         LUT1 (Prop_lut1_I0_O)        0.150     6.992 f  lenet_system_i/smartconnect_0/inst/s02_entry_pipeline/s02_mmu/inst/xpm_cdc_async_rst_inst/arststages_ff[2]_i_1/O
                         net (fo=3, routed)           0.682     7.674    lenet_system_i/smartconnect_0/inst/s02_entry_pipeline/s02_mmu/inst/xpm_cdc_async_rst_inst/reset_pol
    SLICE_X44Y68         FDCE                                         f  lenet_system_i/smartconnect_0/inst/s02_entry_pipeline/s02_mmu/inst/xpm_cdc_async_rst_inst/arststages_ff_reg[1]/CLR
  -------------------------------------------------------------------    -------------------

                         (clock clk_fpga_0 rise edge)
                                                      0.000     0.000 r  
    PS7_X0Y0             PS7                          0.000     0.000 r  lenet_system_i/processing_system7_0/inst/PS7_i/FCLKCLK[0]
                         net (fo=1, routed)           1.088     1.088    lenet_system_i/processing_system7_0/inst/FCLK_CLK_unbuffered[0]
    BUFGCTRL_X0Y16                                                    r  lenet_system_i/processing_system7_0/inst/buffer_fclk_clk_0.FCLK_CLK_0_BUFG/I
    BUFGCTRL_X0Y16       BUFG (Prop_bufg_I_O)         0.091     1.179 r  lenet_system_i/processing_system7_0/inst/buffer_fclk_clk_0.FCLK_CLK_0_BUFG/O
                         net (fo=12009, routed)       1.468     2.647    lenet_system_i/smartconnect_0/inst/s02_entry_pipeline/s02_mmu/inst/xpm_cdc_async_rst_inst/dest_clk
    SLICE_X44Y68         FDCE                                         r  lenet_system_i/smartconnect_0/inst/s02_entry_pipeline/s02_mmu/inst/xpm_cdc_async_rst_inst/arststages_ff_reg[1]/C

Slack:                    inf
  Source:                 lenet_system_i/smartconnect_0/inst/clk_map/psr_aclk/U0/ACTIVE_LOW_BSR_OUT_DFF[0].FDRE_BSR_N/C
                            (rising edge-triggered cell FDRE clocked by clk_fpga_0  {rise@0.000ns fall@5.000ns period=10.000ns})
  Destination:            lenet_system_i/smartconnect_0/inst/s02_entry_pipeline/s02_mmu/inst/xpm_cdc_async_rst_inst/arststages_ff_reg[2]/CLR
                            (recovery check against rising-edge clock clk_fpga_0  {rise@0.000ns fall@5.000ns period=10.000ns})
  Path Group:             (none)
  Path Type:              Recovery (Max at Slow Process Corner)
  Data Path Delay:        4.660ns  (logic 0.606ns (13.004%)  route 4.054ns (86.996%))
  Logic Levels:           1  (LUT1=1)
  Clock Path Skew:        -0.367ns (DCD - SCD + CPR)
    Destination Clock Delay (DCD):    2.647ns
    Source Clock Delay      (SCD):    3.014ns
    Clock Pessimism Removal (CPR):    0.000ns
  Clock Uncertainty:      0.154ns  ((TSJ^2 + TIJ^2)^1/2 + DJ) / 2 + PE
    Total System Jitter     (TSJ):    0.071ns
    Total Input Jitter      (TIJ):    0.300ns
    Discrete Jitter          (DJ):    0.000ns
    Phase Error              (PE):    0.000ns
  Timing Exception:       False Path

    Location             Delay type                Incr(ns)  Path(ns)    Netlist Resource(s)
  -------------------------------------------------------------------    -------------------
                         (clock clk_fpga_0 rise edge)
                                                      0.000     0.000 r  
    PS7_X0Y0             PS7                          0.000     0.000 r  lenet_system_i/processing_system7_0/inst/PS7_i/FCLKCLK[0]
                         net (fo=1, routed)           1.193     1.193    lenet_system_i/processing_system7_0/inst/FCLK_CLK_unbuffered[0]
    BUFGCTRL_X0Y16                                                    r  lenet_system_i/processing_system7_0/inst/buffer_fclk_clk_0.FCLK_CLK_0_BUFG/I
    BUFGCTRL_X0Y16       BUFG (Prop_bufg_I_O)         0.101     1.294 r  lenet_system_i/processing_system7_0/inst/buffer_fclk_clk_0.FCLK_CLK_0_BUFG/O
                         net (fo=12009, routed)       1.720     3.014    lenet_system_i/smartconnect_0/inst/clk_map/psr_aclk/U0/aclk
    SLICE_X57Y17         FDRE                                         r  lenet_system_i/smartconnect_0/inst/clk_map/psr_aclk/U0/ACTIVE_LOW_BSR_OUT_DFF[0].FDRE_BSR_N/C
  -------------------------------------------------------------------    -------------------
    SLICE_X57Y17         FDRE (Prop_fdre_C_Q)         0.456     3.470 r  lenet_system_i/smartconnect_0/inst/clk_map/psr_aclk/U0/ACTIVE_LOW_BSR_OUT_DFF[0].FDRE_BSR_N/Q
                         net (fo=22, routed)          3.372     6.842    lenet_system_i/smartconnect_0/inst/s02_entry_pipeline/s02_mmu/inst/xpm_cdc_async_rst_inst/src_arst
    SLICE_X44Y70                                                      r  lenet_system_i/smartconnect_0/inst/s02_entry_pipeline/s02_mmu/inst/xpm_cdc_async_rst_inst/arststages_ff[2]_i_1/I0
    SLICE_X44Y70         LUT1 (Prop_lut1_I0_O)        0.150     6.992 f  lenet_system_i/smartconnect_0/inst/s02_entry_pipeline/s02_mmu/inst/xpm_cdc_async_rst_inst/arststages_ff[2]_i_1/O
                         net (fo=3, routed)           0.682     7.674    lenet_system_i/smartconnect_0/inst/s02_entry_pipeline/s02_mmu/inst/xpm_cdc_async_rst_inst/reset_pol
    SLICE_X44Y68         FDCE                                         f  lenet_system_i/smartconnect_0/inst/s02_entry_pipeline/s02_mmu/inst/xpm_cdc_async_rst_inst/arststages_ff_reg[2]/CLR
  -------------------------------------------------------------------    -------------------

                         (clock clk_fpga_0 rise edge)
                                                      0.000     0.000 r  
    PS7_X0Y0             PS7                          0.000     0.000 r  lenet_system_i/processing_system7_0/inst/PS7_i/FCLKCLK[0]
                         net (fo=1, routed)           1.088     1.088    lenet_system_i/processing_system7_0/inst/FCLK_CLK_unbuffered[0]
    BUFGCTRL_X0Y16                                                    r  lenet_system_i/processing_system7_0/inst/buffer_fclk_clk_0.FCLK_CLK_0_BUFG/I
    BUFGCTRL_X0Y16       BUFG (Prop_bufg_I_O)         0.091     1.179 r  lenet_system_i/processing_system7_0/inst/buffer_fclk_clk_0.FCLK_CLK_0_BUFG/O
                         net (fo=12009, routed)       1.468     2.647    lenet_system_i/smartconnect_0/inst/s02_entry_pipeline/s02_mmu/inst/xpm_cdc_async_rst_inst/dest_clk
    SLICE_X44Y68         FDCE                                         r  lenet_system_i/smartconnect_0/inst/s02_entry_pipeline/s02_mmu/inst/xpm_cdc_async_rst_inst/arststages_ff_reg[2]/C

Slack:                    inf
  Source:                 lenet_system_i/smartconnect_0/inst/clk_map/psr_aclk/U0/ACTIVE_LOW_BSR_OUT_DFF[0].FDRE_BSR_N/C
                            (rising edge-triggered cell FDRE clocked by clk_fpga_0  {rise@0.000ns fall@5.000ns period=10.000ns})
  Destination:            lenet_system_i/smartconnect_0/inst/m00_nodes/m00_aw_node/inst/s_sc_xpm_cdc_async_rst_inst/arststages_ff_reg[0]/CLR
                            (recovery check against rising-edge clock clk_fpga_0  {rise@0.000ns fall@5.000ns period=10.000ns})
  Path Group:             (none)
  Path Type:              Recovery (Max at Slow Process Corner)
  Data Path Delay:        4.620ns  (logic 0.580ns (12.553%)  route 4.040ns (87.447%))
  Logic Levels:           1  (LUT1=1)
  Clock Path Skew:        -0.371ns (DCD - SCD + CPR)
    Destination Clock Delay (DCD):    2.643ns
    Source Clock Delay      (SCD):    3.014ns
    Clock Pessimism Removal (CPR):    0.000ns
  Clock Uncertainty:      0.154ns  ((TSJ^2 + TIJ^2)^1/2 + DJ) / 2 + PE
    Total System Jitter     (TSJ):    0.071ns
    Total Input Jitter      (TIJ):    0.300ns
    Discrete Jitter          (DJ):    0.000ns
    Phase Error              (PE):    0.000ns
  Timing Exception:       False Path

    Location             Delay type                Incr(ns)  Path(ns)    Netlist Resource(s)
  -------------------------------------------------------------------    -------------------
                         (clock clk_fpga_0 rise edge)
                                                      0.000     0.000 r  
    PS7_X0Y0             PS7                          0.000     0.000 r  lenet_system_i/processing_system7_0/inst/PS7_i/FCLKCLK[0]
                         net (fo=1, routed)           1.193     1.193    lenet_system_i/processing_system7_0/inst/FCLK_CLK_unbuffered[0]
    BUFGCTRL_X0Y16                                                    r  lenet_system_i/processing_system7_0/inst/buffer_fclk_clk_0.FCLK_CLK_0_BUFG/I
    BUFGCTRL_X0Y16       BUFG (Prop_bufg_I_O)         0.101     1.294 r  lenet_system_i/processing_system7_0/inst/buffer_fclk_clk_0.FCLK_CLK_0_BUFG/O
                         net (fo=12009, routed)       1.720     3.014    lenet_system_i/smartconnect_0/inst/clk_map/psr_aclk/U0/aclk
    SLICE_X57Y17         FDRE                                         r  lenet_system_i/smartconnect_0/inst/clk_map/psr_aclk/U0/ACTIVE_LOW_BSR_OUT_DFF[0].FDRE_BSR_N/C
  -------------------------------------------------------------------    -------------------
    SLICE_X57Y17         FDRE (Prop_fdre_C_Q)         0.456     3.470 r  lenet_system_i/smartconnect_0/inst/clk_map/psr_aclk/U0/ACTIVE_LOW_BSR_OUT_DFF[0].FDRE_BSR_N/Q
                         net (fo=22, routed)          3.372     6.842    lenet_system_i/smartconnect_0/inst/m00_nodes/m00_aw_node/inst/s_sc_xpm_cdc_async_rst_inst/src_arst
    SLICE_X44Y70                                                      r  lenet_system_i/smartconnect_0/inst/m00_nodes/m00_aw_node/inst/s_sc_xpm_cdc_async_rst_inst/arststages_ff[2]_i_1/I0
    SLICE_X44Y70         LUT1 (Prop_lut1_I0_O)        0.124     6.966 f  lenet_system_i/smartconnect_0/inst/m00_nodes/m00_aw_node/inst/s_sc_xpm_cdc_async_rst_inst/arststages_ff[2]_i_1/O
                         net (fo=3, routed)           0.668     7.634    lenet_system_i/smartconnect_0/inst/m00_nodes/m00_aw_node/inst/s_sc_xpm_cdc_async_rst_inst/reset_pol
    SLICE_X44Y72         FDCE                                         f  lenet_system_i/smartconnect_0/inst/m00_nodes/m00_aw_node/inst/s_sc_xpm_cdc_async_rst_inst/arststages_ff_reg[0]/CLR
  -------------------------------------------------------------------    -------------------

                         (clock clk_fpga_0 rise edge)
                                                      0.000     0.000 r  
    PS7_X0Y0             PS7                          0.000     0.000 r  lenet_system_i/processing_system7_0/inst/PS7_i/FCLKCLK[0]
                         net (fo=1, routed)           1.088     1.088    lenet_system_i/processing_system7_0/inst/FCLK_CLK_unbuffered[0]
    BUFGCTRL_X0Y16                                                    r  lenet_system_i/processing_system7_0/inst/buffer_fclk_clk_0.FCLK_CLK_0_BUFG/I
    BUFGCTRL_X0Y16       BUFG (Prop_bufg_I_O)         0.091     1.179 r  lenet_system_i/processing_system7_0/inst/buffer_fclk_clk_0.FCLK_CLK_0_BUFG/O
                         net (fo=12009, routed)       1.464     2.643    lenet_system_i/smartconnect_0/inst/m00_nodes/m00_aw_node/inst/s_sc_xpm_cdc_async_rst_inst/dest_clk
    SLICE_X44Y72         FDCE                                         r  lenet_system_i/smartconnect_0/inst/m00_nodes/m00_aw_node/inst/s_sc_xpm_cdc_async_rst_inst/arststages_ff_reg[0]/C

Slack:                    inf
  Source:                 lenet_system_i/smartconnect_0/inst/clk_map/psr_aclk/U0/ACTIVE_LOW_BSR_OUT_DFF[0].FDRE_BSR_N/C
                            (rising edge-triggered cell FDRE clocked by clk_fpga_0  {rise@0.000ns fall@5.000ns period=10.000ns})
  Destination:            lenet_system_i/smartconnect_0/inst/m00_nodes/m00_aw_node/inst/s_sc_xpm_cdc_async_rst_inst/arststages_ff_reg[1]/CLR
                            (recovery check against rising-edge clock clk_fpga_0  {rise@0.000ns fall@5.000ns period=10.000ns})
  Path Group:             (none)
  Path Type:              Recovery (Max at Slow Process Corner)
  Data Path Delay:        4.620ns  (logic 0.580ns (12.553%)  route 4.040ns (87.447%))
  Logic Levels:           1  (LUT1=1)
  Clock Path Skew:        -0.371ns (DCD - SCD + CPR)
    Destination Clock Delay (DCD):    2.643ns
    Source Clock Delay      (SCD):    3.014ns
    Clock Pessimism Removal (CPR):    0.000ns
  Clock Uncertainty:      0.154ns  ((TSJ^2 + TIJ^2)^1/2 + DJ) / 2 + PE
    Total System Jitter     (TSJ):    0.071ns
    Total Input Jitter      (TIJ):    0.300ns
    Discrete Jitter          (DJ):    0.000ns
    Phase Error              (PE):    0.000ns
  Timing Exception:       False Path

    Location             Delay type                Incr(ns)  Path(ns)    Netlist Resource(s)
  -------------------------------------------------------------------    -------------------
                         (clock clk_fpga_0 rise edge)
                                                      0.000     0.000 r  
    PS7_X0Y0             PS7                          0.000     0.000 r  lenet_system_i/processing_system7_0/inst/PS7_i/FCLKCLK[0]
                         net (fo=1, routed)           1.193     1.193    lenet_system_i/processing_system7_0/inst/FCLK_CLK_unbuffered[0]
    BUFGCTRL_X0Y16                                                    r  lenet_system_i/processing_system7_0/inst/buffer_fclk_clk_0.FCLK_CLK_0_BUFG/I
    BUFGCTRL_X0Y16       BUFG (Prop_bufg_I_O)         0.101     1.294 r  lenet_system_i/processing_system7_0/inst/buffer_fclk_clk_0.FCLK_CLK_0_BUFG/O
                         net (fo=12009, routed)       1.720     3.014    lenet_system_i/smartconnect_0/inst/clk_map/psr_aclk/U0/aclk
    SLICE_X57Y17         FDRE                                         r  lenet_system_i/smartconnect_0/inst/clk_map/psr_aclk/U0/ACTIVE_LOW_BSR_OUT_DFF[0].FDRE_BSR_N/C
  -------------------------------------------------------------------    -------------------
    SLICE_X57Y17         FDRE (Prop_fdre_C_Q)         0.456     3.470 r  lenet_system_i/smartconnect_0/inst/clk_map/psr_aclk/U0/ACTIVE_LOW_BSR_OUT_DFF[0].FDRE_BSR_N/Q
                         net (fo=22, routed)          3.372     6.842    lenet_system_i/smartconnect_0/inst/m00_nodes/m00_aw_node/inst/s_sc_xpm_cdc_async_rst_inst/src_arst
    SLICE_X44Y70                                                      r  lenet_system_i/smartconnect_0/inst/m00_nodes/m00_aw_node/inst/s_sc_xpm_cdc_async_rst_inst/arststages_ff[2]_i_1/I0
    SLICE_X44Y70         LUT1 (Prop_lut1_I0_O)        0.124     6.966 f  lenet_system_i/smartconnect_0/inst/m00_nodes/m00_aw_node/inst/s_sc_xpm_cdc_async_rst_inst/arststages_ff[2]_i_1/O
                         net (fo=3, routed)           0.668     7.634    lenet_system_i/smartconnect_0/inst/m00_nodes/m00_aw_node/inst/s_sc_xpm_cdc_async_rst_inst/reset_pol
    SLICE_X44Y72         FDCE                                         f  lenet_system_i/smartconnect_0/inst/m00_nodes/m00_aw_node/inst/s_sc_xpm_cdc_async_rst_inst/arststages_ff_reg[1]/CLR
  -------------------------------------------------------------------    -------------------

                         (clock clk_fpga_0 rise edge)
                                                      0.000     0.000 r  
    PS7_X0Y0             PS7                          0.000     0.000 r  lenet_system_i/processing_system7_0/inst/PS7_i/FCLKCLK[0]
                         net (fo=1, routed)           1.088     1.088    lenet_system_i/processing_system7_0/inst/FCLK_CLK_unbuffered[0]
    BUFGCTRL_X0Y16                                                    r  lenet_system_i/processing_system7_0/inst/buffer_fclk_clk_0.FCLK_CLK_0_BUFG/I
    BUFGCTRL_X0Y16       BUFG (Prop_bufg_I_O)         0.091     1.179 r  lenet_system_i/processing_system7_0/inst/buffer_fclk_clk_0.FCLK_CLK_0_BUFG/O
                         net (fo=12009, routed)       1.464     2.643    lenet_system_i/smartconnect_0/inst/m00_nodes/m00_aw_node/inst/s_sc_xpm_cdc_async_rst_inst/dest_clk
    SLICE_X44Y72         FDCE                                         r  lenet_system_i/smartconnect_0/inst/m00_nodes/m00_aw_node/inst/s_sc_xpm_cdc_async_rst_inst/arststages_ff_reg[1]/C

Slack:                    inf
  Source:                 lenet_system_i/smartconnect_0/inst/clk_map/psr_aclk/U0/ACTIVE_LOW_BSR_OUT_DFF[0].FDRE_BSR_N/C
                            (rising edge-triggered cell FDRE clocked by clk_fpga_0  {rise@0.000ns fall@5.000ns period=10.000ns})
  Destination:            lenet_system_i/smartconnect_0/inst/m00_nodes/m00_aw_node/inst/s_sc_xpm_cdc_async_rst_inst/arststages_ff_reg[2]/CLR
                            (recovery check against rising-edge clock clk_fpga_0  {rise@0.000ns fall@5.000ns period=10.000ns})
  Path Group:             (none)
  Path Type:              Recovery (Max at Slow Process Corner)
  Data Path Delay:        4.620ns  (logic 0.580ns (12.553%)  route 4.040ns (87.447%))
  Logic Levels:           1  (LUT1=1)
  Clock Path Skew:        -0.371ns (DCD - SCD + CPR)
    Destination Clock Delay (DCD):    2.643ns
    Source Clock Delay      (SCD):    3.014ns
    Clock Pessimism Removal (CPR):    0.000ns
  Clock Uncertainty:      0.154ns  ((TSJ^2 + TIJ^2)^1/2 + DJ) / 2 + PE
    Total System Jitter     (TSJ):    0.071ns
    Total Input Jitter      (TIJ):    0.300ns
    Discrete Jitter          (DJ):    0.000ns
    Phase Error              (PE):    0.000ns
  Timing Exception:       False Path

    Location             Delay type                Incr(ns)  Path(ns)    Netlist Resource(s)
  -------------------------------------------------------------------    -------------------
                         (clock clk_fpga_0 rise edge)
                                                      0.000     0.000 r  
    PS7_X0Y0             PS7                          0.000     0.000 r  lenet_system_i/processing_system7_0/inst/PS7_i/FCLKCLK[0]
                         net (fo=1, routed)           1.193     1.193    lenet_system_i/processing_system7_0/inst/FCLK_CLK_unbuffered[0]
    BUFGCTRL_X0Y16                                                    r  lenet_system_i/processing_system7_0/inst/buffer_fclk_clk_0.FCLK_CLK_0_BUFG/I
    BUFGCTRL_X0Y16       BUFG (Prop_bufg_I_O)         0.101     1.294 r  lenet_system_i/processing_system7_0/inst/buffer_fclk_clk_0.FCLK_CLK_0_BUFG/O
                         net (fo=12009, routed)       1.720     3.014    lenet_system_i/smartconnect_0/inst/clk_map/psr_aclk/U0/aclk
    SLICE_X57Y17         FDRE                                         r  lenet_system_i/smartconnect_0/inst/clk_map/psr_aclk/U0/ACTIVE_LOW_BSR_OUT_DFF[0].FDRE_BSR_N/C
  -------------------------------------------------------------------    -------------------
    SLICE_X57Y17         FDRE (Prop_fdre_C_Q)         0.456     3.470 r  lenet_system_i/smartconnect_0/inst/clk_map/psr_aclk/U0/ACTIVE_LOW_BSR_OUT_DFF[0].FDRE_BSR_N/Q
                         net (fo=22, routed)          3.372     6.842    lenet_system_i/smartconnect_0/inst/m00_nodes/m00_aw_node/inst/s_sc_xpm_cdc_async_rst_inst/src_arst
    SLICE_X44Y70                                                      r  lenet_system_i/smartconnect_0/inst/m00_nodes/m00_aw_node/inst/s_sc_xpm_cdc_async_rst_inst/arststages_ff[2]_i_1/I0
    SLICE_X44Y70         LUT1 (Prop_lut1_I0_O)        0.124     6.966 f  lenet_system_i/smartconnect_0/inst/m00_nodes/m00_aw_node/inst/s_sc_xpm_cdc_async_rst_inst/arststages_ff[2]_i_1/O
                         net (fo=3, routed)           0.668     7.634    lenet_system_i/smartconnect_0/inst/m00_nodes/m00_aw_node/inst/s_sc_xpm_cdc_async_rst_inst/reset_pol
    SLICE_X44Y72         FDCE                                         f  lenet_system_i/smartconnect_0/inst/m00_nodes/m00_aw_node/inst/s_sc_xpm_cdc_async_rst_inst/arststages_ff_reg[2]/CLR
  -------------------------------------------------------------------    -------------------

                         (clock clk_fpga_0 rise edge)
                                                      0.000     0.000 r  
    PS7_X0Y0             PS7                          0.000     0.000 r  lenet_system_i/processing_system7_0/inst/PS7_i/FCLKCLK[0]
                         net (fo=1, routed)           1.088     1.088    lenet_system_i/processing_system7_0/inst/FCLK_CLK_unbuffered[0]
    BUFGCTRL_X0Y16                                                    r  lenet_system_i/processing_system7_0/inst/buffer_fclk_clk_0.FCLK_CLK_0_BUFG/I
    BUFGCTRL_X0Y16       BUFG (Prop_bufg_I_O)         0.091     1.179 r  lenet_system_i/processing_system7_0/inst/buffer_fclk_clk_0.FCLK_CLK_0_BUFG/O
                         net (fo=12009, routed)       1.464     2.643    lenet_system_i/smartconnect_0/inst/m00_nodes/m00_aw_node/inst/s_sc_xpm_cdc_async_rst_inst/dest_clk
    SLICE_X44Y72         FDCE                                         r  lenet_system_i/smartconnect_0/inst/m00_nodes/m00_aw_node/inst/s_sc_xpm_cdc_async_rst_inst/arststages_ff_reg[2]/C

Slack:                    inf
  Source:                 lenet_system_i/smartconnect_0/inst/clk_map/psr_aclk/U0/ACTIVE_LOW_BSR_OUT_DFF[0].FDRE_BSR_N/C
                            (rising edge-triggered cell FDRE clocked by clk_fpga_0  {rise@0.000ns fall@5.000ns period=10.000ns})
  Destination:            lenet_system_i/smartconnect_0/inst/s01_nodes/s01_r_node/inst/s_sc_xpm_cdc_async_rst_inst/arststages_ff_reg[0]/CLR
                            (recovery check against rising-edge clock clk_fpga_0  {rise@0.000ns fall@5.000ns period=10.000ns})
  Path Group:             (none)
  Path Type:              Recovery (Max at Slow Process Corner)
  Data Path Delay:        4.363ns  (logic 0.609ns (13.959%)  route 3.754ns (86.041%))
  Logic Levels:           1  (LUT1=1)
  Clock Path Skew:        -0.183ns (DCD - SCD + CPR)
    Destination Clock Delay (DCD):    2.831ns
    Source Clock Delay      (SCD):    3.014ns
    Clock Pessimism Removal (CPR):    0.000ns
  Clock Uncertainty:      0.154ns  ((TSJ^2 + TIJ^2)^1/2 + DJ) / 2 + PE
    Total System Jitter     (TSJ):    0.071ns
    Total Input Jitter      (TIJ):    0.300ns
    Discrete Jitter          (DJ):    0.000ns
    Phase Error              (PE):    0.000ns
  Timing Exception:       False Path

    Location             Delay type                Incr(ns)  Path(ns)    Netlist Resource(s)
  -------------------------------------------------------------------    -------------------
                         (clock clk_fpga_0 rise edge)
                                                      0.000     0.000 r  
    PS7_X0Y0             PS7                          0.000     0.000 r  lenet_system_i/processing_system7_0/inst/PS7_i/FCLKCLK[0]
                         net (fo=1, routed)           1.193     1.193    lenet_system_i/processing_system7_0/inst/FCLK_CLK_unbuffered[0]
    BUFGCTRL_X0Y16                                                    r  lenet_system_i/processing_system7_0/inst/buffer_fclk_clk_0.FCLK_CLK_0_BUFG/I
    BUFGCTRL_X0Y16       BUFG (Prop_bufg_I_O)         0.101     1.294 r  lenet_system_i/processing_system7_0/inst/buffer_fclk_clk_0.FCLK_CLK_0_BUFG/O
                         net (fo=12009, routed)       1.720     3.014    lenet_system_i/smartconnect_0/inst/clk_map/psr_aclk/U0/aclk
    SLICE_X57Y17         FDRE                                         r  lenet_system_i/smartconnect_0/inst/clk_map/psr_aclk/U0/ACTIVE_LOW_BSR_OUT_DFF[0].FDRE_BSR_N/C
  -------------------------------------------------------------------    -------------------
    SLICE_X57Y17         FDRE (Prop_fdre_C_Q)         0.456     3.470 r  lenet_system_i/smartconnect_0/inst/clk_map/psr_aclk/U0/ACTIVE_LOW_BSR_OUT_DFF[0].FDRE_BSR_N/Q
                         net (fo=22, routed)          3.222     6.692    lenet_system_i/smartconnect_0/inst/s01_nodes/s01_r_node/inst/s_sc_xpm_cdc_async_rst_inst/src_arst
    SLICE_X2Y16                                                       r  lenet_system_i/smartconnect_0/inst/s01_nodes/s01_r_node/inst/s_sc_xpm_cdc_async_rst_inst/arststages_ff[2]_i_1/I0
    SLICE_X2Y16          LUT1 (Prop_lut1_I0_O)        0.153     6.845 f  lenet_system_i/smartconnect_0/inst/s01_nodes/s01_r_node/inst/s_sc_xpm_cdc_async_rst_inst/arststages_ff[2]_i_1/O
                         net (fo=3, routed)           0.532     7.377    lenet_system_i/smartconnect_0/inst/s01_nodes/s01_r_node/inst/s_sc_xpm_cdc_async_rst_inst/reset_pol
    SLICE_X2Y16          FDCE                                         f  lenet_system_i/smartconnect_0/inst/s01_nodes/s01_r_node/inst/s_sc_xpm_cdc_async_rst_inst/arststages_ff_reg[0]/CLR
  -------------------------------------------------------------------    -------------------

                         (clock clk_fpga_0 rise edge)
                                                      0.000     0.000 r  
    PS7_X0Y0             PS7                          0.000     0.000 r  lenet_system_i/processing_system7_0/inst/PS7_i/FCLKCLK[0]
                         net (fo=1, routed)           1.088     1.088    lenet_system_i/processing_system7_0/inst/FCLK_CLK_unbuffered[0]
    BUFGCTRL_X0Y16                                                    r  lenet_system_i/processing_system7_0/inst/buffer_fclk_clk_0.FCLK_CLK_0_BUFG/I
    BUFGCTRL_X0Y16       BUFG (Prop_bufg_I_O)         0.091     1.179 r  lenet_system_i/processing_system7_0/inst/buffer_fclk_clk_0.FCLK_CLK_0_BUFG/O
                         net (fo=12009, routed)       1.652     2.832    lenet_system_i/smartconnect_0/inst/s01_nodes/s01_r_node/inst/s_sc_xpm_cdc_async_rst_inst/dest_clk
    SLICE_X2Y16          FDCE                                         r  lenet_system_i/smartconnect_0/inst/s01_nodes/s01_r_node/inst/s_sc_xpm_cdc_async_rst_inst/arststages_ff_reg[0]/C

Slack:                    inf
  Source:                 lenet_system_i/smartconnect_0/inst/clk_map/psr_aclk/U0/ACTIVE_LOW_BSR_OUT_DFF[0].FDRE_BSR_N/C
                            (rising edge-triggered cell FDRE clocked by clk_fpga_0  {rise@0.000ns fall@5.000ns period=10.000ns})
  Destination:            lenet_system_i/smartconnect_0/inst/s01_nodes/s01_r_node/inst/s_sc_xpm_cdc_async_rst_inst/arststages_ff_reg[1]/CLR
                            (recovery check against rising-edge clock clk_fpga_0  {rise@0.000ns fall@5.000ns period=10.000ns})
  Path Group:             (none)
  Path Type:              Recovery (Max at Slow Process Corner)
  Data Path Delay:        4.363ns  (logic 0.609ns (13.959%)  route 3.754ns (86.041%))
  Logic Levels:           1  (LUT1=1)
  Clock Path Skew:        -0.183ns (DCD - SCD + CPR)
    Destination Clock Delay (DCD):    2.831ns
    Source Clock Delay      (SCD):    3.014ns
    Clock Pessimism Removal (CPR):    0.000ns
  Clock Uncertainty:      0.154ns  ((TSJ^2 + TIJ^2)^1/2 + DJ) / 2 + PE
    Total System Jitter     (TSJ):    0.071ns
    Total Input Jitter      (TIJ):    0.300ns
    Discrete Jitter          (DJ):    0.000ns
    Phase Error              (PE):    0.000ns
  Timing Exception:       False Path

    Location             Delay type                Incr(ns)  Path(ns)    Netlist Resource(s)
  -------------------------------------------------------------------    -------------------
                         (clock clk_fpga_0 rise edge)
                                                      0.000     0.000 r  
    PS7_X0Y0             PS7                          0.000     0.000 r  lenet_system_i/processing_system7_0/inst/PS7_i/FCLKCLK[0]
                         net (fo=1, routed)           1.193     1.193    lenet_system_i/processing_system7_0/inst/FCLK_CLK_unbuffered[0]
    BUFGCTRL_X0Y16                                                    r  lenet_system_i/processing_system7_0/inst/buffer_fclk_clk_0.FCLK_CLK_0_BUFG/I
    BUFGCTRL_X0Y16       BUFG (Prop_bufg_I_O)         0.101     1.294 r  lenet_system_i/processing_system7_0/inst/buffer_fclk_clk_0.FCLK_CLK_0_BUFG/O
                         net (fo=12009, routed)       1.720     3.014    lenet_system_i/smartconnect_0/inst/clk_map/psr_aclk/U0/aclk
    SLICE_X57Y17         FDRE                                         r  lenet_system_i/smartconnect_0/inst/clk_map/psr_aclk/U0/ACTIVE_LOW_BSR_OUT_DFF[0].FDRE_BSR_N/C
  -------------------------------------------------------------------    -------------------
    SLICE_X57Y17         FDRE (Prop_fdre_C_Q)         0.456     3.470 r  lenet_system_i/smartconnect_0/inst/clk_map/psr_aclk/U0/ACTIVE_LOW_BSR_OUT_DFF[0].FDRE_BSR_N/Q
                         net (fo=22, routed)          3.222     6.692    lenet_system_i/smartconnect_0/inst/s01_nodes/s01_r_node/inst/s_sc_xpm_cdc_async_rst_inst/src_arst
    SLICE_X2Y16                                                       r  lenet_system_i/smartconnect_0/inst/s01_nodes/s01_r_node/inst/s_sc_xpm_cdc_async_rst_inst/arststages_ff[2]_i_1/I0
    SLICE_X2Y16          LUT1 (Prop_lut1_I0_O)        0.153     6.845 f  lenet_system_i/smartconnect_0/inst/s01_nodes/s01_r_node/inst/s_sc_xpm_cdc_async_rst_inst/arststages_ff[2]_i_1/O
                         net (fo=3, routed)           0.532     7.377    lenet_system_i/smartconnect_0/inst/s01_nodes/s01_r_node/inst/s_sc_xpm_cdc_async_rst_inst/reset_pol
    SLICE_X2Y16          FDCE                                         f  lenet_system_i/smartconnect_0/inst/s01_nodes/s01_r_node/inst/s_sc_xpm_cdc_async_rst_inst/arststages_ff_reg[1]/CLR
  -------------------------------------------------------------------    -------------------

                         (clock clk_fpga_0 rise edge)
                                                      0.000     0.000 r  
    PS7_X0Y0             PS7                          0.000     0.000 r  lenet_system_i/processing_system7_0/inst/PS7_i/FCLKCLK[0]
                         net (fo=1, routed)           1.088     1.088    lenet_system_i/processing_system7_0/inst/FCLK_CLK_unbuffered[0]
    BUFGCTRL_X0Y16                                                    r  lenet_system_i/processing_system7_0/inst/buffer_fclk_clk_0.FCLK_CLK_0_BUFG/I
    BUFGCTRL_X0Y16       BUFG (Prop_bufg_I_O)         0.091     1.179 r  lenet_system_i/processing_system7_0/inst/buffer_fclk_clk_0.FCLK_CLK_0_BUFG/O
                         net (fo=12009, routed)       1.652     2.832    lenet_system_i/smartconnect_0/inst/s01_nodes/s01_r_node/inst/s_sc_xpm_cdc_async_rst_inst/dest_clk
    SLICE_X2Y16          FDCE                                         r  lenet_system_i/smartconnect_0/inst/s01_nodes/s01_r_node/inst/s_sc_xpm_cdc_async_rst_inst/arststages_ff_reg[1]/C





Min Delay Paths
--------------------------------------------------------------------------------------
Slack:                    inf
  Source:                 lenet_system_i/proc_sys_reset_0/U0/ACTIVE_LOW_BSR_OUT_DFF[0].FDRE_BSR_N/C
                            (rising edge-triggered cell FDRE clocked by clk_fpga_0  {rise@0.000ns fall@5.000ns period=10.000ns})
  Destination:            lenet_system_i/smartconnect_0/inst/clk_map/psr_aclk/U0/EXT_LPF/ACTIVE_LOW_AUX.ACT_LO_AUX/GENERATE_LEVEL_P_S_CDC.SINGLE_BIT.CROSS_PLEVEL_IN2SCNDRY_IN_cdc_to/D
                            (rising edge-triggered cell FDRE clocked by clk_fpga_0  {rise@0.000ns fall@5.000ns period=10.000ns})
  Path Group:             (none)
  Path Type:              Hold (Min at Fast Process Corner)
  Data Path Delay:        0.377ns  (logic 0.186ns (49.305%)  route 0.191ns (50.695%))
  Logic Levels:           1  (LUT1=1)
  Clock Path Skew:        0.296ns (DCD - SCD - CPR)
    Destination Clock Delay (DCD):    1.212ns
    Source Clock Delay      (SCD):    0.916ns
    Clock Pessimism Removal (CPR):    -0.000ns
  Clock Uncertainty:      0.154ns  ((TSJ^2 + TIJ^2)^1/2 + DJ) / 2 + PE
    Total System Jitter     (TSJ):    0.071ns
    Total Input Jitter      (TIJ):    0.300ns
    Discrete Jitter          (DJ):    0.000ns
    Phase Error              (PE):    0.000ns
  Timing Exception:       False Path

    Location             Delay type                Incr(ns)  Path(ns)    Netlist Resource(s)
  -------------------------------------------------------------------    -------------------
                         (clock clk_fpga_0 rise edge)
                                                      0.000     0.000 r  
    PS7_X0Y0             PS7                          0.000     0.000 r  lenet_system_i/processing_system7_0/inst/PS7_i/FCLKCLK[0]
                         net (fo=1, routed)           0.310     0.310    lenet_system_i/processing_system7_0/inst/FCLK_CLK_unbuffered[0]
    BUFGCTRL_X0Y16                                                    r  lenet_system_i/processing_system7_0/inst/buffer_fclk_clk_0.FCLK_CLK_0_BUFG/I
    BUFGCTRL_X0Y16       BUFG (Prop_bufg_I_O)         0.026     0.336 r  lenet_system_i/processing_system7_0/inst/buffer_fclk_clk_0.FCLK_CLK_0_BUFG/O
                         net (fo=12009, routed)       0.580     0.916    lenet_system_i/proc_sys_reset_0/U0/slowest_sync_clk
    SLICE_X63Y16         FDRE                                         r  lenet_system_i/proc_sys_reset_0/U0/ACTIVE_LOW_BSR_OUT_DFF[0].FDRE_BSR_N/C
  -------------------------------------------------------------------    -------------------
    SLICE_X63Y16         FDRE (Prop_fdre_C_Q)         0.141     1.057 f  lenet_system_i/proc_sys_reset_0/U0/ACTIVE_LOW_BSR_OUT_DFF[0].FDRE_BSR_N/Q
                         net (fo=1, routed)           0.191     1.248    lenet_system_i/smartconnect_0/inst/clk_map/psr_aclk/U0/EXT_LPF/ACTIVE_LOW_AUX.ACT_LO_AUX/aresetn
    SLICE_X60Y16                                                      f  lenet_system_i/smartconnect_0/inst/clk_map/psr_aclk/U0/EXT_LPF/ACTIVE_LOW_AUX.ACT_LO_AUX/GENERATE_LEVEL_P_S_CDC.SINGLE_BIT.CROSS_PLEVEL_IN2SCNDRY_IN_cdc_to_i_1/I0
    SLICE_X60Y16         LUT1 (Prop_lut1_I0_O)        0.045     1.293 r  lenet_system_i/smartconnect_0/inst/clk_map/psr_aclk/U0/EXT_LPF/ACTIVE_LOW_AUX.ACT_LO_AUX/GENERATE_LEVEL_P_S_CDC.SINGLE_BIT.CROSS_PLEVEL_IN2SCNDRY_IN_cdc_to_i_1/O
                         net (fo=1, routed)           0.000     1.293    lenet_system_i/smartconnect_0/inst/clk_map/psr_aclk/U0/EXT_LPF/ACTIVE_LOW_AUX.ACT_LO_AUX/asr_d1
    SLICE_X60Y16         FDRE                                         r  lenet_system_i/smartconnect_0/inst/clk_map/psr_aclk/U0/EXT_LPF/ACTIVE_LOW_AUX.ACT_LO_AUX/GENERATE_LEVEL_P_S_CDC.SINGLE_BIT.CROSS_PLEVEL_IN2SCNDRY_IN_cdc_to/D
  -------------------------------------------------------------------    -------------------

                         (clock clk_fpga_0 rise edge)
                                                      0.000     0.000 r  
    PS7_X0Y0             PS7                          0.000     0.000 r  lenet_system_i/processing_system7_0/inst/PS7_i/FCLKCLK[0]
                         net (fo=1, routed)           0.337     0.337    lenet_system_i/processing_system7_0/inst/FCLK_CLK_unbuffered[0]
    BUFGCTRL_X0Y16                                                    r  lenet_system_i/processing_system7_0/inst/buffer_fclk_clk_0.FCLK_CLK_0_BUFG/I
    BUFGCTRL_X0Y16       BUFG (Prop_bufg_I_O)         0.029     0.366 r  lenet_system_i/processing_system7_0/inst/buffer_fclk_clk_0.FCLK_CLK_0_BUFG/O
                         net (fo=12009, routed)       0.846     1.212    lenet_system_i/smartconnect_0/inst/clk_map/psr_aclk/U0/EXT_LPF/ACTIVE_LOW_AUX.ACT_LO_AUX/aclk
    SLICE_X60Y16         FDRE                                         r  lenet_system_i/smartconnect_0/inst/clk_map/psr_aclk/U0/EXT_LPF/ACTIVE_LOW_AUX.ACT_LO_AUX/GENERATE_LEVEL_P_S_CDC.SINGLE_BIT.CROSS_PLEVEL_IN2SCNDRY_IN_cdc_to/C

Slack:                    inf
  Source:                 lenet_system_i/smartconnect_0/inst/clk_map/psr_aclk/U0/ACTIVE_LOW_BSR_OUT_DFF[0].FDRE_BSR_N/C
                            (rising edge-triggered cell FDRE clocked by clk_fpga_0  {rise@0.000ns fall@5.000ns period=10.000ns})
  Destination:            lenet_system_i/smartconnect_0/inst/s01_nodes/s01_ar_node/inst/s_sc_xpm_cdc_async_rst_inst/arststages_ff_reg[0]/CLR
                            (removal check against rising-edge clock clk_fpga_0  {rise@0.000ns fall@5.000ns period=10.000ns})
  Path Group:             (none)
  Path Type:              Removal (Min at Fast Process Corner)
  Data Path Delay:        1.078ns  (logic 0.186ns (17.256%)  route 0.892ns (82.744%))
  Logic Levels:           1  (LUT1=1)
  Clock Path Skew:        0.303ns (DCD - SCD - CPR)
    Destination Clock Delay (DCD):    1.216ns
    Source Clock Delay      (SCD):    0.913ns
    Clock Pessimism Removal (CPR):    -0.000ns
  Clock Uncertainty:      0.154ns  ((TSJ^2 + TIJ^2)^1/2 + DJ) / 2 + PE
    Total System Jitter     (TSJ):    0.071ns
    Total Input Jitter      (TIJ):    0.300ns
    Discrete Jitter          (DJ):    0.000ns
    Phase Error              (PE):    0.000ns
  Timing Exception:       False Path

    Location             Delay type                Incr(ns)  Path(ns)    Netlist Resource(s)
  -------------------------------------------------------------------    -------------------
                         (clock clk_fpga_0 rise edge)
                                                      0.000     0.000 r  
    PS7_X0Y0             PS7                          0.000     0.000 r  lenet_system_i/processing_system7_0/inst/PS7_i/FCLKCLK[0]
                         net (fo=1, routed)           0.310     0.310    lenet_system_i/processing_system7_0/inst/FCLK_CLK_unbuffered[0]
    BUFGCTRL_X0Y16                                                    r  lenet_system_i/processing_system7_0/inst/buffer_fclk_clk_0.FCLK_CLK_0_BUFG/I
    BUFGCTRL_X0Y16       BUFG (Prop_bufg_I_O)         0.026     0.336 r  lenet_system_i/processing_system7_0/inst/buffer_fclk_clk_0.FCLK_CLK_0_BUFG/O
                         net (fo=12009, routed)       0.577     0.913    lenet_system_i/smartconnect_0/inst/clk_map/psr_aclk/U0/aclk
    SLICE_X57Y17         FDRE                                         r  lenet_system_i/smartconnect_0/inst/clk_map/psr_aclk/U0/ACTIVE_LOW_BSR_OUT_DFF[0].FDRE_BSR_N/C
  -------------------------------------------------------------------    -------------------
    SLICE_X57Y17         FDRE (Prop_fdre_C_Q)         0.141     1.054 r  lenet_system_i/smartconnect_0/inst/clk_map/psr_aclk/U0/ACTIVE_LOW_BSR_OUT_DFF[0].FDRE_BSR_N/Q
                         net (fo=22, routed)          0.773     1.826    lenet_system_i/smartconnect_0/inst/s01_nodes/s01_ar_node/inst/s_sc_xpm_cdc_async_rst_inst/src_arst
    SLICE_X31Y17                                                      r  lenet_system_i/smartconnect_0/inst/s01_nodes/s01_ar_node/inst/s_sc_xpm_cdc_async_rst_inst/arststages_ff[2]_i_1/I0
    SLICE_X31Y17         LUT1 (Prop_lut1_I0_O)        0.045     1.871 f  lenet_system_i/smartconnect_0/inst/s01_nodes/s01_ar_node/inst/s_sc_xpm_cdc_async_rst_inst/arststages_ff[2]_i_1/O
                         net (fo=3, routed)           0.119     1.990    lenet_system_i/smartconnect_0/inst/s01_nodes/s01_ar_node/inst/s_sc_xpm_cdc_async_rst_inst/reset_pol
    SLICE_X31Y17         FDCE                                         f  lenet_system_i/smartconnect_0/inst/s01_nodes/s01_ar_node/inst/s_sc_xpm_cdc_async_rst_inst/arststages_ff_reg[0]/CLR
  -------------------------------------------------------------------    -------------------

                         (clock clk_fpga_0 rise edge)
                                                      0.000     0.000 r  
    PS7_X0Y0             PS7                          0.000     0.000 r  lenet_system_i/processing_system7_0/inst/PS7_i/FCLKCLK[0]
                         net (fo=1, routed)           0.337     0.337    lenet_system_i/processing_system7_0/inst/FCLK_CLK_unbuffered[0]
    BUFGCTRL_X0Y16                                                    r  lenet_system_i/processing_system7_0/inst/buffer_fclk_clk_0.FCLK_CLK_0_BUFG/I
    BUFGCTRL_X0Y16       BUFG (Prop_bufg_I_O)         0.029     0.366 r  lenet_system_i/processing_system7_0/inst/buffer_fclk_clk_0.FCLK_CLK_0_BUFG/O
                         net (fo=12009, routed)       0.850     1.216    lenet_system_i/smartconnect_0/inst/s01_nodes/s01_ar_node/inst/s_sc_xpm_cdc_async_rst_inst/dest_clk
    SLICE_X31Y17         FDCE                                         r  lenet_system_i/smartconnect_0/inst/s01_nodes/s01_ar_node/inst/s_sc_xpm_cdc_async_rst_inst/arststages_ff_reg[0]/C

Slack:                    inf
  Source:                 lenet_system_i/smartconnect_0/inst/clk_map/psr_aclk/U0/ACTIVE_LOW_BSR_OUT_DFF[0].FDRE_BSR_N/C
                            (rising edge-triggered cell FDRE clocked by clk_fpga_0  {rise@0.000ns fall@5.000ns period=10.000ns})
  Destination:            lenet_system_i/smartconnect_0/inst/s01_nodes/s01_ar_node/inst/s_sc_xpm_cdc_async_rst_inst/arststages_ff_reg[1]/CLR
                            (removal check against rising-edge clock clk_fpga_0  {rise@0.000ns fall@5.000ns period=10.000ns})
  Path Group:             (none)
  Path Type:              Removal (Min at Fast Process Corner)
  Data Path Delay:        1.078ns  (logic 0.186ns (17.256%)  route 0.892ns (82.744%))
  Logic Levels:           1  (LUT1=1)
  Clock Path Skew:        0.303ns (DCD - SCD - CPR)
    Destination Clock Delay (DCD):    1.216ns
    Source Clock Delay      (SCD):    0.913ns
    Clock Pessimism Removal (CPR):    -0.000ns
  Clock Uncertainty:      0.154ns  ((TSJ^2 + TIJ^2)^1/2 + DJ) / 2 + PE
    Total System Jitter     (TSJ):    0.071ns
    Total Input Jitter      (TIJ):    0.300ns
    Discrete Jitter          (DJ):    0.000ns
    Phase Error              (PE):    0.000ns
  Timing Exception:       False Path

    Location             Delay type                Incr(ns)  Path(ns)    Netlist Resource(s)
  -------------------------------------------------------------------    -------------------
                         (clock clk_fpga_0 rise edge)
                                                      0.000     0.000 r  
    PS7_X0Y0             PS7                          0.000     0.000 r  lenet_system_i/processing_system7_0/inst/PS7_i/FCLKCLK[0]
                         net (fo=1, routed)           0.310     0.310    lenet_system_i/processing_system7_0/inst/FCLK_CLK_unbuffered[0]
    BUFGCTRL_X0Y16                                                    r  lenet_system_i/processing_system7_0/inst/buffer_fclk_clk_0.FCLK_CLK_0_BUFG/I
    BUFGCTRL_X0Y16       BUFG (Prop_bufg_I_O)         0.026     0.336 r  lenet_system_i/processing_system7_0/inst/buffer_fclk_clk_0.FCLK_CLK_0_BUFG/O
                         net (fo=12009, routed)       0.577     0.913    lenet_system_i/smartconnect_0/inst/clk_map/psr_aclk/U0/aclk
    SLICE_X57Y17         FDRE                                         r  lenet_system_i/smartconnect_0/inst/clk_map/psr_aclk/U0/ACTIVE_LOW_BSR_OUT_DFF[0].FDRE_BSR_N/C
  -------------------------------------------------------------------    -------------------
    SLICE_X57Y17         FDRE (Prop_fdre_C_Q)         0.141     1.054 r  lenet_system_i/smartconnect_0/inst/clk_map/psr_aclk/U0/ACTIVE_LOW_BSR_OUT_DFF[0].FDRE_BSR_N/Q
                         net (fo=22, routed)          0.773     1.826    lenet_system_i/smartconnect_0/inst/s01_nodes/s01_ar_node/inst/s_sc_xpm_cdc_async_rst_inst/src_arst
    SLICE_X31Y17                                                      r  lenet_system_i/smartconnect_0/inst/s01_nodes/s01_ar_node/inst/s_sc_xpm_cdc_async_rst_inst/arststages_ff[2]_i_1/I0
    SLICE_X31Y17         LUT1 (Prop_lut1_I0_O)        0.045     1.871 f  lenet_system_i/smartconnect_0/inst/s01_nodes/s01_ar_node/inst/s_sc_xpm_cdc_async_rst_inst/arststages_ff[2]_i_1/O
                         net (fo=3, routed)           0.119     1.990    lenet_system_i/smartconnect_0/inst/s01_nodes/s01_ar_node/inst/s_sc_xpm_cdc_async_rst_inst/reset_pol
    SLICE_X31Y17         FDCE                                         f  lenet_system_i/smartconnect_0/inst/s01_nodes/s01_ar_node/inst/s_sc_xpm_cdc_async_rst_inst/arststages_ff_reg[1]/CLR
  -------------------------------------------------------------------    -------------------

                         (clock clk_fpga_0 rise edge)
                                                      0.000     0.000 r  
    PS7_X0Y0             PS7                          0.000     0.000 r  lenet_system_i/processing_system7_0/inst/PS7_i/FCLKCLK[0]
                         net (fo=1, routed)           0.337     0.337    lenet_system_i/processing_system7_0/inst/FCLK_CLK_unbuffered[0]
    BUFGCTRL_X0Y16                                                    r  lenet_system_i/processing_system7_0/inst/buffer_fclk_clk_0.FCLK_CLK_0_BUFG/I
    BUFGCTRL_X0Y16       BUFG (Prop_bufg_I_O)         0.029     0.366 r  lenet_system_i/processing_system7_0/inst/buffer_fclk_clk_0.FCLK_CLK_0_BUFG/O
                         net (fo=12009, routed)       0.850     1.216    lenet_system_i/smartconnect_0/inst/s01_nodes/s01_ar_node/inst/s_sc_xpm_cdc_async_rst_inst/dest_clk
    SLICE_X31Y17         FDCE                                         r  lenet_system_i/smartconnect_0/inst/s01_nodes/s01_ar_node/inst/s_sc_xpm_cdc_async_rst_inst/arststages_ff_reg[1]/C

Slack:                    inf
  Source:                 lenet_system_i/smartconnect_0/inst/clk_map/psr_aclk/U0/ACTIVE_LOW_BSR_OUT_DFF[0].FDRE_BSR_N/C
                            (rising edge-triggered cell FDRE clocked by clk_fpga_0  {rise@0.000ns fall@5.000ns period=10.000ns})
  Destination:            lenet_system_i/smartconnect_0/inst/s01_nodes/s01_ar_node/inst/s_sc_xpm_cdc_async_rst_inst/arststages_ff_reg[2]/CLR
                            (removal check against rising-edge clock clk_fpga_0  {rise@0.000ns fall@5.000ns period=10.000ns})
  Path Group:             (none)
  Path Type:              Removal (Min at Fast Process Corner)
  Data Path Delay:        1.078ns  (logic 0.186ns (17.256%)  route 0.892ns (82.744%))
  Logic Levels:           1  (LUT1=1)
  Clock Path Skew:        0.303ns (DCD - SCD - CPR)
    Destination Clock Delay (DCD):    1.216ns
    Source Clock Delay      (SCD):    0.913ns
    Clock Pessimism Removal (CPR):    -0.000ns
  Clock Uncertainty:      0.154ns  ((TSJ^2 + TIJ^2)^1/2 + DJ) / 2 + PE
    Total System Jitter     (TSJ):    0.071ns
    Total Input Jitter      (TIJ):    0.300ns
    Discrete Jitter          (DJ):    0.000ns
    Phase Error              (PE):    0.000ns
  Timing Exception:       False Path

    Location             Delay type                Incr(ns)  Path(ns)    Netlist Resource(s)
  -------------------------------------------------------------------    -------------------
                         (clock clk_fpga_0 rise edge)
                                                      0.000     0.000 r  
    PS7_X0Y0             PS7                          0.000     0.000 r  lenet_system_i/processing_system7_0/inst/PS7_i/FCLKCLK[0]
                         net (fo=1, routed)           0.310     0.310    lenet_system_i/processing_system7_0/inst/FCLK_CLK_unbuffered[0]
    BUFGCTRL_X0Y16                                                    r  lenet_system_i/processing_system7_0/inst/buffer_fclk_clk_0.FCLK_CLK_0_BUFG/I
    BUFGCTRL_X0Y16       BUFG (Prop_bufg_I_O)         0.026     0.336 r  lenet_system_i/processing_system7_0/inst/buffer_fclk_clk_0.FCLK_CLK_0_BUFG/O
                         net (fo=12009, routed)       0.577     0.913    lenet_system_i/smartconnect_0/inst/clk_map/psr_aclk/U0/aclk
    SLICE_X57Y17         FDRE                                         r  lenet_system_i/smartconnect_0/inst/clk_map/psr_aclk/U0/ACTIVE_LOW_BSR_OUT_DFF[0].FDRE_BSR_N/C
  -------------------------------------------------------------------    -------------------
    SLICE_X57Y17         FDRE (Prop_fdre_C_Q)         0.141     1.054 r  lenet_system_i/smartconnect_0/inst/clk_map/psr_aclk/U0/ACTIVE_LOW_BSR_OUT_DFF[0].FDRE_BSR_N/Q
                         net (fo=22, routed)          0.773     1.826    lenet_system_i/smartconnect_0/inst/s01_nodes/s01_ar_node/inst/s_sc_xpm_cdc_async_rst_inst/src_arst
    SLICE_X31Y17                                                      r  lenet_system_i/smartconnect_0/inst/s01_nodes/s01_ar_node/inst/s_sc_xpm_cdc_async_rst_inst/arststages_ff[2]_i_1/I0
    SLICE_X31Y17         LUT1 (Prop_lut1_I0_O)        0.045     1.871 f  lenet_system_i/smartconnect_0/inst/s01_nodes/s01_ar_node/inst/s_sc_xpm_cdc_async_rst_inst/arststages_ff[2]_i_1/O
                         net (fo=3, routed)           0.119     1.990    lenet_system_i/smartconnect_0/inst/s01_nodes/s01_ar_node/inst/s_sc_xpm_cdc_async_rst_inst/reset_pol
    SLICE_X31Y17         FDCE                                         f  lenet_system_i/smartconnect_0/inst/s01_nodes/s01_ar_node/inst/s_sc_xpm_cdc_async_rst_inst/arststages_ff_reg[2]/CLR
  -------------------------------------------------------------------    -------------------

                         (clock clk_fpga_0 rise edge)
                                                      0.000     0.000 r  
    PS7_X0Y0             PS7                          0.000     0.000 r  lenet_system_i/processing_system7_0/inst/PS7_i/FCLKCLK[0]
                         net (fo=1, routed)           0.337     0.337    lenet_system_i/processing_system7_0/inst/FCLK_CLK_unbuffered[0]
    BUFGCTRL_X0Y16                                                    r  lenet_system_i/processing_system7_0/inst/buffer_fclk_clk_0.FCLK_CLK_0_BUFG/I
    BUFGCTRL_X0Y16       BUFG (Prop_bufg_I_O)         0.029     0.366 r  lenet_system_i/processing_system7_0/inst/buffer_fclk_clk_0.FCLK_CLK_0_BUFG/O
                         net (fo=12009, routed)       0.850     1.216    lenet_system_i/smartconnect_0/inst/s01_nodes/s01_ar_node/inst/s_sc_xpm_cdc_async_rst_inst/dest_clk
    SLICE_X31Y17         FDCE                                         r  lenet_system_i/smartconnect_0/inst/s01_nodes/s01_ar_node/inst/s_sc_xpm_cdc_async_rst_inst/arststages_ff_reg[2]/C

Slack:                    inf
  Source:                 lenet_system_i/smartconnect_0/inst/clk_map/psr_aclk/U0/ACTIVE_LOW_BSR_OUT_DFF[0].FDRE_BSR_N/C
                            (rising edge-triggered cell FDRE clocked by clk_fpga_0  {rise@0.000ns fall@5.000ns period=10.000ns})
  Destination:            lenet_system_i/smartconnect_0/inst/s00_entry_pipeline/s00_mmu/inst/xpm_cdc_async_rst_inst/arststages_ff_reg[0]/CLR
                            (removal check against rising-edge clock clk_fpga_0  {rise@0.000ns fall@5.000ns period=10.000ns})
  Path Group:             (none)
  Path Type:              Removal (Min at Fast Process Corner)
  Data Path Delay:        1.283ns  (logic 0.190ns (14.805%)  route 1.093ns (85.195%))
  Logic Levels:           1  (LUT1=1)
  Clock Path Skew:        0.309ns (DCD - SCD - CPR)
    Destination Clock Delay (DCD):    1.222ns
    Source Clock Delay      (SCD):    0.913ns
    Clock Pessimism Removal (CPR):    -0.000ns
  Clock Uncertainty:      0.154ns  ((TSJ^2 + TIJ^2)^1/2 + DJ) / 2 + PE
    Total System Jitter     (TSJ):    0.071ns
    Total Input Jitter      (TIJ):    0.300ns
    Discrete Jitter          (DJ):    0.000ns
    Phase Error              (PE):    0.000ns
  Timing Exception:       False Path

    Location             Delay type                Incr(ns)  Path(ns)    Netlist Resource(s)
  -------------------------------------------------------------------    -------------------
                         (clock clk_fpga_0 rise edge)
                                                      0.000     0.000 r  
    PS7_X0Y0             PS7                          0.000     0.000 r  lenet_system_i/processing_system7_0/inst/PS7_i/FCLKCLK[0]
                         net (fo=1, routed)           0.310     0.310    lenet_system_i/processing_system7_0/inst/FCLK_CLK_unbuffered[0]
    BUFGCTRL_X0Y16                                                    r  lenet_system_i/processing_system7_0/inst/buffer_fclk_clk_0.FCLK_CLK_0_BUFG/I
    BUFGCTRL_X0Y16       BUFG (Prop_bufg_I_O)         0.026     0.336 r  lenet_system_i/processing_system7_0/inst/buffer_fclk_clk_0.FCLK_CLK_0_BUFG/O
                         net (fo=12009, routed)       0.577     0.913    lenet_system_i/smartconnect_0/inst/clk_map/psr_aclk/U0/aclk
    SLICE_X57Y17         FDRE                                         r  lenet_system_i/smartconnect_0/inst/clk_map/psr_aclk/U0/ACTIVE_LOW_BSR_OUT_DFF[0].FDRE_BSR_N/C
  -------------------------------------------------------------------    -------------------
    SLICE_X57Y17         FDRE (Prop_fdre_C_Q)         0.141     1.054 r  lenet_system_i/smartconnect_0/inst/clk_map/psr_aclk/U0/ACTIVE_LOW_BSR_OUT_DFF[0].FDRE_BSR_N/Q
                         net (fo=22, routed)          0.916     1.970    lenet_system_i/smartconnect_0/inst/s00_entry_pipeline/s00_mmu/inst/xpm_cdc_async_rst_inst/src_arst
    SLICE_X22Y16                                                      r  lenet_system_i/smartconnect_0/inst/s00_entry_pipeline/s00_mmu/inst/xpm_cdc_async_rst_inst/arststages_ff[2]_i_1/I0
    SLICE_X22Y16         LUT1 (Prop_lut1_I0_O)        0.049     2.019 f  lenet_system_i/smartconnect_0/inst/s00_entry_pipeline/s00_mmu/inst/xpm_cdc_async_rst_inst/arststages_ff[2]_i_1/O
                         net (fo=3, routed)           0.177     2.196    lenet_system_i/smartconnect_0/inst/s00_entry_pipeline/s00_mmu/inst/xpm_cdc_async_rst_inst/reset_pol
    SLICE_X22Y16         FDCE                                         f  lenet_system_i/smartconnect_0/inst/s00_entry_pipeline/s00_mmu/inst/xpm_cdc_async_rst_inst/arststages_ff_reg[0]/CLR
  -------------------------------------------------------------------    -------------------

                         (clock clk_fpga_0 rise edge)
                                                      0.000     0.000 r  
    PS7_X0Y0             PS7                          0.000     0.000 r  lenet_system_i/processing_system7_0/inst/PS7_i/FCLKCLK[0]
                         net (fo=1, routed)           0.337     0.337    lenet_system_i/processing_system7_0/inst/FCLK_CLK_unbuffered[0]
    BUFGCTRL_X0Y16                                                    r  lenet_system_i/processing_system7_0/inst/buffer_fclk_clk_0.FCLK_CLK_0_BUFG/I
    BUFGCTRL_X0Y16       BUFG (Prop_bufg_I_O)         0.029     0.366 r  lenet_system_i/processing_system7_0/inst/buffer_fclk_clk_0.FCLK_CLK_0_BUFG/O
                         net (fo=12009, routed)       0.856     1.222    lenet_system_i/smartconnect_0/inst/s00_entry_pipeline/s00_mmu/inst/xpm_cdc_async_rst_inst/dest_clk
    SLICE_X22Y16         FDCE                                         r  lenet_system_i/smartconnect_0/inst/s00_entry_pipeline/s00_mmu/inst/xpm_cdc_async_rst_inst/arststages_ff_reg[0]/C

Slack:                    inf
  Source:                 lenet_system_i/smartconnect_0/inst/clk_map/psr_aclk/U0/ACTIVE_LOW_BSR_OUT_DFF[0].FDRE_BSR_N/C
                            (rising edge-triggered cell FDRE clocked by clk_fpga_0  {rise@0.000ns fall@5.000ns period=10.000ns})
  Destination:            lenet_system_i/smartconnect_0/inst/s00_entry_pipeline/s00_mmu/inst/xpm_cdc_async_rst_inst/arststages_ff_reg[1]/CLR
                            (removal check against rising-edge clock clk_fpga_0  {rise@0.000ns fall@5.000ns period=10.000ns})
  Path Group:             (none)
  Path Type:              Removal (Min at Fast Process Corner)
  Data Path Delay:        1.283ns  (logic 0.190ns (14.805%)  route 1.093ns (85.195%))
  Logic Levels:           1  (LUT1=1)
  Clock Path Skew:        0.309ns (DCD - SCD - CPR)
    Destination Clock Delay (DCD):    1.222ns
    Source Clock Delay      (SCD):    0.913ns
    Clock Pessimism Removal (CPR):    -0.000ns
  Clock Uncertainty:      0.154ns  ((TSJ^2 + TIJ^2)^1/2 + DJ) / 2 + PE
    Total System Jitter     (TSJ):    0.071ns
    Total Input Jitter      (TIJ):    0.300ns
    Discrete Jitter          (DJ):    0.000ns
    Phase Error              (PE):    0.000ns
  Timing Exception:       False Path

    Location             Delay type                Incr(ns)  Path(ns)    Netlist Resource(s)
  -------------------------------------------------------------------    -------------------
                         (clock clk_fpga_0 rise edge)
                                                      0.000     0.000 r  
    PS7_X0Y0             PS7                          0.000     0.000 r  lenet_system_i/processing_system7_0/inst/PS7_i/FCLKCLK[0]
                         net (fo=1, routed)           0.310     0.310    lenet_system_i/processing_system7_0/inst/FCLK_CLK_unbuffered[0]
    BUFGCTRL_X0Y16                                                    r  lenet_system_i/processing_system7_0/inst/buffer_fclk_clk_0.FCLK_CLK_0_BUFG/I
    BUFGCTRL_X0Y16       BUFG (Prop_bufg_I_O)         0.026     0.336 r  lenet_system_i/processing_system7_0/inst/buffer_fclk_clk_0.FCLK_CLK_0_BUFG/O
                         net (fo=12009, routed)       0.577     0.913    lenet_system_i/smartconnect_0/inst/clk_map/psr_aclk/U0/aclk
    SLICE_X57Y17         FDRE                                         r  lenet_system_i/smartconnect_0/inst/clk_map/psr_aclk/U0/ACTIVE_LOW_BSR_OUT_DFF[0].FDRE_BSR_N/C
  -------------------------------------------------------------------    -------------------
    SLICE_X57Y17         FDRE (Prop_fdre_C_Q)         0.141     1.054 r  lenet_system_i/smartconnect_0/inst/clk_map/psr_aclk/U0/ACTIVE_LOW_BSR_OUT_DFF[0].FDRE_BSR_N/Q
                         net (fo=22, routed)          0.916     1.970    lenet_system_i/smartconnect_0/inst/s00_entry_pipeline/s00_mmu/inst/xpm_cdc_async_rst_inst/src_arst
    SLICE_X22Y16                                                      r  lenet_system_i/smartconnect_0/inst/s00_entry_pipeline/s00_mmu/inst/xpm_cdc_async_rst_inst/arststages_ff[2]_i_1/I0
    SLICE_X22Y16         LUT1 (Prop_lut1_I0_O)        0.049     2.019 f  lenet_system_i/smartconnect_0/inst/s00_entry_pipeline/s00_mmu/inst/xpm_cdc_async_rst_inst/arststages_ff[2]_i_1/O
                         net (fo=3, routed)           0.177     2.196    lenet_system_i/smartconnect_0/inst/s00_entry_pipeline/s00_mmu/inst/xpm_cdc_async_rst_inst/reset_pol
    SLICE_X22Y16         FDCE                                         f  lenet_system_i/smartconnect_0/inst/s00_entry_pipeline/s00_mmu/inst/xpm_cdc_async_rst_inst/arststages_ff_reg[1]/CLR
  -------------------------------------------------------------------    -------------------

                         (clock clk_fpga_0 rise edge)
                                                      0.000     0.000 r  
    PS7_X0Y0             PS7                          0.000     0.000 r  lenet_system_i/processing_system7_0/inst/PS7_i/FCLKCLK[0]
                         net (fo=1, routed)           0.337     0.337    lenet_system_i/processing_system7_0/inst/FCLK_CLK_unbuffered[0]
    BUFGCTRL_X0Y16                                                    r  lenet_system_i/processing_system7_0/inst/buffer_fclk_clk_0.FCLK_CLK_0_BUFG/I
    BUFGCTRL_X0Y16       BUFG (Prop_bufg_I_O)         0.029     0.366 r  lenet_system_i/processing_system7_0/inst/buffer_fclk_clk_0.FCLK_CLK_0_BUFG/O
                         net (fo=12009, routed)       0.856     1.222    lenet_system_i/smartconnect_0/inst/s00_entry_pipeline/s00_mmu/inst/xpm_cdc_async_rst_inst/dest_clk
    SLICE_X22Y16         FDCE                                         r  lenet_system_i/smartconnect_0/inst/s00_entry_pipeline/s00_mmu/inst/xpm_cdc_async_rst_inst/arststages_ff_reg[1]/C

Slack:                    inf
  Source:                 lenet_system_i/smartconnect_0/inst/clk_map/psr_aclk/U0/ACTIVE_LOW_BSR_OUT_DFF[0].FDRE_BSR_N/C
                            (rising edge-triggered cell FDRE clocked by clk_fpga_0  {rise@0.000ns fall@5.000ns period=10.000ns})
  Destination:            lenet_system_i/smartconnect_0/inst/s00_entry_pipeline/s00_mmu/inst/xpm_cdc_async_rst_inst/arststages_ff_reg[2]/CLR
                            (removal check against rising-edge clock clk_fpga_0  {rise@0.000ns fall@5.000ns period=10.000ns})
  Path Group:             (none)
  Path Type:              Removal (Min at Fast Process Corner)
  Data Path Delay:        1.283ns  (logic 0.190ns (14.805%)  route 1.093ns (85.195%))
  Logic Levels:           1  (LUT1=1)
  Clock Path Skew:        0.309ns (DCD - SCD - CPR)
    Destination Clock Delay (DCD):    1.222ns
    Source Clock Delay      (SCD):    0.913ns
    Clock Pessimism Removal (CPR):    -0.000ns
  Clock Uncertainty:      0.154ns  ((TSJ^2 + TIJ^2)^1/2 + DJ) / 2 + PE
    Total System Jitter     (TSJ):    0.071ns
    Total Input Jitter      (TIJ):    0.300ns
    Discrete Jitter          (DJ):    0.000ns
    Phase Error              (PE):    0.000ns
  Timing Exception:       False Path

    Location             Delay type                Incr(ns)  Path(ns)    Netlist Resource(s)
  -------------------------------------------------------------------    -------------------
                         (clock clk_fpga_0 rise edge)
                                                      0.000     0.000 r  
    PS7_X0Y0             PS7                          0.000     0.000 r  lenet_system_i/processing_system7_0/inst/PS7_i/FCLKCLK[0]
                         net (fo=1, routed)           0.310     0.310    lenet_system_i/processing_system7_0/inst/FCLK_CLK_unbuffered[0]
    BUFGCTRL_X0Y16                                                    r  lenet_system_i/processing_system7_0/inst/buffer_fclk_clk_0.FCLK_CLK_0_BUFG/I
    BUFGCTRL_X0Y16       BUFG (Prop_bufg_I_O)         0.026     0.336 r  lenet_system_i/processing_system7_0/inst/buffer_fclk_clk_0.FCLK_CLK_0_BUFG/O
                         net (fo=12009, routed)       0.577     0.913    lenet_system_i/smartconnect_0/inst/clk_map/psr_aclk/U0/aclk
    SLICE_X57Y17         FDRE                                         r  lenet_system_i/smartconnect_0/inst/clk_map/psr_aclk/U0/ACTIVE_LOW_BSR_OUT_DFF[0].FDRE_BSR_N/C
  -------------------------------------------------------------------    -------------------
    SLICE_X57Y17         FDRE (Prop_fdre_C_Q)         0.141     1.054 r  lenet_system_i/smartconnect_0/inst/clk_map/psr_aclk/U0/ACTIVE_LOW_BSR_OUT_DFF[0].FDRE_BSR_N/Q
                         net (fo=22, routed)          0.916     1.970    lenet_system_i/smartconnect_0/inst/s00_entry_pipeline/s00_mmu/inst/xpm_cdc_async_rst_inst/src_arst
    SLICE_X22Y16                                                      r  lenet_system_i/smartconnect_0/inst/s00_entry_pipeline/s00_mmu/inst/xpm_cdc_async_rst_inst/arststages_ff[2]_i_1/I0
    SLICE_X22Y16         LUT1 (Prop_lut1_I0_O)        0.049     2.019 f  lenet_system_i/smartconnect_0/inst/s00_entry_pipeline/s00_mmu/inst/xpm_cdc_async_rst_inst/arststages_ff[2]_i_1/O
                         net (fo=3, routed)           0.177     2.196    lenet_system_i/smartconnect_0/inst/s00_entry_pipeline/s00_mmu/inst/xpm_cdc_async_rst_inst/reset_pol
    SLICE_X22Y16         FDCE                                         f  lenet_system_i/smartconnect_0/inst/s00_entry_pipeline/s00_mmu/inst/xpm_cdc_async_rst_inst/arststages_ff_reg[2]/CLR
  -------------------------------------------------------------------    -------------------

                         (clock clk_fpga_0 rise edge)
                                                      0.000     0.000 r  
    PS7_X0Y0             PS7                          0.000     0.000 r  lenet_system_i/processing_system7_0/inst/PS7_i/FCLKCLK[0]
                         net (fo=1, routed)           0.337     0.337    lenet_system_i/processing_system7_0/inst/FCLK_CLK_unbuffered[0]
    BUFGCTRL_X0Y16                                                    r  lenet_system_i/processing_system7_0/inst/buffer_fclk_clk_0.FCLK_CLK_0_BUFG/I
    BUFGCTRL_X0Y16       BUFG (Prop_bufg_I_O)         0.029     0.366 r  lenet_system_i/processing_system7_0/inst/buffer_fclk_clk_0.FCLK_CLK_0_BUFG/O
                         net (fo=12009, routed)       0.856     1.222    lenet_system_i/smartconnect_0/inst/s00_entry_pipeline/s00_mmu/inst/xpm_cdc_async_rst_inst/dest_clk
    SLICE_X22Y16         FDCE                                         r  lenet_system_i/smartconnect_0/inst/s00_entry_pipeline/s00_mmu/inst/xpm_cdc_async_rst_inst/arststages_ff_reg[2]/C

Slack:                    inf
  Source:                 lenet_system_i/smartconnect_0/inst/clk_map/psr_aclk/U0/ACTIVE_LOW_BSR_OUT_DFF[0].FDRE_BSR_N/C
                            (rising edge-triggered cell FDRE clocked by clk_fpga_0  {rise@0.000ns fall@5.000ns period=10.000ns})
  Destination:            lenet_system_i/smartconnect_0/inst/s02_nodes/s02_w_node/inst/s_sc_xpm_cdc_async_rst_inst/arststages_ff_reg[0]/CLR
                            (removal check against rising-edge clock clk_fpga_0  {rise@0.000ns fall@5.000ns period=10.000ns})
  Path Group:             (none)
  Path Type:              Removal (Min at Fast Process Corner)
  Data Path Delay:        1.285ns  (logic 0.186ns (14.475%)  route 1.099ns (85.525%))
  Logic Levels:           1  (LUT1=1)
  Clock Path Skew:        0.278ns (DCD - SCD - CPR)
    Destination Clock Delay (DCD):    1.191ns
    Source Clock Delay      (SCD):    0.913ns
    Clock Pessimism Removal (CPR):    -0.000ns
  Clock Uncertainty:      0.154ns  ((TSJ^2 + TIJ^2)^1/2 + DJ) / 2 + PE
    Total System Jitter     (TSJ):    0.071ns
    Total Input Jitter      (TIJ):    0.300ns
    Discrete Jitter          (DJ):    0.000ns
    Phase Error              (PE):    0.000ns
  Timing Exception:       False Path

    Location             Delay type                Incr(ns)  Path(ns)    Netlist Resource(s)
  -------------------------------------------------------------------    -------------------
                         (clock clk_fpga_0 rise edge)
                                                      0.000     0.000 r  
    PS7_X0Y0             PS7                          0.000     0.000 r  lenet_system_i/processing_system7_0/inst/PS7_i/FCLKCLK[0]
                         net (fo=1, routed)           0.310     0.310    lenet_system_i/processing_system7_0/inst/FCLK_CLK_unbuffered[0]
    BUFGCTRL_X0Y16                                                    r  lenet_system_i/processing_system7_0/inst/buffer_fclk_clk_0.FCLK_CLK_0_BUFG/I
    BUFGCTRL_X0Y16       BUFG (Prop_bufg_I_O)         0.026     0.336 r  lenet_system_i/processing_system7_0/inst/buffer_fclk_clk_0.FCLK_CLK_0_BUFG/O
                         net (fo=12009, routed)       0.577     0.913    lenet_system_i/smartconnect_0/inst/clk_map/psr_aclk/U0/aclk
    SLICE_X57Y17         FDRE                                         r  lenet_system_i/smartconnect_0/inst/clk_map/psr_aclk/U0/ACTIVE_LOW_BSR_OUT_DFF[0].FDRE_BSR_N/C
  -------------------------------------------------------------------    -------------------
    SLICE_X57Y17         FDRE (Prop_fdre_C_Q)         0.141     1.054 r  lenet_system_i/smartconnect_0/inst/clk_map/psr_aclk/U0/ACTIVE_LOW_BSR_OUT_DFF[0].FDRE_BSR_N/Q
                         net (fo=22, routed)          0.980     2.033    lenet_system_i/smartconnect_0/inst/s02_nodes/s02_w_node/inst/s_sc_xpm_cdc_async_rst_inst/src_arst
    SLICE_X41Y52                                                      r  lenet_system_i/smartconnect_0/inst/s02_nodes/s02_w_node/inst/s_sc_xpm_cdc_async_rst_inst/arststages_ff[2]_i_1/I0
    SLICE_X41Y52         LUT1 (Prop_lut1_I0_O)        0.045     2.078 f  lenet_system_i/smartconnect_0/inst/s02_nodes/s02_w_node/inst/s_sc_xpm_cdc_async_rst_inst/arststages_ff[2]_i_1/O
                         net (fo=3, routed)           0.119     2.197    lenet_system_i/smartconnect_0/inst/s02_nodes/s02_w_node/inst/s_sc_xpm_cdc_async_rst_inst/reset_pol
    SLICE_X41Y52         FDCE                                         f  lenet_system_i/smartconnect_0/inst/s02_nodes/s02_w_node/inst/s_sc_xpm_cdc_async_rst_inst/arststages_ff_reg[0]/CLR
  -------------------------------------------------------------------    -------------------

                         (clock clk_fpga_0 rise edge)
                                                      0.000     0.000 r  
    PS7_X0Y0             PS7                          0.000     0.000 r  lenet_system_i/processing_system7_0/inst/PS7_i/FCLKCLK[0]
                         net (fo=1, routed)           0.337     0.337    lenet_system_i/processing_system7_0/inst/FCLK_CLK_unbuffered[0]
    BUFGCTRL_X0Y16                                                    r  lenet_system_i/processing_system7_0/inst/buffer_fclk_clk_0.FCLK_CLK_0_BUFG/I
    BUFGCTRL_X0Y16       BUFG (Prop_bufg_I_O)         0.029     0.366 r  lenet_system_i/processing_system7_0/inst/buffer_fclk_clk_0.FCLK_CLK_0_BUFG/O
                         net (fo=12009, routed)       0.825     1.191    lenet_system_i/smartconnect_0/inst/s02_nodes/s02_w_node/inst/s_sc_xpm_cdc_async_rst_inst/dest_clk
    SLICE_X41Y52         FDCE                                         r  lenet_system_i/smartconnect_0/inst/s02_nodes/s02_w_node/inst/s_sc_xpm_cdc_async_rst_inst/arststages_ff_reg[0]/C

Slack:                    inf
  Source:                 lenet_system_i/smartconnect_0/inst/clk_map/psr_aclk/U0/ACTIVE_LOW_BSR_OUT_DFF[0].FDRE_BSR_N/C
                            (rising edge-triggered cell FDRE clocked by clk_fpga_0  {rise@0.000ns fall@5.000ns period=10.000ns})
  Destination:            lenet_system_i/smartconnect_0/inst/s02_nodes/s02_w_node/inst/s_sc_xpm_cdc_async_rst_inst/arststages_ff_reg[1]/CLR
                            (removal check against rising-edge clock clk_fpga_0  {rise@0.000ns fall@5.000ns period=10.000ns})
  Path Group:             (none)
  Path Type:              Removal (Min at Fast Process Corner)
  Data Path Delay:        1.285ns  (logic 0.186ns (14.475%)  route 1.099ns (85.525%))
  Logic Levels:           1  (LUT1=1)
  Clock Path Skew:        0.278ns (DCD - SCD - CPR)
    Destination Clock Delay (DCD):    1.191ns
    Source Clock Delay      (SCD):    0.913ns
    Clock Pessimism Removal (CPR):    -0.000ns
  Clock Uncertainty:      0.154ns  ((TSJ^2 + TIJ^2)^1/2 + DJ) / 2 + PE
    Total System Jitter     (TSJ):    0.071ns
    Total Input Jitter      (TIJ):    0.300ns
    Discrete Jitter          (DJ):    0.000ns
    Phase Error              (PE):    0.000ns
  Timing Exception:       False Path

    Location             Delay type                Incr(ns)  Path(ns)    Netlist Resource(s)
  -------------------------------------------------------------------    -------------------
                         (clock clk_fpga_0 rise edge)
                                                      0.000     0.000 r  
    PS7_X0Y0             PS7                          0.000     0.000 r  lenet_system_i/processing_system7_0/inst/PS7_i/FCLKCLK[0]
                         net (fo=1, routed)           0.310     0.310    lenet_system_i/processing_system7_0/inst/FCLK_CLK_unbuffered[0]
    BUFGCTRL_X0Y16                                                    r  lenet_system_i/processing_system7_0/inst/buffer_fclk_clk_0.FCLK_CLK_0_BUFG/I
    BUFGCTRL_X0Y16       BUFG (Prop_bufg_I_O)         0.026     0.336 r  lenet_system_i/processing_system7_0/inst/buffer_fclk_clk_0.FCLK_CLK_0_BUFG/O
                         net (fo=12009, routed)       0.577     0.913    lenet_system_i/smartconnect_0/inst/clk_map/psr_aclk/U0/aclk
    SLICE_X57Y17         FDRE                                         r  lenet_system_i/smartconnect_0/inst/clk_map/psr_aclk/U0/ACTIVE_LOW_BSR_OUT_DFF[0].FDRE_BSR_N/C
  -------------------------------------------------------------------    -------------------
    SLICE_X57Y17         FDRE (Prop_fdre_C_Q)         0.141     1.054 r  lenet_system_i/smartconnect_0/inst/clk_map/psr_aclk/U0/ACTIVE_LOW_BSR_OUT_DFF[0].FDRE_BSR_N/Q
                         net (fo=22, routed)          0.980     2.033    lenet_system_i/smartconnect_0/inst/s02_nodes/s02_w_node/inst/s_sc_xpm_cdc_async_rst_inst/src_arst
    SLICE_X41Y52                                                      r  lenet_system_i/smartconnect_0/inst/s02_nodes/s02_w_node/inst/s_sc_xpm_cdc_async_rst_inst/arststages_ff[2]_i_1/I0
    SLICE_X41Y52         LUT1 (Prop_lut1_I0_O)        0.045     2.078 f  lenet_system_i/smartconnect_0/inst/s02_nodes/s02_w_node/inst/s_sc_xpm_cdc_async_rst_inst/arststages_ff[2]_i_1/O
                         net (fo=3, routed)           0.119     2.197    lenet_system_i/smartconnect_0/inst/s02_nodes/s02_w_node/inst/s_sc_xpm_cdc_async_rst_inst/reset_pol
    SLICE_X41Y52         FDCE                                         f  lenet_system_i/smartconnect_0/inst/s02_nodes/s02_w_node/inst/s_sc_xpm_cdc_async_rst_inst/arststages_ff_reg[1]/CLR
  -------------------------------------------------------------------    -------------------

                         (clock clk_fpga_0 rise edge)
                                                      0.000     0.000 r  
    PS7_X0Y0             PS7                          0.000     0.000 r  lenet_system_i/processing_system7_0/inst/PS7_i/FCLKCLK[0]
                         net (fo=1, routed)           0.337     0.337    lenet_system_i/processing_system7_0/inst/FCLK_CLK_unbuffered[0]
    BUFGCTRL_X0Y16                                                    r  lenet_system_i/processing_system7_0/inst/buffer_fclk_clk_0.FCLK_CLK_0_BUFG/I
    BUFGCTRL_X0Y16       BUFG (Prop_bufg_I_O)         0.029     0.366 r  lenet_system_i/processing_system7_0/inst/buffer_fclk_clk_0.FCLK_CLK_0_BUFG/O
                         net (fo=12009, routed)       0.825     1.191    lenet_system_i/smartconnect_0/inst/s02_nodes/s02_w_node/inst/s_sc_xpm_cdc_async_rst_inst/dest_clk
    SLICE_X41Y52         FDCE                                         r  lenet_system_i/smartconnect_0/inst/s02_nodes/s02_w_node/inst/s_sc_xpm_cdc_async_rst_inst/arststages_ff_reg[1]/C

Slack:                    inf
  Source:                 lenet_system_i/smartconnect_0/inst/clk_map/psr_aclk/U0/ACTIVE_LOW_BSR_OUT_DFF[0].FDRE_BSR_N/C
                            (rising edge-triggered cell FDRE clocked by clk_fpga_0  {rise@0.000ns fall@5.000ns period=10.000ns})
  Destination:            lenet_system_i/smartconnect_0/inst/s02_nodes/s02_w_node/inst/s_sc_xpm_cdc_async_rst_inst/arststages_ff_reg[2]/CLR
                            (removal check against rising-edge clock clk_fpga_0  {rise@0.000ns fall@5.000ns period=10.000ns})
  Path Group:             (none)
  Path Type:              Removal (Min at Fast Process Corner)
  Data Path Delay:        1.285ns  (logic 0.186ns (14.475%)  route 1.099ns (85.525%))
  Logic Levels:           1  (LUT1=1)
  Clock Path Skew:        0.278ns (DCD - SCD - CPR)
    Destination Clock Delay (DCD):    1.191ns
    Source Clock Delay      (SCD):    0.913ns
    Clock Pessimism Removal (CPR):    -0.000ns
  Clock Uncertainty:      0.154ns  ((TSJ^2 + TIJ^2)^1/2 + DJ) / 2 + PE
    Total System Jitter     (TSJ):    0.071ns
    Total Input Jitter      (TIJ):    0.300ns
    Discrete Jitter          (DJ):    0.000ns
    Phase Error              (PE):    0.000ns
  Timing Exception:       False Path

    Location             Delay type                Incr(ns)  Path(ns)    Netlist Resource(s)
  -------------------------------------------------------------------    -------------------
                         (clock clk_fpga_0 rise edge)
                                                      0.000     0.000 r  
    PS7_X0Y0             PS7                          0.000     0.000 r  lenet_system_i/processing_system7_0/inst/PS7_i/FCLKCLK[0]
                         net (fo=1, routed)           0.310     0.310    lenet_system_i/processing_system7_0/inst/FCLK_CLK_unbuffered[0]
    BUFGCTRL_X0Y16                                                    r  lenet_system_i/processing_system7_0/inst/buffer_fclk_clk_0.FCLK_CLK_0_BUFG/I
    BUFGCTRL_X0Y16       BUFG (Prop_bufg_I_O)         0.026     0.336 r  lenet_system_i/processing_system7_0/inst/buffer_fclk_clk_0.FCLK_CLK_0_BUFG/O
                         net (fo=12009, routed)       0.577     0.913    lenet_system_i/smartconnect_0/inst/clk_map/psr_aclk/U0/aclk
    SLICE_X57Y17         FDRE                                         r  lenet_system_i/smartconnect_0/inst/clk_map/psr_aclk/U0/ACTIVE_LOW_BSR_OUT_DFF[0].FDRE_BSR_N/C
  -------------------------------------------------------------------    -------------------
    SLICE_X57Y17         FDRE (Prop_fdre_C_Q)         0.141     1.054 r  lenet_system_i/smartconnect_0/inst/clk_map/psr_aclk/U0/ACTIVE_LOW_BSR_OUT_DFF[0].FDRE_BSR_N/Q
                         net (fo=22, routed)          0.980     2.033    lenet_system_i/smartconnect_0/inst/s02_nodes/s02_w_node/inst/s_sc_xpm_cdc_async_rst_inst/src_arst
    SLICE_X41Y52                                                      r  lenet_system_i/smartconnect_0/inst/s02_nodes/s02_w_node/inst/s_sc_xpm_cdc_async_rst_inst/arststages_ff[2]_i_1/I0
    SLICE_X41Y52         LUT1 (Prop_lut1_I0_O)        0.045     2.078 f  lenet_system_i/smartconnect_0/inst/s02_nodes/s02_w_node/inst/s_sc_xpm_cdc_async_rst_inst/arststages_ff[2]_i_1/O
                         net (fo=3, routed)           0.119     2.197    lenet_system_i/smartconnect_0/inst/s02_nodes/s02_w_node/inst/s_sc_xpm_cdc_async_rst_inst/reset_pol
    SLICE_X41Y52         FDCE                                         f  lenet_system_i/smartconnect_0/inst/s02_nodes/s02_w_node/inst/s_sc_xpm_cdc_async_rst_inst/arststages_ff_reg[2]/CLR
  -------------------------------------------------------------------    -------------------

                         (clock clk_fpga_0 rise edge)
                                                      0.000     0.000 r  
    PS7_X0Y0             PS7                          0.000     0.000 r  lenet_system_i/processing_system7_0/inst/PS7_i/FCLKCLK[0]
                         net (fo=1, routed)           0.337     0.337    lenet_system_i/processing_system7_0/inst/FCLK_CLK_unbuffered[0]
    BUFGCTRL_X0Y16                                                    r  lenet_system_i/processing_system7_0/inst/buffer_fclk_clk_0.FCLK_CLK_0_BUFG/I
    BUFGCTRL_X0Y16       BUFG (Prop_bufg_I_O)         0.029     0.366 r  lenet_system_i/processing_system7_0/inst/buffer_fclk_clk_0.FCLK_CLK_0_BUFG/O
                         net (fo=12009, routed)       0.825     1.191    lenet_system_i/smartconnect_0/inst/s02_nodes/s02_w_node/inst/s_sc_xpm_cdc_async_rst_inst/dest_clk
    SLICE_X41Y52         FDCE                                         r  lenet_system_i/smartconnect_0/inst/s02_nodes/s02_w_node/inst/s_sc_xpm_cdc_async_rst_inst/arststages_ff_reg[2]/C

Slack:                    inf
  Source:                 lenet_system_i/smartconnect_0/inst/clk_map/psr_aclk/U0/ACTIVE_LOW_BSR_OUT_DFF[0].FDRE_BSR_N/C
                            (rising edge-triggered cell FDRE clocked by clk_fpga_0  {rise@0.000ns fall@5.000ns period=10.000ns})
  Destination:            lenet_system_i/smartconnect_0/inst/m00_nodes/m00_ar_node/inst/s_sc_xpm_cdc_async_rst_inst/arststages_ff_reg[0]/CLR
                            (removal check against rising-edge clock clk_fpga_0  {rise@0.000ns fall@5.000ns period=10.000ns})
  Path Group:             (none)
  Path Type:              Removal (Min at Fast Process Corner)
  Data Path Delay:        1.349ns  (logic 0.186ns (13.785%)  route 1.163ns (86.215%))
  Logic Levels:           1  (LUT1=1)
  Clock Path Skew:        0.312ns (DCD - SCD - CPR)
    Destination Clock Delay (DCD):    1.225ns
    Source Clock Delay      (SCD):    0.913ns
    Clock Pessimism Removal (CPR):    -0.000ns
  Clock Uncertainty:      0.154ns  ((TSJ^2 + TIJ^2)^1/2 + DJ) / 2 + PE
    Total System Jitter     (TSJ):    0.071ns
    Total Input Jitter      (TIJ):    0.300ns
    Discrete Jitter          (DJ):    0.000ns
    Phase Error              (PE):    0.000ns
  Timing Exception:       False Path

    Location             Delay type                Incr(ns)  Path(ns)    Netlist Resource(s)
  -------------------------------------------------------------------    -------------------
                         (clock clk_fpga_0 rise edge)
                                                      0.000     0.000 r  
    PS7_X0Y0             PS7                          0.000     0.000 r  lenet_system_i/processing_system7_0/inst/PS7_i/FCLKCLK[0]
                         net (fo=1, routed)           0.310     0.310    lenet_system_i/processing_system7_0/inst/FCLK_CLK_unbuffered[0]
    BUFGCTRL_X0Y16                                                    r  lenet_system_i/processing_system7_0/inst/buffer_fclk_clk_0.FCLK_CLK_0_BUFG/I
    BUFGCTRL_X0Y16       BUFG (Prop_bufg_I_O)         0.026     0.336 r  lenet_system_i/processing_system7_0/inst/buffer_fclk_clk_0.FCLK_CLK_0_BUFG/O
                         net (fo=12009, routed)       0.577     0.913    lenet_system_i/smartconnect_0/inst/clk_map/psr_aclk/U0/aclk
    SLICE_X57Y17         FDRE                                         r  lenet_system_i/smartconnect_0/inst/clk_map/psr_aclk/U0/ACTIVE_LOW_BSR_OUT_DFF[0].FDRE_BSR_N/C
  -------------------------------------------------------------------    -------------------
    SLICE_X57Y17         FDRE (Prop_fdre_C_Q)         0.141     1.054 r  lenet_system_i/smartconnect_0/inst/clk_map/psr_aclk/U0/ACTIVE_LOW_BSR_OUT_DFF[0].FDRE_BSR_N/Q
                         net (fo=22, routed)          0.916     1.970    lenet_system_i/smartconnect_0/inst/m00_nodes/m00_ar_node/inst/s_sc_xpm_cdc_async_rst_inst/src_arst
    SLICE_X22Y16                                                      r  lenet_system_i/smartconnect_0/inst/m00_nodes/m00_ar_node/inst/s_sc_xpm_cdc_async_rst_inst/arststages_ff[2]_i_1/I0
    SLICE_X22Y16         LUT1 (Prop_lut1_I0_O)        0.045     2.015 f  lenet_system_i/smartconnect_0/inst/m00_nodes/m00_ar_node/inst/s_sc_xpm_cdc_async_rst_inst/arststages_ff[2]_i_1/O
                         net (fo=3, routed)           0.247     2.262    lenet_system_i/smartconnect_0/inst/m00_nodes/m00_ar_node/inst/s_sc_xpm_cdc_async_rst_inst/reset_pol
    SLICE_X19Y15         FDCE                                         f  lenet_system_i/smartconnect_0/inst/m00_nodes/m00_ar_node/inst/s_sc_xpm_cdc_async_rst_inst/arststages_ff_reg[0]/CLR
  -------------------------------------------------------------------    -------------------

                         (clock clk_fpga_0 rise edge)
                                                      0.000     0.000 r  
    PS7_X0Y0             PS7                          0.000     0.000 r  lenet_system_i/processing_system7_0/inst/PS7_i/FCLKCLK[0]
                         net (fo=1, routed)           0.337     0.337    lenet_system_i/processing_system7_0/inst/FCLK_CLK_unbuffered[0]
    BUFGCTRL_X0Y16                                                    r  lenet_system_i/processing_system7_0/inst/buffer_fclk_clk_0.FCLK_CLK_0_BUFG/I
    BUFGCTRL_X0Y16       BUFG (Prop_bufg_I_O)         0.029     0.366 r  lenet_system_i/processing_system7_0/inst/buffer_fclk_clk_0.FCLK_CLK_0_BUFG/O
                         net (fo=12009, routed)       0.859     1.225    lenet_system_i/smartconnect_0/inst/m00_nodes/m00_ar_node/inst/s_sc_xpm_cdc_async_rst_inst/dest_clk
    SLICE_X19Y15         FDCE                                         r  lenet_system_i/smartconnect_0/inst/m00_nodes/m00_ar_node/inst/s_sc_xpm_cdc_async_rst_inst/arststages_ff_reg[0]/C

Slack:                    inf
  Source:                 lenet_system_i/smartconnect_0/inst/clk_map/psr_aclk/U0/ACTIVE_LOW_BSR_OUT_DFF[0].FDRE_BSR_N/C
                            (rising edge-triggered cell FDRE clocked by clk_fpga_0  {rise@0.000ns fall@5.000ns period=10.000ns})
  Destination:            lenet_system_i/smartconnect_0/inst/m00_nodes/m00_ar_node/inst/s_sc_xpm_cdc_async_rst_inst/arststages_ff_reg[1]/CLR
                            (removal check against rising-edge clock clk_fpga_0  {rise@0.000ns fall@5.000ns period=10.000ns})
  Path Group:             (none)
  Path Type:              Removal (Min at Fast Process Corner)
  Data Path Delay:        1.349ns  (logic 0.186ns (13.785%)  route 1.163ns (86.215%))
  Logic Levels:           1  (LUT1=1)
  Clock Path Skew:        0.312ns (DCD - SCD - CPR)
    Destination Clock Delay (DCD):    1.225ns
    Source Clock Delay      (SCD):    0.913ns
    Clock Pessimism Removal (CPR):    -0.000ns
  Clock Uncertainty:      0.154ns  ((TSJ^2 + TIJ^2)^1/2 + DJ) / 2 + PE
    Total System Jitter     (TSJ):    0.071ns
    Total Input Jitter      (TIJ):    0.300ns
    Discrete Jitter          (DJ):    0.000ns
    Phase Error              (PE):    0.000ns
  Timing Exception:       False Path

    Location             Delay type                Incr(ns)  Path(ns)    Netlist Resource(s)
  -------------------------------------------------------------------    -------------------
                         (clock clk_fpga_0 rise edge)
                                                      0.000     0.000 r  
    PS7_X0Y0             PS7                          0.000     0.000 r  lenet_system_i/processing_system7_0/inst/PS7_i/FCLKCLK[0]
                         net (fo=1, routed)           0.310     0.310    lenet_system_i/processing_system7_0/inst/FCLK_CLK_unbuffered[0]
    BUFGCTRL_X0Y16                                                    r  lenet_system_i/processing_system7_0/inst/buffer_fclk_clk_0.FCLK_CLK_0_BUFG/I
    BUFGCTRL_X0Y16       BUFG (Prop_bufg_I_O)         0.026     0.336 r  lenet_system_i/processing_system7_0/inst/buffer_fclk_clk_0.FCLK_CLK_0_BUFG/O
                         net (fo=12009, routed)       0.577     0.913    lenet_system_i/smartconnect_0/inst/clk_map/psr_aclk/U0/aclk
    SLICE_X57Y17         FDRE                                         r  lenet_system_i/smartconnect_0/inst/clk_map/psr_aclk/U0/ACTIVE_LOW_BSR_OUT_DFF[0].FDRE_BSR_N/C
  -------------------------------------------------------------------    -------------------
    SLICE_X57Y17         FDRE (Prop_fdre_C_Q)         0.141     1.054 r  lenet_system_i/smartconnect_0/inst/clk_map/psr_aclk/U0/ACTIVE_LOW_BSR_OUT_DFF[0].FDRE_BSR_N/Q
                         net (fo=22, routed)          0.916     1.970    lenet_system_i/smartconnect_0/inst/m00_nodes/m00_ar_node/inst/s_sc_xpm_cdc_async_rst_inst/src_arst
    SLICE_X22Y16                                                      r  lenet_system_i/smartconnect_0/inst/m00_nodes/m00_ar_node/inst/s_sc_xpm_cdc_async_rst_inst/arststages_ff[2]_i_1/I0
    SLICE_X22Y16         LUT1 (Prop_lut1_I0_O)        0.045     2.015 f  lenet_system_i/smartconnect_0/inst/m00_nodes/m00_ar_node/inst/s_sc_xpm_cdc_async_rst_inst/arststages_ff[2]_i_1/O
                         net (fo=3, routed)           0.247     2.262    lenet_system_i/smartconnect_0/inst/m00_nodes/m00_ar_node/inst/s_sc_xpm_cdc_async_rst_inst/reset_pol
    SLICE_X19Y15         FDCE                                         f  lenet_system_i/smartconnect_0/inst/m00_nodes/m00_ar_node/inst/s_sc_xpm_cdc_async_rst_inst/arststages_ff_reg[1]/CLR
  -------------------------------------------------------------------    -------------------

                         (clock clk_fpga_0 rise edge)
                                                      0.000     0.000 r  
    PS7_X0Y0             PS7                          0.000     0.000 r  lenet_system_i/processing_system7_0/inst/PS7_i/FCLKCLK[0]
                         net (fo=1, routed)           0.337     0.337    lenet_system_i/processing_system7_0/inst/FCLK_CLK_unbuffered[0]
    BUFGCTRL_X0Y16                                                    r  lenet_system_i/processing_system7_0/inst/buffer_fclk_clk_0.FCLK_CLK_0_BUFG/I
    BUFGCTRL_X0Y16       BUFG (Prop_bufg_I_O)         0.029     0.366 r  lenet_system_i/processing_system7_0/inst/buffer_fclk_clk_0.FCLK_CLK_0_BUFG/O
                         net (fo=12009, routed)       0.859     1.225    lenet_system_i/smartconnect_0/inst/m00_nodes/m00_ar_node/inst/s_sc_xpm_cdc_async_rst_inst/dest_clk
    SLICE_X19Y15         FDCE                                         r  lenet_system_i/smartconnect_0/inst/m00_nodes/m00_ar_node/inst/s_sc_xpm_cdc_async_rst_inst/arststages_ff_reg[1]/C

Slack:                    inf
  Source:                 lenet_system_i/smartconnect_0/inst/clk_map/psr_aclk/U0/ACTIVE_LOW_BSR_OUT_DFF[0].FDRE_BSR_N/C
                            (rising edge-triggered cell FDRE clocked by clk_fpga_0  {rise@0.000ns fall@5.000ns period=10.000ns})
  Destination:            lenet_system_i/smartconnect_0/inst/m00_nodes/m00_ar_node/inst/s_sc_xpm_cdc_async_rst_inst/arststages_ff_reg[2]/CLR
                            (removal check against rising-edge clock clk_fpga_0  {rise@0.000ns fall@5.000ns period=10.000ns})
  Path Group:             (none)
  Path Type:              Removal (Min at Fast Process Corner)
  Data Path Delay:        1.349ns  (logic 0.186ns (13.785%)  route 1.163ns (86.215%))
  Logic Levels:           1  (LUT1=1)
  Clock Path Skew:        0.312ns (DCD - SCD - CPR)
    Destination Clock Delay (DCD):    1.225ns
    Source Clock Delay      (SCD):    0.913ns
    Clock Pessimism Removal (CPR):    -0.000ns
  Clock Uncertainty:      0.154ns  ((TSJ^2 + TIJ^2)^1/2 + DJ) / 2 + PE
    Total System Jitter     (TSJ):    0.071ns
    Total Input Jitter      (TIJ):    0.300ns
    Discrete Jitter          (DJ):    0.000ns
    Phase Error              (PE):    0.000ns
  Timing Exception:       False Path

    Location             Delay type                Incr(ns)  Path(ns)    Netlist Resource(s)
  -------------------------------------------------------------------    -------------------
                         (clock clk_fpga_0 rise edge)
                                                      0.000     0.000 r  
    PS7_X0Y0             PS7                          0.000     0.000 r  lenet_system_i/processing_system7_0/inst/PS7_i/FCLKCLK[0]
                         net (fo=1, routed)           0.310     0.310    lenet_system_i/processing_system7_0/inst/FCLK_CLK_unbuffered[0]
    BUFGCTRL_X0Y16                                                    r  lenet_system_i/processing_system7_0/inst/buffer_fclk_clk_0.FCLK_CLK_0_BUFG/I
    BUFGCTRL_X0Y16       BUFG (Prop_bufg_I_O)         0.026     0.336 r  lenet_system_i/processing_system7_0/inst/buffer_fclk_clk_0.FCLK_CLK_0_BUFG/O
                         net (fo=12009, routed)       0.577     0.913    lenet_system_i/smartconnect_0/inst/clk_map/psr_aclk/U0/aclk
    SLICE_X57Y17         FDRE                                         r  lenet_system_i/smartconnect_0/inst/clk_map/psr_aclk/U0/ACTIVE_LOW_BSR_OUT_DFF[0].FDRE_BSR_N/C
  -------------------------------------------------------------------    -------------------
    SLICE_X57Y17         FDRE (Prop_fdre_C_Q)         0.141     1.054 r  lenet_system_i/smartconnect_0/inst/clk_map/psr_aclk/U0/ACTIVE_LOW_BSR_OUT_DFF[0].FDRE_BSR_N/Q
                         net (fo=22, routed)          0.916     1.970    lenet_system_i/smartconnect_0/inst/m00_nodes/m00_ar_node/inst/s_sc_xpm_cdc_async_rst_inst/src_arst
    SLICE_X22Y16                                                      r  lenet_system_i/smartconnect_0/inst/m00_nodes/m00_ar_node/inst/s_sc_xpm_cdc_async_rst_inst/arststages_ff[2]_i_1/I0
    SLICE_X22Y16         LUT1 (Prop_lut1_I0_O)        0.045     2.015 f  lenet_system_i/smartconnect_0/inst/m00_nodes/m00_ar_node/inst/s_sc_xpm_cdc_async_rst_inst/arststages_ff[2]_i_1/O
                         net (fo=3, routed)           0.247     2.262    lenet_system_i/smartconnect_0/inst/m00_nodes/m00_ar_node/inst/s_sc_xpm_cdc_async_rst_inst/reset_pol
    SLICE_X19Y15         FDCE                                         f  lenet_system_i/smartconnect_0/inst/m00_nodes/m00_ar_node/inst/s_sc_xpm_cdc_async_rst_inst/arststages_ff_reg[2]/CLR
  -------------------------------------------------------------------    -------------------

                         (clock clk_fpga_0 rise edge)
                                                      0.000     0.000 r  
    PS7_X0Y0             PS7                          0.000     0.000 r  lenet_system_i/processing_system7_0/inst/PS7_i/FCLKCLK[0]
                         net (fo=1, routed)           0.337     0.337    lenet_system_i/processing_system7_0/inst/FCLK_CLK_unbuffered[0]
    BUFGCTRL_X0Y16                                                    r  lenet_system_i/processing_system7_0/inst/buffer_fclk_clk_0.FCLK_CLK_0_BUFG/I
    BUFGCTRL_X0Y16       BUFG (Prop_bufg_I_O)         0.029     0.366 r  lenet_system_i/processing_system7_0/inst/buffer_fclk_clk_0.FCLK_CLK_0_BUFG/O
                         net (fo=12009, routed)       0.859     1.225    lenet_system_i/smartconnect_0/inst/m00_nodes/m00_ar_node/inst/s_sc_xpm_cdc_async_rst_inst/dest_clk
    SLICE_X19Y15         FDCE                                         r  lenet_system_i/smartconnect_0/inst/m00_nodes/m00_ar_node/inst/s_sc_xpm_cdc_async_rst_inst/arststages_ff_reg[2]/C

Slack:                    inf
  Source:                 lenet_system_i/smartconnect_0/inst/clk_map/psr_aclk/U0/ACTIVE_LOW_BSR_OUT_DFF[0].FDRE_BSR_N/C
                            (rising edge-triggered cell FDRE clocked by clk_fpga_0  {rise@0.000ns fall@5.000ns period=10.000ns})
  Destination:            lenet_system_i/smartconnect_0/inst/m00_nodes/m00_w_node/inst/s_sc_xpm_cdc_async_rst_inst/arststages_ff_reg[0]/CLR
                            (removal check against rising-edge clock clk_fpga_0  {rise@0.000ns fall@5.000ns period=10.000ns})
  Path Group:             (none)
  Path Type:              Removal (Min at Fast Process Corner)
  Data Path Delay:        1.395ns  (logic 0.186ns (13.333%)  route 1.209ns (86.667%))
  Logic Levels:           1  (LUT1=1)
  Clock Path Skew:        0.277ns (DCD - SCD - CPR)
    Destination Clock Delay (DCD):    1.190ns
    Source Clock Delay      (SCD):    0.913ns
    Clock Pessimism Removal (CPR):    -0.000ns
  Clock Uncertainty:      0.154ns  ((TSJ^2 + TIJ^2)^1/2 + DJ) / 2 + PE
    Total System Jitter     (TSJ):    0.071ns
    Total Input Jitter      (TIJ):    0.300ns
    Discrete Jitter          (DJ):    0.000ns
    Phase Error              (PE):    0.000ns
  Timing Exception:       False Path

    Location             Delay type                Incr(ns)  Path(ns)    Netlist Resource(s)
  -------------------------------------------------------------------    -------------------
                         (clock clk_fpga_0 rise edge)
                                                      0.000     0.000 r  
    PS7_X0Y0             PS7                          0.000     0.000 r  lenet_system_i/processing_system7_0/inst/PS7_i/FCLKCLK[0]
                         net (fo=1, routed)           0.310     0.310    lenet_system_i/processing_system7_0/inst/FCLK_CLK_unbuffered[0]
    BUFGCTRL_X0Y16                                                    r  lenet_system_i/processing_system7_0/inst/buffer_fclk_clk_0.FCLK_CLK_0_BUFG/I
    BUFGCTRL_X0Y16       BUFG (Prop_bufg_I_O)         0.026     0.336 r  lenet_system_i/processing_system7_0/inst/buffer_fclk_clk_0.FCLK_CLK_0_BUFG/O
                         net (fo=12009, routed)       0.577     0.913    lenet_system_i/smartconnect_0/inst/clk_map/psr_aclk/U0/aclk
    SLICE_X57Y17         FDRE                                         r  lenet_system_i/smartconnect_0/inst/clk_map/psr_aclk/U0/ACTIVE_LOW_BSR_OUT_DFF[0].FDRE_BSR_N/C
  -------------------------------------------------------------------    -------------------
    SLICE_X57Y17         FDRE (Prop_fdre_C_Q)         0.141     1.054 r  lenet_system_i/smartconnect_0/inst/clk_map/psr_aclk/U0/ACTIVE_LOW_BSR_OUT_DFF[0].FDRE_BSR_N/Q
                         net (fo=22, routed)          1.031     2.085    lenet_system_i/smartconnect_0/inst/m00_nodes/m00_w_node/inst/s_sc_xpm_cdc_async_rst_inst/src_arst
    SLICE_X40Y55                                                      r  lenet_system_i/smartconnect_0/inst/m00_nodes/m00_w_node/inst/s_sc_xpm_cdc_async_rst_inst/arststages_ff[2]_i_1/I0
    SLICE_X40Y55         LUT1 (Prop_lut1_I0_O)        0.045     2.130 f  lenet_system_i/smartconnect_0/inst/m00_nodes/m00_w_node/inst/s_sc_xpm_cdc_async_rst_inst/arststages_ff[2]_i_1/O
                         net (fo=3, routed)           0.178     2.308    lenet_system_i/smartconnect_0/inst/m00_nodes/m00_w_node/inst/s_sc_xpm_cdc_async_rst_inst/reset_pol
    SLICE_X38Y55         FDCE                                         f  lenet_system_i/smartconnect_0/inst/m00_nodes/m00_w_node/inst/s_sc_xpm_cdc_async_rst_inst/arststages_ff_reg[0]/CLR
  -------------------------------------------------------------------    -------------------

                         (clock clk_fpga_0 rise edge)
                                                      0.000     0.000 r  
    PS7_X0Y0             PS7                          0.000     0.000 r  lenet_system_i/processing_system7_0/inst/PS7_i/FCLKCLK[0]
                         net (fo=1, routed)           0.337     0.337    lenet_system_i/processing_system7_0/inst/FCLK_CLK_unbuffered[0]
    BUFGCTRL_X0Y16                                                    r  lenet_system_i/processing_system7_0/inst/buffer_fclk_clk_0.FCLK_CLK_0_BUFG/I
    BUFGCTRL_X0Y16       BUFG (Prop_bufg_I_O)         0.029     0.366 r  lenet_system_i/processing_system7_0/inst/buffer_fclk_clk_0.FCLK_CLK_0_BUFG/O
                         net (fo=12009, routed)       0.824     1.190    lenet_system_i/smartconnect_0/inst/m00_nodes/m00_w_node/inst/s_sc_xpm_cdc_async_rst_inst/dest_clk
    SLICE_X38Y55         FDCE                                         r  lenet_system_i/smartconnect_0/inst/m00_nodes/m00_w_node/inst/s_sc_xpm_cdc_async_rst_inst/arststages_ff_reg[0]/C

Slack:                    inf
  Source:                 lenet_system_i/smartconnect_0/inst/clk_map/psr_aclk/U0/ACTIVE_LOW_BSR_OUT_DFF[0].FDRE_BSR_N/C
                            (rising edge-triggered cell FDRE clocked by clk_fpga_0  {rise@0.000ns fall@5.000ns period=10.000ns})
  Destination:            lenet_system_i/smartconnect_0/inst/m00_nodes/m00_w_node/inst/s_sc_xpm_cdc_async_rst_inst/arststages_ff_reg[1]/CLR
                            (removal check against rising-edge clock clk_fpga_0  {rise@0.000ns fall@5.000ns period=10.000ns})
  Path Group:             (none)
  Path Type:              Removal (Min at Fast Process Corner)
  Data Path Delay:        1.395ns  (logic 0.186ns (13.333%)  route 1.209ns (86.667%))
  Logic Levels:           1  (LUT1=1)
  Clock Path Skew:        0.277ns (DCD - SCD - CPR)
    Destination Clock Delay (DCD):    1.190ns
    Source Clock Delay      (SCD):    0.913ns
    Clock Pessimism Removal (CPR):    -0.000ns
  Clock Uncertainty:      0.154ns  ((TSJ^2 + TIJ^2)^1/2 + DJ) / 2 + PE
    Total System Jitter     (TSJ):    0.071ns
    Total Input Jitter      (TIJ):    0.300ns
    Discrete Jitter          (DJ):    0.000ns
    Phase Error              (PE):    0.000ns
  Timing Exception:       False Path

    Location             Delay type                Incr(ns)  Path(ns)    Netlist Resource(s)
  -------------------------------------------------------------------    -------------------
                         (clock clk_fpga_0 rise edge)
                                                      0.000     0.000 r  
    PS7_X0Y0             PS7                          0.000     0.000 r  lenet_system_i/processing_system7_0/inst/PS7_i/FCLKCLK[0]
                         net (fo=1, routed)           0.310     0.310    lenet_system_i/processing_system7_0/inst/FCLK_CLK_unbuffered[0]
    BUFGCTRL_X0Y16                                                    r  lenet_system_i/processing_system7_0/inst/buffer_fclk_clk_0.FCLK_CLK_0_BUFG/I
    BUFGCTRL_X0Y16       BUFG (Prop_bufg_I_O)         0.026     0.336 r  lenet_system_i/processing_system7_0/inst/buffer_fclk_clk_0.FCLK_CLK_0_BUFG/O
                         net (fo=12009, routed)       0.577     0.913    lenet_system_i/smartconnect_0/inst/clk_map/psr_aclk/U0/aclk
    SLICE_X57Y17         FDRE                                         r  lenet_system_i/smartconnect_0/inst/clk_map/psr_aclk/U0/ACTIVE_LOW_BSR_OUT_DFF[0].FDRE_BSR_N/C
  -------------------------------------------------------------------    -------------------
    SLICE_X57Y17         FDRE (Prop_fdre_C_Q)         0.141     1.054 r  lenet_system_i/smartconnect_0/inst/clk_map/psr_aclk/U0/ACTIVE_LOW_BSR_OUT_DFF[0].FDRE_BSR_N/Q
                         net (fo=22, routed)          1.031     2.085    lenet_system_i/smartconnect_0/inst/m00_nodes/m00_w_node/inst/s_sc_xpm_cdc_async_rst_inst/src_arst
    SLICE_X40Y55                                                      r  lenet_system_i/smartconnect_0/inst/m00_nodes/m00_w_node/inst/s_sc_xpm_cdc_async_rst_inst/arststages_ff[2]_i_1/I0
    SLICE_X40Y55         LUT1 (Prop_lut1_I0_O)        0.045     2.130 f  lenet_system_i/smartconnect_0/inst/m00_nodes/m00_w_node/inst/s_sc_xpm_cdc_async_rst_inst/arststages_ff[2]_i_1/O
                         net (fo=3, routed)           0.178     2.308    lenet_system_i/smartconnect_0/inst/m00_nodes/m00_w_node/inst/s_sc_xpm_cdc_async_rst_inst/reset_pol
    SLICE_X38Y55         FDCE                                         f  lenet_system_i/smartconnect_0/inst/m00_nodes/m00_w_node/inst/s_sc_xpm_cdc_async_rst_inst/arststages_ff_reg[1]/CLR
  -------------------------------------------------------------------    -------------------

                         (clock clk_fpga_0 rise edge)
                                                      0.000     0.000 r  
    PS7_X0Y0             PS7                          0.000     0.000 r  lenet_system_i/processing_system7_0/inst/PS7_i/FCLKCLK[0]
                         net (fo=1, routed)           0.337     0.337    lenet_system_i/processing_system7_0/inst/FCLK_CLK_unbuffered[0]
    BUFGCTRL_X0Y16                                                    r  lenet_system_i/processing_system7_0/inst/buffer_fclk_clk_0.FCLK_CLK_0_BUFG/I
    BUFGCTRL_X0Y16       BUFG (Prop_bufg_I_O)         0.029     0.366 r  lenet_system_i/processing_system7_0/inst/buffer_fclk_clk_0.FCLK_CLK_0_BUFG/O
                         net (fo=12009, routed)       0.824     1.190    lenet_system_i/smartconnect_0/inst/m00_nodes/m00_w_node/inst/s_sc_xpm_cdc_async_rst_inst/dest_clk
    SLICE_X38Y55         FDCE                                         r  lenet_system_i/smartconnect_0/inst/m00_nodes/m00_w_node/inst/s_sc_xpm_cdc_async_rst_inst/arststages_ff_reg[1]/C

Slack:                    inf
  Source:                 lenet_system_i/smartconnect_0/inst/clk_map/psr_aclk/U0/ACTIVE_LOW_BSR_OUT_DFF[0].FDRE_BSR_N/C
                            (rising edge-triggered cell FDRE clocked by clk_fpga_0  {rise@0.000ns fall@5.000ns period=10.000ns})
  Destination:            lenet_system_i/smartconnect_0/inst/m00_nodes/m00_w_node/inst/s_sc_xpm_cdc_async_rst_inst/arststages_ff_reg[2]/CLR
                            (removal check against rising-edge clock clk_fpga_0  {rise@0.000ns fall@5.000ns period=10.000ns})
  Path Group:             (none)
  Path Type:              Removal (Min at Fast Process Corner)
  Data Path Delay:        1.395ns  (logic 0.186ns (13.333%)  route 1.209ns (86.667%))
  Logic Levels:           1  (LUT1=1)
  Clock Path Skew:        0.277ns (DCD - SCD - CPR)
    Destination Clock Delay (DCD):    1.190ns
    Source Clock Delay      (SCD):    0.913ns
    Clock Pessimism Removal (CPR):    -0.000ns
  Clock Uncertainty:      0.154ns  ((TSJ^2 + TIJ^2)^1/2 + DJ) / 2 + PE
    Total System Jitter     (TSJ):    0.071ns
    Total Input Jitter      (TIJ):    0.300ns
    Discrete Jitter          (DJ):    0.000ns
    Phase Error              (PE):    0.000ns
  Timing Exception:       False Path

    Location             Delay type                Incr(ns)  Path(ns)    Netlist Resource(s)
  -------------------------------------------------------------------    -------------------
                         (clock clk_fpga_0 rise edge)
                                                      0.000     0.000 r  
    PS7_X0Y0             PS7                          0.000     0.000 r  lenet_system_i/processing_system7_0/inst/PS7_i/FCLKCLK[0]
                         net (fo=1, routed)           0.310     0.310    lenet_system_i/processing_system7_0/inst/FCLK_CLK_unbuffered[0]
    BUFGCTRL_X0Y16                                                    r  lenet_system_i/processing_system7_0/inst/buffer_fclk_clk_0.FCLK_CLK_0_BUFG/I
    BUFGCTRL_X0Y16       BUFG (Prop_bufg_I_O)         0.026     0.336 r  lenet_system_i/processing_system7_0/inst/buffer_fclk_clk_0.FCLK_CLK_0_BUFG/O
                         net (fo=12009, routed)       0.577     0.913    lenet_system_i/smartconnect_0/inst/clk_map/psr_aclk/U0/aclk
    SLICE_X57Y17         FDRE                                         r  lenet_system_i/smartconnect_0/inst/clk_map/psr_aclk/U0/ACTIVE_LOW_BSR_OUT_DFF[0].FDRE_BSR_N/C
  -------------------------------------------------------------------    -------------------
    SLICE_X57Y17         FDRE (Prop_fdre_C_Q)         0.141     1.054 r  lenet_system_i/smartconnect_0/inst/clk_map/psr_aclk/U0/ACTIVE_LOW_BSR_OUT_DFF[0].FDRE_BSR_N/Q
                         net (fo=22, routed)          1.031     2.085    lenet_system_i/smartconnect_0/inst/m00_nodes/m00_w_node/inst/s_sc_xpm_cdc_async_rst_inst/src_arst
    SLICE_X40Y55                                                      r  lenet_system_i/smartconnect_0/inst/m00_nodes/m00_w_node/inst/s_sc_xpm_cdc_async_rst_inst/arststages_ff[2]_i_1/I0
    SLICE_X40Y55         LUT1 (Prop_lut1_I0_O)        0.045     2.130 f  lenet_system_i/smartconnect_0/inst/m00_nodes/m00_w_node/inst/s_sc_xpm_cdc_async_rst_inst/arststages_ff[2]_i_1/O
                         net (fo=3, routed)           0.178     2.308    lenet_system_i/smartconnect_0/inst/m00_nodes/m00_w_node/inst/s_sc_xpm_cdc_async_rst_inst/reset_pol
    SLICE_X38Y55         FDCE                                         f  lenet_system_i/smartconnect_0/inst/m00_nodes/m00_w_node/inst/s_sc_xpm_cdc_async_rst_inst/arststages_ff_reg[2]/CLR
  -------------------------------------------------------------------    -------------------

                         (clock clk_fpga_0 rise edge)
                                                      0.000     0.000 r  
    PS7_X0Y0             PS7                          0.000     0.000 r  lenet_system_i/processing_system7_0/inst/PS7_i/FCLKCLK[0]
                         net (fo=1, routed)           0.337     0.337    lenet_system_i/processing_system7_0/inst/FCLK_CLK_unbuffered[0]
    BUFGCTRL_X0Y16                                                    r  lenet_system_i/processing_system7_0/inst/buffer_fclk_clk_0.FCLK_CLK_0_BUFG/I
    BUFGCTRL_X0Y16       BUFG (Prop_bufg_I_O)         0.029     0.366 r  lenet_system_i/processing_system7_0/inst/buffer_fclk_clk_0.FCLK_CLK_0_BUFG/O
                         net (fo=12009, routed)       0.824     1.190    lenet_system_i/smartconnect_0/inst/m00_nodes/m00_w_node/inst/s_sc_xpm_cdc_async_rst_inst/dest_clk
    SLICE_X38Y55         FDCE                                         r  lenet_system_i/smartconnect_0/inst/m00_nodes/m00_w_node/inst/s_sc_xpm_cdc_async_rst_inst/arststages_ff_reg[2]/C

Slack:                    inf
  Source:                 lenet_system_i/smartconnect_0/inst/clk_map/psr_aclk/U0/ACTIVE_LOW_BSR_OUT_DFF[0].FDRE_BSR_N/C
                            (rising edge-triggered cell FDRE clocked by clk_fpga_0  {rise@0.000ns fall@5.000ns period=10.000ns})
  Destination:            lenet_system_i/smartconnect_0/inst/s02_entry_pipeline/s02_si_converter/inst/xpm_cdc_async_rst_inst/arststages_ff_reg[0]/CLR
                            (removal check against rising-edge clock clk_fpga_0  {rise@0.000ns fall@5.000ns period=10.000ns})
  Path Group:             (none)
  Path Type:              Removal (Min at Fast Process Corner)
  Data Path Delay:        1.398ns  (logic 0.186ns (13.301%)  route 1.212ns (86.699%))
  Logic Levels:           1  (LUT1=1)
  Clock Path Skew:        0.277ns (DCD - SCD - CPR)
    Destination Clock Delay (DCD):    1.190ns
    Source Clock Delay      (SCD):    0.913ns
    Clock Pessimism Removal (CPR):    -0.000ns
  Clock Uncertainty:      0.154ns  ((TSJ^2 + TIJ^2)^1/2 + DJ) / 2 + PE
    Total System Jitter     (TSJ):    0.071ns
    Total Input Jitter      (TIJ):    0.300ns
    Discrete Jitter          (DJ):    0.000ns
    Phase Error              (PE):    0.000ns
  Timing Exception:       False Path

    Location             Delay type                Incr(ns)  Path(ns)    Netlist Resource(s)
  -------------------------------------------------------------------    -------------------
                         (clock clk_fpga_0 rise edge)
                                                      0.000     0.000 r  
    PS7_X0Y0             PS7                          0.000     0.000 r  lenet_system_i/processing_system7_0/inst/PS7_i/FCLKCLK[0]
                         net (fo=1, routed)           0.310     0.310    lenet_system_i/processing_system7_0/inst/FCLK_CLK_unbuffered[0]
    BUFGCTRL_X0Y16                                                    r  lenet_system_i/processing_system7_0/inst/buffer_fclk_clk_0.FCLK_CLK_0_BUFG/I
    BUFGCTRL_X0Y16       BUFG (Prop_bufg_I_O)         0.026     0.336 r  lenet_system_i/processing_system7_0/inst/buffer_fclk_clk_0.FCLK_CLK_0_BUFG/O
                         net (fo=12009, routed)       0.577     0.913    lenet_system_i/smartconnect_0/inst/clk_map/psr_aclk/U0/aclk
    SLICE_X57Y17         FDRE                                         r  lenet_system_i/smartconnect_0/inst/clk_map/psr_aclk/U0/ACTIVE_LOW_BSR_OUT_DFF[0].FDRE_BSR_N/C
  -------------------------------------------------------------------    -------------------
    SLICE_X57Y17         FDRE (Prop_fdre_C_Q)         0.141     1.054 r  lenet_system_i/smartconnect_0/inst/clk_map/psr_aclk/U0/ACTIVE_LOW_BSR_OUT_DFF[0].FDRE_BSR_N/Q
                         net (fo=22, routed)          1.031     2.085    lenet_system_i/smartconnect_0/inst/s02_entry_pipeline/s02_si_converter/inst/xpm_cdc_async_rst_inst/src_arst
    SLICE_X40Y55                                                      r  lenet_system_i/smartconnect_0/inst/s02_entry_pipeline/s02_si_converter/inst/xpm_cdc_async_rst_inst/arststages_ff[2]_i_1/I0
    SLICE_X40Y55         LUT1 (Prop_lut1_I0_O)        0.045     2.130 f  lenet_system_i/smartconnect_0/inst/s02_entry_pipeline/s02_si_converter/inst/xpm_cdc_async_rst_inst/arststages_ff[2]_i_1/O
                         net (fo=3, routed)           0.181     2.311    lenet_system_i/smartconnect_0/inst/s02_entry_pipeline/s02_si_converter/inst/xpm_cdc_async_rst_inst/reset_pol
    SLICE_X40Y55         FDCE                                         f  lenet_system_i/smartconnect_0/inst/s02_entry_pipeline/s02_si_converter/inst/xpm_cdc_async_rst_inst/arststages_ff_reg[0]/CLR
  -------------------------------------------------------------------    -------------------

                         (clock clk_fpga_0 rise edge)
                                                      0.000     0.000 r  
    PS7_X0Y0             PS7                          0.000     0.000 r  lenet_system_i/processing_system7_0/inst/PS7_i/FCLKCLK[0]
                         net (fo=1, routed)           0.337     0.337    lenet_system_i/processing_system7_0/inst/FCLK_CLK_unbuffered[0]
    BUFGCTRL_X0Y16                                                    r  lenet_system_i/processing_system7_0/inst/buffer_fclk_clk_0.FCLK_CLK_0_BUFG/I
    BUFGCTRL_X0Y16       BUFG (Prop_bufg_I_O)         0.029     0.366 r  lenet_system_i/processing_system7_0/inst/buffer_fclk_clk_0.FCLK_CLK_0_BUFG/O
                         net (fo=12009, routed)       0.824     1.190    lenet_system_i/smartconnect_0/inst/s02_entry_pipeline/s02_si_converter/inst/xpm_cdc_async_rst_inst/dest_clk
    SLICE_X40Y55         FDCE                                         r  lenet_system_i/smartconnect_0/inst/s02_entry_pipeline/s02_si_converter/inst/xpm_cdc_async_rst_inst/arststages_ff_reg[0]/C

Slack:                    inf
  Source:                 lenet_system_i/smartconnect_0/inst/clk_map/psr_aclk/U0/ACTIVE_LOW_BSR_OUT_DFF[0].FDRE_BSR_N/C
                            (rising edge-triggered cell FDRE clocked by clk_fpga_0  {rise@0.000ns fall@5.000ns period=10.000ns})
  Destination:            lenet_system_i/smartconnect_0/inst/s02_entry_pipeline/s02_si_converter/inst/xpm_cdc_async_rst_inst/arststages_ff_reg[1]/CLR
                            (removal check against rising-edge clock clk_fpga_0  {rise@0.000ns fall@5.000ns period=10.000ns})
  Path Group:             (none)
  Path Type:              Removal (Min at Fast Process Corner)
  Data Path Delay:        1.398ns  (logic 0.186ns (13.301%)  route 1.212ns (86.699%))
  Logic Levels:           1  (LUT1=1)
  Clock Path Skew:        0.277ns (DCD - SCD - CPR)
    Destination Clock Delay (DCD):    1.190ns
    Source Clock Delay      (SCD):    0.913ns
    Clock Pessimism Removal (CPR):    -0.000ns
  Clock Uncertainty:      0.154ns  ((TSJ^2 + TIJ^2)^1/2 + DJ) / 2 + PE
    Total System Jitter     (TSJ):    0.071ns
    Total Input Jitter      (TIJ):    0.300ns
    Discrete Jitter          (DJ):    0.000ns
    Phase Error              (PE):    0.000ns
  Timing Exception:       False Path

    Location             Delay type                Incr(ns)  Path(ns)    Netlist Resource(s)
  -------------------------------------------------------------------    -------------------
                         (clock clk_fpga_0 rise edge)
                                                      0.000     0.000 r  
    PS7_X0Y0             PS7                          0.000     0.000 r  lenet_system_i/processing_system7_0/inst/PS7_i/FCLKCLK[0]
                         net (fo=1, routed)           0.310     0.310    lenet_system_i/processing_system7_0/inst/FCLK_CLK_unbuffered[0]
    BUFGCTRL_X0Y16                                                    r  lenet_system_i/processing_system7_0/inst/buffer_fclk_clk_0.FCLK_CLK_0_BUFG/I
    BUFGCTRL_X0Y16       BUFG (Prop_bufg_I_O)         0.026     0.336 r  lenet_system_i/processing_system7_0/inst/buffer_fclk_clk_0.FCLK_CLK_0_BUFG/O
                         net (fo=12009, routed)       0.577     0.913    lenet_system_i/smartconnect_0/inst/clk_map/psr_aclk/U0/aclk
    SLICE_X57Y17         FDRE                                         r  lenet_system_i/smartconnect_0/inst/clk_map/psr_aclk/U0/ACTIVE_LOW_BSR_OUT_DFF[0].FDRE_BSR_N/C
  -------------------------------------------------------------------    -------------------
    SLICE_X57Y17         FDRE (Prop_fdre_C_Q)         0.141     1.054 r  lenet_system_i/smartconnect_0/inst/clk_map/psr_aclk/U0/ACTIVE_LOW_BSR_OUT_DFF[0].FDRE_BSR_N/Q
                         net (fo=22, routed)          1.031     2.085    lenet_system_i/smartconnect_0/inst/s02_entry_pipeline/s02_si_converter/inst/xpm_cdc_async_rst_inst/src_arst
    SLICE_X40Y55                                                      r  lenet_system_i/smartconnect_0/inst/s02_entry_pipeline/s02_si_converter/inst/xpm_cdc_async_rst_inst/arststages_ff[2]_i_1/I0
    SLICE_X40Y55         LUT1 (Prop_lut1_I0_O)        0.045     2.130 f  lenet_system_i/smartconnect_0/inst/s02_entry_pipeline/s02_si_converter/inst/xpm_cdc_async_rst_inst/arststages_ff[2]_i_1/O
                         net (fo=3, routed)           0.181     2.311    lenet_system_i/smartconnect_0/inst/s02_entry_pipeline/s02_si_converter/inst/xpm_cdc_async_rst_inst/reset_pol
    SLICE_X40Y55         FDCE                                         f  lenet_system_i/smartconnect_0/inst/s02_entry_pipeline/s02_si_converter/inst/xpm_cdc_async_rst_inst/arststages_ff_reg[1]/CLR
  -------------------------------------------------------------------    -------------------

                         (clock clk_fpga_0 rise edge)
                                                      0.000     0.000 r  
    PS7_X0Y0             PS7                          0.000     0.000 r  lenet_system_i/processing_system7_0/inst/PS7_i/FCLKCLK[0]
                         net (fo=1, routed)           0.337     0.337    lenet_system_i/processing_system7_0/inst/FCLK_CLK_unbuffered[0]
    BUFGCTRL_X0Y16                                                    r  lenet_system_i/processing_system7_0/inst/buffer_fclk_clk_0.FCLK_CLK_0_BUFG/I
    BUFGCTRL_X0Y16       BUFG (Prop_bufg_I_O)         0.029     0.366 r  lenet_system_i/processing_system7_0/inst/buffer_fclk_clk_0.FCLK_CLK_0_BUFG/O
                         net (fo=12009, routed)       0.824     1.190    lenet_system_i/smartconnect_0/inst/s02_entry_pipeline/s02_si_converter/inst/xpm_cdc_async_rst_inst/dest_clk
    SLICE_X40Y55         FDCE                                         r  lenet_system_i/smartconnect_0/inst/s02_entry_pipeline/s02_si_converter/inst/xpm_cdc_async_rst_inst/arststages_ff_reg[1]/C

Slack:                    inf
  Source:                 lenet_system_i/smartconnect_0/inst/clk_map/psr_aclk/U0/ACTIVE_LOW_BSR_OUT_DFF[0].FDRE_BSR_N/C
                            (rising edge-triggered cell FDRE clocked by clk_fpga_0  {rise@0.000ns fall@5.000ns period=10.000ns})
  Destination:            lenet_system_i/smartconnect_0/inst/s02_entry_pipeline/s02_si_converter/inst/xpm_cdc_async_rst_inst/arststages_ff_reg[2]/CLR
                            (removal check against rising-edge clock clk_fpga_0  {rise@0.000ns fall@5.000ns period=10.000ns})
  Path Group:             (none)
  Path Type:              Removal (Min at Fast Process Corner)
  Data Path Delay:        1.398ns  (logic 0.186ns (13.301%)  route 1.212ns (86.699%))
  Logic Levels:           1  (LUT1=1)
  Clock Path Skew:        0.277ns (DCD - SCD - CPR)
    Destination Clock Delay (DCD):    1.190ns
    Source Clock Delay      (SCD):    0.913ns
    Clock Pessimism Removal (CPR):    -0.000ns
  Clock Uncertainty:      0.154ns  ((TSJ^2 + TIJ^2)^1/2 + DJ) / 2 + PE
    Total System Jitter     (TSJ):    0.071ns
    Total Input Jitter      (TIJ):    0.300ns
    Discrete Jitter          (DJ):    0.000ns
    Phase Error              (PE):    0.000ns
  Timing Exception:       False Path

    Location             Delay type                Incr(ns)  Path(ns)    Netlist Resource(s)
  -------------------------------------------------------------------    -------------------
                         (clock clk_fpga_0 rise edge)
                                                      0.000     0.000 r  
    PS7_X0Y0             PS7                          0.000     0.000 r  lenet_system_i/processing_system7_0/inst/PS7_i/FCLKCLK[0]
                         net (fo=1, routed)           0.310     0.310    lenet_system_i/processing_system7_0/inst/FCLK_CLK_unbuffered[0]
    BUFGCTRL_X0Y16                                                    r  lenet_system_i/processing_system7_0/inst/buffer_fclk_clk_0.FCLK_CLK_0_BUFG/I
    BUFGCTRL_X0Y16       BUFG (Prop_bufg_I_O)         0.026     0.336 r  lenet_system_i/processing_system7_0/inst/buffer_fclk_clk_0.FCLK_CLK_0_BUFG/O
                         net (fo=12009, routed)       0.577     0.913    lenet_system_i/smartconnect_0/inst/clk_map/psr_aclk/U0/aclk
    SLICE_X57Y17         FDRE                                         r  lenet_system_i/smartconnect_0/inst/clk_map/psr_aclk/U0/ACTIVE_LOW_BSR_OUT_DFF[0].FDRE_BSR_N/C
  -------------------------------------------------------------------    -------------------
    SLICE_X57Y17         FDRE (Prop_fdre_C_Q)         0.141     1.054 r  lenet_system_i/smartconnect_0/inst/clk_map/psr_aclk/U0/ACTIVE_LOW_BSR_OUT_DFF[0].FDRE_BSR_N/Q
                         net (fo=22, routed)          1.031     2.085    lenet_system_i/smartconnect_0/inst/s02_entry_pipeline/s02_si_converter/inst/xpm_cdc_async_rst_inst/src_arst
    SLICE_X40Y55                                                      r  lenet_system_i/smartconnect_0/inst/s02_entry_pipeline/s02_si_converter/inst/xpm_cdc_async_rst_inst/arststages_ff[2]_i_1/I0
    SLICE_X40Y55         LUT1 (Prop_lut1_I0_O)        0.045     2.130 f  lenet_system_i/smartconnect_0/inst/s02_entry_pipeline/s02_si_converter/inst/xpm_cdc_async_rst_inst/arststages_ff[2]_i_1/O
                         net (fo=3, routed)           0.181     2.311    lenet_system_i/smartconnect_0/inst/s02_entry_pipeline/s02_si_converter/inst/xpm_cdc_async_rst_inst/reset_pol
    SLICE_X40Y55         FDCE                                         f  lenet_system_i/smartconnect_0/inst/s02_entry_pipeline/s02_si_converter/inst/xpm_cdc_async_rst_inst/arststages_ff_reg[2]/CLR
  -------------------------------------------------------------------    -------------------

                         (clock clk_fpga_0 rise edge)
                                                      0.000     0.000 r  
    PS7_X0Y0             PS7                          0.000     0.000 r  lenet_system_i/processing_system7_0/inst/PS7_i/FCLKCLK[0]
                         net (fo=1, routed)           0.337     0.337    lenet_system_i/processing_system7_0/inst/FCLK_CLK_unbuffered[0]
    BUFGCTRL_X0Y16                                                    r  lenet_system_i/processing_system7_0/inst/buffer_fclk_clk_0.FCLK_CLK_0_BUFG/I
    BUFGCTRL_X0Y16       BUFG (Prop_bufg_I_O)         0.029     0.366 r  lenet_system_i/processing_system7_0/inst/buffer_fclk_clk_0.FCLK_CLK_0_BUFG/O
                         net (fo=12009, routed)       0.824     1.190    lenet_system_i/smartconnect_0/inst/s02_entry_pipeline/s02_si_converter/inst/xpm_cdc_async_rst_inst/dest_clk
    SLICE_X40Y55         FDCE                                         r  lenet_system_i/smartconnect_0/inst/s02_entry_pipeline/s02_si_converter/inst/xpm_cdc_async_rst_inst/arststages_ff_reg[2]/C

Slack:                    inf
  Source:                 lenet_system_i/smartconnect_0/inst/clk_map/psr_aclk/U0/ACTIVE_LOW_BSR_OUT_DFF[0].FDRE_BSR_N/C
                            (rising edge-triggered cell FDRE clocked by clk_fpga_0  {rise@0.000ns fall@5.000ns period=10.000ns})
  Destination:            lenet_system_i/smartconnect_0/inst/s01_entry_pipeline/s01_si_converter/inst/xpm_cdc_async_rst_inst/arststages_ff_reg[0]/CLR
                            (removal check against rising-edge clock clk_fpga_0  {rise@0.000ns fall@5.000ns period=10.000ns})
  Path Group:             (none)
  Path Type:              Removal (Min at Fast Process Corner)
  Data Path Delay:        1.469ns  (logic 0.186ns (12.663%)  route 1.283ns (87.337%))
  Logic Levels:           1  (LUT1=1)
  Clock Path Skew:        0.308ns (DCD - SCD - CPR)
    Destination Clock Delay (DCD):    1.221ns
    Source Clock Delay      (SCD):    0.913ns
    Clock Pessimism Removal (CPR):    -0.000ns
  Clock Uncertainty:      0.154ns  ((TSJ^2 + TIJ^2)^1/2 + DJ) / 2 + PE
    Total System Jitter     (TSJ):    0.071ns
    Total Input Jitter      (TIJ):    0.300ns
    Discrete Jitter          (DJ):    0.000ns
    Phase Error              (PE):    0.000ns
  Timing Exception:       False Path

    Location             Delay type                Incr(ns)  Path(ns)    Netlist Resource(s)
  -------------------------------------------------------------------    -------------------
                         (clock clk_fpga_0 rise edge)
                                                      0.000     0.000 r  
    PS7_X0Y0             PS7                          0.000     0.000 r  lenet_system_i/processing_system7_0/inst/PS7_i/FCLKCLK[0]
                         net (fo=1, routed)           0.310     0.310    lenet_system_i/processing_system7_0/inst/FCLK_CLK_unbuffered[0]
    BUFGCTRL_X0Y16                                                    r  lenet_system_i/processing_system7_0/inst/buffer_fclk_clk_0.FCLK_CLK_0_BUFG/I
    BUFGCTRL_X0Y16       BUFG (Prop_bufg_I_O)         0.026     0.336 r  lenet_system_i/processing_system7_0/inst/buffer_fclk_clk_0.FCLK_CLK_0_BUFG/O
                         net (fo=12009, routed)       0.577     0.913    lenet_system_i/smartconnect_0/inst/clk_map/psr_aclk/U0/aclk
    SLICE_X57Y17         FDRE                                         r  lenet_system_i/smartconnect_0/inst/clk_map/psr_aclk/U0/ACTIVE_LOW_BSR_OUT_DFF[0].FDRE_BSR_N/C
  -------------------------------------------------------------------    -------------------
    SLICE_X57Y17         FDRE (Prop_fdre_C_Q)         0.141     1.054 r  lenet_system_i/smartconnect_0/inst/clk_map/psr_aclk/U0/ACTIVE_LOW_BSR_OUT_DFF[0].FDRE_BSR_N/Q
                         net (fo=22, routed)          1.109     2.163    lenet_system_i/smartconnect_0/inst/s01_entry_pipeline/s01_si_converter/inst/xpm_cdc_async_rst_inst/src_arst
    SLICE_X21Y17                                                      r  lenet_system_i/smartconnect_0/inst/s01_entry_pipeline/s01_si_converter/inst/xpm_cdc_async_rst_inst/arststages_ff[2]_i_1/I0
    SLICE_X21Y17         LUT1 (Prop_lut1_I0_O)        0.045     2.208 f  lenet_system_i/smartconnect_0/inst/s01_entry_pipeline/s01_si_converter/inst/xpm_cdc_async_rst_inst/arststages_ff[2]_i_1/O
                         net (fo=3, routed)           0.174     2.381    lenet_system_i/smartconnect_0/inst/s01_entry_pipeline/s01_si_converter/inst/xpm_cdc_async_rst_inst/reset_pol
    SLICE_X22Y17         FDCE                                         f  lenet_system_i/smartconnect_0/inst/s01_entry_pipeline/s01_si_converter/inst/xpm_cdc_async_rst_inst/arststages_ff_reg[0]/CLR
  -------------------------------------------------------------------    -------------------

                         (clock clk_fpga_0 rise edge)
                                                      0.000     0.000 r  
    PS7_X0Y0             PS7                          0.000     0.000 r  lenet_system_i/processing_system7_0/inst/PS7_i/FCLKCLK[0]
                         net (fo=1, routed)           0.337     0.337    lenet_system_i/processing_system7_0/inst/FCLK_CLK_unbuffered[0]
    BUFGCTRL_X0Y16                                                    r  lenet_system_i/processing_system7_0/inst/buffer_fclk_clk_0.FCLK_CLK_0_BUFG/I
    BUFGCTRL_X0Y16       BUFG (Prop_bufg_I_O)         0.029     0.366 r  lenet_system_i/processing_system7_0/inst/buffer_fclk_clk_0.FCLK_CLK_0_BUFG/O
                         net (fo=12009, routed)       0.855     1.221    lenet_system_i/smartconnect_0/inst/s01_entry_pipeline/s01_si_converter/inst/xpm_cdc_async_rst_inst/dest_clk
    SLICE_X22Y17         FDCE                                         r  lenet_system_i/smartconnect_0/inst/s01_entry_pipeline/s01_si_converter/inst/xpm_cdc_async_rst_inst/arststages_ff_reg[0]/C





