Copyright 1986-2022 Xilinx, Inc. All Rights Reserved.
--------------------------------------------------------------------------------------------------------------------------------------------------------------------------------------------------------
| Tool Version : Vivado v.2022.2 (win64) Build 3671981 Fri Oct 14 05:00:03 MDT 2022
| Date         : Sat Sep 12 22:44:26 2026
| Host         : Benedicta running 64-bit major release  (build 9200)
| Command      : report_timing_summary -report_unconstrained -check_timing_verbose -max_paths 10 -file D:/GitHub/vivado/vivado/F_Quantization_W8A8/hls_w8a8/vivado_review/reports/w8a8_timing_synth.rpt
| Design       : lenet_system_wrapper
| Device       : 7z020-clg400
| Speed File   : -1  PRODUCTION 1.12 2019-11-22
--------------------------------------------------------------------------------------------------------------------------------------------------------------------------------------------------------

Timing Summary Report

------------------------------------------------------------------------------------------------
| Timer Settings
| --------------
------------------------------------------------------------------------------------------------

  Enable Multi Corner Analysis               :  Yes
  Enable Pessimism Removal                   :  Yes
  Pessimism Removal Resolution               :  Nearest Common Node
  Enable Input Delay Default Clock           :  No
  Enable Preset / Clear Arcs                 :  No
  Disable Flight Delays                      :  No
  Ignore I/O Paths                           :  No
  Timing Early Launch at Borrowing Latches   :  No
  Borrow Time for Max Delay Exceptions       :  Yes
  Merge Timing Exceptions                    :  Yes

  Corner  Analyze    Analyze    
  Name    Max Paths  Min Paths  
  ------  ---------  ---------  
  Slow    Yes        Yes        
  Fast    Yes        Yes        


------------------------------------------------------------------------------------------------
| Report Methodology
| ------------------
------------------------------------------------------------------------------------------------

No report available as report_methodology has not been run prior. Run report_methodology on the current design for the summary of methodology violations.



check_timing report

Table of Contents
-----------------
1. checking no_clock (0)
2. checking constant_clock (0)
3. checking pulse_width_clock (0)
4. checking unconstrained_internal_endpoints (0)
5. checking no_input_delay (0)
6. checking no_output_delay (0)
7. checking multiple_clock (0)
8. checking generated_clocks (0)
9. checking loops (0)
10. checking partial_input_delay (0)
11. checking partial_output_delay (0)
12. checking latch_loops (0)

1. checking no_clock (0)
------------------------
 There are 0 register/latch pins with no clock.


2. checking constant_clock (0)
------------------------------
 There are 0 register/latch pins with constant_clock.


3. checking pulse_width_clock (0)
---------------------------------
 There are 0 register/latch pins which need pulse_width check


4. checking unconstrained_internal_endpoints (0)
------------------------------------------------
 There are 0 pins that are not constrained for maximum delay.

 There are 0 pins that are not constrained for maximum delay due to constant clock.


5. checking no_input_delay (0)
------------------------------
 There are 0 input ports with no input delay specified.

 There are 0 input ports with no input delay but user has a false path constraint.


6. checking no_output_delay (0)
-------------------------------
 There are 0 ports with no output delay specified.

 There are 0 ports with no output delay but user has a false path constraint

 There are 0 ports with no output delay but with a timing clock defined on it or propagating through it


7. checking multiple_clock (0)
------------------------------
 There are 0 register/latch pins with multiple clocks.


8. checking generated_clocks (0)
--------------------------------
 There are 0 generated clocks that are not connected to a clock source.


9. checking loops (0)
---------------------
 There are 0 combinational loops in the design.


10. checking partial_input_delay (0)
------------------------------------
 There are 0 input ports with partial input delay specified.


11. checking partial_output_delay (0)
-------------------------------------
 There are 0 ports with partial output delay specified.


12. checking latch_loops (0)
----------------------------
 There are 0 combinational latch loops in the design through latch input



------------------------------------------------------------------------------------------------
| Design Timing Summary
| ---------------------
------------------------------------------------------------------------------------------------

    WNS(ns)      TNS(ns)  TNS Failing Endpoints  TNS Total Endpoints      WHS(ns)      THS(ns)  THS Failing Endpoints  THS Total Endpoints     WPWS(ns)     TPWS(ns)  TPWS Failing Endpoints  TPWS Total Endpoints  
    -------      -------  ---------------------  -------------------      -------      -------  ---------------------  -------------------     --------     --------  ----------------------  --------------------  
      1.532        0.000                      0                36769        0.045        0.000                      0                36769        3.750        0.000                       0                 12494  


All user specified timing constraints are met.


------------------------------------------------------------------------------------------------
| Clock Summary
| -------------
------------------------------------------------------------------------------------------------

Clock       Waveform(ns)       Period(ns)      Frequency(MHz)
-----       ------------       ----------      --------------
clk_fpga_0  {0.000 5.000}      10.000          100.000         


------------------------------------------------------------------------------------------------
| Intra Clock Table
| -----------------
------------------------------------------------------------------------------------------------

Clock             WNS(ns)      TNS(ns)  TNS Failing Endpoints  TNS Total Endpoints      WHS(ns)      THS(ns)  THS Failing Endpoints  THS Total Endpoints     WPWS(ns)     TPWS(ns)  TPWS Failing Endpoints  TPWS Total Endpoints  
-----             -------      -------  ---------------------  -------------------      -------      -------  ---------------------  -------------------     --------     --------  ----------------------  --------------------  
clk_fpga_0          1.532        0.000                      0                36769        0.045        0.000                      0                36769        3.750        0.000                       0                 12494  


------------------------------------------------------------------------------------------------
| Inter Clock Table
| -----------------
------------------------------------------------------------------------------------------------

From Clock    To Clock          WNS(ns)      TNS(ns)  TNS Failing Endpoints  TNS Total Endpoints      WHS(ns)      THS(ns)  THS Failing Endpoints  THS Total Endpoints  
----------    --------          -------      -------  ---------------------  -------------------      -------      -------  ---------------------  -------------------  


------------------------------------------------------------------------------------------------
| Other Path Groups Table
| -----------------------
------------------------------------------------------------------------------------------------

Path Group    From Clock    To Clock          WNS(ns)      TNS(ns)  TNS Failing Endpoints  TNS Total Endpoints      WHS(ns)      THS(ns)  THS Failing Endpoints  THS Total Endpoints  
----------    ----------    --------          -------      -------  ---------------------  -------------------      -------      -------  ---------------------  -------------------  


------------------------------------------------------------------------------------------------
| User Ignored Path Table
| -----------------------
------------------------------------------------------------------------------------------------

Path Group    From Clock    To Clock    
----------    ----------    --------    
(none)                      clk_fpga_0    
(none)        clk_fpga_0    clk_fpga_0    


------------------------------------------------------------------------------------------------
| Unconstrained Path Table
| ------------------------
------------------------------------------------------------------------------------------------

Path Group    From Clock    To Clock    
----------    ----------    --------    


------------------------------------------------------------------------------------------------
| Timing Details
| --------------
------------------------------------------------------------------------------------------------


---------------------------------------------------------------------------------------------------
From Clock:  clk_fpga_0
  To Clock:  clk_fpga_0

Setup :            0  Failing Endpoints,  Worst Slack        1.532ns,  Total Violation        0.000ns
Hold  :            0  Failing Endpoints,  Worst Slack        0.045ns,  Total Violation        0.000ns
PW    :            0  Failing Endpoints,  Worst Slack        3.750ns,  Total Violation        0.000ns
---------------------------------------------------------------------------------------------------


Max Delay Paths
--------------------------------------------------------------------------------------
Slack (MET) :             1.532ns  (required time - arrival time)
  Source:                 lenet_system_i/lenet_w8a8_top_0/inst/grp_lenet_w8a8_top_Pipeline_REQUANT_VECTOR_fu_381/ret_V_reg_272_reg[34]/C
                            (rising edge-triggered cell FDRE clocked by clk_fpga_0  {rise@0.000ns fall@5.000ns period=10.000ns})
  Destination:            lenet_system_i/lenet_w8a8_top_0/inst/grp_lenet_w8a8_top_Pipeline_POOL_CHANNEL_POOL_ROW_POOL_COL1_fu_354/select_ln1039_3_reg_1515_reg[0]/S
                            (rising edge-triggered cell FDSE clocked by clk_fpga_0  {rise@0.000ns fall@5.000ns period=10.000ns})
  Path Group:             clk_fpga_0
  Path Type:              Setup (Max at Slow Process Corner)
  Requirement:            10.000ns  (clk_fpga_0 rise@10.000ns - clk_fpga_0 rise@0.000ns)
  Data Path Delay:        7.612ns  (logic 2.449ns (32.173%)  route 5.163ns (67.827%))
  Logic Levels:           9  (CARRY4=4 LUT4=2 LUT5=1 LUT6=2)
  Clock Path Skew:        -0.145ns (DCD - SCD + CPR)
    Destination Clock Delay (DCD):    1.505ns = ( 11.505 - 10.000 ) 
    Source Clock Delay      (SCD):    1.700ns
    Clock Pessimism Removal (CPR):    0.050ns
  Clock Uncertainty:      0.154ns  ((TSJ^2 + TIJ^2)^1/2 + DJ) / 2 + PE
    Total System Jitter     (TSJ):    0.071ns
    Total Input Jitter      (TIJ):    0.300ns
    Discrete Jitter          (DJ):    0.000ns
    Phase Error              (PE):    0.000ns

    Location             Delay type                Incr(ns)  Path(ns)    Netlist Resource(s)
  -------------------------------------------------------------------    -------------------
                         (clock clk_fpga_0 rise edge)
                                                      0.000     0.000 r  
    PS7_X0Y0             PS7                          0.000     0.000 r  lenet_system_i/processing_system7_0/inst/PS7_i/FCLKCLK[0]
                         net (fo=1, unplaced)         0.800     0.800    lenet_system_i/processing_system7_0/inst/FCLK_CLK_unbuffered[0]
                         BUFG (Prop_bufg_I_O)         0.101     0.901 r  lenet_system_i/processing_system7_0/inst/buffer_fclk_clk_0.FCLK_CLK_0_BUFG/O
                         net (fo=12511, unplaced)     0.800     1.700    lenet_system_i/lenet_w8a8_top_0/inst/grp_lenet_w8a8_top_Pipeline_REQUANT_VECTOR_fu_381/ap_clk
                         FDRE                                         r  lenet_system_i/lenet_w8a8_top_0/inst/grp_lenet_w8a8_top_Pipeline_REQUANT_VECTOR_fu_381/ret_V_reg_272_reg[34]/C
  -------------------------------------------------------------------    -------------------
                         FDRE (Prop_fdre_C_Q)         0.478     2.178 r  lenet_system_i/lenet_w8a8_top_0/inst/grp_lenet_w8a8_top_Pipeline_REQUANT_VECTOR_fu_381/ret_V_reg_272_reg[34]/Q
                         net (fo=1, unplaced)         0.965     3.143    lenet_system_i/lenet_w8a8_top_0/inst/grp_lenet_w8a8_top_Pipeline_REQUANT_VECTOR_fu_381/ret_V_reg_272[34]
                         LUT6 (Prop_lut6_I0_O)        0.295     3.438 r  lenet_system_i/lenet_w8a8_top_0/inst/grp_lenet_w8a8_top_Pipeline_REQUANT_VECTOR_fu_381/select_ln1039_3_reg_1515[0]_i_17/O
                         net (fo=1, unplaced)         1.111     4.549    lenet_system_i/lenet_w8a8_top_0/inst/grp_lenet_w8a8_top_Pipeline_REQUANT_VECTOR_fu_381/select_ln1039_3_reg_1515[0]_i_17_n_2
                         LUT6 (Prop_lut6_I1_O)        0.124     4.673 r  lenet_system_i/lenet_w8a8_top_0/inst/grp_lenet_w8a8_top_Pipeline_REQUANT_VECTOR_fu_381/select_ln1039_3_reg_1515[0]_i_13/O
                         net (fo=2, unplaced)         0.460     5.133    lenet_system_i/lenet_w8a8_top_0/inst/grp_lenet_w8a8_top_Pipeline_REQUANT_VECTOR_fu_381/select_ln1039_3_reg_1515[0]_i_13_n_2
                         LUT4 (Prop_lut4_I1_O)        0.124     5.257 r  lenet_system_i/lenet_w8a8_top_0/inst/grp_lenet_w8a8_top_Pipeline_REQUANT_VECTOR_fu_381/select_ln1039_3_reg_1515[0]_i_12/O
                         net (fo=1, unplaced)         0.000     5.257    lenet_system_i/lenet_w8a8_top_0/inst/grp_lenet_w8a8_top_Pipeline_REQUANT_VECTOR_fu_381/select_ln1039_3_reg_1515[0]_i_12_n_2
                         CARRY4 (Prop_carry4_S[0]_CO[3])
                                                      0.513     5.770 r  lenet_system_i/lenet_w8a8_top_0/inst/grp_lenet_w8a8_top_Pipeline_REQUANT_VECTOR_fu_381/select_ln1039_3_reg_1515_reg[0]_i_7/CO[3]
                         net (fo=1, unplaced)         0.009     5.779    lenet_system_i/lenet_w8a8_top_0/inst/grp_lenet_w8a8_top_Pipeline_REQUANT_VECTOR_fu_381/select_ln1039_3_reg_1515_reg[0]_i_7_n_2
                         CARRY4 (Prop_carry4_CI_CO[3])
                                                      0.117     5.896 r  lenet_system_i/lenet_w8a8_top_0/inst/grp_lenet_w8a8_top_Pipeline_REQUANT_VECTOR_fu_381/select_ln1039_3_reg_1515_reg[4]_i_2/CO[3]
                         net (fo=1, unplaced)         0.000     5.896    lenet_system_i/lenet_w8a8_top_0/inst/grp_lenet_w8a8_top_Pipeline_REQUANT_VECTOR_fu_381/select_ln1039_3_reg_1515_reg[4]_i_2_n_2
                         CARRY4 (Prop_carry4_CI_CO[3])
                                                      0.117     6.013 r  lenet_system_i/lenet_w8a8_top_0/inst/grp_lenet_w8a8_top_Pipeline_REQUANT_VECTOR_fu_381/select_ln1039_3_reg_1515_reg[0]_i_11/CO[3]
                         net (fo=1, unplaced)         0.000     6.013    lenet_system_i/lenet_w8a8_top_0/inst/grp_lenet_w8a8_top_Pipeline_REQUANT_VECTOR_fu_381/select_ln1039_3_reg_1515_reg[0]_i_11_n_2
                         CARRY4 (Prop_carry4_CI_O[2])
                                                      0.256     6.269 r  lenet_system_i/lenet_w8a8_top_0/inst/grp_lenet_w8a8_top_Pipeline_REQUANT_VECTOR_fu_381/select_ln1039_3_reg_1515_reg[0]_i_8/O[2]
                         net (fo=1, unplaced)         0.905     7.174    lenet_system_i/lenet_w8a8_top_0/inst/grp_lenet_w8a8_top_Pipeline_REQUANT_VECTOR_fu_381/grp_lenet_w8a8_top_Pipeline_POOL_CHANNEL_POOL_ROW_POOL_COL1_fu_354/select_ln20_fu_901_p3[14]
                         LUT4 (Prop_lut4_I1_O)        0.301     7.475 r  lenet_system_i/lenet_w8a8_top_0/inst/grp_lenet_w8a8_top_Pipeline_REQUANT_VECTOR_fu_381/select_ln1039_3_reg_1515[0]_i_3/O
                         net (fo=1, unplaced)         0.902     8.377    lenet_system_i/lenet_w8a8_top_0/inst/grp_lenet_w8a8_top_Pipeline_REQUANT_VECTOR_fu_381/select_ln1039_3_reg_1515[0]_i_3_n_2
                         LUT5 (Prop_lut5_I0_O)        0.124     8.501 r  lenet_system_i/lenet_w8a8_top_0/inst/grp_lenet_w8a8_top_Pipeline_REQUANT_VECTOR_fu_381/select_ln1039_3_reg_1515[0]_i_1/O
                         net (fo=7, unplaced)         0.811     9.312    lenet_system_i/lenet_w8a8_top_0/inst/grp_lenet_w8a8_top_Pipeline_POOL_CHANNEL_POOL_ROW_POOL_COL1_fu_354/select_ln1039_3_reg_1515_reg[0]_0
                         FDSE                                         r  lenet_system_i/lenet_w8a8_top_0/inst/grp_lenet_w8a8_top_Pipeline_POOL_CHANNEL_POOL_ROW_POOL_COL1_fu_354/select_ln1039_3_reg_1515_reg[0]/S
  -------------------------------------------------------------------    -------------------

                         (clock clk_fpga_0 rise edge)
                                                     10.000    10.000 r  
    PS7_X0Y0             PS7                          0.000    10.000 r  lenet_system_i/processing_system7_0/inst/PS7_i/FCLKCLK[0]
                         net (fo=1, unplaced)         0.760    10.760    lenet_system_i/processing_system7_0/inst/FCLK_CLK_unbuffered[0]
                         BUFG (Prop_bufg_I_O)         0.091    10.851 r  lenet_system_i/processing_system7_0/inst/buffer_fclk_clk_0.FCLK_CLK_0_BUFG/O
                         net (fo=12511, unplaced)     0.655    11.505    lenet_system_i/lenet_w8a8_top_0/inst/grp_lenet_w8a8_top_Pipeline_POOL_CHANNEL_POOL_ROW_POOL_COL1_fu_354/ap_clk
                         FDSE                                         r  lenet_system_i/lenet_w8a8_top_0/inst/grp_lenet_w8a8_top_Pipeline_POOL_CHANNEL_POOL_ROW_POOL_COL1_fu_354/select_ln1039_3_reg_1515_reg[0]/C
                         clock pessimism              0.050    11.555    
                         clock uncertainty           -0.154    11.401    
                         FDSE (Setup_fdse_C_S)       -0.557    10.844    lenet_system_i/lenet_w8a8_top_0/inst/grp_lenet_w8a8_top_Pipeline_POOL_CHANNEL_POOL_ROW_POOL_COL1_fu_354/select_ln1039_3_reg_1515_reg[0]
  -------------------------------------------------------------------
                         required time                         10.844    
                         arrival time                          -9.312    
  -------------------------------------------------------------------
                         slack                                  1.532    

Slack (MET) :             1.532ns  (required time - arrival time)
  Source:                 lenet_system_i/lenet_w8a8_top_0/inst/grp_lenet_w8a8_top_Pipeline_REQUANT_VECTOR_fu_381/ret_V_reg_272_reg[34]/C
                            (rising edge-triggered cell FDRE clocked by clk_fpga_0  {rise@0.000ns fall@5.000ns period=10.000ns})
  Destination:            lenet_system_i/lenet_w8a8_top_0/inst/grp_lenet_w8a8_top_Pipeline_POOL_CHANNEL_POOL_ROW_POOL_COL1_fu_354/select_ln1039_3_reg_1515_reg[1]/S
                            (rising edge-triggered cell FDSE clocked by clk_fpga_0  {rise@0.000ns fall@5.000ns period=10.000ns})
  Path Group:             clk_fpga_0
  Path Type:              Setup (Max at Slow Process Corner)
  Requirement:            10.000ns  (clk_fpga_0 rise@10.000ns - clk_fpga_0 rise@0.000ns)
  Data Path Delay:        7.612ns  (logic 2.449ns (32.173%)  route 5.163ns (67.827%))
  Logic Levels:           9  (CARRY4=4 LUT4=2 LUT5=1 LUT6=2)
  Clock Path Skew:        -0.145ns (DCD - SCD + CPR)
    Destination Clock Delay (DCD):    1.505ns = ( 11.505 - 10.000 ) 
    Source Clock Delay      (SCD):    1.700ns
    Clock Pessimism Removal (CPR):    0.050ns
  Clock Uncertainty:      0.154ns  ((TSJ^2 + TIJ^2)^1/2 + DJ) / 2 + PE
    Total System Jitter     (TSJ):    0.071ns
    Total Input Jitter      (TIJ):    0.300ns
    Discrete Jitter          (DJ):    0.000ns
    Phase Error              (PE):    0.000ns

    Location             Delay type                Incr(ns)  Path(ns)    Netlist Resource(s)
  -------------------------------------------------------------------    -------------------
                         (clock clk_fpga_0 rise edge)
                                                      0.000     0.000 r  
    PS7_X0Y0             PS7                          0.000     0.000 r  lenet_system_i/processing_system7_0/inst/PS7_i/FCLKCLK[0]
                         net (fo=1, unplaced)         0.800     0.800    lenet_system_i/processing_system7_0/inst/FCLK_CLK_unbuffered[0]
                         BUFG (Prop_bufg_I_O)         0.101     0.901 r  lenet_system_i/processing_system7_0/inst/buffer_fclk_clk_0.FCLK_CLK_0_BUFG/O
                         net (fo=12511, unplaced)     0.800     1.700    lenet_system_i/lenet_w8a8_top_0/inst/grp_lenet_w8a8_top_Pipeline_REQUANT_VECTOR_fu_381/ap_clk
                         FDRE                                         r  lenet_system_i/lenet_w8a8_top_0/inst/grp_lenet_w8a8_top_Pipeline_REQUANT_VECTOR_fu_381/ret_V_reg_272_reg[34]/C
  -------------------------------------------------------------------    -------------------
                         FDRE (Prop_fdre_C_Q)         0.478     2.178 r  lenet_system_i/lenet_w8a8_top_0/inst/grp_lenet_w8a8_top_Pipeline_REQUANT_VECTOR_fu_381/ret_V_reg_272_reg[34]/Q
                         net (fo=1, unplaced)         0.965     3.143    lenet_system_i/lenet_w8a8_top_0/inst/grp_lenet_w8a8_top_Pipeline_REQUANT_VECTOR_fu_381/ret_V_reg_272[34]
                         LUT6 (Prop_lut6_I0_O)        0.295     3.438 r  lenet_system_i/lenet_w8a8_top_0/inst/grp_lenet_w8a8_top_Pipeline_REQUANT_VECTOR_fu_381/select_ln1039_3_reg_1515[0]_i_17/O
                         net (fo=1, unplaced)         1.111     4.549    lenet_system_i/lenet_w8a8_top_0/inst/grp_lenet_w8a8_top_Pipeline_REQUANT_VECTOR_fu_381/select_ln1039_3_reg_1515[0]_i_17_n_2
                         LUT6 (Prop_lut6_I1_O)        0.124     4.673 r  lenet_system_i/lenet_w8a8_top_0/inst/grp_lenet_w8a8_top_Pipeline_REQUANT_VECTOR_fu_381/select_ln1039_3_reg_1515[0]_i_13/O
                         net (fo=2, unplaced)         0.460     5.133    lenet_system_i/lenet_w8a8_top_0/inst/grp_lenet_w8a8_top_Pipeline_REQUANT_VECTOR_fu_381/select_ln1039_3_reg_1515[0]_i_13_n_2
                         LUT4 (Prop_lut4_I1_O)        0.124     5.257 r  lenet_system_i/lenet_w8a8_top_0/inst/grp_lenet_w8a8_top_Pipeline_REQUANT_VECTOR_fu_381/select_ln1039_3_reg_1515[0]_i_12/O
                         net (fo=1, unplaced)         0.000     5.257    lenet_system_i/lenet_w8a8_top_0/inst/grp_lenet_w8a8_top_Pipeline_REQUANT_VECTOR_fu_381/select_ln1039_3_reg_1515[0]_i_12_n_2
                         CARRY4 (Prop_carry4_S[0]_CO[3])
                                                      0.513     5.770 r  lenet_system_i/lenet_w8a8_top_0/inst/grp_lenet_w8a8_top_Pipeline_REQUANT_VECTOR_fu_381/select_ln1039_3_reg_1515_reg[0]_i_7/CO[3]
                         net (fo=1, unplaced)         0.009     5.779    lenet_system_i/lenet_w8a8_top_0/inst/grp_lenet_w8a8_top_Pipeline_REQUANT_VECTOR_fu_381/select_ln1039_3_reg_1515_reg[0]_i_7_n_2
                         CARRY4 (Prop_carry4_CI_CO[3])
                                                      0.117     5.896 r  lenet_system_i/lenet_w8a8_top_0/inst/grp_lenet_w8a8_top_Pipeline_REQUANT_VECTOR_fu_381/select_ln1039_3_reg_1515_reg[4]_i_2/CO[3]
                         net (fo=1, unplaced)         0.000     5.896    lenet_system_i/lenet_w8a8_top_0/inst/grp_lenet_w8a8_top_Pipeline_REQUANT_VECTOR_fu_381/select_ln1039_3_reg_1515_reg[4]_i_2_n_2
                         CARRY4 (Prop_carry4_CI_CO[3])
                                                      0.117     6.013 r  lenet_system_i/lenet_w8a8_top_0/inst/grp_lenet_w8a8_top_Pipeline_REQUANT_VECTOR_fu_381/select_ln1039_3_reg_1515_reg[0]_i_11/CO[3]
                         net (fo=1, unplaced)         0.000     6.013    lenet_system_i/lenet_w8a8_top_0/inst/grp_lenet_w8a8_top_Pipeline_REQUANT_VECTOR_fu_381/select_ln1039_3_reg_1515_reg[0]_i_11_n_2
                         CARRY4 (Prop_carry4_CI_O[2])
                                                      0.256     6.269 r  lenet_system_i/lenet_w8a8_top_0/inst/grp_lenet_w8a8_top_Pipeline_REQUANT_VECTOR_fu_381/select_ln1039_3_reg_1515_reg[0]_i_8/O[2]
                         net (fo=1, unplaced)         0.905     7.174    lenet_system_i/lenet_w8a8_top_0/inst/grp_lenet_w8a8_top_Pipeline_REQUANT_VECTOR_fu_381/grp_lenet_w8a8_top_Pipeline_POOL_CHANNEL_POOL_ROW_POOL_COL1_fu_354/select_ln20_fu_901_p3[14]
                         LUT4 (Prop_lut4_I1_O)        0.301     7.475 r  lenet_system_i/lenet_w8a8_top_0/inst/grp_lenet_w8a8_top_Pipeline_REQUANT_VECTOR_fu_381/select_ln1039_3_reg_1515[0]_i_3/O
                         net (fo=1, unplaced)         0.902     8.377    lenet_system_i/lenet_w8a8_top_0/inst/grp_lenet_w8a8_top_Pipeline_REQUANT_VECTOR_fu_381/select_ln1039_3_reg_1515[0]_i_3_n_2
                         LUT5 (Prop_lut5_I0_O)        0.124     8.501 r  lenet_system_i/lenet_w8a8_top_0/inst/grp_lenet_w8a8_top_Pipeline_REQUANT_VECTOR_fu_381/select_ln1039_3_reg_1515[0]_i_1/O
                         net (fo=7, unplaced)         0.811     9.312    lenet_system_i/lenet_w8a8_top_0/inst/grp_lenet_w8a8_top_Pipeline_POOL_CHANNEL_POOL_ROW_POOL_COL1_fu_354/select_ln1039_3_reg_1515_reg[0]_0
                         FDSE                                         r  lenet_system_i/lenet_w8a8_top_0/inst/grp_lenet_w8a8_top_Pipeline_POOL_CHANNEL_POOL_ROW_POOL_COL1_fu_354/select_ln1039_3_reg_1515_reg[1]/S
  -------------------------------------------------------------------    -------------------

                         (clock clk_fpga_0 rise edge)
                                                     10.000    10.000 r  
    PS7_X0Y0             PS7                          0.000    10.000 r  lenet_system_i/processing_system7_0/inst/PS7_i/FCLKCLK[0]
                         net (fo=1, unplaced)         0.760    10.760    lenet_system_i/processing_system7_0/inst/FCLK_CLK_unbuffered[0]
                         BUFG (Prop_bufg_I_O)         0.091    10.851 r  lenet_system_i/processing_system7_0/inst/buffer_fclk_clk_0.FCLK_CLK_0_BUFG/O
                         net (fo=12511, unplaced)     0.655    11.505    lenet_system_i/lenet_w8a8_top_0/inst/grp_lenet_w8a8_top_Pipeline_POOL_CHANNEL_POOL_ROW_POOL_COL1_fu_354/ap_clk
                         FDSE                                         r  lenet_system_i/lenet_w8a8_top_0/inst/grp_lenet_w8a8_top_Pipeline_POOL_CHANNEL_POOL_ROW_POOL_COL1_fu_354/select_ln1039_3_reg_1515_reg[1]/C
                         clock pessimism              0.050    11.555    
                         clock uncertainty           -0.154    11.401    
                         FDSE (Setup_fdse_C_S)       -0.557    10.844    lenet_system_i/lenet_w8a8_top_0/inst/grp_lenet_w8a8_top_Pipeline_POOL_CHANNEL_POOL_ROW_POOL_COL1_fu_354/select_ln1039_3_reg_1515_reg[1]
  -------------------------------------------------------------------
                         required time                         10.844    
                         arrival time                          -9.312    
  -------------------------------------------------------------------
                         slack                                  1.532    

Slack (MET) :             1.532ns  (required time - arrival time)
  Source:                 lenet_system_i/lenet_w8a8_top_0/inst/grp_lenet_w8a8_top_Pipeline_REQUANT_VECTOR_fu_381/ret_V_reg_272_reg[34]/C
                            (rising edge-triggered cell FDRE clocked by clk_fpga_0  {rise@0.000ns fall@5.000ns period=10.000ns})
  Destination:            lenet_system_i/lenet_w8a8_top_0/inst/grp_lenet_w8a8_top_Pipeline_POOL_CHANNEL_POOL_ROW_POOL_COL1_fu_354/select_ln1039_3_reg_1515_reg[2]/S
                            (rising edge-triggered cell FDSE clocked by clk_fpga_0  {rise@0.000ns fall@5.000ns period=10.000ns})
  Path Group:             clk_fpga_0
  Path Type:              Setup (Max at Slow Process Corner)
  Requirement:            10.000ns  (clk_fpga_0 rise@10.000ns - clk_fpga_0 rise@0.000ns)
  Data Path Delay:        7.612ns  (logic 2.449ns (32.173%)  route 5.163ns (67.827%))
  Logic Levels:           9  (CARRY4=4 LUT4=2 LUT5=1 LUT6=2)
  Clock Path Skew:        -0.145ns (DCD - SCD + CPR)
    Destination Clock Delay (DCD):    1.505ns = ( 11.505 - 10.000 ) 
    Source Clock Delay      (SCD):    1.700ns
    Clock Pessimism Removal (CPR):    0.050ns
  Clock Uncertainty:      0.154ns  ((TSJ^2 + TIJ^2)^1/2 + DJ) / 2 + PE
    Total System Jitter     (TSJ):    0.071ns
    Total Input Jitter      (TIJ):    0.300ns
    Discrete Jitter          (DJ):    0.000ns
    Phase Error              (PE):    0.000ns

    Location             Delay type                Incr(ns)  Path(ns)    Netlist Resource(s)
  -------------------------------------------------------------------    -------------------
                         (clock clk_fpga_0 rise edge)
                                                      0.000     0.000 r  
    PS7_X0Y0             PS7                          0.000     0.000 r  lenet_system_i/processing_system7_0/inst/PS7_i/FCLKCLK[0]
                         net (fo=1, unplaced)         0.800     0.800    lenet_system_i/processing_system7_0/inst/FCLK_CLK_unbuffered[0]
                         BUFG (Prop_bufg_I_O)         0.101     0.901 r  lenet_system_i/processing_system7_0/inst/buffer_fclk_clk_0.FCLK_CLK_0_BUFG/O
                         net (fo=12511, unplaced)     0.800     1.700    lenet_system_i/lenet_w8a8_top_0/inst/grp_lenet_w8a8_top_Pipeline_REQUANT_VECTOR_fu_381/ap_clk
                         FDRE                                         r  lenet_system_i/lenet_w8a8_top_0/inst/grp_lenet_w8a8_top_Pipeline_REQUANT_VECTOR_fu_381/ret_V_reg_272_reg[34]/C
  -------------------------------------------------------------------    -------------------
                         FDRE (Prop_fdre_C_Q)         0.478     2.178 r  lenet_system_i/lenet_w8a8_top_0/inst/grp_lenet_w8a8_top_Pipeline_REQUANT_VECTOR_fu_381/ret_V_reg_272_reg[34]/Q
                         net (fo=1, unplaced)         0.965     3.143    lenet_system_i/lenet_w8a8_top_0/inst/grp_lenet_w8a8_top_Pipeline_REQUANT_VECTOR_fu_381/ret_V_reg_272[34]
                         LUT6 (Prop_lut6_I0_O)        0.295     3.438 r  lenet_system_i/lenet_w8a8_top_0/inst/grp_lenet_w8a8_top_Pipeline_REQUANT_VECTOR_fu_381/select_ln1039_3_reg_1515[0]_i_17/O
                         net (fo=1, unplaced)         1.111     4.549    lenet_system_i/lenet_w8a8_top_0/inst/grp_lenet_w8a8_top_Pipeline_REQUANT_VECTOR_fu_381/select_ln1039_3_reg_1515[0]_i_17_n_2
                         LUT6 (Prop_lut6_I1_O)        0.124     4.673 r  lenet_system_i/lenet_w8a8_top_0/inst/grp_lenet_w8a8_top_Pipeline_REQUANT_VECTOR_fu_381/select_ln1039_3_reg_1515[0]_i_13/O
                         net (fo=2, unplaced)         0.460     5.133    lenet_system_i/lenet_w8a8_top_0/inst/grp_lenet_w8a8_top_Pipeline_REQUANT_VECTOR_fu_381/select_ln1039_3_reg_1515[0]_i_13_n_2
                         LUT4 (Prop_lut4_I1_O)        0.124     5.257 r  lenet_system_i/lenet_w8a8_top_0/inst/grp_lenet_w8a8_top_Pipeline_REQUANT_VECTOR_fu_381/select_ln1039_3_reg_1515[0]_i_12/O
                         net (fo=1, unplaced)         0.000     5.257    lenet_system_i/lenet_w8a8_top_0/inst/grp_lenet_w8a8_top_Pipeline_REQUANT_VECTOR_fu_381/select_ln1039_3_reg_1515[0]_i_12_n_2
                         CARRY4 (Prop_carry4_S[0]_CO[3])
                                                      0.513     5.770 r  lenet_system_i/lenet_w8a8_top_0/inst/grp_lenet_w8a8_top_Pipeline_REQUANT_VECTOR_fu_381/select_ln1039_3_reg_1515_reg[0]_i_7/CO[3]
                         net (fo=1, unplaced)         0.009     5.779    lenet_system_i/lenet_w8a8_top_0/inst/grp_lenet_w8a8_top_Pipeline_REQUANT_VECTOR_fu_381/select_ln1039_3_reg_1515_reg[0]_i_7_n_2
                         CARRY4 (Prop_carry4_CI_CO[3])
                                                      0.117     5.896 r  lenet_system_i/lenet_w8a8_top_0/inst/grp_lenet_w8a8_top_Pipeline_REQUANT_VECTOR_fu_381/select_ln1039_3_reg_1515_reg[4]_i_2/CO[3]
                         net (fo=1, unplaced)         0.000     5.896    lenet_system_i/lenet_w8a8_top_0/inst/grp_lenet_w8a8_top_Pipeline_REQUANT_VECTOR_fu_381/select_ln1039_3_reg_1515_reg[4]_i_2_n_2
                         CARRY4 (Prop_carry4_CI_CO[3])
                                                      0.117     6.013 r  lenet_system_i/lenet_w8a8_top_0/inst/grp_lenet_w8a8_top_Pipeline_REQUANT_VECTOR_fu_381/select_ln1039_3_reg_1515_reg[0]_i_11/CO[3]
                         net (fo=1, unplaced)         0.000     6.013    lenet_system_i/lenet_w8a8_top_0/inst/grp_lenet_w8a8_top_Pipeline_REQUANT_VECTOR_fu_381/select_ln1039_3_reg_1515_reg[0]_i_11_n_2
                         CARRY4 (Prop_carry4_CI_O[2])
                                                      0.256     6.269 r  lenet_system_i/lenet_w8a8_top_0/inst/grp_lenet_w8a8_top_Pipeline_REQUANT_VECTOR_fu_381/select_ln1039_3_reg_1515_reg[0]_i_8/O[2]
                         net (fo=1, unplaced)         0.905     7.174    lenet_system_i/lenet_w8a8_top_0/inst/grp_lenet_w8a8_top_Pipeline_REQUANT_VECTOR_fu_381/grp_lenet_w8a8_top_Pipeline_POOL_CHANNEL_POOL_ROW_POOL_COL1_fu_354/select_ln20_fu_901_p3[14]
                         LUT4 (Prop_lut4_I1_O)        0.301     7.475 r  lenet_system_i/lenet_w8a8_top_0/inst/grp_lenet_w8a8_top_Pipeline_REQUANT_VECTOR_fu_381/select_ln1039_3_reg_1515[0]_i_3/O
                         net (fo=1, unplaced)         0.902     8.377    lenet_system_i/lenet_w8a8_top_0/inst/grp_lenet_w8a8_top_Pipeline_REQUANT_VECTOR_fu_381/select_ln1039_3_reg_1515[0]_i_3_n_2
                         LUT5 (Prop_lut5_I0_O)        0.124     8.501 r  lenet_system_i/lenet_w8a8_top_0/inst/grp_lenet_w8a8_top_Pipeline_REQUANT_VECTOR_fu_381/select_ln1039_3_reg_1515[0]_i_1/O
                         net (fo=7, unplaced)         0.811     9.312    lenet_system_i/lenet_w8a8_top_0/inst/grp_lenet_w8a8_top_Pipeline_POOL_CHANNEL_POOL_ROW_POOL_COL1_fu_354/select_ln1039_3_reg_1515_reg[0]_0
                         FDSE                                         r  lenet_system_i/lenet_w8a8_top_0/inst/grp_lenet_w8a8_top_Pipeline_POOL_CHANNEL_POOL_ROW_POOL_COL1_fu_354/select_ln1039_3_reg_1515_reg[2]/S
  -------------------------------------------------------------------    -------------------

                         (clock clk_fpga_0 rise edge)
                                                     10.000    10.000 r  
    PS7_X0Y0             PS7                          0.000    10.000 r  lenet_system_i/processing_system7_0/inst/PS7_i/FCLKCLK[0]
                         net (fo=1, unplaced)         0.760    10.760    lenet_system_i/processing_system7_0/inst/FCLK_CLK_unbuffered[0]
                         BUFG (Prop_bufg_I_O)         0.091    10.851 r  lenet_system_i/processing_system7_0/inst/buffer_fclk_clk_0.FCLK_CLK_0_BUFG/O
                         net (fo=12511, unplaced)     0.655    11.505    lenet_system_i/lenet_w8a8_top_0/inst/grp_lenet_w8a8_top_Pipeline_POOL_CHANNEL_POOL_ROW_POOL_COL1_fu_354/ap_clk
                         FDSE                                         r  lenet_system_i/lenet_w8a8_top_0/inst/grp_lenet_w8a8_top_Pipeline_POOL_CHANNEL_POOL_ROW_POOL_COL1_fu_354/select_ln1039_3_reg_1515_reg[2]/C
                         clock pessimism              0.050    11.555    
                         clock uncertainty           -0.154    11.401    
                         FDSE (Setup_fdse_C_S)       -0.557    10.844    lenet_system_i/lenet_w8a8_top_0/inst/grp_lenet_w8a8_top_Pipeline_POOL_CHANNEL_POOL_ROW_POOL_COL1_fu_354/select_ln1039_3_reg_1515_reg[2]
  -------------------------------------------------------------------
                         required time                         10.844    
                         arrival time                          -9.312    
  -------------------------------------------------------------------
                         slack                                  1.532    

Slack (MET) :             1.532ns  (required time - arrival time)
  Source:                 lenet_system_i/lenet_w8a8_top_0/inst/grp_lenet_w8a8_top_Pipeline_REQUANT_VECTOR_fu_381/ret_V_reg_272_reg[34]/C
                            (rising edge-triggered cell FDRE clocked by clk_fpga_0  {rise@0.000ns fall@5.000ns period=10.000ns})
  Destination:            lenet_system_i/lenet_w8a8_top_0/inst/grp_lenet_w8a8_top_Pipeline_POOL_CHANNEL_POOL_ROW_POOL_COL1_fu_354/select_ln1039_3_reg_1515_reg[3]/S
                            (rising edge-triggered cell FDSE clocked by clk_fpga_0  {rise@0.000ns fall@5.000ns period=10.000ns})
  Path Group:             clk_fpga_0
  Path Type:              Setup (Max at Slow Process Corner)
  Requirement:            10.000ns  (clk_fpga_0 rise@10.000ns - clk_fpga_0 rise@0.000ns)
  Data Path Delay:        7.612ns  (logic 2.449ns (32.173%)  route 5.163ns (67.827%))
  Logic Levels:           9  (CARRY4=4 LUT4=2 LUT5=1 LUT6=2)
  Clock Path Skew:        -0.145ns (DCD - SCD + CPR)
    Destination Clock Delay (DCD):    1.505ns = ( 11.505 - 10.000 ) 
    Source Clock Delay      (SCD):    1.700ns
    Clock Pessimism Removal (CPR):    0.050ns
  Clock Uncertainty:      0.154ns  ((TSJ^2 + TIJ^2)^1/2 + DJ) / 2 + PE
    Total System Jitter     (TSJ):    0.071ns
    Total Input Jitter      (TIJ):    0.300ns
    Discrete Jitter          (DJ):    0.000ns
    Phase Error              (PE):    0.000ns

    Location             Delay type                Incr(ns)  Path(ns)    Netlist Resource(s)
  -------------------------------------------------------------------    -------------------
                         (clock clk_fpga_0 rise edge)
                                                      0.000     0.000 r  
    PS7_X0Y0             PS7                          0.000     0.000 r  lenet_system_i/processing_system7_0/inst/PS7_i/FCLKCLK[0]
                         net (fo=1, unplaced)         0.800     0.800    lenet_system_i/processing_system7_0/inst/FCLK_CLK_unbuffered[0]
                         BUFG (Prop_bufg_I_O)         0.101     0.901 r  lenet_system_i/processing_system7_0/inst/buffer_fclk_clk_0.FCLK_CLK_0_BUFG/O
                         net (fo=12511, unplaced)     0.800     1.700    lenet_system_i/lenet_w8a8_top_0/inst/grp_lenet_w8a8_top_Pipeline_REQUANT_VECTOR_fu_381/ap_clk
                         FDRE                                         r  lenet_system_i/lenet_w8a8_top_0/inst/grp_lenet_w8a8_top_Pipeline_REQUANT_VECTOR_fu_381/ret_V_reg_272_reg[34]/C
  -------------------------------------------------------------------    -------------------
                         FDRE (Prop_fdre_C_Q)         0.478     2.178 r  lenet_system_i/lenet_w8a8_top_0/inst/grp_lenet_w8a8_top_Pipeline_REQUANT_VECTOR_fu_381/ret_V_reg_272_reg[34]/Q
                         net (fo=1, unplaced)         0.965     3.143    lenet_system_i/lenet_w8a8_top_0/inst/grp_lenet_w8a8_top_Pipeline_REQUANT_VECTOR_fu_381/ret_V_reg_272[34]
                         LUT6 (Prop_lut6_I0_O)        0.295     3.438 r  lenet_system_i/lenet_w8a8_top_0/inst/grp_lenet_w8a8_top_Pipeline_REQUANT_VECTOR_fu_381/select_ln1039_3_reg_1515[0]_i_17/O
                         net (fo=1, unplaced)         1.111     4.549    lenet_system_i/lenet_w8a8_top_0/inst/grp_lenet_w8a8_top_Pipeline_REQUANT_VECTOR_fu_381/select_ln1039_3_reg_1515[0]_i_17_n_2
                         LUT6 (Prop_lut6_I1_O)        0.124     4.673 r  lenet_system_i/lenet_w8a8_top_0/inst/grp_lenet_w8a8_top_Pipeline_REQUANT_VECTOR_fu_381/select_ln1039_3_reg_1515[0]_i_13/O
                         net (fo=2, unplaced)         0.460     5.133    lenet_system_i/lenet_w8a8_top_0/inst/grp_lenet_w8a8_top_Pipeline_REQUANT_VECTOR_fu_381/select_ln1039_3_reg_1515[0]_i_13_n_2
                         LUT4 (Prop_lut4_I1_O)        0.124     5.257 r  lenet_system_i/lenet_w8a8_top_0/inst/grp_lenet_w8a8_top_Pipeline_REQUANT_VECTOR_fu_381/select_ln1039_3_reg_1515[0]_i_12/O
                         net (fo=1, unplaced)         0.000     5.257    lenet_system_i/lenet_w8a8_top_0/inst/grp_lenet_w8a8_top_Pipeline_REQUANT_VECTOR_fu_381/select_ln1039_3_reg_1515[0]_i_12_n_2
                         CARRY4 (Prop_carry4_S[0]_CO[3])
                                                      0.513     5.770 r  lenet_system_i/lenet_w8a8_top_0/inst/grp_lenet_w8a8_top_Pipeline_REQUANT_VECTOR_fu_381/select_ln1039_3_reg_1515_reg[0]_i_7/CO[3]
                         net (fo=1, unplaced)         0.009     5.779    lenet_system_i/lenet_w8a8_top_0/inst/grp_lenet_w8a8_top_Pipeline_REQUANT_VECTOR_fu_381/select_ln1039_3_reg_1515_reg[0]_i_7_n_2
                         CARRY4 (Prop_carry4_CI_CO[3])
                                                      0.117     5.896 r  lenet_system_i/lenet_w8a8_top_0/inst/grp_lenet_w8a8_top_Pipeline_REQUANT_VECTOR_fu_381/select_ln1039_3_reg_1515_reg[4]_i_2/CO[3]
                         net (fo=1, unplaced)         0.000     5.896    lenet_system_i/lenet_w8a8_top_0/inst/grp_lenet_w8a8_top_Pipeline_REQUANT_VECTOR_fu_381/select_ln1039_3_reg_1515_reg[4]_i_2_n_2
                         CARRY4 (Prop_carry4_CI_CO[3])
                                                      0.117     6.013 r  lenet_system_i/lenet_w8a8_top_0/inst/grp_lenet_w8a8_top_Pipeline_REQUANT_VECTOR_fu_381/select_ln1039_3_reg_1515_reg[0]_i_11/CO[3]
                         net (fo=1, unplaced)         0.000     6.013    lenet_system_i/lenet_w8a8_top_0/inst/grp_lenet_w8a8_top_Pipeline_REQUANT_VECTOR_fu_381/select_ln1039_3_reg_1515_reg[0]_i_11_n_2
                         CARRY4 (Prop_carry4_CI_O[2])
                                                      0.256     6.269 r  lenet_system_i/lenet_w8a8_top_0/inst/grp_lenet_w8a8_top_Pipeline_REQUANT_VECTOR_fu_381/select_ln1039_3_reg_1515_reg[0]_i_8/O[2]
                         net (fo=1, unplaced)         0.905     7.174    lenet_system_i/lenet_w8a8_top_0/inst/grp_lenet_w8a8_top_Pipeline_REQUANT_VECTOR_fu_381/grp_lenet_w8a8_top_Pipeline_POOL_CHANNEL_POOL_ROW_POOL_COL1_fu_354/select_ln20_fu_901_p3[14]
                         LUT4 (Prop_lut4_I1_O)        0.301     7.475 r  lenet_system_i/lenet_w8a8_top_0/inst/grp_lenet_w8a8_top_Pipeline_REQUANT_VECTOR_fu_381/select_ln1039_3_reg_1515[0]_i_3/O
                         net (fo=1, unplaced)         0.902     8.377    lenet_system_i/lenet_w8a8_top_0/inst/grp_lenet_w8a8_top_Pipeline_REQUANT_VECTOR_fu_381/select_ln1039_3_reg_1515[0]_i_3_n_2
                         LUT5 (Prop_lut5_I0_O)        0.124     8.501 r  lenet_system_i/lenet_w8a8_top_0/inst/grp_lenet_w8a8_top_Pipeline_REQUANT_VECTOR_fu_381/select_ln1039_3_reg_1515[0]_i_1/O
                         net (fo=7, unplaced)         0.811     9.312    lenet_system_i/lenet_w8a8_top_0/inst/grp_lenet_w8a8_top_Pipeline_POOL_CHANNEL_POOL_ROW_POOL_COL1_fu_354/select_ln1039_3_reg_1515_reg[0]_0
                         FDSE                                         r  lenet_system_i/lenet_w8a8_top_0/inst/grp_lenet_w8a8_top_Pipeline_POOL_CHANNEL_POOL_ROW_POOL_COL1_fu_354/select_ln1039_3_reg_1515_reg[3]/S
  -------------------------------------------------------------------    -------------------

                         (clock clk_fpga_0 rise edge)
                                                     10.000    10.000 r  
    PS7_X0Y0             PS7                          0.000    10.000 r  lenet_system_i/processing_system7_0/inst/PS7_i/FCLKCLK[0]
                         net (fo=1, unplaced)         0.760    10.760    lenet_system_i/processing_system7_0/inst/FCLK_CLK_unbuffered[0]
                         BUFG (Prop_bufg_I_O)         0.091    10.851 r  lenet_system_i/processing_system7_0/inst/buffer_fclk_clk_0.FCLK_CLK_0_BUFG/O
                         net (fo=12511, unplaced)     0.655    11.505    lenet_system_i/lenet_w8a8_top_0/inst/grp_lenet_w8a8_top_Pipeline_POOL_CHANNEL_POOL_ROW_POOL_COL1_fu_354/ap_clk
                         FDSE                                         r  lenet_system_i/lenet_w8a8_top_0/inst/grp_lenet_w8a8_top_Pipeline_POOL_CHANNEL_POOL_ROW_POOL_COL1_fu_354/select_ln1039_3_reg_1515_reg[3]/C
                         clock pessimism              0.050    11.555    
                         clock uncertainty           -0.154    11.401    
                         FDSE (Setup_fdse_C_S)       -0.557    10.844    lenet_system_i/lenet_w8a8_top_0/inst/grp_lenet_w8a8_top_Pipeline_POOL_CHANNEL_POOL_ROW_POOL_COL1_fu_354/select_ln1039_3_reg_1515_reg[3]
  -------------------------------------------------------------------
                         required time                         10.844    
                         arrival time                          -9.312    
  -------------------------------------------------------------------
                         slack                                  1.532    

Slack (MET) :             1.532ns  (required time - arrival time)
  Source:                 lenet_system_i/lenet_w8a8_top_0/inst/grp_lenet_w8a8_top_Pipeline_REQUANT_VECTOR_fu_381/ret_V_reg_272_reg[34]/C
                            (rising edge-triggered cell FDRE clocked by clk_fpga_0  {rise@0.000ns fall@5.000ns period=10.000ns})
  Destination:            lenet_system_i/lenet_w8a8_top_0/inst/grp_lenet_w8a8_top_Pipeline_POOL_CHANNEL_POOL_ROW_POOL_COL1_fu_354/select_ln1039_3_reg_1515_reg[4]/S
                            (rising edge-triggered cell FDSE clocked by clk_fpga_0  {rise@0.000ns fall@5.000ns period=10.000ns})
  Path Group:             clk_fpga_0
  Path Type:              Setup (Max at Slow Process Corner)
  Requirement:            10.000ns  (clk_fpga_0 rise@10.000ns - clk_fpga_0 rise@0.000ns)
  Data Path Delay:        7.612ns  (logic 2.449ns (32.173%)  route 5.163ns (67.827%))
  Logic Levels:           9  (CARRY4=4 LUT4=2 LUT5=1 LUT6=2)
  Clock Path Skew:        -0.145ns (DCD - SCD + CPR)
    Destination Clock Delay (DCD):    1.505ns = ( 11.505 - 10.000 ) 
    Source Clock Delay      (SCD):    1.700ns
    Clock Pessimism Removal (CPR):    0.050ns
  Clock Uncertainty:      0.154ns  ((TSJ^2 + TIJ^2)^1/2 + DJ) / 2 + PE
    Total System Jitter     (TSJ):    0.071ns
    Total Input Jitter      (TIJ):    0.300ns
    Discrete Jitter          (DJ):    0.000ns
    Phase Error              (PE):    0.000ns

    Location             Delay type                Incr(ns)  Path(ns)    Netlist Resource(s)
  -------------------------------------------------------------------    -------------------
                         (clock clk_fpga_0 rise edge)
                                                      0.000     0.000 r  
    PS7_X0Y0             PS7                          0.000     0.000 r  lenet_system_i/processing_system7_0/inst/PS7_i/FCLKCLK[0]
                         net (fo=1, unplaced)         0.800     0.800    lenet_system_i/processing_system7_0/inst/FCLK_CLK_unbuffered[0]
                         BUFG (Prop_bufg_I_O)         0.101     0.901 r  lenet_system_i/processing_system7_0/inst/buffer_fclk_clk_0.FCLK_CLK_0_BUFG/O
                         net (fo=12511, unplaced)     0.800     1.700    lenet_system_i/lenet_w8a8_top_0/inst/grp_lenet_w8a8_top_Pipeline_REQUANT_VECTOR_fu_381/ap_clk
                         FDRE                                         r  lenet_system_i/lenet_w8a8_top_0/inst/grp_lenet_w8a8_top_Pipeline_REQUANT_VECTOR_fu_381/ret_V_reg_272_reg[34]/C
  -------------------------------------------------------------------    -------------------
                         FDRE (Prop_fdre_C_Q)         0.478     2.178 r  lenet_system_i/lenet_w8a8_top_0/inst/grp_lenet_w8a8_top_Pipeline_REQUANT_VECTOR_fu_381/ret_V_reg_272_reg[34]/Q
                         net (fo=1, unplaced)         0.965     3.143    lenet_system_i/lenet_w8a8_top_0/inst/grp_lenet_w8a8_top_Pipeline_REQUANT_VECTOR_fu_381/ret_V_reg_272[34]
                         LUT6 (Prop_lut6_I0_O)        0.295     3.438 r  lenet_system_i/lenet_w8a8_top_0/inst/grp_lenet_w8a8_top_Pipeline_REQUANT_VECTOR_fu_381/select_ln1039_3_reg_1515[0]_i_17/O
                         net (fo=1, unplaced)         1.111     4.549    lenet_system_i/lenet_w8a8_top_0/inst/grp_lenet_w8a8_top_Pipeline_REQUANT_VECTOR_fu_381/select_ln1039_3_reg_1515[0]_i_17_n_2
                         LUT6 (Prop_lut6_I1_O)        0.124     4.673 r  lenet_system_i/lenet_w8a8_top_0/inst/grp_lenet_w8a8_top_Pipeline_REQUANT_VECTOR_fu_381/select_ln1039_3_reg_1515[0]_i_13/O
                         net (fo=2, unplaced)         0.460     5.133    lenet_system_i/lenet_w8a8_top_0/inst/grp_lenet_w8a8_top_Pipeline_REQUANT_VECTOR_fu_381/select_ln1039_3_reg_1515[0]_i_13_n_2
                         LUT4 (Prop_lut4_I1_O)        0.124     5.257 r  lenet_system_i/lenet_w8a8_top_0/inst/grp_lenet_w8a8_top_Pipeline_REQUANT_VECTOR_fu_381/select_ln1039_3_reg_1515[0]_i_12/O
                         net (fo=1, unplaced)         0.000     5.257    lenet_system_i/lenet_w8a8_top_0/inst/grp_lenet_w8a8_top_Pipeline_REQUANT_VECTOR_fu_381/select_ln1039_3_reg_1515[0]_i_12_n_2
                         CARRY4 (Prop_carry4_S[0]_CO[3])
                                                      0.513     5.770 r  lenet_system_i/lenet_w8a8_top_0/inst/grp_lenet_w8a8_top_Pipeline_REQUANT_VECTOR_fu_381/select_ln1039_3_reg_1515_reg[0]_i_7/CO[3]
                         net (fo=1, unplaced)         0.009     5.779    lenet_system_i/lenet_w8a8_top_0/inst/grp_lenet_w8a8_top_Pipeline_REQUANT_VECTOR_fu_381/select_ln1039_3_reg_1515_reg[0]_i_7_n_2
                         CARRY4 (Prop_carry4_CI_CO[3])
                                                      0.117     5.896 r  lenet_system_i/lenet_w8a8_top_0/inst/grp_lenet_w8a8_top_Pipeline_REQUANT_VECTOR_fu_381/select_ln1039_3_reg_1515_reg[4]_i_2/CO[3]
                         net (fo=1, unplaced)         0.000     5.896    lenet_system_i/lenet_w8a8_top_0/inst/grp_lenet_w8a8_top_Pipeline_REQUANT_VECTOR_fu_381/select_ln1039_3_reg_1515_reg[4]_i_2_n_2
                         CARRY4 (Prop_carry4_CI_CO[3])
                                                      0.117     6.013 r  lenet_system_i/lenet_w8a8_top_0/inst/grp_lenet_w8a8_top_Pipeline_REQUANT_VECTOR_fu_381/select_ln1039_3_reg_1515_reg[0]_i_11/CO[3]
                         net (fo=1, unplaced)         0.000     6.013    lenet_system_i/lenet_w8a8_top_0/inst/grp_lenet_w8a8_top_Pipeline_REQUANT_VECTOR_fu_381/select_ln1039_3_reg_1515_reg[0]_i_11_n_2
                         CARRY4 (Prop_carry4_CI_O[2])
                                                      0.256     6.269 r  lenet_system_i/lenet_w8a8_top_0/inst/grp_lenet_w8a8_top_Pipeline_REQUANT_VECTOR_fu_381/select_ln1039_3_reg_1515_reg[0]_i_8/O[2]
                         net (fo=1, unplaced)         0.905     7.174    lenet_system_i/lenet_w8a8_top_0/inst/grp_lenet_w8a8_top_Pipeline_REQUANT_VECTOR_fu_381/grp_lenet_w8a8_top_Pipeline_POOL_CHANNEL_POOL_ROW_POOL_COL1_fu_354/select_ln20_fu_901_p3[14]
                         LUT4 (Prop_lut4_I1_O)        0.301     7.475 r  lenet_system_i/lenet_w8a8_top_0/inst/grp_lenet_w8a8_top_Pipeline_REQUANT_VECTOR_fu_381/select_ln1039_3_reg_1515[0]_i_3/O
                         net (fo=1, unplaced)         0.902     8.377    lenet_system_i/lenet_w8a8_top_0/inst/grp_lenet_w8a8_top_Pipeline_REQUANT_VECTOR_fu_381/select_ln1039_3_reg_1515[0]_i_3_n_2
                         LUT5 (Prop_lut5_I0_O)        0.124     8.501 r  lenet_system_i/lenet_w8a8_top_0/inst/grp_lenet_w8a8_top_Pipeline_REQUANT_VECTOR_fu_381/select_ln1039_3_reg_1515[0]_i_1/O
                         net (fo=7, unplaced)         0.811     9.312    lenet_system_i/lenet_w8a8_top_0/inst/grp_lenet_w8a8_top_Pipeline_POOL_CHANNEL_POOL_ROW_POOL_COL1_fu_354/select_ln1039_3_reg_1515_reg[0]_0
                         FDSE                                         r  lenet_system_i/lenet_w8a8_top_0/inst/grp_lenet_w8a8_top_Pipeline_POOL_CHANNEL_POOL_ROW_POOL_COL1_fu_354/select_ln1039_3_reg_1515_reg[4]/S
  -------------------------------------------------------------------    -------------------

                         (clock clk_fpga_0 rise edge)
                                                     10.000    10.000 r  
    PS7_X0Y0             PS7                          0.000    10.000 r  lenet_system_i/processing_system7_0/inst/PS7_i/FCLKCLK[0]
                         net (fo=1, unplaced)         0.760    10.760    lenet_system_i/processing_system7_0/inst/FCLK_CLK_unbuffered[0]
                         BUFG (Prop_bufg_I_O)         0.091    10.851 r  lenet_system_i/processing_system7_0/inst/buffer_fclk_clk_0.FCLK_CLK_0_BUFG/O
                         net (fo=12511, unplaced)     0.655    11.505    lenet_system_i/lenet_w8a8_top_0/inst/grp_lenet_w8a8_top_Pipeline_POOL_CHANNEL_POOL_ROW_POOL_COL1_fu_354/ap_clk
                         FDSE                                         r  lenet_system_i/lenet_w8a8_top_0/inst/grp_lenet_w8a8_top_Pipeline_POOL_CHANNEL_POOL_ROW_POOL_COL1_fu_354/select_ln1039_3_reg_1515_reg[4]/C
                         clock pessimism              0.050    11.555    
                         clock uncertainty           -0.154    11.401    
                         FDSE (Setup_fdse_C_S)       -0.557    10.844    lenet_system_i/lenet_w8a8_top_0/inst/grp_lenet_w8a8_top_Pipeline_POOL_CHANNEL_POOL_ROW_POOL_COL1_fu_354/select_ln1039_3_reg_1515_reg[4]
  -------------------------------------------------------------------
                         required time                         10.844    
                         arrival time                          -9.312    
  -------------------------------------------------------------------
                         slack                                  1.532    

Slack (MET) :             1.532ns  (required time - arrival time)
  Source:                 lenet_system_i/lenet_w8a8_top_0/inst/grp_lenet_w8a8_top_Pipeline_REQUANT_VECTOR_fu_381/ret_V_reg_272_reg[34]/C
                            (rising edge-triggered cell FDRE clocked by clk_fpga_0  {rise@0.000ns fall@5.000ns period=10.000ns})
  Destination:            lenet_system_i/lenet_w8a8_top_0/inst/grp_lenet_w8a8_top_Pipeline_POOL_CHANNEL_POOL_ROW_POOL_COL1_fu_354/select_ln1039_3_reg_1515_reg[5]/S
                            (rising edge-triggered cell FDSE clocked by clk_fpga_0  {rise@0.000ns fall@5.000ns period=10.000ns})
  Path Group:             clk_fpga_0
  Path Type:              Setup (Max at Slow Process Corner)
  Requirement:            10.000ns  (clk_fpga_0 rise@10.000ns - clk_fpga_0 rise@0.000ns)
  Data Path Delay:        7.612ns  (logic 2.449ns (32.173%)  route 5.163ns (67.827%))
  Logic Levels:           9  (CARRY4=4 LUT4=2 LUT5=1 LUT6=2)
  Clock Path Skew:        -0.145ns (DCD - SCD + CPR)
    Destination Clock Delay (DCD):    1.505ns = ( 11.505 - 10.000 ) 
    Source Clock Delay      (SCD):    1.700ns
    Clock Pessimism Removal (CPR):    0.050ns
  Clock Uncertainty:      0.154ns  ((TSJ^2 + TIJ^2)^1/2 + DJ) / 2 + PE
    Total System Jitter     (TSJ):    0.071ns
    Total Input Jitter      (TIJ):    0.300ns
    Discrete Jitter          (DJ):    0.000ns
    Phase Error              (PE):    0.000ns

    Location             Delay type                Incr(ns)  Path(ns)    Netlist Resource(s)
  -------------------------------------------------------------------    -------------------
                         (clock clk_fpga_0 rise edge)
                                                      0.000     0.000 r  
    PS7_X0Y0             PS7                          0.000     0.000 r  lenet_system_i/processing_system7_0/inst/PS7_i/FCLKCLK[0]
                         net (fo=1, unplaced)         0.800     0.800    lenet_system_i/processing_system7_0/inst/FCLK_CLK_unbuffered[0]
                         BUFG (Prop_bufg_I_O)         0.101     0.901 r  lenet_system_i/processing_system7_0/inst/buffer_fclk_clk_0.FCLK_CLK_0_BUFG/O
                         net (fo=12511, unplaced)     0.800     1.700    lenet_system_i/lenet_w8a8_top_0/inst/grp_lenet_w8a8_top_Pipeline_REQUANT_VECTOR_fu_381/ap_clk
                         FDRE                                         r  lenet_system_i/lenet_w8a8_top_0/inst/grp_lenet_w8a8_top_Pipeline_REQUANT_VECTOR_fu_381/ret_V_reg_272_reg[34]/C
  -------------------------------------------------------------------    -------------------
                         FDRE (Prop_fdre_C_Q)         0.478     2.178 r  lenet_system_i/lenet_w8a8_top_0/inst/grp_lenet_w8a8_top_Pipeline_REQUANT_VECTOR_fu_381/ret_V_reg_272_reg[34]/Q
                         net (fo=1, unplaced)         0.965     3.143    lenet_system_i/lenet_w8a8_top_0/inst/grp_lenet_w8a8_top_Pipeline_REQUANT_VECTOR_fu_381/ret_V_reg_272[34]
                         LUT6 (Prop_lut6_I0_O)        0.295     3.438 r  lenet_system_i/lenet_w8a8_top_0/inst/grp_lenet_w8a8_top_Pipeline_REQUANT_VECTOR_fu_381/select_ln1039_3_reg_1515[0]_i_17/O
                         net (fo=1, unplaced)         1.111     4.549    lenet_system_i/lenet_w8a8_top_0/inst/grp_lenet_w8a8_top_Pipeline_REQUANT_VECTOR_fu_381/select_ln1039_3_reg_1515[0]_i_17_n_2
                         LUT6 (Prop_lut6_I1_O)        0.124     4.673 r  lenet_system_i/lenet_w8a8_top_0/inst/grp_lenet_w8a8_top_Pipeline_REQUANT_VECTOR_fu_381/select_ln1039_3_reg_1515[0]_i_13/O
                         net (fo=2, unplaced)         0.460     5.133    lenet_system_i/lenet_w8a8_top_0/inst/grp_lenet_w8a8_top_Pipeline_REQUANT_VECTOR_fu_381/select_ln1039_3_reg_1515[0]_i_13_n_2
                         LUT4 (Prop_lut4_I1_O)        0.124     5.257 r  lenet_system_i/lenet_w8a8_top_0/inst/grp_lenet_w8a8_top_Pipeline_REQUANT_VECTOR_fu_381/select_ln1039_3_reg_1515[0]_i_12/O
                         net (fo=1, unplaced)         0.000     5.257    lenet_system_i/lenet_w8a8_top_0/inst/grp_lenet_w8a8_top_Pipeline_REQUANT_VECTOR_fu_381/select_ln1039_3_reg_1515[0]_i_12_n_2
                         CARRY4 (Prop_carry4_S[0]_CO[3])
                                                      0.513     5.770 r  lenet_system_i/lenet_w8a8_top_0/inst/grp_lenet_w8a8_top_Pipeline_REQUANT_VECTOR_fu_381/select_ln1039_3_reg_1515_reg[0]_i_7/CO[3]
                         net (fo=1, unplaced)         0.009     5.779    lenet_system_i/lenet_w8a8_top_0/inst/grp_lenet_w8a8_top_Pipeline_REQUANT_VECTOR_fu_381/select_ln1039_3_reg_1515_reg[0]_i_7_n_2
                         CARRY4 (Prop_carry4_CI_CO[3])
                                                      0.117     5.896 r  lenet_system_i/lenet_w8a8_top_0/inst/grp_lenet_w8a8_top_Pipeline_REQUANT_VECTOR_fu_381/select_ln1039_3_reg_1515_reg[4]_i_2/CO[3]
                         net (fo=1, unplaced)         0.000     5.896    lenet_system_i/lenet_w8a8_top_0/inst/grp_lenet_w8a8_top_Pipeline_REQUANT_VECTOR_fu_381/select_ln1039_3_reg_1515_reg[4]_i_2_n_2
                         CARRY4 (Prop_carry4_CI_CO[3])
                                                      0.117     6.013 r  lenet_system_i/lenet_w8a8_top_0/inst/grp_lenet_w8a8_top_Pipeline_REQUANT_VECTOR_fu_381/select_ln1039_3_reg_1515_reg[0]_i_11/CO[3]
                         net (fo=1, unplaced)         0.000     6.013    lenet_system_i/lenet_w8a8_top_0/inst/grp_lenet_w8a8_top_Pipeline_REQUANT_VECTOR_fu_381/select_ln1039_3_reg_1515_reg[0]_i_11_n_2
                         CARRY4 (Prop_carry4_CI_O[2])
                                                      0.256     6.269 r  lenet_system_i/lenet_w8a8_top_0/inst/grp_lenet_w8a8_top_Pipeline_REQUANT_VECTOR_fu_381/select_ln1039_3_reg_1515_reg[0]_i_8/O[2]
                         net (fo=1, unplaced)         0.905     7.174    lenet_system_i/lenet_w8a8_top_0/inst/grp_lenet_w8a8_top_Pipeline_REQUANT_VECTOR_fu_381/grp_lenet_w8a8_top_Pipeline_POOL_CHANNEL_POOL_ROW_POOL_COL1_fu_354/select_ln20_fu_901_p3[14]
                         LUT4 (Prop_lut4_I1_O)        0.301     7.475 r  lenet_system_i/lenet_w8a8_top_0/inst/grp_lenet_w8a8_top_Pipeline_REQUANT_VECTOR_fu_381/select_ln1039_3_reg_1515[0]_i_3/O
                         net (fo=1, unplaced)         0.902     8.377    lenet_system_i/lenet_w8a8_top_0/inst/grp_lenet_w8a8_top_Pipeline_REQUANT_VECTOR_fu_381/select_ln1039_3_reg_1515[0]_i_3_n_2
                         LUT5 (Prop_lut5_I0_O)        0.124     8.501 r  lenet_system_i/lenet_w8a8_top_0/inst/grp_lenet_w8a8_top_Pipeline_REQUANT_VECTOR_fu_381/select_ln1039_3_reg_1515[0]_i_1/O
                         net (fo=7, unplaced)         0.811     9.312    lenet_system_i/lenet_w8a8_top_0/inst/grp_lenet_w8a8_top_Pipeline_POOL_CHANNEL_POOL_ROW_POOL_COL1_fu_354/select_ln1039_3_reg_1515_reg[0]_0
                         FDSE                                         r  lenet_system_i/lenet_w8a8_top_0/inst/grp_lenet_w8a8_top_Pipeline_POOL_CHANNEL_POOL_ROW_POOL_COL1_fu_354/select_ln1039_3_reg_1515_reg[5]/S
  -------------------------------------------------------------------    -------------------

                         (clock clk_fpga_0 rise edge)
                                                     10.000    10.000 r  
    PS7_X0Y0             PS7                          0.000    10.000 r  lenet_system_i/processing_system7_0/inst/PS7_i/FCLKCLK[0]
                         net (fo=1, unplaced)         0.760    10.760    lenet_system_i/processing_system7_0/inst/FCLK_CLK_unbuffered[0]
                         BUFG (Prop_bufg_I_O)         0.091    10.851 r  lenet_system_i/processing_system7_0/inst/buffer_fclk_clk_0.FCLK_CLK_0_BUFG/O
                         net (fo=12511, unplaced)     0.655    11.505    lenet_system_i/lenet_w8a8_top_0/inst/grp_lenet_w8a8_top_Pipeline_POOL_CHANNEL_POOL_ROW_POOL_COL1_fu_354/ap_clk
                         FDSE                                         r  lenet_system_i/lenet_w8a8_top_0/inst/grp_lenet_w8a8_top_Pipeline_POOL_CHANNEL_POOL_ROW_POOL_COL1_fu_354/select_ln1039_3_reg_1515_reg[5]/C
                         clock pessimism              0.050    11.555    
                         clock uncertainty           -0.154    11.401    
                         FDSE (Setup_fdse_C_S)       -0.557    10.844    lenet_system_i/lenet_w8a8_top_0/inst/grp_lenet_w8a8_top_Pipeline_POOL_CHANNEL_POOL_ROW_POOL_COL1_fu_354/select_ln1039_3_reg_1515_reg[5]
  -------------------------------------------------------------------
                         required time                         10.844    
                         arrival time                          -9.312    
  -------------------------------------------------------------------
                         slack                                  1.532    

Slack (MET) :             1.532ns  (required time - arrival time)
  Source:                 lenet_system_i/lenet_w8a8_top_0/inst/grp_lenet_w8a8_top_Pipeline_REQUANT_VECTOR_fu_381/ret_V_reg_272_reg[34]/C
                            (rising edge-triggered cell FDRE clocked by clk_fpga_0  {rise@0.000ns fall@5.000ns period=10.000ns})
  Destination:            lenet_system_i/lenet_w8a8_top_0/inst/grp_lenet_w8a8_top_Pipeline_POOL_CHANNEL_POOL_ROW_POOL_COL1_fu_354/trunc_ln1035_reg_1520_reg[6]/S
                            (rising edge-triggered cell FDSE clocked by clk_fpga_0  {rise@0.000ns fall@5.000ns period=10.000ns})
  Path Group:             clk_fpga_0
  Path Type:              Setup (Max at Slow Process Corner)
  Requirement:            10.000ns  (clk_fpga_0 rise@10.000ns - clk_fpga_0 rise@0.000ns)
  Data Path Delay:        7.612ns  (logic 2.449ns (32.173%)  route 5.163ns (67.827%))
  Logic Levels:           9  (CARRY4=4 LUT4=2 LUT5=1 LUT6=2)
  Clock Path Skew:        -0.145ns (DCD - SCD + CPR)
    Destination Clock Delay (DCD):    1.505ns = ( 11.505 - 10.000 ) 
    Source Clock Delay      (SCD):    1.700ns
    Clock Pessimism Removal (CPR):    0.050ns
  Clock Uncertainty:      0.154ns  ((TSJ^2 + TIJ^2)^1/2 + DJ) / 2 + PE
    Total System Jitter     (TSJ):    0.071ns
    Total Input Jitter      (TIJ):    0.300ns
    Discrete Jitter          (DJ):    0.000ns
    Phase Error              (PE):    0.000ns

    Location             Delay type                Incr(ns)  Path(ns)    Netlist Resource(s)
  -------------------------------------------------------------------    -------------------
                         (clock clk_fpga_0 rise edge)
                                                      0.000     0.000 r  
    PS7_X0Y0             PS7                          0.000     0.000 r  lenet_system_i/processing_system7_0/inst/PS7_i/FCLKCLK[0]
                         net (fo=1, unplaced)         0.800     0.800    lenet_system_i/processing_system7_0/inst/FCLK_CLK_unbuffered[0]
                         BUFG (Prop_bufg_I_O)         0.101     0.901 r  lenet_system_i/processing_system7_0/inst/buffer_fclk_clk_0.FCLK_CLK_0_BUFG/O
                         net (fo=12511, unplaced)     0.800     1.700    lenet_system_i/lenet_w8a8_top_0/inst/grp_lenet_w8a8_top_Pipeline_REQUANT_VECTOR_fu_381/ap_clk
                         FDRE                                         r  lenet_system_i/lenet_w8a8_top_0/inst/grp_lenet_w8a8_top_Pipeline_REQUANT_VECTOR_fu_381/ret_V_reg_272_reg[34]/C
  -------------------------------------------------------------------    -------------------
                         FDRE (Prop_fdre_C_Q)         0.478     2.178 r  lenet_system_i/lenet_w8a8_top_0/inst/grp_lenet_w8a8_top_Pipeline_REQUANT_VECTOR_fu_381/ret_V_reg_272_reg[34]/Q
                         net (fo=1, unplaced)         0.965     3.143    lenet_system_i/lenet_w8a8_top_0/inst/grp_lenet_w8a8_top_Pipeline_REQUANT_VECTOR_fu_381/ret_V_reg_272[34]
                         LUT6 (Prop_lut6_I0_O)        0.295     3.438 r  lenet_system_i/lenet_w8a8_top_0/inst/grp_lenet_w8a8_top_Pipeline_REQUANT_VECTOR_fu_381/select_ln1039_3_reg_1515[0]_i_17/O
                         net (fo=1, unplaced)         1.111     4.549    lenet_system_i/lenet_w8a8_top_0/inst/grp_lenet_w8a8_top_Pipeline_REQUANT_VECTOR_fu_381/select_ln1039_3_reg_1515[0]_i_17_n_2
                         LUT6 (Prop_lut6_I1_O)        0.124     4.673 r  lenet_system_i/lenet_w8a8_top_0/inst/grp_lenet_w8a8_top_Pipeline_REQUANT_VECTOR_fu_381/select_ln1039_3_reg_1515[0]_i_13/O
                         net (fo=2, unplaced)         0.460     5.133    lenet_system_i/lenet_w8a8_top_0/inst/grp_lenet_w8a8_top_Pipeline_REQUANT_VECTOR_fu_381/select_ln1039_3_reg_1515[0]_i_13_n_2
                         LUT4 (Prop_lut4_I1_O)        0.124     5.257 r  lenet_system_i/lenet_w8a8_top_0/inst/grp_lenet_w8a8_top_Pipeline_REQUANT_VECTOR_fu_381/select_ln1039_3_reg_1515[0]_i_12/O
                         net (fo=1, unplaced)         0.000     5.257    lenet_system_i/lenet_w8a8_top_0/inst/grp_lenet_w8a8_top_Pipeline_REQUANT_VECTOR_fu_381/select_ln1039_3_reg_1515[0]_i_12_n_2
                         CARRY4 (Prop_carry4_S[0]_CO[3])
                                                      0.513     5.770 r  lenet_system_i/lenet_w8a8_top_0/inst/grp_lenet_w8a8_top_Pipeline_REQUANT_VECTOR_fu_381/select_ln1039_3_reg_1515_reg[0]_i_7/CO[3]
                         net (fo=1, unplaced)         0.009     5.779    lenet_system_i/lenet_w8a8_top_0/inst/grp_lenet_w8a8_top_Pipeline_REQUANT_VECTOR_fu_381/select_ln1039_3_reg_1515_reg[0]_i_7_n_2
                         CARRY4 (Prop_carry4_CI_CO[3])
                                                      0.117     5.896 r  lenet_system_i/lenet_w8a8_top_0/inst/grp_lenet_w8a8_top_Pipeline_REQUANT_VECTOR_fu_381/select_ln1039_3_reg_1515_reg[4]_i_2/CO[3]
                         net (fo=1, unplaced)         0.000     5.896    lenet_system_i/lenet_w8a8_top_0/inst/grp_lenet_w8a8_top_Pipeline_REQUANT_VECTOR_fu_381/select_ln1039_3_reg_1515_reg[4]_i_2_n_2
                         CARRY4 (Prop_carry4_CI_CO[3])
                                                      0.117     6.013 r  lenet_system_i/lenet_w8a8_top_0/inst/grp_lenet_w8a8_top_Pipeline_REQUANT_VECTOR_fu_381/select_ln1039_3_reg_1515_reg[0]_i_11/CO[3]
                         net (fo=1, unplaced)         0.000     6.013    lenet_system_i/lenet_w8a8_top_0/inst/grp_lenet_w8a8_top_Pipeline_REQUANT_VECTOR_fu_381/select_ln1039_3_reg_1515_reg[0]_i_11_n_2
                         CARRY4 (Prop_carry4_CI_O[2])
                                                      0.256     6.269 r  lenet_system_i/lenet_w8a8_top_0/inst/grp_lenet_w8a8_top_Pipeline_REQUANT_VECTOR_fu_381/select_ln1039_3_reg_1515_reg[0]_i_8/O[2]
                         net (fo=1, unplaced)         0.905     7.174    lenet_system_i/lenet_w8a8_top_0/inst/grp_lenet_w8a8_top_Pipeline_REQUANT_VECTOR_fu_381/grp_lenet_w8a8_top_Pipeline_POOL_CHANNEL_POOL_ROW_POOL_COL1_fu_354/select_ln20_fu_901_p3[14]
                         LUT4 (Prop_lut4_I1_O)        0.301     7.475 r  lenet_system_i/lenet_w8a8_top_0/inst/grp_lenet_w8a8_top_Pipeline_REQUANT_VECTOR_fu_381/select_ln1039_3_reg_1515[0]_i_3/O
                         net (fo=1, unplaced)         0.902     8.377    lenet_system_i/lenet_w8a8_top_0/inst/grp_lenet_w8a8_top_Pipeline_REQUANT_VECTOR_fu_381/select_ln1039_3_reg_1515[0]_i_3_n_2
                         LUT5 (Prop_lut5_I0_O)        0.124     8.501 r  lenet_system_i/lenet_w8a8_top_0/inst/grp_lenet_w8a8_top_Pipeline_REQUANT_VECTOR_fu_381/select_ln1039_3_reg_1515[0]_i_1/O
                         net (fo=7, unplaced)         0.811     9.312    lenet_system_i/lenet_w8a8_top_0/inst/grp_lenet_w8a8_top_Pipeline_POOL_CHANNEL_POOL_ROW_POOL_COL1_fu_354/select_ln1039_3_reg_1515_reg[0]_0
                         FDSE                                         r  lenet_system_i/lenet_w8a8_top_0/inst/grp_lenet_w8a8_top_Pipeline_POOL_CHANNEL_POOL_ROW_POOL_COL1_fu_354/trunc_ln1035_reg_1520_reg[6]/S
  -------------------------------------------------------------------    -------------------

                         (clock clk_fpga_0 rise edge)
                                                     10.000    10.000 r  
    PS7_X0Y0             PS7                          0.000    10.000 r  lenet_system_i/processing_system7_0/inst/PS7_i/FCLKCLK[0]
                         net (fo=1, unplaced)         0.760    10.760    lenet_system_i/processing_system7_0/inst/FCLK_CLK_unbuffered[0]
                         BUFG (Prop_bufg_I_O)         0.091    10.851 r  lenet_system_i/processing_system7_0/inst/buffer_fclk_clk_0.FCLK_CLK_0_BUFG/O
                         net (fo=12511, unplaced)     0.655    11.505    lenet_system_i/lenet_w8a8_top_0/inst/grp_lenet_w8a8_top_Pipeline_POOL_CHANNEL_POOL_ROW_POOL_COL1_fu_354/ap_clk
                         FDSE                                         r  lenet_system_i/lenet_w8a8_top_0/inst/grp_lenet_w8a8_top_Pipeline_POOL_CHANNEL_POOL_ROW_POOL_COL1_fu_354/trunc_ln1035_reg_1520_reg[6]/C
                         clock pessimism              0.050    11.555    
                         clock uncertainty           -0.154    11.401    
                         FDSE (Setup_fdse_C_S)       -0.557    10.844    lenet_system_i/lenet_w8a8_top_0/inst/grp_lenet_w8a8_top_Pipeline_POOL_CHANNEL_POOL_ROW_POOL_COL1_fu_354/trunc_ln1035_reg_1520_reg[6]
  -------------------------------------------------------------------
                         required time                         10.844    
                         arrival time                          -9.312    
  -------------------------------------------------------------------
                         slack                                  1.532    

Slack (MET) :             1.550ns  (required time - arrival time)
  Source:                 lenet_system_i/lenet_w8a8_top_0/inst/grp_lenet_w8a8_top_Pipeline_REQUANT_VECTOR3_fu_396/ret_V_reg_279_reg[34]/C
                            (rising edge-triggered cell FDRE clocked by clk_fpga_0  {rise@0.000ns fall@5.000ns period=10.000ns})
  Destination:            lenet_system_i/lenet_w8a8_top_0/inst/grp_lenet_w8a8_top_Pipeline_REQUANT_VECTOR3_fu_396/select_ln1039_1_reg_290_reg[7]/R
                            (rising edge-triggered cell FDRE clocked by clk_fpga_0  {rise@0.000ns fall@5.000ns period=10.000ns})
  Path Group:             clk_fpga_0
  Path Type:              Setup (Max at Slow Process Corner)
  Requirement:            10.000ns  (clk_fpga_0 rise@10.000ns - clk_fpga_0 rise@0.000ns)
  Data Path Delay:        7.594ns  (logic 2.683ns (35.331%)  route 4.911ns (64.669%))
  Logic Levels:           11  (CARRY4=6 LUT4=2 LUT6=3)
  Clock Path Skew:        -0.145ns (DCD - SCD + CPR)
    Destination Clock Delay (DCD):    1.505ns = ( 11.505 - 10.000 ) 
    Source Clock Delay      (SCD):    1.700ns
    Clock Pessimism Removal (CPR):    0.050ns
  Clock Uncertainty:      0.154ns  ((TSJ^2 + TIJ^2)^1/2 + DJ) / 2 + PE
    Total System Jitter     (TSJ):    0.071ns
    Total Input Jitter      (TIJ):    0.300ns
    Discrete Jitter          (DJ):    0.000ns
    Phase Error              (PE):    0.000ns

    Location             Delay type                Incr(ns)  Path(ns)    Netlist Resource(s)
  -------------------------------------------------------------------    -------------------
                         (clock clk_fpga_0 rise edge)
                                                      0.000     0.000 r  
    PS7_X0Y0             PS7                          0.000     0.000 r  lenet_system_i/processing_system7_0/inst/PS7_i/FCLKCLK[0]
                         net (fo=1, unplaced)         0.800     0.800    lenet_system_i/processing_system7_0/inst/FCLK_CLK_unbuffered[0]
                         BUFG (Prop_bufg_I_O)         0.101     0.901 r  lenet_system_i/processing_system7_0/inst/buffer_fclk_clk_0.FCLK_CLK_0_BUFG/O
                         net (fo=12511, unplaced)     0.800     1.700    lenet_system_i/lenet_w8a8_top_0/inst/grp_lenet_w8a8_top_Pipeline_REQUANT_VECTOR3_fu_396/ap_clk
                         FDRE                                         r  lenet_system_i/lenet_w8a8_top_0/inst/grp_lenet_w8a8_top_Pipeline_REQUANT_VECTOR3_fu_396/ret_V_reg_279_reg[34]/C
  -------------------------------------------------------------------    -------------------
                         FDRE (Prop_fdre_C_Q)         0.478     2.178 r  lenet_system_i/lenet_w8a8_top_0/inst/grp_lenet_w8a8_top_Pipeline_REQUANT_VECTOR3_fu_396/ret_V_reg_279_reg[34]/Q
                         net (fo=1, unplaced)         0.965     3.143    lenet_system_i/lenet_w8a8_top_0/inst/grp_lenet_w8a8_top_Pipeline_REQUANT_VECTOR3_fu_396/ret_V_reg_279[34]
                         LUT6 (Prop_lut6_I0_O)        0.295     3.438 r  lenet_system_i/lenet_w8a8_top_0/inst/grp_lenet_w8a8_top_Pipeline_REQUANT_VECTOR3_fu_396/select_ln1039_1_reg_290[7]_i_17/O
                         net (fo=1, unplaced)         1.111     4.549    lenet_system_i/lenet_w8a8_top_0/inst/grp_lenet_w8a8_top_Pipeline_REQUANT_VECTOR3_fu_396/select_ln1039_1_reg_290[7]_i_17_n_2
                         LUT6 (Prop_lut6_I1_O)        0.124     4.673 r  lenet_system_i/lenet_w8a8_top_0/inst/grp_lenet_w8a8_top_Pipeline_REQUANT_VECTOR3_fu_396/select_ln1039_1_reg_290[7]_i_13/O
                         net (fo=1, unplaced)         0.449     5.122    lenet_system_i/lenet_w8a8_top_0/inst/grp_lenet_w8a8_top_Pipeline_REQUANT_VECTOR3_fu_396/select_ln1039_1_reg_290[7]_i_13_n_2
                         LUT4 (Prop_lut4_I1_O)        0.124     5.246 r  lenet_system_i/lenet_w8a8_top_0/inst/grp_lenet_w8a8_top_Pipeline_REQUANT_VECTOR3_fu_396/select_ln1039_1_reg_290[7]_i_12/O
                         net (fo=1, unplaced)         0.000     5.246    lenet_system_i/lenet_w8a8_top_0/inst/grp_lenet_w8a8_top_Pipeline_REQUANT_VECTOR3_fu_396/select_ln1039_1_reg_290[7]_i_12_n_2
                         CARRY4 (Prop_carry4_S[0]_CO[3])
                                                      0.513     5.759 r  lenet_system_i/lenet_w8a8_top_0/inst/grp_lenet_w8a8_top_Pipeline_REQUANT_VECTOR3_fu_396/select_ln1039_1_reg_290_reg[7]_i_6/CO[3]
                         net (fo=1, unplaced)         0.009     5.768    lenet_system_i/lenet_w8a8_top_0/inst/grp_lenet_w8a8_top_Pipeline_REQUANT_VECTOR3_fu_396/select_ln1039_1_reg_290_reg[7]_i_6_n_2
                         CARRY4 (Prop_carry4_CI_CO[3])
                                                      0.117     5.885 r  lenet_system_i/lenet_w8a8_top_0/inst/grp_lenet_w8a8_top_Pipeline_REQUANT_VECTOR3_fu_396/select_ln1039_1_reg_290_reg[7]_i_2/CO[3]
                         net (fo=1, unplaced)         0.000     5.885    lenet_system_i/lenet_w8a8_top_0/inst/grp_lenet_w8a8_top_Pipeline_REQUANT_VECTOR3_fu_396/select_ln1039_1_reg_290_reg[7]_i_2_n_2
                         CARRY4 (Prop_carry4_CI_CO[3])
                                                      0.117     6.002 r  lenet_system_i/lenet_w8a8_top_0/inst/grp_lenet_w8a8_top_Pipeline_REQUANT_VECTOR3_fu_396/select_ln1039_1_reg_290_reg[7]_i_9/CO[3]
                         net (fo=1, unplaced)         0.000     6.002    lenet_system_i/lenet_w8a8_top_0/inst/grp_lenet_w8a8_top_Pipeline_REQUANT_VECTOR3_fu_396/select_ln1039_1_reg_290_reg[7]_i_9_n_2
                         CARRY4 (Prop_carry4_CI_CO[3])
                                                      0.117     6.119 r  lenet_system_i/lenet_w8a8_top_0/inst/grp_lenet_w8a8_top_Pipeline_REQUANT_VECTOR3_fu_396/select_ln1039_1_reg_290_reg[7]_i_8/CO[3]
                         net (fo=1, unplaced)         0.000     6.119    lenet_system_i/lenet_w8a8_top_0/inst/grp_lenet_w8a8_top_Pipeline_REQUANT_VECTOR3_fu_396/select_ln1039_1_reg_290_reg[7]_i_8_n_2
                         CARRY4 (Prop_carry4_CI_CO[3])
                                                      0.117     6.236 r  lenet_system_i/lenet_w8a8_top_0/inst/grp_lenet_w8a8_top_Pipeline_REQUANT_VECTOR3_fu_396/select_ln1039_1_reg_290_reg[7]_i_7/CO[3]
                         net (fo=1, unplaced)         0.000     6.236    lenet_system_i/lenet_w8a8_top_0/inst/grp_lenet_w8a8_top_Pipeline_REQUANT_VECTOR3_fu_396/select_ln1039_1_reg_290_reg[7]_i_7_n_2
                         CARRY4 (Prop_carry4_CI_O[2])
                                                      0.256     6.492 r  lenet_system_i/lenet_w8a8_top_0/inst/grp_lenet_w8a8_top_Pipeline_REQUANT_VECTOR3_fu_396/select_ln1039_1_reg_290_reg[7]_i_11/O[2]
                         net (fo=1, unplaced)         1.114     7.606    lenet_system_i/lenet_w8a8_top_0/inst/grp_lenet_w8a8_top_Pipeline_REQUANT_VECTOR3_fu_396/quotient_V_1_fu_188_p3__0[22]
                         LUT6 (Prop_lut6_I2_O)        0.301     7.907 r  lenet_system_i/lenet_w8a8_top_0/inst/grp_lenet_w8a8_top_Pipeline_REQUANT_VECTOR3_fu_396/select_ln1039_1_reg_290[7]_i_5/O
                         net (fo=8, unplaced)         0.487     8.394    lenet_system_i/lenet_w8a8_top_0/inst/grp_lenet_w8a8_top_Pipeline_REQUANT_VECTOR3_fu_396/select_ln1039_1_reg_290[7]_i_5_n_2
                         LUT4 (Prop_lut4_I3_O)        0.124     8.518 r  lenet_system_i/lenet_w8a8_top_0/inst/grp_lenet_w8a8_top_Pipeline_REQUANT_VECTOR3_fu_396/select_ln1039_1_reg_290[7]_i_1/O
                         net (fo=1, unplaced)         0.776     9.294    lenet_system_i/lenet_w8a8_top_0/inst/grp_lenet_w8a8_top_Pipeline_REQUANT_VECTOR3_fu_396/p_1_in
                         FDRE                                         r  lenet_system_i/lenet_w8a8_top_0/inst/grp_lenet_w8a8_top_Pipeline_REQUANT_VECTOR3_fu_396/select_ln1039_1_reg_290_reg[7]/R
  -------------------------------------------------------------------    -------------------

                         (clock clk_fpga_0 rise edge)
                                                     10.000    10.000 r  
    PS7_X0Y0             PS7                          0.000    10.000 r  lenet_system_i/processing_system7_0/inst/PS7_i/FCLKCLK[0]
                         net (fo=1, unplaced)         0.760    10.760    lenet_system_i/processing_system7_0/inst/FCLK_CLK_unbuffered[0]
                         BUFG (Prop_bufg_I_O)         0.091    10.851 r  lenet_system_i/processing_system7_0/inst/buffer_fclk_clk_0.FCLK_CLK_0_BUFG/O
                         net (fo=12511, unplaced)     0.655    11.505    lenet_system_i/lenet_w8a8_top_0/inst/grp_lenet_w8a8_top_Pipeline_REQUANT_VECTOR3_fu_396/ap_clk
                         FDRE                                         r  lenet_system_i/lenet_w8a8_top_0/inst/grp_lenet_w8a8_top_Pipeline_REQUANT_VECTOR3_fu_396/select_ln1039_1_reg_290_reg[7]/C
                         clock pessimism              0.050    11.555    
                         clock uncertainty           -0.154    11.401    
                         FDRE (Setup_fdre_C_R)       -0.557    10.844    lenet_system_i/lenet_w8a8_top_0/inst/grp_lenet_w8a8_top_Pipeline_REQUANT_VECTOR3_fu_396/select_ln1039_1_reg_290_reg[7]
  -------------------------------------------------------------------
                         required time                         10.844    
                         arrival time                          -9.294    
  -------------------------------------------------------------------
                         slack                                  1.550    

Slack (MET) :             1.604ns  (required time - arrival time)
  Source:                 lenet_system_i/lenet_w8a8_top_0/inst/conv2_acc_V_U/ram2_reg_0/CLKBWRCLK
                            (rising edge-triggered cell RAMB36E1 clocked by clk_fpga_0  {rise@0.000ns fall@5.000ns period=10.000ns})
  Destination:            lenet_system_i/lenet_w8a8_top_0/inst/mul_32ns_33ns_64_2_1_U84/dout_reg__0/PCIN[0]
                            (rising edge-triggered cell DSP48E1 clocked by clk_fpga_0  {rise@0.000ns fall@5.000ns period=10.000ns})
  Path Group:             clk_fpga_0
  Path Type:              Setup (Max at Slow Process Corner)
  Requirement:            10.000ns  (clk_fpga_0 rise@10.000ns - clk_fpga_0 rise@0.000ns)
  Data Path Delay:        6.696ns  (logic 5.042ns (75.294%)  route 1.654ns (24.706%))
  Logic Levels:           2  (DSP48E1=1 LUT3=1)
  Clock Path Skew:        -0.145ns (DCD - SCD + CPR)
    Destination Clock Delay (DCD):    1.505ns = ( 11.505 - 10.000 ) 
    Source Clock Delay      (SCD):    1.700ns
    Clock Pessimism Removal (CPR):    0.050ns
  Clock Uncertainty:      0.154ns  ((TSJ^2 + TIJ^2)^1/2 + DJ) / 2 + PE
    Total System Jitter     (TSJ):    0.071ns
    Total Input Jitter      (TIJ):    0.300ns
    Discrete Jitter          (DJ):    0.000ns
    Phase Error              (PE):    0.000ns

    Location             Delay type                Incr(ns)  Path(ns)    Netlist Resource(s)
  -------------------------------------------------------------------    -------------------
                         (clock clk_fpga_0 rise edge)
                                                      0.000     0.000 r  
    PS7_X0Y0             PS7                          0.000     0.000 r  lenet_system_i/processing_system7_0/inst/PS7_i/FCLKCLK[0]
                         net (fo=1, unplaced)         0.800     0.800    lenet_system_i/processing_system7_0/inst/FCLK_CLK_unbuffered[0]
                         BUFG (Prop_bufg_I_O)         0.101     0.901 r  lenet_system_i/processing_system7_0/inst/buffer_fclk_clk_0.FCLK_CLK_0_BUFG/O
                         net (fo=12511, unplaced)     0.800     1.700    lenet_system_i/lenet_w8a8_top_0/inst/conv2_acc_V_U/ap_clk
                         RAMB36E1                                     r  lenet_system_i/lenet_w8a8_top_0/inst/conv2_acc_V_U/ram2_reg_0/CLKBWRCLK
  -------------------------------------------------------------------    -------------------
                         RAMB36E1 (Prop_ramb36e1_CLKBWRCLK_DOPBDOP[0])
                                                      0.882     2.582 r  lenet_system_i/lenet_w8a8_top_0/inst/conv2_acc_V_U/ram2_reg_0/DOPBDOP[0]
                         net (fo=2, unplaced)         0.800     3.382    lenet_system_i/lenet_w8a8_top_0/inst/conv3_acc_V_U/q3[16]
                         LUT3 (Prop_lut3_I2_O)        0.124     3.506 r  lenet_system_i/lenet_w8a8_top_0/inst/conv3_acc_V_U/tmp_product__0_i_1/O
                         net (fo=1, unplaced)         0.800     4.306    lenet_system_i/lenet_w8a8_top_0/inst/mul_32ns_33ns_64_2_1_U84/grp_fu_1112_p0[16]
                         DSP48E1 (Prop_dsp48e1_A[16]_PCOUT[0])
                                                      4.036     8.342 r  lenet_system_i/lenet_w8a8_top_0/inst/mul_32ns_33ns_64_2_1_U84/tmp_product__0/PCOUT[0]
                         net (fo=1, unplaced)         0.055     8.397    lenet_system_i/lenet_w8a8_top_0/inst/mul_32ns_33ns_64_2_1_U84/tmp_product__0_n_155
                         DSP48E1                                      r  lenet_system_i/lenet_w8a8_top_0/inst/mul_32ns_33ns_64_2_1_U84/dout_reg__0/PCIN[0]
  -------------------------------------------------------------------    -------------------

                         (clock clk_fpga_0 rise edge)
                                                     10.000    10.000 r  
    PS7_X0Y0             PS7                          0.000    10.000 r  lenet_system_i/processing_system7_0/inst/PS7_i/FCLKCLK[0]
                         net (fo=1, unplaced)         0.760    10.760    lenet_system_i/processing_system7_0/inst/FCLK_CLK_unbuffered[0]
                         BUFG (Prop_bufg_I_O)         0.091    10.851 r  lenet_system_i/processing_system7_0/inst/buffer_fclk_clk_0.FCLK_CLK_0_BUFG/O
                         net (fo=12511, unplaced)     0.655    11.505    lenet_system_i/lenet_w8a8_top_0/inst/mul_32ns_33ns_64_2_1_U84/ap_clk
                         DSP48E1                                      r  lenet_system_i/lenet_w8a8_top_0/inst/mul_32ns_33ns_64_2_1_U84/dout_reg__0/CLK
                         clock pessimism              0.050    11.555    
                         clock uncertainty           -0.154    11.401    
                         DSP48E1 (Setup_dsp48e1_CLK_PCIN[0])
                                                     -1.400    10.001    lenet_system_i/lenet_w8a8_top_0/inst/mul_32ns_33ns_64_2_1_U84/dout_reg__0
  -------------------------------------------------------------------
                         required time                         10.001    
                         arrival time                          -8.397    
  -------------------------------------------------------------------
                         slack                                  1.604    

Slack (MET) :             1.604ns  (required time - arrival time)
  Source:                 lenet_system_i/lenet_w8a8_top_0/inst/conv2_acc_V_U/ram2_reg_0/CLKBWRCLK
                            (rising edge-triggered cell RAMB36E1 clocked by clk_fpga_0  {rise@0.000ns fall@5.000ns period=10.000ns})
  Destination:            lenet_system_i/lenet_w8a8_top_0/inst/mul_32ns_33ns_64_2_1_U84/dout_reg__0/PCIN[10]
                            (rising edge-triggered cell DSP48E1 clocked by clk_fpga_0  {rise@0.000ns fall@5.000ns period=10.000ns})
  Path Group:             clk_fpga_0
  Path Type:              Setup (Max at Slow Process Corner)
  Requirement:            10.000ns  (clk_fpga_0 rise@10.000ns - clk_fpga_0 rise@0.000ns)
  Data Path Delay:        6.696ns  (logic 5.042ns (75.294%)  route 1.654ns (24.706%))
  Logic Levels:           2  (DSP48E1=1 LUT3=1)
  Clock Path Skew:        -0.145ns (DCD - SCD + CPR)
    Destination Clock Delay (DCD):    1.505ns = ( 11.505 - 10.000 ) 
    Source Clock Delay      (SCD):    1.700ns
    Clock Pessimism Removal (CPR):    0.050ns
  Clock Uncertainty:      0.154ns  ((TSJ^2 + TIJ^2)^1/2 + DJ) / 2 + PE
    Total System Jitter     (TSJ):    0.071ns
    Total Input Jitter      (TIJ):    0.300ns
    Discrete Jitter          (DJ):    0.000ns
    Phase Error              (PE):    0.000ns

    Location             Delay type                Incr(ns)  Path(ns)    Netlist Resource(s)
  -------------------------------------------------------------------    -------------------
                         (clock clk_fpga_0 rise edge)
                                                      0.000     0.000 r  
    PS7_X0Y0             PS7                          0.000     0.000 r  lenet_system_i/processing_system7_0/inst/PS7_i/FCLKCLK[0]
                         net (fo=1, unplaced)         0.800     0.800    lenet_system_i/processing_system7_0/inst/FCLK_CLK_unbuffered[0]
                         BUFG (Prop_bufg_I_O)         0.101     0.901 r  lenet_system_i/processing_system7_0/inst/buffer_fclk_clk_0.FCLK_CLK_0_BUFG/O
                         net (fo=12511, unplaced)     0.800     1.700    lenet_system_i/lenet_w8a8_top_0/inst/conv2_acc_V_U/ap_clk
                         RAMB36E1                                     r  lenet_system_i/lenet_w8a8_top_0/inst/conv2_acc_V_U/ram2_reg_0/CLKBWRCLK
  -------------------------------------------------------------------    -------------------
                         RAMB36E1 (Prop_ramb36e1_CLKBWRCLK_DOPBDOP[0])
                                                      0.882     2.582 r  lenet_system_i/lenet_w8a8_top_0/inst/conv2_acc_V_U/ram2_reg_0/DOPBDOP[0]
                         net (fo=2, unplaced)         0.800     3.382    lenet_system_i/lenet_w8a8_top_0/inst/conv3_acc_V_U/q3[16]
                         LUT3 (Prop_lut3_I2_O)        0.124     3.506 r  lenet_system_i/lenet_w8a8_top_0/inst/conv3_acc_V_U/tmp_product__0_i_1/O
                         net (fo=1, unplaced)         0.800     4.306    lenet_system_i/lenet_w8a8_top_0/inst/mul_32ns_33ns_64_2_1_U84/grp_fu_1112_p0[16]
                         DSP48E1 (Prop_dsp48e1_A[16]_PCOUT[10])
                                                      4.036     8.342 r  lenet_system_i/lenet_w8a8_top_0/inst/mul_32ns_33ns_64_2_1_U84/tmp_product__0/PCOUT[10]
                         net (fo=1, unplaced)         0.055     8.397    lenet_system_i/lenet_w8a8_top_0/inst/mul_32ns_33ns_64_2_1_U84/tmp_product__0_n_145
                         DSP48E1                                      r  lenet_system_i/lenet_w8a8_top_0/inst/mul_32ns_33ns_64_2_1_U84/dout_reg__0/PCIN[10]
  -------------------------------------------------------------------    -------------------

                         (clock clk_fpga_0 rise edge)
                                                     10.000    10.000 r  
    PS7_X0Y0             PS7                          0.000    10.000 r  lenet_system_i/processing_system7_0/inst/PS7_i/FCLKCLK[0]
                         net (fo=1, unplaced)         0.760    10.760    lenet_system_i/processing_system7_0/inst/FCLK_CLK_unbuffered[0]
                         BUFG (Prop_bufg_I_O)         0.091    10.851 r  lenet_system_i/processing_system7_0/inst/buffer_fclk_clk_0.FCLK_CLK_0_BUFG/O
                         net (fo=12511, unplaced)     0.655    11.505    lenet_system_i/lenet_w8a8_top_0/inst/mul_32ns_33ns_64_2_1_U84/ap_clk
                         DSP48E1                                      r  lenet_system_i/lenet_w8a8_top_0/inst/mul_32ns_33ns_64_2_1_U84/dout_reg__0/CLK
                         clock pessimism              0.050    11.555    
                         clock uncertainty           -0.154    11.401    
                         DSP48E1 (Setup_dsp48e1_CLK_PCIN[10])
                                                     -1.400    10.001    lenet_system_i/lenet_w8a8_top_0/inst/mul_32ns_33ns_64_2_1_U84/dout_reg__0
  -------------------------------------------------------------------
                         required time                         10.001    
                         arrival time                          -8.397    
  -------------------------------------------------------------------
                         slack                                  1.604    





Min Delay Paths
--------------------------------------------------------------------------------------
Slack (MET) :             0.045ns  (arrival time - required time)
  Source:                 lenet_system_i/proc_sys_reset_0/U0/EXT_LPF/ACTIVE_HIGH_EXT.ACT_HI_EXT/GENERATE_LEVEL_P_S_CDC.SINGLE_BIT.CROSS_PLEVEL_IN2SCNDRY_IN_cdc_to/C
                            (rising edge-triggered cell FDRE clocked by clk_fpga_0  {rise@0.000ns fall@5.000ns period=10.000ns})
  Destination:            lenet_system_i/proc_sys_reset_0/U0/EXT_LPF/ACTIVE_HIGH_EXT.ACT_HI_EXT/GENERATE_LEVEL_P_S_CDC.SINGLE_BIT.CROSS_PLEVEL_IN2SCNDRY_s_level_out_d2/D
                            (rising edge-triggered cell FDRE clocked by clk_fpga_0  {rise@0.000ns fall@5.000ns period=10.000ns})
  Path Group:             clk_fpga_0
  Path Type:              Hold (Min at Fast Process Corner)
  Requirement:            0.000ns  (clk_fpga_0 rise@0.000ns - clk_fpga_0 rise@0.000ns)
  Data Path Delay:        0.228ns  (logic 0.147ns (64.493%)  route 0.081ns (35.507%))
  Logic Levels:           0  
  Clock Path Skew:        0.145ns (DCD - SCD - CPR)
    Destination Clock Delay (DCD):    0.739ns
    Source Clock Delay      (SCD):    0.573ns
    Clock Pessimism Removal (CPR):    0.021ns

    Location             Delay type                Incr(ns)  Path(ns)    Netlist Resource(s)
  -------------------------------------------------------------------    -------------------
                         (clock clk_fpga_0 rise edge)
                                                      0.000     0.000 r  
    PS7_X0Y0             PS7                          0.000     0.000 r  lenet_system_i/processing_system7_0/inst/PS7_i/FCLKCLK[0]
                         net (fo=1, unplaced)         0.337     0.337    lenet_system_i/processing_system7_0/inst/FCLK_CLK_unbuffered[0]
                         BUFG (Prop_bufg_I_O)         0.026     0.363 r  lenet_system_i/processing_system7_0/inst/buffer_fclk_clk_0.FCLK_CLK_0_BUFG/O
                         net (fo=12511, unplaced)     0.210     0.573    lenet_system_i/proc_sys_reset_0/U0/EXT_LPF/ACTIVE_HIGH_EXT.ACT_HI_EXT/slowest_sync_clk
                         FDRE                                         r  lenet_system_i/proc_sys_reset_0/U0/EXT_LPF/ACTIVE_HIGH_EXT.ACT_HI_EXT/GENERATE_LEVEL_P_S_CDC.SINGLE_BIT.CROSS_PLEVEL_IN2SCNDRY_IN_cdc_to/C
  -------------------------------------------------------------------    -------------------
                         FDRE (Prop_fdre_C_Q)         0.147     0.720 r  lenet_system_i/proc_sys_reset_0/U0/EXT_LPF/ACTIVE_HIGH_EXT.ACT_HI_EXT/GENERATE_LEVEL_P_S_CDC.SINGLE_BIT.CROSS_PLEVEL_IN2SCNDRY_IN_cdc_to/Q
                         net (fo=1, unplaced)         0.081     0.801    lenet_system_i/proc_sys_reset_0/U0/EXT_LPF/ACTIVE_HIGH_EXT.ACT_HI_EXT/Q
                         FDRE                                         r  lenet_system_i/proc_sys_reset_0/U0/EXT_LPF/ACTIVE_HIGH_EXT.ACT_HI_EXT/GENERATE_LEVEL_P_S_CDC.SINGLE_BIT.CROSS_PLEVEL_IN2SCNDRY_s_level_out_d2/D
  -------------------------------------------------------------------    -------------------

                         (clock clk_fpga_0 rise edge)
                                                      0.000     0.000 r  
    PS7_X0Y0             PS7                          0.000     0.000 r  lenet_system_i/processing_system7_0/inst/PS7_i/FCLKCLK[0]
                         net (fo=1, unplaced)         0.355     0.355    lenet_system_i/processing_system7_0/inst/FCLK_CLK_unbuffered[0]
                         BUFG (Prop_bufg_I_O)         0.029     0.384 r  lenet_system_i/processing_system7_0/inst/buffer_fclk_clk_0.FCLK_CLK_0_BUFG/O
                         net (fo=12511, unplaced)     0.355     0.739    lenet_system_i/proc_sys_reset_0/U0/EXT_LPF/ACTIVE_HIGH_EXT.ACT_HI_EXT/slowest_sync_clk
                         FDRE                                         r  lenet_system_i/proc_sys_reset_0/U0/EXT_LPF/ACTIVE_HIGH_EXT.ACT_HI_EXT/GENERATE_LEVEL_P_S_CDC.SINGLE_BIT.CROSS_PLEVEL_IN2SCNDRY_s_level_out_d2/C
                         clock pessimism             -0.021     0.718    
                         FDRE (Hold_fdre_C_D)         0.038     0.756    lenet_system_i/proc_sys_reset_0/U0/EXT_LPF/ACTIVE_HIGH_EXT.ACT_HI_EXT/GENERATE_LEVEL_P_S_CDC.SINGLE_BIT.CROSS_PLEVEL_IN2SCNDRY_s_level_out_d2
  -------------------------------------------------------------------
                         required time                         -0.756    
                         arrival time                           0.801    
  -------------------------------------------------------------------
                         slack                                  0.045    

Slack (MET) :             0.045ns  (arrival time - required time)
  Source:                 lenet_system_i/proc_sys_reset_0/U0/EXT_LPF/ACTIVE_HIGH_EXT.ACT_HI_EXT/GENERATE_LEVEL_P_S_CDC.SINGLE_BIT.CROSS_PLEVEL_IN2SCNDRY_s_level_out_d2/C
                            (rising edge-triggered cell FDRE clocked by clk_fpga_0  {rise@0.000ns fall@5.000ns period=10.000ns})
  Destination:            lenet_system_i/proc_sys_reset_0/U0/EXT_LPF/ACTIVE_HIGH_EXT.ACT_HI_EXT/GENERATE_LEVEL_P_S_CDC.SINGLE_BIT.CROSS_PLEVEL_IN2SCNDRY_s_level_out_d3/D
                            (rising edge-triggered cell FDRE clocked by clk_fpga_0  {rise@0.000ns fall@5.000ns period=10.000ns})
  Path Group:             clk_fpga_0
  Path Type:              Hold (Min at Fast Process Corner)
  Requirement:            0.000ns  (clk_fpga_0 rise@0.000ns - clk_fpga_0 rise@0.000ns)
  Data Path Delay:        0.228ns  (logic 0.147ns (64.493%)  route 0.081ns (35.507%))
  Logic Levels:           0  
  Clock Path Skew:        0.145ns (DCD - SCD - CPR)
    Destination Clock Delay (DCD):    0.739ns
    Source Clock Delay      (SCD):    0.573ns
    Clock Pessimism Removal (CPR):    0.021ns

    Location             Delay type                Incr(ns)  Path(ns)    Netlist Resource(s)
  -------------------------------------------------------------------    -------------------
                         (clock clk_fpga_0 rise edge)
                                                      0.000     0.000 r  
    PS7_X0Y0             PS7                          0.000     0.000 r  lenet_system_i/processing_system7_0/inst/PS7_i/FCLKCLK[0]
                         net (fo=1, unplaced)         0.337     0.337    lenet_system_i/processing_system7_0/inst/FCLK_CLK_unbuffered[0]
                         BUFG (Prop_bufg_I_O)         0.026     0.363 r  lenet_system_i/processing_system7_0/inst/buffer_fclk_clk_0.FCLK_CLK_0_BUFG/O
                         net (fo=12511, unplaced)     0.210     0.573    lenet_system_i/proc_sys_reset_0/U0/EXT_LPF/ACTIVE_HIGH_EXT.ACT_HI_EXT/slowest_sync_clk
                         FDRE                                         r  lenet_system_i/proc_sys_reset_0/U0/EXT_LPF/ACTIVE_HIGH_EXT.ACT_HI_EXT/GENERATE_LEVEL_P_S_CDC.SINGLE_BIT.CROSS_PLEVEL_IN2SCNDRY_s_level_out_d2/C
  -------------------------------------------------------------------    -------------------
                         FDRE (Prop_fdre_C_Q)         0.147     0.720 r  lenet_system_i/proc_sys_reset_0/U0/EXT_LPF/ACTIVE_HIGH_EXT.ACT_HI_EXT/GENERATE_LEVEL_P_S_CDC.SINGLE_BIT.CROSS_PLEVEL_IN2SCNDRY_s_level_out_d2/Q
                         net (fo=1, unplaced)         0.081     0.801    lenet_system_i/proc_sys_reset_0/U0/EXT_LPF/ACTIVE_HIGH_EXT.ACT_HI_EXT/GENERATE_LEVEL_P_S_CDC.SINGLE_BIT.s_level_out_d2
                         FDRE                                         r  lenet_system_i/proc_sys_reset_0/U0/EXT_LPF/ACTIVE_HIGH_EXT.ACT_HI_EXT/GENERATE_LEVEL_P_S_CDC.SINGLE_BIT.CROSS_PLEVEL_IN2SCNDRY_s_level_out_d3/D
  -------------------------------------------------------------------    -------------------

                         (clock clk_fpga_0 rise edge)
                                                      0.000     0.000 r  
    PS7_X0Y0             PS7                          0.000     0.000 r  lenet_system_i/processing_system7_0/inst/PS7_i/FCLKCLK[0]
                         net (fo=1, unplaced)         0.355     0.355    lenet_system_i/processing_system7_0/inst/FCLK_CLK_unbuffered[0]
                         BUFG (Prop_bufg_I_O)         0.029     0.384 r  lenet_system_i/processing_system7_0/inst/buffer_fclk_clk_0.FCLK_CLK_0_BUFG/O
                         net (fo=12511, unplaced)     0.355     0.739    lenet_system_i/proc_sys_reset_0/U0/EXT_LPF/ACTIVE_HIGH_EXT.ACT_HI_EXT/slowest_sync_clk
                         FDRE                                         r  lenet_system_i/proc_sys_reset_0/U0/EXT_LPF/ACTIVE_HIGH_EXT.ACT_HI_EXT/GENERATE_LEVEL_P_S_CDC.SINGLE_BIT.CROSS_PLEVEL_IN2SCNDRY_s_level_out_d3/C
                         clock pessimism             -0.021     0.718    
                         FDRE (Hold_fdre_C_D)         0.038     0.756    lenet_system_i/proc_sys_reset_0/U0/EXT_LPF/ACTIVE_HIGH_EXT.ACT_HI_EXT/GENERATE_LEVEL_P_S_CDC.SINGLE_BIT.CROSS_PLEVEL_IN2SCNDRY_s_level_out_d3
  -------------------------------------------------------------------
                         required time                         -0.756    
                         arrival time                           0.801    
  -------------------------------------------------------------------
                         slack                                  0.045    

Slack (MET) :             0.045ns  (arrival time - required time)
  Source:                 lenet_system_i/proc_sys_reset_0/U0/EXT_LPF/ACTIVE_HIGH_EXT.ACT_HI_EXT/GENERATE_LEVEL_P_S_CDC.SINGLE_BIT.CROSS_PLEVEL_IN2SCNDRY_s_level_out_d3/C
                            (rising edge-triggered cell FDRE clocked by clk_fpga_0  {rise@0.000ns fall@5.000ns period=10.000ns})
  Destination:            lenet_system_i/proc_sys_reset_0/U0/EXT_LPF/ACTIVE_HIGH_EXT.ACT_HI_EXT/GENERATE_LEVEL_P_S_CDC.SINGLE_BIT.CROSS_PLEVEL_IN2SCNDRY_s_level_out_d4/D
                            (rising edge-triggered cell FDRE clocked by clk_fpga_0  {rise@0.000ns fall@5.000ns period=10.000ns})
  Path Group:             clk_fpga_0
  Path Type:              Hold (Min at Fast Process Corner)
  Requirement:            0.000ns  (clk_fpga_0 rise@0.000ns - clk_fpga_0 rise@0.000ns)
  Data Path Delay:        0.228ns  (logic 0.147ns (64.493%)  route 0.081ns (35.507%))
  Logic Levels:           0  
  Clock Path Skew:        0.145ns (DCD - SCD - CPR)
    Destination Clock Delay (DCD):    0.739ns
    Source Clock Delay      (SCD):    0.573ns
    Clock Pessimism Removal (CPR):    0.021ns

    Location             Delay type                Incr(ns)  Path(ns)    Netlist Resource(s)
  -------------------------------------------------------------------    -------------------
                         (clock clk_fpga_0 rise edge)
                                                      0.000     0.000 r  
    PS7_X0Y0             PS7                          0.000     0.000 r  lenet_system_i/processing_system7_0/inst/PS7_i/FCLKCLK[0]
                         net (fo=1, unplaced)         0.337     0.337    lenet_system_i/processing_system7_0/inst/FCLK_CLK_unbuffered[0]
                         BUFG (Prop_bufg_I_O)         0.026     0.363 r  lenet_system_i/processing_system7_0/inst/buffer_fclk_clk_0.FCLK_CLK_0_BUFG/O
                         net (fo=12511, unplaced)     0.210     0.573    lenet_system_i/proc_sys_reset_0/U0/EXT_LPF/ACTIVE_HIGH_EXT.ACT_HI_EXT/slowest_sync_clk
                         FDRE                                         r  lenet_system_i/proc_sys_reset_0/U0/EXT_LPF/ACTIVE_HIGH_EXT.ACT_HI_EXT/GENERATE_LEVEL_P_S_CDC.SINGLE_BIT.CROSS_PLEVEL_IN2SCNDRY_s_level_out_d3/C
  -------------------------------------------------------------------    -------------------
                         FDRE (Prop_fdre_C_Q)         0.147     0.720 r  lenet_system_i/proc_sys_reset_0/U0/EXT_LPF/ACTIVE_HIGH_EXT.ACT_HI_EXT/GENERATE_LEVEL_P_S_CDC.SINGLE_BIT.CROSS_PLEVEL_IN2SCNDRY_s_level_out_d3/Q
                         net (fo=1, unplaced)         0.081     0.801    lenet_system_i/proc_sys_reset_0/U0/EXT_LPF/ACTIVE_HIGH_EXT.ACT_HI_EXT/GENERATE_LEVEL_P_S_CDC.SINGLE_BIT.s_level_out_d3
                         FDRE                                         r  lenet_system_i/proc_sys_reset_0/U0/EXT_LPF/ACTIVE_HIGH_EXT.ACT_HI_EXT/GENERATE_LEVEL_P_S_CDC.SINGLE_BIT.CROSS_PLEVEL_IN2SCNDRY_s_level_out_d4/D
  -------------------------------------------------------------------    -------------------

                         (clock clk_fpga_0 rise edge)
                                                      0.000     0.000 r  
    PS7_X0Y0             PS7                          0.000     0.000 r  lenet_system_i/processing_system7_0/inst/PS7_i/FCLKCLK[0]
                         net (fo=1, unplaced)         0.355     0.355    lenet_system_i/processing_system7_0/inst/FCLK_CLK_unbuffered[0]
                         BUFG (Prop_bufg_I_O)         0.029     0.384 r  lenet_system_i/processing_system7_0/inst/buffer_fclk_clk_0.FCLK_CLK_0_BUFG/O
                         net (fo=12511, unplaced)     0.355     0.739    lenet_system_i/proc_sys_reset_0/U0/EXT_LPF/ACTIVE_HIGH_EXT.ACT_HI_EXT/slowest_sync_clk
                         FDRE                                         r  lenet_system_i/proc_sys_reset_0/U0/EXT_LPF/ACTIVE_HIGH_EXT.ACT_HI_EXT/GENERATE_LEVEL_P_S_CDC.SINGLE_BIT.CROSS_PLEVEL_IN2SCNDRY_s_level_out_d4/C
                         clock pessimism             -0.021     0.718    
                         FDRE (Hold_fdre_C_D)         0.038     0.756    lenet_system_i/proc_sys_reset_0/U0/EXT_LPF/ACTIVE_HIGH_EXT.ACT_HI_EXT/GENERATE_LEVEL_P_S_CDC.SINGLE_BIT.CROSS_PLEVEL_IN2SCNDRY_s_level_out_d4
  -------------------------------------------------------------------
                         required time                         -0.756    
                         arrival time                           0.801    
  -------------------------------------------------------------------
                         slack                                  0.045    

Slack (MET) :             0.045ns  (arrival time - required time)
  Source:                 lenet_system_i/proc_sys_reset_0/U0/EXT_LPF/ACTIVE_LOW_AUX.ACT_LO_AUX/GENERATE_LEVEL_P_S_CDC.SINGLE_BIT.CROSS_PLEVEL_IN2SCNDRY_IN_cdc_to/C
                            (rising edge-triggered cell FDRE clocked by clk_fpga_0  {rise@0.000ns fall@5.000ns period=10.000ns})
  Destination:            lenet_system_i/proc_sys_reset_0/U0/EXT_LPF/ACTIVE_LOW_AUX.ACT_LO_AUX/GENERATE_LEVEL_P_S_CDC.SINGLE_BIT.CROSS_PLEVEL_IN2SCNDRY_s_level_out_d2/D
                            (rising edge-triggered cell FDRE clocked by clk_fpga_0  {rise@0.000ns fall@5.000ns period=10.000ns})
  Path Group:             clk_fpga_0
  Path Type:              Hold (Min at Fast Process Corner)
  Requirement:            0.000ns  (clk_fpga_0 rise@0.000ns - clk_fpga_0 rise@0.000ns)
  Data Path Delay:        0.228ns  (logic 0.147ns (64.493%)  route 0.081ns (35.507%))
  Logic Levels:           0  
  Clock Path Skew:        0.145ns (DCD - SCD - CPR)
    Destination Clock Delay (DCD):    0.739ns
    Source Clock Delay      (SCD):    0.573ns
    Clock Pessimism Removal (CPR):    0.021ns

    Location             Delay type                Incr(ns)  Path(ns)    Netlist Resource(s)
  -------------------------------------------------------------------    -------------------
                         (clock clk_fpga_0 rise edge)
                                                      0.000     0.000 r  
    PS7_X0Y0             PS7                          0.000     0.000 r  lenet_system_i/processing_system7_0/inst/PS7_i/FCLKCLK[0]
                         net (fo=1, unplaced)         0.337     0.337    lenet_system_i/processing_system7_0/inst/FCLK_CLK_unbuffered[0]
                         BUFG (Prop_bufg_I_O)         0.026     0.363 r  lenet_system_i/processing_system7_0/inst/buffer_fclk_clk_0.FCLK_CLK_0_BUFG/O
                         net (fo=12511, unplaced)     0.210     0.573    lenet_system_i/proc_sys_reset_0/U0/EXT_LPF/ACTIVE_LOW_AUX.ACT_LO_AUX/slowest_sync_clk
                         FDRE                                         r  lenet_system_i/proc_sys_reset_0/U0/EXT_LPF/ACTIVE_LOW_AUX.ACT_LO_AUX/GENERATE_LEVEL_P_S_CDC.SINGLE_BIT.CROSS_PLEVEL_IN2SCNDRY_IN_cdc_to/C
  -------------------------------------------------------------------    -------------------
                         FDRE (Prop_fdre_C_Q)         0.147     0.720 r  lenet_system_i/proc_sys_reset_0/U0/EXT_LPF/ACTIVE_LOW_AUX.ACT_LO_AUX/GENERATE_LEVEL_P_S_CDC.SINGLE_BIT.CROSS_PLEVEL_IN2SCNDRY_IN_cdc_to/Q
                         net (fo=1, unplaced)         0.081     0.801    lenet_system_i/proc_sys_reset_0/U0/EXT_LPF/ACTIVE_LOW_AUX.ACT_LO_AUX/Q
                         FDRE                                         r  lenet_system_i/proc_sys_reset_0/U0/EXT_LPF/ACTIVE_LOW_AUX.ACT_LO_AUX/GENERATE_LEVEL_P_S_CDC.SINGLE_BIT.CROSS_PLEVEL_IN2SCNDRY_s_level_out_d2/D
  -------------------------------------------------------------------    -------------------

                         (clock clk_fpga_0 rise edge)
                                                      0.000     0.000 r  
    PS7_X0Y0             PS7                          0.000     0.000 r  lenet_system_i/processing_system7_0/inst/PS7_i/FCLKCLK[0]
                         net (fo=1, unplaced)         0.355     0.355    lenet_system_i/processing_system7_0/inst/FCLK_CLK_unbuffered[0]
                         BUFG (Prop_bufg_I_O)         0.029     0.384 r  lenet_system_i/processing_system7_0/inst/buffer_fclk_clk_0.FCLK_CLK_0_BUFG/O
                         net (fo=12511, unplaced)     0.355     0.739    lenet_system_i/proc_sys_reset_0/U0/EXT_LPF/ACTIVE_LOW_AUX.ACT_LO_AUX/slowest_sync_clk
                         FDRE                                         r  lenet_system_i/proc_sys_reset_0/U0/EXT_LPF/ACTIVE_LOW_AUX.ACT_LO_AUX/GENERATE_LEVEL_P_S_CDC.SINGLE_BIT.CROSS_PLEVEL_IN2SCNDRY_s_level_out_d2/C
                         clock pessimism             -0.021     0.718    
                         FDRE (Hold_fdre_C_D)         0.038     0.756    lenet_system_i/proc_sys_reset_0/U0/EXT_LPF/ACTIVE_LOW_AUX.ACT_LO_AUX/GENERATE_LEVEL_P_S_CDC.SINGLE_BIT.CROSS_PLEVEL_IN2SCNDRY_s_level_out_d2
  -------------------------------------------------------------------
                         required time                         -0.756    
                         arrival time                           0.801    
  -------------------------------------------------------------------
                         slack                                  0.045    

Slack (MET) :             0.045ns  (arrival time - required time)
  Source:                 lenet_system_i/proc_sys_reset_0/U0/EXT_LPF/ACTIVE_LOW_AUX.ACT_LO_AUX/GENERATE_LEVEL_P_S_CDC.SINGLE_BIT.CROSS_PLEVEL_IN2SCNDRY_s_level_out_d2/C
                            (rising edge-triggered cell FDRE clocked by clk_fpga_0  {rise@0.000ns fall@5.000ns period=10.000ns})
  Destination:            lenet_system_i/proc_sys_reset_0/U0/EXT_LPF/ACTIVE_LOW_AUX.ACT_LO_AUX/GENERATE_LEVEL_P_S_CDC.SINGLE_BIT.CROSS_PLEVEL_IN2SCNDRY_s_level_out_d3/D
                            (rising edge-triggered cell FDRE clocked by clk_fpga_0  {rise@0.000ns fall@5.000ns period=10.000ns})
  Path Group:             clk_fpga_0
  Path Type:              Hold (Min at Fast Process Corner)
  Requirement:            0.000ns  (clk_fpga_0 rise@0.000ns - clk_fpga_0 rise@0.000ns)
  Data Path Delay:        0.228ns  (logic 0.147ns (64.493%)  route 0.081ns (35.507%))
  Logic Levels:           0  
  Clock Path Skew:        0.145ns (DCD - SCD - CPR)
    Destination Clock Delay (DCD):    0.739ns
    Source Clock Delay      (SCD):    0.573ns
    Clock Pessimism Removal (CPR):    0.021ns

    Location             Delay type                Incr(ns)  Path(ns)    Netlist Resource(s)
  -------------------------------------------------------------------    -------------------
                         (clock clk_fpga_0 rise edge)
                                                      0.000     0.000 r  
    PS7_X0Y0             PS7                          0.000     0.000 r  lenet_system_i/processing_system7_0/inst/PS7_i/FCLKCLK[0]
                         net (fo=1, unplaced)         0.337     0.337    lenet_system_i/processing_system7_0/inst/FCLK_CLK_unbuffered[0]
                         BUFG (Prop_bufg_I_O)         0.026     0.363 r  lenet_system_i/processing_system7_0/inst/buffer_fclk_clk_0.FCLK_CLK_0_BUFG/O
                         net (fo=12511, unplaced)     0.210     0.573    lenet_system_i/proc_sys_reset_0/U0/EXT_LPF/ACTIVE_LOW_AUX.ACT_LO_AUX/slowest_sync_clk
                         FDRE                                         r  lenet_system_i/proc_sys_reset_0/U0/EXT_LPF/ACTIVE_LOW_AUX.ACT_LO_AUX/GENERATE_LEVEL_P_S_CDC.SINGLE_BIT.CROSS_PLEVEL_IN2SCNDRY_s_level_out_d2/C
  -------------------------------------------------------------------    -------------------
                         FDRE (Prop_fdre_C_Q)         0.147     0.720 r  lenet_system_i/proc_sys_reset_0/U0/EXT_LPF/ACTIVE_LOW_AUX.ACT_LO_AUX/GENERATE_LEVEL_P_S_CDC.SINGLE_BIT.CROSS_PLEVEL_IN2SCNDRY_s_level_out_d2/Q
                         net (fo=1, unplaced)         0.081     0.801    lenet_system_i/proc_sys_reset_0/U0/EXT_LPF/ACTIVE_LOW_AUX.ACT_LO_AUX/GENERATE_LEVEL_P_S_CDC.SINGLE_BIT.s_level_out_d2
                         FDRE                                         r  lenet_system_i/proc_sys_reset_0/U0/EXT_LPF/ACTIVE_LOW_AUX.ACT_LO_AUX/GENERATE_LEVEL_P_S_CDC.SINGLE_BIT.CROSS_PLEVEL_IN2SCNDRY_s_level_out_d3/D
  -------------------------------------------------------------------    -------------------

                         (clock clk_fpga_0 rise edge)
                                                      0.000     0.000 r  
    PS7_X0Y0             PS7                          0.000     0.000 r  lenet_system_i/processing_system7_0/inst/PS7_i/FCLKCLK[0]
                         net (fo=1, unplaced)         0.355     0.355    lenet_system_i/processing_system7_0/inst/FCLK_CLK_unbuffered[0]
                         BUFG (Prop_bufg_I_O)         0.029     0.384 r  lenet_system_i/processing_system7_0/inst/buffer_fclk_clk_0.FCLK_CLK_0_BUFG/O
                         net (fo=12511, unplaced)     0.355     0.739    lenet_system_i/proc_sys_reset_0/U0/EXT_LPF/ACTIVE_LOW_AUX.ACT_LO_AUX/slowest_sync_clk
                         FDRE                                         r  lenet_system_i/proc_sys_reset_0/U0/EXT_LPF/ACTIVE_LOW_AUX.ACT_LO_AUX/GENERATE_LEVEL_P_S_CDC.SINGLE_BIT.CROSS_PLEVEL_IN2SCNDRY_s_level_out_d3/C
                         clock pessimism             -0.021     0.718    
                         FDRE (Hold_fdre_C_D)         0.038     0.756    lenet_system_i/proc_sys_reset_0/U0/EXT_LPF/ACTIVE_LOW_AUX.ACT_LO_AUX/GENERATE_LEVEL_P_S_CDC.SINGLE_BIT.CROSS_PLEVEL_IN2SCNDRY_s_level_out_d3
  -------------------------------------------------------------------
                         required time                         -0.756    
                         arrival time                           0.801    
  -------------------------------------------------------------------
                         slack                                  0.045    

Slack (MET) :             0.045ns  (arrival time - required time)
  Source:                 lenet_system_i/proc_sys_reset_0/U0/EXT_LPF/ACTIVE_LOW_AUX.ACT_LO_AUX/GENERATE_LEVEL_P_S_CDC.SINGLE_BIT.CROSS_PLEVEL_IN2SCNDRY_s_level_out_d3/C
                            (rising edge-triggered cell FDRE clocked by clk_fpga_0  {rise@0.000ns fall@5.000ns period=10.000ns})
  Destination:            lenet_system_i/proc_sys_reset_0/U0/EXT_LPF/ACTIVE_LOW_AUX.ACT_LO_AUX/GENERATE_LEVEL_P_S_CDC.SINGLE_BIT.CROSS_PLEVEL_IN2SCNDRY_s_level_out_d4/D
                            (rising edge-triggered cell FDRE clocked by clk_fpga_0  {rise@0.000ns fall@5.000ns period=10.000ns})
  Path Group:             clk_fpga_0
  Path Type:              Hold (Min at Fast Process Corner)
  Requirement:            0.000ns  (clk_fpga_0 rise@0.000ns - clk_fpga_0 rise@0.000ns)
  Data Path Delay:        0.228ns  (logic 0.147ns (64.493%)  route 0.081ns (35.507%))
  Logic Levels:           0  
  Clock Path Skew:        0.145ns (DCD - SCD - CPR)
    Destination Clock Delay (DCD):    0.739ns
    Source Clock Delay      (SCD):    0.573ns
    Clock Pessimism Removal (CPR):    0.021ns

    Location             Delay type                Incr(ns)  Path(ns)    Netlist Resource(s)
  -------------------------------------------------------------------    -------------------
                         (clock clk_fpga_0 rise edge)
                                                      0.000     0.000 r  
    PS7_X0Y0             PS7                          0.000     0.000 r  lenet_system_i/processing_system7_0/inst/PS7_i/FCLKCLK[0]
                         net (fo=1, unplaced)         0.337     0.337    lenet_system_i/processing_system7_0/inst/FCLK_CLK_unbuffered[0]
                         BUFG (Prop_bufg_I_O)         0.026     0.363 r  lenet_system_i/processing_system7_0/inst/buffer_fclk_clk_0.FCLK_CLK_0_BUFG/O
                         net (fo=12511, unplaced)     0.210     0.573    lenet_system_i/proc_sys_reset_0/U0/EXT_LPF/ACTIVE_LOW_AUX.ACT_LO_AUX/slowest_sync_clk
                         FDRE                                         r  lenet_system_i/proc_sys_reset_0/U0/EXT_LPF/ACTIVE_LOW_AUX.ACT_LO_AUX/GENERATE_LEVEL_P_S_CDC.SINGLE_BIT.CROSS_PLEVEL_IN2SCNDRY_s_level_out_d3/C
  -------------------------------------------------------------------    -------------------
                         FDRE (Prop_fdre_C_Q)         0.147     0.720 r  lenet_system_i/proc_sys_reset_0/U0/EXT_LPF/ACTIVE_LOW_AUX.ACT_LO_AUX/GENERATE_LEVEL_P_S_CDC.SINGLE_BIT.CROSS_PLEVEL_IN2SCNDRY_s_level_out_d3/Q
                         net (fo=1, unplaced)         0.081     0.801    lenet_system_i/proc_sys_reset_0/U0/EXT_LPF/ACTIVE_LOW_AUX.ACT_LO_AUX/GENERATE_LEVEL_P_S_CDC.SINGLE_BIT.s_level_out_d3
                         FDRE                                         r  lenet_system_i/proc_sys_reset_0/U0/EXT_LPF/ACTIVE_LOW_AUX.ACT_LO_AUX/GENERATE_LEVEL_P_S_CDC.SINGLE_BIT.CROSS_PLEVEL_IN2SCNDRY_s_level_out_d4/D
  -------------------------------------------------------------------    -------------------

                         (clock clk_fpga_0 rise edge)
                                                      0.000     0.000 r  
    PS7_X0Y0             PS7                          0.000     0.000 r  lenet_system_i/processing_system7_0/inst/PS7_i/FCLKCLK[0]
                         net (fo=1, unplaced)         0.355     0.355    lenet_system_i/processing_system7_0/inst/FCLK_CLK_unbuffered[0]
                         BUFG (Prop_bufg_I_O)         0.029     0.384 r  lenet_system_i/processing_system7_0/inst/buffer_fclk_clk_0.FCLK_CLK_0_BUFG/O
                         net (fo=12511, unplaced)     0.355     0.739    lenet_system_i/proc_sys_reset_0/U0/EXT_LPF/ACTIVE_LOW_AUX.ACT_LO_AUX/slowest_sync_clk
                         FDRE                                         r  lenet_system_i/proc_sys_reset_0/U0/EXT_LPF/ACTIVE_LOW_AUX.ACT_LO_AUX/GENERATE_LEVEL_P_S_CDC.SINGLE_BIT.CROSS_PLEVEL_IN2SCNDRY_s_level_out_d4/C
                         clock pessimism             -0.021     0.718    
                         FDRE (Hold_fdre_C_D)         0.038     0.756    lenet_system_i/proc_sys_reset_0/U0/EXT_LPF/ACTIVE_LOW_AUX.ACT_LO_AUX/GENERATE_LEVEL_P_S_CDC.SINGLE_BIT.CROSS_PLEVEL_IN2SCNDRY_s_level_out_d4
  -------------------------------------------------------------------
                         required time                         -0.756    
                         arrival time                           0.801    
  -------------------------------------------------------------------
                         slack                                  0.045    

Slack (MET) :             0.045ns  (arrival time - required time)
  Source:                 lenet_system_i/smartconnect_0/inst/clk_map/psr_aclk/U0/EXT_LPF/ACTIVE_LOW_AUX.ACT_LO_AUX/GENERATE_LEVEL_P_S_CDC.SINGLE_BIT.CROSS_PLEVEL_IN2SCNDRY_IN_cdc_to/C
                            (rising edge-triggered cell FDRE clocked by clk_fpga_0  {rise@0.000ns fall@5.000ns period=10.000ns})
  Destination:            lenet_system_i/smartconnect_0/inst/clk_map/psr_aclk/U0/EXT_LPF/ACTIVE_LOW_AUX.ACT_LO_AUX/GENERATE_LEVEL_P_S_CDC.SINGLE_BIT.CROSS_PLEVEL_IN2SCNDRY_s_level_out_d2/D
                            (rising edge-triggered cell FDRE clocked by clk_fpga_0  {rise@0.000ns fall@5.000ns period=10.000ns})
  Path Group:             clk_fpga_0
  Path Type:              Hold (Min at Fast Process Corner)
  Requirement:            0.000ns  (clk_fpga_0 rise@0.000ns - clk_fpga_0 rise@0.000ns)
  Data Path Delay:        0.228ns  (logic 0.147ns (64.493%)  route 0.081ns (35.507%))
  Logic Levels:           0  
  Clock Path Skew:        0.145ns (DCD - SCD - CPR)
    Destination Clock Delay (DCD):    0.739ns
    Source Clock Delay      (SCD):    0.573ns
    Clock Pessimism Removal (CPR):    0.021ns

    Location             Delay type                Incr(ns)  Path(ns)    Netlist Resource(s)
  -------------------------------------------------------------------    -------------------
                         (clock clk_fpga_0 rise edge)
                                                      0.000     0.000 r  
    PS7_X0Y0             PS7                          0.000     0.000 r  lenet_system_i/processing_system7_0/inst/PS7_i/FCLKCLK[0]
                         net (fo=1, unplaced)         0.337     0.337    lenet_system_i/processing_system7_0/inst/FCLK_CLK_unbuffered[0]
                         BUFG (Prop_bufg_I_O)         0.026     0.363 r  lenet_system_i/processing_system7_0/inst/buffer_fclk_clk_0.FCLK_CLK_0_BUFG/O
                         net (fo=12511, unplaced)     0.210     0.573    lenet_system_i/smartconnect_0/inst/clk_map/psr_aclk/U0/EXT_LPF/ACTIVE_LOW_AUX.ACT_LO_AUX/aclk
                         FDRE                                         r  lenet_system_i/smartconnect_0/inst/clk_map/psr_aclk/U0/EXT_LPF/ACTIVE_LOW_AUX.ACT_LO_AUX/GENERATE_LEVEL_P_S_CDC.SINGLE_BIT.CROSS_PLEVEL_IN2SCNDRY_IN_cdc_to/C
  -------------------------------------------------------------------    -------------------
                         FDRE (Prop_fdre_C_Q)         0.147     0.720 r  lenet_system_i/smartconnect_0/inst/clk_map/psr_aclk/U0/EXT_LPF/ACTIVE_LOW_AUX.ACT_LO_AUX/GENERATE_LEVEL_P_S_CDC.SINGLE_BIT.CROSS_PLEVEL_IN2SCNDRY_IN_cdc_to/Q
                         net (fo=1, unplaced)         0.081     0.801    lenet_system_i/smartconnect_0/inst/clk_map/psr_aclk/U0/EXT_LPF/ACTIVE_LOW_AUX.ACT_LO_AUX/Q
                         FDRE                                         r  lenet_system_i/smartconnect_0/inst/clk_map/psr_aclk/U0/EXT_LPF/ACTIVE_LOW_AUX.ACT_LO_AUX/GENERATE_LEVEL_P_S_CDC.SINGLE_BIT.CROSS_PLEVEL_IN2SCNDRY_s_level_out_d2/D
  -------------------------------------------------------------------    -------------------

                         (clock clk_fpga_0 rise edge)
                                                      0.000     0.000 r  
    PS7_X0Y0             PS7                          0.000     0.000 r  lenet_system_i/processing_system7_0/inst/PS7_i/FCLKCLK[0]
                         net (fo=1, unplaced)         0.355     0.355    lenet_system_i/processing_system7_0/inst/FCLK_CLK_unbuffered[0]
                         BUFG (Prop_bufg_I_O)         0.029     0.384 r  lenet_system_i/processing_system7_0/inst/buffer_fclk_clk_0.FCLK_CLK_0_BUFG/O
                         net (fo=12511, unplaced)     0.355     0.739    lenet_system_i/smartconnect_0/inst/clk_map/psr_aclk/U0/EXT_LPF/ACTIVE_LOW_AUX.ACT_LO_AUX/aclk
                         FDRE                                         r  lenet_system_i/smartconnect_0/inst/clk_map/psr_aclk/U0/EXT_LPF/ACTIVE_LOW_AUX.ACT_LO_AUX/GENERATE_LEVEL_P_S_CDC.SINGLE_BIT.CROSS_PLEVEL_IN2SCNDRY_s_level_out_d2/C
                         clock pessimism             -0.021     0.718    
                         FDRE (Hold_fdre_C_D)         0.038     0.756    lenet_system_i/smartconnect_0/inst/clk_map/psr_aclk/U0/EXT_LPF/ACTIVE_LOW_AUX.ACT_LO_AUX/GENERATE_LEVEL_P_S_CDC.SINGLE_BIT.CROSS_PLEVEL_IN2SCNDRY_s_level_out_d2
  -------------------------------------------------------------------
                         required time                         -0.756    
                         arrival time                           0.801    
  -------------------------------------------------------------------
                         slack                                  0.045    

Slack (MET) :             0.045ns  (arrival time - required time)
  Source:                 lenet_system_i/smartconnect_0/inst/clk_map/psr_aclk/U0/EXT_LPF/ACTIVE_LOW_AUX.ACT_LO_AUX/GENERATE_LEVEL_P_S_CDC.SINGLE_BIT.CROSS_PLEVEL_IN2SCNDRY_s_level_out_d2/C
                            (rising edge-triggered cell FDRE clocked by clk_fpga_0  {rise@0.000ns fall@5.000ns period=10.000ns})
  Destination:            lenet_system_i/smartconnect_0/inst/clk_map/psr_aclk/U0/EXT_LPF/ACTIVE_LOW_AUX.ACT_LO_AUX/GENERATE_LEVEL_P_S_CDC.SINGLE_BIT.CROSS_PLEVEL_IN2SCNDRY_s_level_out_d3/D
                            (rising edge-triggered cell FDRE clocked by clk_fpga_0  {rise@0.000ns fall@5.000ns period=10.000ns})
  Path Group:             clk_fpga_0
  Path Type:              Hold (Min at Fast Process Corner)
  Requirement:            0.000ns  (clk_fpga_0 rise@0.000ns - clk_fpga_0 rise@0.000ns)
  Data Path Delay:        0.228ns  (logic 0.147ns (64.493%)  route 0.081ns (35.507%))
  Logic Levels:           0  
  Clock Path Skew:        0.145ns (DCD - SCD - CPR)
    Destination Clock Delay (DCD):    0.739ns
    Source Clock Delay      (SCD):    0.573ns
    Clock Pessimism Removal (CPR):    0.021ns

    Location             Delay type                Incr(ns)  Path(ns)    Netlist Resource(s)
  -------------------------------------------------------------------    -------------------
                         (clock clk_fpga_0 rise edge)
                                                      0.000     0.000 r  
    PS7_X0Y0             PS7                          0.000     0.000 r  lenet_system_i/processing_system7_0/inst/PS7_i/FCLKCLK[0]
                         net (fo=1, unplaced)         0.337     0.337    lenet_system_i/processing_system7_0/inst/FCLK_CLK_unbuffered[0]
                         BUFG (Prop_bufg_I_O)         0.026     0.363 r  lenet_system_i/processing_system7_0/inst/buffer_fclk_clk_0.FCLK_CLK_0_BUFG/O
                         net (fo=12511, unplaced)     0.210     0.573    lenet_system_i/smartconnect_0/inst/clk_map/psr_aclk/U0/EXT_LPF/ACTIVE_LOW_AUX.ACT_LO_AUX/aclk
                         FDRE                                         r  lenet_system_i/smartconnect_0/inst/clk_map/psr_aclk/U0/EXT_LPF/ACTIVE_LOW_AUX.ACT_LO_AUX/GENERATE_LEVEL_P_S_CDC.SINGLE_BIT.CROSS_PLEVEL_IN2SCNDRY_s_level_out_d2/C
  -------------------------------------------------------------------    -------------------
                         FDRE (Prop_fdre_C_Q)         0.147     0.720 r  lenet_system_i/smartconnect_0/inst/clk_map/psr_aclk/U0/EXT_LPF/ACTIVE_LOW_AUX.ACT_LO_AUX/GENERATE_LEVEL_P_S_CDC.SINGLE_BIT.CROSS_PLEVEL_IN2SCNDRY_s_level_out_d2/Q
                         net (fo=1, unplaced)         0.081     0.801    lenet_system_i/smartconnect_0/inst/clk_map/psr_aclk/U0/EXT_LPF/ACTIVE_LOW_AUX.ACT_LO_AUX/GENERATE_LEVEL_P_S_CDC.SINGLE_BIT.s_level_out_d2
                         FDRE                                         r  lenet_system_i/smartconnect_0/inst/clk_map/psr_aclk/U0/EXT_LPF/ACTIVE_LOW_AUX.ACT_LO_AUX/GENERATE_LEVEL_P_S_CDC.SINGLE_BIT.CROSS_PLEVEL_IN2SCNDRY_s_level_out_d3/D
  -------------------------------------------------------------------    -------------------

                         (clock clk_fpga_0 rise edge)
                                                      0.000     0.000 r  
    PS7_X0Y0             PS7                          0.000     0.000 r  lenet_system_i/processing_system7_0/inst/PS7_i/FCLKCLK[0]
                         net (fo=1, unplaced)         0.355     0.355    lenet_system_i/processing_system7_0/inst/FCLK_CLK_unbuffered[0]
                         BUFG (Prop_bufg_I_O)         0.029     0.384 r  lenet_system_i/processing_system7_0/inst/buffer_fclk_clk_0.FCLK_CLK_0_BUFG/O
                         net (fo=12511, unplaced)     0.355     0.739    lenet_system_i/smartconnect_0/inst/clk_map/psr_aclk/U0/EXT_LPF/ACTIVE_LOW_AUX.ACT_LO_AUX/aclk
                         FDRE                                         r  lenet_system_i/smartconnect_0/inst/clk_map/psr_aclk/U0/EXT_LPF/ACTIVE_LOW_AUX.ACT_LO_AUX/GENERATE_LEVEL_P_S_CDC.SINGLE_BIT.CROSS_PLEVEL_IN2SCNDRY_s_level_out_d3/C
                         clock pessimism             -0.021     0.718    
                         FDRE (Hold_fdre_C_D)         0.038     0.756    lenet_system_i/smartconnect_0/inst/clk_map/psr_aclk/U0/EXT_LPF/ACTIVE_LOW_AUX.ACT_LO_AUX/GENERATE_LEVEL_P_S_CDC.SINGLE_BIT.CROSS_PLEVEL_IN2SCNDRY_s_level_out_d3
  -------------------------------------------------------------------
                         required time                         -0.756    
                         arrival time                           0.801    
  -------------------------------------------------------------------
                         slack                                  0.045    

Slack (MET) :             0.045ns  (arrival time - required time)
  Source:                 lenet_system_i/smartconnect_0/inst/clk_map/psr_aclk/U0/EXT_LPF/ACTIVE_LOW_AUX.ACT_LO_AUX/GENERATE_LEVEL_P_S_CDC.SINGLE_BIT.CROSS_PLEVEL_IN2SCNDRY_s_level_out_d3/C
                            (rising edge-triggered cell FDRE clocked by clk_fpga_0  {rise@0.000ns fall@5.000ns period=10.000ns})
  Destination:            lenet_system_i/smartconnect_0/inst/clk_map/psr_aclk/U0/EXT_LPF/ACTIVE_LOW_AUX.ACT_LO_AUX/GENERATE_LEVEL_P_S_CDC.SINGLE_BIT.CROSS_PLEVEL_IN2SCNDRY_s_level_out_d4/D
                            (rising edge-triggered cell FDRE clocked by clk_fpga_0  {rise@0.000ns fall@5.000ns period=10.000ns})
  Path Group:             clk_fpga_0
  Path Type:              Hold (Min at Fast Process Corner)
  Requirement:            0.000ns  (clk_fpga_0 rise@0.000ns - clk_fpga_0 rise@0.000ns)
  Data Path Delay:        0.228ns  (logic 0.147ns (64.493%)  route 0.081ns (35.507%))
  Logic Levels:           0  
  Clock Path Skew:        0.145ns (DCD - SCD - CPR)
    Destination Clock Delay (DCD):    0.739ns
    Source Clock Delay      (SCD):    0.573ns
    Clock Pessimism Removal (CPR):    0.021ns

    Location             Delay type                Incr(ns)  Path(ns)    Netlist Resource(s)
  -------------------------------------------------------------------    -------------------
                         (clock clk_fpga_0 rise edge)
                                                      0.000     0.000 r  
    PS7_X0Y0             PS7                          0.000     0.000 r  lenet_system_i/processing_system7_0/inst/PS7_i/FCLKCLK[0]
                         net (fo=1, unplaced)         0.337     0.337    lenet_system_i/processing_system7_0/inst/FCLK_CLK_unbuffered[0]
                         BUFG (Prop_bufg_I_O)         0.026     0.363 r  lenet_system_i/processing_system7_0/inst/buffer_fclk_clk_0.FCLK_CLK_0_BUFG/O
                         net (fo=12511, unplaced)     0.210     0.573    lenet_system_i/smartconnect_0/inst/clk_map/psr_aclk/U0/EXT_LPF/ACTIVE_LOW_AUX.ACT_LO_AUX/aclk
                         FDRE                                         r  lenet_system_i/smartconnect_0/inst/clk_map/psr_aclk/U0/EXT_LPF/ACTIVE_LOW_AUX.ACT_LO_AUX/GENERATE_LEVEL_P_S_CDC.SINGLE_BIT.CROSS_PLEVEL_IN2SCNDRY_s_level_out_d3/C
  -------------------------------------------------------------------    -------------------
                         FDRE (Prop_fdre_C_Q)         0.147     0.720 r  lenet_system_i/smartconnect_0/inst/clk_map/psr_aclk/U0/EXT_LPF/ACTIVE_LOW_AUX.ACT_LO_AUX/GENERATE_LEVEL_P_S_CDC.SINGLE_BIT.CROSS_PLEVEL_IN2SCNDRY_s_level_out_d3/Q
                         net (fo=1, unplaced)         0.081     0.801    lenet_system_i/smartconnect_0/inst/clk_map/psr_aclk/U0/EXT_LPF/ACTIVE_LOW_AUX.ACT_LO_AUX/GENERATE_LEVEL_P_S_CDC.SINGLE_BIT.s_level_out_d3
                         FDRE                                         r  lenet_system_i/smartconnect_0/inst/clk_map/psr_aclk/U0/EXT_LPF/ACTIVE_LOW_AUX.ACT_LO_AUX/GENERATE_LEVEL_P_S_CDC.SINGLE_BIT.CROSS_PLEVEL_IN2SCNDRY_s_level_out_d4/D
  -------------------------------------------------------------------    -------------------

                         (clock clk_fpga_0 rise edge)
                                                      0.000     0.000 r  
    PS7_X0Y0             PS7                          0.000     0.000 r  lenet_system_i/processing_system7_0/inst/PS7_i/FCLKCLK[0]
                         net (fo=1, unplaced)         0.355     0.355    lenet_system_i/processing_system7_0/inst/FCLK_CLK_unbuffered[0]
                         BUFG (Prop_bufg_I_O)         0.029     0.384 r  lenet_system_i/processing_system7_0/inst/buffer_fclk_clk_0.FCLK_CLK_0_BUFG/O
                         net (fo=12511, unplaced)     0.355     0.739    lenet_system_i/smartconnect_0/inst/clk_map/psr_aclk/U0/EXT_LPF/ACTIVE_LOW_AUX.ACT_LO_AUX/aclk
                         FDRE                                         r  lenet_system_i/smartconnect_0/inst/clk_map/psr_aclk/U0/EXT_LPF/ACTIVE_LOW_AUX.ACT_LO_AUX/GENERATE_LEVEL_P_S_CDC.SINGLE_BIT.CROSS_PLEVEL_IN2SCNDRY_s_level_out_d4/C
                         clock pessimism             -0.021     0.718    
                         FDRE (Hold_fdre_C_D)         0.038     0.756    lenet_system_i/smartconnect_0/inst/clk_map/psr_aclk/U0/EXT_LPF/ACTIVE_LOW_AUX.ACT_LO_AUX/GENERATE_LEVEL_P_S_CDC.SINGLE_BIT.CROSS_PLEVEL_IN2SCNDRY_s_level_out_d4
  -------------------------------------------------------------------
                         required time                         -0.756    
                         arrival time                           0.801    
  -------------------------------------------------------------------
                         slack                                  0.045    

Slack (MET) :             0.045ns  (arrival time - required time)
  Source:                 lenet_system_i/smartconnect_0/inst/m00_exit_pipeline/m00_exit/inst/xpm_cdc_async_rst_inst/arststages_ff_reg[0]/C
                            (rising edge-triggered cell FDCE clocked by clk_fpga_0  {rise@0.000ns fall@5.000ns period=10.000ns})
  Destination:            lenet_system_i/smartconnect_0/inst/m00_exit_pipeline/m00_exit/inst/xpm_cdc_async_rst_inst/arststages_ff_reg[1]/D
                            (rising edge-triggered cell FDCE clocked by clk_fpga_0  {rise@0.000ns fall@5.000ns period=10.000ns})
  Path Group:             clk_fpga_0
  Path Type:              Hold (Min at Fast Process Corner)
  Requirement:            0.000ns  (clk_fpga_0 rise@0.000ns - clk_fpga_0 rise@0.000ns)
  Data Path Delay:        0.228ns  (logic 0.147ns (64.493%)  route 0.081ns (35.507%))
  Logic Levels:           0  
  Clock Path Skew:        0.145ns (DCD - SCD - CPR)
    Destination Clock Delay (DCD):    0.739ns
    Source Clock Delay      (SCD):    0.573ns
    Clock Pessimism Removal (CPR):    0.021ns

    Location             Delay type                Incr(ns)  Path(ns)    Netlist Resource(s)
  -------------------------------------------------------------------    -------------------
                         (clock clk_fpga_0 rise edge)
                                                      0.000     0.000 r  
    PS7_X0Y0             PS7                          0.000     0.000 r  lenet_system_i/processing_system7_0/inst/PS7_i/FCLKCLK[0]
                         net (fo=1, unplaced)         0.337     0.337    lenet_system_i/processing_system7_0/inst/FCLK_CLK_unbuffered[0]
                         BUFG (Prop_bufg_I_O)         0.026     0.363 r  lenet_system_i/processing_system7_0/inst/buffer_fclk_clk_0.FCLK_CLK_0_BUFG/O
                         net (fo=12511, unplaced)     0.210     0.573    lenet_system_i/smartconnect_0/inst/m00_exit_pipeline/m00_exit/inst/xpm_cdc_async_rst_inst/dest_clk
                         FDCE                                         r  lenet_system_i/smartconnect_0/inst/m00_exit_pipeline/m00_exit/inst/xpm_cdc_async_rst_inst/arststages_ff_reg[0]/C
  -------------------------------------------------------------------    -------------------
                         FDCE (Prop_fdce_C_Q)         0.147     0.720 r  lenet_system_i/smartconnect_0/inst/m00_exit_pipeline/m00_exit/inst/xpm_cdc_async_rst_inst/arststages_ff_reg[0]/Q
                         net (fo=1, unplaced)         0.081     0.801    lenet_system_i/smartconnect_0/inst/m00_exit_pipeline/m00_exit/inst/xpm_cdc_async_rst_inst/arststages_ff[0]
                         FDCE                                         r  lenet_system_i/smartconnect_0/inst/m00_exit_pipeline/m00_exit/inst/xpm_cdc_async_rst_inst/arststages_ff_reg[1]/D
  -------------------------------------------------------------------    -------------------

                         (clock clk_fpga_0 rise edge)
                                                      0.000     0.000 r  
    PS7_X0Y0             PS7                          0.000     0.000 r  lenet_system_i/processing_system7_0/inst/PS7_i/FCLKCLK[0]
                         net (fo=1, unplaced)         0.355     0.355    lenet_system_i/processing_system7_0/inst/FCLK_CLK_unbuffered[0]
                         BUFG (Prop_bufg_I_O)         0.029     0.384 r  lenet_system_i/processing_system7_0/inst/buffer_fclk_clk_0.FCLK_CLK_0_BUFG/O
                         net (fo=12511, unplaced)     0.355     0.739    lenet_system_i/smartconnect_0/inst/m00_exit_pipeline/m00_exit/inst/xpm_cdc_async_rst_inst/dest_clk
                         FDCE                                         r  lenet_system_i/smartconnect_0/inst/m00_exit_pipeline/m00_exit/inst/xpm_cdc_async_rst_inst/arststages_ff_reg[1]/C
                         clock pessimism             -0.021     0.718    
                         FDCE (Hold_fdce_C_D)         0.038     0.756    lenet_system_i/smartconnect_0/inst/m00_exit_pipeline/m00_exit/inst/xpm_cdc_async_rst_inst/arststages_ff_reg[1]
  -------------------------------------------------------------------
                         required time                         -0.756    
                         arrival time                           0.801    
  -------------------------------------------------------------------
                         slack                                  0.045    





Pulse Width Checks
--------------------------------------------------------------------------------------
Clock Name:         clk_fpga_0
Waveform(ns):       { 0.000 5.000 }
Period(ns):         10.000
Sources:            { lenet_system_i/processing_system7_0/inst/PS7_i/FCLKCLK[0] }

Check Type        Corner  Lib Pin      Reference Pin  Required(ns)  Actual(ns)  Slack(ns)  Location  Pin
Min Period        n/a     DSP48E1/CLK  n/a            3.884         10.000      6.116                lenet_system_i/lenet_w8a8_top_0/inst/grp_lenet_w8a8_top_Pipeline_OUT_CHANNEL_OUT_ROW_OUT_COL_fu_334/mac_muladd_8s_8s_16s_17_4_1_U11/lenet_w8a8_top_mac_muladd_8s_8s_16s_17_4_1_DSP48_0_U/m_reg_reg/CLK
Min Period        n/a     DSP48E1/CLK  n/a            3.884         10.000      6.116                lenet_system_i/lenet_w8a8_top_0/inst/grp_lenet_w8a8_top_Pipeline_OUT_CHANNEL_OUT_ROW_OUT_COL_fu_334/mac_muladd_8s_8s_16s_17_4_1_U13/lenet_w8a8_top_mac_muladd_8s_8s_16s_17_4_1_DSP48_0_U/m_reg_reg/CLK
Min Period        n/a     DSP48E1/CLK  n/a            3.884         10.000      6.116                lenet_system_i/lenet_w8a8_top_0/inst/grp_lenet_w8a8_top_Pipeline_OUT_CHANNEL_OUT_ROW_OUT_COL_fu_334/mac_muladd_8s_8s_16s_17_4_1_U15/lenet_w8a8_top_mac_muladd_8s_8s_16s_17_4_1_DSP48_0_U/m_reg_reg/CLK
Min Period        n/a     DSP48E1/CLK  n/a            3.884         10.000      6.116                lenet_system_i/lenet_w8a8_top_0/inst/grp_lenet_w8a8_top_Pipeline_OUT_CHANNEL_OUT_ROW_OUT_COL_fu_334/mac_muladd_8s_8s_16s_17_4_1_U17/lenet_w8a8_top_mac_muladd_8s_8s_16s_17_4_1_DSP48_0_U/m_reg_reg/CLK
Min Period        n/a     DSP48E1/CLK  n/a            3.884         10.000      6.116                lenet_system_i/lenet_w8a8_top_0/inst/grp_lenet_w8a8_top_Pipeline_OUT_CHANNEL_OUT_ROW_OUT_COL_fu_334/mac_muladd_8s_8s_16s_17_4_1_U19/lenet_w8a8_top_mac_muladd_8s_8s_16s_17_4_1_DSP48_0_U/m_reg_reg/CLK
Min Period        n/a     DSP48E1/CLK  n/a            3.884         10.000      6.116                lenet_system_i/lenet_w8a8_top_0/inst/grp_lenet_w8a8_top_Pipeline_OUT_CHANNEL_OUT_ROW_OUT_COL_fu_334/mac_muladd_8s_8s_16s_17_4_1_U21/lenet_w8a8_top_mac_muladd_8s_8s_16s_17_4_1_DSP48_0_U/m_reg_reg/CLK
Min Period        n/a     DSP48E1/CLK  n/a            3.884         10.000      6.116                lenet_system_i/lenet_w8a8_top_0/inst/grp_lenet_w8a8_top_Pipeline_OUT_CHANNEL_OUT_ROW_OUT_COL_fu_334/mac_muladd_8s_8s_16s_17_4_1_U23/lenet_w8a8_top_mac_muladd_8s_8s_16s_17_4_1_DSP48_0_U/m_reg_reg/CLK
Min Period        n/a     DSP48E1/CLK  n/a            3.884         10.000      6.116                lenet_system_i/lenet_w8a8_top_0/inst/grp_lenet_w8a8_top_Pipeline_OUT_CHANNEL_OUT_ROW_OUT_COL_fu_334/mac_muladd_8s_8s_16s_17_4_1_U25/lenet_w8a8_top_mac_muladd_8s_8s_16s_17_4_1_DSP48_0_U/m_reg_reg/CLK
Min Period        n/a     DSP48E1/CLK  n/a            3.884         10.000      6.116                lenet_system_i/lenet_w8a8_top_0/inst/grp_lenet_w8a8_top_Pipeline_OUT_CHANNEL_OUT_ROW_OUT_COL_fu_334/mac_muladd_8s_8s_16s_17_4_1_U26/lenet_w8a8_top_mac_muladd_8s_8s_16s_17_4_1_DSP48_0_U/m_reg_reg/CLK
Min Period        n/a     DSP48E1/CLK  n/a            3.884         10.000      6.116                lenet_system_i/lenet_w8a8_top_0/inst/grp_lenet_w8a8_top_Pipeline_POOL_CHANNEL_POOL_ROW_POOL_COL1_fu_354/mul_32ns_33ns_64_2_1_U53/dout_reg/CLK
Low Pulse Width   Slow    RAMD32/CLK   n/a            1.250         5.000       3.750                lenet_system_i/smartconnect_0/inst/m00_nodes/m00_ar_node/inst/inst_mi_handler/gen_normal_area.inst_fifo_node_payld/gen_xpm_memory_fifo.inst_fifo/gen_mem_rep[0].inst_xpm_memory/xpm_memory_base_inst/gen_wr_a.gen_word_narrow.mem_reg_0_31_0_5/RAMA/CLK
Low Pulse Width   Fast    RAMD32/CLK   n/a            1.250         5.000       3.750                lenet_system_i/smartconnect_0/inst/m00_nodes/m00_ar_node/inst/inst_mi_handler/gen_normal_area.inst_fifo_node_payld/gen_xpm_memory_fifo.inst_fifo/gen_mem_rep[0].inst_xpm_memory/xpm_memory_base_inst/gen_wr_a.gen_word_narrow.mem_reg_0_31_0_5/RAMA/CLK
Low Pulse Width   Slow    RAMD32/CLK   n/a            1.250         5.000       3.750                lenet_system_i/smartconnect_0/inst/m00_nodes/m00_ar_node/inst/inst_mi_handler/gen_normal_area.inst_fifo_node_payld/gen_xpm_memory_fifo.inst_fifo/gen_mem_rep[0].inst_xpm_memory/xpm_memory_base_inst/gen_wr_a.gen_word_narrow.mem_reg_0_31_0_5/RAMA_D1/CLK
Low Pulse Width   Fast    RAMD32/CLK   n/a            1.250         5.000       3.750                lenet_system_i/smartconnect_0/inst/m00_nodes/m00_ar_node/inst/inst_mi_handler/gen_normal_area.inst_fifo_node_payld/gen_xpm_memory_fifo.inst_fifo/gen_mem_rep[0].inst_xpm_memory/xpm_memory_base_inst/gen_wr_a.gen_word_narrow.mem_reg_0_31_0_5/RAMA_D1/CLK
Low Pulse Width   Slow    RAMD32/CLK   n/a            1.250         5.000       3.750                lenet_system_i/smartconnect_0/inst/m00_nodes/m00_ar_node/inst/inst_mi_handler/gen_normal_area.inst_fifo_node_payld/gen_xpm_memory_fifo.inst_fifo/gen_mem_rep[0].inst_xpm_memory/xpm_memory_base_inst/gen_wr_a.gen_word_narrow.mem_reg_0_31_0_5/RAMB/CLK
Low Pulse Width   Fast    RAMD32/CLK   n/a            1.250         5.000       3.750                lenet_system_i/smartconnect_0/inst/m00_nodes/m00_ar_node/inst/inst_mi_handler/gen_normal_area.inst_fifo_node_payld/gen_xpm_memory_fifo.inst_fifo/gen_mem_rep[0].inst_xpm_memory/xpm_memory_base_inst/gen_wr_a.gen_word_narrow.mem_reg_0_31_0_5/RAMB/CLK
Low Pulse Width   Slow    RAMD32/CLK   n/a            1.250         5.000       3.750                lenet_system_i/smartconnect_0/inst/m00_nodes/m00_ar_node/inst/inst_mi_handler/gen_normal_area.inst_fifo_node_payld/gen_xpm_memory_fifo.inst_fifo/gen_mem_rep[0].inst_xpm_memory/xpm_memory_base_inst/gen_wr_a.gen_word_narrow.mem_reg_0_31_0_5/RAMB_D1/CLK
Low Pulse Width   Fast    RAMD32/CLK   n/a            1.250         5.000       3.750                lenet_system_i/smartconnect_0/inst/m00_nodes/m00_ar_node/inst/inst_mi_handler/gen_normal_area.inst_fifo_node_payld/gen_xpm_memory_fifo.inst_fifo/gen_mem_rep[0].inst_xpm_memory/xpm_memory_base_inst/gen_wr_a.gen_word_narrow.mem_reg_0_31_0_5/RAMB_D1/CLK
Low Pulse Width   Slow    RAMD32/CLK   n/a            1.250         5.000       3.750                lenet_system_i/smartconnect_0/inst/m00_nodes/m00_ar_node/inst/inst_mi_handler/gen_normal_area.inst_fifo_node_payld/gen_xpm_memory_fifo.inst_fifo/gen_mem_rep[0].inst_xpm_memory/xpm_memory_base_inst/gen_wr_a.gen_word_narrow.mem_reg_0_31_0_5/RAMC/CLK
Low Pulse Width   Fast    RAMD32/CLK   n/a            1.250         5.000       3.750                lenet_system_i/smartconnect_0/inst/m00_nodes/m00_ar_node/inst/inst_mi_handler/gen_normal_area.inst_fifo_node_payld/gen_xpm_memory_fifo.inst_fifo/gen_mem_rep[0].inst_xpm_memory/xpm_memory_base_inst/gen_wr_a.gen_word_narrow.mem_reg_0_31_0_5/RAMC/CLK
High Pulse Width  Slow    RAMD32/CLK   n/a            1.250         5.000       3.750                lenet_system_i/smartconnect_0/inst/m00_nodes/m00_ar_node/inst/inst_mi_handler/gen_normal_area.inst_fifo_node_payld/gen_xpm_memory_fifo.inst_fifo/gen_mem_rep[0].inst_xpm_memory/xpm_memory_base_inst/gen_wr_a.gen_word_narrow.mem_reg_0_31_0_5/RAMA/CLK
High Pulse Width  Fast    RAMD32/CLK   n/a            1.250         5.000       3.750                lenet_system_i/smartconnect_0/inst/m00_nodes/m00_ar_node/inst/inst_mi_handler/gen_normal_area.inst_fifo_node_payld/gen_xpm_memory_fifo.inst_fifo/gen_mem_rep[0].inst_xpm_memory/xpm_memory_base_inst/gen_wr_a.gen_word_narrow.mem_reg_0_31_0_5/RAMA/CLK
High Pulse Width  Slow    RAMD32/CLK   n/a            1.250         5.000       3.750                lenet_system_i/smartconnect_0/inst/m00_nodes/m00_ar_node/inst/inst_mi_handler/gen_normal_area.inst_fifo_node_payld/gen_xpm_memory_fifo.inst_fifo/gen_mem_rep[0].inst_xpm_memory/xpm_memory_base_inst/gen_wr_a.gen_word_narrow.mem_reg_0_31_0_5/RAMA_D1/CLK
High Pulse Width  Fast    RAMD32/CLK   n/a            1.250         5.000       3.750                lenet_system_i/smartconnect_0/inst/m00_nodes/m00_ar_node/inst/inst_mi_handler/gen_normal_area.inst_fifo_node_payld/gen_xpm_memory_fifo.inst_fifo/gen_mem_rep[0].inst_xpm_memory/xpm_memory_base_inst/gen_wr_a.gen_word_narrow.mem_reg_0_31_0_5/RAMA_D1/CLK
High Pulse Width  Slow    RAMD32/CLK   n/a            1.250         5.000       3.750                lenet_system_i/smartconnect_0/inst/m00_nodes/m00_ar_node/inst/inst_mi_handler/gen_normal_area.inst_fifo_node_payld/gen_xpm_memory_fifo.inst_fifo/gen_mem_rep[0].inst_xpm_memory/xpm_memory_base_inst/gen_wr_a.gen_word_narrow.mem_reg_0_31_0_5/RAMB/CLK
High Pulse Width  Fast    RAMD32/CLK   n/a            1.250         5.000       3.750                lenet_system_i/smartconnect_0/inst/m00_nodes/m00_ar_node/inst/inst_mi_handler/gen_normal_area.inst_fifo_node_payld/gen_xpm_memory_fifo.inst_fifo/gen_mem_rep[0].inst_xpm_memory/xpm_memory_base_inst/gen_wr_a.gen_word_narrow.mem_reg_0_31_0_5/RAMB/CLK
High Pulse Width  Slow    RAMD32/CLK   n/a            1.250         5.000       3.750                lenet_system_i/smartconnect_0/inst/m00_nodes/m00_ar_node/inst/inst_mi_handler/gen_normal_area.inst_fifo_node_payld/gen_xpm_memory_fifo.inst_fifo/gen_mem_rep[0].inst_xpm_memory/xpm_memory_base_inst/gen_wr_a.gen_word_narrow.mem_reg_0_31_0_5/RAMB_D1/CLK
High Pulse Width  Fast    RAMD32/CLK   n/a            1.250         5.000       3.750                lenet_system_i/smartconnect_0/inst/m00_nodes/m00_ar_node/inst/inst_mi_handler/gen_normal_area.inst_fifo_node_payld/gen_xpm_memory_fifo.inst_fifo/gen_mem_rep[0].inst_xpm_memory/xpm_memory_base_inst/gen_wr_a.gen_word_narrow.mem_reg_0_31_0_5/RAMB_D1/CLK
High Pulse Width  Slow    RAMD32/CLK   n/a            1.250         5.000       3.750                lenet_system_i/smartconnect_0/inst/m00_nodes/m00_ar_node/inst/inst_mi_handler/gen_normal_area.inst_fifo_node_payld/gen_xpm_memory_fifo.inst_fifo/gen_mem_rep[0].inst_xpm_memory/xpm_memory_base_inst/gen_wr_a.gen_word_narrow.mem_reg_0_31_0_5/RAMC/CLK
High Pulse Width  Fast    RAMD32/CLK   n/a            1.250         5.000       3.750                lenet_system_i/smartconnect_0/inst/m00_nodes/m00_ar_node/inst/inst_mi_handler/gen_normal_area.inst_fifo_node_payld/gen_xpm_memory_fifo.inst_fifo/gen_mem_rep[0].inst_xpm_memory/xpm_memory_base_inst/gen_wr_a.gen_word_narrow.mem_reg_0_31_0_5/RAMC/CLK



--------------------------------------------------------------------------------------
Path Group:  (none)
From Clock:  
  To Clock:  clk_fpga_0

Max Delay             1 Endpoint
Min Delay             1 Endpoint
--------------------------------------------------------------------------------------


Max Delay Paths
--------------------------------------------------------------------------------------
Slack:                    inf
  Source:                 lenet_system_i/processing_system7_0/inst/PS7_i/FCLKRESETN[0]
                            (internal pin)
  Destination:            lenet_system_i/proc_sys_reset_0/U0/EXT_LPF/ACTIVE_HIGH_EXT.ACT_HI_EXT/GENERATE_LEVEL_P_S_CDC.SINGLE_BIT.CROSS_PLEVEL_IN2SCNDRY_IN_cdc_to/D
                            (rising edge-triggered cell FDRE clocked by clk_fpga_0  {rise@0.000ns fall@5.000ns period=10.000ns})
  Path Group:             (none)
  Path Type:              Setup (Max at Slow Process Corner)
  Data Path Delay:        1.497ns  (logic 0.248ns (16.570%)  route 1.249ns (83.430%))
  Logic Levels:           2  (LUT1=1 LUT2=1)
  Clock Uncertainty:      0.152ns  ((TSJ^2 + TIJ^2)^1/2 + DJ) / 2 + PE
    Total System Jitter     (TSJ):    0.050ns
    Total Input Jitter      (TIJ):    0.300ns
    Discrete Jitter          (DJ):    0.000ns
    Phase Error              (PE):    0.000ns
  Timing Exception:       False Path

    Location             Delay type                Incr(ns)  Path(ns)    Netlist Resource(s)
  -------------------------------------------------------------------    -------------------
    PS7_X0Y0             PS7                          0.000     0.000 f  lenet_system_i/processing_system7_0/inst/PS7_i/FCLKRESETN[0]
                         net (fo=1, unplaced)         0.800     0.800    lenet_system_i/util_vector_logic_0/Op1[0]
                         LUT1 (Prop_lut1_I0_O)        0.124     0.924 r  lenet_system_i/util_vector_logic_0/Res[0]_INST_0/O
                         net (fo=1, unplaced)         0.449     1.373    lenet_system_i/proc_sys_reset_0/U0/EXT_LPF/ACTIVE_HIGH_EXT.ACT_HI_EXT/ext_reset_in
                         LUT2 (Prop_lut2_I0_O)        0.124     1.497 r  lenet_system_i/proc_sys_reset_0/U0/EXT_LPF/ACTIVE_HIGH_EXT.ACT_HI_EXT/GENERATE_LEVEL_P_S_CDC.SINGLE_BIT.CROSS_PLEVEL_IN2SCNDRY_IN_cdc_to_i_1/O
                         net (fo=1, unplaced)         0.000     1.497    lenet_system_i/proc_sys_reset_0/U0/EXT_LPF/ACTIVE_HIGH_EXT.ACT_HI_EXT/exr_d1
                         FDRE                                         r  lenet_system_i/proc_sys_reset_0/U0/EXT_LPF/ACTIVE_HIGH_EXT.ACT_HI_EXT/GENERATE_LEVEL_P_S_CDC.SINGLE_BIT.CROSS_PLEVEL_IN2SCNDRY_IN_cdc_to/D
  -------------------------------------------------------------------    -------------------

                         (clock clk_fpga_0 rise edge)
                                                      0.000     0.000 r  
    PS7_X0Y0             PS7                          0.000     0.000 r  lenet_system_i/processing_system7_0/inst/PS7_i/FCLKCLK[0]
                         net (fo=1, unplaced)         0.760     0.760    lenet_system_i/processing_system7_0/inst/FCLK_CLK_unbuffered[0]
                         BUFG (Prop_bufg_I_O)         0.091     0.851 r  lenet_system_i/processing_system7_0/inst/buffer_fclk_clk_0.FCLK_CLK_0_BUFG/O
                         net (fo=12511, unplaced)     0.655     1.505    lenet_system_i/proc_sys_reset_0/U0/EXT_LPF/ACTIVE_HIGH_EXT.ACT_HI_EXT/slowest_sync_clk
                         FDRE                                         r  lenet_system_i/proc_sys_reset_0/U0/EXT_LPF/ACTIVE_HIGH_EXT.ACT_HI_EXT/GENERATE_LEVEL_P_S_CDC.SINGLE_BIT.CROSS_PLEVEL_IN2SCNDRY_IN_cdc_to/C





Min Delay Paths
--------------------------------------------------------------------------------------
Slack:                    inf
  Source:                 lenet_system_i/processing_system7_0/inst/PS7_i/FCLKRESETN[0]
                            (internal pin)
  Destination:            lenet_system_i/proc_sys_reset_0/U0/EXT_LPF/ACTIVE_HIGH_EXT.ACT_HI_EXT/GENERATE_LEVEL_P_S_CDC.SINGLE_BIT.CROSS_PLEVEL_IN2SCNDRY_IN_cdc_to/D
                            (rising edge-triggered cell FDRE clocked by clk_fpga_0  {rise@0.000ns fall@5.000ns period=10.000ns})
  Path Group:             (none)
  Path Type:              Hold (Min at Fast Process Corner)
  Data Path Delay:        0.616ns  (logic 0.090ns (14.602%)  route 0.526ns (85.398%))
  Logic Levels:           2  (LUT1=1 LUT2=1)
  Clock Uncertainty:      0.152ns  ((TSJ^2 + TIJ^2)^1/2 + DJ) / 2 + PE
    Total System Jitter     (TSJ):    0.050ns
    Total Input Jitter      (TIJ):    0.300ns
    Discrete Jitter          (DJ):    0.000ns
    Phase Error              (PE):    0.000ns
  Timing Exception:       False Path

    Location             Delay type                Incr(ns)  Path(ns)    Netlist Resource(s)
  -------------------------------------------------------------------    -------------------
    PS7_X0Y0             PS7                          0.000     0.000 f  lenet_system_i/processing_system7_0/inst/PS7_i/FCLKRESETN[0]
                         net (fo=1, unplaced)         0.337     0.337    lenet_system_i/util_vector_logic_0/Op1[0]
                         LUT1 (Prop_lut1_I0_O)        0.045     0.382 r  lenet_system_i/util_vector_logic_0/Res[0]_INST_0/O
                         net (fo=1, unplaced)         0.189     0.571    lenet_system_i/proc_sys_reset_0/U0/EXT_LPF/ACTIVE_HIGH_EXT.ACT_HI_EXT/ext_reset_in
                         LUT2 (Prop_lut2_I0_O)        0.045     0.616 r  lenet_system_i/proc_sys_reset_0/U0/EXT_LPF/ACTIVE_HIGH_EXT.ACT_HI_EXT/GENERATE_LEVEL_P_S_CDC.SINGLE_BIT.CROSS_PLEVEL_IN2SCNDRY_IN_cdc_to_i_1/O
                         net (fo=1, unplaced)         0.000     0.616    lenet_system_i/proc_sys_reset_0/U0/EXT_LPF/ACTIVE_HIGH_EXT.ACT_HI_EXT/exr_d1
                         FDRE                                         r  lenet_system_i/proc_sys_reset_0/U0/EXT_LPF/ACTIVE_HIGH_EXT.ACT_HI_EXT/GENERATE_LEVEL_P_S_CDC.SINGLE_BIT.CROSS_PLEVEL_IN2SCNDRY_IN_cdc_to/D
  -------------------------------------------------------------------    -------------------

                         (clock clk_fpga_0 rise edge)
                                                      0.000     0.000 r  
    PS7_X0Y0             PS7                          0.000     0.000 r  lenet_system_i/processing_system7_0/inst/PS7_i/FCLKCLK[0]
                         net (fo=1, unplaced)         0.355     0.355    lenet_system_i/processing_system7_0/inst/FCLK_CLK_unbuffered[0]
                         BUFG (Prop_bufg_I_O)         0.029     0.384 r  lenet_system_i/processing_system7_0/inst/buffer_fclk_clk_0.FCLK_CLK_0_BUFG/O
                         net (fo=12511, unplaced)     0.355     0.739    lenet_system_i/proc_sys_reset_0/U0/EXT_LPF/ACTIVE_HIGH_EXT.ACT_HI_EXT/slowest_sync_clk
                         FDRE                                         r  lenet_system_i/proc_sys_reset_0/U0/EXT_LPF/ACTIVE_HIGH_EXT.ACT_HI_EXT/GENERATE_LEVEL_P_S_CDC.SINGLE_BIT.CROSS_PLEVEL_IN2SCNDRY_IN_cdc_to/C





--------------------------------------------------------------------------------------
Path Group:  (none)
From Clock:  clk_fpga_0
  To Clock:  clk_fpga_0

Max Delay           103 Endpoints
Min Delay           103 Endpoints
--------------------------------------------------------------------------------------


Max Delay Paths
--------------------------------------------------------------------------------------
Slack:                    inf
  Source:                 lenet_system_i/smartconnect_0/inst/clk_map/psr_aclk/U0/ACTIVE_LOW_BSR_OUT_DFF[0].FDRE_BSR_N/C
                            (rising edge-triggered cell FDRE clocked by clk_fpga_0  {rise@0.000ns fall@5.000ns period=10.000ns})
  Destination:            lenet_system_i/smartconnect_0/inst/m00_exit_pipeline/m00_exit/inst/xpm_cdc_async_rst_inst/arststages_ff_reg[0]/CLR
                            (recovery check against rising-edge clock clk_fpga_0  {rise@0.000ns fall@5.000ns period=10.000ns})
  Path Group:             (none)
  Path Type:              Recovery (Max at Slow Process Corner)
  Data Path Delay:        1.951ns  (logic 0.773ns (39.621%)  route 1.178ns (60.379%))
  Logic Levels:           1  (LUT1=1)
  Clock Path Skew:        -0.195ns (DCD - SCD + CPR)
    Destination Clock Delay (DCD):    1.505ns
    Source Clock Delay      (SCD):    1.700ns
    Clock Pessimism Removal (CPR):    0.000ns
  Clock Uncertainty:      0.154ns  ((TSJ^2 + TIJ^2)^1/2 + DJ) / 2 + PE
    Total System Jitter     (TSJ):    0.071ns
    Total Input Jitter      (TIJ):    0.300ns
    Discrete Jitter          (DJ):    0.000ns
    Phase Error              (PE):    0.000ns
  Timing Exception:       False Path

    Location             Delay type                Incr(ns)  Path(ns)    Netlist Resource(s)
  -------------------------------------------------------------------    -------------------
                         (clock clk_fpga_0 rise edge)
                                                      0.000     0.000 r  
    PS7_X0Y0             PS7                          0.000     0.000 r  lenet_system_i/processing_system7_0/inst/PS7_i/FCLKCLK[0]
                         net (fo=1, unplaced)         0.800     0.800    lenet_system_i/processing_system7_0/inst/FCLK_CLK_unbuffered[0]
                         BUFG (Prop_bufg_I_O)         0.101     0.901 r  lenet_system_i/processing_system7_0/inst/buffer_fclk_clk_0.FCLK_CLK_0_BUFG/O
                         net (fo=12511, unplaced)     0.800     1.700    lenet_system_i/smartconnect_0/inst/clk_map/psr_aclk/U0/aclk
                         FDRE                                         r  lenet_system_i/smartconnect_0/inst/clk_map/psr_aclk/U0/ACTIVE_LOW_BSR_OUT_DFF[0].FDRE_BSR_N/C
  -------------------------------------------------------------------    -------------------
                         FDRE (Prop_fdre_C_Q)         0.478     2.178 r  lenet_system_i/smartconnect_0/inst/clk_map/psr_aclk/U0/ACTIVE_LOW_BSR_OUT_DFF[0].FDRE_BSR_N/Q
                         net (fo=34, unplaced)        0.384     2.562    lenet_system_i/smartconnect_0/inst/m00_exit_pipeline/m00_exit/inst/xpm_cdc_async_rst_inst/src_arst
                         LUT1 (Prop_lut1_I0_O)        0.295     2.857 f  lenet_system_i/smartconnect_0/inst/m00_exit_pipeline/m00_exit/inst/xpm_cdc_async_rst_inst/arststages_ff[2]_i_1/O
                         net (fo=3, unplaced)         0.794     3.651    lenet_system_i/smartconnect_0/inst/m00_exit_pipeline/m00_exit/inst/xpm_cdc_async_rst_inst/reset_pol
                         FDCE                                         f  lenet_system_i/smartconnect_0/inst/m00_exit_pipeline/m00_exit/inst/xpm_cdc_async_rst_inst/arststages_ff_reg[0]/CLR
  -------------------------------------------------------------------    -------------------

                         (clock clk_fpga_0 rise edge)
                                                      0.000     0.000 r  
    PS7_X0Y0             PS7                          0.000     0.000 r  lenet_system_i/processing_system7_0/inst/PS7_i/FCLKCLK[0]
                         net (fo=1, unplaced)         0.760     0.760    lenet_system_i/processing_system7_0/inst/FCLK_CLK_unbuffered[0]
                         BUFG (Prop_bufg_I_O)         0.091     0.851 r  lenet_system_i/processing_system7_0/inst/buffer_fclk_clk_0.FCLK_CLK_0_BUFG/O
                         net (fo=12511, unplaced)     0.655     1.505    lenet_system_i/smartconnect_0/inst/m00_exit_pipeline/m00_exit/inst/xpm_cdc_async_rst_inst/dest_clk
                         FDCE                                         r  lenet_system_i/smartconnect_0/inst/m00_exit_pipeline/m00_exit/inst/xpm_cdc_async_rst_inst/arststages_ff_reg[0]/C

Slack:                    inf
  Source:                 lenet_system_i/smartconnect_0/inst/clk_map/psr_aclk/U0/ACTIVE_LOW_BSR_OUT_DFF[0].FDRE_BSR_N/C
                            (rising edge-triggered cell FDRE clocked by clk_fpga_0  {rise@0.000ns fall@5.000ns period=10.000ns})
  Destination:            lenet_system_i/smartconnect_0/inst/m00_exit_pipeline/m00_exit/inst/xpm_cdc_async_rst_inst/arststages_ff_reg[1]/CLR
                            (recovery check against rising-edge clock clk_fpga_0  {rise@0.000ns fall@5.000ns period=10.000ns})
  Path Group:             (none)
  Path Type:              Recovery (Max at Slow Process Corner)
  Data Path Delay:        1.951ns  (logic 0.773ns (39.621%)  route 1.178ns (60.379%))
  Logic Levels:           1  (LUT1=1)
  Clock Path Skew:        -0.195ns (DCD - SCD + CPR)
    Destination Clock Delay (DCD):    1.505ns
    Source Clock Delay      (SCD):    1.700ns
    Clock Pessimism Removal (CPR):    0.000ns
  Clock Uncertainty:      0.154ns  ((TSJ^2 + TIJ^2)^1/2 + DJ) / 2 + PE
    Total System Jitter     (TSJ):    0.071ns
    Total Input Jitter      (TIJ):    0.300ns
    Discrete Jitter          (DJ):    0.000ns
    Phase Error              (PE):    0.000ns
  Timing Exception:       False Path

    Location             Delay type                Incr(ns)  Path(ns)    Netlist Resource(s)
  -------------------------------------------------------------------    -------------------
                         (clock clk_fpga_0 rise edge)
                                                      0.000     0.000 r  
    PS7_X0Y0             PS7                          0.000     0.000 r  lenet_system_i/processing_system7_0/inst/PS7_i/FCLKCLK[0]
                         net (fo=1, unplaced)         0.800     0.800    lenet_system_i/processing_system7_0/inst/FCLK_CLK_unbuffered[0]
                         BUFG (Prop_bufg_I_O)         0.101     0.901 r  lenet_system_i/processing_system7_0/inst/buffer_fclk_clk_0.FCLK_CLK_0_BUFG/O
                         net (fo=12511, unplaced)     0.800     1.700    lenet_system_i/smartconnect_0/inst/clk_map/psr_aclk/U0/aclk
                         FDRE                                         r  lenet_system_i/smartconnect_0/inst/clk_map/psr_aclk/U0/ACTIVE_LOW_BSR_OUT_DFF[0].FDRE_BSR_N/C
  -------------------------------------------------------------------    -------------------
                         FDRE (Prop_fdre_C_Q)         0.478     2.178 r  lenet_system_i/smartconnect_0/inst/clk_map/psr_aclk/U0/ACTIVE_LOW_BSR_OUT_DFF[0].FDRE_BSR_N/Q
                         net (fo=34, unplaced)        0.384     2.562    lenet_system_i/smartconnect_0/inst/m00_exit_pipeline/m00_exit/inst/xpm_cdc_async_rst_inst/src_arst
                         LUT1 (Prop_lut1_I0_O)        0.295     2.857 f  lenet_system_i/smartconnect_0/inst/m00_exit_pipeline/m00_exit/inst/xpm_cdc_async_rst_inst/arststages_ff[2]_i_1/O
                         net (fo=3, unplaced)         0.794     3.651    lenet_system_i/smartconnect_0/inst/m00_exit_pipeline/m00_exit/inst/xpm_cdc_async_rst_inst/reset_pol
                         FDCE                                         f  lenet_system_i/smartconnect_0/inst/m00_exit_pipeline/m00_exit/inst/xpm_cdc_async_rst_inst/arststages_ff_reg[1]/CLR
  -------------------------------------------------------------------    -------------------

                         (clock clk_fpga_0 rise edge)
                                                      0.000     0.000 r  
    PS7_X0Y0             PS7                          0.000     0.000 r  lenet_system_i/processing_system7_0/inst/PS7_i/FCLKCLK[0]
                         net (fo=1, unplaced)         0.760     0.760    lenet_system_i/processing_system7_0/inst/FCLK_CLK_unbuffered[0]
                         BUFG (Prop_bufg_I_O)         0.091     0.851 r  lenet_system_i/processing_system7_0/inst/buffer_fclk_clk_0.FCLK_CLK_0_BUFG/O
                         net (fo=12511, unplaced)     0.655     1.505    lenet_system_i/smartconnect_0/inst/m00_exit_pipeline/m00_exit/inst/xpm_cdc_async_rst_inst/dest_clk
                         FDCE                                         r  lenet_system_i/smartconnect_0/inst/m00_exit_pipeline/m00_exit/inst/xpm_cdc_async_rst_inst/arststages_ff_reg[1]/C

Slack:                    inf
  Source:                 lenet_system_i/smartconnect_0/inst/clk_map/psr_aclk/U0/ACTIVE_LOW_BSR_OUT_DFF[0].FDRE_BSR_N/C
                            (rising edge-triggered cell FDRE clocked by clk_fpga_0  {rise@0.000ns fall@5.000ns period=10.000ns})
  Destination:            lenet_system_i/smartconnect_0/inst/m00_exit_pipeline/m00_exit/inst/xpm_cdc_async_rst_inst/arststages_ff_reg[2]/CLR
                            (recovery check against rising-edge clock clk_fpga_0  {rise@0.000ns fall@5.000ns period=10.000ns})
  Path Group:             (none)
  Path Type:              Recovery (Max at Slow Process Corner)
  Data Path Delay:        1.951ns  (logic 0.773ns (39.621%)  route 1.178ns (60.379%))
  Logic Levels:           1  (LUT1=1)
  Clock Path Skew:        -0.195ns (DCD - SCD + CPR)
    Destination Clock Delay (DCD):    1.505ns
    Source Clock Delay      (SCD):    1.700ns
    Clock Pessimism Removal (CPR):    0.000ns
  Clock Uncertainty:      0.154ns  ((TSJ^2 + TIJ^2)^1/2 + DJ) / 2 + PE
    Total System Jitter     (TSJ):    0.071ns
    Total Input Jitter      (TIJ):    0.300ns
    Discrete Jitter          (DJ):    0.000ns
    Phase Error              (PE):    0.000ns
  Timing Exception:       False Path

    Location             Delay type                Incr(ns)  Path(ns)    Netlist Resource(s)
  -------------------------------------------------------------------    -------------------
                         (clock clk_fpga_0 rise edge)
                                                      0.000     0.000 r  
    PS7_X0Y0             PS7                          0.000     0.000 r  lenet_system_i/processing_system7_0/inst/PS7_i/FCLKCLK[0]
                         net (fo=1, unplaced)         0.800     0.800    lenet_system_i/processing_system7_0/inst/FCLK_CLK_unbuffered[0]
                         BUFG (Prop_bufg_I_O)         0.101     0.901 r  lenet_system_i/processing_system7_0/inst/buffer_fclk_clk_0.FCLK_CLK_0_BUFG/O
                         net (fo=12511, unplaced)     0.800     1.700    lenet_system_i/smartconnect_0/inst/clk_map/psr_aclk/U0/aclk
                         FDRE                                         r  lenet_system_i/smartconnect_0/inst/clk_map/psr_aclk/U0/ACTIVE_LOW_BSR_OUT_DFF[0].FDRE_BSR_N/C
  -------------------------------------------------------------------    -------------------
                         FDRE (Prop_fdre_C_Q)         0.478     2.178 r  lenet_system_i/smartconnect_0/inst/clk_map/psr_aclk/U0/ACTIVE_LOW_BSR_OUT_DFF[0].FDRE_BSR_N/Q
                         net (fo=34, unplaced)        0.384     2.562    lenet_system_i/smartconnect_0/inst/m00_exit_pipeline/m00_exit/inst/xpm_cdc_async_rst_inst/src_arst
                         LUT1 (Prop_lut1_I0_O)        0.295     2.857 f  lenet_system_i/smartconnect_0/inst/m00_exit_pipeline/m00_exit/inst/xpm_cdc_async_rst_inst/arststages_ff[2]_i_1/O
                         net (fo=3, unplaced)         0.794     3.651    lenet_system_i/smartconnect_0/inst/m00_exit_pipeline/m00_exit/inst/xpm_cdc_async_rst_inst/reset_pol
                         FDCE                                         f  lenet_system_i/smartconnect_0/inst/m00_exit_pipeline/m00_exit/inst/xpm_cdc_async_rst_inst/arststages_ff_reg[2]/CLR
  -------------------------------------------------------------------    -------------------

                         (clock clk_fpga_0 rise edge)
                                                      0.000     0.000 r  
    PS7_X0Y0             PS7                          0.000     0.000 r  lenet_system_i/processing_system7_0/inst/PS7_i/FCLKCLK[0]
                         net (fo=1, unplaced)         0.760     0.760    lenet_system_i/processing_system7_0/inst/FCLK_CLK_unbuffered[0]
                         BUFG (Prop_bufg_I_O)         0.091     0.851 r  lenet_system_i/processing_system7_0/inst/buffer_fclk_clk_0.FCLK_CLK_0_BUFG/O
                         net (fo=12511, unplaced)     0.655     1.505    lenet_system_i/smartconnect_0/inst/m00_exit_pipeline/m00_exit/inst/xpm_cdc_async_rst_inst/dest_clk
                         FDCE                                         r  lenet_system_i/smartconnect_0/inst/m00_exit_pipeline/m00_exit/inst/xpm_cdc_async_rst_inst/arststages_ff_reg[2]/C

Slack:                    inf
  Source:                 lenet_system_i/smartconnect_0/inst/clk_map/psr_aclk/U0/ACTIVE_LOW_BSR_OUT_DFF[0].FDRE_BSR_N/C
                            (rising edge-triggered cell FDRE clocked by clk_fpga_0  {rise@0.000ns fall@5.000ns period=10.000ns})
  Destination:            lenet_system_i/smartconnect_0/inst/m00_nodes/m00_ar_node/inst/m_sc_xpm_cdc_async_rst_inst/arststages_ff_reg[0]/CLR
                            (recovery check against rising-edge clock clk_fpga_0  {rise@0.000ns fall@5.000ns period=10.000ns})
  Path Group:             (none)
  Path Type:              Recovery (Max at Slow Process Corner)
  Data Path Delay:        1.951ns  (logic 0.773ns (39.621%)  route 1.178ns (60.379%))
  Logic Levels:           1  (LUT1=1)
  Clock Path Skew:        -0.195ns (DCD - SCD + CPR)
    Destination Clock Delay (DCD):    1.505ns
    Source Clock Delay      (SCD):    1.700ns
    Clock Pessimism Removal (CPR):    0.000ns
  Clock Uncertainty:      0.154ns  ((TSJ^2 + TIJ^2)^1/2 + DJ) / 2 + PE
    Total System Jitter     (TSJ):    0.071ns
    Total Input Jitter      (TIJ):    0.300ns
    Discrete Jitter          (DJ):    0.000ns
    Phase Error              (PE):    0.000ns
  Timing Exception:       False Path

    Location             Delay type                Incr(ns)  Path(ns)    Netlist Resource(s)
  -------------------------------------------------------------------    -------------------
                         (clock clk_fpga_0 rise edge)
                                                      0.000     0.000 r  
    PS7_X0Y0             PS7                          0.000     0.000 r  lenet_system_i/processing_system7_0/inst/PS7_i/FCLKCLK[0]
                         net (fo=1, unplaced)         0.800     0.800    lenet_system_i/processing_system7_0/inst/FCLK_CLK_unbuffered[0]
                         BUFG (Prop_bufg_I_O)         0.101     0.901 r  lenet_system_i/processing_system7_0/inst/buffer_fclk_clk_0.FCLK_CLK_0_BUFG/O
                         net (fo=12511, unplaced)     0.800     1.700    lenet_system_i/smartconnect_0/inst/clk_map/psr_aclk/U0/aclk
                         FDRE                                         r  lenet_system_i/smartconnect_0/inst/clk_map/psr_aclk/U0/ACTIVE_LOW_BSR_OUT_DFF[0].FDRE_BSR_N/C
  -------------------------------------------------------------------    -------------------
                         FDRE (Prop_fdre_C_Q)         0.478     2.178 r  lenet_system_i/smartconnect_0/inst/clk_map/psr_aclk/U0/ACTIVE_LOW_BSR_OUT_DFF[0].FDRE_BSR_N/Q
                         net (fo=34, unplaced)        0.384     2.562    lenet_system_i/smartconnect_0/inst/m00_nodes/m00_ar_node/inst/m_sc_xpm_cdc_async_rst_inst/src_arst
                         LUT1 (Prop_lut1_I0_O)        0.295     2.857 f  lenet_system_i/smartconnect_0/inst/m00_nodes/m00_ar_node/inst/m_sc_xpm_cdc_async_rst_inst/arststages_ff[2]_i_1/O
                         net (fo=3, unplaced)         0.794     3.651    lenet_system_i/smartconnect_0/inst/m00_nodes/m00_ar_node/inst/m_sc_xpm_cdc_async_rst_inst/reset_pol
                         FDCE                                         f  lenet_system_i/smartconnect_0/inst/m00_nodes/m00_ar_node/inst/m_sc_xpm_cdc_async_rst_inst/arststages_ff_reg[0]/CLR
  -------------------------------------------------------------------    -------------------

                         (clock clk_fpga_0 rise edge)
                                                      0.000     0.000 r  
    PS7_X0Y0             PS7                          0.000     0.000 r  lenet_system_i/processing_system7_0/inst/PS7_i/FCLKCLK[0]
                         net (fo=1, unplaced)         0.760     0.760    lenet_system_i/processing_system7_0/inst/FCLK_CLK_unbuffered[0]
                         BUFG (Prop_bufg_I_O)         0.091     0.851 r  lenet_system_i/processing_system7_0/inst/buffer_fclk_clk_0.FCLK_CLK_0_BUFG/O
                         net (fo=12511, unplaced)     0.655     1.505    lenet_system_i/smartconnect_0/inst/m00_nodes/m00_ar_node/inst/m_sc_xpm_cdc_async_rst_inst/dest_clk
                         FDCE                                         r  lenet_system_i/smartconnect_0/inst/m00_nodes/m00_ar_node/inst/m_sc_xpm_cdc_async_rst_inst/arststages_ff_reg[0]/C

Slack:                    inf
  Source:                 lenet_system_i/smartconnect_0/inst/clk_map/psr_aclk/U0/ACTIVE_LOW_BSR_OUT_DFF[0].FDRE_BSR_N/C
                            (rising edge-triggered cell FDRE clocked by clk_fpga_0  {rise@0.000ns fall@5.000ns period=10.000ns})
  Destination:            lenet_system_i/smartconnect_0/inst/m00_nodes/m00_ar_node/inst/m_sc_xpm_cdc_async_rst_inst/arststages_ff_reg[1]/CLR
                            (recovery check against rising-edge clock clk_fpga_0  {rise@0.000ns fall@5.000ns period=10.000ns})
  Path Group:             (none)
  Path Type:              Recovery (Max at Slow Process Corner)
  Data Path Delay:        1.951ns  (logic 0.773ns (39.621%)  route 1.178ns (60.379%))
  Logic Levels:           1  (LUT1=1)
  Clock Path Skew:        -0.195ns (DCD - SCD + CPR)
    Destination Clock Delay (DCD):    1.505ns
    Source Clock Delay      (SCD):    1.700ns
    Clock Pessimism Removal (CPR):    0.000ns
  Clock Uncertainty:      0.154ns  ((TSJ^2 + TIJ^2)^1/2 + DJ) / 2 + PE
    Total System Jitter     (TSJ):    0.071ns
    Total Input Jitter      (TIJ):    0.300ns
    Discrete Jitter          (DJ):    0.000ns
    Phase Error              (PE):    0.000ns
  Timing Exception:       False Path

    Location             Delay type                Incr(ns)  Path(ns)    Netlist Resource(s)
  -------------------------------------------------------------------    -------------------
                         (clock clk_fpga_0 rise edge)
                                                      0.000     0.000 r  
    PS7_X0Y0             PS7                          0.000     0.000 r  lenet_system_i/processing_system7_0/inst/PS7_i/FCLKCLK[0]
                         net (fo=1, unplaced)         0.800     0.800    lenet_system_i/processing_system7_0/inst/FCLK_CLK_unbuffered[0]
                         BUFG (Prop_bufg_I_O)         0.101     0.901 r  lenet_system_i/processing_system7_0/inst/buffer_fclk_clk_0.FCLK_CLK_0_BUFG/O
                         net (fo=12511, unplaced)     0.800     1.700    lenet_system_i/smartconnect_0/inst/clk_map/psr_aclk/U0/aclk
                         FDRE                                         r  lenet_system_i/smartconnect_0/inst/clk_map/psr_aclk/U0/ACTIVE_LOW_BSR_OUT_DFF[0].FDRE_BSR_N/C
  -------------------------------------------------------------------    -------------------
                         FDRE (Prop_fdre_C_Q)         0.478     2.178 r  lenet_system_i/smartconnect_0/inst/clk_map/psr_aclk/U0/ACTIVE_LOW_BSR_OUT_DFF[0].FDRE_BSR_N/Q
                         net (fo=34, unplaced)        0.384     2.562    lenet_system_i/smartconnect_0/inst/m00_nodes/m00_ar_node/inst/m_sc_xpm_cdc_async_rst_inst/src_arst
                         LUT1 (Prop_lut1_I0_O)        0.295     2.857 f  lenet_system_i/smartconnect_0/inst/m00_nodes/m00_ar_node/inst/m_sc_xpm_cdc_async_rst_inst/arststages_ff[2]_i_1/O
                         net (fo=3, unplaced)         0.794     3.651    lenet_system_i/smartconnect_0/inst/m00_nodes/m00_ar_node/inst/m_sc_xpm_cdc_async_rst_inst/reset_pol
                         FDCE                                         f  lenet_system_i/smartconnect_0/inst/m00_nodes/m00_ar_node/inst/m_sc_xpm_cdc_async_rst_inst/arststages_ff_reg[1]/CLR
  -------------------------------------------------------------------    -------------------

                         (clock clk_fpga_0 rise edge)
                                                      0.000     0.000 r  
    PS7_X0Y0             PS7                          0.000     0.000 r  lenet_system_i/processing_system7_0/inst/PS7_i/FCLKCLK[0]
                         net (fo=1, unplaced)         0.760     0.760    lenet_system_i/processing_system7_0/inst/FCLK_CLK_unbuffered[0]
                         BUFG (Prop_bufg_I_O)         0.091     0.851 r  lenet_system_i/processing_system7_0/inst/buffer_fclk_clk_0.FCLK_CLK_0_BUFG/O
                         net (fo=12511, unplaced)     0.655     1.505    lenet_system_i/smartconnect_0/inst/m00_nodes/m00_ar_node/inst/m_sc_xpm_cdc_async_rst_inst/dest_clk
                         FDCE                                         r  lenet_system_i/smartconnect_0/inst/m00_nodes/m00_ar_node/inst/m_sc_xpm_cdc_async_rst_inst/arststages_ff_reg[1]/C

Slack:                    inf
  Source:                 lenet_system_i/smartconnect_0/inst/clk_map/psr_aclk/U0/ACTIVE_LOW_BSR_OUT_DFF[0].FDRE_BSR_N/C
                            (rising edge-triggered cell FDRE clocked by clk_fpga_0  {rise@0.000ns fall@5.000ns period=10.000ns})
  Destination:            lenet_system_i/smartconnect_0/inst/m00_nodes/m00_ar_node/inst/m_sc_xpm_cdc_async_rst_inst/arststages_ff_reg[2]/CLR
                            (recovery check against rising-edge clock clk_fpga_0  {rise@0.000ns fall@5.000ns period=10.000ns})
  Path Group:             (none)
  Path Type:              Recovery (Max at Slow Process Corner)
  Data Path Delay:        1.951ns  (logic 0.773ns (39.621%)  route 1.178ns (60.379%))
  Logic Levels:           1  (LUT1=1)
  Clock Path Skew:        -0.195ns (DCD - SCD + CPR)
    Destination Clock Delay (DCD):    1.505ns
    Source Clock Delay      (SCD):    1.700ns
    Clock Pessimism Removal (CPR):    0.000ns
  Clock Uncertainty:      0.154ns  ((TSJ^2 + TIJ^2)^1/2 + DJ) / 2 + PE
    Total System Jitter     (TSJ):    0.071ns
    Total Input Jitter      (TIJ):    0.300ns
    Discrete Jitter          (DJ):    0.000ns
    Phase Error              (PE):    0.000ns
  Timing Exception:       False Path

    Location             Delay type                Incr(ns)  Path(ns)    Netlist Resource(s)
  -------------------------------------------------------------------    -------------------
                         (clock clk_fpga_0 rise edge)
                                                      0.000     0.000 r  
    PS7_X0Y0             PS7                          0.000     0.000 r  lenet_system_i/processing_system7_0/inst/PS7_i/FCLKCLK[0]
                         net (fo=1, unplaced)         0.800     0.800    lenet_system_i/processing_system7_0/inst/FCLK_CLK_unbuffered[0]
                         BUFG (Prop_bufg_I_O)         0.101     0.901 r  lenet_system_i/processing_system7_0/inst/buffer_fclk_clk_0.FCLK_CLK_0_BUFG/O
                         net (fo=12511, unplaced)     0.800     1.700    lenet_system_i/smartconnect_0/inst/clk_map/psr_aclk/U0/aclk
                         FDRE                                         r  lenet_system_i/smartconnect_0/inst/clk_map/psr_aclk/U0/ACTIVE_LOW_BSR_OUT_DFF[0].FDRE_BSR_N/C
  -------------------------------------------------------------------    -------------------
                         FDRE (Prop_fdre_C_Q)         0.478     2.178 r  lenet_system_i/smartconnect_0/inst/clk_map/psr_aclk/U0/ACTIVE_LOW_BSR_OUT_DFF[0].FDRE_BSR_N/Q
                         net (fo=34, unplaced)        0.384     2.562    lenet_system_i/smartconnect_0/inst/m00_nodes/m00_ar_node/inst/m_sc_xpm_cdc_async_rst_inst/src_arst
                         LUT1 (Prop_lut1_I0_O)        0.295     2.857 f  lenet_system_i/smartconnect_0/inst/m00_nodes/m00_ar_node/inst/m_sc_xpm_cdc_async_rst_inst/arststages_ff[2]_i_1/O
                         net (fo=3, unplaced)         0.794     3.651    lenet_system_i/smartconnect_0/inst/m00_nodes/m00_ar_node/inst/m_sc_xpm_cdc_async_rst_inst/reset_pol
                         FDCE                                         f  lenet_system_i/smartconnect_0/inst/m00_nodes/m00_ar_node/inst/m_sc_xpm_cdc_async_rst_inst/arststages_ff_reg[2]/CLR
  -------------------------------------------------------------------    -------------------

                         (clock clk_fpga_0 rise edge)
                                                      0.000     0.000 r  
    PS7_X0Y0             PS7                          0.000     0.000 r  lenet_system_i/processing_system7_0/inst/PS7_i/FCLKCLK[0]
                         net (fo=1, unplaced)         0.760     0.760    lenet_system_i/processing_system7_0/inst/FCLK_CLK_unbuffered[0]
                         BUFG (Prop_bufg_I_O)         0.091     0.851 r  lenet_system_i/processing_system7_0/inst/buffer_fclk_clk_0.FCLK_CLK_0_BUFG/O
                         net (fo=12511, unplaced)     0.655     1.505    lenet_system_i/smartconnect_0/inst/m00_nodes/m00_ar_node/inst/m_sc_xpm_cdc_async_rst_inst/dest_clk
                         FDCE                                         r  lenet_system_i/smartconnect_0/inst/m00_nodes/m00_ar_node/inst/m_sc_xpm_cdc_async_rst_inst/arststages_ff_reg[2]/C

Slack:                    inf
  Source:                 lenet_system_i/smartconnect_0/inst/clk_map/psr_aclk/U0/ACTIVE_LOW_BSR_OUT_DFF[0].FDRE_BSR_N/C
                            (rising edge-triggered cell FDRE clocked by clk_fpga_0  {rise@0.000ns fall@5.000ns period=10.000ns})
  Destination:            lenet_system_i/smartconnect_0/inst/m00_nodes/m00_ar_node/inst/s_sc_xpm_cdc_async_rst_inst/arststages_ff_reg[0]/CLR
                            (recovery check against rising-edge clock clk_fpga_0  {rise@0.000ns fall@5.000ns period=10.000ns})
  Path Group:             (none)
  Path Type:              Recovery (Max at Slow Process Corner)
  Data Path Delay:        1.951ns  (logic 0.773ns (39.621%)  route 1.178ns (60.379%))
  Logic Levels:           1  (LUT1=1)
  Clock Path Skew:        -0.195ns (DCD - SCD + CPR)
    Destination Clock Delay (DCD):    1.505ns
    Source Clock Delay      (SCD):    1.700ns
    Clock Pessimism Removal (CPR):    0.000ns
  Clock Uncertainty:      0.154ns  ((TSJ^2 + TIJ^2)^1/2 + DJ) / 2 + PE
    Total System Jitter     (TSJ):    0.071ns
    Total Input Jitter      (TIJ):    0.300ns
    Discrete Jitter          (DJ):    0.000ns
    Phase Error              (PE):    0.000ns
  Timing Exception:       False Path

    Location             Delay type                Incr(ns)  Path(ns)    Netlist Resource(s)
  -------------------------------------------------------------------    -------------------
                         (clock clk_fpga_0 rise edge)
                                                      0.000     0.000 r  
    PS7_X0Y0             PS7                          0.000     0.000 r  lenet_system_i/processing_system7_0/inst/PS7_i/FCLKCLK[0]
                         net (fo=1, unplaced)         0.800     0.800    lenet_system_i/processing_system7_0/inst/FCLK_CLK_unbuffered[0]
                         BUFG (Prop_bufg_I_O)         0.101     0.901 r  lenet_system_i/processing_system7_0/inst/buffer_fclk_clk_0.FCLK_CLK_0_BUFG/O
                         net (fo=12511, unplaced)     0.800     1.700    lenet_system_i/smartconnect_0/inst/clk_map/psr_aclk/U0/aclk
                         FDRE                                         r  lenet_system_i/smartconnect_0/inst/clk_map/psr_aclk/U0/ACTIVE_LOW_BSR_OUT_DFF[0].FDRE_BSR_N/C
  -------------------------------------------------------------------    -------------------
                         FDRE (Prop_fdre_C_Q)         0.478     2.178 r  lenet_system_i/smartconnect_0/inst/clk_map/psr_aclk/U0/ACTIVE_LOW_BSR_OUT_DFF[0].FDRE_BSR_N/Q
                         net (fo=34, unplaced)        0.384     2.562    lenet_system_i/smartconnect_0/inst/m00_nodes/m00_ar_node/inst/s_sc_xpm_cdc_async_rst_inst/src_arst
                         LUT1 (Prop_lut1_I0_O)        0.295     2.857 f  lenet_system_i/smartconnect_0/inst/m00_nodes/m00_ar_node/inst/s_sc_xpm_cdc_async_rst_inst/arststages_ff[2]_i_1/O
                         net (fo=3, unplaced)         0.794     3.651    lenet_system_i/smartconnect_0/inst/m00_nodes/m00_ar_node/inst/s_sc_xpm_cdc_async_rst_inst/reset_pol
                         FDCE                                         f  lenet_system_i/smartconnect_0/inst/m00_nodes/m00_ar_node/inst/s_sc_xpm_cdc_async_rst_inst/arststages_ff_reg[0]/CLR
  -------------------------------------------------------------------    -------------------

                         (clock clk_fpga_0 rise edge)
                                                      0.000     0.000 r  
    PS7_X0Y0             PS7                          0.000     0.000 r  lenet_system_i/processing_system7_0/inst/PS7_i/FCLKCLK[0]
                         net (fo=1, unplaced)         0.760     0.760    lenet_system_i/processing_system7_0/inst/FCLK_CLK_unbuffered[0]
                         BUFG (Prop_bufg_I_O)         0.091     0.851 r  lenet_system_i/processing_system7_0/inst/buffer_fclk_clk_0.FCLK_CLK_0_BUFG/O
                         net (fo=12511, unplaced)     0.655     1.505    lenet_system_i/smartconnect_0/inst/m00_nodes/m00_ar_node/inst/s_sc_xpm_cdc_async_rst_inst/dest_clk
                         FDCE                                         r  lenet_system_i/smartconnect_0/inst/m00_nodes/m00_ar_node/inst/s_sc_xpm_cdc_async_rst_inst/arststages_ff_reg[0]/C

Slack:                    inf
  Source:                 lenet_system_i/smartconnect_0/inst/clk_map/psr_aclk/U0/ACTIVE_LOW_BSR_OUT_DFF[0].FDRE_BSR_N/C
                            (rising edge-triggered cell FDRE clocked by clk_fpga_0  {rise@0.000ns fall@5.000ns period=10.000ns})
  Destination:            lenet_system_i/smartconnect_0/inst/m00_nodes/m00_ar_node/inst/s_sc_xpm_cdc_async_rst_inst/arststages_ff_reg[1]/CLR
                            (recovery check against rising-edge clock clk_fpga_0  {rise@0.000ns fall@5.000ns period=10.000ns})
  Path Group:             (none)
  Path Type:              Recovery (Max at Slow Process Corner)
  Data Path Delay:        1.951ns  (logic 0.773ns (39.621%)  route 1.178ns (60.379%))
  Logic Levels:           1  (LUT1=1)
  Clock Path Skew:        -0.195ns (DCD - SCD + CPR)
    Destination Clock Delay (DCD):    1.505ns
    Source Clock Delay      (SCD):    1.700ns
    Clock Pessimism Removal (CPR):    0.000ns
  Clock Uncertainty:      0.154ns  ((TSJ^2 + TIJ^2)^1/2 + DJ) / 2 + PE
    Total System Jitter     (TSJ):    0.071ns
    Total Input Jitter      (TIJ):    0.300ns
    Discrete Jitter          (DJ):    0.000ns
    Phase Error              (PE):    0.000ns
  Timing Exception:       False Path

    Location             Delay type                Incr(ns)  Path(ns)    Netlist Resource(s)
  -------------------------------------------------------------------    -------------------
                         (clock clk_fpga_0 rise edge)
                                                      0.000     0.000 r  
    PS7_X0Y0             PS7                          0.000     0.000 r  lenet_system_i/processing_system7_0/inst/PS7_i/FCLKCLK[0]
                         net (fo=1, unplaced)         0.800     0.800    lenet_system_i/processing_system7_0/inst/FCLK_CLK_unbuffered[0]
                         BUFG (Prop_bufg_I_O)         0.101     0.901 r  lenet_system_i/processing_system7_0/inst/buffer_fclk_clk_0.FCLK_CLK_0_BUFG/O
                         net (fo=12511, unplaced)     0.800     1.700    lenet_system_i/smartconnect_0/inst/clk_map/psr_aclk/U0/aclk
                         FDRE                                         r  lenet_system_i/smartconnect_0/inst/clk_map/psr_aclk/U0/ACTIVE_LOW_BSR_OUT_DFF[0].FDRE_BSR_N/C
  -------------------------------------------------------------------    -------------------
                         FDRE (Prop_fdre_C_Q)         0.478     2.178 r  lenet_system_i/smartconnect_0/inst/clk_map/psr_aclk/U0/ACTIVE_LOW_BSR_OUT_DFF[0].FDRE_BSR_N/Q
                         net (fo=34, unplaced)        0.384     2.562    lenet_system_i/smartconnect_0/inst/m00_nodes/m00_ar_node/inst/s_sc_xpm_cdc_async_rst_inst/src_arst
                         LUT1 (Prop_lut1_I0_O)        0.295     2.857 f  lenet_system_i/smartconnect_0/inst/m00_nodes/m00_ar_node/inst/s_sc_xpm_cdc_async_rst_inst/arststages_ff[2]_i_1/O
                         net (fo=3, unplaced)         0.794     3.651    lenet_system_i/smartconnect_0/inst/m00_nodes/m00_ar_node/inst/s_sc_xpm_cdc_async_rst_inst/reset_pol
                         FDCE                                         f  lenet_system_i/smartconnect_0/inst/m00_nodes/m00_ar_node/inst/s_sc_xpm_cdc_async_rst_inst/arststages_ff_reg[1]/CLR
  -------------------------------------------------------------------    -------------------

                         (clock clk_fpga_0 rise edge)
                                                      0.000     0.000 r  
    PS7_X0Y0             PS7                          0.000     0.000 r  lenet_system_i/processing_system7_0/inst/PS7_i/FCLKCLK[0]
                         net (fo=1, unplaced)         0.760     0.760    lenet_system_i/processing_system7_0/inst/FCLK_CLK_unbuffered[0]
                         BUFG (Prop_bufg_I_O)         0.091     0.851 r  lenet_system_i/processing_system7_0/inst/buffer_fclk_clk_0.FCLK_CLK_0_BUFG/O
                         net (fo=12511, unplaced)     0.655     1.505    lenet_system_i/smartconnect_0/inst/m00_nodes/m00_ar_node/inst/s_sc_xpm_cdc_async_rst_inst/dest_clk
                         FDCE                                         r  lenet_system_i/smartconnect_0/inst/m00_nodes/m00_ar_node/inst/s_sc_xpm_cdc_async_rst_inst/arststages_ff_reg[1]/C

Slack:                    inf
  Source:                 lenet_system_i/smartconnect_0/inst/clk_map/psr_aclk/U0/ACTIVE_LOW_BSR_OUT_DFF[0].FDRE_BSR_N/C
                            (rising edge-triggered cell FDRE clocked by clk_fpga_0  {rise@0.000ns fall@5.000ns period=10.000ns})
  Destination:            lenet_system_i/smartconnect_0/inst/m00_nodes/m00_ar_node/inst/s_sc_xpm_cdc_async_rst_inst/arststages_ff_reg[2]/CLR
                            (recovery check against rising-edge clock clk_fpga_0  {rise@0.000ns fall@5.000ns period=10.000ns})
  Path Group:             (none)
  Path Type:              Recovery (Max at Slow Process Corner)
  Data Path Delay:        1.951ns  (logic 0.773ns (39.621%)  route 1.178ns (60.379%))
  Logic Levels:           1  (LUT1=1)
  Clock Path Skew:        -0.195ns (DCD - SCD + CPR)
    Destination Clock Delay (DCD):    1.505ns
    Source Clock Delay      (SCD):    1.700ns
    Clock Pessimism Removal (CPR):    0.000ns
  Clock Uncertainty:      0.154ns  ((TSJ^2 + TIJ^2)^1/2 + DJ) / 2 + PE
    Total System Jitter     (TSJ):    0.071ns
    Total Input Jitter      (TIJ):    0.300ns
    Discrete Jitter          (DJ):    0.000ns
    Phase Error              (PE):    0.000ns
  Timing Exception:       False Path

    Location             Delay type                Incr(ns)  Path(ns)    Netlist Resource(s)
  -------------------------------------------------------------------    -------------------
                         (clock clk_fpga_0 rise edge)
                                                      0.000     0.000 r  
    PS7_X0Y0             PS7                          0.000     0.000 r  lenet_system_i/processing_system7_0/inst/PS7_i/FCLKCLK[0]
                         net (fo=1, unplaced)         0.800     0.800    lenet_system_i/processing_system7_0/inst/FCLK_CLK_unbuffered[0]
                         BUFG (Prop_bufg_I_O)         0.101     0.901 r  lenet_system_i/processing_system7_0/inst/buffer_fclk_clk_0.FCLK_CLK_0_BUFG/O
                         net (fo=12511, unplaced)     0.800     1.700    lenet_system_i/smartconnect_0/inst/clk_map/psr_aclk/U0/aclk
                         FDRE                                         r  lenet_system_i/smartconnect_0/inst/clk_map/psr_aclk/U0/ACTIVE_LOW_BSR_OUT_DFF[0].FDRE_BSR_N/C
  -------------------------------------------------------------------    -------------------
                         FDRE (Prop_fdre_C_Q)         0.478     2.178 r  lenet_system_i/smartconnect_0/inst/clk_map/psr_aclk/U0/ACTIVE_LOW_BSR_OUT_DFF[0].FDRE_BSR_N/Q
                         net (fo=34, unplaced)        0.384     2.562    lenet_system_i/smartconnect_0/inst/m00_nodes/m00_ar_node/inst/s_sc_xpm_cdc_async_rst_inst/src_arst
                         LUT1 (Prop_lut1_I0_O)        0.295     2.857 f  lenet_system_i/smartconnect_0/inst/m00_nodes/m00_ar_node/inst/s_sc_xpm_cdc_async_rst_inst/arststages_ff[2]_i_1/O
                         net (fo=3, unplaced)         0.794     3.651    lenet_system_i/smartconnect_0/inst/m00_nodes/m00_ar_node/inst/s_sc_xpm_cdc_async_rst_inst/reset_pol
                         FDCE                                         f  lenet_system_i/smartconnect_0/inst/m00_nodes/m00_ar_node/inst/s_sc_xpm_cdc_async_rst_inst/arststages_ff_reg[2]/CLR
  -------------------------------------------------------------------    -------------------

                         (clock clk_fpga_0 rise edge)
                                                      0.000     0.000 r  
    PS7_X0Y0             PS7                          0.000     0.000 r  lenet_system_i/processing_system7_0/inst/PS7_i/FCLKCLK[0]
                         net (fo=1, unplaced)         0.760     0.760    lenet_system_i/processing_system7_0/inst/FCLK_CLK_unbuffered[0]
                         BUFG (Prop_bufg_I_O)         0.091     0.851 r  lenet_system_i/processing_system7_0/inst/buffer_fclk_clk_0.FCLK_CLK_0_BUFG/O
                         net (fo=12511, unplaced)     0.655     1.505    lenet_system_i/smartconnect_0/inst/m00_nodes/m00_ar_node/inst/s_sc_xpm_cdc_async_rst_inst/dest_clk
                         FDCE                                         r  lenet_system_i/smartconnect_0/inst/m00_nodes/m00_ar_node/inst/s_sc_xpm_cdc_async_rst_inst/arststages_ff_reg[2]/C

Slack:                    inf
  Source:                 lenet_system_i/smartconnect_0/inst/clk_map/psr_aclk/U0/ACTIVE_LOW_BSR_OUT_DFF[0].FDRE_BSR_N/C
                            (rising edge-triggered cell FDRE clocked by clk_fpga_0  {rise@0.000ns fall@5.000ns period=10.000ns})
  Destination:            lenet_system_i/smartconnect_0/inst/m00_nodes/m00_aw_node/inst/m_sc_xpm_cdc_async_rst_inst/arststages_ff_reg[0]/CLR
                            (recovery check against rising-edge clock clk_fpga_0  {rise@0.000ns fall@5.000ns period=10.000ns})
  Path Group:             (none)
  Path Type:              Recovery (Max at Slow Process Corner)
  Data Path Delay:        1.951ns  (logic 0.773ns (39.621%)  route 1.178ns (60.379%))
  Logic Levels:           1  (LUT1=1)
  Clock Path Skew:        -0.195ns (DCD - SCD + CPR)
    Destination Clock Delay (DCD):    1.505ns
    Source Clock Delay      (SCD):    1.700ns
    Clock Pessimism Removal (CPR):    0.000ns
  Clock Uncertainty:      0.154ns  ((TSJ^2 + TIJ^2)^1/2 + DJ) / 2 + PE
    Total System Jitter     (TSJ):    0.071ns
    Total Input Jitter      (TIJ):    0.300ns
    Discrete Jitter          (DJ):    0.000ns
    Phase Error              (PE):    0.000ns
  Timing Exception:       False Path

    Location             Delay type                Incr(ns)  Path(ns)    Netlist Resource(s)
  -------------------------------------------------------------------    -------------------
                         (clock clk_fpga_0 rise edge)
                                                      0.000     0.000 r  
    PS7_X0Y0             PS7                          0.000     0.000 r  lenet_system_i/processing_system7_0/inst/PS7_i/FCLKCLK[0]
                         net (fo=1, unplaced)         0.800     0.800    lenet_system_i/processing_system7_0/inst/FCLK_CLK_unbuffered[0]
                         BUFG (Prop_bufg_I_O)         0.101     0.901 r  lenet_system_i/processing_system7_0/inst/buffer_fclk_clk_0.FCLK_CLK_0_BUFG/O
                         net (fo=12511, unplaced)     0.800     1.700    lenet_system_i/smartconnect_0/inst/clk_map/psr_aclk/U0/aclk
                         FDRE                                         r  lenet_system_i/smartconnect_0/inst/clk_map/psr_aclk/U0/ACTIVE_LOW_BSR_OUT_DFF[0].FDRE_BSR_N/C
  -------------------------------------------------------------------    -------------------
                         FDRE (Prop_fdre_C_Q)         0.478     2.178 r  lenet_system_i/smartconnect_0/inst/clk_map/psr_aclk/U0/ACTIVE_LOW_BSR_OUT_DFF[0].FDRE_BSR_N/Q
                         net (fo=34, unplaced)        0.384     2.562    lenet_system_i/smartconnect_0/inst/m00_nodes/m00_aw_node/inst/m_sc_xpm_cdc_async_rst_inst/src_arst
                         LUT1 (Prop_lut1_I0_O)        0.295     2.857 f  lenet_system_i/smartconnect_0/inst/m00_nodes/m00_aw_node/inst/m_sc_xpm_cdc_async_rst_inst/arststages_ff[2]_i_1/O
                         net (fo=3, unplaced)         0.794     3.651    lenet_system_i/smartconnect_0/inst/m00_nodes/m00_aw_node/inst/m_sc_xpm_cdc_async_rst_inst/reset_pol
                         FDCE                                         f  lenet_system_i/smartconnect_0/inst/m00_nodes/m00_aw_node/inst/m_sc_xpm_cdc_async_rst_inst/arststages_ff_reg[0]/CLR
  -------------------------------------------------------------------    -------------------

                         (clock clk_fpga_0 rise edge)
                                                      0.000     0.000 r  
    PS7_X0Y0             PS7                          0.000     0.000 r  lenet_system_i/processing_system7_0/inst/PS7_i/FCLKCLK[0]
                         net (fo=1, unplaced)         0.760     0.760    lenet_system_i/processing_system7_0/inst/FCLK_CLK_unbuffered[0]
                         BUFG (Prop_bufg_I_O)         0.091     0.851 r  lenet_system_i/processing_system7_0/inst/buffer_fclk_clk_0.FCLK_CLK_0_BUFG/O
                         net (fo=12511, unplaced)     0.655     1.505    lenet_system_i/smartconnect_0/inst/m00_nodes/m00_aw_node/inst/m_sc_xpm_cdc_async_rst_inst/dest_clk
                         FDCE                                         r  lenet_system_i/smartconnect_0/inst/m00_nodes/m00_aw_node/inst/m_sc_xpm_cdc_async_rst_inst/arststages_ff_reg[0]/C





Min Delay Paths
--------------------------------------------------------------------------------------
Slack:                    inf
  Source:                 lenet_system_i/proc_sys_reset_0/U0/ACTIVE_LOW_BSR_OUT_DFF[0].FDRE_BSR_N/C
                            (rising edge-triggered cell FDRE clocked by clk_fpga_0  {rise@0.000ns fall@5.000ns period=10.000ns})
  Destination:            lenet_system_i/smartconnect_0/inst/clk_map/psr_aclk/U0/EXT_LPF/ACTIVE_LOW_AUX.ACT_LO_AUX/GENERATE_LEVEL_P_S_CDC.SINGLE_BIT.CROSS_PLEVEL_IN2SCNDRY_IN_cdc_to/D
                            (rising edge-triggered cell FDRE clocked by clk_fpga_0  {rise@0.000ns fall@5.000ns period=10.000ns})
  Path Group:             (none)
  Path Type:              Hold (Min at Fast Process Corner)
  Data Path Delay:        0.376ns  (logic 0.245ns (65.144%)  route 0.131ns (34.856%))
  Logic Levels:           1  (LUT1=1)
  Clock Path Skew:        0.166ns (DCD - SCD - CPR)
    Destination Clock Delay (DCD):    0.739ns
    Source Clock Delay      (SCD):    0.573ns
    Clock Pessimism Removal (CPR):    -0.000ns
  Clock Uncertainty:      0.154ns  ((TSJ^2 + TIJ^2)^1/2 + DJ) / 2 + PE
    Total System Jitter     (TSJ):    0.071ns
    Total Input Jitter      (TIJ):    0.300ns
    Discrete Jitter          (DJ):    0.000ns
    Phase Error              (PE):    0.000ns
  Timing Exception:       False Path

    Location             Delay type                Incr(ns)  Path(ns)    Netlist Resource(s)
  -------------------------------------------------------------------    -------------------
                         (clock clk_fpga_0 rise edge)
                                                      0.000     0.000 r  
    PS7_X0Y0             PS7                          0.000     0.000 r  lenet_system_i/processing_system7_0/inst/PS7_i/FCLKCLK[0]
                         net (fo=1, unplaced)         0.337     0.337    lenet_system_i/processing_system7_0/inst/FCLK_CLK_unbuffered[0]
                         BUFG (Prop_bufg_I_O)         0.026     0.363 r  lenet_system_i/processing_system7_0/inst/buffer_fclk_clk_0.FCLK_CLK_0_BUFG/O
                         net (fo=12511, unplaced)     0.210     0.573    lenet_system_i/proc_sys_reset_0/U0/slowest_sync_clk
                         FDRE                                         r  lenet_system_i/proc_sys_reset_0/U0/ACTIVE_LOW_BSR_OUT_DFF[0].FDRE_BSR_N/C
  -------------------------------------------------------------------    -------------------
                         FDRE (Prop_fdre_C_Q)         0.147     0.720 f  lenet_system_i/proc_sys_reset_0/U0/ACTIVE_LOW_BSR_OUT_DFF[0].FDRE_BSR_N/Q
                         net (fo=1, unplaced)         0.131     0.851    lenet_system_i/smartconnect_0/inst/clk_map/psr_aclk/U0/EXT_LPF/ACTIVE_LOW_AUX.ACT_LO_AUX/aresetn
                         LUT1 (Prop_lut1_I0_O)        0.098     0.949 r  lenet_system_i/smartconnect_0/inst/clk_map/psr_aclk/U0/EXT_LPF/ACTIVE_LOW_AUX.ACT_LO_AUX/GENERATE_LEVEL_P_S_CDC.SINGLE_BIT.CROSS_PLEVEL_IN2SCNDRY_IN_cdc_to_i_1/O
                         net (fo=1, unplaced)         0.000     0.949    lenet_system_i/smartconnect_0/inst/clk_map/psr_aclk/U0/EXT_LPF/ACTIVE_LOW_AUX.ACT_LO_AUX/asr_d1
                         FDRE                                         r  lenet_system_i/smartconnect_0/inst/clk_map/psr_aclk/U0/EXT_LPF/ACTIVE_LOW_AUX.ACT_LO_AUX/GENERATE_LEVEL_P_S_CDC.SINGLE_BIT.CROSS_PLEVEL_IN2SCNDRY_IN_cdc_to/D
  -------------------------------------------------------------------    -------------------

                         (clock clk_fpga_0 rise edge)
                                                      0.000     0.000 r  
    PS7_X0Y0             PS7                          0.000     0.000 r  lenet_system_i/processing_system7_0/inst/PS7_i/FCLKCLK[0]
                         net (fo=1, unplaced)         0.355     0.355    lenet_system_i/processing_system7_0/inst/FCLK_CLK_unbuffered[0]
                         BUFG (Prop_bufg_I_O)         0.029     0.384 r  lenet_system_i/processing_system7_0/inst/buffer_fclk_clk_0.FCLK_CLK_0_BUFG/O
                         net (fo=12511, unplaced)     0.355     0.739    lenet_system_i/smartconnect_0/inst/clk_map/psr_aclk/U0/EXT_LPF/ACTIVE_LOW_AUX.ACT_LO_AUX/aclk
                         FDRE                                         r  lenet_system_i/smartconnect_0/inst/clk_map/psr_aclk/U0/EXT_LPF/ACTIVE_LOW_AUX.ACT_LO_AUX/GENERATE_LEVEL_P_S_CDC.SINGLE_BIT.CROSS_PLEVEL_IN2SCNDRY_IN_cdc_to/C

Slack:                    inf
  Source:                 lenet_system_i/smartconnect_0/inst/clk_map/psr_aclk/U0/ACTIVE_LOW_BSR_OUT_DFF[0].FDRE_BSR_N/C
                            (rising edge-triggered cell FDRE clocked by clk_fpga_0  {rise@0.000ns fall@5.000ns period=10.000ns})
  Destination:            lenet_system_i/smartconnect_0/inst/m00_exit_pipeline/m00_exit/inst/xpm_cdc_async_rst_inst/arststages_ff_reg[0]/CLR
                            (removal check against rising-edge clock clk_fpga_0  {rise@0.000ns fall@5.000ns period=10.000ns})
  Path Group:             (none)
  Path Type:              Removal (Min at Fast Process Corner)
  Data Path Delay:        0.742ns  (logic 0.245ns (33.039%)  route 0.497ns (66.961%))
  Logic Levels:           1  (LUT1=1)
  Clock Path Skew:        0.166ns (DCD - SCD - CPR)
    Destination Clock Delay (DCD):    0.739ns
    Source Clock Delay      (SCD):    0.573ns
    Clock Pessimism Removal (CPR):    -0.000ns
  Clock Uncertainty:      0.154ns  ((TSJ^2 + TIJ^2)^1/2 + DJ) / 2 + PE
    Total System Jitter     (TSJ):    0.071ns
    Total Input Jitter      (TIJ):    0.300ns
    Discrete Jitter          (DJ):    0.000ns
    Phase Error              (PE):    0.000ns
  Timing Exception:       False Path

    Location             Delay type                Incr(ns)  Path(ns)    Netlist Resource(s)
  -------------------------------------------------------------------    -------------------
                         (clock clk_fpga_0 rise edge)
                                                      0.000     0.000 r  
    PS7_X0Y0             PS7                          0.000     0.000 r  lenet_system_i/processing_system7_0/inst/PS7_i/FCLKCLK[0]
                         net (fo=1, unplaced)         0.337     0.337    lenet_system_i/processing_system7_0/inst/FCLK_CLK_unbuffered[0]
                         BUFG (Prop_bufg_I_O)         0.026     0.363 r  lenet_system_i/processing_system7_0/inst/buffer_fclk_clk_0.FCLK_CLK_0_BUFG/O
                         net (fo=12511, unplaced)     0.210     0.573    lenet_system_i/smartconnect_0/inst/clk_map/psr_aclk/U0/aclk
                         FDRE                                         r  lenet_system_i/smartconnect_0/inst/clk_map/psr_aclk/U0/ACTIVE_LOW_BSR_OUT_DFF[0].FDRE_BSR_N/C
  -------------------------------------------------------------------    -------------------
                         FDRE (Prop_fdre_C_Q)         0.147     0.720 r  lenet_system_i/smartconnect_0/inst/clk_map/psr_aclk/U0/ACTIVE_LOW_BSR_OUT_DFF[0].FDRE_BSR_N/Q
                         net (fo=34, unplaced)        0.162     0.882    lenet_system_i/smartconnect_0/inst/m00_exit_pipeline/m00_exit/inst/xpm_cdc_async_rst_inst/src_arst
                         LUT1 (Prop_lut1_I0_O)        0.098     0.980 f  lenet_system_i/smartconnect_0/inst/m00_exit_pipeline/m00_exit/inst/xpm_cdc_async_rst_inst/arststages_ff[2]_i_1/O
                         net (fo=3, unplaced)         0.335     1.314    lenet_system_i/smartconnect_0/inst/m00_exit_pipeline/m00_exit/inst/xpm_cdc_async_rst_inst/reset_pol
                         FDCE                                         f  lenet_system_i/smartconnect_0/inst/m00_exit_pipeline/m00_exit/inst/xpm_cdc_async_rst_inst/arststages_ff_reg[0]/CLR
  -------------------------------------------------------------------    -------------------

                         (clock clk_fpga_0 rise edge)
                                                      0.000     0.000 r  
    PS7_X0Y0             PS7                          0.000     0.000 r  lenet_system_i/processing_system7_0/inst/PS7_i/FCLKCLK[0]
                         net (fo=1, unplaced)         0.355     0.355    lenet_system_i/processing_system7_0/inst/FCLK_CLK_unbuffered[0]
                         BUFG (Prop_bufg_I_O)         0.029     0.384 r  lenet_system_i/processing_system7_0/inst/buffer_fclk_clk_0.FCLK_CLK_0_BUFG/O
                         net (fo=12511, unplaced)     0.355     0.739    lenet_system_i/smartconnect_0/inst/m00_exit_pipeline/m00_exit/inst/xpm_cdc_async_rst_inst/dest_clk
                         FDCE                                         r  lenet_system_i/smartconnect_0/inst/m00_exit_pipeline/m00_exit/inst/xpm_cdc_async_rst_inst/arststages_ff_reg[0]/C

Slack:                    inf
  Source:                 lenet_system_i/smartconnect_0/inst/clk_map/psr_aclk/U0/ACTIVE_LOW_BSR_OUT_DFF[0].FDRE_BSR_N/C
                            (rising edge-triggered cell FDRE clocked by clk_fpga_0  {rise@0.000ns fall@5.000ns period=10.000ns})
  Destination:            lenet_system_i/smartconnect_0/inst/m00_exit_pipeline/m00_exit/inst/xpm_cdc_async_rst_inst/arststages_ff_reg[1]/CLR
                            (removal check against rising-edge clock clk_fpga_0  {rise@0.000ns fall@5.000ns period=10.000ns})
  Path Group:             (none)
  Path Type:              Removal (Min at Fast Process Corner)
  Data Path Delay:        0.742ns  (logic 0.245ns (33.039%)  route 0.497ns (66.961%))
  Logic Levels:           1  (LUT1=1)
  Clock Path Skew:        0.166ns (DCD - SCD - CPR)
    Destination Clock Delay (DCD):    0.739ns
    Source Clock Delay      (SCD):    0.573ns
    Clock Pessimism Removal (CPR):    -0.000ns
  Clock Uncertainty:      0.154ns  ((TSJ^2 + TIJ^2)^1/2 + DJ) / 2 + PE
    Total System Jitter     (TSJ):    0.071ns
    Total Input Jitter      (TIJ):    0.300ns
    Discrete Jitter          (DJ):    0.000ns
    Phase Error              (PE):    0.000ns
  Timing Exception:       False Path

    Location             Delay type                Incr(ns)  Path(ns)    Netlist Resource(s)
  -------------------------------------------------------------------    -------------------
                         (clock clk_fpga_0 rise edge)
                                                      0.000     0.000 r  
    PS7_X0Y0             PS7                          0.000     0.000 r  lenet_system_i/processing_system7_0/inst/PS7_i/FCLKCLK[0]
                         net (fo=1, unplaced)         0.337     0.337    lenet_system_i/processing_system7_0/inst/FCLK_CLK_unbuffered[0]
                         BUFG (Prop_bufg_I_O)         0.026     0.363 r  lenet_system_i/processing_system7_0/inst/buffer_fclk_clk_0.FCLK_CLK_0_BUFG/O
                         net (fo=12511, unplaced)     0.210     0.573    lenet_system_i/smartconnect_0/inst/clk_map/psr_aclk/U0/aclk
                         FDRE                                         r  lenet_system_i/smartconnect_0/inst/clk_map/psr_aclk/U0/ACTIVE_LOW_BSR_OUT_DFF[0].FDRE_BSR_N/C
  -------------------------------------------------------------------    -------------------
                         FDRE (Prop_fdre_C_Q)         0.147     0.720 r  lenet_system_i/smartconnect_0/inst/clk_map/psr_aclk/U0/ACTIVE_LOW_BSR_OUT_DFF[0].FDRE_BSR_N/Q
                         net (fo=34, unplaced)        0.162     0.882    lenet_system_i/smartconnect_0/inst/m00_exit_pipeline/m00_exit/inst/xpm_cdc_async_rst_inst/src_arst
                         LUT1 (Prop_lut1_I0_O)        0.098     0.980 f  lenet_system_i/smartconnect_0/inst/m00_exit_pipeline/m00_exit/inst/xpm_cdc_async_rst_inst/arststages_ff[2]_i_1/O
                         net (fo=3, unplaced)         0.335     1.314    lenet_system_i/smartconnect_0/inst/m00_exit_pipeline/m00_exit/inst/xpm_cdc_async_rst_inst/reset_pol
                         FDCE                                         f  lenet_system_i/smartconnect_0/inst/m00_exit_pipeline/m00_exit/inst/xpm_cdc_async_rst_inst/arststages_ff_reg[1]/CLR
  -------------------------------------------------------------------    -------------------

                         (clock clk_fpga_0 rise edge)
                                                      0.000     0.000 r  
    PS7_X0Y0             PS7                          0.000     0.000 r  lenet_system_i/processing_system7_0/inst/PS7_i/FCLKCLK[0]
                         net (fo=1, unplaced)         0.355     0.355    lenet_system_i/processing_system7_0/inst/FCLK_CLK_unbuffered[0]
                         BUFG (Prop_bufg_I_O)         0.029     0.384 r  lenet_system_i/processing_system7_0/inst/buffer_fclk_clk_0.FCLK_CLK_0_BUFG/O
                         net (fo=12511, unplaced)     0.355     0.739    lenet_system_i/smartconnect_0/inst/m00_exit_pipeline/m00_exit/inst/xpm_cdc_async_rst_inst/dest_clk
                         FDCE                                         r  lenet_system_i/smartconnect_0/inst/m00_exit_pipeline/m00_exit/inst/xpm_cdc_async_rst_inst/arststages_ff_reg[1]/C

Slack:                    inf
  Source:                 lenet_system_i/smartconnect_0/inst/clk_map/psr_aclk/U0/ACTIVE_LOW_BSR_OUT_DFF[0].FDRE_BSR_N/C
                            (rising edge-triggered cell FDRE clocked by clk_fpga_0  {rise@0.000ns fall@5.000ns period=10.000ns})
  Destination:            lenet_system_i/smartconnect_0/inst/m00_exit_pipeline/m00_exit/inst/xpm_cdc_async_rst_inst/arststages_ff_reg[2]/CLR
                            (removal check against rising-edge clock clk_fpga_0  {rise@0.000ns fall@5.000ns period=10.000ns})
  Path Group:             (none)
  Path Type:              Removal (Min at Fast Process Corner)
  Data Path Delay:        0.742ns  (logic 0.245ns (33.039%)  route 0.497ns (66.961%))
  Logic Levels:           1  (LUT1=1)
  Clock Path Skew:        0.166ns (DCD - SCD - CPR)
    Destination Clock Delay (DCD):    0.739ns
    Source Clock Delay      (SCD):    0.573ns
    Clock Pessimism Removal (CPR):    -0.000ns
  Clock Uncertainty:      0.154ns  ((TSJ^2 + TIJ^2)^1/2 + DJ) / 2 + PE
    Total System Jitter     (TSJ):    0.071ns
    Total Input Jitter      (TIJ):    0.300ns
    Discrete Jitter          (DJ):    0.000ns
    Phase Error              (PE):    0.000ns
  Timing Exception:       False Path

    Location             Delay type                Incr(ns)  Path(ns)    Netlist Resource(s)
  -------------------------------------------------------------------    -------------------
                         (clock clk_fpga_0 rise edge)
                                                      0.000     0.000 r  
    PS7_X0Y0             PS7                          0.000     0.000 r  lenet_system_i/processing_system7_0/inst/PS7_i/FCLKCLK[0]
                         net (fo=1, unplaced)         0.337     0.337    lenet_system_i/processing_system7_0/inst/FCLK_CLK_unbuffered[0]
                         BUFG (Prop_bufg_I_O)         0.026     0.363 r  lenet_system_i/processing_system7_0/inst/buffer_fclk_clk_0.FCLK_CLK_0_BUFG/O
                         net (fo=12511, unplaced)     0.210     0.573    lenet_system_i/smartconnect_0/inst/clk_map/psr_aclk/U0/aclk
                         FDRE                                         r  lenet_system_i/smartconnect_0/inst/clk_map/psr_aclk/U0/ACTIVE_LOW_BSR_OUT_DFF[0].FDRE_BSR_N/C
  -------------------------------------------------------------------    -------------------
                         FDRE (Prop_fdre_C_Q)         0.147     0.720 r  lenet_system_i/smartconnect_0/inst/clk_map/psr_aclk/U0/ACTIVE_LOW_BSR_OUT_DFF[0].FDRE_BSR_N/Q
                         net (fo=34, unplaced)        0.162     0.882    lenet_system_i/smartconnect_0/inst/m00_exit_pipeline/m00_exit/inst/xpm_cdc_async_rst_inst/src_arst
                         LUT1 (Prop_lut1_I0_O)        0.098     0.980 f  lenet_system_i/smartconnect_0/inst/m00_exit_pipeline/m00_exit/inst/xpm_cdc_async_rst_inst/arststages_ff[2]_i_1/O
                         net (fo=3, unplaced)         0.335     1.314    lenet_system_i/smartconnect_0/inst/m00_exit_pipeline/m00_exit/inst/xpm_cdc_async_rst_inst/reset_pol
                         FDCE                                         f  lenet_system_i/smartconnect_0/inst/m00_exit_pipeline/m00_exit/inst/xpm_cdc_async_rst_inst/arststages_ff_reg[2]/CLR
  -------------------------------------------------------------------    -------------------

                         (clock clk_fpga_0 rise edge)
                                                      0.000     0.000 r  
    PS7_X0Y0             PS7                          0.000     0.000 r  lenet_system_i/processing_system7_0/inst/PS7_i/FCLKCLK[0]
                         net (fo=1, unplaced)         0.355     0.355    lenet_system_i/processing_system7_0/inst/FCLK_CLK_unbuffered[0]
                         BUFG (Prop_bufg_I_O)         0.029     0.384 r  lenet_system_i/processing_system7_0/inst/buffer_fclk_clk_0.FCLK_CLK_0_BUFG/O
                         net (fo=12511, unplaced)     0.355     0.739    lenet_system_i/smartconnect_0/inst/m00_exit_pipeline/m00_exit/inst/xpm_cdc_async_rst_inst/dest_clk
                         FDCE                                         r  lenet_system_i/smartconnect_0/inst/m00_exit_pipeline/m00_exit/inst/xpm_cdc_async_rst_inst/arststages_ff_reg[2]/C

Slack:                    inf
  Source:                 lenet_system_i/smartconnect_0/inst/clk_map/psr_aclk/U0/ACTIVE_LOW_BSR_OUT_DFF[0].FDRE_BSR_N/C
                            (rising edge-triggered cell FDRE clocked by clk_fpga_0  {rise@0.000ns fall@5.000ns period=10.000ns})
  Destination:            lenet_system_i/smartconnect_0/inst/m00_nodes/m00_ar_node/inst/m_sc_xpm_cdc_async_rst_inst/arststages_ff_reg[0]/CLR
                            (removal check against rising-edge clock clk_fpga_0  {rise@0.000ns fall@5.000ns period=10.000ns})
  Path Group:             (none)
  Path Type:              Removal (Min at Fast Process Corner)
  Data Path Delay:        0.742ns  (logic 0.245ns (33.039%)  route 0.497ns (66.961%))
  Logic Levels:           1  (LUT1=1)
  Clock Path Skew:        0.166ns (DCD - SCD - CPR)
    Destination Clock Delay (DCD):    0.739ns
    Source Clock Delay      (SCD):    0.573ns
    Clock Pessimism Removal (CPR):    -0.000ns
  Clock Uncertainty:      0.154ns  ((TSJ^2 + TIJ^2)^1/2 + DJ) / 2 + PE
    Total System Jitter     (TSJ):    0.071ns
    Total Input Jitter      (TIJ):    0.300ns
    Discrete Jitter          (DJ):    0.000ns
    Phase Error              (PE):    0.000ns
  Timing Exception:       False Path

    Location             Delay type                Incr(ns)  Path(ns)    Netlist Resource(s)
  -------------------------------------------------------------------    -------------------
                         (clock clk_fpga_0 rise edge)
                                                      0.000     0.000 r  
    PS7_X0Y0             PS7                          0.000     0.000 r  lenet_system_i/processing_system7_0/inst/PS7_i/FCLKCLK[0]
                         net (fo=1, unplaced)         0.337     0.337    lenet_system_i/processing_system7_0/inst/FCLK_CLK_unbuffered[0]
                         BUFG (Prop_bufg_I_O)         0.026     0.363 r  lenet_system_i/processing_system7_0/inst/buffer_fclk_clk_0.FCLK_CLK_0_BUFG/O
                         net (fo=12511, unplaced)     0.210     0.573    lenet_system_i/smartconnect_0/inst/clk_map/psr_aclk/U0/aclk
                         FDRE                                         r  lenet_system_i/smartconnect_0/inst/clk_map/psr_aclk/U0/ACTIVE_LOW_BSR_OUT_DFF[0].FDRE_BSR_N/C
  -------------------------------------------------------------------    -------------------
                         FDRE (Prop_fdre_C_Q)         0.147     0.720 r  lenet_system_i/smartconnect_0/inst/clk_map/psr_aclk/U0/ACTIVE_LOW_BSR_OUT_DFF[0].FDRE_BSR_N/Q
                         net (fo=34, unplaced)        0.162     0.882    lenet_system_i/smartconnect_0/inst/m00_nodes/m00_ar_node/inst/m_sc_xpm_cdc_async_rst_inst/src_arst
                         LUT1 (Prop_lut1_I0_O)        0.098     0.980 f  lenet_system_i/smartconnect_0/inst/m00_nodes/m00_ar_node/inst/m_sc_xpm_cdc_async_rst_inst/arststages_ff[2]_i_1/O
                         net (fo=3, unplaced)         0.335     1.314    lenet_system_i/smartconnect_0/inst/m00_nodes/m00_ar_node/inst/m_sc_xpm_cdc_async_rst_inst/reset_pol
                         FDCE                                         f  lenet_system_i/smartconnect_0/inst/m00_nodes/m00_ar_node/inst/m_sc_xpm_cdc_async_rst_inst/arststages_ff_reg[0]/CLR
  -------------------------------------------------------------------    -------------------

                         (clock clk_fpga_0 rise edge)
                                                      0.000     0.000 r  
    PS7_X0Y0             PS7                          0.000     0.000 r  lenet_system_i/processing_system7_0/inst/PS7_i/FCLKCLK[0]
                         net (fo=1, unplaced)         0.355     0.355    lenet_system_i/processing_system7_0/inst/FCLK_CLK_unbuffered[0]
                         BUFG (Prop_bufg_I_O)         0.029     0.384 r  lenet_system_i/processing_system7_0/inst/buffer_fclk_clk_0.FCLK_CLK_0_BUFG/O
                         net (fo=12511, unplaced)     0.355     0.739    lenet_system_i/smartconnect_0/inst/m00_nodes/m00_ar_node/inst/m_sc_xpm_cdc_async_rst_inst/dest_clk
                         FDCE                                         r  lenet_system_i/smartconnect_0/inst/m00_nodes/m00_ar_node/inst/m_sc_xpm_cdc_async_rst_inst/arststages_ff_reg[0]/C

Slack:                    inf
  Source:                 lenet_system_i/smartconnect_0/inst/clk_map/psr_aclk/U0/ACTIVE_LOW_BSR_OUT_DFF[0].FDRE_BSR_N/C
                            (rising edge-triggered cell FDRE clocked by clk_fpga_0  {rise@0.000ns fall@5.000ns period=10.000ns})
  Destination:            lenet_system_i/smartconnect_0/inst/m00_nodes/m00_ar_node/inst/m_sc_xpm_cdc_async_rst_inst/arststages_ff_reg[1]/CLR
                            (removal check against rising-edge clock clk_fpga_0  {rise@0.000ns fall@5.000ns period=10.000ns})
  Path Group:             (none)
  Path Type:              Removal (Min at Fast Process Corner)
  Data Path Delay:        0.742ns  (logic 0.245ns (33.039%)  route 0.497ns (66.961%))
  Logic Levels:           1  (LUT1=1)
  Clock Path Skew:        0.166ns (DCD - SCD - CPR)
    Destination Clock Delay (DCD):    0.739ns
    Source Clock Delay      (SCD):    0.573ns
    Clock Pessimism Removal (CPR):    -0.000ns
  Clock Uncertainty:      0.154ns  ((TSJ^2 + TIJ^2)^1/2 + DJ) / 2 + PE
    Total System Jitter     (TSJ):    0.071ns
    Total Input Jitter      (TIJ):    0.300ns
    Discrete Jitter          (DJ):    0.000ns
    Phase Error              (PE):    0.000ns
  Timing Exception:       False Path

    Location             Delay type                Incr(ns)  Path(ns)    Netlist Resource(s)
  -------------------------------------------------------------------    -------------------
                         (clock clk_fpga_0 rise edge)
                                                      0.000     0.000 r  
    PS7_X0Y0             PS7                          0.000     0.000 r  lenet_system_i/processing_system7_0/inst/PS7_i/FCLKCLK[0]
                         net (fo=1, unplaced)         0.337     0.337    lenet_system_i/processing_system7_0/inst/FCLK_CLK_unbuffered[0]
                         BUFG (Prop_bufg_I_O)         0.026     0.363 r  lenet_system_i/processing_system7_0/inst/buffer_fclk_clk_0.FCLK_CLK_0_BUFG/O
                         net (fo=12511, unplaced)     0.210     0.573    lenet_system_i/smartconnect_0/inst/clk_map/psr_aclk/U0/aclk
                         FDRE                                         r  lenet_system_i/smartconnect_0/inst/clk_map/psr_aclk/U0/ACTIVE_LOW_BSR_OUT_DFF[0].FDRE_BSR_N/C
  -------------------------------------------------------------------    -------------------
                         FDRE (Prop_fdre_C_Q)         0.147     0.720 r  lenet_system_i/smartconnect_0/inst/clk_map/psr_aclk/U0/ACTIVE_LOW_BSR_OUT_DFF[0].FDRE_BSR_N/Q
                         net (fo=34, unplaced)        0.162     0.882    lenet_system_i/smartconnect_0/inst/m00_nodes/m00_ar_node/inst/m_sc_xpm_cdc_async_rst_inst/src_arst
                         LUT1 (Prop_lut1_I0_O)        0.098     0.980 f  lenet_system_i/smartconnect_0/inst/m00_nodes/m00_ar_node/inst/m_sc_xpm_cdc_async_rst_inst/arststages_ff[2]_i_1/O
                         net (fo=3, unplaced)         0.335     1.314    lenet_system_i/smartconnect_0/inst/m00_nodes/m00_ar_node/inst/m_sc_xpm_cdc_async_rst_inst/reset_pol
                         FDCE                                         f  lenet_system_i/smartconnect_0/inst/m00_nodes/m00_ar_node/inst/m_sc_xpm_cdc_async_rst_inst/arststages_ff_reg[1]/CLR
  -------------------------------------------------------------------    -------------------

                         (clock clk_fpga_0 rise edge)
                                                      0.000     0.000 r  
    PS7_X0Y0             PS7                          0.000     0.000 r  lenet_system_i/processing_system7_0/inst/PS7_i/FCLKCLK[0]
                         net (fo=1, unplaced)         0.355     0.355    lenet_system_i/processing_system7_0/inst/FCLK_CLK_unbuffered[0]
                         BUFG (Prop_bufg_I_O)         0.029     0.384 r  lenet_system_i/processing_system7_0/inst/buffer_fclk_clk_0.FCLK_CLK_0_BUFG/O
                         net (fo=12511, unplaced)     0.355     0.739    lenet_system_i/smartconnect_0/inst/m00_nodes/m00_ar_node/inst/m_sc_xpm_cdc_async_rst_inst/dest_clk
                         FDCE                                         r  lenet_system_i/smartconnect_0/inst/m00_nodes/m00_ar_node/inst/m_sc_xpm_cdc_async_rst_inst/arststages_ff_reg[1]/C

Slack:                    inf
  Source:                 lenet_system_i/smartconnect_0/inst/clk_map/psr_aclk/U0/ACTIVE_LOW_BSR_OUT_DFF[0].FDRE_BSR_N/C
                            (rising edge-triggered cell FDRE clocked by clk_fpga_0  {rise@0.000ns fall@5.000ns period=10.000ns})
  Destination:            lenet_system_i/smartconnect_0/inst/m00_nodes/m00_ar_node/inst/m_sc_xpm_cdc_async_rst_inst/arststages_ff_reg[2]/CLR
                            (removal check against rising-edge clock clk_fpga_0  {rise@0.000ns fall@5.000ns period=10.000ns})
  Path Group:             (none)
  Path Type:              Removal (Min at Fast Process Corner)
  Data Path Delay:        0.742ns  (logic 0.245ns (33.039%)  route 0.497ns (66.961%))
  Logic Levels:           1  (LUT1=1)
  Clock Path Skew:        0.166ns (DCD - SCD - CPR)
    Destination Clock Delay (DCD):    0.739ns
    Source Clock Delay      (SCD):    0.573ns
    Clock Pessimism Removal (CPR):    -0.000ns
  Clock Uncertainty:      0.154ns  ((TSJ^2 + TIJ^2)^1/2 + DJ) / 2 + PE
    Total System Jitter     (TSJ):    0.071ns
    Total Input Jitter      (TIJ):    0.300ns
    Discrete Jitter          (DJ):    0.000ns
    Phase Error              (PE):    0.000ns
  Timing Exception:       False Path

    Location             Delay type                Incr(ns)  Path(ns)    Netlist Resource(s)
  -------------------------------------------------------------------    -------------------
                         (clock clk_fpga_0 rise edge)
                                                      0.000     0.000 r  
    PS7_X0Y0             PS7                          0.000     0.000 r  lenet_system_i/processing_system7_0/inst/PS7_i/FCLKCLK[0]
                         net (fo=1, unplaced)         0.337     0.337    lenet_system_i/processing_system7_0/inst/FCLK_CLK_unbuffered[0]
                         BUFG (Prop_bufg_I_O)         0.026     0.363 r  lenet_system_i/processing_system7_0/inst/buffer_fclk_clk_0.FCLK_CLK_0_BUFG/O
                         net (fo=12511, unplaced)     0.210     0.573    lenet_system_i/smartconnect_0/inst/clk_map/psr_aclk/U0/aclk
                         FDRE                                         r  lenet_system_i/smartconnect_0/inst/clk_map/psr_aclk/U0/ACTIVE_LOW_BSR_OUT_DFF[0].FDRE_BSR_N/C
  -------------------------------------------------------------------    -------------------
                         FDRE (Prop_fdre_C_Q)         0.147     0.720 r  lenet_system_i/smartconnect_0/inst/clk_map/psr_aclk/U0/ACTIVE_LOW_BSR_OUT_DFF[0].FDRE_BSR_N/Q
                         net (fo=34, unplaced)        0.162     0.882    lenet_system_i/smartconnect_0/inst/m00_nodes/m00_ar_node/inst/m_sc_xpm_cdc_async_rst_inst/src_arst
                         LUT1 (Prop_lut1_I0_O)        0.098     0.980 f  lenet_system_i/smartconnect_0/inst/m00_nodes/m00_ar_node/inst/m_sc_xpm_cdc_async_rst_inst/arststages_ff[2]_i_1/O
                         net (fo=3, unplaced)         0.335     1.314    lenet_system_i/smartconnect_0/inst/m00_nodes/m00_ar_node/inst/m_sc_xpm_cdc_async_rst_inst/reset_pol
                         FDCE                                         f  lenet_system_i/smartconnect_0/inst/m00_nodes/m00_ar_node/inst/m_sc_xpm_cdc_async_rst_inst/arststages_ff_reg[2]/CLR
  -------------------------------------------------------------------    -------------------

                         (clock clk_fpga_0 rise edge)
                                                      0.000     0.000 r  
    PS7_X0Y0             PS7                          0.000     0.000 r  lenet_system_i/processing_system7_0/inst/PS7_i/FCLKCLK[0]
                         net (fo=1, unplaced)         0.355     0.355    lenet_system_i/processing_system7_0/inst/FCLK_CLK_unbuffered[0]
                         BUFG (Prop_bufg_I_O)         0.029     0.384 r  lenet_system_i/processing_system7_0/inst/buffer_fclk_clk_0.FCLK_CLK_0_BUFG/O
                         net (fo=12511, unplaced)     0.355     0.739    lenet_system_i/smartconnect_0/inst/m00_nodes/m00_ar_node/inst/m_sc_xpm_cdc_async_rst_inst/dest_clk
                         FDCE                                         r  lenet_system_i/smartconnect_0/inst/m00_nodes/m00_ar_node/inst/m_sc_xpm_cdc_async_rst_inst/arststages_ff_reg[2]/C

Slack:                    inf
  Source:                 lenet_system_i/smartconnect_0/inst/clk_map/psr_aclk/U0/ACTIVE_LOW_BSR_OUT_DFF[0].FDRE_BSR_N/C
                            (rising edge-triggered cell FDRE clocked by clk_fpga_0  {rise@0.000ns fall@5.000ns period=10.000ns})
  Destination:            lenet_system_i/smartconnect_0/inst/m00_nodes/m00_ar_node/inst/s_sc_xpm_cdc_async_rst_inst/arststages_ff_reg[0]/CLR
                            (removal check against rising-edge clock clk_fpga_0  {rise@0.000ns fall@5.000ns period=10.000ns})
  Path Group:             (none)
  Path Type:              Removal (Min at Fast Process Corner)
  Data Path Delay:        0.742ns  (logic 0.245ns (33.039%)  route 0.497ns (66.961%))
  Logic Levels:           1  (LUT1=1)
  Clock Path Skew:        0.166ns (DCD - SCD - CPR)
    Destination Clock Delay (DCD):    0.739ns
    Source Clock Delay      (SCD):    0.573ns
    Clock Pessimism Removal (CPR):    -0.000ns
  Clock Uncertainty:      0.154ns  ((TSJ^2 + TIJ^2)^1/2 + DJ) / 2 + PE
    Total System Jitter     (TSJ):    0.071ns
    Total Input Jitter      (TIJ):    0.300ns
    Discrete Jitter          (DJ):    0.000ns
    Phase Error              (PE):    0.000ns
  Timing Exception:       False Path

    Location             Delay type                Incr(ns)  Path(ns)    Netlist Resource(s)
  -------------------------------------------------------------------    -------------------
                         (clock clk_fpga_0 rise edge)
                                                      0.000     0.000 r  
    PS7_X0Y0             PS7                          0.000     0.000 r  lenet_system_i/processing_system7_0/inst/PS7_i/FCLKCLK[0]
                         net (fo=1, unplaced)         0.337     0.337    lenet_system_i/processing_system7_0/inst/FCLK_CLK_unbuffered[0]
                         BUFG (Prop_bufg_I_O)         0.026     0.363 r  lenet_system_i/processing_system7_0/inst/buffer_fclk_clk_0.FCLK_CLK_0_BUFG/O
                         net (fo=12511, unplaced)     0.210     0.573    lenet_system_i/smartconnect_0/inst/clk_map/psr_aclk/U0/aclk
                         FDRE                                         r  lenet_system_i/smartconnect_0/inst/clk_map/psr_aclk/U0/ACTIVE_LOW_BSR_OUT_DFF[0].FDRE_BSR_N/C
  -------------------------------------------------------------------    -------------------
                         FDRE (Prop_fdre_C_Q)         0.147     0.720 r  lenet_system_i/smartconnect_0/inst/clk_map/psr_aclk/U0/ACTIVE_LOW_BSR_OUT_DFF[0].FDRE_BSR_N/Q
                         net (fo=34, unplaced)        0.162     0.882    lenet_system_i/smartconnect_0/inst/m00_nodes/m00_ar_node/inst/s_sc_xpm_cdc_async_rst_inst/src_arst
                         LUT1 (Prop_lut1_I0_O)        0.098     0.980 f  lenet_system_i/smartconnect_0/inst/m00_nodes/m00_ar_node/inst/s_sc_xpm_cdc_async_rst_inst/arststages_ff[2]_i_1/O
                         net (fo=3, unplaced)         0.335     1.314    lenet_system_i/smartconnect_0/inst/m00_nodes/m00_ar_node/inst/s_sc_xpm_cdc_async_rst_inst/reset_pol
                         FDCE                                         f  lenet_system_i/smartconnect_0/inst/m00_nodes/m00_ar_node/inst/s_sc_xpm_cdc_async_rst_inst/arststages_ff_reg[0]/CLR
  -------------------------------------------------------------------    -------------------

                         (clock clk_fpga_0 rise edge)
                                                      0.000     0.000 r  
    PS7_X0Y0             PS7                          0.000     0.000 r  lenet_system_i/processing_system7_0/inst/PS7_i/FCLKCLK[0]
                         net (fo=1, unplaced)         0.355     0.355    lenet_system_i/processing_system7_0/inst/FCLK_CLK_unbuffered[0]
                         BUFG (Prop_bufg_I_O)         0.029     0.384 r  lenet_system_i/processing_system7_0/inst/buffer_fclk_clk_0.FCLK_CLK_0_BUFG/O
                         net (fo=12511, unplaced)     0.355     0.739    lenet_system_i/smartconnect_0/inst/m00_nodes/m00_ar_node/inst/s_sc_xpm_cdc_async_rst_inst/dest_clk
                         FDCE                                         r  lenet_system_i/smartconnect_0/inst/m00_nodes/m00_ar_node/inst/s_sc_xpm_cdc_async_rst_inst/arststages_ff_reg[0]/C

Slack:                    inf
  Source:                 lenet_system_i/smartconnect_0/inst/clk_map/psr_aclk/U0/ACTIVE_LOW_BSR_OUT_DFF[0].FDRE_BSR_N/C
                            (rising edge-triggered cell FDRE clocked by clk_fpga_0  {rise@0.000ns fall@5.000ns period=10.000ns})
  Destination:            lenet_system_i/smartconnect_0/inst/m00_nodes/m00_ar_node/inst/s_sc_xpm_cdc_async_rst_inst/arststages_ff_reg[1]/CLR
                            (removal check against rising-edge clock clk_fpga_0  {rise@0.000ns fall@5.000ns period=10.000ns})
  Path Group:             (none)
  Path Type:              Removal (Min at Fast Process Corner)
  Data Path Delay:        0.742ns  (logic 0.245ns (33.039%)  route 0.497ns (66.961%))
  Logic Levels:           1  (LUT1=1)
  Clock Path Skew:        0.166ns (DCD - SCD - CPR)
    Destination Clock Delay (DCD):    0.739ns
    Source Clock Delay      (SCD):    0.573ns
    Clock Pessimism Removal (CPR):    -0.000ns
  Clock Uncertainty:      0.154ns  ((TSJ^2 + TIJ^2)^1/2 + DJ) / 2 + PE
    Total System Jitter     (TSJ):    0.071ns
    Total Input Jitter      (TIJ):    0.300ns
    Discrete Jitter          (DJ):    0.000ns
    Phase Error              (PE):    0.000ns
  Timing Exception:       False Path

    Location             Delay type                Incr(ns)  Path(ns)    Netlist Resource(s)
  -------------------------------------------------------------------    -------------------
                         (clock clk_fpga_0 rise edge)
                                                      0.000     0.000 r  
    PS7_X0Y0             PS7                          0.000     0.000 r  lenet_system_i/processing_system7_0/inst/PS7_i/FCLKCLK[0]
                         net (fo=1, unplaced)         0.337     0.337    lenet_system_i/processing_system7_0/inst/FCLK_CLK_unbuffered[0]
                         BUFG (Prop_bufg_I_O)         0.026     0.363 r  lenet_system_i/processing_system7_0/inst/buffer_fclk_clk_0.FCLK_CLK_0_BUFG/O
                         net (fo=12511, unplaced)     0.210     0.573    lenet_system_i/smartconnect_0/inst/clk_map/psr_aclk/U0/aclk
                         FDRE                                         r  lenet_system_i/smartconnect_0/inst/clk_map/psr_aclk/U0/ACTIVE_LOW_BSR_OUT_DFF[0].FDRE_BSR_N/C
  -------------------------------------------------------------------    -------------------
                         FDRE (Prop_fdre_C_Q)         0.147     0.720 r  lenet_system_i/smartconnect_0/inst/clk_map/psr_aclk/U0/ACTIVE_LOW_BSR_OUT_DFF[0].FDRE_BSR_N/Q
                         net (fo=34, unplaced)        0.162     0.882    lenet_system_i/smartconnect_0/inst/m00_nodes/m00_ar_node/inst/s_sc_xpm_cdc_async_rst_inst/src_arst
                         LUT1 (Prop_lut1_I0_O)        0.098     0.980 f  lenet_system_i/smartconnect_0/inst/m00_nodes/m00_ar_node/inst/s_sc_xpm_cdc_async_rst_inst/arststages_ff[2]_i_1/O
                         net (fo=3, unplaced)         0.335     1.314    lenet_system_i/smartconnect_0/inst/m00_nodes/m00_ar_node/inst/s_sc_xpm_cdc_async_rst_inst/reset_pol
                         FDCE                                         f  lenet_system_i/smartconnect_0/inst/m00_nodes/m00_ar_node/inst/s_sc_xpm_cdc_async_rst_inst/arststages_ff_reg[1]/CLR
  -------------------------------------------------------------------    -------------------

                         (clock clk_fpga_0 rise edge)
                                                      0.000     0.000 r  
    PS7_X0Y0             PS7                          0.000     0.000 r  lenet_system_i/processing_system7_0/inst/PS7_i/FCLKCLK[0]
                         net (fo=1, unplaced)         0.355     0.355    lenet_system_i/processing_system7_0/inst/FCLK_CLK_unbuffered[0]
                         BUFG (Prop_bufg_I_O)         0.029     0.384 r  lenet_system_i/processing_system7_0/inst/buffer_fclk_clk_0.FCLK_CLK_0_BUFG/O
                         net (fo=12511, unplaced)     0.355     0.739    lenet_system_i/smartconnect_0/inst/m00_nodes/m00_ar_node/inst/s_sc_xpm_cdc_async_rst_inst/dest_clk
                         FDCE                                         r  lenet_system_i/smartconnect_0/inst/m00_nodes/m00_ar_node/inst/s_sc_xpm_cdc_async_rst_inst/arststages_ff_reg[1]/C

Slack:                    inf
  Source:                 lenet_system_i/smartconnect_0/inst/clk_map/psr_aclk/U0/ACTIVE_LOW_BSR_OUT_DFF[0].FDRE_BSR_N/C
                            (rising edge-triggered cell FDRE clocked by clk_fpga_0  {rise@0.000ns fall@5.000ns period=10.000ns})
  Destination:            lenet_system_i/smartconnect_0/inst/m00_nodes/m00_ar_node/inst/s_sc_xpm_cdc_async_rst_inst/arststages_ff_reg[2]/CLR
                            (removal check against rising-edge clock clk_fpga_0  {rise@0.000ns fall@5.000ns period=10.000ns})
  Path Group:             (none)
  Path Type:              Removal (Min at Fast Process Corner)
  Data Path Delay:        0.742ns  (logic 0.245ns (33.039%)  route 0.497ns (66.961%))
  Logic Levels:           1  (LUT1=1)
  Clock Path Skew:        0.166ns (DCD - SCD - CPR)
    Destination Clock Delay (DCD):    0.739ns
    Source Clock Delay      (SCD):    0.573ns
    Clock Pessimism Removal (CPR):    -0.000ns
  Clock Uncertainty:      0.154ns  ((TSJ^2 + TIJ^2)^1/2 + DJ) / 2 + PE
    Total System Jitter     (TSJ):    0.071ns
    Total Input Jitter      (TIJ):    0.300ns
    Discrete Jitter          (DJ):    0.000ns
    Phase Error              (PE):    0.000ns
  Timing Exception:       False Path

    Location             Delay type                Incr(ns)  Path(ns)    Netlist Resource(s)
  -------------------------------------------------------------------    -------------------
                         (clock clk_fpga_0 rise edge)
                                                      0.000     0.000 r  
    PS7_X0Y0             PS7                          0.000     0.000 r  lenet_system_i/processing_system7_0/inst/PS7_i/FCLKCLK[0]
                         net (fo=1, unplaced)         0.337     0.337    lenet_system_i/processing_system7_0/inst/FCLK_CLK_unbuffered[0]
                         BUFG (Prop_bufg_I_O)         0.026     0.363 r  lenet_system_i/processing_system7_0/inst/buffer_fclk_clk_0.FCLK_CLK_0_BUFG/O
                         net (fo=12511, unplaced)     0.210     0.573    lenet_system_i/smartconnect_0/inst/clk_map/psr_aclk/U0/aclk
                         FDRE                                         r  lenet_system_i/smartconnect_0/inst/clk_map/psr_aclk/U0/ACTIVE_LOW_BSR_OUT_DFF[0].FDRE_BSR_N/C
  -------------------------------------------------------------------    -------------------
                         FDRE (Prop_fdre_C_Q)         0.147     0.720 r  lenet_system_i/smartconnect_0/inst/clk_map/psr_aclk/U0/ACTIVE_LOW_BSR_OUT_DFF[0].FDRE_BSR_N/Q
                         net (fo=34, unplaced)        0.162     0.882    lenet_system_i/smartconnect_0/inst/m00_nodes/m00_ar_node/inst/s_sc_xpm_cdc_async_rst_inst/src_arst
                         LUT1 (Prop_lut1_I0_O)        0.098     0.980 f  lenet_system_i/smartconnect_0/inst/m00_nodes/m00_ar_node/inst/s_sc_xpm_cdc_async_rst_inst/arststages_ff[2]_i_1/O
                         net (fo=3, unplaced)         0.335     1.314    lenet_system_i/smartconnect_0/inst/m00_nodes/m00_ar_node/inst/s_sc_xpm_cdc_async_rst_inst/reset_pol
                         FDCE                                         f  lenet_system_i/smartconnect_0/inst/m00_nodes/m00_ar_node/inst/s_sc_xpm_cdc_async_rst_inst/arststages_ff_reg[2]/CLR
  -------------------------------------------------------------------    -------------------

                         (clock clk_fpga_0 rise edge)
                                                      0.000     0.000 r  
    PS7_X0Y0             PS7                          0.000     0.000 r  lenet_system_i/processing_system7_0/inst/PS7_i/FCLKCLK[0]
                         net (fo=1, unplaced)         0.355     0.355    lenet_system_i/processing_system7_0/inst/FCLK_CLK_unbuffered[0]
                         BUFG (Prop_bufg_I_O)         0.029     0.384 r  lenet_system_i/processing_system7_0/inst/buffer_fclk_clk_0.FCLK_CLK_0_BUFG/O
                         net (fo=12511, unplaced)     0.355     0.739    lenet_system_i/smartconnect_0/inst/m00_nodes/m00_ar_node/inst/s_sc_xpm_cdc_async_rst_inst/dest_clk
                         FDCE                                         r  lenet_system_i/smartconnect_0/inst/m00_nodes/m00_ar_node/inst/s_sc_xpm_cdc_async_rst_inst/arststages_ff_reg[2]/C





