sample_id,file_path,true_label,pred_label,correct,confidence,logit_0,logit_1,logit_2,logit_3,logit_4,logit_5,logit_6,logit_7,logit_8,logit_9,condition,parameter
0_0_01_0a5cfa52_r01c01__blur_kernel_5,./data/robustness/blur/kernel_5/normalized_32x32/0/0_0_01_0a5cfa52_r01c01__blur_kernel_5.npy,0,0,1,0.9940854936474771,6.439852714538574,-4.166050910949707,-7.3034138679504395,-8.754897117614746,-5.858112812042236,-4.125744819641113,-1.4314149618148804,-0.24738439917564392,-4.293028831481934,0.9774062037467957,blur,5x5
0_0_01_0a5cfa52_r01c02__blur_kernel_5,./data/robustness/blur/kernel_5/normalized_32x32/0/0_0_01_0a5cfa52_r01c02__blur_kernel_5.npy,0,0,1,0.9972867694736031,6.794357776641846,-5.7476701736450195,-3.2441399097442627,-7.911161422729492,-6.302786827087402,-3.7255568504333496,-2.465409517288208,-2.536942481994629,-2.7725718021392822,0.7579410076141357,blur,5x5
0_0_01_0a5cfa52_r01c03__blur_kernel_5,./data/robustness/blur/kernel_5/normalized_32x32/0/0_0_01_0a5cfa52_r01c03__blur_kernel_5.npy,0,0,1,0.9966534238610849,6.3171162605285645,-5.631014823913574,-1.4872004985809326,-7.978179931640625,-9.477615356445312,-3.6289446353912354,-3.802828073501587,-2.330986976623535,0.2660474181175232,-1.7187997102737427,blur,5x5
0_0_01_0a5cfa52_r01c04__blur_kernel_5,./data/robustness/blur/kernel_5/normalized_32x32/0/0_0_01_0a5cfa52_r01c04__blur_kernel_5.npy,0,0,1,0.9840847437649368,5.141607284545898,-3.0395331382751465,-4.260435581207275,-7.030919551849365,-5.10283899307251,-3.14396071434021,-1.0088006258010864,-1.2833161354064941,-1.5957121849060059,0.5926534533500671,blur,5x5
0_0_01_0a5cfa52_r02c01__blur_kernel_5,./data/robustness/blur/kernel_5/normalized_32x32/0/0_0_01_0a5cfa52_r02c01__blur_kernel_5.npy,0,0,1,0.9986649452409749,6.554307460784912,-4.143774509429932,-2.8781232833862305,-6.111408233642578,-7.299222946166992,-1.2989089488983154,-2.1159656047821045,-1.6307703256607056,-2.00118088722229,-1.9695799350738525,blur,5x5
0_0_01_0a5cfa52_r02c02__blur_kernel_5,./data/robustness/blur/kernel_5/normalized_32x32/0/0_0_01_0a5cfa52_r02c02__blur_kernel_5.npy,0,0,1,0.8851840689145766,3.577796220779419,-6.967514991760254,-1.5656802654266357,-1.6405651569366455,-6.208538055419922,-1.583004355430603,-1.3668183088302612,-5.012848854064941,1.2479732036590576,-1.2486592531204224,blur,5x5
0_0_01_0a5cfa52_r02c03__blur_kernel_5,./data/robustness/blur/kernel_5/normalized_32x32/0/0_0_01_0a5cfa52_r02c03__blur_kernel_5.npy,0,0,1,0.9945808600412475,5.9930853843688965,-6.330888271331787,-3.4898412227630615,-6.774203300476074,-6.400341510772705,-3.754666328430176,-1.8970606327056885,-2.9619760513305664,-1.573370099067688,0.5396656394004822,blur,5x5
0_0_01_0a5cfa52_r02c04__blur_kernel_5,./data/robustness/blur/kernel_5/normalized_32x32/0/0_0_01_0a5cfa52_r02c04__blur_kernel_5.npy,0,0,1,0.9694461004042768,4.751941204071045,-4.600325107574463,-2.5966362953186035,-6.550387382507324,-6.913183212280273,-3.115480899810791,-2.179176092147827,-2.099210500717163,-0.05396614968776703,0.8481945991516113,blur,5x5
0_0_01_0a5cfa52_r03c01__blur_kernel_5,./data/robustness/blur/kernel_5/normalized_32x32/0/0_0_01_0a5cfa52_r03c01__blur_kernel_5.npy,0,0,1,0.9990649297174846,7.8801069259643555,-4.688113212585449,-9.189925193786621,-9.344440460205078,-8.342081069946289,-3.2187747955322266,-1.2064405679702759,0.2047702819108963,-6.671218395233154,-0.1082773208618164,blur,5x5
0_0_01_0a5cfa52_r03c02__blur_kernel_5,./data/robustness/blur/kernel_5/normalized_32x32/0/0_0_01_0a5cfa52_r03c02__blur_kernel_5.npy,0,0,1,0.9998627162798157,8.979425430297852,-5.279169082641602,-6.9336161613464355,-9.784010887145996,-8.292434692382812,-3.915013313293457,-1.7026045322418213,-1.6816011667251587,-3.7893950939178467,-0.39644718170166016,blur,5x5
0_0_01_0a5cfa52_r03c03__blur_kernel_5,./data/robustness/blur/kernel_5/normalized_32x32/0/0_0_01_0a5cfa52_r03c03__blur_kernel_5.npy,0,0,1,0.9997421929793555,8.234113693237305,-5.504778861999512,-5.3362202644348145,-6.819375038146973,-7.086728572845459,-1.8506211042404175,-0.5336376428604126,-2.853334426879883,-2.7378647327423096,-2.3569414615631104,blur,5x5
0_0_01_0a5cfa52_r03c04__blur_kernel_5,./data/robustness/blur/kernel_5/normalized_32x32/0/0_0_01_0a5cfa52_r03c04__blur_kernel_5.npy,0,0,1,0.999543689237243,8.388572692871094,-6.15833854675293,-9.783249855041504,-8.572510719299316,-7.905732154846191,-3.6681721210479736,-0.35209590196609497,-0.5889325141906738,-6.540541172027588,-0.32951200008392334,blur,5x5
0_0_01_0a5cfa52_r04c01__blur_kernel_5,./data/robustness/blur/kernel_5/normalized_32x32/0/0_0_01_0a5cfa52_r04c01__blur_kernel_5.npy,0,0,1,0.9974027173189985,6.10648250579834,-4.37751579284668,-3.2093582153320312,-5.547680377960205,-4.498291969299316,-1.9420342445373535,-0.7253478765487671,-1.3312320709228516,-2.43376088142395,-2.1103498935699463,blur,5x5
0_0_01_0a5cfa52_r04c02__blur_kernel_5,./data/robustness/blur/kernel_5/normalized_32x32/0/0_0_01_0a5cfa52_r04c02__blur_kernel_5.npy,0,0,1,0.9969739578301191,6.571416854858398,-3.7357609272003174,-7.661990165710449,-7.290486812591553,-6.315149307250977,-3.0739219188690186,-0.568859875202179,-1.136135458946228,-4.227957725524902,0.17684301733970642,blur,5x5
0_0_01_0a5cfa52_r04c03__blur_kernel_5,./data/robustness/blur/kernel_5/normalized_32x32/0/0_0_01_0a5cfa52_r04c03__blur_kernel_5.npy,0,0,1,0.9676008635203343,3.932793617248535,-3.4515976905822754,-1.3657885789871216,-4.3011274337768555,-3.1533472537994385,-2.3942503929138184,-2.7997024059295654,-0.8339455723762512,-3.602447032928467,-0.28429800271987915,blur,5x5
0_0_01_0a5cfa52_r04c04__blur_kernel_5,./data/robustness/blur/kernel_5/normalized_32x32/0/0_0_01_0a5cfa52_r04c04__blur_kernel_5.npy,0,0,1,0.9923259637147348,5.366527080535889,-3.524360179901123,-2.8616695404052734,-5.20638370513916,-4.530577182769775,-1.6488615274429321,-1.0321202278137207,-2.005441188812256,-0.9702428579330444,-0.7116270661354065,blur,5x5
0_0_02_0ab8b1e5_r01c01__blur_kernel_5,./data/robustness/blur/kernel_5/normalized_32x32/0/0_0_02_0ab8b1e5_r01c01__blur_kernel_5.npy,0,0,1,0.9933340592957719,5.824938774108887,-4.305378437042236,-5.540914535522461,-6.035643577575684,-6.419239044189453,-1.617193579673767,-0.06271728128194809,-2.0010344982147217,-2.3801140785217285,-0.12141601741313934,blur,5x5
0_0_02_0ab8b1e5_r01c02__blur_kernel_5,./data/robustness/blur/kernel_5/normalized_32x32/0/0_0_02_0ab8b1e5_r01c02__blur_kernel_5.npy,0,0,1,0.9991646910722419,7.4029130935668945,-5.863374710083008,-4.791324138641357,-7.629797458648682,-8.043224334716797,-3.403795003890991,-1.9703607559204102,-2.3162639141082764,-2.508002519607544,0.006984725594520569,blur,5x5
0_0_02_0ab8b1e5_r01c03__blur_kernel_5,./data/robustness/blur/kernel_5/normalized_32x32/0/0_0_02_0ab8b1e5_r01c03__blur_kernel_5.npy,0,0,1,0.9966358959746946,6.5638957023620605,-5.674543380737305,-5.926280975341797,-6.80659818649292,-6.694404125213623,-3.1447229385375977,-0.7764597535133362,-2.224668502807617,-2.0702953338623047,0.49925267696380615,blur,5x5
0_0_02_0ab8b1e5_r01c04__blur_kernel_5,./data/robustness/blur/kernel_5/normalized_32x32/0/0_0_02_0ab8b1e5_r01c04__blur_kernel_5.npy,0,0,1,0.9998964739561194,9.322037696838379,-9.205061912536621,-5.917743682861328,-8.035186767578125,-6.621796607971191,-4.216824054718018,-0.9750018119812012,-4.3385186195373535,-3.5956525802612305,-0.3273392617702484,blur,5x5
0_0_02_0ab8b1e5_r02c01__blur_kernel_5,./data/robustness/blur/kernel_5/normalized_32x32/0/0_0_02_0ab8b1e5_r02c01__blur_kernel_5.npy,0,0,1,0.9973789632843445,6.781866073608398,-4.864555358886719,-5.687887191772461,-7.592859745025635,-7.339057922363281,-3.51505708694458,-0.7097054123878479,-2.912205696105957,-1.4230942726135254,0.3974062204360962,blur,5x5
0_0_02_0ab8b1e5_r02c02__blur_kernel_5,./data/robustness/blur/kernel_5/normalized_32x32/0/0_0_02_0ab8b1e5_r02c02__blur_kernel_5.npy,0,0,1,0.9952452996059427,6.390758991241455,-5.615743637084961,-4.066263675689697,-7.732351303100586,-8.496408462524414,-4.074059009552002,-2.055124044418335,-3.0266270637512207,-0.17817358672618866,0.5861356854438782,blur,5x5
0_0_02_0ab8b1e5_r02c03__blur_kernel_5,./data/robustness/blur/kernel_5/normalized_32x32/0/0_0_02_0ab8b1e5_r02c03__blur_kernel_5.npy,0,0,1,0.9980753124086257,7.082427024841309,-6.373871326446533,-3.719351053237915,-7.643918991088867,-7.448477745056152,-3.8569672107696533,-1.6458507776260376,-3.3169515132904053,-1.4724524021148682,0.5821160674095154,blur,5x5
0_0_02_0ab8b1e5_r02c04__blur_kernel_5,./data/robustness/blur/kernel_5/normalized_32x32/0/0_0_02_0ab8b1e5_r02c04__blur_kernel_5.npy,0,0,1,0.9904947859956486,6.045433044433594,-6.049673080444336,-2.4080724716186523,-7.910035133361816,-7.332740783691406,-4.200801372528076,-2.3031511306762695,-3.3230767250061035,-0.13296100497245789,1.0755449533462524,blur,5x5
0_0_02_0ab8b1e5_r03c01__blur_kernel_5,./data/robustness/blur/kernel_5/normalized_32x32/0/0_0_02_0ab8b1e5_r03c01__blur_kernel_5.npy,0,0,1,0.9925218156640448,5.911642074584961,-3.611025333404541,-7.236162185668945,-6.006603717803955,-5.209081649780273,-2.224360704421997,-0.11415711045265198,0.43556302785873413,-3.7832326889038086,-1.7255064249038696,blur,5x5
0_0_02_0ab8b1e5_r03c02__blur_kernel_5,./data/robustness/blur/kernel_5/normalized_32x32/0/0_0_02_0ab8b1e5_r03c02__blur_kernel_5.npy,0,0,1,0.9997188314930283,8.879213333129883,-5.852573394775391,-11.18081283569336,-8.988554954528809,-7.96108341217041,-3.9622390270233154,-0.45512858033180237,-1.1630303859710693,-6.405725955963135,0.04759085178375244,blur,5x5
0_0_02_0ab8b1e5_r03c03__blur_kernel_5,./data/robustness/blur/kernel_5/normalized_32x32/0/0_0_02_0ab8b1e5_r03c03__blur_kernel_5.npy,0,0,1,0.9999763807464314,10.01811408996582,-6.89044189453125,-7.043872833251953,-7.642145156860352,-8.542047500610352,-3.0198707580566406,-1.1285555362701416,-2.4134747982025146,-4.746245384216309,-2.8698031902313232,blur,5x5
0_0_02_0ab8b1e5_r03c04__blur_kernel_5,./data/robustness/blur/kernel_5/normalized_32x32/0/0_0_02_0ab8b1e5_r03c04__blur_kernel_5.npy,0,0,1,0.964052308246901,4.364470958709717,-4.558848857879639,-5.297727584838867,-4.774292945861816,-3.9957375526428223,-2.140321969985962,0.057454854249954224,-1.1779274940490723,-3.4713921546936035,0.3170543909072876,blur,5x5
0_0_02_0ab8b1e5_r04c01__blur_kernel_5,./data/robustness/blur/kernel_5/normalized_32x32/0/0_0_02_0ab8b1e5_r04c01__blur_kernel_5.npy,0,0,1,0.9998106660487388,8.96332836151123,-4.970229625701904,-9.854839324951172,-8.299223899841309,-8.689752578735352,-2.6702940464019775,-0.08993619680404663,-1.3255406618118286,-6.083623886108398,-1.5111538171768188,blur,5x5
0_0_02_0ab8b1e5_r04c02__blur_kernel_5,./data/robustness/blur/kernel_5/normalized_32x32/0/0_0_02_0ab8b1e5_r04c02__blur_kernel_5.npy,0,0,1,0.9996653332436151,8.813197135925293,-6.023581504821777,-10.896641731262207,-7.822934627532959,-7.644664287567139,-3.0862531661987305,0.4249380826950073,-1.422237515449524,-6.823513984680176,-0.8445267677307129,blur,5x5
0_0_02_0ab8b1e5_r04c03__blur_kernel_5,./data/robustness/blur/kernel_5/normalized_32x32/0/0_0_02_0ab8b1e5_r04c03__blur_kernel_5.npy,0,0,1,0.9991696817670936,7.6687798500061035,-5.173679351806641,-7.366844654083252,-7.2385945320129395,-6.280086994171143,-2.676931381225586,-0.2313453108072281,-1.4975212812423706,-4.320523262023926,-0.3995177149772644,blur,5x5
0_0_02_0ab8b1e5_r04c04__blur_kernel_5,./data/robustness/blur/kernel_5/normalized_32x32/0/0_0_02_0ab8b1e5_r04c04__blur_kernel_5.npy,0,0,1,0.9998918371478924,9.368653297424316,-7.628407955169678,-7.374861717224121,-9.318675994873047,-7.825108051300049,-4.4286932945251465,-1.7064979076385498,-2.6765854358673096,-5.446788311004639,-0.0008407831192016602,blur,5x5
1_1_01_19f74917_r01c01__blur_kernel_5,./data/robustness/blur/kernel_5/normalized_32x32/1/1_1_01_19f74917_r01c01__blur_kernel_5.npy,1,1,1,0.8549891931612302,-1.7106056213378906,3.0469093322753906,-1.220274567604065,-4.291069030761719,-1.1580029726028442,-0.3476647138595581,-0.03501737117767334,-1.2339755296707153,-0.2543397545814514,-3.574424982070923,blur,5x5
1_1_01_19f74917_r01c02__blur_kernel_5,./data/robustness/blur/kernel_5/normalized_32x32/1/1_1_01_19f74917_r01c02__blur_kernel_5.npy,1,1,1,0.893982438970484,-2.0493991374969482,3.346747636795044,-1.8337864875793457,-4.47482442855835,-0.6278896331787109,0.21347130835056305,-0.45916643738746643,-1.3629870414733887,-0.9532362222671509,-3.7182719707489014,blur,5x5
1_1_01_19f74917_r01c03__blur_kernel_5,./data/robustness/blur/kernel_5/normalized_32x32/1/1_1_01_19f74917_r01c03__blur_kernel_5.npy,1,1,1,0.9974362126300093,-4.089489936828613,6.498600482940674,-3.452970027923584,-7.652003288269043,-0.5272469520568848,-0.8744720220565796,-0.9926361441612244,-2.1499714851379395,-1.8197202682495117,-6.24883508682251,blur,5x5
1_1_01_19f74917_r01c04__blur_kernel_5,./data/robustness/blur/kernel_5/normalized_32x32/1/1_1_01_19f74917_r01c04__blur_kernel_5.npy,1,1,1,0.9950103235759102,-3.98638916015625,6.187978744506836,-3.3035871982574463,-7.593438148498535,-0.7899627685546875,-0.6194392442703247,0.04294610023498535,-2.799410104751587,-1.2472234964370728,-6.500391006469727,blur,5x5
1_1_01_19f74917_r02c01__blur_kernel_5,./data/robustness/blur/kernel_5/normalized_32x32/1/1_1_01_19f74917_r02c01__blur_kernel_5.npy,1,1,1,0.9945652951839168,-4.127012729644775,5.764019966125488,-3.484543800354004,-4.869608402252197,-4.286656379699707,-0.8677079677581787,-4.224672794342041,0.12887811660766602,-2.5839486122131348,-3.6766257286071777,blur,5x5
1_1_01_19f74917_r02c02__blur_kernel_5,./data/robustness/blur/kernel_5/normalized_32x32/1/1_1_01_19f74917_r02c02__blur_kernel_5.npy,1,1,1,0.9788760808561204,-2.1289591789245605,4.529064178466797,-2.139143228530884,-5.972777843475342,-1.779356837272644,-0.8645972013473511,-1.281068205833435,-0.9632532596588135,-0.6984905004501343,-4.277378559112549,blur,5x5
1_1_01_19f74917_r02c03__blur_kernel_5,./data/robustness/blur/kernel_5/normalized_32x32/1/1_1_01_19f74917_r02c03__blur_kernel_5.npy,1,1,1,0.9726157986083028,-2.5899946689605713,4.6082658767700195,-3.6868999004364014,-6.031778335571289,-0.601349413394928,-0.2231316715478897,-0.6319838762283325,-0.9411528706550598,-0.8458172082901001,-3.7819738388061523,blur,5x5
1_1_01_19f74917_r02c04__blur_kernel_5,./data/robustness/blur/kernel_5/normalized_32x32/1/1_1_01_19f74917_r02c04__blur_kernel_5.npy,1,1,1,0.9966209106462849,-4.532303333282471,6.5562357902526855,-4.749390602111816,-7.843471527099609,-0.4987946152687073,-0.5327388644218445,-0.1834566593170166,-2.431638479232788,-1.3907406330108643,-6.025679588317871,blur,5x5
1_1_01_19f74917_r03c01__blur_kernel_5,./data/robustness/blur/kernel_5/normalized_32x32/1/1_1_01_19f74917_r03c01__blur_kernel_5.npy,1,1,1,0.9430498034176659,-2.5400795936584473,3.945791244506836,-3.7831878662109375,-5.7298479080200195,0.3021217882633209,-0.4011593461036682,-1.7250878810882568,-1.2515889406204224,-0.8855175375938416,-2.125800371170044,blur,5x5
1_1_01_19f74917_r03c02__blur_kernel_5,./data/robustness/blur/kernel_5/normalized_32x32/1/1_1_01_19f74917_r03c02__blur_kernel_5.npy,1,1,1,0.9137599389827872,-2.0415279865264893,3.5692832469940186,-2.6199491024017334,-5.09609317779541,-0.11554336547851562,0.0365554541349411,-1.01798677444458,-1.1429657936096191,-0.7076009511947632,-3.2253670692443848,blur,5x5
1_1_01_19f74917_r03c03__blur_kernel_5,./data/robustness/blur/kernel_5/normalized_32x32/1/1_1_01_19f74917_r03c03__blur_kernel_5.npy,1,1,1,0.9962442756208755,-5.445459842681885,5.906447887420654,-0.6466056704521179,-6.356689929962158,-1.7508258819580078,-1.7285715341567993,-1.3831028938293457,-1.7803492546081543,-2.4810895919799805,-6.927977561950684,blur,5x5
1_1_01_19f74917_r03c04__blur_kernel_5,./data/robustness/blur/kernel_5/normalized_32x32/1/1_1_01_19f74917_r03c04__blur_kernel_5.npy,1,1,1,0.992661714936584,-2.7276740074157715,5.562305450439453,-2.6207938194274902,-6.4764790534973145,-0.418844610452652,-0.4384094774723053,-1.878747582435608,-1.6591477394104004,-2.046504497528076,-4.56683874130249,blur,5x5
1_1_01_19f74917_r04c01__blur_kernel_5,./data/robustness/blur/kernel_5/normalized_32x32/1/1_1_01_19f74917_r04c01__blur_kernel_5.npy,1,1,1,0.965659718061068,-2.788944959640503,4.423041343688965,-4.138666152954102,-6.626254081726074,-0.3098883032798767,-0.1903836578130722,-1.2303471565246582,-0.977607250213623,-0.4649708867073059,-3.556223154067993,blur,5x5
1_1_01_19f74917_r04c02__blur_kernel_5,./data/robustness/blur/kernel_5/normalized_32x32/1/1_1_01_19f74917_r04c02__blur_kernel_5.npy,1,1,1,0.9667325083997584,-2.6851210594177246,4.4347991943359375,-3.8934032917022705,-6.578182220458984,-0.24292385578155518,-0.25352051854133606,-1.265840768814087,-1.0424854755401611,-0.5324958562850952,-3.5040054321289062,blur,5x5
1_1_01_19f74917_r04c03__blur_kernel_5,./data/robustness/blur/kernel_5/normalized_32x32/1/1_1_01_19f74917_r04c03__blur_kernel_5.npy,1,1,1,0.9402398535492411,-2.423492670059204,3.908689022064209,-3.6837897300720215,-5.964231491088867,-0.3672299087047577,-0.13319836556911469,-1.085415005683899,-0.7796285152435303,-0.43615055084228516,-3.2130300998687744,blur,5x5
1_1_01_19f74917_r04c04__blur_kernel_5,./data/robustness/blur/kernel_5/normalized_32x32/1/1_1_01_19f74917_r04c04__blur_kernel_5.npy,1,1,1,0.9814699128374494,-2.245283842086792,4.636198043823242,-1.6521732807159424,-5.274598121643066,-1.237089991569519,-0.7044947147369385,-1.6688013076782227,-0.7911319136619568,-1.5858798027038574,-4.291531085968018,blur,5x5
1_1_02_4cdb4850_r01c01__blur_kernel_5,./data/robustness/blur/kernel_5/normalized_32x32/1/1_1_02_4cdb4850_r01c01__blur_kernel_5.npy,1,1,1,0.9492801653041799,-2.9407544136047363,4.230108261108398,-1.6205875873565674,-5.950583457946777,-0.8538345098495483,-0.38648521900177,0.5119171142578125,-2.490490198135376,-0.5837774276733398,-5.433370590209961,blur,5x5
1_1_02_4cdb4850_r01c02__blur_kernel_5,./data/robustness/blur/kernel_5/normalized_32x32/1/1_1_02_4cdb4850_r01c02__blur_kernel_5.npy,1,1,1,0.9599645439495196,-3.880936622619629,4.165938854217529,-1.0513654947280884,-5.327995777130127,-1.6401805877685547,-0.19175374507904053,0.09635525941848755,-2.550081968307495,-2.179936408996582,-6.6050567626953125,blur,5x5
1_1_02_4cdb4850_r01c03__blur_kernel_5,./data/robustness/blur/kernel_5/normalized_32x32/1/1_1_02_4cdb4850_r01c03__blur_kernel_5.npy,1,1,1,0.9891943122152508,-2.657504081726074,4.952987194061279,-1.4233559370040894,-6.015665531158447,-3.11232852935791,-0.9590151309967041,-1.8640291690826416,-1.0405311584472656,-1.2311043739318848,-5.249183177947998,blur,5x5
1_1_02_4cdb4850_r01c04__blur_kernel_5,./data/robustness/blur/kernel_5/normalized_32x32/1/1_1_02_4cdb4850_r01c04__blur_kernel_5.npy,1,1,1,0.990601788459534,-2.1086204051971436,5.1033830642700195,-2.6220390796661377,-6.526671409606934,-1.9510434865951538,-0.8282060623168945,-1.8267076015472412,-1.310109257698059,-1.0600743293762207,-4.628848075866699,blur,5x5
1_1_02_4cdb4850_r02c01__blur_kernel_5,./data/robustness/blur/kernel_5/normalized_32x32/1/1_1_02_4cdb4850_r02c01__blur_kernel_5.npy,1,1,1,0.9927690911659581,-3.350510358810425,5.548969745635986,-2.9399142265319824,-6.0738115310668945,-0.22529587149620056,-1.1010472774505615,-1.5916829109191895,-1.3929054737091064,-1.670027732849121,-4.560107707977295,blur,5x5
1_1_02_4cdb4850_r02c02__blur_kernel_5,./data/robustness/blur/kernel_5/normalized_32x32/1/1_1_02_4cdb4850_r02c02__blur_kernel_5.npy,1,1,1,0.979309889306103,-3.0174331665039062,4.901157855987549,-4.784322261810303,-6.7895355224609375,-0.46747881174087524,-0.18901327252388,-0.8741669654846191,-0.9678756594657898,-0.6784055233001709,-3.7650156021118164,blur,5x5
1_1_02_4cdb4850_r02c03__blur_kernel_5,./data/robustness/blur/kernel_5/normalized_32x32/1/1_1_02_4cdb4850_r02c03__blur_kernel_5.npy,1,1,1,0.9842413647276301,-7.312197685241699,5.166385173797607,-0.8248302340507507,-2.85863995552063,-3.585564136505127,-2.816542625427246,-5.848777770996094,0.7877405881881714,-4.027256011962891,-5.680211067199707,blur,5x5
1_1_02_4cdb4850_r02c04__blur_kernel_5,./data/robustness/blur/kernel_5/normalized_32x32/1/1_1_02_4cdb4850_r02c04__blur_kernel_5.npy,1,1,1,0.8976243807023367,-1.8959107398986816,3.491506338119507,-2.097827911376953,-4.9700140953063965,-1.4001896381378174,-0.14300739765167236,0.23845337331295013,-1.3685052394866943,-0.2148773968219757,-3.8455746173858643,blur,5x5
1_1_02_4cdb4850_r03c01__blur_kernel_5,./data/robustness/blur/kernel_5/normalized_32x32/1/1_1_02_4cdb4850_r03c01__blur_kernel_5.npy,1,1,1,0.9952979623204409,-3.8074798583984375,6.116024017333984,-3.4212965965270996,-7.498715400695801,-0.4762897491455078,-0.5601592063903809,-0.5453374981880188,-2.412353515625,-1.5093811750411987,-6.015115261077881,blur,5x5
1_1_02_4cdb4850_r03c02__blur_kernel_5,./data/robustness/blur/kernel_5/normalized_32x32/1/1_1_02_4cdb4850_r03c02__blur_kernel_5.npy,1,1,1,0.9893369242504619,-2.706305980682373,5.1051201820373535,-1.7132494449615479,-5.944723129272461,-0.9185917377471924,-0.7467019557952881,-1.7658140659332275,-1.2111300230026245,-1.7228147983551025,-4.9992289543151855,blur,5x5
1_1_02_4cdb4850_r03c03__blur_kernel_5,./data/robustness/blur/kernel_5/normalized_32x32/1/1_1_02_4cdb4850_r03c03__blur_kernel_5.npy,1,1,1,0.9788143972438162,-2.4824743270874023,4.489115238189697,-0.9759167432785034,-4.952364444732666,-1.187591314315796,-0.3284214437007904,-1.961578607559204,-1.6209969520568848,-2.451714515686035,-4.5752058029174805,blur,5x5
1_1_02_4cdb4850_r03c04__blur_kernel_5,./data/robustness/blur/kernel_5/normalized_32x32/1/1_1_02_4cdb4850_r03c04__blur_kernel_5.npy,1,1,1,0.904514128061807,-1.9910887479782104,3.268557548522949,-0.8860489130020142,-3.7026727199554443,-1.0585753917694092,-0.014796063303947449,-1.1519248485565186,-1.0654133558273315,-1.733083963394165,-3.490776538848877,blur,5x5
1_1_02_4cdb4850_r04c01__blur_kernel_5,./data/robustness/blur/kernel_5/normalized_32x32/1/1_1_02_4cdb4850_r04c01__blur_kernel_5.npy,1,1,1,0.9986128340309055,-4.35366153717041,7.250743865966797,-5.325421333312988,-8.829452514648438,-0.09932559728622437,-0.9889681935310364,-2.336982250213623,-0.7872864007949829,-2.30330753326416,-4.55267858505249,blur,5x5
1_1_02_4cdb4850_r04c02__blur_kernel_5,./data/robustness/blur/kernel_5/normalized_32x32/1/1_1_02_4cdb4850_r04c02__blur_kernel_5.npy,1,1,1,0.9888082136452211,-3.2794461250305176,5.3877058029174805,-4.713593006134033,-8.015546798706055,-0.1855885088443756,-0.6280142068862915,-1.9875558614730835,-1.0529651641845703,-0.5916092395782471,-3.6979570388793945,blur,5x5
1_1_02_4cdb4850_r04c03__blur_kernel_5,./data/robustness/blur/kernel_5/normalized_32x32/1/1_1_02_4cdb4850_r04c03__blur_kernel_5.npy,1,1,1,0.9806720232534849,-2.857609987258911,4.905112266540527,-4.2945709228515625,-7.186403274536133,-0.36054643988609314,-0.3489108979701996,-1.3515424728393555,-1.0026319026947021,-0.6231228709220886,-3.7425341606140137,blur,5x5
1_1_02_4cdb4850_r04c04__blur_kernel_5,./data/robustness/blur/kernel_5/normalized_32x32/1/1_1_02_4cdb4850_r04c04__blur_kernel_5.npy,1,1,1,0.9418589737743376,-2.229199171066284,3.9832804203033447,-3.410654306411743,-5.864029407501221,0.23850837349891663,-0.12408581376075745,-1.2647095918655396,-1.4173047542572021,-0.8274035453796387,-2.8741745948791504,blur,5x5
2_2_01_2e3151dd_r01c01__blur_kernel_5,./data/robustness/blur/kernel_5/normalized_32x32/2/2_2_01_2e3151dd_r01c01__blur_kernel_5.npy,2,2,1,0.9999154916464723,-6.206265926361084,-4.53211784362793,8.951776504516602,-1.738821268081665,-4.608100891113281,-5.243553638458252,-6.301830291748047,-0.8088354468345642,-6.449272155761719,-9.916897773742676,blur,5x5
2_2_01_2e3151dd_r01c02__blur_kernel_5,./data/robustness/blur/kernel_5/normalized_32x32/2/2_2_01_2e3151dd_r01c02__blur_kernel_5.npy,2,2,1,0.9977618780380761,-2.2497200965881348,-4.002107620239258,6.305375099182129,-2.9614994525909424,-3.320797920227051,-3.1680803298950195,-4.989518165588379,-0.8786375522613525,-0.5960504412651062,-6.615277290344238,blur,5x5
2_2_01_2e3151dd_r01c03__blur_kernel_5,./data/robustness/blur/kernel_5/normalized_32x32/2/2_2_01_2e3151dd_r01c03__blur_kernel_5.npy,2,2,1,0.9999577479698039,-6.081408500671387,-5.678719520568848,10.06619930267334,-2.271099328994751,-5.580319881439209,-6.398054599761963,-7.7588114738464355,-0.1295076608657837,-6.845644474029541,-10.06517505645752,blur,5x5
2_2_01_2e3151dd_r01c04__blur_kernel_5,./data/robustness/blur/kernel_5/normalized_32x32/2/2_2_01_2e3151dd_r01c04__blur_kernel_5.npy,2,2,1,0.9999541080182203,-6.5127763748168945,-5.361799240112305,11.058942794799805,-3.172390937805176,-6.22191047668457,-7.9865827560424805,-9.131919860839844,1.0515706539154053,-6.212582588195801,-10.031023025512695,blur,5x5
2_2_01_2e3151dd_r02c01__blur_kernel_5,./data/robustness/blur/kernel_5/normalized_32x32/2/2_2_01_2e3151dd_r02c01__blur_kernel_5.npy,2,2,1,0.9805971866292909,-1.7813241481781006,-1.309518814086914,5.80533504486084,-5.609435558319092,-2.822157859802246,-3.5814449787139893,-6.964293003082275,1.768532156944275,-3.4905481338500977,-1.9139472246170044,blur,5x5
2_2_01_2e3151dd_r02c02__blur_kernel_5,./data/robustness/blur/kernel_5/normalized_32x32/2/2_2_01_2e3151dd_r02c02__blur_kernel_5.npy,2,2,1,0.95509930684108,0.5621259212493896,-3.8235504627227783,3.9768080711364746,-5.255480766296387,-1.825899362564087,-3.3946335315704346,-4.731606483459473,-1.5487995147705078,-3.2034912109375,-1.3098057508468628,blur,5x5
2_2_01_2e3151dd_r02c03__blur_kernel_5,./data/robustness/blur/kernel_5/normalized_32x32/2/2_2_01_2e3151dd_r02c03__blur_kernel_5.npy,2,2,1,0.9999409862683202,-7.1293487548828125,-4.908057689666748,9.976298332214355,-0.951596736907959,-6.10765266418457,-7.570031642913818,-9.935933113098145,-0.13812074065208435,-6.628977298736572,-9.495081901550293,blur,5x5
2_2_01_2e3151dd_r02c04__blur_kernel_5,./data/robustness/blur/kernel_5/normalized_32x32/2/2_2_01_2e3151dd_r02c04__blur_kernel_5.npy,2,2,1,0.9999959331745197,-6.825124740600586,-6.49950647354126,11.814114570617676,-2.3831818103790283,-7.373171806335449,-8.53006649017334,-8.622474670410156,-0.7912998795509338,-7.593513011932373,-11.704435348510742,blur,5x5
2_2_01_2e3151dd_r03c01__blur_kernel_5,./data/robustness/blur/kernel_5/normalized_32x32/2/2_2_01_2e3151dd_r03c01__blur_kernel_5.npy,2,2,1,0.9999916635127063,-6.6484761238098145,-4.9333672523498535,10.45038890838623,-2.7408151626586914,-4.811372756958008,-6.530555725097656,-5.726395606994629,-1.6043188571929932,-6.774058818817139,-9.825400352478027,blur,5x5
2_2_01_2e3151dd_r03c02__blur_kernel_5,./data/robustness/blur/kernel_5/normalized_32x32/2/2_2_01_2e3151dd_r03c02__blur_kernel_5.npy,2,2,1,0.9999295904081127,-6.955418586730957,-3.843810558319092,10.418539047241211,-2.8995449542999268,-5.134098052978516,-7.429508686065674,-9.553291320800781,0.8145629167556763,-4.217893123626709,-8.502616882324219,blur,5x5
2_2_01_2e3151dd_r03c03__blur_kernel_5,./data/robustness/blur/kernel_5/normalized_32x32/2/2_2_01_2e3151dd_r03c03__blur_kernel_5.npy,2,2,1,0.9999719257521373,-6.967273712158203,-4.392804145812988,9.932276725769043,-2.278874397277832,-4.8397746086120605,-6.7217230796813965,-6.178937911987305,-0.7990933656692505,-6.712400436401367,-9.808487892150879,blur,5x5
2_2_01_2e3151dd_r03c04__blur_kernel_5,./data/robustness/blur/kernel_5/normalized_32x32/2/2_2_01_2e3151dd_r03c04__blur_kernel_5.npy,2,2,1,0.9997316420466915,-4.813216209411621,-3.881030797958374,7.837549209594727,-1.0899455547332764,-4.918473720550537,-3.918257713317871,-6.018089771270752,-1.2828333377838135,-4.9888505935668945,-6.484044551849365,blur,5x5
2_2_01_2e3151dd_r04c01__blur_kernel_5,./data/robustness/blur/kernel_5/normalized_32x32/2/2_2_01_2e3151dd_r04c01__blur_kernel_5.npy,2,2,1,0.9999998066640757,-7.229244709014893,-4.34337043762207,12.970768928527832,-6.007524490356445,-5.794520378112793,-6.405697822570801,-8.175779342651367,-2.7840027809143066,-9.046485900878906,-11.980217933654785,blur,5x5
2_2_01_2e3151dd_r04c02__blur_kernel_5,./data/robustness/blur/kernel_5/normalized_32x32/2/2_2_01_2e3151dd_r04c02__blur_kernel_5.npy,2,2,1,0.9999833522925163,-8.21161937713623,-6.291741371154785,11.770853996276855,-1.779149055480957,-6.125471591949463,-8.31503677368164,-10.301521301269531,0.6834907531738281,-7.662646293640137,-10.137877464294434,blur,5x5
2_2_01_2e3151dd_r04c03__blur_kernel_5,./data/robustness/blur/kernel_5/normalized_32x32/2/2_2_01_2e3151dd_r04c03__blur_kernel_5.npy,2,2,1,0.9995760351582643,-5.343453884124756,-4.578305721282959,7.8251051902771,-0.8209315538406372,-4.382946014404297,-4.856663703918457,-6.651239395141602,-0.5455691814422607,-5.56128454208374,-6.502828121185303,blur,5x5
2_2_01_2e3151dd_r04c04__blur_kernel_5,./data/robustness/blur/kernel_5/normalized_32x32/2/2_2_01_2e3151dd_r04c04__blur_kernel_5.npy,2,3,0,0.8305455864126138,-3.933293342590332,-2.185011625289917,1.7844640016555786,3.5936362743377686,-2.0605649948120117,-1.2434556484222412,-6.107326030731201,-0.7290001511573792,-1.0196783542633057,-2.657083749771118,blur,5x5
2_2_02_cbfae05c_r01c01__blur_kernel_5,./data/robustness/blur/kernel_5/normalized_32x32/2/2_2_02_cbfae05c_r01c01__blur_kernel_5.npy,2,2,1,0.9999983520508172,-5.847283363342285,-6.594526290893555,11.341553688049316,-3.2662863731384277,-6.1280903816223145,-6.71474552154541,-6.557514667510986,-2.4017584323883057,-6.855195999145508,-11.303299903869629,blur,5x5
2_2_02_cbfae05c_r01c02__blur_kernel_5,./data/robustness/blur/kernel_5/normalized_32x32/2/2_2_02_cbfae05c_r01c02__blur_kernel_5.npy,2,2,1,0.9999264519874285,-5.731380462646484,-4.782266139984131,9.634162902832031,-1.987779140472412,-5.134740829467773,-6.669487476348877,-9.854724884033203,-0.03612305223941803,-5.904447555541992,-7.316926002502441,blur,5x5
2_2_02_cbfae05c_r01c03__blur_kernel_5,./data/robustness/blur/kernel_5/normalized_32x32/2/2_2_02_cbfae05c_r01c03__blur_kernel_5.npy,2,2,1,0.9958990921835087,-5.632936000823975,-2.633024215698242,6.4191999435424805,-0.40372234582901,-3.8349685668945312,-4.880295276641846,-8.30065631866455,0.5504442453384399,-4.073976516723633,-5.963722229003906,blur,5x5
2_2_02_cbfae05c_r01c04__blur_kernel_5,./data/robustness/blur/kernel_5/normalized_32x32/2/2_2_02_cbfae05c_r01c04__blur_kernel_5.npy,2,2,1,0.7080835284043376,-2.680253028869629,1.8264071941375732,3.0948538780212402,-4.490819454193115,-2.532083749771118,-2.974123954772949,-5.211738109588623,0.9157953858375549,-2.1872787475585938,-2.716475486755371,blur,5x5
2_2_02_cbfae05c_r02c01__blur_kernel_5,./data/robustness/blur/kernel_5/normalized_32x32/2/2_2_02_cbfae05c_r02c01__blur_kernel_5.npy,2,2,1,0.9999952448222426,-8.12166976928711,-3.456759452819824,10.902005195617676,-2.3857345581054688,-2.442030906677246,-3.154942512512207,-7.39422082901001,-5.580725193023682,-8.383487701416016,-9.938352584838867,blur,5x5
2_2_02_cbfae05c_r02c02__blur_kernel_5,./data/robustness/blur/kernel_5/normalized_32x32/2/2_2_02_cbfae05c_r02c02__blur_kernel_5.npy,2,2,1,0.999982035164148,-6.609447479248047,-6.670889854431152,10.489704132080078,-1.181911587715149,-5.744842529296875,-6.500478744506836,-7.956336975097656,-1.1071065664291382,-7.072755813598633,-11.501075744628906,blur,5x5
2_2_02_cbfae05c_r02c03__blur_kernel_5,./data/robustness/blur/kernel_5/normalized_32x32/2/2_2_02_cbfae05c_r02c03__blur_kernel_5.npy,2,2,1,0.9999267196524172,-4.971669673919678,-5.381147384643555,9.143148422241211,-2.3127851486206055,-5.284719944000244,-5.743317127227783,-6.436411380767822,-0.5772225260734558,-5.700310230255127,-10.167067527770996,blur,5x5
2_2_02_cbfae05c_r02c04__blur_kernel_5,./data/robustness/blur/kernel_5/normalized_32x32/2/2_2_02_cbfae05c_r02c04__blur_kernel_5.npy,2,2,1,0.9999981327111507,-6.863911151885986,-7.785073280334473,12.237419128417969,-2.2709593772888184,-6.340730667114258,-7.677861213684082,-8.934051513671875,-1.2793554067611694,-9.244831085205078,-12.080060958862305,blur,5x5
2_2_02_cbfae05c_r03c01__blur_kernel_5,./data/robustness/blur/kernel_5/normalized_32x32/2/2_2_02_cbfae05c_r03c01__blur_kernel_5.npy,2,2,1,0.9999947401182587,-6.758620262145996,-5.937224388122559,11.43663501739502,-3.1317391395568848,-5.303699493408203,-7.048006534576416,-6.489012718200684,-0.8403291702270508,-6.9622087478637695,-10.244399070739746,blur,5x5
2_2_02_cbfae05c_r03c02__blur_kernel_5,./data/robustness/blur/kernel_5/normalized_32x32/2/2_2_02_cbfae05c_r03c02__blur_kernel_5.npy,2,2,1,0.999976270248689,-7.618142127990723,-3.333936929702759,10.624695777893066,-3.1663949489593506,-5.070705413818359,-7.534582614898682,-8.487784385681152,-0.12003251910209656,-5.546882629394531,-9.052836418151855,blur,5x5
2_2_02_cbfae05c_r03c03__blur_kernel_5,./data/robustness/blur/kernel_5/normalized_32x32/2/2_2_02_cbfae05c_r03c03__blur_kernel_5.npy,2,2,1,0.9999828610770267,-8.12015151977539,-4.058789253234863,10.32609748840332,-2.7015268802642822,-4.699368476867676,-7.334448337554932,-6.703779220581055,-0.8506574034690857,-8.319710731506348,-10.12825870513916,blur,5x5
2_2_02_cbfae05c_r03c04__blur_kernel_5,./data/robustness/blur/kernel_5/normalized_32x32/2/2_2_02_cbfae05c_r03c04__blur_kernel_5.npy,2,2,1,0.9993731263371455,-6.980402946472168,-2.850783109664917,8.163775444030762,-1.2189326286315918,-3.807199478149414,-5.581081390380859,-9.401198387145996,0.5885339975357056,-4.079513072967529,-5.521594047546387,blur,5x5
2_2_02_cbfae05c_r04c01__blur_kernel_5,./data/robustness/blur/kernel_5/normalized_32x32/2/2_2_02_cbfae05c_r04c01__blur_kernel_5.npy,2,2,1,0.9998088266614954,-5.3681440353393555,-5.549167633056641,8.833699226379395,-1.296199083328247,-4.8820271492004395,-6.061327934265137,-8.095152854919434,0.014940157532691956,-5.446246147155762,-8.097528457641602,blur,5x5
2_2_02_cbfae05c_r04c02__blur_kernel_5,./data/robustness/blur/kernel_5/normalized_32x32/2/2_2_02_cbfae05c_r04c02__blur_kernel_5.npy,2,2,1,0.999985162929752,-5.078489780426025,-4.033809661865234,10.83716106414795,-5.117648601531982,-5.82408332824707,-7.015481472015381,-7.776695251464844,-0.38071709871292114,-3.293227434158325,-8.685636520385742,blur,5x5
2_2_02_cbfae05c_r04c03__blur_kernel_5,./data/robustness/blur/kernel_5/normalized_32x32/2/2_2_02_cbfae05c_r04c03__blur_kernel_5.npy,2,2,1,0.9983493803110933,-3.582044839859009,-2.7251830101013184,5.747800827026367,-2.3561973571777344,-1.7483971118927002,-3.254342555999756,-3.225651264190674,-2.5790586471557617,-7.4954328536987305,-6.569220542907715,blur,5x5
2_2_02_cbfae05c_r04c04__blur_kernel_5,./data/robustness/blur/kernel_5/normalized_32x32/2/2_2_02_cbfae05c_r04c04__blur_kernel_5.npy,2,2,1,0.9997670751526764,-5.42672061920166,-4.926714897155762,7.865234851837158,-0.7587011456489563,-4.217937469482422,-4.781698226928711,-3.919433832168579,-2.6535239219665527,-4.325321674346924,-7.770563125610352,blur,5x5
3_3_01_3ef7df64_r01c01__blur_kernel_5,./data/robustness/blur/kernel_5/normalized_32x32/3/3_3_01_3ef7df64_r01c01__blur_kernel_5.npy,3,3,1,0.9872344149258232,-3.234487771987915,-3.164609432220459,-2.4513161182403564,4.86848258972168,-3.6448357105255127,-0.1423528492450714,-4.822917938232422,-3.0492188930511475,-1.0788612365722656,-1.4875489473342896,blur,5x5
3_3_01_3ef7df64_r01c02__blur_kernel_5,./data/robustness/blur/kernel_5/normalized_32x32/3/3_3_01_3ef7df64_r01c02__blur_kernel_5.npy,3,3,1,0.99237919590596,-3.2988152503967285,-3.696758985519409,-2.891784191131592,5.300844669342041,-3.4106996059417725,-0.004185952246189117,-5.8266706466674805,-2.6184983253479004,-1.8745694160461426,-1.80531907081604,blur,5x5
3_3_01_3ef7df64_r01c03__blur_kernel_5,./data/robustness/blur/kernel_5/normalized_32x32/3/3_3_01_3ef7df64_r01c03__blur_kernel_5.npy,3,3,1,0.8907450636526703,-1.8717516660690308,-3.4005074501037598,-4.057078838348389,3.0275378227233887,-2.9835665225982666,0.49577796459198,-6.518765926361084,-1.2792662382125854,-4.767938137054443,-1.05762779712677,blur,5x5
3_3_01_3ef7df64_r01c04__blur_kernel_5,./data/robustness/blur/kernel_5/normalized_32x32/3/3_3_01_3ef7df64_r01c04__blur_kernel_5.npy,3,3,1,0.9986914670510132,-4.325631141662598,-4.655228137969971,-3.4093728065490723,6.8538126945495605,-5.004086971282959,-0.1166551485657692,-6.239001274108887,-4.011910915374756,-1.489830732345581,-3.133179187774658,blur,5x5
3_3_01_3ef7df64_r02c01__blur_kernel_5,./data/robustness/blur/kernel_5/normalized_32x32/3/3_3_01_3ef7df64_r02c01__blur_kernel_5.npy,3,3,1,0.9545940396974163,-4.849145412445068,-3.9026527404785156,-4.9160475730896,5.110933780670166,-5.049615383148193,1.9733562469482422,-4.41360330581665,-4.471312046051025,-0.5425767302513123,-3.073611259460449,blur,5x5
3_3_01_3ef7df64_r02c02__blur_kernel_5,./data/robustness/blur/kernel_5/normalized_32x32/3/3_3_01_3ef7df64_r02c02__blur_kernel_5.npy,3,3,1,0.9999746691601471,-7.758936882019043,-5.973644733428955,-4.2101240158081055,10.05855655670166,-7.3246989250183105,-1.6580066680908203,-9.533210754394531,-5.352553844451904,-0.9944478869438171,-4.8432936668396,blur,5x5
3_3_01_3ef7df64_r02c03__blur_kernel_5,./data/robustness/blur/kernel_5/normalized_32x32/3/3_3_01_3ef7df64_r02c03__blur_kernel_5.npy,3,3,1,0.9991814879000442,-3.8343749046325684,-4.444547176361084,-4.161395072937012,6.901418209075928,-5.179183006286621,-1.2556064128875732,-7.141932964324951,-3.8833677768707275,-1.044859766960144,-2.2885308265686035,blur,5x5
3_3_01_3ef7df64_r02c04__blur_kernel_5,./data/robustness/blur/kernel_5/normalized_32x32/3/3_3_01_3ef7df64_r02c04__blur_kernel_5.npy,3,3,1,0.9900256932799462,-2.640450954437256,-2.6086175441741943,-3.0832467079162598,4.7039031982421875,-3.735412836074829,-1.6050468683242798,-6.62357234954834,-2.143906593322754,-1.9226737022399902,-0.8398670554161072,blur,5x5
3_3_01_3ef7df64_r03c01__blur_kernel_5,./data/robustness/blur/kernel_5/normalized_32x32/3/3_3_01_3ef7df64_r03c01__blur_kernel_5.npy,3,3,1,0.9997998371019942,-6.028324604034424,-4.813227653503418,-4.004488945007324,8.19786548614502,-6.318429946899414,-1.123932957649231,-7.623773574829102,-4.636709690093994,-1.1318289041519165,-3.2394096851348877,blur,5x5
3_3_01_3ef7df64_r03c02__blur_kernel_5,./data/robustness/blur/kernel_5/normalized_32x32/3/3_3_01_3ef7df64_r03c02__blur_kernel_5.npy,3,3,1,0.9982239221409728,-5.23304557800293,-4.343479633331299,-3.8152148723602295,6.898637771606445,-5.520095348358154,-0.9524831771850586,-6.763646602630615,-5.1794328689575195,0.2277635633945465,-2.6540443897247314,blur,5x5
3_3_01_3ef7df64_r03c03__blur_kernel_5,./data/robustness/blur/kernel_5/normalized_32x32/3/3_3_01_3ef7df64_r03c03__blur_kernel_5.npy,3,3,1,0.9796481764894823,-4.231595993041992,-4.885440826416016,0.8543741703033447,5.034623146057129,-2.7974014282226562,-2.4977991580963135,-7.361523151397705,-3.433328151702881,-0.47093623876571655,-3.947962999343872,blur,5x5
3_3_01_3ef7df64_r03c04__blur_kernel_5,./data/robustness/blur/kernel_5/normalized_32x32/3/3_3_01_3ef7df64_r03c04__blur_kernel_5.npy,3,3,1,0.4858942749122812,-1.1332944631576538,-1.4873065948486328,-0.5276762247085571,1.3384150266647339,-0.4251261353492737,-1.0008796453475952,-3.70310640335083,-0.8234865665435791,-0.9931305646896362,0.04042316973209381,blur,5x5
3_3_01_3ef7df64_r04c01__blur_kernel_5,./data/robustness/blur/kernel_5/normalized_32x32/3/3_3_01_3ef7df64_r04c01__blur_kernel_5.npy,3,3,1,0.45919425749717013,-0.41391611099243164,-1.644615888595581,-2.892237424850464,1.0092902183532715,-2.05975341796875,-0.19619281589984894,-3.6224558353424072,-0.30072590708732605,-2.7966480255126953,-0.6082003712654114,blur,5x5
3_3_01_3ef7df64_r04c02__blur_kernel_5,./data/robustness/blur/kernel_5/normalized_32x32/3/3_3_01_3ef7df64_r04c02__blur_kernel_5.npy,3,3,1,0.38737037105562916,-1.3322676420211792,-1.4912824630737305,-2.4670541286468506,1.0349007844924927,0.13010407984256744,-1.2953895330429077,-4.342206954956055,-1.07090425491333,-0.8104859590530396,0.5096994042396545,blur,5x5
3_3_01_3ef7df64_r04c03__blur_kernel_5,./data/robustness/blur/kernel_5/normalized_32x32/3/3_3_01_3ef7df64_r04c03__blur_kernel_5.npy,3,9,0,0.3989594174058851,-2.6872475147247314,-0.08407582342624664,-1.174993634223938,-1.100875973701477,1.7776963710784912,-2.454848051071167,-4.776029109954834,0.2260226160287857,-2.2568814754486084,1.7871582508087158,blur,5x5
3_3_01_3ef7df64_r04c04__blur_kernel_5,./data/robustness/blur/kernel_5/normalized_32x32/3/3_3_01_3ef7df64_r04c04__blur_kernel_5.npy,3,1,0,0.7237586900444481,-2.3905012607574463,2.536755323410034,-0.9112082719802856,-2.8376646041870117,0.3973294496536255,-2.4174790382385254,-5.059375762939453,0.48859888315200806,-1.7738288640975952,-0.11809680610895157,blur,5x5
3_3_02_0ace0337_r01c01__blur_kernel_5,./data/robustness/blur/kernel_5/normalized_32x32/3/3_3_02_0ace0337_r01c01__blur_kernel_5.npy,3,3,1,0.992398972574703,-3.9900882244110107,-3.0126328468322754,-3.734623432159424,5.273578643798828,-3.6590185165405273,-0.3613828718662262,-7.048098564147949,-2.0331273078918457,-2.344470977783203,-0.7924962043762207,blur,5x5
3_3_02_0ace0337_r01c02__blur_kernel_5,./data/robustness/blur/kernel_5/normalized_32x32/3/3_3_02_0ace0337_r01c02__blur_kernel_5.npy,3,5,0,0.5823950710068307,-1.6985480785369873,-2.200714111328125,-2.1199750900268555,0.6262215971946716,-0.45644310116767883,1.7432470321655273,-3.2234432697296143,-2.643465995788574,-1.7328147888183594,-0.11309710144996643,blur,5x5
3_3_02_0ace0337_r01c03__blur_kernel_5,./data/robustness/blur/kernel_5/normalized_32x32/3/3_3_02_0ace0337_r01c03__blur_kernel_5.npy,3,3,1,0.9963329634332326,-4.200494766235352,-3.5515012741088867,-2.740231990814209,6.02961540222168,-4.734994888305664,-0.22856536507606506,-4.313312530517578,-3.151270866394043,-0.6423689126968384,-3.365314245223999,blur,5x5
3_3_02_0ace0337_r01c04__blur_kernel_5,./data/robustness/blur/kernel_5/normalized_32x32/3/3_3_02_0ace0337_r01c04__blur_kernel_5.npy,3,3,1,0.9893960530596257,-5.63065242767334,-3.5518240928649902,-4.761296272277832,5.430008888244629,-5.262571811676025,0.14285944402217865,-7.539774417877197,-4.066887855529785,-0.8234447836875916,-0.2368732988834381,blur,5x5
3_3_02_0ace0337_r02c01__blur_kernel_5,./data/robustness/blur/kernel_5/normalized_32x32/3/3_3_02_0ace0337_r02c01__blur_kernel_5.npy,3,3,1,0.9781499953254434,-3.749465227127075,-2.9148693084716797,-2.9245617389678955,4.600553035736084,-3.778722047805786,-0.02400406450033188,-4.845287799835205,-3.4466745853424072,-0.24610555171966553,-1.3041635751724243,blur,5x5
3_3_02_0ace0337_r02c02__blur_kernel_5,./data/robustness/blur/kernel_5/normalized_32x32/3/3_3_02_0ace0337_r02c02__blur_kernel_5.npy,3,3,1,0.8717154143912497,-2.5922279357910156,-1.9042649269104004,-1.7511714696884155,3.03822922706604,-2.8935463428497314,0.5788781046867371,-3.4685797691345215,-2.5712361335754395,-0.985349178314209,-1.040264368057251,blur,5x5
3_3_02_0ace0337_r02c03__blur_kernel_5,./data/robustness/blur/kernel_5/normalized_32x32/3/3_3_02_0ace0337_r02c03__blur_kernel_5.npy,3,3,1,0.9968051198394036,-3.875124216079712,-3.901289701461792,-3.114206314086914,5.9759063720703125,-4.113605499267578,-0.24967476725578308,-6.116394996643066,-3.1581075191497803,-1.4034461975097656,-2.3967769145965576,blur,5x5
3_3_02_0ace0337_r02c04__blur_kernel_5,./data/robustness/blur/kernel_5/normalized_32x32/3/3_3_02_0ace0337_r02c04__blur_kernel_5.npy,3,3,1,0.9995783719941908,-5.813544750213623,-4.651958465576172,-2.71293306350708,7.693943023681641,-5.712148189544678,-0.878195583820343,-7.167861461639404,-4.371982097625732,-0.9352261424064636,-3.8047115802764893,blur,5x5
3_3_02_0ace0337_r03c01__blur_kernel_5,./data/robustness/blur/kernel_5/normalized_32x32/3/3_3_02_0ace0337_r03c01__blur_kernel_5.npy,3,3,1,0.9987794035959395,-4.685968399047852,-3.9181010723114014,-2.55898380279541,6.59224796295166,-4.756763458251953,-0.8988614678382874,-5.790432929992676,-3.0447592735290527,-1.2850608825683594,-3.169999122619629,blur,5x5
3_3_02_0ace0337_r03c02__blur_kernel_5,./data/robustness/blur/kernel_5/normalized_32x32/3/3_3_02_0ace0337_r03c02__blur_kernel_5.npy,3,3,1,0.4732581734973656,-0.9872420430183411,-2.4453659057617188,-3.1479945182800293,1.4947811365127563,-1.4833108186721802,-0.08492384105920792,-4.63923454284668,-1.2872072458267212,-1.8541908264160156,1.0550848245620728,blur,5x5
3_3_02_0ace0337_r03c03__blur_kernel_5,./data/robustness/blur/kernel_5/normalized_32x32/3/3_3_02_0ace0337_r03c03__blur_kernel_5.npy,3,9,0,0.5587548493653544,-1.623231291770935,-1.714759111404419,-3.5495362281799316,0.702106237411499,-0.8077070116996765,-0.9290390014648438,-5.444503307342529,-0.20821498334407806,-2.7977492809295654,1.6573169231414795,blur,5x5
3_3_02_0ace0337_r03c04__blur_kernel_5,./data/robustness/blur/kernel_5/normalized_32x32/3/3_3_02_0ace0337_r03c04__blur_kernel_5.npy,3,3,1,0.854853462500962,-2.4684066772460938,-1.509831190109253,-1.3367881774902344,2.6820061206817627,-1.6214427947998047,-1.2184919118881226,-4.79153299331665,-0.49995148181915283,-1.8206353187561035,-0.441663920879364,blur,5x5
3_3_02_0ace0337_r04c01__blur_kernel_5,./data/robustness/blur/kernel_5/normalized_32x32/3/3_3_02_0ace0337_r04c01__blur_kernel_5.npy,3,3,1,0.9877818904905779,-2.42773699760437,-3.3740782737731934,-2.655233383178711,4.7142815589904785,-3.3582518100738525,-0.36428940296173096,-4.610721588134766,-1.552626609802246,-2.4244139194488525,-1.9166146516799927,blur,5x5
3_3_02_0ace0337_r04c02__blur_kernel_5,./data/robustness/blur/kernel_5/normalized_32x32/3/3_3_02_0ace0337_r04c02__blur_kernel_5.npy,3,3,1,0.97098432550719,-2.999894618988037,-2.6258749961853027,-1.4750864505767822,4.202252388000488,-3.16982102394104,0.03663509339094162,-3.7952675819396973,-2.228795051574707,-0.973372757434845,-2.8290457725524902,blur,5x5
3_3_02_0ace0337_r04c03__blur_kernel_5,./data/robustness/blur/kernel_5/normalized_32x32/3/3_3_02_0ace0337_r04c03__blur_kernel_5.npy,3,3,1,0.9193109324544118,-2.556546211242676,-2.4371824264526367,0.062187179923057556,3.368931531906128,-2.444490432739258,-0.3761419355869293,-4.0307230949401855,-1.8698720932006836,-1.2172720432281494,-2.5360841751098633,blur,5x5
3_3_02_0ace0337_r04c04__blur_kernel_5,./data/robustness/blur/kernel_5/normalized_32x32/3/3_3_02_0ace0337_r04c04__blur_kernel_5.npy,3,1,0,0.4947743940330585,-1.6085562705993652,1.667609691619873,-0.7261101603507996,-2.1526856422424316,0.8567849397659302,-1.0054657459259033,-2.9940669536590576,-0.3008389472961426,-1.1347734928131104,-0.25094226002693176,blur,5x5
4_4_01_ecfe458e_r01c01__blur_kernel_5,./data/robustness/blur/kernel_5/normalized_32x32/4/4_4_01_ecfe458e_r01c01__blur_kernel_5.npy,4,4,1,0.8933444201382978,-3.0728495121002197,-1.7491700649261475,-2.8767738342285156,-2.7761573791503906,3.7091174125671387,-2.016209125518799,-3.2254855632781982,-3.103688955307007,-0.6495211124420166,1.3335052728652954,blur,5x5
4_4_01_ecfe458e_r01c02__blur_kernel_5,./data/robustness/blur/kernel_5/normalized_32x32/4/4_4_01_ecfe458e_r01c02__blur_kernel_5.npy,4,4,1,0.998345011307638,-5.0759053230285645,-1.3594248294830322,-3.0930941104888916,-5.977921485900879,7.786503791809082,-4.176847457885742,-2.734074115753174,-1.429305076599121,-5.323818206787109,1.210758090019226,blur,5x5
4_4_01_ecfe458e_r01c03__blur_kernel_5,./data/robustness/blur/kernel_5/normalized_32x32/4/4_4_01_ecfe458e_r01c03__blur_kernel_5.npy,4,4,1,0.9941723582107724,-4.988208770751953,-1.2891345024108887,-4.020030498504639,-5.7689104080200195,7.050650596618652,-4.610709190368652,-2.4390451908111572,-0.27149689197540283,-4.86664342880249,1.7212833166122437,blur,5x5
4_4_01_ecfe458e_r01c04__blur_kernel_5,./data/robustness/blur/kernel_5/normalized_32x32/4/4_4_01_ecfe458e_r01c04__blur_kernel_5.npy,4,4,1,0.9997532047773472,-3.5574636459350586,-2.646484136581421,-5.216768741607666,-6.396002292633057,8.70116901397705,-2.48298978805542,-0.6301494836807251,-2.2041614055633545,-4.845059394836426,-0.44181373715400696,blur,5x5
4_4_01_ecfe458e_r02c01__blur_kernel_5,./data/robustness/blur/kernel_5/normalized_32x32/4/4_4_01_ecfe458e_r02c01__blur_kernel_5.npy,4,4,1,0.99998381557596,-5.046147346496582,-2.9146506786346436,-4.025021076202393,-7.544839859008789,10.31241226196289,-2.027034044265747,-2.7443366050720215,-3.7827723026275635,-5.190799236297607,-1.6937400102615356,blur,5x5
4_4_01_ecfe458e_r02c02__blur_kernel_5,./data/robustness/blur/kernel_5/normalized_32x32/4/4_4_01_ecfe458e_r02c02__blur_kernel_5.npy,4,4,1,0.9996735731921249,-4.005346298217773,-2.291565179824829,-3.8777694702148438,-5.695545196533203,7.832298755645752,-2.2469918727874756,-3.804182767868042,-4.32426643371582,-2.0304837226867676,-0.8984384536743164,blur,5x5
4_4_01_ecfe458e_r02c03__blur_kernel_5,./data/robustness/blur/kernel_5/normalized_32x32/4/4_4_01_ecfe458e_r02c03__blur_kernel_5.npy,4,4,1,0.9999176195363747,-5.539158821105957,-3.417130947113037,-5.399338722229004,-7.859375953674316,10.00980281829834,-3.403062343597412,-3.707759141921997,-2.6750926971435547,-4.220487594604492,0.5004959106445312,blur,5x5
4_4_01_ecfe458e_r02c04__blur_kernel_5,./data/robustness/blur/kernel_5/normalized_32x32/4/4_4_01_ecfe458e_r02c04__blur_kernel_5.npy,4,4,1,0.9939189716589493,-6.743884086608887,-3.0658605098724365,-5.778430938720703,-7.118152141571045,8.056955337524414,-4.648138523101807,-5.495882034301758,-2.5948219299316406,-2.938939094543457,2.9504289627075195,blur,5x5
4_4_01_ecfe458e_r03c01__blur_kernel_5,./data/robustness/blur/kernel_5/normalized_32x32/4/4_4_01_ecfe458e_r03c01__blur_kernel_5.npy,4,4,1,0.9950282901688403,-3.6357638835906982,-0.09900519251823425,-1.2774237394332886,-4.285311698913574,5.858620643615723,-1.858651041984558,-3.8048808574676514,-3.8588292598724365,-1.5895954370498657,-2.1027138233184814,blur,5x5
4_4_01_ecfe458e_r03c02__blur_kernel_5,./data/robustness/blur/kernel_5/normalized_32x32/4/4_4_01_ecfe458e_r03c02__blur_kernel_5.npy,4,4,1,0.9995494533842498,-4.628671646118164,-1.2470241785049438,-2.415001630783081,-6.222675323486328,7.495547771453857,-2.091920852661133,-3.5128333568573,-2.524034023284912,-2.7543675899505615,-2.072826385498047,blur,5x5
4_4_01_ecfe458e_r03c03__blur_kernel_5,./data/robustness/blur/kernel_5/normalized_32x32/4/4_4_01_ecfe458e_r03c03__blur_kernel_5.npy,4,4,1,0.999924871461188,-5.060735702514648,-1.5488027334213257,-3.0047402381896973,-6.953522205352783,8.957925796508789,-2.185621976852417,-4.114410400390625,-4.806764125823975,-2.6712496280670166,-2.2228405475616455,blur,5x5
4_4_01_ecfe458e_r03c04__blur_kernel_5,./data/robustness/blur/kernel_5/normalized_32x32/4/4_4_01_ecfe458e_r03c04__blur_kernel_5.npy,4,4,1,0.9973665047574344,-4.352894306182861,-0.7058735489845276,-2.575641632080078,-5.0650835037231445,6.517330169677734,-3.0638039112091064,-3.382838249206543,-1.3433003425598145,-3.885878562927246,-0.1793229877948761,blur,5x5
4_4_01_ecfe458e_r04c01__blur_kernel_5,./data/robustness/blur/kernel_5/normalized_32x32/4/4_4_01_ecfe458e_r04c01__blur_kernel_5.npy,4,4,1,0.7390377166932618,-3.4225311279296875,-0.6198294162750244,-3.3793749809265137,-3.1987144947052,3.5756938457489014,-1.9990043640136719,-3.8422250747680664,-1.4016950130462646,-2.379483699798584,2.439880132675171,blur,5x5
4_4_01_ecfe458e_r04c02__blur_kernel_5,./data/robustness/blur/kernel_5/normalized_32x32/4/4_4_01_ecfe458e_r04c02__blur_kernel_5.npy,4,4,1,0.9978964630648195,-4.572826862335205,-1.1037766933441162,-2.7067172527313232,-5.80666446685791,6.851306438446045,-3.639638900756836,-3.956430673599243,-2.736085891723633,-2.790457010269165,0.34284964203834534,blur,5x5
4_4_01_ecfe458e_r04c03__blur_kernel_5,./data/robustness/blur/kernel_5/normalized_32x32/4/4_4_01_ecfe458e_r04c03__blur_kernel_5.npy,4,4,1,0.9339697327449173,-5.001814842224121,0.02322991192340851,-4.377308368682861,-5.136447906494141,4.75829553604126,-2.748417377471924,-5.828173637390137,-1.1104857921600342,-2.7609751224517822,1.9067890644073486,blur,5x5
4_4_01_ecfe458e_r04c04__blur_kernel_5,./data/robustness/blur/kernel_5/normalized_32x32/4/4_4_01_ecfe458e_r04c04__blur_kernel_5.npy,4,4,1,0.9998357670556186,-5.120230674743652,-1.9491612911224365,-2.7470626831054688,-6.435805320739746,8.304506301879883,-3.2486464977264404,-3.3559224605560303,-2.7123875617980957,-3.48282527923584,-1.2763409614562988,blur,5x5
4_4_02_b6e2cbed_r01c01__blur_kernel_5,./data/robustness/blur/kernel_5/normalized_32x32/4/4_4_02_b6e2cbed_r01c01__blur_kernel_5.npy,4,4,1,0.9959556577850482,-5.784197807312012,-1.4961216449737549,-0.9568272829055786,-5.305354118347168,7.379605293273926,-4.581900596618652,-5.929254055023193,0.19348609447479248,-6.131804943084717,1.539989948272705,blur,5x5
4_4_02_b6e2cbed_r01c02__blur_kernel_5,./data/robustness/blur/kernel_5/normalized_32x32/4/4_4_02_b6e2cbed_r01c02__blur_kernel_5.npy,4,4,1,0.9271355939881313,-2.625009536743164,-3.4080417156219482,-5.242399215698242,-3.9886512756347656,5.000544548034668,-1.5197700262069702,-4.0377726554870605,-4.021766185760498,-1.7545361518859863,2.408170461654663,blur,5x5
4_4_02_b6e2cbed_r01c03__blur_kernel_5,./data/robustness/blur/kernel_5/normalized_32x32/4/4_4_02_b6e2cbed_r01c03__blur_kernel_5.npy,4,4,1,0.999812200267048,-5.164437294006348,-2.936720848083496,-4.608418941497803,-6.295252799987793,8.574687004089355,-1.589629888534546,-3.799562454223633,-3.07002329826355,-3.5696322917938232,-0.47285887598991394,blur,5x5
4_4_02_b6e2cbed_r01c04__blur_kernel_5,./data/robustness/blur/kernel_5/normalized_32x32/4/4_4_02_b6e2cbed_r01c04__blur_kernel_5.npy,4,4,1,0.9995817801858355,-3.1230103969573975,-2.8976833820343018,-2.971625804901123,-5.320248603820801,7.818758487701416,-1.3634387254714966,-1.5065613985061646,-2.205261707305908,-4.177031517028809,-1.2652531862258911,blur,5x5
4_4_02_b6e2cbed_r02c01__blur_kernel_5,./data/robustness/blur/kernel_5/normalized_32x32/4/4_4_02_b6e2cbed_r02c01__blur_kernel_5.npy,4,4,1,0.9979316149471855,-3.5039925575256348,-2.1215338706970215,-3.1013715267181396,-5.7412800788879395,6.542001724243164,-1.0082447528839111,-2.6065518856048584,-4.837872505187988,-0.8379197120666504,-1.0203893184661865,blur,5x5
4_4_02_b6e2cbed_r02c02__blur_kernel_5,./data/robustness/blur/kernel_5/normalized_32x32/4/4_4_02_b6e2cbed_r02c02__blur_kernel_5.npy,4,4,1,0.9620488641932203,-3.9132838249206543,-0.9214491248130798,-1.2401962280273438,-2.4341468811035156,4.025363922119141,-2.1856977939605713,-2.554199695587158,-0.2879195213317871,-2.3944907188415527,-0.9596757292747498,blur,5x5
4_4_02_b6e2cbed_r02c03__blur_kernel_5,./data/robustness/blur/kernel_5/normalized_32x32/4/4_4_02_b6e2cbed_r02c03__blur_kernel_5.npy,4,4,1,0.9999284388036127,-5.687870979309082,-1.9656926393508911,-3.186026096343994,-6.965423107147217,8.785812377929688,-2.5774874687194824,-3.468897581100464,-2.918623208999634,-3.7832748889923096,-2.317674398422241,blur,5x5
4_4_02_b6e2cbed_r02c04__blur_kernel_5,./data/robustness/blur/kernel_5/normalized_32x32/4/4_4_02_b6e2cbed_r02c04__blur_kernel_5.npy,4,4,1,0.9998796396284354,-4.650041580200195,-3.381584644317627,-4.638715744018555,-6.160667896270752,8.905359268188477,-2.250380754470825,-4.589348316192627,-3.1498069763183594,-3.4161722660064697,-0.44507622718811035,blur,5x5
4_4_02_b6e2cbed_r03c01__blur_kernel_5,./data/robustness/blur/kernel_5/normalized_32x32/4/4_4_02_b6e2cbed_r03c01__blur_kernel_5.npy,4,4,1,0.9993310428195741,-3.8275327682495117,-1.010377049446106,-2.4217700958251953,-6.755120277404785,7.659848690032959,-1.616804599761963,-3.923130512237549,-5.790329933166504,-0.39014437794685364,-3.0791428089141846,blur,5x5
4_4_02_b6e2cbed_r03c02__blur_kernel_5,./data/robustness/blur/kernel_5/normalized_32x32/4/4_4_02_b6e2cbed_r03c02__blur_kernel_5.npy,4,4,1,0.907133184600039,-4.46477746963501,-1.3339266777038574,-3.3936033248901367,-4.24102783203125,4.938230514526367,-3.279046058654785,-5.012716770172119,-1.4075775146484375,-2.84012508392334,2.6110353469848633,blur,5x5
4_4_02_b6e2cbed_r03c03__blur_kernel_5,./data/robustness/blur/kernel_5/normalized_32x32/4/4_4_02_b6e2cbed_r03c03__blur_kernel_5.npy,4,4,1,0.9927924163677601,-4.6772236824035645,-0.8946384191513062,-3.5989081859588623,-6.3691816329956055,5.885916233062744,-2.9186296463012695,-3.804204225540161,-2.793611764907837,-1.243346929550171,0.5539126396179199,blur,5x5
4_4_02_b6e2cbed_r03c04__blur_kernel_5,./data/robustness/blur/kernel_5/normalized_32x32/4/4_4_02_b6e2cbed_r03c04__blur_kernel_5.npy,4,4,1,0.9999732270988747,-5.696365833282471,-2.057251214981079,-3.7597298622131348,-6.737187385559082,9.602810859680176,-3.0629422664642334,-5.29585599899292,-4.530765533447266,-3.007305145263672,-2.0493314266204834,blur,5x5
4_4_02_b6e2cbed_r04c01__blur_kernel_5,./data/robustness/blur/kernel_5/normalized_32x32/4/4_4_02_b6e2cbed_r04c01__blur_kernel_5.npy,4,4,1,0.9996661588290494,-4.414548873901367,-2.2627992630004883,-3.075376272201538,-6.721779823303223,8.016594886779785,-3.2651448249816895,-3.642463207244873,-4.87727165222168,-1.914931058883667,-0.46319088339805603,blur,5x5
4_4_02_b6e2cbed_r04c02__blur_kernel_5,./data/robustness/blur/kernel_5/normalized_32x32/4/4_4_02_b6e2cbed_r04c02__blur_kernel_5.npy,4,4,1,0.9999962302028303,-6.392992973327637,-1.5854235887527466,-3.9895412921905518,-9.093669891357422,11.538381576538086,-2.4497551918029785,-4.151642322540283,-6.1774163246154785,-3.6260693073272705,-3.4803600311279297,blur,5x5
4_4_02_b6e2cbed_r04c03__blur_kernel_5,./data/robustness/blur/kernel_5/normalized_32x32/4/4_4_02_b6e2cbed_r04c03__blur_kernel_5.npy,4,9,0,0.577178122373372,-3.4447319507598877,-1.4255595207214355,-3.4911398887634277,-3.0203495025634766,2.6949522495269775,-1.9562560319900513,-4.215255260467529,-0.22961440682411194,-2.798973321914673,3.094247341156006,blur,5x5
4_4_02_b6e2cbed_r04c04__blur_kernel_5,./data/robustness/blur/kernel_5/normalized_32x32/4/4_4_02_b6e2cbed_r04c04__blur_kernel_5.npy,4,4,1,0.9204458151661266,-3.198809862136841,-0.8692988157272339,-2.849978446960449,-3.9871225357055664,4.250056743621826,-1.9886633157730103,-3.1497673988342285,-1.8638545274734497,-2.2937517166137695,1.6267673969268799,blur,5x5
5_5_01_bb19e6ee_r01c01__blur_kernel_5,./data/robustness/blur/kernel_5/normalized_32x32/5/5_5_01_bb19e6ee_r01c01__blur_kernel_5.npy,5,5,1,0.9951227849559762,-1.4878160953521729,-3.5900347232818604,-6.481667995452881,-1.4385565519332886,-2.8905935287475586,5.282147407531738,-2.6904311180114746,-2.8230419158935547,-3.3531863689422607,-1.3686726093292236,blur,5x5
5_5_01_bb19e6ee_r01c02__blur_kernel_5,./data/robustness/blur/kernel_5/normalized_32x32/5/5_5_01_bb19e6ee_r01c02__blur_kernel_5.npy,5,5,1,0.9972989278181832,-2.7594172954559326,-4.566484451293945,-7.363940238952637,-1.0003970861434937,-2.458148956298828,5.940591812133789,-3.59409499168396,-4.751709938049316,-3.4190659523010254,-0.8368527293205261,blur,5x5
5_5_01_bb19e6ee_r01c03__blur_kernel_5,./data/robustness/blur/kernel_5/normalized_32x32/5/5_5_01_bb19e6ee_r01c03__blur_kernel_5.npy,5,5,1,0.9827210343524402,-3.279961109161377,-4.372849941253662,-6.70798397064209,-1.6675668954849243,-3.2590227127075195,5.208183288574219,-4.863414287567139,-3.2949652671813965,-4.166077136993408,1.055897831916809,blur,5x5
5_5_01_bb19e6ee_r01c04__blur_kernel_5,./data/robustness/blur/kernel_5/normalized_32x32/5/5_5_01_bb19e6ee_r01c04__blur_kernel_5.npy,5,5,1,0.9998229567636161,-5.9500041007995605,-7.638798713684082,-14.818580627441406,-3.4520606994628906,-5.783478260040283,10.692063331604004,-6.45601749420166,-6.708003520965576,-5.541025161743164,2.047388792037964,blur,5x5
5_5_01_bb19e6ee_r02c01__blur_kernel_5,./data/robustness/blur/kernel_5/normalized_32x32/5/5_5_01_bb19e6ee_r02c01__blur_kernel_5.npy,5,5,1,0.9944241279391908,-2.7262322902679443,-3.5364937782287598,-6.280730724334717,-0.34312567114830017,-2.0629305839538574,5.514533042907715,-3.314830780029297,-5.173416614532471,-1.9183508157730103,-1.3087066411972046,blur,5x5
5_5_01_bb19e6ee_r02c02__blur_kernel_5,./data/robustness/blur/kernel_5/normalized_32x32/5/5_5_01_bb19e6ee_r02c02__blur_kernel_5.npy,5,5,1,0.9994412679307983,-4.221168041229248,-7.8605780601501465,-12.48338508605957,-1.7708876132965088,-5.1201677322387695,9.157753944396973,-6.322867393493652,-6.172583103179932,-4.976856231689453,1.6296433210372925,blur,5x5
5_5_01_bb19e6ee_r02c03__blur_kernel_5,./data/robustness/blur/kernel_5/normalized_32x32/5/5_5_01_bb19e6ee_r02c03__blur_kernel_5.npy,5,5,1,0.9946462839553885,-4.81867790222168,0.12186619639396667,-9.47955322265625,-2.5381128787994385,-4.945004463195801,5.6869120597839355,-2.9995150566101074,-2.922140598297119,-2.071758985519409,-2.007962465286255,blur,5x5
5_5_01_bb19e6ee_r02c04__blur_kernel_5,./data/robustness/blur/kernel_5/normalized_32x32/5/5_5_01_bb19e6ee_r02c04__blur_kernel_5.npy,5,5,1,0.9999699156534132,-5.035557270050049,-3.8424718379974365,-14.25932788848877,-3.9990017414093018,-9.559690475463867,9.692075729370117,-4.146439075469971,-6.2472944259643555,-5.182849407196045,-0.8738828301429749,blur,5x5
5_5_01_bb19e6ee_r03c01__blur_kernel_5,./data/robustness/blur/kernel_5/normalized_32x32/5/5_5_01_bb19e6ee_r03c01__blur_kernel_5.npy,5,5,1,0.9999759413182678,-4.528507232666016,-6.598817348480225,-13.266356468200684,-2.724031686782837,-7.161727428436279,9.995177268981934,-4.919902801513672,-5.721878528594971,-4.663789749145508,-0.8466692566871643,blur,5x5
5_5_01_bb19e6ee_r03c02__blur_kernel_5,./data/robustness/blur/kernel_5/normalized_32x32/5/5_5_01_bb19e6ee_r03c02__blur_kernel_5.npy,5,5,1,0.9996866817385007,-4.244561672210693,-5.721499443054199,-13.362218856811523,-1.8500977754592896,-5.0528974533081055,7.855233669281006,-2.858731746673584,-3.22280216217041,-2.323699951171875,-0.8392447233200073,blur,5x5
5_5_01_bb19e6ee_r03c03__blur_kernel_5,./data/robustness/blur/kernel_5/normalized_32x32/5/5_5_01_bb19e6ee_r03c03__blur_kernel_5.npy,5,5,1,0.9999995622830979,-5.318759441375732,-7.491366863250732,-20.249589920043945,-5.6257452964782715,-9.29660701751709,13.713327407836914,-5.683341979980469,-5.386436939239502,-5.743733882904053,-0.9811931848526001,blur,5x5
5_5_01_bb19e6ee_r03c04__blur_kernel_5,./data/robustness/blur/kernel_5/normalized_32x32/5/5_5_01_bb19e6ee_r03c04__blur_kernel_5.npy,5,5,1,0.9999864870474195,-4.95180606842041,-8.634743690490723,-16.542272567749023,-2.9538822174072266,-7.12504768371582,11.914307594299316,-5.784224033355713,-7.206760883331299,-4.388845443725586,0.6638669967651367,blur,5x5
5_5_01_bb19e6ee_r04c01__blur_kernel_5,./data/robustness/blur/kernel_5/normalized_32x32/5/5_5_01_bb19e6ee_r04c01__blur_kernel_5.npy,5,5,1,0.9958207772284391,-1.1423014402389526,-3.990572214126587,-8.979207992553711,-2.668959379196167,-3.5597829818725586,5.605703830718994,-2.4179322719573975,-2.241961717605591,-4.549666881561279,-0.6931220293045044,blur,5x5
5_5_01_bb19e6ee_r04c02__blur_kernel_5,./data/robustness/blur/kernel_5/normalized_32x32/5/5_5_01_bb19e6ee_r04c02__blur_kernel_5.npy,5,5,1,0.9999995739419748,-5.237258434295654,-7.039717674255371,-21.167707443237305,-6.3616108894348145,-8.170540809631348,13.882002830505371,-5.782540321350098,-4.393024921417236,-7.154356956481934,-0.84182208776474,blur,5x5
5_5_01_bb19e6ee_r04c03__blur_kernel_5,./data/robustness/blur/kernel_5/normalized_32x32/5/5_5_01_bb19e6ee_r04c03__blur_kernel_5.npy,5,5,1,0.9999999118700429,-5.9389166831970215,-8.240880966186523,-22.956167221069336,-6.824704170227051,-8.994392395019531,15.258577346801758,-6.134126663208008,-5.094693660736084,-6.753288269042969,-1.0229320526123047,blur,5x5
5_5_01_bb19e6ee_r04c04__blur_kernel_5,./data/robustness/blur/kernel_5/normalized_32x32/5/5_5_01_bb19e6ee_r04c04__blur_kernel_5.npy,5,5,1,0.9999950270358666,-3.819645404815674,-6.869017601013184,-12.131769180297852,-4.135087013244629,-4.493311405181885,9.946479797363281,-4.51254940032959,-4.454657554626465,-3.617033004760742,-5.471070289611816,blur,5x5
5_5_02_f20420ee_r01c01__blur_kernel_5,./data/robustness/blur/kernel_5/normalized_32x32/5/5_5_02_f20420ee_r01c01__blur_kernel_5.npy,5,5,1,0.9569996008960874,-1.089720606803894,-2.638359785079956,-4.148847579956055,-1.333179235458374,-1.0005302429199219,3.6618878841400146,-1.7278308868408203,-2.6331164836883545,-1.7550110816955566,-1.3015305995941162,blur,5x5
5_5_02_f20420ee_r01c02__blur_kernel_5,./data/robustness/blur/kernel_5/normalized_32x32/5/5_5_02_f20420ee_r01c02__blur_kernel_5.npy,5,5,1,0.9947539675467062,-1.9025133848190308,-4.12792444229126,-7.022139549255371,-1.0816471576690674,-2.5412144660949707,5.503942012786865,-2.507714033126831,-3.6260106563568115,-2.8574373722076416,-0.6050857305526733,blur,5x5
5_5_02_f20420ee_r01c03__blur_kernel_5,./data/robustness/blur/kernel_5/normalized_32x32/5/5_5_02_f20420ee_r01c03__blur_kernel_5.npy,5,5,1,0.9966835135106394,-3.6867830753326416,-0.6183274388313293,-12.256521224975586,-3.907571792602539,-5.98838996887207,6.212491989135742,-2.4340548515319824,-1.9102753400802612,-2.9085171222686768,-0.24402472376823425,blur,5x5
5_5_02_f20420ee_r01c04__blur_kernel_5,./data/robustness/blur/kernel_5/normalized_32x32/5/5_5_02_f20420ee_r01c04__blur_kernel_5.npy,5,5,1,0.9902575838634375,-0.9962578415870667,-3.588711738586426,-6.742043495178223,-1.3779900074005127,-1.4756659269332886,4.982724666595459,-1.3301669359207153,-3.534611225128174,-2.311081886291504,-1.810457706451416,blur,5x5
5_5_02_f20420ee_r02c01__blur_kernel_5,./data/robustness/blur/kernel_5/normalized_32x32/5/5_5_02_f20420ee_r02c01__blur_kernel_5.npy,5,5,1,0.9999254616143376,-2.8364434242248535,-6.61256217956543,-12.911979675292969,-3.164717435836792,-6.130009174346924,9.224531173706055,-4.3536481857299805,-4.562042713165283,-6.01891565322876,-0.4684399366378784,blur,5x5
5_5_02_f20420ee_r02c02__blur_kernel_5,./data/robustness/blur/kernel_5/normalized_32x32/5/5_5_02_f20420ee_r02c02__blur_kernel_5.npy,5,5,1,0.9999021565357666,-3.7973339557647705,-3.503692388534546,-11.860138893127441,-3.0985114574432373,-3.434161424636841,8.236856460571289,-2.664675712585449,-5.283153057098389,-2.7162837982177734,-2.313206911087036,blur,5x5
5_5_02_f20420ee_r02c03__blur_kernel_5,./data/robustness/blur/kernel_5/normalized_32x32/5/5_5_02_f20420ee_r02c03__blur_kernel_5.npy,5,5,1,0.9718189177335608,-6.82131814956665,-1.5949366092681885,-8.715269088745117,1.042339563369751,-8.81385326385498,4.73676061630249,-5.079874515533447,-4.219537734985352,-1.4458903074264526,-4.506886005401611,blur,5x5
5_5_02_f20420ee_r02c04__blur_kernel_5,./data/robustness/blur/kernel_5/normalized_32x32/5/5_5_02_f20420ee_r02c04__blur_kernel_5.npy,5,5,1,0.988940723226222,-6.711708068847656,-1.260953664779663,-12.714801788330078,-0.42543381452560425,-8.865242958068848,4.9910078048706055,-5.250999450683594,-2.158832550048828,-1.262842059135437,-1.193830966949463,blur,5x5
5_5_02_f20420ee_r03c01__blur_kernel_5,./data/robustness/blur/kernel_5/normalized_32x32/5/5_5_02_f20420ee_r03c01__blur_kernel_5.npy,5,5,1,0.999961739371986,-5.225300312042236,-7.122012138366699,-15.620121002197266,-3.846940517425537,-8.537805557250977,11.02144718170166,-5.641830921173096,-6.824233531951904,-4.238115310668945,0.8302006721496582,blur,5x5
5_5_02_f20420ee_r03c02__blur_kernel_5,./data/robustness/blur/kernel_5/normalized_32x32/5/5_5_02_f20420ee_r03c02__blur_kernel_5.npy,5,5,1,0.9999999369210777,-5.126185417175293,-8.787763595581055,-16.70305824279785,-3.6153404712677,-10.328726768493652,13.919636726379395,-5.741811752319336,-7.650140285491943,-7.317343711853027,-3.422825813293457,blur,5x5
5_5_02_f20420ee_r03c03__blur_kernel_5,./data/robustness/blur/kernel_5/normalized_32x32/5/5_5_02_f20420ee_r03c03__blur_kernel_5.npy,5,5,1,0.9999985020098046,-3.8908703327178955,-7.89054012298584,-19.074127197265625,-4.652616024017334,-9.071501731872559,13.003063201904297,-5.58310079574585,-6.4074249267578125,-6.7484211921691895,-0.4656469225883484,blur,5x5
5_5_02_f20420ee_r03c04__blur_kernel_5,./data/robustness/blur/kernel_5/normalized_32x32/5/5_5_02_f20420ee_r03c04__blur_kernel_5.npy,5,5,1,0.9998658509704101,-3.8742995262145996,-5.830009460449219,-12.948640823364258,-3.642716407775879,-6.565309524536133,9.242877006530762,-3.8451082706451416,-4.9673261642456055,-5.589916706085205,0.264409601688385,blur,5x5
5_5_02_f20420ee_r04c01__blur_kernel_5,./data/robustness/blur/kernel_5/normalized_32x32/5/5_5_02_f20420ee_r04c01__blur_kernel_5.npy,5,5,1,0.99999268141179,-5.447158336639404,-8.063755989074707,-15.229801177978516,-3.1999049186706543,-8.50117015838623,11.808550834655762,-5.394509792327881,-7.40048885345459,-6.886844635009766,-0.07059991359710693,blur,5x5
5_5_02_f20420ee_r04c02__blur_kernel_5,./data/robustness/blur/kernel_5/normalized_32x32/5/5_5_02_f20420ee_r04c02__blur_kernel_5.npy,5,5,1,0.9999964410312419,-5.506882190704346,-7.118802547454834,-15.425378799438477,-2.833786964416504,-7.472038269042969,11.462752342224121,-5.366198539733887,-6.688016891479492,-4.394886493682861,-1.3625893592834473,blur,5x5
5_5_02_f20420ee_r04c03__blur_kernel_5,./data/robustness/blur/kernel_5/normalized_32x32/5/5_5_02_f20420ee_r04c03__blur_kernel_5.npy,5,5,1,0.9999943755297745,-5.391470909118652,-7.1410322189331055,-14.064461708068848,-3.055058479309082,-7.200848579406738,11.378215789794922,-6.055964946746826,-6.237818241119385,-5.337562561035156,-0.8457275629043579,blur,5x5
5_5_02_f20420ee_r04c04__blur_kernel_5,./data/robustness/blur/kernel_5/normalized_32x32/5/5_5_02_f20420ee_r04c04__blur_kernel_5.npy,5,5,1,0.999974833862847,-5.709395885467529,-6.958097457885742,-16.300207138061523,-3.655486583709717,-6.264285087585449,11.102090835571289,-5.637881755828857,-5.149073123931885,-4.077563762664795,0.47652506828308105,blur,5x5
6_6_01_52f5f834_r01c01__blur_kernel_5,./data/robustness/blur/kernel_5/normalized_32x32/6/6_6_01_52f5f834_r01c01__blur_kernel_5.npy,6,6,1,0.9226496941171977,-0.748786985874176,-2.006516456604004,-1.521111249923706,-2.8472681045532227,-0.4404044449329376,0.6528571844100952,3.7465648651123047,-4.319594860076904,-2.541930675506592,-4.435922145843506,blur,5x5
6_6_01_52f5f834_r01c02__blur_kernel_5,./data/robustness/blur/kernel_5/normalized_32x32/6/6_6_01_52f5f834_r01c02__blur_kernel_5.npy,6,6,1,0.645799049798026,-0.8630070686340332,-2.026148796081543,-4.629278659820557,-2.843543767929077,-2.6008310317993164,1.5175644159317017,2.5389134883880615,-2.8247017860412598,0.43031755089759827,-2.377772331237793,blur,5x5
6_6_01_52f5f834_r01c03__blur_kernel_5,./data/robustness/blur/kernel_5/normalized_32x32/6/6_6_01_52f5f834_r01c03__blur_kernel_5.npy,6,6,1,0.9894771213805778,0.421713650226593,-6.095668315887451,-5.7424702644348145,-4.946554183959961,-3.754728317260742,2.481497049331665,7.149991035461426,-8.76944637298584,-3.568419933319092,-6.396151542663574,blur,5x5
6_6_01_52f5f834_r01c04__blur_kernel_5,./data/robustness/blur/kernel_5/normalized_32x32/6/6_6_01_52f5f834_r01c04__blur_kernel_5.npy,6,6,1,0.9970329495242721,-1.9140028953552246,-3.5003039836883545,-3.181363105773926,-2.990777015686035,-3.330162763595581,0.4581477642059326,6.575780391693115,-8.742951393127441,-1.3926113843917847,-8.333950996398926,blur,5x5
6_6_01_52f5f834_r02c01__blur_kernel_5,./data/robustness/blur/kernel_5/normalized_32x32/6/6_6_01_52f5f834_r02c01__blur_kernel_5.npy,6,6,1,0.9787065376349517,0.4889965355396271,-3.26015305519104,-3.170614719390869,-3.5597567558288574,-1.4534496068954468,0.3782966732978821,5.068569183349609,-4.673455715179443,-4.277711868286133,-6.263376235961914,blur,5x5
6_6_01_52f5f834_r02c02__blur_kernel_5,./data/robustness/blur/kernel_5/normalized_32x32/6/6_6_01_52f5f834_r02c02__blur_kernel_5.npy,6,6,1,0.9932904962611951,0.033401742577552795,-4.513477802276611,-2.223127603530884,-3.310844659805298,-1.5682201385498047,0.09422735124826431,5.916512489318848,-5.86615514755249,-5.020108699798584,-7.6544599533081055,blur,5x5
6_6_01_52f5f834_r02c03__blur_kernel_5,./data/robustness/blur/kernel_5/normalized_32x32/6/6_6_01_52f5f834_r02c03__blur_kernel_5.npy,6,6,1,0.9934603482281313,0.6176326274871826,-5.23982572555542,-3.875828742980957,-3.5343375205993652,-1.949146032333374,0.7375386953353882,6.4481587409973145,-7.197630405426025,-4.3529887199401855,-7.287932872772217,blur,5x5
6_6_01_52f5f834_r02c04__blur_kernel_5,./data/robustness/blur/kernel_5/normalized_32x32/6/6_6_01_52f5f834_r02c04__blur_kernel_5.npy,6,6,1,0.9828352225882736,0.6342020034790039,-5.231388092041016,-4.622964859008789,-3.5934154987335205,-3.195347309112549,1.6962679624557495,6.0566301345825195,-7.045321941375732,-3.4875919818878174,-6.179736137390137,blur,5x5
6_6_01_52f5f834_r03c01__blur_kernel_5,./data/robustness/blur/kernel_5/normalized_32x32/6/6_6_01_52f5f834_r03c01__blur_kernel_5.npy,6,6,1,0.9963340056129943,2.137403964996338,-5.537572860717773,-7.1145219802856445,-4.87875509262085,-4.518234729766846,0.3671718239784241,7.902133941650391,-7.200164318084717,-7.24078893661499,-10.350401878356934,blur,5x5
6_6_01_52f5f834_r03c02__blur_kernel_5,./data/robustness/blur/kernel_5/normalized_32x32/6/6_6_01_52f5f834_r03c02__blur_kernel_5.npy,6,6,1,0.9850214025489532,2.884582042694092,-6.866399765014648,-6.533329963684082,-4.159221172332764,-5.4835991859436035,0.6588627696037292,7.174651622772217,-7.259300231933594,-5.099755764007568,-8.045024871826172,blur,5x5
6_6_01_52f5f834_r03c03__blur_kernel_5,./data/robustness/blur/kernel_5/normalized_32x32/6/6_6_01_52f5f834_r03c03__blur_kernel_5.npy,6,6,1,0.9920519628195446,0.9747642278671265,-4.3102216720581055,-4.9498066902160645,-3.849170684814453,-3.040494203567505,0.5868085026741028,6.341971397399902,-6.379996299743652,-4.66819953918457,-7.640530586242676,blur,5x5
6_6_01_52f5f834_r03c04__blur_kernel_5,./data/robustness/blur/kernel_5/normalized_32x32/6/6_6_01_52f5f834_r03c04__blur_kernel_5.npy,6,6,1,0.9786878134104411,1.294196367263794,-6.133936405181885,-7.201109886169434,-3.139439105987549,-5.374948024749756,2.3251802921295166,6.4636054039001465,-6.707742214202881,-3.283925771713257,-7.600483417510986,blur,5x5
6_6_01_52f5f834_r04c01__blur_kernel_5,./data/robustness/blur/kernel_5/normalized_32x32/6/6_6_01_52f5f834_r04c01__blur_kernel_5.npy,6,6,1,0.9991248451045894,1.6912599802017212,-5.878167629241943,-6.674848556518555,-5.39747428894043,-3.8195815086364746,-0.22938163578510284,8.873215675354004,-8.312336921691895,-7.885809898376465,-11.18690013885498,blur,5x5
6_6_01_52f5f834_r04c02__blur_kernel_5,./data/robustness/blur/kernel_5/normalized_32x32/6/6_6_01_52f5f834_r04c02__blur_kernel_5.npy,6,6,1,0.9963015253271085,1.6083145141601562,-5.049434661865234,-7.902868270874023,-5.552335262298584,-4.101155757904053,1.5388950109481812,7.866466045379639,-7.620541095733643,-6.941317558288574,-8.724973678588867,blur,5x5
6_6_01_52f5f834_r04c03__blur_kernel_5,./data/robustness/blur/kernel_5/normalized_32x32/6/6_6_01_52f5f834_r04c03__blur_kernel_5.npy,6,6,1,0.986174643448795,0.38581594824790955,-6.523058891296387,-8.487802505493164,-4.475574016571045,-6.542118549346924,2.8564162254333496,7.208075046539307,-8.809309005737305,-3.1182403564453125,-6.723690032958984,blur,5x5
6_6_01_52f5f834_r04c04__blur_kernel_5,./data/robustness/blur/kernel_5/normalized_32x32/6/6_6_01_52f5f834_r04c04__blur_kernel_5.npy,6,6,1,0.8863302588052133,3.0567522048950195,-5.769875526428223,-8.734952926635742,-3.5534420013427734,-6.509332180023193,1.2250475883483887,5.26149320602417,-4.782910346984863,-4.290818214416504,-5.524463176727295,blur,5x5
6_6_02_ad596076_r01c01__blur_kernel_5,./data/robustness/blur/kernel_5/normalized_32x32/6/6_6_02_ad596076_r01c01__blur_kernel_5.npy,6,6,1,0.9941075055826177,-0.6042889952659607,-4.046844005584717,-2.1482462882995605,-3.390502691268921,-1.6393332481384277,0.025719664990901947,5.800714492797852,-5.558919429779053,-3.891223192214966,-7.668049335479736,blur,5x5
6_6_02_ad596076_r01c02__blur_kernel_5,./data/robustness/blur/kernel_5/normalized_32x32/6/6_6_02_ad596076_r01c02__blur_kernel_5.npy,6,6,1,0.9015470421688061,-1.986127257347107,-0.2809722125530243,-1.4138654470443726,-3.7191545963287354,0.7544935345649719,0.3763071298599243,3.795266628265381,-4.027023792266846,-2.400789260864258,-4.978615760803223,blur,5x5
6_6_02_ad596076_r01c03__blur_kernel_5,./data/robustness/blur/kernel_5/normalized_32x32/6/6_6_02_ad596076_r01c03__blur_kernel_5.npy,6,6,1,0.9988197323569822,0.7051969766616821,-7.606211185455322,-4.418545246124268,-3.7992701530456543,-3.786684036254883,0.5327730178833008,8.07780647277832,-9.902186393737793,-3.822556734085083,-9.457684516906738,blur,5x5
6_6_02_ad596076_r01c04__blur_kernel_5,./data/robustness/blur/kernel_5/normalized_32x32/6/6_6_02_ad596076_r01c04__blur_kernel_5.npy,6,6,1,0.9977385798904136,-0.4881210923194885,-6.363402843475342,-2.57177734375,-2.9767866134643555,-2.0325968265533447,0.510706901550293,7.03113317489624,-8.598715782165527,-3.75522780418396,-8.221219062805176,blur,5x5
6_6_02_ad596076_r02c01__blur_kernel_5,./data/robustness/blur/kernel_5/normalized_32x32/6/6_6_02_ad596076_r02c01__blur_kernel_5.npy,6,6,1,0.9903474405283575,0.5267478227615356,-4.662766456604004,-4.878209114074707,-4.265570163726807,-3.341526508331299,1.3934338092803955,6.3889288902282715,-6.527670860290527,-4.526850700378418,-7.50341796875,blur,5x5
6_6_02_ad596076_r02c02__blur_kernel_5,./data/robustness/blur/kernel_5/normalized_32x32/6/6_6_02_ad596076_r02c02__blur_kernel_5.npy,6,6,1,0.9976578469345168,-0.46854066848754883,-4.5873847007751465,-4.046724796295166,-4.074882507324219,-2.3811416625976562,0.1542729139328003,6.767218112945557,-7.87876558303833,-2.215345859527588,-7.528944492340088,blur,5x5
6_6_02_ad596076_r02c03__blur_kernel_5,./data/robustness/blur/kernel_5/normalized_32x32/6/6_6_02_ad596076_r02c03__blur_kernel_5.npy,6,6,1,0.995004580225065,-1.041040301322937,-4.649006366729736,-2.2135536670684814,-3.3079562187194824,-1.3889598846435547,0.5934773087501526,6.257925987243652,-7.487269878387451,-2.956958055496216,-7.303155422210693,blur,5x5
6_6_02_ad596076_r02c04__blur_kernel_5,./data/robustness/blur/kernel_5/normalized_32x32/6/6_6_02_ad596076_r02c04__blur_kernel_5.npy,6,6,1,0.9992829195122035,0.5262463092803955,-6.412559509277344,-3.9669628143310547,-4.111872673034668,-1.712437629699707,-0.14233461022377014,8.261404991149902,-7.975979804992676,-7.50656795501709,-10.581842422485352,blur,5x5
6_6_02_ad596076_r03c01__blur_kernel_5,./data/robustness/blur/kernel_5/normalized_32x32/6/6_6_02_ad596076_r03c01__blur_kernel_5.npy,6,6,1,0.9935615118469306,2.635021686553955,-8.065861701965332,-6.674384117126465,-3.7219507694244385,-5.566286087036133,1.7395449876785278,8.018214225769043,-8.827221870422363,-5.511560440063477,-8.694256782531738,blur,5x5
6_6_02_ad596076_r03c02__blur_kernel_5,./data/robustness/blur/kernel_5/normalized_32x32/6/6_6_02_ad596076_r03c02__blur_kernel_5.npy,6,6,1,0.9612052437440248,4.566114902496338,-7.410378932952881,-8.213709831237793,-4.606505393981934,-5.871927261352539,-0.4800645112991333,7.782588005065918,-6.800024509429932,-7.896744251251221,-10.45430850982666,blur,5x5
6_6_02_ad596076_r03c03__blur_kernel_5,./data/robustness/blur/kernel_5/normalized_32x32/6/6_6_02_ad596076_r03c03__blur_kernel_5.npy,6,6,1,0.9932634106039929,2.402102470397949,-5.749398231506348,-7.0542073249816895,-4.503232002258301,-4.106871128082275,0.7738267779350281,7.5773210525512695,-6.710184574127197,-6.784671306610107,-9.505963325500488,blur,5x5
6_6_02_ad596076_r03c04__blur_kernel_5,./data/robustness/blur/kernel_5/normalized_32x32/6/6_6_02_ad596076_r03c04__blur_kernel_5.npy,6,6,1,0.6379506920025522,3.9283933639526367,-5.211550235748291,-9.814595222473145,-5.0348381996154785,-7.661318778991699,0.4312335252761841,4.5261335372924805,-3.3418965339660645,-3.8142154216766357,-5.33828067779541,blur,5x5
6_6_02_ad596076_r04c01__blur_kernel_5,./data/robustness/blur/kernel_5/normalized_32x32/6/6_6_02_ad596076_r04c01__blur_kernel_5.npy,6,6,1,0.9982526621189928,0.5197354555130005,-5.288915157318115,-4.939815998077393,-4.389690399169922,-2.6165590286254883,0.6868225932121277,7.674506187438965,-7.42181921005249,-7.029702663421631,-9.629436492919922,blur,5x5
6_6_02_ad596076_r04c02__blur_kernel_5,./data/robustness/blur/kernel_5/normalized_32x32/6/6_6_02_ad596076_r04c02__blur_kernel_5.npy,6,6,1,0.9972087239983267,3.3820760250091553,-7.0359320640563965,-9.550898551940918,-5.659365653991699,-5.5172247886657715,0.9965341091156006,9.348858833312988,-8.764880180358887,-8.448308944702148,-11.25210189819336,blur,5x5
6_6_02_ad596076_r04c03__blur_kernel_5,./data/robustness/blur/kernel_5/normalized_32x32/6/6_6_02_ad596076_r04c03__blur_kernel_5.npy,6,6,1,0.998114316142135,1.5759751796722412,-7.66152286529541,-8.726381301879883,-5.015247821807861,-6.955420017242432,2.031468391418457,8.795639038085938,-10.025230407714844,-4.5939040184021,-9.542158126831055,blur,5x5
6_6_02_ad596076_r04c04__blur_kernel_5,./data/robustness/blur/kernel_5/normalized_32x32/6/6_6_02_ad596076_r04c04__blur_kernel_5.npy,6,6,1,0.9876867319683719,0.4475034475326538,-6.755636215209961,-6.833701133728027,-3.8610012531280518,-5.941174030303955,2.5221917629241943,7.030829429626465,-8.676315307617188,-2.9556655883789062,-6.788693904876709,blur,5x5
7_7_01_254ebf4a_r01c01__blur_kernel_5,./data/robustness/blur/kernel_5/normalized_32x32/7/7_7_01_254ebf4a_r01c01__blur_kernel_5.npy,7,7,1,0.6565869424782206,-2.3958170413970947,0.5360924005508423,0.7162127494812012,-1.195504069328308,-1.5241678953170776,-1.7532758712768555,-4.268902778625488,2.2648844718933105,-1.440009593963623,-1.4056822061538696,blur,5x5
7_7_01_254ebf4a_r01c02__blur_kernel_5,./data/robustness/blur/kernel_5/normalized_32x32/7/7_7_01_254ebf4a_r01c02__blur_kernel_5.npy,7,7,1,0.9736217662733166,-4.132619857788086,0.631606936454773,-0.2350606471300125,-2.813155174255371,-1.4861441850662231,-4.015354156494141,-6.889007091522217,4.819320201873779,-2.432713747024536,-1.2874099016189575,blur,5x5
7_7_01_254ebf4a_r01c03__blur_kernel_5,./data/robustness/blur/kernel_5/normalized_32x32/7/7_7_01_254ebf4a_r01c03__blur_kernel_5.npy,7,7,1,0.9981340787577258,-5.626079559326172,-0.9595381617546082,-1.862876296043396,-3.8769006729125977,-0.607107400894165,-5.719978332519531,-9.087553977966309,6.904247283935547,-4.8423686027526855,-0.29565495252609253,blur,5x5
7_7_01_254ebf4a_r01c04__blur_kernel_5,./data/robustness/blur/kernel_5/normalized_32x32/7/7_7_01_254ebf4a_r01c04__blur_kernel_5.npy,7,7,1,0.9999194466945012,-6.972243785858154,-3.596957206726074,-3.6636812686920166,-4.6926679611206055,-1.2223680019378662,-6.23367977142334,-10.351683616638184,8.926409721374512,-5.44425630569458,-1.4168462753295898,blur,5x5
7_7_01_254ebf4a_r02c01__blur_kernel_5,./data/robustness/blur/kernel_5/normalized_32x32/7/7_7_01_254ebf4a_r02c01__blur_kernel_5.npy,7,7,1,0.9981156645822588,-8.212732315063477,-1.577542781829834,-3.0400612354278564,-3.224316358566284,0.20389395952224731,-6.069689750671387,-8.943513870239258,6.927305698394775,-4.646372318267822,-0.9349889755249023,blur,5x5
7_7_01_254ebf4a_r02c02__blur_kernel_5,./data/robustness/blur/kernel_5/normalized_32x32/7/7_7_01_254ebf4a_r02c02__blur_kernel_5.npy,7,7,1,0.9367183434350642,-3.7144649028778076,-0.5433028936386108,-1.6061002016067505,-2.240649700164795,-0.17406097054481506,-3.2298970222473145,-6.021905422210693,4.007859706878662,-2.503122091293335,0.6104523539543152,blur,5x5
7_7_01_254ebf4a_r02c03__blur_kernel_5,./data/robustness/blur/kernel_5/normalized_32x32/7/7_7_01_254ebf4a_r02c03__blur_kernel_5.npy,7,7,1,0.9992015085279148,-7.808631896972656,-0.5311602354049683,-3.0243077278137207,-3.4345967769622803,-1.0031452178955078,-6.047006607055664,-10.281774520874023,7.448597431182861,-5.260223388671875,-1.1117244958877563,blur,5x5
7_7_01_254ebf4a_r02c04__blur_kernel_5,./data/robustness/blur/kernel_5/normalized_32x32/7/7_7_01_254ebf4a_r02c04__blur_kernel_5.npy,7,7,1,0.9997914103781583,-3.6159350872039795,-4.599421501159668,-6.6108198165893555,-3.961278200149536,-2.229069232940674,-4.2395758628845215,-6.96337890625,8.00088882446289,-5.775989532470703,-0.823127269744873,blur,5x5
7_7_01_254ebf4a_r03c01__blur_kernel_5,./data/robustness/blur/kernel_5/normalized_32x32/7/7_7_01_254ebf4a_r03c01__blur_kernel_5.npy,7,7,1,0.9458475831676109,-4.763428688049316,-0.06458458304405212,-1.1030958890914917,-1.4102118015289307,-0.8622806668281555,-3.884199380874634,-6.538503170013428,3.892592191696167,-2.3468074798583984,-0.2933739423751831,blur,5x5
7_7_01_254ebf4a_r03c02__blur_kernel_5,./data/robustness/blur/kernel_5/normalized_32x32/7/7_7_01_254ebf4a_r03c02__blur_kernel_5.npy,7,7,1,0.9912271512014998,-6.095037460327148,0.624596118927002,-0.9345819354057312,-3.6104416847229004,-1.357254147529602,-5.218145370483398,-7.838703155517578,5.742133140563965,-2.882338047027588,-1.8955540657043457,blur,5x5
7_7_01_254ebf4a_r03c03__blur_kernel_5,./data/robustness/blur/kernel_5/normalized_32x32/7/7_7_01_254ebf4a_r03c03__blur_kernel_5.npy,7,7,1,0.9722500386211718,-6.381147861480713,1.2496262788772583,-0.6413583755493164,-2.8783347606658936,-1.311493158340454,-5.397879123687744,-8.408988952636719,5.109138488769531,-2.689673900604248,-1.1747864484786987,blur,5x5
7_7_01_254ebf4a_r03c04__blur_kernel_5,./data/robustness/blur/kernel_5/normalized_32x32/7/7_7_01_254ebf4a_r03c04__blur_kernel_5.npy,7,7,1,0.9785650710225074,-5.1435017585754395,0.5855759382247925,-0.44785046577453613,-3.233107089996338,-1.1794116497039795,-4.11483097076416,-7.452261924743652,4.955432415008545,-2.439460277557373,-1.5263341665267944,blur,5x5
7_7_01_254ebf4a_r04c01__blur_kernel_5,./data/robustness/blur/kernel_5/normalized_32x32/7/7_7_01_254ebf4a_r04c01__blur_kernel_5.npy,7,7,1,0.9216336891925252,-4.384889125823975,0.48095566034317017,-1.1251581907272339,-1.782426357269287,-1.013573169708252,-3.578569173812866,-6.6296796798706055,3.712305784225464,-2.5196139812469482,-0.12075833231210709,blur,5x5
7_7_01_254ebf4a_r04c02__blur_kernel_5,./data/robustness/blur/kernel_5/normalized_32x32/7/7_7_01_254ebf4a_r04c02__blur_kernel_5.npy,7,7,1,0.9699894058231896,-5.121117115020752,0.9650204181671143,-0.12011769413948059,-2.509061336517334,-1.774587631225586,-4.362269401550293,-7.000247955322266,4.870741367340088,-2.3752410411834717,-1.8336833715438843,blur,5x5
7_7_01_254ebf4a_r04c03__blur_kernel_5,./data/robustness/blur/kernel_5/normalized_32x32/7/7_7_01_254ebf4a_r04c03__blur_kernel_5.npy,7,7,1,0.8819064537046312,-3.615621566772461,1.2790374755859375,-0.17552584409713745,-2.0403385162353516,-2.0465595722198486,-3.312143325805664,-5.300303936004639,3.665848731994629,-1.2271442413330078,-1.706390619277954,blur,5x5
7_7_01_254ebf4a_r04c04__blur_kernel_5,./data/robustness/blur/kernel_5/normalized_32x32/7/7_7_01_254ebf4a_r04c04__blur_kernel_5.npy,7,7,1,0.9981271743804179,-7.45957088470459,-0.36882519721984863,-2.799095630645752,-2.9239299297332764,-0.9470363259315491,-5.697396278381348,-9.548933029174805,6.750974178314209,-4.657851219177246,-0.9249402284622192,blur,5x5
7_7_02_923c5b16_r01c01__blur_kernel_5,./data/robustness/blur/kernel_5/normalized_32x32/7/7_7_02_923c5b16_r01c01__blur_kernel_5.npy,7,7,1,0.9578663199419944,-3.894843578338623,-0.08241018652915955,-0.6519517302513123,-2.0154941082000732,-0.8606173992156982,-3.3526902198791504,-5.962680339813232,4.064119815826416,-2.702862024307251,-0.8263494968414307,blur,5x5
7_7_02_923c5b16_r01c02__blur_kernel_5,./data/robustness/blur/kernel_5/normalized_32x32/7/7_7_02_923c5b16_r01c02__blur_kernel_5.npy,7,7,1,0.9882100608830606,-5.336524963378906,0.6013539433479309,-1.0265488624572754,-2.736825704574585,-1.1332967281341553,-4.811463356018066,-7.527488708496094,5.509952068328857,-2.960202693939209,-1.1594758033752441,blur,5x5
7_7_02_923c5b16_r01c03__blur_kernel_5,./data/robustness/blur/kernel_5/normalized_32x32/7/7_7_02_923c5b16_r01c03__blur_kernel_5.npy,7,7,1,0.9991105470076942,-6.100164890289307,-2.6360409259796143,-1.93682062625885,-2.6888792514801025,-1.3906375169754028,-5.0838775634765625,-8.668270111083984,6.691736698150635,-4.710986137390137,-1.789745807647705,blur,5x5
7_7_02_923c5b16_r01c04__blur_kernel_5,./data/robustness/blur/kernel_5/normalized_32x32/7/7_7_02_923c5b16_r01c04__blur_kernel_5.npy,7,7,1,0.9971088012165605,-5.641836643218994,-2.820366859436035,-1.3906282186508179,-1.6270123720169067,-1.3056820631027222,-4.4657111167907715,-7.472951889038086,5.815291404724121,-4.6726579666137695,-1.7630358934402466,blur,5x5
7_7_02_923c5b16_r02c01__blur_kernel_5,./data/robustness/blur/kernel_5/normalized_32x32/7/7_7_02_923c5b16_r02c01__blur_kernel_5.npy,7,7,1,0.9444661728974865,-5.016983509063721,-1.3362678289413452,-2.325646162033081,-1.6177663803100586,-0.0762791633605957,-3.992948293685913,-6.231838226318359,4.1700520515441895,-2.755307674407959,0.8017074465751648,blur,5x5
7_7_02_923c5b16_r02c02__blur_kernel_5,./data/robustness/blur/kernel_5/normalized_32x32/7/7_7_02_923c5b16_r02c02__blur_kernel_5.npy,7,7,1,0.9968094835913137,-8.592652320861816,-0.4718973636627197,-1.9283819198608398,-2.106295108795166,0.4373221695423126,-6.355420112609863,-9.30633544921875,6.788913249969482,-5.327677249908447,-0.9269272089004517,blur,5x5
7_7_02_923c5b16_r02c03__blur_kernel_5,./data/robustness/blur/kernel_5/normalized_32x32/7/7_7_02_923c5b16_r02c03__blur_kernel_5.npy,7,7,1,0.966506222114019,-4.583184242248535,0.7254590392112732,-0.9781153202056885,-2.607172966003418,-0.7323282957077026,-3.6298465728759766,-6.227226257324219,4.626600742340088,-2.3435535430908203,-0.8926129341125488,blur,5x5
7_7_02_923c5b16_r02c04__blur_kernel_5,./data/robustness/blur/kernel_5/normalized_32x32/7/7_7_02_923c5b16_r02c04__blur_kernel_5.npy,7,7,1,0.9968754479048394,-5.442661762237549,-1.2791491746902466,-2.3963892459869385,-3.606678009033203,-0.7885211706161499,-4.784280776977539,-8.661865234375,6.627155303955078,-5.541632175445557,0.40526968240737915,blur,5x5
7_7_02_923c5b16_r03c01__blur_kernel_5,./data/robustness/blur/kernel_5/normalized_32x32/7/7_7_02_923c5b16_r03c01__blur_kernel_5.npy,7,7,1,0.9494248411061983,-5.655592918395996,0.04957699775695801,-0.9303846955299377,-0.8986373543739319,-1.123357892036438,-4.470855236053467,-6.340427398681641,3.9097394943237305,-2.2309553623199463,-1.0335983037948608,blur,5x5
7_7_02_923c5b16_r03c02__blur_kernel_5,./data/robustness/blur/kernel_5/normalized_32x32/7/7_7_02_923c5b16_r03c02__blur_kernel_5.npy,7,7,1,0.9925833976527801,-6.459775447845459,0.06361281871795654,-1.3024468421936035,-2.7109503746032715,-0.9041098356246948,-5.403890132904053,-8.609344482421875,5.71124267578125,-3.4002416133880615,-0.891944169998169,blur,5x5
7_7_02_923c5b16_r03c03__blur_kernel_5,./data/robustness/blur/kernel_5/normalized_32x32/7/7_7_02_923c5b16_r03c03__blur_kernel_5.npy,7,7,1,0.9734738891334584,-5.173136234283447,-0.07693776488304138,-1.725713849067688,-1.6105175018310547,-0.7319254875183105,-4.218531608581543,-6.158905506134033,4.534398078918457,-3.0578501224517822,-0.37912261486053467,blur,5x5
7_7_02_923c5b16_r03c04__blur_kernel_5,./data/robustness/blur/kernel_5/normalized_32x32/7/7_7_02_923c5b16_r03c04__blur_kernel_5.npy,7,7,1,0.9885379968140315,-5.874583721160889,0.48329609632492065,-2.282878875732422,-3.2136073112487793,-0.5942673087120056,-4.974804878234863,-8.418700218200684,5.599819660186768,-3.3488857746124268,-0.2557176351547241,blur,5x5
7_7_02_923c5b16_r04c01__blur_kernel_5,./data/robustness/blur/kernel_5/normalized_32x32/7/7_7_02_923c5b16_r04c01__blur_kernel_5.npy,7,7,1,0.9980358889090437,-8.017484664916992,-0.2660130262374878,-3.1150074005126953,-2.9553425312042236,-1.0955696105957031,-6.83240270614624,-9.001069068908691,6.951521396636963,-4.034401893615723,-0.17485946416854858,blur,5x5
7_7_02_923c5b16_r04c02__blur_kernel_5,./data/robustness/blur/kernel_5/normalized_32x32/7/7_7_02_923c5b16_r04c02__blur_kernel_5.npy,7,7,1,0.9981853346527744,-7.869479179382324,0.5503746271133423,-3.8265767097473145,-3.9617514610290527,-1.9286777973175049,-5.195523262023926,-8.724883079528809,7.043664932250977,-3.114672899246216,-2.1884970664978027,blur,5x5
7_7_02_923c5b16_r04c03__blur_kernel_5,./data/robustness/blur/kernel_5/normalized_32x32/7/7_7_02_923c5b16_r04c03__blur_kernel_5.npy,7,7,1,0.9910689383506187,-6.046878337860107,0.913496732711792,-0.33568456768989563,-3.4694247245788574,-2.2222602367401123,-5.455019474029541,-7.8373918533325195,5.960700035095215,-2.572136878967285,-2.7390329837799072,blur,5x5
7_7_02_923c5b16_r04c04__blur_kernel_5,./data/robustness/blur/kernel_5/normalized_32x32/7/7_7_02_923c5b16_r04c04__blur_kernel_5.npy,7,7,1,0.9850938335880312,-5.30522346496582,-0.751966118812561,-3.108254909515381,-2.4224348068237305,-0.21189479529857635,-4.390047073364258,-8.029974937438965,5.6428751945495605,-4.436253547668457,1.0395253896713257,blur,5x5
8_8_01_e470fe0b_r01c01__blur_kernel_5,./data/robustness/blur/kernel_5/normalized_32x32/8/8_8_01_e470fe0b_r01c01__blur_kernel_5.npy,8,8,1,0.9984237022555397,-2.0902669429779053,-4.270284175872803,-0.09450266510248184,-2.431852340698242,-2.839876890182495,-2.638726234436035,-3.3525028228759766,-4.5633625984191895,6.768470764160156,-2.7666306495666504,blur,5x5
8_8_01_e470fe0b_r01c02__blur_kernel_5,./data/robustness/blur/kernel_5/normalized_32x32/8/8_8_01_e470fe0b_r01c02__blur_kernel_5.npy,8,8,1,0.8586836158913642,-3.6734375953674316,-4.698888301849365,-2.929089069366455,0.14732608199119568,-3.350584030151367,1.4446370601654053,-2.8850150108337402,-4.361883640289307,3.5574426651000977,-1.706578016281128,blur,5x5
8_8_01_e470fe0b_r01c03__blur_kernel_5,./data/robustness/blur/kernel_5/normalized_32x32/8/8_8_01_e470fe0b_r01c03__blur_kernel_5.npy,8,8,1,0.5560682943722702,-0.49210113286972046,-4.446608066558838,-3.2529165744781494,-0.8687397241592407,-2.1716465950012207,1.1585726737976074,1.6007492542266846,-4.994151592254639,2.464836359024048,-3.087207794189453,blur,5x5
8_8_01_e470fe0b_r01c04__blur_kernel_5,./data/robustness/blur/kernel_5/normalized_32x32/8/8_8_01_e470fe0b_r01c04__blur_kernel_5.npy,8,8,1,0.9946173806933984,-1.5152336359024048,-7.062305450439453,1.6285866498947144,-0.43051743507385254,-4.769272804260254,-2.397665500640869,-3.9707655906677246,-5.1571502685546875,7.027816295623779,-4.545407295227051,blur,5x5
8_8_01_e470fe0b_r02c01__blur_kernel_5,./data/robustness/blur/kernel_5/normalized_32x32/8/8_8_01_e470fe0b_r02c01__blur_kernel_5.npy,8,8,1,0.9989458988852227,-3.5276501178741455,-5.066758155822754,-1.0379953384399414,-2.665604591369629,-2.091545820236206,-3.6460368633270264,-5.615634918212891,-5.194478511810303,6.8606181144714355,-0.9455862045288086,blur,5x5
8_8_01_e470fe0b_r02c02__blur_kernel_5,./data/robustness/blur/kernel_5/normalized_32x32/8/8_8_01_e470fe0b_r02c02__blur_kernel_5.npy,8,8,1,0.9990608053046833,-3.0090060234069824,-4.737956523895264,-0.21076218783855438,-2.805590867996216,-3.2750771045684814,-3.6783413887023926,-4.752532958984375,-4.60351037979126,7.08991003036499,-2.140084981918335,blur,5x5
8_8_01_e470fe0b_r02c03__blur_kernel_5,./data/robustness/blur/kernel_5/normalized_32x32/8/8_8_01_e470fe0b_r02c03__blur_kernel_5.npy,8,8,1,0.9978928362679793,-2.7771968841552734,-4.969027042388916,1.4963607788085938,-2.4285426139831543,-2.8392975330352783,-3.561694383621216,-4.807324409484863,-4.929159164428711,7.715487003326416,-4.513382911682129,blur,5x5
8_8_01_e470fe0b_r02c04__blur_kernel_5,./data/robustness/blur/kernel_5/normalized_32x32/8/8_8_01_e470fe0b_r02c04__blur_kernel_5.npy,8,8,1,0.997504360030716,-3.9856815338134766,-4.550951957702637,-0.8347424268722534,-0.14914953708648682,-2.4397313594818115,-1.8116023540496826,-3.560680389404297,-6.245498180389404,6.482566833496094,-3.5115933418273926,blur,5x5
8_8_01_e470fe0b_r03c01__blur_kernel_5,./data/robustness/blur/kernel_5/normalized_32x32/8/8_8_01_e470fe0b_r03c01__blur_kernel_5.npy,8,8,1,0.9995654422895472,-3.5184154510498047,-5.554241180419922,-2.360004425048828,-0.9984574317932129,-3.5110106468200684,-1.9500861167907715,-4.497437953948975,-5.705278396606445,7.586183547973633,-1.7497920989990234,blur,5x5
8_8_01_e470fe0b_r03c02__blur_kernel_5,./data/robustness/blur/kernel_5/normalized_32x32/8/8_8_01_e470fe0b_r03c02__blur_kernel_5.npy,8,8,1,0.9998408200846831,-4.785574913024902,-5.947744846343994,-2.7258129119873047,-2.635161876678467,-2.656667709350586,-3.3910014629364014,-6.269429683685303,-6.466177940368652,8.385295867919922,-0.8160028457641602,blur,5x5
8_8_01_e470fe0b_r03c03__blur_kernel_5,./data/robustness/blur/kernel_5/normalized_32x32/8/8_8_01_e470fe0b_r03c03__blur_kernel_5.npy,8,8,1,0.999954707706431,-4.292404651641846,-5.285588264465332,-3.6682369709014893,-3.077639579772949,-2.7061450481414795,-3.5100643634796143,-5.437558650970459,-6.533668518066406,9.2024564743042,-1.3603590726852417,blur,5x5
8_8_01_e470fe0b_r03c04__blur_kernel_5,./data/robustness/blur/kernel_5/normalized_32x32/8/8_8_01_e470fe0b_r03c04__blur_kernel_5.npy,8,8,1,0.9995542430017681,-3.1666719913482666,-4.058032989501953,-2.4181361198425293,-2.6501049995422363,-3.1541941165924072,-1.6657195091247559,-3.5684895515441895,-5.176729202270508,7.257656097412109,-1.9102153778076172,blur,5x5
8_8_01_e470fe0b_r04c01__blur_kernel_5,./data/robustness/blur/kernel_5/normalized_32x32/8/8_8_01_e470fe0b_r04c01__blur_kernel_5.npy,8,8,1,0.9993945487236999,-3.568351984024048,-5.249734401702881,-0.7415598630905151,-1.2441606521606445,-3.5608327388763428,-2.53458833694458,-4.483168601989746,-5.606109142303467,7.393340110778809,-2.7513186931610107,blur,5x5
8_8_01_e470fe0b_r04c02__blur_kernel_5,./data/robustness/blur/kernel_5/normalized_32x32/8/8_8_01_e470fe0b_r04c02__blur_kernel_5.npy,8,8,1,0.9990561618233043,-2.8510639667510986,-5.65836763381958,0.5174286365509033,-3.379361867904663,-3.777165412902832,-2.9281227588653564,-5.496220111846924,-5.044842720031738,7.62325382232666,-2.62846302986145,blur,5x5
8_8_01_e470fe0b_r04c03__blur_kernel_5,./data/robustness/blur/kernel_5/normalized_32x32/8/8_8_01_e470fe0b_r04c03__blur_kernel_5.npy,8,8,1,0.9996150147630113,-3.8518762588500977,-6.543867588043213,-2.3923709392547607,-2.4770240783691406,-3.7643258571624756,-3.8912744522094727,-5.958075523376465,-6.009777069091797,8.132026672363281,0.06144988536834717,blur,5x5
8_8_01_e470fe0b_r04c04__blur_kernel_5,./data/robustness/blur/kernel_5/normalized_32x32/8/8_8_01_e470fe0b_r04c04__blur_kernel_5.npy,8,8,1,0.9998667797843045,-1.1000385284423828,-7.3763580322265625,-0.6870015859603882,-2.94584059715271,-4.578621864318848,-2.4473767280578613,-5.013944149017334,-6.375214576721191,8.970141410827637,-2.925889015197754,blur,5x5
8_8_02_b36c8633_r01c01__blur_kernel_5,./data/robustness/blur/kernel_5/normalized_32x32/8/8_8_02_b36c8633_r01c01__blur_kernel_5.npy,8,8,1,0.9993082292264397,-2.2849979400634766,-2.7421677112579346,-1.2604522705078125,-4.195220947265625,-2.720215320587158,-2.268066644668579,-2.371504783630371,-4.602311611175537,7.050876140594482,-2.7931811809539795,blur,5x5
8_8_02_b36c8633_r01c02__blur_kernel_5,./data/robustness/blur/kernel_5/normalized_32x32/8/8_8_02_b36c8633_r01c02__blur_kernel_5.npy,8,8,1,0.9985792048886625,-4.091310024261475,-6.033662796020508,-1.642603874206543,0.7068153023719788,-3.9493939876556396,-1.645382285118103,-3.9899168014526367,-7.0560503005981445,7.469599723815918,-3.7379696369171143,blur,5x5
8_8_02_b36c8633_r01c03__blur_kernel_5,./data/robustness/blur/kernel_5/normalized_32x32/8/8_8_02_b36c8633_r01c03__blur_kernel_5.npy,8,8,1,0.9982990554501503,-3.5336105823516846,-3.2796077728271484,-0.3744026720523834,-2.6879682540893555,-3.826136589050293,-2.603673219680786,-3.61014723777771,-4.3063225746154785,6.403995513916016,-2.649768114089966,blur,5x5
8_8_02_b36c8633_r01c04__blur_kernel_5,./data/robustness/blur/kernel_5/normalized_32x32/8/8_8_02_b36c8633_r01c04__blur_kernel_5.npy,8,8,1,0.9992691195753021,-4.048104763031006,-7.0622429847717285,-3.4021682739257812,0.5883474946022034,-4.187225818634033,-1.092818021774292,-3.4607186317443848,-7.491340637207031,8.045348167419434,-3.0700230598449707,blur,5x5
8_8_02_b36c8633_r02c01__blur_kernel_5,./data/robustness/blur/kernel_5/normalized_32x32/8/8_8_02_b36c8633_r02c01__blur_kernel_5.npy,8,8,1,0.9994276768074881,-3.5729470252990723,-3.7564585208892822,-3.2554938793182373,-3.27266001701355,-2.6834728717803955,-0.9742008447647095,-2.185016393661499,-5.894159317016602,7.177854537963867,-2.792473077774048,blur,5x5
8_8_02_b36c8633_r02c02__blur_kernel_5,./data/robustness/blur/kernel_5/normalized_32x32/8/8_8_02_b36c8633_r02c02__blur_kernel_5.npy,8,8,1,0.9993338177363231,-3.7634668350219727,-5.700621128082275,-2.9382944107055664,-0.7345895767211914,-3.467369556427002,-1.4099949598312378,-3.0534934997558594,-5.550313472747803,7.316520690917969,-2.1403279304504395,blur,5x5
8_8_02_b36c8633_r02c03__blur_kernel_5,./data/robustness/blur/kernel_5/normalized_32x32/8/8_8_02_b36c8633_r02c03__blur_kernel_5.npy,8,8,1,0.9920054783473343,-1.2245193719863892,-1.9637597799301147,-1.741408348083496,-2.2115421295166016,-2.297966241836548,-2.2828211784362793,-1.6606745719909668,-3.0912413597106934,5.162890434265137,-1.3835129737854004,blur,5x5
8_8_02_b36c8633_r02c04__blur_kernel_5,./data/robustness/blur/kernel_5/normalized_32x32/8/8_8_02_b36c8633_r02c04__blur_kernel_5.npy,8,8,1,0.782982212327021,-0.7218647003173828,-4.385700702667236,0.7854259610176086,0.4025614261627197,-2.408191680908203,0.16337695717811584,-2.4910647869110107,-3.647458076477051,3.009859561920166,-2.836949348449707,blur,5x5
8_8_02_b36c8633_r03c01__blur_kernel_5,./data/robustness/blur/kernel_5/normalized_32x32/8/8_8_02_b36c8633_r03c01__blur_kernel_5.npy,8,8,1,0.9988847884370438,-2.155717611312866,-4.992140769958496,-0.7491663694381714,-2.3131752014160156,-2.5221869945526123,-1.856374979019165,-3.6786327362060547,-5.093479156494141,6.856666564941406,-2.3165149688720703,blur,5x5
8_8_02_b36c8633_r03c02__blur_kernel_5,./data/robustness/blur/kernel_5/normalized_32x32/8/8_8_02_b36c8633_r03c02__blur_kernel_5.npy,8,8,1,0.9980510543888131,-3.5072245597839355,-3.8395798206329346,-2.5943751335144043,-1.8237948417663574,-3.3478434085845947,-0.34505191445350647,-2.5934090614318848,-5.498730182647705,6.368943691253662,-3.5224149227142334,blur,5x5
8_8_02_b36c8633_r03c03__blur_kernel_5,./data/robustness/blur/kernel_5/normalized_32x32/8/8_8_02_b36c8633_r03c03__blur_kernel_5.npy,8,8,1,0.999813206267295,-3.2475736141204834,-4.668496131896973,-2.597275495529175,-2.4120900630950928,-2.9373247623443604,-2.643908739089966,-4.724677085876465,-5.79152250289917,8.015884399414062,-1.5256966352462769,blur,5x5
8_8_02_b36c8633_r03c04__blur_kernel_5,./data/robustness/blur/kernel_5/normalized_32x32/8/8_8_02_b36c8633_r03c04__blur_kernel_5.npy,8,8,1,0.9994109997418912,-3.6156392097473145,-6.037310600280762,-1.5686931610107422,-1.4077974557876587,-3.7207579612731934,-1.4286779165267944,-4.428319931030273,-6.49839973449707,7.382713794708252,-1.6709325313568115,blur,5x5
8_8_02_b36c8633_r04c01__blur_kernel_5,./data/robustness/blur/kernel_5/normalized_32x32/8/8_8_02_b36c8633_r04c01__blur_kernel_5.npy,8,8,1,0.9987197523157338,-2.5593698024749756,-5.333417892456055,-2.7334461212158203,-2.9382588863372803,-1.9560372829437256,-2.0465450286865234,-4.227975368499756,-5.756491184234619,6.951021671295166,-0.1624097228050232,blur,5x5
8_8_02_b36c8633_r04c02__blur_kernel_5,./data/robustness/blur/kernel_5/normalized_32x32/8/8_8_02_b36c8633_r04c02__blur_kernel_5.npy,8,8,1,0.9989768547575253,-1.6681232452392578,-5.567152500152588,-0.3428906202316284,-2.472726583480835,-3.1996405124664307,-2.662766933441162,-4.750338077545166,-4.794970989227295,7.101527214050293,-2.046074151992798,blur,5x5
8_8_02_b36c8633_r04c03__blur_kernel_5,./data/robustness/blur/kernel_5/normalized_32x32/8/8_8_02_b36c8633_r04c03__blur_kernel_5.npy,8,8,1,0.9999200577802475,-2.6954941749572754,-8.100809097290039,-1.412126064300537,-1.569828748703003,-4.956993579864502,-2.306525945663452,-5.930306434631348,-6.875386714935303,9.14401626586914,-2.1342618465423584,blur,5x5
8_8_02_b36c8633_r04c04__blur_kernel_5,./data/robustness/blur/kernel_5/normalized_32x32/8/8_8_02_b36c8633_r04c04__blur_kernel_5.npy,8,8,1,0.9998873000114815,-4.117425918579102,-5.796514987945557,-1.2379305362701416,-1.5452282428741455,-2.4368362426757812,-3.0291671752929688,-5.78923225402832,-6.764720439910889,8.728267669677734,-3.3984551429748535,blur,5x5
9_9_01_852a4a6b_r01c01__blur_kernel_5,./data/robustness/blur/kernel_5/normalized_32x32/9/9_9_01_852a4a6b_r01c01__blur_kernel_5.npy,9,9,1,0.954983585466022,-4.846440315246582,-2.090013027191162,-3.357809543609619,-2.112743854522705,1.8781640529632568,-3.233849287033081,-6.796937942504883,-0.28754350543022156,-2.6040682792663574,5.095022201538086,blur,5x5
9_9_01_852a4a6b_r01c02__blur_kernel_5,./data/robustness/blur/kernel_5/normalized_32x32/9/9_9_01_852a4a6b_r01c02__blur_kernel_5.npy,9,9,1,0.9829194583884824,-5.232786655426025,-2.36741304397583,-4.0744242668151855,-2.223388910293579,1.5323039293289185,-3.7363343238830566,-7.582659721374512,-0.012021854519844055,-2.805257797241211,5.8319411277771,blur,5x5
9_9_01_852a4a6b_r01c03__blur_kernel_5,./data/robustness/blur/kernel_5/normalized_32x32/9/9_9_01_852a4a6b_r01c03__blur_kernel_5.npy,9,9,1,0.9746912853852218,-4.827615261077881,-2.4528603553771973,-3.7518744468688965,-2.2074286937713623,1.4639556407928467,-3.3152148723602295,-6.9896674156188965,0.08195967972278595,-2.7936110496520996,5.397454261779785,blur,5x5
9_9_01_852a4a6b_r01c04__blur_kernel_5,./data/robustness/blur/kernel_5/normalized_32x32/9/9_9_01_852a4a6b_r01c04__blur_kernel_5.npy,9,9,1,0.9931281422553554,-5.963626384735107,-1.8080111742019653,-5.78557014465332,-4.046076774597168,1.5297682285308838,-3.7449114322662354,-8.79710865020752,0.053104013204574585,-1.8418183326721191,6.772007465362549,blur,5x5
9_9_01_852a4a6b_r02c01__blur_kernel_5,./data/robustness/blur/kernel_5/normalized_32x32/9/9_9_01_852a4a6b_r02c01__blur_kernel_5.npy,9,9,1,0.914111044740471,-4.192444324493408,-2.7584755420684814,-4.031186103820801,-2.9465138912200928,1.7691367864608765,-2.778301239013672,-5.392462253570557,0.9344848394393921,-2.8929147720336914,4.526214599609375,blur,5x5
9_9_01_852a4a6b_r02c02__blur_kernel_5,./data/robustness/blur/kernel_5/normalized_32x32/9/9_9_01_852a4a6b_r02c02__blur_kernel_5.npy,9,9,1,0.9930999396469706,-6.035046100616455,-3.7510721683502197,-4.609917163848877,-2.599217176437378,1.5892984867095947,-3.268218994140625,-8.737754821777344,-0.667148768901825,-4.010704517364502,6.688490867614746,blur,5x5
9_9_01_852a4a6b_r02c03__blur_kernel_5,./data/robustness/blur/kernel_5/normalized_32x32/9/9_9_01_852a4a6b_r02c03__blur_kernel_5.npy,9,8,0,0.8529212608214733,-1.1533973217010498,-0.012980043888092041,-3.1561968326568604,-3.870586633682251,-2.2282891273498535,-2.5644617080688477,-3.374448299407959,-1.6040698289871216,3.1864097118377686,0.8701326847076416,blur,5x5
9_9_01_852a4a6b_r02c04__blur_kernel_5,./data/robustness/blur/kernel_5/normalized_32x32/9/9_9_01_852a4a6b_r02c04__blur_kernel_5.npy,9,9,1,0.9963261885879293,-6.4211297035217285,-3.119875431060791,-6.088375568389893,-2.402623414993286,0.10742879658937454,-3.295090675354004,-6.891818523406982,-1.7674962282180786,-0.3818190097808838,6.365242958068848,blur,5x5
9_9_01_852a4a6b_r03c01__blur_kernel_5,./data/robustness/blur/kernel_5/normalized_32x32/9/9_9_01_852a4a6b_r03c01__blur_kernel_5.npy,9,9,1,0.9159689493257561,-5.483979225158691,-1.6126853227615356,-4.145116806030273,-2.5469698905944824,2.272826910018921,-2.8814308643341064,-6.9787678718566895,-0.7076719999313354,-1.8353817462921143,4.76032829284668,blur,5x5
9_9_01_852a4a6b_r03c02__blur_kernel_5,./data/robustness/blur/kernel_5/normalized_32x32/9/9_9_01_852a4a6b_r03c02__blur_kernel_5.npy,9,9,1,0.7105878117139631,-2.9155092239379883,-1.0521303415298462,-2.2272496223449707,-1.6613610982894897,1.280354619026184,-1.213003396987915,-3.7705070972442627,-0.60295569896698,-1.5786125659942627,2.57958722114563,blur,5x5
9_9_01_852a4a6b_r03c03__blur_kernel_5,./data/robustness/blur/kernel_5/normalized_32x32/9/9_9_01_852a4a6b_r03c03__blur_kernel_5.npy,9,9,1,0.989876763077413,-4.670758247375488,-3.42832612991333,-6.6746392250061035,-2.1399662494659424,1.231961965560913,-3.6555497646331787,-7.914098739624023,-3.819392681121826,-0.6163231134414673,6.012281894683838,blur,5x5
9_9_01_852a4a6b_r03c04__blur_kernel_5,./data/robustness/blur/kernel_5/normalized_32x32/9/9_9_01_852a4a6b_r03c04__blur_kernel_5.npy,9,9,1,0.8042485492823016,-5.6476731300354,-2.2425475120544434,-5.185567855834961,-4.613773822784424,3.740199089050293,-4.01608943939209,-6.3617753982543945,-1.4623677730560303,-1.8438482284545898,5.165884494781494,blur,5x5
9_9_01_852a4a6b_r04c01__blur_kernel_5,./data/robustness/blur/kernel_5/normalized_32x32/9/9_9_01_852a4a6b_r04c01__blur_kernel_5.npy,9,9,1,0.9552419041290046,-5.919594764709473,-2.7070932388305664,-4.525594234466553,-3.727877616882324,2.7890350818634033,-3.938026189804077,-6.996495246887207,-1.41969895362854,-2.1933579444885254,5.878692626953125,blur,5x5
9_9_01_852a4a6b_r04c02__blur_kernel_5,./data/robustness/blur/kernel_5/normalized_32x32/9/9_9_01_852a4a6b_r04c02__blur_kernel_5.npy,9,9,1,0.9833071680319511,-6.086065769195557,-2.4128918647766113,-5.586301803588867,-2.941563606262207,1.8438365459442139,-3.599881410598755,-7.507493495941162,-1.2110285758972168,-1.2326488494873047,6.034118175506592,blur,5x5
9_9_01_852a4a6b_r04c03__blur_kernel_5,./data/robustness/blur/kernel_5/normalized_32x32/9/9_9_01_852a4a6b_r04c03__blur_kernel_5.npy,9,9,1,0.952375230800178,-3.1554172039031982,-2.746464252471924,-3.031066656112671,-3.0099968910217285,0.9401891231536865,-2.4421122074127197,-4.768836498260498,-1.263225793838501,-2.014042854309082,4.182367324829102,blur,5x5
9_9_01_852a4a6b_r04c04__blur_kernel_5,./data/robustness/blur/kernel_5/normalized_32x32/9/9_9_01_852a4a6b_r04c04__blur_kernel_5.npy,9,9,1,0.985805235782388,-3.9300310611724854,-2.46960711479187,-4.432570934295654,-2.6414132118225098,0.710026204586029,-2.467752456665039,-6.687650680541992,-1.0918138027191162,-2.904447078704834,5.233043670654297,blur,5x5
9_9_02_2f49434b_r01c01__blur_kernel_5,./data/robustness/blur/kernel_5/normalized_32x32/9/9_9_02_2f49434b_r01c01__blur_kernel_5.npy,9,9,1,0.9834517722507886,-4.711145401000977,-2.3660874366760254,-6.112504005432129,-1.4218997955322266,-0.14415590465068817,-3.391533136367798,-5.764488697052002,-1.010528802871704,-0.20635464787483215,4.971210479736328,blur,5x5
9_9_02_2f49434b_r01c02__blur_kernel_5,./data/robustness/blur/kernel_5/normalized_32x32/9/9_9_02_2f49434b_r01c02__blur_kernel_5.npy,9,9,1,0.9814439316031518,-4.879517078399658,-2.532318115234375,-4.877103328704834,-2.6756649017333984,1.4725656509399414,-2.6572890281677246,-6.438655376434326,-0.3724568486213684,-2.650280475616455,5.646327972412109,blur,5x5
9_9_02_2f49434b_r01c03__blur_kernel_5,./data/robustness/blur/kernel_5/normalized_32x32/9/9_9_02_2f49434b_r01c03__blur_kernel_5.npy,9,8,0,0.8581015684241053,-1.1903510093688965,0.0025518089532852173,-3.394472122192383,-3.528903007507324,-1.2308719158172607,-1.782544493675232,-2.831369161605835,-1.1343697309494019,3.1076135635375977,0.3977079391479492,blur,5x5
9_9_02_2f49434b_r01c04__blur_kernel_5,./data/robustness/blur/kernel_5/normalized_32x32/9/9_9_02_2f49434b_r01c04__blur_kernel_5.npy,9,9,1,0.9957896180784132,-5.925928115844727,-3.0232908725738525,-5.740533351898193,-1.7216330766677856,0.5165151953697205,-3.8148255348205566,-7.47808313369751,-1.1156017780303955,-1.546468734741211,6.37133264541626,blur,5x5
9_9_02_2f49434b_r02c01__blur_kernel_5,./data/robustness/blur/kernel_5/normalized_32x32/9/9_9_02_2f49434b_r02c01__blur_kernel_5.npy,9,9,1,0.9868065550263881,-6.4595746994018555,-2.9005863666534424,-6.691991329193115,-2.3298392295837402,0.9812697172164917,-4.046261787414551,-7.145056247711182,0.11267616599798203,-1.2214751243591309,5.7629170417785645,blur,5x5
9_9_02_2f49434b_r02c02__blur_kernel_5,./data/robustness/blur/kernel_5/normalized_32x32/9/9_9_02_2f49434b_r02c02__blur_kernel_5.npy,9,9,1,0.9951412406070952,-7.827932834625244,-3.7235920429229736,-7.422575950622559,-3.961881160736084,1.8506165742874146,-4.694684982299805,-7.9287028312683105,-1.4670113325119019,-1.1201684474945068,7.264327049255371,blur,5x5
9_9_02_2f49434b_r02c03__blur_kernel_5,./data/robustness/blur/kernel_5/normalized_32x32/9/9_9_02_2f49434b_r02c03__blur_kernel_5.npy,9,9,1,0.9957873114215615,-5.390889644622803,-3.1709179878234863,-6.058377265930176,-2.7167434692382812,1.0248446464538574,-4.65974760055542,-7.130923271179199,-0.9347821474075317,-1.6887458562850952,6.715135097503662,blur,5x5
9_9_02_2f49434b_r02c04__blur_kernel_5,./data/robustness/blur/kernel_5/normalized_32x32/9/9_9_02_2f49434b_r02c04__blur_kernel_5.npy,9,1,0,0.8890713644002254,-2.4953818321228027,3.6232216358184814,-6.200490474700928,-6.057192325592041,-1.7304561138153076,-1.4398083686828613,-3.3028554916381836,-0.27681636810302734,1.0549838542938232,-0.681820273399353,blur,5x5
9_9_02_2f49434b_r03c01__blur_kernel_5,./data/robustness/blur/kernel_5/normalized_32x32/9/9_9_02_2f49434b_r03c01__blur_kernel_5.npy,9,4,0,0.8334886211121001,-5.488963603973389,-1.5032545328140259,-5.302562236785889,-5.164017200469971,4.078771114349365,-3.8829267024993896,-5.283470630645752,-2.0125279426574707,0.08760807663202286,2.3334293365478516,blur,5x5
9_9_02_2f49434b_r03c02__blur_kernel_5,./data/robustness/blur/kernel_5/normalized_32x32/9/9_9_02_2f49434b_r03c02__blur_kernel_5.npy,9,9,1,0.9852057431328395,-5.699338912963867,-3.265585422515869,-4.606481075286865,-3.388699531555176,1.665298342704773,-4.60725212097168,-7.903624534606934,-2.114199638366699,-0.3934943377971649,6.019652366638184,blur,5x5
9_9_02_2f49434b_r03c03__blur_kernel_5,./data/robustness/blur/kernel_5/normalized_32x32/9/9_9_02_2f49434b_r03c03__blur_kernel_5.npy,9,9,1,0.9187532168086224,-3.451324701309204,-2.7532565593719482,-2.141141414642334,-2.600058078765869,0.6294445991516113,-2.5511879920959473,-5.184081077575684,-1.7922580242156982,0.03876427933573723,3.664910078048706,blur,5x5
9_9_02_2f49434b_r03c04__blur_kernel_5,./data/robustness/blur/kernel_5/normalized_32x32/9/9_9_02_2f49434b_r03c04__blur_kernel_5.npy,9,9,1,0.9044054524037444,-4.862215995788574,-1.2130227088928223,-4.991902828216553,-4.40169620513916,2.6799416542053223,-3.3226397037506104,-6.757557392120361,-1.1023201942443848,-1.2821159362792969,4.991549968719482,blur,5x5
9_9_02_2f49434b_r04c01__blur_kernel_5,./data/robustness/blur/kernel_5/normalized_32x32/9/9_9_02_2f49434b_r04c01__blur_kernel_5.npy,9,9,1,0.7260904908421739,-3.928226947784424,-2.788724184036255,-4.063094139099121,-3.001699447631836,2.9614923000335693,-2.514791965484619,-5.941246509552002,-3.093031644821167,-1.9559106826782227,3.9577860832214355,blur,5x5
9_9_02_2f49434b_r04c02__blur_kernel_5,./data/robustness/blur/kernel_5/normalized_32x32/9/9_9_02_2f49434b_r04c02__blur_kernel_5.npy,9,9,1,0.6418159923970126,-3.886659622192383,-2.2856204509735107,-3.645596981048584,-3.382760524749756,2.9764962196350098,-3.001243829727173,-4.4561357498168945,-1.8258675336837769,-1.4906035661697388,3.5913546085357666,blur,5x5
9_9_02_2f49434b_r04c03__blur_kernel_5,./data/robustness/blur/kernel_5/normalized_32x32/9/9_9_02_2f49434b_r04c03__blur_kernel_5.npy,9,9,1,0.9315813768342531,-5.3761982917785645,-2.325073003768921,-4.383191108703613,-3.421355724334717,2.6976122856140137,-3.527139663696289,-6.5120134353637695,-1.6462472677230835,-1.9344687461853027,5.343001842498779,blur,5x5
9_9_02_2f49434b_r04c04__blur_kernel_5,./data/robustness/blur/kernel_5/normalized_32x32/9/9_9_02_2f49434b_r04c04__blur_kernel_5.npy,9,9,1,0.9347626571491985,-3.950359582901001,-1.8018226623535156,-2.7825472354888916,-1.9500924348831177,1.08962881565094,-3.0294716358184814,-5.43400764465332,-0.7840096950531006,-1.3616416454315186,4.079829692840576,blur,5x5
