sample_id,file_path,true_label,pred_label,correct,confidence,logit_0,logit_1,logit_2,logit_3,logit_4,logit_5,logit_6,logit_7,logit_8,logit_9,condition,parameter
0_0_01_0a5cfa52_r01c01,./data/preprocessed/dataset/normalized_32x32/0/0_0_01_0a5cfa52_r01c01.npy,0,0,1,0.9994829529187149,9.303483009338379,-6.544229507446289,-8.094746589660645,-13.408058166503906,-10.410774230957031,-6.540628433227539,-4.11461067199707,-1.3336886167526245,-5.276374340057373,1.6845405101776123,original,
0_0_01_0a5cfa52_r01c02,./data/preprocessed/dataset/normalized_32x32/0/0_0_01_0a5cfa52_r01c02.npy,0,0,1,0.9999821567024015,11.757828712463379,-10.387794494628906,-5.607282638549805,-12.687789916992188,-11.119673728942871,-6.177279472351074,-3.7075819969177246,-4.580224990844727,-5.38498592376709,0.8039493560791016,original,
0_0_01_0a5cfa52_r01c03,./data/preprocessed/dataset/normalized_32x32/0/0_0_01_0a5cfa52_r01c03.npy,0,0,1,0.9989554674690705,9.751910209655762,-9.986268997192383,0.9186291098594666,-14.025294303894043,-17.005775451660156,-7.256842613220215,-8.683724403381348,-4.968329906463623,2.735246419906616,-3.1255810260772705,original,
0_0_01_0a5cfa52_r01c04,./data/preprocessed/dataset/normalized_32x32/0/0_0_01_0a5cfa52_r01c04.npy,0,0,1,0.9771333136797274,5.857516288757324,-3.905282497406006,-5.3139238357543945,-10.436078071594238,-7.62272834777832,-4.843001842498779,-1.705542802810669,-1.760427474975586,-1.5870347023010254,2.027566909790039,original,
0_0_01_0a5cfa52_r02c01,./data/preprocessed/dataset/normalized_32x32/0/0_0_01_0a5cfa52_r02c01.npy,0,0,1,0.999994252175798,10.712570190429688,-6.654055595397949,-4.43104362487793,-9.28758430480957,-12.941484451293945,-2.6170101165771484,-3.657248020172119,-3.125126361846924,-3.604793071746826,-2.5910463333129883,original,
0_0_01_0a5cfa52_r02c02,./data/preprocessed/dataset/normalized_32x32/0/0_0_01_0a5cfa52_r02c02.npy,0,0,1,0.9697790069339726,5.36374044418335,-9.891963958740234,-1.2053300142288208,-4.538318634033203,-7.896448135375977,-3.3531246185302734,-1.48458731174469,-7.366539478302002,1.7731266021728516,-1.6513469219207764,original,
0_0_01_0a5cfa52_r02c03,./data/preprocessed/dataset/normalized_32x32/0/0_0_01_0a5cfa52_r02c03.npy,0,0,1,0.9990884838188094,8.35892391204834,-10.794792175292969,-1.5484158992767334,-10.557931900024414,-11.509326934814453,-6.511823654174805,-5.179239273071289,-5.87982702255249,-2.2309370040893555,1.2708860635757446,original,
0_0_01_0a5cfa52_r02c04,./data/preprocessed/dataset/normalized_32x32/0/0_0_01_0a5cfa52_r02c04.npy,0,0,1,0.9979722537829543,7.994085311889648,-6.515504837036133,-2.3337903022766113,-11.518630027770996,-10.792884826660156,-5.801953315734863,-4.5860443115234375,-3.865905523300171,0.2168738842010498,1.5360937118530273,original,
0_0_01_0a5cfa52_r03c01,./data/preprocessed/dataset/normalized_32x32/0/0_0_01_0a5cfa52_r03c01.npy,0,0,1,0.9999978192283232,13.20021915435791,-7.847490310668945,-14.211874008178711,-14.856454849243164,-14.759537696838379,-4.684311866760254,-2.0003676414489746,-0.7516906261444092,-11.082344055175781,-0.5759463310241699,original,
0_0_01_0a5cfa52_r03c02,./data/preprocessed/dataset/normalized_32x32/0/0_0_01_0a5cfa52_r03c02.npy,0,0,1,0.9999999028330119,14.898433685302734,-8.755777359008789,-8.161430358886719,-16.313241958618164,-15.118093490600586,-6.991607666015625,-4.754863739013672,-3.5751609802246094,-5.466756820678711,-1.4074983596801758,original,
0_0_01_0a5cfa52_r03c03,./data/preprocessed/dataset/normalized_32x32/0/0_0_01_0a5cfa52_r03c03.npy,0,0,1,0.9999869847733973,11.55920696258545,-6.956604957580566,-8.812864303588867,-10.651321411132812,-9.336150169372559,-2.348301410675049,0.19946503639221191,-3.8149218559265137,-5.494194984436035,-3.934846878051758,original,
0_0_01_0a5cfa52_r03c04,./data/preprocessed/dataset/normalized_32x32/0/0_0_01_0a5cfa52_r03c04.npy,0,0,1,0.9999924625772163,12.678887367248535,-9.14152717590332,-13.628730773925781,-14.296667098999023,-14.24791145324707,-5.64361572265625,-2.739960193634033,-0.5010533332824707,-11.126039505004883,0.556556224822998,original,
0_0_01_0a5cfa52_r04c01,./data/preprocessed/dataset/normalized_32x32/0/0_0_01_0a5cfa52_r04c01.npy,0,0,1,0.9999666489939019,9.428385734558105,-5.222805976867676,-4.810734748840332,-10.138618469238281,-6.8945136070251465,-3.6077821254730225,-1.9389094114303589,-2.2061266899108887,-3.311349391937256,-2.4933998584747314,original,
0_0_01_0a5cfa52_r04c02,./data/preprocessed/dataset/normalized_32x32/0/0_0_01_0a5cfa52_r04c02.npy,0,0,1,0.9999639852207434,11.074207305908203,-5.907819747924805,-11.654531478881836,-12.922611236572266,-11.36517333984375,-5.7103424072265625,-1.8870809078216553,-2.5499138832092285,-6.669521331787109,0.7350654602050781,original,
0_0_01_0a5cfa52_r04c03,./data/preprocessed/dataset/normalized_32x32/0/0_0_01_0a5cfa52_r04c03.npy,0,0,1,0.9985966766397333,6.615717887878418,-5.34372615814209,-2.451427459716797,-7.343677043914795,-5.455717086791992,-3.890143632888794,-3.991018295288086,-1.37102472782135,-6.107159614562988,-0.417749285697937,original,
0_0_01_0a5cfa52_r04c04,./data/preprocessed/dataset/normalized_32x32/0/0_0_01_0a5cfa52_r04c04.npy,0,0,1,0.999345026530569,7.529216766357422,-4.3690361976623535,-5.255016326904297,-6.952152252197266,-6.201637268066406,-0.32395100593566895,-2.4348130226135254,-3.6733036041259766,-1.9409695863723755,-1.5168399810791016,original,
0_0_02_0ab8b1e5_r01c01,./data/preprocessed/dataset/normalized_32x32/0/0_0_02_0ab8b1e5_r01c01.npy,0,0,1,0.9995537487970043,8.502552032470703,-5.319369316101074,-7.236156940460205,-10.072360038757324,-9.926830291748047,-3.3142786026000977,-1.0589208602905273,-2.900359630584717,-2.9341511726379395,0.532233476638794,original,
0_0_02_0ab8b1e5_r01c02,./data/preprocessed/dataset/normalized_32x32/0/0_0_02_0ab8b1e5_r01c02.npy,0,0,1,0.9999418713922237,10.75287914276123,-9.039643287658691,-8.455229759216309,-12.277706146240234,-13.728574752807617,-5.658422470092773,-3.628098487854004,-2.6765594482421875,-3.941221237182617,0.9554715156555176,original,
0_0_02_0ab8b1e5_r01c03,./data/preprocessed/dataset/normalized_32x32/0/0_0_02_0ab8b1e5_r01c03.npy,0,0,1,0.999812299853642,10.14883041381836,-8.193345069885254,-9.225170135498047,-11.876152992248535,-11.718061447143555,-5.404486656188965,-2.1907029151916504,-3.0252885818481445,-3.343120813369751,1.5256528854370117,original,
0_0_02_0ab8b1e5_r01c04,./data/preprocessed/dataset/normalized_32x32/0/0_0_02_0ab8b1e5_r01c04.npy,0,0,1,0.9999936928773184,13.01301097869873,-13.139012336730957,-7.623539447784424,-13.811250686645508,-9.93867301940918,-7.605410575866699,-3.1163158416748047,-5.202704906463623,-4.596960067749023,1.0173927545547485,original,
0_0_02_0ab8b1e5_r02c01,./data/preprocessed/dataset/normalized_32x32/0/0_0_02_0ab8b1e5_r02c01.npy,0,0,1,0.9999829435339875,12.229711532592773,-7.154379844665527,-10.230018615722656,-15.068729400634766,-11.313111305236816,-6.837352752685547,-1.1797592639923096,-4.402835845947266,-3.1217422485351562,1.1401937007904053,original,
0_0_02_0ab8b1e5_r02c02,./data/preprocessed/dataset/normalized_32x32/0/0_0_02_0ab8b1e5_r02c02.npy,0,0,1,0.9999280861607249,11.041399002075195,-8.939535140991211,-5.452978610992432,-14.229264259338379,-13.545509338378906,-7.728081226348877,-4.037034511566162,-5.165226459503174,-0.4885847568511963,1.347133994102478,original,
0_0_02_0ab8b1e5_r02c03,./data/preprocessed/dataset/normalized_32x32/0/0_0_02_0ab8b1e5_r02c03.npy,0,0,1,0.9998284430919093,10.615220069885254,-10.134744644165039,-3.8349697589874268,-12.645354270935059,-12.81532096862793,-6.788194179534912,-3.8380353450775146,-6.314563751220703,-1.6085984706878662,1.9089375734329224,original,
0_0_02_0ab8b1e5_r02c04,./data/preprocessed/dataset/normalized_32x32/0/0_0_02_0ab8b1e5_r02c04.npy,0,0,1,0.998021958545397,8.806737899780273,-9.464171409606934,-2.4893481731414795,-12.327791213989258,-11.58176040649414,-6.724457740783691,-4.046565055847168,-5.938623428344727,-0.812838077545166,2.5407938957214355,original,
0_0_02_0ab8b1e5_r03c01,./data/preprocessed/dataset/normalized_32x32/0/0_0_02_0ab8b1e5_r03c01.npy,0,0,1,0.9999054999523673,9.2451753616333,-7.17625093460083,-9.300352096557617,-8.494100570678711,-8.602420806884766,-3.312866687774658,-0.8457092642784119,-0.9865922927856445,-6.753698348999023,-1.9828827381134033,original,
0_0_02_0ab8b1e5_r03c02,./data/preprocessed/dataset/normalized_32x32/0/0_0_02_0ab8b1e5_r03c02.npy,0,0,1,0.9999899332621203,13.639156341552734,-8.895509719848633,-16.990272521972656,-16.323944091796875,-13.458513259887695,-7.514770984649658,-3.138058662414551,-1.3525307178497314,-10.457542419433594,2.096369743347168,original,
0_0_02_0ab8b1e5_r03c03,./data/preprocessed/dataset/normalized_32x32/0/0_0_02_0ab8b1e5_r03c03.npy,0,0,1,0.9999999945880127,17.244340896606445,-10.469478607177734,-13.216434478759766,-13.619997024536133,-13.151471138000488,-5.130484580993652,-2.032341480255127,-4.084630966186523,-9.280963897705078,-4.341982841491699,original,
0_0_02_0ab8b1e5_r03c04,./data/preprocessed/dataset/normalized_32x32/0/0_0_02_0ab8b1e5_r03c04.npy,0,0,1,0.997834853562984,6.996966361999512,-7.2995452880859375,-8.06549072265625,-7.168724060058594,-6.941885948181152,-2.7493512630462646,-0.11574995517730713,-2.9514291286468506,-5.3836140632629395,0.3060612678527832,original,
0_0_02_0ab8b1e5_r04c01,./data/preprocessed/dataset/normalized_32x32/0/0_0_02_0ab8b1e5_r04c01.npy,0,0,1,0.9999998192771171,14.718179702758789,-7.274901866912842,-14.28721809387207,-14.347572326660156,-14.561211585998535,-5.431812286376953,-1.7140824794769287,-2.885643720626831,-8.445324897766113,-1.5873708724975586,original,
0_0_02_0ab8b1e5_r04c02,./data/preprocessed/dataset/normalized_32x32/0/0_0_02_0ab8b1e5_r04c02.npy,0,0,1,0.9999989245734483,14.144868850708008,-10.183187484741211,-16.455936431884766,-13.164355278015137,-10.919984817504883,-5.229074478149414,0.003913283348083496,-3.418165922164917,-10.352715492248535,-0.7923393249511719,original,
0_0_02_0ab8b1e5_r04c03,./data/preprocessed/dataset/normalized_32x32/0/0_0_02_0ab8b1e5_r04c03.npy,0,0,1,0.9999989408599692,13.445856094360352,-7.519582748413086,-12.037481307983398,-14.050522804260254,-10.38127326965332,-5.314551830291748,-1.7977436780929565,-2.621819496154785,-6.6662092208862305,-0.7200613021850586,original,
0_0_02_0ab8b1e5_r04c04,./data/preprocessed/dataset/normalized_32x32/0/0_0_02_0ab8b1e5_r04c04.npy,0,0,1,0.9999910007648918,13.27824592590332,-11.693479537963867,-8.304420471191406,-14.996588706970215,-12.038819313049316,-7.923169136047363,-4.598766803741455,-4.850278854370117,-7.6695556640625,1.6562678813934326,original,
1_1_01_19f74917_r01c01,./data/preprocessed/dataset/normalized_32x32/1/1_1_01_19f74917_r01c01.npy,1,1,1,0.9942986533258793,-3.054063320159912,5.744019508361816,-2.464898109436035,-6.985724449157715,-2.783643960952759,-0.4786982536315918,-0.5632091760635376,-1.6476479768753052,-1.5483397245407104,-6.294849395751953,original,
1_1_01_19f74917_r01c02,./data/preprocessed/dataset/normalized_32x32/1/1_1_01_19f74917_r01c02.npy,1,1,1,0.998897565335911,-3.9991860389709473,7.142205238342285,-3.1931328773498535,-7.260932445526123,-3.1604106426239014,-0.1773897111415863,-1.5468124151229858,-1.644606590270996,-3.0203046798706055,-7.576421737670898,original,
1_1_01_19f74917_r01c03,./data/preprocessed/dataset/normalized_32x32/1/1_1_01_19f74917_r01c03.npy,1,1,1,0.9999972266850089,-6.911724090576172,12.02593994140625,-5.321411609649658,-11.754344940185547,-3.3938775062561035,-1.1622881889343262,-3.074247360229492,-2.826120376586914,-5.199983596801758,-11.303860664367676,original,
1_1_01_19f74917_r01c04,./data/preprocessed/dataset/normalized_32x32/1/1_1_01_19f74917_r01c04.npy,1,1,1,0.9999912492922104,-6.975770950317383,11.328741073608398,-5.628629207611084,-12.846036911010742,-3.1553919315338135,-1.405880331993103,-1.0402854681015015,-3.9721148014068604,-2.7586560249328613,-11.81540298461914,original,
1_1_01_19f74917_r02c01,./data/preprocessed/dataset/normalized_32x32/1/1_1_01_19f74917_r02c01.npy,1,1,1,0.9999611616475217,-7.971087455749512,10.702550888061523,-4.914367198944092,-8.45940113067627,-8.303888320922852,-2.1822328567504883,-7.970902442932129,0.4712880849838257,-6.0767903327941895,-6.473644256591797,original,
1_1_01_19f74917_r02c02,./data/preprocessed/dataset/normalized_32x32/1/1_1_01_19f74917_r02c02.npy,1,1,1,0.9998807820804417,-4.88912296295166,8.885968208312988,-5.39601993560791,-10.689924240112305,-3.7905282974243164,-0.938286304473877,-2.9520599842071533,-1.2751038074493408,-2.262495756149292,-8.002557754516602,original,
1_1_01_19f74917_r02c03,./data/preprocessed/dataset/normalized_32x32/1/1_1_01_19f74917_r02c03.npy,1,1,1,0.999859223926436,-4.372309684753418,8.984545707702637,-5.475203990936279,-9.201639175415039,-3.159475803375244,-0.8453673124313354,-2.287860870361328,-0.7242101430892944,-3.035086154937744,-7.918398857116699,original,
1_1_01_19f74917_r02c04,./data/preprocessed/dataset/normalized_32x32/1/1_1_01_19f74917_r02c04.npy,1,1,1,0.9999943710363269,-8.06324577331543,11.902368545532227,-8.49209213256836,-12.795400619506836,-2.1416640281677246,-0.8841493129730225,-1.3826488256454468,-3.732764959335327,-3.688009738922119,-10.813405990600586,original,
1_1_01_19f74917_r03c01,./data/preprocessed/dataset/normalized_32x32/1/1_1_01_19f74917_r03c01.npy,1,1,1,0.9995902333719314,-4.657705783843994,8.211366653442383,-5.811685085296631,-9.194136619567871,-0.2605399489402771,-0.72568678855896,-2.4828107357025146,-2.463960886001587,-2.650606870651245,-5.7476606369018555,original,
1_1_01_19f74917_r03c02,./data/preprocessed/dataset/normalized_32x32/1/1_1_01_19f74917_r03c02.npy,1,1,1,0.9993034149772249,-4.17756986618042,7.423847198486328,-3.7051470279693604,-7.421224117279053,-1.8083215951919556,-0.5525422692298889,-2.571370840072632,-1.363823652267456,-2.9105756282806396,-6.558716297149658,original,
1_1_01_19f74917_r03c03,./data/preprocessed/dataset/normalized_32x32/1/1_1_01_19f74917_r03c03.npy,1,1,1,0.9999517750709891,-10.204215049743652,10.851556777954102,0.8276404142379761,-9.839841842651367,-4.07457971572876,-3.663515090942383,-5.277581214904785,-1.8802926540374756,-6.9935503005981445,-11.609079360961914,original,
1_1_01_19f74917_r03c04,./data/preprocessed/dataset/normalized_32x32/1/1_1_01_19f74917_r03c04.npy,1,1,1,0.9999886324251391,-4.473663330078125,10.786558151245117,-5.339598178863525,-10.333357810974121,-4.989663600921631,-1.077802062034607,-4.568497657775879,-1.758779525756836,-5.608917236328125,-8.92123031616211,original,
1_1_01_19f74917_r04c01,./data/preprocessed/dataset/normalized_32x32/1/1_1_01_19f74917_r04c01.npy,1,1,1,0.9998368617472798,-4.923749923706055,9.100488662719727,-6.805786609649658,-10.144271850585938,-1.5229395627975464,-0.31983494758605957,-2.8066511154174805,-0.9543014764785767,-2.764347791671753,-7.352582931518555,original,
1_1_01_19f74917_r04c02,./data/preprocessed/dataset/normalized_32x32/1/1_1_01_19f74917_r04c02.npy,1,1,1,0.9998781862474599,-4.776727199554443,9.250258445739746,-6.123071670532227,-9.88143539428711,-1.9507440328598022,-0.4567188024520874,-3.003370761871338,-0.940532922744751,-3.191695213317871,-7.475430011749268,original,
1_1_01_19f74917_r04c03,./data/preprocessed/dataset/normalized_32x32/1/1_1_01_19f74917_r04c03.npy,1,1,1,0.9994727204836275,-4.320591926574707,8.101971626281738,-5.998704433441162,-8.872377395629883,-1.646447777748108,-0.24316269159317017,-2.592527389526367,-0.4927995800971985,-2.78786563873291,-6.597477436065674,original,
1_1_01_19f74917_r04c04,./data/preprocessed/dataset/normalized_32x32/1/1_1_01_19f74917_r04c04.npy,1,1,1,0.9999234120558271,-3.727806806564331,9.249715805053711,-3.37924861907959,-9.102347373962402,-5.150991439819336,-1.8975173234939575,-3.857480525970459,-0.6047386527061462,-4.186986446380615,-8.494728088378906,original,
1_1_02_4cdb4850_r01c01,./data/preprocessed/dataset/normalized_32x32/1/1_1_02_4cdb4850_r01c01.npy,1,1,1,0.999721463590618,-5.824118137359619,8.654906272888184,-3.696782112121582,-10.367632865905762,-2.823493003845215,-0.5434454083442688,-0.19174039363861084,-3.7206006050109863,-2.512707233428955,-10.399477005004883,original,
1_1_02_4cdb4850_r01c02,./data/preprocessed/dataset/normalized_32x32/1/1_1_02_4cdb4850_r01c02.npy,1,1,1,0.9986385088199426,-6.9100446701049805,6.969099998474121,-1.11934494972229,-7.502148151397705,-3.8373425006866455,-0.40351223945617676,-0.9742798209190369,-2.9902901649475098,-5.452276706695557,-11.272186279296875,original,
1_1_02_4cdb4850_r01c03,./data/preprocessed/dataset/normalized_32x32/1/1_1_02_4cdb4850_r01c03.npy,1,1,1,0.9998347371622349,-5.216780185699463,8.566312789916992,-3.6620519161224365,-9.3141508102417,-4.955322265625,-0.6551486253738403,-3.3745992183685303,-1.4656494855880737,-3.09877347946167,-8.570603370666504,original,
1_1_02_4cdb4850_r01c04,./data/preprocessed/dataset/normalized_32x32/1/1_1_02_4cdb4850_r01c04.npy,1,1,1,0.9999800747648768,-4.967327117919922,10.254388809204102,-6.0526957511901855,-12.03907299041748,-4.080672264099121,-0.9787909984588623,-4.153841972351074,-2.420551300048828,-2.82464337348938,-8.877476692199707,original,
1_1_02_4cdb4850_r02c01,./data/preprocessed/dataset/normalized_32x32/1/1_1_02_4cdb4850_r02c01.npy,1,1,1,0.9999942109170676,-5.962065696716309,10.832525253295898,-4.2305073738098145,-10.18022632598877,-3.385969400405884,-2.440227508544922,-3.994859218597412,-2.0749874114990234,-4.513260841369629,-9.260878562927246,original,
1_1_02_4cdb4850_r02c02,./data/preprocessed/dataset/normalized_32x32/1/1_1_02_4cdb4850_r02c02.npy,1,1,1,0.9999801743068008,-5.9174933433532715,10.828967094421387,-7.919684886932373,-11.014962196350098,-2.3695123195648193,-0.601069450378418,-2.538978099822998,-1.425800085067749,-3.321599245071411,-8.203363418579102,original,
1_1_02_4cdb4850_r02c03,./data/preprocessed/dataset/normalized_32x32/1/1_1_02_4cdb4850_r02c03.npy,1,1,1,0.9976610059522244,-12.21457576751709,9.198086738586426,-0.907275915145874,-4.894133567810059,-5.684834957122803,-6.078178405761719,-11.238096237182617,3.12420916557312,-8.682135581970215,-7.945500373840332,original,
1_1_02_4cdb4850_r02c04,./data/preprocessed/dataset/normalized_32x32/1/1_1_02_4cdb4850_r02c04.npy,1,1,1,0.9966745964108524,-3.152833938598633,6.60075044631958,-4.685028553009033,-8.203721046447754,-2.8549551963806152,0.1240655779838562,-0.07193958759307861,-2.0751395225524902,-1.864811897277832,-6.4703803062438965,original,
1_1_02_4cdb4850_r03c01,./data/preprocessed/dataset/normalized_32x32/1/1_1_02_4cdb4850_r03c01.npy,1,1,1,0.9999975196034145,-6.987926006317139,12.17383861541748,-5.306278705596924,-11.880956649780273,-3.558030366897583,-1.1562910079956055,-2.657802104949951,-2.908780097961426,-5.0120086669921875,-11.899702072143555,original,
1_1_02_4cdb4850_r03c02,./data/preprocessed/dataset/normalized_32x32/1/1_1_02_4cdb4850_r03c02.npy,1,1,1,0.999981064461551,-4.191718101501465,10.141870498657227,-3.985593795776367,-10.426895141601562,-5.279066562652588,-1.5982717275619507,-3.764108180999756,-1.5913355350494385,-4.366447925567627,-9.813165664672852,original,
1_1_02_4cdb4850_r03c03,./data/preprocessed/dataset/normalized_32x32/1/1_1_02_4cdb4850_r03c03.npy,1,1,1,0.9997210450665325,-3.6020874977111816,7.909697532653809,-2.095202922821045,-8.561594009399414,-3.947096347808838,-0.7357500195503235,-3.914663553237915,-2.5020313262939453,-4.748340606689453,-7.657270431518555,original,
1_1_02_4cdb4850_r03c04,./data/preprocessed/dataset/normalized_32x32/1/1_1_02_4cdb4850_r03c04.npy,1,1,1,0.9972036943426981,-3.2489700317382812,6.090904712677002,-1.0253127813339233,-6.557433605194092,-2.468433141708374,-0.6262496709823608,-2.9344301223754883,-1.924486517906189,-3.9468650817871094,-6.085501670837402,original,
1_1_02_4cdb4850_r04c01,./data/preprocessed/dataset/normalized_32x32/1/1_1_02_4cdb4850_r04c01.npy,1,1,1,0.9999994060934355,-8.328557968139648,14.218439102172852,-10.431734085083008,-15.850130081176758,-0.6137359142303467,-1.8799264430999756,-4.900350570678711,-1.7374305725097656,-4.5165252685546875,-9.665388107299805,original,
1_1_02_4cdb4850_r04c02,./data/preprocessed/dataset/normalized_32x32/1/1_1_02_4cdb4850_r04c02.npy,1,1,1,0.9999710839034955,-5.465252876281738,10.535400390625,-7.824505805969238,-12.721590042114258,-0.989004373550415,-1.0452711582183838,-3.791628837585449,-1.3856033086776733,-2.445448398590088,-7.881598472595215,original,
1_1_02_4cdb4850_r04c03,./data/preprocessed/dataset/normalized_32x32/1/1_1_02_4cdb4850_r04c03.npy,1,1,1,0.999961884642246,-5.226076126098633,10.2501802444458,-6.830657005310059,-10.960444450378418,-2.0666847229003906,-0.6329882144927979,-3.3782095909118652,-1.0606882572174072,-3.3959360122680664,-8.047359466552734,original,
1_1_02_4cdb4850_r04c04,./data/preprocessed/dataset/normalized_32x32/1/1_1_02_4cdb4850_r04c04.npy,1,1,1,0.9996490920658478,-4.226818084716797,8.251494407653809,-4.934118747711182,-8.544652938842773,-1.572108268737793,-0.1476002335548401,-2.2295446395874023,-2.2179348468780518,-3.336057424545288,-6.673439979553223,original,
2_2_01_2e3151dd_r01c01,./data/preprocessed/dataset/normalized_32x32/2/2_2_01_2e3151dd_r01c01.npy,2,2,1,0.9999996621380909,-9.41678237915039,-6.16832160949707,15.269720077514648,-5.370217323303223,-7.817232608795166,-9.660404205322266,-11.415257453918457,0.3640127182006836,-10.771659851074219,-15.457923889160156,original,
2_2_01_2e3151dd_r01c02,./data/preprocessed/dataset/normalized_32x32/2/2_2_01_2e3151dd_r01c02.npy,2,2,1,0.9999760866178361,-3.1565182209014893,-8.107902526855469,11.772539138793945,-5.541313171386719,-6.171872615814209,-6.542912483215332,-10.518584251403809,-0.7990022897720337,0.9555608034133911,-10.925398826599121,original,
2_2_01_2e3151dd_r01c03,./data/preprocessed/dataset/normalized_32x32/2/2_2_01_2e3151dd_r01c03.npy,2,2,1,0.9999997254589769,-8.503961563110352,-8.902558326721191,16.35462188720703,-5.358650207519531,-9.24190616607666,-11.232671737670898,-13.2396240234375,1.2449675798416138,-10.912147521972656,-14.959589958190918,original,
2_2_01_2e3151dd_r01c04,./data/preprocessed/dataset/normalized_32x32/2/2_2_01_2e3151dd_r01c04.npy,2,2,1,0.9999983594374309,-9.990134239196777,-6.54282808303833,16.791465759277344,-6.856611251831055,-9.321086883544922,-13.263240814208984,-15.059258460998535,3.47091007232666,-8.91117000579834,-14.203060150146484,original,
2_2_01_2e3151dd_r02c01,./data/preprocessed/dataset/normalized_32x32/2/2_2_01_2e3151dd_r02c01.npy,2,2,1,0.9984418865350677,-3.20703125,-1.6406205892562866,9.482295989990234,-10.146673202514648,-4.095674514770508,-5.980550765991211,-12.135014533996582,3.000610113143921,-6.138593673706055,-2.0472030639648438,original,
2_2_01_2e3151dd_r02c02,./data/preprocessed/dataset/normalized_32x32/2/2_2_01_2e3151dd_r02c02.npy,2,2,1,0.9999670684137674,-2.667625665664673,-4.488427639007568,9.803542137145996,-8.705451965332031,-1.2207355499267578,-5.735241413116455,-10.503631591796875,-1.859663486480713,-6.612187385559082,-2.8159737586975098,original,
2_2_01_2e3151dd_r02c03,./data/preprocessed/dataset/normalized_32x32/2/2_2_01_2e3151dd_r02c03.npy,2,2,1,0.9999993315771831,-10.992391586303711,-6.797626495361328,15.950900077819824,-4.219637870788574,-9.630611419677734,-13.343950271606445,-18.003795623779297,1.7297248840332031,-9.439057350158691,-12.859725952148438,original,
2_2_01_2e3151dd_r02c04,./data/preprocessed/dataset/normalized_32x32/2/2_2_01_2e3151dd_r02c04.npy,2,2,1,0.9999999964311599,-11.085193634033203,-10.704767227172852,20.4531307220459,-5.323700904846191,-12.824118614196777,-15.123702049255371,-16.604114532470703,1.0002951622009277,-11.372426986694336,-17.745555877685547,original,
2_2_01_2e3151dd_r03c01,./data/preprocessed/dataset/normalized_32x32/2/2_2_01_2e3151dd_r03c01.npy,2,2,1,0.9999993508199927,-11.509336471557617,-3.2349164485931396,14.679410934448242,-5.294934272766113,-6.753084659576416,-11.997055053710938,-11.582918167114258,0.4017866849899292,-9.97260856628418,-14.32993221282959,original,
2_2_01_2e3151dd_r03c02,./data/preprocessed/dataset/normalized_32x32/2/2_2_01_2e3151dd_r03c02.npy,2,2,1,0.9999967112181657,-10.500408172607422,-3.362445831298828,15.714255332946777,-7.981592655181885,-8.242881774902344,-13.433632850646973,-17.34854507446289,3.087549924850464,-6.053206920623779,-12.350296020507812,original,
2_2_01_2e3151dd_r03c03,./data/preprocessed/dataset/normalized_32x32/2/2_2_01_2e3151dd_r03c03.npy,2,2,1,0.9999983889780587,-12.011519432067871,-2.9985523223876953,14.893218994140625,-5.354005813598633,-6.993106842041016,-12.438688278198242,-12.223203659057617,1.5427720546722412,-10.360858917236328,-14.454827308654785,original,
2_2_01_2e3151dd_r03c04,./data/preprocessed/dataset/normalized_32x32/2/2_2_01_2e3151dd_r03c04.npy,2,2,1,0.9999999711516777,-9.22298812866211,-6.504907608032227,16.985170364379883,-4.6953020095825195,-8.683036804199219,-8.592453002929688,-13.499143600463867,-0.3935033082962036,-7.145366668701172,-12.099893569946289,original,
2_2_01_2e3151dd_r04c01,./data/preprocessed/dataset/normalized_32x32/2/2_2_01_2e3151dd_r04c01.npy,2,2,1,0.9999999999811082,-12.951355934143066,-5.216027736663818,22.734420776367188,-11.593692779541016,-10.95298957824707,-11.973833084106445,-16.787128448486328,-1.997365951538086,-14.679110527038574,-19.804161071777344,original,
2_2_01_2e3151dd_r04c02,./data/preprocessed/dataset/normalized_32x32/2/2_2_01_2e3151dd_r04c02.npy,2,2,1,0.9999948901110001,-14.030427932739258,-6.4508795738220215,16.90078353881836,-3.9982492923736572,-9.519027709960938,-15.01714038848877,-18.8607234954834,4.7162766456604,-11.037883758544922,-13.132930755615234,original,
2_2_01_2e3151dd_r04c03,./data/preprocessed/dataset/normalized_32x32/2/2_2_01_2e3151dd_r04c03.npy,2,2,1,0.9999937853669839,-9.130553245544434,-6.6401143074035645,12.995499610900879,-2.200103282928467,-7.120639801025391,-8.847465515136719,-12.210257530212402,0.9644988775253296,-7.775060176849365,-9.873004913330078,original,
2_2_01_2e3151dd_r04c04,./data/preprocessed/dataset/normalized_32x32/2/2_2_01_2e3151dd_r04c04.npy,2,3,0,0.9875715665078938,-7.455085754394531,-4.79538106918335,2.8337509632110596,7.25364875793457,-4.537756443023682,-3.364900827407837,-11.45789909362793,-1.597599744796753,-0.6654538512229919,-5.137504577636719,original,
2_2_02_cbfae05c_r01c01,./data/preprocessed/dataset/normalized_32x32/2/2_2_02_cbfae05c_r01c01.npy,2,2,1,0.9999999984800954,-8.63987922668457,-9.61747932434082,18.230558395385742,-6.466940879821777,-9.714372634887695,-11.169014930725098,-12.362020492553711,-2.089395046234131,-10.224579811096191,-16.583057403564453,original,
2_2_02_cbfae05c_r01c02,./data/preprocessed/dataset/normalized_32x32/2/2_2_02_cbfae05c_r01c02.npy,2,2,1,0.9999994034463747,-8.59215259552002,-6.444830894470215,15.274874687194824,-5.2419819831848145,-7.855946063995361,-11.022719383239746,-15.657224655151367,0.9397828578948975,-8.568812370300293,-10.77391242980957,original,
2_2_02_cbfae05c_r01c03,./data/preprocessed/dataset/normalized_32x32/2/2_2_02_cbfae05c_r01c03.npy,2,2,1,0.9999003066752312,-10.44968032836914,-3.180168628692627,10.51059341430664,-0.5446614027023315,-6.851650714874268,-8.854416847229004,-15.27608871459961,1.1103014945983887,-6.760470867156982,-9.79171371459961,original,
2_2_02_cbfae05c_r01c04,./data/preprocessed/dataset/normalized_32x32/2/2_2_02_cbfae05c_r01c04.npy,2,2,1,0.7385098788835033,-5.126196384429932,4.023444175720215,5.122116565704346,-7.8528900146484375,-3.4852511882781982,-5.615628242492676,-9.342058181762695,1.2284574508666992,-4.822470188140869,-4.055292129516602,original,
2_2_02_cbfae05c_r02c01,./data/preprocessed/dataset/normalized_32x32/2/2_2_02_cbfae05c_r02c01.npy,2,2,1,0.9999999976502427,-14.173576354980469,-5.250322341918945,17.3853702545166,-2.747997522354126,-5.349461555480957,-6.123358726501465,-14.616657257080078,-4.934356212615967,-12.666631698608398,-14.239546775817871,original,
2_2_02_cbfae05c_r02c02,./data/preprocessed/dataset/normalized_32x32/2/2_2_02_cbfae05c_r02c02.npy,2,2,1,0.9999999970535363,-9.574454307556152,-11.083490371704102,19.10968589782715,-5.141868591308594,-10.610376358032227,-12.217028617858887,-14.065275192260742,-0.5431981086730957,-11.81271743774414,-18.86793327331543,original,
2_2_02_cbfae05c_r02c03,./data/preprocessed/dataset/normalized_32x32/2/2_2_02_cbfae05c_r02c03.npy,2,2,1,0.9999999975986573,-7.949082374572754,-9.956220626831055,19.038787841796875,-7.023339748382568,-11.430362701416016,-12.326589584350586,-14.404546737670898,-0.811598539352417,-9.276764869689941,-17.984811782836914,original,
2_2_02_cbfae05c_r02c04,./data/preprocessed/dataset/normalized_32x32/2/2_2_02_cbfae05c_r02c04.npy,2,2,1,0.9999999967857351,-9.81381607055664,-11.62773609161377,19.347023010253906,-5.083742141723633,-10.149352073669434,-13.029045104980469,-15.330732345581055,-0.21643877029418945,-14.744503021240234,-18.158933639526367,original,
2_2_02_cbfae05c_r03c01,./data/preprocessed/dataset/normalized_32x32/2/2_2_02_cbfae05c_r03c01.npy,2,2,1,0.9999997694791706,-11.750293731689453,-4.845210075378418,17.318309783935547,-6.9664106369018555,-7.800670623779297,-13.149765014648438,-13.072840690612793,2.034177303314209,-11.325742721557617,-15.352886199951172,original,
2_2_02_cbfae05c_r03c02,./data/preprocessed/dataset/normalized_32x32/2/2_2_02_cbfae05c_r03c02.npy,2,2,1,0.9999999497122286,-13.361875534057617,-3.1375603675842285,17.86650848388672,-7.239566326141357,-7.810423851013184,-14.042831420898438,-16.127281188964844,1.0454508066177368,-9.468758583068848,-15.298197746276855,original,
2_2_02_cbfae05c_r03c03,./data/preprocessed/dataset/normalized_32x32/2/2_2_02_cbfae05c_r03c03.npy,2,2,1,0.9999972813093779,-12.878467559814453,-3.2544493675231934,14.90958309173584,-5.359405517578125,-6.840139389038086,-12.587357521057129,-13.565861701965332,2.0887346267700195,-9.497035026550293,-13.102103233337402,original,
2_2_02_cbfae05c_r03c04,./data/preprocessed/dataset/normalized_32x32/2/2_2_02_cbfae05c_r03c04.npy,2,2,1,0.9999962297079429,-12.091852188110352,-4.078468322753906,14.908326148986816,-4.1935272216796875,-6.929830551147461,-11.010929107666016,-17.044694900512695,2.416909694671631,-6.661623954772949,-9.472339630126953,original,
2_2_02_cbfae05c_r04c01,./data/preprocessed/dataset/normalized_32x32/2/2_2_02_cbfae05c_r04c01.npy,2,2,1,0.9999528449402146,-9.439102172851562,-6.021920680999756,13.251358032226562,-4.746857643127441,-7.637604713439941,-11.900042533874512,-15.186014175415039,3.288898229598999,-9.859580993652344,-11.145079612731934,original,
2_2_02_cbfae05c_r04c02,./data/preprocessed/dataset/normalized_32x32/2/2_2_02_cbfae05c_r04c02.npy,2,2,1,0.9999993074310483,-8.152982711791992,-3.381770133972168,14.685039520263672,-7.819363117218018,-7.711009979248047,-11.297911643981934,-11.391960144042969,0.47873711585998535,-5.764730453491211,-12.579944610595703,original,
2_2_02_cbfae05c_r04c03,./data/preprocessed/dataset/normalized_32x32/2/2_2_02_cbfae05c_r04c03.npy,2,2,1,0.9999941736486331,-6.99463415145874,-3.5466561317443848,10.209720611572266,-5.395964622497559,-2.5089166164398193,-6.459543704986572,-5.853564739227295,-3.264784812927246,-13.273492813110352,-11.664229393005371,original,
2_2_02_cbfae05c_r04c04,./data/preprocessed/dataset/normalized_32x32/2/2_2_02_cbfae05c_r04c04.npy,2,2,1,0.9999990068861528,-9.786770820617676,-5.193454742431641,12.278018951416016,-2.1954760551452637,-6.658403396606445,-9.518348693847656,-9.721914291381836,-2.3857452869415283,-5.783260822296143,-11.558097839355469,original,
3_3_01_3ef7df64_r01c01,./data/preprocessed/dataset/normalized_32x32/3/3_3_01_3ef7df64_r01c01.npy,3,3,1,0.9999678087639299,-6.568306922912598,-5.995875358581543,-4.621577262878418,9.87479305267334,-7.739630222320557,-1.0495262145996094,-9.024319648742676,-6.310855388641357,-1.466963529586792,-3.5473005771636963,original,
3_3_01_3ef7df64_r01c02,./data/preprocessed/dataset/normalized_32x32/3/3_3_01_3ef7df64_r01c02.npy,3,3,1,0.99998191158752,-6.455850124359131,-7.718628406524658,-4.5911149978637695,10.65827751159668,-6.860231399536133,-0.5038020610809326,-10.085929870605469,-6.3487868309021,-1.9576239585876465,-4.695579528808594,original,
3_3_01_3ef7df64_r01c03,./data/preprocessed/dataset/normalized_32x32/3/3_3_01_3ef7df64_r01c03.npy,3,3,1,0.9973545072172038,-4.496406555175781,-5.397879123687744,-5.210325241088867,5.755688667297363,-3.0302813053131104,-0.9932152032852173,-11.514917373657227,-1.6052780151367188,-7.263611793518066,-1.6256537437438965,original,
3_3_01_3ef7df64_r01c04,./data/preprocessed/dataset/normalized_32x32/3/3_3_01_3ef7df64_r01c04.npy,3,3,1,0.9999968702597641,-7.508245944976807,-9.09131908416748,-5.056685447692871,12.492030143737793,-8.750814437866211,-0.6419162750244141,-10.886795043945312,-8.100666999816895,-1.2131266593933105,-6.163720607757568,original,
3_3_01_3ef7df64_r02c01,./data/preprocessed/dataset/normalized_32x32/3/3_3_01_3ef7df64_r02c01.npy,3,3,1,0.9997868253319958,-9.922215461730957,-6.899852752685547,-7.993499279022217,11.029378890991211,-10.562146186828613,2.5573437213897705,-8.2432279586792,-8.544990539550781,-1.4156943559646606,-7.057950973510742,original,
3_3_01_3ef7df64_r02c02,./data/preprocessed/dataset/normalized_32x32/3/3_3_01_3ef7df64_r02c02.npy,3,3,1,0.9999999901314699,-13.023224830627441,-10.412668228149414,-5.6210761070251465,17.319591522216797,-12.924263954162598,-2.467611312866211,-15.296430587768555,-9.722136497497559,-1.4290250539779663,-9.292346000671387,original,
3_3_01_3ef7df64_r02c03,./data/preprocessed/dataset/normalized_32x32/3/3_3_01_3ef7df64_r02c03.npy,3,3,1,0.9999979031942844,-6.473550319671631,-7.2296648025512695,-5.870126724243164,11.80827808380127,-8.552427291870117,-2.1596078872680664,-11.291069984436035,-6.024735927581787,-1.904623031616211,-4.629099369049072,original,
3_3_01_3ef7df64_r02c04,./data/preprocessed/dataset/normalized_32x32/3/3_3_01_3ef7df64_r02c04.npy,3,3,1,0.9999836186532256,-4.8123626708984375,-5.722402095794678,-3.7552554607391357,9.529478073120117,-7.205818176269531,-2.1816153526306152,-10.729490280151367,-4.8733415603637695,-3.3174118995666504,-3.4085583686828613,original,
3_3_01_3ef7df64_r03c01,./data/preprocessed/dataset/normalized_32x32/3/3_3_01_3ef7df64_r03c01.npy,3,3,1,0.9999999642678852,-11.986297607421875,-9.2538480758667,-6.101043224334717,15.870277404785156,-12.527755737304688,-1.6787112951278687,-13.018292427062988,-8.861577987670898,-2.414116382598877,-7.989284515380859,original,
3_3_01_3ef7df64_r03c02,./data/preprocessed/dataset/normalized_32x32/3/3_3_01_3ef7df64_r03c02.npy,3,3,1,0.9999992121221316,-10.141199111938477,-7.8540754318237305,-5.7371134757995605,13.671627044677734,-10.728625297546387,-1.3893332481384277,-11.368986129760742,-8.779695510864258,-0.8486970663070679,-6.691633701324463,original,
3_3_01_3ef7df64_r03c03,./data/preprocessed/dataset/normalized_32x32/3/3_3_01_3ef7df64_r03c03.npy,3,3,1,0.9999245177511921,-10.041356086730957,-6.872875213623047,0.3446732759475708,9.873512268066406,-5.428664207458496,-5.028481960296631,-13.205153465270996,-3.6962642669677734,-4.1242499351501465,-7.360177040100098,original,
3_3_01_3ef7df64_r03c04,./data/preprocessed/dataset/normalized_32x32/3/3_3_01_3ef7df64_r03c04.npy,3,3,1,0.9492891098751656,-4.791975021362305,-3.043828248977661,-0.0017014741897583008,3.604149103164673,-1.7513864040374756,-2.645043134689331,-7.721372604370117,-0.7687836289405823,-4.033935546875,-1.6999472379684448,original,
3_3_01_3ef7df64_r04c01,./data/preprocessed/dataset/normalized_32x32/3/3_3_01_3ef7df64_r04c01.npy,3,3,1,0.864702153766619,-3.1467020511627197,-4.0843305587768555,-4.165491104125977,2.667478084564209,-1.3092050552368164,-1.8230270147323608,-6.649693012237549,0.523079514503479,-7.757478713989258,-2.850111961364746,original,
3_3_01_3ef7df64_r04c02,./data/preprocessed/dataset/normalized_32x32/3/3_3_01_3ef7df64_r04c02.npy,3,3,1,0.49717009770491566,-4.793894290924072,-0.666623055934906,-3.0471925735473633,2.0294878482818604,-0.28825509548187256,-3.745335817337036,-8.704689979553223,1.483471393585205,-2.9342613220214844,0.6380863189697266,original,
3_3_01_3ef7df64_r04c03,./data/preprocessed/dataset/normalized_32x32/3/3_3_01_3ef7df64_r04c03.npy,3,7,0,0.6777876592617071,-5.348823070526123,0.8831236362457275,-0.4710991382598877,-2.189805507659912,1.1598860025405884,-5.522485733032227,-9.009294509887695,3.4316961765289307,-5.072696685791016,2.1215319633483887,original,
3_3_01_3ef7df64_r04c04,./data/preprocessed/dataset/normalized_32x32/3/3_3_01_3ef7df64_r04c04.npy,3,1,0,0.8893393256765505,-6.28353214263916,4.978183746337891,-1.899784803390503,-3.938143491744995,1.7282989025115967,-5.073188781738281,-8.934062957763672,2.4093286991119385,-5.719010353088379,0.12254929542541504,original,
3_3_02_0ace0337_r01c01,./data/preprocessed/dataset/normalized_32x32/3/3_3_02_0ace0337_r01c01.npy,3,3,1,0.9999842675709488,-7.457639217376709,-6.8450446128845215,-5.694888114929199,10.8157958984375,-7.479138374328613,-0.35847753286361694,-11.15423583984375,-5.864680767059326,-2.964627981185913,-3.69826078414917,original,
3_3_02_0ace0337_r01c02,./data/preprocessed/dataset/normalized_32x32/3/3_3_02_0ace0337_r01c02.npy,3,3,1,0.7852128459951149,-2.7247602939605713,-3.544675588607788,-1.5723778009414673,2.7487480640411377,-1.0695477724075317,1.2276670932769775,-4.716376304626465,-3.246962070465088,-2.9000720977783203,-2.1869237422943115,original,
3_3_02_0ace0337_r01c03,./data/preprocessed/dataset/normalized_32x32/3/3_3_02_0ace0337_r01c03.npy,3,3,1,0.9998489549791248,-6.364907741546631,-5.120975494384766,-4.276876449584961,9.04420280456543,-7.259586334228516,-0.8163059949874878,-7.6102776527404785,-5.243101596832275,-0.22680360078811646,-4.4030585289001465,original,
3_3_02_0ace0337_r01c04,./data/preprocessed/dataset/normalized_32x32/3/3_3_02_0ace0337_r01c04.npy,3,3,1,0.9999909590393938,-10.1049222946167,-6.267860412597656,-6.030196189880371,11.857821464538574,-10.077072143554688,0.19529935717582703,-11.65329360961914,-6.725026607513428,-3.1258811950683594,-4.484118938446045,original,
3_3_02_0ace0337_r02c01,./data/preprocessed/dataset/normalized_32x32/3/3_3_02_0ace0337_r02c01.npy,3,3,1,0.9999438675046917,-7.372679233551025,-5.590365409851074,-4.108752727508545,9.766867637634277,-7.814281463623047,-0.3742193281650543,-8.705705642700195,-6.115079879760742,-1.3627649545669556,-4.423072814941406,original,
3_3_02_0ace0337_r02c02,./data/preprocessed/dataset/normalized_32x32/3/3_3_02_0ace0337_r02c02.npy,3,3,1,0.9997233644609028,-6.491081237792969,-4.589330196380615,-3.05064058303833,8.22072982788086,-6.49769401550293,-0.3730473220348358,-7.291293621063232,-5.129195213317871,-1.4024461507797241,-3.617260217666626,original,
3_3_02_0ace0337_r02c03,./data/preprocessed/dataset/normalized_32x32/3/3_3_02_0ace0337_r02c03.npy,3,3,1,0.9999952985138685,-7.446794033050537,-8.304370880126953,-4.618729591369629,11.996532440185547,-8.391719818115234,-0.7471557855606079,-10.96925163269043,-7.7844390869140625,-1.2987464666366577,-5.381168842315674,original,
3_3_02_0ace0337_r02c04,./data/preprocessed/dataset/normalized_32x32/3/3_3_02_0ace0337_r02c04.npy,3,3,1,0.9999998049275488,-11.190118789672852,-9.118703842163086,-3.5787277221679688,14.801132202148438,-10.713447570800781,-1.7509263753890991,-12.498684883117676,-8.228931427001953,-1.1375234127044678,-8.87553596496582,original,
3_3_02_0ace0337_r03c01,./data/preprocessed/dataset/normalized_32x32/3/3_3_02_0ace0337_r03c01.npy,3,3,1,0.9999993468640893,-9.692391395568848,-7.750410556793213,-3.6325125694274902,12.89837646484375,-9.14808464050293,-1.9178019762039185,-10.984403610229492,-5.4479265213012695,-2.498694658279419,-7.520346641540527,original,
3_3_02_0ace0337_r03c02,./data/preprocessed/dataset/normalized_32x32/3/3_3_02_0ace0337_r03c02.npy,3,3,1,0.9343797879473331,-1.7727314233779907,-3.7610936164855957,-3.142193555831909,3.2602145671844482,-2.94606876373291,-0.6381845474243164,-6.9894561767578125,-1.2344197034835815,-3.5680410861968994,-0.36734795570373535,original,
3_3_02_0ace0337_r03c03,./data/preprocessed/dataset/normalized_32x32/3/3_3_02_0ace0337_r03c03.npy,3,3,1,0.6117775465972739,-3.0260138511657715,-3.403035879135132,-3.5562937259674072,1.9950004816055298,-0.6124539971351624,-1.2602958679199219,-7.830440521240234,0.2998845875263214,-4.951247215270996,0.8639365434646606,original,
3_3_02_0ace0337_r03c04,./data/preprocessed/dataset/normalized_32x32/3/3_3_02_0ace0337_r03c04.npy,3,3,1,0.9182873966555051,-6.423470497131348,-1.2019723653793335,-1.0942308902740479,4.012246608734131,-2.2809388637542725,-3.1139066219329834,-9.366141319274902,1.3834128379821777,-5.649199485778809,-1.9485772848129272,original,
3_3_02_0ace0337_r04c01,./data/preprocessed/dataset/normalized_32x32/3/3_3_02_0ace0337_r04c01.npy,3,3,1,0.9994763446984842,-7.538071155548096,-6.349268436431885,-3.9259939193725586,7.961798667907715,-3.57304048538208,-1.6326771974563599,-8.829280853271484,0.2196148931980133,-5.826287269592285,-4.699172496795654,original,
3_3_02_0ace0337_r04c02,./data/preprocessed/dataset/normalized_32x32/3/3_3_02_0ace0337_r04c02.npy,3,3,1,0.9998289452845495,-6.560548305511475,-5.32747220993042,-1.7754353284835815,8.639839172363281,-6.249093055725098,-0.40233826637268066,-6.779531478881836,-4.083526611328125,-2.2837822437286377,-7.1460347175598145,original,
3_3_02_0ace0337_r04c03,./data/preprocessed/dataset/normalized_32x32/3/3_3_02_0ace0337_r04c03.npy,3,3,1,0.9955752701156354,-6.464008331298828,-3.6690762042999268,1.1159083843231201,6.671701431274414,-5.174071311950684,-1.0564910173416138,-7.948101997375488,-3.1327788829803467,-3.518338203430176,-5.633340835571289,original,
3_3_02_0ace0337_r04c04,./data/preprocessed/dataset/normalized_32x32/3/3_3_02_0ace0337_r04c04.npy,3,1,0,0.793154924326708,-3.740774631500244,3.409907341003418,-1.0235962867736816,-2.7241454124450684,1.2752890586853027,-3.009636402130127,-4.95808219909668,1.133758783340454,-3.8023176193237305,-0.3890070915222168,original,
4_4_01_ecfe458e_r01c01,./data/preprocessed/dataset/normalized_32x32/4/4_4_01_ecfe458e_r01c01.npy,4,4,1,0.999753234280267,-6.634666919708252,-2.010512113571167,-2.273463010787964,-4.9398298263549805,7.833139419555664,-3.2155935764312744,-5.317157745361328,-4.502795219421387,-2.5566823482513428,-1.4118967056274414,original,
4_4_01_ecfe458e_r01c02,./data/preprocessed/dataset/normalized_32x32/4/4_4_01_ecfe458e_r01c02.npy,4,4,1,0.9999981240629476,-8.93327808380127,-1.7133585214614868,-3.9967784881591797,-9.984367370605469,14.153950691223145,-6.62249755859375,-6.042944431304932,-2.3625004291534424,-10.169600486755371,0.8479050993919373,original,
4_4_01_ecfe458e_r01c03,./data/preprocessed/dataset/normalized_32x32/4/4_4_01_ecfe458e_r01c03.npy,4,4,1,0.999972692527578,-9.62872314453125,-2.4319496154785156,-7.316469192504883,-11.080495834350586,12.846960067749023,-7.598363399505615,-5.407673358917236,-0.40780943632125854,-7.925229072570801,2.2625999450683594,original,
4_4_01_ecfe458e_r01c04,./data/preprocessed/dataset/normalized_32x32/4/4_4_01_ecfe458e_r01c04.npy,4,4,1,0.9999987101715561,-7.413907051086426,-4.7149152755737305,-8.640291213989258,-10.01097583770752,14.077289581298828,-6.414581775665283,-1.6977648735046387,-1.9531245231628418,-8.593133926391602,0.29212284088134766,original,
4_4_01_ecfe458e_r02c01,./data/preprocessed/dataset/normalized_32x32/4/4_4_01_ecfe458e_r02c01.npy,4,4,1,0.9999999950640339,-9.099752426147461,-5.361264228820801,-6.519307613372803,-11.302854537963867,17.235090255737305,-4.307929992675781,-6.232396602630615,-4.816886901855469,-9.523670196533203,-2.1124496459960938,original,
4_4_01_ecfe458e_r02c02,./data/preprocessed/dataset/normalized_32x32/4/4_4_01_ecfe458e_r02c02.npy,4,4,1,0.9999999695702881,-7.398353576660156,-4.707772254943848,-5.071834087371826,-10.771333694458008,14.688365936279297,-3.564406394958496,-6.422963619232178,-5.019918441772461,-4.488480567932129,-4.696048736572266,original,
4_4_01_ecfe458e_r02c03,./data/preprocessed/dataset/normalized_32x32/4/4_4_01_ecfe458e_r02c03.npy,4,4,1,0.9999999993854276,-10.090930938720703,-7.423092842102051,-8.977726936340332,-15.235722541809082,18.87114715576172,-4.538510799407959,-6.825651168823242,-4.921814918518066,-5.8654890060424805,-2.606837511062622,original,
4_4_01_ecfe458e_r02c04,./data/preprocessed/dataset/normalized_32x32/4/4_4_01_ecfe458e_r02c04.npy,4,4,1,0.9999999713268813,-11.285183906555176,-6.421972751617432,-8.09157943725586,-14.35483169555664,17.057052612304688,-6.706486225128174,-9.207103729248047,-4.614566802978516,-4.327853202819824,-0.3468787670135498,original,
4_4_01_ecfe458e_r03c01,./data/preprocessed/dataset/normalized_32x32/4/4_4_01_ecfe458e_r03c01.npy,4,4,1,0.999993706127917,-7.488063812255859,-0.3309175372123718,-2.860543966293335,-8.871349334716797,11.792457580566406,-3.4670932292938232,-7.231048583984375,-5.069936752319336,-4.374921798706055,-5.226692199707031,original,
4_4_01_ecfe458e_r03c02,./data/preprocessed/dataset/normalized_32x32/4/4_4_01_ecfe458e_r03c02.npy,4,4,1,0.9999999071883547,-10.049894332885742,-2.6390233039855957,-3.5795645713806152,-10.798952102661133,14.35076904296875,-4.00722074508667,-8.175363540649414,-3.4844367504119873,-6.302900314331055,-4.8082380294799805,original,
4_4_01_ecfe458e_r03c03,./data/preprocessed/dataset/normalized_32x32/4/4_4_01_ecfe458e_r03c03.npy,4,4,1,0.9999999978343708,-11.604689598083496,-3.1860508918762207,-4.179903030395508,-12.823532104492188,17.499347686767578,-5.7953386306762695,-10.335037231445312,-6.4647932052612305,-6.857795238494873,-3.7355446815490723,original,
4_4_01_ecfe458e_r03c04,./data/preprocessed/dataset/normalized_32x32/4/4_4_01_ecfe458e_r03c04.npy,4,4,1,0.9999994800722708,-10.384594917297363,-1.8504140377044678,-4.880419731140137,-10.457212448120117,13.877107620239258,-6.0137176513671875,-8.164830207824707,-1.3216432332992554,-8.335188865661621,-2.133101224899292,original,
4_4_01_ecfe458e_r04c01,./data/preprocessed/dataset/normalized_32x32/4/4_4_01_ecfe458e_r04c01.npy,4,4,1,0.9716792617872858,-7.326240539550781,-0.947255551815033,-4.980282306671143,-5.814123630523682,7.731732368469238,-5.7252984046936035,-8.253228187561035,-0.9502521753311157,-7.009831428527832,4.1843485832214355,original,
4_4_01_ecfe458e_r04c02,./data/preprocessed/dataset/normalized_32x32/4/4_4_01_ecfe458e_r04c02.npy,4,4,1,0.9999999418148482,-10.38024616241455,-2.5383520126342773,-3.9269351959228516,-12.360357284545898,15.193431854248047,-7.514345645904541,-8.768468856811523,-2.6695117950439453,-6.676753997802734,-2.7998766899108887,original,
4_4_01_ecfe458e_r04c03,./data/preprocessed/dataset/normalized_32x32/4/4_4_01_ecfe458e_r04c03.npy,4,4,1,0.9996363358796795,-8.338924407958984,0.4317447543144226,-5.792794704437256,-9.020995140075684,9.256437301635742,-5.583840370178223,-10.154403686523438,-0.8667700886726379,-5.87892484664917,0.6094043254852295,original,
4_4_01_ecfe458e_r04c04,./data/preprocessed/dataset/normalized_32x32/4/4_4_01_ecfe458e_r04c04.npy,4,4,1,0.9999999927250718,-11.36419677734375,-3.497307300567627,-3.9595460891723633,-12.519113540649414,16.85053062438965,-7.317863941192627,-8.884557723999023,-2.4372072219848633,-8.083916664123535,-4.308950424194336,original,
4_4_02_b6e2cbed_r01c01,./data/preprocessed/dataset/normalized_32x32/4/4_4_02_b6e2cbed_r01c01.npy,4,4,1,0.9999985176061884,-10.24416446685791,-1.6498744487762451,-0.2758293151855469,-10.29388427734375,13.650240898132324,-6.366873741149902,-9.503914833068848,-2.614413261413574,-9.351511001586914,-1.4679391384124756,original,
4_4_02_b6e2cbed_r01c02,./data/preprocessed/dataset/normalized_32x32/4/4_4_02_b6e2cbed_r01c02.npy,4,4,1,0.9999072183021016,-3.362964630126953,-6.423748970031738,-5.529523849487305,-6.248612403869629,9.321701049804688,-1.3639360666275024,-6.388443946838379,-6.779672622680664,-1.194474220275879,-0.8353584408760071,original,
4_4_02_b6e2cbed_r01c03,./data/preprocessed/dataset/normalized_32x32/4/4_4_02_b6e2cbed_r01c03.npy,4,4,1,0.9999999928096992,-9.416421890258789,-6.223991394042969,-7.348520755767822,-13.246740341186523,16.813068389892578,-2.2044527530670166,-7.31196403503418,-5.437005043029785,-5.12974739074707,-3.906446695327759,original,
4_4_02_b6e2cbed_r01c04,./data/preprocessed/dataset/normalized_32x32/4/4_4_02_b6e2cbed_r01c04.npy,4,4,1,0.9999998808573454,-7.69633674621582,-4.970172882080078,-5.511284828186035,-9.649276733398438,14.62370777130127,-4.654881954193115,-4.618107795715332,-1.6561670303344727,-9.181121826171875,-3.0905065536499023,original,
4_4_02_b6e2cbed_r02c01,./data/preprocessed/dataset/normalized_32x32/4/4_4_02_b6e2cbed_r02c01.npy,4,4,1,0.9999995234145143,-8.036323547363281,-3.10183048248291,-3.279418468475342,-10.221382141113281,12.960375785827637,-2.5362918376922607,-6.804001808166504,-5.043178558349609,-3.661494731903076,-4.924860954284668,original,
4_4_02_b6e2cbed_r02c02,./data/preprocessed/dataset/normalized_32x32/4/4_4_02_b6e2cbed_r02c02.npy,4,4,1,0.9995525950571932,-8.8865966796875,-1.8740113973617554,-2.232159376144409,-4.80560302734375,8.265716552734375,-4.391670227050781,-6.34175968170166,0.35015666484832764,-4.580837726593018,-3.5898666381835938,original,
4_4_02_b6e2cbed_r02c03,./data/preprocessed/dataset/normalized_32x32/4/4_4_02_b6e2cbed_r02c03.npy,4,4,1,0.9999999851174162,-9.611639976501465,-3.411308526992798,-4.21074104309082,-13.138017654418945,15.436445236206055,-4.413480281829834,-6.698028564453125,-5.207760810852051,-4.865406036376953,-7.079512596130371,original,
4_4_02_b6e2cbed_r02c04,./data/preprocessed/dataset/normalized_32x32/4/4_4_02_b6e2cbed_r02c04.npy,4,4,1,0.999999951480525,-7.7759809494018555,-6.6759772300720215,-7.342599868774414,-10.661300659179688,14.974885940551758,-3.3794174194335938,-8.913259506225586,-6.2245306968688965,-2.734217882156372,-2.9720354080200195,original,
4_4_02_b6e2cbed_r03c01,./data/preprocessed/dataset/normalized_32x32/4/4_4_02_b6e2cbed_r03c01.npy,4,4,1,0.9999997284921229,-7.862518310546875,-1.5109177827835083,-4.194924354553223,-13.881184577941895,15.17044734954834,-3.804046154022217,-8.249658584594727,-10.700815200805664,-0.23215222358703613,-6.958934783935547,original,
4_4_02_b6e2cbed_r03c02,./data/preprocessed/dataset/normalized_32x32/4/4_4_02_b6e2cbed_r03c02.npy,4,4,1,0.9999636497292524,-7.605508804321289,-2.2565994262695312,-3.4742751121520996,-7.70847225189209,10.36773681640625,-5.6884765625,-8.349197387695312,-2.298523426055908,-4.353687763214111,-0.10197532176971436,original,
4_4_02_b6e2cbed_r03c03,./data/preprocessed/dataset/normalized_32x32/4/4_4_02_b6e2cbed_r03c03.npy,4,4,1,0.9993792089833313,-7.18959379196167,-3.379511833190918,-5.765186309814453,-10.42503547668457,8.406651496887207,-5.185171127319336,-6.75222110748291,-3.367811441421509,-0.16037988662719727,0.6150851249694824,original,
4_4_02_b6e2cbed_r03c04,./data/preprocessed/dataset/normalized_32x32/4/4_4_02_b6e2cbed_r03c04.npy,4,4,1,0.9999999998718045,-13.293149948120117,-3.834956407546997,-5.409928321838379,-12.910490036010742,19.491119384765625,-6.665036201477051,-12.520136833190918,-6.328863620758057,-7.746236324310303,-4.8514485359191895,original,
4_4_02_b6e2cbed_r04c01,./data/preprocessed/dataset/normalized_32x32/4/4_4_02_b6e2cbed_r04c01.npy,4,4,1,0.9999999632487344,-8.800519943237305,-2.7837116718292236,-2.717522144317627,-11.682086944580078,15.22518253326416,-5.152857780456543,-6.81403112411499,-6.7013044357299805,-4.909482955932617,-4.963345050811768,original,
4_4_02_b6e2cbed_r04c02,./data/preprocessed/dataset/normalized_32x32/4/4_4_02_b6e2cbed_r04c02.npy,4,4,1,0.9999999999800804,-13.276935577392578,-3.7017931938171387,-5.536477088928223,-15.95519733428955,21.335206985473633,-5.6449103355407715,-10.695691108703613,-7.968085289001465,-9.053943634033203,-5.499518394470215,original,
4_4_02_b6e2cbed_r04c03,./data/preprocessed/dataset/normalized_32x32/4/4_4_02_b6e2cbed_r04c03.npy,4,4,1,0.9944250593956208,-4.8280510902404785,-1.3441720008850098,-4.104564666748047,-6.057872772216797,6.993827819824219,-3.4295272827148438,-5.818506240844727,-1.041661262512207,-4.882393836975098,1.6913301944732666,original,
4_4_02_b6e2cbed_r04c04,./data/preprocessed/dataset/normalized_32x32/4/4_4_02_b6e2cbed_r04c04.npy,4,4,1,0.9997837777025843,-8.823978424072266,-1.1204867362976074,-3.573704242706299,-6.202404975891113,9.746807098388672,-5.930747985839844,-9.031134605407715,-0.16169503331184387,-7.6787896156311035,0.9114062786102295,original,
5_5_01_bb19e6ee_r01c01,./data/preprocessed/dataset/normalized_32x32/5/5_5_01_bb19e6ee_r01c01.npy,5,5,1,0.9998494796331214,-3.747983932495117,-6.227112293243408,-7.787841320037842,-0.9439117908477783,-4.060405731201172,8.144885063171387,-4.644606590270996,-5.68572473526001,-4.590644359588623,-2.760282039642334,original,
5_5_01_bb19e6ee_r01c02,./data/preprocessed/dataset/normalized_32x32/5/5_5_01_bb19e6ee_r01c02.npy,5,5,1,0.9999201193035896,-7.8834228515625,-8.085485458374023,-9.029437065124512,-0.1383056789636612,-2.4469399452209473,9.612435340881348,-7.55172872543335,-11.586867332458496,-3.2633228302001953,-1.623112440109253,original,
5_5_01_bb19e6ee_r01c03,./data/preprocessed/dataset/normalized_32x32/5/5_5_01_bb19e6ee_r01c03.npy,5,5,1,0.999888132450338,-6.3474860191345215,-8.3381929397583,-9.729089736938477,-1.8550317287445068,-4.57720947265625,9.51997184753418,-6.944912433624268,-8.37332820892334,-5.4225640296936035,0.30043578147888184,original,
5_5_01_bb19e6ee_r01c04,./data/preprocessed/dataset/normalized_32x32/5/5_5_01_bb19e6ee_r01c04.npy,5,5,1,0.9999854216593231,-9.88374137878418,-12.0580415725708,-20.10468864440918,-4.751705169677734,-7.048402786254883,15.382362365722656,-10.335282325744629,-11.924845695495605,-7.753471851348877,4.246259689331055,original,
5_5_01_bb19e6ee_r02c01,./data/preprocessed/dataset/normalized_32x32/5/5_5_01_bb19e6ee_r02c01.npy,5,5,1,0.999591801629007,-7.156511306762695,-5.071056365966797,-7.691432952880859,-0.4975595474243164,-0.5817749500274658,8.030728340148926,-6.140776634216309,-10.99095630645752,-2.937628746032715,-3.660712242126465,original,
5_5_01_bb19e6ee_r02c02,./data/preprocessed/dataset/normalized_32x32/5/5_5_01_bb19e6ee_r02c02.npy,5,5,1,0.9991624635840358,-9.530332565307617,-12.140809059143066,-13.805368423461914,-0.4649507999420166,-6.071418762207031,11.563375473022461,-12.705116271972656,-11.256983757019043,-5.7732157707214355,4.471953868865967,original,
5_5_01_bb19e6ee_r02c03,./data/preprocessed/dataset/normalized_32x32/5/5_5_01_bb19e6ee_r02c03.npy,5,5,1,0.9999952376184685,-9.195631980895996,-1.1089619398117065,-18.11867904663086,-3.8145813941955566,-10.20055866241455,11.313895225524902,-4.5595703125,-6.635969638824463,-3.883162021636963,-5.1430816650390625,original,
5_5_01_bb19e6ee_r02c04,./data/preprocessed/dataset/normalized_32x32/5/5_5_01_bb19e6ee_r02c04.npy,5,5,1,0.9999999985616279,-9.208074569702148,-7.873162269592285,-24.557022094726562,-5.360032081604004,-17.016155242919922,17.658550262451172,-7.597695827484131,-12.312458038330078,-9.41933822631836,-2.7910690307617188,original,
5_5_01_bb19e6ee_r03c01,./data/preprocessed/dataset/normalized_32x32/5/5_5_01_bb19e6ee_r03c01.npy,5,5,1,0.9999997167855144,-8.282047271728516,-11.57524299621582,-19.530168533325195,-3.937314748764038,-10.450750350952148,15.171022415161133,-8.52931022644043,-10.10137939453125,-8.196184158325195,0.07530331611633301,original,
5_5_01_bb19e6ee_r03c02,./data/preprocessed/dataset/normalized_32x32/5/5_5_01_bb19e6ee_r03c02.npy,5,5,1,0.9999982919843234,-7.724578857421875,-10.902146339416504,-21.76543426513672,-2.133392333984375,-7.660042762756348,13.167356491088867,-6.327556133270264,-6.039361953735352,-4.132439136505127,-0.2827186584472656,original,
5_5_01_bb19e6ee_r03c03,./data/preprocessed/dataset/normalized_32x32/5/5_5_01_bb19e6ee_r03c03.npy,5,5,1,0.9999999999925913,-9.184981346130371,-12.618949890136719,-32.66071701049805,-9.033746719360352,-15.048927307128906,22.945392608642578,-10.180296897888184,-7.562373161315918,-10.439193725585938,-2.6949000358581543,original,
5_5_01_bb19e6ee_r03c04,./data/preprocessed/dataset/normalized_32x32/5/5_5_01_bb19e6ee_r03c04.npy,5,5,1,0.9999999873160607,-7.965736389160156,-14.700138092041016,-24.484766006469727,-3.4218266010284424,-10.660165786743164,18.66545295715332,-9.544764518737793,-11.579639434814453,-7.001447677612305,0.4613051414489746,original,
5_5_01_bb19e6ee_r04c01,./data/preprocessed/dataset/normalized_32x32/5/5_5_01_bb19e6ee_r04c01.npy,5,5,1,0.9999721163015822,-3.1328377723693848,-7.935925483703613,-14.658994674682617,-3.708094358444214,-4.729225158691406,9.943818092346191,-4.6377034187316895,-5.266023635864258,-6.712854862213135,-0.7189319133758545,original,
5_5_01_bb19e6ee_r04c02,./data/preprocessed/dataset/normalized_32x32/5/5_5_01_bb19e6ee_r04c02.npy,5,5,1,0.9999999999830023,-6.964432716369629,-13.239299774169922,-30.402782440185547,-8.118969917297363,-11.49468994140625,21.889585494995117,-9.1196928024292,-7.886064052581787,-11.106964111328125,-2.9410431385040283,original,
5_5_01_bb19e6ee_r04c03,./data/preprocessed/dataset/normalized_32x32/5/5_5_01_bb19e6ee_r04c03.npy,5,5,1,0.9999999999970322,-9.202131271362305,-13.829248428344727,-34.22743606567383,-9.161988258361816,-13.61107063293457,23.633399963378906,-9.981680870056152,-6.826940059661865,-11.729007720947266,-2.9347517490386963,original,
5_5_01_bb19e6ee_r04c04,./data/preprocessed/dataset/normalized_32x32/5/5_5_01_bb19e6ee_r04c04.npy,5,5,1,0.9999999983892198,-7.619340419769287,-12.031463623046875,-19.080928802490234,-5.912077903747559,-6.031435966491699,16.161985397338867,-8.851310729980469,-6.982782363891602,-4.593963623046875,-10.090267181396484,original,
5_5_02_f20420ee_r01c01,./data/preprocessed/dataset/normalized_32x32/5/5_5_02_f20420ee_r01c01.npy,5,5,1,0.9922952945312306,-3.667609214782715,-5.733805179595947,-4.059385776519775,0.28316521644592285,-2.0498359203338623,5.358516693115234,-5.488839626312256,-5.806805610656738,-2.8489439487457275,-2.4997754096984863,original,
5_5_02_f20420ee_r01c02,./data/preprocessed/dataset/normalized_32x32/5/5_5_02_f20420ee_r01c02.npy,5,5,1,0.9998361331808149,-5.645120620727539,-7.000062942504883,-8.742469787597656,0.21938851475715637,-3.5578818321228027,9.078239440917969,-5.447643280029297,-9.42463493347168,-3.4111855030059814,-2.117658853530884,original,
5_5_02_f20420ee_r01c03,./data/preprocessed/dataset/normalized_32x32/5/5_5_02_f20420ee_r01c03.npy,5,5,1,0.9999787951686282,-7.137333393096924,-0.8991603851318359,-20.622344970703125,-5.94613790512085,-11.328890800476074,10.66888427734375,-4.847248554229736,-3.7150139808654785,-5.366774082183838,-0.7666773796081543,original,
5_5_02_f20420ee_r01c04,./data/preprocessed/dataset/normalized_32x32/5/5_5_02_f20420ee_r01c04.npy,5,5,1,0.9999518058630065,-3.3092970848083496,-6.741215705871582,-10.58714485168457,-1.2486978769302368,-3.443321466445923,9.201674461364746,-2.470656394958496,-7.875280380249023,-3.6863291263580322,-4.487565040588379,original,
5_5_02_f20420ee_r02c01,./data/preprocessed/dataset/normalized_32x32/5/5_5_02_f20420ee_r02c01.npy,5,5,1,0.999999778739061,-4.668447017669678,-11.04713249206543,-17.95974349975586,-3.904630184173584,-9.1774263381958,14.166743278503418,-6.371954917907715,-8.002531051635742,-8.659858703613281,-1.2640759944915771,original,
5_5_02_f20420ee_r02c02,./data/preprocessed/dataset/normalized_32x32/5/5_5_02_f20420ee_r02c02.npy,5,5,1,0.9999999879090583,-8.294299125671387,-7.940141677856445,-20.479106903076172,-3.9007601737976074,-6.790388107299805,15.148648262023926,-4.983721733093262,-10.732781410217285,-4.19759464263916,-6.214181423187256,original,
5_5_02_f20420ee_r02c03,./data/preprocessed/dataset/normalized_32x32/5/5_5_02_f20420ee_r02c03.npy,5,5,1,0.9990902967815517,-10.688004493713379,-0.9407675266265869,-14.213386535644531,0.2004026174545288,-14.483536720275879,7.500754356384277,-7.961104869842529,-5.7647199630737305,-3.476407051086426,-7.044848442077637,original,
5_5_02_f20420ee_r02c04,./data/preprocessed/dataset/normalized_32x32/5/5_5_02_f20420ee_r02c04.npy,5,5,1,0.9998587779271016,-11.774771690368652,-0.28870677947998047,-22.373104095458984,-3.547325372695923,-15.955936431884766,8.846330642700195,-8.518632888793945,-3.227780342102051,-3.1820249557495117,-2.1030712127685547,original,
5_5_02_f20420ee_r03c01,./data/preprocessed/dataset/normalized_32x32/5/5_5_02_f20420ee_r03c01.npy,5,5,1,0.9999998053133198,-9.742546081542969,-12.385605812072754,-25.313095092773438,-6.495321750640869,-13.05613899230957,17.854658126831055,-9.962057113647461,-11.779545783996582,-8.659975051879883,2.402620792388916,original,
5_5_02_f20420ee_r03c02,./data/preprocessed/dataset/normalized_32x32/5/5_5_02_f20420ee_r03c02.npy,5,5,1,0.9999999999996174,-9.091243743896484,-15.434687614440918,-27.48116683959961,-4.849977970123291,-17.724632263183594,24.0263729095459,-10.077234268188477,-13.913806915283203,-13.46471118927002,-6.023648262023926,original,
5_5_02_f20420ee_r03c03,./data/preprocessed/dataset/normalized_32x32/5/5_5_02_f20420ee_r03c03.npy,5,5,1,0.9999999995751527,-5.860669136047363,-14.151629447937012,-27.671009063720703,-6.20838737487793,-13.714041709899902,20.33016014099121,-8.594213485717773,-11.5220365524292,-10.393539428710938,-1.2670385837554932,original,
5_5_02_f20420ee_r03c04,./data/preprocessed/dataset/normalized_32x32/5/5_5_02_f20420ee_r03c04.npy,5,5,1,0.9999998576345411,-7.151381969451904,-10.678055763244629,-21.15325927734375,-5.04217529296875,-10.879356384277344,15.741806030273438,-6.373327732086182,-9.882037162780762,-9.641149520874023,-0.03242635726928711,original,
5_5_02_f20420ee_r04c01,./data/preprocessed/dataset/normalized_32x32/5/5_5_02_f20420ee_r04c01.npy,5,5,1,0.9999999995869064,-9.075108528137207,-13.934131622314453,-24.192285537719727,-4.295334815979004,-14.656841278076172,19.851383209228516,-8.665914535522461,-12.923431396484375,-12.486757278442383,-1.8400206565856934,original,
5_5_02_f20420ee_r04c02,./data/preprocessed/dataset/normalized_32x32/5/5_5_02_f20420ee_r04c02.npy,5,5,1,0.9999999987138584,-8.294053077697754,-12.731188774108887,-22.442291259765625,-2.8011512756347656,-11.098175048828125,18.17391586303711,-8.627690315246582,-11.096657752990723,-7.173786163330078,-3.256563901901245,original,
5_5_02_f20420ee_r04c03,./data/preprocessed/dataset/normalized_32x32/5/5_5_02_f20420ee_r04c03.npy,5,5,1,0.9999999939999635,-8.74056625366211,-11.439255714416504,-18.996299743652344,-2.8002429008483887,-11.47606372833252,16.91966438293457,-9.47497844696045,-10.494583129882812,-9.260622024536133,-2.6232452392578125,original,
5_5_02_f20420ee_r04c04,./data/preprocessed/dataset/normalized_32x32/5/5_5_02_f20420ee_r04c04.npy,5,5,1,0.9999999536914786,-9.630719184875488,-12.253873825073242,-25.8843936920166,-6.212947845458984,-8.643746376037598,17.515804290771484,-9.156906127929688,-7.558206558227539,-7.547750949859619,0.6260457038879395,original,
6_6_01_52f5f834_r01c01,./data/preprocessed/dataset/normalized_32x32/6/6_6_01_52f5f834_r01c01.npy,6,6,1,0.9914415245158377,-0.5342756509780884,-3.660439968109131,-3.1428871154785156,-4.168038845062256,-1.1015781164169312,1.1883457899093628,6.208497524261475,-6.9723429679870605,-5.504857063293457,-7.752963066101074,original,
6_6_01_52f5f834_r01c02,./data/preprocessed/dataset/normalized_32x32/6/6_6_01_52f5f834_r01c02.npy,6,5,0,0.5582008969959537,-1.4515690803527832,-2.610170602798462,-6.2307844161987305,-3.034514904022217,-2.8975448608398438,2.4701907634735107,1.8415749073028564,-4.540925979614258,0.8591357469558716,-1.3178898096084595,original,
6_6_01_52f5f834_r01c03,./data/preprocessed/dataset/normalized_32x32/6/6_6_01_52f5f834_r01c03.npy,6,6,1,0.9598756554611881,-0.3092437982559204,-8.855563163757324,-13.47415542602539,-8.252950668334961,-5.542551040649414,6.690579414367676,9.866326332092285,-13.800009727478027,-4.927128314971924,-7.984071731567383,original,
6_6_01_52f5f834_r01c04,./data/preprocessed/dataset/normalized_32x32/6/6_6_01_52f5f834_r01c04.npy,6,6,1,0.9998437865626422,-2.109332323074341,-8.209753036499023,-4.425188064575195,-3.030818462371826,-3.7046329975128174,1.8444793224334717,10.649380683898926,-14.760330200195312,-2.8692314624786377,-13.24001693725586,original,
6_6_01_52f5f834_r02c01,./data/preprocessed/dataset/normalized_32x32/6/6_6_01_52f5f834_r02c01.npy,6,6,1,0.9916505954199907,-1.21314537525177,-5.596728324890137,-2.9880590438842773,-3.5688703060150146,-1.8992713689804077,1.8419759273529053,6.700011730194092,-7.567404270172119,-6.48623514175415,-10.071420669555664,original,
6_6_01_52f5f834_r02c02,./data/preprocessed/dataset/normalized_32x32/6/6_6_01_52f5f834_r02c02.npy,6,6,1,0.9905735150976845,-1.6097675561904907,-6.426506519317627,-3.7984797954559326,-4.1858062744140625,-1.094838261604309,2.915440797805786,7.600832939147949,-8.978071212768555,-8.476752281188965,-11.197500228881836,original,
6_6_01_52f5f834_r02c03,./data/preprocessed/dataset/normalized_32x32/6/6_6_01_52f5f834_r02c03.npy,6,6,1,0.9997332784821079,2.0244860649108887,-8.123642921447754,-8.085199356079102,-6.780031681060791,-3.015207290649414,1.8799805641174316,10.880680084228516,-11.783096313476562,-7.0203447341918945,-11.000686645507812,original,
6_6_01_52f5f834_r02c04,./data/preprocessed/dataset/normalized_32x32/6/6_6_01_52f5f834_r02c04.npy,6,6,1,0.9789773974953773,-0.27427470684051514,-7.070680618286133,-8.895522117614746,-5.987338542938232,-3.6300504207611084,4.880826950073242,8.72776985168457,-11.587579727172852,-4.994927406311035,-8.486348152160645,original,
6_6_01_52f5f834_r03c01,./data/preprocessed/dataset/normalized_32x32/6/6_6_01_52f5f834_r03c01.npy,6,6,1,0.9997586692991125,2.3112759590148926,-7.494862079620361,-15.788871765136719,-9.33629035949707,-8.862565994262695,3.475057363510132,12.075961112976074,-10.913762092590332,-11.85952091217041,-16.545516967773438,original,
6_6_01_52f5f834_r03c02,./data/preprocessed/dataset/normalized_32x32/6/6_6_01_52f5f834_r03c02.npy,6,6,1,0.9970755757022459,4.207762241363525,-9.674681663513184,-10.039764404296875,-6.242642879486084,-8.624784469604492,1.120067834854126,10.084141731262207,-10.775903701782227,-6.539715766906738,-10.496448516845703,original,
6_6_01_52f5f834_r03c03,./data/preprocessed/dataset/normalized_32x32/6/6_6_01_52f5f834_r03c03.npy,6,6,1,0.9985241125340152,0.7268235683441162,-5.910571098327637,-9.816117286682129,-6.002904891967773,-4.59022331237793,3.21560001373291,9.813008308410645,-10.904086112976074,-6.230391979217529,-11.704360008239746,original,
6_6_01_52f5f834_r03c04,./data/preprocessed/dataset/normalized_32x32/6/6_6_01_52f5f834_r03c04.npy,6,6,1,0.9561762546448321,0.15452802181243896,-8.965916633605957,-13.665746688842773,-4.724095344543457,-8.81749439239502,6.18654727935791,9.271761894226074,-10.955036163330078,-4.175215721130371,-11.342842102050781,original,
6_6_01_52f5f834_r04c01,./data/preprocessed/dataset/normalized_32x32/6/6_6_01_52f5f834_r04c01.npy,6,6,1,0.9999904436226159,2.5214216709136963,-7.864709854125977,-13.257325172424316,-9.738072395324707,-6.472468852996826,0.563622236251831,14.211907386779785,-12.606078147888184,-13.08724308013916,-18.475473403930664,original,
6_6_01_52f5f834_r04c02,./data/preprocessed/dataset/normalized_32x32/6/6_6_01_52f5f834_r04c02.npy,6,6,1,0.9999706381601025,1.8472522497177124,-6.36815071105957,-15.167997360229492,-10.81273365020752,-6.960482597351074,2.594817638397217,13.4183931350708,-12.875213623046875,-10.580016136169434,-14.566631317138672,original,
6_6_01_52f5f834_r04c03,./data/preprocessed/dataset/normalized_32x32/6/6_6_01_52f5f834_r04c03.npy,6,6,1,0.9783647934956878,-0.44332635402679443,-8.528643608093262,-12.893682479858398,-5.520594596862793,-10.143495559692383,4.7325439453125,8.549954414367676,-12.707133293151855,-3.9275050163269043,-7.498592376708984,original,
6_6_01_52f5f834_r04c04,./data/preprocessed/dataset/normalized_32x32/6/6_6_01_52f5f834_r04c04.npy,6,6,1,0.979834612176371,3.812972068786621,-8.072315216064453,-16.796356201171875,-6.018898963928223,-11.173114776611328,3.0248606204986572,8.07126522064209,-7.110286712646484,-6.842565536499023,-8.020812034606934,original,
6_6_02_ad596076_r01c01,./data/preprocessed/dataset/normalized_32x32/6/6_6_02_ad596076_r01c01.npy,6,6,1,0.9985866096356699,-1.1243202686309814,-5.449361801147461,-3.1074178218841553,-3.778569459915161,-2.153374671936035,0.9670478105545044,7.706763744354248,-7.935609340667725,-5.656261920928955,-10.371549606323242,original,
6_6_02_ad596076_r01c02,./data/preprocessed/dataset/normalized_32x32/6/6_6_02_ad596076_r01c02.npy,6,6,1,0.9844976591791925,-3.576024293899536,-0.08472084999084473,-2.4867000579833984,-6.61939811706543,1.5301086902618408,0.4119689464569092,6.120196342468262,-5.970532417297363,-6.471134185791016,-9.579867362976074,original,
6_6_02_ad596076_r01c03,./data/preprocessed/dataset/normalized_32x32/6/6_6_02_ad596076_r01c03.npy,6,6,1,0.999958832836263,0.17611944675445557,-12.481592178344727,-9.316489219665527,-5.297245025634766,-6.159824371337891,3.252934694290161,13.396163940429688,-16.84404182434082,-6.4271674156188965,-15.855417251586914,original,
6_6_02_ad596076_r01c04,./data/preprocessed/dataset/normalized_32x32/6/6_6_02_ad596076_r01c04.npy,6,6,1,0.9997541780150929,-0.3883703052997589,-9.384808540344238,-5.62954568862915,-4.279051780700684,-3.7584218978881836,2.2085161209106445,10.595484733581543,-12.147407531738281,-5.888140678405762,-12.395492553710938,original,
6_6_02_ad596076_r02c01,./data/preprocessed/dataset/normalized_32x32/6/6_6_02_ad596076_r02c01.npy,6,6,1,0.9827648563856639,-0.19313406944274902,-6.901147842407227,-9.595887184143066,-6.115272521972656,-4.982161045074463,4.900925159454346,8.950538635253906,-10.354982376098633,-7.420495986938477,-10.988780975341797,original,
6_6_02_ad596076_r02c02,./data/preprocessed/dataset/normalized_32x32/6/6_6_02_ad596076_r02c02.npy,6,6,1,0.9999247102820166,1.525793433189392,-8.424943923950195,-9.645223617553711,-7.756752014160156,-5.181758880615234,1.3646197319030762,11.63930606842041,-12.622222900390625,-3.708773136138916,-11.939404487609863,original,
6_6_02_ad596076_r02c03,./data/preprocessed/dataset/normalized_32x32/6/6_6_02_ad596076_r02c03.npy,6,6,1,0.9995289198497255,-0.16979703307151794,-7.066822528839111,-4.837706565856934,-5.96258020401001,-2.850217819213867,1.7720251083374023,9.579357147216797,-11.947868347167969,-3.8802990913391113,-9.506342887878418,original,
6_6_02_ad596076_r02c04,./data/preprocessed/dataset/normalized_32x32/6/6_6_02_ad596076_r02c04.npy,6,6,1,0.9999846032898179,-1.6999852657318115,-9.24953842163086,-5.906642913818359,-6.167867183685303,-1.4832581281661987,1.4966658353805542,12.666749954223633,-13.313580513000488,-11.031265258789062,-17.418970108032227,original,
6_6_02_ad596076_r03c01,./data/preprocessed/dataset/normalized_32x32/6/6_6_02_ad596076_r03c01.npy,6,6,1,0.999741516602659,4.113215446472168,-11.885135650634766,-12.25886058807373,-6.851788520812988,-8.867542266845703,3.2971596717834473,12.7398042678833,-12.803585052490234,-7.9498491287231445,-13.984874725341797,original,
6_6_02_ad596076_r03c02,./data/preprocessed/dataset/normalized_32x32/6/6_6_02_ad596076_r03c02.npy,6,6,1,0.9534660358628152,8.317373275756836,-10.374818801879883,-16.41197967529297,-9.237340927124023,-10.262239456176758,-0.2783772945404053,11.337479591369629,-8.3826904296875,-12.870744705200195,-15.001328468322754,original,
6_6_02_ad596076_r03c03,./data/preprocessed/dataset/normalized_32x32/6/6_6_02_ad596076_r03c03.npy,6,6,1,0.9973204593775639,1.3911787271499634,-6.383525848388672,-12.067584991455078,-7.22892427444458,-5.369137287139893,4.065201282501221,10.051444053649902,-9.441378593444824,-9.247304916381836,-12.658076286315918,original,
6_6_02_ad596076_r03c04,./data/preprocessed/dataset/normalized_32x32/6/6_6_02_ad596076_r03c04.npy,6,6,1,0.8512686197917161,4.099373817443848,-6.3317365646362305,-16.080509185791016,-7.18275260925293,-11.02072811126709,2.484622001647949,6.025733470916748,-4.202863693237305,-5.155544757843018,-6.892137050628662,original,
6_6_02_ad596076_r04c01,./data/preprocessed/dataset/normalized_32x32/6/6_6_02_ad596076_r04c01.npy,6,6,1,0.9998898822479485,-0.04490786790847778,-6.472894191741943,-10.428166389465332,-8.502663612365723,-3.527125358581543,2.7323241233825684,11.908434867858887,-11.378113746643066,-11.855968475341797,-15.791797637939453,original,
6_6_02_ad596076_r04c02,./data/preprocessed/dataset/normalized_32x32/6/6_6_02_ad596076_r04c02.npy,6,6,1,0.9999471652608998,4.915205955505371,-9.318394660949707,-18.493677139282227,-11.073497772216797,-9.922652244567871,2.845457077026367,14.882360458374023,-12.36040210723877,-13.337565422058105,-17.713876724243164,original,
6_6_02_ad596076_r04c03,./data/preprocessed/dataset/normalized_32x32/6/6_6_02_ad596076_r04c03.npy,6,6,1,0.9998594038115474,1.829048752784729,-10.33311653137207,-15.990015029907227,-8.586132049560547,-10.64450740814209,4.2835259437561035,13.235447883605957,-14.153238296508789,-6.265007019042969,-13.982230186462402,original,
6_6_02_ad596076_r04c04,./data/preprocessed/dataset/normalized_32x32/6/6_6_02_ad596076_r04c04.npy,6,6,1,0.9610942092161484,-1.1891038417816162,-9.288070678710938,-13.49538516998291,-5.702174186706543,-9.64681625366211,5.4129438400268555,8.621478080749512,-13.350581169128418,-2.974283218383789,-6.743808269500732,original,
7_7_01_254ebf4a_r01c01,./data/preprocessed/dataset/normalized_32x32/7/7_7_01_254ebf4a_r01c01.npy,7,7,1,0.9526922307427333,-3.6227173805236816,0.40437227487564087,-0.6815297603607178,-1.9498765468597412,-2.389793634414673,-3.0935423374176025,-6.2470293045043945,3.984508514404297,-2.9323623180389404,-1.1904081106185913,original,
7_7_01_254ebf4a_r01c02,./data/preprocessed/dataset/normalized_32x32/7/7_7_01_254ebf4a_r01c02.npy,7,7,1,0.999528172524287,-7.497289180755615,0.6330755949020386,-0.9073591232299805,-4.822620868682861,-2.189828634262085,-7.320433616638184,-12.168478965759277,8.607279777526855,-4.840566158294678,-1.7917943000793457,original,
7_7_01_254ebf4a_r01c03,./data/preprocessed/dataset/normalized_32x32/7/7_7_01_254ebf4a_r01c03.npy,7,7,1,0.9999765573628012,-9.014723777770996,-2.435171604156494,-4.3064961433410645,-6.241039276123047,-0.5489416122436523,-9.40269947052002,-14.452659606933594,11.414341926574707,-8.026561737060547,0.36681485176086426,original,
7_7_01_254ebf4a_r01c04,./data/preprocessed/dataset/normalized_32x32/7/7_7_01_254ebf4a_r01c04.npy,7,7,1,0.9999995472193831,-11.421756744384766,-5.304482460021973,-8.147612571716309,-8.063302993774414,-1.2991933822631836,-10.017910957336426,-15.860130310058594,14.321901321411133,-8.945402145385742,-0.7491164207458496,original,
7_7_01_254ebf4a_r02c01,./data/preprocessed/dataset/normalized_32x32/7/7_7_01_254ebf4a_r02c01.npy,7,7,1,0.9999605087597158,-14.224295616149902,-4.64890193939209,-7.501555442810059,-5.127098083496094,1.080815076828003,-9.764734268188477,-14.602232933044434,11.495050430297852,-6.939866065979004,-0.0886695384979248,original,
7_7_01_254ebf4a_r02c02,./data/preprocessed/dataset/normalized_32x32/7/7_7_01_254ebf4a_r02c02.npy,7,7,1,0.9917450224740577,-6.449656009674072,-1.4482687711715698,-3.9869308471679688,-3.901529550552368,0.4052334129810333,-6.1004719734191895,-9.493547439575195,6.845357894897461,-3.9655442237854004,1.7957402467727661,original,
7_7_01_254ebf4a_r02c03,./data/preprocessed/dataset/normalized_32x32/7/7_7_01_254ebf4a_r02c03.npy,7,7,1,0.9999962495873942,-12.201048851013184,-1.4668351411819458,-6.2369208335876465,-5.432259559631348,-2.061626434326172,-9.344143867492676,-15.628206253051758,11.785486221313477,-7.724089622497559,-2.0573880672454834,original,
7_7_01_254ebf4a_r02c04,./data/preprocessed/dataset/normalized_32x32/7/7_7_01_254ebf4a_r02c04.npy,7,7,1,0.9999986281889808,-6.827026844024658,-7.292344093322754,-10.948387145996094,-4.950305938720703,-4.21114444732666,-6.047389507293701,-11.155831336975098,11.664441108703613,-6.9629645347595215,-2.0203726291656494,original,
7_7_01_254ebf4a_r03c01,./data/preprocessed/dataset/normalized_32x32/7/7_7_01_254ebf4a_r03c01.npy,7,7,1,0.9963994376353227,-8.192442893981934,-1.2620704174041748,-3.159731388092041,-2.3359792232513428,-0.8076967000961304,-6.446428298950195,-10.290789604187012,6.404703617095947,-3.6468303203582764,0.2538590431213379,original,
7_7_01_254ebf4a_r03c02,./data/preprocessed/dataset/normalized_32x32/7/7_7_01_254ebf4a_r03c02.npy,7,7,1,0.9993143875957126,-8.863389015197754,1.4235118627548218,-3.7086377143859863,-5.509289741516113,-3.1369035243988037,-7.793308258056641,-11.44281005859375,8.754327774047852,-3.976297616958618,-2.249410629272461,original,
7_7_01_254ebf4a_r03c03,./data/preprocessed/dataset/normalized_32x32/7/7_7_01_254ebf4a_r03c03.npy,7,7,1,0.995936607269034,-9.953049659729004,1.7763330936431885,-1.5094424486160278,-4.328336715698242,-1.6765117645263672,-8.840630531311035,-13.165337562561035,7.404640197753906,-4.281956195831299,-1.014995813369751,original,
7_7_01_254ebf4a_r03c04,./data/preprocessed/dataset/normalized_32x32/7/7_7_01_254ebf4a_r03c04.npy,7,7,1,0.9997011420614232,-9.55046558380127,0.6463428735733032,-3.814457416534424,-5.772846698760986,-1.4475374221801758,-7.65261173248291,-13.010804176330566,9.021821975708008,-5.281250953674316,-1.1994974613189697,original,
7_7_01_254ebf4a_r04c01,./data/preprocessed/dataset/normalized_32x32/7/7_7_01_254ebf4a_r04c01.npy,7,7,1,0.9909620205308405,-7.332521438598633,-0.4030981659889221,-3.5505237579345703,-2.88871169090271,-0.6876974701881409,-5.989327907562256,-10.315325736999512,6.115267753601074,-4.346113681793213,1.0499404668807983,original,
7_7_01_254ebf4a_r04c02,./data/preprocessed/dataset/normalized_32x32/7/7_7_01_254ebf4a_r04c02.npy,7,7,1,0.9976818890806183,-8.656322479248047,1.82701575756073,-1.438766598701477,-4.079584121704102,-2.1353909969329834,-7.60292387008667,-11.731914520263672,7.967935562133789,-4.5884809494018555,-2.214663028717041,original,
7_7_01_254ebf4a_r04c03,./data/preprocessed/dataset/normalized_32x32/7/7_7_01_254ebf4a_r04c03.npy,7,7,1,0.9855670132090134,-6.449098587036133,2.0401077270507812,-0.4765738248825073,-3.4119298458099365,-3.2227063179016113,-5.697940826416016,-8.78718090057373,6.370169162750244,-2.187699794769287,-2.9534006118774414,original,
7_7_01_254ebf4a_r04c04,./data/preprocessed/dataset/normalized_32x32/7/7_7_01_254ebf4a_r04c04.npy,7,7,1,0.9999790563275092,-12.044867515563965,-1.100103735923767,-5.619409084320068,-4.815345764160156,-1.3383738994598389,-9.34140682220459,-15.051078796386719,10.774094581604004,-7.2900543212890625,-0.9343887567520142,original,
7_7_02_923c5b16_r01c01,./data/preprocessed/dataset/normalized_32x32/7/7_7_02_923c5b16_r01c01.npy,7,7,1,0.9956029218019605,-5.508480548858643,-0.6728829145431519,-1.1422020196914673,-3.2938034534454346,-1.04339599609375,-5.489312648773193,-8.35257339477539,5.909584045410156,-3.9647321701049805,-0.9633795619010925,original,
7_7_02_923c5b16_r01c02,./data/preprocessed/dataset/normalized_32x32/7/7_7_02_923c5b16_r01c02.npy,7,7,1,0.9998049609805675,-10.205924034118652,1.0125069618225098,-2.509152412414551,-5.038857460021973,-1.501207709312439,-9.194177627563477,-13.574577331542969,9.722092628479004,-5.879764080047607,-1.6702958345413208,original,
7_7_02_923c5b16_r01c03,./data/preprocessed/dataset/normalized_32x32/7/7_7_02_923c5b16_r01c03.npy,7,7,1,0.9999967298328606,-10.526254653930664,-4.06669282913208,-5.644131660461426,-4.4857001304626465,-2.006999969482422,-8.733807563781738,-13.879423141479492,11.603632926940918,-7.937776565551758,-1.6544904708862305,original,
7_7_02_923c5b16_r01c04,./data/preprocessed/dataset/normalized_32x32/7/7_7_02_923c5b16_r01c04.npy,7,7,1,0.9999681256601936,-8.576114654541016,-3.782726287841797,-4.508203983306885,-2.769467830657959,-2.2495055198669434,-6.8224101066589355,-11.336817741394043,9.252666473388672,-6.193720817565918,-2.0613858699798584,original,
7_7_02_923c5b16_r02c01,./data/preprocessed/dataset/normalized_32x32/7/7_7_02_923c5b16_r02c01.npy,7,7,1,0.9974350671663849,-8.142756462097168,-2.5203142166137695,-4.282665252685547,-3.4332547187805176,-0.18257927894592285,-6.679170608520508,-10.655563354492188,7.061534404754639,-4.504561901092529,0.7064247131347656,original,
7_7_02_923c5b16_r02c02,./data/preprocessed/dataset/normalized_32x32/7/7_7_02_923c5b16_r02c02.npy,7,7,1,0.9999759481000684,-15.310758590698242,-2.315908670425415,-4.443464279174805,-3.7504987716674805,1.4291083812713623,-11.212639808654785,-15.718902587890625,12.170509338378906,-9.157539367675781,-1.0984337329864502,original,
7_7_02_923c5b16_r02c03,./data/preprocessed/dataset/normalized_32x32/7/7_7_02_923c5b16_r02c03.npy,7,7,1,0.999342836979884,-9.329724311828613,0.7979155778884888,-2.7609755992889404,-4.079988956451416,-0.44667673110961914,-7.222889423370361,-11.23556900024414,8.504476547241211,-4.889494895935059,-1.213092565536499,original,
7_7_02_923c5b16_r02c04,./data/preprocessed/dataset/normalized_32x32/7/7_7_02_923c5b16_r02c04.npy,7,7,1,0.9999578500473513,-9.404043197631836,-2.5692930221557617,-5.712559700012207,-5.862307548522949,-0.731306791305542,-8.138338088989258,-14.250140190124512,11.28787612915039,-9.84353256225586,1.0300734043121338,original,
7_7_02_923c5b16_r03c01,./data/preprocessed/dataset/normalized_32x32/7/7_7_02_923c5b16_r03c01.npy,7,7,1,0.9932948478733528,-8.83033275604248,-0.39548736810684204,-1.557244062423706,-0.8232852816581726,-2.2903358936309814,-7.192909240722656,-10.263130187988281,5.538798809051514,-2.431265354156494,-1.5897704362869263,original,
7_7_02_923c5b16_r03c02,./data/preprocessed/dataset/normalized_32x32/7/7_7_02_923c5b16_r03c02.npy,7,7,1,0.999889296511924,-10.764771461486816,-0.8965698480606079,-3.73905611038208,-5.001041412353516,-0.9918588399887085,-9.565691947937012,-13.495353698730469,9.600162506103516,-5.502180099487305,-0.1967107057571411,original,
7_7_02_923c5b16_r03c03,./data/preprocessed/dataset/normalized_32x32/7/7_7_02_923c5b16_r03c03.npy,7,7,1,0.9980818766301127,-7.990311145782471,-0.7918401956558228,-4.446404933929443,-2.511573076248169,-1.5591566562652588,-6.39420747756958,-8.67129135131836,6.835798263549805,-4.349891185760498,0.016960978507995605,original,
7_7_02_923c5b16_r03c04,./data/preprocessed/dataset/normalized_32x32/7/7_7_02_923c5b16_r03c04.npy,7,7,1,0.9997115642595049,-9.682334899902344,0.7177326083183289,-4.383398056030273,-5.661459922790527,-1.017137050628662,-8.911920547485352,-13.758977890014648,9.364124298095703,-5.981494426727295,-0.06750011444091797,original,
7_7_02_923c5b16_r04c01,./data/preprocessed/dataset/normalized_32x32/7/7_7_02_923c5b16_r04c01.npy,7,7,1,0.9999393311880279,-13.256857872009277,-1.8150385618209839,-8.006359100341797,-4.72909688949585,-2.0619754791259766,-10.163626670837402,-13.592708587646484,10.510780334472656,-5.268514633178711,0.6538026332855225,original,
7_7_02_923c5b16_r04c02,./data/preprocessed/dataset/normalized_32x32/7/7_7_02_923c5b16_r04c02.npy,7,7,1,0.9999559773763572,-12.907129287719727,0.9406405687332153,-8.446869850158691,-5.796486854553223,-5.271251678466797,-7.272230625152588,-12.95223331451416,10.988035202026367,-3.8048014640808105,-4.4560956954956055,original,
7_7_02_923c5b16_r04c03,./data/preprocessed/dataset/normalized_32x32/7/7_7_02_923c5b16_r04c03.npy,7,7,1,0.9998860686482428,-11.21259880065918,1.6621274948120117,-1.574279546737671,-6.151399612426758,-3.684319257736206,-9.982784271240234,-14.120965957641602,10.788928985595703,-5.007309436798096,-4.383458614349365,original,
7_7_02_923c5b16_r04c04,./data/preprocessed/dataset/normalized_32x32/7/7_7_02_923c5b16_r04c04.npy,7,7,1,0.9989620293569805,-7.841896057128906,-2.345019817352295,-5.634826183319092,-3.551398277282715,0.015945494174957275,-6.8088202476501465,-11.745423316955566,8.59632396697998,-5.832569122314453,1.4983818531036377,original,
8_8_01_e470fe0b_r01c01,./data/preprocessed/dataset/normalized_32x32/8/8_8_01_e470fe0b_r01c01.npy,8,8,1,0.9999939369552954,-3.8779234886169434,-8.107473373413086,-0.885149359703064,-1.6809091567993164,-5.006268501281738,-3.8118669986724854,-6.552579879760742,-8.358906745910645,11.596240997314453,-4.747721195220947,original,
8_8_01_e470fe0b_r01c02,./data/preprocessed/dataset/normalized_32x32/8/8_8_01_e470fe0b_r01c02.npy,8,8,1,0.9443002353776678,-5.932642936706543,-7.05047607421875,-4.904272079467773,1.6358561515808105,-6.351477146148682,1.673858404159546,-4.703906059265137,-6.058298587799072,5.191239356994629,-2.22109317779541,original,
8_8_01_e470fe0b_r01c03,./data/preprocessed/dataset/normalized_32x32/8/8_8_01_e470fe0b_r01c03.npy,8,8,1,0.9783328763943423,-1.553338646888733,-9.021347045898438,-3.4207546710968018,1.7104872465133667,-4.120908737182617,1.6237504482269287,-0.3851465582847595,-9.322773933410645,6.256775856018066,-5.172699928283691,original,
8_8_01_e470fe0b_r01c04,./data/preprocessed/dataset/normalized_32x32/8/8_8_01_e470fe0b_r01c04.npy,8,8,1,0.9994130517782717,-3.197322368621826,-12.093286514282227,3.5797271728515625,0.5629578828811646,-7.870765209197998,-4.727251052856445,-9.015677452087402,-8.654982566833496,11.068887710571289,-6.593090057373047,original,
8_8_01_e470fe0b_r02c01,./data/preprocessed/dataset/normalized_32x32/8/8_8_01_e470fe0b_r02c01.npy,8,8,1,0.9999269090146939,-3.6213765144348145,-9.059931755065918,1.0681002140045166,-3.9560909271240234,-3.7422289848327637,-5.046415328979492,-9.260669708251953,-8.009254455566406,10.628019332885742,-3.484626293182373,original,
8_8_01_e470fe0b_r02c02,./data/preprocessed/dataset/normalized_32x32/8/8_8_01_e470fe0b_r02c02.npy,8,8,1,0.9999968553748687,-3.5730013847351074,-8.664644241333008,0.4911034107208252,-5.775341987609863,-5.722081184387207,-6.33116340637207,-9.267165184020996,-8.196643829345703,13.187292098999023,-4.975538730621338,original,
8_8_01_e470fe0b_r02c03,./data/preprocessed/dataset/normalized_32x32/8/8_8_01_e470fe0b_r02c03.npy,8,8,1,0.9877061505788084,-4.547072410583496,-8.663259506225586,6.659077167510986,-5.902491092681885,-5.106016159057617,-6.951226234436035,-9.991460800170898,-7.016099452972412,11.045391082763672,-8.557138442993164,original,
8_8_01_e470fe0b_r02c04,./data/preprocessed/dataset/normalized_32x32/8/8_8_01_e470fe0b_r02c04.npy,8,8,1,0.9999137538024853,-7.902583122253418,-7.0785722732543945,-0.5084075331687927,1.117649793624878,-5.358981609344482,-3.180039882659912,-5.398652076721191,-10.372027397155762,10.669657707214355,-7.9764885902404785,original,
8_8_01_e470fe0b_r03c01,./data/preprocessed/dataset/normalized_32x32/8/8_8_01_e470fe0b_r03c01.npy,8,8,1,0.999998621146401,-5.93261194229126,-11.726187705993652,-1.989708423614502,-0.5798401832580566,-7.0986785888671875,-3.339512825012207,-10.375800132751465,-10.793817520141602,13.244060516357422,-3.1481127738952637,original,
8_8_01_e470fe0b_r03c02,./data/preprocessed/dataset/normalized_32x32/8/8_8_01_e470fe0b_r03c02.npy,8,8,1,0.9999969955641842,-8.154667854309082,-11.267126083374023,-4.173512935638428,-2.339663028717041,-5.512336730957031,-3.5225815773010254,-11.037565231323242,-10.72858715057373,12.524296760559082,-0.38510894775390625,original,
8_8_01_e470fe0b_r03c03,./data/preprocessed/dataset/normalized_32x32/8/8_8_01_e470fe0b_r03c03.npy,8,8,1,0.9999999710716674,-7.077554225921631,-11.402334213256836,-6.270188331604004,-2.2702088356018066,-6.268919944763184,-4.661124229431152,-10.132402420043945,-11.992897033691406,15.757796287536621,-2.472991704940796,original,
8_8_01_e470fe0b_r03c04,./data/preprocessed/dataset/normalized_32x32/8/8_8_01_e470fe0b_r03c04.npy,8,8,1,0.9999993780987038,-5.361608505249023,-5.859586238861084,-3.911896228790283,-3.869391918182373,-4.905854225158691,-3.572927474975586,-5.959597110748291,-7.580355644226074,11.998298645019531,-4.264559745788574,original,
8_8_01_e470fe0b_r04c01,./data/preprocessed/dataset/normalized_32x32/8/8_8_01_e470fe0b_r04c01.npy,8,8,1,0.9999995950082553,-5.166055679321289,-9.735318183898926,-2.377380609512329,-1.6572860479354858,-5.832863807678223,-4.176602840423584,-7.915627479553223,-10.205177307128906,13.563284873962402,-4.989457130432129,original,
8_8_01_e470fe0b_r04c02,./data/preprocessed/dataset/normalized_32x32/8/8_8_01_e470fe0b_r04c02.npy,8,8,1,0.9999996182100309,-4.73361873626709,-9.49012279510498,-0.02397000789642334,-7.5865278244018555,-5.1972126960754395,-5.926870346069336,-10.462364196777344,-9.38425350189209,14.780689239501953,-4.7923150062561035,original,
8_8_01_e470fe0b_r04c03,./data/preprocessed/dataset/normalized_32x32/8/8_8_01_e470fe0b_r04c03.npy,8,8,1,0.9999979231696996,-6.296943187713623,-12.196346282958984,-1.9110655784606934,-4.327363967895508,-6.753559112548828,-6.964439392089844,-11.697761535644531,-10.117546081542969,13.222375869750977,-0.017644047737121582,original,
8_8_01_e470fe0b_r04c04,./data/preprocessed/dataset/normalized_32x32/8/8_8_01_e470fe0b_r04c04.npy,8,8,1,0.9999994014334078,-0.7354542016983032,-12.974710464477539,-1.88716721534729,-3.545766830444336,-8.233343124389648,-3.3071327209472656,-8.629493713378906,-11.244705200195312,14.006402969360352,-3.5846033096313477,original,
8_8_02_b36c8633_r01c01,./data/preprocessed/dataset/normalized_32x32/8/8_8_02_b36c8633_r01c01.npy,8,8,1,0.9999995439013465,-3.8295514583587646,-6.366433620452881,-1.7597578763961792,-5.720753192901611,-4.6685991287231445,-4.7649946212768555,-6.0582170486450195,-8.584161758422852,13.1153564453125,-4.930659770965576,original,
8_8_02_b36c8633_r01c02,./data/preprocessed/dataset/normalized_32x32/8/8_8_02_b36c8633_r01c02.npy,8,8,1,0.9999586594172007,-7.505618095397949,-10.512203216552734,-3.2995080947875977,2.7205774784088135,-6.745189666748047,-4.142113208770752,-9.399603843688965,-12.707486152648926,12.818008422851562,-5.715176105499268,original,
8_8_02_b36c8633_r01c03,./data/preprocessed/dataset/normalized_32x32/8/8_8_02_b36c8633_r01c03.npy,8,8,1,0.999979374186439,-7.084117889404297,-6.15444278717041,-2.69038462638855,-2.0508244037628174,-6.400287628173828,-4.157211780548096,-7.393119812011719,-6.9198737144470215,9.577219009399414,-2.5342531204223633,original,
8_8_02_b36c8633_r01c04,./data/preprocessed/dataset/normalized_32x32/8/8_8_02_b36c8633_r01c04.npy,8,8,1,0.9999857252215999,-8.221729278564453,-12.415867805480957,-5.060446262359619,1.7819759845733643,-8.068146705627441,-2.077299118041992,-6.671701431274414,-13.398807525634766,12.961997032165527,-5.320383071899414,original,
8_8_02_b36c8633_r02c01,./data/preprocessed/dataset/normalized_32x32/8/8_8_02_b36c8633_r02c01.npy,8,8,1,0.9999998966282602,-5.049262523651123,-8.7523193359375,-5.928822994232178,-3.6156749725341797,-4.781023979187012,-2.334902048110962,-5.150265216827393,-11.49696159362793,14.22852897644043,-4.701094627380371,original,
8_8_02_b36c8633_r02c02,./data/preprocessed/dataset/normalized_32x32/8/8_8_02_b36c8633_r02c02.npy,8,8,1,0.9994623836203452,-7.545180320739746,-8.503742218017578,-4.0670390129089355,0.6755727529525757,-5.93934965133667,-1.3848536014556885,-6.648855686187744,-8.238052368164062,8.460214614868164,-1.1940397024154663,original,
8_8_02_b36c8633_r02c03,./data/preprocessed/dataset/normalized_32x32/8/8_8_02_b36c8633_r02c03.npy,8,8,1,0.9995009733877576,0.6800720691680908,-6.504879474639893,-1.025861144065857,-4.351142883300781,-4.173100471496582,-4.524740695953369,-4.424477577209473,-6.776944637298584,8.50536823272705,-2.5160863399505615,original,
8_8_02_b36c8633_r02c04,./data/preprocessed/dataset/normalized_32x32/8/8_8_02_b36c8633_r02c04.npy,8,8,1,0.8990250132873129,-3.2901439666748047,-7.769538879394531,2.512751340866089,1.9718925952911377,-4.077269554138184,-0.5541847348213196,-4.451706409454346,-6.870904922485352,5.190441131591797,-6.768821716308594,original,
8_8_02_b36c8633_r03c01,./data/preprocessed/dataset/normalized_32x32/8/8_8_02_b36c8633_r03c01.npy,8,8,1,0.999996177612727,-2.9254746437072754,-9.766463279724121,-1.0431112051010132,-3.6152617931365967,-4.332633018493652,-3.186183452606201,-7.574713230133057,-9.276063919067383,11.817285537719727,-3.500159740447998,original,
8_8_02_b36c8633_r03c02,./data/preprocessed/dataset/normalized_32x32/8/8_8_02_b36c8633_r03c02.npy,8,8,1,0.9999785578705013,-6.158689022064209,-9.183713912963867,-6.591084003448486,-0.016130566596984863,-6.896734237670898,0.45296144485473633,-4.436194896697998,-10.575118064880371,11.6958589553833,-6.6801533699035645,original,
8_8_02_b36c8633_r03c03,./data/preprocessed/dataset/normalized_32x32/8/8_8_02_b36c8633_r03c03.npy,8,8,1,0.9999999938760256,-5.17878532409668,-7.743741035461426,-5.5696001052856445,-6.096994400024414,-4.7260847091674805,-5.483212471008301,-8.77264404296875,-10.230329513549805,15.96989917755127,-3.5947794914245605,original,
8_8_02_b36c8633_r03c04,./data/preprocessed/dataset/normalized_32x32/8/8_8_02_b36c8633_r03c04.npy,8,8,1,0.9999995665381081,-5.8771562576293945,-10.407011032104492,-3.694347381591797,-2.0594394207000732,-5.643100738525391,-3.246387481689453,-8.52597427368164,-11.699764251708984,13.312278747558594,-2.7461459636688232,original,
8_8_02_b36c8633_r04c01,./data/preprocessed/dataset/normalized_32x32/8/8_8_02_b36c8633_r04c01.npy,8,8,1,0.9999057777425991,-3.994326591491699,-9.942188262939453,-2.5922770500183105,-1.8944647312164307,-5.335613250732422,-2.0565102100372314,-8.299530982971191,-9.563538551330566,9.62148666381836,0.04379534721374512,original,
8_8_02_b36c8633_r04c02,./data/preprocessed/dataset/normalized_32x32/8/8_8_02_b36c8633_r04c02.npy,8,8,1,0.9999819174717459,-1.1165152788162231,-9.66328239440918,0.21973466873168945,-3.79854679107666,-5.147332668304443,-4.470078468322754,-8.524796485900879,-8.096537590026855,11.411604881286621,-3.880093574523926,original,
8_8_02_b36c8633_r04c03,./data/preprocessed/dataset/normalized_32x32/8/8_8_02_b36c8633_r04c03.npy,8,8,1,0.9999999829659175,-4.7069807052612305,-14.794050216674805,-2.197671413421631,-2.0713491439819336,-9.002664566040039,-4.737651824951172,-12.190729141235352,-12.608988761901855,16.630199432373047,-3.5313875675201416,original,
8_8_02_b36c8633_r04c04,./data/preprocessed/dataset/normalized_32x32/8/8_8_02_b36c8633_r04c04.npy,8,8,1,0.9999998779442805,-7.049097537994385,-10.925954818725586,-0.08510899543762207,-3.7444565296173096,-5.039145469665527,-5.553558349609375,-10.366058349609375,-12.212959289550781,15.871635437011719,-7.4093170166015625,original,
9_9_01_852a4a6b_r01c01,./data/preprocessed/dataset/normalized_32x32/9/9_9_01_852a4a6b_r01c01.npy,9,9,1,0.9907524466806488,-8.471086502075195,-3.3484747409820557,-5.362993240356445,-3.263949394226074,3.6917037963867188,-5.922506809234619,-11.5943603515625,-0.21130824089050293,-4.707144260406494,8.387986183166504,original,
9_9_01_852a4a6b_r01c02,./data/preprocessed/dataset/normalized_32x32/9/9_9_01_852a4a6b_r01c02.npy,9,9,1,0.9987481139376551,-8.214374542236328,-3.7720251083374023,-6.741875648498535,-3.3182790279388428,2.1830334663391113,-6.205453872680664,-11.824090957641602,0.5661525726318359,-4.385383129119873,9.053011894226074,original,
9_9_01_852a4a6b_r01c03,./data/preprocessed/dataset/normalized_32x32/9/9_9_01_852a4a6b_r01c03.npy,9,9,1,0.9990692798374091,-9.87814712524414,-4.398301601409912,-7.504436016082764,-3.5369150638580322,3.158379077911377,-7.028348445892334,-13.960821151733398,0.8740965127944946,-5.896629333496094,10.235746383666992,original,
9_9_01_852a4a6b_r01c04,./data/preprocessed/dataset/normalized_32x32/9/9_9_01_852a4a6b_r01c04.npy,9,9,1,0.9991897818561031,-8.789115905761719,-2.0919108390808105,-8.527320861816406,-4.250530242919922,1.3101027011871338,-5.719310283660889,-12.667950630187988,0.79615318775177,-2.5992579460144043,8.93209457397461,original,
9_9_01_852a4a6b_r02c01,./data/preprocessed/dataset/normalized_32x32/9/9_9_01_852a4a6b_r02c01.npy,9,9,1,0.9913262956731232,-10.303784370422363,-4.813434600830078,-7.280401706695557,-4.430113792419434,4.81123161315918,-6.690321445465088,-13.08813762664795,1.6765632629394531,-6.626597881317139,9.592755317687988,original,
9_9_01_852a4a6b_r02c02,./data/preprocessed/dataset/normalized_32x32/9/9_9_01_852a4a6b_r02c02.npy,9,9,1,0.9997056474868884,-12.659181594848633,-6.366864204406738,-8.025350570678711,-4.016846656799316,4.5033979415893555,-6.805418491363525,-17.008852005004883,-1.4669384956359863,-7.617630958557129,12.636625289916992,original,
9_9_01_852a4a6b_r02c03,./data/preprocessed/dataset/normalized_32x32/9/9_9_01_852a4a6b_r02c03.npy,9,9,1,0.5214982294413748,-4.975358486175537,-1.2018349170684814,-4.834802627563477,-3.562535524368286,-1.4993644952774048,-4.549290657043457,-6.234623908996582,0.15249046683311462,2.5795769691467285,2.7898175716400146,original,
9_9_01_852a4a6b_r02c04,./data/preprocessed/dataset/normalized_32x32/9/9_9_01_852a4a6b_r02c04.npy,9,9,1,0.9986739153886994,-10.130518913269043,-4.646393775939941,-7.6918745040893555,-2.882164478302002,1.3167592287063599,-4.425997257232666,-10.681656837463379,-1.5659887790679932,-1.5894193649291992,8.064583778381348,original,
9_9_01_852a4a6b_r03c01,./data/preprocessed/dataset/normalized_32x32/9/9_9_01_852a4a6b_r03c01.npy,9,9,1,0.8763896589612984,-8.080056190490723,-2.305056571960449,-5.65870475769043,-4.648478984832764,4.135678291320801,-5.0990095138549805,-9.875359535217285,-1.2349505424499512,-2.3114891052246094,6.102465629577637,original,
9_9_01_852a4a6b_r03c02,./data/preprocessed/dataset/normalized_32x32/9/9_9_01_852a4a6b_r03c02.npy,9,9,1,0.9620761311695519,-5.3560872077941895,-1.702892780303955,-4.007421970367432,-1.804216980934143,1.6410046815872192,-3.2070391178131104,-7.364673614501953,-0.2099212110042572,-2.4566924571990967,5.100300312042236,original,
9_9_01_852a4a6b_r03c03,./data/preprocessed/dataset/normalized_32x32/9/9_9_01_852a4a6b_r03c03.npy,9,9,1,0.9999734332320915,-8.005840301513672,-6.452218532562256,-10.0482177734375,-0.8736776113510132,-2.441112995147705,-5.649374961853027,-14.540586471557617,-5.424994468688965,-2.1965103149414062,10.066694259643555,original,
9_9_01_852a4a6b_r03c04,./data/preprocessed/dataset/normalized_32x32/9/9_9_01_852a4a6b_r03c04.npy,9,9,1,0.9814608993664806,-10.95348834991455,-4.096080780029297,-9.182944297790527,-7.312638282775879,6.221993446350098,-7.439464569091797,-12.134703636169434,-0.7384517788887024,-4.98712682723999,10.192151069641113,original,
9_9_01_852a4a6b_r04c01,./data/preprocessed/dataset/normalized_32x32/9/9_9_01_852a4a6b_r04c01.npy,9,9,1,0.9985241513667155,-11.926277160644531,-5.230567932128906,-7.893097400665283,-6.172519683837891,4.978360176086426,-8.221960067749023,-14.1033935546875,-0.7739884853363037,-5.373759746551514,11.498662948608398,original,
9_9_01_852a4a6b_r04c02,./data/preprocessed/dataset/normalized_32x32/9/9_9_01_852a4a6b_r04c02.npy,9,9,1,0.9998296762635972,-11.46883773803711,-4.108193874359131,-9.390901565551758,-3.9071359634399414,2.3989148139953613,-6.494517803192139,-14.806880950927734,-1.2759947776794434,-3.202166795730591,11.108546257019043,original,
9_9_01_852a4a6b_r04c03,./data/preprocessed/dataset/normalized_32x32/9/9_9_01_852a4a6b_r04c03.npy,9,9,1,0.9994316156861841,-7.395412921905518,-4.8833136558532715,-4.653209686279297,-3.33817195892334,0.9365839958190918,-5.559725284576416,-11.11187744140625,-1.7463173866271973,-4.204401969909668,8.500934600830078,original,
9_9_01_852a4a6b_r04c04,./data/preprocessed/dataset/normalized_32x32/9/9_9_01_852a4a6b_r04c04.npy,9,9,1,0.999387479836391,-7.308051586151123,-4.050928115844727,-6.399338722229004,-3.8315329551696777,1.3084254264831543,-4.617284774780273,-11.1754789352417,-0.6447499394416809,-5.066314220428467,8.851911544799805,original,
9_9_02_2f49434b_r01c01,./data/preprocessed/dataset/normalized_32x32/9/9_9_02_2f49434b_r01c01.npy,9,9,1,0.9977685883298395,-6.374073028564453,-2.996696949005127,-6.960601806640625,-1.9451425075531006,0.38091838359832764,-4.804746150970459,-8.378973960876465,-0.30091947317123413,-2.008727550506592,7.035805702209473,original,
9_9_02_2f49434b_r01c02,./data/preprocessed/dataset/normalized_32x32/9/9_9_02_2f49434b_r01c02.npy,9,9,1,0.9959557680390907,-8.832751274108887,-4.169877052307129,-7.111330509185791,-4.658590316772461,4.0623602867126465,-5.544704914093018,-11.691537857055664,0.19035077095031738,-5.7112603187561035,9.589932441711426,original,
9_9_02_2f49434b_r01c03,./data/preprocessed/dataset/normalized_32x32/9/9_9_02_2f49434b_r01c03.npy,9,8,0,0.7300228084198307,-2.85658597946167,-0.8455429673194885,-3.5512304306030273,-3.474438428878784,-2.7084908485412598,-3.977820873260498,-5.468867301940918,1.5463894605636597,2.972410202026367,0.6394160985946655,original,
9_9_02_2f49434b_r01c04,./data/preprocessed/dataset/normalized_32x32/9/9_9_02_2f49434b_r01c04.npy,9,9,1,0.9996171099068827,-9.852545738220215,-4.757689476013184,-7.7929768562316895,-1.4867082834243774,0.9643619060516357,-6.066567897796631,-12.377345085144043,-1.38533616065979,-2.7568204402923584,9.022478103637695,original,
9_9_02_2f49434b_r02c01,./data/preprocessed/dataset/normalized_32x32/9/9_9_02_2f49434b_r02c01.npy,9,9,1,0.9982522095804607,-9.852740287780762,-4.1898603439331055,-10.021540641784668,-4.1533894538879395,2.637080669403076,-6.488083362579346,-11.461773872375488,1.3542890548706055,-3.721795082092285,9.232624053955078,original,
9_9_02_2f49434b_r02c02,./data/preprocessed/dataset/normalized_32x32/9/9_9_02_2f49434b_r02c02.npy,9,9,1,0.9998801784629584,-12.873027801513672,-5.897279262542725,-10.804557800292969,-6.056002616882324,3.290436267852783,-7.457164764404297,-13.622693061828613,-1.8635494709014893,-3.7534902095794678,12.326661109924316,original,
9_9_02_2f49434b_r02c03,./data/preprocessed/dataset/normalized_32x32/9/9_9_02_2f49434b_r02c03.npy,9,9,1,0.9990938906311576,-8.794373512268066,-4.541041851043701,-9.4501371383667,-4.951315402984619,2.9782583713531494,-6.785935401916504,-10.393970489501953,-1.1063034534454346,-2.9606826305389404,10.003934860229492,original,
9_9_02_2f49434b_r02c04,./data/preprocessed/dataset/normalized_32x32/9/9_9_02_2f49434b_r02c04.npy,9,1,0,0.9321005749909272,-5.9133076667785645,4.528946876525879,-9.373651504516602,-7.043205738067627,-0.7004884481430054,-3.721189498901367,-6.670233726501465,0.9310488104820251,0.7309847474098206,0.47633934020996094,original,
9_9_02_2f49434b_r03c01,./data/preprocessed/dataset/normalized_32x32/9/9_9_02_2f49434b_r03c01.npy,9,4,0,0.6485619332577406,-10.20407485961914,-2.887299060821533,-8.832113265991211,-7.739727020263672,6.080156326293945,-7.384852886199951,-9.939558982849121,-1.12093186378479,-1.3682332038879395,5.4647369384765625,original,
9_9_02_2f49434b_r03c02,./data/preprocessed/dataset/normalized_32x32/9/9_9_02_2f49434b_r03c02.npy,9,9,1,0.9886372900914048,-6.904898166656494,-4.318471431732178,-5.647707939147949,-5.4141645431518555,2.4860548973083496,-6.913822174072266,-9.661799430847168,-2.9141054153442383,0.2655125856399536,7.060909271240234,original,
9_9_02_2f49434b_r03c03,./data/preprocessed/dataset/normalized_32x32/9/9_9_02_2f49434b_r03c03.npy,9,9,1,0.9899889439567585,-4.918551445007324,-3.4222640991210938,-2.358851671218872,-2.5417048931121826,0.050013601779937744,-3.6076881885528564,-7.794038772583008,-0.597508430480957,-1.427139163017273,5.327426910400391,original,
9_9_02_2f49434b_r03c04,./data/preprocessed/dataset/normalized_32x32/9/9_9_02_2f49434b_r03c04.npy,9,9,1,0.9846167842601533,-8.631680488586426,-1.9246826171875,-8.771382331848145,-5.782527446746826,3.7789084911346436,-5.87224817276001,-10.996376991271973,-0.8509999513626099,-2.543973445892334,7.952799320220947,original,
9_9_02_2f49434b_r04c01,./data/preprocessed/dataset/normalized_32x32/9/9_9_02_2f49434b_r04c01.npy,9,9,1,0.9979048745560924,-7.714282989501953,-5.723232746124268,-6.994011878967285,-3.1377921104431152,2.6773383617401123,-5.5927958488464355,-13.109630584716797,-4.689310073852539,-3.1817078590393066,8.850400924682617,original,
9_9_02_2f49434b_r04c02,./data/preprocessed/dataset/normalized_32x32/9/9_9_02_2f49434b_r04c02.npy,9,9,1,0.9774438479317551,-8.517389297485352,-4.535961151123047,-6.242644309997559,-5.548854827880859,4.574390411376953,-6.842169761657715,-9.612100601196289,-1.3889679908752441,-3.745624303817749,8.346318244934082,original,
9_9_02_2f49434b_r04c03,./data/preprocessed/dataset/normalized_32x32/9/9_9_02_2f49434b_r04c03.npy,9,9,1,0.9977756108072552,-11.107224464416504,-4.685546875,-7.7903032302856445,-5.6841301918029785,5.0330023765563965,-7.727285385131836,-14.000696182250977,-1.1569726467132568,-5.657015800476074,11.141206741333008,original,
9_9_02_2f49434b_r04c04,./data/preprocessed/dataset/normalized_32x32/9/9_9_02_2f49434b_r04c04.npy,9,9,1,0.9936900044474248,-6.311521530151367,-2.798694610595703,-4.113600730895996,-2.8827872276306152,1.507407546043396,-5.7611823081970215,-9.392438888549805,0.17971807718276978,-3.6715829372406006,6.83009672164917,original,
