-0.06784512
-0.04798852
-0.13105179
-0.08824787
-0.20675886
-0.06377428
0.03183740
-0.05695801
0.13271673
0.08170769
0.05466270
0.05080024
0.17035444
0.09611850
0.15397187
0.08649516
0.04971922
-0.08834759
-0.08142948
-0.06127891
-0.01493697
0.06485822
-0.22301304
-0.32961026
-0.28604132
0.05533438
0.07328000
-0.04207599
-0.22710033
-0.41747940
0.02103106
0.14653492
-0.03989753
0.09277823
0.06241726
0.07582866
0.07562689
0.13162483
0.11341991
0.13973151
-0.17381927
0.01668213
0.00599161
0.08268254
0.15977538
-0.49924761
-0.24183881
-0.03131976
0.03327911
0.12896824
0.04548689
-0.17861637
-0.08957750
-0.14034475
-0.17850113
0.14958051
-0.08419032
-0.00993412
0.12120861
0.02524960
-0.00624940
0.14553235
0.20405644
0.00194199
0.11558108
-0.13312328
-0.01729612
-0.14183517
-0.00224868
-0.00392944
-0.33630747
-0.17155704
-0.21255384
-0.08719719
-0.23677629
0.10212106
0.02071052
0.12322555
0.11672482
-0.14932761
0.02434264
0.18823746
0.16406541
0.06807747
0.00346806
0.03601210
-0.08398804
-0.02581082
-0.02926565
-0.13279900
-0.14138302
-0.03602646
-0.03613189
-0.01894505
-0.09219667
-0.07976401
-0.00420900
-0.01869797
-0.08999561
0.09907892
0.03917254
-0.05444207
-0.00315113
-0.07206807
-0.10961288
-0.06883496
0.00455679
0.01185911
-0.08292032
0.08791764
0.14878502
0.00917979
-0.16085361
0.05516073
0.07529175
-0.07759571
0.15491682
-0.22482952
-0.05569718
-0.25734282
-0.28017521
-0.18082637
-0.08333267
-0.34036383
-0.11862597
0.04204040
-0.02369667
-0.06115165
-0.11905777
-0.15712848
-0.07169511
-0.05913078
-0.05303441
0.02107247
0.03589517
-0.08347138
0.10952198
0.06941683
0.05485509
0.20176353
0.08835319
-0.07792155
0.10471873
0.01341884
0.07070061
-0.23665689
-0.09386803
-0.07670484
-0.19884467
0.05529298
-0.02783629
0.16297077
0.00111397
-0.17726031
-0.28700766
-0.18471292
-0.04104569
-0.19663714
-0.16302225
-0.11691935
-0.13033368
-0.05494899
0.05873698
-0.09500893
-0.01617055
0.18387157
0.17590889
0.10678030
-0.18751419
-0.18378063
0.14114191
0.16855748
-0.08517921
-0.09647986
-0.19374941
-0.05869333
0.22501975
0.27656636
-0.15880062
-0.22163171
-0.01979794
0.11010640
0.17065673
-0.15245052
-0.22991040
0.00749483
-0.04652630
-0.01458338
-0.26203820
-0.01134967
0.09911156
-0.12567315
-0.16561744
-0.20725900
-0.01273757
0.06627975
-0.09267706
-0.02870505
0.06222364
0.13053495
0.09964596
-0.05176143
-0.15671940
-0.25399566
-0.08700442
0.10381611
-0.18787363
-0.08749954
-0.06596939
0.11710639
0.06619643
-0.05318704
-0.00738510
0.04941893
0.12008848
-0.21638633
-0.01725422
0.10012970
-0.01027860
0.10411143
-0.23695973
-0.20808935
0.05225699
0.13477032
-0.22231610
0.10030074
-0.02129558
-0.14588434
-0.33185959
-0.01327458
0.16826917
0.02272198
0.04055165
-0.07949530
-0.01588393
-0.10882504
-0.16953759
-0.05310254
0.02650215
0.02744570
-0.01277398
0.01602227
-0.00355920
0.09593575
0.21039547
-0.14818771
-0.00182876
0.11668933
0.08923832
0.21262284
0.28125593
0.01011487
0.15997767
0.01588854
0.00128584
0.03132593
-0.06691556
0.03838065
-0.10304874
-0.11303121
-0.03492335
-0.10473061
-0.02126135
-0.04977187
0.01402289
-0.11841603
0.01113750
0.12326939
0.03952119
-0.27763760
0.00227902
-0.20700997
-0.16084002
-0.15671688
-0.22063257
0.20445679
0.08772960
0.00419795
-0.11872435
-0.03233099
0.09042410
-0.04390897
-0.12834910
0.11080933
-0.04706120
-0.13867219
-0.18180439
-0.13415609
0.01108241
-0.07495242
-0.18980105
0.09987293
0.01304704
0.07820769
0.19352591
0.09388255
0.22019759
0.17601489
0.14238472
0.12906522
-0.08901794
0.01192231
0.12785685
-0.07461305
-0.03366899
-0.02202930
0.20515545
0.12160715
0.07575621
-0.01132313
-0.01184465
0.15958889
0.07961600
0.05982447
-0.01250399
0.15148939
0.15301456
0.14400922
-0.14261620
-0.08156978
-0.10535148
0.06993239
-0.00790841
-0.29611877
-0.23427333
0.06499020
-0.01752211
-0.11201826
-0.28376746
0.07639605
0.00848320
-0.09243597
-0.04951466
0.03333553
0.13780062
0.00053513
0.08169591
0.05007518
0.07596343
0.01844301
0.18246032
0.28668481
-0.15320139
-0.11870673
0.06612667
-0.16807176
-0.08556540
-0.05736952
-0.03622769
0.07621014
0.00558475
-0.02202132
-0.02820406
0.00235888
-0.12171147
-0.19819927
-0.14551066
0.02440320
-0.10216893
-0.01979858
0.02671122
0.02117413
0.11252547
0.04246096
0.01681117
0.06867707
0.12770341
-0.10237892
-0.02686186
-0.03521221
-0.04501172
-0.12785901
-0.15676622
-0.21920319
-0.17864333
0.14134511
0.22309025
0.05439737
0.06561606
-0.09451010
0.13551685
0.10474897
0.06261293
0.02351005
-0.26718390
0.08641591
0.04339917
0.12812513
-0.12310755
-0.07251015
-0.00278369
-0.09585688
0.02566454
0.10743544
0.06601924
0.02460250
-0.05939284
0.06908925
-0.04512057
-0.11721284
-0.01717121
-0.11018872
-0.06942102
-0.00288210
0.12941226
-0.15789843
0.04386140
-0.05898948
-0.15888000
-0.17802776
-0.19748241
-0.19318311
0.01060194
-0.01267415
-0.02351836
-0.12271625
0.02647155
0.13729702
0.08484548
-0.05708235
-0.06299292
0.12008429
-0.04931100
-0.02408449
0.02409108
0.07726010
-0.06849838
-0.05759807
0.02603979
0.04194638
0.25551847
0.04204850
-0.04708154
-0.04213497
-0.05063284
0.05102347
0.01802232
0.05849498
0.00025078
0.02577266
0.29407203
0.05452333
-0.01132871
-0.00895956
0.02453599
0.00829757
-0.00074756
0.09431682
0.00034786
0.07260864
-0.05347037
0.05257237
-0.04402948
0.00806427
-0.14727297
-0.00283516
0.00590350
-0.15550138
-0.30616128
-0.07001091
-0.01998086
-0.06515518
-0.08353715
-0.03610349
-0.03722002
0.03782861
0.06500233
-0.09077029
0.03596613
-0.00101164
0.01888518
0.04066853
-0.16613168
-0.09678593
-0.11782204
0.01020376
0.02363853
-0.07905538
-0.07096713
-0.11002018
-0.09836277
0.01861435
0.05816457
-0.02099881
-0.03758350
0.02453561
0.05486381
0.00646586
0.12118378
-0.02173835
0.04887301
0.07449303
0.09644070
-0.01604541
0.07684466
-0.08109492
-0.08429085
0.04725873
0.02125768
0.17100652
0.07541970
0.09534363
0.10131449
0.00025761
-0.11862971
-0.06504734
-0.06454663
-0.04111676
-0.06467906
-0.08813453
0.05681001
-0.04717204
-0.14256495
-0.07770187
-0.01141579
-0.12098888
-0.02092052
0.09323143
-0.08690901
-0.03985580
-0.02517765
-0.19187489
0.02448917
0.06011658
0.01168893
-0.05149005
-0.03382114
-0.06164087
0.02049033
0.01925079
0.04932072
0.17187123
-0.05454620
-0.05890765
-0.06463371
0.04793361
-0.04657962
-0.00619656
-0.20069191
-0.08396216
0.02382976
-0.04057829
-0.05280752
-0.12937368
0.10789957
0.09308581
0.00533305
-0.02858673
-0.04109407
0.08834733
0.07741677
-0.14700435
0.13246360
-0.04421227
-0.01614044
0.14033939
-0.04476419
-0.00141669
0.06740569
-0.02736520
0.15686682
-0.10913843
0.17455998
-0.05524725
0.01443459
0.00051420
-0.02406024
-0.09406780
0.10562346
-0.09148588
0.02716841
0.00190523
-0.08767522
0.08889253
-0.00842342
-0.03761436
-0.10080799
0.18887152
0.16987316
0.03733226
0.06661161
-0.06902098
-0.12343813
0.03221405
-0.00977700
0.04842751
0.02389187
0.11014939
0.10993430
-0.08913213
0.04850103
-0.00106036
-0.07099498
-0.05556685
-0.01600506
0.00660765
0.08855867
-0.05384317
-0.05507340
-0.02226067
-0.14147030
-0.04421396
0.00719195
-0.01775996
-0.15535118
-0.06191205
0.07283669
-0.06211459
-0.19009331
-0.10477687
-0.07793128
0.00305494
-0.06135715
-0.09977538
-0.00833546
-0.05097342
-0.08102202
0.08272593
-0.03805340
0.00887571
0.09550948
-0.01696596
-0.07870834
-0.24621801
-0.08852729
-0.08332986
0.00537974
0.10491459
0.06016721
-0.00685295
-0.02037105
-0.07872802
-0.07654166
-0.03150633
-0.02612965
0.03624486
-0.07521964
-0.03979369
0.00140048
-0.04212197
0.00428732
-0.14711033
-0.18713079
-0.11468866
-0.09654400
0.08234286
0.06944051
0.06287128
0.07528457
0.11538134
0.21081451
-0.01132130
0.18428038
0.04423442
-0.11304560
0.05524488
-0.36800644
0.08727716
-0.06478160
-0.13639829
-0.02155265
-0.17581235
-0.05110383
-0.12373079
-0.12378243
-0.08852629
-0.15028016
0.06868787
-0.09682199
-0.17221217
0.04028945
-0.03351826
-0.01683075
-0.18069562
-0.07864662
-0.12758009
-0.05926679
0.18702768
0.14226653
0.03771296
-0.08663253
-0.18853477
0.02582670
0.03043174
-0.03238946
0.09901430
0.08289470
0.03904004
0.04992424
0.06640753
-0.15911019
-0.16536738
-0.19102195
-0.10714522
-0.04939593
0.04469608
-0.01797470
-0.06528086
-0.10025282
0.08165440
0.16505237
-0.14667629
0.03706200
-0.06144132
-0.06908347
0.18134417
0.01133357
-0.14875324
-0.08888951
-0.07229727
0.14491728
-0.01323522
0.08855615
-0.09439550
-0.09717242
-0.08480456
-0.08163867
-0.05191652
0.03063185
-0.13461444
-0.06885026
0.09383395
-0.09638461
0.02357005
-0.04187516
0.06033014
-0.04572424
0.02459176
-0.06021536
0.09052406
0.06169972
-0.10105509
-0.03851081
-0.05313880
0.06619502
-0.00595166
-0.12982328
-0.08474558
0.07013939
0.07607296
-0.13747302
-0.15610470
0.05323568
-0.13980152
-0.15774383
-0.12413846
-0.07504116
0.00038129
-0.06903203
-0.28283811
0.10057781
-0.00376363
0.05073620
0.11231689
-0.10433955
0.00818664
0.05004439
-0.07074745
-0.03236664
-0.09144173
0.06289887
-0.02551431
-0.02583725
-0.10581262
0.03711182
-0.13600002
-0.00468011
-0.02168127
-0.07850288
0.04027447
-0.13496511
-0.12787066
0.02327486
-0.09975068
0.04974868
-0.10055384
0.01155093
0.01206496
0.01620733
0.15758288
-0.03239213
0.07036312
-0.10290997
0.08415268
-0.01309048
-0.08141251
0.07781179
-0.08104631
-0.04112630
-0.15768169
0.01251562
-0.05180632
-0.10914967
-0.06643513
-0.16065638
-0.18547712
-0.18210787
-0.13606933
-0.17168364
-0.14170651
0.07470765
0.07289753
-0.26521584
-0.45441121
-0.09023362
0.09501485
-0.00408603
0.03655470
-0.09685776
0.04424834
0.16811007
-0.06280425
0.21007992
0.08007149
0.10985561
-0.12251323
0.10458940
0.05702952
0.12467946
0.02980519
-0.17369480
0.06163788
-0.05688681
0.05047852
-0.09764431
-0.01577707
-0.02486995
-0.00229389
0.10914875
-0.02206418
0.07489134
-0.00761118
0.03831351
0.03622510
0.06052304
-0.14782605
0.04218981
-0.05532175
-0.02979614
0.13666396
0.05429214
0.02148442
-0.05188933
-0.01320220
0.09079261
0.04549107
-0.00317017
0.06774579
0.03840226
-0.11178027
0.06183726
0.04318180
0.07381899
0.09994913
0.14889728
0.06817014
-0.09888107
-0.22972426
-0.07432353
-0.18664163
-0.23077996
-0.12795761
-0.19168754
-0.12097062
-0.14798178
-0.03844081
-0.09763497
0.11944441
-0.10803788
-0.00153363
0.02970925
0.03175452
0.04145870
-0.04165342
-0.15578943
0.15786031
0.06866951
0.09781143
-0.00059574
-0.08379219
0.00244029
0.01299752
0.15184839
0.01547142
0.08111143
-0.18840683
0.09034324
-0.01671109
-0.06288790
0.01702733
-0.02007832
0.02705454
-0.06204855
-0.06594422
-0.12542106
-0.26601335
-0.02951010
-0.06630156
-0.08090258
-0.05568894
-0.13578101
0.19634807
-0.08555394
-0.06234865
-0.25729519
0.06783986
0.04968256
-0.00568396
-0.05127997
-0.05513190
-0.19622318
-0.02688368
0.04318440
-0.09804516
-0.02651556
-0.18809700
0.01550839
0.09059513
0.09688499
-0.16918589
-0.12652950
0.24687840
0.29004344
0.15064718
-0.00938401
0.03476989
0.27388227
0.12555031
0.03229661
-0.00934880
0.10415139
0.22223943
-0.00723237
-0.16330262
-0.07810573
-0.21427193
-0.03710058
0.03688672
-0.13100769
-0.05893356
-0.09971832
-0.07704916
0.02926504
-0.11789109
0.12941732
-0.00682827
-0.13640752
0.02559673
-0.02124416
-0.01788896
-0.00306829
0.19855313
-0.08829572
0.02481106
-0.18026394
0.10704481
0.09666304
-0.03975880
0.07849460
-0.02013256
0.09563962
-0.01760449
-0.03675104
-0.04766455
-0.18256985
-0.11820016
-0.26058441
-0.03022018
-0.03973811
0.07879207
-0.11206250
-0.28046933
-0.01481135
0.08967094
0.01114143
0.05076628
-0.04941121
-0.27853069
-0.18307446
-0.17832881
-0.12707247
0.12061858
0.16548118
0.08855087
0.02829143
-0.02980796
0.00051589
0.14122736
0.13043919
0.12884408
-0.02315114
0.00019690
-0.01221435
0.06355688
-0.02903706
0.08285595
-0.01792759
0.01362008
-0.10195815
0.14986145
-0.18106578
-0.04325173
0.00104853
0.01983580
0.04381123
0.05646189
-0.01266966
-0.07876877
-0.05440817
-0.13729352
-0.22593883
-0.08082709
-0.01279218
-0.21998194
-0.07064919
-0.05544924
-0.05412107
0.00877768
-0.12740989
0.01206473
0.14508490
0.04491676
-0.12226886
-0.09151620
-0.02706559
-0.14720148
-0.00177539
0.23875619
0.28509402
0.25629407
0.00936798
0.03254812
0.10162847
0.06944295
0.17575301
0.09779850
-0.03193268
-0.01914966
0.01200861
-0.06131598
0.16350317
0.12076709
0.09452628
-0.04631778
-0.03840379
-0.03690466
0.03748212
0.08273928
0.10052776
-0.08570823
0.05693781
-0.02632301
-0.29574481
-0.24422669
-0.25838137
0.09912597
0.11931557
-0.08647354
-0.04455087
-0.35930902
-0.00705748
0.00976885
0.03651984
-0.05949853
-0.12835768
-0.01868948
-0.08633909
0.04945478
0.06809808
0.00485397
0.04401842
0.17777519
0.13572781
0.03093546
-0.12196232
-0.18024446
0.03174913
0.16285598
0.20591567
0.18818495
-0.05957261
0.04449406
0.12455209
0.08143591
0.23844124
0.17577364
0.04733540
0.04314411
-0.04467693
-0.02875778
0.11417891
-0.03541651
-0.05470304
-0.00894639
-0.02321445
-0.00897948
-0.07547627
-0.17153189
-0.08494918
-0.07794295
0.12678365
0.31350401
-0.04747565
-0.29369798
-0.16785358
-0.00845224
0.11465142
0.08936760
-0.04130739
-0.06038046
0.03797444
-0.03392442
0.03949465
0.05092390
-0.05792274
0.06675518
-0.21347858
0.06267420
-0.10342916
-0.17113125
-0.10801556
-0.01140993
-0.11933633
-0.06354517
-0.17543682
0.06518338
0.19114378
0.07461753
-0.17477970
-0.07134163
-0.03333062
0.00088989
0.09697306
0.00656394
-0.02697768
-0.18851066
-0.11011734
0.09900498
0.05166559
-0.02543286
0.00274055
-0.01824684
-0.03082803
0.05930138
-0.01844493
-0.01331850
-0.06992778
0.06408139
0.13115789
0.04005640
-0.03768400
0.07976568
-0.11012258
-0.08499844
-0.10813123
0.02932624
0.11505353
-0.13562261
-0.11886082
-0.09339242
-0.15802382
-0.10626891
-0.21478605
0.00458717
0.02134883
-0.15662003
-0.00070801
-0.10121895
-0.04052112
0.07126461
-0.18502699
0.09836233
-0.06434390
0.21147595
0.01578244
-0.04407392
-0.32786769
-0.24890786
-0.16756132
0.10816094
-0.09258870
-0.04579191
0.21553387
-0.05894727
-0.04260747
-0.04619717
0.19091557
0.03376053
0.00326346
-0.06634469
0.19786683
0.21692438
0.02237409
0.03104129
-0.00572950
-0.00940544
0.16666101
0.21878675
0.10112270
-0.00337380
-0.13573132
-0.13276000
-0.07418890
-0.14068274
-0.16908467
-0.04991103
-0.07116724
-0.16959536
-0.13962260
-0.10895695
-0.03469789
-0.00624170
-0.08409351
-0.00778147
0.02025153
-0.02602554
-0.02769807
-0.07971454
0.00568281
0.05836517
0.05447191
-0.03466167
0.01581380
0.07015392
-0.01979212
-0.03729099
-0.18733172
-0.14243305
-0.06608326
0.03304670
0.06430853
-0.13647747
-0.13535529
-0.16263959
-0.07219736
0.04549006
0.00892506
-0.02107972
0.04539235
0.06097795
-0.24368431
-0.17909805
-0.07521302
-0.02441606
0.07123739
-0.07726737
-0.02449248
0.00918458
-0.12056314
-0.26150891
-0.06826260
0.11727923
0.05063266
0.16932897
0.13360156
0.11146698
0.12690860
0.08493048
0.09906745
0.00314176
-0.05652092
0.00054234
0.02801488
-0.08394945
0.04908693
-0.22476488
-0.08054198
0.05000539
0.11149886
0.01602995
-0.01570989
0.02750537
-0.01476291
-0.02375984
0.03819925
-0.12105347
-0.05234021
-0.13875699
-0.14039835
-0.03028715
-0.08221880
-0.11090656
-0.07050669
-0.08320910
-0.02822288
-0.14007635
-0.01489643
0.00731462
-0.07524811
-0.00343958
-0.00816648
-0.05200387
-0.12158667
-0.12279265
-0.01406254
0.04514950
0.10048866
-0.08340741
-0.18479876
-0.12701041
-0.06650005
-0.17807156
-0.19003509
-0.08752166
-0.09548838
0.07832515
-0.13934195
-0.19519314
-0.15835658
-0.12150885
0.11795209
-0.07525960
-0.00329117
-0.11677484
0.05698657
0.03703488
0.07246115
-0.06823175
-0.03952983
-0.02300506
-0.03614011
-0.00627262
-0.11432146
-0.15037905
-0.15362757
-0.07996108
-0.06505651
0.03318435
-0.09797540
0.02584371
-0.12741427
0.02423399
0.03000036
0.02823732
0.01750648
0.07738599
-0.00751502
0.07483280
-0.01971044
0.04571471
-0.04563443
-0.22009578
-0.00775392
0.06506959
0.07219132
-0.03153001
0.11660864
0.11955354
-0.05359811
-0.06083569
0.02719739
-0.08398392
0.11866429
0.13696250
0.24944174
-0.09647377
-0.06174577
-0.09971129
-0.04842822
-0.04202914
0.00427357
-0.18943469
-0.07291344
-0.28286102
-0.02231571
0.02160943
-0.13677052
0.06249782
-0.04980627
-0.00783062
0.13348028
-0.00172216
-0.06503170
-0.12163687
-0.07877295
0.00394155
-0.14507709
-0.12167548
-0.02416527
0.19148764
-0.06522767
-0.18450321
-0.00351502
-0.02048858
0.18545054
-0.12500831
-0.12950394
-0.06802274
-0.18962210
-0.00530170
-0.01611610
-0.13790998
-0.01378547
-0.00994300
-0.06678314
0.15616755
-0.04984207
-0.16531383
-0.01713630
0.00713295
-0.04438693
-0.02223244
0.04216105
0.08065160
0.10242879
-0.13335241
0.04114214
0.01342017
0.00014956
-0.02485359
0.11895378
0.08592191
-0.01529671
-0.13344324
0.01011806
-0.08495311
-0.18307045
0.06183641
0.06372668
0.09432875
-0.03058006
-0.00605167
0.08084483
0.06569144
-0.07813685
0.10343671
0.03247730
0.02736215
0.04782056
0.08461697
-0.15467615
-0.10523930
-0.11785150
-0.08961120
0.00495780
0.01478983
-0.06579595
-0.05243982
-0.08044678
-0.09517333
-0.28216916
-0.13452987
0.00327821
0.14630331
0.15969551
0.06763394
-0.00467867
-0.02374828
-0.04508431
-0.11358269
-0.03089548
0.00802862
0.04904300
0.13817984
0.12772565
0.08265014
-0.07973748
-0.00700847
-0.04714791
-0.06182250
0.04146847
-0.18677405
-0.14440349
-0.12171014
0.13540988
0.13375553
-0.19647014
-0.03904811
-0.03106903
0.12879728
0.09103944
-0.14726627
-0.09326310
-0.11786690
0.02566650
0.04570484
0.00838915
-0.04419450
0.11492527
0.14907278
-0.11138821
-0.07908951
0.04008697
0.14223920
0.24233335
-0.12987456
-0.05559571
0.05996301
-0.01932734
-0.09137863
-0.09348670
-0.07808919
0.01009262
-0.06492756
0.11051652
-0.05758039
-0.01957888
-0.08846513
0.00691413
-0.00490327
0.02236468
-0.11447751
-0.01331921
-0.22590598
-0.19563715
0.03899680
-0.11600301
-0.05815771
-0.05160007
-0.12757429
0.03459179
-0.06450264
0.08871019
-0.12409585
-0.12352619
0.12577194
-0.06191049
0.13160425
-0.04313368
0.02797071
0.14741771
-0.06896811
-0.08451026
0.03986788
0.09169499
0.00349872
-0.06486338
-0.08419526
0.01018233
0.13729413
0.05218066
-0.01833166
0.05555996
0.09139287
-0.00445821
0.11918426
-0.01216295
-0.00808175
-0.03040978
-0.13002837
-0.04066675
-0.11039031
0.04214734
-0.21512964
-0.05782846
-0.01502568
-0.09397771
-0.01764674
0.03241413
0.01621646
-0.00260076
-0.10195301
-0.08967854
-0.06596036
-0.07885579
0.00392175
0.03237043
0.00770284
0.07569375
-0.07456760
0.12436046
0.01956889
0.10199115
-0.06101345
-0.13446324
0.08471355
-0.00337687
0.03572103
0.07406493
-0.03203339
-0.06511166
-0.07686187
-0.01533945
0.09604114
-0.05174436
0.10166878
0.17872483
0.12471929
0.16868705
0.05011832
-0.03612073
0.11156683
0.23120977
0.10413443
-0.10245638
-0.07027303
0.12430301
0.03801453
0.02520784
-0.09508315
-0.11485370
0.18362054
-0.12836416
-0.01570430
-0.01766966
-0.03125112
0.03758749
0.07416358
0.05481687
-0.04925140
0.01823764
-0.04656903
0.06066663
0.04737764
0.00538382
-0.01253157
-0.11382024
0.00218023
-0.06017219
-0.14787294
0.03298055
0.02540722
0.09241739
-0.09215434
-0.21182789
0.08534189
-0.09753250
-0.03831922
-0.05653606
-0.12646051
0.20718311
-0.04261169
-0.09154883
-0.17998746
-0.03958380
-0.06076924
-0.04430770
-0.05529559
-0.00110600
0.01947324
0.12389951
-0.12650941
-0.07438333
-0.02861615
-0.00333484
0.04004283
-0.09282120
-0.07287301
-0.03322278
0.10715229
0.05074298
0.03322380
0.04501465
0.09375352
0.14909889
-0.21220499
-0.20241542
-0.06981925
0.18795671
0.23600584
-0.12727103
-0.09020070
-0.00690766
-0.05519726
0.10052428
-0.02259005
-0.10826991
0.02553185
-0.00441779
0.25696787
0.04672544
0.08760373
0.01610398
0.02168803
0.09523132
0.05712150
0.13121146
-0.03662317
-0.02469793
0.21858808
-0.12806788
-0.09000014
-0.09365249
-0.12856071
-0.17254065
0.01536852
-0.06380471
0.04018731
0.02759003
-0.05310714
0.08752261
-0.00166941
-0.26785186
-0.23253995
-0.26950306
-0.09014051
0.04186916
-0.01887426
-0.12632564
-0.15906838
-0.22036035
-0.08805018
0.01277944
0.00052010
-0.08008347
-0.28561446
-0.02029633
-0.03568214
0.12537839
0.13057153
-0.21785703
0.18347175
-0.05530726
0.14524576
-0.12656693
-0.33825222
0.06777436
0.01042146
0.14148013
-0.23793539
-0.08810505
0.00711486
0.06852216
0.03668744
-0.02159723
0.01492341
0.19693793
0.10531908
-0.05419991
-0.01359388
0.05217719
0.35357240
0.07559201
0.02943645
-0.00295968
-0.08356217
-0.09227952
-0.07926692
-0.00719338
0.03928861
-0.00258407
0.08220653
-0.12229863
0.00757026
0.21427326
0.12395058
-0.02998569
-0.03134621
0.00687690
0.01951662
0.32545209
0.06933492
0.06601617
-0.05396985
-0.02822351
-0.07333486
-0.08274464
-0.01753037
0.04955595
0.16993520
0.04202057
0.21768184
0.06606308
0.21377678
0.08140364
0.07992607
0.01121924
-0.06669990
-0.24369070
-0.08946542
-0.10429224
0.10559309
-0.11202461
-0.06676663
0.07331826
-0.07578112
0.02368686
-0.08810698
-0.03485342
0.09975618
-0.01564882
0.16571794
0.09876055
0.12831421
0.01426437
-0.00145177
0.04232229
0.00249148
0.05887428
0.07318724
-0.04146769
-0.13410036
-0.02050723
-0.09665488
0.16429815
-0.10393532
-0.32445350
-0.22259405
-0.23794089
0.02017218
-0.05338288
0.08251449
-0.05694498
-0.10472817
0.09426764
-0.00739422
-0.00683235
0.06755336
0.13989139
0.06665751
-0.06934835
0.00893029
0.05400123
0.04317459
0.00488644
-0.04348039
0.02407234
-0.10393269
-0.13257392
0.14573161
-0.12147075
-0.08478820
-0.12881897
0.04865233
0.20543502
0.23173551
0.26809976
0.07675525
-0.06249990
0.16375344
0.00767509
0.03402374
0.09082846
0.04613172
0.02503660
0.04626693
0.04527091
0.02605359
0.06747308
0.24484339
0.05691662
0.16133294
-0.07157901
-0.06293156
0.04049728
-0.13742498
-0.14865872
-0.19873990
0.01615588
0.16480590
0.01209594
0.05567468
0.05869971
0.02404568
0.14135787
0.02293091
-0.00447112
0.00031793
0.16890675
0.31830773
-0.12198909
0.07322650
0.10489454
0.06748419
0.10285635
-0.19686976
0.06139604
0.01541772
0.01887598
-0.04578731
-0.12245192
-0.02065961
0.01158675
0.05991488
0.00528089
-0.05700115
-0.02028971
-0.01780954
-0.08561946
-0.08323883
0.18784149
0.10863894
-0.01522158
-0.12989496
-0.17856616
0.04153832
0.03749306
0.01883733
0.14487524
0.02881827
0.10487194
0.19105820
0.10541049
0.05368594
-0.06535453
0.00474174
-0.06254811
-0.27595133
0.05253289
-0.00367178
-0.07061759
-0.17283596
0.07313568
0.06635714
0.12323543
0.00909603
-0.05359103
-0.04568745
0.07395183
0.14527769
-0.03295373
-0.11227918
0.10589869
0.02317473
0.11258320
-0.12345053
-0.08733869
0.01166733
-0.01073810
-0.03948699
-0.12221795
-0.24645285
-0.15363346
0.08221664
-0.03082397
0.04543438
-0.13325658
-0.08836254
-0.18503620
-0.10929616
0.16165298
0.04136731
-0.07631714
-0.21161976
-0.12585236
-0.03640128
0.12153161
0.01495759
0.02799661
-0.07527772
-0.06058649
0.03538482
0.09329730
0.39705214
0.23382553
-0.04555012
0.00298601
0.01885208
0.20335287
0.14583814
0.12632833
0.03562603
-0.04291948
0.10879464
-0.01317684
0.20907553
0.17193946
0.03469140
-0.07404666
-0.04345465
-0.14110719
-0.06064128
0.00101511
0.15205730
-0.09964973
-0.28822428
-0.13523839
-0.09032211
0.01310030
-0.09969937
-0.21989605
-0.07422195
-0.13644908
-0.07945293
-0.14793988
0.01405711
0.04846184
-0.04382972
-0.01274691
0.00140117
0.07243695
0.08367949
0.04647139
-0.19500342
-0.11598963
0.04141979
-0.04652698
0.05599897
0.01606896
0.05314520
-0.07753970
-0.01010740
0.14665814
0.06693151
0.08497965
-0.04056619
-0.03908083
-0.06393512
0.06254467
0.04655275
0.03778941
-0.17157623
0.11706119
0.07904134
-0.06784467
0.24565886
0.12136540
0.18618010
0.00628353
-0.01312107
0.03475668
0.01355823
0.05638132
0.05319493
-0.05544497
0.06756174
-0.04991470
0.13786283
0.10684787
-0.03267787
-0.04614384
-0.03511499
-0.04137598
-0.04605141
0.10211091
0.07697497
-0.03319314
0.05497281
-0.24712071
0.16411588
0.02862138
0.01381284
0.07827280
-0.19549489
-0.07924157
-0.07677998
0.02107199
0.02573681
-0.09601231
-0.23265141
-0.05230841
-0.14651816
-0.05288636
-0.05183936
-0.08768922
-0.01218265
0.06740313
0.12862381
-0.02050520
0.01761813
0.07220320
0.19872747
0.20244561
0.00619682
0.03167092
0.11273404
0.06112394
-0.03950525
-0.06025121
-0.04383010
0.00389043
-0.08675525
0.08037537
0.13838843
0.10526745
-0.01614027
0.10790857
0.03045804
-0.09167264
0.09645433
0.10333209
-0.06751755
0.00187740
0.07064795
0.19190796
-0.20109726
0.11185332
0.09077837
0.05206595
-0.08233522
-0.03118843
-0.10993128
-0.07273838
-0.07431366
0.06292283
0.04291584
-0.13772434
-0.05462892
-0.07323924
-0.01226939
0.00665394
-0.02449640
-0.17013822
-0.01760221
-0.06546711
0.29996565
0.25018495
0.19965863
-0.02696991
0.01037181
0.20532148
0.02007963
-0.09398922
-0.05010623
0.12142577
0.00059281
0.01879114
-0.14637308
-0.17958239
0.02384904
0.15037261
0.01558167
0.08035687
-0.10958841
0.00087548
0.02474231
0.00933576
-0.13588949
-0.03276085
-0.00567066
-0.09014793
-0.17873624
0.00374604
0.17669775
-0.07972390
-0.10505894
0.15687104
-0.15475471
-0.07104017
-0.05193745
-0.00185270
-0.00476395
-0.09546034
-0.08570347
-0.11518860
-0.05736211
-0.13414046
-0.24363607
-0.12393769
-0.10555398
-0.01822271
0.05623854
0.01284408
0.13037843
-0.09621582
0.14093906
0.07819113
0.04152525
0.13742165
0.02019606
0.01642113
-0.21177572
0.10494401
0.01345680
-0.07839587
-0.05800444
-0.10817907
-0.25467759
-0.05375466
0.11316323
0.04581915
-0.07631093
-0.16876014
0.09559443
0.11567518
0.01300196
-0.02406700
-0.04785136
-0.05479020
-0.15642257
0.09701165
0.15288769
-0.00857330
0.01396091
0.14877500
0.05903907
-0.15467733
-0.04487659
0.05074128
0.15752552
-0.15266639
-0.06175699
0.01617299
0.05617967
0.08543605
-0.08993686
-0.30984744
-0.15449408
0.06643142
0.08812626
-0.00294613
-0.10249344
-0.20808192
-0.11481923
-0.30038708
0.10557439
-0.06134014
-0.02847201
-0.07197032
-0.02641844
0.16733138
0.17502926
0.05473966
0.06424671
0.08470517
-0.00112970
0.05121671
-0.08670063
0.02175314
0.22132908
-0.12267160
-0.08920538
-0.10511285
0.10255109
0.24915215
0.16228549
0.21191674
0.18629055
-0.02890049
0.01087326
-0.00069081
0.16239694
-0.05067518
0.05228737
0.15086474
-0.16318762
-0.11097847
-0.07495733
-0.00449280
-0.05881661
-0.06004114
0.06309428
-0.09017212
0.08782069
-0.02902814
0.09973522
-0.03258621
0.00606753
0.01284670
-0.07056697
-0.26370880
-0.22175911
-0.02744300
-0.16616654
-0.23072034
0.16501790
0.08496780
0.14910783
-0.02941452
-0.13217884
0.08912915
0.00576204
0.14865759
-0.07865490
-0.05906831
0.00455709
-0.07040696
-0.07519954
-0.09719063
-0.08370854
0.20542432
-0.05409678
0.12153994
0.06378923
0.06587563
0.05007309
-0.12525848
-0.15155175
-0.00175922
0.01471497
-0.16668864
-0.19050871
-0.00539213
0.00492705
-0.18516317
-0.15140483
0.00498307
0.08386199
0.02186924
0.05673953
0.06258803
0.03404424
-0.07853042
0.03748412
0.12144972
-0.00441966
-0.16185082
-0.23894019
-0.07359175
-0.03832697
-0.35382071
-0.13088013
-0.02303271
-0.04679397
0.00684285
-0.08127941
-0.00567492
-0.05008505
-0.05486767
0.15112181
0.10809960
0.18538362
0.12583494
-0.03469278
-0.05884939
-0.13463104
-0.04923503
0.00824628
-0.14302699
-0.16587304
-0.03718528
-0.10127515
0.00031441
0.04727068
0.02134285
0.11062081
0.10892350
-0.03723122
0.02210377
0.04065054
0.01563664
0.26898152
-0.23698214
0.01904966
-0.03358525
-0.12300236
-0.21497385
-0.16141544
-0.06671353
0.08204529
-0.05867384
-0.12151773
0.07946148
-0.03819991
0.06333258
0.03478127
-0.08402810
0.11101928
0.16063425
0.05704144
0.10197651
0.11819805
-0.07052832
0.06959320
-0.04250078
-0.00917971
0.08002260
-0.19140418
0.01525805
-0.05443761
-0.08056348
-0.05912792
-0.11819378
-0.23425259
0.13959636
-0.00258159
-0.03518751
-0.05752066
0.00250372
0.07492071
0.08698109
0.00829435
-0.09260999
-0.08079837
0.13151382
0.13325506
-0.05879532
0.05187078
-0.03428074
0.01898403
-0.07131672
0.08342194
0.10592649
0.00036565
-0.03139469
-0.11059021
-0.14555569
0.02002042
0.03921882
-0.00912455
-0.09873068
0.09385055
0.01485285
0.05858380
-0.02841836
0.18572719
0.11831805
0.02549678
0.10992521
0.02757262
0.02985309
-0.07924689
0.00475185
0.00447768
-0.03712792
-0.20793313
-0.18043125
-0.13714585
0.04527929
0.05528424
-0.16647235
-0.12945791
0.13765837
0.03114541
0.03488588
-0.02382393
-0.13845372
0.03495563
-0.01020741
-0.00166584
0.18146959
-0.08207236
0.08944146
0.01355426
0.13889328
0.04657113
0.11081709
-0.06203403
0.00993984
0.01668729
-0.09991971
-0.03924835
0.04273537
-0.09010655
-0.14154200
-0.03957902
-0.05515791
-0.07400586
-0.21566965
-0.12882173
0.00343246
0.01332238
0.02774716
0.00844780
-0.04918852
0.16297786
0.15827404
0.14206129
0.13528678
-0.01951762
0.15571125
0.07221248
0.04699011
0.08996964
0.21959209
0.06266521
0.10685316
0.07544472
0.01947352
0.07582536
-0.13019548
-0.00412702
-0.02097113
0.00882872
0.02593863
-0.19571924
-0.19719344
-0.19051103
-0.12784843
-0.14360937
0.03750308
0.03215984
-0.07230362
0.00110523
0.25521341
0.04537152
-0.08795723
0.13172145
-0.06762778
0.00273259
-0.17639443
-0.07115672
-0.00115639
0.04950728
-0.11257273
-0.12421808
-0.14288878
-0.08923988
-0.09824961
-0.16451773
-0.14014554
-0.03141746
-0.02005101
-0.23194180
-0.15484427
0.18195201
-0.06440008
0.03462056
0.00217554
-0.03405678
0.20051852
0.12429685
-0.03231013
-0.11250179
-0.12509038
-0.06187452
0.19369335
0.09080807
-0.02662070
-0.02028748
-0.25324959
-0.01303715
0.09396374
0.13067710
0.04932677
-0.04258441
-0.03006909
-0.20382831
-0.27545288
0.04354881
-0.10176297
-0.02473413
0.14635117
0.00313854
-0.03230761
0.05245798
-0.01877329
0.03730799
-0.11480644
-0.06074203
-0.06385590
-0.05893104
-0.07595823
-0.18655394
0.03779798
-0.01980668
0.15582678
0.12194417
0.00719855
-0.12932688
0.14893311
0.17057969
0.07316686
0.12046211
0.00537109
0.02000908
0.09652441
-0.03597255
0.00293079
0.07595523
0.05170883
-0.02944268
-0.10100532
0.00404880
0.15040886
-0.01748395
-0.20827562
0.05712758
0.01382357
0.09215814
-0.22299704
-0.11892331
0.08496838
-0.01567944
0.08505923
-0.25625908
-0.21707363
-0.09290380
-0.09499730
-0.10078437
-0.24420746
-0.02287350
-0.15426522
-0.18064913
0.21386550
0.06330074
-0.09828993
-0.05996165
-0.03777775
0.13351399
-0.23100820
0.11429156
0.03553068
-0.07842880
0.10210741
-0.23870206
0.13119842
0.05538357
-0.09777495
-0.06404323
-0.10204767
-0.02157404
0.03313882
-0.04755687
-0.09927548
-0.01676247
-0.08447541
-0.06458095
0.02590587
-0.08849426
-0.02020948
0.08541919
0.02795180
-0.02322474
-0.10864826
0.08730334
0.09566960
-0.09010003
-0.14882393
0.02403331
-0.00156077
0.01507443
0.00944098
-0.08461753
0.04504073
-0.02905449
0.04604302
0.12099314
-0.09804572
-0.11088689
-0.13960913
-0.00149734
-0.21218731
-0.06285708
0.17207834
0.01323018
-0.02064762
-0.02696257
0.07106519
-0.01148645
0.03598847
-0.03834366
0.01185191
0.09285050
-0.06854147
-0.01287717
-0.00283141
-0.11430155
-0.06114354
0.07359102
-0.01347597
-0.02111693
-0.09310098
0.04290675
-0.15751950
-0.02120600
0.05789354
0.08447338
0.04973497
-0.06073900
0.05430257
0.04426851
0.09314478
0.14210661
0.19948144
-0.00873508
0.08922612
0.09335262
0.19894992
0.08786075
0.12789012
0.20857738
0.11764918
0.07143695
-0.04425381
-0.30094057
-0.33181298
-0.29331088
-0.12048582
-0.17521651
-0.11926820
-0.11258024
-0.02318090
0.04706537
-0.10264385
0.01502918
0.01688198
0.09456331
-0.01663094
-0.10187418
-0.11913575
0.03616576
-0.10217754
-0.03728552
-0.18917395
-0.13478152
0.01176070
-0.16156052
-0.09838954
0.00464495
-0.02048904
0.20940709
0.21507096
0.02935324
-0.03559856
0.22178763
0.15938467
0.01231211
-0.05067292
-0.05517355
0.06611846
-0.00745062
0.07087491
0.05554885
0.08296553
0.09351805
0.01879923
-0.04151227
0.07111540
0.09642591
-0.01197259
-0.11508383
-0.06807628
0.04982547
0.03095945
-0.37066102
-0.33508670
-0.17164734
-0.10502980
-0.14509563
-0.04018739
-0.01285463
-0.05806374
0.09295888
0.00317035
-0.08395825
-0.08497071
0.09776882
-0.14704181
-0.19571610
-0.03157142
0.11807244
-0.11646415
-0.24102809
0.03892808
-0.24813117
-0.07223632
-0.16156997
-0.14787903
-0.15726048
-0.14794475
-0.06049507
0.00010531
0.18466809
0.08231378
0.14569364
-0.03945720
-0.08353276
-0.00556889
0.09515113
-0.13114719
-0.08416919
-0.02580795
0.01118002
0.23069590
-0.15337695
0.01045518
-0.09734143
0.08449797
-0.17097975
-0.02712298
0.01303578
-0.03059372
-0.13631944
-0.02912173
0.06322823
0.03851480
-0.04894994
-0.01863500
0.33815324
-0.04791782
-0.16388093
-0.19093414
0.02411955
-0.04067942
0.13329259
-0.08695940
-0.01104514
0.06600172
0.08428714
0.02382836
-0.18169737
0.01777917
-0.01331786
-0.07647376
-0.11417031
0.12135902
0.06838630
-0.00218639
0.01395129
0.01123951
0.07801822
-0.00154790
0.04708745
0.07448363
-0.14460419
-0.31588918
-0.26920280
0.01657459
0.22284405
-0.28293976
-0.14263587
-0.09002338
0.04750359
0.05814899
-0.11155098
-0.03365485
0.00565208
-0.10902824
-0.02988668
0.01128586
-0.18717998
-0.06588414
0.00141202
0.10655001
-0.20752387
-0.04430914
0.08839061
0.14216886
0.03649864
0.06633470
-0.09739052
-0.29707760
-0.21978185
-0.12758717
0.04823953
-0.14432459
-0.08698813
-0.13445626
0.03363229
-0.02192596
-0.15838309
-0.11685000
0.02345573
0.26441240
0.03482180
0.12934828
-0.04466544
0.01200361
0.14329079
0.10954405
0.05416444
-0.00414905
0.16941261
0.11806056
-0.20831133
-0.07093620
-0.05108188
0.06495594
0.03419640
0.11106696
0.01075294
0.19778341
0.13951190
0.09186223
-0.13664612
0.10780013
0.08992244
0.04206046
0.11321371
0.18089931
-0.00276650
-0.01921483
-0.07222883
-0.09297936
-0.06662919
-0.10647761
0.02895690
0.12142716
-0.14034660
-0.15081665
-0.03355946
0.11172473
0.09509805
-0.19053721
0.09657234
-0.08715991
0.04177032
-0.09983346
-0.16297582
-0.20211196
-0.02465042
0.10584172
0.12088373
-0.03379939
0.02665476
0.09650165
0.03383142
-0.11658812
-0.11324327
-0.04796026
-0.06081204
-0.07059053
-0.06150012
0.00520741
-0.19337420
-0.14124818
-0.05336137
0.00126022
0.11259411
-0.15961277
-0.05505952
0.13490395
0.07399839
0.07545341
-0.03335099
0.06954972
-0.02829904
0.03084649
0.01153087
-0.07232612
-0.07854879
-0.00540084
0.07994977
-0.00704144
-0.05439020
0.08690211
0.10361550
0.09935282
-0.15618384
-0.17501299
0.02783202
-0.01489907
-0.04104365
0.10855162
-0.02155992
0.06615631
0.04056377
-0.06707474
0.09942138
-0.07460278
0.07333183
-0.02830658
-0.09758268
0.12385289
-0.03027345
0.02715499
0.09076764
-0.02409544
-0.07231374
-0.02815640
-0.10911320
0.04325648
-0.26910672
-0.07979816
-0.04758552
-0.05652219
0.05470645
-0.08516634
-0.18401016
0.12826249
0.14844736
0.07680606
-0.10105730
-0.10111826
0.09639997
-0.00983810
0.10930591
0.10274753
0.04314023
-0.08310638
0.03225445
0.18502875
0.09351860
-0.15986794
0.10938973
0.01623648
0.02710377
-0.00107417
0.06060455
-0.01070079
0.12137190
-0.00853936
0.29460242
-0.02282937
-0.09343172
0.05916322
-0.15692821
0.01356433
-0.04676651
-0.00197332
-0.01905842
-0.01726413
-0.04138746
0.05447343
-0.02512503
-0.01468450
0.08010001
-0.14297511
-0.19941351
0.11026032
0.00723381
0.00428275
-0.14429666
0.03010690
0.00256455
-0.10973606
-0.27865908
-0.00030095
0.19510850
-0.04506043
0.02093557
-0.02734045
0.10000572
-0.05160610
0.11270147
0.01475527
-0.09986154
-0.04498914
0.00689813
0.08922431
-0.03038700
-0.09055469
0.06897403
0.00021741
0.09477353
0.13218221
0.07026338
-0.11579831
-0.07668455
-0.29273081
0.02813623
-0.00482068
0.03276365
-0.14029300
0.07434200
0.15450859
0.11410466
-0.09776751
-0.15780766
0.09749875
0.03025780
0.06661011
0.02863509
-0.06485303
0.07302705
0.17951722
0.02872266
0.00010506
-0.03472875
0.02200049
-0.06691648
-0.05077255
-0.11488475
-0.08149535
-0.08483172
-0.05464492
-0.04838919
0.08453359
0.05595759
-0.10935032
0.02716765
0.22553110
0.21259962
-0.04875566
-0.15895021
-0.06539745
-0.07538604
0.01815107
-0.22302032
-0.01550547
-0.04950638
0.10655313
-0.01978495
-0.23101674
-0.03278486
0.01593423
0.07695022
0.07920593
-0.04273222
0.04294058
-0.04322837
-0.02511312
0.02615244
-0.17621346
-0.09583195
0.01530445
0.03448219
-0.01034836
-0.14002156
-0.03687229
0.09941081
-0.07235203
-0.11149303
0.04201955
-0.02318032
-0.02490599
-0.15967944
-0.12039611
-0.03643446
-0.03809933
0.01566555
-0.04872469
-0.02934360
0.02862837
-0.03480174
-0.10097922
-0.08654354
0.18263376
0.33156461
-0.38856217
-0.14445877
0.11122415
0.20016673
0.08908202
-0.26503676
-0.24163659
-0.08872150
-0.06074076
0.01007790
-0.09752472
0.03779430
0.11458553
-0.09343991
-0.06854574
-0.09080243
-0.06885688
-0.00160070
-0.04466663
-0.02861142
-0.14977099
-0.01988407
-0.08893669
-0.20053370
-0.04920119
0.04255724
0.10904446
-0.16259059
-0.04931230
-0.00530320
0.01073342
0.18707696
-0.09865665
-0.08186068
-0.01597500
0.02326207
-0.00449305
-0.16823304
0.08271026
0.10572893
0.13383158
0.01745939
-0.11764210
0.14370885
0.07044545
0.04802380
0.11320207
0.06942211
-0.05718290
-0.04129548
-0.03049159
-0.03954643
-0.02004619
-0.01407846
-0.10626812
0.01262543
-0.10236791
-0.10877710
-0.16627127
-0.21182963
0.00166505
-0.12790868
-0.10965062
-0.19556805
-0.17262386
-0.09243818
-0.02456479
-0.02629623
-0.15076834
0.03640530
-0.04971984
0.18645519
0.03112673
-0.21395034
-0.16296284
0.00016170
0.06980594
-0.05285236
-0.22425993
-0.06372760
-0.06371721
0.16066261
0.09711146
-0.08162192
0.02845848
-0.24995488
0.08303248
0.16718593
-0.04331122
-0.20828207
0.00034678
-0.05005914
0.14773317
-0.06232841
-0.01899163
0.07514673
0.14355695
-0.01044917
0.05972171
0.12893276
0.00413422
-0.13692747
-0.08864065
0.10001171
0.05142376
0.03320020
-0.16023818
0.09751073
-0.01395867
0.08076891
-0.04884456
-0.10863128
-0.07334737
-0.03595510
-0.04304200
-0.06721162
-0.02214681
-0.01465214
-0.02066425
-0.08139605
-0.17716390
0.04260732
0.08054361
0.17834176
0.12721227
-0.21097107
-0.02899340
-0.04977843
-0.02139525
0.01006228
-0.11676550
-0.12865172
-0.24378571
-0.04578144
-0.02734259
0.09763379
0.00500681
-0.05879038
-0.00866814
-0.04870756
0.14103131
0.11282612
0.22336727
-0.07705256
-0.01844984
0.09831951
0.07907048
-0.00370066
-0.01969388
-0.02291125
-0.06534740
0.01739581
-0.06483397
0.05805207
0.02105784
-0.12167310
-0.12717333
-0.02619222
0.08428416
0.04479850
0.08540235
-0.08551735
-0.13547049
0.07081679
0.11535236
0.12829274
0.09842660
0.02525772
-0.02839754
-0.00287409
0.10469451
0.02967257
-0.08237848
-0.15378509
-0.16505878
-0.13295804
0.09986914
0.05594270
0.11482464
0.08792839
-0.14802617
0.02548319
0.13848622
-0.03041360
-0.28037781
-0.06433650
-0.07192262
-0.09518750
-0.05778541
0.06367928
0.18302295
0.28652546
0.04479030
0.06454127
0.05955168
-0.02217801
0.09659176
-0.10571516
-0.11593752
-0.15138723
-0.24955180
-0.13545063
-0.10750324
-0.05357509
-0.10416933
-0.19548681
-0.13280284
-0.03365895
0.04144099
0.02922689
0.22290234
0.24260205
0.08983982
0.08037329
-0.01021459
0.11350953
0.00761162
0.01224513
-0.08259033
-0.09121257
-0.03801173
-0.32790601
-0.05835195
0.03174306
-0.02580170
-0.20638129
-0.23166592
-0.04976672
-0.02015646
-0.03867184
-0.11409156
-0.32484472
-0.10073789
-0.07998479
0.09745022
-0.15629435
-0.18678980
0.06103396
-0.03538631
0.14924137
0.08487486
0.02569567
-0.05251718
0.11107101
0.13082981
0.13068047
0.06543313
0.01375726
0.04208301
-0.03135553
-0.12193689
-0.23604847
-0.13424970
0.04912533
-0.00809649
-0.26466155
-0.21727256
0.01781080
0.19448556
0.09202352
-0.17041753
-0.06281722
-0.07617798
0.06309768
0.06291508
-0.07101612
0.05302265
0.02231647
0.15152401
-0.04400522
-0.16863833
-0.20521763
-0.13471708
-0.29493377
-0.05888588
-0.13535242
-0.11865856
-0.06418113
-0.07322229
-0.17564495
-0.12154882
-0.02931197
0.05381497
0.02727408
-0.17652267
-0.14568569
-0.03067167
-0.10239073
-0.19899194
-0.33560306
0.02272075
-0.02921310
-0.02206414
-0.11579278
-0.17436825
-0.02747983
0.09849345
0.03506969
0.09423961
-0.02897810
0.06240682
0.03270398
-0.08719507
-0.11457429
-0.36990520
0.03093390
0.04286719
-0.04000079
-0.11782342
-0.22276740
-0.13562618
0.04055166
0.08150996
-0.00199719
-0.10900018
0.01989063
0.02730262
0.01384158
-0.06600448
-0.12654820
0.24347824
0.11231731
0.09642286
0.01482439
-0.12055536
0.10934423
0.15133965
0.01220184
-0.06045241
-0.00796693
-0.05922036
-0.05035913
0.06297436
0.13821274
-0.00548101
-0.20383677
-0.15460676
0.09685335
-0.09574014
0.28897947
-0.01110585
-0.05072587
0.03428885
0.02863274
0.15411064
0.14869957
0.11810242
-0.07746947
-0.00957281
-0.36552182
0.13645777
0.18399826
0.10361004
0.10582347
-0.29849017
-0.06245200
-0.01615390
0.00450364
0.02889324
-0.00995606
-0.02231838
-0.03445739
0.12098754
0.10150021
-0.13763021
-0.09623635
-0.01801454
-0.03173973
0.01842915
0.02002822
-0.09914400
0.15158778
0.16149139
0.19578907
0.04827882
0.03516445
0.00108045
0.00715504
0.06771079
0.11142597
-0.12121583
-0.05704451
-0.04711686
-0.07047860
-0.20504287
-0.09901853
-0.14026943
-0.11725390
-0.08088262
0.01314850
-0.00548701
0.13508898
0.01781300
-0.01088949
0.00395522
0.19750120
0.08255336
-0.04884175
-0.13392742
-0.26926106
0.26536807
0.12554687
-0.09338418
-0.04816129
-0.10941204
0.16418748
0.00160687
0.01038074
0.05167042
0.06646950
0.10593846
-0.01402838
0.01953674
0.01501028
-0.07954325
-0.01538791
0.02440066
-0.01758477
0.00618896
-0.04092405
-0.11257675
-0.19412664
-0.05023914
-0.03790157
-0.11336707
-0.21650110
-0.21725243
-0.05696170
0.00003025
-0.10298992
-0.06603264
-0.02043507
0.14252250
-0.08405284
0.05364418
0.14095356
0.02883147
-0.08186224
0.01929211
0.01282694
0.07727235
-0.07522176
-0.18738346
0.05703209
-0.13992220
-0.12625381
-0.09533960
-0.10064510
-0.13577977
-0.01900981
-0.10039295
-0.09438963
0.03259385
-0.03238586
-0.08941133
-0.00779435
0.12702301
0.27204093
-0.06004379
-0.11664197
-0.08318832
0.02368953
0.02144518
-0.07509463
0.14262685
-0.01281887
-0.07592807
0.01177841
0.11248130
-0.05073946
-0.21649581
-0.03875586
0.21457179
0.06354019
0.01796039
-0.44029906
-0.13901970
0.10323080
0.05935251
0.04234553
-0.44434297
-0.01487498
0.08574767
-0.01522785
-0.03265424
-0.28636700
-0.13903172
0.04673864
-0.07962764
-0.03525971
0.02552378
0.09364397
0.00382059
0.00087758
0.07952994
0.12588553
0.04631646
0.08004141
0.11881677
0.13161124
0.12549232
0.13793041
0.01734291
0.04245571
0.03837355
0.18773833
0.01093688
-0.03920366
0.00989973
0.03777652
-0.14938593
-0.04732742
0.04573870
0.03058526
-0.00560927
-0.14638869
-0.01729858
-0.03494440
0.00057116
0.01254604
0.08406952
0.22826436
0.07740226
-0.13543008
-0.06435157
0.04343762
0.18751159
0.12092443
-0.11798585
-0.13934158
-0.04594989
0.17500666
-0.18714869
-0.15950644
-0.02327807
-0.03271074
0.10521612
-0.01919307
0.00232049
0.13420674
-0.03891235
0.02442856
0.01201409
0.07264605
0.00312915
-0.20444451
-0.18149027
-0.23178974
-0.17849353
-0.16076158
0.05119020
-0.18175647
-0.15620558
0.04980329
0.11491240
-0.02549087
-0.10656004
0.15060937
0.13439859
0.20512360
0.16730848
0.05183840
0.09045859
0.05378759
0.04527206
0.09965187
0.11916036
0.01640677
-0.04829017
0.12464130
-0.39623523
-0.15941474
-0.11430310
0.09052270
0.25118458
-0.11566824
0.04229802
0.03774774
0.13295908
0.20199612
0.17631508
0.00350335
-0.11865976
-0.06717850
0.12333774
0.00964134
-0.01056496
0.07057618
0.06150156
-0.07230377
-0.08648599
0.12211366
-0.00725763
-0.12805434
-0.05122599
0.05648320
-0.00896549
-0.18265267
-0.01760436
-0.06389004
-0.05123081
-0.03712644
-0.11851439
0.03269665
0.03175050
0.08725659
0.10787701
-0.01867904
0.10211182
-0.05982244
0.21640849
0.00851656
-0.18077119
0.00823441
-0.02009892
0.16991551
0.00278616
-0.07034881
-0.03858528
0.08405289
0.18391633
0.25801817
0.04863890
-0.10036913
-0.40175861
0.11735942
-0.01464491
0.01272924
0.04914906
-0.01167995
-0.08525933
0.01431216
0.24305801
0.01641828
0.00506113
-0.14024286
-0.05665021
-0.00650916
-0.01374528
0.05075550
-0.11976358
-0.08471867
-0.04567109
-0.07992986
-0.21942852
-0.05601793
-0.23503307
-0.12535015
-0.12896615
-0.00314393
-0.12739916
0.12834600
0.07599026
0.19135714
0.00225718
0.00437524
-0.13354133
0.06458952
0.05185735
0.04193561
0.01026888
-0.05874633
0.14019029
0.22235163
0.06001080
0.11639084
0.02454484
0.06854914
0.02369075
0.12658875
0.33854976
0.05010419
0.08358189
-0.04104805
0.01426623
0.00144351
0.06134415
0.05017782
-0.06496547
-0.03029962
0.01570543
0.10401991
0.03083910
-0.01643179
-0.21669810
0.07796174
0.07724731
0.01300332
-0.04036992
-0.14855503
-0.04572164
-0.02848233
0.18136287
0.16952650
-0.11206500
-0.04682670
-0.02942928
-0.22902116
-0.15677385
-0.20214027
0.05179418
-0.05300877
-0.21362375
-0.28716031
-0.08997413
0.09886874
0.05444532
0.03454269
-0.11848247
-0.00635795
0.13918635
0.08414144
0.20363034
-0.13228185
0.04313884
0.05386512
0.00888094
0.05205952
0.00112465
-0.06542748
-0.20500217
-0.27479696
0.03217889
-0.06103894
0.05202389
-0.19528268
-0.01107331
0.01415153
0.06780715
0.05005121
-0.10223458
0.22289470
0.10266279
-0.03009587
0.10621514
0.06874537
-0.03746169
0.09360806
0.09464631
0.06265894
0.12330849
-0.07551743
-0.01006691
-0.01813553
-0.22369088
-0.45843038
-0.48873758
-0.42186889
-0.13578902
0.16040267
0.00188247
-0.21658099
-0.26469803
-0.07580473
0.22690852
0.10823629
-0.02291424
0.02820479
0.09818143
0.06914249
0.10487598
-0.03647419
0.06718531
-0.09912978
-0.08067583
-0.08737462
0.02644195
0.09312465
0.03625339
-0.04015371
0.10772672
0.07795332
0.14517577
0.07365178
0.11721463
0.06347211
0.02377710
0.05129907
-0.18811812
-0.34144357
-0.01499286
0.03267546
-0.02356836
-0.16456623
0.09272254
-0.00985776
0.13198391
0.02937139
0.02022928
-0.01867648
-0.09748722
-0.02815241
-0.03638305
0.02356620
0.05393364
-0.27001429
-0.36460742
-0.37273407
0.10608950
0.23749760
-0.29666409
-0.41324678
-0.23023486
-0.14713092
0.25491124
0.04756789
0.08533634
0.01711836
0.03732131
0.14885584
0.05114027
0.02067424
-0.00557915
-0.05232628
-0.02048736
0.07080022
0.01360364
0.08665515
0.01731077
-0.05933328
0.09526028
0.21169323
0.14543678
0.05004367
-0.15217611
0.09910010
0.06228013
0.05721558
-0.11167388
0.03941422
-0.01003822
0.09917096
0.09250166
-0.18140532
-0.10693875
-0.16953625
-0.03380426
0.10798191
-0.11090605
0.05383633
-0.07778724
0.01105991
0.06277890
-0.05142343
0.04914312
0.00066970
0.18869363
0.22408177
0.30843326
0.25124273
-0.00645558
0.04466680
0.01420047
0.03815897
-0.05276217
-0.05860836
0.03602209
0.08596248
-0.15896118
-0.11910523
-0.08951432
0.04603237
0.02641422
-0.13545285
0.09102077
0.05426082
0.09320764
-0.01638375
0.01506453
0.10242099
0.19383493
0.16919346
0.02559956
-0.02424598
-0.00416824
0.10188487
0.05625699
-0.03329848
0.02027974
-0.21799925
-0.04556221
-0.01627876
0.19063838
-0.00404460
-0.11560478
-0.04564464
-0.05387457
0.12755580
-0.02746803
0.00676532
0.09132147
0.16758771
-0.01858487
-0.05914041
-0.02053349
-0.04214654
0.60065264
0.33946565
0.07904202
0.14790908
0.19362356
0.23629317
-0.00634136
-0.05859039
0.03582730
-0.03802249
-0.01209249
-0.04960283
0.08069659
-0.04109485
0.03919677
0.09529707
-0.04901413
0.04614898
-0.05429886
0.09110138
0.07801627
-0.04276274
0.04087872
0.06572020
-0.08761883
-0.00099875
0.10060129
0.29600212
-0.04947168
-0.07577534
0.18963566
0.14450642
0.05336193
-0.06963427
0.08966031
-0.13131146
0.17756788
0.22082229
-0.04936230
0.13861854
-0.17237040
0.12613109
0.06027651
-0.09346459
0.06117761
0.08087036
0.05734988
-0.15500750
-0.10727306
-0.00549453
0.00380353
0.02199930
0.00755248
0.07229085
0.10159630
-0.12251879
-0.13252468
-0.05453203
-0.15937744
0.22587527
0.07388902
-0.07114968
0.00951645
-0.15987964
-0.07875133
0.10099322
0.02686321
0.22086407
0.13543312
-0.00662549
-0.01449023
0.08918604
0.05903610
-0.06405714
-0.06721509
-0.07402991
-0.03945227
-0.00372254
0.05162749
0.06347595
0.07479805
-0.05728650
-0.21527189
-0.02280262
0.12573379
0.08284172
-0.10584732
-0.00237343
0.06970398
-0.03547595
-0.10299485
-0.00784008
0.02987307
0.06052246
0.09031147
0.06481442
-0.00405008
-0.02344333
-0.01412014
-0.05224228
-0.07078020
0.04612061
-0.08429790
0.02972338
0.13931815
-0.15295924
-0.18501380
-0.06483395
-0.07083783
0.00065919
-0.13905066
0.18441118
0.04197344
-0.08587494
0.03838639
0.08155286
0.11119203
0.03188018
-0.07464322
0.06527358
0.01597538
-0.08767532
-0.03725613
0.04793351
-0.13877864
-0.18741889
-0.06029966
0.04401387
0.19965783
-0.14403152
-0.07765879
-0.16007097
0.08166812
0.02452113
0.15919697
0.03753747
-0.12035125
0.07028265
-0.10799744
-0.01700680
-0.09876459
-0.16715769
0.02893245
0.09061231
0.09891791
-0.34264916
-0.06057019
-0.30674222
-0.00258476
0.08477426
-0.00262537
-0.02412503
0.00987858
0.11705651
0.02046018
0.13908213
-0.06632019
-0.04828387
-0.15655258
0.23714006
0.17717952
-0.20001613
-0.05955059
-0.02247186
0.27889362
0.20020014
-0.00042889
-0.01685862
0.04807694
0.00960118
0.10827155
0.10887332
0.11123199
-0.13455214
-0.12214094
0.06234600
-0.13909942
0.10882176
-0.09330126
-0.06722178
-0.04487132
0.02116807
0.08487701
0.03082587
-0.14682321
0.09663949
-0.12354492
-0.03145261
-0.00317785
0.02561330
0.07443607
-0.07222746
0.00306145
0.06941050
0.02632553
0.09541340
-0.04446847
-0.03861130
-0.07919265
0.10731702
0.07037764
0.01077737
0.07540398
-0.01623091
-0.07380765
-0.08702666
-0.14563186
0.06613547
0.06544455
-0.05690151
0.07728013
-0.04850616
0.05990133
0.05387213
0.09637733
0.09749178
0.04150689
-0.14241642
-0.12157635
-0.03590611
0.05247820
0.01153769
0.10089534
0.01590355
-0.01511985
0.02123761
-0.04912046
-0.11093021
0.05809263
0.02417848
-0.08049107
-0.05670617
-0.03815769
-0.07422680
0.18344386
0.02018361
-0.26441249
-0.18607201
-0.08319372
0.05456731
-0.21182120
-0.03336027
0.07575933
0.01519806
-0.10585728
-0.06333854
0.01883645
-0.04570427
-0.05319231
0.07339114
0.04337394
0.00122165
-0.27833498
-0.36514306
0.01719453
-0.00380628
0.07167090
-0.05139676
-0.11980935
0.00632011
0.00368341
-0.08909608
-0.25586146
-0.16966532
-0.05409393
-0.00479109
0.02411849
0.07113788
0.41884828
0.12879175
0.04981533
-0.02153102
-0.08294722
0.02855578
-0.26714399
-0.07362194
0.07046395
-0.12255566
0.23092715
-0.16364200
0.03287900
-0.00030535
0.12947111
0.24052510
0.00030398
0.01819926
-0.13423258
-0.01186808
0.07140838
-0.03934951
-0.15228346
-0.08394205
0.02008383
0.07849295
0.02278568
-0.05273722
0.08981209
-0.01465279
-0.17891689
0.02944469
0.01947225
0.06057474
-0.00287704
-0.50097811
0.13595243
0.12761548
0.07588656
-0.16294420
-0.35102171
-0.08607084
-0.04507112
-0.09110074
-0.17770797
-0.23861301
0.00940650
-0.14184085
-0.08939444
-0.08673583
0.12094936
0.05524176
0.01907083
0.02721041
0.01298045
0.15387952
-0.05205255
-0.22083572
0.08341439
0.03261859
-0.01941781
-0.19757828
-0.28483039
-0.12527119
0.08216047
0.06127262
-0.16451414
-0.02221758
-0.06473467
0.01088401
-0.11315281
0.07087322
0.09944234
-0.18851325
-0.13473518
-0.07027274
0.16249862
-0.12324586
-0.22081666
-0.36879283
-0.05631686
-0.19639970
-0.08968440
0.07305664
0.09930895
0.09466376
0.02023330
0.03484838
-0.03807361
0.04827809
0.00931072
-0.01780860
0.18759832
0.02488777
0.17663082
0.17019729
-0.01516758
0.05683343
-0.08810760
-0.03367043
0.03688766
-0.02018626
-0.12618157
-0.12035919
0.05307413
-0.02750927
-0.15414941
-0.22453150
0.05144207
0.11272196
0.22311480
-0.03162448
-0.13532384
0.07074697
0.01153656
0.17605333
0.07773456
0.09408963
0.05013089
0.02900148
0.08624956
0.02782004
-0.08132583
-0.16081935
0.00696484
0.06508407
0.09297331
-0.10188682
-0.04451639
0.04706262
-0.03554085
-0.05257750
-0.10662597
-0.03959040
-0.09596197
-0.18948108
0.03047378
-0.03834949
-0.02145294
-0.17321660
-0.12688380
0.08367914
0.04519713
-0.12878536
-0.19347547
-0.03063774
0.07871915
-0.06841515
-0.24476697
0.03902885
0.12329958
0.19562726
-0.03645510
0.02614132
0.07041245
0.12542216
0.00296225
-0.02401739
-0.15725775
-0.12921926
-0.20693673
-0.04820144
-0.04417456
-0.13431869
-0.11449604
-0.07980201
0.00707042
-0.13230810
-0.09394527
0.16415952
0.16290985
0.01391682
-0.01504709
0.01100078
0.23546995
0.11954296
0.03510439
-0.13583344
-0.12898757
-0.05136271
-0.10549154
-0.23442784
-0.26961747
-0.22525433
-0.15858793
-0.17733777
-0.06272101
-0.07205097
-0.10359392
0.07126714
0.07078401
-0.10968258
-0.06978762
0.12608631
0.08406491
0.25018498
-0.07305260
-0.05702934
0.16382989
0.19360523
0.02377603
-0.30947861
-0.16997612
0.04837857
0.07866357
-0.00394730
-0.11294125
-0.12540521
-0.14529786
-0.00827441
-0.02296925
0.16331691
-0.01624493
0.11043312
0.15781927
-0.04877568
-0.08863486
0.08204319
0.20107386
0.09972802
0.11136501
-0.07888596
0.06491157
0.03831537
0.15859847
0.04733089
-0.26281118
-0.13607639
-0.04685926
-0.07308901
0.09069286
-0.11695310
-0.19977555
-0.17727780
-0.19130129
-0.15273316
-0.03856822
-0.08576690
-0.09081059
-0.02613207
0.06490560
0.16425852
-0.04329681
0.00548365
-0.00845659
-0.03354575
0.03539896
-0.04627232
0.07502615
-0.01743090
-0.20215768
-0.05056006
0.07794009
-0.03339848
-0.02905049
0.04996450
0.11820528
-0.05127543
0.01919049
-0.21204752
-0.15125978
0.08630355
-0.14831348
-0.03756669
-0.14020212
0.18675019
0.06972363
0.04745391
-0.23564482
-0.06788205
0.15658200
0.13965812
-0.06129134
-0.18344440
0.07969539
-0.01395017
-0.05164903
-0.00892716
-0.18922396
-0.07346788
0.00204179
-0.08203642
-0.01970334
-0.09879192
-0.19351266
-0.07377377
-0.12929888
0.07822485
0.13693348
-0.00810311
-0.00292294
0.04675737
0.16666895
0.09794416
0.02754835
0.05802839
-0.05804473
0.02000958
0.18671745
0.12705775
0.09902090
-0.15686515
0.02399819
0.09429695
-0.02204552
-0.02680717
0.07141198
-0.01984045
-0.15121438
-0.01984032
-0.07472271
-0.02944199
-0.10935758
-0.32095769
0.02697824
0.02812400
-0.05503763
0.07705184
-0.19272211
-0.12632564
-0.07146823
0.07161368
0.04920365
0.00708400
-0.13181354
-0.35486835
0.13477311
0.04891329
-0.11495680
0.02516443
-0.21454789
-0.15957478
-0.05878875
-0.02201630
-0.09288176
-0.06222077
-0.20881809
-0.14876071
-0.10330608
-0.08062349
-0.09312174
-0.05715788
-0.19676629
-0.10777891
-0.00089028
0.14711128
-0.01493566
-0.06525557
0.01428672
-0.01192016
0.00655855
0.06035035
0.06089542
0.10475264
0.00497222
-0.13707794
-0.15039946
-0.14154415
-0.07772570
-0.17664342
-0.09251720
-0.10617953
0.02036412
0.02743990
-0.04560695
-0.08730226
0.02580094
-0.13619389
0.19071776
0.04346459
0.04638569
-0.05000052
0.01039848
0.11042769
0.03517008
0.11159365
-0.11104903
-0.28701061
0.01642577
0.05597731
-0.00011049
-0.10961097
0.02572820
-0.18424709
-0.21610220
-0.07455879
-0.16681793
-0.09039743
0.05952194
-0.02631491
-0.19679724
-0.24922384
-0.07136951
0.05852832
0.04919767
0.06714503
-0.05274948
-0.02729266
0.07025580
0.04325513
-0.03126254
-0.11422832
-0.03492755
0.12147655
0.13448690
0.02861067
0.30513763
0.11000427
0.06006937
0.07921535
-0.18326066
0.04023509
-0.04043037
-0.00903757
-0.08919560
-0.46594051
0.00289311
-0.06387506
-0.21824704
-0.07601289
0.17185417
0.08934487
0.00495787
0.01748885
0.00363625
0.03095693
0.10211214
-0.00491190
-0.06804509
0.04182981
-0.03598692
0.05913447
-0.00416700
-0.08030694
0.07863777
0.12712722
-0.02658658
0.08314203
0.18278958
0.13034864
0.03512161
-0.49881402
-0.24410746
-0.03288504
0.02847689
-0.18439934
-0.11498345
-0.03308476
0.07209931
0.08866856
0.16783522
0.09447560
0.10384519
0.13887551
0.09953225
0.18435808
-0.01613528
-0.09979384
0.02458468
-0.09058394
0.00978347
-0.05073125
-0.00129980
-0.21042502
0.02637828
0.08040504
-0.05481928
0.15090467
0.04171482
-0.02451017
-0.03170487
-0.08592889
0.01983395
0.10336163
-0.19597109
-0.07561298
-0.06734539
-0.20068890
-0.16287401
0.10319602
-0.24579829
0.11276238
0.01927277
0.04233193
-0.11984501
0.12058468
-0.03729791
-0.05367828
0.00279868
-0.00136492
0.03562398
0.00872450
0.12245005
-0.05134966
0.06770484
-0.24465397
0.03132464
0.07567286
-0.08770514
0.03625083
-0.02850759
-0.08519346
-0.06788601
-0.11097191
-0.01279867
0.06870056
0.02542787
0.08195458
0.00736604
-0.16392550
-0.08476550
0.16084602
-0.06045070
-0.03123240
-0.22031917
-0.00792663
0.20919672
-0.03705020
0.01031355
-0.32980797
-0.01191840
0.17176004
0.05320453
-0.17271002
-0.15083750
0.04620927
0.07858948
-0.14011633
0.00482107
-0.08464061
0.22784513
0.08927449
0.33306253
0.20961788
0.14862852
0.16490316
0.04364572
0.16121283
0.10184506
0.01291869
-0.12725829
-0.08949975
0.12584686
0.05016683
-0.20734684
-0.16927448
0.13164565
0.08948161
-0.13731818
-0.02828178
0.10233743
0.17219228
0.22994630
0.01485381
0.02540908
0.06818107
-0.11084167
-0.02745878
-0.00706677
0.09449498
0.10984152
-0.22069338
0.17394960
0.03165365
0.01437620
0.05941086
-0.16434447
-0.02850340
-0.00401955
-0.04839075
-0.17628820
0.13471141
-0.00482592
-0.02555493
0.12398891
0.13432102
0.07698647
0.00001270
-0.07365740
0.05929906
-0.04709924
-0.12257874
-0.06410281
0.01771012
-0.06306715
-0.05056346
-0.02842580
-0.04091691
-0.13673957
-0.08783624
-0.11981113
0.15460944
0.19596234
0.19266295
0.17687364
0.12020591
-0.10674877
-0.04769318
0.04915578
0.25542325
0.17566560
-0.17147933
-0.02968036
-0.03788112
0.05554060
-0.01021883
-0.06444618
-0.00050911
0.03036470
0.00971833
-0.39665014
0.01951507
0.10798725
0.10060014
0.04785252
-0.18203051
0.21588670
0.17733289
0.03695734
0.01192275
-0.08408684
0.08756578
0.08141429
-0.09656476
-0.01850905
0.05715371
-0.05579610
0.06908537
-0.06572106
-0.05881135
0.10578765
-0.21257605
0.01827967
-0.04828245
0.10023797
0.02533247
0.01956266
-0.04378416
0.01365771
-0.01582981
-0.11991061
0.08306368
-0.10937727
0.12050219
0.10683231
0.02542898
-0.01238395
0.04525398
-0.05129150
0.10631824
0.09627888
0.04183688
0.09127388
0.14850599
0.11550890
-0.02159536
-0.22328094
-0.23338971
-0.15382664
0.14718987
0.03931013
-0.24629824
-0.17828333
-0.02358474
0.00756509
-0.18274325
0.07017357
-0.08045875
0.01082542
0.00636283
0.00644362
0.23639731
0.24067445
-0.21301812
0.01010943
0.20726213
-0.09401910
-0.21899499
-0.22657123
-0.17076971
-0.03618262
-0.06931575
-0.06299330
0.04818097
0.06522274
0.00929504
-0.12356223
-0.13493571
-0.14851457
-0.02389525
-0.11544472
0.02384674
0.10060289
0.07914065
0.03544286
-0.02066880
0.19709779
0.04069721
-0.11587337
-0.09880754
0.11273247
-0.01122381
0.13881975
0.09078074
-0.12908018
0.09514941
-0.14207739
-0.00403573
-0.04661886
0.21816076
-0.18227711
-0.08260202
-0.01505947
-0.15960641
0.00731293
-0.05970739
-0.12716123
-0.27677995
-0.23530059
-0.03483731
0.05840913
0.02141235
-0.09488702
0.04056140
-0.18064229
-0.06089905
0.16506892
0.12419587
0.07531727
0.12136190
-0.03982381
-0.03084690
0.08239987
0.14165577
0.13640332
0.23405515
-0.06187708
0.02891254
-0.06081134
0.01353818
0.15724409
-0.07322957
-0.03029161
0.01418740
-0.18147127
-0.14672765
-0.01739993
-0.02564496
0.10291009
0.01987016
0.12038471
0.15389095
-0.15695801
-0.00012073
0.11483563
0.08479011
-0.03063093
0.03159666
0.06084011
0.08938810
-0.09338901
-0.05908725
-0.02208831
0.07603499
-0.06733859
0.01262126
0.09289397
0.15239702
-0.00799846
-0.03961540
-0.07923380
0.24877578
0.17382178
0.01366929
-0.07657570
0.07912957
-0.11479086
-0.07392687
0.09752266
-0.01559829
0.03955308
0.12366854
-0.07087838
-0.11881557
-0.05497116
-0.02791877
0.04772230
0.07094596
-0.09894954
-0.13559599
-0.14094029
-0.00303587
0.09071003
-0.06923482
-0.05188092
0.07484037
-0.07475521
-0.04143398
-0.04082801
0.01921231
0.02955884
-0.09677585
-0.03208179
-0.01089219
-0.13731204
0.03371922
-0.14911103
0.06463042
0.08103469
0.27113807
0.14751495
-0.23991956
-0.10226855
0.00217387
0.09663669
0.06159806
-0.01360633
-0.10457624
-0.06112285
-0.05325054
-0.16600357
0.00355361
-0.04230787
0.05398100
-0.06551488
-0.13167590
-0.10441676
-0.27342504
0.00119065
-0.05465871
0.22862618
0.26908761
0.17077333
-0.07919531
-0.12196544
-0.10825336
0.28366429
0.02549686
0.03234704
-0.07510392
-0.00369537
0.08702120
-0.00384841
-0.06895386
0.05331254
0.00500003
-0.14360939
-0.05643315
0.00748780
-0.08658756
-0.01945875
0.01976516
0.03364531
-0.02975455
-0.13886799
0.01428615
-0.21173181
-0.17907749
-0.03276952
-0.01602749
0.20562950
-0.04727850
-0.04392533
0.02073015
-0.02224230
0.34953076
-0.05219155
-0.18527810
-0.15003291
-0.23889667
0.05798757
0.04204014
0.01897745
-0.10311298
0.04542892
0.15260780
-0.01126945
-0.02086392
0.00345520
0.06721067
0.00485389
-0.09603696
-0.12125149
0.03380378
-0.16052122
-0.21367519
-0.01617425
0.11504211
0.07221362
-0.08903216
0.00848047
0.08182787
-0.03524203
-0.01388683
-0.18004590
-0.03222722
0.16294716
0.02116761
-0.16475163
-0.27846700
-0.13034979
0.07308187
0.13313243
-0.12912066
-0.20944323
-0.18981262
-0.18321794
0.11181929
0.01354327
0.21964489
0.08413941
-0.24682285
-0.10658455
0.05708008
0.08099313
0.01032843
-0.06209752
0.00720389
0.07434658
0.05928908
-0.01439145
0.20305289
0.12559129
-0.03503916
-0.04637789
0.06302324
-0.01194799
0.12150028
-0.03591818
-0.15179889
-0.05370576
0.11778739
-0.04396626
0.00148429
-0.04837209
-0.06126176
0.05527202
-0.00830746
0.03323447
-0.03842643
0.07127918
0.19291238
-0.04893389
-0.01648129
-0.07131059
-0.11797011
-0.02969788
-0.01045179
-0.03614527
0.08904658
-0.10596910
0.16621745
-0.10093283
-0.12309220
-0.01771535
0.01705147
0.02062836
-0.01587770
-0.02699047
-0.11701699
-0.00778841
0.05160778
-0.01881147
0.05411605
-0.12722969
0.00235392
0.05022630
-0.02450871
-0.22826971
0.08391313
0.22907627
-0.09367123
0.12797888
-0.06000501
0.05466355
0.08411679
0.00945017
0.06997854
0.25864717
0.08236720
-0.11990605
-0.09696694
0.00243106
0.04713588
0.05526015
0.03213104
0.02568397
-0.05848607
-0.02853159
-0.02656954
0.04670340
-0.05195771
-0.13568830
-0.18945971
-0.13749503
-0.11969120
0.20408054
0.08533980
-0.10185199
-0.28153113
-0.11383081
0.20275217
0.12891260
0.00356492
0.01757374
0.04863449
0.03608291
0.05117782
0.10615848
0.07294425
-0.04012558
-0.11676020
0.01178772
0.00092435
0.07765196
-0.11729864
-0.23492710
-0.06284391
-0.05142280
-0.07202484
-0.18344401
-0.09469874
-0.16722618
-0.07034039
-0.18106426
-0.03533189
0.00187801
0.17188163
0.12846883
0.00993223
0.05299174
-0.11883889
-0.00295154
-0.05626887
-0.17570324
-0.04810800
-0.07983894
-0.13141686
0.01725455
-0.04717585
0.06617326
0.00235696
-0.12140958
-0.04840245
0.12313168
0.13420798
0.17077674
0.15049227
0.01406486
-0.00011276
-0.06717974
0.11723124
0.08271758
-0.02627519
-0.13777424
-0.16848195
-0.34613377
-0.26130718
-0.11045654
-0.01671834
0.04065695
0.20044576
-0.06304456
0.04523803
0.01309676
-0.01747588
-0.13927034
-0.16441710
0.06145807
0.03847067
0.09429476
-0.28587395
-0.36166981
0.04532099
-0.02434066
-0.00825604
-0.16647877
-0.04731272
0.06824084
0.17089279
0.02866058
0.04279651
-0.01261594
-0.00057204
0.18921860
0.12419001
0.03716981
-0.15520641
0.08527260
0.00680773
0.03052123
-0.22328515
-0.15930592
-0.05976294
0.03161031
-0.04698895
-0.09945241
-0.08162159
-0.08228792
0.08299939
0.02839570
0.01624716
-0.09895049
0.03888103
0.16905829
0.07364509
-0.14391069
-0.04051008
0.04178654
-0.21521935
-0.03196163
-0.08234536
0.05644535
0.01085851
-0.05291078
-0.05155480
-0.09430163
0.03008694
0.12091558
0.08764737
-0.17981258
-0.14546283
-0.08029393
0.05412161
-0.02143872
0.01971471
-0.08942313
-0.15791364
-0.08196806
-0.18084812
0.05412460
0.06603137
0.05597274
-0.06806758
-0.05129997
-0.10039046
0.03690496
-0.05664658
-0.02439700
-0.08284710
-0.07285838
0.01822157
0.07313894
0.00908270
0.10657334
0.00261082
-0.00777134
-0.00064915
-0.06391931
0.14303762
0.01794297
0.07240098
-0.06142091
-0.20081772
-0.19394866
-0.05264212
0.00050572
0.10052478
0.07530425
0.10585957
0.03335487
0.11912553
0.05089048
0.00806583
-0.05050694
0.04771749
-0.07386272
-0.05977379
0.03601073
-0.03343223
-0.17909788
-0.20611383
-0.05681449
0.07037840
-0.07314628
-0.06519627
-0.11868270
0.02943559
-0.12412474
-0.14378154
0.11260109
-0.04181297
0.09577277
0.14986545
0.05271215
-0.06316339
0.02241339
0.03212027
-0.04059239
0.05638507
0.07046805
-0.01562679
-0.09027184
-0.01697734
-0.15966976
-0.15732393
0.07185252
0.14948659
-0.02653057
-0.23264949
-0.40649128
-0.04265101
0.03859375
-0.00911108
0.01066521
0.01634135
0.04533322
-0.04739698
-0.16551948
-0.00592086
0.02844551
0.04509068
-0.07103641
0.02085080
0.04601786
-0.10825769
-0.17264873
-0.04120698
-0.00081035
0.02918169
-0.29810598
-0.10980835
-0.05702555
0.06877789
0.04667812
-0.11964559
-0.02125452
0.17864268
0.07395557
-0.09032824
-0.05798448
-0.05702693
0.05776657
0.14888184
-0.04766260
-0.11594384
-0.00595396
0.00229230
-0.11112055
0.02215374
0.07121120
0.00612473
0.02247362
0.00015660
-0.20480807
-0.01642136
0.00326590
0.07542025
-0.16393745
-0.10323567
-0.10308091
0.08846798
0.01622063
-0.01493156
0.01573451
-0.06558066
-0.03175509
0.02470987
-0.16845511
-0.17279561
-0.03471415
-0.03897979
0.02447054
-0.15200794
-0.01372773
-0.23951846
-0.01530339
0.07963513
0.21288447
0.04597062
0.11200359
0.01494297
-0.07112727
0.02324619
0.11693481
0.08377476
-0.05702571
-0.06808139
0.06481823
0.10425475
0.11187749
-0.18873370
-0.03033105
-0.07409821
-0.07236083
0.00246352
-0.03598959
-0.05310244
0.05513974
-0.10036375
-0.14364852
-0.01527350
0.04123348
0.13365066
-0.08950354
-0.03054615
-0.17188700
0.01411668
0.10805491
-0.03503272
0.01621120
-0.06980310
-0.01287017
0.04368404
0.13360378
0.01326956
-0.27193016
-0.00367895
0.19090329
0.04779427
-0.05306575
-0.08281706
-0.01099054
0.09384152
0.04573140
0.02392345
-0.13677508
-0.00726604
0.01474406
0.08947854
0.02240407
-0.30675429
-0.14399667
0.01471869
-0.07205635
0.04474715
-0.18375149
-0.11949220
-0.08757249
-0.01783128
0.03919682
0.09134505
-0.10724621
0.05720252
-0.03635108
0.01824371
0.00239707
-0.02380206
-0.08308683
0.04322648
0.02264557
0.03863634
-0.06347293
-0.11824037
0.00174444
0.01831662
-0.01645903
0.07452956
0.10980619
-0.01244808
-0.02298000
-0.13442621
-0.05987017
-0.05981742
0.01249683
-0.00227432
-0.01019364
-0.05930172
0.16169825
0.15601826
0.09773193
0.18838173
-0.02752374
-0.00662153
0.02860639
-0.04453200
-0.01650682
-0.08078022
0.01088518
0.08387669
-0.05414899
-0.10156141
0.03420207
-0.14578925
-0.32045245
-0.02727074
-0.13521165
0.04454158
0.03978249
-0.02186003
-0.18351777
0.07613754
0.02502011
0.11600183
0.03503393
-0.05218200
0.14878002
-0.02122618
0.00571183
0.01040931
-0.06766193
0.28321907
0.12823230
0.08169800
0.07533816
-0.06208763
-0.01779366
0.03112189
0.01603556
-0.01794404
0.08884547
-0.06940426
-0.06222504
-0.11866700
-0.21389331
-0.05310720
0.13901997
0.07484718
0.02095129
0.04411292
0.19689430
0.10593987
0.09192280
0.07020220
-0.01500362
0.15094580
-0.01625731
-0.00972587
-0.05242507
0.05899082
0.06138653
-0.06073290
-0.00419242
-0.06077057
0.08527359
0.00149200
0.13465634
-0.08847809
-0.15170825
-0.17881402
-0.13730071
0.27554241
0.00174520
-0.01897682
-0.03755742
0.05107513
0.14086108
0.09811244
-0.08309656
-0.12247393
-0.04194333
0.00199117
0.20795569
0.02946217
-0.17359746
-0.15377420
0.12348845
0.00920868
-0.04820515
-0.05257964
0.00339321
-0.20219925
-0.10105518
-0.31123036
-0.34684160
0.12822628
-0.02720589
-0.09594393
-0.01654714
0.01419305
0.08918357
0.09793212
0.11101541
-0.08952761
-0.18700933
0.09574099
0.03200564
0.01015341
-0.18682812
0.01934059
0.01797881
-0.02060189
-0.09120444
0.13480914
0.04105200
0.15249899
0.13627213
0.24817955
0.28738850
0.28431043
0.16648144
0.04689536
0.09345004
0.14332129
0.02273312
0.09035194
0.14036404
0.02197652
0.11483837
-0.13871197
-0.10426836
0.18037716
-0.08241924
0.04688343
0.01955304
0.04725226
-0.24051757
-0.08253544
0.10202584
-0.05695560
-0.00995251
-0.14820611
-0.23596494
-0.30636123
-0.11854023
0.01602944
-0.27276957
-0.01825429
0.02855552
-0.10946225
0.00069738
-0.06535310
-0.06018497
0.09235623
0.06178022
0.13919936
-0.06129308
-0.00951699
-0.10277781
-0.12050927
0.18785872
-0.16297320
-0.03678007
-0.01966750
0.14033173
0.13525032
-0.10666538
-0.11822169
0.24246211
0.17953397
0.20420803
-0.05479230
-0.12348922
0.04821812
0.11277103
0.02629716
0.01341896
-0.03582483
0.13049002
0.08788906
-0.12089091
0.06291630
0.06959327
-0.09617661
-0.08792280
-0.06748298
-0.02709577
0.05448909
0.06532051
-0.12143890
-0.00381096
-0.00985005
-0.03576816
-0.02056787
0.09571926
-0.12899595
-0.06220683
-0.05213175
-0.07302632
-0.05508206
0.11555245
0.02824875
0.04749592
0.06499444
-0.05063700
0.09093441
-0.04696871
-0.04904085
-0.06877538
0.12330366
0.00634956
-0.12013378
-0.10908988
0.14426221
0.01205921
0.13254553
0.08302722
0.01538280
-0.18011990
-0.00897596
-0.15062098
-0.05834353
-0.08701959
-0.01089585
0.11573475
0.05488783
-0.04755548
-0.04443534
0.03778233
0.11311217
0.06595659
0.08899988
-0.07643001
0.05799315
0.09070445
0.02904160
0.11977887
-0.03281639
0.04366726
0.17547868
-0.02162494
-0.11047440
-0.03430817
-0.04578245
-0.09459171
-0.09620316
-0.08540946
0.08798494
0.00741139
0.06140966
0.15668316
0.07645424
0.08740189
-0.00412704
0.11290750
0.03039039
0.02791699
-0.18078372
-0.04119967
0.10934688
0.09346133
-0.02328219
0.00960543
-0.18490033
-0.03955359
0.06172094
0.08363853
0.21317743
0.07617830
0.05725711
0.10398356
0.22419201
0.03099677
-0.03476250
-0.03607339
-0.18623903
0.02387169
-0.04526692
0.02361785
0.07660820
-0.09019843
0.08332503
0.01259779
0.02413786
-0.08032250
-0.10504375
0.12900522
-0.04325345
-0.04849461
-0.03483916
0.00029054
-0.20053080
-0.23099864
-0.16369878
-0.14773415
-0.11973784
-0.02200600
0.06816423
0.07146741
0.15654005
-0.00991621
-0.12331860
-0.02640049
-0.00756969
0.04909999
0.02150116
0.07821505
0.13081206
-0.04361084
-0.04349769
-0.00346753
-0.16869703
-0.12541609
-0.21486999
-0.10863875
-0.24314617
-0.39074099
-0.20068301
0.06668480
0.26081538
0.16637160
-0.11768955
-0.04895053
-0.00807433
0.16925119
0.29226047
-0.04473063
0.07675792
-0.20986225
0.10753631
0.19472127
0.09021303
0.02954215
-0.03004484
0.11301301
0.06749341
-0.07921552
-0.05978262
-0.02742096
0.01803697
0.13544424
0.09044857
0.00472952
0.09227416
0.16442315
0.19716986
-0.10229333
-0.13154984
-0.03353825
0.03920238
0.01177811
-0.03102398
0.02499264
0.03270014
0.01682017
0.01781751
0.05292792
-0.04050916
-0.02896104
-0.10171575
0.12708655
-0.07243323
-0.01423947
0.18550110
0.15384226
0.14813079
-0.08130565
0.16073321
0.08559386
0.16233145
0.33527535
-0.18472113
-0.12023455
-0.00207855
0.17098854
0.11646619
-0.11211807
0.11905105
0.17831787
-0.04347868
0.08841016
-0.02126931
0.24472541
0.08909792
0.00001004
0.07660994
0.05450614
-0.04529965
-0.06903322
-0.10638490
0.07485303
-0.15180290
-0.00424294
0.12886560
0.08302518
0.00867091
0.11495730
0.06058972
0.05322043
0.06391270
0.05273367
0.16155697
0.00491924
0.05301867
0.02514333
-0.03376066
0.06179132
-0.06684429
-0.24402924
-0.05144177
0.10443639
-0.01765131
-0.09313344
-0.20013769
-0.10901466
0.10639302
-0.10978723
-0.07252034
-0.08714179
0.04379948
-0.01500081
-0.14801250
-0.13695793
-0.04934540
-0.01794361
-0.08075798
-0.24356182
-0.29102886
0.02809871
0.00436392
-0.03460124
-0.11571060
0.00482557
0.15053986
0.02492957
0.08356595
0.00590182
-0.05935688
0.00169776
-0.07019982
0.04510050
0.09161071
-0.02366245
0.02248839
-0.01645890
0.07926672
-0.30125010
-0.05652730
0.04626406
0.03516289
0.16933690
-0.14552188
0.02184071
0.03286885
0.05865711
0.10490981
0.04028771
0.05268974
-0.09617570
0.09374788
0.07830378
0.13713059
0.19611154
0.07191967
-0.10352115
-0.06208336
0.00387737
-0.07730047
-0.19396463
-0.08198254
0.08716784
-0.00062993
-0.08421610
-0.31870800
-0.15009452
0.11084051
-0.20773166
0.03968322
0.03109432
0.07373956
0.06316192
-0.05896354
-0.00921724
0.01773337
-0.04239148
-0.03809341
0.10550582
0.02798641
-0.03839038
0.05677164
0.06761532
0.02172476
-0.02342595
0.04656872
0.06471061
-0.08048501
0.12079725
0.12792329
0.12323533
-0.00843204
0.01981197
-0.03270990
0.02352411
-0.07208854
-0.07737618
0.04550264
-0.07103471
0.02406412
0.08255115
0.01401125
-0.10269971
0.08127131
0.15111354
0.02812689
-0.04962520
-0.15347345
0.14664604
-0.09900346
0.02857156
-0.38106069
-0.20954631
-0.03161605
-0.09236754
-0.05656396
-0.09411087
-0.20654359
-0.14783834
-0.00016870
0.08927672
0.09865002
-0.06302486
0.14161320
-0.03982520
0.06104710
0.18650077
0.11508806
-0.14388001
-0.14072296
0.09500191
0.22587600
0.04966485
0.04316337
-0.08889246
-0.19185083
-0.01445965
0.06125965
0.20490803
-0.17880429
-0.21334630
0.07251489
0.17225380
-0.03050950
0.02627047
-0.13396503
-0.02512141
0.09369070
-0.01883451
-0.01227440
-0.03607677
-0.05845964
0.04638050
0.14712663
-0.03871496
-0.02587947
-0.01150066
-0.05722602
-0.03011036
-0.02226197
0.01672481
-0.02131680
0.05885692
-0.05982646
-0.19094050
-0.43059948
-0.01061691
0.17633986
0.01013065
-0.07586556
-0.28205144
-0.17174377
0.01755931
0.03506774
-0.04928599
0.01060666
0.00532870
0.01671709
0.16404617
-0.00414588
-0.02749969
0.05809262
0.05938038
0.06836156
0.16520047
-0.05112993
-0.16026953
-0.08978351
-0.20513234
0.02239433
0.02348453
0.02195142
0.07288409
-0.20248750
0.00075897
-0.03096004
0.10128121
0.13579118
-0.07890002
0.04197527
0.03368583
0.13667081
0.10533128
-0.00012522
0.07348034
-0.03917089
0.08287552
0.01450736
0.11338811
-0.01555247
-0.25265053
-0.07093085
-0.03353931
-0.27411607
-0.20196488
-0.04278975
0.00885960
0.20529287
-0.19177271
-0.32052121
-0.06146702
0.03540552
0.07336280
-0.00559396
0.01784102
0.10931520
0.16137390
-0.03525558
0.06534356
-0.15801659
-0.01273545
-0.06329343
-0.06071479
-0.00806821
-0.14369737
-0.04362791
0.00818611
-0.00505073
0.02015360
-0.03101566
-0.01934022
0.06949432
0.06612011
-0.07179887
-0.03666499
-0.08174694
0.02483962
0.08325861
-0.04189250
-0.02327563
-0.07070494
-0.15918969
0.01513519
-0.00848298
0.16342475
0.12193386
-0.09012879
0.03964948
0.06450187
0.01643661
-0.07858746
0.01040745
-0.03968652
-0.16453959
-0.22531450
-0.20406798
-0.18324070
0.16450676
-0.37224782
-0.34851682
-0.12446831
-0.03306720
0.18361855
-0.26010430
-0.13451412
0.14008452
0.09635762
0.10067448
0.01972897
-0.10421674
0.04289399
0.01640532
0.03666693
-0.08265859
-0.08220524
-0.02326631
-0.05493600
-0.01379170
-0.06269385
0.07806011
-0.05562006
0.02665711
0.17444153
0.11590982
0.13768467
-0.00350781
0.01880423
-0.03878663
-0.01016645
0.09171394
-0.22355315
-0.11459585
-0.02517964
0.02222832
-0.08917523
-0.13231479
-0.04391458
-0.01400757
-0.02583667
0.08408192
-0.05949226
-0.04413208
-0.08391836
0.07344439
0.15512969
0.15916029
0.12893353
0.11554785
0.05926473
0.16311452
0.03511018
-0.05339584
-0.11973573
-0.03961325
0.04758500
-0.09770450
-0.08173012
-0.03244944
0.01517893
-0.05582020
-0.04010654
-0.16871764
0.08737787
0.13571335
0.12314909
-0.03442931
-0.13185193
0.03307883
0.05219064
0.00850314
-0.01506697
-0.05594857
-0.12114251
0.04593308
0.10894806
0.02110396
-0.12093523
-0.00932499
-0.02453820
-0.00101538
0.08752241
0.06247293
0.04648435
-0.16219747
-0.00902294
0.14829813
0.00847113
-0.00397123
0.05089658
0.06178812
-0.02510871
0.13776743
-0.11439478
-0.03108379
0.15772124
-0.06389552
-0.00693539
0.08259854
-0.00499099
-0.26773748
-0.18247747
-0.06403017
-0.00483514
-0.14210159
-0.27657700
0.03185019
0.02039073
-0.04493046
-0.05610046
-0.16598485
0.06620841
0.10069083
-0.05960769
-0.07876883
-0.02086688
-0.01662235
0.03344097
-0.01930389
0.03047465
0.01490797
-0.16295248
-0.17788057
-0.17895931
0.03193514
0.02915422
0.07714669
-0.19975267
-0.00506254
0.05856113
0.01404499
0.02983792
0.08627907
0.09030788
0.00853103
0.18534812
0.12352908
-0.02224209
0.04981970
0.04896948
0.09517783
0.07499938
-0.10536443
-0.08031357
-0.12308949
-0.02621056
-0.07239288
0.06228095
-0.00212428
-0.06565262
0.04075066
-0.00052738
0.02289023
-0.03691692
0.12857470
-0.04481629
-0.09827543
-0.07424932
-0.07591058
0.11032222
0.11521523
0.08438318
-0.00769223
0.14860865
-0.01083610
0.15843125
0.06131608
0.06365670
0.10068911
-0.03638307
-0.13335520
0.08109053
0.10960872
0.05213428
-0.21578248
-0.14056221
0.00923133
-0.10755361
-0.27659324
-0.02078550
0.02762784
-0.14173761
-0.10246741
-0.10849674
0.00533807
-0.15021685
0.00782115
-0.04633786
-0.00249180
0.18168187
0.26722169
0.03632636
-0.04124971
-0.06154389
-0.09299006
0.08751506
0.08588231
0.02522124
-0.01443006
-0.12949845
-0.13657865
-0.05275236
-0.03039231
-0.03161629
0.07829480
-0.00338355
-0.16903004
-0.02424768
-0.06930976
0.03187214
0.08644435
-0.11375619
-0.10519162
-0.02103438
-0.09003393
-0.00034941
-0.00559793
-0.02821282
-0.01496190
-0.26759815
0.09446878
0.06249006
-0.00536968
-0.03606962
-0.02015779
0.02178221
0.20073421
0.00571181
-0.00985860
-0.10373912
-0.09859987
0.05373240
-0.04634642
-0.11292550
-0.09356511
-0.07877277
0.07811681
0.00377202
-0.08817270
0.02148429
0.21245795
0.06865595
0.16831519
0.10906043
-0.02018622
0.06886617
0.08126718
0.14031354
0.03326805
0.00055563
0.09256295
0.00891781
-0.11562707
-0.06861132
-0.16753204
-0.04392580
-0.04627668
-0.05976484
-0.00714774
0.02377773
0.01013669
-0.02018698
-0.04000081
0.04117734
0.04828063
-0.00705137
-0.10592150
0.01660795
-0.02559989
-0.05863530
0.06315338
0.25086594
-0.00688847
-0.16949765
0.02789019
0.05218345
-0.03741875
0.02889903
-0.10995369
-0.08177652
0.11900020
0.12067884
-0.05593937
-0.17869835
-0.06031513
-0.11551619
-0.07284322
-0.12507223
0.11737746
-0.05395424
-0.08885780
-0.01591541
0.09725731
-0.01303779
0.08457117
0.19789648
0.07752750
0.05353595
-0.19554098
-0.01981617
-0.03846382
0.05277011
0.06644601
-0.08801421
-0.12845743
-0.16977420
0.07015684
0.01439422
-0.04289118
-0.03721317
-0.13493650
-0.10686752
0.00199996
0.13880597
-0.07728315
-0.16687934
-0.17723382
-0.01110722
0.25874805
-0.30734169
-0.13393064
-0.05486787
0.05389161
-0.04534911
-0.08914126
-0.19052522
-0.00857164
-0.04106709
-0.16702211
-0.27417678
-0.07326316
-0.16078886
-0.16263367
-0.25810558
-0.01545889
0.08393003
0.05251234
-0.19975165
-0.07462450
0.08601364
0.04575143
-0.07437237
-0.06968804
0.04294737
-0.17896895
0.07897726
0.13834532
0.17131092
0.08413710
-0.04696893
0.19334224
0.05581769
0.04345790
0.06392639
0.10694614
0.00270930
-0.03913116
-0.04024949
-0.04918888
0.13885845
0.16927303
0.07240236
0.04473397
0.14391120
-0.04761793
-0.02897680
0.12626901
0.08629116
0.12750898
-0.10356992
-0.00384998
-0.05008744
-0.04133872
-0.24417800
0.09055267
0.19951969
0.10808379
0.08126145
-0.13532940
-0.10173508
0.01813680
-0.01236299
0.00894279
-0.17909947
-0.12562795
-0.09658094
0.02796035
-0.06714571
-0.17003708
0.05835412
0.12868892
-0.06443777
-0.17946155
-0.07426855
-0.02582019
0.14425199
0.20353419
0.06581917
0.06394933
0.06125994
0.20088688
0.08676823
0.11363190
0.08946953
0.20859048
0.17623210
0.06182370
-0.00177955
-0.17908345
0.14731576
-0.01246940
-0.19869144
-0.03708301
0.00591922
0.01455423
0.01643767
-0.06437478
0.03785412
0.08351823
0.14418638
0.10697471
0.02558450
0.02809194
0.05827133
-0.11064252
0.02391824
0.01728846
0.08533768
-0.03427109
0.02477485
-0.08518165
0.06795599
0.06268841
0.08459783
0.06292626
-0.08906975
0.00608879
-0.04878857
-0.18544072
-0.12498151
-0.04891735
-0.03928325
0.05215109
-0.19253939
-0.04494203
0.09156963
-0.00405835
-0.13646893
-0.05426095
-0.10054009
0.01783961
0.00922062
-0.09733467
0.05017829
-0.00646016
-0.03696623
-0.08558033
0.01534750
0.14415830
-0.06484640
-0.06942862
-0.03373144
0.14038703
0.02764920
-0.00355482
-0.02581147
0.06836645
0.10034090
-0.03334065
-0.37740210
0.02773023
0.10409611
0.07127717
-0.08128735
-0.16450053
-0.02037791
-0.00230624
-0.06033260
-0.00198002
-0.17395023
-0.17294055
-0.01071324
-0.13629803
-0.04072871
-0.07145236
0.05665947
-0.01489462
-0.02058701
-0.03543926
-0.04994195
0.05213659
0.14808148
0.00082487
-0.03092302
-0.01017422
-0.15348850
-0.16191198
0.01744121
-0.04248530
-0.22984280
0.02651943
0.17394316
0.08059508
-0.09496052
-0.03621527
0.16966209
0.01898170
0.08593189
-0.02297116
0.06009102
0.18560608
0.13564241
-0.04819559
-0.02336187
-0.06034978
0.13267286
0.05297031
0.02371638
-0.08886518
0.06977201
0.02944124
0.05593687
0.07760917
-0.10122687
0.02390938
-0.05693210
-0.16209793
0.06426267
0.02094009
-0.09824061
-0.18231337
0.16574919
0.03953965
-0.17241189
0.11039872
-0.10533495
-0.05777547
-0.20993291
-0.04825016
0.13619639
-0.00092889
-0.13100594
-0.32573900
-0.13702184
-0.02419065
0.14399384
0.10936514
0.04377225
-0.04564165
-0.12379820
-0.07986742
-0.05151150
0.11697212
0.00304273
-0.05965172
-0.14648451
-0.15490481
-0.00193417
-0.10086723
0.01910486
-0.06071628
-0.08797078
0.05331303
0.08574133
-0.03533764
0.13297331
0.05647098
0.13742809
0.20936513
0.09975541
-0.07195249
0.06880298
0.07627326
0.10393161
-0.04901306
-0.05250191
0.15866528
-0.03745009
-0.14307004
0.09102557
0.25274268
0.04733891
0.05347855
0.12609775
0.10589042
0.00907369
-0.02314164
-0.00896021
0.24569714
0.07560339
0.00526035
0.03669527
-0.11466092
0.00484466
-0.10380702
0.04697954
0.24237752
0.19312206
-0.04867260
-0.21077710
-0.07070808
-0.27895057
-0.02437044
-0.11245719
-0.21303912
-0.20992392
-0.10797841
-0.08371068
-0.23717341
-0.08988640
-0.02424184
-0.10217151
-0.03900206
-0.01613067
-0.01292759
0.01807307
-0.00693379
0.19627880
0.11262989
-0.18215722
0.05091547
0.01973270
0.20102772
0.06606469
-0.20896848
0.01856910
0.06531341
0.13557152
0.05479589
-0.00773065
-0.09174699
0.02740326
-0.13900889
-0.15373453
0.06590436
0.01373677
-0.02701091
-0.04036326
-0.00229424
-0.05014953
0.03492911
-0.02300018
-0.07150558
0.14096776
0.02904179
0.09460349
0.03322556
-0.00000167
0.07913029
-0.05704715
-0.11005938
-0.25378343
-0.00910952
0.02285576
-0.02711122
0.12445742
-0.07048076
-0.03753198
0.19854362
0.17173764
0.07722553
-0.04178158
-0.10911307
-0.07007378
0.16672750
0.09765556
0.07396309
0.01965792
0.13144220
-0.04016664
-0.02572634
0.05523916
0.06060605
0.10433412
0.01018316
-0.16010086
-0.07620800
-0.04725141
0.09207936
-0.03963022
0.07952788
-0.01954216
-0.21714914
-0.05852840
-0.16962759
-0.09514353
-0.06786361
-0.16080996
0.17204490
-0.02726254
0.16254263
0.04503195
0.11466960
0.03650165
0.04090253
0.16990915
0.17808667
0.08018404
0.01916120
-0.14746229
-0.18630499
0.04147414
0.03755406
0.22261950
-0.19457911
-0.26296094
-0.16114068
-0.05503863
-0.16666947
-0.16411228
-0.05174309
-0.02867480
-0.20758282
0.08352547
-0.01876302
-0.22121419
-0.01117356
0.14429577
0.22996658
-0.05671171
0.04745522
-0.09936413
0.06138271
0.03596860
-0.04046996
-0.06234683
0.09900969
0.10054694
-0.06050833
0.13647000
0.19100724
0.07141146
-0.04069293
-0.09084137
0.19572970
0.21397260
0.09806920
0.03493778
0.13715036
0.06339804
0.12503746
0.10026932
0.09477305
0.08707123
0.14632708
0.17693320
0.13982528
0.05367961
-0.03711113
0.06375197
0.10281236
0.00876966
0.06512568
0.01534886
0.01501030
0.06025627
-0.32513297
-0.27303076
0.10991265
-0.16017365
-0.01883454
-0.06100390
-0.03421215
-0.01888215
0.12719125
0.05911081
0.11951107
0.04369863
0.16495112
-0.00466435
0.02303496
0.10704436
0.08817500
0.01267389
-0.03062724
-0.00824996
0.17007352
0.10905822
0.13812608
-0.04932651
-0.01572495
-0.01841184
0.03281159
0.01667977
-0.04766498
-0.09323020
-0.08243162
-0.07528681
-0.24353641
0.04156248
-0.06408639
-0.17599732
-0.24751061
-0.15810354
0.17423736
0.22219439
0.07207078
-0.05091668
-0.39995742
0.17568734
0.10156256
0.03187582
-0.01652247
-0.06442941
0.20804775
0.05097889
-0.16063762
-0.08086114
-0.09973820
-0.05808679
-0.16915651
-0.09939369
-0.11434561
-0.06211262
-0.04780751
-0.00075040
0.03669017
0.00164025
0.12464672
0.00080807
-0.13868223
0.09980623
0.07677025
0.25722975
-0.06464495
-0.24153978
0.16305712
0.19520028
0.07669384
-0.17566949
-0.30507851
0.00242798
-0.10700378
-0.17616887
0.10889710
-0.04296515
0.00890343
-0.18639265
-0.08647960
0.03225353
0.05200471
-0.14275472
-0.07955485
-0.05464686
0.03019018
0.02598054
0.08292579
-0.08933517
-0.12808244
-0.02253282
-0.11160526
0.10629474
-0.08676495
0.06276632
0.04619288
0.03871449
0.08578624
0.16803569
0.11997294
0.12742470
0.11935077
-0.01574863
0.02130672
-0.04063773
0.06965173
0.07795791
-0.05643418
-0.24576862
-0.03037482
-0.15888211
-0.03134786
0.03813424
0.10895088
0.04214385
-0.17571141
-0.15781413
-0.02032074
0.03779472
0.04515184
-0.23728958
-0.23351869
-0.07579388
0.02247668
-0.08567229
-0.01701497
0.06070321
-0.08461266
0.11652054
-0.11577079
0.09330298
0.07985286
0.12975167
-0.00892507
-0.17828445
-0.03448592
0.04044027
0.09609950
-0.02586942
-0.01695842
-0.01108449
0.13298519
0.01485126
0.08024231
0.03931927
0.02331397
0.20151606
0.00522670
0.13970643
-0.01133785
-0.04243347
0.00422994
0.00549486
0.05401460
-0.05030652
0.08050547
0.06499166
-0.01466045
-0.05400292
-0.04721801
0.02038819
0.00882670
0.03687036
0.04223965
0.03801505
-0.13879710
0.00662293
-0.10479669
-0.01328591
-0.03496801
-0.00436931
0.01947072
0.01092762
-0.10970293
-0.14010838
0.10192161
0.02079502
0.10764944
-0.05274432
-0.03918960
-0.06552623
-0.00146146
-0.03362538
0.06641275
0.11441475
-0.04694259
-0.08022206
-0.10886925
-0.14232245
-0.18569180
-0.14050423
0.13992305
0.01136229
-0.12466260
-0.05799783
0.04670986
0.09273160
-0.01618587
-0.06078254
-0.21540417
0.06172171
-0.00642504
-0.10734396
-0.11555055
-0.02572148
0.02345051
0.04859456
-0.03663661
0.07129587
0.19463296
0.10132980
-0.01369732
-0.13237719
-0.09650148
-0.22700167
-0.18461023
-0.19490793
-0.06775746
-0.06480712
0.07154296
0.08321293
0.11499371
0.05716703
-0.02036697
0.00909740
-0.00139117
0.12089042
-0.03779513
0.04415018
0.06635574
-0.12138247
0.08935522
0.04413491
0.03830040
0.04221946
-0.11997093
0.01420443
0.10003467
0.00524139
-0.08138435
0.02427146
0.16646089
0.03141489
-0.08845861
-0.08099718
0.15149350
-0.01819881
0.03989707
-0.01382644
0.00633330
-0.07167764
0.01182506
0.11272030
0.02059259
-0.00071361
0.09858689
0.25068256
0.23558971
0.19045162
0.00383698
0.03706891
-0.00038234
0.09150636
0.07675998
-0.13616197
-0.18380982
-0.13632397
0.12959583
0.03839627
-0.16181651
-0.03110935
-0.04815919
0.05527639
-0.06351459
-0.07035100
0.16194335
0.17355281
0.07125661
-0.00219535
0.07812450
-0.18922481
-0.01649847
-0.14889029
-0.10455102
0.26281226
-0.01632134
-0.05833717
0.04943809
0.01268397
-0.14004232
-0.08317286
-0.00056490
-0.02585660
0.15078488
0.06730925
-0.07329851
0.00396739
-0.05038556
0.08791434
-0.03733430
0.18887849
0.12040754
-0.13195728
-0.14165054
-0.02802289
0.03218647
0.09721790
-0.08446813
0.01288180
0.07428683
-0.00187980
0.20560703
0.12569857
-0.02869803
-0.18437111
-0.05067135
0.15239085
0.17998904
-0.14488307
0.01539830
-0.18030617
-0.00892692
0.16266190
0.10637803
0.03412186
0.03198894
0.10594738
-0.02706111
0.01096965
0.01427044
0.16184966
0.00639157
-0.05988369
-0.02786625
0.01799473
0.12826911
0.33824170
0.11976332
0.16259301
0.05466658
0.09489458
0.23763427
-0.04014875
-0.06234204
0.02483729
-0.08433839
0.13395497
0.06057256
-0.07867536
-0.09758370
0.01800406
-0.12054785
-0.05351872
-0.00497016
0.10045934
0.00147971
-0.12025631
-0.05972842
-0.00152882
0.20017745
0.11163644
0.24388529
0.14348021
-0.05122463
-0.15647954
0.03614946
-0.06991287
-0.19036384
0.10031099
0.01771252
0.07492003
0.11124102
-0.06019610
0.04133040
0.08791967
0.09728947
0.11247945
0.02014129
-0.13083254
0.07659954
0.08159430
-0.08976310
-0.10649648
0.07333165
0.18926834
0.15909004
0.01570185
-0.02869923
-0.18192935
-0.26323119
0.07695499
0.06831691
-0.05521281
-0.14947407
-0.12186799
0.01777657
0.13502966
-0.03349247
-0.00791725
-0.07180874
-0.06204036
0.04582895
-0.07015046
0.05292046
0.18675306
0.05026941
0.10526925
0.08521668
0.07526811
0.10980520
-0.04122824
-0.06988186
-0.15129566
0.06149086
0.07554693
-0.38672081
0.02693832
0.00156489
-0.00858469
-0.02672408
-0.19509210
0.12702522
0.19307202
0.00532976
-0.15770660
0.00839708
0.06863960
0.10882576
-0.04368807
-0.11728282
0.11458810
-0.16857639
-0.19652559
-0.13822582
0.07127093
0.01765658
0.04009754
0.00960069
-0.01008151
-0.12444410
0.18837589
0.07458631
-0.04451377
-0.06718966
-0.17664410
-0.04288180
0.07260783
0.07155672
0.10423819
0.09287347
-0.01179853
0.11776686
0.00885627
0.04524079
0.12020615
-0.01325438
0.09106337
0.01110606
-0.01729945
0.10940323
-0.12060452
0.19962423
0.04554380
0.06140038
0.12008031
0.01219885
0.12719811
0.03210516
-0.01059911
0.04074350
-0.07267027
-0.05220091
-0.03475643
0.05998368
0.06316630
0.16488355
0.25877184
0.12707099
0.09784092
0.04182338
0.06346772
0.14089859
0.02220945
-0.18135758
0.05596042
0.05203553
-0.00730859
0.00363037
-0.02758596
-0.07925414
-0.01804023
-0.05334116
0.04996658
0.07364125
0.03067719
-0.04410909
-0.08396415
-0.08097216
-0.13353112
0.14032313
0.12253016
0.18381825
-0.07646113
0.05346481
-0.09826473
0.07722463
0.11941262
-0.02499236
-0.17154798
-0.35054934
-0.08336040
0.16337249
0.14898257
0.09875889
-0.09881128
-0.15060210
-0.02100949
0.03162295
0.06305207
-0.01874214
-0.13965386
-0.10801811
0.05199691
-0.01590527
-0.06932379
-0.01593618
-0.05074964
0.08022998
-0.05196945
-0.03753430
-0.11349142
-0.04881373
-0.20247348
-0.20523648
-0.08333930
0.01332657
-0.09948001
0.00564940
-0.00950882
-0.02833318
0.06606814
-0.13087060
-0.14065865
0.13341881
0.08704982
-0.13565555
-0.28130671
-0.05056190
0.18748863
0.06081475
-0.07478232
-0.02909618
0.16285285
0.03875756
-0.16302107
0.10195813
0.06999931
-0.02888895
-0.11631048
-0.07898606
-0.03396924
-0.03833253
-0.01982671
-0.14287451
-0.01221159
-0.09053536
0.00033069
-0.08926450
-0.11464134
-0.07114114
-0.07836737
0.05433160
-0.09705013
0.00792569
0.03004329
-0.12755546
0.02909132
-0.00604123
-0.11155414
0.05140434
-0.14952724
0.13853671
0.16037025
0.19561778
0.03560158
0.10910680
0.14647353
0.16914460
0.08167581
-0.09570824
-0.05333017
-0.12139708
0.10401039
0.02622846
0.04424419
-0.03086092
0.19932868
-0.13342246
-0.18805614
-0.09543023
0.16276413
0.12238681
0.05900722
-0.04585699
0.04452068
0.15932168
0.28499502
0.11259791
-0.02613606
-0.06421368
-0.02383768
0.03513852
-0.03134381
-0.04726753
0.09367140
-0.03649589
0.03160392
-0.08415859
-0.04585968
-0.14551316
-0.23330560
-0.14723352
0.05003636
-0.08371172
-0.15443116
-0.07328036
-0.03723662
-0.09505805
-0.19227853
-0.10252991
0.12169390
-0.02123476
-0.02301401
-0.16304611
-0.26825103
0.09893709
-0.03475589
0.04776896
-0.10465237
-0.14155255
-0.23650983
0.03989376
-0.02980135
-0.01769972
-0.06589543
-0.11595073
0.17325330
0.08403105
-0.01951112
0.03817990
0.02392055
0.13760152
0.13228899
0.11039080
0.11531372
0.04673474
-0.01608302
-0.15357813
-0.13114546
0.02172058
-0.10230079
-0.23511319
0.13698268
0.04260721
-0.09008808
0.19889346
-0.02595251
0.11707069
0.02816448
-0.10244654
0.00906308
-0.09730708
0.08647588
-0.13777499
-0.08091810
-0.27961066
-0.09338464
0.14596836
0.00586467
0.05036608
-0.04526792
0.10006724
0.12126738
0.17342223
0.30564317
0.01404052
0.01720886
-0.00822187
0.04509135
0.06957912
-0.20830394
-0.15179704
0.00772813
-0.08708106
0.02772927
-0.16264403
-0.22869958
-0.14562273
0.05736754
-0.10338526
-0.20720661
0.04148845
0.06131008
-0.01449396
0.05482395
0.09279060
0.00144680
0.04670264
0.06000012
-0.04395397
-0.21964116
-0.04222959
0.04316090
-0.21661150
-0.03373354
-0.02542830
0.11557026
0.01153647
0.07482767
-0.03815033
-0.06634730
0.05404221
0.09945121
0.08662316
-0.16063817
-0.18046631
-0.07379855
0.04300365
-0.01180193
0.03642790
-0.05589385
-0.22022364
0.02233318
0.06768454
0.10918842
0.03717377
-0.02319723
-0.06305286
0.02984218
-0.02327473
0.06020125
0.08596892
0.00486044
0.00669504
-0.13320598
0.00968248
0.10332203
-0.05190663
-0.08029281
-0.13001561
0.01881351
-0.04491294
-0.04358911
0.00869230
0.16773298
0.03231448
-0.03915053
0.07161082
-0.01264605
-0.05584552
-0.12216477
-0.06374563
0.06149023
-0.02639884
0.04994125
-0.00520863
0.06943782
-0.00138401
0.04885246
-0.01816544
-0.15602225
-0.03372064
0.05218177
-0.10622947
-0.14493662
-0.21020161
-0.07376831
-0.05478857
-0.20774822
-0.10184329
0.06853659
-0.00892362
-0.31261572
-0.13573615
0.09799371
-0.08342739
0.03314800
0.08372220
0.16198263
0.07760929
-0.00645812
-0.04650499
0.08934337
0.06913915
0.17683084
0.01394370
0.09783086
0.03865127
-0.19842368
-0.16256994
0.05490379
0.16606912
0.13408610
0.06107644
-0.08758466
-0.01035446
0.09459188
0.02329908
0.01980465
-0.15057132
-0.06130947
0.01490085
-0.06751958
-0.10500640
-0.09395312
0.02890335
-0.04269460
0.09754220
-0.03534950
-0.20464574
-0.12685092
0.04001790
0.03121976
-0.05588908
-0.45662642
-0.19835687
-0.05254358
-0.13565817
-0.26509288
-0.16407511
-0.10498102
0.15919887
0.08500577
0.06741025
0.08517258
0.02400451
0.05837520
0.07837899
0.01023175
0.15823996
-0.01430610
-0.03389409
-0.01511271
0.04814851
0.16598940
0.14079227
0.13359438
0.10199671
-0.07280221
0.09176309
-0.01480735
0.07581662
-0.02398548
-0.02234886
-0.13085657
-0.12263700
-0.04559116
-0.00823287
-0.02574684
-0.19816077
-0.07992276
0.00924197
-0.12258206
-0.10208865
-0.23451209
0.11685732
0.03258336
-0.15805751
0.00545259
-0.26104617
0.03444602
0.18578444
-0.07886501
0.07514018
-0.03629773
-0.04968138
0.18289170
-0.11491960
0.08230155
-0.00264484
-0.16042328
-0.09419779
0.01049754
0.27122828
0.14039902
-0.07336460
-0.00265352
-0.08265822
-0.19150399
-0.22437704
0.05636436
-0.05502124
0.03961589
-0.06303322
-0.08600455
0.02177093
0.06303035
0.04708958
-0.00261291
-0.05255809
-0.10406266
-0.02957567
-0.06555531
-0.20087034
-0.08719035
-0.14328317
-0.14058875
-0.07411715
-0.01252723
0.03878653
-0.12360826
-0.06457321
0.10557728
-0.04459392
-0.02461757
0.05209590
-0.07824226
0.08236474
-0.00419737
-0.11111496
0.04978476
-0.08414812
0.08434743
0.00395410
0.01177650
-0.18646364
-0.04540313
-0.00086088
-0.00988997
0.16366343
-0.27218354
-0.04586308
-0.01904977
0.07730331
0.25953245
-0.07658107
-0.24173869
-0.18035144
0.12353838
0.06983852
-0.05200463
-0.07693214
-0.08496435
0.08933539
0.05679091
-0.14049344
0.04998705
0.11182359
0.10211817
-0.05014519
0.00257959
-0.28457218
0.07706732
-0.05294782
-0.17661212
-0.22019532
-0.09943012
0.00101292
-0.07900834
-0.05079413
-0.15437898
-0.10589507
-0.06376012
0.00159251
-0.01995894
-0.31582534
-0.06071706
-0.03381361
-0.12261017
-0.13278271
-0.19749647
-0.05292963
-0.02616533
-0.13140391
0.09877668
-0.07263567
0.05313706
-0.08640978
0.12912977
0.24791119
-0.00548461
0.04037145
-0.11172495
-0.12176712
0.17878999
-0.01336965
0.03541757
-0.05645012
-0.06083810
-0.02657531
0.04488674
0.13401084
-0.06813565
0.02302713
0.05738671
0.08793394
0.07802358
0.05921128
0.01495157
-0.19069715
-0.07346120
-0.03989909
-0.06213527
0.13211256
0.13183542
0.08764841
-0.11690077
-0.16948886
-0.00072666
0.00948943
-0.05678020
0.00090510
0.16415367
0.00694943
-0.04264773
-0.02345884
-0.07092901
0.03660807
-0.02101567
0.08990442
0.03460585
0.04649559
0.16650909
0.01986152
-0.12143797
0.05499150
-0.02525100
-0.06250719
0.07950587
-0.31885368
0.01175634
0.16942410
0.10660604
0.07591915
0.00273907
0.10460520
-0.00267288
-0.01342225
-0.05767129
-0.10692842
-0.17201556
-0.02539995
0.04708200
0.12681255
0.04183823
-0.01674967
-0.07534872
0.09961537
0.13244365
0.06093098
-0.17802113
-0.17618631
0.02384734
0.10193813
0.26025382
0.34221917
-0.09701338
0.02013682
0.13825449
-0.03025676
-0.10042345
-0.21113771
-0.06553566
-0.00353982
-0.10379383
-0.00623097
-0.16957517
-0.02227487
0.09291930
-0.01045908
0.07934690
-0.01441157
0.18542226
0.06925504
0.13805738
0.05950515
-0.02783673
-0.04959200
0.01994059
0.49596548
-0.10087472
-0.07504189
-0.13274863
-0.01824077
-0.10683458
-0.19144627
0.03883505
0.00617540
0.13724515
0.06909337
-0.03229837
-0.09765662
-0.01045092
0.02104523
-0.16274528
-0.05340496
-0.21142198
-0.07471020
-0.01830980
-0.04669906
-0.03481878
-0.05493885
-0.17131889
0.00642586
-0.00157971
0.17403238
0.01308146
-0.05231484
-0.03525252
0.05786482
-0.05598544
0.06196960
0.27206257
0.09022883
-0.04570162
0.03817525
-0.00441476
0.09112660
-0.09834141
0.01282590
-0.02588374
-0.05907818
-0.12967037
-0.06054001
-0.06846329
-0.09310284
0.07315437
-0.17695668
-0.15553778
-0.15121718
-0.10455324
0.14702180
0.03333617
-0.05300556
-0.12985703
-0.11975268
0.07784306
0.03531704
0.03398162
0.03183570
0.03734051
0.02394091
-0.01719102
0.01264412
-0.00583075
0.05703710
0.15760188
-0.01972382
-0.07313054
-0.00141546
0.00760390
0.11179654
0.06784230
0.02227966
-0.16841380
-0.22270195
-0.01175134
0.01966589
0.10283810
-0.04182169
-0.11812578
0.09377821
-0.00486344
0.12000698
-0.04497815
0.11103249
0.08985015
-0.01063723
-0.15641953
-0.22380492
-0.00108325
0.01957840
0.16937353
-0.00192443
-0.09284262
0.13903406
-0.04357389
-0.06499309
-0.17587337
-0.28377047
0.21463618
-0.03904163
0.16401254
-0.06171567
-0.20279413
-0.08699930
-0.01487646
-0.07202549
-0.12630433
-0.24920325
0.17239138
0.11547142
-0.14081751
-0.06009640
-0.09833296
0.00660476
-0.05933904
-0.26481172
-0.26967600
-0.10813578
-0.00419513
0.09078254
-0.02380795
0.04622915
-0.15841745
0.08460554
0.05523138
0.01005053
-0.08332645
-0.11194970
0.04838668
-0.03800487
-0.08550939
0.02094060
0.17342155
0.05537642
-0.22401376
0.06577658
0.09594899
0.01890992
0.21252716
-0.00467729
-0.10000736
-0.09956778
-0.10186046
0.11083464
0.10063776
0.04607048
-0.04125846
-0.17915407
-0.04343596
-0.01158196
0.04469299
0.01991461
0.27144587
-0.09013402
-0.01699005
0.03576306
-0.16000938
0.00384906
0.18832982
0.07565304
-0.13153531
-0.03057181
-0.03803578
-0.02743943
-0.09040050
-0.24844867
0.05355189
-0.00583905
0.02669466
0.06588954
-0.09800947
-0.21162523
-0.40035772
-0.05146248
-0.00119857
0.07671867
0.10674208
0.00755398
-0.06512944
-0.20707667
0.04587911
0.06161034
0.09126297
0.01616256
-0.13292117
-0.09861411
-0.04560501
0.01612619
0.07602474
-0.11920643
0.12818597
-0.07766350
-0.07782041
-0.13205479
0.06626097
0.03908282
0.18955548
0.18409222
0.02067921
0.02422953
-0.15791427
-0.13613917
0.06077008
-0.00758671
-0.09652606
-0.03659880
0.22975053
0.19693914
0.03291231
-0.12262588
-0.00305553
0.00680403
0.03965888
0.02116224
0.04294747
0.11486332
-0.09632532
0.00763282
-0.00856820
0.07824608
0.09691653
0.07953457
-0.09449487
0.01044149
0.13812080
0.01066333
-0.03308441
0.03804506
-0.10785570
-0.01982237
0.10516298
0.00814700
-0.01656914
-0.00109069
-0.11978693
-0.05644017
0.05218810
-0.17216167
-0.00077475
-0.17461760
0.07762655
0.07965402
0.00448086
-0.06972456
-0.09738705
-0.00586943
-0.08404555
-0.07048381
0.01518271
-0.06971411
-0.06519770
-0.28120863
0.12018119
0.18354101
0.15976049
0.15053873
0.07571413
0.11507227
0.09601261
0.00817219
-0.17345710
-0.14962682
0.06944890
0.04281012
-0.01825209
-0.01453486
-0.06902521
0.00276633
0.06069915
0.11957792
0.02888464
-0.08579768
-0.01571959
0.05014362
-0.07639676
-0.09952536
-0.00842950
0.12000906
-0.04646770
-0.02830292
-0.04214724
-0.01424625
-0.08372848
-0.05827364
0.02528786
0.02874403
0.11328794
-0.08275135
-0.10032246
0.05058200
0.10618725
0.02450945
-0.06386697
-0.11969910
0.04007669
-0.00275826
0.02383940
-0.01357378
-0.12218579
0.07135155
0.01961644
-0.04397586
0.13106592
-0.41376257
-0.03016242
0.02903134
0.03272053
-0.02670751
-0.08779556
0.03388752
-0.12547894
-0.11203205
-0.08414134
0.09213477
-0.03180991
-0.03485269
-0.14013544
-0.07058652
-0.06545112
-0.19559555
-0.11876517
-0.06289122
-0.10425566
0.18160380
0.18504357
-0.08142050
-0.05532814
0.03629794
-0.28035662
-0.24536599
0.09399123
0.06340004
-0.04942931
-0.18855022
-0.08700488
-0.03535679
-0.11843766
0.06834929
0.02043609
0.12035658
0.03503541
-0.22108258
0.02639643
0.07671486
-0.02932546
-0.05123522
-0.27341220
-0.06886684
0.01267956
0.05338471
0.15257491
-0.11714682
0.13983206
-0.30310547
-0.22687696
-0.05678244
0.07803901
-0.08992593
-0.23906954
-0.15099722
0.09379241
0.00389979
-0.15510906
-0.14157622
-0.04803651
-0.19579330
-0.12190171
-0.16593817
0.15284619
-0.29537335
-0.18425880
0.00741726
-0.01702929
0.17699683
0.12426632
-0.04044437
-0.13013317
-0.10352557
0.13026421
-0.09769689
-0.01284997
-0.04478291
0.01234513
-0.06039593
0.05324845
0.07097065
0.09921253
-0.07515952
-0.09684198
0.08775082
0.14838989
-0.00439707
-0.17906989
0.08414605
-0.07605932
0.13967580
-0.07474370
0.13478374
-0.04830365
0.04009612
0.00269867
0.09010382
-0.00811173
-0.02551541
-0.22922193
-0.08611874
-0.04696014
-0.03740799
-0.10693987
-0.10797284
-0.16025132
-0.13386741
-0.14198928
-0.07444067
-0.06002132
-0.08414449
-0.09496453
-0.15663783
-0.08353152
0.03956480
-0.04455077
-0.05821569
-0.13496748
0.01986378
-0.03668359
0.05700219
-0.01288775
-0.11741810
-0.02332259
-0.15548633
0.08779997
0.06477844
0.07222544
-0.27853203
-0.13998653
0.19471690
-0.15065643
0.11286955
-0.02288523
-0.18227498
0.02967121
-0.11591781
0.12932433
-0.00941041
-0.02478951
0.00480785
-0.10999256
0.07582735
0.04608160
-0.02981197
0.09699252
-0.01926678
0.05624724
-0.21584119
0.07632925
0.20503882
0.10302143
0.15322655
-0.19385412
-0.09034348
0.08155265
0.07511359
0.10539111
-0.13413867
-0.05099659
-0.10019016
0.03446163
0.04799898
-0.07476274
-0.06849445
-0.05784461
-0.10721241
0.01526181
-0.02160145
-0.00858556
-0.12599857
-0.01427013
0.06263633
-0.11000206
-0.22433630
0.00093837
0.00642756
-0.02146715
-0.10305442
-0.12732652
0.06539726
-0.23607709
-0.00438219
-0.18292929
-0.06725303
0.02355410
-0.04650079
-0.09490173
-0.06779692
0.02297229
-0.01264601
-0.27885288
-0.14698580
-0.15776658
-0.17992924
0.08590131
0.01588228
0.05839622
-0.30905938
-0.10428477
-0.02616940
0.11993459
0.20989117
-0.24054113
-0.14528294
-0.14637682
0.00735148
0.14856604
-0.00332887
0.04151950
-0.06635589
0.05326343
0.04916116
0.08881315
0.07502666
-0.00855105
0.05228086
0.02475220
0.18284793
0.07708828
-0.00712948
-0.04870727
0.02155514
0.02397877
-0.18504712
0.05523541
-0.04067811
-0.14119130
-0.30467945
-0.04431895
0.12867479
0.01723049
0.05677602
0.13259210
0.16634896
0.09525367
-0.07398822
-0.13349260
0.08958877
-0.02995857
-0.00155898
-0.15187320
0.07925612
-0.05958248
-0.06513944
0.00339252
-0.06573790
0.03835252
-0.05410717
-0.12129463
0.11690175
-0.00700590
0.19716366
-0.16179141
-0.28781670
-0.19215143
0.00997592
0.11771680
0.05001179
0.01861544
-0.12340262
0.00488238
-0.05432062
0.04936998
0.07314673
-0.03198943
-0.08988111
-0.14170127
0.03911641
-0.13161452
-0.17500928
-0.08796472
-0.07421564
-0.21379711
-0.13169234
0.07065187
-0.06552135
-0.04235127
-0.22625265
-0.10918062
-0.10862423
-0.06260101
0.02443744
-0.08902258
-0.08755820
0.19134790
0.05239799
-0.05506220
-0.00143399
-0.00617045
0.08833069
0.00088313
0.01647863
0.16963114
-0.02929978
0.00547351
-0.10217611
-0.06493023
-0.31642613
-0.06974516
0.14768210
0.01703978
-0.02193984
-0.05532692
0.04518585
0.06586161
-0.06291962
0.14221616
0.03976512
0.11268143
0.09105528
-0.03972949
0.00277532
0.16621171
-0.04221006
0.13946298
0.01560331
-0.04894864
-0.02388928
-0.04970843
-0.01454006
0.02206049
-0.12708557
-0.07972318
-0.05042677
-0.00440300
0.11961436
-0.03365892
-0.13747345
-0.10397711
-0.03760098
0.02511626
0.03892829
-0.06085551
-0.10914849
-0.07043223
0.07236692
0.11545990
0.01751360
0.00616587
0.00500289
0.02144209
-0.04305228
0.17112628
-0.07378171
-0.00875753
-0.05157228
-0.04354679
0.05948320
-0.01964260
-0.03418834
0.07302408
-0.01579271
0.01361279
-0.03582756
-0.07492252
0.05702761
-0.04164068
-0.00473598
0.03942125
0.06559114
0.13369340
-0.03142947
-0.00443512
0.14335045
0.05934764
0.05797185
-0.16622086
-0.06059804
0.08666263
0.09213054
0.00423022
-0.04665250
-0.10349637
-0.17546445
-0.25250626
-0.13283947
0.19390179
-0.07537941
-0.04674366
0.00120082
0.15215583
0.08779047
0.04649190
0.10764240
-0.00956149
-0.15243256
-0.11768860
0.13734058
-0.04166466
-0.04318018
-0.07766613
0.00528058
0.12769535
-0.04367539
0.05767379
-0.22892123
-0.06822120
-0.02949547
0.08307141
0.06145026
0.15619121
0.11844178
0.05037914
0.12014361
0.09598625
0.12347613
0.02383068
0.07642516
0.13944751
-0.02716434
-0.05636817
-0.09917433
0.06525246
-0.06901718
-0.14384784
0.05872400
0.05798458
0.02981032
-0.03672228
-0.02724701
-0.10127454
-0.01548159
-0.04396834
0.02292872
0.01723577
-0.08001775
-0.29878059
-0.04012492
-0.15269150
0.04146592
0.07204776
0.00828544
0.02560367
0.10096373
0.23719981
0.18098205
0.05993450
0.05675586
0.07001267
0.01223245
0.09538824
-0.02763545
-0.06178192
0.11123765
0.00923889
-0.11248536
0.00527728
-0.08173414
-0.10224498
0.20734301
0.03279966
0.04157835
0.14440249
-0.00702063
0.04330896
-0.08438946
-0.21374123
-0.03406506
0.01764367
-0.04283162
-0.04634337
0.00050440
0.12935512
0.07204556
0.17126969
0.11017595
0.06628994
0.14785817
-0.03264034
0.11743919
0.06166680
0.01516091
-0.21458088
-0.19965056
-0.10216916
0.04337983
0.13912481
-0.13843627
-0.12011873
0.05671614
-0.12697320
-0.01984046
0.05580065
-0.15750685
0.00731347
-0.06690562
0.00335015
0.24084173
0.01368952
-0.04262136
-0.02828702
0.09809418
0.08284582
-0.00263044
-0.03816517
0.01890790
0.02501048
-0.11587176
0.07778127
-0.08792684
-0.02065326
-0.07937967
-0.02443749
0.04821412
-0.10704435
0.05217199
0.12843734
-0.06381293
-0.15973379
-0.11499417
0.12110739
0.15260176
0.23619312
0.11215965
-0.00166618
-0.00052351
0.02357192
0.26045671
0.16758637
0.02594322
-0.06880342
-0.01127126
-0.24491218
-0.06612075
0.04057629
0.12947085
-0.01818406
0.03363639
-0.14924642
-0.20920826
-0.28144979
-0.09039950
-0.12318158
-0.05283165
0.00416362
-0.09351525
0.10718837
-0.09710603
0.06766780
0.05825169
-0.13966912
0.09746324
0.12028684
0.10815825
0.15117054
-0.05049479
-0.08317249
-0.14601879
-0.05295288
0.12850614
0.19019888
0.20903860
-0.05246493
0.03890648
0.05984082
-0.02051548
-0.06216146
-0.00062492
0.02695281
-0.04495488
-0.10973805
-0.18803693
-0.10073443
-0.01889776
-0.09464967
0.02593082
-0.12365641
0.05770922
-0.04480612
0.07822977
-0.03760516
0.04565923
0.12525900
0.04391936
0.05373660
0.10782827
-0.04891125
-0.15573144
0.02297858
-0.01691914
0.17297913
0.12751563
0.11520240
-0.04573428
0.06727167
0.18628289
0.10698586
0.15301734
0.08987879
0.08033684
0.00295617
0.06936364
-0.00248467
0.02888625
-0.04637166
0.03715556
-0.10380248
0.08763037
0.12294231
0.23975004
0.10301152
-0.03298466
0.04531433
0.11480140
0.04990129
0.13536511
-0.12260284
-0.03249471
-0.00918970
-0.03172829
-0.13275185
0.02143220
-0.03554146
0.07119279
0.08653783
-0.01936417
0.00814950
0.10341852
0.00564257
-0.04823362
-0.14976923
-0.02512740
-0.08727622
-0.11441372
-0.13613926
0.16558896
0.17854497
-0.06309655
-0.17367205
-0.11506093
0.22820301
0.32342210
-0.09493370
-0.09453826
-0.10095941
0.09635168
0.06640212
-0.02895309
-0.16064629
-0.03879254
0.12712421
-0.11790417
-0.03229931
0.08966857
0.03313389
-0.01071151
-0.09871192
0.17059647
0.21259987
0.13343701
0.14112101
-0.17278448
0.29222786
-0.07599132
-0.05724773
0.02323277
-0.15780315
0.07316148
0.00958438
-0.07151464
0.09460591
0.03074042
-0.10470762
-0.01271318
-0.00857231
-0.00018780
0.03738508
-0.00717158
0.03836097
0.01211626
-0.04729176
-0.04947922
-0.02648117
-0.19435595
-0.09821484
-0.09999441
0.23124382
-0.01406423
0.18845396
0.17810261
-0.12689497
0.10003811
0.01407680
0.10780310
-0.21528979
0.01698284
-0.09935496
0.14119713
-0.02537567
-0.25031477
0.10574390
0.05654507
0.07735805
0.02094784
-0.00317919
0.10318993
0.06759230
-0.06334877
-0.00144428
-0.13493000
-0.26153323
-0.13537037
-0.02937428
0.06176923
0.12920748
-0.01764210
-0.01617510
0.00176494
-0.05763163
0.06274660
0.01857453
0.21140063
0.12788028
-0.08050194
-0.12315734
0.06110511
0.10257687
0.05355549
0.09239829
-0.10924438
-0.05591248
-0.00841318
-0.11233010
-0.18181674
-0.23012109
-0.06729579
0.06626136
-0.43271980
-0.32377368
-0.11325413
0.01801612
0.21650618
-0.17641558
-0.20951225
0.07834611
0.02769796
0.09370928
-0.09938549
-0.02098044
0.03121994
0.01716986
-0.02902992
0.01067484
-0.02343202
0.04437794
0.05012204
-0.04643117
0.21087281
-0.09096970
-0.22238652
-0.17865838
0.03383164
0.11417358
0.02125646
-0.15019460
-0.00783888
0.16512404
0.22793949
0.10288789
-0.12057074
-0.06898949
0.01765120
0.02838059
-0.22949028
-0.02481334
0.08164490
0.10373826
0.14480931
0.01014596
0.02060141
0.02799240
0.11269992
0.11726869
-0.04402095
-0.06596591
-0.00794304
-0.09488144
0.06995420
-0.17965545
-0.08648849
-0.02971498
0.09758054
-0.21401498
-0.09222113
0.06042667
0.17088740
0.03468400
-0.21735114
0.03501704
0.07597015
-0.08898752
-0.01356494
-0.01326638
0.10256883
-0.14495747
-0.13764518
0.03497254
0.00997239
0.02536704
0.05507633
-0.00506841
-0.02877962
-0.13031974
0.11821412
0.08159452
-0.01540728
0.00761450
-0.03302903
0.17493996
0.06872874
0.00667688
-0.08310851
0.01384053
0.15302740
-0.02943100
-0.06900761
-0.16495639
0.00751515
0.05457131
-0.00137626
0.11821271
0.10721835
0.23487355
0.12732872
0.06146784
0.19766806
-0.03372742
0.00244875
-0.00910011
-0.02220587
-0.16038856
-0.16241637
-0.05100153
-0.13536137
-0.06696044
-0.01550748
0.05187635
0.20295618
0.10248354
0.14000541
0.08561763
0.01311513
-0.09543525
-0.09468263
0.10252368
0.08017521
-0.00890931
-0.15739341
-0.14599480
0.17719531
0.12251630
0.15685648
0.14732298
0.23079239
0.11268006
-0.01232243
0.09961036
0.23256017
0.06562993
0.13070500
-0.07877551
-0.11763409
-0.11736979
-0.12412837
-0.10116725
-0.05330965
-0.01724066
-0.05876171
0.06745203
-0.04737489
0.31373364
0.13806120
0.16729634
0.13776712
0.08590751
0.01671526
0.05711067
0.07637121
-0.20264044
-0.02605218
-0.14936721
-0.05981420
-0.19896428
-0.09469251
-0.07220627
-0.02411840
-0.17243689
0.10908139
0.03875758
0.03303409
-0.02347356
-0.12399944
0.21951838
0.02964193
0.07889289
0.02676932
0.23361737
0.11765555
0.16291246
0.03184336
0.05328622
-0.08112699
0.09038751
0.08029383
0.00291879
-0.08116648
0.03229845
0.16887900
0.07603349
-0.17930187
-0.23475844
0.05909071
0.22599784
0.15386912
-0.04384172
-0.17597245
-0.00172255
-0.01191752
0.06918380
0.07128095
0.01145191
-0.04415740
0.12182122
0.10384405
-0.18129964
0.19862798
-0.02846520
0.18551072
0.13097423
-0.19951648
-0.00330635
0.13333936
0.08292188
-0.04077757
-0.03505626
0.05253023
0.10087949
-0.10336110
-0.15883213
-0.02504449
0.00784891
0.20310746
-0.10175338
-0.11033053
0.06001015
0.03548275
0.03857003
0.05672712
-0.19096196
-0.18664265
0.09637039
0.12716715
0.02350397
0.09364956
-0.01858213
0.13181326
0.11137240
-0.03775789
0.08916964
0.09540752
0.04050138
0.05344546
-0.06876626
-0.00075090
-0.00824023
0.01492529
0.07905073
-0.00332483
-0.06691922
-0.00535184
0.02906572
0.28901926
0.15781538
0.11251730
0.00039427
0.01773807
0.05368226
0.02709048
0.05896041
0.08007747
0.11346383
-0.08916008
0.08789609
0.06730686
-0.04011637
-0.03414962
0.09904844
0.06153988
0.13352960
0.11816522
-0.08352259
-0.06773124
0.08009434
-0.05796354
-0.00931188
0.08379520
0.08287022
-0.11740883
-0.09030601
0.05468785
-0.01851469
0.00862876
-0.17305678
0.00603215
0.05074346
0.04289468
0.11469381
0.12316776
0.05694674
0.00985267
-0.06944159
0.01764343
0.07942783
0.00933489
-0.06185115
-0.17060357
0.04602575
0.06426398
0.09166074
0.05765339
-0.06672738
0.06491838
0.11585851
0.06167251
-0.17884573
-0.16700710
-0.18271196
-0.05216799
-0.15020606
-0.16824417
0.00090485
0.10415471
0.04547882
-0.07963619
0.01622150
0.01668053
0.01708986
-0.24823208
-0.01671444
0.18541555
0.08234328
0.01234151
-0.07793322
-0.09187216
-0.12014941
0.05223504
-0.03907537
-0.08341934
0.00968522
0.07053356
0.03226542
-0.18058999
-0.19366920
-0.01513065
0.08876694
0.08988731
0.06352711
0.06433265
0.09791580
0.14227547
-0.07115225
0.02964969
-0.02497918
0.01462445
0.01377293
-0.04649437
-0.08547588
0.05051006
-0.02070548
-0.09181494
-0.01980741
-0.05094471
0.03384291
0.14317837
-0.17570613
0.01595595
0.05351117
0.09773405
0.36166212
0.06281251
0.03805165
-0.02888323
-0.01707558
-0.16452990
-0.15649566
0.01242594
-0.13929400
-0.07871389
-0.06847133
0.03389837
0.00316647
-0.11785386
0.00393613
0.01746505
0.25347990
0.01980869
0.16297090
0.22189239
0.12348219
0.02789841
-0.20989296
-0.39295438
0.12103869
0.12051705
0.05688733
-0.10839131
-0.07039671
-0.08929409
-0.29918069
-0.15746705
0.09864608
0.21223579
-0.01675516
-0.08933588
-0.02796962
0.07661995
0.04819755
0.05591831
0.12348308
0.06474429
-0.08413220
-0.16019571
0.18082635
-0.07724893
-0.19807383
-0.16451092
0.01641274
0.12145709
-0.05430415
0.02651483
-0.16622977
0.02852421
0.01618529
-0.15660220
-0.02276278
-0.06339024
0.17162395
0.12113382
-0.08689971
-0.12517451
0.04093963
0.07737707
0.08291613
0.14679708
0.05593415
0.11956223
-0.03359464
0.02394493
-0.16766529
-0.25265059
-0.25876939
-0.37653959
0.12103043
-0.01788855
0.09457479
0.10120251
-0.04446482
0.02102557
-0.11163448
-0.08638446
0.07063741
0.08723024
-0.07143284
-0.04986852
0.20908733
0.08428387
-0.05853233
0.12143801
-0.05934137
-0.18145934
-0.13128021
-0.15156060
-0.05941761
0.09850640
0.02228213
-0.19067669
-0.23366342
-0.02151116
0.12207219
0.19154042
-0.01140643
0.05642421
0.17453082
0.07820969
0.14627895
0.06683757
0.05737218
-0.06189163
-0.02290782
-0.02829082
0.18271165
0.01880230
-0.07618845
-0.09935490
0.04393772
0.09650279
0.03760748
0.02146438
-0.15368824
-0.06110139
0.02841294
0.04601458
-0.09298047
-0.11399630
-0.01382134
0.02751631
0.17630349
-0.20604549
-0.10493835
-0.01801394
-0.10821910
-0.07868935
0.02141513
0.01936659
-0.03932367
-0.17611587
-0.52084702
0.09191585
0.03993805
0.06924198
-0.12359513
-0.22636551
-0.07269040
0.02732857
0.04542694
0.02073167
0.11127117
0.04328685
-0.03738188
0.02687798
0.04301772
0.11509363
0.17229432
0.12289106
0.12185362
0.02405258
-0.09884969
0.16911009
0.02757363
0.06018329
-0.03526806
0.15208441
0.05050196
-0.14995000
0.04251116
0.09716795
0.04942187
-0.08027790
-0.00228167
0.12266545
-0.05291753
0.06683378
-0.03645517
-0.06116265
0.08843511
0.12524833
0.24877392
-0.07108003
-0.10334819
0.07919718
0.03781844
0.04933947
0.13329442
-0.00064835
-0.01837575
-0.01201272
-0.06959110
0.02597768
0.05669630
0.06666572
-0.21150006
-0.31355798
0.00725515
0.13524398
0.17278568
-0.03981010
-0.20032144
0.09988817
0.23651414
0.04602924
-0.00046056
-0.19558118
-0.01912651
0.13057345
0.00526488
-0.15527187
-0.10901007
0.07262690
0.05641059
-0.03247968
-0.00153736
-0.13998525
-0.14272790
-0.27225563
-0.09539064
-0.23564032
-0.31066084
-0.13376841
0.02568800
0.20323904
0.01802083
0.12754941
0.04944685
0.16698164
0.16838987
0.00179207
0.06929635
-0.03377579
0.07248627
0.01031876
-0.12101500
-0.15418594
-0.08831822
0.16606180
-0.08420991
-0.05237919
-0.12859982
0.06063208
0.10892618
0.10984937
0.00493421
-0.03430986
0.06173396
0.22505108
0.07297149
0.00917626
0.24052890
-0.00282725
0.05064620
0.12176968
0.07383398
0.23457953
-0.02371617
0.01479361
0.19422087
-0.07349358
0.00056939
0.07129983
0.08215058
-0.07482486
-0.12442017
-0.14013153
0.06890986
-0.04549057
-0.44526517
-0.14644703
-0.06241571
0.02005179
0.07917590
-0.14439373
-0.18857604
-0.04107362
-0.00961678
0.14814979
0.09855638
0.09055911
0.29299396
-0.03951087
0.00453067
0.10965055
0.13311361
0.28992516
-0.03489646
-0.14337984
-0.02713807
0.03662851
-0.12898330
0.07140752
-0.19923346
-0.12309075
-0.34183210
-0.40814364
-0.17217660
-0.08710574
-0.01826575
-0.00360353
0.09066451
-0.15213440
0.00315875
-0.00161946
0.17586093
0.06729648
0.11750140
0.13825139
0.10104411
0.07583902
0.04426043
0.26697347
0.07883802
-0.07307015
0.13668428
-0.15257448
0.02483639
0.07929601
-0.02170635
-0.03142244
-0.01479026
-0.25724611
-0.04677646
-0.08965281
-0.03858986
0.31389236
-0.03901288
-0.07822610
-0.13356003
0.00623817
0.34987795
-0.03039892
-0.09239122
-0.12127698
-0.00432473
0.17421924
0.07235980
-0.02442636
0.06696884
0.01706541
-0.04029085
0.01265126
0.04750666
0.01352916
-0.05702558
-0.09448081
-0.10665970
-0.23727201
-0.12939896
-0.27201027
-0.07837609
0.01280845
0.08132953
0.10538261
-0.09635595
-0.03685295
0.20777676
0.27532533
-0.05176013
0.04110445
0.09016930
0.15668803
-0.08304641
-0.08703689
-0.01039011
0.10947625
-0.11531108
-0.01685939
-0.10676734
-0.00631189
-0.13202396
-0.18787067
-0.09913572
0.09803332
0.12137248
0.29807144
-0.22824319
-0.12495153
-0.08387394
-0.02772338
0.22083694
-0.14556970
-0.08615484
0.05092613
0.15583622
0.25553349
-0.14518484
-0.14883561
-0.00822655
0.18345422
0.17317510
0.02151559
-0.01902701
0.02081802
0.03517469
-0.01391205
0.06006205
0.21486141
0.07637007
0.08922568
-0.00636491
0.13467510
0.09151215
0.11870925
0.12349179
-0.06975898
-0.08129014
-0.03672552
0.07270811
-0.05795747
-0.15515877
-0.09056716
-0.02632749
0.07387355
0.04463531
0.06585086
-0.05085781
0.04597525
-0.10686640
0.21798477
0.05555419
0.03186333
0.03596238
0.06614339
0.06549136
0.19599110
0.08879605
-0.01961452
-0.05141969
0.03844004
0.06748113
0.05643433
0.03373894
-0.02893943
0.05923130
0.00836900
0.16838861
0.00845783
0.17004794
0.04720421
0.01106153
-0.09849350
-0.06853566
-0.23108220
0.08296056
0.08355407
0.01148891
-0.00439465
-0.03078064
-0.11516362
-0.03745643
0.22404470
0.25411615
-0.11133870
-0.13249837
-0.14566599
0.08355547
-0.02676534
-0.07281750
0.03868427
-0.20101416
0.21826296
0.02862260
-0.04986674
-0.12650399
-0.17885008
0.06183076
-0.08269722
-0.07930073
-0.29309604
-0.14930230
0.09959300
0.02937763
0.05111393
-0.14916323
-0.12011133
0.05744918
-0.17803364
-0.08024433
-0.14818314
-0.07868238
-0.04919332
0.03972344
0.13492386
-0.14153664
-0.09482301
0.21275586
0.10747358
-0.15106361
0.05373039
0.03287037
-0.11220029
0.05280695
0.01514036
0.09963223
-0.02799821
-0.06932018
0.01974910
-0.04013567
-0.02515174
0.00320918
-0.03220643
-0.04114670
-0.06919552
-0.03718909
-0.06598944
-0.08204251
-0.05630613
-0.07788400
0.00819961
-0.02709535
-0.00440003
-0.10680917
-0.04941040
-0.04895156
0.00135779
-0.04363418
-0.05429399
-0.06184629
-0.00850429
-0.10531584
-0.01280557
-0.04983727
0.00482446
-0.05875811
0.01072109
-0.01192141
0.02182209
0.00033245
-0.03475901
0.00890435
-0.03887841
-0.02236020
-0.02337302
0.02352363
0.04288970
-0.08094519
-0.12500358
-0.05970037
-0.07079853
-0.03457707
-0.01421083
0.02918673
-0.04370376
-0.00114378
0.00183765
0.06248825
-0.06202586
-0.06709454
-0.05330464
-0.11709607
0.03188540
0.00419221
-0.05573078
-0.10570417
-0.08308106
-0.03600334
-0.00768873
-0.08653241
-0.09928330
-0.07871824
-0.06550430
-0.06290072
-0.03742155
-0.02925166
-0.06531607
-0.00250394
0.00885397
0.01112895
0.03081772
-0.02360402
0.02226814
-0.05335594
0.02511144
-0.01720909
-0.08241505
0.03907268
-0.01084720
-0.01680680
-0.05759882
0.01299118
-0.06547786
-0.03297926
-0.05879276
0.02346870
0.05813150
-0.04018951
-0.05904987
-0.07243778
-0.02029674
0.01610773
-0.05850194
0.03629216
-0.03104177
-0.01045206
0.00425454
-0.01852111
-0.03031705
-0.04654315
0.00488315
0.00622434
-0.05827663
-0.05240621
-0.06212814
-0.11060476
0.01438911
-0.12566938
-0.04580973
-0.06748859
-0.03441762
-0.02588938
0.01455695
0.02347861
-0.08186637
-0.00941826
-0.05201670
-0.01133967
-0.02871580
-0.01083723
-0.07459082
-0.10263134
0.01331747
0.00613440
0.00555727
0.01812539
-0.02994293
-0.00488152
0.06100466
-0.00005979
-0.03338787
-0.03631838
0.02554504
0.02322932
-0.01211221
0.01883536
-0.00051687
-0.04997319
-0.02367678
-0.06832369
-0.14822981
-0.04612061
-0.05693281
-0.05096970
0.02496836
0.02484667
-0.02826952
0.03601627
-0.10057931
-0.07178462
-0.11603271
-0.01156284
0.00593893
-0.08231625
-0.12440605
-0.02171697
-0.10609940
-0.01111215
-0.10429440
-0.07402586
-0.02963994
0.02520179
-0.06601872
-0.05695992
-0.07243139
0.00044571
0.03241637
-0.00046729
-0.06725775
-0.03165054
-0.08971332
-0.00457007
-0.05014891
-0.10072511
-0.06977387
-0.00362160
-0.05931628
-0.02793363
-0.09503281
-0.03363474
-0.04086170
-0.01737420
0.05968053
0.00532234
-0.03068903
0.02096524
0.01460110
-0.06392680
-0.03056645
-0.00623984
0.03280795
-0.00910597
-0.02033367
-0.04265211
-0.08623330
-0.14024879
-0.04146210
0.01002495
-0.02556327
-0.02961604
-0.04209793
-0.02064231
0.00673264
0.00438215
-0.04789568
-0.00379201
-0.00324264
-0.02201389
-0.06692713
-0.04493850
-0.04846411
-0.04208059
-0.02161659
-0.05521275
-0.05743166
-0.06155265
-0.04199623
-0.10088460
-0.09582482
-0.03491312
-0.01826944
-0.05128043
0.04567233
-0.04976892
-0.06356692
-0.03534768
0.02386221
-0.01441363
-0.06275630
-0.06332928
-0.02471755
0.01842053
0.01083051
0.00420657
0.05323811
-0.00927682
0.03536849
-0.03405371
-0.06780586
-0.05603685
-0.04222766
-0.01071344
0.02381933
-0.06525743
-0.04626346
-0.01243573
-0.03138723
-0.07519825
-0.06269789
-0.04864951
-0.12004458
-0.07846403
-0.04358430
-0.04460027
-0.03720754
-0.08565194
-0.02010967
-0.02216406
-0.04710743
-0.08133256
-0.09974332
-0.03774018
-0.09411665
-0.09549537
-0.05817723
0.00893807
0.02633615
-0.00192215
-0.04432285
-0.06054747
0.02507853
0.00815266
-0.01307548
0.00814333
0.00692528
-0.02367117
0.00861449
-0.02766124
-0.10615092
-0.04668553
0.03820158
0.03142111
0.00469229
0.00643476
-0.01542659
-0.02750450
-0.12235310
-0.01168713
0.05741711
0.05893241
0.05134896
0.00951968
-0.05930308
-0.06399213
-0.05511202
-0.06392542
-0.05011865
-0.04634020
-0.08023572
-0.06270341
-0.02505289
-0.04205337
-0.09162293
-0.02919627
-0.05841994
-0.03495995
-0.06123894
-0.10693932
-0.08973950
-0.06726557
-0.05065082
-0.02209864
-0.05159624
0.05777875
-0.07284001
-0.09103396
0.02321067
0.01308141
-0.00758083
-0.00774676
-0.07722725
-0.09488333
-0.01951596
-0.10179053
0.01105674
-0.06277616
-0.03526378
-0.00541602
-0.06955563
-0.00137235
-0.07447687
-0.04925275
-0.04004287
-0.03884808
-0.04066206
-0.06719329
-0.06994209
-0.05839897
-0.01199246
-0.08354940
-0.03476926
-0.11140025
0.00381650
0.02850995
-0.03194651
0.00094821
-0.05477886
0.08661576
-0.00972923
0.05294245
0.00879302
-0.06187387
-0.03626076
-0.00883662
-0.01213175
-0.01613988
-0.04438690
-0.06814722
-0.05467954
-0.03787039
-0.07391350
0.04086411
-0.06164499
-0.05500813
-0.11000024
-0.03412117
0.03784854
0.03326542
-0.01819969
-0.10185749
-0.08125591
0.04732894
-0.00297675
0.05567517
0.00493156
-0.09689081
0.00457718
-0.03194144
-0.02889005
-0.11746275
-0.08614682
-0.10061767
0.05656752
-0.00421802
0.00410424
-0.13092089
-0.08917210
0.00922046
0.01036442
0.05070197
-0.04744478
-0.06130441
-0.03784720
-0.10992786
-0.01060824
-0.04691507
-0.06046172
-0.06328398
0.02577168
0.02820183
-0.04186117
-0.07493821
-0.05150645
-0.00468577
-0.04813442
0.00555992
0.03322823
0.01225707
-0.02674107
-0.04987831
0.00043814
-0.03368646
0.01879112
0.03901595
-0.03534011
-0.04286990
-0.06046963
-0.04351563
0.03689447
-0.01464610
-0.03774624
-0.04921049
0.02618087
-0.07504523
-0.01942396
-0.00868292
-0.06030589
-0.03470581
0.00488093
0.00610762
0.00189594
-0.01108306
0.00703748
-0.04269470
-0.01505306
0.00167081
-0.06922327
-0.01239033
0.01807464
-0.03042478
-0.04539944
-0.01910627
-0.02224415
0.03056038
-0.05350459
-0.03558496
-0.03050720
-0.02807049
-0.05142283
-0.04106486
-0.03346199
0.01702695
0.00174655
0.01057926
-0.02052770
-0.03323425
0.00897007
-0.01466471
-0.00669129
-0.07925018
-0.00699823
-0.03936889
-0.05563383
-0.04454440
0.00533190
0.03997381
-0.02820504
-0.04069608
-0.01124693
0.02447894
0.03508535
-0.04597389
-0.00289540
0.03758705
0.03055887
-0.08755556
-0.05427918
-0.03806239
-0.02621970
-0.01851666
-0.07122516
-0.01515071
-0.02284729
-0.02538923
-0.01002050
-0.04783921
0.00427126
0.02942836
-0.04391281
-0.02769899
-0.04578942
-0.00153777
-0.04788387
-0.03416773
-0.03093849
-0.04762648
0.00613998
-0.01206248
-0.04478554
0.03731082
-0.04952040
-0.01085804
-0.00393307
-0.02110398
-0.05421149
0.01528702
0.04258420
0.01140326
-0.02859653
0.02552300
-0.02189422
-0.03385334
-0.05114337
0.02792783
-0.01086738
-0.02621342
-0.00485783
-0.01985997
-0.00172923
-0.03260466
-0.05514821
-0.05311149
0.04246216
-0.05362841
-0.08622570
-0.03379608
0.03036113
0.05572039
-0.04339022
-0.02166105
-0.00860320
-0.03251514
0.02764434
-0.03547725
-0.08508476
-0.04058675
-0.00023307
-0.00953078
-0.05591365
-0.01125895
-0.02045365
-0.04642719
0.03622177
-0.00850983
0.00333453
0.04120299
-0.01620171
0.00910162
-0.03382141
0.00828010
-0.06984174
0.00638038
-0.03398077
0.04246474
0.01418055
-0.01647278
-0.02425998
-0.00041684
-0.04338200
0.00422600
-0.04232826
-0.00665675
-0.02341913
0.01213497
-0.00636437
-0.01933676
-0.02479981
-0.00177453
-0.04318981
-0.01684088
-0.03161581
-0.04546360
-0.06073167
-0.02912086
-0.02120244
-0.02880078
0.02392275
-0.01204099
-0.02539934
-0.02141862
-0.03305676
-0.00097148
-0.01456348
0.01003118
-0.00177843
-0.03705695
0.04937728
-0.09567671
-0.01188268
-0.02579641
-0.00291174
-0.00727003
-0.09834184
-0.06130507
0.02248014
-0.00583087
-0.03195228
-0.02095387
-0.04353879
-0.02488397
-0.02033997
-0.03925016
-0.04402526
-0.00127606
-0.03326505
-0.05429808
0.03222550
-0.04316694
-0.03732959
-0.02842631
0.00507520
-0.04041436
-0.02034698
-0.04693772
-0.00776754
0.00266211
-0.00564961
-0.03203742
0.00745540
0.02215168
-0.04414908
0.02576362
-0.02707471
-0.05032928
0.02399931
-0.03463770
-0.05271426
-0.01750449
-0.04241798
0.05132503
-0.02007635
-0.03627034
-0.03404957
-0.04902633
-0.01971069
-0.00215136
-0.01828543
-0.06732050
-0.07241156
-0.01187537
-0.02241802
0.00794480
0.00635730
-0.03167376
-0.04504943
-0.02142731
-0.01947904
0.03980967
0.01755773
0.01148942
-0.02936681
-0.01930478
-0.07128843
-0.00707785
0.00436631
-0.01796381
0.03023383
0.00042947
-0.05066812
0.01009625
-0.02949531
-0.04924761
-0.04583111
-0.03167000
-0.04784560
-0.08580003
-0.04595434
-0.00136801
-0.04699451
-0.04884451
-0.05178103
-0.01253522
-0.05516549
-0.04375427
-0.01421983
-0.08560049
-0.07356176
-0.02825946
-0.02937692
-0.04494099
-0.04345016
-0.08479443
0.02481587
-0.03972047
-0.03599148
0.02449709
-0.02465544
-0.05446181
-0.05362492
-0.01113799
-0.05256741
-0.02750947
-0.04441040
-0.08186816
-0.04530735
-0.05397975
-0.07303128
-0.05831202
-0.06161014
-0.00678156
-0.02142815
-0.06678765
-0.01597645
0.01810650
-0.03414155
-0.04565832
-0.01886472
-0.00745561
0.00231566
0.04310049
-0.01408938
0.04001643
-0.06267051
0.03739066
-0.00220720
-0.02437107
-0.03309375
-0.04047392
-0.02955864
0.02149642
-0.02584227
0.00869130
-0.06279885
-0.05759926
0.00207137
-0.00361452
-0.02381294
-0.03019036
-0.04174032
0.00244485
0.03583094
-0.04520126
-0.00677355
-0.03570039
-0.04158273
0.04313405
-0.03055412
-0.00207427
-0.04860790
-0.04451858
-0.00474297
0.03835080
-0.01219078
-0.02437771
-0.04125837
-0.01902178
0.03254972
0.00121462
-0.05305618
-0.03004815
-0.02343284
0.00344217
-0.03032000
-0.02009834
-0.00834151
0.00737829
0.03073574
-0.01793460
-0.00673481
0.00806049
0.00112064
0.00740775
0.01205860
-0.01388157
0.02190490
0.00997974
-0.03359152
-0.03577813
-0.07407669
-0.00871388
-0.01742999
-0.01547874
0.00268117
0.04214964
-0.03832900
0.02498381
-0.04592624
0.02456465
-0.03374892
-0.06327794
0.03283612
-0.04468902
0.01664057
-0.02223915
-0.02566078
0.04194849
-0.06048460
-0.01864611
-0.06911726
-0.07342269
-0.00795382
-0.06450807
-0.01286815
-0.07026625
0.00248778
0.04069326
0.00101053
-0.04339157
-0.03808470
-0.03473467
-0.05568830
-0.02585132
0.01300720
0.02623705
-0.05287210
-0.02248954
-0.00554724
0.03287261
0.03911719
-0.02446593
-0.05124425
-0.01129688
-0.00961396
-0.00967526
0.01825961
0.01097010
0.01417449
-0.00095931
0.03386800
-0.00986171
-0.05404922
-0.04141562
0.04393832
-0.06059010
0.00196860
-0.02114100
0.01758862
-0.00107584
0.01726874
-0.02751244
-0.01574642
-0.05181950
0.03173900
-0.05233676
0.01892282
0.00327085
-0.01346225
-0.01418728
-0.00602266
0.00452535
-0.07257555
-0.00864725
-0.00871356
0.02498078
0.01002556
0.02191492
0.02795316
-0.05031097
-0.03402316
0.01666057
-0.00448664
-0.03048241
0.02723843
-0.04294782
-0.04275770
-0.00974145
0.01506395
-0.00921224
-0.03869643
-0.03307023
-0.01636924
-0.05153761
-0.02911069
-0.02284079
-0.00049400
0.02254528
-0.02575996
-0.03609845
-0.04840931
0.01583776
-0.03125042
0.02720603
-0.03615909
-0.00853050
-0.05499835
0.01980969
-0.03333977
0.01913611
-0.04008305
0.03403673
-0.02613885
-0.01435332
0.00473379
-0.04002846
-0.00339488
-0.00831897
-0.03072140
0.00224443
0.02407453
0.02117020
-0.05961840
-0.07363260
-0.03622108
0.05244922
-0.04497926
-0.00618716
-0.01780866
-0.04361988
-0.01852385
-0.00927599
0.02134993
0.00174828
-0.01518002
-0.07084657
-0.00358166
-0.03925619
-0.00061181
-0.00691235
-0.00799104
0.01505744
-0.01601009
-0.00977144
0.01887332
-0.02434827
-0.02637790
-0.04305195
-0.02466532
-0.04230277
0.02090589
0.02538961
0.04267384
-0.04421959
-0.00549371
0.01650347
-0.06946387
-0.05752238
-0.04731274
-0.01010017
-0.02325988
-0.02180983
-0.03175662
-0.02462637
-0.00933510
0.02866504
-0.04585776
-0.01326048
-0.01332216
0.04648364
-0.05237512
-0.03690498
-0.04523023
-0.05735940
-0.04629779
-0.04998292
-0.02147465
0.01613872
-0.01038936
0.03733746
-0.05014883
-0.05287965
-0.04332916
-0.01727649
0.02764175
-0.05635712
-0.02091227
0.02084756
-0.05222651
-0.00426981
-0.06178284
-0.03650402
0.02107241
-0.01326376
0.02262847
-0.05992190
-0.03459117
-0.02686838
-0.05439518
-0.03636396
-0.03544357
0.01095385
-0.01295739
0.03751585
-0.04273237
-0.00008900
-0.03167859
-0.03437157
-0.01220181
0.00178498
0.03478830
0.03103784
-0.00013889
0.03983362
0.01979899
-0.00089914
-0.01688454
0.00060142
-0.02456680
-0.05655458
0.00078659
-0.03794632
-0.06049679
0.00067821
-0.05026074
0.02991513
-0.06335703
-0.04545574
0.01172579
0.01752522
0.01576306
-0.04884493
-0.00342409
-0.00258057
-0.00246803
-0.04454212
0.00661764
0.00198864
-0.03188140
0.03444792
-0.04201296
-0.05340466
-0.01007619
0.02873979
-0.03938574
-0.06448030
-0.05073510
0.01792389
-0.02163560
0.00617354
-0.00432805
0.01727208
-0.04684955
-0.01048937
-0.05238387
0.03714291
-0.01706948
0.05304925
0.00217699
0.02537591
-0.02375639
-0.02020633
-0.04987467
0.01151278
-0.03478499
-0.05556526
-0.00378202
-0.00490668
-0.04969725
-0.02476106
-0.00913808
0.01611108
0.01497143
0.01744354
-0.01189596
-0.00376910
0.00567774
-0.07239473
-0.06355140
-0.02422755
-0.04164124
-0.01748633
0.03308007
0.00216843
-0.06002551
-0.06014944
0.00804926
-0.01370286
0.01065254
-0.04359003
0.01281890
0.00343100
-0.01370185
-0.01481482
-0.03884467
-0.03734918
-0.00881545
-0.03177283
-0.00955685
-0.02474923
-0.01079256
0.00638635
0.01085671
-0.02081706
0.00471443
0.03590202
0.00299896
-0.01132406
-0.01848616
-0.06201379
0.00977832
-0.04382677
-0.03147941
-0.00568428
0.00542629
0.02919124
-0.03891193
-0.00026651
-0.02343413
0.00070469
-0.02193904
-0.02362967
-0.04406045
0.02324809
-0.02798396
-0.05096896
0.00459067
-0.05970622
0.02880298
-0.01002386
-0.05305146
-0.02872767
0.02731141
-0.02668973
0.01315850
-0.00608640
0.02344537
-0.02714328
0.01493336
-0.00582488
0.01762023
-0.02168989
-0.03562284
-0.02402459
-0.03516207
-0.05020763
-0.01600234
-0.03172901
0.02683786
-0.03848622
0.03431554
0.00007491
0.00101553
-0.02172033
-0.03435203
-0.00786725
-0.01643554
-0.06359383
-0.05699275
0.00890354
-0.05692877
0.01249204
0.00179994
0.00199667
-0.00222004
-0.05412438
-0.03723272
0.02100867
0.02557642
-0.00684503
0.00175499
-0.00299731
0.00503840
0.01083263
-0.04877979
-0.03666421
0.02235901
0.00675244
-0.04306882
-0.00013603
-0.04437194
-0.02247423
-0.01376805
0.00814858
-0.01496777
-0.00236434
0.01190612
-0.05315030
0.03375515
-0.03386973
0.02459081
-0.01111762
0.04083581
-0.06242155
-0.04656683
-0.01455429
0.01449641
-0.00606661
0.00775252
-0.05321467
0.04373590
-0.01817717
0.03009181
0.02727439
-0.00871701
-0.00294195
-0.00281531
-0.03431524
-0.05584278
0.04139739
0.02813370
-0.01317745
-0.01031879
-0.00110123
-0.00536876
-0.00819274
-0.01065086
0.00549698
-0.04477823
-0.02680252
-0.01341377
-0.02603665
0.00181976
-0.06818441
-0.07099280
0.02202558
0.02170095
-0.01237425
-0.03210312
0.09516066
0.08343684
-0.13428070
-0.05839789
0.09438119
-0.04652987
0.00920836
0.00525995
0.00485275
0.10572819
-0.02320551
0.07725167
0.14842911
0.02386452
-0.31872454
0.09353425
-0.05301840
0.07389282
0.01788636
-0.16575800
0.10299712
-0.12892228
-0.27968025
0.04310632
-0.03158983
-0.18171099
-0.06536464
0.07746384
0.00300303
0.02251916
-0.19916984
-0.01928191
0.09535436
-0.08714259
-0.05549814
0.01603316
0.19139069
-0.03434011
-0.00341123
-0.00729263
-0.00085370
0.10549194
-0.00972942
-0.01679729
-0.05044366
0.07104737
-0.00750494
0.01412009
-0.01961957
-0.02865413
-0.07317121
-0.09496748
0.08549669
0.01488364
-0.34599808
-0.17800656
-0.15779176
0.01417649
-0.07488525
0.00483990
0.19973136
0.11276438
0.09330783
0.09785913
0.14189240
0.10781986
0.12795909
0.14168291
-0.03593565
-0.05590684
-0.09963159
-0.13383715
-0.13324979
-0.02446370
0.06960558
-0.33301714
-0.09214738
-0.00440716
0.08957030
0.16398792
0.12017195
0.07435178
0.18206723
-0.15722698
-0.20094104
0.01438764
0.10808534
0.05381841
-0.09053763
-0.02369928
-0.11170620
-0.04614346
0.10634703
0.11596759
-0.01091631
0.10090638
0.08867279
0.11008278
0.02449356
0.02651416
-0.00083134
0.15025817
0.01861220
0.16889255
0.00636245
-0.09437338
0.04253296
0.05620749
-0.02847019
-0.20233518
0.03470050
-0.01819096
-0.11761515
-0.11674561
-0.16941638
0.29182354
0.20172822
-0.07707832
-0.07286967
0.02674913
0.07726070
-0.17569724
-0.07107200
-0.04876157
0.04120455
-0.09630498
-0.08660609
0.02393374
-0.05956740
-0.12134903
-0.09819331
-0.13969675
-0.21634835
-0.01654940
-0.04443765
-0.06410714
-0.02446876
-0.01323309
0.04273449
0.02244524
0.33250815
0.00080730
-0.09988052
-0.22450407
-0.21871532
0.13352528
0.06838310
-0.10772820
-0.07528643
-0.08813502
0.01747960
0.17171957
0.02872970
0.19116347
0.06965681
0.04390496
0.16884889
0.13396813
-0.04668320
0.00154421
-0.05491745
-0.07175046
0.04922856
0.00083922
0.22948551
-0.04369995
-0.00698168
0.00817687
-0.03862810
0.06872395
0.06689198
0.06212254
-0.18264975
-0.00459018
-0.00824027
-0.05794010
-0.01948344
0.17971011
0.04765395
0.21635960
-0.01489790
0.16553131
0.03946777
0.02582159
0.18410799
-0.03116369
-0.00461392
0.04378051
-0.03152214
0.06559239
-0.07622550
-0.27412537
-0.17043023
0.09901418
0.17496976
0.03551644
-0.17268936
-0.05657439
0.07533055
0.13446370
0.15594827
0.03276813
0.05950579
0.08746803
-0.01502638
-0.09744456
-0.21743846
-0.07216005
0.10587512
0.01471373
0.16764984
0.01211836
0.00009114
0.09354196
0.16056190
0.19968070
0.06029256
0.00508658
0.14067130
-0.08230256
-0.10199442
-0.02844006
0.01835009
0.04905250
-0.12375795
-0.04215178
-0.00493803
0.12206238
0.02003535
0.04370676
-0.09858143
-0.07193198
0.04748508
-0.08900958
0.14411941
0.05331864
0.14958614
-0.14783555
-0.06395320
0.07136883
-0.03155694
-0.01734617
-0.03813077
-0.07568241
0.08599759
0.14482674
0.08154450
-0.06856077
-0.10438633
-0.04729003
-0.04759668
-0.11663946
-0.17582658
-0.10778991
-0.14706604
-0.09327608
-0.12741368
-0.07564893
-0.03283382
0.32582000
-0.02620201
0.00476825
0.13191697
0.06335592
0.20435692
0.06742557
0.02609626
0.05766153
0.01640722
-0.04684972
0.02782287
-0.20847863
-0.17799847
-0.15729348
0.02423235
-0.12358809
-0.00883913
-0.02524107
0.03539854
-0.17053580
-0.10875068
-0.10764381
0.01998511
-0.04861124
-0.22294702
-0.10682265
0.06454817
-0.00393567
0.03186138
0.28126842
-0.14100827
-0.01853603
0.05085147
0.01726519
0.06228687
-0.02097324
-0.01156340
0.01379419
-0.07651833
-0.02366146
-0.06521861
0.04720522
-0.02235101
-0.01438453
0.27164340
0.04479054
0.28758031
0.13252011
-0.19069919
0.20647499
-0.03139975
0.09358173
-0.29806700
-0.15451512
-0.07742754
-0.01595512
-0.06346659
-0.22200538
-0.00808683
0.00734309
0.13058707
0.30699492
-0.08299328
0.08151271
0.15664457
0.07723152
0.02697010
0.09491801
-0.24072427
-0.45335570
0.04238737
0.09448366
0.09763063
-0.02274701
0.05100181
-0.03950488
-0.10798743
-0.05070474
0.02238275
0.15605104
0.06706273
-0.04498646
-0.16698629
-0.05440964
-0.00454404
0.10456640
0.12564006
-0.19898695
-0.12820904
-0.15500604
-0.00496317
0.15179229
-0.04733109
0.14759006
0.16793686
-0.07456215
0.05060498
-0.10384635
-0.10797668
0.07709919
-0.04277002
-0.07703204
0.00399949
-0.06158453
0.05726939
0.05774498
-0.07612032
-0.02703668
-0.00706605
-0.05192005
-0.09026828
0.08276990
-0.11106667
-0.11536434
-0.07281978
0.20042104
-0.09066243
-0.14258878
-0.12408977
-0.09865443
0.14278606
-0.01765882
-0.14402735
-0.08156219
-0.01224379
0.06925473
-0.20400348
-0.05496142
-0.02131070
0.02028320
-0.07000449
-0.15413018
0.00386204
0.11518652
-0.06660919
0.14450808
0.05019420
0.00218620
0.04445156
-0.10163014
0.00420357
0.12489967
0.02026837
0.04241648
-0.02994325
0.05152198
0.08588434
0.08983688
-0.13053916
-0.04624153
0.06087958
0.09423755
-0.00767084
0.21346661
0.26210621
-0.05497385
0.09006892
0.10566688
-0.01507397
-0.07896561
-0.02427528
0.04129853
0.27569300
-0.02230939
0.06230888
0.01906746
-0.07550129
-0.00411971
0.05617642
-0.00868451
-0.14862540
-0.16600882
-0.07686711
-0.15083225
0.02326872
-0.05041547
-0.07335231
0.08967529
-0.00234245
-0.18349980
0.11577567
0.20745558
0.22963007
-0.00870288
-0.06221969
0.29597837
0.12682109
0.02682797
-0.23321994
-0.34780234
-0.07319341
-0.08063018
-0.04871794
-0.01932815
0.12096603
-0.03256528
-0.02214030
0.06763159
-0.03196427
-0.08006165
-0.08383948
-0.06646109
0.01412631
-0.02678967
-0.08188140
-0.22076686
-0.17609408
0.11873370
-0.15353034
-0.27797496
0.11792079
0.04022811
0.01354757
-0.17587566
-0.14560294
-0.06973515
-0.13431552
-0.05536278
-0.00775436
0.11726230
-0.12631385
-0.11833442
-0.07015568
0.09817985
0.04027561
0.04549285
0.09074369
0.02390457
0.03718802
-0.03988690
0.21959470
0.08775991
-0.02645754
-0.07960224
0.01462775
0.15764216
-0.03005970
-0.15724368
-0.09434587
-0.02827116
0.23807067
0.13267501
0.04321338
-0.10239889
-0.07628342
0.09213621
-0.03033922
-0.17432466
0.00611142
-0.07095275
-0.02895094
0.03369194
-0.12674670
0.09556662
-0.13779373
-0.23255457
0.01374413
-0.01192519
0.01098892
-0.08693367
-0.00197722
0.14697951
-0.17232302
0.00095822
-0.12020029
-0.06819034
-0.08574967
-0.02850327
-0.04243257
0.02642063
-0.01080409
0.00652974
0.02170636
-0.05718667
0.11947563
-0.11225738
0.09780131
0.10461691
0.02995527
0.11423445
0.04128784
0.06675956
-0.02823626
0.04641808
0.04291617
0.00938945
0.00521249
0.01471244
-0.09976997
0.05214421
-0.03253439
0.02341917
0.12374100
-0.05124499
0.05571976
-0.02645470
-0.06317386
0.14668860
0.08946488
0.11276474
0.06317401
0.02519844
0.12448147
-0.11478638
-0.05205337
0.11471792
-0.03417254
-0.08482942
0.12062319
0.06970531
-0.12069447
-0.29396144
-0.13130488
0.03476510
0.08877283
-0.04071053
-0.05893445
0.08809958
-0.08791032
-0.08276448
0.05592901
-0.09591810
0.03582303
-0.02743478
-0.02143387
-0.00535201
-0.15212302
0.03956183
0.06532974
0.05551238
0.18311924
0.03886859
0.00057102
0.08352930
0.06763790
0.03291652
0.01040999
0.02784734
-0.02296737
0.07162471
-0.09715921
-0.07989574
-0.14504297
0.00281363
-0.04172656
-0.00521217
0.01144515
0.02878840
0.04172911
0.08775247
0.00785738
0.02859491
0.03425666
-0.11883578
-0.06382474
-0.22240093
-0.09787520
-0.05353225
-0.07784377
-0.02650279
0.02476416
0.06740238
-0.03307189
-0.16606104
-0.13655412
-0.00289291
-0.01329294
0.08412347
0.08460811
0.02466478
-0.29178676
-0.15717520
-0.18373299
-0.17378858
0.07941061
-0.06346103
0.06199767
0.08009449
-0.09219432
-0.36738500
0.13624243
0.08987880
0.06036713
0.00520453
-0.00549460
0.09566250
-0.04809772
-0.04827179
-0.14731568
-0.31796658
0.04886672
-0.07952933
0.10820658
-0.01437892
-0.01365109
0.10293779
-0.03585442
0.08544794
-0.16034706
-0.19497755
-0.18211134
-0.15368763
0.01507895
-0.08727061
-0.13289887
-0.16817826
0.15799668
0.13161950
0.02090841
-0.19415434
0.00434623
0.18862139
-0.00093711
0.02240357
0.11419911
-0.13106656
-0.01898137
0.03701088
0.01859380
0.06038265
-0.20078552
-0.02771769
-0.07277903
-0.04347290
0.21100610
-0.22327320
-0.12640183
0.00982486
-0.17603932
-0.01153128
0.04731001
0.05442728
0.01714556
0.03703261
0.01116982
0.07288650
0.04263992
0.10328373
-0.10645343
-0.17767315
0.04824326
-0.02146126
0.12836757
-0.01312404
-0.02828231
0.02037876
-0.00728779
0.01204727
-0.07228221
-0.12149575
0.06692418
0.17250210
0.03686399
-0.03711142
0.10765151
-0.00891534
-0.03401168
-0.19336262
-0.13104354
0.05099418
0.02801042
-0.02847822
-0.08041749
-0.19758639
0.00968407
0.01181907
-0.09090956
0.06476980
-0.04746057
-0.19997694
0.02745301
0.04229426
0.03538550
-0.16759925
-0.36099973
-0.08990681
0.07244685
-0.15411259
-0.16267486
-0.00269783
-0.16969855
-0.02960109
-0.04900283
-0.03725409
0.17709272
-0.05229826
-0.04863947
-0.07094438
0.25066286
0.18993296
0.03569903
0.09862891
0.05303602
0.11479318
-0.11458535
0.15181209
0.14099561
0.06915439
0.07550953
-0.08791655
-0.04452338
0.12454039
-0.02632790
0.11234594
0.00310352
-0.12593374
-0.08275599
-0.11302873
0.17306006
-0.00331390
-0.21594001
-0.02909070
0.03818014
0.04198276
0.03080084
-0.00708037
-0.03320344
0.00104886
0.01984861
-0.14599085
0.05374102
-0.00313909
-0.04721168
-0.07171945
-0.03873813
-0.09008595
-0.31512952
-0.07211871
0.02060721
0.02847541
-0.14339149
-0.16222216
0.18483451
0.15980424
0.02858857
-0.04478501
-0.00198013
0.11849558
0.08231705
-0.04160177
-0.11407138
0.06829536
0.21965817
0.05810573
0.05644718
-0.30970636
-0.08421688
0.03861957
-0.09694728
0.00493715
-0.03294041
0.03388026
-0.01908311
-0.22764620
-0.14819683
0.10480330
-0.06006117
-0.17455006
0.14330226
0.03291326
0.00984638
0.01389399
-0.04530856
-0.00980271
0.10242399
0.00248046
0.00809334
-0.05585718
-0.15590994
-0.00102212
-0.11308426
0.08232214
-0.04029690
0.10776590
-0.02247684
0.03825815
0.03641521
0.03070356
0.10595710
0.03280651
0.06299403
0.03159333
0.06648186
0.15143174
0.05740831
0.10232357
0.02832077
-0.06413257
0.08011676
0.02146149
-0.06437390
0.04294863
-0.15214722
-0.04274370
-0.11531103
-0.02205201
-0.01806916
0.00975468
0.02191954
0.14796734
0.13141888
0.10187177
-0.09406251
0.02241492
0.16068988
0.04564162
-0.02076472
0.01257452
-0.02397561
-0.02305092
0.07004046
0.17725959
0.07283590
-0.00222969
0.15962124
0.04393112
0.10084812
-0.10513054
-0.18119219
-0.12584953
-0.10513610
-0.04132896
-0.06111724
-0.07476010
-0.12211838
-0.07399733
-0.17629345
0.01474588
0.00790744
0.05850600
0.03836698
0.00184166
-0.14189537
0.06382319
-0.01347231
0.11497691
-0.03186237
-0.12142603
0.03517018
0.00884370
-0.04548342
-0.14825509
-0.07324845
-0.00805571
-0.08278079
-0.14335224
-0.25349784
-0.01207769
0.09879267
-0.12553973
-0.09644706
-0.25255921
0.03905062
-0.02562369
-0.06065227
-0.06846493
-0.12603118
-0.07276461
-0.11300670
0.21610220
-0.07047773
-0.10907198
-0.23155907
-0.06767456
-0.06372306
-0.20852296
-0.05808339
0.08047316
0.06132827
-0.03028726
-0.22559708
-0.03362877
0.00133090
0.01775233
-0.00386246
-0.03638846
0.11451419
0.09253155
0.14173628
-0.00793167
0.09752981
0.14988303
-0.08870001
-0.06776528
-0.06275798
0.08649554
0.05741382
0.12467124
0.06389009
0.02370904
0.06217883
-0.05782534
0.01924165
0.05173915
0.09235766
-0.04455455
-0.02515440
-0.03036792
-0.00059498
0.03231696
-0.00081298
0.06910192
0.01623079
-0.04206625
-0.01720437
0.09701680
-0.04741113
-0.00527342
-0.17668492
-0.14211816
0.00302549
-0.03454384
-0.04588660
0.08790261
0.05677504
0.05703249
0.09789322
-0.00158924
-0.01677244
0.13554700
0.15586820
0.03970604
-0.07851156
-0.05013643
0.21074018
0.11852796
0.15992759
-0.05424032
-0.08543768
-0.05889763
0.01687418
-0.00375841
0.03909212
0.03738026
0.17060877
0.01940903
-0.28360748
0.00075891
0.11347183
-0.12965778
-0.09494250
0.00421069
-0.02850270
-0.13520375
-0.12155404
0.09688256
-0.14781138
-0.13379616
-0.04863703
0.03495288
0.01090984
0.07794090
-0.04754240
-0.11471955
-0.01251159
0.01637664
-0.02397435
-0.09481066
-0.06563219
0.01678789
0.10576879
-0.07927259
-0.05919365
-0.10670856
0.04203053
0.06230376
-0.06341622
-0.16792516
-0.05816830
-0.24202271
0.11330157
0.03072225
-0.06288531
0.02047650
-0.02326663
-0.00252027
0.04186820
-0.01812502
0.04244954
0.10757666
0.02964236
0.00541004
0.15224451
0.21747023
0.10350545
0.15923032
0.03699653
0.00468651
-0.00494343
0.01253396
0.00376681
-0.01268903
-0.02855729
0.12164167
0.18018673
0.01930273
-0.08173468
-0.01239186
0.07910695
0.18291998
-0.02243749
0.03449694
0.02041599
0.00081607
-0.05497067
0.11839061
0.00948735
-0.00104445
-0.21435612
-0.05913825
-0.10320535
-0.18820275
-0.08669601
-0.09019640
0.28948793
-0.19673392
-0.19080819
-0.06385912
-0.07343613
-0.27821636
0.15315989
-0.00483941
-0.00682275
0.00568838
-0.08707998
0.03153125
0.02965726
-0.04643150
0.07794853
-0.00028611
0.10013258
0.08477305
0.00213365
0.14857469
0.05074451
0.03513255
0.06411368
0.01727012
0.03680081
0.03756666
0.03653333
-0.03179859
-0.00770841
0.07532066
0.04888884
-0.01320512
0.03409631
-0.17954230
-0.07462911
-0.10238045
-0.13882895
-0.04252400
-0.03153528
-0.26138571
-0.02585820
-0.17775783
0.04380233
-0.08178818
-0.13285369
0.12210618
0.03097294
-0.07012486
-0.19858798
-0.11972994
0.06753856
0.02636072
-0.09940615
-0.04956711
0.34474987
0.13389705
-0.06920779
-0.19991235
-0.04819258
0.00638931
0.04474695
-0.05424587
0.05915035
0.13073021
-0.01898611
0.03141631
-0.07115490
0.09478288
0.02581442
-0.10698191
0.04460378
-0.09099046
0.12070194
-0.12446097
-0.13726406
-0.04122303
-0.10212275
0.22549188
0.12013847
0.05405227
0.03302904
-0.01958955
0.09913491
0.01513223
-0.07221663
-0.01381303
-0.00317300
-0.04109814
-0.03046261
0.00586603
-0.04263128
0.03083101
-0.03334690
-0.06237215
-0.10776567
-0.07617371
0.05723972
-0.13065210
-0.10802375
-0.18307206
0.06148572
-0.04661642
0.13772033
0.22089468
0.03212862
-0.06130873
-0.04130813
0.00384940
0.03994478
-0.09682509
0.00957129
-0.00107620
0.08562937
0.03038592
0.02905047
-0.01831382
-0.04996223
0.05447009
-0.05436046
-0.00199656
-0.15290940
-0.00608041
0.04228329
-0.05845897
-0.04671703
-0.02713366
-0.02257957
-0.06919994
0.07307621
0.01941410
-0.22773802
-0.04042022
-0.05532318
0.19909286
0.22219948
0.03035980
0.09131790
-0.10051826
-0.03270469
0.14837195
0.05165125
-0.02246353
-0.20469946
-0.07593911
0.05634980
-0.02968424
0.07508411
-0.15070014
-0.13981985
0.01503985
-0.06509409
-0.28502002
-0.16129309
-0.24107796
-0.04982797
0.01484816
-0.21589610
-0.30478787
-0.07238523
0.00251410
-0.18328805
-0.16968355
-0.26973090
0.05524418
0.05747540
0.18875036
0.00598085
-0.12860045
-0.01420772
0.01010552
0.12158087
-0.00875021
-0.07924354
0.05592541
0.09126823
-0.02785269
-0.18978988
0.06728075
0.03401756
0.04808444
0.12856144
0.01072770
0.10925858
0.08402391
0.15229125
-0.12898268
0.16653077
0.04133928
0.00600015
-0.00960949
0.06832530
0.01188307
-0.13975723
-0.03167642
-0.06126894
-0.05337800
-0.25993043
-0.09810881
-0.14502139
-0.04321388
0.07194109
-0.10338192
-0.24023001
-0.28360435
0.06079443
0.06192970
-0.14261532
-0.22208516
-0.10111534
0.10988160
0.13560830
-0.31781399
-0.23426624
-0.09474639
-0.02617379
0.03130749
-0.12304685
-0.02350499
0.01709565
-0.05900936
0.04870647
-0.12822284
0.04600450
0.12303160
-0.04884719
-0.12739401
0.18399335
0.14447758
-0.09541225
-0.02972163
0.06031753
0.09203666
0.11066562
-0.08424692
0.21432917
0.08665014
0.22159687
0.11556156
0.04332110
0.02190931
0.01869516
0.17974617
0.07389697
0.10346416
0.00301060
-0.06890046
-0.06536533
-0.06416029
0.13271497
-0.26640755
-0.36051762
0.00502474
-0.07861194
-0.16346540
-0.15112926
0.01802037
0.09255448
0.09872270
-0.05712935
-0.17511635
-0.08050261
0.11937463
0.04741273
0.06224856
0.02280602
0.17254138
0.07305348
-0.13330461
0.09778375
0.16497402
0.02730496
-0.14895183
0.01360670
0.06665853
0.06028775
-0.00690305
0.11305187
-0.15653983
-0.10046142
0.14100380
0.18900360
-0.09285177
-0.13486280
-0.04164446
0.19934075
0.05969466
-0.05138262
0.10765091
-0.36388224
0.03227730
0.04537483
0.08838387
0.14910519
0.20367928
0.16255282
-0.10492820
0.06453266
0.13505277
0.05632810
0.03356304
-0.04455410
-0.22832043
-0.34992921
-0.22159220
0.16476600
0.11377198
-0.15224956
-0.33098480
-0.11581977
0.11980958
0.15054496
0.06495678
-0.22487293
-0.18397655
-0.02336189
0.22202693
0.11045311
0.07637966
-0.08487745
0.04893902
-0.05417034
0.04087450
0.20556697
0.00855429
-0.15334441
-0.18065497
-0.13144365
-0.11147083
0.04354173
-0.04127261
-0.00030826
-0.11809298
0.04148072
0.07817321
-0.03324538
-0.09453391
0.13473605
0.00181876
0.21947759
-0.12928478
0.03382532
-0.00723550
0.01897287
0.05748453
0.12745804
-0.02199200
0.08416738
-0.01335961
0.02305600
-0.07065320
0.01018406
-0.24438749
-0.19371970
-0.23275822
-0.08699812
0.01531579
-0.37210733
-0.21615787
-0.09728900
-0.25582042
-0.34898713
-0.15809244
-0.18629858
-0.02714805
0.03320711
-0.05721101
0.06886117
0.02053679
0.01086188
-0.01515331
0.01424844
0.10573343
0.07711988
-0.02233119
-0.04108997
-0.06383598
0.21180385
0.09784470
0.06081232
0.02813662
0.03935159
0.10067663
0.18649098
0.00183943
0.02687463
-0.21110885
0.10501898
-0.08276824
-0.19211401
-0.00072498
0.10566127
0.05676881
-0.08191156
-0.13891523
-0.14120063
0.09575556
0.01140958
0.17840025
0.09311141
-0.08783046
0.02499610
-0.16648908
-0.31214377
-0.06375363
0.00729456
0.07366811
-0.22382535
-0.18548557
-0.15838870
-0.09193774
0.02595804
-0.34474126
-0.44986162
-0.30182648
-0.22313051
-0.27117136
-0.15042524
-0.22241303
-0.03076309
0.09285302
0.07929294
0.13462892
0.00482987
-0.03350407
-0.02403586
0.04697923
-0.07636174
-0.13163254
-0.04806533
0.15234655
-0.04367642
-0.05285947
-0.09380355
0.02574065
0.18006673
0.19145235
-0.00609458
0.10832002
0.05833723
0.05698907
0.18016613
0.04026358
0.05086069
-0.02088947
0.13368049
0.09597641
0.13165255
-0.19187269
-0.16902435
-0.20237643
-0.14327314
-0.01074697
0.15030468
0.06678411
0.25388229
0.15707798
0.08323298
0.04143513
0.04805603
0.07142689
-0.03743970
0.16940232
0.00256744
0.01714594
0.05205180
-0.03141020
0.00495338
-0.21611868
0.12773533
-0.07489419
0.01765839
-0.08136813
-0.11959866
-0.09335032
0.01858762
0.04188845
0.21710087
0.02614242
-0.03022377
-0.11288288
0.02549259
0.01969649
-0.03126119
-0.03195383
-0.05039416
-0.05709973
0.26743621
0.09918886
-0.00422450
-0.02854499
0.12042417
0.18289848
0.04837498
-0.05067922
0.07811887
0.02206869
-0.07658195
-0.15427759
0.07130109
0.15193520
0.07851706
-0.09344518
0.31188387
0.23001488
0.07166062
-0.00920322
-0.12927005
0.28573561
0.22587776
-0.09774405
-0.08194572
-0.02790494
0.24273095
-0.04558664
-0.27920085
0.02399713
-0.02239661
0.17086266
-0.22156374
0.03101821
0.02631872
0.19934639
0.00040731
0.04345346
0.04415956
0.02850574
-0.00303280
-0.03205940
-0.04178581
-0.01011745
0.03696981
-0.03506360
-0.07120244
-0.05115367
-0.01538769
0.00215015
-0.06040845
0.00270081
-0.03601746
-0.03370618
-0.01444631
0.01834592
0.00083996
0.00939408
-0.03110531
0.00777835
-0.00273921
-0.03472896
-0.04122227
-0.04371474
-0.07600323
0.02503557
-0.02822948
-0.03957858
-0.01455650
0.01087909
0.01640075
-0.01410337
0.02754842
0.04098481
-0.02302268
-0.06212398
-0.01598472
-0.06495933
-0.01754179
-0.05218348
-0.02102874
-0.01141280
-0.01038312
0.01277050
-0.05349245
-0.02563695
-0.03582901
0.00681710
-0.05065531
-0.04249477
0.01990355
-0.01509659
0.02628944
-0.07644338
-0.03183025
-0.02199011
-0.04347540
0.01627852
-0.01813206
-0.06686762
0.00095852
-0.02638477
-0.04424507
-0.00670104
-0.03314719
0.00045256
0.01713916
0.03888888
-0.00834783
-0.03685990
-0.05107800
-0.02228702
-0.05540079
0.01949154
0.02979298
-0.04188645
-0.01792179
-0.03122829
-0.06313024
-0.06602825
-0.04579399
0.02981151
-0.05046629
0.02830752
0.03873688
-0.06783477
-0.02429036
0.00007262
-0.03582524
0.02213046
0.01185057
-0.02224702
-0.05565115
-0.04312805
-0.02524789
0.01139355
-0.01528402
0.01437003
-0.02162039
0.01031888
-0.04025347
-0.04223355
-0.04539968
-0.05587598
-0.03369079
-0.05063174
-0.01118891
-0.00764579
-0.04940276
-0.03870093
-0.03080227
0.00177320
-0.04503420
-0.04817806
-0.03998581
-0.04576804
-0.04505496
-0.03188073
0.00411609
-0.02881932
0.02158065
0.01039997
-0.03314482
-0.05001977
-0.06680921
-0.04406680
0.00594367
-0.01080286
0.01161399
-0.07048742
0.04645611
-0.04109092
-0.04927862
0.02075754
-0.00786353
0.00903023
-0.04685336
-0.06297678
-0.04001505
0.00557467
-0.02620415
0.00972122
-0.02000105
0.03102564
-0.07225831
-0.02246377
-0.02038610
-0.00427470
0.03386123
-0.01397397
-0.01714877
-0.03609330
0.03843358
-0.00885522
-0.05383975
0.00016522
-0.04224196
-0.00623953
-0.05320978
-0.02767270
-0.01385743
-0.00405656
0.00593981
-0.03798069
0.03764041
-0.00508098
0.03388704
-0.01246272
0.00719631
-0.00139422
0.02765337
0.03513571
-0.05593470
0.04234243
0.02437900
-0.00963602
-0.02516100
0.01554741
-0.05904230
0.00739695
0.02710152
0.01170613
0.00773961
-0.05897330
0.03791326
0.00260583
-0.00550089
-0.04016509
-0.01892269
0.01453054
0.01323909
-0.00389715
-0.07759096
-0.03954820
0.01894392
-0.01836727
-0.00052142
0.01850990
-0.03607040
-0.02799476
-0.00110806
-0.02082982
-0.03916201
0.01310464
-0.02167528
0.02769801
-0.05128875
0.00267504
-0.05085814
-0.06083092
0.01741870
-0.02651886
-0.04246817
0.00461714
-0.00699556
-0.07206127
-0.02897715
-0.06322856
-0.03069950
-0.04957789
-0.00410443
0.00438338
-0.04404491
0.03661316
-0.01156755
-0.05901079
-0.04595280
-0.01616495
-0.00193150
-0.04462967
-0.06926069
-0.03227666
-0.03855895
-0.01075467
-0.03506494
0.03559248
-0.02226718
-0.01445273
0.01490862
-0.06764378
-0.04628904
-0.01205221
-0.04920684
-0.02597046
-0.02163515
-0.01996893
-0.04673380
-0.06753052
-0.03092811
-0.03356684
0.04047992
-0.02717695
-0.05043880
-0.01411993
-0.00882294
0.01465195
-0.02064265
-0.02414147
-0.00158047
0.00757550
0.03639964
0.03576284
0.00056276
-0.03800410
0.00527726
-0.05581244
-0.05114591
0.02621578
-0.04490709
0.00290426
-0.05497314
-0.07705461
-0.00523273
-0.07752291
-0.05485323
-0.00462063
-0.06828404
0.01532758
-0.03466384
0.01064678
-0.01261283
-0.04596610
-0.03880979
-0.07928418
-0.07173952
-0.04488493
-0.03683594
-0.01743017
0.00149814
0.00161846
0.01777265
-0.07739739
-0.07277568
-0.02550238
-0.00794663
-0.02614680
-0.04649308
-0.06921927
-0.06756224
0.01863634
-0.04386421
-0.03610468
0.02839333
0.01188565
-0.03998499
-0.04218850
0.01019469
0.02570970
0.00091848
-0.04357601
0.01581898
-0.01539591
0.02768776
-0.02814957
-0.02702399
0.04382998
-0.03016805
-0.02092049
-0.00183212
-0.03244579
-0.02934456
-0.01215350
-0.02964154
-0.02978379
-0.03410855
-0.07519128
-0.00934358
-0.01484598
-0.02727512
-0.00398652
-0.00786934
-0.06884986
-0.07190865
-0.06055741
-0.03045338
-0.04725757
0.03768950
-0.05049071
-0.00838736
-0.04314662
0.01682778
0.00155018
0.03279589
-0.00957089
-0.06951598
-0.04085659
-0.00999849
0.02580801
0.03962969
-0.01869752
-0.05442715
0.04112903
-0.01643755
-0.01475797
-0.02250867
0.00416361
-0.02098875
-0.04976868
-0.04249367
-0.01341167
0.03283606
-0.01672427
0.01192021
-0.07675932
-0.04990647
0.00460182
-0.01689574
0.00860735
-0.00305817
0.00314801
-0.01070414
0.01886020
-0.04770873
0.00986628
-0.03120616
-0.07113969
-0.05731151
0.01453204
-0.00411907
0.00737081
-0.06640237
-0.03340857
-0.02289897
-0.01073300
-0.04106409
-0.01462299
0.00867261
0.00885034
-0.02082048
-0.07787658
-0.03722937
0.00508862
0.02164390
-0.04492924
-0.00227342
-0.04363552
-0.01147768
0.00598675
-0.02823992
-0.07782171
-0.03331892
0.11120133
-0.13386728
-0.09106820
-0.00295649
0.01974614
0.02335267
0.05777704
0.09193728
0.01606552
0.02880769
-0.02228061
-0.04806949
0.01184699
0.06606060
-0.01484431
-0.11017507
0.03912883
-0.00192660
-0.03740907
0.00437280
0.12082277
-0.03371046
0.13916406
0.03275741
-0.32354230
-0.16086416
-0.19932663
0.04935600
0.02900797
-0.08909677
-0.08252929
-0.19198468
-0.03637781
-0.17939532
-0.11107597
0.04912443
0.28107268
0.07533488
0.19573416
-0.01864236
-0.03262480
0.16891973
0.11889075
0.14853981
-0.23533550
-0.25561288
-0.06727686
0.04362587
-0.07696488
-0.28876048
-0.21638875
-0.00620723
0.03121167
0.05643573
-0.10017458
-0.04922499
0.06702795
0.03689988
-0.13572912
0.17297138
0.02538773
0.09496712
-0.03821317
-0.24815941
0.00571178
-0.00276818
-0.03239062
-0.26030043
0.03500350
-0.07325534
-0.04430037
-0.28272185
-0.17236343
0.00838298
-0.17722137
-0.14186735
-0.20220402
0.07653081
0.09583441
-0.05403829
-0.14727731
-0.11795778
0.03791275
-0.00091245
-0.03989185
-0.18157078
0.09340463
0.09569571
0.07259735
-0.04685218
-0.02651370
-0.00039379
0.11250734
0.11834804
-0.14410429
-0.02965432
0.05529315
0.10509104
0.10963166
0.03696460
0.04118992
-0.07214191
-0.01900324
0.07594536
-0.28845438
0.00351807
-0.21423921
0.14288728
0.02805519
0.00838892
0.14327075
0.05516685
0.07233289
0.10752980
-0.04248778
0.06190116
0.05884682
0.06841357
0.05221931
-0.17337713
-0.14999481
0.15475620
0.02565881
-0.09661726
-0.17155603
-0.24678929
-0.18278283
-0.13443984
-0.08208492
-0.03554941
0.08693028
-0.07225357
-0.24779843
-0.15229659
0.33734375
0.20429572
0.13346778
-0.00734196
0.06984495
0.14227435
0.02648329
0.07125398
-0.08747318
0.00600150
0.11979185
-0.02499341
-0.02509610
-0.09175360
-0.13701780
-0.06523506
0.03965371
0.12786193
0.37138674
-0.02067866
-0.21789049
-0.12314249
-0.03785074
0.06962275
-0.12642872
-0.18314257
0.02842370
-0.08848090
-0.02142672
-0.24166349
0.02218298
-0.03331738
0.11850859
0.32082266
0.03428195
0.03083693
0.03405281
0.29666081
0.17430304
0.06054788
-0.23133774
-0.09447304
-0.06550848
0.19276284
-0.10247114
-0.17329438
-0.25078347
-0.10241172
0.06032395
-0.00011852
-0.20264143
-0.26924628
-0.14344634
-0.14362665
-0.17667292
-0.06505074
0.00044969
0.15557191
0.13023247
0.01475363
-0.07328872
0.04716426
0.19184895
0.14591929
0.05051484
-0.24801688
-0.23098405
-0.06619991
0.06989487
-0.03153065
-0.25525588
-0.01671258
-0.01715835
-0.14304243
-0.12958165
0.21201502
-0.03867999
-0.09309813
-0.13150620
-0.06093056
0.12481127
0.12530605
0.07370137
0.13197932
-0.15532872
0.04528396
0.04263234
0.01780334
-0.16990660
0.04601104
-0.01342485
-0.05425350
-0.07121002
-0.01569266
0.12437281
-0.27541086
-0.02253705
0.07695922
-0.05072707
-0.06039562
-0.13739766
0.00220883
0.10328699
-0.05699883
-0.17476137
-0.02235371
-0.08173808
-0.05620958
-0.03244923
0.11204708
0.08746651
-0.00794461
-0.00717506
-0.06425036
0.02358418
-0.05662597
0.06906182
0.02097928
0.10892021
0.01848271
-0.05017133
0.12009031
-0.02882829
0.17302227
-0.28178445
0.03539317
-0.04240495
-0.03530505
-0.22053656
-0.17923063
-0.07331944
0.00846555
0.08595373
-0.07606091
0.13521035
0.08325204
-0.14136906
0.01211023
0.01912159
0.13247322
-0.00708689
-0.01156843
0.10352928
0.12687701
0.07207091
-0.04604782
0.12974213
0.10213710
0.06666080
0.20270355
-0.31601158
-0.11555061
-0.17012344
-0.16498739
-0.33086237
-0.06505028
-0.12791999
-0.00608714
-0.00200207
-0.04800312
0.16184822
0.06930263
-0.10027227
-0.16226441
0.11312434
-0.12599628
-0.20798944
0.13887398
0.15494493
-0.09782337
-0.16207653
-0.11079744
-0.14871813
0.16361657
-0.10406061
-0.09530342
0.14607751
-0.01184841
0.05271481
0.07536682
0.07226955
0.08066534
0.11459837
-0.01302496
0.07522869
-0.07140942
-0.21827884
0.19693288
-0.01043187
-0.06081403
-0.25359777
0.09303077
0.08075577
0.04205842
-0.04011934
-0.07198893
0.09833647
0.01158953
0.04296375
-0.26304772
0.07279734
0.02163048
-0.04110148
-0.20681494
-0.26507431
-0.03377230
-0.18079777
-0.03020287
-0.06101697
-0.30134544
-0.12198269
-0.25041723
0.11663624
0.03802444
-0.26080093
0.15886268
-0.08475205
-0.00699351
0.00637422
0.01086540
-0.04243710
0.01701564
-0.06103584
-0.01045169
-0.06080322
0.03019981
0.07423148
-0.10859925
0.05494853
0.02325857
-0.02996063
0.16286264
-0.05367719
0.03543605
0.18293351
-0.17933469
-0.03036560
0.01204240
0.18755725
0.01599991
0.02739087
0.21440695
-0.03692153
-0.06261473
0.09723768
0.04222354
-0.06023559
0.13009726
-0.11635716
0.09494349
-0.00702525
-0.01272488
-0.07986737
-0.13832550
-0.16405694
0.03375063
0.03227127
0.05024548
-0.06330132
-0.15267876
0.48849878
0.20267349
-0.06534553
-0.07561619
-0.01103947
0.02195417
0.03099749
-0.04846868
0.02968067
-0.03092048
-0.02220564
-0.01534935
-0.00454917
0.01303113
-0.00426834
-0.03107865
-0.01486158
-0.02461954
-0.00728082
-0.05379837
-0.05309460
0.00155881
0.01341419
-0.03198222
-0.00218995
-0.02880871
0.01603551
0.03411893
0.01999875
0.00219094
-0.03028699
-0.05121273
0.00725438
0.03027221
0.01625019
0.03007170
0.00674592
-0.01471684
-0.01653541
-0.03756508
0.01527247
-0.00783665
0.03574007
0.04024586
-0.01636384
0.02942839
0.00344633
-0.02866481
-0.03042636
-0.03311429
-0.02245217
-0.04497344
-0.03266208
-0.00831673
0.04560885
-0.01923370
-0.05473373
0.01831482
-0.03400235
0.02023808
-0.02492131
-0.05423712
0.03275178
0.00745811
0.00067451
0.00207789
-0.02794340
-0.04945253
0.00644320
-0.04938493
0.00009171
-0.06606341
-0.00288184
0.00744819
0.05905778
0.02734281
-0.06424364
-0.02426391
0.01016116
-0.01696846
-0.01293893
-0.03957512
0.04560293
-0.00529290
-0.05466789
-0.00993483
-0.02409052
-0.05288456
-0.03295483
-0.02881527
0.02936257
-0.05446650
-0.00419816
0.02830782
-0.02839115
0.02093830
-0.03173318
0.00482351
0.00513497
-0.02087518
0.04819713
0.04743719
0.03637524
-0.01752475
-0.00613734
-0.04047954
-0.04205848
-0.04071945
-0.00768025
-0.02714422
-0.01245454
-0.02886972
-0.01212989
-0.03469810
0.02465652
0.01485561
0.02462618
0.01053015
0.02065686
-0.03349600
-0.03897348
0.00108146
-0.01280283
-0.05501626
-0.02994523
-0.01670970
0.02739895
-0.00982689
-0.04616088
-0.00712528
-0.05263177
0.02821670
-0.05355242
0.00752212
-0.00871686
-0.03283190
-0.00229579
-0.01994221
-0.04261171
0.03653484
-0.01717276
-0.04317750
-0.03250487
0.03321414
-0.03513291
-0.01003604
0.02872997
0.02456016
-0.05692371
-0.05257584
-0.05080368
-0.02485585
-0.02460568
-0.03075640
-0.05249844
-0.04314984
0.00131015
-0.06338756
0.00244567
-0.00801627
-0.04201574
-0.00588497
0.00960696
-0.00248349
0.00338715
-0.03075229
0.03003697
-0.03721653
0.02125594
0.04649393
0.03188076
-0.05261230
0.01342667
-0.02890459
-0.03093721
-0.04542860
0.00155741
0.00131976
-0.06080882
-0.03483769
-0.02224277
-0.03866336
0.03160683
0.01993623
0.01208519
-0.03110267
0.02407143
0.00865801
0.02981162
0.03804821
-0.00090716
-0.02858455
-0.02116808
-0.02620596
-0.03496901
-0.03614763
-0.01711793
-0.00212927
-0.00074283
0.00960388
-0.05882829
-0.05284595
-0.00292051
0.02482385
-0.01181797
-0.05849421
0.03543664
0.00155156
0.01739781
-0.03986243
-0.04973050
-0.03885145
0.03277782
-0.01964744
0.02423112
-0.02001292
-0.03587233
-0.00937514
-0.05603488
-0.03169401
-0.05672336
-0.03555569
-0.04824996
0.00393749
-0.01301546
0.00924136
-0.04802029
-0.05871314
0.00233497
0.02420043
-0.04922372
0.02455999
-0.07034589
-0.03084123
0.01834775
-0.00644861
-0.03752824
0.04065115
0.03251507
0.03583763
-0.04779345
0.01819723
-0.01380108
-0.03653117
-0.03914225
0.02477698
0.00795915
-0.01970643
-0.03788144
-0.01755577
-0.00821922
-0.05414893
0.00189402
0.00556922
-0.02322453
0.05107493
0.01660702
-0.01996504
-0.03584909
-0.04474134
-0.04957783
0.03094309
-0.02079825
-0.04276709
-0.03344584
-0.03218572
-0.01927049
0.02213173
-0.00421701
-0.03866379
-0.01933932
-0.04191753
-0.05321992
0.03339781
0.00244325
-0.02269637
-0.04996403
-0.05396546
-0.04799129
0.02927942
-0.00294707
-0.04704025
-0.00120765
0.01328597
0.00654862
-0.04827600
-0.04020735
-0.00692936
-0.00958456
0.03092044
0.01231196
-0.05181839
0.01850296
-0.03357418
-0.03410716
0.03681098
0.03529621
-0.03883841
0.02894448
0.00077624
0.02541933
-0.04291219
-0.05748905
0.01895544
-0.05743869
-0.03056737
0.03454899
-0.05019358
-0.00286718
0.03083976
0.01485058
-0.02439987
-0.00888385
-0.02615740
0.02806174
0.00414867
-0.05581456
-0.00444955
0.02124161
-0.00507861
-0.00555234
0.02741663
-0.00385775
0.00654072
0.02910448
-0.03922831
-0.03612204
-0.00141602
-0.04138473
0.02531250
0.00578061
-0.03233117
-0.02332667
0.02011545
0.02992826
-0.00193919
-0.00525387
-0.02960080
-0.02764084
0.02325068
-0.04164205
-0.02671359
-0.03418214
0.03018066
-0.02290306
0.02079582
-0.01070188
-0.04613385
-0.05156698
-0.02625105
0.01037911
-0.00015394
0.02579567
0.02117146
0.02883734
-0.03498674
-0.01286643
0.06658771
-0.03873676
-0.04568036
0.02839708
-0.04410165
-0.00442585
-0.00880574
-0.00652807
-0.04133601
0.00902806
-0.03965022
-0.03448708
-0.02269757
-0.02446884
-0.03674531
0.02175364
-0.02702798
0.04457992
-0.03347709
-0.00337531
-0.02397143
0.02539422
0.04633858
0.02816881
0.03438186
0.00028291
-0.03678681
-0.02965340
-0.00897290
-0.01850669
0.01119146
-0.03475085
0.00405904
0.01417661
0.01324287
0.03359415
-0.04602155
0.01069316
-0.02139487
-0.00326408
-0.05631054
0.02116014
-0.00603178
-0.02514167
-0.02410499
-0.04448742
-0.06686378
-0.05879537
-0.02624945
-0.16888228
0.06737968
-0.09306152
-0.00556537
-0.09161083
-0.12332328
-0.03581706
-0.09591585
0.06453769
-0.11011707
-0.12755224
0.19369589
-0.13585643
-0.04713979
-0.03243953
-0.14438231
0.08913892
-0.07435163
0.01187525
0.02878463
-0.12306197
-0.04264551
-0.25822744
0.06756406
0.03038463
-0.02202209
-0.19152856
-0.20470367
-0.20128401
0.03100930
0.00414188
0.01835017
-0.04052234
0.14313866
0.01037200
0.09232202
0.04318795
0.05526655
-0.09448198
-0.11866096
-0.27968863
-0.30385312
-0.13112399
-0.17100322
0.05947086
-0.13141595
-0.10604885
-0.05074668
-0.09685443
-0.02756894
-0.11980582
-0.10826002
-0.02666190
0.05144129
-0.07826325
-0.12027822
0.09511580
0.22785507
0.24763221
-0.09716753
-0.09459352
0.14242890
0.15788662
-0.06831498
-0.07869293
0.05194544
0.12264423
-0.19818309
-0.13412683
0.04851550
0.06125787
-0.05275053
-0.08346850
-0.01815445
-0.07867903
-0.02180097
-0.17668268
-0.10056008
-0.12056689
-0.07419485
0.19764856
-0.02907336
-0.22258382
-0.01178112
-0.17540406
0.00811159
-0.16350490
-0.01896770
-0.16490556
-0.01278892
-0.15747163
-0.17031877
-0.13639608
-0.10816571
-0.03697541
-0.01086615
-0.18254414
-0.12855533
0.04009612
-0.20093486
-0.04630231
-0.10098011
0.00547287
-0.13791773
-0.13600981
-0.00889744
-0.04716761
0.12326252
-0.01966925
-0.00050138
0.24134856
0.09276434
0.14835577
-0.13921842
-0.20702045
0.10314539
-0.06823117
-0.18878800
0.00684691
-0.02122393
0.26907396
0.11886462
-0.02332606
-0.00939275
-0.06599936
-0.11846161
-0.03207570
-0.11612131
0.07301948
0.01641645
-0.10985278
0.06147066
0.12578762
0.19535653
-0.05048077
0.03258962
0.04582795
-0.02630700
-0.15155061
-0.10720514
-0.02899749
0.01922283
-0.19532667
-0.09800230
0.02722387
-0.06459367
-0.06008171
-0.04271941
-0.05490131
-0.14292674
-0.05750378
-0.07726034
-0.11473665
0.00817420
-0.15470062
-0.06929578
-0.16635472
0.12599005
0.12603362
-0.12853949
-0.04191588
-0.00220072
0.07026791
0.11076789
-0.16846204
0.00884651
0.08205341
-0.05917655
-0.02368079
0.00323264
-0.17503610
0.04110210
-0.10619403
-0.00616021
-0.14246148
0.01295386
0.03840553
-0.05668041
0.11485488
-0.13498710
-0.24440238
-0.03481009
0.13858998
0.02604900
-0.02070056
-0.09419006
0.06088299
0.09030829
0.21333538
-0.07978074
-0.16181934
-0.08154897
-0.06277778
-0.03678411
-0.12007710
-0.18786308
0.04411642
-0.02204345
0.03743062
0.06236100
-0.02291118
-0.15915011
-0.27665913
-0.13726619
-0.26585758
-0.02689880
-0.22157831
-0.16550744
0.11088706
-0.02338378
-0.00664693
0.01468394
0.05789594
0.07396868
-0.20732722
-0.11548211
0.05243504
-0.17759821
-0.07589345
0.17920469
0.01700927
-0.21493560
-0.16220537
-0.05746164
-0.01577082
-0.01031746
-0.02677372
-0.01382187
-0.12862784
0.01506462
0.04278482
0.06471445
0.04955415
0.14157017
0.01599160
0.07835126
0.09284090
0.13440375
0.11084286
-0.16285352
-0.03989161
-0.05555924
-0.10536321
-0.17066722
0.12458027
-0.02701637
-0.14393151
-0.04787596
0.03789695
-0.11280596
0.04979987
0.09078432
-0.02587073
-0.08460418
0.00741294
0.15657717
-0.01093487
0.05749645
0.15981100
0.03371149
-0.02200169
0.02967522
0.08475368
-0.04635924
0.04936139
0.09795377
0.01680948
-0.01792482
-0.08109335
0.06052347
-0.03258345
-0.17333329
0.10743834
-0.04519003
-0.08454779
0.06407335
0.10652509
0.38543993
0.07876836
0.01815213
0.08248023
0.07375822
-0.07551326
-0.05633854
0.03873866
0.00497982
0.05026057
0.08714166
0.08950482
-0.12181775
0.06887169
0.12022645
0.05980565
-0.11338098
0.03182203
0.03431065
0.01325640
-0.01429468
-0.10257131
-0.14198035
0.01688357
-0.02567909
0.13033110
0.07692531
-0.10171308
-0.13438274
-0.18384632
0.13541006
-0.17074561
-0.03454933
-0.16088194
0.04511993
0.20323758
-0.06242481
-0.06264089
0.21386205
0.05326164
-0.09983137
-0.05888494
0.22682834
-0.10663988
0.23492160
-0.11425889
-0.18840571
-0.10186213
0.01582203
0.02538078
0.24641293
0.19336337
-0.11195393
-0.35604182
-0.02143276
0.21166746
0.18559353
-0.05145321
0.04610044
0.20600799
0.26820931
0.05066691
-0.09256179
0.01706820
0.02035993
0.13760321
0.00515875
0.14124577
0.11887521
0.16555505
0.05610465
0.01829334
-0.00247851
0.00393024
-0.15531024
-0.08016015
0.04107054
-0.15119611
0.00710577
-0.00708780
-0.00816608
-0.01043897
-0.23826697
0.05293639
-0.01779516
0.07938336
0.06158926
-0.09025973
-0.08524854
-0.23903002
-0.09467775
-0.00745245
0.16069259
0.07796171
-0.32345900
-0.07427587
-0.00308677
0.03031849
0.25861800
0.05091799
0.12699510
-0.00674554
0.01441529
0.11175473
0.12381454
0.18001580
0.02446848
0.05873122
-0.03702221
0.13556935
0.10525388
0.03095580
0.04839978
0.15059248
0.18118174
0.02847613
-0.05592946
-0.05511056
0.09677535
0.09978365
-0.17076281
-0.14274983
-0.05876987
-0.11255382
-0.09280083
-0.05785155
0.00724506
-0.02224299
-0.07405280
0.08106743
0.01753709
0.09048048
-0.00670046
-0.00668195
0.28430954
-0.06508666
-0.08068093
0.06999853
-0.16806269
0.00175593
-0.05089185
-0.19650805
0.03239742
-0.08576681
0.15068299
-0.25202137
-0.03167837
0.06901752
0.02668050
0.00374195
0.11902635
0.14215480
0.03404637
-0.04760851
-0.05522918
-0.11117703
-0.07585145
-0.07639573
-0.16015354
-0.13028124
-0.23617858
-0.22438346
0.03093537
0.06676403
0.01098654
0.04691865
-0.34793252
-0.00146653
0.01484674
0.05626139
-0.15712504
0.04039174
0.03793803
0.01866866
0.07818975
-0.10034756
-0.01557360
0.14708543
0.08736753
0.10008669
-0.24175538
-0.43912059
0.18045656
0.10611806
-0.02006963
-0.01579870
0.23367190
0.07104880
-0.09347710
0.09185394
0.02345483
0.14208998
0.01714436
-0.11780698
0.06212622
-0.06501079
0.10680535
0.15638083
-0.03719180
0.04315433
0.16253839
0.10699084
-0.11311887
-0.33037648
-0.04082761
-0.07993852
-0.04460943
-0.09885865
-0.14060898
-0.08667585
-0.30755302
-0.19107065
-0.11522482
0.00093152
-0.17739441
-0.12463760
-0.19170892
0.11899923
-0.01783695
-0.10273474
-0.15565272
-0.19537228
-0.19279633
0.10134405
-0.05129536
0.14119820
-0.00026725
0.03627238
0.03224390
0.04397774
0.02123484
-0.12221934
0.12466519
0.08625301
-0.10697801
0.06270376
-0.28622305
0.05793511
0.24598396
-0.26914820
0.02312983
-0.19952378
0.02154815
0.08095572
0.10206781
0.02359874
-0.46875420
0.02710370
0.04452124
-0.00243974
0.00583791
0.13555358
-0.17512418
-0.02028861
-0.10066060
-0.14988005
-0.01609692
0.00841093
0.13031709
-0.08692707
-0.28143880
-0.07591967
0.04594291
0.02927993
-0.10282800
-0.21441500
-0.13442634
-0.02648216
-0.01022165
-0.08972222
-0.06344834
-0.00772393
-0.17319742
0.10866618
0.09784500
0.15205786
0.21860492
-0.14932100
0.13368559
0.02071347
0.05109726
0.07927147
0.07104117
0.17452900
-0.04905917
-0.05392991
0.08735942
0.07253581
-0.07755747
-0.04390560
0.03769106
0.16055664
0.02055264
0.01056606
-0.26352242
-0.15240200
-0.02382902
-0.11598966
-0.14391577
0.09328791
0.07165676
0.04433415
-0.09160914
0.02361806
0.13442899
0.11493710
0.36798429
-0.11447915
-0.12752804
0.00469821
-0.06673912
0.14939587
0.03713360
-0.10469203
-0.20565788
-0.10461684
0.10704340
0.05698258
0.03444305
-0.08205452
-0.10774797
-0.25733775
0.01024183
0.04399392
-0.01883289
0.00588595
0.03644434
-0.03590284
-0.09610632
0.01388688
0.03454915
-0.25875491
0.18297233
0.02352980
-0.06590202
-0.27165765
-0.15349415
0.11957881
-0.03922869
-0.19416089
0.03590000
-0.03648186
0.04632851
0.23107615
0.03914913
0.02679099
-0.11307687
-0.01210137
0.03756496
0.00009530
-0.09026898
0.00131729
0.04494759
-0.06732477
-0.14745940
-0.16552289
0.06948027
-0.10968995
-0.11750501
-0.21793696
-0.25588238
-0.02979788
0.05905021
0.14280404
0.01639901
0.11871058
0.02316280
0.19941454
0.05714500
0.03901544
-0.02337339
-0.02960681
-0.02349062
-0.06868904
-0.08944771
-0.30097553
-0.18825173
0.06698627
0.02603898
0.06178591
0.02342888
0.04647985
0.12949951
0.19339581
0.01971205
-0.00026528
0.16341436
0.03944470
0.04590204
0.02517781
-0.03652100
0.11313500
-0.11801977
0.00351935
-0.02657860
-0.01976355
-0.06734565
0.13032326
-0.01830275
-0.05305778
-0.18007351
-0.26057664
0.02669211
0.00745934
-0.11335287
-0.08483253
-0.08939519
-0.07819212
-0.03071507
-0.02403612
-0.06247743
-0.14750965
-0.02860291
-0.06008757
-0.09396136
-0.03573697
-0.01659088
-0.00760018
0.00513435
0.04051867
0.04500147
0.01103129
-0.02586089
-0.12328856
0.05908980
0.06798382
0.03396764
-0.10999509
0.05567634
-0.13309257
0.05202812
0.15675056
-0.01648906
-0.04664632
-0.00837938
0.00153927
0.05094105
0.09168901
-0.14959322
-0.00387948
-0.15690161
0.07765055
0.03100909
0.15362269
-0.11655993
-0.18692173
0.10381261
0.06396083
-0.05315373
-0.06055756
-0.12418389
0.00817134
0.03217009
0.00265997
-0.08567034
0.05950315
0.15757768
0.20436192
0.07535945
0.02476473
0.24109749
0.31324285
0.05631922
-0.01718139
0.12065770
0.15497860
0.16877155
-0.00747117
-0.03181140
-0.04527634
0.21381450
0.18621354
-0.25460064
-0.11905118
-0.34646139
-0.10594186
0.12655379
0.08500252
0.01952402
-0.13735588
-0.03123830
0.02872141
0.16575603
0.04837761
-0.11244028
-0.06728674
-0.09446798
0.13148306
0.07916281
-0.24083574
-0.10264008
-0.16876495
-0.01974134
0.03825846
-0.18255362
-0.08403251
-0.29635286
-0.02286498
-0.22243185
-0.06010251
-0.26043987
-0.20091209
-0.05657009
0.01178451
0.17215557
-0.06936343
0.00973257
-0.04566111
0.12584685
0.02741497
0.09705113
0.05493887
-0.03170713
0.04807889
-0.04675734
-0.04416493
0.12182072
-0.08109105
-0.02339435
0.07493531
0.00164677
0.08204141
-0.02840053
-0.04058129
-0.08963265
-0.03034825
-0.06326142
0.03347380
-0.04112718
-0.02825894
-0.03059408
-0.04356437
-0.05517375
-0.03165165
0.12492755
-0.05747496
-0.01678286
-0.11146051
-0.01012805
0.17540520
-0.08413373
-0.01444233
-0.13730042
-0.00339223
0.11359269
0.00269180
-0.12636982
-0.08921054
-0.10290016
-0.10275556
-0.07932740
-0.08279047
-0.10235593
-0.11058344
0.02038789
-0.02132481
-0.04629229
-0.00070820
-0.02830146
-0.15313581
-0.10122936
-0.12174543
-0.09132642
-0.05188537
0.05519250
-0.08676821
-0.06599789
0.06315231
-0.02133482
-0.03651074
0.01537675
-0.07117803
-0.00535247
-0.01771737
0.00431605
0.01502799
-0.01479631
-0.04403995
0.00355153
0.08611751
-0.07264449
0.09867610
0.08077711
-0.00080349
-0.05911189
-0.09212815
0.01069733
0.05355920
0.01678640
-0.10495726
-0.02985042
-0.16753538
0.06250636
-0.03880347
-0.09948094
-0.16506884
0.01232971
-0.13653044
-0.02122413
-0.08858349
-0.16899730
-0.09898902
-0.01245671
-0.03873401
-0.07328811
-0.10265806
0.08720282
0.00806898
0.00761403
-0.06515905
-0.01339362
-0.14982568
-0.12231801
0.06268947
0.10212661
0.00976551
-0.10262284
0.02132358
-0.07410237
-0.10228751
-0.14476112
0.05272990
-0.06774887
0.05379840
-0.06815892
-0.10407977
-0.02558356
-0.00975649
0.03782271
0.06292467
0.13240509
0.01692702
0.07085776
0.11763836
-0.10602305
0.11768986
-0.12637471
0.05171726
0.01619073
-0.16003901
0.10931897
-0.03276255
0.01592553
-0.01733526
-0.06719252
0.03643649
-0.01823437
0.02398045
-0.12299960
-0.06466278
-0.00716399
-0.00482941
0.03458676
0.13063306
0.05128274
-0.09491651
-0.07634526
0.08301556
0.06681824
0.02518697
-0.15124491
-0.10816641
-0.06307035
-0.05941405
-0.11128630
-0.12497875
-0.08507413
0.03698825
-0.11532380
-0.21929768
-0.08969251
-0.01900584
-0.13806887
-0.02284336
-0.03979164
-0.06861860
-0.08613056
-0.21979266
-0.11329997
-0.06117624
-0.04416223
0.08940146
-0.10355204
0.03561011
-0.04719473
-0.04646662
0.11887095
0.07441524
-0.08243467
-0.00239898
-0.07044302
-0.02106022
-0.05098973
0.01606077
-0.08969373
0.06378625
-0.13024750
-0.03665729
-0.04801309
-0.02401191
-0.01707380
0.01233836
-0.11638889
-0.00845971
0.05790100
0.02841096
0.02245022
-0.02172217
-0.08631888
0.03433394
0.13028589
-0.02309483
-0.01822631
0.04487109
0.08619940
-0.04182650
-0.02789737
-0.05579650
0.02810363
-0.12742789
0.00965184
-0.09812377
-0.02893329
0.01681331
-0.01564736
0.00354096
-0.15268379
-0.00564238
-0.04370403
-0.13827077
-0.05342505
-0.04545980
-0.08297280
-0.01715385
-0.06455550
-0.12819232
-0.00485003
-0.07077876
-0.04823342
-0.16501062
-0.12177445
-0.15283740
-0.02667833
-0.09039980
-0.08088749
-0.15296446
-0.11219960
-0.02027141
-0.03157942
-0.05715173
-0.07578584
0.00872654
-0.11589430
-0.19573987
-0.10387331
-0.07295401
0.11608195
-0.05648643
-0.16331828
-0.13154247
-0.06047055
-0.02128463
-0.02896212
-0.04343604
-0.12787980
-0.04396381
-0.07846099
-0.00803257
-0.04554757
-0.07816309
0.02921352
-0.07699007
0.00797067
-0.03192975
0.01508034
-0.04342150
0.03288329
0.02779254
-0.00830217
-0.02756557
-0.08405900
-0.02720329
0.04771771
-0.04244723
-0.08978603
-0.03364616
-0.03652036
0.01802990
0.05171904
-0.09888408
-0.02697967
-0.09261165
0.02929182
-0.02874663
-0.01576934
0.02949931
-0.04230890
-0.06621336
-0.06395500
-0.02388585
0.04468954
0.08339107
-0.05497719
-0.01323350
-0.01221367
-0.01713370
-0.09201906
-0.08278415
-0.14099748
-0.11375945
-0.02890650
0.01020102
0.07179637
-0.01630197
-0.02205339
-0.10754260
-0.14650327
-0.02118583
0.01180924
-0.14494893
-0.08443528
-0.06207604
-0.02971425
-0.01030496
-0.07036612
-0.19329345
-0.03378503
-0.10804647
-0.07458281
-0.00582224
-0.04006419
-0.10415707
-0.04395731
-0.09601206
-0.10095669
-0.00525022
-0.04765872
0.01819457
0.00776636
0.02731861
0.03919382
-0.08040730
0.03660630
-0.03186695
0.08006807
-0.03241074
0.05828623
-0.10894006
0.03325497
0.01824141
-0.06632132
0.04474119
0.02066557
0.06163127
-0.06908543
0.01244653
0.15329620
-0.01526435
0.00155640
-0.09126304
0.11987334
-0.10596587
0.03163663
-0.02688822
-0.00719999
0.03068919
0.05629823
-0.06964780
0.00926602
-0.07128686
-0.05718278
0.00740113
-0.10315127
-0.11850374
-0.08259872
-0.13523418
-0.13388056
0.04337684
0.00371658
-0.06992612
-0.02984847
-0.00764725
-0.00630404
0.08365989
-0.06365842
-0.02287424
0.09174958
-0.00800325
-0.00822191
-0.12767880
0.05880649
0.07112949
-0.02050264
0.00516816
-0.00598148
-0.02687201
0.00764530
-0.08471306
-0.03236414
0.01087755
0.06665801
0.02345967
-0.09536473
-0.03283441
0.05775356
0.00834026
-0.08412094
-0.10088258
0.08912227
0.08694018
-0.04177610
0.03849158
0.06037954
0.15907529
0.01719266
0.00894102
-0.01372164
0.11586490
0.05253766
0.01944530
-0.11797626
-0.08414889
0.10234617
-0.18085527
0.06512212
0.16031633
0.13849644
0.12782642
-0.10746303
-0.05596960
0.15798993
-0.02118621
-0.16309056
-0.15410599
0.16463816
0.02488265
-0.14493541
0.01933907
-0.28612566
-0.07226540
-0.07241675
-0.12790486
0.02656102
-0.10317796
-0.16986290
-0.13180977
-0.13749829
-0.04517330
-0.04566083
-0.02377440
-0.00455637
-0.03625606
0.11847827
0.05126274
0.05619893
-0.15798320
-0.06630870
0.02599911
0.15565774
0.10054483
-0.10203501
-0.17002971
-0.00031097
0.04647578
-0.15175103
-0.16410264
-0.11753254
-0.01972549
0.12672569
0.05961616
0.05068057
0.15360250
0.10154467
0.04255610
0.04399942
0.05296922
0.09693095
0.08799873
-0.02935894
0.09290498
0.02477408
0.10980056
-0.01399111
0.02938299
-0.00189696
0.01300507
0.10411675
0.18670553
0.18565939
0.00355580
0.01049265
0.04878424
-0.08651649
-0.15561225
-0.01891888
-0.08507568
-0.13503653
-0.08644144
-0.19862804
0.06901663
0.18692890
0.07667867
0.14906539
0.20653258
0.03760418
-0.17196257
-0.09724493
0.06751344
0.15426353
-0.04345225
-0.24648483
-0.16290236
-0.20323206
-0.08417454
-0.16804776
0.00619588
-0.13543467
-0.21149941
0.07946230
-0.07435498
0.05368412
0.28554082
0.00949841
0.16351075
-0.01358099
0.09270390
0.06225285
-0.00616848
0.00384291
0.13528283
-0.16222180
0.02881209
0.02987535
-0.08875734
-0.02101411
0.08817381
-0.17674296
0.22285466
0.18585311
-0.05497328
-0.04019717
-0.15731125
0.13046747
0.20264971
0.21791805
0.04480804
0.16182347
-0.06670806
0.04427773
0.08235398
-0.06158111
-0.08142353
0.14591907
-0.04500143
-0.11766849
0.10634502
0.30862904
0.32297361
0.07560600
-0.06680810
0.04640100
0.09766617
0.16611807
0.07173095
-0.08563247
-0.14218058
0.01471440
-0.03498484
-0.04671378
-0.07161828
0.09593415
0.00019071
-0.21115129
0.12917805
-0.14195389
0.09666430
-0.04491490
0.17531885
0.17548229
0.08853744
-0.12336194
-0.05753393
0.00308883
-0.01209557
0.00077483
0.18330604
0.20451567
-0.10070387
-0.16679691
0.04429368
0.08926106
0.29662129
0.03421100
0.03789101
0.19494359
0.18919919
0.27295437
0.06191277
-0.15458803
0.03900526
0.13150156
0.31071320
0.12003014
-0.00531454
-0.00143004
0.06211908
0.07508256
-0.05310871
-0.02792644
-0.06964310
-0.06816373
-0.18382260
-0.04789881
-0.04573665
-0.02275112
0.01956301
0.01580662
0.05990930
-0.02134669
-0.07574509
0.09500042
0.14993908
-0.02756446
0.08983704
0.02956322
-0.03476311
0.01518391
-0.04928091
-0.01044036
0.04898041
0.16833620
0.10207539
0.06993964
0.02876163
-0.02618664
0.12609813
0.08968730
0.14496763
0.24844348
0.07834824
-0.08476555
-0.06826905
0.03734779
-0.05673919
-0.07706633
0.07642444
0.04659874
-0.08112252
-0.11830177
-0.02847874
-0.06541867
-0.00732508
-0.11095914
-0.07938781
-0.01097417
-0.02096608
-0.00982087
-0.02281393
0.07496416
-0.03091530
0.03061768
-0.04728324
-0.09067147
-0.06985989
-0.01635170
-0.05717700
0.10697459
0.11147036
0.11629630
0.04868517
0.06000250
0.17842536
-0.07274731
0.00748533
-0.00986220
-0.03252247
0.08942026
-0.06476767
-0.04783003
0.05569153
0.04625376
0.15405706
-0.09356193
-0.04943148
0.02188384
-0.04843311
0.03845611
-0.07625183
0.05208615
0.11387449
0.03537722
0.02305506
0.03737649
-0.14760737
-0.07283635
-0.04705757
-0.02377216
-0.01171377
0.02508226
0.03751634
0.00305210
-0.14181514
-0.12891828
-0.11317603
0.07088855
0.03797844
-0.16167629
-0.02154230
0.02754757
0.03851655
-0.01042109
0.06212824
-0.04933397
0.00083676
0.07719387
-0.07738063
-0.06469746
-0.08074070
-0.12646633
-0.06588205
0.07126742
0.09315422
-0.07279818
0.06528197
-0.02420551
0.01143676
0.10035497
0.03859686
0.26233196
0.19386782
-0.03495202
0.04846101
-0.05069762
-0.05804573
-0.11115297
-0.10992797
-0.01532194
0.02634938
-0.11782063
-0.05815498
-0.10251960
-0.11239151
0.03298548
0.10834351
0.14169130
-0.12262759
0.04573181
0.07477300
0.04299936
-0.07686578
-0.03615631
-0.20137702
0.06350307
0.07522810
-0.02403496
0.01009879
0.09836922
-0.04075031
-0.25928801
-0.24787128
0.01239519
0.33892810
0.11912632
-0.14513683
-0.08500153
0.05856675
-0.01168840
0.18070573
0.09694106
0.12545225
-0.22461116
-0.23083679
-0.20590740
0.06925726
-0.10759432
0.11437810
-0.04218950
-0.02137406
0.08253537
-0.09624356
-0.02128545
0.09940797
0.07917967
-0.12676659
-0.05806626
0.04672915
0.19769472
0.06178068
0.03665432
0.08145911
0.13032334
0.08670905
-0.13688731
0.32749289
0.01178614
0.16486163
-0.03220874
-0.14405374
-0.17015356
-0.17516112
-0.05138369
-0.11679023
-0.12863104
0.05047461
-0.03555045
0.02902707
0.01099226
0.00420400
-0.12492689
-0.08937913
0.18930781
0.06473568
-0.16334902
-0.14284714
-0.05542235
-0.03076991
-0.05302370
-0.05968672
-0.02213179
-0.13071114
-0.06298119
-0.03530119
0.03317517
-0.12228312
0.13613692
-0.00827071
0.03898821
0.12896492
-0.03825160
-0.04345915
0.09922158
-0.07144193
-0.09086026
-0.04554709
0.05344970
0.00657162
-0.14398053
-0.03817983
-0.30376881
-0.15647924
-0.18350939
-0.10504274
0.02081303
-0.11399011
-0.11402616
-0.15993541
-0.20594801
-0.02554644
-0.10798866
-0.06765494
-0.03943325
-0.03578863
-0.11145037
-0.14465241
0.02969069
-0.10678340
-0.16460566
-0.05392449
0.23902556
0.05464058
-0.02214904
-0.09626629
-0.06654021
0.02048690
0.00805770
-0.17714792
-0.11289132
0.11462349
0.10274866
0.10237285
-0.00811364
0.01692962
0.02000127
0.15680818
0.06335016
0.05104490
0.09736443
-0.05268649
0.00881767
0.11836549
-0.03580617
-0.00320440
0.03875927
-0.03437450
0.08123229
0.06497131
0.02798463
0.08706894
0.19417714
-0.07545000
-0.13859171
-0.00017372
0.00238059
-0.08632232
-0.15587340
-0.07743137
-0.04371801
-0.12110074
-0.21934207
-0.13411455
0.06820513
0.11906920
0.09372180
0.06415993
0.10046703
-0.04982474
-0.10805180
0.01839634
0.24460961
0.07326439
-0.28242260
-0.03469116
-0.08006186
-0.00925224
-0.13884132
0.01809356
-0.04740055
-0.00676245
-0.02723023
-0.14317526
-0.18194677
0.05293002
0.04435263
0.05626459
0.01709889
0.03498090
0.10662699
0.06075364
0.04941358
0.00806293
-0.10602517
0.00266140
-0.03775458
0.02660827
-0.05365602
0.02816170
-0.08317564
0.13072845
0.12960587
0.03177262
0.06848825
0.02892980
0.11314252
0.02911486
0.07818460
0.05552628
-0.17607895
0.11720980
-0.03754899
-0.08282026
-0.00069441
0.01477051
0.07506850
-0.08676745
-0.17266813
0.03523001
0.02568312
0.22621650
0.02887494
-0.00608088
0.13368638
0.02084270
0.00068480
0.16515164
-0.10916890
-0.14921264
-0.12598537
0.02546676
0.12632616
-0.23239627
-0.02938296
-0.08099794
-0.35090357
0.02595205
-0.14884548
0.09289543
0.16774294
0.01956155
0.02684904
0.06787487
0.05530750
0.04327878
0.02953696
-0.05261397
-0.12615137
0.09654289
0.31663567
-0.00945590
-0.00517147
-0.01289466
0.21634939
0.13392645
0.03570646
-0.00611024
0.09831014
0.12789123
0.19963686
-0.12463345
-0.15154797
-0.03716069
0.12417724
0.24783170
-0.00894613
0.02957183
0.03499592
0.01073380
0.02630025
0.04010474
0.06443489
-0.08523411
-0.01004174
0.04637337
0.05285940
0.10374743
-0.10423694
0.04780588
-0.04774148
0.02788377
0.02821098
-0.06735469
0.12200376
0.11157143
0.02418237
0.12315302
0.02863409
0.07916260
0.07121068
0.11766514
0.11897502
-0.03309052
0.09097403
0.08387047
0.03829443
-0.01156256
-0.12571722
0.01096166
0.12067805
0.11566814
0.05029301
0.05119736
-0.00101608
-0.04178946
-0.02234691
0.03416320
-0.11086228
-0.01335948
0.04028052
-0.09642456
-0.07009400
-0.01649612
-0.12205300
-0.07142001
-0.40307301
-0.29888260
-0.14882636
-0.11454773
-0.08956236
-0.01660188
0.04582104
0.05065244
0.07681806
-0.00647788
-0.00201383
-0.08199974
0.02612310
0.17196678
0.11206879
0.17123353
0.07823311
0.04098401
0.05373562
0.11905453
-0.19111165
-0.03478500
-0.04032793
0.01514216
0.02626168
-0.12833640
-0.00765725
-0.06113729
0.01462958
0.14224985
0.05056602
-0.11968929
0.02818244
0.02583786
-0.01583388
0.00850292
0.14899768
-0.07504189
0.01032544
0.24086878
0.00688888
0.12674575
-0.03503601
0.02259289
-0.00241084
0.08193620
0.05556779
-0.07031388
-0.10163544
-0.20605396
-0.40755481
-0.27001292
-0.11711993
-0.13619398
-0.15867962
-0.22846681
-0.12926081
-0.07846346
-0.01786971
0.07598796
0.04086176
0.01489228
0.11945381
0.12496355
-0.02623660
-0.05526952
-0.02640078
0.01315134
0.08752856
0.12369953
-0.16564640
-0.03159086
-0.04281741
0.04950278
-0.00281723
0.08175770
0.03890468
0.15080695
0.14746110
0.02514333
0.01236237
0.06468557
-0.27842736
0.06221543
0.09982359
-0.04391956
-0.07952696
-0.19090264
-0.07263084
0.00939171
-0.04685577
0.02333164
0.01482011
-0.09122241
0.09300415
0.07085744
-0.05777684
-0.08586435
0.05379821
-0.10967483
0.12753031
0.06703094
-0.10804046
0.02888011
0.01395301
0.01465798
-0.08701569
-0.21265100
0.00697506
0.15908146
0.09469516
-0.15569621
-0.23675501
-0.10047830
0.15228264
0.17158520
0.02755681
-0.02244842
-0.05325006
-0.01488253
-0.08109573
0.06100869
-0.02975898
0.02939975
0.07287353
0.08750735
0.04866041
-0.06406914
-0.04661060
0.04460684
0.13478318
-0.02350539
0.06201780
0.01997504
0.17382012
0.10274028
-0.03493521
0.05663750
0.06663737
0.01850044
-0.10361545
0.11991531
-0.01421703
0.09078634
-0.11411208
-0.02480365
-0.25225049
-0.08982495
-0.09464609
-0.10302307
0.00534074
-0.10800660
0.03151499
-0.03281069
0.04123475
-0.05012087
-0.13029583
-0.05075289
0.02109403
0.04625640
-0.12067567
-0.26140198
-0.03818651
0.06453595
0.02655415
-0.01524154
-0.00365947
0.04508974
-0.00216958
-0.01318604
0.08250204
0.13666032
0.16191432
0.06044230
-0.03489859
-0.07270920
0.04954651
-0.06813247
0.00628260
-0.21297595
-0.01164284
0.13151243
-0.03868570
-0.18630148
-0.10699759
0.15811506
0.02406206
-0.11141581
-0.09023009
0.04884157
-0.07615858
-0.01229793
-0.08458063
-0.04205431
0.12130034
0.10808678
0.03549404
0.07305051
0.03924011
0.01700997
0.03001569
0.07140927
0.01190630
-0.02054683
-0.06923081
-0.05899377
-0.05630744
-0.02123086
-0.02194182
-0.08923244
-0.02233728
-0.14055486
-0.15910216
-0.12429962
-0.15194079
-0.31666350
-0.14871396
-0.06411284
0.00960692
-0.08775634
0.03244933
-0.02118254
-0.02954501
0.01531811
0.06803095
0.12252840
-0.10734900
0.03980519
0.08549725
0.15890738
-0.12496583
0.11060408
0.08261140
0.08988033
0.12812169
0.16818966
0.13356110
-0.05009684
-0.01719144
-0.12034643
-0.11286394
-0.30056971
-0.11332279
-0.03964368
0.03725751
0.22201589
-0.01276378
0.09452258
-0.10551862
-0.03217006
0.09215738
0.13903907
0.20484225
0.06832464
0.00054530
0.03835724
0.02824330
0.05392473
0.02661233
0.05151692
-0.32381105
-0.23132294
-0.06230582
0.06054952
0.13832907
-0.04620854
0.03120055
0.12299592
0.10626837
0.00159654
-0.06515904
0.05844472
-0.00135057
-0.05587694
0.03878336
0.02400057
-0.09485312
0.01900731
-0.12411260
-0.19970199
0.03387043
0.05023760
0.09720127
-0.11184665
-0.10981772
0.16575137
0.25405157
-0.04277011
-0.05046387
-0.00313643
0.01566070
-0.11395656
0.07673901
-0.28281820
-0.27315864
-0.03044886
-0.05677255
0.15994774
-0.00376866
-0.07870422
0.04682662
0.05038955
0.09661981
0.11242386
-0.01313622
0.02304562
-0.06987187
0.03544859
0.11383335
-0.06027142
0.04428673
0.11372162
-0.01162308
-0.03526732
-0.06042970
-0.05802215
-0.12501808
-0.21306916
-0.24725220
0.18524683
0.07926992
0.14533789
0.02757391
0.07638240
0.14973763
0.15776919
0.10456561
0.03659336
-0.10462486
-0.01035836
-0.04163085
0.00885195
0.04378910
-0.16516829
0.24198250
0.02654438
0.08113474
0.12312129
0.09474301
-0.15046148
0.11792495
0.03242518
0.10226484
0.03242593
0.01265222
0.13201126
0.02484098
-0.09136600
0.08793639
0.26785624
0.15054788
0.17248024
0.00068769
0.03236501
0.06908204
0.10328457
0.12956791
-0.03643310
0.00081801
-0.03464221
0.07243118
-0.07638685
-0.13928007
0.03286261
-0.11869301
0.01292155
0.03483512
0.00851271
0.01924046
-0.06838146
0.03703798
0.00317384
-0.00494490
-0.02032452
0.12114133
0.14010550
-0.09052195
-0.08924574
0.16170196
0.15841132
-0.09116832
-0.04930528
0.08095377
0.11341101
0.15923780
0.13023914
0.18266483
0.00103814
0.05014119
-0.10095005
0.08755973
-0.05408342
0.05096627
-0.00169626
-0.23311292
0.02056807
0.05486485
-0.03800796
0.06813624
0.13481233
0.15880828
0.01332357
-0.20595638
-0.14088249
0.03686094
-0.06445459
-0.07905690
-0.23736258
-0.00093929
0.18526348
-0.29139069
-0.26786095
-0.14002822
-0.08178353
-0.01915133
0.02256428
-0.00918465
0.02673402
-0.17401305
-0.05787195
-0.08604107
-0.26339951
-0.16849257
-0.01572461
0.24113227
-0.17762911
-0.11320360
-0.12054947
-0.05177655
0.21877034
0.03212922
0.19680788
0.06378073
-0.03311138
0.22895785
0.08424834
0.12277104
0.10509390
-0.11094374
-0.08093043
-0.00667067
-0.15182315
0.16240780
0.03531014
0.12266178
-0.01215893
-0.09759606
-0.18887202
-0.07583174
0.03159532
0.02100594
-0.14649071
-0.15539324
-0.15981105
-0.10066491
-0.08104401
-0.23165061
-0.28182098
-0.00288074
0.28654471
-0.32647014
-0.32503065
-0.19176926
-0.09187100
0.17873666
-0.13128029
-0.02732204
-0.02369286
-0.13967656
-0.12459482
-0.00683071
0.05031020
0.12539497
0.08478032
0.02950476
0.05300769
0.02511039
-0.12588458
-0.05777144
0.14328058
-0.11193644
-0.08701109
-0.23813127
-0.00383013
-0.08629211
0.01640231
0.05492302
-0.01078482
0.16407129
0.12502791
0.09755818
0.15154448
-0.06915168
-0.00939065
0.16925138
0.02047559
-0.03657480
0.09525433
0.18551236
0.05344757
-0.02375955
-0.03416680
0.04302261
0.02124223
0.06326126
-0.01122103
0.01851390
-0.00304228
-0.16589209
0.10856041
0.18504661
0.04022885
-0.04152601
-0.03695165
-0.01575354
0.07699300
0.08469392
-0.04755472
-0.03799551
0.06289956
0.11842465
0.04086011
0.10599238
-0.00451361
-0.01706868
0.08798350
-0.06447151
0.01036252
0.03166846
-0.13348144
-0.10816685
0.09150048
0.06866975
0.08105014
-0.19372506
0.12643445
0.08717062
0.05546366
-0.00999802
0.04661698
0.17348376
0.09925612
-0.07445165
-0.11716779
0.01442147
0.12261689
-0.03316946
-0.15579471
-0.19194241
-0.13107872
0.08155796
0.02749258
-0.19014992
-0.02841095
0.05297885
-0.03673416
-0.09865434
-0.01755113
0.04763022
0.03750316
-0.02050910
0.09236269
-0.07280453
0.08433622
-0.01985250
0.05416282
-0.08877350
0.00298554
0.06529529
-0.03915282
-0.03498797
-0.07307744
0.13201149
0.07536589
-0.07228624
-0.08741159
0.01303576
0.05770165
-0.11432629
-0.04396098
-0.01358131
0.02459471
0.24407871
-0.15290035
-0.19253331
-0.04397625
-0.00717139
0.29770970
-0.00494144
-0.02785999
0.01122051
-0.04299527
-0.02919324
0.05236043
0.08060421
-0.00446898
-0.12469909
-0.05361734
-0.05969453
-0.08375650
0.09572271
0.03577455
0.12285982
0.19125341
0.25234085
0.00111965
-0.00846694
0.06458671
-0.02758975
0.12291998
-0.14202371
-0.08688536
-0.09491973
-0.15774643
0.07112964
0.02983793
-0.09507250
-0.16973998
-0.16966391
-0.13504560
-0.18434638
-0.04887961
-0.13510908
-0.12637585
0.06283750
-0.03018123
0.03004459
0.08115109
0.16147764
0.19788329
0.01755869
0.04763425
-0.00618100
0.01024968
-0.22281131
-0.08046720
-0.17070808
-0.04350294
0.05316083
-0.01074516
-0.03887227
0.08843131
0.13599606
-0.18442594
-0.04365820
0.18185855
0.08630447
0.08182313
0.01344288
-0.09600604
-0.05199153
0.14436084
-0.04703082
-0.07926292
0.02710756
-0.06563541
0.10582146
-0.03380166
-0.05816435
0.02433648
0.00722630
-0.00440591
0.06475348
-0.13913995
0.01399768
-0.00240179
-0.03591396
-0.00466734
-0.01712076
-0.12528981
-0.12578018
0.09129452
0.09756690
0.09009383
-0.21882102
0.19929972
0.12481044
0.01215867
0.02524821
-0.12533399
0.05185690
0.11867421
0.02053255
0.06235613
-0.28760841
-0.06431164
0.03782854
-0.10528130
-0.10184508
-0.13968749
-0.17258127
0.08630846
-0.01701690
0.09661791
0.05494501
-0.07616721
0.03543047
0.00269516
-0.15223005
-0.08085988
-0.13153011
0.10029237
0.04448732
0.12982272
0.16495784
-0.09891683
0.05124785
-0.03282874
-0.11016489
-0.05382625
-0.09660950
-0.16522640
-0.10822603
-0.11202701
-0.07421799
-0.01575497
-0.20602055
0.00974159
-0.16484137
-0.14432415
-0.13790058
-0.11137621
0.03258589
-0.16803591
0.08312017
-0.01774732
-0.13744591
0.05190013
0.09110552
-0.09342864
0.05463609
-0.04397772
0.07732104
0.16753837
-0.03192498
0.01690953
0.15197502
-0.05949188
-0.05337846
0.11502201
-0.08962851
0.09345026
0.01832046
-0.22066590
0.05158325
-0.16649121
0.16962586
0.07965643
-0.05294197
-0.11742805
0.01391441
-0.21253601
0.14475662
0.10269123
0.04135989
0.02547824
0.11122577
0.03469275
0.02495757
0.08246543
-0.05260102
0.06650269
-0.05507396
-0.01586080
0.22430868
-0.07245740
0.01432242
0.01197837
-0.09816332
0.14113729
-0.11463345
-0.17788063
-0.16007479
0.00770052
-0.09236460
-0.06847139
-0.02906371
0.03026759
-0.10780198
0.04360393
-0.06817549
0.08170402
0.04637003
-0.06345394
-0.01673788
0.02161500
-0.11088757
-0.09336698
-0.05553245
0.15987414
-0.00022098
-0.03643188
-0.03675010
-0.00377239
-0.19726686
-0.23244475
-0.25265306
-0.17299157
-0.13029137
-0.03452611
0.06828915
0.08709691
0.02705035
0.13794658
0.24170832
0.03065875
0.00565260
0.02714955
0.16082500
0.30214861
0.02562249
-0.00276403
-0.04826663
-0.16366996
-0.12639713
-0.15123850
-0.11459065
-0.11536334
-0.08323680
-0.15546063
-0.13089013
0.04012225
0.15774308
-0.09297436
-0.03180246
-0.10556631
-0.02853847
0.15502305
-0.14143611
0.02991067
0.09283238
-0.10619219
0.03820359
-0.09279245
-0.04350637
0.17414297
0.03976481
0.02562593
-0.07585314
-0.15832904
-0.07087771
-0.05329563
-0.11337840
-0.10136741
0.08109239
-0.02644279
-0.08943038
-0.04463288
-0.08555073
0.01095765
-0.21497232
-0.00312186
0.00977880
0.04127572
0.17878062
0.02715639
-0.01737684
0.01163684
0.07488278
0.19052216
0.08294494
-0.01032156
-0.01168759
0.02930106
0.04478868
-0.08108880
-0.09362821
-0.02960154
-0.06923608
-0.05327523
-0.04376796
0.03492606
0.08998498
0.16644977
-0.06821083
0.10503738
-0.10847490
-0.06254934
-0.03583950
-0.10667268
0.10827333
-0.03587015
0.10607339
-0.02884861
-0.15393864
-0.13151990
0.23609461
0.08079033
-0.10763542
-0.04032359
-0.04598869
0.00580632
0.01040309
0.10219862
0.04947848
-0.04485745
-0.09231772
0.04467666
0.17906623
0.18445526
0.06887747
-0.11459529
-0.02703489
0.12980571
0.14875333
0.03769205
-0.00246525
0.09407752
0.14043395
-0.09209550
-0.02174849
0.10756634
0.04001502
-0.00149645
-0.04317113
-0.08871207
0.18264450
0.06036639
0.05312585
0.00077090
-0.22097263
-0.18538725
-0.04800880
0.05017092
-0.00058536
0.05077830
0.09213467
-0.02821723
0.05498799
0.02009202
-0.13272357
-0.00700586
-0.03556730
0.04917245
-0.14875463
0.08454593
-0.01204732
-0.13442796
-0.14879319
-0.19106056
0.00547791
0.00640667
-0.02075060
-0.10530039
-0.08913361
0.03977329
-0.06145695
-0.06812826
0.09076060
-0.00012406
0.06611244
0.05753049
-0.08053840
0.10759878
-0.09237888
-0.10114621
0.14611080
0.17597857
0.04878778
-0.07049125
0.22104134
0.28830117
0.22380754
0.01538399
-0.11720920
0.20313418
0.11850214
0.09159095
0.02591106
-0.06147218
0.03585475
-0.10143052
-0.03029939
-0.12321955
-0.19138484
-0.04137151
-0.03162930
-0.08009910
0.03318093
0.04692399
0.02579104
0.01410192
-0.05533052
-0.11318398
0.03123188
0.07800676
0.07708841
-0.07982979
0.14939891
0.14421961
-0.08208261
-0.13287409
-0.23892462
0.45428273
0.35843170
-0.10268704
-0.02458661
0.01855831
-0.00753362
0.04603831
-0.02855785
-0.02509114
0.07973162
0.08363671
-0.01135536
-0.03540834
0.05246826
-0.01990503
0.10418171
0.04687715
-0.01764388
-0.15269439
0.03555704
0.00652144
-0.09787618
-0.00650533
-0.11326629
-0.09962049
0.08064865
-0.00574503
0.01326074
0.07891022
0.07397211
0.01205394
-0.11964410
-0.04982302
0.07667005
0.13134319
-0.01847416
-0.10630142
0.09585492
0.01164672
0.11061087
0.08846889
0.01412090
0.10924380
0.10564742
-0.01874971
-0.12016170
-0.11687797
-0.03988256
-0.14167792
-0.13833746
0.03801996
0.20615348
-0.29406983
-0.05640475
-0.06092641
-0.06608485
0.12448584
-0.03831116
-0.05348535
0.01614545
-0.00515504
0.00429478
-0.08055256
-0.04105626
0.08669665
0.07010860
0.06007291
-0.08161210
-0.04526372
0.21517932
0.15651952
0.18669882
-0.00559746
0.17475092
0.08082711
0.22770789
-0.09161627
0.11333180
-0.05007640
-0.02485483
-0.11436906
0.05077640
0.02244807
0.05133971
-0.00752976
-0.12438208
-0.01585633
-0.06547062
-0.04311491
0.09554340
-0.05020163
-0.03564803
0.22768086
-0.02648853
0.06188110
0.05518584
0.16434795
0.09437413
-0.21717416
-0.38796398
-0.17783535
-0.08319423
-0.10725176
0.03734961
0.07234740
-0.04115275
-0.27136275
0.04637912
0.01876674
0.15124360
-0.04279313
-0.20221175
-0.02762484
0.00444118
0.16794772
0.09820231
-0.04631520
-0.15213712
-0.05878395
0.09753362
-0.00506321
-0.12015994
0.01211644
-0.05132477
0.02920015
-0.16094755
0.07601828
0.07443633
0.03606549
0.15541723
0.05037029
-0.00436408
-0.05957832
-0.03278746
-0.16171730
0.03948889
-0.10434816
-0.03311170
-0.12336294
-0.09016635
-0.09872124
0.09533481
0.04559533
0.05653011
0.07679988
-0.20016012
-0.32448375
0.14092663
-0.00795349
-0.19093189
-0.05241191
-0.14088249
-0.07147489
-0.12961280
-0.04006614
-0.03948625
0.06350827
-0.02075188
-0.02082753
-0.10152328
0.09425305
0.13653930
0.04955481
0.00314490
-0.01545851
-0.13868470
0.09686729
0.03729578
0.03360549
0.00426943
0.07585766
0.12400240
0.03159757
-0.01329171
0.04364019
-0.03412583
-0.11034989
-0.02774458
0.09357504
-0.07989523
0.07784468
-0.02424695
0.14263751
-0.01017867
0.07037093
-0.06658297
-0.00501207
0.06231087
0.05135319
0.04376579
0.04971072
-0.04925645
0.10658881
0.01965429
0.08008145
0.05931620
-0.13902089
-0.10396583
-0.02256491
-0.08693983
-0.04010417
-0.10992166
-0.01193225
-0.04210162
0.00176181
0.05989425
0.17415184
0.01275664
0.05891733
0.11462703
0.12287979
0.05312330
0.04749820
-0.02423239
-0.13396028
-0.08612476
-0.09389731
-0.03896919
-0.04715588
-0.01036124
-0.07766398
-0.19154179
-0.14054927
0.00736631
-0.07642297
-0.04738719
-0.06602923
0.18946524
-0.07348707
0.00745473
0.13524677
-0.06208063
-0.03731733
0.05408738
-0.00233642
0.02693971
0.08597798
0.00983647
-0.02876495
-0.03264975
-0.01308781
0.02342628
0.08120742
0.07314353
-0.13885634
-0.22085315
-0.09051134
-0.05908050
-0.13963147
-0.01854945
-0.10500135
0.15182681
-0.02206523
-0.08781441
-0.05032944
0.05839673
0.16682515
-0.11336687
-0.06012241
0.08536117
0.03467639
0.02012496
-0.03277842
-0.04707085
-0.05281300
-0.00652061
-0.00230202
-0.11569951
-0.02144852
-0.07296522
0.00624442
0.01118027
0.04842467
0.00762757
-0.04131484
-0.06177984
-0.07573699
-0.02178692
-0.00357865
-0.08584850
-0.02014453
0.00486649
0.06999509
0.06700016
-0.23390116
-0.15589178
0.06052034
0.02481889
0.04525184
0.06546148
-0.10956131
-0.03758905
-0.11360525
0.18607426
0.13289073
0.28452128
0.15189171
0.08994918
-0.01376522
-0.02114250
0.19487563
0.16297749
0.11341179
0.00608481
0.08783034
0.02857719
-0.01704017
0.00405732
0.10221807
0.12795447
-0.19730820
0.01496311
0.09393734
-0.03742156
0.03083655
-0.16043532
-0.13162233
0.04750289
0.06182250
-0.02681080
-0.24916419
-0.08164760
-0.04247281
-0.12835082
-0.28687462
-0.14432672
-0.04773354
0.09130802
0.05321323
0.05039913
-0.10224432
-0.04306712
0.05673686
0.06059227
-0.03790975
-0.27554503
-0.05307559
-0.09989234
0.09307285
0.16861258
-0.10605476
-0.18071824
-0.06217853
0.13630952
0.11784698
-0.17693484
-0.21723889
-0.07661927
-0.06917411
-0.15648876
-0.30977380
-0.03849451
0.16978562
0.14794488
-0.01069925
0.14975812
0.06053802
0.10816668
-0.03783312
-0.06904148
-0.03773159
-0.03601619
0.05998332
-0.10863375
0.02063446
-0.14171658
-0.06027230
-0.00927457
0.11631780
-0.12404755
-0.14710377
-0.15237476
0.07211205
0.06399082
-0.01551009
-0.09405802
-0.15045856
0.15245859
0.10560736
0.26289511
0.14387858
0.02683439
0.06243104
0.08213598
-0.00254577
-0.02330405
-0.05468880
0.04860771
0.04408739
-0.14807911
-0.11345686
-0.18241292
0.01011959
-0.08460192
0.03662748
-0.08420657
-0.33530951
0.03291262
-0.05294504
-0.08093815
0.02258468
-0.16303720
-0.02137859
-0.06449171
-0.08361504
-0.02135566
-0.01282714
-0.20248011
-0.01303808
0.02096459
0.05412335
0.20250070
0.00555502
-0.03904656
0.05144459
-0.03039473
-0.06325839
0.04331639
-0.03039685
-0.02453164
-0.07522686
0.05534582
0.08374899
0.10939810
-0.09082080
0.06335619
0.05912502
-0.16885313
-0.07155293
-0.17476952
0.06554478
0.34043398
-0.01176812
-0.06148091
-0.05563874
0.19849350
0.18591812
0.05757643
-0.04858050
-0.05500124
-0.07932847
-0.11382097
-0.01150612
-0.07240340
-0.07502039
-0.19848759
-0.00017505
0.00328615
0.13020384
-0.12424970
-0.02244457
-0.09448988
0.05806781
-0.01528190
0.05151425
-0.03946082
-0.17915036
0.03638404
-0.00838164
-0.14496541
-0.10280540
-0.14095779
0.03476356
0.12245353
-0.04459534
-0.11870208
-0.20947604
0.08318825
0.08237928
0.01941136
-0.00902266
-0.09635802
-0.07380192
0.03963395
-0.09888732
0.15425260
-0.02337115
0.06795494
0.05576942
0.08914399
-0.07937163
-0.06702971
0.15416367
-0.03689976
0.10605979
-0.00725235
-0.02043005
0.09046685
0.03207980
0.02770962
0.01837215
-0.14951743
-0.12873331
0.01154373
0.03469336
0.04048188
-0.18526165
-0.01538892
0.22110848
0.03963156
0.06035660
0.07743703
-0.04049081
-0.24748960
-0.06734515
0.09465797
0.01687949
-0.19185385
-0.11455922
-0.03229944
0.18903083
0.19349445
-0.08224726
-0.04355491
0.00983965
0.07856334
-0.03997989
-0.07628246
-0.15805610
-0.00851026
0.12366790
-0.23504114
-0.04340458
-0.06475379
0.12221349
-0.04719062
-0.32853314
-0.20427135
-0.05352461
-0.30744007
-0.04808024
0.16807349
-0.03247038
-0.04666701
-0.05624956
0.06775169
0.05178560
-0.01273930
-0.00822901
-0.16765845
0.11480435
-0.21811369
0.06530222
0.07795815
-0.02903132
-0.13405114
-0.01310950
-0.07549873
0.14917013
0.12865359
-0.22119845
-0.19822592
0.04668649
0.13368627
-0.18539576
0.06427344
-0.12919912
-0.02474517
0.05217696
0.01918328
-0.04947133
0.07406758
0.04533264
-0.03217968
-0.16947368
0.03148508
0.11298532
0.03920932
0.02913336
-0.04812624
-0.14031509
-0.09950869
0.03068885
0.10809419
0.02471289
-0.08889455
0.10190345
-0.22470981
0.01974563
-0.02227090
-0.03906211
0.06053990
-0.06498563
-0.07322152
-0.11563875
0.06602309
0.13582742
-0.01734546
0.09687810
0.20666255
-0.00091909
0.05511518
0.17163649
-0.05473482
0.02414320
-0.02758758
-0.01369047
0.00986777
0.01520711
-0.05784893
-0.17582282
-0.11468098
-0.07296506
-0.06008653
-0.31001735
-0.08841155
0.01957131
-0.01373603
-0.01689195
-0.08343401
0.10507240
0.30298755
-0.01975136
-0.05666223
-0.02172358
0.20025769
0.07048107
0.07687619
0.00039162
0.09588006
0.05723421
0.04206541
-0.14614207
-0.10412880
-0.06369171
0.01529683
-0.10911965
0.03742662
0.11006941
0.00225674
0.01207874
0.14618647
-0.04873820
0.06391621
0.00942514
-0.11356199
-0.02649703
-0.14331983
0.02995012
0.04410160
-0.28243044
-0.18536453
-0.17495838
0.12488495
0.07388723
-0.18907975
-0.13181324
0.00394392
0.05151793
-0.07775890
-0.14484520
-0.10470235
-0.31363100
-0.28101701
-0.19347307
0.02166560
0.08495631
0.04579367
0.01497846
-0.02830411
0.20710866
0.32224426
-0.06565831
0.00844566
-0.00489370
0.09429123
0.04812688
0.05895982
-0.09484845
-0.04431919
0.11785022
-0.01461803
-0.12348711
-0.09479887
-0.07698559
-0.00466211
-0.09213761
-0.07505328
0.18352985
-0.05319969
0.14385970
0.00035729
0.03226468
-0.08849259
-0.10855462
0.01547430
-0.20074567
0.09057888
-0.01972224
-0.15590753
-0.07643569
-0.12132806
-0.13198313
0.11304683
0.08693385
-0.15152754
-0.12689462
-0.04634725
-0.01046367
0.05610742
-0.14213589
0.03610719
0.11039896
0.07613985
0.05223095
0.28911668
0.17111193
0.05252519
-0.05477394
0.01554200
0.09824286
-0.06556118
0.01315812
0.04448206
-0.02951805
0.04614022
0.02762372
-0.15495811
0.07798021
-0.13927524
0.00728167
0.06542651
0.01451374
0.17356290
0.12022871
-0.03718067
0.02122763
-0.16322963
-0.00151718
0.02187110
-0.19449340
-0.16430399
-0.05929643
0.06844397
0.09906010
0.00490608
0.01905745
-0.04315623
0.00408183
0.14206469
0.03609728
-0.16565101
-0.01792878
0.05944196
0.12163594
-0.09372529
-0.22278842
0.01964623
0.24739338
0.12377778
-0.04958339
-0.17273977
-0.04677068
0.13278362
0.07531647
-0.16482820
0.05595107
0.01205182
0.15423721
0.06560463
0.08738501
-0.00174439
-0.08566575
-0.13740598
0.15041508
0.11947768
-0.03733967
-0.05180445
-0.10107890
0.05641558
0.01715654
-0.06932350
-0.04892174
-0.08290890
0.04716374
0.03704086
-0.12403835
-0.02936647
0.04912205
0.00005434
-0.00311255
-0.08335143
-0.23161274
-0.04049251
0.12696606
-0.05077753
-0.10836788
-0.11194100
0.04367456
0.33359885
0.01204336
-0.22205956
-0.08889451
0.17289364
0.17920537
-0.03727268
0.05742607
0.05745261
0.09570805
-0.01932893
-0.06771290
0.01183975
-0.11699316
-0.12553716
-0.14093691
-0.20608492
-0.11277696
0.06438635
-0.08355979
-0.25599977
-0.01466820
-0.05004551
0.14200975
0.05444290
0.02108017
-0.09732940
-0.02002008
0.01720762
-0.04937860
0.03680601
0.03611788
0.06886420
0.07849357
0.04054978
-0.05137777
0.23966973
0.21369572
-0.28518814
-0.07395130
0.12587482
-0.01521146
0.02053587
0.07690246
0.04356327
-0.04268243
-0.10878408
0.23296677
0.14891374
0.10387534
-0.07729297
-0.05491873
0.12235250
0.17493027
0.11677679
-0.05816878
0.00940522
0.05929863
0.04970352
0.24848247
-0.04266366
-0.24048743
-0.06710701
0.18654732
0.19226447
-0.11584141
-0.00771738
-0.13306877
0.09727373
0.07832859
0.10482958
-0.04025466
-0.14735050
0.10548340
-0.09347845
0.04629777
0.00528602
-0.07849322
-0.28453645
-0.02986842
-0.06370777
0.02858437
0.02251854
0.04169431
-0.01898851
-0.09388904
0.05437713
0.11789494
-0.18054013
-0.06717862
0.01642688
0.08446831
-0.03561452
0.00089139
-0.17099237
0.01112667
0.10416604
0.03228644
0.05370722
-0.03082882
0.07268473
0.01513333
-0.05375709
-0.06608571
-0.08888320
0.02236593
-0.02117196
0.10362115
0.03878530
-0.05962191
-0.00992739
-0.09735665
0.07073969
-0.31718177
-0.21276514
-0.00011468
0.07498432
0.03334453
-0.10297681
0.18660443
-0.22050801
0.06442215
-0.10000659
0.24461105
0.21300729
-0.03896715
-0.05450193
-0.08096662
0.03605099
0.09033503
-0.00657910
0.16954499
0.14818443
0.16245386
-0.06291261
0.01344609
0.05678232
-0.04024806
0.08404979
0.19580112
0.21392654
0.11599746
-0.01927154
0.05967717
0.18226703
0.25506195
-0.05298309
-0.09525376
0.03091433
0.08637094
0.06226619
0.19981730
-0.03967234
-0.00126688
-0.04190125
-0.04380636
0.07638004
0.04954041
-0.13468304
0.07868017
0.11332675
0.11294735
0.07329816
0.05562455
0.13629729
-0.07858277
0.11830493
-0.02287185
0.11417834
-0.00956522
-0.08380609
-0.09465719
-0.14210507
-0.00313172
0.08064545
-0.06403752
-0.27584437
0.00760422
0.04298013
0.08290857
0.03122561
-0.04652739
0.01874540
-0.16849557
-0.16940409
0.05249944
0.11691477
0.09558564
-0.28576279
-0.10750774
-0.02006468
0.03113401
-0.09562337
0.00775978
0.06471878
0.12168393
-0.14812402
-0.00020134
-0.05217407
0.12745102
-0.17634627
-0.04001239
0.12005975
0.09841444
0.11603950
0.04473904
0.09326398
-0.01945360
0.22155899
-0.00495088
-0.11076955
-0.08510364
-0.08455820
-0.14577626
-0.09994786
-0.20582105
-0.09769960
-0.04759940
-0.03466002
0.00702092
-0.20069219
-0.11723764
-0.04643941
0.07558534
-0.07838544
-0.24970992
-0.04864676
-0.00581014
-0.00184336
0.03162373
-0.05767737
0.05971920
0.15447226
0.11301410
0.07308193
0.00977271
0.06903095
0.13598898
-0.11211933
-0.00997871
0.00193399
-0.08767565
0.06842512
-0.24379137
-0.09517277
0.13152324
-0.01884161
0.06838603
-0.09375886
0.00592602
0.01070852
-0.08841380
-0.02074927
0.08385794
0.06469170
-0.06556100
-0.29534790
-0.05142751
0.16986136
-0.03173765
-0.06462854
-0.13990833
-0.03638893
-0.03692681
-0.04228649
-0.06880426
0.13618426
0.05834753
-0.01502620
0.01616689
-0.14291675
-0.15843105
-0.17633751
0.06259305
-0.02063571
-0.29330638
-0.18088192
-0.15795177
0.10122961
-0.07308915
0.00883702
0.03884249
0.09169045
0.01911139
-0.01116356
0.13432156
0.19388407
0.20399392
0.04712131
0.11762467
0.14518142
0.05006995
0.00875061
0.02320728
-0.03400883
-0.26320639
0.02022475
0.09387316
-0.05183895
-0.15257199
0.12738647
0.03933377
-0.07988866
-0.09578573
-0.07505167
0.12329847
-0.17729215
-0.03710026
0.07490236
-0.18802251
-0.22848806
-0.33052167
0.00787046
-0.16643400
-0.02782743
0.10983552
0.25826803
0.30534360
-0.04207012
-0.05392798
-0.05991935
0.04772193
0.20195077
-0.05267796
0.01885720
0.06133852
0.01763972
-0.08752999
-0.05759059
0.11279738
0.09092468
-0.04863989
-0.09488869
0.17317875
0.17373106
0.12349071
-0.12356668
-0.22582188
0.09334372
0.04233395
0.15867239
0.10640389
-0.10900695
0.04993469
0.00876422
-0.03689036
0.00559427
-0.00995351
0.01093874
-0.13838407
0.02718709
0.03356926
-0.00754256
-0.13144843
-0.19555686
0.04815067
0.11016379
0.01948715
0.17428781
-0.05311239
-0.00258571
-0.03965992
0.01222181
0.07927274
0.29827952
0.19384430
0.05464951
0.09183919
-0.06100756
0.02560978
0.01900599
-0.03382755
-0.05254950
-0.13564058
-0.00380187
-0.10375012
0.09818140
-0.03977132
0.05716687
0.19661802
0.05994991
0.00968454
-0.10937680
0.16533627
0.21236043
0.07103731
0.00717865
-0.04420755
0.01521687
0.00050513
0.03635943
-0.00211596
-0.03413000
-0.05976022
-0.07060795
0.03602563
-0.03277536
-0.03637330
-0.08322944
-0.03326833
-0.02619011
-0.00888642
-0.04691631
-0.09276342
-0.07299121
0.05505644
-0.01738722
-0.07666794
-0.06787116
-0.03051337
0.02691301
-0.06174744
-0.07229629
0.01735125
-0.04384584
-0.07350376
-0.00016245
-0.05634043
0.02523209
0.00569164
-0.01493391
0.04330335
0.00567659
-0.02299391
0.04510364
0.02979211
-0.04054627
-0.00994016
0.04808719
0.02005476
0.01502913
-0.05777295
-0.07312950
0.03033326
-0.00492631
-0.05470466
-0.01480433
-0.05136545
0.01073302
-0.00876755
-0.03124748
-0.00632491
-0.05567659
0.02061191
0.01846469
0.01103290
0.03881678
0.04546463
-0.00984269
-0.03743402
-0.04174907
-0.02310372
-0.00697538
-0.03495705
-0.03077277
-0.04843209
-0.03359007
-0.04622170
-0.07547319
-0.06088872
-0.04966152
-0.01118408
-0.07257506
-0.01613368
-0.00049194
-0.05074192
-0.03127877
0.02031557
0.04273580
0.03463493
-0.00810308
0.02666949
0.00137589
-0.02201270
-0.00971459
-0.01767698
0.01690607
-0.03069376
0.04114746
-0.00385175
-0.03930935
-0.09035135
-0.02465453
-0.02762112
0.00067989
-0.04298649
-0.07921698
0.03745947
0.03946092
-0.03561256
0.03831005
-0.05830642
-0.02525350
-0.00257415
-0.03250508
-0.00457881
-0.06569380
0.01685454
-0.00280474
0.01712469
-0.05070009
-0.06478524
0.03449130
-0.05753480
-0.04186976
-0.06959336
-0.04813784
0.00088092
-0.01747562
0.00408868
-0.01179372
-0.03353609
-0.02513466
0.01470415
-0.01235418
-0.02139643
-0.02212381
-0.04418280
-0.00942898
0.00136627
0.03146568
-0.02070379
-0.02080663
-0.01417418
0.02937251
-0.05594165
-0.00429647
0.04179534
0.01364469
-0.01550352
-0.01035167
0.01034476
-0.05855099
0.02689137
-0.04333725
-0.05626450
-0.03250302
-0.04496723
0.02842247
-0.02271528
0.00150344
-0.01116456
0.00681456
0.01185049
0.00304303
0.00689019
-0.05596123
-0.00659921
-0.06734398
-0.06451600
0.02385294
0.01499705
-0.02333209
-0.04285016
-0.06271166
-0.01499149
0.03079745
-0.01818507
0.00401749
-0.06826166
0.01274074
-0.03340804
0.03183739
-0.00513359
-0.03255039
-0.06837153
-0.00989298
0.04518050
-0.04168636
-0.03901685
-0.03694639
0.01998974
-0.03174165
-0.06384479
-0.02591937
0.01076073
-0.01870931
0.01955171
-0.00607588
-0.02994437
-0.01389304
0.02560349
0.00981625
0.01036434
0.00548503
0.01996421
0.00551193
0.02481509
0.04251882
-0.02425602
-0.06346808
-0.03284391
0.00301723
-0.03950159
-0.06486112
-0.07863134
-0.01113514
0.03070221
-0.01063662
-0.04794128
-0.05755863
-0.06614918
0.03817235
0.03180704
-0.04040728
-0.05019685
-0.01961052
-0.06438170
-0.03604202
-0.06993758
0.02088029
-0.00937285
0.01891746
0.02444965
-0.00684720
0.01831221
0.05928934
-0.02435499
-0.04265154
-0.00787527
0.00794829
-0.00726501
0.00726643
-0.04512106
-0.03728184
0.02331116
-0.02406753
-0.02574333
0.00318572
-0.00802980
-0.03996123
-0.05673357
0.00709661
-0.03607193
-0.02410205
-0.00544645
0.01391770
0.00425768
-0.04244975
-0.05751083
0.00607841
-0.01300659
0.04314615
-0.01303690
0.00458624
-0.05695733
-0.02921201
-0.01325870
-0.04039034
0.01972712
-0.02327103
-0.02011386
0.02709518
-0.00780250
-0.06194892
0.02074932
0.01638858
-0.02346525
-0.00055452
-0.07753183
-0.00492159
-0.00101192
-0.04860276
-0.05442059
-0.04088995
0.04895241
0.02522545
-0.01119485
0.02998586
-0.01636580
0.02619128
-0.01989480
-0.01987947
-0.02735957
0.04076856
-0.03701171
-0.00154042
0.01969967
0.02210404
-0.07132178
-0.03272860
-0.01211296
-0.02026230
0.01685412
-0.02321987
-0.01650014
0.03008881
-0.05599736
0.01879220
0.01442216
-0.06037990
-0.01238109
-0.02369825
0.00402936
-0.03836583
0.02486685
-0.05441068
-0.03803401
-0.01505142
-0.09971648
-0.00612273
0.03540364
-0.04236760
0.00774065
-0.02612142
-0.02501997
-0.06324431
-0.06891906
-0.03063926
-0.02333399
-0.02540935
-0.02412134
-0.05070208
0.00343636
-0.02046116
0.02416096
0.04399209
-0.02949366
-0.03817461
-0.03350949
-0.08320978
0.02065314
-0.04139093
0.00176242
-0.05085693
0.01625296
-0.00229899
0.00018574
-0.05180179
0.00901471
-0.05831583
0.01436709
-0.01378850
-0.07021310
-0.03423094
0.02912395
-0.05318698
-0.08144336
-0.03761676
0.00882744
-0.04150002
-0.05512922
-0.06143831
-0.00037600
-0.03750528
0.00163983
-0.06370128
0.00093642
-0.01612228
0.00323306
-0.08731634
-0.06041332
-0.04589112
-0.04479595
-0.02498804
-0.02054593
0.00262237
-0.00488131
0.00021139
-0.01244308
0.02081581
-0.02353870
-0.01081856
-0.05258001
-0.05104380
0.01951267
-0.03192225
-0.05252078
-0.09219049
0.00168789
0.04399448
-0.00563055
-0.02948803
0.01655739
0.01570660
-0.03314665
0.02195618
-0.01411072
0.01621999
-0.02820583
-0.06698252
-0.00741844
-0.05590776
0.01208341
-0.00497466
-0.02314974
0.00678815
-0.03426679
0.04785963
-0.09475781
-0.01273471
0.00889107
0.18872657
-0.07718883
-0.04095688
-0.03917222
0.10119921
0.11584477
-0.06857061
0.03626444
-0.05891273
-0.08195676
-0.08685017
0.06201756
-0.01672675
-0.06983260
-0.05707783
0.04697006
0.06025732
-0.05149475
-0.20849575
0.00677264
0.17240269
-0.08814378
0.00415327
0.13587579
0.04741294
0.02299783
-0.11048265
0.01410557
0.19095472
0.00319212
0.00474997
0.14149019
0.10191159
0.01683507
0.06479032
0.01353620
-0.10247108
-0.09701484
-0.22207111
0.05772299
-0.02403665
0.06923552
-0.09552324
-0.14997211
-0.00748866
0.09952711
0.05581582
0.08492742
0.01801206
-0.08255311
-0.33539101
-0.05922721
-0.12423431
-0.13075794
-0.04007103
0.05016198
0.10794864
0.03944599
0.12135439
0.15076858
0.05442576
0.06896216
0.13056442
0.04462034
0.11518583
-0.08441784
0.01714458
-0.03483003
0.09232301
0.09510776
0.04425577
-0.30358914
-0.19118908
-0.00047078
0.01881582
0.03194429
0.16170239
0.06196514
0.17822962
-0.01568923
-0.07621332
0.11675213
0.06025597
0.02786263
0.04797947
0.02943094
-0.05762810
-0.12546358
0.03827251
0.09371945
0.08182635
0.07865234
0.03588214
0.01362361
0.18808746
0.07819710
0.03154986
-0.07741202
-0.00437003
0.10894450
0.04909748
-0.07727297
-0.02369566
-0.01000821
-0.09079487
-0.10143124
-0.04373177
-0.00221866
-0.00714403
-0.01503459
-0.03577165
0.18936189
0.12899311
-0.01626488
-0.02843795
0.19932191
-0.01638491
-0.13650025
-0.11772852
-0.05038303
0.12489070
-0.11314547
0.00375314
0.07321124
0.05709645
-0.05839614
0.00551201
-0.15160134
-0.00714950
-0.06721720
0.00307254
-0.11184384
-0.05699397
-0.02932836
0.02638631
0.00873009
0.32883418
0.11989813
0.05487097
-0.03975011
-0.08075996
0.17234762
0.11927669
0.04996696
-0.07947692
0.04361895
-0.01013775
0.09310833
0.02383905
-0.02180478
-0.13735904
0.12967981
0.16557899
-0.10329377
-0.26290992
-0.10417824
0.01347491
-0.15232524
-0.04223277
-0.09936851
0.17714028
-0.09491771
0.08768947
-0.12336520
-0.01364978
-0.06288471
0.08072610
0.03789445
-0.06549935
0.04071873
-0.06813492
-0.04043753
-0.00575873
0.09638911
-0.09862559
0.12992103
-0.04579311
0.13626221
-0.05487365
-0.10961375
-0.07734974
0.03541801
0.07934739
-0.02459437
-0.00624254
-0.22588789
-0.03535485
-0.04772250
-0.18765040
0.00056515
0.02319831
-0.01529702
-0.17279854
-0.03783536
0.16519126
0.14850403
0.17939833
0.08391223
0.10996671
0.15017796
0.09055379
-0.03614665
-0.07744981
-0.10594066
0.05474839
0.09348255
0.04452395
0.01283544
-0.03187682
0.09763452
0.09174296
0.23440960
0.00296212
-0.01484508
0.03331069
-0.04658285
-0.16390982
-0.00122317
0.09162863
0.03332630
-0.08965460
-0.02522503
-0.08678117
0.02140900
-0.02944048
-0.04453801
0.10644488
-0.00333303
-0.00022048
0.06131852
0.00329249
-0.06102759
-0.02298092
-0.03599127
-0.05274958
-0.00296219
-0.07726582
-0.12872067
-0.16453293
-0.01406089
0.04678071
0.01195674
0.05486419
-0.04436494
-0.07505669
-0.00865947
-0.14149985
-0.16251941
-0.28767493
0.08060392
0.13493726
-0.18743324
-0.06992450
-0.09409307
-0.02381548
0.23732010
0.00743582
0.00798596
0.11029998
0.04863182
0.07023326
0.03142623
0.01629056
0.09000737
0.06751655
-0.15540491
-0.05054341
-0.10342025
-0.03596330
-0.06735649
0.07794104
-0.00727226
-0.01780319
-0.02357077
-0.09741820
-0.14327860
0.10692411
-0.03222499
0.04016325
-0.03374260
-0.06162699
0.02749597
0.05470544
0.06697742
0.08806318
0.16830932
-0.07299089
0.10558240
0.04157124
-0.14185898
0.03118124
0.01687231
0.18240499
0.05973306
0.00300053
0.06916852
-0.14029765
-0.06498057
-0.19544619
-0.16359414
0.13139458
0.05292974
0.26088643
0.10616914
-0.25028968
0.16647883
0.00496105
-0.09102940
-0.29526484
-0.11229099
-0.01806945
0.01615934
0.04866286
-0.11561801
-0.00823629
0.03636031
0.15108706
0.26161605
0.09706193
0.16953503
0.05924542
0.16754386
0.02418010
0.02396713
-0.26922947
-0.35777593
0.04295811
0.13955830
0.05570136
-0.04312462
0.03393060
-0.03998397
-0.11930748
-0.01223765
-0.06630915
0.11090675
0.10087109
-0.00647409
-0.01708929
-0.02275628
-0.08700457
0.04770973
0.07709723
0.01442568
-0.16645414
-0.10310310
-0.07200725
0.02376243
-0.09144120
0.06963741
0.06131114
-0.06583500
-0.08730083
-0.02803977
0.04942383
0.05204920
-0.15590459
-0.09483245
0.09798897
0.08738906
0.06240150
0.00790371
-0.04331248
0.05942057
-0.03279530
0.01813539
-0.03687388
0.04578995
-0.12191780
-0.15871111
0.05479813
0.14996417
-0.29137167
-0.30959210
-0.17709506
-0.06665387
0.08838988
-0.15975426
-0.08830278
-0.17538399
0.07720073
0.05485166
-0.08324020
0.06637362
-0.02642597
-0.02555840
-0.11761268
-0.19396603
-0.04394469
-0.07528967
-0.00612735
0.11704890
-0.05271919
-0.08546651
-0.12577727
0.01359259
0.06751820
0.03270238
0.05355248
-0.00592785
-0.02268617
0.00170010
-0.12790088
-0.10373732
0.01595870
0.19477807
-0.21305105
-0.03718174
0.08564297
0.03095766
-0.12863892
-0.07917435
-0.07858764
-0.14882885
-0.30105510
-0.31542382
-0.00270059
-0.06508784
-0.02444344
-0.23322894
-0.19075567
0.13474348
0.01809964
-0.03299643
0.07584657
-0.09676405
0.02185527
0.00946571
-0.03623125
0.09147052
0.19716078
0.05618306
0.13088441
0.11402117
0.05993654
-0.10560852
-0.08184594
-0.05344778
-0.17002158
-0.13139512
-0.20238385
-0.15317866
-0.28971627
-0.17405164
-0.08904996
-0.11637093
-0.20136951
-0.10442083
-0.07003909
-0.04908777
0.09393872
-0.07064185
-0.03405800
-0.07961382
0.18142416
0.20051229
-0.10871115
-0.11402779
-0.00854983
0.04187929
0.10411551
-0.01922397
0.04570477
0.23348065
0.07253065
0.11803118
0.20354590
0.21384291
-0.01618929
-0.13091794
-0.17332242
0.25716957
0.16960312
0.03207553
0.08044759
0.01736286
0.10324216
0.02655502
0.05123962
-0.06308435
0.09023919
0.19227239
-0.01868557
-0.13827080
-0.26746434
-0.13803811
-0.07048223
-0.22300014
-0.26103511
-0.22263683
-0.07896124
-0.30734757
-0.24080370
-0.34968662
-0.34848070
0.04744122
0.06516086
-0.14783154
-0.19492310
-0.19834733
0.00587707
-0.02760097
-0.06969608
-0.06702694
-0.10905654
0.31612992
-0.02881743
-0.13753849
-0.03050186
-0.24239312
0.11813031
-0.15699856
-0.14515322
-0.08888458
-0.12530062
-0.16276528
0.13836920
0.17001154
0.10888907
0.03381471
0.05257601
0.03840915
0.02734746
-0.00662324
-0.10161155
0.04085381
0.03732853
-0.14672455
0.04262433
0.08495335
0.25847003
0.11976519
0.00131642
0.09414230
0.11705005
0.14238398
0.01098801
0.06739696
0.01119873
-0.19190894
-0.07699297
-0.06583887
0.05306634
-0.02681059
-0.17493080
-0.27109647
0.06767693
-0.09959049
-0.00077378
-0.14651082
0.10930336
0.06333213
0.00812604
-0.06193159
0.02233605
-0.12016592
-0.05855341
-0.08064673
0.01791297
-0.02247906
0.02980010
-0.21776341
-0.02543266
0.03166215
0.02840549
0.18258552
-0.20538193
-0.11379547
-0.22409952
0.07515580
0.20745368
0.16410160
0.03083337
-0.09686666
-0.04929078
0.05472349
0.17236817
0.00909675
0.09962814
0.06659182
0.13235982
0.07632383
-0.00774554
0.11522075
0.13555416
0.00507499
-0.12884441
-0.00783912
0.02488536
-0.02732733
-0.13365006
-0.22035210
-0.19339502
0.04671089
-0.04840763
-0.10063346
-0.14994536
-0.09805130
0.01871749
-0.04666996
-0.13974614
-0.19858873
-0.03464381
-0.04366253
-0.08953444
0.14941871
-0.11343977
-0.16229415
0.19843908
0.05309794
-0.09105397
-0.09540871
0.03743614
0.04226703
-0.12681229
0.00473751
0.10746167
0.20689149
0.14841029
-0.16772793
-0.13050701
-0.03806935
0.03871968
0.01170356
0.13754733
0.06108942
0.03421667
0.06756292
-0.04882547
0.01838909
0.01497580
0.05649352
0.09419025
0.08231976
0.20429671
-0.12626253
-0.01495739
0.02065632
-0.11604493
-0.06638715
-0.12350295
-0.22460169
-0.31318140
-0.19410555
-0.06613387
-0.07795986
0.05995399
0.04148205
0.11379439
-0.14502802
-0.02614760
0.01887046
-0.06493950
0.06463698
-0.00560801
0.07367820
-0.12954041
-0.05072615
0.02722605
0.07071004
0.10730173
-0.11460482
0.23264119
0.12714367
-0.07035886
-0.00805418
0.10360470
0.13498354
-0.23744270
-0.05695390
-0.15216003
-0.05797359
-0.09343266
0.05186961
0.10554290
0.11736365
0.07464719
0.11812055
0.02298147
-0.02555889
-0.09765612
0.09421635
0.08313771
0.06712831
0.13457426
0.02228017
0.09854954
0.01153246
0.07526573
0.11046858
0.04469200
-0.24913618
-0.16794465
-0.03717435
-0.07605664
-0.08173247
0.16535270
0.03880639
-0.06472737
0.04384401
0.10911348
-0.05554098
-0.03930381
-0.09019447
0.09254444
-0.02479233
0.00107821
-0.10640156
-0.00140003
0.01631205
-0.13445604
-0.18859328
-0.24944073
0.00105794
-0.07709357
-0.28192759
-0.23407303
-0.02944502
0.07574366
-0.10791790
-0.24781372
0.03485724
0.03673018
-0.14102846
0.00265771
0.01620447
-0.09844672
-0.10523568
-0.14396134
0.05066575
0.25147918
-0.18156694
-0.18390587
0.01050108
0.09296131
0.08874378
-0.04683466
0.16262299
0.05124121
0.20562972
0.12806299
0.15013973
0.14994135
0.15752584
0.20104988
0.13771395
0.29549661
-0.13999642
-0.27857056
-0.31470710
-0.12056089
0.04968241
0.02414717
-0.07520393
-0.14996216
0.14219879
0.14516617
-0.12419146
-0.03832968
-0.10360774
0.07104250
0.01299073
-0.01560616
-0.07103319
-0.15914896
0.11362988
0.11587876
0.08909731
0.05230481
-0.01768923
0.08768617
-0.23865198
0.09677932
0.21106340
0.16982225
-0.20387591
-0.15805131
0.02107056
-0.01992467
-0.12254900
-0.01538756
-0.10283890
0.03681172
0.08905735
0.09776435
0.13351852
0.09396411
0.07974458
0.16809794
0.14718492
0.08445834
0.00718578
0.15390353
0.10051902
0.02435934
-0.08225801
-0.16850653
-0.04622304
-0.26897016
-0.18161951
-0.32422864
0.04309161
-0.14362451
-0.14516495
-0.13582483
-0.33720422
0.06846007
-0.16091116
0.05165051
0.10052723
-0.13022725
-0.09359572
0.01619510
-0.00168812
0.09206925
0.05296687
-0.15607478
-0.06661862
-0.12885508
0.06117748
-0.04910506
0.01264524
0.06091944
-0.06989111
-0.01790928
-0.12129132
0.05026754
0.03088547
-0.09751156
0.04071322
0.19149075
-0.15158398
0.17623514
-0.00768170
-0.06067523
0.07393984
-0.01544098
0.03934401
-0.03157565
0.07548130
0.08313003
-0.01348510
0.01390584
0.06471789
0.04876502
0.09339827
0.08328803
0.14058737
0.05167660
-0.15309620
-0.07758767
0.09752328
0.09355528
-0.31227174
-0.35584071
-0.22896117
-0.01798284
-0.26251099
-0.10743459
-0.17092426
-0.22605076
-0.12742358
-0.03285006
-0.01596265
-0.23974127
0.01291802
-0.02065157
0.05703717
-0.02514655
0.10804310
0.07334488
0.01086903
0.08290184
0.10580885
-0.10078927
-0.16266677
0.00676174
0.02217009
0.10521745
0.00023712
0.07553755
-0.03667246
0.07460264
0.09763572
0.05838413
0.01081077
-0.07632922
-0.03389160
-0.01254875
0.01741735
0.05653224
-0.03594552
0.02653054
0.07920750
-0.00539802
-0.12956749
0.05178404
-0.01889955
-0.12566181
-0.16611946
-0.14709653
0.00051296
0.02577551
-0.09259941
-0.17528401
0.03511122
-0.10109533
-0.26842400
0.02827653
-0.03601601
0.01929084
-0.12885806
-0.14451848
-0.10568477
-0.06884036
0.03753804
0.02699041
-0.10853150
-0.17128015
-0.08070728
0.01720822
0.17489372
0.11929253
-0.03363680
-0.18616256
-0.13761659
0.24407461
0.07506143
-0.05711846
-0.03975438
-0.27615300
-0.03230892
0.04661486
0.00838801
-0.14104199
-0.20444208
-0.01627564
-0.05199205
0.01388466
-0.07617302
-0.04685614
-0.09617826
-0.10333408
-0.05542704
0.01819186
0.16369601
0.01154887
0.11985941
0.07417623
-0.16353449
-0.08777672
-0.03273149
0.06117593
-0.41843897
-0.29276016
0.11217487
0.08634736
-0.07544430
-0.01448410
-0.17566568
-0.07607161
-0.16145538
-0.09322112
-0.12104943
-0.09785648
-0.16527817
-0.14734375
-0.03655902
-0.02320636
0.03511267
-0.04331994
0.01755402
-0.07159983
-0.22314119
-0.11631615
-0.07073881
-0.01602406
0.05747821
-0.15868574
-0.13958040
0.13726062
-0.01096873
0.12261528
0.08026934
-0.04505621
0.20090073
0.02338770
0.11179481
0.17647636
-0.05567303
0.03016786
0.00357255
-0.00945347
-0.05670655
-0.21569894
-0.23634744
-0.12043622
0.01712713
0.08468613
-0.07464039
-0.16687243
0.04134991
0.14161402
-0.11507579
-0.11453879
-0.14966354
0.05252430
0.13998084
-0.02070728
-0.09829754
-0.00475632
-0.01158932
0.03514417
-0.01122318
-0.13068348
0.01437171
-0.14128558
-0.01055252
-0.06904576
0.06235192
0.11834046
-0.02009802
0.09169279
0.16373445
-0.01532785
-0.02544199
-0.10647112
-0.19059190
-0.12819885
0.07503274
0.12221954
0.10033018
0.06652087
-0.01428750
-0.01838784
0.12558702
-0.01016978
0.07726474
0.05249045
-0.01723618
-0.17152028
-0.06400331
0.05724273
0.08914416
0.21434203
0.17329742
-0.00437137
0.18667375
0.09312712
-0.14106457
-0.14218669
0.02255360
-0.02270667
-0.28809264
-0.23004365
-0.31240287
-0.16211812
-0.04882110
-0.26525211
-0.33544347
-0.05564203
-0.16396338
-0.34408331
-0.05289515
0.01748132
0.13367619
-0.06764132
-0.17028227
-0.05033204
-0.00450875
-0.02357988
0.03241881
0.13788848
0.06788050
0.10598264
0.14709179
-0.30835253
-0.22115886
-0.06625078
0.06409006
0.09735719
0.17105085
0.06052028
0.01644694
0.08917400
0.12930104
0.03761265
0.07161678
-0.02044454
0.00978946
-0.06511692
-0.03010261
-0.15447280
-0.17053513
0.03054189
-0.01058808
0.03503941
0.06700129
-0.14264914
-0.19643317
-0.07123482
0.08676050
0.08363771
-0.11716585
-0.10270690
-0.03923754
0.17243239
0.04791438
0.00712447
0.13163821
-0.09391520
0.01353590
0.07976741
-0.12934050
0.07242988
0.00409107
0.01433586
0.10948439
-0.02879869
-0.14764403
-0.04975418
0.04954198
0.07590017
0.01851484
0.22392982
0.15116253
0.12814541
0.03736365
-0.18882711
0.06044995
-0.05822390
-0.07790007
-0.23776984
-0.03522234
-0.13717303
-0.01298725
-0.13086003
-0.17331381
0.01691122
-0.18070200
-0.21031865
-0.16628613
-0.03072075
0.06760877
0.15583262
-0.13893652
0.19331175
0.03456561
-0.17523834
-0.17336290
-0.15284295
0.15541661
0.10965715
-0.16409312
-0.45568088
-0.29399160
-0.04314184
-0.13288403
0.00384664
-0.29727042
-0.17866011
-0.11235275
-0.09514993
-0.13638704
-0.18651412
-0.15414888
0.02997946
-0.11067704
-0.28746030
-0.06465697
-0.05768224
0.10349728
0.05095689
0.08625965
0.10239245
-0.00492527
0.06284976
0.08848587
0.03232016
-0.00800907
-0.22981758
0.17719007
-0.02504469
0.00045037
-0.32070509
-0.51156127
0.10143095
-0.09992649
-0.15609016
-0.10967720
-0.24767733
-0.16330649
-0.08074181
-0.19723070
-0.07075368
0.03885046
0.00783568
0.13040164
-0.24607611
-0.16795816
-0.12480494
-0.02620794
0.04929167
0.06178550
-0.18063229
0.10129207
0.00195279
0.05521180
0.00779238
0.05622778
0.27293885
-0.04450067
0.19744356
0.03305232
0.06433828
0.10715314
0.02357997
-0.08384090
0.00399607
0.15452255
-0.21122347
-0.21263011
-0.20470272
-0.34985763
-0.07435603
-0.01863769
-0.10104092
-0.28860372
-0.16889215
0.15507098
0.21274972
-0.11068912
-0.10704632
0.20836715
0.15105374
0.19168055
0.06120969
0.04133294
0.07999507
0.08366467
-0.06540101
0.00450234
0.00304967
0.06817321
-0.02243122
-0.14803885
-0.10425568
-0.10634726
-0.03049010
0.09143228
0.04434771
0.01164551
-0.07706918
0.12054583
0.16544035
0.06231423
-0.07671345
0.05512163
0.16781402
-0.03418166
-0.11551475
-0.06248122
-0.08256508
0.09787280
0.05389361
-0.07646681
-0.17539097
0.07216047
0.09650917
-0.04299494
0.04590702
-0.12151963
-0.29874459
-0.12067683
-0.13565016
0.05464280
-0.00849468
-0.10137882
-0.11537413
0.02838047
0.06078157
0.17418469
-0.10489934
-0.15327212
0.11347376
-0.03396060
0.03188478
-0.03944256
0.03050533
-0.15390159
-0.04907252
0.13014655
0.06141667
0.12756491
0.03736057
-0.14572771
0.24704903
0.04637155
0.21387094
-0.25825751
-0.17697269
0.08863799
-0.02191724
0.08570383
-0.08601408
0.16971564
-0.04604750
0.03418989
0.11224032
-0.00285893
0.13744552
-0.06068951
0.04872169
0.01010206
0.00098996
-0.14954846
0.03364469
0.02266151
-0.11202575
-0.20746508
-0.18709062
-0.05224723
-0.11402497
-0.14110269
-0.13952982
-0.10977500
-0.18216638
-0.02525991
0.05496551
0.01605848
0.02681810
-0.14334443
0.08256472
0.18952942
-0.04003351
0.16872485
-0.08066729
-0.09670159
0.05008304
0.11883782
-0.03369094
-0.08030275
-0.08285107
0.14889930
0.03105162
-0.08942052
0.08273179
0.02730820
0.07556254
0.13830936
0.03044873
-0.09425134
0.04760328
-0.27382466
-0.08036775
0.12587667
-0.03392353
0.02850728
0.11376588
-0.09068373
-0.05513039
0.01142913
-0.05214337
-0.00014769
-0.16315328
-0.25702912
-0.04113747
-0.06839418
-0.06436846
-0.08518357
-0.03855332
-0.07708672
-0.04726987
-0.08635230
-0.16436003
-0.15811861
-0.06430896
-0.05199727
-0.13515997
-0.09399468
0.00154451
-0.02693998
-0.12119379
-0.12676069
-0.15111777
-0.09207183
0.01445720
-0.07946002
0.04007173
0.03154858
-0.13128677
0.15991785
0.08768096
-0.08567890
-0.26479873
-0.00998696
-0.09029123
-0.18204772
-0.07337723
-0.10440455
-0.11554165
-0.12411056
-0.13873579
0.01084374
-0.02480844
0.07663339
-0.08664019
-0.03910776
0.11816501
0.09554801
-0.08162507
-0.01694255
0.11908100
0.11057813
-0.02690629
0.06429579
0.02375425
-0.11592579
0.06036747
0.06420923
-0.17107464
-0.11623573
-0.10328405
-0.11246959
-0.01811263
0.05038697
-0.37959501
-0.31819248
-0.16094512
0.11559948
0.22483703
-0.13080081
0.01463144
0.10087049
0.07261956
-0.05727388
0.00392347
-0.03144451
-0.04145316
-0.14935711
-0.25098523
-0.10669934
-0.00227757
0.02891589
-0.01011143
-0.01708368
0.32238054
0.08558834
0.11964064
0.01516886
-0.24301039
0.08752111
0.03914651
0.02297892
-0.15358621
-0.56564873
-0.07775306
0.02346252
-0.00363336
-0.12439818
0.06341484
-0.16058651
0.10542630
0.06687202
0.04050883
-0.01925972
0.03002550
0.03946939
-0.08322706
-0.05115451
0.07052989
-0.02649562
-0.15609077
-0.06402960
0.12426340
0.30082777
-0.22590147
-0.24455719
-0.01120204
0.14280693
0.32389754
-0.32714069
-0.17343017
-0.10209945
0.03533798
-0.18104281
-0.14958185
0.01019214
-0.05651388
0.04446156
-0.01396223
-0.01440879
0.02168030
0.07582319
0.05730665
-0.01021144
-0.02046317
0.06908375
0.05990029
-0.12481466
0.00273649
0.12152150
0.09587045
0.02731350
-0.06050976
-0.06755143
-0.04309856
0.13485348
0.17864968
0.04786895
-0.14007443
-0.09768945
-0.09360667
0.05844961
0.04983803
0.05191307
-0.14171118
0.00705576
-0.17148162
0.08889044
-0.20912674
0.04708704
0.18040796
0.21882057
0.07740180
0.10944097
-0.06768385
-0.00165942
0.22666955
0.14813860
-0.01645363
-0.08516368
0.03844814
0.21579044
0.08300521
-0.15431167
-0.10695029
0.05474991
0.03426122
0.01430235
0.03357555
-0.01341457
-0.03766290
-0.18022308
-0.09860580
0.10871653
0.22640908
0.09875061
0.13602149
-0.18806370
-0.19197680
0.14462072
-0.05239471
0.07584027
-0.24229333
-0.16719012
-0.02556863
0.04922325
0.08274432
-0.26418504
-0.07476131
0.00575978
0.05680576
0.11536379
-0.14934872
-0.13172133
-0.06950907
-0.02592238
0.08638459
-0.16645673
-0.17656951
0.16822197
0.48948216
0.19296710
0.16610415
0.16978902
0.17204680
0.12718050
-0.06577503
0.05342071
-0.03929943
0.13578922
-0.11265094
0.03353836
-0.04726144
-0.05814299
0.06212369
-0.13825531
-0.09547787
0.08158209
0.08039877
-0.12887181
-0.02692978
0.05890692
0.01948086
-0.05546921
-0.07818767
-0.09604912
-0.13612071
0.02489744
0.14449069
0.12490305
-0.12014972
0.02978593
0.01578733
0.03185487
0.00720174
-0.22854993
0.00520820
0.19804101
0.20700920
-0.14811781
-0.05427488
0.03799687
-0.10166846
-0.03263649
-0.23225319
0.14256567
0.22034131
-0.16890624
-0.08652613
-0.03235481
-0.16268080
0.00247219
0.07136187
-0.09849294
0.05070490
-0.05863617
0.16337346
0.01485982
0.01724950
-0.16705763
-0.08658602
-0.02627824
0.01750240
-0.07271844
-0.00093831
0.09517245
-0.03083240
-0.13671754
-0.04537831
-0.11378543
0.00022435
0.03018634
-0.10534518
0.19639079
0.10532129
0.01027604
0.10248088
0.15537935
0.09264480
0.07729437
0.18674704
0.08928733
-0.11798830
-0.11500353
0.05828909
-0.00879802
-0.26679012
-0.12439788
-0.06332818
0.05808199
-0.14831991
-0.07751177
-0.14682011
-0.12312006
0.07425644
-0.12655422
-0.13281108
-0.37740406
-0.20153205
0.06851080
0.08080833
-0.10428599
0.06569555
-0.02214705
0.10332814
-0.08273212
-0.00878701
-0.03749429
-0.07315058
0.07517376
-0.01108344
-0.04983350
-0.07700150
-0.06745671
0.17095172
0.06852290
-0.13926451
-0.06872466
0.00627121
-0.15697689
-0.08326887
-0.26072842
-0.00519364
0.20284878
-0.10268171
-0.27547047
-0.09957806
-0.03717275
0.02958403
0.14198676
-0.01233586
0.12726140
0.09546579
-0.03188633
-0.04134562
0.09272785
-0.09933855
0.06918058
-0.06787240
0.02387245
-0.14136349
0.04524974
0.15507619
-0.04977368
-0.02532144
0.24796584
0.35429272
0.28707030
0.26883534
0.04237342
-0.05526845
0.02190389
0.02510674
0.01222331
0.00393880
-0.05137342
0.25306532
0.10867514
0.04613909
0.05557877
0.06791198
-0.00016346
-0.09892594
0.03407352
-0.08498500
-0.12748194
-0.21044345
-0.17630592
0.00257057
-0.15528063
-0.19421634
-0.37804899
-0.08866435
0.05567770
-0.26586181
-0.04924576
-0.12411395
-0.06509214
-0.13703638
-0.17180343
-0.02592061
-0.03457176
0.05478811
0.07225685
-0.09378109
0.07427640
-0.06230831
-0.12768537
-0.02932435
0.04214244
0.05134173
0.05558781
0.31549647
0.21599489
-0.07792308
-0.05270457
0.22338977
0.18806656
0.12074962
-0.11215124
-0.23317839
-0.13059725
-0.03352224
-0.14641584
0.04871101
0.03873515
0.05679341
0.00726128
-0.20183451
-0.01702406
-0.06248034
0.02881481
-0.03118543
-0.13530543
0.03248221
-0.06595707
0.02201264
-0.07122125
0.14813478
0.00891079
0.02189914
0.18124872
0.09854649
0.08770468
-0.10107294
-0.09947906
0.08959264
0.10068994
0.11811008
0.03542073
0.21168628
0.19618334
0.09729628
0.06612588
-0.09700192
0.02305217
0.00852617
-0.07444161
-0.10703863
-0.14303242
0.09406355
-0.02976049
-0.03120524
0.00000697
-0.16807283
0.02487844
-0.07944221
-0.22581020
-0.04563772
0.00235917
-0.14684987
0.07417000
0.03933170
0.00403663
-0.06890590
-0.03193423
0.11664709
0.17273943
0.27723110
-0.03556367
0.03109308
0.04468337
0.10749003
0.11561491
0.10176772
-0.02102646
0.01673528
0.00942615
-0.02508645
-0.08773315
-0.07353228
0.09466314
0.04343634
0.05838253
-0.11393064
0.03482269
-0.08486094
-0.14831662
-0.26120484
0.07672429
0.09565347
0.01768063
-0.13255456
-0.20869395
-0.05507144
0.01080217
-0.10441587
0.01519400
-0.11979711
-0.07653593
0.10772519
0.11903083
0.02611124
-0.16935796
-0.03129557
0.11878796
0.07656826
0.03649661
0.03683763
0.03111261
-0.03449123
-0.03046022
-0.06665501
-0.01251022
-0.06226117
0.00378905
0.13595076
0.13612626
0.22128803
0.04167706
0.01444620
0.16759455
-0.06242447
0.01512417
0.05918871
0.06147725
-0.08083043
-0.03743598
-0.10869855
0.04761305
0.05272796
0.00162550
-0.02494793
-0.02541942
0.02511868
0.01601141
-0.10001178
-0.12693536
-0.10040049
0.01018479
0.16428730
-0.00781682
0.16632070
-0.18329161
0.06565220
0.17314731
-0.09846657
0.13221684
0.06665203
-0.00404928
-0.01252516
-0.10650120
-0.07989646
-0.03420855
-0.38267344
0.10014920
0.14820394
0.19682762
0.12692799
-0.10532799
-0.02418602
-0.01758534
-0.23628663
-0.29932770
0.06463603
0.14494832
-0.05433556
0.03000916
-0.05010565
0.07014699
0.06046542
-0.11232989
0.17168236
0.03151214
0.02366867
-0.05472504
-0.05514447
0.22506605
0.03849536
0.01157003
0.03626251
0.21655677
0.22680774
0.02331599
-0.27815607
-0.27568987
-0.28017479
-0.27821517
0.08533725
0.04712571
-0.01757456
0.09926857
-0.11620890
-0.00894510
-0.00540401
0.12812583
-0.08237769
-0.14499611
0.17611089
-0.03053032
-0.10740906
-0.12029449
0.03789311
0.10373431
-0.21070741
0.00652890
0.00827328
0.26313180
0.16943969
-0.08302213
-0.29005492
-0.19125320
-0.13724157
-0.12336694
-0.11548831
-0.07638276
0.11025544
0.09724823
-0.03364081
-0.03768215
0.02520228
0.15971175
0.09480165
-0.06511032
-0.06723097
0.07083140
0.20854218
-0.00528563
-0.05596828
-0.01392341
0.02664352
-0.03935126
-0.04326873
-0.10538171
-0.04958677
-0.01613414
-0.03315638
0.06141787
-0.08681196
-0.07422058
0.04049081
0.12660831
-0.00566912
0.05073925
-0.00992806
-0.20077236
-0.20167071
0.08406683
0.10055664
-0.12238446
0.01738494
-0.01008562
0.16329324
0.07276714
-0.08008973
0.17419328
0.25118056
0.21927223
0.18238588
-0.02930456
0.02492974
0.08682849
-0.00363453
-0.04771039
-0.08195709
-0.04578787
0.03314435
0.10512526
0.00463346
-0.21223447
-0.20744187
-0.06705970
0.04651886
-0.08888314
-0.02691792
-0.13605337
-0.12762842
0.07776167
0.03087606
0.14204527
0.06475431
0.04312710
-0.00972837
-0.02916760
0.04339444
0.05929433
-0.03286058
-0.10606351
-0.07769773
-0.09855978
0.09133171
-0.09568998
-0.11031322
-0.23953588
-0.25386691
-0.02273230
0.13606170
0.00530094
-0.19693081
-0.10302304
-0.15123253
-0.20757297
-0.06267340
0.01646412
0.06763319
0.13647304
0.22555630
0.26016530
0.11266511
-0.03182518
0.16544816
0.08816850
-0.01421259
-0.04401489
-0.35512096
-0.16063523
0.07457397
0.04430186
0.09927802
-0.25675896
-0.11638670
0.13269350
0.12467214
0.13670789
0.11088720
0.18264158
0.11565387
0.18751374
0.05157621
0.09267814
0.15457545
0.05292825
-0.06099434
-0.04837657
-0.03592524
0.02784492
0.03958282
-0.02792256
0.00448614
-0.08441867
-0.03383233
-0.05604545
-0.01226455
0.11230049
-0.20996942
-0.21751328
-0.13560224
-0.03349046
0.06784637
-0.12677042
-0.23603675
0.00451175
0.04687538
0.22584248
0.03890344
-0.48305726
0.03205825
0.18551151
0.04140297
0.15307282
0.04428655
0.09126204
-0.01192379
-0.11309149
-0.03615756
-0.02660480
-0.02244380
-0.08661252
0.04072835
-0.43043581
-0.04272883
0.00766960
-0.01023228
-0.19282122
-0.19926290
-0.09421325
-0.03857415
-0.12471915
-0.10429399
-0.03719899
-0.10934898
0.05647954
0.09617053
0.04968080
0.01896952
0.06081570
0.18599567
-0.18246117
-0.02756648
0.02847850
0.12989874
-0.04544155
0.12545785
0.10789466
0.07949095
0.03426865
0.15279756
0.16295320
-0.15276340
-0.03274384
-0.09698682
0.01370261
-0.17323413
-0.12633102
-0.10093200
-0.22217940
-0.23743473
-0.16351715
-0.03303639
0.05713569
0.04035518
0.04545936
0.02482890
-0.13597451
0.01839086
0.00282202
-0.01188364
-0.00636382
0.10539667
-0.08551179
0.08541737
0.01300972
0.06044439
0.03434658
-0.18890204
0.02790852
0.14569516
0.07168724
-0.02383199
0.02825568
-0.08069181
0.00407896
-0.13558617
0.02650780
0.09809385
0.10414696
0.06582298
-0.02484144
-0.11573268
-0.02101411
-0.02200539
0.01969561
-0.10712199
-0.06701763
0.03609810
-0.08499414
-0.00630295
0.10564051
-0.06714080
-0.18447672
-0.17414144
0.08759873
-0.16883205
0.09388869
-0.02769373
-0.26579025
-0.00881257
-0.06421242
0.21799177
0.07401089
0.09179006
0.02099945
-0.15900759
-0.19274534
0.04882763
-0.02823295
-0.00444795
0.10357881
-0.06783707
0.07228307
-0.04459246
-0.03853884
-0.13396689
-0.06250215
-0.00093592
0.17106664
0.11714662
-0.03075464
-0.39951283
-0.14054473
-0.06915908
-0.04380437
0.01914756
-0.09460928
-0.11321065
0.08247119
0.04173883
-0.01420948
-0.06349694
0.06261953
0.13440700
0.11140791
0.00860461
0.00281088
-0.14082028
-0.10706260
-0.00223330
-0.02365450
-0.00340195
-0.04614492
-0.32595307
-0.15937442
0.05552858
0.04199843
-0.03634221
-0.01593780
0.18742336
0.19178504
0.08446757
0.10808955
0.11097539
0.10145130
0.04494120
-0.06205831
0.14926071
0.11721032
0.02863741
0.02345584
0.01660355
0.24433433
0.12721042
0.06868120
-0.06282961
0.16900656
0.18734097
0.18140364
0.05311131
-0.09637439
-0.07278495
-0.09744833
0.00342903
-0.11577462
-0.18326439
-0.15041010
-0.00036446
0.05155494
0.04595195
-0.07598677
-0.01577999
-0.08547930
-0.01604625
0.02026443
0.04609747
-0.03338640
0.04787147
-0.00815861
0.08991908
0.00807760
0.11921468
0.11860389
0.18043742
0.11623353
-0.01396857
0.08496764
0.11062165
-0.01122478
0.00411778
0.04283451
0.08099716
-0.03349670
-0.00677309
-0.17861809
-0.22727923
0.06469288
-0.00797779
0.05020037
0.05037560
-0.21792091
-0.03932573
-0.06011472
0.14663988
0.16898516
-0.27122352
-0.07540703
-0.08609686
0.07890758
0.12073553
0.02817083
0.06064563
-0.13542253
-0.29457036
0.02769987
0.03956081
-0.02343877
0.00770241
0.13830295
0.16274904
-0.06544467
0.01740297
-0.12820892
0.20981552
-0.01834375
-0.05130046
0.03536119
-0.17027110
-0.11219131
-0.01322420
-0.03000859
-0.01775113
-0.30680323
-0.19748034
-0.11540963
-0.16836542
-0.14166753
-0.03588511
-0.21154723
-0.23405977
0.04747341
0.08439343
0.12287844
-0.18875869
0.02167051
0.00173481
-0.04540690
0.23123552
0.04228689
-0.04695496
-0.00769627
-0.06368840
0.12265768
0.13252074
-0.01833119
0.02931195
-0.03759319
-0.02395527
-0.01754517
-0.07517136
-0.08709069
0.02204914
-0.26855174
-0.03636054
-0.19912970
0.00922175
0.03559620
0.01497741
-0.13060790
-0.15305583
0.12355559
-0.13172816
0.05364493
-0.05902550
-0.16164796
0.14401011
0.10159811
0.01958689
0.03961147
-0.02878949
-0.05044385
0.00346883
0.19064420
-0.04494050
0.00747364
0.03364008
-0.25413236
0.20513493
0.07577647
-0.16210410
-0.09820951
0.11526275
-0.04552367
-0.04054865
0.03715556
-0.00042917
0.02506999
-0.04383086
-0.12821274
-0.04073392
0.05639844
-0.11548982
-0.12000665
-0.28141889
-0.33276945
-0.27555084
-0.10357835
-0.02809176
-0.12637608
-0.00868683
-0.04569200
-0.13791059
-0.10722307
-0.15349121
0.04912392
0.14685768
0.05485716
0.10564740
0.05771016
0.15507212
-0.00420708
-0.20137085
0.10244372
0.11751669
0.14234798
-0.11691569
-0.00686390
-0.06531674
0.05816988
0.06642474
0.04949478
0.05637076
0.18826485
0.17546596
0.01233850
0.11436469
0.24687956
0.13227364
-0.04999202
-0.04614761
0.03013653
0.14566459
-0.23487924
-0.08132151
0.21142718
0.10314637
-0.03760696
-0.06423314
-0.13530760
-0.08245801
0.04960229
-0.02580415
-0.02833377
0.05262652
-0.04817620
-0.16123272
-0.13346145
-0.16765575
-0.15733276
0.05633606
0.02868397
-0.03434988
-0.15549123
-0.09937106
0.24525937
0.40866610
0.10242157
0.06947172
0.07867025
0.13180317
0.04987210
0.01973763
0.08856747
0.22427694
0.00439068
0.04464589
-0.06346146
-0.24301973
0.08898504
-0.01292021
-0.09270372
-0.08059882
-0.12031420
0.32334232
0.04177342
0.01016756
0.07601640
0.08974150
0.01082620
-0.05679597
-0.10652869
0.18794994
0.04887325
0.18957222
0.08998784
0.09272672
-0.06153135
0.12280022
0.12365006
-0.00364219
-0.12726286
-0.08623696
0.15856202
-0.09865644
-0.21566340
-0.02907750
0.05066527
0.12776668
-0.01720536
0.01797843
-0.03478217
-0.11262286
0.16539912
0.11298878
0.20495160
0.01091488
0.05244930
0.04967302
0.18068340
0.12164307
0.11480096
-0.01131032
0.08831988
0.14173470
0.06447623
0.05598446
0.31574973
0.10325990
-0.02830673
0.04710007
-0.07188545
0.20271429
-0.18473347
-0.21744049
-0.06533814
-0.07391178
0.13805404
0.09034526
0.20654990
-0.13875732
-0.04948261
0.15275937
-0.07714090
0.12565599
0.13660114
-0.00517691
0.06146204
-0.09919748
-0.04841732
0.16923195
0.12015542
0.23738927
-0.05557771
-0.20995501
0.01022576
0.00829858
0.04321807
-0.12570797
-0.12514921
-0.14360939
-0.08431745
0.04995015
0.01154746
-0.20177782
-0.04704835
0.21538888
0.28808841
0.10027938
-0.06410360
-0.06782715
0.07649024
-0.15004584
0.06380680
0.07898789
0.08909409
-0.00484968
-0.00860372
0.00819130
0.07490879
-0.04285128
0.04320257
0.05652446
0.10607997
0.26145840
0.00167966
0.08335250
0.05298825
0.11215679
0.01516031
0.09530464
0.26631865
0.09136737
0.07755911
0.01762510
-0.01739136
-0.11125211
0.00937548
-0.01378597
0.00837998
-0.15091909
-0.06661320
-0.01700442
-0.02393574
-0.10849126
-0.54509413
-0.09469276
0.23113640
-0.18062896
-0.25465253
-0.24299282
-0.19979046
-0.03598940
0.06674196
-0.11333967
-0.04409465
-0.07868394
-0.01424479
-0.10564435
0.11137373
0.03030732
0.05450091
-0.04125382
-0.04680866
0.05873805
0.03813571
0.08287937
0.08908831
-0.08145568
0.15018702
0.05948047
0.14211914
0.01096707
0.09838043
-0.12581593
-0.13679188
0.04549906
0.03614831
0.10498367
-0.14652300
-0.01576774
-0.14603789
0.01791789
0.07358290
-0.00140726
-0.08804966
-0.05132638
-0.05051935
0.03390118
0.00077745
0.01699105
0.09131072
-0.14294748
0.08995081
-0.02967503
-0.27173948
-0.06000645
0.10125224
-0.04873570
-0.41163400
-0.19957119
-0.04042330
-0.00533244
-0.23321414
-0.17295003
-0.11869839
-0.02180913
0.00140969
-0.16633408
-0.25246999
0.09247755
0.10503199
0.14069690
0.02803177
-0.01838625
0.26202562
0.09730506
0.17254509
0.01613507
-0.25614792
-0.12399973
0.00907309
-0.18625751
-0.10164137
0.00455878
-0.05901162
-0.03671256
-0.02503529
0.21345432
0.18472779
-0.02746343
0.06206390
0.22906625
0.00388818
-0.03913682
-0.09027208
0.03586518
-0.13675311
0.00907391
0.14058167
-0.01977812
0.02601915
0.10967714
-0.04429688
0.03808865
0.00160673
0.08069975
0.10933205
0.15231280
0.02171109
0.04527706
0.11218071
-0.09170631
0.26188356
0.16805798
0.02159077
-0.24924421
-0.24071150
0.01076854
0.03629440
0.04667782
0.11005203
0.11149498
0.08809715
0.02519267
-0.07141851
-0.01128982
0.10093145
-0.11009309
0.07094747
-0.06955017
-0.04910785
0.03413019
-0.04694398
0.11360157
0.08834971
0.17283279
0.04744663
0.17351958
0.06915545
0.28759465
0.15484655
-0.19067644
0.22550908
0.11155288
0.20614244
-0.05761815
-0.04735863
0.12492805
0.12113897
0.16570461
-0.02871657
-0.02640253
0.30729955
0.16709054
0.10509780
0.03155706
-0.01040204
0.16906132
0.02919481
0.01774346
0.01178733
-0.12104970
0.03905917
0.02604632
-0.06284145
-0.10328727
-0.07155152
0.09134694
-0.08263952
-0.10089223
0.04774615
-0.00372966
-0.02641018
-0.17513239
-0.10734299
0.03576824
0.03423119
-0.04574485
0.11481427
-0.07141904
0.01600545
0.06803449
0.13640009
-0.06315464
-0.04195812
0.08999459
0.23045094
0.12220442
0.16182087
-0.16767335
0.09498841
0.20928752
-0.01274742
0.00994690
-0.02663045
0.00383890
0.00191573
-0.19250876
-0.18949734
-0.00717116
-0.10667457
-0.25564522
0.05660127
0.05848877
-0.08469006
-0.14422923
-0.15608679
-0.12941104
0.04167301
-0.08301785
-0.00529183
-0.17870088
-0.27214956
-0.19013718
-0.11113705
-0.08719503
-0.11708336
0.09952228
0.17657955
0.23929067
-0.07800963
-0.05222173
-0.17486291
-0.00005508
0.11714679
0.15334336
-0.16586044
-0.24883565
-0.01668713
0.08707809
0.02050024
-0.12540019
-0.11699376
-0.11289231
0.02348667
-0.01320139
0.04274927
-0.17318678
-0.32291409
0.06327546
0.09335199
0.14032151
-0.30826125
-0.44737127
0.09013475
0.06760991
0.00521456
0.03689763
-0.09142808
0.01709350
0.04273775
-0.01833571
-0.01886379
0.05864754
-0.06461983
0.10689970
0.14357172
-0.27850625
-0.20316936
0.04977283
0.11500824
0.17867951
-0.16282636
0.05525489
0.18890354
0.16060211
-0.00962440
-0.02024505
-0.13070329
-0.05470587
0.08065693
0.09550051
0.10682896
0.11005845
-0.02668123
0.10788362
-0.03484889
0.03173721
0.11248872
0.12614919
0.06831508
-0.01823699
0.16722645
0.22081555
0.12929574
0.03727446
0.19906063
0.00243252
-0.03350187
-0.12211162
-0.09691054
-0.07986202
-0.10262129
0.00261640
0.06129094
0.07163168
-0.04071267
0.02092578
-0.26117456
0.05390065
-0.00548929
0.06427975
-0.06931144
-0.03505013
-0.04942438
-0.03296567
-0.08972042
-0.14547198
-0.02703519
-0.06745402
-0.03732498
-0.03231680
-0.08009161
0.00977520
0.01192932
0.06271177
0.26450750
-0.15036507
-0.12112600
0.14072312
0.15106544
-0.08511498
-0.00653192
0.00100157
-0.10781659
-0.05250420
0.16019759
0.06939175
-0.07864507
0.07568938
-0.06151922
0.25405926
-0.05045872
0.10643749
0.07810616
0.02736806
0.03791511
0.10820986
0.17940325
0.08484013
-0.02756349
0.06822208
-0.23444223
-0.09530245
-0.03114709
0.01536443
0.04674808
-0.00783325
-0.02043009
-0.00128238
-0.01682818
0.00603601
0.08010081
0.07228225
-0.13632722
-0.01332444
0.11707418
0.04903321
0.05614452
-0.07061443
0.05847256
-0.05667625
0.00745544
0.07862499
0.07239069
0.00115923
-0.02803675
0.01265498
0.16303389
0.15560126
0.05116254
-0.11637319
0.05891647
-0.07371891
-0.00344846
-0.05683009
0.06970163
-0.11689940
-0.10014006
0.06217340
-0.14898184
-0.31917155
-0.04547640
-0.02615905
-0.16985270
-0.16014260
-0.22458248
-0.10303810
0.03160634
0.05466902
0.24518372
0.00395044
-0.06444696
0.00869677
-0.06013620
-0.07482864
-0.03270917
-0.23494811
-0.09703995
-0.33041316
-0.23296478
-0.22893415
-0.12623832
-0.07198189
-0.00357671
-0.09203516
-0.12076669
-0.02760490
0.00645758
-0.08935102
-0.06191177
-0.17132300
-0.07161979
-0.01452391
-0.03740383
-0.07568222
-0.17804903
0.06790890
-0.06273702
-0.12754920
-0.00921615
-0.07465585
-0.03997276
-0.09330729
0.14276281
0.08730870
-0.03519452
0.17125821
0.02780443
0.12229732
0.06288982
-0.05444029
0.18647474
0.04086665
0.03929775
-0.04480689
0.18164022
-0.04478950
-0.07654805
-0.05326458
0.04672998
0.17237592
-0.23370637
-0.13431102
-0.09187155
-0.23828244
-0.05895409
-0.03587789
-0.11127865
-0.25347269
-0.23251478
-0.15041320
-0.21726649
-0.15134987
0.00117840
-0.00774908
-0.12311765
-0.10908428
-0.05658999
0.00832131
-0.08473384
-0.25082687
-0.24566002
-0.19182165
-0.06000571
-0.13176233
-0.21406674
-0.18741988
-0.26190439
-0.10755385
0.03772955
0.10040127
0.06911206
-0.03082702
-0.05175389
0.01356902
0.01575190
0.10565533
-0.03571816
-0.06776639
0.06749909
-0.01233770
0.05707683
0.11066190
0.08877047
0.19948754
0.19502032
0.13231242
0.18074821
0.05749376
-0.10928782
0.19727562
0.10805255
0.03608027
0.06201050
0.00334342
-0.23607498
0.11349544
0.11313748
0.05028173
0.06804182
-0.09184435
0.17010598
-0.04858737
0.06907332
-0.00410419
0.08399127
0.00567459
0.00377384
0.07489706
-0.00725953
-0.20917150
-0.06281534
0.07180483
-0.07343666
-0.11883966
-0.04669148
0.05712409
0.00566842
0.03920712
0.05274525
0.06692428
0.12724812
-0.05984643
0.01954548
0.05347236
0.01405811
0.07165363
0.04573015
0.01514512
0.11621611
0.04469993
0.13679534
0.22784996
0.08256951
0.00916316
-0.00497334
-0.06877021
-0.06543995
0.00783947
0.01996605
0.05317445
0.10555885
-0.04445328
-0.00528410
0.01674982
-0.06698911
0.15611780
-0.10935990
-0.12806591
0.03678100
0.16116391
-0.11824962
-0.12969510
0.15686584
0.01493333
0.03447545
0.03688778
0.01069121
-0.09604909
-0.09998615
-0.03324422
0.12367764
-0.03939045
-0.07236501
-0.05674164
0.06708641
0.01665095
0.11260509
-0.11601267
-0.18640700
-0.22249945
0.02013947
-0.04403463
0.15069436
-0.12923834
-0.07500752
0.01391015
-0.06864969
0.09277889
0.18940635
0.23176102
-0.14813142
0.24430281
0.26953220
0.23033628
0.08035456
-0.15316606
0.04510184
0.01601193
-0.01458788
0.18772946
-0.03585619
-0.03036609
0.04970444
-0.04244487
-0.06038947
-0.05025813
-0.05452942
-0.08048832
0.03949869
0.06722141
-0.10488564
0.05137688
0.05001679
-0.04533724
0.01622017
0.16651550
0.11032256
0.15654512
0.05914852
0.14293842
0.02412111
0.04613078
-0.07799915
-0.12715001
0.22957498
-0.00427956
-0.05552538
-0.04214663
-0.02008178
0.09592822
-0.02777866
0.02849474
-0.09530409
-0.25399336
-0.17902899
0.04563779
0.01202995
-0.20998032
-0.21887240
-0.21366863
0.06006363
0.00780478
0.06630670
-0.04351905
-0.05983196
0.19541234
-0.05937120
0.04166859
0.08083344
-0.05395657
-0.14323428
0.08781160
0.08745880
0.08182274
-0.05521403
-0.16650832
0.01984789
-0.06795750
-0.00577974
0.19372801
-0.00368838
-0.02957913
0.13364291
0.11209194
-0.02511366
0.08999138
-0.01055002
-0.13599034
0.08723815
0.14634486
-0.15721384
0.06049933
-0.07256037
-0.05404093
0.07850488
0.23676017
0.10288512
0.02203313
-0.12398435
-0.13484444
-0.14291766
-0.08976455
-0.21350816
0.07377709
0.11180811
-0.16339272
-0.07159036
-0.01597767
0.16350318
-0.00438665
-0.10885360
-0.17546293
-0.16921219
0.22124679
0.05493409
-0.04480922
-0.08832770
0.00952925
-0.00860246
0.13949719
0.00486634
0.19598307
0.15466988
0.00633139
-0.09366239
-0.16873266
0.16733237
0.04218826
-0.02135407
-0.04243504
-0.02849768
0.09678659
0.01652414
-0.22639184
-0.22145776
-0.03192879
0.18081264
0.03948446
-0.12911800
-0.06551136
0.06451247
-0.06292333
0.00469112
-0.12660109
0.14972775
0.13252266
0.13980946
0.02102664
0.09544777
-0.24128863
0.13958785
0.08707692
0.03287956
0.08539964
-0.03493669
0.04922712
0.01091691
0.18296990
-0.08832111
-0.19406572
-0.04949619
-0.18040925
-0.17620951
0.06124482
0.03565958
0.01648395
-0.18318656
-0.18251106
0.08181100
0.06550469
0.04385018
0.07071331
0.05999284
-0.00661350
-0.20002104
-0.03045594
0.01188802
-0.09392710
0.13942099
-0.16385387
-0.08004827
-0.07285935
0.09666442
0.09286650
0.03152708
-0.18477710
-0.10531431
0.13774022
0.06538837
0.21797390
-0.03642378
-0.22619773
-0.05206886
0.05672405
0.35247985
-0.07792414
-0.11378981
-0.07036591
-0.05787788
0.01911256
-0.11968298
0.01091608
0.06920675
0.00319139
0.03776954
-0.13091680
0.11262439
-0.06889715
-0.10228279
-0.17417589
-0.15285970
0.11519726
0.07539681
-0.04273792
-0.17518289
0.17061542
0.11589687
0.03806065
-0.00683162
0.01643555
-0.03658617
-0.10185299
0.05456484
-0.00961575
0.04089050
-0.04505178
0.05242766
0.05957542
0.04781419
0.24903263
0.16365284
0.17148411
0.09904002
-0.02402597
-0.01191444
0.01553282
0.11900385
0.01964495
-0.17006682
-0.13396181
0.02040380
0.10188751
-0.02522063
-0.11783368
0.13928786
0.00003080
0.02337526
-0.05813120
-0.06287009
-0.19629866
-0.08506171
0.04816493
-0.29991135
-0.18173653
-0.44296041
-0.22611573
0.01260814
-0.00255568
0.07118409
-0.16519335
-0.13269231
-0.19303760
0.04286743
0.11165746
-0.11228855
0.15246034
-0.29846153
-0.01898675
0.12473517
0.03793309
-0.10521964
0.05316091
0.06973107
0.12842248
0.04503420
-0.14951475
0.00509600
0.08764201
0.03534699
0.17400593
0.25616631
0.12321393
-0.05199614
-0.12370401
-0.12441231
0.15871122
0.06410550
-0.01294807
-0.14892718
-0.15063260
0.19922663
0.12112265
-0.01454050
-0.08010771
-0.06802368
0.16232564
0.23735788
0.06077336
-0.10668091
-0.09378002
-0.01712612
0.07652489
-0.03453849
0.01741818
0.10867105
-0.05917268
0.00154204
0.13181046
0.07341652
0.11052883
0.10669395
-0.05973203
0.02959565
-0.01781632
0.09413885
0.18592517
0.10428384
-0.00219290
-0.02784940
-0.00664757
-0.02320124
-0.00397480
0.01191381
0.00564110
-0.03786637
-0.01009435
0.07835926
-0.16610517
-0.12430630
-0.16033912
-0.12509634
0.04769883
-0.18271329
-0.09649535
-0.08779404
0.02938219
0.01615887
-0.01299417
0.04537908
-0.15608501
-0.04085192
-0.25972062
-0.02069948
0.15109105
-0.00132643
0.15626752
0.14071071
-0.06370948
-0.06855193
0.04820783
0.09232003
0.10184600
-0.15900490
-0.20090011
-0.04757069
-0.24196258
-0.06010290
-0.05613386
-0.05277139
-0.00539054
-0.09736054
-0.16884769
-0.24811363
0.07495271
0.06010795
0.06739258
-0.12563145
-0.09717555
0.04260555
-0.13338503
0.05305401
0.15406047
-0.06422684
-0.01905341
0.00277983
0.12295205
0.07470804
-0.09253723
-0.16960156
-0.16545261
-0.05113184
-0.12688014
-0.07357907
-0.28890029
-0.02667355
-0.06565127
-0.02894826
-0.04032901
-0.07682180
-0.07552060
0.17421165
0.11048038
0.00394120
-0.04904341
-0.05641714
-0.07690006
-0.17352387
-0.03537403
0.05807563
0.15063910
-0.08684101
-0.16118111
-0.07913983
-0.01203042
-0.04598329
-0.07188450
-0.10526881
-0.01517808
0.01796048
0.08550224
0.06904932
-0.01521193
-0.09616271
-0.14331727
-0.02924963
0.10423061
0.12858951
0.16474965
-0.00965819
-0.13333853
0.18943770
0.14740525
0.08509835
0.06658777
0.03398449
-0.01490688
0.00838196
0.13092987
0.03125659
0.02767159
0.07230485
0.07222750
0.09809135
0.16820617
0.13181074
0.02953023
-0.10889222
-0.08374625
0.03338396
0.13459705
-0.00342227
-0.14029478
-0.06402095
0.01868479
-0.17314699
-0.00881907
-0.03330558
-0.02000840
0.11266887
-0.05423990
-0.11907366
-0.03851346
0.01748930
0.01532910
0.00716018
-0.10179899
-0.03135534
0.08758900
0.00094480
-0.16514012
-0.09505524
-0.05520303
-0.11466417
-0.01736959
-0.01888701
0.08340672
0.05969799
0.09047524
0.01232011
-0.01191488
0.07303141
0.05460744
-0.04404160
-0.14734823
0.01630136
-0.12573287
0.03359300
0.09775385
-0.03820163
-0.11913171
0.01924342
0.04909214
-0.04716244
0.00257760
0.08828861
0.00692984
0.05131793
0.20652771
0.14532468
0.01996966
0.18884337
-0.11129197
-0.02855816
0.05098332
-0.04938303
-0.25569281
-0.25897965
0.01033785
-0.08585409
0.01370644
-0.24659777
-0.09638130
0.05495991
-0.14181554
-0.07332650
-0.13790722
-0.17896698
-0.10067625
-0.19033036
0.04253268
-0.15916696
-0.11495737
0.10097834
-0.02840840
0.04494041
0.10215323
0.07824001
0.01879183
0.26450530
0.18803084
0.00391156
0.00415498
0.00804474
0.17053425
0.11473002
-0.03804968
-0.15330018
-0.02265489
0.09224617
0.13395239
-0.08474231
-0.17576730
-0.04119569
0.24778248
0.08579022
-0.24120744
-0.06686339
-0.02545038
0.01081349
-0.05968351
0.11272099
-0.08353863
-0.08174492
-0.20730697
-0.07646047
-0.20574820
-0.11641526
-0.03404607
-0.11655031
0.04440383
-0.00516197
-0.13358103
-0.01938922
-0.18927203
0.13916777
-0.11281151
0.00143919
0.04561422
-0.13812375
-0.04633973
-0.10106864
0.18634480
0.08073419
-0.37482524
-0.14666699
-0.00834487
-0.01954660
0.16411051
-0.30530012
-0.04748879
0.05763841
-0.04662471
-0.04781032
-0.05226126
0.09460145
0.16632465
0.11439832
0.03841279
-0.11250624
-0.34408048
0.07107805
0.15729938
-0.08293373
-0.04344516
-0.16579530
-0.07416908
0.14122047
0.01360076
-0.05586664
-0.09962592
-0.10078349
0.08199444
0.10977951
-0.19075800
-0.26900694
0.01694852
-0.00168856
-0.02799337
-0.01553066
0.02921153
-0.17294200
0.13576634
0.00327083
0.01496669
0.08091499
0.18316336
-0.06025769
0.00793928
0.20941499
-0.08298766
-0.09513544
-0.11283696
-0.00451793
-0.09276810
0.06410926
0.10897648
-0.01055804
0.00062985
-0.09294107
0.06510207
0.17636907
0.04307322
0.01889679
0.02615187
-0.21657908
0.08874661
0.05618369
0.15450862
0.15362313
-0.08866671
0.05623766
0.05499385
0.13296331
0.06617428
0.02287249
0.00912440
0.00807438
0.09228612
0.18612824
-0.03591641
-0.10874512
-0.10647573
-0.02536527
-0.06689449
-0.11469224
-0.21321543
-0.00632787
-0.11245321
-0.04607124
-0.07574366
0.03680095
-0.14694287
-0.04313328
0.11537863
0.07766396
-0.12168026
-0.18075685
-0.08048183
-0.01126155
-0.14310110
-0.07375417
0.03853138
-0.10830723
-0.03720683
0.01917532
0.01617987
0.21862178
0.17391884
0.02937371
0.02961473
0.17268603
0.06544472
-0.04406919
-0.09838048
0.01653299
0.16797997
-0.01338645
-0.05029001
-0.07798619
-0.01115656
0.07282091
0.06669374
0.13658717
0.07241905
-0.01555483
0.01641776
0.01514712
0.03583696
0.03402320
0.07280110
-0.20158093
-0.12978880
-0.11863968
-0.01236350
0.01511138
-0.07977585
-0.06571744
-0.15320247
-0.11221841
-0.07397733
-0.06364860
0.01487589
-0.06722143
0.00934971
-0.24903886
-0.12869285
0.12139376
-0.16139464
-0.12137260
0.00723130
-0.00763809
0.17174554
-0.08179212
0.08602172
0.00614830
-0.02346334
-0.06798603
0.13657381
0.11579247
0.06727315
-0.03075298
-0.00717528
-0.11930078
-0.22089861
-0.08753154
-0.04731689
-0.11358508
-0.04837208
-0.10861032
0.01131761
-0.10088160
-0.00627598
-0.05371224
-0.18744291
-0.07023918
-0.08815517
-0.02982330
0.01364143
-0.13811941
0.01620053
0.02290938
-0.04066037
0.05843141
0.01715025
0.12536912
-0.30809924
-0.00065856
0.12277412
-0.16085280
0.04969149
-0.44121692
-0.09872168
0.18143851
0.02940848
-0.00975442
-0.31109738
-0.23736744
0.10276707
-0.01451228
-0.03056896
-0.25032189
-0.08655308
0.06773821
-0.01514208
-0.16036272
0.11151145
0.05800604
0.03832969
0.12620287
0.14830640
-0.05225634
-0.04663873
0.09922785
0.21934813
0.01915372
-0.15521258
-0.17935209
-0.05907576
0.11276505
0.01526162
0.02283910
-0.13170823
-0.11246418
0.05206376
0.02745354
-0.11676290
-0.21721385
0.00606851
0.09108654
0.08346651
-0.13252720
-0.07408087
-0.04464450
0.08612432
-0.02444912
-0.00378456
-0.10696728
0.05903581
0.02513469
0.08000133
0.02018795
-0.01174094
0.03078059
0.08926895
0.04769551
-0.00751363
-0.11485679
0.09281519
-0.11126714
-0.05578495
-0.10888662
-0.10629367
-0.09599621
-0.08812978
-0.19316445
0.05455960
-0.03466992
-0.01089970
-0.37437010
-0.48163629
0.06982608
0.06457137
0.11744899
0.06305704
-0.03391669
-0.07698868
-0.02909263
-0.00285518
0.04589520
0.05158309
-0.01821346
-0.03283272
0.03345608
-0.01160702
0.04515934
-0.03479332
0.06098295
0.07535022
0.11343991
0.22850847
-0.26911849
-0.07010919
0.06867953
-0.09924370
0.05474705
0.06746870
0.06968206
-0.05431436
0.01831987
-0.00494052
-0.02540125
-0.07677830
0.00741145
0.08271598
-0.00028367
-0.04767719
-0.15473595
-0.04871427
-0.07255894
-0.15172505
-0.11493776
-0.13590142
0.09752528
-0.04114756
-0.02158808
-0.12473357
0.08206324
-0.11804216
-0.12111898
-0.25276273
0.02799839
0.05001588
0.04150663
0.09533764
-0.05585486
-0.03708384
-0.16156767
-0.04389334
0.03143709
-0.05808667
-0.03989727
-0.05072108
-0.10412518
-0.12436125
-0.16369455
-0.09385546
0.06506930
-0.11873349
-0.07065593
-0.17897992
-0.24973695
-0.34497389
-0.38272163
-0.27760613
0.05517936
-0.08154716
-0.16724995
-0.00046837
0.12840557
0.10412692
0.07227677
0.05116897
0.01581771
-0.02232534
0.01629386
-0.08591712
0.01277121
-0.02755834
-0.09563222
0.03951253
-0.14374287
-0.05884044
0.03295347
0.01883116
-0.22937489
0.09117757
0.26320979
0.27924317
0.04738221
-0.13283606
0.13253161
0.02992312
0.07262351
-0.00058854
-0.03046663
0.04463360
0.04353381
0.00874212
0.07070096
0.07585637
-0.06189175
-0.02616991
-0.01508068
-0.01599980
0.16505452
-0.18568905
-0.11140070
-0.04221890
-0.08589400
0.18023907
-0.20735635
-0.20174862
-0.04604237
-0.04986102
-0.04560621
-0.19166681
-0.08740674
-0.10834324
-0.01881966
0.10103935
0.07622384
-0.12980671
-0.14423545
-0.01475880
0.01966788
0.09425536
0.05675704
-0.09514275
-0.04109015
-0.01396848
0.02352627
0.06007277
0.07105894
-0.18838409
0.27310601
-0.26052505
-0.09604416
0.08904238
0.04225056
-0.03167283
-0.03909865
-0.18173511
0.00813359
0.04426150
-0.06725274
-0.02337949
0.00925823
0.07322267
0.07421775
-0.14814003
0.03402762
-0.14114742
0.07348677
0.14322419
0.02739977
0.07212004
0.00027277
0.07732842
-0.04470212
-0.05304418
-0.04270047
0.04893896
0.13232736
0.02753285
-0.00465946
0.09591353
0.00803641
0.06695662
0.03600225
-0.09090403
0.07825368
0.10282458
0.08993410
0.00146577
0.05204671
-0.07452744
-0.04427642
-0.06446016
0.01296175
0.00130478
-0.10400876
-0.05076210
-0.10330476
-0.12534729
0.16193257
-0.03742152
-0.03277640
-0.08511893
-0.14612924
-0.15169448
-0.00405814
0.06566226
0.03293579
0.03855259
0.03971798
-0.02308866
-0.00438354
-0.02376369
-0.06555373
0.00572974
-0.01438688
-0.03735826
-0.03073919
0.13957365
0.13359183
0.10187992
0.15416992
0.08689170
0.10584645
0.12860966
-0.09897117
-0.09271548
0.02731906
0.08785422
0.28345740
-0.17440906
-0.05226735
0.07521732
-0.00405972
-0.01697405
0.05348492
-0.00609622
-0.02135337
0.07771225
-0.14418350
0.03013334
-0.03375747
-0.08160035
-0.06016722
-0.19049425
-0.27214083
-0.03058944
-0.07929023
-0.05040152
-0.01228760
-0.09713328
0.16978921
0.10695535
-0.07108285
-0.29045999
0.20571510
0.09946861
-0.07078739
-0.05741305
-0.21440175
0.01377458
-0.09152243
-0.02745770
-0.05047750
-0.02994276
0.06801547
0.03553414
-0.00197731
0.03688072
0.00400280
0.05468177
0.02933041
-0.00360927
0.03633274
0.02478463
0.00783682
-0.04002177
-0.08370118
0.06063240
0.10817297
-0.00930307
-0.09186502
-0.03681117
-0.08233148
0.12788598
-0.09288579
-0.05185832
0.28400791
0.03927392
-0.06089392
-0.10364315
-0.09056991
0.07647333
0.01186317
-0.04141302
-0.04172767
-0.13099056
-0.08959330
-0.14818487
-0.30232376
-0.22922426
-0.09522016
-0.05055434
-0.09618995
-0.23949359
0.04989560
-0.04044783
-0.17650197
-0.09340835
-0.11160722
-0.02198209
0.03547275
0.08427543
0.09521352
0.00026213
-0.05195164
-0.01271659
0.08685699
0.15089808
-0.03083013
-0.08373892
0.03635339
-0.09142325
0.01401667
0.04181477
0.00120725
-0.00665408
0.05796557
-0.00162129
0.10987682
-0.20219593
-0.21556249
-0.14016564
0.12981214
-0.02943244
-0.04589200
-0.00808620
0.03448800
0.04543658
0.06528898
0.06790992
-0.04628230
-0.02845280
-0.08141150
-0.09206696
-0.17545629
-0.10210533
-0.13712093
0.15451244
-0.00807994
-0.16941391
0.06915954
0.07440394
0.28687221
-0.04121250
-0.27137452
-0.28099754
-0.40934333
-0.03104593
-0.06280079
-0.05322976
0.17850618
-0.04000324
0.03944379
0.06765358
0.05398840
0.19210583
0.03636460
-0.11325019
-0.10417198
-0.06587093
-0.10978906
0.01279665
0.07047585
0.03172711
-0.14221375
-0.08394941
0.06200099
0.09049150
0.00255715
0.02559684
0.02399824
0.02545257
-0.04060481
-0.02725156
0.00655804
-0.02265102
-0.04831954
0.01123026
0.01123406
0.01180960
0.02166956
0.01607934
-0.04866756
0.01550872
-0.02090106
0.00881562
-0.02131452
-0.00542723
-0.04476171
-0.05739417
-0.05288853
0.01503092
-0.00712077
0.03068025
-0.04021423
-0.02303108
-0.03747591
0.01937548
0.01641551
0.02049406
-0.03066444
-0.03377298
-0.04451303
0.02526933
-0.01934675
0.02864980
-0.00880217
0.03004065
0.04014800
0.00874666
0.01873753
-0.01668321
-0.03580643
0.03841238
-0.00053445
-0.03216326
-0.04123801
0.01163004
-0.02884196
0.02355817
0.01431344
0.01219947
-0.04351834
0.03291913
-0.00992182
-0.03893073
-0.05040075
-0.05890324
-0.04807051
-0.03124261
-0.01626686
-0.01322912
-0.01909421
0.04738590
-0.00605681
-0.04608233
-0.05423971
-0.02652707
0.02622863
0.00072428
-0.04915133
-0.02144045
0.02622198
-0.04269766
-0.01213153
0.03907152
-0.04251019
-0.04737403
0.02068327
-0.00240424
-0.02644610
0.02596555
-0.00181063
-0.03125840
-0.02773165
0.04129405
-0.01137397
-0.03272980
-0.03559650
-0.04276459
0.00455278
-0.01342813
-0.05321289
0.00353709
0.03550002
-0.02481577
-0.00229387
-0.00764611
-0.02111675
-0.04152247
0.00437171
-0.01996760
-0.04418397
-0.04016602
-0.04922849
-0.03948553
-0.04305676
0.01441033
0.00470539
-0.03853494
-0.01790978
-0.02799646
0.03414607
-0.01993322
-0.03807379
-0.02793302
0.03069395
0.00960979
-0.02326071
0.02342207
-0.03515583
-0.03115059
-0.01250011
-0.02321711
-0.04878258
-0.03758048
0.03549187
-0.04657207
-0.04287701
0.00132611
-0.01362553
-0.03028616
-0.05277419
-0.02096786
0.03972448
-0.02677265
-0.01976419
-0.02867076
0.00435366
-0.02846262
-0.01609622
0.01907003
0.01658395
-0.04966392
-0.02290003
-0.03226161
0.03059148
0.01775351
0.04581057
-0.02957618
0.03666319
-0.04323333
0.02545606
-0.02488135
0.03196761
0.02480721
-0.04727814
0.01680199
-0.01575948
-0.04265539
-0.00429269
0.00595227
-0.02839216
0.02223434
-0.00518352
-0.02719800
0.02119057
-0.00879581
-0.02766881
0.03816736
-0.04244821
0.02891352
0.01409099
-0.00299727
-0.05748186
-0.02539538
0.03249964
0.01287417
0.03744660
0.00739481
0.02991313
0.01581147
0.03217441
-0.00025041
-0.02048291
0.01044623
0.00941137
-0.05059991
0.00955558
-0.01552699
0.03792030
-0.00237556
-0.02823027
0.03544563
0.01456247
-0.00928560
-0.00266288
-0.03051815
-0.04239479
-0.04998584
-0.02516133
0.01794070
0.02457263
0.01779780
-0.01558573
-0.02958377
-0.01065230
-0.04549999
0.00565441
-0.01718721
-0.05138243
0.00092833
-0.04076495
0.02506582
-0.00327576
-0.05088146
-0.03257035
0.00174953
-0.02274313
-0.04796750
0.02633603
0.00259163
-0.04981931
-0.01137555
-0.04304962
0.03871111
-0.02112044
-0.05538423
-0.03816639
0.00480704
0.02350021
0.01518022
-0.00044088
-0.05591926
0.02305038
0.02062814
0.00920227
0.03870316
-0.04177303
-0.00593251
-0.05212830
0.00365406
-0.00055140
-0.03670103
-0.04615854
0.01274929
-0.02667135
-0.00187074
-0.02238729
-0.00214749
0.02486629
0.01584517
-0.03347392
0.02776062
-0.01385926
-0.04186304
0.00298220
0.00376442
-0.03129734
0.04088317
-0.02241644
-0.02182612
-0.01959662
0.03403183
-0.01596070
-0.02821821
0.00322232
-0.03077775
-0.03068380
0.01636473
0.03065949
-0.05026377
0.00205754
0.00563502
0.02490404
0.02286862
0.03941784
-0.00869393
-0.05575761
-0.03471806
-0.00152739
-0.05172729
0.00780618
-0.03355065
-0.04176967
-0.04018436
-0.02170147
-0.03429788
0.01450341
0.03426547
-0.00558634
-0.03470668
0.02192507
-0.04187474
0.00296797
0.01062606
-0.02199707
0.00367156
0.03985032
0.03509397
-0.00918813
0.00408152
-0.01845755
-0.01071667
0.03626103
-0.04734398
0.02684193
-0.00532419
-0.04947856
-0.03556706
-0.03690359
0.03136920
0.01060691
-0.01540609
-0.00883328
-0.04667729
-0.01282206
-0.05683936
0.04016276
0.03821367
-0.01357594
0.00886021
0.00651451
-0.04791532
-0.03998962
-0.05336853
0.03581235
0.00419185
-0.01383768
-0.01183627
0.00836640
-0.01395851
-0.01364411
-0.05488861
-0.01290336
-0.04226640
-0.03408240
-0.03090209
0.00099412
0.00006881
0.03521785
-0.03945195
0.04394134
-0.02354910
0.01283969
0.02883535
0.03280024
-0.04585589
-0.00033123
-0.03069956
-0.01271242
-0.04428768
0.00267481
-0.01721701
-0.04063996
-0.01797866
0.04009616
0.00873029
-0.01682423
0.04242757
-0.02728187
-0.02359296
-0.05391230
-0.00289322
0.01001481
0.00384273
-0.04669620
-0.05169493
0.03202191
-0.01940497
-0.00836426
-0.04753361
-0.04711304
0.01420608
-0.05024616
-0.01920781
0.02509615
-0.00134152
-0.05542033
-0.04095557
-0.01914266
-0.05501394
-0.03546220
0.02675674
-0.05141497
-0.02949958
-0.01667264
0.02025163
0.02814262
0.02576963
-0.02457614
0.02769341
-0.05691068
-0.05358199
-0.01364621
0.02477185
-0.05287182
-0.02065295
-0.04913775
0.03433514
0.16353288
-0.01982442
0.10367586
0.05380912
0.05596478
0.05251359
-0.16152021
-0.10049267
0.00211532
0.10477014
0.00161876
0.11327868
0.05295612
-0.21284477
0.16165984
-0.05424210
0.15938851
-0.22756113
-0.33403200
0.14057182
0.05575690
0.14642471
0.10455003
-0.07452288
-0.39114588
-0.15552209
-0.26180854
-0.11737106
0.01101602
0.01263613
-0.01311090
-0.14915365
-0.32028413
0.13201207
0.04429233
-0.08461436
-0.32540864
-0.43794256
-0.34133211
-0.16623865
-0.21109362
-0.29533640
-0.32327291
-0.35379842
-0.26096579
-0.18386042
-0.23215896
0.02756572
-0.23768917
0.03387240
-0.31271321
0.06728731
0.07687945
0.02989248
-0.32598415
-0.22117561
0.01413726
0.02427725
0.01393463
-0.05785586
0.06370673
0.00424273
-0.32884443
-0.01299060
0.06489264
-0.02836518
-0.05449934
-0.09133709
-0.01422184
-0.07698916
0.05661847
-0.11577747
-0.31687209
0.04652939
-0.10177182
-0.29055703
-0.04206986
0.03557711
-0.37342700
-0.18486555
0.07478452
-0.17234179
-0.16088988
0.06586977
-0.05969466
-0.27506241
-0.15142804
-0.29710039
-0.15346818
-0.25539303
-0.38789082
-0.01069028
-0.15024668
-0.27012450
-0.31976762
-0.16798314
0.00791344
0.19258614
-0.06127333
0.07979061
-0.37659386
0.03727328
-0.06866339
0.13754317
-0.05049505
-0.11163127
0.10581879
0.16043247
-0.12076285
0.01661738
0.12454317
-0.00041832
-0.04712917
-0.33798662
-0.10018538
0.02436734
0.00227368
-0.13902119
-0.10668749
-0.05094577
0.12210734
0.13343574
0.20401245
0.13419937
0.05418961
-0.26362324
-0.03144979
0.11899845
0.20765069
-0.16129524
-0.14186352
-0.12735160
0.11133552
0.16383752
-0.08261704
0.01697219
-0.08661225
-0.12757415
-0.11265209
0.04794330
0.15664782
0.10160568
0.11888752
-0.27239764
-0.10693929
-0.08966731
0.07283124
0.08579356
-0.27913785
-0.13866475
0.02274836
-0.06423046
0.08087479
-0.02448183
-0.45675948
-0.02085904
0.03986556
0.00357842
-0.08993979
-0.06642305
-0.07409263
-0.01201073
0.09786361
0.10994964
-0.02698338
0.03157126
0.02870402
0.03355310
0.19113456
0.18398777
0.06621029
0.16343592
-0.05157447
0.07743977
-0.10782834
0.19493404
-0.05243874
0.01722156
0.05321772
-0.00319524
-0.02653083
0.06059421
0.26303747
-0.10427784
-0.00441014
-0.01593893
-0.14870836
-0.00095506
0.05075577
-0.07818792
0.08676201
-0.29146475
-0.09694004
-0.24874821
-0.04290327
0.22480744
0.00639219
-0.09387412
0.01856052
-0.00857277
-0.17582951
-0.10658021
0.03463219
-0.11750788
-0.15022166
-0.05732344
-0.05158635
-0.10245542
-0.15680225
-0.29565820
-0.02302527
-0.04490490
-0.14156021
-0.41734454
0.04058981
0.04888947
-0.07263801
-0.23603635
-0.17041418
-0.06828609
0.05337066
-0.12830268
-0.23765674
-0.21001381
-0.35480452
-0.04943881
-0.21514723
-0.24207681
-0.16850223
-0.15075751
-0.12819867
-0.21298881
-0.30391705
-0.11704728
-0.06904912
-0.08816684
-0.21997420
-0.09799754
-0.12228055
0.05387356
-0.03826144
-0.37276423
-0.02989292
-0.22134987
-0.11831757
-0.02540326
-0.09236630
-0.04346862
-0.15282437
0.04870885
0.15461394
0.00328188
-0.03396802
-0.16844994
-0.47486535
-0.01759304
0.09889114
-0.03813767
-0.12094112
0.09386206
0.03287800
0.08540539
0.05177670
0.15391879
0.16197640
0.07876462
-0.05222242
-0.02336546
-0.14353290
0.15652636
0.04566525
-0.15794086
-0.05057180
0.20507753
-0.15571772
-0.11014715
-0.01554346
0.15866370
0.12179234
-0.23916855
-0.16028821
-0.19286151
-0.08595702
-0.04518600
-0.08292343
0.02172620
-0.18938398
-0.22901158
-0.14182903
0.00878063
0.06436471
-0.05901283
-0.04392885
-0.16610490
-0.07853740
-0.15825619
-0.13377205
0.01322521
-0.15146153
-0.16110992
0.05001713
0.17539454
-0.05111231
-0.18226652
0.00732745
-0.19615671
-0.13317285
0.25135165
-0.07344038
-0.09598368
-0.23089382
0.17815168
0.26048523
-0.11730377
-0.00013254
0.07188408
0.04554518
0.00827220
-0.07963453
0.14749412
-0.04968673
0.19662620
0.04929919
0.07436971
-0.35115680
-0.02187601
0.19188912
0.27667055
0.12339858
-0.35311773
-0.02334222
0.08004932
0.26108935
0.06598310
-0.05871290
0.03305242
0.05185942
0.09425095
0.24489884
0.01155949
0.07589922
-0.01658557
0.31808883
0.01705084
0.17700504
0.07941891
0.15975876
0.02737722
0.07074832
-0.03396655
0.07694057
0.15803668
0.01756397
-0.04190646
-0.07000099
0.00620989
0.12933595
0.01559328
-0.00824319
-0.16504936
0.07994134
0.08335890
0.11952154
0.05753186
0.06001310
0.19009946
-0.03488797
-0.11905518
-0.06472526
0.07871688
0.11622585
-0.03453300
-0.09710615
0.00875420
0.18112740
0.25103527
0.23284744
-0.00835418
0.02735951
0.15756957
0.23574980
0.20507096
0.20201930
0.05490890
0.10536910
-0.01853036
0.05706218
0.14104375
0.06100178
0.08946864
0.08859893
0.09918715
0.06386461
-0.01803795
0.11941816
0.03458866
0.08136090
0.01579162
-0.05449938
0.04420899
0.19331279
0.29559252
0.20046392
0.19128208
0.09045334
0.11385057
0.01403906
0.17549579
-0.14845884
0.06607885
0.00193844
-0.02564183
-0.06570211
-0.18070731
-0.02160044
0.09816042
0.08723482
-0.13914366
-0.19384725
-0.02528280
0.02306589
0.14036219
-0.02882159
-0.05877461
-0.01679129
-0.05807792
-0.07718156
-0.23419894
-0.15338174
-0.03942215
-0.16864091
-0.13564026
-0.14298336
-0.17101750
0.11070135
0.09757307
0.12349858
0.07041402
0.02279349
-0.00315813
0.16476330
0.08888387
-0.02671081
0.18232179
0.11314496
0.12446511
0.10399332
0.04074975
0.15235683
-0.04455702
-0.03618861
-0.11328619
0.03054867
0.23425855
0.10762582
0.01009695
-0.10267945
-0.16531432
0.18480700
0.09922034
0.00742787
-0.14759836
0.04944653
0.09165743
-0.00057579
0.04019081
0.02850779
-0.10572137
-0.24737561
0.15166442
0.01627450
-0.17095402
-0.19195698
-0.05196436
0.07291365
-0.04845509
-0.27508485
-0.02125696
-0.05070604
0.04384204
-0.13851146
-0.14957333
0.01722187
-0.16809797
0.07843743
0.08101708
0.05494230
-0.01870745
0.00941449
-0.06274454
0.11245503
-0.02573130
-0.08681877
0.11074136
-0.12203781
-0.10716881
0.03390511
0.01935082
0.10061246
0.19594167
0.17147882
0.02286923
-0.02569515
-0.05153563
0.04927812
-0.03863823
0.04796126
0.14423627
0.01474575
-0.00699634
-0.00324080
0.07538070
0.14246090
0.06167288
0.00178579
0.10609247
0.16861081
0.10195649
0.10593339
0.15835348
0.07212635
0.04832167
-0.07932682
-0.09696392
0.05407466
-0.15583317
-0.15151983
-0.05976721
0.02157849
0.03424763
0.09162495
-0.08144774
0.13228518
-0.06933428
0.22591187
-0.02573317
0.06214216
0.00467249
-0.00297275
0.05308719
0.04309574
-0.05861996
0.07905303
0.09008940
-0.13457388
-0.21151376
-0.18393438
-0.07795522
0.05415340
0.12521659
-0.12373107
-0.15600662
0.02679082
0.15717365
-0.01976416
0.15341794
0.16907167
0.03373197
-0.11677328
-0.02865981
0.06055447
0.01126299
0.01535300
0.01524232
0.07359395
0.03046762
0.05005619
0.24432856
0.13311562
-0.11542508
0.07178878
0.15574788
0.10995331
0.28439602
0.01651239
-0.11999173
-0.10195660
0.10030302
0.00075404
-0.04884088
0.09992076
-0.24507970
-0.14496981
-0.03118430
-0.02273778
0.05127668
0.18723661
-0.07616938
-0.06170356
0.16768593
0.11487798
0.02236885
0.01055784
0.10552976
0.04939679
0.13211296
0.08398491
-0.02274010
0.06840970
-0.02690337
-0.02132973
0.06334718
0.08258040
0.10443284
0.10620530
0.07635830
-0.04245233
0.01014467
0.09738411
0.11124833
0.13328788
-0.04265956
-0.03230026
0.16501521
-0.06705882
0.04096284
-0.03210867
-0.00999829
-0.04608367
0.05775489
-0.03036979
-0.17818202
-0.17018867
-0.00914443
-0.06760479
-0.26891729
-0.36048725
-0.26735583
-0.22275916
0.03761018
-0.02310194
-0.12912460
-0.10585932
-0.00126194
0.16041498
0.00543905
-0.03645107
0.19893239
0.14184549
0.13253018
0.05086065
0.07621440
0.11074616
0.15967485
-0.01057179
-0.05305960
-0.15005785
0.03908427
0.04778200
-0.00103344
0.01138198
0.01320408
0.06123232
0.25402933
-0.01015973
0.02974019
-0.05987386
0.05036116
0.14779353
-0.18070695
-0.00471105
0.07362214
0.07757124
-0.05971463
0.02822980
0.12294817
0.16932224
-0.03690987
0.12411754
0.05380617
0.09954896
0.18591425
0.05852769
0.11147100
-0.10925594
-0.22396508
-0.36146730
-0.32645854
-0.43405315
-0.15010050
-0.05112936
0.00192369
-0.27457780
0.00878752
-0.04096761
-0.05542719
-0.08792141
-0.12008953
0.10540254
0.19583115
-0.03536241
0.04401154
0.07411121
0.07650112
0.07672983
-0.08021300
-0.09488875
-0.09648695
0.01245688
0.07292232
0.21894056
0.21755998
0.17691883
-0.04263668
-0.04365374
-0.02409541
-0.07725897
0.06611704
0.17885646
0.03165187
0.05377857
-0.03335040
0.11489811
0.14003977
-0.01437811
-0.03137712
0.04013282
-0.04125817
-0.03982669
0.05389814
-0.00868459
0.13303961
-0.04727587
-0.05589201
-0.00643385
0.01152169
0.12072489
0.25821307
0.30480039
0.02711368
0.08441268
-0.22139561
0.03166341
0.15476224
0.01484636
0.06454431
-0.04071862
0.02779346
0.00763960
-0.04612187
-0.09331853
0.09411981
-0.09750587
0.13561726
0.03352403
0.21256748
0.03545430
0.15162615
-0.06454924
0.14502844
-0.05648852
-0.07244124
0.10411732
0.04999560
0.17512558
-0.08193188
0.02425360
0.12680821
0.12741071
0.10483830
0.02756278
-0.00635286
0.12036947
0.11062936
-0.06692214
-0.02723585
0.18732043
0.05215346
0.19529982
0.00331470
0.06815819
0.07373669
0.02038923
-0.08626311
-0.12521599
-0.00226960
0.05100748
-0.08494707
0.05864231
-0.00259404
0.06180245
-0.06084311
-0.13632385
0.05273168
-0.15455538
-0.12147917
-0.18759410
0.03945700
0.03500659
-0.13509722
-0.06993397
0.03682562
0.03540150
-0.05138413
0.03183943
0.01957835
0.03797392
0.05986369
-0.05482675
0.02878574
0.02493612
-0.31361592
-0.16223751
0.01605838
0.13026272
-0.16172606
-0.11946675
-0.14433715
-0.06619234
-0.03391752
-0.02239194
-0.14240250
0.12535453
0.20273946
0.03890011
-0.06466097
-0.21348959
-0.21374150
-0.01964998
0.07002362
0.02359191
0.15771708
-0.10729506
-0.05352008
-0.04943082
-0.03027780
-0.01758391
0.11161184
0.09380204
-0.17138170
-0.21319537
-0.01815088
-0.13259837
-0.13603555
-0.17813767
0.06756712
-0.02839341
-0.07436980
-0.04430660
0.01921729
0.02240704
-0.09068703
-0.08272711
-0.29733562
-0.03568021
-0.14373733
0.00152178
-0.17631298
0.11915519
0.11224924
0.04945545
0.28821939
0.15383923
-0.27987060
-0.10291216
0.04476110
0.01199861
-0.05085477
-0.10227648
-0.09841134
-0.10151341
0.03238734
0.07446843
-0.05596390
-0.23084602
0.12704606
0.14600293
-0.01326214
0.04717485
-0.01760447
-0.05367810
-0.08812302
-0.26378119
0.11079706
-0.20928559
-0.18630697
-0.10281540
-0.05839183
0.00748487
-0.06235480
-0.16533646
0.16499621
0.00661623
-0.06951131
-0.01780641
0.06451900
-0.01578164
-0.18307321
-0.17911491
0.10348602
0.03154102
-0.06761251
0.07431225
-0.13204771
-0.15084985
-0.01257309
0.04416303
0.11654965
0.11727279
0.09282053
-0.06563322
-0.09228379
-0.06219203
0.19681412
-0.00784870
0.16468628
-0.14395815
-0.15692800
-0.12952857
0.01790628
0.02749899
0.01595507
-0.07793424
-0.12862135
-0.07510526
0.09309453
0.06677481
0.09134330
-0.18741544
0.20380741
0.13292749
0.05877256
0.37078971
0.17934759
0.00273439
0.10423930
0.20382328
0.05800623
-0.02394074
-0.00976686
-0.02150307
0.22107422
-0.00623987
-0.08458040
-0.01604701
-0.15016486
-0.03424020
0.12202539
-0.05692825
0.01768661
0.02590214
-0.03095302
0.01505836
-0.18737122
0.10732830
0.02931225
-0.15399511
-0.10578658
-0.05137827
-0.16712618
0.09514084
-0.04255620
0.21839736
-0.11523865
-0.04139324
0.01458336
-0.02479189
-0.15440103
0.15330672
0.07954586
-0.09899976
-0.15774836
-0.10114967
0.10825107
-0.13105370
-0.09298681
-0.00118050
-0.10096508
0.10069256
0.01027856
0.07768486
0.03695336
-0.00185391
0.01613491
0.02098473
-0.34196493
0.01566289
-0.10850818
-0.07422682
-0.07620889
-0.03686857
-0.03892721
-0.00802896
-0.25965282
0.00608691
0.13136101
-0.09684473
-0.11166765
-0.02066247
0.03814122
-0.03136596
-0.23877236
-0.04892838
0.02216333
0.03226727
0.15307070
0.10372110
0.02169009
0.05344174
0.05532670
-0.01388021
0.16169161
0.18066940
-0.00338735
-0.11702584
0.11301582
0.13152665
-0.07973471
0.01062319
-0.11645851
-0.09952654
-0.03473526
0.05732626
-0.10553920
-0.16265838
-0.00135404
0.06517956
-0.03068114
-0.23237984
-0.00943260
0.07310467
-0.17290457
0.05836887
0.06003349
0.00246932
0.04433173
0.10810018
0.10796556
0.07402321
-0.26976427
-0.18716131
-0.02308161
-0.06900007
-0.05290123
-0.14612803
0.06543873
0.05749497
-0.07230275
-0.17852210
-0.00597788
-0.05535688
0.02873152
-0.04090717
-0.38694882
0.13047193
0.02438807
-0.00872451
-0.10400218
-0.13937655
0.03940197
-0.13572159
-0.10826216
-0.22380696
-0.07132787
0.11404071
-0.05362108
-0.23737706
0.11306073
0.09565742
-0.03229598
-0.25727025
0.08820777
0.07359415
0.04376835
-0.15060245
0.04310438
0.02318869
-0.05615819
-0.12112354
-0.02424184
0.11202945
0.05762501
0.12854950
0.01054386
0.01708959
0.01467913
0.14108045
0.17318533
0.03051671
-0.20559789
-0.15332197
-0.05799001
0.03289648
-0.13428211
-0.13679177
-0.17980415
-0.02583069
-0.22037558
-0.00294100
-0.12044191
0.00045396
0.03215636
-0.16742381
-0.16527028
-0.05214791
-0.01750816
-0.16777578
-0.18670221
-0.27531737
-0.19317591
-0.20417619
-0.22023952
-0.23509105
0.12637396
-0.01962440
0.15318581
-0.14969639
-0.05244132
0.13767484
0.07492520
0.07721577
-0.24504004
-0.12310138
-0.13405253
0.07414402
-0.12213118
-0.25975144
-0.14577071
0.09010582
0.13621242
0.20075493
0.02670924
0.09719971
0.13046455
-0.13312989
0.08253329
-0.05928407
-0.23084998
-0.08363826
-0.01136380
0.10779190
-0.12916341
0.04308270
-0.09384584
0.10099178
-0.12592569
0.04581607
-0.00084855
0.19565460
-0.12595342
-0.00714324
-0.14543928
0.01404602
0.14751506
0.11354041
0.14508164
-0.02001622
0.07383119
0.04205943
0.07813633
0.04589012
-0.04738685
0.01638597
0.08275789
-0.07811051
-0.06104583
0.01111520
-0.08250345
-0.04865975
-0.00672855
-0.01889434
0.13969970
0.04090677
-0.05738568
-0.15071659
-0.14338867
0.21482103
0.04976130
0.03766184
-0.06300661
0.17846768
0.05454576
0.01248715
0.10001204
0.08058439
0.04188754
-0.13745479
-0.03530680
0.08300076
0.02919268
-0.08824037
-0.08864456
-0.12252953
0.05432258
0.11150432
-0.15390912
-0.03027168
0.04906533
0.11019758
0.11465202
-0.22759339
-0.00077501
0.08821116
-0.05082292
0.00953014
-0.03085311
0.06848170
-0.08782429
-0.09977267
0.00570009
-0.09257179
-0.06970961
0.08424985
0.02969526
0.02448631
-0.07193167
-0.08220732
0.12139793
0.02660324
-0.08219765
0.04033146
-0.20090470
-0.10200699
-0.00372856
0.24248992
-0.02016471
-0.29487747
0.01676943
0.10396808
0.10977392
-0.18806063
-0.25383538
0.09607952
0.10544619
-0.06064836
0.00578954
-0.03636247
0.01609423
-0.03764870
0.10066189
0.08742938
0.15487355
0.07537701
-0.07852694
-0.11865233
0.02390141
0.05221386
0.05912766
0.08019809
-0.29061034
-0.22543509
-0.12398358
-0.07516939
-0.00716544
-0.17860472
-0.11275354
-0.04738749
-0.00256840
0.01432160
-0.07490392
-0.02112239
0.00863209
-0.04664407
0.02698333
0.01071801
0.05733750
0.12599327
0.15240720
0.13815691
-0.02889205
0.12192719
0.18437430
0.20073777
0.04108170
0.09335808
0.22980997
-0.10634528
0.05221505
-0.20560016
-0.05925598
-0.24874370
-0.09793492
-0.06902812
-0.00215907
0.00798230
-0.03426984
-0.02287088
-0.05405423
0.02242091
0.14862509
0.09578355
0.17914402
0.12442304
-0.05889905
-0.09747657
0.11592440
0.14706601
0.03065339
0.08895887
-0.31715685
-0.10716684
0.00590529
-0.00440604
0.00280045
-0.16871315
0.11396626
0.11571514
0.02991526
-0.24003030
0.08441886
0.02976131
0.04024689
-0.06335749
0.02642392
0.15409464
0.11996952
0.04088699
-0.14139046
-0.07063143
0.14944582
0.12237798
0.03021618
-0.11069722
0.00291790
0.15516816
0.25050205
-0.08793806
-0.03436988
-0.03591607
-0.01462245
-0.04940029
-0.17506501
-0.37766978
-0.23934068
-0.06195218
-0.11529722
0.04984844
-0.12614907
-0.16619834
0.00289075
-0.08132738
0.06376519
-0.02637918
-0.08353706
-0.01144909
-0.03620651
0.09241021
-0.00500085
0.06589819
-0.09655999
-0.02374279
0.15933079
0.12588488
0.00693627
0.05623341
-0.00512166
-0.01027636
-0.12247682
0.09064939
0.12466697
0.12051574
0.02897741
0.07070818
0.11834051
0.00653167
0.04715147
-0.17768179
-0.24482578
-0.07328700
0.05427065
0.01085703
-0.00518304
0.01229665
0.19756250
0.07570988
0.09183745
0.11091833
-0.12168488
-0.27543607
0.08396908
0.06575247
-0.03030497
-0.13797183
-0.10439058
0.00808518
-0.00450218
-0.06718639
-0.12680292
0.38171342
-0.01977757
0.12156098
-0.00849836
-0.11115418
0.01897075
0.12239391
0.10556764
-0.05627603
-0.09430904
-0.00563600
0.10249905
-0.05864441
-0.12215570
-0.00401667
-0.08294696
0.02319190
0.00989488
-0.07110646
-0.21906608
-0.09942791
-0.01416674
-0.04639000
0.01217288
0.03696457
0.06147331
-0.03519811
0.05865514
0.07735780
0.05668241
0.11768385
-0.10084127
0.02621166
0.15991001
0.10672432
0.24106944
0.11664939
0.17145492
-0.05233587
0.08602746
-0.03659642
-0.00589295
0.00341857
-0.03705041
0.03580224
-0.18421154
-0.03660336
0.04676110
-0.01646781
0.00572565
0.14938501
0.04126529
0.06156775
0.02138108
0.02547129
-0.04777887
-0.06898773
-0.07693644
-0.06295389
0.05430784
0.05041754
-0.22551909
-0.32085642
-0.09700470
0.04518322
0.02146973
-0.05068922
0.05689301
-0.02478355
-0.01977027
0.09384099
0.07827108
-0.12084268
-0.00804043
0.02004385
0.16545759
-0.11814705
-0.15184106
-0.02190238
0.07102878
0.08325095
0.09976693
0.14367948
-0.00598372
-0.10572420
0.05135557
0.06227943
0.22222514
-0.07594807
-0.06511810
-0.05463715
0.02085692
-0.18131192
-0.04002579
-0.02228394
-0.07475102
0.18431227
0.05496238
-0.17493632
-0.05571812
0.11830900
-0.15195498
-0.15500306
-0.02548228
-0.05936378
-0.00883711
-0.14073198
-0.27533510
-0.22379659
0.01177843
0.12031537
-0.26795152
-0.17008913
-0.02990459
0.00778702
0.16195285
-0.16055551
-0.01867912
0.09539927
0.02246019
0.06279074
-0.05186033
0.03153008
0.00456003
0.13259055
0.08307163
0.12931783
0.05733354
-0.16429433
-0.16598123
0.09269825
0.02104795
0.01015503
-0.12361146
-0.00292423
0.03185651
-0.04443077
-0.00833982
-0.06059752
0.16039371
0.08516490
0.12301073
0.06207879
-0.12977357
0.05527498
0.15541518
0.11579506
-0.00642730
-0.04178083
-0.01257835
-0.01724321
0.04057920
0.00053076
-0.01190518
-0.01283797
0.03729806
0.00966320
-0.10252281
0.00252974
-0.29601276
-0.19404435
0.11911185
0.11543955
-0.17423512
-0.24279873
-0.17011505
0.19237645
0.08060567
-0.36464882
-0.12835518
0.10695424
0.14223245
0.00635525
-0.00280813
-0.09195438
-0.01498682
0.08070076
-0.09426771
0.03133281
-0.08388205
-0.04560602
0.07680628
0.04989650
0.10384067
-0.01230689
-0.20799065
0.06926388
0.19827841
0.10118708
-0.04876734
-0.18426342
0.10877924
0.06825684
-0.11865908
-0.13677607
-0.10820087
0.03362616
0.08288056
-0.07903326
0.00874562
0.07766003
-0.07794583
-0.05309317
-0.20902894
-0.04477054
0.01252518
-0.19233817
-0.08791266
0.11320829
-0.14668190
-0.00255144
-0.21189508
-0.06056403
-0.08277073
-0.01775914
-0.08449265
-0.11886218
-0.18089175
0.02378657
0.05558656
-0.05174368
-0.14861432
-0.14841428
-0.14468844
0.02104714
-0.14400388
0.02550764
-0.14619561
-0.04668003
-0.01490492
0.01424119
-0.01485933
-0.24183242
-0.11856238
0.19948445
0.29682899
-0.33149073
0.00518647
0.13390273
-0.04247880
-0.01054258
-0.06768146
0.09461176
0.10324459
-0.02084983
0.05904702
0.00491715
0.05544259
0.01372878
0.03613402
-0.03747302
-0.10294245
0.04179962
0.18209249
0.01338615
0.00205087
-0.10778660
-0.05367657
-0.11953088
-0.15187253
-0.11339962
0.06800787
0.16553913
0.01222270
-0.15285598
-0.42117044
0.04387736
0.06220371
0.04012595
-0.11282338
-0.33770391
0.14603436
0.00572595
0.13557827
0.10539722
0.02370154
0.07402267
0.08070584
0.06513152
-0.05502803
-0.18598816
-0.22675130
-0.06314697
-0.10533260
-0.11900028
-0.01975574
-0.14292245
-0.33202648
0.03286394
-0.01312016
0.03992196
-0.08844563
0.04462692
0.23013090
0.12343097
-0.11257418
-0.02605284
-0.08149803
0.15306242
0.03605720
0.04808801
-0.06766705
-0.05492320
0.03807302
0.00652767
0.14324997
0.07274660
0.09248998
-0.11429422
-0.01232104
-0.07563818
0.10377796
0.14391518
-0.03300756
-0.16544047
0.02066472
0.00985689
0.01546942
0.00576467
0.00725273
-0.00164740
-0.00127304
-0.06910685
-0.01599977
-0.03091616
-0.03455299
0.15316680
0.03923190
-0.08766483
-0.03190599
-0.08808615
-0.24568447
-0.11264827
-0.04540186
0.06610415
-0.06014703
-0.22331747
-0.19335063
-0.02243374
-0.07749148
-0.15001330
-0.00797668
0.16188449
0.09420086
0.04870607
-0.13413626
0.02858275
0.12616517
-0.01905239
0.00087771
-0.08007070
0.01348639
0.09028203
0.14895733
0.04706485
-0.01439287
-0.11106258
0.00574869
-0.09298322
-0.12061065
-0.05071090
0.01570182
0.15489797
-0.15871209
-0.22251791
0.10126336
-0.06173740
-0.07071474
-0.09164995
0.00251981
0.04045664
-0.17343833
0.16735518
-0.08467136
-0.06282382
-0.02975561
0.13145649
0.14428140
-0.05429639
0.04570890
0.22674975
0.11063794
0.09345821
0.13240212
-0.04812642
-0.14114133
0.07542533
-0.07780982
-0.00722076
0.03342992
0.14689925
-0.08340595
-0.20121950
-0.10845822
0.02675452
0.08086624
-0.02433111
-0.23226012
-0.17042141
0.13636549
-0.07728382
0.02617768
0.00819838
0.01058803
0.05589577
0.00193044
0.02826242
-0.07395443
0.03577025
0.05395398
-0.06085399
-0.00528877
-0.01751390
-0.01072389
0.09638765
-0.13314722
0.04057061
0.03999866
0.01327945
0.00005749
0.13093947
0.03506784
0.13022628
0.05469640
0.00841534
0.10637296
0.13284472
0.16664621
0.11401493
0.05713739
0.01543498
-0.05947828
-0.05863073
0.01918137
0.05284919
-0.03868047
-0.27626750
-0.08179872
-0.02967450
0.01763055
0.07367442
-0.14725561
-0.16652961
0.04554460
-0.10025089
-0.00332868
-0.12395200
0.02242208
0.10404918
0.02366954
-0.01671034
-0.19687319
-0.04275655
0.09077568
0.03597254
0.08986780
-0.06028755
0.07529610
0.16127788
-0.01994337
-0.07462364
0.08028088
0.14834909
0.06948868
-0.06176761
-0.15188704
-0.08148941
0.03578364
0.00472401
-0.04779546
-0.15717445
-0.10532050
-0.08175901
-0.17246015
-0.03944587
-0.21586974
-0.01166767
-0.10980258
-0.14143692
-0.11081955
-0.18028036
-0.13464065
-0.16962606
-0.06895017
-0.09857924
-0.02118945
-0.20317620
-0.09897850
0.16628139
0.04764165
-0.06282926
0.02714672
0.10620349
0.01168805
0.06544735
-0.10223360
-0.08859814
0.03927976
0.14648166
0.09181007
0.04742457
-0.36018461
-0.08372912
-0.00311476
0.02045262
0.18343492
-0.10702706
0.08479755
0.24138972
0.00187924
-0.04388255
0.05058029
0.19070083
0.02543222
-0.01289264
-0.05953559
0.08272521
-0.00574879
0.01135340
-0.05022850
-0.18969677
-0.10259405
0.01726664
-0.20125747
-0.22323143
0.02123181
-0.00609617
0.22780219
0.03562672
0.06223876
-0.17138036
0.12363429
-0.01302950
-0.19737792
0.11633789
0.04425610
0.05542951
-0.03951105
-0.04473820
0.10250916
0.06740867
-0.06941493
-0.03609366
0.15458721
0.07930490
-0.04088536
0.00677641
-0.01914137
-0.04406116
-0.29698491
-0.57606483
0.07775061
0.07977291
0.05626628
-0.24336626
-0.29800361
-0.04030431
-0.05856450
-0.09428718
-0.08079629
0.24122010
-0.17452611
-0.25697154
-0.02199127
0.04897753
0.20070514
-0.06416352
0.04875819
0.09732053
0.11275820
0.10662121
-0.22143078
-0.06739341
-0.10240118
-0.15407346
-0.04609264
0.17444964
0.05044356
0.13092974
-0.14667174
-0.01227218
0.08685543
0.10797366
-0.02479703
-0.00847479
0.15905771
-0.26179689
-0.16153641
-0.19515489
-0.09588581
0.08265439
-0.03791335
-0.19523360
0.00643029
0.09352715
0.14530009
0.14210966
-0.35526210
-0.24870986
-0.09859602
-0.23356828
0.03352079
-0.03834616
-0.03803035
0.21791412
-0.00826815
-0.01856574
-0.12557185
-0.11676122
0.21789636
0.04414437
-0.05237341
-0.00938069
0.13242559
0.09759705
0.02512743
0.03167208
0.06997899
0.05783738
-0.01959036
-0.07898265
-0.24049313
-0.13946030
-0.14678855
-0.09341042
-0.12105245
0.02847384
-0.18197656
0.05035539
0.23343767
0.13310237
-0.04150617
-0.05210559
-0.36142814
0.02161186
0.12286990
-0.20115766
0.14651251
-0.01952882
0.02143639
0.04086196
-0.06501483
0.01053775
0.04803592
0.06601837
0.22074918
-0.06619328
-0.04392421
0.04244428
0.00315819
-0.05610186
-0.19549157
-0.01946248
0.19911873
0.07836021
-0.07709561
-0.05563192
-0.16954596
-0.04599246
0.03678445
0.04593206
0.10483553
0.06264310
0.13232875
0.08176668
-0.10380370
-0.09926774
0.01249456
0.09915575
-0.03397069
-0.13725787
0.01999203
0.03426339
-0.01097089
-0.01355613
-0.27394423
-0.07785816
0.01965240
0.16028276
0.10735603
-0.16604285
-0.11014504
0.09597693
0.20817798
-0.09637200
-0.11938901
0.04703763
0.01349799
-0.02341213
-0.06151193
-0.03625155
-0.03271640
-0.01741949
-0.02984505
0.06634435
0.07007055
-0.17560960
-0.00562139
0.16871440
-0.02126028
-0.12964904
-0.17495945
-0.09819339
-0.08278833
0.03102536
-0.02006628
0.10538690
-0.12092482
-0.04334142
0.10070819
0.00641505
0.08662073
-0.01923409
0.11155459
0.16622004
0.04748352
-0.12776163
-0.01263644
0.05288044
0.32542565
0.05305016
-0.04088850
-0.27742293
-0.19024268
0.00600147
-0.04554830
-0.09395186
-0.03592718
-0.10021845
0.03524020
0.06506684
-0.12043095
0.01844276
-0.01466492
0.04706999
0.05606844
-0.00676493
-0.15797091
-0.00309642
0.02708954
0.09914569
-0.04544040
-0.19930805
0.04626248
0.21720563
0.18212651
0.02617501
0.00012251
-0.16438535
-0.14001285
-0.04902145
-0.25616547
-0.04458579
0.05596792
-0.03518470
-0.07349662
-0.20582184
0.00953282
0.10263851
0.01026839
-0.10762309
0.03838569
0.07264460
0.12696400
0.02231862
-0.10715466
0.08480151
0.13912956
0.10676380
0.07456101
-0.10571097
-0.05069350
-0.06640518
0.02102533
0.12447107
-0.21011284
-0.02210138
-0.27214178
-0.21136066
-0.06161775
0.09480853
0.01839321
-0.13680001
0.09303533
-0.10210491
-0.12404276
0.02046173
-0.00884992
0.08368434
-0.23037323
-0.07308712
0.04555652
-0.19493946
-0.00862390
-0.18712580
-0.00817698
0.01473648
-0.04429520
0.04741347
-0.09666868
-0.02299433
-0.09612598
-0.06179142
-0.12645125
-0.12242655
-0.08752882
-0.02034296
-0.10169540
-0.12066287
-0.03858498
-0.20686962
-0.11541807
-0.01844793
0.04804909
0.06992041
0.11201748
-0.07641808
-0.06983060
0.04121594
-0.01212465
0.14042905
0.00797038
0.04873782
0.08246782
0.06797946
0.02670260
-0.11032239
0.01151417
0.08822111
-0.03184704
0.01347922
-0.16149785
-0.03947917
0.11430805
0.06302845
-0.06548987
-0.21904734
-0.04949965
0.14272298
0.07297029
0.14710709
-0.07749677
-0.24134375
0.06101844
0.11871811
0.09586848
0.10252611
0.11123756
0.08266725
-0.00808826
-0.15006454
0.01716672
0.06008548
0.15595897
0.10530695
-0.15935560
-0.04821089
0.06615682
0.07840885
-0.07047130
-0.03093009
0.00115172
0.05640100
0.00673586
-0.07737410
-0.17781661
-0.10434375
-0.02678796
-0.04869664
-0.10075433
-0.12159886
0.05297953
-0.04148140
-0.06712513
0.26355466
0.00797454
-0.06194393
-0.07885044
-0.02510733
0.06810972
-0.23219308
-0.07245152
-0.10494810
-0.05835617
0.04086664
-0.10064126
-0.11801907
-0.18882012
-0.06197077
0.05469161
-0.09843095
0.05026440
-0.13760211
0.05709026
0.01334985
0.04533790
0.02331037
0.08942527
0.02404697
-0.03624750
0.04805543
0.08853968
0.04886088
-0.01459435
-0.00280007
0.12857057
0.05648766
-0.03550247
0.01823645
0.06518254
-0.05435225
0.01475935
0.16062164
0.10924027
-0.02695246
-0.04648170
0.14397480
0.17549896
0.03095775
-0.12843992
-0.10952563
-0.05964084
-0.17208479
-0.09540234
-0.17387000
-0.09023099
0.01175363
-0.01841994
-0.03906087
-0.14662731
0.04294496
0.01102614
0.03149926
0.06587195
-0.07694250
0.09344652
0.08709543
0.01107474
0.01145723
0.06864617
0.21210520
0.05686617
0.04751164
0.15121607
0.04429056
0.17965710
-0.05092504
-0.02894933
-0.09246776
-0.20735861
-0.31256250
0.06372131
0.12616926
0.03591704
-0.07508296
-0.23178941
0.10754468
0.11315239
0.12897110
-0.17834416
-0.10577952
0.02791733
-0.05957357
-0.03190801
-0.11933441
-0.10331988
-0.12147211
-0.07056836
0.10117075
-0.09234407
-0.18847246
-0.08972964
-0.03567577
-0.06956100
-0.10622092
0.14100383
-0.12829687
-0.08545868
0.03984278
-0.03948707
0.03326888
-0.22807214
0.09961203
0.01068402
-0.03502464
0.07920004
-0.05422449
0.00981413
-0.03076988
-0.07216385
-0.13865840
-0.04708957
-0.14044908
0.04061130
0.14190316
-0.02409287
0.03968518
0.08246156
-0.10620341
-0.14926413
0.01772013
0.04920738
-0.10862979
-0.09601692
0.11036298
0.05438432
-0.08395363
0.02940012
-0.05817277
0.00608473
0.07679124
-0.06824672
-0.07034622
-0.07525899
-0.00770816
-0.08894964
0.15539503
-0.07585058
-0.24393833
-0.15019001
-0.03599190
-0.04948968
0.00928847
0.00468881
-0.04371432
-0.01246375
-0.00949302
-0.02229650
-0.01187438
-0.03050939
-0.00598554
0.00276996
-0.01269778
-0.00640530
-0.01305421
0.00001404
0.00068710
-0.01744907
-0.02124405
-0.03532348
0.03936682
0.03050597
-0.09091841
-0.06676026
-0.01807338
0.01846583
-0.01092169
0.01244595
-0.03495366
0.02227975
0.03446473
-0.01287001
-0.03607512
-0.04585828
-0.03661691
-0.04712546
-0.06909680
-0.02550991
-0.02523514
-0.05888978
-0.03222461
0.03621100
0.04732991
0.00687711
-0.00287191
0.00008643
0.04371625
0.00606838
0.02247100
0.02511981
-0.00874685
-0.02738313
-0.01562086
-0.02123042
0.01284322
-0.07550926
-0.02450120
0.01593930
-0.00624696
-0.01054739
-0.03813904
-0.03439362
-0.04721488
-0.04036778
0.00179975
0.01231475
0.03641593
-0.03896073
-0.05357037
-0.02251829
-0.00678449
-0.02884036
0.02121897
-0.01038379
-0.00804057
-0.06860942
-0.00125442
-0.03816124
0.02435281
-0.00826043
-0.03504751
0.01171733
-0.04016582
-0.06390582
0.00238909
-0.04098852
0.02408003
-0.00234085
0.03413998
-0.04868511
-0.01912011
-0.02136559
-0.05272627
0.02988112
-0.02961425
-0.03867548
-0.04968312
0.03382640
-0.02406576
0.00683197
-0.01867875
-0.05336645
-0.06053673
-0.09351835
-0.04614448
-0.07242458
-0.02593388
-0.06141295
0.00686313
-0.01728752
-0.01093813
-0.03556033
0.02428405
0.01115789
-0.02340929
-0.03519450
0.03921722
-0.01739337
-0.03725071
-0.06321065
0.01153042
0.01172312
-0.01449805
-0.04728007
-0.01601173
-0.02726069
-0.05371408
0.02553969
-0.01307464
-0.03513889
-0.03573760
-0.07899348
-0.07931546
-0.00435076
-0.01789434
-0.05260455
-0.03555556
0.00135307
-0.04007085
0.01668278
-0.01214047
-0.01030066
-0.01247784
0.04317405
-0.03432753
-0.03101533
0.00176627
-0.03894671
-0.04980994
-0.04003872
-0.03184446
-0.05463128
0.02725758
-0.02997696
-0.00488696
0.01255671
0.00144301
-0.03030002
-0.03825928
-0.02700762
-0.00297986
-0.05561934
-0.02507105
-0.02758553
-0.00808262
-0.03743499
-0.04541421
-0.00709603
-0.05010437
-0.03082160
-0.03369255
-0.00892728
-0.03190214
-0.07201461
-0.02206988
0.03724914
0.00240429
-0.02648615
0.00212357
-0.02113768
-0.01267713
-0.05497500
-0.01218775
-0.05823732
0.03470261
-0.04035037
-0.01202392
-0.05056202
-0.00073119
-0.02619805
-0.03989171
-0.02618526
-0.03417049
-0.06186324
-0.01846299
0.00784973
-0.01049131
-0.01288393
0.01407178
-0.01609680
0.03837325
-0.02034318
-0.05295676
0.02474593
-0.04814197
-0.02350164
0.00439059
-0.06563059
0.02793227
-0.00662630
-0.01976121
-0.02424327
-0.07710445
-0.00807928
-0.01496112
-0.00654985
0.00477223
-0.00783027
-0.04058881
0.02213095
-0.01854329
-0.03815537
-0.02071001
-0.01857054
0.02919786
-0.04533566
-0.04222443
-0.05326920
-0.06508865
-0.00697569
-0.02903707
0.02025049
-0.01925246
-0.03540298
-0.00438456
0.00245956
-0.05817910
-0.05284847
0.00001254
-0.03717557
-0.05471626
-0.00351537
-0.05043114
-0.01907435
-0.01795134
0.03039923
0.00263759
0.01958495
-0.03563653
0.00018403
0.01296879
0.00262096
-0.00105492
0.00301538
-0.04038941
0.00985609
-0.04573993
-0.04170045
-0.02996087
-0.06937639
-0.05188177
-0.03586177
0.01306990
-0.01137915
-0.02515371
0.01197649
-0.05007349
-0.02778312
-0.07620320
0.01177420
-0.03862414
-0.04686965
0.03664685
-0.03415725
0.00200613
-0.00234975
-0.04090353
-0.00185743
-0.01947761
-0.00856346
-0.06738582
0.00742255
0.00104581
-0.02191316
0.00462197
0.01384634
-0.05185519
0.01568356
-0.05720014
-0.06991483
0.01385782
-0.03880691
-0.07279789
-0.07735835
-0.04214799
0.02959838
-0.05610636
-0.01480623
0.00045937
-0.04040246
-0.05578408
-0.01828197
-0.04078140
-0.04478687
-0.08030275
-0.06426379
-0.02206251
-0.02636109
0.00451808
0.04227369
0.04231799
-0.02362184
0.03651936
-0.01416568
-0.02435317
-0.05040092
0.01384810
0.01243413
-0.05343964
0.03263772
-0.01765685
-0.01572862
-0.04649207
-0.00898049
-0.00045750
-0.02497160
-0.03739736
-0.03698009
-0.01534851
0.00847641
-0.07666572
0.01040647
0.00918786
0.00188223
-0.08164213
-0.07152824
0.01077564
0.01610590
0.01234069
-0.01902681
-0.02385588
-0.04942214
0.00144816
-0.00498145
-0.06160987
-0.02429341
-0.05383692
0.01128295
0.01064374
-0.05400541
-0.07783139
-0.02807986
-0.00556168
0.02674467
-0.03853803
-0.02483729
-0.04142269
-0.02667456
0.03174321
-0.00420162
-0.03516082
-0.03026348
-0.04312449
-0.02689431
-0.03966299
-0.00353708
-0.03436390
0.04139993
0.02399894
-0.04218160
0.01427878
-0.01663936
-0.00125671
0.04523082
-0.07086108
-0.05701894
-0.02763928
-0.01261483
0.01008189
-0.04114224
-0.05030720
-0.02338713
0.03569259
0.02591856
0.00429097
-0.02196559
0.03963336
0.00233125
-0.03221925
-0.06648816
-0.04434995
0.00918842
0.00937037
-0.04963834
0.02483498
-0.00697618
-0.03815030
0.00509205
-0.02562811
-0.08090470
-0.08399107
0.02522221
0.07900210
0.01824472
-0.34463850
-0.06616624
0.02387367
0.27827418
0.08634076
-0.09365760
-0.17610389
0.02553197
0.12507814
0.28784183
-0.00145098
-0.08752757
-0.13639607
0.11537175
0.18469608
0.10430998
-0.00678108
-0.08940750
-0.05952875
-0.16932003
0.01228250
-0.14536539
0.03499119
-0.07593951
-0.04455658
-0.10174375
0.01672097
0.11360047
-0.03615011
-0.16060258
-0.09654922
-0.13522671
0.25092891
0.18495077
0.12721176
0.07398117
0.08959015
0.04765153
0.01870054
0.08511421
0.15267056
0.29965681
-0.20160238
-0.04572110
-0.04170277
0.01866147
0.04669005
-0.39448094
-0.18579362
-0.23208186
-0.03815752
0.01984160
-0.07023607
-0.12688529
-0.15878917
0.00105610
0.01205068
0.11605064
0.03220825
-0.02798757
-0.07489977
-0.15262187
0.02168565
-0.01198667
-0.10734661
-0.02312255
0.12126829
0.04773268
0.01131673
0.13616598
0.13583077
-0.10920394
0.11384239
0.20945242
-0.02715202
-0.04353990
-0.19887722
0.11847999
-0.03332007
-0.12056832
-0.02752908
-0.11911090
0.02030358
0.03586233
0.09526630
0.01933227
-0.00852211
-0.05851024
-0.05092950
-0.05030248
0.05632558
-0.10899037
-0.08872402
-0.16643597
-0.05515525
0.02950873
-0.01856455
-0.03004961
0.22173065
0.02597653
0.03905681
-0.23421793
-0.10901568
-0.05105519
0.05739677
0.10998543
0.09645447
0.21018845
0.00217883
0.01974908
0.03403512
0.06702303
0.07546428
0.01985344
0.03060456
0.15441135
0.03658881
-0.00982661
-0.07130872
0.03424080
0.02259809
-0.05174297
-0.16467547
0.01350906
0.00677946
-0.11877441
0.04414248
-0.15435104
0.12127038
-0.07980879
-0.11429517
-0.10662685
-0.01202141
0.08179918
0.17339335
-0.04313125
-0.14933909
0.06285458
0.06520109
0.11551628
0.02556282
-0.05276163
-0.09726888
-0.12697744
-0.01749221
-0.20124169
-0.01749356
0.05524791
0.18625601
0.08683814
0.11528386
-0.18174924
0.03465701
-0.04332944
0.14709015
0.05370133
-0.00882299
-0.06371974
-0.07969481
-0.03370115
0.20152499
-0.10154488
0.05326205
0.05645820
-0.07035465
0.00841654
0.05573594
-0.03602242
0.01171832
0.01168599
-0.05071989
0.08544545
0.09608440
0.24417123
0.11428874
-0.04172127
-0.22467142
0.03751792
-0.04026433
-0.03729469
-0.04313069
-0.03767410
-0.01495876
-0.23778015
-0.01429970
0.08457538
0.01069121
-0.02357717
0.01698436
0.03372546
-0.00929794
0.14918609
-0.09347890
-0.14998145
0.01651702
0.02543413
0.08591382
-0.31733081
-0.31624866
-0.12818412
-0.11143985
-0.00617862
-0.24805529
-0.12104250
-0.05047243
-0.10954557
-0.13471191
-0.05210421
0.04507226
-0.03294428
-0.09365679
-0.02287910
0.17962697
0.04652463
0.14787079
-0.05609051
0.01648244
0.10112891
-0.05580539
0.02161194
0.14296809
-0.08103462
-0.08871142
-0.08709262
0.09837725
0.19655868
0.16187061
0.15049103
0.18006566
0.10511861
-0.11899371
0.06297845
-0.09624396
-0.02854197
0.03343346
0.06696367
0.05450555
0.07357108
0.07406721
0.04123221
-0.10709902
0.02713421
0.03819536
-0.05195284
-0.08160758
0.04344569
0.07372358
-0.11409540
0.07655121
0.00640933
-0.00444555
0.05711807
-0.00538574
0.04368074
0.06784397
0.07430604
-0.08556635
-0.05605701
-0.12689459
-0.11404920
0.04895507
-0.16130376
0.17852481
-0.04042077
-0.07367005
0.07845836
0.00643453
0.07879356
0.06262362
0.17459428
0.03976934
0.05433230
-0.03402187
0.03235852
0.11151111
0.20461611
0.15833198
0.17944260
0.22704251
0.10214422
0.04857481
0.07218129
0.01850913
-0.10928313
-0.06168538
0.11201965
-0.08667909
0.05596927
0.00245675
0.07443516
0.01326979
-0.09891724
0.18409432
0.13713707
0.02862630
0.07385047
0.03258511
0.14087868
0.16778283
0.12492379
0.09203860
-0.14571775
-0.02408966
0.08892034
0.06172123
-0.00021556
-0.02926205
0.00583325
-0.08140902
0.10948727
-0.04854040
0.05771400
0.00519225
0.03315125
-0.07142036
-0.06804741
-0.03912743
-0.27219781
0.02112908
-0.11375874
-0.08165412
-0.01430301
-0.18942499
-0.06570438
0.01606719
0.11947599
0.30711037
-0.15967162
-0.08352650
-0.01479441
0.08636238
0.15732351
-0.12742971
0.05477338
-0.10134187
-0.09058702
-0.06538646
0.02454531
0.01140742
-0.10049133
0.16373621
-0.11989804
-0.18655619
0.00523706
0.09726237
0.09518324
-0.04312738
-0.07692260
0.09615204
-0.04890683
0.04776011
-0.05528010
-0.10151259
0.11374871
-0.22639304
0.04055596
0.11560496
-0.15672900
-0.09592478
-0.12814745
-0.05484930
-0.01314103
0.06979804
-0.05523302
-0.06509515
0.01542387
-0.00574664
-0.14520204
-0.06700651
-0.00795543
0.02995036
-0.03359034
0.01793525
0.11754556
0.14556281
0.00264724
0.10122823
-0.03635413
0.15431362
0.08196793
-0.11910602
-0.05554789
0.02579830
0.12376808
-0.01464342
-0.15307231
-0.13769844
0.17296620
0.20304355
0.25983533
-0.06200267
-0.03430082
0.22294371
0.25261739
0.06105705
0.02660517
-0.02010407
0.00312356
0.10014038
0.20194834
-0.07096526
-0.21567707
-0.04679690
0.06122699
0.11684568
-0.05876832
0.01231843
0.18079422
0.03076179
0.16494428
-0.02400797
0.14324436
0.10723691
-0.09077419
0.13061860
0.08206347
-0.06395823
0.05595427
0.04435641
0.17124337
0.17218918
0.08812979
0.05698890
0.05252756
-0.20404144
-0.19557264
-0.23898748
0.06828889
0.16079490
0.09957904
0.04029690
-0.12243233
0.03189607
0.07623728
0.03944033
0.07894700
0.04663054
0.13771288
-0.19024478
-0.26157865
-0.15368785
0.04014938
-0.05769408
0.05751719
-0.17567779
-0.08695944
0.15954399
-0.14997220
-0.14625014
-0.17079008
-0.24738237
-0.17870207
0.19598490
-0.09274354
-0.22473325
-0.10355306
0.04992048
-0.10680833
-0.25597236
-0.17929989
0.04408350
0.05101450
-0.00005199
-0.00871634
-0.18051228
0.04378222
-0.11202316
-0.25803140
0.10178666
0.03420375
-0.14002116
-0.07789733
0.20593382
0.16162123
0.02489566
-0.06823616
-0.02616966
-0.04375600
0.10052989
0.17040990
0.17580943
-0.03219683
-0.14076403
-0.14985295
-0.09781709
-0.01139544
0.01021841
0.06038871
-0.04711535
-0.02260407
0.06897101
0.07061855
0.01524069
0.07596612
-0.00732549
0.02275159
0.29019293
-0.03345911
0.00188732
0.11289911
-0.03688974
-0.07609023
0.01349699
-0.01386059
0.08107550
0.19160140
0.13173069
0.03291191
0.07736300
-0.16013321
0.11592375
-0.04298130
-0.12970749
-0.13839790
-0.18325093
0.06713428
-0.01850796
0.26221263
0.02562474
-0.08387230
-0.00224486
0.14623484
0.04055901
-0.05117065
-0.01500139
-0.05980060
-0.22459379
0.33118570
0.16635659
0.01526703
0.03621605
-0.00352772
0.17024213
-0.13599338
-0.10656091
0.18114725
0.19750778
-0.12695816
-0.10414477
-0.15776059
0.07115593
0.15257700
-0.21881205
-0.24199969
-0.14812203
0.08206689
0.09952416
-0.02237505
0.17353079
-0.04507785
0.08579743
-0.24267159
0.03679321
0.12832870
0.09813585
-0.01174186
-0.04241267
0.06249367
0.15840365
0.08915317
0.16007639
0.13401993
-0.04086985
0.15522043
0.15251072
0.36529803
0.08455303
-0.03151109
0.07825634
0.00230790
0.34614587
0.03403301
0.11033165
0.18147954
0.12321119
-0.27401677
-0.10789158
-0.01475184
0.09647668
0.00762393
-0.07260606
-0.17871010
-0.12181664
0.08256261
0.29956332
0.04091214
0.03078380
-0.18523850
-0.01894880
0.05795606
0.05016384
0.08752709
-0.00916175
-0.15647189
-0.02657673
0.38955656
0.08445664
-0.07703178
-0.26673290
-0.23137034
-0.27074310
-0.28103369
0.12437583
-0.15159586
-0.36326665
-0.14508294
-0.03151182
0.05659425
-0.26855296
-0.14008902
-0.02892200
0.06713018
-0.26369494
-0.02386754
0.01939166
-0.04377989
0.00865109
-0.14118937
-0.15919749
-0.12311734
-0.21177979
-0.24728586
0.07203926
-0.15410693
-0.62828112
-0.39111194
-0.25180587
0.11947725
0.13260135
-0.01755176
-0.03865206
-0.27066210
-0.02631547
-0.07313851
-0.02756640
0.21195386
0.17960881
-0.12538217
0.04426220
-0.01739224
0.09993190
0.32450965
0.00013459
-0.14207749
-0.10232664
-0.19899212
0.08366533
0.15931982
0.23698868
0.13326988
-0.31863695
-0.03329071
0.15126824
0.19675058
-0.08623338
-0.14691254
-0.05231933
-0.05258397
0.26146019
0.07774809
0.06398899
-0.00660068
-0.13448615
-0.00228969
0.15988031
0.11725304
-0.12586826
-0.06556581
0.06648610
0.11290897
0.20230682
0.03803851
-0.00023529
-0.25861430
0.09277124
-0.01327914
-0.04558295
-0.03287340
-0.16660762
-0.24775313
-0.26358092
-0.32207331
0.06005319
0.13730174
0.09274373
0.16404992
0.04413151
0.01891932
-0.01985996
0.00974276
0.04008888
0.08497539
-0.12080375
0.02746185
-0.07747610
-0.14315134
-0.06363054
-0.05383877
0.09313093
0.09719166
0.15205020
-0.09530843
-0.15710525
-0.03639958
0.19327836
0.00755200
-0.08636016
-0.10306913
0.11932331
0.13635145
0.09160058
-0.09014293
-0.07148620
0.08241104
-0.08286456
0.07526343
-0.06838953
0.10926303
-0.13615873
-0.14316022
0.13891698
0.18874601
-0.08124093
-0.04993013
-0.01397275
0.08864526
0.14670405
-0.04563879
0.03197529
-0.06873437
0.15890725
-0.13407551
-0.07844566
0.08220804
-0.26461619
-0.14955646
-0.18365873
-0.11047257
-0.02610790
-0.11291230
0.02905999
-0.01689298
-0.09522546
0.00226881
0.11656839
0.15007883
0.00906486
-0.05796791
0.08927565
0.23889187
-0.07433059
-0.15671694
-0.15718296
0.04967315
0.13308048
-0.06274492
0.01318284
0.14868818
0.00782207
-0.00518187
-0.01254466
0.02130239
-0.05415131
-0.11594337
0.04031494
0.06939480
0.06376275
-0.18849093
-0.02240833
0.04794201
-0.14940430
0.19631049
-0.09945885
0.10836855
0.06474592
0.02029933
-0.11745715
-0.14740525
0.11286082
0.14156345
-0.02920906
-0.26528332
0.26920557
0.08728526
0.02117573
-0.07077672
-0.07003603
0.21510777
0.16098785
0.08357351
-0.05636951
-0.02172097
0.10585941
0.04609954
0.00562290
0.02282494
0.02610682
-0.02895151
-0.00662226
-0.03386685
-0.05499622
-0.01463309
-0.01591649
-0.01638013
0.02117439
-0.01299897
-0.05233272
-0.04964104
-0.01358752
-0.03504363
0.01647225
-0.01011923
-0.03153710
-0.01393598
-0.06015458
-0.03106475
-0.01207742
-0.00154926
-0.05217706
-0.03497151
-0.03890474
0.03422033
0.02537637
-0.02058535
-0.00618926
0.03696464
-0.00747682
-0.03437783
-0.01179377
-0.03265232
0.00955597
-0.03667171
-0.01017167
-0.01385907
0.01168685
0.02943880
-0.05377105
-0.02217663
-0.03950483
-0.04588694
-0.00465780
-0.04822796
0.02729818
-0.01924946
0.03473565
-0.01190759
-0.04235567
-0.03665407
-0.00882605
-0.03207696
-0.02506638
-0.04406838
0.00656392
0.04241528
-0.04759325
0.00972961
-0.05444882
-0.02648306
0.00912553
-0.02120568
0.01767080
-0.03270902
0.03857146
-0.02202115
-0.00901381
-0.03272049
0.02620926
-0.04114480
0.01640829
-0.03852858
-0.06180956
0.01335140
0.01085256
-0.02241578
-0.02062294
-0.01429379
-0.05070737
0.00892346
-0.05197187
-0.06796073
-0.03646036
-0.03337513
-0.06530706
-0.04205566
0.00010609
0.03422179
-0.01605570
-0.01308913
-0.03727343
-0.03058953
0.03460850
-0.00795091
-0.04766181
0.01395545
-0.03053312
0.01462992
0.02580207
-0.00725956
0.02845962
0.01897029
-0.01005076
0.00217659
-0.03684109
0.02146430
-0.00073267
-0.01926989
-0.01954563
0.03797213
-0.03132731
0.00346700
-0.02972619
-0.00299633
-0.00809531
-0.05953753
-0.04956639
0.03774543
0.00797268
-0.02354206
0.03019505
-0.02509072
-0.00237581
0.00109611
-0.05042709
-0.02428990
-0.01337069
-0.03202782
-0.03931303
-0.00573213
-0.02522172
-0.00401450
-0.00913798
-0.00179436
-0.05404922
0.02185479
-0.00776032
0.02153900
-0.03662600
0.01775912
-0.01278999
-0.00644704
-0.01432088
0.01707804
-0.00291631
-0.05809977
-0.04601549
-0.01428042
0.00561118
-0.05087026
0.02492657
-0.00114532
-0.05036874
0.03494069
0.01859320
-0.01241505
0.00438177
-0.04139808
0.00558907
0.00941047
-0.03960294
-0.02870310
0.01703385
0.03207165
0.00627079
0.01386732
0.02976584
0.02542210
0.03137348
-0.01661433
0.03341512
-0.05434065
0.00111808
-0.01785073
0.01002941
-0.03468320
-0.01223231
-0.05008075
0.04532488
-0.00697980
-0.06421359
-0.06130737
-0.06633637
0.01143445
-0.03405698
-0.01692302
-0.00889044
-0.02474836
-0.03584284
0.00756276
-0.00074319
0.02385780
-0.00341655
-0.02358220
-0.01399868
0.00178683
0.01001903
-0.00321952
0.04604851
-0.03521911
0.03551982
0.03173747
0.03203227
-0.01222565
-0.03969277
-0.04157939
0.02872261
0.00249184
-0.05051610
-0.01590674
-0.03587863
0.02545762
-0.04714188
-0.04567431
-0.04109532
-0.05116235
0.01706546
-0.00548720
-0.04866480
-0.05585000
-0.04425146
-0.01317605
0.00456365
-0.04323727
0.03329207
-0.05219631
0.02479704
-0.06476989
0.02040545
-0.04995925
-0.02368108
-0.01337759
0.00101302
-0.01356732
0.00065321
0.04406133
-0.02046557
-0.01672904
-0.06841007
-0.00777998
-0.02958524
-0.05110962
-0.04055711
0.00532029
0.00191746
-0.03440485
-0.06231282
-0.00990878
0.00998292
-0.03384857
-0.00775379
-0.02758711
-0.04016227
0.02360448
-0.02412211
-0.01815149
-0.04594678
0.00762051
-0.01090098
0.01856390
-0.00718690
-0.02440602
0.00173113
0.03521503
0.01351019
0.00819706
0.02450626
-0.03533818
-0.04742908
-0.04548824
-0.01395899
-0.04284871
-0.02821250
-0.02611404
-0.01051834
0.01241970
-0.02228844
-0.02448166
0.02779062
-0.02500240
-0.04888585
-0.01781145
-0.03616711
-0.01087190
-0.00450561
0.01067667
0.01846871
-0.04397394
0.02549909
-0.03806729
0.03380155
0.00981501
-0.04539746
-0.00555045
-0.02574057
-0.00207817
-0.00340745
-0.02529247
-0.01058262
-0.00581955
-0.02615798
0.01793142
-0.01161924
-0.02535607
0.02735237
-0.00772380
-0.04344963
-0.02784608
-0.00313105
-0.05956870
-0.00161883
-0.05002996
-0.02914055
0.01611015
-0.04701120
-0.00137631
-0.01011821
-0.01975331
0.04154546
0.04215049
-0.02989201
0.02664359
-0.01221097
-0.04631139
-0.04760860
-0.04317049
0.01140886
0.00826323
-0.01683434
0.02946094
-0.05265721
-0.00072795
-0.00304658
0.00654218
0.03579299
-0.03745872
0.00197950
-0.00570531
-0.05761097
-0.00142826
0.01174073
-0.04562348
0.02992425
0.01631755
0.01095496
-0.03602824
-0.00607528
-0.01674111
0.02989936
0.01875899
0.03252797
-0.04408751
0.02609416
-0.03642635
0.00596461
-0.03667738
-0.04785137
-0.07125629
-0.04447503
-0.01456406
-0.00311203
-0.05098216
0.00905651
0.00452529
-0.02458905
0.00371495
-0.05530403
-0.02104083
-0.02144714
0.02689660
-0.00083641
-0.04056939
-0.00416579
0.00252040
-0.06788298
-0.04194995
-0.03425051
0.03148520
-0.05966225
0.00624435
-0.06371091
-0.03399701
0.00082733
-0.00816594
-0.04854814
-0.00938556
-0.02906830
-0.01602940
0.03203525
-0.00417874
-0.03940706
-0.04059856
0.02466578
-0.03274308
0.02788045
0.00631517
-0.06277131
-0.00118321
0.01575088
0.03808967
0.13880076
0.10085884
0.11992738
0.14701396
0.10482202
0.17532206
0.03000899
0.00945754
-0.00537128
0.04789138
-0.21074758
0.09280833
-0.06516398
-0.11284125
-0.02978552
-0.15161853
-0.06379363
-0.27912429
-0.29738027
-0.07543480
-0.01408760
0.08807423
-0.12470728
-0.11425989
0.05678171
-0.09343287
-0.02865230
0.00780004
-0.09453370
-0.04683619
-0.03029525
-0.05432883
-0.22316319
-0.16564468
-0.00596276
0.14640428
0.11974827
-0.00676795
-0.09516287
-0.02951371
-0.02028952
-0.02524511
-0.11341177
0.22437891
-0.03914332
0.19605330
0.13147745
-0.14949554
0.08476338
-0.00739734
0.08381987
-0.08090967
0.02720802
0.07722972
0.01178977
-0.03299199
-0.04866010
0.02330449
0.04119234
-0.11568569
-0.16205676
-0.13385452
-0.10396430
-0.05119217
-0.06257714
0.07503095
-0.01796701
-0.01971917
-0.01459955
0.03324514
0.02203642
-0.06409054
-0.04708483
-0.15928441
0.04027211
0.01276700
-0.10982838
0.00682163
-0.13548151
0.09766269
0.12408932
-0.06850175
0.03196468
-0.24043433
-0.10126400
0.06882047
-0.06971109
-0.08134752
-0.19661075
-0.11782851
0.04519922
-0.12718263
0.00309597
0.03174391
-0.06163136
0.06316976
0.02351763
0.08976910
0.17668286
0.25987899
0.15592243
0.05944274
0.03529924
-0.04633358
-0.00113848
-0.01632034
0.09327485
-0.00180074
-0.07628930
0.02204450
-0.00618782
-0.07166719
0.08926734
-0.31461543
-0.12632863
-0.06667057
0.04294917
0.07032976
-0.39415815
0.19579831
0.22015825
0.26048371
0.02454130
-0.03486430
0.06875920
-0.01343117
-0.04199503
-0.05635374
-0.00859874
-0.02678003
0.01352000
-0.03520925
0.18187092
0.13043724
0.15114956
-0.05740223
-0.03063693
0.13065244
0.21936944
-0.01383960
-0.11965881
0.06670731
-0.04744505
0.21160212
-0.12959148
-0.04892579
-0.20116761
-0.22177245
-0.01593704
0.09623215
-0.07421393
-0.06077828
-0.17555393
0.07533440
0.08785877
-0.05808384
0.27982971
-0.05179994
-0.16201723
0.03554501
-0.04065447
0.03661690
0.03278460
-0.07843817
0.03261294
0.08421551
0.04818571
0.14116327
0.09075810
-0.10386162
-0.01744323
0.10857181
0.05959856
0.01673769
0.15507402
-0.07612658
-0.00589166
-0.09608319
-0.14934102
0.11886485
-0.05321126
0.04455083
-0.23961022
-0.28483421
0.02053869
-0.15487024
0.17405054
-0.01364475
-0.24413152
0.02367388
-0.00114225
0.10631185
-0.03580920
0.04974784
-0.13405046
0.01450715
0.07098287
-0.01247178
0.14328977
0.02686877
-0.04108792
0.05698043
-0.05052556
0.02963092
-0.03349353
0.08955688
-0.10143177
-0.04713695
-0.00041669
-0.01317736
-0.12304457
-0.16181807
-0.10081203
0.10216928
-0.14117795
-0.27507547
-0.16014506
0.04994767
0.19766335
0.01332582
-0.05767669
-0.05418721
-0.05397807
0.13693681
0.01408146
-0.19319679
-0.10461622
-0.04937501
-0.15517578
0.13771378
0.00262689
0.08739714
-0.24135517
-0.24503671
0.03826929
0.03534197
0.03479056
0.07569315
-0.00871137
0.08406935
0.00026184
0.02434440
-0.03634398
0.27538678
-0.00328611
-0.09273053
0.00944707
-0.02116343
0.29333028
-0.05797163
0.05809385
0.03653845
-0.03010569
-0.00844620
-0.02011633
-0.07091832
0.07868432
0.03995615
-0.02856905
-0.04131519
-0.08215170
-0.02966606
-0.10556035
-0.14420970
-0.00963174
0.08589591
0.09960281
-0.12908968
-0.18004912
-0.03052002
0.07707054
0.12608467
-0.08809586
-0.21393821
-0.09100766
-0.25626162
-0.08870780
-0.11078949
-0.24230750
-0.03499426
-0.09249420
-0.07370219
-0.15229623
-0.22735567
0.04121201
0.15217438
0.24574746
-0.03488858
-0.01019078
0.06920685
0.04198249
0.01910773
0.17366980
0.23468070
-0.01936737
-0.06027460
-0.04944496
-0.01997602
0.16951326
0.15023440
0.10660885
0.11262801
0.05736600
-0.10828055
0.06085064
-0.07022305
0.02712738
0.04385513
-0.09413757
-0.05713323
0.00018250
0.00003463
0.18650976
0.15612482
0.15398495
0.02761613
-0.03356808
-0.04377613
-0.11120760
0.10485795
0.03563916
0.06800511
-0.16846319
-0.07959034
0.06026582
0.04037543
0.04415237
0.00352970
-0.08055732
0.00008291
0.01487663
-0.01075836
0.00610155
-0.02375785
-0.12351546
-0.00187553
-0.15429284
0.11850644
-0.01676311
0.00992479
0.03225879
0.00824167
-0.11942316
0.16305223
0.05658041
-0.02422898
0.10544669
-0.05830197
-0.06647529
-0.06472842
-0.02692980
0.01932149
0.14936902
0.02266328
-0.11093628
0.03206345
0.12609418
0.13708970
-0.10361002
-0.08835693
0.00731985
-0.08032700
0.07143142
-0.12855004
-0.12208622
-0.07542001
-0.10043258
0.15714158
-0.14467782
0.01859233
0.19125129
0.04131468
0.16047369
-0.34009108
-0.16520689
-0.22509900
-0.12180202
-0.11996249
-0.00854209
-0.12749019
0.00308281
-0.06477541
0.15578997
-0.08128823
0.03753260
0.09262770
0.00099755
0.12271164
0.00946381
-0.01410249
0.13739593
0.12542342
0.11164551
-0.02819902
0.01811062
-0.08220081
0.03956233
0.08371592
-0.17507204
0.03769914
-0.10585716
-0.05501724
-0.00136563
0.17599410
-0.01345147
-0.05628393
-0.22701590
0.01508046
0.09051820
0.08790214
0.10743030
-0.06167167
0.09463871
0.13979252
-0.04116898
0.00240367
-0.17333980
-0.12554820
0.08538671
-0.00509377
-0.00151677
-0.17772599
-0.02912205
-0.27334115
0.01550205
-0.02051633
0.07667363
0.09293476
0.06308625
-0.14754024
-0.13253042
0.01032225
-0.08396500
0.05244162
-0.03385288
0.09696119
0.10204148
-0.03168211
-0.28068200
-0.02633122
-0.05881224
-0.05172554
-0.21292789
-0.27332243
0.26334357
0.02496607
-0.10277935
-0.18060625
-0.45112839
-0.07187857
0.08880549
0.01880607
0.01271799
-0.14125124
0.01217077
-0.04178192
-0.05693687
-0.10604674
-0.14364964
-0.22902505
-0.14730525
0.12901048
0.09753155
0.22940242
-0.25521865
0.12143882
0.06745031
0.07670362
-0.08358128
0.04385908
-0.02550491
0.05759560
-0.13066131
0.07909665
-0.12080190
-0.23988292
0.00045467
0.07022740
0.16474761
-0.01056101
-0.01128870
0.16534074
0.08456644
0.08137279
0.16819006
0.24679039
0.02716940
-0.09580290
-0.12146096
0.09446922
-0.07549748
-0.04392393
-0.11054900
-0.09907886
0.22317228
-0.05637336
-0.19900152
-0.12278353
0.06498744
0.11057426
-0.12359183
-0.05033483
-0.02627386
0.15073255
0.18904349
0.05646953
-0.06011068
-0.18241920
-0.07361311
-0.27803174
-0.00444861
-0.07480101
-0.05159175
-0.02279368
-0.22863783
0.00004598
-0.02914926
-0.04542083
-0.03738826
0.13452564
0.05614468
0.09387755
0.01088702
0.00452085
0.03917019
-0.02990563
0.10876299
0.08594400
0.06531787
0.17097409
0.08758261
0.03786306
-0.09112076
-0.05112659
0.10534887
0.00135317
0.06882200
0.12173267
0.05007135
-0.15315740
-0.05014082
0.03667200
-0.00294354
-0.16771421
0.13439466
0.05329564
-0.16232044
-0.23650818
-0.16747077
-0.22719601
0.08856035
-0.09771964
0.01558795
-0.13031167
0.01549468
-0.00201387
0.03484067
-0.14134350
0.10596021
0.06497968
-0.02366680
0.03524664
-0.17745075
0.11306537
0.08747073
0.05091321
-0.06316396
0.13804458
0.03428767
-0.14223653
-0.19375762
-0.28707305
0.17746052
0.11959381
0.06119738
-0.02412888
0.09187536
0.09802233
0.05628576
0.01141350
0.13293393
0.14308284
0.00441158
-0.28706554
0.17287746
0.09445291
-0.12925106
-0.03495627
-0.01025270
0.13523471
0.02840164
-0.04153258
0.03349894
-0.08263253
-0.09613707
-0.04930114
-0.14483045
0.04616225
-0.00974764
-0.06764529
0.07881241
-0.05314126
-0.03566399
0.12690364
0.13161224
0.05202479
0.00275193
0.00200600
-0.07304122
-0.08471856
-0.18710138
-0.06493636
0.12252204
-0.01710877
-0.19139110
0.00879363
0.05033402
0.03298413
0.04039838
-0.05802174
-0.02200005
0.00855253
0.01350139
-0.08292968
-0.16807553
-0.03165554
-0.09506869
-0.14538217
-0.20943750
-0.18997458
-0.16147444
0.01934368
-0.06395070
-0.08497356
-0.18372478
-0.03031253
0.19623168
0.07107487
-0.20157947
0.03283419
0.06578938
0.14060432
0.07065538
-0.27698824
0.11298165
-0.00160784
-0.04138287
-0.02047579
-0.16587396
0.01952185
-0.20624016
-0.23727173
-0.11514199
-0.14209905
-0.03585087
-0.46947658
-0.06541238
-0.01897187
0.01169692
-0.18855920
-0.21874952
0.04894915
-0.06580810
0.07614579
-0.03952345
0.08245934
0.14513665
0.06132970
0.08505162
0.01572217
0.07176382
0.07415573
0.00545508
-0.09428241
0.03310065
-0.01420896
-0.08972722
-0.19235878
-0.12436947
-0.09158720
-0.00388673
0.03057754
0.02244246
-0.03539918
-0.23548469
-0.14901187
0.02560413
0.06507973
-0.02672818
-0.04224397
0.17585935
0.13552949
0.03776325
-0.10010569
-0.12130729
-0.02132634
0.07420047
-0.06566227
-0.03043211
-0.08905362
-0.08432819
-0.05664843
-0.07863485
-0.05365828
0.09464592
0.17074314
0.06722225
-0.12418559
0.00475608
0.13612242
0.34846252
-0.29168978
-0.16111697
0.22324818
-0.16993967
-0.03664199
-0.17538533
0.02804049
0.07029857
-0.00309654
-0.04522298
0.11920983
0.15685657
0.11855583
0.07225908
-0.05348393
-0.06315135
-0.14675166
-0.61304504
0.01634567
0.00124357
-0.05094589
-0.28210518
-0.39064857
-0.13975191
0.00194039
-0.06532536
-0.20506972
0.26303196
-0.10614784
-0.02635564
-0.02660086
-0.15632173
0.26357165
0.08639246
0.00002154
0.10042056
0.09339839
0.25535929
-0.07058504
-0.12759236
-0.22291215
-0.04102518
-0.15771788
0.12491354
0.00603816
0.02095742
-0.05245898
-0.06806009
0.08026684
-0.00545438
0.01890943
0.06924091
0.07707652
-0.24618767
-0.09861446
0.11630646
-0.02272144
0.06065175
-0.08301955
-0.03820634
-0.08011562
-0.05345429
0.24890316
-0.01132857
-0.26951277
-0.21595380
-0.09215447
-0.13722926
0.03447602
-0.15776581
-0.12589124
0.10656076
0.07319550
-0.01770651
-0.37434968
-0.08997770
0.25989413
0.11734558
-0.19477227
-0.29365554
-0.00046616
0.09341767
0.13019031
-0.10420144
-0.03398572
0.08409017
0.08080540
-0.02500870
0.03366278
-0.07844924
-0.12738720
-0.19658904
-0.06917900
-0.00536349
0.06985078
0.00329201
-0.21562110
-0.01612103
-0.02419219
0.07847776
-0.00205961
-0.04789258
0.37967163
-0.02284785
0.23900384
0.06897525
0.09862392
0.14979079
-0.04483568
-0.06431447
-0.12642619
0.20021506
0.07320821
-0.01302207
-0.03614998
0.05226052
0.05743618
0.07688380
-0.01615969
-0.07416733
0.02149065
0.09536245
0.15159513
-0.15664703
-0.08219773
-0.01675277
0.05768803
0.31380004
0.02662303
0.06399936
0.15814707
0.15950164
-0.11364967
0.08109806
-0.13737452
-0.08006421
-0.07326704
-0.21055454
-0.05095013
-0.10108096
-0.00604099
0.04017921
-0.03107585
-0.17594609
0.00032477
0.02775047
0.07304566
-0.18758494
-0.12129594
-0.18021853
0.02675385
-0.04529550
-0.03814438
0.01765122
0.03802820
0.06851183
0.07114851
-0.13684346
-0.08040321
-0.11315190
0.08780884
-0.03284089
0.00773569
-0.05480969
-0.10863455
-0.03473271
-0.15971094
0.07005286
-0.13997212
-0.00796229
0.01768851
0.12722038
0.22559054
0.07020460
0.10306285
0.02077233
0.05343373
0.07681451
0.17653809
-0.07715434
-0.00899080
-0.01980013
0.03479710
0.01248544
0.00814827
-0.11137858
-0.04823293
-0.22638191
0.23747504
0.04204413
-0.02289996
-0.09502411
-0.10766993
0.05869449
0.08304112
-0.04951166
-0.09905032
-0.01423772
-0.10430081
0.05633473
0.13125466
0.00256368
0.14309105
0.00349381
-0.03996587
0.01256613
0.11199342
-0.04870797
-0.01819452
-0.13332047
-0.31976137
-0.13850327
-0.27561542
-0.02495978
0.03852677
-0.16468741
-0.07548454
-0.03716391
-0.06245013
0.02957542
0.08146861
-0.03135327
-0.07875662
-0.27337095
-0.04765913
0.07792702
0.04749088
0.04159569
-0.12010203
-0.00973829
0.12418135
0.08468291
0.04787719
0.01564413
0.06055209
0.19816461
-0.02193307
0.03136531
0.10354577
-0.02462820
0.10375243
0.00493241
-0.06247948
0.02666201
-0.04397606
0.09908393
0.11253797
0.01245811
0.02337654
-0.04733999
0.01189269
-0.24888687
-0.10422641
-0.01487881
-0.05939155
-0.07455598
-0.05752067
-0.09870631
0.12703019
-0.13181067
-0.27047408
-0.20332991
-0.13116132
-0.13581125
-0.09810133
-0.09032580
-0.23445681
-0.22203544
0.01375937
0.00560380
-0.06536520
0.02550635
0.01709707
0.14235356
-0.00360268
-0.00587517
0.01715631
0.04341959
0.09301997
0.00035309
-0.15366854
-0.04391689
0.04218551
0.09205844
0.04943061
-0.06593481
-0.13346463
-0.07166032
0.03035131
0.02850450
0.05864785
0.06732219
0.04216310
-0.07558006
-0.04767667
-0.02208181
0.04531877
-0.01569094
-0.08863246
-0.01894046
0.07266043
-0.02706610
-0.04555708
0.02952042
0.00144614
0.13094175
0.20485584
0.04267215
-0.03097124
-0.08594351
0.11138544
0.01980140
-0.15584509
-0.13373795
0.04668573
0.17926481
0.16264531
0.23089856
-0.07006731
-0.00997498
0.03563776
-0.01665698
0.09311087
0.07279119
-0.02083349
0.03506575
-0.07365866
0.04740931
0.02641593
-0.12171502
-0.08691330
-0.10722354
-0.34040314
-0.07473394
0.05768225
0.04497979
-0.09751571
-0.25488913
0.12011137
-0.04097097
0.04406505
0.09976082
0.04828874
0.15210289
0.01418497
-0.10666878
-0.12332994
-0.33839795
-0.03847296
-0.05188702
0.08087121
0.04085291
-0.02996161
-0.10612379
0.02621559
0.05991615
0.12793705
-0.08030476
-0.04879244
-0.03988584
0.02395463
-0.07493398
0.09791839
-0.08345099
-0.03233152
-0.04994048
0.00754207
0.28146780
-0.21504895
-0.15297508
-0.09283029
0.00313102
0.23429976
-0.00821747
-0.10211752
-0.05546805
0.03125600
0.07494411
-0.10472971
-0.17722180
-0.14918303
-0.05884165
-0.05085355
0.04953727
-0.00636792
0.03533816
-0.06188387
-0.14658409
0.00456160
-0.11023397
-0.02320275
-0.08343402
0.01892468
0.21678482
0.08684857
0.06058684
-0.09608452
-0.00358200
0.17009635
0.13658157
0.08502921
-0.18836579
-0.03789712
-0.02973906
-0.09185353
-0.03463803
-0.06737590
0.19772646
0.15404142
-0.04569663
-0.27443776
-0.03985338
0.02941094
0.11134761
0.04847049
-0.01138971
-0.04699308
-0.03672808
0.04222090
0.04254247
0.10801440
-0.07813937
-0.14631078
0.05059878
-0.10979354
0.07634514
-0.21579333
-0.20144182
-0.04723569
-0.15751271
-0.16480117
-0.03659091
-0.08575171
0.02853515
-0.09296408
-0.20761339
-0.02103099
0.20013043
0.28481951
-0.03422779
-0.00805642
0.03189554
-0.04642636
0.17819677
0.06616308
-0.00631613
0.05634377
-0.21265323
-0.05448283
0.12886429
0.05771968
0.00761151
-0.10337248
-0.04717982
-0.02210218
0.03054941
-0.00807822
-0.04282204
0.00089899
-0.12253936
0.00096834
-0.09460304
0.08957897
0.14195266
0.11286979
0.00114085
0.07967538
0.09208626
0.12772739
0.03680280
0.02421739
0.00119718
0.05090441
-0.07315073
-0.10778226
-0.02321109
-0.15532136
-0.05889763
0.10932353
-0.09575486
-0.08951218
0.06695962
0.09645590
0.10715283
-0.08473393
0.08187632
0.05593625
0.04540624
0.15418194
-0.08776210
-0.24773510
-0.13798910
-0.19751306
-0.02104962
-0.27884424
-0.08179978
-0.23122114
-0.00948620
-0.11549985
-0.12447470
0.03556645
0.12899508
0.10832822
-0.20769168
0.03655146
0.07522322
0.05975896
-0.02681641
-0.28556108
0.16241364
-0.03301208
-0.21208407
-0.00210625
-0.11588951
-0.03417601
-0.08084747
0.03116035
-0.19046490
-0.26613870
-0.10935467
-0.02141744
-0.02378686
-0.07145132
-0.23178993
-0.14884098
-0.15481085
-0.04387200
0.09066944
-0.02178547
-0.02064565
0.03916376
-0.07042327
0.01630790
0.07176135
0.08369401
-0.06456272
0.00509848
0.17374116
0.04466753
0.11648516
0.12604661
0.04980640
0.04854124
-0.13546659
0.00934256
-0.08990327
0.06386027
-0.07639523
-0.03975601
-0.17692940
-0.19827256
-0.04718529
0.13226767
-0.08137631
-0.09265299
-0.11881784
-0.01595659
-0.06953234
-0.00619713
0.00685116
-0.08277249
-0.17786774
-0.08179994
-0.01584027
-0.05189489
-0.09397993
-0.12620594
-0.08435371
-0.08834837
-0.09398214
0.03817996
-0.10884118
-0.15969718
-0.04840662
-0.07722885
-0.04852081
-0.05349499
-0.04064400
-0.00702207
0.07001790
-0.00460919
-0.04561968
-0.11965041
0.13576014
0.04132926
-0.09492902
0.02796251
0.16195679
0.16741022
-0.12906420
-0.02775359
-0.07209084
-0.14795963
0.12340680
0.02226957
0.01274781
0.06749101
-0.15694383
-0.03304717
-0.06275517
0.12952586
0.12452675
-0.12912069
-0.11454626
-0.37718135
0.13966164
0.09242858
-0.08538719
-0.19470055
-0.06338889
0.18478587
0.24396853
0.05248006
0.04796429
-0.14449291
-0.11486569
-0.04829400
-0.32227972
-0.19506302
-0.16103670
0.11123666
-0.00176446
-0.03836082
-0.11165968
0.03447941
-0.09733460
-0.02482812
0.10114598
-0.09955572
-0.05675147
-0.02848039
0.11123485
0.18492712
-0.01098450
-0.12874150
-0.21029429
0.10812479
0.16219509
-0.01429792
-0.00610642
0.16171856
0.04694791
0.05259239
0.01528341
-0.02115151
0.00472398
0.04795879
0.01508518
-0.02117258
0.17433062
0.17636152
0.11497168
-0.01432135
0.01602051
0.00654676
-0.01101576
0.09347172
0.03021446
-0.15440680
-0.14104043
0.40650254
0.20442742
0.09555376
-0.08857359
-0.16356461
-0.07469884
-0.07342421
-0.00891406
-0.03781759
-0.13115503
-0.03630705
-0.06867488
-0.16627890
0.00826653
0.06798166
-0.07106616
-0.27878761
-0.40076235
-0.00283942
0.05242147
-0.06616377
-0.00555670
0.13171923
-0.12923677
0.15055580
0.15621473
0.06171361
0.04204138
0.07782907
0.10796081
0.20314892
0.03577529
-0.23392853
0.04227253
0.02249959
0.03953445
0.01030499
0.05343287
-0.10059162
-0.16249664
0.04597278
0.07963228
0.01823817
-0.11336215
-0.05602285
0.07881708
0.01964512
0.11384013
0.06466985
-0.06022866
-0.11562385
-0.14095955
-0.01984010
-0.08054005
0.00497860
0.07353827
0.11584473
-0.12812544
-0.02244071
0.02484038
-0.04266259
0.00103389
-0.05277564
-0.02648671
-0.04676132
-0.02605587
0.00755022
0.04626847
-0.05996142
-0.08607110
0.09058116
0.05135569
0.02400151
0.13035339
0.16041072
0.21226493
0.16249356
0.08779348
0.28811100
0.18476185
-0.01763738
-0.10442013
-0.21083108
0.21894702
0.03181031
-0.08688457
0.00898616
-0.27403697
0.09902970
-0.08576442
-0.00782187
-0.11743555
-0.16756114
-0.05846394
0.00406949
-0.05268854
-0.28913003
-0.21850397
-0.25935417
-0.14456813
-0.04278392
-0.08882801
0.16350165
-0.20616443
0.04248530
0.16759841
0.08941901
-0.04579869
-0.02759705
0.01346098
0.01646879
0.03965723
-0.07117271
-0.07898970
-0.01253690
-0.09357277
-0.13810143
-0.15810865
-0.15016192
-0.03079819
-0.10790848
-0.18876490
-0.05737517
-0.00516299
0.05836708
0.07618089
0.09590741
-0.03509386
0.05057668
0.04437102
-0.15092038
-0.01032400
-0.04187480
-0.04559083
0.05527205
-0.15762039
0.16624871
-0.11794462
0.10746664
0.20697713
0.31959721
0.12999953
-0.00961990
-0.05916854
0.01006508
0.12252207
0.02820475
0.01896956
-0.20859112
-0.00920451
0.00025394
-0.16121277
0.00840800
-0.02268051
0.18029228
-0.08678174
0.03953861
0.05626199
0.02810643
0.15935288
0.08783266
0.22482793
-0.08200849
0.07475858
-0.03498407
0.15381056
0.12827209
-0.20584156
-0.17461652
-0.21025531
-0.02675630
0.03374971
-0.27518955
-0.19886512
-0.24117211
0.19190547
-0.02514292
-0.31788975
0.19872887
0.14301048
0.15051389
-0.15298854
0.09331337
0.15145622
-0.00790678
0.04923959
-0.13625649
-0.17550406
0.11479990
-0.07869849
-0.01000257
0.00677391
-0.07513386
-0.04911280
-0.19710653
0.06077992
0.23707786
0.18062569
-0.16274869
-0.11372934
-0.03380665
0.16258618
0.22837849
0.03072752
0.29154384
0.19594690
0.18048520
-0.07083423
0.26231465
0.24645057
0.07496864
-0.05063095
-0.13328101
0.11609395
0.15283048
-0.13894510
-0.05524474
-0.03670644
-0.00090771
0.01668308
0.03618276
-0.11707427
-0.21495204
0.02825589
-0.16507238
-0.26521453
-0.08020163
-0.03007121
-0.03295321
-0.03195996
0.11672423
-0.19986819
0.00908714
0.05567412
0.02806045
0.06631209
-0.01214214
0.14109804
0.01749644
0.04198078
0.01953481
0.07101324
0.13649629
-0.03347456
-0.14298622
-0.18063405
-0.17977992
-0.16290113
-0.01657074
-0.02086493
0.04731004
-0.22008562
-0.25837746
0.22134125
0.14209773
0.01756798
-0.00198132
-0.18358450
-0.16893741
-0.09291738
-0.03889714
-0.03299475
-0.03436389
-0.23912701
-0.11032378
-0.03787704
-0.09649463
0.12048728
-0.05518256
-0.01387798
0.05940256
-0.09921058
-0.00703045
-0.09882420
0.00589092
0.01634799
-0.20838070
-0.29557109
0.10585371
0.05706930
0.01410034
0.18805209
0.08266204
0.00295865
-0.05950457
-0.01786641
-0.08673898
-0.07513925
0.02302811
-0.07643571
-0.07151714
0.02553130
0.08714668
-0.22763805
-0.12488744
0.18071476
-0.04162402
-0.23301445
-0.07297102
0.02166459
-0.02967043
-0.29380265
-0.12477604
0.17392112
0.01951092
-0.01582881
-0.01517148
-0.05442999
-0.05614004
-0.11884761
-0.15190540
-0.06702913
0.00952295
-0.15458602
-0.01023037
-0.06812990
-0.12045272
-0.07069219
-0.02819438
-0.00901339
-0.12556884
-0.16736627
-0.08965709
-0.00545665
-0.06355291
-0.21461089
-0.30693206
-0.04427001
-0.06933188
-0.00205964
-0.05944822
0.02905692
-0.00624883
0.06111160
0.01788108
0.04282414
-0.02519830
-0.01616371
0.07801315
0.08567780
0.00727844
-0.09948595
-0.03187946
0.14423192
-0.08930901
-0.03290099
0.11348669
-0.02447420
-0.02671554
0.06982879
0.23130894
0.15207201
-0.13663264
0.16118333
0.15498623
-0.01627349
-0.15266049
0.01877005
-0.09962478
-0.06145285
-0.02443776
-0.07540932
-0.04881801
-0.06986224
0.03069262
0.02292217
0.10924836
0.26449919
-0.06251332
-0.09998513
-0.06464832
0.02329594
0.20675525
-0.14210686
-0.03307618
-0.12815763
-0.12448632
-0.09667083
-0.04353824
-0.11882452
0.00416402
0.04850078
0.06212388
0.05504928
-0.15527606
-0.06974163
-0.02887350
-0.00538967
0.01034208
-0.00821632
-0.21082118
-0.09891119
0.13787599
0.16335043
0.00890096
0.04784366
0.07596718
0.34320611
-0.01056358
-0.07051156
0.09876375
0.01304795
0.24250393
-0.06799788
-0.19621392
-0.08613691
-0.09317876
0.00815339
0.02432272
-0.06816148
-0.01189103
-0.07260281
-0.18242739
-0.00018627
-0.25199392
-0.12409082
-0.08040588
-0.05390384
0.12765771
0.00510923
-0.03254524
0.06481439
0.16294666
0.07550277
0.13051945
0.01857672
-0.00941511
0.18233596
-0.02636579
-0.06960438
-0.00799621
0.03499315
0.09984350
0.09609988
0.06535709
0.04194722
0.04358897
-0.06491116
0.07837212
0.01050242
-0.04741627
-0.09350300
0.06937848
-0.10372231
-0.06074182
0.09447801
0.06177486
0.08343699
-0.10353187
0.09334099
0.07496540
-0.02154362
-0.19422604
0.04485971
-0.03208365
0.07612956
0.04332822
-0.05041479
-0.13909039
-0.04973341
-0.01058314
-0.27112693
-0.25753146
-0.15586738
-0.19065312
-0.18734047
-0.01187921
-0.14772579
0.04336945
0.07768602
0.07950031
-0.05838578
-0.11513283
0.01413187
0.05936249
-0.03004732
-0.17789026
-0.24313189
0.04078773
-0.15749355
0.01349479
-0.07598623
-0.21113460
0.21966916
0.03750575
0.03114891
-0.06479182
-0.19183190
0.10522167
-0.08074187
-0.08819857
-0.03037257
0.00138555
0.04311984
-0.11372097
-0.00399185
-0.06941620
0.01466657
-0.02746659
0.13172296
0.13463870
-0.07604145
-0.02253092
0.20596018
0.00072419
-0.05823956
-0.02681381
0.08249207
-0.10014085
-0.01548369
0.05112623
0.10104196
-0.09656272
-0.22148396
-0.25815186
-0.20857428
-0.21195328
-0.26209626
0.02145428
0.05235558
-0.08162719
-0.03918271
-0.05394105
0.10746889
0.06451273
0.00436556
-0.09977590
-0.16401781
-0.03380127
-0.14231090
-0.04218359
-0.02739794
-0.08470199
-0.10623906
-0.09520938
0.08827516
-0.00548562
0.04037906
-0.02787223
0.12145364
-0.05822719
-0.01562884
0.14184023
0.03568162
-0.14548199
-0.29550496
-0.08646502
0.01311391
-0.19963177
-0.08208399
-0.07698194
-0.02466456
-0.04607104
0.01524826
0.02206353
-0.03105532
-0.09539514
-0.08058050
-0.01540452
-0.00856419
0.08821996
0.00557284
-0.05033133
0.09842429
0.04854141
0.02556441
0.04264213
0.02513855
0.03135307
-0.10789172
-0.06029699
-0.00482485
0.14444177
-0.06478739
0.04290164
-0.03847558
0.14388968
0.33550498
-0.17422740
-0.05114483
-0.08625697
0.02550639
0.11162777
-0.00777282
0.05148103
-0.05921203
-0.00965262
0.00431759
0.14729108
0.06928375
-0.00016053
-0.04356200
-0.02745569
0.08005250
-0.14069740
-0.08654334
0.16685811
0.00774095
-0.22537166
-0.10509818
0.12638530
0.24443533
0.13070345
-0.14633766
0.01948686
-0.09099587
-0.00543484
0.05967530
-0.13568574
0.12289413
0.09472217
-0.04823937
-0.08891305
-0.00476098
0.01421346
-0.04764705
-0.17199345
-0.03895606
-0.11636196
0.06787237
-0.03045286
0.07717805
0.11085993
-0.04790668
-0.08214929
0.00027330
0.18015195
0.00567033
-0.05464074
-0.07527051
-0.17058595
0.05568325
0.00171797
-0.00582449
-0.05839749
-0.02265012
-0.01891702
-0.08088507
0.05286826
0.12339721
0.06821156
-0.19532742
-0.10250951
0.15020742
-0.11921906
0.02822187
0.04720532
0.08311947
0.15019557
0.01816128
-0.13503389
0.03838403
0.14022101
0.04792675
0.09020229
0.07227059
0.09042820
0.04484060
-0.10589634
-0.06918219
0.04579685
0.04753284
-0.04526925
-0.03350059
0.01064467
-0.14598939
-0.30746764
-0.14613505
-0.21405078
-0.19661839
-0.11965412
-0.07424914
-0.22737353
-0.10134388
-0.08015312
-0.11235339
-0.10982394
0.02356748
-0.09549199
-0.00566777
0.01670383
-0.20993213
-0.09965865
-0.01025895
0.01351466
0.03781021
0.00545793
-0.06783101
-0.07335145
-0.07598866
0.05542626
0.05050048
-0.10842086
0.02265892
0.04520804
-0.04070926
-0.13254544
-0.07801534
-0.02903279
-0.25233877
-0.09602915
-0.06796481
0.02603012
-0.04934996
-0.08094688
0.08713983
0.03237480
0.04021946
0.15032160
0.07303937
0.07923428
0.06474485
-0.06896209
-0.15725660
0.02723571
0.05681985
-0.01762429
0.09258079
-0.23746240
-0.09608612
0.12234415
0.01236131
-0.01309964
0.05416335
-0.04193450
0.03340213
-0.11143371
-0.18457496
-0.08723533
0.01426083
-0.05964660
0.12903246
0.00830264
0.09106577
0.10419780
-0.01921712
0.02801282
-0.07029229
0.03826573
0.17176251
0.02689879
-0.01421270
-0.12163897
0.07460009
0.14609288
-0.04832338
-0.07061960
-0.06527141
0.10530335
-0.03081331
-0.05830769
-0.15064052
-0.15906951
-0.09875126
-0.02068713
0.04964039
0.03234665
0.09048471
0.01005593
-0.03411301
-0.02102534
-0.10287248
0.06614437
0.07130571
-0.06520869
-0.24301676
-0.23792616
-0.08041273
-0.10323782
-0.03701988
-0.10315511
-0.04948958
-0.00651142
-0.01230393
-0.08108969
0.01341781
0.09521689
0.06307559
-0.03361446
0.11471471
0.26186171
0.00541856
-0.04736887
0.05713274
0.07733415
0.05759068
-0.05659410
-0.04040403
0.09096783
0.06068183
0.02019247
-0.02085880
0.10148525
-0.05415248
0.02425430
0.04479700
-0.02852354
0.03237481
0.01418426
0.07285266
-0.13057198
-0.17757736
-0.08984441
-0.03232963
-0.00161707
-0.06805741
-0.11799096
-0.05679997
-0.02215818
0.12395146
0.13835478
-0.03974479
0.07041537
0.09356330
0.07819641
0.09203388
0.07309465
0.16589938
-0.02707572
-0.01564746
-0.11976750
0.08152780
-0.01535516
0.01900289
-0.09533469
-0.06801581
-0.09512081
-0.09772335
-0.04270874
0.00410689
0.01678538
0.01980061
0.03103923
-0.03970709
-0.00031560
-0.02371670
0.08014525
0.05042763
0.03825263
0.05653645
-0.12963462
-0.07346575
-0.04990922
-0.03328275
-0.03700678
-0.18619168
-0.05692787
-0.19896641
0.12029041
0.03528181
-0.06052358
0.06024952
-0.14400131
0.00952061
0.11089635
0.18202212
0.01893524
-0.03290070
-0.06056641
-0.03767884
-0.12200896
-0.15455307
-0.06504784
-0.04397093
-0.11094531
-0.18148024
-0.14874732
0.07883528
-0.15746105
-0.19023667
-0.23891942
-0.09430204
0.02222817
-0.03560373
-0.00868028
-0.08906111
-0.11686561
-0.06687637
-0.01007691
-0.17612149
-0.26634783
-0.12649250
-0.10552821
-0.00491336
-0.04111749
-0.01377269
0.13571189
0.06091292
0.03709133
0.23979923
-0.00233387
0.02062967
-0.03528127
0.18331066
0.04986364
-0.06002472
0.04991802
0.10790577
-0.12801790
-0.09988667
-0.14102575
0.09142668
0.08544151
-0.11499684
0.01006711
-0.01083633
-0.17680515
-0.35664406
-0.14042996
-0.17533277
-0.00285482
-0.04917545
-0.17536022
-0.19657573
-0.22263399
-0.20268111
0.06362146
-0.01660057
-0.08687557
-0.24061833
-0.14064708
-0.12165712
-0.12545796
-0.28159449
-0.16734681
0.02291073
-0.06085727
0.01743128
-0.00873365
-0.11437543
-0.06186568
-0.05031502
-0.04657410
0.09681457
0.13440849
0.06870015
-0.11845345
-0.05410489
0.07675577
-0.00648367
0.01409518
0.07841367
-0.05946851
-0.08296860
0.09725415
-0.05688809
0.07475190
0.06468949
0.21499808
0.32517526
-0.07358586
0.14605425
0.15695238
0.02072226
-0.00045351
-0.19238147
-0.19027683
-0.08532156
0.07853414
0.00477493
-0.10918059
-0.24002409
0.05418336
0.05333202
0.05135793
-0.01863111
-0.03388613
-0.00541120
0.02893697
0.01471324
0.01582777
-0.06235618
-0.00228335
0.05000828
0.03710651
-0.12994821
-0.00002482
0.12372810
0.07474809
-0.08739182
-0.05191557
0.03497981
0.02006978
0.12144941
-0.02421306
-0.27543420
0.09002092
0.00518560
0.11127092
-0.12716839
-0.03867865
0.07969244
-0.07631423
0.09528909
0.06048441
-0.03028350
0.06488025
-0.07484671
0.09724506
-0.04556840
-0.03643634
0.01382513
-0.16913211
0.01387103
-0.27571920
-0.30787829
-0.13352831
-0.08843137
-0.14477998
-0.21549313
-0.09202848
-0.11772078
0.08453640
-0.15836690
0.08858880
0.05374093
-0.02909338
-0.06511423
0.00825945
0.10909828
-0.11534785
-0.01896029
-0.06887682
-0.02808332
0.06827047
0.04015397
-0.02114304
0.00878148
-0.10606080
-0.08661296
-0.11964900
0.05923183
-0.20787197
0.01303011
-0.12261666
-0.10602972
0.18456748
0.15982884
0.05757808
-0.01221636
-0.05498676
-0.00056286
-0.00716804
0.15228599
-0.23941101
-0.09765106
0.11546478
-0.02806902
0.08356720
-0.07434005
-0.09312341
-0.03918140
0.09082764
0.04639743
0.07833617
-0.00972305
0.01256915
0.07478246
0.08621570
-0.00856118
0.03696018
0.07091089
0.01874504
-0.23844053
-0.35326126
-0.10999207
-0.06438126
-0.00475905
-0.10084231
-0.17128178
-0.05830424
0.09663825
-0.10014246
-0.11744418
-0.10079201
0.03072688
0.12153499
-0.02136108
0.11004600
0.00939862
0.08530440
-0.06828517
-0.05170292
0.14562650
0.06884476
0.15983129
0.15232082
-0.16394529
0.09000973
0.00904491
0.12362366
-0.05381598
0.08563830
-0.06357183
0.07774749
0.10786130
0.10220867
0.11036810
-0.10231952
-0.10170949
0.01933514
0.03676562
0.01933789
-0.04622567
-0.07182973
0.25039789
0.14428115
0.10772519
0.03814229
-0.22319919
-0.07911530
0.14114881
0.03327771
-0.07675864
-0.17300466
-0.06239137
0.01381524
-0.04288445
-0.03717021
-0.05701791
0.06661977
0.05361933
-0.01917363
-0.04353799
-0.02831718
0.23595062
0.18889241
-0.14883414
0.07253763
0.02996964
-0.07497928
0.07054831
0.13504599
0.09492195
0.22833019
-0.00485154
0.03122672
-0.07675248
0.07502011
0.06116523
-0.08434867
-0.03394781
-0.10727385
0.01869054
0.19988546
-0.20398881
-0.25224042
-0.17738360
0.06095946
-0.12001088
-0.21188822
-0.41733840
-0.28728470
0.04904702
0.15052982
-0.02707789
-0.09445553
-0.02871136
0.01468046
0.01060923
-0.09125228
-0.13341236
0.04025640
0.03415348
0.11785275
-0.05424365
-0.16469292
0.08111539
0.21022400
0.14431113
0.14014682
0.01387076
-0.05279962
0.00428930
0.08421707
0.17505600
-0.02284857
-0.05084568
0.13050823
-0.10025299
-0.06696596
0.13184828
0.14466956
-0.06280117
-0.06215925
-0.05488048
0.18735068
0.18275332
0.14942488
0.04383986
-0.15117665
-0.04341528
-0.05935925
0.06524502
0.13309905
-0.04316949
-0.15868805
-0.04235663
-0.00321756
0.19113310
-0.27404779
-0.27188635
-0.05873358
-0.04451606
-0.18797511
0.03123549
0.00005312
0.15526596
-0.07116614
-0.02392152
0.13742810
-0.00421524
0.46402767
-0.02007906
-0.23410374
0.07956953
-0.06618481
0.13533925
0.07569041
-0.07768534
-0.12338227
-0.08069907
-0.17964807
0.05118694
0.08043861
0.03416900
0.00694446
-0.03929536
-0.10347837
-0.11420863
-0.02969413
-0.05169292
-0.14917856
0.02132584
0.02269530
0.02138731
0.09496797
-0.00293541
0.32046035
0.02387008
0.04600702
-0.06651671
-0.09709254
0.09254724
-0.03849787
-0.13628609
0.08487424
-0.01485126
-0.02726412
0.05834716
0.16429925
-0.02340612
-0.03859918
0.06105330
0.04916234
-0.10611886
-0.09145429
-0.04689487
-0.05175350
-0.00681313
-0.04294243
-0.10773958
-0.12576260
-0.26673731
-0.15409021
-0.11820032
-0.04654778
0.01142184
-0.10078210
-0.23930807
-0.18419516
-0.06610456
0.07288083
0.05139535
-0.00230552
0.02333055
0.06253210
0.05652269
0.07584914
0.01980483
0.06979742
-0.09025906
-0.20753276
0.15997526
0.01243798
0.04911938
-0.01568523
0.05617708
0.20054223
0.13681141
0.10260875
-0.04622691
0.16171683
0.11975950
-0.01511899
0.01182940
-0.03633304
0.06450757
-0.00385978
-0.00113252
-0.19592631
-0.09774037
-0.11427706
0.01782106
0.03492330
0.00087920
0.02915393
0.03085861
-0.11507400
0.00874286
0.02031532
-0.02685055
0.01632534
-0.33463526
-0.11139762
-0.07410069
0.04068244
-0.03301497
-0.23485853
-0.36013657
-0.10757163
-0.00014923
0.09221199
-0.07094331
-0.13186625
-0.03159026
0.03353673
0.10249911
-0.15539698
-0.33479115
-0.06489214
0.16187641
0.10966891
0.07330304
-0.04638686
0.03137573
0.04677755
0.10102499
-0.00784225
0.01204378
-0.04563032
0.05799313
-0.08415127
-0.04554452
0.02612438
0.13065751
0.23174913
0.15828864
0.20510402
0.07345548
0.09676229
-0.20205946
-0.06934504
0.06911758
0.02091746
-0.10628603
-0.09485194
0.04162356
0.06197969
0.00798122
0.03342700
-0.04466327
0.03859744
0.06545152
0.05994545
0.05130948
0.03770932
0.17666079
0.04995121
0.10326137
0.03987450
0.07979990
0.02916706
0.06162347
-0.07506720
-0.14610414
0.06537710
-0.07211734
0.10669532
-0.10154600
-0.15975064
-0.19687475
-0.03475098
0.18282597
-0.00807547
0.01565371
-0.13070349
-0.00231041
0.17216007
0.04441518
-0.04729617
-0.03948225
0.02702776
0.16293447
0.17076293
-0.08641048
-0.11066124
-0.13785771
0.19665875
-0.06593857
-0.07203938
-0.11427432
-0.30799499
0.03199521
0.17911968
0.16449159
0.18325421
-0.08582604
-0.05753211
0.02700789
0.02299330
0.13666810
-0.04749082
0.23188333
0.09800487
-0.06362987
0.02506020
-0.03715366
0.02173702
0.15138735
-0.12272735
0.00970819
0.03651321
-0.02946139
-0.18388022
0.02399356
-0.03199160
-0.05869637
-0.12093239
-0.19263470
-0.05687884
0.11857138
0.01488611
-0.05663645
-0.24798580
-0.05874864
0.16594099
0.20048444
-0.02474156
-0.03684354
-0.20921533
0.16331728
0.00040268
-0.20083621
-0.12419615
-0.10515489
-0.13701130
0.03324853
-0.01963675
-0.00120165
0.01803352
-0.00098578
-0.00118880
-0.00249237
-0.04202868
0.07858144
-0.01535393
-0.07649869
-0.13298203
-0.00128738
0.09754498
-0.02171664
-0.06235054
-0.15559834
-0.07687297
-0.11913484
-0.19564024
-0.19206882
0.08901191
0.02623622
-0.12283943
-0.22770329
-0.51781517
0.10538556
0.06911386
-0.05460082
-0.07523976
-0.32062951
0.12125403
0.17121822
-0.02482550
-0.01462571
-0.13858639
-0.01339138
-0.08588145
-0.14016110
0.11745711
-0.06294485
-0.25989497
0.00782681
0.16658787
0.13740833
-0.03059366
-0.10979024
-0.02419027
-0.10355967
-0.00341788
0.03358342
-0.26862189
-0.27898082
0.14246179
0.07419496
0.00525694
-0.17153721
-0.17049249
0.03852762
-0.05916242
-0.01081160
0.00280535
0.03237206
-0.02920657
0.03280189
-0.12386707
0.04040073
-0.00013895
-0.16405915
0.12857613
-0.13407147
0.08373643
-0.00118772
0.07857355
0.05466760
0.04466949
0.19433647
0.00320728
0.06237265
0.12046684
0.20380478
0.21353850
-0.20915885
-0.00300947
0.01964244
0.18042715
0.09131616
0.03198927
0.03683911
0.05414916
0.03464049
-0.12490080
-0.08087411
-0.04069421
0.02082670
-0.09698498
0.09029920
-0.25114942
0.07264020
0.05054235
-0.00297874
0.08824636
0.09061887
0.00495809
0.17930660
0.16135362
-0.07818071
0.02613952
-0.06441994
-0.07031586
-0.19454865
-0.11296795
-0.16500960
0.08837258
-0.08490383
-0.01086651
-0.19270962
-0.05707007
-0.13762791
0.02586883
-0.00210857
-0.07399571
0.03350422
-0.04529093
-0.34032017
0.06717155
0.03563407
-0.07678180
-0.30862543
-0.21462041
0.08306932
-0.25384256
-0.08119634
-0.19358376
-0.22173025
-0.03380912
0.07734283
-0.03210996
-0.11890711
-0.08556624
0.18456334
0.04852069
-0.09654099
0.25275227
-0.00500781
-0.27014521
0.02681004
0.04905943
0.09353331
0.22264683
0.02317424
-0.23662838
-0.22831193
-0.03452279
0.19277900
0.03083973
-0.05059878
-0.24931294
-0.13605314
-0.09656232
-0.03474839
0.02585762
0.09723508
-0.03281659
-0.16748545
-0.27220926
0.04527827
-0.06741637
-0.03831565
-0.01180560
-0.27336171
0.05679043
0.00787718
0.05340711
0.14777336
-0.15144168
-0.15754330
0.03573554
0.01793519
-0.00325807
0.04769227
0.00927728
0.13707131
0.22326103
-0.07105460
-0.02301186
-0.02514713
0.10357350
-0.00437824
-0.02447894
0.02847162
-0.07129155
-0.14931795
0.01671652
0.10831812
-0.10090551
-0.07548854
-0.08798922
0.12055589
-0.08837438
0.12462837
-0.19067656
-0.21129991
0.11972824
0.10285252
0.08639300
-0.04770859
-0.01187498
-0.01568264
-0.05918302
-0.35057828
-0.07756247
0.00368521
0.06063063
-0.01284364
-0.19007011
-0.15809491
0.02261380
0.05847754
-0.21932034
-0.45372730
0.01679116
0.09596616
0.02618990
-0.05923451
-0.26820004
0.04438182
0.05020957
-0.02645726
-0.04309382
-0.15102483
0.07607780
-0.01816179
-0.18002820
-0.10490277
0.02438411
-0.11600138
-0.26049942
-0.02198707
0.01666738
0.01578319
-0.06354598
-0.09013176
0.16037340
0.05855206
0.08336966
-0.15148094
-0.17863543
0.02992634
-0.00204427
-0.05858493
-0.24425401
0.06274232
0.07252322
0.04031335
-0.17814578
-0.12424554
-0.11553827
-0.04889624
-0.23389009
-0.10521468
-0.00667616
-0.01349027
0.02106070
-0.12090902
-0.31889442
-0.15553005
0.08331189
0.20848699
-0.05141293
0.09383415
0.05633939
0.15582752
0.10720887
-0.11985577
-0.19474183
0.06284113
0.13992299
0.06117395
-0.29763231
-0.20845875
0.00365279
-0.04644477
-0.09792141
-0.18679383
-0.09118032
0.12045208
0.12911396
0.02812261
-0.01464528
-0.10840818
0.07509822
0.08746668
-0.12132856
0.14534229
0.29074380
0.07020542
0.03277906
0.05009415
0.03171422
0.25979534
0.02187643
-0.14899813
0.21892616
0.00309094
0.05833596
0.07593963
-0.00367681
-0.23764065
-0.32987264
-0.43445998
0.11765230
0.04993087
-0.02494374
-0.09987099
-0.17867671
-0.07469576
-0.19013052
0.15584961
0.03449363
0.21523850
-0.18396293
-0.04789928
0.02552990
-0.06341694
0.07539422
-0.35978264
-0.04922713
0.05700388
-0.00394990
-0.06585637
-0.09470607
-0.18893039
-0.09882005
-0.15405418
-0.10523956
0.10674446
-0.09781386
0.19083630
-0.12974373
-0.04602269
0.08144371
-0.01755250
0.09956416
0.11039439
0.13568841
-0.17221133
-0.12643677
-0.03178226
0.00301870
0.12599403
0.05031834
-0.10296285
-0.14360966
0.14086731
0.23774992
-0.05549069
-0.28781274
-0.13678242
-0.06165487
-0.18921670
-0.02630410
-0.13181672
-0.22064207
0.29412943
0.12909976
-0.05303129
-0.24777970
-0.06104386
0.22170238
0.05411468
-0.07685544
-0.25854093
0.00160499
0.09443334
-0.02511895
0.03922528
-0.07825211
0.00284547
-0.03767591
-0.03627518
-0.15835270
0.00384035
0.09981819
0.05108388
0.13935637
-0.07677527
-0.05549262
0.01751010
0.01017653
0.03523133
-0.01078544
0.12073501
-0.17826974
-0.05854947
0.06512227
0.04429284
-0.05770993
-0.07737324
0.19821827
0.15444586
-0.03337057
-0.07352366
-0.11142163
0.18633682
-0.04807525
0.03626869
-0.01999765
0.01291113
0.02614373
0.06984160
0.11125581
0.12283950
0.09257460
0.08969117
0.09601053
-0.27163014
-0.20515281
-0.09860945
-0.06285517
0.09211945
0.00056356
-0.03296093
-0.02350316
0.03313543
-0.31155527
0.05930122
-0.03155279
0.03062930
-0.04732081
-0.28434369
-0.12184579
-0.03451647
-0.01010362
-0.14984533
0.04549009
0.07776026
0.10187338
0.10888122
0.09268680
0.02226232
0.01735921
-0.12274472
0.12280913
0.13861451
0.06270855
-0.18204954
-0.01204931
-0.01954940
-0.04371626
-0.15200269
-0.09317707
-0.18752736
-0.14857478
0.01769819
-0.05166221
0.09431049
-0.06253797
-0.09154742
-0.08396630
0.18213956
-0.08314595
-0.14965108
0.08818112
0.13854262
0.05192507
0.06876917
-0.02988954
0.01333462
0.10882624
0.14120819
0.16208252
0.11531700
0.09270848
0.04537496
-0.21281601
0.03687502
-0.03186604
0.05535586
-0.16225646
-0.38031945
0.05196385
-0.03912232
-0.04708268
-0.04623314
0.04379695
0.06215869
0.19119734
-0.05235444
-0.12493300
-0.18457319
0.05535368
0.07650995
0.00170220
0.09370466
0.04627000
-0.09390432
0.03260183
-0.03858223
-0.01228657
-0.12689407
0.12948468
-0.21826865
-0.33238158
-0.13588201
-0.30077359
0.00851754
0.04247974
-0.04941940
-0.05322586
-0.07991896
0.06626369
-0.00680748
-0.06301026
-0.09393100
0.06505555
-0.03276027
-0.06666040
-0.03012216
0.08593453
0.03092723
-0.13054001
0.06410979
0.01702785
0.01942932
-0.06895034
-0.08331637
0.01566659
0.07930823
0.03526721
-0.07274382
0.12135746
-0.03392712
0.02438361
-0.01497967
0.15553701
-0.07578997
0.07233033
0.17130736
0.04437386
0.13780104
-0.01498732
-0.01587768
0.08277798
0.00775233
0.13162817
-0.05674800
0.06221011
-0.06299233
0.01510993
0.02910393
-0.05739989
-0.06093304
-0.29778314
-0.31397131
-0.01839266
-0.15397604
-0.04561008
-0.08185266
-0.08489606
-0.01456829
-0.02497423
0.01698389
-0.00363950
-0.01917751
0.15761521
0.01315570
0.09499919
-0.03185410
0.00722679
0.12748215
0.11192571
0.03809987
-0.15857020
-0.05338768
-0.09483124
0.10285701
0.10704611
-0.15870488
-0.34172666
-0.32722515
0.10914966
0.00169858
-0.09778888
0.04845102
0.10339735
0.08123507
0.04753072
0.06492607
0.09008346
-0.00108164
0.25004455
0.05655105
0.03272275
0.15566413
0.16230345
-0.04625128
-0.02124900
0.01452155
0.07834591
-0.21310130
-0.13982037
-0.01451897
-0.01132319
-0.07999411
0.00445389
-0.02521106
0.04150812
0.05012118
-0.05274018
-0.01873243
0.10177341
0.02660217
-0.04843459
-0.01609083
-0.00989821
-0.11398583
-0.09920065
0.03399086
-0.02856358
0.04513252
-0.06787884
-0.05444777
-0.01220958
-0.00841084
-0.21907295
-0.00569539
0.01748873
-0.04713368
-0.01588354
-0.08307009
-0.19885586
-0.01985034
0.04178904
0.01814098
-0.00966050
0.11300899
0.13909182
-0.04921195
-0.05402996
0.11114635
0.02490005
0.00542734
-0.04240898
-0.05167408
0.06520584
0.03568015
-0.02899833
-0.01036601
-0.07203793
0.06674470
-0.04818559
0.00770279
0.08169485
-0.11153827
-0.12636338
-0.01163635
-0.03423472
-0.09823725
-0.07682249
0.01455017
-0.14791201
-0.04080882
-0.10449000
-0.11102758
-0.06139415
-0.26996195
-0.14440751
-0.01169814
0.14869452
0.14347610
-0.22364934
-0.22485256
0.00123971
0.15114465
0.03547425
-0.00052409
0.00301482
0.01122039
-0.01052035
0.04314883
-0.05031212
-0.15316108
-0.02470311
0.09426171
0.12556523
-0.01000050
0.10097121
0.07862921
-0.10779774
-0.05263861
-0.05831942
0.11584347
0.13935935
-0.10286514
0.03243739
-0.16657959
0.07815547
0.03004120
0.01536784
0.15083182
0.07064983
0.16858310
-0.06949449
0.20292073
-0.01967258
-0.09099000
-0.15023169
-0.06800915
-0.01177637
0.07940181
-0.06970792
-0.06065734
-0.02092789
-0.13982016
-0.13490583
-0.03320331
0.01216179
-0.00524743
-0.16637500
-0.08028366
-0.08834054
0.04465188
-0.02920388
-0.20736104
0.05086518
-0.10569809
-0.09870405
-0.31310722
0.07447851
0.21762867
0.20351005
-0.19774769
-0.10840587
0.00398924
-0.04150871
0.19507909
0.00523760
-0.05323733
0.07307940
-0.03497230
0.32912093
0.00902484
-0.02555908
0.05298938
-0.14192250
0.03443309
-0.09347092
-0.07117444
-0.07444596
-0.22132297
0.12225925
-0.16741957
-0.21307306
-0.25393325
-0.26087898
0.17560786
-0.12192509
0.00908159
0.04395874
0.02956291
0.07396006
-0.15829559
0.05367524
-0.07273246
-0.00880978
0.00366054
-0.06876719
-0.15809149
-0.22128400
0.02719988
-0.05044543
-0.26903889
-0.24238390
0.02200093
0.17476650
-0.21946514
-0.14860032
-0.00924010
0.12082155
0.10746086
-0.01950815
0.00635323
-0.04952750
-0.20172784
0.03444903
-0.02453986
-0.02261675
-0.18595503
-0.23451893
-0.03577980
0.02189028
-0.04662822
-0.26476613
-0.08716238
0.24427497
-0.07010014
0.14162903
-0.01949069
0.08647756
0.23821630
0.00453709
-0.01052203
0.22060107
0.02314481
0.15436545
-0.03033296
-0.01530246
0.09295101
0.11354843
0.05520305
-0.02351315
-0.03129530
-0.09671827
0.00000107
0.06664822
-0.06912634
-0.04393719
-0.01415252
0.05015910
-0.10039477
0.18111609
0.02543134
0.06459744
0.04693032
-0.05441435
0.17028706
0.02553294
0.02446963
0.05038227
-0.06408013
0.03988996
-0.03738611
-0.06910799
0.02538561
-0.03511372
-0.06653348
0.13199510
-0.07216194
-0.03846210
-0.02919126
-0.21716452
-0.05399380
0.00281026
-0.05883415
-0.10744562
-0.06792560
-0.08131370
-0.09682456
-0.15084864
-0.07918537
0.21828967
0.18066040
0.19425587
0.17985405
0.15496011
-0.02707920
-0.11002467
-0.17821500
-0.18604331
-0.04241002
-0.16516276
-0.00771638
0.02157840
-0.02130919
0.07680630
0.03036545
0.06530149
0.02641867
0.14690693
0.13592117
0.16429675
-0.03145884
0.07922641
0.05754814
0.10874438
0.17761581
0.08212203
-0.01772122
-0.13463823
-0.16969684
0.06055829
-0.11706004
0.06245887
-0.07005198
0.01337800
-0.07546681
-0.16507134
-0.03624719
-0.10616373
-0.02591281
-0.20052202
-0.03990573
0.05764576
0.06681523
0.21361265
-0.13638902
-0.12949328
0.02559752
0.17479354
0.23132239
-0.12129939
-0.06750770
-0.13438451
0.00809787
-0.04723414
0.04819924
0.02169415
0.04633309
0.04093051
0.01985386
-0.13545389
-0.08846755
-0.03614209
0.00506356
-0.08918429
-0.39129195
-0.15474543
0.07754332
0.12706268
-0.13940483
-0.16130580
0.00960128
0.00801690
-0.04018988
-0.08050922
0.07177993
-0.00531392
0.09673685
0.09037498
0.01827539
0.03006818
-0.07145222
0.02248507
-0.12459096
-0.09796614
0.03940350
0.02433191
-0.10329065
0.13455117
-0.12809235
0.05781290
-0.06456845
0.11649900
0.01136953
-0.03425960
-0.07523035
-0.12699085
-0.07535785
-0.10132869
-0.30210477
0.03748654
-0.15691319
-0.38193804
-0.20564519
-0.13529086
0.08561823
0.11995961
-0.04121210
-0.17005242
-0.30685747
0.11564519
0.04185764
-0.20351827
0.00649216
-0.34706607
0.16964418
0.13212858
-0.00010838
0.05164472
-0.04237302
0.06481363
-0.07155810
-0.04280189
0.08715292
0.10633939
-0.00028296
-0.18130805
-0.16292779
-0.14416310
-0.10161623
0.08450282
0.06631518
0.01877055
-0.01187442
0.21779184
0.07884373
0.12980682
-0.00703187
0.01092607
0.09976611
-0.09333404
-0.00140564
0.09210596
0.06957851
0.11075716
-0.25875586
-0.06609454
-0.04451394
-0.08421800
0.07374687
0.03905908
-0.03885555
-0.03753410
0.05497993
0.18215345
0.09703773
0.10070039
0.13754635
0.15064338
-0.06357405
0.06998572
-0.02430592
0.06585845
0.09293256
0.09633726
0.06591022
0.14447303
0.12820239
0.05391729
-0.11395233
0.08994780
0.14870405
0.02595391
-0.03930805
-0.33355460
-0.04270547
0.02569899
-0.02856643
0.03804656
-0.16053486
-0.04245970
-0.02483510
-0.03158155
0.15293168
-0.05012660
-0.02131659
0.04662565
-0.02788829
-0.07382143
-0.12225928
-0.16813536
-0.08541065
-0.11531834
-0.02759207
-0.20962593
-0.05225113
-0.05833305
-0.06048368
0.11827461
0.02353861
-0.07257178
0.05142609
0.07834621
0.19482122
0.08589178
0.00265747
0.01657074
-0.03763439
0.04197414
0.16193755
0.06951226
0.01418228
-0.03922757
0.06601072
0.13443591
0.15093233
0.04719413
0.09866300
0.05987438
0.11522939
0.09323220
0.19486137
-0.02383711
-0.02146233
-0.28371972
0.05547915
0.07078091
0.07508624
0.04678939
0.03707100
0.07874690
0.15707387
-0.17823052
-0.25009158
-0.17378210
0.12944095
0.03302692
-0.26185387
-0.13831863
-0.14098696
0.05114159
0.11646265
0.12195098
0.01064739
0.16074736
0.08421212
0.08942407
-0.07876563
0.06770608
0.19667284
0.02301391
0.02144706
-0.09851392
0.02134294
0.04899671
0.02681757
-0.00983242
0.03781698
-0.25959575
-0.07641760
-0.00879238
-0.02863851
-0.09440335
-0.41245350
-0.14200252
-0.00329462
0.18562484
0.03141488
-0.20338818
-0.22957976
-0.09318592
0.01480123
0.03735691
-0.05542464
-0.08987466
-0.19801900
0.00072369
-0.06336330
0.05418182
0.12597126
-0.06192460
0.10234587
0.15848146
0.02106787
0.03596270
0.00006212
0.07841413
0.06789546
0.02870911
-0.05733755
-0.35449883
0.05495324
0.08234002
0.00233539
-0.06571834
-0.15996404
-0.04434339
-0.06762747
-0.11491937
-0.12768814
-0.06483851
-0.15859738
-0.11038329
-0.07073995
0.08168130
0.15172985
-0.10202789
-0.18476312
0.12543954
0.15150417
0.10196346
-0.13691223
-0.08613699
0.03449640
0.03994719
-0.18630588
-0.18975165
0.01034580
-0.17739005
-0.07245351
-0.21619095
-0.16277726
-0.08087596
-0.07716887
0.00453199
-0.27940202
-0.14326884
-0.14963739
-0.04155699
0.10638007
-0.20566051
-0.09814748
-0.11798556
-0.09617779
-0.13115098
-0.02356572
-0.11425881
-0.00331544
0.08517754
0.01175390
0.04221635
-0.00608455
0.07953223
0.08610934
0.14520714
0.01479343
-0.29802644
-0.23005228
0.07690355
-0.08769101
0.04398759
-0.18736979
-0.13898435
0.11819857
-0.06575520
-0.04398706
-0.01200789
-0.14881563
-0.13018467
0.01793160
0.05477476
-0.11035568
-0.02143198
-0.00624155
0.00696320
-0.15446633
-0.22266296
0.03523075
0.11430603
0.18398227
0.01022359
0.03433077
-0.00458131
0.06331384
0.08445825
-0.12539022
-0.14816068
-0.08018429
0.05988883
0.01172689
0.00335378
0.05067633
0.07829396
0.09303761
-0.03282781
0.22504988
0.08191909
0.11139464
0.05591307
-0.33255577
0.02810990
-0.02029777
0.01384703
0.07886259
0.11941771
-0.11395087
0.14601459
0.03964734
0.02370953
-0.00264170
-0.17522006
-0.00338838
-0.04289587
-0.00801624
-0.00738523
0.04468364
-0.29795861
-0.14196682
-0.01351079
0.15594864
-0.15735388
-0.27091765
-0.09437510
0.02411142
0.12937061
-0.05681960
-0.40065351
-0.03441898
-0.01742709
0.03072553
-0.07871297
-0.01786076
-0.06536462
-0.11727794
-0.03773560
-0.03150949
0.01638838
0.02677608
-0.11640271
0.05079101
-0.13125579
-0.13916929
-0.16164038
0.01943352
0.05424719
-0.05734619
-0.06179346
0.01265246
0.13753471
0.07427990
0.17829120
0.08054430
-0.10483631
0.00590438
0.06267027
0.03863729
0.09870821
-0.12789178
-0.10560232
0.04349676
0.01313127
-0.27116433
-0.23359035
-0.49408093
-0.20074834
-0.12015289
-0.10454475
-0.25480503
-0.14516343
-0.03282556
0.15448672
-0.00020257
-0.02865922
-0.09071114
-0.05985363
0.28789175
0.10484347
0.04343641
-0.04458643
0.04364004
0.12212089
-0.02739309
0.04745939
0.00408259
0.03623506
0.02417973
0.12794463
0.03884266
0.03132302
-0.07853220
-0.16935107
-0.18264294
-0.13330464
0.27025557
0.20010325
-0.25748032
-0.17967816
-0.13154696
0.01343410
0.06781770
-0.10567094
0.00186397
-0.23799774
0.04088138
-0.04994312
0.01290108
0.07421524
0.19664253
0.18852633
0.14073709
-0.01009976
0.06757671
-0.15444344
0.08496253
0.01233814
-0.29750183
-0.39064318
-0.20064928
0.00019093
0.09877715
-0.19768329
-0.16801651
0.03322594
-0.07593081
0.26664197
-0.04295398
-0.16272321
-0.13094300
-0.03796561
0.16245824
0.00865317
-0.15497708
-0.02575302
0.14876392
-0.13765846
0.00703515
0.03991400
-0.03671824
0.10006263
-0.03117162
-0.13460025
-0.08120601
-0.00583070
0.05864830
-0.04587036
0.21643983
0.17226626
0.09229062
0.05528813
-0.11878998
0.23104547
-0.02486832
0.11612076
-0.14779173
-0.02703977
0.03675754
-0.07234526
0.04285260
0.06153990
0.00906081
-0.06512107
-0.03002017
0.12673543
0.03573972
-0.06186086
-0.14972477
-0.12633650
-0.18101558
-0.21268661
-0.08318750
-0.05028599
0.05430605
-0.04230855
-0.02653403
-0.12611455
-0.38613182
-0.10968272
-0.08581382
-0.09434714
-0.05864483
0.10659330
0.16557021
0.16219318
0.18262637
0.15235919
0.11942944
0.05915790
-0.02108394
-0.02405582
0.09554759
0.01152601
-0.00927905
0.13146833
0.01607182
-0.10905516
0.00205616
-0.14307572
0.12326598
0.08233501
-0.02906253
0.05581556
-0.08078200
-0.02610830
-0.09343366
0.14932901
0.01270480
0.06755543
-0.11873405
-0.07156385
0.12165609
-0.03491592
-0.15327103
-0.03314853
-0.08118990
-0.09572638
0.04261481
-0.05222265
-0.01719283
0.12145077
0.10634139
-0.07464764
0.13514619
0.02609816
0.04736189
-0.04954287
-0.47881684
-0.10906881
-0.10706008
-0.05900753
-0.26206368
-0.09617878
-0.08660260
0.06952096
0.09496216
0.10700911
0.09649238
0.08545662
0.04137602
0.03671926
0.12713590
-0.25466111
-0.38587028
-0.16692404
-0.05038129
-0.05373193
-0.17188129
-0.13539776
-0.05799733
-0.00665219
-0.13337183
-0.16710490
0.00223689
-0.01769166
-0.03255985
-0.03733011
0.05038535
0.03336859
0.09119703
0.13195780
-0.02821009
0.07817215
-0.05594319
-0.25880596
-0.08376490
-0.14606975
-0.14733808
-0.07916741
0.01632819
0.11099643
-0.16469549
0.01970449
0.07725000
0.04845062
-0.01837044
-0.08362954
0.10314367
0.15559974
-0.00576870
0.07115556
0.02852327
0.07805437
0.04768194
-0.03798900
-0.08387314
0.03039668
0.03686514
-0.11084321
-0.24730200
-0.08343750
0.15351728
-0.06186599
-0.24418256
-0.15786396
-0.22911583
0.02106784
0.11534992
-0.10918812
0.03592733
-0.16000137
-0.03765048
0.27196029
-0.05517545
0.06065857
-0.04634389
0.08496910
0.14073767
0.08317515
-0.16513005
-0.08406404
0.12078129
0.07601180
-0.25411183
-0.17118564
-0.03750233
-0.02275652
0.11024228
0.27555940
0.13675168
0.04823355
-0.01802441
0.14660420
0.16053034
-0.08257360
-0.01572412
-0.07542630
0.26217562
0.12731248
-0.04827187
-0.20167938
0.01267817
-0.06642220
-0.02149867
-0.11009936
-0.05215068
-0.00497801
0.06734104
-0.03803292
0.04745779
0.03921911
-0.06468784
-0.00803141
0.00215347
0.11776835
-0.03558430
0.05270781
0.03380253
0.14349112
0.03480507
0.00559294
-0.07148865
-0.11926158
-0.05834144
0.20076965
-0.01324015
-0.24447168
-0.24059388
-0.12927610
-0.00229241
-0.17045882
-0.24341516
-0.14141759
-0.09818315
-0.08595257
0.28722021
-0.03127057
0.06595162
0.03310470
0.00885339
-0.03162339
-0.09098232
0.08664647
0.17383651
-0.04000085
-0.04123169
-0.10005144
0.04526407
0.00592706
-0.06242837
-0.06820307
-0.00100397
-0.17117433
-0.02173243
0.01987122
0.04806888
0.21482749
-0.19031708
0.03963460
-0.03559098
-0.12369432
-0.07104813
-0.15318027
-0.15878105
-0.13027512
0.13368109
0.25371203
0.04621511
-0.07706007
0.05350074
0.07731346
0.12418043
-0.07768195
0.04936713
0.10344757
0.05117419
-0.10079394
0.05153463
-0.06322573
0.02793377
-0.11620094
0.00316631
-0.03539097
0.01441422
0.04263864
0.07372205
0.03271835
0.18828382
0.27260825
0.10587610
-0.02664844
-0.16985339
0.03524240
-0.04781079
-0.18307203
-0.00924098
-0.12035941
-0.27426824
-0.02227096
0.14085634
-0.12439849
-0.12573649
-0.32627293
-0.02929308
0.17885983
0.07397924
0.05180258
-0.02337758
-0.06477592
-0.19335073
-0.11489259
-0.08259010
-0.13502838
0.05060037
-0.01585764
0.12974307
-0.12129208
0.14797099
0.06553245
0.01274011
0.08567805
0.05732272
0.21531013
0.06407994
-0.00117406
-0.12500155
-0.06035421
-0.08762027
-0.08532675
0.00986692
0.04126866
0.00327625
0.05407727
0.03398777
0.23843098
-0.06173228
0.03556977
-0.04334755
0.06677685
-0.01886341
-0.04997833
0.13489218
0.02799232
0.07073046
-0.10990699
0.00359319
-0.04263087
-0.06662095
-0.10114919
-0.03369571
-0.07542205
-0.03795701
-0.39721105
-0.10166170
-0.08905365
-0.07077055
-0.01187235
-0.07389344
-0.09402466
-0.20028868
-0.19836490
-0.11765496
-0.04758431
-0.02818197
0.05697332
-0.10812846
0.10166591
-0.16575615
-0.14941622
0.05811444
0.23452657
-0.06651080
-0.04539081
0.10116688
-0.08363492
0.18051243
-0.14989111
0.01974211
0.17568013
0.03346342
-0.02309308
-0.04261586
-0.18215005
-0.14207911
0.06731647
-0.03097205
0.09292743
0.12102467
0.12572783
-0.07462040
0.06514195
0.11023202
-0.07791707
0.11240783
0.22650951
0.12159944
0.03154587
-0.06071346
-0.01919997
-0.06941395
-0.04538244
0.12855840
-0.14292486
0.09303725
0.10341501
-0.05827825
0.01015062
-0.21651417
-0.05452523
0.04756343
-0.02883601
-0.03000884
-0.19248222
-0.13294852
-0.13651867
0.07345476
0.03649789
-0.06556756
-0.00504722
0.08345605
0.02065061
-0.06629674
0.02494037
-0.05164748
0.14592010
-0.01376204
0.02117415
-0.03479533
-0.05873116
0.07795019
-0.01245659
0.12712966
0.17163672
-0.01524147
-0.02693759
0.01443962
-0.01525805
-0.05061473
0.00967948
0.04480154
0.16054511
0.08693268
-0.00215854
-0.01888744
0.07018287
-0.00253188
-0.06063696
-0.00230349
0.01258618
-0.02296876
0.11619883
0.10285039
0.05639739
0.15003191
0.07019002
0.09497809
0.12720047
-0.05418681
-0.10862926
-0.16807951
-0.11777894
-0.11079194
-0.07737815
0.02850940
0.10472970
0.03777499
-0.01016241
0.11190104
0.06036137
0.08997490
0.10950644
-0.04013221
0.23243950
0.03378778
-0.06790221
0.02457794
-0.05759436
0.22481617
0.03280097
-0.19815043
-0.08696146
-0.00343378
-0.04134105
0.10891631
0.14135022
0.11874995
0.07163930
0.00942749
-0.07384336
-0.03305930
0.11316202
0.05576738
-0.07236587
-0.02642790
0.11270567
-0.11624792
0.02531487
0.15780415
0.00506467
-0.09078924
0.07369045
-0.00005236
0.09884254
0.00365076
0.06603348
0.08860020
0.01897732
-0.01961637
-0.05001228
-0.17977971
-0.05635489
-0.07291595
0.09057712
0.23131530
0.12059950
0.20958748
-0.19119667
-0.17986013
0.04882832
0.11030995
0.13766038
-0.00617664
-0.16507876
0.00436819
0.09230088
0.03621068
0.03913591
-0.16876474
0.16258036
-0.03861735
0.06696211
-0.18907754
-0.10338024
-0.14946260
-0.14059365
0.08077178
-0.01013458
-0.01243854
-0.12504321
0.03761294
0.10378023
0.28779903
-0.13343187
-0.12609801
-0.11028140
0.23377354
0.42058396
-0.08504578
0.11703882
0.08166543
0.21421751
-0.12247901
-0.04302458
0.12747736
0.10429916
0.05412184
-0.11813200
-0.04905238
-0.04954675
0.07639192
0.07765991
-0.04677458
0.00287486
-0.04511627
0.02348879
0.11213896
-0.08885460
-0.03908062
0.10261936
0.03002122
0.09656826
0.07373932
0.01722069
-0.00387284
-0.14105891
-0.00740018
-0.02437072
-0.03656010
-0.10366269
0.02098591
-0.02807659
-0.14135955
-0.11684158
-0.09219569
-0.03203747
-0.00995321
0.03370184
-0.28828463
-0.07817090
0.06752124
0.08992820
0.26581407
-0.10026464
0.28338137
0.15747994
0.03285111
0.03560197
0.21116231
0.48616007
0.06591507
-0.08410197
-0.10404401
0.22747448
0.37083715
0.19428080
-0.16195303
-0.10938619
-0.09061911
0.06425700
-0.03173840
0.06621633
0.03812809
-0.06512817
-0.04298952
-0.06150777
-0.01702054
-0.02030520
-0.03350167
-0.03555489
-0.00616136
0.03322928
0.02682347
-0.03912732
0.03038827
-0.00263222
-0.01289092
-0.04400390
-0.05611767
-0.01964459
-0.02992237
0.00202071
0.01795596
-0.01047540
0.03945357
-0.02517930
0.01229585
0.03673907
-0.00754790
-0.01342490
-0.07275798
-0.03799658
0.00680937
-0.05302631
-0.06082330
0.02228984
0.01382205
-0.02728209
-0.04492217
-0.00201641
-0.03411899
-0.01556772
0.01208040
-0.00167574
0.01803727
0.03296236
0.00508288
-0.02670060
0.00866305
0.00286431
0.02592098
-0.02841168
-0.00267872
0.01063513
0.01164995
0.01884265
0.02779354
-0.04912627
-0.00032142
0.02188930
-0.01055898
-0.02778549
-0.03859056
0.00720732
-0.00807138
-0.00068333
-0.02204526
-0.00725372
0.04406781
0.02211437
-0.05261584
-0.05344461
-0.04085527
0.00682844
-0.06745888
-0.06825483
-0.03294841
-0.01535835
0.00367608
-0.03604046
-0.00734545
-0.03939346
0.03023267
-0.02583353
0.02548650
0.02248177
-0.06477140
0.00434126
-0.02636434
-0.07150587
-0.03966334
-0.00004075
-0.04775316
0.00287164
0.02616571
-0.03971648
0.01180234
-0.01528072
-0.04643987
-0.05578491
-0.04056168
-0.00104162
0.02510774
-0.03637774
-0.02610454
-0.02770396
0.00468091
-0.03992310
-0.04618226
-0.05803380
0.00101578
-0.03396337
-0.06891929
0.00440062
-0.03612567
0.00150347
0.03243034
0.00729134
0.02152676
0.02356610
-0.05655882
-0.04481350
0.00804211
-0.04241172
-0.00712807
0.01098258
-0.00989686
-0.01344945
0.03715361
-0.04003932
-0.00300298
0.02553697
0.01609974
0.03024291
-0.03257523
0.00091323
-0.04268935
-0.00841410
-0.03283362
0.00220973
-0.03129023
-0.04923255
-0.00784042
-0.00161866
-0.02964865
-0.00003656
-0.01567986
-0.04314383
0.02974701
-0.00589750
-0.06215919
-0.01870967
-0.02462181
0.02068025
-0.04394909
-0.06544073
-0.05434493
-0.02991303
0.01808254
0.01441645
0.00363833
0.01367069
0.00651369
-0.04159297
-0.05684042
-0.03545758
-0.01202102
-0.03356882
0.01680524
-0.01778965
0.02537420
-0.01823895
-0.00475341
-0.00023630
-0.01690876
-0.02754086
-0.03230142
-0.02326783
-0.05272693
-0.02023517
-0.02135506
0.00385623
0.03015255
-0.01084113
0.00994293
-0.00588669
-0.03022694
0.01154812
-0.03263655
-0.03188568
-0.00067371
0.01700812
-0.06161566
-0.07384959
0.01327338
-0.01660397
0.00610202
-0.00640946
-0.02843666
-0.06090748
-0.02117221
-0.06391437
-0.04929699
0.01597075
0.00094624
0.00283699
-0.04136992
-0.06657783
0.00864517
-0.00221734
-0.06606688
-0.03082769
-0.02539731
-0.03706321
0.02354928
0.00095056
0.00278004
-0.05031347
-0.04823852
-0.01438877
-0.06806626
-0.00015790
-0.04296106
-0.03163584
-0.00279858
-0.05285283
-0.05281909
0.03544074
0.00261741
-0.05063189
-0.02612379
-0.06125024
-0.06284082
-0.02932011
0.01924002
-0.02957402
-0.02869603
-0.01814359
-0.05210439
-0.03422791
0.00385224
0.02050769
-0.01421518
-0.02856162
-0.01800888
0.04374816
-0.02612287
0.06028189
-0.04364761
-0.00245305
0.01995736
-0.03352460
-0.03230361
-0.02207666
0.01990029
-0.05845977
0.01151148
-0.02051141
-0.01740797
-0.03954376
-0.01249515
-0.02767417
0.03441612
-0.03358728
0.02068671
0.00000393
0.00686719
0.00946312
0.00615687
-0.01581015
-0.00687745
-0.02266430
-0.02877883
0.02068928
-0.01108459
-0.05732397
-0.03099929
-0.06950288
0.00768222
0.02641274
0.02942604
0.02449105
-0.04133388
0.00724259
-0.00546125
-0.02915548
0.01219967
-0.03756328
0.02229187
0.01232934
-0.01506810
-0.01931935
-0.04093647
0.04176454
-0.00647593
-0.04651637
0.03807975
0.03318145
-0.00421100
-0.04295097
0.00915361
-0.01436176
0.00752304
-0.04068577
-0.02556697
-0.00934289
-0.00115369
-0.05051572
-0.02339715
0.01241542
-0.00883656
-0.00087533
0.03337577
0.02183181
0.00059809
-0.05238970
-0.04710753
0.03190664
-0.04854754
0.01095590
-0.03499851
-0.04684089
-0.02184261
0.02143655
-0.00978351
-0.04548591
0.02329300
-0.03457570
-0.01504437
-0.04552737
-0.03850476
-0.02207304
-0.02934202
-0.03676023
-0.01460493
0.02965436
-0.00169363
-0.01997442
-0.04591240
-0.02899483
0.00514309
-0.01397879
0.01751536
-0.04401239
-0.05124923
0.03054329
-0.07410145
-0.04691022
-0.05122674
0.03441642
-0.03642340
-0.01638107
-0.00176069
-0.03874625
-0.00840573
0.04109884
-0.00808023
-0.04174813
-0.04538487
0.00306877
-0.02074790
-0.00608684
-0.05869010
-0.04468709
-0.06127827
-0.01209286
-0.01468235
-0.01556855
0.01507527
-0.06657699
-0.05832454
-0.03648842
0.00396671
0.02248146
-0.00596380
-0.00476453
-0.00555150
-0.04795087
-0.00090464
0.03068087
0.01276834
-0.04129398
-0.00251011
0.02184486
-0.03103635
-0.01002500
-0.05634373
-0.05960747
-0.00173468
-0.02767687
-0.01865908
0.03485527
-0.02163503
-0.05268368
0.03515869
-0.00434671
0.01271726
0.00234319
-0.04511914
-0.01217548
-0.03472055
0.01794484
-0.03200855
-0.00024510
-0.04172302
-0.04864979
-0.04388129
0.01640976
-0.03991744
-0.08269092
-0.05353197
0.03579207
-0.01915969
-0.01438399
-0.00844492
0.03663519
-0.05935340
-0.00319687
0.02388511
-0.10578472
-0.00159997
-0.10843717
-0.07513314
0.00900624
-0.00779726
0.03511748
-0.10517588
-0.10010946
0.00211081
-0.03049066
-0.11025003
-0.06383897
-0.06797945
-0.07294124
-0.07346904
-0.01090974
0.01221457
-0.01686673
-0.01451031
-0.02833785
-0.06045437
-0.12901710
-0.07861629
-0.00832200
-0.03339348
0.00597545
-0.04808586
-0.00384771
-0.08740619
-0.03159925
-0.05933019
-0.03410393
0.03974224
-0.07740515
-0.08241813
-0.04063733
-0.03346381
0.03318956
-0.03842981
-0.04701439
-0.05993420
0.02803743
-0.03420827
0.03133902
0.05139354
0.04799742
-0.00625155
-0.01833287
-0.00080847
-0.04832707
-0.10153296
-0.01393071
-0.03424421
-0.04988970
-0.02874034
-0.06702100
-0.02401846
-0.00790367
-0.05476268
-0.09760636
-0.02057882
-0.06302326
0.01097720
-0.07808171
-0.04339702
-0.14928392
0.02325100
-0.00481371
-0.06364703
0.02878648
-0.06504746
-0.03699961
-0.02983323
-0.02053084
-0.11150991
-0.03119597
-0.00499571
0.06662049
-0.11224970
-0.04644350
-0.01445919
-0.05399087
-0.05572164
-0.10745998
-0.05258280
-0.05579779
0.02233485
-0.05509187
-0.00088594
0.01058251
-0.04592996
0.03474815
-0.00788323
-0.06945989
-0.01113934
-0.05160983
-0.05384162
-0.07729161
-0.03199787
-0.02054076
0.01563924
-0.10506722
-0.08664712
-0.02696210
0.03645223
0.01738493
-0.07997113
-0.02858240
-0.01419443
-0.01978713
-0.10208599
-0.10166460
-0.09816077
0.03723434
-0.08345047
0.02402388
-0.03339326
-0.09588213
-0.01456057
0.02176977
0.02328839
-0.01292145
-0.05767792
0.01987895
-0.01806410
-0.05321125
-0.00925980
-0.03270277
-0.02357476
-0.03579428
-0.06324398
-0.03378153
-0.10956861
-0.00209433
0.02866967
-0.03394225
-0.01627693
-0.05412930
-0.08949950
-0.10491231
-0.01185758
-0.07282282
0.00465861
0.00627914
-0.04860627
0.07303973
0.01066725
-0.04838087
-0.03785731
-0.02660121
-0.03514951
0.01595053
-0.09865306
-0.09432773
-0.02409353
-0.00920103
-0.07472439
-0.13766596
-0.03207618
-0.04748986
-0.05083375
0.02549601
-0.03979893
0.00304573
0.00652839
-0.06178978
-0.02467395
-0.04003783
0.00392496
-0.03105419
-0.03622752
-0.05650629
-0.09228390
-0.05407901
-0.02666626
-0.00124200
0.00311795
-0.08763915
-0.06849982
-0.03487814
0.03195610
-0.04789064
0.06403250
-0.05042582
-0.12947360
0.03763697
0.00325761
-0.05228100
-0.08340514
-0.07968725
-0.02218404
0.00280795
-0.06424866
-0.06925886
-0.09264979
-0.01667106
-0.03078558
-0.06528518
0.02390956
-0.01607609
-0.01280436
-0.07910719
-0.01891665
-0.05350437
-0.05686954
-0.01407191
-0.02341860
-0.06299521
-0.04084329
-0.09854206
-0.05014250
-0.07513142
-0.13105424
-0.07665994
-0.06941351
-0.04872415
0.00495687
-0.05241954
0.01921651
-0.00687440
0.08001342
-0.03535707
-0.02029388
0.00260359
-0.03040188
0.00347725
0.03717436
-0.01323689
-0.07154921
-0.08874738
-0.08687503
-0.06741700
0.04182447
-0.06975516
-0.04389625
-0.08408689
0.03905614
-0.00108838
-0.08622852
-0.07221938
-0.05186495
0.06830963
-0.02510650
-0.02167219
-0.00126542
-0.06272347
-0.01505234
-0.05338298
0.01057385
0.02726455
-0.02105421
0.04006319
-0.06899627
0.01573811
-0.02725411
-0.03489864
-0.02510661
-0.05159320
-0.02505734
-0.01746785
0.01794606
-0.09646665
-0.03389575
-0.04783401
-0.02439023
-0.01796670
-0.03293243
-0.09823860
0.00946269
-0.06230399
-0.06902815
-0.05369186
-0.03691675
-0.01638732
-0.01993233
0.07661266
-0.04446913
-0.06227662
-0.02728173
-0.02217379
-0.03183843
-0.06258038
-0.03854996
-0.00697156
-0.03293497
-0.06811234
-0.02984734
-0.07083901
0.00861328
-0.01726198
-0.05501613
0.06970239
-0.04570235
-0.03602333
0.00197312
-0.03464228
-0.02710336
-0.08562628
-0.04060396
-0.04593128
-0.00868195
-0.04175689
-0.09332682
-0.06921896
-0.07999759
-0.01317085
0.01484406
-0.06403199
-0.06746223
-0.07539931
-0.07475060
0.03209816
-0.05411821
-0.06586175
-0.02684670
0.04023387
0.04198917
-0.03838396
-0.00434953
-0.04512225
-0.03941107
-0.05149250
-0.05945900
0.00192368
-0.07101728
0.02718516
-0.00441139
-0.03622248
-0.08258593
-0.04480904
0.00211425
-0.00491492
0.03829036
-0.01618348
0.02399385
-0.05607997
0.00038859
-0.04014857
-0.04946574
-0.03048291
-0.09827859
-0.05813228
0.01914795
-0.08439740
-0.08339759
0.00450897
-0.02269494
-0.04223903
-0.02882114
-0.02735293
-0.07519402
-0.08320948
-0.02507776
-0.00809125
-0.02948874
-0.03323789
-0.05415154
-0.02324193
0.06768382
0.01080973
-0.02715317
-0.01375842
-0.10808377
0.07101438
-0.12986526
-0.11999646
-0.10967002
0.01123993
-0.02392765
-0.07547809
0.00184593
0.00889948
-0.05981690
-0.06010137
0.01753340
0.05705960
0.00777503
-0.04780014
0.05430504
-0.02204455
-0.00815303
-0.01636012
-0.05929870
-0.12168635
0.00818093
-0.00240715
-0.06619073
-0.03927107
-0.24381636
-0.07996523
-0.26432782
-0.23988082
-0.10691007
-0.06230900
0.02508033
-0.19262439
-0.13600178
-0.00633468
-0.08098879
-0.14597808
-0.06588902
0.07773051
-0.09821910
-0.00892281
-0.12910166
0.01691003
0.03254386
-0.00575992
-0.08646750
-0.07335320
-0.12183087
-0.25082892
-0.12761329
0.00637610
0.04397966
0.07499211
-0.11679225
0.00344384
0.03408236
-0.10132077
-0.15706040
-0.12337055
-0.08452957
0.10709488
0.00757207
-0.05720646
-0.11534745
-0.14108628
-0.01792916
-0.04120646
0.06856192
0.10324077
-0.07745352
0.00088822
-0.05502683
-0.05040694
0.04687420
0.07754692
-0.15097129
-0.07176761
0.07600130
0.06045385
-0.06350358
-0.09673677
-0.02293657
0.10805722
-0.13511606
-0.04840075
0.04689544
0.04105288
0.06241273
-0.12453429
-0.05101679
-0.04902446
0.00961442
-0.12297838
-0.03520343
0.03888924
-0.07172767
-0.07558384
-0.24294557
-0.21474594
-0.23974437
-0.12489334
0.19110732
-0.10611064
-0.24345496
-0.06572454
0.04767089
-0.16963781
-0.11774089
0.00409944
-0.05274348
-0.03754592
-0.02387434
-0.02517550
0.06353661
-0.01376850
-0.13623719
-0.07245331
0.11388668
0.06225444
0.07634716
-0.21893106
-0.01356836
-0.15866721
-0.01179990
-0.19678685
0.00672081
-0.30153376
-0.03297982
-0.02581793
-0.03937327
0.11731063
-0.11338064
-0.02635943
-0.08999334
-0.03337934
-0.10189044
-0.00671497
-0.05869845
0.03403535
0.05776298
0.00842256
0.02588183
0.09241579
0.07754019
0.11864778
0.07887542
-0.03207833
-0.07965311
-0.11097559
0.06691951
-0.04947039
-0.01827237
-0.05431290
0.05283939
0.12851064
-0.05002521
-0.11818216
-0.17328598
-0.21228400
-0.18992157
0.08004271
0.06913222
0.05527692
-0.14637646
-0.04505059
0.04117266
-0.02394483
0.07671648
-0.01008895
-0.03456031
0.00319113
0.02518932
0.09233157
-0.00244740
0.03830564
-0.01806323
-0.07819292
-0.12129374
0.07117627
0.07790278
-0.08891263
-0.01249600
0.07725296
0.07594354
-0.06336042
-0.12727755
-0.02520302
-0.02747275
-0.03496778
-0.01435875
0.01737069
-0.18786038
-0.09306743
0.00985361
0.06117495
0.03358142
-0.01903493
-0.02260229
-0.05108717
0.20691305
-0.06521292
-0.16066611
-0.05081995
0.04458718
-0.10087586
0.03585644
0.00389910
-0.07508717
0.00411020
0.01633283
-0.08071269
-0.09311999
-0.14338973
-0.02438348
-0.07126112
-0.05444200
0.02615654
-0.04156704
-0.12508105
-0.10238089
0.01609574
-0.06045861
-0.28523260
-0.09774467
-0.01488704
0.02932477
0.07868551
-0.06318638
-0.00269218
-0.13493448
-0.00515512
0.02493439
0.06139628
-0.09103169
-0.08300515
0.00375160
0.00101077
-0.04442139
-0.09840318
-0.02499092
0.09275628
-0.05578236
-0.15204477
0.04605845
-0.02566491
0.00730606
-0.13454698
-0.16910291
-0.14538635
-0.36103955
0.08115388
0.06763022
0.11317305
0.00339882
-0.08995117
0.05998087
-0.02260352
-0.07223185
-0.15671006
-0.03510619
0.00200231
-0.02682008
-0.04624319
-0.05633127
-0.11642778
0.11492696
-0.05044762
0.02927859
0.03122857
-0.00785601
0.06784493
0.05936714
0.13295855
0.10996225
0.06878389
-0.07347493
-0.17321901
0.02018826
-0.04722382
-0.17316578
-0.04900781
0.01769438
0.09389411
-0.06239548
-0.04370072
0.14042798
0.07970275
0.06642841
-0.08366525
-0.06546218
0.06841823
-0.02127600
-0.16720207
-0.05372296
-0.06222006
0.15754788
0.15022281
0.00645730
0.06549108
0.05882255
-0.04049259
-0.01462267
-0.08283844
-0.23131189
-0.01019721
-0.01374107
-0.01829822
-0.03971779
-0.08885314
0.07555889
0.10622887
0.12336738
0.08954092
0.05714253
-0.13020876
-0.06812611
-0.05339915
-0.02657308
0.07842106
0.00592300
-0.02838764
-0.12020871
0.06022410
0.04450240
0.04018366
0.03052658
-0.20310245
-0.16522031
0.07324709
-0.08916481
-0.21538518
-0.18929642
0.04006779
0.16296549
-0.03632007
-0.10800331
0.00441086
-0.11848926
-0.08255400
-0.02770179
0.05214895
-0.00674198
0.05367928
0.01864888
0.02794065
-0.08118122
-0.24582179
0.14601795
0.18783845
0.04021771
-0.21170655
-0.26281038
0.10255673
0.03674274
-0.00255714
-0.09047094
0.03884620
0.11189038
-0.10812810
0.15396906
-0.03464317
0.00960525
-0.21772079
0.08195640
0.03785466
0.16426167
0.11306725
-0.01777377
-0.00240268
-0.15604967
-0.01468412
-0.00147785
-0.19859847
-0.05688491
-0.15203990
0.02989332
-0.06853394
-0.02093730
-0.01385407
-0.15121794
0.01585845
-0.07123671
0.06402648
0.03170861
-0.03620200
-0.03592425
-0.02865744
-0.04774220
-0.07044132
-0.03790493
0.04917390
0.05193406
-0.13299747
-0.04593373
-0.05792966
-0.04975080
0.07015916
0.12648036
0.07193007
0.09951824
0.00923959
0.04326658
0.00489143
0.15756997
0.11981896
-0.12229795
-0.06291290
-0.13762912
0.13017233
0.04745461
-0.11825678
-0.06857897
0.02186262
0.02593874
-0.18002227
-0.00930705
-0.06661432
-0.01087860
-0.03025991
-0.06431098
-0.02022570
-0.03239543
-0.03407335
-0.05670981
0.00926945
-0.06834355
0.01468161
-0.09426294
-0.02289614
0.05159111
-0.06311715
-0.00715822
-0.03782883
0.07837777
-0.04130899
-0.13177247
0.01419274
-0.06660159
-0.03820958
0.01150237
-0.05225467
0.00790284
-0.06102462
-0.06268992
-0.12631351
-0.10800923
-0.01005115
-0.04182683
-0.00640633
0.05012957
-0.01143672
-0.07111481
-0.11730139
-0.12402119
-0.10758193
-0.11804494
-0.03700473
-0.08411793
0.04681429
0.03567857
-0.14504899
0.04503502
0.03994517
-0.01221299
-0.04632360
-0.08120450
-0.06474464
0.00928726
0.02936780
-0.00479621
0.02221678
0.05578172
0.09814920
-0.10665110
-0.05437588
0.01421191
-0.00546174
0.01248486
0.04761351
-0.01471244
-0.12248598
-0.11927091
0.00527694
0.01366631
-0.07357407
-0.16906735
-0.09723756
-0.07752333
-0.06704250
0.00678624
-0.04993011
-0.04973107
-0.07913689
0.01326458
0.07694244
-0.01941205
-0.09703457
-0.06077041
-0.03557601
-0.00023658
-0.07065260
-0.06630080
-0.01078293
-0.05991733
0.02187586
0.08828785
0.11049335
0.07208833
-0.00475019
-0.06194253
-0.04088737
0.07724934
-0.00738335
-0.06663143
-0.06833075
0.00389817
-0.05022048
0.10519497
-0.05682734
-0.06179713
-0.05341297
0.06342111
-0.10777770
0.02982534
0.01290461
0.10640054
-0.01796005
-0.08708040
-0.06548195
-0.06013270
0.02735982
-0.06851946
-0.01807218
-0.05954943
-0.00344383
-0.14419851
-0.07231620
0.05371103
-0.11528347
0.01660940
-0.09988372
-0.08037589
-0.03621922
-0.03259596
-0.08262165
-0.04732982
-0.03443365
-0.00057700
-0.14053880
-0.06822497
-0.00656755
-0.01643822
-0.21339805
-0.11046888
-0.04886679
0.07986551
-0.05873838
-0.02406079
-0.01136044
-0.11340474
-0.02369051
0.10985710
0.02746262
-0.01630757
-0.02296120
-0.07786880
-0.04484843
-0.01330725
0.03179434
0.04406366
-0.07155188
-0.11694364
-0.09949260
0.05904140
0.18681724
0.02435640
-0.08532539
-0.13746056
-0.03701878
0.15378018
0.09721241
0.02574134
-0.06243606
-0.02420462
0.13730192
0.14553985
-0.04129296
-0.02986544
-0.07232440
-0.03833416
0.07899787
0.03064717
-0.10335549
-0.14242640
0.02601371
-0.05897909
-0.06088252
-0.03646981
0.08716132
0.09376844
-0.08990460
-0.07538538
-0.00325146
0.12739706
0.01259816
-0.01865715
-0.07314425
-0.15001753
0.00184231
0.05697710
0.13278697
-0.06571291
-0.00152987
-0.09608895
-0.03935447
0.07021827
0.04758292
-0.06339248
-0.04285695
-0.02447390
-0.04315201
0.06265318
0.04007319
0.08780622
-0.02718257
-0.03242640
-0.02341279
-0.14990982
-0.01759537
-0.09373115
-0.08963002
-0.04405772
0.01008749
0.01479128
-0.00952002
-0.10332010
-0.10510673
-0.00627027
-0.04646389
0.03243330
-0.01666383
-0.03240605
-0.10846592
-0.03299795
0.02950314
-0.07672402
0.06178825
0.03867585
0.07512822
0.08006870
-0.09337501
-0.10622679
-0.17451951
-0.10475490
-0.04863882
-0.16582423
-0.06361527
0.03111136
-0.02457638
-0.04001939
-0.05451894
0.01262394
-0.04770157
-0.03573590
-0.04616145
-0.07162530
-0.00809343
0.00218472
-0.00048363
0.00793583
-0.01638618
0.05652617
-0.04626330
0.08148307
0.04678946
0.02238689
-0.03591125
-0.00660485
-0.00096857
0.03373008
-0.06822012
-0.07256919
-0.09143606
-0.07796368
0.03254464
-0.00678578
-0.02643501
0.02795848
-0.03536722
0.15216129
-0.09710371
-0.10236987
-0.03250811
0.00870245
0.04228003
-0.08120683
-0.03348586
0.05457094
0.12980549
0.04045670
-0.08618569
0.00642933
0.03594188
0.04535044
0.01686556
-0.07531770
-0.09551477
0.00081063
0.07330208
0.06105591
-0.05097807
-0.08832211
0.04098016
-0.02197262
-0.02107762
0.03530166
-0.04565763
-0.08216329
-0.00070514
-0.03020172
-0.13214648
-0.13877757
-0.08067431
-0.05376545
-0.01731473
-0.00632261
-0.07119666
-0.14146076
-0.11084925
-0.04002954
0.01688546
0.06755670
-0.06571326
-0.16112040
-0.02752206
-0.01074662
-0.02313432
-0.03794171
-0.02552588
-0.04567325
-0.01014367
0.07823720
-0.06289244
-0.15415782
-0.12804443
0.00057041
0.00413857
-0.02780479
-0.05334990
0.00615606
0.02283769
-0.13519672
0.02450965
0.03866657
-0.08385433
-0.04209477
-0.02599512
0.01195854
-0.00642847
-0.04270291
-0.17950439
-0.13792454
-0.05200394
-0.02474704
0.06842732
-0.08792168
-0.04129361
-0.05895520
-0.07789470
-0.12808992
-0.02296136
-0.12363058
-0.10018155
-0.08920200
0.06042581
0.10684782
0.03236117
-0.09109565
-0.08733331
0.03605421
0.09486783
0.01740442
-0.07768673
-0.11263756
-0.06739624
-0.00149788
0.04408049
-0.02284960
-0.10721325
-0.07692971
-0.09679057
0.03330560
0.04072001
-0.04778443
-0.02853962
-0.02056705
-0.06071863
-0.06659860
-0.01144547
-0.08371948
0.01857977
0.13748315
0.04777098
0.02019951
-0.01869146
0.02781092
0.05246994
-0.08655985
-0.01675167
-0.09192533
-0.05683971
-0.07934456
-0.06654768
-0.05760756
-0.01088296
-0.04365963
-0.09479060
-0.14367734
-0.06598009
-0.02768242
0.08510425
0.02267564
0.02832758
-0.03088501
0.12986171
-0.05906041
-0.01040342
0.05355101
0.05330704
-0.05551256
-0.01574470
0.11285584
-0.20428699
-0.14068925
0.00761804
0.03790455
0.05057400
-0.26648846
0.03435529
0.26517281
-0.00366180
-0.05050993
-0.11557463
0.11893208
0.19891164
-0.04944202
0.02390811
-0.01140118
0.04041254
-0.00239899
-0.10521587
0.04428063
0.01836473
-0.00190413
-0.01793511
-0.02259388
0.08728579
-0.02266052
-0.03325930
-0.14245731
0.08346628
-0.01920243
-0.09254400
-0.08519699
-0.06070625
0.04608104
0.01602428
-0.03031729
0.05269409
-0.10424309
0.01644150
0.06696643
0.06900308
-0.01354406
-0.00256026
-0.05876032
-0.04799046
0.00825222
0.08846712
0.15666533
-0.03603362
0.00312186
0.04921255
0.07150211
-0.02376863
0.07055455
0.08802120
-0.10183649
-0.12470976
-0.06193858
-0.16901432
-0.06782784
0.02466734
-0.00710570
0.08187265
0.10659470
0.06452767
-0.09590703
-0.04068768
0.05115777
0.08872106
0.10646653
0.17342532
-0.04135717
-0.09411796
0.08290985
0.13325925
0.08276060
0.10271198
0.06228735
-0.14042237
-0.10906283
0.08485852
0.06651503
0.10919173
0.03683870
0.06018411
0.05265658
-0.06959441
-0.11119325
-0.00915489
-0.01297525
0.00133159
0.03385782
-0.02899251
0.01208076
-0.07831562
-0.00698514
-0.11546595
-0.08105356
-0.13570552
0.02109639
0.07084545
-0.03834684
0.08809479
0.17599824
-0.01155513
0.01470376
0.06030091
0.19300433
-0.07044435
-0.05723383
-0.11018776
-0.14172980
-0.20458525
-0.14603740
-0.04227142
0.03653869
-0.09958787
-0.11956274
-0.00632445
-0.05791318
-0.03970094
0.08077770
-0.03045784
0.00403791
-0.12790178
0.05342821
0.18312731
-0.07428031
-0.07893327
0.02810599
-0.09441703
0.05987205
0.01838159
0.05478454
0.06084354
-0.00269105
0.05910446
0.07423425
0.14309435
0.07181566
0.04008888
-0.00006828
0.02273749
-0.01917078
0.00262925
-0.01697106
-0.20482735
0.07451768
-0.07780306
-0.09748824
0.12730007
0.01362763
0.05610230
0.00699464
0.09234962
0.02542919
-0.04910837
-0.24764913
0.06039493
0.02788267
-0.07710471
-0.00756121
0.01461129
0.12428498
0.07995415
-0.07718164
-0.08068033
0.03916920
0.12009946
0.22089396
-0.04594810
-0.15178594
-0.03075330
0.07068106
0.16852766
-0.04360877
-0.02350072
0.11161540
0.09586472
-0.00658785
-0.12898783
-0.02911081
-0.08656191
-0.05779045
0.03886248
-0.00728057
-0.27578798
-0.25400490
0.12374595
0.04324021
0.06053323
-0.03596625
0.02909661
0.13118541
0.02589127
-0.10636779
0.01528826
0.11946573
-0.04160789
0.00870220
0.11757532
0.00898113
0.00446191
0.10020721
0.07771008
-0.09083459
-0.14358744
-0.07194986
-0.08476352
-0.11837735
-0.07719015
0.03175278
-0.08458769
-0.10450430
-0.00505306
-0.02545223
0.08497974
-0.01753199
-0.03061505
-0.12577151
-0.09140437
-0.05173677
0.12172443
-0.03115972
-0.03326961
0.00777686
0.12393878
-0.08800540
-0.01593571
-0.02241770
-0.11850385
-0.10395272
-0.24704456
-0.06201613
0.07556580
0.07979599
0.10282821
-0.04549051
0.03078848
-0.19289742
-0.14873670
0.11326373
0.16947527
-0.15133628
-0.09008612
-0.01906082
0.00026977
0.03545156
0.09190981
0.18989201
0.05464340
-0.21440482
-0.10255911
0.09895275
0.04158530
0.02128783
-0.06311257
0.06487621
-0.04643547
-0.02310964
0.01303555
-0.00545834
-0.00343417
-0.09136704
-0.07603748
-0.19442137
-0.21788824
0.09627139
-0.19280700
-0.22102641
-0.19841734
-0.17430063
0.05064052
-0.11723875
-0.07627028
0.00125828
0.12288447
0.07502718
-0.11456333
-0.03692726
-0.03666910
-0.09453069
-0.24098407
-0.06866780
-0.08427458
0.08611923
0.05156049
-0.04430466
-0.04764263
0.08918315
-0.06291629
-0.06330311
-0.03090657
0.09583619
0.02987181
-0.05760528
-0.18558250
-0.05628317
-0.06468034
-0.05453950
0.03808704
-0.10935076
-0.06631232
-0.03131612
0.05966619
0.09115050
0.08421475
0.17725538
0.06623889
0.06661097
-0.14458893
0.02027257
0.10036360
-0.01087195
-0.01707061
0.08768843
0.09409185
0.05340057
0.03306381
-0.03163328
0.01963773
0.10462864
-0.00172607
-0.05896243
-0.10716749
0.01871038
-0.22285338
-0.02633051
0.03244694
-0.00151126
0.07158164
-0.26631841
-0.11260861
-0.00165145
0.07847155
-0.26268020
-0.19742949
0.07638364
0.16513318
-0.01396793
0.07510690
-0.19133122
-0.05785118
0.10436524
-0.07421422
-0.03862973
0.01637264
-0.08164742
-0.12158943
0.00425882
0.17968135
0.05658111
-0.17124501
0.12747654
0.12077657
0.07185139
0.03094873
-0.23368445
-0.05428381
-0.04147589
-0.17636685
-0.15846352
0.08792264
0.04963336
0.14188679
-0.05428749
0.05647379
0.09676046
0.10196786
-0.16648430
-0.31840152
0.01858862
0.18788153
-0.08846638
-0.34164479
0.16187869
0.06172729
-0.10680860
-0.14821847
-0.09862180
-0.09243107
-0.04939553
-0.09605172
-0.19044447
-0.20759502
-0.15192062
-0.01144438
0.08945563
-0.15653375
-0.09301058
-0.02365696
0.10005015
0.02451523
-0.10967882
-0.05465561
0.06062088
0.10719175
0.05989926
0.01675951
-0.02959686
0.02818905
-0.01385409
-0.10791347
0.10319277
0.02022919
-0.00564340
0.00599413
0.01098614
0.05233225
0.09505833
-0.03345880
-0.04279912
0.11720701
-0.00636111
-0.02236255
-0.03804094
-0.11068366
0.03177094
0.01554473
0.04760034
0.00980637
-0.08071905
-0.03229915
-0.10948073
-0.11766230
0.01586979
0.10135455
-0.02520217
-0.07322217
-0.07201540
0.01106236
0.19645645
0.14092748
-0.02468779
-0.01465283
0.07714585
0.05502533
0.10268885
0.02196522
0.02470871
-0.02048936
-0.13134490
-0.26518291
0.07310779
0.04845225
0.00507137
-0.13443828
-0.26197657
0.06630386
0.08138561
-0.02392313
-0.04841220
0.08452579
0.04413505
0.08523867
0.08268520
0.01285414
0.03534051
0.04488633
0.07207969
-0.00207286
0.04697804
0.02550924
-0.12160605
-0.12210484
0.01312586
0.11096164
0.04601061
-0.02427401
-0.05327234
-0.03540147
-0.01240379
-0.00504651
-0.11641106
-0.21575634
0.03502903
0.04573885
0.01890005
0.00619792
0.03131195
-0.05890767
0.21320158
0.09757604
0.13776031
0.05432397
0.03839009
0.26170775
0.01100020
-0.22422066
-0.06726347
-0.06630740
0.08319877
0.08709767
-0.17277589
-0.00728121
0.05534045
0.00330376
-0.10274546
0.10786191
0.05755212
-0.15854274
-0.03372858
-0.01060687
0.21725647
0.14282341
-0.37668487
-0.03781519
0.14192456
0.00249260
-0.18346751
-0.21080473
-0.21280079
-0.00044219
-0.03010864
0.02751558
-0.00398763
0.08523459
0.00952884
-0.02333592
-0.02003324
0.01851232
-0.02715155
-0.06382775
0.03551450
0.20995755
-0.02179280
-0.02130517
0.06096992
0.26611629
0.11118166
-0.04481999
-0.06597398
0.06400246
0.00793988
0.15932706
0.16866532
0.09266786
-0.00895094
-0.07937321
-0.11253909
-0.07482184
0.02498986
-0.02312322
-0.04463993
0.01087163
0.04452424
-0.02699478
0.07205430
-0.04764850
0.08118074
-0.09509216
-0.03703115
-0.07645820
0.02380636
0.07260583
-0.13419347
-0.14305294
0.04743826
0.08069479
0.06581179
-0.26721594
-0.10199244
-0.08932931
-0.06453400
0.07695302
0.20028020
0.02261934
0.12509231
0.02129977
-0.00630503
0.01836738
-0.06637492
0.20005339
0.03449356
0.03829932
-0.02254117
-0.13471958
-0.10125949
-0.11999397
-0.00553147
-0.01490622
-0.10689104
0.11650649
-0.04861112
-0.23770288
-0.03284686
0.18957023
0.12606874
0.04816077
0.05192207
0.01452726
-0.07568704
-0.06280525
0.08840631
0.00496852
-0.06024876
0.05880222
-0.09026833
0.11233644
0.01030821
-0.03478267
-0.03221219
-0.12998818
0.14645839
0.01031533
-0.05038361
-0.01334191
-0.01041126
-0.06584525
0.02800813
0.05350171
0.02942314
0.04636203
0.15525948
0.00896887
-0.16897380
-0.29448369
-0.23082258
0.17492153
0.08532188
-0.04853659
-0.09000932
-0.04143130
-0.23534681
-0.03148449
-0.03883955
-0.22728074
0.03447497
-0.04572972
0.05003459
0.08310244
0.06111519
0.24141128
0.05645504
-0.02772976
-0.06113053
-0.02679753
0.09125668
-0.19411471
0.00490408
0.01957462
0.17428839
0.00740454
-0.08693752
-0.07305219
0.03514783
-0.00393100
0.16335030
0.02676859
0.01170934
-0.03120473
-0.04576845
0.02009014
0.06847946
-0.07963137
-0.02417027
0.01734325
-0.01729779
-0.02155697
-0.33703136
-0.28688580
-0.14864556
0.02875830
0.07338961
-0.05408813
-0.05695226
-0.12981436
-0.28672534
0.14249992
0.04620996
-0.05635675
0.05260625
-0.07885885
-0.09298455
0.03613482
0.02358318
-0.04534313
-0.06496475
0.01363088
0.01975991
0.10465658
-0.01463055
0.18968354
-0.07363711
0.03081290
0.07000656
0.10933126
0.11142442
-0.15129010
-0.33775350
0.06539188
0.11201677
0.15539758
0.04190583
-0.07461597
0.15224119
-0.00567069
0.01458767
-0.03487901
-0.18916717
-0.19079551
-0.10537080
-0.06123360
0.12517913
0.13700615
-0.12764372
-0.00476822
0.04323123
0.22853951
0.15014291
0.00253676
-0.26308435
-0.15611902
-0.04830573
-0.08075517
-0.15805762
-0.10004582
-0.21152969
0.10622812
-0.00186006
-0.01289143
-0.01732767
-0.03177497
0.16728790
0.11057162
-0.08251034
0.08268188
0.22812738
0.12157128
0.10626260
-0.17729807
0.09511041
-0.07374973
0.11745448
-0.03033032
-0.25965047
-0.06236083
-0.26250160
-0.13195227
-0.00456958
-0.11156854
0.10649722
0.12540790
-0.05989630
0.08028759
0.09478076
0.06679278
0.08333921
-0.02397723
0.01091657
0.04965074
-0.01626292
0.07251012
0.13984953
0.05114513
-0.17004468
-0.07177111
-0.05454016
0.13875033
-0.02799335
-0.10248707
-0.12714277
-0.19829659
0.03789253
-0.04091424
-0.02167347
-0.01033280
-0.17200252
0.09124348
0.01470147
0.01394793
-0.01999864
-0.09184901
0.23139691
0.07673372
-0.04885976
-0.03442201
-0.04442597
0.12097963
-0.01543629
-0.01593691
0.06647234
0.02321599
0.15547699
-0.04082263
-0.07928798
-0.02612909
0.02830425
-0.07903974
-0.01728201
0.01055044
-0.06276356
-0.05571204
0.01862531
-0.03847920
-0.06400540
-0.07348477
-0.01417481
0.00142348
-0.04440349
-0.00971432
-0.01829269
0.00331752
-0.00847231
-0.05834118
-0.00000311
0.02054139
0.04217017
-0.06329057
-0.03828860
-0.01376208
-0.00853000
0.02821785
-0.05876563
-0.01692965
-0.03891490
-0.02750929
0.00213628
-0.00795752
-0.04422283
0.03286085
0.03702491
-0.06395085
0.02342024
-0.04862539
-0.02591750
-0.02257339
-0.00782459
-0.03223741
0.03136858
-0.01337064
-0.02121806
-0.04450705
-0.03171023
0.00946300
-0.04623226
-0.01225632
-0.04948528
0.01342768
0.00589290
-0.01576392
0.05001986
-0.04691174
-0.04904580
-0.02417279
-0.02945530
0.00044253
0.00132206
0.03424731
-0.01129408
0.00707792
-0.06898624
0.02870322
-0.05345601
-0.03910670
-0.02347703
0.04134156
0.02518328
-0.04953446
-0.02280580
-0.09149364
0.03113694
-0.03762002
-0.03224584
-0.07955444
-0.01102212
-0.00961193
-0.04418137
-0.06384058
-0.04806266
-0.03059848
-0.06563167
0.02801245
-0.04105464
-0.06198047
-0.08867469
0.00899110
-0.03732280
-0.01402213
-0.00846564
-0.00690136
-0.04188582
-0.03695187
-0.07776069
0.02849754
0.02866174
-0.09574448
-0.04326552
-0.00555959
-0.03995004
-0.01591908
-0.04142275
0.00460825
-0.03350091
-0.08626074
-0.00702092
-0.09362394
-0.05365146
-0.02033413
0.00455153
-0.09241452
-0.06774196
-0.04350869
-0.01565125
-0.01099128
-0.02586860
-0.01711451
-0.06552568
-0.05230326
-0.05422600
-0.06230972
-0.08433167
-0.08932177
-0.03243941
0.01625590
0.01093983
-0.04535048
-0.06777961
0.00790363
-0.00895094
0.00556258
-0.06244934
-0.08122837
0.02836701
0.02505453
-0.03105317
-0.03819594
-0.04781431
-0.01004914
-0.07919222
0.00587689
0.01967812
0.03600551
-0.00489132
0.01193453
-0.00843263
-0.01507194
-0.05463727
0.03150205
-0.02299109
-0.03150449
-0.01294816
0.02680548
-0.00446017
-0.06108089
-0.03994752
-0.01234697
0.00306718
0.02060239
-0.00074945
-0.01690807
-0.05622368
-0.03331123
0.03331333
-0.03234444
0.00508395
0.00899912
-0.00534455
0.02387616
-0.07808345
-0.03491634
-0.04404835
0.02164890
-0.01366929
-0.08396804
0.02692782
-0.06664639
0.00594710
-0.01910617
-0.01069845
-0.03264932
0.00490210
0.02631057
-0.08118983
-0.05776135
0.00779118
0.00641814
0.00816212
-0.00577504
-0.05445764
-0.02059692
-0.04205353
0.02348349
0.02853098
-0.00526818
-0.04922768
-0.00209282
0.02864582
0.00559469
-0.01288815
-0.03867613
-0.06576512
-0.02756604
0.00660664
-0.07066984
-0.02658390
-0.04047849
-0.07072967
-0.02240021
-0.03141899
-0.00198428
-0.05158504
-0.04897092
0.00827452
-0.05711634
-0.07980368
-0.07317870
-0.02472342
0.03398872
0.00827817
-0.09326948
-0.05320976
-0.04808996
-0.08259565
-0.05434634
-0.07566428
-0.05559767
-0.00704981
0.01357330
-0.04617695
-0.02532410
-0.00340696
0.02847835
-0.00113999
-0.00626569
-0.07937090
-0.07089958
-0.05472742
-0.00365972
-0.04458994
-0.02688370
-0.04604211
-0.08516001
-0.01941864
-0.07943702
-0.05569593
-0.05755156
-0.03841828
-0.03521162
-0.08013609
-0.02496672
-0.03838370
-0.02004116
-0.04248391
-0.02232311
-0.01367845
0.01436661
0.03564677
0.01444442
-0.04820788
-0.05109771
-0.06568687
0.02201822
-0.04599397
-0.08741714
-0.03312860
-0.02544862
0.03485833
0.00581681
0.00467820
0.00031079
-0.06952702
-0.02602718
-0.06988171
-0.00125344
-0.05185579
-0.04476545
-0.06501795
-0.02805123
-0.06785182
0.01416078
-0.05696025
-0.00467510
-0.02630131
-0.02059873
-0.00202117
-0.01892642
-0.05316769
0.01413481
-0.04871541
-0.07344101
-0.06155911
-0.00082564
0.01590947
-0.04596596
-0.00820375
-0.02441577
-0.07924307
-0.03836535
-0.04038022
-0.10453498
-0.11048907
-0.06304581
-0.05257811
-0.07233600
-0.07143341
-0.06918428
-0.02121769
-0.04698452
-0.05282541
-0.05021829
-0.03703843
-0.04018045
0.02003868
0.00677716
0.00857406
-0.04218150
-0.01793433
-0.01968088
-0.04637717
0.00200410
-0.01865350
-0.04539807
-0.04915799
-0.10967747
-0.04426038
-0.05575380
-0.10543541
-0.08485287
-0.07965299
-0.00707444
-0.01166619
0.01622921
-0.00005557
-0.01514158
-0.02485997
-0.00683257
-0.00292017
-0.06183062
-0.01520500
0.00790902
-0.03291354
-0.05404434
-0.03541458
-0.00949341
0.00271010
0.01690954
-0.06507799
-0.04367878
-0.04471256
0.00740226
0.02461951
-0.07929356
-0.04583073
-0.01761864
-0.08261187
0.00902673
-0.00040474
-0.05324389
-0.00519379
-0.06321732
0.01920200
0.03388628
-0.00571341
-0.02654676
-0.03241276
-0.03430929
-0.02776925
0.03010825
-0.02847088
-0.03747007
0.01537138
-0.01183575
-0.05781970
0.01461351
0.01993924
0.00139877
-0.02681969
-0.02100189
0.00528943
-0.00606701
-0.00193569
-0.01704245
-0.06626988
-0.06132937
-0.03318643
-0.05432979
-0.05591610
-0.05186725
0.04460701
-0.05050657
0.00439845
-0.01369498
-0.04388347
-0.08181965
-0.03954574
-0.04790294
-0.09052535
-0.00390331
-0.13361789
0.01635478
-0.00417652
0.06671423
0.02736367
-0.03581224
0.13121501
-0.03613732
-0.06525894
-0.29053330
0.16671808
0.11298571
-0.23275948
-0.15522237
0.08642790
0.13486141
-0.01598995
-0.25025800
0.19212085
0.05477019
0.05324612
-0.03980466
-0.24146880
-0.14143631
0.06582955
0.09369235
0.00424281
-0.06349043
-0.03194247
0.29940367
0.13795172
0.02931644
0.13979971
-0.02647816
0.20204836
0.02560488
0.02873997
-0.01796936
0.02595258
-0.14135271
-0.09772681
-0.02739848
-0.00612326
0.18329503
-0.22867888
-0.08343244
-0.24940917
-0.17456488
-0.01795932
0.13018616
0.04590161
-0.00791245
-0.04448825
0.14898260
0.22013122
0.03879545
-0.04142954
0.15846410
0.23409225
-0.02409751
-0.12966767
-0.34986970
0.03574903
0.09967723
0.02931744
-0.01354074
-0.00424015
0.17365097
0.15094636
-0.04986507
-0.02542033
-0.11987797
-0.09633325
-0.29136038
0.17271754
0.11272106
0.01975765
-0.02132587
-0.10890539
0.21308748
0.15275912
0.10966866
-0.01899770
-0.16976923
-0.11343937
0.08234347
0.05190541
-0.04280833
0.01311520
-0.07085975
0.04136944
-0.06445426
-0.08816972
-0.13022551
-0.40810052
-0.28619426
-0.07618363
-0.00528903
0.07577436
-0.14358628
0.10364258
0.04086180
0.02376388
-0.08105447
-0.01073969
0.11328983
0.17185614
0.03574117
-0.09273612
0.15417331
-0.22600220
0.07792933
0.08112725
0.08857268
-0.08716279
0.03688552
0.06778453
0.16639116
-0.19220819
0.07976881
0.12490664
0.02029735
0.05313666
0.01728558
0.04213158
0.14512050
0.07518292
0.03282046
0.02132503
0.14169708
0.09240620
0.01525828
-0.10457394
0.01209678
0.00894878
-0.21271354
-0.11043434
-0.10874170
-0.02016709
-0.22957689
-0.28938365
0.13234504
0.16563997
0.14886974
-0.25034130
-0.26682162
-0.15948544
0.05870789
-0.09812059
-0.17190266
-0.14726003
-0.08082813
0.05506342
-0.07842716
0.04450425
-0.02347765
-0.06129006
0.03173169
0.15223925
0.00245506
0.04687998
-0.14322050
0.00820376
-0.02332432
-0.18504456
-0.02372640
0.05226795
-0.09193663
-0.04499061
-0.27887779
0.11001154
0.16252300
-0.00790123
-0.10221606
-0.07914224
-0.20702414
0.10323904
0.05207619
-0.04401128
-0.02746224
0.02067396
0.07464416
0.03171934
0.09420384
0.08057422
0.09530545
0.04365143
0.09461313
-0.16825511
0.01276659
0.09053682
-0.02592055
-0.06330790
-0.30964845
-0.03812463
0.00899271
0.04860757
-0.06849428
-0.18368554
0.11206319
0.02236785
-0.07121814
-0.11114471
-0.02087158
0.11875807
-0.03594087
-0.02307060
-0.00043450
0.05146704
0.08112514
0.03457813
-0.15562342
-0.15582459
-0.00129130
0.00928004
-0.04302784
-0.13367532
0.01078959
0.02318384
-0.10727860
0.14276339
-0.06752995
-0.02928451
-0.23977809
0.14921348
0.10910599
0.11839313
0.08809868
0.10097786
0.26217449
0.12849119
0.07501986
0.22258966
0.11974302
0.12250129
-0.04393573
-0.09227049
0.05155807
0.02191877
0.07937053
-0.07549091
-0.11637799
-0.00100828
0.20803459
-0.25749987
-0.12142618
-0.11528007
-0.09977985
-0.10188672
0.00147014
-0.09758768
-0.03037332
0.03384602
0.11534043
0.13753463
0.08371953
0.00623848
0.06413306
0.13940023
0.03085323
0.05058035
-0.11912168
-0.02269730
-0.02814837
-0.13498758
0.02088799
-0.15385006
0.08250473
0.07609874
-0.08431717
-0.03869408
0.00091570
0.07949205
-0.16596735
0.21016267
0.20044456
0.03061388
0.10894466
-0.04863233
0.09892008
-0.01483746
0.02603599
0.12761645
-0.03378632
0.23099753
0.07763699
-0.18412113
-0.17024434
-0.29838860
0.03778826
-0.21253937
-0.26173124
-0.12106079
-0.08648747
-0.08779457
-0.13893370
-0.06886377
-0.05009032
-0.13027951
0.01313796
-0.01994383
-0.05734049
0.12134261
0.01427352
0.01225027
-0.06542270
0.26802438
-0.04114779
0.01313836
0.00490053
-0.11223557
0.22906110
-0.02708368
0.07357946
-0.09870481
-0.24691512
-0.03093818
-0.15180080
-0.09412148
-0.13339815
-0.05203242
-0.03967299
0.02285007
0.05751871
0.04514817
-0.01983080
-0.25255710
0.02547629
0.25069574
-0.04180919
-0.17934763
-0.06167454
0.08723986
0.11462989
0.05346521
-0.11167739
0.03211276
0.20100358
-0.10577316
-0.03476322
0.02336317
-0.01785980
0.04094845
-0.11162246
0.03517826
-0.02486817
0.04685034
0.06301213
0.14958417
-0.01651389
-0.29229578
-0.10827822
0.04489946
-0.09612239
-0.07574720
-0.05101716
-0.07556968
0.07683650
-0.02780362
0.00864001
-0.05405627
-0.02475562
0.06538144
-0.06218072
0.01765904
-0.05458456
0.06688384
0.14859156
-0.05533055
-0.03934501
0.03434788
0.12096015
0.13405822
0.04046568
-0.15669709
-0.15675955
-0.06126983
0.04064719
0.25767773
-0.04189514
0.04699408
0.10635755
-0.03219585
0.07415934
0.05337582
0.32190591
0.18867549
-0.17133574
-0.07476703
0.01738008
0.02588733
-0.07034522
-0.05181966
0.18129456
-0.05805466
-0.15082419
0.17460935
-0.00855163
0.07552993
0.03796552
-0.02300973
-0.06956314
-0.04904748
-0.03420329
-0.01876116
-0.05167631
-0.04175871
-0.01603799
-0.04789574
-0.03863506
-0.01969689
0.02453108
-0.02712497
-0.01493840
-0.02564948
0.00213338
-0.02359943
-0.03490848
0.05057251
-0.03415045
0.05436797
-0.03510435
0.01916417
-0.00337444
-0.00790839
0.01115271
-0.07955530
-0.04124365
-0.04430329
-0.06318482
-0.06867971
-0.05595822
0.01214687
-0.03905409
0.01928228
-0.00018034
-0.04969529
-0.02804147
-0.03474336
-0.05345062
0.01716066
0.03228036
-0.07402923
-0.04844959
-0.02758152
-0.03880996
-0.06699974
-0.06142116
0.02832127
-0.02693122
-0.04868348
0.04579017
-0.03329547
-0.02437860
0.01633963
0.04933906
-0.01183113
-0.02063270
-0.02516321
0.06838160
-0.05469553
-0.03305848
-0.00832734
0.00232624
0.00562681
-0.06548903
-0.03287379
0.02722380
0.01369786
-0.00328986
-0.03969057
0.05762659
-0.05107965
-0.04469469
-0.02877601
-0.03305081
-0.01826013
-0.05875853
-0.08423074
-0.05363518
0.00663126
-0.00708765
-0.03909525
-0.02416436
-0.03575677
-0.07084947
-0.03662904
-0.03428201
-0.04664429
-0.03499089
0.02568300
-0.02626055
-0.01270090
-0.05585930
-0.00849623
-0.02365361
-0.01457589
-0.01624106
-0.03851766
-0.04013122
-0.00629723
-0.02605814
-0.05547473
-0.04436230
-0.02049492
0.05164404
-0.06915669
0.02507985
0.00008078
0.01794063
0.00794699
-0.02431728
-0.05589106
-0.05589003
-0.04840788
-0.00890367
0.05503404
-0.03524650
-0.03321291
-0.07535110
-0.04211789
0.06022133
0.01561836
0.03128894
0.03707297
0.01739096
-0.01673211
-0.05261615
-0.05295289
-0.06325652
-0.05256722
-0.05128197
-0.00485746
0.00966836
-0.00855005
-0.01178884
-0.01218200
-0.00584769
-0.03406506
-0.05391231
-0.07641782
-0.05410808
-0.00264012
-0.07177692
0.00985836
-0.06075357
-0.05924426
-0.02143002
-0.01702379
-0.03464503
-0.05069459
-0.01090416
-0.00675918
0.03010756
-0.00968103
-0.04249496
0.00138597
-0.03499112
-0.00712823
0.06491966
-0.06786637
-0.07515670
-0.04920788
0.02989184
-0.00455360
-0.04909489
-0.04451502
-0.05631752
-0.04459559
-0.02611122
0.04537785
-0.00647787
-0.07738723
-0.00856138
-0.02439433
-0.01806017
-0.03406462
-0.03038684
-0.01938780
-0.04466536
-0.00350916
-0.01147609
0.03561665
-0.01721670
-0.03235688
-0.00535433
-0.05048980
0.03680588
0.00618580
-0.02767394
0.00119180
0.02942851
-0.03284343
-0.02720865
0.00784979
0.02257930
-0.02341807
-0.04026214
-0.03677338
0.00708004
-0.00307754
-0.00859574
-0.03065595
-0.03919769
-0.06004193
0.05511584
0.00273294
0.01183819
-0.00324517
-0.04956983
-0.00876049
-0.00120497
-0.00392123
-0.04754992
-0.04402856
-0.00226500
-0.02854902
0.00231650
0.00951425
-0.02538602
0.01475811
-0.04051073
-0.01676019
-0.01819982
-0.00645387
0.00294967
-0.03507284
-0.01165778
-0.02374588
-0.07969168
-0.03367339
-0.04830787
-0.03490518
0.01191571
-0.00269794
0.03090635
0.03582945
-0.07422128
-0.05370076
0.03214155
-0.06513450
-0.02239872
-0.04417741
-0.04777022
-0.03843082
-0.04228256
-0.03109191
-0.05627281
-0.03307837
-0.05310877
0.06350620
0.04189231
-0.04246766
-0.04254245
-0.01157917
-0.02313227
-0.01673453
0.00030103
-0.02847316
0.00668000
0.01520054
0.00202132
0.02951817
-0.03247252
0.01832869
-0.04769247
-0.06996240
-0.04256007
-0.07627065
-0.04218414
-0.00945729
0.01156122
-0.06777028
0.00328228
0.05957594
-0.00039709
-0.00094399
0.05581883
-0.01199333
-0.01444383
0.04029961
-0.03442189
0.00600240
0.04547125
-0.02279912
0.07095697
0.08662166
0.01972398
0.04402959
-0.02426127
0.03091424
-0.00065144
-0.01537094
-0.03759261
0.00292466
0.03308122
-0.00016366
0.01959179
0.01737409
0.00976318
-0.00538923
0.01025967
-0.06210894
-0.00316628
-0.05524424
-0.02219233
0.01712880
-0.02426911
-0.01553869
-0.05277573
-0.00401522
-0.01243956
0.02790942
-0.04790332
0.01197997
-0.01611150
0.00282335
-0.06911865
-0.08503158
0.00154930
0.02590199
-0.00587921
-0.07304418
-0.00273617
-0.02420552
-0.00126531
-0.01238441
-0.02647737
-0.06830172
0.03352493
-0.01547634
0.01220543
-0.03506449
0.02099744
0.07192823
-0.02115293
0.00561392
-0.02391993
-0.03341826
-0.00593714
-0.00392975
0.01243061
-0.00816588
0.00669668
-0.01230296
-0.03310327
0.04975916
-0.03902315
0.00242501
0.03457857
-0.00302043
0.01795695
-0.00216224
-0.04639484
-0.03334069
-0.01800032
0.00173270
-0.00692228
-0.01413535
-0.06332880
0.04796153
0.00249372
-0.08789158
-0.01530391
0.00912912
-0.00029138
-0.01936834
-0.06782722
-0.04330034
-0.08196388
-0.01758865
-0.05015774
-0.01640597
-0.04093210
-0.00447450
-0.03111948
0.04246697
0.01630517
-0.01175346
0.01291466
-0.04282602
0.01018042
0.01106232
-0.08503409
-0.00442043
-0.01408733
-0.01159473
-0.02871391
-0.06158246
-0.00691723
-0.00516154
-0.00637230
-0.06372055
-0.03165549
-0.04524252
-0.00695675
-0.00050254
-0.03546813
-0.06640167
-0.11757742
0.03056968
0.22472197
0.14649431
-0.02606228
-0.05308319
0.13615599
0.08247729
0.00632143
0.06707527
0.05263224
0.01886179
0.11243372
-0.10023816
0.12625040
0.09260465
0.15523934
0.07397053
0.16225557
-0.20054676
0.04523273
-0.04279820
-0.20136079
0.03957836
0.00410041
-0.09112888
0.02350500
-0.13644829
-0.21587957
-0.18423927
0.02234778
-0.02424688
-0.15589438
0.16801083
0.07093726
0.26928863
0.18360922
0.23317330
0.19320382
0.19323297
0.20261504
0.06825263
0.15627491
0.09552923
0.04577047
0.04441111
-0.00273932
0.07983780
0.08670630
-0.04946597
-0.23833957
-0.14537710
-0.19289654
-0.18387271
-0.10135161
-0.00576166
-0.04790707
-0.01120894
0.13938995
0.19060439
0.06172818
0.03290531
0.07507645
0.07242262
0.14694987
-0.20509990
-0.12686515
0.01899882
0.06625215
0.02639710
-0.04188562
0.07982798
0.06127153
-0.02994775
-0.17239717
-0.10900641
0.10990963
0.12026230
-0.03973622
-0.16615288
0.08748847
0.07928263
-0.10741418
0.08753366
0.04939205
-0.03616938
0.09975282
0.19120480
0.08588963
0.03863445
0.19182591
0.10886200
0.04056212
0.00702692
-0.32179177
-0.12069652
-0.04699514
-0.20430204
-0.02562360
-0.01767015
-0.07484479
-0.06648266
-0.01783410
0.04629359
-0.10074347
-0.12154001
-0.16120455
-0.06746662
0.05214095
0.11938994
0.26579911
-0.07569097
-0.01026892
0.02083867
0.03881064
-0.04605386
-0.15141651
-0.10619938
-0.07936370
-0.06122345
0.05426747
-0.01450205
0.03867830
-0.14896235
0.01039568
-0.08216865
-0.09889849
-0.15689379
-0.05405185
-0.03060767
-0.24111414
-0.08777051
-0.13490111
0.05445905
-0.00278044
-0.05534264
0.00867395
-0.10512135
-0.00348046
0.07996619
0.05602808
-0.00522444
0.14491360
0.02927946
0.01476433
-0.00542309
0.08930862
0.18003683
0.07099555
-0.04400593
-0.10544764
-0.07314849
-0.02394852
-0.06376173
-0.12965696
-0.28998473
-0.24289609
0.13448104
0.05039401
-0.13752867
-0.08843353
0.07813282
0.01795059
0.01116861
-0.03418382
0.00981545
-0.03899210
-0.00697177
0.01376215
-0.12701000
0.10086263
-0.05280726
-0.10393140
0.01712392
0.04494927
-0.09183605
0.29329994
0.12057315
-0.01700388
-0.16064854
-0.07037962
-0.05444448
-0.03360989
0.06397980
-0.12245487
-0.03997978
-0.03941746
0.03184101
-0.00119576
0.10430433
-0.04159413
0.09508535
0.08461913
-0.17236380
-0.08030373
0.09565238
-0.19346708
0.02875126
0.08840687
-0.09186847
0.04891671
-0.22335550
-0.15366273
-0.08614021
-0.19426768
-0.22952507
-0.16879421
-0.13106014
-0.05350063
0.06076104
0.08749100
0.05110201
0.02611427
-0.01416443
0.08687149
-0.03227515
-0.16754439
0.06008707
0.09216115
0.06221736
-0.13068411
-0.02751443
0.02566808
-0.06999176
-0.19823618
0.16460265
0.11693725
-0.05334665
-0.20416224
-0.34735247
0.01273878
0.03829852
0.07937995
0.12160295
-0.12265304
0.14149860
0.14529531
0.20634475
0.07251955
0.09396341
-0.04600048
0.07362293
0.06703478
-0.08987387
-0.01192826
0.06584457
0.04194536
0.03324382
-0.06090454
0.04827851
-0.11484209
0.09207645
0.17602408
0.12957868
0.17983022
-0.06745077
0.21854196
-0.00900688
-0.03295639
-0.02738173
-0.10684012
-0.14069517
-0.03203163
-0.03382938
0.10419689
-0.01614313
-0.08743136
0.07333111
-0.05196697
-0.08292936
-0.01822785
0.06978216
0.13268520
-0.16562887
-0.08263366
-0.06144269
-0.06673117
-0.03695230
-0.05042918
-0.21966130
0.01260713
0.05544769
0.04245996
-0.13415711
-0.18604065
0.08378297
0.05176679
0.02079565
0.03564977
0.03847463
0.01147902
-0.01594435
0.02114142
0.05344011
0.06797151
0.08728854
0.07932936
0.10274639
0.14017813
0.14801136
-0.24036632
-0.03684197
0.16423921
0.25999281
0.03410637
-0.19479422
-0.10026701
-0.00299219
-0.03522965
0.06684117
0.02879096
0.05043430
0.14495057
-0.10256577
0.04183495
-0.03923810
-0.12435745
-0.06459568
-0.01824207
-0.07569458
-0.13232239
-0.14146499
-0.17970848
-0.07220322
-0.03691850
-0.12130611
0.01990381
0.04914008
0.14429955
0.29251960
-0.09102900
0.01334072
-0.00178456
0.04280373
0.10925510
0.07430535
0.20900780
-0.03713533
-0.00030358
-0.15676636
0.00373301
-0.01288598
-0.07731172
-0.01618966
0.09250890
-0.10163610
0.06434054
0.07347823
-0.04412472
0.19314666
-0.01439110
-0.11528467
0.19443795
0.26879668
0.00820966
-0.21040677
-0.02229269
0.00971200
0.10550787
-0.03412726
0.03342276
0.01996353
0.04197443
-0.06173936
-0.08809289
-0.02678770
-0.10686572
-0.08449934
0.03148404
-0.11623293
-0.19173007
-0.16228624
-0.02743988
-0.16165422
-0.10581805
-0.04523784
0.18807489
0.21560779
0.17719197
-0.01133707
0.08945901
0.02097806
0.11004648
-0.08179504
-0.14317453
-0.22882259
-0.05762814
-0.21019544
-0.24243033
0.04226377
0.04408068
0.01975152
-0.09975157
0.08762074
0.14324635
0.13321742
-0.00046378
0.14361706
0.17015338
0.04574108
-0.02939589
-0.00879932
-0.00869543
-0.04312083
-0.06155346
0.04624388
-0.03480418
-0.08890069
0.01633879
0.01278570
0.04592926
-0.02786247
-0.04784776
-0.03787863
-0.04177619
-0.04544099
-0.03455630
0.00261762
-0.02671129
-0.00011397
-0.03381949
-0.09472738
-0.00154487
-0.03146710
0.05355048
-0.00285490
0.02676466
-0.02937745
0.02181870
-0.10004044
-0.02741732
-0.12007678
-0.07839264
-0.04353241
-0.03594450
-0.04024406
-0.10645362
-0.04532145
0.04233656
-0.01629526
-0.02508065
-0.03330734
-0.08407302
-0.08027888
-0.08323941
-0.08244547
0.00279621
0.01879890
-0.00714462
0.03606963
-0.03641753
-0.09274866
0.01764601
-0.07833428
-0.01062896
-0.02695204
-0.05645073
-0.08220287
-0.08484743
-0.02793228
-0.05360207
0.05032947
0.07719093
-0.01591920
-0.02289771
-0.01403289
0.03126690
0.00922514
-0.03284619
-0.10236043
-0.04728942
0.04641906
-0.03712536
-0.06280352
0.04789506
-0.06075641
0.00586808
0.02789220
0.08569772
0.02941003
-0.09711026
-0.00155759
0.04173863
-0.02855685
0.01783475
-0.02583955
-0.11104033
0.09367544
-0.02328625
-0.05760882
-0.09822845
0.01616400
-0.03939122
0.06673068
-0.05456698
-0.04233927
-0.00322395
0.02503472
0.02755541
0.02177155
-0.00136253
0.05208077
0.04257595
0.02430402
-0.07338858
-0.02324196
0.02028897
-0.03086266
-0.11175460
-0.04306207
0.02927716
0.01011817
-0.10155254
-0.02740513
-0.07402217
-0.02937592
0.02736553
-0.04222511
0.02574395
-0.02521702
-0.04579860
-0.06407110
0.04172362
-0.06790069
0.10587945
0.03733497
-0.10825296
-0.04806731
0.01194107
-0.07388674
-0.03964404
-0.04956002
-0.05557719
-0.08846384
-0.06729699
-0.01056374
-0.07130904
-0.00787584
-0.04985872
-0.02029270
0.01352321
-0.04811384
-0.13070618
-0.08041195
-0.07266765
-0.06899711
-0.03213560
-0.06699349
-0.08529197
-0.01460224
-0.03077280
-0.03264793
-0.02686211
0.03153767
-0.02090381
-0.04983398
-0.06575918
-0.03130667
-0.03710507
0.00634933
-0.09062739
0.00178364
-0.00743621
0.01005582
0.03016121
-0.00000833
-0.02489340
0.00832661
0.01106606
-0.02570789
-0.00579756
-0.02971509
-0.08970281
-0.08381630
-0.00495794
-0.00618927
0.08078567
-0.11137025
-0.02426757
0.05807244
-0.04155312
0.02483224
-0.08513807
0.02377560
-0.04117647
-0.02428236
-0.10610681
0.00762745
-0.10165295
-0.00225146
-0.10985255
-0.04219726
0.03733927
0.03459913
0.01130769
0.05586744
-0.01575821
-0.04210968
-0.11139027
-0.02738612
0.02041728
-0.07353231
-0.03450652
-0.00694481
-0.00886573
0.00933261
-0.02191849
-0.01876077
-0.09197964
0.01767020
-0.02914261
-0.04985808
0.00202742
-0.01475667
-0.08697642
0.00003147
0.04209135
-0.07801078
-0.02473596
-0.04301360
0.01012001
-0.00711835
0.02454451
-0.04848698
-0.06809557
0.02133857
-0.03186655
0.00720606
0.01016992
0.02990326
-0.14684926
-0.08794113
-0.05433102
-0.01790706
-0.01687271
-0.05885105
-0.14546195
0.02237806
0.02948208
0.05187989
-0.01984773
-0.07210854
-0.02822451
-0.08978812
-0.04778421
-0.05452313
-0.12225462
-0.05542781
-0.05477840
-0.02882075
0.00506675
0.02916868
-0.08816464
-0.04408919
-0.06423470
-0.05495996
0.03068362
-0.08216334
0.01087352
-0.05327741
-0.02458103
-0.02891691
-0.04576458
-0.06295975
-0.05072995
0.03321761
0.01216246
0.01033627
-0.04677913
-0.07736360
-0.05126489
-0.01000458
-0.03988598
0.02252946
0.02726672
-0.02245994
-0.05234438
-0.05375552
-0.07882376
0.02509337
-0.08163712
-0.07476087
0.02058309
0.10494615
0.01581229
-0.05892318
-0.04596414
-0.01252691
0.01159423
0.01300740
-0.05682022
-0.07662773
-0.07835792
0.09268311
0.04916973
-0.15178876
-0.14970165
-0.08094954
-0.08650067
-0.07176111
-0.00782611
0.03841603
-0.01828699
-0.02062712
-0.05880459
-0.07400946
-0.04448709
-0.04290410
-0.00568329
-0.00020656
-0.05610858
-0.05312946
0.04803023
-0.02548311
-0.05147679
-0.04061014
0.07638532
0.01724122
0.04411932
-0.04782009
0.05871781
0.04733592
-0.01775231
-0.03637524
-0.05706734
-0.10906602
-0.00345810
0.01765669
-0.06126419
-0.08669668
-0.07546078
0.01910520
-0.08878746
-0.02118179
-0.00414151
-0.01351829
0.03807710
0.02468515
-0.07611744
-0.02275832
0.01800681
0.02923429
-0.02800262
-0.02931284
-0.00594742
-0.03674833
-0.00630121
-0.08865937
-0.00270998
-0.00455657
-0.04178038
-0.01779062
-0.01352071
-0.08090080
-0.01552007
-0.04585533
-0.00412670
0.00975994
-0.09519866
-0.04940687
-0.01703692
-0.06652455
-0.04709460
-0.05942677
-0.07601215
-0.04944638
0.01592321
0.03766368
-0.02361934
-0.08248632
-0.01611128
-0.05466990
-0.00162271
-0.03142475
0.01128165
-0.08695573
-0.01408549
-0.06809200
0.00139662
-0.06027775
-0.04154370
-0.08289506
-0.06223901
-0.08394002
-0.13973472
-0.03390811
-0.07178018
-0.00937357
-0.09167371
-0.09445021
-0.08179417
-0.06026860
0.04060628
-0.03336393
-0.08830173
-0.05625368
-0.03800254
-0.01491334
-0.08398234
-0.01982362
-0.24470326
-0.11475643
0.22715461
0.32436475
0.17465945
-0.13016488
-0.03459805
0.16724162
-0.03479498
-0.09851012
-0.07051823
-0.20979868
-0.16883214
-0.11545549
0.03015532
0.04508431
-0.06889060
-0.10005900
0.12850372
0.00385759
0.08867065
-0.03757495
-0.02236796
-0.07093836
-0.25823554
0.11926778
0.01708364
0.05782941
0.02599207
0.04641287
0.11983200
0.02676455
-0.06622475
-0.02924436
-0.13805591
-0.08578863
-0.18147463
-0.05563461
0.04989046
0.06547704
0.02430241
-0.00675845
-0.08673993
0.00374466
-0.00674825
0.09179761
-0.00309613
0.04156901
-0.05359946
-0.24625674
-0.11478718
-0.08565723
-0.13786910
-0.23237349
0.03472988
-0.04237866
0.08670590
0.05365435
-0.00009278
0.00423093
0.03665646
-0.11888494
-0.00185700
-0.04822674
-0.03257678
-0.21539739
-0.11171490
-0.06333479
0.05795730
0.02150493
0.01565899
0.13356411
0.08442711
0.03932996
0.17849936
0.01348605
0.02777226
-0.13926512
-0.10761413
-0.07199050
-0.17693950
-0.11131590
-0.06388798
-0.00321250
0.01540023
-0.21110381
-0.08859299
0.06184515
0.11541441
0.20274924
0.08300704
0.12957001
0.16562921
-0.01277617
-0.05836578
0.04053586
-0.11453030
-0.04187325
0.00984707
-0.16314258
-0.02443818
-0.14621823
0.03008427
-0.00035615
-0.00454683
-0.00120203
0.03938201
-0.11276346
0.00462231
-0.02195700
0.18867643
0.04454365
-0.20419817
-0.02774370
0.13498196
-0.15317014
-0.01042953
-0.27930966
0.04403722
0.04300252
0.04037958
-0.19358812
-0.28655156
-0.08328192
-0.35364440
0.12385784
-0.10084458
-0.09101430
0.01223569
0.06032032
-0.19694836
-0.20706707
0.01277208
0.07136589
-0.00858095
-0.02100713
-0.17575911
-0.11522939
0.10520952
0.00244226
0.14115711
-0.05554516
-0.22159415
-0.17556463
-0.02472394
0.08097342
0.09779119
0.13694976
0.03297913
-0.03731121
0.06734519
-0.00067836
0.04521558
-0.10152225
0.07441849
-0.06917576
-0.12029338
0.09775519
0.10148881
-0.06771270
-0.05596044
0.13645129
-0.02831746
-0.00872356
0.15313371
-0.12353032
0.04872107
-0.19873986
-0.06932800
-0.11617424
-0.07537894
0.08206623
-0.13264878
-0.10946257
-0.03585326
-0.02200819
0.09999529
0.02855133
-0.04070448
-0.03088485
0.09920049
0.06580873
-0.13096163
-0.17887770
-0.07779501
0.06486462
0.16659504
-0.00489287
-0.01376864
0.04625728
-0.04974873
-0.01116243
-0.05004738
-0.04741753
0.18921451
-0.07540407
-0.04751369
0.00199741
-0.15157162
-0.18672611
0.26066345
0.04223194
0.01829964
-0.02215616
0.08970157
0.00083644
0.08373473
-0.14046997
-0.12876646
0.00283450
0.17962193
-0.07838941
-0.09211852
-0.06229089
-0.02210424
0.00560085
-0.16706900
-0.07958792
0.01926904
0.10663347
-0.14419584
-0.02795485
0.07433232
0.04355368
0.10755778
0.09746611
0.06861164
-0.02083652
-0.13550347
-0.32859161
0.15170242
0.07290240
-0.02158332
0.04402708
-0.22633620
-0.09719010
-0.01852964
0.08285890
0.02561766
0.07022768
-0.03868788
-0.04434967
0.04544469
0.12002829
0.01918236
0.06025629
-0.04115866
0.04405406
0.04650333
-0.05277391
-0.00600163
-0.04518356
0.04207411
0.17560330
0.27707964
0.13710588
0.10235304
0.05103970
0.11239326
0.11457480
0.09096853
-0.02746429
-0.16728479
-0.07129786
0.06128370
0.01602568
-0.02585327
0.00717789
0.06028558
0.11335317
-0.14339474
-0.08521058
0.06603977
-0.14295766
0.18225415
0.01437037
-0.00507025
-0.02919219
-0.23238234
-0.24962200
0.20976405
0.00539479
-0.13287254
-0.14052308
-0.14132273
-0.02852003
-0.01530161
0.10184132
0.11146564
0.00568927
0.06005046
0.08092964
0.05564896
-0.02339824
-0.05906177
0.04847352
0.04615992
-0.00569876
-0.05746642
0.04996939
-0.04642942
-0.18360689
0.03635815
0.24270689
0.03227546
0.05296604
-0.08119167
-0.02787662
0.07129508
0.03647011
0.02427244
0.10358188
0.00360288
0.02902118
0.21677233
-0.08781625
0.03531272
-0.10421304
0.01842715
0.23387025
0.08811639
0.06787290
-0.05021792
-0.04791347
-0.09236451
-0.03567094
-0.14144665
-0.16908227
0.00663815
0.03285233
0.07368474
-0.00552154
-0.08866412
0.11683787
-0.01965635
0.03278656
0.14873606
-0.07682751
0.02057735
0.00823867
-0.11627936
-0.04718742
-0.19955480
-0.09398285
0.17784986
-0.04797876
0.10058350
-0.14089708
0.15010042
0.16372164
-0.09198028
0.05699865
0.08113194
0.11120246
0.04031865
-0.19648375
-0.10672423
0.07966813
0.22563426
-0.01491393
-0.02768558
0.12281708
-0.02688254
-0.01317678
-0.01044567
-0.04290285
-0.12215732
-0.27118999
-0.07658950
-0.05593326
0.00117945
-0.01712594
-0.13685773
-0.13768478
0.07199690
-0.05991546
-0.08924869
0.14203677
0.05107715
0.05313756
0.04553633
0.01772100
0.03890890
-0.11007288
0.07046048
-0.08640648
0.06427889
-0.04581529
-0.25900236
-0.06495253
-0.14889777
-0.13466480
-0.17049228
0.13076024
0.14758158
-0.07584840
-0.21304865
-0.03969074
0.06734537
0.16553447
0.03691187
-0.10658405
-0.17321314
-0.02715915
-0.18679741
0.09711593
-0.04670725
0.17808974
-0.09156906
-0.00349283
0.13126054
0.03232192
0.04843973
0.24671365
0.12252226
-0.00995939
0.02985489
0.13979459
0.00898756
-0.08683164
-0.04150162
0.15813987
0.16536272
-0.01443572
-0.15503873
0.03837843
0.00965671
-0.00492208
0.07305259
0.05338469
-0.12707578
0.05145207
0.04653644
-0.04731560
0.03292831
-0.21347535
-0.19996038
-0.00192787
-0.11584150
-0.16001497
-0.08111543
-0.12623249
-0.18551302
-0.20135885
-0.34734371
0.00257008
0.07711767
0.04945293
-0.03673430
-0.19878283
0.02706141
-0.00129116
0.17169569
0.08178430
-0.16335639
0.01110805
-0.12292162
-0.13547245
-0.01611345
-0.08939724
-0.30295694
-0.33315432
-0.27146527
-0.11360708
-0.13402371
-0.10547811
-0.49869063
-0.02454253
0.00165092
0.17301531
-0.14676572
0.06888686
0.13421059
0.14045772
0.08602220
-0.02192871
0.15650387
0.17310195
0.09985451
0.16073927
-0.14936775
-0.06879114
0.17500629
0.12256324
0.08808126
0.12211459
-0.09349488
-0.02094486
-0.06342386
-0.05339957
0.03726179
0.10208696
0.03456072
-0.05735675
-0.22084561
0.10293072
0.15558748
0.06601319
-0.06413732
-0.16733217
0.06347910
0.03615996
0.00453801
-0.04826143
0.09261861
0.17338035
0.30618900
0.02632715
0.02921323
-0.05384413
-0.01852805
0.06634345
0.02609567
0.07737157
-0.10839761
-0.16639467
-0.08814993
-0.01680336
-0.13376340
-0.30805695
0.04304662
0.11124401
0.17575760
0.07521446
-0.22167557
-0.06750539
0.06758133
-0.00324895
0.09242103
-0.04951799
-0.09627972
-0.12171236
0.02743375
0.02416858
0.07119381
0.01106704
-0.05916980
-0.23393233
-0.12996036
-0.08671537
-0.07789172
-0.04084652
-0.26859349
-0.12005819
0.05374208
-0.06172822
0.00846572
0.01069142
0.17096618
-0.05534134
0.15153389
0.07494541
-0.01020362
0.02928285
0.06182959
0.07998062
0.18083847
0.12771685
-0.05988935
0.06708436
0.17113733
0.26284668
0.12101525
0.05028439
0.00171957
0.10051306
0.08716976
0.10988735
-0.09907109
0.12381046
-0.08726359
-0.03609033
-0.04987621
-0.23318261
-0.00689314
0.14340238
-0.01654335
-0.13081634
0.31548664
0.01614025
0.10870653
-0.00597444
0.13583225
0.04975962
0.20037310
0.09733336
0.09438178
0.01876267
0.00357853
0.20942505
-0.00928242
0.13000505
-0.05954817
-0.03730273
-0.10733189
0.06441604
0.14081684
-0.02406201
-0.10939676
-0.19835135
-0.12637907
-0.00596013
0.06251578
0.13031951
-0.22196782
0.08354689
0.06627895
0.01580027
-0.11217277
-0.03549243
-0.10546795
-0.16623010
-0.12858087
-0.02649952
-0.20883471
-0.09714019
-0.21374853
-0.08657775
-0.09445437
-0.12168071
-0.16545746
-0.05746820
0.00370394
0.04914741
0.22975689
-0.18830112
0.02063429
0.11133309
-0.01512534
-0.15125415
-0.16990714
-0.07781992
-0.09380075
-0.09386575
-0.26387522
-0.28768823
-0.06976976
0.02211269
0.04103472
-0.11995033
-0.12781553
-0.06396919
0.02951408
-0.10060827
-0.21428734
-0.11975119
0.03188751
0.15277453
0.16663942
0.00287982
0.11169847
0.08678716
-0.13536106
-0.16484666
-0.27364013
0.14505665
0.00776582
-0.13570409
-0.06404619
-0.06586005
0.02436305
0.08925064
0.08400026
-0.15739214
-0.00708024
0.02315350
-0.08838156
0.08887862
0.02950804
0.21067241
-0.08663639
0.16973244
0.12772579
-0.07297074
-0.06594615
-0.37662971
-0.13883798
0.18911694
0.16992871
0.01610935
-0.26925600
-0.11900441
-0.14835553
-0.03231696
-0.11865980
-0.31635937
-0.22605337
0.01758152
-0.04966257
0.03195721
-0.17445701
-0.01055159
-0.07576037
-0.14986628
-0.14530125
-0.25588292
-0.23543291
-0.10153062
0.04614007
-0.15269290
0.02174108
-0.01136400
-0.22906642
-0.11350312
0.05176349
-0.02931684
0.14276643
0.00895866
0.06080003
-0.02616842
0.08876792
0.15465879
0.00755163
0.13657758
0.05686182
0.02695114
-0.02801465
-0.01689727
0.07788403
0.05761863
0.02993016
-0.05779617
0.03157753
-0.10976199
-0.14578110
-0.01204449
0.03843080
-0.05289982
-0.27767652
-0.15493923
-0.01522285
0.03891099
-0.02840870
-0.16916212
-0.12260605
-0.07194207
0.00214396
0.00909725
-0.10028262
0.16469491
-0.16777313
-0.15330578
0.00569118
-0.03866733
0.03930205
-0.15300408
-0.02890978
-0.02725119
0.06061308
-0.00441855
0.04129549
0.00966429
0.03510268
-0.07533316
0.07270262
0.09555819
0.13008885
0.18495703
-0.05600726
-0.02712776
0.12322696
0.04147133
-0.04316410
0.07646329
0.09520592
-0.12428918
-0.07262792
-0.05815247
0.05114070
-0.05995440
-0.17684738
-0.14622346
-0.03528204
0.08287884
0.00686101
-0.09746058
-0.06132561
0.03951341
0.02839830
-0.26396194
-0.15959191
0.16271633
0.12641214
0.08848234
-0.10440651
0.11321845
0.10858227
-0.14142078
0.19024822
0.01365948
0.18902349
0.04807007
-0.02343402
0.18395546
0.05863313
0.07369089
-0.02189501
-0.04791081
0.11116413
0.00164459
-0.14731961
0.04017327
0.00536217
0.10402706
0.17337982
-0.16786480
0.01357435
-0.11159442
-0.18646623
-0.14421476
-0.03504508
-0.01135214
-0.18696837
-0.18472230
-0.01299322
-0.07010541
0.02896840
-0.04540893
0.01938179
-0.00725092
-0.06539059
0.09075672
0.13848735
-0.16898747
-0.31658161
0.11064784
0.05032881
0.06736667
-0.04768432
-0.04263773
0.03079271
-0.07323704
-0.07024777
0.02515944
0.00041749
-0.00898650
0.02335936
-0.11484068
0.01145932
0.01143420
0.10674264
0.03341842
-0.00291509
0.04103011
0.02964174
0.04497336
0.07483300
-0.05222809
-0.11127343
-0.10208316
0.00347148
-0.05048103
-0.21172823
-0.02695328
-0.06117907
0.07725699
-0.12698996
0.05410682
0.05552545
0.16756761
-0.05093595
0.02794059
0.02744020
-0.07856680
-0.16864714
-0.09805269
0.03595848
-0.01431242
0.09791484
0.06280189
-0.06970347
0.19390967
0.09970725
0.06021905
-0.00963928
0.02196172
0.06551304
-0.14551130
-0.19451720
-0.27527860
-0.19287552
-0.06358800
-0.03411734
-0.06310938
-0.12531221
-0.13020845
-0.02950080
-0.12291016
0.09099288
0.06416727
0.14737834
0.16206081
-0.10290079
-0.07942688
-0.13963695
0.08319663
-0.09469014
-0.06807079
-0.37366441
-0.14934877
-0.17513178
-0.32297161
0.01505526
-0.11391176
-0.16376767
-0.05863568
-0.12660109
0.12549838
0.06436975
0.09588391
-0.09128428
-0.12313404
0.04770909
0.01941471
0.09288000
0.13247244
-0.12852855
0.02867871
0.13042352
-0.11500378
0.06692886
-0.00716934
0.05193560
0.12626536
0.00697513
0.04199968
-0.02403970
-0.17435551
-0.05857600
-0.04230025
-0.08634539
-0.13291526
-0.08584482
0.04434720
0.04780866
-0.07341645
-0.34809932
-0.18338293
0.07030602
-0.00859562
-0.03815537
0.01246405
0.07789459
0.08643103
0.06519691
-0.04559748
0.06894368
-0.05099897
0.14814363
-0.01619391
-0.20254110
-0.16260813
-0.15274629
-0.39963686
0.11312715
-0.07590592
-0.05308302
-0.08678062
-0.08507422
-0.09874238
-0.22704868
0.06018908
0.03817686
-0.10724524
0.00997692
-0.24519995
0.10118026
-0.00557273
0.04486087
-0.10549509
-0.01837293
0.09710597
0.18414177
-0.10797781
-0.08801536
-0.10340124
0.04336316
0.04443209
0.07995448
0.05858354
0.01357828
0.01819207
-0.01451307
-0.13403445
-0.27245128
-0.13548146
0.05735787
-0.05012529
0.01713587
-0.08728992
-0.07903316
0.01137872
0.06106628
0.02220385
-0.00521274
0.04015569
0.02331843
-0.12004421
-0.19392346
-0.17381710
0.09754255
0.06515923
0.00980353
0.01243106
-0.01664130
0.08382329
0.11993616
-0.16286218
0.01977022
-0.05799612
0.03950271
0.01767303
0.00120281
-0.03214513
0.00566651
0.04560783
-0.03320216
0.17202029
0.08167707
0.16881914
0.09178532
-0.02376822
0.10044680
0.05583591
0.07544434
0.13121018
0.08131158
0.08617508
0.10953496
-0.16397446
0.14115071
0.14265652
0.13673282
0.05572615
-0.24672383
-0.09770221
-0.05213621
-0.01880020
0.07434992
0.10089932
-0.09785351
0.01479863
0.11829475
0.09319176
-0.03460217
0.00881710
-0.03140058
0.01134398
-0.02794720
-0.03097721
0.05761411
0.18173285
0.15959483
0.24786362
0.01736718
0.02113388
0.15680200
0.08567087
-0.07122990
-0.31058225
-0.17647041
0.21526842
-0.13879699
-0.05170100
-0.02591161
-0.01324512
-0.05041696
-0.00207294
0.02823096
0.02120098
0.02540540
0.10120169
0.11536413
0.02793690
0.01645069
0.22772630
0.14387578
-0.03319690
-0.21465088
-0.10618980
0.25670093
0.00490256
-0.05589562
-0.05088005
-0.11011183
-0.01380203
-0.03163986
0.04082481
0.13896039
0.01691279
-0.04970204
-0.03458814
-0.04509327
0.02067364
0.07835314
0.09692290
0.07493020
0.04282030
0.02852321
-0.05970319
0.01920004
-0.17542778
0.01746521
0.17204961
-0.05798625
-0.06031802
-0.17526536
0.05652850
-0.03211267
-0.14978585
-0.06683779
0.13005529
0.22616822
0.04986420
0.13586886
0.05553203
0.00310237
-0.03929656
0.02051699
0.14959143
0.02416359
-0.00667575
0.00248753
0.16013950
0.01569338
-0.13414931
-0.17457832
-0.10045820
0.02607331
0.06818080
-0.11156890
-0.16137020
0.12661667
-0.05257606
0.16391851
-0.07133757
0.01247722
0.05914214
0.04303766
-0.02559924
0.00989291
-0.09397259
-0.05352788
-0.03171587
-0.05946527
-0.07745727
-0.02698358
0.05292608
0.08577912
0.11876941
-0.20796490
-0.21545838
0.18130375
0.03180917
0.04492635
-0.50916082
-0.19897397
0.09216277
0.05321767
-0.00684064
-0.21592957
-0.16617762
-0.00474632
-0.19128613
-0.18066457
-0.00645908
0.02755181
0.01271155
0.01086974
-0.05436373
0.09611862
0.00730796
0.10784105
-0.03069622
-0.00930211
0.08353585
-0.02792671
0.19873142
0.26663771
0.26355368
0.10533082
0.20319630
0.00755384
0.08808775
0.07113112
0.06232654
-0.03589311
0.09451735
-0.07545397
-0.07646502
-0.00838637
-0.13424793
0.00772319
-0.00028288
0.03818823
-0.06141610
0.02093887
-0.02689700
0.11359181
0.12022520
-0.00308102
0.12457702
-0.10359109
-0.24430551
-0.17069504
0.11221258
0.07076728
0.03707544
-0.14085174
0.09726040
0.09002836
0.00579471
0.02201714
-0.06986785
-0.08198599
0.04057631
0.24273565
-0.00874414
0.20019498
0.08109433
-0.02136770
-0.02273913
-0.16732596
0.38416028
0.21014148
-0.06581800
0.01262277
-0.07364732
-0.03743934
-0.02273884
0.02445505
0.02898890
0.04670724
0.20572010
0.27590901
-0.05992362
-0.13972332
-0.19656013
-0.11295183
0.07916185
0.05725093
-0.05725379
-0.04920351
-0.07827508
-0.15599382
0.10616800
-0.00866799
-0.02104237
0.03396215
0.01712076
0.00173462
-0.10919388
0.02848102
0.02968455
0.21715444
-0.07048906
-0.07838988
0.09299021
0.08562271
-0.07193876
-0.04748109
-0.11288062
-0.12351709
0.01217255
-0.24480456
0.17881900
0.00506016
-0.04190568
-0.10918679
-0.08376367
0.19954059
0.09282470
0.03575319
-0.04332003
-0.06065626
0.11770751
0.16886024
0.04556563
-0.03174822
0.01776692
0.03938990
-0.07980793
0.02834188
0.08452048
0.09979783
-0.17823918
0.12072438
0.07281965
0.01248397
0.09287409
-0.06807724
0.00225794
0.14455579
0.08979421
0.04498982
-0.09838503
-0.00393921
0.01575369
0.08061998
-0.05492716
0.06418080
0.02491822
-0.00682085
-0.15033178
-0.07243166
0.20679180
0.23591469
0.09641315
0.13544874
0.07189932
0.01626307
0.04198554
0.00463688
0.00418954
0.08296053
-0.19838294
-0.06807412
0.05290469
0.12272178
0.04691030
-0.24153034
-0.11369907
-0.03565611
-0.03021096
0.21128078
-0.00650487
0.15656911
0.07111534
-0.10538939
0.01565633
0.08426448
0.18893366
0.08550369
-0.04343587
-0.03388720
-0.12455595
-0.09413478
-0.05165208
-0.22336300
-0.28467879
-0.15181057
-0.11920631
0.11169360
-0.00159441
-0.09283098
0.06643090
-0.05317755
0.13192530
-0.07548967
0.00156045
0.18071175
0.13712531
-0.15077947
0.11538434
-0.05862243
0.13707033
0.16128050
-0.12174845
-0.01711975
0.00567569
0.17753395
0.06104559
-0.07094502
-0.16175206
-0.01285694
-0.09930529
-0.21807574
-0.08432842
-0.08476008
0.11375900
-0.03338780
0.07364474
-0.23433049
-0.09851906
0.01852517
0.06417026
0.00754003
-0.24740502
-0.23341289
-0.07840176
0.06603623
0.01301951
0.03554223
0.04618072
0.09804931
0.12872390
0.03850624
0.11304443
0.08267806
0.17754707
0.02976247
-0.02146862
-0.07298604
0.10857322
0.06345820
0.00346660
-0.09455670
0.03940623
-0.15677661
0.02670982
-0.26964611
-0.06691080
-0.09771948
0.07738069
-0.00069248
-0.07993939
-0.00524519
-0.02180330
0.01099424
-0.00541771
-0.17549522
0.06520817
0.07524792
-0.14603199
-0.22446729
0.01012365
-0.00095757
0.07825313
0.07613841
-0.03845612
0.18487595
0.06117667
-0.03248576
-0.10075538
-0.01017055
-0.17950121
-0.04649081
0.07088733
0.16059659
0.27036342
0.01678641
0.12146498
0.03098452
0.11560055
0.19078097
0.15255064
-0.05516140
-0.17181066
-0.16417290
-0.00923049
-0.02621930
-0.16525823
-0.16291799
-0.12808624
-0.14118676
0.01368777
-0.01703454
-0.03014446
-0.01804236
-0.14435767
0.17801994
-0.05749794
0.02524857
-0.06420462
0.04539316
0.07590079
0.17864405
-0.14052628
-0.02080901
-0.18107399
0.02908772
0.23716398
0.03457089
0.06848683
-0.02185236
0.03339084
-0.06029166
-0.00381754
-0.02152184
-0.02902198
-0.12189563
-0.08886919
-0.08010141
0.03583460
-0.02081080
-0.16883345
0.09682037
0.12145055
0.22282209
0.30280200
-0.23224799
-0.04579025
0.08247335
-0.00640988
0.16589500
0.16115606
0.01377005
-0.12604219
-0.16096473
0.01689225
-0.01718408
-0.14971361
-0.33405593
-0.15184996
-0.04633243
0.00081959
-0.07632252
-0.16858792
-0.08214212
-0.10087939
0.05755945
0.10753042
0.09043750
-0.12785494
-0.22936581
0.08624352
0.06879365
-0.03696341
-0.15809382
-0.07515447
0.09350500
0.05732106
0.24202694
0.03578522
-0.05396727
-0.22605716
-0.16683604
0.09651690
0.05478805
0.07488801
-0.03085513
-0.01509593
-0.27219325
0.25392359
0.22269468
0.03330889
0.04152090
0.13955124
0.14441028
0.14418747
-0.02467655
0.05849351
0.00893499
-0.01484166
0.05008597
-0.02131315
0.00475140
0.07934748
0.02629661
-0.19813034
-0.05443695
0.07035025
0.11927812
-0.06999484
-0.21161404
-0.00033766
0.04008877
-0.08852686
0.07655362
-0.04293302
0.17404889
0.07623569
-0.00631758
-0.33279371
-0.17447963
0.14900012
0.09570837
-0.17557985
-0.06637117
-0.08866166
-0.04224895
0.08785369
0.03393078
0.01098250
-0.13742720
-0.25927407
-0.01210631
0.21300448
-0.11016246
-0.15518658
-0.04521981
-0.03431769
0.09629367
-0.07685865
-0.05636665
0.11280682
0.25724849
0.05078334
-0.03228628
0.05714785
-0.01626091
-0.04173499
-0.09033877
-0.06203161
0.09058370
-0.02392689
0.06520640
0.07895336
-0.20755510
-0.02395926
0.03807527
0.18489733
-0.06861774
-0.10223987
-0.11918078
-0.12165744
0.04552714
0.06647116
-0.01572385
-0.08358180
0.06581934
0.20767681
0.15189596
0.03092493
-0.16347377
0.12250900
0.03558570
0.11936047
-0.21844977
-0.14981724
-0.01267425
-0.04960863
-0.06723218
0.01173816
-0.07982127
-0.10849568
-0.05081418
0.14201353
-0.05421815
-0.03364564
0.03750516
-0.05792148
0.17260645
0.20168488
0.07850745
-0.19048850
-0.20508480
-0.13015507
-0.03271091
0.02284038
0.05630183
-0.09205104
-0.17350540
0.03826772
0.06610300
-0.10131191
-0.01093220
0.04859922
-0.01566140
-0.08638933
0.04235379
0.05826406
0.02519240
-0.12558673
-0.18564335
0.13523808
0.15896080
0.04957382
-0.11838910
0.01023597
-0.23590027
-0.10984437
0.00899366
0.06297167
0.29597396
-0.01031049
0.09464639
0.07110200
0.08526058
0.17987095
0.04591684
0.01835922
-0.14738739
-0.04449213
0.07041814
-0.11948811
-0.16436234
-0.01089304
-0.07676265
0.18515545
0.03208264
0.04343479
0.06019684
-0.04994915
-0.12635349
-0.07037694
-0.04320825
-0.13502927
-0.03649878
0.04044701
0.00198528
-0.05645642
-0.03848482
0.03026080
0.05231510
-0.05719758
0.05003275
0.05016504
-0.07831580
-0.12908894
0.14084043
-0.03685176
-0.12084261
0.02089605
0.08323346
-0.00788035
0.14158250
-0.03575753
0.04105676
0.10772239
0.23032057
0.23433952
0.15226415
-0.04209675
-0.13147926
0.02200364
0.06700450
0.01447830
-0.02415523
-0.09181370
-0.13720183
-0.03762702
-0.17540999
0.11908284
-0.27676892
-0.09306862
-0.03591575
0.00168051
0.03017418
-0.16235505
-0.00753497
0.14417484
-0.16076399
-0.06666516
-0.10923616
0.00617839
-0.00682466
0.12724707
0.01480874
0.06404905
0.06504088
0.18826190
0.19071594
0.09592763
-0.01740964
0.16451165
0.00967846
-0.06064776
-0.08019412
-0.00027837
-0.00739868
-0.07673150
-0.10934696
-0.12299581
-0.05901166
-0.06940342
-0.00012997
-0.01868077
0.01760740
-0.00717786
0.01114175
-0.10491712
-0.19038060
0.13005400
0.20612070
-0.07851779
0.09635567
0.03059277
0.14903754
0.10082262
-0.11735137
0.16164631
0.04904100
0.12995230
0.00934008
-0.10312343
-0.05379754
-0.02407947
0.26541770
0.01573396
-0.13441175
-0.21367274
-0.00655577
0.16227131
0.07071692
-0.00572112
-0.09648560
-0.18263966
0.06725368
-0.20796363
0.03113839
-0.05829872
-0.07525946
0.13979079
0.13351713
0.03814154
-0.09306236
0.12072212
0.08012642
0.09215072
-0.07844108
0.07990299
0.20600536
0.04275201
-0.16698274
-0.05589093
-0.18595718
0.02240823
0.09339355
0.03846947
-0.14144531
-0.25406870
-0.12756978
-0.05736621
0.02614209
-0.08646102
-0.03233409
0.06323973
0.07991969
0.02129927
0.00846320
0.07419380
-0.05757952
-0.01902005
0.01854511
-0.03414993
-0.06323606
0.01214182
0.02022610
0.08181041
-0.01661219
0.09592610
-0.00534718
0.01064158
0.01562424
-0.41250509
-0.47331488
-0.31547934
-0.00316954
0.28216890
-0.16939542
-0.25339922
-0.27285713
-0.03636338
0.25993916
0.14345860
0.01753980
0.07625922
0.11017974
0.08578406
0.00813145
-0.01044050
0.06414215
-0.11071067
-0.07724087
-0.06102012
-0.05019346
0.04092368
0.08499339
-0.06504089
0.00178840
0.06982150
0.11002664
0.05706282
-0.06465663
0.00039557
0.09690973
-0.13567168
-0.09219023
-0.04694196
-0.00456820
-0.01713290
-0.04976301
-0.08407770
0.16195191
0.03144899
0.13915476
0.07786465
0.02519389
-0.02220654
0.02632707
0.09096505
-0.00509229
0.04995741
0.07409090
-0.26467660
-0.22919668
-0.09997351
0.06354472
0.10568772
-0.41633999
-0.12760781
-0.11769447
0.05121838
0.24090441
0.00899430
0.07281641
0.15931363
0.03588131
0.11365993
0.10083624
-0.03231917
0.08697195
-0.10516492
-0.06893273
0.06591768
-0.03830848
-0.05161762
-0.11535780
-0.22146882
-0.05002142
0.18717486
0.14512585
0.19507781
-0.01796801
-0.07266746
0.13989049
-0.02894581
-0.00278724
-0.04340797
-0.20871913
0.04462492
-0.06016537
-0.03465113
-0.04809772
-0.13512340
0.03313457
0.01590787
0.05531637
-0.01509776
0.05020822
-0.03231798
0.00456427
0.05224695
-0.02915355
-0.07709605
0.08533244
0.11468346
0.23528391
0.21827690
-0.02635523
0.16725205
-0.15023635
0.11759686
0.05987528
-0.12235834
0.08943757
-0.04480482
0.05803465
0.05991146
-0.07517534
0.12231193
-0.09659386
0.01986495
0.11504608
0.03379013
0.08618403
-0.06810367
0.13964932
0.06002463
0.04101585
0.00967900
-0.03911779
-0.02132317
0.02789260
0.09192806
0.20181160
0.06152743
-0.11303458
0.01863612
-0.07357769
-0.00357697
-0.09514212
0.02021018
-0.04814594
0.02730458
-0.08987006
-0.10582759
0.04731173
0.07015010
0.07335326
0.13350873
-0.00310498
-0.05415644
-0.06580867
-0.16658144
0.15321982
-0.02234152
-0.02565221
0.01945703
-0.00695211
0.06572656
-0.00798558
-0.09678443
-0.00027320
-0.07347259
0.14686373
0.07641666
-0.01077174
-0.07522628
0.18541370
0.17649654
0.11001482
-0.02136763
-0.04816668
0.08019957
0.13877399
-0.09013319
-0.09596372
-0.05585506
0.05461952
0.00331734
-0.05090040
0.07507527
-0.00775712
0.02966546
-0.00978347
0.02434151
0.02939836
0.05063631
0.01432055
-0.13725685
-0.00439119
0.06953001
0.02268197
0.10356866
0.05120117
-0.05475226
0.04165097
-0.16007286
0.04910105
0.01353439
-0.10336740
0.07423749
-0.00499831
0.03268150
-0.11698593
-0.03491578
0.02040446
-0.07865497
-0.06505308
0.05482030
-0.01692830
-0.06349584
-0.01265533
-0.02955511
0.02323974
-0.06045119
-0.00937113
0.01572896
-0.17858410
-0.08130433
-0.02390797
-0.14456856
-0.04859498
-0.10527337
-0.13662368
-0.12025237
0.01586898
0.04030067
0.06677789
-0.05576745
0.00315906
-0.01964427
-0.04753667
-0.03530321
0.03469197
-0.13740501
-0.08112055
0.03378958
-0.02376057
-0.04085273
-0.13219148
-0.08498633
-0.09626237
0.06991549
-0.00378157
-0.19895805
-0.13845918
-0.01221724
0.06151405
-0.00396071
-0.17361109
-0.08726130
0.05311689
0.05000425
0.01644344
-0.07304330
-0.06960022
-0.04835672
0.07091926
-0.06121987
0.01393755
-0.09064060
0.05927936
-0.05577613
-0.15795901
-0.11066519
-0.31744897
0.05435480
-0.16262247
-0.08020567
-0.01099751
-0.06554094
-0.28480637
0.00645697
-0.00970819
0.04226579
0.07071199
-0.09696367
0.04286072
0.00822633
0.04686566
0.01714903
-0.04004928
-0.03267192
0.04715166
-0.04099132
-0.16946766
0.00755903
-0.06200140
-0.02549028
-0.07599346
-0.18456812
0.04586696
-0.04975909
-0.08747523
-0.17055322
-0.17387140
-0.05859472
-0.11928836
0.04028122
-0.05249654
-0.03360773
0.05418499
0.06576622
-0.04003917
0.06927844
0.05386632
-0.01855354
0.08076484
-0.06825297
0.01192624
0.15519789
-0.06636705
-0.09180078
-0.03142162
0.00671773
0.10697148
0.00816036
-0.03368189
-0.00163812
0.01594685
0.08451398
0.05157375
-0.07567888
-0.00856199
-0.10972299
-0.01543206
0.05046914
-0.08315145
0.04676031
-0.13140409
-0.17318353
0.07775410
-0.15722042
-0.04432973
-0.11164582
-0.00118178
-0.14422560
-0.06876981
0.07167213
-0.14391364
-0.07837411
0.10411096
-0.01948329
0.07223640
-0.05829939
-0.16288178
-0.06465138
0.04432936
0.04939715
0.08727753
-0.10935019
0.00337616
0.01306345
-0.07549997
-0.11249130
-0.14058781
-0.01860422
0.05371155
-0.10523918
-0.18742475
-0.16223069
-0.18968984
-0.10808002
0.02999127
-0.12867707
0.02819692
0.12946996
-0.04698180
0.06334805
-0.13022339
0.01605888
0.16737728
-0.02354101
0.00083485
0.01134266
-0.06599217
-0.13625307
0.04316575
-0.05937247
-0.04888430
0.01005730
-0.15275283
0.07203956
0.01277408
-0.06759354
-0.07219837
0.08488993
-0.03667687
0.00757237
-0.07756609
-0.11117686
0.00222109
-0.06082349
-0.06370348
-0.05648496
0.00483304
-0.07121846
-0.02057253
-0.06491058
-0.11608350
-0.15843266
-0.07637808
-0.05327773
-0.09131742
-0.08708207
-0.11675232
-0.06268648
0.11274662
0.09557326
0.06791501
-0.02874254
-0.11310015
-0.22090766
-0.12019240
-0.08245447
-0.03504524
-0.06016077
-0.11585255
-0.15985282
-0.16008824
-0.18619341
0.01757219
-0.15497153
-0.10606731
-0.13359970
-0.12386313
-0.12066651
-0.00297410
-0.13518055
-0.01678384
0.06285861
-0.08966602
-0.07384002
-0.16026890
-0.16210118
-0.18374139
-0.17462537
0.01226583
0.10051654
-0.14962506
-0.09890438
-0.10494254
0.03390391
0.02568378
-0.16612384
-0.21467650
0.06149848
-0.08799958
-0.01527259
-0.08573852
-0.20561215
0.10216264
-0.17469132
-0.01352351
-0.03454151
-0.01406824
-0.05716559
0.05647971
-0.00668396
-0.10899284
-0.09987125
-0.15940018
-0.09469814
-0.02917865
-0.04481744
0.07075997
-0.06091638
-0.23122928
-0.09335464
-0.06992210
-0.06405167
-0.00759198
-0.12591171
-0.00685591
-0.04616014
-0.13961534
-0.16380274
-0.02558748
-0.04098969
0.07921128
-0.18410182
0.00744577
-0.07164115
-0.04351365
-0.11979266
-0.07606666
-0.17508949
-0.14201374
-0.07651591
-0.14386754
-0.10053056
0.05228609
-0.09193278
0.10108230
-0.03525634
-0.25557774
0.01798122
0.01167198
-0.01213462
-0.03249071
-0.03703811
0.08773988
-0.04212287
-0.02983417
0.01523950
-0.03265097
-0.02778972
-0.05756454
0.03235201
0.02485451
-0.07661504
-0.16127333
-0.09041085
-0.05249268
-0.21496195
-0.13239254
-0.11023005
-0.00423886
-0.01169197
-0.11943115
-0.12190038
-0.07151239
0.04276592
-0.00465684
-0.05004873
-0.09972525
0.15361539
-0.06828913
0.02874414
0.11353858
0.05081881
-0.08845458
-0.11632705
0.01941198
0.18144505
0.00150810
-0.03690903
-0.04615070
-0.02889363
0.15026878
-0.01466459
-0.11032165
-0.06167034
0.03953324
0.07656436
-0.09926193
-0.18133247
-0.02474211
0.03082098
0.17917264
-0.23576002
-0.10344377
-0.03416664
-0.10006180
-0.10958807
0.02583083
-0.12765016
0.00828672
-0.15469553
-0.12290223
-0.06477347
-0.13796425
0.06154729
-0.04909430
0.00372659
-0.04212311
-0.10850840
-0.03534771
-0.05182668
0.08071960
-0.01427543
-0.08895972
0.08518448
-0.09199274
-0.05065674
-0.00334168
-0.08550247
-0.01647325
0.03170963
0.09539109
0.24069339
0.24042670
0.04824309
0.05564306
-0.06599461
0.08277632
-0.12779193
-0.00695058
-0.04201794
-0.10823629
0.08857449
-0.19852971
0.07694719
-0.00437365
0.05357867
0.00119478
-0.07927227
-0.00376971
0.12734075
-0.00387047
-0.03046479
-0.16206887
-0.14043938
-0.07760838
-0.00862885
0.02288821
0.01807444
-0.14840484
0.00626589
-0.02193958
-0.13884856
-0.14681083
0.07230227
0.13385877
-0.04100152
-0.09812013
-0.11803372
0.06214578
-0.01646391
-0.06961893
-0.04901251
0.15662079
0.13981922
0.11423179
0.00350409
-0.02768117
-0.00455044
-0.05831600
-0.08015891
-0.25397456
-0.16815874
-0.32759961
-0.12970093
-0.06242311
-0.11483356
-0.10499177
0.03054793
0.11826374
0.21133317
0.06714343
0.06357314
0.00723635
0.03792946
0.08258536
0.01869810
0.00957555
0.06601634
0.04364965
0.11276490
0.01432811
0.00927557
0.08066851
-0.25427222
-0.02841984
0.06757031
0.01109687
-0.07189544
-0.10353747
0.04245739
0.03817451
-0.04787908
-0.12614274
-0.05453941
-0.15281235
-0.04585214
0.00683638
0.00985549
0.04089908
0.09888542
0.08873483
-0.02708329
-0.03572224
0.13018566
-0.01109358
-0.08497579
0.11608820
0.07796721
-0.14173064
0.03625758
-0.06154781
0.01012412
0.13075396
-0.10513339
0.02043175
0.02626755
0.01424766
0.06404665
0.20803641
-0.02757984
-0.11994223
0.01656184
0.10161813
0.23427588
-0.11486273
-0.04443989
-0.05460889
0.05555864
0.11817870
-0.23584194
0.00134899
0.21787135
0.21759772
-0.05420140
-0.20539775
-0.09744090
-0.10756749
-0.08799815
-0.03478413
-0.15182874
-0.22707839
-0.08700256
-0.00413961
-0.11913131
0.04424714
-0.01683979
0.09085201
-0.07500733
0.21174334
0.12260734
-0.07792943
-0.11132828
0.09030428
0.05340208
0.07435847
-0.05708859
-0.02208667
0.02181514
0.01991911
0.02213178
-0.13384102
-0.07498871
-0.26394597
-0.13620979
-0.02225114
-0.00900076
-0.04693620
-0.00254659
-0.18558209
0.07162953
-0.04705185
-0.01822642
0.15255490
-0.09963166
0.08240239
-0.05774422
-0.04344184
0.10863280
-0.03118318
-0.09698148
0.16193029
0.01291538
0.15408681
0.05141833
0.13223274
0.25413474
0.08625384
0.07233369
0.01262434
0.04452594
-0.16813076
-0.15195233
-0.17615019
-0.23458759
0.08196209
0.01397598
0.02233423
-0.12800950
-0.13118955
-0.07198684
-0.01368710
-0.02893609
0.05343110
-0.00267097
-0.06426620
0.02119184
0.09224033
0.21636952
0.01887317
0.06023286
0.02731100
0.03558093
-0.06054790
0.10925037
-0.01091117
-0.09063689
-0.04582591
0.07813770
-0.00902548
0.03724333
-0.02690544
0.06578809
-0.00252397
0.06734350
-0.01737158
0.11931059
0.03584254
0.15135279
-0.06122801
-0.00474507
0.05069115
0.02997599
0.16262388
0.14432740
0.05409679
-0.06509712
-0.11141448
-0.19931599
0.08981181
0.12724397
0.01367539
-0.02847014
-0.12957141
0.03902432
0.09013610
0.05586249
-0.14783497
-0.09089310
-0.01159284
-0.03461862
-0.07695101
0.04573108
0.23986124
0.02290131
0.02830519
-0.06957959
0.03601783
0.05421284
-0.00840320
0.16316526
0.04689119
0.12310635
0.24470027
-0.01340569
0.08694130
-0.04145093
0.09163183
0.18096517
-0.07065104
0.06578624
-0.00894230
0.01944780
-0.13205978
-0.15076959
0.05014952
0.03867267
0.01276097
0.08164062
0.04623162
-0.14899713
-0.02653784
-0.09747956
0.16409786
0.10081879
-0.03773699
-0.02587107
-0.06201428
-0.39888737
0.04151443
-0.06174682
-0.19193621
-0.03363425
-0.15680286
0.02758519
0.11338531
0.07485539
0.09923984
0.04383245
0.08088710
0.10536084
-0.04857686
-0.13018528
-0.02977787
-0.00312302
0.02551050
0.06029398
0.04480937
0.06901328
-0.10688505
-0.04615730
0.15816708
0.05611626
0.07788421
-0.04818998
0.08947943
0.10415635
-0.02523013
-0.01678456
0.00137294
0.15528415
-0.05588882
0.17800418
0.09460465
0.06326538
0.14244634
-0.17002340
0.06461965
0.01072568
0.08168968
0.16875310
-0.01856516
-0.05778421
0.00066284
-0.03163996
-0.04503813
-0.09501790
-0.08024881
-0.04816026
-0.08657335
-0.02382351
0.00917083
0.14776954
0.15018424
0.03237366
-0.05320125
-0.08242302
0.04891624
0.22408375
0.01477972
-0.01715776
-0.14422567
0.09589085
-0.03685773
0.06111789
-0.04928129
-0.23167484
-0.00725677
-0.18692820
-0.32097077
0.01356431
-0.03029535
0.01145843
0.04199205
-0.21060610
-0.14332069
0.00027950
0.10634384
0.26267383
-0.02050993
-0.07298809
0.01637997
0.04064994
0.09121551
0.06712535
-0.21457435
-0.03012752
0.01106906
0.02320702
0.10280068
-0.08656899
-0.14861572
0.05285842
-0.01317947
0.02102994
-0.17647153
-0.00506128
-0.00685709
-0.01004817
-0.00024837
0.03663873
0.01871855
0.00680397
0.06395502
0.13075981
-0.03153396
-0.00474972
0.03881613
-0.07180312
-0.12638728
0.00017377
0.14958136
-0.02920583
-0.04488140
0.01461892
0.01841173
0.07554235
0.02023476
-0.04810659
-0.02980844
0.17418924
0.13047515
0.05401964
-0.05993263
-0.08949657
-0.00326331
-0.12295208
-0.20968172
-0.33417186
-0.00828482
0.01389875
0.00929873
0.00032766
-0.03903174
0.04224335
-0.03993844
0.04637264
-0.16170587
-0.07845279
0.01360530
0.00661515
0.13301732
-0.00473936
-0.03973527
0.10338447
0.02932098
-0.01508407
-0.08628694
-0.08339185
-0.10997561
-0.02126775
-0.11508369
-0.17784391
-0.08253940
0.04528364
-0.00100492
-0.09947354
-0.18685886
-0.25054994
0.19666724
0.14681178
-0.03737969
-0.15155411
0.00290318
0.14106442
0.14894706
0.10234601
0.04161640
0.17435154
-0.18566509
-0.11519744
-0.05468517
-0.03598694
0.00678521
-0.18904862
-0.06897587
-0.04723348
-0.12378268
0.00423534
0.07486556
0.06872936
-0.07144267
-0.14755701
-0.05885959
0.06113820
0.04423393
-0.12664273
-0.05335068
0.04171349
0.05319862
0.13977396
0.00106300
0.00690423
0.15631112
0.26387671
0.15464416
-0.09609237
-0.20033592
-0.19419028
-0.03801158
-0.03042837
-0.11660376
-0.05448387
-0.04513495
0.07141247
-0.06219514
-0.07106554
-0.13021384
-0.04876539
0.03359046
0.12592822
-0.08258069
-0.01857391
-0.06821392
0.08149531
0.10613197
0.03069432
0.00695904
0.08158261
-0.08858277
-0.28062606
-0.07619374
0.00935961
-0.08403971
-0.09615073
-0.11692350
-0.04293045
0.13631934
-0.01335968
0.13773845
-0.09157271
0.18130200
-0.10125545
0.02131090
-0.11393321
-0.09344719
0.19537026
0.14529181
0.14842352
-0.10376364
0.15879002
-0.08829982
0.16379830
0.27640247
-0.01847422
-0.23030570
0.01007353
0.05076836
-0.08048177
-0.26282421
-0.09844480
-0.19824733
0.03523502
-0.01514702
-0.01027719
-0.03502975
-0.13058959
-0.01589505
-0.14143045
-0.02064504
0.08463360
-0.09166405
0.02466041
0.07349511
0.05662405
-0.05499788
-0.10708505
0.11881089
0.01786873
0.01006952
0.02851605
0.06896033
-0.07782211
0.10692245
-0.13356614
0.00331008
0.05251968
0.12841104
-0.09794828
-0.12409690
0.13598198
-0.04048631
0.03213559
0.01425230
0.05645970
0.01517877
0.09836082
-0.01051803
-0.04728496
0.01403493
-0.05967955
0.20949535
0.15224059
0.03893298
0.10244459
0.16860582
0.00962864
0.16073947
0.02294155
0.10860266
0.00154989
-0.18891892
0.02248305
-0.15474680
-0.09093210
0.02246677
-0.11361385
-0.03880495
-0.21780431
0.00059877
0.00398117
0.20605898
0.00992887
0.02409503
-0.09060747
-0.07426234
0.15763485
0.09877353
-0.05750353
-0.18367571
-0.15532170
0.05417718
0.06928578
0.10494477
-0.06207811
0.05775384
0.02572069
-0.07879086
-0.06460351
0.00339855
0.00511003
-0.14517005
-0.00417830
-0.00851442
-0.08128987
-0.00056540
-0.03209548
-0.05998271
0.06710656
0.15390190
-0.12217989
-0.23638587
-0.00181670
0.20306593
0.01547406
0.02527847
-0.07825980
0.08664786
-0.16190098
0.18932244
0.19980983
0.02489998
-0.00498726
-0.05486140
0.00061427
-0.03045256
-0.01520432
-0.01542558
-0.11029828
0.12072979
0.12168764
0.16290556
0.12539442
0.04164537
0.03680397
0.07914767
0.06265274
0.09988596
0.11466222
-0.05297476
0.05784585
-0.03280040
0.10505594
-0.03555806
-0.08467979
0.07041258
-0.00256558
0.02222957
-0.06861423
-0.04958116
0.06208408
0.05224172
-0.00210841
-0.13572547
0.04370118
0.02428208
-0.15660204
-0.17580388
-0.00914168
0.06983237
0.00426766
0.00290978
0.17271346
0.15271392
-0.02035451
-0.08162103
0.03587459
-0.06015098
-0.22985604
0.10219210
0.02090234
-0.04134372
-0.05863035
-0.20961826
0.08102679
0.06901169
-0.06703154
0.03365679
-0.12152745
0.23606099
0.07724648
0.09280283
-0.08317568
-0.04226330
0.08420035
0.05752354
0.08336190
0.00775728
-0.05071452
0.09813796
0.03396581
0.04158292
0.10849825
-0.05706695
-0.09142445
-0.15055132
-0.20951061
-0.01740363
-0.08570622
-0.00094194
0.01335628
0.08892735
0.08370015
0.02959016
0.06347589
0.16095839
0.11999012
0.00415142
-0.03299174
0.04019183
-0.07758610
-0.09206702
-0.13519593
0.09397578
-0.18063986
-0.05600247
0.02830998
0.27509582
0.04203457
-0.07220752
-0.08029728
0.01486413
0.08699034
-0.03509891
0.02989597
0.11734030
0.10294066
-0.11200197
-0.02674306
0.03489002
0.02471726
-0.00998681
0.17158498
-0.11433985
0.00840362
-0.01112569
0.02809025
0.05282118
-0.21887122
0.01138780
0.04315691
0.16442502
0.03501037
-0.03322901
-0.18067682
-0.20658192
0.02778119
0.01177661
-0.01233002
0.01583737
-0.10561121
-0.08745693
-0.04467542
0.02383564
-0.07714554
-0.06587338
0.07698525
0.07274599
0.21155308
-0.04986042
-0.00080824
-0.00820515
0.03082630
0.13187166
-0.01590607
0.09696160
0.00721954
0.09768604
0.10854372
0.01276294
0.04321109
-0.02741049
0.00689268
-0.00115472
-0.07294136
-0.10133122
-0.15032826
0.06697036
-0.05390998
-0.02407687
0.05761604
0.07449512
-0.01120612
-0.22799280
0.07082736
0.01143643
-0.17625511
-0.06638732
0.03570500
0.12846480
0.16148819
0.27239165
0.16167806
0.19952390
0.02084326
0.17199782
0.09284446
0.02120746
-0.15993115
0.07859319
0.00580672
-0.21248259
-0.26538995
-0.08587653
-0.02723948
-0.19077027
-0.23207830
-0.08004774
0.08479133
-0.03267676
-0.12636867
-0.03733377
0.15617868
-0.00761562
-0.05439937
-0.17848799
-0.14798683
-0.12327827
-0.08461538
-0.17790574
-0.07942159
-0.16838871
-0.08416073
-0.02855724
-0.04741855
-0.12577070
0.07243048
0.04012658
0.07973182
-0.01734667
0.02754677
0.02310715
-0.12996842
0.06774143
0.05369261
0.16611095
0.01138010
0.02211060
-0.17730111
-0.11002106
-0.20910035
-0.24496397
-0.09442766
0.22309086
-0.15834993
-0.10095187
0.06459503
0.02081895
0.15884914
0.11276235
0.12943715
0.01526986
0.08200688
0.03591502
0.20627256
0.07020096
-0.03192711
-0.09341080
-0.00361501
-0.04611244
-0.07118809
-0.01374212
0.04249942
0.05838570
0.05674867
0.09986559
-0.10335267
-0.03181797
-0.01071354
0.04331911
-0.00094519
-0.08962124
0.06137804
-0.12351907
-0.05717453
-0.00610598
-0.03651268
0.09112731
0.04156569
0.01130587
-0.06278291
-0.08063748
0.03594544
0.08023823
0.09751106
0.01838145
-0.04605786
0.05288760
-0.00889268
0.18139768
0.27072626
0.01571872
0.06005101
-0.08642333
-0.06018341
-0.03826787
-0.22419143
0.05235439
-0.02036877
0.06468449
-0.02645839
0.07594203
0.01850142
0.07069866
0.27864629
0.05434758
0.07845321
0.01174071
0.14908122
-0.09687310
0.05138968
-0.04395719
-0.12027937
-0.26613513
0.11338542
-0.22441329
-0.14327073
-0.09860642
-0.04955653
-0.04441617
-0.03558333
-0.24928184
0.19060649
0.06230676
0.12946220
-0.12219162
0.06396053
0.12134946
-0.00452419
-0.00962365
0.04604962
-0.03957706
-0.03973101
0.02442198
0.04697127
0.03585650
-0.09223568
0.00211223
0.08539676
0.27528474
-0.07276043
-0.24922441
-0.17032841
0.22704500
-0.04169033
-0.04781259
0.02879138
-0.23345202
0.06002541
-0.09208267
0.05052074
0.00652259
0.18117893
0.17003174
0.07240612
0.11805723
0.12700132
0.06183835
0.03921557
0.01559193
-0.03394048
0.13824233
0.08194116
0.11793847
0.06160758
0.17422152
-0.13981214
0.03815082
0.07120705
0.14491726
0.08999331
-0.27726546
-0.23454957
0.13561432
0.01225220
-0.05113018
0.05762608
0.12196563
0.10783688
-0.00665789
0.00169479
0.11891978
0.06782154
0.08804218
-0.01461579
-0.01739957
0.02015560
-0.04132443
-0.06998277
0.04455264
-0.03278790
-0.11003163
-0.11843711
0.02296433
-0.13824241
-0.23434585
-0.17840497
0.02296964
0.08755326
-0.04384125
0.20722003
0.09132298
0.08125705
0.16201642
0.13897635
0.17620121
0.09894511
0.02922695
-0.04380966
0.05720770
-0.06895774
-0.04731459
-0.03018539
-0.09984672
-0.00807712
-0.21185219
-0.29193705
-0.13804287
-0.10670023
-0.05662517
-0.31410021
-0.40460393
-0.25363114
0.06967754
-0.00111232
0.01691722
0.08284856
0.14467028
0.09007479
0.13164432
0.00242783
0.12639306
0.03502622
0.04459073
0.03645342
0.04197969
-0.04831316
0.01628449
-0.04363342
0.02932215
-0.00811537
-0.06608559
0.02993676
0.13349991
0.01119914
0.01209239
-0.06367238
-0.02144322
0.00344721
0.09607888
0.10355017
0.04729235
-0.13105682
-0.05595719
0.18675444
0.20396973
-0.00767360
0.03940803
0.18125871
0.12085211
0.00855496
0.10813903
0.02157971
0.22656845
-0.36075360
-0.28525504
-0.36293843
-0.25824532
-0.17841008
-0.21709509
-0.37632066
-0.27868208
-0.42308736
0.00094888
-0.15914109
-0.04378564
-0.05790424
0.17546995
0.18533070
0.06850766
-0.00105417
0.09348105
0.05490213
0.00449074
0.07680921
-0.07548084
-0.14196502
-0.20232603
-0.07481278
0.09542730
0.20573941
0.21819447
0.24771294
0.11224272
0.10480801
-0.00071503
-0.11695534
0.00346261
0.08853241
-0.05958816
0.04381808
-0.13406853
-0.04118518
0.03362248
-0.04852062
0.01387444
0.03568648
-0.00241905
-0.09726053
-0.02200779
-0.02855148
-0.02243699
0.04825909
-0.02414291
0.10008582
0.09664256
0.10368887
0.27777916
0.26002771
0.04430201
-0.03435013
-0.19369107
0.11350098
0.02960411
0.01530720
0.07972969
-0.00815653
0.02285515
-0.01861353
0.17497021
0.00249883
-0.08614861
-0.02744368
0.09261899
0.06635243
0.10332970
-0.04813750
0.05052025
0.05631442
0.20311035
0.07513115
0.06737150
0.05149888
-0.02644573
-0.01742827
-0.01863232
-0.13010179
0.05136114
-0.01454662
0.08466496
0.05685578
-0.04533954
0.10658626
-0.03962862
0.14467111
0.07696006
0.03462049
0.03904993
0.02749578
0.05473880
0.01176524
0.01256408
-0.06592747
-0.06323322
-0.15856488
0.13986647
0.12405689
-0.01560842
0.09994292
0.12050600
-0.03666874
-0.05480653
-0.06032122
0.03538908
-0.12577586
-0.02618287
-0.08307032
0.04466420
-0.00105612
-0.10284238
0.10133262
0.02106137
0.06675625
-0.01982999
-0.03073847
-0.04977692
-0.06203117
0.03086966
0.04792531
-0.08965363
-0.01218971
0.01176341
0.09446564
0.10128038
-0.03076165
-0.01767712
0.04214465
0.10278935
0.01913516
0.04746768
0.03685939
-0.11716454
0.00998930
-0.08486362
0.08632315
0.00174880
-0.04753551
0.18769638
0.11942352
0.01221998
-0.09913167
0.07167947
0.24966653
0.17391719
0.08337814
0.04468283
0.12654188
0.07776558
0.09471913
-0.01569414
0.08959211
0.18932585
0.11032432
0.19130623
-0.07952511
0.00843077
-0.11422488
-0.13344871
-0.11904765
-0.02691814
0.09869803
-0.02664804
-0.01408077
-0.24010159
0.15424751
-0.06936920
0.00993293
0.00170494
-0.08509689
-0.07968421
0.05686376
0.08659793
-0.06719314
0.06652925
0.08251216
0.10757419
0.10890144
-0.04494875
-0.09010022
0.00789326
-0.03241302
0.07182077
0.06406358
-0.03261581
-0.03745040
-0.02989267
-0.03699161
-0.13504133
-0.10450681
-0.03403490
-0.18262233
-0.06714103
-0.03380180
0.01013744
0.09496180
-0.12023996
0.07286845
0.07203185
0.16328503
0.09871917
0.04593742
0.19665590
0.09718230
0.04613025
0.09958455
0.12020453
0.11893690
0.11665435
0.14618094
-0.00504235
0.13210195
0.15417412
0.15598263
0.01023380
0.09112439
0.09276074
-0.03083398
-0.15146798
-0.19699188
0.02431374
0.00950982
0.09001772
0.09141396
0.08609391
0.09645925
-0.02849721
-0.08430137
-0.09597633
-0.15943930
0.03759372
0.11701788
-0.03952678
0.02167917
-0.17763138
0.10695580
0.16824391
0.05103537
0.17206909
0.06243415
0.14354837
-0.00578318
-0.16047078
0.16340764
-0.11558671
-0.13094018
0.01729993
0.09854310
0.08432519
0.00009976
0.00673716
0.03885894
0.12340739
0.03507984
0.01270743
-0.02234033
-0.09169538
-0.02597492
-0.07746105
-0.25867280
-0.24919887
-0.02943459
-0.00455733
-0.10502627
-0.12570083
-0.02501936
-0.18032357
-0.17143674
-0.14507335
0.03168489
-0.08904473
0.11113136
0.03320432
-0.00028525
0.14995372
-0.03069805
0.19959041
0.05064498
-0.17855990
0.07669781
-0.04664536
-0.03185853
0.10140920
-0.07100084
0.05489403
0.06029898
-0.00010990
0.08862934
0.01119291
-0.01884149
0.06856594
-0.03434263
-0.17158164
-0.11041982
-0.04876174
-0.02104575
-0.08029060
-0.12198224
-0.05468672
-0.04271747
-0.02452328
0.16882141
-0.01216447
-0.01255658
0.12121021
-0.06079713
0.22574559
0.02269386
0.05187241
0.32763430
0.11257507
-0.14152728
-0.08594483
0.11636138
0.00983672
0.07258304
-0.05133714
-0.09198178
-0.08492442
-0.27562931
-0.04445406
0.13198286
-0.05578785
0.06624637
0.10167210
0.23905529
0.13371877
0.01758409
0.18876861
-0.00393065
0.15444627
0.06322835
-0.06728396
0.00324617
-0.04244670
0.07253664
-0.01937767
-0.15873930
-0.06208432
-0.22074009
-0.00852152
-0.08429258
-0.19376817
-0.07708756
-0.06998756
-0.03286824
0.01272433
0.03522069
-0.12864868
0.06170184
-0.01246307
0.00591655
-0.09340075
0.11750549
0.31320095
0.00472331
-0.04147417
-0.03290262
0.03025536
0.10133933
0.01574732
0.03202979
0.07354686
0.03672625
0.01851941
-0.09403846
-0.02408367
-0.07098150
-0.06556354
-0.07859067
-0.11918686
-0.26975411
-0.24468429
-0.07351591
-0.09386727
-0.13499694
-0.00170534
-0.02841801
0.03516774
0.10083614
0.01791571
0.19983567
0.12272321
0.00591405
-0.03085977
0.12811694
0.15137196
0.00583671
-0.12538202
0.13192609
-0.05104691
0.08154214
0.03824558
0.11180323
0.00502118
-0.03818804
-0.01399836
-0.10294855
-0.27604190
-0.13706380
-0.20768298
-0.12321448
-0.04125587
0.05518935
0.07564665
-0.15984277
0.08892945
0.18019852
0.24486545
0.21212272
-0.05501866
-0.11091273
0.08548196
0.10363454
0.06978615
-0.01439858
-0.06987905
0.02364349
-0.09421948
-0.11958271
-0.04214537
0.04813707
-0.04884983
0.02810672
0.12748882
0.13373469
0.19862178
0.02706153
-0.13547038
-0.08918868
0.00196340
0.11804910
-0.12928832
-0.17476542
-0.07285640
-0.05790702
0.06713721
-0.01100296
0.09657362
0.10713845
0.03624550
0.16217662
0.00551542
0.19324519
0.24406445
-0.01024606
-0.07683709
-0.07060471
-0.03243498
-0.13967797
0.12610152
0.05295597
-0.03967175
-0.33026427
-0.14066543
0.03322836
-0.00537826
-0.02016406
-0.23280162
-0.00241995
0.05504075
0.10470575
0.04829692
-0.11491501
0.07126378
0.03350180
0.00962321
-0.23942304
0.12843136
0.08073924
-0.04827410
-0.18001285
-0.17166910
-0.12154518
-0.02487589
0.32209790
-0.01710675
-0.07890486
-0.11923984
-0.05439142
0.20173262
0.06840474
0.08319408
-0.02727711
-0.17841534
0.08183720
-0.03539958
0.07678105
0.00847170
-0.16364580
-0.04689476
-0.07332161
-0.18686283
-0.06355542
-0.02379779
0.04660486
-0.43677783
-0.27074119
-0.17998870
-0.02450970
-0.17231439
-0.45641458
-0.11311468
-0.05555242
0.09039448
-0.18316123
-0.26441723
0.07034911
-0.02665039
0.07443973
0.07049564
0.01475865
-0.03844391
0.01548218
-0.10618533
-0.13272598
0.07214818
0.17538807
0.05485103
-0.05059782
-0.01547190
-0.00484299
-0.09665854
-0.09741186
-0.23886262
-0.02392543
-0.11648680
0.08476555
0.00640632
0.03927023
0.06999974
-0.05677718
-0.00705096
-0.16702113
-0.02958493
0.08991007
0.00591880
-0.00119163
0.06179213
0.14456818
-0.09116175
-0.06434909
-0.21348995
0.27709389
0.40519592
-0.05698065
-0.00331818
0.00668843
-0.02442747
0.03177070
-0.02736203
0.02456416
0.06835032
0.16023727
0.14978848
-0.06490818
0.06249676
0.04270429
-0.01821519
0.16851130
-0.03837162
-0.02148293
0.13695300
0.09418529
-0.03423054
-0.07355072
-0.07702172
0.04086361
0.16657124
0.06292748
-0.11818863
0.04538235
0.12410009
-0.15196140
-0.28629339
0.07803175
0.17688140
-0.05896935
-0.13935366
-0.02350549
0.17987104
0.10502394
0.02693675
0.07949427
0.04995504
0.10313302
0.10679878
-0.00466138
-0.06813751
-0.03701276
-0.02932945
-0.14996691
-0.09635789
0.05108617
0.07546546
-0.18632795
0.07594077
0.07958049
-0.06490051
0.08354142
0.06592132
0.09309260
0.16806480
0.00889021
0.06977355
0.08520812
-0.00448833
0.14706093
0.05609066
0.07126967
-0.08466576
-0.05769595
0.10961509
0.10212013
0.04883382
-0.07064831
0.13258031
0.13966562
0.13258365
-0.02759086
0.04446338
0.00287659
-0.01089838
-0.06807946
0.03078582
-0.00990572
0.01234898
0.09960254
-0.02569371
-0.21858659
0.03215717
-0.01300033
-0.06849343
-0.17463835
-0.20224842
0.19491370
-0.03876146
-0.00983646
-0.06448333
-0.06326406
-0.02050811
-0.32469442
-0.27063578
-0.12737161
0.00521268
0.01136198
0.09716086
0.12366148
0.03448183
-0.07168990
0.06357981
0.12121473
0.14503004
-0.09990155
-0.12330507
-0.04805018
0.09004093
0.04377559
0.03925725
0.04320776
-0.00864364
0.00668277
0.05416349
0.03487433
0.04888667
0.06996807
-0.03745217
0.09145091
-0.03597803
0.23230070
0.17896798
0.00580791
0.01346851
0.15785736
-0.19434579
0.10925056
0.11332321
-0.27195457
-0.06448655
-0.06671491
-0.00034222
-0.05142140
-0.30076262
-0.19183704
-0.03801358
0.00187215
-0.03510076
-0.09466923
-0.19136871
-0.23409243
0.05357372
-0.02269045
-0.04710122
-0.13282299
-0.21479140
0.09982104
-0.04188506
0.00830179
-0.03372242
0.04724633
0.03247991
0.07364038
-0.03090448
0.12538740
0.06268540
0.02642998
0.01689619
-0.00214193
-0.07658980
0.09196936
0.03624185
0.05227518
0.05653704
-0.01578970
0.00521943
-0.01050728
-0.02252528
0.02290049
0.05316502
-0.10266551
-0.13377489
-0.01387157
0.11431772
-0.01600741
-0.20756738
-0.09197422
0.03533266
-0.03356753
-0.12959631
-0.05078637
0.06534515
0.13663140
-0.14857131
0.04911104
0.12468095
0.28717974
0.09596659
0.05261733
0.07570953
-0.06820981
-0.06929246
-0.02631161
0.04447247
0.11250529
0.06387944
-0.10816032
0.01764368
0.04290711
0.03308889
0.14736149
0.04948028
0.13731055
0.11895163
0.07923065
0.21668024
-0.07575689
-0.12684359
-0.19968101
0.04234818
0.15170236
-0.01251839
-0.05297710
0.10002223
0.01173502
0.06222127
-0.04734147
-0.01770668
0.04162943
0.06136765
0.08180372
0.11317149
-0.14333782
-0.01920119
-0.01790940
-0.15876439
-0.04999533
0.07713075
-0.14003623
-0.04176991
0.14087498
-0.03540508
0.03559481
-0.10388064
0.02117510
0.06106027
0.01186619
-0.04082561
-0.08359588
-0.16076519
-0.09534666
-0.11393304
-0.33180419
-0.24131384
-0.11910926
-0.15492910
-0.08470191
-0.02584583
0.02281202
0.07582058
0.04416859
-0.09103086
0.02928340
0.18400703
0.17470253
0.03600503
-0.02462883
-0.02597354
0.00391435
-0.02961861
0.09838001
-0.03289280
0.04973624
0.06524951
0.10937449
0.18543412
0.07986103
0.00273565
-0.02737189
0.00116858
-0.02767252
0.15060939
0.01096114
-0.03855759
-0.08938606
-0.01740267
0.11699995
0.18052486
-0.31156629
-0.10871989
-0.03103610
0.05584840
-0.02954368
-0.08889610
-0.00260444
-0.18692893
0.00827523
0.05450779
0.00743109
-0.08406390
0.02664773
0.07912385
0.02542948
-0.09582811
-0.09829021
0.10566454
0.09118562
0.05260334
-0.02134991
-0.22475965
-0.03463789
0.11049292
0.03876555
-0.04567012
-0.08398180
-0.07512094
0.16185959
-0.06777395
-0.19491786
-0.06146530
-0.14046416
0.12581842
0.01199916
-0.04332538
-0.27040839
-0.16639435
-0.00214281
-0.10085213
-0.18083915
-0.26977137
-0.27783477
0.16763090
-0.00893388
-0.06327526
-0.08553368
0.00134323
0.06270902
0.14054720
-0.10179103
-0.21270598
-0.16580838
-0.11360694
0.06344739
0.06063164
-0.04197858
-0.09816381
0.00507513
0.13920501
0.10826744
-0.12885113
-0.27428573
0.04397746
0.02858322
-0.17357402
-0.22311772
-0.23102038
0.14688417
0.02123103
-0.08517984
-0.01447858
-0.02808620
-0.04524849
-0.08053143
0.07159209
-0.04925659
-0.17114434
-0.01763588
-0.13068941
0.02881260
-0.07031614
-0.09355928
0.21970803
0.08825818
-0.08188763
-0.17472288
-0.22060771
0.20712370
0.06399965
-0.05160526
-0.13187262
-0.06001802
0.02397522
-0.07859477
0.16410497
0.05000632
0.06675479
0.01263273
-0.00712661
0.14376019
0.15869327
0.09479313
-0.08623407
-0.11066742
-0.26564926
-0.06917850
0.12171216
-0.03124857
-0.00190755
-0.10632081
-0.00788003
0.00270635
-0.09556780
-0.03272222
0.15299574
0.00029833
0.03202157
-0.02174519
0.03403332
0.02102842
-0.05473664
-0.06476922
0.02495808
0.04963799
0.13702513
0.16111325
-0.00493681
-0.08087489
-0.07458752
-0.18194823
-0.01259159
-0.04283651
0.07668377
-0.03021818
0.01898891
0.02223839
0.02000068
-0.02340876
-0.07002258
0.04329366
-0.04490283
-0.15023275
0.01551598
-0.01633658
-0.03957430
-0.12494327
-0.14275372
0.06879926
-0.00520042
0.10748981
0.13269639
-0.04185782
-0.12008827
-0.00029963
0.17579317
-0.08810814
-0.19604313
-0.07676177
-0.17419003
-0.00695199
-0.05254033
0.01349270
-0.01691809
0.09269209
0.00269026
0.04550399
0.02990425
0.04890134
0.09447918
0.04540545
-0.06906426
-0.15981236
-0.18743001
-0.20815527
-0.06785934
0.02458970
0.03655297
-0.04256563
-0.10645823
-0.12641175
-0.02812416
0.07836493
0.14592043
0.10973619
0.17553788
0.06642827
-0.02254060
-0.03107795
-0.12097723
-0.05429716
-0.15414672
-0.01574396
-0.26499403
-0.27713647
-0.08258066
-0.00055579
-0.02959788
0.16839314
0.05963407
0.07455716
0.08736037
0.10978790
0.00332093
-0.13231796
-0.17066027
-0.12876740
0.17758365
-0.14228269
-0.25262675
0.00185412
-0.02208336
0.05845407
0.14266369
-0.11524482
-0.00047868
0.12684716
-0.00396526
0.08114259
0.02295542
-0.04893408
-0.03509721
-0.04391096
0.00447845
-0.16219486
0.00009630
0.04694776
0.06508210
-0.18190314
-0.19382659
-0.12408985
0.05064019
-0.02515269
-0.13696599
0.03312373
0.00602578
0.05920452
0.05449284
-0.05081747
0.09215508
0.04886481
0.02494224
-0.03219057
-0.14449123
-0.13637905
-0.14124259
-0.26615900
-0.24141708
-0.13897836
-0.14334971
-0.14183113
0.05961684
0.06974957
-0.13920870
0.06023473
-0.00983280
0.12862451
0.00178390
-0.24861793
-0.01828309
0.01564975
0.02991188
0.02065056
-0.04754616
-0.10884163
-0.11093698
0.02381438
0.01926767
-0.03925795
0.04062494
-0.03378493
-0.02371575
-0.01948384
-0.01811032
-0.02385391
0.04503861
-0.09720432
-0.27900708
-0.02550463
0.12044840
-0.07148733
0.04528428
0.07643402
-0.21123412
-0.05748104
-0.12325907
-0.10754470
-0.04361098
-0.03224060
0.01886991
-0.05058963
-0.00957183
-0.15597776
0.13402341
0.04259329
0.02216674
-0.08190347
-0.02990921
0.08897527
0.09949608
0.11122371
0.06413015
0.02524280
0.07617239
-0.02906153
0.06704685
0.01923418
-0.20723541
-0.13214512
-0.12010332
-0.02926998
-0.08885911
0.14110368
-0.04209584
-0.01259152
-0.02256180
-0.05892682
0.17216833
0.11443113
0.08228637
0.10461982
-0.03436982
-0.35686585
0.12434909
0.01768071
0.09950849
0.12913816
-0.11644699
-0.05095211
0.03656872
0.10861293
-0.00656055
-0.02978833
-0.03626322
0.02373210
0.05643895
0.09156048
-0.11899231
-0.13385898
-0.09208861
0.01021501
0.00658151
-0.04659889
-0.08017793
0.03971367
-0.02278713
0.13347796
0.09718183
0.07342584
0.03662589
0.10932446
-0.01566205
-0.27220041
-0.11580710
-0.10764720
-0.02501500
0.01611396
-0.03874752
-0.03153355
-0.23032519
-0.09165564
0.07202630
0.11217537
-0.22757240
0.07763638
0.02994026
-0.02069485
-0.03745142
0.15350154
0.00891906
0.00697419
-0.18590897
-0.10228589
0.08040266
-0.10696575
-0.07948158
0.04500229
-0.04593943
0.14460306
0.08158235
0.10948445
0.10550204
0.00674901
0.07031521
0.05185884
-0.06184121
-0.05074394
-0.10659096
-0.04084023
0.00927784
0.02060402
-0.01110397
-0.03991063
-0.13179377
-0.01936872
-0.11063213
-0.06117544
-0.04508068
-0.13202429
0.01226637
-0.00598086
-0.05317052
-0.08926540
0.02019237
0.14454621
0.05527821
-0.13612622
0.07337258
-0.07528208
0.12960738
-0.09349394
0.07925472
0.05039074
-0.06923144
-0.09766629
0.03202991
0.25000918
0.05669730
-0.12617876
-0.08145719
-0.15265958
-0.20525809
-0.13779548
0.00650069
-0.11609901
0.07202260
-0.14608586
-0.21735470
-0.03676819
-0.00199155
0.06344537
-0.07275224
-0.05227234
-0.14697945
-0.01836740
0.00318696
0.00630263
-0.04817142
-0.09120420
-0.01238230
-0.03629981
0.01982659
0.03512871
-0.17665473
-0.06037848
0.12140408
-0.06419941
0.03554902
-0.23065153
-0.14300755
0.02435467
0.09767315
0.09637972
-0.10161718
-0.11502197
0.15094283
0.04520319
0.05095911
-0.17446889
-0.11235490
-0.04026947
-0.10600173
-0.03611302
-0.04540942
-0.06791237
-0.12717219
0.00990504
0.09120496
0.11180630
-0.17370264
-0.07350439
0.07379085
0.01463104
0.06166798
-0.02781481
0.00668213
0.04213935
0.09597405
0.14826216
0.16368170
0.05973190
-0.09269763
-0.04318702
0.06895190
0.03151504
-0.00802652
-0.10278133
-0.06671381
-0.06532747
-0.00554371
-0.10072589
-0.05935271
0.09995323
-0.02198185
-0.04267129
-0.04676896
-0.08331815
-0.07218330
-0.03105617
-0.03911211
-0.06942846
0.03726253
0.04522291
-0.03469139
-0.00127675
-0.05168078
-0.06497671
-0.04134951
-0.00033351
0.03288988
-0.07254981
0.03526917
-0.02027250
-0.00008048
-0.02247567
-0.09328254
0.03528595
-0.00844313
-0.01859348
-0.05581473
-0.05384011
-0.01392188
-0.02789523
0.00043322
-0.02979745
-0.01332029
-0.03100366
-0.00547340
-0.01811818
-0.02264671
-0.01661963
-0.07699931
-0.07710588
-0.07618801
0.00265366
-0.02005786
0.01017080
-0.02271531
0.01333378
-0.07551643
-0.00844850
0.05727192
-0.00536316
-0.10890506
-0.09150690
0.01882560
-0.02084835
0.00100840
-0.08198471
0.00648647
-0.01122698
-0.04959910
-0.06578156
-0.00576694
-0.00368954
-0.00861256
-0.00085516
-0.01784587
-0.04327797
-0.00533072
-0.09011880
-0.06364983
-0.07179636
-0.07703983
0.05953255
-0.05229317
-0.05617859
0.05437056
-0.03794175
0.06089880
-0.01351553
-0.10199884
-0.06322534
0.00779482
-0.03637607
-0.01131037
-0.03078738
-0.05872100
0.04470502
-0.02578554
-0.06421997
-0.04185657
-0.05569310
-0.00194509
-0.01766748
-0.05461806
-0.06559585
-0.03683695
-0.03454077
-0.02223488
-0.05409706
0.05084984
-0.02211021
-0.00501272
0.02166094
-0.03991485
-0.07682788
-0.10452379
-0.10782266
-0.05480964
-0.07077485
-0.03862174
-0.01572995
-0.00277226
0.00938839
-0.09865081
-0.03284192
0.02406911
-0.00586925
-0.03594091
0.03516581
-0.04337133
0.07428773
0.05313911
-0.01169388
-0.05117760
-0.02538263
0.05944292
0.03778181
-0.05462576
-0.05077394
-0.09182991
0.01495747
0.03520251
-0.06377594
-0.00474621
-0.03631537
0.00537027
-0.03000994
-0.04734175
-0.05346048
-0.06725884
-0.06170705
-0.00439441
-0.03732625
-0.05092191
0.01217509
0.00929890
0.02625048
0.05303136
-0.01154813
-0.05994718
0.03299015
0.06831318
0.04501989
-0.05441751
-0.01256816
-0.00865920
0.02607646
-0.01596694
-0.02871655
-0.00931674
-0.02547347
-0.08892307
-0.05581665
-0.04210231
0.02135786
-0.05310846
-0.10817217
-0.06779078
-0.11649253
0.03383746
0.01197237
-0.01033188
-0.08727215
-0.07451499
-0.05178650
0.02451062
-0.02925422
-0.01728711
0.07330032
0.03403364
0.07183146
-0.00986018
0.01127367
-0.01454399
-0.05548359
0.00279806
-0.10491736
-0.05193041
-0.03744362
-0.05233634
0.00779412
-0.14567512
-0.03298463
-0.11366203
0.05299394
0.04818823
-0.03159298
-0.01941341
-0.02779319
0.04919436
0.06825577
-0.04130275
-0.00060550
-0.01378721
-0.06445129
0.00840433
-0.00043114
-0.00866313
0.02309155
-0.02400031
-0.10420971
-0.02611899
0.06416041
-0.04792930
-0.04286589
-0.02654175
0.03147243
-0.06477142
-0.07320095
-0.06429502
-0.01845636
-0.02238792
-0.08120336
-0.06841996
-0.09656691
-0.06263865
-0.05346966
-0.00157295
-0.04232642
-0.04935270
-0.05279196
-0.06656922
-0.07083210
-0.07456049
-0.01755571
-0.04787831
0.02597196
0.02087350
-0.01098299
-0.02341984
0.02161719
-0.07300791
-0.09258401
-0.08483307
-0.06483305
-0.04800339
-0.01719489
-0.02426946
-0.01224765
0.02943374
0.00869022
-0.06542794
-0.05662552
-0.00087447
0.03627970
-0.02081043
-0.04448233
0.01185131
-0.07431207
-0.00900313
-0.05645457
-0.06382722
-0.03472813
0.01849367
-0.05334499
-0.02089993
-0.05383890
-0.08722492
-0.06413883
-0.02660431
0.03931240
0.00016741
0.04586741
-0.04175964
-0.04411358
0.04164996
0.03761921
-0.00505708
-0.00205977
-0.06688987
-0.09365363
0.01122770
-0.01330590
-0.03899710
-0.10623857
0.02388356
-0.00242547
-0.02988530
0.03567053
-0.04732248
-0.00893153
-0.07680590
-0.04417069
-0.07829403
-0.06096170
-0.05247583
-0.00616977
-0.07245869
0.00932054
-0.01445453
-0.03982417
-0.02302205
-0.01844481
-0.11042047
-0.02372612
-0.04277764
-0.06361060
-0.04058179
-0.02212862
-0.03566755
-0.07609802
0.01683331
-0.05679704
-0.00693831
-0.08264243
-0.04210234
-0.01926508
-0.04598596
-0.06291768
-0.08948107
-0.00541570
-0.07724183
0.03919846
0.03907159
0.01399043
-0.01067097
-0.04487463
-0.00727639
-0.00399193
-0.02184684
-0.09596024
-0.07632639
-0.05332498
-0.07079360
-0.00952824
-0.02931238
-0.03985148
-0.10093275
-0.04034024
-0.03936008
-0.03948929
-0.01105217
-0.04079680
-0.04954785
-0.08502135
-0.04305329
-0.07267521
-0.04598807
-0.02814925
-0.07690249
-0.06125764
-0.06958853
0.00951531
-0.08150703
-0.05028512
0.01154961
-0.03313739
-0.00533148
-0.07446314
-0.01609732
-0.05607434
-0.05655136
0.00685093
-0.08656457
-0.01512474
-0.02701604
-0.00320505
-0.02942413
0.00708541
-0.10301408
-0.04364372
0.01086309
-0.03250306
0.06350049
-0.03278201
0.02900325
-0.05308370
-0.04343983
-0.06648701
-0.07242335
-0.03383037
-0.04937823
-0.07201996
-0.04190079
-0.01749978
-0.03998562
-0.10459632
-0.04919200
-0.00186279
-0.01644902
-0.06681856
-0.05202539
-0.04668661
-0.01573003
-0.05012691
-0.04319325
-0.02825277
0.00094551
-0.07681185
-0.10235731
-0.07353280
0.07618298
0.01960074
-0.22354943
-0.12873137
0.05540766
-0.02321940
0.04735989
-0.13792512
-0.13349183
-0.01592432
0.00770787
0.11694966
0.06945606
0.22144911
0.05146812
-0.08026800
0.31656221
0.19607127
-0.00853697
-0.03375158
-0.10252502
-0.00183801
0.02685795
0.01598099
-0.17073727
-0.12819047
-0.15473400
-0.01349844
-0.00747200
0.00091161
-0.13675202
-0.02364084
-0.09770015
-0.02973496
0.02119683
0.13291998
0.18717241
0.21279898
0.07512728
-0.02856235
0.01294548
0.17028736
0.19571491
0.07697263
0.00380815
-0.09715004
0.03256615
-0.05557356
-0.12722291
-0.08461419
-0.22040011
-0.06472555
0.07703200
0.14336525
-0.12004670
-0.16979091
0.02495780
-0.11316609
-0.21232989
-0.03359880
0.05735667
-0.03700836
-0.10782368
-0.05786352
0.00887982
0.06349313
-0.02728472
0.10363340
0.06314134
-0.19495441
-0.03261762
0.00626908
0.14254542
-0.10481516
-0.27495831
-0.23327820
0.05461248
-0.10838511
0.01365495
0.01697766
0.04727964
-0.01424218
0.01516060
-0.08091558
0.04272988
0.27937579
0.17449468
0.04813494
0.07408171
-0.00921960
0.23759945
0.08257792
0.20039146
0.04867950
0.00235961
0.12825614
0.02206156
-0.05644669
0.12485515
0.09282120
-0.05150168
0.10248403
-0.00076842
-0.02934380
0.05321615
-0.25751796
-0.07821311
0.06050597
-0.05121962
0.11958406
0.04075160
0.00182914
-0.02280843
0.06281921
-0.07028704
0.15635027
-0.19345795
-0.06026670
0.10028362
-0.07852959
0.00038291
-0.14488195
-0.04796308
0.21762888
0.07191689
-0.10949652
-0.29784977
-0.04989124
0.00879837
0.03925293
-0.25954616
-0.12436786
0.05902085
-0.06537993
0.00152699
-0.00933348
0.07602508
-0.04528559
-0.16569579
0.01508601
0.23559850
0.04105568
-0.07787845
-0.13672914
-0.12958345
0.05542457
-0.04563317
-0.05430124
-0.19498628
-0.20626248
-0.04863775
0.20321263
0.09805086
0.11927102
-0.30457181
0.07657848
0.07164198
0.16639599
0.05972768
-0.02235816
-0.02432850
-0.12881812
-0.01780977
-0.10481877
0.15499723
-0.03808873
-0.00750477
-0.08188255
-0.07053073
0.16619298
-0.03700196
-0.20238680
-0.07547001
-0.04700803
0.17092697
0.01564356
-0.12161560
0.02348481
-0.00545676
-0.08747450
-0.01682149
-0.00720023
-0.21365353
0.10464284
-0.18281485
-0.08128177
-0.09852615
-0.00553576
-0.08906810
-0.25289693
-0.07255489
-0.11310880
-0.01621132
-0.01495253
0.16442081
0.04319392
-0.09223393
-0.00544922
0.12840255
0.39719048
-0.06416146
-0.01454377
0.07553558
0.05851566
0.12517278
-0.22260612
-0.02260375
0.11592335
-0.08961674
0.06087350
-0.06465909
0.03591099
-0.13960893
-0.14523107
-0.02637804
0.02701869
0.09828465
-0.01259623
-0.00840069
-0.11382469
0.08735584
-0.15012309
0.05481821
0.00537442
-0.31988099
-0.06905950
-0.01713779
0.07997952
0.05219648
0.07383779
-0.15269975
0.08921217
0.17609403
0.08079866
0.08700390
-0.00226647
0.07792076
0.15108643
-0.16722143
0.00415264
0.07215428
0.09699873
-0.01635051
-0.19118762
-0.05706742
0.06726361
0.00080169
-0.13305202
-0.27127576
-0.07508912
-0.07091645
0.13168943
0.03528764
0.05011033
0.07393420
0.00654936
-0.07108671
-0.09020140
-0.01229045
0.00933314
-0.16907504
-0.30998671
0.12486751
0.04220219
-0.07472471
-0.18020780
-0.01196435
0.10010585
0.08649822
-0.17948170
0.00739424
0.00661330
0.07066765
0.06533980
-0.06575439
-0.03754514
0.06309989
0.03747121
0.15621154
0.01920332
0.05200502
0.10113309
0.21514164
0.13071676
0.07530013
0.04649250
-0.00581321
0.06120807
-0.18026526
-0.07623801
-0.09759478
0.14978693
-0.05412449
-0.26838925
-0.05695326
0.04734369
0.17592639
-0.01540663
-0.06595935
-0.04981275
-0.02617641
0.10859390
-0.07082204
-0.10820991
0.11154920
0.07324247
0.13449733
0.17672330
-0.09938537
0.23742548
0.25973901
-0.03711657
-0.15258949
-0.09355954
-0.00703177
0.09544559
0.03233571
-0.26912451
-0.08834672
-0.00792889
0.00192759
-0.08573589
-0.00321980
0.15111300
0.02387103
-0.14663979
0.06796106
0.14464895
-0.17414753
-0.29363212
0.01405654
0.14685956
0.15667956
-0.03792696
-0.04414573
0.01304985
-0.19405442
-0.10578854
-0.07387243
0.05314715
-0.03184089
-0.16417365
-0.15373331
0.00089847
-0.03932620
-0.10259232
0.02178244
0.06668105
-0.11575699
-0.01223538
-0.03423972
0.03745215
-0.03602086
0.13928868
0.03616739
-0.27758574
-0.07959727
-0.02781603
0.00084272
0.08061478
-0.26228020
0.01445228
0.01160163
0.01297858
0.11214541
0.08763608
-0.17953688
-0.09505102
0.00945730
0.07274686
0.02657247
-0.19502623
0.16381013
-0.03445165
-0.23896478
0.08175371
0.08084971
-0.08495039
0.01181412
-0.02086307
0.04027424
-0.22263418
0.01132285
-0.09785068
-0.01339039
-0.07127098
-0.23870201
-0.08810230
-0.06509067
-0.05681789
-0.07092962
-0.16135770
0.03233469
0.10081376
0.09148970
0.26228946
0.06079064
0.11815505
0.03167209
-0.05135039
-0.03548606
-0.05729938
0.00084756
0.00904671
0.01301608
0.01333614
-0.06724989
-0.03024193
-0.03903179
-0.05450531
-0.04666197
-0.04596263
-0.01007801
-0.03098533
-0.01084810
-0.04903653
0.01883910
-0.02957976
-0.00071010
-0.03604558
0.01917335
-0.01580786
0.00191576
-0.02662905
0.03121657
-0.02047086
0.02970233
-0.00647535
0.00881684
0.01471140
0.03596466
0.01645840
-0.05043177
-0.02610449
-0.03340582
0.01128559
-0.04103673
-0.03416146
-0.02852397
-0.03939111
-0.00637390
-0.00744682
0.01482724
-0.06313301
0.02294001
0.02688787
0.00579040
-0.02174727
0.03288665
-0.05094461
-0.03201024
-0.01367063
0.00841696
0.01707891
0.00295216
-0.00710058
0.02197749
-0.04458344
0.02189671
-0.01435406
0.01761150
-0.03007230
-0.02537211
-0.03619088
-0.01739755
-0.05040966
-0.03702017
-0.05972324
-0.03211742
-0.04724262
0.00299503
-0.01269241
-0.01938751
-0.03516550
-0.04484086
-0.04108693
-0.04808061
0.00356977
-0.06194138
-0.04821379
0.01508049
-0.06425352
0.00454293
-0.05987222
-0.01083652
-0.02118983
0.00080593
0.02836782
0.02210443
0.00972880
0.00658958
-0.03189012
-0.01581580
0.01899529
-0.01728328
0.03340611
0.03439021
-0.02921965
-0.03750801
-0.03880605
-0.03533195
-0.04743068
-0.04176036
-0.03809275
-0.02600768
-0.02390667
0.01056472
-0.00183324
-0.04811518
-0.05087823
0.03039686
-0.00625551
-0.05367582
-0.01808328
-0.00624882
-0.00019704
-0.01212969
0.01934144
-0.06434204
-0.00344978
-0.03749928
-0.06565927
-0.01374927
-0.00952894
-0.05080882
-0.01774180
0.00667334
0.02695624
-0.06598072
-0.01370506
0.03414095
0.01688380
-0.02729297
0.02161986
-0.05667777
-0.01438798
0.02605166
0.02407161
-0.04382864
-0.02179939
0.03706443
-0.03232677
-0.02962751
-0.05960103
0.02271475
0.03990394
-0.00957167
-0.06369305
-0.02104766
0.04409304
0.03263605
-0.02727840
0.00509173
0.00938368
-0.01383899
0.00494678
-0.03878140
-0.05905522
-0.05544947
-0.04250629
-0.05188447
-0.06246433
-0.02182983
-0.00298833
-0.00428890
-0.04345586
-0.06152781
-0.05254613
-0.02904137
-0.01693278
-0.01008787
0.01281906
-0.04111371
0.01376882
0.02968659
-0.01501344
0.00489567
0.02018918
0.04117453
0.02018831
-0.04102638
0.03149775
0.03264061
0.03268079
0.03371604
0.00038804
-0.04724367
-0.01939220
0.01422362
0.04047089
-0.03382163
0.00814337
-0.04234593
-0.03764065
0.01730969
-0.05883311
0.02157450
0.02708414
0.02955842
-0.01567185
-0.06202458
0.02365292
-0.02596793
-0.00768818
-0.00132900
-0.04365635
-0.02677191
-0.04428304
-0.02098165
0.02369277
-0.04242418
-0.03611452
-0.03172664
-0.06202365
0.00525111
-0.02964863
-0.05564426
0.02722429
-0.04639647
0.02555434
-0.03828170
-0.05677785
0.00838854
0.00338775
0.01123721
-0.00659233
-0.06497607
0.03723405
0.00057539
0.00851601
-0.02321432
0.02300079
0.00643075
-0.03767508
-0.01865316
0.03540707
-0.02468863
-0.05358666
-0.01515358
0.02389810
-0.01577623
-0.00838951
-0.03820876
-0.03188695
0.03620151
-0.03046114
-0.02921840
-0.01836023
-0.04304219
0.03371282
-0.02440413
-0.04968973
-0.04200384
-0.02326344
-0.02146870
0.03319197
-0.00468054
-0.03035301
0.01261375
-0.00562250
0.02476264
-0.02483889
0.01733372
0.00396050
-0.02706577
-0.03197473
-0.05289427
0.01682701
0.01466991
0.03288881
0.01183534
-0.01487889
-0.04499360
0.02819880
-0.02333910
0.01705955
-0.05190626
-0.00577851
-0.02673620
-0.05223661
0.03065216
-0.02917138
0.00853020
0.04137079
0.03175544
0.00655278
0.03385218
-0.00764127
0.02459910
0.02901471
0.00587837
-0.03282492
-0.05688141
0.01042330
0.00378649
-0.01058979
0.01181545
0.02050338
0.00774095
-0.03112099
-0.05853971
0.00286317
-0.02551348
0.00833453
-0.06532674
-0.04223583
-0.01287239
-0.02561957
-0.03525383
-0.02934380
0.01132130
0.02258493
-0.05725403
-0.00894242
-0.01101183
-0.05372463
0.00042696
-0.04713738
-0.01873289
0.02411084
-0.01109916
0.01738772
0.01563304
0.00565308
-0.01302107
-0.05999000
0.02879403
-0.06650090
-0.04857803
0.04675609
0.03056215
-0.05981400
-0.04015724
-0.04612797
-0.04219457
-0.00864594
-0.00081199
-0.00215915
0.01540516
0.03396085
-0.05446780
0.02222426
0.03613142
-0.02028305
-0.01345752
0.01940978
-0.06628744
-0.01847699
0.03147095
-0.03841458
-0.02933535
0.02086374
0.01260751
0.00570034
-0.04911500
-0.03506178
0.03119058
-0.01537678
-0.04567280
-0.05001126
0.04842784
-0.04609876
-0.01866566
-0.00064547
0.01627918
-0.02686237
0.03108159
-0.01470381
0.00874768
-0.00882650
-0.03881752
-0.04535387
-0.06118617
0.01357222
-0.02207819
-0.03485215
0.01654878
-0.05365156
0.00809813
-0.04165274
-0.02017379
-0.04757353
0.01677260
0.03162047
-0.01855970
-0.04601660
-0.00166004
0.02615809
-0.03563507
-0.06414157
-0.02611312
0.01237098
-0.03406601
0.02644166
0.01393525
-0.01541307
0.02224360
0.01763600
-0.00725236
-0.04120062
-0.00794956
-0.04603980
0.00626223
-0.05584040
-0.00704450
-0.02623593
-0.02060829
-0.05105719
0.01833193
-0.03526932
-0.01907021
0.00892043
-0.02198621
0.02514115
0.00086674
-0.00913700
0.02514810
-0.01011218
-0.02403176
0.02341483
0.01893063
-0.00668878
0.03414305
0.00709769
0.02860849
0.01214477
-0.06623133
-0.03125034
-0.03772843
-0.05923284
0.01039165
-0.05116047
-0.06359196
-0.03845785
-0.05093297
0.01427940
-0.02971073
0.03223809
0.03769177
0.00935013
0.01361313
-0.01038997
-0.06139627
-0.02016021
-0.05844912
-0.06140471
0.01657135
-0.02859247
-0.04842914
-0.03660228
0.03087630
0.01852541
-0.05190694
-0.02593545
-0.04174331
0.00572309
-0.05698909
0.03906694
0.04317683
0.01450688
0.00125351
-0.03699346
-0.05586458
-0.04967312
0.01886316
0.04704113
-0.03223171
-0.06384690
-0.06768025
-0.00965353
0.02148345
0.00647097
-0.04407126
-0.06529164
0.02233442
0.00569329
0.01740159
-0.01687212
-0.00902188
0.02820202
0.05231783
0.05851878
0.01468902
0.05719743
-0.07154461
-0.00424724
0.02635597
-0.05324605
-0.03484072
0.01177424
0.01193092
-0.01212047
-0.02597232
0.00251460
0.02179830
-0.05694057
0.00889233
-0.00994443
-0.00331750
-0.04135907
-0.01201400
-0.00613111
0.02586213
-0.01450529
-0.00571762
-0.05219936
-0.00554818
0.01007587
-0.00982416
0.02281742
-0.00383949
0.02146287
0.04254325
0.01923202
-0.04630250
-0.05176740
-0.02665882
-0.01064293
0.00141151
-0.06958939
0.02525632
0.02279488
-0.06114234
-0.05796845
-0.01187950
-0.03243021
0.01490721
-0.05345974
-0.06163138
-0.06156239
-0.00133153
0.02687887
-0.02140957
-0.04569786
-0.01950726
0.03525027
0.00470957
-0.05144442
0.03845302
-0.05944598
-0.05106498
-0.04211771
-0.01955784
-0.02691404
-0.06548727
-0.02687051
-0.05027610
-0.06983068
0.01984267
0.03946199
-0.01249172
-0.05882303
-0.02174115
-0.00862538
0.02310594
-0.04780816
0.01223771
0.01670451
-0.03819905
0.00733355
-0.04923929
0.00070812
-0.03773309
-0.01112538
0.00378245
0.02430383
-0.04543325
-0.00581748
-0.05620161
0.00853574
-0.02743827
0.03700018
0.02865386
-0.05045281
0.03651199
-0.04613594
0.00609809
0.03304821
0.04121337
0.01158421
-0.01195394
-0.01312416
-0.01942324
0.03328359
-0.01985109
-0.06920134
0.03085021
-0.01505485
0.04957225
-0.06947895
-0.05752530
0.05169886
0.00741455
0.03723796
0.01889827
-0.07367157
0.05823047
0.03994932
-0.00361436
-0.02005778
-0.01419141
0.01765392
-0.03776838
-0.03160196
-0.06006296
-0.00741919
0.00780023
-0.02776910
0.00990686
-0.02199611
0.02090085
-0.04882505
0.04301473
-0.05575914
-0.05011057
0.02677867
-0.00556394
0.02179904
-0.06395545
-0.06112616
-0.00459770
0.01809759
-0.00601828
0.02319786
-0.05355189
0.01411588
-0.04573799
0.00465415
0.02257477
0.03029231
-0.05485212
-0.01064024
0.02949924
-0.01153679
-0.00075788
0.00461867
-0.00943676
-0.02667211
-0.03237837
0.00861635
0.00566442
0.00581510
0.01826782
0.01809381
-0.03233501
0.00439862
0.02734260
-0.03592674
-0.01917416
-0.04712197
0.01405287
-0.01200362
-0.02984938
-0.03797828
0.02068466
0.00151630
0.00771215
-0.02863598
0.02089022
-0.02300772
-0.02821559
0.00464505
0.00249735
-0.01749998
0.01556539
0.02385232
0.01943820
-0.01443881
0.00430319
0.00929578
-0.00796886
-0.00659765
-0.05347528
0.02053474
-0.02380672
0.02548512
-0.03593813
-0.04942130
-0.04907767
-0.02585037
-0.00672034
0.01509094
-0.01619357
-0.01229346
-0.01817286
-0.00385411
0.01770793
-0.03628902
0.02993472
0.01367653
0.07312791
-0.01558175
-0.05183591
-0.07244240
0.03492094
0.00623116
-0.06586359
-0.03120499
-0.00811706
0.00472060
-0.01962351
-0.02843120
0.03895937
0.02137931
-0.01183418
-0.03674186
-0.03190111
-0.02905633
0.04357026
-0.02716836
0.00367741
0.02923473
-0.04288843
0.00555462
-0.04811926
-0.02108345
0.01891759
0.02238003
0.00873678
-0.04031971
-0.00457575
-0.03478591
0.01310925
-0.00390160
0.02350173
-0.06270996
-0.01770421
-0.03592223
0.00800794
0.00864365
-0.06756462
-0.04470903
0.00982016
0.04470551
-0.01007651
-0.03917282
0.02737334
0.02094831
-0.03721084
-0.06262393
-0.06623922
0.01418885
0.02553735
-0.03368598
0.01712445
-0.01188640
-0.02060263
0.07878787
0.02572230
-0.00475468
0.00202484
-0.04903086
-0.02073389
-0.01997961
-0.00485970
-0.04025747
-0.03340057
-0.01681309
-0.03019537
-0.00801843
-0.06063480
-0.00081467
-0.02660397
0.00649153
0.02792974
-0.03946755
-0.00757669
-0.03475146
-0.03567985
-0.02513239
-0.05184130
-0.04408668
-0.05345955
0.03353061
0.01111251
0.03508573
-0.01367087
-0.00317042
0.03001944
-0.02992376
-0.03338356
-0.01832141
0.01267136
0.00133854
0.03355508
0.00117922
0.01385431
-0.02653556
-0.02237808
-0.02865889
-0.02898272
0.07082475
0.02239852
-0.06025776
0.02144254
0.00713069
-0.04416557
-0.03945910
-0.07183152
-0.04979310
0.00171791
0.02224595
0.11698643
-0.08061837
-0.14677364
-0.01362700
0.05130807
0.05105159
0.01139470
-0.18162555
-0.02042678
-0.07634425
-0.03192673
0.02481867
-0.04319623
0.01621810
-0.06193829
-0.11206429
-0.02700033
-0.06161269
-0.03916512
-0.12334087
-0.01010351
0.09050873
-0.18248367
0.09666710
0.00138195
-0.04692906
-0.11164271
-0.20005235
0.26168317
0.11268480
0.01170083
0.17623331
0.12867345
0.03868651
0.12628512
0.08262230
0.03745557
0.03832541
-0.10759702
-0.03998969
-0.02264247
0.01763237
0.16042003
0.00033508
0.07198560
0.05143059
-0.07832299
0.08150508
0.00221450
-0.04992289
-0.10433701
-0.04497341
0.25782555
0.03886050
-0.03795901
-0.04394723
-0.07816163
0.24468106
-0.12815796
0.00406191
-0.09345692
0.01647709
-0.00485994
-0.02413197
-0.08808797
-0.02871195
-0.12185895
-0.02195236
-0.05831819
-0.01166596
-0.04506307
-0.02983094
0.07183468
0.16994178
0.06884919
0.01021455
-0.12567076
-0.24364731
0.12553427
0.02253736
-0.01976182
-0.03237834
-0.06018415
-0.16189067
0.05070448
0.16834220
-0.01795346
0.04900025
-0.12811512
0.01586320
-0.03523481
-0.03204028
0.01943413
-0.15166596
0.07629383
-0.06621353
-0.16780843
0.02616181
0.15912175
0.12026526
-0.03091354
0.04062610
-0.13107318
0.11986253
0.13289405
-0.12873834
0.07421061
0.01302548
0.03460352
-0.06749222
-0.02185823
-0.03162641
0.04950631
0.00700645
0.05565256
0.12292951
0.08680592
-0.07110936
-0.03190590
0.14490823
-0.06130554
0.03618476
-0.14035684
0.18854986
0.22607858
-0.02100582
-0.16873184
-0.11999251
0.25991973
0.23728041
0.11401352
0.10208283
-0.01601580
0.08646885
0.06994987
0.00260579
0.02632878
-0.01373790
-0.14317924
-0.14993046
0.07930860
0.08636701
0.11427004
-0.12394363
-0.16352274
0.07288508
-0.04796262
-0.12711644
0.00189182
-0.13896880
0.04829939
-0.03994371
0.21836501
-0.06634671
-0.27122873
0.05384000
0.04453325
0.11300386
-0.04619298
-0.04932474
-0.03517395
-0.14321892
-0.04379580
-0.06229478
-0.12997200
-0.00709783
-0.04747079
0.03869159
0.03051082
-0.01707348
-0.02201130
-0.05239014
0.14446436
-0.11583505
-0.04320075
-0.19665602
-0.06214730
-0.02698085
-0.14785446
-0.19456407
-0.04604205
0.01997145
-0.04719612
0.05296528
-0.00829287
0.03224767
0.05183114
0.12009262
0.05821205
-0.07024246
-0.04838624
0.06686257
0.06718051
0.07857411
-0.04229503
-0.05153294
-0.04396503
0.09574542
-0.22952271
-0.11776288
-0.11042274
-0.07081717
-0.06569967
0.01928243
-0.05442728
0.01282307
0.01961063
0.14447998
-0.13848504
0.12887664
0.02299617
0.07643485
0.07007559
0.11818857
0.09333962
-0.02415545
-0.01392424
0.00186041
-0.00660493
-0.12333062
-0.11758364
0.02201921
-0.09113985
0.04412785
0.01035394
0.06114648
-0.05176441
0.01815802
0.03283311
0.06627920
-0.00618519
0.00282125
0.20274988
0.01663399
0.05271994
-0.05915967
0.16438977
0.06147608
0.10769233
0.00838752
0.01441254
-0.03705837
-0.00896660
-0.09511881
-0.14464889
-0.12527251
-0.14654697
-0.04691023
0.05595382
0.02638419
0.06737038
-0.03168350
0.17604400
0.03082360
-0.02980638
-0.10786325
0.03297643
-0.12194515
0.05738750
-0.04089453
-0.07412227
0.00282483
-0.14319006
0.06010124
0.01029676
-0.01917791
0.02316291
0.06918101
0.02142855
0.11184165
0.01396004
0.10521597
-0.01936801
-0.06195329
-0.11147578
-0.11294710
0.07584668
0.16675557
0.03664387
0.09637308
0.06555653
-0.05678546
0.08171079
0.11595736
0.04445665
-0.05751057
-0.00152873
0.09520540
-0.02430957
-0.14507337
-0.07566951
0.06844491
0.01415919
-0.10713627
-0.13672313
-0.14869276
-0.00094028
0.00131783
-0.04017907
0.06949292
-0.01175455
0.15472533
0.10436301
-0.04306516
0.00750984
0.04156288
-0.00524981
0.08428798
0.02547254
0.06131932
0.12431762
-0.05630554
-0.01632105
0.01204389
-0.13767612
0.07881720
0.05474885
-0.02793163
0.00619726
-0.05420619
-0.14044923
0.07584611
0.03678098
0.03117114
0.00185259
-0.03918490
0.16393463
0.48915410
-0.14387438
-0.08115666
-0.08763912
0.02458207
0.21713351
-0.10270059
-0.10102867
-0.08525568
0.02290409
-0.13703679
-0.02364455
0.09942170
-0.01924335
-0.12271160
-0.12121873
-0.05013253
-0.01112638
-0.09024527
0.02455324
0.00664560
0.08859058
-0.10586833
-0.17991263
-0.00222998
-0.04977762
0.11665747
-0.04795991
-0.14187150
-0.04606387
-0.08399042
0.06757654
-0.08814356
-0.11802831
0.03475147
-0.09088917
0.04750943
0.06203431
-0.03073361
-0.07687176
0.05573688
-0.15787274
0.16598414
0.04870809
0.07710431
0.02078095
-0.11204563
0.02563670
0.14945687
0.05868062
0.13714337
-0.12768839
0.12043349
-0.00204738
-0.13501276
-0.03029454
-0.01618787
0.05687254
0.01298676
-0.14288898
-0.11018576
0.14630744
-0.00982381
-0.24286814
-0.11812158
-0.03665154
-0.10272074
-0.02384393
0.16457489
0.09563307
-0.02267020
-0.05654285
-0.03747112
0.04526845
0.02244705
0.02109698
0.03318093
-0.01181865
0.00456765
-0.01386538
0.01425795
0.01012523
-0.04071392
0.01834431
0.02714491
-0.02641667
-0.04966186
-0.03793134
-0.05361319
0.02436133
-0.06705293
-0.00774929
0.01041496
0.03372899
0.00616094
-0.05862049
0.01214835
-0.06212413
-0.03793763
0.01665213
-0.02111710
-0.03634256
0.02781640
-0.02343366
-0.01699223
0.03453073
0.04924791
-0.02563943
-0.03699075
-0.02985313
-0.01539971
-0.00422079
-0.04901772
0.03850730
0.03784024
-0.03487187
-0.02238593
0.02797625
-0.03462490
-0.05302908
-0.00833325
-0.00180391
0.01493276
-0.01901793
0.02255522
-0.01363319
-0.06535926
-0.00732863
-0.04568471
0.01205051
0.00477180
-0.02078530
-0.04065279
0.00034465
0.00521991
0.00777782
0.03134699
-0.06079695
0.00013189
-0.05845285
-0.05165682
0.00134867
-0.05567411
-0.03231059
-0.02933259
0.01158131
-0.01815905
-0.03367072
0.00091356
0.01264519
0.04161742
0.03031169
-0.03443476
-0.03440807
-0.01458517
-0.05598168
0.00095974
-0.05052723
-0.00331396
0.01274083
-0.02986650
0.00740159
0.02106652
0.01141316
-0.00357355
-0.03468760
-0.04682175
-0.03573192
0.00993284
0.00077247
-0.04340117
0.01048261
-0.01102280
-0.06166760
-0.03616436
-0.00699458
0.03796783
-0.02933621
-0.00543521
-0.05125472
0.02158570
-0.03607715
-0.01983295
-0.05305734
0.03234016
0.01412351
0.00220062
-0.03147330
0.00676598
-0.01623673
-0.02370754
-0.00677264
-0.04209453
-0.05823635
0.01192257
-0.01384624
0.03663324
0.03678155
-0.00314612
-0.00345429
0.04031799
-0.05070838
0.04127052
0.00117016
-0.02750040
0.02170084
-0.01179529
0.03667490
-0.04588247
-0.03128906
-0.04816845
-0.02299873
-0.02920026
-0.01088180
0.01372197
-0.02799307
0.00906111
-0.04224614
-0.06784225
0.02499709
-0.05355954
-0.02860907
-0.04195210
0.02684582
-0.02349123
0.00689493
-0.02670495
-0.01513878
-0.01925046
-0.05042285
-0.03808579
-0.04802190
0.02993638
0.02551027
-0.00819014
0.00574771
-0.02358021
-0.01927116
-0.03035132
-0.05326024
-0.04257203
-0.05101372
-0.01728699
0.03057587
0.03342865
0.02152794
-0.03277670
0.02625427
0.00815369
0.02972559
-0.01749800
-0.03219001
0.02889311
0.02396998
-0.05328845
-0.02764297
0.03160204
-0.01544522
-0.02847368
-0.00842994
-0.02468604
0.02299687
-0.01046449
-0.05734542
0.00007431
-0.02471805
-0.04577709
-0.02663024
-0.04209275
0.01421014
-0.00960115
-0.04580316
-0.05143241
0.00708923
0.01510200
0.00727029
-0.04371177
-0.05199435
0.01731464
-0.00935561
-0.01765311
-0.00758931
0.00604574
0.02832372
-0.03271173
-0.04477176
-0.02666394
0.01462319
-0.02635152
-0.05447024
0.02006771
0.03068576
-0.01735680
0.01143374
0.02376091
-0.06309368
0.01377368
0.00781062
0.00701396
-0.03165073
-0.00332717
0.01697589
-0.03174437
0.03191518
-0.03716355
-0.04635518
0.01669169
0.02222347
-0.01236607
-0.00630953
0.00173690
0.00416323
-0.01704640
-0.02162735
-0.04824354
0.05517718
-0.06069540
0.01723585
0.02590624
-0.00187672
-0.01723320
-0.06092976
-0.03237627
-0.00878886
-0.01344924
0.00963558
-0.03382137
-0.06683056
-0.02528506
-0.01673297
-0.02555736
-0.00682649
0.01117164
-0.05872769
0.02873563
-0.02293125
0.00935647
-0.05499358
0.01991108
-0.03867406
0.01838643
-0.05686139
-0.04679793
-0.04918289
0.00010430
-0.01289082
0.00253673
-0.06126269
-0.01720818
-0.03085867
0.00231477
0.00339025
0.00519568
0.00348723
0.03468759
-0.04179173
0.04605931
-0.05319892
-0.00985981
-0.03003853
0.01917931
0.00995319
0.01079931
0.01667849
-0.02953015
-0.03957533
-0.04448614
-0.00935260
0.00664074
0.03093245
0.03066765
0.01239483
-0.04733637
-0.01958382
0.00855628
-0.05004077
0.03978345
-0.02772919
0.02794409
-0.00773927
0.03715210
-0.03047167
-0.03216834
-0.05174623
-0.03718308
0.03415942
0.00706287
0.02060637
0.02581470
-0.06194977
0.02592847
0.01291176
-0.00096672
0.03051289
-0.02264698
-0.03928407
-0.04857747
0.00099871
0.01905444
-0.02570748
-0.03872953
-0.01964062
-0.04071796
-0.05980232
-0.01955191
-0.01511079
-0.03697010
-0.02893118
-0.06634495
0.02252825
0.02681080
-0.06548533
-0.00458553
0.02905502
-0.04390159
0.00073334
-0.01901174
-0.00701300
0.01823467
0.01483362
-0.05864473
-0.02203082
-0.02228762
-0.05901612
-0.05218954
0.02440607
0.03364874
-0.04087112
0.00790041
-0.03378949
-0.03162427
0.00582369
-0.02384070
-0.05791945
0.02124717
-0.05256325
0.03930035
0.00124113
-0.05396756
-0.00566450
-0.01062660
-0.05353569
0.03450293
-0.05213293
0.01779770
-0.03093664
0.02220858
0.03232298
-0.04224958
-0.00838482
-0.03994129
-0.00943997
-0.02511910
-0.03107994
-0.03715659
0.00746165
-0.03492614
-0.03031710
0.02410077
0.03031744
0.02229382
-0.01142841
0.04197669
-0.00022826
-0.04548560
-0.03612263
-0.04004360
-0.00587144
-0.05708312
-0.05651858
-0.02452081
0.02269195
0.01319413
-0.00935999
-0.02768514
0.01778831
0.03121850
-0.00826085
0.03063795
0.02669692
-0.00191308
0.00880329
-0.00855947
0.03353069
0.02933049
0.01877688
0.01724341
-0.04891114
-0.02347411
-0.01080527
-0.02717783
-0.01597235
-0.00150840
-0.03020793
0.00242147
-0.02704624
-0.04970662
-0.02913479
0.02608763
-0.03719797
0.02791567
0.03297803
-0.02678987
-0.01572159
-0.02226386
0.00754804
-0.03366097
-0.00369574
0.03063894
-0.05408191
-0.03903811
-0.02009781
-0.04311848
0.02691390
-0.04174820
0.02447864
0.02263660
-0.06353508
-0.02809366
0.00476653
-0.02903201
-0.05938368
-0.03964340
0.00132249
0.00971420
-0.00885892
0.01476337
0.01002813
-0.02136109
0.03495303
-0.03122348
0.01805683
-0.02557796
-0.05483848
-0.02780810
-0.00059941
0.02877478
-0.00030630
0.02807658
-0.04065616
-0.00856821
-0.05403775
0.03665874
0.03333555
-0.02528050
0.01795777
-0.02245956
0.03363721
0.01077668
0.00989374
0.03387622
0.00362770
-0.03302148
0.01260225
0.00494501
-0.03579497
-0.05690947
-0.04111823
-0.00679112
-0.05814290
0.00521473
-0.00520786
-0.00459200
0.03157887
0.02339290
0.02407890
-0.02666418
0.00258288
0.02367513
0.03061515
0.03714852
-0.02474068
-0.00174052
-0.01247125
-0.00417853
0.03436633
0.00178114
0.02686205
-0.05474553
0.02663919
-0.02254490
-0.01538239
-0.01223411
-0.03610876
-0.02034462
-0.00677937
-0.03654888
-0.00239021
-0.03261810
0.02682882
-0.00442396
-0.03953013
0.02982904
-0.00445870
-0.03981454
-0.01102157
-0.02985809
-0.04500077
-0.01474755
0.02782484
-0.03620485
0.03391945
-0.01670935
-0.04707210
0.01733359
0.01283732
-0.02773002
-0.06198020
-0.01878252
-0.03363080
0.03428486
-0.00640419
-0.00524681
-0.03460309
-0.02582791
-0.00067102
-0.05186906
-0.00485725
-0.02694737
-0.00419366
-0.04686695
-0.03824282
0.03314807
0.03276521
-0.01996105
-0.05507787
0.00800180
-0.04259016
0.02043354
-0.02067661
-0.03843674
0.01484989
-0.03112748
0.01034698
0.00730393
0.02657141
-0.03552882
-0.05499747
0.00364231
-0.02528039
-0.05423240
-0.04243140
-0.03749765
0.03662577
-0.03809814
0.00602722
-0.03518042
-0.03732170
0.02522082
0.00629120
-0.01201515
0.01888003
-0.07284708
-0.03155850
-0.02995756
-0.00077614
-0.00295978
0.03501052
-0.06884883
-0.00492437
-0.05159721
0.00929087
0.02105404
-0.01019889
0.02146386
-0.03371843
0.00028277
-0.05942058
-0.03107785
0.02869814
-0.04624254
-0.01404471
-0.05855484
0.02307030
-0.00362550
0.01865891
0.02671891
-0.02612267
-0.03935588
-0.02565022
0.02043454
-0.04580509
-0.01951865
0.00455670
-0.01505503
0.03601028
0.00013673
-0.00566454
-0.03642507
-0.04059973
0.01528645
-0.04384533
-0.04651545
-0.05762229
-0.01668553
0.01970247
-0.00068506
-0.00173126
0.03469398
-0.04608747
0.02546144
-0.01391795
-0.05841756
0.00223799
0.05448535
-0.02043055
-0.03808886
-0.05093818
0.02633031
0.04239490
0.02082615
0.01501085
-0.02320648
0.01611352
0.00823060
-0.04536908
-0.01205002
-0.02959670
0.01270725
-0.04208313
-0.00286644
0.03341880
0.01540374
-0.02237887
-0.00522064
0.02485677
0.02814780
0.02340242
-0.04654423
-0.03229796
-0.01142812
-0.05300606
-0.01335296
0.03683009
-0.05144028
-0.00883009
-0.05178655
-0.02772300
-0.04233922
-0.01978054
-0.02212594
-0.03703330
-0.04847177
-0.02022302
0.00957963
-0.00065991
0.01457553
-0.07340104
0.00406132
-0.07695393
-0.02785410
-0.03931321
0.04099684
-0.01967857
0.05332604
-0.00827716
-0.03793826
0.01924068
-0.06832884
-0.01600383
-0.02466661
-0.01941979
-0.01213746
0.00543742
0.03006608
0.00991916
-0.05758613
-0.01989169
0.00745371
-0.00541624
-0.02883646
0.02207122
0.03413729
0.01928632
0.03636266
-0.01333782
-0.04624810
-0.00138234
-0.04821686
-0.03348808
-0.01447779
-0.02327507
0.01677423
-0.05442987
0.03560602
-0.05377439
-0.05036972
-0.05028752
-0.02202014
0.02142542
-0.01354292
0.02710762
-0.00586605
-0.04199015
-0.03893754
0.02949982
-0.03001698
-0.03646125
-0.04837396
-0.02606368
-0.01636764
0.02818229
-0.04534846
-0.05857420
-0.03065333
0.01081384
0.02021577
-0.00807063
-0.03755674
-0.03830869
0.02310703
0.02592988
-0.00203712
0.02421694
-0.00331704
-0.04199464
-0.05276904
-0.03729441
-0.01046729
-0.04481303
-0.02274124
0.02250551
0.00883333
-0.03969360
-0.06442896
0.01547674
-0.01785979
-0.03666430
-0.03863079
-0.07182117
0.01136714
0.01641950
0.02572175
-0.01740490
0.01703285
-0.01249081
-0.04242441
0.01486530
0.02948496
-0.04310260
-0.00316822
0.04079755
0.01749873
-0.03240620
-0.04133362
0.04488136
-0.01831697
0.02519322
-0.03575656
0.03320943
0.01899095
0.00772395
0.03935040
-0.01215876
-0.02831702
-0.06116455
-0.00666997
0.03238849
-0.00730209
0.00947576
-0.00272458
0.00229903
-0.02484714
-0.04375924
-0.02263935
-0.04519792
-0.00475332
0.05189753
-0.02795433
-0.00337602
0.00804907
-0.12787452
-0.01140428
0.14920034
0.18167907
0.13578472
0.07604974
-0.00404433
-0.02651181
0.05132690
-0.01177610
0.04689923
-0.17241322
0.01678350
-0.03093323
-0.01805218
-0.02584649
-0.16616690
0.06612518
-0.05148675
0.07454455
-0.03731285
-0.04747360
0.10550670
-0.18844326
-0.22051167
0.15568629
0.05446693
0.12381273
0.11231083
0.02072638
-0.03391291
-0.00342313
0.04757131
0.01689363
0.06515788
-0.01757188
-0.06715204
-0.07431310
-0.09132191
-0.00947801
-0.03892097
0.12603319
0.10195833
0.05941232
-0.06030096
0.01494709
0.02730599
0.06823672
-0.00244996
-0.08208486
0.19454859
-0.02085046
-0.11156673
-0.07657023
-0.05490944
0.00821494
0.03517311
-0.04166557
-0.20042484
-0.14234574
-0.08798932
-0.11398809
-0.12762339
-0.08013331
0.19497114
-0.17531461
-0.10578874
-0.00440336
0.01597681
-0.02668752
-0.08149545
0.00106679
-0.01980265
-0.05396754
-0.11218198
0.00953941
-0.12683986
0.05162710
0.06237708
0.05319992
-0.05675483
0.03963038
-0.00195255
0.11042601
0.08745164
0.10935432
0.09766348
-0.02168690
0.05152307
0.02145929
-0.06306466
0.11602817
0.04395517
-0.12421373
-0.26059178
-0.03708804
-0.10291476
-0.11479031
-0.17416309
-0.12236605
0.12404770
-0.18386360
-0.03491557
0.03709611
0.07509170
0.04396478
-0.03446528
-0.06889957
-0.05534915
-0.07161447
-0.09690458
0.08119541
-0.19255881
0.06869183
-0.12056009
-0.05967099
-0.06509358
-0.02553540
-0.07122098
-0.15947211
0.21004361
0.02467939
0.06802385
0.07822220
-0.06073376
0.00158958
0.10693967
0.04060540
0.09981453
0.10562452
0.05679121
-0.01594191
0.05652600
0.07447973
0.13445383
0.07995297
0.00412666
-0.27578363
-0.07617790
0.02711301
-0.02503356
0.15319049
-0.01479195
-0.09927756
0.19105446
-0.05646883
-0.07129071
-0.03372051
0.10394169
-0.02881400
-0.02836172
-0.01155805
-0.20719878
0.00622581
-0.02654346
0.04138909
0.10931715
0.11220531
0.08765620
-0.01963244
-0.00178978
0.05244537
0.02628252
0.02174002
-0.00099045
0.06381716
0.09927246
-0.07436106
0.07698230
0.33144107
-0.07979328
0.03914390
-0.07580096
-0.10110856
0.12795097
0.06357352
-0.10857113
0.01308284
0.06968419
-0.07083242
0.10922816
-0.00574823
-0.09634124
0.00102395
0.06393243
-0.01525337
0.04507564
0.06163011
0.14757045
0.00144636
0.10716645
-0.05250825
0.00401743
0.02936899
0.01742270
0.09193232
0.12143913
-0.07594950
-0.17082055
-0.10815267
0.29845384
0.08943774
-0.08337656
-0.03543653
0.05259914
0.10260304
0.04168379
0.04262558
-0.07067045
-0.13084823
-0.01360301
-0.13538177
-0.21983278
-0.19125564
-0.05609920
-0.21033156
-0.21255849
-0.14061096
-0.12149303
0.10397169
-0.09321363
-0.08346255
0.00671479
-0.06900106
-0.06685693
0.10260478
-0.01939371
0.01931865
-0.13553114
-0.19240910
-0.19560157
-0.13643944
-0.09639331
-0.09311661
0.04327222
-0.21778260
-0.09339557
0.00337240
-0.06124851
-0.09282670
-0.02518855
0.05502679
0.15042984
0.02269429
0.03877424
0.01757869
-0.02933023
0.07555109
0.00962438
0.06032130
-0.10207205
-0.13725050
-0.03933193
-0.13743272
-0.08770303
-0.09774737
-0.04363500
-0.04502819
-0.03673230
0.09545308
-0.05864111
-0.00356756
-0.07043339
-0.04073225
0.04332791
0.03174915
-0.01480912
0.03632069
0.03526314
0.05673011
-0.06038051
0.03325238
0.10105415
-0.00198021
-0.07849440
0.08473311
0.05007904
0.01311631
-0.13063170
-0.42224890
-0.13333271
-0.02603091
-0.12488140
0.03606540
-0.00750816
-0.20670284
-0.03627716
0.17447715
0.03427745
-0.06314821
-0.06873115
0.04895709
-0.00286097
0.05328738
-0.05535353
0.00520737
0.07367994
0.00019246
0.04006641
-0.04690052
-0.03922782
-0.09371034
0.00653447
-0.01391284
0.05434833
-0.06491277
0.12855069
0.05666023
-0.05538847
-0.11658839
-0.00110804
0.13189752
-0.22205749
0.08455437
0.00381116
0.06982717
-0.00347530
-0.16879418
-0.07587894
-0.15580869
0.00412017
-0.02175839
0.12837453
0.02616784
0.00149305
-0.01569771
-0.18538816
-0.12690751
-0.23821801
-0.26139769
0.01475960
0.12804475
-0.01446460
-0.16995935
-0.00600666
-0.03343380
0.08458886
-0.14863107
-0.01761343
0.07578830
-0.06786285
-0.04370606
-0.02259779
-0.13022289
0.13381357
0.04197219
-0.01765264
0.06139594
0.09866263
0.16704634
-0.00315199
-0.17567301
-0.16869500
0.07673898
-0.00455546
0.18172754
-0.09790818
0.02941362
0.05877842
0.01257276
0.22663879
0.08205159
-0.09954307
0.03914173
0.03300919
-0.09453088
-0.02645305
-0.17764704
0.00017186
0.01448576
-0.01239716
-0.04703362
-0.02408260
0.13035455
-0.11895263
-0.09465289
-0.27625045
-0.21951333
-0.19119425
-0.18044482
0.01671744
-0.08713786
0.02664263
-0.01813325
-0.03519623
-0.03477335
-0.20900598
-0.03603144
0.06526648
0.05408878
-0.10054020
-0.22524220
-0.02670552
0.10843060
0.15246956
-0.11019228
-0.08156013
-0.09545188
0.02446175
0.02951619
0.06203106
0.17288798
-0.08339524
-0.01121810
-0.05908915
0.09951220
0.14790142
-0.15199788
-0.08230858
0.27491590
0.14172946
0.00876015
0.12036466
0.02642057
0.01574812
0.08201465
-0.00563712
-0.01583943
-0.02118882
0.00758959
0.09846039
0.03235802
-0.04817566
-0.10282753
-0.03440371
0.08982530
0.09774486
-0.09727129
0.01880931
0.00088740
0.05620242
0.26513082
0.04915268
0.22536471
0.20965798
-0.20626707
-0.40735707
-0.05511891
0.04907761
0.16731781
-0.29498824
-0.12720297
-0.22726870
0.00828280
-0.08795957
-0.19218084
-0.18952237
-0.10893672
0.02389167
-0.07421890
0.08139124
-0.13594557
0.10764101
-0.06696713
0.06203889
0.11004312
-0.11032996
0.06134829
0.12395773
0.05826321
-0.09942070
0.04903444
-0.11087498
-0.06813246
-0.02405009
-0.03977833
-0.15847245
-0.03983596
-0.04394848
0.09875330
0.00664853
0.09678683
-0.18252082
-0.06300953
0.07316297
0.21448275
0.10677247
0.05892813
-0.04644134
-0.07493724
0.05760361
-0.13210690
0.01225395
0.07467558
0.12418592
-0.02638565
-0.04343328
-0.23498768
-0.05128687
-0.03218029
0.03591191
-0.07776181
-0.02249209
-0.07036239
-0.19378330
-0.03210532
-0.16374668
0.01649672
0.13852695
0.10746107
0.22562227
0.07186300
0.04916338
-0.11635738
0.05563636
0.27358902
0.22697310
0.09003047
0.11469050
0.17442079
0.14382552
0.05476893
-0.02867150
0.00981667
0.06916190
-0.16201654
-0.13890684
-0.09430404
-0.06347093
-0.14701569
-0.17528698
0.04896514
0.01892365
-0.02133708
-0.03663945
0.24010533
0.16508986
0.00843146
0.05786163
0.04203527
0.29938158
0.16549383
-0.00104015
0.10062938
0.08896819
-0.04714544
-0.03170647
0.09364289
0.03958160
0.22509067
-0.13714716
-0.07080804
0.08163682
0.10791989
0.03429478
-0.01196869
-0.15109891
0.05790216
-0.00361363
-0.03833930
0.12916057
-0.02313255
-0.06233893
-0.05203762
0.05983681
0.06597150
-0.05192747
0.03561188
0.13711043
0.06503662
0.17153175
0.16005510
-0.12250345
0.17736509
0.02241275
0.04200929
0.05465943
0.04869533
-0.11864705
-0.22418943
0.01903035
0.05247483
0.04295225
0.00163219
-0.16157784
0.09606012
0.10457683
-0.17824371
-0.18898095
0.02263976
-0.05806082
-0.09778962
0.13460167
0.01215939
0.01146951
0.09086750
-0.05541612
0.05656585
-0.03308512
0.27505758
0.08295683
0.02960051
-0.08379803
-0.12135171
-0.11800751
-0.04694284
-0.02325403
0.05407143
-0.01691743
-0.20614737
-0.06625386
-0.11391698
-0.14285269
0.06314901
-0.17373635
0.06262693
-0.10189506
0.06857369
0.06490307
0.03896749
-0.08635090
0.01154509
-0.02026784
0.06165165
-0.06256682
-0.11017290
-0.11750851
-0.13994908
-0.10314118
0.04769047
0.03583577
-0.14923024
-0.03200497
-0.28765613
0.00502383
-0.14731269
-0.03718498
-0.07005610
-0.01189276
0.04037637
-0.03430937
0.00895983
0.06619694
0.17353119
-0.13400503
-0.17122674
-0.19902426
-0.19642633
0.17958955
0.13617818
-0.04761224
-0.22211179
-0.19807500
-0.05997865
0.08197935
-0.19280070
-0.11643027
-0.01367166
0.02142038
0.04594427
0.18757626
0.00715117
-0.06754298
-0.27187034
-0.24448323
0.25677723
0.23688923
0.00131412
-0.10665396
-0.21751724
0.09498594
0.17266257
0.00566822
-0.06238105
0.06454353
0.04777296
-0.05589972
-0.07147130
-0.11405513
0.05886288
-0.03225037
0.02564694
-0.06633683
0.01980126
0.00524607
-0.29374555
-0.01132817
0.16898289
0.18447606
0.03176318
-0.23063725
0.01397047
-0.00295573
-0.06033033
-0.23792990
-0.05968228
-0.15802208
-0.18901394
0.05767972
-0.14712006
0.00598064
-0.19903629
-0.31748772
0.08013871
0.04661100
-0.13552980
-0.10084163
-0.04541768
0.11088628
0.04613396
-0.07346114
0.06243767
0.00567763
-0.09936934
0.09729674
-0.11693643
-0.05591289
0.12233873
-0.04335299
0.08250118
-0.00781858
0.13235173
0.28844881
0.08538087
-0.08500150
-0.22690676
0.03698943
0.05185852
-0.01190127
-0.08058069
-0.03857202
-0.15031007
-0.11789628
0.09710313
-0.01232092
0.02897321
0.01069064
0.13423406
0.08317587
0.12481184
-0.04873026
-0.01951160
0.26752928
0.19985501
-0.15853347
-0.02716644
0.10154038
0.10054938
0.24101296
-0.09660725
-0.18603711
0.04994087
0.18459851
0.15066047
0.02942868
0.03891007
0.05800826
0.18404584
0.14417011
0.02456083
0.27576670
0.07450353
0.14347886
-0.00364999
-0.18036292
0.24708489
0.02744634
0.01924498
-0.04408896
0.06484585
0.21323372
0.07076494
-0.07724029
0.02463334
-0.06241429
0.09004993
0.01401611
0.03893977
0.07505140
-0.10914241
0.08736497
-0.01905140
0.19517142
0.01511420
-0.05984884
0.03577321
0.44496080
0.25516978
0.06314281
-0.06318211
0.04030114
0.21150917
-0.00009097
-0.12765919
-0.19342242
0.41710076
0.37972948
-0.08927726
0.00884359
-0.05332193
0.28890288
0.32506642
-0.04809033
-0.04968521
0.06176976
-0.08056773
-0.04715373
0.10360341
0.00956069
0.10360266
-0.07025568
-0.12073262
0.01666183
-0.05633506
0.00921024
0.11900508
0.06407260
0.14397818
0.10766074
0.04841141
-0.00517553
-0.02412175
-0.09494392
-0.19971463
0.14121306
-0.09581701
-0.08125879
-0.08248965
0.10035679
0.02606648
0.08657394
0.04209654
-0.01228435
-0.09622304
-0.00122760
0.02914157
0.10212905
0.12970085
-0.01131594
-0.08956715
0.03973138
0.10570207
0.17081478
0.27525809
0.15206622
0.12296548
-0.04078593
-0.10036319
-0.04907270
0.05308514
-0.11645233
-0.05482379
0.01708135
0.05426033
-0.13531367
0.02790331
-0.00773546
-0.03124860
-0.02604818
-0.18559088
0.22214921
-0.08128110
-0.06793105
-0.08452952
0.02599526
0.09238534
-0.04923933
-0.05075082
0.10828356
0.10021356
-0.00800437
-0.11789208
0.02789607
-0.17617747
-0.07872808
-0.05932413
-0.22573414
-0.04636334
0.06431899
-0.03521502
0.00824384
-0.10884172
0.01487430
-0.01818229
-0.18001078
0.08451468
0.11075599
0.06205965
-0.05814918
-0.23932903
0.09791348
0.00623848
0.10223677
0.12951711
0.12159470
0.01760183
0.00836149
-0.02350719
-0.07161987
0.19428454
0.10850783
0.11863061
0.05055046
0.00701992
-0.18097414
-0.12761059
-0.05451595
-0.21005604
-0.16236337
-0.00706151
-0.07818884
-0.20188783
-0.02763265
0.02518128
-0.17838851
0.07369646
0.11353417
-0.01150785
0.05072626
-0.01270899
-0.01292911
-0.00175016
0.04622255
-0.04846364
0.03402386
-0.05307551
-0.13586533
0.04430971
0.02449649
-0.08457556
-0.16523823
0.07562086
0.08281063
0.12276426
-0.03835708
0.03041233
0.15526283
-0.01139584
0.12978017
0.13860321
0.13462758
0.05445230
0.16043742
-0.04244119
0.02972481
0.02591182
-0.08783983
-0.03433827
-0.07578509
-0.02657824
-0.05878766
-0.01416542
-0.06675190
-0.00473258
0.17673899
0.06905045
0.05568857
0.02600176
0.01443759
-0.06004975
-0.17750131
-0.00779037
-0.04432263
-0.27125010
-0.15062550
0.11686625
-0.04562641
-0.13995653
-0.04335638
-0.01281732
0.03315481
-0.05402351
-0.05733567
-0.12232001
-0.10384974
-0.01950359
0.01902197
-0.00121803
0.09917606
0.24120277
-0.05271485
-0.06471429
-0.06180465
-0.05215142
0.01305380
-0.18280362
-0.09448380
-0.14290805
-0.20171322
-0.13955733
-0.10043392
-0.09926536
0.14577168
-0.09159346
0.06380937
0.03393186
-0.18856055
-0.08118024
0.11104958
0.04184254
-0.02360859
0.00076988
-0.00853340
-0.07313627
-0.15278606
-0.04067098
-0.08138487
-0.01311645
-0.15107374
-0.15960252
0.07090210
0.09066346
-0.18557039
-0.06408533
0.16684507
0.10016434
0.09552181
-0.05065833
0.03112723
0.08320205
0.06988964
-0.02305455
0.02167470
0.06541381
0.00643164
0.05880553
-0.09143957
-0.17891876
-0.03466083
0.01330682
0.02369101
0.01133353
-0.01173902
-0.13244435
-0.07949574
0.01340095
0.07365457
0.06446859
0.01108095
0.06556980
0.08009622
0.06708563
0.12351777
0.22160310
0.23715496
-0.00289440
0.03644111
-0.01936117
-0.02778928
0.05429570
0.02269384
-0.02775980
-0.12407126
-0.11730158
-0.09407398
-0.16353564
-0.07015815
-0.02889281
0.01242856
-0.06755119
-0.13667308
-0.19331382
-0.31001148
-0.04254482
0.14056478
0.04363922
0.03144588
0.06776906
-0.21153753
0.00073026
0.13968314
0.02220848
-0.04383570
0.01342039
-0.00895594
0.02060528
-0.04511265
-0.03149734
0.03627834
-0.04949789
-0.12138074
0.03526499
0.05857189
-0.04182271
-0.10397733
0.15009655
0.09630142
0.06974141
-0.02828861
-0.03166951
0.04455419
-0.07957050
-0.16119862
0.00089785
0.13120423
0.00998871
0.05954118
0.10424497
0.20923859
0.03668813
0.03208341
-0.01101622
-0.07842112
-0.01033144
-0.05767840
-0.04963218
0.02164557
0.05623481
0.07098599
0.03503979
0.03607482
-0.04411276
-0.03251860
-0.05091958
0.10766580
-0.01123759
0.03665684
0.20868893
-0.14653353
-0.17576221
-0.03087915
-0.15196419
-0.00624722
-0.10973150
-0.06311163
-0.05544209
-0.05446127
0.03902917
-0.05581235
0.00168750
-0.02181752
0.02328428
0.04248089
0.14807074
0.11404321
-0.01911650
-0.19385681
-0.21678299
-0.09020803
-0.23728922
-0.04521418
-0.03362321
0.02946951
-0.24621290
-0.12280304
0.07280362
-0.02933366
0.04301028
-0.12314805
0.09279449
-0.04494091
-0.05741495
0.00761955
0.14665936
-0.09082517
-0.02243173
-0.06249557
-0.05673841
0.06138382
0.08128323
-0.04713700
-0.28974086
-0.17498314
-0.02156456
-0.09358104
-0.07663164
-0.04633392
-0.09976213
0.06030935
0.00531686
0.10692271
-0.07939716
-0.13183488
-0.10881697
0.01079538
-0.08656131
-0.06986200
-0.08364188
0.02672411
0.05041013
-0.03427865
-0.07573001
-0.05810186
0.15610701
-0.03648956
0.06275259
-0.38354075
-0.43218070
-0.26745200
-0.15091176
0.06852207
-0.14775310
-0.03311188
-0.11579970
0.03353038
0.07151566
0.05131508
0.11151583
0.00873233
-0.07043605
0.09047460
0.02377971
-0.02177039
-0.02628431
0.09283060
-0.09655200
-0.03622423
0.02050053
0.03145923
0.01842224
0.07793202
0.20692459
0.08209743
-0.18461747
-0.05732622
0.06485144
0.20462909
0.17864351
-0.04528258
-0.10079619
-0.01788662
0.08272240
0.13869885
0.14403646
0.00925775
-0.06030171
0.05786394
0.15426899
0.09113283
-0.10658592
0.01373216
-0.08209679
0.04750645
-0.01830027
-0.15321192
-0.06176635
-0.14385036
-0.04846602
0.00109332
-0.02372740
0.06058778
-0.10978272
-0.16662848
-0.01813667
0.11368267
0.11606818
0.05895861
0.12084032
0.03227586
0.14393048
-0.01128763
-0.06803329
-0.02630084
0.13521479
0.01453524
-0.05294710
-0.02323978
0.03702731
-0.01689978
0.01887237
-0.24018772
-0.09162401
-0.06744108
-0.06108088
0.11560889
0.00607469
-0.03912309
-0.06695594
-0.07882165
-0.02409332
0.08956958
0.11576309
0.01757579
-0.14901948
-0.14598726
-0.06077459
-0.11451860
0.02921735
-0.00031726
0.06845934
-0.18221027
-0.05711754
0.08374747
-0.00598388
-0.08025350
-0.00350168
-0.02473632
-0.17221984
0.08070927
0.02558723
-0.06416656
-0.15677515
-0.20485161
0.11661751
0.02188289
-0.09806493
0.00230161
-0.01788388
-0.00487233
0.01679733
0.03304410
-0.02164993
0.00423753
-0.06975190
-0.12181762
0.12124867
0.05311500
0.00176900
-0.04405047
-0.00117588
0.14747521
0.19489266
0.05227897
0.09382875
-0.16933088
-0.04652230
0.03613009
0.05609556
0.04013023
0.03325921
0.07596114
-0.06551669
0.01881071
0.11960316
-0.13949747
0.12160169
-0.03914240
-0.06794002
-0.03193675
-0.14950705
-0.08622243
-0.10490232
-0.01044775
-0.08473747
-0.19800439
0.06036470
0.04729730
0.01725835
-0.07349180
-0.08184998
0.00804715
0.16841501
0.06334399
0.01302084
0.03924013
0.19275129
0.19999254
0.14415842
-0.11831582
0.03518021
0.01869731
0.05108318
0.08133034
-0.08277597
-0.03244149
-0.25467283
-0.23124257
0.04583864
-0.01901715
-0.07945886
0.15954432
0.04594648
0.12723251
0.03912155
0.18170224
-0.13930501
-0.04499920
0.10983897
0.18956336
0.08157469
-0.03320361
0.05656303
-0.03789469
0.24373601
-0.20606925
0.01665382
0.07275929
-0.09421593
0.01349733
0.00128664
0.06852578
0.06352673
-0.05239161
-0.01049417
0.08410523
0.18077925
-0.09707538
0.10822504
0.06579149
-0.03096050
-0.10630380
-0.26281762
-0.00036631
0.00198543
0.09652352
-0.07511556
-0.29933879
-0.04496149
0.02639343
-0.02891349
0.07060438
0.04969034
0.08100668
-0.06522672
-0.00335051
0.05141228
0.02873081
0.00142514
-0.11334558
0.13192528
-0.16649991
-0.19399200
-0.11896355
-0.19597530
-0.17577282
-0.27739701
-0.01606883
-0.07298183
-0.11132458
-0.06116607
0.10513386
0.22820862
0.15133837
-0.09337845
-0.16819233
0.21375126
0.13820185
0.05646725
-0.04370842
-0.05199651
-0.17102906
-0.00847625
0.03687559
0.01703075
-0.15621018
-0.05717774
-0.10529947
-0.01545068
0.02457142
0.07047710
-0.17190084
-0.17285277
-0.20980936
-0.10622144
0.15644358
0.04396386
0.15226696
0.12249333
0.01376295
0.05251972
0.13747945
0.02365362
0.04193390
-0.16209164
-0.05609461
-0.11641171
-0.00681533
0.07462192
-0.02790804
-0.06742287
0.12596425
0.08585151
0.09238088
-0.09431608
-0.05567471
0.09606535
0.03317092
-0.03568998
-0.01225687
-0.27443698
-0.05964246
-0.01404743
-0.08878385
-0.11432617
-0.01304189
-0.05358320
0.08087881
0.09848923
0.15856965
-0.11689624
-0.06590893
0.06564559
0.02206460
-0.06958374
-0.09467878
0.12437852
0.15956309
0.20572376
0.26995918
0.15221754
0.00370232
0.17894018
0.06855173
-0.07995708
0.07441296
0.02185837
0.06566976
-0.06336446
-0.02597156
0.06143564
0.07598045
-0.03770268
0.01542955
-0.10223947
0.05692310
0.04206003
-0.10274127
-0.10636153
-0.04675173
-0.08283743
0.06213621
0.06288965
0.21044794
0.13412817
-0.06387252
-0.02968517
0.01757985
0.13785020
-0.00582225
0.02609026
-0.00031435
0.14759003
0.04279516
-0.11727197
-0.11218878
0.10209367
0.05470964
-0.09063268
-0.01242276
-0.03611885
0.05255212
0.00982781
-0.10857595
0.04223785
-0.07299033
-0.00542562
0.00180329
0.11665231
0.22680472
0.32718900
-0.05205229
0.01176159
-0.03155880
0.04116058
0.00905596
-0.05716083
-0.01353966
-0.13538080
-0.11155635
0.08555146
0.07776516
-0.03504886
-0.02034133
0.08183128
-0.02044772
-0.07134827
-0.00532719
-0.06426283
0.10740504
0.02178319
0.05973501
0.08548208
-0.10425948
0.09780029
-0.13467430
0.09381013
0.11855402
-0.16263296
-0.02488203
-0.02266542
-0.01174792
-0.07051367
-0.07965466
-0.01394613
-0.04978203
0.13724300
0.02200403
-0.11587211
-0.02058885
0.05599105
0.05121905
-0.13919924
-0.06244391
-0.05631677
-0.04481077
-0.01758498
0.33289519
0.08007144
-0.06947657
0.07184833
0.07698129
0.17536159
-0.03761191
-0.24000278
-0.19620839
-0.10456895
-0.06055908
-0.18262897
-0.18886074
-0.17393172
0.14060578
0.04986986
-0.07879037
0.02852928
0.01660176
0.25431782
0.14369293
0.02508858
0.06719067
-0.04164819
0.01513893
-0.06982054
-0.14424203
-0.10347186
-0.05247010
-0.00733142
-0.05830649
-0.02978527
-0.04354099
0.04773553
0.10987808
-0.01220268
-0.19256659
-0.08312313
0.00502074
-0.05732868
-0.09037626
-0.00001115
-0.06744503
-0.08849046
-0.10869016
0.08072062
0.07909704
-0.06771828
-0.07450446
-0.04876044
-0.02782419
-0.12635398
-0.03942356
-0.09346694
-0.10260775
-0.04762717
0.11220138
0.03597973
-0.00349906
-0.04050344
0.01872185
-0.04581584
-0.01656265
-0.12242688
0.00964393
-0.00577676
-0.08854065
-0.11147920
-0.03481967
0.01321117
-0.14159700
-0.13658474
-0.14886352
-0.11966985
-0.03518043
-0.12795006
-0.01403704
-0.09901951
0.07745691
0.04681530
0.05861985
0.11177703
0.06451179
0.02291681
0.15571944
0.05203843
0.15094160
0.00424918
-0.11471165
0.07584327
-0.03147677
-0.12001958
-0.01273579
0.01650850
0.10733898
-0.15611117
0.03766448
-0.03223129
0.09734794
-0.06049433
-0.10342445
-0.06354638
0.06580681
0.00574495
0.00756794
-0.11861141
-0.15259391
0.00397186
-0.01979054
0.04063633
-0.01626092
-0.08726732
-0.06235351
-0.03062470
0.06818341
-0.13511722
-0.01441542
-0.12599628
-0.09122211
0.05414292
-0.13232636
-0.09721841
-0.08995812
-0.03235893
-0.08888108
-0.09423549
-0.09287900
-0.10564122
-0.03533924
0.06059311
0.00315642
-0.08039650
-0.07464775
-0.00667521
0.00247096
-0.00508280
-0.02158665
0.01381075
0.00516484
0.00364517
0.07174731
0.08434120
0.01431145
0.00964081
-0.06479009
0.13064036
0.06241909
0.01651452
-0.03532456
0.02645886
-0.15563464
-0.04592702
-0.06662141
-0.03720376
0.07770235
-0.05139919
0.06205687
-0.03673838
0.05255988
0.19672149
0.04527305
-0.07706060
-0.02356801
-0.16465256
0.03358524
-0.04283211
-0.06385009
-0.07095575
-0.14621772
0.04780935
-0.05636293
-0.14630237
-0.08902432
-0.00254246
-0.12585397
-0.00570888
-0.02947073
-0.08438431
0.05993611
-0.17858930
-0.02069745
0.01295409
-0.15186723
0.25524467
-0.02989090
-0.06062190
-0.04180022
0.03139380
0.03997646
-0.14917144
-0.11515979
-0.03907614
0.06530269
0.08735004
-0.03695454
-0.15246616
-0.11382415
-0.05361170
0.04179892
-0.09503553
0.00160587
0.08844081
-0.15932375
0.01909731
-0.09943840
-0.01900515
0.05383881
-0.04233151
0.02747382
-0.08073650
-0.05393645
-0.12127043
0.01811619
-0.02360452
-0.07611318
0.11031310
-0.11242050
-0.05327545
-0.00907023
-0.13048571
0.07785917
-0.05280455
-0.08205581
-0.06956342
-0.06716327
-0.09355460
-0.12321034
0.01523345
0.13984188
0.00905333
0.05781483
0.05932447
0.10504193
0.13796359
0.15290777
0.07934228
0.04098465
0.08634900
-0.03980606
0.14434038
0.11190861
0.01028146
0.08222988
0.04823433
0.07277103
0.02791043
-0.04816347
-0.06437675
0.07941971
0.01591488
0.02360444
0.00025990
-0.01466808
-0.09856072
-0.12854928
0.00920566
0.10222708
0.09912018
0.09964135
-0.06441237
0.00205261
0.07054603
0.05329918
-0.01320088
0.04837042
0.03287734
0.01120943
-0.13557456
-0.05278096
0.07675609
-0.08349524
-0.07113566
-0.01964983
0.01356570
-0.05411331
-0.07665670
-0.10568571
0.02281063
0.00315493
0.04125616
-0.04122808
0.05205467
0.00260980
-0.01125582
0.04025492
0.08270597
0.04040563
0.05646148
-0.03541657
0.10229553
-0.02814023
0.00756326
0.09689979
0.05730221
-0.01493123
0.01955644
0.04281249
-0.01620268
0.02052785
-0.07782420
-0.00860847
0.11333236
-0.04751160
-0.06019589
-0.01410603
0.08738342
0.04789440
0.03511334
-0.03309057
-0.14200266
-0.04498230
0.07175701
0.14780529
0.08287396
0.05425211
0.12740156
0.11837658
-0.02983941
-0.03774451
0.06697221
-0.07122673
-0.01581265
-0.01320339
-0.05361038
-0.10111075
0.08945503
0.07098311
-0.17567503
-0.07247303
-0.03548202
-0.11492400
-0.04930330
-0.03226897
-0.19336927
0.01651438
-0.02240310
-0.05936894
-0.00401525
0.07566688
-0.02645723
-0.06165064
-0.05905779
0.06802179
0.02822142
0.02495888
-0.07941797
-0.09574989
-0.04045335
-0.13269296
-0.16062802
-0.11815526
-0.11654133
0.00270008
-0.01365949
-0.01553335
-0.10657702
-0.02353002
-0.07809909
-0.16374938
0.04784305
0.10143381
0.00885536
-0.01169854
0.11802802
0.00393420
-0.04965043
-0.03282816
0.05171981
0.11363329
0.00433490
0.01880687
0.07340205
0.12988262
0.07477559
-0.10745165
-0.02661743
-0.10267110
-0.16969149
-0.13841802
-0.07338819
-0.07991187
-0.07468436
-0.11150792
-0.04648835
0.14213757
-0.04448459
-0.07499488
0.00365453
-0.09658249
-0.01890348
-0.17906760
-0.01807084
-0.03148397
-0.03860543
0.04756254
-0.10696792
-0.15118624
-0.14725944
0.00620333
0.09020170
0.01673501
-0.21093208
-0.03724858
-0.09883123
0.14224784
-0.10818889
-0.07514234
-0.04882861
0.07998711
-0.00992612
-0.06647760
0.10231334
0.08326177
0.05826240
0.12180097
0.07108507
0.04933818
-0.05189670
-0.05361721
0.06112640
0.16378675
0.04165258
-0.07149898
-0.13382006
-0.06126994
-0.17256199
-0.05528960
-0.18827805
-0.08319643
0.00095351
-0.01469048
0.09499993
0.08399889
0.09449118
0.03316417
-0.00608828
-0.15035146
-0.04447646
0.08053940
-0.08952251
0.10451266
-0.07198080
-0.08101669
0.02908786
0.02007481
0.19465789
0.15095925
-0.04333758
-0.07460303
-0.14632113
0.00386988
0.00726851
0.11235812
0.15980522
-0.06569241
0.05435558
0.09767894
-0.03479323
-0.04935220
0.07503072
-0.12303414
-0.12450653
-0.17560093
-0.32896188
-0.10981534
-0.11428079
-0.21386755
-0.24319710
-0.16225286
0.04118714
-0.01611609
-0.05112020
-0.05881041
-0.02979147
0.07127315
-0.07055762
0.04999643
0.03691958
-0.13502997
-0.03725338
0.04262399
0.04937336
0.05038589
0.02394340
-0.15804106
0.04536547
-0.02541844
-0.06855302
-0.29945555
-0.07541265
-0.12005733
-0.09017731
-0.31566200
-0.13914646
0.15721680
0.12048198
0.15868339
0.05555638
0.09307843
-0.03521036
0.03177559
0.01038740
-0.18628646
-0.05723615
0.02187065
-0.15320681
0.03741306
-0.06771006
-0.04931689
0.11107782
-0.12982546
-0.25896826
0.05526730
0.01973771
0.12725723
0.03385596
0.05888270
-0.04332830
0.05276686
0.19001739
-0.04125823
-0.05074384
0.02653444
0.00845604
-0.40023676
-0.27341568
-0.21075664
-0.00540510
0.07743292
-0.00502279
-0.05006335
0.04860120
0.09545883
-0.12204332
-0.00715321
0.01356327
0.02349254
0.01247708
-0.03658970
-0.16339180
-0.22236919
0.05066986
-0.13958576
0.00761066
-0.00582087
0.07105758
0.06142064
0.29274768
0.11008841
0.06951387
-0.01426464
-0.09888601
0.06443410
0.00519715
0.00153286
-0.03190282
-0.02791776
-0.02659514
0.00174411
-0.08482677
0.02851793
-0.10221516
-0.04785503
0.06821683
-0.05205618
0.01771521
-0.24141033
-0.15835091
0.11626276
-0.01157631
0.07649348
-0.07668544
-0.02837809
0.11804085
-0.10858984
-0.25972474
0.00207463
-0.02378297
0.06088976
0.02797885
-0.14483306
-0.09733324
-0.01952766
-0.03177544
0.05812861
0.05830709
0.16067976
0.08509035
0.05349452
0.05145014
0.06862351
-0.03443506
0.04928503
0.23697495
-0.01592816
-0.11907838
-0.04194191
-0.06717478
0.01938797
-0.03969602
0.05322416
-0.01015022
0.05594183
0.09389347
-0.05255939
-0.11587182
-0.11229111
-0.15011773
-0.20675935
0.07488353
0.03648616
-0.06061496
0.01133354
-0.17747147
-0.06060289
-0.00308725
-0.11296079
0.13196401
0.00287850
-0.10319899
-0.13652600
-0.05268482
0.05407986
0.08203538
-0.08839503
0.04229087
0.03270574
0.09873881
0.04236674
0.05067160
0.15876126
0.07959744
0.00790061
0.13153403
-0.09107815
-0.04400238
0.05262005
0.13313414
-0.05699407
-0.14256087
-0.01559811
0.01822644
-0.13395856
-0.12706369
0.05785878
0.02254017
-0.07116849
-0.08116712
-0.01995275
-0.19279394
0.08549310
0.20460755
0.20313758
0.04998668
-0.03247449
0.08886755
0.12414631
0.01495615
-0.10503481
-0.12503269
-0.10946063
0.06564470
-0.09931629
-0.01885107
-0.00927029
0.02734111
-0.09871023
-0.12131003
-0.36133015
-0.02437968
-0.07546617
-0.04253124
-0.01949402
0.04570565
-0.08062436
-0.11228128
-0.16987231
0.03818751
0.05871909
-0.09930544
-0.16125187
0.00586727
0.02400190
0.04553023
-0.06810839
-0.11426781
-0.12917845
-0.04844917
-0.23244803
0.00294646
0.00523740
0.09305046
0.08303431
-0.18779333
-0.04326479
0.16791786
0.03661562
-0.08980849
-0.00411589
0.15426189
0.14375106
0.20978627
0.07825748
0.00093696
0.15337858
0.19660306
-0.03590832
0.01987772
-0.05844004
-0.05932804
-0.01392527
0.07058560
0.03755608
0.07354160
0.03522594
0.08581968
-0.07992680
0.04770466
-0.17689162
0.17993745
0.12618698
0.06421670
0.02455649
0.02334804
0.00999551
-0.12220468
-0.14777541
-0.19276799
0.00693506
-0.02162506
0.16654956
-0.04735096
-0.05399663
-0.28120306
0.10770691
0.02615604
-0.03266189
0.16954358
0.08660173
0.11253438
0.09381419
0.09578072
0.11759571
0.08103698
-0.04042731
-0.02395929
0.16879262
0.04037674
-0.04047846
-0.13631752
0.02371448
-0.10918830
-0.11987390
-0.23214188
-0.04388144
-0.03958121
0.02277211
-0.18062384
-0.00515701
0.11919408
-0.04102613
0.10222757
0.00732869
0.10838364
-0.15229937
-0.04435821
0.20203926
0.25468099
0.04034893
-0.09749583
0.00088335
0.11334938
0.10007572
-0.01328008
-0.26080453
-0.25175971
-0.16219875
-0.10816018
-0.02806246
-0.08734983
-0.21807678
0.01136612
0.10706731
0.08911075
0.00828651
-0.04153401
-0.05884139
0.09853248
0.05047989
-0.10366826
-0.07859496
-0.09928397
-0.05976995
-0.03038074
0.06061102
-0.15543588
-0.08726786
0.06988745
0.15057084
0.15060624
-0.16768757
-0.14115718
-0.10854127
-0.06421142
-0.09737249
-0.10649601
-0.22169164
0.20849560
0.01485493
0.08823511
0.06356115
0.09799474
0.09061162
0.07572043
0.06933958
0.24338238
0.15501264
0.04426439
0.06158831
0.12812367
0.06542592
-0.08867354
-0.03010467
-0.00561203
0.02034012
-0.02535510
-0.01598808
0.00692478
-0.05308871
0.01415002
0.03845706
0.02295578
-0.02204231
0.01373328
-0.02352468
-0.04304916
-0.00292402
0.01240766
-0.00648084
-0.05284830
-0.02865797
-0.02131665
-0.03237686
0.00186526
-0.01925407
-0.03085287
0.03159029
-0.00378468
-0.00130480
-0.03275133
-0.00250281
0.00098947
-0.04149828
-0.03588894
0.02422626
-0.04075335
-0.04989647
-0.01451690
-0.00237511
0.01677125
0.01864398
-0.02393924
-0.02198591
0.00529920
-0.05306883
-0.02453347
0.02907976
-0.04322750
0.02149981
0.03369892
0.04420454
0.01899076
-0.04824211
-0.02492232
-0.03616816
0.02756942
-0.02483808
-0.04963537
-0.02615527
0.03174294
-0.03564273
-0.01625811
-0.02462379
0.03787596
0.03625105
-0.03299284
-0.03270303
-0.03437102
-0.04988069
-0.00734307
0.03126625
-0.00770703
-0.01809221
-0.05166082
-0.03624270
0.00763439
-0.02929083
-0.04491871
0.03661245
-0.03410562
-0.01004123
-0.00158014
-0.08025242
0.03442148
-0.01207816
0.03212308
0.03525389
-0.00394439
-0.02152634
-0.01392404
-0.05417497
0.00277307
-0.02419016
-0.03724317
-0.05362995
-0.01458360
0.02092403
0.01059215
-0.00533363
-0.02896602
0.02127432
-0.04868533
0.01106023
0.02465332
0.02650870
-0.04999026
-0.03476144
0.02331676
0.00341302
-0.02509612
-0.00007051
0.00927540
-0.01318806
-0.01125708
0.01471366
-0.02086755
-0.00258427
0.03230419
0.00098991
0.01700900
-0.00005859
-0.02571015
-0.00528051
-0.06306078
0.00328923
-0.02251879
0.01890782
-0.00882198
0.00684535
0.03225056
0.04011879
0.00211704
0.01697134
-0.02591680
0.02273154
0.00117160
-0.02092667
-0.02857741
-0.04514799
0.03216662
-0.00901738
0.02568984
0.02724170
-0.03507537
0.04952532
0.05284698
0.01552201
0.02368179
-0.03417722
-0.01506515
-0.03124144
-0.01755521
-0.01822241
-0.03571663
0.02859085
-0.03824873
-0.00262742
0.02072827
-0.01257154
-0.04865383
-0.01319324
-0.05442734
-0.00614910
-0.04733662
-0.02488549
0.01292969
-0.02039457
-0.04082771
-0.02017371
-0.04134252
0.01556683
-0.03724185
0.00273440
-0.02503568
-0.05392725
0.02129252
-0.01958769
0.01955565
-0.03058583
0.03222797
0.03497176
-0.03675151
0.02935385
0.01128089
-0.05571920
-0.03117603
-0.04943354
-0.04134949
0.04347317
0.04359823
-0.03119631
-0.02883007
-0.00008300
0.02744891
-0.01475462
0.05068306
0.01798849
0.01979404
0.02797810
-0.01171190
-0.01683989
-0.02996265
-0.03408189
-0.02243737
0.02310864
-0.04061127
0.00220731
-0.05726492
-0.03216795
-0.04867679
-0.02866875
0.02743335
0.01488595
0.02526460
0.03232304
-0.03808887
-0.03650429
-0.01805469
-0.04769966
-0.03352353
-0.02730423
0.02670967
0.02382709
0.03598442
-0.02161514
0.03872440
0.00945860
0.04255084
0.01270319
-0.03355990
-0.05268285
0.00654274
-0.02156842
-0.02129846
-0.07341512
-0.02643084
-0.05018520
0.00823185
-0.04756286
-0.07964960
0.00942609
0.00860858
0.04010481
-0.02938821
-0.01428786
0.00894158
-0.04138999
0.03654950
-0.08481712
-0.00879654
-0.02423349
-0.05492216
0.03664787
0.00971518
0.01833638
-0.01826416
0.00002656
-0.01469469
0.02126218
-0.03228815
-0.03898827
0.00346462
0.00823669
-0.03856100
0.03662638
0.01480468
-0.02568856
-0.03486406
0.03635189
0.00785414
-0.05252082
-0.05452992
-0.01364382
-0.03078976
-0.03859363
-0.00753945
-0.06308003
-0.05229584
-0.05111914
-0.06772423
-0.03621231
0.02067940
0.00414399
-0.03532010
-0.00919359
-0.03149057
-0.03294380
0.02583082
-0.01053728
-0.05359786
-0.06606748
-0.06590401
0.02038013
-0.05703322
-0.09171947
-0.00186875
0.04169625
-0.00586470
-0.06926199
-0.02809612
-0.04903836
-0.03010366
-0.06610218
-0.02535479
0.02990061
0.02674801
-0.06309288
-0.02607176
-0.04411148
-0.01736351
-0.03255795
-0.02175336
0.01343621
-0.05058674
-0.00825969
-0.00112622
-0.01140926
-0.01832610
0.00687910
-0.04821502
0.02576900
-0.04129814
0.01510348
-0.06083442
0.02955156
-0.04566243
0.03186913
-0.06645429
-0.04907406
-0.02210733
-0.04522910
-0.03085167
-0.00056037
-0.03111088
0.01183983
-0.04227773
-0.02671844
-0.02836464
-0.04157283
-0.05521360
-0.03282602
-0.03133137
-0.05376041
-0.04757578
-0.05931227
-0.06065992
-0.01017143
0.01819298
-0.08053389
-0.00697436
0.00643554
-0.02987018
-0.05627713
-0.01385846
-0.00624951
-0.03849691
0.01317661
-0.04038252
0.04283151
0.01390673
0.02274293
-0.03608793
-0.02921546
-0.03070454
-0.01612143
-0.01390203
-0.02323295
0.00521484
-0.03351706
0.03660298
0.03896774
-0.03316608
-0.04609680
0.01909597
-0.03757486
0.00156341
-0.03553369
0.02504567
0.03153325
0.00760878
0.05092829
-0.03602620
-0.01366788
-0.00397030
-0.05841713
0.00364981
-0.04998741
0.02738298
-0.03448830
-0.04536665
-0.04441519
-0.02243914
0.00541367
-0.02098232
-0.01399274
0.00707819
0.02316710
-0.02867412
-0.01390307
-0.00951236
-0.03052912
-0.01708256
-0.02938960
-0.04536014
0.10041371
-0.09274163
0.03829653
-0.01339675
0.07306112
0.00785860
0.03046100
-0.06038275
0.04114880
0.15366031
-0.08568364
0.00505304
0.07371554
0.08742685
0.00181641
0.02689338
-0.11820287
-0.07327569
-0.14627515
-0.12486889
0.03150152
0.05992483
0.01737485
-0.32074967
-0.49967402
0.01545146
0.04747723
0.02213609
0.06565812
-0.02706945
-0.00003635
0.04716153
-0.00539520
0.16950358
0.19744965
0.08587351
0.09519323
-0.03046048
0.12083396
0.12753379
-0.13131903
-0.07662237
-0.06245323
-0.00339802
0.10340788
-0.48271379
-0.38287419
-0.13613516
-0.15400250
-0.27865806
-0.02464503
-0.05513693
-0.07620268
0.15747949
0.14554088
0.05723315
-0.03049321
0.07124595
0.14363764
0.00913915
0.02539825
-0.16882098
-0.05496629
-0.03481960
-0.12018938
-0.04167482
-0.03584528
0.11732034
0.03246659
-0.01255104
-0.06542349
0.08719505
-0.10217303
-0.25299233
-0.28637153
0.13179220
0.07106636
0.13862164
0.09220619
0.02349801
0.19800963
0.00388219
0.04851492
-0.00176928
0.05854437
0.01053016
-0.01983302
-0.17263177
-0.10930381
-0.12143680
-0.19783993
-0.13186173
-0.03489243
-0.17841071
-0.19138747
-0.34237283
-0.42764467
-0.25178659
-0.27435440
0.02094360
-0.15669647
-0.33855268
-0.03845142
-0.03433269
-0.03058491
-0.03183337
-0.06121320
-0.03114642
-0.15972359
0.06853175
-0.04073937
0.05094869
-0.05862086
-0.13683602
0.12240565
-0.14421570
-0.02427355
-0.01036187
0.00233501
-0.21705364
0.01959504
0.27207407
0.17449728
-0.01828934
0.00525710
-0.03974314
0.03682410
0.01764960
0.03573510
0.06623724
0.11652585
-0.06756143
0.12105791
0.14726695
0.20044211
0.02302968
0.09784023
0.08487955
0.16078596
0.25051922
-0.13072418
-0.13556749
-0.07172249
-0.05246771
0.18008664
-0.15748917
0.04265884
-0.09004065
-0.19012991
-0.34592980
-0.15919772
-0.03959008
-0.13977620
-0.02077773
0.12101253
-0.07587051
-0.04626437
-0.02284554
-0.04805315
0.05072658
0.00446825
0.04809243
-0.09758596
-0.14003327
0.05677102
-0.09056492
0.11353792
0.08404554
-0.09444249
0.14183699
-0.23883288
-0.00991263
0.11384740
0.09840500
-0.09380586
0.12173378
0.03017961
-0.05161944
-0.11769616
-0.15144899
0.04690151
0.05039790
0.00782052
0.06845869
0.00790332
0.03072435
-0.13738003
-0.06722260
0.13314341
-0.00845154
0.01261455
0.11692165
0.04746677
-0.09023001
-0.03465868
-0.03103578
0.14272417
0.18103950
-0.04839620
-0.20167458
-0.04744539
-0.07080043
-0.02206330
-0.11003022
0.00566683
-0.06123497
0.09787106
0.13367106
-0.01141910
0.03802918
-0.02279367
-0.02945790
0.08289207
0.01452832
-0.07868211
-0.03123420
0.09423140
-0.07558119
-0.08176465
0.08907284
-0.06512526
0.14052868
-0.02115187
-0.22270186
-0.27661037
0.04540260
0.05566829
0.04024988
0.19261098
0.13460572
-0.11634678
0.00662750
0.08154383
-0.00725231
0.09173040
0.05667184
0.07193302
-0.03277036
0.15986338
0.06436607
0.15577967
0.21243411
0.14332981
0.13343330
0.08205472
-0.26333773
-0.32581517
-0.18500142
-0.16926511
-0.24262312
-0.06249433
-0.20778038
-0.07037163
-0.18135871
-0.12739970
-0.03373839
0.14887004
0.03267602
-0.03564164
-0.18470001
0.02730080
0.02382335
-0.06246015
0.01044067
0.05454555
-0.16079417
0.06174646
-0.01276270
-0.05282072
-0.02492783
0.04648063
0.19700512
0.09295658
-0.01505484
-0.26801577
0.20969228
0.13615994
0.02904404
0.02203321
0.14319122
-0.03623280
-0.02019252
-0.07097896
0.07204852
0.09004558
0.04568024
0.07181196
0.00763521
0.13235910
-0.14452602
0.12984356
0.01609589
0.03843454
0.09820957
0.14003177
-0.13506266
-0.25672486
-0.02088710
0.04177850
0.00366598
0.06724674
0.13307579
-0.13388571
-0.05200948
-0.02653237
-0.07435598
0.04867164
0.21554469
-0.05353320
-0.13184346
-0.07670852
-0.03790207
-0.09364283
-0.04161180
-0.12200017
-0.23470141
-0.13842973
-0.22741690
-0.15194899
-0.30666816
-0.33836421
-0.04535991
-0.02567077
0.03641225
-0.17793824
0.10640413
0.04417288
-0.14555725
-0.16748744
-0.20107108
-0.13778722
-0.10579078
-0.12567054
0.04289332
-0.03665350
-0.05848707
-0.09287531
-0.06890458
0.18246005
-0.06471492
-0.06579598
0.00036374
-0.03979363
0.17398718
0.09017584
0.09139152
0.07250538
0.14378268
0.15435503
0.26150832
0.01011912
-0.07698196
0.06212811
-0.10632966
-0.13480581
-0.07531040
-0.03232745
0.08282119
0.05242369
0.02993957
-0.04643676
-0.17039511
-0.00231384
-0.11088885
-0.06235708
-0.11722331
0.02769829
0.02425596
0.08283573
0.04903504
-0.10098816
0.11203257
0.21155596
0.20934451
0.12780599
-0.14985874
-0.19970962
-0.26199976
-0.01405864
0.06469212
-0.23858663
-0.12802026
0.04424173
0.05881676
-0.04720024
-0.07374966
0.03394984
0.22697254
-0.00527315
-0.08406707
0.03001227
0.07352460
0.08482683
0.05467151
0.17549779
-0.12139565
0.08994221
0.09410501
0.06392764
-0.00462685
-0.00591765
-0.15287863
0.00088032
-0.05023150
0.08516252
-0.02349910
-0.07959912
0.11537203
-0.05553726
-0.03099725
-0.15389487
0.09784345
-0.17085442
-0.00685481
0.15350913
-0.07962626
0.12078100
-0.10359859
0.10584592
0.31954426
0.09258514
0.04077430
0.05142601
-0.17847118
0.14360972
0.02208888
0.07079878
0.13666669
0.11428621
0.04209493
0.03631573
0.00062565
0.03741986
-0.03840090
0.01277791
-0.00486303
0.12561950
-0.09382424
-0.05959566
-0.04317175
0.14520025
0.08942199
-0.07463784
-0.05281792
-0.03448845
0.11804561
0.01617385
-0.06049153
0.02095137
-0.12406155
0.11037417
0.06014382
0.01769255
-0.09721860
0.07714316
0.02538212
-0.03916562
-0.04485551
-0.01885503
0.07582109
-0.10980009
-0.04927771
-0.09291311
-0.07674878
-0.13676073
0.14978917
0.01610800
-0.03440933
-0.09915728
-0.11823217
-0.03817499
-0.09086567
0.10578009
0.02705718
-0.00996749
-0.01628087
0.00845002
0.08078080
-0.11029246
-0.10299688
0.01546339
0.14759496
0.07674605
-0.09837657
-0.12117851
0.07361202
0.11082722
-0.02010992
0.17517926
0.19733985
-0.09817548
-0.17232545
-0.15899405
-0.01454130
0.19121109
-0.11157379
-0.11562209
0.04430250
-0.03613144
-0.11518607
-0.18283743
-0.24099450
0.06766963
-0.02814954
-0.09315018
-0.04746366
-0.23241660
0.02726308
-0.07751285
-0.09869374
-0.28233993
-0.06015474
0.10662955
0.06594449
0.21876709
0.07480212
-0.04502726
0.05474186
0.04980227
0.23840182
-0.17073154
0.08033053
-0.04771336
0.06190821
-0.20629823
-0.03585888
-0.03353513
-0.04826187
0.03129261
-0.02682540
-0.02973365
-0.09090428
0.10558268
0.06755063
0.01489865
-0.16426075
-0.09550931
0.00836401
0.16242538
-0.06278898
-0.08210353
0.04377873
-0.11815559
0.06557137
-0.06610393
0.08438420
0.00929521
0.03340838
0.08049612
0.18833902
0.02366585
0.00595997
0.13407521
-0.17222239
-0.09555163
0.01060261
-0.02120431
0.00906420
-0.16002555
-0.01568983
0.02730741
-0.21221180
0.14729863
0.03305537
-0.15594114
-0.07660799
-0.03980489
0.00296772
-0.10864454
-0.32502714
0.03259010
-0.00113347
0.02203453
-0.10759515
-0.09785827
-0.00759145
0.16529439
-0.09455527
-0.21495064
-0.12345532
0.11869242
0.28548458
-0.16458237
-0.27747148
-0.25161868
0.14686532
0.22674352
-0.15996917
0.01237204
0.09327871
0.03374820
0.07730995
-0.11372935
-0.05611186
-0.07283765
-0.13943163
-0.07696479
-0.06964679
-0.09886872
-0.24787095
0.19272634
0.08770797
0.09471190
-0.06963894
0.16366121
0.18604910
0.05797640
-0.04640892
0.04996712
0.04332538
-0.22204711
-0.08013438
0.03342285
0.08549145
0.03640357
-0.00182988
0.12648851
-0.05149409
0.00584107
-0.07874159
-0.02636757
0.06366077
0.05508329
0.00909293
-0.02968320
-0.02786808
0.10869654
0.13332972
0.14285868
0.01778311
0.02229952
-0.08041483
-0.18569787
-0.08283873
0.19639340
0.18462199
0.09402316
0.03040818
-0.13478048
-0.14044048
0.14055857
0.11492880
0.01058585
0.01730496
-0.24911726
-0.03109808
0.13511115
0.08937111
0.15436991
-0.07396398
-0.01704090
-0.19866325
-0.23496196
0.00326086
0.12242481
-0.10703321
-0.06614476
-0.03042100
-0.08500610
-0.08069526
0.02066528
0.11727004
-0.02235879
-0.08677983
-0.23080629
0.03398860
0.06995212
0.12258306
0.10093625
0.04491090
-0.08371050
0.02669494
0.09677078
0.08463505
0.08282191
-0.01336850
0.00436928
-0.15446033
-0.18835503
0.12497835
-0.09477250
-0.22532307
-0.29335645
-0.14463151
0.07726861
0.18134415
0.04142417
0.00721562
-0.01519306
-0.10646733
0.15890504
0.24356994
-0.05362214
-0.19555685
-0.21417916
0.02280971
0.04256879
0.20901749
0.14642447
-0.05261316
-0.02233747
0.15194215
-0.15098055
-0.19083664
-0.17041023
0.09123328
0.03347508
-0.12721743
-0.18165287
-0.23749946
-0.07834397
-0.05231028
0.09439965
-0.02921065
0.08495345
-0.10638629
0.01303986
0.09618726
0.15278716
0.25961879
0.10796642
0.14042239
0.08231781
0.00129599
0.04511654
0.00748156
0.03962892
-0.08096752
-0.18888420
-0.04122597
0.05841656
-0.10352309
-0.08171900
-0.15842572
0.01514387
0.01711074
-0.11363585
0.10962579
-0.17347123
-0.15467194
0.07064484
0.04929476
0.03152113
-0.00660366
-0.28825775
0.05189737
0.12668832
-0.01211092
0.04726089
0.16318533
0.08782237
-0.03942693
0.07969307
-0.11547881
-0.06545075
0.05779926
-0.00081952
-0.01022171
0.10040654
-0.07923351
-0.20613872
-0.11838261
0.04838514
0.10317755
-0.05854874
-0.00302637
-0.06419701
-0.00462135
0.00982787
-0.12337055
-0.01372772
-0.01036055
-0.21042073
-0.06968085
0.22282317
-0.02153583
-0.17068721
0.01537660
0.04125633
0.05926375
0.08700907
-0.39656514
-0.32094273
-0.01494139
0.15174867
-0.23753445
-0.25648534
-0.02288410
-0.18599521
-0.12518662
-0.04535961
0.05789434
-0.17607425
-0.13653997
0.04727631
-0.15499714
-0.17242797
-0.31426862
0.08233522
0.18950760
-0.03437766
0.07493021
0.04298460
-0.12535410
-0.10550733
0.03483280
-0.00224683
0.07327257
0.08941592
0.08386204
0.07712980
0.28088066
0.18347067
0.09447291
0.43923780
-0.00942014
0.04612913
-0.06761553
0.19015899
0.00940799
0.04997301
0.11333666
0.29244214
0.00331164
-0.01260898
-0.02762093
-0.07264648
-0.11560066
0.06288382
0.11554089
0.13751543
0.12225872
-0.06763707
-0.04272275
-0.01811701
0.04949990
-0.18526061
-0.35337433
-0.37507400
-0.43425706
0.01400332
-0.09965822
-0.20763968
-0.44220671
-0.56478304
-0.03285443
-0.06235769
-0.12436933
-0.35569736
-0.36095896
-0.22491528
-0.17113174
0.06198486
0.06650384
0.14231211
0.01069431
-0.00551021
0.10759173
0.18428783
-0.05228154
0.01059613
0.05957795
0.11628050
-0.01991772
0.03131209
0.10591073
-0.12386953
0.03919273
-0.00439454
-0.00740895
0.01003268
0.07165926
-0.03442615
-0.00641757
-0.27259570
0.01285920
0.03362913
0.07697733
0.03834036
0.03762554
0.07995193
-0.05285109
-0.09508380
0.13209103
0.20712544
0.14496696
-0.22051784
-0.14437589
0.02276124
-0.06041808
0.07619794
-0.02991218
-0.10886847
-0.18946581
-0.36758274
0.14302427
-0.03674474
-0.14468722
-0.31523964
-0.00727018
-0.31424677
-0.21495414
0.05068319
0.01184602
0.04683620
0.10747090
0.14591596
0.07245700
0.12861663
-0.00363950
0.06487206
0.10652123
-0.02661955
-0.00510210
-0.15193464
-0.05021041
-0.08779178
-0.10280890
0.02753328
-0.28265935
-0.07373407
-0.00227547
-0.02400277
-0.03581182
-0.30148742
0.03254895
-0.05431434
0.06777773
0.11460817
0.23287371
0.17489567
0.00977763
0.04233115
-0.03078967
0.07299779
0.02256173
0.03521960
-0.05955603
-0.02355290
0.08408315
-0.09888996
0.10123420
0.01362243
0.06971726
-0.16345093
-0.01441007
-0.04455969
-0.03485006
0.07056850
-0.12150610
-0.20444295
0.10456399
0.06214597
0.06362429
0.03629481
-0.14999703
0.03854291
0.02068985
0.29692724
0.10633618
0.04564663
0.03293399
0.07559830
0.16701092
-0.12390321
0.01661082
-0.06818431
0.14349952
0.17754667
0.04493842
0.11870083
-0.05273093
-0.07984195
-0.01373967
-0.06908987
-0.16912386
0.04562339
-0.10142304
0.03562188
-0.08130594
0.04189093
-0.04148791
0.16974592
0.14299580
-0.01307817
0.00048452
-0.07679700
-0.09912259
0.12167526
0.22190315
0.00909039
-0.21911655
-0.35159799
0.00528395
-0.31989712
0.06474673
-0.04425396
-0.28594461
-0.16907281
-0.27744412
-0.25333929
-0.09438477
-0.08244839
0.02716680
0.04051719
0.12005331
-0.02621369
0.08243231
0.10289089
-0.05384169
-0.07013587
-0.05682260
0.01873056
-0.02586000
-0.15239212
-0.00895168
0.11698355
0.04029520
0.05527414
-0.11509737
0.01532636
0.19285156
0.12738708
-0.02866979
-0.33094636
-0.18222068
0.02322249
0.01688958
-0.01679741
0.01970397
-0.07371058
-0.06163210
-0.00679386
-0.01924777
0.05738529
0.00706363
-0.09648903
-0.06634804
-0.24730407
-0.29531789
-0.09795291
-0.17418338
-0.13101709
-0.22628109
-0.44989774
0.02939819
-0.03948020
-0.11511209
-0.15430351
-0.33174375
-0.26502809
-0.08744295
0.03698446
0.03256265
0.05864939
-0.04212474
0.10592128
0.11399066
-0.02363791
0.02906492
0.09820637
0.31485069
0.04233021
0.08042203
0.11973696
0.05060999
0.04080226
-0.01410908
0.07465323
0.06185452
-0.06684212
0.03008367
-0.03938649
0.02993665
-0.36744633
-0.13071458
-0.13458969
0.03357976
-0.05547125
0.17719285
-0.16757634
-0.04723620
-0.12504031
-0.12610132
0.19883898
-0.08890564
-0.03382135
-0.06985049
-0.11928697
-0.16934682
-0.07175232
-0.17398718
-0.14963590
0.08767476
-0.10280935
0.03801808
0.01148604
0.03427988
0.00218105
-0.11986450
0.00806664
0.00228226
0.09604341
0.00896323
-0.18615809
0.09888934
-0.03552279
-0.02222180
0.10343734
-0.15321784
0.07906532
-0.09209917
0.15967740
0.03170042
0.00473881
0.06227728
0.07946009
0.13754404
0.11152092
0.12656051
0.03852101
0.00136875
0.03423865
0.29908696
0.17144085
-0.11911687
-0.01461238
0.10466987
0.25279206
0.21443500
-0.13058163
-0.15834586
0.00380084
0.06585187
-0.03832266
0.02175525
0.08625191
0.07899015
0.06797408
0.15153305
0.01990286
0.08019226
0.16099834
0.20234580
0.09225804
-0.12923501
-0.07710753
0.01618705
0.17422657
0.22679633
-0.04069842
-0.12202023
0.08994433
-0.08633803
0.07355963
0.01361984
-0.00205556
-0.00687244
0.11529692
-0.03539844
-0.00899965
-0.03089439
0.09804804
0.15886487
-0.01343888
0.12057058
0.19807345
0.13389990
-0.01055404
-0.04740587
0.15665641
-0.11437831
-0.00835890
0.05276171
-0.02131236
0.14149107
-0.08789962
0.19258520
-0.04608462
0.01324917
-0.09703786
-0.04191294
0.01655711
0.11127424
0.08371889
-0.01330077
0.08448230
0.14351009
0.14226606
0.17986885
0.08719075
0.17436528
-0.07155808
0.06405433
0.13962823
-0.01836359
0.17638072
0.16876590
0.14411235
0.03139074
