-0.10888402
-0.04684664
-0.01256247
0.07363766
-0.09688742
-0.01557689
-0.17568848
0.00912123
0.03985550
-0.00982399
-0.00492777
0.07912651
0.19165796
-0.11317789
-0.06862261
-0.15229751
-0.09349893
-0.04608133
0.01733367
-0.23933430
-0.15160923
-0.07389615
-0.09024949
0.00800934
-0.19372901
-0.00809186
-0.01894484
0.06558291
-0.00537193
-0.03542709
0.19432008
-0.11010271
0.02147090
0.11574890
-0.08857478
0.03081651
-0.13349791
0.06184546
0.01172027
-0.10156279
-0.09338485
0.01096107
0.08168254
-0.06600063
-0.10368074
0.09017667
0.07484845
-0.16792120
-0.13292161
-0.05048516
-0.04602639
-0.07717756
-0.13718987
0.02521156
-0.01543025
-0.11603391
0.16941559
0.02683975
-0.00957515
-0.17730612
-0.14561425
-0.21391264
0.01375671
-0.05877550
0.01027479
-0.02862360
0.16417722
0.06496100
-0.06590839
-0.05721889
-0.07765776
-0.09204594
0.08451311
-0.12149505
-0.21825026
-0.02968126
0.00525729
0.02541526
0.06434853
-0.16177987
0.00790747
-0.04770606
-0.00931261
-0.00543434
0.01531849
0.02370781
-0.06470364
-0.02279445
-0.08814844
0.02210343
-0.09036013
0.03233463
-0.05554556
-0.06251354
-0.16065638
-0.05460909
0.17223251
-0.07014015
-0.02097796
-0.19742085
-0.06738988
-0.16488892
-0.06990091
-0.04275773
-0.15143803
-0.00547982
0.07089342
-0.07091870
-0.01753878
0.03158160
0.06681754
-0.04646052
0.03316582
-0.16493012
-0.05917060
0.01845107
-0.04170443
0.02724324
0.01820183
-0.08179231
0.14041933
0.08941107
-0.03782871
0.19442271
0.01770245
-0.13638635
-0.27761719
-0.01064354
0.13148293
-0.09337310
-0.00101727
0.10079148
0.04947668
0.03596207
-0.08437046
-0.06609344
0.02775447
0.19880706
0.02361613
-0.09908826
0.12324965
-0.00759157
0.02096828
0.00226332
-0.19555651
0.04378882
0.00702816
-0.05817412
0.00028604
-0.16016249
-0.03001306
-0.06908581
0.05289066
0.21958511
-0.00791635
0.24741039
-0.09211498
-0.05472852
0.06864423
-0.02912875
0.00948965
-0.02131444
0.04801511
-0.13929772
0.10894909
-0.04391675
-0.02881810
0.01655942
0.06069468
0.08398504
-0.06786289
-0.06324606
0.09255347
0.01420427
0.19610827
-0.05526172
-0.07866983
-0.08410849
0.23695929
-0.11460936
0.10278711
0.10512154
0.03514316
0.10284925
0.00667583
0.14946382
0.16674727
-0.02702369
0.05766862
-0.15672228
-0.03473704
0.05092534
-0.03229447
-0.09394485
0.04927213
0.04750594
-0.14347708
-0.06561317
0.06949996
0.00963679
-0.01788306
0.07463684
0.17412826
0.00683355
-0.01220614
-0.00423205
-0.03324288
0.01622984
0.00209717
0.05886524
-0.10887476
-0.12919663
-0.07216986
0.06042979
-0.19196579
-0.20815893
0.07463028
0.07396971
-0.02288039
-0.09135610
-0.25910154
0.01205783
-0.08073550
-0.02106412
0.10929345
-0.04679107
-0.03543670
-0.07320935
0.03492503
0.03734726
-0.23278560
0.14984997
-0.01425123
-0.05891803
0.01007816
0.05820403
0.08549874
0.05012714
-0.17237873
-0.18804803
-0.30597019
-0.09271449
0.02219570
0.01940766
-0.05391720
-0.24502952
-0.03976667
-0.16941236
-0.16374804
-0.20563646
0.09202302
-0.00482825
-0.15197816
0.03501497
-0.00552868
-0.08968855
-0.01492538
0.05073415
-0.12275627
-0.11980605
0.01827448
-0.35966203
-0.00398563
-0.16198818
0.08835119
-0.03291054
0.03952490
-0.03098403
-0.04510893
0.01209525
-0.16518334
0.03099393
0.00466789
0.02679504
0.05060132
0.07257258
-0.00874460
-0.03624906
-0.14632443
-0.10206673
-0.22654693
-0.04087609
-0.07695810
-0.04367368
-0.07983870
-0.05851870
-0.20831855
0.20657845
0.03795569
-0.12510361
0.03259540
0.02486592
0.01717981
0.05595127
0.04860351
-0.21373253
-0.18847863
-0.03158293
-0.05415069
-0.09211133
-0.05546349
-0.11776782
0.10867754
-0.20510754
-0.02014892
0.07899015
0.31911084
-0.03864606
0.04426649
-0.01998627
0.05158522
-0.09025156
-0.10991646
0.17569762
0.06294950
-0.07570861
0.01482507
0.03284534
-0.05326719
0.25004175
-0.08025975
0.08572181
0.09865084
0.10608862
-0.05674720
-0.11092999
-0.01706245
0.00865237
0.04409511
0.20589919
0.06367800
-0.01745553
0.09984172
0.00672117
0.03401829
-0.16986693
-0.13410571
-0.07616099
-0.11229406
0.02526118
-0.18414119
-0.10585745
-0.07164759
0.06505173
0.02380094
-0.04816503
-0.00480013
0.03632569
0.04131718
0.08086082
0.00902333
0.13452320
0.04350247
-0.15423216
-0.02133494
0.04492719
-0.04228502
0.00873800
0.08983381
0.05833053
0.22077003
-0.13302022
0.13988973
-0.01828616
0.05837550
-0.15727617
0.09854543
-0.09917613
-0.18635017
-0.02266497
-0.03133310
-0.20062028
-0.03906868
-0.04214509
0.08664545
-0.05269246
-0.01590585
0.05516456
0.00157903
0.11355203
0.00000174
0.09991898
-0.01160910
0.03985280
0.11603768
-0.05854543
0.07927209
0.05257944
-0.07439067
-0.21216981
0.00425530
-0.26488912
0.11389452
-0.21071045
-0.08021834
0.04133988
0.16832277
-0.05659547
0.03156690
0.00087764
0.09617057
0.14073071
-0.03295255
0.05845520
0.07972468
0.04814924
-0.06456149
-0.02979252
-0.03037470
-0.05004189
-0.02458495
-0.15584891
0.07580334
-0.02958314
0.07733750
-0.05464131
-0.02307961
-0.02388071
-0.02524885
0.08469937
-0.05787632
-0.04664355
-0.10981708
-0.13737547
0.09036215
0.07181837
-0.03566457
0.11523906
-0.04098706
-0.14183620
0.01862741
-0.19513652
-0.08238070
0.05832385
-0.03458082
-0.17383568
-0.02156200
-0.11855397
-0.22610241
-0.01048330
0.06007254
0.10894678
-0.13091169
-0.13022801
-0.09612688
-0.01810689
-0.00102632
0.04236530
-0.02991907
0.04418497
-0.01634693
-0.17703596
-0.00159172
0.11714941
0.10313389
0.02883957
0.29115433
-0.11938345
0.06989706
0.07450990
0.12573963
0.19811378
-0.03795606
-0.00586942
-0.01662069
-0.03548365
0.06493974
0.15025052
0.01488177
-0.02035894
0.05358521
0.05557805
0.01151992
0.12416554
-0.04402110
-0.06781860
-0.08515934
-0.05546691
-0.02400493
0.12120128
-0.17080130
0.01718977
-0.14727394
0.11027237
-0.07736398
0.17315657
0.04655906
-0.16314565
-0.12944350
0.03510139
0.19158196
-0.18146145
-0.11251798
-0.00435177
0.01507369
0.06371012
-0.04111613
-0.04883843
0.03115663
-0.18467693
-0.01557946
0.08741516
-0.09179722
0.04763982
0.16280513
0.02531429
0.03976201
0.00979023
0.15130690
-0.00752646
0.08726936
-0.18939073
0.08995797
-0.07438158
-0.01723067
-0.09553142
-0.07736200
0.05890083
0.02159746
0.02768802
0.10066698
0.11539528
0.00703028
0.01526752
0.07051574
-0.00529811
-0.07116678
-0.26281482
0.08220997
-0.08540117
-0.14097935
0.00156582
0.05928626
0.05976983
0.07517225
-0.06434980
0.05394453
0.05673082
-0.13062666
0.18144687
-0.11224609
0.07394978
-0.10029703
-0.10254638
-0.03240003
-0.04834129
-0.26404750
0.06021003
-0.08259489
-0.04013785
0.11230943
-0.31592497
-0.20400895
0.03769428
0.10599102
-0.20096081
0.06957540
-0.00080396
-0.02984751
-0.05661625
-0.03884267
-0.02262207
0.11606968
0.04456733
0.04814194
-0.01930623
-0.01914616
-0.04290002
-0.12296847
0.13816364
0.00562731
0.19265389
0.07352842
-0.15143733
-0.07525537
-0.01472774
-0.06826773
0.00732414
-0.00362229
0.15887226
0.12418526
0.05497546
-0.12593140
-0.03753953
-0.03716528
0.09523752
0.09980524
0.11847062
0.00008472
0.03504888
0.21224979
-0.02512286
0.02575281
0.10719799
-0.01296626
-0.20343643
-0.03399480
-0.27597547
0.01510223
-0.07972664
-0.18108015
0.00565563
0.10006315
-0.10457049
-0.03452775
-0.01558304
0.12718096
0.03774107
0.12447915
-0.00350606
0.03592856
-0.14309700
-0.02839385
0.14418852
0.00209578
-0.03986440
0.04366227
0.08095486
0.19625126
0.17295454
0.01977057
-0.09625150
-0.12500754
-0.04762963
0.08739315
-0.02830465
0.06004153
-0.08194868
-0.14277789
0.16796154
-0.03540864
-0.21630178
-0.03499636
0.07369649
0.02467950
0.11930662
0.04461763
-0.06470385
-0.04216810
-0.09979225
-0.15828831
0.05203167
-0.03374713
-0.00377331
-0.05725008
-0.04060600
0.00114452
0.36895934
0.22183859
0.08203047
0.28807405
0.17290266
-0.18512923
-0.21613039
0.24364850
0.06004525
0.02062147
0.05716430
-0.04200079
-0.01142573
-0.10348928
-0.07528899
0.06781013
-0.06724599
-0.09033097
0.05831080
0.05381718
0.06908401
0.15743850
0.12342288
-0.04469312
-0.06208218
0.16854407
0.04114936
-0.30827883
0.13773943
-0.02299430
0.10211466
-0.22449523
0.25005978
-0.02958053
-0.01830960
-0.03315303
0.04655896
-0.02449641
0.03353586
0.10149190
-0.10150451
-0.03980320
0.02334219
0.04821790
0.02478787
-0.00337253
-0.07115148
0.08750523
0.24454482
0.07281087
-0.03208308
0.08570708
0.05520523
0.12208335
-0.00745427
0.12025392
0.08822155
0.10461178
-0.04227431
0.05010586
0.00448470
-0.01126153
-0.09475716
0.06667805
-0.08338308
0.05623615
0.06600483
0.08426154
-0.02004346
-0.07355226
0.10838608
0.03352644
0.12133145
-0.12360626
-0.01585541
0.02398144
0.13559934
0.13878551
-0.06664175
-0.08833271
0.09657247
-0.17734365
-0.11771454
-0.13182487
-0.07022316
-0.18056718
0.09610243
0.05293038
0.05441164
-0.00183977
-0.06722015
-0.01302349
-0.00946333
0.07827323
-0.00444171
0.03008113
-0.05591447
0.11286848
-0.04925440
-0.03532491
0.06166854
-0.00871615
-0.00023291
0.01906039
0.08284104
-0.03466478
-0.01497863
0.04953737
0.04936640
0.14549297
-0.11744322
0.05967425
0.00381026
0.13800567
-0.07542565
-0.08465943
0.18346572
-0.02650880
0.07476892
-0.05296941
0.01306538
0.29705268
0.09757835
0.22921376
-0.04930542
-0.00744830
0.04765304
-0.13800912
-0.01762947
-0.06018458
0.04915929
0.23928237
-0.04367191
0.06295665
0.08742414
-0.09142891
-0.07425387
0.04241160
-0.14264207
0.07401890
-0.06337243
-0.03267351
0.16087793
-0.06408341
0.11545908
0.15288924
0.12569913
0.10825600
0.11612247
0.03375272
-0.27687383
0.04748033
0.03865059
-0.02147613
-0.03236572
0.14860456
0.11222775
-0.07111990
-0.09675147
0.05954460
-0.15133944
-0.00033052
-0.01610661
-0.02359372
0.00553766
0.19774060
0.04915015
-0.10432900
0.08120599
0.07154015
0.05049733
-0.01116799
-0.12274405
0.13293667
-0.11662380
0.04505730
0.09470903
-0.03008188
-0.07124910
-0.01375345
0.10419340
-0.05655386
0.05844549
0.07180577
0.17343625
0.10603195
-0.02112683
0.20169498
-0.00557031
0.06540472
0.09223652
0.04734509
0.36101136
-0.02428117
-0.00048528
0.03840016
0.09657145
-0.15162799
-0.23302223
-0.07139651
-0.25300094
-0.16402742
0.01049035
0.12305399
0.04202139
-0.28143296
-0.00274097
-0.00772387
-0.01804173
0.00740319
0.05112203
-0.43174458
-0.23514497
-0.10160876
-0.17853674
-0.20099229
0.10658694
0.20496036
0.03135827
-0.01971538
0.02119115
0.09770310
0.00726188
0.07052783
0.07509673
0.01078243
-0.17078859
-0.02656171
-0.12481697
0.13139176
-0.01584757
0.00941517
-0.09704524
-0.04688756
0.02382896
-0.11671834
-0.04182987
-0.21748802
0.07447844
-0.11319540
0.22240432
0.13960931
0.06053062
0.08827166
0.13307355
-0.03991495
-0.02414093
0.04772672
-0.08979337
-0.14689258
-0.04561533
-0.04958905
-0.11914174
-0.09526324
-0.12012310
0.07155036
-0.09628629
0.06804214
-0.05418443
0.30287424
-0.01122470
0.06195582
-0.10471590
-0.08271110
-0.15792149
-0.11438340
0.03789892
0.18187897
-0.07567988
0.04018774
-0.18436094
0.05239600
0.07069939
0.01332667
-0.03684525
-0.03664486
-0.01332310
-0.14785087
-0.03833212
-0.01975973
-0.04059792
0.02241383
0.20482112
0.07503238
0.08601249
0.14438234
-0.06986775
0.27795938
0.21285379
-0.05378691
-0.01391809
-0.35500491
0.04711768
0.06166140
-0.14398234
0.05490836
-0.13030337
-0.20135409
0.04627700
0.03414968
0.20837198
-0.08912911
0.02871979
-0.06986860
0.29292655
-0.03460804
0.00926176
0.08223135
0.01408501
-0.04749123
0.01329743
-0.22306897
0.21716900
-0.00077424
-0.08853143
-0.14120460
0.06490178
-0.21638685
-0.06885501
0.07754661
0.05485374
0.13925153
-0.08709214
0.12261497
0.11472739
0.05979068
0.00652390
-0.14843903
0.01067041
0.12679876
0.00818523
-0.06450296
-0.00244902
0.13606501
-0.05109679
0.16114928
-0.13749495
-0.01507282
0.00868579
0.04168323
-0.03499406
-0.06213242
0.03297299
0.08715500
0.13671127
0.02045017
0.02905730
0.01359228
-0.18992278
-0.17094819
-0.11923510
-0.26676565
-0.24572042
-0.22611766
-0.05965273
0.17506909
-0.23080492
-0.09014700
-0.05053483
0.08615129
-0.17398842
0.07962482
0.15244426
-0.31727287
0.05315119
0.04556872
-0.00242053
-0.00429088
0.19277976
-0.01508446
0.00069757
0.10814765
-0.47358912
-0.06319593
-0.07496060
0.02285562
0.17786175
-0.00200564
0.09102773
-0.13201682
-0.01636077
-0.21618858
-0.02407466
0.03931072
-0.01698610
0.01555134
-0.04002945
0.08143716
0.13711238
0.06054961
0.11265206
0.05152448
0.13650511
0.05258096
0.10973972
0.04274276
0.09782887
0.01236442
0.05309702
0.05943488
-0.09924615
0.02571001
0.10029126
0.04634530
0.10796616
0.02094824
-0.04095471
0.13352869
-0.05409096
-0.08401702
0.01166446
-0.08296606
-0.30579659
-0.09384192
0.11681453
0.08834844
-0.07744907
0.00758611
-0.04797477
-0.07218891
-0.03650881
0.08253533
0.04876469
-0.16298369
0.06910186
0.09869833
0.05503959
-0.03365995
0.19475499
0.04754551
-0.10151078
-0.01315007
0.16153423
0.25854403
-0.01870753
-0.03221302
-0.14693415
0.07003091
0.00107634
-0.04881806
0.00061045
-0.09050675
0.09549113
-0.00295348
0.03296015
0.11811196
-0.04963271
0.03269878
-0.13972713
0.00148662
0.24495666
0.04178981
-0.00181698
0.16270769
-0.08604939
0.09788547
0.03019610
0.06836567
0.04412349
-0.01057564
-0.05161482
0.03685162
-0.16186042
0.10714738
-0.14844920
0.07509266
0.02347782
0.01958125
0.04532802
0.09664924
-0.03439531
0.13417445
0.00450651
0.22481732
0.02887515
0.02094450
0.11553218
0.24509254
-0.04109832
-0.03839783
-0.01346065
-0.08082614
-0.05733301
-0.05347071
-0.23268119
0.19794764
0.12882070
0.05354118
-0.00863301
0.04327593
0.05725211
0.02238234
0.02223550
0.01903296
0.23894455
-0.03821805
-0.10536554
0.07496297
0.00388476
0.20013954
-0.02340831
0.04990534
-0.17845663
-0.11417192
-0.05141013
-0.03421506
0.06424715
0.15684696
-0.23932911
0.00625274
-0.18552263
0.00710433
0.01821456
0.02076689
0.09139352
0.09736650
0.07388728
-0.06255260
0.11082283
0.06892397
0.18709855
-0.04777031
0.06409696
0.05156808
-0.06317183
-0.07617545
0.20287862
0.19767666
-0.01875747
0.05714671
-0.02472099
0.07273687
0.17147082
0.10666770
0.07190518
0.10347036
-0.05577847
0.12847292
0.01941492
-0.05593580
-0.02047269
-0.08497724
-0.04780306
0.08839737
0.25666496
-0.08070034
0.02534309
-0.03573515
-0.06398845
0.00124547
0.00541806
-0.06693924
-0.09135871
-0.01786793
0.02523558
0.04506779
-0.05017824
-0.17006627
-0.18978342
0.03253916
0.00266286
0.04324514
0.10454128
0.06438617
0.11238419
-0.11325055
-0.00498369
-0.06481086
-0.16542538
-0.04336478
-0.07298443
-0.17800468
0.05992766
0.07696549
0.04726718
0.06827267
-0.14286776
0.26264125
-0.05859617
0.02285146
0.05797024
-0.16978256
0.18541631
-0.13854641
-0.03703848
0.03493394
-0.03461005
0.07040082
0.19653304
0.00179385
-0.10185201
-0.35551077
-0.31798300
-0.12069318
0.14142093
0.11208659
0.03333901
-0.17473666
0.02541116
0.04473397
0.16794313
0.10777470
0.02314597
-0.09368582
0.05782608
-0.01804876
-0.03191144
0.06342833
0.08708422
0.02217820
-0.05582881
-0.17842509
-0.24818803
-0.09837050
-0.04808379
-0.09956248
-0.00867745
-0.04932317
0.10048589
-0.04808640
-0.04045586
-0.15720673
0.01578453
0.20990124
-0.29101840
0.09785178
0.08645403
0.11079453
-0.18016797
0.13204867
0.12011898
-0.14627668
0.11411583
0.00227824
-0.06118327
-0.07331693
-0.06351993
0.04005328
-0.01981291
-0.03112711
0.00576319
-0.05122323
0.13501966
0.05382287
0.19183686
-0.12433104
0.08195611
0.21796447
0.03356474
0.09925502
-0.00529423
-0.11736411
-0.07886617
0.07219685
-0.06078004
0.07060608
0.02213113
0.04548661
0.06388988
-0.06907205
0.08245118
-0.03513426
-0.09070504
0.07408079
-0.03968759
0.14010292
0.02274815
0.03746807
0.09355351
-0.04061008
-0.06959826
0.04301337
0.23594487
0.12775539
-0.01704191
-0.01062033
-0.03969479
-0.08555864
-0.05168746
-0.13184401
0.14879124
0.03229824
-0.06154615
-0.17672928
0.12298960
0.08157042
0.09231923
-0.01042127
0.04426962
0.01964013
-0.04110059
-0.05893470
0.00469379
0.15382962
-0.05170292
0.11784869
-0.13708743
-0.06011056
0.04626206
-0.04269381
-0.05110234
-0.13487707
-0.07685685
0.02092645
-0.00237527
-0.08059281
-0.00481792
0.11024379
0.02487008
-0.12972023
0.00800355
-0.05620253
-0.07692850
-0.16371168
-0.00671024
0.01838681
0.10189160
-0.09196649
0.05712758
0.04791553
-0.04347860
0.07799025
0.13488920
0.01277413
0.17678688
-0.18229866
0.01160453
-0.00378593
-0.01745732
0.16284227
0.00610038
0.26905227
-0.24485624
0.10159599
-0.07574835
0.26316822
0.04364869
-0.05747098
0.13104582
0.05997407
-0.04060366
0.01803333
0.07834197
-0.04470884
-0.04752076
0.08828536
-0.06603989
-0.01523368
0.16788828
0.06019648
0.09969802
-0.05729019
0.00838525
-0.04094544
0.03248161
0.12154713
0.06112938
-0.04296203
0.00907012
-0.05505613
-0.28939199
0.00321551
0.13633485
0.05790024
-0.11391427
0.26033139
0.07397752
0.00564864
-0.00480693
0.07827397
-0.13395791
-0.02727631
-0.11320014
-0.01477469
0.00630648
0.08453944
0.00991937
0.02100951
0.02675555
0.01182969
0.06850430
-0.09138481
0.03285361
-0.07962472
0.14591111
0.09914528
0.11401108
0.12481043
0.19694497
-0.05798283
0.22475094
-0.00939864
0.01111514
-0.15905665
0.03775759
-0.10776153
0.04742573
-0.01728466
-0.10016980
0.04904659
0.06899519
0.11879674
-0.13433008
0.16657086
-0.16219005
-0.15951806
0.08248455
0.11410825
-0.05610115
0.04203564
0.02910567
0.05289266
-0.04620164
-0.00035473
0.04965829
-0.08862942
0.06267337
-0.24135135
-0.06715509
0.00322084
0.00947024
-0.04745403
0.08861060
0.02346862
0.15089549
-0.02080023
0.13958360
-0.06847757
0.05632342
0.07634775
0.19805765
0.08167239
0.05400817
-0.09049813
-0.18118739
-0.03679800
-0.03736284
0.02190344
-0.09282006
-0.10231017
0.19505402
-0.02269034
-0.23275806
0.22968094
0.07294597
-0.17067946
-0.06850100
0.01671888
0.04933488
0.10712014
-0.08331142
-0.05178175
0.01718830
-0.06652818
-0.14381047
0.07243861
-0.12304874
-0.12327295
-0.01224897
0.29861099
-0.00254593
0.14271398
0.21154881
-0.11970525
0.06648663
0.10587769
-0.00650265
-0.07034162
0.10103574
0.00739214
-0.08900280
0.08977257
0.14783211
0.00703938
-0.01914032
0.06628303
0.01291311
-0.00463089
0.08240934
0.05993687
-0.21606678
-0.09543645
0.12473881
0.07290436
0.10856609
0.05501221
-0.01087338
-0.24147530
-0.03132040
0.08887726
0.10134709
0.19271974
0.07533080
0.03275771
-0.14233297
0.09294318
-0.04221721
-0.08209971
0.03298736
-0.06447176
-0.09642955
-0.03134044
0.05025549
0.15651552
-0.07507979
-0.03669883
-0.00361281
0.04935940
0.11860739
0.02178192
0.14487892
0.03539054
-0.14109594
-0.29073432
-0.01780491
-0.19534026
0.00557628
0.06986209
0.06824753
-0.29254112
-0.15923907
-0.11859810
-0.08626739
0.03841656
-0.16732295
-0.17383881
0.01300666
-0.30279914
-0.14465649
-0.10653049
0.07344345
-0.09612468
-0.06793931
0.00209807
-0.02853299
0.03510967
0.06856777
0.03919689
-0.08076229
0.03077727
0.07269764
0.10433184
0.07151973
0.00252749
0.20718521
0.07532428
-0.05098833
0.04264908
-0.12338362
0.28150186
-0.05504294
-0.00051805
0.13280059
0.08151403
-0.25876462
-0.05214985
-0.20191877
-0.11401160
-0.06833774
0.03595772
-0.11519489
0.18522404
-0.22775432
0.03622865
0.15997393
0.05192275
0.07978982
-0.20754673
-0.04163168
-0.16486202
-0.07595953
0.21918155
0.15357664
-0.21016419
-0.13705745
0.08444732
-0.12914060
0.06037313
-0.11362094
0.14369562
0.06250478
-0.01191011
-0.03985240
-0.01067500
-0.01917968
0.15434343
0.05300109
0.22073384
0.09512400
-0.04950966
-0.20678848
0.07267992
-0.25623530
-0.08175312
-0.02665260
0.01526063
-0.03837841
-0.26682138
0.10662261
-0.00734112
-0.39857975
0.04885022
-0.10938922
0.06321543
0.13125177
0.22663373
-0.18205333
-0.19735961
-0.00438538
-0.06810281
0.08093107
-0.03132766
-0.07724070
-0.03966982
-0.08418266
-0.08983890
-0.02488564
-0.13967043
0.01333339
-0.01600511
-0.09619883
0.02266714
0.04705685
0.03332485
-0.09280740
-0.04033054
-0.05463269
0.09408499
-0.01312937
0.08983594
-0.37882486
-0.06872441
0.22741286
0.11935956
0.02717575
0.00259199
-0.03019498
-0.00849018
-0.01442721
-0.18306443
0.00632420
-0.05556992
-0.05673960
-0.04314700
0.13194937
-0.05240583
-0.03395355
-0.35592523
0.11273888
-0.20852149
0.12971900
-0.35809541
-0.16215982
0.10281654
0.02437505
0.01714999
-0.01361644
0.00443806
-0.01694229
0.08075130
-0.04793330
0.05277016
0.03567338
0.03984231
0.20692441
-0.03885069
0.13944313
-0.03690717
-0.13945220
0.18386376
-0.13898508
-0.15968207
-0.07531432
0.14671236
-0.11961937
0.00181304
-0.07616586
-0.18079266
-0.04778560
-0.07099287
-0.32897899
0.12966350
0.02190617
-0.36717471
0.03797525
0.09388199
0.07162684
-0.14169638
-0.24626347
-0.01914385
0.06188305
0.20038153
-0.09609538
-0.09659410
-0.02672103
0.07929856
-0.02176290
-0.04506015
-0.27290556
0.13883919
0.03164241
-0.12099679
-0.10647111
0.11635615
-0.16706936
0.03805519
0.09085762
0.10805976
-0.07590128
0.04395803
-0.16997252
0.18438759
-0.19486956
-0.03970333
0.01977002
0.02527618
0.01542441
-0.08143052
0.07432018
-0.06707922
0.03752634
0.09637103
0.15706316
0.00807146
0.05615286
0.24021378
-0.01769766
0.06205437
0.01508957
-0.00030314
-0.12477800
-0.13553815
0.04995925
0.02120996
0.05280032
-0.07298679
-0.09124149
-0.11241050
-0.00364209
0.02435994
0.04001601
-0.02470937
-0.02893656
0.12197419
0.15905911
-0.02799131
-0.07447306
0.04287768
-0.19520581
-0.01701528
-0.03336260
-0.30207488
0.10380615
-0.29326174
0.05120679
-0.04221059
0.07984342
0.22714211
-0.03134582
-0.17751555
-0.06230738
-0.05523440
-0.01727150
0.12316811
0.01770224
-0.07439297
-0.17510556
-0.19918026
-0.11278019
-0.13954157
0.02909487
-0.14415318
-0.26207978
0.12116018
0.25558126
-0.10792165
-0.06328204
0.02449637
0.05899318
0.05671652
0.08414161
0.02800143
0.09958788
-0.08957133
0.01957823
0.04061285
0.04300203
-0.01165733
0.21485433
0.11593070
0.02934776
-0.05719096
0.00325797
0.12579292
0.03184623
-0.22145446
-0.09870632
-0.00004778
-0.08859102
0.11062406
-0.07327487
0.28280038
-0.15956645
-0.10926167
-0.07906073
0.22240546
0.17299725
-0.08729614
-0.04830431
-0.00702472
-0.08935779
0.20325530
-0.09159850
-0.30424678
-0.08454394
-0.08400447
-0.24202818
-0.05892868
-0.07834750
-0.00294157
-0.06887440
0.07342841
-0.06849638
-0.13435829
-0.13460442
-0.01865167
0.15659247
0.04914732
-0.12233190
-0.12338685
-0.30557871
-0.10051429
-0.00743028
0.06402004
0.02900199
0.13847902
0.15679824
-0.07942509
0.09381221
0.01274486
0.03121859
-0.03358605
-0.03501491
-0.07140899
0.08961786
0.02800249
-0.11615965
-0.09150030
0.06945110
0.10829419
-0.13966741
0.04961137
0.09656667
-0.03446423
0.01955256
-0.29159316
-0.02469792
-0.01011442
-0.04748264
-0.02051179
0.02949038
-0.00828445
-0.05761537
0.03223639
0.03212777
-0.19130185
-0.11897911
-0.05544293
-0.18380271
-0.01394336
-0.19706580
-0.08790987
0.15702964
0.07871935
0.02466017
-0.06350838
-0.08622355
-0.01519991
0.04932565
-0.10357393
0.13580212
-0.20117882
0.14535396
-0.10587049
0.04939302
0.11854615
0.07855929
0.02458289
-0.03310763
0.06029347
-0.08907895
-0.02417327
-0.03177294
0.19135097
0.10623709
0.08425204
0.01244162
0.13173924
0.03742237
-0.11012305
0.00666015
-0.00475101
-0.09047665
-0.06991974
-0.17580128
-0.05133187
0.07541683
0.06571492
0.07038058
-0.01519116
0.00354221
-0.01437220
0.05793466
0.16272436
0.02985377
0.16258118
-0.13285592
0.18659936
0.02713688
0.02043142
-0.36717662
0.06594224
0.22944126
0.01814267
-0.22220637
0.12770876
0.06446481
-0.11560765
-0.14873196
-0.14159827
0.08044095
0.19218993
0.07952421
0.15033993
0.10686558
-0.17752346
-0.09167952
-0.04167202
-0.11328401
-0.02476774
-0.07355411
-0.25219479
-0.14201327
-0.01416321
0.03323695
-0.17445262
0.02195681
0.18577476
-0.14559172
0.09026161
-0.02050843
-0.03798370
-0.23247218
-0.03775094
0.00836628
0.06745600
-0.15488431
0.00166984
0.04784111
0.04979515
0.09346344
0.06808002
0.05875294
0.04637891
0.05437059
0.02717354
-0.01177133
0.16361949
-0.11308578
0.08196321
0.04881813
-0.00527631
0.08780425
0.13193151
0.20967872
-0.10481326
0.01935322
0.16396259
0.01447005
-0.03289307
0.00632894
0.01891300
0.08383723
-0.06727495
0.13778245
0.07212279
-0.00876033
0.05087389
0.00261426
-0.02148682
-0.25290030
0.13886839
0.07812309
-0.03319354
-0.00451519
-0.14860360
-0.02416985
-0.19529955
0.04165178
0.08086871
0.13761277
-0.01938404
-0.15801020
-0.19722882
-0.25833017
0.07237064
0.04431874
0.16801065
0.07487405
-0.12113207
-0.19375414
-0.02229776
0.14761053
0.18254672
-0.09433044
-0.00959200
-0.11061099
0.03128429
0.04277566
0.03267404
-0.05029698
0.10579006
-0.05699975
0.00582632
-0.02112926
0.03150961
-0.20955278
-0.02605360
0.01340076
-0.12723745
-0.04497508
-0.02325813
0.02429177
0.08266960
-0.03987134
0.17198676
-0.09480839
-0.02492540
-0.06142762
0.04683903
-0.29267669
-0.01351499
0.12129755
-0.02896003
0.00478221
0.02872502
0.15948159
-0.20730449
0.06078133
-0.08399122
-0.00600927
0.19604853
-0.02920488
0.13807309
0.08076162
-0.13724871
-0.05437761
-0.02507861
-0.12473359
-0.03882762
0.07340702
-0.13020319
0.12241597
-0.01728441
0.17352766
-0.14923847
0.03948998
-0.06906934
-0.02778110
0.11103767
0.18131883
-0.03254419
-0.02988662
-0.05820025
0.10795320
0.04801919
-0.01490233
0.15111960
-0.07222017
0.00741270
-0.05948299
0.01573257
-0.05619510
0.00040084
0.08457438
-0.05530890
0.07813764
0.11469956
-0.14073297
0.04510304
-0.01333704
0.01446073
0.08215656
0.19500443
0.13527818
0.11270799
-0.02896379
-0.01332816
0.01400929
0.03070145
0.04591343
0.02676871
-0.02590461
-0.01273344
0.09458642
0.04748012
-0.10048400
-0.01048890
0.05523595
-0.02945087
-0.13161038
0.22447118
0.08220491
0.18165229
0.01236822
-0.13386114
-0.01907025
0.00646160
0.17603460
-0.26935825
0.12727076
0.00968925
0.24281856
-0.13603355
0.11450057
0.24809380
-0.16947147
-0.01353813
0.01354800
-0.00924326
0.02172537
-0.00660143
-0.03706217
0.05770104
-0.05067383
-0.02296119
-0.14255385
-0.02744719
0.06933094
0.02819526
0.03568734
0.01540001
-0.09613580
0.03696273
-0.03742575
0.06156353
0.22052312
0.06741550
-0.08067214
-0.25091738
-0.07738709
0.02171398
-0.12691808
-0.01806427
0.08058374
0.15080892
-0.08456144
0.00686913
0.02510407
0.15526994
-0.10858541
-0.01850278
0.25904042
-0.09150591
-0.16715923
0.04627820
-0.00178537
0.00798839
-0.10653187
-0.08843996
-0.02721642
-0.25244910
-0.04311267
-0.12318716
0.11493775
-0.00946219
0.05004728
-0.00629882
0.19741289
0.03482028
-0.02966281
-0.00472944
-0.02124673
0.18183048
-0.07216941
0.09279788
-0.07224035
0.09453814
-0.06206201
-0.02777836
-0.03837889
0.03076427
-0.05630704
-0.00285131
-0.01933009
0.01218939
0.00759077
0.17462000
0.03670892
0.00999356
-0.02142474
0.07249488
0.08985113
-0.10506855
0.12289610
-0.20730013
0.17499122
-0.04210604
-0.01636057
0.10111641
0.06885523
-0.01921057
0.14537749
-0.13174585
0.13279165
0.02170688
-0.00091966
0.15129295
0.06096048
0.04948194
0.00128533
0.07917420
0.01572058
-0.23013024
0.04114461
-0.04245451
0.06990870
-0.00959538
-0.07911408
0.03336920
-0.17462605
0.06927240
0.02542357
-0.09613337
-0.07991805
-0.10891993
-0.10654031
0.04635773
-0.04289173
0.14763309
-0.05285849
-0.04682339
0.13461278
-0.06727538
-0.25225309
0.21441723
0.03786993
0.12387682
-0.05267970
-0.02221237
0.01426059
0.07257696
0.08944132
0.19179991
0.06520905
0.00995077
-0.18053697
0.07889694
0.03395482
-0.05349886
-0.04519602
0.03471603
-0.13526700
0.16794233
-0.26101777
0.08748191
-0.17144461
-0.04926943
0.14375015
-0.00782338
0.11360405
-0.05788482
0.09078479
0.13512832
0.13836308
0.16115105
0.05934948
0.04547920
-0.00395661
0.13089189
-0.14830934
-0.09285398
-0.03782254
-0.05848836
-0.04075558
0.12301884
-0.06745514
0.01409921
0.12789251
-0.09899271
-0.04843714
0.10780359
-0.02134678
0.09108129
0.17400470
-0.30460641
-0.05348798
0.02198188
-0.05281250
0.11253548
-0.11001866
-0.18025777
0.03931087
0.03162174
-0.14802022
-0.20743278
0.02741162
-0.02649345
-0.18645176
0.06509255
0.07172656
-0.21652071
0.15765835
0.05344613
0.07156286
0.07724341
0.05220645
0.12727474
0.12797412
0.04452267
0.03424058
-0.04540477
0.14296710
-0.00949873
-0.01185122
-0.21229142
0.05173447
0.03824846
-0.10382987
0.06406373
0.00461584
0.01569301
0.10558808
0.03738021
0.07165410
0.00082935
-0.07314487
-0.08878265
-0.05402592
-0.03685968
0.05469739
0.08713479
-0.04771722
-0.01304568
0.09352452
-0.00944484
-0.08739251
0.02610178
0.01404006
-0.01054397
-0.05247002
0.11869144
0.05179504
-0.06723780
-0.02713918
-0.09296417
0.10926139
-0.01062088
-0.00432451
-0.12504920
0.05365692
-0.03590274
0.29744032
0.13758487
0.12676199
0.05485718
-0.13954759
-0.06411389
0.11917412
-0.12295924
-0.16232954
0.04994505
-0.02935558
-0.08443148
0.07454541
-0.33698472
-0.15194871
0.06786342
0.06441594
-0.00717303
-0.06959388
-0.34997368
0.10118318
0.13742113
0.07994351
0.08095431
0.11772562
-0.09087861
0.18943952
-0.13724713
-0.01219065
0.00920195
0.10476495
0.07197400
0.17680331
-0.08766067
0.28766295
0.18899654
0.02528806
-0.22176784
0.11726905
-0.11898563
0.11671650
-0.04357341
-0.31519949
-0.06704361
-0.22626394
0.12504750
-0.23775700
-0.02525856
-0.02620189
0.16322649
0.13295569
-0.29068133
0.06132707
-0.17644995
-0.05139427
0.07417051
0.20710197
0.18352224
-0.00733481
0.11411678
0.00955067
-0.03856842
0.03663105
0.08708500
-0.28224665
-0.04352794
-0.08447602
-0.10288039
0.00628418
0.18644460
-0.01755057
0.04425663
-0.05740036
0.17499913
0.00629207
0.05960041
-0.05684656
0.09697130
-0.12559511
0.01645388
0.15576559
0.00511479
0.07539534
-0.10758298
0.06098523
0.01791562
0.15713198
0.13308737
0.02651508
0.19670312
0.25908494
0.02029908
-0.13128060
-0.09793752
0.05611659
0.01244128
-0.00093345
-0.05141406
0.06751294
-0.00526941
-0.08402989
-0.00438459
0.23646878
-0.23313847
0.13215165
0.08612507
-0.21140064
-0.03263102
-0.05093450
-0.08619188
0.09025765
-0.15263025
0.07974038
0.02072492
0.03911788
0.12900859
0.14780581
-0.04873453
0.05852184
-0.10604755
0.01854167
0.05262276
-0.13828993
-0.07188635
-0.05955608
0.00872608
0.16045588
-0.03176749
-0.27871174
0.12863697
-0.02826111
0.10175715
-0.15872470
0.01973683
0.19296457
-0.19424161
-0.00218365
0.10255045
-0.01565400
0.02606755
0.05701737
-0.17767192
0.05232088
0.05251663
0.28350982
0.08456630
-0.12819085
-0.08141061
0.11304816
0.09870118
0.12499060
0.03449099
-0.12046313
-0.02219453
0.16085343
-0.05868098
-0.05099095
0.11464254
0.10694011
-0.03139806
-0.21920651
0.17140189
-0.09103189
-0.28139740
-0.24260657
0.19249062
0.02219593
0.00984572
-0.03020772
-0.15354894
0.09053511
0.15038897
-0.06637686
0.12728925
0.14542982
0.04173550
0.05200996
-0.03720729
0.00151794
0.22545810
0.06830783
-0.02395549
-0.13535710
-0.01143103
-0.12101869
-0.25064680
0.20099939
-0.03091284
-0.05176151
-0.09186969
-0.13086312
0.04710998
0.02693492
-0.09781595
-0.03715601
-0.02873532
-0.04610398
0.04772350
-0.13808058
0.05025275
-0.19701903
0.10199919
0.06084535
0.00183198
-0.14071360
-0.27117488
0.06285509
-0.00395282
0.02930679
-0.05619110
0.04256291
-0.07050874
-0.18599552
-0.03658868
0.15603374
0.13726115
-0.04186519
-0.03155716
-0.01822552
0.03629781
0.01784060
0.07309121
-0.06665516
-0.05321058
-0.16063781
0.02289584
0.15497094
0.04099803
0.08601175
-0.06403225
-0.30592543
-0.17377572
0.12597500
0.11835489
0.03727353
-0.02728208
0.18010829
0.03321565
0.10494187
-0.12632941
0.11913390
-0.17030768
-0.15488003
-0.19037624
0.13355176
-0.02429013
0.12581807
-0.08085497
-0.32404134
0.04285673
0.10374071
0.01133666
0.18832742
-0.04806618
0.08411317
0.08468279
0.07243098
-0.04994338
0.04342370
0.14685377
0.05730300
-0.10831998
-0.25637957
0.03777905
-0.10865631
-0.01738119
-0.07944208
0.00898932
-0.14164479
0.05912114
-0.02597203
0.16114323
0.05790067
0.02607598
0.04319156
-0.10985319
-0.07422692
0.13554744
0.06056534
0.07173805
0.08139463
0.10980130
0.00891401
-0.00235701
-0.01882855
-0.01382079
-0.01317288
-0.09510494
0.03853935
-0.07423272
0.05971438
0.11771669
0.05424199
0.13777827
-0.04991505
0.07667424
-0.11193972
-0.18974239
-0.05994375
0.08255205
0.22974505
0.03936470
-0.12000568
-0.00946616
-0.01832598
-0.16575903
0.04722659
0.07149094
0.08607335
0.00668462
-0.18852958
-0.08857607
-0.06487995
-0.02972483
-0.07813969
0.14467199
-0.09642981
0.04169770
-0.14328718
0.03936083
-0.12278821
0.03770985
-0.09878097
0.04202871
-0.16988130
0.03601887
0.14128453
0.03998720
0.04706454
-0.12183081
-0.05356287
0.15615641
0.00167436
0.01574189
-0.02094985
0.02061992
-0.00993919
0.00783664
-0.06502885
0.06217154
-0.01719543
0.12682274
-0.46508402
0.04828272
-0.11642326
-0.05791873
-0.03196956
0.02425521
-0.08555038
0.13765492
-0.05172123
-0.16634525
-0.08579303
-0.22725247
-0.06036132
-0.09492783
-0.05205860
0.03114341
-0.11761201
-0.05577232
0.04482048
-0.02802613
0.04245409
-0.00439599
0.02699774
-0.00271924
0.03983448
-0.19351068
-0.13812651
0.00522008
-0.04493957
0.18967630
0.05610689
0.09083550
-0.16177605
0.14704686
-0.08920297
-0.08115280
-0.07320984
-0.01375182
0.06421507
0.00554425
0.08064138
-0.04971505
-0.23128599
-0.01717190
-0.23305154
0.05283199
0.05123601
0.02684377
0.07611579
-0.01679876
-0.11631568
0.09931242
-0.01996579
0.00670642
-0.08390611
0.03781662
-0.15798542
-0.19438921
-0.19222215
-0.26407355
0.07701207
0.00275911
0.15911350
-0.26693076
0.02888836
-0.04280436
-0.08487775
-0.23657554
0.11800010
-0.00488509
0.13698894
-0.06608334
-0.02706299
-0.02202393
-0.09186342
-0.20612097
0.05146314
-0.04271759
0.14464816
0.10740075
-0.18239670
-0.22514504
0.06557198
0.10886347
-0.01478736
0.17558575
0.00499270
0.20033318
0.00868139
0.03123466
-0.05853449
-0.13897856
0.03650733
0.10323849
0.09736946
0.09053009
0.09513234
0.03668104
0.15141162
-0.11864748
0.13260125
-0.12963749
-0.00378814
0.04816416
-0.07877181
-0.13801755
0.01158831
-0.04570378
0.07436854
0.07794525
-0.06093968
0.12627272
-0.10074843
-0.13319489
0.06693655
0.07140142
-0.03890108
0.05235723
-0.04828078
0.05036223
-0.02750235
0.15242213
-0.05585615
0.15070303
-0.07203721
0.08318985
-0.15223770
0.14409122
-0.01576440
0.20201845
0.13108507
0.09132970
-0.04283915
0.13208418
-0.15247084
-0.11381986
-0.00535794
-0.10572460
-0.07260484
0.04322184
-0.03723887
0.03126527
-0.04235552
-0.20643763
-0.15177256
0.10736691
0.11171561
0.11094669
0.01466724
0.04512459
0.19745582
0.06757049
0.16321817
-0.01134046
-0.07219685
0.09195879
-0.02327438
0.09710717
0.01903572
-0.07105315
-0.02083674
-0.00323308
0.09908263
-0.05699686
-0.05677221
0.12899235
0.02053003
0.09062908
-0.12633133
0.11327250
-0.07801324
-0.04172364
-0.19296019
0.04376356
-0.05499611
0.01101893
-0.27088243
-0.07410809
0.05055191
-0.05082712
-0.01879271
0.21989310
0.00594091
-0.00397839
-0.04800535
0.00462626
-0.03089745
-0.18249977
0.01471235
0.05903729
0.00029729
0.08294541
-0.08504821
-0.03882162
0.04883117
0.18300949
0.01035461
-0.04572696
-0.40773404
0.00003270
-0.27436510
-0.00819432
0.06983928
0.13452379
-0.19098508
-0.19469242
0.02956937
-0.07214046
-0.25775540
0.00422308
-0.02718268
-0.05116688
-0.09765067
0.05467668
0.12892202
0.04682191
-0.09338557
0.07677847
-0.10852891
0.06835589
-0.02005909
-0.02407799
-0.16258727
0.00611722
-0.05193130
0.05116211
-0.00434498
0.06501523
-0.15855284
-0.18187033
0.09338294
-0.13445498
0.11259923
0.23077048
-0.00371487
0.04757779
-0.03979385
0.03921071
-0.03224206
0.05868296
-0.13466294
-0.06184939
0.21434636
0.04424601
-0.15971972
0.03555946
-0.15457919
-0.01511448
-0.00676660
-0.36458570
-0.02786794
-0.36772209
0.01208711
-0.14112833
-0.04902456
-0.14407332
0.01308640
0.18100204
-0.07250535
0.10994424
-0.23824836
0.12403477
0.07077441
-0.05585084
0.08481856
-0.03455939
0.03640668
0.15079306
0.11305511
0.12248695
-0.08118069
0.09615351
-0.15807284
-0.28212276
0.00649118
0.02595744
0.08749747
-0.05012077
0.02126595
0.09044543
0.03149837
0.06071690
-0.10387839
0.05686076
0.00966063
-0.06779830
-0.00321844
0.07522920
0.05376607
0.06005670
-0.04765090
0.08185856
-0.03487096
-0.03738077
-0.03897708
-0.07915838
0.16495679
0.09420867
-0.11172137
-0.08311628
0.18050788
-0.15285282
0.20605408
-0.09823047
-0.02763790
-0.08869150
-0.06895504
0.14172080
0.13594581
0.06171351
-0.11134492
-0.01132258
0.08879226
-0.02074940
-0.10799603
0.20636432
0.04978660
0.15201852
0.23055381
-0.16485967
0.14248794
-0.16187821
-0.03745803
-0.14607361
0.19136043
-0.16526233
0.03932292
-0.01985491
0.08414892
-0.09709919
-0.09130915
0.10585319
-0.00999671
-0.05158170
0.07465735
0.00829903
-0.31618991
0.01445513
0.01118855
0.00179464
0.03072274
0.00382728
-0.00653709
-0.22976187
-0.01700530
0.18102001
0.03071427
0.04002408
0.20628884
0.14028293
-0.05758493
0.08990586
-0.01216925
-0.15359190
-0.00840571
0.03386225
-0.06154269
0.05886233
-0.02026918
0.01026525
-0.02055291
-0.20633815
0.02903779
-0.01538100
0.00349433
0.05770591
-0.09315175
0.03505101
-0.01905518
-0.26976556
0.01015440
-0.07647776
0.00703937
-0.20629406
0.25024614
-0.00296471
-0.02007856
0.05327325
0.06449249
-0.04537947
-0.14494748
-0.12799206
0.00565935
0.05731427
0.10856711
0.02560713
-0.25627992
0.24841437
0.05164063
0.01819465
0.01513484
0.01224449
-0.04945359
0.05050458
-0.07639961
0.05969297
0.02469674
0.11890055
0.25479680
-0.07811994
-0.21495646
0.04047951
-0.16107675
-0.00237554
-0.10584003
-0.00844759
0.01254260
-0.12030124
0.05630415
0.08970246
-0.02609677
-0.06422155
0.08172877
-0.21603757
0.04211929
0.12099550
0.02084878
-0.06416828
-0.01011922
0.00196183
0.16015570
0.02220651
-0.06069909
-0.03240141
0.00169794
-0.06719258
-0.06246241
-0.07273795
0.06351120
0.04509166
-0.02749096
0.09983561
0.16336019
0.05932892
-0.06532653
-0.12277793
-0.04236005
-0.01406693
0.31176344
0.09310912
-0.13160810
-0.05110124
0.12474010
-0.11317489
0.21634562
0.19235347
0.22565882
-0.11049996
-0.02930435
0.01026869
-0.06363282
0.00291252
0.05155739
0.17748240
0.01562690
-0.07004999
0.04485669
0.04938293
-0.06651597
0.02618098
0.20812754
-0.13878433
-0.12551132
-0.07935029
-0.07732964
-0.02612404
-0.03655276
0.04999141
-0.01860234
0.21181728
0.00660790
0.14076650
0.06362313
0.07472608
-0.01662807
0.03462637
-0.10604898
0.03853223
0.02183581
0.10949494
-0.28141698
0.06459100
-0.06920519
-0.01418685
0.06652490
-0.00997608
-0.19546865
0.20705815
-0.03380599
0.03602562
-0.09802843
-0.09018107
-0.00891904
0.12201554
-0.10408308
0.03665320
-0.07011954
0.12296398
0.01291633
0.23507556
-0.02606857
0.11428118
-0.02192515
-0.01267918
0.00500145
0.15523437
0.29541779
0.05204769
-0.00483258
-0.01944409
0.00070854
-0.01956740
0.15683419
-0.22590806
0.05121935
0.04754812
0.01317292
-0.10022732
-0.01894130
0.02573209
-0.01378032
0.01637580
0.23534994
0.06575496
0.10173102
-0.15080041
0.00316351
0.10384851
0.04003519
0.12135573
0.06267569
-0.06421530
0.10014667
0.09519136
0.05294466
0.08582944
0.32386047
-0.21905811
-0.07802369
0.11693683
-0.13696702
0.13287947
-0.05296354
0.26833853
0.20256867
0.03624000
0.01020505
0.11041563
0.00060993
-0.12850377
0.07113601
-0.08430886
0.01125491
-0.04635445
0.09780902
0.26901659
-0.01029588
0.11462693
-0.07307925
-0.22546765
0.01468097
-0.09983204
-0.03463610
0.05138968
-0.09620227
-0.27799746
-0.25209853
0.11369940
0.05265382
-0.01069553
-0.08096373
0.10893395
0.06180897
-0.04428900
-0.01666892
-0.06644660
-0.02406183
0.02045337
0.10767199
0.07585685
0.04449453
-0.23403496
-0.02608580
-0.07847691
-0.03490930
0.06242622
0.02462088
0.23331808
0.03269701
-0.13066572
-0.05416543
-0.10456828
-0.01474491
0.04505631
-0.00272408
0.03091045
-0.03992227
0.02678735
-0.05849854
-0.01722357
0.00337699
-0.07395817
0.05680430
-0.13297412
0.01968066
-0.01083612
0.03690045
-0.24083936
-0.27443239
0.23482592
-0.06768586
0.08711296
0.02570731
0.00420620
-0.01254344
0.00057213
-0.09996470
-0.21398510
-0.13634910
0.06363453
0.07446425
-0.03780963
-0.09743811
-0.16927207
-0.03273637
-0.05529903
-0.21335809
-0.20431219
-0.06065959
-0.04740479
-0.09437490
-0.10517072
-0.00448410
0.09168384
-0.10700680
0.09317290
-0.00298029
0.01095840
-0.12920803
0.21593623
-0.09304994
0.05262280
0.05642055
-0.08008449
-0.05383052
0.03157033
0.14386633
0.07011175
0.04039948
0.00555940
0.00408662
-0.21632178
0.07302821
0.03044755
-0.03126503
-0.02163465
0.01877315
0.10933877
-0.01519387
0.10288583
-0.16334184
-0.20760161
-0.15096563
-0.07844695
-0.25281036
0.04097047
0.02783259
-0.05476469
0.07101268
0.05267460
-0.00272373
0.00408183
-0.01001989
-0.03936645
-0.20650956
-0.02911738
-0.01151791
-0.11443295
-0.03402612
-0.12121119
0.02236340
0.02823573
-0.06344564
-0.14782014
-0.05144107
0.13472728
-0.09745291
0.10869552
-0.11543486
-0.02961080
-0.08588809
-0.00547137
0.06898521
-0.00000349
-0.03971010
0.05780484
-0.17158297
-0.07901103
0.10034068
0.04423448
-0.13446467
0.01702855
-0.19249420
-0.07585678
0.00128757
-0.00177292
0.02016829
-0.07029843
-0.02303005
0.14222828
0.08067802
0.05188074
0.01124261
-0.09195986
0.04102425
-0.00205764
0.00484413
-0.02620233
-0.00381341
-0.07395036
0.05233804
0.17789222
0.07703634
0.17514941
-0.00653254
0.00410932
-0.02544646
-0.11025030
0.01131528
0.24331029
-0.03817583
0.00407350
0.06973209
-0.30570447
-0.02330199
0.04892969
-0.07684844
-0.09334239
-0.13660350
-0.10689431
-0.05697221
-0.03679284
0.01492860
-0.17930779
0.02039853
-0.06650843
-0.29383782
-0.11706573
-0.00682615
0.02064338
0.13218467
-0.23944789
-0.16925465
0.11130084
0.05575679
0.03619460
0.03183908
0.06524469
-0.11411002
0.02674628
-0.21532351
0.01175184
0.03505742
-0.03844660
0.34471241
0.08676982
0.06361340
-0.02122664
-0.05379762
-0.07211617
0.21223006
-0.10048244
0.23677751
-0.10783763
-0.04819243
-0.04791820
0.04475569
0.04394608
-0.02791341
0.16491300
-0.24836409
-0.23327519
-0.14765064
-0.16998722
0.00166541
0.10118357
-0.08036626
-0.01907700
-0.20357636
-0.21846841
0.04085480
-0.22171713
-0.09796102
0.05575580
0.05266324
-0.29233295
0.08799835
-0.27070817
-0.08870015
-0.03076757
-0.08891984
-0.02365950
-0.03905813
0.04319919
-0.09347963
-0.01023538
-0.07051356
-0.13677646
-0.02515399
0.05952875
-0.12897499
-0.03289691
0.07164291
0.09154633
-0.01625346
0.06288683
0.14316718
0.00881479
0.07024916
0.04004709
-0.04936217
-0.12372452
-0.04985518
-0.16022778
-0.01252686
0.07168476
0.09013275
-0.32902384
0.01344008
-0.03726907
-0.04057169
-0.02738413
0.02792287
-0.00531377
-0.00538274
0.07837129
-0.01965488
0.00112738
-0.05080597
0.12354751
0.35090044
0.16878071
-0.05566181
0.33253562
0.14801000
0.03659441
0.16864212
0.07190458
-0.12234623
-0.07932524
0.00931355
0.01520254
0.07816700
0.17626140
-0.04775316
0.15129060
-0.09940153
-0.00136874
-0.03959690
0.06783206
-0.05252196
-0.09602066
-0.06450490
0.08058721
0.00857267
0.03117608
0.04340902
-0.13071749
-0.03814308
0.06763215
-0.06181403
-0.00589182
-0.10160677
0.04312503
-0.06160828
-0.05229777
-0.05323505
-0.10826878
0.05591541
0.09057678
0.32638338
-0.07449501
-0.12164258
0.06238672
-0.23496783
0.11974677
-0.04419032
-0.04595984
0.05622002
-0.14200315
-0.01207523
-0.06658722
0.00366340
0.00975653
0.04177584
-0.03246718
0.08571667
0.00872117
-0.17111655
-0.02486557
-0.07861665
-0.11732311
-0.07406025
-0.11777407
0.01715699
0.07460009
-0.00992144
-0.26161706
0.09449975
-0.07236041
-0.07387402
0.08623533
-0.05925437
-0.03318963
0.04765513
0.13666306
0.02867509
0.07338571
0.09311590
-0.03727149
-0.06306270
0.23218164
-0.01356091
-0.05775632
-0.00409049
0.09268251
-0.01930149
-0.00090563
0.07713251
0.04347254
-0.07620598
-0.10847060
0.00629721
-0.12998134
-0.07185414
0.06313039
0.04738952
0.03845191
-0.01361867
-0.01561414
0.02121975
0.01193983
0.01769051
-0.14281312
0.05466212
-0.00796910
-0.00886831
-0.05593188
0.02176224
0.00791934
-0.14116405
0.04616164
-0.05682511
-0.01246566
-0.00754780
-0.04598999
0.10033883
-0.01637183
-0.02326456
0.06657142
-0.03144564
0.12606281
0.10061866
0.08314482
0.08074062
-0.02978086
0.13338204
-0.20372467
0.01686715
0.08880105
-0.04331088
-0.20071222
-0.06775623
-0.15982313
-0.05187714
-0.09169197
-0.01749364
-0.08335292
-0.22470278
0.05060571
-0.12261861
-0.07303341
-0.08206619
0.03738829
-0.09589379
-0.15194461
-0.05341845
0.17757559
0.00741078
0.07409874
-0.13207603
0.16427781
0.12734567
-0.20143580
-0.06060441
0.11356959
-0.02450138
0.20600617
0.16279070
0.00230077
-0.01026791
-0.06309710
-0.13745566
-0.05552045
-0.21638194
0.04836746
0.05201285
0.12417629
0.12440486
-0.13335124
-0.13836771
0.00723273
-0.10733052
-0.14822137
-0.04236436
0.12696062
-0.22934431
-0.00343879
-0.05704296
0.04361275
0.04763247
0.07497841
0.10740136
-0.03781188
0.07967902
0.05938314
-0.08482255
-0.03242905
-0.15557499
0.31591347
-0.10814849
0.09555027
0.14275374
-0.02927748
-0.09509837
-0.00543181
-0.05403842
-0.04911272
0.16545019
0.01992603
-0.11404294
-0.03251218
0.08830198
0.16041718
0.27078810
-0.00029051
-0.05708298
0.03297482
-0.07652158
0.07926781
0.07677581
-0.09851883
-0.04155862
-0.01551870
0.14628598
0.07375231
-0.10009373
0.04565256
0.07294118
-0.06058267
0.02480566
0.13172671
0.01139057
-0.23918085
-0.12735511
-0.09163520
0.19294509
-0.01579038
-0.00211928
-0.00212572
-0.01399160
0.05434812
0.08749187
0.05394334
0.05729894
-0.09531497
-0.09462129
-0.05745978
0.01858499
0.08877900
0.03780784
0.02667568
-0.03204699
-0.01083626
0.04183410
-0.04665009
0.00852930
0.07198004
-0.10553937
-0.06961874
-0.05922223
0.07877161
-0.09045999
-0.00259554
-0.04420104
0.01327904
0.00878254
-0.07126165
0.02691130
0.06772004
0.08850367
0.05964140
-0.08484644
-0.20634137
-0.13504091
0.03637698
0.02264594
-0.09819711
-0.05941234
-0.05901277
0.04178222
0.04355222
0.01427648
0.10376709
0.04567469
-0.02603932
-0.00758752
0.10256947
-0.04598719
-0.07999595
-0.02792374
-0.05016025
-0.07637241
0.03243895
-0.05574102
0.18403991
-0.09474875
-0.03593961
0.03831655
0.14580546
-0.02827843
0.03690229
-0.13265185
-0.10807703
0.04111749
-0.04475470
-0.23915274
0.06088992
-0.00693897
-0.11868546
-0.06228103
0.12093425
0.09738661
0.06587844
-0.16864616
0.03714458
-0.08634020
0.15826796
-0.02756881
0.15949048
-0.04046798
-0.06852687
-0.05311831
-0.04329314
-0.21595712
-0.00501104
-0.00105739
-0.01481677
-0.10632603
0.01899072
-0.11286901
0.01714058
0.19553673
0.14708559
-0.16233347
0.11378630
-0.05488100
0.14766596
-0.28492069
-0.02105081
0.11394770
0.02907431
0.11429694
-0.18582247
0.11324594
-0.02931149
-0.08477679
0.03029657
-0.04572547
-0.01373254
0.04712444
0.16939108
-0.11402148
-0.03907784
0.11807805
0.07631718
-0.18516338
-0.14934061
-0.04319979
0.13653284
0.20523044
0.06670373
0.06583055
0.07994945
-0.01127459
-0.03934711
-0.00587827
0.02836042
-0.07178405
0.10976931
0.04042897
0.06065868
0.15138106
0.08750445
-0.30833682
-0.00650241
-0.13588037
-0.25802070
-0.09717764
-0.02957157
-0.01839414
0.07268203
-0.04744053
0.08462157
-0.02410110
0.24337959
0.14241667
-0.12059021
0.17573908
0.01016521
-0.05125565
-0.02587974
0.01448853
0.19646750
0.14192508
0.20477626
-0.13805543
0.02457472
0.15138622
-0.02545880
0.06985737
-0.14398010
0.06537695
0.16759610
0.00465840
-0.04860547
-0.09458987
-0.09258249
0.01887617
0.02693978
-0.02946598
0.01151864
-0.00772636
0.02133090
-0.12789629
-0.18199472
0.04904377
0.01567249
-0.14207551
-0.01962926
0.09716550
0.08346827
0.34873518
0.09074409
-0.03769958
-0.13925701
-0.10655927
0.03943793
0.18142110
0.12391606
-0.07114533
-0.22823781
-0.07115784
0.01687317
-0.05621317
0.01625481
-0.00396246
0.10009719
0.08902283
-0.05941634
0.17844163
0.04858436
-0.00494242
-0.07466783
-0.04049573
-0.10299954
0.02677334
-0.19687210
0.07491568
0.01758981
0.29982132
-0.04687621
-0.16548154
-0.10888352
-0.09567308
-0.08659790
0.04128287
0.03489669
0.03264165
-0.08203015
-0.04331432
0.16441967
-0.08816627
0.06586687
-0.10572948
-0.03872712
0.08785581
0.01894733
0.00671607
0.12459201
-0.18549152
0.04897095
-0.10899580
0.18425938
0.20955910
-0.06406891
-0.13551107
0.06705502
-0.06707270
0.00039015
0.07764756
-0.13065551
-0.06836215
0.05758417
0.00423170
0.01587278
0.05416670
-0.08621513
0.04916710
-0.10937124
0.01286845
-0.08153176
0.11829489
-0.07171957
-0.10295333
-0.05823859
-0.04026125
-0.04214187
-0.01899592
0.24659975
-0.12963404
0.24240734
0.02243516
0.11763512
0.07767189
-0.18386066
-0.04847962
-0.08225673
-0.07410820
-0.04257638
0.02255196
0.00020154
-0.06553743
-0.14812405
-0.08678205
0.09371978
0.00896369
0.00466279
-0.09131294
0.00341083
-0.07042746
0.10197151
0.12616511
-0.09554577
-0.05650000
0.01573660
0.08830617
0.10241036
-0.03189965
0.02362322
-0.10529675
-0.00790648
0.03371611
0.09054451
-0.09970663
0.20990233
0.00721168
0.07539335
0.09165745
0.10951770
0.01250938
0.02931016
-0.08931179
0.01702729
-0.04835622
0.09536566
-0.01501925
0.06980569
-0.22945544
0.04298851
-0.05007570
0.14585310
0.06931104
0.09782658
-0.14141420
0.16565469
0.02495667
-0.17144734
-0.15901284
0.07326119
-0.07476306
0.09848008
-0.09158606
0.07338566
0.02734424
0.15932198
0.05591444
0.08409846
-0.09586840
0.01533744
-0.03864344
0.13290383
0.06177624
-0.01334046
0.01325561
0.00062062
-0.18200484
0.13205469
-0.08527811
0.06291374
0.08818996
-0.02523761
0.07926121
-0.11806084
0.02033268
-0.02219597
-0.05201515
-0.01613572
-0.05552969
0.05105012
-0.10779976
0.07530973
-0.11047328
-0.11257520
-0.05558533
-0.03298401
0.03952881
-0.11063334
-0.05918578
0.08126225
-0.00770983
0.04199742
0.02365384
0.00251975
-0.06444142
0.10183767
-0.06990347
0.08357833
-0.04557155
0.01514951
-0.05504258
0.14022130
0.09853052
0.03348966
0.06597576
-0.02559207
0.17320262
-0.19137615
0.02095865
0.21237269
-0.03344755
-0.14046060
-0.02008830
0.07020422
0.04066890
0.06768437
0.11480455
-0.14784506
-0.03852738
-0.18863043
0.19640718
0.04879069
-0.08947222
0.05343303
0.03656705
-0.17832603
-0.05134448
0.05439858
0.10191677
0.16015862
0.00894502
0.04181493
0.00911316
0.15212223
-0.02466373
0.00177660
0.05633548
0.16337119
-0.02833005
0.07021478
0.01388087
-0.02559013
-0.03190455
0.03798627
-0.07958949
0.05183557
-0.05189781
0.09543976
0.07303688
0.22616895
0.01010520
0.16195573
-0.07548504
-0.00329764
0.03750553
0.04902405
-0.38200536
-0.15102166
0.18071564
-0.13259318
-0.24336755
0.16766647
0.19295058
-0.30777413
-0.07470258
-0.07447667
0.01733723
-0.09258039
-0.06138570
0.24154738
0.12067210
-0.17531268
0.06345125
-0.02501548
-0.14974996
-0.10600982
0.06670471
-0.17043874
-0.01591876
0.14170107
0.02938461
0.02894232
0.11771946
0.14708024
-0.16193688
0.02524121
-0.09039965
0.06285482
-0.21288338
-0.01183146
0.03571140
-0.15893535
-0.15554756
0.02549589
0.01978550
0.00300398
0.23449470
-0.00835582
-0.09976263
-0.10202812
0.04596425
-0.15536788
0.14003539
0.04583930
-0.15398432
-0.01564611
0.09889793
-0.02602919
0.05148281
0.16136424
0.20800507
-0.14202507
0.01337655
0.02594633
0.05323783
0.05980833
0.05366447
-0.06442828
-0.01847296
-0.07149370
0.00750437
0.00752496
0.05169657
-0.01840822
-0.07271023
-0.04422793
-0.21925130
0.04453515
-0.00969085
-0.24336611
0.03743098
0.06710891
-0.03363090
0.01788359
0.08040769
-0.04652116
-0.02072598
0.06694786
0.08577987
0.10528091
-0.13314550
0.04344189
-0.07904041
0.16347265
0.18603538
0.00674141
-0.08414981
-0.07448316
0.07264555
-0.25221679
-0.11392092
-0.14660262
0.09413947
-0.14122890
0.01526645
0.01752933
-0.05677122
-0.13870899
0.08212551
-0.03229393
0.24297668
0.08132187
0.01536850
-0.00249099
-0.13598667
0.12018316
0.03013102
0.03721568
0.13333406
-0.01491854
-0.02092755
-0.12540837
0.00816318
0.01401239
-0.05571510
0.01473342
0.24690661
-0.08703886
-0.16594797
0.13430873
-0.01627266
-0.14039417
-0.13903488
0.07464571
-0.01709289
0.12865533
-0.09032359
-0.12970124
0.13560872
0.09332417
-0.11555617
0.09350765
-0.02516715
-0.10738870
0.06759436
-0.01330001
-0.04470029
0.09335484
0.12005626
-0.01868723
0.04151653
0.12689435
-0.13423221
-0.11849159
0.26776201
-0.02179301
-0.07465332
0.02529586
0.03596002
0.09301024
0.01716716
-0.15237013
0.00153199
-0.08417730
-0.17760292
0.08719689
0.02069933
-0.02937520
-0.03660949
-0.06596316
0.02652481
0.09739240
-0.08133242
-0.25039932
0.14669284
-0.08173412
0.07323267
0.04920743
-0.01323318
-0.03713942
-0.26171190
0.00308035
0.00452173
0.05074076
-0.07171999
0.08398312
0.08946143
-0.07787613
0.04792913
0.05043172
-0.17344648
-0.07598592
-0.03521086
0.14180666
0.03100343
0.01590396
0.04402597
-0.11541961
-0.10338182
-0.09624211
-0.05924294
-0.00065722
0.03333253
0.06960134
-0.00759797
0.10595426
0.15438274
-0.17257926
0.17772245
-0.03286990
0.07113173
0.08881169
-0.13363428
0.10139071
0.24394284
-0.18292224
-0.16518153
-0.07923868
-0.04490010
0.06481259
-0.08978485
-0.01013383
0.02225126
0.05755300
-0.03684847
-0.05761654
0.05671538
0.10508429
-0.07163606
-0.01764863
0.17545617
-0.03919894
0.10259325
0.02748381
-0.21023323
-0.11569674
0.03739703
0.10655100
0.12067790
0.16110072
-0.10016662
0.12739979
0.00034405
0.05759581
0.00991375
-0.03886492
-0.09203797
-0.21228768
0.13688132
-0.26500413
-0.17080754
-0.07116998
0.08906384
-0.19071655
0.04815406
-0.08798231
0.06823669
-0.03947132
0.17674740
-0.00573494
0.22488435
-0.15474221
-0.03098685
-0.06412362
-0.15722989
-0.09206629
-0.00166808
-0.11559976
0.17970966
0.05223338
0.18120681
-0.04498948
-0.01712374
0.04189497
-0.03564832
0.06541501
-0.00896106
0.07364916
-0.20031683
0.01143433
0.07877949
0.00586821
-0.02344755
0.17742094
-0.10814182
-0.04499375
0.12846844
-0.05122045
0.01869417
0.04623964
0.07611067
-0.11316803
-0.04849358
0.15715779
0.06966356
0.02498135
-0.03915037
-0.07249152
0.21522443
-0.00736911
0.05668597
-0.00612083
-0.02478672
-0.17852414
-0.10298334
-0.04447128
0.03443200
0.02005527
0.07618961
-0.05792536
0.13566937
-0.08014283
0.04670020
0.15009028
-0.24301814
-0.03103131
-0.20491324
0.05999611
0.06347838
-0.09709981
0.09697606
0.13519244
-0.05702775
-0.05391519
-0.03436730
0.03613482
0.08763012
0.12509732
0.15174901
-0.12663819
0.08195990
-0.05293075
0.17713715
-0.05126838
0.05005253
0.13759539
-0.03097266
-0.01533261
0.07450014
0.04013389
0.01001437
-0.18040325
0.03818915
0.13330571
0.04259900
-0.09337739
-0.01798741
-0.14450707
-0.03359063
-0.07372475
-0.08499637
-0.01710230
0.04095174
0.08181793
0.28123337
-0.11846333
-0.10500381
-0.10493021
-0.24516803
-0.10770035
0.06189882
0.13657616
0.27275592
0.16339223
-0.04465492
-0.10800527
0.12822405
0.12274328
0.12268875
0.13778558
0.15897183
-0.22479711
-0.03100618
0.05625391
-0.13236772
-0.17617184
0.01088968
0.32878894
-0.13467377
-0.12215084
0.06594712
0.02153969
0.06369137
0.07245914
0.13645707
-0.23654324
-0.09363697
-0.02719979
-0.26578724
-0.01013861
0.20104307
0.10607986
-0.04257751
-0.11619052
-0.16492535
0.09359998
0.06215123
-0.18142918
0.14817640
0.04579248
0.05264189
0.07999484
-0.04293261
0.10906374
-0.09318385
-0.10559543
-0.07973025
0.03229362
-0.11466239
0.09653728
-0.16620938
0.25586137
0.09386056
0.22385521
0.21441902
0.03912196
-0.06972246
0.08548884
-0.14499010
-0.06788094
-0.02240521
0.06390424
-0.02731410
0.01003027
-0.04052757
0.05011912
0.05964997
-0.01060118
-0.00759115
-0.04358108
0.07862583
0.04918344
0.07836434
0.11583690
0.20047431
-0.04509238
-0.06592551
0.04566940
0.20120490
-0.01791986
-0.03400972
-0.11325274
-0.14064078
0.04731541
0.11168153
0.05590779
-0.00867332
0.04244025
0.20290345
-0.04513156
-0.24076723
0.08674838
-0.01413869
0.09385946
0.01626438
-0.06934914
0.11201869
-0.02691203
0.10699043
0.05153032
0.03081286
0.11378030
-0.14550611
0.16979936
0.08499123
0.02132916
-0.03856482
0.06813299
-0.09577451
-0.03964461
-0.27129942
0.10571551
-0.19139148
-0.00154986
0.05562118
0.07084440
-0.00446502
0.02533154
0.02586970
0.00330729
0.00783162
-0.10851524
0.02725145
0.03038713
0.01227324
0.09708261
-0.06416812
-0.06090483
0.04210521
-0.14246725
-0.32149294
-0.03282740
-0.01320788
-0.07362612
0.13625839
0.00062862
0.04837404
-0.24770182
0.05268215
0.02760240
0.09092329
-0.21864976
-0.01923989
0.02800356
0.08921649
-0.09261026
-0.05881878
-0.07439204
0.02751750
0.12310509
-0.21655603
-0.04566192
0.05491872
-0.06397157
-0.26108190
-0.03248304
-0.03716207
-0.14558280
0.04795603
-0.01321096
-0.06136919
0.03631168
-0.07685582
0.04600060
-0.20882677
-0.01270900
0.16433351
-0.00641138
0.16506159
0.00605423
-0.10125419
-0.45724526
0.04579039
0.09986247
-0.06318677
-0.05391955
-0.08002186
0.04524455
0.12554701
-0.05873368
0.02096543
0.03832528
0.03492991
0.17170450
-0.02311226
-0.03941099
0.13363391
0.08589351
0.08410907
0.03278798
-0.19517824
-0.03802957
0.14052300
-0.10232668
-0.03003680
0.05385502
-0.00299801
0.22299065
-0.08337708
-0.00850085
-0.05713749
-0.03169085
0.03984888
-0.09800030
-0.04729333
-0.00441708
-0.09455147
0.02903553
-0.04463957
-0.11478430
0.01577347
-0.02871050
0.01725425
-0.06231993
0.05949685
-0.04110949
0.01186225
0.01009086
-0.01650942
-0.06883263
-0.09983559
-0.01461246
0.04021547
0.01145408
-0.07324633
0.07577172
-0.07766904
-0.03619827
-0.10569567
-0.05658269
0.02971792
0.01741059
-0.03464676
-0.03656591
-0.02759099
-0.02116908
0.04058977
-0.01574519
-0.03224251
-0.04660681
-0.04537034
0.00105263
0.06322107
-0.04859804
0.01029917
-0.04878185
-0.08094797
0.05096040
-0.08842368
0.05041920
-0.08689035
0.02151582
-0.03933846
-0.03584535
-0.10284293
-0.06028482
0.03920101
0.00869022
-0.13738242
-0.02143032
0.00373277
-0.02857043
-0.08488321
0.02917295
-0.05070266
-0.01770248
-0.04716808
0.03040541
-0.00064086
-0.03093393
-0.02972588
0.08032048
-0.11037648
-0.10821550
-0.00307636
0.02932654
-0.07283912
-0.02740264
-0.08099798
0.05740508
0.04165637
0.03610748
-0.05100747
-0.04442073
-0.00692424
-0.01640859
-0.04500517
0.06714022
-0.10491474
0.04487338
0.04215418
-0.02545830
0.03335746
-0.00326896
-0.07136261
-0.00053893
0.04042346
0.05104718
-0.10802871
-0.08062566
-0.07110426
-0.10556880
0.02538150
-0.05896004
0.05799021
-0.00777049
-0.09520781
-0.05334868
-0.00862960
-0.03867664
-0.01236634
-0.06918509
-0.08777978
-0.02746102
-0.10468570
-0.00242464
-0.01188485
-0.04529154
0.04918308
-0.16789709
0.02803063
-0.14402418
-0.09697182
0.07006210
0.02551728
0.02005969
-0.03857033
-0.18613261
0.08061566
0.02865456
-0.21307483
-0.06579097
-0.07791772
0.02149556
0.11028911
-0.14844421
-0.00372410
0.11727276
-0.07860072
0.17570262
0.00500322
-0.13299778
-0.04417554
0.18344165
-0.04900923
-0.00171263
-0.05323910
0.06446983
-0.02497619
0.21243393
-0.10276660
0.04074394
-0.04475249
0.03330642
-0.09302092
0.18640859
0.02932414
0.02328017
0.09416607
0.21692988
0.10832611
0.01286146
0.02952257
0.21614791
-0.08209804
0.05620386
-0.15550774
-0.18572341
-0.05765888
0.01537487
-0.12092281
-0.01471569
0.03836353
-0.19933227
-0.21542592
-0.13414834
-0.01656257
-0.00479940
0.19504926
-0.15243360
0.06478734
-0.12670460
-0.14488748
0.05762985
-0.00836513
0.01427681
-0.03046793
-0.07936934
0.02680685
-0.16415900
-0.13766178
-0.10451666
0.02133789
0.09510414
-0.17489338
0.04513204
-0.03467708
-0.01457036
-0.11686662
-0.05690468
0.00447182
-0.00400833
-0.02121744
0.04827381
0.12621993
0.03003940
-0.01315467
-0.06459628
-0.13287272
0.10736243
0.07381778
-0.20444751
-0.03402791
-0.08307756
0.10564230
0.10302964
0.14952934
0.17226158
0.18776624
0.06763840
0.07493056
-0.04651152
0.08091940
-0.16736163
0.05430346
-0.02513661
0.04995609
-0.06950720
0.07390216
-0.00947493
-0.24417202
-0.11436582
0.03195605
0.11499436
0.00881415
-0.03747176
-0.34419760
0.01022676
0.07373402
0.01692381
-0.07416615
-0.03571849
-0.00067098
0.08270520
0.09427578
-0.15384637
0.00327138
-0.06811149
0.04441182
0.11511762
-0.11609779
0.08701427
-0.16101688
-0.05063494
-0.02457786
-0.06541958
0.04175023
0.03945992
-0.19457029
0.04926864
0.27215198
0.05103699
0.15147451
-0.13270067
0.02563106
-0.08153290
-0.07231813
0.02194569
0.05860559
0.07145078
-0.13164659
-0.01593947
0.21043484
0.04848287
0.00529926
-0.02330352
0.12393706
0.03018290
-0.01415055
0.10131320
0.12935998
-0.00757922
-0.00207778
0.11476592
0.08320474
0.01944837
-0.16600314
-0.09426666
-0.06817669
0.01942587
-0.14581846
0.10297642
-0.15201886
0.21485713
-0.01585493
-0.15290387
-0.04756442
0.13877673
0.13451549
0.18172587
-0.00818302
0.09965350
-0.03480311
0.03672757
0.11786203
0.00058241
0.09340777
-0.04454957
-0.14181322
-0.11663417
-0.15732120
-0.04705053
0.01424467
-0.01546160
-0.18229546
0.03127721
-0.14070499
0.02774331
0.03411473
-0.05521866
0.02413152
0.04533657
-0.09198761
-0.12721841
0.07628714
0.00606847
-0.06691122
-0.00159746
0.04836585
-0.07899795
0.02411688
-0.17154607
0.01989040
0.03760513
-0.04213848
0.20138879
0.06871796
0.00909546
0.14200507
-0.07532074
0.05211458
-0.09956979
-0.01989777
0.07796641
-0.08177964
0.04181627
0.04933307
0.02131660
-0.03830225
0.04672190
-0.03234982
0.00238486
0.13000989
0.06434808
0.05134827
-0.04409593
-0.23428135
-0.22477238
-0.24264014
-0.02978075
-0.04189382
-0.01106236
-0.00285798
0.01616486
0.03509741
0.00308420
-0.01221431
-0.09777848
-0.04507088
0.00361759
0.04807215
-0.00021408
0.02868687
-0.04524823
-0.00520569
-0.02515715
-0.01852144
0.00590261
-0.01949076
-0.05114718
-0.09223174
-0.13051318
-0.05597939
-0.00759939
0.03588481
0.01955496
-0.02846541
-0.06624768
-0.10058316
0.01749939
-0.06512358
0.01572946
0.02181922
0.05307883
-0.09115934
-0.02763782
-0.09855145
0.02035060
-0.01482001
-0.03450013
0.00996348
-0.09692684
-0.06373190
-0.01972136
-0.03783784
-0.00360148
-0.07356647
0.00207623
0.02977118
0.02091850
-0.08590793
-0.08680967
-0.05649404
-0.07403639
-0.07045715
-0.11969748
0.03596714
0.05287601
-0.07320178
-0.08491734
-0.09658109
-0.01396767
-0.02352629
-0.07954546
0.00699823
-0.09748188
0.07154631
-0.00174623
-0.08145490
-0.10002290
-0.09960426
-0.01459101
-0.00571908
0.03865634
-0.00070935
-0.04572059
-0.06800608
-0.06373694
-0.03368903
-0.02448097
-0.07861937
-0.05110079
-0.01540371
-0.09732200
-0.00284461
-0.07239125
0.03910570
-0.08388818
0.00825299
-0.01276374
-0.02760340
-0.06590518
-0.00865232
-0.08602060
0.00014926
-0.07969102
-0.11227568
-0.07751733
-0.01062698
-0.04330507
-0.11038153
-0.02828618
-0.01872923
-0.01492456
0.07061948
0.01079949
0.01913599
-0.09716258
-0.05412293
-0.14540842
-0.04116632
-0.03408863
-0.10805023
-0.04825382
-0.00482464
-0.03365067
-0.02568284
-0.01071471
-0.06591403
-0.07024538
-0.11029063
0.11300711
0.00994839
0.07009594
-0.45431900
0.14629628
0.02176900
0.24849184
-0.09947269
-0.06058117
-0.20653787
0.12313573
0.14513946
0.04057182
-0.25528553
0.03064904
0.15344505
-0.01879061
0.13387774
0.00744057
-0.13770887
0.16720456
-0.25029039
-0.04352399
-0.00885082
0.07803484
0.07538650
0.01600016
-0.10926510
0.07576989
-0.20831779
-0.06239775
-0.23480034
0.04915991
0.26558065
-0.03918364
-0.08266019
-0.06228128
-0.05147748
-0.07064922
0.01608346
-0.08605520
0.20079105
-0.02703110
0.05126819
-0.13188688
0.13498084
-0.05939193
-0.17116362
0.03541287
0.07612240
-0.03514353
0.00109615
-0.01627535
0.13391139
0.14221062
0.02279465
0.19241028
-0.08303815
0.06663004
-0.01491178
-0.06577773
-0.12302903
0.10998864
0.14723893
0.24739087
-0.01167338
0.01697057
0.07209152
-0.10575181
0.19123717
0.08611401
0.01277511
-0.07558286
-0.17300050
0.01534242
0.10398801
-0.26145628
0.24214615
-0.06388203
0.01559931
0.18621826
0.01530981
-0.01510603
0.00097539
0.05426033
0.06271763
-0.01047362
0.17437232
-0.07007942
0.06934657
-0.07457833
0.31068152
0.01307268
-0.08790390
0.06175046
0.08478763
0.14688127
-0.08251417
0.07083312
-0.22168986
0.12172185
0.02077406
-0.14513361
0.02290896
-0.06897167
-0.02214837
-0.07695112
0.00410039
0.02950248
0.19503057
-0.02658700
-0.10939209
0.03861969
-0.00620714
0.00275948
0.23195033
0.04390805
0.17410217
0.29393834
0.13315609
-0.09167301
0.07392026
-0.01089704
-0.14133154
-0.21434520
-0.02644672
-0.01260633
0.15324597
-0.00853189
0.21978828
0.01021050
-0.12784529
-0.10216807
0.01775439
0.12140967
0.14217743
0.10545742
-0.14457478
0.14271596
0.00756177
0.02715632
-0.05629823
0.03102897
0.05805657
0.06214740
-0.01372201
-0.05265228
-0.03166071
0.09446663
-0.07097641
0.03483944
-0.00766043
0.05917148
0.34228560
-0.17122231
-0.02285303
-0.05097090
-0.09533389
0.02906181
0.05492446
-0.06113843
0.01852335
0.21218888
0.04871309
-0.13332689
-0.07363638
-0.03097348
0.13867176
-0.06015937
-0.15147343
0.18321459
0.04351605
0.10769095
-0.14355388
-0.06301507
-0.06405521
0.18075597
-0.11572600
-0.06239004
0.02820710
-0.22582050
0.01572701
0.05955779
0.04738783
0.17718284
-0.06297577
-0.11781118
-0.21817146
-0.11138552
0.03887481
0.08665102
-0.08364394
0.02811553
-0.00546045
-0.04951188
-0.05446909
0.01381152
-0.07292700
-0.07307406
0.05413270
0.13901851
0.06544391
-0.02439812
0.10241141
0.06231160
-0.06459215
-0.10347258
0.11278172
0.02919287
-0.06897536
0.07302717
-0.00260945
-0.00060053
0.05161956
0.09246048
0.00266271
0.02971755
0.15491097
-0.28548655
-0.03822814
0.05328893
0.03926376
-0.19670394
0.03191197
0.05285033
-0.08066548
-0.02608139
-0.02287804
-0.21642876
0.21909732
-0.02094937
-0.05684566
0.09084166
-0.04330083
0.01177231
-0.09640307
-0.12812993
0.00600660
-0.08039083
-0.01237800
0.17030048
0.15705204
0.05860460
-0.00070563
0.11420012
-0.08733387
0.04905373
0.03282681
0.02331543
-0.11482817
0.04205200
-0.00820132
0.19169247
0.14129628
0.01207534
-0.03601702
-0.11481982
0.03453092
-0.19702271
-0.01682013
-0.04961276
0.08441289
-0.01818383
0.01825231
0.04560460
-0.00013924
-0.10886075
0.02721950
-0.06651144
0.17589533
-0.03480531
-0.07484575
0.07263169
-0.12022553
0.09435086
0.07027306
0.07470758
0.11528439
-0.03415945
-0.10803007
-0.06112357
-0.00465902
0.02381518
0.08691646
-0.10719281
0.18943474
0.03979775
-0.20668541
0.21430323
-0.09205195
-0.22429276
-0.27020359
0.01075055
0.08527813
0.06847920
0.07748858
-0.25443113
0.17992103
-0.19985864
-0.08566087
0.02759453
-0.04333146
-0.02619071
0.07968576
0.05770151
0.02320928
0.16901347
0.00680671
-0.07095353
0.09114000
0.18228275
-0.11839841
-0.03376650
0.03238162
0.00765264
-0.04285119
0.06527261
0.01967059
-0.02656928
-0.01268967
-0.22062665
-0.03942936
-0.17627262
-0.12478112
-0.06955603
0.18354197
-0.08899136
-0.08026789
-0.03443320
-0.04252530
-0.16853747
0.05134960
0.03522919
0.05009831
0.11840595
-0.07824300
0.05376080
0.09881000
-0.03964819
-0.32152632
0.08884907
-0.07589138
-0.01803112
0.01105612
0.05633005
0.15909904
-0.02242805
0.07932210
0.13140278
0.04803015
0.07520132
0.01736698
0.03749064
0.04704882
0.08873630
0.11069891
-0.09633080
-0.09589146
-0.09138244
0.06368616
-0.16752356
-0.00641514
0.12873861
0.20849459
-0.11555750
0.04963620
-0.08698591
0.13986307
0.15359347
-0.01576814
0.09077413
-0.00641282
-0.03730654
0.19717740
-0.10684330
-0.12919238
0.09754378
-0.07675924
0.12826476
0.07192615
-0.00762011
0.24993455
-0.11264930
0.06599209
-0.04748550
0.08138370
0.02456482
0.07784656
0.05556288
0.15240951
0.10546768
0.21658367
-0.00575013
0.07487664
0.02403685
-0.02671762
0.07599527
0.12939118
0.14796077
0.03220575
0.00326886
-0.01386158
0.08853537
0.06082047
-0.05593558
-0.05938149
-0.18689393
-0.04814938
0.06616506
-0.16487822
-0.13985471
-0.15422559
0.01762437
0.01106347
-0.04833655
-0.03285610
0.18089870
0.19630897
0.13226625
0.01056645
0.05703992
0.14154874
0.03967800
-0.05894805
0.02381061
-0.07545851
0.09292443
0.12757510
-0.03439700
0.12568165
0.12149894
-0.21822055
-0.12999023
0.04225449
0.02216674
-0.04961811
0.14990550
-0.02238955
-0.05305126
0.03005827
0.19177872
-0.14591008
0.05834753
0.19974476
0.02588577
-0.10944042
-0.01532871
-0.14759305
0.01133624
0.04141998
-0.00356817
-0.13858123
-0.10503863
0.00295501
0.05585625
0.18243037
-0.00774468
0.09297214
-0.05918303
0.02417688
-0.08875873
0.09889453
0.18445805
-0.04394536
0.11459043
-0.05980875
0.06988198
-0.05207937
0.10523937
-0.11416210
-0.12244049
0.03217482
-0.05560705
-0.03640331
0.02225908
0.00218184
-0.08148893
-0.13103892
0.25262690
-0.01541016
0.17314482
0.03455735
0.12178533
0.05466661
-0.18331553
0.00472644
-0.09716767
0.02141711
-0.01035053
0.13255559
0.17644906
-0.00691019
-0.09422726
-0.03668442
0.09358144
0.00856810
0.00695203
-0.16884823
-0.13424513
-0.04526087
0.11337914
0.14082098
-0.12036988
0.03385372
-0.09625136
-0.04295729
0.10705713
-0.06794214
-0.10013313
-0.05205557
-0.03267013
0.11871829
0.02415229
0.08714413
0.05700220
-0.04743632
-0.08055860
-0.04236051
-0.15632309
0.17778690
-0.02124369
-0.04811311
0.01222198
0.09695047
0.03837021
0.13565199
0.00330353
0.19337527
-0.14266276
-0.09144523
0.08737346
-0.10863706
0.06963905
-0.23678984
0.02673016
0.05494642
-0.23339631
-0.13848032
0.18160509
-0.04546169
-0.03176301
0.09593404
-0.07304451
0.07307843
0.06275148
0.02027146
0.04163295
-0.20672852
-0.04247279
0.00699988
0.08467216
-0.01720823
-0.02737384
-0.03090163
-0.08364381
-0.17918088
-0.08396595
-0.09008186
0.07274715
-0.03087543
-0.01061526
0.01023593
-0.07750624
0.00665665
0.05992780
0.09010016
-0.02443210
0.13819377
0.02795039
-0.00568031
-0.12791358
0.01896807
0.05785147
0.01380863
0.09128224
-0.01819795
-0.16747560
0.02074376
-0.14222750
0.02146658
-0.06399374
-0.04604643
0.06306579
0.02451909
0.02152917
0.00273516
0.01186275
0.05764842
-0.11366437
-0.08568244
0.02212230
0.07169946
0.04335785
0.03208383
0.02757085
0.13643536
-0.20923956
-0.06482052
-0.03691565
-0.04672434
0.02512443
0.08666103
-0.16203359
0.02935124
0.08880281
0.12145191
-0.14955926
0.09851189
-0.18243988
-0.18119937
-0.07247311
0.12717210
-0.03446982
0.00580397
0.04112681
-0.33479673
0.08593842
0.10791755
-0.10526466
0.10128177
-0.15002306
0.08909786
0.08330218
0.08118354
0.09254874
-0.04972026
-0.03173763
0.01531142
-0.06069056
-0.16820967
-0.09797277
-0.15455127
0.03501750
0.03194809
0.05786273
0.12261640
-0.09334832
-0.09491771
-0.01038567
0.18393090
0.07930966
-0.01892886
0.01424173
0.10767361
0.07243004
-0.10650598
0.05217917
0.07680213
0.07502699
0.06115735
-0.16130939
-0.03346060
0.06027687
-0.05875653
-0.07608528
-0.06380016
-0.20965758
-0.08206483
0.07647546
0.06957820
0.06659376
0.04601558
-0.05594784
-0.20286524
-0.12422180
0.04783989
-0.13481727
0.07149500
0.02727193
-0.15537150
-0.04102367
-0.08187296
-0.18015854
0.15912062
0.02135160
0.18108164
-0.08841886
0.01659732
-0.01776348
0.06149293
0.01340209
-0.02688914
0.08734111
-0.20310204
0.02581168
0.02415242
-0.00591639
-0.23272580
0.09606408
-0.04657108
-0.02457866
-0.15481107
0.02334270
0.09401947
0.10926539
-0.13220803
-0.08590774
-0.04372083
0.11481234
0.06260597
0.12678884
0.09382154
0.04124858
0.01320363
-0.06171319
0.02232549
0.06681570
-0.00935818
0.02142668
-0.38579836
-0.04039317
-0.06584063
-0.01638449
0.09786715
-0.07982188
-0.07747475
0.20498239
0.13307852
0.06643492
0.02907640
0.03408699
-0.01303673
-0.06837196
-0.01811411
-0.01578020
-0.09098303
-0.09719831
-0.10330117
-0.01328122
0.02612464
0.04637464
0.06688846
-0.08686474
0.02077470
-0.06898525
-0.12053337
-0.00347056
-0.03962550
-0.10302339
-0.03762170
-0.02861902
-0.12671039
-0.01139665
0.07497072
-0.04876777
-0.04091119
0.02443800
0.03435425
0.02271112
0.04305775
-0.01380397
-0.01369346
0.04776154
0.06227252
-0.05061292
-0.03637769
0.03060058
-0.07011987
-0.04746883
-0.06393760
-0.00838960
-0.03527259
0.01988965
0.03498659
-0.13572994
-0.04301331
-0.02865265
-0.03366844
0.00151454
-0.04016588
-0.02521279
-0.03455150
-0.03251459
0.06905901
0.02451451
-0.01735244
0.07528555
0.00746787
0.02685948
-0.09878894
-0.05979657
-0.07023294
0.08851987
0.00629140
-0.06332940
0.08557391
-0.08955268
-0.00318097
0.00016983
0.01003823
-0.07839081
-0.09731855
-0.10809013
-0.05454082
-0.05454195
-0.02967395
-0.12228659
-0.05135611
0.00717503
-0.05262798
-0.05029094
0.01054913
0.02197913
-0.04737896
-0.07787736
-0.02470408
-0.02550033
-0.09102321
0.04842812
-0.07072462
0.05737256
0.04498570
0.06577175
0.01785741
0.06500629
-0.09566091
-0.08681259
-0.11065212
0.06492431
-0.11872530
0.07444526
0.04353562
-0.09422632
-0.08559743
-0.04044158
-0.04318462
0.00038122
0.02612701
0.06002019
-0.04900733
-0.09511617
-0.09368697
-0.06113587
-0.10324404
-0.05439868
-0.03015426
-0.11340486
-0.05573517
-0.16906676
-0.03166580
-0.02812261
-0.03544233
0.11822575
-0.38007280
-0.03364849
-0.06719124
0.17872249
-0.03437327
0.01018573
-0.00458633
-0.17930914
0.16610403
-0.14003189
-0.12543635
0.08963955
0.13874646
0.03793211
0.06123340
-0.02879850
-0.02684047
-0.03500454
0.02286969
0.04806107
-0.09934188
-0.03160366
0.02691049
-0.12001272
-0.06153084
0.06228331
-0.11768129
-0.06242513
-0.08154102
-0.06184718
0.21439688
0.08936289
-0.13212314
0.06874939
0.02603769
-0.07937048
0.05663065
-0.11773267
0.06585736
0.08363648
0.00897918
-0.19995885
-0.03589242
0.07466675
-0.08168505
0.03318393
0.00872171
0.21281572
0.06614830
-0.02966210
-0.02361193
0.17113979
0.00403839
0.26005548
-0.16011940
-0.04687992
-0.05337537
0.10152272
-0.16758700
-0.05980053
0.01014093
0.02474374
0.02697132
-0.05349889
-0.21263482
-0.14254406
-0.00425930
-0.04973544
0.14932305
0.07377630
-0.08272415
-0.07380205
-0.11611538
0.03995975
0.04316675
-0.00455786
-0.00586712
0.11405848
-0.06106225
-0.04570407
-0.06978655
-0.06921303
-0.05088706
0.03213118
0.08406553
-0.04066965
0.01906347
0.28258505
0.09647273
0.00328767
0.08694280
0.13376224
-0.03073809
0.01021206
-0.00584026
-0.01693904
-0.01375466
0.07361521
0.01740376
-0.22259627
-0.03483979
0.01929860
-0.06648391
-0.01898896
0.07537106
0.01613272
0.12272789
0.02542929
0.03737041
-0.02782487
0.13339600
0.08701481
0.03027582
-0.03292856
0.13573520
0.03672074
-0.08488792
-0.03972478
0.09922742
-0.12598343
0.08048504
0.06734456
-0.00161939
0.14487797
-0.11110914
0.06171379
0.20915312
0.12936568
0.13349721
-0.18125746
-0.01861977
0.02449244
-0.07210922
0.09105577
0.02783082
0.08327240
-0.03123863
0.09793791
-0.05532936
0.05725392
-0.05557134
0.05994987
0.05844756
0.09749600
0.20581727
0.08414806
0.04307495
0.01131193
0.02692133
0.06606945
-0.13937187
-0.00834056
-0.06602033
-0.08008904
-0.02537182
-0.08786623
0.01379234
0.00960629
-0.21038067
-0.18488289
0.01181096
0.04375425
-0.27964768
0.06179141
0.12643600
-0.06495248
0.11292491
-0.05476268
0.11153258
0.03445726
-0.02343828
-0.03982363
0.06063783
-0.09309225
-0.21784143
-0.04319114
-0.15401675
0.01587830
0.20088032
-0.05244963
0.03889518
-0.11014286
0.08067228
-0.11161525
-0.02531416
0.24787934
-0.29571164
0.01447916
0.04418083
0.09009292
0.05553101
0.22276832
0.18150872
0.06529416
-0.01994624
-0.07141224
0.03742122
-0.10308775
0.00518532
0.07499041
0.10820819
-0.01692229
-0.27116761
0.00843771
0.19908960
0.09650127
0.27016625
0.07224698
-0.00664072
-0.13501640
-0.06651190
-0.06145950
-0.07583536
-0.13255581
-0.07192514
0.18625014
0.07590061
0.14760935
0.09551167
0.14874583
-0.02572089
0.05970507
0.08857426
-0.04009398
-0.05356203
-0.04991660
0.04164853
0.01798751
0.01762069
0.01465253
-0.05567773
0.08414612
-0.14391431
-0.05859160
0.15669297
-0.27395892
-0.03648283
-0.03809194
0.06934582
-0.18649156
0.07227153
-0.08472284
0.05520971
0.09996676
-0.01534812
0.12187622
-0.08294065
-0.16688418
0.05149869
0.06137239
0.04746890
0.02157639
-0.06202630
0.17658040
-0.07953293
-0.12602329
-0.04281997
0.14116997
-0.02634348
-0.10956186
-0.03695881
0.05026443
-0.03912939
0.08953414
0.00927823
-0.00032662
0.10566895
-0.09414808
0.11251502
0.03033731
-0.14689656
-0.08151335
0.04188118
0.07547288
0.03105135
-0.03692997
-0.08890967
-0.08616610
0.01416804
-0.06986500
-0.08281944
-0.05263006
0.16814294
-0.17172761
-0.08982815
0.04710001
0.00007752
-0.22470671
0.05206221
0.07784924
0.12684488
-0.00562839
0.09504084
0.00846450
0.00678396
0.04904969
-0.20494252
0.08894860
-0.04817011
-0.00404792
-0.06737541
0.19605689
0.05457008
-0.02689532
0.03661838
-0.05785538
0.11694264
0.11132710
0.00200136
-0.15149044
0.19739264
0.02140160
0.12384067
0.00813306
0.08882503
0.06223299
-0.08426650
0.05922212
-0.15045059
0.05520938
-0.05403753
0.00023891
-0.16233619
0.03085846
-0.12608024
-0.05457533
0.04260567
0.18652536
-0.08977392
-0.19038631
0.05130452
0.06278341
0.05148377
0.03284752
-0.04516779
-0.06063587
-0.14740893
-0.02258311
0.11658224
0.08264405
-0.01861697
-0.07228155
-0.08213776
0.07345815
-0.08885535
-0.03597198
-0.22803566
-0.08967697
-0.04155412
0.14414510
0.07442635
0.07587379
0.04044035
0.02133875
-0.05907589
-0.16009463
0.04605054
-0.02800478
0.20040381
-0.00864285
0.16100106
-0.04373705
0.02446122
-0.06319822
0.08216443
0.05797677
0.12083404
-0.20169976
0.05337795
-0.07732823
0.06886572
-0.13675658
0.01676339
-0.02779322
-0.01585323
-0.04765580
0.06120431
-0.07047965
-0.02762920
0.11029682
0.03870452
0.00091129
-0.05848870
-0.16348350
0.08471403
0.08055145
0.24388511
-0.07776360
0.28339946
-0.00952925
0.10845327
0.14837246
-0.08385454
-0.00347289
0.00552992
0.08403890
-0.05877254
-0.01696331
0.06756875
0.09233388
0.06693272
-0.15345736
0.10971903
-0.08207947
-0.00132999
0.05278839
-0.02534349
-0.14070924
0.02894555
0.00494472
0.07287706
0.09938144
0.06780902
0.30431589
0.23048030
0.00292095
-0.05891646
0.09365075
0.02280272
-0.06089565
-0.13295904
0.13345185
0.01055121
0.12799211
0.10982693
0.03380623
-0.01467593
0.15295863
-0.02528938
0.08060279
0.17886250
0.02855510
-0.05324043
0.22846277
-0.07147040
-0.01538588
-0.08802492
-0.03530534
0.02117257
-0.07253128
-0.00582596
-0.04103597
-0.14947371
-0.12454135
-0.04469480
-0.05512257
0.03555592
0.18758887
-0.23680264
-0.15654989
0.13620099
0.08418696
0.01889430
-0.04396410
0.00213639
0.06739923
-0.15989210
0.03733336
-0.02062069
-0.09956101
0.10703821
0.00619707
0.01245281
-0.07735128
-0.09255320
0.12858175
0.07526910
-0.05200001
0.08135394
0.10227001
-0.10339899
-0.02806194
0.13123885
-0.11243917
0.01584092
-0.00979190
0.16575700
0.03775186
-0.01370738
-0.00249912
-0.07450751
-0.13836090
-0.03586130
-0.02324082
-0.07060439
-0.11130094
0.04267486
-0.09165636
-0.06299410
-0.11962666
-0.03728494
0.02654618
-0.10847916
-0.06692706
-0.10013551
-0.08186958
-0.01130891
-0.07257660
-0.04129527
-0.02861353
0.00513026
0.07389155
0.05380166
-0.01104727
0.06439219
-0.03591368
-0.03730885
0.03624584
-0.06361222
-0.03451012
-0.08132688
-0.08579919
-0.05055287
-0.07437664
-0.05741572
0.00635541
-0.00914337
-0.12381023
-0.09881833
-0.08927161
-0.08578915
0.00416822
0.12738678
0.15765333
-0.00694306
-0.06312074
-0.00831314
-0.12670204
-0.04870427
-0.03515256
-0.03147721
-0.04784111
0.02856877
0.00508363
-0.05099923
-0.06326912
-0.08748595
-0.09425654
-0.12827101
0.00406780
-0.00449626
0.02340055
0.02822169
-0.01535392
0.04931244
0.02747808
-0.04563084
-0.12263048
-0.03335402
-0.06949390
-0.07163972
-0.08954588
-0.08318482
-0.05426772
-0.02623023
-0.00215533
-0.02373229
0.02776240
-0.01949318
-0.06200439
-0.17233755
-0.05318881
-0.11300416
-0.07213216
-0.03966914
-0.08173402
-0.04090696
-0.09153013
0.03123764
-0.05824834
0.02798723
-0.01513041
-0.11688849
0.01793380
0.03291597
-0.04624203
-0.04527871
-0.12566166
0.05005020
-0.09836046
0.08629580
-0.04943372
-0.09509443
-0.01570219
-0.06052409
0.04153099
-0.05903462
0.01666728
0.00396775
-0.03484377
0.02914798
-0.00893417
-0.09351461
-0.04809456
-0.02831643
0.31481138
0.00665897
0.18556625
0.01617900
0.21509343
-0.04286493
-0.16164225
0.00438568
0.00801481
-0.07773667
0.02571458
0.21664815
-0.01872632
0.02247265
-0.13125969
-0.04373775
0.01523752
0.16540818
-0.13355826
-0.11452156
-0.02272504
-0.04862748
0.04859092
0.10261104
0.05918222
0.02059638
-0.04698045
-0.03527561
0.06491245
-0.10983723
-0.04341937
0.06081895
0.03202740
0.04167997
-0.05341644
-0.12083025
0.14691010
-0.15175977
0.06875856
0.01352554
-0.06270044
-0.08515584
-0.03691696
-0.27508831
0.07028235
0.03646924
0.10401046
0.10649048
0.16644897
0.16995300
-0.10413323
0.01865047
0.12372820
0.00328599
-0.04738489
-0.19197363
0.20762295
0.06992862
-0.26087144
-0.03037762
-0.02701444
0.02570695
0.16572754
0.04079295
-0.04949427
-0.12676603
0.26035824
0.00817666
-0.05476801
-0.03331653
-0.03840596
-0.01978784
0.18993582
0.14191198
0.08281910
0.06879888
0.06136077
-0.19320035
0.22005795
-0.22764206
0.06913500
0.03258018
-0.00684644
0.13968630
-0.08045300
0.09143031
0.05777423
0.04120009
-0.03788797
-0.10431680
-0.05817339
-0.09791888
0.19049034
0.00385395
-0.05752043
-0.09284680
-0.03381377
0.07425708
-0.14314492
-0.10817613
-0.01504280
0.01124495
0.11075521
-0.01487527
-0.11272760
0.04503815
0.04719132
0.00523203
-0.06625249
0.03963009
0.13875024
0.10177296
0.10784826
0.02028174
-0.04759149
0.07392130
-0.07394804
0.02800117
-0.18370040
-0.14694047
0.07819284
0.07951126
0.10158198
-0.00316096
-0.07901322
0.14373802
0.00363845
0.12645537
-0.12455667
0.13001241
-0.07040353
0.20414051
-0.04019413
-0.06079759
-0.05314697
-0.04074432
-0.07301502
-0.22501872
-0.14899553
0.08893637
-0.14922717
0.06528586
-0.35907263
0.13839430
0.06375419
0.06971282
-0.10435807
-0.01167389
-0.18301670
0.24641597
0.05989300
0.03685055
0.04361216
0.12526856
-0.01602083
0.05830278
-0.00874605
0.02051014
-0.20108351
-0.02903513
-0.16273990
0.16854243
-0.07261356
0.17616807
-0.04566133
0.07053457
-0.15061557
-0.02421192
0.11675490
0.11782444
0.10095964
0.00358057
-0.21956483
-0.26957896
0.10992277
-0.16293211
-0.11907471
0.00215995
-0.12228536
-0.05384209
-0.14043091
0.03803358
0.12027044
0.14802657
-0.00975623
0.12972465
-0.24996042
0.04535932
-0.07059072
-0.10308214
0.15206714
-0.10369489
0.17130987
-0.05605008
-0.08535822
-0.13915998
0.04803827
0.08598532
0.07611032
0.10235850
0.05584246
-0.09847646
-0.00890189
0.07438260
0.06199184
-0.13429543
0.09414580
-0.22328007
-0.00226540
0.03843250
0.21900758
0.02040284
0.01015379
-0.17867307
0.09236805
0.20234543
0.04535045
-0.23041251
-0.15151499
-0.00284062
0.00383597
0.04223999
0.03906535
0.11663732
0.06163342
-0.07385667
0.08380394
0.15029499
-0.06968350
0.05491710
-0.08290848
-0.13624871
-0.03364473
0.20027904
-0.01509657
-0.18715918
-0.07438588
-0.03586261
0.05351093
0.03814812
0.07946244
0.08072057
0.11298693
0.05400502
0.04775281
0.12432370
0.03632637
0.11021889
-0.10676458
0.06256820
-0.15886964
-0.12254997
-0.09092745
0.06962761
0.01494231
0.15732062
0.04398936
-0.38678288
0.09801454
-0.00870429
-0.19778569
-0.07099642
-0.09566491
0.13539191
-0.16842586
0.00904265
0.03869545
0.04522807
0.03514303
0.04834370
-0.25219145
0.11492088
-0.07476167
0.06182319
0.09184710
-0.13717844
0.08116203
-0.11664900
0.09277986
0.07482907
-0.02002583
-0.11342144
0.11880209
-0.00760714
-0.21777046
0.01660758
0.05693320
0.15103956
-0.04235013
0.07936506
0.04029529
0.04139681
-0.26419377
0.06108212
0.02406713
0.07115336
-0.07712152
0.04058537
0.20656854
-0.06760492
0.27058846
0.01355624
0.02069320
0.08071085
-0.01597979
-0.16107638
-0.14500448
-0.01065667
0.03349319
0.12176189
0.05848027
0.26846036
0.10323799
-0.01147474
0.10161365
0.15244715
-0.03317086
0.09230912
0.07563847
-0.22714131
-0.08018748
-0.01188955
0.12127575
0.10657310
0.10769804
-0.10068414
0.02408860
-0.06277438
-0.01151772
-0.39076245
-0.01431762
-0.06794127
-0.01142007
-0.15527003
-0.01977116
0.10245885
-0.01587199
0.06899285
-0.05157876
-0.01632018
0.02684760
0.12402847
0.03289410
-0.00170488
-0.02473776
0.07197078
-0.02265305
0.01050095
0.01875896
-0.04638539
-0.09882442
-0.05167877
0.10306230
-0.01072523
-0.00865121
-0.01507175
-0.08375913
-0.00980648
0.00944005
-0.06479958
0.09690498
0.17503802
-0.06416757
0.04297629
0.15145943
0.03753041
-0.00511574
-0.22592674
0.05273964
0.13337201
0.00113168
0.15985568
-0.06484092
-0.23189132
-0.01535656
0.05220604
-0.13861637
-0.19817714
0.13097861
0.00957320
0.00941922
0.00991843
-0.34639484
-0.00488129
-0.00490331
0.03444776
0.02390168
0.06926567
-0.28175539
0.02569429
-0.04490294
0.01533233
-0.04330836
-0.00435364
0.06457099
0.12016775
-0.16317604
0.17212911
0.06892374
0.00358805
0.13361084
0.03978611
-0.25183791
0.09032272
0.02101257
0.00965266
-0.12900908
0.18921342
-0.08336976
0.16396765
0.06230161
-0.04317768
-0.08108494
-0.20167533
0.08106338
-0.12023443
-0.03743012
0.01771950
-0.06806696
0.16377971
-0.22100094
0.06302078
-0.20246698
-0.16340795
0.01325039
0.07609212
0.24018177
-0.04950543
0.18737814
0.18121903
-0.06148247
0.11876708
0.11068080
-0.29541978
0.01737497
-0.03350345
-0.12777612
-0.09619205
0.04970622
0.05668651
0.05017295
-0.08370515
0.20896167
-0.05504895
-0.01378908
-0.15998289
0.11836634
-0.13862318
-0.02905955
0.20770718
0.00096979
-0.00549072
-0.13889632
0.11759908
0.09184569
0.10824510
0.11390477
-0.02483708
0.14784382
0.09097000
-0.15296456
-0.16199054
-0.12677039
-0.02542343
-0.14917690
-0.01786893
0.06117025
0.01438837
0.06596968
0.00992252
-0.05297038
0.18918820
-0.36311942
-0.10919448
0.10089038
-0.24003737
0.00238424
0.00845606
-0.20718318
-0.11303835
0.13827164
-0.03873438
0.00989203
-0.09807646
-0.18728951
-0.02843160
-0.12953869
0.01940197
-0.06973492
-0.16572446
0.13653736
0.16922897
-0.26672611
-0.16569169
-0.08546539
-0.19274965
-0.01643270
-0.00921079
-0.09757620
-0.13619122
-0.14641882
0.09142463
-0.21786214
-0.05324375
0.08445450
0.07992833
0.01939333
-0.03163514
-0.07945155
0.03411220
-0.02260618
-0.15779969
-0.00852050
-0.16003233
-0.03827056
-0.05438158
-0.03197193
-0.02279455
-0.14939988
0.01681533
-0.05557293
0.00284541
-0.11091124
0.00394418
0.00935931
0.02958793
-0.12835287
-0.12060639
0.03872413
-0.14838894
0.00124133
-0.07422481
-0.02016437
-0.10541707
-0.11701666
0.00073702
0.09711664
-0.01704096
-0.02202323
0.09126143
-0.15273573
-0.09170557
0.00078457
-0.04225326
-0.05731241
-0.18090664
0.00150679
0.04986117
0.08636941
-0.03482858
-0.03989440
-0.12891328
-0.08672535
0.05342508
-0.05905292
-0.13499783
0.17983884
-0.06812061
0.12082759
-0.19604313
-0.01955383
0.06863572
0.11396899
0.13487928
-0.08028591
-0.13260007
0.04560185
-0.08750719
0.01726243
0.16872507
0.01940320
-0.02809822
-0.21308585
0.02229309
-0.05165952
-0.19840689
0.10096514
-0.07957163
-0.00264728
-0.14224558
0.20463426
0.14227301
0.11299057
0.09677672
-0.11028852
0.05563670
-0.04995388
-0.01856473
-0.03213891
0.02461628
0.15374474
0.07331199
0.05648889
-0.09572268
0.07569736
-0.11135913
0.07101949
0.00631034
-0.19107203
-0.02732464
0.08317530
0.05108836
-0.09805100
-0.04979812
-0.10256001
0.03532659
-0.03686314
0.10900302
0.04396882
-0.12937771
0.01128116
0.08142006
-0.07585856
0.07330146
-0.12021336
-0.07421860
0.04979890
-0.17948976
-0.07199529
-0.06301659
0.08849826
0.00520134
-0.01482884
-0.25667793
-0.18963148
0.00543834
-0.11584422
0.06481542
0.00699620
0.06488547
0.06075411
-0.01194229
-0.04590265
-0.01858705
0.01411906
-0.00229228
-0.00934767
-0.07655115
-0.17146377
-0.02279197
-0.11002416
-0.11373898
0.07843383
0.07301182
0.04448142
0.01602393
0.04731780
-0.09227601
0.13304557
-0.00504787
-0.10626918
0.00939546
-0.17071603
0.02345753
-0.01100759
-0.00375337
0.05252590
0.08846230
0.24589439
-0.16510411
0.12673953
-0.01022505
0.07180132
-0.01766833
0.02248733
-0.01232321
0.08803781
-0.08466835
-0.11512876
0.21263792
-0.07537912
-0.04936536
0.18341090
-0.17321999
-0.12848647
0.00178846
0.14768422
0.07705089
0.13005967
0.02467769
-0.04566794
0.09142554
0.09697439
-0.02166668
0.11127653
0.01066627
-0.03184214
-0.34665641
-0.08265134
0.06729500
-0.16798095
-0.00744079
0.05383473
0.03176231
-0.11062172
-0.12102251
0.15515663
-0.07139868
-0.03239124
-0.12752013
0.01209347
0.03122289
0.02578605
0.02435696
0.01619126
-0.05204396
-0.03852538
-0.12212019
-0.05248616
-0.11440157
-0.04274557
0.23889509
-0.00013388
-0.05425704
0.06722755
0.08174296
0.01629510
0.13130467
-0.01108370
0.13012263
0.28729400
-0.01337020
0.02666350
-0.09213205
-0.05828059
-0.17484158
0.04996657
-0.05945950
0.14533728
-0.06713857
0.03350174
0.01869880
0.21830310
0.06377065
-0.08604702
-0.16144003
0.00870608
0.18061018
-0.02568144
0.07288191
0.02340648
-0.01169033
0.14134952
-0.05692456
-0.08907174
-0.05410088
-0.00430250
-0.06026369
0.06463544
0.11745032
-0.09620513
-0.13253520
-0.01322940
0.02203082
0.00985237
0.16306503
0.01204800
-0.09852867
-0.12312455
-0.08867334
-0.11273690
0.07544474
0.11610735
-0.10105527
-0.04926685
-0.06313465
-0.00713387
0.00547068
0.04786978
0.08208610
-0.10556927
0.08816734
0.13009152
-0.06993905
0.07157379
0.00593315
0.12204616
0.07522354
-0.24972127
-0.31542176
-0.01030551
-0.00072664
-0.05747342
-0.04809316
-0.02149045
0.22675085
0.07336081
0.11204747
-0.10767179
-0.12635045
0.00707639
-0.18461844
-0.02400281
-0.04117385
0.00437681
-0.06253649
0.01721776
0.01673984
-0.14669888
0.11401210
-0.05538375
0.05545976
0.10409279
-0.00106822
-0.07000243
0.02808265
-0.04401693
0.01278867
0.00573406
0.19653234
0.04938567
0.05093025
-0.13481542
0.10501592
0.06200739
-0.14230867
0.06034143
0.09987559
-0.09044521
-0.17069009
-0.04652311
0.04776466
0.02787628
0.01971261
0.15670702
-0.02462866
0.03945451
-0.06175533
0.04275631
0.00641228
-0.09405707
0.08534468
0.04712450
0.07251056
0.01637823
0.05374289
0.01635091
0.01228847
-0.13356465
-0.07066762
0.24562061
0.01013401
0.07951462
-0.01734079
0.02062660
0.00064468
0.10860005
0.00416191
0.06865841
-0.10609892
-0.05971171
-0.06439247
0.07889149
-0.08345893
0.09874515
-0.21361703
-0.04364292
0.09569026
0.00204132
0.08157292
0.00554303
-0.19004220
0.07896364
-0.10394661
0.07975642
0.05872824
-0.04300707
-0.04422285
0.00943900
-0.14542326
0.10871983
-0.11293308
-0.07916135
-0.12221889
0.00260907
-0.03872696
0.04437358
-0.04789449
-0.00207117
0.04879652
-0.10243511
0.05433660
0.02437137
0.09222189
-0.10671095
-0.02555180
0.13072897
-0.07108071
-0.14511514
-0.27618131
0.11817762
0.09786534
0.18119921
0.02314885
-0.10480989
0.00153468
-0.01981140
-0.00594400
-0.24063800
-0.00973529
0.02632778
0.15416406
-0.10467494
-0.01451564
-0.01843793
0.05016724
0.02309609
0.09199379
-0.01334759
-0.09334695
-0.05515103
-0.08860696
0.03474452
0.15544887
0.10849484
0.00446877
-0.01867905
-0.12826188
-0.21339548
0.15341868
-0.07158200
0.04237799
-0.08912192
-0.03529123
-0.05367744
-0.04280279
0.07286920
0.23819658
0.09490476
0.12308281
0.06418700
0.09728555
-0.06614494
-0.06588006
0.16314112
0.01327068
0.07828306
-0.06600522
-0.05476508
0.01618378
0.01236325
-0.07535536
-0.03315485
-0.03031573
0.01044139
-0.02517529
-0.00688440
0.13605106
0.07749815
0.05000727
0.13111682
0.04956641
0.11631978
0.06074063
-0.05307293
-0.02941796
0.08870703
0.04853407
-0.15583007
-0.20521747
0.15178314
-0.02900695
-0.07427299
0.08760192
-0.07952674
0.00480830
-0.18032385
-0.08659901
0.07609039
-0.06629463
0.00528009
-0.16283143
0.24783337
0.09699076
-0.00705204
-0.10593751
0.05371829
0.11362056
0.22647798
-0.01621024
0.13129210
-0.07051598
0.19807515
0.04920634
-0.17175558
0.06774768
0.06928208
0.02747234
0.10349069
0.03340420
0.05969201
-0.14902167
-0.00880206
0.10004774
0.09863923
0.11321792
-0.10468945
0.04959693
0.09012446
-0.04721885
-0.09774815
0.08871700
0.02328573
-0.20050202
-0.01518527
0.06580562
0.12673469
-0.06032735
-0.01873117
-0.03567344
-0.11215168
0.01688260
0.06328173
-0.00652718
0.11979100
0.05015428
0.06336775
0.06615494
-0.01131351
-0.06167105
0.03421213
-0.16653608
-0.00418461
0.16754326
0.07848813
0.18842283
-0.00029909
0.03255502
0.12972997
-0.02418946
-0.05208698
-0.06671180
-0.03936199
0.02349687
-0.13975535
0.16920500
-0.06920684
0.05543272
-0.08017366
0.17540257
0.01910401
0.01090484
0.02075403
0.08858462
0.09934942
0.07476002
-0.02494449
-0.11030456
0.00105407
0.02108285
-0.08852214
0.04393424
-0.16415402
0.02121615
-0.20291850
-0.09564382
0.00742688
0.08712361
-0.10595855
-0.02515681
-0.10402289
-0.02349847
0.05414489
0.08958969
0.15652245
0.02027450
0.02452706
0.04265783
-0.04285193
-0.03326831
0.01751734
-0.05042704
0.02585176
0.09893492
-0.02597876
0.20068881
0.05736144
-0.01848126
0.03973118
-0.20004714
-0.00361809
0.01901530
0.00771043
-0.09815545
0.03702189
-0.09995595
0.08159984
-0.16171631
0.07598419
-0.11750356
-0.11058167
-0.01069899
-0.23678386
-0.02356168
0.03934637
-0.03839522
-0.04005484
0.06305907
-0.16801798
-0.00451773
-0.01231609
-0.15946427
-0.07472647
-0.06097656
-0.03434096
0.01088341
0.04027051
-0.03288822
0.03723427
-0.13804920
-0.02003909
-0.19516818
0.08087228
-0.16680133
0.08914861
0.12123802
0.16460530
-0.06592296
-0.06408405
0.00422946
0.04385937
0.07941409
-0.25144416
0.13353792
-0.02401172
0.01800713
-0.00923682
0.03146661
-0.03525846
-0.25309026
-0.02148348
-0.05517578
0.13089789
-0.09484006
0.11190569
0.03257093
0.02043955
-0.02632281
-0.08230271
-0.03713715
0.08408793
0.00323355
-0.06898306
-0.12033317
0.01021348
-0.00476828
0.05792059
0.00198977
0.15021574
-0.10972697
-0.02452328
-0.11550439
0.06244575
-0.03420326
-0.00207480
-0.02617791
-0.04374743
-0.07846715
-0.16332228
0.11078936
0.01899140
0.08264259
0.01740539
-0.08428903
-0.04865051
-0.15605426
0.03055795
0.11520067
0.08142084
0.03013398
-0.06757680
-0.08055305
-0.00622283
0.15525120
0.09170443
0.01654213
0.04089477
-0.18181725
0.05747315
-0.04420336
0.03968709
-0.11073340
0.06682197
0.06329505
-0.14325693
-0.06787027
-0.03119568
0.00111414
-0.06673703
0.00539193
0.06910743
-0.04919864
0.03543811
-0.19993272
0.17908870
0.05970702
-0.05674966
-0.06139142
-0.13986792
0.06911234
-0.01496185
0.03173760
0.21624947
-0.12569216
0.20209661
-0.12050422
0.12545103
0.18958941
-0.09560265
-0.11433095
-0.20947757
-0.30391604
-0.19080013
0.07795493
0.02549205
0.03393269
0.08125518
-0.09589607
0.15586720
0.19684054
-0.00553186
0.00945788
0.08063334
0.02829879
-0.00895427
-0.00406889
-0.05094957
-0.06764615
0.05914710
-0.04977006
-0.09258147
-0.12480522
0.06024885
-0.02092605
0.07467433
0.07594695
0.12965798
0.09128398
0.04320473
0.11438766
0.02911037
0.08030844
-0.06522676
0.06970874
-0.05039095
0.04041710
-0.00139171
0.10364939
-0.01026791
0.06999198
0.20058396
0.01099006
-0.06793207
0.10727586
-0.07046257
0.07177102
0.05661090
0.04497919
0.23923300
0.01776497
0.23731302
-0.12413819
0.10075738
-0.10497735
0.02965673
-0.03755680
0.14301366
0.08291844
0.05087795
0.06936670
-0.02165379
0.18077363
0.09302147
0.06456686
-0.04116324
-0.01362202
-0.13043939
0.06190126
-0.02734413
0.05079838
-0.09834974
0.09191376
-0.01595515
-0.01438274
0.00278050
-0.03649107
-0.07427002
-0.04596879
0.09588549
-0.33651668
0.06006379
-0.04263325
0.23262128
-0.02128438
-0.01896522
0.01254622
0.06310131
0.04048466
0.03198069
-0.01799209
-0.05626132
0.01122025
0.10521948
-0.08999005
-0.06818545
0.07824726
-0.05946307
0.04735029
0.07369518
0.00110707
0.07721349
-0.08091933
0.00743458
-0.13288939
0.07635289
0.03529542
0.03756988
0.28311154
0.07546367
0.24845596
0.11706732
0.25547308
0.09005685
0.00130405
-0.02332464
0.10320235
-0.03581847
0.10651607
-0.18093513
-0.01020188
-0.05508080
0.00931014
-0.06135985
-0.04686479
0.03784459
0.08381812
-0.05330960
0.10372358
-0.06930894
-0.11106902
0.03228778
-0.02962510
-0.20584176
0.11116476
-0.16188633
-0.05270825
0.03151478
0.04655084
-0.15457529
-0.04747885
-0.15524305
-0.11070148
0.02748197
0.09015711
0.06606467
-0.03825072
-0.09576029
-0.00936673
-0.23821704
-0.14669414
-0.15573394
-0.16056757
-0.10110357
-0.07577934
-0.27396536
0.01781569
-0.09783002
-0.05883341
0.24458456
-0.01987625
0.11208548
0.09547783
0.02588764
-0.13776889
-0.00165409
-0.19379224
-0.07210670
0.08759351
-0.14013143
-0.00142868
-0.18374695
-0.03674145
-0.03137606
-0.00906655
0.01129155
-0.00069451
-0.20954286
0.04684781
-0.11487366
0.01502110
-0.04483255
0.03449443
-0.09041878
-0.15395886
-0.20312846
-0.03555118
-0.05309233
0.03499156
-0.12158259
0.01349376
-0.07475981
0.10200340
-0.02090007
0.06272309
-0.18512215
-0.15648332
0.01745908
-0.05684235
-0.06869669
0.03311512
0.08914360
-0.13562910
-0.09936544
-0.12487429
-0.03443288
0.11151815
0.00121275
0.00725791
-0.03100317
-0.03730803
0.01743708
0.08569539
0.08303595
-0.04982818
-0.03687559
-0.03834045
-0.04312867
0.02290463
-0.03691167
-0.03355390
-0.33295256
0.00718796
-0.00527624
0.01950524
0.17034291
-0.04977797
-0.03636750
-0.07666110
0.01575736
-0.05549533
-0.09607739
0.02707707
0.05007701
-0.13235272
-0.00350178
-0.06011746
0.14111492
0.03168291
0.00987562
-0.26061398
-0.00478589
-0.27556673
-0.07053736
-0.01260687
0.22962165
0.11918270
-0.01761524
0.03198056
0.00467172
0.16890764
-0.00201868
-0.02871223
0.07512113
-0.00159915
-0.10812858
0.04041857
0.00137678
-0.08466633
-0.05126293
-0.02790334
-0.11372609
0.11850993
-0.01928949
-0.20693228
-0.05848702
-0.07720105
0.15274914
-0.11790706
0.11000644
0.17290507
-0.03355371
-0.06762265
-0.18371831
0.01560012
-0.14523117
0.09353831
-0.03103628
0.21106628
-0.20279780
-0.13881843
0.19486541
-0.19856596
-0.11703422
-0.14938186
-0.16263765
0.06943023
0.17299739
0.01800303
-0.24244837
0.06737145
-0.06013146
-0.05989151
-0.05119903
-0.20086570
0.00878521
-0.01600274
0.06193977
0.05288290
0.18864070
0.26860699
0.06267823
0.24719799
0.10842691
-0.01156487
-0.08113274
0.03736228
0.00204937
0.02501473
-0.15877046
0.01769803
0.04385554
-0.12481641
-0.17683879
0.01256654
0.04632005
-0.09094936
0.04072614
0.18347298
-0.03383739
-0.07893470
-0.06293273
0.03005397
0.01699565
0.09459040
-0.16670558
-0.01584318
0.02622393
0.08796974
0.05613728
-0.10281400
0.05770934
-0.25084481
0.05300471
-0.07775112
0.00168495
-0.05027255
0.05989185
-0.03956814
-0.07235259
-0.02053536
-0.02420967
-0.08008585
0.06939261
0.00045836
0.13014664
0.02686989
-0.03065381
0.26943409
0.02943692
0.02747598
0.03146453
0.10323900
0.00431464
0.11100920
0.04747253
-0.03832123
0.24515261
-0.12179615
0.19730531
-0.09241115
0.01894187
0.03275249
0.05258323
-0.07565840
0.01976280
-0.00733790
-0.15095861
-0.05058693
-0.01866597
0.03656627
-0.09291728
0.03696078
0.04233529
-0.20154455
-0.12413722
-0.05615577
0.07751023
-0.03528144
-0.22333612
0.01674622
-0.08081359
0.10447729
0.02364771
-0.16388401
-0.05686251
-0.20427273
-0.12768330
-0.02253837
-0.04662223
-0.06523085
-0.15625195
-0.15202641
0.02811343
0.01204250
-0.11713576
-0.00241697
-0.02496064
-0.07166819
0.01017828
0.07481541
-0.20787741
0.07746743
-0.09331676
-0.04897535
-0.06271889
0.05421539
0.16554353
0.07411706
-0.24540623
-0.00194080
-0.12742642
0.13954262
-0.17868337
0.07975870
-0.04524210
0.18364479
0.15608989
-0.07126257
0.05394606
-0.08249971
0.09592374
0.14291289
0.04831425
-0.08947360
-0.04659054
0.06378619
0.07907000
-0.02679288
-0.04567324
0.12985082
0.01050134
-0.07967409
-0.01813177
0.02980422
-0.08197363
0.05992782
0.02089207
0.06258687
-0.02569496
0.24308759
0.01718660
0.08673427
-0.24232367
0.22590387
-0.17791723
0.02423642
0.05154584
0.01218863
0.06869045
0.05063377
-0.12542540
-0.07453558
0.03122211
-0.08236151
0.00567663
0.02109304
0.08437051
0.07470342
0.00100025
-0.08369679
-0.08110189
-0.09563357
-0.10265903
0.04479834
-0.10312691
-0.15045556
-0.01144224
0.04752800
-0.03671004
-0.10949284
-0.06606852
0.05974574
0.16563363
-0.01712891
-0.11074416
0.02127317
-0.12754883
0.01227178
-0.14645305
0.12849717
-0.00742261
0.26525584
-0.04424725
0.07897716
-0.25672466
-0.02665285
0.03148592
-0.03430852
0.04920252
0.14883505
-0.09005444
0.17602514
-0.23812757
-0.01718659
0.14236896
0.00246705
0.06477758
-0.02928629
-0.13930173
0.07570388
-0.01378078
-0.01959378
-0.01560661
0.09057679
0.09721808
-0.00848928
0.00570910
0.11839417
-0.29066679
-0.12684736
-0.09983564
0.18761989
0.11629447
0.11352597
0.16898313
-0.06204445
-0.06155346
-0.11937658
0.06378913
0.03967200
0.02561338
0.07579142
-0.06455508
-0.00694097
0.14157708
-0.10666540
-0.11439489
0.05717129
0.15237863
-0.21149719
-0.16034012
-0.10254105
0.13612361
0.07289083
-0.07547320
0.19022186
-0.29054430
0.05579702
-0.16893980
-0.15423600
0.08700722
-0.07916746
-0.01074165
-0.04268461
0.00574517
-0.13542825
0.04292671
0.01604828
-0.03749496
0.10787995
0.01277573
0.10227481
-0.01165654
-0.05097610
-0.11857877
0.03560665
-0.04088695
-0.24481033
-0.03972615
-0.01173107
-0.00644709
-0.04790880
0.19911781
-0.05870899
0.07405816
0.21945935
-0.03008796
-0.14149436
-0.06402741
-0.20392179
0.00845077
0.11549826
0.04124610
0.00362704
0.01517155
-0.03549153
0.03131849
0.00778049
-0.04479627
0.02523977
-0.02566633
-0.09848670
0.05438708
0.19371238
-0.03606604
-0.02569087
0.06805146
-0.21038675
0.02346161
0.16205546
-0.03374279
0.22940896
-0.05327794
0.21397997
-0.06486341
0.05253165
-0.15230782
-0.00857870
-0.10990673
-0.09296022
-0.13613074
0.07099379
-0.07095548
-0.04462447
-0.03368210
-0.17963904
-0.20379139
-0.11926895
-0.07330872
-0.10179206
0.05370092
0.00442257
-0.17130318
0.07331637
-0.12350690
-0.08906938
0.05257297
-0.01902610
-0.06948893
-0.06443217
-0.03473198
-0.01520894
0.07265416
-0.07297365
-0.03579419
0.21631220
0.03083180
-0.03895072
0.05488843
-0.01430800
-0.04147824
0.13239132
-0.08609293
-0.01165470
-0.01313715
0.03106990
0.04005733
-0.04227280
0.25692862
0.00978896
0.02334241
-0.10862206
-0.01506440
-0.15246353
-0.13658953
-0.11383346
-0.08516905
0.00832102
-0.04846056
-0.12669605
0.04080649
0.07719832
0.06502625
-0.02500952
0.02162635
0.07562850
0.01399624
0.03352686
-0.14731558
0.03177738
0.06196864
0.25585380
0.04634768
-0.01588099
0.04439842
-0.07560859
-0.01093328
-0.06236744
0.10323018
-0.00585282
0.06810635
0.00075033
0.02045963
0.04888568
-0.14907369
-0.07299648
-0.00396699
0.01075414
-0.06590758
-0.08736394
0.02900419
-0.24854562
-0.08822919
0.03003029
-0.05838268
-0.08665132
-0.08523655
-0.19901940
0.02963509
-0.08619457
-0.06502707
0.12006366
-0.03547670
0.01429147
0.00880586
0.04800156
-0.02963344
-0.01603104
0.06905903
-0.05832909
-0.00464797
0.07153943
-0.04789589
-0.15006153
-0.04598610
-0.04502154
-0.00232416
-0.04419122
-0.11292543
-0.07652404
-0.00058954
-0.21314234
-0.10760106
-0.01346622
-0.21894085
0.05792095
-0.01436413
0.00230590
0.03010524
-0.13307813
-0.12389310
-0.11596680
-0.10975891
0.10040762
-0.07758507
0.01273409
-0.08410283
-0.03428065
0.01834480
0.11755000
0.16073710
-0.00989013
0.06057086
0.00037767
-0.03161038
0.05910401
0.04923530
0.05839326
0.00142895
0.12396668
0.04096793
0.03573358
-0.00692517
-0.21629177
-0.10875618
0.07161754
-0.19566275
-0.12304989
-0.03378091
0.15803225
-0.05121351
0.06321494
0.03492133
-0.08388411
-0.01619238
-0.05355160
-0.08486661
-0.08103708
0.04854160
-0.05423298
-0.04959581
0.17558610
-0.02502206
0.02186583
-0.12369575
0.05387476
0.11596020
0.09652085
0.33629346
-0.06068982
0.16732654
-0.21451029
0.18005319
-0.03744232
0.02093221
-0.04521259
0.01655979
0.07023218
0.05881589
0.14282040
0.03884346
-0.03472518
-0.00310302
0.05974810
-0.04541731
0.14655958
0.07010499
0.11319121
0.05917962
-0.05604601
-0.01270732
-0.01478503
0.13805926
0.11484249
0.01271098
-0.05251098
0.04959261
-0.34044510
0.10605779
0.09723943
-0.02297448
0.11152104
0.14847633
-0.01194379
-0.17260699
-0.09764608
0.12528233
-0.06850286
-0.09316789
0.01980923
0.07443038
-0.06332753
0.09027794
0.00554088
0.11394092
0.09157951
-0.08641380
-0.09924370
-0.02549303
0.03509705
0.10068578
0.00193437
0.03361452
-0.05091167
0.10398594
0.12846939
-0.04287911
-0.12045825
-0.02526843
0.10192435
0.08605544
-0.10509392
0.00967934
-0.01933994
0.17400526
0.07988162
0.07091189
0.10062259
-0.01762271
-0.12336849
-0.22316013
-0.30604479
-0.14754005
-0.10104460
0.04757729
0.16592698
0.03429792
-0.06992369
0.17675145
-0.01907750
-0.04688883
-0.06464750
0.08906190
0.13764644
0.01417849
0.12620623
-0.04856257
-0.04584048
0.14332840
0.00396371
0.03563126
0.07996673
0.07884068
-0.02527423
-0.08499838
-0.24195777
0.04590682
0.02380361
0.18198088
0.07687304
0.19679429
-0.13225552
-0.09538677
-0.02303413
-0.06384901
-0.03699246
-0.05645916
0.06884277
-0.15969881
-0.16543290
0.08359605
-0.12963279
0.06813737
0.05028699
-0.02246430
-0.07970692
0.15145154
0.02404153
-0.20831868
0.13528210
0.23937772
0.13262346
0.10477223
0.01327094
0.03624642
-0.16042529
-0.00803149
-0.02400491
0.06116674
0.12293158
-0.09317759
0.18608703
0.02728596
0.07231417
-0.00209747
0.11893250
-0.02815570
-0.07209463
0.09291353
-0.15907489
0.04953148
-0.05249394
-0.12625374
-0.08246197
0.10514202
0.03370389
-0.06579909
0.22770162
0.11579625
-0.24060154
-0.02998572
-0.06875495
-0.05884479
0.06111304
-0.09134857
-0.05888452
-0.08236293
0.07812192
0.01740970
-0.11223532
-0.01657362
0.04147916
0.04057189
0.06168283
-0.02052619
-0.01945008
0.01543794
0.00347628
0.06158769
-0.06847811
0.02197557
-0.12380856
0.14821637
-0.04145690
0.02091042
0.04888831
-0.01117025
0.10174978
-0.01066579
-0.02301430
0.19546691
0.15045527
-0.14195287
0.08730257
0.01128262
-0.11071105
-0.30851343
0.08429921
0.09448826
0.00039548
0.14153521
0.31906131
0.06126379
-0.17252830
-0.30865592
-0.05970729
-0.17781749
-0.03205839
0.00765428
-0.10934060
-0.02318623
-0.02013621
0.09170264
0.01341044
0.03109980
-0.00329815
-0.01877358
-0.00986749
-0.05086110
0.15699288
-0.11892305
0.11115739
-0.02169147
0.14955273
0.03220682
-0.00598367
-0.08828933
-0.09173113
-0.13325322
-0.04433069
-0.01544346
-0.01460316
-0.01012101
-0.29107124
0.08731176
-0.04531172
-0.02479307
-0.15584266
-0.03607579
0.18024100
-0.30907559
-0.16584019
0.06575688
-0.09791014
-0.24354891
-0.12377933
-0.10815344
-0.01009700
-0.20582542
-0.04305336
-0.13443771
0.02697289
0.03563569
0.04970351
0.04974671
0.12199067
0.07717460
-0.04418256
-0.00622878
-0.09283879
0.03780121
0.01241037
0.14369380
-0.13482209
0.12893015
-0.04439800
0.05963263
-0.03168306
0.24492548
-0.03333999
-0.06617650
-0.03943770
0.07385771
0.05122197
-0.13577922
0.12177465
0.04333114
0.01130801
0.01472882
0.09481366
0.03102401
0.03627955
-0.04638075
0.03501309
-0.06023477
-0.00191954
-0.08559319
0.15931740
-0.00146334
-0.09467161
-0.14777479
0.09947996
0.08953985
0.05984920
0.16434619
0.05918477
-0.03611997
0.08893640
-0.01088538
-0.08596377
-0.08931572
0.09076322
-0.09102881
0.01401345
0.06384176
-0.11595165
0.04498351
-0.05277466
-0.23611008
0.08094128
0.08052194
0.03223418
0.08503875
-0.16929272
0.14600967
0.01637315
0.11985992
-0.17696273
0.00065386
0.09007715
0.30168086
-0.07992390
0.05598142
-0.17256556
-0.11735567
-0.10803862
-0.04311079
0.13740975
-0.09772260
-0.10864703
0.04828917
-0.14474891
0.10168795
0.21541487
-0.01885130
-0.05372946
-0.08342066
-0.08117316
0.08439470
-0.10685849
-0.04550403
0.10516819
-0.06274953
0.10651135
-0.05572370
-0.06693662
0.12713806
0.09334558
0.11854468
0.05269098
0.07250134
0.08027508
-0.13055716
0.10304042
0.21800041
0.04299626
0.11404354
0.16163474
0.01485023
-0.21255617
0.07287789
-0.24911636
0.00476317
-0.06587861
0.03625963
0.00794697
0.14596142
0.01730170
-0.17292200
0.18022607
-0.15190168
0.04255829
0.09082512
-0.06033066
-0.03684840
0.17766693
0.10426635
-0.04204128
0.11204634
-0.03733703
-0.16569182
-0.17722712
0.09744978
0.02938800
0.04998170
0.03275119
-0.04832549
-0.30270630
0.16691194
0.09042373
-0.04880384
-0.01216792
-0.15252864
0.02037932
-0.08520877
0.07531551
-0.04439997
0.05795438
0.05753924
0.10438710
-0.03548912
0.07236883
-0.01441732
-0.06730011
-0.13606668
0.08305259
-0.08908660
0.03510816
-0.03974431
0.08107754
-0.01897447
-0.13053045
-0.06940185
0.06003314
0.02590579
0.04071001
-0.01153337
0.07798108
-0.04664911
-0.07973516
0.07292759
-0.16015846
0.03267919
0.09412180
-0.09857748
0.03291237
0.10369989
0.14922017
-0.24905263
-0.10952079
-0.09807031
-0.26366967
-0.15978885
-0.07775319
-0.23599754
0.02970879
0.02847907
-0.08747841
0.07722320
0.04942729
0.08550178
-0.05723798
0.03671822
0.08449223
-0.03686028
0.01461290
0.07448855
-0.00703231
-0.03421394
-0.12306865
0.13124010
-0.24363407
0.04540721
-0.28617820
0.08778451
-0.03925708
0.04781015
-0.04225862
0.01740702
0.00231663
0.09138152
-0.04779364
-0.11146610
-0.24974737
0.06768835
-0.03372493
-0.14191440
0.02254405
-0.16894542
-0.10693862
0.08127031
-0.06848170
0.06796949
-0.11943144
-0.11213432
-0.07401607
0.05157875
-0.21636678
0.02197162
0.04277335
-0.26941818
0.01352790
-0.14213377
-0.01549345
0.07438198
0.04661253
0.00095446
-0.00040621
-0.15591460
-0.29169098
0.02171460
-0.05520126
-0.04566582
0.06481329
0.03138201
0.19826841
-0.06233592
0.05328638
-0.25977018
0.14304948
0.18530093
-0.04693916
-0.08268069
-0.03136539
-0.17588109
-0.06265348
-0.10751127
0.22902896
-0.11976059
0.03813644
-0.01263977
0.00439393
0.14598700
0.12152179
0.03614463
0.07197165
-0.02146744
-0.17840447
0.04023159
0.14249001
0.02492996
0.13016662
-0.25549358
0.13231187
0.09115487
-0.14573199
-0.00868497
0.02014190
0.00327056
-0.03102062
-0.20242682
-0.18722990
-0.02771944
-0.14894027
-0.00637850
0.05437712
0.08153246
0.01074751
-0.05844827
-0.05400698
-0.02599305
-0.11761207
0.00009330
-0.03640220
0.02136615
0.07123793
0.01585934
-0.16190527
0.18411283
0.07699023
0.13522680
-0.18005672
0.10353197
-0.02965774
0.03798924
-0.02982447
0.02688365
-0.08067399
-0.00283658
-0.07417484
0.03503763
-0.13551119
0.09646834
-0.02106966
-0.04873870
-0.22394781
0.03837046
0.06678282
0.07888437
-0.05323557
-0.00018973
-0.12226032
0.13634749
0.03374698
0.10983765
-0.01321016
0.05671121
0.01324682
0.15845333
0.01616150
0.03089355
-0.18146299
0.01057750
-0.06365624
0.04676739
0.01386322
-0.08758806
0.00694623
0.14038797
0.03083501
-0.09275997
0.19337031
0.04206865
-0.04284711
-0.11411378
0.09309078
0.05630443
-0.21872050
0.14737241
-0.09114488
-0.00842155
0.01875902
0.16976105
-0.00226221
0.09080356
-0.08340204
0.09237071
0.01014645
-0.31640202
-0.04203552
0.11861189
-0.00882036
-0.10500991
0.00316310
-0.04630126
0.15857171
0.10383286
0.07543675
0.04460556
-0.07926824
0.09307543
-0.29528710
-0.03999583
0.08919637
-0.01971768
0.02866273
0.06050133
-0.10049485
-0.30537271
0.04468958
0.01266629
-0.02207954
-0.01695335
-0.00411934
-0.04413464
-0.00881117
0.03095560
0.12200940
0.06442938
0.16355607
0.01565249
0.01757967
-0.19840293
0.04322818
0.02417151
-0.07887807
0.08606762
-0.09232246
-0.06824718
0.06184059
0.03784623
0.06862101
0.08773729
0.08189926
0.21441734
0.08069824
-0.01448315
0.07602073
0.02949706
-0.04422488
0.01592684
0.09478962
0.00496404
0.01871216
-0.03597959
0.01265203
0.01559622
-0.00727106
0.02003622
-0.12262642
0.25907198
-0.08622953
-0.03659691
0.10760994
-0.01041024
-0.02940681
-0.25902656
0.05500306
0.11513364
-0.15537548
-0.02030834
0.10043503
-0.01425056
-0.31212661
-0.13387141
-0.00591063
-0.11258873
-0.00623634
0.00510799
-0.02322789
-0.05526540
0.01016313
-0.04188877
-0.09605736
-0.26326820
0.10930097
0.00996883
0.01107031
-0.01549106
-0.08638184
0.15188488
-0.14367279
0.02123628
0.10883415
-0.07662342
-0.02978237
0.06174218
0.01157528
-0.20826980
-0.18569481
0.09936909
-0.13883546
-0.05528301
-0.15331525
0.03120082
0.01607091
0.01820860
-0.16663919
0.03675002
-0.01882499
-0.01607145
-0.11832310
0.06214894
-0.23019239
0.01582361
-0.19018885
0.15717024
-0.04375841
0.11120252
-0.16620393
-0.16192763
-0.02429899
-0.13238621
-0.12501830
0.00448547
-0.12669328
0.19578758
-0.03639580
-0.15126449
-0.04829673
-0.14682886
-0.10579173
-0.03567696
-0.12324066
0.23123507
-0.10353534
-0.09073022
-0.12617427
0.14698979
0.00788288
-0.03500419
0.02692378
0.10201461
0.05431455
0.06303882
0.10668811
0.01459735
0.00321982
-0.04702517
-0.11351053
0.02302742
-0.10298618
-0.01839792
-0.15209371
-0.09804599
-0.12956360
0.11320196
0.03312511
0.09315406
-0.09040875
-0.29985589
0.09938567
0.22919647
-0.04751852
-0.31367144
0.01117187
0.08115724
-0.09725299
-0.06526668
0.03325174
0.03915832
0.05028961
0.04222225
-0.08542706
0.13441765
-0.24988334
0.08147827
-0.05951877
-0.05916684
-0.16191511
0.01712909
0.10226130
0.16676170
0.02575938
0.04363575
-0.00325569
-0.16771074
0.00280571
-0.08820582
0.06730811
-0.03000244
-0.00028038
-0.03481347
0.08320348
-0.32187119
-0.01907300
0.07735246
0.15747085
0.02617783
0.00404342
0.07790074
0.12188919
-0.19308236
0.07869083
0.04382495
-0.01102726
0.01587962
-0.00889872
-0.08059131
0.00364769
0.16916212
-0.37008587
0.04449694
-0.11480950
0.06451182
0.22030537
0.14228310
0.02875278
-0.31659073
-0.23411238
-0.21356460
0.19556950
0.02107912
0.11206527
0.16159481
0.00826056
-0.10860965
0.00611469
0.22592849
0.09399005
0.01220906
0.11040566
0.00577662
-0.23836347
0.19048204
-0.10807081
-0.03408779
-0.02833235
0.12960346
-0.07789239
-0.18125902
-0.22358331
0.07950337
0.01791713
-0.05364164
0.24305938
-0.12219260
-0.01855205
-0.09530942
-0.13138393
-0.00823854
0.02002166
-0.06261338
-0.05629112
-0.29835817
-0.28279755
-0.12355539
0.11110686
-0.07638947
0.13653153
0.04198943
0.01591262
0.15824361
-0.05299893
-0.09751225
0.04319173
-0.00833716
-0.21823464
0.07156071
0.05573988
-0.07580497
-0.12563516
-0.05419632
-0.11881740
0.10418843
0.03067414
-0.10118596
-0.09917194
0.10850723
-0.01877765
0.01234941
0.18650036
-0.01400366
-0.04661710
0.05163635
-0.03334241
-0.02244551
-0.04183255
0.00859810
0.04264143
-0.02552641
-0.13238430
-0.01085466
0.03817542
-0.02148593
0.05134703
0.02835589
-0.06018870
0.08419476
0.12374160
0.23683982
0.10075154
-0.31794173
0.25360143
-0.01189472
-0.06884485
-0.21238719
-0.07440896
-0.10621154
0.11362924
-0.11523783
0.18684158
0.15383074
-0.03412554
-0.18431856
-0.05650058
-0.24523218
-0.19799560
-0.06327783
-0.12432521
0.06541707
-0.14215694
-0.15476395
-0.14446285
-0.01671454
0.11899745
0.00704225
-0.04452328
-0.19874960
-0.05051612
0.03748961
0.07639287
0.04770896
0.03213807
-0.02431083
-0.09384827
-0.10323509
0.18312463
-0.23289940
-0.26517373
-0.03638472
-0.17275292
-0.07837925
-0.08218820
0.03054472
0.05075022
-0.09968583
-0.05363782
0.01717423
0.12214677
-0.18594669
-0.27066934
-0.29475990
-0.00538519
-0.25673148
-0.08161889
-0.07050941
0.03326104
-0.13066833
-0.25586784
-0.12800172
0.02282488
-0.29712960
0.00365726
-0.04233373
0.04688472
0.21186696
-0.04127382
-0.28856975
-0.15894309
-0.10791348
-0.01492895
0.00672281
-0.08813822
0.00662977
0.03203943
-0.02319383
0.06993374
0.08558671
-0.13688417
0.00570179
-0.03020858
0.02081829
0.03879603
0.04974402
-0.01791368
-0.04879777
0.04372336
0.07932843
0.07272068
-0.00502134
0.03082825
-0.12038074
0.18549988
-0.14521712
-0.16038823
0.18090159
-0.11886841
-0.14090535
-0.04161627
-0.11147606
-0.02799205
-0.04337890
0.13494758
-0.08717918
0.05494213
0.07680254
-0.00740080
0.03017537
0.06570286
-0.17128775
0.00233946
-0.09506882
-0.09957246
0.09028327
-0.20654197
0.05888001
0.03319729
-0.02321770
0.01914074
0.09543324
-0.09702446
-0.19219612
-0.20197384
-0.02792949
0.08288596
-0.18044171
0.00237403
-0.00888422
-0.14001386
0.09680734
-0.03288520
0.12194312
-0.04097998
-0.05132592
-0.07901821
-0.09078348
0.10854123
0.14744198
-0.07683410
-0.05699808
-0.04118109
0.07668260
0.08604359
0.07259268
-0.03675241
-0.07540698
-0.02524538
0.21703361
0.13579549
0.07135797
-0.17702311
0.08534694
-0.02194018
0.08693635
-0.09818733
0.00455992
-0.06117092
0.04768455
0.04679368
0.03003789
0.05908473
0.04876316
-0.19241142
0.01399929
-0.05916867
0.10897708
-0.38502660
-0.24461505
-0.16054577
0.06220046
-0.03745808
0.20310616
0.13340387
-0.18768223
-0.01936134
-0.06800218
0.02831559
-0.10946958
-0.08679246
0.01117731
0.04507315
-0.09058993
0.18329829
-0.05234808
-0.00426747
-0.13326365
0.08412019
0.03761445
-0.03721943
-0.06995106
-0.32355964
-0.13551857
-0.00107918
0.14161038
-0.02493311
0.17115489
-0.04932383
0.11828671
0.00682756
-0.01783012
0.15136725
0.04985418
-0.01807821
-0.00805402
0.17555849
0.07796963
0.06861453
-0.01405038
0.18405266
0.03171911
0.16913705
-0.08647300
-0.11076202
0.00344094
-0.24897978
0.00015819
0.12024609
-0.08006041
-0.01792954
0.03159437
-0.00546697
0.06768466
0.05718127
0.18077941
-0.00743547
0.03611718
-0.03570684
0.03031944
0.05139512
0.11201262
0.14250785
0.10120708
0.08294238
-0.05000203
-0.02661950
-0.02816083
-0.22947395
-0.02225938
-0.12893383
0.12903704
0.01849667
-0.03945929
-0.08323424
0.15893644
-0.17242064
0.03006166
0.06873508
0.13649020
-0.10297886
-0.14496216
-0.15049061
-0.10729882
0.08112457
-0.14274682
0.02551930
0.11893602
0.14571364
0.15626052
0.10001011
0.08530483
0.12151054
-0.02506443
-0.09247889
-0.14136073
-0.06093718
0.02791119
0.03994203
-0.05965299
-0.22625355
0.13629426
-0.22668195
0.00796783
0.18957588
0.03006976
0.33061987
-0.04997459
0.00363111
0.01795970
0.03270630
0.20134421
0.05499581
0.02866803
-0.04634122
0.25071353
0.04117797
-0.09842345
0.10512668
-0.10647217
0.05017721
-0.04342468
-0.24898534
0.15868050
0.01411814
-0.12739727
0.15037322
-0.06246560
-0.03015526
0.22230344
-0.03960620
0.12369110
0.09592459
-0.29392210
-0.13229252
0.01152912
0.13991827
0.21590555
-0.07981668
0.07384912
-0.25209951
-0.39045483
0.19573621
-0.05104432
-0.03124595
-0.01262572
-0.15489495
-0.13936362
-0.17940283
0.06151237
0.10313358
-0.05189725
0.02570617
0.08596899
0.02119073
0.13906832
-0.06498612
-0.06109713
-0.03335506
0.13284795
0.01221160
0.01631630
-0.19494064
-0.02867339
0.17479101
-0.13756037
-0.01244700
0.20165554
0.09412327
0.19755882
-0.01777621
-0.23150420
0.02544497
0.03246593
0.10160937
-0.08333873
-0.05951083
0.05032737
-0.09413280
-0.07161888
0.01265502
-0.22459090
0.11952315
-0.18932828
-0.14155242
0.06475205
0.11702870
-0.01960773
0.14177315
-0.00081674
-0.01330956
-0.08054156
-0.06051756
0.17054591
0.14624675
-0.09466930
-0.01068526
-0.21298501
0.07784101
-0.09501725
-0.15440863
0.12277737
0.12123101
-0.25799188
0.10439914
-0.23770697
0.02469121
0.14591281
-0.06372385
-0.26985598
0.07201636
0.03437416
0.02240314
-0.19830480
0.08213490
0.00480206
0.06568671
0.03469823
-0.02406511
-0.14785109
0.06228663
-0.11521640
0.03981526
-0.05386240
0.03374598
0.04015091
0.08240115
0.02563103
-0.14866400
-0.06364793
0.04765482
-0.05030565
0.08224063
-0.00033038
0.10457885
0.17494725
0.02341070
-0.13030696
-0.05296525
0.24656236
0.04384512
-0.01280503
-0.01300353
-0.01162550
0.15605754
-0.02833406
-0.25535929
-0.01549694
-0.00977283
0.13022043
-0.00740466
-0.02545738
0.02409677
0.18248647
-0.05014062
-0.01958947
-0.03198678
-0.01281699
-0.04366026
0.05913942
-0.20303878
0.16708007
-0.03739056
-0.11315855
0.15301096
0.08490501
0.08687602
0.15438782
-0.02200163
-0.03394018
-0.02369586
0.05649782
-0.03025256
0.05811051
0.25886926
-0.06207290
-0.06612790
0.00665549
0.03227748
0.04587385
0.18421625
0.06144106
-0.04255832
0.28897816
-0.25294730
0.12173551
-0.00886952
-0.06705421
-0.20535681
-0.11861432
-0.19944398
0.10445184
0.09566401
0.06026067
0.05201985
0.02970997
0.03666241
0.00007537
0.01735334
-0.01167846
-0.00700443
0.11240663
0.25981143
0.22611621
0.10381496
0.12124322
0.11142722
-0.08718276
-0.01127590
-0.11895976
0.02667736
