
*** Running vivado
    with args -log lenet_system_lenet_w4a4_top_0_0.vds -m64 -product Vivado -mode batch -messageDb vivado.pb -notrace -source lenet_system_lenet_w4a4_top_0_0.tcl



****** Vivado v2022.2 (64-bit)
  **** SW Build 3671981 on Fri Oct 14 05:00:03 MDT 2022
  **** IP Build 3669848 on Fri Oct 14 08:30:02 MDT 2022
    ** Copyright 1986-2022 Xilinx, Inc. All Rights Reserved.

source lenet_system_lenet_w4a4_top_0_0.tcl -notrace
INFO: [IP_Flow 19-234] Refreshing IP repositories
INFO: [IP_Flow 19-1700] Loaded user IP repository 'd:/GitHub/vivado/vivado/F_Quantization_W8A8/hls_w4a4/vivado_review/ip_repo/lenet_w4a4_top'.
INFO: [IP_Flow 19-1700] Loaded user IP repository 'd:/GitHub/vivado/vivado/F_Quantization_W8A8/hls_w8a8/vivado_review/ip_repo/lenet_w8a8_top'.
INFO: [IP_Flow 19-1700] Loaded user IP repository 'd:/GitHub/vivado/vivado/lenet_project/hls/lenet_full_hls/solution1/impl/ip'.
INFO: [IP_Flow 19-2313] Loaded Vivado IP repository 'D:/Xilinx/Vivado/2022.2/data/ip'.
WARNING: [IP_Flow 19-4995] The host OS only allows 260 characters in a normal path. The IP cache path is more than 80 characters. If you experience issues with IP caching, please consider changing the IP cache to a location with a shorter path. Alternately consider using the OS subst command to map part of the path to a drive letter. 
Current IP cache path is d:/GitHub/vivado/vivado/F_Quantization_W8A8/hls_w4a4/vivado_review/project/LeNet_W4A4_Review.cache/ip 
INFO: [IP_Flow 19-6924] IPCACHE: Running cache check for IP inst: lenet_system_lenet_w4a4_top_0_0
Command: synth_design -top lenet_system_lenet_w4a4_top_0_0 -part xc7z020clg400-1 -incremental_mode off -mode out_of_context
Starting synth_design
Attempting to get a license for feature 'Synthesis' and/or device 'xc7z020'
INFO: [Common 17-349] Got license for feature 'Synthesis' and/or device 'xc7z020'
INFO: [Device 21-403] Loading part xc7z020clg400-1
INFO: [Synth 8-7079] Multithreading enabled for synth_design using a maximum of 2 processes.
INFO: [Synth 8-7078] Launching helper process for spawning children vivado processes
INFO: [Synth 8-7075] Helper process launched with PID 22744
INFO: [Synth 8-11241] undeclared symbol 'REGCCE', assumed default net type 'wire' [D:/Xilinx/Vivado/2022.2/data/verilog/src/unimacro/BRAM_SINGLE_MACRO.v:2170]
---------------------------------------------------------------------------------
Starting RTL Elaboration : Time (s): cpu = 00:00:03 ; elapsed = 00:00:04 . Memory (MB): peak = 1853.109 ; gain = 408.207
---------------------------------------------------------------------------------
INFO: [Synth 8-6157] synthesizing module 'lenet_system_lenet_w4a4_top_0_0' [d:/GitHub/vivado/vivado/F_Quantization_W8A8/hls_w4a4/vivado_review/project/LeNet_W4A4_Review.gen/sources_1/bd/lenet_system/ip/lenet_system_lenet_w4a4_top_0_0/synth/lenet_system_lenet_w4a4_top_0_0.v:53]
INFO: [Synth 8-6157] synthesizing module 'lenet_w4a4_top' [d:/GitHub/vivado/vivado/F_Quantization_W8A8/hls_w4a4/vivado_review/project/LeNet_W4A4_Review.gen/sources_1/bd/lenet_system/ipshared/30ee/hdl/verilog/lenet_w4a4_top.v:10]
INFO: [Synth 8-6157] synthesizing module 'lenet_w4a4_top_input_V_RAM_1WNR_AUTO_1R1W' [d:/GitHub/vivado/vivado/F_Quantization_W8A8/hls_w4a4/vivado_review/project/LeNet_W4A4_Review.gen/sources_1/bd/lenet_system/ipshared/30ee/hdl/verilog/lenet_w4a4_top_input_V_RAM_1WNR_AUTO_1R1W.v:7]
INFO: [Synth 8-6155] done synthesizing module 'lenet_w4a4_top_input_V_RAM_1WNR_AUTO_1R1W' (0#1) [d:/GitHub/vivado/vivado/F_Quantization_W8A8/hls_w4a4/vivado_review/project/LeNet_W4A4_Review.gen/sources_1/bd/lenet_system/ipshared/30ee/hdl/verilog/lenet_w4a4_top_input_V_RAM_1WNR_AUTO_1R1W.v:7]
INFO: [Synth 8-6157] synthesizing module 'lenet_w4a4_top_conv1_acc_V_RAM_1WNR_AUTO_1R1W' [d:/GitHub/vivado/vivado/F_Quantization_W8A8/hls_w4a4/vivado_review/project/LeNet_W4A4_Review.gen/sources_1/bd/lenet_system/ipshared/30ee/hdl/verilog/lenet_w4a4_top_conv1_acc_V_RAM_1WNR_AUTO_1R1W.v:7]
INFO: [Synth 8-6155] done synthesizing module 'lenet_w4a4_top_conv1_acc_V_RAM_1WNR_AUTO_1R1W' (0#1) [d:/GitHub/vivado/vivado/F_Quantization_W8A8/hls_w4a4/vivado_review/project/LeNet_W4A4_Review.gen/sources_1/bd/lenet_system/ipshared/30ee/hdl/verilog/lenet_w4a4_top_conv1_acc_V_RAM_1WNR_AUTO_1R1W.v:7]
INFO: [Synth 8-6157] synthesizing module 'lenet_w4a4_top_pool1_V_RAM_AUTO_1R1W' [d:/GitHub/vivado/vivado/F_Quantization_W8A8/hls_w4a4/vivado_review/project/LeNet_W4A4_Review.gen/sources_1/bd/lenet_system/ipshared/30ee/hdl/verilog/lenet_w4a4_top_pool1_V_RAM_AUTO_1R1W.v:7]
INFO: [Synth 8-6155] done synthesizing module 'lenet_w4a4_top_pool1_V_RAM_AUTO_1R1W' (0#1) [d:/GitHub/vivado/vivado/F_Quantization_W8A8/hls_w4a4/vivado_review/project/LeNet_W4A4_Review.gen/sources_1/bd/lenet_system/ipshared/30ee/hdl/verilog/lenet_w4a4_top_pool1_V_RAM_AUTO_1R1W.v:7]
INFO: [Synth 8-6157] synthesizing module 'lenet_w4a4_top_conv2_acc_V_RAM_1WNR_AUTO_1R1W' [d:/GitHub/vivado/vivado/F_Quantization_W8A8/hls_w4a4/vivado_review/project/LeNet_W4A4_Review.gen/sources_1/bd/lenet_system/ipshared/30ee/hdl/verilog/lenet_w4a4_top_conv2_acc_V_RAM_1WNR_AUTO_1R1W.v:7]
INFO: [Synth 8-6155] done synthesizing module 'lenet_w4a4_top_conv2_acc_V_RAM_1WNR_AUTO_1R1W' (0#1) [d:/GitHub/vivado/vivado/F_Quantization_W8A8/hls_w4a4/vivado_review/project/LeNet_W4A4_Review.gen/sources_1/bd/lenet_system/ipshared/30ee/hdl/verilog/lenet_w4a4_top_conv2_acc_V_RAM_1WNR_AUTO_1R1W.v:7]
INFO: [Synth 8-6157] synthesizing module 'lenet_w4a4_top_pool2_V_RAM_AUTO_1R1W' [d:/GitHub/vivado/vivado/F_Quantization_W8A8/hls_w4a4/vivado_review/project/LeNet_W4A4_Review.gen/sources_1/bd/lenet_system/ipshared/30ee/hdl/verilog/lenet_w4a4_top_pool2_V_RAM_AUTO_1R1W.v:7]
INFO: [Synth 8-6155] done synthesizing module 'lenet_w4a4_top_pool2_V_RAM_AUTO_1R1W' (0#1) [d:/GitHub/vivado/vivado/F_Quantization_W8A8/hls_w4a4/vivado_review/project/LeNet_W4A4_Review.gen/sources_1/bd/lenet_system/ipshared/30ee/hdl/verilog/lenet_w4a4_top_pool2_V_RAM_AUTO_1R1W.v:7]
INFO: [Synth 8-6157] synthesizing module 'lenet_w4a4_top_conv3_acc_V_RAM_AUTO_1R1W' [d:/GitHub/vivado/vivado/F_Quantization_W8A8/hls_w4a4/vivado_review/project/LeNet_W4A4_Review.gen/sources_1/bd/lenet_system/ipshared/30ee/hdl/verilog/lenet_w4a4_top_conv3_acc_V_RAM_AUTO_1R1W.v:7]
INFO: [Synth 8-6155] done synthesizing module 'lenet_w4a4_top_conv3_acc_V_RAM_AUTO_1R1W' (0#1) [d:/GitHub/vivado/vivado/F_Quantization_W8A8/hls_w4a4/vivado_review/project/LeNet_W4A4_Review.gen/sources_1/bd/lenet_system/ipshared/30ee/hdl/verilog/lenet_w4a4_top_conv3_acc_V_RAM_AUTO_1R1W.v:7]
INFO: [Synth 8-6157] synthesizing module 'lenet_w4a4_top_conv3_relu_V_RAM_AUTO_1R1W' [d:/GitHub/vivado/vivado/F_Quantization_W8A8/hls_w4a4/vivado_review/project/LeNet_W4A4_Review.gen/sources_1/bd/lenet_system/ipshared/30ee/hdl/verilog/lenet_w4a4_top_conv3_relu_V_RAM_AUTO_1R1W.v:7]
INFO: [Synth 8-6155] done synthesizing module 'lenet_w4a4_top_conv3_relu_V_RAM_AUTO_1R1W' (0#1) [d:/GitHub/vivado/vivado/F_Quantization_W8A8/hls_w4a4/vivado_review/project/LeNet_W4A4_Review.gen/sources_1/bd/lenet_system/ipshared/30ee/hdl/verilog/lenet_w4a4_top_conv3_relu_V_RAM_AUTO_1R1W.v:7]
INFO: [Synth 8-6157] synthesizing module 'lenet_w4a4_top_fc1_acc_V_RAM_AUTO_1R1W' [d:/GitHub/vivado/vivado/F_Quantization_W8A8/hls_w4a4/vivado_review/project/LeNet_W4A4_Review.gen/sources_1/bd/lenet_system/ipshared/30ee/hdl/verilog/lenet_w4a4_top_fc1_acc_V_RAM_AUTO_1R1W.v:7]
INFO: [Synth 8-6155] done synthesizing module 'lenet_w4a4_top_fc1_acc_V_RAM_AUTO_1R1W' (0#1) [d:/GitHub/vivado/vivado/F_Quantization_W8A8/hls_w4a4/vivado_review/project/LeNet_W4A4_Review.gen/sources_1/bd/lenet_system/ipshared/30ee/hdl/verilog/lenet_w4a4_top_fc1_acc_V_RAM_AUTO_1R1W.v:7]
INFO: [Synth 8-6157] synthesizing module 'lenet_w4a4_top_fc1_relu_V_RAM_AUTO_1R1W' [d:/GitHub/vivado/vivado/F_Quantization_W8A8/hls_w4a4/vivado_review/project/LeNet_W4A4_Review.gen/sources_1/bd/lenet_system/ipshared/30ee/hdl/verilog/lenet_w4a4_top_fc1_relu_V_RAM_AUTO_1R1W.v:7]
INFO: [Synth 8-6155] done synthesizing module 'lenet_w4a4_top_fc1_relu_V_RAM_AUTO_1R1W' (0#1) [d:/GitHub/vivado/vivado/F_Quantization_W8A8/hls_w4a4/vivado_review/project/LeNet_W4A4_Review.gen/sources_1/bd/lenet_system/ipshared/30ee/hdl/verilog/lenet_w4a4_top_fc1_relu_V_RAM_AUTO_1R1W.v:7]
INFO: [Synth 8-6157] synthesizing module 'lenet_w4a4_top_fc2_acc_V_RAM_AUTO_1R1W' [d:/GitHub/vivado/vivado/F_Quantization_W8A8/hls_w4a4/vivado_review/project/LeNet_W4A4_Review.gen/sources_1/bd/lenet_system/ipshared/30ee/hdl/verilog/lenet_w4a4_top_fc2_acc_V_RAM_AUTO_1R1W.v:7]
INFO: [Synth 8-6155] done synthesizing module 'lenet_w4a4_top_fc2_acc_V_RAM_AUTO_1R1W' (0#1) [d:/GitHub/vivado/vivado/F_Quantization_W8A8/hls_w4a4/vivado_review/project/LeNet_W4A4_Review.gen/sources_1/bd/lenet_system/ipshared/30ee/hdl/verilog/lenet_w4a4_top_fc2_acc_V_RAM_AUTO_1R1W.v:7]
INFO: [Synth 8-6157] synthesizing module 'lenet_w4a4_top_fc2_quant_V_RAM_AUTO_1R1W' [d:/GitHub/vivado/vivado/F_Quantization_W8A8/hls_w4a4/vivado_review/project/LeNet_W4A4_Review.gen/sources_1/bd/lenet_system/ipshared/30ee/hdl/verilog/lenet_w4a4_top_fc2_quant_V_RAM_AUTO_1R1W.v:7]
INFO: [Synth 8-6155] done synthesizing module 'lenet_w4a4_top_fc2_quant_V_RAM_AUTO_1R1W' (0#1) [d:/GitHub/vivado/vivado/F_Quantization_W8A8/hls_w4a4/vivado_review/project/LeNet_W4A4_Review.gen/sources_1/bd/lenet_system/ipshared/30ee/hdl/verilog/lenet_w4a4_top_fc2_quant_V_RAM_AUTO_1R1W.v:7]
INFO: [Synth 8-6157] synthesizing module 'lenet_w4a4_top_lenet_w4a4_top_Pipeline_UNPACK_INPUT' [d:/GitHub/vivado/vivado/F_Quantization_W8A8/hls_w4a4/vivado_review/project/LeNet_W4A4_Review.gen/sources_1/bd/lenet_system/ipshared/30ee/hdl/verilog/lenet_w4a4_top_lenet_w4a4_top_Pipeline_UNPACK_INPUT.v:10]
INFO: [Synth 8-6157] synthesizing module 'lenet_w4a4_top_flow_control_loop_pipe_sequential_init' [d:/GitHub/vivado/vivado/F_Quantization_W8A8/hls_w4a4/vivado_review/project/LeNet_W4A4_Review.gen/sources_1/bd/lenet_system/ipshared/30ee/hdl/verilog/lenet_w4a4_top_flow_control_loop_pipe_sequential_init.v:9]
INFO: [Synth 8-6155] done synthesizing module 'lenet_w4a4_top_flow_control_loop_pipe_sequential_init' (0#1) [d:/GitHub/vivado/vivado/F_Quantization_W8A8/hls_w4a4/vivado_review/project/LeNet_W4A4_Review.gen/sources_1/bd/lenet_system/ipshared/30ee/hdl/verilog/lenet_w4a4_top_flow_control_loop_pipe_sequential_init.v:9]
INFO: [Synth 8-6155] done synthesizing module 'lenet_w4a4_top_lenet_w4a4_top_Pipeline_UNPACK_INPUT' (0#1) [d:/GitHub/vivado/vivado/F_Quantization_W8A8/hls_w4a4/vivado_review/project/LeNet_W4A4_Review.gen/sources_1/bd/lenet_system/ipshared/30ee/hdl/verilog/lenet_w4a4_top_lenet_w4a4_top_Pipeline_UNPACK_INPUT.v:10]
INFO: [Synth 8-6157] synthesizing module 'lenet_w4a4_top_lenet_w4a4_top_Pipeline_OUT_CHANNEL_OUT_ROW_OUT_COL' [d:/GitHub/vivado/vivado/F_Quantization_W8A8/hls_w4a4/vivado_review/project/LeNet_W4A4_Review.gen/sources_1/bd/lenet_system/ipshared/30ee/hdl/verilog/lenet_w4a4_top_lenet_w4a4_top_Pipeline_OUT_CHANNEL_OUT_ROW_OUT_COL.v:10]
INFO: [Synth 8-6157] synthesizing module 'lenet_w4a4_top_mul_4s_4s_8_1_1' [d:/GitHub/vivado/vivado/F_Quantization_W8A8/hls_w4a4/vivado_review/project/LeNet_W4A4_Review.gen/sources_1/bd/lenet_system/ipshared/30ee/hdl/verilog/lenet_w4a4_top_mul_4s_4s_8_1_1.v:9]
INFO: [Synth 8-6155] done synthesizing module 'lenet_w4a4_top_mul_4s_4s_8_1_1' (0#1) [d:/GitHub/vivado/vivado/F_Quantization_W8A8/hls_w4a4/vivado_review/project/LeNet_W4A4_Review.gen/sources_1/bd/lenet_system/ipshared/30ee/hdl/verilog/lenet_w4a4_top_mul_4s_4s_8_1_1.v:9]
INFO: [Synth 8-6157] synthesizing module 'lenet_w4a4_top_mac_muladd_4s_4s_8s_9_4_1' [d:/GitHub/vivado/vivado/F_Quantization_W8A8/hls_w4a4/vivado_review/project/LeNet_W4A4_Review.gen/sources_1/bd/lenet_system/ipshared/30ee/hdl/verilog/lenet_w4a4_top_mac_muladd_4s_4s_8s_9_4_1.v:47]
INFO: [Synth 8-6157] synthesizing module 'lenet_w4a4_top_mac_muladd_4s_4s_8s_9_4_1_DSP48_0' [d:/GitHub/vivado/vivado/F_Quantization_W8A8/hls_w4a4/vivado_review/project/LeNet_W4A4_Review.gen/sources_1/bd/lenet_system/ipshared/30ee/hdl/verilog/lenet_w4a4_top_mac_muladd_4s_4s_8s_9_4_1.v:8]
INFO: [Synth 8-6155] done synthesizing module 'lenet_w4a4_top_mac_muladd_4s_4s_8s_9_4_1_DSP48_0' (0#1) [d:/GitHub/vivado/vivado/F_Quantization_W8A8/hls_w4a4/vivado_review/project/LeNet_W4A4_Review.gen/sources_1/bd/lenet_system/ipshared/30ee/hdl/verilog/lenet_w4a4_top_mac_muladd_4s_4s_8s_9_4_1.v:8]
INFO: [Synth 8-6155] done synthesizing module 'lenet_w4a4_top_mac_muladd_4s_4s_8s_9_4_1' (0#1) [d:/GitHub/vivado/vivado/F_Quantization_W8A8/hls_w4a4/vivado_review/project/LeNet_W4A4_Review.gen/sources_1/bd/lenet_system/ipshared/30ee/hdl/verilog/lenet_w4a4_top_mac_muladd_4s_4s_8s_9_4_1.v:47]
INFO: [Synth 8-6157] synthesizing module 'lenet_w4a4_top_mac_muladd_4s_4s_9s_9_4_1' [d:/GitHub/vivado/vivado/F_Quantization_W8A8/hls_w4a4/vivado_review/project/LeNet_W4A4_Review.gen/sources_1/bd/lenet_system/ipshared/30ee/hdl/verilog/lenet_w4a4_top_mac_muladd_4s_4s_9s_9_4_1.v:47]
INFO: [Synth 8-6157] synthesizing module 'lenet_w4a4_top_mac_muladd_4s_4s_9s_9_4_1_DSP48_1' [d:/GitHub/vivado/vivado/F_Quantization_W8A8/hls_w4a4/vivado_review/project/LeNet_W4A4_Review.gen/sources_1/bd/lenet_system/ipshared/30ee/hdl/verilog/lenet_w4a4_top_mac_muladd_4s_4s_9s_9_4_1.v:8]
INFO: [Synth 8-6155] done synthesizing module 'lenet_w4a4_top_mac_muladd_4s_4s_9s_9_4_1_DSP48_1' (0#1) [d:/GitHub/vivado/vivado/F_Quantization_W8A8/hls_w4a4/vivado_review/project/LeNet_W4A4_Review.gen/sources_1/bd/lenet_system/ipshared/30ee/hdl/verilog/lenet_w4a4_top_mac_muladd_4s_4s_9s_9_4_1.v:8]
INFO: [Synth 8-6155] done synthesizing module 'lenet_w4a4_top_mac_muladd_4s_4s_9s_9_4_1' (0#1) [d:/GitHub/vivado/vivado/F_Quantization_W8A8/hls_w4a4/vivado_review/project/LeNet_W4A4_Review.gen/sources_1/bd/lenet_system/ipshared/30ee/hdl/verilog/lenet_w4a4_top_mac_muladd_4s_4s_9s_9_4_1.v:47]
INFO: [Synth 8-6155] done synthesizing module 'lenet_w4a4_top_lenet_w4a4_top_Pipeline_OUT_CHANNEL_OUT_ROW_OUT_COL' (0#1) [d:/GitHub/vivado/vivado/F_Quantization_W8A8/hls_w4a4/vivado_review/project/LeNet_W4A4_Review.gen/sources_1/bd/lenet_system/ipshared/30ee/hdl/verilog/lenet_w4a4_top_lenet_w4a4_top_Pipeline_OUT_CHANNEL_OUT_ROW_OUT_COL.v:10]
INFO: [Synth 8-6157] synthesizing module 'lenet_w4a4_top_lenet_w4a4_top_Pipeline_POOL_CHANNEL_POOL_ROW_POOL_COL' [d:/GitHub/vivado/vivado/F_Quantization_W8A8/hls_w4a4/vivado_review/project/LeNet_W4A4_Review.gen/sources_1/bd/lenet_system/ipshared/30ee/hdl/verilog/lenet_w4a4_top_lenet_w4a4_top_Pipeline_POOL_CHANNEL_POOL_ROW_POOL_COL.v:10]
INFO: [Synth 8-6157] synthesizing module 'lenet_w4a4_top_mul_32ns_36ns_67_2_1' [d:/GitHub/vivado/vivado/F_Quantization_W8A8/hls_w4a4/vivado_review/project/LeNet_W4A4_Review.gen/sources_1/bd/lenet_system/ipshared/30ee/hdl/verilog/lenet_w4a4_top_mul_32ns_36ns_67_2_1.v:9]
INFO: [Synth 8-6155] done synthesizing module 'lenet_w4a4_top_mul_32ns_36ns_67_2_1' (0#1) [d:/GitHub/vivado/vivado/F_Quantization_W8A8/hls_w4a4/vivado_review/project/LeNet_W4A4_Review.gen/sources_1/bd/lenet_system/ipshared/30ee/hdl/verilog/lenet_w4a4_top_mul_32ns_36ns_67_2_1.v:9]
INFO: [Synth 8-6155] done synthesizing module 'lenet_w4a4_top_lenet_w4a4_top_Pipeline_POOL_CHANNEL_POOL_ROW_POOL_COL' (0#1) [d:/GitHub/vivado/vivado/F_Quantization_W8A8/hls_w4a4/vivado_review/project/LeNet_W4A4_Review.gen/sources_1/bd/lenet_system/ipshared/30ee/hdl/verilog/lenet_w4a4_top_lenet_w4a4_top_Pipeline_POOL_CHANNEL_POOL_ROW_POOL_COL.v:10]
INFO: [Synth 8-6157] synthesizing module 'lenet_w4a4_top_lenet_w4a4_top_Pipeline_IN_CHANNEL_KERNEL_ROW_KERNEL_COL' [d:/GitHub/vivado/vivado/F_Quantization_W8A8/hls_w4a4/vivado_review/project/LeNet_W4A4_Review.gen/sources_1/bd/lenet_system/ipshared/30ee/hdl/verilog/lenet_w4a4_top_lenet_w4a4_top_Pipeline_IN_CHANNEL_KERNEL_ROW_KERNEL_COL.v:10]
INFO: [Synth 8-6157] synthesizing module 'lenet_w4a4_top_mac_muladd_3ns_4s_15s_15_4_1' [d:/GitHub/vivado/vivado/F_Quantization_W8A8/hls_w4a4/vivado_review/project/LeNet_W4A4_Review.gen/sources_1/bd/lenet_system/ipshared/30ee/hdl/verilog/lenet_w4a4_top_mac_muladd_3ns_4s_15s_15_4_1.v:47]
INFO: [Synth 8-6157] synthesizing module 'lenet_w4a4_top_mac_muladd_3ns_4s_15s_15_4_1_DSP48_2' [d:/GitHub/vivado/vivado/F_Quantization_W8A8/hls_w4a4/vivado_review/project/LeNet_W4A4_Review.gen/sources_1/bd/lenet_system/ipshared/30ee/hdl/verilog/lenet_w4a4_top_mac_muladd_3ns_4s_15s_15_4_1.v:8]
INFO: [Synth 8-6155] done synthesizing module 'lenet_w4a4_top_mac_muladd_3ns_4s_15s_15_4_1_DSP48_2' (0#1) [d:/GitHub/vivado/vivado/F_Quantization_W8A8/hls_w4a4/vivado_review/project/LeNet_W4A4_Review.gen/sources_1/bd/lenet_system/ipshared/30ee/hdl/verilog/lenet_w4a4_top_mac_muladd_3ns_4s_15s_15_4_1.v:8]
INFO: [Synth 8-6155] done synthesizing module 'lenet_w4a4_top_mac_muladd_3ns_4s_15s_15_4_1' (0#1) [d:/GitHub/vivado/vivado/F_Quantization_W8A8/hls_w4a4/vivado_review/project/LeNet_W4A4_Review.gen/sources_1/bd/lenet_system/ipshared/30ee/hdl/verilog/lenet_w4a4_top_mac_muladd_3ns_4s_15s_15_4_1.v:47]
INFO: [Synth 8-6155] done synthesizing module 'lenet_w4a4_top_lenet_w4a4_top_Pipeline_IN_CHANNEL_KERNEL_ROW_KERNEL_COL' (0#1) [d:/GitHub/vivado/vivado/F_Quantization_W8A8/hls_w4a4/vivado_review/project/LeNet_W4A4_Review.gen/sources_1/bd/lenet_system/ipshared/30ee/hdl/verilog/lenet_w4a4_top_lenet_w4a4_top_Pipeline_IN_CHANNEL_KERNEL_ROW_KERNEL_COL.v:10]
INFO: [Synth 8-6157] synthesizing module 'lenet_w4a4_top_lenet_w4a4_top_Pipeline_POOL_CHANNEL_POOL_ROW_POOL_COL1' [d:/GitHub/vivado/vivado/F_Quantization_W8A8/hls_w4a4/vivado_review/project/LeNet_W4A4_Review.gen/sources_1/bd/lenet_system/ipshared/30ee/hdl/verilog/lenet_w4a4_top_lenet_w4a4_top_Pipeline_POOL_CHANNEL_POOL_ROW_POOL_COL1.v:10]
INFO: [Synth 8-6157] synthesizing module 'lenet_w4a4_top_mul_32ns_37ns_68_2_1' [d:/GitHub/vivado/vivado/F_Quantization_W8A8/hls_w4a4/vivado_review/project/LeNet_W4A4_Review.gen/sources_1/bd/lenet_system/ipshared/30ee/hdl/verilog/lenet_w4a4_top_mul_32ns_37ns_68_2_1.v:9]
INFO: [Synth 8-6155] done synthesizing module 'lenet_w4a4_top_mul_32ns_37ns_68_2_1' (0#1) [d:/GitHub/vivado/vivado/F_Quantization_W8A8/hls_w4a4/vivado_review/project/LeNet_W4A4_Review.gen/sources_1/bd/lenet_system/ipshared/30ee/hdl/verilog/lenet_w4a4_top_mul_32ns_37ns_68_2_1.v:9]
INFO: [Synth 8-6155] done synthesizing module 'lenet_w4a4_top_lenet_w4a4_top_Pipeline_POOL_CHANNEL_POOL_ROW_POOL_COL1' (0#1) [d:/GitHub/vivado/vivado/F_Quantization_W8A8/hls_w4a4/vivado_review/project/LeNet_W4A4_Review.gen/sources_1/bd/lenet_system/ipshared/30ee/hdl/verilog/lenet_w4a4_top_lenet_w4a4_top_Pipeline_POOL_CHANNEL_POOL_ROW_POOL_COL1.v:10]
INFO: [Synth 8-6157] synthesizing module 'lenet_w4a4_top_lenet_w4a4_top_Pipeline_IN_CHANNEL_KERNEL_ROW_KERNEL_COL2' [d:/GitHub/vivado/vivado/F_Quantization_W8A8/hls_w4a4/vivado_review/project/LeNet_W4A4_Review.gen/sources_1/bd/lenet_system/ipshared/30ee/hdl/verilog/lenet_w4a4_top_lenet_w4a4_top_Pipeline_IN_CHANNEL_KERNEL_ROW_KERNEL_COL2.v:10]
INFO: [Synth 8-6157] synthesizing module 'lenet_w4a4_top_mac_muladd_3ns_4s_16s_16_4_1' [d:/GitHub/vivado/vivado/F_Quantization_W8A8/hls_w4a4/vivado_review/project/LeNet_W4A4_Review.gen/sources_1/bd/lenet_system/ipshared/30ee/hdl/verilog/lenet_w4a4_top_mac_muladd_3ns_4s_16s_16_4_1.v:47]
INFO: [Synth 8-6157] synthesizing module 'lenet_w4a4_top_mac_muladd_3ns_4s_16s_16_4_1_DSP48_3' [d:/GitHub/vivado/vivado/F_Quantization_W8A8/hls_w4a4/vivado_review/project/LeNet_W4A4_Review.gen/sources_1/bd/lenet_system/ipshared/30ee/hdl/verilog/lenet_w4a4_top_mac_muladd_3ns_4s_16s_16_4_1.v:8]
INFO: [Synth 8-6155] done synthesizing module 'lenet_w4a4_top_mac_muladd_3ns_4s_16s_16_4_1_DSP48_3' (0#1) [d:/GitHub/vivado/vivado/F_Quantization_W8A8/hls_w4a4/vivado_review/project/LeNet_W4A4_Review.gen/sources_1/bd/lenet_system/ipshared/30ee/hdl/verilog/lenet_w4a4_top_mac_muladd_3ns_4s_16s_16_4_1.v:8]
INFO: [Synth 8-6155] done synthesizing module 'lenet_w4a4_top_mac_muladd_3ns_4s_16s_16_4_1' (0#1) [d:/GitHub/vivado/vivado/F_Quantization_W8A8/hls_w4a4/vivado_review/project/LeNet_W4A4_Review.gen/sources_1/bd/lenet_system/ipshared/30ee/hdl/verilog/lenet_w4a4_top_mac_muladd_3ns_4s_16s_16_4_1.v:47]
INFO: [Synth 8-6155] done synthesizing module 'lenet_w4a4_top_lenet_w4a4_top_Pipeline_IN_CHANNEL_KERNEL_ROW_KERNEL_COL2' (0#1) [d:/GitHub/vivado/vivado/F_Quantization_W8A8/hls_w4a4/vivado_review/project/LeNet_W4A4_Review.gen/sources_1/bd/lenet_system/ipshared/30ee/hdl/verilog/lenet_w4a4_top_lenet_w4a4_top_Pipeline_IN_CHANNEL_KERNEL_ROW_KERNEL_COL2.v:10]
INFO: [Synth 8-6157] synthesizing module 'lenet_w4a4_top_lenet_w4a4_top_Pipeline_REQUANT_VECTOR' [d:/GitHub/vivado/vivado/F_Quantization_W8A8/hls_w4a4/vivado_review/project/LeNet_W4A4_Review.gen/sources_1/bd/lenet_system/ipshared/30ee/hdl/verilog/lenet_w4a4_top_lenet_w4a4_top_Pipeline_REQUANT_VECTOR.v:10]
INFO: [Synth 8-6155] done synthesizing module 'lenet_w4a4_top_lenet_w4a4_top_Pipeline_REQUANT_VECTOR' (0#1) [d:/GitHub/vivado/vivado/F_Quantization_W8A8/hls_w4a4/vivado_review/project/LeNet_W4A4_Review.gen/sources_1/bd/lenet_system/ipshared/30ee/hdl/verilog/lenet_w4a4_top_lenet_w4a4_top_Pipeline_REQUANT_VECTOR.v:10]
INFO: [Synth 8-6157] synthesizing module 'lenet_w4a4_top_lenet_w4a4_top_Pipeline_DENSE_OUTPUT_DENSE_INPUT' [d:/GitHub/vivado/vivado/F_Quantization_W8A8/hls_w4a4/vivado_review/project/LeNet_W4A4_Review.gen/sources_1/bd/lenet_system/ipshared/30ee/hdl/verilog/lenet_w4a4_top_lenet_w4a4_top_Pipeline_DENSE_OUTPUT_DENSE_INPUT.v:10]
INFO: [Synth 8-6157] synthesizing module 'lenet_w4a4_top_mac_muladd_3ns_4s_14s_14_4_1' [d:/GitHub/vivado/vivado/F_Quantization_W8A8/hls_w4a4/vivado_review/project/LeNet_W4A4_Review.gen/sources_1/bd/lenet_system/ipshared/30ee/hdl/verilog/lenet_w4a4_top_mac_muladd_3ns_4s_14s_14_4_1.v:47]
INFO: [Synth 8-6157] synthesizing module 'lenet_w4a4_top_mac_muladd_3ns_4s_14s_14_4_1_DSP48_4' [d:/GitHub/vivado/vivado/F_Quantization_W8A8/hls_w4a4/vivado_review/project/LeNet_W4A4_Review.gen/sources_1/bd/lenet_system/ipshared/30ee/hdl/verilog/lenet_w4a4_top_mac_muladd_3ns_4s_14s_14_4_1.v:8]
INFO: [Synth 8-6155] done synthesizing module 'lenet_w4a4_top_mac_muladd_3ns_4s_14s_14_4_1_DSP48_4' (0#1) [d:/GitHub/vivado/vivado/F_Quantization_W8A8/hls_w4a4/vivado_review/project/LeNet_W4A4_Review.gen/sources_1/bd/lenet_system/ipshared/30ee/hdl/verilog/lenet_w4a4_top_mac_muladd_3ns_4s_14s_14_4_1.v:8]
INFO: [Synth 8-6155] done synthesizing module 'lenet_w4a4_top_mac_muladd_3ns_4s_14s_14_4_1' (0#1) [d:/GitHub/vivado/vivado/F_Quantization_W8A8/hls_w4a4/vivado_review/project/LeNet_W4A4_Review.gen/sources_1/bd/lenet_system/ipshared/30ee/hdl/verilog/lenet_w4a4_top_mac_muladd_3ns_4s_14s_14_4_1.v:47]
INFO: [Synth 8-6155] done synthesizing module 'lenet_w4a4_top_lenet_w4a4_top_Pipeline_DENSE_OUTPUT_DENSE_INPUT' (0#1) [d:/GitHub/vivado/vivado/F_Quantization_W8A8/hls_w4a4/vivado_review/project/LeNet_W4A4_Review.gen/sources_1/bd/lenet_system/ipshared/30ee/hdl/verilog/lenet_w4a4_top_lenet_w4a4_top_Pipeline_DENSE_OUTPUT_DENSE_INPUT.v:10]
INFO: [Synth 8-6157] synthesizing module 'lenet_w4a4_top_lenet_w4a4_top_Pipeline_REQUANT_VECTOR3' [d:/GitHub/vivado/vivado/F_Quantization_W8A8/hls_w4a4/vivado_review/project/LeNet_W4A4_Review.gen/sources_1/bd/lenet_system/ipshared/30ee/hdl/verilog/lenet_w4a4_top_lenet_w4a4_top_Pipeline_REQUANT_VECTOR3.v:10]
INFO: [Synth 8-6157] synthesizing module 'lenet_w4a4_top_mul_32ns_38ns_69_2_1' [d:/GitHub/vivado/vivado/F_Quantization_W8A8/hls_w4a4/vivado_review/project/LeNet_W4A4_Review.gen/sources_1/bd/lenet_system/ipshared/30ee/hdl/verilog/lenet_w4a4_top_mul_32ns_38ns_69_2_1.v:9]
INFO: [Synth 8-6155] done synthesizing module 'lenet_w4a4_top_mul_32ns_38ns_69_2_1' (0#1) [d:/GitHub/vivado/vivado/F_Quantization_W8A8/hls_w4a4/vivado_review/project/LeNet_W4A4_Review.gen/sources_1/bd/lenet_system/ipshared/30ee/hdl/verilog/lenet_w4a4_top_mul_32ns_38ns_69_2_1.v:9]
INFO: [Synth 8-6155] done synthesizing module 'lenet_w4a4_top_lenet_w4a4_top_Pipeline_REQUANT_VECTOR3' (0#1) [d:/GitHub/vivado/vivado/F_Quantization_W8A8/hls_w4a4/vivado_review/project/LeNet_W4A4_Review.gen/sources_1/bd/lenet_system/ipshared/30ee/hdl/verilog/lenet_w4a4_top_lenet_w4a4_top_Pipeline_REQUANT_VECTOR3.v:10]
INFO: [Synth 8-6157] synthesizing module 'lenet_w4a4_top_lenet_w4a4_top_Pipeline_DENSE_OUTPUT_DENSE_INPUT4' [d:/GitHub/vivado/vivado/F_Quantization_W8A8/hls_w4a4/vivado_review/project/LeNet_W4A4_Review.gen/sources_1/bd/lenet_system/ipshared/30ee/hdl/verilog/lenet_w4a4_top_lenet_w4a4_top_Pipeline_DENSE_OUTPUT_DENSE_INPUT4.v:10]
INFO: [Synth 8-6157] synthesizing module 'lenet_w4a4_top_mac_muladd_4ns_7ns_7ns_10_4_1' [d:/GitHub/vivado/vivado/F_Quantization_W8A8/hls_w4a4/vivado_review/project/LeNet_W4A4_Review.gen/sources_1/bd/lenet_system/ipshared/30ee/hdl/verilog/lenet_w4a4_top_mac_muladd_4ns_7ns_7ns_10_4_1.v:47]
INFO: [Synth 8-6157] synthesizing module 'lenet_w4a4_top_mac_muladd_4ns_7ns_7ns_10_4_1_DSP48_5' [d:/GitHub/vivado/vivado/F_Quantization_W8A8/hls_w4a4/vivado_review/project/LeNet_W4A4_Review.gen/sources_1/bd/lenet_system/ipshared/30ee/hdl/verilog/lenet_w4a4_top_mac_muladd_4ns_7ns_7ns_10_4_1.v:8]
INFO: [Synth 8-6155] done synthesizing module 'lenet_w4a4_top_mac_muladd_4ns_7ns_7ns_10_4_1_DSP48_5' (0#1) [d:/GitHub/vivado/vivado/F_Quantization_W8A8/hls_w4a4/vivado_review/project/LeNet_W4A4_Review.gen/sources_1/bd/lenet_system/ipshared/30ee/hdl/verilog/lenet_w4a4_top_mac_muladd_4ns_7ns_7ns_10_4_1.v:8]
INFO: [Synth 8-6155] done synthesizing module 'lenet_w4a4_top_mac_muladd_4ns_7ns_7ns_10_4_1' (0#1) [d:/GitHub/vivado/vivado/F_Quantization_W8A8/hls_w4a4/vivado_review/project/LeNet_W4A4_Review.gen/sources_1/bd/lenet_system/ipshared/30ee/hdl/verilog/lenet_w4a4_top_mac_muladd_4ns_7ns_7ns_10_4_1.v:47]
INFO: [Synth 8-6155] done synthesizing module 'lenet_w4a4_top_lenet_w4a4_top_Pipeline_DENSE_OUTPUT_DENSE_INPUT4' (0#1) [d:/GitHub/vivado/vivado/F_Quantization_W8A8/hls_w4a4/vivado_review/project/LeNet_W4A4_Review.gen/sources_1/bd/lenet_system/ipshared/30ee/hdl/verilog/lenet_w4a4_top_lenet_w4a4_top_Pipeline_DENSE_OUTPUT_DENSE_INPUT4.v:10]
INFO: [Synth 8-6157] synthesizing module 'lenet_w4a4_top_lenet_w4a4_top_Pipeline_REQUANT_VECTOR5' [d:/GitHub/vivado/vivado/F_Quantization_W8A8/hls_w4a4/vivado_review/project/LeNet_W4A4_Review.gen/sources_1/bd/lenet_system/ipshared/30ee/hdl/verilog/lenet_w4a4_top_lenet_w4a4_top_Pipeline_REQUANT_VECTOR5.v:10]
INFO: [Synth 8-6155] done synthesizing module 'lenet_w4a4_top_lenet_w4a4_top_Pipeline_REQUANT_VECTOR5' (0#1) [d:/GitHub/vivado/vivado/F_Quantization_W8A8/hls_w4a4/vivado_review/project/LeNet_W4A4_Review.gen/sources_1/bd/lenet_system/ipshared/30ee/hdl/verilog/lenet_w4a4_top_lenet_w4a4_top_Pipeline_REQUANT_VECTOR5.v:10]
INFO: [Synth 8-6157] synthesizing module 'lenet_w4a4_top_lenet_w4a4_top_Pipeline_WRITE_LOGITS' [d:/GitHub/vivado/vivado/F_Quantization_W8A8/hls_w4a4/vivado_review/project/LeNet_W4A4_Review.gen/sources_1/bd/lenet_system/ipshared/30ee/hdl/verilog/lenet_w4a4_top_lenet_w4a4_top_Pipeline_WRITE_LOGITS.v:10]
INFO: [Synth 8-6155] done synthesizing module 'lenet_w4a4_top_lenet_w4a4_top_Pipeline_WRITE_LOGITS' (0#1) [d:/GitHub/vivado/vivado/F_Quantization_W8A8/hls_w4a4/vivado_review/project/LeNet_W4A4_Review.gen/sources_1/bd/lenet_system/ipshared/30ee/hdl/verilog/lenet_w4a4_top_lenet_w4a4_top_Pipeline_WRITE_LOGITS.v:10]
INFO: [Synth 8-6157] synthesizing module 'lenet_w4a4_top_control_s_axi' [d:/GitHub/vivado/vivado/F_Quantization_W8A8/hls_w4a4/vivado_review/project/LeNet_W4A4_Review.gen/sources_1/bd/lenet_system/ipshared/30ee/hdl/verilog/lenet_w4a4_top_control_s_axi.v:7]
INFO: [Synth 8-155] case statement is not full and has no default [d:/GitHub/vivado/vivado/F_Quantization_W8A8/hls_w4a4/vivado_review/project/LeNet_W4A4_Review.gen/sources_1/bd/lenet_system/ipshared/30ee/hdl/verilog/lenet_w4a4_top_control_s_axi.v:223]
INFO: [Synth 8-6155] done synthesizing module 'lenet_w4a4_top_control_s_axi' (0#1) [d:/GitHub/vivado/vivado/F_Quantization_W8A8/hls_w4a4/vivado_review/project/LeNet_W4A4_Review.gen/sources_1/bd/lenet_system/ipshared/30ee/hdl/verilog/lenet_w4a4_top_control_s_axi.v:7]
INFO: [Synth 8-6157] synthesizing module 'lenet_w4a4_top_gmem0_m_axi' [d:/GitHub/vivado/vivado/F_Quantization_W8A8/hls_w4a4/vivado_review/project/LeNet_W4A4_Review.gen/sources_1/bd/lenet_system/ipshared/30ee/hdl/verilog/lenet_w4a4_top_gmem0_m_axi.v:11]
INFO: [Synth 8-6157] synthesizing module 'lenet_w4a4_top_gmem0_m_axi_store' [d:/GitHub/vivado/vivado/F_Quantization_W8A8/hls_w4a4/vivado_review/project/LeNet_W4A4_Review.gen/sources_1/bd/lenet_system/ipshared/30ee/hdl/verilog/lenet_w4a4_top_gmem0_m_axi.v:781]
INFO: [Synth 8-6157] synthesizing module 'lenet_w4a4_top_gmem0_m_axi_fifo' [d:/GitHub/vivado/vivado/F_Quantization_W8A8/hls_w4a4/vivado_review/project/LeNet_W4A4_Review.gen/sources_1/bd/lenet_system/ipshared/30ee/hdl/verilog/lenet_w4a4_top_gmem0_m_axi.v:2551]
INFO: [Synth 8-6157] synthesizing module 'lenet_w4a4_top_gmem0_m_axi_srl' [d:/GitHub/vivado/vivado/F_Quantization_W8A8/hls_w4a4/vivado_review/project/LeNet_W4A4_Review.gen/sources_1/bd/lenet_system/ipshared/30ee/hdl/verilog/lenet_w4a4_top_gmem0_m_axi.v:2729]
INFO: [Synth 8-6155] done synthesizing module 'lenet_w4a4_top_gmem0_m_axi_srl' (0#1) [d:/GitHub/vivado/vivado/F_Quantization_W8A8/hls_w4a4/vivado_review/project/LeNet_W4A4_Review.gen/sources_1/bd/lenet_system/ipshared/30ee/hdl/verilog/lenet_w4a4_top_gmem0_m_axi.v:2729]
INFO: [Synth 8-6155] done synthesizing module 'lenet_w4a4_top_gmem0_m_axi_fifo' (0#1) [d:/GitHub/vivado/vivado/F_Quantization_W8A8/hls_w4a4/vivado_review/project/LeNet_W4A4_Review.gen/sources_1/bd/lenet_system/ipshared/30ee/hdl/verilog/lenet_w4a4_top_gmem0_m_axi.v:2551]
INFO: [Synth 8-6157] synthesizing module 'lenet_w4a4_top_gmem0_m_axi_fifo__parameterized0' [d:/GitHub/vivado/vivado/F_Quantization_W8A8/hls_w4a4/vivado_review/project/LeNet_W4A4_Review.gen/sources_1/bd/lenet_system/ipshared/30ee/hdl/verilog/lenet_w4a4_top_gmem0_m_axi.v:2551]
INFO: [Synth 8-6157] synthesizing module 'lenet_w4a4_top_gmem0_m_axi_srl__parameterized0' [d:/GitHub/vivado/vivado/F_Quantization_W8A8/hls_w4a4/vivado_review/project/LeNet_W4A4_Review.gen/sources_1/bd/lenet_system/ipshared/30ee/hdl/verilog/lenet_w4a4_top_gmem0_m_axi.v:2729]
INFO: [Synth 8-6155] done synthesizing module 'lenet_w4a4_top_gmem0_m_axi_srl__parameterized0' (0#1) [d:/GitHub/vivado/vivado/F_Quantization_W8A8/hls_w4a4/vivado_review/project/LeNet_W4A4_Review.gen/sources_1/bd/lenet_system/ipshared/30ee/hdl/verilog/lenet_w4a4_top_gmem0_m_axi.v:2729]
INFO: [Synth 8-6155] done synthesizing module 'lenet_w4a4_top_gmem0_m_axi_fifo__parameterized0' (0#1) [d:/GitHub/vivado/vivado/F_Quantization_W8A8/hls_w4a4/vivado_review/project/LeNet_W4A4_Review.gen/sources_1/bd/lenet_system/ipshared/30ee/hdl/verilog/lenet_w4a4_top_gmem0_m_axi.v:2551]
INFO: [Synth 8-6157] synthesizing module 'lenet_w4a4_top_gmem0_m_axi_fifo__parameterized1' [d:/GitHub/vivado/vivado/F_Quantization_W8A8/hls_w4a4/vivado_review/project/LeNet_W4A4_Review.gen/sources_1/bd/lenet_system/ipshared/30ee/hdl/verilog/lenet_w4a4_top_gmem0_m_axi.v:2551]
INFO: [Synth 8-6157] synthesizing module 'lenet_w4a4_top_gmem0_m_axi_mem' [d:/GitHub/vivado/vivado/F_Quantization_W8A8/hls_w4a4/vivado_review/project/LeNet_W4A4_Review.gen/sources_1/bd/lenet_system/ipshared/30ee/hdl/verilog/lenet_w4a4_top_gmem0_m_axi.v:2783]
INFO: [Synth 8-6155] done synthesizing module 'lenet_w4a4_top_gmem0_m_axi_mem' (0#1) [d:/GitHub/vivado/vivado/F_Quantization_W8A8/hls_w4a4/vivado_review/project/LeNet_W4A4_Review.gen/sources_1/bd/lenet_system/ipshared/30ee/hdl/verilog/lenet_w4a4_top_gmem0_m_axi.v:2783]
INFO: [Synth 8-6155] done synthesizing module 'lenet_w4a4_top_gmem0_m_axi_fifo__parameterized1' (0#1) [d:/GitHub/vivado/vivado/F_Quantization_W8A8/hls_w4a4/vivado_review/project/LeNet_W4A4_Review.gen/sources_1/bd/lenet_system/ipshared/30ee/hdl/verilog/lenet_w4a4_top_gmem0_m_axi.v:2551]
INFO: [Synth 8-6157] synthesizing module 'lenet_w4a4_top_gmem0_m_axi_fifo__parameterized2' [d:/GitHub/vivado/vivado/F_Quantization_W8A8/hls_w4a4/vivado_review/project/LeNet_W4A4_Review.gen/sources_1/bd/lenet_system/ipshared/30ee/hdl/verilog/lenet_w4a4_top_gmem0_m_axi.v:2551]
INFO: [Synth 8-6157] synthesizing module 'lenet_w4a4_top_gmem0_m_axi_srl__parameterized1' [d:/GitHub/vivado/vivado/F_Quantization_W8A8/hls_w4a4/vivado_review/project/LeNet_W4A4_Review.gen/sources_1/bd/lenet_system/ipshared/30ee/hdl/verilog/lenet_w4a4_top_gmem0_m_axi.v:2729]
INFO: [Synth 8-6155] done synthesizing module 'lenet_w4a4_top_gmem0_m_axi_srl__parameterized1' (0#1) [d:/GitHub/vivado/vivado/F_Quantization_W8A8/hls_w4a4/vivado_review/project/LeNet_W4A4_Review.gen/sources_1/bd/lenet_system/ipshared/30ee/hdl/verilog/lenet_w4a4_top_gmem0_m_axi.v:2729]
INFO: [Synth 8-6155] done synthesizing module 'lenet_w4a4_top_gmem0_m_axi_fifo__parameterized2' (0#1) [d:/GitHub/vivado/vivado/F_Quantization_W8A8/hls_w4a4/vivado_review/project/LeNet_W4A4_Review.gen/sources_1/bd/lenet_system/ipshared/30ee/hdl/verilog/lenet_w4a4_top_gmem0_m_axi.v:2551]
INFO: [Synth 8-6157] synthesizing module 'lenet_w4a4_top_gmem0_m_axi_fifo__parameterized3' [d:/GitHub/vivado/vivado/F_Quantization_W8A8/hls_w4a4/vivado_review/project/LeNet_W4A4_Review.gen/sources_1/bd/lenet_system/ipshared/30ee/hdl/verilog/lenet_w4a4_top_gmem0_m_axi.v:2551]
INFO: [Synth 8-6157] synthesizing module 'lenet_w4a4_top_gmem0_m_axi_srl__parameterized2' [d:/GitHub/vivado/vivado/F_Quantization_W8A8/hls_w4a4/vivado_review/project/LeNet_W4A4_Review.gen/sources_1/bd/lenet_system/ipshared/30ee/hdl/verilog/lenet_w4a4_top_gmem0_m_axi.v:2729]
INFO: [Synth 8-6155] done synthesizing module 'lenet_w4a4_top_gmem0_m_axi_srl__parameterized2' (0#1) [d:/GitHub/vivado/vivado/F_Quantization_W8A8/hls_w4a4/vivado_review/project/LeNet_W4A4_Review.gen/sources_1/bd/lenet_system/ipshared/30ee/hdl/verilog/lenet_w4a4_top_gmem0_m_axi.v:2729]
INFO: [Synth 8-6155] done synthesizing module 'lenet_w4a4_top_gmem0_m_axi_fifo__parameterized3' (0#1) [d:/GitHub/vivado/vivado/F_Quantization_W8A8/hls_w4a4/vivado_review/project/LeNet_W4A4_Review.gen/sources_1/bd/lenet_system/ipshared/30ee/hdl/verilog/lenet_w4a4_top_gmem0_m_axi.v:2551]
INFO: [Synth 8-6155] done synthesizing module 'lenet_w4a4_top_gmem0_m_axi_store' (0#1) [d:/GitHub/vivado/vivado/F_Quantization_W8A8/hls_w4a4/vivado_review/project/LeNet_W4A4_Review.gen/sources_1/bd/lenet_system/ipshared/30ee/hdl/verilog/lenet_w4a4_top_gmem0_m_axi.v:781]
INFO: [Synth 8-6157] synthesizing module 'lenet_w4a4_top_gmem0_m_axi_load' [d:/GitHub/vivado/vivado/F_Quantization_W8A8/hls_w4a4/vivado_review/project/LeNet_W4A4_Review.gen/sources_1/bd/lenet_system/ipshared/30ee/hdl/verilog/lenet_w4a4_top_gmem0_m_axi.v:325]
INFO: [Synth 8-6157] synthesizing module 'lenet_w4a4_top_gmem0_m_axi_fifo__parameterized4' [d:/GitHub/vivado/vivado/F_Quantization_W8A8/hls_w4a4/vivado_review/project/LeNet_W4A4_Review.gen/sources_1/bd/lenet_system/ipshared/30ee/hdl/verilog/lenet_w4a4_top_gmem0_m_axi.v:2551]
INFO: [Synth 8-6157] synthesizing module 'lenet_w4a4_top_gmem0_m_axi_srl__parameterized3' [d:/GitHub/vivado/vivado/F_Quantization_W8A8/hls_w4a4/vivado_review/project/LeNet_W4A4_Review.gen/sources_1/bd/lenet_system/ipshared/30ee/hdl/verilog/lenet_w4a4_top_gmem0_m_axi.v:2729]
INFO: [Synth 8-6155] done synthesizing module 'lenet_w4a4_top_gmem0_m_axi_srl__parameterized3' (0#1) [d:/GitHub/vivado/vivado/F_Quantization_W8A8/hls_w4a4/vivado_review/project/LeNet_W4A4_Review.gen/sources_1/bd/lenet_system/ipshared/30ee/hdl/verilog/lenet_w4a4_top_gmem0_m_axi.v:2729]
INFO: [Synth 8-6155] done synthesizing module 'lenet_w4a4_top_gmem0_m_axi_fifo__parameterized4' (0#1) [d:/GitHub/vivado/vivado/F_Quantization_W8A8/hls_w4a4/vivado_review/project/LeNet_W4A4_Review.gen/sources_1/bd/lenet_system/ipshared/30ee/hdl/verilog/lenet_w4a4_top_gmem0_m_axi.v:2551]
INFO: [Synth 8-6157] synthesizing module 'lenet_w4a4_top_gmem0_m_axi_fifo__parameterized5' [d:/GitHub/vivado/vivado/F_Quantization_W8A8/hls_w4a4/vivado_review/project/LeNet_W4A4_Review.gen/sources_1/bd/lenet_system/ipshared/30ee/hdl/verilog/lenet_w4a4_top_gmem0_m_axi.v:2551]
INFO: [Synth 8-6157] synthesizing module 'lenet_w4a4_top_gmem0_m_axi_mem__parameterized0' [d:/GitHub/vivado/vivado/F_Quantization_W8A8/hls_w4a4/vivado_review/project/LeNet_W4A4_Review.gen/sources_1/bd/lenet_system/ipshared/30ee/hdl/verilog/lenet_w4a4_top_gmem0_m_axi.v:2783]
INFO: [Synth 8-6155] done synthesizing module 'lenet_w4a4_top_gmem0_m_axi_mem__parameterized0' (0#1) [d:/GitHub/vivado/vivado/F_Quantization_W8A8/hls_w4a4/vivado_review/project/LeNet_W4A4_Review.gen/sources_1/bd/lenet_system/ipshared/30ee/hdl/verilog/lenet_w4a4_top_gmem0_m_axi.v:2783]
INFO: [Synth 8-6155] done synthesizing module 'lenet_w4a4_top_gmem0_m_axi_fifo__parameterized5' (0#1) [d:/GitHub/vivado/vivado/F_Quantization_W8A8/hls_w4a4/vivado_review/project/LeNet_W4A4_Review.gen/sources_1/bd/lenet_system/ipshared/30ee/hdl/verilog/lenet_w4a4_top_gmem0_m_axi.v:2551]
INFO: [Synth 8-6155] done synthesizing module 'lenet_w4a4_top_gmem0_m_axi_load' (0#1) [d:/GitHub/vivado/vivado/F_Quantization_W8A8/hls_w4a4/vivado_review/project/LeNet_W4A4_Review.gen/sources_1/bd/lenet_system/ipshared/30ee/hdl/verilog/lenet_w4a4_top_gmem0_m_axi.v:325]
INFO: [Synth 8-6157] synthesizing module 'lenet_w4a4_top_gmem0_m_axi_write' [d:/GitHub/vivado/vivado/F_Quantization_W8A8/hls_w4a4/vivado_review/project/LeNet_W4A4_Review.gen/sources_1/bd/lenet_system/ipshared/30ee/hdl/verilog/lenet_w4a4_top_gmem0_m_axi.v:1716]
INFO: [Synth 8-6157] synthesizing module 'lenet_w4a4_top_gmem0_m_axi_reg_slice' [d:/GitHub/vivado/vivado/F_Quantization_W8A8/hls_w4a4/vivado_review/project/LeNet_W4A4_Review.gen/sources_1/bd/lenet_system/ipshared/30ee/hdl/verilog/lenet_w4a4_top_gmem0_m_axi.v:2449]
INFO: [Synth 8-6155] done synthesizing module 'lenet_w4a4_top_gmem0_m_axi_reg_slice' (0#1) [d:/GitHub/vivado/vivado/F_Quantization_W8A8/hls_w4a4/vivado_review/project/LeNet_W4A4_Review.gen/sources_1/bd/lenet_system/ipshared/30ee/hdl/verilog/lenet_w4a4_top_gmem0_m_axi.v:2449]
INFO: [Synth 8-6157] synthesizing module 'lenet_w4a4_top_gmem0_m_axi_fifo__parameterized6' [d:/GitHub/vivado/vivado/F_Quantization_W8A8/hls_w4a4/vivado_review/project/LeNet_W4A4_Review.gen/sources_1/bd/lenet_system/ipshared/30ee/hdl/verilog/lenet_w4a4_top_gmem0_m_axi.v:2551]
INFO: [Synth 8-6157] synthesizing module 'lenet_w4a4_top_gmem0_m_axi_srl__parameterized4' [d:/GitHub/vivado/vivado/F_Quantization_W8A8/hls_w4a4/vivado_review/project/LeNet_W4A4_Review.gen/sources_1/bd/lenet_system/ipshared/30ee/hdl/verilog/lenet_w4a4_top_gmem0_m_axi.v:2729]
INFO: [Synth 8-6155] done synthesizing module 'lenet_w4a4_top_gmem0_m_axi_srl__parameterized4' (0#1) [d:/GitHub/vivado/vivado/F_Quantization_W8A8/hls_w4a4/vivado_review/project/LeNet_W4A4_Review.gen/sources_1/bd/lenet_system/ipshared/30ee/hdl/verilog/lenet_w4a4_top_gmem0_m_axi.v:2729]
INFO: [Synth 8-6155] done synthesizing module 'lenet_w4a4_top_gmem0_m_axi_fifo__parameterized6' (0#1) [d:/GitHub/vivado/vivado/F_Quantization_W8A8/hls_w4a4/vivado_review/project/LeNet_W4A4_Review.gen/sources_1/bd/lenet_system/ipshared/30ee/hdl/verilog/lenet_w4a4_top_gmem0_m_axi.v:2551]
INFO: [Synth 8-6157] synthesizing module 'lenet_w4a4_top_gmem0_m_axi_throttle' [d:/GitHub/vivado/vivado/F_Quantization_W8A8/hls_w4a4/vivado_review/project/LeNet_W4A4_Review.gen/sources_1/bd/lenet_system/ipshared/30ee/hdl/verilog/lenet_w4a4_top_gmem0_m_axi.v:2224]
INFO: [Synth 8-6157] synthesizing module 'lenet_w4a4_top_gmem0_m_axi_reg_slice__parameterized0' [d:/GitHub/vivado/vivado/F_Quantization_W8A8/hls_w4a4/vivado_review/project/LeNet_W4A4_Review.gen/sources_1/bd/lenet_system/ipshared/30ee/hdl/verilog/lenet_w4a4_top_gmem0_m_axi.v:2449]
INFO: [Synth 8-6155] done synthesizing module 'lenet_w4a4_top_gmem0_m_axi_reg_slice__parameterized0' (0#1) [d:/GitHub/vivado/vivado/F_Quantization_W8A8/hls_w4a4/vivado_review/project/LeNet_W4A4_Review.gen/sources_1/bd/lenet_system/ipshared/30ee/hdl/verilog/lenet_w4a4_top_gmem0_m_axi.v:2449]
INFO: [Synth 8-6157] synthesizing module 'lenet_w4a4_top_gmem0_m_axi_fifo__parameterized7' [d:/GitHub/vivado/vivado/F_Quantization_W8A8/hls_w4a4/vivado_review/project/LeNet_W4A4_Review.gen/sources_1/bd/lenet_system/ipshared/30ee/hdl/verilog/lenet_w4a4_top_gmem0_m_axi.v:2551]
INFO: [Synth 8-6157] synthesizing module 'lenet_w4a4_top_gmem0_m_axi_srl__parameterized5' [d:/GitHub/vivado/vivado/F_Quantization_W8A8/hls_w4a4/vivado_review/project/LeNet_W4A4_Review.gen/sources_1/bd/lenet_system/ipshared/30ee/hdl/verilog/lenet_w4a4_top_gmem0_m_axi.v:2729]
INFO: [Synth 8-6155] done synthesizing module 'lenet_w4a4_top_gmem0_m_axi_srl__parameterized5' (0#1) [d:/GitHub/vivado/vivado/F_Quantization_W8A8/hls_w4a4/vivado_review/project/LeNet_W4A4_Review.gen/sources_1/bd/lenet_system/ipshared/30ee/hdl/verilog/lenet_w4a4_top_gmem0_m_axi.v:2729]
INFO: [Synth 8-6155] done synthesizing module 'lenet_w4a4_top_gmem0_m_axi_fifo__parameterized7' (0#1) [d:/GitHub/vivado/vivado/F_Quantization_W8A8/hls_w4a4/vivado_review/project/LeNet_W4A4_Review.gen/sources_1/bd/lenet_system/ipshared/30ee/hdl/verilog/lenet_w4a4_top_gmem0_m_axi.v:2551]
INFO: [Synth 8-6157] synthesizing module 'lenet_w4a4_top_gmem0_m_axi_fifo__parameterized8' [d:/GitHub/vivado/vivado/F_Quantization_W8A8/hls_w4a4/vivado_review/project/LeNet_W4A4_Review.gen/sources_1/bd/lenet_system/ipshared/30ee/hdl/verilog/lenet_w4a4_top_gmem0_m_axi.v:2551]
INFO: [Synth 8-6157] synthesizing module 'lenet_w4a4_top_gmem0_m_axi_srl__parameterized6' [d:/GitHub/vivado/vivado/F_Quantization_W8A8/hls_w4a4/vivado_review/project/LeNet_W4A4_Review.gen/sources_1/bd/lenet_system/ipshared/30ee/hdl/verilog/lenet_w4a4_top_gmem0_m_axi.v:2729]
INFO: [Synth 8-6155] done synthesizing module 'lenet_w4a4_top_gmem0_m_axi_srl__parameterized6' (0#1) [d:/GitHub/vivado/vivado/F_Quantization_W8A8/hls_w4a4/vivado_review/project/LeNet_W4A4_Review.gen/sources_1/bd/lenet_system/ipshared/30ee/hdl/verilog/lenet_w4a4_top_gmem0_m_axi.v:2729]
INFO: [Synth 8-6155] done synthesizing module 'lenet_w4a4_top_gmem0_m_axi_fifo__parameterized8' (0#1) [d:/GitHub/vivado/vivado/F_Quantization_W8A8/hls_w4a4/vivado_review/project/LeNet_W4A4_Review.gen/sources_1/bd/lenet_system/ipshared/30ee/hdl/verilog/lenet_w4a4_top_gmem0_m_axi.v:2551]
INFO: [Synth 8-6155] done synthesizing module 'lenet_w4a4_top_gmem0_m_axi_throttle' (0#1) [d:/GitHub/vivado/vivado/F_Quantization_W8A8/hls_w4a4/vivado_review/project/LeNet_W4A4_Review.gen/sources_1/bd/lenet_system/ipshared/30ee/hdl/verilog/lenet_w4a4_top_gmem0_m_axi.v:2224]
INFO: [Synth 8-6157] synthesizing module 'lenet_w4a4_top_gmem0_m_axi_reg_slice__parameterized1' [d:/GitHub/vivado/vivado/F_Quantization_W8A8/hls_w4a4/vivado_review/project/LeNet_W4A4_Review.gen/sources_1/bd/lenet_system/ipshared/30ee/hdl/verilog/lenet_w4a4_top_gmem0_m_axi.v:2449]
INFO: [Synth 8-6155] done synthesizing module 'lenet_w4a4_top_gmem0_m_axi_reg_slice__parameterized1' (0#1) [d:/GitHub/vivado/vivado/F_Quantization_W8A8/hls_w4a4/vivado_review/project/LeNet_W4A4_Review.gen/sources_1/bd/lenet_system/ipshared/30ee/hdl/verilog/lenet_w4a4_top_gmem0_m_axi.v:2449]
WARNING: [Synth 8-589] replacing case/wildcard equality operator === with logical equality operator == [d:/GitHub/vivado/vivado/F_Quantization_W8A8/hls_w4a4/vivado_review/project/LeNet_W4A4_Review.gen/sources_1/bd/lenet_system/ipshared/30ee/hdl/verilog/lenet_w4a4_top_gmem0_m_axi.v:2216]
WARNING: [Synth 8-589] replacing case/wildcard equality operator === with logical equality operator == [d:/GitHub/vivado/vivado/F_Quantization_W8A8/hls_w4a4/vivado_review/project/LeNet_W4A4_Review.gen/sources_1/bd/lenet_system/ipshared/30ee/hdl/verilog/lenet_w4a4_top_gmem0_m_axi.v:2219]
INFO: [Synth 8-6155] done synthesizing module 'lenet_w4a4_top_gmem0_m_axi_write' (0#1) [d:/GitHub/vivado/vivado/F_Quantization_W8A8/hls_w4a4/vivado_review/project/LeNet_W4A4_Review.gen/sources_1/bd/lenet_system/ipshared/30ee/hdl/verilog/lenet_w4a4_top_gmem0_m_axi.v:1716]
INFO: [Synth 8-6157] synthesizing module 'lenet_w4a4_top_gmem0_m_axi_read' [d:/GitHub/vivado/vivado/F_Quantization_W8A8/hls_w4a4/vivado_review/project/LeNet_W4A4_Review.gen/sources_1/bd/lenet_system/ipshared/30ee/hdl/verilog/lenet_w4a4_top_gmem0_m_axi.v:1332]
INFO: [Synth 8-6157] synthesizing module 'lenet_w4a4_top_gmem0_m_axi_reg_slice__parameterized2' [d:/GitHub/vivado/vivado/F_Quantization_W8A8/hls_w4a4/vivado_review/project/LeNet_W4A4_Review.gen/sources_1/bd/lenet_system/ipshared/30ee/hdl/verilog/lenet_w4a4_top_gmem0_m_axi.v:2449]
INFO: [Synth 8-6155] done synthesizing module 'lenet_w4a4_top_gmem0_m_axi_reg_slice__parameterized2' (0#1) [d:/GitHub/vivado/vivado/F_Quantization_W8A8/hls_w4a4/vivado_review/project/LeNet_W4A4_Review.gen/sources_1/bd/lenet_system/ipshared/30ee/hdl/verilog/lenet_w4a4_top_gmem0_m_axi.v:2449]
WARNING: [Synth 8-589] replacing case/wildcard equality operator === with logical equality operator == [d:/GitHub/vivado/vivado/F_Quantization_W8A8/hls_w4a4/vivado_review/project/LeNet_W4A4_Review.gen/sources_1/bd/lenet_system/ipshared/30ee/hdl/verilog/lenet_w4a4_top_gmem0_m_axi.v:1708]
INFO: [Synth 8-6155] done synthesizing module 'lenet_w4a4_top_gmem0_m_axi_read' (0#1) [d:/GitHub/vivado/vivado/F_Quantization_W8A8/hls_w4a4/vivado_review/project/LeNet_W4A4_Review.gen/sources_1/bd/lenet_system/ipshared/30ee/hdl/verilog/lenet_w4a4_top_gmem0_m_axi.v:1332]
INFO: [Synth 8-6155] done synthesizing module 'lenet_w4a4_top_gmem0_m_axi' (0#1) [d:/GitHub/vivado/vivado/F_Quantization_W8A8/hls_w4a4/vivado_review/project/LeNet_W4A4_Review.gen/sources_1/bd/lenet_system/ipshared/30ee/hdl/verilog/lenet_w4a4_top_gmem0_m_axi.v:11]
INFO: [Synth 8-6157] synthesizing module 'lenet_w4a4_top_gmem1_m_axi' [d:/GitHub/vivado/vivado/F_Quantization_W8A8/hls_w4a4/vivado_review/project/LeNet_W4A4_Review.gen/sources_1/bd/lenet_system/ipshared/30ee/hdl/verilog/lenet_w4a4_top_gmem1_m_axi.v:11]
INFO: [Synth 8-6157] synthesizing module 'lenet_w4a4_top_gmem1_m_axi_store' [d:/GitHub/vivado/vivado/F_Quantization_W8A8/hls_w4a4/vivado_review/project/LeNet_W4A4_Review.gen/sources_1/bd/lenet_system/ipshared/30ee/hdl/verilog/lenet_w4a4_top_gmem1_m_axi.v:781]
INFO: [Synth 8-6157] synthesizing module 'lenet_w4a4_top_gmem1_m_axi_fifo' [d:/GitHub/vivado/vivado/F_Quantization_W8A8/hls_w4a4/vivado_review/project/LeNet_W4A4_Review.gen/sources_1/bd/lenet_system/ipshared/30ee/hdl/verilog/lenet_w4a4_top_gmem1_m_axi.v:2551]
INFO: [Synth 8-6157] synthesizing module 'lenet_w4a4_top_gmem1_m_axi_srl' [d:/GitHub/vivado/vivado/F_Quantization_W8A8/hls_w4a4/vivado_review/project/LeNet_W4A4_Review.gen/sources_1/bd/lenet_system/ipshared/30ee/hdl/verilog/lenet_w4a4_top_gmem1_m_axi.v:2729]
INFO: [Synth 8-6155] done synthesizing module 'lenet_w4a4_top_gmem1_m_axi_srl' (0#1) [d:/GitHub/vivado/vivado/F_Quantization_W8A8/hls_w4a4/vivado_review/project/LeNet_W4A4_Review.gen/sources_1/bd/lenet_system/ipshared/30ee/hdl/verilog/lenet_w4a4_top_gmem1_m_axi.v:2729]
INFO: [Synth 8-6155] done synthesizing module 'lenet_w4a4_top_gmem1_m_axi_fifo' (0#1) [d:/GitHub/vivado/vivado/F_Quantization_W8A8/hls_w4a4/vivado_review/project/LeNet_W4A4_Review.gen/sources_1/bd/lenet_system/ipshared/30ee/hdl/verilog/lenet_w4a4_top_gmem1_m_axi.v:2551]
INFO: [Synth 8-6157] synthesizing module 'lenet_w4a4_top_gmem1_m_axi_fifo__parameterized0' [d:/GitHub/vivado/vivado/F_Quantization_W8A8/hls_w4a4/vivado_review/project/LeNet_W4A4_Review.gen/sources_1/bd/lenet_system/ipshared/30ee/hdl/verilog/lenet_w4a4_top_gmem1_m_axi.v:2551]
INFO: [Synth 8-6157] synthesizing module 'lenet_w4a4_top_gmem1_m_axi_srl__parameterized0' [d:/GitHub/vivado/vivado/F_Quantization_W8A8/hls_w4a4/vivado_review/project/LeNet_W4A4_Review.gen/sources_1/bd/lenet_system/ipshared/30ee/hdl/verilog/lenet_w4a4_top_gmem1_m_axi.v:2729]
INFO: [Synth 8-6155] done synthesizing module 'lenet_w4a4_top_gmem1_m_axi_srl__parameterized0' (0#1) [d:/GitHub/vivado/vivado/F_Quantization_W8A8/hls_w4a4/vivado_review/project/LeNet_W4A4_Review.gen/sources_1/bd/lenet_system/ipshared/30ee/hdl/verilog/lenet_w4a4_top_gmem1_m_axi.v:2729]
INFO: [Synth 8-6155] done synthesizing module 'lenet_w4a4_top_gmem1_m_axi_fifo__parameterized0' (0#1) [d:/GitHub/vivado/vivado/F_Quantization_W8A8/hls_w4a4/vivado_review/project/LeNet_W4A4_Review.gen/sources_1/bd/lenet_system/ipshared/30ee/hdl/verilog/lenet_w4a4_top_gmem1_m_axi.v:2551]
INFO: [Synth 8-6157] synthesizing module 'lenet_w4a4_top_gmem1_m_axi_fifo__parameterized1' [d:/GitHub/vivado/vivado/F_Quantization_W8A8/hls_w4a4/vivado_review/project/LeNet_W4A4_Review.gen/sources_1/bd/lenet_system/ipshared/30ee/hdl/verilog/lenet_w4a4_top_gmem1_m_axi.v:2551]
INFO: [Synth 8-6157] synthesizing module 'lenet_w4a4_top_gmem1_m_axi_mem' [d:/GitHub/vivado/vivado/F_Quantization_W8A8/hls_w4a4/vivado_review/project/LeNet_W4A4_Review.gen/sources_1/bd/lenet_system/ipshared/30ee/hdl/verilog/lenet_w4a4_top_gmem1_m_axi.v:2783]
INFO: [Synth 8-6155] done synthesizing module 'lenet_w4a4_top_gmem1_m_axi_mem' (0#1) [d:/GitHub/vivado/vivado/F_Quantization_W8A8/hls_w4a4/vivado_review/project/LeNet_W4A4_Review.gen/sources_1/bd/lenet_system/ipshared/30ee/hdl/verilog/lenet_w4a4_top_gmem1_m_axi.v:2783]
INFO: [Synth 8-6155] done synthesizing module 'lenet_w4a4_top_gmem1_m_axi_fifo__parameterized1' (0#1) [d:/GitHub/vivado/vivado/F_Quantization_W8A8/hls_w4a4/vivado_review/project/LeNet_W4A4_Review.gen/sources_1/bd/lenet_system/ipshared/30ee/hdl/verilog/lenet_w4a4_top_gmem1_m_axi.v:2551]
INFO: [Synth 8-6157] synthesizing module 'lenet_w4a4_top_gmem1_m_axi_fifo__parameterized2' [d:/GitHub/vivado/vivado/F_Quantization_W8A8/hls_w4a4/vivado_review/project/LeNet_W4A4_Review.gen/sources_1/bd/lenet_system/ipshared/30ee/hdl/verilog/lenet_w4a4_top_gmem1_m_axi.v:2551]
INFO: [Synth 8-6157] synthesizing module 'lenet_w4a4_top_gmem1_m_axi_srl__parameterized1' [d:/GitHub/vivado/vivado/F_Quantization_W8A8/hls_w4a4/vivado_review/project/LeNet_W4A4_Review.gen/sources_1/bd/lenet_system/ipshared/30ee/hdl/verilog/lenet_w4a4_top_gmem1_m_axi.v:2729]
INFO: [Synth 8-6155] done synthesizing module 'lenet_w4a4_top_gmem1_m_axi_srl__parameterized1' (0#1) [d:/GitHub/vivado/vivado/F_Quantization_W8A8/hls_w4a4/vivado_review/project/LeNet_W4A4_Review.gen/sources_1/bd/lenet_system/ipshared/30ee/hdl/verilog/lenet_w4a4_top_gmem1_m_axi.v:2729]
INFO: [Synth 8-6155] done synthesizing module 'lenet_w4a4_top_gmem1_m_axi_fifo__parameterized2' (0#1) [d:/GitHub/vivado/vivado/F_Quantization_W8A8/hls_w4a4/vivado_review/project/LeNet_W4A4_Review.gen/sources_1/bd/lenet_system/ipshared/30ee/hdl/verilog/lenet_w4a4_top_gmem1_m_axi.v:2551]
INFO: [Synth 8-6157] synthesizing module 'lenet_w4a4_top_gmem1_m_axi_fifo__parameterized3' [d:/GitHub/vivado/vivado/F_Quantization_W8A8/hls_w4a4/vivado_review/project/LeNet_W4A4_Review.gen/sources_1/bd/lenet_system/ipshared/30ee/hdl/verilog/lenet_w4a4_top_gmem1_m_axi.v:2551]
INFO: [Synth 8-6157] synthesizing module 'lenet_w4a4_top_gmem1_m_axi_srl__parameterized2' [d:/GitHub/vivado/vivado/F_Quantization_W8A8/hls_w4a4/vivado_review/project/LeNet_W4A4_Review.gen/sources_1/bd/lenet_system/ipshared/30ee/hdl/verilog/lenet_w4a4_top_gmem1_m_axi.v:2729]
INFO: [Synth 8-6155] done synthesizing module 'lenet_w4a4_top_gmem1_m_axi_srl__parameterized2' (0#1) [d:/GitHub/vivado/vivado/F_Quantization_W8A8/hls_w4a4/vivado_review/project/LeNet_W4A4_Review.gen/sources_1/bd/lenet_system/ipshared/30ee/hdl/verilog/lenet_w4a4_top_gmem1_m_axi.v:2729]
INFO: [Synth 8-6155] done synthesizing module 'lenet_w4a4_top_gmem1_m_axi_fifo__parameterized3' (0#1) [d:/GitHub/vivado/vivado/F_Quantization_W8A8/hls_w4a4/vivado_review/project/LeNet_W4A4_Review.gen/sources_1/bd/lenet_system/ipshared/30ee/hdl/verilog/lenet_w4a4_top_gmem1_m_axi.v:2551]
INFO: [Synth 8-6155] done synthesizing module 'lenet_w4a4_top_gmem1_m_axi_store' (0#1) [d:/GitHub/vivado/vivado/F_Quantization_W8A8/hls_w4a4/vivado_review/project/LeNet_W4A4_Review.gen/sources_1/bd/lenet_system/ipshared/30ee/hdl/verilog/lenet_w4a4_top_gmem1_m_axi.v:781]
INFO: [Synth 8-6157] synthesizing module 'lenet_w4a4_top_gmem1_m_axi_load' [d:/GitHub/vivado/vivado/F_Quantization_W8A8/hls_w4a4/vivado_review/project/LeNet_W4A4_Review.gen/sources_1/bd/lenet_system/ipshared/30ee/hdl/verilog/lenet_w4a4_top_gmem1_m_axi.v:325]
INFO: [Synth 8-6157] synthesizing module 'lenet_w4a4_top_gmem1_m_axi_fifo__parameterized4' [d:/GitHub/vivado/vivado/F_Quantization_W8A8/hls_w4a4/vivado_review/project/LeNet_W4A4_Review.gen/sources_1/bd/lenet_system/ipshared/30ee/hdl/verilog/lenet_w4a4_top_gmem1_m_axi.v:2551]
INFO: [Synth 8-6157] synthesizing module 'lenet_w4a4_top_gmem1_m_axi_srl__parameterized3' [d:/GitHub/vivado/vivado/F_Quantization_W8A8/hls_w4a4/vivado_review/project/LeNet_W4A4_Review.gen/sources_1/bd/lenet_system/ipshared/30ee/hdl/verilog/lenet_w4a4_top_gmem1_m_axi.v:2729]
INFO: [Synth 8-6155] done synthesizing module 'lenet_w4a4_top_gmem1_m_axi_srl__parameterized3' (0#1) [d:/GitHub/vivado/vivado/F_Quantization_W8A8/hls_w4a4/vivado_review/project/LeNet_W4A4_Review.gen/sources_1/bd/lenet_system/ipshared/30ee/hdl/verilog/lenet_w4a4_top_gmem1_m_axi.v:2729]
INFO: [Synth 8-6155] done synthesizing module 'lenet_w4a4_top_gmem1_m_axi_fifo__parameterized4' (0#1) [d:/GitHub/vivado/vivado/F_Quantization_W8A8/hls_w4a4/vivado_review/project/LeNet_W4A4_Review.gen/sources_1/bd/lenet_system/ipshared/30ee/hdl/verilog/lenet_w4a4_top_gmem1_m_axi.v:2551]
INFO: [Synth 8-6157] synthesizing module 'lenet_w4a4_top_gmem1_m_axi_fifo__parameterized5' [d:/GitHub/vivado/vivado/F_Quantization_W8A8/hls_w4a4/vivado_review/project/LeNet_W4A4_Review.gen/sources_1/bd/lenet_system/ipshared/30ee/hdl/verilog/lenet_w4a4_top_gmem1_m_axi.v:2551]
INFO: [Synth 8-6157] synthesizing module 'lenet_w4a4_top_gmem1_m_axi_mem__parameterized0' [d:/GitHub/vivado/vivado/F_Quantization_W8A8/hls_w4a4/vivado_review/project/LeNet_W4A4_Review.gen/sources_1/bd/lenet_system/ipshared/30ee/hdl/verilog/lenet_w4a4_top_gmem1_m_axi.v:2783]
INFO: [Synth 8-6155] done synthesizing module 'lenet_w4a4_top_gmem1_m_axi_mem__parameterized0' (0#1) [d:/GitHub/vivado/vivado/F_Quantization_W8A8/hls_w4a4/vivado_review/project/LeNet_W4A4_Review.gen/sources_1/bd/lenet_system/ipshared/30ee/hdl/verilog/lenet_w4a4_top_gmem1_m_axi.v:2783]
INFO: [Synth 8-6155] done synthesizing module 'lenet_w4a4_top_gmem1_m_axi_fifo__parameterized5' (0#1) [d:/GitHub/vivado/vivado/F_Quantization_W8A8/hls_w4a4/vivado_review/project/LeNet_W4A4_Review.gen/sources_1/bd/lenet_system/ipshared/30ee/hdl/verilog/lenet_w4a4_top_gmem1_m_axi.v:2551]
INFO: [Synth 8-6155] done synthesizing module 'lenet_w4a4_top_gmem1_m_axi_load' (0#1) [d:/GitHub/vivado/vivado/F_Quantization_W8A8/hls_w4a4/vivado_review/project/LeNet_W4A4_Review.gen/sources_1/bd/lenet_system/ipshared/30ee/hdl/verilog/lenet_w4a4_top_gmem1_m_axi.v:325]
INFO: [Synth 8-6157] synthesizing module 'lenet_w4a4_top_gmem1_m_axi_write' [d:/GitHub/vivado/vivado/F_Quantization_W8A8/hls_w4a4/vivado_review/project/LeNet_W4A4_Review.gen/sources_1/bd/lenet_system/ipshared/30ee/hdl/verilog/lenet_w4a4_top_gmem1_m_axi.v:1716]
INFO: [Synth 8-6157] synthesizing module 'lenet_w4a4_top_gmem1_m_axi_reg_slice' [d:/GitHub/vivado/vivado/F_Quantization_W8A8/hls_w4a4/vivado_review/project/LeNet_W4A4_Review.gen/sources_1/bd/lenet_system/ipshared/30ee/hdl/verilog/lenet_w4a4_top_gmem1_m_axi.v:2449]
INFO: [Synth 8-6155] done synthesizing module 'lenet_w4a4_top_gmem1_m_axi_reg_slice' (0#1) [d:/GitHub/vivado/vivado/F_Quantization_W8A8/hls_w4a4/vivado_review/project/LeNet_W4A4_Review.gen/sources_1/bd/lenet_system/ipshared/30ee/hdl/verilog/lenet_w4a4_top_gmem1_m_axi.v:2449]
INFO: [Synth 8-6157] synthesizing module 'lenet_w4a4_top_gmem1_m_axi_fifo__parameterized6' [d:/GitHub/vivado/vivado/F_Quantization_W8A8/hls_w4a4/vivado_review/project/LeNet_W4A4_Review.gen/sources_1/bd/lenet_system/ipshared/30ee/hdl/verilog/lenet_w4a4_top_gmem1_m_axi.v:2551]
INFO: [Synth 8-6157] synthesizing module 'lenet_w4a4_top_gmem1_m_axi_srl__parameterized4' [d:/GitHub/vivado/vivado/F_Quantization_W8A8/hls_w4a4/vivado_review/project/LeNet_W4A4_Review.gen/sources_1/bd/lenet_system/ipshared/30ee/hdl/verilog/lenet_w4a4_top_gmem1_m_axi.v:2729]
INFO: [Synth 8-6155] done synthesizing module 'lenet_w4a4_top_gmem1_m_axi_srl__parameterized4' (0#1) [d:/GitHub/vivado/vivado/F_Quantization_W8A8/hls_w4a4/vivado_review/project/LeNet_W4A4_Review.gen/sources_1/bd/lenet_system/ipshared/30ee/hdl/verilog/lenet_w4a4_top_gmem1_m_axi.v:2729]
INFO: [Synth 8-6155] done synthesizing module 'lenet_w4a4_top_gmem1_m_axi_fifo__parameterized6' (0#1) [d:/GitHub/vivado/vivado/F_Quantization_W8A8/hls_w4a4/vivado_review/project/LeNet_W4A4_Review.gen/sources_1/bd/lenet_system/ipshared/30ee/hdl/verilog/lenet_w4a4_top_gmem1_m_axi.v:2551]
INFO: [Synth 8-6157] synthesizing module 'lenet_w4a4_top_gmem1_m_axi_throttle' [d:/GitHub/vivado/vivado/F_Quantization_W8A8/hls_w4a4/vivado_review/project/LeNet_W4A4_Review.gen/sources_1/bd/lenet_system/ipshared/30ee/hdl/verilog/lenet_w4a4_top_gmem1_m_axi.v:2224]
INFO: [Synth 8-6157] synthesizing module 'lenet_w4a4_top_gmem1_m_axi_reg_slice__parameterized0' [d:/GitHub/vivado/vivado/F_Quantization_W8A8/hls_w4a4/vivado_review/project/LeNet_W4A4_Review.gen/sources_1/bd/lenet_system/ipshared/30ee/hdl/verilog/lenet_w4a4_top_gmem1_m_axi.v:2449]
INFO: [Synth 8-6155] done synthesizing module 'lenet_w4a4_top_gmem1_m_axi_reg_slice__parameterized0' (0#1) [d:/GitHub/vivado/vivado/F_Quantization_W8A8/hls_w4a4/vivado_review/project/LeNet_W4A4_Review.gen/sources_1/bd/lenet_system/ipshared/30ee/hdl/verilog/lenet_w4a4_top_gmem1_m_axi.v:2449]
INFO: [Synth 8-6157] synthesizing module 'lenet_w4a4_top_gmem1_m_axi_fifo__parameterized7' [d:/GitHub/vivado/vivado/F_Quantization_W8A8/hls_w4a4/vivado_review/project/LeNet_W4A4_Review.gen/sources_1/bd/lenet_system/ipshared/30ee/hdl/verilog/lenet_w4a4_top_gmem1_m_axi.v:2551]
INFO: [Synth 8-6157] synthesizing module 'lenet_w4a4_top_gmem1_m_axi_srl__parameterized5' [d:/GitHub/vivado/vivado/F_Quantization_W8A8/hls_w4a4/vivado_review/project/LeNet_W4A4_Review.gen/sources_1/bd/lenet_system/ipshared/30ee/hdl/verilog/lenet_w4a4_top_gmem1_m_axi.v:2729]
INFO: [Synth 8-6155] done synthesizing module 'lenet_w4a4_top_gmem1_m_axi_srl__parameterized5' (0#1) [d:/GitHub/vivado/vivado/F_Quantization_W8A8/hls_w4a4/vivado_review/project/LeNet_W4A4_Review.gen/sources_1/bd/lenet_system/ipshared/30ee/hdl/verilog/lenet_w4a4_top_gmem1_m_axi.v:2729]
INFO: [Synth 8-6155] done synthesizing module 'lenet_w4a4_top_gmem1_m_axi_fifo__parameterized7' (0#1) [d:/GitHub/vivado/vivado/F_Quantization_W8A8/hls_w4a4/vivado_review/project/LeNet_W4A4_Review.gen/sources_1/bd/lenet_system/ipshared/30ee/hdl/verilog/lenet_w4a4_top_gmem1_m_axi.v:2551]
INFO: [Synth 8-6157] synthesizing module 'lenet_w4a4_top_gmem1_m_axi_fifo__parameterized8' [d:/GitHub/vivado/vivado/F_Quantization_W8A8/hls_w4a4/vivado_review/project/LeNet_W4A4_Review.gen/sources_1/bd/lenet_system/ipshared/30ee/hdl/verilog/lenet_w4a4_top_gmem1_m_axi.v:2551]
INFO: [Synth 8-6157] synthesizing module 'lenet_w4a4_top_gmem1_m_axi_srl__parameterized6' [d:/GitHub/vivado/vivado/F_Quantization_W8A8/hls_w4a4/vivado_review/project/LeNet_W4A4_Review.gen/sources_1/bd/lenet_system/ipshared/30ee/hdl/verilog/lenet_w4a4_top_gmem1_m_axi.v:2729]
INFO: [Common 17-14] Message 'Synth 8-6157' appears 100 times and further instances of the messages will be disabled. Use the Tcl command set_msg_config to change the current settings.
INFO: [Synth 8-6155] done synthesizing module 'lenet_w4a4_top_gmem1_m_axi_srl__parameterized6' (0#1) [d:/GitHub/vivado/vivado/F_Quantization_W8A8/hls_w4a4/vivado_review/project/LeNet_W4A4_Review.gen/sources_1/bd/lenet_system/ipshared/30ee/hdl/verilog/lenet_w4a4_top_gmem1_m_axi.v:2729]
INFO: [Synth 8-6155] done synthesizing module 'lenet_w4a4_top_gmem1_m_axi_fifo__parameterized8' (0#1) [d:/GitHub/vivado/vivado/F_Quantization_W8A8/hls_w4a4/vivado_review/project/LeNet_W4A4_Review.gen/sources_1/bd/lenet_system/ipshared/30ee/hdl/verilog/lenet_w4a4_top_gmem1_m_axi.v:2551]
INFO: [Synth 8-6155] done synthesizing module 'lenet_w4a4_top_gmem1_m_axi_throttle' (0#1) [d:/GitHub/vivado/vivado/F_Quantization_W8A8/hls_w4a4/vivado_review/project/LeNet_W4A4_Review.gen/sources_1/bd/lenet_system/ipshared/30ee/hdl/verilog/lenet_w4a4_top_gmem1_m_axi.v:2224]
INFO: [Synth 8-6155] done synthesizing module 'lenet_w4a4_top_gmem1_m_axi_reg_slice__parameterized1' (0#1) [d:/GitHub/vivado/vivado/F_Quantization_W8A8/hls_w4a4/vivado_review/project/LeNet_W4A4_Review.gen/sources_1/bd/lenet_system/ipshared/30ee/hdl/verilog/lenet_w4a4_top_gmem1_m_axi.v:2449]
WARNING: [Synth 8-589] replacing case/wildcard equality operator === with logical equality operator == [d:/GitHub/vivado/vivado/F_Quantization_W8A8/hls_w4a4/vivado_review/project/LeNet_W4A4_Review.gen/sources_1/bd/lenet_system/ipshared/30ee/hdl/verilog/lenet_w4a4_top_gmem1_m_axi.v:2216]
WARNING: [Synth 8-589] replacing case/wildcard equality operator === with logical equality operator == [d:/GitHub/vivado/vivado/F_Quantization_W8A8/hls_w4a4/vivado_review/project/LeNet_W4A4_Review.gen/sources_1/bd/lenet_system/ipshared/30ee/hdl/verilog/lenet_w4a4_top_gmem1_m_axi.v:2219]
INFO: [Synth 8-6155] done synthesizing module 'lenet_w4a4_top_gmem1_m_axi_write' (0#1) [d:/GitHub/vivado/vivado/F_Quantization_W8A8/hls_w4a4/vivado_review/project/LeNet_W4A4_Review.gen/sources_1/bd/lenet_system/ipshared/30ee/hdl/verilog/lenet_w4a4_top_gmem1_m_axi.v:1716]
INFO: [Synth 8-6155] done synthesizing module 'lenet_w4a4_top_gmem1_m_axi_reg_slice__parameterized2' (0#1) [d:/GitHub/vivado/vivado/F_Quantization_W8A8/hls_w4a4/vivado_review/project/LeNet_W4A4_Review.gen/sources_1/bd/lenet_system/ipshared/30ee/hdl/verilog/lenet_w4a4_top_gmem1_m_axi.v:2449]
WARNING: [Synth 8-589] replacing case/wildcard equality operator === with logical equality operator == [d:/GitHub/vivado/vivado/F_Quantization_W8A8/hls_w4a4/vivado_review/project/LeNet_W4A4_Review.gen/sources_1/bd/lenet_system/ipshared/30ee/hdl/verilog/lenet_w4a4_top_gmem1_m_axi.v:1708]
INFO: [Synth 8-6155] done synthesizing module 'lenet_w4a4_top_gmem1_m_axi_read' (0#1) [d:/GitHub/vivado/vivado/F_Quantization_W8A8/hls_w4a4/vivado_review/project/LeNet_W4A4_Review.gen/sources_1/bd/lenet_system/ipshared/30ee/hdl/verilog/lenet_w4a4_top_gmem1_m_axi.v:1332]
INFO: [Common 17-14] Message 'Synth 8-6155' appears 100 times and further instances of the messages will be disabled. Use the Tcl command set_msg_config to change the current settings.
WARNING: [Synth 8-589] replacing case/wildcard equality operator === with logical equality operator == [d:/GitHub/vivado/vivado/F_Quantization_W8A8/hls_w4a4/vivado_review/project/LeNet_W4A4_Review.gen/sources_1/bd/lenet_system/ipshared/30ee/hdl/verilog/lenet_w4a4_top_gmem2_m_axi.v:2216]
WARNING: [Synth 8-589] replacing case/wildcard equality operator === with logical equality operator == [d:/GitHub/vivado/vivado/F_Quantization_W8A8/hls_w4a4/vivado_review/project/LeNet_W4A4_Review.gen/sources_1/bd/lenet_system/ipshared/30ee/hdl/verilog/lenet_w4a4_top_gmem2_m_axi.v:2219]
WARNING: [Synth 8-589] replacing case/wildcard equality operator === with logical equality operator == [d:/GitHub/vivado/vivado/F_Quantization_W8A8/hls_w4a4/vivado_review/project/LeNet_W4A4_Review.gen/sources_1/bd/lenet_system/ipshared/30ee/hdl/verilog/lenet_w4a4_top_gmem2_m_axi.v:1708]
WARNING: [Synth 8-3936] Found unconnected internal register 'mul_ln186_4_reg_1702_reg' and it is trimmed from '67' to '41' bits. [d:/GitHub/vivado/vivado/F_Quantization_W8A8/hls_w4a4/vivado_review/project/LeNet_W4A4_Review.gen/sources_1/bd/lenet_system/ipshared/30ee/hdl/verilog/lenet_w4a4_top_lenet_w4a4_top_Pipeline_POOL_CHANNEL_POOL_ROW_POOL_COL.v:644]
WARNING: [Synth 8-3936] Found unconnected internal register 'mul_ln186_3_reg_1685_reg' and it is trimmed from '67' to '41' bits. [d:/GitHub/vivado/vivado/F_Quantization_W8A8/hls_w4a4/vivado_review/project/LeNet_W4A4_Review.gen/sources_1/bd/lenet_system/ipshared/30ee/hdl/verilog/lenet_w4a4_top_lenet_w4a4_top_Pipeline_POOL_CHANNEL_POOL_ROW_POOL_COL.v:643]
WARNING: [Synth 8-3936] Found unconnected internal register 'mul_ln186_1_reg_1668_reg' and it is trimmed from '67' to '41' bits. [d:/GitHub/vivado/vivado/F_Quantization_W8A8/hls_w4a4/vivado_review/project/LeNet_W4A4_Review.gen/sources_1/bd/lenet_system/ipshared/30ee/hdl/verilog/lenet_w4a4_top_lenet_w4a4_top_Pipeline_POOL_CHANNEL_POOL_ROW_POOL_COL.v:642]
WARNING: [Synth 8-3936] Found unconnected internal register 'mul_ln186_reg_1651_reg' and it is trimmed from '67' to '41' bits. [d:/GitHub/vivado/vivado/F_Quantization_W8A8/hls_w4a4/vivado_review/project/LeNet_W4A4_Review.gen/sources_1/bd/lenet_system/ipshared/30ee/hdl/verilog/lenet_w4a4_top_lenet_w4a4_top_Pipeline_POOL_CHANNEL_POOL_ROW_POOL_COL.v:645]
WARNING: [Synth 8-3936] Found unconnected internal register 'mul_ln186_3_reg_1498_reg' and it is trimmed from '68' to '41' bits. [d:/GitHub/vivado/vivado/F_Quantization_W8A8/hls_w4a4/vivado_review/project/LeNet_W4A4_Review.gen/sources_1/bd/lenet_system/ipshared/30ee/hdl/verilog/lenet_w4a4_top_lenet_w4a4_top_Pipeline_POOL_CHANNEL_POOL_ROW_POOL_COL1.v:633]
WARNING: [Synth 8-3936] Found unconnected internal register 'mul_ln186_2_reg_1481_reg' and it is trimmed from '68' to '41' bits. [d:/GitHub/vivado/vivado/F_Quantization_W8A8/hls_w4a4/vivado_review/project/LeNet_W4A4_Review.gen/sources_1/bd/lenet_system/ipshared/30ee/hdl/verilog/lenet_w4a4_top_lenet_w4a4_top_Pipeline_POOL_CHANNEL_POOL_ROW_POOL_COL1.v:632]
WARNING: [Synth 8-3936] Found unconnected internal register 'mul_ln186_1_reg_1464_reg' and it is trimmed from '68' to '41' bits. [d:/GitHub/vivado/vivado/F_Quantization_W8A8/hls_w4a4/vivado_review/project/LeNet_W4A4_Review.gen/sources_1/bd/lenet_system/ipshared/30ee/hdl/verilog/lenet_w4a4_top_lenet_w4a4_top_Pipeline_POOL_CHANNEL_POOL_ROW_POOL_COL1.v:631]
WARNING: [Synth 8-3936] Found unconnected internal register 'mul_ln186_reg_1447_reg' and it is trimmed from '68' to '41' bits. [d:/GitHub/vivado/vivado/F_Quantization_W8A8/hls_w4a4/vivado_review/project/LeNet_W4A4_Review.gen/sources_1/bd/lenet_system/ipshared/30ee/hdl/verilog/lenet_w4a4_top_lenet_w4a4_top_Pipeline_POOL_CHANNEL_POOL_ROW_POOL_COL1.v:634]
WARNING: [Synth 8-3936] Found unconnected internal register 'product_V_reg_277_reg' and it is trimmed from '68' to '41' bits. [d:/GitHub/vivado/vivado/F_Quantization_W8A8/hls_w4a4/vivado_review/project/LeNet_W4A4_Review.gen/sources_1/bd/lenet_system/ipshared/30ee/hdl/verilog/lenet_w4a4_top_lenet_w4a4_top_Pipeline_REQUANT_VECTOR.v:250]
WARNING: [Synth 8-3936] Found unconnected internal register 'product_V_reg_277_reg' and it is trimmed from '69' to '41' bits. [d:/GitHub/vivado/vivado/F_Quantization_W8A8/hls_w4a4/vivado_review/project/LeNet_W4A4_Review.gen/sources_1/bd/lenet_system/ipshared/30ee/hdl/verilog/lenet_w4a4_top_lenet_w4a4_top_Pipeline_REQUANT_VECTOR3.v:260]
WARNING: [Synth 8-3936] Found unconnected internal register 'product_V_reg_313_reg' and it is trimmed from '68' to '41' bits. [d:/GitHub/vivado/vivado/F_Quantization_W8A8/hls_w4a4/vivado_review/project/LeNet_W4A4_Review.gen/sources_1/bd/lenet_system/ipshared/30ee/hdl/verilog/lenet_w4a4_top_lenet_w4a4_top_Pipeline_REQUANT_VECTOR5.v:280]
WARNING: [Synth 8-6014] Unused sequential element int_ap_done_reg was removed.  [d:/GitHub/vivado/vivado/F_Quantization_W8A8/hls_w4a4/vivado_review/project/LeNet_W4A4_Review.gen/sources_1/bd/lenet_system/ipshared/30ee/hdl/verilog/lenet_w4a4_top_control_s_axi.v:301]
WARNING: [Synth 8-7129] Port reset in module lenet_w4a4_top_mul_32ns_37ns_68_2_1 is either unconnected or has no load
WARNING: [Synth 8-7129] Port in_BUS_RID[0] in module lenet_w4a4_top_gmem2_m_axi_read is either unconnected or has no load
WARNING: [Synth 8-7129] Port in_BUS_RRESP[1] in module lenet_w4a4_top_gmem2_m_axi_read is either unconnected or has no load
WARNING: [Synth 8-7129] Port in_BUS_RRESP[0] in module lenet_w4a4_top_gmem2_m_axi_read is either unconnected or has no load
WARNING: [Synth 8-7129] Port in_BUS_RUSER[0] in module lenet_w4a4_top_gmem2_m_axi_read is either unconnected or has no load
WARNING: [Synth 8-7129] Port in_BUS_BID[0] in module lenet_w4a4_top_gmem2_m_axi_write is either unconnected or has no load
WARNING: [Synth 8-7129] Port in_BUS_BRESP[1] in module lenet_w4a4_top_gmem2_m_axi_write is either unconnected or has no load
WARNING: [Synth 8-7129] Port in_BUS_BRESP[0] in module lenet_w4a4_top_gmem2_m_axi_write is either unconnected or has no load
WARNING: [Synth 8-7129] Port in_BUS_BUSER[0] in module lenet_w4a4_top_gmem2_m_axi_write is either unconnected or has no load
WARNING: [Synth 8-7129] Port raddr[2] in module lenet_w4a4_top_gmem2_m_axi_srl is either unconnected or has no load
WARNING: [Synth 8-7129] Port raddr[2] in module lenet_w4a4_top_gmem2_m_axi_srl__parameterized1 is either unconnected or has no load
WARNING: [Synth 8-7129] Port in_BUS_RID[0] in module lenet_w4a4_top_gmem1_m_axi_read is either unconnected or has no load
WARNING: [Synth 8-7129] Port in_BUS_RRESP[1] in module lenet_w4a4_top_gmem1_m_axi_read is either unconnected or has no load
WARNING: [Synth 8-7129] Port in_BUS_RRESP[0] in module lenet_w4a4_top_gmem1_m_axi_read is either unconnected or has no load
WARNING: [Synth 8-7129] Port in_BUS_RUSER[0] in module lenet_w4a4_top_gmem1_m_axi_read is either unconnected or has no load
WARNING: [Synth 8-7129] Port in_BUS_BID[0] in module lenet_w4a4_top_gmem1_m_axi_write is either unconnected or has no load
WARNING: [Synth 8-7129] Port in_BUS_BRESP[1] in module lenet_w4a4_top_gmem1_m_axi_write is either unconnected or has no load
WARNING: [Synth 8-7129] Port in_BUS_BRESP[0] in module lenet_w4a4_top_gmem1_m_axi_write is either unconnected or has no load
WARNING: [Synth 8-7129] Port in_BUS_BUSER[0] in module lenet_w4a4_top_gmem1_m_axi_write is either unconnected or has no load
WARNING: [Synth 8-7129] Port raddr[2] in module lenet_w4a4_top_gmem1_m_axi_srl__parameterized0 is either unconnected or has no load
WARNING: [Synth 8-7129] Port raddr[2] in module lenet_w4a4_top_gmem1_m_axi_srl__parameterized2 is either unconnected or has no load
WARNING: [Synth 8-7129] Port in_BUS_RID[0] in module lenet_w4a4_top_gmem0_m_axi_read is either unconnected or has no load
WARNING: [Synth 8-7129] Port in_BUS_RRESP[1] in module lenet_w4a4_top_gmem0_m_axi_read is either unconnected or has no load
WARNING: [Synth 8-7129] Port in_BUS_RRESP[0] in module lenet_w4a4_top_gmem0_m_axi_read is either unconnected or has no load
WARNING: [Synth 8-7129] Port in_BUS_RUSER[0] in module lenet_w4a4_top_gmem0_m_axi_read is either unconnected or has no load
WARNING: [Synth 8-7129] Port in_BUS_BID[0] in module lenet_w4a4_top_gmem0_m_axi_write is either unconnected or has no load
WARNING: [Synth 8-7129] Port in_BUS_BRESP[1] in module lenet_w4a4_top_gmem0_m_axi_write is either unconnected or has no load
WARNING: [Synth 8-7129] Port in_BUS_BRESP[0] in module lenet_w4a4_top_gmem0_m_axi_write is either unconnected or has no load
WARNING: [Synth 8-7129] Port in_BUS_BUSER[0] in module lenet_w4a4_top_gmem0_m_axi_write is either unconnected or has no load
WARNING: [Synth 8-7129] Port raddr[2] in module lenet_w4a4_top_gmem0_m_axi_srl__parameterized0 is either unconnected or has no load
WARNING: [Synth 8-7129] Port raddr[2] in module lenet_w4a4_top_gmem0_m_axi_srl__parameterized2 is either unconnected or has no load
WARNING: [Synth 8-7129] Port m_axi_gmem2_AWREADY in module lenet_w4a4_top_lenet_w4a4_top_Pipeline_WRITE_LOGITS is either unconnected or has no load
WARNING: [Synth 8-7129] Port m_axi_gmem2_ARREADY in module lenet_w4a4_top_lenet_w4a4_top_Pipeline_WRITE_LOGITS is either unconnected or has no load
WARNING: [Synth 8-7129] Port m_axi_gmem2_RVALID in module lenet_w4a4_top_lenet_w4a4_top_Pipeline_WRITE_LOGITS is either unconnected or has no load
WARNING: [Synth 8-7129] Port m_axi_gmem2_RDATA[31] in module lenet_w4a4_top_lenet_w4a4_top_Pipeline_WRITE_LOGITS is either unconnected or has no load
WARNING: [Synth 8-7129] Port m_axi_gmem2_RDATA[30] in module lenet_w4a4_top_lenet_w4a4_top_Pipeline_WRITE_LOGITS is either unconnected or has no load
WARNING: [Synth 8-7129] Port m_axi_gmem2_RDATA[29] in module lenet_w4a4_top_lenet_w4a4_top_Pipeline_WRITE_LOGITS is either unconnected or has no load
WARNING: [Synth 8-7129] Port m_axi_gmem2_RDATA[28] in module lenet_w4a4_top_lenet_w4a4_top_Pipeline_WRITE_LOGITS is either unconnected or has no load
WARNING: [Synth 8-7129] Port m_axi_gmem2_RDATA[27] in module lenet_w4a4_top_lenet_w4a4_top_Pipeline_WRITE_LOGITS is either unconnected or has no load
WARNING: [Synth 8-7129] Port m_axi_gmem2_RDATA[26] in module lenet_w4a4_top_lenet_w4a4_top_Pipeline_WRITE_LOGITS is either unconnected or has no load
WARNING: [Synth 8-7129] Port m_axi_gmem2_RDATA[25] in module lenet_w4a4_top_lenet_w4a4_top_Pipeline_WRITE_LOGITS is either unconnected or has no load
WARNING: [Synth 8-7129] Port m_axi_gmem2_RDATA[24] in module lenet_w4a4_top_lenet_w4a4_top_Pipeline_WRITE_LOGITS is either unconnected or has no load
WARNING: [Synth 8-7129] Port m_axi_gmem2_RDATA[23] in module lenet_w4a4_top_lenet_w4a4_top_Pipeline_WRITE_LOGITS is either unconnected or has no load
WARNING: [Synth 8-7129] Port m_axi_gmem2_RDATA[22] in module lenet_w4a4_top_lenet_w4a4_top_Pipeline_WRITE_LOGITS is either unconnected or has no load
WARNING: [Synth 8-7129] Port m_axi_gmem2_RDATA[21] in module lenet_w4a4_top_lenet_w4a4_top_Pipeline_WRITE_LOGITS is either unconnected or has no load
WARNING: [Synth 8-7129] Port m_axi_gmem2_RDATA[20] in module lenet_w4a4_top_lenet_w4a4_top_Pipeline_WRITE_LOGITS is either unconnected or has no load
WARNING: [Synth 8-7129] Port m_axi_gmem2_RDATA[19] in module lenet_w4a4_top_lenet_w4a4_top_Pipeline_WRITE_LOGITS is either unconnected or has no load
WARNING: [Synth 8-7129] Port m_axi_gmem2_RDATA[18] in module lenet_w4a4_top_lenet_w4a4_top_Pipeline_WRITE_LOGITS is either unconnected or has no load
WARNING: [Synth 8-7129] Port m_axi_gmem2_RDATA[17] in module lenet_w4a4_top_lenet_w4a4_top_Pipeline_WRITE_LOGITS is either unconnected or has no load
WARNING: [Synth 8-7129] Port m_axi_gmem2_RDATA[16] in module lenet_w4a4_top_lenet_w4a4_top_Pipeline_WRITE_LOGITS is either unconnected or has no load
WARNING: [Synth 8-7129] Port m_axi_gmem2_RDATA[15] in module lenet_w4a4_top_lenet_w4a4_top_Pipeline_WRITE_LOGITS is either unconnected or has no load
WARNING: [Synth 8-7129] Port m_axi_gmem2_RDATA[14] in module lenet_w4a4_top_lenet_w4a4_top_Pipeline_WRITE_LOGITS is either unconnected or has no load
WARNING: [Synth 8-7129] Port m_axi_gmem2_RDATA[13] in module lenet_w4a4_top_lenet_w4a4_top_Pipeline_WRITE_LOGITS is either unconnected or has no load
WARNING: [Synth 8-7129] Port m_axi_gmem2_RDATA[12] in module lenet_w4a4_top_lenet_w4a4_top_Pipeline_WRITE_LOGITS is either unconnected or has no load
WARNING: [Synth 8-7129] Port m_axi_gmem2_RDATA[11] in module lenet_w4a4_top_lenet_w4a4_top_Pipeline_WRITE_LOGITS is either unconnected or has no load
WARNING: [Synth 8-7129] Port m_axi_gmem2_RDATA[10] in module lenet_w4a4_top_lenet_w4a4_top_Pipeline_WRITE_LOGITS is either unconnected or has no load
WARNING: [Synth 8-7129] Port m_axi_gmem2_RDATA[9] in module lenet_w4a4_top_lenet_w4a4_top_Pipeline_WRITE_LOGITS is either unconnected or has no load
WARNING: [Synth 8-7129] Port m_axi_gmem2_RDATA[8] in module lenet_w4a4_top_lenet_w4a4_top_Pipeline_WRITE_LOGITS is either unconnected or has no load
WARNING: [Synth 8-7129] Port m_axi_gmem2_RDATA[7] in module lenet_w4a4_top_lenet_w4a4_top_Pipeline_WRITE_LOGITS is either unconnected or has no load
WARNING: [Synth 8-7129] Port m_axi_gmem2_RDATA[6] in module lenet_w4a4_top_lenet_w4a4_top_Pipeline_WRITE_LOGITS is either unconnected or has no load
WARNING: [Synth 8-7129] Port m_axi_gmem2_RDATA[5] in module lenet_w4a4_top_lenet_w4a4_top_Pipeline_WRITE_LOGITS is either unconnected or has no load
WARNING: [Synth 8-7129] Port m_axi_gmem2_RDATA[4] in module lenet_w4a4_top_lenet_w4a4_top_Pipeline_WRITE_LOGITS is either unconnected or has no load
WARNING: [Synth 8-7129] Port m_axi_gmem2_RDATA[3] in module lenet_w4a4_top_lenet_w4a4_top_Pipeline_WRITE_LOGITS is either unconnected or has no load
WARNING: [Synth 8-7129] Port m_axi_gmem2_RDATA[2] in module lenet_w4a4_top_lenet_w4a4_top_Pipeline_WRITE_LOGITS is either unconnected or has no load
WARNING: [Synth 8-7129] Port m_axi_gmem2_RDATA[1] in module lenet_w4a4_top_lenet_w4a4_top_Pipeline_WRITE_LOGITS is either unconnected or has no load
WARNING: [Synth 8-7129] Port m_axi_gmem2_RDATA[0] in module lenet_w4a4_top_lenet_w4a4_top_Pipeline_WRITE_LOGITS is either unconnected or has no load
WARNING: [Synth 8-7129] Port m_axi_gmem2_RLAST in module lenet_w4a4_top_lenet_w4a4_top_Pipeline_WRITE_LOGITS is either unconnected or has no load
WARNING: [Synth 8-7129] Port m_axi_gmem2_RID[0] in module lenet_w4a4_top_lenet_w4a4_top_Pipeline_WRITE_LOGITS is either unconnected or has no load
WARNING: [Synth 8-7129] Port m_axi_gmem2_RFIFONUM[8] in module lenet_w4a4_top_lenet_w4a4_top_Pipeline_WRITE_LOGITS is either unconnected or has no load
WARNING: [Synth 8-7129] Port m_axi_gmem2_RFIFONUM[7] in module lenet_w4a4_top_lenet_w4a4_top_Pipeline_WRITE_LOGITS is either unconnected or has no load
WARNING: [Synth 8-7129] Port m_axi_gmem2_RFIFONUM[6] in module lenet_w4a4_top_lenet_w4a4_top_Pipeline_WRITE_LOGITS is either unconnected or has no load
WARNING: [Synth 8-7129] Port m_axi_gmem2_RFIFONUM[5] in module lenet_w4a4_top_lenet_w4a4_top_Pipeline_WRITE_LOGITS is either unconnected or has no load
WARNING: [Synth 8-7129] Port m_axi_gmem2_RFIFONUM[4] in module lenet_w4a4_top_lenet_w4a4_top_Pipeline_WRITE_LOGITS is either unconnected or has no load
WARNING: [Synth 8-7129] Port m_axi_gmem2_RFIFONUM[3] in module lenet_w4a4_top_lenet_w4a4_top_Pipeline_WRITE_LOGITS is either unconnected or has no load
WARNING: [Synth 8-7129] Port m_axi_gmem2_RFIFONUM[2] in module lenet_w4a4_top_lenet_w4a4_top_Pipeline_WRITE_LOGITS is either unconnected or has no load
WARNING: [Synth 8-7129] Port m_axi_gmem2_RFIFONUM[1] in module lenet_w4a4_top_lenet_w4a4_top_Pipeline_WRITE_LOGITS is either unconnected or has no load
WARNING: [Synth 8-7129] Port m_axi_gmem2_RFIFONUM[0] in module lenet_w4a4_top_lenet_w4a4_top_Pipeline_WRITE_LOGITS is either unconnected or has no load
WARNING: [Synth 8-7129] Port m_axi_gmem2_RUSER[0] in module lenet_w4a4_top_lenet_w4a4_top_Pipeline_WRITE_LOGITS is either unconnected or has no load
WARNING: [Synth 8-7129] Port m_axi_gmem2_RRESP[1] in module lenet_w4a4_top_lenet_w4a4_top_Pipeline_WRITE_LOGITS is either unconnected or has no load
WARNING: [Synth 8-7129] Port m_axi_gmem2_RRESP[0] in module lenet_w4a4_top_lenet_w4a4_top_Pipeline_WRITE_LOGITS is either unconnected or has no load
WARNING: [Synth 8-7129] Port m_axi_gmem2_BVALID in module lenet_w4a4_top_lenet_w4a4_top_Pipeline_WRITE_LOGITS is either unconnected or has no load
WARNING: [Synth 8-7129] Port m_axi_gmem2_BRESP[1] in module lenet_w4a4_top_lenet_w4a4_top_Pipeline_WRITE_LOGITS is either unconnected or has no load
WARNING: [Synth 8-7129] Port m_axi_gmem2_BRESP[0] in module lenet_w4a4_top_lenet_w4a4_top_Pipeline_WRITE_LOGITS is either unconnected or has no load
WARNING: [Synth 8-7129] Port m_axi_gmem2_BID[0] in module lenet_w4a4_top_lenet_w4a4_top_Pipeline_WRITE_LOGITS is either unconnected or has no load
WARNING: [Synth 8-7129] Port m_axi_gmem2_BUSER[0] in module lenet_w4a4_top_lenet_w4a4_top_Pipeline_WRITE_LOGITS is either unconnected or has no load
WARNING: [Synth 8-7129] Port sext_ln564[61] in module lenet_w4a4_top_lenet_w4a4_top_Pipeline_WRITE_LOGITS is either unconnected or has no load
WARNING: [Synth 8-7129] Port sext_ln564[60] in module lenet_w4a4_top_lenet_w4a4_top_Pipeline_WRITE_LOGITS is either unconnected or has no load
WARNING: [Synth 8-7129] Port sext_ln564[59] in module lenet_w4a4_top_lenet_w4a4_top_Pipeline_WRITE_LOGITS is either unconnected or has no load
WARNING: [Synth 8-7129] Port sext_ln564[58] in module lenet_w4a4_top_lenet_w4a4_top_Pipeline_WRITE_LOGITS is either unconnected or has no load
WARNING: [Synth 8-7129] Port sext_ln564[57] in module lenet_w4a4_top_lenet_w4a4_top_Pipeline_WRITE_LOGITS is either unconnected or has no load
WARNING: [Synth 8-7129] Port sext_ln564[56] in module lenet_w4a4_top_lenet_w4a4_top_Pipeline_WRITE_LOGITS is either unconnected or has no load
WARNING: [Synth 8-7129] Port sext_ln564[55] in module lenet_w4a4_top_lenet_w4a4_top_Pipeline_WRITE_LOGITS is either unconnected or has no load
WARNING: [Synth 8-7129] Port sext_ln564[54] in module lenet_w4a4_top_lenet_w4a4_top_Pipeline_WRITE_LOGITS is either unconnected or has no load
WARNING: [Synth 8-7129] Port sext_ln564[53] in module lenet_w4a4_top_lenet_w4a4_top_Pipeline_WRITE_LOGITS is either unconnected or has no load
WARNING: [Synth 8-7129] Port sext_ln564[52] in module lenet_w4a4_top_lenet_w4a4_top_Pipeline_WRITE_LOGITS is either unconnected or has no load
WARNING: [Synth 8-7129] Port sext_ln564[51] in module lenet_w4a4_top_lenet_w4a4_top_Pipeline_WRITE_LOGITS is either unconnected or has no load
WARNING: [Synth 8-7129] Port sext_ln564[50] in module lenet_w4a4_top_lenet_w4a4_top_Pipeline_WRITE_LOGITS is either unconnected or has no load
WARNING: [Synth 8-7129] Port sext_ln564[49] in module lenet_w4a4_top_lenet_w4a4_top_Pipeline_WRITE_LOGITS is either unconnected or has no load
WARNING: [Synth 8-7129] Port sext_ln564[48] in module lenet_w4a4_top_lenet_w4a4_top_Pipeline_WRITE_LOGITS is either unconnected or has no load
WARNING: [Synth 8-7129] Port sext_ln564[47] in module lenet_w4a4_top_lenet_w4a4_top_Pipeline_WRITE_LOGITS is either unconnected or has no load
INFO: [Common 17-14] Message 'Synth 8-7129' appears 100 times and further instances of the messages will be disabled. Use the Tcl command set_msg_config to change the current settings.
---------------------------------------------------------------------------------
Finished RTL Elaboration : Time (s): cpu = 00:00:07 ; elapsed = 00:00:07 . Memory (MB): peak = 2085.699 ; gain = 640.797
---------------------------------------------------------------------------------
---------------------------------------------------------------------------------
Start Handling Custom Attributes
---------------------------------------------------------------------------------
---------------------------------------------------------------------------------
Finished Handling Custom Attributes : Time (s): cpu = 00:00:07 ; elapsed = 00:00:08 . Memory (MB): peak = 2085.699 ; gain = 640.797
---------------------------------------------------------------------------------
---------------------------------------------------------------------------------
Finished RTL Optimization Phase 1 : Time (s): cpu = 00:00:07 ; elapsed = 00:00:08 . Memory (MB): peak = 2085.699 ; gain = 640.797
---------------------------------------------------------------------------------
Netlist sorting complete. Time (s): cpu = 00:00:01 ; elapsed = 00:00:00.286 . Memory (MB): peak = 2085.699 ; gain = 0.000
INFO: [Project 1-570] Preparing netlist for logic optimization

Processing XDC Constraints
Initializing timing engine
Parsing XDC File [d:/GitHub/vivado/vivado/F_Quantization_W8A8/hls_w4a4/vivado_review/project/LeNet_W4A4_Review.gen/sources_1/bd/lenet_system/ip/lenet_system_lenet_w4a4_top_0_0/constraints/lenet_w4a4_top_ooc.xdc] for cell 'inst'
Finished Parsing XDC File [d:/GitHub/vivado/vivado/F_Quantization_W8A8/hls_w4a4/vivado_review/project/LeNet_W4A4_Review.gen/sources_1/bd/lenet_system/ip/lenet_system_lenet_w4a4_top_0_0/constraints/lenet_w4a4_top_ooc.xdc] for cell 'inst'
Parsing XDC File [D:/GitHub/vivado/vivado/F_Quantization_W8A8/hls_w4a4/vivado_review/project/LeNet_W4A4_Review.runs/lenet_system_lenet_w4a4_top_0_0_synth_1/dont_touch.xdc]
Finished Parsing XDC File [D:/GitHub/vivado/vivado/F_Quantization_W8A8/hls_w4a4/vivado_review/project/LeNet_W4A4_Review.runs/lenet_system_lenet_w4a4_top_0_0_synth_1/dont_touch.xdc]
Completed Processing XDC Constraints

Netlist sorting complete. Time (s): cpu = 00:00:00 ; elapsed = 00:00:00.006 . Memory (MB): peak = 2181.246 ; gain = 0.000
INFO: [Project 1-111] Unisim Transformation Summary:
No Unisim elements were transformed.

Constraint Validation Runtime : Time (s): cpu = 00:00:00 ; elapsed = 00:00:00.348 . Memory (MB): peak = 2184.848 ; gain = 3.602
INFO: [Designutils 20-5008] Incremental synthesis strategy off
INFO: [Synth 8-11241] undeclared symbol 'REGCCE', assumed default net type 'wire' [D:/Xilinx/Vivado/2022.2/data/verilog/src/unimacro/BRAM_SINGLE_MACRO.v:2170]
---------------------------------------------------------------------------------
Finished Constraint Validation : Time (s): cpu = 00:00:16 ; elapsed = 00:00:17 . Memory (MB): peak = 2184.848 ; gain = 739.945
---------------------------------------------------------------------------------
---------------------------------------------------------------------------------
Start Loading Part and Timing Information
---------------------------------------------------------------------------------
Loading part: xc7z020clg400-1
---------------------------------------------------------------------------------
Finished Loading Part and Timing Information : Time (s): cpu = 00:00:16 ; elapsed = 00:00:17 . Memory (MB): peak = 2184.848 ; gain = 739.945
---------------------------------------------------------------------------------
---------------------------------------------------------------------------------
Start Applying 'set_property' XDC Constraints
---------------------------------------------------------------------------------
Applied set_property KEEP_HIERARCHY = SOFT for inst. (constraint file  D:/GitHub/vivado/vivado/F_Quantization_W8A8/hls_w4a4/vivado_review/project/LeNet_W4A4_Review.runs/lenet_system_lenet_w4a4_top_0_0_synth_1/dont_touch.xdc, line 9).
---------------------------------------------------------------------------------
Finished applying 'set_property' XDC Constraints : Time (s): cpu = 00:00:16 ; elapsed = 00:00:17 . Memory (MB): peak = 2184.848 ; gain = 739.945
---------------------------------------------------------------------------------
WARNING: [Synth 8-3936] Found unconnected internal register 'index_2_reg_185_pp0_iter8_reg_reg' and it is trimmed from '11' to '10' bits. [d:/GitHub/vivado/vivado/F_Quantization_W8A8/hls_w4a4/vivado_review/project/LeNet_W4A4_Review.gen/sources_1/bd/lenet_system/ipshared/30ee/hdl/verilog/lenet_w4a4_top_lenet_w4a4_top_Pipeline_UNPACK_INPUT.v:381]
WARNING: [Synth 8-3936] Found unconnected internal register 'index_2_reg_185_pp0_iter7_reg_reg' and it is trimmed from '11' to '10' bits. [d:/GitHub/vivado/vivado/F_Quantization_W8A8/hls_w4a4/vivado_review/project/LeNet_W4A4_Review.gen/sources_1/bd/lenet_system/ipshared/30ee/hdl/verilog/lenet_w4a4_top_lenet_w4a4_top_Pipeline_UNPACK_INPUT.v:380]
WARNING: [Synth 8-3936] Found unconnected internal register 'index_2_reg_185_pp0_iter6_reg_reg' and it is trimmed from '11' to '10' bits. [d:/GitHub/vivado/vivado/F_Quantization_W8A8/hls_w4a4/vivado_review/project/LeNet_W4A4_Review.gen/sources_1/bd/lenet_system/ipshared/30ee/hdl/verilog/lenet_w4a4_top_lenet_w4a4_top_Pipeline_UNPACK_INPUT.v:379]
WARNING: [Synth 8-3936] Found unconnected internal register 'index_2_reg_185_pp0_iter5_reg_reg' and it is trimmed from '11' to '10' bits. [d:/GitHub/vivado/vivado/F_Quantization_W8A8/hls_w4a4/vivado_review/project/LeNet_W4A4_Review.gen/sources_1/bd/lenet_system/ipshared/30ee/hdl/verilog/lenet_w4a4_top_lenet_w4a4_top_Pipeline_UNPACK_INPUT.v:378]
WARNING: [Synth 8-3936] Found unconnected internal register 'index_2_reg_185_pp0_iter4_reg_reg' and it is trimmed from '11' to '10' bits. [d:/GitHub/vivado/vivado/F_Quantization_W8A8/hls_w4a4/vivado_review/project/LeNet_W4A4_Review.gen/sources_1/bd/lenet_system/ipshared/30ee/hdl/verilog/lenet_w4a4_top_lenet_w4a4_top_Pipeline_UNPACK_INPUT.v:377]
WARNING: [Synth 8-3936] Found unconnected internal register 'index_2_reg_185_pp0_iter3_reg_reg' and it is trimmed from '11' to '10' bits. [d:/GitHub/vivado/vivado/F_Quantization_W8A8/hls_w4a4/vivado_review/project/LeNet_W4A4_Review.gen/sources_1/bd/lenet_system/ipshared/30ee/hdl/verilog/lenet_w4a4_top_lenet_w4a4_top_Pipeline_UNPACK_INPUT.v:376]
WARNING: [Synth 8-3936] Found unconnected internal register 'index_2_reg_185_pp0_iter2_reg_reg' and it is trimmed from '11' to '10' bits. [d:/GitHub/vivado/vivado/F_Quantization_W8A8/hls_w4a4/vivado_review/project/LeNet_W4A4_Review.gen/sources_1/bd/lenet_system/ipshared/30ee/hdl/verilog/lenet_w4a4_top_lenet_w4a4_top_Pipeline_UNPACK_INPUT.v:375]
WARNING: [Synth 8-3936] Found unconnected internal register 'index_2_reg_185_pp0_iter1_reg_reg' and it is trimmed from '11' to '10' bits. [d:/GitHub/vivado/vivado/F_Quantization_W8A8/hls_w4a4/vivado_review/project/LeNet_W4A4_Review.gen/sources_1/bd/lenet_system/ipshared/30ee/hdl/verilog/lenet_w4a4_top_lenet_w4a4_top_Pipeline_UNPACK_INPUT.v:363]
WARNING: [Synth 8-3936] Found unconnected internal register 'index_2_reg_185_reg' and it is trimmed from '11' to '10' bits. [d:/GitHub/vivado/vivado/F_Quantization_W8A8/hls_w4a4/vivado_review/project/LeNet_W4A4_Review.gen/sources_1/bd/lenet_system/ipshared/30ee/hdl/verilog/lenet_w4a4_top_lenet_w4a4_top_Pipeline_UNPACK_INPUT.v:362]
INFO: [Synth 8-4490] FSM extraction disabled for register 'ap_CS_fsm_reg' through user attribute
INFO: [Synth 8-4490] FSM extraction disabled for register 'ap_CS_fsm_reg' through user attribute
INFO: [Synth 8-802] inferred FSM for state register 'wstate_reg' in module 'lenet_w4a4_top_control_s_axi'
INFO: [Synth 8-802] inferred FSM for state register 'rstate_reg' in module 'lenet_w4a4_top_control_s_axi'
INFO: [Synth 8-802] inferred FSM for state register 'state_reg' in module 'lenet_w4a4_top_gmem0_m_axi_reg_slice'
INFO: [Synth 8-802] inferred FSM for state register 'state_reg' in module 'lenet_w4a4_top_gmem0_m_axi_reg_slice__parameterized0'
INFO: [Synth 8-802] inferred FSM for state register 'state_reg' in module 'lenet_w4a4_top_gmem0_m_axi_reg_slice__parameterized1'
INFO: [Synth 8-802] inferred FSM for state register 'state_reg' in module 'lenet_w4a4_top_gmem0_m_axi_reg_slice__parameterized2'
INFO: [Synth 8-802] inferred FSM for state register 'state_reg' in module 'lenet_w4a4_top_gmem1_m_axi_reg_slice'
INFO: [Synth 8-802] inferred FSM for state register 'state_reg' in module 'lenet_w4a4_top_gmem1_m_axi_reg_slice__parameterized0'
INFO: [Synth 8-802] inferred FSM for state register 'state_reg' in module 'lenet_w4a4_top_gmem1_m_axi_reg_slice__parameterized1'
INFO: [Synth 8-802] inferred FSM for state register 'state_reg' in module 'lenet_w4a4_top_gmem1_m_axi_reg_slice__parameterized2'
INFO: [Synth 8-802] inferred FSM for state register 'state_reg' in module 'lenet_w4a4_top_gmem2_m_axi_reg_slice'
INFO: [Synth 8-802] inferred FSM for state register 'state_reg' in module 'lenet_w4a4_top_gmem2_m_axi_reg_slice__parameterized0'
INFO: [Synth 8-802] inferred FSM for state register 'state_reg' in module 'lenet_w4a4_top_gmem2_m_axi_reg_slice__parameterized1'
INFO: [Synth 8-802] inferred FSM for state register 'state_reg' in module 'lenet_w4a4_top_gmem2_m_axi_reg_slice__parameterized2'
INFO: [Synth 8-4490] FSM extraction disabled for register 'ap_CS_fsm_reg' through user attribute
INFO: [Synth 8-4490] FSM extraction disabled for register 'ap_CS_fsm_reg' through user attribute
---------------------------------------------------------------------------------------------------
                   State |                     New Encoding |                Previous Encoding 
---------------------------------------------------------------------------------------------------
                  iSTATE |                             0001 |                               11
*
                  WRIDLE |                             0010 |                               00
                  WRDATA |                             0100 |                               01
                  WRRESP |                             1000 |                               10
---------------------------------------------------------------------------------------------------
INFO: [Synth 8-3354] encoded FSM with state register 'wstate_reg' using encoding 'one-hot' in module 'lenet_w4a4_top_control_s_axi'
---------------------------------------------------------------------------------------------------
                   State |                     New Encoding |                Previous Encoding 
---------------------------------------------------------------------------------------------------
                  iSTATE |                              001 |                               10
*
                  RDIDLE |                              010 |                               00
                  RDDATA |                              100 |                               01
---------------------------------------------------------------------------------------------------
INFO: [Synth 8-3354] encoded FSM with state register 'rstate_reg' using encoding 'one-hot' in module 'lenet_w4a4_top_control_s_axi'
INFO: [Synth 8-7082] The signal mem_reg is implemented as Block RAM but is better mapped onto distributed LUT RAM for the following reason(s): The depth (6 address bits) is shallow. Please use attribute (* ram_style = "distributed" *) to instruct Vivado to infer distributed LUT RAM.
---------------------------------------------------------------------------------------------------
                   State |                     New Encoding |                Previous Encoding 
---------------------------------------------------------------------------------------------------
                    ZERO |                               00 |                               10
                     ONE |                               10 |                               11
                     TWO |                               01 |                               01
---------------------------------------------------------------------------------------------------
INFO: [Synth 8-3354] encoded FSM with state register 'state_reg' using encoding 'sequential' in module 'lenet_w4a4_top_gmem0_m_axi_reg_slice'
---------------------------------------------------------------------------------------------------
                   State |                     New Encoding |                Previous Encoding 
---------------------------------------------------------------------------------------------------
                    ZERO |                               00 |                               10
                     ONE |                               10 |                               11
                     TWO |                               01 |                               01
---------------------------------------------------------------------------------------------------
INFO: [Synth 8-3354] encoded FSM with state register 'state_reg' using encoding 'sequential' in module 'lenet_w4a4_top_gmem0_m_axi_reg_slice__parameterized0'
---------------------------------------------------------------------------------------------------
                   State |                     New Encoding |                Previous Encoding 
---------------------------------------------------------------------------------------------------
                    ZERO |                               00 |                               10
                     ONE |                               10 |                               11
                     TWO |                               01 |                               01
---------------------------------------------------------------------------------------------------
INFO: [Synth 8-3354] encoded FSM with state register 'state_reg' using encoding 'sequential' in module 'lenet_w4a4_top_gmem0_m_axi_reg_slice__parameterized1'
---------------------------------------------------------------------------------------------------
                   State |                     New Encoding |                Previous Encoding 
---------------------------------------------------------------------------------------------------
                    ZERO |                               00 |                               10
                     ONE |                               10 |                               11
                     TWO |                               01 |                               01
---------------------------------------------------------------------------------------------------
INFO: [Synth 8-3354] encoded FSM with state register 'state_reg' using encoding 'sequential' in module 'lenet_w4a4_top_gmem0_m_axi_reg_slice__parameterized2'
INFO: [Synth 8-7082] The signal mem_reg is implemented as Block RAM but is better mapped onto distributed LUT RAM for the following reason(s): The depth (6 address bits) is shallow. Please use attribute (* ram_style = "distributed" *) to instruct Vivado to infer distributed LUT RAM.
---------------------------------------------------------------------------------------------------
                   State |                     New Encoding |                Previous Encoding 
---------------------------------------------------------------------------------------------------
                    ZERO |                               00 |                               10
                     ONE |                               10 |                               11
                     TWO |                               01 |                               01
---------------------------------------------------------------------------------------------------
INFO: [Synth 8-3354] encoded FSM with state register 'state_reg' using encoding 'sequential' in module 'lenet_w4a4_top_gmem1_m_axi_reg_slice'
---------------------------------------------------------------------------------------------------
                   State |                     New Encoding |                Previous Encoding 
---------------------------------------------------------------------------------------------------
                    ZERO |                               00 |                               10
                     ONE |                               10 |                               11
                     TWO |                               01 |                               01
---------------------------------------------------------------------------------------------------
INFO: [Synth 8-3354] encoded FSM with state register 'state_reg' using encoding 'sequential' in module 'lenet_w4a4_top_gmem1_m_axi_reg_slice__parameterized0'
---------------------------------------------------------------------------------------------------
                   State |                     New Encoding |                Previous Encoding 
---------------------------------------------------------------------------------------------------
                    ZERO |                               00 |                               10
                     ONE |                               10 |                               11
                     TWO |                               01 |                               01
---------------------------------------------------------------------------------------------------
INFO: [Synth 8-3354] encoded FSM with state register 'state_reg' using encoding 'sequential' in module 'lenet_w4a4_top_gmem1_m_axi_reg_slice__parameterized1'
---------------------------------------------------------------------------------------------------
                   State |                     New Encoding |                Previous Encoding 
---------------------------------------------------------------------------------------------------
                    ZERO |                               00 |                               10
                     ONE |                               10 |                               11
                     TWO |                               01 |                               01
---------------------------------------------------------------------------------------------------
INFO: [Synth 8-3354] encoded FSM with state register 'state_reg' using encoding 'sequential' in module 'lenet_w4a4_top_gmem1_m_axi_reg_slice__parameterized2'
INFO: [Synth 8-7082] The signal mem_reg is implemented as Block RAM but is better mapped onto distributed LUT RAM for the following reason(s): The depth (4 address bits) is shallow. Please use attribute (* ram_style = "distributed" *) to instruct Vivado to infer distributed LUT RAM.
---------------------------------------------------------------------------------------------------
                   State |                     New Encoding |                Previous Encoding 
---------------------------------------------------------------------------------------------------
                    ZERO |                               00 |                               10
                     ONE |                               10 |                               11
                     TWO |                               01 |                               01
---------------------------------------------------------------------------------------------------
INFO: [Synth 8-3354] encoded FSM with state register 'state_reg' using encoding 'sequential' in module 'lenet_w4a4_top_gmem2_m_axi_reg_slice'
---------------------------------------------------------------------------------------------------
                   State |                     New Encoding |                Previous Encoding 
---------------------------------------------------------------------------------------------------
                    ZERO |                               00 |                               10
                     ONE |                               10 |                               11
                     TWO |                               01 |                               01
---------------------------------------------------------------------------------------------------
INFO: [Synth 8-3354] encoded FSM with state register 'state_reg' using encoding 'sequential' in module 'lenet_w4a4_top_gmem2_m_axi_reg_slice__parameterized0'
---------------------------------------------------------------------------------------------------
                   State |                     New Encoding |                Previous Encoding 
---------------------------------------------------------------------------------------------------
                    ZERO |                               00 |                               10
                     ONE |                               10 |                               11
                     TWO |                               01 |                               01
---------------------------------------------------------------------------------------------------
INFO: [Synth 8-3354] encoded FSM with state register 'state_reg' using encoding 'sequential' in module 'lenet_w4a4_top_gmem2_m_axi_reg_slice__parameterized1'
---------------------------------------------------------------------------------------------------
                   State |                     New Encoding |                Previous Encoding 
---------------------------------------------------------------------------------------------------
                    ZERO |                               00 |                               10
                     ONE |                               10 |                               11
                     TWO |                               01 |                               01
---------------------------------------------------------------------------------------------------
INFO: [Synth 8-3354] encoded FSM with state register 'state_reg' using encoding 'sequential' in module 'lenet_w4a4_top_gmem2_m_axi_reg_slice__parameterized2'
---------------------------------------------------------------------------------
Finished RTL Optimization Phase 2 : Time (s): cpu = 00:00:18 ; elapsed = 00:00:21 . Memory (MB): peak = 2184.848 ; gain = 739.945
---------------------------------------------------------------------------------
---------------------------------------------------------------------------------
Start RTL Component Statistics 
---------------------------------------------------------------------------------
Detailed RTL Component Info : 
+---Adders : 
	   2 Input   64 Bit       Adders := 42    
	   2 Input   52 Bit       Adders := 6     
	   2 Input   32 Bit       Adders := 8     
	   2 Input   29 Bit       Adders := 2     
	   2 Input   28 Bit       Adders := 6     
	   2 Input   27 Bit       Adders := 4     
	   3 Input   16 Bit       Adders := 1     
	   4 Input   15 Bit       Adders := 1     
	   2 Input   15 Bit       Adders := 1     
	   2 Input   14 Bit       Adders := 4     
	   2 Input   13 Bit       Adders := 1     
	   4 Input   13 Bit       Adders := 3     
	   3 Input   13 Bit       Adders := 1     
	   2 Input   12 Bit       Adders := 7     
	   2 Input   11 Bit       Adders := 15    
	   4 Input   11 Bit       Adders := 2     
	   3 Input   11 Bit       Adders := 1     
	   2 Input   10 Bit       Adders := 25    
	   3 Input   10 Bit       Adders := 1     
	   3 Input    9 Bit       Adders := 4     
	   2 Input    9 Bit       Adders := 23    
	   4 Input    9 Bit       Adders := 1     
	   2 Input    8 Bit       Adders := 66    
	   3 Input    8 Bit       Adders := 6     
	   2 Input    7 Bit       Adders := 19    
	   2 Input    6 Bit       Adders := 16    
	   2 Input    5 Bit       Adders := 85    
	   2 Input    4 Bit       Adders := 55    
	   2 Input    3 Bit       Adders := 33    
	   3 Input    3 Bit       Adders := 2     
	   2 Input    2 Bit       Adders := 6     
+---XORs : 
	   2 Input      1 Bit         XORs := 18    
+---Registers : 
	               96 Bit    Registers := 18    
	               72 Bit    Registers := 9     
	               69 Bit    Registers := 1     
	               68 Bit    Registers := 4     
	               67 Bit    Registers := 4     
	               64 Bit    Registers := 63    
	               62 Bit    Registers := 1     
	               52 Bit    Registers := 6     
	               41 Bit    Registers := 11    
	               40 Bit    Registers := 11    
	               37 Bit    Registers := 3     
	               36 Bit    Registers := 1     
	               34 Bit    Registers := 5     
	               33 Bit    Registers := 6     
	               32 Bit    Registers := 18    
	               29 Bit    Registers := 3     
	               28 Bit    Registers := 7     
	               27 Bit    Registers := 4     
	               25 Bit    Registers := 1     
	               18 Bit    Registers := 21    
	               16 Bit    Registers := 3     
	               15 Bit    Registers := 11    
	               14 Bit    Registers := 8     
	               13 Bit    Registers := 4     
	               12 Bit    Registers := 9     
	               11 Bit    Registers := 22    
	               10 Bit    Registers := 34    
	                9 Bit    Registers := 26    
	                8 Bit    Registers := 49    
	                7 Bit    Registers := 66    
	                6 Bit    Registers := 16    
	                5 Bit    Registers := 49    
	                4 Bit    Registers := 179   
	                3 Bit    Registers := 62    
	                2 Bit    Registers := 20    
	                1 Bit    Registers := 666   
+---Multipliers : 
	              32x38  Multipliers := 1     
	              32x37  Multipliers := 4     
	              32x36  Multipliers := 4     
+---RAMs : 
	              55K Bit	(4704 X 12 bit)          RAMs := 3     
	              23K Bit	(1600 X 15 bit)          RAMs := 3     
	               8K Bit	(255 X 34 bit)          RAMs := 3     
	               4K Bit	(1024 X 4 bit)          RAMs := 1     
	               3K Bit	(1176 X 3 bit)          RAMs := 1     
	               1K Bit	(400 X 3 bit)          RAMs := 1     
	               1K Bit	(120 X 16 bit)          RAMs := 1     
	               1K Bit	(84 X 14 bit)          RAMs := 1     
	              567 Bit	(63 X 9 bit)          RAMs := 2     
	              540 Bit	(15 X 36 bit)          RAMs := 1     
	              360 Bit	(120 X 3 bit)          RAMs := 1     
	              252 Bit	(84 X 3 bit)          RAMs := 1     
	              140 Bit	(10 X 14 bit)          RAMs := 1     
	               40 Bit	(10 X 4 bit)          RAMs := 1     
+---Muxes : 
	   2 Input   96 Bit        Muxes := 6     
	   2 Input   72 Bit        Muxes := 3     
	   2 Input   64 Bit        Muxes := 25    
	   2 Input   52 Bit        Muxes := 6     
	   2 Input   37 Bit        Muxes := 2     
	   2 Input   33 Bit        Muxes := 3     
	  11 Input   32 Bit        Muxes := 1     
	   2 Input   32 Bit        Muxes := 13    
	   2 Input   29 Bit        Muxes := 3     
	   2 Input   25 Bit        Muxes := 3     
	   2 Input   24 Bit        Muxes := 1     
	   2 Input   23 Bit        Muxes := 2     
	   2 Input   22 Bit        Muxes := 1     
	   2 Input   21 Bit        Muxes := 2     
	   3 Input   20 Bit        Muxes := 1     
	   2 Input   19 Bit        Muxes := 2     
	   2 Input   18 Bit        Muxes := 1     
	   2 Input   17 Bit        Muxes := 2     
	   2 Input   16 Bit        Muxes := 2     
	   2 Input   15 Bit        Muxes := 5     
	   2 Input   14 Bit        Muxes := 9     
	   2 Input   13 Bit        Muxes := 20    
	   2 Input   12 Bit        Muxes := 1     
	   4 Input   12 Bit        Muxes := 6     
	   2 Input   11 Bit        Muxes := 17    
	   2 Input   10 Bit        Muxes := 16    
	   5 Input   10 Bit        Muxes := 1     
	   2 Input    9 Bit        Muxes := 11    
	   2 Input    8 Bit        Muxes := 27    
	   4 Input    8 Bit        Muxes := 6     
	   2 Input    7 Bit        Muxes := 42    
	   2 Input    6 Bit        Muxes := 19    
	   2 Input    5 Bit        Muxes := 74    
	   2 Input    4 Bit        Muxes := 79    
	   4 Input    4 Bit        Muxes := 1     
	   3 Input    4 Bit        Muxes := 2     
	   2 Input    3 Bit        Muxes := 47    
	   3 Input    3 Bit        Muxes := 5     
	   5 Input    3 Bit        Muxes := 2     
	   4 Input    3 Bit        Muxes := 2     
	   2 Input    2 Bit        Muxes := 200   
	   3 Input    2 Bit        Muxes := 45    
	   4 Input    2 Bit        Muxes := 15    
	   5 Input    2 Bit        Muxes := 2     
	   2 Input    1 Bit        Muxes := 447   
	   4 Input    1 Bit        Muxes := 2     
---------------------------------------------------------------------------------
Finished RTL Component Statistics 
---------------------------------------------------------------------------------
---------------------------------------------------------------------------------
Start Part Resource Summary
---------------------------------------------------------------------------------
Part Resources:
DSPs: 220 (col length:60)
BRAMs: 280 (col length: RAMB18 60 RAMB36 30)
---------------------------------------------------------------------------------
Finished Part Resource Summary
---------------------------------------------------------------------------------
---------------------------------------------------------------------------------
Start Cross Boundary and Area Optimization
---------------------------------------------------------------------------------
WARNING: [Synth 8-7080] Parallel synthesis criteria is not met
WARNING: [Synth 8-3936] Found unconnected internal register 'mac_muladd_4s_4s_9s_9_4_1_U14/lenet_w4a4_top_mac_muladd_4s_4s_9s_9_4_1_DSP48_1_U/p_reg_reg' and it is trimmed from '44' to '9' bits. [d:/GitHub/vivado/vivado/F_Quantization_W8A8/hls_w4a4/vivado_review/project/LeNet_W4A4_Review.gen/sources_1/bd/lenet_system/ipshared/30ee/hdl/verilog/lenet_w4a4_top_mac_muladd_4s_4s_9s_9_4_1.v:39]
WARNING: [Synth 8-3936] Found unconnected internal register 'mac_muladd_4s_4s_8s_9_4_1_U13/lenet_w4a4_top_mac_muladd_4s_4s_8s_9_4_1_DSP48_0_U/p_reg_reg' and it is trimmed from '44' to '9' bits. [d:/GitHub/vivado/vivado/F_Quantization_W8A8/hls_w4a4/vivado_review/project/LeNet_W4A4_Review.gen/sources_1/bd/lenet_system/ipshared/30ee/hdl/verilog/lenet_w4a4_top_mac_muladd_4s_4s_8s_9_4_1.v:39]
WARNING: [Synth 8-3936] Found unconnected internal register 'mac_muladd_4s_4s_8s_9_4_1_U13/lenet_w4a4_top_mac_muladd_4s_4s_8s_9_4_1_DSP48_0_U/m_reg_reg' and it is trimmed from '43' to '9' bits. [d:/GitHub/vivado/vivado/F_Quantization_W8A8/hls_w4a4/vivado_review/project/LeNet_W4A4_Review.gen/sources_1/bd/lenet_system/ipshared/30ee/hdl/verilog/lenet_w4a4_top_mac_muladd_4s_4s_8s_9_4_1.v:32]
WARNING: [Synth 8-3936] Found unconnected internal register 'mac_muladd_4s_4s_8s_9_4_1_U13/lenet_w4a4_top_mac_muladd_4s_4s_8s_9_4_1_DSP48_0_U/a_reg_reg' and it is trimmed from '25' to '9' bits. [d:/GitHub/vivado/vivado/F_Quantization_W8A8/hls_w4a4/vivado_review/project/LeNet_W4A4_Review.gen/sources_1/bd/lenet_system/ipshared/30ee/hdl/verilog/lenet_w4a4_top_mac_muladd_4s_4s_8s_9_4_1.v:31]
WARNING: [Synth 8-3936] Found unconnected internal register 'mac_muladd_4s_4s_8s_9_4_1_U13/lenet_w4a4_top_mac_muladd_4s_4s_8s_9_4_1_DSP48_0_U/b_reg_reg' and it is trimmed from '18' to '9' bits. [d:/GitHub/vivado/vivado/F_Quantization_W8A8/hls_w4a4/vivado_review/project/LeNet_W4A4_Review.gen/sources_1/bd/lenet_system/ipshared/30ee/hdl/verilog/lenet_w4a4_top_mac_muladd_4s_4s_8s_9_4_1.v:31]
WARNING: [Synth 8-3936] Found unconnected internal register 'mac_muladd_4s_4s_9s_9_4_1_U14/lenet_w4a4_top_mac_muladd_4s_4s_9s_9_4_1_DSP48_1_U/m_reg_reg' and it is trimmed from '43' to '9' bits. [d:/GitHub/vivado/vivado/F_Quantization_W8A8/hls_w4a4/vivado_review/project/LeNet_W4A4_Review.gen/sources_1/bd/lenet_system/ipshared/30ee/hdl/verilog/lenet_w4a4_top_mac_muladd_4s_4s_9s_9_4_1.v:32]
WARNING: [Synth 8-3936] Found unconnected internal register 'mac_muladd_4s_4s_9s_9_4_1_U14/lenet_w4a4_top_mac_muladd_4s_4s_9s_9_4_1_DSP48_1_U/a_reg_reg' and it is trimmed from '25' to '9' bits. [d:/GitHub/vivado/vivado/F_Quantization_W8A8/hls_w4a4/vivado_review/project/LeNet_W4A4_Review.gen/sources_1/bd/lenet_system/ipshared/30ee/hdl/verilog/lenet_w4a4_top_mac_muladd_4s_4s_9s_9_4_1.v:31]
WARNING: [Synth 8-3936] Found unconnected internal register 'mac_muladd_4s_4s_9s_9_4_1_U14/lenet_w4a4_top_mac_muladd_4s_4s_9s_9_4_1_DSP48_1_U/b_reg_reg' and it is trimmed from '18' to '9' bits. [d:/GitHub/vivado/vivado/F_Quantization_W8A8/hls_w4a4/vivado_review/project/LeNet_W4A4_Review.gen/sources_1/bd/lenet_system/ipshared/30ee/hdl/verilog/lenet_w4a4_top_mac_muladd_4s_4s_9s_9_4_1.v:31]
WARNING: [Synth 8-3936] Found unconnected internal register 'mac_muladd_4s_4s_9s_9_4_1_U16/lenet_w4a4_top_mac_muladd_4s_4s_9s_9_4_1_DSP48_1_U/p_reg_reg' and it is trimmed from '44' to '9' bits. [d:/GitHub/vivado/vivado/F_Quantization_W8A8/hls_w4a4/vivado_review/project/LeNet_W4A4_Review.gen/sources_1/bd/lenet_system/ipshared/30ee/hdl/verilog/lenet_w4a4_top_mac_muladd_4s_4s_9s_9_4_1.v:39]
WARNING: [Synth 8-3936] Found unconnected internal register 'mac_muladd_4s_4s_8s_9_4_1_U15/lenet_w4a4_top_mac_muladd_4s_4s_8s_9_4_1_DSP48_0_U/p_reg_reg' and it is trimmed from '44' to '9' bits. [d:/GitHub/vivado/vivado/F_Quantization_W8A8/hls_w4a4/vivado_review/project/LeNet_W4A4_Review.gen/sources_1/bd/lenet_system/ipshared/30ee/hdl/verilog/lenet_w4a4_top_mac_muladd_4s_4s_8s_9_4_1.v:39]
WARNING: [Synth 8-3936] Found unconnected internal register 'mac_muladd_4s_4s_8s_9_4_1_U15/lenet_w4a4_top_mac_muladd_4s_4s_8s_9_4_1_DSP48_0_U/m_reg_reg' and it is trimmed from '43' to '9' bits. [d:/GitHub/vivado/vivado/F_Quantization_W8A8/hls_w4a4/vivado_review/project/LeNet_W4A4_Review.gen/sources_1/bd/lenet_system/ipshared/30ee/hdl/verilog/lenet_w4a4_top_mac_muladd_4s_4s_8s_9_4_1.v:32]
WARNING: [Synth 8-3936] Found unconnected internal register 'mac_muladd_4s_4s_8s_9_4_1_U15/lenet_w4a4_top_mac_muladd_4s_4s_8s_9_4_1_DSP48_0_U/a_reg_reg' and it is trimmed from '25' to '9' bits. [d:/GitHub/vivado/vivado/F_Quantization_W8A8/hls_w4a4/vivado_review/project/LeNet_W4A4_Review.gen/sources_1/bd/lenet_system/ipshared/30ee/hdl/verilog/lenet_w4a4_top_mac_muladd_4s_4s_8s_9_4_1.v:31]
WARNING: [Synth 8-3936] Found unconnected internal register 'mac_muladd_4s_4s_8s_9_4_1_U15/lenet_w4a4_top_mac_muladd_4s_4s_8s_9_4_1_DSP48_0_U/b_reg_reg' and it is trimmed from '18' to '9' bits. [d:/GitHub/vivado/vivado/F_Quantization_W8A8/hls_w4a4/vivado_review/project/LeNet_W4A4_Review.gen/sources_1/bd/lenet_system/ipshared/30ee/hdl/verilog/lenet_w4a4_top_mac_muladd_4s_4s_8s_9_4_1.v:31]
WARNING: [Synth 8-3936] Found unconnected internal register 'mac_muladd_4s_4s_9s_9_4_1_U16/lenet_w4a4_top_mac_muladd_4s_4s_9s_9_4_1_DSP48_1_U/m_reg_reg' and it is trimmed from '43' to '9' bits. [d:/GitHub/vivado/vivado/F_Quantization_W8A8/hls_w4a4/vivado_review/project/LeNet_W4A4_Review.gen/sources_1/bd/lenet_system/ipshared/30ee/hdl/verilog/lenet_w4a4_top_mac_muladd_4s_4s_9s_9_4_1.v:32]
WARNING: [Synth 8-3936] Found unconnected internal register 'mac_muladd_4s_4s_9s_9_4_1_U16/lenet_w4a4_top_mac_muladd_4s_4s_9s_9_4_1_DSP48_1_U/a_reg_reg' and it is trimmed from '25' to '9' bits. [d:/GitHub/vivado/vivado/F_Quantization_W8A8/hls_w4a4/vivado_review/project/LeNet_W4A4_Review.gen/sources_1/bd/lenet_system/ipshared/30ee/hdl/verilog/lenet_w4a4_top_mac_muladd_4s_4s_9s_9_4_1.v:31]
WARNING: [Synth 8-3936] Found unconnected internal register 'mac_muladd_4s_4s_9s_9_4_1_U16/lenet_w4a4_top_mac_muladd_4s_4s_9s_9_4_1_DSP48_1_U/b_reg_reg' and it is trimmed from '18' to '9' bits. [d:/GitHub/vivado/vivado/F_Quantization_W8A8/hls_w4a4/vivado_review/project/LeNet_W4A4_Review.gen/sources_1/bd/lenet_system/ipshared/30ee/hdl/verilog/lenet_w4a4_top_mac_muladd_4s_4s_9s_9_4_1.v:31]
WARNING: [Synth 8-3936] Found unconnected internal register 'mac_muladd_4s_4s_9s_9_4_1_U18/lenet_w4a4_top_mac_muladd_4s_4s_9s_9_4_1_DSP48_1_U/p_reg_reg' and it is trimmed from '44' to '9' bits. [d:/GitHub/vivado/vivado/F_Quantization_W8A8/hls_w4a4/vivado_review/project/LeNet_W4A4_Review.gen/sources_1/bd/lenet_system/ipshared/30ee/hdl/verilog/lenet_w4a4_top_mac_muladd_4s_4s_9s_9_4_1.v:39]
WARNING: [Synth 8-3936] Found unconnected internal register 'mac_muladd_4s_4s_8s_9_4_1_U17/lenet_w4a4_top_mac_muladd_4s_4s_8s_9_4_1_DSP48_0_U/p_reg_reg' and it is trimmed from '44' to '9' bits. [d:/GitHub/vivado/vivado/F_Quantization_W8A8/hls_w4a4/vivado_review/project/LeNet_W4A4_Review.gen/sources_1/bd/lenet_system/ipshared/30ee/hdl/verilog/lenet_w4a4_top_mac_muladd_4s_4s_8s_9_4_1.v:39]
WARNING: [Synth 8-3936] Found unconnected internal register 'mac_muladd_4s_4s_8s_9_4_1_U17/lenet_w4a4_top_mac_muladd_4s_4s_8s_9_4_1_DSP48_0_U/m_reg_reg' and it is trimmed from '43' to '9' bits. [d:/GitHub/vivado/vivado/F_Quantization_W8A8/hls_w4a4/vivado_review/project/LeNet_W4A4_Review.gen/sources_1/bd/lenet_system/ipshared/30ee/hdl/verilog/lenet_w4a4_top_mac_muladd_4s_4s_8s_9_4_1.v:32]
WARNING: [Synth 8-3936] Found unconnected internal register 'mac_muladd_4s_4s_8s_9_4_1_U17/lenet_w4a4_top_mac_muladd_4s_4s_8s_9_4_1_DSP48_0_U/a_reg_reg' and it is trimmed from '25' to '9' bits. [d:/GitHub/vivado/vivado/F_Quantization_W8A8/hls_w4a4/vivado_review/project/LeNet_W4A4_Review.gen/sources_1/bd/lenet_system/ipshared/30ee/hdl/verilog/lenet_w4a4_top_mac_muladd_4s_4s_8s_9_4_1.v:31]
WARNING: [Synth 8-3936] Found unconnected internal register 'mac_muladd_4s_4s_8s_9_4_1_U17/lenet_w4a4_top_mac_muladd_4s_4s_8s_9_4_1_DSP48_0_U/b_reg_reg' and it is trimmed from '18' to '9' bits. [d:/GitHub/vivado/vivado/F_Quantization_W8A8/hls_w4a4/vivado_review/project/LeNet_W4A4_Review.gen/sources_1/bd/lenet_system/ipshared/30ee/hdl/verilog/lenet_w4a4_top_mac_muladd_4s_4s_8s_9_4_1.v:31]
WARNING: [Synth 8-3936] Found unconnected internal register 'mac_muladd_4s_4s_9s_9_4_1_U18/lenet_w4a4_top_mac_muladd_4s_4s_9s_9_4_1_DSP48_1_U/m_reg_reg' and it is trimmed from '43' to '9' bits. [d:/GitHub/vivado/vivado/F_Quantization_W8A8/hls_w4a4/vivado_review/project/LeNet_W4A4_Review.gen/sources_1/bd/lenet_system/ipshared/30ee/hdl/verilog/lenet_w4a4_top_mac_muladd_4s_4s_9s_9_4_1.v:32]
WARNING: [Synth 8-3936] Found unconnected internal register 'mac_muladd_4s_4s_9s_9_4_1_U18/lenet_w4a4_top_mac_muladd_4s_4s_9s_9_4_1_DSP48_1_U/a_reg_reg' and it is trimmed from '25' to '9' bits. [d:/GitHub/vivado/vivado/F_Quantization_W8A8/hls_w4a4/vivado_review/project/LeNet_W4A4_Review.gen/sources_1/bd/lenet_system/ipshared/30ee/hdl/verilog/lenet_w4a4_top_mac_muladd_4s_4s_9s_9_4_1.v:31]
WARNING: [Synth 8-3936] Found unconnected internal register 'mac_muladd_4s_4s_9s_9_4_1_U18/lenet_w4a4_top_mac_muladd_4s_4s_9s_9_4_1_DSP48_1_U/b_reg_reg' and it is trimmed from '18' to '9' bits. [d:/GitHub/vivado/vivado/F_Quantization_W8A8/hls_w4a4/vivado_review/project/LeNet_W4A4_Review.gen/sources_1/bd/lenet_system/ipshared/30ee/hdl/verilog/lenet_w4a4_top_mac_muladd_4s_4s_9s_9_4_1.v:31]
WARNING: [Synth 8-3936] Found unconnected internal register 'mac_muladd_4s_4s_9s_9_4_1_U20/lenet_w4a4_top_mac_muladd_4s_4s_9s_9_4_1_DSP48_1_U/p_reg_reg' and it is trimmed from '44' to '9' bits. [d:/GitHub/vivado/vivado/F_Quantization_W8A8/hls_w4a4/vivado_review/project/LeNet_W4A4_Review.gen/sources_1/bd/lenet_system/ipshared/30ee/hdl/verilog/lenet_w4a4_top_mac_muladd_4s_4s_9s_9_4_1.v:39]
WARNING: [Synth 8-3936] Found unconnected internal register 'mac_muladd_4s_4s_8s_9_4_1_U19/lenet_w4a4_top_mac_muladd_4s_4s_8s_9_4_1_DSP48_0_U/p_reg_reg' and it is trimmed from '44' to '9' bits. [d:/GitHub/vivado/vivado/F_Quantization_W8A8/hls_w4a4/vivado_review/project/LeNet_W4A4_Review.gen/sources_1/bd/lenet_system/ipshared/30ee/hdl/verilog/lenet_w4a4_top_mac_muladd_4s_4s_8s_9_4_1.v:39]
WARNING: [Synth 8-3936] Found unconnected internal register 'mac_muladd_4s_4s_8s_9_4_1_U19/lenet_w4a4_top_mac_muladd_4s_4s_8s_9_4_1_DSP48_0_U/m_reg_reg' and it is trimmed from '43' to '9' bits. [d:/GitHub/vivado/vivado/F_Quantization_W8A8/hls_w4a4/vivado_review/project/LeNet_W4A4_Review.gen/sources_1/bd/lenet_system/ipshared/30ee/hdl/verilog/lenet_w4a4_top_mac_muladd_4s_4s_8s_9_4_1.v:32]
WARNING: [Synth 8-3936] Found unconnected internal register 'mac_muladd_4s_4s_8s_9_4_1_U19/lenet_w4a4_top_mac_muladd_4s_4s_8s_9_4_1_DSP48_0_U/a_reg_reg' and it is trimmed from '25' to '9' bits. [d:/GitHub/vivado/vivado/F_Quantization_W8A8/hls_w4a4/vivado_review/project/LeNet_W4A4_Review.gen/sources_1/bd/lenet_system/ipshared/30ee/hdl/verilog/lenet_w4a4_top_mac_muladd_4s_4s_8s_9_4_1.v:31]
WARNING: [Synth 8-3936] Found unconnected internal register 'mac_muladd_4s_4s_8s_9_4_1_U19/lenet_w4a4_top_mac_muladd_4s_4s_8s_9_4_1_DSP48_0_U/b_reg_reg' and it is trimmed from '18' to '9' bits. [d:/GitHub/vivado/vivado/F_Quantization_W8A8/hls_w4a4/vivado_review/project/LeNet_W4A4_Review.gen/sources_1/bd/lenet_system/ipshared/30ee/hdl/verilog/lenet_w4a4_top_mac_muladd_4s_4s_8s_9_4_1.v:31]
WARNING: [Synth 8-3936] Found unconnected internal register 'mac_muladd_4s_4s_9s_9_4_1_U20/lenet_w4a4_top_mac_muladd_4s_4s_9s_9_4_1_DSP48_1_U/m_reg_reg' and it is trimmed from '43' to '9' bits. [d:/GitHub/vivado/vivado/F_Quantization_W8A8/hls_w4a4/vivado_review/project/LeNet_W4A4_Review.gen/sources_1/bd/lenet_system/ipshared/30ee/hdl/verilog/lenet_w4a4_top_mac_muladd_4s_4s_9s_9_4_1.v:32]
WARNING: [Synth 8-3936] Found unconnected internal register 'mac_muladd_4s_4s_9s_9_4_1_U20/lenet_w4a4_top_mac_muladd_4s_4s_9s_9_4_1_DSP48_1_U/a_reg_reg' and it is trimmed from '25' to '9' bits. [d:/GitHub/vivado/vivado/F_Quantization_W8A8/hls_w4a4/vivado_review/project/LeNet_W4A4_Review.gen/sources_1/bd/lenet_system/ipshared/30ee/hdl/verilog/lenet_w4a4_top_mac_muladd_4s_4s_9s_9_4_1.v:31]
WARNING: [Synth 8-3936] Found unconnected internal register 'mac_muladd_4s_4s_9s_9_4_1_U20/lenet_w4a4_top_mac_muladd_4s_4s_9s_9_4_1_DSP48_1_U/b_reg_reg' and it is trimmed from '18' to '9' bits. [d:/GitHub/vivado/vivado/F_Quantization_W8A8/hls_w4a4/vivado_review/project/LeNet_W4A4_Review.gen/sources_1/bd/lenet_system/ipshared/30ee/hdl/verilog/lenet_w4a4_top_mac_muladd_4s_4s_9s_9_4_1.v:31]
WARNING: [Synth 8-3936] Found unconnected internal register 'mac_muladd_4s_4s_9s_9_4_1_U22/lenet_w4a4_top_mac_muladd_4s_4s_9s_9_4_1_DSP48_1_U/p_reg_reg' and it is trimmed from '44' to '9' bits. [d:/GitHub/vivado/vivado/F_Quantization_W8A8/hls_w4a4/vivado_review/project/LeNet_W4A4_Review.gen/sources_1/bd/lenet_system/ipshared/30ee/hdl/verilog/lenet_w4a4_top_mac_muladd_4s_4s_9s_9_4_1.v:39]
WARNING: [Synth 8-3936] Found unconnected internal register 'mac_muladd_4s_4s_8s_9_4_1_U21/lenet_w4a4_top_mac_muladd_4s_4s_8s_9_4_1_DSP48_0_U/p_reg_reg' and it is trimmed from '44' to '9' bits. [d:/GitHub/vivado/vivado/F_Quantization_W8A8/hls_w4a4/vivado_review/project/LeNet_W4A4_Review.gen/sources_1/bd/lenet_system/ipshared/30ee/hdl/verilog/lenet_w4a4_top_mac_muladd_4s_4s_8s_9_4_1.v:39]
WARNING: [Synth 8-3936] Found unconnected internal register 'mac_muladd_4s_4s_8s_9_4_1_U21/lenet_w4a4_top_mac_muladd_4s_4s_8s_9_4_1_DSP48_0_U/m_reg_reg' and it is trimmed from '43' to '9' bits. [d:/GitHub/vivado/vivado/F_Quantization_W8A8/hls_w4a4/vivado_review/project/LeNet_W4A4_Review.gen/sources_1/bd/lenet_system/ipshared/30ee/hdl/verilog/lenet_w4a4_top_mac_muladd_4s_4s_8s_9_4_1.v:32]
WARNING: [Synth 8-3936] Found unconnected internal register 'mac_muladd_4s_4s_8s_9_4_1_U21/lenet_w4a4_top_mac_muladd_4s_4s_8s_9_4_1_DSP48_0_U/a_reg_reg' and it is trimmed from '25' to '9' bits. [d:/GitHub/vivado/vivado/F_Quantization_W8A8/hls_w4a4/vivado_review/project/LeNet_W4A4_Review.gen/sources_1/bd/lenet_system/ipshared/30ee/hdl/verilog/lenet_w4a4_top_mac_muladd_4s_4s_8s_9_4_1.v:31]
WARNING: [Synth 8-3936] Found unconnected internal register 'mac_muladd_4s_4s_8s_9_4_1_U21/lenet_w4a4_top_mac_muladd_4s_4s_8s_9_4_1_DSP48_0_U/b_reg_reg' and it is trimmed from '18' to '9' bits. [d:/GitHub/vivado/vivado/F_Quantization_W8A8/hls_w4a4/vivado_review/project/LeNet_W4A4_Review.gen/sources_1/bd/lenet_system/ipshared/30ee/hdl/verilog/lenet_w4a4_top_mac_muladd_4s_4s_8s_9_4_1.v:31]
WARNING: [Synth 8-3936] Found unconnected internal register 'mac_muladd_4s_4s_9s_9_4_1_U22/lenet_w4a4_top_mac_muladd_4s_4s_9s_9_4_1_DSP48_1_U/m_reg_reg' and it is trimmed from '43' to '9' bits. [d:/GitHub/vivado/vivado/F_Quantization_W8A8/hls_w4a4/vivado_review/project/LeNet_W4A4_Review.gen/sources_1/bd/lenet_system/ipshared/30ee/hdl/verilog/lenet_w4a4_top_mac_muladd_4s_4s_9s_9_4_1.v:32]
WARNING: [Synth 8-3936] Found unconnected internal register 'mac_muladd_4s_4s_9s_9_4_1_U22/lenet_w4a4_top_mac_muladd_4s_4s_9s_9_4_1_DSP48_1_U/a_reg_reg' and it is trimmed from '25' to '9' bits. [d:/GitHub/vivado/vivado/F_Quantization_W8A8/hls_w4a4/vivado_review/project/LeNet_W4A4_Review.gen/sources_1/bd/lenet_system/ipshared/30ee/hdl/verilog/lenet_w4a4_top_mac_muladd_4s_4s_9s_9_4_1.v:31]
WARNING: [Synth 8-3936] Found unconnected internal register 'mac_muladd_4s_4s_9s_9_4_1_U22/lenet_w4a4_top_mac_muladd_4s_4s_9s_9_4_1_DSP48_1_U/b_reg_reg' and it is trimmed from '18' to '9' bits. [d:/GitHub/vivado/vivado/F_Quantization_W8A8/hls_w4a4/vivado_review/project/LeNet_W4A4_Review.gen/sources_1/bd/lenet_system/ipshared/30ee/hdl/verilog/lenet_w4a4_top_mac_muladd_4s_4s_9s_9_4_1.v:31]
WARNING: [Synth 8-3936] Found unconnected internal register 'mac_muladd_4s_4s_9s_9_4_1_U24/lenet_w4a4_top_mac_muladd_4s_4s_9s_9_4_1_DSP48_1_U/p_reg_reg' and it is trimmed from '44' to '9' bits. [d:/GitHub/vivado/vivado/F_Quantization_W8A8/hls_w4a4/vivado_review/project/LeNet_W4A4_Review.gen/sources_1/bd/lenet_system/ipshared/30ee/hdl/verilog/lenet_w4a4_top_mac_muladd_4s_4s_9s_9_4_1.v:39]
WARNING: [Synth 8-3936] Found unconnected internal register 'mac_muladd_4s_4s_8s_9_4_1_U23/lenet_w4a4_top_mac_muladd_4s_4s_8s_9_4_1_DSP48_0_U/p_reg_reg' and it is trimmed from '44' to '9' bits. [d:/GitHub/vivado/vivado/F_Quantization_W8A8/hls_w4a4/vivado_review/project/LeNet_W4A4_Review.gen/sources_1/bd/lenet_system/ipshared/30ee/hdl/verilog/lenet_w4a4_top_mac_muladd_4s_4s_8s_9_4_1.v:39]
WARNING: [Synth 8-3936] Found unconnected internal register 'mac_muladd_4s_4s_8s_9_4_1_U23/lenet_w4a4_top_mac_muladd_4s_4s_8s_9_4_1_DSP48_0_U/m_reg_reg' and it is trimmed from '43' to '9' bits. [d:/GitHub/vivado/vivado/F_Quantization_W8A8/hls_w4a4/vivado_review/project/LeNet_W4A4_Review.gen/sources_1/bd/lenet_system/ipshared/30ee/hdl/verilog/lenet_w4a4_top_mac_muladd_4s_4s_8s_9_4_1.v:32]
WARNING: [Synth 8-3936] Found unconnected internal register 'mac_muladd_4s_4s_8s_9_4_1_U23/lenet_w4a4_top_mac_muladd_4s_4s_8s_9_4_1_DSP48_0_U/a_reg_reg' and it is trimmed from '25' to '9' bits. [d:/GitHub/vivado/vivado/F_Quantization_W8A8/hls_w4a4/vivado_review/project/LeNet_W4A4_Review.gen/sources_1/bd/lenet_system/ipshared/30ee/hdl/verilog/lenet_w4a4_top_mac_muladd_4s_4s_8s_9_4_1.v:31]
WARNING: [Synth 8-3936] Found unconnected internal register 'mac_muladd_4s_4s_8s_9_4_1_U23/lenet_w4a4_top_mac_muladd_4s_4s_8s_9_4_1_DSP48_0_U/b_reg_reg' and it is trimmed from '18' to '9' bits. [d:/GitHub/vivado/vivado/F_Quantization_W8A8/hls_w4a4/vivado_review/project/LeNet_W4A4_Review.gen/sources_1/bd/lenet_system/ipshared/30ee/hdl/verilog/lenet_w4a4_top_mac_muladd_4s_4s_8s_9_4_1.v:31]
WARNING: [Synth 8-3936] Found unconnected internal register 'mac_muladd_4s_4s_9s_9_4_1_U24/lenet_w4a4_top_mac_muladd_4s_4s_9s_9_4_1_DSP48_1_U/m_reg_reg' and it is trimmed from '43' to '9' bits. [d:/GitHub/vivado/vivado/F_Quantization_W8A8/hls_w4a4/vivado_review/project/LeNet_W4A4_Review.gen/sources_1/bd/lenet_system/ipshared/30ee/hdl/verilog/lenet_w4a4_top_mac_muladd_4s_4s_9s_9_4_1.v:32]
WARNING: [Synth 8-3936] Found unconnected internal register 'mac_muladd_4s_4s_9s_9_4_1_U24/lenet_w4a4_top_mac_muladd_4s_4s_9s_9_4_1_DSP48_1_U/a_reg_reg' and it is trimmed from '25' to '9' bits. [d:/GitHub/vivado/vivado/F_Quantization_W8A8/hls_w4a4/vivado_review/project/LeNet_W4A4_Review.gen/sources_1/bd/lenet_system/ipshared/30ee/hdl/verilog/lenet_w4a4_top_mac_muladd_4s_4s_9s_9_4_1.v:31]
WARNING: [Synth 8-3936] Found unconnected internal register 'mac_muladd_4s_4s_9s_9_4_1_U24/lenet_w4a4_top_mac_muladd_4s_4s_9s_9_4_1_DSP48_1_U/b_reg_reg' and it is trimmed from '18' to '9' bits. [d:/GitHub/vivado/vivado/F_Quantization_W8A8/hls_w4a4/vivado_review/project/LeNet_W4A4_Review.gen/sources_1/bd/lenet_system/ipshared/30ee/hdl/verilog/lenet_w4a4_top_mac_muladd_4s_4s_9s_9_4_1.v:31]
WARNING: [Synth 8-3936] Found unconnected internal register 'mac_muladd_4s_4s_9s_9_4_1_U26/lenet_w4a4_top_mac_muladd_4s_4s_9s_9_4_1_DSP48_1_U/p_reg_reg' and it is trimmed from '44' to '9' bits. [d:/GitHub/vivado/vivado/F_Quantization_W8A8/hls_w4a4/vivado_review/project/LeNet_W4A4_Review.gen/sources_1/bd/lenet_system/ipshared/30ee/hdl/verilog/lenet_w4a4_top_mac_muladd_4s_4s_9s_9_4_1.v:39]
WARNING: [Synth 8-3936] Found unconnected internal register 'mac_muladd_4s_4s_8s_9_4_1_U25/lenet_w4a4_top_mac_muladd_4s_4s_8s_9_4_1_DSP48_0_U/p_reg_reg' and it is trimmed from '44' to '9' bits. [d:/GitHub/vivado/vivado/F_Quantization_W8A8/hls_w4a4/vivado_review/project/LeNet_W4A4_Review.gen/sources_1/bd/lenet_system/ipshared/30ee/hdl/verilog/lenet_w4a4_top_mac_muladd_4s_4s_8s_9_4_1.v:39]
WARNING: [Synth 8-3936] Found unconnected internal register 'mac_muladd_4s_4s_8s_9_4_1_U25/lenet_w4a4_top_mac_muladd_4s_4s_8s_9_4_1_DSP48_0_U/m_reg_reg' and it is trimmed from '43' to '9' bits. [d:/GitHub/vivado/vivado/F_Quantization_W8A8/hls_w4a4/vivado_review/project/LeNet_W4A4_Review.gen/sources_1/bd/lenet_system/ipshared/30ee/hdl/verilog/lenet_w4a4_top_mac_muladd_4s_4s_8s_9_4_1.v:32]
WARNING: [Synth 8-3936] Found unconnected internal register 'mac_muladd_4s_4s_8s_9_4_1_U25/lenet_w4a4_top_mac_muladd_4s_4s_8s_9_4_1_DSP48_0_U/a_reg_reg' and it is trimmed from '25' to '9' bits. [d:/GitHub/vivado/vivado/F_Quantization_W8A8/hls_w4a4/vivado_review/project/LeNet_W4A4_Review.gen/sources_1/bd/lenet_system/ipshared/30ee/hdl/verilog/lenet_w4a4_top_mac_muladd_4s_4s_8s_9_4_1.v:31]
WARNING: [Synth 8-3936] Found unconnected internal register 'mac_muladd_4s_4s_8s_9_4_1_U25/lenet_w4a4_top_mac_muladd_4s_4s_8s_9_4_1_DSP48_0_U/b_reg_reg' and it is trimmed from '18' to '9' bits. [d:/GitHub/vivado/vivado/F_Quantization_W8A8/hls_w4a4/vivado_review/project/LeNet_W4A4_Review.gen/sources_1/bd/lenet_system/ipshared/30ee/hdl/verilog/lenet_w4a4_top_mac_muladd_4s_4s_8s_9_4_1.v:31]
WARNING: [Synth 8-3936] Found unconnected internal register 'mac_muladd_4s_4s_9s_9_4_1_U26/lenet_w4a4_top_mac_muladd_4s_4s_9s_9_4_1_DSP48_1_U/m_reg_reg' and it is trimmed from '43' to '9' bits. [d:/GitHub/vivado/vivado/F_Quantization_W8A8/hls_w4a4/vivado_review/project/LeNet_W4A4_Review.gen/sources_1/bd/lenet_system/ipshared/30ee/hdl/verilog/lenet_w4a4_top_mac_muladd_4s_4s_9s_9_4_1.v:32]
WARNING: [Synth 8-3936] Found unconnected internal register 'mac_muladd_4s_4s_9s_9_4_1_U26/lenet_w4a4_top_mac_muladd_4s_4s_9s_9_4_1_DSP48_1_U/a_reg_reg' and it is trimmed from '25' to '9' bits. [d:/GitHub/vivado/vivado/F_Quantization_W8A8/hls_w4a4/vivado_review/project/LeNet_W4A4_Review.gen/sources_1/bd/lenet_system/ipshared/30ee/hdl/verilog/lenet_w4a4_top_mac_muladd_4s_4s_9s_9_4_1.v:31]
WARNING: [Synth 8-3936] Found unconnected internal register 'mac_muladd_4s_4s_9s_9_4_1_U26/lenet_w4a4_top_mac_muladd_4s_4s_9s_9_4_1_DSP48_1_U/b_reg_reg' and it is trimmed from '18' to '9' bits. [d:/GitHub/vivado/vivado/F_Quantization_W8A8/hls_w4a4/vivado_review/project/LeNet_W4A4_Review.gen/sources_1/bd/lenet_system/ipshared/30ee/hdl/verilog/lenet_w4a4_top_mac_muladd_4s_4s_9s_9_4_1.v:31]
WARNING: [Synth 8-3936] Found unconnected internal register 'mac_muladd_4s_4s_8s_9_4_1_U27/lenet_w4a4_top_mac_muladd_4s_4s_8s_9_4_1_DSP48_0_U/p_reg_reg' and it is trimmed from '44' to '9' bits. [d:/GitHub/vivado/vivado/F_Quantization_W8A8/hls_w4a4/vivado_review/project/LeNet_W4A4_Review.gen/sources_1/bd/lenet_system/ipshared/30ee/hdl/verilog/lenet_w4a4_top_mac_muladd_4s_4s_8s_9_4_1.v:39]
WARNING: [Synth 8-3936] Found unconnected internal register 'mac_muladd_4s_4s_8s_9_4_1_U27/lenet_w4a4_top_mac_muladd_4s_4s_8s_9_4_1_DSP48_0_U/m_reg_reg' and it is trimmed from '43' to '9' bits. [d:/GitHub/vivado/vivado/F_Quantization_W8A8/hls_w4a4/vivado_review/project/LeNet_W4A4_Review.gen/sources_1/bd/lenet_system/ipshared/30ee/hdl/verilog/lenet_w4a4_top_mac_muladd_4s_4s_8s_9_4_1.v:32]
WARNING: [Synth 8-3936] Found unconnected internal register 'mac_muladd_4s_4s_8s_9_4_1_U27/lenet_w4a4_top_mac_muladd_4s_4s_8s_9_4_1_DSP48_0_U/a_reg_reg' and it is trimmed from '25' to '9' bits. [d:/GitHub/vivado/vivado/F_Quantization_W8A8/hls_w4a4/vivado_review/project/LeNet_W4A4_Review.gen/sources_1/bd/lenet_system/ipshared/30ee/hdl/verilog/lenet_w4a4_top_mac_muladd_4s_4s_8s_9_4_1.v:31]
WARNING: [Synth 8-3936] Found unconnected internal register 'mac_muladd_4s_4s_8s_9_4_1_U27/lenet_w4a4_top_mac_muladd_4s_4s_8s_9_4_1_DSP48_0_U/b_reg_reg' and it is trimmed from '18' to '9' bits. [d:/GitHub/vivado/vivado/F_Quantization_W8A8/hls_w4a4/vivado_review/project/LeNet_W4A4_Review.gen/sources_1/bd/lenet_system/ipshared/30ee/hdl/verilog/lenet_w4a4_top_mac_muladd_4s_4s_8s_9_4_1.v:31]
WARNING: [Synth 8-3936] Found unconnected internal register 'mac_muladd_4s_4s_8s_9_4_1_U28/lenet_w4a4_top_mac_muladd_4s_4s_8s_9_4_1_DSP48_0_U/p_reg_reg' and it is trimmed from '44' to '9' bits. [d:/GitHub/vivado/vivado/F_Quantization_W8A8/hls_w4a4/vivado_review/project/LeNet_W4A4_Review.gen/sources_1/bd/lenet_system/ipshared/30ee/hdl/verilog/lenet_w4a4_top_mac_muladd_4s_4s_8s_9_4_1.v:39]
WARNING: [Synth 8-3936] Found unconnected internal register 'mac_muladd_4s_4s_8s_9_4_1_U28/lenet_w4a4_top_mac_muladd_4s_4s_8s_9_4_1_DSP48_0_U/m_reg_reg' and it is trimmed from '43' to '9' bits. [d:/GitHub/vivado/vivado/F_Quantization_W8A8/hls_w4a4/vivado_review/project/LeNet_W4A4_Review.gen/sources_1/bd/lenet_system/ipshared/30ee/hdl/verilog/lenet_w4a4_top_mac_muladd_4s_4s_8s_9_4_1.v:32]
WARNING: [Synth 8-3936] Found unconnected internal register 'mac_muladd_4s_4s_8s_9_4_1_U28/lenet_w4a4_top_mac_muladd_4s_4s_8s_9_4_1_DSP48_0_U/a_reg_reg' and it is trimmed from '25' to '9' bits. [d:/GitHub/vivado/vivado/F_Quantization_W8A8/hls_w4a4/vivado_review/project/LeNet_W4A4_Review.gen/sources_1/bd/lenet_system/ipshared/30ee/hdl/verilog/lenet_w4a4_top_mac_muladd_4s_4s_8s_9_4_1.v:31]
WARNING: [Synth 8-3936] Found unconnected internal register 'mac_muladd_4s_4s_8s_9_4_1_U28/lenet_w4a4_top_mac_muladd_4s_4s_8s_9_4_1_DSP48_0_U/b_reg_reg' and it is trimmed from '18' to '9' bits. [d:/GitHub/vivado/vivado/F_Quantization_W8A8/hls_w4a4/vivado_review/project/LeNet_W4A4_Review.gen/sources_1/bd/lenet_system/ipshared/30ee/hdl/verilog/lenet_w4a4_top_mac_muladd_4s_4s_8s_9_4_1.v:31]
DSP Report: Generating DSP mac_muladd_4s_4s_8s_9_4_1_U21/lenet_w4a4_top_mac_muladd_4s_4s_8s_9_4_1_DSP48_0_U/m_reg_reg, operation Mode is: (A''*B2)'.
DSP Report: register mac_muladd_4s_4s_8s_9_4_1_U21/lenet_w4a4_top_mac_muladd_4s_4s_8s_9_4_1_DSP48_0_U/m_reg_reg is absorbed into DSP mac_muladd_4s_4s_8s_9_4_1_U21/lenet_w4a4_top_mac_muladd_4s_4s_8s_9_4_1_DSP48_0_U/m_reg_reg.
DSP Report: register mac_muladd_4s_4s_8s_9_4_1_U21/lenet_w4a4_top_mac_muladd_4s_4s_8s_9_4_1_DSP48_0_U/m_reg_reg is absorbed into DSP mac_muladd_4s_4s_8s_9_4_1_U21/lenet_w4a4_top_mac_muladd_4s_4s_8s_9_4_1_DSP48_0_U/m_reg_reg.
DSP Report: register mac_muladd_4s_4s_8s_9_4_1_U21/lenet_w4a4_top_mac_muladd_4s_4s_8s_9_4_1_DSP48_0_U/m_reg_reg is absorbed into DSP mac_muladd_4s_4s_8s_9_4_1_U21/lenet_w4a4_top_mac_muladd_4s_4s_8s_9_4_1_DSP48_0_U/m_reg_reg.
DSP Report: register mac_muladd_4s_4s_8s_9_4_1_U21/lenet_w4a4_top_mac_muladd_4s_4s_8s_9_4_1_DSP48_0_U/m_reg_reg is absorbed into DSP mac_muladd_4s_4s_8s_9_4_1_U21/lenet_w4a4_top_mac_muladd_4s_4s_8s_9_4_1_DSP48_0_U/m_reg_reg.
DSP Report: operator mac_muladd_4s_4s_8s_9_4_1_U21/lenet_w4a4_top_mac_muladd_4s_4s_8s_9_4_1_DSP48_0_U/m is absorbed into DSP mac_muladd_4s_4s_8s_9_4_1_U21/lenet_w4a4_top_mac_muladd_4s_4s_8s_9_4_1_DSP48_0_U/m_reg_reg.
DSP Report: Generating DSP mac_muladd_4s_4s_8s_9_4_1_U21/lenet_w4a4_top_mac_muladd_4s_4s_8s_9_4_1_DSP48_0_U/p_reg_reg, operation Mode is: (PCIN+(A2*B)')'.
DSP Report: register reg_678_reg is absorbed into DSP mac_muladd_4s_4s_8s_9_4_1_U21/lenet_w4a4_top_mac_muladd_4s_4s_8s_9_4_1_DSP48_0_U/p_reg_reg.
DSP Report: register mac_muladd_4s_4s_8s_9_4_1_U21/lenet_w4a4_top_mac_muladd_4s_4s_8s_9_4_1_DSP48_0_U/p_reg_reg is absorbed into DSP mac_muladd_4s_4s_8s_9_4_1_U21/lenet_w4a4_top_mac_muladd_4s_4s_8s_9_4_1_DSP48_0_U/p_reg_reg.
DSP Report: register mul_ln840_13_reg_5078_reg is absorbed into DSP mac_muladd_4s_4s_8s_9_4_1_U21/lenet_w4a4_top_mac_muladd_4s_4s_8s_9_4_1_DSP48_0_U/p_reg_reg.
DSP Report: operator mac_muladd_4s_4s_8s_9_4_1_U21/lenet_w4a4_top_mac_muladd_4s_4s_8s_9_4_1_DSP48_0_U/p is absorbed into DSP mac_muladd_4s_4s_8s_9_4_1_U21/lenet_w4a4_top_mac_muladd_4s_4s_8s_9_4_1_DSP48_0_U/p_reg_reg.
DSP Report: operator mul_4s_4s_8_1_1_U8/dout is absorbed into DSP mac_muladd_4s_4s_8s_9_4_1_U21/lenet_w4a4_top_mac_muladd_4s_4s_8s_9_4_1_DSP48_0_U/p_reg_reg.
DSP Report: Generating DSP mac_muladd_4s_4s_9s_9_4_1_U22/lenet_w4a4_top_mac_muladd_4s_4s_9s_9_4_1_DSP48_1_U/p_reg_reg, operation Mode is: (PCIN+(A''*B'')')'.
DSP Report: register mac_muladd_4s_4s_9s_9_4_1_U22/lenet_w4a4_top_mac_muladd_4s_4s_9s_9_4_1_DSP48_1_U/p_reg_reg is absorbed into DSP mac_muladd_4s_4s_9s_9_4_1_U22/lenet_w4a4_top_mac_muladd_4s_4s_9s_9_4_1_DSP48_1_U/p_reg_reg.
DSP Report: register mac_muladd_4s_4s_9s_9_4_1_U22/lenet_w4a4_top_mac_muladd_4s_4s_9s_9_4_1_DSP48_1_U/p_reg_reg is absorbed into DSP mac_muladd_4s_4s_9s_9_4_1_U22/lenet_w4a4_top_mac_muladd_4s_4s_9s_9_4_1_DSP48_1_U/p_reg_reg.
DSP Report: register mac_muladd_4s_4s_9s_9_4_1_U22/lenet_w4a4_top_mac_muladd_4s_4s_9s_9_4_1_DSP48_1_U/p_reg_reg is absorbed into DSP mac_muladd_4s_4s_9s_9_4_1_U22/lenet_w4a4_top_mac_muladd_4s_4s_9s_9_4_1_DSP48_1_U/p_reg_reg.
DSP Report: register mac_muladd_4s_4s_9s_9_4_1_U22/lenet_w4a4_top_mac_muladd_4s_4s_9s_9_4_1_DSP48_1_U/p_reg_reg is absorbed into DSP mac_muladd_4s_4s_9s_9_4_1_U22/lenet_w4a4_top_mac_muladd_4s_4s_9s_9_4_1_DSP48_1_U/p_reg_reg.
DSP Report: register mac_muladd_4s_4s_9s_9_4_1_U22/lenet_w4a4_top_mac_muladd_4s_4s_9s_9_4_1_DSP48_1_U/p_reg_reg is absorbed into DSP mac_muladd_4s_4s_9s_9_4_1_U22/lenet_w4a4_top_mac_muladd_4s_4s_9s_9_4_1_DSP48_1_U/p_reg_reg.
DSP Report: register mac_muladd_4s_4s_9s_9_4_1_U22/lenet_w4a4_top_mac_muladd_4s_4s_9s_9_4_1_DSP48_1_U/m_reg_reg is absorbed into DSP mac_muladd_4s_4s_9s_9_4_1_U22/lenet_w4a4_top_mac_muladd_4s_4s_9s_9_4_1_DSP48_1_U/p_reg_reg.
DSP Report: operator mac_muladd_4s_4s_9s_9_4_1_U22/lenet_w4a4_top_mac_muladd_4s_4s_9s_9_4_1_DSP48_1_U/p is absorbed into DSP mac_muladd_4s_4s_9s_9_4_1_U22/lenet_w4a4_top_mac_muladd_4s_4s_9s_9_4_1_DSP48_1_U/p_reg_reg.
DSP Report: operator mac_muladd_4s_4s_9s_9_4_1_U22/lenet_w4a4_top_mac_muladd_4s_4s_9s_9_4_1_DSP48_1_U/m is absorbed into DSP mac_muladd_4s_4s_9s_9_4_1_U22/lenet_w4a4_top_mac_muladd_4s_4s_9s_9_4_1_DSP48_1_U/p_reg_reg.
DSP Report: Generating DSP mac_muladd_4s_4s_8s_9_4_1_U23/lenet_w4a4_top_mac_muladd_4s_4s_8s_9_4_1_DSP48_0_U/m_reg_reg, operation Mode is: (A''*B2)'.
DSP Report: register mac_muladd_4s_4s_8s_9_4_1_U23/lenet_w4a4_top_mac_muladd_4s_4s_8s_9_4_1_DSP48_0_U/m_reg_reg is absorbed into DSP mac_muladd_4s_4s_8s_9_4_1_U23/lenet_w4a4_top_mac_muladd_4s_4s_8s_9_4_1_DSP48_0_U/m_reg_reg.
DSP Report: register mac_muladd_4s_4s_8s_9_4_1_U23/lenet_w4a4_top_mac_muladd_4s_4s_8s_9_4_1_DSP48_0_U/m_reg_reg is absorbed into DSP mac_muladd_4s_4s_8s_9_4_1_U23/lenet_w4a4_top_mac_muladd_4s_4s_8s_9_4_1_DSP48_0_U/m_reg_reg.
DSP Report: register mac_muladd_4s_4s_8s_9_4_1_U23/lenet_w4a4_top_mac_muladd_4s_4s_8s_9_4_1_DSP48_0_U/m_reg_reg is absorbed into DSP mac_muladd_4s_4s_8s_9_4_1_U23/lenet_w4a4_top_mac_muladd_4s_4s_8s_9_4_1_DSP48_0_U/m_reg_reg.
DSP Report: register mac_muladd_4s_4s_8s_9_4_1_U23/lenet_w4a4_top_mac_muladd_4s_4s_8s_9_4_1_DSP48_0_U/m_reg_reg is absorbed into DSP mac_muladd_4s_4s_8s_9_4_1_U23/lenet_w4a4_top_mac_muladd_4s_4s_8s_9_4_1_DSP48_0_U/m_reg_reg.
DSP Report: operator mac_muladd_4s_4s_8s_9_4_1_U23/lenet_w4a4_top_mac_muladd_4s_4s_8s_9_4_1_DSP48_0_U/m is absorbed into DSP mac_muladd_4s_4s_8s_9_4_1_U23/lenet_w4a4_top_mac_muladd_4s_4s_8s_9_4_1_DSP48_0_U/m_reg_reg.
DSP Report: Generating DSP mac_muladd_4s_4s_8s_9_4_1_U23/lenet_w4a4_top_mac_muladd_4s_4s_8s_9_4_1_DSP48_0_U/p_reg_reg, operation Mode is: (PCIN+(A2*B)')'.
DSP Report: register input_V_load_16_reg_4609_reg is absorbed into DSP mac_muladd_4s_4s_8s_9_4_1_U23/lenet_w4a4_top_mac_muladd_4s_4s_8s_9_4_1_DSP48_0_U/p_reg_reg.
DSP Report: register mac_muladd_4s_4s_8s_9_4_1_U23/lenet_w4a4_top_mac_muladd_4s_4s_8s_9_4_1_DSP48_0_U/p_reg_reg is absorbed into DSP mac_muladd_4s_4s_8s_9_4_1_U23/lenet_w4a4_top_mac_muladd_4s_4s_8s_9_4_1_DSP48_0_U/p_reg_reg.
DSP Report: register mul_ln840_16_reg_5153_reg is absorbed into DSP mac_muladd_4s_4s_8s_9_4_1_U23/lenet_w4a4_top_mac_muladd_4s_4s_8s_9_4_1_DSP48_0_U/p_reg_reg.
DSP Report: operator mac_muladd_4s_4s_8s_9_4_1_U23/lenet_w4a4_top_mac_muladd_4s_4s_8s_9_4_1_DSP48_0_U/p is absorbed into DSP mac_muladd_4s_4s_8s_9_4_1_U23/lenet_w4a4_top_mac_muladd_4s_4s_8s_9_4_1_DSP48_0_U/p_reg_reg.
DSP Report: operator mul_4s_4s_8_1_1_U9/dout is absorbed into DSP mac_muladd_4s_4s_8s_9_4_1_U23/lenet_w4a4_top_mac_muladd_4s_4s_8s_9_4_1_DSP48_0_U/p_reg_reg.
DSP Report: Generating DSP mac_muladd_4s_4s_9s_9_4_1_U24/lenet_w4a4_top_mac_muladd_4s_4s_9s_9_4_1_DSP48_1_U/p_reg_reg, operation Mode is: (PCIN+(A''*B'')')'.
DSP Report: register mac_muladd_4s_4s_9s_9_4_1_U24/lenet_w4a4_top_mac_muladd_4s_4s_9s_9_4_1_DSP48_1_U/p_reg_reg is absorbed into DSP mac_muladd_4s_4s_9s_9_4_1_U24/lenet_w4a4_top_mac_muladd_4s_4s_9s_9_4_1_DSP48_1_U/p_reg_reg.
DSP Report: register mac_muladd_4s_4s_9s_9_4_1_U24/lenet_w4a4_top_mac_muladd_4s_4s_9s_9_4_1_DSP48_1_U/p_reg_reg is absorbed into DSP mac_muladd_4s_4s_9s_9_4_1_U24/lenet_w4a4_top_mac_muladd_4s_4s_9s_9_4_1_DSP48_1_U/p_reg_reg.
DSP Report: register mac_muladd_4s_4s_9s_9_4_1_U24/lenet_w4a4_top_mac_muladd_4s_4s_9s_9_4_1_DSP48_1_U/p_reg_reg is absorbed into DSP mac_muladd_4s_4s_9s_9_4_1_U24/lenet_w4a4_top_mac_muladd_4s_4s_9s_9_4_1_DSP48_1_U/p_reg_reg.
DSP Report: register mac_muladd_4s_4s_9s_9_4_1_U24/lenet_w4a4_top_mac_muladd_4s_4s_9s_9_4_1_DSP48_1_U/p_reg_reg is absorbed into DSP mac_muladd_4s_4s_9s_9_4_1_U24/lenet_w4a4_top_mac_muladd_4s_4s_9s_9_4_1_DSP48_1_U/p_reg_reg.
DSP Report: register mac_muladd_4s_4s_9s_9_4_1_U24/lenet_w4a4_top_mac_muladd_4s_4s_9s_9_4_1_DSP48_1_U/p_reg_reg is absorbed into DSP mac_muladd_4s_4s_9s_9_4_1_U24/lenet_w4a4_top_mac_muladd_4s_4s_9s_9_4_1_DSP48_1_U/p_reg_reg.
DSP Report: register mac_muladd_4s_4s_9s_9_4_1_U24/lenet_w4a4_top_mac_muladd_4s_4s_9s_9_4_1_DSP48_1_U/m_reg_reg is absorbed into DSP mac_muladd_4s_4s_9s_9_4_1_U24/lenet_w4a4_top_mac_muladd_4s_4s_9s_9_4_1_DSP48_1_U/p_reg_reg.
DSP Report: operator mac_muladd_4s_4s_9s_9_4_1_U24/lenet_w4a4_top_mac_muladd_4s_4s_9s_9_4_1_DSP48_1_U/p is absorbed into DSP mac_muladd_4s_4s_9s_9_4_1_U24/lenet_w4a4_top_mac_muladd_4s_4s_9s_9_4_1_DSP48_1_U/p_reg_reg.
DSP Report: operator mac_muladd_4s_4s_9s_9_4_1_U24/lenet_w4a4_top_mac_muladd_4s_4s_9s_9_4_1_DSP48_1_U/m is absorbed into DSP mac_muladd_4s_4s_9s_9_4_1_U24/lenet_w4a4_top_mac_muladd_4s_4s_9s_9_4_1_DSP48_1_U/p_reg_reg.
DSP Report: Generating DSP mac_muladd_4s_4s_8s_9_4_1_U27/lenet_w4a4_top_mac_muladd_4s_4s_8s_9_4_1_DSP48_0_U/m_reg_reg, operation Mode is: (A''*B2)'.
DSP Report: register mac_muladd_4s_4s_8s_9_4_1_U27/lenet_w4a4_top_mac_muladd_4s_4s_8s_9_4_1_DSP48_0_U/m_reg_reg is absorbed into DSP mac_muladd_4s_4s_8s_9_4_1_U27/lenet_w4a4_top_mac_muladd_4s_4s_8s_9_4_1_DSP48_0_U/m_reg_reg.
DSP Report: register mac_muladd_4s_4s_8s_9_4_1_U27/lenet_w4a4_top_mac_muladd_4s_4s_8s_9_4_1_DSP48_0_U/m_reg_reg is absorbed into DSP mac_muladd_4s_4s_8s_9_4_1_U27/lenet_w4a4_top_mac_muladd_4s_4s_8s_9_4_1_DSP48_0_U/m_reg_reg.
DSP Report: register mac_muladd_4s_4s_8s_9_4_1_U27/lenet_w4a4_top_mac_muladd_4s_4s_8s_9_4_1_DSP48_0_U/m_reg_reg is absorbed into DSP mac_muladd_4s_4s_8s_9_4_1_U27/lenet_w4a4_top_mac_muladd_4s_4s_8s_9_4_1_DSP48_0_U/m_reg_reg.
DSP Report: register mac_muladd_4s_4s_8s_9_4_1_U27/lenet_w4a4_top_mac_muladd_4s_4s_8s_9_4_1_DSP48_0_U/m_reg_reg is absorbed into DSP mac_muladd_4s_4s_8s_9_4_1_U27/lenet_w4a4_top_mac_muladd_4s_4s_8s_9_4_1_DSP48_0_U/m_reg_reg.
DSP Report: operator mac_muladd_4s_4s_8s_9_4_1_U27/lenet_w4a4_top_mac_muladd_4s_4s_8s_9_4_1_DSP48_0_U/m is absorbed into DSP mac_muladd_4s_4s_8s_9_4_1_U27/lenet_w4a4_top_mac_muladd_4s_4s_8s_9_4_1_DSP48_0_U/m_reg_reg.
DSP Report: Generating DSP mac_muladd_4s_4s_8s_9_4_1_U27/lenet_w4a4_top_mac_muladd_4s_4s_8s_9_4_1_DSP48_0_U/p_reg_reg, operation Mode is: (PCIN+(A2*B)')'.
DSP Report: register reg_682_reg is absorbed into DSP mac_muladd_4s_4s_8s_9_4_1_U27/lenet_w4a4_top_mac_muladd_4s_4s_8s_9_4_1_DSP48_0_U/p_reg_reg.
DSP Report: register mac_muladd_4s_4s_8s_9_4_1_U27/lenet_w4a4_top_mac_muladd_4s_4s_8s_9_4_1_DSP48_0_U/p_reg_reg is absorbed into DSP mac_muladd_4s_4s_8s_9_4_1_U27/lenet_w4a4_top_mac_muladd_4s_4s_8s_9_4_1_DSP48_0_U/p_reg_reg.
DSP Report: register mul_ln840_21_reg_5278_reg is absorbed into DSP mac_muladd_4s_4s_8s_9_4_1_U27/lenet_w4a4_top_mac_muladd_4s_4s_8s_9_4_1_DSP48_0_U/p_reg_reg.
DSP Report: operator mac_muladd_4s_4s_8s_9_4_1_U27/lenet_w4a4_top_mac_muladd_4s_4s_8s_9_4_1_DSP48_0_U/p is absorbed into DSP mac_muladd_4s_4s_8s_9_4_1_U27/lenet_w4a4_top_mac_muladd_4s_4s_8s_9_4_1_DSP48_0_U/p_reg_reg.
DSP Report: operator mul_4s_4s_8_1_1_U11/dout is absorbed into DSP mac_muladd_4s_4s_8s_9_4_1_U27/lenet_w4a4_top_mac_muladd_4s_4s_8s_9_4_1_DSP48_0_U/p_reg_reg.
DSP Report: Generating DSP mac_muladd_4s_4s_8s_9_4_1_U25/lenet_w4a4_top_mac_muladd_4s_4s_8s_9_4_1_DSP48_0_U/m_reg_reg, operation Mode is: (A''*B2)'.
DSP Report: register mac_muladd_4s_4s_8s_9_4_1_U25/lenet_w4a4_top_mac_muladd_4s_4s_8s_9_4_1_DSP48_0_U/m_reg_reg is absorbed into DSP mac_muladd_4s_4s_8s_9_4_1_U25/lenet_w4a4_top_mac_muladd_4s_4s_8s_9_4_1_DSP48_0_U/m_reg_reg.
DSP Report: register mac_muladd_4s_4s_8s_9_4_1_U25/lenet_w4a4_top_mac_muladd_4s_4s_8s_9_4_1_DSP48_0_U/m_reg_reg is absorbed into DSP mac_muladd_4s_4s_8s_9_4_1_U25/lenet_w4a4_top_mac_muladd_4s_4s_8s_9_4_1_DSP48_0_U/m_reg_reg.
DSP Report: register mac_muladd_4s_4s_8s_9_4_1_U25/lenet_w4a4_top_mac_muladd_4s_4s_8s_9_4_1_DSP48_0_U/m_reg_reg is absorbed into DSP mac_muladd_4s_4s_8s_9_4_1_U25/lenet_w4a4_top_mac_muladd_4s_4s_8s_9_4_1_DSP48_0_U/m_reg_reg.
DSP Report: register mac_muladd_4s_4s_8s_9_4_1_U25/lenet_w4a4_top_mac_muladd_4s_4s_8s_9_4_1_DSP48_0_U/m_reg_reg is absorbed into DSP mac_muladd_4s_4s_8s_9_4_1_U25/lenet_w4a4_top_mac_muladd_4s_4s_8s_9_4_1_DSP48_0_U/m_reg_reg.
DSP Report: operator mac_muladd_4s_4s_8s_9_4_1_U25/lenet_w4a4_top_mac_muladd_4s_4s_8s_9_4_1_DSP48_0_U/m is absorbed into DSP mac_muladd_4s_4s_8s_9_4_1_U25/lenet_w4a4_top_mac_muladd_4s_4s_8s_9_4_1_DSP48_0_U/m_reg_reg.
DSP Report: Generating DSP mac_muladd_4s_4s_8s_9_4_1_U25/lenet_w4a4_top_mac_muladd_4s_4s_8s_9_4_1_DSP48_0_U/p_reg_reg, operation Mode is: (PCIN+(A2*B)')'.
DSP Report: register input_V_load_19_reg_4655_reg is absorbed into DSP mac_muladd_4s_4s_8s_9_4_1_U25/lenet_w4a4_top_mac_muladd_4s_4s_8s_9_4_1_DSP48_0_U/p_reg_reg.
DSP Report: register mac_muladd_4s_4s_8s_9_4_1_U25/lenet_w4a4_top_mac_muladd_4s_4s_8s_9_4_1_DSP48_0_U/p_reg_reg is absorbed into DSP mac_muladd_4s_4s_8s_9_4_1_U25/lenet_w4a4_top_mac_muladd_4s_4s_8s_9_4_1_DSP48_0_U/p_reg_reg.
DSP Report: register mul_ln840_19_reg_5228_reg is absorbed into DSP mac_muladd_4s_4s_8s_9_4_1_U25/lenet_w4a4_top_mac_muladd_4s_4s_8s_9_4_1_DSP48_0_U/p_reg_reg.
DSP Report: operator mac_muladd_4s_4s_8s_9_4_1_U25/lenet_w4a4_top_mac_muladd_4s_4s_8s_9_4_1_DSP48_0_U/p is absorbed into DSP mac_muladd_4s_4s_8s_9_4_1_U25/lenet_w4a4_top_mac_muladd_4s_4s_8s_9_4_1_DSP48_0_U/p_reg_reg.
DSP Report: operator mul_4s_4s_8_1_1_U10/dout is absorbed into DSP mac_muladd_4s_4s_8s_9_4_1_U25/lenet_w4a4_top_mac_muladd_4s_4s_8s_9_4_1_DSP48_0_U/p_reg_reg.
DSP Report: Generating DSP mac_muladd_4s_4s_9s_9_4_1_U26/lenet_w4a4_top_mac_muladd_4s_4s_9s_9_4_1_DSP48_1_U/p_reg_reg, operation Mode is: (PCIN+(A''*B'')')'.
DSP Report: register mac_muladd_4s_4s_9s_9_4_1_U26/lenet_w4a4_top_mac_muladd_4s_4s_9s_9_4_1_DSP48_1_U/p_reg_reg is absorbed into DSP mac_muladd_4s_4s_9s_9_4_1_U26/lenet_w4a4_top_mac_muladd_4s_4s_9s_9_4_1_DSP48_1_U/p_reg_reg.
DSP Report: register mac_muladd_4s_4s_9s_9_4_1_U26/lenet_w4a4_top_mac_muladd_4s_4s_9s_9_4_1_DSP48_1_U/p_reg_reg is absorbed into DSP mac_muladd_4s_4s_9s_9_4_1_U26/lenet_w4a4_top_mac_muladd_4s_4s_9s_9_4_1_DSP48_1_U/p_reg_reg.
DSP Report: register mac_muladd_4s_4s_9s_9_4_1_U26/lenet_w4a4_top_mac_muladd_4s_4s_9s_9_4_1_DSP48_1_U/p_reg_reg is absorbed into DSP mac_muladd_4s_4s_9s_9_4_1_U26/lenet_w4a4_top_mac_muladd_4s_4s_9s_9_4_1_DSP48_1_U/p_reg_reg.
DSP Report: register mac_muladd_4s_4s_9s_9_4_1_U26/lenet_w4a4_top_mac_muladd_4s_4s_9s_9_4_1_DSP48_1_U/p_reg_reg is absorbed into DSP mac_muladd_4s_4s_9s_9_4_1_U26/lenet_w4a4_top_mac_muladd_4s_4s_9s_9_4_1_DSP48_1_U/p_reg_reg.
DSP Report: register mac_muladd_4s_4s_9s_9_4_1_U26/lenet_w4a4_top_mac_muladd_4s_4s_9s_9_4_1_DSP48_1_U/p_reg_reg is absorbed into DSP mac_muladd_4s_4s_9s_9_4_1_U26/lenet_w4a4_top_mac_muladd_4s_4s_9s_9_4_1_DSP48_1_U/p_reg_reg.
DSP Report: register mac_muladd_4s_4s_9s_9_4_1_U26/lenet_w4a4_top_mac_muladd_4s_4s_9s_9_4_1_DSP48_1_U/m_reg_reg is absorbed into DSP mac_muladd_4s_4s_9s_9_4_1_U26/lenet_w4a4_top_mac_muladd_4s_4s_9s_9_4_1_DSP48_1_U/p_reg_reg.
DSP Report: operator mac_muladd_4s_4s_9s_9_4_1_U26/lenet_w4a4_top_mac_muladd_4s_4s_9s_9_4_1_DSP48_1_U/p is absorbed into DSP mac_muladd_4s_4s_9s_9_4_1_U26/lenet_w4a4_top_mac_muladd_4s_4s_9s_9_4_1_DSP48_1_U/p_reg_reg.
DSP Report: operator mac_muladd_4s_4s_9s_9_4_1_U26/lenet_w4a4_top_mac_muladd_4s_4s_9s_9_4_1_DSP48_1_U/m is absorbed into DSP mac_muladd_4s_4s_9s_9_4_1_U26/lenet_w4a4_top_mac_muladd_4s_4s_9s_9_4_1_DSP48_1_U/p_reg_reg.
DSP Report: Generating DSP mac_muladd_4s_4s_8s_9_4_1_U28/lenet_w4a4_top_mac_muladd_4s_4s_8s_9_4_1_DSP48_0_U/m_reg_reg, operation Mode is: (A''*B2)'.
DSP Report: register mac_muladd_4s_4s_8s_9_4_1_U28/lenet_w4a4_top_mac_muladd_4s_4s_8s_9_4_1_DSP48_0_U/m_reg_reg is absorbed into DSP mac_muladd_4s_4s_8s_9_4_1_U28/lenet_w4a4_top_mac_muladd_4s_4s_8s_9_4_1_DSP48_0_U/m_reg_reg.
DSP Report: register mac_muladd_4s_4s_8s_9_4_1_U28/lenet_w4a4_top_mac_muladd_4s_4s_8s_9_4_1_DSP48_0_U/m_reg_reg is absorbed into DSP mac_muladd_4s_4s_8s_9_4_1_U28/lenet_w4a4_top_mac_muladd_4s_4s_8s_9_4_1_DSP48_0_U/m_reg_reg.
DSP Report: register mac_muladd_4s_4s_8s_9_4_1_U28/lenet_w4a4_top_mac_muladd_4s_4s_8s_9_4_1_DSP48_0_U/m_reg_reg is absorbed into DSP mac_muladd_4s_4s_8s_9_4_1_U28/lenet_w4a4_top_mac_muladd_4s_4s_8s_9_4_1_DSP48_0_U/m_reg_reg.
DSP Report: register mac_muladd_4s_4s_8s_9_4_1_U28/lenet_w4a4_top_mac_muladd_4s_4s_8s_9_4_1_DSP48_0_U/m_reg_reg is absorbed into DSP mac_muladd_4s_4s_8s_9_4_1_U28/lenet_w4a4_top_mac_muladd_4s_4s_8s_9_4_1_DSP48_0_U/m_reg_reg.
DSP Report: operator mac_muladd_4s_4s_8s_9_4_1_U28/lenet_w4a4_top_mac_muladd_4s_4s_8s_9_4_1_DSP48_0_U/m is absorbed into DSP mac_muladd_4s_4s_8s_9_4_1_U28/lenet_w4a4_top_mac_muladd_4s_4s_8s_9_4_1_DSP48_0_U/m_reg_reg.
DSP Report: Generating DSP mac_muladd_4s_4s_8s_9_4_1_U28/lenet_w4a4_top_mac_muladd_4s_4s_8s_9_4_1_DSP48_0_U/p_reg_reg, operation Mode is: (PCIN+(A2*B)')'.
DSP Report: register input_V_load_23_reg_4753_reg is absorbed into DSP mac_muladd_4s_4s_8s_9_4_1_U28/lenet_w4a4_top_mac_muladd_4s_4s_8s_9_4_1_DSP48_0_U/p_reg_reg.
DSP Report: register mac_muladd_4s_4s_8s_9_4_1_U28/lenet_w4a4_top_mac_muladd_4s_4s_8s_9_4_1_DSP48_0_U/p_reg_reg is absorbed into DSP mac_muladd_4s_4s_8s_9_4_1_U28/lenet_w4a4_top_mac_muladd_4s_4s_8s_9_4_1_DSP48_0_U/p_reg_reg.
DSP Report: register mul_ln840_23_reg_5323_reg is absorbed into DSP mac_muladd_4s_4s_8s_9_4_1_U28/lenet_w4a4_top_mac_muladd_4s_4s_8s_9_4_1_DSP48_0_U/p_reg_reg.
DSP Report: operator mac_muladd_4s_4s_8s_9_4_1_U28/lenet_w4a4_top_mac_muladd_4s_4s_8s_9_4_1_DSP48_0_U/p is absorbed into DSP mac_muladd_4s_4s_8s_9_4_1_U28/lenet_w4a4_top_mac_muladd_4s_4s_8s_9_4_1_DSP48_0_U/p_reg_reg.
DSP Report: operator mul_4s_4s_8_1_1_U12/dout is absorbed into DSP mac_muladd_4s_4s_8s_9_4_1_U28/lenet_w4a4_top_mac_muladd_4s_4s_8s_9_4_1_DSP48_0_U/p_reg_reg.
DSP Report: Generating DSP mac_muladd_4s_4s_8s_9_4_1_U17/lenet_w4a4_top_mac_muladd_4s_4s_8s_9_4_1_DSP48_0_U/m_reg_reg, operation Mode is: (A''*B2)'.
DSP Report: register mac_muladd_4s_4s_8s_9_4_1_U17/lenet_w4a4_top_mac_muladd_4s_4s_8s_9_4_1_DSP48_0_U/m_reg_reg is absorbed into DSP mac_muladd_4s_4s_8s_9_4_1_U17/lenet_w4a4_top_mac_muladd_4s_4s_8s_9_4_1_DSP48_0_U/m_reg_reg.
DSP Report: register mac_muladd_4s_4s_8s_9_4_1_U17/lenet_w4a4_top_mac_muladd_4s_4s_8s_9_4_1_DSP48_0_U/m_reg_reg is absorbed into DSP mac_muladd_4s_4s_8s_9_4_1_U17/lenet_w4a4_top_mac_muladd_4s_4s_8s_9_4_1_DSP48_0_U/m_reg_reg.
DSP Report: register mac_muladd_4s_4s_8s_9_4_1_U17/lenet_w4a4_top_mac_muladd_4s_4s_8s_9_4_1_DSP48_0_U/m_reg_reg is absorbed into DSP mac_muladd_4s_4s_8s_9_4_1_U17/lenet_w4a4_top_mac_muladd_4s_4s_8s_9_4_1_DSP48_0_U/m_reg_reg.
DSP Report: register mac_muladd_4s_4s_8s_9_4_1_U17/lenet_w4a4_top_mac_muladd_4s_4s_8s_9_4_1_DSP48_0_U/m_reg_reg is absorbed into DSP mac_muladd_4s_4s_8s_9_4_1_U17/lenet_w4a4_top_mac_muladd_4s_4s_8s_9_4_1_DSP48_0_U/m_reg_reg.
DSP Report: operator mac_muladd_4s_4s_8s_9_4_1_U17/lenet_w4a4_top_mac_muladd_4s_4s_8s_9_4_1_DSP48_0_U/m is absorbed into DSP mac_muladd_4s_4s_8s_9_4_1_U17/lenet_w4a4_top_mac_muladd_4s_4s_8s_9_4_1_DSP48_0_U/m_reg_reg.
DSP Report: Generating DSP mac_muladd_4s_4s_8s_9_4_1_U17/lenet_w4a4_top_mac_muladd_4s_4s_8s_9_4_1_DSP48_0_U/p_reg_reg, operation Mode is: (PCIN+(A2*B)')'.
DSP Report: register input_V_load_7_reg_4465_reg is absorbed into DSP mac_muladd_4s_4s_8s_9_4_1_U17/lenet_w4a4_top_mac_muladd_4s_4s_8s_9_4_1_DSP48_0_U/p_reg_reg.
DSP Report: register mac_muladd_4s_4s_8s_9_4_1_U17/lenet_w4a4_top_mac_muladd_4s_4s_8s_9_4_1_DSP48_0_U/p_reg_reg is absorbed into DSP mac_muladd_4s_4s_8s_9_4_1_U17/lenet_w4a4_top_mac_muladd_4s_4s_8s_9_4_1_DSP48_0_U/p_reg_reg.
DSP Report: register mul_ln840_7_reg_4928_reg is absorbed into DSP mac_muladd_4s_4s_8s_9_4_1_U17/lenet_w4a4_top_mac_muladd_4s_4s_8s_9_4_1_DSP48_0_U/p_reg_reg.
DSP Report: operator mac_muladd_4s_4s_8s_9_4_1_U17/lenet_w4a4_top_mac_muladd_4s_4s_8s_9_4_1_DSP48_0_U/p is absorbed into DSP mac_muladd_4s_4s_8s_9_4_1_U17/lenet_w4a4_top_mac_muladd_4s_4s_8s_9_4_1_DSP48_0_U/p_reg_reg.
DSP Report: operator mul_4s_4s_8_1_1_U6/dout is absorbed into DSP mac_muladd_4s_4s_8s_9_4_1_U17/lenet_w4a4_top_mac_muladd_4s_4s_8s_9_4_1_DSP48_0_U/p_reg_reg.
DSP Report: Generating DSP mac_muladd_4s_4s_9s_9_4_1_U18/lenet_w4a4_top_mac_muladd_4s_4s_9s_9_4_1_DSP48_1_U/p_reg_reg, operation Mode is: (PCIN+(A''*B'')')'.
DSP Report: register mac_muladd_4s_4s_9s_9_4_1_U18/lenet_w4a4_top_mac_muladd_4s_4s_9s_9_4_1_DSP48_1_U/p_reg_reg is absorbed into DSP mac_muladd_4s_4s_9s_9_4_1_U18/lenet_w4a4_top_mac_muladd_4s_4s_9s_9_4_1_DSP48_1_U/p_reg_reg.
DSP Report: register mac_muladd_4s_4s_9s_9_4_1_U18/lenet_w4a4_top_mac_muladd_4s_4s_9s_9_4_1_DSP48_1_U/p_reg_reg is absorbed into DSP mac_muladd_4s_4s_9s_9_4_1_U18/lenet_w4a4_top_mac_muladd_4s_4s_9s_9_4_1_DSP48_1_U/p_reg_reg.
DSP Report: register mac_muladd_4s_4s_9s_9_4_1_U18/lenet_w4a4_top_mac_muladd_4s_4s_9s_9_4_1_DSP48_1_U/p_reg_reg is absorbed into DSP mac_muladd_4s_4s_9s_9_4_1_U18/lenet_w4a4_top_mac_muladd_4s_4s_9s_9_4_1_DSP48_1_U/p_reg_reg.
DSP Report: register mac_muladd_4s_4s_9s_9_4_1_U18/lenet_w4a4_top_mac_muladd_4s_4s_9s_9_4_1_DSP48_1_U/p_reg_reg is absorbed into DSP mac_muladd_4s_4s_9s_9_4_1_U18/lenet_w4a4_top_mac_muladd_4s_4s_9s_9_4_1_DSP48_1_U/p_reg_reg.
DSP Report: register mac_muladd_4s_4s_9s_9_4_1_U18/lenet_w4a4_top_mac_muladd_4s_4s_9s_9_4_1_DSP48_1_U/p_reg_reg is absorbed into DSP mac_muladd_4s_4s_9s_9_4_1_U18/lenet_w4a4_top_mac_muladd_4s_4s_9s_9_4_1_DSP48_1_U/p_reg_reg.
DSP Report: register mac_muladd_4s_4s_9s_9_4_1_U18/lenet_w4a4_top_mac_muladd_4s_4s_9s_9_4_1_DSP48_1_U/m_reg_reg is absorbed into DSP mac_muladd_4s_4s_9s_9_4_1_U18/lenet_w4a4_top_mac_muladd_4s_4s_9s_9_4_1_DSP48_1_U/p_reg_reg.
DSP Report: operator mac_muladd_4s_4s_9s_9_4_1_U18/lenet_w4a4_top_mac_muladd_4s_4s_9s_9_4_1_DSP48_1_U/p is absorbed into DSP mac_muladd_4s_4s_9s_9_4_1_U18/lenet_w4a4_top_mac_muladd_4s_4s_9s_9_4_1_DSP48_1_U/p_reg_reg.
DSP Report: operator mac_muladd_4s_4s_9s_9_4_1_U18/lenet_w4a4_top_mac_muladd_4s_4s_9s_9_4_1_DSP48_1_U/m is absorbed into DSP mac_muladd_4s_4s_9s_9_4_1_U18/lenet_w4a4_top_mac_muladd_4s_4s_9s_9_4_1_DSP48_1_U/p_reg_reg.
DSP Report: Generating DSP mac_muladd_4s_4s_8s_9_4_1_U19/lenet_w4a4_top_mac_muladd_4s_4s_8s_9_4_1_DSP48_0_U/m_reg_reg, operation Mode is: (A''*B2)'.
DSP Report: register mac_muladd_4s_4s_8s_9_4_1_U19/lenet_w4a4_top_mac_muladd_4s_4s_8s_9_4_1_DSP48_0_U/m_reg_reg is absorbed into DSP mac_muladd_4s_4s_8s_9_4_1_U19/lenet_w4a4_top_mac_muladd_4s_4s_8s_9_4_1_DSP48_0_U/m_reg_reg.
DSP Report: register mac_muladd_4s_4s_8s_9_4_1_U19/lenet_w4a4_top_mac_muladd_4s_4s_8s_9_4_1_DSP48_0_U/m_reg_reg is absorbed into DSP mac_muladd_4s_4s_8s_9_4_1_U19/lenet_w4a4_top_mac_muladd_4s_4s_8s_9_4_1_DSP48_0_U/m_reg_reg.
DSP Report: register mac_muladd_4s_4s_8s_9_4_1_U19/lenet_w4a4_top_mac_muladd_4s_4s_8s_9_4_1_DSP48_0_U/m_reg_reg is absorbed into DSP mac_muladd_4s_4s_8s_9_4_1_U19/lenet_w4a4_top_mac_muladd_4s_4s_8s_9_4_1_DSP48_0_U/m_reg_reg.
DSP Report: register mac_muladd_4s_4s_8s_9_4_1_U19/lenet_w4a4_top_mac_muladd_4s_4s_8s_9_4_1_DSP48_0_U/m_reg_reg is absorbed into DSP mac_muladd_4s_4s_8s_9_4_1_U19/lenet_w4a4_top_mac_muladd_4s_4s_8s_9_4_1_DSP48_0_U/m_reg_reg.
DSP Report: operator mac_muladd_4s_4s_8s_9_4_1_U19/lenet_w4a4_top_mac_muladd_4s_4s_8s_9_4_1_DSP48_0_U/m is absorbed into DSP mac_muladd_4s_4s_8s_9_4_1_U19/lenet_w4a4_top_mac_muladd_4s_4s_8s_9_4_1_DSP48_0_U/m_reg_reg.
DSP Report: Generating DSP mac_muladd_4s_4s_8s_9_4_1_U19/lenet_w4a4_top_mac_muladd_4s_4s_8s_9_4_1_DSP48_0_U/p_reg_reg, operation Mode is: (PCIN+(A2*B)')'.
DSP Report: register input_V_load_10_reg_4507_reg is absorbed into DSP mac_muladd_4s_4s_8s_9_4_1_U19/lenet_w4a4_top_mac_muladd_4s_4s_8s_9_4_1_DSP48_0_U/p_reg_reg.
DSP Report: register mac_muladd_4s_4s_8s_9_4_1_U19/lenet_w4a4_top_mac_muladd_4s_4s_8s_9_4_1_DSP48_0_U/p_reg_reg is absorbed into DSP mac_muladd_4s_4s_8s_9_4_1_U19/lenet_w4a4_top_mac_muladd_4s_4s_8s_9_4_1_DSP48_0_U/p_reg_reg.
DSP Report: register mul_ln840_10_reg_5003_reg is absorbed into DSP mac_muladd_4s_4s_8s_9_4_1_U19/lenet_w4a4_top_mac_muladd_4s_4s_8s_9_4_1_DSP48_0_U/p_reg_reg.
DSP Report: operator mac_muladd_4s_4s_8s_9_4_1_U19/lenet_w4a4_top_mac_muladd_4s_4s_8s_9_4_1_DSP48_0_U/p is absorbed into DSP mac_muladd_4s_4s_8s_9_4_1_U19/lenet_w4a4_top_mac_muladd_4s_4s_8s_9_4_1_DSP48_0_U/p_reg_reg.
DSP Report: operator mul_4s_4s_8_1_1_U7/dout is absorbed into DSP mac_muladd_4s_4s_8s_9_4_1_U19/lenet_w4a4_top_mac_muladd_4s_4s_8s_9_4_1_DSP48_0_U/p_reg_reg.
DSP Report: Generating DSP mac_muladd_4s_4s_9s_9_4_1_U20/lenet_w4a4_top_mac_muladd_4s_4s_9s_9_4_1_DSP48_1_U/p_reg_reg, operation Mode is: (PCIN+(A''*B'')')'.
DSP Report: register mac_muladd_4s_4s_9s_9_4_1_U20/lenet_w4a4_top_mac_muladd_4s_4s_9s_9_4_1_DSP48_1_U/p_reg_reg is absorbed into DSP mac_muladd_4s_4s_9s_9_4_1_U20/lenet_w4a4_top_mac_muladd_4s_4s_9s_9_4_1_DSP48_1_U/p_reg_reg.
DSP Report: register mac_muladd_4s_4s_9s_9_4_1_U20/lenet_w4a4_top_mac_muladd_4s_4s_9s_9_4_1_DSP48_1_U/p_reg_reg is absorbed into DSP mac_muladd_4s_4s_9s_9_4_1_U20/lenet_w4a4_top_mac_muladd_4s_4s_9s_9_4_1_DSP48_1_U/p_reg_reg.
DSP Report: register mac_muladd_4s_4s_9s_9_4_1_U20/lenet_w4a4_top_mac_muladd_4s_4s_9s_9_4_1_DSP48_1_U/p_reg_reg is absorbed into DSP mac_muladd_4s_4s_9s_9_4_1_U20/lenet_w4a4_top_mac_muladd_4s_4s_9s_9_4_1_DSP48_1_U/p_reg_reg.
DSP Report: register mac_muladd_4s_4s_9s_9_4_1_U20/lenet_w4a4_top_mac_muladd_4s_4s_9s_9_4_1_DSP48_1_U/p_reg_reg is absorbed into DSP mac_muladd_4s_4s_9s_9_4_1_U20/lenet_w4a4_top_mac_muladd_4s_4s_9s_9_4_1_DSP48_1_U/p_reg_reg.
DSP Report: register mac_muladd_4s_4s_9s_9_4_1_U20/lenet_w4a4_top_mac_muladd_4s_4s_9s_9_4_1_DSP48_1_U/p_reg_reg is absorbed into DSP mac_muladd_4s_4s_9s_9_4_1_U20/lenet_w4a4_top_mac_muladd_4s_4s_9s_9_4_1_DSP48_1_U/p_reg_reg.
DSP Report: register mac_muladd_4s_4s_9s_9_4_1_U20/lenet_w4a4_top_mac_muladd_4s_4s_9s_9_4_1_DSP48_1_U/m_reg_reg is absorbed into DSP mac_muladd_4s_4s_9s_9_4_1_U20/lenet_w4a4_top_mac_muladd_4s_4s_9s_9_4_1_DSP48_1_U/p_reg_reg.
DSP Report: operator mac_muladd_4s_4s_9s_9_4_1_U20/lenet_w4a4_top_mac_muladd_4s_4s_9s_9_4_1_DSP48_1_U/p is absorbed into DSP mac_muladd_4s_4s_9s_9_4_1_U20/lenet_w4a4_top_mac_muladd_4s_4s_9s_9_4_1_DSP48_1_U/p_reg_reg.
DSP Report: operator mac_muladd_4s_4s_9s_9_4_1_U20/lenet_w4a4_top_mac_muladd_4s_4s_9s_9_4_1_DSP48_1_U/m is absorbed into DSP mac_muladd_4s_4s_9s_9_4_1_U20/lenet_w4a4_top_mac_muladd_4s_4s_9s_9_4_1_DSP48_1_U/p_reg_reg.
DSP Report: Generating DSP mac_muladd_4s_4s_8s_9_4_1_U13/lenet_w4a4_top_mac_muladd_4s_4s_8s_9_4_1_DSP48_0_U/m_reg_reg, operation Mode is: (A''*B2)'.
DSP Report: register mac_muladd_4s_4s_8s_9_4_1_U13/lenet_w4a4_top_mac_muladd_4s_4s_8s_9_4_1_DSP48_0_U/m_reg_reg is absorbed into DSP mac_muladd_4s_4s_8s_9_4_1_U13/lenet_w4a4_top_mac_muladd_4s_4s_8s_9_4_1_DSP48_0_U/m_reg_reg.
DSP Report: register mac_muladd_4s_4s_8s_9_4_1_U13/lenet_w4a4_top_mac_muladd_4s_4s_8s_9_4_1_DSP48_0_U/m_reg_reg is absorbed into DSP mac_muladd_4s_4s_8s_9_4_1_U13/lenet_w4a4_top_mac_muladd_4s_4s_8s_9_4_1_DSP48_0_U/m_reg_reg.
DSP Report: register mac_muladd_4s_4s_8s_9_4_1_U13/lenet_w4a4_top_mac_muladd_4s_4s_8s_9_4_1_DSP48_0_U/m_reg_reg is absorbed into DSP mac_muladd_4s_4s_8s_9_4_1_U13/lenet_w4a4_top_mac_muladd_4s_4s_8s_9_4_1_DSP48_0_U/m_reg_reg.
DSP Report: register mac_muladd_4s_4s_8s_9_4_1_U13/lenet_w4a4_top_mac_muladd_4s_4s_8s_9_4_1_DSP48_0_U/m_reg_reg is absorbed into DSP mac_muladd_4s_4s_8s_9_4_1_U13/lenet_w4a4_top_mac_muladd_4s_4s_8s_9_4_1_DSP48_0_U/m_reg_reg.
DSP Report: operator mac_muladd_4s_4s_8s_9_4_1_U13/lenet_w4a4_top_mac_muladd_4s_4s_8s_9_4_1_DSP48_0_U/m is absorbed into DSP mac_muladd_4s_4s_8s_9_4_1_U13/lenet_w4a4_top_mac_muladd_4s_4s_8s_9_4_1_DSP48_0_U/m_reg_reg.
DSP Report: Generating DSP mac_muladd_4s_4s_8s_9_4_1_U13/lenet_w4a4_top_mac_muladd_4s_4s_8s_9_4_1_DSP48_0_U/p_reg_reg, operation Mode is: (PCIN+(A2*B)')'.
DSP Report: register reg_678_reg is absorbed into DSP mac_muladd_4s_4s_8s_9_4_1_U13/lenet_w4a4_top_mac_muladd_4s_4s_8s_9_4_1_DSP48_0_U/p_reg_reg.
DSP Report: register mac_muladd_4s_4s_8s_9_4_1_U13/lenet_w4a4_top_mac_muladd_4s_4s_8s_9_4_1_DSP48_0_U/p_reg_reg is absorbed into DSP mac_muladd_4s_4s_8s_9_4_1_U13/lenet_w4a4_top_mac_muladd_4s_4s_8s_9_4_1_DSP48_0_U/p_reg_reg.
DSP Report: register mul_ln840_reg_4533_reg is absorbed into DSP mac_muladd_4s_4s_8s_9_4_1_U13/lenet_w4a4_top_mac_muladd_4s_4s_8s_9_4_1_DSP48_0_U/p_reg_reg.
DSP Report: operator mac_muladd_4s_4s_8s_9_4_1_U13/lenet_w4a4_top_mac_muladd_4s_4s_8s_9_4_1_DSP48_0_U/p is absorbed into DSP mac_muladd_4s_4s_8s_9_4_1_U13/lenet_w4a4_top_mac_muladd_4s_4s_8s_9_4_1_DSP48_0_U/p_reg_reg.
DSP Report: operator mul_4s_4s_8_1_1_U4/dout is absorbed into DSP mac_muladd_4s_4s_8s_9_4_1_U13/lenet_w4a4_top_mac_muladd_4s_4s_8s_9_4_1_DSP48_0_U/p_reg_reg.
DSP Report: Generating DSP mac_muladd_4s_4s_9s_9_4_1_U14/lenet_w4a4_top_mac_muladd_4s_4s_9s_9_4_1_DSP48_1_U/p_reg_reg, operation Mode is: (PCIN+(A''*B'')')'.
DSP Report: register mac_muladd_4s_4s_9s_9_4_1_U14/lenet_w4a4_top_mac_muladd_4s_4s_9s_9_4_1_DSP48_1_U/p_reg_reg is absorbed into DSP mac_muladd_4s_4s_9s_9_4_1_U14/lenet_w4a4_top_mac_muladd_4s_4s_9s_9_4_1_DSP48_1_U/p_reg_reg.
DSP Report: register mac_muladd_4s_4s_9s_9_4_1_U14/lenet_w4a4_top_mac_muladd_4s_4s_9s_9_4_1_DSP48_1_U/p_reg_reg is absorbed into DSP mac_muladd_4s_4s_9s_9_4_1_U14/lenet_w4a4_top_mac_muladd_4s_4s_9s_9_4_1_DSP48_1_U/p_reg_reg.
DSP Report: register mac_muladd_4s_4s_9s_9_4_1_U14/lenet_w4a4_top_mac_muladd_4s_4s_9s_9_4_1_DSP48_1_U/p_reg_reg is absorbed into DSP mac_muladd_4s_4s_9s_9_4_1_U14/lenet_w4a4_top_mac_muladd_4s_4s_9s_9_4_1_DSP48_1_U/p_reg_reg.
DSP Report: register mac_muladd_4s_4s_9s_9_4_1_U14/lenet_w4a4_top_mac_muladd_4s_4s_9s_9_4_1_DSP48_1_U/p_reg_reg is absorbed into DSP mac_muladd_4s_4s_9s_9_4_1_U14/lenet_w4a4_top_mac_muladd_4s_4s_9s_9_4_1_DSP48_1_U/p_reg_reg.
DSP Report: register mac_muladd_4s_4s_9s_9_4_1_U14/lenet_w4a4_top_mac_muladd_4s_4s_9s_9_4_1_DSP48_1_U/p_reg_reg is absorbed into DSP mac_muladd_4s_4s_9s_9_4_1_U14/lenet_w4a4_top_mac_muladd_4s_4s_9s_9_4_1_DSP48_1_U/p_reg_reg.
DSP Report: register mac_muladd_4s_4s_9s_9_4_1_U14/lenet_w4a4_top_mac_muladd_4s_4s_9s_9_4_1_DSP48_1_U/m_reg_reg is absorbed into DSP mac_muladd_4s_4s_9s_9_4_1_U14/lenet_w4a4_top_mac_muladd_4s_4s_9s_9_4_1_DSP48_1_U/p_reg_reg.
DSP Report: operator mac_muladd_4s_4s_9s_9_4_1_U14/lenet_w4a4_top_mac_muladd_4s_4s_9s_9_4_1_DSP48_1_U/p is absorbed into DSP mac_muladd_4s_4s_9s_9_4_1_U14/lenet_w4a4_top_mac_muladd_4s_4s_9s_9_4_1_DSP48_1_U/p_reg_reg.
DSP Report: operator mac_muladd_4s_4s_9s_9_4_1_U14/lenet_w4a4_top_mac_muladd_4s_4s_9s_9_4_1_DSP48_1_U/m is absorbed into DSP mac_muladd_4s_4s_9s_9_4_1_U14/lenet_w4a4_top_mac_muladd_4s_4s_9s_9_4_1_DSP48_1_U/p_reg_reg.
DSP Report: Generating DSP mac_muladd_4s_4s_8s_9_4_1_U15/lenet_w4a4_top_mac_muladd_4s_4s_8s_9_4_1_DSP48_0_U/m_reg_reg, operation Mode is: (A''*B2)'.
DSP Report: register mac_muladd_4s_4s_8s_9_4_1_U15/lenet_w4a4_top_mac_muladd_4s_4s_8s_9_4_1_DSP48_0_U/m_reg_reg is absorbed into DSP mac_muladd_4s_4s_8s_9_4_1_U15/lenet_w4a4_top_mac_muladd_4s_4s_8s_9_4_1_DSP48_0_U/m_reg_reg.
DSP Report: register mac_muladd_4s_4s_8s_9_4_1_U15/lenet_w4a4_top_mac_muladd_4s_4s_8s_9_4_1_DSP48_0_U/m_reg_reg is absorbed into DSP mac_muladd_4s_4s_8s_9_4_1_U15/lenet_w4a4_top_mac_muladd_4s_4s_8s_9_4_1_DSP48_0_U/m_reg_reg.
DSP Report: register mac_muladd_4s_4s_8s_9_4_1_U15/lenet_w4a4_top_mac_muladd_4s_4s_8s_9_4_1_DSP48_0_U/m_reg_reg is absorbed into DSP mac_muladd_4s_4s_8s_9_4_1_U15/lenet_w4a4_top_mac_muladd_4s_4s_8s_9_4_1_DSP48_0_U/m_reg_reg.
DSP Report: register mac_muladd_4s_4s_8s_9_4_1_U15/lenet_w4a4_top_mac_muladd_4s_4s_8s_9_4_1_DSP48_0_U/m_reg_reg is absorbed into DSP mac_muladd_4s_4s_8s_9_4_1_U15/lenet_w4a4_top_mac_muladd_4s_4s_8s_9_4_1_DSP48_0_U/m_reg_reg.
DSP Report: operator mac_muladd_4s_4s_8s_9_4_1_U15/lenet_w4a4_top_mac_muladd_4s_4s_8s_9_4_1_DSP48_0_U/m is absorbed into DSP mac_muladd_4s_4s_8s_9_4_1_U15/lenet_w4a4_top_mac_muladd_4s_4s_8s_9_4_1_DSP48_0_U/m_reg_reg.
DSP Report: Generating DSP mac_muladd_4s_4s_8s_9_4_1_U15/lenet_w4a4_top_mac_muladd_4s_4s_8s_9_4_1_DSP48_0_U/p_reg_reg, operation Mode is: (PCIN+(A2*B)')'.
DSP Report: register input_V_load_4_reg_4439_reg is absorbed into DSP mac_muladd_4s_4s_8s_9_4_1_U15/lenet_w4a4_top_mac_muladd_4s_4s_8s_9_4_1_DSP48_0_U/p_reg_reg.
DSP Report: register mac_muladd_4s_4s_8s_9_4_1_U15/lenet_w4a4_top_mac_muladd_4s_4s_8s_9_4_1_DSP48_0_U/p_reg_reg is absorbed into DSP mac_muladd_4s_4s_8s_9_4_1_U15/lenet_w4a4_top_mac_muladd_4s_4s_8s_9_4_1_DSP48_0_U/p_reg_reg.
DSP Report: register mul_ln840_4_reg_4738_reg is absorbed into DSP mac_muladd_4s_4s_8s_9_4_1_U15/lenet_w4a4_top_mac_muladd_4s_4s_8s_9_4_1_DSP48_0_U/p_reg_reg.
DSP Report: operator mac_muladd_4s_4s_8s_9_4_1_U15/lenet_w4a4_top_mac_muladd_4s_4s_8s_9_4_1_DSP48_0_U/p is absorbed into DSP mac_muladd_4s_4s_8s_9_4_1_U15/lenet_w4a4_top_mac_muladd_4s_4s_8s_9_4_1_DSP48_0_U/p_reg_reg.
DSP Report: operator mul_4s_4s_8_1_1_U5/dout is absorbed into DSP mac_muladd_4s_4s_8s_9_4_1_U15/lenet_w4a4_top_mac_muladd_4s_4s_8s_9_4_1_DSP48_0_U/p_reg_reg.
DSP Report: Generating DSP mac_muladd_4s_4s_9s_9_4_1_U16/lenet_w4a4_top_mac_muladd_4s_4s_9s_9_4_1_DSP48_1_U/p_reg_reg, operation Mode is: (PCIN+(A''*B'')')'.
DSP Report: register mac_muladd_4s_4s_9s_9_4_1_U16/lenet_w4a4_top_mac_muladd_4s_4s_9s_9_4_1_DSP48_1_U/p_reg_reg is absorbed into DSP mac_muladd_4s_4s_9s_9_4_1_U16/lenet_w4a4_top_mac_muladd_4s_4s_9s_9_4_1_DSP48_1_U/p_reg_reg.
DSP Report: register mac_muladd_4s_4s_9s_9_4_1_U16/lenet_w4a4_top_mac_muladd_4s_4s_9s_9_4_1_DSP48_1_U/p_reg_reg is absorbed into DSP mac_muladd_4s_4s_9s_9_4_1_U16/lenet_w4a4_top_mac_muladd_4s_4s_9s_9_4_1_DSP48_1_U/p_reg_reg.
DSP Report: register mac_muladd_4s_4s_9s_9_4_1_U16/lenet_w4a4_top_mac_muladd_4s_4s_9s_9_4_1_DSP48_1_U/p_reg_reg is absorbed into DSP mac_muladd_4s_4s_9s_9_4_1_U16/lenet_w4a4_top_mac_muladd_4s_4s_9s_9_4_1_DSP48_1_U/p_reg_reg.
DSP Report: register mac_muladd_4s_4s_9s_9_4_1_U16/lenet_w4a4_top_mac_muladd_4s_4s_9s_9_4_1_DSP48_1_U/p_reg_reg is absorbed into DSP mac_muladd_4s_4s_9s_9_4_1_U16/lenet_w4a4_top_mac_muladd_4s_4s_9s_9_4_1_DSP48_1_U/p_reg_reg.
DSP Report: register mac_muladd_4s_4s_9s_9_4_1_U16/lenet_w4a4_top_mac_muladd_4s_4s_9s_9_4_1_DSP48_1_U/p_reg_reg is absorbed into DSP mac_muladd_4s_4s_9s_9_4_1_U16/lenet_w4a4_top_mac_muladd_4s_4s_9s_9_4_1_DSP48_1_U/p_reg_reg.
DSP Report: register mac_muladd_4s_4s_9s_9_4_1_U16/lenet_w4a4_top_mac_muladd_4s_4s_9s_9_4_1_DSP48_1_U/m_reg_reg is absorbed into DSP mac_muladd_4s_4s_9s_9_4_1_U16/lenet_w4a4_top_mac_muladd_4s_4s_9s_9_4_1_DSP48_1_U/p_reg_reg.
DSP Report: operator mac_muladd_4s_4s_9s_9_4_1_U16/lenet_w4a4_top_mac_muladd_4s_4s_9s_9_4_1_DSP48_1_U/p is absorbed into DSP mac_muladd_4s_4s_9s_9_4_1_U16/lenet_w4a4_top_mac_muladd_4s_4s_9s_9_4_1_DSP48_1_U/p_reg_reg.
DSP Report: operator mac_muladd_4s_4s_9s_9_4_1_U16/lenet_w4a4_top_mac_muladd_4s_4s_9s_9_4_1_DSP48_1_U/m is absorbed into DSP mac_muladd_4s_4s_9s_9_4_1_U16/lenet_w4a4_top_mac_muladd_4s_4s_9s_9_4_1_DSP48_1_U/p_reg_reg.
DSP Report: Generating DSP mul_32ns_36ns_67_2_1_U36/tmp_product, operation Mode is: A2*(B:0x9b3).
DSP Report: register mul_32ns_36ns_67_2_1_U36/tmp_product is absorbed into DSP mul_32ns_36ns_67_2_1_U36/tmp_product.
DSP Report: operator mul_32ns_36ns_67_2_1_U36/tmp_product is absorbed into DSP mul_32ns_36ns_67_2_1_U36/tmp_product.
DSP Report: operator mul_32ns_36ns_67_2_1_U36/tmp_product is absorbed into DSP mul_32ns_36ns_67_2_1_U36/tmp_product.
DSP Report: Generating DSP mul_32ns_36ns_67_2_1_U36/dout_reg, operation Mode is: (PCIN>>17)+A*B2.
DSP Report: register mul_32ns_36ns_67_2_1_U36/dout_reg is absorbed into DSP mul_32ns_36ns_67_2_1_U36/dout_reg.
DSP Report: register mul_32ns_36ns_67_2_1_U36/dout_reg is absorbed into DSP mul_32ns_36ns_67_2_1_U36/dout_reg.
DSP Report: operator mul_32ns_36ns_67_2_1_U36/tmp_product is absorbed into DSP mul_32ns_36ns_67_2_1_U36/dout_reg.
DSP Report: operator mul_32ns_36ns_67_2_1_U36/tmp_product is absorbed into DSP mul_32ns_36ns_67_2_1_U36/dout_reg.
DSP Report: Generating DSP mul_32ns_36ns_67_2_1_U36/tmp_product, operation Mode is: A2*(B:0x9b3).
DSP Report: register mul_32ns_36ns_67_2_1_U36/tmp_product is absorbed into DSP mul_32ns_36ns_67_2_1_U36/tmp_product.
DSP Report: operator mul_32ns_36ns_67_2_1_U36/tmp_product is absorbed into DSP mul_32ns_36ns_67_2_1_U36/tmp_product.
DSP Report: operator mul_32ns_36ns_67_2_1_U36/tmp_product is absorbed into DSP mul_32ns_36ns_67_2_1_U36/tmp_product.
DSP Report: Generating DSP mul_32ns_36ns_67_2_1_U36/dout_reg, operation Mode is: (PCIN>>17)+A*B2.
DSP Report: register mul_32ns_36ns_67_2_1_U36/dout_reg is absorbed into DSP mul_32ns_36ns_67_2_1_U36/dout_reg.
DSP Report: register mul_32ns_36ns_67_2_1_U36/dout_reg is absorbed into DSP mul_32ns_36ns_67_2_1_U36/dout_reg.
DSP Report: operator mul_32ns_36ns_67_2_1_U36/tmp_product is absorbed into DSP mul_32ns_36ns_67_2_1_U36/dout_reg.
DSP Report: operator mul_32ns_36ns_67_2_1_U36/tmp_product is absorbed into DSP mul_32ns_36ns_67_2_1_U36/dout_reg.
DSP Report: Generating DSP mul_32ns_36ns_67_2_1_U37/tmp_product, operation Mode is: A2*(B:0x9b3).
DSP Report: register mul_32ns_36ns_67_2_1_U37/tmp_product is absorbed into DSP mul_32ns_36ns_67_2_1_U37/tmp_product.
DSP Report: operator mul_32ns_36ns_67_2_1_U37/tmp_product is absorbed into DSP mul_32ns_36ns_67_2_1_U37/tmp_product.
DSP Report: operator mul_32ns_36ns_67_2_1_U37/tmp_product is absorbed into DSP mul_32ns_36ns_67_2_1_U37/tmp_product.
DSP Report: Generating DSP mul_32ns_36ns_67_2_1_U37/dout_reg, operation Mode is: (PCIN>>17)+A*B2.
DSP Report: register mul_32ns_36ns_67_2_1_U37/dout_reg is absorbed into DSP mul_32ns_36ns_67_2_1_U37/dout_reg.
DSP Report: register mul_32ns_36ns_67_2_1_U37/dout_reg is absorbed into DSP mul_32ns_36ns_67_2_1_U37/dout_reg.
DSP Report: operator mul_32ns_36ns_67_2_1_U37/tmp_product is absorbed into DSP mul_32ns_36ns_67_2_1_U37/dout_reg.
DSP Report: operator mul_32ns_36ns_67_2_1_U37/tmp_product is absorbed into DSP mul_32ns_36ns_67_2_1_U37/dout_reg.
DSP Report: Generating DSP mul_32ns_36ns_67_2_1_U37/tmp_product, operation Mode is: A2*(B:0x9b3).
DSP Report: register mul_32ns_36ns_67_2_1_U37/tmp_product is absorbed into DSP mul_32ns_36ns_67_2_1_U37/tmp_product.
DSP Report: operator mul_32ns_36ns_67_2_1_U37/tmp_product is absorbed into DSP mul_32ns_36ns_67_2_1_U37/tmp_product.
DSP Report: operator mul_32ns_36ns_67_2_1_U37/tmp_product is absorbed into DSP mul_32ns_36ns_67_2_1_U37/tmp_product.
DSP Report: Generating DSP mul_32ns_36ns_67_2_1_U37/dout_reg, operation Mode is: (PCIN>>17)+A*B2.
DSP Report: register mul_32ns_36ns_67_2_1_U37/dout_reg is absorbed into DSP mul_32ns_36ns_67_2_1_U37/dout_reg.
DSP Report: register mul_32ns_36ns_67_2_1_U37/dout_reg is absorbed into DSP mul_32ns_36ns_67_2_1_U37/dout_reg.
DSP Report: operator mul_32ns_36ns_67_2_1_U37/tmp_product is absorbed into DSP mul_32ns_36ns_67_2_1_U37/dout_reg.
DSP Report: operator mul_32ns_36ns_67_2_1_U37/tmp_product is absorbed into DSP mul_32ns_36ns_67_2_1_U37/dout_reg.
DSP Report: Generating DSP mul_32ns_36ns_67_2_1_U39/tmp_product, operation Mode is: A2*(B:0x9b3).
DSP Report: register mul_32ns_36ns_67_2_1_U39/tmp_product is absorbed into DSP mul_32ns_36ns_67_2_1_U39/tmp_product.
DSP Report: operator mul_32ns_36ns_67_2_1_U39/tmp_product is absorbed into DSP mul_32ns_36ns_67_2_1_U39/tmp_product.
DSP Report: operator mul_32ns_36ns_67_2_1_U39/tmp_product is absorbed into DSP mul_32ns_36ns_67_2_1_U39/tmp_product.
DSP Report: Generating DSP mul_32ns_36ns_67_2_1_U39/dout_reg, operation Mode is: (PCIN>>17)+A*B2.
DSP Report: register mul_32ns_36ns_67_2_1_U39/dout_reg is absorbed into DSP mul_32ns_36ns_67_2_1_U39/dout_reg.
DSP Report: register mul_32ns_36ns_67_2_1_U39/dout_reg is absorbed into DSP mul_32ns_36ns_67_2_1_U39/dout_reg.
DSP Report: operator mul_32ns_36ns_67_2_1_U39/tmp_product is absorbed into DSP mul_32ns_36ns_67_2_1_U39/dout_reg.
DSP Report: operator mul_32ns_36ns_67_2_1_U39/tmp_product is absorbed into DSP mul_32ns_36ns_67_2_1_U39/dout_reg.
DSP Report: Generating DSP mul_32ns_36ns_67_2_1_U39/tmp_product, operation Mode is: A2*(B:0x9b3).
DSP Report: register mul_32ns_36ns_67_2_1_U39/tmp_product is absorbed into DSP mul_32ns_36ns_67_2_1_U39/tmp_product.
DSP Report: operator mul_32ns_36ns_67_2_1_U39/tmp_product is absorbed into DSP mul_32ns_36ns_67_2_1_U39/tmp_product.
DSP Report: operator mul_32ns_36ns_67_2_1_U39/tmp_product is absorbed into DSP mul_32ns_36ns_67_2_1_U39/tmp_product.
DSP Report: Generating DSP mul_32ns_36ns_67_2_1_U39/dout_reg, operation Mode is: (PCIN>>17)+A*B2.
DSP Report: register mul_32ns_36ns_67_2_1_U39/dout_reg is absorbed into DSP mul_32ns_36ns_67_2_1_U39/dout_reg.
DSP Report: register mul_32ns_36ns_67_2_1_U39/dout_reg is absorbed into DSP mul_32ns_36ns_67_2_1_U39/dout_reg.
DSP Report: operator mul_32ns_36ns_67_2_1_U39/tmp_product is absorbed into DSP mul_32ns_36ns_67_2_1_U39/dout_reg.
DSP Report: operator mul_32ns_36ns_67_2_1_U39/tmp_product is absorbed into DSP mul_32ns_36ns_67_2_1_U39/dout_reg.
DSP Report: Generating DSP mul_32ns_36ns_67_2_1_U38/tmp_product, operation Mode is: A2*(B:0x9b3).
DSP Report: register mul_32ns_36ns_67_2_1_U38/tmp_product is absorbed into DSP mul_32ns_36ns_67_2_1_U38/tmp_product.
DSP Report: operator mul_32ns_36ns_67_2_1_U38/tmp_product is absorbed into DSP mul_32ns_36ns_67_2_1_U38/tmp_product.
DSP Report: operator mul_32ns_36ns_67_2_1_U38/tmp_product is absorbed into DSP mul_32ns_36ns_67_2_1_U38/tmp_product.
DSP Report: Generating DSP mul_32ns_36ns_67_2_1_U38/dout_reg, operation Mode is: (PCIN>>17)+A*B2.
DSP Report: register mul_32ns_36ns_67_2_1_U38/dout_reg is absorbed into DSP mul_32ns_36ns_67_2_1_U38/dout_reg.
DSP Report: register mul_32ns_36ns_67_2_1_U38/dout_reg is absorbed into DSP mul_32ns_36ns_67_2_1_U38/dout_reg.
DSP Report: operator mul_32ns_36ns_67_2_1_U38/tmp_product is absorbed into DSP mul_32ns_36ns_67_2_1_U38/dout_reg.
DSP Report: operator mul_32ns_36ns_67_2_1_U38/tmp_product is absorbed into DSP mul_32ns_36ns_67_2_1_U38/dout_reg.
DSP Report: Generating DSP mul_32ns_36ns_67_2_1_U38/tmp_product, operation Mode is: A2*(B:0x9b3).
DSP Report: register mul_32ns_36ns_67_2_1_U38/tmp_product is absorbed into DSP mul_32ns_36ns_67_2_1_U38/tmp_product.
DSP Report: operator mul_32ns_36ns_67_2_1_U38/tmp_product is absorbed into DSP mul_32ns_36ns_67_2_1_U38/tmp_product.
DSP Report: operator mul_32ns_36ns_67_2_1_U38/tmp_product is absorbed into DSP mul_32ns_36ns_67_2_1_U38/tmp_product.
DSP Report: Generating DSP mul_32ns_36ns_67_2_1_U38/dout_reg, operation Mode is: (PCIN>>17)+A*B2.
DSP Report: register mul_32ns_36ns_67_2_1_U38/dout_reg is absorbed into DSP mul_32ns_36ns_67_2_1_U38/dout_reg.
DSP Report: register mul_32ns_36ns_67_2_1_U38/dout_reg is absorbed into DSP mul_32ns_36ns_67_2_1_U38/dout_reg.
DSP Report: operator mul_32ns_36ns_67_2_1_U38/tmp_product is absorbed into DSP mul_32ns_36ns_67_2_1_U38/dout_reg.
DSP Report: operator mul_32ns_36ns_67_2_1_U38/tmp_product is absorbed into DSP mul_32ns_36ns_67_2_1_U38/dout_reg.
WARNING: [Synth 8-3936] Found unconnected internal register 'mac_muladd_3ns_4s_15s_15_4_1_U43/lenet_w4a4_top_mac_muladd_3ns_4s_15s_15_4_1_DSP48_2_U/p_reg_reg' and it is trimmed from '44' to '15' bits. [d:/GitHub/vivado/vivado/F_Quantization_W8A8/hls_w4a4/vivado_review/project/LeNet_W4A4_Review.gen/sources_1/bd/lenet_system/ipshared/30ee/hdl/verilog/lenet_w4a4_top_mac_muladd_3ns_4s_15s_15_4_1.v:39]
WARNING: [Synth 8-3936] Found unconnected internal register 'mac_muladd_3ns_4s_15s_15_4_1_U43/lenet_w4a4_top_mac_muladd_3ns_4s_15s_15_4_1_DSP48_2_U/m_reg_reg' and it is trimmed from '43' to '15' bits. [d:/GitHub/vivado/vivado/F_Quantization_W8A8/hls_w4a4/vivado_review/project/LeNet_W4A4_Review.gen/sources_1/bd/lenet_system/ipshared/30ee/hdl/verilog/lenet_w4a4_top_mac_muladd_3ns_4s_15s_15_4_1.v:32]
WARNING: [Synth 8-3936] Found unconnected internal register 'mac_muladd_3ns_4s_15s_15_4_1_U43/lenet_w4a4_top_mac_muladd_3ns_4s_15s_15_4_1_DSP48_2_U/a_reg_reg' and it is trimmed from '25' to '15' bits. [d:/GitHub/vivado/vivado/F_Quantization_W8A8/hls_w4a4/vivado_review/project/LeNet_W4A4_Review.gen/sources_1/bd/lenet_system/ipshared/30ee/hdl/verilog/lenet_w4a4_top_mac_muladd_3ns_4s_15s_15_4_1.v:31]
WARNING: [Synth 8-3936] Found unconnected internal register 'mac_muladd_3ns_4s_15s_15_4_1_U43/lenet_w4a4_top_mac_muladd_3ns_4s_15s_15_4_1_DSP48_2_U/b_reg_reg' and it is trimmed from '18' to '15' bits. [d:/GitHub/vivado/vivado/F_Quantization_W8A8/hls_w4a4/vivado_review/project/LeNet_W4A4_Review.gen/sources_1/bd/lenet_system/ipshared/30ee/hdl/verilog/lenet_w4a4_top_mac_muladd_3ns_4s_15s_15_4_1.v:31]
DSP Report: Generating DSP mac_muladd_3ns_4s_15s_15_4_1_U43/lenet_w4a4_top_mac_muladd_3ns_4s_15s_15_4_1_DSP48_2_U/p_reg_reg, operation Mode is: (P or C)+(A2*B2)'.
DSP Report: register mac_muladd_3ns_4s_15s_15_4_1_U43/lenet_w4a4_top_mac_muladd_3ns_4s_15s_15_4_1_DSP48_2_U/p_reg_reg is absorbed into DSP mac_muladd_3ns_4s_15s_15_4_1_U43/lenet_w4a4_top_mac_muladd_3ns_4s_15s_15_4_1_DSP48_2_U/p_reg_reg.
DSP Report: register mac_muladd_3ns_4s_15s_15_4_1_U43/lenet_w4a4_top_mac_muladd_3ns_4s_15s_15_4_1_DSP48_2_U/a_reg_reg is absorbed into DSP mac_muladd_3ns_4s_15s_15_4_1_U43/lenet_w4a4_top_mac_muladd_3ns_4s_15s_15_4_1_DSP48_2_U/p_reg_reg.
DSP Report: register mac_muladd_3ns_4s_15s_15_4_1_U43/lenet_w4a4_top_mac_muladd_3ns_4s_15s_15_4_1_DSP48_2_U/p_reg_reg is absorbed into DSP mac_muladd_3ns_4s_15s_15_4_1_U43/lenet_w4a4_top_mac_muladd_3ns_4s_15s_15_4_1_DSP48_2_U/p_reg_reg.
DSP Report: register mac_muladd_3ns_4s_15s_15_4_1_U43/lenet_w4a4_top_mac_muladd_3ns_4s_15s_15_4_1_DSP48_2_U/m_reg_reg is absorbed into DSP mac_muladd_3ns_4s_15s_15_4_1_U43/lenet_w4a4_top_mac_muladd_3ns_4s_15s_15_4_1_DSP48_2_U/p_reg_reg.
DSP Report: operator mac_muladd_3ns_4s_15s_15_4_1_U43/lenet_w4a4_top_mac_muladd_3ns_4s_15s_15_4_1_DSP48_2_U/p is absorbed into DSP mac_muladd_3ns_4s_15s_15_4_1_U43/lenet_w4a4_top_mac_muladd_3ns_4s_15s_15_4_1_DSP48_2_U/p_reg_reg.
DSP Report: operator mac_muladd_3ns_4s_15s_15_4_1_U43/lenet_w4a4_top_mac_muladd_3ns_4s_15s_15_4_1_DSP48_2_U/m is absorbed into DSP mac_muladd_3ns_4s_15s_15_4_1_U43/lenet_w4a4_top_mac_muladd_3ns_4s_15s_15_4_1_DSP48_2_U/p_reg_reg.
WARNING: [Synth 8-3936] Found unconnected internal register 'mac_muladd_3ns_4s_16s_16_4_1_U60/lenet_w4a4_top_mac_muladd_3ns_4s_16s_16_4_1_DSP48_3_U/p_reg_reg' and it is trimmed from '44' to '16' bits. [d:/GitHub/vivado/vivado/F_Quantization_W8A8/hls_w4a4/vivado_review/project/LeNet_W4A4_Review.gen/sources_1/bd/lenet_system/ipshared/30ee/hdl/verilog/lenet_w4a4_top_mac_muladd_3ns_4s_16s_16_4_1.v:39]
WARNING: [Synth 8-3936] Found unconnected internal register 'mac_muladd_3ns_4s_16s_16_4_1_U60/lenet_w4a4_top_mac_muladd_3ns_4s_16s_16_4_1_DSP48_3_U/m_reg_reg' and it is trimmed from '43' to '16' bits. [d:/GitHub/vivado/vivado/F_Quantization_W8A8/hls_w4a4/vivado_review/project/LeNet_W4A4_Review.gen/sources_1/bd/lenet_system/ipshared/30ee/hdl/verilog/lenet_w4a4_top_mac_muladd_3ns_4s_16s_16_4_1.v:32]
WARNING: [Synth 8-3936] Found unconnected internal register 'mac_muladd_3ns_4s_16s_16_4_1_U60/lenet_w4a4_top_mac_muladd_3ns_4s_16s_16_4_1_DSP48_3_U/a_reg_reg' and it is trimmed from '25' to '16' bits. [d:/GitHub/vivado/vivado/F_Quantization_W8A8/hls_w4a4/vivado_review/project/LeNet_W4A4_Review.gen/sources_1/bd/lenet_system/ipshared/30ee/hdl/verilog/lenet_w4a4_top_mac_muladd_3ns_4s_16s_16_4_1.v:31]
WARNING: [Synth 8-3936] Found unconnected internal register 'mac_muladd_3ns_4s_16s_16_4_1_U60/lenet_w4a4_top_mac_muladd_3ns_4s_16s_16_4_1_DSP48_3_U/b_reg_reg' and it is trimmed from '18' to '16' bits. [d:/GitHub/vivado/vivado/F_Quantization_W8A8/hls_w4a4/vivado_review/project/LeNet_W4A4_Review.gen/sources_1/bd/lenet_system/ipshared/30ee/hdl/verilog/lenet_w4a4_top_mac_muladd_3ns_4s_16s_16_4_1.v:31]
DSP Report: Generating DSP mac_muladd_3ns_4s_16s_16_4_1_U60/lenet_w4a4_top_mac_muladd_3ns_4s_16s_16_4_1_DSP48_3_U/p_reg_reg, operation Mode is: (P or C)+(A2*B2)'.
DSP Report: register mac_muladd_3ns_4s_16s_16_4_1_U60/lenet_w4a4_top_mac_muladd_3ns_4s_16s_16_4_1_DSP48_3_U/p_reg_reg is absorbed into DSP mac_muladd_3ns_4s_16s_16_4_1_U60/lenet_w4a4_top_mac_muladd_3ns_4s_16s_16_4_1_DSP48_3_U/p_reg_reg.
DSP Report: register mac_muladd_3ns_4s_16s_16_4_1_U60/lenet_w4a4_top_mac_muladd_3ns_4s_16s_16_4_1_DSP48_3_U/a_reg_reg is absorbed into DSP mac_muladd_3ns_4s_16s_16_4_1_U60/lenet_w4a4_top_mac_muladd_3ns_4s_16s_16_4_1_DSP48_3_U/p_reg_reg.
DSP Report: register mac_muladd_3ns_4s_16s_16_4_1_U60/lenet_w4a4_top_mac_muladd_3ns_4s_16s_16_4_1_DSP48_3_U/p_reg_reg is absorbed into DSP mac_muladd_3ns_4s_16s_16_4_1_U60/lenet_w4a4_top_mac_muladd_3ns_4s_16s_16_4_1_DSP48_3_U/p_reg_reg.
DSP Report: register mac_muladd_3ns_4s_16s_16_4_1_U60/lenet_w4a4_top_mac_muladd_3ns_4s_16s_16_4_1_DSP48_3_U/m_reg_reg is absorbed into DSP mac_muladd_3ns_4s_16s_16_4_1_U60/lenet_w4a4_top_mac_muladd_3ns_4s_16s_16_4_1_DSP48_3_U/p_reg_reg.
DSP Report: operator mac_muladd_3ns_4s_16s_16_4_1_U60/lenet_w4a4_top_mac_muladd_3ns_4s_16s_16_4_1_DSP48_3_U/p is absorbed into DSP mac_muladd_3ns_4s_16s_16_4_1_U60/lenet_w4a4_top_mac_muladd_3ns_4s_16s_16_4_1_DSP48_3_U/p_reg_reg.
DSP Report: operator mac_muladd_3ns_4s_16s_16_4_1_U60/lenet_w4a4_top_mac_muladd_3ns_4s_16s_16_4_1_DSP48_3_U/m is absorbed into DSP mac_muladd_3ns_4s_16s_16_4_1_U60/lenet_w4a4_top_mac_muladd_3ns_4s_16s_16_4_1_DSP48_3_U/p_reg_reg.
WARNING: [Synth 8-3936] Found unconnected internal register 'mac_muladd_3ns_4s_14s_14_4_1_U70/lenet_w4a4_top_mac_muladd_3ns_4s_14s_14_4_1_DSP48_4_U/p_reg_reg' and it is trimmed from '44' to '14' bits. [d:/GitHub/vivado/vivado/F_Quantization_W8A8/hls_w4a4/vivado_review/project/LeNet_W4A4_Review.gen/sources_1/bd/lenet_system/ipshared/30ee/hdl/verilog/lenet_w4a4_top_mac_muladd_3ns_4s_14s_14_4_1.v:39]
WARNING: [Synth 8-3936] Found unconnected internal register 'mac_muladd_3ns_4s_14s_14_4_1_U70/lenet_w4a4_top_mac_muladd_3ns_4s_14s_14_4_1_DSP48_4_U/m_reg_reg' and it is trimmed from '43' to '14' bits. [d:/GitHub/vivado/vivado/F_Quantization_W8A8/hls_w4a4/vivado_review/project/LeNet_W4A4_Review.gen/sources_1/bd/lenet_system/ipshared/30ee/hdl/verilog/lenet_w4a4_top_mac_muladd_3ns_4s_14s_14_4_1.v:32]
WARNING: [Synth 8-3936] Found unconnected internal register 'mac_muladd_3ns_4s_14s_14_4_1_U70/lenet_w4a4_top_mac_muladd_3ns_4s_14s_14_4_1_DSP48_4_U/a_reg_reg' and it is trimmed from '25' to '14' bits. [d:/GitHub/vivado/vivado/F_Quantization_W8A8/hls_w4a4/vivado_review/project/LeNet_W4A4_Review.gen/sources_1/bd/lenet_system/ipshared/30ee/hdl/verilog/lenet_w4a4_top_mac_muladd_3ns_4s_14s_14_4_1.v:31]
WARNING: [Synth 8-3936] Found unconnected internal register 'mac_muladd_3ns_4s_14s_14_4_1_U70/lenet_w4a4_top_mac_muladd_3ns_4s_14s_14_4_1_DSP48_4_U/b_reg_reg' and it is trimmed from '18' to '14' bits. [d:/GitHub/vivado/vivado/F_Quantization_W8A8/hls_w4a4/vivado_review/project/LeNet_W4A4_Review.gen/sources_1/bd/lenet_system/ipshared/30ee/hdl/verilog/lenet_w4a4_top_mac_muladd_3ns_4s_14s_14_4_1.v:31]
DSP Report: Generating DSP mac_muladd_3ns_4s_14s_14_4_1_U70/lenet_w4a4_top_mac_muladd_3ns_4s_14s_14_4_1_DSP48_4_U/p_reg_reg, operation Mode is: (0 or C)+(A2*B2)'.
DSP Report: register mac_muladd_3ns_4s_14s_14_4_1_U70/lenet_w4a4_top_mac_muladd_3ns_4s_14s_14_4_1_DSP48_4_U/p_reg_reg is absorbed into DSP mac_muladd_3ns_4s_14s_14_4_1_U70/lenet_w4a4_top_mac_muladd_3ns_4s_14s_14_4_1_DSP48_4_U/p_reg_reg.
DSP Report: register mac_muladd_3ns_4s_14s_14_4_1_U70/lenet_w4a4_top_mac_muladd_3ns_4s_14s_14_4_1_DSP48_4_U/a_reg_reg is absorbed into DSP mac_muladd_3ns_4s_14s_14_4_1_U70/lenet_w4a4_top_mac_muladd_3ns_4s_14s_14_4_1_DSP48_4_U/p_reg_reg.
DSP Report: register mac_muladd_3ns_4s_14s_14_4_1_U70/lenet_w4a4_top_mac_muladd_3ns_4s_14s_14_4_1_DSP48_4_U/p_reg_reg is absorbed into DSP mac_muladd_3ns_4s_14s_14_4_1_U70/lenet_w4a4_top_mac_muladd_3ns_4s_14s_14_4_1_DSP48_4_U/p_reg_reg.
DSP Report: register mac_muladd_3ns_4s_14s_14_4_1_U70/lenet_w4a4_top_mac_muladd_3ns_4s_14s_14_4_1_DSP48_4_U/m_reg_reg is absorbed into DSP mac_muladd_3ns_4s_14s_14_4_1_U70/lenet_w4a4_top_mac_muladd_3ns_4s_14s_14_4_1_DSP48_4_U/p_reg_reg.
DSP Report: operator mac_muladd_3ns_4s_14s_14_4_1_U70/lenet_w4a4_top_mac_muladd_3ns_4s_14s_14_4_1_DSP48_4_U/p is absorbed into DSP mac_muladd_3ns_4s_14s_14_4_1_U70/lenet_w4a4_top_mac_muladd_3ns_4s_14s_14_4_1_DSP48_4_U/p_reg_reg.
DSP Report: operator mac_muladd_3ns_4s_14s_14_4_1_U70/lenet_w4a4_top_mac_muladd_3ns_4s_14s_14_4_1_DSP48_4_U/p is absorbed into DSP mac_muladd_3ns_4s_14s_14_4_1_U70/lenet_w4a4_top_mac_muladd_3ns_4s_14s_14_4_1_DSP48_4_U/p_reg_reg.
DSP Report: operator mac_muladd_3ns_4s_14s_14_4_1_U70/lenet_w4a4_top_mac_muladd_3ns_4s_14s_14_4_1_DSP48_4_U/m is absorbed into DSP mac_muladd_3ns_4s_14s_14_4_1_U70/lenet_w4a4_top_mac_muladd_3ns_4s_14s_14_4_1_DSP48_4_U/p_reg_reg.
DSP Report: Generating DSP mul_32ns_38ns_69_2_1_U76/tmp_product, operation Mode is: (A:0x1acf5)*B2.
DSP Report: register mul_32ns_38ns_69_2_1_U76/tmp_product is absorbed into DSP mul_32ns_38ns_69_2_1_U76/tmp_product.
DSP Report: operator mul_32ns_38ns_69_2_1_U76/tmp_product is absorbed into DSP mul_32ns_38ns_69_2_1_U76/tmp_product.
DSP Report: operator mul_32ns_38ns_69_2_1_U76/tmp_product is absorbed into DSP mul_32ns_38ns_69_2_1_U76/tmp_product.
DSP Report: Generating DSP mul_32ns_38ns_69_2_1_U76/dout_reg, operation Mode is: (PCIN>>17)+A*B2.
DSP Report: register mul_32ns_38ns_69_2_1_U76/dout_reg is absorbed into DSP mul_32ns_38ns_69_2_1_U76/dout_reg.
DSP Report: register mul_32ns_38ns_69_2_1_U76/dout_reg is absorbed into DSP mul_32ns_38ns_69_2_1_U76/dout_reg.
DSP Report: operator mul_32ns_38ns_69_2_1_U76/tmp_product is absorbed into DSP mul_32ns_38ns_69_2_1_U76/dout_reg.
DSP Report: operator mul_32ns_38ns_69_2_1_U76/tmp_product is absorbed into DSP mul_32ns_38ns_69_2_1_U76/dout_reg.
DSP Report: Generating DSP mul_32ns_38ns_69_2_1_U76/tmp_product, operation Mode is: A2*(B:0x1acf5).
DSP Report: register mul_32ns_38ns_69_2_1_U76/tmp_product is absorbed into DSP mul_32ns_38ns_69_2_1_U76/tmp_product.
DSP Report: operator mul_32ns_38ns_69_2_1_U76/tmp_product is absorbed into DSP mul_32ns_38ns_69_2_1_U76/tmp_product.
DSP Report: operator mul_32ns_38ns_69_2_1_U76/tmp_product is absorbed into DSP mul_32ns_38ns_69_2_1_U76/tmp_product.
DSP Report: Generating DSP mul_32ns_38ns_69_2_1_U76/dout_reg, operation Mode is: (PCIN>>17)+A*B2.
DSP Report: register mul_32ns_38ns_69_2_1_U76/dout_reg is absorbed into DSP mul_32ns_38ns_69_2_1_U76/dout_reg.
DSP Report: register mul_32ns_38ns_69_2_1_U76/dout_reg is absorbed into DSP mul_32ns_38ns_69_2_1_U76/dout_reg.
DSP Report: operator mul_32ns_38ns_69_2_1_U76/tmp_product is absorbed into DSP mul_32ns_38ns_69_2_1_U76/dout_reg.
DSP Report: operator mul_32ns_38ns_69_2_1_U76/tmp_product is absorbed into DSP mul_32ns_38ns_69_2_1_U76/dout_reg.
WARNING: [Synth 8-3936] Found unconnected internal register 'mac_muladd_3ns_4s_14s_14_4_1_U81/lenet_w4a4_top_mac_muladd_3ns_4s_14s_14_4_1_DSP48_4_U/p_reg_reg' and it is trimmed from '44' to '14' bits. [d:/GitHub/vivado/vivado/F_Quantization_W8A8/hls_w4a4/vivado_review/project/LeNet_W4A4_Review.gen/sources_1/bd/lenet_system/ipshared/30ee/hdl/verilog/lenet_w4a4_top_mac_muladd_3ns_4s_14s_14_4_1.v:39]
WARNING: [Synth 8-3936] Found unconnected internal register 'mac_muladd_3ns_4s_14s_14_4_1_U81/lenet_w4a4_top_mac_muladd_3ns_4s_14s_14_4_1_DSP48_4_U/m_reg_reg' and it is trimmed from '43' to '14' bits. [d:/GitHub/vivado/vivado/F_Quantization_W8A8/hls_w4a4/vivado_review/project/LeNet_W4A4_Review.gen/sources_1/bd/lenet_system/ipshared/30ee/hdl/verilog/lenet_w4a4_top_mac_muladd_3ns_4s_14s_14_4_1.v:32]
WARNING: [Synth 8-3936] Found unconnected internal register 'mac_muladd_4ns_7ns_7ns_10_4_1_U80/lenet_w4a4_top_mac_muladd_4ns_7ns_7ns_10_4_1_DSP48_5_U/p_reg_reg' and it is trimmed from '44' to '10' bits. [d:/GitHub/vivado/vivado/F_Quantization_W8A8/hls_w4a4/vivado_review/project/LeNet_W4A4_Review.gen/sources_1/bd/lenet_system/ipshared/30ee/hdl/verilog/lenet_w4a4_top_mac_muladd_4ns_7ns_7ns_10_4_1.v:39]
WARNING: [Synth 8-3936] Found unconnected internal register 'mac_muladd_4ns_7ns_7ns_10_4_1_U80/lenet_w4a4_top_mac_muladd_4ns_7ns_7ns_10_4_1_DSP48_5_U/m_reg_reg' and it is trimmed from '43' to '10' bits. [d:/GitHub/vivado/vivado/F_Quantization_W8A8/hls_w4a4/vivado_review/project/LeNet_W4A4_Review.gen/sources_1/bd/lenet_system/ipshared/30ee/hdl/verilog/lenet_w4a4_top_mac_muladd_4ns_7ns_7ns_10_4_1.v:32]
INFO: [Common 17-14] Message 'Synth 8-3936' appears 100 times and further instances of the messages will be disabled. Use the Tcl command set_msg_config to change the current settings.
DSP Report: Generating DSP mac_muladd_4ns_7ns_7ns_10_4_1_U80/lenet_w4a4_top_mac_muladd_4ns_7ns_7ns_10_4_1_DSP48_5_U/p_reg_reg, operation Mode is: (C'+(A2*(B:0x54)')')'.
DSP Report: register mac_muladd_4ns_7ns_7ns_10_4_1_U80/lenet_w4a4_top_mac_muladd_4ns_7ns_7ns_10_4_1_DSP48_5_U/b_reg_reg is absorbed into DSP mac_muladd_4ns_7ns_7ns_10_4_1_U80/lenet_w4a4_top_mac_muladd_4ns_7ns_7ns_10_4_1_DSP48_5_U/p_reg_reg.
DSP Report: register mac_muladd_4ns_7ns_7ns_10_4_1_U80/lenet_w4a4_top_mac_muladd_4ns_7ns_7ns_10_4_1_DSP48_5_U/p_reg_reg is absorbed into DSP mac_muladd_4ns_7ns_7ns_10_4_1_U80/lenet_w4a4_top_mac_muladd_4ns_7ns_7ns_10_4_1_DSP48_5_U/p_reg_reg.
DSP Report: register mac_muladd_4ns_7ns_7ns_10_4_1_U80/lenet_w4a4_top_mac_muladd_4ns_7ns_7ns_10_4_1_DSP48_5_U/p_reg_reg is absorbed into DSP mac_muladd_4ns_7ns_7ns_10_4_1_U80/lenet_w4a4_top_mac_muladd_4ns_7ns_7ns_10_4_1_DSP48_5_U/p_reg_reg.
DSP Report: register mac_muladd_4ns_7ns_7ns_10_4_1_U80/lenet_w4a4_top_mac_muladd_4ns_7ns_7ns_10_4_1_DSP48_5_U/p_reg_reg is absorbed into DSP mac_muladd_4ns_7ns_7ns_10_4_1_U80/lenet_w4a4_top_mac_muladd_4ns_7ns_7ns_10_4_1_DSP48_5_U/p_reg_reg.
DSP Report: register mac_muladd_4ns_7ns_7ns_10_4_1_U80/lenet_w4a4_top_mac_muladd_4ns_7ns_7ns_10_4_1_DSP48_5_U/m_reg_reg is absorbed into DSP mac_muladd_4ns_7ns_7ns_10_4_1_U80/lenet_w4a4_top_mac_muladd_4ns_7ns_7ns_10_4_1_DSP48_5_U/p_reg_reg.
DSP Report: operator mac_muladd_4ns_7ns_7ns_10_4_1_U80/lenet_w4a4_top_mac_muladd_4ns_7ns_7ns_10_4_1_DSP48_5_U/p is absorbed into DSP mac_muladd_4ns_7ns_7ns_10_4_1_U80/lenet_w4a4_top_mac_muladd_4ns_7ns_7ns_10_4_1_DSP48_5_U/p_reg_reg.
DSP Report: operator mac_muladd_4ns_7ns_7ns_10_4_1_U80/lenet_w4a4_top_mac_muladd_4ns_7ns_7ns_10_4_1_DSP48_5_U/m is absorbed into DSP mac_muladd_4ns_7ns_7ns_10_4_1_U80/lenet_w4a4_top_mac_muladd_4ns_7ns_7ns_10_4_1_DSP48_5_U/p_reg_reg.
DSP Report: Generating DSP mac_muladd_3ns_4s_14s_14_4_1_U81/lenet_w4a4_top_mac_muladd_3ns_4s_14s_14_4_1_DSP48_4_U/p_reg_reg, operation Mode is: (0 or C)+(A2*B2)'.
DSP Report: register mac_muladd_3ns_4s_14s_14_4_1_U81/lenet_w4a4_top_mac_muladd_3ns_4s_14s_14_4_1_DSP48_4_U/p_reg_reg is absorbed into DSP mac_muladd_3ns_4s_14s_14_4_1_U81/lenet_w4a4_top_mac_muladd_3ns_4s_14s_14_4_1_DSP48_4_U/p_reg_reg.
DSP Report: register mac_muladd_3ns_4s_14s_14_4_1_U81/lenet_w4a4_top_mac_muladd_3ns_4s_14s_14_4_1_DSP48_4_U/a_reg_reg is absorbed into DSP mac_muladd_3ns_4s_14s_14_4_1_U81/lenet_w4a4_top_mac_muladd_3ns_4s_14s_14_4_1_DSP48_4_U/p_reg_reg.
DSP Report: register mac_muladd_3ns_4s_14s_14_4_1_U81/lenet_w4a4_top_mac_muladd_3ns_4s_14s_14_4_1_DSP48_4_U/p_reg_reg is absorbed into DSP mac_muladd_3ns_4s_14s_14_4_1_U81/lenet_w4a4_top_mac_muladd_3ns_4s_14s_14_4_1_DSP48_4_U/p_reg_reg.
DSP Report: register mac_muladd_3ns_4s_14s_14_4_1_U81/lenet_w4a4_top_mac_muladd_3ns_4s_14s_14_4_1_DSP48_4_U/m_reg_reg is absorbed into DSP mac_muladd_3ns_4s_14s_14_4_1_U81/lenet_w4a4_top_mac_muladd_3ns_4s_14s_14_4_1_DSP48_4_U/p_reg_reg.
DSP Report: operator mac_muladd_3ns_4s_14s_14_4_1_U81/lenet_w4a4_top_mac_muladd_3ns_4s_14s_14_4_1_DSP48_4_U/p is absorbed into DSP mac_muladd_3ns_4s_14s_14_4_1_U81/lenet_w4a4_top_mac_muladd_3ns_4s_14s_14_4_1_DSP48_4_U/p_reg_reg.
DSP Report: operator mac_muladd_3ns_4s_14s_14_4_1_U81/lenet_w4a4_top_mac_muladd_3ns_4s_14s_14_4_1_DSP48_4_U/p is absorbed into DSP mac_muladd_3ns_4s_14s_14_4_1_U81/lenet_w4a4_top_mac_muladd_3ns_4s_14s_14_4_1_DSP48_4_U/p_reg_reg.
DSP Report: operator mac_muladd_3ns_4s_14s_14_4_1_U81/lenet_w4a4_top_mac_muladd_3ns_4s_14s_14_4_1_DSP48_4_U/m is absorbed into DSP mac_muladd_3ns_4s_14s_14_4_1_U81/lenet_w4a4_top_mac_muladd_3ns_4s_14s_14_4_1_DSP48_4_U/p_reg_reg.
DSP Report: Generating DSP mul_32ns_37ns_68_2_1_U93/tmp_product, operation Mode is: A*B.
DSP Report: operator mul_32ns_37ns_68_2_1_U93/tmp_product is absorbed into DSP mul_32ns_37ns_68_2_1_U93/tmp_product.
DSP Report: operator mul_32ns_37ns_68_2_1_U93/tmp_product is absorbed into DSP mul_32ns_37ns_68_2_1_U93/tmp_product.
DSP Report: Generating DSP mul_32ns_37ns_68_2_1_U93/dout_reg, operation Mode is: (PCIN>>17)+A*B.
DSP Report: register mul_32ns_37ns_68_2_1_U93/dout_reg is absorbed into DSP mul_32ns_37ns_68_2_1_U93/dout_reg.
DSP Report: operator mul_32ns_37ns_68_2_1_U93/tmp_product is absorbed into DSP mul_32ns_37ns_68_2_1_U93/dout_reg.
DSP Report: operator mul_32ns_37ns_68_2_1_U93/tmp_product is absorbed into DSP mul_32ns_37ns_68_2_1_U93/dout_reg.
DSP Report: Generating DSP mul_32ns_37ns_68_2_1_U93/tmp_product, operation Mode is: A*B.
DSP Report: operator mul_32ns_37ns_68_2_1_U93/tmp_product is absorbed into DSP mul_32ns_37ns_68_2_1_U93/tmp_product.
DSP Report: operator mul_32ns_37ns_68_2_1_U93/tmp_product is absorbed into DSP mul_32ns_37ns_68_2_1_U93/tmp_product.
DSP Report: Generating DSP mul_32ns_37ns_68_2_1_U93/dout_reg, operation Mode is: (PCIN>>17)+A*B.
DSP Report: register mul_32ns_37ns_68_2_1_U93/dout_reg is absorbed into DSP mul_32ns_37ns_68_2_1_U93/dout_reg.
DSP Report: operator mul_32ns_37ns_68_2_1_U93/tmp_product is absorbed into DSP mul_32ns_37ns_68_2_1_U93/dout_reg.
DSP Report: operator mul_32ns_37ns_68_2_1_U93/tmp_product is absorbed into DSP mul_32ns_37ns_68_2_1_U93/dout_reg.
DSP Report: Generating DSP grp_lenet_w4a4_top_Pipeline_POOL_CHANNEL_POOL_ROW_POOL_COL1_fu_320/mul_32ns_37ns_68_2_1_U54/tmp_product, operation Mode is: (A:0x13162)*B2.
DSP Report: register grp_lenet_w4a4_top_Pipeline_POOL_CHANNEL_POOL_ROW_POOL_COL1_fu_320/mul_32ns_37ns_68_2_1_U54/tmp_product is absorbed into DSP grp_lenet_w4a4_top_Pipeline_POOL_CHANNEL_POOL_ROW_POOL_COL1_fu_320/mul_32ns_37ns_68_2_1_U54/tmp_product.
DSP Report: operator grp_lenet_w4a4_top_Pipeline_POOL_CHANNEL_POOL_ROW_POOL_COL1_fu_320/mul_32ns_37ns_68_2_1_U54/tmp_product is absorbed into DSP grp_lenet_w4a4_top_Pipeline_POOL_CHANNEL_POOL_ROW_POOL_COL1_fu_320/mul_32ns_37ns_68_2_1_U54/tmp_product.
DSP Report: operator grp_lenet_w4a4_top_Pipeline_POOL_CHANNEL_POOL_ROW_POOL_COL1_fu_320/mul_32ns_37ns_68_2_1_U54/tmp_product is absorbed into DSP grp_lenet_w4a4_top_Pipeline_POOL_CHANNEL_POOL_ROW_POOL_COL1_fu_320/mul_32ns_37ns_68_2_1_U54/tmp_product.
DSP Report: Generating DSP grp_lenet_w4a4_top_Pipeline_POOL_CHANNEL_POOL_ROW_POOL_COL1_fu_320/mul_32ns_37ns_68_2_1_U54/dout_reg, operation Mode is: (PCIN>>17)+A*B2.
DSP Report: register grp_lenet_w4a4_top_Pipeline_POOL_CHANNEL_POOL_ROW_POOL_COL1_fu_320/mul_32ns_37ns_68_2_1_U54/dout_reg is absorbed into DSP grp_lenet_w4a4_top_Pipeline_POOL_CHANNEL_POOL_ROW_POOL_COL1_fu_320/mul_32ns_37ns_68_2_1_U54/dout_reg.
DSP Report: register grp_lenet_w4a4_top_Pipeline_POOL_CHANNEL_POOL_ROW_POOL_COL1_fu_320/mul_32ns_37ns_68_2_1_U54/dout_reg is absorbed into DSP grp_lenet_w4a4_top_Pipeline_POOL_CHANNEL_POOL_ROW_POOL_COL1_fu_320/mul_32ns_37ns_68_2_1_U54/dout_reg.
DSP Report: operator grp_lenet_w4a4_top_Pipeline_POOL_CHANNEL_POOL_ROW_POOL_COL1_fu_320/mul_32ns_37ns_68_2_1_U54/tmp_product is absorbed into DSP grp_lenet_w4a4_top_Pipeline_POOL_CHANNEL_POOL_ROW_POOL_COL1_fu_320/mul_32ns_37ns_68_2_1_U54/dout_reg.
DSP Report: operator grp_lenet_w4a4_top_Pipeline_POOL_CHANNEL_POOL_ROW_POOL_COL1_fu_320/mul_32ns_37ns_68_2_1_U54/tmp_product is absorbed into DSP grp_lenet_w4a4_top_Pipeline_POOL_CHANNEL_POOL_ROW_POOL_COL1_fu_320/mul_32ns_37ns_68_2_1_U54/dout_reg.
DSP Report: Generating DSP grp_lenet_w4a4_top_Pipeline_POOL_CHANNEL_POOL_ROW_POOL_COL1_fu_320/mul_32ns_37ns_68_2_1_U54/tmp_product, operation Mode is: A2*(B:0x13162).
DSP Report: register grp_lenet_w4a4_top_Pipeline_POOL_CHANNEL_POOL_ROW_POOL_COL1_fu_320/mul_32ns_37ns_68_2_1_U54/tmp_product is absorbed into DSP grp_lenet_w4a4_top_Pipeline_POOL_CHANNEL_POOL_ROW_POOL_COL1_fu_320/mul_32ns_37ns_68_2_1_U54/tmp_product.
DSP Report: operator grp_lenet_w4a4_top_Pipeline_POOL_CHANNEL_POOL_ROW_POOL_COL1_fu_320/mul_32ns_37ns_68_2_1_U54/tmp_product is absorbed into DSP grp_lenet_w4a4_top_Pipeline_POOL_CHANNEL_POOL_ROW_POOL_COL1_fu_320/mul_32ns_37ns_68_2_1_U54/tmp_product.
DSP Report: operator grp_lenet_w4a4_top_Pipeline_POOL_CHANNEL_POOL_ROW_POOL_COL1_fu_320/mul_32ns_37ns_68_2_1_U54/tmp_product is absorbed into DSP grp_lenet_w4a4_top_Pipeline_POOL_CHANNEL_POOL_ROW_POOL_COL1_fu_320/mul_32ns_37ns_68_2_1_U54/tmp_product.
DSP Report: Generating DSP grp_lenet_w4a4_top_Pipeline_POOL_CHANNEL_POOL_ROW_POOL_COL1_fu_320/mul_32ns_37ns_68_2_1_U54/dout_reg, operation Mode is: (PCIN>>17)+A*B2.
DSP Report: register grp_lenet_w4a4_top_Pipeline_POOL_CHANNEL_POOL_ROW_POOL_COL1_fu_320/mul_32ns_37ns_68_2_1_U54/dout_reg is absorbed into DSP grp_lenet_w4a4_top_Pipeline_POOL_CHANNEL_POOL_ROW_POOL_COL1_fu_320/mul_32ns_37ns_68_2_1_U54/dout_reg.
DSP Report: register grp_lenet_w4a4_top_Pipeline_POOL_CHANNEL_POOL_ROW_POOL_COL1_fu_320/mul_32ns_37ns_68_2_1_U54/dout_reg is absorbed into DSP grp_lenet_w4a4_top_Pipeline_POOL_CHANNEL_POOL_ROW_POOL_COL1_fu_320/mul_32ns_37ns_68_2_1_U54/dout_reg.
DSP Report: operator grp_lenet_w4a4_top_Pipeline_POOL_CHANNEL_POOL_ROW_POOL_COL1_fu_320/mul_32ns_37ns_68_2_1_U54/tmp_product is absorbed into DSP grp_lenet_w4a4_top_Pipeline_POOL_CHANNEL_POOL_ROW_POOL_COL1_fu_320/mul_32ns_37ns_68_2_1_U54/dout_reg.
DSP Report: operator grp_lenet_w4a4_top_Pipeline_POOL_CHANNEL_POOL_ROW_POOL_COL1_fu_320/mul_32ns_37ns_68_2_1_U54/tmp_product is absorbed into DSP grp_lenet_w4a4_top_Pipeline_POOL_CHANNEL_POOL_ROW_POOL_COL1_fu_320/mul_32ns_37ns_68_2_1_U54/dout_reg.
DSP Report: Generating DSP grp_lenet_w4a4_top_Pipeline_POOL_CHANNEL_POOL_ROW_POOL_COL1_fu_320/mul_32ns_37ns_68_2_1_U56/tmp_product, operation Mode is: (A:0x13162)*B2.
DSP Report: register grp_lenet_w4a4_top_Pipeline_POOL_CHANNEL_POOL_ROW_POOL_COL1_fu_320/mul_32ns_37ns_68_2_1_U56/tmp_product is absorbed into DSP grp_lenet_w4a4_top_Pipeline_POOL_CHANNEL_POOL_ROW_POOL_COL1_fu_320/mul_32ns_37ns_68_2_1_U56/tmp_product.
DSP Report: operator grp_lenet_w4a4_top_Pipeline_POOL_CHANNEL_POOL_ROW_POOL_COL1_fu_320/mul_32ns_37ns_68_2_1_U56/tmp_product is absorbed into DSP grp_lenet_w4a4_top_Pipeline_POOL_CHANNEL_POOL_ROW_POOL_COL1_fu_320/mul_32ns_37ns_68_2_1_U56/tmp_product.
DSP Report: operator grp_lenet_w4a4_top_Pipeline_POOL_CHANNEL_POOL_ROW_POOL_COL1_fu_320/mul_32ns_37ns_68_2_1_U56/tmp_product is absorbed into DSP grp_lenet_w4a4_top_Pipeline_POOL_CHANNEL_POOL_ROW_POOL_COL1_fu_320/mul_32ns_37ns_68_2_1_U56/tmp_product.
DSP Report: Generating DSP grp_lenet_w4a4_top_Pipeline_POOL_CHANNEL_POOL_ROW_POOL_COL1_fu_320/mul_32ns_37ns_68_2_1_U56/dout_reg, operation Mode is: (PCIN>>17)+A*B2.
DSP Report: register grp_lenet_w4a4_top_Pipeline_POOL_CHANNEL_POOL_ROW_POOL_COL1_fu_320/mul_32ns_37ns_68_2_1_U56/dout_reg is absorbed into DSP grp_lenet_w4a4_top_Pipeline_POOL_CHANNEL_POOL_ROW_POOL_COL1_fu_320/mul_32ns_37ns_68_2_1_U56/dout_reg.
DSP Report: register grp_lenet_w4a4_top_Pipeline_POOL_CHANNEL_POOL_ROW_POOL_COL1_fu_320/mul_32ns_37ns_68_2_1_U56/dout_reg is absorbed into DSP grp_lenet_w4a4_top_Pipeline_POOL_CHANNEL_POOL_ROW_POOL_COL1_fu_320/mul_32ns_37ns_68_2_1_U56/dout_reg.
DSP Report: operator grp_lenet_w4a4_top_Pipeline_POOL_CHANNEL_POOL_ROW_POOL_COL1_fu_320/mul_32ns_37ns_68_2_1_U56/tmp_product is absorbed into DSP grp_lenet_w4a4_top_Pipeline_POOL_CHANNEL_POOL_ROW_POOL_COL1_fu_320/mul_32ns_37ns_68_2_1_U56/dout_reg.
DSP Report: operator grp_lenet_w4a4_top_Pipeline_POOL_CHANNEL_POOL_ROW_POOL_COL1_fu_320/mul_32ns_37ns_68_2_1_U56/tmp_product is absorbed into DSP grp_lenet_w4a4_top_Pipeline_POOL_CHANNEL_POOL_ROW_POOL_COL1_fu_320/mul_32ns_37ns_68_2_1_U56/dout_reg.
DSP Report: Generating DSP grp_lenet_w4a4_top_Pipeline_POOL_CHANNEL_POOL_ROW_POOL_COL1_fu_320/mul_32ns_37ns_68_2_1_U56/tmp_product, operation Mode is: A2*(B:0x13162).
DSP Report: register grp_lenet_w4a4_top_Pipeline_POOL_CHANNEL_POOL_ROW_POOL_COL1_fu_320/mul_32ns_37ns_68_2_1_U56/tmp_product is absorbed into DSP grp_lenet_w4a4_top_Pipeline_POOL_CHANNEL_POOL_ROW_POOL_COL1_fu_320/mul_32ns_37ns_68_2_1_U56/tmp_product.
DSP Report: operator grp_lenet_w4a4_top_Pipeline_POOL_CHANNEL_POOL_ROW_POOL_COL1_fu_320/mul_32ns_37ns_68_2_1_U56/tmp_product is absorbed into DSP grp_lenet_w4a4_top_Pipeline_POOL_CHANNEL_POOL_ROW_POOL_COL1_fu_320/mul_32ns_37ns_68_2_1_U56/tmp_product.
DSP Report: operator grp_lenet_w4a4_top_Pipeline_POOL_CHANNEL_POOL_ROW_POOL_COL1_fu_320/mul_32ns_37ns_68_2_1_U56/tmp_product is absorbed into DSP grp_lenet_w4a4_top_Pipeline_POOL_CHANNEL_POOL_ROW_POOL_COL1_fu_320/mul_32ns_37ns_68_2_1_U56/tmp_product.
DSP Report: Generating DSP grp_lenet_w4a4_top_Pipeline_POOL_CHANNEL_POOL_ROW_POOL_COL1_fu_320/mul_32ns_37ns_68_2_1_U56/dout_reg, operation Mode is: (PCIN>>17)+A*B2.
DSP Report: register grp_lenet_w4a4_top_Pipeline_POOL_CHANNEL_POOL_ROW_POOL_COL1_fu_320/mul_32ns_37ns_68_2_1_U56/dout_reg is absorbed into DSP grp_lenet_w4a4_top_Pipeline_POOL_CHANNEL_POOL_ROW_POOL_COL1_fu_320/mul_32ns_37ns_68_2_1_U56/dout_reg.
DSP Report: register grp_lenet_w4a4_top_Pipeline_POOL_CHANNEL_POOL_ROW_POOL_COL1_fu_320/mul_32ns_37ns_68_2_1_U56/dout_reg is absorbed into DSP grp_lenet_w4a4_top_Pipeline_POOL_CHANNEL_POOL_ROW_POOL_COL1_fu_320/mul_32ns_37ns_68_2_1_U56/dout_reg.
DSP Report: operator grp_lenet_w4a4_top_Pipeline_POOL_CHANNEL_POOL_ROW_POOL_COL1_fu_320/mul_32ns_37ns_68_2_1_U56/tmp_product is absorbed into DSP grp_lenet_w4a4_top_Pipeline_POOL_CHANNEL_POOL_ROW_POOL_COL1_fu_320/mul_32ns_37ns_68_2_1_U56/dout_reg.
DSP Report: operator grp_lenet_w4a4_top_Pipeline_POOL_CHANNEL_POOL_ROW_POOL_COL1_fu_320/mul_32ns_37ns_68_2_1_U56/tmp_product is absorbed into DSP grp_lenet_w4a4_top_Pipeline_POOL_CHANNEL_POOL_ROW_POOL_COL1_fu_320/mul_32ns_37ns_68_2_1_U56/dout_reg.
DSP Report: Generating DSP grp_lenet_w4a4_top_Pipeline_POOL_CHANNEL_POOL_ROW_POOL_COL1_fu_320/mul_32ns_37ns_68_2_1_U55/tmp_product, operation Mode is: (A:0x13162)*B2.
DSP Report: register grp_lenet_w4a4_top_Pipeline_POOL_CHANNEL_POOL_ROW_POOL_COL1_fu_320/mul_32ns_37ns_68_2_1_U55/tmp_product is absorbed into DSP grp_lenet_w4a4_top_Pipeline_POOL_CHANNEL_POOL_ROW_POOL_COL1_fu_320/mul_32ns_37ns_68_2_1_U55/tmp_product.
DSP Report: operator grp_lenet_w4a4_top_Pipeline_POOL_CHANNEL_POOL_ROW_POOL_COL1_fu_320/mul_32ns_37ns_68_2_1_U55/tmp_product is absorbed into DSP grp_lenet_w4a4_top_Pipeline_POOL_CHANNEL_POOL_ROW_POOL_COL1_fu_320/mul_32ns_37ns_68_2_1_U55/tmp_product.
DSP Report: operator grp_lenet_w4a4_top_Pipeline_POOL_CHANNEL_POOL_ROW_POOL_COL1_fu_320/mul_32ns_37ns_68_2_1_U55/tmp_product is absorbed into DSP grp_lenet_w4a4_top_Pipeline_POOL_CHANNEL_POOL_ROW_POOL_COL1_fu_320/mul_32ns_37ns_68_2_1_U55/tmp_product.
DSP Report: Generating DSP grp_lenet_w4a4_top_Pipeline_POOL_CHANNEL_POOL_ROW_POOL_COL1_fu_320/mul_32ns_37ns_68_2_1_U55/dout_reg, operation Mode is: (PCIN>>17)+A*B2.
DSP Report: register grp_lenet_w4a4_top_Pipeline_POOL_CHANNEL_POOL_ROW_POOL_COL1_fu_320/mul_32ns_37ns_68_2_1_U55/dout_reg is absorbed into DSP grp_lenet_w4a4_top_Pipeline_POOL_CHANNEL_POOL_ROW_POOL_COL1_fu_320/mul_32ns_37ns_68_2_1_U55/dout_reg.
DSP Report: register grp_lenet_w4a4_top_Pipeline_POOL_CHANNEL_POOL_ROW_POOL_COL1_fu_320/mul_32ns_37ns_68_2_1_U55/dout_reg is absorbed into DSP grp_lenet_w4a4_top_Pipeline_POOL_CHANNEL_POOL_ROW_POOL_COL1_fu_320/mul_32ns_37ns_68_2_1_U55/dout_reg.
DSP Report: operator grp_lenet_w4a4_top_Pipeline_POOL_CHANNEL_POOL_ROW_POOL_COL1_fu_320/mul_32ns_37ns_68_2_1_U55/tmp_product is absorbed into DSP grp_lenet_w4a4_top_Pipeline_POOL_CHANNEL_POOL_ROW_POOL_COL1_fu_320/mul_32ns_37ns_68_2_1_U55/dout_reg.
DSP Report: operator grp_lenet_w4a4_top_Pipeline_POOL_CHANNEL_POOL_ROW_POOL_COL1_fu_320/mul_32ns_37ns_68_2_1_U55/tmp_product is absorbed into DSP grp_lenet_w4a4_top_Pipeline_POOL_CHANNEL_POOL_ROW_POOL_COL1_fu_320/mul_32ns_37ns_68_2_1_U55/dout_reg.
DSP Report: Generating DSP grp_lenet_w4a4_top_Pipeline_POOL_CHANNEL_POOL_ROW_POOL_COL1_fu_320/mul_32ns_37ns_68_2_1_U55/tmp_product, operation Mode is: A2*(B:0x13162).
DSP Report: register grp_lenet_w4a4_top_Pipeline_POOL_CHANNEL_POOL_ROW_POOL_COL1_fu_320/mul_32ns_37ns_68_2_1_U55/tmp_product is absorbed into DSP grp_lenet_w4a4_top_Pipeline_POOL_CHANNEL_POOL_ROW_POOL_COL1_fu_320/mul_32ns_37ns_68_2_1_U55/tmp_product.
DSP Report: operator grp_lenet_w4a4_top_Pipeline_POOL_CHANNEL_POOL_ROW_POOL_COL1_fu_320/mul_32ns_37ns_68_2_1_U55/tmp_product is absorbed into DSP grp_lenet_w4a4_top_Pipeline_POOL_CHANNEL_POOL_ROW_POOL_COL1_fu_320/mul_32ns_37ns_68_2_1_U55/tmp_product.
DSP Report: operator grp_lenet_w4a4_top_Pipeline_POOL_CHANNEL_POOL_ROW_POOL_COL1_fu_320/mul_32ns_37ns_68_2_1_U55/tmp_product is absorbed into DSP grp_lenet_w4a4_top_Pipeline_POOL_CHANNEL_POOL_ROW_POOL_COL1_fu_320/mul_32ns_37ns_68_2_1_U55/tmp_product.
DSP Report: Generating DSP grp_lenet_w4a4_top_Pipeline_POOL_CHANNEL_POOL_ROW_POOL_COL1_fu_320/mul_32ns_37ns_68_2_1_U55/dout_reg, operation Mode is: (PCIN>>17)+A*B2.
DSP Report: register grp_lenet_w4a4_top_Pipeline_POOL_CHANNEL_POOL_ROW_POOL_COL1_fu_320/mul_32ns_37ns_68_2_1_U55/dout_reg is absorbed into DSP grp_lenet_w4a4_top_Pipeline_POOL_CHANNEL_POOL_ROW_POOL_COL1_fu_320/mul_32ns_37ns_68_2_1_U55/dout_reg.
DSP Report: register grp_lenet_w4a4_top_Pipeline_POOL_CHANNEL_POOL_ROW_POOL_COL1_fu_320/mul_32ns_37ns_68_2_1_U55/dout_reg is absorbed into DSP grp_lenet_w4a4_top_Pipeline_POOL_CHANNEL_POOL_ROW_POOL_COL1_fu_320/mul_32ns_37ns_68_2_1_U55/dout_reg.
DSP Report: operator grp_lenet_w4a4_top_Pipeline_POOL_CHANNEL_POOL_ROW_POOL_COL1_fu_320/mul_32ns_37ns_68_2_1_U55/tmp_product is absorbed into DSP grp_lenet_w4a4_top_Pipeline_POOL_CHANNEL_POOL_ROW_POOL_COL1_fu_320/mul_32ns_37ns_68_2_1_U55/dout_reg.
DSP Report: operator grp_lenet_w4a4_top_Pipeline_POOL_CHANNEL_POOL_ROW_POOL_COL1_fu_320/mul_32ns_37ns_68_2_1_U55/tmp_product is absorbed into DSP grp_lenet_w4a4_top_Pipeline_POOL_CHANNEL_POOL_ROW_POOL_COL1_fu_320/mul_32ns_37ns_68_2_1_U55/dout_reg.
INFO: [Synth 8-7082] The signal gmem2_m_axi_U/store_unit/buff_wdata/U_fifo_mem/mem_reg is implemented as Block RAM but is better mapped onto distributed LUT RAM for the following reason(s): The depth (4 address bits) is shallow. Please use attribute (* ram_style = "distributed" *) to instruct Vivado to infer distributed LUT RAM.
INFO: [Synth 8-5784] Optimized 9 bits of RAM "store_unit/buff_wdata/U_fifo_mem/mem_reg" due to constant propagation. Old ram width 9 bits, new ram width 0 bits.
WARNING: [Synth 8-5785] Removed RAM "store_unit/buff_wdata/U_fifo_mem/mem_reg" due to constant propagation. Write data stuck at zero 
INFO: [Synth 8-5784] Optimized 9 bits of RAM "store_unit/buff_wdata/U_fifo_mem/mem_reg" due to constant propagation. Old ram width 9 bits, new ram width 0 bits.
WARNING: [Synth 8-5785] Removed RAM "store_unit/buff_wdata/U_fifo_mem/mem_reg" due to constant propagation. Write data stuck at zero 
WARNING: [Synth 8-3332] Sequential element (mul_32ns_36ns_67_2_1_U36/dout_reg[47]) is unused and will be removed from module lenet_w4a4_top_lenet_w4a4_top_Pipeline_POOL_CHANNEL_POOL_ROW_POOL_COL.
WARNING: [Synth 8-3332] Sequential element (mul_32ns_36ns_67_2_1_U36/dout_reg[46]) is unused and will be removed from module lenet_w4a4_top_lenet_w4a4_top_Pipeline_POOL_CHANNEL_POOL_ROW_POOL_COL.
WARNING: [Synth 8-3332] Sequential element (mul_32ns_36ns_67_2_1_U36/dout_reg[45]) is unused and will be removed from module lenet_w4a4_top_lenet_w4a4_top_Pipeline_POOL_CHANNEL_POOL_ROW_POOL_COL.
WARNING: [Synth 8-3332] Sequential element (mul_32ns_36ns_67_2_1_U36/dout_reg[44]) is unused and will be removed from module lenet_w4a4_top_lenet_w4a4_top_Pipeline_POOL_CHANNEL_POOL_ROW_POOL_COL.
WARNING: [Synth 8-3332] Sequential element (mul_32ns_36ns_67_2_1_U36/dout_reg[43]) is unused and will be removed from module lenet_w4a4_top_lenet_w4a4_top_Pipeline_POOL_CHANNEL_POOL_ROW_POOL_COL.
WARNING: [Synth 8-3332] Sequential element (mul_32ns_36ns_67_2_1_U36/dout_reg[42]) is unused and will be removed from module lenet_w4a4_top_lenet_w4a4_top_Pipeline_POOL_CHANNEL_POOL_ROW_POOL_COL.
WARNING: [Synth 8-3332] Sequential element (mul_32ns_36ns_67_2_1_U36/dout_reg[41]) is unused and will be removed from module lenet_w4a4_top_lenet_w4a4_top_Pipeline_POOL_CHANNEL_POOL_ROW_POOL_COL.
WARNING: [Synth 8-3332] Sequential element (mul_32ns_36ns_67_2_1_U36/dout_reg[40]) is unused and will be removed from module lenet_w4a4_top_lenet_w4a4_top_Pipeline_POOL_CHANNEL_POOL_ROW_POOL_COL.
WARNING: [Synth 8-3332] Sequential element (mul_32ns_36ns_67_2_1_U36/dout_reg[39]) is unused and will be removed from module lenet_w4a4_top_lenet_w4a4_top_Pipeline_POOL_CHANNEL_POOL_ROW_POOL_COL.
WARNING: [Synth 8-3332] Sequential element (mul_32ns_36ns_67_2_1_U36/dout_reg[38]) is unused and will be removed from module lenet_w4a4_top_lenet_w4a4_top_Pipeline_POOL_CHANNEL_POOL_ROW_POOL_COL.
WARNING: [Synth 8-3332] Sequential element (mul_32ns_36ns_67_2_1_U36/dout_reg[37]) is unused and will be removed from module lenet_w4a4_top_lenet_w4a4_top_Pipeline_POOL_CHANNEL_POOL_ROW_POOL_COL.
WARNING: [Synth 8-3332] Sequential element (mul_32ns_36ns_67_2_1_U36/dout_reg[36]) is unused and will be removed from module lenet_w4a4_top_lenet_w4a4_top_Pipeline_POOL_CHANNEL_POOL_ROW_POOL_COL.
WARNING: [Synth 8-3332] Sequential element (mul_32ns_36ns_67_2_1_U36/dout_reg[35]) is unused and will be removed from module lenet_w4a4_top_lenet_w4a4_top_Pipeline_POOL_CHANNEL_POOL_ROW_POOL_COL.
WARNING: [Synth 8-3332] Sequential element (mul_32ns_36ns_67_2_1_U36/dout_reg[34]) is unused and will be removed from module lenet_w4a4_top_lenet_w4a4_top_Pipeline_POOL_CHANNEL_POOL_ROW_POOL_COL.
WARNING: [Synth 8-3332] Sequential element (mul_32ns_36ns_67_2_1_U36/dout_reg[33]) is unused and will be removed from module lenet_w4a4_top_lenet_w4a4_top_Pipeline_POOL_CHANNEL_POOL_ROW_POOL_COL.
WARNING: [Synth 8-3332] Sequential element (mul_32ns_36ns_67_2_1_U36/dout_reg[32]) is unused and will be removed from module lenet_w4a4_top_lenet_w4a4_top_Pipeline_POOL_CHANNEL_POOL_ROW_POOL_COL.
WARNING: [Synth 8-3332] Sequential element (mul_32ns_36ns_67_2_1_U36/dout_reg[31]) is unused and will be removed from module lenet_w4a4_top_lenet_w4a4_top_Pipeline_POOL_CHANNEL_POOL_ROW_POOL_COL.
WARNING: [Synth 8-3332] Sequential element (mul_32ns_36ns_67_2_1_U36/dout_reg[30]) is unused and will be removed from module lenet_w4a4_top_lenet_w4a4_top_Pipeline_POOL_CHANNEL_POOL_ROW_POOL_COL.
WARNING: [Synth 8-3332] Sequential element (mul_32ns_36ns_67_2_1_U36/dout_reg[29]) is unused and will be removed from module lenet_w4a4_top_lenet_w4a4_top_Pipeline_POOL_CHANNEL_POOL_ROW_POOL_COL.
WARNING: [Synth 8-3332] Sequential element (mul_32ns_36ns_67_2_1_U36/dout_reg[28]) is unused and will be removed from module lenet_w4a4_top_lenet_w4a4_top_Pipeline_POOL_CHANNEL_POOL_ROW_POOL_COL.
WARNING: [Synth 8-3332] Sequential element (mul_32ns_36ns_67_2_1_U36/dout_reg[27]) is unused and will be removed from module lenet_w4a4_top_lenet_w4a4_top_Pipeline_POOL_CHANNEL_POOL_ROW_POOL_COL.
WARNING: [Synth 8-3332] Sequential element (mul_32ns_36ns_67_2_1_U36/dout_reg[26]) is unused and will be removed from module lenet_w4a4_top_lenet_w4a4_top_Pipeline_POOL_CHANNEL_POOL_ROW_POOL_COL.
WARNING: [Synth 8-3332] Sequential element (mul_32ns_36ns_67_2_1_U36/dout_reg[25]) is unused and will be removed from module lenet_w4a4_top_lenet_w4a4_top_Pipeline_POOL_CHANNEL_POOL_ROW_POOL_COL.
WARNING: [Synth 8-3332] Sequential element (mul_32ns_36ns_67_2_1_U36/dout_reg[24]) is unused and will be removed from module lenet_w4a4_top_lenet_w4a4_top_Pipeline_POOL_CHANNEL_POOL_ROW_POOL_COL.
WARNING: [Synth 8-3332] Sequential element (mul_32ns_36ns_67_2_1_U36/dout_reg[23]) is unused and will be removed from module lenet_w4a4_top_lenet_w4a4_top_Pipeline_POOL_CHANNEL_POOL_ROW_POOL_COL.
WARNING: [Synth 8-3332] Sequential element (mul_32ns_36ns_67_2_1_U36/dout_reg[22]) is unused and will be removed from module lenet_w4a4_top_lenet_w4a4_top_Pipeline_POOL_CHANNEL_POOL_ROW_POOL_COL.
WARNING: [Synth 8-3332] Sequential element (mul_32ns_36ns_67_2_1_U36/dout_reg[21]) is unused and will be removed from module lenet_w4a4_top_lenet_w4a4_top_Pipeline_POOL_CHANNEL_POOL_ROW_POOL_COL.
WARNING: [Synth 8-3332] Sequential element (mul_32ns_36ns_67_2_1_U36/dout_reg[20]) is unused and will be removed from module lenet_w4a4_top_lenet_w4a4_top_Pipeline_POOL_CHANNEL_POOL_ROW_POOL_COL.
WARNING: [Synth 8-3332] Sequential element (mul_32ns_36ns_67_2_1_U36/dout_reg[19]) is unused and will be removed from module lenet_w4a4_top_lenet_w4a4_top_Pipeline_POOL_CHANNEL_POOL_ROW_POOL_COL.
WARNING: [Synth 8-3332] Sequential element (mul_32ns_36ns_67_2_1_U36/dout_reg[18]) is unused and will be removed from module lenet_w4a4_top_lenet_w4a4_top_Pipeline_POOL_CHANNEL_POOL_ROW_POOL_COL.
WARNING: [Synth 8-3332] Sequential element (mul_32ns_36ns_67_2_1_U36/dout_reg[17]) is unused and will be removed from module lenet_w4a4_top_lenet_w4a4_top_Pipeline_POOL_CHANNEL_POOL_ROW_POOL_COL.
WARNING: [Synth 8-3332] Sequential element (mul_32ns_36ns_67_2_1_U36/dout_reg[47]__0) is unused and will be removed from module lenet_w4a4_top_lenet_w4a4_top_Pipeline_POOL_CHANNEL_POOL_ROW_POOL_COL.
WARNING: [Synth 8-3332] Sequential element (mul_32ns_36ns_67_2_1_U36/dout_reg[46]__0) is unused and will be removed from module lenet_w4a4_top_lenet_w4a4_top_Pipeline_POOL_CHANNEL_POOL_ROW_POOL_COL.
WARNING: [Synth 8-3332] Sequential element (mul_32ns_36ns_67_2_1_U36/dout_reg[45]__0) is unused and will be removed from module lenet_w4a4_top_lenet_w4a4_top_Pipeline_POOL_CHANNEL_POOL_ROW_POOL_COL.
WARNING: [Synth 8-3332] Sequential element (mul_32ns_36ns_67_2_1_U36/dout_reg[44]__0) is unused and will be removed from module lenet_w4a4_top_lenet_w4a4_top_Pipeline_POOL_CHANNEL_POOL_ROW_POOL_COL.
WARNING: [Synth 8-3332] Sequential element (mul_32ns_36ns_67_2_1_U36/dout_reg[43]__0) is unused and will be removed from module lenet_w4a4_top_lenet_w4a4_top_Pipeline_POOL_CHANNEL_POOL_ROW_POOL_COL.
WARNING: [Synth 8-3332] Sequential element (mul_32ns_36ns_67_2_1_U36/dout_reg[42]__0) is unused and will be removed from module lenet_w4a4_top_lenet_w4a4_top_Pipeline_POOL_CHANNEL_POOL_ROW_POOL_COL.
WARNING: [Synth 8-3332] Sequential element (mul_32ns_36ns_67_2_1_U36/dout_reg[41]__0) is unused and will be removed from module lenet_w4a4_top_lenet_w4a4_top_Pipeline_POOL_CHANNEL_POOL_ROW_POOL_COL.
WARNING: [Synth 8-3332] Sequential element (mul_32ns_36ns_67_2_1_U36/dout_reg[40]__0) is unused and will be removed from module lenet_w4a4_top_lenet_w4a4_top_Pipeline_POOL_CHANNEL_POOL_ROW_POOL_COL.
WARNING: [Synth 8-3332] Sequential element (mul_32ns_36ns_67_2_1_U36/dout_reg[39]__0) is unused and will be removed from module lenet_w4a4_top_lenet_w4a4_top_Pipeline_POOL_CHANNEL_POOL_ROW_POOL_COL.
WARNING: [Synth 8-3332] Sequential element (mul_32ns_36ns_67_2_1_U36/dout_reg[38]__0) is unused and will be removed from module lenet_w4a4_top_lenet_w4a4_top_Pipeline_POOL_CHANNEL_POOL_ROW_POOL_COL.
WARNING: [Synth 8-3332] Sequential element (mul_32ns_36ns_67_2_1_U36/dout_reg[37]__0) is unused and will be removed from module lenet_w4a4_top_lenet_w4a4_top_Pipeline_POOL_CHANNEL_POOL_ROW_POOL_COL.
WARNING: [Synth 8-3332] Sequential element (mul_32ns_36ns_67_2_1_U36/dout_reg[36]__0) is unused and will be removed from module lenet_w4a4_top_lenet_w4a4_top_Pipeline_POOL_CHANNEL_POOL_ROW_POOL_COL.
WARNING: [Synth 8-3332] Sequential element (mul_32ns_36ns_67_2_1_U36/dout_reg[35]__0) is unused and will be removed from module lenet_w4a4_top_lenet_w4a4_top_Pipeline_POOL_CHANNEL_POOL_ROW_POOL_COL.
WARNING: [Synth 8-3332] Sequential element (mul_32ns_36ns_67_2_1_U36/dout_reg[34]__0) is unused and will be removed from module lenet_w4a4_top_lenet_w4a4_top_Pipeline_POOL_CHANNEL_POOL_ROW_POOL_COL.
WARNING: [Synth 8-3332] Sequential element (mul_32ns_36ns_67_2_1_U36/dout_reg[33]__0) is unused and will be removed from module lenet_w4a4_top_lenet_w4a4_top_Pipeline_POOL_CHANNEL_POOL_ROW_POOL_COL.
WARNING: [Synth 8-3332] Sequential element (mul_32ns_36ns_67_2_1_U36/dout_reg[32]__0) is unused and will be removed from module lenet_w4a4_top_lenet_w4a4_top_Pipeline_POOL_CHANNEL_POOL_ROW_POOL_COL.
WARNING: [Synth 8-3332] Sequential element (mul_32ns_36ns_67_2_1_U36/dout_reg[31]__0) is unused and will be removed from module lenet_w4a4_top_lenet_w4a4_top_Pipeline_POOL_CHANNEL_POOL_ROW_POOL_COL.
WARNING: [Synth 8-3332] Sequential element (mul_32ns_36ns_67_2_1_U36/dout_reg[30]__0) is unused and will be removed from module lenet_w4a4_top_lenet_w4a4_top_Pipeline_POOL_CHANNEL_POOL_ROW_POOL_COL.
WARNING: [Synth 8-3332] Sequential element (mul_32ns_36ns_67_2_1_U36/dout_reg[29]__0) is unused and will be removed from module lenet_w4a4_top_lenet_w4a4_top_Pipeline_POOL_CHANNEL_POOL_ROW_POOL_COL.
WARNING: [Synth 8-3332] Sequential element (mul_32ns_36ns_67_2_1_U36/dout_reg[28]__0) is unused and will be removed from module lenet_w4a4_top_lenet_w4a4_top_Pipeline_POOL_CHANNEL_POOL_ROW_POOL_COL.
WARNING: [Synth 8-3332] Sequential element (mul_32ns_36ns_67_2_1_U36/dout_reg[27]__0) is unused and will be removed from module lenet_w4a4_top_lenet_w4a4_top_Pipeline_POOL_CHANNEL_POOL_ROW_POOL_COL.
WARNING: [Synth 8-3332] Sequential element (mul_32ns_36ns_67_2_1_U36/dout_reg[26]__0) is unused and will be removed from module lenet_w4a4_top_lenet_w4a4_top_Pipeline_POOL_CHANNEL_POOL_ROW_POOL_COL.
WARNING: [Synth 8-3332] Sequential element (mul_32ns_36ns_67_2_1_U36/dout_reg[25]__0) is unused and will be removed from module lenet_w4a4_top_lenet_w4a4_top_Pipeline_POOL_CHANNEL_POOL_ROW_POOL_COL.
WARNING: [Synth 8-3332] Sequential element (mul_32ns_36ns_67_2_1_U36/dout_reg[24]__0) is unused and will be removed from module lenet_w4a4_top_lenet_w4a4_top_Pipeline_POOL_CHANNEL_POOL_ROW_POOL_COL.
WARNING: [Synth 8-3332] Sequential element (mul_32ns_36ns_67_2_1_U36/dout_reg[23]__0) is unused and will be removed from module lenet_w4a4_top_lenet_w4a4_top_Pipeline_POOL_CHANNEL_POOL_ROW_POOL_COL.
WARNING: [Synth 8-3332] Sequential element (mul_32ns_36ns_67_2_1_U36/dout_reg[22]__0) is unused and will be removed from module lenet_w4a4_top_lenet_w4a4_top_Pipeline_POOL_CHANNEL_POOL_ROW_POOL_COL.
WARNING: [Synth 8-3332] Sequential element (mul_32ns_36ns_67_2_1_U36/dout_reg[21]__0) is unused and will be removed from module lenet_w4a4_top_lenet_w4a4_top_Pipeline_POOL_CHANNEL_POOL_ROW_POOL_COL.
WARNING: [Synth 8-3332] Sequential element (mul_32ns_36ns_67_2_1_U36/dout_reg[20]__0) is unused and will be removed from module lenet_w4a4_top_lenet_w4a4_top_Pipeline_POOL_CHANNEL_POOL_ROW_POOL_COL.
WARNING: [Synth 8-3332] Sequential element (mul_32ns_36ns_67_2_1_U36/dout_reg[19]__0) is unused and will be removed from module lenet_w4a4_top_lenet_w4a4_top_Pipeline_POOL_CHANNEL_POOL_ROW_POOL_COL.
WARNING: [Synth 8-3332] Sequential element (mul_32ns_36ns_67_2_1_U36/dout_reg[18]__0) is unused and will be removed from module lenet_w4a4_top_lenet_w4a4_top_Pipeline_POOL_CHANNEL_POOL_ROW_POOL_COL.
WARNING: [Synth 8-3332] Sequential element (mul_32ns_36ns_67_2_1_U36/dout_reg[17]__0) is unused and will be removed from module lenet_w4a4_top_lenet_w4a4_top_Pipeline_POOL_CHANNEL_POOL_ROW_POOL_COL.
WARNING: [Synth 8-3332] Sequential element (mul_32ns_36ns_67_2_1_U37/dout_reg[47]) is unused and will be removed from module lenet_w4a4_top_lenet_w4a4_top_Pipeline_POOL_CHANNEL_POOL_ROW_POOL_COL.
WARNING: [Synth 8-3332] Sequential element (mul_32ns_36ns_67_2_1_U37/dout_reg[46]) is unused and will be removed from module lenet_w4a4_top_lenet_w4a4_top_Pipeline_POOL_CHANNEL_POOL_ROW_POOL_COL.
WARNING: [Synth 8-3332] Sequential element (mul_32ns_36ns_67_2_1_U37/dout_reg[45]) is unused and will be removed from module lenet_w4a4_top_lenet_w4a4_top_Pipeline_POOL_CHANNEL_POOL_ROW_POOL_COL.
WARNING: [Synth 8-3332] Sequential element (mul_32ns_36ns_67_2_1_U37/dout_reg[44]) is unused and will be removed from module lenet_w4a4_top_lenet_w4a4_top_Pipeline_POOL_CHANNEL_POOL_ROW_POOL_COL.
WARNING: [Synth 8-3332] Sequential element (mul_32ns_36ns_67_2_1_U37/dout_reg[43]) is unused and will be removed from module lenet_w4a4_top_lenet_w4a4_top_Pipeline_POOL_CHANNEL_POOL_ROW_POOL_COL.
WARNING: [Synth 8-3332] Sequential element (mul_32ns_36ns_67_2_1_U37/dout_reg[42]) is unused and will be removed from module lenet_w4a4_top_lenet_w4a4_top_Pipeline_POOL_CHANNEL_POOL_ROW_POOL_COL.
WARNING: [Synth 8-3332] Sequential element (mul_32ns_36ns_67_2_1_U37/dout_reg[41]) is unused and will be removed from module lenet_w4a4_top_lenet_w4a4_top_Pipeline_POOL_CHANNEL_POOL_ROW_POOL_COL.
WARNING: [Synth 8-3332] Sequential element (mul_32ns_36ns_67_2_1_U37/dout_reg[40]) is unused and will be removed from module lenet_w4a4_top_lenet_w4a4_top_Pipeline_POOL_CHANNEL_POOL_ROW_POOL_COL.
WARNING: [Synth 8-3332] Sequential element (mul_32ns_36ns_67_2_1_U37/dout_reg[39]) is unused and will be removed from module lenet_w4a4_top_lenet_w4a4_top_Pipeline_POOL_CHANNEL_POOL_ROW_POOL_COL.
WARNING: [Synth 8-3332] Sequential element (mul_32ns_36ns_67_2_1_U37/dout_reg[38]) is unused and will be removed from module lenet_w4a4_top_lenet_w4a4_top_Pipeline_POOL_CHANNEL_POOL_ROW_POOL_COL.
WARNING: [Synth 8-3332] Sequential element (mul_32ns_36ns_67_2_1_U37/dout_reg[37]) is unused and will be removed from module lenet_w4a4_top_lenet_w4a4_top_Pipeline_POOL_CHANNEL_POOL_ROW_POOL_COL.
WARNING: [Synth 8-3332] Sequential element (mul_32ns_36ns_67_2_1_U37/dout_reg[36]) is unused and will be removed from module lenet_w4a4_top_lenet_w4a4_top_Pipeline_POOL_CHANNEL_POOL_ROW_POOL_COL.
WARNING: [Synth 8-3332] Sequential element (mul_32ns_36ns_67_2_1_U37/dout_reg[35]) is unused and will be removed from module lenet_w4a4_top_lenet_w4a4_top_Pipeline_POOL_CHANNEL_POOL_ROW_POOL_COL.
WARNING: [Synth 8-3332] Sequential element (mul_32ns_36ns_67_2_1_U37/dout_reg[34]) is unused and will be removed from module lenet_w4a4_top_lenet_w4a4_top_Pipeline_POOL_CHANNEL_POOL_ROW_POOL_COL.
WARNING: [Synth 8-3332] Sequential element (mul_32ns_36ns_67_2_1_U37/dout_reg[33]) is unused and will be removed from module lenet_w4a4_top_lenet_w4a4_top_Pipeline_POOL_CHANNEL_POOL_ROW_POOL_COL.
WARNING: [Synth 8-3332] Sequential element (mul_32ns_36ns_67_2_1_U37/dout_reg[32]) is unused and will be removed from module lenet_w4a4_top_lenet_w4a4_top_Pipeline_POOL_CHANNEL_POOL_ROW_POOL_COL.
WARNING: [Synth 8-3332] Sequential element (mul_32ns_36ns_67_2_1_U37/dout_reg[31]) is unused and will be removed from module lenet_w4a4_top_lenet_w4a4_top_Pipeline_POOL_CHANNEL_POOL_ROW_POOL_COL.
WARNING: [Synth 8-3332] Sequential element (mul_32ns_36ns_67_2_1_U37/dout_reg[30]) is unused and will be removed from module lenet_w4a4_top_lenet_w4a4_top_Pipeline_POOL_CHANNEL_POOL_ROW_POOL_COL.
WARNING: [Synth 8-3332] Sequential element (mul_32ns_36ns_67_2_1_U37/dout_reg[29]) is unused and will be removed from module lenet_w4a4_top_lenet_w4a4_top_Pipeline_POOL_CHANNEL_POOL_ROW_POOL_COL.
WARNING: [Synth 8-3332] Sequential element (mul_32ns_36ns_67_2_1_U37/dout_reg[28]) is unused and will be removed from module lenet_w4a4_top_lenet_w4a4_top_Pipeline_POOL_CHANNEL_POOL_ROW_POOL_COL.
WARNING: [Synth 8-3332] Sequential element (mul_32ns_36ns_67_2_1_U37/dout_reg[27]) is unused and will be removed from module lenet_w4a4_top_lenet_w4a4_top_Pipeline_POOL_CHANNEL_POOL_ROW_POOL_COL.
WARNING: [Synth 8-3332] Sequential element (mul_32ns_36ns_67_2_1_U37/dout_reg[26]) is unused and will be removed from module lenet_w4a4_top_lenet_w4a4_top_Pipeline_POOL_CHANNEL_POOL_ROW_POOL_COL.
WARNING: [Synth 8-3332] Sequential element (mul_32ns_36ns_67_2_1_U37/dout_reg[25]) is unused and will be removed from module lenet_w4a4_top_lenet_w4a4_top_Pipeline_POOL_CHANNEL_POOL_ROW_POOL_COL.
WARNING: [Synth 8-3332] Sequential element (mul_32ns_36ns_67_2_1_U37/dout_reg[24]) is unused and will be removed from module lenet_w4a4_top_lenet_w4a4_top_Pipeline_POOL_CHANNEL_POOL_ROW_POOL_COL.
WARNING: [Synth 8-3332] Sequential element (mul_32ns_36ns_67_2_1_U37/dout_reg[23]) is unused and will be removed from module lenet_w4a4_top_lenet_w4a4_top_Pipeline_POOL_CHANNEL_POOL_ROW_POOL_COL.
WARNING: [Synth 8-3332] Sequential element (mul_32ns_36ns_67_2_1_U37/dout_reg[22]) is unused and will be removed from module lenet_w4a4_top_lenet_w4a4_top_Pipeline_POOL_CHANNEL_POOL_ROW_POOL_COL.
WARNING: [Synth 8-3332] Sequential element (mul_32ns_36ns_67_2_1_U37/dout_reg[21]) is unused and will be removed from module lenet_w4a4_top_lenet_w4a4_top_Pipeline_POOL_CHANNEL_POOL_ROW_POOL_COL.
WARNING: [Synth 8-3332] Sequential element (mul_32ns_36ns_67_2_1_U37/dout_reg[20]) is unused and will be removed from module lenet_w4a4_top_lenet_w4a4_top_Pipeline_POOL_CHANNEL_POOL_ROW_POOL_COL.
WARNING: [Synth 8-3332] Sequential element (mul_32ns_36ns_67_2_1_U37/dout_reg[19]) is unused and will be removed from module lenet_w4a4_top_lenet_w4a4_top_Pipeline_POOL_CHANNEL_POOL_ROW_POOL_COL.
WARNING: [Synth 8-3332] Sequential element (mul_32ns_36ns_67_2_1_U37/dout_reg[18]) is unused and will be removed from module lenet_w4a4_top_lenet_w4a4_top_Pipeline_POOL_CHANNEL_POOL_ROW_POOL_COL.
WARNING: [Synth 8-3332] Sequential element (mul_32ns_36ns_67_2_1_U37/dout_reg[17]) is unused and will be removed from module lenet_w4a4_top_lenet_w4a4_top_Pipeline_POOL_CHANNEL_POOL_ROW_POOL_COL.
WARNING: [Synth 8-3332] Sequential element (mul_32ns_36ns_67_2_1_U37/dout_reg[47]__0) is unused and will be removed from module lenet_w4a4_top_lenet_w4a4_top_Pipeline_POOL_CHANNEL_POOL_ROW_POOL_COL.
WARNING: [Synth 8-3332] Sequential element (mul_32ns_36ns_67_2_1_U37/dout_reg[46]__0) is unused and will be removed from module lenet_w4a4_top_lenet_w4a4_top_Pipeline_POOL_CHANNEL_POOL_ROW_POOL_COL.
WARNING: [Synth 8-3332] Sequential element (mul_32ns_36ns_67_2_1_U37/dout_reg[45]__0) is unused and will be removed from module lenet_w4a4_top_lenet_w4a4_top_Pipeline_POOL_CHANNEL_POOL_ROW_POOL_COL.
WARNING: [Synth 8-3332] Sequential element (mul_32ns_36ns_67_2_1_U37/dout_reg[44]__0) is unused and will be removed from module lenet_w4a4_top_lenet_w4a4_top_Pipeline_POOL_CHANNEL_POOL_ROW_POOL_COL.
WARNING: [Synth 8-3332] Sequential element (mul_32ns_36ns_67_2_1_U37/dout_reg[43]__0) is unused and will be removed from module lenet_w4a4_top_lenet_w4a4_top_Pipeline_POOL_CHANNEL_POOL_ROW_POOL_COL.
WARNING: [Synth 8-3332] Sequential element (mul_32ns_36ns_67_2_1_U37/dout_reg[42]__0) is unused and will be removed from module lenet_w4a4_top_lenet_w4a4_top_Pipeline_POOL_CHANNEL_POOL_ROW_POOL_COL.
WARNING: [Synth 8-3332] Sequential element (mul_32ns_36ns_67_2_1_U37/dout_reg[41]__0) is unused and will be removed from module lenet_w4a4_top_lenet_w4a4_top_Pipeline_POOL_CHANNEL_POOL_ROW_POOL_COL.
INFO: [Common 17-14] Message 'Synth 8-3332' appears 100 times and further instances of the messages will be disabled. Use the Tcl command set_msg_config to change the current settings.
---------------------------------------------------------------------------------
Finished Cross Boundary and Area Optimization : Time (s): cpu = 00:00:52 ; elapsed = 00:00:58 . Memory (MB): peak = 2188.254 ; gain = 743.352
---------------------------------------------------------------------------------
---------------------------------------------------------------------------------
Start ROM, RAM, DSP, Shift Register and Retiming Reporting
---------------------------------------------------------------------------------

Block RAM: Preliminary Mapping Report (see note below)
+-----------------------+--------------------------------------------------------+------------------------+---+---+------------------------+---+---+------------------+--------+--------+
|Module Name            | RTL Object                                             | PORT A (Depth x Width) | W | R | PORT B (Depth x Width) | W | R | Ports driving FF | RAMB18 | RAMB36 | 
+-----------------------+--------------------------------------------------------+------------------------+---+---+------------------------+---+---+------------------+--------+--------+
|inst                   | input_V_U/ram0_reg                                     | 1 K x 4(READ_FIRST)    | W | R | 1 K x 4(WRITE_FIRST)   |   | R | Port A and B     | 1      | 0      | 
|inst                   | conv1_acc_V_U/ram0_reg                                 | 4 K x 12(READ_FIRST)   | W | R | 4 K x 12(WRITE_FIRST)  |   | R | Port A and B     | 0      | 3      | 
|inst                   | conv1_acc_V_U/ram1_reg                                 | 4 K x 12(READ_FIRST)   | W |   | 4 K x 12(WRITE_FIRST)  |   | R | Port A and B     | 0      | 3      | 
|inst                   | conv1_acc_V_U/ram2_reg                                 | 4 K x 12(READ_FIRST)   | W |   | 4 K x 12(WRITE_FIRST)  |   | R | Port A and B     | 0      | 3      | 
|inst                   | pool1_V_U/ram_reg                                      | 1 K x 3(READ_FIRST)    | W | R |                        |   |   | Port A           | 1      | 0      | 
|inst                   | pool2_V_U/ram_reg                                      | 400 x 3(READ_FIRST)    | W | R |                        |   |   | Port A           | 1      | 0      | 
|inst                   | conv3_acc_V_U/ram_reg                                  | 120 x 16(READ_FIRST)   | W | R |                        |   |   | Port A           | 1      | 0      | 
|inst                   | fc1_acc_V_U/ram_reg                                    | 84 x 14(READ_FIRST)    | W | R |                        |   |   | Port A           | 1      | 0      | 
|inst                   | gmem2_m_axi_U/store_unit/buff_wdata/U_fifo_mem/mem_reg | 15 x 36(READ_FIRST)    | W |   | 15 x 36(WRITE_FIRST)   |   | R | Port A and B     | 1      | 0      | 
|inst/i_2/gmem1_m_axi_U | load_unit/buff_rdata/U_fifo_mem/mem_reg                | 255 x 34(READ_FIRST)   | W |   | 255 x 34(WRITE_FIRST)  |   | R | Port A and B     | 1      | 0      | 
|inst/i_2/gmem0_m_axi_U | load_unit/buff_rdata/U_fifo_mem/mem_reg                | 255 x 34(READ_FIRST)   | W |   | 255 x 34(WRITE_FIRST)  |   | R | Port A and B     | 1      | 0      | 
|inst                   | conv2_acc_V_U/ram0_reg                                 | 1 K x 15(READ_FIRST)   | W | R | 1 K x 15(WRITE_FIRST)  |   | R | Port A and B     | 0      | 1      | 
|inst                   | conv2_acc_V_U/ram1_reg                                 | 1 K x 15(READ_FIRST)   | W |   | 1 K x 15(WRITE_FIRST)  |   | R | Port A and B     | 0      | 1      | 
|inst                   | conv2_acc_V_U/ram2_reg                                 | 1 K x 15(READ_FIRST)   | W |   | 1 K x 15(WRITE_FIRST)  |   | R | Port A and B     | 0      | 1      | 
+-----------------------+--------------------------------------------------------+------------------------+---+---+------------------------+---+---+------------------+--------+--------+

Note: The table above is a preliminary report that shows the Block RAMs at the current stage of the synthesis flow. Some Block RAMs may be reimplemented as non Block RAM primitives later in the synthesis flow. Multiple instantiated Block RAMs are reported only once. 

Distributed RAM: Preliminary Mapping Report (see note below)
+------------+------------------------+-----------+----------------------+-----------------------------------------+
|Module Name | RTL Object             | Inference | Size (Depth x Width) | Primitives                              | 
+------------+------------------------+-----------+----------------------+-----------------------------------------+
|inst        | conv3_relu_V_U/ram_reg | Implied   | 128 x 3              | RAM16X1S x 6 RAM32X1S x 3 RAM64X1S x 3  | 
|inst        | fc1_relu_V_U/ram_reg   | Implied   | 128 x 3              | RAM16X1S x 6 RAM64X1S x 3               | 
|inst        | fc2_acc_V_U/ram_reg    | Implied   | 16 x 14              | RAM16X1S x 14                           | 
|inst        | fc2_quant_V_U/ram_reg  | Implied   | 16 x 4               | RAM16X1S x 4                            | 
+------------+------------------------+-----------+----------------------+-----------------------------------------+

Note: The table above is a preliminary report that shows the Distributed RAMs at the current stage of the synthesis flow. Some Distributed RAMs may be reimplemented as non Distributed RAM primitives later in the synthesis flow. Multiple instantiated RAMs are reported only once.

DSP: Preliminary Mapping Report (see note below. The ' indicates corresponding REG is set)
+-------------------------------------------------------------------------+-----------------------+--------+--------+--------+--------+--------+------+------+------+------+-------+------+------+
|Module Name                                                              | DSP Mapping           | A Size | B Size | C Size | D Size | P Size | AREG | BREG | CREG | DREG | ADREG | MREG | PREG | 
+-------------------------------------------------------------------------+-----------------------+--------+--------+--------+--------+--------+------+------+------+------+-------+------+------+
|lenet_w4a4_top_lenet_w4a4_top_Pipeline_OUT_CHANNEL_OUT_ROW_OUT_COL       | (A''*B2)'             | 5      | 5      | -      | -      | 10     | 2    | 1    | -    | -    | -     | 1    | 0    | 
|lenet_w4a4_top_lenet_w4a4_top_Pipeline_OUT_CHANNEL_OUT_ROW_OUT_COL       | (PCIN+(A2*B)')'       | 4      | 4      | -      | -      | 9      | 1    | 0    | -    | -    | -     | 1    | 1    | 
|lenet_w4a4_top_lenet_w4a4_top_Pipeline_OUT_CHANNEL_OUT_ROW_OUT_COL       | (PCIN+(A''*B'')')'    | 5      | 5      | -      | -      | 9      | 2    | 2    | -    | -    | -     | 1    | 1    | 
|lenet_w4a4_top_lenet_w4a4_top_Pipeline_OUT_CHANNEL_OUT_ROW_OUT_COL       | (A''*B2)'             | 5      | 5      | -      | -      | 10     | 2    | 1    | -    | -    | -     | 1    | 0    | 
|lenet_w4a4_top_lenet_w4a4_top_Pipeline_OUT_CHANNEL_OUT_ROW_OUT_COL       | (PCIN+(A2*B)')'       | 4      | 4      | -      | -      | 9      | 1    | 0    | -    | -    | -     | 1    | 1    | 
|lenet_w4a4_top_lenet_w4a4_top_Pipeline_OUT_CHANNEL_OUT_ROW_OUT_COL       | (PCIN+(A''*B'')')'    | 5      | 5      | -      | -      | 9      | 2    | 2    | -    | -    | -     | 1    | 1    | 
|lenet_w4a4_top_lenet_w4a4_top_Pipeline_OUT_CHANNEL_OUT_ROW_OUT_COL       | (A''*B2)'             | 5      | 5      | -      | -      | 10     | 2    | 1    | -    | -    | -     | 1    | 0    | 
|lenet_w4a4_top_lenet_w4a4_top_Pipeline_OUT_CHANNEL_OUT_ROW_OUT_COL       | (PCIN+(A2*B)')'       | 4      | 4      | -      | -      | 9      | 1    | 0    | -    | -    | -     | 1    | 1    | 
|lenet_w4a4_top_lenet_w4a4_top_Pipeline_OUT_CHANNEL_OUT_ROW_OUT_COL       | (A''*B2)'             | 5      | 5      | -      | -      | 10     | 2    | 1    | -    | -    | -     | 1    | 0    | 
|lenet_w4a4_top_lenet_w4a4_top_Pipeline_OUT_CHANNEL_OUT_ROW_OUT_COL       | (PCIN+(A2*B)')'       | 4      | 4      | -      | -      | 9      | 1    | 0    | -    | -    | -     | 1    | 1    | 
|lenet_w4a4_top_lenet_w4a4_top_Pipeline_OUT_CHANNEL_OUT_ROW_OUT_COL       | (PCIN+(A''*B'')')'    | 5      | 5      | -      | -      | 9      | 2    | 2    | -    | -    | -     | 1    | 1    | 
|lenet_w4a4_top_lenet_w4a4_top_Pipeline_OUT_CHANNEL_OUT_ROW_OUT_COL       | (A''*B2)'             | 5      | 5      | -      | -      | 10     | 2    | 1    | -    | -    | -     | 1    | 0    | 
|lenet_w4a4_top_lenet_w4a4_top_Pipeline_OUT_CHANNEL_OUT_ROW_OUT_COL       | (PCIN+(A2*B)')'       | 4      | 4      | -      | -      | 9      | 1    | 0    | -    | -    | -     | 1    | 1    | 
|lenet_w4a4_top_lenet_w4a4_top_Pipeline_OUT_CHANNEL_OUT_ROW_OUT_COL       | (A''*B2)'             | 5      | 5      | -      | -      | 10     | 2    | 1    | -    | -    | -     | 1    | 0    | 
|lenet_w4a4_top_lenet_w4a4_top_Pipeline_OUT_CHANNEL_OUT_ROW_OUT_COL       | (PCIN+(A2*B)')'       | 4      | 4      | -      | -      | 9      | 1    | 0    | -    | -    | -     | 1    | 1    | 
|lenet_w4a4_top_lenet_w4a4_top_Pipeline_OUT_CHANNEL_OUT_ROW_OUT_COL       | (PCIN+(A''*B'')')'    | 5      | 5      | -      | -      | 9      | 2    | 2    | -    | -    | -     | 1    | 1    | 
|lenet_w4a4_top_lenet_w4a4_top_Pipeline_OUT_CHANNEL_OUT_ROW_OUT_COL       | (A''*B2)'             | 5      | 5      | -      | -      | 10     | 2    | 1    | -    | -    | -     | 1    | 0    | 
|lenet_w4a4_top_lenet_w4a4_top_Pipeline_OUT_CHANNEL_OUT_ROW_OUT_COL       | (PCIN+(A2*B)')'       | 4      | 4      | -      | -      | 9      | 1    | 0    | -    | -    | -     | 1    | 1    | 
|lenet_w4a4_top_lenet_w4a4_top_Pipeline_OUT_CHANNEL_OUT_ROW_OUT_COL       | (PCIN+(A''*B'')')'    | 5      | 5      | -      | -      | 9      | 2    | 2    | -    | -    | -     | 1    | 1    | 
|lenet_w4a4_top_lenet_w4a4_top_Pipeline_OUT_CHANNEL_OUT_ROW_OUT_COL       | (A''*B2)'             | 5      | 5      | -      | -      | 10     | 2    | 1    | -    | -    | -     | 1    | 0    | 
|lenet_w4a4_top_lenet_w4a4_top_Pipeline_OUT_CHANNEL_OUT_ROW_OUT_COL       | (PCIN+(A2*B)')'       | 4      | 4      | -      | -      | 9      | 1    | 0    | -    | -    | -     | 1    | 1    | 
|lenet_w4a4_top_lenet_w4a4_top_Pipeline_OUT_CHANNEL_OUT_ROW_OUT_COL       | (PCIN+(A''*B'')')'    | 5      | 5      | -      | -      | 9      | 2    | 2    | -    | -    | -     | 1    | 1    | 
|lenet_w4a4_top_lenet_w4a4_top_Pipeline_OUT_CHANNEL_OUT_ROW_OUT_COL       | (A''*B2)'             | 5      | 5      | -      | -      | 10     | 2    | 1    | -    | -    | -     | 1    | 0    | 
|lenet_w4a4_top_lenet_w4a4_top_Pipeline_OUT_CHANNEL_OUT_ROW_OUT_COL       | (PCIN+(A2*B)')'       | 4      | 4      | -      | -      | 9      | 1    | 0    | -    | -    | -     | 1    | 1    | 
|lenet_w4a4_top_lenet_w4a4_top_Pipeline_OUT_CHANNEL_OUT_ROW_OUT_COL       | (PCIN+(A''*B'')')'    | 5      | 5      | -      | -      | 9      | 2    | 2    | -    | -    | -     | 1    | 1    | 
|lenet_w4a4_top_lenet_w4a4_top_Pipeline_POOL_CHANNEL_POOL_ROW_POOL_COL    | A2*(B:0x9b3)          | 16     | 13     | -      | -      | 48     | 1    | 0    | -    | -    | -     | 0    | 0    | 
|lenet_w4a4_top_lenet_w4a4_top_Pipeline_POOL_CHANNEL_POOL_ROW_POOL_COL    | (PCIN>>17)+A*B2       | 19     | 16     | -      | -      | 48     | 0    | 1    | -    | -    | -     | 0    | 1    | 
|lenet_w4a4_top_lenet_w4a4_top_Pipeline_POOL_CHANNEL_POOL_ROW_POOL_COL    | A2*(B:0x9b3)          | 18     | 13     | -      | -      | 48     | 1    | 0    | -    | -    | -     | 0    | 0    | 
|lenet_w4a4_top_lenet_w4a4_top_Pipeline_POOL_CHANNEL_POOL_ROW_POOL_COL    | (PCIN>>17)+A*B2       | 19     | 18     | -      | -      | 48     | 0    | 1    | -    | -    | -     | 0    | 1    | 
|lenet_w4a4_top_lenet_w4a4_top_Pipeline_POOL_CHANNEL_POOL_ROW_POOL_COL    | A2*(B:0x9b3)          | 16     | 13     | -      | -      | 48     | 1    | 0    | -    | -    | -     | 0    | 0    | 
|lenet_w4a4_top_lenet_w4a4_top_Pipeline_POOL_CHANNEL_POOL_ROW_POOL_COL    | (PCIN>>17)+A*B2       | 19     | 16     | -      | -      | 48     | 0    | 1    | -    | -    | -     | 0    | 1    | 
|lenet_w4a4_top_lenet_w4a4_top_Pipeline_POOL_CHANNEL_POOL_ROW_POOL_COL    | A2*(B:0x9b3)          | 18     | 13     | -      | -      | 48     | 1    | 0    | -    | -    | -     | 0    | 0    | 
|lenet_w4a4_top_lenet_w4a4_top_Pipeline_POOL_CHANNEL_POOL_ROW_POOL_COL    | (PCIN>>17)+A*B2       | 19     | 18     | -      | -      | 48     | 0    | 1    | -    | -    | -     | 0    | 1    | 
|lenet_w4a4_top_lenet_w4a4_top_Pipeline_POOL_CHANNEL_POOL_ROW_POOL_COL    | A2*(B:0x9b3)          | 16     | 13     | -      | -      | 48     | 1    | 0    | -    | -    | -     | 0    | 0    | 
|lenet_w4a4_top_lenet_w4a4_top_Pipeline_POOL_CHANNEL_POOL_ROW_POOL_COL    | (PCIN>>17)+A*B2       | 19     | 16     | -      | -      | 48     | 0    | 1    | -    | -    | -     | 0    | 1    | 
|lenet_w4a4_top_lenet_w4a4_top_Pipeline_POOL_CHANNEL_POOL_ROW_POOL_COL    | A2*(B:0x9b3)          | 18     | 13     | -      | -      | 48     | 1    | 0    | -    | -    | -     | 0    | 0    | 
|lenet_w4a4_top_lenet_w4a4_top_Pipeline_POOL_CHANNEL_POOL_ROW_POOL_COL    | (PCIN>>17)+A*B2       | 19     | 18     | -      | -      | 48     | 0    | 1    | -    | -    | -     | 0    | 1    | 
|lenet_w4a4_top_lenet_w4a4_top_Pipeline_POOL_CHANNEL_POOL_ROW_POOL_COL    | A2*(B:0x9b3)          | 16     | 13     | -      | -      | 48     | 1    | 0    | -    | -    | -     | 0    | 0    | 
|lenet_w4a4_top_lenet_w4a4_top_Pipeline_POOL_CHANNEL_POOL_ROW_POOL_COL    | (PCIN>>17)+A*B2       | 19     | 16     | -      | -      | 48     | 0    | 1    | -    | -    | -     | 0    | 1    | 
|lenet_w4a4_top_lenet_w4a4_top_Pipeline_POOL_CHANNEL_POOL_ROW_POOL_COL    | A2*(B:0x9b3)          | 18     | 13     | -      | -      | 48     | 1    | 0    | -    | -    | -     | 0    | 0    | 
|lenet_w4a4_top_lenet_w4a4_top_Pipeline_POOL_CHANNEL_POOL_ROW_POOL_COL    | (PCIN>>17)+A*B2       | 19     | 18     | -      | -      | 48     | 0    | 1    | -    | -    | -     | 0    | 1    | 
|lenet_w4a4_top_lenet_w4a4_top_Pipeline_IN_CHANNEL_KERNEL_ROW_KERNEL_COL  | (P or C)+(A2*B2)'     | 15     | 5      | 15     | -      | 15     | 1    | 1    | 0    | -    | -     | 1    | 1    | 
|lenet_w4a4_top_lenet_w4a4_top_Pipeline_IN_CHANNEL_KERNEL_ROW_KERNEL_COL2 | (P or C)+(A2*B2)'     | 16     | 5      | 16     | -      | 16     | 1    | 1    | 0    | -    | -     | 1    | 1    | 
|lenet_w4a4_top_lenet_w4a4_top_Pipeline_DENSE_OUTPUT_DENSE_INPUT          | (0 or C)+(A2*B2)'     | 14     | 5      | 14     | -      | 14     | 1    | 1    | 0    | -    | -     | 1    | 1    | 
|lenet_w4a4_top_lenet_w4a4_top_Pipeline_REQUANT_VECTOR3                   | (A:0x1acf5)*B2        | 18     | 16     | -      | -      | 48     | 0    | 1    | -    | -    | -     | 0    | 0    | 
|lenet_w4a4_top_lenet_w4a4_top_Pipeline_REQUANT_VECTOR3                   | (PCIN>>17)+A*B2       | 21     | 16     | -      | -      | 48     | 0    | 1    | -    | -    | -     | 0    | 1    | 
|lenet_w4a4_top_lenet_w4a4_top_Pipeline_REQUANT_VECTOR3                   | A2*(B:0x1acf5)        | 18     | 18     | -      | -      | 48     | 1    | 0    | -    | -    | -     | 0    | 0    | 
|lenet_w4a4_top_lenet_w4a4_top_Pipeline_REQUANT_VECTOR3                   | (PCIN>>17)+A*B2       | 21     | 18     | -      | -      | 48     | 0    | 1    | -    | -    | -     | 0    | 1    | 
|lenet_w4a4_top_mac_muladd_4ns_7ns_7ns_10_4_1_DSP48_5                     | (C'+(A2*(B:0x54)')')' | 10     | 10     | 8      | -      | 10     | 1    | 1    | 1    | -    | -     | 1    | 1    | 
|lenet_w4a4_top_lenet_w4a4_top_Pipeline_DENSE_OUTPUT_DENSE_INPUT4         | (0 or C)+(A2*B2)'     | 14     | 5      | 14     | -      | 14     | 1    | 1    | 0    | -    | -     | 1    | 1    | 
|lenet_w4a4_top                                                           | A*B                   | 18     | 16     | -      | -      | 48     | 0    | 0    | -    | -    | -     | 0    | 0    | 
|lenet_w4a4_top                                                           | (PCIN>>17)+A*B        | 20     | 16     | -      | -      | 48     | 0    | 0    | -    | -    | -     | 0    | 1    | 
|lenet_w4a4_top                                                           | A*B                   | 18     | 18     | -      | -      | 48     | 0    | 0    | -    | -    | -     | 0    | 0    | 
|lenet_w4a4_top                                                           | (PCIN>>17)+A*B        | 20     | 18     | -      | -      | 48     | 0    | 0    | -    | -    | -     | 0    | 1    | 
|lenet_w4a4_top                                                           | (A:0x13162)*B2        | 18     | 16     | -      | -      | 48     | 0    | 1    | -    | -    | -     | 0    | 0    | 
|lenet_w4a4_top                                                           | (PCIN>>17)+A*B2       | 20     | 16     | -      | -      | 48     | 0    | 1    | -    | -    | -     | 0    | 1    | 
|lenet_w4a4_top                                                           | A2*(B:0x13162)        | 18     | 18     | -      | -      | 48     | 1    | 0    | -    | -    | -     | 0    | 0    | 
|lenet_w4a4_top                                                           | (PCIN>>17)+A*B2       | 20     | 18     | -      | -      | 48     | 0    | 1    | -    | -    | -     | 0    | 1    | 
|lenet_w4a4_top                                                           | (A:0x13162)*B2        | 18     | 16     | -      | -      | 48     | 0    | 1    | -    | -    | -     | 0    | 0    | 
|lenet_w4a4_top                                                           | (PCIN>>17)+A*B2       | 20     | 16     | -      | -      | 48     | 0    | 1    | -    | -    | -     | 0    | 1    | 
|lenet_w4a4_top                                                           | A2*(B:0x13162)        | 18     | 18     | -      | -      | 48     | 1    | 0    | -    | -    | -     | 0    | 0    | 
|lenet_w4a4_top                                                           | (PCIN>>17)+A*B2       | 20     | 18     | -      | -      | 48     | 0    | 1    | -    | -    | -     | 0    | 1    | 
|lenet_w4a4_top                                                           | (A:0x13162)*B2        | 18     | 16     | -      | -      | 48     | 0    | 1    | -    | -    | -     | 0    | 0    | 
|lenet_w4a4_top                                                           | (PCIN>>17)+A*B2       | 20     | 16     | -      | -      | 48     | 0    | 1    | -    | -    | -     | 0    | 1    | 
|lenet_w4a4_top                                                           | A2*(B:0x13162)        | 18     | 18     | -      | -      | 48     | 1    | 0    | -    | -    | -     | 0    | 0    | 
|lenet_w4a4_top                                                           | (PCIN>>17)+A*B2       | 20     | 18     | -      | -      | 48     | 0    | 1    | -    | -    | -     | 0    | 1    | 
+-------------------------------------------------------------------------+-----------------------+--------+--------+--------+--------+--------+------+------+------+------+-------+------+------+

Note: The table above is a preliminary report that shows the DSPs inferred at the current stage of the synthesis flow. Some DSP may be reimplemented as non DSP primitives later in the synthesis flow. Multiple instantiated DSPs are reported only once.
---------------------------------------------------------------------------------
Finished ROM, RAM, DSP, Shift Register and Retiming Reporting
---------------------------------------------------------------------------------
---------------------------------------------------------------------------------
Start Applying XDC Timing Constraints
---------------------------------------------------------------------------------
---------------------------------------------------------------------------------
Finished Applying XDC Timing Constraints : Time (s): cpu = 00:00:57 ; elapsed = 00:01:03 . Memory (MB): peak = 2188.254 ; gain = 743.352
---------------------------------------------------------------------------------
---------------------------------------------------------------------------------
Start Timing Optimization
---------------------------------------------------------------------------------
---------------------------------------------------------------------------------
Finished Timing Optimization : Time (s): cpu = 00:01:16 ; elapsed = 00:01:22 . Memory (MB): peak = 2314.992 ; gain = 870.090
---------------------------------------------------------------------------------
---------------------------------------------------------------------------------
Start ROM, RAM, DSP, Shift Register and Retiming Reporting
---------------------------------------------------------------------------------

Block RAM: Final Mapping Report
+-----------------------+--------------------------------------------------------+------------------------+---+---+------------------------+---+---+------------------+--------+--------+
|Module Name            | RTL Object                                             | PORT A (Depth x Width) | W | R | PORT B (Depth x Width) | W | R | Ports driving FF | RAMB18 | RAMB36 | 
+-----------------------+--------------------------------------------------------+------------------------+---+---+------------------------+---+---+------------------+--------+--------+
|inst                   | input_V_U/ram0_reg                                     | 1 K x 4(READ_FIRST)    | W | R | 1 K x 4(WRITE_FIRST)   |   | R | Port A and B     | 1      | 0      | 
|inst                   | pool1_V_U/ram_reg                                      | 1 K x 3(READ_FIRST)    | W | R |                        |   |   | Port A           | 1      | 0      | 
|inst                   | pool2_V_U/ram_reg                                      | 400 x 3(READ_FIRST)    | W | R |                        |   |   | Port A           | 1      | 0      | 
|inst                   | conv3_acc_V_U/ram_reg                                  | 120 x 16(READ_FIRST)   | W | R |                        |   |   | Port A           | 1      | 0      | 
|inst                   | fc1_acc_V_U/ram_reg                                    | 84 x 14(READ_FIRST)    | W | R |                        |   |   | Port A           | 1      | 0      | 
|inst/i_2/gmem1_m_axi_U | load_unit/buff_rdata/U_fifo_mem/mem_reg                | 255 x 34(READ_FIRST)   | W |   | 255 x 34(WRITE_FIRST)  |   | R | Port A and B     | 1      | 0      | 
|inst/i_2/gmem0_m_axi_U | load_unit/buff_rdata/U_fifo_mem/mem_reg                | 255 x 34(READ_FIRST)   | W |   | 255 x 34(WRITE_FIRST)  |   | R | Port A and B     | 1      | 0      | 
|inst                   | conv1_acc_V_U/ram0_reg                                 | 4 K x 12(READ_FIRST)   | W | R | 4 K x 12(WRITE_FIRST)  |   | R | Port A and B     | 0      | 3      | 
|inst                   | conv1_acc_V_U/ram1_reg                                 | 4 K x 12(READ_FIRST)   | W |   | 4 K x 12(WRITE_FIRST)  |   | R | Port A and B     | 0      | 3      | 
|inst                   | conv1_acc_V_U/ram2_reg                                 | 4 K x 12(READ_FIRST)   | W |   | 4 K x 12(WRITE_FIRST)  |   | R | Port A and B     | 0      | 3      | 
|inst                   | conv2_acc_V_U/ram0_reg                                 | 1 K x 15(READ_FIRST)   | W | R | 1 K x 15(WRITE_FIRST)  |   | R | Port A and B     | 0      | 1      | 
|inst                   | conv2_acc_V_U/ram1_reg                                 | 1 K x 15(READ_FIRST)   | W |   | 1 K x 15(WRITE_FIRST)  |   | R | Port A and B     | 0      | 1      | 
|inst                   | conv2_acc_V_U/ram2_reg                                 | 1 K x 15(READ_FIRST)   | W |   | 1 K x 15(WRITE_FIRST)  |   | R | Port A and B     | 0      | 1      | 
|inst                   | gmem2_m_axi_U/store_unit/buff_wdata/U_fifo_mem/mem_reg | 15 x 36(READ_FIRST)    | W |   | 15 x 36(WRITE_FIRST)   |   | R | Port A and B     | 1      | 0      | 
+-----------------------+--------------------------------------------------------+------------------------+---+---+------------------------+---+---+------------------+--------+--------+


Distributed RAM: Final Mapping Report
+------------+------------------------+-----------+----------------------+-----------------------------------------+
|Module Name | RTL Object             | Inference | Size (Depth x Width) | Primitives                              | 
+------------+------------------------+-----------+----------------------+-----------------------------------------+
|inst        | conv3_relu_V_U/ram_reg | Implied   | 128 x 3              | RAM16X1S x 6 RAM32X1S x 3 RAM64X1S x 3  | 
|inst        | fc2_quant_V_U/ram_reg  | Implied   | 16 x 4               | RAM16X1S x 4                            | 
|inst        | fc1_relu_V_U/ram_reg   | Implied   | 128 x 3              | RAM16X1S x 6 RAM64X1S x 3               | 
|inst        | fc2_acc_V_U/ram_reg    | Implied   | 16 x 14              | RAM16X1S x 14                           | 
+------------+------------------------+-----------+----------------------+-----------------------------------------+

---------------------------------------------------------------------------------
Finished ROM, RAM, DSP, Shift Register and Retiming Reporting
---------------------------------------------------------------------------------
---------------------------------------------------------------------------------
Start Technology Mapping
---------------------------------------------------------------------------------
INFO: [Synth 8-7052] The timing for the instance inst/input_V_U/ram0_reg (implemented as a Block RAM) might be sub-optimal as no optional output register could be merged into the ram block. Providing additional output register may help in improving timing.
INFO: [Synth 8-7052] The timing for the instance inst/input_V_U/ram0_reg (implemented as a Block RAM) might be sub-optimal as no optional output register could be merged into the ram block. Providing additional output register may help in improving timing.
INFO: [Synth 8-7052] The timing for the instance inst/pool1_V_U/ram_reg (implemented as a Block RAM) might be sub-optimal as no optional output register could be merged into the ram block. Providing additional output register may help in improving timing.
INFO: [Synth 8-7052] The timing for the instance inst/pool2_V_U/ram_reg (implemented as a Block RAM) might be sub-optimal as no optional output register could be merged into the ram block. Providing additional output register may help in improving timing.
INFO: [Synth 8-7052] The timing for the instance inst/fc1_acc_V_U/ram_reg (implemented as a Block RAM) might be sub-optimal as no optional output register could be merged into the ram block. Providing additional output register may help in improving timing.
INFO: [Synth 8-7052] The timing for the instance inst/gmem1_m_axi_U/load_unit/buff_rdata/U_fifo_mem/mem_reg (implemented as a Block RAM) might be sub-optimal as no optional output register could be merged into the ram block. Providing additional output register may help in improving timing.
INFO: [Synth 8-7052] The timing for the instance inst/gmem0_m_axi_U/load_unit/buff_rdata/U_fifo_mem/mem_reg (implemented as a Block RAM) might be sub-optimal as no optional output register could be merged into the ram block. Providing additional output register may help in improving timing.
INFO: [Synth 8-7052] The timing for the instance inst/conv1_acc_V_U/ram0_reg_0 (implemented as a Block RAM) might be sub-optimal as no optional output register could be merged into the ram block. Providing additional output register may help in improving timing.
INFO: [Synth 8-7052] The timing for the instance inst/conv1_acc_V_U/ram0_reg_0 (implemented as a Block RAM) might be sub-optimal as no optional output register could be merged into the ram block. Providing additional output register may help in improving timing.
INFO: [Synth 8-7052] The timing for the instance inst/conv1_acc_V_U/ram0_reg_1 (implemented as a Block RAM) might be sub-optimal as no optional output register could be merged into the ram block. Providing additional output register may help in improving timing.
INFO: [Synth 8-7052] The timing for the instance inst/conv1_acc_V_U/ram0_reg_1 (implemented as a Block RAM) might be sub-optimal as no optional output register could be merged into the ram block. Providing additional output register may help in improving timing.
INFO: [Synth 8-7052] The timing for the instance inst/conv1_acc_V_U/ram0_reg_2 (implemented as a Block RAM) might be sub-optimal as no optional output register could be merged into the ram block. Providing additional output register may help in improving timing.
INFO: [Synth 8-7052] The timing for the instance inst/conv1_acc_V_U/ram0_reg_2 (implemented as a Block RAM) might be sub-optimal as no optional output register could be merged into the ram block. Providing additional output register may help in improving timing.
INFO: [Synth 8-7052] The timing for the instance inst/conv1_acc_V_U/ram1_reg_0 (implemented as a Block RAM) might be sub-optimal as no optional output register could be merged into the ram block. Providing additional output register may help in improving timing.
INFO: [Synth 8-7052] The timing for the instance inst/conv1_acc_V_U/ram1_reg_1 (implemented as a Block RAM) might be sub-optimal as no optional output register could be merged into the ram block. Providing additional output register may help in improving timing.
INFO: [Synth 8-7052] The timing for the instance inst/conv1_acc_V_U/ram1_reg_2 (implemented as a Block RAM) might be sub-optimal as no optional output register could be merged into the ram block. Providing additional output register may help in improving timing.
INFO: [Synth 8-7052] The timing for the instance inst/conv1_acc_V_U/ram2_reg_0 (implemented as a Block RAM) might be sub-optimal as no optional output register could be merged into the ram block. Providing additional output register may help in improving timing.
INFO: [Synth 8-7052] The timing for the instance inst/conv1_acc_V_U/ram2_reg_1 (implemented as a Block RAM) might be sub-optimal as no optional output register could be merged into the ram block. Providing additional output register may help in improving timing.
INFO: [Synth 8-7052] The timing for the instance inst/conv1_acc_V_U/ram2_reg_2 (implemented as a Block RAM) might be sub-optimal as no optional output register could be merged into the ram block. Providing additional output register may help in improving timing.
INFO: [Synth 8-7052] The timing for the instance inst/conv2_acc_V_U/ram0_reg (implemented as a Block RAM) might be sub-optimal as no optional output register could be merged into the ram block. Providing additional output register may help in improving timing.
INFO: [Synth 8-7052] The timing for the instance inst/conv2_acc_V_U/ram0_reg (implemented as a Block RAM) might be sub-optimal as no optional output register could be merged into the ram block. Providing additional output register may help in improving timing.
INFO: [Synth 8-7052] The timing for the instance inst/conv2_acc_V_U/ram1_reg (implemented as a Block RAM) might be sub-optimal as no optional output register could be merged into the ram block. Providing additional output register may help in improving timing.
---------------------------------------------------------------------------------
Finished Technology Mapping : Time (s): cpu = 00:01:22 ; elapsed = 00:01:28 . Memory (MB): peak = 2430.008 ; gain = 985.105
---------------------------------------------------------------------------------
---------------------------------------------------------------------------------
Start IO Insertion
---------------------------------------------------------------------------------
---------------------------------------------------------------------------------
Start Flattening Before IO Insertion
---------------------------------------------------------------------------------
---------------------------------------------------------------------------------
Finished Flattening Before IO Insertion
---------------------------------------------------------------------------------
---------------------------------------------------------------------------------
Start Final Netlist Cleanup
---------------------------------------------------------------------------------
---------------------------------------------------------------------------------
Finished Final Netlist Cleanup
---------------------------------------------------------------------------------
---------------------------------------------------------------------------------
Finished IO Insertion : Time (s): cpu = 00:01:26 ; elapsed = 00:01:31 . Memory (MB): peak = 2435.496 ; gain = 990.594
---------------------------------------------------------------------------------
---------------------------------------------------------------------------------
Start Renaming Generated Instances
---------------------------------------------------------------------------------
---------------------------------------------------------------------------------
Finished Renaming Generated Instances : Time (s): cpu = 00:01:26 ; elapsed = 00:01:31 . Memory (MB): peak = 2435.496 ; gain = 990.594
---------------------------------------------------------------------------------
---------------------------------------------------------------------------------
Start Rebuilding User Hierarchy
---------------------------------------------------------------------------------
---------------------------------------------------------------------------------
Finished Rebuilding User Hierarchy : Time (s): cpu = 00:01:27 ; elapsed = 00:01:32 . Memory (MB): peak = 2435.496 ; gain = 990.594
---------------------------------------------------------------------------------
---------------------------------------------------------------------------------
Start Renaming Generated Ports
---------------------------------------------------------------------------------
---------------------------------------------------------------------------------
Finished Renaming Generated Ports : Time (s): cpu = 00:01:27 ; elapsed = 00:01:33 . Memory (MB): peak = 2435.496 ; gain = 990.594
---------------------------------------------------------------------------------
---------------------------------------------------------------------------------
Start Handling Custom Attributes
---------------------------------------------------------------------------------
---------------------------------------------------------------------------------
Finished Handling Custom Attributes : Time (s): cpu = 00:01:27 ; elapsed = 00:01:33 . Memory (MB): peak = 2435.520 ; gain = 990.617
---------------------------------------------------------------------------------
---------------------------------------------------------------------------------
Start Renaming Generated Nets
---------------------------------------------------------------------------------
---------------------------------------------------------------------------------
Finished Renaming Generated Nets : Time (s): cpu = 00:01:27 ; elapsed = 00:01:33 . Memory (MB): peak = 2435.520 ; gain = 990.617
---------------------------------------------------------------------------------
---------------------------------------------------------------------------------
Start ROM, RAM, DSP, Shift Register and Retiming Reporting
---------------------------------------------------------------------------------

Static Shift Register Report:
+---------------+----------------------------------------------------------------------------------------------------------------+--------+-------+--------------+--------------------+-------------------+--------+---------+
|Module Name    | RTL Name                                                                                                       | Length | Width | Reset Signal | Pull out first Reg | Pull out last Reg | SRL16E | SRLC32E | 
+---------------+----------------------------------------------------------------------------------------------------------------+--------+-------+--------------+--------------------+-------------------+--------+---------+
|lenet_w4a4_top | grp_lenet_w4a4_top_Pipeline_UNPACK_INPUT_fu_282/index_2_reg_185_pp0_iter8_reg_reg[9]                           | 9      | 10    | NO           | NO                 | YES               | 10     | 0       | 
|lenet_w4a4_top | grp_lenet_w4a4_top_Pipeline_UNPACK_INPUT_fu_282/ap_loop_exit_ready_pp0_iter8_reg_reg                           | 8      | 1     | NO           | NO                 | YES               | 1      | 0       | 
|lenet_w4a4_top | grp_lenet_w4a4_top_Pipeline_POOL_CHANNEL_POOL_ROW_POOL_COL_fu_301/add_ln279_reg_1578_pp0_iter6_reg_reg[10]     | 5      | 11    | NO           | NO                 | YES               | 11     | 0       | 
|lenet_w4a4_top | grp_lenet_w4a4_top_Pipeline_POOL_CHANNEL_POOL_ROW_POOL_COL_fu_301/ap_loop_exit_ready_pp0_iter6_reg_reg         | 6      | 1     | NO           | NO                 | YES               | 1      | 0       | 
|lenet_w4a4_top | grp_lenet_w4a4_top_Pipeline_IN_CHANNEL_KERNEL_ROW_KERNEL_COL_fu_307/add_ln156_2_reg_991_pp0_iter10_reg_reg[10] | 7      | 11    | NO           | NO                 | YES               | 11     | 0       | 
|lenet_w4a4_top | grp_lenet_w4a4_top_Pipeline_IN_CHANNEL_KERNEL_ROW_KERNEL_COL_fu_307/trunc_ln8_reg_981_pp0_iter10_reg_reg[0]    | 8      | 1     | NO           | NO                 | YES               | 1      | 0       | 
|lenet_w4a4_top | grp_lenet_w4a4_top_Pipeline_IN_CHANNEL_KERNEL_ROW_KERNEL_COL_fu_307/ap_loop_exit_ready_pp0_iter14_reg_reg      | 14     | 1     | NO           | NO                 | YES               | 1      | 0       | 
|lenet_w4a4_top | grp_lenet_w4a4_top_Pipeline_IN_CHANNEL_KERNEL_ROW_KERNEL_COL2_fu_326/add_ln156_1_reg_845_pp0_iter10_reg_reg[8] | 8      | 8     | NO           | YES                | YES               | 8      | 0       | 
|lenet_w4a4_top | grp_lenet_w4a4_top_Pipeline_IN_CHANNEL_KERNEL_ROW_KERNEL_COL2_fu_326/add_ln156_1_reg_845_pp0_iter10_reg_reg[0] | 8      | 1     | NO           | NO                 | YES               | 1      | 0       | 
|lenet_w4a4_top | grp_lenet_w4a4_top_Pipeline_IN_CHANNEL_KERNEL_ROW_KERNEL_COL2_fu_326/trunc_ln8_reg_835_pp0_iter10_reg_reg[0]   | 8      | 1     | NO           | NO                 | YES               | 1      | 0       | 
|lenet_w4a4_top | grp_lenet_w4a4_top_Pipeline_IN_CHANNEL_KERNEL_ROW_KERNEL_COL2_fu_326/ap_loop_exit_ready_pp0_iter14_reg_reg     | 14     | 1     | NO           | NO                 | YES               | 1      | 0       | 
|lenet_w4a4_top | grp_lenet_w4a4_top_Pipeline_DENSE_OUTPUT_DENSE_INPUT_fu_342/icmp_ln340_reg_450_pp0_iter12_reg_reg[0]           | 12     | 1     | NO           | NO                 | YES               | 1      | 0       | 
|lenet_w4a4_top | grp_lenet_w4a4_top_Pipeline_DENSE_OUTPUT_DENSE_INPUT_fu_342/select_ln332_reg_456_pp0_iter9_reg_reg[6]          | 9      | 7     | NO           | NO                 | YES               | 7      | 0       | 
|lenet_w4a4_top | grp_lenet_w4a4_top_Pipeline_DENSE_OUTPUT_DENSE_INPUT_fu_342/select_ln332_2_reg_468_pp0_iter13_reg_reg[6]       | 13     | 7     | NO           | NO                 | YES               | 7      | 0       | 
|lenet_w4a4_top | grp_lenet_w4a4_top_Pipeline_DENSE_OUTPUT_DENSE_INPUT_fu_342/ifzero_reg_478_pp0_iter13_reg_reg[0]               | 13     | 1     | NO           | NO                 | YES               | 1      | 0       | 
|lenet_w4a4_top | grp_lenet_w4a4_top_Pipeline_DENSE_OUTPUT_DENSE_INPUT_fu_342/ap_loop_exit_ready_pp0_iter13_reg_reg              | 13     | 1     | NO           | NO                 | YES               | 1      | 0       | 
|lenet_w4a4_top | grp_lenet_w4a4_top_Pipeline_REQUANT_VECTOR3_fu_351/index_2_cast_reg_250_pp0_iter4_reg_reg[6]                   | 4      | 7     | NO           | NO                 | YES               | 7      | 0       | 
|lenet_w4a4_top | grp_lenet_w4a4_top_Pipeline_REQUANT_VECTOR3_fu_351/ap_loop_exit_ready_pp0_iter4_reg_reg                        | 4      | 1     | NO           | NO                 | YES               | 1      | 0       | 
|lenet_w4a4_top | grp_lenet_w4a4_top_Pipeline_DENSE_OUTPUT_DENSE_INPUT4_fu_357/icmp_ln340_reg_393_pp0_iter14_reg_reg[0]          | 14     | 1     | NO           | NO                 | YES               | 1      | 0       | 
|lenet_w4a4_top | grp_lenet_w4a4_top_Pipeline_DENSE_OUTPUT_DENSE_INPUT4_fu_357/trunc_ln8_reg_428_pp0_iter11_reg_reg[0]           | 9      | 1     | NO           | NO                 | YES               | 1      | 0       | 
|lenet_w4a4_top | grp_lenet_w4a4_top_Pipeline_DENSE_OUTPUT_DENSE_INPUT4_fu_357/select_ln332_reg_398_pp0_iter11_reg_reg[6]        | 11     | 7     | NO           | NO                 | YES               | 7      | 0       | 
|lenet_w4a4_top | grp_lenet_w4a4_top_Pipeline_DENSE_OUTPUT_DENSE_INPUT4_fu_357/select_ln332_2_reg_404_pp0_iter15_reg_reg[3]      | 15     | 4     | NO           | NO                 | YES               | 4      | 0       | 
|lenet_w4a4_top | grp_lenet_w4a4_top_Pipeline_DENSE_OUTPUT_DENSE_INPUT4_fu_357/ifzero468_reg_414_pp0_iter15_reg_reg[0]           | 15     | 1     | NO           | NO                 | YES               | 1      | 0       | 
|lenet_w4a4_top | grp_lenet_w4a4_top_Pipeline_DENSE_OUTPUT_DENSE_INPUT4_fu_357/ap_loop_exit_ready_pp0_iter15_reg_reg             | 15     | 1     | NO           | NO                 | YES               | 1      | 0       | 
|lenet_w4a4_top | grp_lenet_w4a4_top_Pipeline_REQUANT_VECTOR5_fu_366/negative_reg_298_pp0_iter4_reg_reg[0]                       | 4      | 1     | NO           | NO                 | YES               | 1      | 0       | 
|lenet_w4a4_top | grp_lenet_w4a4_top_Pipeline_REQUANT_VECTOR5_fu_366/ap_loop_exit_ready_pp0_iter5_reg_reg                        | 5      | 1     | NO           | NO                 | YES               | 1      | 0       | 
|lenet_w4a4_top | grp_lenet_w4a4_top_Pipeline_REQUANT_VECTOR_fu_336/ap_loop_exit_ready_pp0_iter4_reg_reg                         | 4      | 1     | NO           | NO                 | YES               | 1      | 0       | 
|lenet_w4a4_top | grp_lenet_w4a4_top_Pipeline_POOL_CHANNEL_POOL_ROW_POOL_COL1_fu_320/ap_loop_exit_ready_pp0_iter7_reg_reg        | 7      | 1     | NO           | NO                 | YES               | 1      | 0       | 
|lenet_w4a4_top | grp_lenet_w4a4_top_Pipeline_REQUANT_VECTOR5_fu_366/index_3_cast_reg_288_pp0_iter5_reg_reg[3]                   | 5      | 4     | NO           | NO                 | YES               | 4      | 0       | 
|lenet_w4a4_top | grp_lenet_w4a4_top_Pipeline_REQUANT_VECTOR_fu_336/index_1_cast_reg_250_pp0_iter4_reg_reg[6]                    | 4      | 7     | NO           | NO                 | YES               | 7      | 0       | 
|lenet_w4a4_top | grp_lenet_w4a4_top_Pipeline_POOL_CHANNEL_POOL_ROW_POOL_COL1_fu_320/add_ln279_1_reg_1374_pp0_iter7_reg_reg[8]   | 5      | 9     | NO           | NO                 | YES               | 9      | 0       | 
|lenet_w4a4_top | grp_lenet_w4a4_top_Pipeline_POOL_CHANNEL_POOL_ROW_POOL_COL_fu_301/ap_enable_reg_pp0_iter7_reg                  | 5      | 1     | YES          | NO                 | YES               | 1      | 0       | 
|lenet_w4a4_top | grp_lenet_w4a4_top_Pipeline_REQUANT_VECTOR3_fu_351/ap_enable_reg_pp0_iter5_reg                                 | 5      | 1     | YES          | NO                 | YES               | 1      | 0       | 
|lenet_w4a4_top | grp_lenet_w4a4_top_Pipeline_REQUANT_VECTOR5_fu_366/ap_enable_reg_pp0_iter6_reg                                 | 6      | 1     | YES          | NO                 | YES               | 1      | 0       | 
|lenet_w4a4_top | grp_lenet_w4a4_top_Pipeline_REQUANT_VECTOR_fu_336/ap_enable_reg_pp0_iter5_reg                                  | 4      | 1     | YES          | NO                 | YES               | 1      | 0       | 
|lenet_w4a4_top | grp_lenet_w4a4_top_Pipeline_POOL_CHANNEL_POOL_ROW_POOL_COL1_fu_320/ap_enable_reg_pp0_iter8_reg                 | 5      | 1     | YES          | NO                 | YES               | 1      | 0       | 
|lenet_w4a4_top | ap_CS_fsm_reg[27]                                                                                              | 4      | 1     | YES          | NO                 | YES               | 1      | 0       | 
|lenet_w4a4_top | grp_lenet_w4a4_top_Pipeline_IN_CHANNEL_KERNEL_ROW_KERNEL_COL_fu_307/ap_enable_reg_pp0_iter11_reg               | 7      | 1     | YES          | NO                 | YES               | 1      | 0       | 
|lenet_w4a4_top | grp_lenet_w4a4_top_Pipeline_IN_CHANNEL_KERNEL_ROW_KERNEL_COL_fu_307/ap_enable_reg_pp0_iter15_reg               | 4      | 1     | YES          | NO                 | YES               | 1      | 0       | 
|lenet_w4a4_top | grp_lenet_w4a4_top_Pipeline_IN_CHANNEL_KERNEL_ROW_KERNEL_COL2_fu_326/ap_enable_reg_pp0_iter11_reg              | 7      | 1     | YES          | NO                 | YES               | 1      | 0       | 
|lenet_w4a4_top | grp_lenet_w4a4_top_Pipeline_IN_CHANNEL_KERNEL_ROW_KERNEL_COL2_fu_326/ap_enable_reg_pp0_iter15_reg              | 4      | 1     | YES          | NO                 | YES               | 1      | 0       | 
|lenet_w4a4_top | grp_lenet_w4a4_top_Pipeline_DENSE_OUTPUT_DENSE_INPUT_fu_342/ap_enable_reg_pp0_iter10_reg                       | 7      | 1     | YES          | NO                 | YES               | 1      | 0       | 
|lenet_w4a4_top | grp_lenet_w4a4_top_Pipeline_DENSE_OUTPUT_DENSE_INPUT_fu_342/ap_enable_reg_pp0_iter14_reg                       | 4      | 1     | YES          | NO                 | YES               | 1      | 0       | 
|lenet_w4a4_top | grp_lenet_w4a4_top_Pipeline_DENSE_OUTPUT_DENSE_INPUT4_fu_357/ap_enable_reg_pp0_iter12_reg                      | 7      | 1     | YES          | NO                 | YES               | 1      | 0       | 
|lenet_w4a4_top | grp_lenet_w4a4_top_Pipeline_DENSE_OUTPUT_DENSE_INPUT4_fu_357/ap_enable_reg_pp0_iter16_reg                      | 4      | 1     | YES          | NO                 | YES               | 1      | 0       | 
+---------------+----------------------------------------------------------------------------------------------------------------+--------+-------+--------------+--------------------+-------------------+--------+---------+


Dynamic Shift Register Report:
+------------+-------------+--------+------------+--------+---------+--------+--------+--------+
|Module Name | RTL Name    | Length | Data Width | SRL16E | SRLC32E | Mux F7 | Mux F8 | Mux F9 | 
+------------+-------------+--------+------------+--------+---------+--------+--------+--------+
|dsrl        | mem_reg[14] | 34     | 34         | 34     | 0       | 0      | 0      | 0      | 
|dsrl__1     | mem_reg[3]  | 96     | 96         | 96     | 0       | 0      | 0      | 0      | 
|dsrl__2     | mem_reg[14] | 1      | 1          | 1      | 0       | 0      | 0      | 0      | 
|dsrl__3     | mem_reg[3]  | 1      | 1          | 1      | 0       | 0      | 0      | 0      | 
|dsrl__4     | mem_reg[14] | 4      | 4          | 4      | 0       | 0      | 0      | 0      | 
|dsrl__5     | mem_reg[14] | 8      | 8          | 8      | 0       | 0      | 0      | 0      | 
|dsrl__6     | mem_reg[14] | 72     | 72         | 72     | 0       | 0      | 0      | 0      | 
|dsrl__7     | mem_reg[14] | 37     | 37         | 37     | 0       | 0      | 0      | 0      | 
|dsrl__8     | mem_reg[14] | 34     | 34         | 34     | 0       | 0      | 0      | 0      | 
|dsrl__9     | mem_reg[3]  | 96     | 96         | 96     | 0       | 0      | 0      | 0      | 
|dsrl__10    | mem_reg[14] | 1      | 1          | 1      | 0       | 0      | 0      | 0      | 
|dsrl__11    | mem_reg[3]  | 1      | 1          | 1      | 0       | 0      | 0      | 0      | 
|dsrl__12    | mem_reg[14] | 4      | 4          | 4      | 0       | 0      | 0      | 0      | 
|dsrl__13    | mem_reg[14] | 8      | 8          | 8      | 0       | 0      | 0      | 0      | 
|dsrl__14    | mem_reg[14] | 72     | 72         | 72     | 0       | 0      | 0      | 0      | 
|dsrl__15    | mem_reg[14] | 37     | 37         | 37     | 0       | 0      | 0      | 0      | 
|dsrl__16    | mem_reg[3]  | 96     | 96         | 96     | 0       | 0      | 0      | 0      | 
|dsrl__17    | mem_reg[14] | 1      | 1          | 1      | 0       | 0      | 0      | 0      | 
|dsrl__18    | mem_reg[3]  | 1      | 1          | 1      | 0       | 0      | 0      | 0      | 
|dsrl__19    | mem_reg[14] | 8      | 8          | 8      | 0       | 0      | 0      | 0      | 
|dsrl__20    | mem_reg[14] | 72     | 72         | 72     | 0       | 0      | 0      | 0      | 
|dsrl__21    | mem_reg[14] | 37     | 37         | 37     | 0       | 0      | 0      | 0      | 
+------------+-------------+--------+------------+--------+---------+--------+--------+--------+

---------------------------------------------------------------------------------
Finished ROM, RAM, DSP, Shift Register and Retiming Reporting
---------------------------------------------------------------------------------
---------------------------------------------------------------------------------
Start Writing Synthesis Report
---------------------------------------------------------------------------------

DSP Final Report (the ' indicates corresponding REG is set)
+-------------------------------------------------------------------------+--------------------+--------+--------+--------+--------+--------+------+------+------+------+-------+------+------+
|Module Name                                                              | DSP Mapping        | A Size | B Size | C Size | D Size | P Size | AREG | BREG | CREG | DREG | ADREG | MREG | PREG | 
+-------------------------------------------------------------------------+--------------------+--------+--------+--------+--------+--------+------+------+------+------+-------+------+------+
|lenet_w4a4_top_lenet_w4a4_top_Pipeline_DENSE_OUTPUT_DENSE_INPUT4         | Dynamic            | -      | -      | -      | -      | 14     | -    | -    | -    | -    | -     | 1    | 1    | 
|lenet_w4a4_top_mac_muladd_4ns_7ns_7ns_10_4_1_DSP48_5                     | (C'+(A'*B)')'      | 4      | 7      | 7      | -      | 10     | 1    | 0    | 0    | -    | -     | 1    | 1    | 
|lenet_w4a4_top_lenet_w4a4_top_Pipeline_DENSE_OUTPUT_DENSE_INPUT          | Dynamic            | -      | -      | -      | -      | 14     | -    | -    | -    | -    | -     | 1    | 1    | 
|lenet_w4a4_top_lenet_w4a4_top_Pipeline_IN_CHANNEL_KERNEL_ROW_KERNEL_COL2 | Dynamic            | -      | -      | -      | -      | 16     | -    | -    | -    | -    | -     | 1    | 1    | 
|lenet_w4a4_top_lenet_w4a4_top_Pipeline_IN_CHANNEL_KERNEL_ROW_KERNEL_COL  | Dynamic            | -      | -      | -      | -      | 15     | -    | -    | -    | -    | -     | 1    | 1    | 
|lenet_w4a4_top_lenet_w4a4_top_Pipeline_OUT_CHANNEL_OUT_ROW_OUT_COL       | (A''*B')'          | 30     | 18     | -      | -      | 0      | 2    | 1    | -    | -    | -     | 0    | 1    | 
|lenet_w4a4_top_lenet_w4a4_top_Pipeline_OUT_CHANNEL_OUT_ROW_OUT_COL       | (PCIN+(A'*B)')'    | 30     | 18     | -      | -      | 0      | 1    | 0    | -    | -    | -     | 1    | 1    | 
|lenet_w4a4_top_lenet_w4a4_top_Pipeline_OUT_CHANNEL_OUT_ROW_OUT_COL       | (A''*B')'          | 30     | 18     | -      | -      | 0      | 2    | 1    | -    | -    | -     | 0    | 1    | 
|lenet_w4a4_top_lenet_w4a4_top_Pipeline_OUT_CHANNEL_OUT_ROW_OUT_COL       | (PCIN+(A'*B)')'    | 30     | 18     | -      | -      | 0      | 1    | 0    | -    | -    | -     | 1    | 1    | 
|lenet_w4a4_top_lenet_w4a4_top_Pipeline_OUT_CHANNEL_OUT_ROW_OUT_COL       | (A''*B')'          | 30     | 18     | -      | -      | 0      | 2    | 1    | -    | -    | -     | 0    | 1    | 
|lenet_w4a4_top_lenet_w4a4_top_Pipeline_OUT_CHANNEL_OUT_ROW_OUT_COL       | (PCIN+(A'*B)')'    | 30     | 18     | -      | -      | 0      | 1    | 0    | -    | -    | -     | 1    | 1    | 
|lenet_w4a4_top_lenet_w4a4_top_Pipeline_OUT_CHANNEL_OUT_ROW_OUT_COL       | (A''*B')'          | 30     | 18     | -      | -      | 0      | 2    | 1    | -    | -    | -     | 0    | 1    | 
|lenet_w4a4_top_lenet_w4a4_top_Pipeline_OUT_CHANNEL_OUT_ROW_OUT_COL       | (PCIN+(A'*B)')'    | 30     | 18     | -      | -      | 0      | 1    | 0    | -    | -    | -     | 1    | 1    | 
|lenet_w4a4_top_lenet_w4a4_top_Pipeline_OUT_CHANNEL_OUT_ROW_OUT_COL       | (A''*B')'          | 30     | 18     | -      | -      | 0      | 2    | 1    | -    | -    | -     | 0    | 1    | 
|lenet_w4a4_top_lenet_w4a4_top_Pipeline_OUT_CHANNEL_OUT_ROW_OUT_COL       | (PCIN+(A'*B)')'    | 30     | 18     | -      | -      | 0      | 1    | 0    | -    | -    | -     | 1    | 1    | 
|lenet_w4a4_top_lenet_w4a4_top_Pipeline_OUT_CHANNEL_OUT_ROW_OUT_COL       | (A''*B')'          | 30     | 18     | -      | -      | 0      | 2    | 1    | -    | -    | -     | 0    | 1    | 
|lenet_w4a4_top_lenet_w4a4_top_Pipeline_OUT_CHANNEL_OUT_ROW_OUT_COL       | (PCIN+(A'*B)')'    | 30     | 18     | -      | -      | 0      | 1    | 0    | -    | -    | -     | 1    | 1    | 
|lenet_w4a4_top_lenet_w4a4_top_Pipeline_OUT_CHANNEL_OUT_ROW_OUT_COL       | (A''*B')'          | 30     | 18     | -      | -      | 0      | 2    | 1    | -    | -    | -     | 0    | 1    | 
|lenet_w4a4_top_lenet_w4a4_top_Pipeline_OUT_CHANNEL_OUT_ROW_OUT_COL       | (PCIN+(A'*B)')'    | 30     | 18     | -      | -      | 0      | 1    | 0    | -    | -    | -     | 1    | 1    | 
|lenet_w4a4_top_lenet_w4a4_top_Pipeline_OUT_CHANNEL_OUT_ROW_OUT_COL       | (A''*B')'          | 30     | 18     | -      | -      | 0      | 2    | 1    | -    | -    | -     | 0    | 1    | 
|lenet_w4a4_top_lenet_w4a4_top_Pipeline_OUT_CHANNEL_OUT_ROW_OUT_COL       | (PCIN+(A'*B)')'    | 30     | 18     | -      | -      | 9      | 1    | 0    | -    | -    | -     | 1    | 1    | 
|lenet_w4a4_top_lenet_w4a4_top_Pipeline_OUT_CHANNEL_OUT_ROW_OUT_COL       | (A''*B')'          | 30     | 18     | -      | -      | 0      | 2    | 1    | -    | -    | -     | 0    | 1    | 
|lenet_w4a4_top_lenet_w4a4_top_Pipeline_OUT_CHANNEL_OUT_ROW_OUT_COL       | (PCIN+(A'*B)')'    | 30     | 18     | -      | -      | 9      | 1    | 0    | -    | -    | -     | 1    | 1    | 
|lenet_w4a4_top_lenet_w4a4_top_Pipeline_OUT_CHANNEL_OUT_ROW_OUT_COL       | (PCIN+(A''*B'')')' | 30     | 18     | -      | -      | 9      | 2    | 2    | -    | -    | -     | 1    | 1    | 
|lenet_w4a4_top_lenet_w4a4_top_Pipeline_OUT_CHANNEL_OUT_ROW_OUT_COL       | (PCIN+(A''*B'')')' | 30     | 18     | -      | -      | 9      | 2    | 2    | -    | -    | -     | 1    | 1    | 
|lenet_w4a4_top_lenet_w4a4_top_Pipeline_OUT_CHANNEL_OUT_ROW_OUT_COL       | (PCIN+(A''*B'')')' | 30     | 18     | -      | -      | 9      | 2    | 2    | -    | -    | -     | 1    | 1    | 
|lenet_w4a4_top_lenet_w4a4_top_Pipeline_OUT_CHANNEL_OUT_ROW_OUT_COL       | (PCIN+(A''*B'')')' | 30     | 18     | -      | -      | 9      | 2    | 2    | -    | -    | -     | 1    | 1    | 
|lenet_w4a4_top_lenet_w4a4_top_Pipeline_OUT_CHANNEL_OUT_ROW_OUT_COL       | (PCIN+(A''*B'')')' | 30     | 18     | -      | -      | 9      | 2    | 2    | -    | -    | -     | 1    | 1    | 
|lenet_w4a4_top_lenet_w4a4_top_Pipeline_OUT_CHANNEL_OUT_ROW_OUT_COL       | (PCIN+(A''*B'')')' | 30     | 18     | -      | -      | 9      | 2    | 2    | -    | -    | -     | 1    | 1    | 
|lenet_w4a4_top_lenet_w4a4_top_Pipeline_OUT_CHANNEL_OUT_ROW_OUT_COL       | (PCIN+(A''*B'')')' | 30     | 18     | -      | -      | 9      | 2    | 2    | -    | -    | -     | 1    | 1    | 
|lenet_w4a4_top                                                           | A*B'               | 17     | 15     | -      | -      | 48     | 0    | 1    | -    | -    | -     | 0    | 0    | 
|lenet_w4a4_top                                                           | (PCIN>>17+A*B')'   | 19     | 15     | -      | -      | 48     | 0    | 1    | -    | -    | -     | 0    | 1    | 
|lenet_w4a4_top                                                           | A'*B               | 17     | 17     | -      | -      | 48     | 1    | 0    | -    | -    | -     | 0    | 0    | 
|lenet_w4a4_top                                                           | (PCIN>>17+A*B')'   | 19     | 17     | -      | -      | 48     | 0    | 1    | -    | -    | -     | 0    | 1    | 
|lenet_w4a4_top                                                           | A*B'               | 17     | 15     | -      | -      | 48     | 0    | 1    | -    | -    | -     | 0    | 0    | 
|lenet_w4a4_top                                                           | (PCIN>>17+A*B')'   | 19     | 15     | -      | -      | 48     | 0    | 1    | -    | -    | -     | 0    | 1    | 
|lenet_w4a4_top                                                           | A'*B               | 17     | 17     | -      | -      | 48     | 1    | 0    | -    | -    | -     | 0    | 0    | 
|lenet_w4a4_top                                                           | (PCIN>>17+A*B')'   | 19     | 17     | -      | -      | 48     | 0    | 1    | -    | -    | -     | 0    | 1    | 
|lenet_w4a4_top                                                           | A*B'               | 17     | 15     | -      | -      | 48     | 0    | 1    | -    | -    | -     | 0    | 0    | 
|lenet_w4a4_top                                                           | (PCIN>>17+A*B')'   | 19     | 15     | -      | -      | 48     | 0    | 1    | -    | -    | -     | 0    | 1    | 
|lenet_w4a4_top                                                           | A'*B               | 17     | 17     | -      | -      | 48     | 1    | 0    | -    | -    | -     | 0    | 0    | 
|lenet_w4a4_top                                                           | (PCIN>>17+A*B')'   | 19     | 17     | -      | -      | 48     | 0    | 1    | -    | -    | -     | 0    | 1    | 
|lenet_w4a4_top_lenet_w4a4_top_Pipeline_POOL_CHANNEL_POOL_ROW_POOL_COL    | A'*B               | 15     | 12     | -      | -      | 48     | 1    | 0    | -    | -    | -     | 0    | 0    | 
|lenet_w4a4_top_lenet_w4a4_top_Pipeline_POOL_CHANNEL_POOL_ROW_POOL_COL    | (PCIN>>17+A*B')'   | 18     | 15     | -      | -      | 48     | 0    | 1    | -    | -    | -     | 0    | 1    | 
|lenet_w4a4_top_lenet_w4a4_top_Pipeline_POOL_CHANNEL_POOL_ROW_POOL_COL    | A'*B               | 17     | 12     | -      | -      | 48     | 1    | 0    | -    | -    | -     | 0    | 0    | 
|lenet_w4a4_top_lenet_w4a4_top_Pipeline_POOL_CHANNEL_POOL_ROW_POOL_COL    | (PCIN>>17+A*B')'   | 18     | 17     | -      | -      | 48     | 0    | 1    | -    | -    | -     | 0    | 1    | 
|lenet_w4a4_top_lenet_w4a4_top_Pipeline_POOL_CHANNEL_POOL_ROW_POOL_COL    | A'*B               | 15     | 12     | -      | -      | 48     | 1    | 0    | -    | -    | -     | 0    | 0    | 
|lenet_w4a4_top_lenet_w4a4_top_Pipeline_POOL_CHANNEL_POOL_ROW_POOL_COL    | (PCIN>>17+A*B')'   | 18     | 15     | -      | -      | 48     | 0    | 1    | -    | -    | -     | 0    | 1    | 
|lenet_w4a4_top_lenet_w4a4_top_Pipeline_POOL_CHANNEL_POOL_ROW_POOL_COL    | A'*B               | 17     | 12     | -      | -      | 48     | 1    | 0    | -    | -    | -     | 0    | 0    | 
|lenet_w4a4_top_lenet_w4a4_top_Pipeline_POOL_CHANNEL_POOL_ROW_POOL_COL    | (PCIN>>17+A*B')'   | 18     | 17     | -      | -      | 48     | 0    | 1    | -    | -    | -     | 0    | 1    | 
|lenet_w4a4_top_lenet_w4a4_top_Pipeline_POOL_CHANNEL_POOL_ROW_POOL_COL    | A'*B               | 15     | 12     | -      | -      | 48     | 1    | 0    | -    | -    | -     | 0    | 0    | 
|lenet_w4a4_top_lenet_w4a4_top_Pipeline_POOL_CHANNEL_POOL_ROW_POOL_COL    | (PCIN>>17+A*B')'   | 18     | 15     | -      | -      | 48     | 0    | 1    | -    | -    | -     | 0    | 1    | 
|lenet_w4a4_top_lenet_w4a4_top_Pipeline_POOL_CHANNEL_POOL_ROW_POOL_COL    | A'*B               | 17     | 12     | -      | -      | 48     | 1    | 0    | -    | -    | -     | 0    | 0    | 
|lenet_w4a4_top_lenet_w4a4_top_Pipeline_POOL_CHANNEL_POOL_ROW_POOL_COL    | (PCIN>>17+A*B')'   | 18     | 17     | -      | -      | 48     | 0    | 1    | -    | -    | -     | 0    | 1    | 
|lenet_w4a4_top_lenet_w4a4_top_Pipeline_POOL_CHANNEL_POOL_ROW_POOL_COL    | A'*B               | 15     | 12     | -      | -      | 48     | 1    | 0    | -    | -    | -     | 0    | 0    | 
|lenet_w4a4_top_lenet_w4a4_top_Pipeline_POOL_CHANNEL_POOL_ROW_POOL_COL    | (PCIN>>17+A*B')'   | 18     | 15     | -      | -      | 48     | 0    | 1    | -    | -    | -     | 0    | 1    | 
|lenet_w4a4_top_lenet_w4a4_top_Pipeline_POOL_CHANNEL_POOL_ROW_POOL_COL    | A'*B               | 17     | 12     | -      | -      | 48     | 1    | 0    | -    | -    | -     | 0    | 0    | 
|lenet_w4a4_top_lenet_w4a4_top_Pipeline_POOL_CHANNEL_POOL_ROW_POOL_COL    | (PCIN>>17+A*B')'   | 18     | 17     | -      | -      | 48     | 0    | 1    | -    | -    | -     | 0    | 1    | 
|lenet_w4a4_top_lenet_w4a4_top_Pipeline_REQUANT_VECTOR3                   | A*B'               | 17     | 15     | -      | -      | 48     | 0    | 1    | -    | -    | -     | 0    | 0    | 
|lenet_w4a4_top_lenet_w4a4_top_Pipeline_REQUANT_VECTOR3                   | (PCIN>>17+A*B')'   | 20     | 15     | -      | -      | 48     | 0    | 1    | -    | -    | -     | 0    | 1    | 
|lenet_w4a4_top_lenet_w4a4_top_Pipeline_REQUANT_VECTOR3                   | A'*B               | 17     | 17     | -      | -      | 48     | 1    | 0    | -    | -    | -     | 0    | 0    | 
|lenet_w4a4_top_lenet_w4a4_top_Pipeline_REQUANT_VECTOR3                   | (PCIN>>17+A*B')'   | 20     | 17     | -      | -      | 48     | 0    | 1    | -    | -    | -     | 0    | 1    | 
|lenet_w4a4_top                                                           | A*B                | 17     | 15     | -      | -      | 48     | 0    | 0    | -    | -    | -     | 0    | 0    | 
|lenet_w4a4_top                                                           | (PCIN>>17+A*B)'    | 19     | 15     | -      | -      | 48     | 0    | 0    | -    | -    | -     | 0    | 1    | 
|lenet_w4a4_top                                                           | A*B                | 17     | 17     | -      | -      | 48     | 0    | 0    | -    | -    | -     | 0    | 0    | 
|lenet_w4a4_top                                                           | (PCIN>>17+A*B)'    | 19     | 17     | -      | -      | 48     | 0    | 0    | -    | -    | -     | 0    | 1    | 
+-------------------------------------------------------------------------+--------------------+--------+--------+--------+--------+--------+------+------+------+------+-------+------+------+


Report BlackBoxes: 
+-+--------------+----------+
| |BlackBox name |Instances |
+-+--------------+----------+
+-+--------------+----------+

Report Cell Usage: 
+------+---------+------+
|      |Cell     |Count |
+------+---------+------+
|1     |CARRY4   |   991|
|2     |DSP48E1  |    66|
|12    |LUT1     |   136|
|13    |LUT2     |  1356|
|14    |LUT3     |  1391|
|15    |LUT4     |   976|
|16    |LUT5     |  1004|
|17    |LUT6     |  2091|
|18    |MUXF7    |     4|
|19    |RAM16X1S |    30|
|20    |RAM32X1S |     3|
|21    |RAM64X1S |     6|
|22    |RAMB18E1 |     8|
|28    |RAMB36E1 |    12|
|31    |SRL16E   |   438|
|32    |FDRE     |  7740|
|33    |FDSE     |    13|
+------+---------+------+
---------------------------------------------------------------------------------
Finished Writing Synthesis Report : Time (s): cpu = 00:01:27 ; elapsed = 00:01:33 . Memory (MB): peak = 2435.520 ; gain = 990.617
---------------------------------------------------------------------------------
Synthesis finished with 0 errors, 0 critical warnings and 415 warnings.
Synthesis Optimization Runtime : Time (s): cpu = 00:01:15 ; elapsed = 00:01:28 . Memory (MB): peak = 2435.520 ; gain = 891.469
Synthesis Optimization Complete : Time (s): cpu = 00:01:27 ; elapsed = 00:01:33 . Memory (MB): peak = 2435.520 ; gain = 990.617
INFO: [Project 1-571] Translating synthesized netlist
Netlist sorting complete. Time (s): cpu = 00:00:00 ; elapsed = 00:00:00.143 . Memory (MB): peak = 2447.566 ; gain = 0.000
INFO: [Netlist 29-17] Analyzing 1120 Unisim elements for replacement
INFO: [Netlist 29-28] Unisim Transformation completed in 0 CPU seconds
INFO: [Project 1-570] Preparing netlist for logic optimization
INFO: [Opt 31-138] Pushed 0 inverter(s) to 0 load pin(s).
Netlist sorting complete. Time (s): cpu = 00:00:00 ; elapsed = 00:00:00.002 . Memory (MB): peak = 2452.262 ; gain = 0.000
INFO: [Project 1-111] Unisim Transformation Summary:
  A total of 39 instances were transformed.
  RAM16X1S => RAM32X1S (RAMS32): 30 instances
  RAM32X1S => RAM32X1S (RAMS32): 3 instances
  RAM64X1S => RAM64X1S (RAMS64E): 6 instances

Synth Design complete, checksum: acf5022a
INFO: [Common 17-83] Releasing license: Synthesis
289 Infos, 314 Warnings, 0 Critical Warnings and 0 Errors encountered.
synth_design completed successfully
synth_design: Time (s): cpu = 00:01:32 ; elapsed = 00:01:39 . Memory (MB): peak = 2452.262 ; gain = 1408.957
INFO: [Common 17-1381] The checkpoint 'D:/GitHub/vivado/vivado/F_Quantization_W8A8/hls_w4a4/vivado_review/project/LeNet_W4A4_Review.runs/lenet_system_lenet_w4a4_top_0_0_synth_1/lenet_system_lenet_w4a4_top_0_0.dcp' has been generated.
INFO: [Coretcl 2-1648] Added synthesis output to IP cache for IP lenet_system_lenet_w4a4_top_0_0, cache-ID = 837dd70f571563df
INFO: [Coretcl 2-1174] Renamed 146 cell refs.
INFO: [Common 17-1381] The checkpoint 'D:/GitHub/vivado/vivado/F_Quantization_W8A8/hls_w4a4/vivado_review/project/LeNet_W4A4_Review.runs/lenet_system_lenet_w4a4_top_0_0_synth_1/lenet_system_lenet_w4a4_top_0_0.dcp' has been generated.
INFO: [runtcl-4] Executing : report_utilization -file lenet_system_lenet_w4a4_top_0_0_utilization_synth.rpt -pb lenet_system_lenet_w4a4_top_0_0_utilization_synth.pb
INFO: [Common 17-206] Exiting Vivado at Sun Sep 13 14:17:45 2026...
