sample_id,file_path,true_label,pred_label,correct,confidence,logit_0,logit_1,logit_2,logit_3,logit_4,logit_5,logit_6,logit_7,logit_8,logit_9,condition,parameter
0_0_01_0a5cfa52_r01c01__rotation_angle_m15,./data/robustness/rotation/angle_m15/normalized_32x32/0/0_0_01_0a5cfa52_r01c01__rotation_angle_m15.npy,0,0,1,0.9584816518216491,6.014864921569824,-6.500235557556152,-5.219799041748047,-9.650666236877441,-6.609700679779053,-5.462725639343262,-3.1088802814483643,-2.294072389602661,-4.147337913513184,2.8657984733581543,rotation,-15deg
0_0_01_0a5cfa52_r01c02__rotation_angle_m15,./data/robustness/rotation/angle_m15/normalized_32x32/0/0_0_01_0a5cfa52_r01c02__rotation_angle_m15.npy,0,0,1,0.9996010147663812,8.287592887878418,-8.490849494934082,-2.2055037021636963,-10.166084289550781,-7.439648151397705,-4.929733753204346,-2.8874998092651367,-2.9237663745880127,-3.795409679412842,0.28977569937705994,rotation,-15deg
0_0_01_0a5cfa52_r01c03__rotation_angle_m15,./data/robustness/rotation/angle_m15/normalized_32x32/0/0_0_01_0a5cfa52_r01c03__rotation_angle_m15.npy,0,8,0,0.6780528398650641,4.873054504394531,-11.296708106994629,2.326509475708008,-9.521651268005371,-12.703587532043457,-4.305617809295654,-6.031286239624023,-7.009991645812988,5.693479061126709,-5.3666534423828125,rotation,-15deg
0_0_01_0a5cfa52_r01c04__rotation_angle_m15,./data/robustness/rotation/angle_m15/normalized_32x32/0/0_0_01_0a5cfa52_r01c04__rotation_angle_m15.npy,0,0,1,0.9160238140707647,3.464012861251831,-6.213954448699951,0.05179315805435181,-5.686185836791992,-6.18966007232666,-3.2575323581695557,-2.8441357612609863,-1.271658182144165,-1.1731138229370117,0.1667855978012085,rotation,-15deg
0_0_01_0a5cfa52_r02c01__rotation_angle_m15,./data/robustness/rotation/angle_m15/normalized_32x32/0/0_0_01_0a5cfa52_r02c01__rotation_angle_m15.npy,0,0,1,0.9999102629407627,9.435975074768066,-5.5427470207214355,-6.52544641494751,-10.302960395812988,-8.576412200927734,-4.082752227783203,-2.0351762771606445,-1.788684606552124,-4.4499993324279785,-0.23239673674106598,rotation,-15deg
0_0_01_0a5cfa52_r02c02__rotation_angle_m15,./data/robustness/rotation/angle_m15/normalized_32x32/0/0_0_01_0a5cfa52_r02c02__rotation_angle_m15.npy,0,9,0,0.4938579980708881,2.3044028282165527,-10.367661476135254,-2.803101062774658,-3.3383519649505615,-9.822396278381348,-3.9001920223236084,-5.401137351989746,-6.702157497406006,0.3689577281475067,2.4252800941467285,rotation,-15deg
0_0_01_0a5cfa52_r02c03__rotation_angle_m15,./data/robustness/rotation/angle_m15/normalized_32x32/0/0_0_01_0a5cfa52_r02c03__rotation_angle_m15.npy,0,0,1,0.8706334783171548,4.90332555770874,-9.306432723999023,-1.1655353307724,-9.880256652832031,-9.486205101013184,-5.664888858795166,-2.4040703773498535,-5.478484153747559,-0.6021369695663452,2.9477410316467285,rotation,-15deg
0_0_01_0a5cfa52_r02c04__rotation_angle_m15,./data/robustness/rotation/angle_m15/normalized_32x32/0/0_0_01_0a5cfa52_r02c04__rotation_angle_m15.npy,0,0,1,0.7606160649797417,3.69620418548584,-8.473666191101074,-0.2209901213645935,-8.530858039855957,-9.72143268585205,-5.322805881500244,-4.961336135864258,-3.431504011154175,1.3452725410461426,2.078923225402832,rotation,-15deg
0_0_01_0a5cfa52_r03c01__rotation_angle_m15,./data/robustness/rotation/angle_m15/normalized_32x32/0/0_0_01_0a5cfa52_r03c01__rotation_angle_m15.npy,0,0,1,0.9955659565269417,7.72650146484375,-7.216943740844727,-9.221617698669434,-10.69289493560791,-8.780462265014648,-4.475238800048828,-2.361276626586914,-1.777783751487732,-6.882354259490967,2.284719228744507,rotation,-15deg
0_0_01_0a5cfa52_r03c02__rotation_angle_m15,./data/robustness/rotation/angle_m15/normalized_32x32/0/0_0_01_0a5cfa52_r03c02__rotation_angle_m15.npy,0,0,1,0.9999991743637198,12.858305931091309,-11.947992324829102,-4.650687217712402,-12.500544548034668,-10.446179389953613,-6.022748947143555,-3.1304421424865723,-5.187060356140137,-6.1087422370910645,-1.3724390268325806,rotation,-15deg
0_0_01_0a5cfa52_r03c03__rotation_angle_m15,./data/robustness/rotation/angle_m15/normalized_32x32/0/0_0_01_0a5cfa52_r03c03__rotation_angle_m15.npy,0,0,1,0.9999193177307385,10.120841979980469,-6.156630992889404,-8.295174598693848,-11.732766151428223,-9.39306354522705,-4.705564975738525,-2.297053337097168,-1.7384686470031738,-5.45628023147583,0.5385127067565918,rotation,-15deg
0_0_01_0a5cfa52_r03c04__rotation_angle_m15,./data/robustness/rotation/angle_m15/normalized_32x32/0/0_0_01_0a5cfa52_r03c04__rotation_angle_m15.npy,0,0,1,0.9999601821286849,11.763534545898438,-12.195624351501465,-12.309652328491211,-12.600849151611328,-11.436455726623535,-4.520650386810303,-0.30072855949401855,-4.370884895324707,-8.815937995910645,1.4706497192382812,rotation,-15deg
0_0_01_0a5cfa52_r04c01__rotation_angle_m15,./data/robustness/rotation/angle_m15/normalized_32x32/0/0_0_01_0a5cfa52_r04c01__rotation_angle_m15.npy,0,0,1,0.999993534471053,11.713654518127441,-5.883814334869385,-8.073439598083496,-13.021260261535645,-9.022184371948242,-5.223435401916504,-2.227971076965332,-1.8478691577911377,-5.30756950378418,-0.6705999970436096,rotation,-15deg
0_0_01_0a5cfa52_r04c02__rotation_angle_m15,./data/robustness/rotation/angle_m15/normalized_32x32/0/0_0_01_0a5cfa52_r04c02__rotation_angle_m15.npy,0,0,1,0.977479238585148,7.151475429534912,-7.451757907867432,-5.504463195800781,-11.159833908081055,-8.258705139160156,-5.829517841339111,-3.7513020038604736,-2.8889451026916504,-4.747877597808838,3.3776769638061523,rotation,-15deg
0_0_01_0a5cfa52_r04c03__rotation_angle_m15,./data/robustness/rotation/angle_m15/normalized_32x32/0/0_0_01_0a5cfa52_r04c03__rotation_angle_m15.npy,0,0,1,0.8375745526385073,4.646227836608887,-6.4769816398620605,-4.676536560058594,-8.810778617858887,-5.82317590713501,-6.2190117835998535,-7.4265289306640625,0.420807808637619,-7.098605632781982,2.9266271591186523,rotation,-15deg
0_0_01_0a5cfa52_r04c04__rotation_angle_m15,./data/robustness/rotation/angle_m15/normalized_32x32/0/0_0_01_0a5cfa52_r04c04__rotation_angle_m15.npy,0,0,1,0.9987283666068918,7.1031622886657715,-4.317222595214844,-5.2406511306762695,-7.423958778381348,-6.139915466308594,-2.1055216789245605,-0.517983078956604,-2.368093490600586,-3.0703203678131104,-0.4018610119819641,rotation,-15deg
0_0_02_0ab8b1e5_r01c01__rotation_angle_m15,./data/robustness/rotation/angle_m15/normalized_32x32/0/0_0_02_0ab8b1e5_r01c01__rotation_angle_m15.npy,0,0,1,0.9803552774151995,6.08035945892334,-9.229336738586426,-2.3683571815490723,-8.40949821472168,-10.052952766418457,-5.597579002380371,-2.6649343967437744,-5.171731472015381,0.8316740989685059,1.8390177488327026,rotation,-15deg
0_0_02_0ab8b1e5_r01c02__rotation_angle_m15,./data/robustness/rotation/angle_m15/normalized_32x32/0/0_0_02_0ab8b1e5_r01c02__rotation_angle_m15.npy,0,0,1,0.9998983035809025,8.738043785095215,-11.110576629638672,-1.151160478591919,-8.650561332702637,-9.13723373413086,-4.2217326164245605,-2.9158544540405273,-4.949182987213135,-2.1970713138580322,-2.035646677017212,rotation,-15deg
0_0_02_0ab8b1e5_r01c03__rotation_angle_m15,./data/robustness/rotation/angle_m15/normalized_32x32/0/0_0_02_0ab8b1e5_r01c03__rotation_angle_m15.npy,0,0,1,0.9784231861928685,5.76259183883667,-9.926973342895508,-3.7420690059661865,-7.717074394226074,-8.032184600830078,-4.8226752281188965,-2.769502639770508,-3.684281349182129,-1.3860633373260498,1.8940294981002808,rotation,-15deg
0_0_02_0ab8b1e5_r01c04__rotation_angle_m15,./data/robustness/rotation/angle_m15/normalized_32x32/0/0_0_02_0ab8b1e5_r01c04__rotation_angle_m15.npy,0,0,1,0.8697990682886013,5.556218147277832,-10.58172607421875,-3.42179799079895,-9.68608570098877,-6.987764358520508,-7.308006286621094,-3.921780586242676,-4.976550579071045,-2.203455686569214,3.652599811553955,rotation,-15deg
0_0_02_0ab8b1e5_r02c01__rotation_angle_m15,./data/robustness/rotation/angle_m15/normalized_32x32/0/0_0_02_0ab8b1e5_r02c01__rotation_angle_m15.npy,0,0,1,0.9986790942333897,7.61337423324585,-9.690868377685547,-3.3390989303588867,-7.999565124511719,-9.349702835083008,-4.549476146697998,-2.7449159622192383,-4.4024338722229,-1.14132559299469,0.804724931716919,rotation,-15deg
0_0_02_0ab8b1e5_r02c02__rotation_angle_m15,./data/robustness/rotation/angle_m15/normalized_32x32/0/0_0_02_0ab8b1e5_r02c02__rotation_angle_m15.npy,0,0,1,0.9835253465983845,5.62813138961792,-9.290401458740234,-2.729703426361084,-7.632940292358398,-10.600568771362305,-4.272527694702148,-3.706364154815674,-3.4151926040649414,0.7328906059265137,0.8922998905181885,rotation,-15deg
0_0_02_0ab8b1e5_r02c03__rotation_angle_m15,./data/robustness/rotation/angle_m15/normalized_32x32/0/0_0_02_0ab8b1e5_r02c03__rotation_angle_m15.npy,0,0,1,0.8394624046443734,3.6028082370758057,-8.60032844543457,-1.3612356185913086,-7.859851837158203,-8.44189167022705,-4.292956352233887,-4.4981536865234375,-2.0235748291015625,-0.6062465906143188,1.8015739917755127,rotation,-15deg
0_0_02_0ab8b1e5_r02c04__rotation_angle_m15,./data/robustness/rotation/angle_m15/normalized_32x32/0/0_0_02_0ab8b1e5_r02c04__rotation_angle_m15.npy,0,0,1,0.4634405691249888,2.618870973587036,-8.140501976013184,2.568850517272949,-6.975423812866211,-8.707794189453125,-4.587512016296387,-5.62376594543457,-2.9926724433898926,0.5016114115715027,0.11099618673324585,rotation,-15deg
0_0_02_0ab8b1e5_r03c01__rotation_angle_m15,./data/robustness/rotation/angle_m15/normalized_32x32/0/0_0_02_0ab8b1e5_r03c01__rotation_angle_m15.npy,0,0,1,0.9998063779450295,9.216233253479004,-8.984427452087402,-5.832462310791016,-6.883983135223389,-8.344038009643555,-0.9436583518981934,0.37863022089004517,-3.7863097190856934,-5.142781734466553,-2.722376823425293,rotation,-15deg
0_0_02_0ab8b1e5_r03c02__rotation_angle_m15,./data/robustness/rotation/angle_m15/normalized_32x32/0/0_0_02_0ab8b1e5_r03c02__rotation_angle_m15.npy,0,0,1,0.9905955209992419,9.256099700927734,-9.265156745910645,-10.396717071533203,-14.61790943145752,-11.110949516296387,-7.634730815887451,-4.053530693054199,-2.7423646450042725,-6.542712211608887,4.598135471343994,rotation,-15deg
0_0_02_0ab8b1e5_r03c03__rotation_angle_m15,./data/robustness/rotation/angle_m15/normalized_32x32/0/0_0_02_0ab8b1e5_r03c03__rotation_angle_m15.npy,0,0,1,0.9999998408489637,14.470574378967285,-10.68802547454834,-8.88703441619873,-13.064690589904785,-11.689453125,-4.9043498039245605,-2.220186233520508,-4.087981224060059,-7.890742778778076,-1.7539658546447754,rotation,-15deg
0_0_02_0ab8b1e5_r03c04__rotation_angle_m15,./data/robustness/rotation/angle_m15/normalized_32x32/0/0_0_02_0ab8b1e5_r03c04__rotation_angle_m15.npy,0,0,1,0.5919905731072792,3.955552816390991,-6.603039264678955,-3.9569263458251953,-8.047435760498047,-3.9890389442443848,-5.1063151359558105,-2.7835025787353516,-2.0309505462646484,-3.9954476356506348,3.5761921405792236,rotation,-15deg
0_0_02_0ab8b1e5_r04c01__rotation_angle_m15,./data/robustness/rotation/angle_m15/normalized_32x32/0/0_0_02_0ab8b1e5_r04c01__rotation_angle_m15.npy,0,0,1,0.9977200376829851,8.730523109436035,-7.791340351104736,-8.157086372375488,-12.178467750549316,-10.845754623413086,-5.956649303436279,-3.5610506534576416,-2.236337184906006,-5.359498977661133,2.6390271186828613,rotation,-15deg
0_0_02_0ab8b1e5_r04c02__rotation_angle_m15,./data/robustness/rotation/angle_m15/normalized_32x32/0/0_0_02_0ab8b1e5_r04c02__rotation_angle_m15.npy,0,0,1,0.9999002299723283,11.594337463378906,-11.193089485168457,-8.768369674682617,-13.514389991760254,-8.758395195007324,-6.920297622680664,-3.965527296066284,-4.613821029663086,-8.191916465759277,2.3789761066436768,rotation,-15deg
0_0_02_0ab8b1e5_r04c03__rotation_angle_m15,./data/robustness/rotation/angle_m15/normalized_32x32/0/0_0_02_0ab8b1e5_r04c03__rotation_angle_m15.npy,0,0,1,0.9999817542066594,11.224946975708008,-11.895071983337402,-3.930500030517578,-11.633048057556152,-9.708730697631836,-6.3709845542907715,-3.5120363235473633,-5.281127452850342,-5.0990376472473145,0.2666686177253723,rotation,-15deg
0_0_02_0ab8b1e5_r04c04__rotation_angle_m15,./data/robustness/rotation/angle_m15/normalized_32x32/0/0_0_02_0ab8b1e5_r04c04__rotation_angle_m15.npy,0,0,1,0.5732280117999802,5.763596534729004,-9.63558292388916,-5.946000099182129,-12.507277488708496,-6.43036413192749,-7.375057220458984,-3.3386943340301514,-3.167271375656128,-5.247933387756348,5.4681925773620605,rotation,-15deg
1_1_01_19f74917_r01c01__rotation_angle_m15,./data/robustness/rotation/angle_m15/normalized_32x32/1/1_1_01_19f74917_r01c01__rotation_angle_m15.npy,1,1,1,0.9998820076173246,-3.4109301567077637,8.356130599975586,-3.2066264152526855,-9.302955627441406,-5.223761558532715,-1.419745922088623,-2.4373104572296143,-2.789977788925171,-3.4309935569763184,-8.023444175720215,rotation,-15deg
1_1_01_19f74917_r01c02__rotation_angle_m15,./data/robustness/rotation/angle_m15/normalized_32x32/1/1_1_01_19f74917_r01c02__rotation_angle_m15.npy,1,1,1,0.999776023522136,-3.007230758666992,7.9854559898376465,-3.4694573879241943,-9.783403396606445,-4.0960845947265625,-0.9388320446014404,-2.8423519134521484,-3.087043285369873,-2.726661205291748,-7.666121482849121,rotation,-15deg
1_1_01_19f74917_r01c03__rotation_angle_m15,./data/robustness/rotation/angle_m15/normalized_32x32/1/1_1_01_19f74917_r01c03__rotation_angle_m15.npy,1,1,1,0.9999532112966578,-3.4557886123657227,9.394803047180176,-3.2435481548309326,-12.583378791809082,-4.886261940002441,-1.935821294784546,-2.6706862449645996,-3.8747150897979736,-1.3853871822357178,-9.789392471313477,rotation,-15deg
1_1_01_19f74917_r01c04__rotation_angle_m15,./data/robustness/rotation/angle_m15/normalized_32x32/1/1_1_01_19f74917_r01c04__rotation_angle_m15.npy,1,1,1,0.9999967963161387,-4.007575035095215,11.386834144592285,-5.428511619567871,-14.311306953430176,-5.81271505355835,-1.9842432737350464,-3.7480716705322266,-4.547389984130859,-2.462822675704956,-10.681245803833008,rotation,-15deg
1_1_01_19f74917_r02c01__rotation_angle_m15,./data/robustness/rotation/angle_m15/normalized_32x32/1/1_1_01_19f74917_r02c01__rotation_angle_m15.npy,1,1,1,0.9002063970438952,-3.8453943729400635,4.172440052032471,0.548661470413208,-5.054076194763184,-3.919219493865967,-2.977532148361206,-4.848771095275879,1.6223782300949097,-1.3036246299743652,-4.035918235778809,rotation,-15deg
1_1_01_19f74917_r02c02__rotation_angle_m15,./data/robustness/rotation/angle_m15/normalized_32x32/1/1_1_01_19f74917_r02c02__rotation_angle_m15.npy,1,1,1,0.9999982340923292,-4.847787857055664,11.61217212677002,-6.276915073394775,-12.533227920532227,-6.5992889404296875,-2.4302375316619873,-5.649092197418213,-2.47446870803833,-4.813159942626953,-9.721052169799805,rotation,-15deg
1_1_01_19f74917_r02c03__rotation_angle_m15,./data/robustness/rotation/angle_m15/normalized_32x32/1/1_1_01_19f74917_r02c03__rotation_angle_m15.npy,1,1,1,0.9999313378363467,-2.5342252254486084,9.277359008789062,-5.02927827835083,-10.960762977600098,-4.869333267211914,-0.7480514049530029,-3.259859323501587,-2.374197244644165,-3.34128737449646,-7.522609710693359,rotation,-15deg
1_1_01_19f74917_r02c04__rotation_angle_m15,./data/robustness/rotation/angle_m15/normalized_32x32/1/1_1_01_19f74917_r02c04__rotation_angle_m15.npy,1,1,1,0.998895309892296,-4.449928283691406,7.665980815887451,-3.886354684829712,-10.819158554077148,-3.459331512451172,-1.1742417812347412,0.212294340133667,-3.206634283065796,-0.34149685502052307,-9.0374174118042,rotation,-15deg
1_1_01_19f74917_r03c01__rotation_angle_m15,./data/robustness/rotation/angle_m15/normalized_32x32/1/1_1_01_19f74917_r03c01__rotation_angle_m15.npy,1,1,1,0.999494324040447,-3.3340625762939453,7.466894626617432,-2.7850773334503174,-8.15541934967041,-3.1184537410736084,-0.9333525896072388,-2.2794206142425537,-1.6060808897018433,-3.078357219696045,-7.14354133605957,rotation,-15deg
1_1_01_19f74917_r03c02__rotation_angle_m15,./data/robustness/rotation/angle_m15/normalized_32x32/1/1_1_01_19f74917_r03c02__rotation_angle_m15.npy,1,1,1,0.9979830245816952,-2.421420097351074,6.296092510223389,-1.400611400604248,-7.595949172973633,-3.6640145778656006,-1.1155304908752441,-1.956416368484497,-1.9327627420425415,-2.123095989227295,-6.551163196563721,rotation,-15deg
1_1_01_19f74917_r03c03__rotation_angle_m15,./data/robustness/rotation/angle_m15/normalized_32x32/1/1_1_01_19f74917_r03c03__rotation_angle_m15.npy,1,1,1,0.9968182077773733,-5.6836419105529785,6.456701278686523,-0.23530197143554688,-8.801289558410645,-3.891818046569824,-2.7994072437286377,-1.3708922863006592,-2.2482354640960693,-0.22501856088638306,-10.526947021484375,rotation,-15deg
1_1_01_19f74917_r03c04__rotation_angle_m15,./data/robustness/rotation/angle_m15/normalized_32x32/1/1_1_01_19f74917_r03c04__rotation_angle_m15.npy,1,1,1,0.9999961281820696,-3.689725637435913,11.30522632598877,-4.159528732299805,-12.946307182312012,-4.647377014160156,-1.4523886442184448,-5.276495456695557,-4.0393805503845215,-4.886953353881836,-9.105597496032715,rotation,-15deg
1_1_01_19f74917_r04c01__rotation_angle_m15,./data/robustness/rotation/angle_m15/normalized_32x32/1/1_1_01_19f74917_r04c01__rotation_angle_m15.npy,1,1,1,0.9999142114281204,-2.644578695297241,8.968910217285156,-3.514852523803711,-10.262433052062988,-4.645540237426758,-0.9620236754417419,-2.9801738262176514,-2.247101068496704,-3.7105355262756348,-7.74937629699707,rotation,-15deg
1_1_01_19f74917_r04c02__rotation_angle_m15,./data/robustness/rotation/angle_m15/normalized_32x32/1/1_1_01_19f74917_r04c02__rotation_angle_m15.npy,1,1,1,0.9998852736806941,-2.606790542602539,8.713233947753906,-3.2539119720458984,-9.97984790802002,-4.778223514556885,-0.9544947147369385,-2.937469482421875,-2.1943044662475586,-3.606222152709961,-7.602513313293457,rotation,-15deg
1_1_01_19f74917_r04c03__rotation_angle_m15,./data/robustness/rotation/angle_m15/normalized_32x32/1/1_1_01_19f74917_r04c03__rotation_angle_m15.npy,1,1,1,0.9997014150578732,-2.3805601596832275,7.980510234832764,-3.2129340171813965,-9.110260009765625,-4.438640594482422,-0.772251307964325,-2.5978152751922607,-1.8550535440444946,-3.364362955093384,-6.854719161987305,rotation,-15deg
1_1_01_19f74917_r04c04__rotation_angle_m15,./data/robustness/rotation/angle_m15/normalized_32x32/1/1_1_01_19f74917_r04c04__rotation_angle_m15.npy,1,1,1,0.9999784517386167,-2.573315143585205,9.7732572555542,-3.7694435119628906,-11.695931434631348,-5.314515590667725,-1.7196829319000244,-4.680714130401611,-2.9667255878448486,-3.381511926651001,-8.460941314697266,rotation,-15deg
1_1_02_4cdb4850_r01c01__rotation_angle_m15,./data/robustness/rotation/angle_m15/normalized_32x32/1/1_1_02_4cdb4850_r01c01__rotation_angle_m15.npy,1,1,1,0.9999954835341704,-5.123192310333252,11.690375328063965,-5.627687931060791,-12.837596893310547,-5.989707946777344,-0.7134539484977722,-3.908043384552002,-4.344343185424805,-5.458885669708252,-11.017582893371582,rotation,-15deg
1_1_02_4cdb4850_r01c02__rotation_angle_m15,./data/robustness/rotation/angle_m15/normalized_32x32/1/1_1_02_4cdb4850_r01c02__rotation_angle_m15.npy,1,1,1,0.9964391249575791,-5.0927324295043945,5.718349456787109,-1.5336976051330566,-6.7677106857299805,-3.1060261726379395,-0.894658625125885,-1.6689176559448242,-1.8318188190460205,-2.772934675216675,-8.486311912536621,rotation,-15deg
1_1_02_4cdb4850_r01c03__rotation_angle_m15,./data/robustness/rotation/angle_m15/normalized_32x32/1/1_1_02_4cdb4850_r01c03__rotation_angle_m15.npy,1,1,1,0.9999757612287414,-3.8667337894439697,9.811606407165527,-4.369668960571289,-10.49148178100586,-7.0113959312438965,-2.5818350315093994,-5.872979164123535,-1.2044140100479126,-3.5321273803710938,-8.751578330993652,rotation,-15deg
1_1_02_4cdb4850_r01c04__rotation_angle_m15,./data/robustness/rotation/angle_m15/normalized_32x32/1/1_1_02_4cdb4850_r01c04__rotation_angle_m15.npy,1,1,1,0.9999991694279824,-4.878398895263672,12.25892162322998,-6.347661018371582,-13.104419708251953,-6.54679012298584,-3.1819727420806885,-7.3317694664001465,-2.133789300918579,-5.5931077003479,-9.664708137512207,rotation,-15deg
1_1_02_4cdb4850_r02c01__rotation_angle_m15,./data/robustness/rotation/angle_m15/normalized_32x32/1/1_1_02_4cdb4850_r02c01__rotation_angle_m15.npy,1,1,1,0.9999490803613,-3.859567642211914,9.320058822631836,-5.369054794311523,-11.698278427124023,-4.213171005249023,-1.2881784439086914,-2.985415458679199,-3.3870272636413574,-1.7868565320968628,-8.843375205993652,rotation,-15deg
1_1_02_4cdb4850_r02c02__rotation_angle_m15,./data/robustness/rotation/angle_m15/normalized_32x32/1/1_1_02_4cdb4850_r02c02__rotation_angle_m15.npy,1,1,1,0.9997360619370218,-2.175508975982666,8.178427696228027,-3.9558961391448975,-10.141080856323242,-4.657836437225342,-0.796741247177124,-2.501479148864746,-1.7971433401107788,-2.3109309673309326,-7.12239933013916,rotation,-15deg
1_1_02_4cdb4850_r02c03__rotation_angle_m15,./data/robustness/rotation/angle_m15/normalized_32x32/1/1_1_02_4cdb4850_r02c03__rotation_angle_m15.npy,1,7,0,0.4304845065811464,-10.019710540771484,1.8407015800476074,0.49422410130500793,0.9766314029693604,-5.383403301239014,-6.131458282470703,-9.147401809692383,2.082824468612671,-4.374400615692139,-5.429566860198975,rotation,-15deg
1_1_02_4cdb4850_r02c04__rotation_angle_m15,./data/robustness/rotation/angle_m15/normalized_32x32/1/1_1_02_4cdb4850_r02c04__rotation_angle_m15.npy,1,1,1,0.999758759189486,-3.0919017791748047,8.272199630737305,-4.458212852478027,-9.432082176208496,-4.1400675773620605,-0.35515737533569336,-2.423574686050415,-2.892759084701538,-3.6833572387695312,-6.807097434997559,rotation,-15deg
1_1_02_4cdb4850_r03c01__rotation_angle_m15,./data/robustness/rotation/angle_m15/normalized_32x32/1/1_1_02_4cdb4850_r03c01__rotation_angle_m15.npy,1,1,1,0.9999942661966327,-4.172028541564941,10.998129844665527,-5.059477806091309,-14.016874313354492,-5.1071858406066895,-1.6468391418457031,-3.31290340423584,-4.414322376251221,-2.6084392070770264,-10.68104362487793,rotation,-15deg
1_1_02_4cdb4850_r03c02__rotation_angle_m15,./data/robustness/rotation/angle_m15/normalized_32x32/1/1_1_02_4cdb4850_r03c02__rotation_angle_m15.npy,1,1,1,0.9999919833871171,-2.6523122787475586,10.52962589263916,-3.7472028732299805,-13.062450408935547,-5.379981994628906,-2.056889057159424,-5.195276737213135,-3.6365058422088623,-3.1852610111236572,-9.245644569396973,rotation,-15deg
1_1_02_4cdb4850_r03c03__rotation_angle_m15,./data/robustness/rotation/angle_m15/normalized_32x32/1/1_1_02_4cdb4850_r03c03__rotation_angle_m15.npy,1,1,1,0.9998461402008526,-2.6931354999542236,8.074424743652344,-2.3852152824401855,-9.943973541259766,-3.594475507736206,-1.819753646850586,-4.7192535400390625,-2.762960910797119,-2.6328680515289307,-6.971786975860596,rotation,-15deg
1_1_02_4cdb4850_r03c04__rotation_angle_m15,./data/robustness/rotation/angle_m15/normalized_32x32/1/1_1_02_4cdb4850_r03c04__rotation_angle_m15.npy,1,1,1,0.9990594715040133,-1.8887215852737427,6.739795207977295,-2.015012502670288,-8.157082557678223,-3.802466869354248,-1.413020133972168,-3.607728958129883,-2.061270236968994,-2.4279627799987793,-5.9352545738220215,rotation,-15deg
1_1_02_4cdb4850_r04c01__rotation_angle_m15,./data/robustness/rotation/angle_m15/normalized_32x32/1/1_1_02_4cdb4850_r04c01__rotation_angle_m15.npy,1,1,1,0.9999710413509875,-3.5185952186584473,9.753518104553223,-3.4814019203186035,-11.923086166381836,-3.793729543685913,-2.5340700149536133,-1.7411612272262573,-2.4904065132141113,-2.550771474838257,-9.805184364318848,rotation,-15deg
1_1_02_4cdb4850_r04c02__rotation_angle_m15,./data/robustness/rotation/angle_m15/normalized_32x32/1/1_1_02_4cdb4850_r04c02__rotation_angle_m15.npy,1,1,1,0.9999851709293764,-2.5478804111480713,10.276896476745605,-2.905797243118286,-12.457526206970215,-5.653769493103027,-1.689354658126831,-4.272773742675781,-2.482210874557495,-4.409435272216797,-9.420327186584473,rotation,-15deg
1_1_02_4cdb4850_r04c03__rotation_angle_m15,./data/robustness/rotation/angle_m15/normalized_32x32/1/1_1_02_4cdb4850_r04c03__rotation_angle_m15.npy,1,1,1,0.9999614047942601,-3.0164101123809814,9.570677757263184,-3.447859525680542,-10.593981742858887,-5.055349826812744,-1.1532710790634155,-3.2825987339019775,-2.30667781829834,-4.324666976928711,-8.289885520935059,rotation,-15deg
1_1_02_4cdb4850_r04c04__rotation_angle_m15,./data/robustness/rotation/angle_m15/normalized_32x32/1/1_1_02_4cdb4850_r04c04__rotation_angle_m15.npy,1,1,1,0.9993859178512452,-3.155689239501953,7.265591621398926,-1.643491506576538,-8.361198425292969,-3.4601619243621826,-1.0843443870544434,-2.0209527015686035,-2.321326971054077,-3.1728806495666504,-7.471026420593262,rotation,-15deg
2_2_01_2e3151dd_r01c01__rotation_angle_m15,./data/robustness/rotation/angle_m15/normalized_32x32/2/2_2_01_2e3151dd_r01c01__rotation_angle_m15.npy,2,2,1,0.9999989950193257,-10.203495979309082,-9.25606632232666,13.457523345947266,-0.40007710456848145,-7.104166030883789,-9.034502983093262,-10.57609748840332,-3.469093084335327,-9.87864875793457,-14.107025146484375,rotation,-15deg
2_2_01_2e3151dd_r01c02__rotation_angle_m15,./data/robustness/rotation/angle_m15/normalized_32x32/2/2_2_01_2e3151dd_r01c02__rotation_angle_m15.npy,2,2,1,0.9999999366582648,-5.8405680656433105,-9.443272590637207,14.833584785461426,-5.073031425476074,-7.66945219039917,-6.883325576782227,-10.478416442871094,-1.807572841644287,-7.603254318237305,-14.027709007263184,rotation,-15deg
2_2_01_2e3151dd_r01c03__rotation_angle_m15,./data/robustness/rotation/angle_m15/normalized_32x32/2/2_2_01_2e3151dd_r01c03__rotation_angle_m15.npy,2,2,1,0.9999938731589069,-8.696629524230957,-7.449711799621582,12.113250732421875,-0.6096229553222656,-7.070496559143066,-7.443092346191406,-10.838456153869629,-0.5745811462402344,-4.823952674865723,-10.91193962097168,rotation,-15deg
2_2_01_2e3151dd_r01c04__rotation_angle_m15,./data/robustness/rotation/angle_m15/normalized_32x32/2/2_2_01_2e3151dd_r01c04__rotation_angle_m15.npy,2,2,1,0.9999997137846668,-10.367109298706055,-8.577482223510742,15.635059356689453,-0.8004418611526489,-8.195866584777832,-9.811152458190918,-15.577014923095703,0.27338048815727234,-6.440147399902344,-11.91036605834961,rotation,-15deg
2_2_01_2e3151dd_r02c01__rotation_angle_m15,./data/robustness/rotation/angle_m15/normalized_32x32/2/2_2_01_2e3151dd_r02c01__rotation_angle_m15.npy,2,2,1,0.9999760960644324,-6.089203357696533,-5.86274528503418,11.486977577209473,-4.253689289093018,-5.716137886047363,-6.844349384307861,-13.577472686767578,0.7713236212730408,-2.560931921005249,-2.7229561805725098,rotation,-15deg
2_2_01_2e3151dd_r02c02__rotation_angle_m15,./data/robustness/rotation/angle_m15/normalized_32x32/2/2_2_01_2e3151dd_r02c02__rotation_angle_m15.npy,2,2,1,0.9966473336429078,-1.728708267211914,-5.7545623779296875,6.668512344360352,-5.78599214553833,-1.0489566326141357,-4.792468070983887,-8.275017738342285,-3.6174445152282715,-3.3651583194732666,0.7149903178215027,rotation,-15deg
2_2_01_2e3151dd_r02c03__rotation_angle_m15,./data/robustness/rotation/angle_m15/normalized_32x32/2/2_2_01_2e3151dd_r02c03__rotation_angle_m15.npy,2,2,1,0.9999984267724419,-8.657697677612305,-9.35000228881836,13.998003959655762,-0.19968181848526,-7.998426914215088,-9.502874374389648,-17.104948043823242,0.06278517842292786,-5.637430667877197,-8.635445594787598,rotation,-15deg
2_2_01_2e3151dd_r02c04__rotation_angle_m15,./data/robustness/rotation/angle_m15/normalized_32x32/2/2_2_01_2e3151dd_r02c04__rotation_angle_m15.npy,2,2,1,0.999999994114547,-9.705157279968262,-9.095270156860352,18.873456954956055,-5.913707733154297,-9.923027038574219,-11.746404647827148,-14.55322265625,-0.08083820343017578,-8.070019721984863,-14.704595565795898,rotation,-15deg
2_2_01_2e3151dd_r03c01__rotation_angle_m15,./data/robustness/rotation/angle_m15/normalized_32x32/2/2_2_01_2e3151dd_r03c01__rotation_angle_m15.npy,2,2,1,0.9999817039757408,-10.940019607543945,-4.188025951385498,11.589682579040527,0.6602513790130615,-7.183485984802246,-8.161924362182617,-9.941397666931152,-4.406219482421875,-4.438437461853027,-10.676962852478027,rotation,-15deg
2_2_01_2e3151dd_r03c02__rotation_angle_m15,./data/robustness/rotation/angle_m15/normalized_32x32/2/2_2_01_2e3151dd_r03c02__rotation_angle_m15.npy,2,2,1,0.9999993877919635,-12.269454002380371,-7.31282377243042,15.059289932250977,-0.7269823551177979,-8.291669845581055,-11.301722526550293,-17.604692459106445,0.47945642471313477,-3.7285428047180176,-10.0726900100708,rotation,-15deg
2_2_01_2e3151dd_r03c03__rotation_angle_m15,./data/robustness/rotation/angle_m15/normalized_32x32/2/2_2_01_2e3151dd_r03c03__rotation_angle_m15.npy,2,2,1,0.9999878839991978,-11.345911979675293,-3.6475720405578613,11.483738899230957,0.09087061882019043,-6.90473747253418,-8.79291820526123,-10.711872100830078,-3.0926365852355957,-4.71242094039917,-10.509556770324707,rotation,-15deg
2_2_01_2e3151dd_r03c04__rotation_angle_m15,./data/robustness/rotation/angle_m15/normalized_32x32/2/2_2_01_2e3151dd_r03c04__rotation_angle_m15.npy,2,2,1,0.9999614066911451,-8.103763580322266,-8.225687026977539,12.486414909362793,2.3186070919036865,-7.5433030128479,-6.43734884262085,-11.801697731018066,-3.221949338912964,-4.388396263122559,-8.705211639404297,rotation,-15deg
2_2_01_2e3151dd_r04c01__rotation_angle_m15,./data/robustness/rotation/angle_m15/normalized_32x32/2/2_2_01_2e3151dd_r04c01__rotation_angle_m15.npy,2,2,1,0.9999999594789538,-10.32850456237793,-3.930053472518921,14.287123680114746,-4.116746425628662,-5.239637851715088,-9.971785545349121,-12.352080345153809,-3.8563473224639893,-6.024056434631348,-9.960659980773926,rotation,-15deg
2_2_01_2e3151dd_r04c02__rotation_angle_m15,./data/robustness/rotation/angle_m15/normalized_32x32/2/2_2_01_2e3151dd_r04c02__rotation_angle_m15.npy,2,2,1,0.9999972450534278,-11.202250480651855,-6.18212366104126,14.86630916595459,-3.1568353176116943,-7.159554481506348,-10.797370910644531,-18.187854766845703,2.0580506324768066,-6.000296115875244,-7.87076997756958,rotation,-15deg
2_2_01_2e3151dd_r04c03__rotation_angle_m15,./data/robustness/rotation/angle_m15/normalized_32x32/2/2_2_01_2e3151dd_r04c03__rotation_angle_m15.npy,2,2,1,0.8266184602600756,-8.711853981018066,-4.431759357452393,6.143457412719727,4.580577850341797,-7.0845627784729,-4.081577301025391,-9.7311429977417,-3.066281795501709,-3.7487576007843018,-7.319193363189697,rotation,-15deg
2_2_01_2e3151dd_r04c04__rotation_angle_m15,./data/robustness/rotation/angle_m15/normalized_32x32/2/2_2_01_2e3151dd_r04c04__rotation_angle_m15.npy,2,3,0,0.9832201832412103,-6.705934524536133,-4.818212509155273,0.7061567306518555,5.506870269775391,-2.7044646739959717,-3.5976531505584717,-10.867596626281738,-2.7775464057922363,0.611849308013916,-1.7783875465393066,rotation,-15deg
2_2_02_cbfae05c_r01c01__rotation_angle_m15,./data/robustness/rotation/angle_m15/normalized_32x32/2/2_2_02_cbfae05c_r01c01__rotation_angle_m15.npy,2,2,1,0.9999999360195847,-8.881611824035645,-10.357122421264648,15.230401992797852,-1.3900141716003418,-8.932138442993164,-7.972692489624023,-8.336264610290527,-4.465022087097168,-6.2755255699157715,-14.110616683959961,rotation,-15deg
2_2_02_cbfae05c_r01c02__rotation_angle_m15,./data/robustness/rotation/angle_m15/normalized_32x32/2/2_2_02_cbfae05c_r01c02__rotation_angle_m15.npy,2,2,1,0.9999980295443245,-8.645413398742676,-9.456669807434082,13.943525314331055,0.60381019115448,-7.831997871398926,-9.036966323852539,-16.72834587097168,-0.902624249458313,-5.674168109893799,-7.152949333190918,rotation,-15deg
2_2_02_cbfae05c_r01c03__rotation_angle_m15,./data/robustness/rotation/angle_m15/normalized_32x32/2/2_2_02_cbfae05c_r01c03__rotation_angle_m15.npy,2,2,1,0.9994071969736509,-8.256977081298828,-6.8187174797058105,9.308341026306152,0.5522603988647461,-6.370334625244141,-7.9595842361450195,-14.269124031066895,1.559615135192871,-3.2291462421417236,-5.276834964752197,rotation,-15deg
2_2_02_cbfae05c_r01c04__rotation_angle_m15,./data/robustness/rotation/angle_m15/normalized_32x32/2/2_2_02_cbfae05c_r01c04__rotation_angle_m15.npy,2,2,1,0.9845503174321488,-6.162418365478516,-1.5411877632141113,5.54798698425293,-0.14438652992248535,-3.432509422302246,-4.767006874084473,-9.272916793823242,1.0493923425674438,-3.6839137077331543,-3.6987996101379395,rotation,-15deg
2_2_02_cbfae05c_r02c01__rotation_angle_m15,./data/robustness/rotation/angle_m15/normalized_32x32/2/2_2_02_cbfae05c_r02c01__rotation_angle_m15.npy,2,2,1,0.9997664331519671,-13.537443161010742,-3.979915142059326,11.024484634399414,2.6591198444366455,-4.617105960845947,-4.295953273773193,-12.527682304382324,-5.95625638961792,-5.100725173950195,-11.956033706665039,rotation,-15deg
2_2_02_cbfae05c_r02c02__rotation_angle_m15,./data/robustness/rotation/angle_m15/normalized_32x32/2/2_2_02_cbfae05c_r02c02__rotation_angle_m15.npy,2,2,1,0.9999999929465337,-9.25179386138916,-13.211111068725586,17.484071731567383,-1.6464158296585083,-9.359671592712402,-9.90311336517334,-12.144660949707031,-2.483851671218872,-9.660856246948242,-15.550345420837402,rotation,-15deg
2_2_02_cbfae05c_r02c03__rotation_angle_m15,./data/robustness/rotation/angle_m15/normalized_32x32/2/2_2_02_cbfae05c_r02c03__rotation_angle_m15.npy,2,2,1,0.9999999843021363,-7.688065528869629,-9.949836730957031,15.90447998046875,-4.7484307289123535,-8.224858283996582,-10.65092945098877,-11.240490913391113,-2.143106698989868,-10.869901657104492,-15.193887710571289,rotation,-15deg
2_2_02_cbfae05c_r02c04__rotation_angle_m15,./data/robustness/rotation/angle_m15/normalized_32x32/2/2_2_02_cbfae05c_r02c04__rotation_angle_m15.npy,2,2,1,0.9999999990566033,-12.46131706237793,-11.065918922424316,19.0632381439209,-2.132418155670166,-9.393213272094727,-9.156438827514648,-13.427999496459961,-2.803394317626953,-11.809212684631348,-16.786895751953125,rotation,-15deg
2_2_02_cbfae05c_r03c01__rotation_angle_m15,./data/robustness/rotation/angle_m15/normalized_32x32/2/2_2_02_cbfae05c_r03c01__rotation_angle_m15.npy,2,2,1,0.9999995939971679,-10.493799209594727,-4.935247421264648,13.450173377990723,-1.562243938446045,-7.072124481201172,-8.604724884033203,-10.198424339294434,-2.7894446849823,-6.064184188842773,-10.791869163513184,rotation,-15deg
2_2_02_cbfae05c_r03c02__rotation_angle_m15,./data/robustness/rotation/angle_m15/normalized_32x32/2/2_2_02_cbfae05c_r03c02__rotation_angle_m15.npy,2,2,1,0.999794157444714,-10.311767578125,-5.333499908447266,10.385726928710938,1.881495714187622,-5.516463279724121,-8.627228736877441,-14.54084300994873,-2.705883026123047,-3.528287410736084,-7.029664516448975,rotation,-15deg
2_2_02_cbfae05c_r03c03__rotation_angle_m15,./data/robustness/rotation/angle_m15/normalized_32x32/2/2_2_02_cbfae05c_r03c03__rotation_angle_m15.npy,2,2,1,0.9999344226273059,-12.722620964050293,-3.0975186824798584,10.734895706176758,1.063389539718628,-6.577216148376465,-8.405399322509766,-12.166590690612793,-2.73807692527771,-5.4030256271362305,-9.446107864379883,rotation,-15deg
2_2_02_cbfae05c_r03c04__rotation_angle_m15,./data/robustness/rotation/angle_m15/normalized_32x32/2/2_2_02_cbfae05c_r03c04__rotation_angle_m15.npy,2,2,1,0.9774880986478364,-10.440434455871582,-9.20801830291748,8.517021179199219,4.743231773376465,-5.2122416496276855,-6.161581993103027,-15.460538864135742,-5.37509822845459,-3.9449095726013184,-1.218443751335144,rotation,-15deg
2_2_02_cbfae05c_r04c01__rotation_angle_m15,./data/robustness/rotation/angle_m15/normalized_32x32/2/2_2_02_cbfae05c_r04c01__rotation_angle_m15.npy,2,2,1,0.9999864038830254,-10.353516578674316,-6.400839805603027,12.715191841125488,-0.3739067316055298,-6.900537014007568,-8.964592933654785,-14.641037940979004,1.3411149978637695,-4.589953422546387,-9.956891059875488,rotation,-15deg
2_2_02_cbfae05c_r04c02__rotation_angle_m15,./data/robustness/rotation/angle_m15/normalized_32x32/2/2_2_02_cbfae05c_r04c02__rotation_angle_m15.npy,2,2,1,0.9999888117998941,-9.944282531738281,-3.879791259765625,11.79481315612793,-1.3848521709442139,-6.794139385223389,-10.13002872467041,-13.575325965881348,0.14955982565879822,-3.005941390991211,-9.050888061523438,rotation,-15deg
2_2_02_cbfae05c_r04c03__rotation_angle_m15,./data/robustness/rotation/angle_m15/normalized_32x32/2/2_2_02_cbfae05c_r04c03__rotation_angle_m15.npy,2,2,1,0.9935992594433599,-7.179957389831543,-1.7895567417144775,5.698353290557861,0.4171396493911743,-2.3998939990997314,-4.330352783203125,-6.092865943908691,-2.044466495513916,-7.356647491455078,-7.639791488647461,rotation,-15deg
2_2_02_cbfae05c_r04c04__rotation_angle_m15,./data/robustness/rotation/angle_m15/normalized_32x32/2/2_2_02_cbfae05c_r04c04__rotation_angle_m15.npy,2,2,1,0.9417789789860229,-8.877806663513184,-5.136618614196777,6.82218074798584,4.032407760620117,-6.059316158294678,-5.923818588256836,-10.405132293701172,-4.0480427742004395,-1.1244248151779175,-8.724029541015625,rotation,-15deg
3_3_01_3ef7df64_r01c01__rotation_angle_m15,./data/robustness/rotation/angle_m15/normalized_32x32/3/3_3_01_3ef7df64_r01c01__rotation_angle_m15.npy,3,3,1,0.9998946747253296,-6.856866359710693,-5.489666938781738,-0.8013358116149902,9.070958137512207,-6.308680057525635,-1.1597015857696533,-8.994425773620605,-5.466165542602539,-2.0036115646362305,-4.852780342102051,rotation,-15deg
3_3_01_3ef7df64_r01c02__rotation_angle_m15,./data/robustness/rotation/angle_m15/normalized_32x32/3/3_3_01_3ef7df64_r01c02__rotation_angle_m15.npy,3,3,1,0.9997208445959235,-5.7577924728393555,-6.15061092376709,-0.3542119264602661,8.475298881530762,-5.658502578735352,-0.5450491905212402,-8.659177780151367,-5.2415242195129395,-3.241372585296631,-5.523902416229248,rotation,-15deg
3_3_01_3ef7df64_r01c03__rotation_angle_m15,./data/robustness/rotation/angle_m15/normalized_32x32/3/3_3_01_3ef7df64_r01c03__rotation_angle_m15.npy,3,3,1,0.9451990573474647,-4.238134860992432,-5.697454929351807,-1.2961621284484863,4.672046661376953,-2.8309409618377686,1.7608716487884521,-8.69165325164795,-4.6614789962768555,-5.392923831939697,-4.085420608520508,rotation,-15deg
3_3_01_3ef7df64_r01c04__rotation_angle_m15,./data/robustness/rotation/angle_m15/normalized_32x32/3/3_3_01_3ef7df64_r01c04__rotation_angle_m15.npy,3,3,1,0.9999993583723308,-10.505072593688965,-7.902303218841553,-1.0696003437042236,13.457489967346191,-8.54155445098877,-2.4926087856292725,-12.341447830200195,-7.015250205993652,-3.859618902206421,-8.986053466796875,rotation,-15deg
3_3_01_3ef7df64_r02c01__rotation_angle_m15,./data/robustness/rotation/angle_m15/normalized_32x32/3/3_3_01_3ef7df64_r02c01__rotation_angle_m15.npy,3,3,1,0.9999347317546536,-9.461687088012695,-4.890142917633057,-2.964477300643921,10.139507293701172,-8.371237754821777,0.3399338722229004,-9.603265762329102,-5.798264503479004,-1.688230037689209,-7.206657886505127,rotation,-15deg
3_3_01_3ef7df64_r02c02__rotation_angle_m15,./data/robustness/rotation/angle_m15/normalized_32x32/3/3_3_01_3ef7df64_r02c02__rotation_angle_m15.npy,3,3,1,0.9999996908053864,-13.028165817260742,-10.067220687866211,-2.343782901763916,15.723416328430176,-12.337115287780762,-3.48835825920105,-15.796452522277832,-9.279305458068848,0.6713931560516357,-10.352499008178711,rotation,-15deg
3_3_01_3ef7df64_r02c03__rotation_angle_m15,./data/robustness/rotation/angle_m15/normalized_32x32/3/3_3_01_3ef7df64_r02c03__rotation_angle_m15.npy,3,3,1,0.9999512766638239,-7.756071090698242,-7.963576793670654,-5.681610584259033,10.776663780212402,-8.401443481445312,-3.354356050491333,-11.863509178161621,-6.925861358642578,0.8271139860153198,-5.045367240905762,rotation,-15deg
3_3_01_3ef7df64_r02c04__rotation_angle_m15,./data/robustness/rotation/angle_m15/normalized_32x32/3/3_3_01_3ef7df64_r02c04__rotation_angle_m15.npy,3,3,1,0.9996994649334476,-5.976210117340088,-4.588973522186279,-1.3288846015930176,7.446690559387207,-5.774076461791992,-3.4917454719543457,-8.949164390563965,-3.453516721725464,-1.7911872863769531,-5.154853343963623,rotation,-15deg
3_3_01_3ef7df64_r03c01__rotation_angle_m15,./data/robustness/rotation/angle_m15/normalized_32x32/3/3_3_01_3ef7df64_r03c01__rotation_angle_m15.npy,3,3,1,0.9999999636077992,-13.080135345458984,-8.461545944213867,-4.090026378631592,15.476987838745117,-11.27145767211914,-3.2320327758789062,-15.997795104980469,-8.017294883728027,-2.0066821575164795,-7.652515411376953,rotation,-15deg
3_3_01_3ef7df64_r03c02__rotation_angle_m15,./data/robustness/rotation/angle_m15/normalized_32x32/3/3_3_01_3ef7df64_r03c02__rotation_angle_m15.npy,3,3,1,0.9999998604101823,-12.640796661376953,-8.29574966430664,-5.596329689025879,14.453642845153809,-11.874541282653809,-2.015838861465454,-16.22321128845215,-10.581984519958496,-2.133943557739258,-4.748971939086914,rotation,-15deg
3_3_01_3ef7df64_r03c03__rotation_angle_m15,./data/robustness/rotation/angle_m15/normalized_32x32/3/3_3_01_3ef7df64_r03c03__rotation_angle_m15.npy,3,3,1,0.9982574285167838,-8.010544776916504,-8.38757038116455,1.185199499130249,8.903525352478027,-7.305922031402588,-4.943669319152832,-12.458342552185059,-6.514752388000488,2.2576184272766113,-5.986306667327881,rotation,-15deg
3_3_01_3ef7df64_r03c04__rotation_angle_m15,./data/robustness/rotation/angle_m15/normalized_32x32/3/3_3_01_3ef7df64_r03c04__rotation_angle_m15.npy,3,3,1,0.891589116804414,-5.066108703613281,-3.363652229309082,0.8480991721153259,3.56847882270813,-1.9678688049316406,-3.542192220687866,-8.624285697937012,-2.4594130516052246,0.21884426474571228,-0.8281091451644897,rotation,-15deg
3_3_01_3ef7df64_r04c01__rotation_angle_m15,./data/robustness/rotation/angle_m15/normalized_32x32/3/3_3_01_3ef7df64_r04c01__rotation_angle_m15.npy,3,2,0,0.3732091780720793,-3.5466535091400146,-1.9575352668762207,1.2503278255462646,0.5733027458190918,0.8797740340232849,-1.2068716287612915,-5.875477313995361,-1.1704199314117432,-3.2187459468841553,-0.15415115654468536,rotation,-15deg
3_3_01_3ef7df64_r04c02__rotation_angle_m15,./data/robustness/rotation/angle_m15/normalized_32x32/3/3_3_01_3ef7df64_r04c02__rotation_angle_m15.npy,3,3,1,0.7381511764510055,-5.1727399826049805,-2.247262477874756,-0.3060913681983948,2.182190418243408,-0.9865431785583496,-5.618141174316406,-9.813618659973145,-0.686565101146698,-0.44575226306915283,-0.25216737389564514,rotation,-15deg
3_3_01_3ef7df64_r04c03__rotation_angle_m15,./data/robustness/rotation/angle_m15/normalized_32x32/3/3_3_01_3ef7df64_r04c03__rotation_angle_m15.npy,3,2,0,0.665968536565227,-4.03540563583374,-1.0285205841064453,2.3239104747772217,-2.8946120738983154,-0.8741809725761414,-6.1410980224609375,-9.53273868560791,0.9066471457481384,-0.7665070295333862,0.2876061499118805,rotation,-15deg
3_3_01_3ef7df64_r04c04__rotation_angle_m15,./data/robustness/rotation/angle_m15/normalized_32x32/3/3_3_01_3ef7df64_r04c04__rotation_angle_m15.npy,3,2,0,0.7054191534760846,-3.919487237930298,1.1151823997497559,2.7924041748046875,-6.093608856201172,-2.769850254058838,-6.242959499359131,-9.580771446228027,0.960456371307373,-0.08746904134750366,-1.9023650884628296,rotation,-15deg
3_3_02_0ace0337_r01c01__rotation_angle_m15,./data/robustness/rotation/angle_m15/normalized_32x32/3/3_3_02_0ace0337_r01c01__rotation_angle_m15.npy,3,3,1,0.9995985787240467,-5.424234390258789,-8.213752746582031,-3.4163999557495117,9.616872787475586,-7.870983123779297,1.774590253829956,-9.11017894744873,-7.750317096710205,-2.466891288757324,-4.707754611968994,rotation,-15deg
3_3_02_0ace0337_r01c02__rotation_angle_m15,./data/robustness/rotation/angle_m15/normalized_32x32/3/3_3_02_0ace0337_r01c02__rotation_angle_m15.npy,3,3,1,0.6878927096942364,-4.487841606140137,-3.623781442642212,1.7735397815704346,2.9166793823242188,-0.5392760038375854,0.5475016832351685,-3.919788122177124,-3.817429542541504,-2.3853437900543213,-4.711670398712158,rotation,-15deg
3_3_02_0ace0337_r01c03__rotation_angle_m15,./data/robustness/rotation/angle_m15/normalized_32x32/3/3_3_02_0ace0337_r01c03__rotation_angle_m15.npy,3,3,1,0.9999990739057437,-11.01212215423584,-8.629024505615234,-1.8885498046875,13.850602149963379,-10.422358512878418,-2.3304524421691895,-10.402557373046875,-8.102518081665039,-0.3424169421195984,-10.97696304321289,rotation,-15deg
3_3_02_0ace0337_r01c04__rotation_angle_m15,./data/robustness/rotation/angle_m15/normalized_32x32/3/3_3_02_0ace0337_r01c04__rotation_angle_m15.npy,3,3,1,0.999998670615404,-10.730827331542969,-6.724424839019775,-5.736474990844727,12.409407615661621,-9.718343734741211,-1.4931060075759888,-13.724093437194824,-7.451916694641113,-2.4793059825897217,-4.401236534118652,rotation,-15deg
3_3_02_0ace0337_r02c01__rotation_angle_m15,./data/robustness/rotation/angle_m15/normalized_32x32/3/3_3_02_0ace0337_r02c01__rotation_angle_m15.npy,3,3,1,0.9999768356828077,-8.106689453125,-5.2292585372924805,-2.155210494995117,10.207049369812012,-7.343194007873535,-1.6006883382797241,-10.07766056060791,-5.5877838134765625,-1.2275639772415161,-4.978564262390137,rotation,-15deg
3_3_02_0ace0337_r02c02__rotation_angle_m15,./data/robustness/rotation/angle_m15/normalized_32x32/3/3_3_02_0ace0337_r02c02__rotation_angle_m15.npy,3,3,1,0.9998622268539703,-6.713418006896973,-5.103366851806641,-1.7097806930541992,8.584366798400879,-6.1072611808776855,-1.762197732925415,-9.820720672607422,-5.889923095703125,-1.2892732620239258,-2.3387515544891357,rotation,-15deg
3_3_02_0ace0337_r02c03__rotation_angle_m15,./data/robustness/rotation/angle_m15/normalized_32x32/3/3_3_02_0ace0337_r02c03__rotation_angle_m15.npy,3,3,1,0.999845520160571,-6.664943695068359,-6.028148651123047,0.21202224493026733,9.157295227050781,-6.125372886657715,-1.8665757179260254,-10.380126953125,-5.267439842224121,-2.8656294345855713,-5.054297924041748,rotation,-15deg
3_3_02_0ace0337_r02c04__rotation_angle_m15,./data/robustness/rotation/angle_m15/normalized_32x32/3/3_3_02_0ace0337_r02c04__rotation_angle_m15.npy,3,3,1,0.9999532022745081,-11.461459159851074,-7.472476005554199,1.6962143182754517,11.787343978881836,-9.495540618896484,-3.3882803916931152,-13.201179504394531,-7.175650596618652,-0.4015766382217407,-9.807860374450684,rotation,-15deg
3_3_02_0ace0337_r03c01__rotation_angle_m15,./data/robustness/rotation/angle_m15/normalized_32x32/3/3_3_02_0ace0337_r03c01__rotation_angle_m15.npy,3,3,1,0.9999976217407376,-10.11092758178711,-7.29416561126709,-1.3316032886505127,12.29974365234375,-8.48159408569336,-3.293752670288086,-11.754658699035645,-6.385259628295898,-1.5215097665786743,-8.568099975585938,rotation,-15deg
3_3_02_0ace0337_r03c02__rotation_angle_m15,./data/robustness/rotation/angle_m15/normalized_32x32/3/3_3_02_0ace0337_r03c02__rotation_angle_m15.npy,3,3,1,0.7396432646389771,-4.449798583984375,-3.651348114013672,0.7516831755638123,2.5174624919891357,-0.5597901344299316,-4.388367176055908,-10.012883186340332,-2.4318251609802246,-0.979539155960083,0.14709067344665527,rotation,-15deg
3_3_02_0ace0337_r03c03__rotation_angle_m15,./data/robustness/rotation/angle_m15/normalized_32x32/3/3_3_02_0ace0337_r03c03__rotation_angle_m15.npy,3,3,1,0.4260265315145106,-3.6147301197052,-1.682461142539978,1.2085292339324951,1.5810120105743408,-0.4774653911590576,-2.128488063812256,-7.6703691482543945,-0.21628358960151672,-2.6591522693634033,0.3154086470603943,rotation,-15deg
3_3_02_0ace0337_r03c04__rotation_angle_m15,./data/robustness/rotation/angle_m15/normalized_32x32/3/3_3_02_0ace0337_r03c04__rotation_angle_m15.npy,3,3,1,0.6858858627911227,-5.807868003845215,-3.335458755493164,1.8879424333572388,2.8995778560638428,-1.392886996269226,-4.034333229064941,-10.451791763305664,-0.837956428527832,-1.5211155414581299,-0.27685633301734924,rotation,-15deg
3_3_02_0ace0337_r04c01__rotation_angle_m15,./data/robustness/rotation/angle_m15/normalized_32x32/3/3_3_02_0ace0337_r04c01__rotation_angle_m15.npy,3,3,1,0.9761349906932794,-6.370673179626465,-2.6169378757476807,0.6952066421508789,4.711216449737549,-2.2402262687683105,-3.091785192489624,-9.305593490600586,-0.8142222166061401,-3.846686601638794,-3.7627475261688232,rotation,-15deg
3_3_02_0ace0337_r04c02__rotation_angle_m15,./data/robustness/rotation/angle_m15/normalized_32x32/3/3_3_02_0ace0337_r04c02__rotation_angle_m15.npy,3,3,1,0.9920310128226458,-5.218776226043701,-2.60164737701416,0.38345617055892944,5.495115756988525,-4.455842971801758,-1.4067862033843994,-7.306272983551025,-2.9751577377319336,-2.363703489303589,-4.9908928871154785,rotation,-15deg
3_3_02_0ace0337_r04c03__rotation_angle_m15,./data/robustness/rotation/angle_m15/normalized_32x32/3/3_3_02_0ace0337_r04c03__rotation_angle_m15.npy,3,3,1,0.9657963944395337,-6.8444132804870605,-5.671789646148682,1.496428370475769,5.147463321685791,-3.9041597843170166,-1.267094373703003,-10.728282928466797,-4.671331882476807,-0.6463433504104614,-0.2410368025302887,rotation,-15deg
3_3_02_0ace0337_r04c04__rotation_angle_m15,./data/robustness/rotation/angle_m15/normalized_32x32/3/3_3_02_0ace0337_r04c04__rotation_angle_m15.npy,3,9,0,0.3695764034898748,-2.442960739135742,-0.6783562898635864,0.43720877170562744,-2.871429204940796,-0.8978253602981567,-3.9712908267974854,-6.417435169219971,0.3223201334476471,-0.17263326048851013,1.044750452041626,rotation,-15deg
4_4_01_ecfe458e_r01c01__rotation_angle_m15,./data/robustness/rotation/angle_m15/normalized_32x32/4/4_4_01_ecfe458e_r01c01__rotation_angle_m15.npy,4,4,1,0.9541816191080973,-4.8625264167785645,-2.5026190280914307,-1.5740855932235718,-2.6980667114257812,4.328444004058838,-2.547081708908081,-5.506119251251221,-0.2997547388076782,-2.2837133407592773,0.8551177382469177,rotation,-15deg
4_4_01_ecfe458e_r01c02__rotation_angle_m15,./data/robustness/rotation/angle_m15/normalized_32x32/4/4_4_01_ecfe458e_r01c02__rotation_angle_m15.npy,4,4,1,0.9999767699777916,-5.888815879821777,-1.8100005388259888,-1.6020911931991577,-8.77812385559082,10.82744312286377,-4.91335916519165,-6.641958236694336,-2.435502767562866,-5.6988606452941895,-0.3526027202606201,rotation,-15deg
4_4_01_ecfe458e_r01c03__rotation_angle_m15,./data/robustness/rotation/angle_m15/normalized_32x32/4/4_4_01_ecfe458e_r01c03__rotation_angle_m15.npy,4,4,1,0.9995381064011096,-5.35080099105835,-2.257591485977173,-1.6880850791931152,-6.789135932922363,8.24249267578125,-5.599658489227295,-4.423108100891113,-1.720703363418579,-3.6663479804992676,0.21510514616966248,rotation,-15deg
4_4_01_ecfe458e_r01c04__rotation_angle_m15,./data/robustness/rotation/angle_m15/normalized_32x32/4/4_4_01_ecfe458e_r01c04__rotation_angle_m15.npy,4,4,1,0.9998065997952598,-6.8528151512146,-4.66792106628418,-6.089620590209961,-7.870026588439941,11.724987030029297,-7.4909443855285645,-4.591409683227539,0.18856778740882874,-8.239039421081543,3.121556043624878,rotation,-15deg
4_4_01_ecfe458e_r02c01__rotation_angle_m15,./data/robustness/rotation/angle_m15/normalized_32x32/4/4_4_01_ecfe458e_r02c01__rotation_angle_m15.npy,4,4,1,0.9999995654131874,-6.459577560424805,-4.6106367111206055,-5.436671257019043,-10.747442245483398,13.54939079284668,-3.397671699523926,-1.7835326194763184,-4.084714889526367,-5.997304916381836,-2.3397648334503174,rotation,-15deg
4_4_01_ecfe458e_r02c02__rotation_angle_m15,./data/robustness/rotation/angle_m15/normalized_32x32/4/4_4_01_ecfe458e_r02c02__rotation_angle_m15.npy,4,4,1,0.9999985668407556,-7.07991886138916,-3.6264781951904297,-4.74476432800293,-8.941909790039062,12.352171897888184,-3.1454930305480957,-5.55128288269043,-5.355616569519043,-4.354167938232422,-1.4655958414077759,rotation,-15deg
4_4_01_ecfe458e_r02c03__rotation_angle_m15,./data/robustness/rotation/angle_m15/normalized_32x32/4/4_4_01_ecfe458e_r02c03__rotation_angle_m15.npy,4,4,1,0.9999944484735503,-7.56022834777832,-4.927463054656982,-5.564640045166016,-9.15679931640625,12.75436782836914,-5.691797733306885,-4.274911880493164,-2.954246759414673,-5.499151229858398,0.6075760126113892,rotation,-15deg
4_4_01_ecfe458e_r02c04__rotation_angle_m15,./data/robustness/rotation/angle_m15/normalized_32x32/4/4_4_01_ecfe458e_r02c04__rotation_angle_m15.npy,4,4,1,0.9999257335226301,-7.936748504638672,-3.8066296577453613,-5.7292399406433105,-9.515254974365234,11.13283920288086,-5.869306564331055,-6.222662448883057,-2.9992446899414062,-3.7128424644470215,1.604182481765747,rotation,-15deg
4_4_01_ecfe458e_r03c01__rotation_angle_m15,./data/robustness/rotation/angle_m15/normalized_32x32/4/4_4_01_ecfe458e_r03c01__rotation_angle_m15.npy,4,4,1,0.9999972073872078,-6.219870567321777,-3.7266435623168945,-3.6569316387176514,-9.227214813232422,11.367512702941895,-2.8034555912017822,-7.980699062347412,-2.739511728286743,-3.635830879211426,-3.281041145324707,rotation,-15deg
4_4_01_ecfe458e_r03c02__rotation_angle_m15,./data/robustness/rotation/angle_m15/normalized_32x32/4/4_4_01_ecfe458e_r03c02__rotation_angle_m15.npy,4,4,1,0.9999755021696364,-6.868001937866211,-3.817619562149048,-3.0029990673065186,-8.42321491241455,10.014379501342773,-3.371073007583618,-5.231543064117432,-1.3387223482131958,-3.4145097732543945,-1.967685580253601,rotation,-15deg
4_4_01_ecfe458e_r03c03__rotation_angle_m15,./data/robustness/rotation/angle_m15/normalized_32x32/4/4_4_01_ecfe458e_r03c03__rotation_angle_m15.npy,4,4,1,0.9999988682151282,-7.624507427215576,-3.802949905395508,-3.3303189277648926,-9.763301849365234,12.054287910461426,-3.0283241271972656,-5.015434265136719,-3.7346620559692383,-4.08041524887085,-3.218013048171997,rotation,-15deg
4_4_01_ecfe458e_r03c04__rotation_angle_m15,./data/robustness/rotation/angle_m15/normalized_32x32/4/4_4_01_ecfe458e_r03c04__rotation_angle_m15.npy,4,4,1,0.99996766624023,-5.566572189331055,-2.5096662044525146,-3.6411876678466797,-6.238101959228516,9.774921417236328,-3.488395929336548,-4.876466751098633,-3.2553319931030273,-3.844865322113037,-1.0293166637420654,rotation,-15deg
4_4_01_ecfe458e_r04c01__rotation_angle_m15,./data/robustness/rotation/angle_m15/normalized_32x32/4/4_4_01_ecfe458e_r04c01__rotation_angle_m15.npy,4,4,1,0.9983080893520613,-6.734481334686279,-1.260164737701416,-5.6227264404296875,-7.8304009437561035,8.574651718139648,-3.5761001110076904,-5.673484802246094,-2.591540813446045,-4.286713123321533,2.147819995880127,rotation,-15deg
4_4_01_ecfe458e_r04c02__rotation_angle_m15,./data/robustness/rotation/angle_m15/normalized_32x32/4/4_4_01_ecfe458e_r04c02__rotation_angle_m15.npy,4,4,1,0.9999557432749294,-7.711815357208252,-3.574925661087036,-3.5790274143218994,-10.292546272277832,10.734176635742188,-6.252535820007324,-5.518484592437744,-2.2343904972076416,-3.771395206451416,0.6092046499252319,rotation,-15deg
4_4_01_ecfe458e_r04c03__rotation_angle_m15,./data/robustness/rotation/angle_m15/normalized_32x32/4/4_4_01_ecfe458e_r04c03__rotation_angle_m15.npy,4,4,1,0.9870456024638792,-5.024678707122803,-0.3813859224319458,-2.077672004699707,-7.520437240600586,5.596320629119873,-4.399664402008057,-7.719686508178711,-1.2064273357391357,-2.155301809310913,0.82988041639328,rotation,-15deg
4_4_01_ecfe458e_r04c04__rotation_angle_m15,./data/robustness/rotation/angle_m15/normalized_32x32/4/4_4_01_ecfe458e_r04c04__rotation_angle_m15.npy,4,4,1,0.9999896451365423,-7.111440181732178,-3.863994598388672,-2.0636773109436035,-7.66588830947876,10.327861785888672,-3.436617136001587,-4.656208515167236,-3.2358992099761963,-3.6734821796417236,-2.7979278564453125,rotation,-15deg
4_4_02_b6e2cbed_r01c01__rotation_angle_m15,./data/robustness/rotation/angle_m15/normalized_32x32/4/4_4_02_b6e2cbed_r01c01__rotation_angle_m15.npy,4,4,1,0.8611579549296211,-6.889254570007324,-3.592331647872925,-1.725388526916504,-5.2413010597229,5.045841217041016,-5.6108622550964355,-7.6092376708984375,3.0272839069366455,-2.6925384998321533,1.4172489643096924,rotation,-15deg
4_4_02_b6e2cbed_r01c02__rotation_angle_m15,./data/robustness/rotation/angle_m15/normalized_32x32/4/4_4_02_b6e2cbed_r01c02__rotation_angle_m15.npy,4,4,1,0.9999874579586322,-5.639674663543701,-4.558797359466553,-5.327178955078125,-7.872955799102783,11.60693359375,-3.5240800380706787,-4.12122106552124,-3.9584648609161377,-5.195896148681641,0.2532801032066345,rotation,-15deg
4_4_02_b6e2cbed_r01c03__rotation_angle_m15,./data/robustness/rotation/angle_m15/normalized_32x32/4/4_4_02_b6e2cbed_r01c03__rotation_angle_m15.npy,4,4,1,0.9999989997337781,-7.177104473114014,-4.1721367835998535,-4.130051612854004,-8.071560859680176,12.371824264526367,-3.0168230533599854,-5.582510471343994,-3.618021011352539,-5.769811153411865,-2.1130738258361816,rotation,-15deg
4_4_02_b6e2cbed_r01c04__rotation_angle_m15,./data/robustness/rotation/angle_m15/normalized_32x32/4/4_4_02_b6e2cbed_r01c04__rotation_angle_m15.npy,4,4,1,0.9999812755093915,-5.371662139892578,-2.825840473175049,-3.8955414295196533,-7.296952247619629,10.518702507019043,-4.820858955383301,-3.3888394832611084,-2.043694496154785,-4.99658203125,-0.8444205522537231,rotation,-15deg
4_4_02_b6e2cbed_r02c01__rotation_angle_m15,./data/robustness/rotation/angle_m15/normalized_32x32/4/4_4_02_b6e2cbed_r02c01__rotation_angle_m15.npy,4,4,1,0.9999984597159678,-6.7299485206604,-3.9561374187469482,-3.6616103649139404,-9.468758583068848,12.052909851074219,-1.9353536367416382,-4.542962074279785,-5.011078834533691,-3.5176377296447754,-3.6170401573181152,rotation,-15deg
4_4_02_b6e2cbed_r02c02__rotation_angle_m15,./data/robustness/rotation/angle_m15/normalized_32x32/4/4_4_02_b6e2cbed_r02c02__rotation_angle_m15.npy,4,7,0,0.9614612524505632,-8.410003662109375,-3.4784297943115234,-3.2322518825531006,-2.9030535221099854,2.8412628173828125,-5.399906158447266,-7.734851837158203,6.085116863250732,-2.231316328048706,-1.4593169689178467,rotation,-15deg
4_4_02_b6e2cbed_r02c03__rotation_angle_m15,./data/robustness/rotation/angle_m15/normalized_32x32/4/4_4_02_b6e2cbed_r02c03__rotation_angle_m15.npy,4,4,1,0.9999999817445825,-8.765276908874512,-5.720394134521484,-5.134679317474365,-13.714570045471191,15.803462028503418,-5.470197677612305,-3.8435709476470947,-3.3880515098571777,-5.736633777618408,-2.79160213470459,rotation,-15deg
4_4_02_b6e2cbed_r02c04__rotation_angle_m15,./data/robustness/rotation/angle_m15/normalized_32x32/4/4_4_02_b6e2cbed_r02c04__rotation_angle_m15.npy,4,4,1,0.9999612842915637,-7.453274726867676,-4.299038887023926,-4.472198486328125,-7.835336208343506,10.63027572631836,-5.8785271644592285,-4.816239833831787,0.03920736908912659,-6.081153392791748,-0.6490778923034668,rotation,-15deg
4_4_02_b6e2cbed_r03c01__rotation_angle_m15,./data/robustness/rotation/angle_m15/normalized_32x32/4/4_4_02_b6e2cbed_r03c01__rotation_angle_m15.npy,4,4,1,0.999993836323142,-6.8612847328186035,-2.5660111904144287,-3.9320080280303955,-9.517180442810059,11.231635093688965,-2.7014663219451904,-6.202327728271484,-3.37296462059021,-5.35168981552124,-1.3489359617233276,rotation,-15deg
4_4_02_b6e2cbed_r03c02__rotation_angle_m15,./data/robustness/rotation/angle_m15/normalized_32x32/4/4_4_02_b6e2cbed_r03c02__rotation_angle_m15.npy,4,4,1,0.9956290291067521,-5.102087497711182,-1.9059350490570068,-2.923882484436035,-5.969192981719971,6.327128887176514,-3.112563371658325,-5.033761024475098,0.33827677369117737,-2.787994384765625,-0.31418827176094055,rotation,-15deg
4_4_02_b6e2cbed_r03c03__rotation_angle_m15,./data/robustness/rotation/angle_m15/normalized_32x32/4/4_4_02_b6e2cbed_r03c03__rotation_angle_m15.npy,4,4,1,0.9992683911804766,-6.8869547843933105,-0.4124299883842468,-5.468153953552246,-10.966269493103027,8.405506134033203,-5.346472263336182,-6.71506929397583,-5.10554313659668,-0.13879141211509705,0.5447198152542114,rotation,-15deg
4_4_02_b6e2cbed_r03c04__rotation_angle_m15,./data/robustness/rotation/angle_m15/normalized_32x32/4/4_4_02_b6e2cbed_r03c04__rotation_angle_m15.npy,4,4,1,0.9999989283397399,-8.861577033996582,-4.657537937164307,-4.135785102844238,-9.720555305480957,12.995217323303223,-3.6079025268554688,-8.330665588378906,-1.0800232887268066,-6.578702449798584,-2.5530147552490234,rotation,-15deg
4_4_02_b6e2cbed_r04c01__rotation_angle_m15,./data/robustness/rotation/angle_m15/normalized_32x32/4/4_4_02_b6e2cbed_r04c01__rotation_angle_m15.npy,4,4,1,0.9999926473884116,-6.808924674987793,-3.211617946624756,-3.774759531021118,-8.50364875793457,10.941988945007324,-1.9410817623138428,-5.104637622833252,-4.668189525604248,-5.062319755554199,-1.6844583749771118,rotation,-15deg
4_4_02_b6e2cbed_r04c02__rotation_angle_m15,./data/robustness/rotation/angle_m15/normalized_32x32/4/4_4_02_b6e2cbed_r04c02__rotation_angle_m15.npy,4,4,1,0.9999997428442251,-8.416163444519043,-3.2509639263153076,-3.4415104389190674,-10.507262229919434,13.830860137939453,-5.304589748382568,-6.963879108428955,-1.9801398515701294,-6.521142482757568,-3.107877731323242,rotation,-15deg
4_4_02_b6e2cbed_r04c03__rotation_angle_m15,./data/robustness/rotation/angle_m15/normalized_32x32/4/4_4_02_b6e2cbed_r04c03__rotation_angle_m15.npy,4,4,1,0.6528072978700834,-5.483789920806885,-1.7909950017929077,-4.195528030395508,-4.08160400390625,4.335169792175293,-3.6251730918884277,-6.3543291091918945,1.429343342781067,-4.423647880554199,3.5885276794433594,rotation,-15deg
4_4_02_b6e2cbed_r04c04__rotation_angle_m15,./data/robustness/rotation/angle_m15/normalized_32x32/4/4_4_02_b6e2cbed_r04c04__rotation_angle_m15.npy,4,4,1,0.9998798274646875,-6.37159538269043,-2.383479118347168,-3.815251588821411,-8.284197807312012,9.34595775604248,-2.859602212905884,-6.397582530975342,-0.7873477935791016,-5.323544979095459,-0.2993123233318329,rotation,-15deg
5_5_01_bb19e6ee_r01c01__rotation_angle_m15,./data/robustness/rotation/angle_m15/normalized_32x32/5/5_5_01_bb19e6ee_r01c01__rotation_angle_m15.npy,5,5,1,0.9989389100788825,-2.496267795562744,-7.730313301086426,-5.525619983673096,-0.6886775493621826,-2.2010369300842285,6.646507740020752,-3.157714366912842,-7.049428462982178,-2.725419282913208,-4.672296524047852,rotation,-15deg
5_5_01_bb19e6ee_r01c02__rotation_angle_m15,./data/robustness/rotation/angle_m15/normalized_32x32/5/5_5_01_bb19e6ee_r01c02__rotation_angle_m15.npy,5,5,1,0.9998364924191777,-3.748098134994507,-7.156067848205566,-7.952389717102051,-1.2186250686645508,-2.220848798751831,7.974853992462158,-3.7917158603668213,-7.018594264984131,-4.482887268066406,-4.441104888916016,rotation,-15deg
5_5_01_bb19e6ee_r01c03__rotation_angle_m15,./data/robustness/rotation/angle_m15/normalized_32x32/5/5_5_01_bb19e6ee_r01c03__rotation_angle_m15.npy,5,5,1,0.9998812002735104,-4.468665599822998,-9.91868782043457,-11.253236770629883,0.6097943782806396,-5.605175495147705,9.860756874084473,-7.006295680999756,-8.263445854187012,-3.662945032119751,-0.9293799996376038,rotation,-15deg
5_5_01_bb19e6ee_r01c04__rotation_angle_m15,./data/robustness/rotation/angle_m15/normalized_32x32/5/5_5_01_bb19e6ee_r01c04__rotation_angle_m15.npy,5,5,1,0.9999999799170947,-3.007068634033203,-14.248656272888184,-20.003459930419922,-2.6837048530578613,-8.473152160644531,16.223291397094727,-7.586917400360107,-9.745771408081055,-7.006111145019531,-2.2664549350738525,rotation,-15deg
5_5_01_bb19e6ee_r02c01__rotation_angle_m15,./data/robustness/rotation/angle_m15/normalized_32x32/5/5_5_01_bb19e6ee_r02c01__rotation_angle_m15.npy,5,5,1,0.9999741711518314,-3.9099280834198,-9.965811729431152,-10.937621116638184,0.017266422510147095,-4.971351623535156,10.701231956481934,-2.393376350402832,-9.768616676330566,-4.4912824630737305,-9.697792053222656,rotation,-15deg
5_5_01_bb19e6ee_r02c02__rotation_angle_m15,./data/robustness/rotation/angle_m15/normalized_32x32/5/5_5_01_bb19e6ee_r02c02__rotation_angle_m15.npy,5,5,1,0.9999974346137206,-4.0577521324157715,-11.69189167022705,-13.994983673095703,-1.5483999252319336,-6.99042272567749,12.465775489807129,-7.197020530700684,-8.886948585510254,-5.371286392211914,-0.8465579748153687,rotation,-15deg
5_5_01_bb19e6ee_r02c03__rotation_angle_m15,./data/robustness/rotation/angle_m15/normalized_32x32/5/5_5_01_bb19e6ee_r02c03__rotation_angle_m15.npy,5,5,1,0.9999985390679866,-6.871707439422607,-3.8807785511016846,-16.19399642944336,-4.239233016967773,-6.168246746063232,11.26827621459961,-3.2763895988464355,-6.2725911140441895,-3.32565975189209,-7.414409160614014,rotation,-15deg
5_5_01_bb19e6ee_r02c04__rotation_angle_m15,./data/robustness/rotation/angle_m15/normalized_32x32/5/5_5_01_bb19e6ee_r02c04__rotation_angle_m15.npy,5,5,1,0.9999999767022812,-6.404238224029541,-9.09071159362793,-18.290847778320312,-4.558379650115967,-10.440934181213379,15.019858360290527,-5.705953121185303,-8.798020362854004,-5.263087272644043,-2.8689889907836914,rotation,-15deg
5_5_01_bb19e6ee_r03c01__rotation_angle_m15,./data/robustness/rotation/angle_m15/normalized_32x32/5/5_5_01_bb19e6ee_r03c01__rotation_angle_m15.npy,5,5,1,0.9999996578529742,-7.226833820343018,-10.962194442749023,-21.689346313476562,-4.847736835479736,-10.041274070739746,15.9727783203125,-8.367085456848145,-9.705629348754883,-6.46589469909668,1.0812040567398071,rotation,-15deg
5_5_01_bb19e6ee_r03c02__rotation_angle_m15,./data/robustness/rotation/angle_m15/normalized_32x32/5/5_5_01_bb19e6ee_r03c02__rotation_angle_m15.npy,5,5,1,0.9999999999498614,-5.573155879974365,-11.920866012573242,-26.496170043945312,-6.773360729217529,-9.864371299743652,19.101327896118164,-5.845919609069824,-8.3287353515625,-8.093118667602539,-6.527019023895264,rotation,-15deg
5_5_01_bb19e6ee_r03c03__rotation_angle_m15,./data/robustness/rotation/angle_m15/normalized_32x32/5/5_5_01_bb19e6ee_r03c03__rotation_angle_m15.npy,5,5,1,0.9999999922941915,-2.796173572540283,-11.21052360534668,-24.776084899902344,-8.975262641906738,-7.25654411315918,16.543405532836914,-5.470556735992432,-9.095401763916016,-7.003056526184082,-2.980156183242798,rotation,-15deg
5_5_01_bb19e6ee_r03c04__rotation_angle_m15,./data/robustness/rotation/angle_m15/normalized_32x32/5/5_5_01_bb19e6ee_r03c04__rotation_angle_m15.npy,5,5,1,0.9999999570173917,-3.4855458736419678,-12.505684852600098,-16.589601516723633,-4.279379367828369,-8.041796684265137,14.757360458374023,-8.424298286437988,-9.811417579650879,-4.36544132232666,-2.9480607509613037,rotation,-15deg
5_5_01_bb19e6ee_r04c01__rotation_angle_m15,./data/robustness/rotation/angle_m15/normalized_32x32/5/5_5_01_bb19e6ee_r04c01__rotation_angle_m15.npy,5,5,1,0.9999326655165922,-2.2241969108581543,-6.311626434326172,-13.395442008972168,-3.702810049057007,-4.84759521484375,8.844536781311035,-2.819434642791748,-3.9061574935913086,-5.362576007843018,-1.4264025688171387,rotation,-15deg
5_5_01_bb19e6ee_r04c02__rotation_angle_m15,./data/robustness/rotation/angle_m15/normalized_32x32/5/5_5_01_bb19e6ee_r04c02__rotation_angle_m15.npy,5,5,1,0.9999999992586386,-1.9972851276397705,-12.142342567443848,-29.95380210876465,-11.456524848937988,-8.649757385253906,19.1315860748291,-4.25453519821167,-8.56100082397461,-9.866193771362305,-7.43276309967041,rotation,-15deg
5_5_01_bb19e6ee_r04c03__rotation_angle_m15,./data/robustness/rotation/angle_m15/normalized_32x32/5/5_5_01_bb19e6ee_r04c03__rotation_angle_m15.npy,5,5,1,0.999999997478412,-1.1299686431884766,-12.361499786376953,-29.812002182006836,-12.359138488769531,-8.695412635803223,18.7239990234375,-4.042908668518066,-8.861387252807617,-9.849364280700684,-7.5057220458984375,rotation,-15deg
5_5_01_bb19e6ee_r04c04__rotation_angle_m15,./data/robustness/rotation/angle_m15/normalized_32x32/5/5_5_01_bb19e6ee_r04c04__rotation_angle_m15.npy,5,5,1,0.999860081080359,-4.207894802093506,-8.428659439086914,-9.28707504272461,-6.993275165557861,-1.9011632204055786,8.979825019836426,-4.876949787139893,-8.711183547973633,-0.06405723094940186,-9.950138092041016,rotation,-15deg
5_5_02_f20420ee_r01c01__rotation_angle_m15,./data/robustness/rotation/angle_m15/normalized_32x32/5/5_5_02_f20420ee_r01c01__rotation_angle_m15.npy,5,5,1,0.9944927581604398,-2.4069435596466064,-5.252731800079346,-3.880462169647217,-1.4513663053512573,-1.690108060836792,4.979827404022217,-1.7169480323791504,-4.313641548156738,-2.625401496887207,-5.233091354370117,rotation,-15deg
5_5_02_f20420ee_r01c02__rotation_angle_m15,./data/robustness/rotation/angle_m15/normalized_32x32/5/5_5_02_f20420ee_r01c02__rotation_angle_m15.npy,5,5,1,0.9997804948761644,-3.616856575012207,-6.387222766876221,-8.614984512329102,-1.4002416133880615,-2.0918991565704346,7.776846885681152,-3.5381977558135986,-6.87028169631958,-3.3100576400756836,-2.8431947231292725,rotation,-15deg
5_5_02_f20420ee_r01c03__rotation_angle_m15,./data/robustness/rotation/angle_m15/normalized_32x32/5/5_5_02_f20420ee_r01c03__rotation_angle_m15.npy,5,5,1,0.9999938462191968,-2.8787784576416016,-4.653405666351318,-16.0686092376709,-6.1663031578063965,-4.773160934448242,10.534270286560059,-3.072096109390259,-4.417088985443115,-2.963212013244629,-3.102443218231201,rotation,-15deg
5_5_02_f20420ee_r01c04__rotation_angle_m15,./data/robustness/rotation/angle_m15/normalized_32x32/5/5_5_02_f20420ee_r01c04__rotation_angle_m15.npy,5,5,1,0.9999592701446971,-2.75396728515625,-7.372594833374023,-11.664909362792969,-1.2735649347305298,-4.177993297576904,9.385514259338379,-2.471860647201538,-7.365767955780029,-3.762880802154541,-4.042871475219727,rotation,-15deg
5_5_02_f20420ee_r02c01__rotation_angle_m15,./data/robustness/rotation/angle_m15/normalized_32x32/5/5_5_02_f20420ee_r02c01__rotation_angle_m15.npy,5,5,1,0.9999979079480428,-3.419384002685547,-9.455864906311035,-14.20815372467041,-2.672454833984375,-6.3130412101745605,11.587930679321289,-5.539494514465332,-5.635599136352539,-5.1388163566589355,-2.2216274738311768,rotation,-15deg
5_5_02_f20420ee_r02c02__rotation_angle_m15,./data/robustness/rotation/angle_m15/normalized_32x32/5/5_5_02_f20420ee_r02c02__rotation_angle_m15.npy,5,5,1,0.999997664828779,-6.367297649383545,-9.02780818939209,-15.636616706848145,-2.3146142959594727,-5.185826301574707,11.918904304504395,-3.8017585277557373,-9.13776969909668,-1.5069208145141602,-8.57019329071045,rotation,-15deg
5_5_02_f20420ee_r02c03__rotation_angle_m15,./data/robustness/rotation/angle_m15/normalized_32x32/5/5_5_02_f20420ee_r02c03__rotation_angle_m15.npy,5,5,1,0.9993487479164817,-5.095351696014404,-3.890599489212036,-11.377859115600586,-0.13406449556350708,-11.234354019165039,7.326834201812744,-6.238105297088623,-2.918610095977783,-3.506650686264038,-5.562960147857666,rotation,-15deg
5_5_02_f20420ee_r02c04__rotation_angle_m15,./data/robustness/rotation/angle_m15/normalized_32x32/5/5_5_02_f20420ee_r02c04__rotation_angle_m15.npy,5,5,1,0.9999013095306041,-5.725332260131836,-5.6081438064575195,-16.142698287963867,-1.4527331590652466,-9.746915817260742,8.85053539276123,-6.833036422729492,-3.354719638824463,-1.321199655532837,-1.9309402704238892,rotation,-15deg
5_5_02_f20420ee_r03c01__rotation_angle_m15,./data/robustness/rotation/angle_m15/normalized_32x32/5/5_5_02_f20420ee_r03c01__rotation_angle_m15.npy,5,5,1,0.9999998762952418,-7.7569146156311035,-12.261554718017578,-20.566917419433594,-5.633048057556152,-9.464330673217773,16.322315216064453,-9.97250747680664,-10.05759048461914,-3.83453106880188,0.399804949760437,rotation,-15deg
5_5_02_f20420ee_r03c02__rotation_angle_m15,./data/robustness/rotation/angle_m15/normalized_32x32/5/5_5_02_f20420ee_r03c02__rotation_angle_m15.npy,5,5,1,0.9999999994605664,-8.294809341430664,-13.95620059967041,-28.615232467651367,-5.75685977935791,-13.125536918640137,20.835296630859375,-9.058005332946777,-12.584755897521973,-6.901427745819092,-0.5127575397491455,rotation,-15deg
5_5_02_f20420ee_r03c03__rotation_angle_m15,./data/robustness/rotation/angle_m15/normalized_32x32/5/5_5_02_f20420ee_r03c03__rotation_angle_m15.npy,5,5,1,0.9999999801392696,-2.896517753601074,-13.019813537597656,-22.61372184753418,-4.550448894500732,-9.486721992492676,16.170995712280273,-6.374964714050293,-8.644062042236328,-7.621896743774414,-1.9577808380126953,rotation,-15deg
5_5_02_f20420ee_r03c04__rotation_angle_m15,./data/robustness/rotation/angle_m15/normalized_32x32/5/5_5_02_f20420ee_r03c04__rotation_angle_m15.npy,5,5,1,0.9999997775460636,-4.600844383239746,-10.41812515258789,-19.644617080688477,-4.103991508483887,-7.621135234832764,14.069941520690918,-5.335433483123779,-6.945602893829346,-6.566123962402344,-1.3757611513137817,rotation,-15deg
5_5_02_f20420ee_r04c01__rotation_angle_m15,./data/robustness/rotation/angle_m15/normalized_32x32/5/5_5_02_f20420ee_r04c01__rotation_angle_m15.npy,5,5,1,0.9999999964821429,-6.17962121963501,-11.786959648132324,-19.407739639282227,-3.9634664058685303,-7.998065948486328,16.1448974609375,-5.257481575012207,-9.91565990447998,-7.731800079345703,-4.707686424255371,rotation,-15deg
5_5_02_f20420ee_r04c02__rotation_angle_m15,./data/robustness/rotation/angle_m15/normalized_32x32/5/5_5_02_f20420ee_r04c02__rotation_angle_m15.npy,5,5,1,0.9999999739073657,-3.919099807739258,-9.71978759765625,-20.14358139038086,-4.937201023101807,-11.021812438964844,15.086185455322266,-6.815993785858154,-8.073790550231934,-7.434833526611328,-2.750957489013672,rotation,-15deg
5_5_02_f20420ee_r04c03__rotation_angle_m15,./data/robustness/rotation/angle_m15/normalized_32x32/5/5_5_02_f20420ee_r04c03__rotation_angle_m15.npy,5,5,1,0.9999999823194633,-5.997450351715088,-12.340532302856445,-23.130836486816406,-4.958058834075928,-10.426679611206055,17.43114471435547,-8.508827209472656,-11.164827346801758,-6.353277206420898,-0.4373120069503784,rotation,-15deg
5_5_02_f20420ee_r04c04__rotation_angle_m15,./data/robustness/rotation/angle_m15/normalized_32x32/5/5_5_02_f20420ee_r04c04__rotation_angle_m15.npy,5,5,1,0.9999999981708896,-6.8184309005737305,-13.275940895080566,-22.094507217407227,-5.364341735839844,-6.859212875366211,17.67642593383789,-7.846816539764404,-12.852669715881348,-4.814318656921387,-2.637120008468628,rotation,-15deg
6_6_01_52f5f834_r01c01__rotation_angle_m15,./data/robustness/rotation/angle_m15/normalized_32x32/6/6_6_01_52f5f834_r01c01__rotation_angle_m15.npy,6,6,1,0.7986201637037326,-1.3913030624389648,-4.0247039794921875,-1.4951891899108887,-2.62406849861145,-0.748440682888031,2.24654221534729,3.7376439571380615,-6.340332508087158,-2.5806429386138916,-3.8385555744171143,rotation,-15deg
6_6_01_52f5f834_r01c02__rotation_angle_m15,./data/robustness/rotation/angle_m15/normalized_32x32/6/6_6_01_52f5f834_r01c02__rotation_angle_m15.npy,6,6,1,0.8392127145855766,-0.30544427037239075,-5.377153396606445,-5.098423480987549,-2.3606271743774414,-3.655531167984009,2.6574289798736572,4.446074962615967,-7.692025661468506,0.17879393696784973,-4.033384323120117,rotation,-15deg
6_6_01_52f5f834_r01c03__rotation_angle_m15,./data/robustness/rotation/angle_m15/normalized_32x32/6/6_6_01_52f5f834_r01c03__rotation_angle_m15.npy,6,6,1,0.7532619253441747,-1.1459249258041382,-8.731334686279297,-8.547855377197266,-4.4508891105651855,-3.680433750152588,6.13275671005249,7.249666213989258,-12.861660957336426,-3.8234879970550537,-5.920257568359375,rotation,-15deg
6_6_01_52f5f834_r01c04__rotation_angle_m15,./data/robustness/rotation/angle_m15/normalized_32x32/6/6_6_01_52f5f834_r01c04__rotation_angle_m15.npy,6,6,1,0.9994643680725148,-1.2410335540771484,-7.7984185218811035,-5.809634208679199,-2.787158489227295,-3.351064920425415,1.9761569499969482,9.574329376220703,-13.564932823181152,-2.224905252456665,-11.643423080444336,rotation,-15deg
6_6_01_52f5f834_r02c01__rotation_angle_m15,./data/robustness/rotation/angle_m15/normalized_32x32/6/6_6_01_52f5f834_r02c01__rotation_angle_m15.npy,6,6,1,0.9968920307593353,-0.14966031908988953,-6.0939178466796875,-4.240921974182129,-3.7840070724487305,-2.1728310585021973,1.5114684104919434,7.484905242919922,-7.775882244110107,-5.449446678161621,-9.530113220214844,rotation,-15deg
6_6_01_52f5f834_r02c02__rotation_angle_m15,./data/robustness/rotation/angle_m15/normalized_32x32/6/6_6_01_52f5f834_r02c02__rotation_angle_m15.npy,6,6,1,0.9920340189151888,-1.169734239578247,-5.695692539215088,-3.4825873374938965,-4.558409214019775,-0.6414003968238831,2.246157169342041,7.160971164703369,-9.630395889282227,-4.555581569671631,-7.883449077606201,rotation,-15deg
6_6_01_52f5f834_r02c03__rotation_angle_m15,./data/robustness/rotation/angle_m15/normalized_32x32/6/6_6_01_52f5f834_r02c03__rotation_angle_m15.npy,6,6,1,0.7191472867421556,0.12387509644031525,-6.771923542022705,-3.1416280269622803,-0.4443131685256958,-4.009121417999268,3.5272417068481445,4.521838188171387,-7.539744853973389,-2.877932548522949,-4.748128890991211,rotation,-15deg
6_6_01_52f5f834_r02c04__rotation_angle_m15,./data/robustness/rotation/angle_m15/normalized_32x32/6/6_6_01_52f5f834_r02c04__rotation_angle_m15.npy,6,6,1,0.6803530248640993,-1.1266286373138428,-8.430222511291504,-6.320206165313721,-3.244345188140869,-3.325380563735962,5.188124179840088,5.94594669342041,-11.08484935760498,-3.6423306465148926,-4.8111467361450195,rotation,-15deg
6_6_01_52f5f834_r03c01__rotation_angle_m15,./data/robustness/rotation/angle_m15/normalized_32x32/6/6_6_01_52f5f834_r03c01__rotation_angle_m15.npy,6,6,1,0.9862616853958771,5.538829803466797,-10.498180389404297,-14.648306846618652,-6.906946182250977,-8.465836524963379,4.035491466522217,10.013374328613281,-9.709670066833496,-7.334177494049072,-11.59782886505127,rotation,-15deg
6_6_01_52f5f834_r03c02__rotation_angle_m15,./data/robustness/rotation/angle_m15/normalized_32x32/6/6_6_01_52f5f834_r03c02__rotation_angle_m15.npy,6,6,1,0.989284005677646,2.933363676071167,-9.780975341796875,-10.23273754119873,-4.452949523925781,-7.738256931304932,4.238049507141113,9.00347900390625,-9.860339164733887,-5.718833923339844,-8.375137329101562,rotation,-15deg
6_6_01_52f5f834_r03c03__rotation_angle_m15,./data/robustness/rotation/angle_m15/normalized_32x32/6/6_6_01_52f5f834_r03c03__rotation_angle_m15.npy,6,5,0,0.8434459438900617,-1.0608928203582764,-8.236504554748535,-10.881353378295898,-2.5087814331054688,-6.355840682983398,6.414229869842529,4.725697994232178,-9.940897941589355,-2.694648504257202,-5.393623352050781,rotation,-15deg
6_6_01_52f5f834_r03c04__rotation_angle_m15,./data/robustness/rotation/angle_m15/normalized_32x32/6/6_6_01_52f5f834_r03c04__rotation_angle_m15.npy,6,5,0,0.9918905833621346,1.4424512386322021,-11.374166488647461,-13.469634056091309,-1.7428826093673706,-7.03264045715332,7.589109420776367,2.461087942123413,-7.923399925231934,-3.9931674003601074,-4.10972785949707,rotation,-15deg
6_6_01_52f5f834_r04c01__rotation_angle_m15,./data/robustness/rotation/angle_m15/normalized_32x32/6/6_6_01_52f5f834_r04c01__rotation_angle_m15.npy,6,6,1,0.9994547681219148,4.587818622589111,-12.084461212158203,-11.731189727783203,-5.732911586761475,-8.359227180480957,2.117020845413208,12.182755470275879,-13.340775489807129,-6.437812805175781,-13.58470630645752,rotation,-15deg
6_6_01_52f5f834_r04c02__rotation_angle_m15,./data/robustness/rotation/angle_m15/normalized_32x32/6/6_6_01_52f5f834_r04c02__rotation_angle_m15.npy,6,6,1,0.9634646725248015,0.6290237903594971,-5.85465669631958,-12.483613967895508,-7.13847541809082,-5.208822250366211,4.391657829284668,7.687309741973877,-8.382166862487793,-3.7130327224731445,-5.987178802490234,rotation,-15deg
6_6_01_52f5f834_r04c03__rotation_angle_m15,./data/robustness/rotation/angle_m15/normalized_32x32/6/6_6_01_52f5f834_r04c03__rotation_angle_m15.npy,6,5,0,0.9931748139921953,-3.8402771949768066,-11.280984878540039,-16.501752853393555,-3.2877230644226074,-10.326079368591309,8.829141616821289,3.8440403938293457,-13.006535530090332,-1.8923335075378418,-4.145562648773193,rotation,-15deg
6_6_01_52f5f834_r04c04__rotation_angle_m15,./data/robustness/rotation/angle_m15/normalized_32x32/6/6_6_01_52f5f834_r04c04__rotation_angle_m15.npy,6,5,0,0.7123447629315118,0.517632246017456,-8.039400100708008,-11.577323913574219,-2.7570085525512695,-7.798946857452393,5.008225917816162,4.071081638336182,-7.328049659729004,-3.4041390419006348,-3.5089190006256104,rotation,-15deg
6_6_02_ad596076_r01c01__rotation_angle_m15,./data/robustness/rotation/angle_m15/normalized_32x32/6/6_6_02_ad596076_r01c01__rotation_angle_m15.npy,6,6,1,0.9796633460346595,-1.3741543292999268,-4.97287654876709,-2.1746957302093506,-2.404494524002075,-1.6760244369506836,1.9584559202194214,5.9275007247924805,-8.510574340820312,-3.028207302093506,-6.899862766265869,rotation,-15deg
6_6_02_ad596076_r01c02__rotation_angle_m15,./data/robustness/rotation/angle_m15/normalized_32x32/6/6_6_02_ad596076_r01c02__rotation_angle_m15.npy,6,6,1,0.8776334118643818,-2.839609146118164,-0.4323488473892212,-2.5420758724212646,-3.903735876083374,-1.0258092880249023,2.3232204914093018,4.405728340148926,-6.375650405883789,-3.1424131393432617,-5.6326799392700195,rotation,-15deg
6_6_02_ad596076_r01c03__rotation_angle_m15,./data/robustness/rotation/angle_m15/normalized_32x32/6/6_6_02_ad596076_r01c03__rotation_angle_m15.npy,6,6,1,0.9953465770707998,0.3321878910064697,-8.644977569580078,-4.820411682128906,-3.3995447158813477,-3.6103625297546387,3.2220804691314697,8.64714527130127,-13.20969009399414,-2.567131519317627,-8.693363189697266,rotation,-15deg
6_6_02_ad596076_r01c04__rotation_angle_m15,./data/robustness/rotation/angle_m15/normalized_32x32/6/6_6_02_ad596076_r01c04__rotation_angle_m15.npy,6,6,1,0.9759981897372179,-0.9269898533821106,-7.02509880065918,-2.8009026050567627,-2.4338366985321045,-2.431112051010132,3.0578603744506836,6.793901443481445,-10.438521385192871,-3.502256393432617,-7.57214879989624,rotation,-15deg
6_6_02_ad596076_r02c01__rotation_angle_m15,./data/robustness/rotation/angle_m15/normalized_32x32/6/6_6_02_ad596076_r02c01__rotation_angle_m15.npy,6,6,1,0.6192926097958962,-0.3954860270023346,-5.971860885620117,-10.143746376037598,-5.716318607330322,-3.830148220062256,4.835391044616699,5.328369617462158,-7.527970314025879,-2.3133835792541504,-4.432246208190918,rotation,-15deg
6_6_02_ad596076_r02c02__rotation_angle_m15,./data/robustness/rotation/angle_m15/normalized_32x32/6/6_6_02_ad596076_r02c02__rotation_angle_m15.npy,6,6,1,0.5977251215082776,-1.0509707927703857,-6.2212371826171875,-7.974900722503662,-3.8780806064605713,-1.8081854581832886,5.101240158081055,5.501059055328369,-9.545403480529785,-2.49530291557312,-4.604029178619385,rotation,-15deg
6_6_02_ad596076_r02c03__rotation_angle_m15,./data/robustness/rotation/angle_m15/normalized_32x32/6/6_6_02_ad596076_r02c03__rotation_angle_m15.npy,6,6,1,0.939910895242903,0.1276538223028183,-6.588942527770996,-4.495181083679199,-2.8653225898742676,-2.3568100929260254,3.292816638946533,6.092460632324219,-9.074535369873047,-2.7284739017486572,-5.2059502601623535,rotation,-15deg
6_6_02_ad596076_r02c04__rotation_angle_m15,./data/robustness/rotation/angle_m15/normalized_32x32/6/6_6_02_ad596076_r02c04__rotation_angle_m15.npy,6,6,1,0.999468839852838,-1.0945193767547607,-10.879523277282715,-4.9057111740112305,-4.308714389801025,-1.1379287242889404,3.510960578918457,11.070877075195312,-15.411149978637695,-8.06888198852539,-11.849656105041504,rotation,-15deg
6_6_02_ad596076_r03c01__rotation_angle_m15,./data/robustness/rotation/angle_m15/normalized_32x32/6/6_6_02_ad596076_r03c01__rotation_angle_m15.npy,6,6,1,0.9444010783196806,4.182106018066406,-12.87939453125,-6.304803371429443,-2.342212438583374,-6.138636112213135,4.550336837768555,7.909318447113037,-13.530186653137207,-4.340541839599609,-7.920968532562256,rotation,-15deg
6_6_02_ad596076_r03c02__rotation_angle_m15,./data/robustness/rotation/angle_m15/normalized_32x32/6/6_6_02_ad596076_r03c02__rotation_angle_m15.npy,6,0,0,0.958194248352845,9.530407905578613,-11.910388946533203,-12.605026245117188,-6.746220588684082,-8.375046730041504,0.9795929789543152,6.393936634063721,-7.2916154861450195,-6.497467994689941,-5.576066493988037,rotation,-15deg
6_6_02_ad596076_r03c03__rotation_angle_m15,./data/robustness/rotation/angle_m15/normalized_32x32/6/6_6_02_ad596076_r03c03__rotation_angle_m15.npy,6,6,1,0.8952812438008242,5.172189235687256,-10.106658935546875,-10.090981483459473,-4.9275970458984375,-6.979567050933838,2.5576260089874268,7.388768672943115,-8.507791519165039,-5.480422496795654,-6.440487861633301,rotation,-15deg
6_6_02_ad596076_r03c04__rotation_angle_m15,./data/robustness/rotation/angle_m15/normalized_32x32/6/6_6_02_ad596076_r03c04__rotation_angle_m15.npy,6,0,0,0.709941003731103,5.260659694671631,-8.56377124786377,-16.239627838134766,-5.2062907218933105,-11.099648475646973,4.178304672241211,2.5910937786102295,-2.8129918575286865,-6.691326141357422,-3.6052350997924805,rotation,-15deg
6_6_02_ad596076_r04c01__rotation_angle_m15,./data/robustness/rotation/angle_m15/normalized_32x32/6/6_6_02_ad596076_r04c01__rotation_angle_m15.npy,6,6,1,0.9904822210589426,1.915634036064148,-6.26702880859375,-10.747419357299805,-6.852323532104492,-4.399379730224609,3.1523988246917725,8.053449630737305,-8.56225299835205,-4.127715587615967,-5.986155033111572,rotation,-15deg
6_6_02_ad596076_r04c02__rotation_angle_m15,./data/robustness/rotation/angle_m15/normalized_32x32/6/6_6_02_ad596076_r04c02__rotation_angle_m15.npy,6,6,1,0.9389649204610719,6.501425743103027,-12.174383163452148,-13.366364479064941,-5.716346263885498,-9.083520889282227,3.0685622692108154,9.266546249389648,-10.575723648071289,-6.60987663269043,-8.284026145935059,rotation,-15deg
6_6_02_ad596076_r04c03__rotation_angle_m15,./data/robustness/rotation/angle_m15/normalized_32x32/6/6_6_02_ad596076_r04c03__rotation_angle_m15.npy,6,5,0,0.9476653274766318,1.0319921970367432,-12.545282363891602,-16.863529205322266,-3.5030174255371094,-10.547032356262207,8.778800010681152,5.874486446380615,-11.862271308898926,-4.8811259269714355,-5.666452407836914,rotation,-15deg
6_6_02_ad596076_r04c04__rotation_angle_m15,./data/robustness/rotation/angle_m15/normalized_32x32/6/6_6_02_ad596076_r04c04__rotation_angle_m15.npy,6,5,0,0.9978569729857791,-1.5096180438995361,-14.017780303955078,-13.939383506774902,-0.6423332691192627,-9.219223022460938,9.935103416442871,3.773574113845825,-15.720800399780273,-3.1609201431274414,-4.915254592895508,rotation,-15deg
7_7_01_254ebf4a_r01c01__rotation_angle_m15,./data/robustness/rotation/angle_m15/normalized_32x32/7/7_7_01_254ebf4a_r01c01__rotation_angle_m15.npy,7,7,1,0.9707830004678778,-2.357520818710327,-0.030299633741378784,0.39454036951065063,-3.8791816234588623,-2.5883541107177734,-3.5863239765167236,-6.636247158050537,4.619527816772461,-2.7365827560424805,-1.155090093612671,rotation,-15deg
7_7_01_254ebf4a_r01c02__rotation_angle_m15,./data/robustness/rotation/angle_m15/normalized_32x32/7/7_7_01_254ebf4a_r01c02__rotation_angle_m15.npy,7,7,1,0.9988746863241851,-5.617039680480957,0.7832913994789124,-0.8172649145126343,-5.0568952560424805,-3.4989728927612305,-7.1674346923828125,-12.01844310760498,7.940469264984131,-4.604198932647705,-0.7279736995697021,rotation,-15deg
7_7_01_254ebf4a_r01c03__rotation_angle_m15,./data/robustness/rotation/angle_m15/normalized_32x32/7/7_7_01_254ebf4a_r01c03__rotation_angle_m15.npy,7,7,1,0.9996297594148901,-8.639532089233398,0.8143638372421265,-0.16177168488502502,-3.8626317977905273,-2.1115798950195312,-6.463387489318848,-14.164116859436035,9.148828506469727,-7.351563930511475,-1.4696580171585083,rotation,-15deg
7_7_01_254ebf4a_r01c04__rotation_angle_m15,./data/robustness/rotation/angle_m15/normalized_32x32/7/7_7_01_254ebf4a_r01c04__rotation_angle_m15.npy,7,7,1,0.9999997076945333,-11.512930870056152,-3.378641366958618,-4.629122257232666,-4.609650135040283,-2.4116158485412598,-6.807615756988525,-15.909042358398438,13.19528579711914,-9.332426071166992,-4.380252361297607,rotation,-15deg
7_7_01_254ebf4a_r02c01__rotation_angle_m15,./data/robustness/rotation/angle_m15/normalized_32x32/7/7_7_01_254ebf4a_r02c01__rotation_angle_m15.npy,7,7,1,0.998607828246728,-8.024555206298828,-1.590117335319519,-2.288829803466797,-3.5868825912475586,0.9404001235961914,-5.924746990203857,-10.345088005065918,7.745509147644043,-4.3051438331604,-1.166281819343567,rotation,-15deg
7_7_01_254ebf4a_r02c02__rotation_angle_m15,./data/robustness/rotation/angle_m15/normalized_32x32/7/7_7_01_254ebf4a_r02c02__rotation_angle_m15.npy,7,7,1,0.999509070310581,-4.648707866668701,-0.5702139139175415,-1.307269811630249,-5.325999736785889,-2.258382797241211,-5.238471508026123,-10.008258819580078,7.8031182289123535,-3.957566261291504,-1.5000710487365723,rotation,-15deg
7_7_01_254ebf4a_r02c03__rotation_angle_m15,./data/robustness/rotation/angle_m15/normalized_32x32/7/7_7_01_254ebf4a_r02c03__rotation_angle_m15.npy,7,7,1,0.9999602724035422,-8.826114654541016,-1.1652958393096924,-1.8258419036865234,-5.458930015563965,-1.0524704456329346,-7.799314498901367,-13.886459350585938,10.275867462158203,-7.154592990875244,-1.1223831176757812,rotation,-15deg
7_7_01_254ebf4a_r02c04__rotation_angle_m15,./data/robustness/rotation/angle_m15/normalized_32x32/7/7_7_01_254ebf4a_r02c04__rotation_angle_m15.npy,7,7,1,0.999999662386294,-6.346987247467041,-7.423147678375244,-10.32795524597168,-3.3572089672088623,-4.442744731903076,-4.365288257598877,-9.704623222351074,12.286787986755371,-9.247596740722656,-4.478307723999023,rotation,-15deg
7_7_01_254ebf4a_r03c01__rotation_angle_m15,./data/robustness/rotation/angle_m15/normalized_32x32/7/7_7_01_254ebf4a_r03c01__rotation_angle_m15.npy,7,7,1,0.9997174269743717,-5.889820575714111,-1.8871660232543945,-2.609914779663086,-4.224717140197754,-1.4736994504928589,-6.384113788604736,-10.64758014678955,8.450881004333496,-5.666818141937256,-0.16735176742076874,rotation,-15deg
7_7_01_254ebf4a_r03c02__rotation_angle_m15,./data/robustness/rotation/angle_m15/normalized_32x32/7/7_7_01_254ebf4a_r03c02__rotation_angle_m15.npy,7,7,1,0.9996891150410875,-5.170748710632324,0.06473404169082642,-1.2367945909500122,-5.4187846183776855,-2.875476837158203,-6.084439754486084,-10.72404956817627,8.493768692016602,-4.113399505615234,-2.5696053504943848,rotation,-15deg
7_7_01_254ebf4a_r03c03__rotation_angle_m15,./data/robustness/rotation/angle_m15/normalized_32x32/7/7_7_01_254ebf4a_r03c03__rotation_angle_m15.npy,7,7,1,0.9988592893622298,-5.197140693664551,0.40449705719947815,0.7370982766151428,-6.143192291259766,-4.677513122558594,-6.7721710205078125,-11.194177627563477,8.086193084716797,-2.506847620010376,-3.787158966064453,rotation,-15deg
7_7_01_254ebf4a_r03c04__rotation_angle_m15,./data/robustness/rotation/angle_m15/normalized_32x32/7/7_7_01_254ebf4a_r03c04__rotation_angle_m15.npy,7,7,1,0.9996972508043734,-6.580841541290283,0.5294294357299805,-2.8219845294952393,-5.118066787719727,-2.416163444519043,-6.05267858505249,-11.697951316833496,8.836063385009766,-5.798635959625244,-1.4987105131149292,rotation,-15deg
7_7_01_254ebf4a_r04c01__rotation_angle_m15,./data/robustness/rotation/angle_m15/normalized_32x32/7/7_7_01_254ebf4a_r04c01__rotation_angle_m15.npy,7,7,1,0.9992628228843102,-5.756289958953857,-0.2915274202823639,-3.2270588874816895,-4.673169136047363,-1.557046890258789,-5.271634578704834,-10.468963623046875,7.7264533042907715,-5.127129554748535,-0.42823201417922974,rotation,-15deg
7_7_01_254ebf4a_r04c02__rotation_angle_m15,./data/robustness/rotation/angle_m15/normalized_32x32/7/7_7_01_254ebf4a_r04c02__rotation_angle_m15.npy,7,7,1,0.9972281966506564,-3.4939823150634766,0.9531479477882385,-1.4718191623687744,-5.837712287902832,-3.826199531555176,-6.165850639343262,-10.22711181640625,7.048352241516113,-2.7747316360473633,-1.362013816833496,rotation,-15deg
7_7_01_254ebf4a_r04c03__rotation_angle_m15,./data/robustness/rotation/angle_m15/normalized_32x32/7/7_7_01_254ebf4a_r04c03__rotation_angle_m15.npy,7,7,1,0.9741239617854668,-2.415248394012451,1.7638437747955322,-1.522202491760254,-5.458463191986084,-4.737788677215576,-5.0766072273254395,-8.266407012939453,5.4860968589782715,-1.8748548030853271,-2.3558404445648193,rotation,-15deg
7_7_01_254ebf4a_r04c04__rotation_angle_m15,./data/robustness/rotation/angle_m15/normalized_32x32/7/7_7_01_254ebf4a_r04c04__rotation_angle_m15.npy,7,7,1,0.9999765954580695,-7.26487922668457,-1.4610421657562256,-3.0095250606536865,-5.298820972442627,-1.9668331146240234,-7.272149085998535,-12.948134422302246,10.180599212646484,-6.025453567504883,-1.6736894845962524,rotation,-15deg
7_7_02_923c5b16_r01c01__rotation_angle_m15,./data/robustness/rotation/angle_m15/normalized_32x32/7/7_7_02_923c5b16_r01c01__rotation_angle_m15.npy,7,7,1,0.9978784868398699,-5.174566745758057,-0.30249232053756714,-1.2131404876708984,-3.9242444038391113,-1.6661794185638428,-4.840285301208496,-9.207901000976562,6.691712856292725,-4.671964168548584,-0.8097690343856812,rotation,-15deg
7_7_02_923c5b16_r01c02__rotation_angle_m15,./data/robustness/rotation/angle_m15/normalized_32x32/7/7_7_02_923c5b16_r01c02__rotation_angle_m15.npy,7,7,1,0.9992374742182202,-6.1833391189575195,1.002670168876648,-1.873997688293457,-5.111666202545166,-3.0224385261535645,-6.679641246795654,-11.854565620422363,8.426544189453125,-4.972891807556152,-0.6145945191383362,rotation,-15deg
7_7_02_923c5b16_r01c03__rotation_angle_m15,./data/robustness/rotation/angle_m15/normalized_32x32/7/7_7_02_923c5b16_r01c03__rotation_angle_m15.npy,7,7,1,0.999994405703641,-7.091931343078613,-5.472307205200195,-3.9044971466064453,-4.590224266052246,-1.0105563402175903,-7.3758463859558105,-11.532953262329102,11.357230186462402,-8.32108211517334,-2.5441091060638428,rotation,-15deg
7_7_02_923c5b16_r01c04__rotation_angle_m15,./data/robustness/rotation/angle_m15/normalized_32x32/7/7_7_02_923c5b16_r01c04__rotation_angle_m15.npy,7,7,1,0.9999929233333013,-7.190922260284424,-6.083504676818848,-5.5163187980651855,-4.843905448913574,-1.0139089822769165,-8.196066856384277,-11.668745994567871,11.654876708984375,-9.447774887084961,-0.8266454935073853,rotation,-15deg
7_7_02_923c5b16_r02c01__rotation_angle_m15,./data/robustness/rotation/angle_m15/normalized_32x32/7/7_7_02_923c5b16_r02c01__rotation_angle_m15.npy,7,7,1,0.9998862146392543,-7.470721244812012,-3.599654197692871,-4.546471118927002,-2.7691874504089355,-1.2109079360961914,-5.774333477020264,-10.287353515625,8.642232894897461,-5.996769428253174,-1.4271016120910645,rotation,-15deg
7_7_02_923c5b16_r02c02__rotation_angle_m15,./data/robustness/rotation/angle_m15/normalized_32x32/7/7_7_02_923c5b16_r02c02__rotation_angle_m15.npy,7,7,1,0.9968463045419009,-10.861693382263184,-0.5872021913528442,-3.462291955947876,-0.46305567026138306,2.085705041885376,-6.937317371368408,-13.219091415405273,8.074917793273926,-7.2358012199401855,-0.10995487123727798,rotation,-15deg
7_7_02_923c5b16_r02c03__rotation_angle_m15,./data/robustness/rotation/angle_m15/normalized_32x32/7/7_7_02_923c5b16_r02c03__rotation_angle_m15.npy,7,7,1,0.9963442353120695,-5.662137508392334,0.974798321723938,-0.7479599714279175,-3.230184555053711,-2.1119697093963623,-5.099061965942383,-9.681414604187012,6.844042778015137,-4.279726028442383,-2.0047240257263184,rotation,-15deg
7_7_02_923c5b16_r02c04__rotation_angle_m15,./data/robustness/rotation/angle_m15/normalized_32x32/7/7_7_02_923c5b16_r02c04__rotation_angle_m15.npy,7,7,1,0.9989000296306748,-8.758561134338379,-0.07120835781097412,-0.6572202444076538,-1.676658034324646,-0.64466392993927,-5.661680221557617,-12.526535034179688,7.6983418464660645,-6.773682117462158,-1.3409854173660278,rotation,-15deg
7_7_02_923c5b16_r03c01__rotation_angle_m15,./data/robustness/rotation/angle_m15/normalized_32x32/7/7_7_02_923c5b16_r03c01__rotation_angle_m15.npy,7,7,1,0.9992605710261118,-6.326359272003174,-0.37977173924446106,-1.7654657363891602,-3.1702370643615723,-2.2615907192230225,-6.582065582275391,-10.85038948059082,7.6422576904296875,-4.314737796783447,-0.6451699733734131,rotation,-15deg
7_7_02_923c5b16_r03c02__rotation_angle_m15,./data/robustness/rotation/angle_m15/normalized_32x32/7/7_7_02_923c5b16_r03c02__rotation_angle_m15.npy,7,7,1,0.9999842091093106,-7.287859916687012,-2.1912264823913574,-2.3433797359466553,-5.998012542724609,-1.950352430343628,-8.180770874023438,-13.352645874023438,10.573145866394043,-6.389919757843018,-1.3399900197982788,rotation,-15deg
7_7_02_923c5b16_r03c03__rotation_angle_m15,./data/robustness/rotation/angle_m15/normalized_32x32/7/7_7_02_923c5b16_r03c03__rotation_angle_m15.npy,7,7,1,0.9996145532013414,-6.861749172210693,-1.40530526638031,-4.237598419189453,-4.785184860229492,-1.1032530069351196,-6.795872211456299,-11.013139724731445,8.817414283752441,-6.707344055175781,0.6930429339408875,rotation,-15deg
7_7_02_923c5b16_r03c04__rotation_angle_m15,./data/robustness/rotation/angle_m15/normalized_32x32/7/7_7_02_923c5b16_r03c04__rotation_angle_m15.npy,7,7,1,0.9999068168651128,-8.126119613647461,1.1538169384002686,-3.172560214996338,-5.694999694824219,-3.2653307914733887,-6.91029167175293,-14.238778114318848,10.497005462646484,-7.093287467956543,-2.1341075897216797,rotation,-15deg
7_7_02_923c5b16_r04c01__rotation_angle_m15,./data/robustness/rotation/angle_m15/normalized_32x32/7/7_7_02_923c5b16_r04c01__rotation_angle_m15.npy,7,7,1,0.9999928714468713,-10.275788307189941,-2.657677173614502,-6.796525001525879,-4.660187244415283,-1.6537262201309204,-9.415236473083496,-14.332935333251953,12.10791301727295,-8.66240406036377,0.019904114305973053,rotation,-15deg
7_7_02_923c5b16_r04c02__rotation_angle_m15,./data/robustness/rotation/angle_m15/normalized_32x32/7/7_7_02_923c5b16_r04c02__rotation_angle_m15.npy,7,7,1,0.9998636789213782,-6.216113567352295,0.9448126554489136,-2.8846991062164307,-5.69221305847168,-4.2898969650268555,-4.939140319824219,-12.374605178833008,9.885387420654297,-4.802975177764893,-4.184277057647705,rotation,-15deg
7_7_02_923c5b16_r04c03__rotation_angle_m15,./data/robustness/rotation/angle_m15/normalized_32x32/7/7_7_02_923c5b16_r04c03__rotation_angle_m15.npy,7,7,1,0.9995469416779211,-6.591646194458008,2.0640766620635986,-2.2379038333892822,-6.628056526184082,-3.8047242164611816,-8.001420021057129,-13.947004318237305,9.792994499206543,-5.603681564331055,-2.270156145095825,rotation,-15deg
7_7_02_923c5b16_r04c04__rotation_angle_m15,./data/robustness/rotation/angle_m15/normalized_32x32/7/7_7_02_923c5b16_r04c04__rotation_angle_m15.npy,7,7,1,0.9997996122449567,-7.695460796356201,0.47546714544296265,-2.3735511302948,-4.170719623565674,-1.9260780811309814,-6.461255073547363,-13.384607315063477,9.343171119689941,-6.628105163574219,-0.8613672852516174,rotation,-15deg
8_8_01_e470fe0b_r01c01__rotation_angle_m15,./data/robustness/rotation/angle_m15/normalized_32x32/8/8_8_01_e470fe0b_r01c01__rotation_angle_m15.npy,8,8,1,0.9991372718975241,-5.583118438720703,-6.367397785186768,1.513990879058838,-1.5152361392974854,-4.604030132293701,-4.8841376304626465,-8.015828132629395,-7.198248863220215,8.625515937805176,-3.7905941009521484,rotation,-15deg
8_8_01_e470fe0b_r01c02__rotation_angle_m15,./data/robustness/rotation/angle_m15/normalized_32x32/8/8_8_01_e470fe0b_r01c02__rotation_angle_m15.npy,8,8,1,0.7558400157137967,-5.52759313583374,-6.625936508178711,1.0138700008392334,-0.5896086096763611,-2.6048407554626465,-0.03536504507064819,-9.469761848449707,-5.5937418937683105,2.875339984893799,0.31390178203582764,rotation,-15deg
8_8_01_e470fe0b_r01c03__rotation_angle_m15,./data/robustness/rotation/angle_m15/normalized_32x32/8/8_8_01_e470fe0b_r01c03__rotation_angle_m15.npy,8,8,1,0.9930005690826325,-3.6128807067871094,-6.571969509124756,-0.067923903465271,0.4751037359237671,-3.731193780899048,-1.2413357496261597,-4.672615051269531,-6.074193954467773,6.0422515869140625,-2.646439552307129,rotation,-15deg
8_8_01_e470fe0b_r01c04__rotation_angle_m15,./data/robustness/rotation/angle_m15/normalized_32x32/8/8_8_01_e470fe0b_r01c04__rotation_angle_m15.npy,8,8,1,0.995340102758471,-5.467250823974609,-10.314284324645996,2.3988006114959717,2.105674982070923,-7.884257793426514,-2.753232717514038,-8.956833839416504,-6.670332908630371,8.323915481567383,-6.1082868576049805,rotation,-15deg
8_8_01_e470fe0b_r02c01__rotation_angle_m15,./data/robustness/rotation/angle_m15/normalized_32x32/8/8_8_01_e470fe0b_r02c01__rotation_angle_m15.npy,8,8,1,0.9988243204445133,-5.557387351989746,-9.245353698730469,1.4115936756134033,-0.49004316329956055,-6.683932781219482,-4.959791660308838,-8.062421798706055,-5.903726577758789,8.30925178527832,-2.9952774047851562,rotation,-15deg
8_8_01_e470fe0b_r02c02__rotation_angle_m15,./data/robustness/rotation/angle_m15/normalized_32x32/8/8_8_01_e470fe0b_r02c02__rotation_angle_m15.npy,8,8,1,0.9992405513520444,-8.467326164245605,-8.01834487915039,-2.144097089767456,0.5826799273490906,-4.519567966461182,-5.320683479309082,-10.415359497070312,-8.108519554138184,8.146933555603027,-0.3573329448699951,rotation,-15deg
8_8_01_e470fe0b_r02c03__rotation_angle_m15,./data/robustness/rotation/angle_m15/normalized_32x32/8/8_8_01_e470fe0b_r02c03__rotation_angle_m15.npy,8,8,1,0.9974633663450256,-6.447661876678467,-9.958213806152344,4.5937604904174805,-0.9207710027694702,-3.899578809738159,-4.4328789710998535,-10.39337158203125,-9.982861518859863,10.572504043579102,-7.524820327758789,rotation,-15deg
8_8_01_e470fe0b_r02c04__rotation_angle_m15,./data/robustness/rotation/angle_m15/normalized_32x32/8/8_8_01_e470fe0b_r02c04__rotation_angle_m15.npy,8,8,1,0.9902340823509319,-9.333174705505371,-9.392425537109375,0.7081997394561768,0.8370065093040466,-2.7395081520080566,-2.048168659210205,-12.396756172180176,-10.949235916137695,6.228307247161865,-0.764449954032898,rotation,-15deg
8_8_01_e470fe0b_r03c01__rotation_angle_m15,./data/robustness/rotation/angle_m15/normalized_32x32/8/8_8_01_e470fe0b_r03c01__rotation_angle_m15.npy,8,8,1,0.999988729351542,-6.797581672668457,-10.760883331298828,0.16541582345962524,-2.7702996730804443,-6.707259178161621,-6.392960548400879,-10.951476097106934,-8.578685760498047,11.661142349243164,-2.807114601135254,rotation,-15deg
8_8_01_e470fe0b_r03c02__rotation_angle_m15,./data/robustness/rotation/angle_m15/normalized_32x32/8/8_8_01_e470fe0b_r03c02__rotation_angle_m15.npy,8,8,1,0.9999996081524941,-7.812831401824951,-11.281352043151855,-1.8902132511138916,-3.67604398727417,-6.3673810958862305,-6.830082416534424,-11.549846649169922,-10.379889488220215,13.53802490234375,-2.1431920528411865,rotation,-15deg
8_8_01_e470fe0b_r03c03__rotation_angle_m15,./data/robustness/rotation/angle_m15/normalized_32x32/8/8_8_01_e470fe0b_r03c03__rotation_angle_m15.npy,8,8,1,0.999999642499188,-6.11063814163208,-11.287300109863281,-4.805189609527588,-3.9500997066497803,-7.230172157287598,-5.761053085327148,-10.150131225585938,-9.963589668273926,14.270708084106445,-0.6349446177482605,rotation,-15deg
8_8_01_e470fe0b_r03c04__rotation_angle_m15,./data/robustness/rotation/angle_m15/normalized_32x32/8/8_8_01_e470fe0b_r03c04__rotation_angle_m15.npy,8,8,1,0.9998784619687895,-5.311048984527588,-5.31640100479126,0.010218240320682526,-0.8647564053535461,-6.1965203285217285,-4.228806018829346,-5.989745616912842,-6.333493232727051,9.396174430847168,-6.4328765869140625,rotation,-15deg
8_8_01_e470fe0b_r04c01__rotation_angle_m15,./data/robustness/rotation/angle_m15/normalized_32x32/8/8_8_01_e470fe0b_r04c01__rotation_angle_m15.npy,8,8,1,0.9999992075359324,-6.321907043457031,-9.645197868347168,-2.1068508625030518,-2.5276663303375244,-5.932677745819092,-5.577898979187012,-9.674777030944824,-9.382730484008789,12.665102005004883,-3.1962504386901855,rotation,-15deg
8_8_01_e470fe0b_r04c02__rotation_angle_m15,./data/robustness/rotation/angle_m15/normalized_32x32/8/8_8_01_e470fe0b_r04c02__rotation_angle_m15.npy,8,8,1,0.9998946752506768,-6.140436172485352,-9.337932586669922,2.1154778003692627,-3.1759960651397705,-7.053955078125,-4.995213985443115,-10.260049819946289,-8.174379348754883,11.281197547912598,-4.672937870025635,rotation,-15deg
8_8_01_e470fe0b_r04c03__rotation_angle_m15,./data/robustness/rotation/angle_m15/normalized_32x32/8/8_8_01_e470fe0b_r04c03__rotation_angle_m15.npy,8,8,1,0.9357595108817667,-7.089433670043945,-8.660734176635742,-0.18850582838058472,-1.8329750299453735,-6.580262660980225,-5.347270965576172,-11.995997428894043,-5.259532928466797,5.52012300491333,2.781252384185791,rotation,-15deg
8_8_01_e470fe0b_r04c04__rotation_angle_m15,./data/robustness/rotation/angle_m15/normalized_32x32/8/8_8_01_e470fe0b_r04c04__rotation_angle_m15.npy,8,8,1,0.9993911318409429,-3.219177007675171,-12.237513542175293,2.2747340202331543,-3.1760311126708984,-7.7283616065979,-3.535619020462036,-9.624421119689941,-9.56300163269043,9.698155403137207,-2.450962543487549,rotation,-15deg
8_8_02_b36c8633_r01c01__rotation_angle_m15,./data/robustness/rotation/angle_m15/normalized_32x32/8/8_8_02_b36c8633_r01c01__rotation_angle_m15.npy,8,8,1,0.999817312751895,-4.333234786987305,-3.7482051849365234,-0.48200637102127075,-2.0927934646606445,-3.777837038040161,-4.428032875061035,-4.451510429382324,-5.717061519622803,8.425704002380371,-5.051880359649658,rotation,-15deg
8_8_02_b36c8633_r01c02__rotation_angle_m15,./data/robustness/rotation/angle_m15/normalized_32x32/8/8_8_02_b36c8633_r01c02__rotation_angle_m15.npy,8,8,1,0.9999640966217425,-8.302800178527832,-10.167007446289062,-0.22070634365081787,1.4059053659439087,-6.573569297790527,-4.596378803253174,-10.099443435668945,-10.761970520019531,11.823221206665039,-5.578970432281494,rotation,-15deg
8_8_02_b36c8633_r01c03__rotation_angle_m15,./data/robustness/rotation/angle_m15/normalized_32x32/8/8_8_02_b36c8633_r01c03__rotation_angle_m15.npy,8,8,1,0.9318469915882577,-5.183371543884277,-5.527358055114746,2.8089373111724854,-0.08962219953536987,-5.46096134185791,-4.518978118896484,-7.645749568939209,-3.6574485301971436,5.4813008308410645,-4.9518232345581055,rotation,-15deg
8_8_02_b36c8633_r01c04__rotation_angle_m15,./data/robustness/rotation/angle_m15/normalized_32x32/8/8_8_02_b36c8633_r01c04__rotation_angle_m15.npy,8,8,1,0.9979828012934326,-8.267719268798828,-10.923866271972656,-1.6574211120605469,2.4468700885772705,-6.603320121765137,-1.526862382888794,-8.840311050415039,-10.281206130981445,8.692516326904297,-2.509740114212036,rotation,-15deg
8_8_02_b36c8633_r02c01__rotation_angle_m15,./data/robustness/rotation/angle_m15/normalized_32x32/8/8_8_02_b36c8633_r02c01__rotation_angle_m15.npy,8,8,1,0.999995466370523,-5.0083537101745605,-5.875489711761475,-1.367677927017212,-2.9611141681671143,-5.808591365814209,-5.246250629425049,-6.277529716491699,-7.785764694213867,11.206280708312988,-4.944007873535156,rotation,-15deg
8_8_02_b36c8633_r02c02__rotation_angle_m15,./data/robustness/rotation/angle_m15/normalized_32x32/8/8_8_02_b36c8633_r02c02__rotation_angle_m15.npy,8,8,1,0.9999738046562372,-8.20410442352295,-9.75519847869873,-2.078989028930664,-1.2624956369400024,-7.224308013916016,-1.0843945741653442,-6.6347222328186035,-9.050154685974121,10.278477668762207,-4.291021347045898,rotation,-15deg
8_8_02_b36c8633_r02c03__rotation_angle_m15,./data/robustness/rotation/angle_m15/normalized_32x32/8/8_8_02_b36c8633_r02c03__rotation_angle_m15.npy,8,8,1,0.9124999672364954,-2.812243700027466,-5.211556434631348,0.4699344038963318,0.9839185476303101,-4.039402008056641,-3.1369569301605225,-6.669577598571777,-2.5945396423339844,3.878140449523926,-1.8483854532241821,rotation,-15deg
8_8_02_b36c8633_r02c04__rotation_angle_m15,./data/robustness/rotation/angle_m15/normalized_32x32/8/8_8_02_b36c8633_r02c04__rotation_angle_m15.npy,8,2,0,0.5943853928259473,-6.426834583282471,-8.870155334472656,4.142601013183594,3.5955448150634766,-3.451256275177002,1.1288113594055176,-10.051481246948242,-8.54771900177002,1.219740867614746,-3.846095085144043,rotation,-15deg
8_8_02_b36c8633_r03c01__rotation_angle_m15,./data/robustness/rotation/angle_m15/normalized_32x32/8/8_8_02_b36c8633_r03c01__rotation_angle_m15.npy,8,8,1,0.9995485019260698,-5.003181457519531,-9.32856559753418,1.7323222160339355,-1.300157070159912,-6.860509872436523,-4.108514785766602,-8.247162818908691,-6.570584297180176,9.488214492797852,-4.447640895843506,rotation,-15deg
8_8_02_b36c8633_r03c02__rotation_angle_m15,./data/robustness/rotation/angle_m15/normalized_32x32/8/8_8_02_b36c8633_r03c02__rotation_angle_m15.npy,8,8,1,0.9950351780815957,-4.220242977142334,-6.73415470123291,1.5583282709121704,0.594265341758728,-7.3827385902404785,-3.004445791244507,-4.507949352264404,-5.255012512207031,7.1943440437316895,-7.3604350090026855,rotation,-15deg
8_8_02_b36c8633_r03c03__rotation_angle_m15,./data/robustness/rotation/angle_m15/normalized_32x32/8/8_8_02_b36c8633_r03c03__rotation_angle_m15.npy,8,8,1,0.9999953724132773,-4.853479385375977,-6.508776664733887,-0.7730492949485779,-3.81137752532959,-4.667962074279785,-5.932896614074707,-8.227721214294434,-7.186202049255371,11.62025260925293,-4.698156833648682,rotation,-15deg
8_8_02_b36c8633_r03c04__rotation_angle_m15,./data/robustness/rotation/angle_m15/normalized_32x32/8/8_8_02_b36c8633_r03c04__rotation_angle_m15.npy,8,8,1,0.9999319845786446,-7.541905879974365,-9.630256652832031,0.32591569423675537,-1.7134850025177002,-5.607206344604492,-5.009999752044678,-11.204379081726074,-8.973944664001465,10.11830997467041,-2.2091305255889893,rotation,-15deg
8_8_02_b36c8633_r04c01__rotation_angle_m15,./data/robustness/rotation/angle_m15/normalized_32x32/8/8_8_02_b36c8633_r04c01__rotation_angle_m15.npy,8,8,1,0.999930459805953,-7.382104873657227,-11.045162200927734,-3.2175204753875732,-0.5614742636680603,-7.602998733520508,-4.47831392288208,-10.457783699035645,-9.430319786071777,10.473426818847656,0.6077601909637451,rotation,-15deg
8_8_02_b36c8633_r04c02__rotation_angle_m15,./data/robustness/rotation/angle_m15/normalized_32x32/8/8_8_02_b36c8633_r04c02__rotation_angle_m15.npy,8,8,1,0.9999078387564161,-7.795949459075928,-9.733179092407227,-0.6212519407272339,-0.49959516525268555,-6.63550329208374,-4.666713714599609,-10.73308277130127,-8.82323932647705,9.631183624267578,-1.3920390605926514,rotation,-15deg
8_8_02_b36c8633_r04c03__rotation_angle_m15,./data/robustness/rotation/angle_m15/normalized_32x32/8/8_8_02_b36c8633_r04c03__rotation_angle_m15.npy,8,8,1,0.9999855258537376,-3.7160017490386963,-10.18297004699707,2.3958547115325928,-6.356439590454102,-7.641363143920898,-6.217848300933838,-9.362051963806152,-8.686790466308594,13.541918754577637,-5.683783054351807,rotation,-15deg
8_8_02_b36c8633_r04c04__rotation_angle_m15,./data/robustness/rotation/angle_m15/normalized_32x32/8/8_8_02_b36c8633_r04c04__rotation_angle_m15.npy,8,8,1,0.936080112080527,-5.721832275390625,-10.94906234741211,6.808468341827393,-0.6517589092254639,-5.423398971557617,-2.821990728378296,-12.46745777130127,-9.50838565826416,9.493188858032227,-7.931179046630859,rotation,-15deg
9_9_01_852a4a6b_r01c01__rotation_angle_m15,./data/robustness/rotation/angle_m15/normalized_32x32/9/9_9_01_852a4a6b_r01c01__rotation_angle_m15.npy,9,9,1,0.9956946715517927,-8.676277160644531,-3.4035253524780273,-4.788545608520508,-3.8211238384246826,2.7726385593414307,-6.486691951751709,-12.251380920410156,0.7272002100944519,-4.170429706573486,8.342296600341797,rotation,-15deg
9_9_01_852a4a6b_r01c02__rotation_angle_m15,./data/robustness/rotation/angle_m15/normalized_32x32/9/9_9_01_852a4a6b_r01c02__rotation_angle_m15.npy,9,9,1,0.9981828600333876,-8.268171310424805,-3.864302158355713,-6.908071994781494,-4.162500858306885,2.24462890625,-5.962348461151123,-11.307963371276855,0.8515549898147583,-3.696157455444336,8.78061294555664,rotation,-15deg
9_9_01_852a4a6b_r01c03__rotation_angle_m15,./data/robustness/rotation/angle_m15/normalized_32x32/9/9_9_01_852a4a6b_r01c03__rotation_angle_m15.npy,9,9,1,0.9983641163454059,-9.093423843383789,-4.0922417640686035,-7.494915008544922,-4.118587493896484,3.1062936782836914,-6.249977111816406,-12.91937255859375,0.8833996653556824,-5.19472074508667,9.624711036682129,rotation,-15deg
9_9_01_852a4a6b_r01c04__rotation_angle_m15,./data/robustness/rotation/angle_m15/normalized_32x32/9/9_9_01_852a4a6b_r01c04__rotation_angle_m15.npy,9,9,1,0.97525464847745,-8.523062705993652,-0.2982099652290344,-4.36432409286499,-3.9359288215637207,1.1805219650268555,-5.9756669998168945,-12.471813201904297,1.944217324256897,-3.5062954425811768,6.076616287231445,rotation,-15deg
9_9_01_852a4a6b_r02c01__rotation_angle_m15,./data/robustness/rotation/angle_m15/normalized_32x32/9/9_9_01_852a4a6b_r02c01__rotation_angle_m15.npy,9,9,1,0.9949240717514054,-10.255708694458008,-4.099155426025391,-6.97504186630249,-5.1327667236328125,4.029188632965088,-6.280518054962158,-13.605713844299316,2.9175853729248047,-7.006147861480713,9.592146873474121,rotation,-15deg
9_9_01_852a4a6b_r02c02__rotation_angle_m15,./data/robustness/rotation/angle_m15/normalized_32x32/9/9_9_01_852a4a6b_r02c02__rotation_angle_m15.npy,9,9,1,0.9996144390781762,-10.624417304992676,-5.909557342529297,-6.368210792541504,-4.1729655265808105,3.1257479190826416,-5.751496315002441,-15.795539855957031,-0.004749317653477192,-6.944281578063965,11.029951095581055,rotation,-15deg
9_9_01_852a4a6b_r02c03__rotation_angle_m15,./data/robustness/rotation/angle_m15/normalized_32x32/9/9_9_01_852a4a6b_r02c03__rotation_angle_m15.npy,9,8,0,0.9997342181273713,-1.4331996440887451,-3.8884708881378174,-0.46984151005744934,-5.279439449310303,-1.7303810119628906,-5.200601100921631,-6.760584354400635,-4.664405345916748,8.382810592651367,-2.530942440032959,rotation,-15deg
9_9_01_852a4a6b_r02c04__rotation_angle_m15,./data/robustness/rotation/angle_m15/normalized_32x32/9/9_9_01_852a4a6b_r02c04__rotation_angle_m15.npy,9,9,1,0.9966527008671975,-9.899221420288086,-4.024298191070557,-6.312209129333496,-4.373349189758301,2.193056344985962,-6.178995132446289,-11.770158767700195,-0.2053864300251007,-2.054725408554077,7.99276065826416,rotation,-15deg
9_9_01_852a4a6b_r03c01__rotation_angle_m15,./data/robustness/rotation/angle_m15/normalized_32x32/9/9_9_01_852a4a6b_r03c01__rotation_angle_m15.npy,9,4,0,0.6702160597325748,-5.43313455581665,-0.408284455537796,-3.8369038105010986,-6.656591892242432,3.4107396602630615,-4.17673397064209,-7.013939380645752,-0.8622341156005859,-0.42164286971092224,2.57389235496521,rotation,-15deg
9_9_01_852a4a6b_r03c02__rotation_angle_m15,./data/robustness/rotation/angle_m15/normalized_32x32/9/9_9_01_852a4a6b_r03c02__rotation_angle_m15.npy,9,9,1,0.9853974150469925,-7.198842525482178,-2.5379090309143066,-4.612241268157959,-2.7504425048828125,2.2826459407806396,-4.352836608886719,-9.546018600463867,0.6162319183349609,-3.4923148155212402,6.684300899505615,rotation,-15deg
9_9_01_852a4a6b_r03c03__rotation_angle_m15,./data/robustness/rotation/angle_m15/normalized_32x32/9/9_9_01_852a4a6b_r03c03__rotation_angle_m15.npy,9,9,1,0.9999892278575755,-10.542052268981934,-6.86216926574707,-8.532916069030762,-0.8836049437522888,-1.9657057523727417,-5.68738317489624,-14.84289836883545,-4.236654281616211,-2.3220982551574707,11.038848876953125,rotation,-15deg
9_9_01_852a4a6b_r03c04__rotation_angle_m15,./data/robustness/rotation/angle_m15/normalized_32x32/9/9_9_01_852a4a6b_r03c04__rotation_angle_m15.npy,9,9,1,0.9990778047524692,-10.19901180267334,-5.702843189239502,-8.117691993713379,-7.600927352905273,2.4403491020202637,-9.272056579589844,-13.795273780822754,-2.8791205883026123,1.5912086963653564,9.787984848022461,rotation,-15deg
9_9_01_852a4a6b_r04c01__rotation_angle_m15,./data/robustness/rotation/angle_m15/normalized_32x32/9/9_9_01_852a4a6b_r04c01__rotation_angle_m15.npy,9,9,1,0.9998991770439968,-10.868386268615723,-5.400123596191406,-8.898767471313477,-5.875104904174805,2.26477313041687,-6.621645450592041,-13.83181381225586,-0.11268395185470581,-3.8220772743225098,11.558460235595703,rotation,-15deg
9_9_01_852a4a6b_r04c02__rotation_angle_m15,./data/robustness/rotation/angle_m15/normalized_32x32/9/9_9_01_852a4a6b_r04c02__rotation_angle_m15.npy,9,9,1,0.9996785958635217,-10.621566772460938,-4.690979480743408,-8.39745807647705,-6.086884021759033,2.578585147857666,-5.838401794433594,-13.65372371673584,-0.5127145051956177,-3.0527186393737793,10.669994354248047,rotation,-15deg
9_9_01_852a4a6b_r04c03__rotation_angle_m15,./data/robustness/rotation/angle_m15/normalized_32x32/9/9_9_01_852a4a6b_r04c03__rotation_angle_m15.npy,9,9,1,0.9991440444605355,-7.529186725616455,-4.806631088256836,-5.299372673034668,-4.797539234161377,1.0323543548583984,-4.50211238861084,-9.082117080688477,0.23520605266094208,-4.028237819671631,8.47921085357666,rotation,-15deg
9_9_01_852a4a6b_r04c04__rotation_angle_m15,./data/robustness/rotation/angle_m15/normalized_32x32/9/9_9_01_852a4a6b_r04c04__rotation_angle_m15.npy,9,9,1,0.9991337287994193,-6.262964248657227,-4.9227423667907715,-6.211160659790039,-4.4984869956970215,0.19002597033977509,-4.335476875305176,-10.556703567504883,0.6695595979690552,-4.6628570556640625,8.215949058532715,rotation,-15deg
9_9_02_2f49434b_r01c01__rotation_angle_m15,./data/robustness/rotation/angle_m15/normalized_32x32/9/9_9_02_2f49434b_r01c01__rotation_angle_m15.npy,9,9,1,0.9998762354828125,-8.939943313598633,-4.247973918914795,-8.06999397277832,-2.0498318672180176,-0.3187505602836609,-5.273471832275391,-11.348938941955566,-1.1766235828399658,-2.208336591720581,9.254658699035645,rotation,-15deg
9_9_02_2f49434b_r01c02__rotation_angle_m15,./data/robustness/rotation/angle_m15/normalized_32x32/9/9_9_02_2f49434b_r01c02__rotation_angle_m15.npy,9,9,1,0.9987283892947573,-10.220215797424316,-4.560509204864502,-5.4229936599731445,-4.570669174194336,3.6166796684265137,-7.147166728973389,-13.934771537780762,-0.23623305559158325,-4.716829299926758,10.304794311523438,rotation,-15deg
9_9_02_2f49434b_r01c03__rotation_angle_m15,./data/robustness/rotation/angle_m15/normalized_32x32/9/9_9_02_2f49434b_r01c03__rotation_angle_m15.npy,9,8,0,0.9994426085473247,1.148173451423645,-4.466872692108154,-0.7579175233840942,-6.77358341217041,-3.6612582206726074,-4.379948139190674,-6.124228000640869,-5.142956256866455,8.805639266967773,-3.1965363025665283,rotation,-15deg
9_9_02_2f49434b_r01c04__rotation_angle_m15,./data/robustness/rotation/angle_m15/normalized_32x32/9/9_9_02_2f49434b_r01c04__rotation_angle_m15.npy,9,9,1,0.9995044910023785,-11.51598072052002,-5.402400493621826,-7.502372741699219,-3.0514941215515137,2.863922595977783,-6.805381774902344,-14.580750465393066,-1.853895902633667,-3.5546984672546387,10.486875534057617,rotation,-15deg
9_9_02_2f49434b_r02c01__rotation_angle_m15,./data/robustness/rotation/angle_m15/normalized_32x32/9/9_9_02_2f49434b_r02c01__rotation_angle_m15.npy,9,9,1,0.9993974153730351,-10.047935485839844,-5.386745929718018,-9.392131805419922,-4.281172275543213,1.3557002544403076,-6.237063884735107,-10.580801010131836,-0.8171923160552979,-0.6486081480979919,8.99562931060791,rotation,-15deg
9_9_02_2f49434b_r02c02__rotation_angle_m15,./data/robustness/rotation/angle_m15/normalized_32x32/9/9_9_02_2f49434b_r02c02__rotation_angle_m15.npy,9,9,1,0.9998424392538743,-11.573784828186035,-7.447304725646973,-7.136742115020752,-8.376110076904297,2.158987045288086,-8.771842002868652,-13.805392265319824,-0.8052120804786682,-1.733961820602417,10.984233856201172,rotation,-15deg
9_9_02_2f49434b_r02c03__rotation_angle_m15,./data/robustness/rotation/angle_m15/normalized_32x32/9/9_9_02_2f49434b_r02c03__rotation_angle_m15.npy,9,9,1,0.9991287309400144,-10.685586929321289,-6.9908671379089355,-9.101981163024902,-4.353811264038086,-0.5891351103782654,-7.197816371917725,-11.112884521484375,-2.9471728801727295,1.883059024810791,9.01815128326416,rotation,-15deg
9_9_02_2f49434b_r02c04__rotation_angle_m15,./data/robustness/rotation/angle_m15/normalized_32x32/9/9_9_02_2f49434b_r02c04__rotation_angle_m15.npy,9,8,0,0.9884628343098715,0.7224254608154297,0.9363453984260559,-2.54426646232605,-8.703693389892578,-3.6480653285980225,-3.2769548892974854,-5.768674850463867,-4.049788475036621,6.019628047943115,-3.540768623352051,rotation,-15deg
9_9_02_2f49434b_r03c01__rotation_angle_m15,./data/robustness/rotation/angle_m15/normalized_32x32/9/9_9_02_2f49434b_r03c01__rotation_angle_m15.npy,9,8,0,0.5430349849936582,-8.371976852416992,-4.287843704223633,-8.28315544128418,-8.928056716918945,2.71909499168396,-7.082553863525391,-8.9281644821167,-4.087284564971924,5.213527679443359,4.9374895095825195,rotation,-15deg
9_9_02_2f49434b_r03c02__rotation_angle_m15,./data/robustness/rotation/angle_m15/normalized_32x32/9/9_9_02_2f49434b_r03c02__rotation_angle_m15.npy,9,9,1,0.9962814264646407,-6.421230316162109,-4.3338494300842285,-6.195472240447998,-4.968112468719482,-1.098433256149292,-6.775368690490723,-9.069331169128418,0.1428077518939972,1.0850505828857422,7.088410377502441,rotation,-15deg
9_9_02_2f49434b_r03c03__rotation_angle_m15,./data/robustness/rotation/angle_m15/normalized_32x32/9/9_9_02_2f49434b_r03c03__rotation_angle_m15.npy,9,9,1,0.9931938699310576,-5.412563323974609,-4.571863651275635,-3.7625231742858887,-4.824587821960449,-1.1364517211914062,-5.050876617431641,-7.344233512878418,-0.2939782738685608,0.584770917892456,6.052605628967285,rotation,-15deg
9_9_02_2f49434b_r03c04__rotation_angle_m15,./data/robustness/rotation/angle_m15/normalized_32x32/9/9_9_02_2f49434b_r03c04__rotation_angle_m15.npy,9,9,1,0.9295331030792862,-6.165199279785156,-0.8664256930351257,-4.069879055023193,-4.181321144104004,1.283522367477417,-5.919549942016602,-10.30441951751709,0.5823900699615479,-0.5173476338386536,4.4441423416137695,rotation,-15deg
9_9_02_2f49434b_r04c01__rotation_angle_m15,./data/robustness/rotation/angle_m15/normalized_32x32/9/9_9_02_2f49434b_r04c01__rotation_angle_m15.npy,9,9,1,0.9990486929861715,-5.810370922088623,-4.819671630859375,-6.612244606018066,-4.556950092315674,0.5278506278991699,-3.6203932762145996,-8.764656066894531,-1.8038541078567505,-4.207718372344971,7.611471176147461,rotation,-15deg
9_9_02_2f49434b_r04c02__rotation_angle_m15,./data/robustness/rotation/angle_m15/normalized_32x32/9/9_9_02_2f49434b_r04c02__rotation_angle_m15.npy,9,9,1,0.9995657668090836,-8.539402961730957,-5.186882495880127,-6.175958156585693,-5.220989227294922,1.5132216215133667,-6.689679145812988,-11.90890884399414,1.3451632261276245,-5.419966220855713,9.86961841583252,rotation,-15deg
9_9_02_2f49434b_r04c03__rotation_angle_m15,./data/robustness/rotation/angle_m15/normalized_32x32/9/9_9_02_2f49434b_r04c03__rotation_angle_m15.npy,9,9,1,0.9997858140844144,-10.61020565032959,-5.378117084503174,-7.874420166015625,-6.29185152053833,2.7612133026123047,-7.034667015075684,-14.14743709564209,-0.5454643368721008,-3.876265525817871,11.247383117675781,rotation,-15deg
9_9_02_2f49434b_r04c04__rotation_angle_m15,./data/robustness/rotation/angle_m15/normalized_32x32/9/9_9_02_2f49434b_r04c04__rotation_angle_m15.npy,9,9,1,0.9915687109808484,-6.045422554016113,-3.5955097675323486,-4.303841590881348,-3.2682108879089355,-0.5619798898696899,-5.5124053955078125,-8.437799453735352,0.5762598514556885,-0.338711678981781,5.914041519165039,rotation,-15deg
