sample_id,file_path,true_label,pred_label,correct,confidence,logit_0,logit_1,logit_2,logit_3,logit_4,logit_5,logit_6,logit_7,logit_8,logit_9,condition,parameter
0_0_01_0a5cfa52_r01c01__blur_kernel_3,./data/robustness/blur/kernel_3/normalized_32x32/0/0_0_01_0a5cfa52_r01c01__blur_kernel_3.npy,0,0,1,0.99906394076687,8.224588394165039,-5.371978759765625,-8.01912784576416,-10.96689224243164,-8.028765678405762,-5.045650482177734,-2.3248982429504395,-1.020471453666687,-4.90131139755249,1.1048752069473267,blur,3x3
0_0_01_0a5cfa52_r01c02__blur_kernel_3,./data/robustness/blur/kernel_3/normalized_32x32/0/0_0_01_0a5cfa52_r01c02__blur_kernel_3.npy,0,0,1,0.9996525197027208,8.826282501220703,-7.598496437072754,-4.352858543395996,-9.930266380310059,-8.081062316894531,-4.7687811851501465,-3.0083649158477783,-3.2806129455566406,-3.8606762886047363,0.8052393794059753,blur,3x3
0_0_01_0a5cfa52_r01c03__blur_kernel_3,./data/robustness/blur/kernel_3/normalized_32x32/0/0_0_01_0a5cfa52_r01c03__blur_kernel_3.npy,0,0,1,0.9980447176238069,7.59985876083374,-7.500789642333984,-0.8059641122817993,-10.367375373840332,-12.775640487670898,-4.94486665725708,-5.668450832366943,-3.284242868423462,1.1988918781280518,-2.2787437438964844,blur,3x3
0_0_01_0a5cfa52_r01c04__blur_kernel_3,./data/robustness/blur/kernel_3/normalized_32x32/0/0_0_01_0a5cfa52_r01c04__blur_kernel_3.npy,0,0,1,0.9924558574670401,6.059932708740234,-3.51798677444458,-5.021303653717041,-8.817081451416016,-6.159254550933838,-3.9667458534240723,-1.430600643157959,-1.46799898147583,-1.774379014968872,0.939804196357727,blur,3x3
0_0_01_0a5cfa52_r02c01__blur_kernel_3,./data/robustness/blur/kernel_3/normalized_32x32/0/0_0_01_0a5cfa52_r02c01__blur_kernel_3.npy,0,0,1,0.9998930702783959,8.487693786621094,-5.300069332122803,-3.403034210205078,-7.882662773132324,-9.72374439239502,-1.9533748626708984,-2.9994900226593018,-2.316413402557373,-2.4245216846466064,-2.2856507301330566,blur,3x3
0_0_01_0a5cfa52_r02c02__blur_kernel_3,./data/robustness/blur/kernel_3/normalized_32x32/0/0_0_01_0a5cfa52_r02c02__blur_kernel_3.npy,0,0,1,0.9472246339675129,4.460625171661377,-8.36322021484375,-1.5531818866729736,-2.7112672328948975,-7.550948143005371,-2.4130699634552,-1.509539008140564,-6.205835342407227,1.3559893369674683,-1.0504502058029175,blur,3x3
0_0_01_0a5cfa52_r02c03__blur_kernel_3,./data/robustness/blur/kernel_3/normalized_32x32/0/0_0_01_0a5cfa52_r02c03__blur_kernel_3.npy,0,0,1,0.9979250521985734,7.085456371307373,-8.254969596862793,-2.89376163482666,-8.20021915435791,-8.237975120544434,-4.830179691314697,-2.976242780685425,-4.228686809539795,-1.868917465209961,0.7882822751998901,blur,3x3
0_0_01_0a5cfa52_r02c04__blur_kernel_3,./data/robustness/blur/kernel_3/normalized_32x32/0/0_0_01_0a5cfa52_r02c04__blur_kernel_3.npy,0,0,1,0.9926509461421603,6.2753424644470215,-5.372197151184082,-2.2009968757629395,-8.614065170288086,-8.706616401672363,-4.210531234741211,-3.3155417442321777,-2.6576967239379883,-0.05376710742712021,1.0112088918685913,blur,3x3
0_0_01_0a5cfa52_r03c01__blur_kernel_3,./data/robustness/blur/kernel_3/normalized_32x32/0/0_0_01_0a5cfa52_r03c01__blur_kernel_3.npy,0,0,1,0.9999520576773916,10.448712348937988,-6.2782673835754395,-11.678736686706543,-11.902701377868652,-11.16671371459961,-3.872537136077881,-1.383411169052124,-0.2668795585632324,-8.622835159301758,-0.48660942912101746,blur,3x3
0_0_01_0a5cfa52_r03c02__blur_kernel_3,./data/robustness/blur/kernel_3/normalized_32x32/0/0_0_01_0a5cfa52_r03c02__blur_kernel_3.npy,0,0,1,0.9999938145759416,11.580206871032715,-6.901000022888184,-8.058917999267578,-12.65308952331543,-11.254844665527344,-5.145212650299072,-2.753340482711792,-2.486232042312622,-4.567078113555908,-0.6989589929580688,blur,3x3
0_0_01_0a5cfa52_r03c03__blur_kernel_3,./data/robustness/blur/kernel_3/normalized_32x32/0/0_0_01_0a5cfa52_r03c03__blur_kernel_3.npy,0,0,1,0.9999614019637845,10.014387130737305,-6.466784954071045,-6.862618923187256,-8.508609771728516,-8.364176750183105,-2.201920747756958,-0.4626738131046295,-3.3591465950012207,-3.6457953453063965,-2.8397133350372314,blur,3x3
0_0_01_0a5cfa52_r03c04__blur_kernel_3,./data/robustness/blur/kernel_3/normalized_32x32/0/0_0_01_0a5cfa52_r03c04__blur_kernel_3.npy,0,0,1,0.9999410099954028,10.287481307983398,-7.370114326477051,-11.664575576782227,-10.782835006713867,-10.303449630737305,-4.302915573120117,-1.022737741470337,-0.7426695227622986,-8.425505638122559,-0.12520325183868408,blur,3x3
0_0_01_0a5cfa52_r04c01__blur_kernel_3,./data/robustness/blur/kernel_3/normalized_32x32/0/0_0_01_0a5cfa52_r04c01__blur_kernel_3.npy,0,0,1,0.9993690782026088,7.244542598724365,-4.476337909698486,-4.381843090057373,-7.223077774047852,-4.9102630615234375,-2.3623745441436768,-0.8474312424659729,-1.5597662925720215,-3.1931960582733154,-2.54831862449646,blur,3x3
0_0_01_0a5cfa52_r04c02__blur_kernel_3,./data/robustness/blur/kernel_3/normalized_32x32/0/0_0_01_0a5cfa52_r04c02__blur_kernel_3.npy,0,0,1,0.9995790426250879,8.495287895202637,-4.783797740936279,-9.322439193725586,-9.648405075073242,-8.200445175170898,-4.1456451416015625,-1.0086965560913086,-1.8634576797485352,-5.2273993492126465,0.4122598171234131,blur,3x3
0_0_01_0a5cfa52_r04c03__blur_kernel_3,./data/robustness/blur/kernel_3/normalized_32x32/0/0_0_01_0a5cfa52_r04c03__blur_kernel_3.npy,0,0,1,0.987888756843225,4.84379768371582,-4.224698066711426,-1.9346660375595093,-5.381003379821777,-4.031081199645996,-3.1384048461914062,-3.6526241302490234,-1.133570909500122,-4.595494270324707,-0.02668878436088562,blur,3x3
0_0_01_0a5cfa52_r04c04__blur_kernel_3,./data/robustness/blur/kernel_3/normalized_32x32/0/0_0_01_0a5cfa52_r04c04__blur_kernel_3.npy,0,0,1,0.9987234620224094,6.8592047691345215,-4.170864582061768,-4.065939426422119,-6.278307914733887,-5.479735374450684,-1.5727005004882812,-1.1406370401382446,-2.780963897705078,-1.454885721206665,-1.031538486480713,blur,3x3
0_0_02_0ab8b1e5_r01c01__blur_kernel_3,./data/robustness/blur/kernel_3/normalized_32x32/0/0_0_02_0ab8b1e5_r01c01__blur_kernel_3.npy,0,0,1,0.9972743311843826,6.732609272003174,-4.716839790344238,-6.8676910400390625,-7.577849864959717,-8.010712623596191,-2.1327693462371826,-0.15373006463050842,-2.201619863510132,-2.9173190593719482,0.13318228721618652,blur,3x3
0_0_02_0ab8b1e5_r01c02__blur_kernel_3,./data/robustness/blur/kernel_3/normalized_32x32/0/0_0_02_0ab8b1e5_r01c02__blur_kernel_3.npy,0,0,1,0.9995669306009184,8.437790870666504,-6.998298645019531,-5.656212329864502,-9.40952205657959,-10.292961120605469,-4.3628363609313965,-2.8813626766204834,-2.4095985889434814,-2.813626766204834,0.5753569006919861,blur,3x3
0_0_02_0ab8b1e5_r01c03__blur_kernel_3,./data/robustness/blur/kernel_3/normalized_32x32/0/0_0_02_0ab8b1e5_r01c03__blur_kernel_3.npy,0,0,1,0.9989803734144146,8.011761665344238,-6.7958879470825195,-7.292705059051514,-8.935946464538574,-8.799562454223633,-4.204850673675537,-1.3621189594268799,-2.5174508094787598,-2.5494637489318848,0.9732958078384399,blur,3x3
0_0_02_0ab8b1e5_r01c04__blur_kernel_3,./data/robustness/blur/kernel_3/normalized_32x32/0/0_0_02_0ab8b1e5_r01c04__blur_kernel_3.npy,0,0,1,0.9999852975194717,11.4242525100708,-11.053893089294434,-6.580794334411621,-10.87112045288086,-8.278284072875977,-5.795827865600586,-1.9045900106430054,-5.005772590637207,-4.161951541900635,0.1566908359527588,blur,3x3
0_0_02_0ab8b1e5_r02c01__blur_kernel_3,./data/robustness/blur/kernel_3/normalized_32x32/0/0_0_02_0ab8b1e5_r02c01__blur_kernel_3.npy,0,0,1,0.9997512915512502,9.119709014892578,-5.897172451019287,-7.3588666915893555,-10.474335670471191,-9.388497352600098,-4.822343826293945,-0.9287206530570984,-3.6000521183013916,-2.2065482139587402,0.547051191329956,blur,3x3
0_0_02_0ab8b1e5_r02c02__blur_kernel_3,./data/robustness/blur/kernel_3/normalized_32x32/0/0_0_02_0ab8b1e5_r02c02__blur_kernel_3.npy,0,0,1,0.9993759487866554,8.415191650390625,-6.98976469039917,-4.55595588684082,-10.239794731140137,-11.036242485046387,-5.439075946807861,-2.975886344909668,-3.886399745941162,-0.43463024497032166,0.734573245048523,blur,3x3
0_0_02_0ab8b1e5_r02c03__blur_kernel_3,./data/robustness/blur/kernel_3/normalized_32x32/0/0_0_02_0ab8b1e5_r02c03__blur_kernel_3.npy,0,0,1,0.999359253718502,8.480633735656738,-7.927397727966309,-3.6250343322753906,-9.502432823181152,-9.52215576171875,-5.0184407234191895,-2.4391889572143555,-4.584865570068359,-1.5414644479751587,1.009935736656189,blur,3x3
0_0_02_0ab8b1e5_r02c04__blur_kernel_3,./data/robustness/blur/kernel_3/normalized_32x32/0/0_0_02_0ab8b1e5_r02c04__blur_kernel_3.npy,0,0,1,0.9959348595937495,7.2975029945373535,-7.500988960266113,-2.502103328704834,-9.657100677490234,-9.104263305664062,-5.257626533508301,-3.098691463470459,-4.23586893081665,-0.40148258209228516,1.650650978088379,blur,3x3
0_0_02_0ab8b1e5_r03c01__blur_kernel_3,./data/robustness/blur/kernel_3/normalized_32x32/0/0_0_02_0ab8b1e5_r03c01__blur_kernel_3.npy,0,0,1,0.9987600515753209,7.423093318939209,-5.050415515899658,-8.564741134643555,-7.305957794189453,-6.549312114715576,-2.7672221660614014,-0.5040497779846191,0.21890464425086975,-5.270087242126465,-1.877102255821228,blur,3x3
0_0_02_0ab8b1e5_r03c02__blur_kernel_3,./data/robustness/blur/kernel_3/normalized_32x32/0/0_0_02_0ab8b1e5_r03c02__blur_kernel_3.npy,0,0,1,0.9999576569165611,10.8748779296875,-7.065374851226807,-13.512571334838867,-11.405580520629883,-10.020379066467285,-5.082019329071045,-1.0880385637283325,-1.4242136478424072,-7.839871406555176,0.5020414590835571,blur,3x3
0_0_02_0ab8b1e5_r03c03__blur_kernel_3,./data/robustness/blur/kernel_3/normalized_32x32/0/0_0_02_0ab8b1e5_r03c03__blur_kernel_3.npy,0,0,1,0.9999989511712493,12.743197441101074,-8.16668701171875,-9.448962211608887,-10.05437183380127,-10.336996078491211,-3.953474998474121,-1.4507769346237183,-2.760632038116455,-6.5250349044799805,-3.214033365249634,blur,3x3
0_0_02_0ab8b1e5_r03c04__blur_kernel_3,./data/robustness/blur/kernel_3/normalized_32x32/0/0_0_02_0ab8b1e5_r03c04__blur_kernel_3.npy,0,0,1,0.9905751769377025,5.607691287994385,-5.741245269775391,-6.587940692901611,-5.968382835388184,-5.360040664672852,-2.570427417755127,-0.22457747161388397,-1.7810583114624023,-4.352024555206299,0.4215306043624878,blur,3x3
0_0_02_0ab8b1e5_r04c01__blur_kernel_3,./data/robustness/blur/kernel_3/normalized_32x32/0/0_0_02_0ab8b1e5_r04c01__blur_kernel_3.npy,0,0,1,0.9999896726713368,11.421497344970703,-6.114068031311035,-12.069793701171875,-10.788662910461426,-11.102432250976562,-3.6624162197113037,-0.5412039160728455,-2.009629487991333,-7.31822395324707,-1.620309829711914,blur,3x3
0_0_02_0ab8b1e5_r04c02__blur_kernel_3,./data/robustness/blur/kernel_3/normalized_32x32/0/0_0_02_0ab8b1e5_r04c02__blur_kernel_3.npy,0,0,1,0.9999622391132202,10.805171966552734,-7.6589508056640625,-13.351544380187988,-10.199466705322266,-8.593058586120605,-4.154420852661133,0.026664763689041138,-2.033346652984619,-8.190045356750488,-0.37666013836860657,blur,3x3
0_0_02_0ab8b1e5_r04c03__blur_kernel_3,./data/robustness/blur/kernel_3/normalized_32x32/0/0_0_02_0ab8b1e5_r04c03__blur_kernel_3.npy,0,0,1,0.9999536805865679,10.26917839050293,-6.245080947875977,-9.499356269836426,-10.36878490447998,-8.320886611938477,-3.8998003005981445,-0.9023082256317139,-1.9473062753677368,-5.444307327270508,-0.2740253508090973,blur,3x3
0_0_02_0ab8b1e5_r04c04__blur_kernel_3,./data/robustness/blur/kernel_3/normalized_32x32/0/0_0_02_0ab8b1e5_r04c04__blur_kernel_3.npy,0,0,1,0.9999618351033216,11.028924942016602,-9.25442886352539,-7.926327228546143,-11.84061050415039,-9.321331977844238,-5.916435718536377,-2.964268445968628,-3.3896782398223877,-6.511707305908203,0.8163331747055054,blur,3x3
1_1_01_19f74917_r01c01__blur_kernel_3,./data/robustness/blur/kernel_3/normalized_32x32/1/1_1_01_19f74917_r01c01__blur_kernel_3.npy,1,1,1,0.9596190570771934,-2.1737148761749268,4.155855655670166,-1.745011329650879,-5.449518203735352,-1.7719571590423584,-0.5072314739227295,-0.19565266370773315,-1.410362720489502,-0.6092991828918457,-4.6001505851745605,blur,3x3
1_1_01_19f74917_r01c02__blur_kernel_3,./data/robustness/blur/kernel_3/normalized_32x32/1/1_1_01_19f74917_r01c02__blur_kernel_3.npy,1,1,1,0.9774805778028567,-2.645202875137329,4.630997657775879,-2.264941692352295,-5.543074607849121,-1.3282511234283447,0.023142755031585693,-0.8522828817367554,-1.4847878217697144,-1.4389830827713013,-4.984078407287598,blur,3x3
1_1_01_19f74917_r01c03__blur_kernel_3,./data/robustness/blur/kernel_3/normalized_32x32/1/1_1_01_19f74917_r01c03__blur_kernel_3.npy,1,1,1,0.9998142775154295,-5.248017311096191,8.561409950256348,-4.088962554931641,-9.343692779541016,-1.2502820491790771,-1.0693973302841187,-1.6499278545379639,-2.575681686401367,-2.9834744930267334,-8.291881561279297,blur,3x3
1_1_01_19f74917_r01c04__blur_kernel_3,./data/robustness/blur/kernel_3/normalized_32x32/1/1_1_01_19f74917_r01c04__blur_kernel_3.npy,1,1,1,0.9996404834452183,-5.245029449462891,8.316258430480957,-4.363919258117676,-9.631956100463867,-1.777111291885376,-0.8373427391052246,-0.382129967212677,-3.200028419494629,-2.0596671104431152,-8.66026782989502,blur,3x3
1_1_01_19f74917_r02c01__blur_kernel_3,./data/robustness/blur/kernel_3/normalized_32x32/1/1_1_01_19f74917_r02c01__blur_kernel_3.npy,1,1,1,0.9991959112278128,-5.612725734710693,7.688814163208008,-3.8415989875793457,-6.089567184448242,-5.851511478424072,-1.497288703918457,-5.735177516937256,0.38800278306007385,-4.010251998901367,-4.829874038696289,blur,3x3
1_1_01_19f74917_r02c02__blur_kernel_3,./data/robustness/blur/kernel_3/normalized_32x32/1/1_1_01_19f74917_r02c02__blur_kernel_3.npy,1,1,1,0.9978869862711809,-3.093980073928833,6.391754627227783,-3.4302425384521484,-7.763972759246826,-2.777462959289551,-0.8730511665344238,-2.113333225250244,-0.9289877414703369,-1.677104115486145,-5.73333215713501,blur,3x3
1_1_01_19f74917_r02c03__blur_kernel_3,./data/robustness/blur/kernel_3/normalized_32x32/1/1_1_01_19f74917_r02c03__blur_kernel_3.npy,1,1,1,0.9972753866383545,-3.438697576522827,6.490058422088623,-4.479199409484863,-7.531605243682861,-1.3449335098266602,-0.41479507088661194,-1.2656285762786865,-1.0635628700256348,-1.5980002880096436,-5.376308917999268,blur,3x3
1_1_01_19f74917_r02c04__blur_kernel_3,./data/robustness/blur/kernel_3/normalized_32x32/1/1_1_01_19f74917_r02c04__blur_kernel_3.npy,1,1,1,0.9997150720961924,-5.986792087554932,8.704475402832031,-6.263114929199219,-9.996989250183105,-0.811477780342102,-0.7453494071960449,-0.4506811201572418,-3.1553256511688232,-2.16129732131958,-8.008987426757812,blur,3x3
1_1_01_19f74917_r03c01__blur_kernel_3,./data/robustness/blur/kernel_3/normalized_32x32/1/1_1_01_19f74917_r03c01__blur_kernel_3.npy,1,1,1,0.9924829272578385,-3.4515113830566406,5.699704170227051,-4.550355911254883,-7.2236008644104,0.14275187253952026,-0.6932538747787476,-2.0420117378234863,-1.6500903367996216,-1.5337891578674316,-3.5384938716888428,blur,3x3
1_1_01_19f74917_r03c02__blur_kernel_3,./data/robustness/blur/kernel_3/normalized_32x32/1/1_1_01_19f74917_r03c02__blur_kernel_3.npy,1,1,1,0.9850396417781125,-2.7838807106018066,5.0758161544799805,-3.2310311794281006,-6.08998966217041,-0.5889970064163208,0.024629712104797363,-1.4058518409729004,-1.2758605480194092,-1.5527459383010864,-4.409735679626465,blur,3x3
1_1_01_19f74917_r03c03__blur_kernel_3,./data/robustness/blur/kernel_3/normalized_32x32/1/1_1_01_19f74917_r03c03__blur_kernel_3.npy,1,1,1,0.9997174539869742,-7.632006645202637,8.315088272094727,-0.2232488989830017,-8.03246021270752,-2.8713629245758057,-2.4663515090942383,-2.8286585807800293,-1.9576003551483154,-4.430837631225586,-9.158102989196777,blur,3x3
1_1_01_19f74917_r03c04__blur_kernel_3,./data/robustness/blur/kernel_3/normalized_32x32/1/1_1_01_19f74917_r03c04__blur_kernel_3.npy,1,1,1,0.9995901382091766,-3.512098550796509,7.732297897338867,-3.365943193435669,-8.164149284362793,-1.9889638423919678,-0.6705191731452942,-2.969419002532959,-1.9582252502441406,-3.5568995475769043,-6.634670734405518,blur,3x3
1_1_01_19f74917_r04c01__blur_kernel_3,./data/robustness/blur/kernel_3/normalized_32x32/1/1_1_01_19f74917_r04c01__blur_kernel_3.npy,1,1,1,0.9966482712631408,-3.8159751892089844,6.398935317993164,-5.108334541320801,-8.40903091430664,-0.6766626834869385,-0.3317800760269165,-1.8577888011932373,-1.2604864835739136,-1.1317753791809082,-5.181962013244629,blur,3x3
1_1_01_19f74917_r04c02__blur_kernel_3,./data/robustness/blur/kernel_3/normalized_32x32/1/1_1_01_19f74917_r04c02__blur_kernel_3.npy,1,1,1,0.9967969853026556,-3.694650888442993,6.38528299331665,-4.684577941894531,-8.188139915466309,-0.6840795278549194,-0.46014663577079773,-1.882979154586792,-1.2729885578155518,-1.2135754823684692,-5.070247650146484,blur,3x3
1_1_01_19f74917_r04c03__blur_kernel_3,./data/robustness/blur/kernel_3/normalized_32x32/1/1_1_01_19f74917_r04c03__blur_kernel_3.npy,1,1,1,0.9924168157824002,-3.3263299465179443,5.671700954437256,-4.518923759460449,-7.444210052490234,-0.751410961151123,-0.29118847846984863,-1.690981388092041,-0.8657099604606628,-1.0833815336227417,-4.611393451690674,blur,3x3
1_1_01_19f74917_r04c04__blur_kernel_3,./data/robustness/blur/kernel_3/normalized_32x32/1/1_1_01_19f74917_r04c04__blur_kernel_3.npy,1,1,1,0.9981500306356897,-2.934070587158203,6.437638282775879,-1.8252127170562744,-6.91874885559082,-2.617253065109253,-1.3769948482513428,-2.6349172592163086,-0.7740143537521362,-2.496166467666626,-6.088932037353516,blur,3x3
1_1_02_4cdb4850_r01c01__blur_kernel_3,./data/robustness/blur/kernel_3/normalized_32x32/1/1_1_02_4cdb4850_r01c01__blur_kernel_3.npy,1,1,1,0.9934680295511227,-4.046195030212402,6.030334949493408,-2.386770725250244,-7.818957328796387,-1.7516522407531738,-0.4663372337818146,0.4063050150871277,-2.9389841556549072,-1.3134702444076538,-7.518600940704346,blur,3x3
1_1_02_4cdb4850_r01c02__blur_kernel_3,./data/robustness/blur/kernel_3/normalized_32x32/1/1_1_02_4cdb4850_r01c02__blur_kernel_3.npy,1,1,1,0.9898351146621145,-4.992355823516846,5.295299530029297,-1.3272581100463867,-6.143008232116699,-2.5792648792266846,-0.180045485496521,-0.27030736207962036,-2.6756246089935303,-3.4992005825042725,-8.3700532913208,blur,3x3
1_1_02_4cdb4850_r01c03__blur_kernel_3,./data/robustness/blur/kernel_3/normalized_32x32/1/1_1_02_4cdb4850_r01c03__blur_kernel_3.npy,1,1,1,0.9981475109187783,-3.5235755443573,6.388181686401367,-2.3731653690338135,-7.381922721862793,-4.0421905517578125,-0.9239615797996521,-2.5653350353240967,-1.1172077655792236,-1.828826665878296,-6.595760822296143,blur,3x3
1_1_02_4cdb4850_r01c04__blur_kernel_3,./data/robustness/blur/kernel_3/normalized_32x32/1/1_1_02_4cdb4850_r01c04__blur_kernel_3.npy,1,1,1,0.9992612404775937,-3.1970763206481934,7.158339500427246,-4.105376243591309,-8.632534980773926,-2.8533952236175537,-0.8241684436798096,-2.701732635498047,-1.7941123247146606,-1.8267309665679932,-6.349470138549805,blur,3x3
1_1_02_4cdb4850_r02c01__blur_kernel_3,./data/robustness/blur/kernel_3/normalized_32x32/1/1_1_02_4cdb4850_r02c01__blur_kernel_3.npy,1,1,1,0.9995746902149822,-4.580069541931152,7.647444248199463,-3.2439680099487305,-7.648923873901367,-1.1735975742340088,-1.650170922279358,-2.3613858222961426,-1.7158803939819336,-2.7330024242401123,-6.573963642120361,blur,3x3
1_1_02_4cdb4850_r02c02__blur_kernel_3,./data/robustness/blur/kernel_3/normalized_32x32/1/1_1_02_4cdb4850_r02c02__blur_kernel_3.npy,1,1,1,0.9986581650152825,-4.160490036010742,7.226552963256836,-5.958693504333496,-8.669668197631836,-1.1571767330169678,-0.3763643503189087,-1.2321116924285889,-1.3674497604370117,-1.2760072946548462,-5.661689281463623,blur,3x3
1_1_02_4cdb4850_r02c03__blur_kernel_3,./data/robustness/blur/kernel_3/normalized_32x32/1/1_1_02_4cdb4850_r02c03__blur_kernel_3.npy,1,1,1,0.9929933196803779,-9.468416213989258,6.779372692108154,-1.0108423233032227,-3.5522520542144775,-4.468426704406738,-4.173147201538086,-8.067832946777344,1.754760980606079,-5.882309913635254,-6.652710914611816,blur,3x3
1_1_02_4cdb4850_r02c04__blur_kernel_3,./data/robustness/blur/kernel_3/normalized_32x32/1/1_1_02_4cdb4850_r02c04__blur_kernel_3.npy,1,1,1,0.9668970530595467,-2.192051649093628,4.576388835906982,-3.1003499031066895,-6.315923690795898,-2.037236452102661,-0.1745768040418625,0.3764973282814026,-1.6616379022598267,-0.6110415458679199,-4.830687522888184,blur,3x3
1_1_02_4cdb4850_r03c01__blur_kernel_3,./data/robustness/blur/kernel_3/normalized_32x32/1/1_1_02_4cdb4850_r03c01__blur_kernel_3.npy,1,1,1,0.9997827531037622,-5.166455268859863,8.568129539489746,-4.440541744232178,-9.505595207214355,-1.4016289710998535,-0.7332231998443604,-1.2751555442810059,-2.8714728355407715,-2.76646089553833,-8.354490280151367,blur,3x3
1_1_02_4cdb4850_r03c02__blur_kernel_3,./data/robustness/blur/kernel_3/normalized_32x32/1/1_1_02_4cdb4850_r03c02__blur_kernel_3.npy,1,1,1,0.9993819559131129,-3.595144748687744,7.262572765350342,-2.1691203117370605,-7.976027011871338,-2.3884105682373047,-1.1989033222198486,-2.622964382171631,-1.5817073583602905,-2.6946351528167725,-7.308248519897461,blur,3x3
1_1_02_4cdb4850_r03c03__blur_kernel_3,./data/robustness/blur/kernel_3/normalized_32x32/1/1_1_02_4cdb4850_r03c03__blur_kernel_3.npy,1,1,1,0.9974816340872473,-3.0393314361572266,6.126073360443115,-1.4233930110931396,-6.544962406158447,-2.6002392768859863,-0.6082292795181274,-2.7462329864501953,-1.8987818956375122,-3.490623950958252,-6.104529857635498,blur,3x3
1_1_02_4cdb4850_r03c04__blur_kernel_3,./data/robustness/blur/kernel_3/normalized_32x32/1/1_1_02_4cdb4850_r03c04__blur_kernel_3.npy,1,1,1,0.9795423762928179,-2.4644052982330322,4.49258279800415,-0.9243287444114685,-4.871171474456787,-1.8992077112197876,-0.3451911211013794,-1.8043882846832275,-1.3217207193374634,-2.5392892360687256,-4.75171422958374,blur,3x3
1_1_02_4cdb4850_r04c01__blur_kernel_3,./data/robustness/blur/kernel_3/normalized_32x32/1/1_1_02_4cdb4850_r04c01__blur_kernel_3.npy,1,1,1,0.9999463369229262,-6.08088493347168,10.120634078979492,-7.362771511077881,-11.722404479980469,-0.4194642901420593,-1.3816802501678467,-3.3329954147338867,-1.0719850063323975,-3.1498584747314453,-6.668152332305908,blur,3x3
1_1_02_4cdb4850_r04c02__blur_kernel_3,./data/robustness/blur/kernel_3/normalized_32x32/1/1_1_02_4cdb4850_r04c02__blur_kernel_3.npy,1,1,1,0.9990877970339073,-4.379568099975586,7.541783332824707,-5.96690559387207,-10.39831829071045,-0.38811254501342773,-1.0195000171661377,-2.7662596702575684,-1.435944676399231,-1.0156532526016235,-5.5072431564331055,blur,3x3
1_1_02_4cdb4850_r04c03__blur_kernel_3,./data/robustness/blur/kernel_3/normalized_32x32/1/1_1_02_4cdb4850_r04c03__blur_kernel_3.npy,1,1,1,0.998804941119215,-4.0373711585998535,7.224077224731445,-5.275028228759766,-9.059002876281738,-0.8303252458572388,-0.6462802886962891,-2.0761220455169678,-1.2320051193237305,-1.4356436729431152,-5.570892333984375,blur,3x3
1_1_02_4cdb4850_r04c04__blur_kernel_3,./data/robustness/blur/kernel_3/normalized_32x32/1/1_1_02_4cdb4850_r04c04__blur_kernel_3.npy,1,1,1,0.993571886358373,-3.006704807281494,5.8352837562561035,-3.9670066833496094,-7.056004524230957,-0.395949125289917,-0.17728659510612488,-1.4359092712402344,-1.5812817811965942,-1.719444990158081,-4.502450466156006,blur,3x3
2_2_01_2e3151dd_r01c01__blur_kernel_3,./data/robustness/blur/kernel_3/normalized_32x32/2/2_2_01_2e3151dd_r01c01__blur_kernel_3.npy,2,2,1,0.9999930346526392,-7.674872398376465,-5.377480506896973,11.623857498168945,-3.0182344913482666,-5.820369720458984,-7.014163017272949,-8.495073318481445,-0.3285768926143646,-8.242189407348633,-12.262201309204102,blur,3x3
2_2_01_2e3151dd_r01c02__blur_kernel_3,./data/robustness/blur/kernel_3/normalized_32x32/2/2_2_01_2e3151dd_r01c02__blur_kernel_3.npy,2,2,1,0.9996426657885077,-2.25169038772583,-5.589456558227539,8.337703704833984,-4.211684703826904,-4.521605014801025,-4.378971099853516,-6.892698764801025,-0.9825506210327148,-0.029630407691001892,-8.16314697265625,blur,3x3
2_2_01_2e3151dd_r01c03__blur_kernel_3,./data/robustness/blur/kernel_3/normalized_32x32/2/2_2_01_2e3151dd_r01c03__blur_kernel_3.npy,2,2,1,0.9999947690244921,-7.171751499176025,-7.06461763381958,12.581584930419922,-3.300266981124878,-7.092254638671875,-8.222051620483398,-9.87930965423584,0.39414292573928833,-8.38705062866211,-12.200874328613281,blur,3x3
2_2_01_2e3151dd_r01c04__blur_kernel_3,./data/robustness/blur/kernel_3/normalized_32x32/2/2_2_01_2e3151dd_r01c04__blur_kernel_3.npy,2,2,1,0.9999840430404555,-7.80760383605957,-5.949686527252197,13.222176551818848,-4.368440628051758,-7.602550506591797,-10.032756805419922,-11.47555923461914,2.1746411323547363,-7.127236366271973,-11.540863990783691,blur,3x3
2_2_01_2e3151dd_r02c01__blur_kernel_3,./data/robustness/blur/kernel_3/normalized_32x32/2/2_2_01_2e3151dd_r02c01__blur_kernel_3.npy,2,2,1,0.993915963304709,-2.378537654876709,-1.3263094425201416,7.246861457824707,-7.404334545135498,-3.2692906856536865,-4.358234882354736,-8.88299560546875,2.0861430168151855,-4.420873165130615,-2.1468303203582764,blur,3x3
2_2_01_2e3151dd_r02c02__blur_kernel_3,./data/robustness/blur/kernel_3/normalized_32x32/2/2_2_01_2e3151dd_r02c02__blur_kernel_3.npy,2,2,1,0.9958888799583799,-0.22490893304347992,-4.388411521911621,5.795642375946045,-7.209785461425781,-1.7596330642700195,-4.651251792907715,-7.091163158416748,-1.8480737209320068,-4.472999572753906,-1.6379103660583496,blur,3x3
2_2_01_2e3151dd_r02c03__blur_kernel_3,./data/robustness/blur/kernel_3/normalized_32x32/2/2_2_01_2e3151dd_r02c03__blur_kernel_3.npy,2,2,1,0.9999943466688473,-8.758655548095703,-5.790571689605713,12.630579948425293,-2.1171822547912598,-7.556309700012207,-9.966536521911621,-13.127880096435547,0.4725598990917206,-7.958339691162109,-11.195771217346191,blur,3x3
2_2_01_2e3151dd_r02c04__blur_kernel_3,./data/robustness/blur/kernel_3/normalized_32x32/2/2_2_01_2e3151dd_r02c04__blur_kernel_3.npy,2,2,1,0.9999998597601315,-8.600502014160156,-8.296656608581543,15.5070219039917,-3.536196708679199,-9.685544967651367,-11.227139472961426,-11.798389434814453,-0.3127281367778778,-9.344188690185547,-14.631622314453125,blur,3x3
2_2_01_2e3151dd_r03c01__blur_kernel_3,./data/robustness/blur/kernel_3/normalized_32x32/2/2_2_01_2e3151dd_r03c01__blur_kernel_3.npy,2,2,1,0.9999983608645162,-8.791229248046875,-4.577465534210205,12.523438453674316,-3.7772581577301025,-5.783644199371338,-8.841452598571777,-8.099660873413086,-0.8839521408081055,-8.194526672363281,-12.062503814697266,blur,3x3
2_2_01_2e3151dd_r03c02__blur_kernel_3,./data/robustness/blur/kernel_3/normalized_32x32/2/2_2_01_2e3151dd_r03c02__blur_kernel_3.npy,2,2,1,0.9999876878796606,-8.563918113708496,-4.10966157913208,12.982466697692871,-4.422800064086914,-6.421019554138184,-9.592511177062988,-12.426179885864258,1.670302391052246,-4.787484169006348,-10.4596529006958,blur,3x3
2_2_01_2e3151dd_r03c03__blur_kernel_3,./data/robustness/blur/kernel_3/normalized_32x32/2/2_2_01_2e3151dd_r03c03__blur_kernel_3.npy,2,2,1,0.9999954554097307,-9.19092845916748,-4.271773815155029,12.239011764526367,-3.412219524383545,-5.984731674194336,-8.968247413635254,-8.1863374710083,-0.11746945977210999,-8.343774795532227,-12.2761869430542,blur,3x3
2_2_01_2e3151dd_r03c04__blur_kernel_3,./data/robustness/blur/kernel_3/normalized_32x32/2/2_2_01_2e3151dd_r03c04__blur_kernel_3.npy,2,2,1,0.9999877928635467,-6.47409200668335,-4.716084957122803,10.78323745727539,-2.034771203994751,-6.309494495391846,-5.70822286605835,-8.796180725097656,-0.8215545415878296,-6.214975833892822,-8.40125560760498,blur,3x3
2_2_01_2e3151dd_r04c01__blur_kernel_3,./data/robustness/blur/kernel_3/normalized_32x32/2/2_2_01_2e3151dd_r04c01__blur_kernel_3.npy,2,2,1,0.9999999957393904,-9.398079872131348,-5.068643569946289,16.856063842773438,-7.940978050231934,-8.104434967041016,-8.789740562438965,-11.437532424926758,-2.5021414756774902,-11.194437026977539,-15.163396835327148,blur,3x3
2_2_01_2e3151dd_r04c02__blur_kernel_3,./data/robustness/blur/kernel_3/normalized_32x32/2/2_2_01_2e3151dd_r04c02__blur_kernel_3.npy,2,2,1,0.9999960341961733,-10.274615287780762,-7.181332111358643,14.411638259887695,-2.581918716430664,-7.66203498840332,-10.788839340209961,-13.58857250213623,1.963078498840332,-8.977075576782227,-11.726499557495117,blur,3x3
2_2_01_2e3151dd_r04c03__blur_kernel_3,./data/robustness/blur/kernel_3/normalized_32x32/2/2_2_01_2e3151dd_r04c03__blur_kernel_3.npy,2,2,1,0.9999446093231189,-6.928635120391846,-5.854480743408203,10.016746520996094,-1.0252069234848022,-5.502109527587891,-6.561061382293701,-8.85079574584961,-0.1386290043592453,-6.4102559089660645,-8.00603199005127,blur,3x3
2_2_01_2e3151dd_r04c04__blur_kernel_3,./data/robustness/blur/kernel_3/normalized_32x32/2/2_2_01_2e3151dd_r04c04__blur_kernel_3.npy,2,3,0,0.9463809548796404,-5.293042182922363,-3.285461664199829,2.234727144241333,5.205563068389893,-2.9485585689544678,-1.9189311265945435,-8.316934585571289,-1.0317726135253906,-1.0253533124923706,-3.620318651199341,blur,3x3
2_2_02_cbfae05c_r01c01__blur_kernel_3,./data/robustness/blur/kernel_3/normalized_32x32/2/2_2_02_cbfae05c_r01c01__blur_kernel_3.npy,2,2,1,0.9999999400543453,-7.283096790313721,-7.850037574768066,14.325876235961914,-4.613039493560791,-7.6211700439453125,-8.670915603637695,-8.918136596679688,-2.4322075843811035,-8.395122528076172,-13.807772636413574,blur,3x3
2_2_02_cbfae05c_r01c02__blur_kernel_3,./data/robustness/blur/kernel_3/normalized_32x32/2/2_2_02_cbfae05c_r01c02__blur_kernel_3.npy,2,2,1,0.9999944235589231,-6.825744152069092,-5.761744499206543,12.27882194519043,-3.4803905487060547,-6.410743236541748,-8.609192848205566,-12.425990104675293,0.1499168574810028,-7.216545104980469,-8.972501754760742,blur,3x3
2_2_02_cbfae05c_r01c03__blur_kernel_3,./data/robustness/blur/kernel_3/normalized_32x32/2/2_2_02_cbfae05c_r01c03__blur_kernel_3.npy,2,2,1,0.9993510542701322,-7.61899471282959,-3.0003514289855957,8.314413070678711,-0.48413586616516113,-5.147225856781006,-6.521183013916016,-11.060791969299316,0.6781846880912781,-5.0690741539001465,-7.552366256713867,blur,3x3
2_2_02_cbfae05c_r01c04__blur_kernel_3,./data/robustness/blur/kernel_3/normalized_32x32/2/2_2_02_cbfae05c_r01c04__blur_kernel_3.npy,2,2,1,0.7473870610328467,-3.791746139526367,2.850493907928467,4.107791900634766,-6.147385597229004,-3.2822530269622803,-4.169042110443115,-7.055753707885742,1.1375277042388916,-3.4899790287017822,-3.5133275985717773,blur,3x3
2_2_02_cbfae05c_r02c01__blur_kernel_3,./data/robustness/blur/kernel_3/normalized_32x32/2/2_2_02_cbfae05c_r02c01__blur_kernel_3.npy,2,2,1,0.9999997339506865,-10.680459022521973,-4.134721755981445,13.318766593933105,-2.250784158706665,-3.7110378742218018,-4.370018482208252,-10.233102798461914,-5.693999290466309,-10.25136947631836,-11.998274803161621,blur,3x3
2_2_02_cbfae05c_r02c02__blur_kernel_3,./data/robustness/blur/kernel_3/normalized_32x32/2/2_2_02_cbfae05c_r02c02__blur_kernel_3.npy,2,2,1,0.9999995951968881,-7.578494071960449,-8.443277359008789,13.938911437988281,-2.8952529430389404,-7.606357574462891,-8.850215911865234,-10.34642219543457,-0.9133820533752441,-9.03606128692627,-14.298376083374023,blur,3x3
2_2_02_cbfae05c_r02c03__blur_kernel_3,./data/robustness/blur/kernel_3/normalized_32x32/2/2_2_02_cbfae05c_r02c03__blur_kernel_3.npy,2,2,1,0.999998760490931,-6.567073345184326,-7.11419677734375,13.084036827087402,-3.8310604095458984,-7.5299153327941895,-8.3294677734375,-9.482304573059082,-0.5601526498794556,-7.47319221496582,-13.478655815124512,blur,3x3
2_2_02_cbfae05c_r02c04__blur_kernel_3,./data/robustness/blur/kernel_3/normalized_32x32/2/2_2_02_cbfae05c_r02c04__blur_kernel_3.npy,2,2,1,0.9999998703192111,-8.108027458190918,-9.351753234863281,15.020384788513184,-3.274056911468506,-7.760950565338135,-9.791662216186523,-11.41492748260498,-0.9316157698631287,-11.674592018127441,-14.530808448791504,blur,3x3
2_2_02_cbfae05c_r03c01__blur_kernel_3,./data/robustness/blur/kernel_3/normalized_32x32/2/2_2_02_cbfae05c_r03c01__blur_kernel_3.npy,2,2,1,0.9999988167522859,-8.709900856018066,-5.643144607543945,13.882757186889648,-4.7604899406433105,-6.4254069328308105,-9.303877830505371,-8.561383247375488,0.2241021692752838,-8.610183715820312,-12.547597885131836,blur,3x3
2_2_02_cbfae05c_r03c02__blur_kernel_3,./data/robustness/blur/kernel_3/normalized_32x32/2/2_2_02_cbfae05c_r03c02__blur_kernel_3.npy,2,2,1,0.9999982129033198,-10.090752601623535,-3.304084300994873,13.636711120605469,-4.698432445526123,-6.267366409301758,-10.223254203796387,-11.594406127929688,0.3687913715839386,-7.287588119506836,-11.736869812011719,blur,3x3
2_2_02_cbfae05c_r03c03__blur_kernel_3,./data/robustness/blur/kernel_3/normalized_32x32/2/2_2_02_cbfae05c_r03c03__blur_kernel_3.npy,2,2,1,0.9999945861318054,-10.08525276184082,-3.976762294769287,12.236361503601074,-3.5290956497192383,-5.785303592681885,-9.366324424743652,-9.11829948425293,0.06256410479545593,-9.026363372802734,-11.793030738830566,blur,3x3
2_2_02_cbfae05c_r03c04__blur_kernel_3,./data/robustness/blur/kernel_3/normalized_32x32/2/2_2_02_cbfae05c_r03c04__blur_kernel_3.npy,2,2,1,0.9999331339297548,-9.173700332641602,-3.4854185581207275,10.854899406433105,-2.037229061126709,-5.1990180015563965,-7.805724143981934,-12.81392765045166,1.190651297569275,-5.129730224609375,-7.088366985321045,blur,3x3
2_2_02_cbfae05c_r04c01__blur_kernel_3,./data/robustness/blur/kernel_3/normalized_32x32/2/2_2_02_cbfae05c_r04c01__blur_kernel_3.npy,2,2,1,0.9999697851544002,-7.166726589202881,-6.252342224121094,11.124464988708496,-2.443650245666504,-6.222292423248291,-8.23155689239502,-10.84168815612793,0.671134889125824,-7.388913154602051,-10.014824867248535,blur,3x3
2_2_02_cbfae05c_r04c02__blur_kernel_3,./data/robustness/blur/kernel_3/normalized_32x32/2/2_2_02_cbfae05c_r04c02__blur_kernel_3.npy,2,2,1,0.9999972918274002,-6.563809394836426,-4.3100361824035645,12.702003479003906,-5.973776817321777,-6.678499698638916,-8.899699211120605,-9.330744743347168,-0.15378886461257935,-4.340578556060791,-10.504761695861816,blur,3x3
2_2_02_cbfae05c_r04c03__blur_kernel_3,./data/robustness/blur/kernel_3/normalized_32x32/2/2_2_02_cbfae05c_r04c03__blur_kernel_3.npy,2,2,1,0.9998734055505334,-5.085345268249512,-3.2515175342559814,7.626454830169678,-3.444795608520508,-2.2350025177001953,-4.606040000915527,-4.1436896324157715,-2.9972424507141113,-10.065659523010254,-8.826155662536621,blur,3x3
2_2_02_cbfae05c_r04c04__blur_kernel_3,./data/robustness/blur/kernel_3/normalized_32x32/2/2_2_02_cbfae05c_r04c04__blur_kernel_3.npy,2,2,1,0.9999741946253647,-7.18255615234375,-5.430920124053955,9.723877906799316,-1.0912810564041138,-5.307066440582275,-6.760776519775391,-6.374929428100586,-2.59635853767395,-4.840593338012695,-9.45375919342041,blur,3x3
3_3_01_3ef7df64_r01c01__blur_kernel_3,./data/robustness/blur/kernel_3/normalized_32x32/3/3_3_01_3ef7df64_r01c01__blur_kernel_3.npy,3,3,1,0.9987551004742539,-4.539249897003174,-4.300920009613037,-3.2892093658447266,6.786386489868164,-5.148780345916748,-0.4460982084274292,-6.31384801864624,-4.238307952880859,-1.2430601119995117,-2.3881468772888184,blur,3x3
3_3_01_3ef7df64_r01c02__blur_kernel_3,./data/robustness/blur/kernel_3/normalized_32x32/3/3_3_01_3ef7df64_r01c02__blur_kernel_3.npy,3,3,1,0.9994105231384813,-4.533280849456787,-5.304573059082031,-3.712883472442627,7.478646278381348,-4.765749931335449,-0.2529265284538269,-7.743701934814453,-4.004477024078369,-2.0125484466552734,-2.711765766143799,blur,3x3
3_3_01_3ef7df64_r01c03__blur_kernel_3,./data/robustness/blur/kernel_3/normalized_32x32/3/3_3_01_3ef7df64_r01c03__blur_kernel_3.npy,3,3,1,0.9890657621064899,-2.947713851928711,-4.256628036499023,-4.838352203369141,4.793144226074219,-3.7478675842285156,-0.1185048297047615,-8.538183212280273,-1.724778652191162,-5.700755596160889,-1.7956644296646118,blur,3x3
3_3_01_3ef7df64_r01c04__blur_kernel_3,./data/robustness/blur/kernel_3/normalized_32x32/3/3_3_01_3ef7df64_r01c04__blur_kernel_3.npy,3,3,1,0.9998782343276601,-5.5732526779174805,-6.547133445739746,-4.185316562652588,9.099418640136719,-6.542567253112793,-0.21488890051841736,-8.014066696166992,-5.699957847595215,-1.4132673740386963,-4.2404656410217285,blur,3x3
3_3_01_3ef7df64_r02c01__blur_kernel_3,./data/robustness/blur/kernel_3/normalized_32x32/3/3_3_01_3ef7df64_r02c01__blur_kernel_3.npy,3,3,1,0.9934241468722468,-6.943909645080566,-5.3460235595703125,-6.651736736297607,7.516757011413574,-7.428129196166992,2.465359687805176,-6.124927043914795,-6.319029808044434,-0.9674275517463684,-4.5115766525268555,blur,3x3
3_3_01_3ef7df64_r02c02__blur_kernel_3,./data/robustness/blur/kernel_3/normalized_32x32/3/3_3_01_3ef7df64_r02c02__blur_kernel_3.npy,3,3,1,0.9999991746848748,-9.864429473876953,-7.737295627593994,-4.919610977172852,13.107383728027344,-9.652320861816406,-2.0410547256469727,-12.028524398803711,-7.061517238616943,-1.3223671913146973,-6.564707279205322,blur,3x3
3_3_01_3ef7df64_r02c03__blur_kernel_3,./data/robustness/blur/kernel_3/normalized_32x32/3/3_3_01_3ef7df64_r02c03__blur_kernel_3.npy,3,3,1,0.9999314036590251,-4.858996391296387,-5.5661845207214355,-4.966344833374023,8.868765830993652,-6.57766056060791,-1.6112303733825684,-8.796391487121582,-4.720863342285156,-1.5145710706710815,-3.2450244426727295,blur,3x3
3_3_01_3ef7df64_r02c04__blur_kernel_3,./data/robustness/blur/kernel_3/normalized_32x32/3/3_3_01_3ef7df64_r02c04__blur_kernel_3.npy,3,3,1,0.9991462289685705,-3.275040626525879,-4.054943561553955,-3.34527325630188,6.546395778656006,-4.941519737243652,-1.715958833694458,-8.0797758102417,-3.407989501953125,-2.186593770980835,-1.7585095167160034,blur,3x3
3_3_01_3ef7df64_r03c01__blur_kernel_3,./data/robustness/blur/kernel_3/normalized_32x32/3/3_3_01_3ef7df64_r03c01__blur_kernel_3.npy,3,3,1,0.9999940324865219,-8.179837226867676,-6.492154598236084,-5.0814995765686035,11.236220359802246,-8.822090148925781,-1.4046249389648438,-10.132838249206543,-6.525540351867676,-1.673177719116211,-4.631677627563477,blur,3x3
3_3_01_3ef7df64_r03c02__blur_kernel_3,./data/robustness/blur/kernel_3/normalized_32x32/3/3_3_01_3ef7df64_r03c02__blur_kernel_3.npy,3,3,1,0.9999418781012231,-7.185857772827148,-5.720020294189453,-4.434825897216797,9.800802230834961,-7.755052089691162,-1.2772945165634155,-8.707733154296875,-6.687894344329834,-0.3008994162082672,-4.391581058502197,blur,3x3
3_3_01_3ef7df64_r03c03__blur_kernel_3,./data/robustness/blur/kernel_3/normalized_32x32/3/3_3_01_3ef7df64_r03c03__blur_kernel_3.npy,3,3,1,0.997532228481668,-6.309432029724121,-6.072861671447754,0.8406369090080261,6.978734016418457,-3.98954176902771,-3.475243330001831,-9.532262802124023,-4.097769737243652,-1.3356127738952637,-5.351114749908447,blur,3x3
3_3_01_3ef7df64_r03c04__blur_kernel_3,./data/robustness/blur/kernel_3/normalized_32x32/3/3_3_01_3ef7df64_r03c04__blur_kernel_3.npy,3,3,1,0.8187803072858021,-2.3514366149902344,-2.1848740577697754,-0.47001397609710693,2.4129960536956787,-1.1898789405822754,-1.470982551574707,-5.060349464416504,-0.7991729974746704,-1.9646100997924805,-0.6758363842964172,blur,3x3
3_3_01_3ef7df64_r04c01__blur_kernel_3,./data/robustness/blur/kernel_3/normalized_32x32/3/3_3_01_3ef7df64_r04c01__blur_kernel_3.npy,3,3,1,0.7096036548654595,-1.3455865383148193,-2.7255077362060547,-3.723142385482788,1.7218111753463745,-1.6396353244781494,-1.0230165719985962,-5.30300760269165,-0.034885257482528687,-4.730544567108154,-0.900395393371582,blur,3x3
3_3_01_3ef7df64_r04c02__blur_kernel_3,./data/robustness/blur/kernel_3/normalized_32x32/3/3_3_01_3ef7df64_r04c02__blur_kernel_3.npy,3,3,1,0.628459664369466,-2.7216978073120117,-1.3356653451919556,-2.6035969257354736,1.8189276456832886,-0.3746158480644226,-2.066350221633911,-5.700890064239502,-0.05687418580055237,-1.644943118095398,0.25216609239578247,blur,3x3
3_3_01_3ef7df64_r04c03__blur_kernel_3,./data/robustness/blur/kernel_3/normalized_32x32/3/3_3_01_3ef7df64_r04c03__blur_kernel_3.npy,3,9,0,0.35294486799528874,-3.3736581802368164,0.3571097254753113,-0.8838375806808472,-1.4344491958618164,1.6528403759002686,-3.350956678390503,-5.922318935394287,1.293560266494751,-3.180664539337158,1.7973707914352417,blur,3x3
3_3_01_3ef7df64_r04c04__blur_kernel_3,./data/robustness/blur/kernel_3/normalized_32x32/3/3_3_01_3ef7df64_r04c04__blur_kernel_3.npy,3,1,0,0.896715403187532,-3.95928692817688,4.054933547973633,-1.3909659385681152,-3.4747819900512695,1.054931640625,-3.572979688644409,-6.594177722930908,0.9559655785560608,-3.504356861114502,-0.20770329236984253,blur,3x3
3_3_02_0ace0337_r01c01__blur_kernel_3,./data/robustness/blur/kernel_3/normalized_32x32/3/3_3_02_0ace0337_r01c01__blur_kernel_3.npy,3,3,1,0.9992898846145545,-5.212226390838623,-4.439290523529053,-4.45146369934082,7.288249492645264,-5.033745288848877,-0.3720877766609192,-8.698040008544922,-3.48075270652771,-2.5520737171173096,-1.5796467065811157,blur,3x3
3_3_02_0ace0337_r01c02__blur_kernel_3,./data/robustness/blur/kernel_3/normalized_32x32/3/3_3_02_0ace0337_r01c02__blur_kernel_3.npy,3,5,0,0.4509870592706348,-1.9503763914108276,-2.819894552230835,-2.301596164703369,1.4192326068878174,-0.9347942471504211,1.5438671112060547,-4.208637237548828,-2.778323173522949,-2.300682783126831,-0.36422380805015564,blur,3x3
3_3_02_0ace0337_r01c03__blur_kernel_3,./data/robustness/blur/kernel_3/normalized_32x32/3/3_3_02_0ace0337_r01c03__blur_kernel_3.npy,3,3,1,0.9991069304060208,-5.061014175415039,-4.303006172180176,-3.141096591949463,7.315989017486572,-5.778877258300781,-0.43078842759132385,-5.498527526855469,-4.006499290466309,-0.5306167006492615,-4.028761386871338,blur,3x3
3_3_02_0ace0337_r01c04__blur_kernel_3,./data/robustness/blur/kernel_3/normalized_32x32/3/3_3_02_0ace0337_r01c04__blur_kernel_3.npy,3,3,1,0.9993575853456031,-7.139638423919678,-4.515800952911377,-5.237310409545898,7.691751480102539,-6.929493427276611,-0.14921177923679352,-9.417869567871094,-5.189146518707275,-1.4336045980453491,-1.2573304176330566,blur,3x3
3_3_02_0ace0337_r02c01__blur_kernel_3,./data/robustness/blur/kernel_3/normalized_32x32/3/3_3_02_0ace0337_r02c01__blur_kernel_3.npy,3,3,1,0.9981865167496321,-5.117250442504883,-4.159861087799072,-3.6085305213928223,6.72498083114624,-5.327024459838867,-0.3114562928676605,-6.5408406257629395,-4.633541107177734,-0.48138588666915894,-2.3199939727783203,blur,3x3
3_3_02_0ace0337_r02c02__blur_kernel_3,./data/robustness/blur/kernel_3/normalized_32x32/3/3_3_02_0ace0337_r02c02__blur_kernel_3.npy,3,3,1,0.987085670319378,-3.883192300796509,-2.8360586166381836,-2.2252819538116455,4.960678577423096,-4.221986770629883,0.1586923748254776,-4.899880409240723,-3.480161190032959,-1.15322744846344,-1.9727706909179688,blur,3x3
3_3_02_0ace0337_r02c03__blur_kernel_3,./data/robustness/blur/kernel_3/normalized_32x32/3/3_3_02_0ace0337_r02c03__blur_kernel_3.npy,3,3,1,0.9997187481512311,-5.168819427490234,-5.5452985763549805,-3.800034284591675,8.152649879455566,-5.632573127746582,-0.3874007761478424,-7.9099578857421875,-4.791232585906982,-1.5211029052734375,-3.340036630630493,blur,3x3
3_3_02_0ace0337_r02c04__blur_kernel_3,./data/robustness/blur/kernel_3/normalized_32x32/3/3_3_02_0ace0337_r02c04__blur_kernel_3.npy,3,3,1,0.9999792697838389,-7.847537517547607,-6.583255767822266,-3.166275978088379,10.508584022521973,-7.724709510803223,-1.148565411567688,-9.349934577941895,-6.156397342681885,-0.9361495971679688,-5.647892475128174,blur,3x3
3_3_02_0ace0337_r03c01__blur_kernel_3,./data/robustness/blur/kernel_3/normalized_32x32/3/3_3_02_0ace0337_r03c01__blur_kernel_3.npy,3,3,1,0.9999397752391967,-6.6273722648620605,-5.446382999420166,-3.0710480213165283,9.094229698181152,-6.466167449951172,-1.2630378007888794,-7.640723705291748,-3.8996071815490723,-1.7599472999572754,-4.945075035095215,blur,3x3
3_3_02_0ace0337_r03c02__blur_kernel_3,./data/robustness/blur/kernel_3/normalized_32x32/3/3_3_02_0ace0337_r03c02__blur_kernel_3.npy,3,3,1,0.6826679421705636,-1.0218161344528198,-3.2302284240722656,-3.3670554161071777,2.0675506591796875,-1.9005056619644165,-0.23630009591579437,-5.3821845054626465,-1.4468799829483032,-2.317440986633301,0.6746408343315125,blur,3x3
3_3_02_0ace0337_r03c03__blur_kernel_3,./data/robustness/blur/kernel_3/normalized_32x32/3/3_3_02_0ace0337_r03c03__blur_kernel_3.npy,3,9,0,0.4277170345619676,-2.037353515625,-2.1995761394500732,-3.781242609024048,1.2241675853729248,-0.9505219459533691,-1.0990756750106812,-6.330286502838135,-0.02545207366347313,-3.5151445865631104,1.393645167350769,blur,3x3
3_3_02_0ace0337_r03c04__blur_kernel_3,./data/robustness/blur/kernel_3/normalized_32x32/3/3_3_02_0ace0337_r03c04__blur_kernel_3.npy,3,3,1,0.9580166358130023,-3.8131608963012695,-1.8027088642120361,-1.2538995742797852,3.721940040588379,-1.9816101789474487,-1.727729320526123,-6.429324626922607,-0.3960202634334564,-2.802558422088623,-1.242248296737671,blur,3x3
3_3_02_0ace0337_r04c01__blur_kernel_3,./data/robustness/blur/kernel_3/normalized_32x32/3/3_3_02_0ace0337_r04c01__blur_kernel_3.npy,3,3,1,0.9978754034679663,-4.162691593170166,-4.631906032562256,-3.108344078063965,6.093662738800049,-3.6163108348846436,-0.8391342163085938,-6.215847969055176,-1.1012588739395142,-3.4368464946746826,-3.0422096252441406,blur,3x3
3_3_02_0ace0337_r04c02__blur_kernel_3,./data/robustness/blur/kernel_3/normalized_32x32/3/3_3_02_0ace0337_r04c02__blur_kernel_3.npy,3,3,1,0.9959177215022226,-4.305785179138184,-3.7630372047424316,-1.797684669494629,5.924075603485107,-4.521026134490967,-0.04716618359088898,-4.768683910369873,-3.1064915657043457,-1.201485514640808,-4.459716796875,blur,3x3
3_3_02_0ace0337_r04c03__blur_kernel_3,./data/robustness/blur/kernel_3/normalized_32x32/3/3_3_02_0ace0337_r04c03__blur_kernel_3.npy,3,3,1,0.9819236740324765,-3.973078966140747,-2.99385404586792,0.08961629867553711,4.707106113433838,-3.4853355884552,-0.565260648727417,-5.360732078552246,-2.3201844692230225,-1.94680917263031,-3.4653844833374023,blur,3x3
3_3_02_0ace0337_r04c04__blur_kernel_3,./data/robustness/blur/kernel_3/normalized_32x32/3/3_3_02_0ace0337_r04c04__blur_kernel_3.npy,3,1,0,0.7550838456936465,-2.5624687671661377,2.8196523189544678,-0.7669793963432312,-2.3579154014587402,0.9956164360046387,-1.8977466821670532,-3.8332300186157227,0.1975599229335785,-2.5052664279937744,-0.4690094590187073,blur,3x3
4_4_01_ecfe458e_r01c01__blur_kernel_3,./data/robustness/blur/kernel_3/normalized_32x32/4/4_4_01_ecfe458e_r01c01__blur_kernel_3.npy,4,4,1,0.9832827359060743,-4.04677152633667,-1.9800245761871338,-2.9612817764282227,-3.7318527698516846,5.074719429016113,-2.5213849544525146,-3.794156551361084,-4.0097174644470215,-0.7858691215515137,0.6476495862007141,blur,3x3
4_4_01_ecfe458e_r01c02__blur_kernel_3,./data/robustness/blur/kernel_3/normalized_32x32/4/4_4_01_ecfe458e_r01c02__blur_kernel_3.npy,4,4,1,0.9998992105812453,-6.702402591705322,-1.584304690361023,-3.516444206237793,-7.8311872482299805,10.432008743286133,-5.241170406341553,-3.8560891151428223,-2.040311336517334,-7.165492057800293,1.1073559522628784,blur,3x3
4_4_01_ecfe458e_r01c03__blur_kernel_3,./data/robustness/blur/kernel_3/normalized_32x32/4/4_4_01_ecfe458e_r01c03__blur_kernel_3.npy,4,4,1,0.9992704687817062,-6.423087120056152,-1.737074613571167,-5.249124050140381,-7.837873458862305,9.162861824035645,-5.485471248626709,-3.231459617614746,-0.6540272831916809,-5.569857597351074,1.8263870477676392,blur,3x3
4_4_01_ecfe458e_r01c04__blur_kernel_3,./data/robustness/blur/kernel_3/normalized_32x32/4/4_4_01_ecfe458e_r01c04__blur_kernel_3.npy,4,4,1,0.99998379075109,-5.041188716888428,-3.6243958473205566,-6.708245277404785,-8.091833114624023,11.207463264465332,-3.6886916160583496,-1.1513960361480713,-2.4910383224487305,-6.31503963470459,-0.3095211982727051,blur,3x3
4_4_01_ecfe458e_r02c01__blur_kernel_3,./data/robustness/blur/kernel_3/normalized_32x32/4/4_4_01_ecfe458e_r02c01__blur_kernel_3.npy,4,4,1,0.9999995983213964,-6.767354965209961,-3.923126220703125,-5.046074390411377,-9.340461730957031,13.283170700073242,-2.917501211166382,-4.254653453826904,-4.331047058105469,-6.902322769165039,-2.0714776515960693,blur,3x3
4_4_01_ecfe458e_r02c02__blur_kernel_3,./data/robustness/blur/kernel_3/normalized_32x32/4/4_4_01_ecfe458e_r02c02__blur_kernel_3.npy,4,4,1,0.999989222333006,-5.051279544830322,-2.94079327583313,-3.9987504482269287,-7.703609943389893,10.335647583007812,-2.4927725791931152,-4.575592517852783,-4.990164279937744,-2.332963466644287,-2.8599185943603516,blur,3x3
4_4_01_ecfe458e_r02c03__blur_kernel_3,./data/robustness/blur/kernel_3/normalized_32x32/4/4_4_01_ecfe458e_r02c03__blur_kernel_3.npy,4,4,1,0.9999992716241114,-7.345012664794922,-4.899350643157959,-6.775422096252441,-10.785264015197754,13.548050880432129,-3.838175058364868,-4.963811874389648,-3.2842724323272705,-5.19049072265625,-0.7410225868225098,blur,3x3
4_4_01_ecfe458e_r02c04__blur_kernel_3,./data/robustness/blur/kernel_3/normalized_32x32/4/4_4_01_ecfe458e_r02c04__blur_kernel_3.npy,4,4,1,0.9999465165368974,-8.643625259399414,-4.417303562164307,-6.81601619720459,-10.1056547164917,11.595571517944336,-5.595909118652344,-7.00899600982666,-3.476145029067993,-3.1486971378326416,1.7435535192489624,blur,3x3
4_4_01_ecfe458e_r03c01__blur_kernel_3,./data/robustness/blur/kernel_3/normalized_32x32/4/4_4_01_ecfe458e_r03c01__blur_kernel_3.npy,4,4,1,0.999388216636467,-4.829484939575195,0.02512657642364502,-1.5716835260391235,-6.001441955566406,7.808649063110352,-2.1083579063415527,-4.819131374359131,-4.684308052062988,-2.300082206726074,-3.7129650115966797,blur,3x3
4_4_01_ecfe458e_r03c02__blur_kernel_3,./data/robustness/blur/kernel_3/normalized_32x32/4/4_4_01_ecfe458e_r03c02__blur_kernel_3.npy,4,4,1,0.9999823102961328,-6.329833984375,-1.7946529388427734,-2.9077937602996826,-8.204405784606934,10.066367149353027,-2.471116304397583,-5.007576942443848,-2.957521915435791,-3.8804097175598145,-3.513869047164917,blur,3x3
4_4_01_ecfe458e_r03c03__blur_kernel_3,./data/robustness/blur/kernel_3/normalized_32x32/4/4_4_01_ecfe458e_r03c03__blur_kernel_3.npy,4,4,1,0.9999986161135939,-7.319377422332764,-1.9625993967056274,-3.407794952392578,-9.2976655960083,12.226066589355469,-2.896542549133301,-5.96516227722168,-5.746911525726318,-4.2619123458862305,-3.413135290145874,blur,3x3
4_4_01_ecfe458e_r03c04__blur_kernel_3,./data/robustness/blur/kernel_3/normalized_32x32/4/4_4_01_ecfe458e_r03c04__blur_kernel_3.npy,4,4,1,0.9999198796419063,-6.619081974029541,-1.15017569065094,-3.282727003097534,-7.227908134460449,9.45169448852539,-4.220676422119141,-5.216767311096191,-1.4100323915481567,-5.798281192779541,-0.9249734878540039,blur,3x3
4_4_01_ecfe458e_r04c01__blur_kernel_3,./data/robustness/blur/kernel_3/normalized_32x32/4/4_4_01_ecfe458e_r04c01__blur_kernel_3.npy,4,4,1,0.8769505065525303,-4.572571754455566,-0.7199293971061707,-3.826528549194336,-4.063724994659424,4.955211639404297,-3.1937806606292725,-5.312416076660156,-1.3866357803344727,-3.825866937637329,2.947526454925537,blur,3x3
4_4_01_ecfe458e_r04c02__blur_kernel_3,./data/robustness/blur/kernel_3/normalized_32x32/4/4_4_01_ecfe458e_r04c02__blur_kernel_3.npy,4,4,1,0.999974143852778,-6.785584926605225,-1.626115322113037,-3.1695597171783447,-8.500819206237793,10.270105361938477,-5.343952655792236,-5.7830491065979,-3.3356387615203857,-3.974558115005493,-0.8122347593307495,blur,3x3
4_4_01_ecfe458e_r04c03__blur_kernel_3,./data/robustness/blur/kernel_3/normalized_32x32/4/4_4_01_ecfe458e_r04c03__blur_kernel_3.npy,4,4,1,0.9895767364797341,-6.277334213256836,0.14561395347118378,-5.168102741241455,-6.692929267883301,6.510688304901123,-3.6867659091949463,-7.3894805908203125,-1.3489043712615967,-3.855713129043579,1.7244328260421753,blur,3x3
4_4_01_ecfe458e_r04c04__blur_kernel_3,./data/robustness/blur/kernel_3/normalized_32x32/4/4_4_01_ecfe458e_r04c04__blur_kernel_3.npy,4,4,1,0.999996943168012,-7.428483486175537,-2.5284056663513184,-2.9997012615203857,-8.850382804870605,11.476797103881836,-4.473611354827881,-5.279824733734131,-2.721906900405884,-4.9889235496521,-2.5842814445495605,blur,3x3
4_4_02_b6e2cbed_r01c01__blur_kernel_3,./data/robustness/blur/kernel_3/normalized_32x32/4/4_4_02_b6e2cbed_r01c01__blur_kernel_3.npy,4,4,1,0.9998194715796302,-7.450352668762207,-1.6113409996032715,-0.706391453742981,-7.126025199890137,9.832993507385254,-5.451237678527832,-7.350785255432129,-0.736054003238678,-7.499913692474365,0.7823036909103394,blur,3x3
4_4_02_b6e2cbed_r01c02__blur_kernel_3,./data/robustness/blur/kernel_3/normalized_32x32/4/4_4_02_b6e2cbed_r01c02__blur_kernel_3.npy,4,4,1,0.9956895566252965,-2.8316490650177,-4.494906425476074,-5.336482524871826,-4.907795429229736,6.87831974029541,-1.5230004787445068,-4.963118076324463,-5.165886878967285,-1.517401933670044,1.3005218505859375,blur,3x3
4_4_02_b6e2cbed_r01c03__blur_kernel_3,./data/robustness/blur/kernel_3/normalized_32x32/4/4_4_02_b6e2cbed_r01c03__blur_kernel_3.npy,4,4,1,0.999996359891474,-6.8915557861328125,-4.150005340576172,-5.699671268463135,-8.76720905303955,11.626876831054688,-1.8067848682403564,-4.906257152557373,-3.927605152130127,-4.274865627288818,-1.7011250257492065,blur,3x3
4_4_02_b6e2cbed_r01c04__blur_kernel_3,./data/robustness/blur/kernel_3/normalized_32x32/4/4_4_02_b6e2cbed_r01c04__blur_kernel_3.npy,4,4,1,0.9999918818838844,-4.916901588439941,-3.9322121143341064,-4.063117504119873,-7.106484413146973,10.898889541625977,-2.5835046768188477,-2.760222911834717,-2.373102903366089,-6.294919013977051,-1.8290566205978394,blur,3x3
4_4_02_b6e2cbed_r02c01__blur_kernel_3,./data/robustness/blur/kernel_3/normalized_32x32/4/4_4_02_b6e2cbed_r02c01__blur_kernel_3.npy,4,4,1,0.9998580073476664,-4.745497226715088,-2.1252002716064453,-2.899019241333008,-7.349273204803467,8.572270393371582,-1.3660850524902344,-3.781500816345215,-5.266302585601807,-1.4922510385513306,-2.8382389545440674,blur,3x3
4_4_02_b6e2cbed_r02c02__blur_kernel_3,./data/robustness/blur/kernel_3/normalized_32x32/4/4_4_02_b6e2cbed_r02c02__blur_kernel_3.npy,4,4,1,0.9930272472051507,-5.63976526260376,-1.1563985347747803,-1.639851689338684,-3.2935967445373535,5.521699905395508,-2.9474599361419678,-3.710479736328125,-0.05574195459485054,-3.28271484375,-1.9220952987670898,blur,3x3
4_4_02_b6e2cbed_r02c03__blur_kernel_3,./data/robustness/blur/kernel_3/normalized_32x32/4/4_4_02_b6e2cbed_r02c03__blur_kernel_3.npy,4,4,1,0.9999957588956186,-7.126509189605713,-2.324518918991089,-3.4185338020324707,-8.951544761657715,10.95628547668457,-3.1716208457946777,-4.827990531921387,-3.320464849472046,-4.597295761108398,-4.173720359802246,blur,3x3
4_4_02_b6e2cbed_r02c04__blur_kernel_3,./data/robustness/blur/kernel_3/normalized_32x32/4/4_4_02_b6e2cbed_r02c04__blur_kernel_3.npy,4,4,1,0.9999962391016854,-5.8744120597839355,-4.490291595458984,-5.412976264953613,-8.00420093536377,11.282232284545898,-2.6697680950164795,-6.161417007446289,-4.194920063018799,-3.297276258468628,-1.8556160926818848,blur,3x3
4_4_02_b6e2cbed_r03c01__blur_kernel_3,./data/robustness/blur/kernel_3/normalized_32x32/4/4_4_02_b6e2cbed_r03c01__blur_kernel_3.npy,4,4,1,0.9999559475162362,-5.1440253257751465,-0.8325269818305969,-2.6639599800109863,-9.187541961669922,10.251154899597168,-2.191359758377075,-5.277268409729004,-7.611170291900635,-0.49055853486061096,-4.933168888092041,blur,3x3
4_4_02_b6e2cbed_r03c02__blur_kernel_3,./data/robustness/blur/kernel_3/normalized_32x32/4/4_4_02_b6e2cbed_r03c02__blur_kernel_3.npy,4,4,1,0.9922622435793694,-5.837787628173828,-1.7046661376953125,-3.813429117202759,-5.982022285461426,7.20921516418457,-4.577324390411377,-6.513051509857178,-1.96242094039917,-3.558739185333252,2.317631721496582,blur,3x3
4_4_02_b6e2cbed_r03c03__blur_kernel_3,./data/robustness/blur/kernel_3/normalized_32x32/4/4_4_02_b6e2cbed_r03c03__blur_kernel_3.npy,4,4,1,0.9984622300372984,-5.674893856048584,-1.5522242784500122,-4.242437839508057,-8.30289077758789,7.0543012619018555,-3.691317319869995,-4.616745471954346,-3.1716341972351074,-0.9678494334220886,0.09233266115188599,blur,3x3
4_4_02_b6e2cbed_r03c04__blur_kernel_3,./data/robustness/blur/kernel_3/normalized_32x32/4/4_4_02_b6e2cbed_r03c04__blur_kernel_3.npy,4,4,1,0.9999997327168929,-8.35073471069336,-2.7106010913848877,-4.327070713043213,-8.98320484161377,13.227723121643066,-4.183974742889404,-7.965439319610596,-5.203277587890625,-4.641120433807373,-3.2782187461853027,blur,3x3
4_4_02_b6e2cbed_r04c01__blur_kernel_3,./data/robustness/blur/kernel_3/normalized_32x32/4/4_4_02_b6e2cbed_r04c01__blur_kernel_3.npy,4,4,1,0.9999930023552567,-6.037753105163574,-2.529623508453369,-2.9475553035736084,-8.645796775817871,10.770354270935059,-3.9187402725219727,-5.029664993286133,-5.926381587982178,-2.592578887939453,-2.3603127002716064,blur,3x3
4_4_02_b6e2cbed_r04c02__blur_kernel_3,./data/robustness/blur/kernel_3/normalized_32x32/4/4_4_02_b6e2cbed_r04c02__blur_kernel_3.npy,4,4,1,0.9999999669925763,-8.72777271270752,-2.4604902267456055,-5.030993938446045,-11.856315612792969,15.321194648742676,-3.398531675338745,-6.2794108390808105,-7.360755920410156,-5.482817649841309,-4.099099159240723,blur,3x3
4_4_02_b6e2cbed_r04c03__blur_kernel_3,./data/robustness/blur/kernel_3/normalized_32x32/4/4_4_02_b6e2cbed_r04c03__blur_kernel_3.npy,4,4,1,0.6502834908531517,-4.157025337219238,-1.6294610500335693,-4.154294013977051,-4.117539882659912,3.9853827953338623,-2.4922564029693604,-4.886377334594727,-0.4666716754436493,-3.588637590408325,3.3303329944610596,blur,3x3
4_4_02_b6e2cbed_r04c04__blur_kernel_3,./data/robustness/blur/kernel_3/normalized_32x32/4/4_4_02_b6e2cbed_r04c04__blur_kernel_3.npy,4,4,1,0.9914327230625538,-4.9704413414001465,-1.0951108932495117,-3.5597524642944336,-5.594482421875,6.597524166107178,-3.382178783416748,-5.208559989929199,-2.0794503688812256,-3.8719794750213623,1.7539904117584229,blur,3x3
5_5_01_bb19e6ee_r01c01__blur_kernel_3,./data/robustness/blur/kernel_3/normalized_32x32/5/5_5_01_bb19e6ee_r01c01__blur_kernel_3.npy,5,5,1,0.9994072550597602,-2.30187726020813,-4.797248363494873,-7.790623664855957,-1.4317283630371094,-3.9228827953338623,6.852387428283691,-3.406217098236084,-4.096835613250732,-4.210453510284424,-2.0471460819244385,blur,3x3
5_5_01_bb19e6ee_r01c02__blur_kernel_3,./data/robustness/blur/kernel_3/normalized_32x32/5/5_5_01_bb19e6ee_r01c02__blur_kernel_3.npy,5,5,1,0.9994794093012112,-4.286664009094238,-5.9675092697143555,-8.467214584350586,-0.7422587275505066,-2.7319462299346924,7.516497611999512,-4.823505878448486,-7.1493964195251465,-3.650677442550659,-1.0079765319824219,blur,3x3
5_5_01_bb19e6ee_r01c03__blur_kernel_3,./data/robustness/blur/kernel_3/normalized_32x32/5/5_5_01_bb19e6ee_r01c03__blur_kernel_3.npy,5,5,1,0.9977579388303802,-4.584850311279297,-6.075665473937988,-8.272469520568848,-2.0797383785247803,-4.042242527008057,7.184528350830078,-5.61372184753418,-5.167335510253906,-4.776786804199219,1.0262477397918701,blur,3x3
5_5_01_bb19e6ee_r01c04__blur_kernel_3,./data/robustness/blur/kernel_3/normalized_32x32/5/5_5_01_bb19e6ee_r01c04__blur_kernel_3.npy,5,5,1,0.9999584333701026,-7.555665493011475,-9.626967430114746,-17.173887252807617,-4.2440690994262695,-6.474642753601074,12.900257110595703,-7.9853620529174805,-8.84633731842041,-6.762795925140381,2.8109965324401855,blur,3x3
5_5_01_bb19e6ee_r02c01__blur_kernel_3,./data/robustness/blur/kernel_3/normalized_32x32/5/5_5_01_bb19e6ee_r02c01__blur_kernel_3.npy,5,5,1,0.998524440837608,-4.3236894607543945,-4.205560684204102,-7.113239765167236,-0.40265190601348877,-1.5665085315704346,6.667050838470459,-4.318220615386963,-7.6686506271362305,-2.2093019485473633,-2.0268540382385254,blur,3x3
5_5_01_bb19e6ee_r02c02__blur_kernel_3,./data/robustness/blur/kernel_3/normalized_32x32/5/5_5_01_bb19e6ee_r02c02__blur_kernel_3.npy,5,5,1,0.9994822791598041,-6.299213409423828,-9.711101531982422,-13.694563865661621,-1.8867579698562622,-5.465399742126465,10.46988296508789,-8.748132705688477,-8.04245662689209,-5.686201572418213,2.8954355716705322,blur,3x3
5_5_01_bb19e6ee_r02c03__blur_kernel_3,./data/robustness/blur/kernel_3/normalized_32x32/5/5_5_01_bb19e6ee_r02c03__blur_kernel_3.npy,5,5,1,0.9997092124779358,-6.505373001098633,-0.38255929946899414,-12.829193115234375,-3.0109612941741943,-7.17836856842041,7.994086265563965,-3.7427515983581543,-4.435892581939697,-2.9498791694641113,-3.207270860671997,blur,3x3
5_5_01_bb19e6ee_r02c04__blur_kernel_3,./data/robustness/blur/kernel_3/normalized_32x32/5/5_5_01_bb19e6ee_r02c04__blur_kernel_3.npy,5,5,1,0.999999438901104,-6.702615737915039,-5.431124687194824,-18.51529884338379,-4.76974630355835,-12.63410472869873,12.920477867126465,-5.556145668029785,-8.785847663879395,-6.923154830932617,-1.5598433017730713,blur,3x3
5_5_01_bb19e6ee_r03c01__blur_kernel_3,./data/robustness/blur/kernel_3/normalized_32x32/5/5_5_01_bb19e6ee_r03c01__blur_kernel_3.npy,5,5,1,0.9999975383889248,-5.830076694488525,-8.560149192810059,-16.24545669555664,-3.2715024948120117,-8.733583450317383,12.460650444030762,-6.327169418334961,-7.559603691101074,-5.9456329345703125,-0.5295143127441406,blur,3x3
5_5_01_bb19e6ee_r03c02__blur_kernel_3,./data/robustness/blur/kernel_3/normalized_32x32/5/5_5_01_bb19e6ee_r03c02__blur_kernel_3.npy,5,5,1,0.9999693154574435,-5.689702987670898,-7.790935516357422,-16.80558204650879,-1.934230089187622,-6.196643352508545,10.108978271484375,-4.174846172332764,-4.541504383087158,-3.0492618083953857,-0.6350309252738953,blur,3x3
5_5_01_bb19e6ee_r03c03__blur_kernel_3,./data/robustness/blur/kernel_3/normalized_32x32/5/5_5_01_bb19e6ee_r03c03__blur_kernel_3.npy,5,5,1,0.9999999927082595,-6.865825176239014,-9.533498764038086,-25.332399368286133,-6.869704246520996,-11.696053504943848,17.30531120300293,-7.425052165985107,-6.282726764678955,-7.510765075683594,-1.4530965089797974,blur,3x3
5_5_01_bb19e6ee_r03c04__blur_kernel_3,./data/robustness/blur/kernel_3/normalized_32x32/5/5_5_01_bb19e6ee_r03c04__blur_kernel_3.npy,5,5,1,0.99999909011732,-6.3994526863098145,-11.101482391357422,-19.98765754699707,-3.0081052780151367,-8.733146667480469,14.78898811340332,-7.446382999420166,-9.38870906829834,-5.312081813812256,0.8551643490791321,blur,3x3
5_5_01_bb19e6ee_r04c01__blur_kernel_3,./data/robustness/blur/kernel_3/normalized_32x32/5/5_5_01_bb19e6ee_r04c01__blur_kernel_3.npy,5,5,1,0.9995115261455083,-2.058462619781494,-5.62646484375,-11.458404541015625,-3.2238807678222656,-3.937669277191162,7.460909366607666,-3.318922758102417,-3.7381913661956787,-5.456485748291016,-0.5193195343017578,blur,3x3
5_5_01_bb19e6ee_r04c02__blur_kernel_3,./data/robustness/blur/kernel_3/normalized_32x32/5/5_5_01_bb19e6ee_r04c02__blur_kernel_3.npy,5,5,1,0.9999999956059906,-5.998696327209473,-9.632539749145508,-25.904409408569336,-7.629334926605225,-9.99213981628418,17.595693588256836,-7.040162563323975,-5.980647563934326,-9.062832832336426,-1.682196855545044,blur,3x3
5_5_01_bb19e6ee_r04c03__blur_kernel_3,./data/robustness/blur/kernel_3/normalized_32x32/5/5_5_01_bb19e6ee_r04c03__blur_kernel_3.npy,5,5,1,0.9999999988638479,-7.115362167358398,-10.444928169250488,-27.820234298706055,-8.100038528442383,-11.236227035522461,18.87483787536621,-7.572573661804199,-6.066504001617432,-8.904478073120117,-1.7441205978393555,blur,3x3
5_5_01_bb19e6ee_r04c04__blur_kernel_3,./data/robustness/blur/kernel_3/normalized_32x32/5/5_5_01_bb19e6ee_r04c04__blur_kernel_3.npy,5,5,1,0.9999998476765922,-5.327690124511719,-9.284758567810059,-15.355941772460938,-5.404321670532227,-5.489663600921631,12.51929759979248,-6.173320293426514,-5.655552864074707,-3.831939220428467,-7.075066566467285,blur,3x3
5_5_02_f20420ee_r01c01__blur_kernel_3,./data/robustness/blur/kernel_3/normalized_32x32/5/5_5_02_f20420ee_r01c01__blur_kernel_3.npy,5,5,1,0.9880924599081503,-1.7271983623504639,-3.8878531455993652,-4.4472174644470215,-0.8899856805801392,-1.5304501056671143,4.601797580718994,-2.8218729496002197,-3.6536614894866943,-2.103299617767334,-1.8545669317245483,blur,3x3
5_5_02_f20420ee_r01c02__blur_kernel_3,./data/robustness/blur/kernel_3/normalized_32x32/5/5_5_02_f20420ee_r01c02__blur_kernel_3.npy,5,5,1,0.9993886853425221,-3.052266836166382,-5.532905578613281,-8.486556053161621,-0.7968320846557617,-3.2945446968078613,7.301817417144775,-3.453115940093994,-5.997846603393555,-3.3599371910095215,-1.2072805166244507,blur,3x3
5_5_02_f20420ee_r01c03__blur_kernel_3,./data/robustness/blur/kernel_3/normalized_32x32/5/5_5_02_f20420ee_r01c03__blur_kernel_3.npy,5,5,1,0.9994083672627049,-5.182078838348389,-0.28377169370651245,-15.825326919555664,-4.9607439041137695,-8.037784576416016,7.935881614685059,-3.520066738128662,-2.449373245239258,-3.9662742614746094,-0.28195905685424805,blur,3x3
5_5_02_f20420ee_r01c04__blur_kernel_3,./data/robustness/blur/kernel_3/normalized_32x32/5/5_5_02_f20420ee_r01c04__blur_kernel_3.npy,5,5,1,0.998763934110028,-1.7450059652328491,-4.639947414398193,-8.279812812805176,-1.552090048789978,-1.9983322620391846,6.521072864532471,-1.8075913190841675,-5.011392116546631,-2.867199420928955,-2.5106303691864014,blur,3x3
5_5_02_f20420ee_r02c01__blur_kernel_3,./data/robustness/blur/kernel_3/normalized_32x32/5/5_5_02_f20420ee_r02c01__blur_kernel_3.npy,5,5,1,0.9999965045382352,-3.5339696407318115,-8.45521354675293,-15.76240348815918,-3.7495810985565186,-7.770349502563477,11.676470756530762,-5.097348213195801,-5.938961505889893,-7.31751012802124,-1.0529940128326416,blur,3x3
5_5_02_f20420ee_r02c02__blur_kernel_3,./data/robustness/blur/kernel_3/normalized_32x32/5/5_5_02_f20420ee_r02c02__blur_kernel_3.npy,5,5,1,0.9999975939922696,-5.435447692871094,-5.217053413391113,-15.18830680847168,-3.3760592937469482,-4.763649940490723,10.98280143737793,-3.6871273517608643,-7.431950092315674,-3.3869757652282715,-3.518096685409546,blur,3x3
5_5_02_f20420ee_r02c03__blur_kernel_3,./data/robustness/blur/kernel_3/normalized_32x32/5/5_5_02_f20420ee_r02c03__blur_kernel_3.npy,5,5,1,0.9914121605703047,-8.366333961486816,-1.7165733575820923,-10.950068473815918,1.0216872692108154,-11.232169151306152,5.87178897857666,-6.385912895202637,-4.905731201171875,-2.2747020721435547,-5.439481258392334,blur,3x3
5_5_02_f20420ee_r02c04__blur_kernel_3,./data/robustness/blur/kernel_3/normalized_32x32/5/5_5_02_f20420ee_r02c04__blur_kernel_3.npy,5,5,1,0.9989075340275219,-8.665069580078125,-1.3076884746551514,-16.78941535949707,-1.2772661447525024,-11.765759468078613,6.749440670013428,-6.539357662200928,-2.848015308380127,-2.01430082321167,-1.6539819240570068,blur,3x3
5_5_02_f20420ee_r03c01__blur_kernel_3,./data/robustness/blur/kernel_3/normalized_32x32/5/5_5_02_f20420ee_r03c01__blur_kernel_3.npy,5,5,1,0.999997511239638,-6.948184013366699,-9.144813537597656,-19.671369552612305,-4.928297996520996,-10.741524696350098,14.021879196166992,-7.388051986694336,-8.818512916564941,-5.864109516143799,1.1142473220825195,blur,3x3
5_5_02_f20420ee_r03c02__blur_kernel_3,./data/robustness/blur/kernel_3/normalized_32x32/5/5_5_02_f20420ee_r03c02__blur_kernel_3.npy,5,5,1,0.999999999525452,-6.811977386474609,-11.432356834411621,-21.092037200927734,-4.208732604980469,-13.223529815673828,17.97307014465332,-7.5766472816467285,-10.21451473236084,-9.544811248779297,-4.288022041320801,blur,3x3
5_5_02_f20420ee_r03c03__blur_kernel_3,./data/robustness/blur/kernel_3/normalized_32x32/5/5_5_02_f20420ee_r03c03__blur_kernel_3.npy,5,5,1,0.9999999645035004,-4.70593786239624,-10.543091773986816,-23.189374923706055,-5.55759859085083,-11.339452743530273,16.31635284423828,-6.784074783325195,-8.495558738708496,-8.510437965393066,-0.8714962005615234,blur,3x3
5_5_02_f20420ee_r03c04__blur_kernel_3,./data/robustness/blur/kernel_3/normalized_32x32/5/5_5_02_f20420ee_r03c04__blur_kernel_3.npy,5,5,1,0.9999905600389284,-5.07879638671875,-7.696597099304199,-16.30858612060547,-4.509041786193848,-8.10515022277832,11.839764595031738,-4.8330888748168945,-6.545090675354004,-7.395719051361084,0.24758732318878174,blur,3x3
5_5_02_f20420ee_r04c01__blur_kernel_3,./data/robustness/blur/kernel_3/normalized_32x32/5/5_5_02_f20420ee_r04c01__blur_kernel_3.npy,5,5,1,0.999999857440652,-6.726020812988281,-10.515388488769531,-18.735614776611328,-3.4475536346435547,-10.995760917663574,14.979705810546875,-6.679325103759766,-9.610828399658203,-9.193296432495117,-0.8623359203338623,blur,3x3
5_5_02_f20420ee_r04c02__blur_kernel_3,./data/robustness/blur/kernel_3/normalized_32x32/5/5_5_02_f20420ee_r04c02__blur_kernel_3.npy,5,5,1,0.9999999051464871,-6.921820163726807,-9.515501022338867,-19.137611389160156,-3.0547869205474854,-9.384114265441895,14.591019630432129,-6.749289512634277,-8.975884437561035,-5.6570210456848145,-1.8778040409088135,blur,3x3
5_5_02_f20420ee_r04c03__blur_kernel_3,./data/robustness/blur/kernel_3/normalized_32x32/5/5_5_02_f20420ee_r04c03__blur_kernel_3.npy,5,5,1,0.9999997334937794,-6.453615665435791,-8.955742835998535,-16.48305892944336,-3.1862354278564453,-9.072993278503418,13.84701919555664,-7.4032368659973145,-8.03860092163086,-6.968369960784912,-1.4695966243743896,blur,3x3
5_5_02_f20420ee_r04c04__blur_kernel_3,./data/robustness/blur/kernel_3/normalized_32x32/5/5_5_02_f20420ee_r04c04__blur_kernel_3.npy,5,5,1,0.9999981621525362,-7.331111431121826,-8.978184700012207,-20.322322845458984,-4.569097518920898,-7.5263471603393555,13.819354057312012,-7.089569568634033,-6.441681861877441,-5.317892074584961,0.6020788550376892,blur,3x3
6_6_01_52f5f834_r01c01__blur_kernel_3,./data/robustness/blur/kernel_3/normalized_32x32/6/6_6_01_52f5f834_r01c01__blur_kernel_3.npy,6,6,1,0.9593323596972034,-0.24535110592842102,-2.6372523307800293,-2.3085994720458984,-3.257735252380371,-0.7573676109313965,0.7678017616271973,4.456491947174072,-4.952476978302002,-3.656245708465576,-5.334152698516846,blur,3x3
6_6_01_52f5f834_r01c02__blur_kernel_3,./data/robustness/blur/kernel_3/normalized_32x32/6/6_6_01_52f5f834_r01c02__blur_kernel_3.npy,6,6,1,0.5667985254754606,-1.0005948543548584,-2.473457098007202,-5.569972515106201,-3.116344451904297,-3.054837942123413,1.8233424425125122,2.464606761932373,-3.6003215312957764,0.733299970626831,-1.9786932468414307,blur,3x3
6_6_01_52f5f834_r01c03__blur_kernel_3,./data/robustness/blur/kernel_3/normalized_32x32/6/6_6_01_52f5f834_r01c03__blur_kernel_3.npy,6,6,1,0.9906099005062875,0.3801136612892151,-7.363551139831543,-8.360406875610352,-6.282702445983887,-4.719686985015869,3.950681447982788,8.637679100036621,-10.933296203613281,-3.9806084632873535,-7.216355323791504,blur,3x3
6_6_01_52f5f834_r01c04__blur_kernel_3,./data/robustness/blur/kernel_3/normalized_32x32/6/6_6_01_52f5f834_r01c04__blur_kernel_3.npy,6,6,1,0.999314557118077,-2.0299887657165527,-5.463805198669434,-3.700082540512085,-2.8657989501953125,-4.225170135498047,0.7918709516525269,8.264890670776367,-11.401688575744629,-1.4899201393127441,-10.625329971313477,blur,3x3
6_6_01_52f5f834_r02c01__blur_kernel_3,./data/robustness/blur/kernel_3/normalized_32x32/6/6_6_01_52f5f834_r02c01__blur_kernel_3.npy,6,6,1,0.9882671688863068,0.14645987749099731,-4.022735118865967,-3.4458212852478027,-3.788372039794922,-1.6469602584838867,0.8408167958259583,5.7551703453063965,-5.576732635498047,-5.476606845855713,-7.727637767791748,blur,3x3
6_6_01_52f5f834_r02c02__blur_kernel_3,./data/robustness/blur/kernel_3/normalized_32x32/6/6_6_01_52f5f834_r02c02__blur_kernel_3.npy,6,6,1,0.9958039336196454,-0.1868448257446289,-5.560603141784668,-2.762507677078247,-3.5183210372924805,-1.5672194957733154,0.8944612741470337,6.745680332183838,-7.015480995178223,-6.551081657409668,-9.151748657226562,blur,3x3
6_6_01_52f5f834_r02c03__blur_kernel_3,./data/robustness/blur/kernel_3/normalized_32x32/6/6_6_01_52f5f834_r02c03__blur_kernel_3.npy,6,6,1,0.9986913051890224,1.041882038116455,-6.510735511779785,-5.697418212890625,-5.009230613708496,-2.326991558074951,1.2508878707885742,8.500057220458984,-9.279364585876465,-5.67539119720459,-9.116353988647461,blur,3x3
6_6_01_52f5f834_r02c04__blur_kernel_3,./data/robustness/blur/kernel_3/normalized_32x32/6/6_6_01_52f5f834_r02c04__blur_kernel_3.npy,6,6,1,0.9937321716377319,0.6638486981391907,-6.203253269195557,-6.247312545776367,-4.780557632446289,-3.594621419906616,2.461271047592163,7.684614658355713,-8.999223709106445,-4.285942554473877,-7.5364298820495605,blur,3x3
6_6_01_52f5f834_r03c01__blur_kernel_3,./data/robustness/blur/kernel_3/normalized_32x32/6/6_6_01_52f5f834_r03c01__blur_kernel_3.npy,6,6,1,0.9991691025287892,2.338514804840088,-6.243293762207031,-10.366898536682129,-6.8992204666137695,-5.917046070098877,1.3460724353790283,9.746404647827148,-8.548531532287598,-9.811687469482422,-13.275795936584473,blur,3x3
6_6_01_52f5f834_r03c02__blur_kernel_3,./data/robustness/blur/kernel_3/normalized_32x32/6/6_6_01_52f5f834_r03c02__blur_kernel_3.npy,6,6,1,0.9926866367586165,3.5116729736328125,-8.287354469299316,-7.982537746429443,-5.068625450134277,-6.966239929199219,0.9472108483314514,8.496831893920898,-8.8526029586792,-5.840043544769287,-9.166372299194336,blur,3x3
6_6_01_52f5f834_r03c03__blur_kernel_3,./data/robustness/blur/kernel_3/normalized_32x32/6/6_6_01_52f5f834_r03c03__blur_kernel_3.npy,6,6,1,0.9974114191158322,1.1365869045257568,-5.097139358520508,-6.891885280609131,-4.861628532409668,-3.679835796356201,1.336384892463684,7.894974231719971,-8.134801864624023,-5.710983753204346,-9.358185768127441,blur,3x3
6_6_01_52f5f834_r03c04__blur_kernel_3,./data/robustness/blur/kernel_3/normalized_32x32/6/6_6_01_52f5f834_r03c04__blur_kernel_3.npy,6,6,1,0.9778023944836535,1.5516514778137207,-7.3778076171875,-9.468409538269043,-3.744433879852295,-7.123760223388672,3.573431968688965,7.484389781951904,-7.697131633758545,-3.656020164489746,-8.676167488098145,blur,3x3
6_6_01_52f5f834_r04c01__blur_kernel_3,./data/robustness/blur/kernel_3/normalized_32x32/6/6_6_01_52f5f834_r04c01__blur_kernel_3.npy,6,6,1,0.9999092943690766,2.055861473083496,-6.9431328773498535,-9.340744018554688,-7.423890113830566,-4.990525245666504,0.11228422820568085,11.498437881469727,-10.341080665588379,-10.439244270324707,-14.649826049804688,blur,3x3
6_6_01_52f5f834_r04c02__blur_kernel_3,./data/robustness/blur/kernel_3/normalized_32x32/6/6_6_01_52f5f834_r04c02__blur_kernel_3.npy,6,6,1,0.999446472484359,1.8595502376556396,-5.659667491912842,-10.823108673095703,-7.6781229972839355,-5.16685152053833,2.0022974014282227,10.125977516174316,-9.773414611816406,-8.7072114944458,-11.131683349609375,blur,3x3
6_6_01_52f5f834_r04c03__blur_kernel_3,./data/robustness/blur/kernel_3/normalized_32x32/6/6_6_01_52f5f834_r04c03__blur_kernel_3.npy,6,6,1,0.988849189907209,0.07045024633407593,-7.380349159240723,-10.91292953491211,-5.3029584884643555,-7.927326679229736,3.9325811862945557,8.439043998718262,-10.789473533630371,-3.6416878700256348,-7.554129123687744,blur,3x3
6_6_01_52f5f834_r04c04__blur_kernel_3,./data/robustness/blur/kernel_3/normalized_32x32/6/6_6_01_52f5f834_r04c04__blur_kernel_3.npy,6,6,1,0.9439180718245743,3.595595598220825,-7.042970657348633,-12.353816032409668,-4.706263065338135,-8.734516143798828,1.912123203277588,6.589589595794678,-5.9116291999816895,-5.560856819152832,-6.7711405754089355,blur,3x3
6_6_02_ad596076_r01c01__blur_kernel_3,./data/robustness/blur/kernel_3/normalized_32x32/6/6_6_02_ad596076_r01c01__blur_kernel_3.npy,6,6,1,0.9984152775146568,-0.7257063984870911,-5.244804382324219,-2.3474249839782715,-3.6487414836883545,-2.049569845199585,0.09074960649013519,7.056302547454834,-6.949529647827148,-5.163081645965576,-9.630949020385742,blur,3x3
6_6_02_ad596076_r01c02__blur_kernel_3,./data/robustness/blur/kernel_3/normalized_32x32/6/6_6_02_ad596076_r01c02__blur_kernel_3.npy,6,6,1,0.9661628114657166,-2.462738275527954,-0.053520992398262024,-1.9663918018341064,-5.110670566558838,1.0095374584197998,0.12378174066543579,4.978111743927002,-4.971892833709717,-3.8161673545837402,-6.807668209075928,blur,3x3
6_6_02_ad596076_r01c03__blur_kernel_3,./data/robustness/blur/kernel_3/normalized_32x32/6/6_6_02_ad596076_r01c03__blur_kernel_3.npy,6,6,1,0.9997694511226355,0.9080029129981995,-9.822205543518066,-6.385328769683838,-4.540097713470459,-4.938627243041992,1.4887042045593262,10.311684608459473,-12.664563179016113,-5.008044719696045,-11.886115074157715,blur,3x3
6_6_02_ad596076_r01c04__blur_kernel_3,./data/robustness/blur/kernel_3/normalized_32x32/6/6_6_02_ad596076_r01c04__blur_kernel_3.npy,6,6,1,0.9991787417775958,-0.3930942118167877,-7.569399833679199,-3.7315447330474854,-3.742966413497925,-2.6737308502197266,1.0996716022491455,8.44056510925293,-10.124794006347656,-4.4986090660095215,-9.817388534545898,blur,3x3
6_6_02_ad596076_r02c01__blur_kernel_3,./data/robustness/blur/kernel_3/normalized_32x32/6/6_6_02_ad596076_r02c01__blur_kernel_3.npy,6,6,1,0.995712093808191,0.5706027746200562,-5.9321393966674805,-6.88570499420166,-5.312015533447266,-4.228646755218506,2.436844825744629,8.030281066894531,-8.387613296508789,-6.179470062255859,-9.576115608215332,blur,3x3
6_6_02_ad596076_r02c02__blur_kernel_3,./data/robustness/blur/kernel_3/normalized_32x32/6/6_6_02_ad596076_r02c02__blur_kernel_3.npy,6,6,1,0.9994166112888535,0.38070130348205566,-6.5267510414123535,-5.80705451965332,-5.211315155029297,-3.3731884956359863,0.582570493221283,8.655906677246094,-9.908965110778809,-2.9067447185516357,-9.53320026397705,blur,3x3
6_6_02_ad596076_r02c03__blur_kernel_3,./data/robustness/blur/kernel_3/normalized_32x32/6/6_6_02_ad596076_r02c03__blur_kernel_3.npy,6,6,1,0.9983025681386469,-0.5447365045547485,-6.081233024597168,-2.8808672428131104,-4.051441669464111,-2.1146719455718994,1.0080509185791016,7.642190456390381,-9.41669750213623,-3.6115684509277344,-8.524552345275879,blur,3x3
6_6_02_ad596076_r02c04__blur_kernel_3,./data/robustness/blur/kernel_3/normalized_32x32/6/6_6_02_ad596076_r02c04__blur_kernel_3.npy,6,6,1,0.9999035130783255,-0.13794422149658203,-7.756244659423828,-5.140167236328125,-5.363080978393555,-1.613631248474121,0.6184994578361511,10.323582649230957,-10.337719917297363,-9.2679443359375,-13.520137786865234,blur,3x3
6_6_02_ad596076_r03c01__blur_kernel_3,./data/robustness/blur/kernel_3/normalized_32x32/6/6_6_02_ad596076_r03c01__blur_kernel_3.npy,6,6,1,0.9978343138684043,3.528634548187256,-9.67802619934082,-9.037734031677246,-4.965531826019287,-7.069591999053955,2.3610942363739014,9.932580947875977,-10.46021842956543,-6.770522117614746,-10.599069595336914,blur,3x3
6_6_02_ad596076_r03c02__blur_kernel_3,./data/robustness/blur/kernel_3/normalized_32x32/6/6_6_02_ad596076_r03c02__blur_kernel_3.npy,6,6,1,0.9705867040256456,5.949098110198975,-8.862257957458496,-11.187950134277344,-6.20641565322876,-7.398013114929199,-0.36858493089675903,9.447362899780273,-7.848741054534912,-10.160905838012695,-12.627594947814941,blur,3x3
6_6_02_ad596076_r03c03__blur_kernel_3,./data/robustness/blur/kernel_3/normalized_32x32/6/6_6_02_ad596076_r03c03__blur_kernel_3.npy,6,6,1,0.9973260089177787,2.333350658416748,-6.199647903442383,-9.65853214263916,-5.82523775100708,-4.983363628387451,2.058295965194702,8.820596694946289,-7.752657413482666,-8.305135726928711,-11.291645050048828,blur,3x3
6_6_02_ad596076_r03c04__blur_kernel_3,./data/robustness/blur/kernel_3/normalized_32x32/6/6_6_02_ad596076_r03c04__blur_kernel_3.npy,6,6,1,0.7861784738826542,4.032763957977295,-6.082983016967773,-12.207286834716797,-5.7832350730896,-9.117762565612793,1.3030892610549927,5.398614883422852,-4.131942272186279,-4.316527366638184,-6.384438991546631,blur,3x3
6_6_02_ad596076_r04c01__blur_kernel_3,./data/robustness/blur/kernel_3/normalized_32x32/6/6_6_02_ad596076_r04c01__blur_kernel_3.npy,6,6,1,0.9996427537362641,0.3308109641075134,-6.084928512573242,-7.207675933837891,-6.041345596313477,-3.2120044231414795,1.4520094394683838,9.678887367248535,-9.261348724365234,-9.18014144897461,-12.497208595275879,blur,3x3
6_6_02_ad596076_r04c02__blur_kernel_3,./data/robustness/blur/kernel_3/normalized_32x32/6/6_6_02_ad596076_r04c02__blur_kernel_3.npy,6,6,1,0.9993515964857184,4.343478202819824,-8.275429725646973,-13.63764476776123,-7.83768892288208,-7.548292636871338,1.9582021236419678,11.771910667419434,-10.317635536193848,-10.809309005737305,-14.058091163635254,blur,3x3
6_6_02_ad596076_r04c03__blur_kernel_3,./data/robustness/blur/kernel_3/normalized_32x32/6/6_6_02_ad596076_r04c03__blur_kernel_3.npy,6,6,1,0.9995424426961805,1.719504952430725,-8.905094146728516,-11.627577781677246,-6.578814506530762,-8.328031539916992,2.9081413745880127,10.863445281982422,-12.029265403747559,-5.605324745178223,-11.561174392700195,blur,3x3
6_6_02_ad596076_r04c04__blur_kernel_3,./data/robustness/blur/kernel_3/normalized_32x32/6/6_6_02_ad596076_r04c04__blur_kernel_3.npy,6,6,1,0.9894605046148006,0.11017316579818726,-7.881893634796143,-9.084897994995117,-4.443665981292725,-7.493144512176514,3.582719087600708,8.156991958618164,-10.624273300170898,-3.0231635570526123,-7.174826145172119,blur,3x3
7_7_01_254ebf4a_r01c01__blur_kernel_3,./data/robustness/blur/kernel_3/normalized_32x32/7/7_7_01_254ebf4a_r01c01__blur_kernel_3.npy,7,7,1,0.8258291336430886,-2.785928249359131,0.6401170492172241,0.35636264085769653,-1.6348628997802734,-1.9235202074050903,-2.1433656215667725,-5.187880992889404,3.0005972385406494,-1.9203096628189087,-1.420141577720642,blur,3x3
7_7_01_254ebf4a_r01c02__blur_kernel_3,./data/robustness/blur/kernel_3/normalized_32x32/7/7_7_01_254ebf4a_r01c02__blur_kernel_3.npy,7,7,1,0.9950239066660714,-5.585450649261475,0.5825254917144775,-0.5135226249694824,-3.512054920196533,-1.6781684160232544,-5.388744354248047,-8.95827865600586,6.3477983474731445,-3.505807399749756,-1.5475599765777588,blur,3x3
7_7_01_254ebf4a_r01c03__blur_kernel_3,./data/robustness/blur/kernel_3/normalized_32x32/7/7_7_01_254ebf4a_r01c03__blur_kernel_3.npy,7,7,1,0.9997090857864049,-6.985074996948242,-1.6162315607070923,-2.951125144958496,-4.702013969421387,-0.5988234877586365,-7.17925500869751,-11.14973258972168,8.711216926574707,-6.107625484466553,-0.04797699302434921,blur,3x3
7_7_01_254ebf4a_r01c04__blur_kernel_3,./data/robustness/blur/kernel_3/normalized_32x32/7/7_7_01_254ebf4a_r01c04__blur_kernel_3.npy,7,7,1,0.9999933613909398,-8.580802917480469,-4.415436267852783,-5.369874477386475,-6.097230911254883,-1.5220565795898438,-7.669304847717285,-12.592815399169922,11.168471336364746,-6.943564414978027,-1.462997555732727,blur,3x3
7_7_01_254ebf4a_r02c01__blur_kernel_3,./data/robustness/blur/kernel_3/normalized_32x32/7/7_7_01_254ebf4a_r02c01__blur_kernel_3.npy,7,7,1,0.9997233631699035,-10.593367576599121,-2.698458671569824,-4.5935869216918945,-4.04261589050293,0.3835153877735138,-7.61717414855957,-11.2532377243042,8.86471176147461,-5.7129926681518555,-0.9358179569244385,blur,3x3
7_7_01_254ebf4a_r02c02__blur_kernel_3,./data/robustness/blur/kernel_3/normalized_32x32/7/7_7_01_254ebf4a_r02c02__blur_kernel_3.npy,7,7,1,0.9796069387961599,-4.769721031188965,-0.8528711795806885,-2.5052857398986816,-2.992042303085327,-0.19656254351139069,-4.297763824462891,-7.476381301879883,5.222993850708008,-3.0689191818237305,0.8807598948478699,blur,3x3
7_7_01_254ebf4a_r02c03__blur_kernel_3,./data/robustness/blur/kernel_3/normalized_32x32/7/7_7_01_254ebf4a_r02c03__blur_kernel_3.npy,7,7,1,0.9999256908126172,-9.7628173828125,-0.8421303629875183,-4.421355247497559,-4.373575687408447,-1.5510985851287842,-7.479474067687988,-12.698200225830078,9.391019821166992,-6.4427170753479,-1.5111080408096313,blur,3x3
7_7_01_254ebf4a_r02c04__blur_kernel_3,./data/robustness/blur/kernel_3/normalized_32x32/7/7_7_01_254ebf4a_r02c04__blur_kernel_3.npy,7,7,1,0.9999695190301141,-4.684692859649658,-5.617533206939697,-8.250770568847656,-4.707129955291748,-2.81589937210083,-5.241036415100098,-8.667459487915039,9.594290733337402,-6.509816646575928,-1.0257456302642822,blur,3x3
7_7_01_254ebf4a_r03c01__blur_kernel_3,./data/robustness/blur/kernel_3/normalized_32x32/7/7_7_01_254ebf4a_r03c01__blur_kernel_3.npy,7,7,1,0.9824565438249796,-5.9852752685546875,-0.48426172137260437,-1.8859599828720093,-1.913175344467163,-0.8542414307594299,-4.8350090980529785,-7.758411884307861,4.909890651702881,-2.813060760498047,0.009800270199775696,blur,3x3
7_7_01_254ebf4a_r03c02__blur_kernel_3,./data/robustness/blur/kernel_3/normalized_32x32/7/7_7_01_254ebf4a_r03c02__blur_kernel_3.npy,7,7,1,0.9971009974262224,-7.247676372528076,1.1407852172851562,-2.0476675033569336,-4.564077854156494,-2.082686424255371,-6.386682987213135,-9.522912979125977,7.109308242797852,-3.6404757499694824,-2.0048511028289795,blur,3x3
7_7_01_254ebf4a_r03c03__blur_kernel_3,./data/robustness/blur/kernel_3/normalized_32x32/7/7_7_01_254ebf4a_r03c03__blur_kernel_3.npy,7,7,1,0.9852574922353763,-7.811247825622559,1.6961067914962769,-1.104967713356018,-3.5171029567718506,-1.6391494274139404,-6.761965274810791,-10.47885799407959,6.056617259979248,-3.2927494049072266,-1.073799967765808,blur,3x3
7_7_01_254ebf4a_r03c04__blur_kernel_3,./data/robustness/blur/kernel_3/normalized_32x32/7/7_7_01_254ebf4a_r03c04__blur_kernel_3.npy,7,7,1,0.9948995760294476,-6.701673984527588,0.8029632568359375,-1.3973462581634521,-4.202046871185303,-1.41839599609375,-5.360297203063965,-9.50162410736084,6.3627095222473145,-3.157709836959839,-1.6741173267364502,blur,3x3
7_7_01_254ebf4a_r04c01__blur_kernel_3,./data/robustness/blur/kernel_3/normalized_32x32/7/7_7_01_254ebf4a_r04c01__blur_kernel_3.npy,7,7,1,0.9698772208795625,-5.928878307342529,0.5754376649856567,-2.315371036529541,-2.269404888153076,-1.0920305252075195,-4.7298078536987305,-8.558606147766113,4.791743755340576,-3.5288188457489014,0.3266490399837494,blur,3x3
7_7_01_254ebf4a_r04c02__blur_kernel_3,./data/robustness/blur/kernel_3/normalized_32x32/7/7_7_01_254ebf4a_r04c02__blur_kernel_3.npy,7,7,1,0.9879278166082176,-6.550978660583496,1.590101718902588,-0.6594682931900024,-3.2999072074890137,-2.0874130725860596,-5.732553482055664,-9.01919937133789,6.156373023986816,-3.246762275695801,-1.978700876235962,blur,3x3
7_7_01_254ebf4a_r04c03__blur_kernel_3,./data/robustness/blur/kernel_3/normalized_32x32/7/7_7_01_254ebf4a_r04c03__blur_kernel_3.npy,7,7,1,0.949217681282685,-4.899069309234619,1.7689266204833984,-0.5614832043647766,-2.547020435333252,-2.629160165786743,-4.263587474822998,-6.797642230987549,4.856529712677002,-1.8090766668319702,-2.2353808879852295,blur,3x3
7_7_01_254ebf4a_r04c04__blur_kernel_3,./data/robustness/blur/kernel_3/normalized_32x32/7/7_7_01_254ebf4a_r04c04__blur_kernel_3.npy,7,7,1,0.9997019775595224,-9.191506385803223,-0.6955817341804504,-3.919375419616699,-3.5079731941223145,-1.2098753452301025,-7.02728796005249,-11.644868850708008,8.332270622253418,-5.651642799377441,-0.9478735327720642,blur,3x3
7_7_02_923c5b16_r01c01__blur_kernel_3,./data/robustness/blur/kernel_3/normalized_32x32/7/7_7_02_923c5b16_r01c01__blur_kernel_3.npy,7,7,1,0.985469312978759,-4.626095294952393,-0.31362733244895935,-0.9235484600067139,-2.608825445175171,-0.9750194549560547,-4.275702476501465,-7.1339111328125,4.958752632141113,-3.3213067054748535,-0.7751970887184143,blur,3x3
7_7_02_923c5b16_r01c02__blur_kernel_3,./data/robustness/blur/kernel_3/normalized_32x32/7/7_7_02_923c5b16_r01c02__blur_kernel_3.npy,7,7,1,0.9978009930840752,-7.21604585647583,0.7536716461181641,-1.5186657905578613,-3.6179490089416504,-1.3306719064712524,-6.462012767791748,-9.935487747192383,7.177243709564209,-4.067020416259766,-1.4649420976638794,blur,3x3
7_7_02_923c5b16_r01c03__blur_kernel_3,./data/robustness/blur/kernel_3/normalized_32x32/7/7_7_02_923c5b16_r01c03__blur_kernel_3.npy,7,7,1,0.9999171020073043,-7.635688781738281,-3.2614502906799316,-3.235536813735962,-3.4107112884521484,-1.7380027770996094,-6.426642417907715,-10.706583976745605,8.586739540100098,-5.9028215408325195,-1.8775570392608643,blur,3x3
7_7_02_923c5b16_r01c04__blur_kernel_3,./data/robustness/blur/kernel_3/normalized_32x32/7/7_7_02_923c5b16_r01c04__blur_kernel_3.npy,7,7,1,0.999635030109494,-6.891839504241943,-3.418363571166992,-2.6576449871063232,-1.9302027225494385,-1.7463189363479614,-5.344918727874756,-9.191652297973633,7.29159688949585,-5.639523506164551,-2.262575626373291,blur,3x3
7_7_02_923c5b16_r02c01__blur_kernel_3,./data/robustness/blur/kernel_3/normalized_32x32/7/7_7_02_923c5b16_r02c01__blur_kernel_3.npy,7,7,1,0.9841971039099356,-6.321523666381836,-1.758895754814148,-3.042332887649536,-2.251744508743286,-0.18727533519268036,-5.151157855987549,-8.148177146911621,5.396402835845947,-3.522078275680542,0.8546157479286194,blur,3x3
7_7_02_923c5b16_r02c02__blur_kernel_3,./data/robustness/blur/kernel_3/normalized_32x32/7/7_7_02_923c5b16_r02c02__blur_kernel_3.npy,7,7,1,0.9995852615052103,-11.277752876281738,-1.1335623264312744,-2.991464138031006,-2.788912296295166,0.8008634448051453,-8.410131454467773,-11.882966041564941,8.9125337600708,-6.864356994628906,-0.8719245195388794,blur,3x3
7_7_02_923c5b16_r02c03__blur_kernel_3,./data/robustness/blur/kernel_3/normalized_32x32/7/7_7_02_923c5b16_r02c03__blur_kernel_3.npy,7,7,1,0.9927566390288133,-6.440485954284668,0.8464369773864746,-1.9311796426773071,-3.0807695388793945,-0.646129846572876,-5.187585353851318,-8.187286376953125,6.168552398681641,-3.418433904647827,-0.9228627681732178,blur,3x3
7_7_02_923c5b16_r02c04__blur_kernel_3,./data/robustness/blur/kernel_3/normalized_32x32/7/7_7_02_923c5b16_r02c04__blur_kernel_3.npy,7,7,1,0.9995392496780675,-7.0778045654296875,-1.64994215965271,-3.653663158416748,-4.4837493896484375,-0.8843164443969727,-6.062351226806641,-11.029236793518066,8.517809867858887,-7.239875316619873,0.5068686008453369,blur,3x3
7_7_02_923c5b16_r03c01__blur_kernel_3,./data/robustness/blur/kernel_3/normalized_32x32/7/7_7_02_923c5b16_r03c01__blur_kernel_3.npy,7,7,1,0.9786531394236909,-6.953151226043701,-0.011467695236206055,-1.279526948928833,-0.9636145234107971,-1.6405178308486938,-5.520485877990723,-7.708434581756592,4.619502067565918,-2.371249198913574,-1.3026700019836426,blur,3x3
7_7_02_923c5b16_r03c02__blur_kernel_3,./data/robustness/blur/kernel_3/normalized_32x32/7/7_7_02_923c5b16_r03c02__blur_kernel_3.npy,7,7,1,0.9985689836323427,-7.869185924530029,-0.2054104208946228,-2.0308125019073486,-3.638199806213379,-1.1010520458221436,-6.924232482910156,-10.373967170715332,7.135395526885986,-4.037085056304932,-0.7423407435417175,blur,3x3
7_7_02_923c5b16_r03c03__blur_kernel_3,./data/robustness/blur/kernel_3/normalized_32x32/7/7_7_02_923c5b16_r03c03__blur_kernel_3.npy,7,7,1,0.9923040627240034,-6.433679580688477,-0.26626625657081604,-2.5783121585845947,-2.229940891265869,-0.8869447708129883,-5.444698810577393,-7.4228129386901855,5.683523178100586,-3.6830532550811768,-0.12016846239566803,blur,3x3
7_7_02_923c5b16_r03c04__blur_kernel_3,./data/robustness/blur/kernel_3/normalized_32x32/7/7_7_02_923c5b16_r03c04__blur_kernel_3.npy,7,7,1,0.99808284937323,-7.479009628295898,0.4265419542789459,-3.0456182956695557,-4.185009002685547,-0.7402116060256958,-6.561895847320557,-10.694010734558105,7.307480335235596,-4.455552101135254,-0.24924211204051971,blur,3x3
7_7_02_923c5b16_r04c01__blur_kernel_3,./data/robustness/blur/kernel_3/normalized_32x32/7/7_7_02_923c5b16_r04c01__blur_kernel_3.npy,7,7,1,0.9995262536117526,-9.853410720825195,-0.806678831577301,-4.876051425933838,-3.392090320587158,-1.7400588989257812,-7.770957946777344,-10.486681938171387,8.093475341796875,-4.050318241119385,-0.13892348110675812,blur,3x3
7_7_02_923c5b16_r04c02__blur_kernel_3,./data/robustness/blur/kernel_3/normalized_32x32/7/7_7_02_923c5b16_r04c02__blur_kernel_3.npy,7,7,1,0.9995481999519287,-9.93125057220459,0.7716204524040222,-5.788680076599121,-4.7624077796936035,-3.2209041118621826,-5.942882537841797,-10.439244270324707,8.538625717163086,-3.2124404907226562,-2.9714958667755127,blur,3x3
7_7_02_923c5b16_r04c03__blur_kernel_3,./data/robustness/blur/kernel_3/normalized_32x32/7/7_7_02_923c5b16_r04c03__blur_kernel_3.npy,7,7,1,0.997998563363379,-7.994608402252197,1.4296774864196777,-0.6262122988700867,-4.575751304626465,-3.0568482875823975,-7.149909973144531,-10.225577354431152,7.788231372833252,-3.2535717487335205,-3.5702455043792725,blur,3x3
7_7_02_923c5b16_r04c04__blur_kernel_3,./data/robustness/blur/kernel_3/normalized_32x32/7/7_7_02_923c5b16_r04c04__blur_kernel_3.npy,7,7,1,0.9958824941583176,-6.328549385070801,-1.3261085748672485,-4.142457485198975,-2.9895272254943848,-0.18211226165294647,-5.433900356292725,-9.607952117919922,7.002412796020508,-5.181912422180176,1.2143099308013916,blur,3x3
8_8_01_e470fe0b_r01c01__blur_kernel_3,./data/robustness/blur/kernel_3/normalized_32x32/8/8_8_01_e470fe0b_r01c01__blur_kernel_3.npy,8,8,1,0.9999300969178995,-2.843895673751831,-6.119848251342773,-0.4996927082538605,-2.375194549560547,-3.980600118637085,-3.4582223892211914,-5.009899616241455,-6.529784679412842,9.398812294006348,-3.6624603271484375,blur,3x3
8_8_01_e470fe0b_r01c02__blur_kernel_3,./data/robustness/blur/kernel_3/normalized_32x32/8/8_8_01_e470fe0b_r01c02__blur_kernel_3.npy,8,8,1,0.8639603997044744,-4.782347202301025,-5.605254173278809,-4.085958480834961,0.5744934678077698,-4.435077667236328,1.832314372062683,-3.9954042434692383,-5.080020427703857,3.9741768836975098,-1.2448234558105469,blur,3x3
8_8_01_e470fe0b_r01c03__blur_kernel_3,./data/robustness/blur/kernel_3/normalized_32x32/8/8_8_01_e470fe0b_r01c03__blur_kernel_3.npy,8,8,1,0.7861123636557418,-0.1533089429140091,-6.2091755867004395,-3.2021470069885254,-0.08903822302818298,-2.554353952407837,1.1807384490966797,1.2333813905715942,-6.630801677703857,3.454796314239502,-3.579040288925171,blur,3x3
8_8_01_e470fe0b_r01c04__blur_kernel_3,./data/robustness/blur/kernel_3/normalized_32x32/8/8_8_01_e470fe0b_r01c04__blur_kernel_3.npy,8,8,1,0.998412011170474,-2.139531373977661,-9.410341262817383,2.7202303409576416,-0.5738415122032166,-5.964685916900635,-3.474260091781616,-5.836299896240234,-6.886351108551025,9.210352897644043,-5.84907865524292,blur,3x3
8_8_01_e470fe0b_r02c01__blur_kernel_3,./data/robustness/blur/kernel_3/normalized_32x32/8/8_8_01_e470fe0b_r02c01__blur_kernel_3.npy,8,8,1,0.9996916137307801,-3.89662504196167,-6.741889476776123,0.05145332217216492,-3.2238950729370117,-2.772646188735962,-4.534053802490234,-7.708646774291992,-6.454722881317139,8.374053001403809,-1.9149165153503418,blur,3x3
8_8_01_e470fe0b_r02c02__blur_kernel_3,./data/robustness/blur/kernel_3/normalized_32x32/8/8_8_01_e470fe0b_r02c02__blur_kernel_3.npy,8,8,1,0.9998674094037286,-2.9477710723876953,-6.611129283905029,0.1313660442829132,-3.5612130165100098,-4.2833251953125,-4.620829105377197,-6.439319610595703,-5.972811222076416,9.186958312988281,-3.0998101234436035,blur,3x3
8_8_01_e470fe0b_r02c03__blur_kernel_3,./data/robustness/blur/kernel_3/normalized_32x32/8/8_8_01_e470fe0b_r02c03__blur_kernel_3.npy,8,8,1,0.9985574881476138,-3.334453582763672,-6.654060363769531,2.895146131515503,-3.3987417221069336,-3.7087082862854004,-4.657691478729248,-6.414613246917725,-6.114076614379883,9.441165924072266,-6.045314788818359,blur,3x3
8_8_01_e470fe0b_r02c04__blur_kernel_3,./data/robustness/blur/kernel_3/normalized_32x32/8/8_8_01_e470fe0b_r02c04__blur_kernel_3.npy,8,8,1,0.9997837210223559,-5.579848766326904,-6.005863666534424,-1.0572381019592285,0.07869827747344971,-3.6427009105682373,-2.617478132247925,-4.533030033111572,-8.482196807861328,8.87749195098877,-5.270509719848633,blur,3x3
8_8_01_e470fe0b_r03c01__blur_kernel_3,./data/robustness/blur/kernel_3/normalized_32x32/8/8_8_01_e470fe0b_r03c01__blur_kernel_3.npy,8,8,1,0.9999733678827097,-4.622533798217773,-8.367632865905762,-2.4440207481384277,-0.5670997500419617,-5.096953392028809,-2.518446445465088,-6.8964738845825195,-8.1189546585083,10.332988739013672,-2.7124578952789307,blur,3x3
8_8_01_e470fe0b_r03c02__blur_kernel_3,./data/robustness/blur/kernel_3/normalized_32x32/8/8_8_01_e470fe0b_r03c02__blur_kernel_3.npy,8,8,1,0.9999887261262945,-5.738590240478516,-8.333816528320312,-2.9368503093719482,-2.802305221557617,-3.9009037017822266,-3.4898998737335205,-8.29361343383789,-8.430954933166504,10.619857788085938,-1.2269089221954346,blur,3x3
8_8_01_e470fe0b_r03c03__blur_kernel_3,./data/robustness/blur/kernel_3/normalized_32x32/8/8_8_01_e470fe0b_r03c03__blur_kernel_3.npy,8,8,1,0.9999972587423215,-5.324644088745117,-7.902295112609863,-4.6471428871154785,-2.669072151184082,-4.048475742340088,-4.169911861419678,-7.663525581359863,-8.781539916992188,11.738007545471191,-1.4887620210647583,blur,3x3
8_8_01_e470fe0b_r03c04__blur_kernel_3,./data/robustness/blur/kernel_3/normalized_32x32/8/8_8_01_e470fe0b_r03c04__blur_kernel_3.npy,8,8,1,0.9999606905883609,-3.8281404972076416,-5.0813069343566895,-3.000483274459839,-3.0337448120117188,-3.9076318740844727,-2.1973037719726562,-4.7044806480407715,-6.248124122619629,9.103074073791504,-2.4640915393829346,blur,3x3
8_8_01_e470fe0b_r04c01__blur_kernel_3,./data/robustness/blur/kernel_3/normalized_32x32/8/8_8_01_e470fe0b_r04c01__blur_kernel_3.npy,8,8,1,0.9999752689489413,-4.343360900878906,-7.42889928817749,-1.1477378606796265,-1.3475258350372314,-4.732834339141846,-3.2681498527526855,-6.110738754272461,-7.777024745941162,10.195050239562988,-3.8287911415100098,blur,3x3
8_8_01_e470fe0b_r04c02__blur_kernel_3,./data/robustness/blur/kernel_3/normalized_32x32/8/8_8_01_e470fe0b_r04c02__blur_kernel_3.npy,8,8,1,0.9999736799449305,-3.705493927001953,-7.545858383178711,0.07486134767532349,-4.658452987670898,-4.782966613769531,-3.8924129009246826,-7.351037502288818,-7.01029109954834,10.70349407196045,-3.5431594848632812,blur,3x3
8_8_01_e470fe0b_r04c03__blur_kernel_3,./data/robustness/blur/kernel_3/normalized_32x32/8/8_8_01_e470fe0b_r04c03__blur_kernel_3.npy,8,8,1,0.9999774001502655,-4.80294132232666,-9.035679817199707,-2.6220951080322266,-3.2931642532348633,-5.23206901550293,-5.255509853363037,-8.35942554473877,-7.985744953155518,10.774798393249512,-0.05016845464706421,blur,3x3
8_8_01_e470fe0b_r04c04__blur_kernel_3,./data/robustness/blur/kernel_3/normalized_32x32/8/8_8_01_e470fe0b_r04c04__blur_kernel_3.npy,8,8,1,0.999993396196282,-0.9653711915016174,-10.042718887329102,-1.0421886444091797,-3.6890907287597656,-6.327805519104004,-2.95196270942688,-6.605798721313477,-8.673455238342285,11.75632095336914,-3.5662949085235596,blur,3x3
8_8_02_b36c8633_r01c01__blur_kernel_3,./data/robustness/blur/kernel_3/normalized_32x32/8/8_8_02_b36c8633_r01c01__blur_kernel_3.npy,8,8,1,0.999961466582948,-2.829958915710449,-4.487831115722656,-1.2763181924819946,-4.557727813720703,-3.6971254348754883,-3.2617316246032715,-4.070680141448975,-6.107798099517822,9.413442611694336,-3.5095012187957764,blur,3x3
8_8_02_b36c8633_r01c02__blur_kernel_3,./data/robustness/blur/kernel_3/normalized_32x32/8/8_8_02_b36c8633_r01c02__blur_kernel_3.npy,8,8,1,0.9997012004885285,-5.413629055023193,-8.174612998962402,-2.33319091796875,1.560626745223999,-5.243366241455078,-2.6274635791778564,-6.354085445404053,-9.485677719116211,9.71609878540039,-4.311399936676025,blur,3x3
8_8_02_b36c8633_r01c03__blur_kernel_3,./data/robustness/blur/kernel_3/normalized_32x32/8/8_8_02_b36c8633_r01c03__blur_kernel_3.npy,8,8,1,0.9998562987859946,-5.002157211303711,-5.397377014160156,-0.9806223511695862,-2.1804778575897217,-5.227469444274902,-3.116079092025757,-5.443133354187012,-5.9482741355896,8.359667778015137,-2.8486111164093018,blur,3x3
8_8_02_b36c8633_r01c04__blur_kernel_3,./data/robustness/blur/kernel_3/normalized_32x32/8/8_8_02_b36c8633_r01c04__blur_kernel_3.npy,8,8,1,0.9998704420225814,-5.614950180053711,-9.201780319213867,-4.407045841217041,0.977307915687561,-5.481781959533691,-1.568070888519287,-5.067598819732666,-9.834443092346191,10.025758743286133,-3.3143224716186523,blur,3x3
8_8_02_b36c8633_r02c01__blur_kernel_3,./data/robustness/blur/kernel_3/normalized_32x32/8/8_8_02_b36c8633_r02c01__blur_kernel_3.npy,8,8,1,0.9999819993881363,-4.3067755699157715,-6.154244422912598,-4.486759662628174,-2.9557018280029297,-3.9283745288848877,-1.3741943836212158,-3.51340913772583,-8.28768539428711,10.056032180786133,-3.2785866260528564,blur,3x3
8_8_02_b36c8633_r02c02__blur_kernel_3,./data/robustness/blur/kernel_3/normalized_32x32/8/8_8_02_b36c8633_r02c02__blur_kernel_3.npy,8,8,1,0.9996006787296723,-5.093790531158447,-6.934608459472656,-3.28666090965271,-0.24866080284118652,-4.47261381149292,-1.5488890409469604,-4.377764701843262,-6.606483459472656,8.023974418640137,-1.8477420806884766,blur,3x3
8_8_02_b36c8633_r02c03__blur_kernel_3,./data/robustness/blur/kernel_3/normalized_32x32/8/8_8_02_b36c8633_r02c03__blur_kernel_3.npy,8,8,1,0.9980971109643142,-0.4384312629699707,-4.264630317687988,-0.7948437929153442,-2.590592622756958,-3.206728219985962,-2.9500222206115723,-2.6921372413635254,-4.701524257659912,6.645158767700195,-2.199720859527588,blur,3x3
8_8_02_b36c8633_r02c04__blur_kernel_3,./data/robustness/blur/kernel_3/normalized_32x32/8/8_8_02_b36c8633_r02c04__blur_kernel_3.npy,8,8,1,0.9095756785141754,-1.2301602363586426,-5.686917304992676,0.8595975637435913,0.49993300437927246,-3.0694518089294434,-0.2212357223033905,-4.064846992492676,-4.888105869293213,3.9596755504608154,-3.3768391609191895,blur,3x3
8_8_02_b36c8633_r03c01__blur_kernel_3,./data/robustness/blur/kernel_3/normalized_32x32/8/8_8_02_b36c8633_r03c01__blur_kernel_3.npy,8,8,1,0.9999132324888622,-2.514897346496582,-7.305044651031494,-0.6469537019729614,-2.757488965988159,-3.6768975257873535,-2.5223312377929688,-5.362074375152588,-6.983484745025635,9.16171932220459,-3.0630664825439453,blur,3x3
8_8_02_b36c8633_r03c02__blur_kernel_3,./data/robustness/blur/kernel_3/normalized_32x32/8/8_8_02_b36c8633_r03c02__blur_kernel_3.npy,8,8,1,0.9998764853213717,-4.811501979827881,-6.2625203132629395,-4.629446029663086,-1.608078956604004,-4.930368900299072,0.016066890209913254,-3.2825191020965576,-8.128371238708496,9.252108573913574,-5.010890960693359,blur,3x3
8_8_02_b36c8633_r03c03__blur_kernel_3,./data/robustness/blur/kernel_3/normalized_32x32/8/8_8_02_b36c8633_r03c03__blur_kernel_3.npy,8,8,1,0.9999959359841273,-4.427697658538818,-6.3758769035339355,-4.166191577911377,-3.313652515411377,-3.7612621784210205,-3.720431327819824,-6.900059223175049,-7.994067668914795,11.127738952636719,-1.8193916082382202,blur,3x3
8_8_02_b36c8633_r03c04__blur_kernel_3,./data/robustness/blur/kernel_3/normalized_32x32/8/8_8_02_b36c8633_r03c04__blur_kernel_3.npy,8,8,1,0.9999774419603603,-4.584733963012695,-8.273934364318848,-2.522669553756714,-1.4802625179290771,-4.755662441253662,-2.182055711746216,-6.30841064453125,-9.021346092224121,10.115190505981445,-2.154942512512207,blur,3x3
8_8_02_b36c8633_r04c01__blur_kernel_3,./data/robustness/blur/kernel_3/normalized_32x32/8/8_8_02_b36c8633_r04c01__blur_kernel_3.npy,8,8,1,0.9997724582146652,-2.9226582050323486,-7.256717205047607,-3.0820319652557373,-2.4295265674591064,-2.9846699237823486,-1.9028329849243164,-5.619502067565918,-7.872007369995117,8.500664710998535,-0.3186035752296448,blur,3x3
8_8_02_b36c8633_r04c02__blur_kernel_3,./data/robustness/blur/kernel_3/normalized_32x32/8/8_8_02_b36c8633_r04c02__blur_kernel_3.npy,8,8,1,0.9997939679155392,-1.493356704711914,-7.555424213409424,0.2925455570220947,-2.932065486907959,-3.9838621616363525,-3.4598753452301025,-6.598204612731934,-6.308297157287598,9.031055450439453,-2.975576639175415,blur,3x3
8_8_02_b36c8633_r04c03__blur_kernel_3,./data/robustness/blur/kernel_3/normalized_32x32/8/8_8_02_b36c8633_r04c03__blur_kernel_3.npy,8,8,1,0.9999971134306725,-3.2522826194763184,-10.999363899230957,-1.5166945457458496,-1.6957145929336548,-6.823478698730469,-3.0768914222717285,-8.310405731201172,-9.228185653686523,12.143324851989746,-2.936288356781006,blur,3x3
8_8_02_b36c8633_r04c04__blur_kernel_3,./data/robustness/blur/kernel_3/normalized_32x32/8/8_8_02_b36c8633_r04c04__blur_kernel_3.npy,8,8,1,0.9999962167104947,-5.3098225593566895,-7.902429580688477,-1.2452504634857178,-2.2078261375427246,-3.4526774883270264,-4.004611968994141,-7.565706253051758,-9.124701499938965,11.712753295898438,-4.7825727462768555,blur,3x3
9_9_01_852a4a6b_r01c01__blur_kernel_3,./data/robustness/blur/kernel_3/normalized_32x32/9/9_9_01_852a4a6b_r01c01__blur_kernel_3.npy,9,9,1,0.9862204878398729,-6.5124382972717285,-2.6741578578948975,-4.315177917480469,-2.5156500339508057,2.356095552444458,-4.445684432983398,-9.123788833618164,-0.36798036098480225,-3.427124500274658,6.708752632141113,blur,3x3
9_9_01_852a4a6b_r01c02__blur_kernel_3,./data/robustness/blur/kernel_3/normalized_32x32/9/9_9_01_852a4a6b_r01c02__blur_kernel_3.npy,9,9,1,0.9954412702374903,-6.597270965576172,-2.9233291149139404,-5.218958854675293,-2.6150050163269043,1.66036057472229,-4.8222222328186035,-9.590629577636719,0.21481618285179138,-3.476821184158325,7.284296035766602,blur,3x3
9_9_01_852a4a6b_r01c03__blur_kernel_3,./data/robustness/blur/kernel_3/normalized_32x32/9/9_9_01_852a4a6b_r01c03__blur_kernel_3.npy,9,9,1,0.9943308531424382,-6.801665782928467,-3.235419511795044,-5.261246681213379,-2.7978317737579346,2.0790505409240723,-4.765885353088379,-9.763652801513672,0.2276710867881775,-3.906433582305908,7.406444072723389,blur,3x3
9_9_01_852a4a6b_r01c04__blur_kernel_3,./data/robustness/blur/kernel_3/normalized_32x32/9/9_9_01_852a4a6b_r01c04__blur_kernel_3.npy,9,9,1,0.9979293139288091,-7.27048397064209,-2.12209153175354,-6.970340251922607,-4.190821170806885,1.4732404947280884,-4.526252746582031,-10.58134651184082,0.22046691179275513,-2.210848569869995,7.947148323059082,blur,3x3
9_9_01_852a4a6b_r02c01__blur_kernel_3,./data/robustness/blur/kernel_3/normalized_32x32/9/9_9_01_852a4a6b_r02c01__blur_kernel_3.npy,9,9,1,0.9819943479227505,-6.228649616241455,-3.7963738441467285,-5.760132789611816,-3.743272542953491,2.515117883682251,-4.082133769989014,-8.162163734436035,1.0199859142303467,-4.299613952636719,6.7217206954956055,blur,3x3
9_9_01_852a4a6b_r02c02__blur_kernel_3,./data/robustness/blur/kernel_3/normalized_32x32/9/9_9_01_852a4a6b_r02c02__blur_kernel_3.npy,9,9,1,0.999119137677094,-8.813490867614746,-5.066407203674316,-6.185594081878662,-2.9801368713378906,2.2525525093078613,-4.669036865234375,-12.474542617797852,-1.292527675628662,-5.326810836791992,9.322224617004395,blur,3x3
9_9_01_852a4a6b_r02c03__blur_kernel_3,./data/robustness/blur/kernel_3/normalized_32x32/9/9_9_01_852a4a6b_r02c03__blur_kernel_3.npy,9,8,0,0.8921387260795709,-2.5175130367279053,-0.34260350465774536,-3.7874155044555664,-3.7390360832214355,-2.5238780975341797,-3.5296342372894287,-4.2706685066223145,-0.8915501832962036,3.6980912685394287,1.2557199001312256,blur,3x3
9_9_01_852a4a6b_r02c04__blur_kernel_3,./data/robustness/blur/kernel_3/normalized_32x32/9/9_9_01_852a4a6b_r02c04__blur_kernel_3.npy,9,9,1,0.9992974155378413,-8.224239349365234,-3.9866979122161865,-7.373475551605225,-2.5662648677825928,0.06006555259227753,-4.015088081359863,-9.01201057434082,-1.9654982089996338,-0.7301504015922546,7.846867561340332,blur,3x3
9_9_01_852a4a6b_r03c01__blur_kernel_3,./data/robustness/blur/kernel_3/normalized_32x32/9/9_9_01_852a4a6b_r03c01__blur_kernel_3.npy,9,9,1,0.8971302917092374,-6.831454277038574,-1.7541477680206299,-4.8526201248168945,-3.5131990909576416,3.1909403800964355,-3.8555681705474854,-8.294116020202637,-0.5792038440704346,-2.417633295059204,5.392340183258057,blur,3x3
9_9_01_852a4a6b_r03c02__blur_kernel_3,./data/robustness/blur/kernel_3/normalized_32x32/9/9_9_01_852a4a6b_r03c02__blur_kernel_3.npy,9,9,1,0.8789364039253569,-3.9168148040771484,-1.3796777725219727,-3.095752716064453,-1.9168072938919067,1.4767210483551025,-1.8155959844589233,-5.321372985839844,-0.694222092628479,-2.087346315383911,3.71113657951355,blur,3x3
9_9_01_852a4a6b_r03c03__blur_kernel_3,./data/robustness/blur/kernel_3/normalized_32x32/9/9_9_01_852a4a6b_r03c03__blur_kernel_3.npy,9,9,1,0.9991126190909224,-5.912651062011719,-4.524520397186279,-8.143037796020508,-1.8471651077270508,0.2794172465801239,-4.371916770935059,-10.527071952819824,-4.74446439743042,-1.1415640115737915,7.633148193359375,blur,3x3
9_9_01_852a4a6b_r03c04__blur_kernel_3,./data/robustness/blur/kernel_3/normalized_32x32/9/9_9_01_852a4a6b_r03c04__blur_kernel_3.npy,9,9,1,0.9124632683276358,-7.9731035232543945,-3.0558366775512695,-6.967767715454102,-5.836627960205078,4.879673957824707,-5.4699907302856445,-8.917224884033203,-1.4902684688568115,-2.901428699493408,7.226312637329102,blur,3x3
9_9_01_852a4a6b_r04c01__blur_kernel_3,./data/robustness/blur/kernel_3/normalized_32x32/9/9_9_01_852a4a6b_r04c01__blur_kernel_3.npy,9,9,1,0.9889297476169258,-8.214920043945312,-3.6289706230163574,-6.058152198791504,-4.767515659332275,3.553683280944824,-5.5268073081970215,-9.718355178833008,-1.3805382251739502,-3.1870276927948,8.055570602416992,blur,3x3
9_9_01_852a4a6b_r04c02__blur_kernel_3,./data/robustness/blur/kernel_3/normalized_32x32/9/9_9_01_852a4a6b_r04c02__blur_kernel_3.npy,9,9,1,0.9977581098670545,-8.42546272277832,-3.169081926345825,-7.453829288482666,-3.2928578853607178,2.0862910747528076,-4.716731548309326,-10.619656562805176,-1.3692046403884888,-1.951582670211792,8.242987632751465,blur,3x3
9_9_01_852a4a6b_r04c03__blur_kernel_3,./data/robustness/blur/kernel_3/normalized_32x32/9/9_9_01_852a4a6b_r04c03__blur_kernel_3.npy,9,9,1,0.9899285157661701,-4.65809440612793,-3.6116631031036377,-3.768068313598633,-3.4373483657836914,1.0990006923675537,-3.6430130004882812,-6.957502841949463,-1.412567138671875,-2.9512691497802734,5.816341876983643,blur,3x3
9_9_01_852a4a6b_r04c04__blur_kernel_3,./data/robustness/blur/kernel_3/normalized_32x32/9/9_9_01_852a4a6b_r04c04__blur_kernel_3.npy,9,9,1,0.9976260559491692,-5.419963359832764,-3.272566795349121,-5.751907825469971,-3.313425302505493,0.8413600325584412,-3.44156551361084,-8.935202598571777,-1.182175874710083,-3.8433046340942383,7.056637287139893,blur,3x3
9_9_02_2f49434b_r01c01__blur_kernel_3,./data/robustness/blur/kernel_3/normalized_32x32/9/9_9_02_2f49434b_r01c01__blur_kernel_3.npy,9,9,1,0.9945880699688713,-5.542342185974121,-2.55507493019104,-6.644169330596924,-1.6669284105300903,-0.13148322701454163,-4.213099002838135,-7.027653694152832,-0.40674644708633423,-1.0729111433029175,5.989388465881348,blur,3x3
9_9_02_2f49434b_r01c02__blur_kernel_3,./data/robustness/blur/kernel_3/normalized_32x32/9/9_9_02_2f49434b_r01c02__blur_kernel_3.npy,9,9,1,0.9931255714763539,-6.686020851135254,-3.37825345993042,-6.032357692718506,-3.5923142433166504,2.470926523208618,-3.855114698410034,-8.797517776489258,-0.3661413788795471,-3.874081611633301,7.509455680847168,blur,3x3
9_9_02_2f49434b_r01c03__blur_kernel_3,./data/robustness/blur/kernel_3/normalized_32x32/9/9_9_02_2f49434b_r01c03__blur_kernel_3.npy,9,8,0,0.8826319622810096,-1.9858344793319702,-0.44839584827423096,-3.837002754211426,-3.3503477573394775,-2.037599802017212,-2.6430742740631104,-3.959564447402954,-0.03922899812459946,3.477588415145874,0.8291208148002625,blur,3x3
9_9_02_2f49434b_r01c04__blur_kernel_3,./data/robustness/blur/kernel_3/normalized_32x32/9/9_9_02_2f49434b_r01c04__blur_kernel_3.npy,9,9,1,0.9993587390513504,-7.742036819458008,-3.84116792678833,-7.071883678436279,-1.7250697612762451,0.45370617508888245,-4.998203277587891,-10.036349296569824,-1.2454462051391602,-2.2390737533569336,8.12901782989502,blur,3x3
9_9_02_2f49434b_r02c01__blur_kernel_3,./data/robustness/blur/kernel_3/normalized_32x32/9/9_9_02_2f49434b_r02c01__blur_kernel_3.npy,9,9,1,0.9972079211023533,-8.313017845153809,-3.572056293487549,-8.389996528625488,-2.8526601791381836,1.3482394218444824,-5.210625171661377,-9.644838333129883,0.6464563608169556,-2.4804704189300537,7.659021854400635,blur,3x3
9_9_02_2f49434b_r02c02__blur_kernel_3,./data/robustness/blur/kernel_3/normalized_32x32/9/9_9_02_2f49434b_r02c02__blur_kernel_3.npy,9,9,1,0.9994297809379816,-10.4901704788208,-4.9698638916015625,-9.656282424926758,-4.998887062072754,2.369570016860962,-6.051402568817139,-10.729360580444336,-2.0709455013275146,-1.8759092092514038,9.865744590759277,blur,3x3
9_9_02_2f49434b_r02c03__blur_kernel_3,./data/robustness/blur/kernel_3/normalized_32x32/9/9_9_02_2f49434b_r02c03__blur_kernel_3.npy,9,9,1,0.9983587150592407,-6.777210235595703,-3.7792139053344727,-7.4049553871154785,-3.399993896484375,1.5586497783660889,-5.51708459854126,-8.693290710449219,-1.2436063289642334,-1.9701991081237793,8.067397117614746,blur,3x3
9_9_02_2f49434b_r02c04__blur_kernel_3,./data/robustness/blur/kernel_3/normalized_32x32/9/9_9_02_2f49434b_r02c04__blur_kernel_3.npy,9,1,0,0.9353190186556877,-3.5929505825042725,4.32781457901001,-7.469276428222656,-6.977597236633301,-1.8370022773742676,-2.13153338432312,-4.05190896987915,0.04024403542280197,1.2238894701004028,-0.7453472018241882,blur,3x3
9_9_02_2f49434b_r03c01__blur_kernel_3,./data/robustness/blur/kernel_3/normalized_32x32/9/9_9_02_2f49434b_r03c01__blur_kernel_3.npy,9,4,0,0.822650275015908,-7.740236759185791,-2.1458520889282227,-7.07037353515625,-6.720545291900635,5.215000629425049,-5.391866207122803,-7.372076988220215,-2.0640273094177246,-0.32673877477645874,3.655763626098633,blur,3x3
9_9_02_2f49434b_r03c02__blur_kernel_3,./data/robustness/blur/kernel_3/normalized_32x32/9/9_9_02_2f49434b_r03c02__blur_kernel_3.npy,9,9,1,0.9917160068310729,-6.602650165557861,-3.847576379776001,-5.496760845184326,-4.039961338043213,2.0933921337127686,-5.73842716217041,-9.29056167602539,-2.491131067276001,-0.335734099149704,6.977626800537109,blur,3x3
9_9_02_2f49434b_r03c03__blur_kernel_3,./data/robustness/blur/kernel_3/normalized_32x32/9/9_9_02_2f49434b_r03c03__blur_kernel_3.npy,9,9,1,0.965983889148357,-4.464025974273682,-3.1225321292877197,-2.2809531688690186,-2.7066423892974854,0.6407921314239502,-3.088296890258789,-6.543636322021484,-1.6451449394226074,-0.43852758407592773,4.447415828704834,blur,3x3
9_9_02_2f49434b_r03c04__blur_kernel_3,./data/robustness/blur/kernel_3/normalized_32x32/9/9_9_02_2f49434b_r03c04__blur_kernel_3.npy,9,9,1,0.9452149290050808,-6.599289894104004,-1.6250256299972534,-6.417142868041992,-5.216503620147705,3.545280933380127,-4.599932670593262,-8.75355052947998,-1.2110646963119507,-2.0667476654052734,6.411578178405762,blur,3x3
9_9_02_2f49434b_r04c01__blur_kernel_3,./data/robustness/blur/kernel_3/normalized_32x32/9/9_9_02_2f49434b_r04c01__blur_kernel_3.npy,9,9,1,0.9299119997733434,-5.280289173126221,-3.928386926651001,-5.361961841583252,-3.1548657417297363,3.128937005996704,-3.5111775398254395,-8.718162536621094,-4.096827983856201,-2.360863447189331,5.723557949066162,blur,3x3
9_9_02_2f49434b_r04c02__blur_kernel_3,./data/robustness/blur/kernel_3/normalized_32x32/9/9_9_02_2f49434b_r04c02__blur_kernel_3.npy,9,9,1,0.8522196273575614,-5.688098430633545,-3.1631438732147217,-4.949257850646973,-4.216017246246338,3.7183480262756348,-4.431240558624268,-6.438717842102051,-1.910800814628601,-2.2226369380950928,5.478619575500488,blur,3x3
9_9_02_2f49434b_r04c03__blur_kernel_3,./data/robustness/blur/kernel_3/normalized_32x32/9/9_9_02_2f49434b_r04c03__blur_kernel_3.npy,9,9,1,0.9801518755988359,-7.3177409172058105,-3.0818231105804443,-5.619300365447998,-4.357872009277344,3.4297385215759277,-4.976211071014404,-9.000387191772461,-1.5841351747512817,-2.986952066421509,7.339828014373779,blur,3x3
9_9_02_2f49434b_r04c04__blur_kernel_3,./data/robustness/blur/kernel_3/normalized_32x32/9/9_9_02_2f49434b_r04c04__blur_kernel_3.npy,9,9,1,0.9812521668496281,-5.34006929397583,-2.2894647121429443,-3.5137057304382324,-2.2241151332855225,1.297580599784851,-4.287644863128662,-7.497067451477051,-0.6097461581230164,-2.214625358581543,5.477586269378662,blur,3x3
