
****** Vivado v2022.2 (64-bit)
  **** SW Build 3671981 on Fri Oct 14 05:00:03 MDT 2022
  **** IP Build 3669848 on Fri Oct 14 08:30:02 MDT 2022
    ** Copyright 1986-2022 Xilinx, Inc. All Rights Reserved.

source run_w4a4_lc2_vivado_impl.tcl
# set script_dir [file normalize [file dirname [info script]]]
# set ip_dir [file normalize [lindex $argv 0]]
# set out_dir [file normalize "$script_dir/results"]
# set proj_dir [file normalize "$script_dir/work_vivado_impl"]
# if {![file isdirectory $ip_dir]} {
#     puts "ERROR: Extracted IP directory not found: $ip_dir"
#     exit 2
# }
# file mkdir $out_dir
# create_project -force w4a4_lc2_impl $proj_dir -part xc7z020clg400-1
INFO: [ProjectBase 1-489] The host OS only allows 260 characters in a normal path. The project is stored in a path with more than 80 characters. If you experience issues with IP, Block Designs, or files not being found, please consider moving the project to a location with a shorter path. Alternately consider using the OS subst command to map part of the path to a drive letter.
Current project path is 'D:/GitHub/vivado/vivado/F_Quantization_W8A8/Vivado_W4A4_LC2_Impl_Patch/work_vivado_impl'
# set rtl_files [glob -nocomplain "$ip_dir/hdl/verilog/*.v"]
# if {[llength $rtl_files] == 0} {
#     puts "ERROR: No Verilog files found under $ip_dir/hdl/verilog"
#     exit 3
# }
# read_verilog $rtl_files
# set xdc_file "$ip_dir/constraints/lenet_w4a4_top_ooc.xdc"
# if {[file exists $xdc_file]} {
#     read_xdc $xdc_file
# } else {
#     puts "WARNING: OOC XDC not found; creating 10 ns clock in Tcl."
# }
# synth_design -top lenet_w4a4_top -part xc7z020clg400-1 -mode out_of_context
Command: synth_design -top lenet_w4a4_top -part xc7z020clg400-1 -mode out_of_context
Starting synth_design
Attempting to get a license for feature 'Synthesis' and/or device 'xc7z020'
INFO: [Common 17-349] Got license for feature 'Synthesis' and/or device 'xc7z020'
INFO: [Device 21-403] Loading part xc7z020clg400-1
INFO: [Synth 8-7079] Multithreading enabled for synth_design using a maximum of 2 processes.
INFO: [Synth 8-7078] Launching helper process for spawning children vivado processes
INFO: [Synth 8-7075] Helper process launched with PID 4432
INFO: [Synth 8-11241] undeclared symbol 'REGCCE', assumed default net type 'wire' [D:/Xilinx/Vivado/2022.2/data/verilog/src/unimacro/BRAM_SINGLE_MACRO.v:2170]
---------------------------------------------------------------------------------
Starting RTL Elaboration : Time (s): cpu = 00:00:04 ; elapsed = 00:00:04 . Memory (MB): peak = 1841.371 ; gain = 408.441
---------------------------------------------------------------------------------
INFO: [Synth 8-6157] synthesizing module 'lenet_w4a4_top' [D:/GitHub/vivado/vivado/F_Quantization_W8A8/Vivado_W4A4_LC2_Impl_Patch/extracted_ip/hdl/verilog/lenet_w4a4_top.v:10]
INFO: [Synth 8-6157] synthesizing module 'lenet_w4a4_top_local_weight_V_RAM_AUTO_1R1W' [D:/GitHub/vivado/vivado/F_Quantization_W8A8/Vivado_W4A4_LC2_Impl_Patch/extracted_ip/hdl/verilog/lenet_w4a4_top_local_weight_V_RAM_AUTO_1R1W.v:7]
	Parameter DataWidth bound to: 4 - type: integer 
	Parameter AddressWidth bound to: 8 - type: integer 
	Parameter AddressRange bound to: 200 - type: integer 
INFO: [Synth 8-6155] done synthesizing module 'lenet_w4a4_top_local_weight_V_RAM_AUTO_1R1W' (0#1) [D:/GitHub/vivado/vivado/F_Quantization_W8A8/Vivado_W4A4_LC2_Impl_Patch/extracted_ip/hdl/verilog/lenet_w4a4_top_local_weight_V_RAM_AUTO_1R1W.v:7]
INFO: [Synth 8-6157] synthesizing module 'lenet_w4a4_top_local_weight_V_2_RAM_AUTO_1R1W' [D:/GitHub/vivado/vivado/F_Quantization_W8A8/Vivado_W4A4_LC2_Impl_Patch/extracted_ip/hdl/verilog/lenet_w4a4_top_local_weight_V_2_RAM_AUTO_1R1W.v:7]
	Parameter DataWidth bound to: 4 - type: integer 
	Parameter AddressWidth bound to: 7 - type: integer 
	Parameter AddressRange bound to: 75 - type: integer 
INFO: [Synth 8-6155] done synthesizing module 'lenet_w4a4_top_local_weight_V_2_RAM_AUTO_1R1W' (0#1) [D:/GitHub/vivado/vivado/F_Quantization_W8A8/Vivado_W4A4_LC2_Impl_Patch/extracted_ip/hdl/verilog/lenet_w4a4_top_local_weight_V_2_RAM_AUTO_1R1W.v:7]
INFO: [Synth 8-6157] synthesizing module 'lenet_w4a4_top_local_weight_V_4_RAM_AUTO_1R1W' [D:/GitHub/vivado/vivado/F_Quantization_W8A8/Vivado_W4A4_LC2_Impl_Patch/extracted_ip/hdl/verilog/lenet_w4a4_top_local_weight_V_4_RAM_AUTO_1R1W.v:7]
	Parameter DataWidth bound to: 4 - type: integer 
	Parameter AddressWidth bound to: 4 - type: integer 
	Parameter AddressRange bound to: 13 - type: integer 
INFO: [Synth 8-6155] done synthesizing module 'lenet_w4a4_top_local_weight_V_4_RAM_AUTO_1R1W' (0#1) [D:/GitHub/vivado/vivado/F_Quantization_W8A8/Vivado_W4A4_LC2_Impl_Patch/extracted_ip/hdl/verilog/lenet_w4a4_top_local_weight_V_4_RAM_AUTO_1R1W.v:7]
INFO: [Synth 8-6157] synthesizing module 'lenet_w4a4_top_input_V_RAM_1WNR_AUTO_1R1W' [D:/GitHub/vivado/vivado/F_Quantization_W8A8/Vivado_W4A4_LC2_Impl_Patch/extracted_ip/hdl/verilog/lenet_w4a4_top_input_V_RAM_1WNR_AUTO_1R1W.v:7]
	Parameter DataWidth bound to: 4 - type: integer 
	Parameter AddressWidth bound to: 10 - type: integer 
	Parameter AddressRange bound to: 1024 - type: integer 
INFO: [Synth 8-6155] done synthesizing module 'lenet_w4a4_top_input_V_RAM_1WNR_AUTO_1R1W' (0#1) [D:/GitHub/vivado/vivado/F_Quantization_W8A8/Vivado_W4A4_LC2_Impl_Patch/extracted_ip/hdl/verilog/lenet_w4a4_top_input_V_RAM_1WNR_AUTO_1R1W.v:7]
INFO: [Synth 8-6157] synthesizing module 'lenet_w4a4_top_conv1_acc_V_RAM_1WNR_AUTO_1R1W' [D:/GitHub/vivado/vivado/F_Quantization_W8A8/Vivado_W4A4_LC2_Impl_Patch/extracted_ip/hdl/verilog/lenet_w4a4_top_conv1_acc_V_RAM_1WNR_AUTO_1R1W.v:7]
	Parameter DataWidth bound to: 12 - type: integer 
	Parameter AddressWidth bound to: 13 - type: integer 
	Parameter AddressRange bound to: 4704 - type: integer 
INFO: [Synth 8-6155] done synthesizing module 'lenet_w4a4_top_conv1_acc_V_RAM_1WNR_AUTO_1R1W' (0#1) [D:/GitHub/vivado/vivado/F_Quantization_W8A8/Vivado_W4A4_LC2_Impl_Patch/extracted_ip/hdl/verilog/lenet_w4a4_top_conv1_acc_V_RAM_1WNR_AUTO_1R1W.v:7]
INFO: [Synth 8-6157] synthesizing module 'lenet_w4a4_top_pool1_V_RAM_AUTO_1R1W' [D:/GitHub/vivado/vivado/F_Quantization_W8A8/Vivado_W4A4_LC2_Impl_Patch/extracted_ip/hdl/verilog/lenet_w4a4_top_pool1_V_RAM_AUTO_1R1W.v:7]
	Parameter DataWidth bound to: 3 - type: integer 
	Parameter AddressWidth bound to: 11 - type: integer 
	Parameter AddressRange bound to: 1176 - type: integer 
INFO: [Synth 8-6155] done synthesizing module 'lenet_w4a4_top_pool1_V_RAM_AUTO_1R1W' (0#1) [D:/GitHub/vivado/vivado/F_Quantization_W8A8/Vivado_W4A4_LC2_Impl_Patch/extracted_ip/hdl/verilog/lenet_w4a4_top_pool1_V_RAM_AUTO_1R1W.v:7]
INFO: [Synth 8-6157] synthesizing module 'lenet_w4a4_top_conv2_acc_V_RAM_1WNR_AUTO_1R1W' [D:/GitHub/vivado/vivado/F_Quantization_W8A8/Vivado_W4A4_LC2_Impl_Patch/extracted_ip/hdl/verilog/lenet_w4a4_top_conv2_acc_V_RAM_1WNR_AUTO_1R1W.v:7]
	Parameter DataWidth bound to: 15 - type: integer 
	Parameter AddressWidth bound to: 11 - type: integer 
	Parameter AddressRange bound to: 1600 - type: integer 
INFO: [Synth 8-6155] done synthesizing module 'lenet_w4a4_top_conv2_acc_V_RAM_1WNR_AUTO_1R1W' (0#1) [D:/GitHub/vivado/vivado/F_Quantization_W8A8/Vivado_W4A4_LC2_Impl_Patch/extracted_ip/hdl/verilog/lenet_w4a4_top_conv2_acc_V_RAM_1WNR_AUTO_1R1W.v:7]
INFO: [Synth 8-6157] synthesizing module 'lenet_w4a4_top_pool2_V_RAM_AUTO_1R1W' [D:/GitHub/vivado/vivado/F_Quantization_W8A8/Vivado_W4A4_LC2_Impl_Patch/extracted_ip/hdl/verilog/lenet_w4a4_top_pool2_V_RAM_AUTO_1R1W.v:7]
	Parameter DataWidth bound to: 3 - type: integer 
	Parameter AddressWidth bound to: 9 - type: integer 
	Parameter AddressRange bound to: 400 - type: integer 
INFO: [Synth 8-6155] done synthesizing module 'lenet_w4a4_top_pool2_V_RAM_AUTO_1R1W' (0#1) [D:/GitHub/vivado/vivado/F_Quantization_W8A8/Vivado_W4A4_LC2_Impl_Patch/extracted_ip/hdl/verilog/lenet_w4a4_top_pool2_V_RAM_AUTO_1R1W.v:7]
INFO: [Synth 8-6157] synthesizing module 'lenet_w4a4_top_conv3_acc_V_RAM_AUTO_1R1W' [D:/GitHub/vivado/vivado/F_Quantization_W8A8/Vivado_W4A4_LC2_Impl_Patch/extracted_ip/hdl/verilog/lenet_w4a4_top_conv3_acc_V_RAM_AUTO_1R1W.v:7]
	Parameter DataWidth bound to: 16 - type: integer 
	Parameter AddressWidth bound to: 7 - type: integer 
	Parameter AddressRange bound to: 120 - type: integer 
INFO: [Synth 8-6155] done synthesizing module 'lenet_w4a4_top_conv3_acc_V_RAM_AUTO_1R1W' (0#1) [D:/GitHub/vivado/vivado/F_Quantization_W8A8/Vivado_W4A4_LC2_Impl_Patch/extracted_ip/hdl/verilog/lenet_w4a4_top_conv3_acc_V_RAM_AUTO_1R1W.v:7]
INFO: [Synth 8-6157] synthesizing module 'lenet_w4a4_top_conv3_relu_V_RAM_AUTO_1R1W' [D:/GitHub/vivado/vivado/F_Quantization_W8A8/Vivado_W4A4_LC2_Impl_Patch/extracted_ip/hdl/verilog/lenet_w4a4_top_conv3_relu_V_RAM_AUTO_1R1W.v:7]
	Parameter DataWidth bound to: 3 - type: integer 
	Parameter AddressWidth bound to: 7 - type: integer 
	Parameter AddressRange bound to: 120 - type: integer 
INFO: [Synth 8-6155] done synthesizing module 'lenet_w4a4_top_conv3_relu_V_RAM_AUTO_1R1W' (0#1) [D:/GitHub/vivado/vivado/F_Quantization_W8A8/Vivado_W4A4_LC2_Impl_Patch/extracted_ip/hdl/verilog/lenet_w4a4_top_conv3_relu_V_RAM_AUTO_1R1W.v:7]
INFO: [Synth 8-6157] synthesizing module 'lenet_w4a4_top_fc1_acc_V_RAM_AUTO_1R1W' [D:/GitHub/vivado/vivado/F_Quantization_W8A8/Vivado_W4A4_LC2_Impl_Patch/extracted_ip/hdl/verilog/lenet_w4a4_top_fc1_acc_V_RAM_AUTO_1R1W.v:7]
	Parameter DataWidth bound to: 14 - type: integer 
	Parameter AddressWidth bound to: 7 - type: integer 
	Parameter AddressRange bound to: 84 - type: integer 
INFO: [Synth 8-6155] done synthesizing module 'lenet_w4a4_top_fc1_acc_V_RAM_AUTO_1R1W' (0#1) [D:/GitHub/vivado/vivado/F_Quantization_W8A8/Vivado_W4A4_LC2_Impl_Patch/extracted_ip/hdl/verilog/lenet_w4a4_top_fc1_acc_V_RAM_AUTO_1R1W.v:7]
INFO: [Synth 8-6157] synthesizing module 'lenet_w4a4_top_fc1_relu_V_RAM_AUTO_1R1W' [D:/GitHub/vivado/vivado/F_Quantization_W8A8/Vivado_W4A4_LC2_Impl_Patch/extracted_ip/hdl/verilog/lenet_w4a4_top_fc1_relu_V_RAM_AUTO_1R1W.v:7]
	Parameter DataWidth bound to: 3 - type: integer 
	Parameter AddressWidth bound to: 7 - type: integer 
	Parameter AddressRange bound to: 84 - type: integer 
INFO: [Synth 8-6155] done synthesizing module 'lenet_w4a4_top_fc1_relu_V_RAM_AUTO_1R1W' (0#1) [D:/GitHub/vivado/vivado/F_Quantization_W8A8/Vivado_W4A4_LC2_Impl_Patch/extracted_ip/hdl/verilog/lenet_w4a4_top_fc1_relu_V_RAM_AUTO_1R1W.v:7]
INFO: [Synth 8-6157] synthesizing module 'lenet_w4a4_top_fc2_acc_V_RAM_AUTO_1R1W' [D:/GitHub/vivado/vivado/F_Quantization_W8A8/Vivado_W4A4_LC2_Impl_Patch/extracted_ip/hdl/verilog/lenet_w4a4_top_fc2_acc_V_RAM_AUTO_1R1W.v:7]
	Parameter DataWidth bound to: 14 - type: integer 
	Parameter AddressWidth bound to: 4 - type: integer 
	Parameter AddressRange bound to: 10 - type: integer 
INFO: [Synth 8-6155] done synthesizing module 'lenet_w4a4_top_fc2_acc_V_RAM_AUTO_1R1W' (0#1) [D:/GitHub/vivado/vivado/F_Quantization_W8A8/Vivado_W4A4_LC2_Impl_Patch/extracted_ip/hdl/verilog/lenet_w4a4_top_fc2_acc_V_RAM_AUTO_1R1W.v:7]
INFO: [Synth 8-6157] synthesizing module 'lenet_w4a4_top_fc2_quant_V_RAM_AUTO_1R1W' [D:/GitHub/vivado/vivado/F_Quantization_W8A8/Vivado_W4A4_LC2_Impl_Patch/extracted_ip/hdl/verilog/lenet_w4a4_top_fc2_quant_V_RAM_AUTO_1R1W.v:7]
	Parameter DataWidth bound to: 4 - type: integer 
	Parameter AddressWidth bound to: 4 - type: integer 
	Parameter AddressRange bound to: 10 - type: integer 
INFO: [Synth 8-6155] done synthesizing module 'lenet_w4a4_top_fc2_quant_V_RAM_AUTO_1R1W' (0#1) [D:/GitHub/vivado/vivado/F_Quantization_W8A8/Vivado_W4A4_LC2_Impl_Patch/extracted_ip/hdl/verilog/lenet_w4a4_top_fc2_quant_V_RAM_AUTO_1R1W.v:7]
INFO: [Synth 8-6157] synthesizing module 'lenet_w4a4_top_lenet_w4a4_top_Pipeline_UNPACK_INPUT' [D:/GitHub/vivado/vivado/F_Quantization_W8A8/Vivado_W4A4_LC2_Impl_Patch/extracted_ip/hdl/verilog/lenet_w4a4_top_lenet_w4a4_top_Pipeline_UNPACK_INPUT.v:10]
INFO: [Synth 8-6157] synthesizing module 'lenet_w4a4_top_flow_control_loop_pipe_sequential_init' [D:/GitHub/vivado/vivado/F_Quantization_W8A8/Vivado_W4A4_LC2_Impl_Patch/extracted_ip/hdl/verilog/lenet_w4a4_top_flow_control_loop_pipe_sequential_init.v:9]
INFO: [Synth 8-6155] done synthesizing module 'lenet_w4a4_top_flow_control_loop_pipe_sequential_init' (0#1) [D:/GitHub/vivado/vivado/F_Quantization_W8A8/Vivado_W4A4_LC2_Impl_Patch/extracted_ip/hdl/verilog/lenet_w4a4_top_flow_control_loop_pipe_sequential_init.v:9]
INFO: [Synth 8-6155] done synthesizing module 'lenet_w4a4_top_lenet_w4a4_top_Pipeline_UNPACK_INPUT' (0#1) [D:/GitHub/vivado/vivado/F_Quantization_W8A8/Vivado_W4A4_LC2_Impl_Patch/extracted_ip/hdl/verilog/lenet_w4a4_top_lenet_w4a4_top_Pipeline_UNPACK_INPUT.v:10]
INFO: [Synth 8-6157] synthesizing module 'lenet_w4a4_top_lenet_w4a4_top_Pipeline_LOAD_LOCAL_WEIGHT' [D:/GitHub/vivado/vivado/F_Quantization_W8A8/Vivado_W4A4_LC2_Impl_Patch/extracted_ip/hdl/verilog/lenet_w4a4_top_lenet_w4a4_top_Pipeline_LOAD_LOCAL_WEIGHT.v:10]
INFO: [Synth 8-6155] done synthesizing module 'lenet_w4a4_top_lenet_w4a4_top_Pipeline_LOAD_LOCAL_WEIGHT' (0#1) [D:/GitHub/vivado/vivado/F_Quantization_W8A8/Vivado_W4A4_LC2_Impl_Patch/extracted_ip/hdl/verilog/lenet_w4a4_top_lenet_w4a4_top_Pipeline_LOAD_LOCAL_WEIGHT.v:10]
INFO: [Synth 8-6157] synthesizing module 'lenet_w4a4_top_lenet_w4a4_top_Pipeline_POOL_CHANNEL_POOL_ROW_POOL_COL' [D:/GitHub/vivado/vivado/F_Quantization_W8A8/Vivado_W4A4_LC2_Impl_Patch/extracted_ip/hdl/verilog/lenet_w4a4_top_lenet_w4a4_top_Pipeline_POOL_CHANNEL_POOL_ROW_POOL_COL.v:10]
INFO: [Synth 8-6157] synthesizing module 'lenet_w4a4_top_mul_32ns_36ns_67_2_1' [D:/GitHub/vivado/vivado/F_Quantization_W8A8/Vivado_W4A4_LC2_Impl_Patch/extracted_ip/hdl/verilog/lenet_w4a4_top_mul_32ns_36ns_67_2_1.v:9]
	Parameter ID bound to: 1 - type: integer 
	Parameter NUM_STAGE bound to: 2 - type: integer 
	Parameter din0_WIDTH bound to: 32 - type: integer 
	Parameter din1_WIDTH bound to: 36 - type: integer 
	Parameter dout_WIDTH bound to: 67 - type: integer 
INFO: [Synth 8-6155] done synthesizing module 'lenet_w4a4_top_mul_32ns_36ns_67_2_1' (0#1) [D:/GitHub/vivado/vivado/F_Quantization_W8A8/Vivado_W4A4_LC2_Impl_Patch/extracted_ip/hdl/verilog/lenet_w4a4_top_mul_32ns_36ns_67_2_1.v:9]
INFO: [Synth 8-6155] done synthesizing module 'lenet_w4a4_top_lenet_w4a4_top_Pipeline_POOL_CHANNEL_POOL_ROW_POOL_COL' (0#1) [D:/GitHub/vivado/vivado/F_Quantization_W8A8/Vivado_W4A4_LC2_Impl_Patch/extracted_ip/hdl/verilog/lenet_w4a4_top_lenet_w4a4_top_Pipeline_POOL_CHANNEL_POOL_ROW_POOL_COL.v:10]
INFO: [Synth 8-6157] synthesizing module 'lenet_w4a4_top_lenet_w4a4_top_Pipeline_OUT_ROW_OUT_COL' [D:/GitHub/vivado/vivado/F_Quantization_W8A8/Vivado_W4A4_LC2_Impl_Patch/extracted_ip/hdl/verilog/lenet_w4a4_top_lenet_w4a4_top_Pipeline_OUT_ROW_OUT_COL.v:10]
INFO: [Synth 8-6157] synthesizing module 'lenet_w4a4_top_mul_4s_4s_8_1_1' [D:/GitHub/vivado/vivado/F_Quantization_W8A8/Vivado_W4A4_LC2_Impl_Patch/extracted_ip/hdl/verilog/lenet_w4a4_top_mul_4s_4s_8_1_1.v:9]
	Parameter ID bound to: 1 - type: integer 
	Parameter NUM_STAGE bound to: 1 - type: integer 
	Parameter din0_WIDTH bound to: 4 - type: integer 
	Parameter din1_WIDTH bound to: 4 - type: integer 
	Parameter dout_WIDTH bound to: 8 - type: integer 
INFO: [Synth 8-6155] done synthesizing module 'lenet_w4a4_top_mul_4s_4s_8_1_1' (0#1) [D:/GitHub/vivado/vivado/F_Quantization_W8A8/Vivado_W4A4_LC2_Impl_Patch/extracted_ip/hdl/verilog/lenet_w4a4_top_mul_4s_4s_8_1_1.v:9]
INFO: [Synth 8-6157] synthesizing module 'lenet_w4a4_top_mac_muladd_4s_4s_8s_9_4_1' [D:/GitHub/vivado/vivado/F_Quantization_W8A8/Vivado_W4A4_LC2_Impl_Patch/extracted_ip/hdl/verilog/lenet_w4a4_top_mac_muladd_4s_4s_8s_9_4_1.v:47]
	Parameter ID bound to: 1 - type: integer 
	Parameter NUM_STAGE bound to: 4 - type: integer 
	Parameter din0_WIDTH bound to: 4 - type: integer 
	Parameter din1_WIDTH bound to: 4 - type: integer 
	Parameter din2_WIDTH bound to: 8 - type: integer 
	Parameter dout_WIDTH bound to: 9 - type: integer 
INFO: [Synth 8-6157] synthesizing module 'lenet_w4a4_top_mac_muladd_4s_4s_8s_9_4_1_DSP48_0' [D:/GitHub/vivado/vivado/F_Quantization_W8A8/Vivado_W4A4_LC2_Impl_Patch/extracted_ip/hdl/verilog/lenet_w4a4_top_mac_muladd_4s_4s_8s_9_4_1.v:8]
INFO: [Synth 8-6155] done synthesizing module 'lenet_w4a4_top_mac_muladd_4s_4s_8s_9_4_1_DSP48_0' (0#1) [D:/GitHub/vivado/vivado/F_Quantization_W8A8/Vivado_W4A4_LC2_Impl_Patch/extracted_ip/hdl/verilog/lenet_w4a4_top_mac_muladd_4s_4s_8s_9_4_1.v:8]
INFO: [Synth 8-6155] done synthesizing module 'lenet_w4a4_top_mac_muladd_4s_4s_8s_9_4_1' (0#1) [D:/GitHub/vivado/vivado/F_Quantization_W8A8/Vivado_W4A4_LC2_Impl_Patch/extracted_ip/hdl/verilog/lenet_w4a4_top_mac_muladd_4s_4s_8s_9_4_1.v:47]
INFO: [Synth 8-6157] synthesizing module 'lenet_w4a4_top_mac_muladd_4s_4s_9s_9_4_1' [D:/GitHub/vivado/vivado/F_Quantization_W8A8/Vivado_W4A4_LC2_Impl_Patch/extracted_ip/hdl/verilog/lenet_w4a4_top_mac_muladd_4s_4s_9s_9_4_1.v:47]
	Parameter ID bound to: 1 - type: integer 
	Parameter NUM_STAGE bound to: 4 - type: integer 
	Parameter din0_WIDTH bound to: 4 - type: integer 
	Parameter din1_WIDTH bound to: 4 - type: integer 
	Parameter din2_WIDTH bound to: 9 - type: integer 
	Parameter dout_WIDTH bound to: 9 - type: integer 
INFO: [Synth 8-6157] synthesizing module 'lenet_w4a4_top_mac_muladd_4s_4s_9s_9_4_1_DSP48_1' [D:/GitHub/vivado/vivado/F_Quantization_W8A8/Vivado_W4A4_LC2_Impl_Patch/extracted_ip/hdl/verilog/lenet_w4a4_top_mac_muladd_4s_4s_9s_9_4_1.v:8]
INFO: [Synth 8-6155] done synthesizing module 'lenet_w4a4_top_mac_muladd_4s_4s_9s_9_4_1_DSP48_1' (0#1) [D:/GitHub/vivado/vivado/F_Quantization_W8A8/Vivado_W4A4_LC2_Impl_Patch/extracted_ip/hdl/verilog/lenet_w4a4_top_mac_muladd_4s_4s_9s_9_4_1.v:8]
INFO: [Synth 8-6155] done synthesizing module 'lenet_w4a4_top_mac_muladd_4s_4s_9s_9_4_1' (0#1) [D:/GitHub/vivado/vivado/F_Quantization_W8A8/Vivado_W4A4_LC2_Impl_Patch/extracted_ip/hdl/verilog/lenet_w4a4_top_mac_muladd_4s_4s_9s_9_4_1.v:47]
INFO: [Synth 8-6155] done synthesizing module 'lenet_w4a4_top_lenet_w4a4_top_Pipeline_OUT_ROW_OUT_COL' (0#1) [D:/GitHub/vivado/vivado/F_Quantization_W8A8/Vivado_W4A4_LC2_Impl_Patch/extracted_ip/hdl/verilog/lenet_w4a4_top_lenet_w4a4_top_Pipeline_OUT_ROW_OUT_COL.v:10]
INFO: [Synth 8-6157] synthesizing module 'lenet_w4a4_top_lenet_w4a4_top_Pipeline_POOL_CHANNEL_POOL_ROW_POOL_COL2' [D:/GitHub/vivado/vivado/F_Quantization_W8A8/Vivado_W4A4_LC2_Impl_Patch/extracted_ip/hdl/verilog/lenet_w4a4_top_lenet_w4a4_top_Pipeline_POOL_CHANNEL_POOL_ROW_POOL_COL2.v:10]
INFO: [Synth 8-6157] synthesizing module 'lenet_w4a4_top_mul_32ns_37ns_68_2_1' [D:/GitHub/vivado/vivado/F_Quantization_W8A8/Vivado_W4A4_LC2_Impl_Patch/extracted_ip/hdl/verilog/lenet_w4a4_top_mul_32ns_37ns_68_2_1.v:9]
	Parameter ID bound to: 1 - type: integer 
	Parameter NUM_STAGE bound to: 2 - type: integer 
	Parameter din0_WIDTH bound to: 32 - type: integer 
	Parameter din1_WIDTH bound to: 37 - type: integer 
	Parameter dout_WIDTH bound to: 68 - type: integer 
INFO: [Synth 8-6155] done synthesizing module 'lenet_w4a4_top_mul_32ns_37ns_68_2_1' (0#1) [D:/GitHub/vivado/vivado/F_Quantization_W8A8/Vivado_W4A4_LC2_Impl_Patch/extracted_ip/hdl/verilog/lenet_w4a4_top_mul_32ns_37ns_68_2_1.v:9]
INFO: [Synth 8-6155] done synthesizing module 'lenet_w4a4_top_lenet_w4a4_top_Pipeline_POOL_CHANNEL_POOL_ROW_POOL_COL2' (0#1) [D:/GitHub/vivado/vivado/F_Quantization_W8A8/Vivado_W4A4_LC2_Impl_Patch/extracted_ip/hdl/verilog/lenet_w4a4_top_lenet_w4a4_top_Pipeline_POOL_CHANNEL_POOL_ROW_POOL_COL2.v:10]
INFO: [Synth 8-6157] synthesizing module 'lenet_w4a4_top_lenet_w4a4_top_Pipeline_LOAD_LOCAL_WEIGHT1' [D:/GitHub/vivado/vivado/F_Quantization_W8A8/Vivado_W4A4_LC2_Impl_Patch/extracted_ip/hdl/verilog/lenet_w4a4_top_lenet_w4a4_top_Pipeline_LOAD_LOCAL_WEIGHT1.v:10]
INFO: [Synth 8-6155] done synthesizing module 'lenet_w4a4_top_lenet_w4a4_top_Pipeline_LOAD_LOCAL_WEIGHT1' (0#1) [D:/GitHub/vivado/vivado/F_Quantization_W8A8/Vivado_W4A4_LC2_Impl_Patch/extracted_ip/hdl/verilog/lenet_w4a4_top_lenet_w4a4_top_Pipeline_LOAD_LOCAL_WEIGHT1.v:10]
INFO: [Synth 8-6157] synthesizing module 'lenet_w4a4_top_lenet_w4a4_top_Pipeline_VITIS_LOOP_147_1_KERNEL_ROW_KERNEL_COL' [D:/GitHub/vivado/vivado/F_Quantization_W8A8/Vivado_W4A4_LC2_Impl_Patch/extracted_ip/hdl/verilog/lenet_w4a4_top_lenet_w4a4_top_Pipeline_VITIS_LOOP_147_1_KERNEL_ROW_KERNEL_COL.v:10]
INFO: [Synth 8-6157] synthesizing module 'lenet_w4a4_top_mux_21_4_1_1' [D:/GitHub/vivado/vivado/F_Quantization_W8A8/Vivado_W4A4_LC2_Impl_Patch/extracted_ip/hdl/verilog/lenet_w4a4_top_mux_21_4_1_1.v:9]
	Parameter ID bound to: 1 - type: integer 
	Parameter NUM_STAGE bound to: 1 - type: integer 
	Parameter din0_WIDTH bound to: 4 - type: integer 
	Parameter din1_WIDTH bound to: 4 - type: integer 
	Parameter din2_WIDTH bound to: 1 - type: integer 
	Parameter dout_WIDTH bound to: 4 - type: integer 
INFO: [Synth 8-6155] done synthesizing module 'lenet_w4a4_top_mux_21_4_1_1' (0#1) [D:/GitHub/vivado/vivado/F_Quantization_W8A8/Vivado_W4A4_LC2_Impl_Patch/extracted_ip/hdl/verilog/lenet_w4a4_top_mux_21_4_1_1.v:9]
INFO: [Synth 8-6157] synthesizing module 'lenet_w4a4_top_mac_muladd_3ns_4s_15s_15_4_1' [D:/GitHub/vivado/vivado/F_Quantization_W8A8/Vivado_W4A4_LC2_Impl_Patch/extracted_ip/hdl/verilog/lenet_w4a4_top_mac_muladd_3ns_4s_15s_15_4_1.v:47]
	Parameter ID bound to: 1 - type: integer 
	Parameter NUM_STAGE bound to: 4 - type: integer 
	Parameter din0_WIDTH bound to: 3 - type: integer 
	Parameter din1_WIDTH bound to: 4 - type: integer 
	Parameter din2_WIDTH bound to: 15 - type: integer 
	Parameter dout_WIDTH bound to: 15 - type: integer 
INFO: [Synth 8-6157] synthesizing module 'lenet_w4a4_top_mac_muladd_3ns_4s_15s_15_4_1_DSP48_2' [D:/GitHub/vivado/vivado/F_Quantization_W8A8/Vivado_W4A4_LC2_Impl_Patch/extracted_ip/hdl/verilog/lenet_w4a4_top_mac_muladd_3ns_4s_15s_15_4_1.v:8]
INFO: [Synth 8-6155] done synthesizing module 'lenet_w4a4_top_mac_muladd_3ns_4s_15s_15_4_1_DSP48_2' (0#1) [D:/GitHub/vivado/vivado/F_Quantization_W8A8/Vivado_W4A4_LC2_Impl_Patch/extracted_ip/hdl/verilog/lenet_w4a4_top_mac_muladd_3ns_4s_15s_15_4_1.v:8]
INFO: [Synth 8-6155] done synthesizing module 'lenet_w4a4_top_mac_muladd_3ns_4s_15s_15_4_1' (0#1) [D:/GitHub/vivado/vivado/F_Quantization_W8A8/Vivado_W4A4_LC2_Impl_Patch/extracted_ip/hdl/verilog/lenet_w4a4_top_mac_muladd_3ns_4s_15s_15_4_1.v:47]
INFO: [Synth 8-6155] done synthesizing module 'lenet_w4a4_top_lenet_w4a4_top_Pipeline_VITIS_LOOP_147_1_KERNEL_ROW_KERNEL_COL' (0#1) [D:/GitHub/vivado/vivado/F_Quantization_W8A8/Vivado_W4A4_LC2_Impl_Patch/extracted_ip/hdl/verilog/lenet_w4a4_top_lenet_w4a4_top_Pipeline_VITIS_LOOP_147_1_KERNEL_ROW_KERNEL_COL.v:10]
INFO: [Synth 8-6157] synthesizing module 'lenet_w4a4_top_lenet_w4a4_top_Pipeline_LOAD_LOCAL_WEIGHT3' [D:/GitHub/vivado/vivado/F_Quantization_W8A8/Vivado_W4A4_LC2_Impl_Patch/extracted_ip/hdl/verilog/lenet_w4a4_top_lenet_w4a4_top_Pipeline_LOAD_LOCAL_WEIGHT3.v:10]
INFO: [Synth 8-6155] done synthesizing module 'lenet_w4a4_top_lenet_w4a4_top_Pipeline_LOAD_LOCAL_WEIGHT3' (0#1) [D:/GitHub/vivado/vivado/F_Quantization_W8A8/Vivado_W4A4_LC2_Impl_Patch/extracted_ip/hdl/verilog/lenet_w4a4_top_lenet_w4a4_top_Pipeline_LOAD_LOCAL_WEIGHT3.v:10]
INFO: [Synth 8-6157] synthesizing module 'lenet_w4a4_top_lenet_w4a4_top_Pipeline_REQUANT_VECTOR' [D:/GitHub/vivado/vivado/F_Quantization_W8A8/Vivado_W4A4_LC2_Impl_Patch/extracted_ip/hdl/verilog/lenet_w4a4_top_lenet_w4a4_top_Pipeline_REQUANT_VECTOR.v:10]
INFO: [Synth 8-6155] done synthesizing module 'lenet_w4a4_top_lenet_w4a4_top_Pipeline_REQUANT_VECTOR' (0#1) [D:/GitHub/vivado/vivado/F_Quantization_W8A8/Vivado_W4A4_LC2_Impl_Patch/extracted_ip/hdl/verilog/lenet_w4a4_top_lenet_w4a4_top_Pipeline_REQUANT_VECTOR.v:10]
INFO: [Synth 8-6157] synthesizing module 'lenet_w4a4_top_lenet_w4a4_top_Pipeline_VITIS_LOOP_147_1_KERNEL_ROW_KERNEL_COL4' [D:/GitHub/vivado/vivado/F_Quantization_W8A8/Vivado_W4A4_LC2_Impl_Patch/extracted_ip/hdl/verilog/lenet_w4a4_top_lenet_w4a4_top_Pipeline_VITIS_LOOP_147_1_KERNEL_ROW_KERNEL_COL4.v:10]
INFO: [Synth 8-6157] synthesizing module 'lenet_w4a4_top_mac_muladd_3ns_4s_16s_16_4_1' [D:/GitHub/vivado/vivado/F_Quantization_W8A8/Vivado_W4A4_LC2_Impl_Patch/extracted_ip/hdl/verilog/lenet_w4a4_top_mac_muladd_3ns_4s_16s_16_4_1.v:47]
	Parameter ID bound to: 1 - type: integer 
	Parameter NUM_STAGE bound to: 4 - type: integer 
	Parameter din0_WIDTH bound to: 3 - type: integer 
	Parameter din1_WIDTH bound to: 4 - type: integer 
	Parameter din2_WIDTH bound to: 16 - type: integer 
	Parameter dout_WIDTH bound to: 16 - type: integer 
INFO: [Synth 8-6157] synthesizing module 'lenet_w4a4_top_mac_muladd_3ns_4s_16s_16_4_1_DSP48_3' [D:/GitHub/vivado/vivado/F_Quantization_W8A8/Vivado_W4A4_LC2_Impl_Patch/extracted_ip/hdl/verilog/lenet_w4a4_top_mac_muladd_3ns_4s_16s_16_4_1.v:8]
INFO: [Synth 8-6155] done synthesizing module 'lenet_w4a4_top_mac_muladd_3ns_4s_16s_16_4_1_DSP48_3' (0#1) [D:/GitHub/vivado/vivado/F_Quantization_W8A8/Vivado_W4A4_LC2_Impl_Patch/extracted_ip/hdl/verilog/lenet_w4a4_top_mac_muladd_3ns_4s_16s_16_4_1.v:8]
INFO: [Synth 8-6155] done synthesizing module 'lenet_w4a4_top_mac_muladd_3ns_4s_16s_16_4_1' (0#1) [D:/GitHub/vivado/vivado/F_Quantization_W8A8/Vivado_W4A4_LC2_Impl_Patch/extracted_ip/hdl/verilog/lenet_w4a4_top_mac_muladd_3ns_4s_16s_16_4_1.v:47]
INFO: [Synth 8-6155] done synthesizing module 'lenet_w4a4_top_lenet_w4a4_top_Pipeline_VITIS_LOOP_147_1_KERNEL_ROW_KERNEL_COL4' (0#1) [D:/GitHub/vivado/vivado/F_Quantization_W8A8/Vivado_W4A4_LC2_Impl_Patch/extracted_ip/hdl/verilog/lenet_w4a4_top_lenet_w4a4_top_Pipeline_VITIS_LOOP_147_1_KERNEL_ROW_KERNEL_COL4.v:10]
INFO: [Synth 8-6157] synthesizing module 'lenet_w4a4_top_lenet_w4a4_top_Pipeline_DENSE_OUTPUT_DENSE_INPUT' [D:/GitHub/vivado/vivado/F_Quantization_W8A8/Vivado_W4A4_LC2_Impl_Patch/extracted_ip/hdl/verilog/lenet_w4a4_top_lenet_w4a4_top_Pipeline_DENSE_OUTPUT_DENSE_INPUT.v:10]
INFO: [Synth 8-6157] synthesizing module 'lenet_w4a4_top_mac_muladd_3ns_4s_14s_14_4_1' [D:/GitHub/vivado/vivado/F_Quantization_W8A8/Vivado_W4A4_LC2_Impl_Patch/extracted_ip/hdl/verilog/lenet_w4a4_top_mac_muladd_3ns_4s_14s_14_4_1.v:47]
	Parameter ID bound to: 1 - type: integer 
	Parameter NUM_STAGE bound to: 4 - type: integer 
	Parameter din0_WIDTH bound to: 3 - type: integer 
	Parameter din1_WIDTH bound to: 4 - type: integer 
	Parameter din2_WIDTH bound to: 14 - type: integer 
	Parameter dout_WIDTH bound to: 14 - type: integer 
INFO: [Synth 8-6157] synthesizing module 'lenet_w4a4_top_mac_muladd_3ns_4s_14s_14_4_1_DSP48_4' [D:/GitHub/vivado/vivado/F_Quantization_W8A8/Vivado_W4A4_LC2_Impl_Patch/extracted_ip/hdl/verilog/lenet_w4a4_top_mac_muladd_3ns_4s_14s_14_4_1.v:8]
INFO: [Synth 8-6155] done synthesizing module 'lenet_w4a4_top_mac_muladd_3ns_4s_14s_14_4_1_DSP48_4' (0#1) [D:/GitHub/vivado/vivado/F_Quantization_W8A8/Vivado_W4A4_LC2_Impl_Patch/extracted_ip/hdl/verilog/lenet_w4a4_top_mac_muladd_3ns_4s_14s_14_4_1.v:8]
INFO: [Synth 8-6155] done synthesizing module 'lenet_w4a4_top_mac_muladd_3ns_4s_14s_14_4_1' (0#1) [D:/GitHub/vivado/vivado/F_Quantization_W8A8/Vivado_W4A4_LC2_Impl_Patch/extracted_ip/hdl/verilog/lenet_w4a4_top_mac_muladd_3ns_4s_14s_14_4_1.v:47]
INFO: [Synth 8-6155] done synthesizing module 'lenet_w4a4_top_lenet_w4a4_top_Pipeline_DENSE_OUTPUT_DENSE_INPUT' (0#1) [D:/GitHub/vivado/vivado/F_Quantization_W8A8/Vivado_W4A4_LC2_Impl_Patch/extracted_ip/hdl/verilog/lenet_w4a4_top_lenet_w4a4_top_Pipeline_DENSE_OUTPUT_DENSE_INPUT.v:10]
INFO: [Synth 8-6157] synthesizing module 'lenet_w4a4_top_lenet_w4a4_top_Pipeline_REQUANT_VECTOR5' [D:/GitHub/vivado/vivado/F_Quantization_W8A8/Vivado_W4A4_LC2_Impl_Patch/extracted_ip/hdl/verilog/lenet_w4a4_top_lenet_w4a4_top_Pipeline_REQUANT_VECTOR5.v:10]
INFO: [Synth 8-6157] synthesizing module 'lenet_w4a4_top_mul_32ns_38ns_69_2_1' [D:/GitHub/vivado/vivado/F_Quantization_W8A8/Vivado_W4A4_LC2_Impl_Patch/extracted_ip/hdl/verilog/lenet_w4a4_top_mul_32ns_38ns_69_2_1.v:9]
	Parameter ID bound to: 1 - type: integer 
	Parameter NUM_STAGE bound to: 2 - type: integer 
	Parameter din0_WIDTH bound to: 32 - type: integer 
	Parameter din1_WIDTH bound to: 38 - type: integer 
	Parameter dout_WIDTH bound to: 69 - type: integer 
INFO: [Synth 8-6155] done synthesizing module 'lenet_w4a4_top_mul_32ns_38ns_69_2_1' (0#1) [D:/GitHub/vivado/vivado/F_Quantization_W8A8/Vivado_W4A4_LC2_Impl_Patch/extracted_ip/hdl/verilog/lenet_w4a4_top_mul_32ns_38ns_69_2_1.v:9]
INFO: [Synth 8-6155] done synthesizing module 'lenet_w4a4_top_lenet_w4a4_top_Pipeline_REQUANT_VECTOR5' (0#1) [D:/GitHub/vivado/vivado/F_Quantization_W8A8/Vivado_W4A4_LC2_Impl_Patch/extracted_ip/hdl/verilog/lenet_w4a4_top_lenet_w4a4_top_Pipeline_REQUANT_VECTOR5.v:10]
INFO: [Synth 8-6157] synthesizing module 'lenet_w4a4_top_lenet_w4a4_top_Pipeline_DENSE_OUTPUT_DENSE_INPUT6' [D:/GitHub/vivado/vivado/F_Quantization_W8A8/Vivado_W4A4_LC2_Impl_Patch/extracted_ip/hdl/verilog/lenet_w4a4_top_lenet_w4a4_top_Pipeline_DENSE_OUTPUT_DENSE_INPUT6.v:10]
INFO: [Synth 8-6157] synthesizing module 'lenet_w4a4_top_mac_muladd_4ns_7ns_7ns_10_4_1' [D:/GitHub/vivado/vivado/F_Quantization_W8A8/Vivado_W4A4_LC2_Impl_Patch/extracted_ip/hdl/verilog/lenet_w4a4_top_mac_muladd_4ns_7ns_7ns_10_4_1.v:47]
	Parameter ID bound to: 1 - type: integer 
	Parameter NUM_STAGE bound to: 4 - type: integer 
	Parameter din0_WIDTH bound to: 4 - type: integer 
	Parameter din1_WIDTH bound to: 7 - type: integer 
	Parameter din2_WIDTH bound to: 7 - type: integer 
	Parameter dout_WIDTH bound to: 10 - type: integer 
INFO: [Synth 8-6157] synthesizing module 'lenet_w4a4_top_mac_muladd_4ns_7ns_7ns_10_4_1_DSP48_5' [D:/GitHub/vivado/vivado/F_Quantization_W8A8/Vivado_W4A4_LC2_Impl_Patch/extracted_ip/hdl/verilog/lenet_w4a4_top_mac_muladd_4ns_7ns_7ns_10_4_1.v:8]
INFO: [Synth 8-6155] done synthesizing module 'lenet_w4a4_top_mac_muladd_4ns_7ns_7ns_10_4_1_DSP48_5' (0#1) [D:/GitHub/vivado/vivado/F_Quantization_W8A8/Vivado_W4A4_LC2_Impl_Patch/extracted_ip/hdl/verilog/lenet_w4a4_top_mac_muladd_4ns_7ns_7ns_10_4_1.v:8]
INFO: [Synth 8-6155] done synthesizing module 'lenet_w4a4_top_mac_muladd_4ns_7ns_7ns_10_4_1' (0#1) [D:/GitHub/vivado/vivado/F_Quantization_W8A8/Vivado_W4A4_LC2_Impl_Patch/extracted_ip/hdl/verilog/lenet_w4a4_top_mac_muladd_4ns_7ns_7ns_10_4_1.v:47]
INFO: [Synth 8-6155] done synthesizing module 'lenet_w4a4_top_lenet_w4a4_top_Pipeline_DENSE_OUTPUT_DENSE_INPUT6' (0#1) [D:/GitHub/vivado/vivado/F_Quantization_W8A8/Vivado_W4A4_LC2_Impl_Patch/extracted_ip/hdl/verilog/lenet_w4a4_top_lenet_w4a4_top_Pipeline_DENSE_OUTPUT_DENSE_INPUT6.v:10]
INFO: [Synth 8-6157] synthesizing module 'lenet_w4a4_top_lenet_w4a4_top_Pipeline_REQUANT_VECTOR7' [D:/GitHub/vivado/vivado/F_Quantization_W8A8/Vivado_W4A4_LC2_Impl_Patch/extracted_ip/hdl/verilog/lenet_w4a4_top_lenet_w4a4_top_Pipeline_REQUANT_VECTOR7.v:10]
INFO: [Synth 8-6155] done synthesizing module 'lenet_w4a4_top_lenet_w4a4_top_Pipeline_REQUANT_VECTOR7' (0#1) [D:/GitHub/vivado/vivado/F_Quantization_W8A8/Vivado_W4A4_LC2_Impl_Patch/extracted_ip/hdl/verilog/lenet_w4a4_top_lenet_w4a4_top_Pipeline_REQUANT_VECTOR7.v:10]
INFO: [Synth 8-6157] synthesizing module 'lenet_w4a4_top_lenet_w4a4_top_Pipeline_WRITE_LOGITS' [D:/GitHub/vivado/vivado/F_Quantization_W8A8/Vivado_W4A4_LC2_Impl_Patch/extracted_ip/hdl/verilog/lenet_w4a4_top_lenet_w4a4_top_Pipeline_WRITE_LOGITS.v:10]
INFO: [Synth 8-6155] done synthesizing module 'lenet_w4a4_top_lenet_w4a4_top_Pipeline_WRITE_LOGITS' (0#1) [D:/GitHub/vivado/vivado/F_Quantization_W8A8/Vivado_W4A4_LC2_Impl_Patch/extracted_ip/hdl/verilog/lenet_w4a4_top_lenet_w4a4_top_Pipeline_WRITE_LOGITS.v:10]
INFO: [Synth 8-6157] synthesizing module 'lenet_w4a4_top_control_s_axi' [D:/GitHub/vivado/vivado/F_Quantization_W8A8/Vivado_W4A4_LC2_Impl_Patch/extracted_ip/hdl/verilog/lenet_w4a4_top_control_s_axi.v:7]
	Parameter C_S_AXI_ADDR_WIDTH bound to: 6 - type: integer 
	Parameter C_S_AXI_DATA_WIDTH bound to: 32 - type: integer 
INFO: [Synth 8-155] case statement is not full and has no default [D:/GitHub/vivado/vivado/F_Quantization_W8A8/Vivado_W4A4_LC2_Impl_Patch/extracted_ip/hdl/verilog/lenet_w4a4_top_control_s_axi.v:223]
INFO: [Synth 8-6155] done synthesizing module 'lenet_w4a4_top_control_s_axi' (0#1) [D:/GitHub/vivado/vivado/F_Quantization_W8A8/Vivado_W4A4_LC2_Impl_Patch/extracted_ip/hdl/verilog/lenet_w4a4_top_control_s_axi.v:7]
INFO: [Synth 8-6157] synthesizing module 'lenet_w4a4_top_gmem0_m_axi' [D:/GitHub/vivado/vivado/F_Quantization_W8A8/Vivado_W4A4_LC2_Impl_Patch/extracted_ip/hdl/verilog/lenet_w4a4_top_gmem0_m_axi.v:11]
	Parameter CONSERVATIVE bound to: 1 - type: integer 
	Parameter NUM_READ_OUTSTANDING bound to: 16 - type: integer 
	Parameter NUM_WRITE_OUTSTANDING bound to: 16 - type: integer 
	Parameter MAX_READ_BURST_LENGTH bound to: 16 - type: integer 
	Parameter MAX_WRITE_BURST_LENGTH bound to: 16 - type: integer 
	Parameter C_M_AXI_ID_WIDTH bound to: 1 - type: integer 
	Parameter C_M_AXI_ADDR_WIDTH bound to: 64 - type: integer 
	Parameter C_M_AXI_DATA_WIDTH bound to: 32 - type: integer 
	Parameter C_M_AXI_AWUSER_WIDTH bound to: 1 - type: integer 
	Parameter C_M_AXI_ARUSER_WIDTH bound to: 1 - type: integer 
	Parameter C_M_AXI_WUSER_WIDTH bound to: 1 - type: integer 
	Parameter C_M_AXI_RUSER_WIDTH bound to: 1 - type: integer 
	Parameter C_M_AXI_BUSER_WIDTH bound to: 1 - type: integer 
	Parameter C_USER_VALUE bound to: 0 - type: integer 
	Parameter C_PROT_VALUE bound to: 0 - type: integer 
	Parameter C_CACHE_VALUE bound to: 3 - type: integer 
	Parameter USER_DW bound to: 8 - type: integer 
	Parameter USER_AW bound to: 64 - type: integer 
	Parameter USER_MAXREQS bound to: 5 - type: integer 
	Parameter USER_RFIFONUM_WIDTH bound to: 11 - type: integer 
INFO: [Synth 8-6157] synthesizing module 'lenet_w4a4_top_gmem0_m_axi_store' [D:/GitHub/vivado/vivado/F_Quantization_W8A8/Vivado_W4A4_LC2_Impl_Patch/extracted_ip/hdl/verilog/lenet_w4a4_top_gmem0_m_axi.v:781]
	Parameter C_TARGET_ADDR bound to: 0 - type: integer 
	Parameter NUM_WRITE_OUTSTANDING bound to: 16 - type: integer 
	Parameter MAX_WRITE_BURST_LENGTH bound to: 16 - type: integer 
	Parameter BUS_ADDR_WIDTH bound to: 64 - type: integer 
	Parameter BUS_DATA_WIDTH bound to: 32 - type: integer 
	Parameter USER_DW bound to: 8 - type: integer 
	Parameter USER_AW bound to: 64 - type: integer 
	Parameter USER_MAXREQS bound to: 5 - type: integer 
	Parameter BUFFER_IMPL bound to: block - type: string 
INFO: [Synth 8-6157] synthesizing module 'lenet_w4a4_top_gmem0_m_axi_fifo' [D:/GitHub/vivado/vivado/F_Quantization_W8A8/Vivado_W4A4_LC2_Impl_Patch/extracted_ip/hdl/verilog/lenet_w4a4_top_gmem0_m_axi.v:2551]
	Parameter DATA_WIDTH bound to: 34 - type: integer 
	Parameter ADDR_WIDTH bound to: 4 - type: integer 
	Parameter DEPTH bound to: 16 - type: integer 
INFO: [Synth 8-6157] synthesizing module 'lenet_w4a4_top_gmem0_m_axi_srl' [D:/GitHub/vivado/vivado/F_Quantization_W8A8/Vivado_W4A4_LC2_Impl_Patch/extracted_ip/hdl/verilog/lenet_w4a4_top_gmem0_m_axi.v:2729]
	Parameter DATA_WIDTH bound to: 34 - type: integer 
	Parameter ADDR_WIDTH bound to: 4 - type: integer 
	Parameter DEPTH bound to: 16 - type: integer 
INFO: [Synth 8-6155] done synthesizing module 'lenet_w4a4_top_gmem0_m_axi_srl' (0#1) [D:/GitHub/vivado/vivado/F_Quantization_W8A8/Vivado_W4A4_LC2_Impl_Patch/extracted_ip/hdl/verilog/lenet_w4a4_top_gmem0_m_axi.v:2729]
INFO: [Synth 8-6155] done synthesizing module 'lenet_w4a4_top_gmem0_m_axi_fifo' (0#1) [D:/GitHub/vivado/vivado/F_Quantization_W8A8/Vivado_W4A4_LC2_Impl_Patch/extracted_ip/hdl/verilog/lenet_w4a4_top_gmem0_m_axi.v:2551]
INFO: [Synth 8-6157] synthesizing module 'lenet_w4a4_top_gmem0_m_axi_fifo__parameterized0' [D:/GitHub/vivado/vivado/F_Quantization_W8A8/Vivado_W4A4_LC2_Impl_Patch/extracted_ip/hdl/verilog/lenet_w4a4_top_gmem0_m_axi.v:2551]
	Parameter DATA_WIDTH bound to: 96 - type: integer 
	Parameter ADDR_WIDTH bound to: 3 - type: integer 
	Parameter DEPTH bound to: 5 - type: integer 
INFO: [Synth 8-6157] synthesizing module 'lenet_w4a4_top_gmem0_m_axi_srl__parameterized0' [D:/GitHub/vivado/vivado/F_Quantization_W8A8/Vivado_W4A4_LC2_Impl_Patch/extracted_ip/hdl/verilog/lenet_w4a4_top_gmem0_m_axi.v:2729]
	Parameter DATA_WIDTH bound to: 96 - type: integer 
	Parameter ADDR_WIDTH bound to: 3 - type: integer 
	Parameter DEPTH bound to: 5 - type: integer 
INFO: [Synth 8-6155] done synthesizing module 'lenet_w4a4_top_gmem0_m_axi_srl__parameterized0' (0#1) [D:/GitHub/vivado/vivado/F_Quantization_W8A8/Vivado_W4A4_LC2_Impl_Patch/extracted_ip/hdl/verilog/lenet_w4a4_top_gmem0_m_axi.v:2729]
INFO: [Synth 8-6155] done synthesizing module 'lenet_w4a4_top_gmem0_m_axi_fifo__parameterized0' (0#1) [D:/GitHub/vivado/vivado/F_Quantization_W8A8/Vivado_W4A4_LC2_Impl_Patch/extracted_ip/hdl/verilog/lenet_w4a4_top_gmem0_m_axi.v:2551]
INFO: [Synth 8-6157] synthesizing module 'lenet_w4a4_top_gmem0_m_axi_fifo__parameterized1' [D:/GitHub/vivado/vivado/F_Quantization_W8A8/Vivado_W4A4_LC2_Impl_Patch/extracted_ip/hdl/verilog/lenet_w4a4_top_gmem0_m_axi.v:2551]
	Parameter MEM_STYLE bound to: block - type: string 
	Parameter DATA_WIDTH bound to: 9 - type: integer 
	Parameter ADDR_WIDTH bound to: 6 - type: integer 
	Parameter DEPTH bound to: 64 - type: integer 
INFO: [Synth 8-6157] synthesizing module 'lenet_w4a4_top_gmem0_m_axi_mem' [D:/GitHub/vivado/vivado/F_Quantization_W8A8/Vivado_W4A4_LC2_Impl_Patch/extracted_ip/hdl/verilog/lenet_w4a4_top_gmem0_m_axi.v:2783]
	Parameter MEM_STYLE bound to: block - type: string 
	Parameter DATA_WIDTH bound to: 9 - type: integer 
	Parameter ADDR_WIDTH bound to: 6 - type: integer 
	Parameter DEPTH bound to: 64 - type: integer 
INFO: [Synth 8-6155] done synthesizing module 'lenet_w4a4_top_gmem0_m_axi_mem' (0#1) [D:/GitHub/vivado/vivado/F_Quantization_W8A8/Vivado_W4A4_LC2_Impl_Patch/extracted_ip/hdl/verilog/lenet_w4a4_top_gmem0_m_axi.v:2783]
INFO: [Synth 8-6155] done synthesizing module 'lenet_w4a4_top_gmem0_m_axi_fifo__parameterized1' (0#1) [D:/GitHub/vivado/vivado/F_Quantization_W8A8/Vivado_W4A4_LC2_Impl_Patch/extracted_ip/hdl/verilog/lenet_w4a4_top_gmem0_m_axi.v:2551]
INFO: [Synth 8-6157] synthesizing module 'lenet_w4a4_top_gmem0_m_axi_fifo__parameterized2' [D:/GitHub/vivado/vivado/F_Quantization_W8A8/Vivado_W4A4_LC2_Impl_Patch/extracted_ip/hdl/verilog/lenet_w4a4_top_gmem0_m_axi.v:2551]
	Parameter DATA_WIDTH bound to: 1 - type: integer 
	Parameter ADDR_WIDTH bound to: 4 - type: integer 
	Parameter DEPTH bound to: 16 - type: integer 
INFO: [Synth 8-6157] synthesizing module 'lenet_w4a4_top_gmem0_m_axi_srl__parameterized1' [D:/GitHub/vivado/vivado/F_Quantization_W8A8/Vivado_W4A4_LC2_Impl_Patch/extracted_ip/hdl/verilog/lenet_w4a4_top_gmem0_m_axi.v:2729]
	Parameter DATA_WIDTH bound to: 1 - type: integer 
	Parameter ADDR_WIDTH bound to: 4 - type: integer 
	Parameter DEPTH bound to: 16 - type: integer 
INFO: [Synth 8-6155] done synthesizing module 'lenet_w4a4_top_gmem0_m_axi_srl__parameterized1' (0#1) [D:/GitHub/vivado/vivado/F_Quantization_W8A8/Vivado_W4A4_LC2_Impl_Patch/extracted_ip/hdl/verilog/lenet_w4a4_top_gmem0_m_axi.v:2729]
INFO: [Synth 8-6155] done synthesizing module 'lenet_w4a4_top_gmem0_m_axi_fifo__parameterized2' (0#1) [D:/GitHub/vivado/vivado/F_Quantization_W8A8/Vivado_W4A4_LC2_Impl_Patch/extracted_ip/hdl/verilog/lenet_w4a4_top_gmem0_m_axi.v:2551]
INFO: [Synth 8-6157] synthesizing module 'lenet_w4a4_top_gmem0_m_axi_fifo__parameterized3' [D:/GitHub/vivado/vivado/F_Quantization_W8A8/Vivado_W4A4_LC2_Impl_Patch/extracted_ip/hdl/verilog/lenet_w4a4_top_gmem0_m_axi.v:2551]
	Parameter DATA_WIDTH bound to: 1 - type: integer 
	Parameter ADDR_WIDTH bound to: 3 - type: integer 
	Parameter DEPTH bound to: 5 - type: integer 
INFO: [Synth 8-6157] synthesizing module 'lenet_w4a4_top_gmem0_m_axi_srl__parameterized2' [D:/GitHub/vivado/vivado/F_Quantization_W8A8/Vivado_W4A4_LC2_Impl_Patch/extracted_ip/hdl/verilog/lenet_w4a4_top_gmem0_m_axi.v:2729]
	Parameter DATA_WIDTH bound to: 1 - type: integer 
	Parameter ADDR_WIDTH bound to: 3 - type: integer 
	Parameter DEPTH bound to: 5 - type: integer 
INFO: [Synth 8-6155] done synthesizing module 'lenet_w4a4_top_gmem0_m_axi_srl__parameterized2' (0#1) [D:/GitHub/vivado/vivado/F_Quantization_W8A8/Vivado_W4A4_LC2_Impl_Patch/extracted_ip/hdl/verilog/lenet_w4a4_top_gmem0_m_axi.v:2729]
INFO: [Synth 8-6155] done synthesizing module 'lenet_w4a4_top_gmem0_m_axi_fifo__parameterized3' (0#1) [D:/GitHub/vivado/vivado/F_Quantization_W8A8/Vivado_W4A4_LC2_Impl_Patch/extracted_ip/hdl/verilog/lenet_w4a4_top_gmem0_m_axi.v:2551]
INFO: [Synth 8-6155] done synthesizing module 'lenet_w4a4_top_gmem0_m_axi_store' (0#1) [D:/GitHub/vivado/vivado/F_Quantization_W8A8/Vivado_W4A4_LC2_Impl_Patch/extracted_ip/hdl/verilog/lenet_w4a4_top_gmem0_m_axi.v:781]
INFO: [Synth 8-6157] synthesizing module 'lenet_w4a4_top_gmem0_m_axi_load' [D:/GitHub/vivado/vivado/F_Quantization_W8A8/Vivado_W4A4_LC2_Impl_Patch/extracted_ip/hdl/verilog/lenet_w4a4_top_gmem0_m_axi.v:325]
	Parameter C_TARGET_ADDR bound to: 0 - type: integer 
	Parameter NUM_READ_OUTSTANDING bound to: 16 - type: integer 
	Parameter MAX_READ_BURST_LENGTH bound to: 16 - type: integer 
	Parameter BUS_ADDR_WIDTH bound to: 64 - type: integer 
	Parameter BUS_DATA_WIDTH bound to: 32 - type: integer 
	Parameter USER_DW bound to: 8 - type: integer 
	Parameter USER_AW bound to: 64 - type: integer 
	Parameter USER_MAXREQS bound to: 5 - type: integer 
	Parameter USER_RFIFONUM_WIDTH bound to: 11 - type: integer 
	Parameter BUFFER_IMPL bound to: block - type: string 
INFO: [Synth 8-6157] synthesizing module 'lenet_w4a4_top_gmem0_m_axi_fifo__parameterized4' [D:/GitHub/vivado/vivado/F_Quantization_W8A8/Vivado_W4A4_LC2_Impl_Patch/extracted_ip/hdl/verilog/lenet_w4a4_top_gmem0_m_axi.v:2551]
	Parameter DATA_WIDTH bound to: 4 - type: integer 
	Parameter ADDR_WIDTH bound to: 4 - type: integer 
	Parameter DEPTH bound to: 16 - type: integer 
INFO: [Synth 8-6157] synthesizing module 'lenet_w4a4_top_gmem0_m_axi_srl__parameterized3' [D:/GitHub/vivado/vivado/F_Quantization_W8A8/Vivado_W4A4_LC2_Impl_Patch/extracted_ip/hdl/verilog/lenet_w4a4_top_gmem0_m_axi.v:2729]
	Parameter DATA_WIDTH bound to: 4 - type: integer 
	Parameter ADDR_WIDTH bound to: 4 - type: integer 
	Parameter DEPTH bound to: 16 - type: integer 
INFO: [Synth 8-6155] done synthesizing module 'lenet_w4a4_top_gmem0_m_axi_srl__parameterized3' (0#1) [D:/GitHub/vivado/vivado/F_Quantization_W8A8/Vivado_W4A4_LC2_Impl_Patch/extracted_ip/hdl/verilog/lenet_w4a4_top_gmem0_m_axi.v:2729]
INFO: [Synth 8-6155] done synthesizing module 'lenet_w4a4_top_gmem0_m_axi_fifo__parameterized4' (0#1) [D:/GitHub/vivado/vivado/F_Quantization_W8A8/Vivado_W4A4_LC2_Impl_Patch/extracted_ip/hdl/verilog/lenet_w4a4_top_gmem0_m_axi.v:2551]
INFO: [Synth 8-6157] synthesizing module 'lenet_w4a4_top_gmem0_m_axi_fifo__parameterized5' [D:/GitHub/vivado/vivado/F_Quantization_W8A8/Vivado_W4A4_LC2_Impl_Patch/extracted_ip/hdl/verilog/lenet_w4a4_top_gmem0_m_axi.v:2551]
	Parameter MEM_STYLE bound to: block - type: string 
	Parameter DATA_WIDTH bound to: 34 - type: integer 
	Parameter ADDR_WIDTH bound to: 8 - type: integer 
	Parameter DEPTH bound to: 256 - type: integer 
INFO: [Synth 8-6157] synthesizing module 'lenet_w4a4_top_gmem0_m_axi_mem__parameterized0' [D:/GitHub/vivado/vivado/F_Quantization_W8A8/Vivado_W4A4_LC2_Impl_Patch/extracted_ip/hdl/verilog/lenet_w4a4_top_gmem0_m_axi.v:2783]
	Parameter MEM_STYLE bound to: block - type: string 
	Parameter DATA_WIDTH bound to: 34 - type: integer 
	Parameter ADDR_WIDTH bound to: 8 - type: integer 
	Parameter DEPTH bound to: 256 - type: integer 
INFO: [Synth 8-6155] done synthesizing module 'lenet_w4a4_top_gmem0_m_axi_mem__parameterized0' (0#1) [D:/GitHub/vivado/vivado/F_Quantization_W8A8/Vivado_W4A4_LC2_Impl_Patch/extracted_ip/hdl/verilog/lenet_w4a4_top_gmem0_m_axi.v:2783]
INFO: [Synth 8-6155] done synthesizing module 'lenet_w4a4_top_gmem0_m_axi_fifo__parameterized5' (0#1) [D:/GitHub/vivado/vivado/F_Quantization_W8A8/Vivado_W4A4_LC2_Impl_Patch/extracted_ip/hdl/verilog/lenet_w4a4_top_gmem0_m_axi.v:2551]
INFO: [Synth 8-6155] done synthesizing module 'lenet_w4a4_top_gmem0_m_axi_load' (0#1) [D:/GitHub/vivado/vivado/F_Quantization_W8A8/Vivado_W4A4_LC2_Impl_Patch/extracted_ip/hdl/verilog/lenet_w4a4_top_gmem0_m_axi.v:325]
INFO: [Synth 8-6157] synthesizing module 'lenet_w4a4_top_gmem0_m_axi_write' [D:/GitHub/vivado/vivado/F_Quantization_W8A8/Vivado_W4A4_LC2_Impl_Patch/extracted_ip/hdl/verilog/lenet_w4a4_top_gmem0_m_axi.v:1716]
	Parameter CONSERVATIVE bound to: 1 - type: integer 
	Parameter C_M_AXI_ID_WIDTH bound to: 1 - type: integer 
	Parameter C_M_AXI_AWUSER_WIDTH bound to: 1 - type: integer 
	Parameter C_M_AXI_WUSER_WIDTH bound to: 1 - type: integer 
	Parameter C_M_AXI_BUSER_WIDTH bound to: 1 - type: integer 
	Parameter C_USER_VALUE bound to: 0 - type: integer 
	Parameter C_PROT_VALUE bound to: 0 - type: integer 
	Parameter C_CACHE_VALUE bound to: 3 - type: integer 
	Parameter BUS_ADDR_WIDTH bound to: 64 - type: integer 
	Parameter BUS_DATA_WIDTH bound to: 32 - type: integer 
	Parameter NUM_WRITE_OUTSTANDING bound to: 16 - type: integer 
	Parameter MAX_WRITE_BURST_LENGTH bound to: 16 - type: integer 
INFO: [Synth 8-6157] synthesizing module 'lenet_w4a4_top_gmem0_m_axi_reg_slice' [D:/GitHub/vivado/vivado/F_Quantization_W8A8/Vivado_W4A4_LC2_Impl_Patch/extracted_ip/hdl/verilog/lenet_w4a4_top_gmem0_m_axi.v:2449]
	Parameter DATA_WIDTH bound to: 96 - type: integer 
INFO: [Synth 8-6155] done synthesizing module 'lenet_w4a4_top_gmem0_m_axi_reg_slice' (0#1) [D:/GitHub/vivado/vivado/F_Quantization_W8A8/Vivado_W4A4_LC2_Impl_Patch/extracted_ip/hdl/verilog/lenet_w4a4_top_gmem0_m_axi.v:2449]
INFO: [Synth 8-6157] synthesizing module 'lenet_w4a4_top_gmem0_m_axi_fifo__parameterized6' [D:/GitHub/vivado/vivado/F_Quantization_W8A8/Vivado_W4A4_LC2_Impl_Patch/extracted_ip/hdl/verilog/lenet_w4a4_top_gmem0_m_axi.v:2551]
	Parameter DATA_WIDTH bound to: 8 - type: integer 
	Parameter ADDR_WIDTH bound to: 4 - type: integer 
	Parameter DEPTH bound to: 16 - type: integer 
INFO: [Synth 8-6157] synthesizing module 'lenet_w4a4_top_gmem0_m_axi_srl__parameterized4' [D:/GitHub/vivado/vivado/F_Quantization_W8A8/Vivado_W4A4_LC2_Impl_Patch/extracted_ip/hdl/verilog/lenet_w4a4_top_gmem0_m_axi.v:2729]
	Parameter DATA_WIDTH bound to: 8 - type: integer 
	Parameter ADDR_WIDTH bound to: 4 - type: integer 
	Parameter DEPTH bound to: 16 - type: integer 
INFO: [Synth 8-6155] done synthesizing module 'lenet_w4a4_top_gmem0_m_axi_srl__parameterized4' (0#1) [D:/GitHub/vivado/vivado/F_Quantization_W8A8/Vivado_W4A4_LC2_Impl_Patch/extracted_ip/hdl/verilog/lenet_w4a4_top_gmem0_m_axi.v:2729]
INFO: [Synth 8-6155] done synthesizing module 'lenet_w4a4_top_gmem0_m_axi_fifo__parameterized6' (0#1) [D:/GitHub/vivado/vivado/F_Quantization_W8A8/Vivado_W4A4_LC2_Impl_Patch/extracted_ip/hdl/verilog/lenet_w4a4_top_gmem0_m_axi.v:2551]
INFO: [Synth 8-6157] synthesizing module 'lenet_w4a4_top_gmem0_m_axi_throttle' [D:/GitHub/vivado/vivado/F_Quantization_W8A8/Vivado_W4A4_LC2_Impl_Patch/extracted_ip/hdl/verilog/lenet_w4a4_top_gmem0_m_axi.v:2224]
	Parameter CONSERVATIVE bound to: 1 - type: integer 
	Parameter USED_FIX bound to: 0 - type: integer 
	Parameter ADDR_WIDTH bound to: 64 - type: integer 
	Parameter DATA_WIDTH bound to: 32 - type: integer 
	Parameter DEPTH bound to: 16 - type: integer 
	Parameter MAXREQS bound to: 16 - type: integer 
	Parameter AVERAGE_MODE bound to: 0 - type: integer 
INFO: [Synth 8-6157] synthesizing module 'lenet_w4a4_top_gmem0_m_axi_reg_slice__parameterized0' [D:/GitHub/vivado/vivado/F_Quantization_W8A8/Vivado_W4A4_LC2_Impl_Patch/extracted_ip/hdl/verilog/lenet_w4a4_top_gmem0_m_axi.v:2449]
	Parameter DATA_WIDTH bound to: 72 - type: integer 
INFO: [Synth 8-6155] done synthesizing module 'lenet_w4a4_top_gmem0_m_axi_reg_slice__parameterized0' (0#1) [D:/GitHub/vivado/vivado/F_Quantization_W8A8/Vivado_W4A4_LC2_Impl_Patch/extracted_ip/hdl/verilog/lenet_w4a4_top_gmem0_m_axi.v:2449]
INFO: [Synth 8-6157] synthesizing module 'lenet_w4a4_top_gmem0_m_axi_fifo__parameterized7' [D:/GitHub/vivado/vivado/F_Quantization_W8A8/Vivado_W4A4_LC2_Impl_Patch/extracted_ip/hdl/verilog/lenet_w4a4_top_gmem0_m_axi.v:2551]
	Parameter DATA_WIDTH bound to: 72 - type: integer 
	Parameter ADDR_WIDTH bound to: 4 - type: integer 
	Parameter DEPTH bound to: 16 - type: integer 
INFO: [Synth 8-6157] synthesizing module 'lenet_w4a4_top_gmem0_m_axi_srl__parameterized5' [D:/GitHub/vivado/vivado/F_Quantization_W8A8/Vivado_W4A4_LC2_Impl_Patch/extracted_ip/hdl/verilog/lenet_w4a4_top_gmem0_m_axi.v:2729]
	Parameter DATA_WIDTH bound to: 72 - type: integer 
	Parameter ADDR_WIDTH bound to: 4 - type: integer 
	Parameter DEPTH bound to: 16 - type: integer 
INFO: [Synth 8-6155] done synthesizing module 'lenet_w4a4_top_gmem0_m_axi_srl__parameterized5' (0#1) [D:/GitHub/vivado/vivado/F_Quantization_W8A8/Vivado_W4A4_LC2_Impl_Patch/extracted_ip/hdl/verilog/lenet_w4a4_top_gmem0_m_axi.v:2729]
INFO: [Synth 8-6155] done synthesizing module 'lenet_w4a4_top_gmem0_m_axi_fifo__parameterized7' (0#1) [D:/GitHub/vivado/vivado/F_Quantization_W8A8/Vivado_W4A4_LC2_Impl_Patch/extracted_ip/hdl/verilog/lenet_w4a4_top_gmem0_m_axi.v:2551]
INFO: [Synth 8-6157] synthesizing module 'lenet_w4a4_top_gmem0_m_axi_fifo__parameterized8' [D:/GitHub/vivado/vivado/F_Quantization_W8A8/Vivado_W4A4_LC2_Impl_Patch/extracted_ip/hdl/verilog/lenet_w4a4_top_gmem0_m_axi.v:2551]
	Parameter DATA_WIDTH bound to: 37 - type: integer 
	Parameter ADDR_WIDTH bound to: 4 - type: integer 
	Parameter DEPTH bound to: 16 - type: integer 
INFO: [Synth 8-6157] synthesizing module 'lenet_w4a4_top_gmem0_m_axi_srl__parameterized6' [D:/GitHub/vivado/vivado/F_Quantization_W8A8/Vivado_W4A4_LC2_Impl_Patch/extracted_ip/hdl/verilog/lenet_w4a4_top_gmem0_m_axi.v:2729]
	Parameter DATA_WIDTH bound to: 37 - type: integer 
	Parameter ADDR_WIDTH bound to: 4 - type: integer 
	Parameter DEPTH bound to: 16 - type: integer 
INFO: [Synth 8-6155] done synthesizing module 'lenet_w4a4_top_gmem0_m_axi_srl__parameterized6' (0#1) [D:/GitHub/vivado/vivado/F_Quantization_W8A8/Vivado_W4A4_LC2_Impl_Patch/extracted_ip/hdl/verilog/lenet_w4a4_top_gmem0_m_axi.v:2729]
INFO: [Synth 8-6155] done synthesizing module 'lenet_w4a4_top_gmem0_m_axi_fifo__parameterized8' (0#1) [D:/GitHub/vivado/vivado/F_Quantization_W8A8/Vivado_W4A4_LC2_Impl_Patch/extracted_ip/hdl/verilog/lenet_w4a4_top_gmem0_m_axi.v:2551]
INFO: [Synth 8-6155] done synthesizing module 'lenet_w4a4_top_gmem0_m_axi_throttle' (0#1) [D:/GitHub/vivado/vivado/F_Quantization_W8A8/Vivado_W4A4_LC2_Impl_Patch/extracted_ip/hdl/verilog/lenet_w4a4_top_gmem0_m_axi.v:2224]
INFO: [Synth 8-6157] synthesizing module 'lenet_w4a4_top_gmem0_m_axi_reg_slice__parameterized1' [D:/GitHub/vivado/vivado/F_Quantization_W8A8/Vivado_W4A4_LC2_Impl_Patch/extracted_ip/hdl/verilog/lenet_w4a4_top_gmem0_m_axi.v:2449]
	Parameter DATA_WIDTH bound to: 1 - type: integer 
INFO: [Synth 8-6155] done synthesizing module 'lenet_w4a4_top_gmem0_m_axi_reg_slice__parameterized1' (0#1) [D:/GitHub/vivado/vivado/F_Quantization_W8A8/Vivado_W4A4_LC2_Impl_Patch/extracted_ip/hdl/verilog/lenet_w4a4_top_gmem0_m_axi.v:2449]
WARNING: [Synth 8-589] replacing case/wildcard equality operator === with logical equality operator == [D:/GitHub/vivado/vivado/F_Quantization_W8A8/Vivado_W4A4_LC2_Impl_Patch/extracted_ip/hdl/verilog/lenet_w4a4_top_gmem0_m_axi.v:2216]
WARNING: [Synth 8-589] replacing case/wildcard equality operator === with logical equality operator == [D:/GitHub/vivado/vivado/F_Quantization_W8A8/Vivado_W4A4_LC2_Impl_Patch/extracted_ip/hdl/verilog/lenet_w4a4_top_gmem0_m_axi.v:2219]
INFO: [Synth 8-6155] done synthesizing module 'lenet_w4a4_top_gmem0_m_axi_write' (0#1) [D:/GitHub/vivado/vivado/F_Quantization_W8A8/Vivado_W4A4_LC2_Impl_Patch/extracted_ip/hdl/verilog/lenet_w4a4_top_gmem0_m_axi.v:1716]
INFO: [Synth 8-6157] synthesizing module 'lenet_w4a4_top_gmem0_m_axi_read' [D:/GitHub/vivado/vivado/F_Quantization_W8A8/Vivado_W4A4_LC2_Impl_Patch/extracted_ip/hdl/verilog/lenet_w4a4_top_gmem0_m_axi.v:1332]
	Parameter C_M_AXI_ID_WIDTH bound to: 1 - type: integer 
	Parameter C_M_AXI_ARUSER_WIDTH bound to: 1 - type: integer 
	Parameter C_M_AXI_RUSER_WIDTH bound to: 1 - type: integer 
	Parameter C_USER_VALUE bound to: 0 - type: integer 
	Parameter C_PROT_VALUE bound to: 0 - type: integer 
	Parameter C_CACHE_VALUE bound to: 3 - type: integer 
	Parameter BUS_ADDR_WIDTH bound to: 64 - type: integer 
	Parameter BUS_DATA_WIDTH bound to: 32 - type: integer 
	Parameter NUM_READ_OUTSTANDING bound to: 16 - type: integer 
	Parameter MAX_READ_BURST_LENGTH bound to: 16 - type: integer 
INFO: [Synth 8-6157] synthesizing module 'lenet_w4a4_top_gmem0_m_axi_reg_slice__parameterized2' [D:/GitHub/vivado/vivado/F_Quantization_W8A8/Vivado_W4A4_LC2_Impl_Patch/extracted_ip/hdl/verilog/lenet_w4a4_top_gmem0_m_axi.v:2449]
	Parameter DATA_WIDTH bound to: 33 - type: integer 
INFO: [Synth 8-6155] done synthesizing module 'lenet_w4a4_top_gmem0_m_axi_reg_slice__parameterized2' (0#1) [D:/GitHub/vivado/vivado/F_Quantization_W8A8/Vivado_W4A4_LC2_Impl_Patch/extracted_ip/hdl/verilog/lenet_w4a4_top_gmem0_m_axi.v:2449]
WARNING: [Synth 8-589] replacing case/wildcard equality operator === with logical equality operator == [D:/GitHub/vivado/vivado/F_Quantization_W8A8/Vivado_W4A4_LC2_Impl_Patch/extracted_ip/hdl/verilog/lenet_w4a4_top_gmem0_m_axi.v:1708]
INFO: [Synth 8-6155] done synthesizing module 'lenet_w4a4_top_gmem0_m_axi_read' (0#1) [D:/GitHub/vivado/vivado/F_Quantization_W8A8/Vivado_W4A4_LC2_Impl_Patch/extracted_ip/hdl/verilog/lenet_w4a4_top_gmem0_m_axi.v:1332]
INFO: [Synth 8-6155] done synthesizing module 'lenet_w4a4_top_gmem0_m_axi' (0#1) [D:/GitHub/vivado/vivado/F_Quantization_W8A8/Vivado_W4A4_LC2_Impl_Patch/extracted_ip/hdl/verilog/lenet_w4a4_top_gmem0_m_axi.v:11]
INFO: [Synth 8-6157] synthesizing module 'lenet_w4a4_top_gmem1_m_axi' [D:/GitHub/vivado/vivado/F_Quantization_W8A8/Vivado_W4A4_LC2_Impl_Patch/extracted_ip/hdl/verilog/lenet_w4a4_top_gmem1_m_axi.v:11]
	Parameter CONSERVATIVE bound to: 1 - type: integer 
	Parameter NUM_READ_OUTSTANDING bound to: 16 - type: integer 
	Parameter NUM_WRITE_OUTSTANDING bound to: 16 - type: integer 
	Parameter MAX_READ_BURST_LENGTH bound to: 16 - type: integer 
	Parameter MAX_WRITE_BURST_LENGTH bound to: 16 - type: integer 
	Parameter C_M_AXI_ID_WIDTH bound to: 1 - type: integer 
	Parameter C_M_AXI_ADDR_WIDTH bound to: 64 - type: integer 
	Parameter C_M_AXI_DATA_WIDTH bound to: 32 - type: integer 
	Parameter C_M_AXI_AWUSER_WIDTH bound to: 1 - type: integer 
	Parameter C_M_AXI_ARUSER_WIDTH bound to: 1 - type: integer 
	Parameter C_M_AXI_WUSER_WIDTH bound to: 1 - type: integer 
	Parameter C_M_AXI_RUSER_WIDTH bound to: 1 - type: integer 
	Parameter C_M_AXI_BUSER_WIDTH bound to: 1 - type: integer 
	Parameter C_USER_VALUE bound to: 0 - type: integer 
	Parameter C_PROT_VALUE bound to: 0 - type: integer 
	Parameter C_CACHE_VALUE bound to: 3 - type: integer 
	Parameter USER_DW bound to: 8 - type: integer 
	Parameter USER_AW bound to: 64 - type: integer 
	Parameter USER_MAXREQS bound to: 5 - type: integer 
	Parameter USER_RFIFONUM_WIDTH bound to: 11 - type: integer 
INFO: [Synth 8-6157] synthesizing module 'lenet_w4a4_top_gmem1_m_axi_store' [D:/GitHub/vivado/vivado/F_Quantization_W8A8/Vivado_W4A4_LC2_Impl_Patch/extracted_ip/hdl/verilog/lenet_w4a4_top_gmem1_m_axi.v:781]
	Parameter C_TARGET_ADDR bound to: 0 - type: integer 
	Parameter NUM_WRITE_OUTSTANDING bound to: 16 - type: integer 
	Parameter MAX_WRITE_BURST_LENGTH bound to: 16 - type: integer 
	Parameter BUS_ADDR_WIDTH bound to: 64 - type: integer 
	Parameter BUS_DATA_WIDTH bound to: 32 - type: integer 
	Parameter USER_DW bound to: 8 - type: integer 
	Parameter USER_AW bound to: 64 - type: integer 
	Parameter USER_MAXREQS bound to: 5 - type: integer 
	Parameter BUFFER_IMPL bound to: block - type: string 
INFO: [Synth 8-6157] synthesizing module 'lenet_w4a4_top_gmem1_m_axi_fifo' [D:/GitHub/vivado/vivado/F_Quantization_W8A8/Vivado_W4A4_LC2_Impl_Patch/extracted_ip/hdl/verilog/lenet_w4a4_top_gmem1_m_axi.v:2551]
	Parameter DATA_WIDTH bound to: 34 - type: integer 
	Parameter ADDR_WIDTH bound to: 4 - type: integer 
	Parameter DEPTH bound to: 16 - type: integer 
INFO: [Synth 8-6157] synthesizing module 'lenet_w4a4_top_gmem1_m_axi_srl' [D:/GitHub/vivado/vivado/F_Quantization_W8A8/Vivado_W4A4_LC2_Impl_Patch/extracted_ip/hdl/verilog/lenet_w4a4_top_gmem1_m_axi.v:2729]
	Parameter DATA_WIDTH bound to: 34 - type: integer 
	Parameter ADDR_WIDTH bound to: 4 - type: integer 
	Parameter DEPTH bound to: 16 - type: integer 
INFO: [Synth 8-6155] done synthesizing module 'lenet_w4a4_top_gmem1_m_axi_srl' (0#1) [D:/GitHub/vivado/vivado/F_Quantization_W8A8/Vivado_W4A4_LC2_Impl_Patch/extracted_ip/hdl/verilog/lenet_w4a4_top_gmem1_m_axi.v:2729]
INFO: [Synth 8-6155] done synthesizing module 'lenet_w4a4_top_gmem1_m_axi_fifo' (0#1) [D:/GitHub/vivado/vivado/F_Quantization_W8A8/Vivado_W4A4_LC2_Impl_Patch/extracted_ip/hdl/verilog/lenet_w4a4_top_gmem1_m_axi.v:2551]
INFO: [Synth 8-6157] synthesizing module 'lenet_w4a4_top_gmem1_m_axi_fifo__parameterized0' [D:/GitHub/vivado/vivado/F_Quantization_W8A8/Vivado_W4A4_LC2_Impl_Patch/extracted_ip/hdl/verilog/lenet_w4a4_top_gmem1_m_axi.v:2551]
	Parameter DATA_WIDTH bound to: 96 - type: integer 
	Parameter ADDR_WIDTH bound to: 3 - type: integer 
	Parameter DEPTH bound to: 5 - type: integer 
INFO: [Synth 8-6157] synthesizing module 'lenet_w4a4_top_gmem1_m_axi_srl__parameterized0' [D:/GitHub/vivado/vivado/F_Quantization_W8A8/Vivado_W4A4_LC2_Impl_Patch/extracted_ip/hdl/verilog/lenet_w4a4_top_gmem1_m_axi.v:2729]
	Parameter DATA_WIDTH bound to: 96 - type: integer 
	Parameter ADDR_WIDTH bound to: 3 - type: integer 
	Parameter DEPTH bound to: 5 - type: integer 
INFO: [Synth 8-6155] done synthesizing module 'lenet_w4a4_top_gmem1_m_axi_srl__parameterized0' (0#1) [D:/GitHub/vivado/vivado/F_Quantization_W8A8/Vivado_W4A4_LC2_Impl_Patch/extracted_ip/hdl/verilog/lenet_w4a4_top_gmem1_m_axi.v:2729]
INFO: [Synth 8-6155] done synthesizing module 'lenet_w4a4_top_gmem1_m_axi_fifo__parameterized0' (0#1) [D:/GitHub/vivado/vivado/F_Quantization_W8A8/Vivado_W4A4_LC2_Impl_Patch/extracted_ip/hdl/verilog/lenet_w4a4_top_gmem1_m_axi.v:2551]
INFO: [Synth 8-6157] synthesizing module 'lenet_w4a4_top_gmem1_m_axi_fifo__parameterized1' [D:/GitHub/vivado/vivado/F_Quantization_W8A8/Vivado_W4A4_LC2_Impl_Patch/extracted_ip/hdl/verilog/lenet_w4a4_top_gmem1_m_axi.v:2551]
	Parameter MEM_STYLE bound to: block - type: string 
	Parameter DATA_WIDTH bound to: 9 - type: integer 
	Parameter ADDR_WIDTH bound to: 6 - type: integer 
	Parameter DEPTH bound to: 64 - type: integer 
INFO: [Synth 8-6157] synthesizing module 'lenet_w4a4_top_gmem1_m_axi_mem' [D:/GitHub/vivado/vivado/F_Quantization_W8A8/Vivado_W4A4_LC2_Impl_Patch/extracted_ip/hdl/verilog/lenet_w4a4_top_gmem1_m_axi.v:2783]
	Parameter MEM_STYLE bound to: block - type: string 
	Parameter DATA_WIDTH bound to: 9 - type: integer 
	Parameter ADDR_WIDTH bound to: 6 - type: integer 
	Parameter DEPTH bound to: 64 - type: integer 
INFO: [Synth 8-6155] done synthesizing module 'lenet_w4a4_top_gmem1_m_axi_mem' (0#1) [D:/GitHub/vivado/vivado/F_Quantization_W8A8/Vivado_W4A4_LC2_Impl_Patch/extracted_ip/hdl/verilog/lenet_w4a4_top_gmem1_m_axi.v:2783]
INFO: [Synth 8-6155] done synthesizing module 'lenet_w4a4_top_gmem1_m_axi_fifo__parameterized1' (0#1) [D:/GitHub/vivado/vivado/F_Quantization_W8A8/Vivado_W4A4_LC2_Impl_Patch/extracted_ip/hdl/verilog/lenet_w4a4_top_gmem1_m_axi.v:2551]
INFO: [Synth 8-6157] synthesizing module 'lenet_w4a4_top_gmem1_m_axi_fifo__parameterized2' [D:/GitHub/vivado/vivado/F_Quantization_W8A8/Vivado_W4A4_LC2_Impl_Patch/extracted_ip/hdl/verilog/lenet_w4a4_top_gmem1_m_axi.v:2551]
	Parameter DATA_WIDTH bound to: 1 - type: integer 
	Parameter ADDR_WIDTH bound to: 4 - type: integer 
	Parameter DEPTH bound to: 16 - type: integer 
INFO: [Synth 8-6157] synthesizing module 'lenet_w4a4_top_gmem1_m_axi_srl__parameterized1' [D:/GitHub/vivado/vivado/F_Quantization_W8A8/Vivado_W4A4_LC2_Impl_Patch/extracted_ip/hdl/verilog/lenet_w4a4_top_gmem1_m_axi.v:2729]
	Parameter DATA_WIDTH bound to: 1 - type: integer 
	Parameter ADDR_WIDTH bound to: 4 - type: integer 
	Parameter DEPTH bound to: 16 - type: integer 
INFO: [Synth 8-6155] done synthesizing module 'lenet_w4a4_top_gmem1_m_axi_srl__parameterized1' (0#1) [D:/GitHub/vivado/vivado/F_Quantization_W8A8/Vivado_W4A4_LC2_Impl_Patch/extracted_ip/hdl/verilog/lenet_w4a4_top_gmem1_m_axi.v:2729]
INFO: [Synth 8-6155] done synthesizing module 'lenet_w4a4_top_gmem1_m_axi_fifo__parameterized2' (0#1) [D:/GitHub/vivado/vivado/F_Quantization_W8A8/Vivado_W4A4_LC2_Impl_Patch/extracted_ip/hdl/verilog/lenet_w4a4_top_gmem1_m_axi.v:2551]
INFO: [Synth 8-6157] synthesizing module 'lenet_w4a4_top_gmem1_m_axi_fifo__parameterized3' [D:/GitHub/vivado/vivado/F_Quantization_W8A8/Vivado_W4A4_LC2_Impl_Patch/extracted_ip/hdl/verilog/lenet_w4a4_top_gmem1_m_axi.v:2551]
	Parameter DATA_WIDTH bound to: 1 - type: integer 
	Parameter ADDR_WIDTH bound to: 3 - type: integer 
	Parameter DEPTH bound to: 5 - type: integer 
INFO: [Synth 8-6157] synthesizing module 'lenet_w4a4_top_gmem1_m_axi_srl__parameterized2' [D:/GitHub/vivado/vivado/F_Quantization_W8A8/Vivado_W4A4_LC2_Impl_Patch/extracted_ip/hdl/verilog/lenet_w4a4_top_gmem1_m_axi.v:2729]
	Parameter DATA_WIDTH bound to: 1 - type: integer 
	Parameter ADDR_WIDTH bound to: 3 - type: integer 
	Parameter DEPTH bound to: 5 - type: integer 
INFO: [Synth 8-6155] done synthesizing module 'lenet_w4a4_top_gmem1_m_axi_srl__parameterized2' (0#1) [D:/GitHub/vivado/vivado/F_Quantization_W8A8/Vivado_W4A4_LC2_Impl_Patch/extracted_ip/hdl/verilog/lenet_w4a4_top_gmem1_m_axi.v:2729]
INFO: [Synth 8-6155] done synthesizing module 'lenet_w4a4_top_gmem1_m_axi_fifo__parameterized3' (0#1) [D:/GitHub/vivado/vivado/F_Quantization_W8A8/Vivado_W4A4_LC2_Impl_Patch/extracted_ip/hdl/verilog/lenet_w4a4_top_gmem1_m_axi.v:2551]
INFO: [Synth 8-6155] done synthesizing module 'lenet_w4a4_top_gmem1_m_axi_store' (0#1) [D:/GitHub/vivado/vivado/F_Quantization_W8A8/Vivado_W4A4_LC2_Impl_Patch/extracted_ip/hdl/verilog/lenet_w4a4_top_gmem1_m_axi.v:781]
INFO: [Synth 8-6157] synthesizing module 'lenet_w4a4_top_gmem1_m_axi_load' [D:/GitHub/vivado/vivado/F_Quantization_W8A8/Vivado_W4A4_LC2_Impl_Patch/extracted_ip/hdl/verilog/lenet_w4a4_top_gmem1_m_axi.v:325]
	Parameter C_TARGET_ADDR bound to: 0 - type: integer 
	Parameter NUM_READ_OUTSTANDING bound to: 16 - type: integer 
	Parameter MAX_READ_BURST_LENGTH bound to: 16 - type: integer 
	Parameter BUS_ADDR_WIDTH bound to: 64 - type: integer 
	Parameter BUS_DATA_WIDTH bound to: 32 - type: integer 
	Parameter USER_DW bound to: 8 - type: integer 
	Parameter USER_AW bound to: 64 - type: integer 
	Parameter USER_MAXREQS bound to: 5 - type: integer 
	Parameter USER_RFIFONUM_WIDTH bound to: 11 - type: integer 
	Parameter BUFFER_IMPL bound to: block - type: string 
INFO: [Synth 8-6157] synthesizing module 'lenet_w4a4_top_gmem1_m_axi_fifo__parameterized4' [D:/GitHub/vivado/vivado/F_Quantization_W8A8/Vivado_W4A4_LC2_Impl_Patch/extracted_ip/hdl/verilog/lenet_w4a4_top_gmem1_m_axi.v:2551]
	Parameter DATA_WIDTH bound to: 4 - type: integer 
	Parameter ADDR_WIDTH bound to: 4 - type: integer 
	Parameter DEPTH bound to: 16 - type: integer 
INFO: [Synth 8-6157] synthesizing module 'lenet_w4a4_top_gmem1_m_axi_srl__parameterized3' [D:/GitHub/vivado/vivado/F_Quantization_W8A8/Vivado_W4A4_LC2_Impl_Patch/extracted_ip/hdl/verilog/lenet_w4a4_top_gmem1_m_axi.v:2729]
	Parameter DATA_WIDTH bound to: 4 - type: integer 
	Parameter ADDR_WIDTH bound to: 4 - type: integer 
	Parameter DEPTH bound to: 16 - type: integer 
INFO: [Synth 8-6155] done synthesizing module 'lenet_w4a4_top_gmem1_m_axi_srl__parameterized3' (0#1) [D:/GitHub/vivado/vivado/F_Quantization_W8A8/Vivado_W4A4_LC2_Impl_Patch/extracted_ip/hdl/verilog/lenet_w4a4_top_gmem1_m_axi.v:2729]
INFO: [Synth 8-6155] done synthesizing module 'lenet_w4a4_top_gmem1_m_axi_fifo__parameterized4' (0#1) [D:/GitHub/vivado/vivado/F_Quantization_W8A8/Vivado_W4A4_LC2_Impl_Patch/extracted_ip/hdl/verilog/lenet_w4a4_top_gmem1_m_axi.v:2551]
INFO: [Synth 8-6157] synthesizing module 'lenet_w4a4_top_gmem1_m_axi_fifo__parameterized5' [D:/GitHub/vivado/vivado/F_Quantization_W8A8/Vivado_W4A4_LC2_Impl_Patch/extracted_ip/hdl/verilog/lenet_w4a4_top_gmem1_m_axi.v:2551]
	Parameter MEM_STYLE bound to: block - type: string 
	Parameter DATA_WIDTH bound to: 34 - type: integer 
	Parameter ADDR_WIDTH bound to: 8 - type: integer 
	Parameter DEPTH bound to: 256 - type: integer 
INFO: [Synth 8-6157] synthesizing module 'lenet_w4a4_top_gmem1_m_axi_mem__parameterized0' [D:/GitHub/vivado/vivado/F_Quantization_W8A8/Vivado_W4A4_LC2_Impl_Patch/extracted_ip/hdl/verilog/lenet_w4a4_top_gmem1_m_axi.v:2783]
	Parameter MEM_STYLE bound to: block - type: string 
	Parameter DATA_WIDTH bound to: 34 - type: integer 
	Parameter ADDR_WIDTH bound to: 8 - type: integer 
	Parameter DEPTH bound to: 256 - type: integer 
INFO: [Synth 8-6155] done synthesizing module 'lenet_w4a4_top_gmem1_m_axi_mem__parameterized0' (0#1) [D:/GitHub/vivado/vivado/F_Quantization_W8A8/Vivado_W4A4_LC2_Impl_Patch/extracted_ip/hdl/verilog/lenet_w4a4_top_gmem1_m_axi.v:2783]
INFO: [Synth 8-6155] done synthesizing module 'lenet_w4a4_top_gmem1_m_axi_fifo__parameterized5' (0#1) [D:/GitHub/vivado/vivado/F_Quantization_W8A8/Vivado_W4A4_LC2_Impl_Patch/extracted_ip/hdl/verilog/lenet_w4a4_top_gmem1_m_axi.v:2551]
INFO: [Synth 8-6155] done synthesizing module 'lenet_w4a4_top_gmem1_m_axi_load' (0#1) [D:/GitHub/vivado/vivado/F_Quantization_W8A8/Vivado_W4A4_LC2_Impl_Patch/extracted_ip/hdl/verilog/lenet_w4a4_top_gmem1_m_axi.v:325]
INFO: [Synth 8-6157] synthesizing module 'lenet_w4a4_top_gmem1_m_axi_write' [D:/GitHub/vivado/vivado/F_Quantization_W8A8/Vivado_W4A4_LC2_Impl_Patch/extracted_ip/hdl/verilog/lenet_w4a4_top_gmem1_m_axi.v:1716]
	Parameter CONSERVATIVE bound to: 1 - type: integer 
	Parameter C_M_AXI_ID_WIDTH bound to: 1 - type: integer 
	Parameter C_M_AXI_AWUSER_WIDTH bound to: 1 - type: integer 
	Parameter C_M_AXI_WUSER_WIDTH bound to: 1 - type: integer 
	Parameter C_M_AXI_BUSER_WIDTH bound to: 1 - type: integer 
	Parameter C_USER_VALUE bound to: 0 - type: integer 
	Parameter C_PROT_VALUE bound to: 0 - type: integer 
	Parameter C_CACHE_VALUE bound to: 3 - type: integer 
	Parameter BUS_ADDR_WIDTH bound to: 64 - type: integer 
	Parameter BUS_DATA_WIDTH bound to: 32 - type: integer 
	Parameter NUM_WRITE_OUTSTANDING bound to: 16 - type: integer 
	Parameter MAX_WRITE_BURST_LENGTH bound to: 16 - type: integer 
INFO: [Synth 8-6157] synthesizing module 'lenet_w4a4_top_gmem1_m_axi_reg_slice' [D:/GitHub/vivado/vivado/F_Quantization_W8A8/Vivado_W4A4_LC2_Impl_Patch/extracted_ip/hdl/verilog/lenet_w4a4_top_gmem1_m_axi.v:2449]
	Parameter DATA_WIDTH bound to: 96 - type: integer 
INFO: [Synth 8-6155] done synthesizing module 'lenet_w4a4_top_gmem1_m_axi_reg_slice' (0#1) [D:/GitHub/vivado/vivado/F_Quantization_W8A8/Vivado_W4A4_LC2_Impl_Patch/extracted_ip/hdl/verilog/lenet_w4a4_top_gmem1_m_axi.v:2449]
INFO: [Synth 8-6157] synthesizing module 'lenet_w4a4_top_gmem1_m_axi_fifo__parameterized6' [D:/GitHub/vivado/vivado/F_Quantization_W8A8/Vivado_W4A4_LC2_Impl_Patch/extracted_ip/hdl/verilog/lenet_w4a4_top_gmem1_m_axi.v:2551]
	Parameter DATA_WIDTH bound to: 8 - type: integer 
	Parameter ADDR_WIDTH bound to: 4 - type: integer 
	Parameter DEPTH bound to: 16 - type: integer 
INFO: [Synth 8-6157] synthesizing module 'lenet_w4a4_top_gmem1_m_axi_srl__parameterized4' [D:/GitHub/vivado/vivado/F_Quantization_W8A8/Vivado_W4A4_LC2_Impl_Patch/extracted_ip/hdl/verilog/lenet_w4a4_top_gmem1_m_axi.v:2729]
INFO: [Common 17-14] Message 'Synth 8-6157' appears 100 times and further instances of the messages will be disabled. Use the Tcl command set_msg_config to change the current settings.
	Parameter DATA_WIDTH bound to: 8 - type: integer 
	Parameter ADDR_WIDTH bound to: 4 - type: integer 
	Parameter DEPTH bound to: 16 - type: integer 
INFO: [Synth 8-6155] done synthesizing module 'lenet_w4a4_top_gmem1_m_axi_srl__parameterized4' (0#1) [D:/GitHub/vivado/vivado/F_Quantization_W8A8/Vivado_W4A4_LC2_Impl_Patch/extracted_ip/hdl/verilog/lenet_w4a4_top_gmem1_m_axi.v:2729]
INFO: [Synth 8-6155] done synthesizing module 'lenet_w4a4_top_gmem1_m_axi_fifo__parameterized6' (0#1) [D:/GitHub/vivado/vivado/F_Quantization_W8A8/Vivado_W4A4_LC2_Impl_Patch/extracted_ip/hdl/verilog/lenet_w4a4_top_gmem1_m_axi.v:2551]
	Parameter CONSERVATIVE bound to: 1 - type: integer 
	Parameter USED_FIX bound to: 0 - type: integer 
	Parameter ADDR_WIDTH bound to: 64 - type: integer 
	Parameter DATA_WIDTH bound to: 32 - type: integer 
	Parameter DEPTH bound to: 16 - type: integer 
	Parameter MAXREQS bound to: 16 - type: integer 
	Parameter AVERAGE_MODE bound to: 0 - type: integer 
	Parameter DATA_WIDTH bound to: 72 - type: integer 
INFO: [Synth 8-6155] done synthesizing module 'lenet_w4a4_top_gmem1_m_axi_reg_slice__parameterized0' (0#1) [D:/GitHub/vivado/vivado/F_Quantization_W8A8/Vivado_W4A4_LC2_Impl_Patch/extracted_ip/hdl/verilog/lenet_w4a4_top_gmem1_m_axi.v:2449]
	Parameter DATA_WIDTH bound to: 72 - type: integer 
	Parameter ADDR_WIDTH bound to: 4 - type: integer 
	Parameter DEPTH bound to: 16 - type: integer 
	Parameter DATA_WIDTH bound to: 72 - type: integer 
	Parameter ADDR_WIDTH bound to: 4 - type: integer 
	Parameter DEPTH bound to: 16 - type: integer 
INFO: [Synth 8-6155] done synthesizing module 'lenet_w4a4_top_gmem1_m_axi_srl__parameterized5' (0#1) [D:/GitHub/vivado/vivado/F_Quantization_W8A8/Vivado_W4A4_LC2_Impl_Patch/extracted_ip/hdl/verilog/lenet_w4a4_top_gmem1_m_axi.v:2729]
INFO: [Synth 8-6155] done synthesizing module 'lenet_w4a4_top_gmem1_m_axi_fifo__parameterized7' (0#1) [D:/GitHub/vivado/vivado/F_Quantization_W8A8/Vivado_W4A4_LC2_Impl_Patch/extracted_ip/hdl/verilog/lenet_w4a4_top_gmem1_m_axi.v:2551]
INFO: [Common 17-14] Message 'Synth 8-6155' appears 100 times and further instances of the messages will be disabled. Use the Tcl command set_msg_config to change the current settings.
	Parameter DATA_WIDTH bound to: 37 - type: integer 
	Parameter ADDR_WIDTH bound to: 4 - type: integer 
	Parameter DEPTH bound to: 16 - type: integer 
	Parameter DATA_WIDTH bound to: 37 - type: integer 
	Parameter ADDR_WIDTH bound to: 4 - type: integer 
	Parameter DEPTH bound to: 16 - type: integer 
	Parameter DATA_WIDTH bound to: 1 - type: integer 
WARNING: [Synth 8-589] replacing case/wildcard equality operator === with logical equality operator == [D:/GitHub/vivado/vivado/F_Quantization_W8A8/Vivado_W4A4_LC2_Impl_Patch/extracted_ip/hdl/verilog/lenet_w4a4_top_gmem1_m_axi.v:2216]
WARNING: [Synth 8-589] replacing case/wildcard equality operator === with logical equality operator == [D:/GitHub/vivado/vivado/F_Quantization_W8A8/Vivado_W4A4_LC2_Impl_Patch/extracted_ip/hdl/verilog/lenet_w4a4_top_gmem1_m_axi.v:2219]
	Parameter C_M_AXI_ID_WIDTH bound to: 1 - type: integer 
	Parameter C_M_AXI_ARUSER_WIDTH bound to: 1 - type: integer 
	Parameter C_M_AXI_RUSER_WIDTH bound to: 1 - type: integer 
	Parameter C_USER_VALUE bound to: 0 - type: integer 
	Parameter C_PROT_VALUE bound to: 0 - type: integer 
	Parameter C_CACHE_VALUE bound to: 3 - type: integer 
	Parameter BUS_ADDR_WIDTH bound to: 64 - type: integer 
	Parameter BUS_DATA_WIDTH bound to: 32 - type: integer 
	Parameter NUM_READ_OUTSTANDING bound to: 16 - type: integer 
	Parameter MAX_READ_BURST_LENGTH bound to: 16 - type: integer 
	Parameter DATA_WIDTH bound to: 33 - type: integer 
WARNING: [Synth 8-589] replacing case/wildcard equality operator === with logical equality operator == [D:/GitHub/vivado/vivado/F_Quantization_W8A8/Vivado_W4A4_LC2_Impl_Patch/extracted_ip/hdl/verilog/lenet_w4a4_top_gmem1_m_axi.v:1708]
	Parameter CONSERVATIVE bound to: 1 - type: integer 
	Parameter NUM_READ_OUTSTANDING bound to: 16 - type: integer 
	Parameter NUM_WRITE_OUTSTANDING bound to: 16 - type: integer 
	Parameter MAX_READ_BURST_LENGTH bound to: 16 - type: integer 
	Parameter MAX_WRITE_BURST_LENGTH bound to: 16 - type: integer 
	Parameter C_M_AXI_ID_WIDTH bound to: 1 - type: integer 
	Parameter C_M_AXI_ADDR_WIDTH bound to: 64 - type: integer 
	Parameter C_M_AXI_DATA_WIDTH bound to: 32 - type: integer 
	Parameter C_M_AXI_AWUSER_WIDTH bound to: 1 - type: integer 
	Parameter C_M_AXI_ARUSER_WIDTH bound to: 1 - type: integer 
	Parameter C_M_AXI_WUSER_WIDTH bound to: 1 - type: integer 
	Parameter C_M_AXI_RUSER_WIDTH bound to: 1 - type: integer 
	Parameter C_M_AXI_BUSER_WIDTH bound to: 1 - type: integer 
	Parameter C_USER_VALUE bound to: 0 - type: integer 
	Parameter C_PROT_VALUE bound to: 0 - type: integer 
	Parameter C_CACHE_VALUE bound to: 3 - type: integer 
	Parameter USER_DW bound to: 32 - type: integer 
	Parameter USER_AW bound to: 64 - type: integer 
	Parameter USER_MAXREQS bound to: 5 - type: integer 
	Parameter USER_RFIFONUM_WIDTH bound to: 9 - type: integer 
	Parameter C_TARGET_ADDR bound to: 0 - type: integer 
	Parameter NUM_WRITE_OUTSTANDING bound to: 16 - type: integer 
	Parameter MAX_WRITE_BURST_LENGTH bound to: 16 - type: integer 
	Parameter BUS_ADDR_WIDTH bound to: 64 - type: integer 
	Parameter BUS_DATA_WIDTH bound to: 32 - type: integer 
	Parameter USER_DW bound to: 32 - type: integer 
	Parameter USER_AW bound to: 64 - type: integer 
	Parameter USER_MAXREQS bound to: 5 - type: integer 
	Parameter BUFFER_IMPL bound to: block - type: string 
	Parameter DATA_WIDTH bound to: 96 - type: integer 
	Parameter ADDR_WIDTH bound to: 3 - type: integer 
	Parameter DEPTH bound to: 5 - type: integer 
	Parameter DATA_WIDTH bound to: 96 - type: integer 
	Parameter ADDR_WIDTH bound to: 3 - type: integer 
	Parameter DEPTH bound to: 5 - type: integer 
	Parameter MEM_STYLE bound to: block - type: string 
	Parameter DATA_WIDTH bound to: 36 - type: integer 
	Parameter ADDR_WIDTH bound to: 4 - type: integer 
	Parameter DEPTH bound to: 16 - type: integer 
	Parameter MEM_STYLE bound to: block - type: string 
	Parameter DATA_WIDTH bound to: 36 - type: integer 
	Parameter ADDR_WIDTH bound to: 4 - type: integer 
	Parameter DEPTH bound to: 16 - type: integer 
	Parameter DATA_WIDTH bound to: 1 - type: integer 
	Parameter ADDR_WIDTH bound to: 4 - type: integer 
	Parameter DEPTH bound to: 16 - type: integer 
	Parameter DATA_WIDTH bound to: 1 - type: integer 
	Parameter ADDR_WIDTH bound to: 4 - type: integer 
	Parameter DEPTH bound to: 16 - type: integer 
	Parameter DATA_WIDTH bound to: 1 - type: integer 
	Parameter ADDR_WIDTH bound to: 3 - type: integer 
	Parameter DEPTH bound to: 5 - type: integer 
	Parameter DATA_WIDTH bound to: 1 - type: integer 
	Parameter ADDR_WIDTH bound to: 3 - type: integer 
	Parameter DEPTH bound to: 5 - type: integer 
	Parameter C_TARGET_ADDR bound to: 0 - type: integer 
	Parameter NUM_READ_OUTSTANDING bound to: 16 - type: integer 
	Parameter MAX_READ_BURST_LENGTH bound to: 16 - type: integer 
	Parameter BUS_ADDR_WIDTH bound to: 64 - type: integer 
	Parameter BUS_DATA_WIDTH bound to: 32 - type: integer 
	Parameter USER_DW bound to: 32 - type: integer 
	Parameter USER_AW bound to: 64 - type: integer 
	Parameter USER_MAXREQS bound to: 5 - type: integer 
	Parameter USER_RFIFONUM_WIDTH bound to: 9 - type: integer 
	Parameter BUFFER_IMPL bound to: block - type: string 
	Parameter MEM_STYLE bound to: block - type: string 
	Parameter DATA_WIDTH bound to: 34 - type: integer 
	Parameter ADDR_WIDTH bound to: 8 - type: integer 
	Parameter DEPTH bound to: 256 - type: integer 
	Parameter MEM_STYLE bound to: block - type: string 
	Parameter DATA_WIDTH bound to: 34 - type: integer 
	Parameter ADDR_WIDTH bound to: 8 - type: integer 
	Parameter DEPTH bound to: 256 - type: integer 
	Parameter CONSERVATIVE bound to: 1 - type: integer 
	Parameter C_M_AXI_ID_WIDTH bound to: 1 - type: integer 
	Parameter C_M_AXI_AWUSER_WIDTH bound to: 1 - type: integer 
	Parameter C_M_AXI_WUSER_WIDTH bound to: 1 - type: integer 
	Parameter C_M_AXI_BUSER_WIDTH bound to: 1 - type: integer 
	Parameter C_USER_VALUE bound to: 0 - type: integer 
	Parameter C_PROT_VALUE bound to: 0 - type: integer 
	Parameter C_CACHE_VALUE bound to: 3 - type: integer 
	Parameter BUS_ADDR_WIDTH bound to: 64 - type: integer 
	Parameter BUS_DATA_WIDTH bound to: 32 - type: integer 
	Parameter NUM_WRITE_OUTSTANDING bound to: 16 - type: integer 
	Parameter MAX_WRITE_BURST_LENGTH bound to: 16 - type: integer 
	Parameter DATA_WIDTH bound to: 96 - type: integer 
	Parameter DATA_WIDTH bound to: 8 - type: integer 
	Parameter ADDR_WIDTH bound to: 4 - type: integer 
	Parameter DEPTH bound to: 16 - type: integer 
	Parameter DATA_WIDTH bound to: 8 - type: integer 
	Parameter ADDR_WIDTH bound to: 4 - type: integer 
	Parameter DEPTH bound to: 16 - type: integer 
	Parameter CONSERVATIVE bound to: 1 - type: integer 
	Parameter USED_FIX bound to: 0 - type: integer 
	Parameter ADDR_WIDTH bound to: 64 - type: integer 
	Parameter DATA_WIDTH bound to: 32 - type: integer 
	Parameter DEPTH bound to: 16 - type: integer 
	Parameter MAXREQS bound to: 16 - type: integer 
	Parameter AVERAGE_MODE bound to: 0 - type: integer 
	Parameter DATA_WIDTH bound to: 72 - type: integer 
	Parameter DATA_WIDTH bound to: 72 - type: integer 
	Parameter ADDR_WIDTH bound to: 4 - type: integer 
	Parameter DEPTH bound to: 16 - type: integer 
	Parameter DATA_WIDTH bound to: 72 - type: integer 
	Parameter ADDR_WIDTH bound to: 4 - type: integer 
	Parameter DEPTH bound to: 16 - type: integer 
	Parameter DATA_WIDTH bound to: 37 - type: integer 
	Parameter ADDR_WIDTH bound to: 4 - type: integer 
	Parameter DEPTH bound to: 16 - type: integer 
	Parameter DATA_WIDTH bound to: 37 - type: integer 
	Parameter ADDR_WIDTH bound to: 4 - type: integer 
	Parameter DEPTH bound to: 16 - type: integer 
	Parameter DATA_WIDTH bound to: 1 - type: integer 
WARNING: [Synth 8-589] replacing case/wildcard equality operator === with logical equality operator == [D:/GitHub/vivado/vivado/F_Quantization_W8A8/Vivado_W4A4_LC2_Impl_Patch/extracted_ip/hdl/verilog/lenet_w4a4_top_gmem2_m_axi.v:2216]
WARNING: [Synth 8-589] replacing case/wildcard equality operator === with logical equality operator == [D:/GitHub/vivado/vivado/F_Quantization_W8A8/Vivado_W4A4_LC2_Impl_Patch/extracted_ip/hdl/verilog/lenet_w4a4_top_gmem2_m_axi.v:2219]
	Parameter C_M_AXI_ID_WIDTH bound to: 1 - type: integer 
	Parameter C_M_AXI_ARUSER_WIDTH bound to: 1 - type: integer 
	Parameter C_M_AXI_RUSER_WIDTH bound to: 1 - type: integer 
	Parameter C_USER_VALUE bound to: 0 - type: integer 
	Parameter C_PROT_VALUE bound to: 0 - type: integer 
	Parameter C_CACHE_VALUE bound to: 3 - type: integer 
	Parameter BUS_ADDR_WIDTH bound to: 64 - type: integer 
	Parameter BUS_DATA_WIDTH bound to: 32 - type: integer 
	Parameter NUM_READ_OUTSTANDING bound to: 16 - type: integer 
	Parameter MAX_READ_BURST_LENGTH bound to: 16 - type: integer 
	Parameter DATA_WIDTH bound to: 33 - type: integer 
WARNING: [Synth 8-589] replacing case/wildcard equality operator === with logical equality operator == [D:/GitHub/vivado/vivado/F_Quantization_W8A8/Vivado_W4A4_LC2_Impl_Patch/extracted_ip/hdl/verilog/lenet_w4a4_top_gmem2_m_axi.v:1708]
	Parameter ID bound to: 1 - type: integer 
	Parameter NUM_STAGE bound to: 1 - type: integer 
	Parameter din0_WIDTH bound to: 4 - type: integer 
	Parameter din1_WIDTH bound to: 9 - type: integer 
	Parameter dout_WIDTH bound to: 12 - type: integer 
WARNING: [Synth 8-3936] Found unconnected internal register 'mul_ln186_4_reg_1702_reg' and it is trimmed from '67' to '41' bits. [D:/GitHub/vivado/vivado/F_Quantization_W8A8/Vivado_W4A4_LC2_Impl_Patch/extracted_ip/hdl/verilog/lenet_w4a4_top_lenet_w4a4_top_Pipeline_POOL_CHANNEL_POOL_ROW_POOL_COL.v:644]
WARNING: [Synth 8-3936] Found unconnected internal register 'mul_ln186_3_reg_1685_reg' and it is trimmed from '67' to '41' bits. [D:/GitHub/vivado/vivado/F_Quantization_W8A8/Vivado_W4A4_LC2_Impl_Patch/extracted_ip/hdl/verilog/lenet_w4a4_top_lenet_w4a4_top_Pipeline_POOL_CHANNEL_POOL_ROW_POOL_COL.v:643]
WARNING: [Synth 8-3936] Found unconnected internal register 'mul_ln186_1_reg_1668_reg' and it is trimmed from '67' to '41' bits. [D:/GitHub/vivado/vivado/F_Quantization_W8A8/Vivado_W4A4_LC2_Impl_Patch/extracted_ip/hdl/verilog/lenet_w4a4_top_lenet_w4a4_top_Pipeline_POOL_CHANNEL_POOL_ROW_POOL_COL.v:642]
WARNING: [Synth 8-3936] Found unconnected internal register 'mul_ln186_reg_1651_reg' and it is trimmed from '67' to '41' bits. [D:/GitHub/vivado/vivado/F_Quantization_W8A8/Vivado_W4A4_LC2_Impl_Patch/extracted_ip/hdl/verilog/lenet_w4a4_top_lenet_w4a4_top_Pipeline_POOL_CHANNEL_POOL_ROW_POOL_COL.v:645]
WARNING: [Synth 8-3936] Found unconnected internal register 'mul_ln186_3_reg_1498_reg' and it is trimmed from '68' to '41' bits. [D:/GitHub/vivado/vivado/F_Quantization_W8A8/Vivado_W4A4_LC2_Impl_Patch/extracted_ip/hdl/verilog/lenet_w4a4_top_lenet_w4a4_top_Pipeline_POOL_CHANNEL_POOL_ROW_POOL_COL2.v:633]
WARNING: [Synth 8-3936] Found unconnected internal register 'mul_ln186_2_reg_1481_reg' and it is trimmed from '68' to '41' bits. [D:/GitHub/vivado/vivado/F_Quantization_W8A8/Vivado_W4A4_LC2_Impl_Patch/extracted_ip/hdl/verilog/lenet_w4a4_top_lenet_w4a4_top_Pipeline_POOL_CHANNEL_POOL_ROW_POOL_COL2.v:632]
WARNING: [Synth 8-3936] Found unconnected internal register 'mul_ln186_1_reg_1464_reg' and it is trimmed from '68' to '41' bits. [D:/GitHub/vivado/vivado/F_Quantization_W8A8/Vivado_W4A4_LC2_Impl_Patch/extracted_ip/hdl/verilog/lenet_w4a4_top_lenet_w4a4_top_Pipeline_POOL_CHANNEL_POOL_ROW_POOL_COL2.v:631]
WARNING: [Synth 8-3936] Found unconnected internal register 'mul_ln186_reg_1447_reg' and it is trimmed from '68' to '41' bits. [D:/GitHub/vivado/vivado/F_Quantization_W8A8/Vivado_W4A4_LC2_Impl_Patch/extracted_ip/hdl/verilog/lenet_w4a4_top_lenet_w4a4_top_Pipeline_POOL_CHANNEL_POOL_ROW_POOL_COL2.v:634]
WARNING: [Synth 8-3936] Found unconnected internal register 'product_V_reg_277_reg' and it is trimmed from '68' to '41' bits. [D:/GitHub/vivado/vivado/F_Quantization_W8A8/Vivado_W4A4_LC2_Impl_Patch/extracted_ip/hdl/verilog/lenet_w4a4_top_lenet_w4a4_top_Pipeline_REQUANT_VECTOR.v:250]
WARNING: [Synth 8-3936] Found unconnected internal register 'product_V_reg_277_reg' and it is trimmed from '69' to '41' bits. [D:/GitHub/vivado/vivado/F_Quantization_W8A8/Vivado_W4A4_LC2_Impl_Patch/extracted_ip/hdl/verilog/lenet_w4a4_top_lenet_w4a4_top_Pipeline_REQUANT_VECTOR5.v:260]
WARNING: [Synth 8-3936] Found unconnected internal register 'product_V_reg_313_reg' and it is trimmed from '68' to '41' bits. [D:/GitHub/vivado/vivado/F_Quantization_W8A8/Vivado_W4A4_LC2_Impl_Patch/extracted_ip/hdl/verilog/lenet_w4a4_top_lenet_w4a4_top_Pipeline_REQUANT_VECTOR7.v:280]
WARNING: [Synth 8-6014] Unused sequential element int_ap_done_reg was removed.  [D:/GitHub/vivado/vivado/F_Quantization_W8A8/Vivado_W4A4_LC2_Impl_Patch/extracted_ip/hdl/verilog/lenet_w4a4_top_control_s_axi.v:301]
WARNING: [Synth 8-7129] Port reset in module lenet_w4a4_top_mul_32ns_37ns_68_2_1 is either unconnected or has no load
WARNING: [Synth 8-7129] Port in_BUS_RID[0] in module lenet_w4a4_top_gmem2_m_axi_read is either unconnected or has no load
WARNING: [Synth 8-7129] Port in_BUS_RRESP[1] in module lenet_w4a4_top_gmem2_m_axi_read is either unconnected or has no load
WARNING: [Synth 8-7129] Port in_BUS_RRESP[0] in module lenet_w4a4_top_gmem2_m_axi_read is either unconnected or has no load
WARNING: [Synth 8-7129] Port in_BUS_RUSER[0] in module lenet_w4a4_top_gmem2_m_axi_read is either unconnected or has no load
WARNING: [Synth 8-7129] Port in_BUS_BID[0] in module lenet_w4a4_top_gmem2_m_axi_write is either unconnected or has no load
WARNING: [Synth 8-7129] Port in_BUS_BRESP[1] in module lenet_w4a4_top_gmem2_m_axi_write is either unconnected or has no load
WARNING: [Synth 8-7129] Port in_BUS_BRESP[0] in module lenet_w4a4_top_gmem2_m_axi_write is either unconnected or has no load
WARNING: [Synth 8-7129] Port in_BUS_BUSER[0] in module lenet_w4a4_top_gmem2_m_axi_write is either unconnected or has no load
WARNING: [Synth 8-7129] Port raddr[2] in module lenet_w4a4_top_gmem2_m_axi_srl is either unconnected or has no load
WARNING: [Synth 8-7129] Port raddr[2] in module lenet_w4a4_top_gmem2_m_axi_srl__parameterized1 is either unconnected or has no load
WARNING: [Synth 8-7129] Port in_BUS_RID[0] in module lenet_w4a4_top_gmem1_m_axi_read is either unconnected or has no load
WARNING: [Synth 8-7129] Port in_BUS_RRESP[1] in module lenet_w4a4_top_gmem1_m_axi_read is either unconnected or has no load
WARNING: [Synth 8-7129] Port in_BUS_RRESP[0] in module lenet_w4a4_top_gmem1_m_axi_read is either unconnected or has no load
WARNING: [Synth 8-7129] Port in_BUS_RUSER[0] in module lenet_w4a4_top_gmem1_m_axi_read is either unconnected or has no load
WARNING: [Synth 8-7129] Port in_BUS_BID[0] in module lenet_w4a4_top_gmem1_m_axi_write is either unconnected or has no load
WARNING: [Synth 8-7129] Port in_BUS_BRESP[1] in module lenet_w4a4_top_gmem1_m_axi_write is either unconnected or has no load
WARNING: [Synth 8-7129] Port in_BUS_BRESP[0] in module lenet_w4a4_top_gmem1_m_axi_write is either unconnected or has no load
WARNING: [Synth 8-7129] Port in_BUS_BUSER[0] in module lenet_w4a4_top_gmem1_m_axi_write is either unconnected or has no load
WARNING: [Synth 8-7129] Port raddr[2] in module lenet_w4a4_top_gmem1_m_axi_srl__parameterized0 is either unconnected or has no load
WARNING: [Synth 8-7129] Port raddr[2] in module lenet_w4a4_top_gmem1_m_axi_srl__parameterized2 is either unconnected or has no load
WARNING: [Synth 8-7129] Port in_BUS_RID[0] in module lenet_w4a4_top_gmem0_m_axi_read is either unconnected or has no load
WARNING: [Synth 8-7129] Port in_BUS_RRESP[1] in module lenet_w4a4_top_gmem0_m_axi_read is either unconnected or has no load
WARNING: [Synth 8-7129] Port in_BUS_RRESP[0] in module lenet_w4a4_top_gmem0_m_axi_read is either unconnected or has no load
WARNING: [Synth 8-7129] Port in_BUS_RUSER[0] in module lenet_w4a4_top_gmem0_m_axi_read is either unconnected or has no load
WARNING: [Synth 8-7129] Port in_BUS_BID[0] in module lenet_w4a4_top_gmem0_m_axi_write is either unconnected or has no load
WARNING: [Synth 8-7129] Port in_BUS_BRESP[1] in module lenet_w4a4_top_gmem0_m_axi_write is either unconnected or has no load
WARNING: [Synth 8-7129] Port in_BUS_BRESP[0] in module lenet_w4a4_top_gmem0_m_axi_write is either unconnected or has no load
WARNING: [Synth 8-7129] Port in_BUS_BUSER[0] in module lenet_w4a4_top_gmem0_m_axi_write is either unconnected or has no load
WARNING: [Synth 8-7129] Port raddr[2] in module lenet_w4a4_top_gmem0_m_axi_srl__parameterized0 is either unconnected or has no load
WARNING: [Synth 8-7129] Port raddr[2] in module lenet_w4a4_top_gmem0_m_axi_srl__parameterized2 is either unconnected or has no load
WARNING: [Synth 8-7129] Port m_axi_gmem2_AWREADY in module lenet_w4a4_top_lenet_w4a4_top_Pipeline_WRITE_LOGITS is either unconnected or has no load
WARNING: [Synth 8-7129] Port m_axi_gmem2_ARREADY in module lenet_w4a4_top_lenet_w4a4_top_Pipeline_WRITE_LOGITS is either unconnected or has no load
WARNING: [Synth 8-7129] Port m_axi_gmem2_RVALID in module lenet_w4a4_top_lenet_w4a4_top_Pipeline_WRITE_LOGITS is either unconnected or has no load
WARNING: [Synth 8-7129] Port m_axi_gmem2_RDATA[31] in module lenet_w4a4_top_lenet_w4a4_top_Pipeline_WRITE_LOGITS is either unconnected or has no load
WARNING: [Synth 8-7129] Port m_axi_gmem2_RDATA[30] in module lenet_w4a4_top_lenet_w4a4_top_Pipeline_WRITE_LOGITS is either unconnected or has no load
WARNING: [Synth 8-7129] Port m_axi_gmem2_RDATA[29] in module lenet_w4a4_top_lenet_w4a4_top_Pipeline_WRITE_LOGITS is either unconnected or has no load
WARNING: [Synth 8-7129] Port m_axi_gmem2_RDATA[28] in module lenet_w4a4_top_lenet_w4a4_top_Pipeline_WRITE_LOGITS is either unconnected or has no load
WARNING: [Synth 8-7129] Port m_axi_gmem2_RDATA[27] in module lenet_w4a4_top_lenet_w4a4_top_Pipeline_WRITE_LOGITS is either unconnected or has no load
WARNING: [Synth 8-7129] Port m_axi_gmem2_RDATA[26] in module lenet_w4a4_top_lenet_w4a4_top_Pipeline_WRITE_LOGITS is either unconnected or has no load
WARNING: [Synth 8-7129] Port m_axi_gmem2_RDATA[25] in module lenet_w4a4_top_lenet_w4a4_top_Pipeline_WRITE_LOGITS is either unconnected or has no load
WARNING: [Synth 8-7129] Port m_axi_gmem2_RDATA[24] in module lenet_w4a4_top_lenet_w4a4_top_Pipeline_WRITE_LOGITS is either unconnected or has no load
WARNING: [Synth 8-7129] Port m_axi_gmem2_RDATA[23] in module lenet_w4a4_top_lenet_w4a4_top_Pipeline_WRITE_LOGITS is either unconnected or has no load
WARNING: [Synth 8-7129] Port m_axi_gmem2_RDATA[22] in module lenet_w4a4_top_lenet_w4a4_top_Pipeline_WRITE_LOGITS is either unconnected or has no load
WARNING: [Synth 8-7129] Port m_axi_gmem2_RDATA[21] in module lenet_w4a4_top_lenet_w4a4_top_Pipeline_WRITE_LOGITS is either unconnected or has no load
WARNING: [Synth 8-7129] Port m_axi_gmem2_RDATA[20] in module lenet_w4a4_top_lenet_w4a4_top_Pipeline_WRITE_LOGITS is either unconnected or has no load
WARNING: [Synth 8-7129] Port m_axi_gmem2_RDATA[19] in module lenet_w4a4_top_lenet_w4a4_top_Pipeline_WRITE_LOGITS is either unconnected or has no load
WARNING: [Synth 8-7129] Port m_axi_gmem2_RDATA[18] in module lenet_w4a4_top_lenet_w4a4_top_Pipeline_WRITE_LOGITS is either unconnected or has no load
WARNING: [Synth 8-7129] Port m_axi_gmem2_RDATA[17] in module lenet_w4a4_top_lenet_w4a4_top_Pipeline_WRITE_LOGITS is either unconnected or has no load
WARNING: [Synth 8-7129] Port m_axi_gmem2_RDATA[16] in module lenet_w4a4_top_lenet_w4a4_top_Pipeline_WRITE_LOGITS is either unconnected or has no load
WARNING: [Synth 8-7129] Port m_axi_gmem2_RDATA[15] in module lenet_w4a4_top_lenet_w4a4_top_Pipeline_WRITE_LOGITS is either unconnected or has no load
WARNING: [Synth 8-7129] Port m_axi_gmem2_RDATA[14] in module lenet_w4a4_top_lenet_w4a4_top_Pipeline_WRITE_LOGITS is either unconnected or has no load
WARNING: [Synth 8-7129] Port m_axi_gmem2_RDATA[13] in module lenet_w4a4_top_lenet_w4a4_top_Pipeline_WRITE_LOGITS is either unconnected or has no load
WARNING: [Synth 8-7129] Port m_axi_gmem2_RDATA[12] in module lenet_w4a4_top_lenet_w4a4_top_Pipeline_WRITE_LOGITS is either unconnected or has no load
WARNING: [Synth 8-7129] Port m_axi_gmem2_RDATA[11] in module lenet_w4a4_top_lenet_w4a4_top_Pipeline_WRITE_LOGITS is either unconnected or has no load
WARNING: [Synth 8-7129] Port m_axi_gmem2_RDATA[10] in module lenet_w4a4_top_lenet_w4a4_top_Pipeline_WRITE_LOGITS is either unconnected or has no load
WARNING: [Synth 8-7129] Port m_axi_gmem2_RDATA[9] in module lenet_w4a4_top_lenet_w4a4_top_Pipeline_WRITE_LOGITS is either unconnected or has no load
WARNING: [Synth 8-7129] Port m_axi_gmem2_RDATA[8] in module lenet_w4a4_top_lenet_w4a4_top_Pipeline_WRITE_LOGITS is either unconnected or has no load
WARNING: [Synth 8-7129] Port m_axi_gmem2_RDATA[7] in module lenet_w4a4_top_lenet_w4a4_top_Pipeline_WRITE_LOGITS is either unconnected or has no load
WARNING: [Synth 8-7129] Port m_axi_gmem2_RDATA[6] in module lenet_w4a4_top_lenet_w4a4_top_Pipeline_WRITE_LOGITS is either unconnected or has no load
WARNING: [Synth 8-7129] Port m_axi_gmem2_RDATA[5] in module lenet_w4a4_top_lenet_w4a4_top_Pipeline_WRITE_LOGITS is either unconnected or has no load
WARNING: [Synth 8-7129] Port m_axi_gmem2_RDATA[4] in module lenet_w4a4_top_lenet_w4a4_top_Pipeline_WRITE_LOGITS is either unconnected or has no load
WARNING: [Synth 8-7129] Port m_axi_gmem2_RDATA[3] in module lenet_w4a4_top_lenet_w4a4_top_Pipeline_WRITE_LOGITS is either unconnected or has no load
WARNING: [Synth 8-7129] Port m_axi_gmem2_RDATA[2] in module lenet_w4a4_top_lenet_w4a4_top_Pipeline_WRITE_LOGITS is either unconnected or has no load
WARNING: [Synth 8-7129] Port m_axi_gmem2_RDATA[1] in module lenet_w4a4_top_lenet_w4a4_top_Pipeline_WRITE_LOGITS is either unconnected or has no load
WARNING: [Synth 8-7129] Port m_axi_gmem2_RDATA[0] in module lenet_w4a4_top_lenet_w4a4_top_Pipeline_WRITE_LOGITS is either unconnected or has no load
WARNING: [Synth 8-7129] Port m_axi_gmem2_RLAST in module lenet_w4a4_top_lenet_w4a4_top_Pipeline_WRITE_LOGITS is either unconnected or has no load
WARNING: [Synth 8-7129] Port m_axi_gmem2_RID[0] in module lenet_w4a4_top_lenet_w4a4_top_Pipeline_WRITE_LOGITS is either unconnected or has no load
WARNING: [Synth 8-7129] Port m_axi_gmem2_RFIFONUM[8] in module lenet_w4a4_top_lenet_w4a4_top_Pipeline_WRITE_LOGITS is either unconnected or has no load
WARNING: [Synth 8-7129] Port m_axi_gmem2_RFIFONUM[7] in module lenet_w4a4_top_lenet_w4a4_top_Pipeline_WRITE_LOGITS is either unconnected or has no load
WARNING: [Synth 8-7129] Port m_axi_gmem2_RFIFONUM[6] in module lenet_w4a4_top_lenet_w4a4_top_Pipeline_WRITE_LOGITS is either unconnected or has no load
WARNING: [Synth 8-7129] Port m_axi_gmem2_RFIFONUM[5] in module lenet_w4a4_top_lenet_w4a4_top_Pipeline_WRITE_LOGITS is either unconnected or has no load
WARNING: [Synth 8-7129] Port m_axi_gmem2_RFIFONUM[4] in module lenet_w4a4_top_lenet_w4a4_top_Pipeline_WRITE_LOGITS is either unconnected or has no load
WARNING: [Synth 8-7129] Port m_axi_gmem2_RFIFONUM[3] in module lenet_w4a4_top_lenet_w4a4_top_Pipeline_WRITE_LOGITS is either unconnected or has no load
WARNING: [Synth 8-7129] Port m_axi_gmem2_RFIFONUM[2] in module lenet_w4a4_top_lenet_w4a4_top_Pipeline_WRITE_LOGITS is either unconnected or has no load
WARNING: [Synth 8-7129] Port m_axi_gmem2_RFIFONUM[1] in module lenet_w4a4_top_lenet_w4a4_top_Pipeline_WRITE_LOGITS is either unconnected or has no load
WARNING: [Synth 8-7129] Port m_axi_gmem2_RFIFONUM[0] in module lenet_w4a4_top_lenet_w4a4_top_Pipeline_WRITE_LOGITS is either unconnected or has no load
WARNING: [Synth 8-7129] Port m_axi_gmem2_RUSER[0] in module lenet_w4a4_top_lenet_w4a4_top_Pipeline_WRITE_LOGITS is either unconnected or has no load
WARNING: [Synth 8-7129] Port m_axi_gmem2_RRESP[1] in module lenet_w4a4_top_lenet_w4a4_top_Pipeline_WRITE_LOGITS is either unconnected or has no load
WARNING: [Synth 8-7129] Port m_axi_gmem2_RRESP[0] in module lenet_w4a4_top_lenet_w4a4_top_Pipeline_WRITE_LOGITS is either unconnected or has no load
WARNING: [Synth 8-7129] Port m_axi_gmem2_BVALID in module lenet_w4a4_top_lenet_w4a4_top_Pipeline_WRITE_LOGITS is either unconnected or has no load
WARNING: [Synth 8-7129] Port m_axi_gmem2_BRESP[1] in module lenet_w4a4_top_lenet_w4a4_top_Pipeline_WRITE_LOGITS is either unconnected or has no load
WARNING: [Synth 8-7129] Port m_axi_gmem2_BRESP[0] in module lenet_w4a4_top_lenet_w4a4_top_Pipeline_WRITE_LOGITS is either unconnected or has no load
WARNING: [Synth 8-7129] Port m_axi_gmem2_BID[0] in module lenet_w4a4_top_lenet_w4a4_top_Pipeline_WRITE_LOGITS is either unconnected or has no load
WARNING: [Synth 8-7129] Port m_axi_gmem2_BUSER[0] in module lenet_w4a4_top_lenet_w4a4_top_Pipeline_WRITE_LOGITS is either unconnected or has no load
WARNING: [Synth 8-7129] Port sext_ln563[61] in module lenet_w4a4_top_lenet_w4a4_top_Pipeline_WRITE_LOGITS is either unconnected or has no load
WARNING: [Synth 8-7129] Port sext_ln563[60] in module lenet_w4a4_top_lenet_w4a4_top_Pipeline_WRITE_LOGITS is either unconnected or has no load
WARNING: [Synth 8-7129] Port sext_ln563[59] in module lenet_w4a4_top_lenet_w4a4_top_Pipeline_WRITE_LOGITS is either unconnected or has no load
WARNING: [Synth 8-7129] Port sext_ln563[58] in module lenet_w4a4_top_lenet_w4a4_top_Pipeline_WRITE_LOGITS is either unconnected or has no load
WARNING: [Synth 8-7129] Port sext_ln563[57] in module lenet_w4a4_top_lenet_w4a4_top_Pipeline_WRITE_LOGITS is either unconnected or has no load
WARNING: [Synth 8-7129] Port sext_ln563[56] in module lenet_w4a4_top_lenet_w4a4_top_Pipeline_WRITE_LOGITS is either unconnected or has no load
WARNING: [Synth 8-7129] Port sext_ln563[55] in module lenet_w4a4_top_lenet_w4a4_top_Pipeline_WRITE_LOGITS is either unconnected or has no load
WARNING: [Synth 8-7129] Port sext_ln563[54] in module lenet_w4a4_top_lenet_w4a4_top_Pipeline_WRITE_LOGITS is either unconnected or has no load
WARNING: [Synth 8-7129] Port sext_ln563[53] in module lenet_w4a4_top_lenet_w4a4_top_Pipeline_WRITE_LOGITS is either unconnected or has no load
WARNING: [Synth 8-7129] Port sext_ln563[52] in module lenet_w4a4_top_lenet_w4a4_top_Pipeline_WRITE_LOGITS is either unconnected or has no load
WARNING: [Synth 8-7129] Port sext_ln563[51] in module lenet_w4a4_top_lenet_w4a4_top_Pipeline_WRITE_LOGITS is either unconnected or has no load
WARNING: [Synth 8-7129] Port sext_ln563[50] in module lenet_w4a4_top_lenet_w4a4_top_Pipeline_WRITE_LOGITS is either unconnected or has no load
WARNING: [Synth 8-7129] Port sext_ln563[49] in module lenet_w4a4_top_lenet_w4a4_top_Pipeline_WRITE_LOGITS is either unconnected or has no load
WARNING: [Synth 8-7129] Port sext_ln563[48] in module lenet_w4a4_top_lenet_w4a4_top_Pipeline_WRITE_LOGITS is either unconnected or has no load
WARNING: [Synth 8-7129] Port sext_ln563[47] in module lenet_w4a4_top_lenet_w4a4_top_Pipeline_WRITE_LOGITS is either unconnected or has no load
INFO: [Common 17-14] Message 'Synth 8-7129' appears 100 times and further instances of the messages will be disabled. Use the Tcl command set_msg_config to change the current settings.
---------------------------------------------------------------------------------
Finished RTL Elaboration : Time (s): cpu = 00:00:08 ; elapsed = 00:00:08 . Memory (MB): peak = 2063.059 ; gain = 630.129
---------------------------------------------------------------------------------
---------------------------------------------------------------------------------
Start Handling Custom Attributes
---------------------------------------------------------------------------------
---------------------------------------------------------------------------------
Finished Handling Custom Attributes : Time (s): cpu = 00:00:08 ; elapsed = 00:00:09 . Memory (MB): peak = 2063.059 ; gain = 630.129
---------------------------------------------------------------------------------
---------------------------------------------------------------------------------
Finished RTL Optimization Phase 1 : Time (s): cpu = 00:00:08 ; elapsed = 00:00:09 . Memory (MB): peak = 2063.059 ; gain = 630.129
---------------------------------------------------------------------------------
Netlist sorting complete. Time (s): cpu = 00:00:00 ; elapsed = 00:00:00.263 . Memory (MB): peak = 2063.059 ; gain = 0.000
INFO: [Project 1-570] Preparing netlist for logic optimization

Processing XDC Constraints
Initializing timing engine
Parsing XDC File [D:/GitHub/vivado/vivado/F_Quantization_W8A8/Vivado_W4A4_LC2_Impl_Patch/extracted_ip/constraints/lenet_w4a4_top_ooc.xdc]
Finished Parsing XDC File [D:/GitHub/vivado/vivado/F_Quantization_W8A8/Vivado_W4A4_LC2_Impl_Patch/extracted_ip/constraints/lenet_w4a4_top_ooc.xdc]
Completed Processing XDC Constraints

Netlist sorting complete. Time (s): cpu = 00:00:00 ; elapsed = 00:00:00.009 . Memory (MB): peak = 2152.582 ; gain = 0.000
INFO: [Project 1-111] Unisim Transformation Summary:
No Unisim elements were transformed.

Constraint Validation Runtime : Time (s): cpu = 00:00:00 ; elapsed = 00:00:00.274 . Memory (MB): peak = 2152.582 ; gain = 0.000
INFO: [Synth 8-11241] undeclared symbol 'REGCCE', assumed default net type 'wire' [D:/Xilinx/Vivado/2022.2/data/verilog/src/unimacro/BRAM_SINGLE_MACRO.v:2170]
---------------------------------------------------------------------------------
Finished Constraint Validation : Time (s): cpu = 00:00:17 ; elapsed = 00:00:18 . Memory (MB): peak = 2152.582 ; gain = 719.652
---------------------------------------------------------------------------------
---------------------------------------------------------------------------------
Start Loading Part and Timing Information
---------------------------------------------------------------------------------
Loading part: xc7z020clg400-1
---------------------------------------------------------------------------------
Finished Loading Part and Timing Information : Time (s): cpu = 00:00:17 ; elapsed = 00:00:18 . Memory (MB): peak = 2152.582 ; gain = 719.652
---------------------------------------------------------------------------------
---------------------------------------------------------------------------------
Start Applying 'set_property' XDC Constraints
---------------------------------------------------------------------------------
---------------------------------------------------------------------------------
Finished applying 'set_property' XDC Constraints : Time (s): cpu = 00:00:17 ; elapsed = 00:00:18 . Memory (MB): peak = 2152.582 ; gain = 719.652
---------------------------------------------------------------------------------
WARNING: [Synth 8-3936] Found unconnected internal register 'index_2_reg_185_pp0_iter8_reg_reg' and it is trimmed from '11' to '10' bits. [D:/GitHub/vivado/vivado/F_Quantization_W8A8/Vivado_W4A4_LC2_Impl_Patch/extracted_ip/hdl/verilog/lenet_w4a4_top_lenet_w4a4_top_Pipeline_UNPACK_INPUT.v:381]
WARNING: [Synth 8-3936] Found unconnected internal register 'index_2_reg_185_pp0_iter7_reg_reg' and it is trimmed from '11' to '10' bits. [D:/GitHub/vivado/vivado/F_Quantization_W8A8/Vivado_W4A4_LC2_Impl_Patch/extracted_ip/hdl/verilog/lenet_w4a4_top_lenet_w4a4_top_Pipeline_UNPACK_INPUT.v:380]
WARNING: [Synth 8-3936] Found unconnected internal register 'index_2_reg_185_pp0_iter6_reg_reg' and it is trimmed from '11' to '10' bits. [D:/GitHub/vivado/vivado/F_Quantization_W8A8/Vivado_W4A4_LC2_Impl_Patch/extracted_ip/hdl/verilog/lenet_w4a4_top_lenet_w4a4_top_Pipeline_UNPACK_INPUT.v:379]
WARNING: [Synth 8-3936] Found unconnected internal register 'index_2_reg_185_pp0_iter5_reg_reg' and it is trimmed from '11' to '10' bits. [D:/GitHub/vivado/vivado/F_Quantization_W8A8/Vivado_W4A4_LC2_Impl_Patch/extracted_ip/hdl/verilog/lenet_w4a4_top_lenet_w4a4_top_Pipeline_UNPACK_INPUT.v:378]
WARNING: [Synth 8-3936] Found unconnected internal register 'index_2_reg_185_pp0_iter4_reg_reg' and it is trimmed from '11' to '10' bits. [D:/GitHub/vivado/vivado/F_Quantization_W8A8/Vivado_W4A4_LC2_Impl_Patch/extracted_ip/hdl/verilog/lenet_w4a4_top_lenet_w4a4_top_Pipeline_UNPACK_INPUT.v:377]
WARNING: [Synth 8-3936] Found unconnected internal register 'index_2_reg_185_pp0_iter3_reg_reg' and it is trimmed from '11' to '10' bits. [D:/GitHub/vivado/vivado/F_Quantization_W8A8/Vivado_W4A4_LC2_Impl_Patch/extracted_ip/hdl/verilog/lenet_w4a4_top_lenet_w4a4_top_Pipeline_UNPACK_INPUT.v:376]
WARNING: [Synth 8-3936] Found unconnected internal register 'index_2_reg_185_pp0_iter2_reg_reg' and it is trimmed from '11' to '10' bits. [D:/GitHub/vivado/vivado/F_Quantization_W8A8/Vivado_W4A4_LC2_Impl_Patch/extracted_ip/hdl/verilog/lenet_w4a4_top_lenet_w4a4_top_Pipeline_UNPACK_INPUT.v:375]
WARNING: [Synth 8-3936] Found unconnected internal register 'index_2_reg_185_pp0_iter1_reg_reg' and it is trimmed from '11' to '10' bits. [D:/GitHub/vivado/vivado/F_Quantization_W8A8/Vivado_W4A4_LC2_Impl_Patch/extracted_ip/hdl/verilog/lenet_w4a4_top_lenet_w4a4_top_Pipeline_UNPACK_INPUT.v:363]
WARNING: [Synth 8-3936] Found unconnected internal register 'index_2_reg_185_reg' and it is trimmed from '11' to '10' bits. [D:/GitHub/vivado/vivado/F_Quantization_W8A8/Vivado_W4A4_LC2_Impl_Patch/extracted_ip/hdl/verilog/lenet_w4a4_top_lenet_w4a4_top_Pipeline_UNPACK_INPUT.v:362]
INFO: [Synth 8-4490] FSM extraction disabled for register 'ap_CS_fsm_reg' through user attribute
INFO: [Synth 8-4490] FSM extraction disabled for register 'ap_CS_fsm_reg' through user attribute
INFO: [Synth 8-802] inferred FSM for state register 'wstate_reg' in module 'lenet_w4a4_top_control_s_axi'
INFO: [Synth 8-802] inferred FSM for state register 'rstate_reg' in module 'lenet_w4a4_top_control_s_axi'
INFO: [Synth 8-802] inferred FSM for state register 'state_reg' in module 'lenet_w4a4_top_gmem0_m_axi_reg_slice'
INFO: [Synth 8-802] inferred FSM for state register 'state_reg' in module 'lenet_w4a4_top_gmem0_m_axi_reg_slice__parameterized0'
INFO: [Synth 8-802] inferred FSM for state register 'state_reg' in module 'lenet_w4a4_top_gmem0_m_axi_reg_slice__parameterized1'
INFO: [Synth 8-802] inferred FSM for state register 'state_reg' in module 'lenet_w4a4_top_gmem0_m_axi_reg_slice__parameterized2'
INFO: [Synth 8-802] inferred FSM for state register 'state_reg' in module 'lenet_w4a4_top_gmem1_m_axi_reg_slice'
INFO: [Synth 8-802] inferred FSM for state register 'state_reg' in module 'lenet_w4a4_top_gmem1_m_axi_reg_slice__parameterized0'
INFO: [Synth 8-802] inferred FSM for state register 'state_reg' in module 'lenet_w4a4_top_gmem1_m_axi_reg_slice__parameterized1'
INFO: [Synth 8-802] inferred FSM for state register 'state_reg' in module 'lenet_w4a4_top_gmem1_m_axi_reg_slice__parameterized2'
INFO: [Synth 8-802] inferred FSM for state register 'state_reg' in module 'lenet_w4a4_top_gmem2_m_axi_reg_slice'
INFO: [Synth 8-802] inferred FSM for state register 'state_reg' in module 'lenet_w4a4_top_gmem2_m_axi_reg_slice__parameterized0'
INFO: [Synth 8-802] inferred FSM for state register 'state_reg' in module 'lenet_w4a4_top_gmem2_m_axi_reg_slice__parameterized1'
INFO: [Synth 8-802] inferred FSM for state register 'state_reg' in module 'lenet_w4a4_top_gmem2_m_axi_reg_slice__parameterized2'
INFO: [Synth 8-4490] FSM extraction disabled for register 'ap_CS_fsm_reg' through user attribute
---------------------------------------------------------------------------------------------------
                   State |                     New Encoding |                Previous Encoding 
---------------------------------------------------------------------------------------------------
                  iSTATE |                             0001 |                               11
*
                  WRIDLE |                             0010 |                               00
                  WRDATA |                             0100 |                               01
                  WRRESP |                             1000 |                               10
---------------------------------------------------------------------------------------------------
INFO: [Synth 8-3354] encoded FSM with state register 'wstate_reg' using encoding 'one-hot' in module 'lenet_w4a4_top_control_s_axi'
---------------------------------------------------------------------------------------------------
                   State |                     New Encoding |                Previous Encoding 
---------------------------------------------------------------------------------------------------
                  iSTATE |                              001 |                               10
*
                  RDIDLE |                              010 |                               00
                  RDDATA |                              100 |                               01
---------------------------------------------------------------------------------------------------
INFO: [Synth 8-3354] encoded FSM with state register 'rstate_reg' using encoding 'one-hot' in module 'lenet_w4a4_top_control_s_axi'
INFO: [Synth 8-7082] The signal mem_reg is implemented as Block RAM but is better mapped onto distributed LUT RAM for the following reason(s): The depth (6 address bits) is shallow. Please use attribute (* ram_style = "distributed" *) to instruct Vivado to infer distributed LUT RAM.
---------------------------------------------------------------------------------------------------
                   State |                     New Encoding |                Previous Encoding 
---------------------------------------------------------------------------------------------------
                    ZERO |                               00 |                               10
                     ONE |                               10 |                               11
                     TWO |                               01 |                               01
---------------------------------------------------------------------------------------------------
INFO: [Synth 8-3354] encoded FSM with state register 'state_reg' using encoding 'sequential' in module 'lenet_w4a4_top_gmem0_m_axi_reg_slice'
---------------------------------------------------------------------------------------------------
                   State |                     New Encoding |                Previous Encoding 
---------------------------------------------------------------------------------------------------
                    ZERO |                               00 |                               10
                     ONE |                               10 |                               11
                     TWO |                               01 |                               01
---------------------------------------------------------------------------------------------------
INFO: [Synth 8-3354] encoded FSM with state register 'state_reg' using encoding 'sequential' in module 'lenet_w4a4_top_gmem0_m_axi_reg_slice__parameterized0'
---------------------------------------------------------------------------------------------------
                   State |                     New Encoding |                Previous Encoding 
---------------------------------------------------------------------------------------------------
                    ZERO |                               00 |                               10
                     ONE |                               10 |                               11
                     TWO |                               01 |                               01
---------------------------------------------------------------------------------------------------
INFO: [Synth 8-3354] encoded FSM with state register 'state_reg' using encoding 'sequential' in module 'lenet_w4a4_top_gmem0_m_axi_reg_slice__parameterized1'
---------------------------------------------------------------------------------------------------
                   State |                     New Encoding |                Previous Encoding 
---------------------------------------------------------------------------------------------------
                    ZERO |                               00 |                               10
                     ONE |                               10 |                               11
                     TWO |                               01 |                               01
---------------------------------------------------------------------------------------------------
INFO: [Synth 8-3354] encoded FSM with state register 'state_reg' using encoding 'sequential' in module 'lenet_w4a4_top_gmem0_m_axi_reg_slice__parameterized2'
INFO: [Synth 8-7082] The signal mem_reg is implemented as Block RAM but is better mapped onto distributed LUT RAM for the following reason(s): The depth (6 address bits) is shallow. Please use attribute (* ram_style = "distributed" *) to instruct Vivado to infer distributed LUT RAM.
---------------------------------------------------------------------------------------------------
                   State |                     New Encoding |                Previous Encoding 
---------------------------------------------------------------------------------------------------
                    ZERO |                               00 |                               10
                     ONE |                               10 |                               11
                     TWO |                               01 |                               01
---------------------------------------------------------------------------------------------------
INFO: [Synth 8-3354] encoded FSM with state register 'state_reg' using encoding 'sequential' in module 'lenet_w4a4_top_gmem1_m_axi_reg_slice'
---------------------------------------------------------------------------------------------------
                   State |                     New Encoding |                Previous Encoding 
---------------------------------------------------------------------------------------------------
                    ZERO |                               00 |                               10
                     ONE |                               10 |                               11
                     TWO |                               01 |                               01
---------------------------------------------------------------------------------------------------
INFO: [Synth 8-3354] encoded FSM with state register 'state_reg' using encoding 'sequential' in module 'lenet_w4a4_top_gmem1_m_axi_reg_slice__parameterized0'
---------------------------------------------------------------------------------------------------
                   State |                     New Encoding |                Previous Encoding 
---------------------------------------------------------------------------------------------------
                    ZERO |                               00 |                               10
                     ONE |                               10 |                               11
                     TWO |                               01 |                               01
---------------------------------------------------------------------------------------------------
INFO: [Synth 8-3354] encoded FSM with state register 'state_reg' using encoding 'sequential' in module 'lenet_w4a4_top_gmem1_m_axi_reg_slice__parameterized1'
---------------------------------------------------------------------------------------------------
                   State |                     New Encoding |                Previous Encoding 
---------------------------------------------------------------------------------------------------
                    ZERO |                               00 |                               10
                     ONE |                               10 |                               11
                     TWO |                               01 |                               01
---------------------------------------------------------------------------------------------------
INFO: [Synth 8-3354] encoded FSM with state register 'state_reg' using encoding 'sequential' in module 'lenet_w4a4_top_gmem1_m_axi_reg_slice__parameterized2'
INFO: [Synth 8-7082] The signal mem_reg is implemented as Block RAM but is better mapped onto distributed LUT RAM for the following reason(s): The depth (4 address bits) is shallow. Please use attribute (* ram_style = "distributed" *) to instruct Vivado to infer distributed LUT RAM.
---------------------------------------------------------------------------------------------------
                   State |                     New Encoding |                Previous Encoding 
---------------------------------------------------------------------------------------------------
                    ZERO |                               00 |                               10
                     ONE |                               10 |                               11
                     TWO |                               01 |                               01
---------------------------------------------------------------------------------------------------
INFO: [Synth 8-3354] encoded FSM with state register 'state_reg' using encoding 'sequential' in module 'lenet_w4a4_top_gmem2_m_axi_reg_slice'
---------------------------------------------------------------------------------------------------
                   State |                     New Encoding |                Previous Encoding 
---------------------------------------------------------------------------------------------------
                    ZERO |                               00 |                               10
                     ONE |                               10 |                               11
                     TWO |                               01 |                               01
---------------------------------------------------------------------------------------------------
INFO: [Synth 8-3354] encoded FSM with state register 'state_reg' using encoding 'sequential' in module 'lenet_w4a4_top_gmem2_m_axi_reg_slice__parameterized0'
---------------------------------------------------------------------------------------------------
                   State |                     New Encoding |                Previous Encoding 
---------------------------------------------------------------------------------------------------
                    ZERO |                               00 |                               10
                     ONE |                               10 |                               11
                     TWO |                               01 |                               01
---------------------------------------------------------------------------------------------------
INFO: [Synth 8-3354] encoded FSM with state register 'state_reg' using encoding 'sequential' in module 'lenet_w4a4_top_gmem2_m_axi_reg_slice__parameterized1'
---------------------------------------------------------------------------------------------------
                   State |                     New Encoding |                Previous Encoding 
---------------------------------------------------------------------------------------------------
                    ZERO |                               00 |                               10
                     ONE |                               10 |                               11
                     TWO |                               01 |                               01
---------------------------------------------------------------------------------------------------
INFO: [Synth 8-3354] encoded FSM with state register 'state_reg' using encoding 'sequential' in module 'lenet_w4a4_top_gmem2_m_axi_reg_slice__parameterized2'
---------------------------------------------------------------------------------
Finished RTL Optimization Phase 2 : Time (s): cpu = 00:00:20 ; elapsed = 00:00:22 . Memory (MB): peak = 2152.582 ; gain = 719.652
---------------------------------------------------------------------------------
---------------------------------------------------------------------------------
Start RTL Component Statistics 
---------------------------------------------------------------------------------
Detailed RTL Component Info : 
+---Adders : 
	   2 Input   64 Bit       Adders := 18    
	   2 Input   52 Bit       Adders := 6     
	   2 Input   32 Bit       Adders := 8     
	   2 Input   29 Bit       Adders := 2     
	   2 Input   28 Bit       Adders := 6     
	   2 Input   27 Bit       Adders := 4     
	   2 Input   16 Bit       Adders := 1     
	   4 Input   15 Bit       Adders := 1     
	   2 Input   15 Bit       Adders := 1     
	   2 Input   14 Bit       Adders := 2     
	   4 Input   13 Bit       Adders := 3     
	   2 Input   12 Bit       Adders := 8     
	   3 Input   12 Bit       Adders := 1     
	   2 Input   11 Bit       Adders := 10    
	   4 Input   11 Bit       Adders := 2     
	   3 Input   11 Bit       Adders := 3     
	   2 Input   10 Bit       Adders := 25    
	   3 Input   10 Bit       Adders := 1     
	   3 Input    9 Bit       Adders := 3     
	   2 Input    9 Bit       Adders := 22    
	   4 Input    9 Bit       Adders := 1     
	   2 Input    8 Bit       Adders := 21    
	   3 Input    8 Bit       Adders := 5     
	   2 Input    7 Bit       Adders := 14    
	   2 Input    6 Bit       Adders := 16    
	   2 Input    5 Bit       Adders := 71    
	   2 Input    4 Bit       Adders := 57    
	   2 Input    3 Bit       Adders := 33    
	   3 Input    3 Bit       Adders := 2     
	   2 Input    2 Bit       Adders := 6     
+---XORs : 
	   2 Input      1 Bit         XORs := 16    
	   3 Input      1 Bit         XORs := 2     
+---Registers : 
	               96 Bit    Registers := 18    
	               72 Bit    Registers := 9     
	               69 Bit    Registers := 1     
	               68 Bit    Registers := 4     
	               67 Bit    Registers := 4     
	               64 Bit    Registers := 39    
	               62 Bit    Registers := 1     
	               52 Bit    Registers := 6     
	               42 Bit    Registers := 1     
	               41 Bit    Registers := 11    
	               40 Bit    Registers := 11    
	               37 Bit    Registers := 3     
	               36 Bit    Registers := 1     
	               34 Bit    Registers := 5     
	               33 Bit    Registers := 6     
	               32 Bit    Registers := 18    
	               29 Bit    Registers := 2     
	               28 Bit    Registers := 7     
	               27 Bit    Registers := 4     
	               18 Bit    Registers := 21    
	               16 Bit    Registers := 4     
	               15 Bit    Registers := 10    
	               14 Bit    Registers := 7     
	               13 Bit    Registers := 3     
	               12 Bit    Registers := 9     
	               11 Bit    Registers := 13    
	               10 Bit    Registers := 33    
	                9 Bit    Registers := 17    
	                8 Bit    Registers := 75    
	                7 Bit    Registers := 75    
	                6 Bit    Registers := 15    
	                5 Bit    Registers := 46    
	                4 Bit    Registers := 167   
	                3 Bit    Registers := 46    
	                2 Bit    Registers := 21    
	                1 Bit    Registers := 709   
+---Multipliers : 
	              32x38  Multipliers := 1     
	              32x37  Multipliers := 4     
	              32x36  Multipliers := 4     
+---RAMs : 
	              55K Bit	(4704 X 12 bit)          RAMs := 3     
	              23K Bit	(1600 X 15 bit)          RAMs := 3     
	               8K Bit	(255 X 34 bit)          RAMs := 3     
	               4K Bit	(1024 X 4 bit)          RAMs := 12    
	               3K Bit	(1176 X 3 bit)          RAMs := 1     
	               1K Bit	(400 X 3 bit)          RAMs := 1     
	               1K Bit	(120 X 16 bit)          RAMs := 1     
	               1K Bit	(84 X 14 bit)          RAMs := 1     
	              800 Bit	(200 X 4 bit)          RAMs := 2     
	              567 Bit	(63 X 9 bit)          RAMs := 2     
	              540 Bit	(15 X 36 bit)          RAMs := 1     
	              360 Bit	(120 X 3 bit)          RAMs := 1     
	              300 Bit	(75 X 4 bit)          RAMs := 2     
	              252 Bit	(84 X 3 bit)          RAMs := 1     
	              140 Bit	(10 X 14 bit)          RAMs := 1     
	               52 Bit	(13 X 4 bit)          RAMs := 2     
	               40 Bit	(10 X 4 bit)          RAMs := 1     
+---Muxes : 
	   2 Input   96 Bit        Muxes := 6     
	   2 Input   72 Bit        Muxes := 3     
	   2 Input   64 Bit        Muxes := 25    
	   2 Input   52 Bit        Muxes := 6     
	   2 Input   42 Bit        Muxes := 1     
	   2 Input   38 Bit        Muxes := 1     
	   2 Input   37 Bit        Muxes := 2     
	   2 Input   36 Bit        Muxes := 1     
	   2 Input   34 Bit        Muxes := 1     
	   2 Input   33 Bit        Muxes := 3     
	  11 Input   32 Bit        Muxes := 1     
	   2 Input   32 Bit        Muxes := 14    
	   2 Input   30 Bit        Muxes := 1     
	   2 Input   29 Bit        Muxes := 2     
	   2 Input   28 Bit        Muxes := 1     
	   2 Input   27 Bit        Muxes := 1     
	   2 Input   26 Bit        Muxes := 1     
	   2 Input   24 Bit        Muxes := 1     
	   2 Input   22 Bit        Muxes := 1     
	   2 Input   21 Bit        Muxes := 1     
	   2 Input   20 Bit        Muxes := 1     
	   2 Input   19 Bit        Muxes := 1     
	   2 Input   18 Bit        Muxes := 1     
	   2 Input   16 Bit        Muxes := 1     
	   2 Input   15 Bit        Muxes := 4     
	   2 Input   14 Bit        Muxes := 8     
	   2 Input   13 Bit        Muxes := 12    
	   4 Input   12 Bit        Muxes := 6     
	   2 Input   11 Bit        Muxes := 10    
	   2 Input   10 Bit        Muxes := 25    
	   2 Input    9 Bit        Muxes := 8     
	   2 Input    8 Bit        Muxes := 23    
	   4 Input    8 Bit        Muxes := 6     
	   2 Input    7 Bit        Muxes := 18    
	   2 Input    6 Bit        Muxes := 18    
	   2 Input    5 Bit        Muxes := 70    
	   2 Input    4 Bit        Muxes := 58    
	   4 Input    4 Bit        Muxes := 1     
	   3 Input    4 Bit        Muxes := 2     
	   6 Input    4 Bit        Muxes := 2     
	   2 Input    3 Bit        Muxes := 47    
	   3 Input    3 Bit        Muxes := 5     
	   5 Input    3 Bit        Muxes := 2     
	   4 Input    3 Bit        Muxes := 2     
	   3 Input    2 Bit        Muxes := 46    
	   2 Input    2 Bit        Muxes := 201   
	   5 Input    2 Bit        Muxes := 2     
	   4 Input    2 Bit        Muxes := 15    
	   2 Input    1 Bit        Muxes := 477   
	   4 Input    1 Bit        Muxes := 2     
---------------------------------------------------------------------------------
Finished RTL Component Statistics 
---------------------------------------------------------------------------------
---------------------------------------------------------------------------------
Start Part Resource Summary
---------------------------------------------------------------------------------
Part Resources:
DSPs: 220 (col length:60)
BRAMs: 280 (col length: RAMB18 60 RAMB36 30)
---------------------------------------------------------------------------------
Finished Part Resource Summary
---------------------------------------------------------------------------------
---------------------------------------------------------------------------------
Start Cross Boundary and Area Optimization
---------------------------------------------------------------------------------
WARNING: [Synth 8-7080] Parallel synthesis criteria is not met
DSP Report: Generating DSP mul_32ns_36ns_67_2_1_U65/tmp_product, operation Mode is: A2*(B:0x9b3).
DSP Report: register mul_32ns_36ns_67_2_1_U65/tmp_product is absorbed into DSP mul_32ns_36ns_67_2_1_U65/tmp_product.
DSP Report: operator mul_32ns_36ns_67_2_1_U65/tmp_product is absorbed into DSP mul_32ns_36ns_67_2_1_U65/tmp_product.
DSP Report: operator mul_32ns_36ns_67_2_1_U65/tmp_product is absorbed into DSP mul_32ns_36ns_67_2_1_U65/tmp_product.
DSP Report: Generating DSP mul_32ns_36ns_67_2_1_U65/dout_reg, operation Mode is: (PCIN>>17)+A*B2.
DSP Report: register mul_32ns_36ns_67_2_1_U65/dout_reg is absorbed into DSP mul_32ns_36ns_67_2_1_U65/dout_reg.
DSP Report: register mul_32ns_36ns_67_2_1_U65/dout_reg is absorbed into DSP mul_32ns_36ns_67_2_1_U65/dout_reg.
DSP Report: operator mul_32ns_36ns_67_2_1_U65/tmp_product is absorbed into DSP mul_32ns_36ns_67_2_1_U65/dout_reg.
DSP Report: operator mul_32ns_36ns_67_2_1_U65/tmp_product is absorbed into DSP mul_32ns_36ns_67_2_1_U65/dout_reg.
DSP Report: Generating DSP mul_32ns_36ns_67_2_1_U65/tmp_product, operation Mode is: A2*(B:0x9b3).
DSP Report: register mul_32ns_36ns_67_2_1_U65/tmp_product is absorbed into DSP mul_32ns_36ns_67_2_1_U65/tmp_product.
DSP Report: operator mul_32ns_36ns_67_2_1_U65/tmp_product is absorbed into DSP mul_32ns_36ns_67_2_1_U65/tmp_product.
DSP Report: operator mul_32ns_36ns_67_2_1_U65/tmp_product is absorbed into DSP mul_32ns_36ns_67_2_1_U65/tmp_product.
DSP Report: Generating DSP mul_32ns_36ns_67_2_1_U65/dout_reg, operation Mode is: (PCIN>>17)+A*B2.
DSP Report: register mul_32ns_36ns_67_2_1_U65/dout_reg is absorbed into DSP mul_32ns_36ns_67_2_1_U65/dout_reg.
DSP Report: register mul_32ns_36ns_67_2_1_U65/dout_reg is absorbed into DSP mul_32ns_36ns_67_2_1_U65/dout_reg.
DSP Report: operator mul_32ns_36ns_67_2_1_U65/tmp_product is absorbed into DSP mul_32ns_36ns_67_2_1_U65/dout_reg.
DSP Report: operator mul_32ns_36ns_67_2_1_U65/tmp_product is absorbed into DSP mul_32ns_36ns_67_2_1_U65/dout_reg.
DSP Report: Generating DSP mul_32ns_36ns_67_2_1_U66/tmp_product, operation Mode is: A2*(B:0x9b3).
DSP Report: register mul_32ns_36ns_67_2_1_U66/tmp_product is absorbed into DSP mul_32ns_36ns_67_2_1_U66/tmp_product.
DSP Report: operator mul_32ns_36ns_67_2_1_U66/tmp_product is absorbed into DSP mul_32ns_36ns_67_2_1_U66/tmp_product.
DSP Report: operator mul_32ns_36ns_67_2_1_U66/tmp_product is absorbed into DSP mul_32ns_36ns_67_2_1_U66/tmp_product.
DSP Report: Generating DSP mul_32ns_36ns_67_2_1_U66/dout_reg, operation Mode is: (PCIN>>17)+A*B2.
DSP Report: register mul_32ns_36ns_67_2_1_U66/dout_reg is absorbed into DSP mul_32ns_36ns_67_2_1_U66/dout_reg.
DSP Report: register mul_32ns_36ns_67_2_1_U66/dout_reg is absorbed into DSP mul_32ns_36ns_67_2_1_U66/dout_reg.
DSP Report: operator mul_32ns_36ns_67_2_1_U66/tmp_product is absorbed into DSP mul_32ns_36ns_67_2_1_U66/dout_reg.
DSP Report: operator mul_32ns_36ns_67_2_1_U66/tmp_product is absorbed into DSP mul_32ns_36ns_67_2_1_U66/dout_reg.
DSP Report: Generating DSP mul_32ns_36ns_67_2_1_U66/tmp_product, operation Mode is: A2*(B:0x9b3).
DSP Report: register mul_32ns_36ns_67_2_1_U66/tmp_product is absorbed into DSP mul_32ns_36ns_67_2_1_U66/tmp_product.
DSP Report: operator mul_32ns_36ns_67_2_1_U66/tmp_product is absorbed into DSP mul_32ns_36ns_67_2_1_U66/tmp_product.
DSP Report: operator mul_32ns_36ns_67_2_1_U66/tmp_product is absorbed into DSP mul_32ns_36ns_67_2_1_U66/tmp_product.
DSP Report: Generating DSP mul_32ns_36ns_67_2_1_U66/dout_reg, operation Mode is: (PCIN>>17)+A*B2.
DSP Report: register mul_32ns_36ns_67_2_1_U66/dout_reg is absorbed into DSP mul_32ns_36ns_67_2_1_U66/dout_reg.
DSP Report: register mul_32ns_36ns_67_2_1_U66/dout_reg is absorbed into DSP mul_32ns_36ns_67_2_1_U66/dout_reg.
DSP Report: operator mul_32ns_36ns_67_2_1_U66/tmp_product is absorbed into DSP mul_32ns_36ns_67_2_1_U66/dout_reg.
DSP Report: operator mul_32ns_36ns_67_2_1_U66/tmp_product is absorbed into DSP mul_32ns_36ns_67_2_1_U66/dout_reg.
DSP Report: Generating DSP mul_32ns_36ns_67_2_1_U68/tmp_product, operation Mode is: A2*(B:0x9b3).
DSP Report: register mul_32ns_36ns_67_2_1_U68/tmp_product is absorbed into DSP mul_32ns_36ns_67_2_1_U68/tmp_product.
DSP Report: operator mul_32ns_36ns_67_2_1_U68/tmp_product is absorbed into DSP mul_32ns_36ns_67_2_1_U68/tmp_product.
DSP Report: operator mul_32ns_36ns_67_2_1_U68/tmp_product is absorbed into DSP mul_32ns_36ns_67_2_1_U68/tmp_product.
DSP Report: Generating DSP mul_32ns_36ns_67_2_1_U68/dout_reg, operation Mode is: (PCIN>>17)+A*B2.
DSP Report: register mul_32ns_36ns_67_2_1_U68/dout_reg is absorbed into DSP mul_32ns_36ns_67_2_1_U68/dout_reg.
DSP Report: register mul_32ns_36ns_67_2_1_U68/dout_reg is absorbed into DSP mul_32ns_36ns_67_2_1_U68/dout_reg.
DSP Report: operator mul_32ns_36ns_67_2_1_U68/tmp_product is absorbed into DSP mul_32ns_36ns_67_2_1_U68/dout_reg.
DSP Report: operator mul_32ns_36ns_67_2_1_U68/tmp_product is absorbed into DSP mul_32ns_36ns_67_2_1_U68/dout_reg.
DSP Report: Generating DSP mul_32ns_36ns_67_2_1_U68/tmp_product, operation Mode is: A2*(B:0x9b3).
DSP Report: register mul_32ns_36ns_67_2_1_U68/tmp_product is absorbed into DSP mul_32ns_36ns_67_2_1_U68/tmp_product.
DSP Report: operator mul_32ns_36ns_67_2_1_U68/tmp_product is absorbed into DSP mul_32ns_36ns_67_2_1_U68/tmp_product.
DSP Report: operator mul_32ns_36ns_67_2_1_U68/tmp_product is absorbed into DSP mul_32ns_36ns_67_2_1_U68/tmp_product.
DSP Report: Generating DSP mul_32ns_36ns_67_2_1_U68/dout_reg, operation Mode is: (PCIN>>17)+A*B2.
DSP Report: register mul_32ns_36ns_67_2_1_U68/dout_reg is absorbed into DSP mul_32ns_36ns_67_2_1_U68/dout_reg.
DSP Report: register mul_32ns_36ns_67_2_1_U68/dout_reg is absorbed into DSP mul_32ns_36ns_67_2_1_U68/dout_reg.
DSP Report: operator mul_32ns_36ns_67_2_1_U68/tmp_product is absorbed into DSP mul_32ns_36ns_67_2_1_U68/dout_reg.
DSP Report: operator mul_32ns_36ns_67_2_1_U68/tmp_product is absorbed into DSP mul_32ns_36ns_67_2_1_U68/dout_reg.
DSP Report: Generating DSP mul_32ns_36ns_67_2_1_U67/tmp_product, operation Mode is: A2*(B:0x9b3).
DSP Report: register mul_32ns_36ns_67_2_1_U67/tmp_product is absorbed into DSP mul_32ns_36ns_67_2_1_U67/tmp_product.
DSP Report: operator mul_32ns_36ns_67_2_1_U67/tmp_product is absorbed into DSP mul_32ns_36ns_67_2_1_U67/tmp_product.
DSP Report: operator mul_32ns_36ns_67_2_1_U67/tmp_product is absorbed into DSP mul_32ns_36ns_67_2_1_U67/tmp_product.
DSP Report: Generating DSP mul_32ns_36ns_67_2_1_U67/dout_reg, operation Mode is: (PCIN>>17)+A*B2.
DSP Report: register mul_32ns_36ns_67_2_1_U67/dout_reg is absorbed into DSP mul_32ns_36ns_67_2_1_U67/dout_reg.
DSP Report: register mul_32ns_36ns_67_2_1_U67/dout_reg is absorbed into DSP mul_32ns_36ns_67_2_1_U67/dout_reg.
DSP Report: operator mul_32ns_36ns_67_2_1_U67/tmp_product is absorbed into DSP mul_32ns_36ns_67_2_1_U67/dout_reg.
DSP Report: operator mul_32ns_36ns_67_2_1_U67/tmp_product is absorbed into DSP mul_32ns_36ns_67_2_1_U67/dout_reg.
DSP Report: Generating DSP mul_32ns_36ns_67_2_1_U67/tmp_product, operation Mode is: A2*(B:0x9b3).
DSP Report: register mul_32ns_36ns_67_2_1_U67/tmp_product is absorbed into DSP mul_32ns_36ns_67_2_1_U67/tmp_product.
DSP Report: operator mul_32ns_36ns_67_2_1_U67/tmp_product is absorbed into DSP mul_32ns_36ns_67_2_1_U67/tmp_product.
DSP Report: operator mul_32ns_36ns_67_2_1_U67/tmp_product is absorbed into DSP mul_32ns_36ns_67_2_1_U67/tmp_product.
DSP Report: Generating DSP mul_32ns_36ns_67_2_1_U67/dout_reg, operation Mode is: (PCIN>>17)+A*B2.
DSP Report: register mul_32ns_36ns_67_2_1_U67/dout_reg is absorbed into DSP mul_32ns_36ns_67_2_1_U67/dout_reg.
DSP Report: register mul_32ns_36ns_67_2_1_U67/dout_reg is absorbed into DSP mul_32ns_36ns_67_2_1_U67/dout_reg.
DSP Report: operator mul_32ns_36ns_67_2_1_U67/tmp_product is absorbed into DSP mul_32ns_36ns_67_2_1_U67/dout_reg.
DSP Report: operator mul_32ns_36ns_67_2_1_U67/tmp_product is absorbed into DSP mul_32ns_36ns_67_2_1_U67/dout_reg.
WARNING: [Synth 8-3936] Found unconnected internal register 'mac_muladd_4s_4s_9s_9_4_1_U20/lenet_w4a4_top_mac_muladd_4s_4s_9s_9_4_1_DSP48_1_U/p_reg_reg' and it is trimmed from '44' to '9' bits. [D:/GitHub/vivado/vivado/F_Quantization_W8A8/Vivado_W4A4_LC2_Impl_Patch/extracted_ip/hdl/verilog/lenet_w4a4_top_mac_muladd_4s_4s_9s_9_4_1.v:39]
WARNING: [Synth 8-3936] Found unconnected internal register 'mac_muladd_4s_4s_8s_9_4_1_U18/lenet_w4a4_top_mac_muladd_4s_4s_8s_9_4_1_DSP48_0_U/p_reg_reg' and it is trimmed from '44' to '9' bits. [D:/GitHub/vivado/vivado/F_Quantization_W8A8/Vivado_W4A4_LC2_Impl_Patch/extracted_ip/hdl/verilog/lenet_w4a4_top_mac_muladd_4s_4s_8s_9_4_1.v:39]
WARNING: [Synth 8-3936] Found unconnected internal register 'mac_muladd_4s_4s_9s_9_4_1_U28/lenet_w4a4_top_mac_muladd_4s_4s_9s_9_4_1_DSP48_1_U/p_reg_reg' and it is trimmed from '44' to '9' bits. [D:/GitHub/vivado/vivado/F_Quantization_W8A8/Vivado_W4A4_LC2_Impl_Patch/extracted_ip/hdl/verilog/lenet_w4a4_top_mac_muladd_4s_4s_9s_9_4_1.v:39]
WARNING: [Synth 8-3936] Found unconnected internal register 'mac_muladd_4s_4s_8s_9_4_1_U22/lenet_w4a4_top_mac_muladd_4s_4s_8s_9_4_1_DSP48_0_U/p_reg_reg' and it is trimmed from '44' to '9' bits. [D:/GitHub/vivado/vivado/F_Quantization_W8A8/Vivado_W4A4_LC2_Impl_Patch/extracted_ip/hdl/verilog/lenet_w4a4_top_mac_muladd_4s_4s_8s_9_4_1.v:39]
WARNING: [Synth 8-3936] Found unconnected internal register 'mac_muladd_4s_4s_9s_9_4_1_U33/lenet_w4a4_top_mac_muladd_4s_4s_9s_9_4_1_DSP48_1_U/p_reg_reg' and it is trimmed from '44' to '9' bits. [D:/GitHub/vivado/vivado/F_Quantization_W8A8/Vivado_W4A4_LC2_Impl_Patch/extracted_ip/hdl/verilog/lenet_w4a4_top_mac_muladd_4s_4s_9s_9_4_1.v:39]
WARNING: [Synth 8-3936] Found unconnected internal register 'mac_muladd_4s_4s_8s_9_4_1_U24/lenet_w4a4_top_mac_muladd_4s_4s_8s_9_4_1_DSP48_0_U/p_reg_reg' and it is trimmed from '44' to '9' bits. [D:/GitHub/vivado/vivado/F_Quantization_W8A8/Vivado_W4A4_LC2_Impl_Patch/extracted_ip/hdl/verilog/lenet_w4a4_top_mac_muladd_4s_4s_8s_9_4_1.v:39]
WARNING: [Synth 8-3936] Found unconnected internal register 'mac_muladd_4s_4s_9s_9_4_1_U27/lenet_w4a4_top_mac_muladd_4s_4s_9s_9_4_1_DSP48_1_U/p_reg_reg' and it is trimmed from '44' to '9' bits. [D:/GitHub/vivado/vivado/F_Quantization_W8A8/Vivado_W4A4_LC2_Impl_Patch/extracted_ip/hdl/verilog/lenet_w4a4_top_mac_muladd_4s_4s_9s_9_4_1.v:39]
WARNING: [Synth 8-3936] Found unconnected internal register 'mac_muladd_4s_4s_8s_9_4_1_U21/lenet_w4a4_top_mac_muladd_4s_4s_8s_9_4_1_DSP48_0_U/p_reg_reg' and it is trimmed from '44' to '9' bits. [D:/GitHub/vivado/vivado/F_Quantization_W8A8/Vivado_W4A4_LC2_Impl_Patch/extracted_ip/hdl/verilog/lenet_w4a4_top_mac_muladd_4s_4s_8s_9_4_1.v:39]
WARNING: [Synth 8-3936] Found unconnected internal register 'mac_muladd_4s_4s_8s_9_4_1_U21/lenet_w4a4_top_mac_muladd_4s_4s_8s_9_4_1_DSP48_0_U/m_reg_reg' and it is trimmed from '43' to '9' bits. [D:/GitHub/vivado/vivado/F_Quantization_W8A8/Vivado_W4A4_LC2_Impl_Patch/extracted_ip/hdl/verilog/lenet_w4a4_top_mac_muladd_4s_4s_8s_9_4_1.v:32]
WARNING: [Synth 8-3936] Found unconnected internal register 'mac_muladd_4s_4s_8s_9_4_1_U21/lenet_w4a4_top_mac_muladd_4s_4s_8s_9_4_1_DSP48_0_U/a_reg_reg' and it is trimmed from '25' to '9' bits. [D:/GitHub/vivado/vivado/F_Quantization_W8A8/Vivado_W4A4_LC2_Impl_Patch/extracted_ip/hdl/verilog/lenet_w4a4_top_mac_muladd_4s_4s_8s_9_4_1.v:31]
WARNING: [Synth 8-3936] Found unconnected internal register 'mac_muladd_4s_4s_9s_9_4_1_U30/lenet_w4a4_top_mac_muladd_4s_4s_9s_9_4_1_DSP48_1_U/p_reg_reg' and it is trimmed from '44' to '9' bits. [D:/GitHub/vivado/vivado/F_Quantization_W8A8/Vivado_W4A4_LC2_Impl_Patch/extracted_ip/hdl/verilog/lenet_w4a4_top_mac_muladd_4s_4s_9s_9_4_1.v:39]
WARNING: [Synth 8-3936] Found unconnected internal register 'mac_muladd_4s_4s_8s_9_4_1_U25/lenet_w4a4_top_mac_muladd_4s_4s_8s_9_4_1_DSP48_0_U/p_reg_reg' and it is trimmed from '44' to '9' bits. [D:/GitHub/vivado/vivado/F_Quantization_W8A8/Vivado_W4A4_LC2_Impl_Patch/extracted_ip/hdl/verilog/lenet_w4a4_top_mac_muladd_4s_4s_8s_9_4_1.v:39]
WARNING: [Synth 8-3936] Found unconnected internal register 'mac_muladd_4s_4s_8s_9_4_1_U22/lenet_w4a4_top_mac_muladd_4s_4s_8s_9_4_1_DSP48_0_U/m_reg_reg' and it is trimmed from '43' to '9' bits. [D:/GitHub/vivado/vivado/F_Quantization_W8A8/Vivado_W4A4_LC2_Impl_Patch/extracted_ip/hdl/verilog/lenet_w4a4_top_mac_muladd_4s_4s_8s_9_4_1.v:32]
WARNING: [Synth 8-3936] Found unconnected internal register 'mac_muladd_4s_4s_8s_9_4_1_U22/lenet_w4a4_top_mac_muladd_4s_4s_8s_9_4_1_DSP48_0_U/a_reg_reg' and it is trimmed from '25' to '9' bits. [D:/GitHub/vivado/vivado/F_Quantization_W8A8/Vivado_W4A4_LC2_Impl_Patch/extracted_ip/hdl/verilog/lenet_w4a4_top_mac_muladd_4s_4s_8s_9_4_1.v:31]
WARNING: [Synth 8-3936] Found unconnected internal register 'mac_muladd_4s_4s_9s_9_4_1_U20/lenet_w4a4_top_mac_muladd_4s_4s_9s_9_4_1_DSP48_1_U/m_reg_reg' and it is trimmed from '43' to '9' bits. [D:/GitHub/vivado/vivado/F_Quantization_W8A8/Vivado_W4A4_LC2_Impl_Patch/extracted_ip/hdl/verilog/lenet_w4a4_top_mac_muladd_4s_4s_9s_9_4_1.v:32]
WARNING: [Synth 8-3936] Found unconnected internal register 'mac_muladd_4s_4s_8s_9_4_1_U18/lenet_w4a4_top_mac_muladd_4s_4s_8s_9_4_1_DSP48_0_U/m_reg_reg' and it is trimmed from '43' to '9' bits. [D:/GitHub/vivado/vivado/F_Quantization_W8A8/Vivado_W4A4_LC2_Impl_Patch/extracted_ip/hdl/verilog/lenet_w4a4_top_mac_muladd_4s_4s_8s_9_4_1.v:32]
WARNING: [Synth 8-3936] Found unconnected internal register 'mac_muladd_4s_4s_8s_9_4_1_U18/lenet_w4a4_top_mac_muladd_4s_4s_8s_9_4_1_DSP48_0_U/a_reg_reg' and it is trimmed from '25' to '9' bits. [D:/GitHub/vivado/vivado/F_Quantization_W8A8/Vivado_W4A4_LC2_Impl_Patch/extracted_ip/hdl/verilog/lenet_w4a4_top_mac_muladd_4s_4s_8s_9_4_1.v:31]
WARNING: [Synth 8-3936] Found unconnected internal register 'mac_muladd_4s_4s_9s_9_4_1_U26/lenet_w4a4_top_mac_muladd_4s_4s_9s_9_4_1_DSP48_1_U/p_reg_reg' and it is trimmed from '44' to '9' bits. [D:/GitHub/vivado/vivado/F_Quantization_W8A8/Vivado_W4A4_LC2_Impl_Patch/extracted_ip/hdl/verilog/lenet_w4a4_top_mac_muladd_4s_4s_9s_9_4_1.v:39]
WARNING: [Synth 8-3936] Found unconnected internal register 'mac_muladd_4s_4s_8s_9_4_1_U19/lenet_w4a4_top_mac_muladd_4s_4s_8s_9_4_1_DSP48_0_U/p_reg_reg' and it is trimmed from '44' to '9' bits. [D:/GitHub/vivado/vivado/F_Quantization_W8A8/Vivado_W4A4_LC2_Impl_Patch/extracted_ip/hdl/verilog/lenet_w4a4_top_mac_muladd_4s_4s_8s_9_4_1.v:39]
WARNING: [Synth 8-3936] Found unconnected internal register 'mac_muladd_4s_4s_8s_9_4_1_U19/lenet_w4a4_top_mac_muladd_4s_4s_8s_9_4_1_DSP48_0_U/m_reg_reg' and it is trimmed from '43' to '9' bits. [D:/GitHub/vivado/vivado/F_Quantization_W8A8/Vivado_W4A4_LC2_Impl_Patch/extracted_ip/hdl/verilog/lenet_w4a4_top_mac_muladd_4s_4s_8s_9_4_1.v:32]
WARNING: [Synth 8-3936] Found unconnected internal register 'mac_muladd_4s_4s_8s_9_4_1_U19/lenet_w4a4_top_mac_muladd_4s_4s_8s_9_4_1_DSP48_0_U/a_reg_reg' and it is trimmed from '25' to '9' bits. [D:/GitHub/vivado/vivado/F_Quantization_W8A8/Vivado_W4A4_LC2_Impl_Patch/extracted_ip/hdl/verilog/lenet_w4a4_top_mac_muladd_4s_4s_8s_9_4_1.v:31]
WARNING: [Synth 8-3936] Found unconnected internal register 'mac_muladd_4s_4s_9s_9_4_1_U29/lenet_w4a4_top_mac_muladd_4s_4s_9s_9_4_1_DSP48_1_U/p_reg_reg' and it is trimmed from '44' to '9' bits. [D:/GitHub/vivado/vivado/F_Quantization_W8A8/Vivado_W4A4_LC2_Impl_Patch/extracted_ip/hdl/verilog/lenet_w4a4_top_mac_muladd_4s_4s_9s_9_4_1.v:39]
WARNING: [Synth 8-3936] Found unconnected internal register 'mac_muladd_4s_4s_8s_9_4_1_U23/lenet_w4a4_top_mac_muladd_4s_4s_8s_9_4_1_DSP48_0_U/p_reg_reg' and it is trimmed from '44' to '9' bits. [D:/GitHub/vivado/vivado/F_Quantization_W8A8/Vivado_W4A4_LC2_Impl_Patch/extracted_ip/hdl/verilog/lenet_w4a4_top_mac_muladd_4s_4s_8s_9_4_1.v:39]
WARNING: [Synth 8-3936] Found unconnected internal register 'mac_muladd_4s_4s_8s_9_4_1_U23/lenet_w4a4_top_mac_muladd_4s_4s_8s_9_4_1_DSP48_0_U/m_reg_reg' and it is trimmed from '43' to '9' bits. [D:/GitHub/vivado/vivado/F_Quantization_W8A8/Vivado_W4A4_LC2_Impl_Patch/extracted_ip/hdl/verilog/lenet_w4a4_top_mac_muladd_4s_4s_8s_9_4_1.v:32]
WARNING: [Synth 8-3936] Found unconnected internal register 'mac_muladd_4s_4s_8s_9_4_1_U23/lenet_w4a4_top_mac_muladd_4s_4s_8s_9_4_1_DSP48_0_U/a_reg_reg' and it is trimmed from '25' to '9' bits. [D:/GitHub/vivado/vivado/F_Quantization_W8A8/Vivado_W4A4_LC2_Impl_Patch/extracted_ip/hdl/verilog/lenet_w4a4_top_mac_muladd_4s_4s_8s_9_4_1.v:31]
WARNING: [Synth 8-3936] Found unconnected internal register 'mac_muladd_4s_4s_8s_9_4_1_U32/lenet_w4a4_top_mac_muladd_4s_4s_8s_9_4_1_DSP48_0_U/p_reg_reg' and it is trimmed from '44' to '9' bits. [D:/GitHub/vivado/vivado/F_Quantization_W8A8/Vivado_W4A4_LC2_Impl_Patch/extracted_ip/hdl/verilog/lenet_w4a4_top_mac_muladd_4s_4s_8s_9_4_1.v:39]
WARNING: [Synth 8-3936] Found unconnected internal register 'mac_muladd_4s_4s_9s_9_4_1_U27/lenet_w4a4_top_mac_muladd_4s_4s_9s_9_4_1_DSP48_1_U/m_reg_reg' and it is trimmed from '43' to '9' bits. [D:/GitHub/vivado/vivado/F_Quantization_W8A8/Vivado_W4A4_LC2_Impl_Patch/extracted_ip/hdl/verilog/lenet_w4a4_top_mac_muladd_4s_4s_9s_9_4_1.v:32]
WARNING: [Synth 8-3936] Found unconnected internal register 'mac_muladd_4s_4s_9s_9_4_1_U27/lenet_w4a4_top_mac_muladd_4s_4s_9s_9_4_1_DSP48_1_U/a_reg_reg' and it is trimmed from '25' to '9' bits. [D:/GitHub/vivado/vivado/F_Quantization_W8A8/Vivado_W4A4_LC2_Impl_Patch/extracted_ip/hdl/verilog/lenet_w4a4_top_mac_muladd_4s_4s_9s_9_4_1.v:31]
WARNING: [Synth 8-3936] Found unconnected internal register 'mac_muladd_4s_4s_8s_9_4_1_U32/lenet_w4a4_top_mac_muladd_4s_4s_8s_9_4_1_DSP48_0_U/m_reg_reg' and it is trimmed from '43' to '9' bits. [D:/GitHub/vivado/vivado/F_Quantization_W8A8/Vivado_W4A4_LC2_Impl_Patch/extracted_ip/hdl/verilog/lenet_w4a4_top_mac_muladd_4s_4s_8s_9_4_1.v:32]
WARNING: [Synth 8-3936] Found unconnected internal register 'mac_muladd_4s_4s_8s_9_4_1_U24/lenet_w4a4_top_mac_muladd_4s_4s_8s_9_4_1_DSP48_0_U/m_reg_reg' and it is trimmed from '43' to '9' bits. [D:/GitHub/vivado/vivado/F_Quantization_W8A8/Vivado_W4A4_LC2_Impl_Patch/extracted_ip/hdl/verilog/lenet_w4a4_top_mac_muladd_4s_4s_8s_9_4_1.v:32]
WARNING: [Synth 8-3936] Found unconnected internal register 'mac_muladd_4s_4s_8s_9_4_1_U24/lenet_w4a4_top_mac_muladd_4s_4s_8s_9_4_1_DSP48_0_U/a_reg_reg' and it is trimmed from '25' to '9' bits. [D:/GitHub/vivado/vivado/F_Quantization_W8A8/Vivado_W4A4_LC2_Impl_Patch/extracted_ip/hdl/verilog/lenet_w4a4_top_mac_muladd_4s_4s_8s_9_4_1.v:31]
WARNING: [Synth 8-3936] Found unconnected internal register 'mac_muladd_4s_4s_9s_9_4_1_U30/lenet_w4a4_top_mac_muladd_4s_4s_9s_9_4_1_DSP48_1_U/m_reg_reg' and it is trimmed from '43' to '9' bits. [D:/GitHub/vivado/vivado/F_Quantization_W8A8/Vivado_W4A4_LC2_Impl_Patch/extracted_ip/hdl/verilog/lenet_w4a4_top_mac_muladd_4s_4s_9s_9_4_1.v:32]
WARNING: [Synth 8-3936] Found unconnected internal register 'mac_muladd_4s_4s_9s_9_4_1_U30/lenet_w4a4_top_mac_muladd_4s_4s_9s_9_4_1_DSP48_1_U/a_reg_reg' and it is trimmed from '25' to '9' bits. [D:/GitHub/vivado/vivado/F_Quantization_W8A8/Vivado_W4A4_LC2_Impl_Patch/extracted_ip/hdl/verilog/lenet_w4a4_top_mac_muladd_4s_4s_9s_9_4_1.v:31]
WARNING: [Synth 8-3936] Found unconnected internal register 'mac_muladd_4s_4s_9s_9_4_1_U28/lenet_w4a4_top_mac_muladd_4s_4s_9s_9_4_1_DSP48_1_U/m_reg_reg' and it is trimmed from '43' to '9' bits. [D:/GitHub/vivado/vivado/F_Quantization_W8A8/Vivado_W4A4_LC2_Impl_Patch/extracted_ip/hdl/verilog/lenet_w4a4_top_mac_muladd_4s_4s_9s_9_4_1.v:32]
WARNING: [Synth 8-3936] Found unconnected internal register 'mac_muladd_4s_4s_9s_9_4_1_U28/lenet_w4a4_top_mac_muladd_4s_4s_9s_9_4_1_DSP48_1_U/a_reg_reg' and it is trimmed from '25' to '9' bits. [D:/GitHub/vivado/vivado/F_Quantization_W8A8/Vivado_W4A4_LC2_Impl_Patch/extracted_ip/hdl/verilog/lenet_w4a4_top_mac_muladd_4s_4s_9s_9_4_1.v:31]
WARNING: [Synth 8-3936] Found unconnected internal register 'mac_muladd_4s_4s_8s_9_4_1_U31/lenet_w4a4_top_mac_muladd_4s_4s_8s_9_4_1_DSP48_0_U/p_reg_reg' and it is trimmed from '44' to '9' bits. [D:/GitHub/vivado/vivado/F_Quantization_W8A8/Vivado_W4A4_LC2_Impl_Patch/extracted_ip/hdl/verilog/lenet_w4a4_top_mac_muladd_4s_4s_8s_9_4_1.v:39]
WARNING: [Synth 8-3936] Found unconnected internal register 'mac_muladd_4s_4s_8s_9_4_1_U31/lenet_w4a4_top_mac_muladd_4s_4s_8s_9_4_1_DSP48_0_U/m_reg_reg' and it is trimmed from '43' to '9' bits. [D:/GitHub/vivado/vivado/F_Quantization_W8A8/Vivado_W4A4_LC2_Impl_Patch/extracted_ip/hdl/verilog/lenet_w4a4_top_mac_muladd_4s_4s_8s_9_4_1.v:32]
WARNING: [Synth 8-3936] Found unconnected internal register 'mac_muladd_4s_4s_8s_9_4_1_U31/lenet_w4a4_top_mac_muladd_4s_4s_8s_9_4_1_DSP48_0_U/a_reg_reg' and it is trimmed from '25' to '9' bits. [D:/GitHub/vivado/vivado/F_Quantization_W8A8/Vivado_W4A4_LC2_Impl_Patch/extracted_ip/hdl/verilog/lenet_w4a4_top_mac_muladd_4s_4s_8s_9_4_1.v:31]
WARNING: [Synth 8-3936] Found unconnected internal register 'mac_muladd_4s_4s_9s_9_4_1_U33/lenet_w4a4_top_mac_muladd_4s_4s_9s_9_4_1_DSP48_1_U/m_reg_reg' and it is trimmed from '43' to '9' bits. [D:/GitHub/vivado/vivado/F_Quantization_W8A8/Vivado_W4A4_LC2_Impl_Patch/extracted_ip/hdl/verilog/lenet_w4a4_top_mac_muladd_4s_4s_9s_9_4_1.v:32]
WARNING: [Synth 8-3936] Found unconnected internal register 'mac_muladd_4s_4s_9s_9_4_1_U33/lenet_w4a4_top_mac_muladd_4s_4s_9s_9_4_1_DSP48_1_U/a_reg_reg' and it is trimmed from '25' to '9' bits. [D:/GitHub/vivado/vivado/F_Quantization_W8A8/Vivado_W4A4_LC2_Impl_Patch/extracted_ip/hdl/verilog/lenet_w4a4_top_mac_muladd_4s_4s_9s_9_4_1.v:31]
WARNING: [Synth 8-3936] Found unconnected internal register 'mac_muladd_4s_4s_9s_9_4_1_U26/lenet_w4a4_top_mac_muladd_4s_4s_9s_9_4_1_DSP48_1_U/m_reg_reg' and it is trimmed from '43' to '9' bits. [D:/GitHub/vivado/vivado/F_Quantization_W8A8/Vivado_W4A4_LC2_Impl_Patch/extracted_ip/hdl/verilog/lenet_w4a4_top_mac_muladd_4s_4s_9s_9_4_1.v:32]
WARNING: [Synth 8-3936] Found unconnected internal register 'mac_muladd_4s_4s_9s_9_4_1_U26/lenet_w4a4_top_mac_muladd_4s_4s_9s_9_4_1_DSP48_1_U/b_reg_reg' and it is trimmed from '18' to '9' bits. [D:/GitHub/vivado/vivado/F_Quantization_W8A8/Vivado_W4A4_LC2_Impl_Patch/extracted_ip/hdl/verilog/lenet_w4a4_top_mac_muladd_4s_4s_9s_9_4_1.v:31]
WARNING: [Synth 8-3936] Found unconnected internal register 'sext_ln172_cast_reg_1684_reg' and it is trimmed from '8' to '4' bits. [D:/GitHub/vivado/vivado/F_Quantization_W8A8/Vivado_W4A4_LC2_Impl_Patch/extracted_ip/hdl/verilog/lenet_w4a4_top_lenet_w4a4_top_Pipeline_OUT_ROW_OUT_COL.v:1088]
WARNING: [Synth 8-3936] Found unconnected internal register 'mac_muladd_4s_4s_9s_9_4_1_U20/lenet_w4a4_top_mac_muladd_4s_4s_9s_9_4_1_DSP48_1_U/b_reg_reg' and it is trimmed from '18' to '9' bits. [D:/GitHub/vivado/vivado/F_Quantization_W8A8/Vivado_W4A4_LC2_Impl_Patch/extracted_ip/hdl/verilog/lenet_w4a4_top_mac_muladd_4s_4s_9s_9_4_1.v:31]
WARNING: [Synth 8-3936] Found unconnected internal register 'sext_ln172_1_cast_reg_1674_reg' and it is trimmed from '8' to '4' bits. [D:/GitHub/vivado/vivado/F_Quantization_W8A8/Vivado_W4A4_LC2_Impl_Patch/extracted_ip/hdl/verilog/lenet_w4a4_top_lenet_w4a4_top_Pipeline_OUT_ROW_OUT_COL.v:1079]
WARNING: [Synth 8-3936] Found unconnected internal register 'mac_muladd_4s_4s_9s_9_4_1_U27/lenet_w4a4_top_mac_muladd_4s_4s_9s_9_4_1_DSP48_1_U/b_reg_reg' and it is trimmed from '18' to '9' bits. [D:/GitHub/vivado/vivado/F_Quantization_W8A8/Vivado_W4A4_LC2_Impl_Patch/extracted_ip/hdl/verilog/lenet_w4a4_top_mac_muladd_4s_4s_9s_9_4_1.v:31]
WARNING: [Synth 8-3936] Found unconnected internal register 'sext_ln178_3_cast_reg_1659_reg' and it is trimmed from '8' to '4' bits. [D:/GitHub/vivado/vivado/F_Quantization_W8A8/Vivado_W4A4_LC2_Impl_Patch/extracted_ip/hdl/verilog/lenet_w4a4_top_lenet_w4a4_top_Pipeline_OUT_ROW_OUT_COL.v:1093]
WARNING: [Synth 8-3936] Found unconnected internal register 'mac_muladd_4s_4s_9s_9_4_1_U28/lenet_w4a4_top_mac_muladd_4s_4s_9s_9_4_1_DSP48_1_U/b_reg_reg' and it is trimmed from '18' to '9' bits. [D:/GitHub/vivado/vivado/F_Quantization_W8A8/Vivado_W4A4_LC2_Impl_Patch/extracted_ip/hdl/verilog/lenet_w4a4_top_mac_muladd_4s_4s_9s_9_4_1.v:31]
WARNING: [Synth 8-3936] Found unconnected internal register 'sext_ln172_4_cast_reg_1644_reg' and it is trimmed from '8' to '4' bits. [D:/GitHub/vivado/vivado/F_Quantization_W8A8/Vivado_W4A4_LC2_Impl_Patch/extracted_ip/hdl/verilog/lenet_w4a4_top_lenet_w4a4_top_Pipeline_OUT_ROW_OUT_COL.v:1082]
WARNING: [Synth 8-3936] Found unconnected internal register 'mac_muladd_4s_4s_9s_9_4_1_U29/lenet_w4a4_top_mac_muladd_4s_4s_9s_9_4_1_DSP48_1_U/m_reg_reg' and it is trimmed from '43' to '9' bits. [D:/GitHub/vivado/vivado/F_Quantization_W8A8/Vivado_W4A4_LC2_Impl_Patch/extracted_ip/hdl/verilog/lenet_w4a4_top_mac_muladd_4s_4s_9s_9_4_1.v:32]
WARNING: [Synth 8-3936] Found unconnected internal register 'mac_muladd_4s_4s_9s_9_4_1_U29/lenet_w4a4_top_mac_muladd_4s_4s_9s_9_4_1_DSP48_1_U/b_reg_reg' and it is trimmed from '18' to '9' bits. [D:/GitHub/vivado/vivado/F_Quantization_W8A8/Vivado_W4A4_LC2_Impl_Patch/extracted_ip/hdl/verilog/lenet_w4a4_top_mac_muladd_4s_4s_9s_9_4_1.v:31]
WARNING: [Synth 8-3936] Found unconnected internal register 'sext_ln178_6_cast_reg_1629_reg' and it is trimmed from '8' to '4' bits. [D:/GitHub/vivado/vivado/F_Quantization_W8A8/Vivado_W4A4_LC2_Impl_Patch/extracted_ip/hdl/verilog/lenet_w4a4_top_lenet_w4a4_top_Pipeline_OUT_ROW_OUT_COL.v:1096]
WARNING: [Synth 8-3936] Found unconnected internal register 'mac_muladd_4s_4s_9s_9_4_1_U33/lenet_w4a4_top_mac_muladd_4s_4s_9s_9_4_1_DSP48_1_U/b_reg_reg' and it is trimmed from '18' to '9' bits. [D:/GitHub/vivado/vivado/F_Quantization_W8A8/Vivado_W4A4_LC2_Impl_Patch/extracted_ip/hdl/verilog/lenet_w4a4_top_mac_muladd_4s_4s_9s_9_4_1.v:31]
WARNING: [Synth 8-3936] Found unconnected internal register 'sext_ln172_7_cast_reg_1614_reg' and it is trimmed from '8' to '4' bits. [D:/GitHub/vivado/vivado/F_Quantization_W8A8/Vivado_W4A4_LC2_Impl_Patch/extracted_ip/hdl/verilog/lenet_w4a4_top_lenet_w4a4_top_Pipeline_OUT_ROW_OUT_COL.v:1085]
WARNING: [Synth 8-3936] Found unconnected internal register 'mac_muladd_4s_4s_8s_9_4_1_U31/lenet_w4a4_top_mac_muladd_4s_4s_8s_9_4_1_DSP48_0_U/b_reg_reg' and it is trimmed from '18' to '9' bits. [D:/GitHub/vivado/vivado/F_Quantization_W8A8/Vivado_W4A4_LC2_Impl_Patch/extracted_ip/hdl/verilog/lenet_w4a4_top_mac_muladd_4s_4s_8s_9_4_1.v:31]
WARNING: [Synth 8-3936] Found unconnected internal register 'sext_ln178_11_cast_reg_1579_reg' and it is trimmed from '8' to '4' bits. [D:/GitHub/vivado/vivado/F_Quantization_W8A8/Vivado_W4A4_LC2_Impl_Patch/extracted_ip/hdl/verilog/lenet_w4a4_top_lenet_w4a4_top_Pipeline_OUT_ROW_OUT_COL.v:1090]
WARNING: [Synth 8-3936] Found unconnected internal register 'mac_muladd_4s_4s_9s_9_4_1_U30/lenet_w4a4_top_mac_muladd_4s_4s_9s_9_4_1_DSP48_1_U/b_reg_reg' and it is trimmed from '18' to '9' bits. [D:/GitHub/vivado/vivado/F_Quantization_W8A8/Vivado_W4A4_LC2_Impl_Patch/extracted_ip/hdl/verilog/lenet_w4a4_top_mac_muladd_4s_4s_9s_9_4_1.v:31]
WARNING: [Synth 8-3936] Found unconnected internal register 'sext_ln178_9_cast_reg_1599_reg' and it is trimmed from '8' to '4' bits. [D:/GitHub/vivado/vivado/F_Quantization_W8A8/Vivado_W4A4_LC2_Impl_Patch/extracted_ip/hdl/verilog/lenet_w4a4_top_lenet_w4a4_top_Pipeline_OUT_ROW_OUT_COL.v:1099]
WARNING: [Synth 8-3936] Found unconnected internal register 'mac_muladd_4s_4s_8s_9_4_1_U32/lenet_w4a4_top_mac_muladd_4s_4s_8s_9_4_1_DSP48_0_U/b_reg_reg' and it is trimmed from '18' to '9' bits. [D:/GitHub/vivado/vivado/F_Quantization_W8A8/Vivado_W4A4_LC2_Impl_Patch/extracted_ip/hdl/verilog/lenet_w4a4_top_mac_muladd_4s_4s_8s_9_4_1.v:31]
WARNING: [Synth 8-3936] Found unconnected internal register 'sext_ln138_cast_reg_1569_reg' and it is trimmed from '8' to '4' bits. [D:/GitHub/vivado/vivado/F_Quantization_W8A8/Vivado_W4A4_LC2_Impl_Patch/extracted_ip/hdl/verilog/lenet_w4a4_top_lenet_w4a4_top_Pipeline_OUT_ROW_OUT_COL.v:1076]
WARNING: [Synth 8-3936] Found unconnected internal register 'mac_muladd_4s_4s_8s_9_4_1_U19/lenet_w4a4_top_mac_muladd_4s_4s_8s_9_4_1_DSP48_0_U/b_reg_reg' and it is trimmed from '18' to '9' bits. [D:/GitHub/vivado/vivado/F_Quantization_W8A8/Vivado_W4A4_LC2_Impl_Patch/extracted_ip/hdl/verilog/lenet_w4a4_top_mac_muladd_4s_4s_8s_9_4_1.v:31]
WARNING: [Synth 8-3936] Found unconnected internal register 'sext_ln178_1_cast_reg_1679_reg' and it is trimmed from '8' to '4' bits. [D:/GitHub/vivado/vivado/F_Quantization_W8A8/Vivado_W4A4_LC2_Impl_Patch/extracted_ip/hdl/verilog/lenet_w4a4_top_lenet_w4a4_top_Pipeline_OUT_ROW_OUT_COL.v:1091]
WARNING: [Synth 8-3936] Found unconnected internal register 'mac_muladd_4s_4s_8s_9_4_1_U18/lenet_w4a4_top_mac_muladd_4s_4s_8s_9_4_1_DSP48_0_U/b_reg_reg' and it is trimmed from '18' to '9' bits. [D:/GitHub/vivado/vivado/F_Quantization_W8A8/Vivado_W4A4_LC2_Impl_Patch/extracted_ip/hdl/verilog/lenet_w4a4_top_mac_muladd_4s_4s_8s_9_4_1.v:31]
WARNING: [Synth 8-3936] Found unconnected internal register 'sext_ln172_2_cast_reg_1664_reg' and it is trimmed from '8' to '4' bits. [D:/GitHub/vivado/vivado/F_Quantization_W8A8/Vivado_W4A4_LC2_Impl_Patch/extracted_ip/hdl/verilog/lenet_w4a4_top_lenet_w4a4_top_Pipeline_OUT_ROW_OUT_COL.v:1080]
WARNING: [Synth 8-3936] Found unconnected internal register 'mac_muladd_4s_4s_8s_9_4_1_U21/lenet_w4a4_top_mac_muladd_4s_4s_8s_9_4_1_DSP48_0_U/b_reg_reg' and it is trimmed from '18' to '9' bits. [D:/GitHub/vivado/vivado/F_Quantization_W8A8/Vivado_W4A4_LC2_Impl_Patch/extracted_ip/hdl/verilog/lenet_w4a4_top_mac_muladd_4s_4s_8s_9_4_1.v:31]
WARNING: [Synth 8-3936] Found unconnected internal register 'sext_ln178_4_cast_reg_1649_reg' and it is trimmed from '8' to '4' bits. [D:/GitHub/vivado/vivado/F_Quantization_W8A8/Vivado_W4A4_LC2_Impl_Patch/extracted_ip/hdl/verilog/lenet_w4a4_top_lenet_w4a4_top_Pipeline_OUT_ROW_OUT_COL.v:1094]
WARNING: [Synth 8-3936] Found unconnected internal register 'mac_muladd_4s_4s_8s_9_4_1_U22/lenet_w4a4_top_mac_muladd_4s_4s_8s_9_4_1_DSP48_0_U/b_reg_reg' and it is trimmed from '18' to '9' bits. [D:/GitHub/vivado/vivado/F_Quantization_W8A8/Vivado_W4A4_LC2_Impl_Patch/extracted_ip/hdl/verilog/lenet_w4a4_top_mac_muladd_4s_4s_8s_9_4_1.v:31]
WARNING: [Synth 8-3936] Found unconnected internal register 'sext_ln172_5_cast_reg_1634_reg' and it is trimmed from '8' to '4' bits. [D:/GitHub/vivado/vivado/F_Quantization_W8A8/Vivado_W4A4_LC2_Impl_Patch/extracted_ip/hdl/verilog/lenet_w4a4_top_lenet_w4a4_top_Pipeline_OUT_ROW_OUT_COL.v:1083]
WARNING: [Synth 8-3936] Found unconnected internal register 'mac_muladd_4s_4s_8s_9_4_1_U23/lenet_w4a4_top_mac_muladd_4s_4s_8s_9_4_1_DSP48_0_U/b_reg_reg' and it is trimmed from '18' to '9' bits. [D:/GitHub/vivado/vivado/F_Quantization_W8A8/Vivado_W4A4_LC2_Impl_Patch/extracted_ip/hdl/verilog/lenet_w4a4_top_mac_muladd_4s_4s_8s_9_4_1.v:31]
WARNING: [Synth 8-3936] Found unconnected internal register 'sext_ln178_7_cast_reg_1619_reg' and it is trimmed from '8' to '4' bits. [D:/GitHub/vivado/vivado/F_Quantization_W8A8/Vivado_W4A4_LC2_Impl_Patch/extracted_ip/hdl/verilog/lenet_w4a4_top_lenet_w4a4_top_Pipeline_OUT_ROW_OUT_COL.v:1097]
WARNING: [Synth 8-3936] Found unconnected internal register 'mac_muladd_4s_4s_8s_9_4_1_U24/lenet_w4a4_top_mac_muladd_4s_4s_8s_9_4_1_DSP48_0_U/b_reg_reg' and it is trimmed from '18' to '9' bits. [D:/GitHub/vivado/vivado/F_Quantization_W8A8/Vivado_W4A4_LC2_Impl_Patch/extracted_ip/hdl/verilog/lenet_w4a4_top_mac_muladd_4s_4s_8s_9_4_1.v:31]
WARNING: [Synth 8-3936] Found unconnected internal register 'sext_ln172_8_cast_reg_1604_reg' and it is trimmed from '8' to '4' bits. [D:/GitHub/vivado/vivado/F_Quantization_W8A8/Vivado_W4A4_LC2_Impl_Patch/extracted_ip/hdl/verilog/lenet_w4a4_top_lenet_w4a4_top_Pipeline_OUT_ROW_OUT_COL.v:1086]
WARNING: [Synth 8-3936] Found unconnected internal register 'sext_ln172_10_cast_reg_1584_reg' and it is trimmed from '8' to '4' bits. [D:/GitHub/vivado/vivado/F_Quantization_W8A8/Vivado_W4A4_LC2_Impl_Patch/extracted_ip/hdl/verilog/lenet_w4a4_top_lenet_w4a4_top_Pipeline_OUT_ROW_OUT_COL.v:1077]
WARNING: [Synth 8-3936] Found unconnected internal register 'mac_muladd_4s_4s_8s_9_4_1_U25/lenet_w4a4_top_mac_muladd_4s_4s_8s_9_4_1_DSP48_0_U/m_reg_reg' and it is trimmed from '43' to '9' bits. [D:/GitHub/vivado/vivado/F_Quantization_W8A8/Vivado_W4A4_LC2_Impl_Patch/extracted_ip/hdl/verilog/lenet_w4a4_top_mac_muladd_4s_4s_8s_9_4_1.v:32]
WARNING: [Synth 8-3936] Found unconnected internal register 'mac_muladd_4s_4s_8s_9_4_1_U25/lenet_w4a4_top_mac_muladd_4s_4s_8s_9_4_1_DSP48_0_U/b_reg_reg' and it is trimmed from '18' to '9' bits. [D:/GitHub/vivado/vivado/F_Quantization_W8A8/Vivado_W4A4_LC2_Impl_Patch/extracted_ip/hdl/verilog/lenet_w4a4_top_mac_muladd_4s_4s_8s_9_4_1.v:31]
WARNING: [Synth 8-3936] Found unconnected internal register 'sext_ln178_10_cast_reg_1589_reg' and it is trimmed from '8' to '4' bits. [D:/GitHub/vivado/vivado/F_Quantization_W8A8/Vivado_W4A4_LC2_Impl_Patch/extracted_ip/hdl/verilog/lenet_w4a4_top_lenet_w4a4_top_Pipeline_OUT_ROW_OUT_COL.v:1089]
WARNING: [Synth 8-3936] Found unconnected internal register 'sext_ln172_11_cast_reg_1574_reg' and it is trimmed from '8' to '4' bits. [D:/GitHub/vivado/vivado/F_Quantization_W8A8/Vivado_W4A4_LC2_Impl_Patch/extracted_ip/hdl/verilog/lenet_w4a4_top_lenet_w4a4_top_Pipeline_OUT_ROW_OUT_COL.v:1078]
WARNING: [Synth 8-3936] Found unconnected internal register 'sext_ln178_cast_reg_1689_reg' and it is trimmed from '8' to '4' bits. [D:/GitHub/vivado/vivado/F_Quantization_W8A8/Vivado_W4A4_LC2_Impl_Patch/extracted_ip/hdl/verilog/lenet_w4a4_top_lenet_w4a4_top_Pipeline_OUT_ROW_OUT_COL.v:1100]
WARNING: [Synth 8-3936] Found unconnected internal register 'sext_ln178_2_cast_reg_1669_reg' and it is trimmed from '8' to '4' bits. [D:/GitHub/vivado/vivado/F_Quantization_W8A8/Vivado_W4A4_LC2_Impl_Patch/extracted_ip/hdl/verilog/lenet_w4a4_top_lenet_w4a4_top_Pipeline_OUT_ROW_OUT_COL.v:1092]
WARNING: [Synth 8-3936] Found unconnected internal register 'sext_ln172_3_cast_reg_1654_reg' and it is trimmed from '8' to '4' bits. [D:/GitHub/vivado/vivado/F_Quantization_W8A8/Vivado_W4A4_LC2_Impl_Patch/extracted_ip/hdl/verilog/lenet_w4a4_top_lenet_w4a4_top_Pipeline_OUT_ROW_OUT_COL.v:1081]
INFO: [Common 17-14] Message 'Synth 8-3936' appears 100 times and further instances of the messages will be disabled. Use the Tcl command set_msg_config to change the current settings.
DSP Report: Generating DSP mac_muladd_4s_4s_8s_9_4_1_U19/lenet_w4a4_top_mac_muladd_4s_4s_8s_9_4_1_DSP48_0_U/m_reg_reg, operation Mode is: (A2*B2)'.
DSP Report: register mac_muladd_4s_4s_8s_9_4_1_U19/lenet_w4a4_top_mac_muladd_4s_4s_8s_9_4_1_DSP48_0_U/m_reg_reg is absorbed into DSP mac_muladd_4s_4s_8s_9_4_1_U19/lenet_w4a4_top_mac_muladd_4s_4s_8s_9_4_1_DSP48_0_U/m_reg_reg.
DSP Report: register mac_muladd_4s_4s_8s_9_4_1_U19/lenet_w4a4_top_mac_muladd_4s_4s_8s_9_4_1_DSP48_0_U/a_reg_reg is absorbed into DSP mac_muladd_4s_4s_8s_9_4_1_U19/lenet_w4a4_top_mac_muladd_4s_4s_8s_9_4_1_DSP48_0_U/m_reg_reg.
DSP Report: register mac_muladd_4s_4s_8s_9_4_1_U19/lenet_w4a4_top_mac_muladd_4s_4s_8s_9_4_1_DSP48_0_U/m_reg_reg is absorbed into DSP mac_muladd_4s_4s_8s_9_4_1_U19/lenet_w4a4_top_mac_muladd_4s_4s_8s_9_4_1_DSP48_0_U/m_reg_reg.
DSP Report: operator mac_muladd_4s_4s_8s_9_4_1_U19/lenet_w4a4_top_mac_muladd_4s_4s_8s_9_4_1_DSP48_0_U/m is absorbed into DSP mac_muladd_4s_4s_8s_9_4_1_U19/lenet_w4a4_top_mac_muladd_4s_4s_8s_9_4_1_DSP48_0_U/m_reg_reg.
DSP Report: Generating DSP mac_muladd_4s_4s_8s_9_4_1_U19/lenet_w4a4_top_mac_muladd_4s_4s_8s_9_4_1_DSP48_0_U/p_reg_reg, operation Mode is: (PCIN+(A2*B)')'.
DSP Report: register input_V_load_reg_1789_reg is absorbed into DSP mac_muladd_4s_4s_8s_9_4_1_U19/lenet_w4a4_top_mac_muladd_4s_4s_8s_9_4_1_DSP48_0_U/p_reg_reg.
DSP Report: register mac_muladd_4s_4s_8s_9_4_1_U19/lenet_w4a4_top_mac_muladd_4s_4s_8s_9_4_1_DSP48_0_U/p_reg_reg is absorbed into DSP mac_muladd_4s_4s_8s_9_4_1_U19/lenet_w4a4_top_mac_muladd_4s_4s_8s_9_4_1_DSP48_0_U/p_reg_reg.
DSP Report: register mul_ln840_reg_1974_reg is absorbed into DSP mac_muladd_4s_4s_8s_9_4_1_U19/lenet_w4a4_top_mac_muladd_4s_4s_8s_9_4_1_DSP48_0_U/p_reg_reg.
DSP Report: operator mac_muladd_4s_4s_8s_9_4_1_U19/lenet_w4a4_top_mac_muladd_4s_4s_8s_9_4_1_DSP48_0_U/p is absorbed into DSP mac_muladd_4s_4s_8s_9_4_1_U19/lenet_w4a4_top_mac_muladd_4s_4s_8s_9_4_1_DSP48_0_U/p_reg_reg.
DSP Report: operator mul_4s_4s_8_1_1_U10/dout is absorbed into DSP mac_muladd_4s_4s_8s_9_4_1_U19/lenet_w4a4_top_mac_muladd_4s_4s_8s_9_4_1_DSP48_0_U/p_reg_reg.
DSP Report: Generating DSP mac_muladd_4s_4s_9s_9_4_1_U26/lenet_w4a4_top_mac_muladd_4s_4s_9s_9_4_1_DSP48_1_U/p_reg_reg, operation Mode is: (PCIN+(A''*B2)')'.
DSP Report: register mac_muladd_4s_4s_9s_9_4_1_U26/lenet_w4a4_top_mac_muladd_4s_4s_9s_9_4_1_DSP48_1_U/p_reg_reg is absorbed into DSP mac_muladd_4s_4s_9s_9_4_1_U26/lenet_w4a4_top_mac_muladd_4s_4s_9s_9_4_1_DSP48_1_U/p_reg_reg.
DSP Report: register mac_muladd_4s_4s_9s_9_4_1_U26/lenet_w4a4_top_mac_muladd_4s_4s_9s_9_4_1_DSP48_1_U/p_reg_reg is absorbed into DSP mac_muladd_4s_4s_9s_9_4_1_U26/lenet_w4a4_top_mac_muladd_4s_4s_9s_9_4_1_DSP48_1_U/p_reg_reg.
DSP Report: register mac_muladd_4s_4s_9s_9_4_1_U26/lenet_w4a4_top_mac_muladd_4s_4s_9s_9_4_1_DSP48_1_U/p_reg_reg is absorbed into DSP mac_muladd_4s_4s_9s_9_4_1_U26/lenet_w4a4_top_mac_muladd_4s_4s_9s_9_4_1_DSP48_1_U/p_reg_reg.
DSP Report: register mac_muladd_4s_4s_9s_9_4_1_U26/lenet_w4a4_top_mac_muladd_4s_4s_9s_9_4_1_DSP48_1_U/p_reg_reg is absorbed into DSP mac_muladd_4s_4s_9s_9_4_1_U26/lenet_w4a4_top_mac_muladd_4s_4s_9s_9_4_1_DSP48_1_U/p_reg_reg.
DSP Report: register mac_muladd_4s_4s_9s_9_4_1_U26/lenet_w4a4_top_mac_muladd_4s_4s_9s_9_4_1_DSP48_1_U/m_reg_reg is absorbed into DSP mac_muladd_4s_4s_9s_9_4_1_U26/lenet_w4a4_top_mac_muladd_4s_4s_9s_9_4_1_DSP48_1_U/p_reg_reg.
DSP Report: operator mac_muladd_4s_4s_9s_9_4_1_U26/lenet_w4a4_top_mac_muladd_4s_4s_9s_9_4_1_DSP48_1_U/p is absorbed into DSP mac_muladd_4s_4s_9s_9_4_1_U26/lenet_w4a4_top_mac_muladd_4s_4s_9s_9_4_1_DSP48_1_U/p_reg_reg.
DSP Report: operator mac_muladd_4s_4s_9s_9_4_1_U26/lenet_w4a4_top_mac_muladd_4s_4s_9s_9_4_1_DSP48_1_U/m is absorbed into DSP mac_muladd_4s_4s_9s_9_4_1_U26/lenet_w4a4_top_mac_muladd_4s_4s_9s_9_4_1_DSP48_1_U/p_reg_reg.
DSP Report: Generating DSP mac_muladd_4s_4s_8s_9_4_1_U18/lenet_w4a4_top_mac_muladd_4s_4s_8s_9_4_1_DSP48_0_U/m_reg_reg, operation Mode is: (A2*B2)'.
DSP Report: register mac_muladd_4s_4s_8s_9_4_1_U18/lenet_w4a4_top_mac_muladd_4s_4s_8s_9_4_1_DSP48_0_U/m_reg_reg is absorbed into DSP mac_muladd_4s_4s_8s_9_4_1_U18/lenet_w4a4_top_mac_muladd_4s_4s_8s_9_4_1_DSP48_0_U/m_reg_reg.
DSP Report: register mac_muladd_4s_4s_8s_9_4_1_U18/lenet_w4a4_top_mac_muladd_4s_4s_8s_9_4_1_DSP48_0_U/a_reg_reg is absorbed into DSP mac_muladd_4s_4s_8s_9_4_1_U18/lenet_w4a4_top_mac_muladd_4s_4s_8s_9_4_1_DSP48_0_U/m_reg_reg.
DSP Report: register mac_muladd_4s_4s_8s_9_4_1_U18/lenet_w4a4_top_mac_muladd_4s_4s_8s_9_4_1_DSP48_0_U/m_reg_reg is absorbed into DSP mac_muladd_4s_4s_8s_9_4_1_U18/lenet_w4a4_top_mac_muladd_4s_4s_8s_9_4_1_DSP48_0_U/m_reg_reg.
DSP Report: operator mac_muladd_4s_4s_8s_9_4_1_U18/lenet_w4a4_top_mac_muladd_4s_4s_8s_9_4_1_DSP48_0_U/m is absorbed into DSP mac_muladd_4s_4s_8s_9_4_1_U18/lenet_w4a4_top_mac_muladd_4s_4s_8s_9_4_1_DSP48_0_U/m_reg_reg.
DSP Report: Generating DSP mac_muladd_4s_4s_8s_9_4_1_U18/lenet_w4a4_top_mac_muladd_4s_4s_8s_9_4_1_DSP48_0_U/p_reg_reg, operation Mode is: (PCIN+(A*B)')'.
DSP Report: register mac_muladd_4s_4s_8s_9_4_1_U18/lenet_w4a4_top_mac_muladd_4s_4s_8s_9_4_1_DSP48_0_U/p_reg_reg is absorbed into DSP mac_muladd_4s_4s_8s_9_4_1_U18/lenet_w4a4_top_mac_muladd_4s_4s_8s_9_4_1_DSP48_0_U/p_reg_reg.
DSP Report: register mul_ln840_4_reg_1884_reg is absorbed into DSP mac_muladd_4s_4s_8s_9_4_1_U18/lenet_w4a4_top_mac_muladd_4s_4s_8s_9_4_1_DSP48_0_U/p_reg_reg.
DSP Report: operator mac_muladd_4s_4s_8s_9_4_1_U18/lenet_w4a4_top_mac_muladd_4s_4s_8s_9_4_1_DSP48_0_U/p is absorbed into DSP mac_muladd_4s_4s_8s_9_4_1_U18/lenet_w4a4_top_mac_muladd_4s_4s_8s_9_4_1_DSP48_0_U/p_reg_reg.
DSP Report: operator mul_4s_4s_8_1_1_U9/dout is absorbed into DSP mac_muladd_4s_4s_8s_9_4_1_U18/lenet_w4a4_top_mac_muladd_4s_4s_8s_9_4_1_DSP48_0_U/p_reg_reg.
DSP Report: Generating DSP mac_muladd_4s_4s_9s_9_4_1_U20/lenet_w4a4_top_mac_muladd_4s_4s_9s_9_4_1_DSP48_1_U/p_reg_reg, operation Mode is: (PCIN+(A2*B2)')'.
DSP Report: register mac_muladd_4s_4s_9s_9_4_1_U20/lenet_w4a4_top_mac_muladd_4s_4s_9s_9_4_1_DSP48_1_U/p_reg_reg is absorbed into DSP mac_muladd_4s_4s_9s_9_4_1_U20/lenet_w4a4_top_mac_muladd_4s_4s_9s_9_4_1_DSP48_1_U/p_reg_reg.
DSP Report: register mac_muladd_4s_4s_8s_9_4_1_U18/lenet_w4a4_top_mac_muladd_4s_4s_8s_9_4_1_DSP48_0_U/a_reg_reg is absorbed into DSP mac_muladd_4s_4s_9s_9_4_1_U20/lenet_w4a4_top_mac_muladd_4s_4s_9s_9_4_1_DSP48_1_U/p_reg_reg.
DSP Report: register mac_muladd_4s_4s_9s_9_4_1_U20/lenet_w4a4_top_mac_muladd_4s_4s_9s_9_4_1_DSP48_1_U/p_reg_reg is absorbed into DSP mac_muladd_4s_4s_9s_9_4_1_U20/lenet_w4a4_top_mac_muladd_4s_4s_9s_9_4_1_DSP48_1_U/p_reg_reg.
DSP Report: register mac_muladd_4s_4s_9s_9_4_1_U20/lenet_w4a4_top_mac_muladd_4s_4s_9s_9_4_1_DSP48_1_U/m_reg_reg is absorbed into DSP mac_muladd_4s_4s_9s_9_4_1_U20/lenet_w4a4_top_mac_muladd_4s_4s_9s_9_4_1_DSP48_1_U/p_reg_reg.
DSP Report: operator mac_muladd_4s_4s_9s_9_4_1_U20/lenet_w4a4_top_mac_muladd_4s_4s_9s_9_4_1_DSP48_1_U/p is absorbed into DSP mac_muladd_4s_4s_9s_9_4_1_U20/lenet_w4a4_top_mac_muladd_4s_4s_9s_9_4_1_DSP48_1_U/p_reg_reg.
DSP Report: operator mac_muladd_4s_4s_9s_9_4_1_U20/lenet_w4a4_top_mac_muladd_4s_4s_9s_9_4_1_DSP48_1_U/m is absorbed into DSP mac_muladd_4s_4s_9s_9_4_1_U20/lenet_w4a4_top_mac_muladd_4s_4s_9s_9_4_1_DSP48_1_U/p_reg_reg.
DSP Report: Generating DSP mac_muladd_4s_4s_8s_9_4_1_U21/lenet_w4a4_top_mac_muladd_4s_4s_8s_9_4_1_DSP48_0_U/m_reg_reg, operation Mode is: (A2*B2)'.
DSP Report: register mac_muladd_4s_4s_8s_9_4_1_U21/lenet_w4a4_top_mac_muladd_4s_4s_8s_9_4_1_DSP48_0_U/m_reg_reg is absorbed into DSP mac_muladd_4s_4s_8s_9_4_1_U21/lenet_w4a4_top_mac_muladd_4s_4s_8s_9_4_1_DSP48_0_U/m_reg_reg.
DSP Report: register mac_muladd_4s_4s_8s_9_4_1_U21/lenet_w4a4_top_mac_muladd_4s_4s_8s_9_4_1_DSP48_0_U/a_reg_reg is absorbed into DSP mac_muladd_4s_4s_8s_9_4_1_U21/lenet_w4a4_top_mac_muladd_4s_4s_8s_9_4_1_DSP48_0_U/m_reg_reg.
DSP Report: register mac_muladd_4s_4s_8s_9_4_1_U21/lenet_w4a4_top_mac_muladd_4s_4s_8s_9_4_1_DSP48_0_U/m_reg_reg is absorbed into DSP mac_muladd_4s_4s_8s_9_4_1_U21/lenet_w4a4_top_mac_muladd_4s_4s_8s_9_4_1_DSP48_0_U/m_reg_reg.
DSP Report: operator mac_muladd_4s_4s_8s_9_4_1_U21/lenet_w4a4_top_mac_muladd_4s_4s_8s_9_4_1_DSP48_0_U/m is absorbed into DSP mac_muladd_4s_4s_8s_9_4_1_U21/lenet_w4a4_top_mac_muladd_4s_4s_8s_9_4_1_DSP48_0_U/m_reg_reg.
DSP Report: Generating DSP mac_muladd_4s_4s_8s_9_4_1_U21/lenet_w4a4_top_mac_muladd_4s_4s_8s_9_4_1_DSP48_0_U/p_reg_reg, operation Mode is: (PCIN+A2*B)'.
DSP Report: register input_V_load_7_reg_1889_reg is absorbed into DSP mac_muladd_4s_4s_8s_9_4_1_U21/lenet_w4a4_top_mac_muladd_4s_4s_8s_9_4_1_DSP48_0_U/p_reg_reg.
DSP Report: register mac_muladd_4s_4s_8s_9_4_1_U21/lenet_w4a4_top_mac_muladd_4s_4s_8s_9_4_1_DSP48_0_U/p_reg_reg is absorbed into DSP mac_muladd_4s_4s_8s_9_4_1_U21/lenet_w4a4_top_mac_muladd_4s_4s_8s_9_4_1_DSP48_0_U/p_reg_reg.
DSP Report: operator mac_muladd_4s_4s_8s_9_4_1_U21/lenet_w4a4_top_mac_muladd_4s_4s_8s_9_4_1_DSP48_0_U/p is absorbed into DSP mac_muladd_4s_4s_8s_9_4_1_U21/lenet_w4a4_top_mac_muladd_4s_4s_8s_9_4_1_DSP48_0_U/p_reg_reg.
DSP Report: operator mul_4s_4s_8_1_1_U14/dout is absorbed into DSP mac_muladd_4s_4s_8s_9_4_1_U21/lenet_w4a4_top_mac_muladd_4s_4s_8s_9_4_1_DSP48_0_U/p_reg_reg.
DSP Report: Generating DSP mac_muladd_4s_4s_9s_9_4_1_U27/lenet_w4a4_top_mac_muladd_4s_4s_9s_9_4_1_DSP48_1_U/p_reg_reg, operation Mode is: (PCIN+(A''*B2)')'.
DSP Report: register mac_muladd_4s_4s_9s_9_4_1_U27/lenet_w4a4_top_mac_muladd_4s_4s_9s_9_4_1_DSP48_1_U/p_reg_reg is absorbed into DSP mac_muladd_4s_4s_9s_9_4_1_U27/lenet_w4a4_top_mac_muladd_4s_4s_9s_9_4_1_DSP48_1_U/p_reg_reg.
DSP Report: register mac_muladd_4s_4s_9s_9_4_1_U27/lenet_w4a4_top_mac_muladd_4s_4s_9s_9_4_1_DSP48_1_U/p_reg_reg is absorbed into DSP mac_muladd_4s_4s_9s_9_4_1_U27/lenet_w4a4_top_mac_muladd_4s_4s_9s_9_4_1_DSP48_1_U/p_reg_reg.
DSP Report: register mac_muladd_4s_4s_9s_9_4_1_U27/lenet_w4a4_top_mac_muladd_4s_4s_9s_9_4_1_DSP48_1_U/p_reg_reg is absorbed into DSP mac_muladd_4s_4s_9s_9_4_1_U27/lenet_w4a4_top_mac_muladd_4s_4s_9s_9_4_1_DSP48_1_U/p_reg_reg.
DSP Report: register mac_muladd_4s_4s_9s_9_4_1_U27/lenet_w4a4_top_mac_muladd_4s_4s_9s_9_4_1_DSP48_1_U/p_reg_reg is absorbed into DSP mac_muladd_4s_4s_9s_9_4_1_U27/lenet_w4a4_top_mac_muladd_4s_4s_9s_9_4_1_DSP48_1_U/p_reg_reg.
DSP Report: register mac_muladd_4s_4s_9s_9_4_1_U27/lenet_w4a4_top_mac_muladd_4s_4s_9s_9_4_1_DSP48_1_U/m_reg_reg is absorbed into DSP mac_muladd_4s_4s_9s_9_4_1_U27/lenet_w4a4_top_mac_muladd_4s_4s_9s_9_4_1_DSP48_1_U/p_reg_reg.
DSP Report: operator mac_muladd_4s_4s_9s_9_4_1_U27/lenet_w4a4_top_mac_muladd_4s_4s_9s_9_4_1_DSP48_1_U/p is absorbed into DSP mac_muladd_4s_4s_9s_9_4_1_U27/lenet_w4a4_top_mac_muladd_4s_4s_9s_9_4_1_DSP48_1_U/p_reg_reg.
DSP Report: operator mac_muladd_4s_4s_9s_9_4_1_U27/lenet_w4a4_top_mac_muladd_4s_4s_9s_9_4_1_DSP48_1_U/m is absorbed into DSP mac_muladd_4s_4s_9s_9_4_1_U27/lenet_w4a4_top_mac_muladd_4s_4s_9s_9_4_1_DSP48_1_U/p_reg_reg.
DSP Report: Generating DSP mac_muladd_4s_4s_8s_9_4_1_U22/lenet_w4a4_top_mac_muladd_4s_4s_8s_9_4_1_DSP48_0_U/m_reg_reg, operation Mode is: (A2*B2)'.
DSP Report: register mac_muladd_4s_4s_8s_9_4_1_U22/lenet_w4a4_top_mac_muladd_4s_4s_8s_9_4_1_DSP48_0_U/m_reg_reg is absorbed into DSP mac_muladd_4s_4s_8s_9_4_1_U22/lenet_w4a4_top_mac_muladd_4s_4s_8s_9_4_1_DSP48_0_U/m_reg_reg.
DSP Report: register mac_muladd_4s_4s_8s_9_4_1_U22/lenet_w4a4_top_mac_muladd_4s_4s_8s_9_4_1_DSP48_0_U/a_reg_reg is absorbed into DSP mac_muladd_4s_4s_8s_9_4_1_U22/lenet_w4a4_top_mac_muladd_4s_4s_8s_9_4_1_DSP48_0_U/m_reg_reg.
DSP Report: register mac_muladd_4s_4s_8s_9_4_1_U22/lenet_w4a4_top_mac_muladd_4s_4s_8s_9_4_1_DSP48_0_U/m_reg_reg is absorbed into DSP mac_muladd_4s_4s_8s_9_4_1_U22/lenet_w4a4_top_mac_muladd_4s_4s_8s_9_4_1_DSP48_0_U/m_reg_reg.
DSP Report: operator mac_muladd_4s_4s_8s_9_4_1_U22/lenet_w4a4_top_mac_muladd_4s_4s_8s_9_4_1_DSP48_0_U/m is absorbed into DSP mac_muladd_4s_4s_8s_9_4_1_U22/lenet_w4a4_top_mac_muladd_4s_4s_8s_9_4_1_DSP48_0_U/m_reg_reg.
DSP Report: Generating DSP mac_muladd_4s_4s_8s_9_4_1_U22/lenet_w4a4_top_mac_muladd_4s_4s_8s_9_4_1_DSP48_0_U/p_reg_reg, operation Mode is: (PCIN+(A2*B)')'.
DSP Report: register input_V_load_10_reg_1839_reg is absorbed into DSP mac_muladd_4s_4s_8s_9_4_1_U22/lenet_w4a4_top_mac_muladd_4s_4s_8s_9_4_1_DSP48_0_U/p_reg_reg.
DSP Report: register mac_muladd_4s_4s_8s_9_4_1_U22/lenet_w4a4_top_mac_muladd_4s_4s_8s_9_4_1_DSP48_0_U/p_reg_reg is absorbed into DSP mac_muladd_4s_4s_8s_9_4_1_U22/lenet_w4a4_top_mac_muladd_4s_4s_8s_9_4_1_DSP48_0_U/p_reg_reg.
DSP Report: register mul_ln840_10_reg_1999_reg is absorbed into DSP mac_muladd_4s_4s_8s_9_4_1_U22/lenet_w4a4_top_mac_muladd_4s_4s_8s_9_4_1_DSP48_0_U/p_reg_reg.
DSP Report: operator mac_muladd_4s_4s_8s_9_4_1_U22/lenet_w4a4_top_mac_muladd_4s_4s_8s_9_4_1_DSP48_0_U/p is absorbed into DSP mac_muladd_4s_4s_8s_9_4_1_U22/lenet_w4a4_top_mac_muladd_4s_4s_8s_9_4_1_DSP48_0_U/p_reg_reg.
DSP Report: operator mul_4s_4s_8_1_1_U11/dout is absorbed into DSP mac_muladd_4s_4s_8s_9_4_1_U22/lenet_w4a4_top_mac_muladd_4s_4s_8s_9_4_1_DSP48_0_U/p_reg_reg.
DSP Report: Generating DSP mac_muladd_4s_4s_9s_9_4_1_U28/lenet_w4a4_top_mac_muladd_4s_4s_9s_9_4_1_DSP48_1_U/p_reg_reg, operation Mode is: (PCIN+(A''*B2)')'.
DSP Report: register mac_muladd_4s_4s_9s_9_4_1_U28/lenet_w4a4_top_mac_muladd_4s_4s_9s_9_4_1_DSP48_1_U/p_reg_reg is absorbed into DSP mac_muladd_4s_4s_9s_9_4_1_U28/lenet_w4a4_top_mac_muladd_4s_4s_9s_9_4_1_DSP48_1_U/p_reg_reg.
DSP Report: register mac_muladd_4s_4s_9s_9_4_1_U28/lenet_w4a4_top_mac_muladd_4s_4s_9s_9_4_1_DSP48_1_U/p_reg_reg is absorbed into DSP mac_muladd_4s_4s_9s_9_4_1_U28/lenet_w4a4_top_mac_muladd_4s_4s_9s_9_4_1_DSP48_1_U/p_reg_reg.
DSP Report: register mac_muladd_4s_4s_9s_9_4_1_U28/lenet_w4a4_top_mac_muladd_4s_4s_9s_9_4_1_DSP48_1_U/p_reg_reg is absorbed into DSP mac_muladd_4s_4s_9s_9_4_1_U28/lenet_w4a4_top_mac_muladd_4s_4s_9s_9_4_1_DSP48_1_U/p_reg_reg.
DSP Report: register mac_muladd_4s_4s_9s_9_4_1_U28/lenet_w4a4_top_mac_muladd_4s_4s_9s_9_4_1_DSP48_1_U/p_reg_reg is absorbed into DSP mac_muladd_4s_4s_9s_9_4_1_U28/lenet_w4a4_top_mac_muladd_4s_4s_9s_9_4_1_DSP48_1_U/p_reg_reg.
DSP Report: register mac_muladd_4s_4s_9s_9_4_1_U28/lenet_w4a4_top_mac_muladd_4s_4s_9s_9_4_1_DSP48_1_U/m_reg_reg is absorbed into DSP mac_muladd_4s_4s_9s_9_4_1_U28/lenet_w4a4_top_mac_muladd_4s_4s_9s_9_4_1_DSP48_1_U/p_reg_reg.
DSP Report: operator mac_muladd_4s_4s_9s_9_4_1_U28/lenet_w4a4_top_mac_muladd_4s_4s_9s_9_4_1_DSP48_1_U/p is absorbed into DSP mac_muladd_4s_4s_9s_9_4_1_U28/lenet_w4a4_top_mac_muladd_4s_4s_9s_9_4_1_DSP48_1_U/p_reg_reg.
DSP Report: operator mac_muladd_4s_4s_9s_9_4_1_U28/lenet_w4a4_top_mac_muladd_4s_4s_9s_9_4_1_DSP48_1_U/m is absorbed into DSP mac_muladd_4s_4s_9s_9_4_1_U28/lenet_w4a4_top_mac_muladd_4s_4s_9s_9_4_1_DSP48_1_U/p_reg_reg.
DSP Report: Generating DSP mac_muladd_4s_4s_8s_9_4_1_U23/lenet_w4a4_top_mac_muladd_4s_4s_8s_9_4_1_DSP48_0_U/m_reg_reg, operation Mode is: (A2*B2)'.
DSP Report: register mac_muladd_4s_4s_8s_9_4_1_U23/lenet_w4a4_top_mac_muladd_4s_4s_8s_9_4_1_DSP48_0_U/m_reg_reg is absorbed into DSP mac_muladd_4s_4s_8s_9_4_1_U23/lenet_w4a4_top_mac_muladd_4s_4s_8s_9_4_1_DSP48_0_U/m_reg_reg.
DSP Report: register mac_muladd_4s_4s_8s_9_4_1_U23/lenet_w4a4_top_mac_muladd_4s_4s_8s_9_4_1_DSP48_0_U/a_reg_reg is absorbed into DSP mac_muladd_4s_4s_8s_9_4_1_U23/lenet_w4a4_top_mac_muladd_4s_4s_8s_9_4_1_DSP48_0_U/m_reg_reg.
DSP Report: register mac_muladd_4s_4s_8s_9_4_1_U23/lenet_w4a4_top_mac_muladd_4s_4s_8s_9_4_1_DSP48_0_U/m_reg_reg is absorbed into DSP mac_muladd_4s_4s_8s_9_4_1_U23/lenet_w4a4_top_mac_muladd_4s_4s_8s_9_4_1_DSP48_0_U/m_reg_reg.
DSP Report: operator mac_muladd_4s_4s_8s_9_4_1_U23/lenet_w4a4_top_mac_muladd_4s_4s_8s_9_4_1_DSP48_0_U/m is absorbed into DSP mac_muladd_4s_4s_8s_9_4_1_U23/lenet_w4a4_top_mac_muladd_4s_4s_8s_9_4_1_DSP48_0_U/m_reg_reg.
DSP Report: Generating DSP mac_muladd_4s_4s_8s_9_4_1_U23/lenet_w4a4_top_mac_muladd_4s_4s_8s_9_4_1_DSP48_0_U/p_reg_reg, operation Mode is: (PCIN+A2*B)'.
DSP Report: register input_V_load_13_reg_1914_reg is absorbed into DSP mac_muladd_4s_4s_8s_9_4_1_U23/lenet_w4a4_top_mac_muladd_4s_4s_8s_9_4_1_DSP48_0_U/p_reg_reg.
DSP Report: register mac_muladd_4s_4s_8s_9_4_1_U23/lenet_w4a4_top_mac_muladd_4s_4s_8s_9_4_1_DSP48_0_U/p_reg_reg is absorbed into DSP mac_muladd_4s_4s_8s_9_4_1_U23/lenet_w4a4_top_mac_muladd_4s_4s_8s_9_4_1_DSP48_0_U/p_reg_reg.
DSP Report: operator mac_muladd_4s_4s_8s_9_4_1_U23/lenet_w4a4_top_mac_muladd_4s_4s_8s_9_4_1_DSP48_0_U/p is absorbed into DSP mac_muladd_4s_4s_8s_9_4_1_U23/lenet_w4a4_top_mac_muladd_4s_4s_8s_9_4_1_DSP48_0_U/p_reg_reg.
DSP Report: operator mul_4s_4s_8_1_1_U15/dout is absorbed into DSP mac_muladd_4s_4s_8s_9_4_1_U23/lenet_w4a4_top_mac_muladd_4s_4s_8s_9_4_1_DSP48_0_U/p_reg_reg.
DSP Report: Generating DSP mac_muladd_4s_4s_9s_9_4_1_U29/lenet_w4a4_top_mac_muladd_4s_4s_9s_9_4_1_DSP48_1_U/p_reg_reg, operation Mode is: (PCIN+(A''*B2)')'.
DSP Report: register mac_muladd_4s_4s_9s_9_4_1_U29/lenet_w4a4_top_mac_muladd_4s_4s_9s_9_4_1_DSP48_1_U/p_reg_reg is absorbed into DSP mac_muladd_4s_4s_9s_9_4_1_U29/lenet_w4a4_top_mac_muladd_4s_4s_9s_9_4_1_DSP48_1_U/p_reg_reg.
DSP Report: register mac_muladd_4s_4s_9s_9_4_1_U29/lenet_w4a4_top_mac_muladd_4s_4s_9s_9_4_1_DSP48_1_U/p_reg_reg is absorbed into DSP mac_muladd_4s_4s_9s_9_4_1_U29/lenet_w4a4_top_mac_muladd_4s_4s_9s_9_4_1_DSP48_1_U/p_reg_reg.
DSP Report: register mac_muladd_4s_4s_9s_9_4_1_U29/lenet_w4a4_top_mac_muladd_4s_4s_9s_9_4_1_DSP48_1_U/p_reg_reg is absorbed into DSP mac_muladd_4s_4s_9s_9_4_1_U29/lenet_w4a4_top_mac_muladd_4s_4s_9s_9_4_1_DSP48_1_U/p_reg_reg.
DSP Report: register mac_muladd_4s_4s_9s_9_4_1_U29/lenet_w4a4_top_mac_muladd_4s_4s_9s_9_4_1_DSP48_1_U/p_reg_reg is absorbed into DSP mac_muladd_4s_4s_9s_9_4_1_U29/lenet_w4a4_top_mac_muladd_4s_4s_9s_9_4_1_DSP48_1_U/p_reg_reg.
DSP Report: register mac_muladd_4s_4s_9s_9_4_1_U29/lenet_w4a4_top_mac_muladd_4s_4s_9s_9_4_1_DSP48_1_U/m_reg_reg is absorbed into DSP mac_muladd_4s_4s_9s_9_4_1_U29/lenet_w4a4_top_mac_muladd_4s_4s_9s_9_4_1_DSP48_1_U/p_reg_reg.
DSP Report: operator mac_muladd_4s_4s_9s_9_4_1_U29/lenet_w4a4_top_mac_muladd_4s_4s_9s_9_4_1_DSP48_1_U/p is absorbed into DSP mac_muladd_4s_4s_9s_9_4_1_U29/lenet_w4a4_top_mac_muladd_4s_4s_9s_9_4_1_DSP48_1_U/p_reg_reg.
DSP Report: operator mac_muladd_4s_4s_9s_9_4_1_U29/lenet_w4a4_top_mac_muladd_4s_4s_9s_9_4_1_DSP48_1_U/m is absorbed into DSP mac_muladd_4s_4s_9s_9_4_1_U29/lenet_w4a4_top_mac_muladd_4s_4s_9s_9_4_1_DSP48_1_U/p_reg_reg.
DSP Report: Generating DSP mac_muladd_4s_4s_8s_9_4_1_U24/lenet_w4a4_top_mac_muladd_4s_4s_8s_9_4_1_DSP48_0_U/m_reg_reg, operation Mode is: (A2*B2)'.
DSP Report: register mac_muladd_4s_4s_8s_9_4_1_U24/lenet_w4a4_top_mac_muladd_4s_4s_8s_9_4_1_DSP48_0_U/m_reg_reg is absorbed into DSP mac_muladd_4s_4s_8s_9_4_1_U24/lenet_w4a4_top_mac_muladd_4s_4s_8s_9_4_1_DSP48_0_U/m_reg_reg.
DSP Report: register mac_muladd_4s_4s_8s_9_4_1_U24/lenet_w4a4_top_mac_muladd_4s_4s_8s_9_4_1_DSP48_0_U/a_reg_reg is absorbed into DSP mac_muladd_4s_4s_8s_9_4_1_U24/lenet_w4a4_top_mac_muladd_4s_4s_8s_9_4_1_DSP48_0_U/m_reg_reg.
DSP Report: register mac_muladd_4s_4s_8s_9_4_1_U24/lenet_w4a4_top_mac_muladd_4s_4s_8s_9_4_1_DSP48_0_U/m_reg_reg is absorbed into DSP mac_muladd_4s_4s_8s_9_4_1_U24/lenet_w4a4_top_mac_muladd_4s_4s_8s_9_4_1_DSP48_0_U/m_reg_reg.
DSP Report: operator mac_muladd_4s_4s_8s_9_4_1_U24/lenet_w4a4_top_mac_muladd_4s_4s_8s_9_4_1_DSP48_0_U/m is absorbed into DSP mac_muladd_4s_4s_8s_9_4_1_U24/lenet_w4a4_top_mac_muladd_4s_4s_8s_9_4_1_DSP48_0_U/m_reg_reg.
DSP Report: Generating DSP mac_muladd_4s_4s_8s_9_4_1_U24/lenet_w4a4_top_mac_muladd_4s_4s_8s_9_4_1_DSP48_0_U/p_reg_reg, operation Mode is: (PCIN+(A*B)')'.
DSP Report: register mac_muladd_4s_4s_8s_9_4_1_U24/lenet_w4a4_top_mac_muladd_4s_4s_8s_9_4_1_DSP48_0_U/p_reg_reg is absorbed into DSP mac_muladd_4s_4s_8s_9_4_1_U24/lenet_w4a4_top_mac_muladd_4s_4s_8s_9_4_1_DSP48_0_U/p_reg_reg.
DSP Report: register mul_ln840_16_reg_2009_reg is absorbed into DSP mac_muladd_4s_4s_8s_9_4_1_U24/lenet_w4a4_top_mac_muladd_4s_4s_8s_9_4_1_DSP48_0_U/p_reg_reg.
DSP Report: operator mac_muladd_4s_4s_8s_9_4_1_U24/lenet_w4a4_top_mac_muladd_4s_4s_8s_9_4_1_DSP48_0_U/p is absorbed into DSP mac_muladd_4s_4s_8s_9_4_1_U24/lenet_w4a4_top_mac_muladd_4s_4s_8s_9_4_1_DSP48_0_U/p_reg_reg.
DSP Report: operator mul_4s_4s_8_1_1_U12/dout is absorbed into DSP mac_muladd_4s_4s_8s_9_4_1_U24/lenet_w4a4_top_mac_muladd_4s_4s_8s_9_4_1_DSP48_0_U/p_reg_reg.
DSP Report: Generating DSP mac_muladd_4s_4s_9s_9_4_1_U33/lenet_w4a4_top_mac_muladd_4s_4s_9s_9_4_1_DSP48_1_U/p_reg_reg, operation Mode is: (C'+(A''*B2)')'.
DSP Report: register mac_muladd_4s_4s_9s_9_4_1_U33/lenet_w4a4_top_mac_muladd_4s_4s_9s_9_4_1_DSP48_1_U/p_reg_reg is absorbed into DSP mac_muladd_4s_4s_9s_9_4_1_U33/lenet_w4a4_top_mac_muladd_4s_4s_9s_9_4_1_DSP48_1_U/p_reg_reg.
DSP Report: register mac_muladd_4s_4s_9s_9_4_1_U33/lenet_w4a4_top_mac_muladd_4s_4s_9s_9_4_1_DSP48_1_U/p_reg_reg is absorbed into DSP mac_muladd_4s_4s_9s_9_4_1_U33/lenet_w4a4_top_mac_muladd_4s_4s_9s_9_4_1_DSP48_1_U/p_reg_reg.
DSP Report: register mac_muladd_4s_4s_9s_9_4_1_U33/lenet_w4a4_top_mac_muladd_4s_4s_9s_9_4_1_DSP48_1_U/p_reg_reg is absorbed into DSP mac_muladd_4s_4s_9s_9_4_1_U33/lenet_w4a4_top_mac_muladd_4s_4s_9s_9_4_1_DSP48_1_U/p_reg_reg.
DSP Report: register add_ln840_16_reg_2119_reg is absorbed into DSP mac_muladd_4s_4s_9s_9_4_1_U33/lenet_w4a4_top_mac_muladd_4s_4s_9s_9_4_1_DSP48_1_U/p_reg_reg.
DSP Report: register mac_muladd_4s_4s_9s_9_4_1_U33/lenet_w4a4_top_mac_muladd_4s_4s_9s_9_4_1_DSP48_1_U/p_reg_reg is absorbed into DSP mac_muladd_4s_4s_9s_9_4_1_U33/lenet_w4a4_top_mac_muladd_4s_4s_9s_9_4_1_DSP48_1_U/p_reg_reg.
DSP Report: register mac_muladd_4s_4s_9s_9_4_1_U33/lenet_w4a4_top_mac_muladd_4s_4s_9s_9_4_1_DSP48_1_U/m_reg_reg is absorbed into DSP mac_muladd_4s_4s_9s_9_4_1_U33/lenet_w4a4_top_mac_muladd_4s_4s_9s_9_4_1_DSP48_1_U/p_reg_reg.
DSP Report: operator mac_muladd_4s_4s_9s_9_4_1_U33/lenet_w4a4_top_mac_muladd_4s_4s_9s_9_4_1_DSP48_1_U/p is absorbed into DSP mac_muladd_4s_4s_9s_9_4_1_U33/lenet_w4a4_top_mac_muladd_4s_4s_9s_9_4_1_DSP48_1_U/p_reg_reg.
DSP Report: operator mac_muladd_4s_4s_9s_9_4_1_U33/lenet_w4a4_top_mac_muladd_4s_4s_9s_9_4_1_DSP48_1_U/m is absorbed into DSP mac_muladd_4s_4s_9s_9_4_1_U33/lenet_w4a4_top_mac_muladd_4s_4s_9s_9_4_1_DSP48_1_U/p_reg_reg.
DSP Report: Generating DSP mac_muladd_4s_4s_8s_9_4_1_U31/lenet_w4a4_top_mac_muladd_4s_4s_8s_9_4_1_DSP48_0_U/m_reg_reg, operation Mode is: (A2*B2)'.
DSP Report: register mac_muladd_4s_4s_8s_9_4_1_U31/lenet_w4a4_top_mac_muladd_4s_4s_8s_9_4_1_DSP48_0_U/m_reg_reg is absorbed into DSP mac_muladd_4s_4s_8s_9_4_1_U31/lenet_w4a4_top_mac_muladd_4s_4s_8s_9_4_1_DSP48_0_U/m_reg_reg.
DSP Report: register mac_muladd_4s_4s_8s_9_4_1_U31/lenet_w4a4_top_mac_muladd_4s_4s_8s_9_4_1_DSP48_0_U/a_reg_reg is absorbed into DSP mac_muladd_4s_4s_8s_9_4_1_U31/lenet_w4a4_top_mac_muladd_4s_4s_8s_9_4_1_DSP48_0_U/m_reg_reg.
DSP Report: register mac_muladd_4s_4s_8s_9_4_1_U31/lenet_w4a4_top_mac_muladd_4s_4s_8s_9_4_1_DSP48_0_U/m_reg_reg is absorbed into DSP mac_muladd_4s_4s_8s_9_4_1_U31/lenet_w4a4_top_mac_muladd_4s_4s_8s_9_4_1_DSP48_0_U/m_reg_reg.
DSP Report: operator mac_muladd_4s_4s_8s_9_4_1_U31/lenet_w4a4_top_mac_muladd_4s_4s_8s_9_4_1_DSP48_0_U/m is absorbed into DSP mac_muladd_4s_4s_8s_9_4_1_U31/lenet_w4a4_top_mac_muladd_4s_4s_8s_9_4_1_DSP48_0_U/m_reg_reg.
DSP Report: Generating DSP mac_muladd_4s_4s_8s_9_4_1_U31/lenet_w4a4_top_mac_muladd_4s_4s_8s_9_4_1_DSP48_0_U/p_reg_reg, operation Mode is: (PCIN+A2*B)'.
DSP Report: register input_V_load_21_reg_2024_reg is absorbed into DSP mac_muladd_4s_4s_8s_9_4_1_U31/lenet_w4a4_top_mac_muladd_4s_4s_8s_9_4_1_DSP48_0_U/p_reg_reg.
DSP Report: register mac_muladd_4s_4s_8s_9_4_1_U31/lenet_w4a4_top_mac_muladd_4s_4s_8s_9_4_1_DSP48_0_U/p_reg_reg is absorbed into DSP mac_muladd_4s_4s_8s_9_4_1_U31/lenet_w4a4_top_mac_muladd_4s_4s_8s_9_4_1_DSP48_0_U/p_reg_reg.
DSP Report: operator mac_muladd_4s_4s_8s_9_4_1_U31/lenet_w4a4_top_mac_muladd_4s_4s_8s_9_4_1_DSP48_0_U/p is absorbed into DSP mac_muladd_4s_4s_8s_9_4_1_U31/lenet_w4a4_top_mac_muladd_4s_4s_8s_9_4_1_DSP48_0_U/p_reg_reg.
DSP Report: operator mul_4s_4s_8_1_1_U17/dout is absorbed into DSP mac_muladd_4s_4s_8s_9_4_1_U31/lenet_w4a4_top_mac_muladd_4s_4s_8s_9_4_1_DSP48_0_U/p_reg_reg.
DSP Report: Generating DSP mac_muladd_4s_4s_8s_9_4_1_U25/lenet_w4a4_top_mac_muladd_4s_4s_8s_9_4_1_DSP48_0_U/m_reg_reg, operation Mode is: (A''*B2)'.
DSP Report: register mac_muladd_4s_4s_8s_9_4_1_U25/lenet_w4a4_top_mac_muladd_4s_4s_8s_9_4_1_DSP48_0_U/m_reg_reg is absorbed into DSP mac_muladd_4s_4s_8s_9_4_1_U25/lenet_w4a4_top_mac_muladd_4s_4s_8s_9_4_1_DSP48_0_U/m_reg_reg.
DSP Report: register mac_muladd_4s_4s_8s_9_4_1_U25/lenet_w4a4_top_mac_muladd_4s_4s_8s_9_4_1_DSP48_0_U/m_reg_reg is absorbed into DSP mac_muladd_4s_4s_8s_9_4_1_U25/lenet_w4a4_top_mac_muladd_4s_4s_8s_9_4_1_DSP48_0_U/m_reg_reg.
DSP Report: register mac_muladd_4s_4s_8s_9_4_1_U25/lenet_w4a4_top_mac_muladd_4s_4s_8s_9_4_1_DSP48_0_U/m_reg_reg is absorbed into DSP mac_muladd_4s_4s_8s_9_4_1_U25/lenet_w4a4_top_mac_muladd_4s_4s_8s_9_4_1_DSP48_0_U/m_reg_reg.
DSP Report: register mac_muladd_4s_4s_8s_9_4_1_U25/lenet_w4a4_top_mac_muladd_4s_4s_8s_9_4_1_DSP48_0_U/m_reg_reg is absorbed into DSP mac_muladd_4s_4s_8s_9_4_1_U25/lenet_w4a4_top_mac_muladd_4s_4s_8s_9_4_1_DSP48_0_U/m_reg_reg.
DSP Report: operator mac_muladd_4s_4s_8s_9_4_1_U25/lenet_w4a4_top_mac_muladd_4s_4s_8s_9_4_1_DSP48_0_U/m is absorbed into DSP mac_muladd_4s_4s_8s_9_4_1_U25/lenet_w4a4_top_mac_muladd_4s_4s_8s_9_4_1_DSP48_0_U/m_reg_reg.
DSP Report: Generating DSP mac_muladd_4s_4s_8s_9_4_1_U25/lenet_w4a4_top_mac_muladd_4s_4s_8s_9_4_1_DSP48_0_U/p_reg_reg, operation Mode is: (PCIN+(A*B)')'.
DSP Report: register mac_muladd_4s_4s_8s_9_4_1_U25/lenet_w4a4_top_mac_muladd_4s_4s_8s_9_4_1_DSP48_0_U/p_reg_reg is absorbed into DSP mac_muladd_4s_4s_8s_9_4_1_U25/lenet_w4a4_top_mac_muladd_4s_4s_8s_9_4_1_DSP48_0_U/p_reg_reg.
DSP Report: register mul_ln840_19_reg_2019_reg is absorbed into DSP mac_muladd_4s_4s_8s_9_4_1_U25/lenet_w4a4_top_mac_muladd_4s_4s_8s_9_4_1_DSP48_0_U/p_reg_reg.
DSP Report: operator mac_muladd_4s_4s_8s_9_4_1_U25/lenet_w4a4_top_mac_muladd_4s_4s_8s_9_4_1_DSP48_0_U/p is absorbed into DSP mac_muladd_4s_4s_8s_9_4_1_U25/lenet_w4a4_top_mac_muladd_4s_4s_8s_9_4_1_DSP48_0_U/p_reg_reg.
DSP Report: operator mul_4s_4s_8_1_1_U13/dout is absorbed into DSP mac_muladd_4s_4s_8s_9_4_1_U25/lenet_w4a4_top_mac_muladd_4s_4s_8s_9_4_1_DSP48_0_U/p_reg_reg.
DSP Report: Generating DSP mac_muladd_4s_4s_9s_9_4_1_U30/lenet_w4a4_top_mac_muladd_4s_4s_9s_9_4_1_DSP48_1_U/p_reg_reg, operation Mode is: (PCIN+(A2*B2)')'.
DSP Report: register mac_muladd_4s_4s_9s_9_4_1_U30/lenet_w4a4_top_mac_muladd_4s_4s_9s_9_4_1_DSP48_1_U/p_reg_reg is absorbed into DSP mac_muladd_4s_4s_9s_9_4_1_U30/lenet_w4a4_top_mac_muladd_4s_4s_9s_9_4_1_DSP48_1_U/p_reg_reg.
DSP Report: register mac_muladd_4s_4s_9s_9_4_1_U30/lenet_w4a4_top_mac_muladd_4s_4s_9s_9_4_1_DSP48_1_U/a_reg_reg is absorbed into DSP mac_muladd_4s_4s_9s_9_4_1_U30/lenet_w4a4_top_mac_muladd_4s_4s_9s_9_4_1_DSP48_1_U/p_reg_reg.
DSP Report: register mac_muladd_4s_4s_9s_9_4_1_U30/lenet_w4a4_top_mac_muladd_4s_4s_9s_9_4_1_DSP48_1_U/p_reg_reg is absorbed into DSP mac_muladd_4s_4s_9s_9_4_1_U30/lenet_w4a4_top_mac_muladd_4s_4s_9s_9_4_1_DSP48_1_U/p_reg_reg.
DSP Report: register mac_muladd_4s_4s_9s_9_4_1_U30/lenet_w4a4_top_mac_muladd_4s_4s_9s_9_4_1_DSP48_1_U/m_reg_reg is absorbed into DSP mac_muladd_4s_4s_9s_9_4_1_U30/lenet_w4a4_top_mac_muladd_4s_4s_9s_9_4_1_DSP48_1_U/p_reg_reg.
DSP Report: operator mac_muladd_4s_4s_9s_9_4_1_U30/lenet_w4a4_top_mac_muladd_4s_4s_9s_9_4_1_DSP48_1_U/p is absorbed into DSP mac_muladd_4s_4s_9s_9_4_1_U30/lenet_w4a4_top_mac_muladd_4s_4s_9s_9_4_1_DSP48_1_U/p_reg_reg.
DSP Report: operator mac_muladd_4s_4s_9s_9_4_1_U30/lenet_w4a4_top_mac_muladd_4s_4s_9s_9_4_1_DSP48_1_U/m is absorbed into DSP mac_muladd_4s_4s_9s_9_4_1_U30/lenet_w4a4_top_mac_muladd_4s_4s_9s_9_4_1_DSP48_1_U/p_reg_reg.
DSP Report: Generating DSP mac_muladd_4s_4s_8s_9_4_1_U32/lenet_w4a4_top_mac_muladd_4s_4s_8s_9_4_1_DSP48_0_U/p_reg_reg, operation Mode is: (C+(A2*B2)')'.
DSP Report: register mac_muladd_4s_4s_8s_9_4_1_U32/lenet_w4a4_top_mac_muladd_4s_4s_8s_9_4_1_DSP48_0_U/p_reg_reg is absorbed into DSP mac_muladd_4s_4s_8s_9_4_1_U32/lenet_w4a4_top_mac_muladd_4s_4s_8s_9_4_1_DSP48_0_U/p_reg_reg.
DSP Report: register mac_muladd_4s_4s_8s_9_4_1_U24/lenet_w4a4_top_mac_muladd_4s_4s_8s_9_4_1_DSP48_0_U/a_reg_reg is absorbed into DSP mac_muladd_4s_4s_8s_9_4_1_U32/lenet_w4a4_top_mac_muladd_4s_4s_8s_9_4_1_DSP48_0_U/p_reg_reg.
DSP Report: register mac_muladd_4s_4s_8s_9_4_1_U32/lenet_w4a4_top_mac_muladd_4s_4s_8s_9_4_1_DSP48_0_U/p_reg_reg is absorbed into DSP mac_muladd_4s_4s_8s_9_4_1_U32/lenet_w4a4_top_mac_muladd_4s_4s_8s_9_4_1_DSP48_0_U/p_reg_reg.
DSP Report: register mac_muladd_4s_4s_8s_9_4_1_U32/lenet_w4a4_top_mac_muladd_4s_4s_8s_9_4_1_DSP48_0_U/m_reg_reg is absorbed into DSP mac_muladd_4s_4s_8s_9_4_1_U32/lenet_w4a4_top_mac_muladd_4s_4s_8s_9_4_1_DSP48_0_U/p_reg_reg.
DSP Report: operator mac_muladd_4s_4s_8s_9_4_1_U32/lenet_w4a4_top_mac_muladd_4s_4s_8s_9_4_1_DSP48_0_U/p is absorbed into DSP mac_muladd_4s_4s_8s_9_4_1_U32/lenet_w4a4_top_mac_muladd_4s_4s_8s_9_4_1_DSP48_0_U/p_reg_reg.
DSP Report: operator mac_muladd_4s_4s_8s_9_4_1_U32/lenet_w4a4_top_mac_muladd_4s_4s_8s_9_4_1_DSP48_0_U/m is absorbed into DSP mac_muladd_4s_4s_8s_9_4_1_U32/lenet_w4a4_top_mac_muladd_4s_4s_8s_9_4_1_DSP48_0_U/p_reg_reg.
DSP Report: Generating DSP mul_32ns_37ns_68_2_1_U89/tmp_product, operation Mode is: (A:0x13162)*B2.
DSP Report: register mul_32ns_37ns_68_2_1_U89/tmp_product is absorbed into DSP mul_32ns_37ns_68_2_1_U89/tmp_product.
DSP Report: operator mul_32ns_37ns_68_2_1_U89/tmp_product is absorbed into DSP mul_32ns_37ns_68_2_1_U89/tmp_product.
DSP Report: operator mul_32ns_37ns_68_2_1_U89/tmp_product is absorbed into DSP mul_32ns_37ns_68_2_1_U89/tmp_product.
DSP Report: Generating DSP mul_32ns_37ns_68_2_1_U89/dout_reg, operation Mode is: (PCIN>>17)+A*B2.
DSP Report: register mul_32ns_37ns_68_2_1_U89/dout_reg is absorbed into DSP mul_32ns_37ns_68_2_1_U89/dout_reg.
DSP Report: register mul_32ns_37ns_68_2_1_U89/dout_reg is absorbed into DSP mul_32ns_37ns_68_2_1_U89/dout_reg.
DSP Report: operator mul_32ns_37ns_68_2_1_U89/tmp_product is absorbed into DSP mul_32ns_37ns_68_2_1_U89/dout_reg.
DSP Report: operator mul_32ns_37ns_68_2_1_U89/tmp_product is absorbed into DSP mul_32ns_37ns_68_2_1_U89/dout_reg.
DSP Report: Generating DSP mul_32ns_37ns_68_2_1_U89/tmp_product, operation Mode is: A2*(B:0x13162).
DSP Report: register mul_32ns_37ns_68_2_1_U89/tmp_product is absorbed into DSP mul_32ns_37ns_68_2_1_U89/tmp_product.
DSP Report: operator mul_32ns_37ns_68_2_1_U89/tmp_product is absorbed into DSP mul_32ns_37ns_68_2_1_U89/tmp_product.
DSP Report: operator mul_32ns_37ns_68_2_1_U89/tmp_product is absorbed into DSP mul_32ns_37ns_68_2_1_U89/tmp_product.
DSP Report: Generating DSP mul_32ns_37ns_68_2_1_U89/dout_reg, operation Mode is: (PCIN>>17)+A*B2.
DSP Report: register mul_32ns_37ns_68_2_1_U89/dout_reg is absorbed into DSP mul_32ns_37ns_68_2_1_U89/dout_reg.
DSP Report: register mul_32ns_37ns_68_2_1_U89/dout_reg is absorbed into DSP mul_32ns_37ns_68_2_1_U89/dout_reg.
DSP Report: operator mul_32ns_37ns_68_2_1_U89/tmp_product is absorbed into DSP mul_32ns_37ns_68_2_1_U89/dout_reg.
DSP Report: operator mul_32ns_37ns_68_2_1_U89/tmp_product is absorbed into DSP mul_32ns_37ns_68_2_1_U89/dout_reg.
DSP Report: Generating DSP mul_32ns_37ns_68_2_1_U91/tmp_product, operation Mode is: (A:0x13162)*B2.
DSP Report: register mul_32ns_37ns_68_2_1_U91/tmp_product is absorbed into DSP mul_32ns_37ns_68_2_1_U91/tmp_product.
DSP Report: operator mul_32ns_37ns_68_2_1_U91/tmp_product is absorbed into DSP mul_32ns_37ns_68_2_1_U91/tmp_product.
DSP Report: operator mul_32ns_37ns_68_2_1_U91/tmp_product is absorbed into DSP mul_32ns_37ns_68_2_1_U91/tmp_product.
DSP Report: Generating DSP mul_32ns_37ns_68_2_1_U91/dout_reg, operation Mode is: (PCIN>>17)+A*B2.
DSP Report: register mul_32ns_37ns_68_2_1_U91/dout_reg is absorbed into DSP mul_32ns_37ns_68_2_1_U91/dout_reg.
DSP Report: register mul_32ns_37ns_68_2_1_U91/dout_reg is absorbed into DSP mul_32ns_37ns_68_2_1_U91/dout_reg.
DSP Report: operator mul_32ns_37ns_68_2_1_U91/tmp_product is absorbed into DSP mul_32ns_37ns_68_2_1_U91/dout_reg.
DSP Report: operator mul_32ns_37ns_68_2_1_U91/tmp_product is absorbed into DSP mul_32ns_37ns_68_2_1_U91/dout_reg.
DSP Report: Generating DSP mul_32ns_37ns_68_2_1_U91/tmp_product, operation Mode is: A2*(B:0x13162).
DSP Report: register mul_32ns_37ns_68_2_1_U91/tmp_product is absorbed into DSP mul_32ns_37ns_68_2_1_U91/tmp_product.
DSP Report: operator mul_32ns_37ns_68_2_1_U91/tmp_product is absorbed into DSP mul_32ns_37ns_68_2_1_U91/tmp_product.
DSP Report: operator mul_32ns_37ns_68_2_1_U91/tmp_product is absorbed into DSP mul_32ns_37ns_68_2_1_U91/tmp_product.
DSP Report: Generating DSP mul_32ns_37ns_68_2_1_U91/dout_reg, operation Mode is: (PCIN>>17)+A*B2.
DSP Report: register mul_32ns_37ns_68_2_1_U91/dout_reg is absorbed into DSP mul_32ns_37ns_68_2_1_U91/dout_reg.
DSP Report: register mul_32ns_37ns_68_2_1_U91/dout_reg is absorbed into DSP mul_32ns_37ns_68_2_1_U91/dout_reg.
DSP Report: operator mul_32ns_37ns_68_2_1_U91/tmp_product is absorbed into DSP mul_32ns_37ns_68_2_1_U91/dout_reg.
DSP Report: operator mul_32ns_37ns_68_2_1_U91/tmp_product is absorbed into DSP mul_32ns_37ns_68_2_1_U91/dout_reg.
DSP Report: Generating DSP mul_32ns_37ns_68_2_1_U90/tmp_product, operation Mode is: (A:0x13162)*B2.
DSP Report: register mul_32ns_37ns_68_2_1_U90/tmp_product is absorbed into DSP mul_32ns_37ns_68_2_1_U90/tmp_product.
DSP Report: operator mul_32ns_37ns_68_2_1_U90/tmp_product is absorbed into DSP mul_32ns_37ns_68_2_1_U90/tmp_product.
DSP Report: operator mul_32ns_37ns_68_2_1_U90/tmp_product is absorbed into DSP mul_32ns_37ns_68_2_1_U90/tmp_product.
DSP Report: Generating DSP mul_32ns_37ns_68_2_1_U90/dout_reg, operation Mode is: (PCIN>>17)+A*B2.
DSP Report: register mul_32ns_37ns_68_2_1_U90/dout_reg is absorbed into DSP mul_32ns_37ns_68_2_1_U90/dout_reg.
DSP Report: register mul_32ns_37ns_68_2_1_U90/dout_reg is absorbed into DSP mul_32ns_37ns_68_2_1_U90/dout_reg.
DSP Report: operator mul_32ns_37ns_68_2_1_U90/tmp_product is absorbed into DSP mul_32ns_37ns_68_2_1_U90/dout_reg.
DSP Report: operator mul_32ns_37ns_68_2_1_U90/tmp_product is absorbed into DSP mul_32ns_37ns_68_2_1_U90/dout_reg.
DSP Report: Generating DSP mul_32ns_37ns_68_2_1_U90/tmp_product, operation Mode is: A2*(B:0x13162).
DSP Report: register mul_32ns_37ns_68_2_1_U90/tmp_product is absorbed into DSP mul_32ns_37ns_68_2_1_U90/tmp_product.
DSP Report: operator mul_32ns_37ns_68_2_1_U90/tmp_product is absorbed into DSP mul_32ns_37ns_68_2_1_U90/tmp_product.
DSP Report: operator mul_32ns_37ns_68_2_1_U90/tmp_product is absorbed into DSP mul_32ns_37ns_68_2_1_U90/tmp_product.
DSP Report: Generating DSP mul_32ns_37ns_68_2_1_U90/dout_reg, operation Mode is: (PCIN>>17)+A*B2.
DSP Report: register mul_32ns_37ns_68_2_1_U90/dout_reg is absorbed into DSP mul_32ns_37ns_68_2_1_U90/dout_reg.
DSP Report: register mul_32ns_37ns_68_2_1_U90/dout_reg is absorbed into DSP mul_32ns_37ns_68_2_1_U90/dout_reg.
DSP Report: operator mul_32ns_37ns_68_2_1_U90/tmp_product is absorbed into DSP mul_32ns_37ns_68_2_1_U90/dout_reg.
DSP Report: operator mul_32ns_37ns_68_2_1_U90/tmp_product is absorbed into DSP mul_32ns_37ns_68_2_1_U90/dout_reg.
DSP Report: Generating DSP mac_muladd_3ns_4s_15s_15_4_1_U78/lenet_w4a4_top_mac_muladd_3ns_4s_15s_15_4_1_DSP48_2_U/p_reg_reg, operation Mode is: (P or C)+(A2*B2)'.
DSP Report: register mac_muladd_3ns_4s_15s_15_4_1_U78/lenet_w4a4_top_mac_muladd_3ns_4s_15s_15_4_1_DSP48_2_U/p_reg_reg is absorbed into DSP mac_muladd_3ns_4s_15s_15_4_1_U78/lenet_w4a4_top_mac_muladd_3ns_4s_15s_15_4_1_DSP48_2_U/p_reg_reg.
DSP Report: register mac_muladd_3ns_4s_15s_15_4_1_U78/lenet_w4a4_top_mac_muladd_3ns_4s_15s_15_4_1_DSP48_2_U/a_reg_reg is absorbed into DSP mac_muladd_3ns_4s_15s_15_4_1_U78/lenet_w4a4_top_mac_muladd_3ns_4s_15s_15_4_1_DSP48_2_U/p_reg_reg.
DSP Report: register mac_muladd_3ns_4s_15s_15_4_1_U78/lenet_w4a4_top_mac_muladd_3ns_4s_15s_15_4_1_DSP48_2_U/p_reg_reg is absorbed into DSP mac_muladd_3ns_4s_15s_15_4_1_U78/lenet_w4a4_top_mac_muladd_3ns_4s_15s_15_4_1_DSP48_2_U/p_reg_reg.
DSP Report: register mac_muladd_3ns_4s_15s_15_4_1_U78/lenet_w4a4_top_mac_muladd_3ns_4s_15s_15_4_1_DSP48_2_U/m_reg_reg is absorbed into DSP mac_muladd_3ns_4s_15s_15_4_1_U78/lenet_w4a4_top_mac_muladd_3ns_4s_15s_15_4_1_DSP48_2_U/p_reg_reg.
DSP Report: operator mac_muladd_3ns_4s_15s_15_4_1_U78/lenet_w4a4_top_mac_muladd_3ns_4s_15s_15_4_1_DSP48_2_U/p is absorbed into DSP mac_muladd_3ns_4s_15s_15_4_1_U78/lenet_w4a4_top_mac_muladd_3ns_4s_15s_15_4_1_DSP48_2_U/p_reg_reg.
DSP Report: operator mac_muladd_3ns_4s_15s_15_4_1_U78/lenet_w4a4_top_mac_muladd_3ns_4s_15s_15_4_1_DSP48_2_U/m is absorbed into DSP mac_muladd_3ns_4s_15s_15_4_1_U78/lenet_w4a4_top_mac_muladd_3ns_4s_15s_15_4_1_DSP48_2_U/p_reg_reg.
DSP Report: Generating DSP mac_muladd_3ns_4s_16s_16_4_1_U101/lenet_w4a4_top_mac_muladd_3ns_4s_16s_16_4_1_DSP48_3_U/p_reg_reg, operation Mode is: (P or C)+(A2*B2)'.
DSP Report: register mac_muladd_3ns_4s_16s_16_4_1_U101/lenet_w4a4_top_mac_muladd_3ns_4s_16s_16_4_1_DSP48_3_U/p_reg_reg is absorbed into DSP mac_muladd_3ns_4s_16s_16_4_1_U101/lenet_w4a4_top_mac_muladd_3ns_4s_16s_16_4_1_DSP48_3_U/p_reg_reg.
DSP Report: register mac_muladd_3ns_4s_16s_16_4_1_U101/lenet_w4a4_top_mac_muladd_3ns_4s_16s_16_4_1_DSP48_3_U/a_reg_reg is absorbed into DSP mac_muladd_3ns_4s_16s_16_4_1_U101/lenet_w4a4_top_mac_muladd_3ns_4s_16s_16_4_1_DSP48_3_U/p_reg_reg.
DSP Report: register mac_muladd_3ns_4s_16s_16_4_1_U101/lenet_w4a4_top_mac_muladd_3ns_4s_16s_16_4_1_DSP48_3_U/p_reg_reg is absorbed into DSP mac_muladd_3ns_4s_16s_16_4_1_U101/lenet_w4a4_top_mac_muladd_3ns_4s_16s_16_4_1_DSP48_3_U/p_reg_reg.
DSP Report: register mac_muladd_3ns_4s_16s_16_4_1_U101/lenet_w4a4_top_mac_muladd_3ns_4s_16s_16_4_1_DSP48_3_U/m_reg_reg is absorbed into DSP mac_muladd_3ns_4s_16s_16_4_1_U101/lenet_w4a4_top_mac_muladd_3ns_4s_16s_16_4_1_DSP48_3_U/p_reg_reg.
DSP Report: operator mac_muladd_3ns_4s_16s_16_4_1_U101/lenet_w4a4_top_mac_muladd_3ns_4s_16s_16_4_1_DSP48_3_U/p is absorbed into DSP mac_muladd_3ns_4s_16s_16_4_1_U101/lenet_w4a4_top_mac_muladd_3ns_4s_16s_16_4_1_DSP48_3_U/p_reg_reg.
DSP Report: operator mac_muladd_3ns_4s_16s_16_4_1_U101/lenet_w4a4_top_mac_muladd_3ns_4s_16s_16_4_1_DSP48_3_U/m is absorbed into DSP mac_muladd_3ns_4s_16s_16_4_1_U101/lenet_w4a4_top_mac_muladd_3ns_4s_16s_16_4_1_DSP48_3_U/p_reg_reg.
DSP Report: Generating DSP mac_muladd_3ns_4s_14s_14_4_1_U110/lenet_w4a4_top_mac_muladd_3ns_4s_14s_14_4_1_DSP48_4_U/p_reg_reg, operation Mode is: (0 or C)+(A2*B2)'.
DSP Report: register mac_muladd_3ns_4s_14s_14_4_1_U110/lenet_w4a4_top_mac_muladd_3ns_4s_14s_14_4_1_DSP48_4_U/p_reg_reg is absorbed into DSP mac_muladd_3ns_4s_14s_14_4_1_U110/lenet_w4a4_top_mac_muladd_3ns_4s_14s_14_4_1_DSP48_4_U/p_reg_reg.
DSP Report: register mac_muladd_3ns_4s_14s_14_4_1_U110/lenet_w4a4_top_mac_muladd_3ns_4s_14s_14_4_1_DSP48_4_U/a_reg_reg is absorbed into DSP mac_muladd_3ns_4s_14s_14_4_1_U110/lenet_w4a4_top_mac_muladd_3ns_4s_14s_14_4_1_DSP48_4_U/p_reg_reg.
DSP Report: register mac_muladd_3ns_4s_14s_14_4_1_U110/lenet_w4a4_top_mac_muladd_3ns_4s_14s_14_4_1_DSP48_4_U/p_reg_reg is absorbed into DSP mac_muladd_3ns_4s_14s_14_4_1_U110/lenet_w4a4_top_mac_muladd_3ns_4s_14s_14_4_1_DSP48_4_U/p_reg_reg.
DSP Report: register mac_muladd_3ns_4s_14s_14_4_1_U110/lenet_w4a4_top_mac_muladd_3ns_4s_14s_14_4_1_DSP48_4_U/m_reg_reg is absorbed into DSP mac_muladd_3ns_4s_14s_14_4_1_U110/lenet_w4a4_top_mac_muladd_3ns_4s_14s_14_4_1_DSP48_4_U/p_reg_reg.
DSP Report: operator mac_muladd_3ns_4s_14s_14_4_1_U110/lenet_w4a4_top_mac_muladd_3ns_4s_14s_14_4_1_DSP48_4_U/p is absorbed into DSP mac_muladd_3ns_4s_14s_14_4_1_U110/lenet_w4a4_top_mac_muladd_3ns_4s_14s_14_4_1_DSP48_4_U/p_reg_reg.
DSP Report: operator mac_muladd_3ns_4s_14s_14_4_1_U110/lenet_w4a4_top_mac_muladd_3ns_4s_14s_14_4_1_DSP48_4_U/p is absorbed into DSP mac_muladd_3ns_4s_14s_14_4_1_U110/lenet_w4a4_top_mac_muladd_3ns_4s_14s_14_4_1_DSP48_4_U/p_reg_reg.
DSP Report: operator mac_muladd_3ns_4s_14s_14_4_1_U110/lenet_w4a4_top_mac_muladd_3ns_4s_14s_14_4_1_DSP48_4_U/m is absorbed into DSP mac_muladd_3ns_4s_14s_14_4_1_U110/lenet_w4a4_top_mac_muladd_3ns_4s_14s_14_4_1_DSP48_4_U/p_reg_reg.
DSP Report: Generating DSP mul_32ns_38ns_69_2_1_U116/tmp_product, operation Mode is: (A:0x1acf5)*B2.
DSP Report: register mul_32ns_38ns_69_2_1_U116/tmp_product is absorbed into DSP mul_32ns_38ns_69_2_1_U116/tmp_product.
DSP Report: operator mul_32ns_38ns_69_2_1_U116/tmp_product is absorbed into DSP mul_32ns_38ns_69_2_1_U116/tmp_product.
DSP Report: operator mul_32ns_38ns_69_2_1_U116/tmp_product is absorbed into DSP mul_32ns_38ns_69_2_1_U116/tmp_product.
DSP Report: Generating DSP mul_32ns_38ns_69_2_1_U116/dout_reg, operation Mode is: (PCIN>>17)+A*B2.
DSP Report: register mul_32ns_38ns_69_2_1_U116/dout_reg is absorbed into DSP mul_32ns_38ns_69_2_1_U116/dout_reg.
DSP Report: register mul_32ns_38ns_69_2_1_U116/dout_reg is absorbed into DSP mul_32ns_38ns_69_2_1_U116/dout_reg.
DSP Report: operator mul_32ns_38ns_69_2_1_U116/tmp_product is absorbed into DSP mul_32ns_38ns_69_2_1_U116/dout_reg.
DSP Report: operator mul_32ns_38ns_69_2_1_U116/tmp_product is absorbed into DSP mul_32ns_38ns_69_2_1_U116/dout_reg.
DSP Report: Generating DSP mul_32ns_38ns_69_2_1_U116/tmp_product, operation Mode is: A2*(B:0x1acf5).
DSP Report: register mul_32ns_38ns_69_2_1_U116/tmp_product is absorbed into DSP mul_32ns_38ns_69_2_1_U116/tmp_product.
DSP Report: operator mul_32ns_38ns_69_2_1_U116/tmp_product is absorbed into DSP mul_32ns_38ns_69_2_1_U116/tmp_product.
DSP Report: operator mul_32ns_38ns_69_2_1_U116/tmp_product is absorbed into DSP mul_32ns_38ns_69_2_1_U116/tmp_product.
DSP Report: Generating DSP mul_32ns_38ns_69_2_1_U116/dout_reg, operation Mode is: (PCIN>>17)+A*B2.
DSP Report: register mul_32ns_38ns_69_2_1_U116/dout_reg is absorbed into DSP mul_32ns_38ns_69_2_1_U116/dout_reg.
DSP Report: register mul_32ns_38ns_69_2_1_U116/dout_reg is absorbed into DSP mul_32ns_38ns_69_2_1_U116/dout_reg.
DSP Report: operator mul_32ns_38ns_69_2_1_U116/tmp_product is absorbed into DSP mul_32ns_38ns_69_2_1_U116/dout_reg.
DSP Report: operator mul_32ns_38ns_69_2_1_U116/tmp_product is absorbed into DSP mul_32ns_38ns_69_2_1_U116/dout_reg.
DSP Report: Generating DSP mac_muladd_4ns_7ns_7ns_10_4_1_U120/lenet_w4a4_top_mac_muladd_4ns_7ns_7ns_10_4_1_DSP48_5_U/p_reg_reg, operation Mode is: (C'+(A2*(B:0x54)')')'.
DSP Report: register mac_muladd_4ns_7ns_7ns_10_4_1_U120/lenet_w4a4_top_mac_muladd_4ns_7ns_7ns_10_4_1_DSP48_5_U/b_reg_reg is absorbed into DSP mac_muladd_4ns_7ns_7ns_10_4_1_U120/lenet_w4a4_top_mac_muladd_4ns_7ns_7ns_10_4_1_DSP48_5_U/p_reg_reg.
DSP Report: register mac_muladd_4ns_7ns_7ns_10_4_1_U120/lenet_w4a4_top_mac_muladd_4ns_7ns_7ns_10_4_1_DSP48_5_U/p_reg_reg is absorbed into DSP mac_muladd_4ns_7ns_7ns_10_4_1_U120/lenet_w4a4_top_mac_muladd_4ns_7ns_7ns_10_4_1_DSP48_5_U/p_reg_reg.
DSP Report: register mac_muladd_4ns_7ns_7ns_10_4_1_U120/lenet_w4a4_top_mac_muladd_4ns_7ns_7ns_10_4_1_DSP48_5_U/p_reg_reg is absorbed into DSP mac_muladd_4ns_7ns_7ns_10_4_1_U120/lenet_w4a4_top_mac_muladd_4ns_7ns_7ns_10_4_1_DSP48_5_U/p_reg_reg.
DSP Report: register mac_muladd_4ns_7ns_7ns_10_4_1_U120/lenet_w4a4_top_mac_muladd_4ns_7ns_7ns_10_4_1_DSP48_5_U/p_reg_reg is absorbed into DSP mac_muladd_4ns_7ns_7ns_10_4_1_U120/lenet_w4a4_top_mac_muladd_4ns_7ns_7ns_10_4_1_DSP48_5_U/p_reg_reg.
DSP Report: register mac_muladd_4ns_7ns_7ns_10_4_1_U120/lenet_w4a4_top_mac_muladd_4ns_7ns_7ns_10_4_1_DSP48_5_U/m_reg_reg is absorbed into DSP mac_muladd_4ns_7ns_7ns_10_4_1_U120/lenet_w4a4_top_mac_muladd_4ns_7ns_7ns_10_4_1_DSP48_5_U/p_reg_reg.
DSP Report: operator mac_muladd_4ns_7ns_7ns_10_4_1_U120/lenet_w4a4_top_mac_muladd_4ns_7ns_7ns_10_4_1_DSP48_5_U/p is absorbed into DSP mac_muladd_4ns_7ns_7ns_10_4_1_U120/lenet_w4a4_top_mac_muladd_4ns_7ns_7ns_10_4_1_DSP48_5_U/p_reg_reg.
DSP Report: operator mac_muladd_4ns_7ns_7ns_10_4_1_U120/lenet_w4a4_top_mac_muladd_4ns_7ns_7ns_10_4_1_DSP48_5_U/m is absorbed into DSP mac_muladd_4ns_7ns_7ns_10_4_1_U120/lenet_w4a4_top_mac_muladd_4ns_7ns_7ns_10_4_1_DSP48_5_U/p_reg_reg.
DSP Report: Generating DSP mac_muladd_3ns_4s_14s_14_4_1_U121/lenet_w4a4_top_mac_muladd_3ns_4s_14s_14_4_1_DSP48_4_U/p_reg_reg, operation Mode is: (0 or C)+(A2*B2)'.
DSP Report: register mac_muladd_3ns_4s_14s_14_4_1_U121/lenet_w4a4_top_mac_muladd_3ns_4s_14s_14_4_1_DSP48_4_U/p_reg_reg is absorbed into DSP mac_muladd_3ns_4s_14s_14_4_1_U121/lenet_w4a4_top_mac_muladd_3ns_4s_14s_14_4_1_DSP48_4_U/p_reg_reg.
DSP Report: register mac_muladd_3ns_4s_14s_14_4_1_U121/lenet_w4a4_top_mac_muladd_3ns_4s_14s_14_4_1_DSP48_4_U/a_reg_reg is absorbed into DSP mac_muladd_3ns_4s_14s_14_4_1_U121/lenet_w4a4_top_mac_muladd_3ns_4s_14s_14_4_1_DSP48_4_U/p_reg_reg.
DSP Report: register mac_muladd_3ns_4s_14s_14_4_1_U121/lenet_w4a4_top_mac_muladd_3ns_4s_14s_14_4_1_DSP48_4_U/p_reg_reg is absorbed into DSP mac_muladd_3ns_4s_14s_14_4_1_U121/lenet_w4a4_top_mac_muladd_3ns_4s_14s_14_4_1_DSP48_4_U/p_reg_reg.
DSP Report: register mac_muladd_3ns_4s_14s_14_4_1_U121/lenet_w4a4_top_mac_muladd_3ns_4s_14s_14_4_1_DSP48_4_U/m_reg_reg is absorbed into DSP mac_muladd_3ns_4s_14s_14_4_1_U121/lenet_w4a4_top_mac_muladd_3ns_4s_14s_14_4_1_DSP48_4_U/p_reg_reg.
DSP Report: operator mac_muladd_3ns_4s_14s_14_4_1_U121/lenet_w4a4_top_mac_muladd_3ns_4s_14s_14_4_1_DSP48_4_U/p is absorbed into DSP mac_muladd_3ns_4s_14s_14_4_1_U121/lenet_w4a4_top_mac_muladd_3ns_4s_14s_14_4_1_DSP48_4_U/p_reg_reg.
DSP Report: operator mac_muladd_3ns_4s_14s_14_4_1_U121/lenet_w4a4_top_mac_muladd_3ns_4s_14s_14_4_1_DSP48_4_U/p is absorbed into DSP mac_muladd_3ns_4s_14s_14_4_1_U121/lenet_w4a4_top_mac_muladd_3ns_4s_14s_14_4_1_DSP48_4_U/p_reg_reg.
DSP Report: operator mac_muladd_3ns_4s_14s_14_4_1_U121/lenet_w4a4_top_mac_muladd_3ns_4s_14s_14_4_1_DSP48_4_U/m is absorbed into DSP mac_muladd_3ns_4s_14s_14_4_1_U121/lenet_w4a4_top_mac_muladd_3ns_4s_14s_14_4_1_DSP48_4_U/p_reg_reg.
DSP Report: Generating DSP mul_32ns_37ns_68_2_1_U134/tmp_product, operation Mode is: A*B.
DSP Report: operator mul_32ns_37ns_68_2_1_U134/tmp_product is absorbed into DSP mul_32ns_37ns_68_2_1_U134/tmp_product.
DSP Report: operator mul_32ns_37ns_68_2_1_U134/tmp_product is absorbed into DSP mul_32ns_37ns_68_2_1_U134/tmp_product.
DSP Report: Generating DSP mul_32ns_37ns_68_2_1_U134/dout_reg, operation Mode is: (PCIN>>17)+A*B.
DSP Report: register mul_32ns_37ns_68_2_1_U134/dout_reg is absorbed into DSP mul_32ns_37ns_68_2_1_U134/dout_reg.
DSP Report: operator mul_32ns_37ns_68_2_1_U134/tmp_product is absorbed into DSP mul_32ns_37ns_68_2_1_U134/dout_reg.
DSP Report: operator mul_32ns_37ns_68_2_1_U134/tmp_product is absorbed into DSP mul_32ns_37ns_68_2_1_U134/dout_reg.
DSP Report: Generating DSP mul_32ns_37ns_68_2_1_U134/tmp_product, operation Mode is: A*B.
DSP Report: operator mul_32ns_37ns_68_2_1_U134/tmp_product is absorbed into DSP mul_32ns_37ns_68_2_1_U134/tmp_product.
DSP Report: operator mul_32ns_37ns_68_2_1_U134/tmp_product is absorbed into DSP mul_32ns_37ns_68_2_1_U134/tmp_product.
DSP Report: Generating DSP mul_32ns_37ns_68_2_1_U134/dout_reg, operation Mode is: (PCIN>>17)+A*B.
DSP Report: register mul_32ns_37ns_68_2_1_U134/dout_reg is absorbed into DSP mul_32ns_37ns_68_2_1_U134/dout_reg.
DSP Report: operator mul_32ns_37ns_68_2_1_U134/tmp_product is absorbed into DSP mul_32ns_37ns_68_2_1_U134/dout_reg.
DSP Report: operator mul_32ns_37ns_68_2_1_U134/tmp_product is absorbed into DSP mul_32ns_37ns_68_2_1_U134/dout_reg.
INFO: [Synth 8-5784] Optimized 9 bits of RAM "store_unit/buff_wdata/U_fifo_mem/mem_reg" due to constant propagation. Old ram width 9 bits, new ram width 0 bits.
WARNING: [Synth 8-5785] Removed RAM "store_unit/buff_wdata/U_fifo_mem/mem_reg" due to constant propagation. Write data stuck at zero 
INFO: [Synth 8-5784] Optimized 9 bits of RAM "store_unit/buff_wdata/U_fifo_mem/mem_reg" due to constant propagation. Old ram width 9 bits, new ram width 0 bits.
WARNING: [Synth 8-5785] Removed RAM "store_unit/buff_wdata/U_fifo_mem/mem_reg" due to constant propagation. Write data stuck at zero 
INFO: [Synth 8-7082] The signal store_unit/buff_wdata/U_fifo_mem/mem_reg is implemented as Block RAM but is better mapped onto distributed LUT RAM for the following reason(s): The depth (4 address bits) is shallow. Please use attribute (* ram_style = "distributed" *) to instruct Vivado to infer distributed LUT RAM.
WARNING: [Synth 8-3332] Sequential element (mul_32ns_36ns_67_2_1_U65/dout_reg[47]) is unused and will be removed from module lenet_w4a4_top_lenet_w4a4_top_Pipeline_POOL_CHANNEL_POOL_ROW_POOL_COL.
WARNING: [Synth 8-3332] Sequential element (mul_32ns_36ns_67_2_1_U65/dout_reg[46]) is unused and will be removed from module lenet_w4a4_top_lenet_w4a4_top_Pipeline_POOL_CHANNEL_POOL_ROW_POOL_COL.
WARNING: [Synth 8-3332] Sequential element (mul_32ns_36ns_67_2_1_U65/dout_reg[45]) is unused and will be removed from module lenet_w4a4_top_lenet_w4a4_top_Pipeline_POOL_CHANNEL_POOL_ROW_POOL_COL.
WARNING: [Synth 8-3332] Sequential element (mul_32ns_36ns_67_2_1_U65/dout_reg[44]) is unused and will be removed from module lenet_w4a4_top_lenet_w4a4_top_Pipeline_POOL_CHANNEL_POOL_ROW_POOL_COL.
WARNING: [Synth 8-3332] Sequential element (mul_32ns_36ns_67_2_1_U65/dout_reg[43]) is unused and will be removed from module lenet_w4a4_top_lenet_w4a4_top_Pipeline_POOL_CHANNEL_POOL_ROW_POOL_COL.
WARNING: [Synth 8-3332] Sequential element (mul_32ns_36ns_67_2_1_U65/dout_reg[42]) is unused and will be removed from module lenet_w4a4_top_lenet_w4a4_top_Pipeline_POOL_CHANNEL_POOL_ROW_POOL_COL.
WARNING: [Synth 8-3332] Sequential element (mul_32ns_36ns_67_2_1_U65/dout_reg[41]) is unused and will be removed from module lenet_w4a4_top_lenet_w4a4_top_Pipeline_POOL_CHANNEL_POOL_ROW_POOL_COL.
WARNING: [Synth 8-3332] Sequential element (mul_32ns_36ns_67_2_1_U65/dout_reg[40]) is unused and will be removed from module lenet_w4a4_top_lenet_w4a4_top_Pipeline_POOL_CHANNEL_POOL_ROW_POOL_COL.
WARNING: [Synth 8-3332] Sequential element (mul_32ns_36ns_67_2_1_U65/dout_reg[39]) is unused and will be removed from module lenet_w4a4_top_lenet_w4a4_top_Pipeline_POOL_CHANNEL_POOL_ROW_POOL_COL.
WARNING: [Synth 8-3332] Sequential element (mul_32ns_36ns_67_2_1_U65/dout_reg[38]) is unused and will be removed from module lenet_w4a4_top_lenet_w4a4_top_Pipeline_POOL_CHANNEL_POOL_ROW_POOL_COL.
WARNING: [Synth 8-3332] Sequential element (mul_32ns_36ns_67_2_1_U65/dout_reg[37]) is unused and will be removed from module lenet_w4a4_top_lenet_w4a4_top_Pipeline_POOL_CHANNEL_POOL_ROW_POOL_COL.
WARNING: [Synth 8-3332] Sequential element (mul_32ns_36ns_67_2_1_U65/dout_reg[36]) is unused and will be removed from module lenet_w4a4_top_lenet_w4a4_top_Pipeline_POOL_CHANNEL_POOL_ROW_POOL_COL.
WARNING: [Synth 8-3332] Sequential element (mul_32ns_36ns_67_2_1_U65/dout_reg[35]) is unused and will be removed from module lenet_w4a4_top_lenet_w4a4_top_Pipeline_POOL_CHANNEL_POOL_ROW_POOL_COL.
WARNING: [Synth 8-3332] Sequential element (mul_32ns_36ns_67_2_1_U65/dout_reg[34]) is unused and will be removed from module lenet_w4a4_top_lenet_w4a4_top_Pipeline_POOL_CHANNEL_POOL_ROW_POOL_COL.
WARNING: [Synth 8-3332] Sequential element (mul_32ns_36ns_67_2_1_U65/dout_reg[33]) is unused and will be removed from module lenet_w4a4_top_lenet_w4a4_top_Pipeline_POOL_CHANNEL_POOL_ROW_POOL_COL.
WARNING: [Synth 8-3332] Sequential element (mul_32ns_36ns_67_2_1_U65/dout_reg[32]) is unused and will be removed from module lenet_w4a4_top_lenet_w4a4_top_Pipeline_POOL_CHANNEL_POOL_ROW_POOL_COL.
WARNING: [Synth 8-3332] Sequential element (mul_32ns_36ns_67_2_1_U65/dout_reg[31]) is unused and will be removed from module lenet_w4a4_top_lenet_w4a4_top_Pipeline_POOL_CHANNEL_POOL_ROW_POOL_COL.
WARNING: [Synth 8-3332] Sequential element (mul_32ns_36ns_67_2_1_U65/dout_reg[30]) is unused and will be removed from module lenet_w4a4_top_lenet_w4a4_top_Pipeline_POOL_CHANNEL_POOL_ROW_POOL_COL.
WARNING: [Synth 8-3332] Sequential element (mul_32ns_36ns_67_2_1_U65/dout_reg[29]) is unused and will be removed from module lenet_w4a4_top_lenet_w4a4_top_Pipeline_POOL_CHANNEL_POOL_ROW_POOL_COL.
WARNING: [Synth 8-3332] Sequential element (mul_32ns_36ns_67_2_1_U65/dout_reg[28]) is unused and will be removed from module lenet_w4a4_top_lenet_w4a4_top_Pipeline_POOL_CHANNEL_POOL_ROW_POOL_COL.
WARNING: [Synth 8-3332] Sequential element (mul_32ns_36ns_67_2_1_U65/dout_reg[27]) is unused and will be removed from module lenet_w4a4_top_lenet_w4a4_top_Pipeline_POOL_CHANNEL_POOL_ROW_POOL_COL.
WARNING: [Synth 8-3332] Sequential element (mul_32ns_36ns_67_2_1_U65/dout_reg[26]) is unused and will be removed from module lenet_w4a4_top_lenet_w4a4_top_Pipeline_POOL_CHANNEL_POOL_ROW_POOL_COL.
WARNING: [Synth 8-3332] Sequential element (mul_32ns_36ns_67_2_1_U65/dout_reg[25]) is unused and will be removed from module lenet_w4a4_top_lenet_w4a4_top_Pipeline_POOL_CHANNEL_POOL_ROW_POOL_COL.
WARNING: [Synth 8-3332] Sequential element (mul_32ns_36ns_67_2_1_U65/dout_reg[24]) is unused and will be removed from module lenet_w4a4_top_lenet_w4a4_top_Pipeline_POOL_CHANNEL_POOL_ROW_POOL_COL.
WARNING: [Synth 8-3332] Sequential element (mul_32ns_36ns_67_2_1_U65/dout_reg[23]) is unused and will be removed from module lenet_w4a4_top_lenet_w4a4_top_Pipeline_POOL_CHANNEL_POOL_ROW_POOL_COL.
WARNING: [Synth 8-3332] Sequential element (mul_32ns_36ns_67_2_1_U65/dout_reg[22]) is unused and will be removed from module lenet_w4a4_top_lenet_w4a4_top_Pipeline_POOL_CHANNEL_POOL_ROW_POOL_COL.
WARNING: [Synth 8-3332] Sequential element (mul_32ns_36ns_67_2_1_U65/dout_reg[21]) is unused and will be removed from module lenet_w4a4_top_lenet_w4a4_top_Pipeline_POOL_CHANNEL_POOL_ROW_POOL_COL.
WARNING: [Synth 8-3332] Sequential element (mul_32ns_36ns_67_2_1_U65/dout_reg[20]) is unused and will be removed from module lenet_w4a4_top_lenet_w4a4_top_Pipeline_POOL_CHANNEL_POOL_ROW_POOL_COL.
WARNING: [Synth 8-3332] Sequential element (mul_32ns_36ns_67_2_1_U65/dout_reg[19]) is unused and will be removed from module lenet_w4a4_top_lenet_w4a4_top_Pipeline_POOL_CHANNEL_POOL_ROW_POOL_COL.
WARNING: [Synth 8-3332] Sequential element (mul_32ns_36ns_67_2_1_U65/dout_reg[18]) is unused and will be removed from module lenet_w4a4_top_lenet_w4a4_top_Pipeline_POOL_CHANNEL_POOL_ROW_POOL_COL.
WARNING: [Synth 8-3332] Sequential element (mul_32ns_36ns_67_2_1_U65/dout_reg[17]) is unused and will be removed from module lenet_w4a4_top_lenet_w4a4_top_Pipeline_POOL_CHANNEL_POOL_ROW_POOL_COL.
WARNING: [Synth 8-3332] Sequential element (mul_32ns_36ns_67_2_1_U65/dout_reg[47]__0) is unused and will be removed from module lenet_w4a4_top_lenet_w4a4_top_Pipeline_POOL_CHANNEL_POOL_ROW_POOL_COL.
WARNING: [Synth 8-3332] Sequential element (mul_32ns_36ns_67_2_1_U65/dout_reg[46]__0) is unused and will be removed from module lenet_w4a4_top_lenet_w4a4_top_Pipeline_POOL_CHANNEL_POOL_ROW_POOL_COL.
WARNING: [Synth 8-3332] Sequential element (mul_32ns_36ns_67_2_1_U65/dout_reg[45]__0) is unused and will be removed from module lenet_w4a4_top_lenet_w4a4_top_Pipeline_POOL_CHANNEL_POOL_ROW_POOL_COL.
WARNING: [Synth 8-3332] Sequential element (mul_32ns_36ns_67_2_1_U65/dout_reg[44]__0) is unused and will be removed from module lenet_w4a4_top_lenet_w4a4_top_Pipeline_POOL_CHANNEL_POOL_ROW_POOL_COL.
WARNING: [Synth 8-3332] Sequential element (mul_32ns_36ns_67_2_1_U65/dout_reg[43]__0) is unused and will be removed from module lenet_w4a4_top_lenet_w4a4_top_Pipeline_POOL_CHANNEL_POOL_ROW_POOL_COL.
WARNING: [Synth 8-3332] Sequential element (mul_32ns_36ns_67_2_1_U65/dout_reg[42]__0) is unused and will be removed from module lenet_w4a4_top_lenet_w4a4_top_Pipeline_POOL_CHANNEL_POOL_ROW_POOL_COL.
WARNING: [Synth 8-3332] Sequential element (mul_32ns_36ns_67_2_1_U65/dout_reg[41]__0) is unused and will be removed from module lenet_w4a4_top_lenet_w4a4_top_Pipeline_POOL_CHANNEL_POOL_ROW_POOL_COL.
WARNING: [Synth 8-3332] Sequential element (mul_32ns_36ns_67_2_1_U65/dout_reg[40]__0) is unused and will be removed from module lenet_w4a4_top_lenet_w4a4_top_Pipeline_POOL_CHANNEL_POOL_ROW_POOL_COL.
WARNING: [Synth 8-3332] Sequential element (mul_32ns_36ns_67_2_1_U65/dout_reg[39]__0) is unused and will be removed from module lenet_w4a4_top_lenet_w4a4_top_Pipeline_POOL_CHANNEL_POOL_ROW_POOL_COL.
WARNING: [Synth 8-3332] Sequential element (mul_32ns_36ns_67_2_1_U65/dout_reg[38]__0) is unused and will be removed from module lenet_w4a4_top_lenet_w4a4_top_Pipeline_POOL_CHANNEL_POOL_ROW_POOL_COL.
WARNING: [Synth 8-3332] Sequential element (mul_32ns_36ns_67_2_1_U65/dout_reg[37]__0) is unused and will be removed from module lenet_w4a4_top_lenet_w4a4_top_Pipeline_POOL_CHANNEL_POOL_ROW_POOL_COL.
WARNING: [Synth 8-3332] Sequential element (mul_32ns_36ns_67_2_1_U65/dout_reg[36]__0) is unused and will be removed from module lenet_w4a4_top_lenet_w4a4_top_Pipeline_POOL_CHANNEL_POOL_ROW_POOL_COL.
WARNING: [Synth 8-3332] Sequential element (mul_32ns_36ns_67_2_1_U65/dout_reg[35]__0) is unused and will be removed from module lenet_w4a4_top_lenet_w4a4_top_Pipeline_POOL_CHANNEL_POOL_ROW_POOL_COL.
WARNING: [Synth 8-3332] Sequential element (mul_32ns_36ns_67_2_1_U65/dout_reg[34]__0) is unused and will be removed from module lenet_w4a4_top_lenet_w4a4_top_Pipeline_POOL_CHANNEL_POOL_ROW_POOL_COL.
WARNING: [Synth 8-3332] Sequential element (mul_32ns_36ns_67_2_1_U65/dout_reg[33]__0) is unused and will be removed from module lenet_w4a4_top_lenet_w4a4_top_Pipeline_POOL_CHANNEL_POOL_ROW_POOL_COL.
WARNING: [Synth 8-3332] Sequential element (mul_32ns_36ns_67_2_1_U65/dout_reg[32]__0) is unused and will be removed from module lenet_w4a4_top_lenet_w4a4_top_Pipeline_POOL_CHANNEL_POOL_ROW_POOL_COL.
WARNING: [Synth 8-3332] Sequential element (mul_32ns_36ns_67_2_1_U65/dout_reg[31]__0) is unused and will be removed from module lenet_w4a4_top_lenet_w4a4_top_Pipeline_POOL_CHANNEL_POOL_ROW_POOL_COL.
WARNING: [Synth 8-3332] Sequential element (mul_32ns_36ns_67_2_1_U65/dout_reg[30]__0) is unused and will be removed from module lenet_w4a4_top_lenet_w4a4_top_Pipeline_POOL_CHANNEL_POOL_ROW_POOL_COL.
WARNING: [Synth 8-3332] Sequential element (mul_32ns_36ns_67_2_1_U65/dout_reg[29]__0) is unused and will be removed from module lenet_w4a4_top_lenet_w4a4_top_Pipeline_POOL_CHANNEL_POOL_ROW_POOL_COL.
WARNING: [Synth 8-3332] Sequential element (mul_32ns_36ns_67_2_1_U65/dout_reg[28]__0) is unused and will be removed from module lenet_w4a4_top_lenet_w4a4_top_Pipeline_POOL_CHANNEL_POOL_ROW_POOL_COL.
WARNING: [Synth 8-3332] Sequential element (mul_32ns_36ns_67_2_1_U65/dout_reg[27]__0) is unused and will be removed from module lenet_w4a4_top_lenet_w4a4_top_Pipeline_POOL_CHANNEL_POOL_ROW_POOL_COL.
WARNING: [Synth 8-3332] Sequential element (mul_32ns_36ns_67_2_1_U65/dout_reg[26]__0) is unused and will be removed from module lenet_w4a4_top_lenet_w4a4_top_Pipeline_POOL_CHANNEL_POOL_ROW_POOL_COL.
WARNING: [Synth 8-3332] Sequential element (mul_32ns_36ns_67_2_1_U65/dout_reg[25]__0) is unused and will be removed from module lenet_w4a4_top_lenet_w4a4_top_Pipeline_POOL_CHANNEL_POOL_ROW_POOL_COL.
WARNING: [Synth 8-3332] Sequential element (mul_32ns_36ns_67_2_1_U65/dout_reg[24]__0) is unused and will be removed from module lenet_w4a4_top_lenet_w4a4_top_Pipeline_POOL_CHANNEL_POOL_ROW_POOL_COL.
WARNING: [Synth 8-3332] Sequential element (mul_32ns_36ns_67_2_1_U65/dout_reg[23]__0) is unused and will be removed from module lenet_w4a4_top_lenet_w4a4_top_Pipeline_POOL_CHANNEL_POOL_ROW_POOL_COL.
WARNING: [Synth 8-3332] Sequential element (mul_32ns_36ns_67_2_1_U65/dout_reg[22]__0) is unused and will be removed from module lenet_w4a4_top_lenet_w4a4_top_Pipeline_POOL_CHANNEL_POOL_ROW_POOL_COL.
WARNING: [Synth 8-3332] Sequential element (mul_32ns_36ns_67_2_1_U65/dout_reg[21]__0) is unused and will be removed from module lenet_w4a4_top_lenet_w4a4_top_Pipeline_POOL_CHANNEL_POOL_ROW_POOL_COL.
WARNING: [Synth 8-3332] Sequential element (mul_32ns_36ns_67_2_1_U65/dout_reg[20]__0) is unused and will be removed from module lenet_w4a4_top_lenet_w4a4_top_Pipeline_POOL_CHANNEL_POOL_ROW_POOL_COL.
WARNING: [Synth 8-3332] Sequential element (mul_32ns_36ns_67_2_1_U65/dout_reg[19]__0) is unused and will be removed from module lenet_w4a4_top_lenet_w4a4_top_Pipeline_POOL_CHANNEL_POOL_ROW_POOL_COL.
WARNING: [Synth 8-3332] Sequential element (mul_32ns_36ns_67_2_1_U65/dout_reg[18]__0) is unused and will be removed from module lenet_w4a4_top_lenet_w4a4_top_Pipeline_POOL_CHANNEL_POOL_ROW_POOL_COL.
WARNING: [Synth 8-3332] Sequential element (mul_32ns_36ns_67_2_1_U65/dout_reg[17]__0) is unused and will be removed from module lenet_w4a4_top_lenet_w4a4_top_Pipeline_POOL_CHANNEL_POOL_ROW_POOL_COL.
WARNING: [Synth 8-3332] Sequential element (mul_32ns_36ns_67_2_1_U66/dout_reg[47]) is unused and will be removed from module lenet_w4a4_top_lenet_w4a4_top_Pipeline_POOL_CHANNEL_POOL_ROW_POOL_COL.
WARNING: [Synth 8-3332] Sequential element (mul_32ns_36ns_67_2_1_U66/dout_reg[46]) is unused and will be removed from module lenet_w4a4_top_lenet_w4a4_top_Pipeline_POOL_CHANNEL_POOL_ROW_POOL_COL.
WARNING: [Synth 8-3332] Sequential element (mul_32ns_36ns_67_2_1_U66/dout_reg[45]) is unused and will be removed from module lenet_w4a4_top_lenet_w4a4_top_Pipeline_POOL_CHANNEL_POOL_ROW_POOL_COL.
WARNING: [Synth 8-3332] Sequential element (mul_32ns_36ns_67_2_1_U66/dout_reg[44]) is unused and will be removed from module lenet_w4a4_top_lenet_w4a4_top_Pipeline_POOL_CHANNEL_POOL_ROW_POOL_COL.
WARNING: [Synth 8-3332] Sequential element (mul_32ns_36ns_67_2_1_U66/dout_reg[43]) is unused and will be removed from module lenet_w4a4_top_lenet_w4a4_top_Pipeline_POOL_CHANNEL_POOL_ROW_POOL_COL.
WARNING: [Synth 8-3332] Sequential element (mul_32ns_36ns_67_2_1_U66/dout_reg[42]) is unused and will be removed from module lenet_w4a4_top_lenet_w4a4_top_Pipeline_POOL_CHANNEL_POOL_ROW_POOL_COL.
WARNING: [Synth 8-3332] Sequential element (mul_32ns_36ns_67_2_1_U66/dout_reg[41]) is unused and will be removed from module lenet_w4a4_top_lenet_w4a4_top_Pipeline_POOL_CHANNEL_POOL_ROW_POOL_COL.
WARNING: [Synth 8-3332] Sequential element (mul_32ns_36ns_67_2_1_U66/dout_reg[40]) is unused and will be removed from module lenet_w4a4_top_lenet_w4a4_top_Pipeline_POOL_CHANNEL_POOL_ROW_POOL_COL.
WARNING: [Synth 8-3332] Sequential element (mul_32ns_36ns_67_2_1_U66/dout_reg[39]) is unused and will be removed from module lenet_w4a4_top_lenet_w4a4_top_Pipeline_POOL_CHANNEL_POOL_ROW_POOL_COL.
WARNING: [Synth 8-3332] Sequential element (mul_32ns_36ns_67_2_1_U66/dout_reg[38]) is unused and will be removed from module lenet_w4a4_top_lenet_w4a4_top_Pipeline_POOL_CHANNEL_POOL_ROW_POOL_COL.
WARNING: [Synth 8-3332] Sequential element (mul_32ns_36ns_67_2_1_U66/dout_reg[37]) is unused and will be removed from module lenet_w4a4_top_lenet_w4a4_top_Pipeline_POOL_CHANNEL_POOL_ROW_POOL_COL.
WARNING: [Synth 8-3332] Sequential element (mul_32ns_36ns_67_2_1_U66/dout_reg[36]) is unused and will be removed from module lenet_w4a4_top_lenet_w4a4_top_Pipeline_POOL_CHANNEL_POOL_ROW_POOL_COL.
WARNING: [Synth 8-3332] Sequential element (mul_32ns_36ns_67_2_1_U66/dout_reg[35]) is unused and will be removed from module lenet_w4a4_top_lenet_w4a4_top_Pipeline_POOL_CHANNEL_POOL_ROW_POOL_COL.
WARNING: [Synth 8-3332] Sequential element (mul_32ns_36ns_67_2_1_U66/dout_reg[34]) is unused and will be removed from module lenet_w4a4_top_lenet_w4a4_top_Pipeline_POOL_CHANNEL_POOL_ROW_POOL_COL.
WARNING: [Synth 8-3332] Sequential element (mul_32ns_36ns_67_2_1_U66/dout_reg[33]) is unused and will be removed from module lenet_w4a4_top_lenet_w4a4_top_Pipeline_POOL_CHANNEL_POOL_ROW_POOL_COL.
WARNING: [Synth 8-3332] Sequential element (mul_32ns_36ns_67_2_1_U66/dout_reg[32]) is unused and will be removed from module lenet_w4a4_top_lenet_w4a4_top_Pipeline_POOL_CHANNEL_POOL_ROW_POOL_COL.
WARNING: [Synth 8-3332] Sequential element (mul_32ns_36ns_67_2_1_U66/dout_reg[31]) is unused and will be removed from module lenet_w4a4_top_lenet_w4a4_top_Pipeline_POOL_CHANNEL_POOL_ROW_POOL_COL.
WARNING: [Synth 8-3332] Sequential element (mul_32ns_36ns_67_2_1_U66/dout_reg[30]) is unused and will be removed from module lenet_w4a4_top_lenet_w4a4_top_Pipeline_POOL_CHANNEL_POOL_ROW_POOL_COL.
WARNING: [Synth 8-3332] Sequential element (mul_32ns_36ns_67_2_1_U66/dout_reg[29]) is unused and will be removed from module lenet_w4a4_top_lenet_w4a4_top_Pipeline_POOL_CHANNEL_POOL_ROW_POOL_COL.
WARNING: [Synth 8-3332] Sequential element (mul_32ns_36ns_67_2_1_U66/dout_reg[28]) is unused and will be removed from module lenet_w4a4_top_lenet_w4a4_top_Pipeline_POOL_CHANNEL_POOL_ROW_POOL_COL.
WARNING: [Synth 8-3332] Sequential element (mul_32ns_36ns_67_2_1_U66/dout_reg[27]) is unused and will be removed from module lenet_w4a4_top_lenet_w4a4_top_Pipeline_POOL_CHANNEL_POOL_ROW_POOL_COL.
WARNING: [Synth 8-3332] Sequential element (mul_32ns_36ns_67_2_1_U66/dout_reg[26]) is unused and will be removed from module lenet_w4a4_top_lenet_w4a4_top_Pipeline_POOL_CHANNEL_POOL_ROW_POOL_COL.
WARNING: [Synth 8-3332] Sequential element (mul_32ns_36ns_67_2_1_U66/dout_reg[25]) is unused and will be removed from module lenet_w4a4_top_lenet_w4a4_top_Pipeline_POOL_CHANNEL_POOL_ROW_POOL_COL.
WARNING: [Synth 8-3332] Sequential element (mul_32ns_36ns_67_2_1_U66/dout_reg[24]) is unused and will be removed from module lenet_w4a4_top_lenet_w4a4_top_Pipeline_POOL_CHANNEL_POOL_ROW_POOL_COL.
WARNING: [Synth 8-3332] Sequential element (mul_32ns_36ns_67_2_1_U66/dout_reg[23]) is unused and will be removed from module lenet_w4a4_top_lenet_w4a4_top_Pipeline_POOL_CHANNEL_POOL_ROW_POOL_COL.
WARNING: [Synth 8-3332] Sequential element (mul_32ns_36ns_67_2_1_U66/dout_reg[22]) is unused and will be removed from module lenet_w4a4_top_lenet_w4a4_top_Pipeline_POOL_CHANNEL_POOL_ROW_POOL_COL.
WARNING: [Synth 8-3332] Sequential element (mul_32ns_36ns_67_2_1_U66/dout_reg[21]) is unused and will be removed from module lenet_w4a4_top_lenet_w4a4_top_Pipeline_POOL_CHANNEL_POOL_ROW_POOL_COL.
WARNING: [Synth 8-3332] Sequential element (mul_32ns_36ns_67_2_1_U66/dout_reg[20]) is unused and will be removed from module lenet_w4a4_top_lenet_w4a4_top_Pipeline_POOL_CHANNEL_POOL_ROW_POOL_COL.
WARNING: [Synth 8-3332] Sequential element (mul_32ns_36ns_67_2_1_U66/dout_reg[19]) is unused and will be removed from module lenet_w4a4_top_lenet_w4a4_top_Pipeline_POOL_CHANNEL_POOL_ROW_POOL_COL.
WARNING: [Synth 8-3332] Sequential element (mul_32ns_36ns_67_2_1_U66/dout_reg[18]) is unused and will be removed from module lenet_w4a4_top_lenet_w4a4_top_Pipeline_POOL_CHANNEL_POOL_ROW_POOL_COL.
WARNING: [Synth 8-3332] Sequential element (mul_32ns_36ns_67_2_1_U66/dout_reg[17]) is unused and will be removed from module lenet_w4a4_top_lenet_w4a4_top_Pipeline_POOL_CHANNEL_POOL_ROW_POOL_COL.
WARNING: [Synth 8-3332] Sequential element (mul_32ns_36ns_67_2_1_U66/dout_reg[47]__0) is unused and will be removed from module lenet_w4a4_top_lenet_w4a4_top_Pipeline_POOL_CHANNEL_POOL_ROW_POOL_COL.
WARNING: [Synth 8-3332] Sequential element (mul_32ns_36ns_67_2_1_U66/dout_reg[46]__0) is unused and will be removed from module lenet_w4a4_top_lenet_w4a4_top_Pipeline_POOL_CHANNEL_POOL_ROW_POOL_COL.
WARNING: [Synth 8-3332] Sequential element (mul_32ns_36ns_67_2_1_U66/dout_reg[45]__0) is unused and will be removed from module lenet_w4a4_top_lenet_w4a4_top_Pipeline_POOL_CHANNEL_POOL_ROW_POOL_COL.
WARNING: [Synth 8-3332] Sequential element (mul_32ns_36ns_67_2_1_U66/dout_reg[44]__0) is unused and will be removed from module lenet_w4a4_top_lenet_w4a4_top_Pipeline_POOL_CHANNEL_POOL_ROW_POOL_COL.
WARNING: [Synth 8-3332] Sequential element (mul_32ns_36ns_67_2_1_U66/dout_reg[43]__0) is unused and will be removed from module lenet_w4a4_top_lenet_w4a4_top_Pipeline_POOL_CHANNEL_POOL_ROW_POOL_COL.
WARNING: [Synth 8-3332] Sequential element (mul_32ns_36ns_67_2_1_U66/dout_reg[42]__0) is unused and will be removed from module lenet_w4a4_top_lenet_w4a4_top_Pipeline_POOL_CHANNEL_POOL_ROW_POOL_COL.
WARNING: [Synth 8-3332] Sequential element (mul_32ns_36ns_67_2_1_U66/dout_reg[41]__0) is unused and will be removed from module lenet_w4a4_top_lenet_w4a4_top_Pipeline_POOL_CHANNEL_POOL_ROW_POOL_COL.
INFO: [Common 17-14] Message 'Synth 8-3332' appears 100 times and further instances of the messages will be disabled. Use the Tcl command set_msg_config to change the current settings.
---------------------------------------------------------------------------------
Finished Cross Boundary and Area Optimization : Time (s): cpu = 00:00:40 ; elapsed = 00:00:42 . Memory (MB): peak = 2152.582 ; gain = 719.652
---------------------------------------------------------------------------------
---------------------------------------------------------------------------------
Start ROM, RAM, DSP, Shift Register and Retiming Reporting
---------------------------------------------------------------------------------

Block RAM: Preliminary Mapping Report (see note below)
+---------------+------------------------------------------+------------------------+---+---+------------------------+---+---+------------------+--------+--------+
|Module Name    | RTL Object                               | PORT A (Depth x Width) | W | R | PORT B (Depth x Width) | W | R | Ports driving FF | RAMB18 | RAMB36 | 
+---------------+------------------------------------------+------------------------+---+---+------------------------+---+---+------------------+--------+--------+
|lenet_w4a4_top | local_weight_V_U/ram_reg                 | 200 x 4(READ_FIRST)    | W | R |                        |   |   | Port A           | 1      | 0      | 
|lenet_w4a4_top | local_weight_V_1_U/ram_reg               | 200 x 4(READ_FIRST)    | W | R |                        |   |   | Port A           | 1      | 0      | 
|lenet_w4a4_top | input_V_U/ram0_reg                       | 1 K x 4(READ_FIRST)    | W | R | 1 K x 4(WRITE_FIRST)   |   | R | Port A and B     | 1      | 0      | 
|lenet_w4a4_top | input_V_U/ram1_reg                       | 1 K x 4(READ_FIRST)    | W |   | 1 K x 4(WRITE_FIRST)   |   | R | Port A and B     | 1      | 0      | 
|lenet_w4a4_top | input_V_U/ram2_reg                       | 1 K x 4(READ_FIRST)    | W |   | 1 K x 4(WRITE_FIRST)   |   | R | Port A and B     | 1      | 0      | 
|lenet_w4a4_top | input_V_U/ram3_reg                       | 1 K x 4(READ_FIRST)    | W |   | 1 K x 4(WRITE_FIRST)   |   | R | Port A and B     | 1      | 0      | 
|lenet_w4a4_top | input_V_U/ram4_reg                       | 1 K x 4(READ_FIRST)    | W |   | 1 K x 4(WRITE_FIRST)   |   | R | Port A and B     | 1      | 0      | 
|lenet_w4a4_top | input_V_U/ram5_reg                       | 1 K x 4(READ_FIRST)    | W |   | 1 K x 4(WRITE_FIRST)   |   | R | Port A and B     | 1      | 0      | 
|lenet_w4a4_top | input_V_U/ram6_reg                       | 1 K x 4(READ_FIRST)    | W |   | 1 K x 4(WRITE_FIRST)   |   | R | Port A and B     | 1      | 0      | 
|lenet_w4a4_top | input_V_U/ram7_reg                       | 1 K x 4(READ_FIRST)    | W |   | 1 K x 4(WRITE_FIRST)   |   | R | Port A and B     | 1      | 0      | 
|lenet_w4a4_top | input_V_U/ram8_reg                       | 1 K x 4(READ_FIRST)    | W |   | 1 K x 4(WRITE_FIRST)   |   | R | Port A and B     | 1      | 0      | 
|lenet_w4a4_top | input_V_U/ram9_reg                       | 1 K x 4(READ_FIRST)    | W |   | 1 K x 4(WRITE_FIRST)   |   | R | Port A and B     | 1      | 0      | 
|lenet_w4a4_top | input_V_U/ram10_reg                      | 1 K x 4(READ_FIRST)    | W |   | 1 K x 4(WRITE_FIRST)   |   | R | Port A and B     | 1      | 0      | 
|lenet_w4a4_top | input_V_U/ram11_reg                      | 1 K x 4(READ_FIRST)    | W |   | 1 K x 4(WRITE_FIRST)   |   | R | Port A and B     | 1      | 0      | 
|lenet_w4a4_top | conv1_acc_V_U/ram0_reg                   | 4 K x 12(READ_FIRST)   | W | R | 4 K x 12(WRITE_FIRST)  |   | R | Port A and B     | 0      | 3      | 
|lenet_w4a4_top | conv1_acc_V_U/ram1_reg                   | 4 K x 12(READ_FIRST)   | W |   | 4 K x 12(WRITE_FIRST)  |   | R | Port A and B     | 0      | 3      | 
|lenet_w4a4_top | conv1_acc_V_U/ram2_reg                   | 4 K x 12(READ_FIRST)   | W |   | 4 K x 12(WRITE_FIRST)  |   | R | Port A and B     | 0      | 3      | 
|lenet_w4a4_top | pool1_V_U/ram_reg                        | 1 K x 3(READ_FIRST)    | W | R |                        |   |   | Port A           | 1      | 0      | 
|lenet_w4a4_top | conv2_acc_V_U/ram0_reg                   | 1 K x 15(READ_FIRST)   | W | R | 1 K x 15(WRITE_FIRST)  |   | R | Port A and B     | 0      | 1      | 
|lenet_w4a4_top | conv2_acc_V_U/ram1_reg                   | 1 K x 15(READ_FIRST)   | W |   | 1 K x 15(WRITE_FIRST)  |   | R | Port A and B     | 0      | 1      | 
|lenet_w4a4_top | conv2_acc_V_U/ram2_reg                   | 1 K x 15(READ_FIRST)   | W |   | 1 K x 15(WRITE_FIRST)  |   | R | Port A and B     | 0      | 1      | 
|lenet_w4a4_top | pool2_V_U/ram_reg                        | 400 x 3(READ_FIRST)    | W | R |                        |   |   | Port A           | 1      | 0      | 
|lenet_w4a4_top | conv3_acc_V_U/ram_reg                    | 120 x 16(READ_FIRST)   | W | R |                        |   |   | Port A           | 1      | 0      | 
|lenet_w4a4_top | fc1_acc_V_U/ram_reg                      | 84 x 14(READ_FIRST)    | W | R |                        |   |   | Port A           | 1      | 0      | 
|gmem0_m_axi_U  | load_unit/buff_rdata/U_fifo_mem/mem_reg  | 255 x 34(READ_FIRST)   | W |   | 255 x 34(WRITE_FIRST)  |   | R | Port A and B     | 1      | 0      | 
|gmem1_m_axi_U  | load_unit/buff_rdata/U_fifo_mem/mem_reg  | 255 x 34(READ_FIRST)   | W |   | 255 x 34(WRITE_FIRST)  |   | R | Port A and B     | 1      | 0      | 
|gmem2_m_axi_U  | store_unit/buff_wdata/U_fifo_mem/mem_reg | 15 x 36(READ_FIRST)    | W |   | 15 x 36(WRITE_FIRST)   |   | R | Port A and B     | 1      | 0      | 
+---------------+------------------------------------------+------------------------+---+---+------------------------+---+---+------------------+--------+--------+

Note: The table above is a preliminary report that shows the Block RAMs at the current stage of the synthesis flow. Some Block RAMs may be reimplemented as non Block RAM primitives later in the synthesis flow. Multiple instantiated Block RAMs are reported only once. 

Distributed RAM: Preliminary Mapping Report (see note below)
+---------------+----------------------------+-----------+----------------------+-----------------------------------------+
|Module Name    | RTL Object                 | Inference | Size (Depth x Width) | Primitives                              | 
+---------------+----------------------------+-----------+----------------------+-----------------------------------------+
|lenet_w4a4_top | local_weight_V_2_U/ram_reg | Implied   | 128 x 4              | RAM16X1S x 4 RAM64X1S x 4               | 
|lenet_w4a4_top | local_weight_V_3_U/ram_reg | Implied   | 128 x 4              | RAM16X1S x 4 RAM64X1S x 4               | 
|lenet_w4a4_top | conv3_relu_V_U/ram_reg     | Implied   | 128 x 3              | RAM16X1S x 6 RAM32X1S x 3 RAM64X1S x 3  | 
|lenet_w4a4_top | fc1_relu_V_U/ram_reg       | Implied   | 128 x 3              | RAM16X1S x 6 RAM64X1S x 3               | 
|lenet_w4a4_top | fc2_acc_V_U/ram_reg        | Implied   | 16 x 14              | RAM16X1S x 14                           | 
|lenet_w4a4_top | fc2_quant_V_U/ram_reg      | Implied   | 16 x 4               | RAM16X1S x 4                            | 
|lenet_w4a4_top | local_weight_V_4_U/ram_reg | Implied   | 16 x 4               | RAM16X1D x 4                            | 
|lenet_w4a4_top | local_weight_V_5_U/ram_reg | Implied   | 16 x 4               | RAM16X1D x 4                            | 
+---------------+----------------------------+-----------+----------------------+-----------------------------------------+

Note: The table above is a preliminary report that shows the Distributed RAMs at the current stage of the synthesis flow. Some Distributed RAMs may be reimplemented as non Distributed RAM primitives later in the synthesis flow. Multiple instantiated RAMs are reported only once.

DSP: Preliminary Mapping Report (see note below. The ' indicates corresponding REG is set)
+-------------------------------------------------------------------------------+-----------------------+--------+--------+--------+--------+--------+------+------+------+------+-------+------+------+
|Module Name                                                                    | DSP Mapping           | A Size | B Size | C Size | D Size | P Size | AREG | BREG | CREG | DREG | ADREG | MREG | PREG | 
+-------------------------------------------------------------------------------+-----------------------+--------+--------+--------+--------+--------+------+------+------+------+-------+------+------+
|lenet_w4a4_top_lenet_w4a4_top_Pipeline_POOL_CHANNEL_POOL_ROW_POOL_COL          | A2*(B:0x9b3)          | 16     | 13     | -      | -      | 48     | 1    | 0    | -    | -    | -     | 0    | 0    | 
|lenet_w4a4_top_lenet_w4a4_top_Pipeline_POOL_CHANNEL_POOL_ROW_POOL_COL          | (PCIN>>17)+A*B2       | 19     | 16     | -      | -      | 48     | 0    | 1    | -    | -    | -     | 0    | 1    | 
|lenet_w4a4_top_lenet_w4a4_top_Pipeline_POOL_CHANNEL_POOL_ROW_POOL_COL          | A2*(B:0x9b3)          | 18     | 13     | -      | -      | 48     | 1    | 0    | -    | -    | -     | 0    | 0    | 
|lenet_w4a4_top_lenet_w4a4_top_Pipeline_POOL_CHANNEL_POOL_ROW_POOL_COL          | (PCIN>>17)+A*B2       | 19     | 18     | -      | -      | 48     | 0    | 1    | -    | -    | -     | 0    | 1    | 
|lenet_w4a4_top_lenet_w4a4_top_Pipeline_POOL_CHANNEL_POOL_ROW_POOL_COL          | A2*(B:0x9b3)          | 16     | 13     | -      | -      | 48     | 1    | 0    | -    | -    | -     | 0    | 0    | 
|lenet_w4a4_top_lenet_w4a4_top_Pipeline_POOL_CHANNEL_POOL_ROW_POOL_COL          | (PCIN>>17)+A*B2       | 19     | 16     | -      | -      | 48     | 0    | 1    | -    | -    | -     | 0    | 1    | 
|lenet_w4a4_top_lenet_w4a4_top_Pipeline_POOL_CHANNEL_POOL_ROW_POOL_COL          | A2*(B:0x9b3)          | 18     | 13     | -      | -      | 48     | 1    | 0    | -    | -    | -     | 0    | 0    | 
|lenet_w4a4_top_lenet_w4a4_top_Pipeline_POOL_CHANNEL_POOL_ROW_POOL_COL          | (PCIN>>17)+A*B2       | 19     | 18     | -      | -      | 48     | 0    | 1    | -    | -    | -     | 0    | 1    | 
|lenet_w4a4_top_lenet_w4a4_top_Pipeline_POOL_CHANNEL_POOL_ROW_POOL_COL          | A2*(B:0x9b3)          | 16     | 13     | -      | -      | 48     | 1    | 0    | -    | -    | -     | 0    | 0    | 
|lenet_w4a4_top_lenet_w4a4_top_Pipeline_POOL_CHANNEL_POOL_ROW_POOL_COL          | (PCIN>>17)+A*B2       | 19     | 16     | -      | -      | 48     | 0    | 1    | -    | -    | -     | 0    | 1    | 
|lenet_w4a4_top_lenet_w4a4_top_Pipeline_POOL_CHANNEL_POOL_ROW_POOL_COL          | A2*(B:0x9b3)          | 18     | 13     | -      | -      | 48     | 1    | 0    | -    | -    | -     | 0    | 0    | 
|lenet_w4a4_top_lenet_w4a4_top_Pipeline_POOL_CHANNEL_POOL_ROW_POOL_COL          | (PCIN>>17)+A*B2       | 19     | 18     | -      | -      | 48     | 0    | 1    | -    | -    | -     | 0    | 1    | 
|lenet_w4a4_top_lenet_w4a4_top_Pipeline_POOL_CHANNEL_POOL_ROW_POOL_COL          | A2*(B:0x9b3)          | 16     | 13     | -      | -      | 48     | 1    | 0    | -    | -    | -     | 0    | 0    | 
|lenet_w4a4_top_lenet_w4a4_top_Pipeline_POOL_CHANNEL_POOL_ROW_POOL_COL          | (PCIN>>17)+A*B2       | 19     | 16     | -      | -      | 48     | 0    | 1    | -    | -    | -     | 0    | 1    | 
|lenet_w4a4_top_lenet_w4a4_top_Pipeline_POOL_CHANNEL_POOL_ROW_POOL_COL          | A2*(B:0x9b3)          | 18     | 13     | -      | -      | 48     | 1    | 0    | -    | -    | -     | 0    | 0    | 
|lenet_w4a4_top_lenet_w4a4_top_Pipeline_POOL_CHANNEL_POOL_ROW_POOL_COL          | (PCIN>>17)+A*B2       | 19     | 18     | -      | -      | 48     | 0    | 1    | -    | -    | -     | 0    | 1    | 
|lenet_w4a4_top_lenet_w4a4_top_Pipeline_OUT_ROW_OUT_COL                         | (A2*B2)'              | 5      | 5      | -      | -      | 10     | 1    | 1    | -    | -    | -     | 1    | 0    | 
|lenet_w4a4_top_lenet_w4a4_top_Pipeline_OUT_ROW_OUT_COL                         | (PCIN+(A2*B)')'       | 4      | 4      | -      | -      | 9      | 1    | 0    | -    | -    | -     | 1    | 1    | 
|lenet_w4a4_top_lenet_w4a4_top_Pipeline_OUT_ROW_OUT_COL                         | (PCIN+(A''*B2)')'     | 5      | 5      | -      | -      | 9      | 2    | 1    | -    | -    | -     | 1    | 1    | 
|lenet_w4a4_top_lenet_w4a4_top_Pipeline_OUT_ROW_OUT_COL                         | (A2*B2)'              | 5      | 5      | -      | -      | 10     | 1    | 1    | -    | -    | -     | 1    | 0    | 
|lenet_w4a4_top_mac_muladd_4s_4s_8s_9_4_1_DSP48_0                               | (PCIN+(A*B)')'        | 4      | 4      | -      | -      | 9      | 0    | 0    | -    | -    | -     | 1    | 1    | 
|lenet_w4a4_top_lenet_w4a4_top_Pipeline_OUT_ROW_OUT_COL                         | (PCIN+(A2*B2)')'      | 5      | 5      | -      | -      | 9      | 1    | 1    | -    | -    | -     | 1    | 1    | 
|lenet_w4a4_top_lenet_w4a4_top_Pipeline_OUT_ROW_OUT_COL                         | (A2*B2)'              | 5      | 5      | -      | -      | 10     | 1    | 1    | -    | -    | -     | 1    | 0    | 
|lenet_w4a4_top_lenet_w4a4_top_Pipeline_OUT_ROW_OUT_COL                         | (PCIN+A2*B)'          | 4      | 4      | -      | -      | 9      | 1    | 0    | -    | -    | -     | 0    | 1    | 
|lenet_w4a4_top_lenet_w4a4_top_Pipeline_OUT_ROW_OUT_COL                         | (PCIN+(A''*B2)')'     | 5      | 5      | -      | -      | 9      | 2    | 1    | -    | -    | -     | 1    | 1    | 
|lenet_w4a4_top_lenet_w4a4_top_Pipeline_OUT_ROW_OUT_COL                         | (A2*B2)'              | 5      | 5      | -      | -      | 10     | 1    | 1    | -    | -    | -     | 1    | 0    | 
|lenet_w4a4_top_lenet_w4a4_top_Pipeline_OUT_ROW_OUT_COL                         | (PCIN+(A2*B)')'       | 4      | 4      | -      | -      | 9      | 1    | 0    | -    | -    | -     | 1    | 1    | 
|lenet_w4a4_top_lenet_w4a4_top_Pipeline_OUT_ROW_OUT_COL                         | (PCIN+(A''*B2)')'     | 5      | 5      | -      | -      | 9      | 2    | 1    | -    | -    | -     | 1    | 1    | 
|lenet_w4a4_top_lenet_w4a4_top_Pipeline_OUT_ROW_OUT_COL                         | (A2*B2)'              | 5      | 5      | -      | -      | 10     | 1    | 1    | -    | -    | -     | 1    | 0    | 
|lenet_w4a4_top_lenet_w4a4_top_Pipeline_OUT_ROW_OUT_COL                         | (PCIN+A2*B)'          | 4      | 4      | -      | -      | 9      | 1    | 0    | -    | -    | -     | 0    | 1    | 
|lenet_w4a4_top_lenet_w4a4_top_Pipeline_OUT_ROW_OUT_COL                         | (PCIN+(A''*B2)')'     | 5      | 5      | -      | -      | 9      | 2    | 1    | -    | -    | -     | 1    | 1    | 
|lenet_w4a4_top_lenet_w4a4_top_Pipeline_OUT_ROW_OUT_COL                         | (A2*B2)'              | 5      | 5      | -      | -      | 10     | 1    | 1    | -    | -    | -     | 1    | 0    | 
|lenet_w4a4_top_mac_muladd_4s_4s_8s_9_4_1_DSP48_0                               | (PCIN+(A*B)')'        | 4      | 4      | -      | -      | 9      | 0    | 0    | -    | -    | -     | 1    | 1    | 
|lenet_w4a4_top_lenet_w4a4_top_Pipeline_OUT_ROW_OUT_COL                         | (C'+(A''*B2)')'       | 5      | 5      | 9      | -      | 9      | 2    | 1    | 1    | -    | -     | 1    | 1    | 
|lenet_w4a4_top_lenet_w4a4_top_Pipeline_OUT_ROW_OUT_COL                         | (A2*B2)'              | 5      | 5      | -      | -      | 10     | 1    | 1    | -    | -    | -     | 1    | 0    | 
|lenet_w4a4_top_lenet_w4a4_top_Pipeline_OUT_ROW_OUT_COL                         | (PCIN+A2*B)'          | 4      | 4      | -      | -      | 9      | 1    | 0    | -    | -    | -     | 0    | 1    | 
|lenet_w4a4_top_lenet_w4a4_top_Pipeline_OUT_ROW_OUT_COL                         | (A''*B2)'             | 5      | 5      | -      | -      | 10     | 2    | 1    | -    | -    | -     | 1    | 0    | 
|lenet_w4a4_top_mac_muladd_4s_4s_8s_9_4_1_DSP48_0                               | (PCIN+(A*B)')'        | 4      | 4      | -      | -      | 9      | 0    | 0    | -    | -    | -     | 1    | 1    | 
|lenet_w4a4_top_lenet_w4a4_top_Pipeline_OUT_ROW_OUT_COL                         | (PCIN+(A2*B2)')'      | 5      | 5      | -      | -      | 9      | 1    | 1    | -    | -    | -     | 1    | 1    | 
|lenet_w4a4_top_lenet_w4a4_top_Pipeline_OUT_ROW_OUT_COL                         | (C+(A2*B2)')'         | 5      | 5      | 8      | -      | 9      | 1    | 1    | 0    | -    | -     | 1    | 1    | 
|lenet_w4a4_top_lenet_w4a4_top_Pipeline_POOL_CHANNEL_POOL_ROW_POOL_COL2         | (A:0x13162)*B2        | 18     | 16     | -      | -      | 48     | 0    | 1    | -    | -    | -     | 0    | 0    | 
|lenet_w4a4_top_lenet_w4a4_top_Pipeline_POOL_CHANNEL_POOL_ROW_POOL_COL2         | (PCIN>>17)+A*B2       | 20     | 16     | -      | -      | 48     | 0    | 1    | -    | -    | -     | 0    | 1    | 
|lenet_w4a4_top_lenet_w4a4_top_Pipeline_POOL_CHANNEL_POOL_ROW_POOL_COL2         | A2*(B:0x13162)        | 18     | 18     | -      | -      | 48     | 1    | 0    | -    | -    | -     | 0    | 0    | 
|lenet_w4a4_top_lenet_w4a4_top_Pipeline_POOL_CHANNEL_POOL_ROW_POOL_COL2         | (PCIN>>17)+A*B2       | 20     | 18     | -      | -      | 48     | 0    | 1    | -    | -    | -     | 0    | 1    | 
|lenet_w4a4_top_lenet_w4a4_top_Pipeline_POOL_CHANNEL_POOL_ROW_POOL_COL2         | (A:0x13162)*B2        | 18     | 16     | -      | -      | 48     | 0    | 1    | -    | -    | -     | 0    | 0    | 
|lenet_w4a4_top_lenet_w4a4_top_Pipeline_POOL_CHANNEL_POOL_ROW_POOL_COL2         | (PCIN>>17)+A*B2       | 20     | 16     | -      | -      | 48     | 0    | 1    | -    | -    | -     | 0    | 1    | 
|lenet_w4a4_top_lenet_w4a4_top_Pipeline_POOL_CHANNEL_POOL_ROW_POOL_COL2         | A2*(B:0x13162)        | 18     | 18     | -      | -      | 48     | 1    | 0    | -    | -    | -     | 0    | 0    | 
|lenet_w4a4_top_lenet_w4a4_top_Pipeline_POOL_CHANNEL_POOL_ROW_POOL_COL2         | (PCIN>>17)+A*B2       | 20     | 18     | -      | -      | 48     | 0    | 1    | -    | -    | -     | 0    | 1    | 
|lenet_w4a4_top_lenet_w4a4_top_Pipeline_POOL_CHANNEL_POOL_ROW_POOL_COL2         | (A:0x13162)*B2        | 18     | 16     | -      | -      | 48     | 0    | 1    | -    | -    | -     | 0    | 0    | 
|lenet_w4a4_top_lenet_w4a4_top_Pipeline_POOL_CHANNEL_POOL_ROW_POOL_COL2         | (PCIN>>17)+A*B2       | 20     | 16     | -      | -      | 48     | 0    | 1    | -    | -    | -     | 0    | 1    | 
|lenet_w4a4_top_lenet_w4a4_top_Pipeline_POOL_CHANNEL_POOL_ROW_POOL_COL2         | A2*(B:0x13162)        | 18     | 18     | -      | -      | 48     | 1    | 0    | -    | -    | -     | 0    | 0    | 
|lenet_w4a4_top_lenet_w4a4_top_Pipeline_POOL_CHANNEL_POOL_ROW_POOL_COL2         | (PCIN>>17)+A*B2       | 20     | 18     | -      | -      | 48     | 0    | 1    | -    | -    | -     | 0    | 1    | 
|lenet_w4a4_top_lenet_w4a4_top_Pipeline_VITIS_LOOP_147_1_KERNEL_ROW_KERNEL_COL  | (P or C)+(A2*B2)'     | 15     | 5      | 15     | -      | 15     | 1    | 1    | 0    | -    | -     | 1    | 1    | 
|lenet_w4a4_top_lenet_w4a4_top_Pipeline_VITIS_LOOP_147_1_KERNEL_ROW_KERNEL_COL4 | (P or C)+(A2*B2)'     | 16     | 5      | 16     | -      | 16     | 1    | 1    | 0    | -    | -     | 1    | 1    | 
|lenet_w4a4_top_lenet_w4a4_top_Pipeline_DENSE_OUTPUT_DENSE_INPUT                | (0 or C)+(A2*B2)'     | 14     | 5      | 14     | -      | 14     | 1    | 1    | 0    | -    | -     | 1    | 1    | 
|lenet_w4a4_top_lenet_w4a4_top_Pipeline_REQUANT_VECTOR5                         | (A:0x1acf5)*B2        | 18     | 16     | -      | -      | 48     | 0    | 1    | -    | -    | -     | 0    | 0    | 
|lenet_w4a4_top_lenet_w4a4_top_Pipeline_REQUANT_VECTOR5                         | (PCIN>>17)+A*B2       | 21     | 16     | -      | -      | 48     | 0    | 1    | -    | -    | -     | 0    | 1    | 
|lenet_w4a4_top_lenet_w4a4_top_Pipeline_REQUANT_VECTOR5                         | A2*(B:0x1acf5)        | 18     | 18     | -      | -      | 48     | 1    | 0    | -    | -    | -     | 0    | 0    | 
|lenet_w4a4_top_lenet_w4a4_top_Pipeline_REQUANT_VECTOR5                         | (PCIN>>17)+A*B2       | 21     | 18     | -      | -      | 48     | 0    | 1    | -    | -    | -     | 0    | 1    | 
|lenet_w4a4_top_mac_muladd_4ns_7ns_7ns_10_4_1_DSP48_5                           | (C'+(A2*(B:0x54)')')' | 10     | 10     | 8      | -      | 10     | 1    | 1    | 1    | -    | -     | 1    | 1    | 
|lenet_w4a4_top_lenet_w4a4_top_Pipeline_DENSE_OUTPUT_DENSE_INPUT6               | (0 or C)+(A2*B2)'     | 14     | 5      | 14     | -      | 14     | 1    | 1    | 0    | -    | -     | 1    | 1    | 
|lenet_w4a4_top                                                                 | A*B                   | 18     | 16     | -      | -      | 48     | 0    | 0    | -    | -    | -     | 0    | 0    | 
|lenet_w4a4_top                                                                 | (PCIN>>17)+A*B        | 21     | 16     | -      | -      | 48     | 0    | 0    | -    | -    | -     | 0    | 1    | 
|lenet_w4a4_top                                                                 | A*B                   | 18     | 18     | -      | -      | 48     | 0    | 0    | -    | -    | -     | 0    | 0    | 
|lenet_w4a4_top                                                                 | (PCIN>>17)+A*B        | 21     | 18     | -      | -      | 48     | 0    | 0    | -    | -    | -     | 0    | 1    | 
+-------------------------------------------------------------------------------+-----------------------+--------+--------+--------+--------+--------+------+------+------+------+-------+------+------+

Note: The table above is a preliminary report that shows the DSPs inferred at the current stage of the synthesis flow. Some DSP may be reimplemented as non DSP primitives later in the synthesis flow. Multiple instantiated DSPs are reported only once.
---------------------------------------------------------------------------------
Finished ROM, RAM, DSP, Shift Register and Retiming Reporting
---------------------------------------------------------------------------------
---------------------------------------------------------------------------------
Start Applying XDC Timing Constraints
---------------------------------------------------------------------------------
---------------------------------------------------------------------------------
Finished Applying XDC Timing Constraints : Time (s): cpu = 00:00:45 ; elapsed = 00:00:48 . Memory (MB): peak = 2152.582 ; gain = 719.652
---------------------------------------------------------------------------------
---------------------------------------------------------------------------------
Start Timing Optimization
---------------------------------------------------------------------------------
---------------------------------------------------------------------------------
Finished Timing Optimization : Time (s): cpu = 00:00:49 ; elapsed = 00:00:51 . Memory (MB): peak = 2196.227 ; gain = 763.297
---------------------------------------------------------------------------------
---------------------------------------------------------------------------------
Start ROM, RAM, DSP, Shift Register and Retiming Reporting
---------------------------------------------------------------------------------

Block RAM: Final Mapping Report
+---------------+------------------------------------------+------------------------+---+---+------------------------+---+---+------------------+--------+--------+
|Module Name    | RTL Object                               | PORT A (Depth x Width) | W | R | PORT B (Depth x Width) | W | R | Ports driving FF | RAMB18 | RAMB36 | 
+---------------+------------------------------------------+------------------------+---+---+------------------------+---+---+------------------+--------+--------+
|lenet_w4a4_top | local_weight_V_U/ram_reg                 | 200 x 4(READ_FIRST)    | W | R |                        |   |   | Port A           | 1      | 0      | 
|lenet_w4a4_top | local_weight_V_1_U/ram_reg               | 200 x 4(READ_FIRST)    | W | R |                        |   |   | Port A           | 1      | 0      | 
|lenet_w4a4_top | input_V_U/ram0_reg                       | 1 K x 4(READ_FIRST)    | W | R | 1 K x 4(WRITE_FIRST)   |   | R | Port A and B     | 1      | 0      | 
|lenet_w4a4_top | input_V_U/ram1_reg                       | 1 K x 4(READ_FIRST)    | W |   | 1 K x 4(WRITE_FIRST)   |   | R | Port A and B     | 1      | 0      | 
|lenet_w4a4_top | input_V_U/ram2_reg                       | 1 K x 4(READ_FIRST)    | W |   | 1 K x 4(WRITE_FIRST)   |   | R | Port A and B     | 1      | 0      | 
|lenet_w4a4_top | input_V_U/ram3_reg                       | 1 K x 4(READ_FIRST)    | W |   | 1 K x 4(WRITE_FIRST)   |   | R | Port A and B     | 1      | 0      | 
|lenet_w4a4_top | input_V_U/ram4_reg                       | 1 K x 4(READ_FIRST)    | W |   | 1 K x 4(WRITE_FIRST)   |   | R | Port A and B     | 1      | 0      | 
|lenet_w4a4_top | input_V_U/ram5_reg                       | 1 K x 4(READ_FIRST)    | W |   | 1 K x 4(WRITE_FIRST)   |   | R | Port A and B     | 1      | 0      | 
|lenet_w4a4_top | input_V_U/ram6_reg                       | 1 K x 4(READ_FIRST)    | W |   | 1 K x 4(WRITE_FIRST)   |   | R | Port A and B     | 1      | 0      | 
|lenet_w4a4_top | input_V_U/ram7_reg                       | 1 K x 4(READ_FIRST)    | W |   | 1 K x 4(WRITE_FIRST)   |   | R | Port A and B     | 1      | 0      | 
|lenet_w4a4_top | input_V_U/ram8_reg                       | 1 K x 4(READ_FIRST)    | W |   | 1 K x 4(WRITE_FIRST)   |   | R | Port A and B     | 1      | 0      | 
|lenet_w4a4_top | input_V_U/ram9_reg                       | 1 K x 4(READ_FIRST)    | W |   | 1 K x 4(WRITE_FIRST)   |   | R | Port A and B     | 1      | 0      | 
|lenet_w4a4_top | input_V_U/ram10_reg                      | 1 K x 4(READ_FIRST)    | W |   | 1 K x 4(WRITE_FIRST)   |   | R | Port A and B     | 1      | 0      | 
|lenet_w4a4_top | input_V_U/ram11_reg                      | 1 K x 4(READ_FIRST)    | W |   | 1 K x 4(WRITE_FIRST)   |   | R | Port A and B     | 1      | 0      | 
|lenet_w4a4_top | conv1_acc_V_U/ram0_reg                   | 4 K x 12(READ_FIRST)   | W | R | 4 K x 12(WRITE_FIRST)  |   | R | Port A and B     | 0      | 3      | 
|lenet_w4a4_top | conv1_acc_V_U/ram1_reg                   | 4 K x 12(READ_FIRST)   | W |   | 4 K x 12(WRITE_FIRST)  |   | R | Port A and B     | 0      | 3      | 
|lenet_w4a4_top | conv1_acc_V_U/ram2_reg                   | 4 K x 12(READ_FIRST)   | W |   | 4 K x 12(WRITE_FIRST)  |   | R | Port A and B     | 0      | 3      | 
|lenet_w4a4_top | pool1_V_U/ram_reg                        | 1 K x 3(READ_FIRST)    | W | R |                        |   |   | Port A           | 1      | 0      | 
|lenet_w4a4_top | conv2_acc_V_U/ram0_reg                   | 1 K x 15(READ_FIRST)   | W | R | 1 K x 15(WRITE_FIRST)  |   | R | Port A and B     | 0      | 1      | 
|lenet_w4a4_top | conv2_acc_V_U/ram1_reg                   | 1 K x 15(READ_FIRST)   | W |   | 1 K x 15(WRITE_FIRST)  |   | R | Port A and B     | 0      | 1      | 
|lenet_w4a4_top | conv2_acc_V_U/ram2_reg                   | 1 K x 15(READ_FIRST)   | W |   | 1 K x 15(WRITE_FIRST)  |   | R | Port A and B     | 0      | 1      | 
|lenet_w4a4_top | pool2_V_U/ram_reg                        | 400 x 3(READ_FIRST)    | W | R |                        |   |   | Port A           | 1      | 0      | 
|lenet_w4a4_top | conv3_acc_V_U/ram_reg                    | 120 x 16(READ_FIRST)   | W | R |                        |   |   | Port A           | 1      | 0      | 
|lenet_w4a4_top | fc1_acc_V_U/ram_reg                      | 84 x 14(READ_FIRST)    | W | R |                        |   |   | Port A           | 1      | 0      | 
|gmem0_m_axi_U  | load_unit/buff_rdata/U_fifo_mem/mem_reg  | 255 x 34(READ_FIRST)   | W |   | 255 x 34(WRITE_FIRST)  |   | R | Port A and B     | 1      | 0      | 
|gmem1_m_axi_U  | load_unit/buff_rdata/U_fifo_mem/mem_reg  | 255 x 34(READ_FIRST)   | W |   | 255 x 34(WRITE_FIRST)  |   | R | Port A and B     | 1      | 0      | 
|gmem2_m_axi_U  | store_unit/buff_wdata/U_fifo_mem/mem_reg | 15 x 36(READ_FIRST)    | W |   | 15 x 36(WRITE_FIRST)   |   | R | Port A and B     | 1      | 0      | 
+---------------+------------------------------------------+------------------------+---+---+------------------------+---+---+------------------+--------+--------+


Distributed RAM: Final Mapping Report
+---------------+----------------------------+-----------+----------------------+-----------------------------------------+
|Module Name    | RTL Object                 | Inference | Size (Depth x Width) | Primitives                              | 
+---------------+----------------------------+-----------+----------------------+-----------------------------------------+
|lenet_w4a4_top | local_weight_V_2_U/ram_reg | Implied   | 128 x 4              | RAM16X1S x 4 RAM64X1S x 4               | 
|lenet_w4a4_top | local_weight_V_3_U/ram_reg | Implied   | 128 x 4              | RAM16X1S x 4 RAM64X1S x 4               | 
|lenet_w4a4_top | conv3_relu_V_U/ram_reg     | Implied   | 128 x 3              | RAM16X1S x 6 RAM32X1S x 3 RAM64X1S x 3  | 
|lenet_w4a4_top | fc1_relu_V_U/ram_reg       | Implied   | 128 x 3              | RAM16X1S x 6 RAM64X1S x 3               | 
|lenet_w4a4_top | fc2_acc_V_U/ram_reg        | Implied   | 16 x 14              | RAM16X1S x 14                           | 
|lenet_w4a4_top | fc2_quant_V_U/ram_reg      | Implied   | 16 x 4               | RAM16X1S x 4                            | 
|lenet_w4a4_top | local_weight_V_4_U/ram_reg | Implied   | 16 x 4               | RAM16X1D x 4                            | 
|lenet_w4a4_top | local_weight_V_5_U/ram_reg | Implied   | 16 x 4               | RAM16X1D x 4                            | 
+---------------+----------------------------+-----------+----------------------+-----------------------------------------+

---------------------------------------------------------------------------------
Finished ROM, RAM, DSP, Shift Register and Retiming Reporting
---------------------------------------------------------------------------------
---------------------------------------------------------------------------------
Start Technology Mapping
---------------------------------------------------------------------------------
INFO: [Synth 8-7052] The timing for the instance local_weight_V_U/ram_reg (implemented as a Block RAM) might be sub-optimal as no optional output register could be merged into the ram block. Providing additional output register may help in improving timing.
INFO: [Synth 8-7052] The timing for the instance local_weight_V_1_U/ram_reg (implemented as a Block RAM) might be sub-optimal as no optional output register could be merged into the ram block. Providing additional output register may help in improving timing.
INFO: [Synth 8-7052] The timing for the instance input_V_U/ram0_reg (implemented as a Block RAM) might be sub-optimal as no optional output register could be merged into the ram block. Providing additional output register may help in improving timing.
INFO: [Synth 8-7052] The timing for the instance input_V_U/ram0_reg (implemented as a Block RAM) might be sub-optimal as no optional output register could be merged into the ram block. Providing additional output register may help in improving timing.
INFO: [Synth 8-7052] The timing for the instance input_V_U/ram1_reg (implemented as a Block RAM) might be sub-optimal as no optional output register could be merged into the ram block. Providing additional output register may help in improving timing.
INFO: [Synth 8-7052] The timing for the instance input_V_U/ram2_reg (implemented as a Block RAM) might be sub-optimal as no optional output register could be merged into the ram block. Providing additional output register may help in improving timing.
INFO: [Synth 8-7052] The timing for the instance input_V_U/ram3_reg (implemented as a Block RAM) might be sub-optimal as no optional output register could be merged into the ram block. Providing additional output register may help in improving timing.
INFO: [Synth 8-7052] The timing for the instance input_V_U/ram4_reg (implemented as a Block RAM) might be sub-optimal as no optional output register could be merged into the ram block. Providing additional output register may help in improving timing.
INFO: [Synth 8-7052] The timing for the instance input_V_U/ram5_reg (implemented as a Block RAM) might be sub-optimal as no optional output register could be merged into the ram block. Providing additional output register may help in improving timing.
INFO: [Synth 8-7052] The timing for the instance input_V_U/ram6_reg (implemented as a Block RAM) might be sub-optimal as no optional output register could be merged into the ram block. Providing additional output register may help in improving timing.
INFO: [Synth 8-7052] The timing for the instance input_V_U/ram7_reg (implemented as a Block RAM) might be sub-optimal as no optional output register could be merged into the ram block. Providing additional output register may help in improving timing.
INFO: [Synth 8-7052] The timing for the instance input_V_U/ram8_reg (implemented as a Block RAM) might be sub-optimal as no optional output register could be merged into the ram block. Providing additional output register may help in improving timing.
INFO: [Synth 8-7052] The timing for the instance input_V_U/ram9_reg (implemented as a Block RAM) might be sub-optimal as no optional output register could be merged into the ram block. Providing additional output register may help in improving timing.
INFO: [Synth 8-7052] The timing for the instance input_V_U/ram10_reg (implemented as a Block RAM) might be sub-optimal as no optional output register could be merged into the ram block. Providing additional output register may help in improving timing.
INFO: [Synth 8-7052] The timing for the instance input_V_U/ram11_reg (implemented as a Block RAM) might be sub-optimal as no optional output register could be merged into the ram block. Providing additional output register may help in improving timing.
INFO: [Synth 8-7052] The timing for the instance conv1_acc_V_U/ram0_reg_0 (implemented as a Block RAM) might be sub-optimal as no optional output register could be merged into the ram block. Providing additional output register may help in improving timing.
INFO: [Synth 8-7052] The timing for the instance conv1_acc_V_U/ram0_reg_0 (implemented as a Block RAM) might be sub-optimal as no optional output register could be merged into the ram block. Providing additional output register may help in improving timing.
INFO: [Synth 8-7052] The timing for the instance conv1_acc_V_U/ram0_reg_1 (implemented as a Block RAM) might be sub-optimal as no optional output register could be merged into the ram block. Providing additional output register may help in improving timing.
INFO: [Synth 8-7052] The timing for the instance conv1_acc_V_U/ram0_reg_1 (implemented as a Block RAM) might be sub-optimal as no optional output register could be merged into the ram block. Providing additional output register may help in improving timing.
INFO: [Synth 8-7052] The timing for the instance conv1_acc_V_U/ram0_reg_2 (implemented as a Block RAM) might be sub-optimal as no optional output register could be merged into the ram block. Providing additional output register may help in improving timing.
INFO: [Synth 8-7052] The timing for the instance conv1_acc_V_U/ram0_reg_2 (implemented as a Block RAM) might be sub-optimal as no optional output register could be merged into the ram block. Providing additional output register may help in improving timing.
INFO: [Synth 8-7052] The timing for the instance conv1_acc_V_U/ram1_reg_0 (implemented as a Block RAM) might be sub-optimal as no optional output register could be merged into the ram block. Providing additional output register may help in improving timing.
INFO: [Synth 8-7052] The timing for the instance conv1_acc_V_U/ram1_reg_1 (implemented as a Block RAM) might be sub-optimal as no optional output register could be merged into the ram block. Providing additional output register may help in improving timing.
INFO: [Synth 8-7052] The timing for the instance conv1_acc_V_U/ram1_reg_2 (implemented as a Block RAM) might be sub-optimal as no optional output register could be merged into the ram block. Providing additional output register may help in improving timing.
INFO: [Synth 8-7052] The timing for the instance conv1_acc_V_U/ram2_reg_0 (implemented as a Block RAM) might be sub-optimal as no optional output register could be merged into the ram block. Providing additional output register may help in improving timing.
INFO: [Synth 8-7052] The timing for the instance conv1_acc_V_U/ram2_reg_1 (implemented as a Block RAM) might be sub-optimal as no optional output register could be merged into the ram block. Providing additional output register may help in improving timing.
INFO: [Synth 8-7052] The timing for the instance conv1_acc_V_U/ram2_reg_2 (implemented as a Block RAM) might be sub-optimal as no optional output register could be merged into the ram block. Providing additional output register may help in improving timing.
INFO: [Synth 8-7052] The timing for the instance pool1_V_U/ram_reg (implemented as a Block RAM) might be sub-optimal as no optional output register could be merged into the ram block. Providing additional output register may help in improving timing.
INFO: [Synth 8-7052] The timing for the instance conv2_acc_V_U/ram0_reg (implemented as a Block RAM) might be sub-optimal as no optional output register could be merged into the ram block. Providing additional output register may help in improving timing.
INFO: [Synth 8-7052] The timing for the instance conv2_acc_V_U/ram0_reg (implemented as a Block RAM) might be sub-optimal as no optional output register could be merged into the ram block. Providing additional output register may help in improving timing.
INFO: [Synth 8-7052] The timing for the instance conv2_acc_V_U/ram1_reg (implemented as a Block RAM) might be sub-optimal as no optional output register could be merged into the ram block. Providing additional output register may help in improving timing.
INFO: [Synth 8-7052] The timing for the instance pool2_V_U/ram_reg (implemented as a Block RAM) might be sub-optimal as no optional output register could be merged into the ram block. Providing additional output register may help in improving timing.
INFO: [Synth 8-7052] The timing for the instance fc1_acc_V_U/ram_reg (implemented as a Block RAM) might be sub-optimal as no optional output register could be merged into the ram block. Providing additional output register may help in improving timing.
INFO: [Synth 8-7052] The timing for the instance gmem0_m_axi_U/load_unit/buff_rdata/U_fifo_mem/mem_reg (implemented as a Block RAM) might be sub-optimal as no optional output register could be merged into the ram block. Providing additional output register may help in improving timing.
INFO: [Synth 8-7052] The timing for the instance gmem1_m_axi_U/load_unit/buff_rdata/U_fifo_mem/mem_reg (implemented as a Block RAM) might be sub-optimal as no optional output register could be merged into the ram block. Providing additional output register may help in improving timing.
---------------------------------------------------------------------------------
Finished Technology Mapping : Time (s): cpu = 00:00:52 ; elapsed = 00:00:55 . Memory (MB): peak = 2250.859 ; gain = 817.930
---------------------------------------------------------------------------------
---------------------------------------------------------------------------------
Start IO Insertion
---------------------------------------------------------------------------------
---------------------------------------------------------------------------------
Start Flattening Before IO Insertion
---------------------------------------------------------------------------------
---------------------------------------------------------------------------------
Finished Flattening Before IO Insertion
---------------------------------------------------------------------------------
---------------------------------------------------------------------------------
Start Final Netlist Cleanup
---------------------------------------------------------------------------------
---------------------------------------------------------------------------------
Finished Final Netlist Cleanup
---------------------------------------------------------------------------------
---------------------------------------------------------------------------------
Finished IO Insertion : Time (s): cpu = 00:00:56 ; elapsed = 00:00:59 . Memory (MB): peak = 2263.879 ; gain = 830.949
---------------------------------------------------------------------------------
---------------------------------------------------------------------------------
Start Renaming Generated Instances
---------------------------------------------------------------------------------
---------------------------------------------------------------------------------
Finished Renaming Generated Instances : Time (s): cpu = 00:00:56 ; elapsed = 00:00:59 . Memory (MB): peak = 2263.879 ; gain = 830.949
---------------------------------------------------------------------------------
---------------------------------------------------------------------------------
Start Rebuilding User Hierarchy
---------------------------------------------------------------------------------
---------------------------------------------------------------------------------
Finished Rebuilding User Hierarchy : Time (s): cpu = 00:00:58 ; elapsed = 00:01:01 . Memory (MB): peak = 2263.879 ; gain = 830.949
---------------------------------------------------------------------------------
---------------------------------------------------------------------------------
Start Renaming Generated Ports
---------------------------------------------------------------------------------
---------------------------------------------------------------------------------
Finished Renaming Generated Ports : Time (s): cpu = 00:00:58 ; elapsed = 00:01:01 . Memory (MB): peak = 2263.879 ; gain = 830.949
---------------------------------------------------------------------------------
---------------------------------------------------------------------------------
Start Handling Custom Attributes
---------------------------------------------------------------------------------
---------------------------------------------------------------------------------
Finished Handling Custom Attributes : Time (s): cpu = 00:00:58 ; elapsed = 00:01:01 . Memory (MB): peak = 2263.879 ; gain = 830.949
---------------------------------------------------------------------------------
---------------------------------------------------------------------------------
Start Renaming Generated Nets
---------------------------------------------------------------------------------
---------------------------------------------------------------------------------
Finished Renaming Generated Nets : Time (s): cpu = 00:00:58 ; elapsed = 00:01:01 . Memory (MB): peak = 2263.879 ; gain = 830.949
---------------------------------------------------------------------------------
---------------------------------------------------------------------------------
Start ROM, RAM, DSP, Shift Register and Retiming Reporting
---------------------------------------------------------------------------------

Static Shift Register Report:
+---------------+-----------------------------------------------------------------------------------------------------------------+--------+-------+--------------+--------------------+-------------------+--------+---------+
|Module Name    | RTL Name                                                                                                        | Length | Width | Reset Signal | Pull out first Reg | Pull out last Reg | SRL16E | SRLC32E | 
+---------------+-----------------------------------------------------------------------------------------------------------------+--------+-------+--------------+--------------------+-------------------+--------+---------+
|lenet_w4a4_top | grp_lenet_w4a4_top_Pipeline_UNPACK_INPUT_fu_566/index_2_reg_185_pp0_iter8_reg_reg[9]                            | 9      | 10    | NO           | NO                 | YES               | 10     | 0       | 
|lenet_w4a4_top | grp_lenet_w4a4_top_Pipeline_UNPACK_INPUT_fu_566/ap_loop_exit_ready_pp0_iter8_reg_reg                            | 8      | 1     | NO           | NO                 | YES               | 1      | 0       | 
|lenet_w4a4_top | grp_lenet_w4a4_top_Pipeline_LOAD_LOCAL_WEIGHT_fu_576/lshr_ln_reg_249_pp0_iter8_reg_reg[3]                       | 8      | 4     | NO           | NO                 | YES               | 4      | 0       | 
|lenet_w4a4_top | grp_lenet_w4a4_top_Pipeline_LOAD_LOCAL_WEIGHT_fu_576/trunc_ln131_reg_254_pp0_iter8_reg_reg[0]                   | 8      | 1     | NO           | NO                 | YES               | 1      | 0       | 
|lenet_w4a4_top | grp_lenet_w4a4_top_Pipeline_LOAD_LOCAL_WEIGHT_fu_576/trunc_ln8_reg_238_pp0_iter7_reg_reg[0]                     | 7      | 1     | NO           | NO                 | YES               | 1      | 0       | 
|lenet_w4a4_top | grp_lenet_w4a4_top_Pipeline_LOAD_LOCAL_WEIGHT_fu_576/ap_loop_exit_ready_pp0_iter8_reg_reg                       | 8      | 1     | NO           | NO                 | YES               | 1      | 0       | 
|lenet_w4a4_top | grp_lenet_w4a4_top_Pipeline_POOL_CHANNEL_POOL_ROW_POOL_COL_fu_586/add_ln278_reg_1578_pp0_iter6_reg_reg[10]      | 5      | 11    | NO           | NO                 | YES               | 11     | 0       | 
|lenet_w4a4_top | grp_lenet_w4a4_top_Pipeline_POOL_CHANNEL_POOL_ROW_POOL_COL_fu_586/ap_loop_exit_ready_pp0_iter6_reg_reg          | 6      | 1     | NO           | NO                 | YES               | 1      | 0       | 
|lenet_w4a4_top | grp_lenet_w4a4_top_Pipeline_POOL_CHANNEL_POOL_ROW_POOL_COL2_fu_628/add_ln278_1_reg_1374_pp0_iter7_reg_reg[8]    | 5      | 9     | NO           | NO                 | YES               | 9      | 0       | 
|lenet_w4a4_top | grp_lenet_w4a4_top_Pipeline_POOL_CHANNEL_POOL_ROW_POOL_COL2_fu_628/ap_loop_exit_ready_pp0_iter7_reg_reg         | 7      | 1     | NO           | NO                 | YES               | 1      | 0       | 
|lenet_w4a4_top | grp_lenet_w4a4_top_Pipeline_LOAD_LOCAL_WEIGHT1_fu_634/lshr_ln131_1_reg_263_pp0_iter8_reg_reg[6]                 | 8      | 7     | NO           | NO                 | YES               | 7      | 0       | 
|lenet_w4a4_top | grp_lenet_w4a4_top_Pipeline_LOAD_LOCAL_WEIGHT1_fu_634/trunc_ln8_reg_252_pp0_iter7_reg_reg[0]                    | 7      | 1     | NO           | NO                 | YES               | 1      | 0       | 
|lenet_w4a4_top | grp_lenet_w4a4_top_Pipeline_LOAD_LOCAL_WEIGHT1_fu_634/ap_loop_exit_ready_pp0_iter8_reg_reg                      | 8      | 1     | NO           | NO                 | YES               | 1      | 0       | 
|lenet_w4a4_top | grp_lenet_w4a4_top_Pipeline_VITIS_LOOP_147_1_KERNEL_ROW_KERNEL_COL_fu_644/ap_loop_exit_ready_pp0_iter5_reg_reg  | 5      | 1     | NO           | NO                 | YES               | 1      | 0       | 
|lenet_w4a4_top | grp_lenet_w4a4_top_Pipeline_LOAD_LOCAL_WEIGHT3_fu_655/lshr_ln131_2_reg_265_pp0_iter8_reg_reg[7]                 | 8      | 8     | NO           | NO                 | YES               | 8      | 0       | 
|lenet_w4a4_top | grp_lenet_w4a4_top_Pipeline_LOAD_LOCAL_WEIGHT3_fu_655/trunc_ln8_reg_254_pp0_iter7_reg_reg[0]                    | 7      | 1     | NO           | NO                 | YES               | 1      | 0       | 
|lenet_w4a4_top | grp_lenet_w4a4_top_Pipeline_LOAD_LOCAL_WEIGHT3_fu_655/ap_loop_exit_ready_pp0_iter8_reg_reg                      | 8      | 1     | NO           | NO                 | YES               | 1      | 0       | 
|lenet_w4a4_top | grp_lenet_w4a4_top_Pipeline_REQUANT_VECTOR_fu_665/index_1_cast_reg_250_pp0_iter4_reg_reg[6]                     | 4      | 7     | NO           | NO                 | YES               | 7      | 0       | 
|lenet_w4a4_top | grp_lenet_w4a4_top_Pipeline_REQUANT_VECTOR_fu_665/ap_loop_exit_ready_pp0_iter4_reg_reg                          | 4      | 1     | NO           | NO                 | YES               | 1      | 0       | 
|lenet_w4a4_top | grp_lenet_w4a4_top_Pipeline_VITIS_LOOP_147_1_KERNEL_ROW_KERNEL_COL4_fu_671/ap_loop_exit_ready_pp0_iter5_reg_reg | 5      | 1     | NO           | NO                 | YES               | 1      | 0       | 
|lenet_w4a4_top | grp_lenet_w4a4_top_Pipeline_DENSE_OUTPUT_DENSE_INPUT_fu_679/icmp_ln339_reg_450_pp0_iter12_reg_reg[0]            | 12     | 1     | NO           | NO                 | YES               | 1      | 0       | 
|lenet_w4a4_top | grp_lenet_w4a4_top_Pipeline_DENSE_OUTPUT_DENSE_INPUT_fu_679/select_ln331_reg_456_pp0_iter9_reg_reg[6]           | 9      | 7     | NO           | NO                 | YES               | 7      | 0       | 
|lenet_w4a4_top | grp_lenet_w4a4_top_Pipeline_DENSE_OUTPUT_DENSE_INPUT_fu_679/select_ln331_2_reg_468_pp0_iter13_reg_reg[6]        | 13     | 7     | NO           | NO                 | YES               | 7      | 0       | 
|lenet_w4a4_top | grp_lenet_w4a4_top_Pipeline_DENSE_OUTPUT_DENSE_INPUT_fu_679/ifzero_reg_478_pp0_iter13_reg_reg[0]                | 13     | 1     | NO           | NO                 | YES               | 1      | 0       | 
|lenet_w4a4_top | grp_lenet_w4a4_top_Pipeline_DENSE_OUTPUT_DENSE_INPUT_fu_679/ap_loop_exit_ready_pp0_iter13_reg_reg               | 13     | 1     | NO           | NO                 | YES               | 1      | 0       | 
|lenet_w4a4_top | grp_lenet_w4a4_top_Pipeline_REQUANT_VECTOR5_fu_688/index_2_cast_reg_250_pp0_iter4_reg_reg[6]                    | 4      | 7     | NO           | NO                 | YES               | 7      | 0       | 
|lenet_w4a4_top | grp_lenet_w4a4_top_Pipeline_REQUANT_VECTOR5_fu_688/ap_loop_exit_ready_pp0_iter4_reg_reg                         | 4      | 1     | NO           | NO                 | YES               | 1      | 0       | 
|lenet_w4a4_top | grp_lenet_w4a4_top_Pipeline_DENSE_OUTPUT_DENSE_INPUT6_fu_694/icmp_ln339_reg_393_pp0_iter14_reg_reg[0]           | 14     | 1     | NO           | NO                 | YES               | 1      | 0       | 
|lenet_w4a4_top | grp_lenet_w4a4_top_Pipeline_DENSE_OUTPUT_DENSE_INPUT6_fu_694/trunc_ln8_reg_428_pp0_iter11_reg_reg[0]            | 9      | 1     | NO           | NO                 | YES               | 1      | 0       | 
|lenet_w4a4_top | grp_lenet_w4a4_top_Pipeline_DENSE_OUTPUT_DENSE_INPUT6_fu_694/select_ln331_reg_398_pp0_iter11_reg_reg[6]         | 11     | 7     | NO           | NO                 | YES               | 7      | 0       | 
|lenet_w4a4_top | grp_lenet_w4a4_top_Pipeline_DENSE_OUTPUT_DENSE_INPUT6_fu_694/select_ln331_2_reg_404_pp0_iter15_reg_reg[3]       | 15     | 4     | NO           | NO                 | YES               | 4      | 0       | 
|lenet_w4a4_top | grp_lenet_w4a4_top_Pipeline_DENSE_OUTPUT_DENSE_INPUT6_fu_694/ifzero315_reg_414_pp0_iter15_reg_reg[0]            | 15     | 1     | NO           | NO                 | YES               | 1      | 0       | 
|lenet_w4a4_top | grp_lenet_w4a4_top_Pipeline_DENSE_OUTPUT_DENSE_INPUT6_fu_694/ap_loop_exit_ready_pp0_iter15_reg_reg              | 15     | 1     | NO           | NO                 | YES               | 1      | 0       | 
|lenet_w4a4_top | grp_lenet_w4a4_top_Pipeline_REQUANT_VECTOR7_fu_703/index_3_cast_reg_288_pp0_iter5_reg_reg[3]                    | 5      | 4     | NO           | NO                 | YES               | 4      | 0       | 
|lenet_w4a4_top | grp_lenet_w4a4_top_Pipeline_REQUANT_VECTOR7_fu_703/negative_reg_298_pp0_iter4_reg_reg[0]                        | 4      | 1     | NO           | NO                 | YES               | 1      | 0       | 
|lenet_w4a4_top | grp_lenet_w4a4_top_Pipeline_REQUANT_VECTOR7_fu_703/ap_loop_exit_ready_pp0_iter5_reg_reg                         | 5      | 1     | NO           | NO                 | YES               | 1      | 0       | 
|lenet_w4a4_top | grp_lenet_w4a4_top_Pipeline_POOL_CHANNEL_POOL_ROW_POOL_COL_fu_586/ap_enable_reg_pp0_iter7_reg                   | 5      | 1     | YES          | NO                 | YES               | 1      | 0       | 
|lenet_w4a4_top | grp_lenet_w4a4_top_Pipeline_POOL_CHANNEL_POOL_ROW_POOL_COL2_fu_628/ap_enable_reg_pp0_iter8_reg                  | 5      | 1     | YES          | NO                 | YES               | 1      | 0       | 
|lenet_w4a4_top | grp_lenet_w4a4_top_Pipeline_VITIS_LOOP_147_1_KERNEL_ROW_KERNEL_COL_fu_644/ap_enable_reg_pp0_iter6_reg           | 4      | 1     | YES          | NO                 | YES               | 1      | 0       | 
|lenet_w4a4_top | grp_lenet_w4a4_top_Pipeline_REQUANT_VECTOR_fu_665/ap_enable_reg_pp0_iter5_reg                                   | 5      | 1     | YES          | NO                 | YES               | 1      | 0       | 
|lenet_w4a4_top | grp_lenet_w4a4_top_Pipeline_VITIS_LOOP_147_1_KERNEL_ROW_KERNEL_COL4_fu_671/ap_enable_reg_pp0_iter6_reg          | 4      | 1     | YES          | NO                 | YES               | 1      | 0       | 
|lenet_w4a4_top | grp_lenet_w4a4_top_Pipeline_REQUANT_VECTOR5_fu_688/ap_enable_reg_pp0_iter5_reg                                  | 5      | 1     | YES          | NO                 | YES               | 1      | 0       | 
|lenet_w4a4_top | grp_lenet_w4a4_top_Pipeline_REQUANT_VECTOR7_fu_703/ap_enable_reg_pp0_iter6_reg                                  | 6      | 1     | YES          | NO                 | YES               | 1      | 0       | 
|lenet_w4a4_top | ap_CS_fsm_reg[40]                                                                                               | 4      | 1     | YES          | NO                 | YES               | 1      | 0       | 
|lenet_w4a4_top | grp_lenet_w4a4_top_Pipeline_DENSE_OUTPUT_DENSE_INPUT_fu_679/ap_enable_reg_pp0_iter10_reg                        | 7      | 1     | YES          | NO                 | YES               | 1      | 0       | 
|lenet_w4a4_top | grp_lenet_w4a4_top_Pipeline_DENSE_OUTPUT_DENSE_INPUT_fu_679/ap_enable_reg_pp0_iter14_reg                        | 4      | 1     | YES          | NO                 | YES               | 1      | 0       | 
|lenet_w4a4_top | grp_lenet_w4a4_top_Pipeline_DENSE_OUTPUT_DENSE_INPUT6_fu_694/ap_enable_reg_pp0_iter12_reg                       | 7      | 1     | YES          | NO                 | YES               | 1      | 0       | 
|lenet_w4a4_top | grp_lenet_w4a4_top_Pipeline_DENSE_OUTPUT_DENSE_INPUT6_fu_694/ap_enable_reg_pp0_iter16_reg                       | 4      | 1     | YES          | NO                 | YES               | 1      | 0       | 
+---------------+-----------------------------------------------------------------------------------------------------------------+--------+-------+--------------+--------------------+-------------------+--------+---------+


Dynamic Shift Register Report:
+------------+-------------+--------+------------+--------+---------+--------+--------+--------+
|Module Name | RTL Name    | Length | Data Width | SRL16E | SRLC32E | Mux F7 | Mux F8 | Mux F9 | 
+------------+-------------+--------+------------+--------+---------+--------+--------+--------+
|dsrl        | mem_reg[14] | 34     | 34         | 34     | 0       | 0      | 0      | 0      | 
|dsrl__1     | mem_reg[3]  | 96     | 96         | 96     | 0       | 0      | 0      | 0      | 
|dsrl__2     | mem_reg[14] | 1      | 1          | 1      | 0       | 0      | 0      | 0      | 
|dsrl__3     | mem_reg[3]  | 1      | 1          | 1      | 0       | 0      | 0      | 0      | 
|dsrl__4     | mem_reg[14] | 4      | 4          | 4      | 0       | 0      | 0      | 0      | 
|dsrl__5     | mem_reg[14] | 8      | 8          | 8      | 0       | 0      | 0      | 0      | 
|dsrl__6     | mem_reg[14] | 72     | 72         | 72     | 0       | 0      | 0      | 0      | 
|dsrl__7     | mem_reg[14] | 37     | 37         | 37     | 0       | 0      | 0      | 0      | 
|dsrl__8     | mem_reg[14] | 34     | 34         | 34     | 0       | 0      | 0      | 0      | 
|dsrl__9     | mem_reg[3]  | 96     | 96         | 96     | 0       | 0      | 0      | 0      | 
|dsrl__10    | mem_reg[14] | 1      | 1          | 1      | 0       | 0      | 0      | 0      | 
|dsrl__11    | mem_reg[3]  | 1      | 1          | 1      | 0       | 0      | 0      | 0      | 
|dsrl__12    | mem_reg[14] | 4      | 4          | 4      | 0       | 0      | 0      | 0      | 
|dsrl__13    | mem_reg[14] | 8      | 8          | 8      | 0       | 0      | 0      | 0      | 
|dsrl__14    | mem_reg[14] | 72     | 72         | 72     | 0       | 0      | 0      | 0      | 
|dsrl__15    | mem_reg[14] | 37     | 37         | 37     | 0       | 0      | 0      | 0      | 
|dsrl__16    | mem_reg[3]  | 96     | 96         | 96     | 0       | 0      | 0      | 0      | 
|dsrl__17    | mem_reg[14] | 1      | 1          | 1      | 0       | 0      | 0      | 0      | 
|dsrl__18    | mem_reg[3]  | 1      | 1          | 1      | 0       | 0      | 0      | 0      | 
|dsrl__19    | mem_reg[14] | 8      | 8          | 8      | 0       | 0      | 0      | 0      | 
|dsrl__20    | mem_reg[14] | 72     | 72         | 72     | 0       | 0      | 0      | 0      | 
|dsrl__21    | mem_reg[14] | 37     | 37         | 37     | 0       | 0      | 0      | 0      | 
+------------+-------------+--------+------------+--------+---------+--------+--------+--------+

---------------------------------------------------------------------------------
Finished ROM, RAM, DSP, Shift Register and Retiming Reporting
---------------------------------------------------------------------------------
---------------------------------------------------------------------------------
Start Writing Synthesis Report
---------------------------------------------------------------------------------

DSP Final Report (the ' indicates corresponding REG is set)
+-------------------------------------------------------------------------------+--------------------+--------+--------+--------+--------+--------+------+------+------+------+-------+------+------+
|Module Name                                                                    | DSP Mapping        | A Size | B Size | C Size | D Size | P Size | AREG | BREG | CREG | DREG | ADREG | MREG | PREG | 
+-------------------------------------------------------------------------------+--------------------+--------+--------+--------+--------+--------+------+------+------+------+-------+------+------+
|lenet_w4a4_top_lenet_w4a4_top_Pipeline_DENSE_OUTPUT_DENSE_INPUT6               | Dynamic            | -      | -      | -      | -      | 14     | -    | -    | -    | -    | -     | 1    | 1    | 
|lenet_w4a4_top_mac_muladd_4ns_7ns_7ns_10_4_1_DSP48_5                           | (C'+(A'*B)')'      | 4      | 7      | 7      | -      | 10     | 1    | 0    | 0    | -    | -     | 1    | 1    | 
|lenet_w4a4_top_lenet_w4a4_top_Pipeline_DENSE_OUTPUT_DENSE_INPUT                | Dynamic            | -      | -      | -      | -      | 14     | -    | -    | -    | -    | -     | 1    | 1    | 
|lenet_w4a4_top_lenet_w4a4_top_Pipeline_OUT_ROW_OUT_COL                         | (A'*B'')'          | 30     | 18     | -      | -      | 0      | 1    | 2    | -    | -    | -     | 0    | 1    | 
|lenet_w4a4_top_mac_muladd_4s_4s_8s_9_4_1_DSP48_0                               | (PCIN+(A*B'')')'   | 30     | 18     | -      | -      | 9      | 0    | 2    | -    | -    | -     | 1    | 1    | 
|lenet_w4a4_top_lenet_w4a4_top_Pipeline_OUT_ROW_OUT_COL                         | (A'*B'')'          | 30     | 18     | -      | -      | 0      | 1    | 2    | -    | -    | -     | 0    | 1    | 
|lenet_w4a4_top_lenet_w4a4_top_Pipeline_OUT_ROW_OUT_COL                         | (PCIN+(A'*B'')')'  | 30     | 18     | -      | -      | 0      | 1    | 2    | -    | -    | -     | 1    | 1    | 
|lenet_w4a4_top_lenet_w4a4_top_Pipeline_OUT_ROW_OUT_COL                         | (A'*B'')'          | 30     | 18     | -      | -      | 0      | 1    | 2    | -    | -    | -     | 0    | 1    | 
|lenet_w4a4_top_lenet_w4a4_top_Pipeline_OUT_ROW_OUT_COL                         | (PCIN+A'*B'')'     | 30     | 18     | -      | -      | 0      | 1    | 2    | -    | -    | -     | 0    | 1    | 
|lenet_w4a4_top_lenet_w4a4_top_Pipeline_OUT_ROW_OUT_COL                         | (A'*B'')'          | 30     | 18     | -      | -      | 0      | 1    | 2    | -    | -    | -     | 0    | 1    | 
|lenet_w4a4_top_lenet_w4a4_top_Pipeline_OUT_ROW_OUT_COL                         | (PCIN+(A'*B'')')'  | 30     | 18     | -      | -      | 0      | 1    | 2    | -    | -    | -     | 1    | 1    | 
|lenet_w4a4_top_lenet_w4a4_top_Pipeline_OUT_ROW_OUT_COL                         | (A'*B'')'          | 30     | 18     | -      | -      | 0      | 1    | 2    | -    | -    | -     | 0    | 1    | 
|lenet_w4a4_top_lenet_w4a4_top_Pipeline_OUT_ROW_OUT_COL                         | (PCIN+A'*B'')'     | 30     | 18     | -      | -      | 0      | 1    | 2    | -    | -    | -     | 0    | 1    | 
|lenet_w4a4_top_lenet_w4a4_top_Pipeline_OUT_ROW_OUT_COL                         | (A'*B'')'          | 30     | 18     | -      | -      | 0      | 1    | 2    | -    | -    | -     | 0    | 1    | 
|lenet_w4a4_top_mac_muladd_4s_4s_8s_9_4_1_DSP48_0                               | (PCIN+(A*B'')')'   | 30     | 18     | -      | -      | 9      | 0    | 2    | -    | -    | -     | 1    | 1    | 
|lenet_w4a4_top_lenet_w4a4_top_Pipeline_OUT_ROW_OUT_COL                         | (A''*B'')'         | 30     | 18     | -      | -      | 0      | 2    | 2    | -    | -    | -     | 0    | 1    | 
|lenet_w4a4_top_mac_muladd_4s_4s_8s_9_4_1_DSP48_0                               | (PCIN+(A*B'')')'   | 30     | 18     | -      | -      | 9      | 0    | 2    | -    | -    | -     | 1    | 1    | 
|lenet_w4a4_top_lenet_w4a4_top_Pipeline_OUT_ROW_OUT_COL                         | (A'*B'')'          | 30     | 18     | -      | -      | 0      | 1    | 2    | -    | -    | -     | 0    | 1    | 
|lenet_w4a4_top_lenet_w4a4_top_Pipeline_OUT_ROW_OUT_COL                         | (PCIN+A'*B'')'     | 30     | 18     | -      | -      | 9      | 1    | 2    | -    | -    | -     | 0    | 1    | 
|lenet_w4a4_top_lenet_w4a4_top_Pipeline_OUT_ROW_OUT_COL                         | (C'+(A'*B'')')'    | 30     | 18     | 48     | -      | 9      | 1    | 2    | 2    | -    | -     | 1    | 1    | 
|lenet_w4a4_top_lenet_w4a4_top_Pipeline_OUT_ROW_OUT_COL                         | (PCIN+(A'*B'')')'  | 30     | 18     | -      | -      | 9      | 1    | 2    | -    | -    | -     | 1    | 1    | 
|lenet_w4a4_top_lenet_w4a4_top_Pipeline_OUT_ROW_OUT_COL                         | (PCIN+(A''*B'')')' | 30     | 18     | -      | -      | 9      | 2    | 2    | -    | -    | -     | 1    | 1    | 
|lenet_w4a4_top_lenet_w4a4_top_Pipeline_OUT_ROW_OUT_COL                         | (PCIN+(A''*B'')')' | 30     | 18     | -      | -      | 9      | 2    | 2    | -    | -    | -     | 1    | 1    | 
|lenet_w4a4_top_lenet_w4a4_top_Pipeline_OUT_ROW_OUT_COL                         | (PCIN+(A''*B'')')' | 30     | 18     | -      | -      | 9      | 2    | 2    | -    | -    | -     | 1    | 1    | 
|lenet_w4a4_top_lenet_w4a4_top_Pipeline_OUT_ROW_OUT_COL                         | (PCIN+(A''*B'')')' | 30     | 18     | -      | -      | 9      | 2    | 2    | -    | -    | -     | 1    | 1    | 
|lenet_w4a4_top_lenet_w4a4_top_Pipeline_OUT_ROW_OUT_COL                         | (PCIN+(A'*B'')')'  | 30     | 18     | -      | -      | 9      | 1    | 2    | -    | -    | -     | 1    | 1    | 
|lenet_w4a4_top_lenet_w4a4_top_Pipeline_OUT_ROW_OUT_COL                         | (C'+(A''*B'')')'   | 30     | 18     | 48     | -      | 9      | 2    | 2    | 2    | -    | -     | 1    | 1    | 
|lenet_w4a4_top_lenet_w4a4_top_Pipeline_POOL_CHANNEL_POOL_ROW_POOL_COL2         | A*B'               | 17     | 15     | -      | -      | 48     | 0    | 1    | -    | -    | -     | 0    | 0    | 
|lenet_w4a4_top_lenet_w4a4_top_Pipeline_POOL_CHANNEL_POOL_ROW_POOL_COL2         | (PCIN>>17+A*B')'   | 19     | 15     | -      | -      | 48     | 0    | 1    | -    | -    | -     | 0    | 1    | 
|lenet_w4a4_top_lenet_w4a4_top_Pipeline_POOL_CHANNEL_POOL_ROW_POOL_COL2         | A'*B               | 17     | 17     | -      | -      | 48     | 1    | 0    | -    | -    | -     | 0    | 0    | 
|lenet_w4a4_top_lenet_w4a4_top_Pipeline_POOL_CHANNEL_POOL_ROW_POOL_COL2         | (PCIN>>17+A*B')'   | 19     | 17     | -      | -      | 48     | 0    | 1    | -    | -    | -     | 0    | 1    | 
|lenet_w4a4_top_lenet_w4a4_top_Pipeline_POOL_CHANNEL_POOL_ROW_POOL_COL2         | A*B'               | 17     | 15     | -      | -      | 48     | 0    | 1    | -    | -    | -     | 0    | 0    | 
|lenet_w4a4_top_lenet_w4a4_top_Pipeline_POOL_CHANNEL_POOL_ROW_POOL_COL2         | (PCIN>>17+A*B')'   | 19     | 15     | -      | -      | 48     | 0    | 1    | -    | -    | -     | 0    | 1    | 
|lenet_w4a4_top_lenet_w4a4_top_Pipeline_POOL_CHANNEL_POOL_ROW_POOL_COL2         | A'*B               | 17     | 17     | -      | -      | 48     | 1    | 0    | -    | -    | -     | 0    | 0    | 
|lenet_w4a4_top_lenet_w4a4_top_Pipeline_POOL_CHANNEL_POOL_ROW_POOL_COL2         | (PCIN>>17+A*B')'   | 19     | 17     | -      | -      | 48     | 0    | 1    | -    | -    | -     | 0    | 1    | 
|lenet_w4a4_top_lenet_w4a4_top_Pipeline_POOL_CHANNEL_POOL_ROW_POOL_COL2         | A*B'               | 17     | 15     | -      | -      | 48     | 0    | 1    | -    | -    | -     | 0    | 0    | 
|lenet_w4a4_top_lenet_w4a4_top_Pipeline_POOL_CHANNEL_POOL_ROW_POOL_COL2         | (PCIN>>17+A*B')'   | 19     | 15     | -      | -      | 48     | 0    | 1    | -    | -    | -     | 0    | 1    | 
|lenet_w4a4_top_lenet_w4a4_top_Pipeline_POOL_CHANNEL_POOL_ROW_POOL_COL2         | A'*B               | 17     | 17     | -      | -      | 48     | 1    | 0    | -    | -    | -     | 0    | 0    | 
|lenet_w4a4_top_lenet_w4a4_top_Pipeline_POOL_CHANNEL_POOL_ROW_POOL_COL2         | (PCIN>>17+A*B')'   | 19     | 17     | -      | -      | 48     | 0    | 1    | -    | -    | -     | 0    | 1    | 
|lenet_w4a4_top_lenet_w4a4_top_Pipeline_POOL_CHANNEL_POOL_ROW_POOL_COL          | A'*B               | 15     | 12     | -      | -      | 48     | 1    | 0    | -    | -    | -     | 0    | 0    | 
|lenet_w4a4_top_lenet_w4a4_top_Pipeline_POOL_CHANNEL_POOL_ROW_POOL_COL          | (PCIN>>17+A*B')'   | 18     | 15     | -      | -      | 48     | 0    | 1    | -    | -    | -     | 0    | 1    | 
|lenet_w4a4_top_lenet_w4a4_top_Pipeline_POOL_CHANNEL_POOL_ROW_POOL_COL          | A'*B               | 17     | 12     | -      | -      | 48     | 1    | 0    | -    | -    | -     | 0    | 0    | 
|lenet_w4a4_top_lenet_w4a4_top_Pipeline_POOL_CHANNEL_POOL_ROW_POOL_COL          | (PCIN>>17+A*B')'   | 18     | 17     | -      | -      | 48     | 0    | 1    | -    | -    | -     | 0    | 1    | 
|lenet_w4a4_top_lenet_w4a4_top_Pipeline_POOL_CHANNEL_POOL_ROW_POOL_COL          | A'*B               | 15     | 12     | -      | -      | 48     | 1    | 0    | -    | -    | -     | 0    | 0    | 
|lenet_w4a4_top_lenet_w4a4_top_Pipeline_POOL_CHANNEL_POOL_ROW_POOL_COL          | (PCIN>>17+A*B')'   | 18     | 15     | -      | -      | 48     | 0    | 1    | -    | -    | -     | 0    | 1    | 
|lenet_w4a4_top_lenet_w4a4_top_Pipeline_POOL_CHANNEL_POOL_ROW_POOL_COL          | A'*B               | 17     | 12     | -      | -      | 48     | 1    | 0    | -    | -    | -     | 0    | 0    | 
|lenet_w4a4_top_lenet_w4a4_top_Pipeline_POOL_CHANNEL_POOL_ROW_POOL_COL          | (PCIN>>17+A*B')'   | 18     | 17     | -      | -      | 48     | 0    | 1    | -    | -    | -     | 0    | 1    | 
|lenet_w4a4_top_lenet_w4a4_top_Pipeline_POOL_CHANNEL_POOL_ROW_POOL_COL          | A'*B               | 15     | 12     | -      | -      | 48     | 1    | 0    | -    | -    | -     | 0    | 0    | 
|lenet_w4a4_top_lenet_w4a4_top_Pipeline_POOL_CHANNEL_POOL_ROW_POOL_COL          | (PCIN>>17+A*B')'   | 18     | 15     | -      | -      | 48     | 0    | 1    | -    | -    | -     | 0    | 1    | 
|lenet_w4a4_top_lenet_w4a4_top_Pipeline_POOL_CHANNEL_POOL_ROW_POOL_COL          | A'*B               | 17     | 12     | -      | -      | 48     | 1    | 0    | -    | -    | -     | 0    | 0    | 
|lenet_w4a4_top_lenet_w4a4_top_Pipeline_POOL_CHANNEL_POOL_ROW_POOL_COL          | (PCIN>>17+A*B')'   | 18     | 17     | -      | -      | 48     | 0    | 1    | -    | -    | -     | 0    | 1    | 
|lenet_w4a4_top_lenet_w4a4_top_Pipeline_POOL_CHANNEL_POOL_ROW_POOL_COL          | A'*B               | 15     | 12     | -      | -      | 48     | 1    | 0    | -    | -    | -     | 0    | 0    | 
|lenet_w4a4_top_lenet_w4a4_top_Pipeline_POOL_CHANNEL_POOL_ROW_POOL_COL          | (PCIN>>17+A*B')'   | 18     | 15     | -      | -      | 48     | 0    | 1    | -    | -    | -     | 0    | 1    | 
|lenet_w4a4_top_lenet_w4a4_top_Pipeline_POOL_CHANNEL_POOL_ROW_POOL_COL          | A'*B               | 17     | 12     | -      | -      | 48     | 1    | 0    | -    | -    | -     | 0    | 0    | 
|lenet_w4a4_top_lenet_w4a4_top_Pipeline_POOL_CHANNEL_POOL_ROW_POOL_COL          | (PCIN>>17+A*B')'   | 18     | 17     | -      | -      | 48     | 0    | 1    | -    | -    | -     | 0    | 1    | 
|lenet_w4a4_top_lenet_w4a4_top_Pipeline_REQUANT_VECTOR5                         | A*B'               | 17     | 15     | -      | -      | 48     | 0    | 1    | -    | -    | -     | 0    | 0    | 
|lenet_w4a4_top_lenet_w4a4_top_Pipeline_REQUANT_VECTOR5                         | (PCIN>>17+A*B')'   | 20     | 15     | -      | -      | 48     | 0    | 1    | -    | -    | -     | 0    | 1    | 
|lenet_w4a4_top_lenet_w4a4_top_Pipeline_REQUANT_VECTOR5                         | A'*B               | 17     | 17     | -      | -      | 48     | 1    | 0    | -    | -    | -     | 0    | 0    | 
|lenet_w4a4_top_lenet_w4a4_top_Pipeline_REQUANT_VECTOR5                         | (PCIN>>17+A*B')'   | 20     | 17     | -      | -      | 48     | 0    | 1    | -    | -    | -     | 0    | 1    | 
|lenet_w4a4_top_lenet_w4a4_top_Pipeline_VITIS_LOOP_147_1_KERNEL_ROW_KERNEL_COL4 | Dynamic            | -      | -      | -      | -      | 16     | -    | -    | -    | -    | -     | 1    | 1    | 
|lenet_w4a4_top_lenet_w4a4_top_Pipeline_VITIS_LOOP_147_1_KERNEL_ROW_KERNEL_COL  | Dynamic            | -      | -      | -      | -      | 15     | -    | -    | -    | -    | -     | 1    | 1    | 
|lenet_w4a4_top                                                                 | A*B                | 17     | 15     | -      | -      | 48     | 0    | 0    | -    | -    | -     | 0    | 0    | 
|lenet_w4a4_top                                                                 | (PCIN>>17+A*B)'    | 19     | 15     | -      | -      | 48     | 0    | 0    | -    | -    | -     | 0    | 1    | 
|lenet_w4a4_top                                                                 | A*B                | 17     | 17     | -      | -      | 48     | 0    | 0    | -    | -    | -     | 0    | 0    | 
|lenet_w4a4_top                                                                 | (PCIN>>17+A*B)'    | 19     | 17     | -      | -      | 48     | 0    | 0    | -    | -    | -     | 0    | 1    | 
+-------------------------------------------------------------------------------+--------------------+--------+--------+--------+--------+--------+------+------+------+------+-------+------+------+


Report BlackBoxes: 
+-+--------------+----------+
| |BlackBox name |Instances |
+-+--------------+----------+
+-+--------------+----------+

Report Cell Usage: 
+------+---------+------+
|      |Cell     |Count |
+------+---------+------+
|1     |CARRY4   |   599|
|2     |DSP48E1  |    65|
|16    |LUT1     |   129|
|17    |LUT2     |  1068|
|18    |LUT3     |  1200|
|19    |LUT4     |   770|
|20    |LUT5     |   702|
|21    |LUT6     |  1274|
|22    |MUXF7    |    13|
|23    |RAM16X1D |     8|
|24    |RAM16X1S |    38|
|25    |RAM32X1S |     3|
|26    |RAM64X1S |    14|
|27    |RAMB18E1 |    21|
|33    |RAMB36E1 |    12|
|36    |SRL16E   |   440|
|37    |FDRE     |  5949|
|38    |FDSE     |    11|
+------+---------+------+
---------------------------------------------------------------------------------
Finished Writing Synthesis Report : Time (s): cpu = 00:00:58 ; elapsed = 00:01:01 . Memory (MB): peak = 2263.879 ; gain = 830.949
---------------------------------------------------------------------------------
Synthesis finished with 0 errors, 0 critical warnings and 965 warnings.
Synthesis Optimization Runtime : Time (s): cpu = 00:00:46 ; elapsed = 00:00:56 . Memory (MB): peak = 2263.879 ; gain = 741.426
Synthesis Optimization Complete : Time (s): cpu = 00:00:58 ; elapsed = 00:01:01 . Memory (MB): peak = 2263.879 ; gain = 830.949
INFO: [Project 1-571] Translating synthesized netlist
Netlist sorting complete. Time (s): cpu = 00:00:00 ; elapsed = 00:00:00.121 . Memory (MB): peak = 2275.941 ; gain = 0.000
INFO: [Netlist 29-17] Analyzing 773 Unisim elements for replacement
INFO: [Netlist 29-28] Unisim Transformation completed in 0 CPU seconds
INFO: [Project 1-570] Preparing netlist for logic optimization
Parsing XDC File [D:/GitHub/vivado/vivado/F_Quantization_W8A8/Vivado_W4A4_LC2_Impl_Patch/extracted_ip/constraints/lenet_w4a4_top_ooc.xdc]
Finished Parsing XDC File [D:/GitHub/vivado/vivado/F_Quantization_W8A8/Vivado_W4A4_LC2_Impl_Patch/extracted_ip/constraints/lenet_w4a4_top_ooc.xdc]
INFO: [Opt 31-138] Pushed 0 inverter(s) to 0 load pin(s).
Netlist sorting complete. Time (s): cpu = 00:00:00 ; elapsed = 00:00:00.001 . Memory (MB): peak = 2293.262 ; gain = 0.000
INFO: [Project 1-111] Unisim Transformation Summary:
  A total of 63 instances were transformed.
  RAM16X1D => RAM32X1D (RAMD32(x2)): 8 instances
  RAM16X1S => RAM32X1S (RAMS32): 38 instances
  RAM32X1S => RAM32X1S (RAMS32): 3 instances
  RAM64X1S => RAM64X1S (RAMS64E): 14 instances

Synth Design complete, checksum: 5cebc675
INFO: [Common 17-83] Releasing license: Synthesis
294 Infos, 313 Warnings, 0 Critical Warnings and 0 Errors encountered.
synth_design completed successfully
synth_design: Time (s): cpu = 00:01:03 ; elapsed = 00:01:15 . Memory (MB): peak = 2293.262 ; gain = 1290.594
# if {[llength [get_clocks -quiet ap_clk]] == 0} {
#     create_clock -name ap_clk -period 10.000 [get_ports ap_clk]
# }
# write_checkpoint -force "$out_dir/w4a4_lc2_post_synth.dcp"
INFO: [Timing 38-480] Writing timing data to binary archive.
INFO: [Common 17-1381] The checkpoint 'D:/GitHub/vivado/vivado/F_Quantization_W8A8/Vivado_W4A4_LC2_Impl_Patch/results/w4a4_lc2_post_synth.dcp' has been generated.
# report_utilization -file "$out_dir/post_synth_utilization.rpt"
# report_timing_summary -delay_type max -max_paths 20 -file "$out_dir/post_synth_timing_summary.rpt"
INFO: [Timing 38-91] UpdateTimingParams: Speed grade: -1, Delay Type: max.
INFO: [Timing 38-191] Multithreading enabled for timing update using a maximum of 2 CPUs
WARNING: [Timing 38-242] The property HD.CLK_SRC of clock port "ap_clk" is not set. In out-of-context mode, this prevents timing estimation for clock delay/skew
Resolution: Set the HD.CLK_SRC property of the out-of-context port to the location of the clock buffer instance in the top-level design
# opt_design
Command: opt_design
Attempting to get a license for feature 'Implementation' and/or device 'xc7z020'
INFO: [Common 17-349] Got license for feature 'Implementation' and/or device 'xc7z020'
Running DRC as a precondition to command opt_design

Starting DRC Task
INFO: [DRC 23-27] Running DRC with 2 threads
INFO: [Project 1-461] DRC finished with 0 Errors
INFO: [Project 1-462] Please refer to the DRC report (report_drc) for more information.

Time (s): cpu = 00:00:01 ; elapsed = 00:00:01 . Memory (MB): peak = 2362.473 ; gain = 29.059

Starting Cache Timing Information Task
Ending Cache Timing Information Task | Checksum: 9a1717cc

Time (s): cpu = 00:00:00 ; elapsed = 00:00:00.008 . Memory (MB): peak = 2362.473 ; gain = 0.000

Starting Logic Optimization Task

Phase 1 Retarget
INFO: [Opt 31-1287] Pulled Inverter gmem0_m_axi_U/bus_read/fifo_rctl/sect_addr_buf[63]_i_1 into driver instance gmem0_m_axi_U/bus_read/fifo_rctl/state[1]_i_3, which resulted in an inversion of 18 pins
INFO: [Opt 31-1287] Pulled Inverter gmem1_m_axi_U/bus_read/fifo_rctl/sect_addr_buf[63]_i_1__0 into driver instance gmem1_m_axi_U/bus_read/fifo_rctl/state[1]_i_3__0, which resulted in an inversion of 18 pins
INFO: [Opt 31-1287] Pulled Inverter grp_lenet_w4a4_top_Pipeline_OUT_ROW_OUT_COL_fu_592/flow_control_loop_pipe_sequential_init_U/icmp_ln141_reg_1708[0]_i_1 into driver instance grp_lenet_w4a4_top_Pipeline_OUT_ROW_OUT_COL_fu_592/flow_control_loop_pipe_sequential_init_U/ram6_reg_i_14, which resulted in an inversion of 28 pins
INFO: [Opt 31-138] Pushed 5 inverter(s) to 9 load pin(s).
INFO: [Opt 31-49] Retargeted 0 cell(s).
Phase 1 Retarget | Checksum: 141fa05a5

Time (s): cpu = 00:00:01 ; elapsed = 00:00:00.416 . Memory (MB): peak = 2647.352 ; gain = 0.000
INFO: [Opt 31-389] Phase Retarget created 0 cells and removed 10 cells

Phase 2 Constant propagation
INFO: [Opt 31-138] Pushed 0 inverter(s) to 0 load pin(s).
Phase 2 Constant propagation | Checksum: 1439621a6

Time (s): cpu = 00:00:01 ; elapsed = 00:00:00.499 . Memory (MB): peak = 2647.352 ; gain = 0.000
INFO: [Opt 31-389] Phase Constant propagation created 0 cells and removed 0 cells

Phase 3 Sweep
Phase 3 Sweep | Checksum: 13af6e327

Time (s): cpu = 00:00:01 ; elapsed = 00:00:00.668 . Memory (MB): peak = 2647.352 ; gain = 0.000
INFO: [Opt 31-389] Phase Sweep created 0 cells and removed 0 cells

Phase 4 BUFG optimization
Phase 4 BUFG optimization | Checksum: 13af6e327

Time (s): cpu = 00:00:01 ; elapsed = 00:00:00.766 . Memory (MB): peak = 2647.352 ; gain = 0.000
INFO: [Opt 31-662] Phase BUFG optimization created 0 cells of which 0 are BUFGs and removed 0 cells.

Phase 5 Shift Register Optimization
INFO: [Opt 31-1064] SRL Remap converted 0 SRLs to 0 registers and converted 0 registers of register chains to 0 SRLs
Phase 5 Shift Register Optimization | Checksum: 13af6e327

Time (s): cpu = 00:00:01 ; elapsed = 00:00:00.790 . Memory (MB): peak = 2647.352 ; gain = 0.000
INFO: [Opt 31-389] Phase Shift Register Optimization created 0 cells and removed 0 cells

Phase 6 Post Processing Netlist
Phase 6 Post Processing Netlist | Checksum: 13af6e327

Time (s): cpu = 00:00:01 ; elapsed = 00:00:00.824 . Memory (MB): peak = 2647.352 ; gain = 0.000
INFO: [Opt 31-389] Phase Post Processing Netlist created 0 cells and removed 0 cells
Opt_design Change Summary
=========================


-------------------------------------------------------------------------------------------------------------------------
|  Phase                        |  #Cells created  |  #Cells Removed  |  #Constrained objects preventing optimizations  |
-------------------------------------------------------------------------------------------------------------------------
|  Retarget                     |               0  |              10  |                                              0  |
|  Constant propagation         |               0  |               0  |                                              0  |
|  Sweep                        |               0  |               0  |                                              0  |
|  BUFG optimization            |               0  |               0  |                                              0  |
|  Shift Register Optimization  |               0  |               0  |                                              0  |
|  Post Processing Netlist      |               0  |               0  |                                              0  |
-------------------------------------------------------------------------------------------------------------------------



Starting Connectivity Check Task

Time (s): cpu = 00:00:00 ; elapsed = 00:00:00.015 . Memory (MB): peak = 2647.352 ; gain = 0.000
Ending Logic Optimization Task | Checksum: 3cc42119

Time (s): cpu = 00:00:01 ; elapsed = 00:00:01 . Memory (MB): peak = 2647.352 ; gain = 0.000

Starting Power Optimization Task
INFO: [Pwropt 34-132] Skipping clock gating for clocks with a period < 2.00 ns.
INFO: [Timing 38-35] Done setting XDC timing constraints.
INFO: [Pwropt 34-9] Applying IDT optimizations ...
INFO: [Pwropt 34-10] Applying ODC optimizations ...
Running Vector-less Activity Propagation...

Finished Running Vector-less Activity Propagation


Starting PowerOpt Patch Enables Task
INFO: [Pwropt 34-162] WRITE_MODE attribute of 0 BRAM(s) out of a total of 33 has been updated to save power. Run report_power_opt to get a complete listing of the BRAMs updated.
INFO: [Pwropt 34-201] Structural ODC has moved 0 WE to EN ports
Number of BRAM Ports augmented: 20 newly gated: 3 Total Ports: 66
Ending PowerOpt Patch Enables Task | Checksum: bd74c238

Time (s): cpu = 00:00:00 ; elapsed = 00:00:00.164 . Memory (MB): peak = 2812.012 ; gain = 0.000
Ending Power Optimization Task | Checksum: bd74c238

Time (s): cpu = 00:00:06 ; elapsed = 00:00:03 . Memory (MB): peak = 2812.012 ; gain = 164.660

Starting Final Cleanup Task

Starting Logic Optimization Task
INFO: [Timing 38-35] Done setting XDC timing constraints.
Ending Logic Optimization Task | Checksum: 8d3e5536

Time (s): cpu = 00:00:02 ; elapsed = 00:00:01 . Memory (MB): peak = 2812.012 ; gain = 0.000
Ending Final Cleanup Task | Checksum: 8d3e5536

Time (s): cpu = 00:00:04 ; elapsed = 00:00:03 . Memory (MB): peak = 2812.012 ; gain = 0.000

Starting Netlist Obfuscation Task
Netlist sorting complete. Time (s): cpu = 00:00:00 ; elapsed = 00:00:00.004 . Memory (MB): peak = 2812.012 ; gain = 0.000
Ending Netlist Obfuscation Task | Checksum: 8d3e5536

Time (s): cpu = 00:00:00 ; elapsed = 00:00:00.005 . Memory (MB): peak = 2812.012 ; gain = 0.000
INFO: [Common 17-83] Releasing license: Implementation
25 Infos, 0 Warnings, 0 Critical Warnings and 0 Errors encountered.
opt_design completed successfully
opt_design: Time (s): cpu = 00:00:15 ; elapsed = 00:00:11 . Memory (MB): peak = 2812.012 ; gain = 478.598
# place_design
Command: place_design
Attempting to get a license for feature 'Implementation' and/or device 'xc7z020'
INFO: [Common 17-349] Got license for feature 'Implementation' and/or device 'xc7z020'
INFO: [DRC 23-27] Running DRC with 2 threads
INFO: [Vivado_Tcl 4-198] DRC finished with 0 Errors
INFO: [Vivado_Tcl 4-199] Please refer to the DRC report (report_drc) for more information.
Running DRC as a precondition to command place_design
INFO: [DRC 23-27] Running DRC with 2 threads
INFO: [Vivado_Tcl 4-198] DRC finished with 0 Errors
INFO: [Vivado_Tcl 4-199] Please refer to the DRC report (report_drc) for more information.

Starting Placer Task
INFO: [Place 30-611] Multithreading enabled for place_design using a maximum of 2 CPUs

Phase 1 Placer Initialization

Phase 1.1 Placer Initialization Netlist Sorting
Netlist sorting complete. Time (s): cpu = 00:00:00 ; elapsed = 00:00:00.004 . Memory (MB): peak = 2812.012 ; gain = 0.000
Phase 1.1 Placer Initialization Netlist Sorting | Checksum: 5879db64

Time (s): cpu = 00:00:00 ; elapsed = 00:00:00.019 . Memory (MB): peak = 2812.012 ; gain = 0.000
Netlist sorting complete. Time (s): cpu = 00:00:00 ; elapsed = 00:00:00.002 . Memory (MB): peak = 2812.012 ; gain = 0.000

Phase 1.2 IO Placement/ Clock Placement/ Build Placer Device
INFO: [Timing 38-35] Done setting XDC timing constraints.
Phase 1.2 IO Placement/ Clock Placement/ Build Placer Device | Checksum: 470b82ee

Time (s): cpu = 00:00:02 ; elapsed = 00:00:02 . Memory (MB): peak = 2812.012 ; gain = 0.000

Phase 1.3 Build Placer Netlist Model
Phase 1.3 Build Placer Netlist Model | Checksum: 106899449

Time (s): cpu = 00:00:05 ; elapsed = 00:00:04 . Memory (MB): peak = 2812.012 ; gain = 0.000

Phase 1.4 Constrain Clocks/Macros
Phase 1.4 Constrain Clocks/Macros | Checksum: 106899449

Time (s): cpu = 00:00:05 ; elapsed = 00:00:04 . Memory (MB): peak = 2812.012 ; gain = 0.000
Phase 1 Placer Initialization | Checksum: 106899449

Time (s): cpu = 00:00:05 ; elapsed = 00:00:04 . Memory (MB): peak = 2812.012 ; gain = 0.000

Phase 2 Global Placement

Phase 2.1 Floorplanning
Phase 2.1 Floorplanning | Checksum: 9d06abb8

Time (s): cpu = 00:00:06 ; elapsed = 00:00:04 . Memory (MB): peak = 2812.012 ; gain = 0.000

Phase 2.2 Update Timing before SLR Path Opt
Phase 2.2 Update Timing before SLR Path Opt | Checksum: a298fc3d

Time (s): cpu = 00:00:06 ; elapsed = 00:00:04 . Memory (MB): peak = 2812.012 ; gain = 0.000

Phase 2.3 Post-Processing in Floorplanning
Phase 2.3 Post-Processing in Floorplanning | Checksum: a298fc3d

Time (s): cpu = 00:00:06 ; elapsed = 00:00:05 . Memory (MB): peak = 2812.012 ; gain = 0.000

Phase 2.4 Global Placement Core

Phase 2.4.1 UpdateTiming Before Physical Synthesis
Phase 2.4.1 UpdateTiming Before Physical Synthesis | Checksum: d25e5a5b

Time (s): cpu = 00:00:14 ; elapsed = 00:00:10 . Memory (MB): peak = 2812.012 ; gain = 0.000

Phase 2.4.2 Physical Synthesis In Placer
INFO: [Physopt 32-1035] Found 0 LUTNM shape to break, 392 LUT instances to create LUTNM shape
INFO: [Physopt 32-1044] Break lutnm for timing: one critical 0, two critical 0, total 0, new lutff created 0
INFO: [Physopt 32-1138] End 1 Pass. Optimized 163 nets or LUTs. Breaked 0 LUT, combined 163 existing LUTs and moved 0 existing LUT
INFO: [Physopt 32-65] No nets found for high-fanout optimization.
INFO: [Physopt 32-232] Optimized 0 net. Created 0 new instance.
INFO: [Physopt 32-775] End 1 Pass. Optimized 0 net or cell. Created 0 new cell, deleted 0 existing cell and moved 0 existing cell
INFO: [Physopt 32-670] No setup violation found.  DSP Register Optimization was not performed.
INFO: [Physopt 32-670] No setup violation found.  Shift Register to Pipeline Optimization was not performed.
INFO: [Physopt 32-670] No setup violation found.  Shift Register Optimization was not performed.
INFO: [Physopt 32-670] No setup violation found.  BRAM Register Optimization was not performed.
INFO: [Physopt 32-670] No setup violation found.  URAM Register Optimization was not performed.
INFO: [Physopt 32-949] No candidate nets found for dynamic/static region interface net replication
INFO: [Physopt 32-775] End 1 Pass. Optimized 0 net or cell. Created 0 new cell, deleted 0 existing cell and moved 0 existing cell
Netlist sorting complete. Time (s): cpu = 00:00:00 ; elapsed = 00:00:00.004 . Memory (MB): peak = 2812.012 ; gain = 0.000

Summary of Physical Synthesis Optimizations
============================================


-----------------------------------------------------------------------------------------------------------------------------------------------------------
|  Optimization                                     |  Added Cells  |  Removed Cells  |  Optimized Cells/Nets  |  Dont Touch  |  Iterations  |  Elapsed   |
-----------------------------------------------------------------------------------------------------------------------------------------------------------
|  LUT Combining                                    |            0  |            163  |                   163  |           0  |           1  |  00:00:00  |
|  Retime                                           |            0  |              0  |                     0  |           0  |           1  |  00:00:00  |
|  Very High Fanout                                 |            0  |              0  |                     0  |           0  |           1  |  00:00:00  |
|  DSP Register                                     |            0  |              0  |                     0  |           0  |           0  |  00:00:00  |
|  Shift Register to Pipeline                       |            0  |              0  |                     0  |           0  |           0  |  00:00:00  |
|  Shift Register                                   |            0  |              0  |                     0  |           0  |           0  |  00:00:00  |
|  BRAM Register                                    |            0  |              0  |                     0  |           0  |           0  |  00:00:00  |
|  URAM Register                                    |            0  |              0  |                     0  |           0  |           0  |  00:00:00  |
|  Dynamic/Static Region Interface Net Replication  |            0  |              0  |                     0  |           0  |           1  |  00:00:00  |
|  Total                                            |            0  |            163  |                   163  |           0  |           4  |  00:00:00  |
-----------------------------------------------------------------------------------------------------------------------------------------------------------


Phase 2.4.2 Physical Synthesis In Placer | Checksum: 1589b21bd

Time (s): cpu = 00:00:15 ; elapsed = 00:00:11 . Memory (MB): peak = 2812.012 ; gain = 0.000
Phase 2.4 Global Placement Core | Checksum: 211009cfa

Time (s): cpu = 00:00:16 ; elapsed = 00:00:11 . Memory (MB): peak = 2812.012 ; gain = 0.000
Phase 2 Global Placement | Checksum: 211009cfa

Time (s): cpu = 00:00:16 ; elapsed = 00:00:11 . Memory (MB): peak = 2812.012 ; gain = 0.000

Phase 3 Detail Placement

Phase 3.1 Commit Multi Column Macros
Phase 3.1 Commit Multi Column Macros | Checksum: 1a7b2750d

Time (s): cpu = 00:00:17 ; elapsed = 00:00:11 . Memory (MB): peak = 2812.012 ; gain = 0.000

Phase 3.2 Commit Most Macros & LUTRAMs
Phase 3.2 Commit Most Macros & LUTRAMs | Checksum: 1d9f65ee2

Time (s): cpu = 00:00:18 ; elapsed = 00:00:12 . Memory (MB): peak = 2812.012 ; gain = 0.000

Phase 3.3 Area Swap Optimization
Phase 3.3 Area Swap Optimization | Checksum: 13e4fdbfb

Time (s): cpu = 00:00:18 ; elapsed = 00:00:12 . Memory (MB): peak = 2812.012 ; gain = 0.000

Phase 3.4 Pipeline Register Optimization
Phase 3.4 Pipeline Register Optimization | Checksum: 1c2020795

Time (s): cpu = 00:00:18 ; elapsed = 00:00:13 . Memory (MB): peak = 2812.012 ; gain = 0.000

Phase 3.5 Small Shape Detail Placement
Phase 3.5 Small Shape Detail Placement | Checksum: 2918c46e5

Time (s): cpu = 00:00:20 ; elapsed = 00:00:15 . Memory (MB): peak = 2812.012 ; gain = 0.000

Phase 3.6 Re-assign LUT pins
Phase 3.6 Re-assign LUT pins | Checksum: 28aa02533

Time (s): cpu = 00:00:20 ; elapsed = 00:00:15 . Memory (MB): peak = 2812.012 ; gain = 0.000

Phase 3.7 Pipeline Register Optimization
Phase 3.7 Pipeline Register Optimization | Checksum: 14936a075

Time (s): cpu = 00:00:20 ; elapsed = 00:00:15 . Memory (MB): peak = 2812.012 ; gain = 0.000
Phase 3 Detail Placement | Checksum: 14936a075

Time (s): cpu = 00:00:20 ; elapsed = 00:00:15 . Memory (MB): peak = 2812.012 ; gain = 0.000

Phase 4 Post Placement Optimization and Clean-Up

Phase 4.1 Post Commit Optimization
INFO: [Timing 38-35] Done setting XDC timing constraints.

Phase 4.1.1 Post Placement Optimization
Post Placement Optimization Initialization | Checksum: 1d78def7b

Phase 4.1.1.1 BUFG Insertion

Starting Physical Synthesis Task

Phase 1 Physical Synthesis Initialization
INFO: [Physopt 32-721] Multithreading enabled for phys_opt_design using a maximum of 2 CPUs
INFO: [Physopt 32-619] Estimated Timing Summary | WNS=0.960 | TNS=0.000 |
Phase 1 Physical Synthesis Initialization | Checksum: 1910b76be

Time (s): cpu = 00:00:01 ; elapsed = 00:00:00.429 . Memory (MB): peak = 2812.012 ; gain = 0.000
INFO: [Place 46-33] Processed net gmem2_m_axi_U/bus_write/wreq_throttle/req_fifo/U_fifo_srl/SR[0], BUFG insertion was skipped due to placement/routing conflicts.
INFO: [Place 46-56] BUFG insertion identified 1 candidate nets. Inserted BUFG: 0, Replicated BUFG Driver: 0, Skipped due to Placement/Routing Conflicts: 1, Skipped due to Timing Degradation: 0, Skipped due to Illegal Netlist: 0.
Ending Physical Synthesis Task | Checksum: 16cb4606b

Time (s): cpu = 00:00:01 ; elapsed = 00:00:00.612 . Memory (MB): peak = 2812.012 ; gain = 0.000
Phase 4.1.1.1 BUFG Insertion | Checksum: 1d78def7b

Time (s): cpu = 00:00:24 ; elapsed = 00:00:18 . Memory (MB): peak = 2812.012 ; gain = 0.000

Phase 4.1.1.2 Post Placement Timing Optimization
INFO: [Place 30-746] Post Placement Timing Summary WNS=0.960. For the most accurate timing information please run report_timing.
Phase 4.1.1.2 Post Placement Timing Optimization | Checksum: 1eba45ef2

Time (s): cpu = 00:00:24 ; elapsed = 00:00:18 . Memory (MB): peak = 2812.012 ; gain = 0.000

Time (s): cpu = 00:00:24 ; elapsed = 00:00:18 . Memory (MB): peak = 2812.012 ; gain = 0.000
Phase 4.1 Post Commit Optimization | Checksum: 1eba45ef2

Time (s): cpu = 00:00:24 ; elapsed = 00:00:18 . Memory (MB): peak = 2812.012 ; gain = 0.000

Phase 4.2 Post Placement Cleanup
Phase 4.2 Post Placement Cleanup | Checksum: 1eba45ef2

Time (s): cpu = 00:00:24 ; elapsed = 00:00:18 . Memory (MB): peak = 2812.012 ; gain = 0.000

Phase 4.3 Placer Reporting

Phase 4.3.1 Print Estimated Congestion
INFO: [Place 30-612] Post-Placement Estimated Congestion 
 ____________________________________________________
|           | Global Congestion | Short Congestion  |
| Direction | Region Size       | Region Size       |
|___________|___________________|___________________|
|      North|                1x1|                2x2|
|___________|___________________|___________________|
|      South|                1x1|                1x1|
|___________|___________________|___________________|
|       East|                1x1|                1x1|
|___________|___________________|___________________|
|       West|                1x1|                1x1|
|___________|___________________|___________________|

Phase 4.3.1 Print Estimated Congestion | Checksum: 1eba45ef2

Time (s): cpu = 00:00:24 ; elapsed = 00:00:18 . Memory (MB): peak = 2812.012 ; gain = 0.000
Phase 4.3 Placer Reporting | Checksum: 1eba45ef2

Time (s): cpu = 00:00:24 ; elapsed = 00:00:18 . Memory (MB): peak = 2812.012 ; gain = 0.000

Phase 4.4 Final Placement Cleanup
Netlist sorting complete. Time (s): cpu = 00:00:00 ; elapsed = 00:00:00.003 . Memory (MB): peak = 2812.012 ; gain = 0.000

Time (s): cpu = 00:00:24 ; elapsed = 00:00:18 . Memory (MB): peak = 2812.012 ; gain = 0.000
Phase 4 Post Placement Optimization and Clean-Up | Checksum: 1c3933060

Time (s): cpu = 00:00:24 ; elapsed = 00:00:18 . Memory (MB): peak = 2812.012 ; gain = 0.000
Ending Placer Task | Checksum: 10fdeb807

Time (s): cpu = 00:00:24 ; elapsed = 00:00:18 . Memory (MB): peak = 2812.012 ; gain = 0.000
INFO: [Common 17-83] Releasing license: Implementation
30 Infos, 0 Warnings, 0 Critical Warnings and 0 Errors encountered.
place_design completed successfully
place_design: Time (s): cpu = 00:00:26 ; elapsed = 00:00:20 . Memory (MB): peak = 2812.012 ; gain = 0.000
# phys_opt_design
Command: phys_opt_design
Attempting to get a license for feature 'Implementation' and/or device 'xc7z020'
INFO: [Common 17-349] Got license for feature 'Implementation' and/or device 'xc7z020'

Starting Initial Update Timing Task
WARNING: [Timing 38-242] The property HD.CLK_SRC of clock port "ap_clk" is not set. In out-of-context mode, this prevents timing estimation for clock delay/skew
Resolution: Set the HD.CLK_SRC property of the out-of-context port to the location of the clock buffer instance in the top-level design

Time (s): cpu = 00:00:02 ; elapsed = 00:00:01 . Memory (MB): peak = 2812.012 ; gain = 0.000
INFO: [Vivado_Tcl 4-383] Design worst setup slack (WNS) is greater than or equal to 0.000 ns. Skipping all physical synthesis optimizations.
INFO: [Vivado_Tcl 4-232] No setup violation found. The netlist was not modified.
INFO: [Common 17-83] Releasing license: Implementation
4 Infos, 1 Warnings, 0 Critical Warnings and 0 Errors encountered.
phys_opt_design completed successfully
# route_design
Command: route_design
Attempting to get a license for feature 'Implementation' and/or device 'xc7z020'
INFO: [Common 17-349] Got license for feature 'Implementation' and/or device 'xc7z020'
Running DRC as a precondition to command route_design
INFO: [DRC 23-27] Running DRC with 2 threads
INFO: [Vivado_Tcl 4-198] DRC finished with 0 Errors
INFO: [Vivado_Tcl 4-199] Please refer to the DRC report (report_drc) for more information.


Starting Routing Task
INFO: [Route 35-254] Multithreading enabled for route_design using a maximum of 2 CPUs

Phase 1 Build RT Design
Checksum: PlaceDB: 7b46f28f ConstDB: 0 ShapeSum: 9497c578 RouteDB: 0
WARNING: [Route 35-197] Clock port "ap_clk" does not have an associated HD.CLK_SRC. Without this constraint, timing analysis may not be accurate and upstream checks cannot be done to ensure correct clock placement.
WARNING: [Route 35-198] Port "ap_rst_n" does not have an associated HD.PARTPIN_LOCS, which will prevent the partial routing of the signal "ap_rst_n". Without this partial route, timing analysis to/from this port will not be accurate, and no routing information for this port can be exported.
WARNING: [Route 35-198] Port "m_axi_gmem0_RDATA[10]" does not have an associated HD.PARTPIN_LOCS, which will prevent the partial routing of the signal "m_axi_gmem0_RDATA[10]". Without this partial route, timing analysis to/from this port will not be accurate, and no routing information for this port can be exported.
WARNING: [Route 35-198] Port "m_axi_gmem0_RDATA[18]" does not have an associated HD.PARTPIN_LOCS, which will prevent the partial routing of the signal "m_axi_gmem0_RDATA[18]". Without this partial route, timing analysis to/from this port will not be accurate, and no routing information for this port can be exported.
WARNING: [Route 35-198] Port "m_axi_gmem0_RDATA[19]" does not have an associated HD.PARTPIN_LOCS, which will prevent the partial routing of the signal "m_axi_gmem0_RDATA[19]". Without this partial route, timing analysis to/from this port will not be accurate, and no routing information for this port can be exported.
WARNING: [Route 35-198] Port "m_axi_gmem0_RDATA[26]" does not have an associated HD.PARTPIN_LOCS, which will prevent the partial routing of the signal "m_axi_gmem0_RDATA[26]". Without this partial route, timing analysis to/from this port will not be accurate, and no routing information for this port can be exported.
WARNING: [Route 35-198] Port "m_axi_gmem0_RDATA[0]" does not have an associated HD.PARTPIN_LOCS, which will prevent the partial routing of the signal "m_axi_gmem0_RDATA[0]". Without this partial route, timing analysis to/from this port will not be accurate, and no routing information for this port can be exported.
WARNING: [Route 35-198] Port "m_axi_gmem0_RDATA[17]" does not have an associated HD.PARTPIN_LOCS, which will prevent the partial routing of the signal "m_axi_gmem0_RDATA[17]". Without this partial route, timing analysis to/from this port will not be accurate, and no routing information for this port can be exported.
WARNING: [Route 35-198] Port "m_axi_gmem0_RDATA[25]" does not have an associated HD.PARTPIN_LOCS, which will prevent the partial routing of the signal "m_axi_gmem0_RDATA[25]". Without this partial route, timing analysis to/from this port will not be accurate, and no routing information for this port can be exported.
WARNING: [Route 35-198] Port "m_axi_gmem0_RDATA[9]" does not have an associated HD.PARTPIN_LOCS, which will prevent the partial routing of the signal "m_axi_gmem0_RDATA[9]". Without this partial route, timing analysis to/from this port will not be accurate, and no routing information for this port can be exported.
WARNING: [Route 35-198] Port "m_axi_gmem0_RDATA[14]" does not have an associated HD.PARTPIN_LOCS, which will prevent the partial routing of the signal "m_axi_gmem0_RDATA[14]". Without this partial route, timing analysis to/from this port will not be accurate, and no routing information for this port can be exported.
WARNING: [Route 35-198] Port "m_axi_gmem0_RDATA[29]" does not have an associated HD.PARTPIN_LOCS, which will prevent the partial routing of the signal "m_axi_gmem0_RDATA[29]". Without this partial route, timing analysis to/from this port will not be accurate, and no routing information for this port can be exported.
WARNING: [Route 35-198] Port "m_axi_gmem0_RDATA[30]" does not have an associated HD.PARTPIN_LOCS, which will prevent the partial routing of the signal "m_axi_gmem0_RDATA[30]". Without this partial route, timing analysis to/from this port will not be accurate, and no routing information for this port can be exported.
WARNING: [Route 35-198] Port "m_axi_gmem0_RDATA[8]" does not have an associated HD.PARTPIN_LOCS, which will prevent the partial routing of the signal "m_axi_gmem0_RDATA[8]". Without this partial route, timing analysis to/from this port will not be accurate, and no routing information for this port can be exported.
WARNING: [Route 35-198] Port "m_axi_gmem0_RDATA[12]" does not have an associated HD.PARTPIN_LOCS, which will prevent the partial routing of the signal "m_axi_gmem0_RDATA[12]". Without this partial route, timing analysis to/from this port will not be accurate, and no routing information for this port can be exported.
WARNING: [Route 35-198] Port "m_axi_gmem0_RDATA[15]" does not have an associated HD.PARTPIN_LOCS, which will prevent the partial routing of the signal "m_axi_gmem0_RDATA[15]". Without this partial route, timing analysis to/from this port will not be accurate, and no routing information for this port can be exported.
WARNING: [Route 35-198] Port "m_axi_gmem0_RDATA[20]" does not have an associated HD.PARTPIN_LOCS, which will prevent the partial routing of the signal "m_axi_gmem0_RDATA[20]". Without this partial route, timing analysis to/from this port will not be accurate, and no routing information for this port can be exported.
WARNING: [Route 35-198] Port "m_axi_gmem0_RDATA[6]" does not have an associated HD.PARTPIN_LOCS, which will prevent the partial routing of the signal "m_axi_gmem0_RDATA[6]". Without this partial route, timing analysis to/from this port will not be accurate, and no routing information for this port can be exported.
WARNING: [Route 35-198] Port "m_axi_gmem0_RDATA[24]" does not have an associated HD.PARTPIN_LOCS, which will prevent the partial routing of the signal "m_axi_gmem0_RDATA[24]". Without this partial route, timing analysis to/from this port will not be accurate, and no routing information for this port can be exported.
WARNING: [Route 35-198] Port "m_axi_gmem0_RDATA[27]" does not have an associated HD.PARTPIN_LOCS, which will prevent the partial routing of the signal "m_axi_gmem0_RDATA[27]". Without this partial route, timing analysis to/from this port will not be accurate, and no routing information for this port can be exported.
WARNING: [Route 35-198] Port "m_axi_gmem0_RDATA[2]" does not have an associated HD.PARTPIN_LOCS, which will prevent the partial routing of the signal "m_axi_gmem0_RDATA[2]". Without this partial route, timing analysis to/from this port will not be accurate, and no routing information for this port can be exported.
WARNING: [Route 35-198] Port "m_axi_gmem0_RDATA[3]" does not have an associated HD.PARTPIN_LOCS, which will prevent the partial routing of the signal "m_axi_gmem0_RDATA[3]". Without this partial route, timing analysis to/from this port will not be accurate, and no routing information for this port can be exported.
WARNING: [Route 35-198] Port "m_axi_gmem0_RDATA[16]" does not have an associated HD.PARTPIN_LOCS, which will prevent the partial routing of the signal "m_axi_gmem0_RDATA[16]". Without this partial route, timing analysis to/from this port will not be accurate, and no routing information for this port can be exported.
WARNING: [Route 35-198] Port "m_axi_gmem0_RDATA[23]" does not have an associated HD.PARTPIN_LOCS, which will prevent the partial routing of the signal "m_axi_gmem0_RDATA[23]". Without this partial route, timing analysis to/from this port will not be accurate, and no routing information for this port can be exported.
WARNING: [Route 35-198] Port "m_axi_gmem0_RDATA[31]" does not have an associated HD.PARTPIN_LOCS, which will prevent the partial routing of the signal "m_axi_gmem0_RDATA[31]". Without this partial route, timing analysis to/from this port will not be accurate, and no routing information for this port can be exported.
WARNING: [Route 35-198] Port "m_axi_gmem0_RDATA[7]" does not have an associated HD.PARTPIN_LOCS, which will prevent the partial routing of the signal "m_axi_gmem0_RDATA[7]". Without this partial route, timing analysis to/from this port will not be accurate, and no routing information for this port can be exported.
WARNING: [Route 35-198] Port "m_axi_gmem0_RDATA[11]" does not have an associated HD.PARTPIN_LOCS, which will prevent the partial routing of the signal "m_axi_gmem0_RDATA[11]". Without this partial route, timing analysis to/from this port will not be accurate, and no routing information for this port can be exported.
WARNING: [Route 35-198] Port "m_axi_gmem0_RDATA[13]" does not have an associated HD.PARTPIN_LOCS, which will prevent the partial routing of the signal "m_axi_gmem0_RDATA[13]". Without this partial route, timing analysis to/from this port will not be accurate, and no routing information for this port can be exported.
WARNING: [Route 35-198] Port "m_axi_gmem0_RDATA[1]" does not have an associated HD.PARTPIN_LOCS, which will prevent the partial routing of the signal "m_axi_gmem0_RDATA[1]". Without this partial route, timing analysis to/from this port will not be accurate, and no routing information for this port can be exported.
WARNING: [Route 35-198] Port "m_axi_gmem0_RDATA[21]" does not have an associated HD.PARTPIN_LOCS, which will prevent the partial routing of the signal "m_axi_gmem0_RDATA[21]". Without this partial route, timing analysis to/from this port will not be accurate, and no routing information for this port can be exported.
WARNING: [Route 35-198] Port "m_axi_gmem0_RDATA[22]" does not have an associated HD.PARTPIN_LOCS, which will prevent the partial routing of the signal "m_axi_gmem0_RDATA[22]". Without this partial route, timing analysis to/from this port will not be accurate, and no routing information for this port can be exported.
WARNING: [Route 35-198] Port "m_axi_gmem0_RDATA[28]" does not have an associated HD.PARTPIN_LOCS, which will prevent the partial routing of the signal "m_axi_gmem0_RDATA[28]". Without this partial route, timing analysis to/from this port will not be accurate, and no routing information for this port can be exported.
WARNING: [Route 35-198] Port "m_axi_gmem0_RLAST" does not have an associated HD.PARTPIN_LOCS, which will prevent the partial routing of the signal "m_axi_gmem0_RLAST". Without this partial route, timing analysis to/from this port will not be accurate, and no routing information for this port can be exported.
WARNING: [Route 35-198] Port "m_axi_gmem0_RDATA[4]" does not have an associated HD.PARTPIN_LOCS, which will prevent the partial routing of the signal "m_axi_gmem0_RDATA[4]". Without this partial route, timing analysis to/from this port will not be accurate, and no routing information for this port can be exported.
WARNING: [Route 35-198] Port "m_axi_gmem0_RDATA[5]" does not have an associated HD.PARTPIN_LOCS, which will prevent the partial routing of the signal "m_axi_gmem0_RDATA[5]". Without this partial route, timing analysis to/from this port will not be accurate, and no routing information for this port can be exported.
WARNING: [Route 35-198] Port "m_axi_gmem0_RVALID" does not have an associated HD.PARTPIN_LOCS, which will prevent the partial routing of the signal "m_axi_gmem0_RVALID". Without this partial route, timing analysis to/from this port will not be accurate, and no routing information for this port can be exported.
WARNING: [Route 35-198] Port "m_axi_gmem0_ARREADY" does not have an associated HD.PARTPIN_LOCS, which will prevent the partial routing of the signal "m_axi_gmem0_ARREADY". Without this partial route, timing analysis to/from this port will not be accurate, and no routing information for this port can be exported.
WARNING: [Route 35-198] Port "m_axi_gmem2_RVALID" does not have an associated HD.PARTPIN_LOCS, which will prevent the partial routing of the signal "m_axi_gmem2_RVALID". Without this partial route, timing analysis to/from this port will not be accurate, and no routing information for this port can be exported.
WARNING: [Route 35-198] Port "m_axi_gmem1_BVALID" does not have an associated HD.PARTPIN_LOCS, which will prevent the partial routing of the signal "m_axi_gmem1_BVALID". Without this partial route, timing analysis to/from this port will not be accurate, and no routing information for this port can be exported.
WARNING: [Route 35-198] Port "m_axi_gmem0_BVALID" does not have an associated HD.PARTPIN_LOCS, which will prevent the partial routing of the signal "m_axi_gmem0_BVALID". Without this partial route, timing analysis to/from this port will not be accurate, and no routing information for this port can be exported.
WARNING: [Route 35-198] Port "m_axi_gmem1_RDATA[16]" does not have an associated HD.PARTPIN_LOCS, which will prevent the partial routing of the signal "m_axi_gmem1_RDATA[16]". Without this partial route, timing analysis to/from this port will not be accurate, and no routing information for this port can be exported.
WARNING: [Route 35-198] Port "m_axi_gmem1_RDATA[1]" does not have an associated HD.PARTPIN_LOCS, which will prevent the partial routing of the signal "m_axi_gmem1_RDATA[1]". Without this partial route, timing analysis to/from this port will not be accurate, and no routing information for this port can be exported.
WARNING: [Route 35-198] Port "m_axi_gmem1_RDATA[20]" does not have an associated HD.PARTPIN_LOCS, which will prevent the partial routing of the signal "m_axi_gmem1_RDATA[20]". Without this partial route, timing analysis to/from this port will not be accurate, and no routing information for this port can be exported.
WARNING: [Route 35-198] Port "m_axi_gmem1_RDATA[11]" does not have an associated HD.PARTPIN_LOCS, which will prevent the partial routing of the signal "m_axi_gmem1_RDATA[11]". Without this partial route, timing analysis to/from this port will not be accurate, and no routing information for this port can be exported.
WARNING: [Route 35-198] Port "m_axi_gmem1_RDATA[25]" does not have an associated HD.PARTPIN_LOCS, which will prevent the partial routing of the signal "m_axi_gmem1_RDATA[25]". Without this partial route, timing analysis to/from this port will not be accurate, and no routing information for this port can be exported.
WARNING: [Route 35-198] Port "m_axi_gmem1_RDATA[0]" does not have an associated HD.PARTPIN_LOCS, which will prevent the partial routing of the signal "m_axi_gmem1_RDATA[0]". Without this partial route, timing analysis to/from this port will not be accurate, and no routing information for this port can be exported.
WARNING: [Route 35-198] Port "m_axi_gmem1_RDATA[10]" does not have an associated HD.PARTPIN_LOCS, which will prevent the partial routing of the signal "m_axi_gmem1_RDATA[10]". Without this partial route, timing analysis to/from this port will not be accurate, and no routing information for this port can be exported.
WARNING: [Route 35-198] Port "m_axi_gmem1_RDATA[13]" does not have an associated HD.PARTPIN_LOCS, which will prevent the partial routing of the signal "m_axi_gmem1_RDATA[13]". Without this partial route, timing analysis to/from this port will not be accurate, and no routing information for this port can be exported.
WARNING: [Route 35-198] Port "m_axi_gmem1_RDATA[29]" does not have an associated HD.PARTPIN_LOCS, which will prevent the partial routing of the signal "m_axi_gmem1_RDATA[29]". Without this partial route, timing analysis to/from this port will not be accurate, and no routing information for this port can be exported.
WARNING: [Route 35-198] Port "m_axi_gmem1_RDATA[22]" does not have an associated HD.PARTPIN_LOCS, which will prevent the partial routing of the signal "m_axi_gmem1_RDATA[22]". Without this partial route, timing analysis to/from this port will not be accurate, and no routing information for this port can be exported.
WARNING: [Route 35-198] Port "m_axi_gmem1_RDATA[24]" does not have an associated HD.PARTPIN_LOCS, which will prevent the partial routing of the signal "m_axi_gmem1_RDATA[24]". Without this partial route, timing analysis to/from this port will not be accurate, and no routing information for this port can be exported.
WARNING: [Route 35-198] Port "m_axi_gmem1_RDATA[8]" does not have an associated HD.PARTPIN_LOCS, which will prevent the partial routing of the signal "m_axi_gmem1_RDATA[8]". Without this partial route, timing analysis to/from this port will not be accurate, and no routing information for this port can be exported.
WARNING: [Route 35-198] Port "m_axi_gmem1_RDATA[9]" does not have an associated HD.PARTPIN_LOCS, which will prevent the partial routing of the signal "m_axi_gmem1_RDATA[9]". Without this partial route, timing analysis to/from this port will not be accurate, and no routing information for this port can be exported.
WARNING: [Route 35-198] Port "m_axi_gmem1_RDATA[14]" does not have an associated HD.PARTPIN_LOCS, which will prevent the partial routing of the signal "m_axi_gmem1_RDATA[14]". Without this partial route, timing analysis to/from this port will not be accurate, and no routing information for this port can be exported.
WARNING: [Route 35-198] Port "m_axi_gmem1_RDATA[18]" does not have an associated HD.PARTPIN_LOCS, which will prevent the partial routing of the signal "m_axi_gmem1_RDATA[18]". Without this partial route, timing analysis to/from this port will not be accurate, and no routing information for this port can be exported.
WARNING: [Route 35-198] Port "m_axi_gmem1_RDATA[19]" does not have an associated HD.PARTPIN_LOCS, which will prevent the partial routing of the signal "m_axi_gmem1_RDATA[19]". Without this partial route, timing analysis to/from this port will not be accurate, and no routing information for this port can be exported.
WARNING: [Route 35-198] Port "m_axi_gmem1_RDATA[26]" does not have an associated HD.PARTPIN_LOCS, which will prevent the partial routing of the signal "m_axi_gmem1_RDATA[26]". Without this partial route, timing analysis to/from this port will not be accurate, and no routing information for this port can be exported.
WARNING: [Route 35-198] Port "m_axi_gmem1_RDATA[27]" does not have an associated HD.PARTPIN_LOCS, which will prevent the partial routing of the signal "m_axi_gmem1_RDATA[27]". Without this partial route, timing analysis to/from this port will not be accurate, and no routing information for this port can be exported.
WARNING: [Route 35-198] Port "m_axi_gmem1_RDATA[30]" does not have an associated HD.PARTPIN_LOCS, which will prevent the partial routing of the signal "m_axi_gmem1_RDATA[30]". Without this partial route, timing analysis to/from this port will not be accurate, and no routing information for this port can be exported.
WARNING: [Route 35-198] Port "m_axi_gmem1_RDATA[3]" does not have an associated HD.PARTPIN_LOCS, which will prevent the partial routing of the signal "m_axi_gmem1_RDATA[3]". Without this partial route, timing analysis to/from this port will not be accurate, and no routing information for this port can be exported.
WARNING: [Route 35-198] Port "m_axi_gmem1_RDATA[4]" does not have an associated HD.PARTPIN_LOCS, which will prevent the partial routing of the signal "m_axi_gmem1_RDATA[4]". Without this partial route, timing analysis to/from this port will not be accurate, and no routing information for this port can be exported.
WARNING: [Route 35-198] Port "m_axi_gmem1_RDATA[6]" does not have an associated HD.PARTPIN_LOCS, which will prevent the partial routing of the signal "m_axi_gmem1_RDATA[6]". Without this partial route, timing analysis to/from this port will not be accurate, and no routing information for this port can be exported.
WARNING: [Route 35-198] Port "m_axi_gmem1_RDATA[15]" does not have an associated HD.PARTPIN_LOCS, which will prevent the partial routing of the signal "m_axi_gmem1_RDATA[15]". Without this partial route, timing analysis to/from this port will not be accurate, and no routing information for this port can be exported.
WARNING: [Route 35-198] Port "m_axi_gmem1_RDATA[21]" does not have an associated HD.PARTPIN_LOCS, which will prevent the partial routing of the signal "m_axi_gmem1_RDATA[21]". Without this partial route, timing analysis to/from this port will not be accurate, and no routing information for this port can be exported.
WARNING: [Route 35-198] Port "m_axi_gmem1_RDATA[23]" does not have an associated HD.PARTPIN_LOCS, which will prevent the partial routing of the signal "m_axi_gmem1_RDATA[23]". Without this partial route, timing analysis to/from this port will not be accurate, and no routing information for this port can be exported.
WARNING: [Route 35-198] Port "m_axi_gmem1_RDATA[7]" does not have an associated HD.PARTPIN_LOCS, which will prevent the partial routing of the signal "m_axi_gmem1_RDATA[7]". Without this partial route, timing analysis to/from this port will not be accurate, and no routing information for this port can be exported.
WARNING: [Route 35-198] Port "m_axi_gmem1_RDATA[17]" does not have an associated HD.PARTPIN_LOCS, which will prevent the partial routing of the signal "m_axi_gmem1_RDATA[17]". Without this partial route, timing analysis to/from this port will not be accurate, and no routing information for this port can be exported.
WARNING: [Route 35-198] Port "m_axi_gmem1_RDATA[28]" does not have an associated HD.PARTPIN_LOCS, which will prevent the partial routing of the signal "m_axi_gmem1_RDATA[28]". Without this partial route, timing analysis to/from this port will not be accurate, and no routing information for this port can be exported.
WARNING: [Route 35-198] Port "m_axi_gmem1_RDATA[2]" does not have an associated HD.PARTPIN_LOCS, which will prevent the partial routing of the signal "m_axi_gmem1_RDATA[2]". Without this partial route, timing analysis to/from this port will not be accurate, and no routing information for this port can be exported.
WARNING: [Route 35-198] Port "m_axi_gmem1_RDATA[12]" does not have an associated HD.PARTPIN_LOCS, which will prevent the partial routing of the signal "m_axi_gmem1_RDATA[12]". Without this partial route, timing analysis to/from this port will not be accurate, and no routing information for this port can be exported.
WARNING: [Route 35-198] Port "m_axi_gmem1_RDATA[31]" does not have an associated HD.PARTPIN_LOCS, which will prevent the partial routing of the signal "m_axi_gmem1_RDATA[31]". Without this partial route, timing analysis to/from this port will not be accurate, and no routing information for this port can be exported.
WARNING: [Route 35-198] Port "s_axi_control_ARVALID" does not have an associated HD.PARTPIN_LOCS, which will prevent the partial routing of the signal "s_axi_control_ARVALID". Without this partial route, timing analysis to/from this port will not be accurate, and no routing information for this port can be exported.
WARNING: [Route 35-198] Port "s_axi_control_RREADY" does not have an associated HD.PARTPIN_LOCS, which will prevent the partial routing of the signal "s_axi_control_RREADY". Without this partial route, timing analysis to/from this port will not be accurate, and no routing information for this port can be exported.
WARNING: [Route 35-198] Port "s_axi_control_ARADDR[0]" does not have an associated HD.PARTPIN_LOCS, which will prevent the partial routing of the signal "s_axi_control_ARADDR[0]". Without this partial route, timing analysis to/from this port will not be accurate, and no routing information for this port can be exported.
WARNING: [Route 35-198] Port "s_axi_control_ARADDR[1]" does not have an associated HD.PARTPIN_LOCS, which will prevent the partial routing of the signal "s_axi_control_ARADDR[1]". Without this partial route, timing analysis to/from this port will not be accurate, and no routing information for this port can be exported.
WARNING: [Route 35-198] Port "s_axi_control_WSTRB[0]" does not have an associated HD.PARTPIN_LOCS, which will prevent the partial routing of the signal "s_axi_control_WSTRB[0]". Without this partial route, timing analysis to/from this port will not be accurate, and no routing information for this port can be exported.
WARNING: [Route 35-198] Port "s_axi_control_WDATA[6]" does not have an associated HD.PARTPIN_LOCS, which will prevent the partial routing of the signal "s_axi_control_WDATA[6]". Without this partial route, timing analysis to/from this port will not be accurate, and no routing information for this port can be exported.
WARNING: [Route 35-198] Port "s_axi_control_WDATA[7]" does not have an associated HD.PARTPIN_LOCS, which will prevent the partial routing of the signal "s_axi_control_WDATA[7]". Without this partial route, timing analysis to/from this port will not be accurate, and no routing information for this port can be exported.
WARNING: [Route 35-198] Port "s_axi_control_ARADDR[2]" does not have an associated HD.PARTPIN_LOCS, which will prevent the partial routing of the signal "s_axi_control_ARADDR[2]". Without this partial route, timing analysis to/from this port will not be accurate, and no routing information for this port can be exported.
WARNING: [Route 35-198] Port "s_axi_control_WSTRB[2]" does not have an associated HD.PARTPIN_LOCS, which will prevent the partial routing of the signal "s_axi_control_WSTRB[2]". Without this partial route, timing analysis to/from this port will not be accurate, and no routing information for this port can be exported.
WARNING: [Route 35-198] Port "s_axi_control_WDATA[18]" does not have an associated HD.PARTPIN_LOCS, which will prevent the partial routing of the signal "s_axi_control_WDATA[18]". Without this partial route, timing analysis to/from this port will not be accurate, and no routing information for this port can be exported.
WARNING: [Route 35-198] Port "s_axi_control_WDATA[19]" does not have an associated HD.PARTPIN_LOCS, which will prevent the partial routing of the signal "s_axi_control_WDATA[19]". Without this partial route, timing analysis to/from this port will not be accurate, and no routing information for this port can be exported.
WARNING: [Route 35-198] Port "s_axi_control_WDATA[20]" does not have an associated HD.PARTPIN_LOCS, which will prevent the partial routing of the signal "s_axi_control_WDATA[20]". Without this partial route, timing analysis to/from this port will not be accurate, and no routing information for this port can be exported.
WARNING: [Route 35-198] Port "s_axi_control_WDATA[21]" does not have an associated HD.PARTPIN_LOCS, which will prevent the partial routing of the signal "s_axi_control_WDATA[21]". Without this partial route, timing analysis to/from this port will not be accurate, and no routing information for this port can be exported.
WARNING: [Route 35-198] Port "s_axi_control_ARADDR[4]" does not have an associated HD.PARTPIN_LOCS, which will prevent the partial routing of the signal "s_axi_control_ARADDR[4]". Without this partial route, timing analysis to/from this port will not be accurate, and no routing information for this port can be exported.
WARNING: [Route 35-198] Port "s_axi_control_ARADDR[5]" does not have an associated HD.PARTPIN_LOCS, which will prevent the partial routing of the signal "s_axi_control_ARADDR[5]". Without this partial route, timing analysis to/from this port will not be accurate, and no routing information for this port can be exported.
WARNING: [Route 35-198] Port "s_axi_control_ARADDR[3]" does not have an associated HD.PARTPIN_LOCS, which will prevent the partial routing of the signal "s_axi_control_ARADDR[3]". Without this partial route, timing analysis to/from this port will not be accurate, and no routing information for this port can be exported.
WARNING: [Route 35-198] Port "s_axi_control_WSTRB[3]" does not have an associated HD.PARTPIN_LOCS, which will prevent the partial routing of the signal "s_axi_control_WSTRB[3]". Without this partial route, timing analysis to/from this port will not be accurate, and no routing information for this port can be exported.
WARNING: [Route 35-198] Port "s_axi_control_WDATA[24]" does not have an associated HD.PARTPIN_LOCS, which will prevent the partial routing of the signal "s_axi_control_WDATA[24]". Without this partial route, timing analysis to/from this port will not be accurate, and no routing information for this port can be exported.
WARNING: [Route 35-198] Port "s_axi_control_WDATA[25]" does not have an associated HD.PARTPIN_LOCS, which will prevent the partial routing of the signal "s_axi_control_WDATA[25]". Without this partial route, timing analysis to/from this port will not be accurate, and no routing information for this port can be exported.
WARNING: [Route 35-198] Port "s_axi_control_WDATA[26]" does not have an associated HD.PARTPIN_LOCS, which will prevent the partial routing of the signal "s_axi_control_WDATA[26]". Without this partial route, timing analysis to/from this port will not be accurate, and no routing information for this port can be exported.
WARNING: [Route 35-198] Port "s_axi_control_WDATA[27]" does not have an associated HD.PARTPIN_LOCS, which will prevent the partial routing of the signal "s_axi_control_WDATA[27]". Without this partial route, timing analysis to/from this port will not be accurate, and no routing information for this port can be exported.
WARNING: [Route 35-198] Port "s_axi_control_WDATA[28]" does not have an associated HD.PARTPIN_LOCS, which will prevent the partial routing of the signal "s_axi_control_WDATA[28]". Without this partial route, timing analysis to/from this port will not be accurate, and no routing information for this port can be exported.
WARNING: [Route 35-198] Port "s_axi_control_WDATA[29]" does not have an associated HD.PARTPIN_LOCS, which will prevent the partial routing of the signal "s_axi_control_WDATA[29]". Without this partial route, timing analysis to/from this port will not be accurate, and no routing information for this port can be exported.
WARNING: [Route 35-198] Port "s_axi_control_WDATA[30]" does not have an associated HD.PARTPIN_LOCS, which will prevent the partial routing of the signal "s_axi_control_WDATA[30]". Without this partial route, timing analysis to/from this port will not be accurate, and no routing information for this port can be exported.
WARNING: [Route 35-198] Port "s_axi_control_WDATA[31]" does not have an associated HD.PARTPIN_LOCS, which will prevent the partial routing of the signal "s_axi_control_WDATA[31]". Without this partial route, timing analysis to/from this port will not be accurate, and no routing information for this port can be exported.
WARNING: [Route 35-198] Port "m_axi_gmem1_RVALID" does not have an associated HD.PARTPIN_LOCS, which will prevent the partial routing of the signal "m_axi_gmem1_RVALID". Without this partial route, timing analysis to/from this port will not be accurate, and no routing information for this port can be exported.
WARNING: [Route 35-198] Port "s_axi_control_WDATA[0]" does not have an associated HD.PARTPIN_LOCS, which will prevent the partial routing of the signal "s_axi_control_WDATA[0]". Without this partial route, timing analysis to/from this port will not be accurate, and no routing information for this port can be exported.
WARNING: [Route 35-198] Port "s_axi_control_WDATA[1]" does not have an associated HD.PARTPIN_LOCS, which will prevent the partial routing of the signal "s_axi_control_WDATA[1]". Without this partial route, timing analysis to/from this port will not be accurate, and no routing information for this port can be exported.
WARNING: [Route 35-198] Port "s_axi_control_WDATA[2]" does not have an associated HD.PARTPIN_LOCS, which will prevent the partial routing of the signal "s_axi_control_WDATA[2]". Without this partial route, timing analysis to/from this port will not be accurate, and no routing information for this port can be exported.
WARNING: [Route 35-198] Port "s_axi_control_WDATA[3]" does not have an associated HD.PARTPIN_LOCS, which will prevent the partial routing of the signal "s_axi_control_WDATA[3]". Without this partial route, timing analysis to/from this port will not be accurate, and no routing information for this port can be exported.
INFO: [Common 17-14] Message 'Route 35-198' appears 100 times and further instances of the messages will be disabled. Use the Tcl command set_msg_config to change the current settings.
Post Restoration Checksum: NetGraph: 29cfc326 NumContArr: e5be6e14 Constraints: 0 Timing: 0
Phase 1 Build RT Design | Checksum: 10f8e313a

Time (s): cpu = 00:00:21 ; elapsed = 00:00:17 . Memory (MB): peak = 2812.012 ; gain = 0.000

Phase 2 Router Initialization

Phase 2.1 Fix Topology Constraints
Phase 2.1 Fix Topology Constraints | Checksum: 10f8e313a

Time (s): cpu = 00:00:21 ; elapsed = 00:00:17 . Memory (MB): peak = 2812.012 ; gain = 0.000

Phase 2.2 Pre Route Cleanup
Phase 2.2 Pre Route Cleanup | Checksum: 10f8e313a

Time (s): cpu = 00:00:21 ; elapsed = 00:00:17 . Memory (MB): peak = 2812.012 ; gain = 0.000
 Number of Nodes with overlaps = 0

Phase 2.3 Update Timing
Phase 2.3 Update Timing | Checksum: 1a58e1f3d

Time (s): cpu = 00:00:24 ; elapsed = 00:00:19 . Memory (MB): peak = 2812.012 ; gain = 0.000
INFO: [Route 35-416] Intermediate Timing Summary | WNS=1.085  | TNS=0.000  | WHS=0.058  | THS=0.000  |


Router Utilization Summary
  Global Vertical Routing Utilization    = 0 %
  Global Horizontal Routing Utilization  = 0 %
  Routable Net Status*
  *Does not include unroutable nets such as driverless and loadless.
  Run report_route_status for detailed report.
  Number of Failed Nets               = 12026
    (Failed Nets is the sum of unrouted and partially routed nets)
  Number of Unrouted Nets             = 12026
  Number of Partially Routed Nets     = 0
  Number of Node Overlaps             = 0

Phase 2 Router Initialization | Checksum: f386e8ce

Time (s): cpu = 00:00:26 ; elapsed = 00:00:21 . Memory (MB): peak = 2812.012 ; gain = 0.000

Phase 3 Initial Routing

Phase 3.1 Global Routing
Phase 3.1 Global Routing | Checksum: f386e8ce

Time (s): cpu = 00:00:26 ; elapsed = 00:00:21 . Memory (MB): peak = 2812.012 ; gain = 0.000
Phase 3 Initial Routing | Checksum: 1331c46ef

Time (s): cpu = 00:00:29 ; elapsed = 00:00:22 . Memory (MB): peak = 2812.012 ; gain = 0.000

Phase 4 Rip-up And Reroute

Phase 4.1 Global Iteration 0
 Number of Nodes with overlaps = 673
 Number of Nodes with overlaps = 63
 Number of Nodes with overlaps = 23
 Number of Nodes with overlaps = 10
 Number of Nodes with overlaps = 5
 Number of Nodes with overlaps = 3
 Number of Nodes with overlaps = 2
 Number of Nodes with overlaps = 0
INFO: [Route 35-416] Intermediate Timing Summary | WNS=1.053  | TNS=0.000  | WHS=N/A    | THS=N/A    |

Phase 4.1 Global Iteration 0 | Checksum: 1d6a59ff8

Time (s): cpu = 00:00:33 ; elapsed = 00:00:25 . Memory (MB): peak = 2812.012 ; gain = 0.000
Phase 4 Rip-up And Reroute | Checksum: 1d6a59ff8

Time (s): cpu = 00:00:33 ; elapsed = 00:00:25 . Memory (MB): peak = 2812.012 ; gain = 0.000

Phase 5 Delay and Skew Optimization

Phase 5.1 Delay CleanUp
Phase 5.1 Delay CleanUp | Checksum: 1d6a59ff8

Time (s): cpu = 00:00:33 ; elapsed = 00:00:25 . Memory (MB): peak = 2812.012 ; gain = 0.000

Phase 5.2 Clock Skew Optimization
Phase 5.2 Clock Skew Optimization | Checksum: 1d6a59ff8

Time (s): cpu = 00:00:33 ; elapsed = 00:00:25 . Memory (MB): peak = 2812.012 ; gain = 0.000
Phase 5 Delay and Skew Optimization | Checksum: 1d6a59ff8

Time (s): cpu = 00:00:33 ; elapsed = 00:00:26 . Memory (MB): peak = 2812.012 ; gain = 0.000

Phase 6 Post Hold Fix

Phase 6.1 Hold Fix Iter

Phase 6.1.1 Update Timing
Phase 6.1.1 Update Timing | Checksum: 1f57e1491

Time (s): cpu = 00:00:34 ; elapsed = 00:00:26 . Memory (MB): peak = 2812.012 ; gain = 0.000
INFO: [Route 35-416] Intermediate Timing Summary | WNS=1.053  | TNS=0.000  | WHS=0.046  | THS=0.000  |

Phase 6.1 Hold Fix Iter | Checksum: 1f57e1491

Time (s): cpu = 00:00:34 ; elapsed = 00:00:26 . Memory (MB): peak = 2812.012 ; gain = 0.000
Phase 6 Post Hold Fix | Checksum: 1f57e1491

Time (s): cpu = 00:00:34 ; elapsed = 00:00:26 . Memory (MB): peak = 2812.012 ; gain = 0.000

Phase 7 Route finalize

Router Utilization Summary
  Global Vertical Routing Utilization    = 1.88169 %
  Global Horizontal Routing Utilization  = 2.24932 %
  Routable Net Status*
  *Does not include unroutable nets such as driverless and loadless.
  Run report_route_status for detailed report.
  Number of Failed Nets               = 0
    (Failed Nets is the sum of unrouted and partially routed nets)
  Number of Unrouted Nets             = 0
  Number of Partially Routed Nets     = 0
  Number of Node Overlaps             = 0

Phase 7 Route finalize | Checksum: 1706ecc14

Time (s): cpu = 00:00:34 ; elapsed = 00:00:26 . Memory (MB): peak = 2812.012 ; gain = 0.000

Phase 8 Verifying routed nets

 Verification completed successfully
Phase 8 Verifying routed nets | Checksum: 1706ecc14

Time (s): cpu = 00:00:34 ; elapsed = 00:00:26 . Memory (MB): peak = 2812.012 ; gain = 0.000

Phase 9 Depositing Routes
Phase 9 Depositing Routes | Checksum: 1db2f2df4

Time (s): cpu = 00:00:35 ; elapsed = 00:00:27 . Memory (MB): peak = 2812.012 ; gain = 0.000

Phase 10 Post Router Timing
INFO: [Route 35-57] Estimated Timing Summary | WNS=1.053  | TNS=0.000  | WHS=0.046  | THS=0.000  |

INFO: [Route 35-327] The final timing numbers are based on the router estimated timing analysis. For a complete and accurate timing signoff, please run report_timing_summary.
Phase 10 Post Router Timing | Checksum: 1db2f2df4

Time (s): cpu = 00:00:36 ; elapsed = 00:00:27 . Memory (MB): peak = 2812.012 ; gain = 0.000
INFO: [Route 35-16] Router Completed Successfully

Time (s): cpu = 00:00:36 ; elapsed = 00:00:27 . Memory (MB): peak = 2812.012 ; gain = 0.000

Routing Is Done.
INFO: [Common 17-83] Releasing license: Implementation
13 Infos, 101 Warnings, 0 Critical Warnings and 0 Errors encountered.
route_design completed successfully
route_design: Time (s): cpu = 00:00:39 ; elapsed = 00:00:29 . Memory (MB): peak = 2812.012 ; gain = 0.000
# write_checkpoint -force "$out_dir/w4a4_lc2_post_route.dcp"
INFO: [Timing 38-480] Writing timing data to binary archive.
Writing XDEF routing.
Writing XDEF routing logical nets.
Writing XDEF routing special nets.
Write XDEF Complete: Time (s): cpu = 00:00:02 ; elapsed = 00:00:00.810 . Memory (MB): peak = 2812.012 ; gain = 0.000
INFO: [Common 17-1381] The checkpoint 'D:/GitHub/vivado/vivado/F_Quantization_W8A8/Vivado_W4A4_LC2_Impl_Patch/results/w4a4_lc2_post_route.dcp' has been generated.
# report_utilization -file "$out_dir/post_route_utilization.rpt"
# report_timing_summary -delay_type max -max_paths 20 -report_unconstrained -file "$out_dir/post_route_timing_summary.rpt"
INFO: [Timing 38-91] UpdateTimingParams: Speed grade: -1, Delay Type: max.
INFO: [Timing 38-191] Multithreading enabled for timing update using a maximum of 2 CPUs
WARNING: [Timing 38-242] The property HD.CLK_SRC of clock port "ap_clk" is not set. In out-of-context mode, this prevents timing estimation for clock delay/skew
Resolution: Set the HD.CLK_SRC property of the out-of-context port to the location of the clock buffer instance in the top-level design
# report_drc -file "$out_dir/post_route_drc.rpt"
Command: report_drc -file D:/GitHub/vivado/vivado/F_Quantization_W8A8/Vivado_W4A4_LC2_Impl_Patch/results/post_route_drc.rpt
INFO: [IP_Flow 19-234] Refreshing IP repositories
INFO: [IP_Flow 19-1704] No user IP repositories specified
INFO: [IP_Flow 19-2313] Loaded Vivado IP repository 'D:/Xilinx/Vivado/2022.2/data/ip'.
INFO: [DRC 23-27] Running DRC with 2 threads
INFO: [Vivado_Tcl 2-168] The results of DRC are in file D:/GitHub/vivado/vivado/F_Quantization_W8A8/Vivado_W4A4_LC2_Impl_Patch/results/post_route_drc.rpt.
report_drc completed successfully
# report_methodology -file "$out_dir/post_route_methodology.rpt"
Command: report_methodology -file D:/GitHub/vivado/vivado/F_Quantization_W8A8/Vivado_W4A4_LC2_Impl_Patch/results/post_route_methodology.rpt
INFO: [Timing 38-35] Done setting XDC timing constraints.
INFO: [DRC 23-133] Running Methodology with 2 threads
INFO: [Vivado_Tcl 2-1520] The results of Report Methodology are in file D:/GitHub/vivado/vivado/F_Quantization_W8A8/Vivado_W4A4_LC2_Impl_Patch/results/post_route_methodology.rpt.
report_methodology completed successfully
# set route_status [get_property ROUTE_STATUS [current_design]]
# set timing_paths [get_timing_paths -quiet -delay_type max -max_paths 1]
# if {[llength $timing_paths] > 0} {
#     set wns [get_property SLACK $timing_paths]
# } else {
#     set wns "NA"
# }
# set fp [open "$out_dir/implementation_summary.txt" w]
# puts $fp "TOP=lenet_w4a4_top"
# puts $fp "PART=xc7z020clg400-1"
# puts $fp "TARGET_CLOCK_NS=10.000"
# puts $fp "ROUTE_STATUS=$route_status"
# puts $fp "WNS_NS=$wns"
# set pass 1
# if {![string match -nocase "*routed*" $route_status]} {
#     set pass 0
# }
# if {$wns eq "NA" || $wns < 0.0} {
#     set pass 0
# }
# if {$pass} {
#     puts $fp "RESULT=PASS"
#     close $fp
#     puts "W4A4_LC2_VIVADO_IMPL_TIMING_PASS"
#     exit 0
# } else {
#     puts $fp "RESULT=FAIL"
#     close $fp
#     puts "W4A4_LC2_VIVADO_IMPL_OR_TIMING_FAIL"
#     exit 1
# }
W4A4_LC2_VIVADO_IMPL_OR_TIMING_FAIL
INFO: [Common 17-206] Exiting Vivado at Mon Sep 14 23:16:51 2026...
