
*** Running vivado
    with args -log lenet_system_lenet_full_top_0_0.vds -m64 -product Vivado -mode batch -messageDb vivado.pb -notrace -source lenet_system_lenet_full_top_0_0.tcl



****** Vivado v2022.2 (64-bit)
  **** SW Build 3671981 on Fri Oct 14 05:00:03 MDT 2022
  **** IP Build 3669848 on Fri Oct 14 08:30:02 MDT 2022
    ** Copyright 1986-2022 Xilinx, Inc. All Rights Reserved.

source lenet_system_lenet_full_top_0_0.tcl -notrace
INFO: [IP_Flow 19-234] Refreshing IP repositories
INFO: [IP_Flow 19-1700] Loaded user IP repository 'd:/lenet_project/hls/lenet_full_hls/solution1/impl/ip'.
INFO: [IP_Flow 19-2313] Loaded Vivado IP repository 'D:/Xilinx/Vivado/2022.2/data/ip'.
INFO: [IP_Flow 19-6924] IPCACHE: Running cache check for IP inst: lenet_system_lenet_full_top_0_0
Command: synth_design -top lenet_system_lenet_full_top_0_0 -part xc7z020clg400-1 -incremental_mode off -mode out_of_context
Starting synth_design
Attempting to get a license for feature 'Synthesis' and/or device 'xc7z020'
INFO: [Common 17-349] Got license for feature 'Synthesis' and/or device 'xc7z020'
INFO: [Device 21-403] Loading part xc7z020clg400-1
INFO: [Synth 8-7079] Multithreading enabled for synth_design using a maximum of 2 processes.
INFO: [Synth 8-7078] Launching helper process for spawning children vivado processes
INFO: [Synth 8-7075] Helper process launched with PID 38728
INFO: [Synth 8-11241] undeclared symbol 'REGCCE', assumed default net type 'wire' [D:/Xilinx/Vivado/2022.2/data/verilog/src/unimacro/BRAM_SINGLE_MACRO.v:2170]
---------------------------------------------------------------------------------
Starting RTL Elaboration : Time (s): cpu = 00:00:05 ; elapsed = 00:00:06 . Memory (MB): peak = 1851.379 ; gain = 406.336
---------------------------------------------------------------------------------
INFO: [Synth 8-6157] synthesizing module 'lenet_system_lenet_full_top_0_0' [d:/lenet_project/vivado/LeNet_Zynq_System/LeNet_Zynq_System.gen/sources_1/bd/lenet_system/ip/lenet_system_lenet_full_top_0_0/synth/lenet_system_lenet_full_top_0_0.v:53]
INFO: [Synth 8-6157] synthesizing module 'lenet_full_top' [d:/lenet_project/vivado/LeNet_Zynq_System/LeNet_Zynq_System.gen/sources_1/bd/lenet_system/ipshared/3cc9/hdl/verilog/lenet_full_top.v:10]
INFO: [Synth 8-6157] synthesizing module 'lenet_full_top_conv1_output_RAM_1WNR_AUTO_1R1W' [d:/lenet_project/vivado/LeNet_Zynq_System/LeNet_Zynq_System.gen/sources_1/bd/lenet_system/ipshared/3cc9/hdl/verilog/lenet_full_top_conv1_output_RAM_1WNR_AUTO_1R1W.v:7]
INFO: [Synth 8-6155] done synthesizing module 'lenet_full_top_conv1_output_RAM_1WNR_AUTO_1R1W' (0#1) [d:/lenet_project/vivado/LeNet_Zynq_System/LeNet_Zynq_System.gen/sources_1/bd/lenet_system/ipshared/3cc9/hdl/verilog/lenet_full_top_conv1_output_RAM_1WNR_AUTO_1R1W.v:7]
INFO: [Synth 8-6157] synthesizing module 'lenet_full_top_pool1_output_RAM_1WNR_AUTO_1R1W' [d:/lenet_project/vivado/LeNet_Zynq_System/LeNet_Zynq_System.gen/sources_1/bd/lenet_system/ipshared/3cc9/hdl/verilog/lenet_full_top_pool1_output_RAM_1WNR_AUTO_1R1W.v:7]
INFO: [Synth 8-6155] done synthesizing module 'lenet_full_top_pool1_output_RAM_1WNR_AUTO_1R1W' (0#1) [d:/lenet_project/vivado/LeNet_Zynq_System/LeNet_Zynq_System.gen/sources_1/bd/lenet_system/ipshared/3cc9/hdl/verilog/lenet_full_top_pool1_output_RAM_1WNR_AUTO_1R1W.v:7]
INFO: [Synth 8-6157] synthesizing module 'lenet_full_top_conv2_output_RAM_1WNR_AUTO_1R1W' [d:/lenet_project/vivado/LeNet_Zynq_System/LeNet_Zynq_System.gen/sources_1/bd/lenet_system/ipshared/3cc9/hdl/verilog/lenet_full_top_conv2_output_RAM_1WNR_AUTO_1R1W.v:7]
INFO: [Synth 8-6155] done synthesizing module 'lenet_full_top_conv2_output_RAM_1WNR_AUTO_1R1W' (0#1) [d:/lenet_project/vivado/LeNet_Zynq_System/LeNet_Zynq_System.gen/sources_1/bd/lenet_system/ipshared/3cc9/hdl/verilog/lenet_full_top_conv2_output_RAM_1WNR_AUTO_1R1W.v:7]
INFO: [Synth 8-6157] synthesizing module 'lenet_full_top_pool2_output_RAM_1WNR_AUTO_1R1W' [d:/lenet_project/vivado/LeNet_Zynq_System/LeNet_Zynq_System.gen/sources_1/bd/lenet_system/ipshared/3cc9/hdl/verilog/lenet_full_top_pool2_output_RAM_1WNR_AUTO_1R1W.v:7]
INFO: [Synth 8-6155] done synthesizing module 'lenet_full_top_pool2_output_RAM_1WNR_AUTO_1R1W' (0#1) [d:/lenet_project/vivado/LeNet_Zynq_System/LeNet_Zynq_System.gen/sources_1/bd/lenet_system/ipshared/3cc9/hdl/verilog/lenet_full_top_pool2_output_RAM_1WNR_AUTO_1R1W.v:7]
INFO: [Synth 8-6157] synthesizing module 'lenet_full_top_conv3_output_RAM_AUTO_1R1W' [d:/lenet_project/vivado/LeNet_Zynq_System/LeNet_Zynq_System.gen/sources_1/bd/lenet_system/ipshared/3cc9/hdl/verilog/lenet_full_top_conv3_output_RAM_AUTO_1R1W.v:7]
INFO: [Synth 8-6155] done synthesizing module 'lenet_full_top_conv3_output_RAM_AUTO_1R1W' (0#1) [d:/lenet_project/vivado/LeNet_Zynq_System/LeNet_Zynq_System.gen/sources_1/bd/lenet_system/ipshared/3cc9/hdl/verilog/lenet_full_top_conv3_output_RAM_AUTO_1R1W.v:7]
INFO: [Synth 8-6157] synthesizing module 'lenet_full_top_fc1_output_RAM_AUTO_1R1W' [d:/lenet_project/vivado/LeNet_Zynq_System/LeNet_Zynq_System.gen/sources_1/bd/lenet_system/ipshared/3cc9/hdl/verilog/lenet_full_top_fc1_output_RAM_AUTO_1R1W.v:7]
INFO: [Synth 8-6155] done synthesizing module 'lenet_full_top_fc1_output_RAM_AUTO_1R1W' (0#1) [d:/lenet_project/vivado/LeNet_Zynq_System/LeNet_Zynq_System.gen/sources_1/bd/lenet_system/ipshared/3cc9/hdl/verilog/lenet_full_top_fc1_output_RAM_AUTO_1R1W.v:7]
INFO: [Synth 8-6157] synthesizing module 'lenet_full_top_lenet_full_top_Pipeline_POOL_CHANNEL_POOL_ROW_POOL_COL' [d:/lenet_project/vivado/LeNet_Zynq_System/LeNet_Zynq_System.gen/sources_1/bd/lenet_system/ipshared/3cc9/hdl/verilog/lenet_full_top_lenet_full_top_Pipeline_POOL_CHANNEL_POOL_ROW_POOL_COL.v:10]
INFO: [Synth 8-6157] synthesizing module 'lenet_full_top_flow_control_loop_pipe_sequential_init' [d:/lenet_project/vivado/LeNet_Zynq_System/LeNet_Zynq_System.gen/sources_1/bd/lenet_system/ipshared/3cc9/hdl/verilog/lenet_full_top_flow_control_loop_pipe_sequential_init.v:9]
INFO: [Synth 8-6155] done synthesizing module 'lenet_full_top_flow_control_loop_pipe_sequential_init' (0#1) [d:/lenet_project/vivado/LeNet_Zynq_System/LeNet_Zynq_System.gen/sources_1/bd/lenet_system/ipshared/3cc9/hdl/verilog/lenet_full_top_flow_control_loop_pipe_sequential_init.v:9]
INFO: [Synth 8-6155] done synthesizing module 'lenet_full_top_lenet_full_top_Pipeline_POOL_CHANNEL_POOL_ROW_POOL_COL' (0#1) [d:/lenet_project/vivado/LeNet_Zynq_System/LeNet_Zynq_System.gen/sources_1/bd/lenet_system/ipshared/3cc9/hdl/verilog/lenet_full_top_lenet_full_top_Pipeline_POOL_CHANNEL_POOL_ROW_POOL_COL.v:10]
INFO: [Synth 8-6157] synthesizing module 'lenet_full_top_lenet_full_top_Pipeline_OUTPUT_ROW_OUTPUT_COL' [d:/lenet_project/vivado/LeNet_Zynq_System/LeNet_Zynq_System.gen/sources_1/bd/lenet_system/ipshared/3cc9/hdl/verilog/lenet_full_top_lenet_full_top_Pipeline_OUTPUT_ROW_OUTPUT_COL.v:10]
INFO: [Synth 8-6155] done synthesizing module 'lenet_full_top_lenet_full_top_Pipeline_OUTPUT_ROW_OUTPUT_COL' (0#1) [d:/lenet_project/vivado/LeNet_Zynq_System/LeNet_Zynq_System.gen/sources_1/bd/lenet_system/ipshared/3cc9/hdl/verilog/lenet_full_top_lenet_full_top_Pipeline_OUTPUT_ROW_OUTPUT_COL.v:10]
INFO: [Synth 8-6157] synthesizing module 'lenet_full_top_lenet_full_top_Pipeline_POOL_CHANNEL_POOL_ROW_POOL_COL1' [d:/lenet_project/vivado/LeNet_Zynq_System/LeNet_Zynq_System.gen/sources_1/bd/lenet_system/ipshared/3cc9/hdl/verilog/lenet_full_top_lenet_full_top_Pipeline_POOL_CHANNEL_POOL_ROW_POOL_COL1.v:10]
INFO: [Synth 8-6155] done synthesizing module 'lenet_full_top_lenet_full_top_Pipeline_POOL_CHANNEL_POOL_ROW_POOL_COL1' (0#1) [d:/lenet_project/vivado/LeNet_Zynq_System/LeNet_Zynq_System.gen/sources_1/bd/lenet_system/ipshared/3cc9/hdl/verilog/lenet_full_top_lenet_full_top_Pipeline_POOL_CHANNEL_POOL_ROW_POOL_COL1.v:10]
INFO: [Synth 8-6157] synthesizing module 'lenet_full_top_lenet_full_top_Pipeline_INPUT_CHANNEL' [d:/lenet_project/vivado/LeNet_Zynq_System/LeNet_Zynq_System.gen/sources_1/bd/lenet_system/ipshared/3cc9/hdl/verilog/lenet_full_top_lenet_full_top_Pipeline_INPUT_CHANNEL.v:10]
INFO: [Synth 8-6155] done synthesizing module 'lenet_full_top_lenet_full_top_Pipeline_INPUT_CHANNEL' (0#1) [d:/lenet_project/vivado/LeNet_Zynq_System/LeNet_Zynq_System.gen/sources_1/bd/lenet_system/ipshared/3cc9/hdl/verilog/lenet_full_top_lenet_full_top_Pipeline_INPUT_CHANNEL.v:10]
INFO: [Synth 8-6157] synthesizing module 'lenet_full_top_lenet_full_top_Pipeline_RELU_LOOP' [d:/lenet_project/vivado/LeNet_Zynq_System/LeNet_Zynq_System.gen/sources_1/bd/lenet_system/ipshared/3cc9/hdl/verilog/lenet_full_top_lenet_full_top_Pipeline_RELU_LOOP.v:10]
INFO: [Synth 8-6155] done synthesizing module 'lenet_full_top_lenet_full_top_Pipeline_RELU_LOOP' (0#1) [d:/lenet_project/vivado/LeNet_Zynq_System/LeNet_Zynq_System.gen/sources_1/bd/lenet_system/ipshared/3cc9/hdl/verilog/lenet_full_top_lenet_full_top_Pipeline_RELU_LOOP.v:10]
INFO: [Synth 8-6157] synthesizing module 'lenet_full_top_lenet_full_top_Pipeline_INPUT_CHANNEL2' [d:/lenet_project/vivado/LeNet_Zynq_System/LeNet_Zynq_System.gen/sources_1/bd/lenet_system/ipshared/3cc9/hdl/verilog/lenet_full_top_lenet_full_top_Pipeline_INPUT_CHANNEL2.v:10]
INFO: [Synth 8-6155] done synthesizing module 'lenet_full_top_lenet_full_top_Pipeline_INPUT_CHANNEL2' (0#1) [d:/lenet_project/vivado/LeNet_Zynq_System/LeNet_Zynq_System.gen/sources_1/bd/lenet_system/ipshared/3cc9/hdl/verilog/lenet_full_top_lenet_full_top_Pipeline_INPUT_CHANNEL2.v:10]
INFO: [Synth 8-6157] synthesizing module 'lenet_full_top_lenet_full_top_Pipeline_RELU_LOOP3' [d:/lenet_project/vivado/LeNet_Zynq_System/LeNet_Zynq_System.gen/sources_1/bd/lenet_system/ipshared/3cc9/hdl/verilog/lenet_full_top_lenet_full_top_Pipeline_RELU_LOOP3.v:10]
INFO: [Synth 8-6155] done synthesizing module 'lenet_full_top_lenet_full_top_Pipeline_RELU_LOOP3' (0#1) [d:/lenet_project/vivado/LeNet_Zynq_System/LeNet_Zynq_System.gen/sources_1/bd/lenet_system/ipshared/3cc9/hdl/verilog/lenet_full_top_lenet_full_top_Pipeline_RELU_LOOP3.v:10]
INFO: [Synth 8-6157] synthesizing module 'lenet_full_top_lenet_full_top_Pipeline_DENSE_INPUT' [d:/lenet_project/vivado/LeNet_Zynq_System/LeNet_Zynq_System.gen/sources_1/bd/lenet_system/ipshared/3cc9/hdl/verilog/lenet_full_top_lenet_full_top_Pipeline_DENSE_INPUT.v:10]
INFO: [Synth 8-6155] done synthesizing module 'lenet_full_top_lenet_full_top_Pipeline_DENSE_INPUT' (0#1) [d:/lenet_project/vivado/LeNet_Zynq_System/LeNet_Zynq_System.gen/sources_1/bd/lenet_system/ipshared/3cc9/hdl/verilog/lenet_full_top_lenet_full_top_Pipeline_DENSE_INPUT.v:10]
INFO: [Synth 8-6157] synthesizing module 'lenet_full_top_lenet_full_top_Pipeline_DENSE_INPUT4' [d:/lenet_project/vivado/LeNet_Zynq_System/LeNet_Zynq_System.gen/sources_1/bd/lenet_system/ipshared/3cc9/hdl/verilog/lenet_full_top_lenet_full_top_Pipeline_DENSE_INPUT4.v:10]
INFO: [Synth 8-6155] done synthesizing module 'lenet_full_top_lenet_full_top_Pipeline_DENSE_INPUT4' (0#1) [d:/lenet_project/vivado/LeNet_Zynq_System/LeNet_Zynq_System.gen/sources_1/bd/lenet_system/ipshared/3cc9/hdl/verilog/lenet_full_top_lenet_full_top_Pipeline_DENSE_INPUT4.v:10]
INFO: [Synth 8-6157] synthesizing module 'lenet_full_top_control_s_axi' [d:/lenet_project/vivado/LeNet_Zynq_System/LeNet_Zynq_System.gen/sources_1/bd/lenet_system/ipshared/3cc9/hdl/verilog/lenet_full_top_control_s_axi.v:7]
INFO: [Synth 8-155] case statement is not full and has no default [d:/lenet_project/vivado/LeNet_Zynq_System/LeNet_Zynq_System.gen/sources_1/bd/lenet_system/ipshared/3cc9/hdl/verilog/lenet_full_top_control_s_axi.v:233]
INFO: [Synth 8-6155] done synthesizing module 'lenet_full_top_control_s_axi' (0#1) [d:/lenet_project/vivado/LeNet_Zynq_System/LeNet_Zynq_System.gen/sources_1/bd/lenet_system/ipshared/3cc9/hdl/verilog/lenet_full_top_control_s_axi.v:7]
INFO: [Synth 8-6157] synthesizing module 'lenet_full_top_gmem0_m_axi' [d:/lenet_project/vivado/LeNet_Zynq_System/LeNet_Zynq_System.gen/sources_1/bd/lenet_system/ipshared/3cc9/hdl/verilog/lenet_full_top_gmem0_m_axi.v:11]
INFO: [Synth 8-6157] synthesizing module 'lenet_full_top_gmem0_m_axi_store' [d:/lenet_project/vivado/LeNet_Zynq_System/LeNet_Zynq_System.gen/sources_1/bd/lenet_system/ipshared/3cc9/hdl/verilog/lenet_full_top_gmem0_m_axi.v:781]
INFO: [Synth 8-6157] synthesizing module 'lenet_full_top_gmem0_m_axi_fifo' [d:/lenet_project/vivado/LeNet_Zynq_System/LeNet_Zynq_System.gen/sources_1/bd/lenet_system/ipshared/3cc9/hdl/verilog/lenet_full_top_gmem0_m_axi.v:2551]
INFO: [Synth 8-6157] synthesizing module 'lenet_full_top_gmem0_m_axi_srl' [d:/lenet_project/vivado/LeNet_Zynq_System/LeNet_Zynq_System.gen/sources_1/bd/lenet_system/ipshared/3cc9/hdl/verilog/lenet_full_top_gmem0_m_axi.v:2729]
INFO: [Synth 8-6155] done synthesizing module 'lenet_full_top_gmem0_m_axi_srl' (0#1) [d:/lenet_project/vivado/LeNet_Zynq_System/LeNet_Zynq_System.gen/sources_1/bd/lenet_system/ipshared/3cc9/hdl/verilog/lenet_full_top_gmem0_m_axi.v:2729]
INFO: [Synth 8-6155] done synthesizing module 'lenet_full_top_gmem0_m_axi_fifo' (0#1) [d:/lenet_project/vivado/LeNet_Zynq_System/LeNet_Zynq_System.gen/sources_1/bd/lenet_system/ipshared/3cc9/hdl/verilog/lenet_full_top_gmem0_m_axi.v:2551]
INFO: [Synth 8-6157] synthesizing module 'lenet_full_top_gmem0_m_axi_fifo__parameterized0' [d:/lenet_project/vivado/LeNet_Zynq_System/LeNet_Zynq_System.gen/sources_1/bd/lenet_system/ipshared/3cc9/hdl/verilog/lenet_full_top_gmem0_m_axi.v:2551]
INFO: [Synth 8-6157] synthesizing module 'lenet_full_top_gmem0_m_axi_mem' [d:/lenet_project/vivado/LeNet_Zynq_System/LeNet_Zynq_System.gen/sources_1/bd/lenet_system/ipshared/3cc9/hdl/verilog/lenet_full_top_gmem0_m_axi.v:2783]
INFO: [Synth 8-6155] done synthesizing module 'lenet_full_top_gmem0_m_axi_mem' (0#1) [d:/lenet_project/vivado/LeNet_Zynq_System/LeNet_Zynq_System.gen/sources_1/bd/lenet_system/ipshared/3cc9/hdl/verilog/lenet_full_top_gmem0_m_axi.v:2783]
INFO: [Synth 8-6155] done synthesizing module 'lenet_full_top_gmem0_m_axi_fifo__parameterized0' (0#1) [d:/lenet_project/vivado/LeNet_Zynq_System/LeNet_Zynq_System.gen/sources_1/bd/lenet_system/ipshared/3cc9/hdl/verilog/lenet_full_top_gmem0_m_axi.v:2551]
INFO: [Synth 8-6157] synthesizing module 'lenet_full_top_gmem0_m_axi_fifo__parameterized1' [d:/lenet_project/vivado/LeNet_Zynq_System/LeNet_Zynq_System.gen/sources_1/bd/lenet_system/ipshared/3cc9/hdl/verilog/lenet_full_top_gmem0_m_axi.v:2551]
INFO: [Synth 8-6157] synthesizing module 'lenet_full_top_gmem0_m_axi_srl__parameterized0' [d:/lenet_project/vivado/LeNet_Zynq_System/LeNet_Zynq_System.gen/sources_1/bd/lenet_system/ipshared/3cc9/hdl/verilog/lenet_full_top_gmem0_m_axi.v:2729]
INFO: [Synth 8-6155] done synthesizing module 'lenet_full_top_gmem0_m_axi_srl__parameterized0' (0#1) [d:/lenet_project/vivado/LeNet_Zynq_System/LeNet_Zynq_System.gen/sources_1/bd/lenet_system/ipshared/3cc9/hdl/verilog/lenet_full_top_gmem0_m_axi.v:2729]
INFO: [Synth 8-6155] done synthesizing module 'lenet_full_top_gmem0_m_axi_fifo__parameterized1' (0#1) [d:/lenet_project/vivado/LeNet_Zynq_System/LeNet_Zynq_System.gen/sources_1/bd/lenet_system/ipshared/3cc9/hdl/verilog/lenet_full_top_gmem0_m_axi.v:2551]
INFO: [Synth 8-6157] synthesizing module 'lenet_full_top_gmem0_m_axi_fifo__parameterized2' [d:/lenet_project/vivado/LeNet_Zynq_System/LeNet_Zynq_System.gen/sources_1/bd/lenet_system/ipshared/3cc9/hdl/verilog/lenet_full_top_gmem0_m_axi.v:2551]
INFO: [Synth 8-6157] synthesizing module 'lenet_full_top_gmem0_m_axi_srl__parameterized1' [d:/lenet_project/vivado/LeNet_Zynq_System/LeNet_Zynq_System.gen/sources_1/bd/lenet_system/ipshared/3cc9/hdl/verilog/lenet_full_top_gmem0_m_axi.v:2729]
INFO: [Synth 8-6155] done synthesizing module 'lenet_full_top_gmem0_m_axi_srl__parameterized1' (0#1) [d:/lenet_project/vivado/LeNet_Zynq_System/LeNet_Zynq_System.gen/sources_1/bd/lenet_system/ipshared/3cc9/hdl/verilog/lenet_full_top_gmem0_m_axi.v:2729]
INFO: [Synth 8-6155] done synthesizing module 'lenet_full_top_gmem0_m_axi_fifo__parameterized2' (0#1) [d:/lenet_project/vivado/LeNet_Zynq_System/LeNet_Zynq_System.gen/sources_1/bd/lenet_system/ipshared/3cc9/hdl/verilog/lenet_full_top_gmem0_m_axi.v:2551]
INFO: [Synth 8-6155] done synthesizing module 'lenet_full_top_gmem0_m_axi_store' (0#1) [d:/lenet_project/vivado/LeNet_Zynq_System/LeNet_Zynq_System.gen/sources_1/bd/lenet_system/ipshared/3cc9/hdl/verilog/lenet_full_top_gmem0_m_axi.v:781]
INFO: [Synth 8-6157] synthesizing module 'lenet_full_top_gmem0_m_axi_load' [d:/lenet_project/vivado/LeNet_Zynq_System/LeNet_Zynq_System.gen/sources_1/bd/lenet_system/ipshared/3cc9/hdl/verilog/lenet_full_top_gmem0_m_axi.v:325]
INFO: [Synth 8-6157] synthesizing module 'lenet_full_top_gmem0_m_axi_fifo__parameterized3' [d:/lenet_project/vivado/LeNet_Zynq_System/LeNet_Zynq_System.gen/sources_1/bd/lenet_system/ipshared/3cc9/hdl/verilog/lenet_full_top_gmem0_m_axi.v:2551]
INFO: [Synth 8-6157] synthesizing module 'lenet_full_top_gmem0_m_axi_mem__parameterized0' [d:/lenet_project/vivado/LeNet_Zynq_System/LeNet_Zynq_System.gen/sources_1/bd/lenet_system/ipshared/3cc9/hdl/verilog/lenet_full_top_gmem0_m_axi.v:2783]
INFO: [Synth 8-6155] done synthesizing module 'lenet_full_top_gmem0_m_axi_mem__parameterized0' (0#1) [d:/lenet_project/vivado/LeNet_Zynq_System/LeNet_Zynq_System.gen/sources_1/bd/lenet_system/ipshared/3cc9/hdl/verilog/lenet_full_top_gmem0_m_axi.v:2783]
INFO: [Synth 8-6155] done synthesizing module 'lenet_full_top_gmem0_m_axi_fifo__parameterized3' (0#1) [d:/lenet_project/vivado/LeNet_Zynq_System/LeNet_Zynq_System.gen/sources_1/bd/lenet_system/ipshared/3cc9/hdl/verilog/lenet_full_top_gmem0_m_axi.v:2551]
INFO: [Synth 8-6155] done synthesizing module 'lenet_full_top_gmem0_m_axi_load' (0#1) [d:/lenet_project/vivado/LeNet_Zynq_System/LeNet_Zynq_System.gen/sources_1/bd/lenet_system/ipshared/3cc9/hdl/verilog/lenet_full_top_gmem0_m_axi.v:325]
INFO: [Synth 8-6157] synthesizing module 'lenet_full_top_gmem0_m_axi_write' [d:/lenet_project/vivado/LeNet_Zynq_System/LeNet_Zynq_System.gen/sources_1/bd/lenet_system/ipshared/3cc9/hdl/verilog/lenet_full_top_gmem0_m_axi.v:1716]
INFO: [Synth 8-6157] synthesizing module 'lenet_full_top_gmem0_m_axi_reg_slice' [d:/lenet_project/vivado/LeNet_Zynq_System/LeNet_Zynq_System.gen/sources_1/bd/lenet_system/ipshared/3cc9/hdl/verilog/lenet_full_top_gmem0_m_axi.v:2449]
INFO: [Synth 8-6155] done synthesizing module 'lenet_full_top_gmem0_m_axi_reg_slice' (0#1) [d:/lenet_project/vivado/LeNet_Zynq_System/LeNet_Zynq_System.gen/sources_1/bd/lenet_system/ipshared/3cc9/hdl/verilog/lenet_full_top_gmem0_m_axi.v:2449]
INFO: [Synth 8-6157] synthesizing module 'lenet_full_top_gmem0_m_axi_fifo__parameterized4' [d:/lenet_project/vivado/LeNet_Zynq_System/LeNet_Zynq_System.gen/sources_1/bd/lenet_system/ipshared/3cc9/hdl/verilog/lenet_full_top_gmem0_m_axi.v:2551]
INFO: [Synth 8-6157] synthesizing module 'lenet_full_top_gmem0_m_axi_srl__parameterized2' [d:/lenet_project/vivado/LeNet_Zynq_System/LeNet_Zynq_System.gen/sources_1/bd/lenet_system/ipshared/3cc9/hdl/verilog/lenet_full_top_gmem0_m_axi.v:2729]
INFO: [Synth 8-6155] done synthesizing module 'lenet_full_top_gmem0_m_axi_srl__parameterized2' (0#1) [d:/lenet_project/vivado/LeNet_Zynq_System/LeNet_Zynq_System.gen/sources_1/bd/lenet_system/ipshared/3cc9/hdl/verilog/lenet_full_top_gmem0_m_axi.v:2729]
INFO: [Synth 8-6155] done synthesizing module 'lenet_full_top_gmem0_m_axi_fifo__parameterized4' (0#1) [d:/lenet_project/vivado/LeNet_Zynq_System/LeNet_Zynq_System.gen/sources_1/bd/lenet_system/ipshared/3cc9/hdl/verilog/lenet_full_top_gmem0_m_axi.v:2551]
INFO: [Synth 8-6157] synthesizing module 'lenet_full_top_gmem0_m_axi_throttle' [d:/lenet_project/vivado/LeNet_Zynq_System/LeNet_Zynq_System.gen/sources_1/bd/lenet_system/ipshared/3cc9/hdl/verilog/lenet_full_top_gmem0_m_axi.v:2224]
INFO: [Synth 8-6157] synthesizing module 'lenet_full_top_gmem0_m_axi_reg_slice__parameterized0' [d:/lenet_project/vivado/LeNet_Zynq_System/LeNet_Zynq_System.gen/sources_1/bd/lenet_system/ipshared/3cc9/hdl/verilog/lenet_full_top_gmem0_m_axi.v:2449]
INFO: [Synth 8-6155] done synthesizing module 'lenet_full_top_gmem0_m_axi_reg_slice__parameterized0' (0#1) [d:/lenet_project/vivado/LeNet_Zynq_System/LeNet_Zynq_System.gen/sources_1/bd/lenet_system/ipshared/3cc9/hdl/verilog/lenet_full_top_gmem0_m_axi.v:2449]
INFO: [Synth 8-6157] synthesizing module 'lenet_full_top_gmem0_m_axi_fifo__parameterized5' [d:/lenet_project/vivado/LeNet_Zynq_System/LeNet_Zynq_System.gen/sources_1/bd/lenet_system/ipshared/3cc9/hdl/verilog/lenet_full_top_gmem0_m_axi.v:2551]
INFO: [Synth 8-6157] synthesizing module 'lenet_full_top_gmem0_m_axi_srl__parameterized3' [d:/lenet_project/vivado/LeNet_Zynq_System/LeNet_Zynq_System.gen/sources_1/bd/lenet_system/ipshared/3cc9/hdl/verilog/lenet_full_top_gmem0_m_axi.v:2729]
INFO: [Synth 8-6155] done synthesizing module 'lenet_full_top_gmem0_m_axi_srl__parameterized3' (0#1) [d:/lenet_project/vivado/LeNet_Zynq_System/LeNet_Zynq_System.gen/sources_1/bd/lenet_system/ipshared/3cc9/hdl/verilog/lenet_full_top_gmem0_m_axi.v:2729]
INFO: [Synth 8-6155] done synthesizing module 'lenet_full_top_gmem0_m_axi_fifo__parameterized5' (0#1) [d:/lenet_project/vivado/LeNet_Zynq_System/LeNet_Zynq_System.gen/sources_1/bd/lenet_system/ipshared/3cc9/hdl/verilog/lenet_full_top_gmem0_m_axi.v:2551]
INFO: [Synth 8-6157] synthesizing module 'lenet_full_top_gmem0_m_axi_fifo__parameterized6' [d:/lenet_project/vivado/LeNet_Zynq_System/LeNet_Zynq_System.gen/sources_1/bd/lenet_system/ipshared/3cc9/hdl/verilog/lenet_full_top_gmem0_m_axi.v:2551]
INFO: [Synth 8-6157] synthesizing module 'lenet_full_top_gmem0_m_axi_srl__parameterized4' [d:/lenet_project/vivado/LeNet_Zynq_System/LeNet_Zynq_System.gen/sources_1/bd/lenet_system/ipshared/3cc9/hdl/verilog/lenet_full_top_gmem0_m_axi.v:2729]
INFO: [Synth 8-6155] done synthesizing module 'lenet_full_top_gmem0_m_axi_srl__parameterized4' (0#1) [d:/lenet_project/vivado/LeNet_Zynq_System/LeNet_Zynq_System.gen/sources_1/bd/lenet_system/ipshared/3cc9/hdl/verilog/lenet_full_top_gmem0_m_axi.v:2729]
INFO: [Synth 8-6155] done synthesizing module 'lenet_full_top_gmem0_m_axi_fifo__parameterized6' (0#1) [d:/lenet_project/vivado/LeNet_Zynq_System/LeNet_Zynq_System.gen/sources_1/bd/lenet_system/ipshared/3cc9/hdl/verilog/lenet_full_top_gmem0_m_axi.v:2551]
INFO: [Synth 8-6155] done synthesizing module 'lenet_full_top_gmem0_m_axi_throttle' (0#1) [d:/lenet_project/vivado/LeNet_Zynq_System/LeNet_Zynq_System.gen/sources_1/bd/lenet_system/ipshared/3cc9/hdl/verilog/lenet_full_top_gmem0_m_axi.v:2224]
INFO: [Synth 8-6157] synthesizing module 'lenet_full_top_gmem0_m_axi_reg_slice__parameterized1' [d:/lenet_project/vivado/LeNet_Zynq_System/LeNet_Zynq_System.gen/sources_1/bd/lenet_system/ipshared/3cc9/hdl/verilog/lenet_full_top_gmem0_m_axi.v:2449]
INFO: [Synth 8-6155] done synthesizing module 'lenet_full_top_gmem0_m_axi_reg_slice__parameterized1' (0#1) [d:/lenet_project/vivado/LeNet_Zynq_System/LeNet_Zynq_System.gen/sources_1/bd/lenet_system/ipshared/3cc9/hdl/verilog/lenet_full_top_gmem0_m_axi.v:2449]
WARNING: [Synth 8-589] replacing case/wildcard equality operator === with logical equality operator == [d:/lenet_project/vivado/LeNet_Zynq_System/LeNet_Zynq_System.gen/sources_1/bd/lenet_system/ipshared/3cc9/hdl/verilog/lenet_full_top_gmem0_m_axi.v:2216]
WARNING: [Synth 8-589] replacing case/wildcard equality operator === with logical equality operator == [d:/lenet_project/vivado/LeNet_Zynq_System/LeNet_Zynq_System.gen/sources_1/bd/lenet_system/ipshared/3cc9/hdl/verilog/lenet_full_top_gmem0_m_axi.v:2219]
INFO: [Synth 8-6155] done synthesizing module 'lenet_full_top_gmem0_m_axi_write' (0#1) [d:/lenet_project/vivado/LeNet_Zynq_System/LeNet_Zynq_System.gen/sources_1/bd/lenet_system/ipshared/3cc9/hdl/verilog/lenet_full_top_gmem0_m_axi.v:1716]
INFO: [Synth 8-6157] synthesizing module 'lenet_full_top_gmem0_m_axi_read' [d:/lenet_project/vivado/LeNet_Zynq_System/LeNet_Zynq_System.gen/sources_1/bd/lenet_system/ipshared/3cc9/hdl/verilog/lenet_full_top_gmem0_m_axi.v:1332]
INFO: [Synth 8-6157] synthesizing module 'lenet_full_top_gmem0_m_axi_reg_slice__parameterized2' [d:/lenet_project/vivado/LeNet_Zynq_System/LeNet_Zynq_System.gen/sources_1/bd/lenet_system/ipshared/3cc9/hdl/verilog/lenet_full_top_gmem0_m_axi.v:2449]
INFO: [Synth 8-6155] done synthesizing module 'lenet_full_top_gmem0_m_axi_reg_slice__parameterized2' (0#1) [d:/lenet_project/vivado/LeNet_Zynq_System/LeNet_Zynq_System.gen/sources_1/bd/lenet_system/ipshared/3cc9/hdl/verilog/lenet_full_top_gmem0_m_axi.v:2449]
WARNING: [Synth 8-589] replacing case/wildcard equality operator === with logical equality operator == [d:/lenet_project/vivado/LeNet_Zynq_System/LeNet_Zynq_System.gen/sources_1/bd/lenet_system/ipshared/3cc9/hdl/verilog/lenet_full_top_gmem0_m_axi.v:1708]
INFO: [Synth 8-6155] done synthesizing module 'lenet_full_top_gmem0_m_axi_read' (0#1) [d:/lenet_project/vivado/LeNet_Zynq_System/LeNet_Zynq_System.gen/sources_1/bd/lenet_system/ipshared/3cc9/hdl/verilog/lenet_full_top_gmem0_m_axi.v:1332]
INFO: [Synth 8-6155] done synthesizing module 'lenet_full_top_gmem0_m_axi' (0#1) [d:/lenet_project/vivado/LeNet_Zynq_System/LeNet_Zynq_System.gen/sources_1/bd/lenet_system/ipshared/3cc9/hdl/verilog/lenet_full_top_gmem0_m_axi.v:11]
INFO: [Synth 8-6157] synthesizing module 'lenet_full_top_gmem1_m_axi' [d:/lenet_project/vivado/LeNet_Zynq_System/LeNet_Zynq_System.gen/sources_1/bd/lenet_system/ipshared/3cc9/hdl/verilog/lenet_full_top_gmem1_m_axi.v:11]
INFO: [Synth 8-6157] synthesizing module 'lenet_full_top_gmem1_m_axi_store' [d:/lenet_project/vivado/LeNet_Zynq_System/LeNet_Zynq_System.gen/sources_1/bd/lenet_system/ipshared/3cc9/hdl/verilog/lenet_full_top_gmem1_m_axi.v:781]
INFO: [Synth 8-6157] synthesizing module 'lenet_full_top_gmem1_m_axi_fifo' [d:/lenet_project/vivado/LeNet_Zynq_System/LeNet_Zynq_System.gen/sources_1/bd/lenet_system/ipshared/3cc9/hdl/verilog/lenet_full_top_gmem1_m_axi.v:2551]
INFO: [Synth 8-6157] synthesizing module 'lenet_full_top_gmem1_m_axi_srl' [d:/lenet_project/vivado/LeNet_Zynq_System/LeNet_Zynq_System.gen/sources_1/bd/lenet_system/ipshared/3cc9/hdl/verilog/lenet_full_top_gmem1_m_axi.v:2729]
INFO: [Synth 8-6155] done synthesizing module 'lenet_full_top_gmem1_m_axi_srl' (0#1) [d:/lenet_project/vivado/LeNet_Zynq_System/LeNet_Zynq_System.gen/sources_1/bd/lenet_system/ipshared/3cc9/hdl/verilog/lenet_full_top_gmem1_m_axi.v:2729]
INFO: [Synth 8-6155] done synthesizing module 'lenet_full_top_gmem1_m_axi_fifo' (0#1) [d:/lenet_project/vivado/LeNet_Zynq_System/LeNet_Zynq_System.gen/sources_1/bd/lenet_system/ipshared/3cc9/hdl/verilog/lenet_full_top_gmem1_m_axi.v:2551]
INFO: [Synth 8-6157] synthesizing module 'lenet_full_top_gmem1_m_axi_fifo__parameterized0' [d:/lenet_project/vivado/LeNet_Zynq_System/LeNet_Zynq_System.gen/sources_1/bd/lenet_system/ipshared/3cc9/hdl/verilog/lenet_full_top_gmem1_m_axi.v:2551]
INFO: [Synth 8-6157] synthesizing module 'lenet_full_top_gmem1_m_axi_mem' [d:/lenet_project/vivado/LeNet_Zynq_System/LeNet_Zynq_System.gen/sources_1/bd/lenet_system/ipshared/3cc9/hdl/verilog/lenet_full_top_gmem1_m_axi.v:2783]
INFO: [Synth 8-6155] done synthesizing module 'lenet_full_top_gmem1_m_axi_mem' (0#1) [d:/lenet_project/vivado/LeNet_Zynq_System/LeNet_Zynq_System.gen/sources_1/bd/lenet_system/ipshared/3cc9/hdl/verilog/lenet_full_top_gmem1_m_axi.v:2783]
INFO: [Synth 8-6155] done synthesizing module 'lenet_full_top_gmem1_m_axi_fifo__parameterized0' (0#1) [d:/lenet_project/vivado/LeNet_Zynq_System/LeNet_Zynq_System.gen/sources_1/bd/lenet_system/ipshared/3cc9/hdl/verilog/lenet_full_top_gmem1_m_axi.v:2551]
INFO: [Synth 8-6157] synthesizing module 'lenet_full_top_gmem1_m_axi_fifo__parameterized1' [d:/lenet_project/vivado/LeNet_Zynq_System/LeNet_Zynq_System.gen/sources_1/bd/lenet_system/ipshared/3cc9/hdl/verilog/lenet_full_top_gmem1_m_axi.v:2551]
INFO: [Synth 8-6157] synthesizing module 'lenet_full_top_gmem1_m_axi_srl__parameterized0' [d:/lenet_project/vivado/LeNet_Zynq_System/LeNet_Zynq_System.gen/sources_1/bd/lenet_system/ipshared/3cc9/hdl/verilog/lenet_full_top_gmem1_m_axi.v:2729]
INFO: [Synth 8-6155] done synthesizing module 'lenet_full_top_gmem1_m_axi_srl__parameterized0' (0#1) [d:/lenet_project/vivado/LeNet_Zynq_System/LeNet_Zynq_System.gen/sources_1/bd/lenet_system/ipshared/3cc9/hdl/verilog/lenet_full_top_gmem1_m_axi.v:2729]
INFO: [Synth 8-6155] done synthesizing module 'lenet_full_top_gmem1_m_axi_fifo__parameterized1' (0#1) [d:/lenet_project/vivado/LeNet_Zynq_System/LeNet_Zynq_System.gen/sources_1/bd/lenet_system/ipshared/3cc9/hdl/verilog/lenet_full_top_gmem1_m_axi.v:2551]
INFO: [Synth 8-6157] synthesizing module 'lenet_full_top_gmem1_m_axi_fifo__parameterized2' [d:/lenet_project/vivado/LeNet_Zynq_System/LeNet_Zynq_System.gen/sources_1/bd/lenet_system/ipshared/3cc9/hdl/verilog/lenet_full_top_gmem1_m_axi.v:2551]
INFO: [Synth 8-6157] synthesizing module 'lenet_full_top_gmem1_m_axi_srl__parameterized1' [d:/lenet_project/vivado/LeNet_Zynq_System/LeNet_Zynq_System.gen/sources_1/bd/lenet_system/ipshared/3cc9/hdl/verilog/lenet_full_top_gmem1_m_axi.v:2729]
INFO: [Synth 8-6155] done synthesizing module 'lenet_full_top_gmem1_m_axi_srl__parameterized1' (0#1) [d:/lenet_project/vivado/LeNet_Zynq_System/LeNet_Zynq_System.gen/sources_1/bd/lenet_system/ipshared/3cc9/hdl/verilog/lenet_full_top_gmem1_m_axi.v:2729]
INFO: [Synth 8-6155] done synthesizing module 'lenet_full_top_gmem1_m_axi_fifo__parameterized2' (0#1) [d:/lenet_project/vivado/LeNet_Zynq_System/LeNet_Zynq_System.gen/sources_1/bd/lenet_system/ipshared/3cc9/hdl/verilog/lenet_full_top_gmem1_m_axi.v:2551]
INFO: [Synth 8-6155] done synthesizing module 'lenet_full_top_gmem1_m_axi_store' (0#1) [d:/lenet_project/vivado/LeNet_Zynq_System/LeNet_Zynq_System.gen/sources_1/bd/lenet_system/ipshared/3cc9/hdl/verilog/lenet_full_top_gmem1_m_axi.v:781]
INFO: [Synth 8-6157] synthesizing module 'lenet_full_top_gmem1_m_axi_load' [d:/lenet_project/vivado/LeNet_Zynq_System/LeNet_Zynq_System.gen/sources_1/bd/lenet_system/ipshared/3cc9/hdl/verilog/lenet_full_top_gmem1_m_axi.v:325]
INFO: [Synth 8-6157] synthesizing module 'lenet_full_top_gmem1_m_axi_fifo__parameterized3' [d:/lenet_project/vivado/LeNet_Zynq_System/LeNet_Zynq_System.gen/sources_1/bd/lenet_system/ipshared/3cc9/hdl/verilog/lenet_full_top_gmem1_m_axi.v:2551]
INFO: [Synth 8-6157] synthesizing module 'lenet_full_top_gmem1_m_axi_mem__parameterized0' [d:/lenet_project/vivado/LeNet_Zynq_System/LeNet_Zynq_System.gen/sources_1/bd/lenet_system/ipshared/3cc9/hdl/verilog/lenet_full_top_gmem1_m_axi.v:2783]
INFO: [Synth 8-6155] done synthesizing module 'lenet_full_top_gmem1_m_axi_mem__parameterized0' (0#1) [d:/lenet_project/vivado/LeNet_Zynq_System/LeNet_Zynq_System.gen/sources_1/bd/lenet_system/ipshared/3cc9/hdl/verilog/lenet_full_top_gmem1_m_axi.v:2783]
INFO: [Synth 8-6155] done synthesizing module 'lenet_full_top_gmem1_m_axi_fifo__parameterized3' (0#1) [d:/lenet_project/vivado/LeNet_Zynq_System/LeNet_Zynq_System.gen/sources_1/bd/lenet_system/ipshared/3cc9/hdl/verilog/lenet_full_top_gmem1_m_axi.v:2551]
INFO: [Synth 8-6155] done synthesizing module 'lenet_full_top_gmem1_m_axi_load' (0#1) [d:/lenet_project/vivado/LeNet_Zynq_System/LeNet_Zynq_System.gen/sources_1/bd/lenet_system/ipshared/3cc9/hdl/verilog/lenet_full_top_gmem1_m_axi.v:325]
INFO: [Synth 8-6157] synthesizing module 'lenet_full_top_gmem1_m_axi_write' [d:/lenet_project/vivado/LeNet_Zynq_System/LeNet_Zynq_System.gen/sources_1/bd/lenet_system/ipshared/3cc9/hdl/verilog/lenet_full_top_gmem1_m_axi.v:1716]
INFO: [Synth 8-6157] synthesizing module 'lenet_full_top_gmem1_m_axi_reg_slice' [d:/lenet_project/vivado/LeNet_Zynq_System/LeNet_Zynq_System.gen/sources_1/bd/lenet_system/ipshared/3cc9/hdl/verilog/lenet_full_top_gmem1_m_axi.v:2449]
INFO: [Synth 8-6155] done synthesizing module 'lenet_full_top_gmem1_m_axi_reg_slice' (0#1) [d:/lenet_project/vivado/LeNet_Zynq_System/LeNet_Zynq_System.gen/sources_1/bd/lenet_system/ipshared/3cc9/hdl/verilog/lenet_full_top_gmem1_m_axi.v:2449]
INFO: [Synth 8-6157] synthesizing module 'lenet_full_top_gmem1_m_axi_fifo__parameterized4' [d:/lenet_project/vivado/LeNet_Zynq_System/LeNet_Zynq_System.gen/sources_1/bd/lenet_system/ipshared/3cc9/hdl/verilog/lenet_full_top_gmem1_m_axi.v:2551]
INFO: [Synth 8-6157] synthesizing module 'lenet_full_top_gmem1_m_axi_srl__parameterized2' [d:/lenet_project/vivado/LeNet_Zynq_System/LeNet_Zynq_System.gen/sources_1/bd/lenet_system/ipshared/3cc9/hdl/verilog/lenet_full_top_gmem1_m_axi.v:2729]
INFO: [Synth 8-6155] done synthesizing module 'lenet_full_top_gmem1_m_axi_srl__parameterized2' (0#1) [d:/lenet_project/vivado/LeNet_Zynq_System/LeNet_Zynq_System.gen/sources_1/bd/lenet_system/ipshared/3cc9/hdl/verilog/lenet_full_top_gmem1_m_axi.v:2729]
INFO: [Synth 8-6155] done synthesizing module 'lenet_full_top_gmem1_m_axi_fifo__parameterized4' (0#1) [d:/lenet_project/vivado/LeNet_Zynq_System/LeNet_Zynq_System.gen/sources_1/bd/lenet_system/ipshared/3cc9/hdl/verilog/lenet_full_top_gmem1_m_axi.v:2551]
INFO: [Synth 8-6157] synthesizing module 'lenet_full_top_gmem1_m_axi_throttle' [d:/lenet_project/vivado/LeNet_Zynq_System/LeNet_Zynq_System.gen/sources_1/bd/lenet_system/ipshared/3cc9/hdl/verilog/lenet_full_top_gmem1_m_axi.v:2224]
INFO: [Synth 8-6157] synthesizing module 'lenet_full_top_gmem1_m_axi_reg_slice__parameterized0' [d:/lenet_project/vivado/LeNet_Zynq_System/LeNet_Zynq_System.gen/sources_1/bd/lenet_system/ipshared/3cc9/hdl/verilog/lenet_full_top_gmem1_m_axi.v:2449]
INFO: [Synth 8-6155] done synthesizing module 'lenet_full_top_gmem1_m_axi_reg_slice__parameterized0' (0#1) [d:/lenet_project/vivado/LeNet_Zynq_System/LeNet_Zynq_System.gen/sources_1/bd/lenet_system/ipshared/3cc9/hdl/verilog/lenet_full_top_gmem1_m_axi.v:2449]
INFO: [Synth 8-6157] synthesizing module 'lenet_full_top_gmem1_m_axi_fifo__parameterized5' [d:/lenet_project/vivado/LeNet_Zynq_System/LeNet_Zynq_System.gen/sources_1/bd/lenet_system/ipshared/3cc9/hdl/verilog/lenet_full_top_gmem1_m_axi.v:2551]
INFO: [Synth 8-6157] synthesizing module 'lenet_full_top_gmem1_m_axi_srl__parameterized3' [d:/lenet_project/vivado/LeNet_Zynq_System/LeNet_Zynq_System.gen/sources_1/bd/lenet_system/ipshared/3cc9/hdl/verilog/lenet_full_top_gmem1_m_axi.v:2729]
INFO: [Synth 8-6155] done synthesizing module 'lenet_full_top_gmem1_m_axi_srl__parameterized3' (0#1) [d:/lenet_project/vivado/LeNet_Zynq_System/LeNet_Zynq_System.gen/sources_1/bd/lenet_system/ipshared/3cc9/hdl/verilog/lenet_full_top_gmem1_m_axi.v:2729]
INFO: [Synth 8-6155] done synthesizing module 'lenet_full_top_gmem1_m_axi_fifo__parameterized5' (0#1) [d:/lenet_project/vivado/LeNet_Zynq_System/LeNet_Zynq_System.gen/sources_1/bd/lenet_system/ipshared/3cc9/hdl/verilog/lenet_full_top_gmem1_m_axi.v:2551]
INFO: [Synth 8-6157] synthesizing module 'lenet_full_top_gmem1_m_axi_fifo__parameterized6' [d:/lenet_project/vivado/LeNet_Zynq_System/LeNet_Zynq_System.gen/sources_1/bd/lenet_system/ipshared/3cc9/hdl/verilog/lenet_full_top_gmem1_m_axi.v:2551]
INFO: [Synth 8-6157] synthesizing module 'lenet_full_top_gmem1_m_axi_srl__parameterized4' [d:/lenet_project/vivado/LeNet_Zynq_System/LeNet_Zynq_System.gen/sources_1/bd/lenet_system/ipshared/3cc9/hdl/verilog/lenet_full_top_gmem1_m_axi.v:2729]
INFO: [Synth 8-6155] done synthesizing module 'lenet_full_top_gmem1_m_axi_srl__parameterized4' (0#1) [d:/lenet_project/vivado/LeNet_Zynq_System/LeNet_Zynq_System.gen/sources_1/bd/lenet_system/ipshared/3cc9/hdl/verilog/lenet_full_top_gmem1_m_axi.v:2729]
INFO: [Synth 8-6155] done synthesizing module 'lenet_full_top_gmem1_m_axi_fifo__parameterized6' (0#1) [d:/lenet_project/vivado/LeNet_Zynq_System/LeNet_Zynq_System.gen/sources_1/bd/lenet_system/ipshared/3cc9/hdl/verilog/lenet_full_top_gmem1_m_axi.v:2551]
INFO: [Synth 8-6155] done synthesizing module 'lenet_full_top_gmem1_m_axi_throttle' (0#1) [d:/lenet_project/vivado/LeNet_Zynq_System/LeNet_Zynq_System.gen/sources_1/bd/lenet_system/ipshared/3cc9/hdl/verilog/lenet_full_top_gmem1_m_axi.v:2224]
INFO: [Synth 8-6157] synthesizing module 'lenet_full_top_gmem1_m_axi_reg_slice__parameterized1' [d:/lenet_project/vivado/LeNet_Zynq_System/LeNet_Zynq_System.gen/sources_1/bd/lenet_system/ipshared/3cc9/hdl/verilog/lenet_full_top_gmem1_m_axi.v:2449]
INFO: [Synth 8-6155] done synthesizing module 'lenet_full_top_gmem1_m_axi_reg_slice__parameterized1' (0#1) [d:/lenet_project/vivado/LeNet_Zynq_System/LeNet_Zynq_System.gen/sources_1/bd/lenet_system/ipshared/3cc9/hdl/verilog/lenet_full_top_gmem1_m_axi.v:2449]
WARNING: [Synth 8-589] replacing case/wildcard equality operator === with logical equality operator == [d:/lenet_project/vivado/LeNet_Zynq_System/LeNet_Zynq_System.gen/sources_1/bd/lenet_system/ipshared/3cc9/hdl/verilog/lenet_full_top_gmem1_m_axi.v:2216]
WARNING: [Synth 8-589] replacing case/wildcard equality operator === with logical equality operator == [d:/lenet_project/vivado/LeNet_Zynq_System/LeNet_Zynq_System.gen/sources_1/bd/lenet_system/ipshared/3cc9/hdl/verilog/lenet_full_top_gmem1_m_axi.v:2219]
INFO: [Synth 8-6155] done synthesizing module 'lenet_full_top_gmem1_m_axi_write' (0#1) [d:/lenet_project/vivado/LeNet_Zynq_System/LeNet_Zynq_System.gen/sources_1/bd/lenet_system/ipshared/3cc9/hdl/verilog/lenet_full_top_gmem1_m_axi.v:1716]
INFO: [Synth 8-6157] synthesizing module 'lenet_full_top_gmem1_m_axi_read' [d:/lenet_project/vivado/LeNet_Zynq_System/LeNet_Zynq_System.gen/sources_1/bd/lenet_system/ipshared/3cc9/hdl/verilog/lenet_full_top_gmem1_m_axi.v:1332]
INFO: [Synth 8-6157] synthesizing module 'lenet_full_top_gmem1_m_axi_reg_slice__parameterized2' [d:/lenet_project/vivado/LeNet_Zynq_System/LeNet_Zynq_System.gen/sources_1/bd/lenet_system/ipshared/3cc9/hdl/verilog/lenet_full_top_gmem1_m_axi.v:2449]
INFO: [Synth 8-6155] done synthesizing module 'lenet_full_top_gmem1_m_axi_reg_slice__parameterized2' (0#1) [d:/lenet_project/vivado/LeNet_Zynq_System/LeNet_Zynq_System.gen/sources_1/bd/lenet_system/ipshared/3cc9/hdl/verilog/lenet_full_top_gmem1_m_axi.v:2449]
WARNING: [Synth 8-589] replacing case/wildcard equality operator === with logical equality operator == [d:/lenet_project/vivado/LeNet_Zynq_System/LeNet_Zynq_System.gen/sources_1/bd/lenet_system/ipshared/3cc9/hdl/verilog/lenet_full_top_gmem1_m_axi.v:1708]
INFO: [Synth 8-6155] done synthesizing module 'lenet_full_top_gmem1_m_axi_read' (0#1) [d:/lenet_project/vivado/LeNet_Zynq_System/LeNet_Zynq_System.gen/sources_1/bd/lenet_system/ipshared/3cc9/hdl/verilog/lenet_full_top_gmem1_m_axi.v:1332]
INFO: [Synth 8-6155] done synthesizing module 'lenet_full_top_gmem1_m_axi' (0#1) [d:/lenet_project/vivado/LeNet_Zynq_System/LeNet_Zynq_System.gen/sources_1/bd/lenet_system/ipshared/3cc9/hdl/verilog/lenet_full_top_gmem1_m_axi.v:11]
INFO: [Synth 8-6157] synthesizing module 'lenet_full_top_gmem2_m_axi' [d:/lenet_project/vivado/LeNet_Zynq_System/LeNet_Zynq_System.gen/sources_1/bd/lenet_system/ipshared/3cc9/hdl/verilog/lenet_full_top_gmem2_m_axi.v:11]
INFO: [Synth 8-6157] synthesizing module 'lenet_full_top_gmem2_m_axi_store' [d:/lenet_project/vivado/LeNet_Zynq_System/LeNet_Zynq_System.gen/sources_1/bd/lenet_system/ipshared/3cc9/hdl/verilog/lenet_full_top_gmem2_m_axi.v:781]
INFO: [Synth 8-6157] synthesizing module 'lenet_full_top_gmem2_m_axi_fifo' [d:/lenet_project/vivado/LeNet_Zynq_System/LeNet_Zynq_System.gen/sources_1/bd/lenet_system/ipshared/3cc9/hdl/verilog/lenet_full_top_gmem2_m_axi.v:2551]
INFO: [Synth 8-6157] synthesizing module 'lenet_full_top_gmem2_m_axi_srl' [d:/lenet_project/vivado/LeNet_Zynq_System/LeNet_Zynq_System.gen/sources_1/bd/lenet_system/ipshared/3cc9/hdl/verilog/lenet_full_top_gmem2_m_axi.v:2729]
INFO: [Synth 8-6155] done synthesizing module 'lenet_full_top_gmem2_m_axi_srl' (0#1) [d:/lenet_project/vivado/LeNet_Zynq_System/LeNet_Zynq_System.gen/sources_1/bd/lenet_system/ipshared/3cc9/hdl/verilog/lenet_full_top_gmem2_m_axi.v:2729]
INFO: [Synth 8-6155] done synthesizing module 'lenet_full_top_gmem2_m_axi_fifo' (0#1) [d:/lenet_project/vivado/LeNet_Zynq_System/LeNet_Zynq_System.gen/sources_1/bd/lenet_system/ipshared/3cc9/hdl/verilog/lenet_full_top_gmem2_m_axi.v:2551]
INFO: [Synth 8-6157] synthesizing module 'lenet_full_top_gmem2_m_axi_fifo__parameterized0' [d:/lenet_project/vivado/LeNet_Zynq_System/LeNet_Zynq_System.gen/sources_1/bd/lenet_system/ipshared/3cc9/hdl/verilog/lenet_full_top_gmem2_m_axi.v:2551]
INFO: [Synth 8-6157] synthesizing module 'lenet_full_top_gmem2_m_axi_mem' [d:/lenet_project/vivado/LeNet_Zynq_System/LeNet_Zynq_System.gen/sources_1/bd/lenet_system/ipshared/3cc9/hdl/verilog/lenet_full_top_gmem2_m_axi.v:2783]
INFO: [Synth 8-6155] done synthesizing module 'lenet_full_top_gmem2_m_axi_mem' (0#1) [d:/lenet_project/vivado/LeNet_Zynq_System/LeNet_Zynq_System.gen/sources_1/bd/lenet_system/ipshared/3cc9/hdl/verilog/lenet_full_top_gmem2_m_axi.v:2783]
INFO: [Synth 8-6155] done synthesizing module 'lenet_full_top_gmem2_m_axi_fifo__parameterized0' (0#1) [d:/lenet_project/vivado/LeNet_Zynq_System/LeNet_Zynq_System.gen/sources_1/bd/lenet_system/ipshared/3cc9/hdl/verilog/lenet_full_top_gmem2_m_axi.v:2551]
INFO: [Synth 8-6157] synthesizing module 'lenet_full_top_gmem2_m_axi_fifo__parameterized1' [d:/lenet_project/vivado/LeNet_Zynq_System/LeNet_Zynq_System.gen/sources_1/bd/lenet_system/ipshared/3cc9/hdl/verilog/lenet_full_top_gmem2_m_axi.v:2551]
INFO: [Synth 8-6157] synthesizing module 'lenet_full_top_gmem2_m_axi_srl__parameterized0' [d:/lenet_project/vivado/LeNet_Zynq_System/LeNet_Zynq_System.gen/sources_1/bd/lenet_system/ipshared/3cc9/hdl/verilog/lenet_full_top_gmem2_m_axi.v:2729]
INFO: [Synth 8-6155] done synthesizing module 'lenet_full_top_gmem2_m_axi_srl__parameterized0' (0#1) [d:/lenet_project/vivado/LeNet_Zynq_System/LeNet_Zynq_System.gen/sources_1/bd/lenet_system/ipshared/3cc9/hdl/verilog/lenet_full_top_gmem2_m_axi.v:2729]
INFO: [Synth 8-6155] done synthesizing module 'lenet_full_top_gmem2_m_axi_fifo__parameterized1' (0#1) [d:/lenet_project/vivado/LeNet_Zynq_System/LeNet_Zynq_System.gen/sources_1/bd/lenet_system/ipshared/3cc9/hdl/verilog/lenet_full_top_gmem2_m_axi.v:2551]
INFO: [Synth 8-6157] synthesizing module 'lenet_full_top_gmem2_m_axi_fifo__parameterized2' [d:/lenet_project/vivado/LeNet_Zynq_System/LeNet_Zynq_System.gen/sources_1/bd/lenet_system/ipshared/3cc9/hdl/verilog/lenet_full_top_gmem2_m_axi.v:2551]
INFO: [Synth 8-6157] synthesizing module 'lenet_full_top_gmem2_m_axi_srl__parameterized1' [d:/lenet_project/vivado/LeNet_Zynq_System/LeNet_Zynq_System.gen/sources_1/bd/lenet_system/ipshared/3cc9/hdl/verilog/lenet_full_top_gmem2_m_axi.v:2729]
INFO: [Synth 8-6155] done synthesizing module 'lenet_full_top_gmem2_m_axi_srl__parameterized1' (0#1) [d:/lenet_project/vivado/LeNet_Zynq_System/LeNet_Zynq_System.gen/sources_1/bd/lenet_system/ipshared/3cc9/hdl/verilog/lenet_full_top_gmem2_m_axi.v:2729]
INFO: [Synth 8-6155] done synthesizing module 'lenet_full_top_gmem2_m_axi_fifo__parameterized2' (0#1) [d:/lenet_project/vivado/LeNet_Zynq_System/LeNet_Zynq_System.gen/sources_1/bd/lenet_system/ipshared/3cc9/hdl/verilog/lenet_full_top_gmem2_m_axi.v:2551]
INFO: [Synth 8-6155] done synthesizing module 'lenet_full_top_gmem2_m_axi_store' (0#1) [d:/lenet_project/vivado/LeNet_Zynq_System/LeNet_Zynq_System.gen/sources_1/bd/lenet_system/ipshared/3cc9/hdl/verilog/lenet_full_top_gmem2_m_axi.v:781]
INFO: [Synth 8-6157] synthesizing module 'lenet_full_top_gmem2_m_axi_load' [d:/lenet_project/vivado/LeNet_Zynq_System/LeNet_Zynq_System.gen/sources_1/bd/lenet_system/ipshared/3cc9/hdl/verilog/lenet_full_top_gmem2_m_axi.v:325]
INFO: [Synth 8-6157] synthesizing module 'lenet_full_top_gmem2_m_axi_fifo__parameterized3' [d:/lenet_project/vivado/LeNet_Zynq_System/LeNet_Zynq_System.gen/sources_1/bd/lenet_system/ipshared/3cc9/hdl/verilog/lenet_full_top_gmem2_m_axi.v:2551]
INFO: [Synth 8-6157] synthesizing module 'lenet_full_top_gmem2_m_axi_mem__parameterized0' [d:/lenet_project/vivado/LeNet_Zynq_System/LeNet_Zynq_System.gen/sources_1/bd/lenet_system/ipshared/3cc9/hdl/verilog/lenet_full_top_gmem2_m_axi.v:2783]
INFO: [Synth 8-6155] done synthesizing module 'lenet_full_top_gmem2_m_axi_mem__parameterized0' (0#1) [d:/lenet_project/vivado/LeNet_Zynq_System/LeNet_Zynq_System.gen/sources_1/bd/lenet_system/ipshared/3cc9/hdl/verilog/lenet_full_top_gmem2_m_axi.v:2783]
INFO: [Synth 8-6155] done synthesizing module 'lenet_full_top_gmem2_m_axi_fifo__parameterized3' (0#1) [d:/lenet_project/vivado/LeNet_Zynq_System/LeNet_Zynq_System.gen/sources_1/bd/lenet_system/ipshared/3cc9/hdl/verilog/lenet_full_top_gmem2_m_axi.v:2551]
INFO: [Synth 8-6155] done synthesizing module 'lenet_full_top_gmem2_m_axi_load' (0#1) [d:/lenet_project/vivado/LeNet_Zynq_System/LeNet_Zynq_System.gen/sources_1/bd/lenet_system/ipshared/3cc9/hdl/verilog/lenet_full_top_gmem2_m_axi.v:325]
INFO: [Synth 8-6157] synthesizing module 'lenet_full_top_gmem2_m_axi_write' [d:/lenet_project/vivado/LeNet_Zynq_System/LeNet_Zynq_System.gen/sources_1/bd/lenet_system/ipshared/3cc9/hdl/verilog/lenet_full_top_gmem2_m_axi.v:1716]
INFO: [Synth 8-6157] synthesizing module 'lenet_full_top_gmem2_m_axi_reg_slice' [d:/lenet_project/vivado/LeNet_Zynq_System/LeNet_Zynq_System.gen/sources_1/bd/lenet_system/ipshared/3cc9/hdl/verilog/lenet_full_top_gmem2_m_axi.v:2449]
INFO: [Synth 8-6155] done synthesizing module 'lenet_full_top_gmem2_m_axi_reg_slice' (0#1) [d:/lenet_project/vivado/LeNet_Zynq_System/LeNet_Zynq_System.gen/sources_1/bd/lenet_system/ipshared/3cc9/hdl/verilog/lenet_full_top_gmem2_m_axi.v:2449]
INFO: [Synth 8-6157] synthesizing module 'lenet_full_top_gmem2_m_axi_fifo__parameterized4' [d:/lenet_project/vivado/LeNet_Zynq_System/LeNet_Zynq_System.gen/sources_1/bd/lenet_system/ipshared/3cc9/hdl/verilog/lenet_full_top_gmem2_m_axi.v:2551]
INFO: [Synth 8-6157] synthesizing module 'lenet_full_top_gmem2_m_axi_srl__parameterized2' [d:/lenet_project/vivado/LeNet_Zynq_System/LeNet_Zynq_System.gen/sources_1/bd/lenet_system/ipshared/3cc9/hdl/verilog/lenet_full_top_gmem2_m_axi.v:2729]
INFO: [Synth 8-6155] done synthesizing module 'lenet_full_top_gmem2_m_axi_srl__parameterized2' (0#1) [d:/lenet_project/vivado/LeNet_Zynq_System/LeNet_Zynq_System.gen/sources_1/bd/lenet_system/ipshared/3cc9/hdl/verilog/lenet_full_top_gmem2_m_axi.v:2729]
INFO: [Synth 8-6155] done synthesizing module 'lenet_full_top_gmem2_m_axi_fifo__parameterized4' (0#1) [d:/lenet_project/vivado/LeNet_Zynq_System/LeNet_Zynq_System.gen/sources_1/bd/lenet_system/ipshared/3cc9/hdl/verilog/lenet_full_top_gmem2_m_axi.v:2551]
INFO: [Synth 8-6157] synthesizing module 'lenet_full_top_gmem2_m_axi_throttle' [d:/lenet_project/vivado/LeNet_Zynq_System/LeNet_Zynq_System.gen/sources_1/bd/lenet_system/ipshared/3cc9/hdl/verilog/lenet_full_top_gmem2_m_axi.v:2224]
INFO: [Synth 8-6157] synthesizing module 'lenet_full_top_gmem2_m_axi_reg_slice__parameterized0' [d:/lenet_project/vivado/LeNet_Zynq_System/LeNet_Zynq_System.gen/sources_1/bd/lenet_system/ipshared/3cc9/hdl/verilog/lenet_full_top_gmem2_m_axi.v:2449]
INFO: [Synth 8-6155] done synthesizing module 'lenet_full_top_gmem2_m_axi_reg_slice__parameterized0' (0#1) [d:/lenet_project/vivado/LeNet_Zynq_System/LeNet_Zynq_System.gen/sources_1/bd/lenet_system/ipshared/3cc9/hdl/verilog/lenet_full_top_gmem2_m_axi.v:2449]
INFO: [Synth 8-6157] synthesizing module 'lenet_full_top_gmem2_m_axi_fifo__parameterized5' [d:/lenet_project/vivado/LeNet_Zynq_System/LeNet_Zynq_System.gen/sources_1/bd/lenet_system/ipshared/3cc9/hdl/verilog/lenet_full_top_gmem2_m_axi.v:2551]
INFO: [Synth 8-6157] synthesizing module 'lenet_full_top_gmem2_m_axi_srl__parameterized3' [d:/lenet_project/vivado/LeNet_Zynq_System/LeNet_Zynq_System.gen/sources_1/bd/lenet_system/ipshared/3cc9/hdl/verilog/lenet_full_top_gmem2_m_axi.v:2729]
INFO: [Synth 8-6155] done synthesizing module 'lenet_full_top_gmem2_m_axi_srl__parameterized3' (0#1) [d:/lenet_project/vivado/LeNet_Zynq_System/LeNet_Zynq_System.gen/sources_1/bd/lenet_system/ipshared/3cc9/hdl/verilog/lenet_full_top_gmem2_m_axi.v:2729]
INFO: [Synth 8-6155] done synthesizing module 'lenet_full_top_gmem2_m_axi_fifo__parameterized5' (0#1) [d:/lenet_project/vivado/LeNet_Zynq_System/LeNet_Zynq_System.gen/sources_1/bd/lenet_system/ipshared/3cc9/hdl/verilog/lenet_full_top_gmem2_m_axi.v:2551]
INFO: [Synth 8-6157] synthesizing module 'lenet_full_top_gmem2_m_axi_fifo__parameterized6' [d:/lenet_project/vivado/LeNet_Zynq_System/LeNet_Zynq_System.gen/sources_1/bd/lenet_system/ipshared/3cc9/hdl/verilog/lenet_full_top_gmem2_m_axi.v:2551]
INFO: [Synth 8-6157] synthesizing module 'lenet_full_top_gmem2_m_axi_srl__parameterized4' [d:/lenet_project/vivado/LeNet_Zynq_System/LeNet_Zynq_System.gen/sources_1/bd/lenet_system/ipshared/3cc9/hdl/verilog/lenet_full_top_gmem2_m_axi.v:2729]
INFO: [Synth 8-6155] done synthesizing module 'lenet_full_top_gmem2_m_axi_srl__parameterized4' (0#1) [d:/lenet_project/vivado/LeNet_Zynq_System/LeNet_Zynq_System.gen/sources_1/bd/lenet_system/ipshared/3cc9/hdl/verilog/lenet_full_top_gmem2_m_axi.v:2729]
INFO: [Synth 8-6155] done synthesizing module 'lenet_full_top_gmem2_m_axi_fifo__parameterized6' (0#1) [d:/lenet_project/vivado/LeNet_Zynq_System/LeNet_Zynq_System.gen/sources_1/bd/lenet_system/ipshared/3cc9/hdl/verilog/lenet_full_top_gmem2_m_axi.v:2551]
INFO: [Synth 8-6155] done synthesizing module 'lenet_full_top_gmem2_m_axi_throttle' (0#1) [d:/lenet_project/vivado/LeNet_Zynq_System/LeNet_Zynq_System.gen/sources_1/bd/lenet_system/ipshared/3cc9/hdl/verilog/lenet_full_top_gmem2_m_axi.v:2224]
INFO: [Synth 8-6157] synthesizing module 'lenet_full_top_gmem2_m_axi_reg_slice__parameterized1' [d:/lenet_project/vivado/LeNet_Zynq_System/LeNet_Zynq_System.gen/sources_1/bd/lenet_system/ipshared/3cc9/hdl/verilog/lenet_full_top_gmem2_m_axi.v:2449]
INFO: [Synth 8-6155] done synthesizing module 'lenet_full_top_gmem2_m_axi_reg_slice__parameterized1' (0#1) [d:/lenet_project/vivado/LeNet_Zynq_System/LeNet_Zynq_System.gen/sources_1/bd/lenet_system/ipshared/3cc9/hdl/verilog/lenet_full_top_gmem2_m_axi.v:2449]
WARNING: [Synth 8-589] replacing case/wildcard equality operator === with logical equality operator == [d:/lenet_project/vivado/LeNet_Zynq_System/LeNet_Zynq_System.gen/sources_1/bd/lenet_system/ipshared/3cc9/hdl/verilog/lenet_full_top_gmem2_m_axi.v:2216]
WARNING: [Synth 8-589] replacing case/wildcard equality operator === with logical equality operator == [d:/lenet_project/vivado/LeNet_Zynq_System/LeNet_Zynq_System.gen/sources_1/bd/lenet_system/ipshared/3cc9/hdl/verilog/lenet_full_top_gmem2_m_axi.v:2219]
INFO: [Synth 8-6155] done synthesizing module 'lenet_full_top_gmem2_m_axi_write' (0#1) [d:/lenet_project/vivado/LeNet_Zynq_System/LeNet_Zynq_System.gen/sources_1/bd/lenet_system/ipshared/3cc9/hdl/verilog/lenet_full_top_gmem2_m_axi.v:1716]
INFO: [Synth 8-6157] synthesizing module 'lenet_full_top_gmem2_m_axi_read' [d:/lenet_project/vivado/LeNet_Zynq_System/LeNet_Zynq_System.gen/sources_1/bd/lenet_system/ipshared/3cc9/hdl/verilog/lenet_full_top_gmem2_m_axi.v:1332]
INFO: [Synth 8-6157] synthesizing module 'lenet_full_top_gmem2_m_axi_reg_slice__parameterized2' [d:/lenet_project/vivado/LeNet_Zynq_System/LeNet_Zynq_System.gen/sources_1/bd/lenet_system/ipshared/3cc9/hdl/verilog/lenet_full_top_gmem2_m_axi.v:2449]
INFO: [Synth 8-6155] done synthesizing module 'lenet_full_top_gmem2_m_axi_reg_slice__parameterized2' (0#1) [d:/lenet_project/vivado/LeNet_Zynq_System/LeNet_Zynq_System.gen/sources_1/bd/lenet_system/ipshared/3cc9/hdl/verilog/lenet_full_top_gmem2_m_axi.v:2449]
WARNING: [Synth 8-589] replacing case/wildcard equality operator === with logical equality operator == [d:/lenet_project/vivado/LeNet_Zynq_System/LeNet_Zynq_System.gen/sources_1/bd/lenet_system/ipshared/3cc9/hdl/verilog/lenet_full_top_gmem2_m_axi.v:1708]
INFO: [Synth 8-6155] done synthesizing module 'lenet_full_top_gmem2_m_axi_read' (0#1) [d:/lenet_project/vivado/LeNet_Zynq_System/LeNet_Zynq_System.gen/sources_1/bd/lenet_system/ipshared/3cc9/hdl/verilog/lenet_full_top_gmem2_m_axi.v:1332]
INFO: [Synth 8-6155] done synthesizing module 'lenet_full_top_gmem2_m_axi' (0#1) [d:/lenet_project/vivado/LeNet_Zynq_System/LeNet_Zynq_System.gen/sources_1/bd/lenet_system/ipshared/3cc9/hdl/verilog/lenet_full_top_gmem2_m_axi.v:11]
INFO: [Synth 8-6157] synthesizing module 'lenet_full_top_gmem3_m_axi' [d:/lenet_project/vivado/LeNet_Zynq_System/LeNet_Zynq_System.gen/sources_1/bd/lenet_system/ipshared/3cc9/hdl/verilog/lenet_full_top_gmem3_m_axi.v:11]
INFO: [Synth 8-6157] synthesizing module 'lenet_full_top_gmem3_m_axi_store' [d:/lenet_project/vivado/LeNet_Zynq_System/LeNet_Zynq_System.gen/sources_1/bd/lenet_system/ipshared/3cc9/hdl/verilog/lenet_full_top_gmem3_m_axi.v:781]
INFO: [Synth 8-6157] synthesizing module 'lenet_full_top_gmem3_m_axi_fifo' [d:/lenet_project/vivado/LeNet_Zynq_System/LeNet_Zynq_System.gen/sources_1/bd/lenet_system/ipshared/3cc9/hdl/verilog/lenet_full_top_gmem3_m_axi.v:2551]
INFO: [Common 17-14] Message 'Synth 8-6157' appears 100 times and further instances of the messages will be disabled. Use the Tcl command set_msg_config to change the current settings.
INFO: [Synth 8-6155] done synthesizing module 'lenet_full_top_gmem3_m_axi_srl' (0#1) [d:/lenet_project/vivado/LeNet_Zynq_System/LeNet_Zynq_System.gen/sources_1/bd/lenet_system/ipshared/3cc9/hdl/verilog/lenet_full_top_gmem3_m_axi.v:2729]
INFO: [Synth 8-6155] done synthesizing module 'lenet_full_top_gmem3_m_axi_fifo' (0#1) [d:/lenet_project/vivado/LeNet_Zynq_System/LeNet_Zynq_System.gen/sources_1/bd/lenet_system/ipshared/3cc9/hdl/verilog/lenet_full_top_gmem3_m_axi.v:2551]
INFO: [Synth 8-6155] done synthesizing module 'lenet_full_top_gmem3_m_axi_mem' (0#1) [d:/lenet_project/vivado/LeNet_Zynq_System/LeNet_Zynq_System.gen/sources_1/bd/lenet_system/ipshared/3cc9/hdl/verilog/lenet_full_top_gmem3_m_axi.v:2783]
INFO: [Synth 8-6155] done synthesizing module 'lenet_full_top_gmem3_m_axi_fifo__parameterized0' (0#1) [d:/lenet_project/vivado/LeNet_Zynq_System/LeNet_Zynq_System.gen/sources_1/bd/lenet_system/ipshared/3cc9/hdl/verilog/lenet_full_top_gmem3_m_axi.v:2551]
INFO: [Synth 8-6155] done synthesizing module 'lenet_full_top_gmem3_m_axi_srl__parameterized0' (0#1) [d:/lenet_project/vivado/LeNet_Zynq_System/LeNet_Zynq_System.gen/sources_1/bd/lenet_system/ipshared/3cc9/hdl/verilog/lenet_full_top_gmem3_m_axi.v:2729]
INFO: [Common 17-14] Message 'Synth 8-6155' appears 100 times and further instances of the messages will be disabled. Use the Tcl command set_msg_config to change the current settings.
WARNING: [Synth 8-589] replacing case/wildcard equality operator === with logical equality operator == [d:/lenet_project/vivado/LeNet_Zynq_System/LeNet_Zynq_System.gen/sources_1/bd/lenet_system/ipshared/3cc9/hdl/verilog/lenet_full_top_gmem3_m_axi.v:2216]
WARNING: [Synth 8-589] replacing case/wildcard equality operator === with logical equality operator == [d:/lenet_project/vivado/LeNet_Zynq_System/LeNet_Zynq_System.gen/sources_1/bd/lenet_system/ipshared/3cc9/hdl/verilog/lenet_full_top_gmem3_m_axi.v:2219]
WARNING: [Synth 8-589] replacing case/wildcard equality operator === with logical equality operator == [d:/lenet_project/vivado/LeNet_Zynq_System/LeNet_Zynq_System.gen/sources_1/bd/lenet_system/ipshared/3cc9/hdl/verilog/lenet_full_top_gmem3_m_axi.v:1708]
WARNING: [Synth 8-6014] Unused sequential element int_ap_done_reg was removed.  [d:/lenet_project/vivado/LeNet_Zynq_System/LeNet_Zynq_System.gen/sources_1/bd/lenet_system/ipshared/3cc9/hdl/verilog/lenet_full_top_control_s_axi.v:318]
WARNING: [Synth 8-7129] Port CLK in module xbip_pipe_v3_0_6_viv__parameterized3 is either unconnected or has no load
WARNING: [Synth 8-7129] Port CE in module xbip_pipe_v3_0_6_viv__parameterized3 is either unconnected or has no load
WARNING: [Synth 8-7129] Port SCLR in module xbip_pipe_v3_0_6_viv__parameterized3 is either unconnected or has no load
WARNING: [Synth 8-7129] Port SSET in module xbip_pipe_v3_0_6_viv__parameterized3 is either unconnected or has no load
WARNING: [Synth 8-7129] Port SINIT in module xbip_pipe_v3_0_6_viv__parameterized3 is either unconnected or has no load
WARNING: [Synth 8-7129] Port CLK in module xbip_pipe_v3_0_6_viv__parameterized25 is either unconnected or has no load
WARNING: [Synth 8-7129] Port CE in module xbip_pipe_v3_0_6_viv__parameterized25 is either unconnected or has no load
WARNING: [Synth 8-7129] Port SCLR in module xbip_pipe_v3_0_6_viv__parameterized25 is either unconnected or has no load
WARNING: [Synth 8-7129] Port SSET in module xbip_pipe_v3_0_6_viv__parameterized25 is either unconnected or has no load
WARNING: [Synth 8-7129] Port SINIT in module xbip_pipe_v3_0_6_viv__parameterized25 is either unconnected or has no load
WARNING: [Synth 8-7129] Port CLK in module xbip_pipe_v3_0_6_viv__parameterized9 is either unconnected or has no load
WARNING: [Synth 8-7129] Port CE in module xbip_pipe_v3_0_6_viv__parameterized9 is either unconnected or has no load
WARNING: [Synth 8-7129] Port SCLR in module xbip_pipe_v3_0_6_viv__parameterized9 is either unconnected or has no load
WARNING: [Synth 8-7129] Port SSET in module xbip_pipe_v3_0_6_viv__parameterized9 is either unconnected or has no load
WARNING: [Synth 8-7129] Port SINIT in module xbip_pipe_v3_0_6_viv__parameterized9 is either unconnected or has no load
WARNING: [Synth 8-7129] Port CLK in module xbip_pipe_v3_0_6_viv__parameterized77 is either unconnected or has no load
WARNING: [Synth 8-7129] Port CE in module xbip_pipe_v3_0_6_viv__parameterized77 is either unconnected or has no load
WARNING: [Synth 8-7129] Port SCLR in module xbip_pipe_v3_0_6_viv__parameterized77 is either unconnected or has no load
WARNING: [Synth 8-7129] Port SSET in module xbip_pipe_v3_0_6_viv__parameterized77 is either unconnected or has no load
WARNING: [Synth 8-7129] Port SINIT in module xbip_pipe_v3_0_6_viv__parameterized77 is either unconnected or has no load
WARNING: [Synth 8-7129] Port CLK in module xbip_pipe_v3_0_6_viv__parameterized75 is either unconnected or has no load
WARNING: [Synth 8-7129] Port CE in module xbip_pipe_v3_0_6_viv__parameterized75 is either unconnected or has no load
WARNING: [Synth 8-7129] Port SCLR in module xbip_pipe_v3_0_6_viv__parameterized75 is either unconnected or has no load
WARNING: [Synth 8-7129] Port SSET in module xbip_pipe_v3_0_6_viv__parameterized75 is either unconnected or has no load
WARNING: [Synth 8-7129] Port SINIT in module xbip_pipe_v3_0_6_viv__parameterized75 is either unconnected or has no load
WARNING: [Synth 8-7129] Port CARRYS_OUT[0] in module compare_eq_im__parameterized3 is either unconnected or has no load
WARNING: [Synth 8-7129] Port CLK in module xbip_pipe_v3_0_6_viv__parameterized11 is either unconnected or has no load
WARNING: [Synth 8-7129] Port CE in module xbip_pipe_v3_0_6_viv__parameterized11 is either unconnected or has no load
WARNING: [Synth 8-7129] Port SCLR in module xbip_pipe_v3_0_6_viv__parameterized11 is either unconnected or has no load
WARNING: [Synth 8-7129] Port SSET in module xbip_pipe_v3_0_6_viv__parameterized11 is either unconnected or has no load
WARNING: [Synth 8-7129] Port SINIT in module xbip_pipe_v3_0_6_viv__parameterized11 is either unconnected or has no load
WARNING: [Synth 8-7129] Port CARRYS_OUT[0] in module compare_ne_im is either unconnected or has no load
WARNING: [Synth 8-7129] Port CARRYS_OUT[0] in module compare_eq_im__parameterized2 is either unconnected or has no load
WARNING: [Synth 8-7129] Port CLK in module xbip_pipe_v3_0_6_viv__parameterized73 is either unconnected or has no load
WARNING: [Synth 8-7129] Port CE in module xbip_pipe_v3_0_6_viv__parameterized73 is either unconnected or has no load
WARNING: [Synth 8-7129] Port SCLR in module xbip_pipe_v3_0_6_viv__parameterized73 is either unconnected or has no load
WARNING: [Synth 8-7129] Port SSET in module xbip_pipe_v3_0_6_viv__parameterized73 is either unconnected or has no load
WARNING: [Synth 8-7129] Port SINIT in module xbip_pipe_v3_0_6_viv__parameterized73 is either unconnected or has no load
WARNING: [Synth 8-7129] Port m_axis_result_tuser[0] in module floating_point_v7_1_15_viv__parameterized3 is either unconnected or has no load
WARNING: [Synth 8-7129] Port m_axis_result_tlast in module floating_point_v7_1_15_viv__parameterized3 is either unconnected or has no load
WARNING: [Synth 8-7129] Port aclken in module floating_point_v7_1_15_viv__parameterized3 is either unconnected or has no load
WARNING: [Synth 8-7129] Port aresetn in module floating_point_v7_1_15_viv__parameterized3 is either unconnected or has no load
WARNING: [Synth 8-7129] Port s_axis_a_tuser[0] in module floating_point_v7_1_15_viv__parameterized3 is either unconnected or has no load
WARNING: [Synth 8-7129] Port s_axis_a_tlast in module floating_point_v7_1_15_viv__parameterized3 is either unconnected or has no load
WARNING: [Synth 8-7129] Port s_axis_b_tuser[0] in module floating_point_v7_1_15_viv__parameterized3 is either unconnected or has no load
WARNING: [Synth 8-7129] Port s_axis_b_tlast in module floating_point_v7_1_15_viv__parameterized3 is either unconnected or has no load
WARNING: [Synth 8-7129] Port s_axis_c_tvalid in module floating_point_v7_1_15_viv__parameterized3 is either unconnected or has no load
WARNING: [Synth 8-7129] Port s_axis_c_tdata[31] in module floating_point_v7_1_15_viv__parameterized3 is either unconnected or has no load
WARNING: [Synth 8-7129] Port s_axis_c_tdata[30] in module floating_point_v7_1_15_viv__parameterized3 is either unconnected or has no load
WARNING: [Synth 8-7129] Port s_axis_c_tdata[29] in module floating_point_v7_1_15_viv__parameterized3 is either unconnected or has no load
WARNING: [Synth 8-7129] Port s_axis_c_tdata[28] in module floating_point_v7_1_15_viv__parameterized3 is either unconnected or has no load
WARNING: [Synth 8-7129] Port s_axis_c_tdata[27] in module floating_point_v7_1_15_viv__parameterized3 is either unconnected or has no load
WARNING: [Synth 8-7129] Port s_axis_c_tdata[26] in module floating_point_v7_1_15_viv__parameterized3 is either unconnected or has no load
WARNING: [Synth 8-7129] Port s_axis_c_tdata[25] in module floating_point_v7_1_15_viv__parameterized3 is either unconnected or has no load
WARNING: [Synth 8-7129] Port s_axis_c_tdata[24] in module floating_point_v7_1_15_viv__parameterized3 is either unconnected or has no load
WARNING: [Synth 8-7129] Port s_axis_c_tdata[23] in module floating_point_v7_1_15_viv__parameterized3 is either unconnected or has no load
WARNING: [Synth 8-7129] Port s_axis_c_tdata[22] in module floating_point_v7_1_15_viv__parameterized3 is either unconnected or has no load
WARNING: [Synth 8-7129] Port s_axis_c_tdata[21] in module floating_point_v7_1_15_viv__parameterized3 is either unconnected or has no load
WARNING: [Synth 8-7129] Port s_axis_c_tdata[20] in module floating_point_v7_1_15_viv__parameterized3 is either unconnected or has no load
WARNING: [Synth 8-7129] Port s_axis_c_tdata[19] in module floating_point_v7_1_15_viv__parameterized3 is either unconnected or has no load
WARNING: [Synth 8-7129] Port s_axis_c_tdata[18] in module floating_point_v7_1_15_viv__parameterized3 is either unconnected or has no load
WARNING: [Synth 8-7129] Port s_axis_c_tdata[17] in module floating_point_v7_1_15_viv__parameterized3 is either unconnected or has no load
WARNING: [Synth 8-7129] Port s_axis_c_tdata[16] in module floating_point_v7_1_15_viv__parameterized3 is either unconnected or has no load
WARNING: [Synth 8-7129] Port s_axis_c_tdata[15] in module floating_point_v7_1_15_viv__parameterized3 is either unconnected or has no load
WARNING: [Synth 8-7129] Port s_axis_c_tdata[14] in module floating_point_v7_1_15_viv__parameterized3 is either unconnected or has no load
WARNING: [Synth 8-7129] Port s_axis_c_tdata[13] in module floating_point_v7_1_15_viv__parameterized3 is either unconnected or has no load
WARNING: [Synth 8-7129] Port s_axis_c_tdata[12] in module floating_point_v7_1_15_viv__parameterized3 is either unconnected or has no load
WARNING: [Synth 8-7129] Port s_axis_c_tdata[11] in module floating_point_v7_1_15_viv__parameterized3 is either unconnected or has no load
WARNING: [Synth 8-7129] Port s_axis_c_tdata[10] in module floating_point_v7_1_15_viv__parameterized3 is either unconnected or has no load
WARNING: [Synth 8-7129] Port s_axis_c_tdata[9] in module floating_point_v7_1_15_viv__parameterized3 is either unconnected or has no load
WARNING: [Synth 8-7129] Port s_axis_c_tdata[8] in module floating_point_v7_1_15_viv__parameterized3 is either unconnected or has no load
WARNING: [Synth 8-7129] Port s_axis_c_tdata[7] in module floating_point_v7_1_15_viv__parameterized3 is either unconnected or has no load
WARNING: [Synth 8-7129] Port s_axis_c_tdata[6] in module floating_point_v7_1_15_viv__parameterized3 is either unconnected or has no load
WARNING: [Synth 8-7129] Port s_axis_c_tdata[5] in module floating_point_v7_1_15_viv__parameterized3 is either unconnected or has no load
WARNING: [Synth 8-7129] Port s_axis_c_tdata[4] in module floating_point_v7_1_15_viv__parameterized3 is either unconnected or has no load
WARNING: [Synth 8-7129] Port s_axis_c_tdata[3] in module floating_point_v7_1_15_viv__parameterized3 is either unconnected or has no load
WARNING: [Synth 8-7129] Port s_axis_c_tdata[2] in module floating_point_v7_1_15_viv__parameterized3 is either unconnected or has no load
WARNING: [Synth 8-7129] Port s_axis_c_tdata[1] in module floating_point_v7_1_15_viv__parameterized3 is either unconnected or has no load
WARNING: [Synth 8-7129] Port s_axis_c_tdata[0] in module floating_point_v7_1_15_viv__parameterized3 is either unconnected or has no load
WARNING: [Synth 8-7129] Port s_axis_c_tuser[0] in module floating_point_v7_1_15_viv__parameterized3 is either unconnected or has no load
WARNING: [Synth 8-7129] Port s_axis_c_tlast in module floating_point_v7_1_15_viv__parameterized3 is either unconnected or has no load
WARNING: [Synth 8-7129] Port s_axis_operation_tdata[7] in module floating_point_v7_1_15_viv__parameterized3 is either unconnected or has no load
WARNING: [Synth 8-7129] Port s_axis_operation_tdata[6] in module floating_point_v7_1_15_viv__parameterized3 is either unconnected or has no load
WARNING: [Synth 8-7129] Port s_axis_operation_tdata[2] in module floating_point_v7_1_15_viv__parameterized3 is either unconnected or has no load
WARNING: [Synth 8-7129] Port s_axis_operation_tdata[1] in module floating_point_v7_1_15_viv__parameterized3 is either unconnected or has no load
WARNING: [Synth 8-7129] Port s_axis_operation_tdata[0] in module floating_point_v7_1_15_viv__parameterized3 is either unconnected or has no load
WARNING: [Synth 8-7129] Port s_axis_operation_tuser[0] in module floating_point_v7_1_15_viv__parameterized3 is either unconnected or has no load
WARNING: [Synth 8-7129] Port s_axis_operation_tlast in module floating_point_v7_1_15_viv__parameterized3 is either unconnected or has no load
WARNING: [Synth 8-7129] Port m_axis_result_tready in module floating_point_v7_1_15_viv__parameterized3 is either unconnected or has no load
WARNING: [Synth 8-7129] Port reset in module lenet_full_top_fcmp_32ns_32ns_1_2_no_dsp_1 is either unconnected or has no load
WARNING: [Synth 8-7129] Port CLK in module xbip_pipe_v3_0_6_viv__parameterized55 is either unconnected or has no load
WARNING: [Synth 8-7129] Port CE in module xbip_pipe_v3_0_6_viv__parameterized55 is either unconnected or has no load
WARNING: [Synth 8-7129] Port SCLR in module xbip_pipe_v3_0_6_viv__parameterized55 is either unconnected or has no load
WARNING: [Synth 8-7129] Port SSET in module xbip_pipe_v3_0_6_viv__parameterized55 is either unconnected or has no load
WARNING: [Synth 8-7129] Port SINIT in module xbip_pipe_v3_0_6_viv__parameterized55 is either unconnected or has no load
WARNING: [Synth 8-7129] Port DEC_OP_STATE[11] in module flt_dec_op_lat is either unconnected or has no load
WARNING: [Synth 8-7129] Port DEC_OP_STATE[10] in module flt_dec_op_lat is either unconnected or has no load
WARNING: [Synth 8-7129] Port DEC_OP_STATE[9] in module flt_dec_op_lat is either unconnected or has no load
WARNING: [Synth 8-7129] Port DEC_OP_STATE[8] in module flt_dec_op_lat is either unconnected or has no load
WARNING: [Synth 8-7129] Port DIVIDE_BY_ZERO_IN in module flt_dec_op_lat is either unconnected or has no load
INFO: [Common 17-14] Message 'Synth 8-7129' appears 100 times and further instances of the messages will be disabled. Use the Tcl command set_msg_config to change the current settings.
---------------------------------------------------------------------------------
Finished RTL Elaboration : Time (s): cpu = 00:00:13 ; elapsed = 00:00:15 . Memory (MB): peak = 2178.480 ; gain = 733.438
---------------------------------------------------------------------------------
---------------------------------------------------------------------------------
Start Handling Custom Attributes
---------------------------------------------------------------------------------
---------------------------------------------------------------------------------
Finished Handling Custom Attributes : Time (s): cpu = 00:00:13 ; elapsed = 00:00:15 . Memory (MB): peak = 2178.480 ; gain = 733.438
---------------------------------------------------------------------------------
---------------------------------------------------------------------------------
Finished RTL Optimization Phase 1 : Time (s): cpu = 00:00:13 ; elapsed = 00:00:15 . Memory (MB): peak = 2178.480 ; gain = 733.438
---------------------------------------------------------------------------------
Netlist sorting complete. Time (s): cpu = 00:00:00 ; elapsed = 00:00:00.381 . Memory (MB): peak = 2178.480 ; gain = 0.000
INFO: [Netlist 29-17] Analyzing 278 Unisim elements for replacement
INFO: [Netlist 29-28] Unisim Transformation completed in 0 CPU seconds
INFO: [Project 1-570] Preparing netlist for logic optimization

Processing XDC Constraints
Initializing timing engine
Parsing XDC File [d:/lenet_project/vivado/LeNet_Zynq_System/LeNet_Zynq_System.gen/sources_1/bd/lenet_system/ip/lenet_system_lenet_full_top_0_0/constraints/lenet_full_top_ooc.xdc] for cell 'inst'
Finished Parsing XDC File [d:/lenet_project/vivado/LeNet_Zynq_System/LeNet_Zynq_System.gen/sources_1/bd/lenet_system/ip/lenet_system_lenet_full_top_0_0/constraints/lenet_full_top_ooc.xdc] for cell 'inst'
Parsing XDC File [D:/lenet_project/vivado/LeNet_Zynq_System/LeNet_Zynq_System.runs/lenet_system_lenet_full_top_0_0_synth_1/dont_touch.xdc]
Finished Parsing XDC File [D:/lenet_project/vivado/LeNet_Zynq_System/LeNet_Zynq_System.runs/lenet_system_lenet_full_top_0_0_synth_1/dont_touch.xdc]
Completed Processing XDC Constraints

Netlist sorting complete. Time (s): cpu = 00:00:00 ; elapsed = 00:00:00.009 . Memory (MB): peak = 2271.195 ; gain = 0.000
INFO: [Project 1-111] Unisim Transformation Summary:
  A total of 3 instances were transformed.
  FDE => FDRE: 3 instances

Constraint Validation Runtime : Time (s): cpu = 00:00:00 ; elapsed = 00:00:00.416 . Memory (MB): peak = 2277.684 ; gain = 6.488
INFO: [Designutils 20-5008] Incremental synthesis strategy off
INFO: [Synth 8-11241] undeclared symbol 'REGCCE', assumed default net type 'wire' [D:/Xilinx/Vivado/2022.2/data/verilog/src/unimacro/BRAM_SINGLE_MACRO.v:2170]
---------------------------------------------------------------------------------
Finished Constraint Validation : Time (s): cpu = 00:00:23 ; elapsed = 00:00:25 . Memory (MB): peak = 2277.684 ; gain = 832.641
---------------------------------------------------------------------------------
---------------------------------------------------------------------------------
Start Loading Part and Timing Information
---------------------------------------------------------------------------------
Loading part: xc7z020clg400-1
---------------------------------------------------------------------------------
Finished Loading Part and Timing Information : Time (s): cpu = 00:00:23 ; elapsed = 00:00:25 . Memory (MB): peak = 2277.684 ; gain = 832.641
---------------------------------------------------------------------------------
---------------------------------------------------------------------------------
Start Applying 'set_property' XDC Constraints
---------------------------------------------------------------------------------
Applied set_property KEEP_HIERARCHY = SOFT for inst. (constraint file  D:/lenet_project/vivado/LeNet_Zynq_System/LeNet_Zynq_System.runs/lenet_system_lenet_full_top_0_0_synth_1/dont_touch.xdc, line 9).
---------------------------------------------------------------------------------
Finished applying 'set_property' XDC Constraints : Time (s): cpu = 00:00:23 ; elapsed = 00:00:25 . Memory (MB): peak = 2277.684 ; gain = 832.641
---------------------------------------------------------------------------------
INFO: [Synth 8-4490] FSM extraction disabled for register 'ap_CS_fsm_reg' through user attribute
INFO: [Synth 8-4490] FSM extraction disabled for register 'ap_CS_fsm_reg' through user attribute
INFO: [Synth 8-4490] FSM extraction disabled for register 'ap_CS_fsm_reg' through user attribute
INFO: [Synth 8-4490] FSM extraction disabled for register 'ap_CS_fsm_reg' through user attribute
INFO: [Synth 8-4490] FSM extraction disabled for register 'ap_CS_fsm_reg' through user attribute
INFO: [Synth 8-4490] FSM extraction disabled for register 'ap_CS_fsm_reg' through user attribute
INFO: [Synth 8-802] inferred FSM for state register 'wstate_reg' in module 'lenet_full_top_control_s_axi'
INFO: [Synth 8-802] inferred FSM for state register 'rstate_reg' in module 'lenet_full_top_control_s_axi'
INFO: [Synth 8-802] inferred FSM for state register 'state_reg' in module 'lenet_full_top_gmem0_m_axi_reg_slice'
INFO: [Synth 8-802] inferred FSM for state register 'state_reg' in module 'lenet_full_top_gmem0_m_axi_reg_slice__parameterized0'
INFO: [Synth 8-802] inferred FSM for state register 'state_reg' in module 'lenet_full_top_gmem0_m_axi_reg_slice__parameterized1'
INFO: [Synth 8-802] inferred FSM for state register 'state_reg' in module 'lenet_full_top_gmem0_m_axi_reg_slice__parameterized2'
INFO: [Synth 8-802] inferred FSM for state register 'state_reg' in module 'lenet_full_top_gmem1_m_axi_reg_slice'
INFO: [Synth 8-802] inferred FSM for state register 'state_reg' in module 'lenet_full_top_gmem1_m_axi_reg_slice__parameterized0'
INFO: [Synth 8-802] inferred FSM for state register 'state_reg' in module 'lenet_full_top_gmem1_m_axi_reg_slice__parameterized1'
INFO: [Synth 8-802] inferred FSM for state register 'state_reg' in module 'lenet_full_top_gmem1_m_axi_reg_slice__parameterized2'
INFO: [Synth 8-802] inferred FSM for state register 'state_reg' in module 'lenet_full_top_gmem2_m_axi_reg_slice'
INFO: [Synth 8-802] inferred FSM for state register 'state_reg' in module 'lenet_full_top_gmem2_m_axi_reg_slice__parameterized0'
INFO: [Synth 8-802] inferred FSM for state register 'state_reg' in module 'lenet_full_top_gmem2_m_axi_reg_slice__parameterized1'
INFO: [Synth 8-802] inferred FSM for state register 'state_reg' in module 'lenet_full_top_gmem2_m_axi_reg_slice__parameterized2'
INFO: [Synth 8-802] inferred FSM for state register 'state_reg' in module 'lenet_full_top_gmem3_m_axi_reg_slice'
INFO: [Synth 8-802] inferred FSM for state register 'state_reg' in module 'lenet_full_top_gmem3_m_axi_reg_slice__parameterized0'
INFO: [Synth 8-802] inferred FSM for state register 'state_reg' in module 'lenet_full_top_gmem3_m_axi_reg_slice__parameterized1'
INFO: [Synth 8-802] inferred FSM for state register 'state_reg' in module 'lenet_full_top_gmem3_m_axi_reg_slice__parameterized2'
INFO: [Synth 8-4490] FSM extraction disabled for register 'ap_CS_fsm_reg' through user attribute
---------------------------------------------------------------------------------------------------
                   State |                     New Encoding |                Previous Encoding 
---------------------------------------------------------------------------------------------------
                  iSTATE |                             0001 |                               11
*
                  WRIDLE |                             0010 |                               00
                  WRDATA |                             0100 |                               01
                  WRRESP |                             1000 |                               10
---------------------------------------------------------------------------------------------------
INFO: [Synth 8-3354] encoded FSM with state register 'wstate_reg' using encoding 'one-hot' in module 'lenet_full_top_control_s_axi'
---------------------------------------------------------------------------------------------------
                   State |                     New Encoding |                Previous Encoding 
---------------------------------------------------------------------------------------------------
                  iSTATE |                              001 |                               10
*
                  RDIDLE |                              010 |                               00
                  RDDATA |                              100 |                               01
---------------------------------------------------------------------------------------------------
INFO: [Synth 8-3354] encoded FSM with state register 'rstate_reg' using encoding 'one-hot' in module 'lenet_full_top_control_s_axi'
INFO: [Synth 8-7082] The signal mem_reg is implemented as Block RAM but is better mapped onto distributed LUT RAM for the following reason(s): The depth (4 address bits) is shallow. Please use attribute (* ram_style = "distributed" *) to instruct Vivado to infer distributed LUT RAM.
---------------------------------------------------------------------------------------------------
                   State |                     New Encoding |                Previous Encoding 
---------------------------------------------------------------------------------------------------
                    ZERO |                               00 |                               10
                     ONE |                               10 |                               11
                     TWO |                               01 |                               01
---------------------------------------------------------------------------------------------------
INFO: [Synth 8-3354] encoded FSM with state register 'state_reg' using encoding 'sequential' in module 'lenet_full_top_gmem0_m_axi_reg_slice'
---------------------------------------------------------------------------------------------------
                   State |                     New Encoding |                Previous Encoding 
---------------------------------------------------------------------------------------------------
                    ZERO |                               00 |                               10
                     ONE |                               10 |                               11
                     TWO |                               01 |                               01
---------------------------------------------------------------------------------------------------
INFO: [Synth 8-3354] encoded FSM with state register 'state_reg' using encoding 'sequential' in module 'lenet_full_top_gmem0_m_axi_reg_slice__parameterized0'
---------------------------------------------------------------------------------------------------
                   State |                     New Encoding |                Previous Encoding 
---------------------------------------------------------------------------------------------------
                    ZERO |                               00 |                               10
                     ONE |                               10 |                               11
                     TWO |                               01 |                               01
---------------------------------------------------------------------------------------------------
INFO: [Synth 8-3354] encoded FSM with state register 'state_reg' using encoding 'sequential' in module 'lenet_full_top_gmem0_m_axi_reg_slice__parameterized1'
---------------------------------------------------------------------------------------------------
                   State |                     New Encoding |                Previous Encoding 
---------------------------------------------------------------------------------------------------
                    ZERO |                               00 |                               10
                     ONE |                               10 |                               11
                     TWO |                               01 |                               01
---------------------------------------------------------------------------------------------------
INFO: [Synth 8-3354] encoded FSM with state register 'state_reg' using encoding 'sequential' in module 'lenet_full_top_gmem0_m_axi_reg_slice__parameterized2'
INFO: [Synth 8-7082] The signal mem_reg is implemented as Block RAM but is better mapped onto distributed LUT RAM for the following reason(s): The depth (4 address bits) is shallow. Please use attribute (* ram_style = "distributed" *) to instruct Vivado to infer distributed LUT RAM.
---------------------------------------------------------------------------------------------------
                   State |                     New Encoding |                Previous Encoding 
---------------------------------------------------------------------------------------------------
                    ZERO |                               00 |                               10
                     ONE |                               10 |                               11
                     TWO |                               01 |                               01
---------------------------------------------------------------------------------------------------
INFO: [Synth 8-3354] encoded FSM with state register 'state_reg' using encoding 'sequential' in module 'lenet_full_top_gmem1_m_axi_reg_slice'
---------------------------------------------------------------------------------------------------
                   State |                     New Encoding |                Previous Encoding 
---------------------------------------------------------------------------------------------------
                    ZERO |                               00 |                               10
                     ONE |                               10 |                               11
                     TWO |                               01 |                               01
---------------------------------------------------------------------------------------------------
INFO: [Synth 8-3354] encoded FSM with state register 'state_reg' using encoding 'sequential' in module 'lenet_full_top_gmem1_m_axi_reg_slice__parameterized0'
---------------------------------------------------------------------------------------------------
                   State |                     New Encoding |                Previous Encoding 
---------------------------------------------------------------------------------------------------
                    ZERO |                               00 |                               10
                     ONE |                               10 |                               11
                     TWO |                               01 |                               01
---------------------------------------------------------------------------------------------------
INFO: [Synth 8-3354] encoded FSM with state register 'state_reg' using encoding 'sequential' in module 'lenet_full_top_gmem1_m_axi_reg_slice__parameterized1'
---------------------------------------------------------------------------------------------------
                   State |                     New Encoding |                Previous Encoding 
---------------------------------------------------------------------------------------------------
                    ZERO |                               00 |                               10
                     ONE |                               10 |                               11
                     TWO |                               01 |                               01
---------------------------------------------------------------------------------------------------
INFO: [Synth 8-3354] encoded FSM with state register 'state_reg' using encoding 'sequential' in module 'lenet_full_top_gmem1_m_axi_reg_slice__parameterized2'
INFO: [Synth 8-7082] The signal mem_reg is implemented as Block RAM but is better mapped onto distributed LUT RAM for the following reason(s): The depth (4 address bits) is shallow. Please use attribute (* ram_style = "distributed" *) to instruct Vivado to infer distributed LUT RAM.
---------------------------------------------------------------------------------------------------
                   State |                     New Encoding |                Previous Encoding 
---------------------------------------------------------------------------------------------------
                    ZERO |                               00 |                               10
                     ONE |                               10 |                               11
                     TWO |                               01 |                               01
---------------------------------------------------------------------------------------------------
INFO: [Synth 8-3354] encoded FSM with state register 'state_reg' using encoding 'sequential' in module 'lenet_full_top_gmem2_m_axi_reg_slice'
---------------------------------------------------------------------------------------------------
                   State |                     New Encoding |                Previous Encoding 
---------------------------------------------------------------------------------------------------
                    ZERO |                               00 |                               10
                     ONE |                               10 |                               11
                     TWO |                               01 |                               01
---------------------------------------------------------------------------------------------------
INFO: [Synth 8-3354] encoded FSM with state register 'state_reg' using encoding 'sequential' in module 'lenet_full_top_gmem2_m_axi_reg_slice__parameterized0'
---------------------------------------------------------------------------------------------------
                   State |                     New Encoding |                Previous Encoding 
---------------------------------------------------------------------------------------------------
                    ZERO |                               00 |                               10
                     ONE |                               10 |                               11
                     TWO |                               01 |                               01
---------------------------------------------------------------------------------------------------
INFO: [Synth 8-3354] encoded FSM with state register 'state_reg' using encoding 'sequential' in module 'lenet_full_top_gmem2_m_axi_reg_slice__parameterized1'
---------------------------------------------------------------------------------------------------
                   State |                     New Encoding |                Previous Encoding 
---------------------------------------------------------------------------------------------------
                    ZERO |                               00 |                               10
                     ONE |                               10 |                               11
                     TWO |                               01 |                               01
---------------------------------------------------------------------------------------------------
INFO: [Synth 8-3354] encoded FSM with state register 'state_reg' using encoding 'sequential' in module 'lenet_full_top_gmem2_m_axi_reg_slice__parameterized2'
INFO: [Synth 8-7082] The signal mem_reg is implemented as Block RAM but is better mapped onto distributed LUT RAM for the following reason(s): The depth (4 address bits) is shallow. Please use attribute (* ram_style = "distributed" *) to instruct Vivado to infer distributed LUT RAM.
---------------------------------------------------------------------------------------------------
                   State |                     New Encoding |                Previous Encoding 
---------------------------------------------------------------------------------------------------
                    ZERO |                               00 |                               10
                     ONE |                               10 |                               11
                     TWO |                               01 |                               01
---------------------------------------------------------------------------------------------------
INFO: [Synth 8-3354] encoded FSM with state register 'state_reg' using encoding 'sequential' in module 'lenet_full_top_gmem3_m_axi_reg_slice'
---------------------------------------------------------------------------------------------------
                   State |                     New Encoding |                Previous Encoding 
---------------------------------------------------------------------------------------------------
                    ZERO |                               00 |                               10
                     ONE |                               10 |                               11
                     TWO |                               01 |                               01
---------------------------------------------------------------------------------------------------
INFO: [Synth 8-3354] encoded FSM with state register 'state_reg' using encoding 'sequential' in module 'lenet_full_top_gmem3_m_axi_reg_slice__parameterized0'
---------------------------------------------------------------------------------------------------
                   State |                     New Encoding |                Previous Encoding 
---------------------------------------------------------------------------------------------------
                    ZERO |                               00 |                               10
                     ONE |                               10 |                               11
                     TWO |                               01 |                               01
---------------------------------------------------------------------------------------------------
INFO: [Synth 8-3354] encoded FSM with state register 'state_reg' using encoding 'sequential' in module 'lenet_full_top_gmem3_m_axi_reg_slice__parameterized1'
---------------------------------------------------------------------------------------------------
                   State |                     New Encoding |                Previous Encoding 
---------------------------------------------------------------------------------------------------
                    ZERO |                               00 |                               10
                     ONE |                               10 |                               11
                     TWO |                               01 |                               01
---------------------------------------------------------------------------------------------------
INFO: [Synth 8-3354] encoded FSM with state register 'state_reg' using encoding 'sequential' in module 'lenet_full_top_gmem3_m_axi_reg_slice__parameterized2'
---------------------------------------------------------------------------------
Finished RTL Optimization Phase 2 : Time (s): cpu = 00:00:27 ; elapsed = 00:00:30 . Memory (MB): peak = 2277.684 ; gain = 832.641
---------------------------------------------------------------------------------
INFO: [Synth 8-223] decloning instance 'inst/fadd_32ns_32ns_32_5_full_dsp_1_U62/lenet_full_top_fadd_32ns_32ns_32_5_full_dsp_1_ip_u/inst/i_synth/ADDSUB_OP.ADDSUB/DSP.OP/DSP48E1_BODY.ALIGN_ADD/SUB_DELAY' (delay__parameterized0) to 'inst/fadd_32ns_32ns_32_5_full_dsp_1_U62/lenet_full_top_fadd_32ns_32ns_32_5_full_dsp_1_ip_u/inst/i_synth/ADDSUB_OP.ADDSUB/DSP.OP/DSP48E1_BODY.ALIGN_ADD/SUB_ADD_IP_DELAY'
INFO: [Synth 8-223] decloning instance 'inst/fadd_32ns_32ns_32_5_full_dsp_1_U62/lenet_full_top_fadd_32ns_32ns_32_5_full_dsp_1_ip_u/inst/i_synth/DELAY_DIVIDE_BY_ZERO' (delay__parameterized0) to 'inst/fadd_32ns_32ns_32_5_full_dsp_1_U62/lenet_full_top_fadd_32ns_32ns_32_5_full_dsp_1_ip_u/inst/i_synth/DELAY_ACCUM_OVERFLOW'
INFO: [Synth 8-223] decloning instance 'inst/fadd_32ns_32ns_32_5_full_dsp_1_U62/lenet_full_top_fadd_32ns_32ns_32_5_full_dsp_1_ip_u/inst/i_synth/DELAY_DIVIDE_BY_ZERO' (delay__parameterized0) to 'inst/fadd_32ns_32ns_32_5_full_dsp_1_U62/lenet_full_top_fadd_32ns_32ns_32_5_full_dsp_1_ip_u/inst/i_synth/DELAY_ACCUM_INPUT_OVERFLOW'
INFO: [Synth 8-223] decloning instance 'inst/fmul_32ns_32ns_32_4_max_dsp_1_U63/lenet_full_top_fmul_32ns_32ns_32_4_max_dsp_1_ip_u/inst/i_synth/DELAY_DIVIDE_BY_ZERO' (delay__parameterized0) to 'inst/fmul_32ns_32ns_32_4_max_dsp_1_U63/lenet_full_top_fmul_32ns_32ns_32_4_max_dsp_1_ip_u/inst/i_synth/DELAY_ACCUM_OVERFLOW'
INFO: [Synth 8-223] decloning instance 'inst/fmul_32ns_32ns_32_4_max_dsp_1_U63/lenet_full_top_fmul_32ns_32ns_32_4_max_dsp_1_ip_u/inst/i_synth/DELAY_DIVIDE_BY_ZERO' (delay__parameterized0) to 'inst/fmul_32ns_32ns_32_4_max_dsp_1_U63/lenet_full_top_fmul_32ns_32ns_32_4_max_dsp_1_ip_u/inst/i_synth/DELAY_ACCUM_INPUT_OVERFLOW'
INFO: [Synth 8-223] decloning instance 'lenet_full_top_fcmp_32ns_32ns_1_2_no_dsp_1:/lenet_full_top_fcmp_32ns_32ns_1_2_no_dsp_1_ip_u/inst/i_synth/DELAY_DIVIDE_BY_ZERO' (delay__parameterized0) to 'lenet_full_top_fcmp_32ns_32ns_1_2_no_dsp_1:/lenet_full_top_fcmp_32ns_32ns_1_2_no_dsp_1_ip_u/inst/i_synth/DELAY_OVERFLOW'
INFO: [Synth 8-223] decloning instance 'lenet_full_top_fcmp_32ns_32ns_1_2_no_dsp_1:/lenet_full_top_fcmp_32ns_32ns_1_2_no_dsp_1_ip_u/inst/i_synth/DELAY_DIVIDE_BY_ZERO' (delay__parameterized0) to 'lenet_full_top_fcmp_32ns_32ns_1_2_no_dsp_1:/lenet_full_top_fcmp_32ns_32ns_1_2_no_dsp_1_ip_u/inst/i_synth/DELAY_UNDERFLOW'
INFO: [Synth 8-223] decloning instance 'lenet_full_top_fcmp_32ns_32ns_1_2_no_dsp_1:/lenet_full_top_fcmp_32ns_32ns_1_2_no_dsp_1_ip_u/inst/i_synth/DELAY_DIVIDE_BY_ZERO' (delay__parameterized0) to 'lenet_full_top_fcmp_32ns_32ns_1_2_no_dsp_1:/lenet_full_top_fcmp_32ns_32ns_1_2_no_dsp_1_ip_u/inst/i_synth/DELAY_ACCUM_OVERFLOW'
INFO: [Synth 8-223] decloning instance 'lenet_full_top_fcmp_32ns_32ns_1_2_no_dsp_1:/lenet_full_top_fcmp_32ns_32ns_1_2_no_dsp_1_ip_u/inst/i_synth/DELAY_DIVIDE_BY_ZERO' (delay__parameterized0) to 'lenet_full_top_fcmp_32ns_32ns_1_2_no_dsp_1:/lenet_full_top_fcmp_32ns_32ns_1_2_no_dsp_1_ip_u/inst/i_synth/DELAY_ACCUM_INPUT_OVERFLOW'
---------------------------------------------------------------------------------
Start RTL Component Statistics 
---------------------------------------------------------------------------------
---------------------------------------------------------------------------------
Finished RTL Component Statistics 
---------------------------------------------------------------------------------
---------------------------------------------------------------------------------
Start Part Resource Summary
---------------------------------------------------------------------------------
Part Resources:
DSPs: 220 (col length:60)
BRAMs: 280 (col length: RAMB18 60 RAMB36 30)
---------------------------------------------------------------------------------
Finished Part Resource Summary
---------------------------------------------------------------------------------
---------------------------------------------------------------------------------
Start Cross Boundary and Area Optimization
---------------------------------------------------------------------------------
WARNING: [Synth 8-7080] Parallel synthesis criteria is not met
INFO: [Synth 8-7082] The signal store_unit/buff_wdata/U_fifo_mem/mem_reg is implemented as Block RAM but is better mapped onto distributed LUT RAM for the following reason(s): The depth (4 address bits) is shallow. Please use attribute (* ram_style = "distributed" *) to instruct Vivado to infer distributed LUT RAM.
INFO: [Synth 8-5784] Optimized 36 bits of RAM "store_unit/buff_wdata/U_fifo_mem/mem_reg" due to constant propagation. Old ram width 36 bits, new ram width 0 bits.
WARNING: [Synth 8-5785] Removed RAM "store_unit/buff_wdata/U_fifo_mem/mem_reg" due to constant propagation. Write data stuck at zero 
INFO: [Synth 8-5784] Optimized 36 bits of RAM "store_unit/buff_wdata/U_fifo_mem/mem_reg" due to constant propagation. Old ram width 36 bits, new ram width 0 bits.
WARNING: [Synth 8-5785] Removed RAM "store_unit/buff_wdata/U_fifo_mem/mem_reg" due to constant propagation. Write data stuck at zero 
INFO: [Synth 8-5784] Optimized 36 bits of RAM "store_unit/buff_wdata/U_fifo_mem/mem_reg" due to constant propagation. Old ram width 36 bits, new ram width 0 bits.
WARNING: [Synth 8-5785] Removed RAM "store_unit/buff_wdata/U_fifo_mem/mem_reg" due to constant propagation. Write data stuck at zero 
INFO: [Synth 8-3332] Sequential element (ADDSUB_OP.ADDSUB/DSP.OP/DSP48E1_BODY.NORM_RND/FULL_USAGE_DSP.LOD/dist_norm_reg[1]) is unused and will be removed from module floating_point_v7_1_15_viv.
INFO: [Synth 8-3332] Sequential element (ADDSUB_OP.ADDSUB/DSP.OP/DSP48E1_BODY.NORM_RND/FULL_USAGE_DSP.LOD/dist_norm_reg[0]) is unused and will be removed from module floating_point_v7_1_15_viv.
WARNING: [Synth 8-3332] Sequential element (bus_read/rs_rreq/FSM_sequential_state_reg[1]) is unused and will be removed from module lenet_full_top_gmem3_m_axi.
WARNING: [Synth 8-3332] Sequential element (bus_read/rs_rreq/FSM_sequential_state_reg[0]) is unused and will be removed from module lenet_full_top_gmem3_m_axi.
WARNING: [Synth 8-3332] Sequential element (FSM_onehot_wstate_reg[0]) is unused and will be removed from module lenet_full_top_control_s_axi.
WARNING: [Synth 8-3332] Sequential element (FSM_onehot_rstate_reg[0]) is unused and will be removed from module lenet_full_top_control_s_axi.
WARNING: [Synth 8-3332] Sequential element (bus_write/rs_wreq/FSM_sequential_state_reg[1]) is unused and will be removed from module lenet_full_top_gmem2_m_axi.
WARNING: [Synth 8-3332] Sequential element (bus_write/rs_wreq/FSM_sequential_state_reg[0]) is unused and will be removed from module lenet_full_top_gmem2_m_axi.
WARNING: [Synth 8-3332] Sequential element (bus_write/wreq_throttle/rs_req/FSM_sequential_state_reg[1]) is unused and will be removed from module lenet_full_top_gmem2_m_axi.
WARNING: [Synth 8-3332] Sequential element (bus_write/wreq_throttle/rs_req/FSM_sequential_state_reg[0]) is unused and will be removed from module lenet_full_top_gmem2_m_axi.
WARNING: [Synth 8-3332] Sequential element (bus_write/rs_wreq/FSM_sequential_state_reg[1]) is unused and will be removed from module lenet_full_top_gmem1_m_axi.
WARNING: [Synth 8-3332] Sequential element (bus_write/rs_wreq/FSM_sequential_state_reg[0]) is unused and will be removed from module lenet_full_top_gmem1_m_axi.
WARNING: [Synth 8-3332] Sequential element (bus_write/wreq_throttle/rs_req/FSM_sequential_state_reg[1]) is unused and will be removed from module lenet_full_top_gmem1_m_axi.
WARNING: [Synth 8-3332] Sequential element (bus_write/wreq_throttle/rs_req/FSM_sequential_state_reg[0]) is unused and will be removed from module lenet_full_top_gmem1_m_axi.
WARNING: [Synth 8-3332] Sequential element (bus_write/rs_wreq/FSM_sequential_state_reg[1]) is unused and will be removed from module lenet_full_top_gmem0_m_axi.
WARNING: [Synth 8-3332] Sequential element (bus_write/rs_wreq/FSM_sequential_state_reg[0]) is unused and will be removed from module lenet_full_top_gmem0_m_axi.
WARNING: [Synth 8-3332] Sequential element (bus_write/wreq_throttle/rs_req/FSM_sequential_state_reg[1]) is unused and will be removed from module lenet_full_top_gmem0_m_axi.
WARNING: [Synth 8-3332] Sequential element (bus_write/wreq_throttle/rs_req/FSM_sequential_state_reg[0]) is unused and will be removed from module lenet_full_top_gmem0_m_axi.
---------------------------------------------------------------------------------
Finished Cross Boundary and Area Optimization : Time (s): cpu = 00:01:24 ; elapsed = 00:01:29 . Memory (MB): peak = 2442.992 ; gain = 997.949
---------------------------------------------------------------------------------
---------------------------------------------------------------------------------
Start Applying XDC Timing Constraints
---------------------------------------------------------------------------------
---------------------------------------------------------------------------------
Finished Applying XDC Timing Constraints : Time (s): cpu = 00:01:29 ; elapsed = 00:01:34 . Memory (MB): peak = 2442.992 ; gain = 997.949
---------------------------------------------------------------------------------
---------------------------------------------------------------------------------
Start Timing Optimization
---------------------------------------------------------------------------------
---------------------------------------------------------------------------------
Finished Timing Optimization : Time (s): cpu = 00:01:32 ; elapsed = 00:01:37 . Memory (MB): peak = 2451.844 ; gain = 1006.801
---------------------------------------------------------------------------------
---------------------------------------------------------------------------------
Start Technology Mapping
---------------------------------------------------------------------------------
INFO: [Synth 8-7052] The timing for the instance inst/pool1_output_U/ram0_reg_0 (implemented as a Block RAM) might be sub-optimal as no optional output register could be merged into the ram block. Providing additional output register may help in improving timing.
INFO: [Synth 8-7052] The timing for the instance inst/pool1_output_U/ram0_reg_0 (implemented as a Block RAM) might be sub-optimal as no optional output register could be merged into the ram block. Providing additional output register may help in improving timing.
INFO: [Synth 8-7052] The timing for the instance inst/pool1_output_U/ram0_reg_1 (implemented as a Block RAM) might be sub-optimal as no optional output register could be merged into the ram block. Providing additional output register may help in improving timing.
INFO: [Synth 8-7052] The timing for the instance inst/pool1_output_U/ram0_reg_1 (implemented as a Block RAM) might be sub-optimal as no optional output register could be merged into the ram block. Providing additional output register may help in improving timing.
INFO: [Synth 8-7052] The timing for the instance inst/pool2_output_U/ram0_reg (implemented as a Block RAM) might be sub-optimal as no optional output register could be merged into the ram block. Providing additional output register may help in improving timing.
INFO: [Synth 8-7052] The timing for the instance inst/pool2_output_U/ram0_reg (implemented as a Block RAM) might be sub-optimal as no optional output register could be merged into the ram block. Providing additional output register may help in improving timing.
INFO: [Synth 8-7052] The timing for the instance inst/gmem2_m_axi_U/load_unit/buff_rdata/U_fifo_mem/mem_reg (implemented as a Block RAM) might be sub-optimal as no optional output register could be merged into the ram block. Providing additional output register may help in improving timing.
INFO: [Synth 8-7052] The timing for the instance inst/gmem1_m_axi_U/load_unit/buff_rdata/U_fifo_mem/mem_reg (implemented as a Block RAM) might be sub-optimal as no optional output register could be merged into the ram block. Providing additional output register may help in improving timing.
INFO: [Synth 8-7052] The timing for the instance inst/gmem0_m_axi_U/load_unit/buff_rdata/U_fifo_mem/mem_reg (implemented as a Block RAM) might be sub-optimal as no optional output register could be merged into the ram block. Providing additional output register may help in improving timing.
---------------------------------------------------------------------------------
Finished Technology Mapping : Time (s): cpu = 00:01:38 ; elapsed = 00:01:44 . Memory (MB): peak = 2472.121 ; gain = 1027.078
---------------------------------------------------------------------------------
---------------------------------------------------------------------------------
Start IO Insertion
---------------------------------------------------------------------------------
---------------------------------------------------------------------------------
Start Flattening Before IO Insertion
---------------------------------------------------------------------------------
---------------------------------------------------------------------------------
Finished Flattening Before IO Insertion
---------------------------------------------------------------------------------
---------------------------------------------------------------------------------
Start Final Netlist Cleanup
---------------------------------------------------------------------------------
---------------------------------------------------------------------------------
Finished Final Netlist Cleanup
---------------------------------------------------------------------------------
---------------------------------------------------------------------------------
Finished IO Insertion : Time (s): cpu = 00:01:42 ; elapsed = 00:01:48 . Memory (MB): peak = 2478.820 ; gain = 1033.777
---------------------------------------------------------------------------------
---------------------------------------------------------------------------------
Start Renaming Generated Instances
---------------------------------------------------------------------------------
---------------------------------------------------------------------------------
Finished Renaming Generated Instances : Time (s): cpu = 00:01:42 ; elapsed = 00:01:48 . Memory (MB): peak = 2478.820 ; gain = 1033.777
---------------------------------------------------------------------------------
---------------------------------------------------------------------------------
Start Rebuilding User Hierarchy
---------------------------------------------------------------------------------
---------------------------------------------------------------------------------
Finished Rebuilding User Hierarchy : Time (s): cpu = 00:01:43 ; elapsed = 00:01:49 . Memory (MB): peak = 2478.820 ; gain = 1033.777
---------------------------------------------------------------------------------
---------------------------------------------------------------------------------
Start Renaming Generated Ports
---------------------------------------------------------------------------------
---------------------------------------------------------------------------------
Finished Renaming Generated Ports : Time (s): cpu = 00:01:43 ; elapsed = 00:01:49 . Memory (MB): peak = 2478.820 ; gain = 1033.777
---------------------------------------------------------------------------------
---------------------------------------------------------------------------------
Start Handling Custom Attributes
---------------------------------------------------------------------------------
---------------------------------------------------------------------------------
Finished Handling Custom Attributes : Time (s): cpu = 00:01:43 ; elapsed = 00:01:50 . Memory (MB): peak = 2478.820 ; gain = 1033.777
---------------------------------------------------------------------------------
---------------------------------------------------------------------------------
Start Renaming Generated Nets
---------------------------------------------------------------------------------
---------------------------------------------------------------------------------
Finished Renaming Generated Nets : Time (s): cpu = 00:01:43 ; elapsed = 00:01:50 . Memory (MB): peak = 2478.820 ; gain = 1033.777
---------------------------------------------------------------------------------
---------------------------------------------------------------------------------
Start Writing Synthesis Report
---------------------------------------------------------------------------------

DSP Final Report (the ' indicates corresponding REG is set)
+--------------------------------+-----------------+--------+--------+--------+--------+--------+------+------+------+------+-------+------+------+
|Module Name                     | DSP Mapping     | A Size | B Size | C Size | D Size | P Size | AREG | BREG | CREG | DREG | ADREG | MREG | PREG | 
+--------------------------------+-----------------+--------+--------+--------+--------+--------+------+------+------+------+-------+------+------+
|dsp48e1_wrapper                 | Dynamic         | -      | -      | -      | -      | 40     | -    | -    | -    | -    | 0     | 0    | 1    | 
|dsp48e1_wrapper__parameterized0 | C+A'*B'         | 24     | 16     | 35     | -      | 35     | 1    | 1    | 1    | -    | -     | 0    | 0    | 
|dsp48e1_wrapper__parameterized1 | (A*B)'          | 24     | 17     | -      | -      | 41     | 0    | 0    | -    | -    | -     | 0    | 1    | 
|dsp48e1_wrapper__parameterized2 | PCIN>>17+(A*B)' | 0      | 7      | -      | -      | 31     | 0    | 0    | -    | -    | -     | 1    | 0    | 
|dsp48e1_wrapper__parameterized3 | PCIN+A:B+C      | 22     | 0      | -      | -      | 48     | 0    | 0    | -    | -    | -     | 0    | 0    | 
+--------------------------------+-----------------+--------+--------+--------+--------+--------+------+------+------+------+-------+------+------+


Report BlackBoxes: 
+-+--------------+----------+
| |BlackBox name |Instances |
+-+--------------+----------+
+-+--------------+----------+

Report Cell Usage: 
+------+---------+------+
|      |Cell     |Count |
+------+---------+------+
|1     |CARRY4   |   524|
|2     |DSP48E1  |     5|
|7     |LUT1     |   143|
|8     |LUT2     |   579|
|9     |LUT3     |  2156|
|10    |LUT4     |  1393|
|11    |LUT5     |  1365|
|12    |LUT6     |  3564|
|13    |MUXCY    |   231|
|14    |MUXF7    |     2|
|15    |RAMB18E1 |     8|
|18    |RAMB36E1 |    33|
|24    |SRL16E   |   800|
|25    |XORCY    |    25|
|26    |FDE      |     3|
|27    |FDRE     | 12719|
|28    |FDSE     |    20|
+------+---------+------+
---------------------------------------------------------------------------------
Finished Writing Synthesis Report : Time (s): cpu = 00:01:43 ; elapsed = 00:01:50 . Memory (MB): peak = 2478.820 ; gain = 1033.777
---------------------------------------------------------------------------------
Synthesis finished with 0 errors, 0 critical warnings and 20 warnings.
Synthesis Optimization Runtime : Time (s): cpu = 00:01:25 ; elapsed = 00:01:44 . Memory (MB): peak = 2478.820 ; gain = 934.574
Synthesis Optimization Complete : Time (s): cpu = 00:01:44 ; elapsed = 00:01:50 . Memory (MB): peak = 2478.820 ; gain = 1033.777
INFO: [Project 1-571] Translating synthesized netlist
Netlist sorting complete. Time (s): cpu = 00:00:01 ; elapsed = 00:00:00.203 . Memory (MB): peak = 2478.820 ; gain = 0.000
INFO: [Netlist 29-17] Analyzing 831 Unisim elements for replacement
INFO: [Netlist 29-28] Unisim Transformation completed in 0 CPU seconds
INFO: [Project 1-570] Preparing netlist for logic optimization
INFO: [Opt 31-138] Pushed 0 inverter(s) to 0 load pin(s).
Netlist sorting complete. Time (s): cpu = 00:00:00 ; elapsed = 00:00:00.004 . Memory (MB): peak = 2496.539 ; gain = 0.000
INFO: [Project 1-111] Unisim Transformation Summary:
  A total of 68 instances were transformed.
  (MUXCY,XORCY) => CARRY4: 65 instances
  FDE => FDRE: 3 instances

Synth Design complete, checksum: 19a3b67c
INFO: [Common 17-83] Releasing license: Synthesis
298 Infos, 133 Warnings, 0 Critical Warnings and 0 Errors encountered.
synth_design completed successfully
synth_design: Time (s): cpu = 00:01:49 ; elapsed = 00:01:56 . Memory (MB): peak = 2496.539 ; gain = 1455.707
INFO: [Common 17-1381] The checkpoint 'D:/lenet_project/vivado/LeNet_Zynq_System/LeNet_Zynq_System.runs/lenet_system_lenet_full_top_0_0_synth_1/lenet_system_lenet_full_top_0_0.dcp' has been generated.
INFO: [Coretcl 2-1648] Added synthesis output to IP cache for IP lenet_system_lenet_full_top_0_0, cache-ID = dc0c2f0ea26b8092
INFO: [Coretcl 2-1174] Renamed 272 cell refs.
INFO: [Common 17-1381] The checkpoint 'D:/lenet_project/vivado/LeNet_Zynq_System/LeNet_Zynq_System.runs/lenet_system_lenet_full_top_0_0_synth_1/lenet_system_lenet_full_top_0_0.dcp' has been generated.
INFO: [runtcl-4] Executing : report_utilization -file lenet_system_lenet_full_top_0_0_utilization_synth.rpt -pb lenet_system_lenet_full_top_0_0_utilization_synth.pb
INFO: [Common 17-206] Exiting Vivado at Sun Sep  6 16:59:53 2026...
