sample_id,file_path,true_label,pred_label,correct,confidence,logit_0,logit_1,logit_2,logit_3,logit_4,logit_5,logit_6,logit_7,logit_8,logit_9,condition,parameter
0_0_01_0a5cfa52_r01c01__noise_sigma_10,./data/robustness/noise/sigma_10/normalized_32x32/0/0_0_01_0a5cfa52_r01c01__noise_sigma_10.npy,0,0,1,0.9991551623333887,8.858290672302246,-6.159515380859375,-8.542497634887695,-12.84518051147461,-9.717989921569824,-6.069721221923828,-3.6764564514160156,-1.0505033731460571,-5.415187358856201,1.7159754037857056,noise,sigma=10/255
0_0_01_0a5cfa52_r01c02__noise_sigma_10,./data/robustness/noise/sigma_10/normalized_32x32/0/0_0_01_0a5cfa52_r01c02__noise_sigma_10.npy,0,0,1,0.9999731416971791,11.477797508239746,-9.988022804260254,-5.096160888671875,-12.769262313842773,-11.33178424835205,-6.293266773223877,-3.7651877403259277,-4.6442551612854,-4.733036994934082,0.9335728287696838,noise,sigma=10/255
0_0_01_0a5cfa52_r01c03__noise_sigma_10,./data/robustness/noise/sigma_10/normalized_32x32/0/0_0_01_0a5cfa52_r01c03__noise_sigma_10.npy,0,0,1,0.9988611970307236,9.639307975769043,-9.6834135055542,1.4579355716705322,-14.080124855041504,-16.65772819519043,-7.212056636810303,-8.976515769958496,-4.808547496795654,2.5765020847320557,-2.9762027263641357,noise,sigma=10/255
0_0_01_0a5cfa52_r01c04__noise_sigma_10,./data/robustness/noise/sigma_10/normalized_32x32/0/0_0_01_0a5cfa52_r01c04__noise_sigma_10.npy,0,0,1,0.9688020967738488,5.637834548950195,-4.104310512542725,-4.7791337966918945,-9.9406099319458,-7.082252502441406,-4.554032325744629,-1.8485850095748901,-2.0063419342041016,-1.5572742223739624,2.140683174133301,noise,sigma=10/255
0_0_01_0a5cfa52_r02c01__noise_sigma_10,./data/robustness/noise/sigma_10/normalized_32x32/0/0_0_01_0a5cfa52_r02c01__noise_sigma_10.npy,0,0,1,0.9999907054225516,10.312505722045898,-6.678762435913086,-3.711249351501465,-8.786297798156738,-12.434585571289062,-2.6984639167785645,-3.649448871612549,-3.2400429248809814,-3.006897449493408,-2.6303951740264893,noise,sigma=10/255
0_0_01_0a5cfa52_r02c02__noise_sigma_10,./data/robustness/noise/sigma_10/normalized_32x32/0/0_0_01_0a5cfa52_r02c02__noise_sigma_10.npy,0,0,1,0.9809838527666213,5.591192245483398,-9.628219604492188,-1.3107447624206543,-4.458042621612549,-7.6480865478515625,-3.3932697772979736,-1.0733067989349365,-7.505587577819824,1.4588598012924194,-1.4381746053695679,noise,sigma=10/255
0_0_01_0a5cfa52_r02c03__noise_sigma_10,./data/robustness/noise/sigma_10/normalized_32x32/0/0_0_01_0a5cfa52_r02c03__noise_sigma_10.npy,0,0,1,0.9989248456964717,8.102505683898926,-10.210123062133789,-1.4603891372680664,-10.312490463256836,-11.118490219116211,-6.289158344268799,-4.947484016418457,-5.473858833312988,-1.732905626296997,1.1418685913085938,noise,sigma=10/255
0_0_01_0a5cfa52_r02c04__noise_sigma_10,./data/robustness/noise/sigma_10/normalized_32x32/0/0_0_01_0a5cfa52_r02c04__noise_sigma_10.npy,0,0,1,0.9979989230295666,7.795649528503418,-6.362466335296631,-1.8482639789581299,-10.986802101135254,-10.674640655517578,-5.5250043869018555,-4.397428512573242,-3.9835691452026367,0.29882556200027466,1.2029476165771484,noise,sigma=10/255
0_0_01_0a5cfa52_r03c01__noise_sigma_10,./data/robustness/noise/sigma_10/normalized_32x32/0/0_0_01_0a5cfa52_r03c01__noise_sigma_10.npy,0,0,1,0.9999973571823223,12.905619621276855,-7.6680684089660645,-13.713579177856445,-14.361979484558105,-14.769610404968262,-4.297204971313477,-1.9590247869491577,-0.811345100402832,-10.981525421142578,-0.7666475772857666,noise,sigma=10/255
0_0_01_0a5cfa52_r03c02__noise_sigma_10,./data/robustness/noise/sigma_10/normalized_32x32/0/0_0_01_0a5cfa52_r03c02__noise_sigma_10.npy,0,0,1,0.999999823527182,14.430289268493652,-8.363706588745117,-7.886503219604492,-15.881999015808105,-14.655608177185059,-6.861579895019531,-4.721766471862793,-3.379114866256714,-5.305673122406006,-1.2846596240997314,noise,sigma=10/255
0_0_01_0a5cfa52_r03c03__noise_sigma_10,./data/robustness/noise/sigma_10/normalized_32x32/0/0_0_01_0a5cfa52_r03c03__noise_sigma_10.npy,0,0,1,0.9999858992127623,11.20600414276123,-6.861920356750488,-8.20646858215332,-10.27538013458252,-8.633888244628906,-2.2850613594055176,-0.13307707011699677,-3.6722726821899414,-5.157018661499023,-3.5918848514556885,noise,sigma=10/255
0_0_01_0a5cfa52_r03c04__noise_sigma_10,./data/robustness/noise/sigma_10/normalized_32x32/0/0_0_01_0a5cfa52_r03c04__noise_sigma_10.npy,0,0,1,0.9999846937581309,12.152545928955078,-8.603941917419434,-13.135705947875977,-13.93643569946289,-13.622851371765137,-5.70856237411499,-2.824942111968994,-0.1207648441195488,-10.562498092651367,0.6691911220550537,noise,sigma=10/255
0_0_01_0a5cfa52_r04c01__noise_sigma_10,./data/robustness/noise/sigma_10/normalized_32x32/0/0_0_01_0a5cfa52_r04c01__noise_sigma_10.npy,0,0,1,0.9999537537666189,9.065352439880371,-5.294194221496582,-4.6238508224487305,-9.243020057678223,-6.207704067230225,-3.390162229537964,-2.070523738861084,-2.1467654705047607,-3.4818029403686523,-2.581228733062744,noise,sigma=10/255
0_0_01_0a5cfa52_r04c02__noise_sigma_10,./data/robustness/noise/sigma_10/normalized_32x32/0/0_0_01_0a5cfa52_r04c02__noise_sigma_10.npy,0,0,1,0.9999576252212877,10.955267906188965,-5.919207572937012,-11.479198455810547,-12.863249778747559,-11.078317642211914,-5.717733860015869,-1.984332799911499,-2.552915573120117,-6.539336204528809,0.790042519569397,noise,sigma=10/255
0_0_01_0a5cfa52_r04c03__noise_sigma_10,./data/robustness/noise/sigma_10/normalized_32x32/0/0_0_01_0a5cfa52_r04c03__noise_sigma_10.npy,0,0,1,0.9983269725990087,6.426187038421631,-5.2634596824646,-2.108367443084717,-7.287837028503418,-5.1829376220703125,-3.7836592197418213,-3.9414010047912598,-1.2426141500473022,-6.007788181304932,-0.5635335445404053,noise,sigma=10/255
0_0_01_0a5cfa52_r04c04__noise_sigma_10,./data/robustness/noise/sigma_10/normalized_32x32/0/0_0_01_0a5cfa52_r04c04__noise_sigma_10.npy,0,0,1,0.9990346164211156,7.20097541809082,-3.774707078933716,-5.168060302734375,-6.839969158172607,-5.864083766937256,-0.30580300092697144,-2.255418062210083,-3.727121591567993,-1.8133983612060547,-1.4502758979797363,noise,sigma=10/255
0_0_02_0ab8b1e5_r01c01__noise_sigma_10,./data/robustness/noise/sigma_10/normalized_32x32/0/0_0_02_0ab8b1e5_r01c01__noise_sigma_10.npy,0,0,1,0.9993109072079259,8.018132209777832,-5.308468818664551,-6.582701206207275,-9.093134880065918,-9.297816276550293,-2.9189984798431396,-0.9177309274673462,-3.1907923221588135,-2.5195107460021973,0.4131668508052826,noise,sigma=10/255
0_0_02_0ab8b1e5_r01c02__noise_sigma_10,./data/robustness/noise/sigma_10/normalized_32x32/0/0_0_02_0ab8b1e5_r01c02__noise_sigma_10.npy,0,0,1,0.9999380630459846,10.530637741088867,-8.702921867370605,-8.075448036193848,-11.945727348327637,-13.32454776763916,-5.453103542327881,-3.489940643310547,-2.5964858531951904,-3.7146787643432617,0.7817188501358032,noise,sigma=10/255
0_0_02_0ab8b1e5_r01c03__noise_sigma_10,./data/robustness/noise/sigma_10/normalized_32x32/0/0_0_02_0ab8b1e5_r01c03__noise_sigma_10.npy,0,0,1,0.9997940254264123,9.955559730529785,-7.97684383392334,-9.14019775390625,-11.625458717346191,-11.590059280395508,-5.304854393005371,-2.015780448913574,-3.1209182739257812,-3.0168209075927734,1.4131441116333008,noise,sigma=10/255
0_0_02_0ab8b1e5_r01c04__noise_sigma_10,./data/robustness/noise/sigma_10/normalized_32x32/0/0_0_02_0ab8b1e5_r01c04__noise_sigma_10.npy,0,0,1,0.9999916904146103,12.428752899169922,-12.595531463623047,-7.266688823699951,-12.804153442382812,-9.996941566467285,-6.938565731048584,-2.723421812057495,-5.107166290283203,-4.186556816101074,0.6870436668395996,noise,sigma=10/255
0_0_02_0ab8b1e5_r02c01__noise_sigma_10,./data/robustness/noise/sigma_10/normalized_32x32/0/0_0_02_0ab8b1e5_r02c01__noise_sigma_10.npy,0,0,1,0.9999905720290293,12.607033729553223,-7.1331915855407715,-10.101150512695312,-15.17712116241455,-11.573580741882324,-6.927029609680176,-1.2591480016708374,-4.421782970428467,-3.3507168292999268,0.9094311594963074,noise,sigma=10/255
0_0_02_0ab8b1e5_r02c02__noise_sigma_10,./data/robustness/noise/sigma_10/normalized_32x32/0/0_0_02_0ab8b1e5_r02c02__noise_sigma_10.npy,0,0,1,0.99995839495852,11.511299133300781,-9.120758056640625,-5.697248458862305,-14.42834186553955,-13.083197593688965,-7.842235088348389,-3.5234296321868896,-5.586114406585693,-0.7820073366165161,1.297277808189392,noise,sigma=10/255
0_0_02_0ab8b1e5_r02c03__noise_sigma_10,./data/robustness/noise/sigma_10/normalized_32x32/0/0_0_02_0ab8b1e5_r02c03__noise_sigma_10.npy,0,0,1,0.9998673503542338,10.54238224029541,-10.08435344696045,-3.6420845985412598,-12.11596393585205,-12.328073501586914,-6.482967853546143,-3.663865566253662,-6.313139915466309,-1.7548387050628662,1.5682616233825684,noise,sigma=10/255
0_0_02_0ab8b1e5_r02c04__noise_sigma_10,./data/robustness/noise/sigma_10/normalized_32x32/0/0_0_02_0ab8b1e5_r02c04__noise_sigma_10.npy,0,0,1,0.9944229939411741,8.057697296142578,-9.366793632507324,-2.122677803039551,-12.321017265319824,-11.606599807739258,-6.839114665985107,-4.457047939300537,-5.747857093811035,-0.6088877320289612,2.8350582122802734,noise,sigma=10/255
0_0_02_0ab8b1e5_r03c01__noise_sigma_10,./data/robustness/noise/sigma_10/normalized_32x32/0/0_0_02_0ab8b1e5_r03c01__noise_sigma_10.npy,0,0,1,0.9998479641869485,8.78335189819336,-6.893015384674072,-8.940759658813477,-8.219735145568848,-8.056520462036133,-3.4151949882507324,-1.0380005836486816,-0.9064278602600098,-6.577393054962158,-1.6193861961364746,noise,sigma=10/255
0_0_02_0ab8b1e5_r03c02__noise_sigma_10,./data/robustness/noise/sigma_10/normalized_32x32/0/0_0_02_0ab8b1e5_r03c02__noise_sigma_10.npy,0,0,1,0.9999946230086529,13.860136985778809,-8.932133674621582,-16.350561141967773,-15.993206977844238,-13.612545013427734,-7.160699367523193,-2.877894639968872,-1.5329639911651611,-10.310378074645996,1.6769696474075317,noise,sigma=10/255
0_0_02_0ab8b1e5_r03c03__noise_sigma_10,./data/robustness/noise/sigma_10/normalized_32x32/0/0_0_02_0ab8b1e5_r03c03__noise_sigma_10.npy,0,0,1,0.9999999941230402,17.13896942138672,-10.462108612060547,-12.83065414428711,-13.632977485656738,-12.843805313110352,-5.124067306518555,-2.02203369140625,-4.439368724822998,-8.819272994995117,-4.358471870422363,noise,sigma=10/255
0_0_02_0ab8b1e5_r03c04__noise_sigma_10,./data/robustness/noise/sigma_10/normalized_32x32/0/0_0_02_0ab8b1e5_r03c04__noise_sigma_10.npy,0,0,1,0.9976664298799547,6.907231330871582,-6.9115705490112305,-7.688789367675781,-7.14254093170166,-7.187136173248291,-2.8469369411468506,-0.41439947485923767,-2.915428400039673,-5.059817314147949,0.44180721044540405,noise,sigma=10/255
0_0_02_0ab8b1e5_r04c01__noise_sigma_10,./data/robustness/noise/sigma_10/normalized_32x32/0/0_0_02_0ab8b1e5_r04c01__noise_sigma_10.npy,0,0,1,0.9999997606072633,14.513489723205566,-7.352566242218018,-14.197239875793457,-13.790122032165527,-14.223918914794922,-5.117407321929932,-1.4292476177215576,-3.1551601886749268,-8.386336326599121,-1.6496286392211914,noise,sigma=10/255
0_0_02_0ab8b1e5_r04c02__noise_sigma_10,./data/robustness/noise/sigma_10/normalized_32x32/0/0_0_02_0ab8b1e5_r04c02__noise_sigma_10.npy,0,0,1,0.9999985178292999,13.839508056640625,-9.900506973266602,-16.18192481994629,-13.055536270141602,-10.183847427368164,-5.2255072593688965,0.026051059365272522,-3.4184091091156006,-9.956528663635254,-0.7907633781433105,noise,sigma=10/255
0_0_02_0ab8b1e5_r04c03__noise_sigma_10,./data/robustness/noise/sigma_10/normalized_32x32/0/0_0_02_0ab8b1e5_r04c03__noise_sigma_10.npy,0,0,1,0.9999983218844631,12.945323944091797,-7.15997838973999,-11.46390151977539,-13.283991813659668,-9.755617141723633,-4.9478230476379395,-1.5751574039459229,-2.504287004470825,-6.503478527069092,-0.9044462442398071,noise,sigma=10/255
0_0_02_0ab8b1e5_r04c04__noise_sigma_10,./data/robustness/noise/sigma_10/normalized_32x32/0/0_0_02_0ab8b1e5_r04c04__noise_sigma_10.npy,0,0,1,0.9999895986879824,12.989316940307617,-11.485295295715332,-8.629589080810547,-14.404675483703613,-11.18468189239502,-7.5409040451049805,-3.981637716293335,-4.748020172119141,-7.643318176269531,1.5094609260559082,noise,sigma=10/255
1_1_01_19f74917_r01c01__noise_sigma_10,./data/robustness/noise/sigma_10/normalized_32x32/1/1_1_01_19f74917_r01c01__noise_sigma_10.npy,1,1,1,0.9890795413965523,-2.907090425491333,5.230381011962891,-2.267632484436035,-6.525491714477539,-2.3856210708618164,-0.4543958008289337,-0.2901902198791504,-1.760214924812317,-1.3731763362884521,-5.738180637359619,noise,sigma=10/255
1_1_01_19f74917_r01c02__noise_sigma_10,./data/robustness/noise/sigma_10/normalized_32x32/1/1_1_01_19f74917_r01c02__noise_sigma_10.npy,1,1,1,0.9987394530802263,-3.970055341720581,6.909043312072754,-2.9303367137908936,-6.886824131011963,-3.157953977584839,-0.4950735867023468,-1.629289150238037,-1.3107342720031738,-2.6316442489624023,-7.1279215812683105,noise,sigma=10/255
1_1_01_19f74917_r01c03__noise_sigma_10,./data/robustness/noise/sigma_10/normalized_32x32/1/1_1_01_19f74917_r01c03__noise_sigma_10.npy,1,1,1,0.9999962522684515,-6.706282138824463,11.619847297668457,-4.69853401184082,-11.409818649291992,-3.0335693359375,-1.4360789060592651,-3.037519931793213,-2.716674566268921,-5.012330055236816,-10.891602516174316,noise,sigma=10/255
1_1_01_19f74917_r01c04__noise_sigma_10,./data/robustness/noise/sigma_10/normalized_32x32/1/1_1_01_19f74917_r01c04__noise_sigma_10.npy,1,1,1,0.9999905392218703,-7.125881671905518,11.318434715270996,-5.497875213623047,-12.909271240234375,-2.470283269882202,-1.718141794204712,-0.8574264049530029,-4.220307350158691,-2.644314765930176,-11.90342903137207,noise,sigma=10/255
1_1_01_19f74917_r02c01__noise_sigma_10,./data/robustness/noise/sigma_10/normalized_32x32/1/1_1_01_19f74917_r02c01__noise_sigma_10.npy,1,1,1,0.9999225857355255,-7.629599571228027,10.244213104248047,-4.172365188598633,-8.08343505859375,-7.816629409790039,-2.4901795387268066,-8.046348571777344,0.7286005020141602,-5.895102024078369,-6.098140716552734,noise,sigma=10/255
1_1_01_19f74917_r02c02__noise_sigma_10,./data/robustness/noise/sigma_10/normalized_32x32/1/1_1_01_19f74917_r02c02__noise_sigma_10.npy,1,1,1,0.9996823742867146,-4.803031921386719,8.145180702209473,-5.267553329467773,-9.858890533447266,-3.333700180053711,-0.9074690937995911,-2.7326736450195312,-0.9349173307418823,-1.6916292905807495,-7.391894340515137,noise,sigma=10/255
1_1_01_19f74917_r02c03__noise_sigma_10,./data/robustness/noise/sigma_10/normalized_32x32/1/1_1_01_19f74917_r02c03__noise_sigma_10.npy,1,1,1,0.9997530968630635,-3.9390132427215576,8.427133560180664,-5.0307440757751465,-8.948294639587402,-2.858792543411255,-1.1728047132492065,-2.083287000656128,-0.6155006289482117,-2.65777587890625,-7.576649188995361,noise,sigma=10/255
1_1_01_19f74917_r02c04__noise_sigma_10,./data/robustness/noise/sigma_10/normalized_32x32/1/1_1_01_19f74917_r02c04__noise_sigma_10.npy,1,1,1,0.9999932785107868,-8.056208610534668,11.647451400756836,-8.075201988220215,-12.562878608703613,-1.6601765155792236,-1.2608946561813354,-1.4238746166229248,-3.775508403778076,-3.4714033603668213,-10.635662078857422,noise,sigma=10/255
1_1_01_19f74917_r03c01__noise_sigma_10,./data/robustness/noise/sigma_10/normalized_32x32/1/1_1_01_19f74917_r03c01__noise_sigma_10.npy,1,1,1,0.9991698969763537,-4.35481071472168,7.632497787475586,-5.467170715332031,-8.62844181060791,-0.014114022254943848,-0.8650869131088257,-2.552570104598999,-2.093229293823242,-2.484400749206543,-5.0946149826049805,noise,sigma=10/255
1_1_01_19f74917_r03c02__noise_sigma_10,./data/robustness/noise/sigma_10/normalized_32x32/1/1_1_01_19f74917_r03c02__noise_sigma_10.npy,1,1,1,0.998540235433546,-3.763934373855591,6.747117042541504,-3.0246615409851074,-6.811678409576416,-1.7530462741851807,-0.6699663400650024,-2.616201639175415,-1.0638232231140137,-2.7123546600341797,-5.9833478927612305,noise,sigma=10/255
1_1_01_19f74917_r03c03__noise_sigma_10,./data/robustness/noise/sigma_10/normalized_32x32/1/1_1_01_19f74917_r03c03__noise_sigma_10.npy,1,1,1,0.9998986017107842,-9.94955825805664,10.594484329223633,1.352530837059021,-9.877113342285156,-3.5417535305023193,-3.801351547241211,-5.085097789764404,-2.1053779125213623,-6.877774238586426,-11.667206764221191,noise,sigma=10/255
1_1_01_19f74917_r03c04__noise_sigma_10,./data/robustness/noise/sigma_10/normalized_32x32/1/1_1_01_19f74917_r03c04__noise_sigma_10.npy,1,1,1,0.9999841552227648,-4.422311305999756,10.47952938079834,-5.162961959838867,-9.903547286987305,-4.975301742553711,-1.1228406429290771,-4.568746566772461,-1.6135631799697876,-5.5212812423706055,-8.676627159118652,noise,sigma=10/255
1_1_01_19f74917_r04c01__noise_sigma_10,./data/robustness/noise/sigma_10/normalized_32x32/1/1_1_01_19f74917_r04c01__noise_sigma_10.npy,1,1,1,0.9998237965806734,-4.907398700714111,8.942832946777344,-6.355218410491943,-10.060853958129883,-1.0994594097137451,-0.6225479245185852,-2.8717026710510254,-1.0795130729675293,-2.620547294616699,-7.168790340423584,noise,sigma=10/255
1_1_01_19f74917_r04c02__noise_sigma_10,./data/robustness/noise/sigma_10/normalized_32x32/1/1_1_01_19f74917_r04c02__noise_sigma_10.npy,1,1,1,0.9998821214825976,-4.872778415679932,9.16602897644043,-5.94295072555542,-9.85875129699707,-1.4734644889831543,-0.7874195575714111,-2.9439797401428223,-1.134055733680725,-2.8419837951660156,-7.327655792236328,noise,sigma=10/255
1_1_01_19f74917_r04c03__noise_sigma_10,./data/robustness/noise/sigma_10/normalized_32x32/1/1_1_01_19f74917_r04c03__noise_sigma_10.npy,1,1,1,0.9993436849293212,-4.2370476722717285,7.891621112823486,-5.855416774749756,-8.377678871154785,-1.621785283088684,-0.29367414116859436,-2.6636011600494385,-0.4101801812648773,-2.8044023513793945,-6.088380813598633,noise,sigma=10/255
1_1_01_19f74917_r04c04__noise_sigma_10,./data/robustness/noise/sigma_10/normalized_32x32/1/1_1_01_19f74917_r04c04__noise_sigma_10.npy,1,1,1,0.9998926970781414,-3.6738028526306152,9.059170722961426,-3.3898377418518066,-8.838550567626953,-5.292135238647461,-1.8239917755126953,-4.126276969909668,-0.4065549075603485,-4.23065185546875,-8.08652400970459,noise,sigma=10/255
1_1_02_4cdb4850_r01c01__noise_sigma_10,./data/robustness/noise/sigma_10/normalized_32x32/1/1_1_02_4cdb4850_r01c01__noise_sigma_10.npy,1,1,1,0.9995733856160454,-5.4091081619262695,8.186604499816895,-3.498831272125244,-9.746289253234863,-2.584726333618164,-0.4464864432811737,-0.3998875617980957,-3.479442834854126,-2.502014398574829,-9.541098594665527,noise,sigma=10/255
1_1_02_4cdb4850_r01c02__noise_sigma_10,./data/robustness/noise/sigma_10/normalized_32x32/1/1_1_02_4cdb4850_r01c02__noise_sigma_10.npy,1,1,1,0.9986959206817347,-6.516425132751465,6.930365562438965,-1.3482086658477783,-7.484195709228516,-3.4552502632141113,-0.5962425470352173,-0.883446216583252,-2.642096519470215,-4.984332084655762,-10.500855445861816,noise,sigma=10/255
1_1_02_4cdb4850_r01c03__noise_sigma_10,./data/robustness/noise/sigma_10/normalized_32x32/1/1_1_02_4cdb4850_r01c03__noise_sigma_10.npy,1,1,1,0.9996327374622813,-4.915505409240723,7.9290452003479,-3.816878318786621,-8.447393417358398,-4.3867292404174805,-0.47681698203086853,-3.2280778884887695,-1.3472696542739868,-2.856616497039795,-7.839106559753418,noise,sigma=10/255
1_1_02_4cdb4850_r01c04__noise_sigma_10,./data/robustness/noise/sigma_10/normalized_32x32/1/1_1_02_4cdb4850_r01c04__noise_sigma_10.npy,1,1,1,0.9999346691306249,-4.343392848968506,9.219080924987793,-5.356081962585449,-11.050406455993652,-3.107971429824829,-0.9581282734870911,-3.9672226905822754,-2.1593830585479736,-2.54667067527771,-7.840628147125244,noise,sigma=10/255
1_1_02_4cdb4850_r02c01__noise_sigma_10,./data/robustness/noise/sigma_10/normalized_32x32/1/1_1_02_4cdb4850_r02c01__noise_sigma_10.npy,1,1,1,0.9999907585472259,-5.5614423751831055,10.371655464172363,-4.089250564575195,-9.867903709411621,-3.255229949951172,-2.65309739112854,-3.9282660484313965,-2.0594778060913086,-4.006862640380859,-8.827312469482422,noise,sigma=10/255
1_1_02_4cdb4850_r02c02__noise_sigma_10,./data/robustness/noise/sigma_10/normalized_32x32/1/1_1_02_4cdb4850_r02c02__noise_sigma_10.npy,1,1,1,0.9999863246511194,-6.15703010559082,11.01452922821045,-7.572189807891846,-11.134807586669922,-2.0173888206481934,-0.9144585728645325,-2.6691057682037354,-1.6191953420639038,-3.618976354598999,-8.383169174194336,noise,sigma=10/255
1_1_02_4cdb4850_r02c03__noise_sigma_10,./data/robustness/noise/sigma_10/normalized_32x32/1/1_1_02_4cdb4850_r02c03__noise_sigma_10.npy,1,1,1,0.9972399285543531,-11.5066556930542,8.883625030517578,-0.4213312864303589,-4.8566107749938965,-5.420202732086182,-5.963103771209717,-10.725566864013672,2.9596691131591797,-8.423982620239258,-7.80930757522583,noise,sigma=10/255
1_1_02_4cdb4850_r02c04__noise_sigma_10,./data/robustness/noise/sigma_10/normalized_32x32/1/1_1_02_4cdb4850_r02c04__noise_sigma_10.npy,1,1,1,0.9949828417376358,-2.9569032192230225,6.223020553588867,-4.273989677429199,-7.845297336578369,-2.9667410850524902,-0.07796059548854828,0.12663422524929047,-1.9632892608642578,-1.5027202367782593,-6.299587249755859,noise,sigma=10/255
1_1_02_4cdb4850_r03c01__noise_sigma_10,./data/robustness/noise/sigma_10/normalized_32x32/1/1_1_02_4cdb4850_r03c01__noise_sigma_10.npy,1,1,1,0.9999959277059793,-6.764865398406982,11.646807670593262,-5.0462541580200195,-11.259202003479004,-3.525204658508301,-1.3131479024887085,-2.54484486579895,-2.6415865421295166,-4.624570369720459,-11.390129089355469,noise,sigma=10/255
1_1_02_4cdb4850_r03c02__noise_sigma_10,./data/robustness/noise/sigma_10/normalized_32x32/1/1_1_02_4cdb4850_r03c02__noise_sigma_10.npy,1,1,1,0.9999698735571972,-3.9549641609191895,9.676949501037598,-3.269174098968506,-10.064177513122559,-5.098927021026611,-1.7927592992782593,-3.6259231567382812,-1.5577319860458374,-4.323953151702881,-9.48719596862793,noise,sigma=10/255
1_1_02_4cdb4850_r03c03__noise_sigma_10,./data/robustness/noise/sigma_10/normalized_32x32/1/1_1_02_4cdb4850_r03c03__noise_sigma_10.npy,1,1,1,0.9996539481818454,-3.263068675994873,7.617283344268799,-1.7062270641326904,-8.413864135742188,-3.784106969833374,-1.11098051071167,-4.175173759460449,-2.2768869400024414,-4.342648983001709,-7.1397175788879395,noise,sigma=10/255
1_1_02_4cdb4850_r03c04__noise_sigma_10,./data/robustness/noise/sigma_10/normalized_32x32/1/1_1_02_4cdb4850_r03c04__noise_sigma_10.npy,1,1,1,0.9951676180833715,-2.922926187515259,5.6939167976379395,-0.36560767889022827,-6.376367092132568,-2.309821128845215,-1.037389874458313,-3.239763021469116,-1.7746727466583252,-3.587575912475586,-5.75535774230957,noise,sigma=10/255
1_1_02_4cdb4850_r04c01__noise_sigma_10,./data/robustness/noise/sigma_10/normalized_32x32/1/1_1_02_4cdb4850_r04c01__noise_sigma_10.npy,1,1,1,0.9999991077310836,-8.217387199401855,13.76357650756836,-9.703357696533203,-15.507080078125,-0.6493498086929321,-2.153893232345581,-4.423948287963867,-1.7093937397003174,-4.177473545074463,-9.630016326904297,noise,sigma=10/255
1_1_02_4cdb4850_r04c02__noise_sigma_10,./data/robustness/noise/sigma_10/normalized_32x32/1/1_1_02_4cdb4850_r04c02__noise_sigma_10.npy,1,1,1,0.9999392514577079,-5.230892181396484,9.842594146728516,-7.176045894622803,-11.838605880737305,-1.0301451683044434,-1.4549686908721924,-3.7775626182556152,-0.9331536293029785,-2.041686534881592,-7.154596328735352,noise,sigma=10/255
1_1_02_4cdb4850_r04c03__noise_sigma_10,./data/robustness/noise/sigma_10/normalized_32x32/1/1_1_02_4cdb4850_r04c03__noise_sigma_10.npy,1,1,1,0.999918089866346,-4.984895706176758,9.620443344116211,-6.933413982391357,-10.349396705627441,-1.6787452697753906,-0.7305006980895996,-3.479266405105591,-0.793090283870697,-2.6016318798065186,-6.996771335601807,noise,sigma=10/255
1_1_02_4cdb4850_r04c04__noise_sigma_10,./data/robustness/noise/sigma_10/normalized_32x32/1/1_1_02_4cdb4850_r04c04__noise_sigma_10.npy,1,1,1,0.9994542355727956,-3.9926161766052246,7.810004234313965,-4.401046276092529,-8.410308837890625,-0.9925440549850464,-0.3758234977722168,-2.127659797668457,-2.3841919898986816,-3.100140333175659,-6.499436378479004,noise,sigma=10/255
2_2_01_2e3151dd_r01c01__noise_sigma_10,./data/robustness/noise/sigma_10/normalized_32x32/2/2_2_01_2e3151dd_r01c01__noise_sigma_10.npy,2,2,1,0.9999995526913541,-9.187085151672363,-6.063760757446289,14.90157699584961,-5.172173023223877,-7.609646320343018,-9.266794204711914,-11.043432235717773,0.27494892477989197,-10.555667877197266,-15.217294692993164,noise,sigma=10/255
2_2_01_2e3151dd_r01c02__noise_sigma_10,./data/robustness/noise/sigma_10/normalized_32x32/2/2_2_01_2e3151dd_r01c02__noise_sigma_10.npy,2,2,1,0.9999825141470361,-3.468815326690674,-7.602996826171875,11.868782997131348,-5.661727428436279,-5.8599982261657715,-6.4845476150512695,-10.618794441223145,-0.7428853511810303,0.6834462881088257,-10.90368366241455,noise,sigma=10/255
2_2_01_2e3151dd_r01c03__noise_sigma_10,./data/robustness/noise/sigma_10/normalized_32x32/2/2_2_01_2e3151dd_r01c03__noise_sigma_10.npy,2,2,1,0.9999996123755345,-8.132594108581543,-8.543790817260742,16.16300392150879,-5.637686252593994,-8.828299522399902,-10.99130630493164,-13.28981876373291,1.398728609085083,-10.530313491821289,-14.288092613220215,noise,sigma=10/255
2_2_01_2e3151dd_r01c04__noise_sigma_10,./data/robustness/noise/sigma_10/normalized_32x32/2/2_2_01_2e3151dd_r01c04__noise_sigma_10.npy,2,2,1,0.9999988653715868,-9.370955467224121,-6.488714218139648,16.504940032958984,-6.860159873962402,-9.182272911071777,-12.62176513671875,-14.344900131225586,2.815556287765503,-8.347695350646973,-14.074894905090332,noise,sigma=10/255
2_2_01_2e3151dd_r02c01__noise_sigma_10,./data/robustness/noise/sigma_10/normalized_32x32/2/2_2_01_2e3151dd_r02c01__noise_sigma_10.npy,2,2,1,0.9981364168073749,-3.0272178649902344,-1.6119388341903687,9.39743423461914,-9.96052360534668,-4.405261039733887,-5.731830596923828,-11.608762741088867,3.096977472305298,-6.199307918548584,-2.1586687564849854,noise,sigma=10/255
2_2_01_2e3151dd_r02c02__noise_sigma_10,./data/robustness/noise/sigma_10/normalized_32x32/2/2_2_01_2e3151dd_r02c02__noise_sigma_10.npy,2,2,1,0.9999445992748236,-2.789940118789673,-4.259916305541992,9.389686584472656,-8.261612892150879,-0.9048919677734375,-5.516641616821289,-9.930768013000488,-2.1022932529449463,-6.274878025054932,-2.9122886657714844,noise,sigma=10/255
2_2_01_2e3151dd_r02c03__noise_sigma_10,./data/robustness/noise/sigma_10/normalized_32x32/2/2_2_01_2e3151dd_r02c03__noise_sigma_10.npy,2,2,1,0.9999985285522577,-10.865239143371582,-6.2078752517700195,15.113755226135254,-3.7362232208251953,-9.057412147521973,-12.6911039352417,-17.405855178833008,1.6796337366104126,-8.979297637939453,-12.470760345458984,noise,sigma=10/255
2_2_01_2e3151dd_r02c04__noise_sigma_10,./data/robustness/noise/sigma_10/normalized_32x32/2/2_2_01_2e3151dd_r02c04__noise_sigma_10.npy,2,2,1,0.9999999927878351,-10.63058090209961,-10.261781692504883,19.57835578918457,-4.919796943664551,-12.39268970489502,-14.43350887298584,-15.96843147277832,0.8276393413543701,-11.187560081481934,-17.028749465942383,noise,sigma=10/255
2_2_01_2e3151dd_r03c01__noise_sigma_10,./data/robustness/noise/sigma_10/normalized_32x32/2/2_2_01_2e3151dd_r03c01__noise_sigma_10.npy,2,2,1,0.9999995925656308,-11.240845680236816,-3.7850801944732666,14.862442970275879,-5.22343111038208,-6.841406345367432,-11.655428886413574,-11.063399314880371,0.12352758646011353,-9.792478561401367,-14.316385269165039,noise,sigma=10/255
2_2_01_2e3151dd_r03c02__noise_sigma_10,./data/robustness/noise/sigma_10/normalized_32x32/2/2_2_01_2e3151dd_r03c02__noise_sigma_10.npy,2,2,1,0.9999961778254184,-9.837708473205566,-3.509019613265991,15.192377090454102,-7.751143455505371,-7.979855537414551,-12.922186851501465,-16.659013748168945,2.7154271602630615,-5.663955211639404,-11.823802947998047,noise,sigma=10/255
2_2_01_2e3151dd_r03c03__noise_sigma_10,./data/robustness/noise/sigma_10/normalized_32x32/2/2_2_01_2e3151dd_r03c03__noise_sigma_10.npy,2,2,1,0.9999971514060592,-11.709208488464355,-3.058067798614502,14.137701034545898,-4.625333786010742,-6.7641496658325195,-11.941534042358398,-11.611078262329102,1.354156732559204,-10.117521286010742,-13.975634574890137,noise,sigma=10/255
2_2_01_2e3151dd_r03c04__noise_sigma_10,./data/robustness/noise/sigma_10/normalized_32x32/2/2_2_01_2e3151dd_r03c04__noise_sigma_10.npy,2,2,1,0.9999999735256624,-9.159926414489746,-6.642607688903809,17.049039840698242,-4.693598747253418,-8.6383695602417,-8.825170516967773,-13.363030433654785,-0.41542407870292664,-7.300523281097412,-12.272133827209473,noise,sigma=10/255
2_2_01_2e3151dd_r04c01__noise_sigma_10,./data/robustness/noise/sigma_10/normalized_32x32/2/2_2_01_2e3151dd_r04c01__noise_sigma_10.npy,2,2,1,0.9999999999575828,-12.536054611206055,-4.970693588256836,21.53554916381836,-10.889760971069336,-10.483109474182129,-11.3967924118042,-15.655067443847656,-2.423987865447998,-14.16988468170166,-19.24518585205078,noise,sigma=10/255
2_2_01_2e3151dd_r04c02__noise_sigma_10,./data/robustness/noise/sigma_10/normalized_32x32/2/2_2_01_2e3151dd_r04c02__noise_sigma_10.npy,2,2,1,0.9999966272901691,-13.564278602600098,-6.9618682861328125,16.78891944885254,-3.6238596439361572,-9.503755569458008,-14.524088859558105,-18.24794578552246,4.188708305358887,-10.545427322387695,-13.12603759765625,noise,sigma=10/255
2_2_01_2e3151dd_r04c03__noise_sigma_10,./data/robustness/noise/sigma_10/normalized_32x32/2/2_2_01_2e3151dd_r04c03__noise_sigma_10.npy,2,2,1,0.9999902688440127,-8.669557571411133,-6.446981906890869,12.53335189819336,-2.310816764831543,-6.8299431800842285,-8.698583602905273,-11.67117977142334,0.9543980360031128,-7.730165481567383,-9.474991798400879,noise,sigma=10/255
2_2_01_2e3151dd_r04c04__noise_sigma_10,./data/robustness/noise/sigma_10/normalized_32x32/2/2_2_01_2e3151dd_r04c04__noise_sigma_10.npy,2,3,0,0.9885953404342809,-7.471912384033203,-5.079270362854004,2.7907209396362305,7.303948879241943,-4.716001510620117,-3.0433719158172607,-10.979269027709961,-1.975357174873352,-0.4383699893951416,-5.371319770812988,noise,sigma=10/255
2_2_02_cbfae05c_r01c01__noise_sigma_10,./data/robustness/noise/sigma_10/normalized_32x32/2/2_2_02_cbfae05c_r01c01__noise_sigma_10.npy,2,2,1,0.9999999975518925,-8.307087898254395,-9.407876968383789,17.61039161682129,-6.238859176635742,-9.415142059326172,-10.882772445678711,-11.773892402648926,-2.2401793003082275,-9.983379364013672,-16.225692749023438,noise,sigma=10/255
2_2_02_cbfae05c_r01c02__noise_sigma_10,./data/robustness/noise/sigma_10/normalized_32x32/2/2_2_02_cbfae05c_r01c02__noise_sigma_10.npy,2,2,1,0.9999994428962389,-8.047557830810547,-6.58413553237915,14.97221851348877,-5.196451187133789,-7.938958644866943,-10.852273941040039,-15.61578369140625,0.5672327280044556,-8.248046875,-10.502464294433594,noise,sigma=10/255
2_2_02_cbfae05c_r01c03__noise_sigma_10,./data/robustness/noise/sigma_10/normalized_32x32/2/2_2_02_cbfae05c_r01c03__noise_sigma_10.npy,2,2,1,0.9997902521937319,-10.317070960998535,-2.9841458797454834,9.844069480895996,-0.0979316234588623,-6.751089572906494,-8.688014030456543,-14.909603118896484,1.0964362621307373,-6.453094959259033,-9.566638946533203,noise,sigma=10/255
2_2_02_cbfae05c_r01c04__noise_sigma_10,./data/robustness/noise/sigma_10/normalized_32x32/2/2_2_02_cbfae05c_r01c04__noise_sigma_10.npy,2,2,1,0.8729546134325844,-4.904486656188965,3.5119967460632324,5.5409836769104,-7.678091049194336,-3.4941494464874268,-5.679157257080078,-9.341252326965332,1.257906198501587,-4.6306023597717285,-4.113643169403076,noise,sigma=10/255
2_2_02_cbfae05c_r02c01__noise_sigma_10,./data/robustness/noise/sigma_10/normalized_32x32/2/2_2_02_cbfae05c_r02c01__noise_sigma_10.npy,2,2,1,0.9999999970842117,-14.100897789001465,-5.165252208709717,17.259912490844727,-2.6446239948272705,-5.263797760009766,-5.819361686706543,-14.41265869140625,-5.044958591461182,-12.640259742736816,-14.21798038482666,noise,sigma=10/255
2_2_02_cbfae05c_r02c02__noise_sigma_10,./data/robustness/noise/sigma_10/normalized_32x32/2/2_2_02_cbfae05c_r02c02__noise_sigma_10.npy,2,2,1,0.9999999966236908,-9.750612258911133,-10.72856330871582,18.838348388671875,-4.825920104980469,-10.366186141967773,-11.993047714233398,-13.956405639648438,-0.6841473579406738,-12.006386756896973,-18.92426300048828,noise,sigma=10/255
2_2_02_cbfae05c_r02c03__noise_sigma_10,./data/robustness/noise/sigma_10/normalized_32x32/2/2_2_02_cbfae05c_r02c03__noise_sigma_10.npy,2,2,1,0.9999999951796004,-7.660057067871094,-9.755372047424316,18.456790924072266,-6.628520965576172,-11.010153770446777,-12.023929595947266,-14.016651153564453,-0.6976065635681152,-9.07425594329834,-17.249242782592773,noise,sigma=10/255
2_2_02_cbfae05c_r02c04__noise_sigma_10,./data/robustness/noise/sigma_10/normalized_32x32/2/2_2_02_cbfae05c_r02c04__noise_sigma_10.npy,2,2,1,0.9999999917178451,-9.522638320922852,-11.00692081451416,18.34713363647461,-4.789114952087402,-9.465620994567871,-12.412759780883789,-14.424691200256348,-0.2731267213821411,-14.209650993347168,-17.362329483032227,noise,sigma=10/255
2_2_02_cbfae05c_r03c01__noise_sigma_10,./data/robustness/noise/sigma_10/normalized_32x32/2/2_2_02_cbfae05c_r03c01__noise_sigma_10.npy,2,2,1,0.9999995476747446,-11.401249885559082,-4.4324846267700195,16.4559326171875,-6.453408718109131,-7.430315017700195,-12.587392807006836,-12.58541202545166,1.8448432683944702,-10.59654426574707,-14.675312995910645,noise,sigma=10/255
2_2_02_cbfae05c_r03c02__noise_sigma_10,./data/robustness/noise/sigma_10/normalized_32x32/2/2_2_02_cbfae05c_r03c02__noise_sigma_10.npy,2,2,1,0.9999999372721663,-13.141551971435547,-3.2940804958343506,17.31768798828125,-6.618314743041992,-7.677804946899414,-13.631196975708008,-15.706928253173828,0.7143113613128662,-9.163044929504395,-15.079232215881348,noise,sigma=10/255
2_2_02_cbfae05c_r03c03__noise_sigma_10,./data/robustness/noise/sigma_10/normalized_32x32/2/2_2_02_cbfae05c_r03c03__noise_sigma_10.npy,2,2,1,0.9999946307707587,-12.626640319824219,-2.988532543182373,14.410110473632812,-5.208508014678955,-6.483602523803711,-12.357686996459961,-13.67933177947998,2.269362688064575,-8.937214851379395,-12.530477523803711,noise,sigma=10/255
2_2_02_cbfae05c_r03c04__noise_sigma_10,./data/robustness/noise/sigma_10/normalized_32x32/2/2_2_02_cbfae05c_r03c04__noise_sigma_10.npy,2,2,1,0.9999957387175409,-12.097686767578125,-3.699039936065674,14.652889251708984,-4.017730712890625,-6.830754280090332,-11.074943542480469,-16.85454559326172,2.2823715209960938,-6.820949554443359,-9.57716178894043,noise,sigma=10/255
2_2_02_cbfae05c_r04c01__noise_sigma_10,./data/robustness/noise/sigma_10/normalized_32x32/2/2_2_02_cbfae05c_r04c01__noise_sigma_10.npy,2,2,1,0.9999478925286714,-8.977869033813477,-6.066268444061279,13.117669105529785,-4.94848108291626,-7.541627883911133,-11.769804000854492,-14.830843925476074,3.255127429962158,-9.824264526367188,-10.83627986907959,noise,sigma=10/255
2_2_02_cbfae05c_r04c02__noise_sigma_10,./data/robustness/noise/sigma_10/normalized_32x32/2/2_2_02_cbfae05c_r04c02__noise_sigma_10.npy,2,2,1,0.9999992989979254,-7.77176570892334,-3.3091864585876465,14.456571578979492,-7.759352207183838,-7.538883209228516,-10.97799015045166,-11.228594779968262,0.25373828411102295,-5.508066654205322,-12.325828552246094,noise,sigma=10/255
2_2_02_cbfae05c_r04c03__noise_sigma_10,./data/robustness/noise/sigma_10/normalized_32x32/2/2_2_02_cbfae05c_r04c03__noise_sigma_10.npy,2,2,1,0.999988197231497,-6.497696876525879,-3.6309571266174316,9.58083438873291,-4.668627738952637,-2.580869674682617,-6.00025749206543,-5.807584762573242,-2.9496047496795654,-12.274104118347168,-10.801915168762207,noise,sigma=10/255
2_2_02_cbfae05c_r04c04__noise_sigma_10,./data/robustness/noise/sigma_10/normalized_32x32/2/2_2_02_cbfae05c_r04c04__noise_sigma_10.npy,2,2,1,0.9999985530552353,-9.978309631347656,-4.98770809173584,12.108552932739258,-1.8548624515533447,-6.6440863609313965,-9.217750549316406,-9.233295440673828,-2.3446571826934814,-6.3363142013549805,-11.630610466003418,noise,sigma=10/255
3_3_01_3ef7df64_r01c01__noise_sigma_10,./data/robustness/noise/sigma_10/normalized_32x32/3/3_3_01_3ef7df64_r01c01__noise_sigma_10.npy,3,3,1,0.9999597008708896,-6.348937034606934,-5.895845890045166,-4.379708290100098,9.660538673400879,-7.551690101623535,-1.1016902923583984,-8.961750984191895,-6.222416877746582,-1.4055366516113281,-3.353656768798828,noise,sigma=10/255
3_3_01_3ef7df64_r01c02__noise_sigma_10,./data/robustness/noise/sigma_10/normalized_32x32/3/3_3_01_3ef7df64_r01c02__noise_sigma_10.npy,3,3,1,0.9999792984812227,-6.260948657989502,-7.4130682945251465,-4.372839450836182,10.412714004516602,-6.6888017654418945,-0.5876374840736389,-9.863388061523438,-5.967557907104492,-2.2762134075164795,-4.451064109802246,noise,sigma=10/255
3_3_01_3ef7df64_r01c03__noise_sigma_10,./data/robustness/noise/sigma_10/normalized_32x32/3/3_3_01_3ef7df64_r01c03__noise_sigma_10.npy,3,3,1,0.9978712895077051,-4.382707595825195,-5.782217025756836,-5.023829936981201,5.854943752288818,-3.027888298034668,-1.0539683103561401,-11.701253890991211,-2.1882054805755615,-7.150865077972412,-1.549392819404602,noise,sigma=10/255
3_3_01_3ef7df64_r01c04__noise_sigma_10,./data/robustness/noise/sigma_10/normalized_32x32/3/3_3_01_3ef7df64_r01c04__noise_sigma_10.npy,3,3,1,0.999995442484172,-7.251031875610352,-9.004928588867188,-4.728333473205566,12.213543891906738,-8.542082786560059,-0.5619786977767944,-10.903627395629883,-8.464177131652832,-1.0941474437713623,-5.701711654663086,noise,sigma=10/255
3_3_01_3ef7df64_r02c01__noise_sigma_10,./data/robustness/noise/sigma_10/normalized_32x32/3/3_3_01_3ef7df64_r02c01__noise_sigma_10.npy,3,3,1,0.9997011590004343,-9.723593711853027,-7.031937122344971,-7.944525241851807,10.8831148147583,-10.484021186828613,2.7512459754943848,-8.292988777160645,-8.828085899353027,-1.3514435291290283,-6.834383964538574,noise,sigma=10/255
3_3_01_3ef7df64_r02c02__noise_sigma_10,./data/robustness/noise/sigma_10/normalized_32x32/3/3_3_01_3ef7df64_r02c02__noise_sigma_10.npy,3,3,1,0.999999988400612,-12.849058151245117,-10.363338470458984,-5.501764297485352,17.299732208251953,-13.069493293762207,-2.3649415969848633,-15.115358352661133,-10.079816818237305,-1.2733042240142822,-9.341594696044922,noise,sigma=10/255
3_3_01_3ef7df64_r02c03__noise_sigma_10,./data/robustness/noise/sigma_10/normalized_32x32/3/3_3_01_3ef7df64_r02c03__noise_sigma_10.npy,3,3,1,0.9999970985307305,-6.277453899383545,-7.130627155303955,-6.034001350402832,11.601568222045898,-8.54510498046875,-2.1009485721588135,-11.367390632629395,-6.322811126708984,-1.7583091259002686,-4.1805524826049805,noise,sigma=10/255
3_3_01_3ef7df64_r02c04__noise_sigma_10,./data/robustness/noise/sigma_10/normalized_32x32/3/3_3_01_3ef7df64_r02c04__noise_sigma_10.npy,3,3,1,0.9999510046834174,-4.347609996795654,-5.427153587341309,-3.053056478500366,8.617925643920898,-6.186519622802734,-2.285355567932129,-10.65966510772705,-4.4667134284973145,-3.4190897941589355,-2.841134548187256,noise,sigma=10/255
3_3_01_3ef7df64_r03c01__noise_sigma_10,./data/robustness/noise/sigma_10/normalized_32x32/3/3_3_01_3ef7df64_r03c01__noise_sigma_10.npy,3,3,1,0.9999999326344612,-11.427523612976074,-8.775297164916992,-5.716899394989014,15.14187240600586,-11.91575813293457,-1.8060152530670166,-12.852728843688965,-8.563368797302246,-2.4643871784210205,-7.178297996520996,noise,sigma=10/255
3_3_01_3ef7df64_r03c02__noise_sigma_10,./data/robustness/noise/sigma_10/normalized_32x32/3/3_3_01_3ef7df64_r03c02__noise_sigma_10.npy,3,3,1,0.9999993507892364,-10.14399242401123,-7.868992328643799,-5.914326190948486,13.752107620239258,-10.935879707336426,-1.3098208904266357,-11.636887550354004,-8.940561294555664,-1.0949591398239136,-6.421908378601074,noise,sigma=10/255
3_3_01_3ef7df64_r03c03__noise_sigma_10,./data/robustness/noise/sigma_10/normalized_32x32/3/3_3_01_3ef7df64_r03c03__noise_sigma_10.npy,3,3,1,0.9997046177370825,-9.706369400024414,-6.442995071411133,0.8114904165267944,8.969813346862793,-4.645474433898926,-5.170203685760498,-13.298918724060059,-3.305022716522217,-4.089779376983643,-6.5882768630981445,noise,sigma=10/255
3_3_01_3ef7df64_r03c04__noise_sigma_10,./data/robustness/noise/sigma_10/normalized_32x32/3/3_3_01_3ef7df64_r03c04__noise_sigma_10.npy,3,3,1,0.8616083504362898,-4.756204605102539,-2.7528176307678223,0.42620956897735596,2.9303574562072754,-1.1975550651550293,-2.8599109649658203,-7.6326799392700195,-0.1955592930316925,-4.3965606689453125,-1.5561902523040771,noise,sigma=10/255
3_3_01_3ef7df64_r04c01__noise_sigma_10,./data/robustness/noise/sigma_10/normalized_32x32/3/3_3_01_3ef7df64_r04c01__noise_sigma_10.npy,3,3,1,0.7650563278094521,-3.131227493286133,-3.8701858520507812,-3.997925281524658,2.1095407009124756,-0.7750536203384399,-2.1051268577575684,-6.936867713928223,0.5718878507614136,-7.920596122741699,-2.369879961013794,noise,sigma=10/255
3_3_01_3ef7df64_r04c02__noise_sigma_10,./data/robustness/noise/sigma_10/normalized_32x32/3/3_3_01_3ef7df64_r04c02__noise_sigma_10.npy,3,3,1,0.5037672364727365,-4.708119869232178,-0.7011139988899231,-2.9191079139709473,2.1601550579071045,-0.6031524538993835,-3.643648386001587,-8.510220527648926,1.7706936597824097,-2.988800525665283,0.39542898535728455,noise,sigma=10/255
3_3_01_3ef7df64_r04c03__noise_sigma_10,./data/robustness/noise/sigma_10/normalized_32x32/3/3_3_01_3ef7df64_r04c03__noise_sigma_10.npy,3,7,0,0.702139355104848,-4.726561546325684,0.8102221488952637,-0.1855907291173935,-2.383937120437622,1.1324928998947144,-5.237148761749268,-8.292694091796875,3.3472912311553955,-4.890519618988037,1.751311182975769,noise,sigma=10/255
3_3_01_3ef7df64_r04c04__noise_sigma_10,./data/robustness/noise/sigma_10/normalized_32x32/3/3_3_01_3ef7df64_r04c04__noise_sigma_10.npy,3,1,0,0.8520686153644044,-6.20809268951416,4.64497184753418,-1.753957986831665,-3.7362465858459473,1.766704797744751,-5.009188652038574,-8.727441787719727,2.369586229324341,-5.5561957359313965,0.2717342674732208,noise,sigma=10/255
3_3_02_0ace0337_r01c01__noise_sigma_10,./data/robustness/noise/sigma_10/normalized_32x32/3/3_3_02_0ace0337_r01c01__noise_sigma_10.npy,3,3,1,0.9999755616810084,-7.142136573791504,-6.775852203369141,-5.456248760223389,10.422714233398438,-7.147046089172363,-0.34742090106010437,-10.947397232055664,-5.958742618560791,-2.6118061542510986,-3.441899538040161,noise,sigma=10/255
3_3_02_0ace0337_r01c02__noise_sigma_10,./data/robustness/noise/sigma_10/normalized_32x32/3/3_3_02_0ace0337_r01c02__noise_sigma_10.npy,3,3,1,0.836463846559095,-2.697972059249878,-3.93990159034729,-1.3553080558776855,3.0944948196411133,-1.4196391105651855,1.2770438194274902,-4.490935802459717,-3.7237038612365723,-3.0662431716918945,-2.78649640083313,noise,sigma=10/255
3_3_02_0ace0337_r01c03__noise_sigma_10,./data/robustness/noise/sigma_10/normalized_32x32/3/3_3_02_0ace0337_r01c03__noise_sigma_10.npy,3,3,1,0.9998570553966784,-6.413244247436523,-4.817970275878906,-3.9928886890411377,8.924901962280273,-7.253276348114014,-0.7203162312507629,-7.464566707611084,-5.208932876586914,-0.6103143692016602,-4.610164165496826,noise,sigma=10/255
3_3_02_0ace0337_r01c04__noise_sigma_10,./data/robustness/noise/sigma_10/normalized_32x32/3/3_3_02_0ace0337_r01c04__noise_sigma_10.npy,3,3,1,0.9999835790264793,-9.655994415283203,-6.267533302307129,-5.595389366149902,11.467020034790039,-9.776093482971191,0.40259161591529846,-11.422487258911133,-7.0378737449646,-2.983753204345703,-4.165250778198242,noise,sigma=10/255
3_3_02_0ace0337_r02c01__noise_sigma_10,./data/robustness/noise/sigma_10/normalized_32x32/3/3_3_02_0ace0337_r02c01__noise_sigma_10.npy,3,3,1,0.9999502256060872,-7.292956352233887,-5.613519668579102,-3.936901569366455,9.761283874511719,-7.60305643081665,-0.5519173741340637,-8.985699653625488,-6.017622947692871,-1.4036206007003784,-4.19130802154541,noise,sigma=10/255
3_3_02_0ace0337_r02c02__noise_sigma_10,./data/robustness/noise/sigma_10/normalized_32x32/3/3_3_02_0ace0337_r02c02__noise_sigma_10.npy,3,3,1,0.9997246753299643,-6.437074661254883,-4.6328125,-2.920789957046509,8.255472183227539,-6.5278544425964355,-0.3184417486190796,-7.220001220703125,-5.145975589752197,-1.4430732727050781,-3.763784170150757,noise,sigma=10/255
3_3_02_0ace0337_r02c03__noise_sigma_10,./data/robustness/noise/sigma_10/normalized_32x32/3/3_3_02_0ace0337_r02c03__noise_sigma_10.npy,3,3,1,0.9999888495479899,-6.810704708099365,-7.660916328430176,-4.279820442199707,11.142661094665527,-7.728935718536377,-0.7498511075973511,-10.485916137695312,-7.3138275146484375,-1.30470871925354,-4.628998756408691,noise,sigma=10/255
3_3_02_0ace0337_r02c04__noise_sigma_10,./data/robustness/noise/sigma_10/normalized_32x32/3/3_3_02_0ace0337_r02c04__noise_sigma_10.npy,3,3,1,0.9999998939243521,-11.481499671936035,-9.21748161315918,-3.032797336578369,15.117877006530762,-10.645310401916504,-1.9834195375442505,-12.541200637817383,-8.119787216186523,-1.5903851985931396,-9.373056411743164,noise,sigma=10/255
3_3_02_0ace0337_r03c01__noise_sigma_10,./data/robustness/noise/sigma_10/normalized_32x32/3/3_3_02_0ace0337_r03c01__noise_sigma_10.npy,3,3,1,0.9999989470922352,-9.396267890930176,-7.33793830871582,-3.2971794605255127,12.34691047668457,-8.555397987365723,-2.0589370727539062,-10.774919509887695,-4.971180438995361,-2.6707184314727783,-7.170971393585205,noise,sigma=10/255
3_3_02_0ace0337_r03c02__noise_sigma_10,./data/robustness/noise/sigma_10/normalized_32x32/3/3_3_02_0ace0337_r03c02__noise_sigma_10.npy,3,3,1,0.9146273840011956,-2.02919340133667,-3.586117744445801,-2.7811131477355957,3.138909101486206,-2.6021487712860107,-0.8024837374687195,-7.208829402923584,-1.4563695192337036,-3.391220808029175,0.1338862031698227,noise,sigma=10/255
3_3_02_0ace0337_r03c03__noise_sigma_10,./data/robustness/noise/sigma_10/normalized_32x32/3/3_3_02_0ace0337_r03c03__noise_sigma_10.npy,3,3,1,0.6271820710276887,-2.646059513092041,-3.5799901485443115,-3.395052433013916,1.9249818325042725,-0.7689459919929504,-0.8412722945213318,-7.561696529388428,-0.17690685391426086,-4.691925048828125,0.7885937690734863,noise,sigma=10/255
3_3_02_0ace0337_r03c04__noise_sigma_10,./data/robustness/noise/sigma_10/normalized_32x32/3/3_3_02_0ace0337_r03c04__noise_sigma_10.npy,3,3,1,0.9288710268780669,-6.358287334442139,-1.242173194885254,-1.146275281906128,4.05369758605957,-2.220294952392578,-3.0768039226531982,-9.463769912719727,1.2395366430282593,-5.74827766418457,-1.6540945768356323,noise,sigma=10/255
3_3_02_0ace0337_r04c01__noise_sigma_10,./data/robustness/noise/sigma_10/normalized_32x32/3/3_3_02_0ace0337_r04c01__noise_sigma_10.npy,3,3,1,0.9997051907102186,-7.254368782043457,-6.329442024230957,-3.600700855255127,8.106618881225586,-3.8761727809906006,-1.2758265733718872,-8.627115249633789,-0.4524809718132019,-5.4449591636657715,-4.865523815155029,noise,sigma=10/255
3_3_02_0ace0337_r04c02__noise_sigma_10,./data/robustness/noise/sigma_10/normalized_32x32/3/3_3_02_0ace0337_r04c02__noise_sigma_10.npy,3,3,1,0.9997326296360697,-6.3113908767700195,-4.930727958679199,-1.4775969982147217,8.227448463439941,-5.853090286254883,-0.42567741870880127,-6.457025527954102,-3.6365981101989746,-2.5466442108154297,-6.755105495452881,noise,sigma=10/255
3_3_02_0ace0337_r04c03__noise_sigma_10,./data/robustness/noise/sigma_10/normalized_32x32/3/3_3_02_0ace0337_r04c03__noise_sigma_10.npy,3,3,1,0.9908681648233423,-6.399878025054932,-3.79007625579834,1.6306053400039673,6.400015354156494,-4.955100059509277,-1.0688682794570923,-7.951946258544922,-3.301748514175415,-3.736551523208618,-5.518104553222656,noise,sigma=10/255
3_3_02_0ace0337_r04c04__noise_sigma_10,./data/robustness/noise/sigma_10/normalized_32x32/3/3_3_02_0ace0337_r04c04__noise_sigma_10.npy,3,1,0,0.5966167443945863,-3.3953990936279297,2.5074782371520996,-0.8822540044784546,-2.18874454498291,1.2695183753967285,-2.7217295169830322,-4.697821617126465,1.10663640499115,-3.1969358921051025,0.039341606199741364,noise,sigma=10/255
4_4_01_ecfe458e_r01c01__noise_sigma_10,./data/robustness/noise/sigma_10/normalized_32x32/4/4_4_01_ecfe458e_r01c01__noise_sigma_10.npy,4,4,1,0.9995712931266768,-6.408482551574707,-1.9496126174926758,-2.040083646774292,-4.679683208465576,7.4295525550842285,-3.111809492111206,-4.747643947601318,-4.208578586578369,-2.6663081645965576,-1.1977951526641846,noise,sigma=10/255
4_4_01_ecfe458e_r01c02__noise_sigma_10,./data/robustness/noise/sigma_10/normalized_32x32/4/4_4_01_ecfe458e_r01c02__noise_sigma_10.npy,4,4,1,0.9999986621994468,-8.869739532470703,-1.7748819589614868,-3.887363910675049,-9.883041381835938,14.306987762451172,-6.619149684906006,-5.902449607849121,-2.576101541519165,-10.314750671386719,0.6505422592163086,noise,sigma=10/255
4_4_01_ecfe458e_r01c03__noise_sigma_10,./data/robustness/noise/sigma_10/normalized_32x32/4/4_4_01_ecfe458e_r01c03__noise_sigma_10.npy,4,4,1,0.9999519217999502,-9.372993469238281,-2.3522706031799316,-7.217796325683594,-10.870599746704102,12.382939338684082,-7.394839763641357,-5.016851425170898,-0.41940268874168396,-7.508147239685059,2.371675491333008,noise,sigma=10/255
4_4_01_ecfe458e_r01c04__noise_sigma_10,./data/robustness/noise/sigma_10/normalized_32x32/4/4_4_01_ecfe458e_r01c04__noise_sigma_10.npy,4,4,1,0.9999980064402957,-7.439747333526611,-4.727085113525391,-8.621386528015137,-9.644338607788086,13.696399688720703,-6.215060234069824,-1.6807392835617065,-1.6910717487335205,-8.563714981079102,0.3273395001888275,noise,sigma=10/255
4_4_01_ecfe458e_r02c01__noise_sigma_10,./data/robustness/noise/sigma_10/normalized_32x32/4/4_4_01_ecfe458e_r02c01__noise_sigma_10.npy,4,4,1,0.999999987015753,-8.72490406036377,-5.050992965698242,-6.183387756347656,-10.689273834228516,16.43091583251953,-4.164267539978027,-6.130626678466797,-4.644249439239502,-9.084519386291504,-1.9559340476989746,noise,sigma=10/255
4_4_01_ecfe458e_r02c02__noise_sigma_10,./data/robustness/noise/sigma_10/normalized_32x32/4/4_4_01_ecfe458e_r02c02__noise_sigma_10.npy,4,4,1,0.9999999631561103,-7.205398082733154,-4.895064353942871,-5.31588888168335,-10.709328651428223,14.593984603881836,-3.3395044803619385,-6.077332973480225,-4.9336981773376465,-4.621549129486084,-4.397834777832031,noise,sigma=10/255
4_4_01_ecfe458e_r02c03__noise_sigma_10,./data/robustness/noise/sigma_10/normalized_32x32/4/4_4_01_ecfe458e_r02c03__noise_sigma_10.npy,4,4,1,0.9999999989464765,-10.027119636535645,-7.013237953186035,-8.486318588256836,-14.80395793914795,18.440610885620117,-4.649305820465088,-6.8739213943481445,-4.302105903625488,-6.3431172370910645,-2.5204811096191406,noise,sigma=10/255
4_4_01_ecfe458e_r02c04__noise_sigma_10,./data/robustness/noise/sigma_10/normalized_32x32/4/4_4_01_ecfe458e_r02c04__noise_sigma_10.npy,4,4,1,0.999999882741756,-11.345827102661133,-6.221329212188721,-7.734526634216309,-13.306234359741211,16.215129852294922,-6.834825038909912,-9.465845108032227,-4.075260162353516,-4.46971321105957,0.23114141821861267,noise,sigma=10/255
4_4_01_ecfe458e_r03c01__noise_sigma_10,./data/robustness/noise/sigma_10/normalized_32x32/4/4_4_01_ecfe458e_r03c01__noise_sigma_10.npy,4,4,1,0.9999927051626012,-7.854184627532959,-0.04497910290956497,-2.8325018882751465,-9.066394805908203,11.89047622680664,-3.585066795349121,-7.2574615478515625,-5.281144142150879,-4.43285608291626,-5.708432674407959,noise,sigma=10/255
4_4_01_ecfe458e_r03c02__noise_sigma_10,./data/robustness/noise/sigma_10/normalized_32x32/4/4_4_01_ecfe458e_r03c02__noise_sigma_10.npy,4,4,1,0.9999998308620521,-9.87204647064209,-2.338709831237793,-3.374843120574951,-10.348649978637695,13.989594459533691,-3.922929525375366,-7.896886825561523,-3.177790880203247,-6.470493316650391,-4.939200401306152,noise,sigma=10/255
4_4_01_ecfe458e_r03c03__noise_sigma_10,./data/robustness/noise/sigma_10/normalized_32x32/4/4_4_01_ecfe458e_r03c03__noise_sigma_10.npy,4,4,1,0.9999999968944056,-11.503226280212402,-2.984710216522217,-4.244689464569092,-12.56197738647461,17.254535675048828,-5.753335952758789,-10.056989669799805,-5.894467830657959,-7.172365665435791,-3.684309244155884,noise,sigma=10/255
4_4_01_ecfe458e_r03c04__noise_sigma_10,./data/robustness/noise/sigma_10/normalized_32x32/4/4_4_01_ecfe458e_r03c04__noise_sigma_10.npy,4,4,1,0.999999065738479,-10.237771034240723,-1.610864520072937,-4.763404846191406,-9.833450317382812,13.467254638671875,-6.354316711425781,-8.093052864074707,-1.2289074659347534,-8.17663860321045,-1.856400966644287,noise,sigma=10/255
4_4_01_ecfe458e_r04c01__noise_sigma_10,./data/robustness/noise/sigma_10/normalized_32x32/4/4_4_01_ecfe458e_r04c01__noise_sigma_10.npy,4,4,1,0.945776489587954,-6.933783054351807,-0.8438614010810852,-4.552527904510498,-4.884355545043945,6.911281108856201,-5.464745998382568,-8.065139770507812,-0.46592628955841064,-6.793147087097168,4.033398151397705,noise,sigma=10/255
4_4_01_ecfe458e_r04c02__noise_sigma_10,./data/robustness/noise/sigma_10/normalized_32x32/4/4_4_01_ecfe458e_r04c02__noise_sigma_10.npy,4,4,1,0.9999999248279056,-10.106694221496582,-2.3630330562591553,-3.620699167251587,-11.90914249420166,14.942755699157715,-7.593753337860107,-8.613478660583496,-3.3057756423950195,-6.4329423904418945,-2.62890625,noise,sigma=10/255
4_4_01_ecfe458e_r04c03__noise_sigma_10,./data/robustness/noise/sigma_10/normalized_32x32/4/4_4_01_ecfe458e_r04c03__noise_sigma_10.npy,4,4,1,0.9995797107397629,-8.336127281188965,0.2271273136138916,-5.632853984832764,-8.834513664245605,9.068276405334473,-5.595399856567383,-9.67529582977295,-1.032609224319458,-5.328155517578125,0.7051538825035095,noise,sigma=10/255
4_4_01_ecfe458e_r04c04__noise_sigma_10,./data/robustness/noise/sigma_10/normalized_32x32/4/4_4_01_ecfe458e_r04c04__noise_sigma_10.npy,4,4,1,0.9999999933552304,-11.080160140991211,-3.4509708881378174,-4.019872665405273,-12.392596244812012,16.75700569152832,-7.248315811157227,-8.714648246765137,-2.8267290592193604,-7.775351047515869,-4.154848575592041,noise,sigma=10/255
4_4_02_b6e2cbed_r01c01__noise_sigma_10,./data/robustness/noise/sigma_10/normalized_32x32/4/4_4_02_b6e2cbed_r01c01__noise_sigma_10.npy,4,4,1,0.9999978396053074,-10.56035041809082,-1.8531584739685059,0.15313281118869781,-10.136086463928223,13.610040664672852,-6.796757221221924,-10.176191329956055,-2.1555848121643066,-9.61706256866455,-1.1400824785232544,noise,sigma=10/255
4_4_02_b6e2cbed_r01c02__noise_sigma_10,./data/robustness/noise/sigma_10/normalized_32x32/4/4_4_02_b6e2cbed_r01c02__noise_sigma_10.npy,4,4,1,0.9999208020466089,-3.3349461555480957,-6.12876558303833,-5.234475135803223,-6.233687877655029,9.353304862976074,-1.3129674196243286,-6.132552146911621,-6.5528764724731445,-1.3407070636749268,-1.0954039096832275,noise,sigma=10/255
4_4_02_b6e2cbed_r01c03__noise_sigma_10,./data/robustness/noise/sigma_10/normalized_32x32/4/4_4_02_b6e2cbed_r01c03__noise_sigma_10.npy,4,4,1,0.9999999830120897,-9.06319522857666,-5.84881591796875,-6.801085472106934,-12.155719757080078,15.861026763916016,-2.587104082107544,-7.121016502380371,-4.906729221343994,-5.248717308044434,-3.2556276321411133,noise,sigma=10/255
4_4_02_b6e2cbed_r01c04__noise_sigma_10,./data/robustness/noise/sigma_10/normalized_32x32/4/4_4_02_b6e2cbed_r01c04__noise_sigma_10.npy,4,4,1,0.9999996153721117,-7.5199689865112305,-4.560975551605225,-5.1703362464904785,-8.93587589263916,13.935684204101562,-4.7911763191223145,-5.095524787902832,-1.0312576293945312,-9.336274147033691,-3.0821454524993896,noise,sigma=10/255
4_4_02_b6e2cbed_r02c01__noise_sigma_10,./data/robustness/noise/sigma_10/normalized_32x32/4/4_4_02_b6e2cbed_r02c01__noise_sigma_10.npy,4,4,1,0.9999996262313111,-8.127164840698242,-3.0880062580108643,-3.4118828773498535,-10.220582962036133,13.060874938964844,-2.9226040840148926,-6.943477630615234,-5.263742446899414,-3.6518707275390625,-4.5136003494262695,noise,sigma=10/255
4_4_02_b6e2cbed_r02c02__noise_sigma_10,./data/robustness/noise/sigma_10/normalized_32x32/4/4_4_02_b6e2cbed_r02c02__noise_sigma_10.npy,4,4,1,0.9991005050464085,-8.587873458862305,-1.6658815145492554,-2.059185028076172,-4.529447078704834,7.812230587005615,-4.303071975708008,-6.220802307128906,0.6113748550415039,-4.4390177726745605,-3.6312031745910645,noise,sigma=10/255
4_4_02_b6e2cbed_r02c03__noise_sigma_10,./data/robustness/noise/sigma_10/normalized_32x32/4/4_4_02_b6e2cbed_r02c03__noise_sigma_10.npy,4,4,1,0.999999976733268,-9.625410079956055,-3.283602237701416,-3.9629456996917725,-12.967249870300293,15.106490135192871,-4.5770978927612305,-6.304339408874512,-4.858416557312012,-4.8783464431762695,-7.501704692840576,noise,sigma=10/255
4_4_02_b6e2cbed_r02c04__noise_sigma_10,./data/robustness/noise/sigma_10/normalized_32x32/4/4_4_02_b6e2cbed_r02c04__noise_sigma_10.npy,4,4,1,0.9999998655081089,-7.442050457000732,-6.40858793258667,-7.119964122772217,-9.95467472076416,14.218990325927734,-3.3898138999938965,-8.53649616241455,-6.103062629699707,-2.5802342891693115,-2.449408769607544,noise,sigma=10/255
4_4_02_b6e2cbed_r03c01__noise_sigma_10,./data/robustness/noise/sigma_10/normalized_32x32/4/4_4_02_b6e2cbed_r03c01__noise_sigma_10.npy,4,4,1,0.9999996619238986,-7.942410945892334,-1.5552446842193604,-4.212571144104004,-13.48782730102539,14.955328941345215,-4.023294448852539,-8.450263023376465,-10.469738960266113,-0.20917367935180664,-6.724697113037109,noise,sigma=10/255
4_4_02_b6e2cbed_r03c02__noise_sigma_10,./data/robustness/noise/sigma_10/normalized_32x32/4/4_4_02_b6e2cbed_r03c02__noise_sigma_10.npy,4,4,1,0.9999693262159431,-7.848526954650879,-2.427812099456787,-3.541090965270996,-7.358653545379639,10.373401641845703,-5.585925102233887,-8.446914672851562,-2.3576877117156982,-4.338542938232422,-0.285543829202652,noise,sigma=10/255
4_4_02_b6e2cbed_r03c03__noise_sigma_10,./data/robustness/noise/sigma_10/normalized_32x32/4/4_4_02_b6e2cbed_r03c03__noise_sigma_10.npy,4,4,1,0.9994518936661586,-7.529318809509277,-3.595120668411255,-5.854696750640869,-10.661361694335938,8.654589653015137,-5.427883148193359,-6.709160327911377,-3.5994417667388916,-0.2470817267894745,0.8333339095115662,noise,sigma=10/255
4_4_02_b6e2cbed_r03c04__noise_sigma_10,./data/robustness/noise/sigma_10/normalized_32x32/4/4_4_02_b6e2cbed_r03c04__noise_sigma_10.npy,4,4,1,0.9999999997832172,-13.441502571105957,-3.720416307449341,-5.253320693969727,-12.451571464538574,19.161285400390625,-7.082497596740723,-12.613340377807617,-5.974639892578125,-7.951651573181152,-4.400850772857666,noise,sigma=10/255
4_4_02_b6e2cbed_r04c01__noise_sigma_10,./data/robustness/noise/sigma_10/normalized_32x32/4/4_4_02_b6e2cbed_r04c01__noise_sigma_10.npy,4,4,1,0.9999999649411729,-8.946173667907715,-2.7064878940582275,-2.7085120677948,-11.70684814453125,15.30693244934082,-5.706214427947998,-6.711039066314697,-6.292234897613525,-5.324805736541748,-4.512325763702393,noise,sigma=10/255
4_4_02_b6e2cbed_r04c02__noise_sigma_10,./data/robustness/noise/sigma_10/normalized_32x32/4/4_4_02_b6e2cbed_r04c02__noise_sigma_10.npy,4,4,1,0.9999999999539486,-12.757469177246094,-3.5242955684661865,-5.497663497924805,-15.538240432739258,20.666324615478516,-5.308586120605469,-9.91861343383789,-7.8389434814453125,-8.859648704528809,-5.427074432373047,noise,sigma=10/255
4_4_02_b6e2cbed_r04c03__noise_sigma_10,./data/robustness/noise/sigma_10/normalized_32x32/4/4_4_02_b6e2cbed_r04c03__noise_sigma_10.npy,4,4,1,0.9951496882894387,-4.793420791625977,-1.2510504722595215,-3.765852212905884,-5.762265205383301,6.788133144378662,-3.3660149574279785,-5.720803737640381,-1.2613434791564941,-4.298429012298584,1.2999175786972046,noise,sigma=10/255
4_4_02_b6e2cbed_r04c04__noise_sigma_10,./data/robustness/noise/sigma_10/normalized_32x32/4/4_4_02_b6e2cbed_r04c04__noise_sigma_10.npy,4,4,1,0.9996936079407739,-8.777806282043457,-1.1470760107040405,-3.3577237129211426,-5.642276763916016,9.278489112854004,-5.690571308135986,-8.814657211303711,0.09996717423200607,-7.305436611175537,0.5964145660400391,noise,sigma=10/255
5_5_01_bb19e6ee_r01c01__noise_sigma_10,./data/robustness/noise/sigma_10/normalized_32x32/5/5_5_01_bb19e6ee_r01c01__noise_sigma_10.npy,5,5,1,0.9998179814943572,-3.1739492416381836,-6.171899795532227,-7.9354166984558105,-1.0358717441558838,-3.9581472873687744,7.914695739746094,-4.4218645095825195,-5.378073215484619,-4.789220333099365,-2.8991811275482178,noise,sigma=10/255
5_5_01_bb19e6ee_r01c02__noise_sigma_10,./data/robustness/noise/sigma_10/normalized_32x32/5/5_5_01_bb19e6ee_r01c02__noise_sigma_10.npy,5,5,1,0.9996976659926999,-7.487320899963379,-7.4577131271362305,-7.767731189727783,0.06027728319168091,-2.4424824714660645,8.517366409301758,-7.541006565093994,-10.596967697143555,-3.2018234729766846,-1.1378439664840698,noise,sigma=10/255
5_5_01_bb19e6ee_r01c03__noise_sigma_10,./data/robustness/noise/sigma_10/normalized_32x32/5/5_5_01_bb19e6ee_r01c03__noise_sigma_10.npy,5,5,1,0.9999082310835544,-6.29795503616333,-8.474132537841797,-9.873828887939453,-1.4082518815994263,-4.524894714355469,9.579655647277832,-6.708763122558594,-8.787154197692871,-5.020013332366943,0.06043529510498047,noise,sigma=10/255
5_5_01_bb19e6ee_r01c04__noise_sigma_10,./data/robustness/noise/sigma_10/normalized_32x32/5/5_5_01_bb19e6ee_r01c04__noise_sigma_10.npy,5,5,1,0.999976701839026,-8.960989952087402,-11.285599708557129,-18.29066276550293,-4.031776428222656,-6.652800559997559,14.201961517333984,-9.688482284545898,-10.951963424682617,-7.179753303527832,3.5342648029327393,noise,sigma=10/255
5_5_01_bb19e6ee_r02c01__noise_sigma_10,./data/robustness/noise/sigma_10/normalized_32x32/5/5_5_01_bb19e6ee_r02c01__noise_sigma_10.npy,5,5,1,0.9990246028089953,-6.676326751708984,-4.832022190093994,-7.093158721923828,0.18984277546405792,-1.0142345428466797,7.440022945404053,-6.409431457519531,-10.10234260559082,-2.9543890953063965,-3.614919424057007,noise,sigma=10/255
5_5_01_bb19e6ee_r02c02__noise_sigma_10,./data/robustness/noise/sigma_10/normalized_32x32/5/5_5_01_bb19e6ee_r02c02__noise_sigma_10.npy,5,5,1,0.9995940515455857,-8.733430862426758,-11.978885650634766,-13.990043640136719,-0.4012640714645386,-6.342546463012695,11.661593437194824,-11.965352058410645,-10.89188003540039,-5.824778079986572,3.8382999897003174,noise,sigma=10/255
5_5_01_bb19e6ee_r02c03__noise_sigma_10,./data/robustness/noise/sigma_10/normalized_32x32/5/5_5_01_bb19e6ee_r02c03__noise_sigma_10.npy,5,5,1,0.9999974487344596,-9.117318153381348,-1.6320997476577759,-18.560531616210938,-3.5712878704071045,-10.59486198425293,11.543722152709961,-4.686954498291016,-6.947908878326416,-3.8398547172546387,-4.871557712554932,noise,sigma=10/255
5_5_01_bb19e6ee_r02c04__noise_sigma_10,./data/robustness/noise/sigma_10/normalized_32x32/5/5_5_01_bb19e6ee_r02c04__noise_sigma_10.npy,5,5,1,0.9999999965199258,-9.057027816772461,-7.5133585929870605,-23.900386810302734,-5.221780776977539,-16.554729461669922,17.005653381347656,-7.553382873535156,-11.987824440002441,-8.900785446166992,-2.553476572036743,noise,sigma=10/255
5_5_01_bb19e6ee_r03c01__noise_sigma_10,./data/robustness/noise/sigma_10/normalized_32x32/5/5_5_01_bb19e6ee_r03c01__noise_sigma_10.npy,5,5,1,0.9999995994531709,-7.921201705932617,-11.380518913269043,-19.42422103881836,-4.003907680511475,-10.469449043273926,14.988323211669922,-8.42986011505127,-9.742881774902344,-8.1393404006958,0.24292945861816406,noise,sigma=10/255
5_5_01_bb19e6ee_r03c02__noise_sigma_10,./data/robustness/noise/sigma_10/normalized_32x32/5/5_5_01_bb19e6ee_r03c02__noise_sigma_10.npy,5,5,1,0.9999979412008944,-7.641445159912109,-10.531389236450195,-20.838544845581055,-1.8264297246932983,-7.794600963592529,12.778132438659668,-6.357206344604492,-5.709106922149658,-4.454654216766357,-0.5959771871566772,noise,sigma=10/255
5_5_01_bb19e6ee_r03c03__noise_sigma_10,./data/robustness/noise/sigma_10/normalized_32x32/5/5_5_01_bb19e6ee_r03c03__noise_sigma_10.npy,5,5,1,0.9999999999881151,-9.02302074432373,-12.260836601257324,-31.893047332763672,-9.116613388061523,-14.343147277832031,22.477632522583008,-9.97431468963623,-7.1199951171875,-10.298613548278809,-2.6945948600769043,noise,sigma=10/255
5_5_01_bb19e6ee_r03c04__noise_sigma_10,./data/robustness/noise/sigma_10/normalized_32x32/5/5_5_01_bb19e6ee_r03c04__noise_sigma_10.npy,5,5,1,0.9999999876223703,-7.283164978027344,-14.205056190490723,-23.9887638092041,-3.6814932823181152,-10.305974960327148,18.18010139465332,-8.996691703796387,-10.741497993469238,-7.152104377746582,-0.05523812770843506,noise,sigma=10/255
5_5_01_bb19e6ee_r04c01__noise_sigma_10,./data/robustness/noise/sigma_10/normalized_32x32/5/5_5_01_bb19e6ee_r04c01__noise_sigma_10.npy,5,5,1,0.9999698479594064,-2.834118127822876,-7.6916632652282715,-14.37540054321289,-3.497082471847534,-5.068304538726807,9.767334938049316,-4.479646682739258,-4.898441314697266,-6.623178482055664,-0.8907101154327393,noise,sigma=10/255
5_5_01_bb19e6ee_r04c02__noise_sigma_10,./data/robustness/noise/sigma_10/normalized_32x32/5/5_5_01_bb19e6ee_r04c02__noise_sigma_10.npy,5,5,1,0.9999999999614495,-6.450003147125244,-12.761066436767578,-29.081998825073242,-7.576920032501221,-11.128314971923828,20.947418212890625,-8.944458961486816,-7.106377601623535,-10.963067054748535,-3.097559928894043,noise,sigma=10/255
5_5_01_bb19e6ee_r04c03__noise_sigma_10,./data/robustness/noise/sigma_10/normalized_32x32/5/5_5_01_bb19e6ee_r04c03__noise_sigma_10.npy,5,5,1,0.9999999999934441,-9.088386535644531,-13.465826034545898,-33.62689971923828,-8.939475059509277,-13.371068954467773,22.99268913269043,-9.772500038146973,-6.344706058502197,-11.335933685302734,-2.791217803955078,noise,sigma=10/255
5_5_01_bb19e6ee_r04c04__noise_sigma_10,./data/robustness/noise/sigma_10/normalized_32x32/5/5_5_01_bb19e6ee_r04c04__noise_sigma_10.npy,5,5,1,0.9999999981253469,-7.368382453918457,-11.9170503616333,-19.077726364135742,-6.312256336212158,-5.71688985824585,16.012298583984375,-8.55656909942627,-7.017947196960449,-4.604532241821289,-10.45640754699707,noise,sigma=10/255
5_5_02_f20420ee_r01c01__noise_sigma_10,./data/robustness/noise/sigma_10/normalized_32x32/5/5_5_02_f20420ee_r01c01__noise_sigma_10.npy,5,5,1,0.9756641830277307,-3.3710548877716064,-5.690676689147949,-3.6825287342071533,1.0394871234893799,-2.1988275051116943,4.839940547943115,-5.511917591094971,-5.824038505554199,-2.723449230194092,-2.524685859680176,noise,sigma=10/255
5_5_02_f20420ee_r01c02__noise_sigma_10,./data/robustness/noise/sigma_10/normalized_32x32/5/5_5_02_f20420ee_r01c02__noise_sigma_10.npy,5,5,1,0.9997049530014412,-5.434633255004883,-6.905426025390625,-8.41893196105957,0.6926543116569519,-3.8852367401123047,8.901812553405762,-5.404319763183594,-9.321205139160156,-3.4292664527893066,-2.2471466064453125,noise,sigma=10/255
5_5_02_f20420ee_r01c03__noise_sigma_10,./data/robustness/noise/sigma_10/normalized_32x32/5/5_5_02_f20420ee_r01c03__noise_sigma_10.npy,5,5,1,0.9999131611348852,-6.781856060028076,-0.2587640881538391,-18.944931030273438,-5.810317039489746,-9.898821830749512,9.680407524108887,-4.762129306793213,-3.193040370941162,-4.874748706817627,-0.5866031050682068,noise,sigma=10/255
5_5_02_f20420ee_r01c04__noise_sigma_10,./data/robustness/noise/sigma_10/normalized_32x32/5/5_5_02_f20420ee_r01c04__noise_sigma_10.npy,5,5,1,0.9999550901739094,-3.1394925117492676,-6.572568893432617,-10.898255348205566,-1.417986512184143,-3.8784286975860596,9.201959609985352,-2.2387330532073975,-7.369533061981201,-3.8602564334869385,-4.658779621124268,noise,sigma=10/255
5_5_02_f20420ee_r02c01__noise_sigma_10,./data/robustness/noise/sigma_10/normalized_32x32/5/5_5_02_f20420ee_r02c01__noise_sigma_10.npy,5,5,1,0.9999997557331254,-4.207212448120117,-10.731328010559082,-17.364511489868164,-3.491692066192627,-9.30606460571289,13.784199714660645,-6.008183479309082,-7.9268412590026855,-8.418915748596191,-1.669999122619629,noise,sigma=10/255
5_5_02_f20420ee_r02c02__noise_sigma_10,./data/robustness/noise/sigma_10/normalized_32x32/5/5_5_02_f20420ee_r02c02__noise_sigma_10.npy,5,5,1,0.9999999725628722,-8.149955749511719,-7.618234634399414,-19.83616828918457,-3.6422362327575684,-6.932097911834717,14.599224090576172,-4.987241268157959,-10.19637680053711,-3.7869436740875244,-5.952373027801514,noise,sigma=10/255
5_5_02_f20420ee_r02c03__noise_sigma_10,./data/robustness/noise/sigma_10/normalized_32x32/5/5_5_02_f20420ee_r02c03__noise_sigma_10.npy,5,5,1,0.9972815689580466,-10.39743709564209,-0.5913231372833252,-13.3040771484375,0.41741102933883667,-14.020570755004883,6.6529364585876465,-7.855703830718994,-5.227406024932861,-3.3808655738830566,-6.680356025695801,noise,sigma=10/255
5_5_02_f20420ee_r02c04__noise_sigma_10,./data/robustness/noise/sigma_10/normalized_32x32/5/5_5_02_f20420ee_r02c04__noise_sigma_10.npy,5,5,1,0.9998562264849655,-11.45490837097168,-0.5376551747322083,-21.8907470703125,-3.1743366718292236,-15.549575805664062,8.67101001739502,-8.304332733154297,-3.2238080501556396,-2.981412649154663,-2.1053850650787354,noise,sigma=10/255
5_5_02_f20420ee_r03c01__noise_sigma_10,./data/robustness/noise/sigma_10/normalized_32x32/5/5_5_02_f20420ee_r03c01__noise_sigma_10.npy,5,5,1,0.9999993825290285,-9.329486846923828,-11.854188919067383,-24.22664451599121,-5.925908088684082,-12.18517017364502,16.809768676757812,-9.556988716125488,-11.10437297821045,-8.088573455810547,2.5118789672851562,noise,sigma=10/255
5_5_02_f20420ee_r03c02__noise_sigma_10,./data/robustness/noise/sigma_10/normalized_32x32/5/5_5_02_f20420ee_r03c02__noise_sigma_10.npy,5,5,1,0.999999999999388,-9.141172409057617,-15.172972679138184,-26.97548484802246,-4.927832126617432,-17.07625961303711,23.62383270263672,-9.888469696044922,-13.978949546813965,-12.853401184082031,-5.59381628036499,noise,sigma=10/255
5_5_02_f20420ee_r03c03__noise_sigma_10,./data/robustness/noise/sigma_10/normalized_32x32/5/5_5_02_f20420ee_r03c03__noise_sigma_10.npy,5,5,1,0.9999999988914727,-5.167143821716309,-13.5079984664917,-26.012845993041992,-5.572505950927734,-13.127045631408691,19.247875213623047,-8.186817169189453,-11.042587280273438,-10.087682723999023,-1.4119510650634766,noise,sigma=10/255
5_5_02_f20420ee_r03c04__noise_sigma_10,./data/robustness/noise/sigma_10/normalized_32x32/5/5_5_02_f20420ee_r03c04__noise_sigma_10.npy,5,5,1,0.9999997181695811,-7.461439609527588,-11.032608985900879,-21.434476852416992,-4.972344398498535,-10.661231994628906,15.76724910736084,-6.725520133972168,-10.451569557189941,-9.575811386108398,0.6808245182037354,noise,sigma=10/255
5_5_02_f20420ee_r04c01__noise_sigma_10,./data/robustness/noise/sigma_10/normalized_32x32/5/5_5_02_f20420ee_r04c01__noise_sigma_10.npy,5,5,1,0.9999999985917141,-8.830168724060059,-13.339054107666016,-23.77752685546875,-4.494524002075195,-13.983687400817871,19.200197219848633,-8.467572212219238,-12.514530181884766,-12.0239896774292,-1.2189964056015015,noise,sigma=10/255
5_5_02_f20420ee_r04c02__noise_sigma_10,./data/robustness/noise/sigma_10/normalized_32x32/5/5_5_02_f20420ee_r04c02__noise_sigma_10.npy,5,5,1,0.9999999986023316,-8.168984413146973,-12.708972930908203,-22.22769546508789,-2.6768147945404053,-11.03648853302002,18.158361434936523,-8.671624183654785,-11.201093673706055,-7.325174331665039,-3.2810258865356445,noise,sigma=10/255
5_5_02_f20420ee_r04c03__noise_sigma_10,./data/robustness/noise/sigma_10/normalized_32x32/5/5_5_02_f20420ee_r04c03__noise_sigma_10.npy,5,5,1,0.9999999859552182,-8.67789077758789,-11.224085807800293,-18.46880531311035,-2.5052146911621094,-11.005202293395996,16.368305206298828,-9.217206954956055,-10.42569637298584,-8.987117767333984,-2.3200972080230713,noise,sigma=10/255
5_5_02_f20420ee_r04c04__noise_sigma_10,./data/robustness/noise/sigma_10/normalized_32x32/5/5_5_02_f20420ee_r04c04__noise_sigma_10.npy,5,5,1,0.9999999781289146,-9.54472827911377,-12.309941291809082,-26.463085174560547,-6.5461835861206055,-9.074372291564941,18.100509643554688,-9.034212112426758,-7.802783966064453,-7.948901176452637,0.46082913875579834,noise,sigma=10/255
6_6_01_52f5f834_r01c01__noise_sigma_10,./data/robustness/noise/sigma_10/normalized_32x32/6/6_6_01_52f5f834_r01c01__noise_sigma_10.npy,6,6,1,0.9896890088308552,-0.42560794949531555,-3.679396867752075,-2.9624037742614746,-4.089025020599365,-0.7824386954307556,1.0719568729400635,5.982946395874023,-6.816059112548828,-5.319787979125977,-7.437855243682861,noise,sigma=10/255
6_6_01_52f5f834_r01c02__noise_sigma_10,./data/robustness/noise/sigma_10/normalized_32x32/6/6_6_01_52f5f834_r01c02__noise_sigma_10.npy,6,5,0,0.6878647217704067,-1.541218638420105,-2.562577724456787,-6.032780647277832,-2.4327430725097656,-2.8346216678619385,2.6349165439605713,1.234089732170105,-4.151410102844238,0.7364413738250732,-1.0585908889770508,noise,sigma=10/255
6_6_01_52f5f834_r01c03__noise_sigma_10,./data/robustness/noise/sigma_10/normalized_32x32/6/6_6_01_52f5f834_r01c03__noise_sigma_10.npy,6,6,1,0.9526097800966911,-0.20457196235656738,-8.8677978515625,-12.910892486572266,-7.854938507080078,-5.699596881866455,6.502893924713135,9.504924774169922,-13.571626663208008,-4.687684059143066,-7.579899311065674,noise,sigma=10/255
6_6_01_52f5f834_r01c04__noise_sigma_10,./data/robustness/noise/sigma_10/normalized_32x32/6/6_6_01_52f5f834_r01c04__noise_sigma_10.npy,6,6,1,0.9998153470589514,-2.1319985389709473,-8.16855239868164,-3.926285982131958,-2.5176467895507812,-3.868748188018799,1.6552104949951172,10.30752182006836,-14.567503929138184,-2.8409276008605957,-13.21164608001709,noise,sigma=10/255
6_6_01_52f5f834_r02c01__noise_sigma_10,./data/robustness/noise/sigma_10/normalized_32x32/6/6_6_01_52f5f834_r02c01__noise_sigma_10.npy,6,6,1,0.9901150958202349,-1.2339035272598267,-5.658365726470947,-2.721374988555908,-3.198218584060669,-2.325855016708374,1.7912442684173584,6.4783501625061035,-7.54478120803833,-6.300158500671387,-9.990768432617188,noise,sigma=10/255
6_6_01_52f5f834_r02c02__noise_sigma_10,./data/robustness/noise/sigma_10/normalized_32x32/6/6_6_01_52f5f834_r02c02__noise_sigma_10.npy,6,6,1,0.9936073808211955,-1.5814110040664673,-6.204463481903076,-3.3685598373413086,-3.832335948944092,-0.9421788454055786,2.3300137519836426,7.437913417816162,-8.655101776123047,-7.898827075958252,-10.75643253326416,noise,sigma=10/255
6_6_01_52f5f834_r02c03__noise_sigma_10,./data/robustness/noise/sigma_10/normalized_32x32/6/6_6_01_52f5f834_r02c03__noise_sigma_10.npy,6,6,1,0.9997387379354976,1.9823310375213623,-8.333819389343262,-7.578555583953857,-6.402684688568115,-2.7928225994110107,1.6384806632995605,10.77316665649414,-11.861899375915527,-7.164118766784668,-11.083441734313965,noise,sigma=10/255
6_6_01_52f5f834_r02c04__noise_sigma_10,./data/robustness/noise/sigma_10/normalized_32x32/6/6_6_01_52f5f834_r02c04__noise_sigma_10.npy,6,6,1,0.9478933465775434,-0.5633715391159058,-6.98843240737915,-9.175130844116211,-5.872629165649414,-3.5168888568878174,5.3097686767578125,8.21373462677002,-11.546298027038574,-4.83332633972168,-7.821003437042236,noise,sigma=10/255
6_6_01_52f5f834_r03c01__noise_sigma_10,./data/robustness/noise/sigma_10/normalized_32x32/6/6_6_01_52f5f834_r03c01__noise_sigma_10.npy,6,6,1,0.9996656022906676,2.2022032737731934,-7.380670547485352,-14.81618881225586,-8.61754322052002,-8.024971961975098,3.3735711574554443,11.646430015563965,-10.745781898498535,-11.635659217834473,-16.020309448242188,noise,sigma=10/255
6_6_01_52f5f834_r03c02__noise_sigma_10,./data/robustness/noise/sigma_10/normalized_32x32/6/6_6_01_52f5f834_r03c02__noise_sigma_10.npy,6,6,1,0.9959441840269502,4.303408622741699,-9.694927215576172,-10.137832641601562,-5.973740577697754,-8.766160011291504,1.2471771240234375,9.852994918823242,-10.589469909667969,-6.513064861297607,-10.058563232421875,noise,sigma=10/255
6_6_01_52f5f834_r03c03__noise_sigma_10,./data/robustness/noise/sigma_10/normalized_32x32/6/6_6_01_52f5f834_r03c03__noise_sigma_10.npy,6,6,1,0.9981723422826778,0.7240478992462158,-5.800484657287598,-9.669189453125,-5.745943546295166,-4.609218597412109,3.140796184539795,9.529888153076172,-10.737279891967773,-5.970284938812256,-11.388041496276855,noise,sigma=10/255
6_6_01_52f5f834_r03c04__noise_sigma_10,./data/robustness/noise/sigma_10/normalized_32x32/6/6_6_01_52f5f834_r03c04__noise_sigma_10.npy,6,6,1,0.9407205340581714,0.01538550853729248,-9.187004089355469,-13.55052375793457,-4.4493560791015625,-8.952194213867188,6.251983165740967,9.018375396728516,-11.144006729125977,-4.110817909240723,-10.868502616882324,noise,sigma=10/255
6_6_01_52f5f834_r04c01__noise_sigma_10,./data/robustness/noise/sigma_10/normalized_32x32/6/6_6_01_52f5f834_r04c01__noise_sigma_10.npy,6,6,1,0.9999879734226651,2.7124600410461426,-7.91993522644043,-13.290918350219727,-9.820265769958496,-6.028743743896484,0.6418840885162354,14.159778594970703,-12.595852851867676,-12.936948776245117,-17.83024787902832,noise,sigma=10/255
6_6_01_52f5f834_r04c02__noise_sigma_10,./data/robustness/noise/sigma_10/normalized_32x32/6/6_6_01_52f5f834_r04c02__noise_sigma_10.npy,6,6,1,0.9999465574854212,1.9717438220977783,-6.564912796020508,-14.631104469299316,-9.93870735168457,-7.077085494995117,2.645387649536133,12.894356727600098,-12.662647247314453,-10.303297996520996,-14.123943328857422,noise,sigma=10/255
6_6_01_52f5f834_r04c03__noise_sigma_10,./data/robustness/noise/sigma_10/normalized_32x32/6/6_6_01_52f5f834_r04c03__noise_sigma_10.npy,6,6,1,0.9588319134378993,-0.7913556098937988,-8.59019947052002,-12.95048713684082,-5.19877815246582,-10.4095458984375,4.653504848480225,7.80620002746582,-12.569852828979492,-3.5646414756774902,-6.796802043914795,noise,sigma=10/255
6_6_01_52f5f834_r04c04__noise_sigma_10,./data/robustness/noise/sigma_10/normalized_32x32/6/6_6_01_52f5f834_r04c04__noise_sigma_10.npy,6,6,1,0.968581032069762,3.9291300773620605,-7.752482891082764,-15.735179901123047,-5.698940753936768,-10.618416786193848,2.6672778129577637,7.606955528259277,-6.919865608215332,-6.5457763671875,-7.563375473022461,noise,sigma=10/255
6_6_02_ad596076_r01c01__noise_sigma_10,./data/robustness/noise/sigma_10/normalized_32x32/6/6_6_02_ad596076_r01c01__noise_sigma_10.npy,6,6,1,0.9984129221617708,-1.1993136405944824,-5.553694248199463,-2.2798666954040527,-3.2762250900268555,-2.1322720050811768,0.6794633269309998,7.376939296722412,-7.959521770477295,-5.482647895812988,-10.10487174987793,noise,sigma=10/255
6_6_02_ad596076_r01c02__noise_sigma_10,./data/robustness/noise/sigma_10/normalized_32x32/6/6_6_02_ad596076_r01c02__noise_sigma_10.npy,6,6,1,0.9803640523394576,-3.4786062240600586,0.1520504653453827,-2.3022208213806152,-6.195690631866455,1.2596486806869507,0.34840893745422363,5.742274761199951,-5.671577453613281,-5.858810901641846,-8.895406723022461,noise,sigma=10/255
6_6_02_ad596076_r01c03__noise_sigma_10,./data/robustness/noise/sigma_10/normalized_32x32/6/6_6_02_ad596076_r01c03__noise_sigma_10.npy,6,6,1,0.9999124216017294,0.29627615213394165,-11.707876205444336,-9.109381675720215,-4.924410343170166,-6.271815299987793,3.142011880874634,12.541953086853027,-16.082897186279297,-5.282867431640625,-14.810914039611816,noise,sigma=10/255
6_6_02_ad596076_r01c04__noise_sigma_10,./data/robustness/noise/sigma_10/normalized_32x32/6/6_6_02_ad596076_r01c04__noise_sigma_10.npy,6,6,1,0.9997935116527462,-0.32608234882354736,-9.238018035888672,-5.512206554412842,-4.251712322235107,-3.864428997039795,1.9502382278442383,10.538412094116211,-12.140447616577148,-5.9848551750183105,-12.442513465881348,noise,sigma=10/255
6_6_02_ad596076_r02c01__noise_sigma_10,./data/robustness/noise/sigma_10/normalized_32x32/6/6_6_02_ad596076_r02c01__noise_sigma_10.npy,6,6,1,0.9843306269462985,0.002744138240814209,-6.489516258239746,-9.222672462463379,-5.579031944274902,-5.048097610473633,4.394371509552002,8.547089576721191,-9.931140899658203,-6.727214336395264,-10.260907173156738,noise,sigma=10/255
6_6_02_ad596076_r02c02__noise_sigma_10,./data/robustness/noise/sigma_10/normalized_32x32/6/6_6_02_ad596076_r02c02__noise_sigma_10.npy,6,6,1,0.9998704481743116,1.6687284708023071,-8.285760879516602,-9.733705520629883,-7.5172224044799805,-5.200410842895508,1.565381646156311,11.266571998596191,-12.064923286437988,-3.4617395401000977,-11.615830421447754,noise,sigma=10/255
6_6_02_ad596076_r02c03__noise_sigma_10,./data/robustness/noise/sigma_10/normalized_32x32/6/6_6_02_ad596076_r02c03__noise_sigma_10.npy,6,6,1,0.9992982950419674,0.2799241542816162,-7.435425758361816,-5.633589744567871,-6.039610385894775,-3.494503974914551,2.0537447929382324,9.478583335876465,-11.58189582824707,-3.6775741577148438,-9.093955993652344,noise,sigma=10/255
6_6_02_ad596076_r02c04__noise_sigma_10,./data/robustness/noise/sigma_10/normalized_32x32/6/6_6_02_ad596076_r02c04__noise_sigma_10.npy,6,6,1,0.9999624954787012,-2.06821346282959,-8.762730598449707,-5.85796594619751,-5.758824825286865,-1.5127071142196655,1.7835729122161865,12.032196044921875,-12.965773582458496,-10.605337142944336,-16.839893341064453,noise,sigma=10/255
6_6_02_ad596076_r03c01__noise_sigma_10,./data/robustness/noise/sigma_10/normalized_32x32/6/6_6_02_ad596076_r03c01__noise_sigma_10.npy,6,6,1,0.9996523582806552,4.300897121429443,-11.966251373291016,-11.741927146911621,-6.4883832931518555,-8.76546859741211,3.135146141052246,12.536223411560059,-12.758526802062988,-8.117506980895996,-13.942256927490234,noise,sigma=10/255
6_6_02_ad596076_r03c02__noise_sigma_10,./data/robustness/noise/sigma_10/normalized_32x32/6/6_6_02_ad596076_r03c02__noise_sigma_10.npy,6,6,1,0.9504287393006647,8.145580291748047,-10.149996757507324,-16.83592987060547,-9.144546508789062,-10.484903335571289,0.06229560077190399,11.099390983581543,-8.087163925170898,-12.275861740112305,-14.654264450073242,noise,sigma=10/255
6_6_02_ad596076_r03c03__noise_sigma_10,./data/robustness/noise/sigma_10/normalized_32x32/6/6_6_02_ad596076_r03c03__noise_sigma_10.npy,6,6,1,0.997119604707855,1.6711064577102661,-6.416801452636719,-12.637212753295898,-7.366328716278076,-5.656729221343994,4.1874518394470215,10.112137794494629,-9.467180252075195,-9.124881744384766,-12.494014739990234,noise,sigma=10/255
6_6_02_ad596076_r03c04__noise_sigma_10,./data/robustness/noise/sigma_10/normalized_32x32/6/6_6_02_ad596076_r03c04__noise_sigma_10.npy,6,6,1,0.7076787655287687,4.632920265197754,-6.243069648742676,-15.936078071594238,-7.136008262634277,-11.047523498535156,2.017629623413086,5.587935447692871,-3.807339668273926,-5.386157512664795,-6.371039390563965,noise,sigma=10/255
6_6_02_ad596076_r04c01__noise_sigma_10,./data/robustness/noise/sigma_10/normalized_32x32/6/6_6_02_ad596076_r04c01__noise_sigma_10.npy,6,6,1,0.9999250545257661,0.33023372292518616,-6.34575080871582,-10.543905258178711,-8.698939323425293,-3.6610898971557617,2.339993953704834,11.96678638458252,-11.201024055480957,-11.524827003479004,-15.50490665435791,noise,sigma=10/255
6_6_02_ad596076_r04c02__noise_sigma_10,./data/robustness/noise/sigma_10/normalized_32x32/6/6_6_02_ad596076_r04c02__noise_sigma_10.npy,6,6,1,0.999924137885746,5.085033893585205,-9.223384857177734,-18.05966567993164,-10.793027877807617,-9.635896682739258,2.5520517826080322,14.647977828979492,-12.027681350708008,-13.46742057800293,-17.6423397064209,noise,sigma=10/255
6_6_02_ad596076_r04c03__noise_sigma_10,./data/robustness/noise/sigma_10/normalized_32x32/6/6_6_02_ad596076_r04c03__noise_sigma_10.npy,6,6,1,0.999872606153735,1.7949652671813965,-10.441802978515625,-15.8211669921875,-8.485319137573242,-10.67231273651123,4.251849174499512,13.302204132080078,-14.449923515319824,-6.245692253112793,-14.206605911254883,noise,sigma=10/255
6_6_02_ad596076_r04c04__noise_sigma_10,./data/robustness/noise/sigma_10/normalized_32x32/6/6_6_02_ad596076_r04c04__noise_sigma_10.npy,6,6,1,0.9068860391444824,-1.247978687286377,-9.101858139038086,-13.343856811523438,-5.2905144691467285,-9.21895694732666,5.691800117492676,7.9691619873046875,-12.968302726745605,-2.9409661293029785,-6.4176025390625,noise,sigma=10/255
7_7_01_254ebf4a_r01c01__noise_sigma_10,./data/robustness/noise/sigma_10/normalized_32x32/7/7_7_01_254ebf4a_r01c01__noise_sigma_10.npy,7,7,1,0.9389507909744851,-3.3665552139282227,0.1941341608762741,-0.47013169527053833,-1.761501669883728,-2.3539421558380127,-3.0612845420837402,-5.80346155166626,3.677003860473633,-2.824601411819458,-1.1382040977478027,noise,sigma=10/255
7_7_01_254ebf4a_r01c02__noise_sigma_10,./data/robustness/noise/sigma_10/normalized_32x32/7/7_7_01_254ebf4a_r01c02__noise_sigma_10.npy,7,7,1,0.9994036189872616,-7.243817329406738,0.4348243772983551,-0.7133089303970337,-4.594477653503418,-1.9278929233551025,-7.107897758483887,-11.705735206604004,8.291980743408203,-4.75745153427124,-1.7058840990066528,noise,sigma=10/255
7_7_01_254ebf4a_r01c03__noise_sigma_10,./data/robustness/noise/sigma_10/normalized_32x32/7/7_7_01_254ebf4a_r01c03__noise_sigma_10.npy,7,7,1,0.9999774405408213,-9.120244979858398,-2.3052358627319336,-4.269125461578369,-6.165019989013672,-0.5785486698150635,-9.442440032958984,-14.353169441223145,11.345617294311523,-8.08088493347168,0.20814701914787292,noise,sigma=10/255
7_7_01_254ebf4a_r01c04__noise_sigma_10,./data/robustness/noise/sigma_10/normalized_32x32/7/7_7_01_254ebf4a_r01c04__noise_sigma_10.npy,7,7,1,0.9999996087403927,-11.157524108886719,-5.303980827331543,-8.191884994506836,-7.840681552886963,-1.3872451782226562,-9.697428703308105,-15.573592185974121,14.192466735839844,-8.800594329833984,-1.1559343338012695,noise,sigma=10/255
7_7_01_254ebf4a_r02c01__noise_sigma_10,./data/robustness/noise/sigma_10/normalized_32x32/7/7_7_01_254ebf4a_r02c01__noise_sigma_10.npy,7,7,1,0.9998971201871402,-13.894387245178223,-4.7362213134765625,-7.089560031890869,-5.08094596862793,1.660662293434143,-9.868946075439453,-14.189718246459961,11.091280937194824,-6.796050071716309,0.38491275906562805,noise,sigma=10/255
7_7_01_254ebf4a_r02c02__noise_sigma_10,./data/robustness/noise/sigma_10/normalized_32x32/7/7_7_01_254ebf4a_r02c02__noise_sigma_10.npy,7,7,1,0.9922924747764742,-6.202723503112793,-1.3707870244979858,-4.02498197555542,-4.082348346710205,0.29089951515197754,-6.003708362579346,-9.170973777770996,6.780167102813721,-3.886406898498535,1.6458848714828491,noise,sigma=10/255
7_7_01_254ebf4a_r02c03__noise_sigma_10,./data/robustness/noise/sigma_10/normalized_32x32/7/7_7_01_254ebf4a_r02c03__noise_sigma_10.npy,7,7,1,0.9999939108250263,-11.842769622802734,-1.4493298530578613,-6.045605659484863,-5.280752182006836,-1.922898292541504,-9.089092254638672,-15.140778541564941,11.36873722076416,-7.340341567993164,-1.9803426265716553,noise,sigma=10/255
7_7_01_254ebf4a_r02c04__noise_sigma_10,./data/robustness/noise/sigma_10/normalized_32x32/7/7_7_01_254ebf4a_r02c04__noise_sigma_10.npy,7,7,1,0.9999976323610913,-6.6816325187683105,-7.05938720703125,-10.745600700378418,-4.770945072174072,-4.113508701324463,-5.958410739898682,-10.963789939880371,11.323237419128418,-6.909818172454834,-1.7999987602233887,noise,sigma=10/255
7_7_01_254ebf4a_r03c01__noise_sigma_10,./data/robustness/noise/sigma_10/normalized_32x32/7/7_7_01_254ebf4a_r03c01__noise_sigma_10.npy,7,7,1,0.9941270501189547,-7.668385982513428,-1.178151249885559,-2.64733624458313,-2.13627028465271,-0.590118944644928,-6.268507957458496,-9.782380104064941,5.989648818969727,-3.4680070877075195,0.24226397275924683,noise,sigma=10/255
7_7_01_254ebf4a_r03c02__noise_sigma_10,./data/robustness/noise/sigma_10/normalized_32x32/7/7_7_01_254ebf4a_r03c02__noise_sigma_10.npy,7,7,1,0.9987005531882921,-8.356132507324219,1.4720933437347412,-3.274169445037842,-5.4096360206604,-2.8873298168182373,-7.418883800506592,-10.845870971679688,8.170927047729492,-3.7754077911376953,-2.108227491378784,noise,sigma=10/255
7_7_01_254ebf4a_r03c03__noise_sigma_10,./data/robustness/noise/sigma_10/normalized_32x32/7/7_7_01_254ebf4a_r03c03__noise_sigma_10.npy,7,7,1,0.9944805253070342,-9.161102294921875,1.687758445739746,-1.174120545387268,-4.291586875915527,-1.6570144891738892,-8.399231910705566,-12.521671295166016,7.033318519592285,-4.121762752532959,-1.0348976850509644,noise,sigma=10/255
7_7_01_254ebf4a_r03c04__noise_sigma_10,./data/robustness/noise/sigma_10/normalized_32x32/7/7_7_01_254ebf4a_r03c04__noise_sigma_10.npy,7,7,1,0.9995764333990386,-9.097405433654785,0.7181671857833862,-3.4372267723083496,-5.464659690856934,-1.5365211963653564,-7.308002471923828,-12.495658874511719,8.697407722473145,-5.016040802001953,-1.4805103540420532,noise,sigma=10/255
7_7_01_254ebf4a_r04c01__noise_sigma_10,./data/robustness/noise/sigma_10/normalized_32x32/7/7_7_01_254ebf4a_r04c01__noise_sigma_10.npy,7,7,1,0.9914320518190332,-6.969181060791016,-0.4846302568912506,-3.389399528503418,-2.8508365154266357,-0.7394230365753174,-5.780627727508545,-9.85992431640625,6.072241306304932,-4.160129547119141,0.933379590511322,noise,sigma=10/255
7_7_01_254ebf4a_r04c02__noise_sigma_10,./data/robustness/noise/sigma_10/normalized_32x32/7/7_7_01_254ebf4a_r04c02__noise_sigma_10.npy,7,7,1,0.9975944857907992,-8.720563888549805,1.8115113973617554,-0.8769031763076782,-4.287644386291504,-1.942523717880249,-7.714352607727051,-11.779882431030273,7.9430155754089355,-4.777220726013184,-2.4304256439208984,noise,sigma=10/255
7_7_01_254ebf4a_r04c03__noise_sigma_10,./data/robustness/noise/sigma_10/normalized_32x32/7/7_7_01_254ebf4a_r04c03__noise_sigma_10.npy,7,7,1,0.9825160149803202,-6.340338706970215,2.0469284057617188,-0.5699802041053772,-3.2606959342956543,-3.0303754806518555,-5.54425048828125,-8.62120246887207,6.177534580230713,-2.214081287384033,-2.774961233139038,noise,sigma=10/255
7_7_01_254ebf4a_r04c04__noise_sigma_10,./data/robustness/noise/sigma_10/normalized_32x32/7/7_7_01_254ebf4a_r04c04__noise_sigma_10.npy,7,7,1,0.9999738045262772,-11.679108619689941,-1.1613423824310303,-5.33755350112915,-4.779284954071045,-1.1468991041183472,-9.298869132995605,-14.592087745666504,10.589587211608887,-7.221836566925049,-0.9269440174102783,noise,sigma=10/255
7_7_02_923c5b16_r01c01__noise_sigma_10,./data/robustness/noise/sigma_10/normalized_32x32/7/7_7_02_923c5b16_r01c01__noise_sigma_10.npy,7,7,1,0.9945781705145219,-5.439942836761475,-0.6491005420684814,-0.9299113154411316,-3.3152008056640625,-0.9661551713943481,-5.47422456741333,-8.170391082763672,5.750808238983154,-3.8587238788604736,-1.049039363861084,noise,sigma=10/255
7_7_02_923c5b16_r01c02__noise_sigma_10,./data/robustness/noise/sigma_10/normalized_32x32/7/7_7_02_923c5b16_r01c02__noise_sigma_10.npy,7,7,1,0.9996337954319239,-9.489299774169922,1.0326417684555054,-2.19201397895813,-4.7408857345581055,-1.4516428709030151,-8.663125991821289,-12.86153793334961,9.124771118164062,-5.439323425292969,-1.6333483457565308,noise,sigma=10/255
7_7_02_923c5b16_r01c03__noise_sigma_10,./data/robustness/noise/sigma_10/normalized_32x32/7/7_7_02_923c5b16_r01c03__noise_sigma_10.npy,7,7,1,0.9999961506946551,-10.343463897705078,-4.168061256408691,-5.428014278411865,-4.420312881469727,-1.9345228672027588,-8.551572799682617,-13.619699478149414,11.442975997924805,-7.780065059661865,-1.7043861150741577,noise,sigma=10/255
7_7_02_923c5b16_r01c04__noise_sigma_10,./data/robustness/noise/sigma_10/normalized_32x32/7/7_7_02_923c5b16_r01c04__noise_sigma_10.npy,7,7,1,0.9999548499132611,-8.35086727142334,-3.586080312728882,-4.469731330871582,-2.7500948905944824,-2.323362112045288,-6.718972206115723,-10.908088684082031,9.001731872558594,-6.0592145919799805,-1.8221083879470825,noise,sigma=10/255
7_7_02_923c5b16_r02c01__noise_sigma_10,./data/robustness/noise/sigma_10/normalized_32x32/7/7_7_02_923c5b16_r02c01__noise_sigma_10.npy,7,7,1,0.9959490774807672,-7.877487659454346,-2.5031893253326416,-4.233501434326172,-3.116055488586426,-0.07294069975614548,-6.407142162322998,-10.289899826049805,6.711174011230469,-4.45281982421875,0.8142525553703308,noise,sigma=10/255
7_7_02_923c5b16_r02c02__noise_sigma_10,./data/robustness/noise/sigma_10/normalized_32x32/7/7_7_02_923c5b16_r02c02__noise_sigma_10.npy,7,7,1,0.9999318840569374,-14.1456298828125,-2.3362412452697754,-4.1894354820251465,-3.4336044788360596,1.513364553451538,-10.618406295776367,-14.469415664672852,11.225106239318848,-8.198200225830078,-0.8628928661346436,noise,sigma=10/255
7_7_02_923c5b16_r02c03__noise_sigma_10,./data/robustness/noise/sigma_10/normalized_32x32/7/7_7_02_923c5b16_r02c03__noise_sigma_10.npy,7,7,1,0.9989470315097595,-8.334263801574707,0.7439199686050415,-2.28747820854187,-3.8664798736572266,-0.6190214157104492,-6.669747829437256,-10.381584167480469,7.963582992553711,-4.390194892883301,-1.3832480907440186,noise,sigma=10/255
7_7_02_923c5b16_r02c04__noise_sigma_10,./data/robustness/noise/sigma_10/normalized_32x32/7/7_7_02_923c5b16_r02c04__noise_sigma_10.npy,7,7,1,0.9999581357192757,-8.93571949005127,-2.502741813659668,-5.703500270843506,-5.488227844238281,-0.9753644466400146,-7.602082252502441,-13.580806732177734,10.954154014587402,-9.537162780761719,0.6561079025268555,noise,sigma=10/255
7_7_02_923c5b16_r03c01__noise_sigma_10,./data/robustness/noise/sigma_10/normalized_32x32/7/7_7_02_923c5b16_r03c01__noise_sigma_10.npy,7,7,1,0.9844465067343354,-8.247730255126953,-0.41101932525634766,-1.0966721773147583,-0.5182260274887085,-2.1370701789855957,-6.934360027313232,-10.05976390838623,4.874269962310791,-2.2729814052581787,-1.3744993209838867,noise,sigma=10/255
7_7_02_923c5b16_r03c02__noise_sigma_10,./data/robustness/noise/sigma_10/normalized_32x32/7/7_7_02_923c5b16_r03c02__noise_sigma_10.npy,7,7,1,0.9996143101652482,-9.890172958374023,-0.9989328980445862,-3.699181079864502,-4.402517318725586,-0.775031328201294,-8.68526840209961,-12.280496597290039,8.598496437072754,-4.96903657913208,0.19841589033603668,noise,sigma=10/255
7_7_02_923c5b16_r03c03__noise_sigma_10,./data/robustness/noise/sigma_10/normalized_32x32/7/7_7_02_923c5b16_r03c03__noise_sigma_10.npy,7,7,1,0.9962205775175191,-7.767612934112549,-0.8059159517288208,-4.560413360595703,-2.0400707721710205,-1.6305087804794312,-5.874992847442627,-8.24140453338623,6.202733516693115,-3.8439931869506836,0.06447568535804749,noise,sigma=10/255
7_7_02_923c5b16_r03c04__noise_sigma_10,./data/robustness/noise/sigma_10/normalized_32x32/7/7_7_02_923c5b16_r03c04__noise_sigma_10.npy,7,7,1,0.9996575635426336,-9.565681457519531,0.5237780809402466,-4.509156703948975,-5.440035820007324,-0.8620573282241821,-8.735466003417969,-13.561314582824707,9.14475154876709,-5.83943510055542,0.07593613862991333,noise,sigma=10/255
7_7_02_923c5b16_r04c01__noise_sigma_10,./data/robustness/noise/sigma_10/normalized_32x32/7/7_7_02_923c5b16_r04c01__noise_sigma_10.npy,7,7,1,0.9999125131708302,-12.851805686950684,-1.922757625579834,-7.413005828857422,-4.334723472595215,-1.7436710596084595,-9.764106750488281,-13.154558181762695,10.012259483337402,-5.174187183380127,0.47651606798171997,noise,sigma=10/255
7_7_02_923c5b16_r04c02__noise_sigma_10,./data/robustness/noise/sigma_10/normalized_32x32/7/7_7_02_923c5b16_r04c02__noise_sigma_10.npy,7,7,1,0.9999207761237436,-12.377280235290527,1.0016523599624634,-8.367023468017578,-5.58713960647583,-5.286456108093262,-6.804805278778076,-12.245264053344727,10.464240074157715,-3.4913830757141113,-4.356882095336914,noise,sigma=10/255
7_7_02_923c5b16_r04c03__noise_sigma_10,./data/robustness/noise/sigma_10/normalized_32x32/7/7_7_02_923c5b16_r04c03__noise_sigma_10.npy,7,7,1,0.9998420776565745,-10.845776557922363,1.6136242151260376,-1.7865877151489258,-6.042884826660156,-3.4326398372650146,-9.628042221069336,-13.548199653625488,10.411171913146973,-4.913669109344482,-4.029545783996582,noise,sigma=10/255
7_7_02_923c5b16_r04c04__noise_sigma_10,./data/robustness/noise/sigma_10/normalized_32x32/7/7_7_02_923c5b16_r04c04__noise_sigma_10.npy,7,7,1,0.9987731118896637,-7.698369979858398,-2.422028064727783,-5.48493766784668,-3.3795080184936523,0.03341054916381836,-6.647360801696777,-11.489437103271484,8.297842025756836,-5.5023193359375,1.325875997543335,noise,sigma=10/255
8_8_01_e470fe0b_r01c01__noise_sigma_10,./data/robustness/noise/sigma_10/normalized_32x32/8/8_8_01_e470fe0b_r01c01__noise_sigma_10.npy,8,8,1,0.9999852789117746,-3.4617862701416016,-7.782353401184082,-0.1999722272157669,-2.087510347366333,-5.248788356781006,-4.014053821563721,-6.382761478424072,-7.711054801940918,11.136764526367188,-4.5456085205078125,noise,sigma=10/255
8_8_01_e470fe0b_r01c02__noise_sigma_10,./data/robustness/noise/sigma_10/normalized_32x32/8/8_8_01_e470fe0b_r01c02__noise_sigma_10.npy,8,8,1,0.9259637279509296,-5.683145046234131,-6.975205898284912,-4.566901206970215,1.7897021770477295,-6.116293430328369,1.6056748628616333,-4.534975051879883,-5.986711502075195,4.933346748352051,-2.279956817626953,noise,sigma=10/255
8_8_01_e470fe0b_r01c03__noise_sigma_10,./data/robustness/noise/sigma_10/normalized_32x32/8/8_8_01_e470fe0b_r01c03__noise_sigma_10.npy,8,8,1,0.9831836789001843,-1.4182263612747192,-8.522534370422363,-2.464951515197754,1.403870701789856,-3.661824941635132,1.0062127113342285,0.16938939690589905,-8.957287788391113,6.19031286239624,-5.8764166831970215,noise,sigma=10/255
8_8_01_e470fe0b_r01c04__noise_sigma_10,./data/robustness/noise/sigma_10/normalized_32x32/8/8_8_01_e470fe0b_r01c04__noise_sigma_10.npy,8,8,1,0.9990144818298244,-2.612581253051758,-11.775857925415039,3.822730541229248,0.2931678593158722,-7.760948181152344,-4.574053764343262,-8.366622924804688,-8.29529094696045,10.774800300598145,-6.901357173919678,noise,sigma=10/255
8_8_01_e470fe0b_r02c01__noise_sigma_10,./data/robustness/noise/sigma_10/normalized_32x32/8/8_8_01_e470fe0b_r02c01__noise_sigma_10.npy,8,8,1,0.9999116755841564,-3.408170223236084,-8.961977005004883,0.9250708818435669,-3.398158073425293,-3.88767671585083,-4.77126407623291,-8.929659843444824,-7.77811336517334,10.310521125793457,-3.3269991874694824,noise,sigma=10/255
8_8_01_e470fe0b_r02c02__noise_sigma_10,./data/robustness/noise/sigma_10/normalized_32x32/8/8_8_01_e470fe0b_r02c02__noise_sigma_10.npy,8,8,1,0.9999977247347039,-3.486065149307251,-8.35438346862793,0.03086790442466736,-5.530257225036621,-5.3872575759887695,-6.15054178237915,-8.772098541259766,-8.262641906738281,13.071601867675781,-4.82359504699707,noise,sigma=10/255
8_8_01_e470fe0b_r02c03__noise_sigma_10,./data/robustness/noise/sigma_10/normalized_32x32/8/8_8_01_e470fe0b_r02c03__noise_sigma_10.npy,8,8,1,0.8996152565435789,-4.2586565017700195,-8.043466567993164,7.611556529998779,-5.909099578857422,-5.1680827140808105,-7.097172260284424,-9.869479179382324,-6.161144733428955,9.804526329040527,-8.94859504699707,noise,sigma=10/255
8_8_01_e470fe0b_r02c04__noise_sigma_10,./data/robustness/noise/sigma_10/normalized_32x32/8/8_8_01_e470fe0b_r02c04__noise_sigma_10.npy,8,8,1,0.9999128845679632,-7.720817565917969,-6.759817123413086,-0.4886360764503479,1.036185622215271,-5.132323741912842,-3.438000202178955,-5.284379005432129,-10.103933334350586,10.59434700012207,-8.100882530212402,noise,sigma=10/255
8_8_01_e470fe0b_r03c01__noise_sigma_10,./data/robustness/noise/sigma_10/normalized_32x32/8/8_8_01_e470fe0b_r03c01__noise_sigma_10.npy,8,8,1,0.9999960669939022,-5.649843215942383,-11.321133613586426,-1.5428460836410522,-0.35724639892578125,-6.924562454223633,-3.3364014625549316,-10.243635177612305,-10.084342002868652,12.449871063232422,-2.990781784057617,noise,sigma=10/255
8_8_01_e470fe0b_r03c02__noise_sigma_10,./data/robustness/noise/sigma_10/normalized_32x32/8/8_8_01_e470fe0b_r03c02__noise_sigma_10.npy,8,8,1,0.9999965398148578,-7.917220115661621,-11.119787216186523,-3.8454434871673584,-2.3513855934143066,-5.276591777801514,-3.5735483169555664,-10.915602684020996,-10.499174118041992,12.286252975463867,-0.5114797949790955,noise,sigma=10/255
8_8_01_e470fe0b_r03c03__noise_sigma_10,./data/robustness/noise/sigma_10/normalized_32x32/8/8_8_01_e470fe0b_r03c03__noise_sigma_10.npy,8,8,1,0.9999999241685364,-6.991865158081055,-11.003074645996094,-5.988818645477295,-2.182147979736328,-5.7594075202941895,-4.529330253601074,-9.943751335144043,-11.666780471801758,14.98632526397705,-2.1690292358398438,noise,sigma=10/255
8_8_01_e470fe0b_r03c04__noise_sigma_10,./data/robustness/noise/sigma_10/normalized_32x32/8/8_8_01_e470fe0b_r03c04__noise_sigma_10.npy,8,8,1,0.999997921108369,-5.148283958435059,-5.432007312774658,-3.630197286605835,-3.4082303047180176,-4.788974761962891,-3.336533308029175,-5.560580253601074,-6.9907450675964355,11.086962699890137,-4.054803371429443,noise,sigma=10/255
8_8_01_e470fe0b_r04c01__noise_sigma_10,./data/robustness/noise/sigma_10/normalized_32x32/8/8_8_01_e470fe0b_r04c01__noise_sigma_10.npy,8,8,1,0.999999418504212,-4.976897716522217,-9.230207443237305,-2.268833875656128,-1.9140961170196533,-5.5936079025268555,-4.139158725738525,-7.525999546051025,-9.847358703613281,13.107067108154297,-4.805612564086914,noise,sigma=10/255
8_8_01_e470fe0b_r04c02__noise_sigma_10,./data/robustness/noise/sigma_10/normalized_32x32/8/8_8_01_e470fe0b_r04c02__noise_sigma_10.npy,8,8,1,0.9999987275466333,-4.03941011428833,-9.087431907653809,0.15189000964164734,-6.9438796043396,-4.96760368347168,-5.532060623168945,-9.890541076660156,-8.660051345825195,13.761068344116211,-4.494308948516846,noise,sigma=10/255
8_8_01_e470fe0b_r04c03__noise_sigma_10,./data/robustness/noise/sigma_10/normalized_32x32/8/8_8_01_e470fe0b_r04c03__noise_sigma_10.npy,8,8,1,0.9999982014215781,-6.156134128570557,-11.828988075256348,-1.5204827785491943,-4.324217796325684,-6.947399616241455,-6.904197692871094,-11.358538627624512,-9.833505630493164,13.102243423461914,-0.43793147802352905,noise,sigma=10/255
8_8_01_e470fe0b_r04c04__noise_sigma_10,./data/robustness/noise/sigma_10/normalized_32x32/8/8_8_01_e470fe0b_r04c04__noise_sigma_10.npy,8,8,1,0.9999989408050386,-0.7893542051315308,-12.518214225769043,-1.979984998703003,-3.1242504119873047,-8.1416015625,-3.024691581726074,-8.175600051879883,-11.075427055358887,13.42890453338623,-3.374642848968506,noise,sigma=10/255
8_8_02_b36c8633_r01c01__noise_sigma_10,./data/robustness/noise/sigma_10/normalized_32x32/8/8_8_02_b36c8633_r01c01__noise_sigma_10.npy,8,8,1,0.9999986193160364,-3.4551806449890137,-6.165929317474365,-1.5383377075195312,-5.152776718139648,-4.832435607910156,-4.423357963562012,-5.604477882385254,-7.943063735961914,12.249605178833008,-4.583044528961182,noise,sigma=10/255
8_8_02_b36c8633_r01c02__noise_sigma_10,./data/robustness/noise/sigma_10/normalized_32x32/8/8_8_02_b36c8633_r01c02__noise_sigma_10.npy,8,8,1,0.9998808209644982,-7.401476860046387,-10.503459930419922,-3.1786797046661377,3.3256397247314453,-6.995594024658203,-3.922044277191162,-9.154318809509277,-12.60103702545166,12.362772941589355,-5.855560302734375,noise,sigma=10/255
8_8_02_b36c8633_r01c03__noise_sigma_10,./data/robustness/noise/sigma_10/normalized_32x32/8/8_8_02_b36c8633_r01c03__noise_sigma_10.npy,8,8,1,0.9999821884744801,-7.07206916809082,-6.358239650726318,-2.590864896774292,-2.00626802444458,-6.3669304847717285,-3.8180019855499268,-7.301950454711914,-7.275183200836182,9.724468231201172,-2.800750494003296,noise,sigma=10/255
8_8_02_b36c8633_r01c04__noise_sigma_10,./data/robustness/noise/sigma_10/normalized_32x32/8/8_8_02_b36c8633_r01c04__noise_sigma_10.npy,8,8,1,0.9999619057989845,-8.004128456115723,-12.107983589172363,-4.961550712585449,2.113466501235962,-7.959672927856445,-1.713472843170166,-6.165177345275879,-13.17878246307373,12.312053680419922,-5.511784076690674,noise,sigma=10/255
8_8_02_b36c8633_r02c01__noise_sigma_10,./data/robustness/noise/sigma_10/normalized_32x32/8/8_8_02_b36c8633_r02c01__noise_sigma_10.npy,8,8,1,0.9999998598573302,-5.4211626052856445,-8.63961410522461,-5.771010398864746,-3.5817184448242188,-4.695555210113525,-2.498013496398926,-5.5656914710998535,-11.257756233215332,13.859484672546387,-4.155650615692139,noise,sigma=10/255
8_8_02_b36c8633_r02c02__noise_sigma_10,./data/robustness/noise/sigma_10/normalized_32x32/8/8_8_02_b36c8633_r02c02__noise_sigma_10.npy,8,8,1,0.9993286061406857,-7.811032295227051,-8.630561828613281,-4.120875358581543,0.711209774017334,-5.924079895019531,-1.3806836605072021,-6.977261543273926,-8.411751747131348,8.319267272949219,-0.8040624260902405,noise,sigma=10/255
8_8_02_b36c8633_r02c03__noise_sigma_10,./data/robustness/noise/sigma_10/normalized_32x32/8/8_8_02_b36c8633_r02c03__noise_sigma_10.npy,8,8,1,0.9988221331648037,1.070055365562439,-6.4518537521362305,-0.7596510648727417,-4.528573989868164,-4.366316795349121,-4.503260612487793,-3.9992895126342773,-6.394900321960449,8.000600814819336,-2.5521864891052246,noise,sigma=10/255
8_8_02_b36c8633_r02c04__noise_sigma_10,./data/robustness/noise/sigma_10/normalized_32x32/8/8_8_02_b36c8633_r02c04__noise_sigma_10.npy,8,8,1,0.9406045914960172,-2.9576573371887207,-7.876887321472168,2.046104907989502,1.7834720611572266,-4.072747230529785,-0.7195330858230591,-3.5250296592712402,-6.994122505187988,5.420863628387451,-7.128406524658203,noise,sigma=10/255
8_8_02_b36c8633_r03c01__noise_sigma_10,./data/robustness/noise/sigma_10/normalized_32x32/8/8_8_02_b36c8633_r03c01__noise_sigma_10.npy,8,8,1,0.9999933197203178,-2.7351784706115723,-9.685076713562012,-0.793819010257721,-3.4970147609710693,-4.572131633758545,-3.2389936447143555,-7.56827449798584,-8.760271072387695,11.456068992614746,-3.394711494445801,noise,sigma=10/255
8_8_02_b36c8633_r03c02__noise_sigma_10,./data/robustness/noise/sigma_10/normalized_32x32/8/8_8_02_b36c8633_r03c02__noise_sigma_10.npy,8,8,1,0.9999487741164946,-5.667166233062744,-8.545372009277344,-6.499151229858398,-0.08151659369468689,-6.5862627029418945,0.5085431933403015,-4.153735160827637,-9.856950759887695,10.83838939666748,-5.927797317504883,noise,sigma=10/255
8_8_02_b36c8633_r03c03__noise_sigma_10,./data/robustness/noise/sigma_10/normalized_32x32/8/8_8_02_b36c8633_r03c03__noise_sigma_10.npy,8,8,1,0.9999999823334863,-5.2711968421936035,-7.558975696563721,-5.593616485595703,-5.541280269622803,-4.7844061851501465,-5.233339309692383,-8.449577331542969,-9.619961738586426,15.11928939819336,-3.2756567001342773,noise,sigma=10/255
8_8_02_b36c8633_r03c04__noise_sigma_10,./data/robustness/noise/sigma_10/normalized_32x32/8/8_8_02_b36c8633_r03c04__noise_sigma_10.npy,8,8,1,0.9999986972193916,-5.515680313110352,-9.826070785522461,-2.9774701595306396,-1.755714774131775,-5.448770523071289,-3.632467746734619,-8.843634605407715,-11.109779357910156,12.504171371459961,-2.3821449279785156,noise,sigma=10/255
8_8_02_b36c8633_r04c01__noise_sigma_10,./data/robustness/noise/sigma_10/normalized_32x32/8/8_8_02_b36c8633_r04c01__noise_sigma_10.npy,8,8,1,0.9999075198699227,-3.577974796295166,-9.818072319030762,-2.7075088024139404,-1.7439754009246826,-5.403714179992676,-1.9955081939697266,-7.975679397583008,-9.558097839355469,9.618353843688965,-0.01969468593597412,noise,sigma=10/255
8_8_02_b36c8633_r04c02__noise_sigma_10,./data/robustness/noise/sigma_10/normalized_32x32/8/8_8_02_b36c8633_r04c02__noise_sigma_10.npy,8,8,1,0.9999568769780566,-1.0064671039581299,-9.897061347961426,0.7556788921356201,-3.1622085571289062,-5.7201762199401855,-4.431224822998047,-8.6030912399292,-7.927978038787842,10.995064735412598,-4.093335151672363,noise,sigma=10/255
8_8_02_b36c8633_r04c03__noise_sigma_10,./data/robustness/noise/sigma_10/normalized_32x32/8/8_8_02_b36c8633_r04c03__noise_sigma_10.npy,8,8,1,0.9999999617136325,-4.624248027801514,-14.12470817565918,-2.404536247253418,-1.8460887670516968,-8.310168266296387,-4.662543296813965,-11.963340759277344,-12.173590660095215,15.913586616516113,-3.1149754524230957,noise,sigma=10/255
8_8_02_b36c8633_r04c04__noise_sigma_10,./data/robustness/noise/sigma_10/normalized_32x32/8/8_8_02_b36c8633_r04c04__noise_sigma_10.npy,8,8,1,0.9999997048247403,-6.804718017578125,-10.719490051269531,0.36511117219924927,-3.9069643020629883,-4.895682334899902,-5.491235733032227,-10.490263938903809,-11.836893081665039,15.423843383789062,-7.258960723876953,noise,sigma=10/255
9_9_01_852a4a6b_r01c01__noise_sigma_10,./data/robustness/noise/sigma_10/normalized_32x32/9/9_9_01_852a4a6b_r01c01__noise_sigma_10.npy,9,9,1,0.98590636810521,-7.934686660766602,-3.134298801422119,-4.944799423217773,-3.115206241607666,3.544279098510742,-5.592809677124023,-10.822620391845703,-0.17046239972114563,-4.376660346984863,7.819332122802734,noise,sigma=10/255
9_9_01_852a4a6b_r01c02__noise_sigma_10,./data/robustness/noise/sigma_10/normalized_32x32/9/9_9_01_852a4a6b_r01c02__noise_sigma_10.npy,9,9,1,0.9970799595814179,-7.524193286895752,-3.532977342605591,-6.093349456787109,-3.2706174850463867,2.351778030395508,-5.5304155349731445,-10.723374366760254,0.33167847990989685,-3.999093770980835,8.317294120788574,noise,sigma=10/255
9_9_01_852a4a6b_r01c03__noise_sigma_10,./data/robustness/noise/sigma_10/normalized_32x32/9/9_9_01_852a4a6b_r01c03__noise_sigma_10.npy,9,9,1,0.998484680689601,-8.993500709533691,-4.19277286529541,-7.005559921264648,-3.433216094970703,3.006804943084717,-6.401627063751221,-12.896141052246094,0.5938733816146851,-5.338068962097168,9.585672378540039,noise,sigma=10/255
9_9_01_852a4a6b_r01c04__noise_sigma_10,./data/robustness/noise/sigma_10/normalized_32x32/9/9_9_01_852a4a6b_r01c04__noise_sigma_10.npy,9,9,1,0.9993994866744506,-8.982431411743164,-2.279024839401245,-8.619295120239258,-4.040148735046387,1.2077999114990234,-5.6926469802856445,-12.775238037109375,0.43920454382896423,-2.406618356704712,9.048591613769531,noise,sigma=10/255
9_9_01_852a4a6b_r02c01__noise_sigma_10,./data/robustness/noise/sigma_10/normalized_32x32/9/9_9_01_852a4a6b_r02c01__noise_sigma_10.npy,9,9,1,0.9899815607146133,-10.093282699584961,-4.800789833068848,-7.0577392578125,-4.2304487228393555,4.749993324279785,-6.415624141693115,-12.769566535949707,1.5188430547714233,-6.419719696044922,9.382227897644043,noise,sigma=10/255
9_9_01_852a4a6b_r02c02__noise_sigma_10,./data/robustness/noise/sigma_10/normalized_32x32/9/9_9_01_852a4a6b_r02c02__noise_sigma_10.npy,9,9,1,0.9995123630922836,-12.2264404296875,-6.216031074523926,-7.7360148429870605,-3.862323760986328,4.66718864440918,-6.915622234344482,-16.852746963500977,-1.2778681516647339,-7.652774810791016,12.295489311218262,noise,sigma=10/255
9_9_01_852a4a6b_r02c03__noise_sigma_10,./data/robustness/noise/sigma_10/normalized_32x32/9/9_9_01_852a4a6b_r02c03__noise_sigma_10.npy,9,8,0,0.6010553108174821,-4.517376899719238,-1.0749225616455078,-4.956320285797119,-4.035323619842529,-1.044283151626587,-4.387309551239014,-6.017609596252441,-0.34601348638534546,3.023315906524658,2.501009225845337,noise,sigma=10/255
9_9_01_852a4a6b_r02c04__noise_sigma_10,./data/robustness/noise/sigma_10/normalized_32x32/9/9_9_01_852a4a6b_r02c04__noise_sigma_10.npy,9,9,1,0.998934838630885,-9.984357833862305,-4.661689281463623,-7.892775058746338,-2.8771371841430664,1.1434786319732666,-4.416008949279785,-10.486715316772461,-2.0367653369903564,-1.2700215578079224,8.132028579711914,noise,sigma=10/255
9_9_01_852a4a6b_r03c01__noise_sigma_10,./data/robustness/noise/sigma_10/normalized_32x32/9/9_9_01_852a4a6b_r03c01__noise_sigma_10.npy,9,9,1,0.7191389484269598,-7.804074764251709,-2.0741305351257324,-5.787258148193359,-5.341991901397705,4.7342681884765625,-4.9626078605651855,-9.137310028076172,-1.3688617944717407,-2.518547296524048,5.678637504577637,noise,sigma=10/255
9_9_01_852a4a6b_r03c02__noise_sigma_10,./data/robustness/noise/sigma_10/normalized_32x32/9/9_9_01_852a4a6b_r03c02__noise_sigma_10.npy,9,9,1,0.9532859968336141,-5.1885480880737305,-1.7065013647079468,-3.7638537883758545,-1.5998114347457886,1.6831127405166626,-2.996070623397827,-7.17473840713501,-0.4068801999092102,-2.318693161010742,4.904358863830566,noise,sigma=10/255
9_9_01_852a4a6b_r03c03__noise_sigma_10,./data/robustness/noise/sigma_10/normalized_32x32/9/9_9_01_852a4a6b_r03c03__noise_sigma_10.npy,9,9,1,0.9999518100812371,-7.920811176300049,-6.163687229156494,-9.653950691223145,-0.5858500003814697,-2.1996819972991943,-5.4382243156433105,-14.187931060791016,-5.424732208251953,-1.9838578701019287,9.737332344055176,noise,sigma=10/255
9_9_01_852a4a6b_r03c04__noise_sigma_10,./data/robustness/noise/sigma_10/normalized_32x32/9/9_9_01_852a4a6b_r03c04__noise_sigma_10.npy,9,9,1,0.96712466023368,-10.149249076843262,-3.5916106700897217,-8.694822311401367,-6.711676120758057,5.73134708404541,-6.75255012512207,-11.071168899536133,0.09913754463195801,-4.887845516204834,9.116647720336914,noise,sigma=10/255
9_9_01_852a4a6b_r04c01__noise_sigma_10,./data/robustness/noise/sigma_10/normalized_32x32/9/9_9_01_852a4a6b_r04c01__noise_sigma_10.npy,9,9,1,0.9982074015552448,-11.635418891906738,-5.129834175109863,-7.50337028503418,-6.1418561935424805,4.944520950317383,-8.0451021194458,-13.739821434020996,-0.5018047094345093,-5.584465026855469,11.271208763122559,noise,sigma=10/255
9_9_01_852a4a6b_r04c02__noise_sigma_10,./data/robustness/noise/sigma_10/normalized_32x32/9/9_9_01_852a4a6b_r04c02__noise_sigma_10.npy,9,9,1,0.9996702805562301,-10.732911109924316,-3.8915205001831055,-9.22436809539795,-3.8846421241760254,2.240267753601074,-6.212317943572998,-13.497659683227539,-1.0517354011535645,-2.550938606262207,10.306061744689941,noise,sigma=10/255
9_9_01_852a4a6b_r04c03__noise_sigma_10,./data/robustness/noise/sigma_10/normalized_32x32/9/9_9_01_852a4a6b_r04c03__noise_sigma_10.npy,9,9,1,0.9996613208094521,-8.00517463684082,-5.25936222076416,-5.220789909362793,-3.6789748668670654,1.1228433847427368,-5.825128555297852,-11.584795951843262,-2.1289381980895996,-4.356575012207031,9.167083740234375,noise,sigma=10/255
9_9_01_852a4a6b_r04c04__noise_sigma_10,./data/robustness/noise/sigma_10/normalized_32x32/9/9_9_01_852a4a6b_r04c04__noise_sigma_10.npy,9,9,1,0.9991976126539466,-7.189855098724365,-4.044924736022949,-5.81573486328125,-3.644153356552124,1.3784749507904053,-4.562788009643555,-10.947537422180176,-0.8389527797698975,-4.75333309173584,8.62393856048584,noise,sigma=10/255
9_9_02_2f49434b_r01c01__noise_sigma_10,./data/robustness/noise/sigma_10/normalized_32x32/9/9_9_02_2f49434b_r01c01__noise_sigma_10.npy,9,9,1,0.9965258968633784,-6.065375328063965,-2.9272449016571045,-6.875607013702393,-1.8376126289367676,0.5478888750076294,-4.459645748138428,-7.934385776519775,-0.5797551274299622,-1.7997890710830688,6.645869731903076,noise,sigma=10/255
9_9_02_2f49434b_r01c02__noise_sigma_10,./data/robustness/noise/sigma_10/normalized_32x32/9/9_9_02_2f49434b_r01c02__noise_sigma_10.npy,9,9,1,0.994219912395958,-8.578145027160645,-3.995668888092041,-6.925570011138916,-4.639544486999512,4.0554070472717285,-5.3007893562316895,-11.158127784729004,0.3502885401248932,-5.57581090927124,9.227889060974121,noise,sigma=10/255
9_9_02_2f49434b_r01c03__noise_sigma_10,./data/robustness/noise/sigma_10/normalized_32x32/9/9_9_02_2f49434b_r01c03__noise_sigma_10.npy,9,8,0,0.6254995411141432,-2.843980312347412,-1.2358853816986084,-3.113382339477539,-2.735700845718384,-2.195239543914795,-3.8666558265686035,-5.620896816253662,1.6330242156982422,2.5249123573303223,0.5679445266723633,noise,sigma=10/255
9_9_02_2f49434b_r01c04__noise_sigma_10,./data/robustness/noise/sigma_10/normalized_32x32/9/9_9_02_2f49434b_r01c04__noise_sigma_10.npy,9,9,1,0.9992301693959125,-9.520624160766602,-4.4954833984375,-7.118797779083252,-1.072869896888733,1.0220239162445068,-6.043010234832764,-12.354555130004883,-1.174914836883545,-2.902937650680542,8.421037673950195,noise,sigma=10/255
9_9_02_2f49434b_r02c01__noise_sigma_10,./data/robustness/noise/sigma_10/normalized_32x32/9/9_9_02_2f49434b_r02c01__noise_sigma_10.npy,9,9,1,0.9977177372656019,-9.45583438873291,-4.206486225128174,-9.592382431030273,-4.244472026824951,2.814584493637085,-6.069235801696777,-10.850722312927246,1.1154046058654785,-3.6949081420898438,9.065662384033203,noise,sigma=10/255
9_9_02_2f49434b_r02c02__noise_sigma_10,./data/robustness/noise/sigma_10/normalized_32x32/9/9_9_02_2f49434b_r02c02__noise_sigma_10.npy,9,9,1,0.9998375659720259,-12.325872421264648,-5.652240753173828,-10.557295799255371,-6.088850975036621,3.0924856662750244,-7.1945109367370605,-12.824484825134277,-1.9456565380096436,-3.2925400733947754,11.825996398925781,noise,sigma=10/255
9_9_02_2f49434b_r02c03__noise_sigma_10,./data/robustness/noise/sigma_10/normalized_32x32/9/9_9_02_2f49434b_r02c03__noise_sigma_10.npy,9,9,1,0.9984773641749889,-8.31372356414795,-4.179383277893066,-8.834997177124023,-4.818110942840576,2.8783838748931885,-6.673343181610107,-9.680830001831055,-0.6122260093688965,-2.9736175537109375,9.39834976196289,noise,sigma=10/255
9_9_02_2f49434b_r02c04__noise_sigma_10,./data/robustness/noise/sigma_10/normalized_32x32/9/9_9_02_2f49434b_r02c04__noise_sigma_10.npy,9,1,0,0.9188371239753732,-5.7807159423828125,4.243930339813232,-9.385284423828125,-7.130080223083496,-0.17285755276679993,-3.3036952018737793,-6.02897310256958,0.14023460447788239,1.1110293865203857,0.07943884283304214,noise,sigma=10/255
9_9_02_2f49434b_r03c01__noise_sigma_10,./data/robustness/noise/sigma_10/normalized_32x32/9/9_9_02_2f49434b_r03c01__noise_sigma_10.npy,9,4,0,0.7275872237428961,-9.987926483154297,-2.649553060531616,-8.452712059020996,-7.663060665130615,5.779036521911621,-7.49293327331543,-9.408825874328613,-0.6231430172920227,-1.1811752319335938,4.789034843444824,noise,sigma=10/255
9_9_02_2f49434b_r03c02__noise_sigma_10,./data/robustness/noise/sigma_10/normalized_32x32/9/9_9_02_2f49434b_r03c02__noise_sigma_10.npy,9,9,1,0.9729739211046052,-6.493106842041016,-3.8837149143218994,-5.581253528594971,-5.8889641761779785,3.0946149826049805,-6.413776874542236,-8.7186279296875,-2.420022487640381,-0.10151050984859467,6.72345495223999,noise,sigma=10/255
9_9_02_2f49434b_r03c03__noise_sigma_10,./data/robustness/noise/sigma_10/normalized_32x32/9/9_9_02_2f49434b_r03c03__noise_sigma_10.npy,9,9,1,0.9805777926257621,-4.593900680541992,-3.170738458633423,-2.003217935562134,-2.3264620304107666,-0.08449018746614456,-3.442168712615967,-7.01668119430542,-0.6263271570205688,-0.9394082427024841,4.6927170753479,noise,sigma=10/255
9_9_02_2f49434b_r03c04__noise_sigma_10,./data/robustness/noise/sigma_10/normalized_32x32/9/9_9_02_2f49434b_r03c04__noise_sigma_10.npy,9,9,1,0.9910551768747853,-8.815021514892578,-2.3595824241638184,-8.466292381286621,-5.916952133178711,3.629303455352783,-6.401571750640869,-11.494132995605469,-0.8136419057846069,-2.3246231079101562,8.35384464263916,noise,sigma=10/255
9_9_02_2f49434b_r04c01__noise_sigma_10,./data/robustness/noise/sigma_10/normalized_32x32/9/9_9_02_2f49434b_r04c01__noise_sigma_10.npy,9,9,1,0.9964940192716136,-7.731039047241211,-5.714748382568359,-6.823493957519531,-3.1734063625335693,3.0268423557281494,-5.731485843658447,-12.670550346374512,-4.6157073974609375,-2.9182169437408447,8.68211841583252,noise,sigma=10/255
9_9_02_2f49434b_r04c02__noise_sigma_10,./data/robustness/noise/sigma_10/normalized_32x32/9/9_9_02_2f49434b_r04c02__noise_sigma_10.npy,9,9,1,0.9819658443897565,-8.358153343200684,-4.4903883934021,-6.459565162658691,-5.273677349090576,4.248240947723389,-6.309788703918457,-9.370643615722656,-1.5796759128570557,-3.4394288063049316,8.249212265014648,noise,sigma=10/255
9_9_02_2f49434b_r04c03__noise_sigma_10,./data/robustness/noise/sigma_10/normalized_32x32/9/9_9_02_2f49434b_r04c03__noise_sigma_10.npy,9,9,1,0.99478163363956,-10.834564208984375,-4.491757869720459,-7.416741371154785,-5.887341499328613,5.383225440979004,-7.745977401733398,-13.308197021484375,-1.205740213394165,-5.581518650054932,10.635025024414062,noise,sigma=10/255
9_9_02_2f49434b_r04c04__noise_sigma_10,./data/robustness/noise/sigma_10/normalized_32x32/9/9_9_02_2f49434b_r04c04__noise_sigma_10.npy,9,9,1,0.989960295441298,-6.227237224578857,-2.90688419342041,-3.901689291000366,-3.1921541690826416,1.9603910446166992,-5.825608730316162,-9.146442413330078,0.2383551001548767,-3.8844995498657227,6.732686996459961,noise,sigma=10/255
