sample_index,preprocessing,true_label,fp32_prediction,w4a4_prediction,fp32_correct,w4a4_correct,fp32_w4a4_same,w4a4_logit_0,w4a4_logit_1,w4a4_logit_2,w4a4_logit_3,w4a4_logit_4,w4a4_logit_5,w4a4_logit_6,w4a4_logit_7,w4a4_logit_8,w4a4_logit_9
0,pad,7,7,7,1,1,1,-3,0,0,0,0,-1,-4,3,-1,-1
1,pad,2,2,2,1,1,1,0,1,5,-1,-2,-3,-1,0,-2,-4
2,pad,1,1,1,1,1,1,-2,3,-1,-3,-1,0,-1,0,-1,-1
3,pad,0,0,0,1,1,1,4,-2,-2,0,-1,0,2,-1,-1,0
4,pad,4,4,4,1,1,1,-2,-1,-1,-2,3,-2,-3,0,-1,2
5,pad,1,1,1,1,1,1,-2,4,-1,-3,-1,-1,-3,0,-1,-1
6,pad,4,4,4,1,1,1,-4,0,-2,-3,3,-1,-2,-1,1,1
7,pad,9,9,9,1,1,1,-2,0,-1,0,0,-1,-3,-1,-1,3
8,pad,5,5,5,1,1,1,-1,-1,-1,-1,-2,4,0,-1,0,1
9,pad,9,9,9,1,1,1,-3,-2,-3,-2,1,-2,-5,1,-1,3
10,pad,0,0,0,1,1,1,5,-2,0,-1,-3,-1,0,-1,-1,-1
11,pad,6,6,6,1,1,1,0,-1,-3,-2,-1,2,5,-3,0,-3
12,pad,9,9,9,1,1,1,-1,-1,-2,-1,0,-2,-4,0,-1,3
13,pad,0,0,0,1,1,1,5,-2,-2,-2,-2,0,0,0,-1,0
14,pad,1,1,1,1,1,1,-3,3,0,0,-1,0,-2,1,-2,-2
15,pad,5,5,5,1,1,1,-2,0,-2,2,-2,4,-1,-1,0,0
16,pad,9,9,9,1,1,1,-2,-2,-3,-1,0,-2,-4,0,-1,5
17,pad,7,7,7,1,1,1,-2,0,1,0,-1,-1,-5,4,-1,-2
18,pad,3,8,3,0,1,0,-2,-1,0,2,-2,1,0,-1,2,-1
19,pad,4,4,4,1,1,1,-3,0,-1,-2,3,-1,-3,0,-3,0
20,pad,9,9,7,1,0,0,-1,-1,-1,-1,0,-1,-4,1,-1,1
21,pad,6,6,6,1,1,1,-2,-1,-2,-1,-1,2,3,-2,1,-2
22,pad,6,6,6,1,1,1,-2,-1,-3,-2,0,1,5,-3,0,-3
23,pad,5,5,5,1,1,1,-2,-2,-1,1,-3,5,0,-2,0,1
24,pad,4,4,4,1,1,1,-2,0,-1,-3,4,-2,-2,-1,-2,0
25,pad,0,0,0,1,1,1,3,-3,-2,-2,-1,-1,1,-1,0,0
26,pad,7,7,7,1,1,1,-2,0,-1,0,0,-1,-4,3,-2,1
27,pad,4,4,4,1,1,1,-3,-1,-1,-3,5,-2,-4,-1,-2,0
28,pad,0,0,0,1,1,1,4,-1,1,-1,-3,0,-1,-1,-1,-2
29,pad,1,1,1,1,1,1,-3,4,-1,-3,0,-1,-2,0,-2,0
30,pad,3,3,3,1,1,1,-2,-1,-1,5,-4,1,-2,-1,0,-1
31,pad,1,1,1,1,1,1,-2,3,-1,-2,-1,-1,-2,0,-1,0
32,pad,3,3,3,1,1,1,-4,0,0,5,-4,1,-2,-1,0,-2
33,pad,4,4,4,1,1,1,-1,0,0,-3,3,-1,-1,-1,-2,0
34,pad,7,7,7,1,1,1,-2,0,0,0,-1,-1,-4,3,-1,-1
35,pad,2,2,2,1,1,1,-1,0,5,0,-3,-4,-2,0,-1,-3
36,pad,7,7,7,1,1,1,-2,0,1,0,-1,-2,-3,3,-2,-2
37,pad,1,1,1,1,1,1,-3,4,-1,-3,0,-1,-1,0,-1,-1
38,pad,2,2,2,1,1,1,0,1,4,0,-2,-2,-1,0,-1,-3
39,pad,1,1,1,1,1,1,-2,3,-1,-3,-1,0,0,-1,-2,0
40,pad,1,1,1,1,1,1,-2,2,-1,-1,0,0,-2,1,-1,0
41,pad,7,7,7,1,1,1,-1,0,1,0,0,-1,-3,2,-1,-2
42,pad,4,4,4,1,1,1,-4,0,-2,-4,4,-2,-3,-1,-3,0
43,pad,2,2,2,1,1,1,0,1,3,-1,-1,-1,0,-1,-3,-4
44,pad,3,3,3,1,1,1,-1,-1,0,3,-2,1,-1,-1,0,-1
45,pad,5,5,5,1,1,1,-1,-2,-3,-1,-2,5,0,-2,1,0
46,pad,1,1,1,1,1,1,-3,4,-1,-2,0,0,-2,0,-2,0
47,pad,2,2,2,1,1,1,-1,1,4,0,-1,-2,-1,0,-1,-4
48,pad,4,4,4,1,1,1,-3,0,-1,-3,4,-2,-4,-1,-2,1
49,pad,4,4,4,1,1,1,-3,-1,-1,-3,4,-2,-3,0,-2,1
50,pad,6,6,6,1,1,1,1,-1,-2,-2,-1,1,5,-3,-1,-2
51,pad,3,3,3,1,1,1,-3,0,0,4,-3,1,-2,0,0,-2
52,pad,5,5,5,1,1,1,-1,-1,-1,1,-2,4,0,-1,0,0
53,pad,5,5,5,1,1,1,-2,-1,-2,0,-1,3,0,-1,1,0
54,pad,6,6,6,1,1,1,-1,-1,-3,-3,-1,1,6,-3,1,-3
55,pad,0,0,0,1,1,1,5,-2,-1,-1,-3,0,0,-1,0,-1
56,pad,4,4,4,1,1,1,-3,-1,-1,-3,5,-1,-3,-1,-2,0
57,pad,1,1,1,1,1,1,-1,3,0,-2,-2,-1,-1,0,-1,-2
58,pad,9,9,9,1,1,1,-2,-2,-3,-1,1,-2,-5,1,-1,4
59,pad,5,5,5,1,1,1,-1,-1,-2,0,-1,3,-1,-1,0,1
60,pad,7,7,7,1,1,1,-3,0,0,1,-1,-1,-4,3,-1,-1
61,pad,8,8,8,1,1,1,-1,-2,1,1,-3,-1,-2,-2,4,1
62,pad,9,9,9,1,1,1,-1,-1,-1,-1,0,0,-1,-1,0,2
63,pad,3,3,3,1,1,1,-1,-2,0,4,-3,-1,-3,-1,1,0
64,pad,7,7,7,1,1,1,-4,0,1,1,0,-1,-4,3,-1,-2
65,pad,4,4,4,1,1,1,-2,0,-1,-1,2,0,-2,0,-2,1
66,pad,6,6,6,1,1,1,0,-1,-3,-2,0,0,4,-2,-1,-2
67,pad,4,4,4,1,1,1,-3,-1,-1,-3,4,-1,-3,-1,-2,0
68,pad,3,3,3,1,1,1,-2,-1,-1,5,-4,0,-3,-1,1,-1
69,pad,0,0,0,1,1,1,4,-3,-2,0,-1,0,2,-2,0,0
70,pad,7,7,7,1,1,1,-2,-1,0,0,-1,-1,-4,4,-1,-1
71,pad,0,0,0,1,1,1,5,-3,-1,-2,-2,-2,1,-1,-1,-1
72,pad,2,2,2,1,1,1,-1,0,5,1,-3,-3,-2,0,-1,-3
73,pad,9,9,9,1,1,1,-2,-3,-4,-2,1,-2,-5,0,1,3
74,pad,1,1,1,1,1,1,-3,3,-2,-3,0,0,-2,0,-2,0
75,pad,7,7,7,1,1,1,-4,1,0,-1,1,-2,-4,4,-2,-1
76,pad,3,3,3,1,1,1,-3,0,-1,5,-3,1,-2,-1,0,-1
77,pad,2,2,2,1,1,1,0,1,4,0,-2,-2,-1,0,-1,-4
78,pad,9,9,9,1,1,1,-2,-1,-2,-1,1,-2,-3,-1,1,2
79,pad,7,7,7,1,1,1,-2,-1,0,1,0,-2,-4,3,-1,0
80,pad,7,7,7,1,1,1,-1,1,0,-1,0,0,-3,2,-1,-1
81,pad,6,6,6,1,1,1,0,-1,-3,-2,0,1,4,-3,0,-1
82,pad,2,2,2,1,1,1,-2,1,6,1,-3,-4,-2,0,-2,-5
83,pad,7,7,7,1,1,1,-1,0,0,-1,-1,-1,-4,4,-1,-1
84,pad,8,8,8,1,1,1,-3,-2,-2,-1,0,1,1,-3,5,-1
85,pad,4,4,4,1,1,1,-3,-1,-1,-3,4,-2,-3,0,-2,-1
86,pad,7,7,7,1,1,1,-3,0,0,0,0,-2,-4,4,-1,-1
87,pad,3,3,3,1,1,1,-3,0,-1,4,-2,1,-2,0,-1,-2
88,pad,6,6,6,1,1,1,-1,-1,-2,-3,0,1,6,-3,0,-3
89,pad,1,1,1,1,1,1,-2,3,-1,-2,-1,-1,-1,0,0,-1
90,pad,3,3,3,1,1,1,-2,-2,-2,6,-5,2,-3,-2,1,1
91,pad,6,6,6,1,1,1,-1,-1,-2,-2,0,1,5,-3,-1,-2
92,pad,9,9,9,1,1,1,-1,-1,-3,-1,0,-1,-2,-1,0,3
93,pad,3,3,3,1,1,1,-2,-1,-2,5,-4,2,-3,-1,0,1
94,pad,1,1,1,1,1,1,-4,5,-2,-4,0,-1,-2,-1,-1,0
95,pad,4,4,4,1,1,1,-3,-1,-3,-3,4,-2,-1,-1,0,0
96,pad,1,1,1,1,1,1,-2,3,-1,-2,0,0,-2,-1,-1,1
97,pad,7,7,7,1,1,1,-4,0,0,0,0,-3,-4,4,-2,-4
98,pad,6,6,6,1,1,1,0,-2,-3,-3,0,1,4,-3,1,-1
99,pad,9,9,9,1,1,1,-2,-2,-2,0,0,-2,-4,0,-1,5
100,pad,6,6,6,1,1,1,0,-1,-2,-2,0,1,4,-2,-1,-3
101,pad,0,0,0,1,1,1,4,-3,-2,-2,-2,0,2,-1,-1,0
102,pad,5,5,5,1,1,1,-2,-1,-2,2,-3,4,-1,-1,0,0
103,pad,4,4,4,1,1,1,-4,0,-1,-4,5,-3,-4,0,-4,-1
104,pad,9,9,9,1,1,1,-2,-1,-1,0,0,1,-3,0,-1,3
105,pad,9,9,9,1,1,1,-1,-2,-2,-1,0,-1,-3,-1,-1,4
106,pad,2,2,2,1,1,1,-1,1,6,0,-3,-3,-2,0,-1,-4
107,pad,1,1,1,1,1,1,-2,2,-1,-2,-1,0,0,0,0,-2
108,pad,9,9,9,1,1,1,-3,-1,-3,-2,1,-1,-4,0,-2,4
109,pad,4,4,4,1,1,1,-2,-1,-1,-3,4,-2,-3,0,-2,0
110,pad,8,8,8,1,1,1,-1,-2,-2,1,-4,0,-1,-3,6,-1
111,pad,7,7,7,1,1,1,-1,1,1,0,-1,-2,-3,2,-1,-2
112,pad,3,3,3,1,1,1,-2,-1,-1,4,-3,1,-2,-1,1,-1
113,pad,9,9,9,1,1,1,-1,-2,-2,0,0,-1,-3,0,0,3
114,pad,7,7,7,1,1,1,-1,0,0,0,0,-2,-4,3,-1,0
115,pad,4,4,4,1,1,1,-2,-1,-2,-2,2,-1,-2,-1,-1,2
116,pad,4,4,4,1,1,1,-4,-1,-2,-3,4,-2,-4,0,-2,1
117,pad,4,4,4,1,1,1,-4,-1,-1,-4,5,-2,-3,-1,-2,0
118,pad,9,9,9,1,1,1,0,-1,-1,0,0,-1,-2,-1,0,2
119,pad,2,2,2,1,1,1,-1,0,2,1,-3,-1,-2,1,0,-2
120,pad,5,5,5,1,1,1,-2,-2,-2,0,-3,5,0,-2,1,1
121,pad,4,4,4,1,1,1,-2,-1,-3,-4,3,-1,-1,-1,-1,1
122,pad,7,7,7,1,1,1,-2,1,0,-1,0,-1,-3,3,-1,-1
123,pad,6,6,6,1,1,1,0,-1,-2,-2,0,1,4,-3,0,-2
124,pad,7,7,7,1,1,1,-6,1,-1,-2,2,-1,-5,4,-2,-1
125,pad,9,9,9,1,1,1,-2,0,-2,-2,1,-2,-3,-1,-1,3
126,pad,0,0,0,1,1,1,4,-2,-1,0,-1,0,1,-1,-1,0
127,pad,5,5,5,1,1,1,-2,-1,-2,1,-3,6,0,-2,1,0
128,pad,8,8,8,1,1,1,-1,-2,-3,0,-2,1,0,-4,6,-1
129,pad,5,5,5,1,1,1,-2,-2,-3,0,-2,6,0,-2,1,1
130,pad,6,6,6,1,1,1,0,-2,-4,-2,0,1,4,-3,0,0
131,pad,6,6,6,1,1,1,1,-2,-4,-3,-1,3,5,-4,1,-1
132,pad,5,5,5,1,1,1,-3,-1,-2,0,-2,5,0,-2,2,0
133,pad,7,7,7,1,1,1,-2,0,1,1,0,-2,-4,3,-2,-1
134,pad,8,8,8,1,1,1,-2,-2,-2,0,-3,0,-1,-4,7,-1
135,pad,1,1,1,1,1,1,-3,4,-1,-3,0,-1,-2,0,-2,-1
136,pad,0,0,0,1,1,1,5,-2,-1,-2,-3,0,0,-1,-1,-2
137,pad,1,1,1,1,1,1,-2,4,-2,-4,-1,0,-1,-1,-1,-2
138,pad,6,6,6,1,1,1,0,-1,-2,-2,-1,1,5,-3,0,-3
139,pad,4,4,4,1,1,1,-3,-1,-2,-3,4,-2,-3,-1,-1,1
140,pad,6,6,6,1,1,1,0,0,-2,-2,0,0,3,-2,0,-1
141,pad,7,7,7,1,1,1,-3,0,0,0,0,-1,-4,4,-1,-1
142,pad,3,3,3,1,1,1,0,-1,1,3,-4,0,-2,-1,1,-1
143,pad,1,1,1,1,1,1,-2,4,-1,-3,-1,-1,-1,0,-1,-1
144,pad,7,7,7,1,1,1,-3,1,0,0,0,-2,-4,3,-2,-1
145,pad,1,1,1,1,1,1,-3,3,-1,-2,0,-1,-2,0,-2,0
146,pad,8,8,8,1,1,1,-1,-2,-2,0,-2,0,-1,-3,5,0
147,pad,2,2,2,1,1,1,-1,1,6,0,-3,-4,-2,-1,0,-4
148,pad,0,0,0,1,1,1,6,-2,-1,-2,-3,0,1,-2,-1,-1
149,pad,2,2,2,1,1,1,-1,0,2,1,-2,0,-1,-1,0,-1
150,pad,9,9,9,1,1,1,-2,-2,-2,0,-1,0,-3,-1,-1,4
151,pad,9,9,9,1,1,1,-1,-2,-2,0,0,-1,-3,-1,1,4
152,pad,5,5,5,1,1,1,-1,-1,-1,0,-2,4,0,-1,0,0
153,pad,5,5,5,1,1,1,-1,-1,-2,-1,-2,4,1,-2,1,1
154,pad,1,1,1,1,1,1,-3,3,-1,-2,0,-1,-1,0,-1,-1
155,pad,5,5,5,1,1,1,-3,-1,-2,0,-1,5,0,-2,0,0
156,pad,6,6,6,1,1,1,-1,0,-1,-2,0,1,5,-2,0,-4
157,pad,0,0,0,1,1,1,4,-1,0,-1,-2,0,0,-1,-1,-1
158,pad,3,3,2,1,0,0,0,0,2,2,-3,0,-1,-1,0,-2
159,pad,4,4,4,1,1,1,-2,0,-1,-2,2,-2,-2,0,-1,1
160,pad,4,4,4,1,1,1,-4,1,-2,-4,3,-1,-2,-1,0,1
161,pad,6,6,6,1,1,1,1,-2,-3,-2,-1,3,5,-4,-1,-2
162,pad,5,5,5,1,1,1,-3,-2,-3,0,-3,7,0,-3,1,1
163,pad,4,4,4,1,1,1,-4,-2,-2,-4,6,-2,-4,0,-3,0
164,pad,6,6,6,1,1,1,-1,0,-1,-1,0,1,3,-1,0,-3
165,pad,5,5,5,1,1,1,-3,-1,-3,0,-2,5,-1,-1,1,1
166,pad,4,4,4,1,1,1,-2,0,-1,-3,3,-1,-2,-1,-3,0
167,pad,5,5,5,1,1,1,0,-1,-1,0,-2,2,1,-1,-1,-1
168,pad,1,1,1,1,1,1,-2,4,-1,-3,-1,-1,-1,0,-1,-1
169,pad,4,4,4,1,1,1,-3,0,-1,-3,4,-2,-3,0,-2,0
170,pad,4,4,4,1,1,1,-4,0,-2,-3,4,-2,-3,0,-3,1
171,pad,7,7,7,1,1,1,-1,-1,-1,1,-1,0,-4,2,0,0
172,pad,2,2,2,1,1,1,-1,1,5,-1,-4,-3,-1,0,-1,-5
173,pad,3,3,3,1,1,1,-2,-1,-1,4,-3,2,-2,-1,0,0
174,pad,2,2,2,1,1,1,-1,0,4,1,-2,-3,-2,0,0,-3
175,pad,7,7,1,1,0,0,-1,1,0,0,0,0,-1,1,-1,-1
176,pad,1,1,1,1,1,1,-2,3,-1,-2,0,-1,-1,0,-1,0
177,pad,8,8,8,1,1,1,1,-1,-2,0,-2,0,0,-2,3,0
178,pad,1,1,1,1,1,1,-3,4,-1,-3,0,0,-2,0,-1,0
179,pad,8,8,8,1,1,1,-1,-1,-1,-1,-2,0,-1,-3,5,0
180,pad,1,1,1,1,1,1,-3,4,-1,-3,0,-1,-2,0,-2,0
181,pad,8,8,8,1,1,1,-2,-1,-2,0,-2,1,0,-3,5,-1
182,pad,5,5,5,1,1,1,-2,-1,-2,1,-2,5,0,-2,1,1
183,pad,0,0,0,1,1,1,5,-4,-2,-1,-1,-3,1,-1,-1,0
184,pad,8,8,8,1,1,1,0,-2,0,2,-3,-1,-2,-1,3,-1
185,pad,9,9,9,1,1,1,-2,-1,-3,-1,1,-1,-3,0,-1,3
186,pad,2,2,2,1,1,1,0,1,6,0,-4,-4,-2,1,-2,-6
187,pad,5,5,5,1,1,1,-2,-1,-2,1,-3,5,0,-2,1,1
188,pad,0,0,0,1,1,1,6,-4,-2,-3,-3,1,2,-2,-1,-1
189,pad,1,1,1,1,1,1,-3,4,-1,-2,0,0,-1,-1,-1,0
190,pad,1,1,1,1,1,1,-2,4,-2,-3,-1,-2,-2,0,-1,0
191,pad,1,1,1,1,1,1,-2,3,-2,-1,0,0,-1,0,-1,0
192,pad,0,0,0,1,1,1,6,-3,-1,-2,-3,-1,1,-2,0,-1
193,pad,9,9,9,1,1,1,-2,-2,0,-1,0,0,-2,0,1,3
194,pad,0,0,0,1,1,1,5,-2,1,-2,-3,-1,0,0,-1,-2
195,pad,3,3,3,1,1,1,-2,0,0,3,-2,1,-1,0,0,-1
196,pad,1,1,1,1,1,1,-3,4,-1,-3,0,-1,-2,0,-2,-1
197,pad,6,6,6,1,1,1,0,-2,-2,-2,-2,3,4,-4,0,-1
198,pad,4,4,4,1,1,1,-3,-1,-2,-2,4,-1,-3,0,-1,1
199,pad,2,2,2,1,1,1,-1,1,4,2,-3,-2,-2,0,-1,-4
200,pad,3,3,3,1,1,1,-2,-2,-2,5,-4,2,-3,-1,1,0
201,pad,6,6,6,1,1,1,0,-2,-4,-3,0,1,6,-4,-1,-2
202,pad,1,1,1,1,1,1,-2,4,-1,-3,-2,-1,-1,0,0,-2
203,pad,1,1,1,1,1,1,-2,2,-1,-1,0,-1,-1,0,-1,0
204,pad,1,1,1,1,1,1,-2,3,-1,-3,-1,-1,-1,0,-1,-1
205,pad,3,3,3,1,1,1,-2,-1,-1,4,-3,1,-2,-1,0,-1
206,pad,9,9,9,1,1,1,-3,0,-2,-3,1,-1,-3,-1,-1,3
207,pad,5,5,5,1,1,1,-2,0,-2,1,-2,4,-1,-1,-1,1
208,pad,2,2,2,1,1,1,-1,1,5,0,-3,-2,-1,0,-2,-5
209,pad,9,9,9,1,1,1,-2,-1,-1,1,0,-1,-3,0,-1,2
210,pad,4,4,4,1,1,1,-3,-1,-2,-3,4,-2,-3,0,-2,0
211,pad,5,5,5,1,1,1,-1,-1,-1,-1,-1,3,0,-2,1,1
212,pad,9,9,9,1,1,1,-2,-2,-1,0,0,-1,-4,1,-1,4
213,pad,3,3,3,1,1,1,-1,-1,0,3,-3,0,-2,0,1,-1
214,pad,9,9,9,1,1,1,-2,-1,-2,-1,0,-1,-3,-1,0,4
215,pad,0,0,0,1,1,1,4,-2,-1,-2,-2,-1,0,0,-1,-1
216,pad,3,3,3,1,1,1,-3,-1,-1,6,-5,2,-3,-1,0,-1
217,pad,6,6,6,1,1,1,1,-2,-2,-3,-2,3,4,-4,1,-2
218,pad,5,5,5,1,1,1,-1,-2,-2,0,-2,4,0,-1,0,1
219,pad,5,5,5,1,1,1,-2,-2,-3,1,-2,5,-1,-2,0,1
220,pad,7,7,7,1,1,1,-1,0,0,0,-1,-1,-4,3,-1,0
221,pad,2,2,2,1,1,1,0,0,4,1,-3,-2,-2,0,0,-2
222,pad,2,2,2,1,1,1,0,0,3,0,-2,-2,-1,0,0,-3
223,pad,7,7,7,1,1,1,-2,-1,0,1,0,-1,-4,3,-1,0
224,pad,1,1,1,1,1,1,0,2,0,-1,-1,0,-1,0,-1,-2
225,pad,2,2,2,1,1,1,1,0,2,1,-4,-2,-2,0,1,-1
226,pad,8,8,8,1,1,1,-2,-1,-2,-1,0,0,0,-2,4,-1
227,pad,4,4,4,1,1,1,-2,0,0,-2,3,-1,-2,0,-2,0
228,pad,1,1,1,1,1,1,-2,4,-1,-3,-1,-1,-1,-1,-1,-1
229,pad,7,7,7,1,1,1,-1,0,0,1,-1,0,-3,2,-1,0
230,pad,3,3,3,1,1,1,-1,-1,-2,4,-3,2,-2,-1,0,0
231,pad,3,3,3,1,1,1,-2,-1,-2,4,-4,1,-3,-1,0,0
232,pad,8,8,8,1,1,1,-2,-2,-2,-2,-2,3,1,-3,5,0
233,pad,8,8,8,1,1,1,-1,-1,-1,1,-1,0,-1,-2,4,0
234,pad,7,7,7,1,1,1,-1,1,1,1,-1,-1,-3,2,-1,-1
235,pad,9,9,9,1,1,1,-1,-2,-1,0,0,-1,-2,0,0,3
236,pad,2,2,2,1,1,1,0,1,6,0,-3,-3,-2,1,-2,-5
237,pad,2,2,2,1,1,1,-1,1,6,0,-2,-3,-1,0,-2,-5
238,pad,4,4,4,1,1,1,-3,-1,-2,-3,5,-3,-3,0,-3,-1
239,pad,1,1,1,1,1,1,-3,4,-1,-3,0,-1,-2,1,-2,0
240,pad,5,5,5,1,1,1,-2,-1,-2,0,-2,4,0,-2,1,0
241,pad,9,9,9,1,1,1,-1,-1,0,0,0,0,-2,-1,1,3
242,pad,8,8,8,1,1,1,1,-2,-2,-2,-2,0,0,-3,5,-1
243,pad,7,7,7,1,1,1,-4,1,2,0,-1,-2,-4,4,-2,-3
244,pad,2,2,2,1,1,1,-1,0,3,0,-2,-2,-1,1,0,-4
245,pad,3,3,3,1,1,1,-2,0,-1,3,-2,1,-1,0,-1,-2
246,pad,0,0,0,1,1,1,5,-2,-2,0,-3,0,1,-2,-1,0
247,pad,4,2,2,0,0,1,0,1,2,-2,0,-1,1,-2,-2,-4
248,pad,4,4,4,1,1,1,-3,0,-1,-3,5,-3,-4,0,-3,0
249,pad,2,2,2,1,1,1,0,0,4,1,-3,-3,-1,0,-1,-4
250,pad,4,4,4,1,1,1,-3,0,-2,-4,3,-2,-3,-1,-2,2
251,pad,1,1,1,1,1,1,-3,3,-1,-2,0,0,-2,-1,-1,0
252,pad,9,9,9,1,1,1,-3,-2,-3,-2,1,-2,-6,1,-2,5
253,pad,5,5,5,1,1,1,-2,-1,-2,1,-2,5,-1,-2,0,1
254,pad,7,7,7,1,1,1,-2,0,1,0,-1,-1,-4,3,-1,0
255,pad,7,7,2,1,0,0,-1,1,2,0,-1,-2,-3,2,-1,-2
256,pad,2,2,2,1,1,1,-1,1,3,0,-2,-2,-1,1,-1,-4
257,pad,8,8,8,1,1,1,0,0,-1,0,-1,0,1,-2,2,-1
258,pad,2,2,2,1,1,1,-1,0,4,1,-2,-2,-2,0,0,-3
259,pad,6,6,6,1,1,1,1,-2,-3,-1,-1,2,4,-2,1,-2
260,pad,8,8,8,1,1,1,-1,-2,0,1,-3,-1,-1,-3,5,-1
261,pad,5,5,5,1,1,1,-2,-1,-2,0,-2,4,0,-2,1,0
262,pad,7,7,7,1,1,1,-3,0,-1,0,0,-1,-5,4,-1,0
263,pad,7,7,7,1,1,1,-2,1,0,0,-1,-1,-4,3,-1,0
264,pad,9,9,9,1,1,1,-3,1,-1,-2,1,-1,-2,-2,1,3
265,pad,1,1,1,1,1,1,-3,4,-1,-2,-1,-1,-3,1,-1,0
266,pad,8,8,8,1,1,1,-1,-2,-2,0,-2,1,0,-3,3,0
267,pad,1,1,1,1,1,1,-3,4,-2,-2,0,-1,-2,0,-2,0
268,pad,8,8,8,1,1,1,-1,-1,0,-1,-2,0,0,-3,4,0
269,pad,0,0,0,1,1,1,4,-3,-2,0,-1,0,2,-1,-1,0
270,pad,3,3,3,1,1,1,-4,0,-2,6,-4,2,-3,-1,-1,0
271,pad,0,0,0,1,1,1,5,-2,-1,-1,-1,0,1,-1,-2,0
272,pad,1,1,1,1,1,1,-3,4,-1,-3,0,-1,-2,0,-1,0
273,pad,9,9,9,1,1,1,-2,-2,-3,0,-1,-1,-5,-1,0,4
274,pad,9,9,9,1,1,1,-1,-2,-1,1,-1,0,-4,0,-1,4
275,pad,4,4,4,1,1,1,-4,0,-2,-3,4,-1,-3,0,-2,1
276,pad,1,1,1,1,1,1,-3,5,-2,-4,-1,-1,-1,0,-1,-2
277,pad,8,8,8,1,1,1,0,-2,-1,0,-1,-1,-1,-2,4,0
278,pad,2,2,2,1,1,1,-1,0,3,0,-2,-2,-2,0,0,-2
279,pad,1,1,1,1,1,1,-3,3,-1,-2,0,-1,-2,0,-1,0
280,pad,2,2,2,1,1,1,0,1,6,0,-3,-3,-1,0,-2,-5
281,pad,9,9,9,1,1,1,-2,-2,-3,-1,0,-2,-5,0,-2,5
282,pad,7,7,7,1,1,1,-2,1,1,0,-1,-2,-3,3,-1,-1
283,pad,5,5,5,1,1,1,-1,-1,-2,0,-2,5,0,-2,0,1
284,pad,9,9,9,1,1,1,-1,-2,-2,-1,0,-1,-3,0,-1,4
285,pad,2,2,2,1,1,1,-1,0,5,1,-3,-3,-2,0,-1,-5
286,pad,6,6,6,1,1,1,-1,-1,-1,-2,-1,2,4,-3,2,-2
287,pad,4,4,4,1,1,1,-4,-2,-1,-3,5,-2,-4,-1,-1,0
288,pad,1,1,1,1,1,1,-2,4,-2,-3,-1,0,-1,0,-1,0
289,pad,5,5,5,1,1,1,-2,0,-2,0,-2,4,0,-1,0,0
290,pad,8,8,8,1,1,1,-3,-1,-2,-1,0,1,1,-2,3,0
291,pad,2,2,2,1,1,1,-1,1,6,0,-4,-3,-1,0,-2,-5
292,pad,9,9,9,1,1,1,-1,-1,-1,-1,1,-1,-2,0,-1,2
293,pad,2,2,2,1,1,1,-1,1,5,0,-2,-3,-3,0,-1,-3
294,pad,0,0,0,1,1,1,4,-2,-1,-2,-3,0,0,0,0,-2
295,pad,4,4,4,1,1,1,-4,0,0,-2,3,-2,-4,1,-3,0
296,pad,0,0,0,1,1,1,5,-3,-2,-1,-1,-1,2,-2,-1,-1
297,pad,0,0,0,1,1,1,3,-2,-2,0,0,0,2,-1,0,0
298,pad,2,2,2,1,1,1,0,0,5,1,-4,-3,-1,0,0,-4
299,pad,8,8,8,1,1,1,-1,-2,-2,0,-3,1,0,-4,6,-1
300,pad,4,4,4,1,1,1,-1,0,0,-2,1,-2,-1,0,-1,-1
301,pad,7,7,7,1,1,1,-2,0,1,1,0,-2,-3,2,-1,-2
302,pad,1,1,1,1,1,1,-4,4,-1,-2,0,-1,-2,0,-1,0
303,pad,2,2,2,1,1,1,0,0,2,0,-2,-2,-1,0,0,-2
304,pad,4,4,4,1,1,1,-5,-1,-2,-4,5,-2,-4,-1,-1,0
305,pad,0,0,0,1,1,1,3,-2,-1,-2,-3,1,1,-1,1,0
306,pad,2,2,2,1,1,1,1,1,5,-1,-3,-3,-1,0,-1,-4
307,pad,7,7,7,1,1,1,-4,1,0,1,-1,-1,-4,3,-2,-1
308,pad,4,4,4,1,1,1,-4,0,-2,-4,4,-2,-2,-2,0,0
309,pad,3,3,3,1,1,1,-3,0,0,4,-3,1,-2,-1,0,-2
310,pad,3,3,3,1,1,1,-2,-1,-1,4,-3,0,-2,-1,1,-1
311,pad,0,0,0,1,1,1,4,-2,-1,-1,-3,0,1,-1,0,-1
312,pad,0,0,0,1,1,1,5,-3,-1,-1,-3,-1,0,-1,0,-1
313,pad,3,3,3,1,1,1,-5,0,-1,4,-2,2,-2,0,0,-2
314,pad,1,1,1,1,1,1,-3,3,-2,-1,-1,0,-2,0,-1,0
315,pad,9,9,9,1,1,1,-1,-3,-3,0,0,-1,-4,0,-1,5
316,pad,6,6,6,1,1,1,0,-2,-3,-2,-1,2,3,-3,0,-1
317,pad,5,5,5,1,1,1,-3,0,-2,2,-2,3,-1,0,0,-1
318,pad,2,2,2,1,1,1,2,-1,3,0,-3,-3,0,-1,0,-3
319,pad,5,5,5,1,1,1,-3,0,-1,0,-1,3,-1,-1,1,0
320,pad,9,9,1,1,0,0,-2,1,-1,-1,0,-1,-2,0,0,1
321,pad,2,2,2,1,1,1,0,0,3,0,-2,-2,-2,1,0,-2
322,pad,9,9,9,1,1,1,-2,-1,-3,-1,0,-1,-4,0,-1,4
323,pad,3,3,3,1,1,1,-3,-1,-1,6,-5,1,-3,-1,1,-1
324,pad,0,0,0,1,1,1,3,-1,-1,0,-1,0,0,-1,1,-1
325,pad,4,4,4,1,1,1,-3,0,-3,-3,3,-2,-2,-1,-1,1
326,pad,2,2,2,1,1,1,-1,2,4,-1,0,-2,0,-1,-2,-4
327,pad,0,0,0,1,1,1,4,-3,-2,-2,-1,-2,1,-1,-1,1
328,pad,7,7,7,1,1,1,-3,1,0,0,0,-1,-3,3,-2,-1
329,pad,1,1,1,1,1,1,-3,3,-1,-2,0,-1,-2,0,-1,-1
330,pad,1,1,1,1,1,1,-3,3,-2,-2,0,-1,-2,1,-1,0
331,pad,2,2,2,1,1,1,0,1,6,0,-3,-4,-2,1,-2,-6
332,pad,1,1,1,1,1,1,-3,4,-1,-3,0,-1,-2,0,-2,0
333,pad,5,5,5,1,1,1,-1,-1,-2,0,-3,5,0,-3,1,1
334,pad,3,3,3,1,1,1,-2,-1,-2,5,-4,1,-3,-2,1,0
335,pad,3,3,3,1,1,1,-2,-1,0,4,-4,0,-2,-1,1,-1
336,pad,9,9,9,1,1,1,-3,-1,-2,-2,2,-2,-5,0,-1,4
337,pad,7,7,7,1,1,1,0,0,1,1,-2,-1,-3,2,-1,-1
338,pad,8,8,8,1,1,1,-2,-2,0,1,-3,0,-1,-3,4,-1
339,pad,6,6,6,1,1,1,0,-1,-2,-1,-1,2,4,-3,1,-1
340,pad,5,5,3,1,0,0,-2,-1,-2,3,-2,3,-1,-1,0,0
341,pad,6,6,0,1,0,0,1,-1,-1,0,-1,0,1,-1,0,0
342,pad,1,1,1,1,1,1,-3,4,-2,-3,0,0,-2,0,-1,0
343,pad,3,3,3,1,1,1,-3,-1,-2,5,-4,2,-2,-2,1,-1
344,pad,8,8,8,1,1,1,-1,-1,-2,-1,-1,2,2,-2,3,-1
345,pad,1,1,1,1,1,1,-3,4,-1,-3,0,-1,-2,1,-2,-1
346,pad,0,0,0,1,1,1,5,-2,-1,-1,-4,0,0,-1,0,-2
347,pad,5,5,5,1,1,1,-1,-2,-2,-1,-1,4,1,-2,2,1
348,pad,1,1,1,1,1,1,-3,4,-1,-3,-1,0,-1,0,-1,-2
349,pad,3,3,3,1,1,1,-1,-1,0,4,-3,0,-3,0,0,0
350,pad,1,1,1,1,1,1,-3,3,-1,-2,0,-1,-2,0,0,0
351,pad,5,5,5,1,1,1,-2,-1,-2,0,-3,6,0,-2,1,0
352,pad,5,5,5,1,1,1,-1,-1,-3,1,-2,5,-1,-1,-1,0
353,pad,6,6,6,1,1,1,1,-1,-3,-2,-1,1,5,-4,-1,-2
354,pad,1,1,1,1,1,1,-2,4,-1,-3,-2,0,-1,0,-1,-2
355,pad,8,8,8,1,1,1,-1,-1,-2,-1,-1,1,-1,-3,4,0
356,pad,5,5,5,1,1,1,-3,-2,-3,1,-2,7,-1,-2,0,1
357,pad,1,1,1,1,1,1,-2,3,-1,-2,0,-1,-1,0,-2,0
358,pad,7,7,7,1,1,1,-3,1,0,-1,1,-2,-3,3,-1,0
359,pad,9,9,9,1,1,1,-3,0,-2,-2,2,-2,-4,-1,0,3
360,pad,4,4,4,1,1,1,-4,-2,-1,-3,4,-2,-4,0,-1,2
361,pad,6,6,6,1,1,1,-1,-1,-3,-2,0,2,6,-2,0,-4
362,pad,2,2,2,1,1,1,1,1,4,0,-3,-3,-3,1,-1,-3
363,pad,2,2,2,1,1,1,0,1,4,0,-2,-3,-1,1,-2,-4
364,pad,5,5,5,1,1,1,-2,-1,-2,1,-3,5,0,-1,0,0
365,pad,0,0,0,1,1,1,5,-2,-1,-2,-3,0,0,-1,0,-1
366,pad,6,6,6,1,1,1,1,-1,-2,-2,0,1,3,-2,-1,-1
367,pad,5,5,5,1,1,1,-2,0,-2,1,-3,5,-1,-1,0,0
368,pad,6,6,6,1,1,1,0,-1,-2,-1,0,1,3,-2,0,-1
369,pad,3,3,3,1,1,1,-1,-2,-1,4,-4,1,-2,-2,1,1
370,pad,7,7,7,1,1,1,-1,1,1,-1,0,-2,-4,2,-1,-1
371,pad,2,2,2,1,1,1,0,1,6,0,-3,-3,-2,1,-2,-5
372,pad,0,0,0,1,1,1,3,-2,-1,-1,-2,1,1,-1,0,0
373,pad,8,8,8,1,1,1,-1,-1,-2,0,-2,0,0,-3,4,0
374,pad,8,8,8,1,1,1,0,-2,-1,0,-2,0,-1,-2,4,0
375,pad,5,5,5,1,1,1,-1,-2,-2,0,-3,6,1,-2,0,1
376,pad,4,4,4,1,1,1,-3,0,-2,-3,3,-2,-4,-1,-2,3
377,pad,1,1,1,1,1,1,-2,4,-1,-3,-1,-1,-2,0,-1,-1
378,pad,1,1,1,1,1,1,-3,4,-1,-2,-1,-1,-2,0,-2,-1
379,pad,4,4,4,1,1,1,-3,0,-1,-3,4,-2,-4,0,-3,0
380,pad,0,0,0,1,1,1,3,-2,-2,0,-1,-1,1,-1,0,0
381,pad,3,3,2,1,0,0,-1,0,2,2,-3,-1,-2,1,0,-3
382,pad,3,3,3,1,1,1,-3,0,0,5,-4,0,-3,0,1,-2
383,pad,7,7,7,1,1,1,-2,0,1,0,0,-1,-3,3,-1,-1
384,pad,6,6,6,1,1,1,0,-1,-3,-3,-1,2,5,-3,0,-1
385,pad,1,1,1,1,1,1,-3,3,-1,-3,0,-1,-2,0,-1,-1
386,pad,6,6,6,1,1,1,0,-1,-3,-2,-1,2,4,-3,1,-2
387,pad,2,2,2,1,1,1,0,1,4,1,-2,-2,-1,0,-1,-3
388,pad,1,1,1,1,1,1,-2,4,-1,-3,-1,-1,-1,0,-1,-2
389,pad,9,9,9,1,1,1,-3,0,-2,-2,1,-2,-4,0,-1,3
390,pad,2,2,2,1,1,1,0,0,4,0,-2,-2,-1,-1,-1,-3
391,pad,8,8,8,1,1,1,-1,-2,0,-1,-2,0,-1,-3,5,0
392,pad,6,6,6,1,1,1,0,-1,-3,-2,0,1,4,-2,0,-1
393,pad,1,1,1,1,1,1,-2,3,-1,-2,-1,-1,-1,0,0,-1
394,pad,9,9,9,1,1,1,0,-1,-1,0,-1,-1,-2,0,0,1
395,pad,5,5,5,1,1,1,-2,-1,-3,1,-3,6,0,-2,0,1
396,pad,2,2,2,1,1,1,-1,1,5,1,-3,-3,-2,0,-1,-5
397,pad,5,5,5,1,1,1,-2,-1,-2,0,-2,4,0,-2,2,0
398,pad,4,4,4,1,1,1,-3,-1,-1,-3,4,-2,-3,0,-3,-1
399,pad,4,4,4,1,1,1,-3,0,0,-3,4,-2,-3,-1,-3,0
400,pad,2,2,2,1,1,1,0,-1,3,0,-3,-2,-2,-1,1,-1
401,pad,8,8,8,1,1,1,-1,-1,-1,1,-2,1,0,-2,4,-2
402,pad,3,3,3,1,1,1,-3,0,0,5,-3,2,-2,-1,0,-1
403,pad,8,8,8,1,1,1,-1,-1,-1,-1,0,1,0,-2,3,0
404,pad,2,2,2,1,1,1,0,0,2,0,-2,-1,-2,1,0,-2
405,pad,4,4,4,1,1,1,-4,-1,-1,-4,5,-2,-5,0,-4,2
406,pad,5,5,5,1,1,1,-2,-2,-3,1,-2,5,0,-2,1,1
407,pad,0,0,0,1,1,1,5,-2,-1,-1,-3,1,2,-2,-1,-1
408,pad,3,3,3,1,1,1,-2,-1,-1,4,-3,1,-1,-1,0,-1
409,pad,1,1,1,1,1,1,-3,3,-2,-3,0,-1,-1,-1,-1,1
410,pad,7,7,7,1,1,1,-4,1,-1,0,1,-2,-5,5,-2,0
411,pad,7,7,7,1,1,1,-2,1,0,0,-1,-1,-3,2,-1,-1
412,pad,5,3,3,0,0,1,-1,-1,-3,3,-2,3,-2,-1,0,0
413,pad,7,7,7,1,1,1,-2,-1,0,0,0,-1,-4,4,-1,0
414,pad,9,9,9,1,1,1,-2,-1,-2,-1,0,-1,-4,-1,0,4
415,pad,7,7,7,1,1,1,-1,0,0,0,0,-1,-3,2,-1,-1
416,pad,1,1,1,1,1,1,-3,4,-1,-3,-1,-1,-1,0,-1,-1
417,pad,9,9,9,1,1,1,-1,-1,-2,-1,0,-1,-2,0,0,2
418,pad,2,2,2,1,1,1,-1,0,5,0,-3,-3,-1,-1,0,-4
419,pad,1,1,1,1,1,1,-3,4,-1,-3,0,-1,-2,0,-1,0
420,pad,4,4,4,1,1,1,-1,0,-1,-1,1,-1,-1,0,0,0
421,pad,2,2,2,1,1,1,0,0,2,1,-2,-2,-1,0,0,-1
422,pad,9,9,9,1,1,1,-3,-2,-3,-2,1,-2,-5,-1,-1,4
423,pad,2,2,2,1,1,1,-1,1,5,1,-3,-3,-2,1,-1,-4
424,pad,0,0,0,1,1,1,5,-2,-1,-1,-2,-1,1,-1,-1,0
425,pad,4,4,4,1,1,1,-5,0,0,-3,5,-2,-2,-1,-3,-3
426,pad,9,9,9,1,1,1,-1,-2,-3,-1,1,-2,-4,-1,0,3
427,pad,1,1,1,1,1,1,-2,3,-1,-2,0,-1,-2,0,-2,0
428,pad,4,4,4,1,1,1,-3,0,-1,-2,3,-2,-1,-1,0,-1
429,pad,8,8,8,1,1,1,-1,-2,-2,0,-1,0,0,-2,4,0
430,pad,1,1,1,1,1,1,-3,4,-1,-3,-1,0,0,0,-1,-2
431,pad,8,8,8,1,1,1,-1,-2,-1,0,-2,0,0,-2,4,-1
432,pad,4,4,4,1,1,1,-3,0,-1,-2,3,-1,-2,0,-1,-1
433,pad,5,5,5,1,1,1,-3,-1,-3,2,-2,4,0,-2,2,-1
434,pad,9,9,9,1,1,1,-1,-2,-2,0,-1,-1,-4,0,-1,3
435,pad,8,8,8,1,1,1,-1,-2,-2,0,-1,-1,-3,-1,2,2
436,pad,8,8,8,1,1,1,-2,-2,-2,0,-1,-1,-1,-2,4,1
437,pad,3,3,3,1,1,1,-4,-1,-1,6,-4,1,-3,-1,1,-2
438,pad,7,7,7,1,1,1,-1,0,1,0,-1,-1,-4,3,-1,0
439,pad,6,6,6,1,1,1,0,-2,-3,-1,-1,2,3,-3,0,0
440,pad,0,0,0,1,1,1,5,-2,-1,-1,-2,1,1,-1,-1,-1
441,pad,0,0,0,1,1,1,5,-2,-1,-2,-2,-1,1,-1,-2,-1
442,pad,3,3,3,1,1,1,-3,-1,-2,6,-4,2,-3,-1,0,0
443,pad,0,0,0,1,1,1,3,-1,-1,-1,-2,0,0,0,0,-1
444,pad,2,2,2,1,1,1,-1,-1,2,2,-4,-2,-2,-1,2,-2
445,pad,6,0,6,0,1,0,2,-2,-3,-1,-1,2,3,-1,-1,-1
446,pad,6,6,6,1,1,1,0,-2,-3,-2,-1,1,5,-4,1,-1
447,pad,4,4,4,1,1,1,-3,1,-1,-3,2,-2,-2,1,-2,-1
448,pad,9,9,8,1,0,0,0,-2,-1,1,-2,0,-3,-2,2,2
449,pad,3,3,3,1,1,1,-3,0,-1,3,-2,3,-1,0,0,-1
450,pad,3,3,3,1,1,1,-2,-1,-2,4,-3,2,-2,-1,0,1
451,pad,3,3,3,1,1,1,-3,-1,0,6,-5,0,-3,-1,2,-1
452,pad,2,2,2,1,1,1,-1,1,4,0,-2,-2,-1,0,-1,-4
453,pad,3,3,3,1,1,1,-1,-2,0,4,-3,0,-1,-2,1,0
454,pad,9,9,9,1,1,1,-1,-2,-1,0,0,0,-3,0,0,4
455,pad,1,1,1,1,1,1,-3,4,-1,-3,-1,-1,-2,0,-1,-2
456,pad,2,2,2,1,1,1,0,1,3,0,-2,-2,-1,0,-1,-3
457,pad,6,6,6,1,1,1,0,-2,-2,-2,-2,2,4,-3,1,-1
458,pad,8,8,8,1,1,1,-1,-2,-2,-1,-2,0,-1,-3,6,0
459,pad,0,0,0,1,1,1,4,-1,-2,-1,-2,0,1,-2,-1,0
460,pad,5,5,5,1,1,1,-1,-1,-1,0,-1,3,-1,-1,1,1
461,pad,6,6,6,1,1,1,-2,-1,-2,-2,0,1,6,-3,0,-4
462,pad,6,6,6,1,1,1,0,-1,-2,-2,-1,1,5,-3,1,-1
463,pad,6,6,6,1,1,1,0,-2,-4,-2,0,1,6,-3,0,-2
464,pad,3,3,3,1,1,1,-2,-1,-1,4,-4,0,-3,0,1,-1
465,pad,8,8,8,1,1,1,-1,-2,-2,0,-2,0,-1,-3,5,0
466,pad,8,8,8,1,1,1,-1,-2,-1,0,-2,-1,-1,-2,4,0
467,pad,2,2,2,1,1,1,0,1,5,0,-3,-3,-2,1,-2,-5
468,pad,7,7,7,1,1,1,-3,0,-1,1,-1,-1,-4,3,-1,0
469,pad,5,5,5,1,1,1,-2,-1,-2,1,-3,5,0,-2,2,-1
470,pad,8,8,8,1,1,1,-2,-2,-1,0,-2,1,1,-3,5,-1
471,pad,9,9,9,1,1,1,-1,-1,-1,0,-1,0,-3,0,-1,3
472,pad,6,6,6,1,1,1,0,-1,-2,-2,0,1,5,-2,0,-2
473,pad,1,1,1,1,1,1,-3,3,-1,-2,0,0,-2,1,-2,0
474,pad,8,8,8,1,1,1,-1,-2,-1,0,-2,0,0,-3,4,-1
475,pad,4,4,4,1,1,1,-3,-1,-1,-3,4,-1,-4,0,-2,1
476,pad,1,1,1,1,1,1,-3,4,-1,-3,-1,-1,-2,1,-1,-1
477,pad,2,2,2,1,1,1,-1,1,6,1,-3,-3,-2,0,-1,-5
478,pad,5,5,5,1,1,1,-1,-2,-2,0,-2,5,0,-1,0,1
479,pad,9,9,9,1,1,1,-1,-1,-1,0,0,0,-2,-1,1,2
480,pad,1,1,1,1,1,1,-2,3,-1,-2,-2,-1,-1,0,0,-2
481,pad,9,9,9,1,1,1,-2,-2,-2,-1,1,-1,-4,0,-1,4
482,pad,7,7,7,1,1,1,-1,0,1,0,0,-1,-4,4,-1,-1
483,pad,5,5,5,1,1,1,-1,-1,-2,-1,-1,4,0,-1,0,0
484,pad,4,4,4,1,1,1,-4,-1,-2,-3,5,-2,-4,0,-2,1
485,pad,0,0,0,1,1,1,4,-2,0,-2,-3,-1,0,-1,-1,-1
486,pad,8,8,8,1,1,1,-2,-1,-1,-1,0,-1,-1,-2,4,-1
487,pad,9,9,9,1,1,1,-1,-2,-1,0,-1,0,-4,1,-2,3
488,pad,9,9,9,1,1,1,-1,-2,-2,-1,1,-1,-4,0,-1,3
489,pad,1,1,1,1,1,1,-2,4,-1,-3,-1,-1,-1,0,-1,-1
490,pad,0,0,0,1,1,1,3,-1,0,-1,-1,0,1,-2,-1,-1
491,pad,5,5,5,1,1,1,-2,-2,-2,1,-2,5,-1,-2,0,2
492,pad,2,2,2,1,1,1,-1,0,4,2,-5,-2,-2,-1,0,-4
493,pad,3,3,3,1,1,1,-4,-1,-1,6,-5,1,-3,-1,1,-1
494,pad,7,7,7,1,1,1,-3,0,1,0,-1,-1,-5,4,-1,-2
495,pad,8,0,0,0,0,1,2,-2,-1,0,-1,0,1,-2,1,0
496,pad,9,9,9,1,1,1,-2,-2,-2,0,0,-1,-3,-1,-1,4
497,pad,4,4,4,1,1,1,-3,1,-1,-3,2,-1,-2,-1,0,1
498,pad,0,0,0,1,1,1,3,-2,-1,-1,-2,0,0,-1,1,-1
499,pad,6,6,6,1,1,1,1,-1,-2,-1,-1,1,3,-3,0,-1
500,pad,3,3,3,1,1,1,-3,-1,-1,6,-4,1,-3,-1,1,-1
501,pad,9,9,9,1,1,1,-1,-3,-3,0,0,-1,-4,1,-2,5
502,pad,5,5,5,1,1,1,0,-2,-2,2,-3,4,0,-2,0,0
503,pad,2,2,2,1,1,1,0,0,6,1,-4,-4,-2,0,-1,-5
504,pad,1,1,1,1,1,1,-3,3,-2,-2,0,0,-2,0,-1,0
505,pad,3,3,3,1,1,1,-2,-2,-1,5,-5,0,-3,-1,1,0
506,pad,1,1,1,1,1,1,0,2,-1,-2,-2,0,1,-1,1,-1
507,pad,3,3,3,1,1,1,-3,-1,-1,3,-2,1,-1,0,1,-1
508,pad,6,6,5,1,0,0,1,-2,-2,-2,-2,3,3,-3,1,-1
509,pad,5,5,5,1,1,1,-2,-2,-2,1,-3,6,-1,-2,0,1
510,pad,7,7,7,1,1,1,-2,0,-1,0,0,0,-3,3,-1,-1
511,pad,4,4,4,1,1,1,-2,0,-2,-2,2,-1,-1,0,0,0
512,pad,2,2,2,1,1,1,0,1,5,0,-3,-3,-2,0,-1,-5
513,pad,2,2,2,1,1,1,-1,0,5,0,-2,-3,-2,1,-1,-4
514,pad,6,6,6,1,1,1,-2,-1,-4,-3,0,1,6,-3,0,-4
515,pad,3,3,3,1,1,1,-2,0,0,4,-3,0,-2,0,0,-1
516,pad,2,2,2,1,1,1,-2,1,5,-1,-1,-3,-2,0,-2,-5
517,pad,6,6,6,1,1,1,0,-1,-3,-2,0,1,5,-3,0,-2
518,pad,5,5,5,1,1,1,-2,-1,-3,0,-2,6,0,-2,2,0
519,pad,4,4,4,1,1,1,-3,1,-2,-3,3,-2,-3,-1,-1,1
520,pad,8,8,8,1,1,1,-1,0,-2,-1,0,0,-1,-2,3,0
521,pad,9,9,9,1,1,1,-2,-1,-3,-1,1,-1,-3,-1,-1,4
522,pad,7,7,7,1,1,1,-3,0,0,1,0,0,-5,3,-2,0
523,pad,1,1,1,1,1,1,-3,5,-1,-4,-1,-1,-2,1,-1,-2
524,pad,3,3,3,1,1,1,-3,0,0,3,-2,1,-1,0,0,-2
525,pad,0,0,0,1,1,1,5,-3,-2,-1,-2,-2,0,-1,-1,0
526,pad,3,3,3,1,1,1,-2,-1,-2,5,-4,2,-3,-1,1,0
527,pad,8,8,8,1,1,1,-1,-2,-1,0,-2,0,0,-3,5,-1
528,pad,3,3,3,1,1,1,-3,0,2,3,-3,0,-2,0,0,-3
529,pad,1,1,1,1,1,1,-3,4,-1,-3,0,-1,-2,0,-1,0
530,pad,9,9,9,1,1,1,-2,0,-2,-2,1,-2,-3,-1,-1,3
531,pad,3,3,3,1,1,1,-1,-1,1,3,-2,0,-1,0,0,-2
532,pad,4,4,4,1,1,1,-1,-1,-2,-3,4,-1,-1,0,-3,1
533,pad,4,4,4,1,1,1,-3,0,-1,-4,6,-3,-4,0,-4,0
534,pad,6,6,6,1,1,1,-1,0,-1,-2,0,1,4,-2,0,-2
535,pad,4,4,4,1,1,1,-2,0,0,-2,3,-2,-3,0,-2,-1
536,pad,2,2,2,1,1,1,-1,1,4,0,-3,-2,-1,1,-1,-4
537,pad,1,1,1,1,1,1,-3,4,-2,-3,0,-1,-1,0,-1,-1
538,pad,8,8,8,1,1,1,0,-1,0,0,-2,0,1,-3,3,-1
539,pad,2,2,2,1,1,1,0,0,4,0,-2,-2,-1,-1,0,-3
540,pad,5,5,5,1,1,1,-2,-1,-2,-1,-2,5,0,-2,1,1
541,pad,4,4,4,1,1,1,-3,-1,-1,-4,5,-2,-4,0,-3,0
542,pad,8,8,8,1,1,1,-1,-1,-1,0,-1,0,0,-1,2,0
543,pad,8,8,8,1,1,1,0,0,-1,0,-1,1,0,-1,2,0
544,pad,4,4,4,1,1,1,-3,-1,-1,-3,4,-2,-4,1,-2,0
545,pad,0,0,0,1,1,1,4,-2,0,-1,-2,-1,-1,-1,0,0
546,pad,0,0,0,1,1,1,5,-2,-2,-1,-2,-1,1,-2,-1,0
547,pad,2,2,2,1,1,1,-1,1,4,1,-4,-2,-2,0,0,-4
548,pad,3,3,3,1,1,1,-2,-1,0,4,-2,0,-2,0,1,0
549,pad,2,2,2,1,1,1,0,0,4,0,-2,-2,-2,-1,-1,-2
550,pad,7,7,7,1,1,1,-2,-1,0,0,0,-2,-3,2,-1,0
551,pad,7,7,3,1,0,0,-2,0,0,1,-1,-2,-3,1,0,-1
552,pad,0,0,0,1,1,1,3,-2,-3,0,-2,1,0,-2,0,0
553,pad,8,8,8,1,1,1,-2,0,-1,-2,-1,1,1,-3,4,-1
554,pad,7,7,7,1,1,1,-3,0,0,0,0,-1,-3,3,-1,-2
555,pad,4,4,4,1,1,1,-2,-1,-1,-1,3,-1,-2,0,-1,0
556,pad,4,4,4,1,1,1,-3,0,-1,-3,5,-2,-2,-1,-3,-1
557,pad,7,7,7,1,1,1,0,1,1,1,-2,-1,-3,2,0,-1
558,pad,9,9,9,1,1,1,-3,-1,-3,-2,1,-2,-4,-1,-1,4
559,pad,6,6,6,1,1,1,0,-2,-4,-3,1,0,4,-2,-1,-2
560,pad,9,9,9,1,1,1,-2,-2,-3,-1,1,-1,-4,-1,-1,3
561,pad,0,0,0,1,1,1,3,-2,-2,0,-1,0,1,-1,0,0
562,pad,9,9,9,1,1,1,-1,-1,-2,0,0,-1,-3,-1,0,3
563,pad,8,8,8,1,1,1,0,-2,-1,1,-3,0,-2,-2,4,0
564,pad,0,0,0,1,1,1,4,-1,0,-1,-2,0,1,-1,-2,0
565,pad,4,4,4,1,1,1,-4,0,-2,-3,3,-2,-4,0,-1,1
566,pad,6,6,6,1,1,1,1,-1,-2,-2,-1,1,3,-2,0,-1
567,pad,0,0,0,1,1,1,3,-1,1,-1,-2,0,0,0,-1,-1
568,pad,6,6,6,1,1,1,-1,-1,-2,-1,0,2,4,-2,0,-3
569,pad,3,3,3,1,1,1,-4,0,-1,5,-3,2,-2,0,0,-2
570,pad,5,5,5,1,1,1,-2,-1,-2,1,-2,4,-1,-2,0,1
571,pad,4,4,4,1,1,1,-2,-1,-1,-3,3,-2,-3,0,-2,1
572,pad,8,8,8,1,1,1,-1,-1,-1,0,-1,0,0,-2,3,0
573,pad,3,3,3,1,1,1,-2,-1,-2,5,-3,2,-3,-1,0,-1
574,pad,3,3,3,1,1,1,-1,-3,-2,5,-5,1,-2,-3,2,0
575,pad,9,9,9,1,1,1,-3,-1,-3,-2,1,-2,-4,-1,-1,4
576,pad,3,3,3,1,1,1,-3,-1,0,6,-5,1,-3,-1,1,-2
577,pad,3,3,3,1,1,1,-3,-1,-1,5,-4,1,-3,-1,1,0
578,pad,3,3,3,1,1,1,-3,-1,0,4,-3,0,-2,-1,0,-2
579,pad,7,7,7,1,1,1,-1,-1,-2,0,-1,1,-4,3,-1,0
580,pad,8,8,8,1,1,1,-1,-2,-2,0,-2,0,-2,-3,5,0
581,pad,0,0,0,1,1,1,3,-2,-1,-1,-1,1,3,-1,0,-2
582,pad,8,2,2,0,0,1,0,0,3,1,-3,-2,-1,-1,1,-3
583,pad,2,2,2,1,1,1,-2,0,3,2,-3,-2,-2,1,0,-4
584,pad,1,1,1,1,1,1,-2,3,-2,-2,-1,0,-1,0,-1,0
585,pad,7,7,7,1,1,1,-2,0,0,0,0,-1,-5,4,-1,0
586,pad,0,0,0,1,1,1,5,-2,-1,-2,-2,0,2,-1,-2,-1
587,pad,6,6,6,1,1,1,-1,-1,-2,-1,0,2,4,-2,-1,-4
588,pad,5,5,5,1,1,1,-2,-1,-2,0,-2,5,-1,-1,0,1
589,pad,4,4,4,1,1,1,-3,0,-1,-4,4,-2,-3,-1,-2,1
590,pad,3,3,3,1,1,1,-3,-1,-1,6,-4,2,-2,-1,1,-1
591,pad,8,8,8,1,1,1,-1,-1,-1,1,-2,0,0,-1,3,-2
592,pad,0,0,0,1,1,1,6,-3,-1,-2,-2,-2,1,-1,-2,0
593,pad,9,9,9,1,1,1,-1,-1,-2,0,1,-1,-2,0,0,2
594,pad,6,6,6,1,1,1,-2,-1,-3,-2,0,2,5,-3,0,-3
595,pad,3,3,3,1,1,1,-4,0,0,4,-3,1,-2,0,0,-3
596,pad,8,8,8,1,1,1,-1,-2,0,0,-2,0,-1,-1,4,0
597,pad,0,0,0,1,1,1,4,-2,-1,0,-2,2,2,-2,-1,-1
598,pad,9,9,9,1,1,1,-4,0,-3,-3,2,-3,-5,-1,0,4
599,pad,9,9,9,1,1,1,-2,-1,-2,-1,1,-2,-4,0,-1,5
600,pad,6,6,6,1,1,1,-2,-1,-2,-2,0,1,4,-2,1,-1
601,pad,8,8,8,1,1,1,1,-2,-1,0,-2,0,-1,-1,4,-1
602,pad,6,6,6,1,1,1,0,-2,-4,-3,0,1,7,-4,0,-3
603,pad,8,8,8,1,1,1,-1,-1,-1,0,-1,0,-1,-2,3,0
604,pad,5,5,5,1,1,1,-1,-1,-2,1,-3,5,0,-1,0,1
605,pad,7,7,7,1,1,1,-3,0,-1,0,0,-1,-3,1,-1,0
606,pad,8,8,8,1,1,1,-2,-2,-1,1,-3,1,0,-3,5,-1
607,pad,6,6,6,1,1,1,-2,0,-2,-1,0,2,4,-2,0,-4
608,pad,0,0,0,1,1,1,4,-2,0,-1,-2,-1,0,-2,-1,0
609,pad,2,2,2,1,1,1,1,0,4,0,-3,-3,-2,0,0,-3
610,pad,4,4,6,1,0,0,-1,0,0,-2,0,0,2,-3,-2,-2
611,pad,0,0,0,1,1,1,3,-2,-1,-1,-1,0,1,-1,0,0
612,pad,2,2,2,1,1,1,0,0,5,1,-3,-3,-2,1,0,-3
613,pad,2,2,2,1,1,1,0,0,2,0,-3,-2,-1,-1,1,-2
614,pad,3,3,3,1,1,1,-1,-1,0,3,-2,0,-2,-1,1,0
615,pad,1,1,1,1,1,1,-1,3,0,-2,-3,0,-1,-1,0,-3
616,pad,9,9,9,1,1,1,-2,-3,-2,1,-1,1,-4,0,-1,4
617,pad,7,7,7,1,1,1,-4,0,1,0,0,-3,-4,4,-2,-3
618,pad,5,5,5,1,1,1,-1,-2,-2,1,-2,4,0,-2,1,1
619,pad,1,1,1,1,1,1,-1,2,0,-1,-1,-1,-1,-1,0,-1
620,pad,0,0,0,1,1,1,4,-2,1,-1,-2,-1,0,-1,-1,-2
621,pad,8,8,8,1,1,1,-1,-1,-2,-1,-1,0,-1,-3,3,1
622,pad,4,4,4,1,1,1,-3,0,-1,-3,5,-2,-3,0,-3,0
623,pad,6,6,6,1,1,1,0,-1,-2,-3,0,2,5,-4,-1,-3
624,pad,2,2,2,1,1,1,0,0,3,0,-2,-3,-1,0,0,-2
625,pad,6,4,6,0,1,0,0,0,-2,-3,2,0,3,-2,-2,-1
626,pad,7,7,7,1,1,1,-3,-1,0,1,0,-2,-5,4,-1,0
627,pad,9,9,9,1,1,1,-1,-1,-2,0,0,-1,-3,-1,0,3
628,pad,3,3,3,1,1,1,-3,0,-1,3,-3,0,-3,0,0,-1
629,pad,2,2,2,1,1,1,1,0,3,0,-2,-1,-1,0,0,-2
630,pad,9,9,9,1,1,1,-2,-1,-1,0,0,0,-2,0,0,3
631,pad,8,8,8,1,1,1,0,-1,-2,0,-1,0,-1,-1,4,-2
632,pad,2,2,2,1,1,1,2,-1,4,0,-4,-2,-1,-1,0,-3
633,pad,2,2,2,1,1,1,-1,1,5,1,-3,-3,-1,0,-1,-5
634,pad,9,9,9,1,1,1,-2,-2,-3,-1,1,-1,-5,1,-2,5
635,pad,2,2,2,1,1,1,0,1,5,-1,-2,-2,-1,0,-3,-4
636,pad,7,7,7,1,1,1,-3,0,0,0,0,-1,-4,4,-1,-1
637,pad,3,3,3,1,1,1,-2,-1,1,3,-3,0,0,-1,1,-2
638,pad,5,5,5,1,1,1,0,-1,-2,-1,-1,4,0,-1,1,0
639,pad,9,9,9,1,1,1,-1,-1,-2,-1,1,-2,-4,-1,0,3
640,pad,1,1,1,1,1,1,-2,3,-1,-2,0,-1,-1,0,-1,0
641,pad,8,8,8,1,1,1,-1,-2,-1,0,-2,1,1,-3,4,-1
642,pad,0,0,0,1,1,1,4,-2,-1,0,-2,1,1,-1,0,-1
643,pad,2,2,2,1,1,1,1,1,7,0,-4,-4,-2,0,-2,-6
644,pad,0,0,0,1,1,1,6,-3,-2,-2,-3,-1,0,-1,0,0
645,pad,5,5,5,1,1,1,-2,-2,-2,0,-1,4,0,-2,1,1
646,pad,2,2,1,1,0,0,-1,1,1,-1,1,-1,1,0,-2,-2
647,pad,1,1,1,1,1,1,-2,4,-1,-2,-1,-1,-2,1,-1,-1
648,pad,3,3,3,1,1,1,-3,-1,-1,5,-4,0,-3,-1,1,-1
649,pad,7,7,7,1,1,1,-1,0,1,0,-1,-1,-4,3,-1,0
650,pad,6,6,6,1,1,1,1,-2,-3,-1,-1,2,3,-3,-1,0
651,pad,7,7,7,1,1,1,-2,0,1,0,-1,-2,-5,4,-1,0
652,pad,1,1,1,1,1,1,-3,4,-1,-3,0,-1,-2,1,-1,0
653,pad,2,2,2,1,1,1,1,1,5,0,-3,-3,-2,0,-1,-4
654,pad,5,5,5,1,1,1,-1,-1,-1,1,-2,4,0,-1,0,0
655,pad,8,8,8,1,1,1,-3,-1,0,1,-2,-1,-1,-1,4,-1
656,pad,0,0,0,1,1,1,5,-2,-1,-2,-2,0,2,-2,-1,-1
657,pad,3,3,3,1,1,1,-3,-1,-1,6,-4,1,-3,-1,1,-1
658,pad,7,7,7,1,1,1,-1,-1,-1,-1,0,-1,-4,3,-1,1
659,pad,2,7,1,0,0,0,-2,3,1,0,-1,-2,-3,3,-2,-2
660,pad,4,4,4,1,1,1,-3,0,-1,-2,4,-2,-2,0,-2,-1
661,pad,0,0,0,1,1,1,3,-1,-2,-1,0,0,0,-1,-1,0
662,pad,9,9,9,1,1,1,-1,-2,-3,0,-1,-1,-5,-1,-2,5
663,pad,1,1,1,1,1,1,-3,4,-2,-2,-1,1,-2,0,-1,0
664,pad,8,8,8,1,1,1,0,-2,0,0,-4,1,-1,-3,5,0
665,pad,6,6,6,1,1,1,-1,-2,-3,-3,0,1,7,-3,0,-5
666,pad,7,7,7,1,1,1,-2,0,0,0,0,-1,-4,3,-1,0
667,pad,7,7,7,1,1,1,-1,0,0,0,-1,0,-1,1,0,-1
668,pad,4,4,4,1,1,1,-4,0,-2,-2,4,-2,-2,-1,-1,0
669,pad,3,3,3,1,1,1,-2,-1,0,4,-3,0,-2,-1,1,-1
670,pad,4,4,4,1,1,1,-3,0,-2,-3,3,-2,-4,0,-2,2
671,pad,9,9,9,1,1,1,-1,-2,-2,0,0,-1,-4,1,-1,4
672,pad,1,1,1,1,1,1,-2,4,-1,-3,-1,-1,-2,0,-1,-1
673,pad,9,9,9,1,1,1,-1,-2,-3,-1,0,-2,-4,0,-1,3
674,pad,5,5,5,1,1,1,-3,-1,-2,3,-2,4,-1,-1,0,0
675,pad,1,1,1,1,1,1,-3,4,-1,-3,-1,0,-2,-1,-1,0
676,pad,7,7,7,1,1,1,-2,0,1,1,-1,-1,-4,3,0,-1
677,pad,3,3,3,1,1,1,-2,-1,0,4,-4,0,-1,-1,1,-2
678,pad,9,9,9,1,1,1,-1,-2,-2,0,0,-1,-3,0,-1,4
679,pad,7,7,2,1,0,0,-1,1,2,0,-1,-2,-3,2,-1,-2
680,pad,6,6,6,1,1,1,-1,-1,-2,-3,0,1,5,-3,0,-2
681,pad,9,9,9,1,1,1,-2,-2,-1,-1,1,-1,-4,1,-1,4
682,pad,1,1,1,1,1,1,-3,4,-1,-2,-1,0,-2,1,-2,-1
683,pad,3,3,3,1,1,1,-1,-1,-1,3,-2,1,-1,-1,0,0
684,pad,7,2,2,0,0,1,-2,1,2,2,-2,-1,-3,1,0,-1
685,pad,8,8,8,1,1,1,0,-2,0,1,-2,-1,-2,-1,3,1
686,pad,3,3,3,1,1,1,-2,0,1,4,-3,0,-2,0,0,-2
687,pad,3,3,3,1,1,1,-3,0,0,5,-4,1,-3,0,0,-1
688,pad,6,6,6,1,1,1,1,-2,-2,-2,-2,2,4,-4,0,-1
689,pad,7,7,7,1,1,1,-1,0,0,0,0,-1,-2,1,-1,0
690,pad,2,2,2,1,1,1,-1,0,4,2,-4,-3,-3,0,-1,-3
691,pad,8,8,8,1,1,1,-2,-1,-1,-2,1,-1,-1,0,2,1
692,pad,5,5,5,1,1,1,-1,-1,-1,0,-2,3,-1,-1,1,0
693,pad,8,8,8,1,1,1,-1,-1,-2,0,-1,1,-1,-2,3,0
694,pad,5,5,5,1,1,1,-4,-1,-4,-1,-1,6,-1,-1,0,0
695,pad,1,1,1,1,1,1,-2,4,0,-3,-1,0,-2,0,-1,-2
696,pad,1,1,1,1,1,1,-3,3,-1,-2,0,0,-1,0,-1,1
697,pad,4,4,4,1,1,1,-3,0,0,-2,4,-1,-4,0,-3,-1
698,pad,4,4,4,1,1,1,-4,-1,-2,-3,4,-2,-4,-1,-1,1
699,pad,3,3,3,1,1,1,-2,0,0,3,-3,0,-2,0,0,-1
700,pad,1,1,1,1,1,1,-3,4,-1,-4,0,-1,-2,-1,-1,0
701,pad,0,0,0,1,1,1,4,-3,-1,-1,-1,-1,1,-2,-1,-1
702,pad,7,7,7,1,1,1,0,0,0,0,-1,-1,-4,2,0,-1
703,pad,7,7,7,1,1,1,-3,0,2,1,-1,-2,-5,4,-1,-2
704,pad,0,0,0,1,1,1,4,-2,0,-1,-2,-2,1,-1,-1,-1
705,pad,7,7,7,1,1,1,-2,1,0,0,0,-1,-3,3,-1,0
706,pad,9,9,9,1,1,1,-2,-2,-3,0,0,0,-4,-1,-1,5
707,pad,4,9,4,0,1,0,-2,0,-2,-2,3,-2,-3,-1,0,2
708,pad,4,4,4,1,1,1,-3,0,-1,-3,4,-2,-3,-1,-1,1
709,pad,8,8,8,1,1,1,-1,-2,-2,-1,-3,1,-1,-3,6,-1
710,pad,5,5,5,1,1,1,-1,-2,-1,2,-3,4,-1,-2,1,0
711,pad,5,5,5,1,1,1,-2,-2,-3,1,-2,5,0,-3,2,0
712,pad,4,4,4,1,1,1,-2,0,-1,-2,2,-2,-3,-1,-2,2
713,pad,0,0,0,1,1,1,3,-2,0,-1,-2,0,0,-1,0,0
714,pad,8,8,8,1,1,1,-2,-1,-2,0,-1,0,0,-3,5,0
715,pad,2,2,2,1,1,1,-1,1,5,1,-4,-3,-2,1,-1,-4
716,pad,1,1,1,1,1,1,-1,1,0,0,-1,-1,-2,1,-1,0
717,pad,0,0,0,1,1,1,2,-1,0,0,-2,1,2,-2,0,-2
718,pad,8,8,8,1,1,1,0,-2,-1,0,-2,0,-2,-2,5,0
719,pad,4,4,4,1,1,1,-4,-2,-1,-3,5,-2,-5,-1,-1,1
720,pad,5,5,5,1,1,1,-3,0,-2,0,-1,3,0,-1,2,-1
721,pad,0,0,0,1,1,1,3,-2,-2,0,-1,-1,0,-1,-1,1
722,pad,4,4,4,1,1,1,-3,0,-1,-3,4,-2,-3,0,-4,-1
723,pad,0,0,0,1,1,1,1,0,-1,0,1,-1,0,0,-1,0
724,pad,6,6,6,1,1,1,-1,0,-2,-2,0,1,4,-2,0,-2
725,pad,1,1,1,1,1,1,-3,3,-1,-3,0,-1,-2,0,-2,0
726,pad,7,7,3,1,0,0,-1,-1,-1,1,0,1,-1,0,0,0
727,pad,3,3,3,1,1,1,-3,0,-1,5,-4,0,-2,-1,1,-2
728,pad,2,2,2,1,1,1,0,-1,3,1,-4,-3,-2,0,1,-3
729,pad,6,6,6,1,1,1,0,-2,-3,-2,-2,2,5,-4,0,-2
730,pad,7,7,7,1,1,1,-1,-1,-2,0,0,0,-4,3,-1,1
731,pad,2,2,2,1,1,1,0,0,6,0,-3,-3,-2,0,-1,-4
732,pad,6,6,6,1,1,1,0,-1,-3,-2,-1,1,6,-3,0,-2
733,pad,9,9,9,1,1,1,-2,-2,-2,-1,0,-1,-4,-1,0,4
734,pad,3,3,3,1,1,1,-3,-1,-1,5,-3,1,-2,-1,0,-1
735,pad,1,1,1,1,1,1,-3,3,-1,-2,0,0,-2,0,-1,0
736,pad,4,4,4,1,1,1,-2,0,0,-3,3,-2,-4,0,-3,0
737,pad,6,6,6,1,1,1,2,-2,-3,-2,-1,1,5,-3,0,-2
738,pad,2,2,2,1,1,1,0,0,3,1,-4,-3,-2,0,1,-3
739,pad,5,5,5,1,1,1,-2,-3,-3,1,-2,5,0,-2,1,1
740,pad,4,4,4,1,1,1,-3,0,-1,-2,2,-1,-3,0,-1,2
741,pad,2,2,2,1,1,1,0,0,4,1,-4,-3,-3,0,0,-3
742,pad,0,0,0,1,1,1,6,-3,-1,-2,-3,0,1,-1,0,-1
743,pad,6,6,6,1,1,1,0,-1,-3,-2,0,1,4,-3,-1,-1
744,pad,2,2,2,1,1,1,0,0,4,0,-2,-2,-1,-1,0,-2
745,pad,1,1,1,1,1,1,-2,4,-1,-3,-2,-1,-2,0,0,-2
746,pad,7,7,7,1,1,1,0,1,1,0,-1,-2,-4,2,-1,-1
747,pad,3,3,3,1,1,1,-2,-1,0,5,-4,0,-2,-1,1,-1
748,pad,4,4,4,1,1,1,-3,0,-1,-4,4,-2,-4,-1,-3,1
749,pad,1,1,1,1,1,1,-2,3,-1,-3,0,0,-1,-1,-1,-1
750,pad,0,0,0,1,1,1,5,-2,-1,-1,-2,-1,0,-1,-2,0
751,pad,5,5,5,1,1,1,-2,-1,-2,0,-3,7,-1,-2,0,1
752,pad,4,4,4,1,1,1,-3,0,-1,-3,4,-2,-2,-1,-2,-1
753,pad,3,3,3,1,1,1,-3,-1,2,4,-3,-1,-2,0,1,-3
754,pad,1,1,1,1,1,1,-2,4,-1,-3,-1,-1,-1,0,-1,-1
755,pad,1,1,1,1,1,1,-3,4,-1,-3,0,-1,-2,0,-2,0
756,pad,7,7,7,1,1,1,-2,0,1,0,-1,-2,-4,4,-1,-1
757,pad,4,4,4,1,1,1,-4,-1,-3,-4,5,-2,-4,0,-2,1
758,pad,9,9,9,1,1,1,-2,-2,-3,-1,1,-2,-4,0,-1,4
759,pad,9,9,9,1,1,1,-1,-3,-2,0,0,-1,-4,0,0,3
760,pad,4,4,4,1,1,1,-2,-1,-2,-2,2,-2,-3,0,-1,2
761,pad,8,8,8,1,1,1,-1,0,-1,-1,-1,0,1,-2,3,0
762,pad,4,4,4,1,1,1,-3,-1,-1,-3,4,-2,-4,0,-3,1
763,pad,0,0,0,1,1,1,4,-2,-1,0,-1,0,0,-1,-2,0
764,pad,2,2,2,1,1,1,0,0,4,1,-3,-2,-2,0,0,-3
765,pad,4,4,4,1,1,1,-3,0,-2,-4,4,-2,-2,-1,-1,0
766,pad,5,5,5,1,1,1,-2,-1,-2,0,-2,5,0,-2,2,0
767,pad,1,1,1,1,1,1,-1,3,0,-2,-2,-1,-1,0,0,-2
768,pad,1,1,1,1,1,1,-2,3,-1,-1,-1,0,-1,0,-1,0
769,pad,6,6,5,1,0,0,1,-2,-3,-2,-1,3,3,-3,1,0
770,pad,4,4,4,1,1,1,-2,0,-1,-3,3,-3,-3,-1,-2,0
771,pad,7,7,7,1,1,1,0,0,0,-1,-1,0,-3,3,0,0
772,pad,1,1,1,1,1,1,-2,3,-1,-2,-1,0,-2,1,-1,-1
773,pad,9,9,9,1,1,1,-1,-2,-2,0,0,-1,-4,-1,-1,4
774,pad,4,4,4,1,1,1,-3,0,-2,-2,3,-1,-3,-1,-2,2
775,pad,2,2,2,1,1,1,1,0,4,0,-3,-2,-1,0,0,-4
776,pad,4,4,4,1,1,1,-4,0,-1,-3,4,-1,-3,0,-3,1
777,pad,1,1,1,1,1,1,-2,3,-1,-2,0,-1,-2,1,-2,-1
778,pad,5,5,5,1,1,1,-2,-1,-2,-1,-2,5,0,-2,1,1
779,pad,5,5,5,1,1,1,-1,-2,-3,-1,-2,5,0,-2,1,1
780,pad,3,3,3,1,1,1,-3,0,-2,5,-3,3,-3,0,-1,0
781,pad,8,8,8,1,1,1,-1,-1,-1,0,-1,1,0,-2,3,0
782,pad,3,3,3,1,1,1,-4,0,0,4,-3,1,-2,0,0,-3
783,pad,1,1,1,1,1,1,-2,3,-1,-2,0,-1,-2,1,-1,0
784,pad,4,4,4,1,1,1,-4,-1,-2,-4,5,-1,-3,-1,-2,1
785,pad,5,5,5,1,1,1,-2,0,-2,3,-3,4,-2,-1,0,1
786,pad,6,6,6,1,1,1,0,-1,-3,-1,0,2,3,-1,-1,-1
787,pad,8,8,8,1,1,1,-1,-2,-2,0,-2,0,-1,-3,5,1
788,pad,9,9,9,1,1,1,-1,-2,-2,0,0,0,-3,0,-1,4
789,pad,4,4,4,1,1,1,-2,0,0,-2,3,-1,-2,0,-2,0
790,pad,1,1,1,1,1,1,-3,3,-2,-3,0,0,-1,0,-1,0
791,pad,5,5,5,1,1,1,-2,-1,-1,0,-2,3,0,-1,0,1
792,pad,3,3,3,1,1,1,-3,-1,-1,6,-6,0,-4,-1,1,-1
793,pad,8,8,8,1,1,1,-1,-2,-2,0,-1,0,0,-3,5,-1
794,pad,0,0,0,1,1,1,5,-3,-2,-2,-3,-1,1,-2,0,0
795,pad,3,3,3,1,1,1,0,-1,-1,3,-2,1,-1,-1,0,0
796,pad,2,2,2,1,1,1,-1,0,5,1,-2,-2,-1,0,-1,-4
797,pad,5,5,5,1,1,1,-2,0,-2,-2,-1,4,0,-1,1,0
798,pad,1,1,1,1,1,1,-3,4,-1,-3,0,-1,-2,0,-2,-1
799,pad,2,2,2,1,1,1,-1,1,7,1,-3,-4,-3,1,-2,-6
800,pad,8,8,8,1,1,1,0,-1,-1,0,-1,0,0,-1,2,0
801,pad,3,3,3,1,1,1,-4,0,-1,5,-2,1,-2,0,0,-2
802,pad,4,4,4,1,1,1,-3,0,-1,-3,5,-2,-3,0,-3,-1
803,pad,4,4,4,1,1,1,-3,-1,-1,-3,5,-2,-3,0,-3,0
804,pad,0,0,0,1,1,1,4,-2,-1,0,-2,1,1,-1,0,0
805,pad,8,8,8,1,1,1,-1,-2,-2,0,-3,1,0,-4,6,-1
806,pad,8,8,8,1,1,1,-1,-1,-2,0,-1,1,0,-3,4,-1
807,pad,3,3,3,1,1,1,-4,0,-1,6,-4,1,-2,-1,1,-2
808,pad,3,3,3,1,1,1,-2,-1,-2,5,-4,2,-2,-2,0,0
809,pad,1,1,1,1,1,1,-2,3,-1,-2,0,0,-2,0,-1,-1
810,pad,7,7,7,1,1,1,-3,1,1,0,0,-2,-4,4,-2,-2
811,pad,3,3,3,1,1,1,-2,-1,-1,6,-5,1,-3,-2,1,-1
812,pad,5,5,5,1,1,1,-3,-1,-2,-1,-2,6,0,-1,0,0
813,pad,9,9,9,1,1,1,-3,-1,-3,-3,1,-1,-3,-1,2,3
814,pad,6,6,6,1,1,1,0,-1,-2,-2,-1,2,4,-3,0,-2
815,pad,3,3,3,1,1,1,-1,0,0,3,-3,0,-2,0,0,-1
816,pad,2,2,2,1,1,1,0,1,6,0,-3,-3,-2,1,-2,-4
817,pad,6,6,6,1,1,1,1,-1,-2,-2,0,0,4,-2,-1,-2
818,pad,1,1,1,1,1,1,-2,4,-2,-3,0,0,-1,0,-1,0
819,pad,3,3,3,1,1,1,-3,-1,-1,6,-4,2,-2,-2,0,-1
820,pad,6,6,6,1,1,1,1,-2,-3,-3,-2,2,5,-4,1,-2
821,pad,0,0,0,1,1,1,5,-2,-1,-1,-2,-1,0,-1,-1,0
822,pad,7,7,7,1,1,1,-2,-1,0,0,0,-1,-5,4,-1,0
823,pad,2,2,2,1,1,1,0,0,3,0,-1,-2,-1,0,0,-1
824,pad,1,1,1,1,1,1,-1,3,-1,-3,0,0,0,-1,-1,-1
825,pad,7,7,7,1,1,1,-1,0,1,0,-1,-1,-4,4,-1,0
826,pad,1,1,1,1,1,1,-3,4,-2,-3,-1,1,-2,-1,-1,0
827,pad,4,4,4,1,1,1,-3,-1,-2,-3,3,-1,-3,-1,1,1
828,pad,2,2,2,1,1,1,0,0,4,2,-4,-3,-2,0,1,-3
829,pad,4,4,4,1,1,1,-3,0,-2,-3,3,-2,-2,-1,0,0
830,pad,2,2,2,1,1,1,-1,0,3,1,-2,-2,-1,0,-1,-3
831,pad,1,1,1,1,1,1,-2,3,-1,-3,-1,-1,-2,0,-1,0
832,pad,7,7,7,1,1,1,-3,0,0,0,0,-2,-3,3,-1,-2
833,pad,9,9,9,1,1,1,-2,-1,-2,-1,1,-1,-4,0,-2,2
834,pad,6,6,6,1,1,1,-1,0,-1,-1,0,1,3,-3,-1,-3
835,pad,1,1,1,1,1,1,-1,3,0,-2,-2,0,-1,0,0,-2
836,pad,1,1,1,1,1,1,-1,3,-1,-2,-2,-1,-1,0,0,-2
837,pad,2,2,2,1,1,1,0,1,4,-1,-2,-3,-2,1,-2,-4
838,pad,4,4,4,1,1,1,-4,-1,-2,-3,5,-2,-3,-1,-3,-1
839,pad,8,8,8,1,1,1,0,-2,-2,1,-3,0,1,-4,3,-1
840,pad,1,1,1,1,1,1,-1,3,-1,-2,-2,-1,-2,1,0,-2
841,pad,7,7,7,1,1,1,-1,0,1,0,0,-1,-3,3,-1,-1
842,pad,7,7,7,1,1,1,-1,-1,0,0,-1,-1,-3,2,0,0
843,pad,4,4,4,1,1,1,-3,-1,-1,-3,4,-1,-4,0,-3,1
844,pad,8,8,8,1,1,1,-1,0,0,0,0,0,0,0,2,0
845,pad,0,0,0,1,1,1,4,-2,0,-1,-2,-1,0,-1,0,-1
846,pad,7,7,7,1,1,1,0,-2,-1,0,-1,-1,-4,3,0,1
847,pad,3,3,3,1,1,1,-3,-1,0,5,-3,-1,-2,0,1,-2
848,pad,1,1,1,1,1,1,-2,4,-1,-3,-1,0,0,0,-1,-3
849,pad,3,3,3,1,1,1,-3,0,0,5,-4,0,-2,-1,0,-2
850,pad,1,1,1,1,1,1,-2,3,-1,-3,-1,-1,-2,1,-1,-1
851,pad,0,0,0,1,1,1,6,-3,-2,-3,-3,0,2,-1,0,-2
852,pad,7,7,7,1,1,1,-2,0,0,0,0,-1,-3,2,-1,0
853,pad,7,7,7,1,1,1,-2,0,0,1,-1,-1,-4,3,-1,0
854,pad,0,0,0,1,1,1,5,-2,-1,-1,-2,-1,0,0,-2,0
855,pad,3,3,3,1,1,1,-3,-1,-1,5,-4,0,-3,-1,1,-1
856,pad,5,5,5,1,1,1,-1,0,-2,1,-2,4,0,-1,0,0
857,pad,5,5,5,1,1,1,-2,-2,-3,1,-3,5,-1,-2,1,1
858,pad,2,2,2,1,1,1,0,0,4,0,-3,-3,-2,0,0,-3
859,pad,7,7,7,1,1,1,-1,1,0,0,-1,-1,-2,2,-1,0
860,pad,6,6,6,1,1,1,-1,-1,-2,-2,-1,1,5,-3,0,-2
861,pad,6,6,6,1,1,1,-1,-1,-2,-2,0,1,5,-3,0,-2
862,pad,9,9,9,1,1,1,-2,-1,-2,-2,1,-1,-4,0,-1,4
863,pad,2,2,2,1,1,1,0,0,4,1,-4,-2,-1,-1,1,-3
864,pad,8,8,8,1,1,1,-2,-1,-1,0,-2,1,1,-3,5,-1
865,pad,3,3,3,1,1,1,-2,0,0,4,-3,1,-2,0,-1,-2
866,pad,5,5,5,1,1,1,-1,-1,-1,0,-1,4,0,-1,0,1
867,pad,2,2,2,1,1,1,1,0,5,0,-3,-4,-2,1,-2,-4
868,pad,2,2,2,1,1,1,0,0,3,0,-1,-1,-1,-1,0,-1
869,pad,5,5,5,1,1,1,-2,-1,-2,1,-2,4,-1,-2,1,1
870,pad,6,6,6,1,1,1,1,-2,-2,-2,-2,1,3,-3,1,0
871,pad,0,0,0,1,1,1,5,-3,-2,-2,-2,-2,2,-2,-1,0
872,pad,8,8,8,1,1,1,-1,-1,-1,0,-1,-1,-1,-2,4,0
873,pad,2,2,2,1,1,1,-1,1,5,1,-3,-3,-2,1,-1,-4
874,pad,9,9,9,1,1,1,-1,-1,-3,-1,1,-1,-3,-1,0,3
875,pad,2,2,2,1,1,1,1,-1,3,0,-4,-2,-1,-1,1,-3
876,pad,8,8,8,1,1,1,-3,-2,-2,0,-2,1,0,-2,5,-1
877,pad,8,8,8,1,1,1,-2,-1,-2,-1,0,1,1,-2,4,-1
878,pad,8,8,8,1,1,1,-1,-2,-2,0,-1,0,-1,-2,4,1
879,pad,8,8,8,1,1,1,-2,-2,-1,0,-3,1,1,-3,6,-2
880,pad,7,7,7,1,1,1,-2,0,0,0,0,-1,-4,3,0,0
881,pad,4,4,4,1,1,1,-3,-1,-2,-4,4,-2,-3,-1,-1,3
882,pad,9,9,9,1,1,1,-1,-1,-2,-1,1,-1,-3,0,0,2
883,pad,3,3,5,1,0,0,-1,0,-1,2,-2,3,-2,-1,0,0
884,pad,0,0,0,1,1,1,5,-2,-1,-1,-3,-1,0,-1,-1,0
885,pad,6,6,6,1,1,1,-1,0,-1,-2,0,1,3,-1,0,-2
886,pad,6,6,6,1,1,1,0,-1,-3,-2,0,0,5,-3,0,-1
887,pad,3,3,3,1,1,1,-3,-2,-2,6,-4,2,-3,-2,1,0
888,pad,2,2,2,1,1,1,-1,1,5,1,-2,-3,-2,0,-2,-4
889,pad,1,1,1,1,1,1,-3,4,-2,-2,-1,0,-3,0,-2,0
890,pad,3,3,3,1,1,1,-3,-1,-2,4,-3,3,-1,-1,1,0
891,pad,2,2,2,1,1,1,0,1,6,0,-3,-3,-1,0,-2,-6
892,pad,2,2,2,1,1,1,0,0,5,1,-3,-3,-2,0,-1,-4
893,pad,9,9,9,1,1,1,-1,-1,-1,-1,0,-1,-3,1,-1,3
894,pad,3,3,3,1,1,1,-1,-1,0,3,-3,0,0,-1,1,-2
895,pad,0,0,0,1,1,1,4,-1,-1,-1,-2,0,1,-1,0,-1
896,pad,0,0,0,1,1,1,3,-2,0,-1,0,-3,0,-2,-1,0
897,pad,5,5,5,1,1,1,-1,-1,-2,-1,-2,6,1,-1,0,0
898,pad,7,7,7,1,1,1,-4,1,1,1,-1,-2,-3,3,-2,-3
899,pad,8,8,8,1,1,1,-2,-2,-3,-1,-2,2,1,-4,7,-1
900,pad,1,1,1,1,1,1,-2,2,-1,0,0,1,-1,0,0,-1
901,pad,4,4,4,1,1,1,-4,-2,-2,-4,5,-3,-5,0,-2,1
902,pad,4,4,4,1,1,1,-4,0,-2,-3,3,-2,-4,1,-1,1
903,pad,6,6,6,1,1,1,0,-1,-3,-1,1,1,4,-2,0,-1
904,pad,0,0,0,1,1,1,3,-2,0,0,-3,1,0,-1,0,0
905,pad,2,2,2,1,1,1,0,0,5,1,-3,-3,-2,1,-1,-3
906,pad,9,9,9,1,1,1,-2,-2,-2,-1,1,-2,-5,1,-2,4
907,pad,1,1,1,1,1,1,-1,3,-1,-2,-1,-1,-1,0,0,-1
908,pad,4,4,4,1,1,1,-2,0,0,-2,3,-2,-3,0,-2,-1
909,pad,7,7,7,1,1,1,-3,-1,0,0,1,-2,-4,3,0,0
910,pad,4,4,4,1,1,1,-4,-1,-2,-3,5,-2,-3,0,-2,-1
911,pad,7,7,7,1,1,1,-2,0,1,1,-1,-2,-4,4,-1,-2
912,pad,3,3,3,1,1,1,-3,-2,-2,5,-4,3,-3,-2,1,1
913,pad,9,9,9,1,1,1,-2,-1,-1,-1,0,-1,-3,0,-1,4
914,pad,8,8,8,1,1,1,-1,-2,-2,0,-3,0,-1,-3,5,-1
915,pad,8,8,8,1,1,1,-1,-1,-1,-1,-1,1,0,-2,4,0
916,pad,4,4,4,1,1,1,-2,-1,0,-2,3,-2,-3,0,-1,0
917,pad,7,7,7,1,1,1,-1,0,0,0,0,-1,-4,3,0,0
918,pad,1,1,1,1,1,1,-2,2,0,-2,0,-1,-2,1,-1,0
919,pad,2,2,2,1,1,1,0,1,5,0,-3,-2,-2,0,-1,-4
920,pad,1,1,1,1,1,1,-2,3,-1,-2,0,-1,-2,0,-1,0
921,pad,2,2,2,1,1,1,-1,1,5,1,-3,-3,-3,1,-1,-5
922,pad,2,2,2,1,1,1,0,0,3,1,-3,-2,-2,1,0,-3
923,pad,3,3,3,1,1,1,-3,-1,-1,7,-6,1,-4,-1,1,-1
924,pad,2,2,2,1,1,1,-1,0,3,1,-2,-2,-2,1,0,-3
925,pad,3,3,3,1,1,1,-4,0,0,5,-4,1,-3,0,0,-2
926,pad,2,2,2,1,1,1,1,-1,2,-1,-3,-2,0,-2,2,-1
927,pad,3,3,3,1,1,1,-2,-1,-1,5,-3,1,-2,-1,0,0
928,pad,9,9,9,1,1,1,-1,-2,-1,1,-1,0,-2,-1,1,3
929,pad,1,1,1,1,1,1,-3,3,-1,-2,-1,0,-2,1,-1,-1
930,pad,7,7,7,1,1,1,-3,0,1,1,-1,-2,-2,2,-1,-2
931,pad,4,4,4,1,1,1,-3,0,-2,-3,3,-1,-3,-1,-2,1
932,pad,0,0,0,1,1,1,5,-2,-1,-1,-1,-1,1,-1,-2,0
933,pad,3,3,3,1,1,1,-3,-1,-1,5,-4,2,-2,-1,0,-2
934,pad,5,5,5,1,1,1,-2,-1,-3,0,-3,6,-1,-1,0,2
935,pad,5,5,5,1,1,1,-2,-1,-2,1,-2,3,-1,-1,1,-1
936,pad,8,8,8,1,1,1,-1,-1,-2,-2,-1,2,2,-3,3,-1
937,pad,6,6,6,1,1,1,-2,-1,-2,-3,0,1,7,-3,0,-5
938,pad,3,5,3,0,1,0,-2,-1,-2,3,-3,3,-1,-2,2,1
939,pad,2,2,2,1,1,1,1,0,3,0,-3,-2,-1,0,-1,-2
940,pad,6,6,6,1,1,1,0,-2,-3,-2,-1,2,4,-3,1,-1
941,pad,7,7,7,1,1,1,-2,-1,0,0,-1,-2,-6,4,-1,0
942,pad,6,6,6,1,1,1,-1,-1,-2,-2,0,1,5,-2,0,-3
943,pad,6,6,6,1,1,1,1,-1,-2,-1,-1,2,3,-3,-1,-1
944,pad,3,3,3,1,1,1,-3,0,0,4,-3,1,-1,-1,1,-1
945,pad,2,2,2,1,1,1,0,0,6,1,-4,-4,-1,0,-2,-6
946,pad,7,7,7,1,1,1,-1,1,1,0,-2,-1,-3,2,-1,-1
947,pad,8,9,9,0,0,1,-2,-1,-2,-2,1,-2,-3,-1,0,3
948,pad,1,1,1,1,1,1,-3,4,-2,-2,0,-1,-2,0,-1,0
949,pad,1,1,1,1,1,1,-3,4,-1,-3,0,-1,-2,0,-2,0
950,pad,7,7,7,1,1,1,-2,0,0,1,-1,-1,-3,2,-1,-1
951,pad,5,5,5,1,1,1,-2,0,-2,1,-1,4,-2,0,-1,1
952,pad,6,6,6,1,1,1,1,-1,-1,-1,0,1,3,-1,0,-1
953,pad,4,4,4,1,1,1,-3,0,-1,-3,3,-2,-3,0,-2,0
954,pad,9,9,9,1,1,1,-2,-2,-3,1,-1,0,-4,0,-1,4
955,pad,5,5,5,1,1,1,-3,-2,-2,0,-1,5,0,-2,0,1
956,pad,1,1,1,1,1,1,-3,3,0,-1,0,0,-1,0,-2,-2
957,pad,3,3,3,1,1,1,-1,-1,-2,2,-2,2,-1,-1,1,0
958,pad,3,3,3,1,1,1,-1,0,0,3,-2,0,-1,-1,0,-1
959,pad,4,4,4,1,1,1,-3,0,-2,-1,2,0,-2,-1,-1,1
960,pad,7,7,7,1,1,1,-2,1,-1,0,0,0,-3,2,-1,0
961,pad,8,8,8,1,1,1,-1,-2,-2,0,-3,1,-1,-4,6,0
962,pad,9,9,9,1,1,1,-1,-1,-2,-1,1,-1,-3,0,0,2
963,pad,1,1,1,1,1,1,-2,2,-1,-2,0,0,-1,0,0,0
964,pad,1,1,1,1,1,1,-1,3,0,-2,-1,0,0,0,-1,-2
965,pad,6,6,6,1,1,1,1,-2,-3,-1,-2,2,4,-4,2,-3
966,pad,9,9,9,1,1,1,-2,-2,-2,-1,1,-2,-4,0,0,3
967,pad,1,1,1,1,1,1,-2,4,-2,-3,0,-1,-1,0,-1,-1
968,pad,4,4,4,1,1,1,-4,0,-2,-4,5,-2,-3,-1,-2,1
969,pad,4,4,4,1,1,1,-2,-1,-1,-2,2,-2,-3,0,0,1
970,pad,5,5,5,1,1,1,-2,-1,-1,0,-3,5,0,-1,0,1
971,pad,4,4,4,1,1,1,-3,-1,-1,-3,5,-3,-4,0,-2,1
972,pad,0,0,0,1,1,1,6,-3,0,-1,-3,-2,0,-1,-1,-1
973,pad,6,6,6,1,1,1,-1,-1,-3,-2,0,1,6,-3,0,-4
974,pad,2,2,2,1,1,1,1,1,7,0,-4,-4,-2,1,-3,-6
975,pad,2,2,2,1,1,1,1,-1,5,0,-4,-3,-1,-1,0,-4
976,pad,3,3,3,1,1,1,-1,-1,-1,3,-3,0,-1,-2,2,-1
977,pad,1,1,1,1,1,1,-1,3,-1,-2,-1,-1,-1,-1,-1,-1
978,pad,5,5,5,1,1,1,-2,-2,-3,0,-3,6,0,-3,2,1
979,pad,1,1,1,1,1,1,-3,4,-1,-3,0,-1,-2,0,-2,-1
980,pad,2,2,2,1,1,1,-1,0,5,0,-2,-3,-2,0,-1,-4
981,pad,0,0,0,1,1,1,5,-3,-2,-2,-1,-2,1,0,-2,0
982,pad,3,3,3,1,1,1,-3,0,1,5,-5,-1,-3,0,0,-2
983,pad,8,8,8,1,1,1,0,-2,-1,0,-3,-1,-2,-3,5,0
984,pad,1,1,1,1,1,1,-2,3,-1,-2,0,0,-1,0,0,0
985,pad,2,2,2,1,1,1,-1,1,5,1,-3,-3,-2,0,-1,-5
986,pad,6,6,6,1,1,1,0,-2,-3,-2,-1,1,4,-4,1,-1
987,pad,7,7,7,1,1,1,-1,0,0,0,0,0,-1,2,-1,-1
988,pad,1,1,1,1,1,1,-2,2,-1,-1,0,0,-1,0,-1,0
989,pad,6,6,6,1,1,1,0,-1,-2,-1,0,0,3,-2,0,-1
990,pad,2,2,2,1,1,1,-1,1,5,1,-2,-3,-1,0,-1,-5
991,pad,3,3,3,1,1,1,-4,-1,-1,7,-6,1,-4,-1,1,-1
992,pad,9,9,9,1,1,1,-2,-2,-1,-2,1,-2,-4,0,1,4
993,pad,0,0,0,1,1,1,4,-2,-1,-1,-2,0,0,0,0,-1
994,pad,1,1,1,1,1,1,-2,3,-1,-2,0,0,-1,-1,0,-1
995,pad,2,2,2,1,1,1,1,0,3,0,-1,-1,-1,-1,-1,-1
996,pad,2,2,2,1,1,1,-1,1,6,0,-4,-3,-1,0,-2,-6
997,pad,0,0,0,1,1,1,5,-3,-2,-1,-1,0,2,-2,-1,-1
998,pad,8,8,8,1,1,1,-1,-1,-1,0,-1,0,0,-1,2,-1
999,pad,9,9,9,1,1,1,-1,-2,-1,-1,1,-1,-4,1,-1,3
1000,pad,9,9,9,1,1,1,0,-2,-2,0,0,-1,-3,1,-1,2
1001,pad,0,0,0,1,1,1,4,-2,-2,-1,-1,-1,1,-2,-2,0
1002,pad,2,2,2,1,1,1,0,0,4,1,-3,-2,-2,1,0,-4
1003,pad,5,5,5,1,1,1,-3,-1,-2,2,-3,5,-1,-2,1,1
1004,pad,1,1,1,1,1,1,-3,3,-1,-2,0,-1,-2,-1,-1,0
1005,pad,9,9,9,1,1,1,-2,-2,-3,0,-1,-1,-5,-1,-1,4
1006,pad,7,7,7,1,1,1,-1,0,0,0,-1,-1,-4,3,-1,0
1007,pad,8,8,8,1,1,1,-1,-2,-1,0,-2,0,-2,-3,4,1
1008,pad,1,1,1,1,1,1,-3,4,-2,-3,0,-1,-2,1,-2,0
1009,pad,0,0,0,1,1,1,4,-2,0,-1,-2,-1,1,-2,-1,-1
1010,pad,4,4,4,1,1,1,-5,-1,-2,-4,5,-2,-3,-1,0,0
1011,pad,1,1,1,1,1,1,-2,4,-2,-2,-1,-1,-2,0,-2,0
1012,pad,7,7,2,1,0,0,-1,0,1,1,-1,-1,-2,1,-1,-1
1013,pad,9,9,9,1,1,1,-2,-1,-3,-1,1,-2,-4,0,-1,4
1014,pad,6,5,0,0,0,0,1,-1,0,0,-1,1,1,-1,0,0
1015,pad,4,4,4,1,1,1,-3,0,-2,-2,3,-1,-2,0,-1,1
1016,pad,2,2,2,1,1,1,-1,1,4,0,-2,-3,-1,0,-1,-3
1017,pad,6,6,6,1,1,1,-2,0,0,-2,0,0,4,-2,1,-3
1018,pad,8,8,8,1,1,1,-2,-1,-1,1,-3,1,0,-3,4,0
1019,pad,1,1,1,1,1,1,-3,4,-2,-3,0,-1,-1,0,-1,-1
1020,pad,3,3,3,1,1,1,-3,0,-1,5,-3,0,-2,-1,1,-1
1021,pad,7,7,7,1,1,1,-2,0,1,0,-2,-1,-2,2,0,-2
1022,pad,5,5,5,1,1,1,-2,-2,-3,1,-2,5,-2,-1,-1,3
1023,pad,4,4,4,1,1,1,-2,-1,-1,-3,4,-2,-2,0,-3,-1
1024,pad,4,4,4,1,1,1,-5,0,-3,-3,4,-2,-2,-1,0,-1
1025,pad,1,1,1,1,1,1,-2,4,-1,-3,-1,0,-1,0,-1,-1
1026,pad,8,8,8,1,1,1,-1,-1,-2,0,-1,1,0,-2,3,1
1027,pad,1,1,1,1,1,1,-2,3,-1,-3,-1,-1,-2,-1,0,-1
1028,pad,3,3,3,1,1,1,-4,0,-1,5,-4,2,-3,0,0,-2
1029,pad,8,8,8,1,1,1,0,-2,-2,0,-2,1,-1,-3,5,-1
1030,pad,1,1,1,1,1,1,-2,3,-1,-3,0,-1,-2,0,-1,0
1031,pad,2,2,2,1,1,1,-1,1,5,-1,-2,-2,-2,0,-2,-4
1032,pad,5,5,5,1,1,1,-2,-2,-3,-2,-2,6,0,-2,1,2
1033,pad,8,8,8,1,1,1,0,1,0,0,-2,-1,-2,-1,2,-1
1034,pad,0,0,0,1,1,1,5,-2,-1,-1,-3,-1,0,-1,-1,-1
1035,pad,6,6,6,1,1,1,0,-1,-3,-2,0,0,4,-3,-1,-1
1036,pad,2,2,2,1,1,1,-1,1,5,0,-3,-4,-2,1,-2,-5
1037,pad,1,1,1,1,1,1,-3,4,-1,-3,-1,-1,-2,1,-2,-1
1038,pad,1,1,1,1,1,1,-2,3,-1,-3,0,0,-2,0,-1,0
1039,pad,7,1,1,0,0,1,-2,1,0,1,-1,0,-1,1,-1,-1
1040,pad,1,1,1,1,1,1,-2,3,-1,-2,0,-1,-2,1,-2,0
1041,pad,5,5,5,1,1,1,-2,-2,-2,0,-2,6,0,-2,1,1
1042,pad,3,3,3,1,1,1,-3,0,0,4,-3,0,-2,0,0,-3
1043,pad,4,4,4,1,1,1,-4,-1,-3,-4,5,-3,-4,0,-2,1
1044,pad,6,6,6,1,1,1,-1,-1,-2,-2,1,0,3,-2,0,-1
1045,pad,9,9,9,1,1,1,-3,1,-2,-1,0,-1,-3,-1,0,3
1046,pad,5,5,5,1,1,1,-2,-1,-2,2,-3,5,-1,-2,0,1
1047,pad,0,0,0,1,1,1,4,-2,-1,-1,-1,0,1,-1,-2,-1
1048,pad,9,9,9,1,1,1,0,-2,-3,0,0,-1,-3,0,-1,4
1049,pad,2,2,2,1,1,1,-1,0,5,0,-2,-2,-2,0,-1,-4
1050,pad,2,2,2,1,1,1,1,-1,2,1,-3,-2,-2,0,0,-1
1051,pad,4,4,4,1,1,1,-3,-1,-1,-2,3,-2,-4,0,-2,0
1052,pad,8,8,8,1,1,1,-1,-1,-1,0,-2,0,-1,-2,3,1
1053,pad,2,2,2,1,1,1,0,0,4,0,-2,-2,-1,-1,-1,-2
1054,pad,1,1,1,1,1,1,-3,4,-1,-3,-1,-1,-2,0,-1,0
1055,pad,7,7,7,1,1,1,0,1,0,-1,-1,-1,-3,2,-1,-1
1056,pad,2,2,2,1,1,1,-1,1,5,1,-4,-3,-2,1,-1,-5
1057,pad,4,4,4,1,1,1,-3,0,-2,-3,3,-2,-3,-1,-2,0
1058,pad,9,9,9,1,1,1,-1,-2,-2,0,1,-1,-4,-1,-1,3
1059,pad,4,4,4,1,1,1,-2,-1,-2,-3,4,-3,-4,0,-2,2
1060,pad,4,4,4,1,1,1,-3,-1,-1,-2,4,-2,-3,0,-3,-1
1061,pad,0,0,0,1,1,1,4,-2,-2,-1,-2,1,3,-2,0,-2
1062,pad,3,3,3,1,1,1,-1,0,0,3,-2,-1,-3,1,0,0
1063,pad,9,9,9,1,1,1,-1,-2,-3,-1,1,-1,-4,-1,-1,3
1064,pad,2,2,2,1,1,1,-1,1,5,1,-3,-2,-2,0,-2,-4
1065,pad,2,2,2,1,1,1,-2,1,5,0,-3,-3,-2,1,-1,-5
1066,pad,3,3,3,1,1,1,-2,-1,0,5,-3,0,-3,0,0,-1
1067,pad,3,3,3,1,1,1,-2,-2,-2,6,-5,1,-3,-2,2,0
1068,pad,8,8,8,1,1,1,-1,0,-1,0,0,0,-1,-1,1,0
1069,pad,3,3,3,1,1,1,-2,0,-1,4,-3,1,-3,0,0,0
1070,pad,5,5,5,1,1,1,-2,-1,-3,-1,-2,6,1,-2,1,0
1071,pad,7,7,7,1,1,1,-2,0,0,0,0,-1,-4,3,-1,0
1072,pad,3,3,3,1,1,1,-2,-1,-1,3,-3,2,-1,-1,1,0
1073,pad,5,5,5,1,1,1,-3,-1,-2,2,-3,4,-1,-2,2,-1
1074,pad,8,8,8,1,1,1,-2,-1,-1,0,-2,0,-1,-2,5,0
1075,pad,1,1,1,1,1,1,-2,3,-1,-2,0,0,-2,1,-1,0
1076,pad,2,2,2,1,1,1,-1,1,4,1,-3,-2,-1,0,-1,-5
1077,pad,4,4,4,1,1,1,-4,0,-2,-4,4,-2,-4,0,-2,1
1078,pad,4,4,4,1,1,1,-1,0,1,-2,3,-2,-2,0,-3,0
1079,pad,6,6,6,1,1,1,1,-1,-3,-2,-1,2,5,-4,-1,-2
1080,pad,4,4,4,1,1,1,-3,0,0,-1,3,-1,-2,0,-2,0
1081,pad,9,9,9,1,1,1,-1,-1,-1,0,0,0,-2,0,0,3
1082,pad,5,5,5,1,1,1,-2,-2,-3,1,-2,4,0,-2,2,1
1083,pad,1,1,1,1,1,1,-3,4,-1,-3,0,-1,-2,0,-1,0
1084,pad,0,0,0,1,1,1,5,-3,-2,-1,-1,1,3,-2,-1,-1
1085,pad,6,6,6,1,1,1,-1,0,-2,-2,0,1,4,-2,0,-2
1086,pad,9,9,9,1,1,1,-2,-1,-1,-1,0,-1,-3,-1,0,3
1087,pad,5,5,5,1,1,1,-2,-1,-2,0,-2,5,0,-2,1,1
1088,pad,9,9,9,1,1,1,-3,-2,-3,-2,1,-1,-5,0,-2,4
1089,pad,5,5,5,1,1,1,-2,-2,-3,2,-2,4,-1,-1,0,1
1090,pad,9,9,9,1,1,1,-1,-1,-2,-1,1,-1,-2,0,-1,3
1091,pad,7,7,7,1,1,1,-3,1,1,0,0,-2,-3,3,-2,-2
1092,pad,3,3,3,1,1,1,-2,0,1,3,-3,0,-2,-1,-1,-2
1093,pad,8,8,8,1,1,1,0,-1,-1,1,-2,0,-1,-2,3,-1
1094,pad,0,0,0,1,1,1,5,-2,0,-1,-2,0,1,-1,-1,-1
1095,pad,3,3,3,1,1,1,-2,-1,-1,5,-3,1,-2,-1,0,-1
1096,pad,7,7,7,1,1,1,-1,-1,-1,-1,0,-1,-5,4,-1,0
1097,pad,1,1,1,1,1,1,-2,3,-2,-3,0,0,-1,0,-1,0
1098,pad,3,3,3,1,1,1,-2,-1,-2,4,-3,2,-2,-1,0,1
1099,pad,6,6,6,1,1,1,0,-1,-1,-2,-1,2,3,-3,-1,-3
1100,pad,7,7,7,1,1,1,-2,0,0,0,0,-1,-4,3,-1,-1
1101,pad,8,8,8,1,1,1,-1,0,-1,0,0,0,1,-1,2,0
1102,pad,5,5,5,1,1,1,-2,-2,-3,0,-3,7,0,-2,0,1
1103,pad,9,9,9,1,1,1,-2,-1,-1,0,0,-1,-3,0,-1,3
1104,pad,7,7,7,1,1,1,-2,0,0,0,0,-1,-3,2,-1,0
1105,pad,9,9,9,1,1,1,-1,-2,-3,-1,0,-1,-5,1,-2,4
1106,pad,6,6,6,1,1,1,-1,-1,-3,-2,-1,2,6,-3,-1,-4
1107,pad,9,9,9,1,1,1,-2,-2,-1,1,-1,1,-2,-2,1,2
1108,pad,6,6,6,1,1,1,0,-1,-4,-2,-1,2,4,-3,0,-1
1109,pad,3,3,3,1,1,1,-5,0,0,5,-4,1,-2,-1,0,-2
1110,pad,7,7,7,1,1,1,-2,-1,0,0,0,-1,-5,4,-1,0
1111,pad,4,4,4,1,1,1,-3,-1,-1,-2,3,-1,-3,0,-1,0
1112,pad,4,4,4,1,1,1,0,-1,-2,-2,3,-1,2,-2,-2,-2
1113,pad,5,5,5,1,1,1,-2,-2,-3,-1,-2,7,0,-2,0,1
1114,pad,3,3,3,1,1,1,-1,-1,0,3,-3,-1,-2,-1,2,-2
1115,pad,5,5,5,1,1,1,-1,-1,-1,1,-2,4,-1,-1,0,1
1116,pad,4,4,4,1,1,1,-4,0,-1,-3,3,-1,-3,0,-1,0
1117,pad,7,7,7,1,1,1,-2,0,0,0,-1,-1,-4,3,-1,-1
1118,pad,8,8,8,1,1,1,-1,-2,0,1,-2,-1,-2,-2,5,-1
1119,pad,7,7,7,1,1,1,-3,1,0,0,-1,-1,-4,3,-1,-2
1120,pad,8,8,8,1,1,1,-1,-1,-1,0,-1,0,-1,-2,3,0
1121,pad,0,0,0,1,1,1,3,-1,-2,-1,0,0,2,-2,-1,0
1122,pad,7,7,7,1,1,1,-1,0,1,0,-1,-1,-2,2,0,-1
1123,pad,6,6,6,1,1,1,0,-1,-3,-2,-1,2,6,-3,0,-3
1124,pad,8,8,8,1,1,1,-1,-1,0,0,-1,1,1,-2,2,-1
1125,pad,8,8,8,1,1,1,-2,-1,-2,0,0,0,-1,-2,3,1
1126,pad,7,7,7,1,1,1,-2,-1,0,0,0,-2,-5,4,-1,0
1127,pad,3,3,3,1,1,1,-2,-2,-1,5,-4,0,-3,-2,1,-1
1128,pad,3,3,2,1,0,0,-1,0,2,2,-3,-1,-2,1,0,-3
1129,pad,1,1,1,1,1,1,-2,4,-1,-3,-1,-1,-1,0,-1,-2
1130,pad,9,9,9,1,1,1,-2,-1,-3,-2,2,-2,-4,-1,-2,4
1131,pad,5,5,5,1,1,1,-2,-1,-3,-2,-1,5,1,-1,1,0
1132,pad,2,2,2,1,1,1,0,0,5,0,-3,-3,-1,0,-1,-4
1133,pad,7,7,7,1,1,1,-1,0,1,0,-1,-1,-3,2,-1,-1
1134,pad,3,3,3,1,1,1,-3,-1,-2,6,-5,2,-3,-2,1,0
1135,pad,5,5,5,1,1,1,-2,-1,-2,0,-1,4,-1,-1,1,1
1136,pad,1,1,1,1,1,1,-2,3,-2,-3,-1,-1,0,0,-1,-1
1137,pad,1,1,1,1,1,1,-2,2,-1,-2,0,0,-1,0,-1,0
1138,pad,2,2,2,1,1,1,-1,1,3,0,-2,-2,-1,1,-2,-3
1139,pad,1,1,1,1,1,1,-2,4,-1,-3,-1,-1,-2,0,-1,-1
1140,pad,4,4,4,1,1,1,-3,-1,-1,-3,5,-2,-3,0,-3,1
1141,pad,7,7,7,1,1,1,-1,1,1,-1,-1,-2,-4,3,-1,-1
1142,pad,4,4,4,1,1,1,-3,0,-1,-3,4,-2,-2,0,-3,0
1143,pad,7,7,2,1,0,0,-4,1,3,2,-2,-3,-4,3,-1,-4
1144,pad,5,5,5,1,1,1,-3,-2,-2,2,-3,5,-1,-2,0,1
1145,pad,4,4,4,1,1,1,-3,-1,-1,-3,4,-2,-4,0,-2,0
1146,pad,5,5,5,1,1,1,-1,-1,-2,1,-2,4,0,-1,1,1
1147,pad,4,4,4,1,1,1,-4,-1,-2,-2,3,-1,-4,1,-2,1
1148,pad,0,0,0,1,1,1,4,-2,-2,-2,-1,-1,1,-1,-2,0
1149,pad,8,8,8,1,1,1,-2,-1,0,-2,0,-1,-2,-2,4,1
1150,pad,3,3,3,1,1,1,-2,-2,-2,5,-3,2,-2,-2,1,0
1151,pad,6,6,6,1,1,1,0,-2,-1,-1,-1,1,2,-3,1,-1
1152,pad,9,9,9,1,1,1,-3,-2,-3,1,0,0,-5,0,-2,4
1153,pad,6,6,6,1,1,1,2,-2,-2,-2,-2,2,4,-4,1,-1
1154,pad,0,0,0,1,1,1,4,-1,-1,-1,-3,0,-1,0,0,-2
1155,pad,2,2,2,1,1,1,-1,0,4,1,-2,-2,-1,0,-1,-3
1156,pad,7,7,7,1,1,1,-2,0,-1,0,-1,0,-1,1,0,-2
1157,pad,4,4,4,1,1,1,-3,-1,-1,-2,3,-2,-3,0,-1,0
1158,pad,4,4,4,1,1,1,-3,-1,-2,-4,6,-3,-3,0,-4,-1
1159,pad,4,4,4,1,1,1,-2,0,-3,-3,3,-1,0,-1,-1,0
1160,pad,4,4,4,1,1,1,-3,-1,-1,-3,4,0,-2,0,-3,0
1161,pad,6,6,6,1,1,1,1,-2,-4,-1,1,1,4,-3,0,-1
1162,pad,6,6,6,1,1,1,-1,-2,-3,-3,-1,1,7,-3,0,-4
1163,pad,4,4,4,1,1,1,-4,0,-3,-4,5,-2,-2,-1,-1,-1
1164,pad,7,7,7,1,1,1,-2,0,-1,-1,0,0,-4,4,-1,0
1165,pad,9,9,9,1,1,1,-2,-1,-1,-2,1,-1,-3,0,-1,3
1166,pad,3,3,3,1,1,1,-2,0,-1,3,-2,1,-1,-1,0,0
1167,pad,4,4,4,1,1,1,-4,0,-2,-3,4,-2,-4,0,-2,-1
1168,pad,5,5,5,1,1,1,-1,-1,-1,0,-3,5,0,-2,1,0
1169,pad,5,5,5,1,1,1,0,-2,-2,-1,-2,4,1,-2,1,0
1170,pad,8,8,8,1,1,1,-2,-2,-3,-1,-1,2,1,-3,6,-2
1171,pad,7,7,7,1,1,1,-2,0,-1,0,0,-1,-3,3,-1,-1
1172,pad,3,3,3,1,1,1,-4,0,0,5,-4,1,-3,0,0,-3
1173,pad,7,7,7,1,1,1,-1,0,-1,0,-1,0,-3,3,0,-1
1174,pad,2,2,2,1,1,1,0,1,7,0,-4,-4,-1,1,-3,-6
1175,pad,7,7,7,1,1,1,-2,0,0,1,-1,-1,-4,3,-1,0
1176,pad,0,0,0,1,1,1,3,-2,-1,-1,-2,0,1,-1,0,-2
1177,pad,2,2,2,1,1,1,0,1,6,0,-3,-4,-2,1,-2,-5
1178,pad,4,4,4,1,1,1,-1,-1,-1,-2,1,0,1,-1,-1,-2
1179,pad,1,1,1,1,1,1,-2,3,-1,-2,0,-1,-2,1,-1,0
1180,pad,1,1,1,1,1,1,-4,4,-2,-3,0,-2,-2,0,-2,0
1181,pad,6,6,6,1,1,1,-1,1,0,-1,-1,0,2,-3,0,-3
1182,pad,6,6,5,1,0,0,-1,-1,-2,-1,-2,3,2,-2,1,0
1183,pad,9,9,9,1,1,1,-1,-2,-3,0,0,-1,-4,-1,0,4
1184,pad,2,2,2,1,1,1,-1,1,3,0,-1,-1,0,0,-1,-3
1185,pad,8,8,8,1,1,1,-2,-2,-2,0,-2,0,-1,-3,4,1
1186,pad,7,7,7,1,1,1,-4,0,-2,0,1,-1,-6,4,-2,1
1187,pad,2,2,2,1,1,1,-1,1,5,1,-3,-2,-1,0,-2,-4
1188,pad,0,0,0,1,1,1,5,-2,-1,-2,-3,-1,1,-1,0,-1
1189,pad,1,1,1,1,1,1,-2,3,0,-3,-1,0,-1,0,-1,-1
1190,pad,5,5,5,1,1,1,-2,-2,-2,0,-2,5,0,-2,0,1
1191,pad,0,0,0,1,1,1,3,-2,-1,0,-2,1,1,-1,0,0
1192,pad,9,9,9,1,1,1,-2,0,-1,-2,1,-1,-2,0,0,2
1193,pad,1,1,1,1,1,1,-2,3,-1,-3,-1,-1,-1,0,-1,-1
1194,pad,7,7,7,1,1,1,-3,-1,-2,-1,1,-2,-4,2,-1,0
1195,pad,0,0,0,1,1,1,5,-3,-1,-3,-3,-1,1,-1,0,-2
1196,pad,6,6,6,1,1,1,-1,-1,-2,-2,0,1,4,-3,0,-1
1197,pad,0,0,0,1,1,1,4,-2,-3,-1,-1,1,1,-1,-1,0
1198,pad,8,8,8,1,1,1,-2,0,-2,0,0,0,0,-1,3,-1
1199,pad,6,6,6,1,1,1,1,-2,-3,-1,0,2,4,-3,0,-2
1200,pad,8,8,8,1,1,1,-1,0,-1,-1,0,0,0,-2,2,0
1201,pad,1,1,1,1,1,1,-2,4,-1,-3,-1,-1,-2,1,-1,-1
1202,pad,8,8,5,1,0,0,-1,-1,-1,0,-3,3,2,-3,3,-1
1203,pad,0,0,0,1,1,1,5,-3,-1,-1,-1,-1,2,-2,-1,-1
1204,pad,3,3,3,1,1,1,-3,0,1,5,-5,0,-3,0,0,-2
1205,pad,3,3,3,1,1,1,-3,-1,-1,6,-5,1,-3,-1,0,-1
1206,pad,7,7,7,1,1,1,0,0,0,1,-3,-1,-5,2,0,-1
1207,pad,2,2,2,1,1,1,-1,0,4,0,-2,-2,-2,0,-1,-3
1208,pad,3,3,3,1,1,1,-2,-1,-1,4,-3,1,-2,0,0,0
1209,pad,6,6,6,1,1,1,0,-1,-2,-2,-1,2,4,-3,0,-3
1210,pad,2,2,2,1,1,1,-1,1,6,1,-3,-4,-3,1,-2,-5
1211,pad,1,1,1,1,1,1,-1,4,-1,-2,-2,-1,-1,-1,0,-2
1212,pad,6,6,6,1,1,1,1,-2,-2,-1,-2,1,2,-3,0,0
1213,pad,1,1,1,1,1,1,-3,4,-1,-3,0,-1,-2,1,-2,0
1214,pad,1,1,1,1,1,1,-3,4,-1,-3,-1,-1,-1,0,-1,-1
1215,pad,3,3,3,1,1,1,-3,-1,0,4,-4,0,-2,-1,1,-1
1216,pad,7,7,7,1,1,1,-1,0,0,0,-1,0,-2,1,-1,0
1217,pad,9,9,9,1,1,1,-1,-1,-2,-1,0,-1,-2,-1,0,2
1218,pad,0,0,0,1,1,1,5,-2,0,-1,-2,-1,1,-1,-1,-1
1219,pad,8,8,8,1,1,1,-1,-1,-1,0,-1,0,0,-2,4,0
1220,pad,0,0,0,1,1,1,4,-1,-1,0,-2,0,0,-1,0,0
1221,pad,5,5,5,1,1,1,-2,-1,-1,0,-2,4,0,-1,1,1
1222,pad,4,4,4,1,1,1,-2,-1,-1,-3,4,-2,-3,0,-1,0
1223,pad,0,0,0,1,1,1,4,-3,-2,-1,-1,0,2,-1,0,0
1224,pad,2,2,2,1,1,1,0,1,2,-1,0,-1,-1,0,-2,-2
1225,pad,8,8,8,1,1,1,-1,-1,-2,-1,-1,0,0,-3,4,0
1226,pad,7,2,2,0,0,1,-1,1,3,0,-1,-2,-1,1,-2,-3
1227,pad,2,2,2,1,1,1,-1,1,5,0,-2,-2,-2,0,-2,-4
1228,pad,9,9,9,1,1,1,-2,-3,-2,2,-1,1,-4,-2,1,3
1229,pad,8,8,8,1,1,1,-1,-1,-1,0,-2,1,0,-2,4,-1
1230,pad,4,4,4,1,1,1,-3,-1,-1,-2,4,-2,-4,0,-3,0
1231,pad,0,0,0,1,1,1,4,-2,0,-1,-1,-1,0,0,-1,0
1232,pad,9,9,4,1,0,0,-1,0,-2,-2,2,-1,-1,-1,-1,2
1233,pad,5,5,5,1,1,1,-2,-1,-2,0,-2,5,0,-2,1,1
1234,pad,8,8,8,1,1,1,-2,-2,0,1,-3,1,1,-2,4,-2
1235,pad,5,5,5,1,1,1,-2,-1,-2,-1,-1,4,1,-2,2,0
1236,pad,1,1,1,1,1,1,-3,4,-1,-3,0,-1,-2,0,-1,0
1237,pad,2,2,2,1,1,1,-1,1,5,0,-3,-3,-1,0,-1,-4
1238,pad,1,1,1,1,1,1,-2,4,-1,-2,-1,-1,-2,0,-1,0
1239,pad,3,3,3,1,1,1,-3,-1,-2,5,-4,3,-2,-2,1,0
1240,pad,1,1,1,1,1,1,-2,3,-1,-3,0,0,-1,0,-1,-1
1241,pad,7,7,7,1,1,1,-3,1,-1,-2,0,-1,-4,2,-1,0
1242,pad,4,4,4,1,1,1,-1,0,-1,-1,1,-1,-1,0,-1,1
1243,pad,5,5,5,1,1,1,-2,-1,-2,1,-1,5,-1,-1,0,1
1244,pad,7,7,7,1,1,1,-1,1,1,-1,-1,-1,-3,2,-1,-1
1245,pad,2,2,2,1,1,1,0,0,5,0,-3,-3,-2,0,-1,-3
1246,pad,0,0,0,1,1,1,3,0,0,-1,-1,0,0,0,0,-1
1247,pad,9,5,5,0,0,1,-1,-1,0,0,-1,2,-1,0,0,1
1248,pad,8,8,8,1,1,1,-2,-1,-1,0,-1,1,0,-2,3,-1
1249,pad,8,8,8,1,1,1,-1,-2,-2,0,-3,1,0,-3,5,-1
1250,pad,6,6,6,1,1,1,0,-1,-1,-1,-1,1,3,-2,0,-2
1251,pad,2,2,2,1,1,1,0,0,3,0,-1,-1,-1,-1,-1,-3
1252,pad,5,5,5,1,1,1,-2,0,-1,-1,-1,3,0,-1,1,0
1253,pad,4,4,4,1,1,1,-3,-1,-2,-4,4,-2,-2,0,-1,0
1254,pad,1,1,1,1,1,1,-3,4,-2,-3,0,0,-2,0,-2,0
1255,pad,9,9,9,1,1,1,-3,-1,-3,-2,1,-1,-4,-1,-1,4
1256,pad,2,2,2,1,1,1,0,1,4,0,-2,-2,-2,1,-2,-3
1257,pad,1,1,1,1,1,1,-2,3,-1,-2,-1,0,0,-1,0,-1
1258,pad,5,5,5,1,1,1,-1,-2,-3,0,-3,6,0,-3,2,1
1259,pad,8,8,8,1,1,1,-1,-1,-1,-1,-2,1,1,-2,3,0
1260,pad,7,1,1,0,0,1,-1,2,1,-1,-2,-1,-2,1,-1,-1
1261,pad,0,0,0,1,1,1,5,-3,-1,-2,-3,-1,0,0,-1,-1
1262,pad,2,2,2,1,1,1,-1,0,3,1,-2,-2,-2,0,-1,-2
1263,pad,4,4,4,1,1,1,-3,-1,-2,-4,4,-3,-2,-1,-1,2
1264,pad,4,4,4,1,1,1,-5,0,-3,-4,5,-1,-4,-1,-2,2
1265,pad,3,3,3,1,1,1,-2,0,0,5,-4,1,-2,-1,0,-1
1266,pad,6,6,6,1,1,1,-1,0,-3,-2,1,-1,4,-2,0,-2
1267,pad,8,8,8,1,1,1,-1,-1,-1,0,-1,0,-1,-2,5,0
1268,pad,8,8,8,1,1,1,0,-2,-1,0,-2,0,-1,-3,5,0
1269,pad,2,2,2,1,1,1,0,0,3,0,-1,-1,-1,-1,0,-1
1270,pad,4,4,4,1,1,1,-4,-1,-2,-3,4,-2,-4,0,-1,1
1271,pad,0,0,0,1,1,1,5,-2,-2,-1,-2,-1,1,-2,-1,1
1272,pad,5,5,5,1,1,1,-2,-1,-1,0,-1,3,-1,0,0,0
1273,pad,0,0,0,1,1,1,3,-2,-2,0,-1,0,2,-2,0,-1
1274,pad,4,4,4,1,1,1,-1,0,0,-1,2,0,0,-1,-1,0
1275,pad,4,4,4,1,1,1,-4,-1,-2,-2,3,-1,-4,0,-2,1
1276,pad,7,7,7,1,1,1,-3,0,2,1,0,-2,-4,4,-2,-3
1277,pad,9,9,9,1,1,1,-2,-2,-2,0,0,0,-4,0,-1,4
1278,pad,3,3,3,1,1,1,-3,0,-1,6,-4,1,-3,-1,0,-2
1279,pad,4,4,4,1,1,1,-2,-1,-3,-2,2,-1,-3,-1,0,1
1280,pad,1,1,1,1,1,1,-2,3,-1,-3,0,-1,-2,0,-1,-1
1281,pad,5,5,5,1,1,1,0,-2,-3,0,-2,5,0,-2,0,1
1282,pad,9,9,9,1,1,1,-2,0,-2,-1,0,-3,-4,-1,0,4
1283,pad,7,7,7,1,1,1,-3,1,1,0,-1,-2,-2,2,-1,-2
1284,pad,3,3,3,1,1,1,-3,-1,-2,6,-4,2,-3,-1,0,0
1285,pad,5,5,5,1,1,1,-2,-1,-2,1,-2,5,-1,-1,0,1
1286,pad,8,8,8,1,1,1,-1,-1,-1,0,-1,0,-1,-2,4,0
1287,pad,8,8,8,1,1,1,-1,-1,-1,1,-2,1,-1,-3,4,0
1288,pad,0,0,0,1,1,1,3,-2,-2,-2,-1,0,1,-1,0,0
1289,pad,5,5,5,1,1,1,-1,-1,-1,1,-2,2,0,-1,0,0
1290,pad,3,3,3,1,1,1,-1,-1,-3,4,-2,2,-2,-2,0,1
1291,pad,3,3,3,1,1,1,-4,0,-1,5,-3,1,-2,1,-1,-3
1292,pad,6,6,6,1,1,1,-1,-1,-3,-2,0,1,3,-2,1,0
1293,pad,6,6,6,1,1,1,-2,-1,-1,-1,0,1,4,-2,1,-3
1294,pad,0,0,0,1,1,1,6,-3,-1,-2,-3,-1,0,-1,-1,-1
1295,pad,1,1,1,1,1,1,-2,4,-1,-3,-1,-1,-1,0,-1,-1
1296,pad,6,6,6,1,1,1,0,-1,-1,-1,-2,1,2,-2,1,-1
1297,pad,0,0,0,1,1,1,5,-3,0,-2,-3,-1,0,-1,0,0
1298,pad,3,3,3,1,1,1,-3,0,0,4,-3,1,-2,0,0,-1
1299,pad,5,5,5,1,1,1,-1,0,0,1,-2,2,-2,1,-2,0
1300,pad,4,4,4,1,1,1,-2,0,-1,-2,3,-2,-3,0,-2,0
1301,pad,4,4,4,1,1,1,-3,0,-2,-3,3,-1,-3,-1,-2,2
1302,pad,1,1,1,1,1,1,-2,3,-1,-2,-1,-1,-2,-1,-1,0
1303,pad,2,2,2,1,1,1,0,0,5,0,-4,-3,-2,0,0,-3
1304,pad,9,9,9,1,1,1,-2,-2,-3,-1,0,-1,-5,-1,-1,5
1305,pad,1,1,1,1,1,1,-2,4,-1,-3,-1,-1,-1,0,-1,-2
1306,pad,4,4,4,1,1,1,-4,0,-1,-4,5,-2,-3,-1,-1,1
1307,pad,6,6,6,1,1,1,-1,-1,-3,-2,1,0,4,-2,-1,-2
1308,pad,9,9,9,1,1,1,-1,-2,-2,0,0,-1,-4,1,-1,4
1309,pad,9,9,9,1,1,1,-1,-2,-2,0,0,-1,-4,0,-1,4
1310,pad,3,3,3,1,1,1,-1,-1,-1,3,-3,1,-2,-1,0,0
1311,pad,9,9,9,1,1,1,-2,-2,-3,-2,2,-1,-4,0,-1,3
1312,pad,8,8,8,1,1,1,-1,-2,-2,0,-1,0,0,-2,4,0
1313,pad,4,4,4,1,1,1,-4,-1,-2,-2,4,-2,-3,1,-2,-1
1314,pad,4,4,4,1,1,1,-4,0,-1,-5,6,-3,-4,-1,-4,0
1315,pad,3,3,3,1,1,1,-4,0,0,4,-3,1,-1,-1,0,-2
1316,pad,1,1,1,1,1,1,-2,4,-2,-4,0,-1,-1,0,-1,-1
1317,pad,3,3,3,1,1,1,-3,-1,-1,5,-4,0,-3,-1,1,-1
1318,pad,1,1,1,1,1,1,-1,3,-2,-3,-1,0,-1,0,0,-1
1319,pad,8,8,8,1,1,1,1,-1,-1,1,-2,0,0,-2,3,-1
1320,pad,8,8,8,1,1,1,0,-1,-1,0,-1,0,0,-1,2,-1
1321,pad,7,7,7,1,1,1,-1,0,1,1,-1,-1,-3,2,-1,0
1322,pad,9,9,9,1,1,1,-2,-2,-1,0,0,0,-3,0,0,3
1323,pad,4,4,4,1,1,1,-3,-1,-2,-4,5,-2,-3,-1,-3,0
1324,pad,8,8,8,1,1,1,0,-2,-2,0,-2,0,-2,-2,4,0
1325,pad,8,8,8,1,1,1,-2,-1,0,-1,0,0,-1,-2,4,0
1326,pad,7,7,0,1,0,0,1,0,0,-1,-3,-1,-3,1,1,-2
1327,pad,9,9,9,1,1,1,-1,-1,-2,0,0,-1,-3,0,-1,3
1328,pad,7,7,0,1,0,0,1,-1,-1,0,-1,0,-2,1,1,0
1329,pad,1,1,1,1,1,1,-2,3,-1,-3,-1,-1,-1,0,-2,-1
1330,pad,4,4,4,1,1,1,-4,0,-2,-3,4,-3,-4,0,-1,1
1331,pad,5,5,5,1,1,1,-2,-1,-2,1,-3,5,-1,-1,1,0
1332,pad,6,6,6,1,1,1,-1,-2,-4,-3,0,2,7,-3,-1,-3
1333,pad,0,0,0,1,1,1,6,-3,-2,-1,-2,0,1,-2,-2,0
1334,pad,5,5,5,1,1,1,-2,0,-1,0,-2,4,0,-1,0,0
1335,pad,2,2,2,1,1,1,-2,2,4,1,-3,-1,-1,1,-2,-5
1336,pad,2,2,2,1,1,1,0,1,5,0,-2,-3,-1,1,-2,-5
1337,pad,2,2,2,1,1,1,0,0,3,-1,0,-2,1,-1,-2,-4
1338,pad,1,1,1,1,1,1,-2,3,0,-2,-1,-1,-2,0,0,-1
1339,pad,5,5,5,1,1,1,-2,-1,-1,1,-2,4,-1,-1,1,1
1340,pad,5,5,5,1,1,1,-2,-1,-2,-1,-2,5,1,-2,2,0
1341,pad,2,2,2,1,1,1,-1,1,6,1,-3,-3,-2,0,0,-4
1342,pad,4,4,4,1,1,1,-4,-1,-1,-3,5,-1,-4,0,-3,0
1343,pad,9,9,9,1,1,1,-2,-1,-2,-2,1,-2,-4,-1,0,3
1344,pad,6,6,6,1,1,1,0,-1,-2,-2,0,2,4,-2,0,-2
1345,pad,2,2,2,1,1,1,-2,1,4,0,-3,-2,-3,1,-1,-4
1346,pad,7,7,7,1,1,1,-3,1,-1,-1,0,-1,-3,3,-1,0
1347,pad,7,7,7,1,1,1,-1,0,-1,0,0,-1,-3,3,-1,0
1348,pad,2,2,2,1,1,1,1,0,4,-1,-1,-2,-1,-1,-1,-3
1349,pad,2,2,2,1,1,1,-1,1,3,0,-3,-2,-1,0,-1,-3
1350,pad,1,1,1,1,1,1,-3,4,-2,-3,0,-1,-2,0,-2,0
1351,pad,1,1,1,1,1,1,-2,4,-1,-3,-1,-1,-1,0,-1,-3
1352,pad,2,2,2,1,1,1,0,0,4,0,-2,-2,-1,0,0,-2
1353,pad,8,8,8,1,1,1,-1,-1,-2,0,-1,1,-1,-3,4,1
1354,pad,3,3,3,1,1,1,-3,0,0,4,-3,-1,-2,0,1,-2
1355,pad,7,7,7,1,1,1,-1,0,-1,-1,0,-1,-2,1,-1,0
1356,pad,2,2,2,1,1,1,0,0,1,0,-1,-1,-1,0,0,-1
1357,pad,4,4,4,1,1,1,-1,0,0,-2,3,-1,-2,0,-3,1
1358,pad,1,1,1,1,1,1,-2,3,0,-3,-1,-1,-1,0,-1,-1
1359,pad,7,7,7,1,1,1,-2,0,0,0,-1,-1,-5,4,-1,0
1360,pad,1,1,1,1,1,1,-2,3,-1,-2,0,-1,-2,1,-1,-1
1361,pad,7,7,7,1,1,1,-2,0,0,0,0,-1,-4,3,-1,-1
1362,pad,6,6,6,1,1,1,-2,-1,-2,-2,0,1,5,-2,1,-4
1363,pad,7,7,7,1,1,1,-1,1,1,0,0,-1,-2,2,-1,-1
1364,pad,8,8,8,1,1,1,0,-1,0,0,-2,0,-1,0,2,-1
1365,pad,2,2,2,1,1,1,-1,1,4,1,-3,-2,-2,0,-1,-4
1366,pad,7,7,7,1,1,1,-3,0,0,-1,0,-1,-4,3,-1,0
1367,pad,3,3,3,1,1,1,-3,-1,-1,6,-4,1,-3,-1,1,-1
1368,pad,1,1,1,1,1,1,-2,3,-1,-2,0,-1,-2,1,-1,-1
1369,pad,7,7,7,1,1,1,-3,0,1,0,-1,-1,-4,4,-1,-2
1370,pad,5,5,5,1,1,1,-2,-1,-2,-2,-2,6,1,-2,2,0
1371,pad,8,8,8,1,1,1,-1,-2,-2,0,-2,0,0,-3,6,-1
1372,pad,2,2,2,1,1,1,-1,1,3,0,-2,-2,-1,1,-2,-4
1373,pad,6,6,6,1,1,1,0,-1,-3,-2,0,1,5,-3,-1,-2
1374,pad,2,2,2,1,1,1,0,0,5,0,-2,-3,-1,-1,-1,-3
1375,pad,2,2,2,1,1,1,0,1,5,-1,-3,-3,-2,1,-2,-5
1376,pad,5,5,5,1,1,1,-2,-2,-2,0,-2,5,0,-2,1,1
1377,pad,6,6,6,1,1,1,0,-2,-3,-3,-1,2,5,-3,1,-1
1378,pad,5,5,6,1,0,0,0,-2,-1,-1,-2,2,3,-3,0,-1
1379,pad,0,0,0,1,1,1,5,-3,-1,-1,-3,0,0,-1,-1,0
1380,pad,9,9,9,1,1,1,0,-2,-3,-1,1,-1,-2,0,-1,3
1381,pad,2,2,2,1,1,1,0,0,6,1,-5,-4,-2,0,0,-5
1382,pad,4,4,4,1,1,1,-3,0,-1,-4,5,-3,-3,0,-4,-1
1383,pad,3,3,3,1,1,1,-2,-1,-1,3,-2,1,0,-1,0,-2
1384,pad,3,3,3,1,1,1,-2,0,0,4,-3,1,-2,-1,0,-1
1385,pad,9,9,9,1,1,1,-2,-1,-1,-1,0,-2,-3,0,0,3
1386,pad,7,7,7,1,1,1,-2,-1,-1,0,-1,-1,-5,4,-1,0
1387,pad,6,6,6,1,1,1,0,0,-3,-2,1,1,5,-3,-2,-3
1388,pad,6,6,6,1,1,1,0,-1,-3,-2,0,0,4,-3,1,1
1389,pad,8,8,8,1,1,1,-2,-2,-2,0,-3,1,1,-4,6,-2
1390,pad,0,0,0,1,1,1,4,-2,-1,-1,-1,-2,0,-1,-1,0
1391,pad,4,4,4,1,1,1,-4,-1,-1,-4,6,-3,-4,-1,-2,1
1392,pad,1,1,1,1,1,1,-2,3,-1,-2,0,0,-2,1,-2,0
1393,pad,5,3,3,0,0,1,-2,0,-1,2,-1,2,-1,0,0,-1
1394,pad,8,8,8,1,1,1,0,-1,0,0,-2,0,0,-1,3,-1
1395,pad,2,2,2,1,1,1,-1,0,2,2,-3,-2,-1,0,1,-3
1396,pad,9,9,9,1,1,1,-1,-1,-2,0,0,-1,-4,0,-2,3
1397,pad,1,1,1,1,1,1,-4,4,-2,-4,1,-1,-3,-1,-1,1
1398,pad,8,8,8,1,1,1,-1,-1,-1,0,-1,0,-1,-2,4,0
1399,pad,0,0,0,1,1,1,4,-2,-1,0,-2,1,1,-1,-1,0
1400,pad,6,6,5,1,0,0,0,-1,-3,-2,0,2,2,-2,0,1
1401,pad,7,7,7,1,1,1,-1,0,-1,0,-1,-1,-3,3,0,-1
1402,pad,2,2,2,1,1,1,1,0,4,1,-3,-3,-2,1,-1,-4
1403,pad,1,1,1,1,1,1,-2,2,-1,-3,-1,0,0,-1,1,-2
1404,pad,0,0,0,1,1,1,4,-1,-2,-2,-1,0,1,-1,-1,-1
1405,pad,5,5,5,1,1,1,-1,-2,-2,0,-2,5,1,-3,2,1
1406,pad,5,5,5,1,1,1,-2,-1,-2,0,-2,5,0,-1,1,0
1407,pad,2,2,2,1,1,1,-1,0,6,0,-3,-3,-2,0,-1,-4
1408,pad,0,0,0,1,1,1,4,-3,-2,-1,-2,0,1,-2,-1,0
1409,pad,2,2,2,1,1,1,1,0,4,0,-3,-3,-2,1,0,-2
1410,pad,2,2,2,1,1,1,-1,0,4,1,-2,-1,0,0,-1,-4
1411,pad,0,0,0,1,1,1,4,-2,-1,-2,-2,0,1,-1,0,-1
1412,pad,2,2,2,1,1,1,-1,1,3,0,-2,-2,-1,0,-1,-3
1413,pad,4,4,4,1,1,1,-3,1,-1,-3,3,-2,-3,-1,-2,1
1414,pad,9,9,3,1,0,0,-1,-1,0,1,0,0,-1,0,0,1
1415,pad,8,8,8,1,1,1,-2,-1,-1,-1,-1,2,1,-2,3,-1
1416,pad,0,0,0,1,1,1,6,-2,-1,-1,-3,0,1,-1,-1,-2
1417,pad,9,9,9,1,1,1,-2,-2,-2,0,0,0,-3,-1,-2,4
1418,pad,9,9,9,1,1,1,-1,-2,-2,0,-1,-1,-4,0,-1,3
1419,pad,4,4,4,1,1,1,-5,-1,-1,-4,6,-3,-5,-1,-2,0
1420,pad,6,6,6,1,1,1,0,-1,-3,-2,0,2,5,-3,-1,-2
1421,pad,5,5,5,1,1,1,0,-1,-1,1,-2,3,0,-1,0,-1
1422,pad,4,4,4,1,1,1,-2,-1,-1,-2,4,-2,-3,0,-3,1
1423,pad,9,9,9,1,1,1,-2,-2,-2,-1,1,-1,-4,1,-1,3
1424,pad,1,1,1,1,1,1,-3,4,-2,-3,0,-1,-2,0,-2,0
1425,pad,8,8,4,1,0,0,-1,-1,-3,-2,2,0,1,-2,2,0
1426,pad,3,3,3,1,1,1,-3,-1,-1,5,-4,1,-3,-1,0,-1
1427,pad,4,9,4,0,1,0,-2,-1,-1,-2,2,-2,-2,0,0,2
1428,pad,9,9,9,1,1,1,-2,-2,-3,-1,0,-2,-4,-1,-1,5
1429,pad,9,9,9,1,1,1,-1,-1,-3,-2,2,-2,-2,0,-1,3
1430,pad,1,1,1,1,1,1,-3,3,-1,-2,0,-1,-2,0,-1,0
1431,pad,2,2,2,1,1,1,1,1,5,0,-4,-3,-3,1,-1,-4
1432,pad,2,2,2,1,1,1,0,1,6,0,-4,-4,-1,1,-2,-6
1433,pad,8,8,8,1,1,1,-1,0,-1,0,-1,-1,-1,0,2,-1
1434,pad,1,1,1,1,1,1,-3,4,-2,-3,0,-1,-2,0,-2,0
1435,pad,9,9,9,1,1,1,-3,-1,-1,-2,2,-2,-3,0,0,3
1436,pad,6,6,6,1,1,1,0,-2,-2,-2,-1,2,3,-3,1,0
1437,pad,4,4,4,1,1,1,-4,0,-2,-3,4,-2,-4,0,-1,1
1438,pad,0,0,0,1,1,1,4,-2,-1,-1,-2,0,2,-1,-1,0
1439,pad,9,9,9,1,1,1,-2,-1,-3,-1,1,-1,-3,-1,0,3
1440,pad,4,4,4,1,1,1,-2,0,-1,-2,2,-1,-1,-1,-1,0
1441,pad,8,8,8,1,1,1,-1,-1,0,1,-1,0,-1,-1,3,-1
1442,pad,3,3,3,1,1,1,-3,-1,0,5,-4,1,-3,-1,0,-2
1443,pad,8,8,8,1,1,1,-1,-2,-2,1,-3,1,-1,-4,6,0
1444,pad,6,6,6,1,1,1,2,-2,-3,-1,0,1,3,-1,-1,0
1445,pad,0,0,0,1,1,1,5,-2,0,-2,-3,-2,0,0,-1,0
1446,pad,2,2,2,1,1,1,1,0,5,0,-3,-3,-1,0,-2,-5
1447,pad,5,5,5,1,1,1,0,-2,-2,-1,-2,5,1,-2,1,0
1448,pad,1,1,1,1,1,1,-2,4,-1,-3,-1,-1,-2,0,-1,-2
1449,pad,9,9,9,1,1,1,-2,-2,-2,-1,0,-1,-4,0,-1,4
1450,pad,6,6,6,1,1,1,0,-2,-4,-2,0,0,6,-3,-1,-2
1451,pad,2,2,2,1,1,1,0,0,4,1,-3,-2,-1,0,0,-4
1452,pad,9,9,9,1,1,1,-1,-2,-3,-1,0,-1,-4,0,-2,4
1453,pad,4,4,4,1,1,1,-3,-1,-2,-2,3,-1,-4,-1,-2,3
1454,pad,0,0,0,1,1,1,3,-2,0,-2,-2,0,2,-2,1,-2
1455,pad,9,9,9,1,1,1,-1,-1,-1,-1,1,-1,-3,0,-1,2
1456,pad,6,6,6,1,1,1,-1,0,-1,-1,1,0,3,-1,-1,-3
1457,pad,0,0,0,1,1,1,5,-2,-1,-1,-2,1,2,-2,-1,-1
1458,pad,6,6,6,1,1,1,0,-1,-2,-1,0,0,2,-2,1,1
1459,pad,2,2,2,1,1,1,-2,0,3,2,-2,-1,-2,0,1,-2
1460,pad,5,5,5,1,1,1,-2,-1,-2,-1,-2,5,1,-2,2,0
1461,pad,4,4,4,1,1,1,-3,0,-2,-3,5,-3,-3,0,-2,0
1462,pad,2,2,2,1,1,1,1,-1,3,0,-3,-2,-1,0,0,-2
1463,pad,3,3,3,1,1,1,0,0,1,2,-3,0,-3,0,0,0
1464,pad,8,8,8,1,1,1,-1,-1,-1,1,-1,1,-1,-2,3,-1
1465,pad,4,4,4,1,1,1,-2,0,0,-2,2,-2,-1,0,-1,-1
1466,pad,5,5,5,1,1,1,-2,-1,-2,2,-2,4,-1,-1,-1,1
1467,pad,5,5,5,1,1,1,-1,-1,-1,2,-2,3,-1,-1,0,0
1468,pad,0,0,0,1,1,1,3,-2,-2,0,0,-1,1,-1,-1,1
1469,pad,3,3,3,1,1,1,-1,-1,-1,4,-3,2,-1,-1,-1,0
1470,pad,8,8,8,1,1,1,-1,-2,-2,1,-3,2,-1,-2,4,-1
1471,pad,5,5,5,1,1,1,-2,-1,-2,0,-1,5,0,-2,0,1
1472,pad,3,3,3,1,1,1,-2,0,0,3,-2,1,-1,0,0,-1
1473,pad,5,5,5,1,1,1,-1,-1,-2,-1,-2,6,0,-2,1,0
1474,pad,8,8,8,1,1,1,0,-1,0,0,-2,0,-1,-2,4,-1
1475,pad,6,6,6,1,1,1,0,-1,-2,-1,0,1,4,-3,-1,-3
1476,pad,5,5,5,1,1,1,-1,-3,-3,1,-2,5,0,-2,0,1
1477,pad,7,7,7,1,1,1,0,0,1,0,0,-1,-2,2,-1,-2
1478,pad,6,6,6,1,1,1,0,-1,-1,-2,-1,1,3,-3,1,-1
1479,pad,3,3,3,1,1,1,-2,-1,0,5,-4,0,-3,-1,1,-1
1480,pad,3,3,3,1,1,1,-3,0,0,5,-4,0,-3,0,0,-3
1481,pad,9,9,9,1,1,1,-2,-1,-2,-1,0,-1,-4,0,-1,3
1482,pad,6,6,6,1,1,1,0,-1,-2,-2,-1,1,4,-2,1,-1
1483,pad,1,1,1,1,1,1,-3,3,-1,-3,-1,-1,-1,0,-1,0
1484,pad,1,1,1,1,1,1,-2,3,-1,-2,0,0,-1,0,-1,0
1485,pad,2,2,2,1,1,1,0,1,5,0,-3,-3,-2,1,-2,-4
1486,pad,9,9,9,1,1,1,-1,-1,-2,0,0,-1,-4,0,-1,3
1487,pad,0,0,0,1,1,1,3,-2,-1,-1,-1,-1,1,-1,0,0
1488,pad,4,4,4,1,1,1,-2,0,-1,-3,3,-2,-1,-2,-1,0
1489,pad,3,3,3,1,1,1,-4,0,0,5,-4,2,-2,-1,0,-2
1490,pad,3,3,3,1,1,1,-4,-1,-1,4,-3,2,0,-1,0,-3
1491,pad,6,6,6,1,1,1,-1,-1,-3,-2,0,1,5,-2,0,-2
1492,pad,9,9,9,1,1,1,-2,-1,-1,-1,0,0,-3,1,-1,3
1493,pad,5,5,5,1,1,1,-1,-1,-2,0,-2,6,0,-2,1,1
1494,pad,7,7,7,1,1,1,0,-1,-1,-1,0,0,-3,3,-1,0
1495,pad,3,3,3,1,1,1,-1,-1,0,3,-3,0,-2,0,0,-1
1496,pad,7,7,7,1,1,1,-1,1,1,0,-1,-1,-2,2,0,0
1497,pad,7,7,7,1,1,1,-2,0,0,0,0,-1,-4,3,-1,-1
1498,pad,7,7,7,1,1,1,-3,0,-1,0,0,-2,-5,4,-1,0
1499,pad,8,8,8,1,1,1,-2,-1,-2,0,-2,1,1,-3,5,-1
1500,pad,7,7,7,1,1,1,-2,1,1,1,-1,-1,-3,2,-1,-1
1501,pad,9,9,9,1,1,1,0,-2,-3,0,0,-2,-3,-1,0,4
1502,pad,8,8,5,1,0,0,-1,-1,-1,0,-2,2,1,-2,2,0
1503,pad,3,3,3,1,1,1,-1,-1,-1,3,-2,1,-1,-1,0,0
1504,pad,0,0,0,1,1,1,5,-2,0,-1,-2,0,0,0,-1,-1
1505,pad,7,7,7,1,1,1,-1,0,1,0,-1,-1,-3,2,-1,-1
1506,pad,2,2,2,1,1,1,-2,1,5,1,-3,-3,-2,0,0,-5
1507,pad,7,7,7,1,1,1,-2,0,0,1,-1,-1,-4,3,-1,0
1508,pad,9,9,9,1,1,1,-2,-2,-2,-2,2,-1,-4,-1,-1,3
1509,pad,4,4,4,1,1,1,-2,-1,-1,-2,3,-2,-4,0,0,1
1510,pad,5,5,5,1,1,1,-2,-1,-2,0,-1,4,-1,-1,1,1
1511,pad,4,4,4,1,1,1,-3,0,-1,-3,3,-3,-3,-1,1,1
1512,pad,9,9,9,1,1,1,-1,-1,-1,1,-2,0,-4,0,-1,3
1513,pad,3,3,3,1,1,1,-2,0,-1,3,-2,1,-2,0,0,0
1514,pad,2,2,2,1,1,1,0,-1,3,1,-5,-3,-1,-1,1,-3
1515,pad,1,1,1,1,1,1,-3,4,-1,-3,-1,-1,-2,0,-1,-1
1516,pad,4,4,4,1,1,1,-2,-1,-1,-2,3,-1,-2,0,-2,0
1517,pad,0,0,0,1,1,1,6,-3,-2,-2,-2,-1,1,-1,-1,0
1518,pad,2,2,2,1,1,1,0,1,5,0,-3,-3,-2,0,-1,-4
1519,pad,3,3,3,1,1,1,-1,-2,-2,5,-4,1,-2,-2,0,-1
1520,pad,7,7,7,1,1,1,-3,0,0,0,-1,-1,-4,3,-1,-1
1521,pad,5,5,5,1,1,1,-2,-2,-3,0,-2,6,0,-2,1,1
1522,pad,7,9,9,0,0,1,-1,1,-1,0,0,0,-1,0,0,2
1523,pad,8,8,8,1,1,1,-2,-1,-1,-1,-1,0,1,-2,4,-1
1524,pad,8,8,8,1,1,1,-1,-2,-1,0,-2,0,-1,-2,4,-1
1525,pad,5,5,5,1,1,1,-1,-1,-1,1,-2,3,0,-1,1,0
1526,pad,0,0,0,1,1,1,4,-3,0,0,-4,-1,1,-2,1,-1
1527,pad,1,5,5,0,0,1,-3,1,-1,1,0,2,-1,0,-1,-1
1528,pad,1,1,1,1,1,1,-3,4,-1,-3,-1,-1,-1,0,-1,-1
1529,pad,4,4,4,1,1,1,-3,-2,-2,-3,5,-2,-4,0,-2,1
1530,pad,8,7,3,0,0,0,-2,-1,-1,1,0,-1,-3,1,1,-1
1531,pad,3,3,3,1,1,1,-2,-1,-2,4,-3,3,-2,-1,0,0
1532,pad,9,9,9,1,1,1,-2,-1,-2,-1,0,-1,-4,-1,-1,3
1533,pad,0,0,0,1,1,1,4,-3,-2,-2,-2,1,3,-2,0,-1
1534,pad,0,0,0,1,1,1,4,-2,-2,-2,-1,-1,1,-1,-1,0
1535,pad,0,0,0,1,1,1,5,-2,0,-1,-3,0,0,-1,0,-2
1536,pad,6,6,6,1,1,1,-1,-1,-2,-2,-1,0,5,-3,1,-1
1537,pad,6,6,6,1,1,1,1,-1,-2,-2,-1,2,5,-4,-1,-3
1538,pad,2,2,2,1,1,1,-1,0,4,0,-1,-3,-1,-1,-1,-3
1539,pad,3,3,3,1,1,1,-3,-1,-1,5,-4,2,-3,-1,0,-1
1540,pad,7,7,7,1,1,1,-2,0,-1,0,0,-1,-4,3,-1,1
1541,pad,8,8,8,1,1,1,-1,-1,-2,-1,-1,0,0,-3,4,0
1542,pad,4,4,4,1,1,1,-3,0,-1,-3,5,-2,-4,0,-3,1
1543,pad,7,7,7,1,1,1,-3,-1,0,1,0,-1,-4,3,-1,0
1544,pad,7,7,7,1,1,1,-3,1,0,0,0,-1,-4,4,-2,-1
1545,pad,9,9,9,1,1,1,-2,-2,-1,0,-1,0,-4,0,-1,4
1546,pad,2,2,2,1,1,1,0,0,3,0,-3,-2,-1,-1,0,-3
1547,pad,4,4,4,1,1,1,-4,0,-2,-2,3,-1,-3,0,-2,0
1548,pad,1,1,1,1,1,1,-2,3,0,-2,-1,-1,-2,1,-2,-1
1549,pad,4,4,4,1,1,1,-2,1,0,-3,2,-1,2,-3,-3,-3
1550,pad,5,5,5,1,1,1,-1,-1,-2,-1,-2,4,1,-2,2,0
1551,pad,2,2,2,1,1,1,-1,0,2,0,-2,-2,-2,0,1,-2
1552,pad,4,4,4,1,1,1,-3,0,-2,-3,4,-2,-3,-1,-2,0
1553,pad,9,9,9,1,1,1,-2,-2,-2,1,-1,1,-3,-3,1,3
1554,pad,9,9,4,1,0,0,-2,0,-1,-2,1,-1,-2,0,0,1
1555,pad,1,1,1,1,1,1,-2,3,-1,-3,-1,-1,-1,-1,0,-1
1556,pad,8,8,8,1,1,1,-1,-2,-2,0,-1,0,-1,-2,5,0
1557,pad,4,4,4,1,1,1,-2,0,-2,-3,4,-1,-2,-1,-2,0
1558,pad,0,0,0,1,1,1,4,-2,-1,-1,-3,1,0,-1,1,-1
1559,pad,9,9,9,1,1,1,-1,-2,-1,1,-1,1,-2,0,0,2
1560,pad,8,8,8,1,1,1,-1,-2,-1,0,-3,0,-1,-3,6,0
1561,pad,4,4,4,1,1,1,-2,0,-1,-3,4,-2,-3,-1,-3,0
1562,pad,8,8,8,1,1,1,0,-1,0,-1,-2,0,-1,-2,4,0
1563,pad,7,7,7,1,1,1,-3,0,-1,-1,0,-2,-5,4,-2,0
1564,pad,7,7,7,1,1,1,-1,0,1,0,-1,-1,-3,2,-1,-1
1565,pad,0,0,0,1,1,1,5,-2,-1,-1,-2,-1,1,-1,-1,-1
1566,pad,7,7,7,1,1,1,-1,0,0,1,-1,0,-3,2,-1,0
1567,pad,8,8,8,1,1,1,-2,-2,-2,0,-1,0,0,-3,6,-1
1568,pad,8,8,8,1,1,1,-1,-1,-2,-1,-1,1,1,-3,5,-1
1569,pad,6,6,6,1,1,1,1,-1,-1,-2,0,1,3,-2,0,-2
1570,pad,0,0,0,1,1,1,3,-2,-2,-2,-1,-1,2,-2,-1,-1
1571,pad,4,4,4,1,1,1,-4,-1,-2,-4,4,-2,-4,0,-2,1
1572,pad,8,8,8,1,1,1,0,-2,-2,1,-2,0,-1,-3,4,0
1573,pad,8,8,8,1,1,1,0,-2,-1,0,-2,0,-1,-2,4,0
1574,pad,2,2,2,1,1,1,0,1,5,0,-3,-4,-2,0,-1,-3
1575,pad,4,4,4,1,1,1,-3,0,-1,-4,5,-3,-4,-1,-3,0
1576,pad,7,7,7,1,1,1,-1,0,1,1,-1,-1,-3,2,-1,-1
1577,pad,6,6,6,1,1,1,-1,0,-2,-2,0,1,4,-3,-1,-3
1578,pad,6,6,6,1,1,1,0,0,-1,-2,-1,0,4,-3,-1,-2
1579,pad,6,6,6,1,1,1,1,-1,-3,-2,-2,2,4,-3,1,-2
1580,pad,4,4,4,1,1,1,-3,0,-2,-3,3,-1,-2,0,-2,0
1581,pad,7,7,3,1,0,0,-1,-1,-1,1,-1,-1,-4,1,-1,1
1582,pad,1,1,1,1,1,1,-2,3,-2,-3,-1,0,0,0,0,-1
1583,pad,8,8,8,1,1,1,-1,-1,-1,0,-1,1,0,-2,2,0
1584,pad,8,8,3,1,0,0,0,-2,0,2,-3,0,-1,-2,2,1
1585,pad,2,2,2,1,1,1,0,0,5,1,-3,-2,-2,0,-1,-3
1586,pad,3,3,3,1,1,1,-1,-1,-2,4,-3,2,-2,-1,0,0
1587,pad,6,6,6,1,1,1,0,-2,-2,-1,-1,2,4,-3,0,-1
1588,pad,3,3,3,1,1,1,-4,0,0,4,-3,0,-2,0,0,-3
1589,pad,0,0,0,1,1,1,4,-3,-1,0,-1,-1,1,-1,0,0
1590,pad,0,0,0,1,1,1,4,-3,-1,-3,-2,-1,1,-1,0,-1
1591,pad,3,3,3,1,1,1,-3,-1,-1,5,-4,1,-2,-1,1,-1
1592,pad,7,7,7,1,1,1,-3,1,1,0,-1,-2,-4,4,-1,-2
1593,pad,6,6,6,1,1,1,0,0,-1,-1,0,1,2,-2,0,-2
1594,pad,9,9,9,1,1,1,-2,-1,-3,-1,1,-2,-4,-1,0,4
1595,pad,7,7,7,1,1,1,-1,0,2,1,-1,-2,-4,3,-2,-1
1596,pad,9,9,9,1,1,1,-1,-2,-2,0,-1,0,-3,0,-1,3
1597,pad,9,9,9,1,1,1,-2,0,-1,-1,0,-1,-3,0,0,2
1598,pad,5,5,5,1,1,1,-2,-2,-4,-1,-3,7,1,-3,1,1
1599,pad,4,4,4,1,1,1,-4,0,-1,-4,6,-3,-5,0,-3,0
1600,pad,3,3,3,1,1,1,-3,-1,-2,3,-3,3,-1,-1,1,0
1601,pad,3,3,3,1,1,1,-2,0,1,3,-3,0,-2,1,0,-3
1602,pad,6,6,6,1,1,1,-1,-1,-3,-2,1,1,4,-2,-1,-1
1603,pad,1,1,1,1,1,1,-3,4,-1,-2,-1,0,-2,0,-2,0
1604,pad,2,2,2,1,1,1,0,0,6,0,-5,-3,-1,0,-1,-6
1605,pad,3,3,3,1,1,1,-3,-1,-1,5,-4,1,-3,-1,1,1
1606,pad,7,7,7,1,1,1,-1,0,0,0,-1,-1,-4,3,-1,0
1607,pad,3,3,3,1,1,1,-3,0,-1,3,-2,1,-2,0,0,-1
1608,pad,3,3,3,1,1,1,-3,-1,-2,6,-4,2,-2,-1,1,-1
1609,pad,2,2,2,1,1,1,1,-1,2,1,-2,-1,0,-1,0,-2
1610,pad,0,0,0,1,1,1,4,-2,-1,-1,-3,1,1,-1,-1,0
1611,pad,3,3,3,1,1,1,-2,-1,-1,3,-2,1,-1,0,0,-1
1612,pad,3,3,3,1,1,1,-2,-2,-2,5,-4,3,-3,-1,0,1
1613,pad,8,8,8,1,1,1,-1,-1,-1,0,-1,0,-1,-2,4,0
1614,pad,4,4,4,1,1,1,-2,-1,-1,-3,4,-2,-2,-1,-2,0
1615,pad,3,3,3,1,1,1,-3,0,0,4,-3,1,-2,0,0,-1
1616,pad,6,6,6,1,1,1,1,-1,-3,-2,0,0,3,-2,1,1
1617,pad,3,3,3,1,1,1,-2,0,1,3,-3,-1,-1,0,0,-3
1618,pad,5,5,5,1,1,1,-3,0,-2,1,-1,3,-2,0,0,0
1619,pad,0,0,0,1,1,1,5,-2,-1,-1,-3,0,1,-2,-1,-1
1620,pad,2,2,2,1,1,1,-1,1,5,0,-3,-3,-1,1,-2,-7
1621,pad,0,6,6,0,0,1,3,-2,-4,-1,0,1,4,-2,-1,0
1622,pad,9,9,9,1,1,1,-2,-2,-2,0,0,-1,-5,0,-1,4
1623,pad,0,0,0,1,1,1,5,-3,-1,-1,-3,0,0,-2,0,0
1624,pad,7,7,7,1,1,1,-2,0,0,0,0,-1,-3,3,0,-1
1625,pad,4,4,4,1,1,1,-4,0,-1,-4,5,-2,-3,-1,-3,0
1626,pad,6,6,6,1,1,1,1,-2,-2,-1,-1,1,3,-3,0,-1
1627,pad,9,9,9,1,1,1,1,-3,-2,-1,0,-2,-2,-1,0,3
1628,pad,3,3,3,1,1,1,-2,-1,-2,4,-3,2,-2,-2,0,0
1629,pad,5,5,5,1,1,1,-3,-2,-3,0,-2,7,0,-3,1,2
1630,pad,1,1,1,1,1,1,-2,3,-1,-3,-1,0,-1,0,-1,-1
1631,pad,9,9,9,1,1,1,-2,-2,-3,0,0,0,-5,0,-2,4
1632,pad,6,6,6,1,1,1,1,-1,-4,-2,0,2,4,-3,-1,-1
1633,pad,1,1,1,1,1,1,-2,4,-1,-4,-1,-1,-1,-1,0,-1
1634,pad,4,4,4,1,1,1,-2,-1,-2,-1,2,-1,-3,-1,0,1
1635,pad,5,5,5,1,1,1,-2,-2,-2,0,-2,6,0,-3,1,1
1636,pad,4,4,4,1,1,1,-2,0,0,-2,3,-2,-3,0,-2,-1
1637,pad,5,5,5,1,1,1,-3,-3,-3,1,-1,3,0,-3,2,1
1638,pad,0,0,0,1,1,1,4,-2,-2,-1,-3,-1,0,-1,0,0
1639,pad,5,5,5,1,1,1,-2,-2,-2,0,-2,5,0,-2,1,1
1640,pad,9,9,9,1,1,1,-2,-2,-1,-1,1,-1,-3,1,-1,4
1641,pad,5,5,5,1,1,1,-1,-1,-2,0,-2,4,1,-1,0,0
1642,pad,2,2,2,1,1,1,0,0,2,0,-1,-2,-1,0,0,-1
1643,pad,1,1,1,1,1,1,-2,4,-2,-4,-1,-1,-2,0,-1,-1
1644,pad,2,2,2,1,1,1,0,0,4,0,-3,-2,-1,0,-1,-3
1645,pad,9,9,9,1,1,1,-2,-1,-2,-1,1,-2,-3,0,0,4
1646,pad,1,1,1,1,1,1,-2,4,-1,-3,-1,-1,-1,-1,0,-2
1647,pad,9,9,9,1,1,1,-1,-2,-2,-1,0,-1,-4,0,-2,3
1648,pad,9,9,9,1,1,1,-2,0,-2,-1,1,-1,-4,0,-1,2
1649,pad,4,4,4,1,1,1,-3,-1,-1,-2,4,-2,-3,0,-2,-1
1650,pad,0,0,0,1,1,1,5,-3,0,-2,-2,-2,0,-1,-1,-1
1651,pad,8,8,8,1,1,1,0,-2,-2,1,-3,-1,-2,-3,5,0
1652,pad,4,4,4,1,1,1,-3,0,-1,-4,4,-2,-3,-1,-2,1
1653,pad,5,5,5,1,1,1,-2,-2,-3,0,-2,6,0,-2,1,1
1654,pad,2,2,2,1,1,1,-1,0,3,2,-3,-2,-2,1,0,-3
1655,pad,9,9,9,1,1,1,-2,-2,-2,0,0,-1,-4,1,-1,4
1656,pad,2,2,2,1,1,1,0,1,5,0,-2,-3,-1,0,-2,-5
1657,pad,1,1,1,1,1,1,-2,3,-1,-2,-1,0,-2,0,-2,0
1658,pad,2,2,2,1,1,1,0,1,5,0,-3,-3,-2,0,-1,-4
1659,pad,1,1,1,1,1,1,-2,4,-1,-3,-1,-1,-1,0,-1,-1
1660,pad,7,7,2,1,0,0,-1,0,1,0,-1,-1,-3,1,-1,-1
1661,pad,3,3,3,1,1,1,-3,0,0,5,-4,0,-3,0,0,-1
1662,pad,6,6,6,1,1,1,-1,-1,-2,-2,0,1,5,-3,0,-3
1663,pad,8,8,8,1,1,1,-2,-2,-2,0,-1,1,0,-3,5,-1
1664,pad,8,8,8,1,1,1,-1,-1,-1,0,-2,0,0,-3,4,-1
1665,pad,4,4,4,1,1,1,-4,0,-2,-3,4,-2,-3,-1,-2,1
1666,pad,9,9,9,1,1,1,-1,-2,-2,1,-1,-1,-3,-1,0,4
1667,pad,1,1,1,1,1,1,-3,4,-1,-3,0,-2,-2,-1,-1,1
1668,pad,9,9,9,1,1,1,-2,-2,-3,-1,1,-1,-4,-1,-2,5
1669,pad,8,8,8,1,1,1,-1,-2,-2,1,-3,1,-1,-3,5,0
1670,pad,5,5,8,1,0,0,-1,-1,-1,0,-2,2,0,-2,3,0
1671,pad,7,7,7,1,1,1,-3,0,-1,1,0,-1,-4,3,0,0
1672,pad,5,5,5,1,1,1,-2,-1,-2,0,-2,5,-1,-2,1,0
1673,pad,1,1,1,1,1,1,-2,3,0,-3,-1,-2,-2,1,-1,-1
1674,pad,1,1,1,1,1,1,-2,3,-1,-2,0,0,-2,1,-1,0
1675,pad,8,8,8,1,1,1,-1,-2,-1,1,-3,0,-1,-3,5,0
1676,pad,6,6,6,1,1,1,1,-2,-2,-1,-2,2,4,-3,0,-2
1677,pad,5,5,5,1,1,1,-1,-2,-1,-1,-2,4,1,-2,2,1
1678,pad,2,2,2,1,1,1,1,0,3,0,-1,-1,-1,0,-1,-2
1679,pad,4,4,4,1,1,1,-4,-1,-1,-4,5,-2,-4,-1,-2,1
1680,pad,4,4,4,1,1,1,-3,0,-2,-3,3,-1,-2,0,-2,0
1681,pad,3,3,3,1,1,1,-1,-1,0,3,-3,0,-4,1,0,0
1682,pad,2,2,2,1,1,1,0,0,3,1,-2,-1,-1,-1,0,-2
1683,pad,3,3,3,1,1,1,-3,-1,0,6,-4,0,-3,-1,1,-2
1684,pad,5,5,5,1,1,1,-2,-1,-2,0,-1,5,-1,-2,1,1
1685,pad,6,6,6,1,1,1,0,-1,-2,-2,-1,2,6,-3,-1,-4
1686,pad,8,8,8,1,1,1,-2,0,-2,0,-1,2,1,-2,3,-1
1687,pad,8,8,8,1,1,1,-1,0,-2,-1,-1,-1,-2,-2,3,1
1688,pad,6,6,6,1,1,1,0,-1,-2,-1,0,1,2,-2,0,-1
1689,pad,2,2,2,1,1,1,1,0,3,0,-2,-2,-1,-1,0,-2
1690,pad,3,3,3,1,1,1,-1,-1,-1,4,-3,2,-2,-1,0,0
1691,pad,1,1,1,1,1,1,-2,3,-1,-2,0,0,0,0,0,-1
1692,pad,0,0,0,1,1,1,5,-2,-1,-1,-2,-1,1,-1,-1,0
1693,pad,5,5,5,1,1,1,-2,-2,-3,1,-3,6,0,-2,1,1
1694,pad,8,8,8,1,1,1,0,-1,-1,1,-2,0,-1,-1,3,-1
1695,pad,9,9,9,1,1,1,-1,-2,-3,0,0,-1,-4,0,-1,3
1696,pad,2,2,2,1,1,1,0,1,4,0,-2,-2,-1,0,-2,-3
1697,pad,9,9,9,1,1,1,-2,-2,-3,-1,1,-2,-4,0,-2,4
1698,pad,6,6,6,1,1,1,-1,-1,-2,-2,0,1,5,-2,0,-3
1699,pad,7,7,7,1,1,1,-2,0,1,0,-1,-1,-5,4,-1,-1
1700,pad,0,0,0,1,1,1,5,-2,0,-1,-3,1,1,-2,0,-1
1701,pad,4,4,4,1,1,1,-3,0,-2,-1,2,0,-3,0,-2,1
1702,pad,8,8,8,1,1,1,-2,-1,-1,0,-1,1,1,-2,4,-2
1703,pad,7,7,3,1,0,0,-1,-1,0,1,-1,0,-3,1,0,1
1704,pad,1,1,1,1,1,1,-2,4,-1,-3,0,-1,-1,0,-1,-1
1705,pad,7,7,7,1,1,1,-2,1,0,0,0,-1,-4,3,-1,-1
1706,pad,4,4,4,1,1,1,-5,-1,-2,-4,5,-3,-4,-1,0,2
1707,pad,1,1,1,1,1,1,-3,4,-2,-2,0,0,-2,-1,-1,0
1708,pad,0,0,0,1,1,1,4,-3,-1,-1,-1,-1,1,-1,-1,0
1709,pad,9,5,5,0,0,1,-1,0,-1,1,-1,2,-1,-1,0,0
1710,pad,7,7,7,1,1,1,-3,0,-1,0,0,-2,-4,3,-1,0
1711,pad,2,2,2,1,1,1,1,0,5,0,-4,-4,-2,1,-1,-4
1712,pad,0,0,0,1,1,1,4,-4,-1,-1,-1,-2,-1,0,-1,1
1713,pad,0,0,0,1,1,1,5,-2,0,-1,-3,-1,0,-1,0,-1
1714,pad,9,9,9,1,1,1,-3,-1,-2,-1,0,-1,-4,-1,0,4
1715,pad,1,1,1,1,1,1,-2,4,-1,-3,-1,-1,-1,0,-1,-1
1716,pad,7,7,1,1,0,0,-1,1,0,-1,-1,0,-1,1,-1,-1
1717,pad,8,8,8,1,1,1,0,-1,-1,-1,-2,1,0,-2,3,-1
1718,pad,7,7,7,1,1,1,-3,1,2,1,-1,-2,-4,3,-3,-2
1719,pad,8,8,8,1,1,1,-1,-2,-2,-1,-2,0,-1,-3,5,0
1720,pad,4,4,4,1,1,1,-3,-2,-1,-2,5,-2,-3,0,-1,-1
1721,pad,7,7,7,1,1,1,-1,0,-1,-1,0,-1,-2,2,0,0
1722,pad,2,2,2,1,1,1,-2,1,2,0,-2,-1,-3,1,-1,-3
1723,pad,0,0,0,1,1,1,5,-3,-2,-1,-3,0,1,-1,-1,0
1724,pad,4,4,4,1,1,1,-2,-1,-1,-2,4,-3,-3,1,-2,0
1725,pad,6,6,5,1,0,0,0,-1,-2,-1,-1,2,2,-2,2,-1
1726,pad,0,0,0,1,1,1,4,-3,-2,0,-1,-1,1,-1,-1,0
1727,pad,3,3,3,1,1,1,-3,-1,-2,6,-5,2,-4,-1,0,0
1728,pad,1,1,1,1,1,1,-3,4,-1,-3,0,-1,-3,1,-2,-1
1729,pad,1,1,1,1,1,1,-1,4,-1,-3,-2,-1,-1,-1,0,-2
1730,pad,3,3,3,1,1,1,-1,-1,-1,3,-3,1,-1,-1,1,0
1731,pad,3,3,3,1,1,1,-4,-1,-1,6,-4,1,-2,-1,1,-1
1732,pad,9,9,9,1,1,1,0,-1,-2,1,-1,0,-3,-1,0,2
1733,pad,6,6,6,1,1,1,-1,-1,-2,-2,0,1,6,-3,-1,-3
1734,pad,7,7,7,1,1,1,-2,-1,-1,0,0,-2,-4,4,-1,-1
1735,pad,4,4,4,1,1,1,-2,0,-1,-2,3,-1,-2,0,-1,0
1736,pad,1,1,1,1,1,1,-3,4,-1,-2,-1,0,-2,0,-2,0
1737,pad,5,1,1,0,0,1,-2,1,0,0,-1,1,0,-1,1,-2
1738,pad,3,3,3,1,1,1,-3,-1,0,5,-4,1,-2,-1,0,-2
1739,pad,0,0,0,1,1,1,5,-2,-1,-1,-3,-1,0,-1,-1,0
1740,pad,8,8,8,1,1,1,-1,-2,-1,1,-3,1,1,-3,3,-1
1741,pad,7,7,7,1,1,1,-3,0,0,0,-1,-2,-4,3,-1,-1
1742,pad,3,3,3,1,1,1,-2,-1,0,4,-3,0,-2,-1,1,-2
1743,pad,9,9,9,1,1,1,0,-2,-2,-1,1,-1,-3,0,-1,4
1744,pad,6,6,6,1,1,1,-1,-1,-2,-2,0,1,4,-2,0,-2
1745,pad,9,9,9,1,1,1,-1,-2,-3,-1,0,-1,-4,0,-1,3
1746,pad,3,3,3,1,1,1,-3,0,1,4,-3,1,-2,0,-1,-3
1747,pad,5,5,5,1,1,1,-2,-1,-3,0,-2,4,-1,-1,1,-1
1748,pad,0,0,6,1,0,0,2,-2,-1,0,-2,1,3,-1,0,-2
1749,pad,2,2,2,1,1,1,1,-1,4,1,-5,-3,-2,0,1,-3
1750,pad,7,7,7,1,1,1,-2,0,1,1,0,-1,-2,2,-1,-2
1751,pad,4,4,4,1,1,1,-2,0,1,-2,3,-2,-3,0,-3,-1
1752,pad,5,5,5,1,1,1,-2,-1,-2,0,-2,5,0,-2,1,0
1753,pad,1,1,1,1,1,1,-3,3,-1,-2,0,-1,-2,1,-1,0
1754,pad,7,7,7,1,1,1,-3,2,2,0,0,-3,-3,3,-2,-3
1755,pad,5,5,5,1,1,1,-2,-2,-2,1,-3,4,-1,-2,1,1
1756,pad,8,8,8,1,1,1,-1,-1,-2,0,-2,1,0,-3,4,0
1757,pad,0,0,0,1,1,1,4,-2,-2,-1,-2,-1,0,-1,-1,0
1758,pad,8,8,8,1,1,1,-1,-1,0,0,-3,1,1,-3,5,-1
1759,pad,8,8,8,1,1,1,-1,-1,0,0,-2,0,1,-2,2,-2
1760,pad,1,1,1,1,1,1,-3,3,-1,-4,0,-2,-2,0,-1,0
1761,pad,5,5,5,1,1,1,-3,0,-2,0,0,4,-2,0,0,1
1762,pad,0,0,0,1,1,1,4,-2,-2,-1,-4,2,1,-1,1,-2
1763,pad,3,3,3,1,1,1,-1,-1,-2,4,-3,1,-2,-1,0,1
1764,pad,0,0,0,1,1,1,4,-2,-1,-1,-1,0,1,-1,-1,0
1765,pad,3,3,3,1,1,1,-3,0,0,4,-4,2,-2,0,-1,-2
1766,pad,1,1,1,1,1,1,-2,4,-1,-3,-1,-1,-1,-1,0,-2
1767,pad,4,4,4,1,1,1,-2,0,0,-3,3,-2,-3,0,-2,1
1768,pad,0,0,0,1,1,1,5,-2,-1,-2,-3,0,2,-2,-1,-1
1769,pad,3,3,3,1,1,1,-2,0,2,3,-3,-1,-2,0,1,-2
1770,pad,7,7,7,1,1,1,-2,0,-1,0,0,0,-4,3,-1,0
1771,pad,2,2,2,1,1,1,0,1,4,0,-2,-2,-1,0,-1,-3
1772,pad,7,7,7,1,1,1,-3,0,-1,0,0,1,-3,3,-1,-1
1773,pad,1,1,1,1,1,1,-2,2,0,-2,-1,0,1,-1,-1,-1
1774,pad,8,8,8,1,1,1,-1,-2,-2,1,-2,2,0,-2,3,-1
1775,pad,0,0,0,1,1,1,3,-1,0,-1,-2,0,0,0,0,0
1776,pad,7,7,7,1,1,1,-1,0,1,0,-1,-1,-4,3,-1,-1
1777,pad,0,0,0,1,1,1,5,-3,-1,-2,-2,-1,1,-1,-1,0
1778,pad,4,4,4,1,1,1,-1,0,-1,-2,3,-1,-1,0,-2,0
1779,pad,3,3,3,1,1,1,-3,-1,1,5,-4,-1,-2,0,1,-2
1780,pad,1,1,1,1,1,1,-2,3,-1,-3,-1,-1,-1,0,-1,-1
1781,pad,9,9,9,1,1,1,0,-1,-2,0,0,-1,-1,-1,-1,3
1782,pad,8,8,8,1,1,1,-2,-1,-1,-1,0,1,0,-1,3,1
1783,pad,7,7,7,1,1,1,-2,1,0,0,0,-1,-5,4,-2,0
1784,pad,7,7,7,1,1,1,-2,0,0,0,0,-1,-4,3,-1,-1
1785,pad,1,1,1,1,1,1,-3,4,-2,-3,0,-1,-2,-1,-2,0
1786,pad,4,4,4,1,1,1,-4,0,-2,-4,4,-2,-3,0,-1,0
1787,pad,9,9,9,1,1,1,-2,-2,-3,-2,1,-2,-5,0,-2,5
1788,pad,9,9,9,1,1,1,-1,-2,-3,0,0,-1,-3,-1,-1,3
1789,pad,3,3,3,1,1,1,-1,0,0,3,-2,0,-2,0,1,-1
1790,pad,2,2,2,1,1,1,0,0,2,1,-2,-2,-2,1,0,-2
1791,pad,1,1,1,1,1,1,-2,3,-1,-3,-1,0,-1,0,-1,-1
1792,pad,7,7,7,1,1,1,-3,0,1,1,-1,-2,-4,3,-1,-2
1793,pad,9,9,9,1,1,1,-2,-2,-1,-1,1,-1,-5,1,-1,4
1794,pad,0,0,0,1,1,1,4,-2,-1,-1,-2,-1,1,-2,0,-1
1795,pad,2,2,2,1,1,1,-1,1,5,0,-3,-3,-2,0,-1,-4
1796,pad,0,0,0,1,1,1,3,-2,-1,-1,-1,-1,1,-1,-1,0
1797,pad,3,3,3,1,1,1,-2,-1,-2,4,-3,3,-2,-2,1,0
1798,pad,3,3,3,1,1,1,-4,0,-2,5,-3,2,-2,0,0,-1
1799,pad,7,7,7,1,1,1,-2,0,0,0,-1,-1,-4,3,-1,0
1800,pad,6,6,4,1,0,0,-1,0,0,-2,1,-1,0,-1,0,-1
1801,pad,9,9,9,1,1,1,-2,-2,-2,-1,1,-1,-5,0,-1,5
1802,pad,2,2,2,1,1,1,-1,0,4,1,-3,-3,-2,0,-1,-3
1803,pad,3,3,3,1,1,1,-2,-1,-2,6,-5,2,-3,-2,0,0
1804,pad,3,3,3,1,1,1,-4,-1,-1,7,-5,1,-3,-1,1,-2
1805,pad,7,7,7,1,1,1,-2,0,0,0,0,-1,-4,3,-1,0
1806,pad,7,7,2,1,0,0,0,0,2,1,-2,-1,-4,2,0,-1
1807,pad,0,0,0,1,1,1,4,-2,-2,0,-2,0,1,-1,-1,0
1808,pad,0,0,0,1,1,1,4,-2,-1,-1,-1,0,1,-2,-1,0
1809,pad,7,7,7,1,1,1,-2,1,0,0,-1,-1,-3,2,-1,0
1810,pad,5,5,5,1,1,1,-3,-1,-3,0,-2,6,-1,-2,1,1
1811,pad,2,2,2,1,1,1,1,-2,3,1,-3,-2,-1,-1,0,-3
1812,pad,9,9,9,1,1,1,-1,-1,-2,-1,0,-1,-3,0,-1,4
1813,pad,8,8,8,1,1,1,0,-2,0,1,-2,0,0,-2,3,0
1814,pad,7,7,7,1,1,1,-3,1,-1,-1,0,-1,-3,3,-1,0
1815,pad,4,4,4,1,1,1,-3,0,-1,-3,4,-1,-3,-1,-2,0
1816,pad,4,4,4,1,1,1,-2,0,-1,-3,3,-2,-2,-1,-1,1
1817,pad,2,2,2,1,1,1,-1,1,5,0,-3,-3,-1,0,-1,-5
1818,pad,6,6,6,1,1,1,-1,-1,-3,-2,0,2,5,-3,0,-3
1819,pad,6,6,6,1,1,1,1,-2,-3,-2,-2,2,6,-4,0,-3
1820,pad,1,1,1,1,1,1,-3,5,-2,-4,-1,-1,-1,-1,-1,-3
1821,pad,9,9,9,1,1,1,-1,-2,-2,-1,0,-1,-4,0,-1,4
1822,pad,6,6,6,1,1,1,-1,0,-2,-1,0,2,3,-1,0,-1
1823,pad,8,8,8,1,1,1,-1,-1,0,-1,0,-1,-1,-1,1,0
1824,pad,2,2,2,1,1,1,0,1,6,0,-3,-4,-3,1,-1,-4
1825,pad,9,9,9,1,1,1,-2,-1,-2,-1,1,-1,-3,-1,-1,4
1826,pad,0,0,0,1,1,1,3,-3,-1,-1,-1,-2,0,-1,-1,0
1827,pad,8,8,8,1,1,1,-2,-1,-1,0,-1,0,0,-2,4,-1
1828,pad,3,3,3,1,1,1,-1,0,0,3,-2,1,-2,0,-1,-1
1829,pad,1,1,1,1,1,1,-2,3,0,-2,-1,-1,-2,0,-1,0
1830,pad,1,1,1,1,1,1,-2,4,-1,-3,-1,-1,-2,0,-1,-1
1831,pad,6,6,6,1,1,1,0,-2,-3,-2,0,2,4,-3,1,0
1832,pad,3,3,3,1,1,1,-3,-1,-1,5,-4,2,-2,-1,0,-1
1833,pad,5,5,5,1,1,1,-2,-1,-1,1,-2,4,-1,-1,0,1
1834,pad,1,1,1,1,1,1,-3,4,-2,-3,-1,-1,-2,1,-2,0
1835,pad,1,1,1,1,1,1,-3,3,-1,-2,0,0,-2,1,-2,0
1836,pad,1,1,1,1,1,1,-3,4,-1,-3,-1,-1,-2,1,-2,-1
1837,pad,3,3,3,1,1,1,-1,-1,-2,4,-3,1,-2,-1,0,0
1838,pad,1,1,1,1,1,1,-1,4,0,-2,-2,-1,-2,0,-1,-3
1839,pad,2,2,2,1,1,1,0,0,4,0,-4,-2,-2,1,0,-3
1840,pad,3,3,3,1,1,1,-3,-1,-2,6,-4,2,-2,-2,1,-1
1841,pad,0,0,0,1,1,1,4,-2,-1,0,-2,1,2,-2,-1,0
1842,pad,2,2,2,1,1,1,-1,0,5,0,-3,-3,-1,-1,0,-4
1843,pad,0,0,0,1,1,1,3,-2,-1,0,-2,-1,-1,-1,0,0
1844,pad,1,1,1,1,1,1,-2,3,-1,-3,-1,-1,-2,1,-2,-1
1845,pad,3,3,3,1,1,1,-2,-2,-1,6,-5,1,-4,-2,1,0
1846,pad,5,5,5,1,1,1,-1,-1,-1,1,-2,3,-1,-1,1,0
1847,pad,5,5,5,1,1,1,-1,-2,-3,-1,-1,5,1,-2,2,0
1848,pad,7,7,7,1,1,1,-2,0,0,1,-1,-1,-4,2,-1,0
1849,pad,4,4,4,1,1,1,-3,0,-1,-3,3,-1,-3,0,-1,0
1850,pad,8,8,8,1,1,1,0,-1,-1,1,-2,0,-2,-1,3,0
1851,pad,9,9,9,1,1,1,-2,-1,-2,-1,1,-1,-4,-1,0,3
1852,pad,6,6,6,1,1,1,0,-2,-3,-1,-1,2,4,-3,0,-2
1853,pad,9,9,9,1,1,1,-1,-1,-2,-1,1,-2,-2,0,-1,4
1854,pad,6,6,6,1,1,1,-1,-2,-3,-2,-1,2,6,-3,0,-3
1855,pad,8,8,3,1,0,0,-1,-1,-1,1,-1,0,0,-1,1,0
1856,pad,3,3,3,1,1,1,-3,0,0,4,-4,0,-3,0,0,-2
1857,pad,6,6,6,1,1,1,-2,0,-1,-3,1,1,3,-1,-1,-3
1858,pad,6,6,6,1,1,1,-1,-1,-3,-2,0,1,5,-3,1,-2
1859,pad,8,8,8,1,1,1,0,-2,-1,-1,-2,0,-1,-2,6,-1
1860,pad,5,5,5,1,1,1,-1,-1,-1,1,-2,3,0,-1,0,1
1861,pad,1,1,1,1,1,1,-3,3,0,-2,-1,-2,-2,0,-1,-1
1862,pad,4,4,4,1,1,1,-2,0,-1,-2,2,-1,-2,0,-1,0
1863,pad,2,2,2,1,1,1,-2,0,4,2,-4,-2,-2,0,1,-3
1864,pad,4,4,4,1,1,1,-4,0,-2,-4,4,-2,-4,-1,-3,1
1865,pad,4,4,4,1,1,1,-2,0,0,0,1,-1,-2,1,-1,-1
1866,pad,5,5,5,1,1,1,-2,-1,-2,0,-2,5,1,-2,1,-1
1867,pad,1,1,1,1,1,1,-3,4,-2,-3,-1,-1,-2,0,-1,0
1868,pad,1,1,1,1,1,1,-2,2,1,0,-2,0,-1,1,-1,-2
1869,pad,9,9,9,1,1,1,-2,-2,-3,0,0,-1,-5,-1,-2,4
1870,pad,0,0,0,1,1,1,4,-2,-1,-2,-2,0,2,-2,0,-1
1871,pad,2,2,2,1,1,1,0,1,3,0,-3,-1,-1,0,0,-4
1872,pad,4,4,4,1,1,1,-3,0,-1,-3,4,-2,-3,0,-2,0
1873,pad,9,9,9,1,1,1,-1,-1,-2,0,-1,-2,-4,1,-2,3
1874,pad,5,5,5,1,1,1,-1,-1,-1,0,-1,4,0,-1,-1,1
1875,pad,7,7,7,1,1,1,-2,1,1,0,0,-2,-5,4,-2,-1
1876,pad,1,1,1,1,1,1,-3,4,-2,-3,-1,-1,-2,0,-2,-1
1877,pad,8,8,8,1,1,1,-1,-1,-2,0,-1,0,-1,-2,3,1
1878,pad,8,3,3,0,0,1,-2,-1,0,2,-2,0,0,-1,2,-2
1879,pad,5,5,5,1,1,1,-2,-1,-2,0,-2,4,0,-2,0,1
1880,pad,6,6,6,1,1,1,-1,0,-1,-2,1,0,3,-1,0,-3
1881,pad,9,9,9,1,1,1,-2,-1,-3,-2,1,-2,-4,-1,-1,4
1882,pad,8,8,8,1,1,1,-1,-1,-2,0,-2,1,-1,-3,4,0
1883,pad,7,7,7,1,1,1,-1,0,0,0,0,-1,-3,3,-1,-1
1884,pad,1,1,1,1,1,1,-2,4,-2,-4,0,-1,-1,0,-2,0
1885,pad,1,1,1,1,1,1,-2,2,-1,-3,-2,1,1,-1,2,-3
1886,pad,6,6,6,1,1,1,0,-1,-1,-2,-1,1,4,-3,0,-3
1887,pad,7,7,7,1,1,1,-2,0,-2,0,1,-1,-4,4,-1,-1
1888,pad,6,6,6,1,1,1,-1,-1,-1,-1,-1,1,2,-2,1,-2
1889,pad,3,3,3,1,1,1,-3,0,0,4,-3,1,-2,0,0,-1
1890,pad,2,2,2,1,1,1,-1,0,7,1,-3,-4,-3,1,-1,-5
1891,pad,2,2,2,1,1,1,0,0,5,0,-3,-4,-2,0,-2,-3
1892,pad,0,0,0,1,1,1,4,-2,-1,-1,-2,0,1,-2,-1,-1
1893,pad,8,8,8,1,1,1,-1,-1,-1,0,-2,0,-1,-2,4,-1
1894,pad,9,9,9,1,1,1,-2,-2,-3,0,0,0,-2,-1,0,3
1895,pad,2,2,2,1,1,1,0,0,4,0,-3,-1,-1,-1,0,-3
1896,pad,5,5,5,1,1,1,-3,-1,-2,-2,-1,5,0,-2,2,1
1897,pad,1,1,1,1,1,1,-2,4,-1,-3,0,-1,-2,0,-1,-1
1898,pad,0,0,0,1,1,1,4,-2,-1,-2,-1,0,3,-2,-1,-1
1899,pad,8,8,8,1,1,1,-1,0,-1,0,-1,1,0,-2,2,-1
1900,pad,1,1,1,1,1,1,-1,3,-2,-3,0,-1,0,-1,-1,-1
1901,pad,9,4,4,0,0,1,-3,-1,-2,-2,2,-1,-2,-1,0,2
1902,pad,5,5,5,1,1,1,-2,-1,-2,1,-2,4,0,-1,0,1
1903,pad,7,7,7,1,1,1,-3,0,1,0,0,-1,-2,2,0,-2
1904,pad,9,9,9,1,1,1,-2,-1,-3,-1,1,-1,-3,-1,-1,3
1905,pad,6,6,6,1,1,1,-2,-1,-3,-2,0,2,6,-3,-1,-5
1906,pad,9,9,9,1,1,1,-1,-1,-2,-1,1,-1,-3,0,-1,2
1907,pad,0,0,0,1,1,1,4,-2,0,-2,-3,0,0,0,0,-2
1908,pad,6,6,6,1,1,1,0,-1,-2,-2,-1,1,3,-3,-1,-2
1909,pad,1,1,1,1,1,1,-1,3,0,-2,-2,-1,-3,1,-1,-1
1910,pad,5,5,5,1,1,1,-2,-1,-1,2,-2,3,-2,-1,0,1
1911,pad,5,5,5,1,1,1,0,-1,-1,-1,-2,5,1,-2,0,0
1912,pad,8,8,8,1,1,1,-1,-1,-2,-1,-1,1,1,-3,4,-1
1913,pad,3,3,3,1,1,1,0,-2,-1,3,-3,0,-2,-1,2,0
1914,pad,8,8,8,1,1,1,-2,-2,-2,1,-3,2,0,-3,5,-1
1915,pad,2,2,2,1,1,1,1,0,5,0,-3,-4,-2,1,-1,-4
1916,pad,6,6,6,1,1,1,0,-1,-1,-2,-1,2,3,-3,0,-1
1917,pad,5,5,5,1,1,1,-1,-1,-1,0,-3,5,1,-2,1,0
1918,pad,0,0,0,1,1,1,4,-2,-2,-2,-2,-1,1,-1,-1,0
1919,pad,7,7,7,1,1,1,-2,0,0,0,0,-2,-4,3,-1,-1
1920,pad,4,4,4,1,1,1,-2,0,-1,-2,2,-2,-3,0,-2,1
1921,pad,6,6,6,1,1,1,0,-2,-4,-3,-1,2,7,-4,-1,-4
1922,pad,1,1,1,1,1,1,-2,4,-1,-3,-1,0,-1,0,-1,-2
1923,pad,3,3,3,1,1,1,-3,0,0,4,-3,1,-2,-1,0,-1
1924,pad,4,4,4,1,1,1,-4,-1,-1,-4,4,-2,-3,-1,1,2
1925,pad,7,7,7,1,1,1,-2,1,1,0,0,-1,-4,3,-1,-1
1926,pad,3,3,3,1,1,1,-3,-1,-1,4,-2,2,-3,0,0,-1
1927,pad,2,2,2,1,1,1,0,1,5,1,-3,-3,-1,1,-1,-5
1928,pad,3,3,3,1,1,1,-4,0,0,3,-3,1,-2,0,0,-2
1929,pad,4,4,4,1,1,1,-2,0,-1,-3,3,-2,-3,0,-3,1
1930,pad,2,2,2,1,1,1,-2,2,5,-2,0,-3,-3,0,-3,-4
1931,pad,5,5,5,1,1,1,-3,0,-2,1,-1,5,-1,-1,0,0
1932,pad,2,2,2,1,1,1,0,1,5,0,-3,-3,-3,1,-2,-4
1933,pad,7,7,7,1,1,1,-3,1,1,0,-1,-2,-4,3,-2,-2
1934,pad,1,1,1,1,1,1,-3,4,-1,-3,0,-1,-2,0,-2,-1
1935,pad,7,7,7,1,1,1,-2,0,0,0,-1,-1,-4,3,-1,0
1936,pad,2,2,2,1,1,1,0,0,5,1,-3,-3,-2,0,-1,-4
1937,pad,6,6,6,1,1,1,0,-1,-1,-2,-1,0,4,-3,1,-1
1938,pad,4,4,4,1,1,1,-1,0,0,-3,3,-1,-1,0,-3,0
1939,pad,1,1,1,1,1,1,-4,4,-1,-3,0,-1,-2,0,-1,0
1940,pad,5,5,5,1,1,1,-1,0,-2,-2,-1,5,1,-1,1,-1
1941,pad,7,7,7,1,1,1,-1,0,0,0,0,0,-2,1,0,-1
1942,pad,8,8,8,1,1,1,-1,-1,0,0,-1,0,-1,-2,3,0
1943,pad,6,6,6,1,1,1,-1,-1,-1,-2,-1,1,4,-3,1,-2
1944,pad,0,0,0,1,1,1,5,-3,-2,0,-2,-1,1,-2,0,0
1945,pad,1,1,1,1,1,1,-2,4,-1,-3,-1,0,-1,-1,-1,-3
1946,pad,8,8,8,1,1,1,-1,-2,-1,0,-3,1,0,-3,5,-1
1947,pad,2,2,2,1,1,1,0,1,4,0,-2,-2,-1,0,-1,-3
1948,pad,5,5,5,1,1,1,-2,0,-1,0,-1,4,-1,-1,0,0
1949,pad,7,7,7,1,1,1,-1,-1,0,0,-1,-1,-3,2,-1,0
1950,pad,7,7,7,1,1,1,-2,0,0,0,0,-2,-4,4,-1,0
1951,pad,6,6,6,1,1,1,0,-1,-2,-2,1,1,3,-2,-2,-2
1952,pad,9,9,9,1,1,1,-1,-1,-1,1,-1,1,-2,-1,1,2
1953,pad,3,3,3,1,1,1,-1,-1,0,4,-3,0,-2,-1,1,0
1954,pad,5,5,5,1,1,1,-1,-1,-2,-1,-1,3,0,-1,1,1
1955,pad,8,8,8,1,1,1,-1,0,0,0,-1,-1,-1,-2,4,0
1956,pad,4,4,4,1,1,1,-2,0,0,-3,4,-2,-3,0,-3,0
1957,pad,2,2,2,1,1,1,-1,2,5,0,-2,-3,-1,0,-3,-5
1958,pad,4,4,4,1,1,1,-4,-1,-2,-4,6,-2,-4,0,-4,0
1959,pad,0,0,0,1,1,1,3,-1,-1,-1,-1,0,1,-1,-1,-1
1960,pad,8,8,8,1,1,1,-1,-1,-1,-1,-2,1,1,-3,5,-1
1961,pad,8,8,8,1,1,1,-1,-2,0,1,-3,0,-1,-3,4,-1
1962,pad,3,3,3,1,1,1,-5,-1,-1,7,-5,2,-3,-1,1,-2
1963,pad,4,4,4,1,1,1,-3,-1,-1,-1,2,0,-3,0,-2,1
1964,pad,9,9,9,1,1,1,-2,-2,-3,-1,0,-1,-4,-1,-1,4
1965,pad,2,2,2,1,1,1,0,0,3,0,-2,-2,-2,0,-1,-2
1966,pad,7,7,7,1,1,1,-3,0,0,0,0,-2,-5,4,-1,-1
1967,pad,5,5,5,1,1,1,-2,-1,-2,-1,-2,6,0,-1,0,0
1968,pad,8,9,9,0,0,1,-2,0,-1,-1,0,0,-1,-2,0,2
1969,pad,6,6,6,1,1,1,0,-1,-2,-2,0,1,4,-3,-1,-2
1970,pad,5,5,5,1,1,1,-2,-2,-2,1,-2,5,-1,-1,0,1
1971,pad,6,6,6,1,1,1,0,-1,-2,-2,-1,2,5,-4,0,-1
1972,pad,0,0,0,1,1,1,5,-3,-1,-2,-2,0,1,-2,0,-1
1973,pad,8,8,8,1,1,1,-2,-1,-2,0,-1,1,1,-2,3,-1
1974,pad,6,6,6,1,1,1,0,-1,-3,-2,0,1,5,-3,0,-2
1975,pad,7,7,7,1,1,1,-2,0,0,0,0,-1,-3,3,-1,0
1976,pad,3,3,3,1,1,1,-1,-1,-2,4,-3,2,-2,-1,1,0
1977,pad,6,6,6,1,1,1,-1,-2,-3,-2,0,2,5,-2,0,-3
1978,pad,4,4,4,1,1,1,-4,-1,-1,-2,4,-1,-3,0,-2,0
1979,pad,9,9,9,1,1,1,-1,-2,-2,0,0,-1,-3,0,-1,4
1980,pad,4,4,4,1,1,1,-4,-1,-1,-2,4,-2,-3,0,-1,-1
1981,pad,6,6,6,1,1,1,0,-1,-2,-1,1,0,2,-2,1,1
1982,pad,6,6,5,1,0,0,0,-1,-1,-1,-2,3,3,-3,1,-3
1983,pad,3,3,3,1,1,1,-3,-1,-1,5,-4,0,-3,-1,1,-2
1984,pad,2,2,2,1,1,1,1,0,3,-1,-1,-2,0,0,-1,-2
1985,pad,4,4,4,1,1,1,-2,0,-1,-2,3,-1,-2,-1,-1,-1
1986,pad,1,1,1,1,1,1,-3,3,-1,-3,0,-1,-2,0,-1,0
1987,pad,0,9,0,0,1,0,3,-3,-2,-1,0,-1,0,-1,0,1
1988,pad,1,1,1,1,1,1,-3,3,-1,-3,0,-2,-2,0,-1,0
1989,pad,4,4,4,1,1,1,-1,0,0,-1,1,-1,-2,0,-1,1
1990,pad,6,6,6,1,1,1,0,-1,-4,-3,1,1,4,-3,-2,-1
1991,pad,2,2,2,1,1,1,0,0,6,0,-3,-3,-2,0,-2,-5
1992,pad,9,9,9,1,1,1,-2,-2,-3,-2,1,-2,-4,-1,0,4
1993,pad,1,1,1,1,1,1,-1,3,-3,-3,-3,-1,-2,0,0,-1
1994,pad,1,1,1,1,1,1,-3,4,-1,-3,-1,-1,-3,1,-2,0
1995,pad,0,0,0,1,1,1,5,-3,-1,0,-3,0,0,-2,0,0
1996,pad,6,6,6,1,1,1,0,-1,-3,-2,-1,1,3,-2,1,0
1997,pad,3,3,3,1,1,1,-2,-1,-1,5,-4,1,-2,-1,0,-1
1998,pad,9,9,9,1,1,1,-1,-2,-2,-1,1,-1,-3,-1,-1,3
1999,pad,5,5,5,1,1,1,-2,-2,-2,3,-3,4,-2,-1,-1,2
2000,pad,6,6,6,1,1,1,-1,-1,-1,-2,-1,1,4,-3,-1,-3
2001,pad,5,5,5,1,1,1,-1,-1,-2,-2,-1,3,1,-1,2,0
2002,pad,6,6,6,1,1,1,1,-1,-2,-1,0,1,4,-3,-1,-3
2003,pad,5,5,5,1,1,1,-2,-2,-2,0,-1,4,0,-3,1,1
2004,pad,8,8,3,1,0,0,-1,-1,0,2,-2,0,0,-1,2,-1
2005,pad,4,4,4,1,1,1,-1,-1,0,-2,4,-2,-2,0,-2,0
2006,pad,6,6,6,1,1,1,-1,-1,-3,-2,0,2,5,-3,0,-3
2007,pad,4,4,4,1,1,1,-5,0,-2,-4,6,-2,-4,-1,-2,0
2008,pad,3,3,3,1,1,1,-2,-1,-1,4,-3,1,-2,-1,0,-1
2009,pad,9,9,9,1,1,1,1,-2,-1,1,-1,-1,-2,0,0,2
2010,pad,1,1,1,1,1,1,-3,3,-1,-3,0,0,-2,-1,-1,0
2011,pad,3,3,3,1,1,1,-2,0,0,4,-4,1,-2,-1,0,-2
2012,pad,4,4,4,1,1,1,-5,0,-2,-4,5,-2,-4,-1,-2,0
2013,pad,1,1,1,1,1,1,-3,4,-1,-3,0,-1,-2,0,-2,0
2014,pad,9,9,9,1,1,1,-1,-2,-2,-1,1,-1,-4,-1,-1,4
2015,pad,1,1,1,1,1,1,-3,4,-1,-3,0,-1,-2,0,-2,-1
2016,pad,7,7,7,1,1,1,-2,1,0,0,-1,-1,-3,2,-1,-1
2017,pad,1,1,1,1,1,1,-2,3,-1,-2,0,0,-2,1,-1,0
2018,pad,1,2,1,0,1,0,0,1,1,0,-1,-2,-2,1,0,-2
2019,pad,9,9,9,1,1,1,-2,-1,-1,-1,1,-1,-4,0,-2,2
2020,pad,3,3,3,1,1,1,-3,-1,-2,5,-4,2,-3,-1,0,0
2021,pad,5,5,5,1,1,1,-1,-2,-1,1,-2,4,-1,-1,0,1
2022,pad,4,4,4,1,1,1,-2,0,-1,-2,3,-1,-1,-1,-1,-1
2023,pad,0,0,0,1,1,1,3,-2,0,-2,-1,1,2,-1,0,0
2024,pad,7,7,7,1,1,1,-1,0,-1,-1,0,-1,-3,2,0,0
2025,pad,3,3,3,1,1,1,-2,-1,0,3,-2,0,-1,-1,1,-2
2026,pad,6,6,6,1,1,1,0,0,-1,-2,0,1,4,-3,-1,-3
2027,pad,1,1,1,1,1,1,-3,3,-1,-3,0,0,-1,-1,0,0
2028,pad,7,7,7,1,1,1,-3,1,-1,-1,0,-1,-3,3,-1,0
2029,pad,5,5,5,1,1,1,-1,-1,-1,0,-1,4,-1,-1,0,1
2030,pad,5,5,5,1,1,1,-2,-1,-2,-2,-1,5,1,-2,2,1
2031,pad,3,3,3,1,1,1,-5,0,-1,6,-5,1,-4,0,0,-2
2032,pad,3,3,3,1,1,1,-3,0,-1,5,-3,1,-2,0,0,-1
2033,pad,0,0,0,1,1,1,4,-2,0,-1,-2,-2,-1,0,0,-1
2034,pad,1,1,1,1,1,1,-3,3,-2,-3,0,-1,-2,0,-1,0
2035,pad,5,5,5,1,1,1,-1,-2,-2,3,-3,4,-1,-2,0,0
2036,pad,7,7,7,1,1,1,-2,1,0,0,0,-1,-4,4,-1,-1
2037,pad,5,5,5,1,1,1,-3,-1,-3,0,-2,5,0,-1,1,1
2038,pad,8,8,8,1,1,1,-1,-1,-1,0,-2,1,-1,-2,3,0
2039,pad,6,6,6,1,1,1,-1,-1,-3,-2,0,1,5,-3,0,-2
2040,pad,5,5,5,1,1,1,0,-1,-1,-1,-1,3,2,-2,1,-1
2041,pad,1,1,1,1,1,1,-2,3,-1,-2,-1,-1,-2,1,-1,-1
2042,pad,0,0,0,1,1,1,5,-3,-2,-3,-3,0,1,0,0,-2
2043,pad,4,4,4,1,1,1,-4,-1,-3,-2,2,-1,-2,-1,2,1
2044,pad,2,2,2,1,1,1,0,0,4,0,-3,-2,-1,-1,0,-3
2045,pad,3,3,3,1,1,1,-4,-1,-2,6,-5,3,-3,-1,1,-1
2046,pad,4,4,4,1,1,1,-4,-1,-2,-4,4,-2,-4,0,-2,1
2047,pad,6,6,6,1,1,1,0,-2,-3,-2,0,2,3,-3,0,0
2048,pad,7,7,7,1,1,1,-2,0,0,0,1,-2,-4,3,-2,0
2049,pad,9,9,9,1,1,1,-2,-1,-2,-2,1,-1,-3,-1,-1,3
2050,pad,8,8,8,1,1,1,0,-1,-2,0,-1,-1,-1,-2,3,0
2051,pad,1,1,1,1,1,1,-3,4,-2,-4,-1,-1,-1,0,-1,-2
2052,pad,8,8,8,1,1,1,-2,-1,1,-1,0,-1,-1,-1,2,0
2053,pad,4,4,4,1,1,1,-4,-1,-2,-1,3,-2,-4,1,-1,0
2054,pad,9,9,9,1,1,1,-1,-2,-2,0,0,0,-4,0,-1,2
2055,pad,2,2,2,1,1,1,-1,1,3,1,-3,-2,-1,0,-1,-3
2056,pad,8,8,8,1,1,1,0,-2,-2,1,-3,1,-1,-3,4,0
2057,pad,6,6,6,1,1,1,-1,-1,-3,-2,0,1,5,-2,0,-2
2058,pad,2,2,2,1,1,1,-1,0,3,1,-3,-2,-2,1,0,-3
2059,pad,7,7,7,1,1,1,-2,1,-1,0,0,-1,-3,3,-1,0
2060,pad,0,0,0,1,1,1,3,-2,-2,0,-2,1,2,-1,0,-1
2061,pad,0,0,0,1,1,1,3,-2,-2,-1,0,0,1,-1,-1,1
2062,pad,6,6,6,1,1,1,-2,-1,-2,-3,0,1,7,-3,0,-5
2063,pad,7,7,1,1,0,0,-2,1,0,-1,0,-1,-2,1,-1,-1
2064,pad,5,5,5,1,1,1,-1,-1,-2,1,-2,5,0,-1,0,0
2065,pad,8,8,8,1,1,1,-1,-1,-1,0,-2,0,0,-3,4,0
2066,pad,6,6,6,1,1,1,0,-1,-2,-2,-1,2,4,-3,0,-3
2067,pad,0,0,0,1,1,1,3,-2,0,-2,-2,-1,1,-1,0,-1
2068,pad,9,9,9,1,1,1,-3,-1,-1,-2,1,-1,-4,-1,-1,5
2069,pad,3,3,3,1,1,1,-2,-1,-1,5,-4,2,-2,-1,0,-1
2070,pad,7,7,7,1,1,1,0,0,0,0,0,0,-2,1,-1,-1
2071,pad,1,1,1,1,1,1,-2,3,-1,-2,-1,-1,-2,0,-1,0
2072,pad,3,3,3,1,1,1,-4,0,-1,5,-4,1,-2,-1,1,-1
2073,pad,5,5,5,1,1,1,1,-2,-2,0,-2,3,1,-1,1,-1
2074,pad,4,4,4,1,1,1,-3,1,0,-1,2,-1,-3,1,-2,-1
2075,pad,3,3,3,1,1,1,-3,-1,0,4,-3,0,-1,0,1,-3
2076,pad,3,3,3,1,1,1,-3,0,0,4,-3,0,-2,-1,0,-2
2077,pad,5,5,5,1,1,1,-2,-2,-2,1,-2,5,0,-2,0,1
2078,pad,5,5,5,1,1,1,-2,-3,-3,1,-3,6,0,-3,1,0
2079,pad,6,6,6,1,1,1,0,-1,-2,-2,-1,1,4,-3,0,-2
2080,pad,3,3,3,1,1,1,-3,-1,-1,6,-5,2,-3,-1,1,-1
2081,pad,0,0,0,1,1,1,4,-2,-1,-3,-2,-1,2,-1,0,-1
2082,pad,2,2,2,1,1,1,0,1,4,0,-2,-2,-1,0,-2,-4
2083,pad,3,3,3,1,1,1,-3,0,0,5,-3,1,-2,-1,0,-1
2084,pad,4,4,4,1,1,1,-3,-2,-2,-2,3,0,-3,-1,-1,2
2085,pad,2,2,2,1,1,1,0,1,5,0,-3,-3,-2,1,-1,-3
2086,pad,3,3,3,1,1,1,-2,-1,-1,5,-4,1,-3,-1,1,0
2087,pad,0,0,0,1,1,1,5,-3,-2,-2,-2,-1,1,-2,0,0
2088,pad,9,9,9,1,1,1,-2,-2,-2,0,-1,-1,-4,0,-2,4
2089,pad,9,9,9,1,1,1,-2,-1,-2,-1,0,-1,-4,0,-1,3
2090,pad,4,1,1,0,0,1,-3,2,-1,-2,1,-1,-2,0,-3,0
2091,pad,7,7,7,1,1,1,-3,0,-1,1,-1,-1,-5,4,-1,-1
2092,pad,2,2,2,1,1,1,0,1,7,0,-4,-4,-2,0,-1,-6
2093,pad,8,8,0,1,0,0,1,0,1,0,-3,-1,0,-2,1,-1
2094,pad,4,4,4,1,1,1,-3,0,-2,-3,3,-2,-3,-1,-1,1
2095,pad,7,7,7,1,1,1,-2,1,1,1,-1,-2,-4,3,-2,-1
2096,pad,0,0,0,1,1,1,6,-3,-1,-1,-2,-1,0,-1,-2,0
2097,pad,6,6,6,1,1,1,0,-1,-2,-1,0,1,3,-2,0,0
2098,pad,2,2,2,1,1,1,1,-1,2,0,-2,-1,-2,0,1,0
2099,pad,8,8,8,1,1,1,-2,-1,-1,-1,0,1,1,-1,3,0
2100,pad,5,5,5,1,1,1,-2,-1,-2,0,-2,3,0,-2,2,1
2101,pad,2,2,2,1,1,1,-1,1,3,1,-3,-2,-2,1,0,-5
2102,pad,8,8,8,1,1,1,-1,-1,-1,-1,-2,0,-1,-3,4,0
2103,pad,5,5,5,1,1,1,-2,-1,-2,-1,-2,5,1,-2,2,1
2104,pad,7,7,7,1,1,1,-1,0,0,0,-1,-1,-4,4,-1,0
2105,pad,3,3,3,1,1,1,-2,-2,-2,2,-2,1,-1,-2,2,1
2106,pad,0,0,0,1,1,1,3,-3,0,-2,-2,-1,0,0,1,0
2107,pad,8,8,8,1,1,1,0,-2,-1,-2,-1,1,1,-2,3,0
2108,pad,2,2,2,1,1,1,1,0,6,0,-4,-4,-1,0,-2,-6
2109,pad,3,9,5,0,0,0,-1,0,0,0,0,1,-1,0,1,0
2110,pad,2,2,2,1,1,1,-1,0,4,0,-4,-3,-2,0,1,-3
2111,pad,8,8,8,1,1,1,-2,-2,-2,1,-2,0,0,-3,5,-2
2112,pad,2,2,2,1,1,1,-1,0,4,1,-2,-2,-1,0,0,-4
2113,pad,5,5,3,1,0,0,-3,0,-1,3,-3,3,-1,-1,0,-1
2114,pad,5,5,5,1,1,1,-2,-2,-2,1,-3,6,0,-2,1,1
2115,pad,7,7,7,1,1,1,-2,-1,-1,-1,0,0,-5,4,-1,0
2116,pad,6,6,5,1,0,0,0,-2,-2,-2,-2,3,3,-4,2,0
2117,pad,4,4,4,1,1,1,-3,0,-1,-3,4,-2,-2,-1,-2,0
2118,pad,6,6,6,1,1,1,1,-1,-2,-1,0,1,2,-1,-1,0
2119,pad,8,8,8,1,1,1,-1,-1,-1,1,-3,-1,-1,-3,5,-1
2120,pad,4,4,4,1,1,1,-3,-1,-2,-2,4,-2,-2,-1,-1,-1
2121,pad,8,8,8,1,1,1,-2,-1,-2,-1,0,0,-1,-3,4,1
2122,pad,2,2,2,1,1,1,-1,1,5,1,-2,-2,-2,1,-1,-4
2123,pad,7,7,7,1,1,1,-2,0,0,0,0,-1,-3,2,-1,0
2124,pad,4,4,4,1,1,1,-3,0,-1,-3,4,-2,-3,0,-3,-1
2125,pad,5,5,5,1,1,1,-1,-1,-1,1,-1,3,-1,-1,0,1
2126,pad,2,2,2,1,1,1,0,1,5,0,-3,-2,-2,0,-2,-4
2127,pad,0,0,0,1,1,1,4,-2,-1,-2,-2,0,2,-2,-1,-2
2128,pad,3,3,3,1,1,1,-2,-1,-1,4,-3,1,-2,-1,0,0
2129,pad,9,8,8,0,0,1,-1,-2,1,0,-1,-1,-2,-2,3,1
2130,pad,4,9,4,0,1,0,-3,0,-2,-4,3,-3,-4,0,-1,3
2131,pad,6,6,6,1,1,1,0,-1,-1,-1,0,1,2,-1,-1,-1
2132,pad,7,7,7,1,1,1,-1,0,0,0,-1,-1,-3,2,-1,0
2133,pad,2,2,2,1,1,1,0,1,6,0,-4,-4,-2,1,-2,-5
2134,pad,5,5,5,1,1,1,-1,-1,-2,-1,-1,3,0,-1,0,0
2135,pad,6,1,1,0,0,1,-1,1,-1,-2,-1,1,1,-1,0,-2
2136,pad,1,1,1,1,1,1,-3,5,-2,-3,-1,-1,-2,-1,-2,0
2137,pad,1,1,1,1,1,1,-2,3,-1,-4,0,-1,-2,0,-1,-1
2138,pad,2,2,2,1,1,1,0,0,2,1,-4,-2,-2,0,2,-3
2139,pad,3,3,3,1,1,1,-3,-1,-1,6,-4,1,-3,-1,0,-2
2140,pad,6,6,6,1,1,1,-1,-1,-3,-3,-1,1,7,-2,0,-4
2141,pad,7,7,7,1,1,1,-3,1,0,0,0,-1,-4,3,-2,0
2142,pad,8,8,8,1,1,1,-2,-1,-1,1,-2,0,0,-2,4,0
2143,pad,7,7,2,1,0,0,-1,1,2,0,-1,-2,-3,2,-1,-2
2144,pad,6,6,6,1,1,1,0,-1,-3,-2,0,1,4,-2,1,-3
2145,pad,4,4,4,1,1,1,-1,-1,0,-2,4,-1,-2,-1,-2,-1
2146,pad,8,8,8,1,1,1,0,-2,-1,1,-2,-1,-2,-1,3,0
2147,pad,9,9,9,1,1,1,-2,-1,-2,-1,1,-1,-3,-1,0,3
2148,pad,4,4,4,1,1,1,-2,0,0,-2,2,-2,-4,0,-3,1
2149,pad,8,8,8,1,1,1,-1,-2,-1,2,-2,-1,-2,-1,3,0
2150,pad,6,6,6,1,1,1,-1,-2,-3,-2,0,1,5,-3,0,-2
2151,pad,3,3,3,1,1,1,-4,0,-1,4,-3,2,-2,0,0,-2
2152,pad,8,8,8,1,1,1,-1,-2,-3,-1,-2,2,0,-4,6,-1
2153,pad,3,3,3,1,1,1,-1,-1,-1,3,-3,3,-1,-1,0,0
2154,pad,1,1,1,1,1,1,-2,5,-1,-4,-1,-1,-2,0,-1,-2
2155,pad,0,0,0,1,1,1,4,-3,-2,-2,-1,-2,1,-1,-1,0
2156,pad,6,6,6,1,1,1,0,-1,-3,-2,0,1,5,-3,-1,-3
2157,pad,2,2,2,1,1,1,-1,1,5,1,-3,-3,-1,-1,-1,-5
2158,pad,2,2,2,1,1,1,0,0,4,1,-2,-3,-2,1,-1,-4
2159,pad,5,5,5,1,1,1,-1,-1,-1,-2,-2,6,1,-2,0,0
2160,pad,6,6,6,1,1,1,-2,0,-2,-1,0,1,4,-2,0,-3
2161,pad,9,9,9,1,1,1,-2,-1,-2,-1,1,-1,-4,0,-2,3
2162,pad,5,5,5,1,1,1,-1,-1,-2,0,-1,3,0,-1,1,0
2163,pad,8,8,8,1,1,1,-1,-2,-2,0,-2,1,0,-3,5,-1
2164,pad,1,1,1,1,1,1,-3,4,-2,-3,-1,0,-2,0,-2,0
2165,pad,4,4,4,1,1,1,-4,0,-2,-4,6,-3,-4,0,-4,0
2166,pad,1,1,1,1,1,1,-4,4,-2,-3,0,-1,-2,-1,-1,1
2167,pad,7,7,7,1,1,1,-2,0,-1,0,0,-1,-4,3,-1,0
2168,pad,8,8,8,1,1,1,-1,-1,0,0,-1,0,-1,-1,3,-1
2169,pad,4,4,4,1,1,1,-3,-1,-1,-3,4,-2,-4,0,-2,1
2170,pad,6,6,6,1,1,1,0,-1,-1,-2,-1,1,6,-3,0,-5
2171,pad,1,1,1,1,1,1,-3,4,-1,-3,0,-1,-2,0,-1,0
2172,pad,8,8,8,1,1,1,-2,-2,-2,-1,-2,1,1,-3,5,-1
2173,pad,4,4,4,1,1,1,-4,0,-2,-5,5,-2,-4,-1,-2,1
2174,pad,3,3,3,1,1,1,-2,-1,-2,4,-3,2,-2,-1,0,0
2175,pad,1,1,1,1,1,1,-2,3,-1,-3,0,-1,-2,0,-1,1
2176,pad,2,2,2,1,1,1,0,0,3,0,-2,-1,-1,-1,0,-3
2177,pad,8,8,8,1,1,1,-2,-1,-2,-1,0,1,0,-2,5,-1
2178,pad,0,0,0,1,1,1,5,-3,-2,-2,-2,-3,1,-1,-1,0
2179,pad,8,8,8,1,1,1,-1,-1,-1,1,-3,0,-1,-2,4,-1
2180,pad,5,5,5,1,1,1,-3,-1,-2,2,-2,4,-2,-1,0,1
2181,pad,9,9,9,1,1,1,-2,-2,-1,0,0,-1,-4,0,0,4
2182,pad,1,1,1,1,1,1,-3,2,1,2,-2,0,-2,1,-1,-2
2183,pad,4,4,4,1,1,1,-2,-1,-1,-3,4,-2,-2,0,-3,0
2184,pad,2,2,2,1,1,1,-1,1,6,1,-2,-3,-1,0,-2,-6
2185,pad,0,8,0,0,1,0,1,0,-1,-1,-1,1,1,-1,1,-1
2186,pad,2,2,2,1,1,1,0,-1,2,1,-2,-2,-1,-1,0,-1
2187,pad,7,7,7,1,1,1,-3,0,0,0,0,-1,-5,4,-1,-1
2188,pad,0,0,0,1,1,1,3,-1,-2,0,-2,2,2,-2,1,-2
2189,pad,9,1,9,0,1,0,-2,1,-4,-3,0,-1,-3,0,0,2
2190,pad,0,0,0,1,1,1,5,-2,-1,-2,-3,0,0,-1,0,-2
2191,pad,2,2,2,1,1,1,-1,0,5,1,-4,-3,-2,0,0,-5
2192,pad,5,5,5,1,1,1,-2,-2,-2,1,-2,4,0,-3,2,0
2193,pad,7,7,7,1,1,1,-1,-1,-1,0,-1,0,-4,2,0,0
2194,pad,6,6,6,1,1,1,0,-1,-2,-2,0,1,4,-3,1,-1
2195,pad,7,2,2,0,0,1,-1,0,1,1,-2,-1,-1,1,0,-2
2196,pad,9,9,9,1,1,1,-2,-1,-2,-1,0,0,-4,0,-2,3
2197,pad,4,4,4,1,1,1,-2,0,-1,-1,2,-2,-2,1,-2,-1
2198,pad,2,2,2,1,1,1,-1,0,4,0,-1,-3,-2,0,1,-2
2199,pad,6,6,6,1,1,1,1,-1,-2,-3,-1,2,3,-3,0,-1
2200,pad,2,2,2,1,1,1,2,1,3,-1,-2,-2,1,-1,-2,-3
2201,pad,4,4,4,1,1,1,-5,-1,0,-4,6,-3,-5,0,-3,1
2202,pad,4,4,4,1,1,1,-3,0,-1,-2,3,-2,-3,0,-1,-1
2203,pad,8,8,8,1,1,1,-1,-1,-2,1,-2,1,0,-3,4,-1
2204,pad,0,0,0,1,1,1,3,-2,-1,-2,-2,1,0,0,0,-1
2205,pad,4,4,4,1,1,1,-2,-1,-2,-3,4,-2,-3,0,-2,0
2206,pad,4,4,4,1,1,1,-2,0,-1,-2,3,-2,-2,0,-1,0
2207,pad,5,5,5,1,1,1,-2,-1,-2,-1,-2,6,0,-2,1,2
2208,pad,8,8,8,1,1,1,-1,-1,-1,0,-2,0,-1,-1,4,-1
2209,pad,0,0,0,1,1,1,4,-3,-2,-1,-3,0,0,-1,0,-1
2210,pad,6,6,6,1,1,1,0,-1,-2,-1,0,1,3,-2,-1,-1
2211,pad,8,8,8,1,1,1,0,-2,-2,0,-2,0,-1,-2,4,-1
2212,pad,9,9,9,1,1,1,-2,-1,-2,-1,0,-1,-3,-1,0,3
2213,pad,8,8,8,1,1,1,-1,-2,-2,0,-3,1,0,-4,6,-1
2214,pad,5,5,5,1,1,1,-3,-1,-2,1,-2,5,0,-1,1,1
2215,pad,6,6,6,1,1,1,1,-2,-3,-2,-1,2,4,-3,0,-1
2216,pad,9,9,9,1,1,1,-1,-2,-2,-1,0,-1,-4,0,-1,4
2217,pad,0,0,0,1,1,1,5,-2,-1,-2,-1,-1,1,-1,-2,-1
2218,pad,4,4,4,1,1,1,-4,0,-3,-3,4,-1,-4,0,-2,1
2219,pad,8,8,8,1,1,1,-1,-2,-1,-1,-1,-1,-1,-2,4,1
2220,pad,7,7,7,1,1,1,-3,0,0,0,0,-2,-4,4,-1,-1
2221,pad,1,1,1,1,1,1,-2,3,-2,-3,-1,0,-1,0,0,-1
2222,pad,3,3,3,1,1,1,-2,-1,-1,4,-3,3,-1,-1,0,-2
2223,pad,4,4,4,1,1,1,-4,0,-2,-4,5,-2,-4,0,-2,-1
2224,pad,5,5,5,1,1,1,-1,-1,-2,1,-2,3,0,-2,1,1
2225,pad,8,8,3,1,0,0,0,-2,-1,2,-3,0,-1,-2,2,1
2226,pad,0,0,0,1,1,1,4,-2,-1,-1,-2,0,1,-2,-1,-1
2227,pad,9,9,9,1,1,1,-1,-1,-1,-1,1,-1,-3,1,-1,3
2228,pad,1,1,1,1,1,1,-1,2,-1,-2,-1,0,0,0,-1,-1
2229,pad,3,3,3,1,1,1,-2,-1,0,4,-3,-1,-3,-1,1,-1
2230,pad,3,3,3,1,1,1,-3,-1,-1,6,-5,2,-2,-2,1,0
2231,pad,6,6,6,1,1,1,0,-1,-3,-3,-1,1,6,-4,0,-2
2232,pad,9,9,9,1,1,1,0,-2,-3,0,-1,-1,-3,0,-1,3
2233,pad,8,8,8,1,1,1,-2,-1,-1,-1,0,0,-1,-2,4,1
2234,pad,7,7,7,1,1,1,-1,0,1,0,-1,-1,-4,3,-1,0
2235,pad,1,1,1,1,1,1,-2,4,-1,-3,-2,-1,-2,0,-1,-2
2236,pad,0,0,0,1,1,1,5,-2,-1,-2,-2,-1,1,-1,-2,0
2237,pad,5,5,5,1,1,1,-2,-1,-2,-2,-2,4,2,-2,2,0
2238,pad,7,7,7,1,1,1,-2,0,1,0,-1,-2,-4,4,-1,-1
2239,pad,1,1,1,1,1,1,-2,3,-2,-3,-1,0,-1,0,-1,0
2240,pad,7,7,7,1,1,1,-3,0,0,-1,0,-2,-6,5,-2,0
2241,pad,5,5,5,1,1,1,-1,-2,-2,0,-2,4,0,-2,1,0
2242,pad,2,2,2,1,1,1,0,0,3,0,-3,-2,-1,0,0,-3
2243,pad,7,7,7,1,1,1,-2,0,-1,0,0,-1,-4,3,-2,0
2244,pad,9,9,9,1,1,1,-1,-1,-2,0,0,-1,-4,0,-1,3
2245,pad,1,1,1,1,1,1,-2,2,0,-2,-1,0,-1,0,0,0
2246,pad,8,8,8,1,1,1,-2,-1,-2,0,-2,1,-1,-3,3,0
2247,pad,5,5,5,1,1,1,-2,0,-2,1,-2,4,-1,-1,1,0
2248,pad,2,2,2,1,1,1,0,0,4,1,-3,-3,-2,1,-1,-3
2249,pad,4,4,4,1,1,1,-3,-1,0,-3,5,-2,-3,0,-4,0
2250,pad,9,9,9,1,1,1,-2,-1,-3,-2,2,-1,-3,0,-1,3
2251,pad,4,4,4,1,1,1,-3,-1,-1,-3,4,0,-3,0,-2,1
2252,pad,7,7,7,1,1,1,-2,0,0,0,0,-1,-3,3,-1,0
2253,pad,2,2,2,1,1,1,-2,1,5,1,-2,-2,-2,-1,0,-3
2254,pad,2,2,2,1,1,1,-1,0,4,0,-2,-2,-1,0,-1,-3
2255,pad,3,3,3,1,1,1,-1,-1,-2,4,-3,1,-2,-1,1,0
2256,pad,4,4,4,1,1,1,-3,-1,-2,-4,5,-2,-3,-1,-3,1
2257,pad,9,9,9,1,1,1,-2,-2,-2,-1,0,-1,-4,0,-1,4
2258,pad,1,1,1,1,1,1,-2,5,-2,-4,-2,-1,-1,-1,-1,-2
2259,pad,9,9,9,1,1,1,-2,-1,-2,0,0,-1,-5,0,-1,4
2260,pad,2,2,2,1,1,1,-1,0,5,1,-3,-3,-1,0,0,-4
2261,pad,1,1,1,1,1,1,-2,4,-2,-3,0,-1,-1,-1,0,-1
2262,pad,7,7,7,1,1,1,-1,0,0,1,-1,0,-3,2,-1,0
2263,pad,9,9,9,1,1,1,-2,-3,-2,-1,1,-2,-4,1,-1,5
2264,pad,4,4,4,1,1,1,-4,-1,-1,-3,4,0,-4,0,-4,1
2265,pad,4,4,4,1,1,1,-3,-1,-1,-2,4,-1,-2,0,-2,0
2266,pad,1,1,1,1,1,1,-3,1,-1,1,0,1,0,0,-1,-2
2267,pad,6,6,6,1,1,1,1,-2,-3,-2,-2,2,5,-4,0,-1
2268,pad,7,7,7,1,1,1,-1,-1,-1,0,0,0,-3,2,0,0
2269,pad,2,2,2,1,1,1,0,1,4,0,-3,-3,-2,0,-1,-3
2270,pad,7,7,7,1,1,1,-2,0,0,0,0,-1,-3,3,-1,-1
2271,pad,8,8,8,1,1,1,-1,-2,-1,0,-2,0,-1,-3,5,-1
2272,pad,8,8,8,1,1,1,0,-2,-1,0,-2,1,1,-2,3,-1
2273,pad,1,1,1,1,1,1,-1,2,0,-2,-1,-1,-1,0,0,-2
2274,pad,9,9,9,1,1,1,-2,-1,-2,0,0,-1,-4,0,-1,3
2275,pad,7,7,7,1,1,1,-2,0,0,0,0,-1,-3,3,-1,0
2276,pad,1,1,1,1,1,1,-3,3,-2,-2,-1,1,-2,-1,0,1
2277,pad,1,1,1,1,1,1,-1,2,0,-1,-1,0,-1,1,0,-1
2278,pad,7,7,7,1,1,1,-2,0,0,0,-1,-1,-4,3,-1,-1
2279,pad,5,5,5,1,1,1,-2,-1,-2,2,-2,4,-2,-1,-1,2
2280,pad,3,3,3,1,1,1,0,-1,-2,2,-2,2,-1,-2,1,0
2281,pad,3,3,3,1,1,1,-3,0,0,5,-3,0,-2,-1,1,-2
2282,pad,5,5,5,1,1,1,-2,-2,-3,1,-3,5,0,-2,1,1
2283,pad,1,1,1,1,1,1,-3,4,-1,-3,0,-1,-2,0,-1,-1
2284,pad,3,3,3,1,1,1,-4,-1,-1,5,-4,2,-2,-1,1,-1
2285,pad,7,7,7,1,1,1,-3,1,0,-1,0,-2,-4,3,-2,0
2286,pad,6,6,6,1,1,1,-1,-2,-3,-2,1,0,4,-2,0,-2
2287,pad,1,1,1,1,1,1,-3,4,-1,-3,0,-1,-2,0,-1,0
2288,pad,3,3,3,1,1,1,0,-1,0,3,-2,1,0,-1,-1,-1
2289,pad,8,8,8,1,1,1,0,-1,-1,1,-1,0,-1,-2,3,0
2290,pad,7,7,7,1,1,1,-1,0,0,0,-1,-1,-3,2,-1,0
2291,pad,5,5,5,1,1,1,-1,-1,-1,1,-2,3,-1,-1,2,0
2292,pad,9,9,9,1,1,1,-1,-2,-2,1,-1,1,-3,-1,-1,3
2293,pad,9,9,9,1,1,1,1,-1,-2,0,0,-2,0,-1,0,2
2294,pad,0,0,0,1,1,1,3,-2,-1,-1,-2,1,2,-1,0,-1
2295,pad,0,0,0,1,1,1,5,-2,-1,-1,-1,-1,1,-1,-1,0
2296,pad,2,2,2,1,1,1,0,1,4,0,-2,-2,-1,0,-2,-4
2297,pad,8,8,8,1,1,1,-1,-1,-2,-1,-1,1,0,-2,4,-1
2298,pad,8,8,8,1,1,1,1,-2,-2,1,-3,0,0,-2,3,-1
2299,pad,2,2,2,1,1,1,-1,-1,3,1,-3,-2,-1,0,1,-3
2300,pad,3,3,3,1,1,1,-3,0,0,4,-3,1,-3,0,0,-2
2301,pad,7,7,7,1,1,1,-2,0,1,0,0,-1,-3,3,-1,-1
2302,pad,1,1,1,1,1,1,-2,4,0,-2,-2,-1,-2,0,0,-3
2303,pad,3,3,3,1,1,1,-4,0,-1,6,-4,1,-3,0,-1,-2
2304,pad,0,0,0,1,1,1,4,-3,-1,-1,-2,0,2,-1,0,-1
2305,pad,3,3,3,1,1,1,-2,-1,-1,5,-4,1,-3,-1,1,-1
2306,pad,4,4,4,1,1,1,-4,0,-1,-3,4,-2,-3,0,-1,-1
2307,pad,4,4,4,1,1,1,-4,-1,-2,-3,4,-2,-4,-1,-2,0
2308,pad,3,3,3,1,1,1,-1,-2,-2,4,-3,2,-2,-1,1,0
2309,pad,8,8,8,1,1,1,-1,-1,-1,1,-2,1,0,-2,3,0
2310,pad,9,9,9,1,1,1,-2,-1,-3,-1,0,-2,-4,0,-2,4
2311,pad,2,2,2,1,1,1,0,0,4,0,-2,-3,-2,0,-1,-4
2312,pad,3,3,3,1,1,1,-2,-1,-1,4,-3,2,-2,-1,0,0
2313,pad,9,9,9,1,1,1,-2,-1,-2,0,-1,0,-5,0,-2,4
2314,pad,7,7,3,1,0,0,-1,-1,-1,1,-1,0,-3,1,1,0
2315,pad,1,1,1,1,1,1,-3,4,-1,-3,0,-1,-1,0,-1,-1
2316,pad,1,1,1,1,1,1,-3,4,-1,-3,0,-1,-2,1,-2,-1
2317,pad,7,7,7,1,1,1,-3,1,0,0,-1,-1,-5,4,-2,0
2318,pad,0,0,0,1,1,1,3,-2,-2,-2,-1,-1,2,-1,0,0
2319,pad,4,4,4,1,1,1,-1,-1,-1,-2,4,-2,-1,-1,-2,0
2320,pad,9,9,9,1,1,1,-3,1,-2,-2,1,-1,-2,-2,0,3
2321,pad,6,6,6,1,1,1,0,-1,-1,-1,-1,1,6,-3,0,-5
2322,pad,5,5,5,1,1,1,-2,0,-2,-1,-2,4,1,-1,1,0
2323,pad,9,9,9,1,1,1,-1,-2,-2,-1,0,-1,-4,-1,-1,4
2324,pad,1,1,1,1,1,1,-2,3,-1,-2,-1,-1,-2,1,-1,0
2325,pad,7,7,7,1,1,1,-3,2,1,1,-1,-1,-2,3,-2,-3
2326,pad,0,0,6,1,0,0,2,-1,0,-2,-2,1,3,-2,1,-2
2327,pad,2,2,2,1,1,1,-2,1,4,3,-4,-2,-3,1,-1,-5
2328,pad,0,0,0,1,1,1,3,-2,0,-1,-2,0,1,-1,0,-1
2329,pad,0,0,0,1,1,1,3,-2,0,0,-2,-1,-1,-1,0,0
2330,pad,4,4,4,1,1,1,-3,-1,-1,-3,4,-1,-3,0,-2,1
2331,pad,6,6,6,1,1,1,-1,0,-2,-2,0,1,4,-2,0,-3
2332,pad,7,7,7,1,1,1,-2,0,0,0,0,-2,-5,3,-1,0
2333,pad,0,0,0,1,1,1,3,-2,-1,-1,-1,-1,0,-1,-1,0
2334,pad,7,7,7,1,1,1,-3,0,0,0,0,-1,-3,3,-1,-1
2335,pad,1,1,1,1,1,1,-3,4,-1,-3,-1,-1,-2,1,-2,0
2336,pad,4,4,4,1,1,1,-4,0,-1,-3,4,-2,-3,0,-2,0
2337,pad,6,6,6,1,1,1,1,-2,-3,-3,-1,1,7,-3,0,-4
2338,pad,4,4,4,1,1,1,-4,-1,-1,-3,5,-3,-5,-1,-1,0
2339,pad,5,5,5,1,1,1,-1,0,-1,0,-1,3,0,0,1,0
2340,pad,4,4,4,1,1,1,-4,-1,-1,-3,6,-2,-3,-1,-3,-1
2341,pad,9,9,9,1,1,1,-1,-2,-2,-1,1,-1,-3,0,-1,4
2342,pad,9,9,9,1,1,1,-2,-2,-2,-1,1,-1,-3,0,-1,4
2343,pad,1,1,1,1,1,1,-2,3,-1,-2,-1,-1,-3,1,0,0
2344,pad,7,7,7,1,1,1,-4,0,-1,-1,1,-2,-5,4,-1,0
2345,pad,9,9,9,1,1,1,-1,-2,-1,-1,0,-1,-3,0,0,3
2346,pad,5,5,5,1,1,1,-1,-1,-2,-1,-2,6,0,-2,1,1
2347,pad,3,3,3,1,1,1,-4,0,1,4,-3,0,-2,0,0,-3
2348,pad,3,3,3,1,1,1,-1,-1,0,4,-3,0,-2,0,1,-1
2349,pad,8,8,8,1,1,1,0,-2,-2,0,-2,0,-1,-3,5,0
2350,pad,2,2,2,1,1,1,-1,2,4,0,-2,-2,-2,1,-2,-4
2351,pad,3,3,3,1,1,1,-1,0,0,3,-3,2,0,-1,-1,-2
2352,pad,6,6,6,1,1,1,-1,-1,-2,-2,0,1,5,-2,0,-3
2353,pad,2,2,2,1,1,1,0,1,6,0,-3,-3,-2,1,-2,-6
2354,pad,2,2,2,1,1,1,-1,1,6,0,-3,-3,-2,1,-2,-6
2355,pad,1,1,1,1,1,1,-3,3,-1,-1,0,-1,0,0,-1,-2
2356,pad,1,1,1,1,1,1,-3,4,-2,-2,0,0,-2,0,-2,0
2357,pad,1,1,1,1,1,1,-2,4,-1,-3,-1,0,-1,-1,-1,-1
2358,pad,1,1,1,1,1,1,-3,2,0,-1,0,0,-1,0,-1,-2
2359,pad,1,1,1,1,1,1,-2,3,-1,-3,-1,-1,-2,0,-1,0
2360,pad,6,6,6,1,1,1,-1,-1,-2,-2,0,1,5,-2,0,-3
2361,pad,9,9,4,1,0,0,-3,0,-2,-1,2,-2,-4,1,-2,2
2362,pad,8,8,8,1,1,1,0,-1,-2,0,-3,0,-1,-3,5,-1
2363,pad,4,4,4,1,1,1,-3,0,-1,-3,4,-2,-3,0,-1,-1
2364,pad,3,3,3,1,1,1,-3,0,-1,4,-2,1,-2,0,0,-2
2365,pad,7,7,7,1,1,1,-3,0,-1,0,0,0,-2,1,0,-1
2366,pad,1,1,1,1,1,1,-1,3,0,-3,-1,-1,-2,0,-1,-2
2367,pad,6,6,6,1,1,1,0,-1,-2,-2,0,1,4,-3,-1,-2
2368,pad,4,4,4,1,1,1,-3,0,-1,-4,4,-2,-4,-1,-2,1
2369,pad,5,3,3,0,0,1,-2,0,-1,2,-2,2,-2,0,0,0
2370,pad,0,0,0,1,1,1,4,-2,-2,-1,-2,0,1,-2,-1,1
2371,pad,4,4,4,1,1,1,-2,1,0,-3,2,-3,-4,-1,-2,1
2372,pad,7,7,7,1,1,1,0,0,0,0,-1,-1,-3,2,0,0
2373,pad,4,4,4,1,1,1,-3,0,-1,-2,4,-2,-2,0,-2,-1
2374,pad,2,2,2,1,1,1,1,0,3,0,-3,-3,-2,0,0,-3
2375,pad,4,4,4,1,1,1,-4,-1,-1,-4,5,-3,-5,0,-3,2
2376,pad,0,0,0,1,1,1,5,-3,-1,-3,-3,0,2,-2,0,-1
2377,pad,7,7,7,1,1,1,-3,-1,-2,-1,0,-1,-6,4,-1,1
2378,pad,0,0,0,1,1,1,4,-2,-1,-1,-3,1,2,-2,0,-1
2379,pad,1,1,1,1,1,1,-3,4,-1,-3,0,-1,-2,0,-1,-1
2380,pad,9,9,9,1,1,1,1,-2,-2,-1,0,-1,-1,0,-1,4
2381,pad,8,8,8,1,1,1,-1,-1,-2,1,-1,0,-2,-1,3,1
2382,pad,8,8,8,1,1,1,0,-2,0,1,-4,-1,-2,-2,4,-1
2383,pad,6,6,6,1,1,1,0,-1,-3,-2,0,1,4,-2,-1,-1
2384,pad,0,0,0,1,1,1,4,-1,1,0,-2,0,-1,-1,-1,-1
2385,pad,0,0,0,1,1,1,5,-3,-2,-1,-3,0,1,-1,0,-1
2386,pad,4,4,4,1,1,1,-3,0,-1,-2,3,-3,-3,1,-1,-1
2387,pad,9,1,1,0,0,1,-2,2,-1,-2,0,-1,-2,-1,0,2
2388,pad,6,6,6,1,1,1,0,-1,-1,-1,-1,1,4,-2,0,-3
2389,pad,8,8,8,1,1,1,-1,-1,-1,0,-1,0,0,-2,4,-1
2390,pad,2,2,2,1,1,1,0,1,5,0,-3,-4,-2,1,-2,-4
2391,pad,2,2,2,1,1,1,-2,1,4,0,-2,-2,-2,1,-1,-4
2392,pad,3,3,3,1,1,1,-1,0,0,4,-4,0,-3,-1,0,-1
2393,pad,8,8,8,1,1,1,-1,-2,-1,1,-2,0,0,-2,3,-1
2394,pad,4,4,4,1,1,1,-2,-1,-1,-2,3,-2,-3,0,-1,1
2395,pad,8,8,8,1,1,1,0,-2,-1,1,-2,0,1,-3,3,0
2396,pad,2,2,2,1,1,1,0,0,4,-1,-1,-2,-1,-1,-1,-2
2397,pad,2,2,2,1,1,1,0,-1,4,1,-3,-3,-2,0,0,-3
2398,pad,1,1,1,1,1,1,-4,4,-2,-3,0,-1,-2,0,-1,1
2399,pad,7,7,7,1,1,1,-1,0,1,0,-1,-1,-4,4,-1,0
2400,pad,5,5,5,1,1,1,-2,0,-1,0,-1,3,0,-1,1,0
2401,pad,4,4,4,1,1,1,-3,-1,-1,-3,4,-2,-3,0,-2,0
2402,pad,4,4,4,1,1,1,-4,-1,-2,-3,5,-1,-4,0,-3,0
2403,pad,0,0,0,1,1,1,4,-2,-3,-1,-1,1,3,-3,-1,-1
2404,pad,4,4,4,1,1,1,-2,0,0,-3,4,-1,-2,-2,-3,1
2405,pad,3,3,2,1,0,0,1,0,3,1,-3,-1,-1,0,0,-3
2406,pad,9,9,1,1,0,0,-1,1,-3,-2,0,-1,-2,-1,0,1
2407,pad,7,7,7,1,1,1,-3,0,-1,0,0,-2,-5,4,-1,0
2408,pad,3,3,3,1,1,1,-2,-1,-2,3,-1,1,-1,0,0,-1
2409,pad,1,1,1,1,1,1,-2,4,-1,-3,-1,-1,-2,0,-1,-2
2410,pad,0,0,0,1,1,1,5,-1,0,-1,-3,0,0,-1,0,-2
2411,pad,1,1,1,1,1,1,-3,4,-1,-3,-1,-1,-2,1,-2,-2
2412,pad,2,2,2,1,1,1,-2,1,5,1,-3,-2,-1,0,-1,-4
2413,pad,5,5,5,1,1,1,-3,0,-2,0,-2,5,0,-1,0,0
2414,pad,9,9,9,1,1,1,-1,-1,-2,-1,1,-1,-2,0,-1,3
2415,pad,2,2,2,1,1,1,-1,1,4,0,-1,-2,-1,1,-2,-4
2416,pad,1,1,1,1,1,1,-3,3,-2,-3,-1,0,-1,0,-1,-1
2417,pad,0,0,0,1,1,1,3,-2,-2,-2,-1,-3,0,-1,-1,1
2418,pad,1,1,1,1,1,1,-1,3,-1,-2,-1,-1,-1,0,-1,-1
2419,pad,8,8,8,1,1,1,0,-1,0,1,-2,0,-1,-2,3,0
2420,pad,9,9,9,1,1,1,0,-2,-2,1,-1,-1,-3,-1,0,4
2421,pad,1,1,1,1,1,1,-3,3,-1,-2,-1,-2,-2,1,-1,0
2422,pad,6,4,4,0,0,1,-1,-1,-3,-2,2,-1,1,0,0,0
2423,pad,8,8,8,1,1,1,0,-1,-1,0,-1,0,-1,-2,4,0
2424,pad,3,3,3,1,1,1,-2,-1,0,4,-3,1,-2,-1,0,-1
2425,pad,8,8,8,1,1,1,-1,0,-1,-1,0,0,-1,-1,3,0
2426,pad,9,9,9,1,1,1,-1,-1,-1,-1,1,-1,-3,0,-1,2
2427,pad,3,3,3,1,1,1,-4,0,-1,5,-4,1,-3,-1,0,-2
2428,pad,6,6,6,1,1,1,0,-1,-3,-2,-1,2,5,-3,0,-2
2429,pad,2,2,2,1,1,1,1,0,3,0,-2,-3,-1,0,-1,-2
2430,pad,8,8,8,1,1,1,-1,-1,-1,0,-1,0,0,-2,3,0
2431,pad,3,3,3,1,1,1,-2,-1,-1,6,-5,2,-3,-1,0,0
2432,pad,2,2,2,1,1,1,0,0,4,0,-2,-3,-1,1,-1,-4
2433,pad,2,2,2,1,1,1,-3,1,3,-1,-1,-1,-1,-1,1,-1
2434,pad,1,1,1,1,1,1,-2,3,0,-1,-1,-1,-2,0,0,0
2435,pad,0,0,0,1,1,1,3,-2,-2,-1,-1,-1,2,-1,-1,-1
2436,pad,4,4,4,1,1,1,-4,-1,-1,-4,5,-4,-4,0,-2,0
2437,pad,2,2,2,1,1,1,0,1,3,-1,-2,-1,-1,0,-1,-3
2438,pad,9,9,9,1,1,1,-2,-2,-2,-1,1,-1,-4,0,-1,3
2439,pad,2,2,2,1,1,1,0,1,7,-1,-4,-4,-2,0,-1,-5
2440,pad,4,4,4,1,1,1,-4,-1,-1,-3,5,-1,-4,0,-3,-1
2441,pad,3,3,3,1,1,1,-1,-1,1,3,-3,0,-3,0,1,0
2442,pad,7,7,7,1,1,1,-2,0,0,1,-1,-1,-4,4,0,-1
2443,pad,9,9,9,1,1,1,-2,-2,-2,0,0,-1,-5,1,-2,4
2444,pad,1,1,1,1,1,1,-3,3,-1,-2,0,0,-1,0,-1,0
2445,pad,5,5,5,1,1,1,-1,-1,-2,1,-2,4,-1,-1,-1,1
2446,pad,2,2,2,1,1,1,1,1,7,0,-3,-4,-2,0,-2,-5
2447,pad,4,9,9,0,0,1,-1,-1,-2,-1,1,-1,-2,0,-1,3
2448,pad,9,9,9,1,1,1,-2,-1,-2,-1,1,-2,-3,-1,1,3
2449,pad,0,0,0,1,1,1,3,-1,-1,-1,-2,0,0,0,0,-1
2450,pad,3,3,3,1,1,1,-2,-1,-2,3,-2,1,-1,-1,0,-1
2451,pad,8,8,8,1,1,1,-1,-2,-2,0,-2,-1,-2,-3,5,1
2452,pad,5,5,5,1,1,1,-2,-1,-3,0,-3,7,0,-2,1,1
2453,pad,3,3,3,1,1,1,-2,-1,-1,4,-3,1,-2,-1,1,0
2454,pad,6,6,6,1,1,1,-1,-1,-3,-1,-1,2,3,-2,1,0
2455,pad,0,0,0,1,1,1,3,-1,-1,-1,-2,-1,1,-2,-1,-1
2456,pad,9,9,9,1,1,1,-2,-1,-2,0,0,-1,-4,-1,-1,3
2457,pad,4,4,4,1,1,1,-4,-1,-3,-4,4,-2,-4,0,-1,2
2458,pad,6,6,6,1,1,1,0,-1,-3,-2,0,2,5,-3,0,-3
2459,pad,2,2,2,1,1,1,-1,0,3,1,-2,-2,-1,0,0,-3
2460,pad,5,5,5,1,1,1,-2,-1,0,0,-2,4,0,-2,1,1
2461,pad,0,0,0,1,1,1,4,-2,-1,-1,-3,0,0,-1,1,-2
2462,pad,2,0,0,0,0,1,1,-1,1,-1,-2,-1,-1,-1,1,0
2463,pad,7,7,7,1,1,1,-1,0,0,0,0,-1,-3,2,-1,0
2464,pad,4,4,4,1,1,1,-3,-1,-1,-4,4,-2,-4,0,-3,2
2465,pad,6,6,6,1,1,1,-1,-1,-2,-2,0,1,5,-3,0,-3
2466,pad,6,6,6,1,1,1,-1,-1,-1,-1,0,1,4,-1,0,-2
2467,pad,8,8,8,1,1,1,0,-2,-2,1,-2,0,-2,-3,5,0
2468,pad,6,6,6,1,1,1,-1,-1,-2,-2,0,2,5,-3,-1,-3
2469,pad,6,6,6,1,1,1,0,-1,-2,-2,1,0,3,-2,-1,-2
2470,pad,8,8,8,1,1,1,-1,-2,-2,0,-2,0,-1,-3,6,0
2471,pad,6,6,6,1,1,1,-1,0,-1,-2,0,1,4,-2,0,-3
2472,pad,9,9,9,1,1,1,-2,-1,-2,-1,0,-1,-3,0,-2,3
2473,pad,1,1,1,1,1,1,-2,3,-2,-2,0,0,-1,0,0,1
2474,pad,7,7,7,1,1,1,0,-1,0,0,-1,-1,-3,2,0,-1
2475,pad,2,2,2,1,1,1,0,1,5,0,-4,-3,-2,0,-1,-4
2476,pad,5,5,5,1,1,1,-1,-1,-2,0,-2,3,0,-1,1,0
2477,pad,9,9,9,1,1,1,0,-2,-2,0,-1,-1,-4,0,-1,3
2478,pad,9,9,9,1,1,1,-2,-1,-2,-2,1,-2,-4,-1,-1,4
2479,pad,0,0,0,1,1,1,4,-2,-1,-1,-2,-1,-1,-1,-1,0
2480,pad,7,7,7,1,1,1,-1,0,0,0,-1,-1,-2,1,-1,1
2481,pad,2,2,2,1,1,1,0,1,5,0,-4,-3,-2,1,-1,-5
2482,pad,7,7,7,1,1,1,-1,0,1,0,-1,-1,-4,3,-1,-1
2483,pad,6,6,6,1,1,1,-1,-1,-1,-1,0,1,3,-2,0,-2
2484,pad,7,7,7,1,1,1,-3,0,-1,0,0,-1,-4,3,-1,0
2485,pad,0,0,0,1,1,1,5,-2,0,0,-3,-1,0,-2,-1,0
2486,pad,6,6,6,1,1,1,-1,-1,-2,-2,0,1,5,-3,0,-3
2487,pad,5,5,5,1,1,1,-1,-1,-2,0,-2,6,1,-2,0,1
2488,pad,2,2,2,1,1,1,-1,0,1,-1,0,-1,-1,0,1,0
2489,pad,4,4,4,1,1,1,-2,-1,-1,-2,3,-2,-4,0,-3,2
2490,pad,7,7,7,1,1,1,-1,0,-1,-1,0,-1,-3,2,0,0
2491,pad,2,2,2,1,1,1,-1,1,4,1,-2,-2,-2,1,-1,-3
2492,pad,0,0,0,1,1,1,5,-4,-2,-2,-3,-1,1,-2,0,-1
2493,pad,9,9,9,1,1,1,-2,-3,-3,-1,1,0,-5,-1,-2,5
2494,pad,9,9,9,1,1,1,-1,-1,-1,-2,1,-1,-3,0,-1,3
2495,pad,2,2,2,1,1,1,-2,1,6,1,-3,-3,-1,0,-1,-6
2496,pad,2,2,2,1,1,1,-4,2,4,3,-4,-1,-2,0,-1,-5
2497,pad,9,9,9,1,1,1,-1,-2,-3,0,-1,0,-4,0,-2,4
2498,pad,4,4,4,1,1,1,-3,-1,-1,-2,3,-1,-3,0,-2,1
2499,pad,4,4,4,1,1,1,-3,0,-1,-2,4,-2,-4,1,-3,0
2500,pad,2,2,2,1,1,1,0,0,5,1,-3,-3,-2,1,-1,-4
2501,pad,3,3,3,1,1,1,-1,-2,-1,6,-5,1,-3,-2,1,0
2502,pad,3,3,3,1,1,1,-3,0,0,4,-3,1,-2,0,0,-1
2503,pad,2,2,2,1,1,1,0,0,6,0,-3,-3,-2,0,-1,-5
2504,pad,1,1,1,1,1,1,-2,3,-1,-2,0,-1,-2,0,-1,0
2505,pad,7,7,7,1,1,1,-2,0,-1,-1,0,-1,-4,4,-1,-1
2506,pad,0,0,0,1,1,1,5,-3,-3,-1,-1,0,1,-1,-2,0
2507,pad,7,7,7,1,1,1,-3,1,0,1,-1,-1,-3,3,-2,-1
2508,pad,6,6,6,1,1,1,0,0,0,-1,0,1,2,-1,0,-1
2509,pad,4,4,4,1,1,1,-2,-1,-1,-2,3,-2,-2,0,-1,0
2510,pad,1,1,1,1,1,1,-3,3,-1,-2,-1,-1,-2,0,-1,-2
2511,pad,3,3,3,1,1,1,-4,0,1,4,-3,0,-1,0,0,-4
2512,pad,8,8,8,1,1,1,-1,-1,-1,0,-1,0,0,-2,4,0
2513,pad,7,7,7,1,1,1,-4,0,1,0,0,-2,-3,3,-1,-3
2514,pad,4,4,4,1,1,1,-2,0,-1,-3,3,-1,-2,0,-3,1
2515,pad,5,5,5,1,1,1,-2,-2,-2,-2,-1,4,1,-2,2,1
2516,pad,9,9,9,1,1,1,-1,-1,-1,0,-1,-2,-3,0,0,3
2517,pad,2,2,2,1,1,1,0,1,5,1,-4,-3,-2,0,-2,-5
2518,pad,5,5,5,1,1,1,-2,-2,-3,-1,-2,7,0,-2,1,1
2519,pad,1,1,1,1,1,1,-3,4,-1,-3,0,-1,-2,0,-1,-1
2520,pad,8,8,8,1,1,1,-1,-1,-1,0,-1,0,-1,-2,3,0
2521,pad,7,7,7,1,1,1,-1,-1,0,0,0,-1,-3,3,0,-1
2522,pad,3,3,3,1,1,1,-4,0,-1,5,-3,1,-2,0,0,-1
2523,pad,7,7,7,1,1,1,-2,0,-1,0,0,-1,-3,2,-1,0
2524,pad,1,1,1,1,1,1,-1,2,0,-2,-1,0,-1,0,-1,-1
2525,pad,5,5,5,1,1,1,-2,-2,-3,2,-2,4,-1,-2,1,2
2526,pad,5,5,5,1,1,1,-2,-1,-2,1,-2,5,-1,-1,0,1
2527,pad,0,0,0,1,1,1,4,-2,-2,-1,-1,0,1,-1,-1,0
2528,pad,9,9,9,1,1,1,-1,-1,-1,0,0,-1,-2,0,0,3
2529,pad,1,1,1,1,1,1,-2,4,-2,-3,-1,-1,-1,0,-1,-1
2530,pad,4,4,4,1,1,1,-3,-1,-1,-2,4,-1,-2,0,-1,0
2531,pad,0,0,0,1,1,1,5,-3,-1,-1,-3,0,2,-2,-1,-1
2532,pad,6,6,5,1,0,0,-1,0,0,0,0,1,1,-1,0,-2
2533,pad,3,3,3,1,1,1,-2,1,0,2,-2,1,-2,0,0,-3
2534,pad,3,3,3,1,1,1,-3,0,-2,3,-2,2,-1,0,0,-1
2535,pad,6,6,6,1,1,1,-1,-1,-2,-2,0,1,5,-2,0,-3
2536,pad,0,0,0,1,1,1,4,-3,-2,-2,-1,-1,1,-1,-1,0
2537,pad,4,4,4,1,1,1,-3,0,-1,-3,3,-1,-2,0,-2,0
2538,pad,9,9,9,1,1,1,-2,-2,-3,0,0,-1,-5,-1,-1,4
2539,pad,7,7,7,1,1,1,-3,0,-1,-1,0,-1,-3,2,-1,0
2540,pad,5,5,5,1,1,1,-2,-1,-2,0,-1,4,-1,-1,0,0
2541,pad,1,1,1,1,1,1,-3,4,-1,-2,-1,-1,-2,1,-1,-1
2542,pad,6,6,6,1,1,1,1,-2,-3,-2,-1,1,4,-3,0,-1
2543,pad,8,8,8,1,1,1,0,-1,-1,2,-4,0,-2,-2,3,-1
2544,pad,9,9,9,1,1,1,-1,-2,-1,-1,1,-1,-3,1,-1,3
2545,pad,5,5,5,1,1,1,-2,-1,-2,2,-3,5,-1,-2,1,0
2546,pad,5,5,5,1,1,1,-1,-2,-2,-1,-3,7,0,-2,0,1
2547,pad,7,7,7,1,1,1,-2,1,2,1,-1,-2,-3,3,-2,-3
2548,pad,9,9,9,1,1,1,-1,-1,-2,-1,0,-2,-4,1,-2,2
2549,pad,3,3,3,1,1,1,-1,-1,-1,5,-5,0,-3,-2,2,0
2550,pad,8,8,8,1,1,1,1,-2,-2,1,-3,1,-1,-3,4,-1
2551,pad,3,3,3,1,1,1,-3,-1,-2,5,-4,2,-2,-2,2,-1
2552,pad,8,8,8,1,1,1,0,-1,-1,1,-1,0,-1,-1,3,0
2553,pad,1,1,1,1,1,1,-2,3,-1,-2,0,0,-2,0,-1,0
2554,pad,5,5,5,1,1,1,-2,-2,-3,0,-2,6,0,-2,0,0
2555,pad,3,3,3,1,1,1,-3,-1,-2,6,-4,3,-3,-1,-1,0
2556,pad,5,5,5,1,1,1,-1,-1,-1,0,-1,3,-1,0,0,1
2557,pad,0,0,0,1,1,1,4,-2,-2,-1,-1,0,2,-1,0,-1
2558,pad,5,5,5,1,1,1,-3,-1,-3,1,-3,7,0,-2,1,0
2559,pad,5,5,5,1,1,1,-2,-1,-2,1,-2,4,-1,-2,1,1
2560,pad,3,3,3,1,1,1,-2,0,-1,4,-2,1,-1,0,-1,-2
2561,pad,8,8,8,1,1,1,0,-2,-2,0,-3,0,-1,-3,5,-1
2562,pad,6,6,6,1,1,1,0,-2,-2,-2,-1,2,4,-4,0,-1
2563,pad,7,7,7,1,1,1,-2,0,1,-1,0,-2,-4,3,-1,-1
2564,pad,7,7,7,1,1,1,-1,1,0,0,-1,-1,-3,2,0,-1
2565,pad,7,7,7,1,1,1,-2,0,0,0,0,-1,-4,4,-1,-1
2566,pad,3,3,3,1,1,1,-2,-1,-1,4,-4,0,-2,-1,2,-1
2567,pad,7,7,7,1,1,1,-2,0,0,0,-1,-1,-5,3,-1,0
2568,pad,0,0,0,1,1,1,4,-2,-1,0,-2,1,1,-1,0,0
2569,pad,5,5,5,1,1,1,-2,-2,-2,0,-1,4,-1,-1,0,1
2570,pad,9,9,9,1,1,1,-1,-2,-3,-1,0,-1,-3,-1,0,4
2571,pad,0,0,0,1,1,1,4,-1,-1,-1,-2,0,0,-1,0,-1
2572,pad,2,2,2,1,1,1,-1,0,4,0,-2,-2,-1,-1,0,-3
2573,pad,5,5,5,1,1,1,-2,-1,-2,1,-2,3,-1,-2,1,1
2574,pad,5,5,5,1,1,1,-1,-1,-1,1,-1,3,-1,-1,0,0
2575,pad,3,3,3,1,1,1,-3,0,0,6,-5,0,-3,-1,1,-2
2576,pad,1,1,1,1,1,1,-2,2,-1,-2,0,-1,-1,0,-1,-1
2577,pad,7,7,7,1,1,1,-3,1,0,-2,1,-2,-4,3,-2,0
2578,pad,7,7,7,1,1,1,0,1,1,0,-2,-2,-3,2,0,-2
2579,pad,8,8,8,1,1,1,0,-2,-2,0,-2,0,-2,-3,5,0
2580,pad,6,6,6,1,1,1,0,-1,-2,-1,-1,2,4,-3,1,-3
2581,pad,5,5,5,1,1,1,-1,-1,-1,0,-1,4,0,-1,1,1
2582,pad,9,9,3,1,0,0,-1,-1,-1,1,0,1,-2,0,-1,1
2583,pad,3,3,3,1,1,1,-3,-1,-1,5,-4,1,-2,-2,1,-1
2584,pad,8,8,8,1,1,1,-2,-1,-1,-1,-1,1,0,-3,4,0
2585,pad,9,9,9,1,1,1,-2,-2,-3,-2,2,-2,-5,1,-2,5
2586,pad,5,5,5,1,1,1,-2,-2,-2,1,-2,5,-1,-2,0,1
2587,pad,3,3,3,1,1,1,-2,-1,-1,4,-3,1,-2,0,0,-1
2588,pad,7,7,7,1,1,1,-2,-1,-1,-1,0,-1,-5,3,-1,0
2589,pad,9,9,9,1,1,1,1,-4,-2,2,-2,0,-3,0,-1,4
2590,pad,1,1,1,1,1,1,-3,4,-1,-3,-1,-2,-2,0,-1,-2
2591,pad,7,7,7,1,1,1,-2,0,0,0,0,-1,-3,3,-1,0
2592,pad,0,0,0,1,1,1,5,-3,0,-2,-2,-1,0,-1,-1,-1
2593,pad,0,0,0,1,1,1,5,-3,-1,-1,-3,0,1,-3,0,0
2594,pad,3,3,3,1,1,1,-3,0,-1,4,-3,1,-1,-1,0,-2
2595,pad,7,7,7,1,1,1,-4,0,-1,-1,1,-2,-6,5,-2,0
2596,pad,2,2,2,1,1,1,-1,1,4,0,-2,-3,-2,1,-2,-4
2597,pad,5,3,3,0,0,1,-3,0,-2,4,-4,3,-2,-1,0,0
2598,pad,8,8,8,1,1,1,-1,0,-1,1,-2,0,0,-1,2,-2
2599,pad,1,1,1,1,1,1,-3,4,-1,-3,-1,-1,-2,0,-1,0
2600,pad,8,8,8,1,1,1,-2,-1,-2,-1,0,0,0,-3,5,-1
2601,pad,6,6,6,1,1,1,0,-1,-3,-2,0,1,4,-3,1,0
2602,pad,2,2,2,1,1,1,-1,1,5,0,-2,-3,-1,0,-1,-4
2603,pad,9,9,9,1,1,1,-2,-1,-3,-2,1,-2,-4,-1,0,3
2604,pad,5,5,5,1,1,1,-2,-1,-2,1,-2,3,-1,-1,0,1
2605,pad,7,7,7,1,1,1,-4,1,-1,-1,0,-2,-5,4,-2,0
2606,pad,5,5,5,1,1,1,-2,-2,-2,0,-2,5,0,-2,1,1
2607,pad,7,7,7,1,1,1,-4,1,1,-1,0,-2,-3,2,-1,-3
2608,pad,8,8,8,1,1,1,-1,-1,-1,0,-1,1,0,-2,3,0
2609,pad,6,6,6,1,1,1,0,-1,-2,-1,0,2,4,-2,0,-3
2610,pad,2,2,2,1,1,1,-1,-1,3,0,-3,-3,-1,0,1,-3
2611,pad,5,5,5,1,1,1,-1,-1,0,1,-2,3,0,-2,1,1
2612,pad,1,1,1,1,1,1,-3,3,-1,-2,0,-1,-2,0,-1,0
2613,pad,4,4,4,1,1,1,-4,-1,-2,-4,6,-2,-5,0,-4,0
2614,pad,8,8,8,1,1,1,-1,-2,-2,0,-2,0,-1,-3,5,-1
2615,pad,4,4,4,1,1,1,-4,-1,-1,-2,4,-1,-3,-1,-2,0
2616,pad,5,5,5,1,1,1,-2,0,-2,1,-3,4,0,-2,0,0
2617,pad,8,8,8,1,1,1,0,-1,-1,0,-2,0,-1,-2,3,0
2618,pad,3,3,3,1,1,1,-3,-1,-2,5,-4,3,-3,-1,0,0
2619,pad,0,0,0,1,1,1,5,-3,-1,-2,-3,-1,0,-1,-1,0
2620,pad,6,6,6,1,1,1,-1,-1,-2,-2,-1,2,5,-4,1,-3
2621,pad,2,2,2,1,1,1,0,0,6,0,-3,-3,-2,0,-1,-5
2622,pad,7,7,7,1,1,1,-3,1,1,0,0,-1,-2,2,-2,-2
2623,pad,3,3,3,1,1,1,-3,-1,-2,5,-3,2,-2,-1,0,-1
2624,pad,3,3,3,1,1,1,-2,0,0,4,-3,0,-2,-1,1,-1
2625,pad,2,2,2,1,1,1,0,1,5,0,-3,-3,-1,1,-1,-5
2626,pad,1,1,1,1,1,1,-3,4,-2,-3,-1,0,-1,-1,-1,0
2627,pad,0,0,0,1,1,1,5,-2,-1,-1,-3,0,2,-1,-1,-1
2628,pad,7,7,7,1,1,1,-3,1,1,0,0,-2,-4,3,-2,-1
2629,pad,3,3,3,1,1,1,-2,-1,-2,4,-4,2,-1,-2,1,0
2630,pad,4,4,4,1,1,1,-3,-1,-1,-3,4,-2,-3,0,-3,1
2631,pad,0,0,0,1,1,1,2,-1,-2,-1,0,-1,1,-1,-1,0
2632,pad,3,3,3,1,1,1,-4,-1,-2,6,-4,1,-2,-1,1,-1
2633,pad,9,9,9,1,1,1,-1,-3,-3,0,0,0,-4,-1,-1,4
2634,pad,3,3,3,1,1,1,-3,-1,-2,6,-4,2,-3,-1,0,0
2635,pad,2,2,2,1,1,1,-2,1,4,1,-3,-2,-3,1,-2,-4
2636,pad,8,8,8,1,1,1,-1,-2,-1,-1,-1,1,0,-3,5,0
2637,pad,9,9,9,1,1,1,-2,-1,-1,-2,2,-2,-4,0,-1,3
2638,pad,0,0,0,1,1,1,4,-2,-2,-1,-1,0,2,-2,-1,-1
2639,pad,3,3,3,1,1,1,-3,-1,-1,5,-4,2,-3,-1,0,0
2640,pad,8,8,8,1,1,1,-1,-1,-1,0,-2,1,0,-2,4,-1
2641,pad,0,0,0,1,1,1,3,-2,-1,-1,-2,1,3,-1,1,-2
2642,pad,7,7,7,1,1,1,-1,0,0,0,-1,-1,-3,3,-1,0
2643,pad,6,6,6,1,1,1,0,-1,-1,-1,-1,2,4,-2,0,-3
2644,pad,5,5,5,1,1,1,-2,-2,-1,1,-2,4,0,-2,1,0
2645,pad,4,4,4,1,1,1,-3,-1,-1,-2,3,-1,-3,0,-2,0
2646,pad,7,7,7,1,1,1,-2,0,0,0,0,-1,-4,3,-1,0
2647,pad,3,3,3,1,1,1,-2,-1,-1,4,-3,1,-2,-1,1,0
2648,pad,9,9,0,1,0,0,1,-1,0,-1,0,0,-1,0,0,0
2649,pad,0,0,0,1,1,1,4,-3,-2,-1,-3,0,1,-1,0,0
2650,pad,8,8,8,1,1,1,-1,-1,-1,0,-2,0,-1,-3,4,0
2651,pad,6,6,6,1,1,1,1,-1,-2,-2,-2,1,4,-4,0,-2
2652,pad,2,2,2,1,1,1,-1,1,5,0,-3,-3,-2,1,-2,-5
2653,pad,5,5,5,1,1,1,-2,-1,-2,1,-3,5,0,-2,1,0
2654,pad,6,1,1,0,0,1,-3,3,-1,-2,1,-1,0,-1,-1,-1
2655,pad,1,1,1,1,1,1,-2,3,-1,-3,0,0,-1,-1,0,-1
2656,pad,0,0,0,1,1,1,4,-2,-1,-2,-2,1,1,0,0,-1
2657,pad,0,0,0,1,1,1,5,-2,-2,-1,-2,-1,2,-2,-1,0
2658,pad,4,4,4,1,1,1,-3,0,-2,-4,4,-2,-2,-1,-2,1
2659,pad,4,4,4,1,1,1,-3,0,-2,-3,3,-1,-3,-1,0,2
2660,pad,0,0,0,1,1,1,4,-1,0,-2,-3,-1,0,0,0,-2
2661,pad,1,1,1,1,1,1,-2,3,-1,-2,-1,-1,-1,1,-1,-1
2662,pad,2,2,2,1,1,1,0,0,4,0,-2,-2,-1,-1,-1,-3
2663,pad,3,3,3,1,1,1,-3,0,-1,5,-4,0,-3,0,0,-2
2664,pad,2,2,2,1,1,1,0,2,7,0,-3,-3,-2,0,-3,-6
2665,pad,7,7,7,1,1,1,-2,1,1,0,-1,-2,-4,3,-1,-2
2666,pad,7,7,7,1,1,1,-3,1,0,1,0,-1,-4,3,-2,-1
2667,pad,8,8,8,1,1,1,-1,-2,-2,-1,-2,2,1,-3,5,-1
2668,pad,5,5,5,1,1,1,-2,-1,-1,0,-1,3,-1,-1,1,1
2669,pad,2,2,2,1,1,1,-1,1,6,1,-3,-3,-2,0,-1,-4
2670,pad,5,5,5,1,1,1,-1,-2,-2,0,-2,5,1,-2,1,1
2671,pad,7,7,7,1,1,1,-1,-1,-1,0,-2,0,-4,2,0,0
2672,pad,6,6,6,1,1,1,0,-1,-2,-2,0,1,4,-2,0,-2
2673,pad,9,9,9,1,1,1,-2,-1,-3,-1,0,-1,-4,-1,-1,4
2674,pad,1,1,1,1,1,1,-2,3,0,-1,-1,-1,-2,1,-2,-1
2675,pad,4,4,4,1,1,1,-5,0,-1,-5,6,-3,-4,-1,-2,0
2676,pad,1,1,1,1,1,1,-1,2,0,-1,-2,0,-1,0,0,-1
2677,pad,6,6,6,1,1,1,0,-1,-1,-2,-1,2,4,-4,0,-3
2678,pad,4,4,4,1,1,1,-3,1,-1,-3,3,-2,-3,0,-2,0
2679,pad,2,2,2,1,1,1,-1,1,7,0,-3,-4,-2,1,-2,-6
2680,pad,4,4,4,1,1,1,-3,-1,-1,-2,4,-1,-2,-1,-2,0
2681,pad,3,3,3,1,1,1,-1,-1,-1,4,-3,1,-2,-1,1,0
2682,pad,5,5,5,1,1,1,-2,-1,-2,1,-2,5,-1,-2,0,0
2683,pad,4,4,4,1,1,1,-4,-1,-3,-3,4,-2,-3,0,-2,1
2684,pad,3,3,3,1,1,1,-1,0,1,2,-3,0,-1,0,0,-2
2685,pad,9,9,9,1,1,1,-3,-1,-2,-1,1,-1,-4,-1,-1,4
2686,pad,5,5,5,1,1,1,-1,-1,-2,0,-2,4,0,-2,2,-1
2687,pad,0,0,0,1,1,1,3,-2,-1,-1,-2,1,1,-1,0,-1
2688,pad,1,1,1,1,1,1,-3,4,-1,-2,0,0,-3,1,-2,0
2689,pad,5,5,3,1,0,0,-1,-1,0,1,-1,1,0,0,0,0
2690,pad,3,3,3,1,1,1,-2,-1,-1,4,-4,1,-2,-1,1,-1
2691,pad,8,8,8,1,1,1,-1,-1,-1,0,-2,1,0,-3,4,0
2692,pad,9,9,9,1,1,1,-1,-2,-1,0,0,-1,-3,0,-1,3
2693,pad,1,1,1,1,1,1,-2,4,-2,-4,-1,-1,-1,0,-1,-1
2694,pad,9,9,9,1,1,1,-1,-2,-2,1,0,0,-3,0,-1,3
2695,pad,7,3,5,0,0,0,-3,0,-1,1,0,2,-2,1,-1,-1
2696,pad,9,9,9,1,1,1,0,-2,-1,0,0,-1,-2,0,0,3
2697,pad,5,5,5,1,1,1,-1,0,-1,-1,-1,3,1,-1,1,0
2698,pad,5,5,5,1,1,1,-2,-1,-2,1,-2,4,-1,-1,1,1
2699,pad,2,2,2,1,1,1,0,0,2,0,-1,-1,0,0,-1,-2
2700,pad,7,7,7,1,1,1,-2,0,0,1,-1,-1,-4,3,-1,0
2701,pad,4,4,4,1,1,1,-3,0,-1,-2,4,-1,-3,0,-2,0
2702,pad,6,6,6,1,1,1,0,-2,-4,-2,0,0,5,-1,0,-2
2703,pad,0,0,0,1,1,1,3,-1,-1,0,-1,1,2,-2,0,-1
2704,pad,1,1,1,1,1,1,-2,3,-1,-3,0,-2,-2,0,-1,0
2705,pad,1,1,1,1,1,1,-2,3,-1,-2,0,-1,-2,0,-1,1
2706,pad,1,1,1,1,1,1,-3,3,-1,-1,0,0,-2,1,-1,0
2707,pad,0,0,0,1,1,1,6,-4,-1,-3,-3,-1,1,-2,-1,-1
2708,pad,4,4,4,1,1,1,-3,0,-2,-1,3,0,-2,0,-2,1
2709,pad,4,4,4,1,1,1,-2,0,0,-2,3,-2,-3,0,-3,-1
2710,pad,7,7,7,1,1,1,-1,0,0,0,0,-1,-3,2,0,0
2711,pad,6,6,6,1,1,1,-1,-1,-3,-3,-1,2,7,-3,0,-4
2712,pad,3,3,3,1,1,1,-2,-1,-1,4,-3,0,-2,-1,1,0
2713,pad,0,0,0,1,1,1,3,-2,-2,-1,-3,0,-1,-1,2,-2
2714,pad,0,0,0,1,1,1,4,-3,-1,-2,-1,-2,1,-1,-1,-1
2715,pad,4,4,4,1,1,1,-3,0,-1,-2,3,-1,-2,-1,-2,-1
2716,pad,3,3,3,1,1,1,-2,-1,-1,4,-3,1,-2,-1,0,-2
2717,pad,0,0,0,1,1,1,4,-2,0,-1,-3,-1,0,-1,-1,-1
2718,pad,6,6,6,1,1,1,0,-1,-2,-2,1,0,3,-2,-1,-3
2719,pad,1,1,1,1,1,1,-2,3,-1,-3,-1,1,1,-2,0,-2
2720,pad,9,9,9,1,1,1,-1,-1,-2,-1,1,-2,-3,-1,1,2
2721,pad,6,6,5,1,0,0,-1,-1,-2,-2,-1,3,3,-2,1,0
2722,pad,1,1,1,1,1,1,-2,4,-1,-2,0,0,-1,0,-2,0
2723,pad,3,3,3,1,1,1,-4,0,0,5,-4,0,-3,0,1,-2
2724,pad,8,8,8,1,1,1,-2,-1,-1,-1,-2,1,0,-3,5,0
2725,pad,1,1,1,1,1,1,-2,4,-1,-2,-2,-1,-1,0,0,-2
2726,pad,2,2,2,1,1,1,0,0,4,0,-3,-3,-1,0,0,-3
2727,pad,5,5,5,1,1,1,-2,-2,-3,-1,-2,6,1,-2,1,0
2728,pad,6,6,6,1,1,1,0,-2,-4,-3,0,1,6,-3,0,-3
2729,pad,2,2,2,1,1,1,-1,1,5,1,-2,-2,-2,0,-1,-4
2730,pad,7,7,7,1,1,1,-4,1,0,-1,1,-3,-4,4,-2,-2
2731,pad,3,3,3,1,1,1,-3,0,-1,5,-3,1,-3,0,-1,-1
2732,pad,6,6,6,1,1,1,0,-1,-2,-1,0,1,2,-1,0,-1
2733,pad,0,0,0,1,1,1,6,-2,-1,-2,-3,-1,0,-1,0,-2
2734,pad,1,1,1,1,1,1,-1,3,0,-2,-2,-1,-1,0,-1,-2
2735,pad,9,9,9,1,1,1,0,-1,-1,0,-1,-1,-2,0,-1,2
2736,pad,7,7,7,1,1,1,-2,-1,-1,0,0,0,-4,3,0,0
2737,pad,6,6,6,1,1,1,0,-1,-2,-2,0,1,4,-2,0,-2
2738,pad,6,6,6,1,1,1,-1,-1,-3,-2,0,1,6,-3,-1,-4
2739,pad,8,8,8,1,1,1,-1,0,-1,-2,0,-1,-1,-1,2,0
2740,pad,9,9,9,1,1,1,-1,-1,-2,0,0,-1,-3,0,-1,2
2741,pad,2,2,2,1,1,1,0,1,4,0,-1,-2,-2,0,-1,-2
2742,pad,9,9,3,1,0,0,0,-1,0,1,-1,0,-2,1,0,0
2743,pad,5,5,5,1,1,1,-2,0,-1,0,-1,3,0,-1,1,0
2744,pad,8,8,8,1,1,1,-2,-2,0,0,-1,0,-1,-2,3,1
2745,pad,3,3,3,1,1,1,-4,0,1,5,-4,0,-2,0,0,-3
2746,pad,1,1,1,1,1,1,-2,4,-1,-3,-1,0,-1,0,-1,-2
2747,pad,0,0,0,1,1,1,3,-2,-1,0,-2,1,1,-1,0,0
2748,pad,0,0,0,1,1,1,4,-1,0,-1,-2,0,0,-1,-1,0
2749,pad,7,7,7,1,1,1,-3,-1,-2,1,0,0,-5,3,-2,1
2750,pad,6,6,6,1,1,1,2,-2,-3,-2,-2,2,4,-4,2,-1
2751,pad,6,6,6,1,1,1,2,-2,-3,-2,-2,3,6,-4,0,-3
2752,pad,2,2,2,1,1,1,-1,1,6,1,-3,-4,-2,0,-1,-4
2753,pad,1,1,1,1,1,1,-2,3,-1,-3,-2,0,0,-1,1,-3
2754,pad,6,6,6,1,1,1,2,-1,-3,-2,0,0,3,-1,-1,-1
2755,pad,9,9,9,1,1,1,-2,-1,-2,-1,0,-1,-3,-1,-1,3
2756,pad,3,3,3,1,1,1,-1,-1,0,3,-3,1,-1,-1,0,-1
2757,pad,1,1,1,1,1,1,-4,5,-1,-3,-1,0,-2,0,-2,0
2758,pad,8,8,8,1,1,1,0,-2,-1,0,-2,1,0,-3,4,-1
2759,pad,6,6,6,1,1,1,0,-1,-2,-2,-1,2,5,-3,-1,-3
2760,pad,9,9,4,1,0,0,-2,-1,-3,-2,2,-1,-3,-1,0,2
2761,pad,0,0,0,1,1,1,4,-2,-3,-2,0,-1,2,-2,-2,0
2762,pad,6,6,6,1,1,1,-1,-1,-2,-1,0,2,4,-2,-1,-3
2763,pad,0,0,0,1,1,1,5,-2,-1,-1,-2,0,1,-1,-1,-1
2764,pad,0,0,0,1,1,1,5,-2,0,-2,-3,-1,0,0,0,-1
2765,pad,0,0,0,1,1,1,5,-3,-3,-2,-2,-1,0,-1,0,0
2766,pad,6,6,6,1,1,1,0,-1,-2,-1,0,0,3,-1,-1,-2
2767,pad,3,3,3,1,1,1,-2,0,1,4,-3,-1,-3,0,0,-1
2768,pad,5,5,5,1,1,1,-1,-1,-3,0,-3,6,0,-2,1,1
2769,pad,9,9,9,1,1,1,-1,-1,-3,-1,1,-1,-2,-1,0,3
2770,pad,3,7,7,0,0,1,-4,0,0,1,-1,0,-2,2,0,-3
2771,pad,4,9,4,0,1,0,-2,0,-2,-3,2,-2,-2,0,-1,2
2772,pad,5,5,5,1,1,1,-3,0,-2,1,-1,4,-1,-1,0,0
2773,pad,5,5,5,1,1,1,-2,-1,-1,-1,-2,4,0,-1,1,0
2774,pad,8,8,8,1,1,1,-2,-2,-2,-1,-3,1,0,-4,7,-1
2775,pad,5,5,5,1,1,1,-2,0,-2,0,-2,5,0,-2,1,0
2776,pad,3,3,3,1,1,1,-3,-1,0,5,-5,0,-3,-1,1,-2
2777,pad,0,0,0,1,1,1,4,-2,-1,-2,-2,0,2,-2,-1,-1
2778,pad,4,4,4,1,1,1,0,-1,0,-2,1,0,-1,-1,-1,0
2779,pad,0,0,0,1,1,1,5,-2,-1,-1,-2,0,1,-1,-1,-1
2780,pad,2,2,2,1,1,1,1,-1,4,1,-4,-3,-1,-1,1,-3
2781,pad,9,9,9,1,1,1,-2,-2,-1,-2,1,-1,-4,0,-1,4
2782,pad,6,6,6,1,1,1,0,-2,-4,-2,0,1,4,-3,0,-1
2783,pad,8,8,8,1,1,1,-1,-1,0,0,-3,0,0,-2,4,-1
2784,pad,2,2,2,1,1,1,0,0,4,0,-2,-3,-2,0,-1,-2
2785,pad,3,3,3,1,1,1,-3,-1,-2,6,-5,2,-3,-1,0,-1
2786,pad,1,1,1,1,1,1,-2,3,0,-2,0,-1,-2,1,-1,-1
2787,pad,2,2,2,1,1,1,0,0,6,1,-4,-3,-2,0,-1,-5
2788,pad,1,1,1,1,1,1,-2,4,-1,-3,-1,-1,-1,-1,-1,-1
2789,pad,1,1,1,1,1,1,-2,4,-1,-4,-1,-1,-1,0,0,-2
2790,pad,5,5,5,1,1,1,-2,-1,-2,1,-3,7,-1,-1,0,1
2791,pad,6,6,6,1,1,1,0,-1,-3,-2,0,0,4,-2,1,-1
2792,pad,9,9,9,1,1,1,-1,-2,-2,0,0,0,-4,-1,-1,4
2793,pad,8,8,8,1,1,1,0,-1,0,0,-1,0,-1,-1,3,0
2794,pad,0,0,0,1,1,1,3,-1,0,-1,-1,-1,-1,0,-1,0
2795,pad,6,6,6,1,1,1,0,-1,-2,-2,-1,1,5,-3,0,-2
2796,pad,6,6,6,1,1,1,-1,-1,-2,0,0,2,3,-2,-1,-3
2797,pad,5,5,5,1,1,1,-2,-1,-2,1,-2,5,-1,-1,0,0
2798,pad,5,5,5,1,1,1,-2,-2,-2,0,-2,6,-1,-2,0,2
2799,pad,3,3,3,1,1,1,-3,-1,-1,5,-4,2,-3,-1,0,0
2800,pad,8,8,8,1,1,1,-1,-2,-2,0,-1,0,-1,-3,4,1
2801,pad,6,6,6,1,1,1,1,-1,-2,-2,-1,0,4,-3,0,-2
2802,pad,2,2,2,1,1,1,0,0,4,0,-2,-2,-1,-1,0,-3
2803,pad,1,1,1,1,1,1,-3,3,-1,-2,0,-1,-3,1,-2,0
2804,pad,4,4,4,1,1,1,-3,0,-1,-2,3,-2,-3,1,-2,-1
2805,pad,5,5,5,1,1,1,-1,-1,-1,-1,-2,4,1,-2,1,1
2806,pad,4,4,4,1,1,1,-3,-1,-1,-2,4,-1,-3,0,-2,-1
2807,pad,3,3,3,1,1,1,-2,-1,0,4,-4,0,-3,-1,1,-1
2808,pad,7,7,7,1,1,1,-1,1,0,0,-1,0,-3,2,-1,0
2809,pad,8,8,8,1,1,1,-2,-1,-2,0,-2,1,0,-3,5,0
2810,pad,5,5,3,1,0,0,-1,-1,-2,3,-2,3,-1,-1,0,0
2811,pad,0,0,0,1,1,1,3,-3,-2,-1,-1,0,1,-1,0,0
2812,pad,9,9,9,1,1,1,-1,-1,-2,-1,1,-1,-3,-1,-1,3
2813,pad,3,3,3,1,1,1,-2,-1,-1,4,-3,2,-1,-1,0,-1
2814,pad,5,5,5,1,1,1,-1,-1,-3,-1,-2,5,1,-2,2,0
2815,pad,1,1,1,1,1,1,-3,4,-2,-3,0,-1,-1,-1,-1,0
2816,pad,1,1,1,1,1,1,-1,3,-1,-3,-1,0,0,-1,-1,-2
2817,pad,0,0,0,1,1,1,4,-2,-1,-1,-2,0,1,-1,0,0
2818,pad,4,4,4,1,1,1,-3,-1,-3,-4,4,-2,-3,-1,0,1
2819,pad,4,4,4,1,1,1,-3,0,-1,-3,4,-2,-4,0,-3,0
2820,pad,7,7,7,1,1,1,-3,1,2,0,-1,-2,-4,3,-2,-2
2821,pad,0,0,0,1,1,1,4,-3,-3,-1,-1,1,2,-1,-2,0
2822,pad,1,1,1,1,1,1,-2,4,-1,-2,-1,-1,-2,0,-1,0
2823,pad,7,7,7,1,1,1,-2,0,-1,0,0,-1,-2,2,-1,0
2824,pad,0,0,0,1,1,1,5,-2,-1,-1,-3,0,0,0,0,-1
2825,pad,1,1,1,1,1,1,-4,4,-2,-3,0,0,-2,-1,-1,0
2826,pad,6,6,6,1,1,1,0,-2,-3,-2,-1,0,6,-3,0,-2
2827,pad,1,1,1,1,1,1,-2,2,-1,-2,0,0,-1,0,0,0
2828,pad,4,4,4,1,1,1,-2,0,-1,-3,3,-3,-3,0,-2,1
2829,pad,5,5,5,1,1,1,-2,-1,-2,1,-2,5,0,-2,0,1
2830,pad,6,6,6,1,1,1,-1,-1,-2,-2,0,2,6,-3,0,-4
2831,pad,6,6,6,1,1,1,0,-1,-3,-2,-1,2,4,-4,1,0
2832,pad,5,5,5,1,1,1,-2,-2,-4,2,-3,7,-2,-2,0,1
2833,pad,7,7,7,1,1,1,-3,0,-1,0,0,-1,-5,4,-2,0
2834,pad,8,8,8,1,1,1,-1,-1,-2,0,-1,1,0,-2,3,0
2835,pad,4,4,4,1,1,1,-2,0,0,-2,3,-2,-3,1,-3,-1
2836,pad,4,4,4,1,1,1,-3,0,0,-2,2,-3,-4,0,-1,1
2837,pad,7,7,7,1,1,1,-3,0,0,1,0,-1,-5,4,-1,-1
2838,pad,2,2,2,1,1,1,0,0,5,0,-3,-4,-2,1,0,-4
2839,pad,5,5,5,1,1,1,-3,0,-3,-2,-2,6,1,-2,2,0
2840,pad,3,3,3,1,1,1,-3,-1,0,4,-3,0,-2,0,1,-1
2841,pad,7,7,7,1,1,1,-2,0,1,1,-1,-2,-3,3,-2,-2
2842,pad,0,0,0,1,1,1,4,-2,-1,0,-2,1,1,-1,-1,0
2843,pad,7,7,3,1,0,0,0,-1,-1,1,-1,0,-4,1,0,0
2844,pad,7,7,7,1,1,1,-3,1,1,0,-1,-2,-5,5,-2,-1
2845,pad,9,9,9,1,1,1,-1,-2,-2,0,1,-1,-4,1,-1,3
2846,pad,6,6,6,1,1,1,-1,-1,-2,-2,0,1,4,-2,0,-2
2847,pad,4,4,4,1,1,1,-2,-1,0,-2,3,-2,-3,0,-3,0
2848,pad,2,2,2,1,1,1,0,0,2,1,-3,-1,-1,-1,1,-3
2849,pad,8,8,8,1,1,1,-2,-2,-2,-1,-1,1,0,-4,5,-1
2850,pad,5,5,5,1,1,1,-1,-2,-2,3,-3,4,-1,-1,0,1
2851,pad,7,7,7,1,1,1,-2,0,0,0,0,-1,-4,3,-2,0
2852,pad,8,8,8,1,1,1,-1,-1,-1,0,-1,1,0,-2,4,0
2853,pad,3,3,3,1,1,1,-2,-1,1,4,-4,-1,-3,-1,2,-1
2854,pad,9,9,9,1,1,1,-1,-2,-3,0,1,-1,-3,0,0,3
2855,pad,5,5,5,1,1,1,-1,-2,-4,-1,-2,6,0,-2,1,0
2856,pad,8,8,8,1,1,1,0,-2,-2,0,-3,0,-1,-3,4,0
2857,pad,9,9,9,1,1,1,0,-2,-2,0,0,-1,-4,1,-1,3
2858,pad,9,9,9,1,1,1,-3,-1,-2,-2,1,-2,-4,-1,0,4
2859,pad,8,8,8,1,1,1,-1,-1,-1,-1,-1,0,1,-2,4,-1
2860,pad,6,6,5,1,0,0,0,-1,-2,-2,-1,3,3,-3,2,0
2861,pad,2,2,2,1,1,1,0,0,5,0,-3,-3,-2,1,-1,-5
2862,pad,8,8,8,1,1,1,-1,-1,-2,0,0,-1,-2,-2,2,1
2863,pad,9,9,9,1,1,1,-2,-1,-3,-1,1,0,-1,-1,0,3
2864,pad,2,2,2,1,1,1,-1,0,4,1,-4,-3,-3,1,-1,-4
2865,pad,3,3,3,1,1,1,-3,0,-1,4,-3,1,-2,0,0,-2
2866,pad,6,6,6,1,1,1,-2,0,-1,-1,1,1,2,-1,0,-2
2867,pad,1,1,1,1,1,1,-2,2,-1,-2,0,0,-1,0,-1,0
2868,pad,1,1,1,1,1,1,-3,4,-2,-2,0,0,-2,1,-2,0
2869,pad,8,8,8,1,1,1,0,-2,1,0,-4,1,-1,-3,5,-1
2870,pad,9,9,9,1,1,1,-1,-2,-2,0,-1,-1,-4,1,-1,4
2871,pad,3,3,3,1,1,1,-2,-2,-1,5,-4,1,-2,-2,1,0
2872,pad,4,4,4,1,1,1,-3,-1,-2,-3,4,-1,-3,-1,0,2
2873,pad,0,0,0,1,1,1,5,-2,-2,-2,-1,-1,2,-2,-2,0
2874,pad,7,7,7,1,1,1,-3,0,1,0,-1,-1,-5,5,-1,-2
2875,pad,9,9,9,1,1,1,-2,-1,-2,-1,1,-1,-4,0,-1,3
2876,pad,6,6,6,1,1,1,0,-2,-3,-2,-1,2,5,-3,1,-1
2877,pad,4,4,4,1,1,1,-2,-1,-1,-2,2,-2,-3,0,0,1
2878,pad,1,1,1,1,1,1,-3,4,-1,-3,0,-1,-1,0,-1,-1
2879,pad,4,4,4,1,1,1,-2,-1,-2,-3,4,-3,-2,-1,-1,0
2880,pad,1,1,1,1,1,1,-2,4,-1,-3,-1,-1,-2,0,-1,-2
2881,pad,3,3,3,1,1,1,-3,-1,-1,5,-4,2,-2,-1,1,-1
2882,pad,4,4,4,1,1,1,-5,0,-1,-3,5,-2,-4,-1,-2,-1
2883,pad,9,9,9,1,1,1,-1,-3,-3,0,-1,-1,-4,-1,-1,4
2884,pad,3,3,3,1,1,1,-2,-1,-2,5,-4,2,-3,-2,1,0
2885,pad,1,1,1,1,1,1,-1,2,-1,-2,-1,0,-1,0,0,0
2886,pad,4,4,4,1,1,1,-4,0,-2,-3,5,-2,-3,0,-2,0
2887,pad,7,7,7,1,1,1,-3,0,0,0,0,-1,-4,3,-1,0
2888,pad,7,7,7,1,1,1,0,0,0,0,-1,-1,-2,1,0,0
2889,pad,4,4,4,1,1,1,-3,-1,-1,-3,5,-2,-3,-1,-2,1
2890,pad,7,7,7,1,1,1,-1,0,1,1,-1,-1,-3,3,-1,-1
2891,pad,2,2,2,1,1,1,0,0,4,1,-3,-2,-1,0,0,-4
2892,pad,9,9,9,1,1,1,-1,-2,-2,0,0,-1,-4,1,-2,4
2893,pad,3,3,3,1,1,1,-2,0,0,5,-4,1,-2,-1,0,-2
2894,pad,0,0,0,1,1,1,4,-3,-3,0,-2,2,3,-3,1,-1
2895,pad,8,8,8,1,1,1,-1,-3,-2,0,-4,0,-1,-4,7,-1
2896,pad,8,8,8,1,1,1,1,-1,-1,-1,-1,1,1,-2,3,0
2897,pad,8,8,8,1,1,1,0,-2,0,0,-3,-1,-1,-3,5,0
2898,pad,4,4,4,1,1,1,-4,0,-3,-3,4,-1,-3,0,-1,1
2899,pad,0,0,0,1,1,1,5,-2,-1,-1,-3,-1,0,-1,0,0
2900,pad,4,4,4,1,1,1,-2,0,-1,-3,4,-2,-2,0,-4,0
2901,pad,4,4,4,1,1,1,-2,0,-1,-1,2,-2,-2,0,0,0
2902,pad,1,1,1,1,1,1,-3,4,-2,-3,0,-1,-2,-1,-1,1
2903,pad,5,5,5,1,1,1,-3,-1,-3,0,-3,6,0,-2,2,1
2904,pad,2,2,2,1,1,1,-1,1,5,0,-2,-3,-2,0,-1,-3
2905,pad,8,8,8,1,1,1,-2,0,-1,0,-1,1,0,-2,3,-1
2906,pad,3,3,3,1,1,1,-3,-1,-1,4,-3,1,-2,0,1,-1
2907,pad,4,4,4,1,1,1,-2,1,0,-2,2,-2,-2,-1,-2,0
2908,pad,9,9,9,1,1,1,-2,-1,-2,-1,0,-2,-4,-1,-1,4
2909,pad,5,5,5,1,1,1,-2,-2,-2,1,-2,4,-1,-2,0,1
2910,pad,2,2,2,1,1,1,-1,1,3,1,-3,-2,-2,1,-1,-3
2911,pad,8,8,8,1,1,1,0,-1,0,1,-3,-1,-1,-2,3,0
2912,pad,1,1,1,1,1,1,-3,4,-1,-2,-1,0,-2,0,-2,0
2913,pad,5,5,5,1,1,1,-2,-1,-2,1,-2,5,-1,-1,0,1
2914,pad,3,3,3,1,1,1,-3,0,0,4,-3,0,-3,0,0,-1
2915,pad,7,7,7,1,1,1,-2,1,1,0,-1,-2,-3,2,0,-1
2916,pad,9,9,9,1,1,1,-3,-1,-2,-1,0,-2,-4,0,-1,3
2917,pad,4,4,4,1,1,1,-3,0,-1,-1,2,-1,-2,-1,0,1
2918,pad,2,2,2,1,1,1,0,0,6,0,-3,-4,-2,1,-1,-4
2919,pad,5,5,5,1,1,1,-1,0,-1,0,-2,3,0,-1,0,0
2920,pad,6,6,6,1,1,1,0,-1,-2,-1,0,1,3,-1,-1,-1
2921,pad,3,8,8,0,0,1,1,-2,0,1,-3,-1,-1,-1,2,-1
2922,pad,5,5,5,1,1,1,-2,-1,-2,2,-3,5,-1,-2,1,0
2923,pad,9,9,9,1,1,1,-2,-1,-2,-1,1,-1,-3,-1,0,3
2924,pad,3,3,3,1,1,1,-2,0,-1,3,-2,1,-1,0,0,-1
2925,pad,5,5,5,1,1,1,-1,-1,-2,0,-2,5,1,-1,-1,-1
2926,pad,9,9,9,1,1,1,-2,-1,-2,-1,1,-1,-3,0,-2,3
2927,pad,3,3,2,1,0,0,-2,1,2,2,-3,1,-2,0,-1,-3
2928,pad,1,1,1,1,1,1,-2,4,0,-3,-1,-1,-2,0,-1,-2
2929,pad,9,9,9,1,1,1,-3,-1,-1,0,0,0,-5,1,-1,3
2930,pad,5,5,5,1,1,1,-2,0,-2,0,-1,2,-1,0,-1,0
2931,pad,3,3,3,1,1,1,-2,-2,-1,5,-4,1,-3,-1,1,1
2932,pad,0,0,0,1,1,1,3,-2,-1,0,0,-1,1,-1,-1,0
2933,pad,6,6,6,1,1,1,0,-1,-3,-1,-1,1,5,-3,1,-2
2934,pad,9,9,9,1,1,1,-2,-2,-2,-1,0,0,-4,0,-1,4
2935,pad,8,8,8,1,1,1,-1,-2,-2,0,-1,0,0,-3,5,-1
2936,pad,4,4,4,1,1,1,-4,-1,-1,-4,5,-2,-4,-1,-2,1
2937,pad,0,0,0,1,1,1,4,-2,-1,-2,-2,0,0,-1,1,-2
2938,pad,4,4,4,1,1,1,-1,-2,-3,-2,2,0,0,-2,-1,2
2939,pad,9,5,5,0,0,1,0,0,0,0,0,2,-1,0,-1,1
2940,pad,2,2,2,1,1,1,-2,2,3,0,-2,-1,0,0,-2,-4
2941,pad,9,9,9,1,1,1,-2,-2,-3,-1,0,0,-4,0,-2,4
2942,pad,0,0,0,1,1,1,6,-3,-1,-2,-3,0,0,0,-1,-1
2943,pad,1,1,1,1,1,1,-2,3,-1,-1,0,-1,-1,0,-1,-1
2944,pad,0,0,0,1,1,1,4,-2,0,-2,-3,-1,0,-1,1,-1
2945,pad,3,3,3,1,1,1,0,-1,1,2,-2,-1,-2,1,0,-1
2946,pad,1,1,1,1,1,1,-2,4,-2,-4,-2,0,0,0,1,-2
2947,pad,6,6,6,1,1,1,-1,0,-2,-2,1,1,3,-2,-1,-2
2948,pad,5,5,5,1,1,1,-2,-2,-3,0,-3,6,0,-2,1,1
2949,pad,8,8,8,1,1,1,-1,-2,-1,0,-2,0,-1,-2,4,1
2950,pad,1,1,1,1,1,1,-3,4,-1,-3,-1,-1,-2,1,-1,-1
2951,pad,5,5,5,1,1,1,-2,-2,-3,-1,-1,5,0,-3,1,2
2952,pad,3,3,3,1,1,1,-2,-2,-3,3,-3,3,-1,-3,2,0
2953,pad,3,3,3,1,1,1,-2,0,-1,3,-3,2,-2,-1,0,0
2954,pad,0,0,0,1,1,1,4,-2,-1,-2,-2,-2,1,-2,0,-1
2955,pad,3,3,3,1,1,1,-2,-2,-2,6,-5,1,-3,-2,2,1
2956,pad,5,5,5,1,1,1,-1,-1,-2,0,-2,4,1,-2,2,0
2957,pad,5,5,5,1,1,1,-1,-1,-2,0,-2,4,0,-1,0,0
2958,pad,9,9,9,1,1,1,-1,-2,-2,-1,0,-1,-3,0,-1,3
2959,pad,2,3,3,0,0,1,-2,0,2,3,-4,-1,-3,0,0,-2
2960,pad,8,8,8,1,1,1,-1,-1,-2,0,-1,-1,-2,-1,3,1
2961,pad,7,7,2,1,0,0,0,0,2,1,-2,-1,-3,2,0,-1
2962,pad,0,0,0,1,1,1,5,-2,-1,-1,-2,0,0,-1,-1,-1
2963,pad,4,4,4,1,1,1,-3,-1,-1,-4,6,-3,-4,-1,-3,0
2964,pad,9,9,9,1,1,1,-1,0,-1,-2,1,-2,-2,0,-2,2
2965,pad,1,1,1,1,1,1,-2,4,-1,-3,-1,-1,-2,0,-1,-2
2966,pad,9,9,9,1,1,1,-2,-1,-2,-2,1,-1,-3,-1,-1,4
2967,pad,7,7,7,1,1,1,-3,1,0,0,-1,-2,-5,4,-1,-1
2968,pad,7,7,7,1,1,1,-1,-1,0,0,0,-1,-4,3,-1,0
2969,pad,5,5,5,1,1,1,-2,0,-1,1,-2,3,0,-1,0,-2
2970,pad,5,5,5,1,1,1,0,0,0,0,-1,1,0,-1,0,0
2971,pad,2,2,2,1,1,1,0,1,4,0,-2,-3,-2,0,-2,-4
2972,pad,0,0,0,1,1,1,4,-2,-2,-1,-1,0,2,-3,-1,0
2973,pad,9,9,9,1,1,1,0,-3,-2,1,-1,0,-3,0,0,4
2974,pad,1,1,1,1,1,1,-2,4,-2,-3,-1,-1,0,-1,-1,-1
2975,pad,8,8,8,1,1,1,-1,-2,0,2,-3,-1,-2,-2,3,0
2976,pad,6,6,6,1,1,1,0,-2,-3,-1,-1,2,4,-2,0,-2
2977,pad,2,2,2,1,1,1,0,1,5,0,-4,-3,-2,1,-1,-6
2978,pad,3,3,3,1,1,1,-2,-2,-3,6,-5,2,-3,-2,1,0
2979,pad,9,9,4,1,0,0,0,-1,-1,-1,1,-1,-1,0,-1,1
2980,pad,6,6,6,1,1,1,-1,-2,-2,-1,-1,2,6,-2,0,-4
2981,pad,2,2,2,1,1,1,0,0,3,0,-2,-2,0,-1,0,-2
2982,pad,1,1,1,1,1,1,-3,4,-2,-2,-1,0,-2,0,-2,-1
2983,pad,9,9,9,1,1,1,-2,-1,-2,-1,0,-1,-4,0,-1,5
2984,pad,1,1,1,1,1,1,-3,3,-1,-2,-1,0,-2,1,-1,-1
2985,pad,3,3,3,1,1,1,-2,0,-1,3,-2,1,-2,0,0,-1
2986,pad,5,5,5,1,1,1,-2,-1,0,0,-1,4,0,-1,0,0
2987,pad,5,5,5,1,1,1,-2,-1,-2,1,-2,4,0,-2,1,1
2988,pad,0,0,0,1,1,1,4,-2,-1,-2,-3,0,0,0,-1,-1
2989,pad,3,3,3,1,1,1,-2,-1,0,3,-3,0,-1,-1,1,-1
2990,pad,8,8,8,1,1,1,0,-2,0,-1,-1,1,-1,-2,3,1
2991,pad,3,3,3,1,1,1,-3,-1,-1,4,-3,1,-2,0,0,-1
2992,pad,3,3,3,1,1,1,-2,-2,-2,5,-3,2,-2,-1,0,1
2993,pad,7,7,7,1,1,1,0,-1,-1,0,-1,-1,-3,1,0,0
2994,pad,6,6,6,1,1,1,-2,0,-2,0,0,1,2,0,-1,-2
2995,pad,6,8,5,0,0,0,-1,0,-2,-1,-1,2,1,-1,1,0
2996,pad,0,0,0,1,1,1,6,-2,0,-1,-3,0,1,-2,-1,-1
2997,pad,1,1,1,1,1,1,-2,4,-1,-2,-1,-1,-2,0,-1,-1
2998,pad,4,4,4,1,1,1,-4,0,-1,-3,4,-1,-3,-1,-1,1
2999,pad,0,0,0,1,1,1,5,-2,-2,-1,-3,2,2,-2,0,-1
3000,pad,6,6,6,1,1,1,-1,-1,-2,-1,-1,2,3,-2,1,-1
3001,pad,9,9,9,1,1,1,0,0,-1,0,-1,-1,-1,-1,0,2
3002,pad,8,8,8,1,1,1,0,-2,-1,1,-2,0,-2,-2,4,0
3003,pad,1,1,1,1,1,1,-3,4,-1,-3,0,-1,-2,0,-1,0
3004,pad,2,2,2,1,1,1,-1,1,4,-1,-1,-2,-2,-1,0,-3
3005,pad,9,9,9,1,1,1,-3,1,-2,-1,1,1,-1,-1,1,2
3006,pad,9,9,9,1,1,1,-1,-2,-3,0,0,-1,-4,-1,-1,4
3007,pad,5,5,5,1,1,1,-2,-2,-2,0,-2,5,0,-3,1,2
3008,pad,9,9,9,1,1,1,-2,-2,-3,-1,0,-1,-5,-1,-1,4
3009,pad,7,7,7,1,1,1,-2,0,-1,0,0,-1,-4,3,-1,0
3010,pad,3,3,3,1,1,1,-3,-1,-1,4,-4,1,-2,-1,1,-1
3011,pad,7,7,7,1,1,1,-2,-1,-2,0,0,0,-4,4,-1,0
3012,pad,8,8,8,1,1,1,-2,-1,-1,-1,0,0,-1,-2,3,1
3013,pad,0,0,0,1,1,1,4,-2,-2,-1,-1,0,2,-2,-1,-1
3014,pad,1,1,1,1,1,1,-3,3,-1,-1,-1,0,-2,0,-2,0
3015,pad,3,3,3,1,1,1,-3,0,-1,5,-4,1,-3,-1,0,-1
3016,pad,0,0,0,1,1,1,3,-2,-2,0,-1,1,2,-1,0,-1
3017,pad,4,4,4,1,1,1,-3,0,-1,-2,3,-2,-3,0,-2,0
3018,pad,6,6,6,1,1,1,0,-1,-2,-2,-1,2,4,-3,0,-2
3019,pad,1,1,1,1,1,1,-1,2,-1,-2,-1,0,0,0,0,-1
3020,pad,0,0,0,1,1,1,4,-2,0,-1,-1,0,0,-1,-1,0
3021,pad,2,2,2,1,1,1,1,0,3,1,-3,-2,-3,1,0,-2
3022,pad,5,5,5,1,1,1,0,-1,-2,1,-2,4,0,-1,0,0
3023,pad,8,8,8,1,1,1,-2,-1,-2,-2,-2,3,2,-3,4,-1
3024,pad,4,4,4,1,1,1,-3,-1,-1,-2,5,-2,-4,0,-1,0
3025,pad,4,4,4,1,1,1,-4,-1,-2,-3,5,-2,-4,-1,-3,1
3026,pad,1,1,1,1,1,1,-2,4,-1,-3,-1,-1,-2,1,-1,-2
3027,pad,1,1,1,1,1,1,-1,3,-1,-3,-1,-1,0,-1,-1,-1
3028,pad,5,5,5,1,1,1,-1,-2,-2,0,-3,5,0,-2,1,0
3029,pad,4,4,4,1,1,1,-2,-1,-1,-1,3,-1,-2,0,-1,0
3030,pad,6,6,5,1,0,0,-1,0,-1,-1,0,1,1,0,0,-1
3031,pad,6,6,6,1,1,1,-1,-2,-3,-3,0,0,6,-3,0,-3
3032,pad,0,0,0,1,1,1,5,-2,0,-2,-3,-1,1,-2,0,-2
3033,pad,6,6,6,1,1,1,-1,-1,-3,-1,0,0,3,-1,0,-1
3034,pad,9,9,9,1,1,1,-1,-1,-2,-1,1,-2,-4,0,-1,3
3035,pad,2,2,2,1,1,1,-1,1,5,0,-2,-3,-2,0,-1,-3
3036,pad,6,6,6,1,1,1,0,-1,-3,-2,0,1,5,-3,-1,-2
3037,pad,2,2,2,1,1,1,1,0,5,0,-3,-3,-2,1,-1,-4
3038,pad,7,7,7,1,1,1,-2,0,-1,0,0,0,-3,3,-1,1
3039,pad,1,1,1,1,1,1,-2,2,0,-2,0,-1,-2,0,-1,0
3040,pad,7,7,7,1,1,1,-1,0,0,0,0,-1,-3,2,-1,0
3041,pad,9,9,9,1,1,1,-1,-3,-3,0,0,-1,-4,0,-1,4
3042,pad,4,4,4,1,1,1,-3,-1,-3,-3,5,-2,-2,-1,-1,-1
3043,pad,0,0,0,1,1,1,3,-2,1,-1,-2,-1,0,-1,0,0
3044,pad,0,0,0,1,1,1,5,-2,-1,-1,-2,-1,0,-1,-1,0
3045,pad,3,3,3,1,1,1,-2,-1,-1,5,-4,0,-3,-1,1,-1
3046,pad,8,8,8,1,1,1,-1,-1,-2,0,-1,0,-1,-3,4,0
3047,pad,2,2,2,1,1,1,0,1,6,0,-4,-4,-1,0,-2,-6
3048,pad,2,2,2,1,1,1,1,-1,3,0,-3,-2,0,-1,1,-3
3049,pad,3,3,3,1,1,1,-2,-2,-2,5,-3,2,-3,-1,0,1
3050,pad,1,1,1,1,1,1,-3,4,-2,-4,0,-1,-2,-1,-1,-1
3051,pad,6,6,6,1,1,1,0,-1,-2,-3,-1,2,4,-4,0,-2
3052,pad,0,0,0,1,1,1,7,-3,-2,-2,-3,-1,2,-2,-2,-1
3053,pad,5,5,5,1,1,1,-2,-2,-2,-1,-3,7,0,-2,1,1
3054,pad,7,7,7,1,1,1,-1,0,0,1,-1,-1,-2,2,-1,-1
3055,pad,7,7,7,1,1,1,-2,0,0,1,-1,-1,-4,2,0,-1
3056,pad,9,9,9,1,1,1,-2,-1,-1,0,0,-1,-4,0,0,3
3057,pad,2,2,2,1,1,1,1,0,5,0,-2,-3,-2,0,-1,-3
3058,pad,6,6,6,1,1,1,1,-2,-2,-1,0,2,5,-2,-1,-3
3059,pad,7,7,7,1,1,1,-2,0,0,-1,0,-1,-1,1,0,0
3060,pad,9,7,3,0,0,0,0,-1,-1,1,-1,0,-1,0,0,0
3061,pad,7,7,7,1,1,1,-2,0,1,1,-1,-2,-4,3,-2,-1
3062,pad,8,8,2,1,0,0,-2,0,1,1,-2,1,0,-1,1,-2
3063,pad,6,6,6,1,1,1,0,-2,-2,0,-1,2,4,-3,0,-3
3064,pad,8,8,8,1,1,1,-1,-2,-2,1,-3,2,-1,-3,4,0
3065,pad,8,8,8,1,1,1,-2,-1,-1,0,-1,1,0,-2,2,0
3066,pad,4,4,4,1,1,1,-3,-1,-2,-3,3,-2,-2,-1,-1,0
3067,pad,6,6,6,1,1,1,-2,0,-1,-1,0,2,4,-2,1,-4
3068,pad,8,8,8,1,1,1,0,-1,0,1,-3,-1,-2,-2,4,-1
3069,pad,4,4,4,1,1,1,-2,-1,-1,-2,3,-1,-4,0,-2,2
3070,pad,1,1,1,1,1,1,-3,4,-1,-3,0,-1,-2,0,-1,-1
3071,pad,2,2,2,1,1,1,0,1,5,0,-2,-2,-1,-1,-2,-5
3072,pad,8,8,8,1,1,1,-1,-1,-1,0,-2,0,-1,-3,5,-1
3073,pad,1,3,2,0,0,0,-2,1,2,1,-2,-1,-2,1,-1,-3
3074,pad,3,3,3,1,1,1,-3,-1,-1,6,-4,1,-3,-1,1,-1
3075,pad,9,9,9,1,1,1,-2,-2,-2,-1,0,-1,-4,1,-1,4
3076,pad,4,4,4,1,1,1,-4,-1,-1,-3,5,-2,-4,0,-3,-1
3077,pad,0,0,0,1,1,1,3,-1,0,-1,-2,-1,0,0,0,0
3078,pad,3,3,3,1,1,1,-1,0,-1,2,-2,1,-1,0,0,0
3079,pad,7,7,7,1,1,1,-2,0,0,1,-1,-1,-5,4,-1,-1
3080,pad,3,3,3,1,1,1,-2,-1,0,5,-5,0,-3,-1,1,-1
3081,pad,2,2,2,1,1,1,-2,1,6,0,-3,-4,-2,0,-1,-5
3082,pad,3,3,3,1,1,1,-2,-1,0,5,-4,1,-3,-1,0,0
3083,pad,3,3,3,1,1,1,-3,-1,-1,5,-3,1,-2,-1,0,-1
3084,pad,7,7,7,1,1,1,-1,0,-1,0,-1,-1,-4,3,0,0
3085,pad,3,3,3,1,1,1,-2,-1,-1,4,-4,0,-2,-1,1,-1
3086,pad,4,4,4,1,1,1,-4,0,-1,-2,3,-1,-3,0,-1,0
3087,pad,0,0,0,1,1,1,5,-2,-1,-1,-2,0,0,0,-1,-1
3088,pad,6,6,6,1,1,1,1,-1,-3,-2,-1,1,4,-2,0,-1
3089,pad,2,2,2,1,1,1,0,1,5,0,-3,-3,-2,1,-1,-4
3090,pad,0,0,0,1,1,1,4,-1,0,-1,-1,-1,-1,0,-1,0
3091,pad,8,8,8,1,1,1,-1,-2,-2,-1,-1,0,0,-3,5,0
3092,pad,1,1,1,1,1,1,-1,4,-1,-3,-1,-1,-2,0,-1,-2
3093,pad,5,5,5,1,1,1,-2,-1,-2,0,-1,4,0,-2,1,1
3094,pad,3,3,3,1,1,1,-1,-1,-1,4,-3,1,-2,-1,1,0
3095,pad,5,5,5,1,1,1,-1,-1,-2,-1,-2,6,0,-2,0,1
3096,pad,4,4,4,1,1,1,-4,0,-2,-3,4,-3,-2,-1,-1,-1
3097,pad,1,1,1,1,1,1,-2,3,-2,-2,-1,0,-1,0,0,-1
3098,pad,7,7,7,1,1,1,-2,0,-1,-1,-1,-1,-4,3,-1,0
3099,pad,1,1,1,1,1,1,-3,5,-1,-4,-2,0,-1,-1,-1,-3
3100,pad,5,5,5,1,1,1,-2,-1,-2,1,-3,3,-1,-1,1,0
3101,pad,7,7,7,1,1,1,-2,-1,-1,0,-1,-1,-5,4,-1,0
3102,pad,5,5,5,1,1,1,-1,-2,-3,2,-2,5,-1,-2,-1,2
3103,pad,7,7,7,1,1,1,-3,1,-1,0,0,0,-4,3,-2,0
3104,pad,3,3,3,1,1,1,-3,0,-1,5,-3,1,-3,0,0,-1
3105,pad,2,2,2,1,1,1,-1,0,6,1,-3,-3,-2,0,-1,-5
3106,pad,2,2,2,1,1,1,1,0,4,0,-3,-3,-1,0,-1,-4
3107,pad,7,7,7,1,1,1,-1,0,-1,-1,0,0,-3,3,0,-1
3108,pad,3,3,3,1,1,1,-3,0,-1,3,-3,3,-1,-1,1,-2
3109,pad,7,7,1,1,0,0,-1,1,0,0,-1,-1,-2,1,-1,0
3110,pad,3,3,3,1,1,1,-2,-1,-1,4,-2,1,0,-1,-1,-2
3111,pad,7,7,7,1,1,1,-2,0,0,0,0,-1,-4,3,-1,0
3112,pad,8,8,8,1,1,1,-1,-1,-1,0,-1,0,0,-2,3,0
3113,pad,5,5,5,1,1,1,-2,-1,-2,-1,-1,5,0,-2,1,1
3114,pad,4,4,4,1,1,1,-2,-1,-1,-3,3,0,0,-1,-3,0
3115,pad,5,5,5,1,1,1,-1,-1,-1,0,-1,1,-1,0,0,0
3116,pad,2,2,2,1,1,1,-2,1,6,1,-3,-3,-2,0,-1,-4
3117,pad,5,5,5,1,1,1,-3,-1,-2,1,-1,3,0,0,1,-2
3118,pad,6,6,6,1,1,1,-1,-1,-2,-1,0,1,4,-2,0,-3
3119,pad,5,5,5,1,1,1,-2,-2,-3,-1,-3,6,1,-2,1,1
3120,pad,3,3,3,1,1,1,-4,-1,-1,6,-5,3,-3,-1,0,-1
3121,pad,6,6,6,1,1,1,0,0,-2,-2,1,1,4,-2,-1,-2
3122,pad,7,7,7,1,1,1,-2,0,0,0,0,-1,-4,3,-1,0
3123,pad,4,4,4,1,1,1,-3,0,-2,-4,4,-3,-3,0,-2,0
3124,pad,1,1,1,1,1,1,-2,3,-1,-2,0,-1,-2,0,-1,0
3125,pad,7,7,7,1,1,1,-3,0,0,1,-1,-1,-5,4,-1,-1
3126,pad,1,1,1,1,1,1,-2,3,0,-3,-1,-1,-2,0,0,-1
3127,pad,5,5,5,1,1,1,-1,-2,-1,0,-2,4,0,-2,1,1
3128,pad,2,2,2,1,1,1,0,1,5,0,-4,-3,-1,0,-1,-4
3129,pad,3,3,3,1,1,1,-2,-1,1,4,-4,-1,-2,-1,1,-1
3130,pad,6,6,6,1,1,1,2,-2,-3,-1,-1,2,4,-3,0,-2
3131,pad,3,3,3,1,1,1,-3,0,-1,4,-2,1,-2,-1,0,-2
3132,pad,1,1,1,1,1,1,-3,3,1,1,-2,0,-1,1,-2,-3
3133,pad,4,4,4,1,1,1,-5,0,-3,-4,4,-1,-3,-1,-1,2
3134,pad,2,2,2,1,1,1,1,0,3,0,-2,-2,-2,0,0,-2
3135,pad,6,6,6,1,1,1,-1,-1,-2,-2,0,2,5,-3,-1,-4
3136,pad,7,7,7,1,1,1,-3,1,-1,-1,1,-2,-3,2,-2,-1
3137,pad,4,4,4,1,1,1,-4,-1,-3,-4,5,-1,-2,-1,0,0
3138,pad,3,3,3,1,1,1,-2,-1,-2,4,-2,3,-1,-1,0,0
3139,pad,8,8,8,1,1,1,-1,-2,-2,0,-3,1,1,-4,5,-2
3140,pad,0,0,0,1,1,1,5,-3,-2,-2,-3,-1,1,-2,0,-1
3141,pad,6,6,6,1,1,1,0,-1,-3,-2,-1,2,5,-4,0,-3
3142,pad,2,2,2,1,1,1,-1,1,5,1,-3,-2,-2,1,-1,-5
3143,pad,1,1,1,1,1,1,-3,4,-1,-3,0,-1,-2,0,-1,0
3144,pad,6,6,6,1,1,1,0,-2,-3,-2,-1,2,6,-3,0,-3
3145,pad,5,5,5,1,1,1,-2,-1,-1,1,-1,4,-1,-1,0,1
3146,pad,3,3,3,1,1,1,-1,-1,0,2,-2,1,-1,-1,2,0
3147,pad,9,9,9,1,1,1,-1,-1,-3,0,-1,-1,-3,0,-1,4
3148,pad,1,1,1,1,1,1,-2,3,-1,-3,0,-1,-2,0,-1,0
3149,pad,9,9,9,1,1,1,-2,-1,-3,-2,1,-2,-4,0,-1,4
3150,pad,3,3,3,1,1,1,-3,-1,-2,6,-5,2,-3,-2,1,0
3151,pad,2,2,2,1,1,1,0,0,3,0,-3,-2,-1,0,0,-3
3152,pad,1,1,1,1,1,1,-3,4,-1,-3,-1,-1,-2,0,-1,0
3153,pad,8,8,8,1,1,1,-1,-1,-1,-1,-1,0,0,-1,3,0
3154,pad,4,4,4,1,1,1,-2,0,-3,-4,5,-2,0,-1,-3,-1
3155,pad,4,4,4,1,1,1,-3,0,-1,-2,3,-1,-3,0,-3,0
3156,pad,6,6,6,1,1,1,0,-1,-2,-2,-1,1,4,-3,0,-2
3157,pad,5,5,5,1,1,1,-2,0,-1,2,-2,4,-1,-1,-1,0
3158,pad,8,8,8,1,1,1,0,-1,-1,1,-2,0,-1,-2,4,-1
3159,pad,6,6,6,1,1,1,0,-1,-3,-2,-1,1,4,-3,0,-2
3160,pad,9,9,9,1,1,1,-1,-1,-2,0,0,0,-3,-1,-1,3
3161,pad,7,7,7,1,1,1,-2,0,0,0,0,-2,-4,3,-1,0
3162,pad,7,7,7,1,1,1,-1,0,1,0,-1,-1,-4,3,-1,-1
3163,pad,8,8,8,1,1,1,-2,-2,-2,1,-3,1,0,-3,4,-1
3164,pad,6,6,6,1,1,1,-1,-1,-2,-1,0,1,4,-2,-1,-2
3165,pad,9,9,9,1,1,1,-2,-3,-3,-1,0,-1,-5,-1,-2,5
3166,pad,7,7,7,1,1,1,-1,0,0,0,-1,-2,-2,2,-1,-2
3167,pad,3,3,3,1,1,1,-1,-1,0,3,-2,0,-1,-1,1,0
3168,pad,9,9,9,1,1,1,-2,-2,-3,0,-1,-1,-5,0,-2,5
3169,pad,4,4,4,1,1,1,-3,0,-1,-2,4,-2,-3,0,-2,-1
3170,pad,0,0,0,1,1,1,4,-2,-1,-1,-3,1,1,-1,-1,0
3171,pad,5,5,5,1,1,1,-2,-1,-1,1,-2,2,0,-1,1,1
3172,pad,4,4,4,1,1,1,-2,-1,0,-1,1,-1,-3,0,0,1
3173,pad,6,6,6,1,1,1,-2,0,0,-1,-1,2,3,-2,0,-3
3174,pad,4,4,4,1,1,1,-3,-1,-2,-3,5,-2,-3,0,-3,0
3175,pad,1,1,1,1,1,1,-3,4,-1,-3,0,-1,-2,0,-2,0
3176,pad,2,2,2,1,1,1,0,1,4,1,-3,-2,-2,0,-1,-3
3177,pad,3,3,3,1,1,1,-2,-1,-1,4,-3,1,-3,-1,1,0
3178,pad,0,0,0,1,1,1,4,-2,-2,-1,-2,1,1,-1,-1,0
3179,pad,0,0,0,1,1,1,5,-3,-1,-1,-2,-1,1,-1,-1,-1
3180,pad,2,2,2,1,1,1,0,0,6,0,-4,-4,-2,0,-1,-5
3181,pad,6,6,6,1,1,1,1,-2,-3,-2,-1,2,6,-3,0,-2
3182,pad,6,6,6,1,1,1,1,-2,-2,-3,0,1,6,-3,0,-3
3183,pad,5,5,5,1,1,1,-1,-2,-3,0,-2,5,0,-2,1,1
3184,pad,7,7,7,1,1,1,-2,0,0,1,0,-1,-4,3,-1,-1
3185,pad,0,0,0,1,1,1,4,-2,-1,-2,-2,-2,0,0,-1,0
3186,pad,8,8,8,1,1,1,-1,-1,-1,0,-1,0,-1,-2,3,1
3187,pad,6,6,6,1,1,1,-1,-1,-3,-2,0,1,5,-3,-1,-3
3188,pad,4,4,4,1,1,1,-2,0,0,-2,4,-2,-2,0,-3,-2
3189,pad,7,7,3,1,0,0,-1,0,0,1,-1,0,-2,1,-1,-2
3190,pad,9,9,9,1,1,1,-1,-2,-2,0,-1,-1,-4,-1,-2,4
3191,pad,0,0,0,1,1,1,4,-2,-1,-2,-2,-1,0,-1,-1,-1
3192,pad,7,7,7,1,1,1,-2,0,1,0,-1,-1,-4,4,-1,-1
3193,pad,3,3,3,1,1,1,-1,-1,0,5,-5,0,-3,-1,1,0
3194,pad,4,4,4,1,1,1,-4,0,-2,-3,4,-2,-3,0,-2,-1
3195,pad,2,2,2,1,1,1,0,1,7,0,-4,-4,-2,1,-2,-7
3196,pad,1,1,1,1,1,1,0,2,-1,-2,-1,0,-1,0,0,-1
3197,pad,8,8,8,1,1,1,-1,-2,-2,-1,-1,0,-2,-3,5,1
3198,pad,8,8,8,1,1,1,-3,-2,-2,-1,-2,1,1,-4,7,-1
3199,pad,5,5,5,1,1,1,-1,-2,-2,0,-2,6,0,-1,0,0
3200,pad,9,9,9,1,1,1,-1,-2,-2,0,-1,-1,-4,0,-1,4
3201,pad,2,2,2,1,1,1,-1,1,5,0,-2,-3,-2,-1,-1,-3
3202,pad,7,7,7,1,1,1,-3,0,0,1,-1,-1,-2,3,0,-2
3203,pad,1,1,1,1,1,1,-2,2,-1,-2,0,-1,-1,0,-1,-1
3204,pad,8,8,8,1,1,1,0,-2,-1,1,-2,-1,-1,-2,3,1
3205,pad,8,8,8,1,1,1,-1,-1,-1,0,-1,1,0,-2,4,0
3206,pad,8,8,8,1,1,1,0,-1,-1,2,-3,0,-1,-2,3,-1
3207,pad,2,2,2,1,1,1,1,0,4,-1,-3,-3,-1,0,-1,-4
3208,pad,7,7,7,1,1,1,-4,1,-1,0,0,-2,-5,3,-2,0
3209,pad,6,6,6,1,1,1,0,-2,-3,-2,0,2,4,-3,0,-2
3210,pad,0,0,0,1,1,1,4,-2,-1,-1,-2,-1,1,-2,-1,-1
3211,pad,1,1,1,1,1,1,-2,4,0,-3,-1,-1,-2,0,-1,-2
3212,pad,2,2,2,1,1,1,-2,2,5,0,-1,-2,-2,0,-2,-4
3213,pad,7,7,7,1,1,1,-1,0,0,0,0,0,-2,1,0,0
3214,pad,1,1,1,1,1,1,-2,4,-1,-3,-1,-1,-1,0,0,-2
3215,pad,0,0,0,1,1,1,6,-3,-1,-2,-3,-1,0,-1,-1,0
3216,pad,8,8,8,1,1,1,-1,-1,-1,1,-2,0,-1,-1,2,-1
3217,pad,3,3,3,1,1,1,-4,0,0,4,-2,0,-2,0,1,-3
3218,pad,6,6,6,1,1,1,0,-3,-2,-2,-2,3,4,-4,0,-1
3219,pad,0,0,0,1,1,1,4,-2,-1,-1,-1,-1,1,-1,-1,0
3220,pad,5,5,5,1,1,1,-2,-2,-4,0,-3,7,0,-3,0,1
3221,pad,3,3,3,1,1,1,-3,0,0,4,-2,-1,-3,0,0,-3
3222,pad,6,6,6,1,1,1,0,-1,0,-1,-1,0,3,-2,0,-2
3223,pad,2,2,2,1,1,1,-1,1,5,0,-2,-3,-2,0,-2,-4
3224,pad,8,8,8,1,1,1,-1,-2,-2,-1,-2,1,1,-4,5,-1
3225,pad,7,7,7,1,1,1,-1,0,-1,-1,0,-1,-2,1,0,0
3226,pad,0,0,0,1,1,1,6,-2,-1,-1,-3,0,2,-2,-1,0
3227,pad,1,1,1,1,1,1,-3,4,-1,-3,-1,0,-2,0,-1,0
3228,pad,4,4,4,1,1,1,-3,0,-1,-3,4,-1,-2,0,-3,0
3229,pad,2,2,2,1,1,1,0,1,4,0,-3,-2,-1,0,0,-4
3230,pad,1,1,1,1,1,1,-3,4,-1,-2,0,-1,-2,1,-1,-1
3231,pad,1,1,1,1,1,1,-3,4,-1,-3,0,-1,-1,0,-2,0
3232,pad,4,4,4,1,1,1,-3,0,0,-2,3,-2,-3,0,-2,1
3233,pad,4,4,4,1,1,1,-5,0,-2,-4,5,-2,-4,-1,-1,1
3234,pad,4,4,4,1,1,1,-4,0,-1,-4,5,-2,-4,0,-4,-1
3235,pad,4,4,4,1,1,1,-5,0,-2,-4,5,-2,-4,-1,-1,2
3236,pad,7,7,7,1,1,1,-1,1,1,0,-1,-1,-3,2,0,-1
3237,pad,1,1,1,1,1,1,-2,2,0,-2,0,-1,-2,0,-1,0
3238,pad,6,6,6,1,1,1,0,-1,-2,-1,-1,1,3,-2,1,-1
3239,pad,2,2,2,1,1,1,0,1,5,0,-2,-3,-1,0,-3,-5
3240,pad,9,9,9,1,1,1,-1,-1,-1,1,0,0,-2,-2,0,2
3241,pad,9,9,9,1,1,1,-1,-2,-2,0,-1,-1,-4,-1,-1,5
3242,pad,0,0,0,1,1,1,4,-3,-1,0,-2,-2,0,-1,0,1
3243,pad,0,0,0,1,1,1,4,-1,-2,-2,-2,0,1,-1,0,-1
3244,pad,1,1,1,1,1,1,-1,3,-1,-3,-1,0,-1,0,0,-1
3245,pad,8,8,8,1,1,1,-1,-1,-1,0,-2,0,0,-2,4,-1
3246,pad,8,8,8,1,1,1,0,-2,-2,1,-3,0,-1,-2,4,0
3247,pad,4,4,4,1,1,1,-3,0,-2,-3,4,-2,-3,0,-2,0
3248,pad,3,3,3,1,1,1,-2,-1,-1,5,-4,1,-2,-2,1,0
3249,pad,4,4,4,1,1,1,-5,0,-2,-4,5,-2,-4,-1,-2,0
3250,pad,2,2,2,1,1,1,0,2,4,-2,-1,-1,0,-1,-3,-4
3251,pad,0,0,0,1,1,1,3,-2,-1,-1,-2,0,1,-1,0,0
3252,pad,6,6,6,1,1,1,0,-1,-1,-2,-1,2,4,-4,0,-2
3253,pad,1,1,1,1,1,1,-2,3,-1,-3,-1,-1,-1,0,-1,-1
3254,pad,6,6,6,1,1,1,1,-2,-2,-2,-2,1,3,-3,1,0
3255,pad,1,1,1,1,1,1,-1,3,0,-2,-1,-1,-1,0,-1,-2
3256,pad,2,2,2,1,1,1,0,1,5,0,-4,-3,-2,1,-2,-5
3257,pad,2,2,2,1,1,1,-1,0,5,1,-3,-3,-2,1,-1,-4
3258,pad,2,2,2,1,1,1,0,1,7,1,-4,-4,-2,1,-2,-6
3259,pad,1,1,1,1,1,1,-2,2,0,-2,-1,-1,-1,0,0,-1
3260,pad,2,2,2,1,1,1,0,0,3,0,-2,-2,-1,0,0,-2
3261,pad,3,3,3,1,1,1,-1,-1,-1,4,-3,1,-3,-1,0,0
3262,pad,7,7,7,1,1,1,-3,1,0,-1,0,-1,-3,2,-2,-1
3263,pad,8,8,8,1,1,1,-1,-2,0,0,-1,-1,-1,-1,3,1
3264,pad,1,1,1,1,1,1,-2,4,-1,-2,-1,-1,-2,0,-1,-1
3265,pad,0,0,0,1,1,1,7,-3,-1,-2,-4,0,0,-1,0,-1
3266,pad,0,6,6,0,0,1,2,-2,-2,-1,-1,1,4,-2,0,-3
3267,pad,2,2,2,1,1,1,-2,1,5,1,-3,-3,-2,1,-1,-5
3268,pad,1,1,1,1,1,1,-3,4,-1,-3,-1,-1,-1,-1,-1,-1
3269,pad,6,6,6,1,1,1,0,-1,-3,-2,0,2,4,-2,0,-2
3270,pad,6,6,6,1,1,1,-2,-1,-3,-2,0,1,6,-3,0,-4
3271,pad,0,0,0,1,1,1,5,-3,-1,-2,-3,-2,0,-1,-1,0
3272,pad,1,1,1,1,1,1,-1,3,-2,-3,-1,0,0,-1,1,-2
3273,pad,6,6,6,1,1,1,1,-2,-3,-2,-1,2,5,-4,1,-1
3274,pad,2,2,2,1,1,1,0,0,5,0,-2,-3,-1,0,-1,-5
3275,pad,5,5,5,1,1,1,-2,-1,-2,2,-2,4,-1,-1,0,1
3276,pad,1,1,1,1,1,1,-3,4,-1,-3,0,-1,-2,1,-1,-1
3277,pad,7,7,7,1,1,1,-3,0,-1,-1,0,-1,-4,3,-1,-1
3278,pad,4,4,4,1,1,1,-3,-1,-1,-3,4,-2,-3,0,-3,0
3279,pad,8,8,8,1,1,1,-1,-3,-2,1,-3,1,-1,-3,5,-1
3280,pad,2,2,2,1,1,1,0,1,4,0,-2,-2,-2,1,-1,-3
3281,pad,1,1,1,1,1,1,-2,4,-2,-2,-1,0,-2,0,-1,0
3282,pad,4,4,4,1,1,1,-3,-1,-1,-3,4,-2,-3,0,-2,1
3283,pad,3,3,3,1,1,1,-3,-1,-1,5,-3,1,-2,-1,1,-1
3284,pad,8,8,8,1,1,1,-1,-2,-1,0,-1,-1,-2,-1,3,0
3285,pad,3,3,3,1,1,1,-1,-1,0,3,-3,0,-2,-1,1,-1
3286,pad,9,9,9,1,1,1,-2,-2,-3,0,0,-1,-5,0,-2,4
3287,pad,9,9,9,1,1,1,-1,-2,-2,-1,0,-1,-3,0,-1,4
3288,pad,4,4,4,1,1,1,-2,-1,0,-2,3,-2,-3,-1,-2,1
3289,pad,8,8,8,1,1,1,-1,-1,-1,1,-1,0,-2,-1,3,0
3290,pad,3,3,3,1,1,1,-3,0,1,5,-4,0,-3,0,1,-2
3291,pad,4,4,4,1,1,1,-3,0,-1,-3,4,-2,-3,0,-3,1
3292,pad,7,7,7,1,1,1,-2,0,-1,-1,-1,-1,-5,4,-1,0
3293,pad,2,2,2,1,1,1,-1,1,7,0,-4,-4,-2,0,-2,-6
3294,pad,7,7,7,1,1,1,-3,0,1,0,0,-2,-3,4,-1,-2
3295,pad,5,5,5,1,1,1,-2,-1,-2,-1,-2,5,0,-1,0,1
3296,pad,7,7,7,1,1,1,-1,-1,1,1,-1,-1,-3,2,-1,-1
3297,pad,0,0,0,1,1,1,3,-3,-1,-2,-1,-2,0,-1,1,0
3298,pad,4,4,4,1,1,1,-3,0,-1,-4,4,-3,-3,-1,-3,-1
3299,pad,3,3,3,1,1,1,-2,-1,-1,4,-3,1,-2,-1,0,0
3300,pad,3,3,3,1,1,1,-2,0,1,3,-2,1,-1,0,-1,-3
3301,pad,2,2,2,1,1,1,0,1,6,0,-3,-4,-2,0,-1,-5
3302,pad,6,6,5,1,0,0,-1,-1,-1,0,0,1,0,-1,0,1
3303,pad,7,7,7,1,1,1,-1,0,0,0,-1,-1,-4,3,-1,-1
3304,pad,6,6,6,1,1,1,0,-1,-1,-1,-1,1,4,-3,-1,-3
3305,pad,0,0,0,1,1,1,2,-1,-1,-1,-1,0,2,-1,0,-1
3306,pad,0,0,0,1,1,1,5,-2,-1,-1,-2,-1,0,-1,-1,0
3307,pad,6,6,6,1,1,1,0,-2,-4,-3,0,1,7,-3,-1,-3
3308,pad,7,7,7,1,1,1,-3,-1,0,0,0,-1,-4,3,0,0
3309,pad,7,7,7,1,1,1,-2,0,-1,0,0,-1,-4,3,-1,0
3310,pad,0,0,0,1,1,1,5,-2,0,-1,-3,-1,0,-1,-1,0
3311,pad,5,5,5,1,1,1,-1,-1,-2,-1,-1,5,1,-2,1,0
3312,pad,5,5,5,1,1,1,-2,0,-2,1,-2,4,-1,-1,-1,1
3313,pad,8,8,8,1,1,1,-1,-2,-3,0,-2,0,-1,-3,4,1
3314,pad,1,1,1,1,1,1,-3,4,0,-2,0,-1,-2,1,-2,-1
3315,pad,0,0,0,1,1,1,6,-2,-1,-2,-4,1,1,-1,0,-2
3316,pad,7,7,7,1,1,1,-2,0,0,-1,0,-1,-1,1,1,-1
3317,pad,0,0,0,1,1,1,4,-2,-3,-1,-2,1,2,-2,-1,0
3318,pad,2,2,2,1,1,1,0,1,4,0,-2,-2,-1,0,-2,-4
3319,pad,8,8,8,1,1,1,0,-1,-1,0,-1,0,-1,-1,3,0
3320,pad,1,1,1,1,1,1,-2,3,-1,-2,-1,-1,-2,0,-1,0
3321,pad,5,5,5,1,1,1,-1,-2,-2,-1,-3,6,1,-3,3,0
3322,pad,0,0,0,1,1,1,4,-2,-1,-1,-3,0,0,-1,0,-1
3323,pad,8,8,8,1,1,1,-1,-2,-1,0,-3,0,-1,-3,5,0
3324,pad,8,8,8,1,1,1,-1,-1,-2,0,-1,1,0,-2,3,-1
3325,pad,0,0,0,1,1,1,5,-3,-1,-2,-3,-1,-1,0,1,-1
3326,pad,3,3,3,1,1,1,-2,-1,-1,4,-3,2,-1,-1,0,-1
3327,pad,2,2,2,1,1,1,0,1,6,0,-4,-5,-2,1,-2,-6
3328,pad,7,7,7,1,1,1,-2,0,1,0,-1,-1,-3,3,-1,-1
3329,pad,7,7,2,1,0,0,-2,0,3,1,-2,-2,-2,2,-1,-3
3330,pad,2,2,0,1,0,0,2,-1,2,1,-4,-1,-1,-1,1,-1
3331,pad,6,6,6,1,1,1,0,-2,-3,-3,-1,2,5,-4,2,-1
3332,pad,4,4,4,1,1,1,-2,-1,-1,-1,3,-1,-2,0,-1,-1
3333,pad,7,7,7,1,1,1,-2,0,0,0,0,-1,-4,2,-1,0
3334,pad,5,5,5,1,1,1,-1,-1,-1,1,-1,3,-1,-1,0,1
3335,pad,5,5,5,1,1,1,-1,-1,-1,0,-2,3,0,-1,0,1
3336,pad,5,5,5,1,1,1,-2,0,-2,1,-1,3,-2,0,0,0
3337,pad,2,2,2,1,1,1,-2,0,4,1,-2,-3,-2,1,-1,-4
3338,pad,9,9,9,1,1,1,-2,-1,-2,-1,0,-2,-4,-1,1,4
3339,pad,2,2,2,1,1,1,1,0,3,0,-2,-2,-1,0,-1,-2
3340,pad,8,8,8,1,1,1,-1,-2,-2,-1,-3,1,0,-3,6,-1
3341,pad,4,4,4,1,1,1,-2,0,-1,-3,3,-2,-2,-2,0,0
3342,pad,6,6,6,1,1,1,0,-3,-4,-2,-1,3,4,-4,1,0
3343,pad,8,8,8,1,1,1,-1,-2,-1,1,-3,0,0,-3,4,-1
3344,pad,6,6,6,1,1,1,0,-1,-2,-2,-1,1,2,-3,2,-1
3345,pad,5,5,5,1,1,1,-3,0,-2,1,-2,5,-1,-1,0,0
3346,pad,0,0,0,1,1,1,5,-2,0,-2,-4,0,0,0,0,-2
3347,pad,0,0,0,1,1,1,3,-1,0,-1,-3,1,2,-1,1,0
3348,pad,8,8,8,1,1,1,-2,-3,-1,0,-2,0,-1,-3,6,0
3349,pad,7,7,7,1,1,1,-2,0,1,1,-1,-2,-3,3,-1,-2
3350,pad,6,6,6,1,1,1,-1,-1,-2,-1,0,1,4,-2,0,-2
3351,pad,1,1,1,1,1,1,-2,3,-1,-2,-1,0,-1,0,0,-2
3352,pad,7,7,7,1,1,1,-5,1,0,0,0,-2,-4,4,-2,-3
3353,pad,1,1,1,1,1,1,-3,4,-1,-4,0,-2,-2,0,-2,0
3354,pad,1,1,1,1,1,1,-3,4,-1,-2,-1,-1,-2,1,-2,-1
3355,pad,2,2,2,1,1,1,-2,2,7,-1,-3,-3,-2,1,-3,-6
3356,pad,7,7,7,1,1,1,-3,0,0,1,0,-1,-4,4,-1,-1
3357,pad,4,4,4,1,1,1,-3,-1,-1,-4,5,-3,-4,0,-4,0
3358,pad,0,0,0,1,1,1,3,-2,-1,-1,-2,0,0,0,1,-1
3359,pad,0,0,0,1,1,1,4,-2,-1,-1,-2,1,2,-2,0,-1
3360,pad,7,7,7,1,1,1,-2,0,0,0,0,-1,-4,3,-1,0
3361,pad,7,7,7,1,1,1,-1,-1,0,0,-1,-1,-4,3,0,0
3362,pad,6,6,6,1,1,1,0,-1,-3,-2,0,1,4,-3,-1,-1
3363,pad,3,3,3,1,1,1,-2,-2,-2,4,-3,2,-2,-2,1,0
3364,pad,8,8,8,1,1,1,-2,-2,-2,-1,-2,1,0,-4,6,-1
3365,pad,6,6,6,1,1,1,0,0,-1,-1,-1,1,3,-2,0,-1
3366,pad,4,4,4,1,1,1,-4,0,-1,-4,4,-2,-3,-1,-2,0
3367,pad,2,2,2,1,1,1,1,0,4,1,-4,-2,0,-1,0,-4
3368,pad,0,0,0,1,1,1,5,-2,-1,-1,-2,0,1,-1,-1,-1
3369,pad,9,9,9,1,1,1,-1,0,-2,-1,0,-1,-2,-1,1,2
3370,pad,4,4,4,1,1,1,-3,0,-1,-3,4,-2,-4,0,-3,0
3371,pad,0,0,0,1,1,1,5,-3,-1,-2,-2,-2,0,-1,-1,0
3372,pad,5,5,5,1,1,1,-3,-2,-3,1,-2,6,-1,-2,0,1
3373,pad,7,7,7,1,1,1,0,-2,-1,0,0,0,-2,2,-1,1
3374,pad,8,8,8,1,1,1,0,-2,-1,1,-3,0,-2,-2,4,0
3375,pad,2,2,2,1,1,1,-1,1,4,1,-2,-2,-1,0,-2,-4
3376,pad,7,7,7,1,1,1,-1,1,0,-1,-1,0,-2,2,-1,-1
3377,pad,4,4,4,1,1,1,-2,-1,-1,-3,3,-1,-2,-1,-3,0
3378,pad,7,7,7,1,1,1,-2,0,-1,0,0,-1,-3,3,-1,0
3379,pad,1,1,1,1,1,1,-3,4,-1,-3,0,-2,-2,0,-1,0
3380,pad,1,1,1,1,1,1,-2,3,-1,-3,0,-1,-2,0,-1,0
3381,pad,3,3,3,1,1,1,-1,-1,1,3,-3,-2,-3,0,2,-2
3382,pad,6,6,6,1,1,1,0,-1,-2,-3,-2,2,5,-5,0,-2
3383,pad,6,6,6,1,1,1,-1,-1,-2,-2,-1,2,5,-3,1,-4
3384,pad,2,2,2,1,1,1,1,0,2,-1,-1,-1,1,-1,-1,-3
3385,pad,9,9,9,1,1,1,-1,-1,-1,0,0,-1,-3,0,0,3
3386,pad,1,1,1,1,1,1,-2,3,0,-2,-1,-1,-1,0,0,-2
3387,pad,9,9,9,1,1,1,-2,-1,-3,-1,0,-2,-5,0,-1,4
3388,pad,4,4,4,1,1,1,-2,0,-1,-2,3,-3,-2,0,-1,0
3389,pad,8,8,8,1,1,1,0,-2,-1,2,-5,0,-3,-3,5,-1
3390,pad,3,3,3,1,1,1,-3,-2,-2,5,-3,2,-2,-1,0,0
3391,pad,6,6,6,1,1,1,1,-2,-3,-2,-1,1,3,-3,0,1
3392,pad,9,9,9,1,1,1,-3,-1,-3,-2,1,0,-3,-1,-2,4
3393,pad,5,5,5,1,1,1,-3,-1,-3,0,-2,6,0,-1,0,0
3394,pad,9,9,9,1,1,1,-1,-1,-1,0,0,-1,-3,1,-1,3
3395,pad,6,6,6,1,1,1,-1,-1,-3,-2,0,2,4,-2,0,-2
3396,pad,2,2,2,1,1,1,-2,0,6,1,-3,-3,-3,-1,1,-4
3397,pad,4,4,4,1,1,1,-4,-1,-2,-4,7,-3,-4,0,-5,-1
3398,pad,6,6,6,1,1,1,0,-1,-1,-1,-2,2,4,-4,1,-3
3399,pad,7,7,7,1,1,1,-1,-1,-2,-1,0,0,-4,4,-1,-1
3400,pad,7,7,7,1,1,1,-3,0,0,0,0,-2,-4,4,-1,-1
3401,pad,0,0,0,1,1,1,4,-3,-2,0,-2,-1,0,-1,0,0
3402,pad,6,6,6,1,1,1,-1,-1,-3,-2,0,2,4,-2,0,-2
3403,pad,6,6,6,1,1,1,-1,0,-2,-3,2,0,4,-3,-2,-3
3404,pad,9,9,9,1,1,1,0,-2,-3,0,0,-1,-3,0,0,4
3405,pad,4,4,4,1,1,1,-3,-1,-3,-3,3,-2,-2,-1,-1,1
3406,pad,8,8,8,1,1,1,-1,-2,-1,1,-2,-1,-2,-1,4,0
3407,pad,3,3,3,1,1,1,-3,0,-1,4,-3,1,-3,-1,0,-1
3408,pad,5,5,5,1,1,1,-3,-1,-3,1,-3,6,0,-2,0,1
3409,pad,3,3,3,1,1,1,-3,-1,-1,6,-5,2,-3,-2,1,0
3410,pad,4,4,4,1,1,1,-3,-1,-2,-3,4,-2,-3,0,-3,2
3411,pad,9,9,9,1,1,1,-2,-2,-3,-1,1,-2,-4,0,0,3
3412,pad,0,0,0,1,1,1,2,-2,-1,-1,-1,-1,-1,0,0,1
3413,pad,0,0,0,1,1,1,5,-2,-1,-2,-2,-1,1,-1,-1,-2
3414,pad,5,5,5,1,1,1,-2,-1,-2,1,-3,4,0,-2,2,0
3415,pad,2,2,2,1,1,1,1,-1,3,0,-4,-2,-1,-1,1,-2
3416,pad,5,5,5,1,1,1,-1,-1,-1,0,-2,4,0,-1,0,0
3417,pad,0,0,0,1,1,1,4,-2,-1,-1,-3,0,-1,0,0,0
3418,pad,7,7,7,1,1,1,-2,1,0,0,-1,-1,-2,2,-1,-1
3419,pad,1,1,1,1,1,1,-3,4,-1,-2,-1,0,-2,0,-1,0
3420,pad,1,1,1,1,1,1,-2,3,0,-2,-1,0,-1,0,0,-2
3421,pad,1,1,1,1,1,1,-2,3,0,-3,-1,0,-1,0,-1,-1
3422,pad,6,0,0,0,0,1,4,-3,-3,0,0,1,3,-2,0,-1
3423,pad,7,7,7,1,1,1,-1,0,0,0,-1,-1,-4,3,-1,-1
3424,pad,6,6,6,1,1,1,0,-1,-3,-2,-1,2,5,-4,0,-3
3425,pad,7,7,2,1,0,0,0,0,2,0,-2,-1,-2,2,0,-1
3426,pad,9,9,9,1,1,1,-2,-1,-2,-1,0,-1,-4,-1,-1,3
3427,pad,6,6,6,1,1,1,0,-1,-1,-1,-2,1,4,-3,0,-2
3428,pad,6,6,6,1,1,1,0,-1,-1,-2,-1,1,3,-3,0,-2
3429,pad,4,4,4,1,1,1,-3,-1,-2,-2,3,-2,-3,0,0,1
3430,pad,1,1,1,1,1,1,-2,3,-1,-2,0,-1,-1,0,-1,-1
3431,pad,4,4,4,1,1,1,-6,-1,-3,-3,5,-2,-2,-1,-1,-3
3432,pad,3,3,3,1,1,1,-1,-1,-1,4,-2,1,-1,-1,0,0
3433,pad,1,1,1,1,1,1,-2,4,-1,-3,-1,-1,-2,1,-1,-2
3434,pad,1,1,1,1,1,1,-2,3,-2,-3,-1,0,0,-1,-1,0
3435,pad,2,2,2,1,1,1,0,0,5,0,-3,-2,-1,0,-1,-4
3436,pad,2,2,2,1,1,1,0,1,3,0,-2,-2,-1,1,-1,-3
3437,pad,4,4,4,1,1,1,-3,0,-2,-3,2,-2,-3,-1,0,2
3438,pad,1,1,1,1,1,1,-2,3,0,-2,-1,-1,-2,0,-1,-1
3439,pad,0,0,0,1,1,1,5,-2,-1,-1,-2,0,0,0,0,-1
3440,pad,8,8,8,1,1,1,-2,-2,-2,0,-2,1,0,-3,5,-1
3441,pad,7,7,2,1,0,0,-1,0,1,1,-2,0,-3,1,1,-1
3442,pad,6,6,6,1,1,1,0,-2,-3,-2,-1,2,4,-3,0,-1
3443,pad,3,3,3,1,1,1,-5,0,0,4,-3,1,-1,0,-1,-3
3444,pad,4,4,4,1,1,1,-3,-1,-3,-4,5,-2,-3,-1,-2,0
3445,pad,0,0,0,1,1,1,5,-3,-1,-1,-3,0,1,-2,-1,-1
3446,pad,0,0,0,1,1,1,4,-2,0,-1,-2,-1,0,-1,0,0
3447,pad,6,6,6,1,1,1,1,-2,-3,-3,0,0,5,-3,0,-2
3448,pad,3,3,3,1,1,1,-1,1,1,2,-2,-1,-2,0,-1,-1
3449,pad,3,3,3,1,1,1,-3,-1,-1,5,-4,1,-2,0,0,-2
3450,pad,0,0,0,1,1,1,3,-2,-1,-2,-1,-1,1,-2,1,-1
3451,pad,7,7,7,1,1,1,0,-1,0,0,-1,0,-2,1,1,-1
3452,pad,1,1,1,1,1,1,-1,3,-2,-4,-1,-1,-1,-1,1,-1
3453,pad,7,7,7,1,1,1,-1,1,0,0,-1,-1,-3,2,-1,-1
3454,pad,1,1,1,1,1,1,-3,4,-1,-3,0,-1,-2,0,-1,-1
3455,pad,1,1,1,1,1,1,-3,4,-1,-2,-1,-1,-2,1,-1,-1
3456,pad,3,3,3,1,1,1,-2,-1,-1,4,-3,1,-1,-1,1,-1
3457,pad,1,1,1,1,1,1,-2,2,-1,-3,1,0,0,-1,-1,0
3458,pad,0,0,0,1,1,1,3,-2,-1,-1,-1,0,1,-1,-1,-1
3459,pad,9,9,9,1,1,1,-1,-2,-2,0,0,-1,-4,1,-1,4
3460,pad,9,9,9,1,1,1,0,-1,-2,0,0,-1,-2,-1,0,2
3461,pad,7,7,7,1,1,1,-2,0,-1,0,-1,0,-4,2,-1,-1
3462,pad,5,5,5,1,1,1,-1,-1,-1,1,-3,5,0,-1,0,0
3463,pad,4,4,4,1,1,1,-5,-1,-3,-4,6,-3,-4,-1,-2,-1
3464,pad,1,1,1,1,1,1,-3,4,-1,-3,0,-1,-2,-1,-1,0
3465,pad,4,4,4,1,1,1,-5,-1,-2,-4,5,-1,-5,0,-2,1
3466,pad,8,8,8,1,1,1,-1,-1,-1,-1,-1,1,1,-2,3,0
3467,pad,9,9,9,1,1,1,-2,-2,-3,-1,1,-2,-5,-1,-1,4
3468,pad,5,5,5,1,1,1,-3,-1,-2,-1,-1,5,0,-1,0,2
3469,pad,3,3,3,1,1,1,-2,-1,2,4,-4,-2,-2,0,1,-3
3470,pad,5,5,5,1,1,1,-2,-2,-3,0,-2,6,0,-2,1,1
3471,pad,1,1,1,1,1,1,0,3,0,-2,-2,-1,-1,0,0,-3
3472,pad,9,9,9,1,1,1,-1,-2,-3,0,0,-1,-4,0,-1,5
3473,pad,8,8,8,1,1,1,-1,-2,-1,1,-3,1,0,-4,5,0
3474,pad,2,2,2,1,1,1,0,1,2,0,-1,-2,-1,0,-1,-1
3475,pad,3,3,3,1,1,1,0,-1,-1,2,-3,-1,-4,0,1,0
3476,pad,3,3,3,1,1,1,-2,-1,-1,3,-3,1,-2,-1,1,-1
3477,pad,9,9,9,1,1,1,-2,-2,-4,-2,1,-2,-5,0,-2,4
3478,pad,9,9,9,1,1,1,-1,-2,-1,0,-1,0,-3,0,-2,4
3479,pad,0,0,0,1,1,1,5,-3,0,-1,-3,0,0,-1,-1,0
3480,pad,1,1,1,1,1,1,-2,4,-1,-3,-1,-1,-2,0,-2,-2
3481,pad,0,0,0,1,1,1,6,-2,-1,-1,-2,-1,1,-2,-2,-1
3482,pad,2,2,2,1,1,1,-1,1,4,0,-2,-3,-1,0,-1,-4
3483,pad,9,9,9,1,1,1,-1,-2,-2,0,0,-1,-4,1,-1,4
3484,pad,3,3,3,1,1,1,-3,-1,0,5,-4,1,-2,-1,1,-2
3485,pad,9,9,9,1,1,1,-2,-1,-2,-1,1,-1,-4,0,-1,4
3486,pad,3,3,3,1,1,1,-2,-1,-1,6,-4,2,-3,-1,0,0
3487,pad,3,3,3,1,1,1,-2,-2,-1,5,-4,1,-3,-1,0,0
3488,pad,6,6,6,1,1,1,1,-1,-2,-3,-1,2,5,-4,-1,-2
3489,pad,2,2,2,1,1,1,-1,1,5,1,-2,-2,0,-1,-1,-5
3490,pad,4,9,9,0,0,1,-4,0,-2,-3,2,-1,-3,-2,1,3
3491,pad,9,9,9,1,1,1,-1,-1,-2,-1,1,-1,-3,0,-1,3
3492,pad,8,8,8,1,1,1,1,-1,-1,0,-3,0,0,-2,3,0
3493,pad,3,3,3,1,1,1,-4,-1,-2,6,-4,2,-2,-1,0,-2
3494,pad,7,7,7,1,1,1,-2,0,0,0,-1,-2,-4,2,-1,0
3495,pad,4,4,4,1,1,1,-3,0,-2,-3,4,-2,-3,-1,-2,0
3496,pad,0,0,0,1,1,1,4,-1,0,-1,-2,0,0,-1,0,-1
3497,pad,4,4,4,1,1,1,-2,0,0,-2,3,-2,-3,0,-3,0
3498,pad,7,7,7,1,1,1,0,0,0,0,-1,0,-2,1,0,0
3499,pad,8,8,8,1,1,1,0,-1,-1,0,-3,0,-1,-3,5,0
3500,pad,4,4,4,1,1,1,-4,-1,-1,-4,5,-2,-4,-1,-2,1
3501,pad,9,9,9,1,1,1,-2,-2,-2,-1,0,-1,-4,0,-2,4
3502,pad,8,8,8,1,1,1,-2,-1,-2,0,-1,0,0,-2,4,-1
3503,pad,9,1,1,0,0,1,-3,2,-2,-2,0,-1,-2,-1,0,2
3504,pad,9,9,9,1,1,1,0,-2,-2,1,-1,0,-3,-1,0,3
3505,pad,7,7,7,1,1,1,-1,0,1,0,0,-1,-2,2,0,-1
3506,pad,5,5,5,1,1,1,-3,-1,-3,0,-1,5,0,-1,0,0
3507,pad,9,9,9,1,1,1,-1,-3,-3,0,-1,-1,-4,0,0,4
3508,pad,2,2,2,1,1,1,-1,1,4,1,-2,-2,-2,0,-1,-4
3509,pad,8,8,8,1,1,1,0,-2,-1,0,-2,0,0,-2,4,0
3510,pad,2,2,2,1,1,1,0,1,5,0,-3,-4,-2,0,-1,-4
3511,pad,2,2,2,1,1,1,0,0,3,0,-2,-2,-2,1,0,-2
3512,pad,0,0,0,1,1,1,5,-3,-1,-2,-3,-2,-1,0,0,-1
3513,pad,2,2,2,1,1,1,-1,1,4,1,-2,-3,-2,0,-1,-4
3514,pad,2,2,2,1,1,1,1,0,3,0,-4,-2,-1,0,0,-4
3515,pad,3,3,3,1,1,1,-2,-1,-1,5,-3,0,-3,0,0,0
3516,pad,8,8,8,1,1,1,0,-1,-1,1,-2,0,-1,-1,3,0
3517,pad,4,4,4,1,1,1,-5,-2,-1,-4,6,-2,-4,-1,-2,0
3518,pad,6,6,6,1,1,1,0,-1,-2,-2,-2,2,3,-3,1,-1
3519,pad,8,8,8,1,1,1,-1,-1,-1,-1,-1,1,1,-2,3,-1
3520,pad,6,4,2,0,0,0,-2,0,1,-2,1,-1,-1,-1,-1,-2
3521,pad,8,8,8,1,1,1,-2,-2,-2,-1,-1,1,1,-3,5,-1
3522,pad,2,2,2,1,1,1,-2,1,5,0,-2,-3,-1,1,-1,-5
3523,pad,4,4,4,1,1,1,-3,-1,-1,-3,4,-1,-3,0,-3,1
3524,pad,6,6,6,1,1,1,-1,-1,-3,-2,0,0,4,-3,1,-2
3525,pad,7,7,3,1,0,0,-1,0,0,1,-2,0,-2,1,1,-1
3526,pad,9,9,9,1,1,1,-1,-2,-3,-1,0,-1,-4,0,-2,4
3527,pad,3,3,3,1,1,1,-3,-1,-1,4,-2,1,-2,-1,0,-1
3528,pad,3,3,3,1,1,1,-2,-1,-1,5,-4,0,-2,-1,1,-1
3529,pad,9,9,9,1,1,1,0,-1,-2,0,0,0,-2,-1,0,2
3530,pad,4,4,4,1,1,1,-3,0,-1,-4,4,-1,-2,-1,-2,0
3531,pad,3,3,3,1,1,1,-3,-1,-1,5,-4,2,-2,-1,1,0
3532,pad,1,1,1,1,1,1,-3,3,-1,-3,0,0,-2,1,-2,0
3533,pad,4,4,4,1,1,1,-2,0,-1,-2,2,-1,-2,0,-3,1
3534,pad,4,4,4,1,1,1,-3,0,-1,-1,2,-2,-2,0,1,0
3535,pad,7,7,7,1,1,1,-1,0,0,-1,0,-1,-4,4,-2,-1
3536,pad,0,0,0,1,1,1,3,-1,-2,0,0,0,1,-2,0,0
3537,pad,5,5,5,1,1,1,-2,-1,-2,0,-2,6,0,-2,1,1
3538,pad,9,9,9,1,1,1,-3,-1,-3,-2,1,-2,-4,-2,-1,5
3539,pad,6,6,6,1,1,1,0,-1,-3,-2,-1,0,5,-3,0,-1
3540,pad,0,0,0,1,1,1,4,-2,-1,-1,-2,0,1,-1,0,0
3541,pad,4,4,4,1,1,1,-2,-1,-1,-2,3,-2,-2,0,-2,0
3542,pad,4,4,4,1,1,1,-3,0,1,-3,3,-2,-3,-2,-1,-1
3543,pad,4,4,4,1,1,1,-3,1,0,-2,3,-2,-2,0,-3,0
3544,pad,4,4,4,1,1,1,-2,-1,-2,-2,3,-2,-2,1,-1,0
3545,pad,6,6,6,1,1,1,0,-1,-4,-3,-1,2,6,-4,-1,-3
3546,pad,1,1,1,1,1,1,-2,3,0,-2,0,-1,-2,1,-1,-1
3547,pad,2,2,2,1,1,1,0,0,4,1,-2,-2,-2,0,-1,-3
3548,pad,3,3,3,1,1,1,-2,-2,-1,6,-5,2,-3,-2,1,0
3549,pad,3,3,3,1,1,1,-1,-1,0,3,-3,0,-1,0,0,-2
3550,pad,6,6,6,1,1,1,1,-2,-4,-1,-1,2,3,-3,0,-1
3551,pad,4,4,4,1,1,1,-3,0,-1,-3,3,-2,-3,-1,-2,0
3552,pad,5,5,5,1,1,1,-2,0,-1,0,-1,3,0,0,0,-1
3553,pad,9,9,9,1,1,1,-1,-1,-2,0,0,-1,-3,-1,0,3
3554,pad,6,6,6,1,1,1,-1,-1,-2,-2,0,1,5,-4,-1,-3
3555,pad,8,8,8,1,1,1,-2,-2,-1,1,-3,1,0,-3,4,-1
3556,pad,5,5,5,1,1,1,-2,-1,-1,0,-1,3,0,-1,1,0
3557,pad,6,6,6,1,1,1,-1,0,-1,-2,-1,1,3,-3,0,-2
3558,pad,5,5,3,1,0,0,0,-1,-1,2,-1,2,0,-1,0,-1
3559,pad,8,8,8,1,1,1,0,-1,-1,0,0,1,1,-1,2,-1
3560,pad,6,6,6,1,1,1,0,-1,-3,-2,0,2,6,-3,-1,-3
3561,pad,4,4,4,1,1,1,-3,0,-1,-2,3,-1,-2,0,-1,0
3562,pad,1,1,1,1,1,1,-2,4,-2,-3,-1,0,-1,0,-1,-1
3563,pad,8,8,8,1,1,1,-2,-1,-2,0,-1,2,0,-2,3,-1
3564,pad,6,6,6,1,1,1,0,-1,0,-1,-1,1,3,-2,0,-3
3565,pad,5,5,5,1,1,1,-2,0,-2,0,-2,3,0,-1,1,0
3566,pad,2,2,2,1,1,1,0,1,6,0,-3,-4,-2,1,-2,-5
3567,pad,8,8,8,1,1,1,-1,0,-1,-1,-1,1,1,-1,2,-1
3568,pad,4,4,4,1,1,1,-2,0,-1,-3,4,-1,-2,0,-3,0
3569,pad,5,5,5,1,1,1,-2,-1,-3,0,-3,7,-1,-1,0,1
3570,pad,5,5,5,1,1,1,-2,-1,-2,1,-2,5,0,-1,1,0
3571,pad,4,4,4,1,1,1,-1,-1,-1,0,1,0,-1,-1,-1,1
3572,pad,7,7,7,1,1,1,-2,0,0,0,0,-1,-4,3,-1,0
3573,pad,7,7,7,1,1,1,-4,1,2,1,-1,-2,-3,3,-1,-3
3574,pad,0,0,0,1,1,1,3,-1,-1,-1,-2,1,0,0,0,-1
3575,pad,7,7,7,1,1,1,-4,1,0,-2,0,-1,-2,2,-1,-1
3576,pad,8,8,8,1,1,1,-1,-2,-1,0,-2,0,-1,-2,5,0
3577,pad,2,2,2,1,1,1,0,0,4,1,-3,-2,-1,0,-1,-3
3578,pad,2,2,2,1,1,1,0,1,3,0,-3,-1,0,0,-1,-4
3579,pad,3,3,3,1,1,1,-3,-1,-1,5,-4,1,-3,-1,0,0
3580,pad,7,7,7,1,1,1,-2,2,-1,-2,-2,-1,-4,3,-1,0
3581,pad,0,0,0,1,1,1,5,-3,-1,-2,-2,-2,0,-1,-1,0
3582,pad,1,1,1,1,1,1,-2,4,-1,-2,0,0,-1,-1,-1,0
3583,pad,8,8,8,1,1,1,-1,-1,-1,1,-1,0,-1,-2,3,1
3584,pad,0,0,0,1,1,1,5,-3,-1,-1,-2,0,2,-2,-1,-1
3585,pad,7,7,7,1,1,1,-2,0,1,1,-1,-1,-5,4,-1,-1
3586,pad,1,1,1,1,1,1,-4,5,-1,-3,-1,-1,-2,0,-1,-1
3587,pad,9,9,9,1,1,1,-2,-1,-2,-1,0,-2,-5,1,-2,3
3588,pad,8,8,8,1,1,1,-1,-3,-2,1,-3,0,-1,-3,5,0
3589,pad,7,7,7,1,1,1,-1,0,1,1,-1,-1,-3,2,-1,0
3590,pad,5,5,5,1,1,1,-2,-2,-3,1,-2,6,-1,-2,0,1
3591,pad,5,5,5,1,1,1,-2,-1,-2,-1,-2,4,1,-1,1,0
3592,pad,9,9,9,1,1,1,-1,-1,-1,-1,1,0,-3,0,0,2
3593,pad,1,1,1,1,1,1,-3,5,-2,-4,-2,0,-1,0,-1,-2
3594,pad,7,7,7,1,1,1,-3,0,0,-1,1,-2,-5,4,-1,0
3595,pad,5,5,5,1,1,1,-1,-1,-2,1,-2,5,0,-2,0,0
3596,pad,4,4,4,1,1,1,-3,-1,-1,-2,3,-1,-4,0,-2,2
3597,pad,9,9,9,1,1,1,-2,0,-1,1,0,1,-2,-1,0,2
3598,pad,1,1,1,1,1,1,-4,3,-2,-2,0,0,-2,-1,0,1
3599,pad,2,2,2,1,1,1,0,1,2,0,-2,-1,-1,0,0,-3
3600,pad,2,2,2,1,1,1,-2,2,3,0,-3,-2,-2,2,-1,-4
3601,pad,1,1,1,1,1,1,-3,3,-2,-3,0,0,-1,-1,-2,0
3602,pad,6,6,6,1,1,1,-1,-1,-1,-3,-1,1,6,-3,-1,-4
3603,pad,6,6,6,1,1,1,-1,-2,-3,-3,-1,2,7,-3,0,-3
3604,pad,7,7,7,1,1,1,-2,0,0,-1,0,-1,-2,3,-1,-3
3605,pad,1,1,1,1,1,1,-2,4,-1,-3,-2,0,0,-1,0,-2
3606,pad,1,1,1,1,1,1,-3,3,-1,-2,-1,0,-2,0,-1,0
3607,pad,4,4,4,1,1,1,-2,-1,-1,-2,3,-2,-3,0,-1,1
3608,pad,0,0,0,1,1,1,5,-4,-2,-1,-2,-1,0,-1,0,0
3609,pad,7,7,7,1,1,1,-1,-1,0,0,0,-1,-4,3,0,0
3610,pad,4,4,4,1,1,1,-3,0,-1,-3,4,-2,-3,0,-2,-1
3611,pad,2,2,2,1,1,1,-1,1,5,0,-3,-3,-1,1,-1,-4
3612,pad,4,4,4,1,1,1,-4,-1,-2,-4,5,-2,-4,-1,-2,0
3613,pad,0,0,0,1,1,1,4,-2,-1,-1,-2,0,0,0,0,-1
3614,pad,6,6,6,1,1,1,0,-1,-3,-3,0,0,4,-2,0,-1
3615,pad,4,4,4,1,1,1,-1,-1,-1,-1,2,0,-1,-1,0,0
3616,pad,7,7,7,1,1,1,-2,0,0,0,0,-1,-3,3,-1,0
3617,pad,6,6,6,1,1,1,0,-1,0,-2,-1,1,3,-3,0,-3
3618,pad,9,9,9,1,1,1,-2,-1,-2,-1,1,-2,-3,0,0,2
3619,pad,5,5,5,1,1,1,-1,-3,-4,1,-2,5,0,-2,1,0
3620,pad,3,3,3,1,1,1,-3,-2,-2,7,-5,2,-3,-2,0,0
3621,pad,4,4,4,1,1,1,-4,-2,-1,-4,6,-2,-5,0,-2,0
3622,pad,6,6,6,1,1,1,0,-1,-3,-2,0,1,4,-3,-1,-1
3623,pad,5,5,5,1,1,1,-1,-2,-2,-1,-1,5,0,-2,0,1
3624,pad,0,0,0,1,1,1,3,-2,-1,0,-2,0,1,-1,0,0
3625,pad,1,1,1,1,1,1,-2,4,-1,-3,-1,-1,-1,0,-1,-1
3626,pad,8,8,8,1,1,1,-1,-1,-1,2,-2,0,-1,-2,3,-1
3627,pad,8,8,8,1,1,1,0,-2,0,0,-3,-1,-1,-2,5,-1
3628,pad,2,2,2,1,1,1,-1,0,4,1,-3,-3,-2,0,0,-3
3629,pad,8,8,8,1,1,1,2,-2,-1,1,-4,0,0,-3,3,-1
3630,pad,3,3,3,1,1,1,-4,0,0,4,-3,0,-3,0,1,-2
3631,pad,5,5,5,1,1,1,-2,-1,-2,0,-2,4,0,-2,1,1
3632,pad,7,7,7,1,1,1,-2,0,0,1,-1,-1,-4,3,-1,-1
3633,pad,8,8,8,1,1,1,-1,-2,-2,0,-3,1,0,-3,5,-1
3634,pad,0,0,0,1,1,1,4,-2,-1,-1,-2,-1,0,-1,-1,0
3635,pad,8,8,8,1,1,1,0,-2,-1,-1,-1,-1,0,-2,3,1
3636,pad,5,5,5,1,1,1,-1,-2,-1,0,-2,5,0,-1,0,2
3637,pad,7,7,7,1,1,1,-2,1,0,0,0,-1,-4,3,-1,0
3638,pad,1,1,1,1,1,1,-3,5,-2,-4,-2,-1,-1,-1,-1,-2
3639,pad,1,1,1,1,1,1,-3,3,-2,-2,-1,0,-2,1,-1,0
3640,pad,0,0,0,1,1,1,4,-2,0,-2,-3,0,0,-1,1,-1
3641,pad,1,1,1,1,1,1,-3,3,-1,-2,0,-1,-2,1,-1,-1
3642,pad,3,3,3,1,1,1,-3,-1,-1,6,-5,1,-3,-1,1,-1
3643,pad,7,7,7,1,1,1,-2,0,1,0,-1,-1,-3,3,-1,-1
3644,pad,8,8,8,1,1,1,-1,-1,-1,0,-2,0,-1,-3,4,0
3645,pad,5,5,5,1,1,1,0,-1,-1,-1,-2,4,0,-2,1,1
3646,pad,0,0,0,1,1,1,3,-1,-1,-1,-1,0,1,-1,-1,0
3647,pad,7,7,7,1,1,1,-3,0,0,1,-1,-1,-5,3,-1,0
3648,pad,1,1,1,1,1,1,-3,4,-1,-3,0,-1,-2,0,-1,0
3649,pad,1,1,1,1,1,1,-3,5,-1,-3,0,-1,-2,0,-2,0
3650,pad,0,0,0,1,1,1,5,-3,-1,-2,-3,-2,1,-1,-1,0
3651,pad,1,1,1,1,1,1,-3,4,-1,-3,0,-1,-2,0,-1,0
3652,pad,1,1,1,1,1,1,-2,3,-1,-3,-1,0,0,-1,-1,-1
3653,pad,4,4,4,1,1,1,-1,0,0,-1,1,-1,-2,0,-2,1
3654,pad,5,5,5,1,1,1,-1,-1,-1,-1,-1,4,1,-2,1,0
3655,pad,2,2,2,1,1,1,0,1,6,0,-3,-4,-2,1,-2,-5
3656,pad,7,7,7,1,1,1,-3,1,0,0,0,-1,-4,3,-2,-1
3657,pad,6,6,6,1,1,1,0,-2,-4,-3,0,1,6,-3,0,-3
3658,pad,2,2,2,1,1,1,-1,1,3,0,-1,-2,-1,0,0,-3
3659,pad,3,3,3,1,1,1,-2,0,-1,4,-4,1,-3,0,0,-2
3660,pad,0,0,0,1,1,1,4,-3,-2,-2,-1,-2,1,-1,-1,0
3661,pad,2,2,2,1,1,1,0,0,3,0,-2,-2,-1,0,0,-3
3662,pad,8,8,0,1,0,0,2,-3,-2,0,-3,1,1,-3,2,0
3663,pad,5,5,5,1,1,1,-1,-1,-1,1,-2,4,-1,-1,1,1
3664,pad,9,9,9,1,1,1,-1,-1,-1,1,-1,0,-3,-1,-1,2
3665,pad,6,6,6,1,1,1,0,-2,-4,-3,0,0,5,-2,-1,-2
3666,pad,9,9,9,1,1,1,-1,-1,-2,-1,1,-2,-4,0,0,3
3667,pad,7,7,7,1,1,1,-1,0,0,-1,-1,-1,-4,3,0,0
3668,pad,2,2,2,1,1,1,0,1,5,0,-3,-3,-2,1,-1,-4
3669,pad,1,1,1,1,1,1,-2,3,-1,-2,0,0,-2,0,-2,-1
3670,pad,3,3,3,1,1,1,-3,0,0,5,-4,1,-3,-1,0,-2
3671,pad,6,6,6,1,1,1,-1,-1,-2,-2,0,1,5,-2,0,-3
3672,pad,4,4,4,1,1,1,-2,1,0,-2,2,-1,-1,0,-3,0
3673,pad,1,1,1,1,1,1,-3,4,-1,-3,0,-1,-2,0,-1,-1
3674,pad,8,8,8,1,1,1,-1,-1,-1,0,-2,2,1,-2,3,-1
3675,pad,2,2,2,1,1,1,0,1,5,0,-3,-3,-2,1,-1,-4
3676,pad,4,4,4,1,1,1,-3,0,-1,-4,5,-2,-3,-1,-3,-1
3677,pad,0,0,0,1,1,1,6,-2,-1,-1,-3,1,1,-1,-1,-2
3678,pad,5,5,5,1,1,1,-3,-1,-2,0,-1,4,-1,-1,0,1
3679,pad,1,1,1,1,1,1,-2,4,-1,-3,-1,-1,-2,0,-1,-2
3680,pad,0,0,0,1,1,1,4,-2,-1,0,-2,1,2,-2,0,-2
3681,pad,2,2,2,1,1,1,-2,1,4,2,-4,-2,-2,0,0,-4
3682,pad,2,2,2,1,1,1,0,0,4,0,-2,-2,-2,0,-1,-2
3683,pad,6,6,6,1,1,1,-1,-1,-2,-2,0,1,3,-1,0,-3
3684,pad,4,4,4,1,1,1,-2,-1,-1,-3,4,-2,-3,0,-3,1
3685,pad,4,4,4,1,1,1,0,-1,-1,-1,3,-1,-1,-1,-2,0
3686,pad,3,3,3,1,1,1,-2,-1,-1,4,-3,1,-2,-1,0,0
3687,pad,9,9,9,1,1,1,-1,-2,-3,0,0,-1,-2,-1,-1,3
3688,pad,6,6,5,1,0,0,-2,0,-2,-1,0,1,1,-1,0,-2
3689,pad,1,1,1,1,1,1,-2,4,-1,-3,-1,-1,-2,0,-1,-1
3690,pad,6,6,6,1,1,1,0,-1,-3,-1,0,2,3,-2,-1,-2
3691,pad,5,5,5,1,1,1,-2,-1,-2,0,-2,6,0,-2,0,0
3692,pad,7,7,7,1,1,1,-2,0,-1,-1,-1,-1,-5,5,-1,-1
3693,pad,9,9,9,1,1,1,-2,-2,-3,-2,1,-2,-4,-1,-1,5
3694,pad,2,2,2,1,1,1,-1,1,4,0,-2,-2,-1,-1,-1,-4
3695,pad,0,0,0,1,1,1,5,-3,-2,-1,-3,0,1,-2,0,0
3696,pad,2,2,2,1,1,1,1,0,5,0,-3,-3,-2,1,-1,-4
3697,pad,6,6,6,1,1,1,0,-1,-3,-2,-1,2,5,-3,1,-1
3698,pad,0,0,0,1,1,1,3,-2,-2,-1,-2,1,1,-1,-1,-1
3699,pad,1,1,1,1,1,1,-3,4,-1,-3,-1,-1,-2,1,-1,0
3700,pad,4,4,4,1,1,1,-3,0,-1,-2,3,-2,-3,0,-2,0
3701,pad,3,3,3,1,1,1,-2,-1,0,5,-4,0,-3,-1,1,-1
3702,pad,5,3,3,0,0,1,-1,0,-1,2,-1,2,-2,0,0,1
3703,pad,2,2,2,1,1,1,-1,1,6,0,-3,-4,-2,1,-2,-5
3704,pad,8,8,8,1,1,1,-1,-2,-2,0,-2,1,0,-4,5,0
3705,pad,8,8,8,1,1,1,-3,0,-1,-2,-1,2,1,-3,6,-2
3706,pad,0,0,0,1,1,1,3,-3,-1,-2,-3,-1,-1,-1,1,0
3707,pad,8,8,8,1,1,1,-1,-2,-2,1,-2,0,-1,-3,4,0
3708,pad,8,8,8,1,1,1,-2,-1,-2,0,-1,1,0,-3,5,-1
3709,pad,9,9,9,1,1,1,-2,-2,-2,0,0,-1,-4,0,-1,4
3710,pad,0,0,0,1,1,1,2,-3,-2,0,-1,-2,-1,0,0,2
3711,pad,9,9,9,1,1,1,-3,-2,-3,-1,1,-1,-6,-1,-2,5
3712,pad,6,6,6,1,1,1,1,-2,-4,-3,-1,2,6,-4,-1,-2
3713,pad,7,7,7,1,1,1,-3,1,1,0,0,-2,-3,3,-1,-2
3714,pad,6,6,6,1,1,1,-1,-1,-2,-2,-1,2,5,-3,0,-3
3715,pad,3,3,3,1,1,1,-2,0,1,4,-4,-1,-2,-1,0,-2
3716,pad,9,9,9,1,1,1,-1,-2,-2,1,-1,0,-3,-2,1,3
3717,pad,3,3,3,1,1,1,-2,-2,-1,5,-4,1,-2,-2,1,0
3718,pad,4,4,4,1,1,1,-2,-1,-2,-1,2,-1,-3,0,-1,1
3719,pad,7,7,7,1,1,1,-1,0,1,0,-1,-1,-3,2,-1,-1
3720,pad,7,7,7,1,1,1,-3,0,0,1,0,-1,-5,4,-2,0
3721,pad,7,7,1,1,0,0,-2,2,0,0,-1,-1,-3,2,-2,-1
3722,pad,4,4,4,1,1,1,-4,-1,-1,-3,5,-2,-4,0,-3,0
3723,pad,9,9,0,1,0,0,1,-1,-2,0,-1,-1,-1,0,0,1
3724,pad,0,0,0,1,1,1,3,-2,-2,-1,-1,0,1,0,0,-1
3725,pad,6,6,6,1,1,1,-2,0,-1,-1,0,1,2,-1,0,-2
3726,pad,4,4,4,1,1,1,-2,-1,-1,-2,3,-1,-3,0,-2,1
3727,pad,8,8,8,1,1,1,0,-2,-1,0,0,-1,-2,-1,2,1
3728,pad,4,4,4,1,1,1,-3,0,-2,-3,3,-2,-3,0,-1,1
3729,pad,2,2,2,1,1,1,-1,0,4,0,-2,-2,-1,0,-1,-4
3730,pad,7,7,7,1,1,1,-1,-1,0,-1,-1,0,-4,3,-1,0
3731,pad,2,2,2,1,1,1,-2,0,6,1,-3,-3,-2,0,-1,-4
3732,pad,8,8,8,1,1,1,-2,-1,-1,-1,-1,0,-1,-2,4,0
3733,pad,1,1,1,1,1,1,-2,4,-1,-3,-1,-1,-1,0,-1,-2
3734,pad,0,0,0,1,1,1,4,-2,-2,-1,-3,1,1,-1,0,0
3735,pad,0,0,0,1,1,1,5,-2,-2,-1,-3,1,1,-1,-1,0
3736,pad,7,7,7,1,1,1,-2,0,0,1,-2,-1,-3,2,-1,-1
3737,pad,8,8,8,1,1,1,-2,-2,-1,-1,-1,0,-1,-2,4,0
3738,pad,3,3,3,1,1,1,-1,-1,-1,4,-3,2,-1,-2,-1,-1
3739,pad,3,3,3,1,1,1,-2,0,-1,3,-2,1,-1,-1,0,-1
3740,pad,3,3,3,1,1,1,-3,-1,-1,6,-4,2,-3,-1,0,0
3741,pad,1,1,1,1,1,1,-3,3,-1,-2,-1,-1,-2,1,-1,-1
3742,pad,3,3,3,1,1,1,-1,-1,0,3,-2,0,-2,-1,1,1
3743,pad,7,7,7,1,1,1,-1,0,1,1,-1,-1,-3,3,0,-1
3744,pad,6,6,6,1,1,1,1,-3,-3,0,-2,3,4,-4,-1,-3
3745,pad,1,1,1,1,1,1,-3,4,-1,-2,-1,0,-2,0,-1,-1
3746,pad,3,3,3,1,1,1,-4,0,-1,4,-3,1,-3,1,-1,-1
3747,pad,1,1,1,1,1,1,-3,4,-1,-3,0,0,-2,-1,-2,0
3748,pad,6,6,6,1,1,1,1,-2,-1,-2,-1,2,3,-3,0,-2
3749,pad,6,6,6,1,1,1,0,-1,-2,-2,0,0,3,-2,0,-1
3750,pad,5,5,5,1,1,1,-2,-1,-1,0,-2,4,0,-1,1,0
3751,pad,7,7,7,1,1,1,-2,1,0,1,-1,-1,-2,2,-1,-1
3752,pad,4,4,4,1,1,1,-2,-1,-2,-3,5,-3,-2,-1,-3,-1
3753,pad,7,7,7,1,1,1,-2,0,0,0,0,-1,-4,3,-1,-1
3754,pad,5,5,5,1,1,1,-2,-1,-1,1,-2,4,0,-2,1,1
3755,pad,9,9,9,1,1,1,1,-1,-2,1,-2,-1,-2,-1,0,3
3756,pad,5,5,5,1,1,1,-2,-1,-1,1,-2,3,-1,-1,0,2
3757,pad,8,8,8,1,1,1,1,-1,0,1,-4,-1,-1,-2,3,0
3758,pad,4,4,4,1,1,1,-3,0,-1,-1,3,0,-3,0,-2,0
3759,pad,9,9,9,1,1,1,-1,-1,-2,0,-1,-1,-3,0,-1,3
3760,pad,9,9,9,1,1,1,-2,-1,-3,-1,1,-1,-4,-1,-1,3
3761,pad,1,1,1,1,1,1,-2,2,-1,-1,0,0,-2,1,-1,0
3762,pad,6,8,5,0,0,0,-2,0,0,0,0,1,0,-1,0,-2
3763,pad,5,5,5,1,1,1,0,0,-1,0,-1,3,0,-1,0,0
3764,pad,0,0,0,1,1,1,3,-2,-1,-1,-2,0,1,-1,-1,0
3765,pad,1,1,1,1,1,1,-3,3,-1,-2,-1,0,-2,-1,-1,1
3766,pad,3,3,3,1,1,1,-5,0,-1,4,-3,2,-2,0,0,-2
3767,pad,7,2,2,0,0,1,-3,1,3,0,-2,-1,-2,1,-1,-4
3768,pad,0,0,0,1,1,1,3,-2,-2,0,-1,1,2,-2,1,-1
3769,pad,3,3,3,1,1,1,-2,-1,-2,4,-3,1,-3,-1,1,1
3770,pad,4,4,4,1,1,1,-2,-1,-1,-2,4,-2,-3,0,-3,0
3771,pad,8,8,8,1,1,1,0,-2,0,0,-1,-1,-1,-2,3,1
3772,pad,2,2,2,1,1,1,-2,1,3,1,-3,-2,-3,2,-2,-5
3773,pad,2,2,2,1,1,1,-2,1,3,2,-3,-2,-1,0,-1,-4
3774,pad,0,0,0,1,1,1,4,-2,-1,-1,-2,1,1,-1,-1,-1
3775,pad,2,2,2,1,1,1,-1,1,5,1,-3,-3,-2,0,-2,-5
3776,pad,5,5,5,1,1,1,-2,-1,-1,0,-3,4,0,-2,2,-1
3777,pad,1,1,1,1,1,1,-3,3,-1,-2,0,0,-2,1,-3,0
3778,pad,5,5,5,1,1,1,-1,0,-1,0,-2,3,1,-1,1,0
3779,pad,1,1,1,1,1,1,-2,3,-1,-2,-1,-1,-2,0,0,0
3780,pad,4,4,4,1,1,1,-1,0,0,-3,2,0,2,-3,-2,-2
3781,pad,8,8,8,1,1,1,-1,-1,-1,-1,-1,1,0,-2,4,0
3782,pad,8,8,8,1,1,1,-1,-2,0,1,-3,0,-2,-2,5,-1
3783,pad,9,9,9,1,1,1,-2,-2,-2,-1,0,-2,-4,0,-1,4
3784,pad,1,1,1,1,1,1,-2,3,-1,-2,0,-1,-2,0,-2,0
3785,pad,2,2,2,1,1,1,0,1,2,0,-2,-2,-1,0,0,-2
3786,pad,1,1,1,1,1,1,-3,4,-1,-3,0,-1,-2,0,-2,0
3787,pad,3,3,3,1,1,1,0,-1,-1,3,-3,1,-2,-1,1,0
3788,pad,5,5,5,1,1,1,-2,-2,-3,0,-3,5,0,-2,1,1
3789,pad,1,1,1,1,1,1,-3,3,-2,-2,0,-1,-2,0,0,1
3790,pad,0,0,0,1,1,1,4,-2,-2,0,-1,0,2,-1,-1,0
3791,pad,9,9,9,1,1,1,0,-2,-1,0,0,-1,-2,1,-1,3
3792,pad,4,4,4,1,1,1,-4,-1,-2,-4,5,-2,-4,-1,-2,0
3793,pad,4,4,4,1,1,1,-3,-1,-1,-2,4,-1,-3,0,-3,0
3794,pad,8,8,3,1,0,0,-2,0,-1,2,-2,0,-1,-1,2,0
3795,pad,3,3,3,1,1,1,-3,0,-1,5,-3,1,-3,0,0,-1
3796,pad,2,2,2,1,1,1,0,1,2,-1,-2,-1,0,0,0,-1
3797,pad,5,5,5,1,1,1,-2,-2,-2,-1,-2,6,0,-2,0,1
3798,pad,9,9,9,1,1,1,-2,-1,-3,-1,1,-1,-4,-1,-1,4
3799,pad,7,7,7,1,1,1,-2,-1,0,0,-1,-1,-4,3,0,-1
3800,pad,6,6,6,1,1,1,0,-1,-1,-1,-1,1,2,-3,1,-1
3801,pad,6,6,6,1,1,1,1,-1,-3,-2,0,1,4,-2,-1,-2
3802,pad,2,2,2,1,1,1,-1,1,6,1,-3,-3,-2,0,-1,-5
3803,pad,0,0,0,1,1,1,3,-1,-1,-1,0,-1,1,-1,-2,0
3804,pad,0,0,0,1,1,1,4,-3,-1,-2,-2,-1,2,-2,0,0
3805,pad,0,0,0,1,1,1,5,-2,-1,-1,-2,0,1,-1,-2,-1
3806,pad,5,5,5,1,1,1,-3,-1,-3,-2,0,4,0,-1,1,-1
3807,pad,8,8,8,1,1,1,-1,-2,-2,-1,-2,0,0,-4,6,-1
3808,pad,7,8,0,0,0,0,1,0,0,-1,-2,0,0,-1,1,-2
3809,pad,1,1,1,1,1,1,-2,3,-2,-3,-1,0,-1,-1,-1,-1
3810,pad,5,5,5,1,1,1,-1,-1,-1,1,-2,3,-1,-1,0,1
3811,pad,2,2,2,1,1,1,0,-1,2,1,-3,-1,0,-2,1,-2
3812,pad,3,3,3,1,1,1,-3,-1,0,5,-4,1,-2,0,0,-1
3813,pad,8,8,8,1,1,1,-2,-2,-1,-1,-2,2,1,-4,6,-2
3814,pad,5,5,5,1,1,1,-2,-2,-3,0,-2,5,0,-2,1,1
3815,pad,1,1,1,1,1,1,-2,4,-1,-3,-1,-1,-1,0,-1,-1
3816,pad,8,8,8,1,1,1,-1,-2,-2,0,-2,1,0,-3,5,0
3817,pad,2,2,2,1,1,1,-1,0,5,-1,-1,-3,-2,-2,0,-3
3818,pad,0,0,6,1,0,0,1,-1,-1,-1,0,0,2,-1,1,0
3819,pad,4,4,4,1,1,1,-4,-1,-2,-4,6,-2,-5,0,-3,1
3820,pad,9,9,9,1,1,1,-1,-2,-1,0,0,-1,-3,0,1,4
3821,pad,9,9,9,1,1,1,-2,-2,-3,-1,1,-1,-4,-1,-1,5
3822,pad,6,6,6,1,1,1,-1,-1,-3,-2,0,1,6,-3,0,-3
3823,pad,2,2,2,1,1,1,-1,1,5,0,-2,-2,-1,-1,-1,-3
3824,pad,3,3,3,1,1,1,-2,-1,-1,5,-3,1,-2,-1,1,-1
3825,pad,3,3,3,1,1,1,-3,-1,-1,5,-4,2,-2,-1,0,-1
3826,pad,5,5,5,1,1,1,-3,-1,-2,-1,-1,6,0,-2,0,1
3827,pad,6,6,6,1,1,1,-1,-1,-3,-2,0,0,5,-3,-1,-2
3828,pad,4,4,4,1,1,1,-3,-1,-1,-3,5,-3,-5,0,-2,1
3829,pad,8,8,8,1,1,1,-1,-2,0,1,-4,0,-1,-3,6,0
3830,pad,0,0,0,1,1,1,5,-2,-1,-1,-2,-1,0,-1,-1,-1
3831,pad,9,9,9,1,1,1,-1,-1,-2,-1,0,-1,-3,-1,0,3
3832,pad,2,2,2,1,1,1,1,0,5,1,-4,-3,-2,0,0,-4
3833,pad,8,8,8,1,1,1,0,-1,-1,1,-2,-1,-2,-1,3,0
3834,pad,3,3,3,1,1,1,-2,-1,1,4,-4,-1,-2,-1,1,-2
3835,pad,6,6,6,1,1,1,0,-2,-4,-3,0,1,6,-3,0,-2
3836,pad,7,7,7,1,1,1,-5,0,-1,0,1,-1,-5,4,-2,-1
3837,pad,5,5,5,1,1,1,-2,-2,-3,1,-2,6,-1,-2,0,1
3838,pad,7,7,7,1,1,1,-3,0,0,-1,1,-1,-3,2,-2,-1
3839,pad,2,2,2,1,1,1,-1,1,6,0,-3,-3,-2,0,-1,-5
3840,pad,9,9,9,1,1,1,-1,-2,-2,-1,1,-1,-3,0,-1,4
3841,pad,4,4,4,1,1,1,-5,-2,-2,-4,6,-3,-5,-1,-3,0
3842,pad,9,9,9,1,1,1,-1,-2,-2,0,-1,-1,-4,0,-2,4
3843,pad,1,1,1,1,1,1,-3,4,-1,-3,-1,0,-1,0,-2,-1
3844,pad,2,2,2,1,1,1,0,0,5,1,-3,-3,-2,1,-1,-4
3845,pad,8,8,8,1,1,1,0,-3,-2,1,-4,0,-2,-4,7,0
3846,pad,6,6,6,1,1,1,0,-1,-3,-2,0,1,4,-2,0,-1
3847,pad,0,0,0,1,1,1,4,-2,-1,0,-3,0,0,-2,0,-1
3848,pad,7,7,7,1,1,1,-3,0,1,1,0,-2,-4,3,-1,-2
3849,pad,0,0,0,1,1,1,4,-2,-2,-1,-2,1,2,-1,-1,0
3850,pad,9,9,9,1,1,1,-2,-1,-2,-1,1,-2,-3,-1,0,3
3851,pad,1,1,1,1,1,1,-2,3,-1,-2,0,-1,-2,1,-1,-1
3852,pad,1,1,1,1,1,1,-2,3,-2,-3,0,0,-1,0,0,-1
3853,pad,6,6,6,1,1,1,0,-1,1,-1,-2,0,2,-3,1,-1
3854,pad,7,7,7,1,1,1,-2,0,0,0,0,-1,-4,3,-1,0
3855,pad,5,5,5,1,1,1,-1,-1,-3,-2,-2,7,0,-1,1,0
3856,pad,9,9,3,1,0,0,-3,-1,-1,2,-1,0,-4,1,-1,1
3857,pad,9,9,9,1,1,1,-2,-1,-2,-1,0,-1,-4,0,-1,3
3858,pad,1,1,1,1,1,1,-2,3,0,-2,-1,-1,-1,0,0,-2
3859,pad,9,9,9,1,1,1,-1,0,0,0,0,-2,-2,0,0,2
3860,pad,5,5,5,1,1,1,-3,0,-2,0,-2,5,0,-1,1,0
3861,pad,9,9,9,1,1,1,-3,-1,-2,-2,1,-2,-4,-1,0,4
3862,pad,2,2,2,1,1,1,0,1,4,0,-2,-2,-2,1,-1,-3
3863,pad,5,5,5,1,1,1,-2,-3,-3,-2,-2,6,2,-4,2,1
3864,pad,0,0,0,1,1,1,5,-2,0,-2,-3,-1,1,-1,0,-1
3865,pad,4,4,4,1,1,1,-4,-1,-2,-2,6,-1,-4,0,-3,-1
3866,pad,1,1,1,1,1,1,-4,5,-2,-3,0,-1,-2,1,-2,0
3867,pad,0,0,0,1,1,1,3,-3,-2,-1,0,-1,1,-2,-2,0
3868,pad,8,8,8,1,1,1,-1,-1,-1,1,-2,1,-1,-2,3,0
3869,pad,9,9,4,1,0,0,-2,0,-3,-3,2,-2,-2,0,-1,2
3870,pad,0,0,0,1,1,1,3,-3,-1,-1,-1,-2,1,-1,0,0
3871,pad,8,8,8,1,1,1,1,-2,0,1,-3,0,-1,-2,3,0
3872,pad,9,9,9,1,1,1,-2,-2,-4,-1,1,-2,-5,0,-1,4
3873,pad,8,8,8,1,1,1,-1,-1,-1,0,-1,1,0,-1,3,-1
3874,pad,9,9,9,1,1,1,-1,-1,-1,0,0,-1,-3,0,-1,2
3875,pad,4,4,4,1,1,1,-3,-2,-1,-2,4,-1,-3,-1,-1,0
3876,pad,2,2,2,1,1,1,-2,1,3,0,-2,-2,-1,0,-1,-4
3877,pad,5,5,5,1,1,1,-1,-1,-2,0,-2,4,0,-1,0,0
3878,pad,7,7,7,1,1,1,-2,1,0,-1,0,-2,-3,2,-1,0
3879,pad,9,9,9,1,1,1,0,-2,-1,0,-1,0,-2,0,0,3
3880,pad,8,8,8,1,1,1,-1,-1,-1,0,-2,1,0,-2,3,0
3881,pad,9,9,9,1,1,1,0,-2,-1,0,-1,0,-3,-1,0,4
3882,pad,8,8,8,1,1,1,-2,-2,-3,0,-2,1,0,-4,5,0
3883,pad,0,0,0,1,1,1,5,-3,-3,-1,-1,1,3,-2,-2,-1
3884,pad,9,9,9,1,1,1,-1,-2,-2,-1,0,-2,-2,0,0,4
3885,pad,9,9,9,1,1,1,-1,-2,-2,-1,1,-2,-5,1,-1,4
3886,pad,6,6,6,1,1,1,0,-2,-3,-2,-1,1,5,-3,0,-2
3887,pad,8,8,8,1,1,1,-2,-1,-2,0,-1,0,0,-3,5,-1
3888,pad,9,9,9,1,1,1,-1,-2,-2,-1,1,-1,-3,0,-1,4
3889,pad,9,9,9,1,1,1,-2,-1,-1,0,0,-1,-4,0,-1,3
3890,pad,5,5,5,1,1,1,-2,-2,-4,1,-3,6,0,-3,2,0
3891,pad,9,9,9,1,1,1,-2,-2,-3,-1,1,-1,-4,-1,-1,3
3892,pad,8,8,8,1,1,1,-2,-2,-1,0,-2,0,-1,-4,5,0
3893,pad,5,5,5,1,1,1,-1,-1,-2,1,-1,3,0,-1,0,0
3894,pad,1,1,1,1,1,1,-2,3,0,-3,-1,-1,-2,0,-1,-1
3895,pad,0,0,0,1,1,1,3,-2,-1,-1,-2,-1,0,-1,0,0
3896,pad,3,3,3,1,1,1,-2,-1,-1,5,-4,1,-3,-1,0,0
3897,pad,3,3,3,1,1,1,-2,-1,-1,4,-3,0,-3,-1,2,0
3898,pad,5,5,5,1,1,1,-1,-1,-2,1,-2,4,0,-1,0,0
3899,pad,2,2,2,1,1,1,0,0,4,1,-3,-3,-2,0,0,-3
3900,pad,1,1,1,1,1,1,-2,4,-1,-3,-1,-1,-3,1,-1,-1
3901,pad,6,6,6,1,1,1,0,-2,-2,-2,-1,2,5,-2,0,-3
3902,pad,5,5,5,1,1,1,0,-2,-2,1,-2,4,-1,-1,0,1
3903,pad,0,0,0,1,1,1,6,-3,-1,-2,-2,0,1,-2,-2,-1
3904,pad,2,2,2,1,1,1,0,1,4,0,-2,-3,-1,0,-1,-3
3905,pad,8,8,8,1,1,1,-2,-1,-1,-1,0,0,-1,-1,3,0
3906,pad,1,1,1,1,1,1,-4,4,0,2,-3,0,-4,2,-3,-2
3907,pad,5,5,5,1,1,1,0,-1,-2,0,-2,5,0,-1,0,0
3908,pad,6,6,6,1,1,1,1,-2,-2,-2,-1,2,4,-4,0,-2
3909,pad,2,2,2,1,1,1,-1,1,3,1,-3,-2,-3,1,-1,-3
3910,pad,3,3,3,1,1,1,-3,-2,-2,7,-5,3,-3,-1,0,0
3911,pad,0,0,0,1,1,1,4,-3,-1,-1,-2,-1,0,-1,-1,0
3912,pad,2,2,2,1,1,1,-1,0,5,0,-2,-2,-1,-1,-1,-4
3913,pad,2,2,2,1,1,1,2,-1,3,0,-3,-2,0,-2,0,-2
3914,pad,6,6,6,1,1,1,1,-1,-2,-1,-1,1,4,-3,-1,-2
3915,pad,4,4,4,1,1,1,-2,-1,-1,-2,4,-2,-3,0,-2,0
3916,pad,3,3,3,1,1,1,-3,-1,-1,5,-4,0,-3,-1,1,0
3917,pad,5,5,5,1,1,1,-2,-1,-2,0,-2,5,0,-2,0,1
3918,pad,5,5,5,1,1,1,0,-1,-1,-1,-2,3,0,-2,1,1
3919,pad,1,1,1,1,1,1,-3,4,-1,-3,0,-1,-2,0,-1,0
3920,pad,7,7,7,1,1,1,-4,0,-1,0,0,-2,-7,5,-2,0
3921,pad,2,2,2,1,1,1,0,0,4,1,-3,-2,-1,-1,0,-2
3922,pad,1,1,1,1,1,1,-2,3,-1,-2,-2,0,0,0,-1,-2
3923,pad,6,6,6,1,1,1,0,-1,-3,-2,0,1,4,-3,-1,-2
3924,pad,9,9,9,1,1,1,-1,-2,-2,-1,0,-2,-4,-1,1,4
3925,pad,1,1,1,1,1,1,-2,4,-2,-4,-1,0,-1,-1,-1,-2
3926,pad,9,9,9,1,1,1,-1,-2,-2,2,-2,0,-3,-3,2,3
3927,pad,9,9,9,1,1,1,-1,-2,-3,0,0,-1,-3,0,-1,4
3928,pad,5,5,5,1,1,1,-1,-2,-3,0,-2,6,0,-2,0,1
3929,pad,5,5,5,1,1,1,-1,-1,-1,1,-2,4,0,-2,1,1
3930,pad,1,1,1,1,1,1,-3,4,-2,-3,0,-1,-2,0,-2,0
3931,pad,6,6,6,1,1,1,0,-1,-1,-1,0,1,3,-2,-1,-3
3932,pad,2,2,2,1,1,1,-1,0,6,1,-3,-3,-2,0,-1,-4
3933,pad,2,2,2,1,1,1,-2,1,7,0,-3,-5,-2,0,-1,-6
3934,pad,8,8,8,1,1,1,-1,-2,-2,0,-2,1,0,-4,5,0
3935,pad,6,6,6,1,1,1,0,-1,-3,-2,0,1,4,-2,0,-3
3936,pad,7,7,7,1,1,1,-2,0,0,0,0,-1,-3,3,-1,-1
3937,pad,1,1,1,1,1,1,-3,3,-2,-2,0,0,-2,0,-2,0
3938,pad,4,4,4,1,1,1,-3,0,-2,-3,4,-2,-4,0,-2,2
3939,pad,6,6,6,1,1,1,1,-1,-2,-2,-1,0,4,-2,1,-2
3940,pad,0,0,0,1,1,1,4,-3,-2,-1,-2,1,2,-1,0,0
3941,pad,4,6,6,0,0,1,0,0,0,-3,1,0,2,-3,-2,-3
3942,pad,0,0,0,1,1,1,4,-2,-2,-1,-2,-1,1,-1,-1,1
3943,pad,3,3,3,1,1,1,-3,0,-1,3,-2,2,-1,0,0,-1
3944,pad,3,3,3,1,1,1,-2,-1,-1,5,-4,1,-3,-1,1,0
3945,pad,2,2,2,1,1,1,0,1,3,-1,-1,-2,-2,0,-1,-2
3946,pad,2,2,2,1,1,1,0,0,2,1,-2,-2,-2,0,0,-2
3947,pad,3,3,3,1,1,1,-3,-1,-1,6,-5,1,-3,-2,1,-1
3948,pad,6,6,6,1,1,1,0,-1,-3,-2,0,1,5,-3,1,-1
3949,pad,8,8,8,1,1,1,-1,-1,-1,0,-2,0,0,-3,6,-1
3950,pad,9,9,9,1,1,1,-2,-1,-2,-2,1,-1,-3,0,0,3
3951,pad,8,8,8,1,1,1,0,-2,0,1,-2,0,-1,-1,2,0
3952,pad,5,5,5,1,1,1,-2,-2,-3,1,-2,5,0,-3,1,1
3953,pad,3,3,3,1,1,1,-3,0,0,4,-3,1,-2,0,0,-1
3954,pad,8,8,8,1,1,1,0,-2,-1,1,-2,0,-1,-2,4,0
3955,pad,5,5,5,1,1,1,-1,-1,-2,0,-2,4,0,-1,1,1
3956,pad,4,4,4,1,1,1,-4,0,-1,-3,5,-1,-4,-1,-4,0
3957,pad,5,5,5,1,1,1,-2,-1,-2,0,-2,5,0,-1,0,0
3958,pad,2,2,2,1,1,1,1,-1,3,0,-3,-3,-1,-1,0,-2
3959,pad,0,0,0,1,1,1,5,-2,-1,-1,-2,-1,0,0,-2,0
3960,pad,5,5,5,1,1,1,-2,-2,-1,0,-2,5,0,-2,1,0
3961,pad,6,6,6,1,1,1,0,-1,-2,-2,-2,2,5,-4,0,-4
3962,pad,3,3,3,1,1,1,-4,0,0,4,-3,1,-2,0,-1,-2
3963,pad,2,2,2,1,1,1,0,0,4,0,-3,-3,-1,-1,0,-3
3964,pad,8,8,8,1,1,1,-2,-1,-1,0,-1,0,-1,-2,3,0
3965,pad,3,3,3,1,1,1,-4,0,-1,5,-3,2,-3,0,-1,-1
3966,pad,9,9,9,1,1,1,-3,-2,-2,-1,1,-1,-6,0,-2,6
3967,pad,9,9,9,1,1,1,1,-1,-1,0,0,0,-2,0,-1,2
3968,pad,5,5,5,1,1,1,-3,0,-1,1,-2,3,0,-1,2,-1
3969,pad,7,7,7,1,1,1,-2,1,1,0,-1,-1,-4,3,-1,-1
3970,pad,9,9,9,1,1,1,-2,-1,-2,-2,1,-2,-4,-1,0,3
3971,pad,4,4,4,1,1,1,-3,-1,-2,-3,3,-2,-2,-1,0,-1
3972,pad,6,6,6,1,1,1,1,-1,-2,-2,-1,1,4,-3,0,-2
3973,pad,7,7,7,1,1,1,-2,0,1,0,-1,-1,-4,3,-1,-1
3974,pad,1,1,1,1,1,1,-2,2,-1,-2,0,-1,-2,0,-1,0
3975,pad,3,3,3,1,1,1,-3,-1,-1,7,-6,3,-3,-2,0,-2
3976,pad,7,7,1,1,0,0,-2,1,0,0,-1,-1,-2,1,0,-1
3977,pad,3,3,3,1,1,1,-1,0,1,3,-2,0,-1,0,1,-2
3978,pad,6,6,6,1,1,1,1,-2,-5,-2,-1,2,5,-4,-1,-2
3979,pad,6,6,6,1,1,1,-1,-1,-3,-2,0,1,5,-3,0,-3
3980,pad,0,0,0,1,1,1,5,-3,-2,-1,-2,0,1,-1,-1,0
3981,pad,9,9,9,1,1,1,-1,-2,-2,0,0,-1,-4,1,-1,3
3982,pad,0,0,0,1,1,1,5,-2,-2,-1,-3,1,2,-2,0,0
3983,pad,1,1,1,1,1,1,-2,3,-1,-2,-1,0,-1,0,0,-2
3984,pad,9,9,9,1,1,1,-2,-1,-2,-1,0,-2,-4,-1,0,3
3985,pad,9,9,4,1,0,0,-3,0,-2,-3,3,-2,-4,0,-1,2
3986,pad,2,2,2,1,1,1,0,1,4,1,-3,-3,-2,1,0,-4
3987,pad,8,8,8,1,1,1,0,-2,-1,1,-3,0,0,-2,4,-1
3988,pad,8,8,8,1,1,1,0,-2,-2,0,-2,1,0,-3,3,0
3989,pad,0,0,0,1,1,1,2,-1,-2,-2,-1,0,1,-1,-1,0
3990,pad,1,1,1,1,1,1,-2,3,-1,-3,0,-1,-2,0,-1,0
3991,pad,6,6,6,1,1,1,0,-1,-2,-2,-1,1,4,-3,0,-2
3992,pad,9,9,9,1,1,1,-2,-2,-2,0,0,-1,-5,0,-1,4
3993,pad,7,7,7,1,1,1,-2,0,0,0,0,-1,-4,3,-1,0
3994,pad,5,5,5,1,1,1,-1,-1,-2,0,-2,5,0,-1,1,-1
3995,pad,3,3,3,1,1,1,-2,-2,-2,4,-3,3,-2,-2,1,1
3996,pad,4,4,4,1,1,1,-4,0,-1,-2,4,-2,-5,2,-4,-1
3997,pad,7,7,7,1,1,1,-1,0,-1,0,0,1,-2,2,-1,-1
3998,pad,4,4,4,1,1,1,-2,0,-1,-3,3,-2,-1,-1,-3,-1
3999,pad,9,9,9,1,1,1,-2,-2,-3,0,0,-1,-5,0,-2,5
4000,pad,9,9,9,1,1,1,-3,-1,0,-1,1,-1,-4,0,-1,4
4001,pad,4,4,4,1,1,1,-2,-1,-1,-2,2,-1,-2,0,-1,0
4002,pad,3,3,3,1,1,1,-3,-1,-2,5,-4,3,-2,-2,1,-1
4003,pad,6,6,6,1,1,1,0,-2,-3,-3,-2,3,5,-4,1,-2
4004,pad,3,3,3,1,1,1,-3,0,-1,5,-3,2,-2,-1,0,0
4005,pad,1,1,1,1,1,1,-3,3,-1,-2,-1,-1,-2,1,-1,-1
4006,pad,1,1,1,1,1,1,-3,4,-2,-3,-1,0,-2,0,-1,0
4007,pad,7,7,7,1,1,1,0,0,0,0,-1,0,-2,1,0,0
4008,pad,6,6,6,1,1,1,0,-1,-3,-2,-1,2,6,-3,-1,-3
4009,pad,9,9,9,1,1,1,-1,-1,-3,-1,0,-1,-3,-1,-1,4
4010,pad,1,1,1,1,1,1,-3,4,-1,-3,0,-1,-2,1,-1,-1
4011,pad,8,8,8,1,1,1,-2,-1,-2,0,-1,0,0,-2,4,0
4012,pad,4,4,4,1,1,1,-4,-1,-1,-3,4,-1,-4,0,-3,1
4013,pad,1,1,1,1,1,1,-3,4,0,-1,-1,0,-3,0,-2,-1
4014,pad,1,1,1,1,1,1,-3,4,-1,-2,0,-1,-2,1,-2,-1
4015,pad,9,9,9,1,1,1,-1,-2,-2,1,0,1,-3,-1,-1,3
4016,pad,9,9,9,1,1,1,-2,-2,-2,-1,0,-1,-4,0,-1,3
4017,pad,4,4,4,1,1,1,-3,-1,-2,-1,3,-2,-3,1,-1,-1
4018,pad,3,3,3,1,1,1,-4,1,0,3,-3,1,-2,0,-1,-3
4019,pad,6,6,6,1,1,1,1,-1,-3,-2,-1,1,4,-3,-1,-1
4020,pad,8,8,8,1,1,1,-2,-2,-2,-1,-2,1,0,-3,5,0
4021,pad,1,1,1,1,1,1,-2,4,-1,-3,-1,-1,-2,0,0,-1
4022,pad,6,6,6,1,1,1,-1,-1,-2,-2,-1,1,4,-3,2,-1
4023,pad,0,0,0,1,1,1,4,-2,0,-2,-2,0,1,-2,-1,-1
4024,pad,4,4,4,1,1,1,-4,0,-1,-3,4,-2,-4,0,-3,0
4025,pad,1,1,1,1,1,1,-3,4,-1,-3,0,-1,-2,0,-2,0
4026,pad,3,3,3,1,1,1,-2,-1,-1,5,-4,0,-3,-1,1,-1
4027,pad,7,7,7,1,1,1,-1,1,0,0,0,-1,-3,2,-1,0
4028,pad,7,7,7,1,1,1,-1,0,0,0,-1,0,-3,2,0,-1
4029,pad,4,4,4,1,1,1,-3,0,-2,-2,3,-1,-3,0,-1,1
4030,pad,9,9,9,1,1,1,-2,0,-2,-1,0,-1,-3,-1,0,2
4031,pad,5,5,5,1,1,1,-2,-1,-2,1,-1,4,0,-1,0,1
4032,pad,1,1,1,1,1,1,-2,4,-1,-3,-2,0,-1,0,-1,-2
4033,pad,0,0,0,1,1,1,5,-4,-2,-1,-2,-1,1,-1,-1,1
4034,pad,0,0,0,1,1,1,5,-2,0,-2,-2,-2,1,-1,-2,-2
4035,pad,1,1,1,1,1,1,-2,3,0,-2,-1,-1,-2,1,-1,-1
4036,pad,1,1,1,1,1,1,-3,5,-1,-3,0,-2,-2,1,-2,-1
4037,pad,6,6,6,1,1,1,0,-1,-1,-1,-2,2,3,-3,1,-2
4038,pad,2,2,2,1,1,1,1,0,5,0,-4,-4,-2,1,-1,-4
4039,pad,1,1,1,1,1,1,-2,4,0,-3,-2,-1,-1,0,-1,-2
4040,pad,9,9,9,1,1,1,-2,-2,-2,0,0,0,-5,0,-2,3
4041,pad,8,8,8,1,1,1,-1,-2,-2,1,-3,1,0,-4,5,-1
4042,pad,4,4,4,1,1,1,-4,-1,-1,-3,5,-2,-5,1,-5,0
4043,pad,0,0,0,1,1,1,5,-2,-1,-1,-2,1,2,-2,-1,-1
4044,pad,3,3,3,1,1,1,-2,-1,-2,4,-2,3,-2,-1,-1,0
4045,pad,6,6,6,1,1,1,0,-1,-3,-2,-1,1,5,-4,1,-2
4046,pad,4,4,4,1,1,1,-3,-1,-1,-3,5,-2,-3,0,-3,0
4047,pad,9,9,9,1,1,1,-2,-2,-2,-1,0,0,-3,0,-1,3
4048,pad,0,0,0,1,1,1,3,-2,-1,-1,-1,-1,0,-1,-1,1
4049,pad,7,7,7,1,1,1,-3,0,0,0,0,-2,-5,4,-2,-1
4050,pad,1,1,1,1,1,1,-2,2,-1,-2,0,-1,-2,1,-2,0
4051,pad,6,6,6,1,1,1,-1,-1,-3,-2,0,1,5,-2,0,-3
4052,pad,5,5,5,1,1,1,-2,0,-2,1,-1,4,0,-1,1,-1
4053,pad,7,7,4,1,0,0,-2,0,-1,-1,1,0,-2,1,0,0
4054,pad,5,5,5,1,1,1,-2,-2,-3,1,-3,6,0,-2,1,1
4055,pad,2,2,2,1,1,1,0,0,5,1,-5,-3,-2,0,-1,-5
4056,pad,5,5,5,1,1,1,-1,-1,-2,0,-2,4,0,-1,0,0
4057,pad,1,1,1,1,1,1,-3,4,-1,-3,-1,-1,-2,0,-1,-1
4058,pad,8,8,8,1,1,1,0,-2,-2,1,-3,0,-2,-3,5,0
4059,pad,5,5,5,1,1,1,-1,-1,-2,-1,-3,6,0,-1,1,1
4060,pad,4,4,4,1,1,1,-2,0,-1,-2,4,-1,-3,0,-3,0
4061,pad,7,7,7,1,1,1,-2,0,-1,-1,0,-2,-4,3,-1,1
4062,pad,0,0,0,1,1,1,5,-2,-1,-1,-2,0,1,-1,-1,-1
4063,pad,6,6,6,1,1,1,1,-2,-2,-2,-2,2,3,-3,1,-1
4064,pad,7,7,7,1,1,1,-3,0,0,0,0,-1,-5,4,-1,-1
4065,pad,0,0,0,1,1,1,2,-1,1,0,-2,0,1,-2,0,-1
4066,pad,2,2,2,1,1,1,-2,1,5,2,-4,-3,-2,1,-1,-5
4067,pad,5,5,5,1,1,1,-2,-2,-3,2,-3,5,-2,-1,0,1
4068,pad,8,8,8,1,1,1,-2,-1,-2,1,-2,1,0,-2,4,0
4069,pad,1,1,1,1,1,1,-3,4,-1,-3,0,-2,-2,1,-3,-1
4070,pad,0,0,0,1,1,1,5,-3,0,-1,-3,-1,0,-1,-1,-1
4071,pad,4,4,4,1,1,1,-1,-1,-3,-2,3,-2,-1,0,-1,1
4072,pad,5,5,5,1,1,1,-2,-1,-2,2,-2,3,-1,-1,0,0
4073,pad,7,7,7,1,1,1,-3,0,0,-1,0,-2,-5,4,-1,-1
4074,pad,1,1,1,1,1,1,-3,3,-1,-3,-1,-1,-2,0,-2,0
4075,pad,8,8,8,1,1,1,-1,-1,-1,-1,-1,1,1,-2,3,-1
4076,pad,5,5,5,1,1,1,-1,-1,-2,1,-2,4,0,-1,0,1
4077,pad,1,1,1,1,1,1,-3,4,-2,-3,0,-1,-2,-1,-2,0
4078,pad,9,8,8,0,0,1,0,-2,0,0,-2,0,-2,-1,2,1
4079,pad,0,0,0,1,1,1,4,-2,-2,0,-2,-1,1,-1,0,0
4080,pad,0,0,0,1,1,1,4,-1,-2,-1,-3,1,1,-1,0,-1
4081,pad,6,6,6,1,1,1,1,-2,-1,-2,-2,1,5,-4,0,-3
4082,pad,0,0,0,1,1,1,3,-2,-2,-1,-1,0,2,-2,0,0
4083,pad,7,7,7,1,1,1,-3,0,0,0,-1,-1,-5,4,-1,-1
4084,pad,3,3,3,1,1,1,-1,-1,0,4,-4,0,-2,-1,1,-1
4085,pad,1,1,1,1,1,1,-4,4,-1,-3,0,-1,-3,1,-3,-1
4086,pad,8,8,8,1,1,1,-2,-1,-1,-1,0,0,0,-1,3,0
4087,pad,3,3,3,1,1,1,-2,0,-1,3,-2,0,-2,0,1,-1
4088,pad,9,9,9,1,1,1,-2,-2,-2,-2,1,-1,-4,-1,-1,4
4089,pad,7,7,7,1,1,1,-2,0,1,0,0,-1,-4,3,-1,-1
4090,pad,0,0,0,1,1,1,4,-2,-1,-1,-3,0,0,-1,0,-1
4091,pad,0,0,0,1,1,1,3,-3,-3,0,-1,0,1,-2,0,0
4092,pad,8,8,8,1,1,1,0,-2,-3,-1,-3,2,1,-3,5,-1
4093,pad,9,9,9,1,1,1,0,-2,-2,1,-1,0,-3,0,-1,3
4094,pad,5,5,5,1,1,1,-1,-1,0,2,-2,3,-1,-1,0,0
4095,pad,9,9,9,1,1,1,-2,-2,-2,0,0,-2,-4,0,-1,4
4096,pad,8,8,8,1,1,1,-1,-2,-1,0,-2,0,-1,-3,4,0
4097,pad,3,3,3,1,1,1,-3,-1,-2,5,-3,2,-3,-1,0,0
4098,pad,2,2,2,1,1,1,-1,1,4,0,-2,-2,-1,-1,0,-3
4099,pad,7,7,7,1,1,1,-1,-1,0,1,-1,-1,-4,2,0,-1
4100,pad,2,2,2,1,1,1,-2,1,5,2,-5,-3,-3,0,-1,-5
4101,pad,9,9,9,1,1,1,-2,-1,-3,0,0,-1,-4,0,-1,3
4102,pad,7,7,7,1,1,1,-2,-1,-2,0,0,-1,-4,4,-1,0
4103,pad,2,2,2,1,1,1,-2,1,4,2,-3,-3,-2,0,-1,-5
4104,pad,1,1,1,1,1,1,-1,3,0,-3,-1,-1,-1,0,-1,-2
4105,pad,1,1,1,1,1,1,-2,3,0,-2,-2,0,-2,0,0,-2
4106,pad,3,3,3,1,1,1,-2,-1,-1,5,-5,1,-3,-2,1,-1
4107,pad,7,7,7,1,1,1,-1,0,1,1,-1,-1,-3,2,-1,-2
4108,pad,5,5,5,1,1,1,-2,-1,-2,2,-3,4,-1,-1,1,0
4109,pad,3,3,3,1,1,1,-2,-1,-1,4,-2,1,-1,-1,0,-1
4110,pad,1,1,1,1,1,1,-2,3,-1,-2,-1,-1,-2,1,-1,-1
4111,pad,9,9,9,1,1,1,-2,-1,-1,-1,1,-1,-3,0,-1,4
4112,pad,8,8,8,1,1,1,0,-2,-1,1,-2,-1,-2,-1,3,-1
4113,pad,2,2,2,1,1,1,-2,1,5,1,-3,-3,-2,0,-1,-5
4114,pad,2,2,2,1,1,1,-1,1,4,0,-2,-2,-1,0,-1,-4
4115,pad,2,2,2,1,1,1,-1,0,6,1,-3,-3,-2,0,-1,-5
4116,pad,8,8,8,1,1,1,-2,-2,-3,-1,-1,1,1,-3,5,-1
4117,pad,8,8,8,1,1,1,-1,-2,0,0,-2,-1,-1,-2,4,-1
4118,pad,5,5,5,1,1,1,-2,0,-1,1,-2,3,0,-1,0,0
4119,pad,7,7,7,1,1,1,-2,1,0,0,-1,-1,-3,2,-1,0
4120,pad,3,3,3,1,1,1,-2,-1,-2,4,-3,2,-2,-1,0,1
4121,pad,8,8,8,1,1,1,0,-1,-1,0,-3,0,-1,-2,5,-1
4122,pad,9,9,9,1,1,1,-2,-2,-1,0,0,-1,-4,1,-2,4
4123,pad,8,8,8,1,1,1,-1,-1,-1,0,-2,0,-1,-2,4,-1
4124,pad,8,8,8,1,1,1,-1,-1,-2,0,-1,0,-1,-2,3,0
4125,pad,6,6,6,1,1,1,0,-1,-3,-2,1,0,3,-3,-1,0
4126,pad,8,8,8,1,1,1,0,-1,0,0,-1,-1,-1,-1,2,0
4127,pad,2,2,2,1,1,1,-1,1,5,0,-2,-3,-2,0,-1,-4
4128,pad,3,3,3,1,1,1,-2,-1,-2,4,-3,2,-2,-1,0,0
4129,pad,9,9,9,1,1,1,-1,-1,-2,-1,1,-1,-3,-1,0,3
4130,pad,7,7,7,1,1,1,-2,0,0,0,-1,-1,-4,3,-1,-1
4131,pad,5,5,5,1,1,1,-2,-2,-3,0,-2,5,-1,-2,1,1
4132,pad,6,6,6,1,1,1,0,-1,-2,-2,-1,2,4,-3,-1,-2
4133,pad,2,2,2,1,1,1,-2,1,5,1,-3,-2,-2,0,-1,-4
4134,pad,9,9,9,1,1,1,0,-2,-3,0,0,-1,-2,-1,-1,3
4135,pad,2,2,2,1,1,1,-1,1,5,0,-2,-2,-1,0,-1,-5
4136,pad,8,8,8,1,1,1,-1,-2,-1,0,-2,0,-1,-3,5,0
4137,pad,8,8,8,1,1,1,-2,-2,-2,-1,1,0,0,-2,3,-1
4138,pad,1,1,1,1,1,1,-2,4,-1,-3,-2,-1,-2,0,-1,-2
4139,pad,6,6,6,1,1,1,-2,-1,-1,-2,0,0,3,-1,1,-2
4140,pad,8,8,8,1,1,1,-1,-2,0,0,-1,-1,-1,-1,3,0
4141,pad,8,8,8,1,1,1,-2,-1,-2,0,-1,-1,-2,-2,3,2
4142,pad,7,7,7,1,1,1,-2,0,0,0,-1,-1,-4,3,0,0
4143,pad,9,9,9,1,1,1,-1,-2,-2,0,0,-1,-3,0,0,3
4144,pad,1,1,1,1,1,1,-3,4,-1,-3,0,-1,-2,0,-2,-1
4145,pad,8,8,8,1,1,1,0,-2,-2,0,-3,0,-1,-3,6,-1
4146,pad,0,0,0,1,1,1,3,-2,-2,-1,-1,0,1,-1,0,0
4147,pad,1,1,1,1,1,1,-2,3,-1,-3,0,-1,-1,0,-1,-1
4148,pad,7,7,7,1,1,1,-1,0,2,0,-1,-2,-3,3,-1,-2
4149,pad,2,2,2,1,1,1,1,0,5,1,-3,-3,-2,0,-2,-3
4150,pad,0,0,0,1,1,1,6,-3,-3,-1,-1,-1,2,-2,-2,0
4151,pad,7,7,7,1,1,1,-2,-1,-1,-1,0,-1,-6,4,-1,1
4152,pad,5,5,5,1,1,1,-3,0,-3,-2,0,4,0,-2,1,1
4153,pad,1,1,1,1,1,1,-3,4,-1,-3,0,-1,-2,1,-1,0
4154,pad,9,9,9,1,1,1,-1,-1,-1,-1,1,-2,-4,1,-1,3
4155,pad,0,0,0,1,1,1,6,-3,0,-2,-3,0,1,-2,-1,-1
4156,pad,2,2,2,1,1,1,-1,1,2,2,-3,-2,-2,1,0,-3
4157,pad,0,0,0,1,1,1,4,-3,-2,-1,-2,0,2,-2,0,-1
4158,pad,9,9,9,1,1,1,-1,-2,-2,-1,0,0,-4,0,-1,5
4159,pad,8,8,8,1,1,1,-2,-1,-1,1,-2,0,0,-2,4,-2
4160,pad,6,6,6,1,1,1,1,-2,-3,-3,-1,2,5,-4,-1,-3
4161,pad,2,2,2,1,1,1,0,0,4,0,-2,-2,-2,0,0,-3
4162,pad,3,3,3,1,1,1,-4,0,0,6,-5,1,-4,0,0,-2
4163,pad,9,9,0,1,0,0,1,-1,-1,0,-1,0,-2,0,0,1
4164,pad,3,3,3,1,1,1,-4,0,-1,5,-3,1,-2,-1,0,-2
4165,pad,8,8,8,1,1,1,-1,-1,0,0,-2,0,0,-2,3,-1
4166,pad,0,0,0,1,1,1,5,-2,-1,-2,-3,0,0,-1,0,-1
4167,pad,2,2,2,1,1,1,0,0,2,1,-3,-2,-2,0,1,-2
4168,pad,1,1,1,1,1,1,-2,4,-1,-2,-1,0,-1,-1,-1,0
4169,pad,1,1,1,1,1,1,-2,4,0,-3,-1,-1,-2,1,-1,-2
4170,pad,1,1,1,1,1,1,-3,4,-1,-2,0,0,-2,0,-1,0
4171,pad,1,1,1,1,1,1,-3,3,-1,-2,0,-1,-2,0,-1,0
4172,pad,4,4,4,1,1,1,-4,0,-3,-3,4,-2,-3,-1,-1,1
4173,pad,2,2,2,1,1,1,-1,1,4,1,-2,-2,-2,0,-1,-3
4174,pad,9,9,9,1,1,1,-3,-1,-3,-2,1,-2,-4,-1,-1,4
4175,pad,7,7,7,1,1,1,-2,0,0,0,0,-1,-4,3,-1,-1
4176,pad,2,7,7,0,0,1,-3,1,1,-1,-1,-1,-2,2,-1,-3
4177,pad,5,5,5,1,1,1,-1,-1,-1,-1,-2,4,1,-2,1,0
4178,pad,1,1,1,1,1,1,-1,2,-1,-3,-1,0,1,-1,0,-2
4179,pad,1,1,1,1,1,1,-4,4,-1,-3,0,-1,-2,1,-2,-1
4180,pad,2,2,2,1,1,1,2,0,4,-1,-4,-2,0,-1,-1,-4
4181,pad,1,1,1,1,1,1,-4,4,-1,-3,0,-1,-3,0,-1,0
4182,pad,9,9,9,1,1,1,-1,-2,-2,-1,1,-1,-4,0,0,3
4183,pad,9,9,9,1,1,1,-2,-2,-2,0,0,0,-4,0,-1,4
4184,pad,9,9,9,1,1,1,-1,-1,-2,0,0,0,-2,0,-1,2
4185,pad,1,1,1,1,1,1,-2,3,-1,-3,-1,0,0,0,1,-2
4186,pad,0,0,0,1,1,1,4,-2,-1,-2,-2,-1,1,-1,-1,0
4187,pad,2,2,2,1,1,1,0,1,3,0,-3,-1,-1,0,0,-3
4188,pad,0,0,0,1,1,1,5,-3,0,-1,-3,-1,0,-1,1,-1
4189,pad,2,2,2,1,1,1,1,0,3,0,-4,-2,-1,-1,0,-3
4190,pad,1,1,1,1,1,1,-3,3,-1,-1,-1,0,-2,1,-1,-1
4191,pad,1,1,1,1,1,1,-3,3,-2,-3,0,-1,-2,0,-2,-1
4192,pad,4,4,4,1,1,1,-3,-1,-2,-3,4,-2,-3,0,-2,1
4193,pad,6,6,6,1,1,1,-2,0,-2,-4,2,0,3,-3,-1,-1
4194,pad,4,4,4,1,1,1,-3,0,-1,-2,3,-1,-3,0,-2,1
4195,pad,1,1,1,1,1,1,-2,3,-1,-2,-1,-1,-2,1,-1,-1
4196,pad,5,5,5,1,1,1,-2,-2,-3,1,-2,5,-2,-2,0,2
4197,pad,4,4,4,1,1,1,-2,0,0,-1,2,-1,-3,0,-2,0
4198,pad,9,9,9,1,1,1,-2,-2,-3,-1,1,-2,-5,0,-1,4
4199,pad,7,7,1,1,0,0,-1,1,0,0,0,0,-2,1,-1,0
4200,pad,7,7,7,1,1,1,-3,0,0,0,0,-2,-4,4,-1,0
4201,pad,1,1,1,1,1,1,-1,2,-1,0,-1,0,-1,0,-1,0
4202,pad,5,5,5,1,1,1,-2,-1,-2,1,-3,6,0,-2,0,1
4203,pad,6,6,6,1,1,1,-1,0,-1,-1,1,0,3,-1,-1,-2
4204,pad,2,2,2,1,1,1,-1,1,5,0,-2,-3,-1,0,-3,-5
4205,pad,2,8,2,0,1,0,0,0,1,0,-1,-1,-1,0,1,0
4206,pad,2,2,2,1,1,1,1,-1,4,0,-4,-2,-1,-1,0,-4
4207,pad,8,8,8,1,1,1,-2,-1,1,1,-2,-1,0,-1,3,-3
4208,pad,0,0,0,1,1,1,3,-3,-2,0,-1,-2,0,-1,0,1
4209,pad,6,6,6,1,1,1,0,-1,-1,-2,-1,2,4,-3,0,-3
4210,pad,9,9,9,1,1,1,0,-2,-2,0,0,-1,-2,0,0,3
4211,pad,6,6,6,1,1,1,0,-2,-1,-3,-2,3,4,-4,2,-2
4212,pad,1,1,1,1,1,1,-3,3,0,0,0,-1,-3,1,-2,-1
4213,pad,9,9,9,1,1,1,-1,-2,-2,0,-1,-1,-4,0,0,4
4214,pad,7,7,7,1,1,1,-2,0,-1,0,0,-1,-4,3,-1,0
4215,pad,7,7,7,1,1,1,-4,1,1,0,0,-2,-4,3,-2,-2
4216,pad,1,1,1,1,1,1,-2,3,-1,-2,-1,0,-2,0,-1,0
4217,pad,4,4,4,1,1,1,-5,-1,-2,-6,6,-2,-5,-1,-3,2
4218,pad,8,8,8,1,1,1,-2,-1,-1,-1,-2,0,1,-4,5,-1
4219,pad,5,5,5,1,1,1,-2,-1,-2,-1,-2,5,1,-2,1,1
4220,pad,3,3,3,1,1,1,-3,-1,-2,6,-4,1,-3,-1,1,-1
4221,pad,4,4,4,1,1,1,-4,0,-1,-2,4,-2,-4,0,-4,1
4222,pad,3,3,3,1,1,1,-1,-2,-1,5,-5,2,-3,-2,1,0
4223,pad,4,4,4,1,1,1,-4,-1,-1,-4,4,-3,-3,-1,0,2
4224,pad,9,7,7,0,0,1,-1,0,0,0,0,0,-2,1,-1,1
4225,pad,7,7,7,1,1,1,-3,0,1,1,0,-2,-4,3,-1,-2
4226,pad,5,5,5,1,1,1,-2,-1,-2,1,-3,5,-1,-1,0,1
4227,pad,0,0,0,1,1,1,5,-1,0,-1,-2,0,1,-1,-1,-1
4228,pad,7,7,7,1,1,1,-3,0,1,1,-1,-2,-5,4,-2,-2
4229,pad,4,4,4,1,1,1,-4,-1,-1,-3,5,-3,-4,0,-2,-1
4230,pad,8,8,8,1,1,1,-2,-2,0,-2,-1,-1,0,-3,5,0
4231,pad,8,8,8,1,1,1,1,-2,-1,1,-3,0,-2,-2,3,0
4232,pad,1,1,1,1,1,1,-2,2,-1,-2,0,-1,-2,1,-2,0
4233,pad,5,5,5,1,1,1,-2,-2,-3,0,-2,5,-1,-3,1,2
4234,pad,3,3,3,1,1,1,-3,-2,-2,7,-5,3,-3,-2,1,0
4235,pad,9,9,9,1,1,1,-1,-1,-2,0,-1,-1,-3,0,-1,3
4236,pad,5,5,5,1,1,1,-3,-1,-2,-1,-1,5,0,-1,0,0
4237,pad,9,9,9,1,1,1,-1,-1,-2,-1,0,-2,-4,0,-2,3
4238,pad,7,7,3,1,0,0,-1,0,1,2,-3,-1,-3,1,0,0
4239,pad,6,6,6,1,1,1,0,-2,-1,-2,-2,2,4,-3,1,-2
4240,pad,9,9,9,1,1,1,-2,-2,-3,1,-2,-1,-6,0,-2,5
4241,pad,0,0,0,1,1,1,6,-3,-1,-1,-3,0,1,-2,-1,-1
4242,pad,3,3,3,1,1,1,-3,-1,-2,6,-5,3,-3,-1,0,-1
4243,pad,6,6,6,1,1,1,1,-2,-3,-2,-2,2,4,-3,1,0
4244,pad,3,3,3,1,1,1,-3,0,0,4,-3,1,-2,-1,0,-2
4245,pad,9,9,9,1,1,1,-1,-2,-2,0,0,-2,-3,-1,-1,4
4246,pad,8,8,8,1,1,1,-1,-2,-1,0,-2,0,0,-3,5,-1
4247,pad,2,2,2,1,1,1,-2,1,5,0,-2,-4,-2,0,-1,-4
4248,pad,2,1,1,0,0,1,0,1,1,-1,-1,-1,-2,-1,1,0
4249,pad,1,1,1,1,1,1,-2,4,-1,-3,0,-1,-1,0,-1,-1
4250,pad,2,2,2,1,1,1,0,1,4,1,-2,-2,-2,0,-1,-3
4251,pad,8,8,8,1,1,1,0,-2,-2,0,-2,0,-1,-2,4,-1
4252,pad,6,6,6,1,1,1,-1,-1,-3,-2,0,2,5,-4,-1,-3
4253,pad,8,8,8,1,1,1,-1,-1,-1,0,-2,0,0,-2,4,-1
4254,pad,5,5,5,1,1,1,-2,-3,-3,2,-3,5,0,-2,1,1
4255,pad,5,5,5,1,1,1,-2,-1,-2,2,-1,4,-1,-1,0,0
4256,pad,3,3,0,1,0,0,1,-1,0,1,-2,1,1,-2,-1,-2
4257,pad,9,9,9,1,1,1,-1,-2,-3,0,1,-2,-3,0,0,3
4258,pad,4,4,4,1,1,1,-4,-1,-2,-4,5,-2,-4,-1,-3,0
4259,pad,9,9,9,1,1,1,-1,-1,-2,-1,1,0,-2,-1,-1,3
4260,pad,2,2,2,1,1,1,0,1,5,0,-3,-3,-2,1,-1,-4
4261,pad,5,5,5,1,1,1,-1,-1,-1,0,-2,4,0,-1,0,0
4262,pad,1,1,1,1,1,1,-2,4,-2,-3,-1,-1,-2,0,-1,-2
4263,pad,5,5,5,1,1,1,-3,-1,-2,2,-2,4,-2,-1,0,2
4264,pad,1,1,1,1,1,1,-3,4,-1,-2,0,-1,-2,0,-2,-1
4265,pad,4,7,4,0,1,0,-1,0,-1,-1,1,-2,-3,0,-1,1
4266,pad,4,4,4,1,1,1,-5,0,-3,-4,4,-2,-4,0,-3,2
4267,pad,1,1,1,1,1,1,-3,4,-2,-3,-1,-1,-2,0,-1,-1
4268,pad,4,4,4,1,1,1,-3,0,0,-1,2,0,-3,0,-1,0
4269,pad,4,4,4,1,1,1,-1,-1,-2,-2,3,-1,0,-1,-1,0
4270,pad,3,3,3,1,1,1,-3,-1,0,5,-5,0,-2,-1,1,-2
4271,pad,5,3,3,0,0,1,-1,-1,-1,3,-2,2,-1,-2,0,1
4272,pad,9,9,9,1,1,1,-2,-2,-2,1,-1,-1,-5,1,-2,4
4273,pad,1,1,1,1,1,1,-2,3,-2,-2,-1,0,-2,0,-1,0
4274,pad,2,2,2,1,1,1,0,0,5,1,-3,-4,-3,1,-1,-4
4275,pad,2,2,2,1,1,1,-3,1,5,1,-3,-3,-2,0,-1,-5
4276,pad,3,3,3,1,1,1,-2,-1,-2,5,-4,2,-3,-1,0,1
4277,pad,3,3,3,1,1,1,-1,-1,0,4,-3,1,0,-1,0,-2
4278,pad,0,0,0,1,1,1,5,-2,-1,-1,-3,0,1,-1,0,-1
4279,pad,2,2,2,1,1,1,-2,1,4,1,-3,-1,-1,-1,0,-3
4280,pad,9,9,9,1,1,1,-3,0,-3,-2,1,-2,-4,-1,-1,3
4281,pad,0,0,0,1,1,1,3,-2,-1,-1,-1,-2,0,-1,-1,0
4282,pad,0,0,0,1,1,1,4,-3,-1,-2,-3,0,2,-2,1,-1
4283,pad,9,9,9,1,1,1,0,-2,-2,0,-1,-1,-2,-1,0,3
4284,pad,9,9,3,1,0,0,-2,-1,-1,2,-1,2,-2,-1,-1,1
4285,pad,6,6,6,1,1,1,0,-1,-2,-1,-1,1,4,-3,0,-2
4286,pad,0,0,0,1,1,1,5,-2,-1,0,-2,0,1,-2,-1,0
4287,pad,9,9,9,1,1,1,0,-2,-1,-1,0,-1,-2,0,0,4
4288,pad,3,3,3,1,1,1,-3,-1,-1,6,-5,2,-3,-2,1,0
4289,pad,2,2,2,1,1,1,0,-1,1,0,-1,-1,-1,0,1,-1
4290,pad,8,8,8,1,1,1,-2,-1,-2,0,-2,2,0,-3,4,-1
4291,pad,4,4,4,1,1,1,-2,0,-1,-2,3,-2,-3,0,-2,1
4292,pad,1,1,1,1,1,1,-3,4,-1,-3,-1,-1,-1,0,-1,-1
4293,pad,9,9,9,1,1,1,-2,-2,-2,-1,1,-1,-3,0,-1,4
4294,pad,9,9,9,1,1,1,-1,-2,-1,2,-1,1,-4,1,-1,3
4295,pad,7,7,7,1,1,1,-2,1,0,0,-1,-1,-3,3,-1,-1
4296,pad,2,2,2,1,1,1,-1,1,4,-1,-1,-2,-1,-1,-1,-3
4297,pad,7,7,7,1,1,1,-1,1,0,0,-2,-1,-4,2,0,-1
4298,pad,9,9,9,1,1,1,-2,-2,-2,0,0,-1,-3,0,-1,4
4299,pad,9,9,9,1,1,1,-1,-2,-3,0,0,0,-3,0,-1,3
4300,pad,5,5,5,1,1,1,0,-2,-3,0,-1,4,1,-2,1,0
4301,pad,9,9,9,1,1,1,1,-2,-2,0,-1,1,-1,0,-1,3
4302,pad,5,5,5,1,1,1,-1,-2,-3,1,-2,5,0,-1,0,0
4303,pad,1,1,1,1,1,1,-2,3,-1,-3,-1,-1,-1,0,-1,-2
4304,pad,1,1,1,1,1,1,-3,4,-1,-2,-1,0,-2,0,-1,-1
4305,pad,8,8,8,1,1,1,0,-1,-2,-1,-2,0,0,-3,5,-1
4306,pad,3,3,3,1,1,1,-3,0,-1,2,-2,2,-2,0,0,0
4307,pad,5,5,5,1,1,1,-1,-2,-2,2,-3,5,-1,-2,0,2
4308,pad,1,1,1,1,1,1,-2,3,-2,-3,-1,0,0,-1,0,-1
4309,pad,9,9,9,1,1,1,-2,-1,-2,-2,2,-1,-4,0,-2,3
4310,pad,5,5,5,1,1,1,-2,-1,-3,-3,-1,5,1,-1,1,0
4311,pad,3,3,3,1,1,1,-3,-1,-2,5,-4,2,-3,-2,0,1
4312,pad,5,5,5,1,1,1,-3,-1,-2,0,-1,5,0,-1,1,0
4313,pad,4,4,4,1,1,1,-3,0,-1,-2,2,-1,-2,0,-1,0
4314,pad,9,9,9,1,1,1,-1,-1,-2,-1,1,-1,-2,-1,0,2
4315,pad,5,5,5,1,1,1,-2,-1,-2,1,-2,4,-1,-1,0,1
4316,pad,9,9,9,1,1,1,-1,-2,-2,0,0,-1,-3,0,-1,2
4317,pad,3,3,3,1,1,1,-1,-1,-1,3,-2,1,-2,0,0,0
4318,pad,1,1,1,1,1,1,-1,3,-1,-2,-1,0,-1,0,0,-1
4319,pad,9,9,9,1,1,1,-2,-3,-3,0,0,0,-5,0,-2,4
4320,pad,0,0,0,1,1,1,4,-3,-2,-1,-1,-2,0,-1,0,1
4321,pad,9,9,9,1,1,1,-1,-3,-2,2,-2,1,-4,-1,0,4
4322,pad,7,7,7,1,1,1,-2,0,1,0,0,-1,-4,4,-1,-1
4323,pad,5,5,5,1,1,1,-2,-1,-1,2,-2,3,0,-1,1,-1
4324,pad,4,4,4,1,1,1,-4,0,-1,-4,5,-2,-4,0,-2,0
4325,pad,9,9,9,1,1,1,-1,-1,-2,0,-1,-1,-3,0,0,2
4326,pad,2,2,2,1,1,1,0,0,4,1,-2,-2,-1,0,-1,-4
4327,pad,0,0,0,1,1,1,4,-2,-1,-1,-2,0,1,-2,-1,0
4328,pad,1,1,1,1,1,1,-2,3,-1,-2,-1,-1,-1,0,-1,0
4329,pad,0,0,0,1,1,1,3,-2,-2,-1,-1,0,1,-1,-1,0
4330,pad,5,5,5,1,1,1,-1,-1,-2,0,-2,4,0,-2,2,0
4331,pad,1,1,1,1,1,1,-3,4,-1,-3,0,-1,-2,0,-1,0
4332,pad,4,4,4,1,1,1,-3,-1,-1,-3,4,-2,-2,0,-3,0
4333,pad,9,9,9,1,1,1,-1,-2,-2,1,0,0,-4,0,-2,3
4334,pad,3,3,3,1,1,1,-3,0,-1,5,-4,2,-3,-1,0,-1
4335,pad,3,3,3,1,1,1,-1,-1,-1,4,-3,1,-2,-1,1,1
4336,pad,6,6,6,1,1,1,-1,-1,-2,-1,1,1,4,-2,-1,-4
4337,pad,1,1,1,1,1,1,-3,4,-1,-2,0,-1,-2,0,-1,0
4338,pad,5,5,5,1,1,1,-3,-2,-2,1,-2,4,-1,-2,1,1
4339,pad,2,2,2,1,1,1,0,1,5,1,-3,-3,-2,1,-1,-4
4340,pad,5,5,5,1,1,1,-2,-2,-2,2,-3,4,-1,-2,0,1
4341,pad,2,2,2,1,1,1,-1,0,3,1,-2,-1,0,0,0,-3
4342,pad,2,2,2,1,1,1,-2,0,4,1,-2,-2,-1,0,0,-4
4343,pad,0,0,0,1,1,1,4,-2,-1,-1,-3,1,1,-3,1,-1
4344,pad,9,9,9,1,1,1,-1,-1,0,0,-1,0,-2,0,0,1
4345,pad,2,2,2,1,1,1,-2,1,6,-1,-1,-4,-2,-2,0,-4
4346,pad,6,6,6,1,1,1,-1,0,-2,-2,0,1,4,-2,0,-2
4347,pad,6,6,6,1,1,1,0,-1,-3,-2,0,2,5,-3,0,-2
4348,pad,0,0,0,1,1,1,5,-3,-1,-2,-2,-1,2,-2,-1,-1
4349,pad,1,1,1,1,1,1,-3,3,-1,-1,0,0,-1,0,-1,0
4350,pad,2,2,2,1,1,1,-1,0,4,2,-4,-2,-2,-1,0,-4
4351,pad,0,0,0,1,1,1,4,-3,-1,-2,-2,1,3,-2,-1,-1
4352,pad,3,3,3,1,1,1,-1,-2,-1,5,-5,1,-3,-2,2,0
4353,pad,0,0,0,1,1,1,4,-1,-1,-1,-2,0,0,-1,-1,-1
4354,pad,2,2,2,1,1,1,0,1,4,0,-3,-3,-1,1,-1,-4
4355,pad,5,5,5,1,1,1,-2,0,-1,2,-2,3,-1,0,0,0
4356,pad,5,5,5,1,1,1,-1,-2,-3,-1,0,3,0,-2,1,1
4357,pad,7,7,7,1,1,1,-3,-1,-1,0,0,-1,-5,4,-1,1
4358,pad,9,9,9,1,1,1,-1,-2,-2,0,0,-1,-4,0,-1,3
4359,pad,5,5,5,1,1,1,0,-1,-1,1,-2,2,-1,-1,0,1
4360,pad,5,5,5,1,1,1,-3,-1,-2,2,-1,3,-1,-2,1,1
4361,pad,0,0,0,1,1,1,4,-1,-1,0,-2,0,1,-1,0,-1
4362,pad,8,8,8,1,1,1,-2,-2,-2,0,-2,1,-1,-3,5,0
4363,pad,9,9,9,1,1,1,-2,-2,-4,0,-1,1,-3,-1,-2,5
4364,pad,5,5,5,1,1,1,-2,-1,-3,0,-2,6,0,-2,1,-1
4365,pad,0,0,0,1,1,1,4,-3,-2,-1,-2,-1,0,-1,-1,1
4366,pad,3,3,3,1,1,1,-3,-2,-1,6,-5,1,-2,-2,1,-1
4367,pad,2,2,2,1,1,1,-1,2,6,-1,-1,-3,-1,0,-3,-5
4368,pad,5,5,5,1,1,1,-1,0,-1,0,-1,3,0,-1,0,0
4369,pad,9,9,9,1,1,1,-2,-1,-2,-2,1,-1,-2,0,-1,2
4370,pad,0,0,0,1,1,1,4,-1,-2,-2,-2,-1,1,-1,0,-1
4371,pad,8,8,8,1,1,1,-1,-2,-3,0,-3,1,-1,-3,5,-1
4372,pad,8,8,8,1,1,1,-1,-2,-2,0,-1,0,-1,-3,5,0
4373,pad,4,4,4,1,1,1,-2,0,0,-2,2,-1,-1,-1,-1,0
4374,pad,5,5,5,1,1,1,0,-1,-1,-1,-1,2,0,-1,0,0
4375,pad,8,8,8,1,1,1,-1,-2,-2,0,-3,1,0,-3,5,-1
4376,pad,8,8,8,1,1,1,-1,-1,-1,0,-1,1,0,-2,3,-1
4377,pad,4,4,4,1,1,1,-3,-1,-2,-3,4,-2,-3,-1,-1,0
4378,pad,5,5,5,1,1,1,-2,-1,-3,0,-3,6,0,-2,1,0
4379,pad,4,4,4,1,1,1,-3,0,-1,-3,4,-2,-4,1,-4,0
4380,pad,8,8,8,1,1,1,-2,-1,-1,-1,-1,2,1,-2,3,-1
4381,pad,5,5,5,1,1,1,-2,-2,-3,-1,-2,7,1,-3,1,1
4382,pad,4,4,4,1,1,1,-3,0,-2,-2,3,-2,-3,0,-1,1
4383,pad,9,9,9,1,1,1,-2,-2,-1,-1,1,-2,-4,-1,1,4
4384,pad,2,2,2,1,1,1,1,2,3,-1,-2,-1,0,-1,-2,-4
4385,pad,2,2,2,1,1,1,0,1,5,0,-3,-3,-1,1,-1,-5
4386,pad,1,1,1,1,1,1,-3,4,-1,-3,-1,0,-1,0,-1,0
4387,pad,2,2,2,1,1,1,0,1,4,0,-2,-2,-2,0,-2,-4
4388,pad,6,6,6,1,1,1,0,-1,-2,-1,-1,2,5,-2,0,-3
4389,pad,8,8,8,1,1,1,-1,-1,-1,0,-1,0,-1,-2,3,0
4390,pad,8,8,8,1,1,1,-1,-2,-2,0,-2,0,-1,-3,5,1
4391,pad,7,7,7,1,1,1,-2,-1,-1,-1,1,-1,-4,4,-1,0
4392,pad,0,0,0,1,1,1,4,-3,-2,-1,-1,-1,1,-1,-1,0
4393,pad,3,3,3,1,1,1,-2,-1,-1,4,-3,2,-2,-1,0,-1
4394,pad,6,6,6,1,1,1,0,-1,-3,-2,0,1,4,-3,-1,-1
4395,pad,6,6,6,1,1,1,-1,-1,-3,-2,0,1,5,-3,0,-3
4396,pad,4,4,4,1,1,1,-3,-1,-2,-3,4,-2,-3,-1,-1,1
4397,pad,3,3,3,1,1,1,-4,0,-1,5,-3,2,-2,0,-1,-3
4398,pad,8,8,8,1,1,1,0,-2,-1,-1,-3,0,-1,-3,6,-1
4399,pad,8,8,8,1,1,1,0,-2,-2,0,-1,-1,0,-2,3,1
4400,pad,7,7,7,1,1,1,-4,2,1,0,0,-2,-3,3,-1,-2
4401,pad,2,2,2,1,1,1,0,0,3,0,-2,-2,-2,1,0,-2
4402,pad,2,2,2,1,1,1,0,1,6,0,-3,-4,-2,1,-2,-4
4403,pad,0,0,0,1,1,1,4,-2,-1,0,-2,0,1,-2,0,1
4404,pad,0,0,0,1,1,1,5,-2,-1,-1,-3,0,1,-1,-1,0
4405,pad,9,9,9,1,1,1,-2,-1,-2,-1,1,-1,-3,0,-1,2
4406,pad,3,3,3,1,1,1,-3,0,0,5,-4,0,-3,0,1,-2
4407,pad,9,9,9,1,1,1,-2,-2,-2,-2,1,-2,-4,0,-1,3
4408,pad,9,9,9,1,1,1,0,-2,-2,-1,1,-1,-2,0,-1,3
4409,pad,1,1,1,1,1,1,-1,3,0,-2,-2,-1,-1,0,0,-2
4410,pad,9,9,9,1,1,1,-1,-2,-2,-1,1,-2,-4,0,0,3
4411,pad,8,8,8,1,1,1,-1,-2,-3,0,-3,2,0,-4,6,-1
4412,pad,6,6,6,1,1,1,0,-1,-3,-2,0,2,5,-3,-2,-3
4413,pad,6,6,6,1,1,1,-1,-1,-1,-1,0,2,3,-2,0,-2
4414,pad,4,4,4,1,1,1,-4,-1,-2,-4,5,-2,-3,-1,-3,1
4415,pad,2,2,2,1,1,1,0,0,3,0,-2,-2,-1,-1,0,-2
4416,pad,6,6,6,1,1,1,0,-1,-3,-2,0,1,5,-3,-1,-2
4417,pad,9,9,9,1,1,1,-1,-2,-3,0,-1,-1,-5,-1,-2,5
4418,pad,2,2,2,1,1,1,0,1,6,0,-3,-3,-2,1,-1,-4
4419,pad,8,8,8,1,1,1,-2,-1,-1,0,0,0,0,0,2,-1
4420,pad,5,5,5,1,1,1,-2,-1,-2,2,-3,5,-1,-1,0,1
4421,pad,4,4,4,1,1,1,-2,-1,-1,-3,4,-2,-2,-1,-3,0
4422,pad,5,5,5,1,1,1,-2,-2,-2,3,-3,4,-2,-1,-1,2
4423,pad,7,7,7,1,1,1,-5,1,0,0,0,-2,-4,4,-2,-3
4424,pad,9,9,9,1,1,1,-2,-1,-3,-2,1,-2,-3,-1,0,3
4425,pad,9,9,9,1,1,1,-2,-1,-3,-2,1,-2,-3,-1,-1,4
4426,pad,9,9,9,1,1,1,-1,-1,-2,0,0,-1,-3,-1,-1,3
4427,pad,2,2,2,1,1,1,0,1,5,1,-3,-3,-3,1,-1,-4
4428,pad,1,1,1,1,1,1,-2,4,-1,-3,-1,0,0,-1,0,-1
4429,pad,8,8,8,1,1,1,-1,-1,-2,-1,-2,2,1,-3,4,0
4430,pad,3,3,3,1,1,1,-4,0,-1,5,-3,1,-3,0,1,-1
4431,pad,4,4,4,1,1,1,-4,0,-2,-2,4,-1,-3,0,-2,0
4432,pad,0,0,0,1,1,1,3,-2,0,-1,-1,0,1,-1,-1,0
4433,pad,7,7,7,1,1,1,-3,1,1,0,-1,-1,-2,2,-1,-2
4434,pad,8,8,8,1,1,1,-1,-1,-2,0,-1,1,0,-2,4,0
4435,pad,3,3,3,1,1,1,-2,-1,1,4,-3,-1,-3,1,0,-1
4436,pad,9,9,9,1,1,1,-1,-2,-3,0,-1,-1,-4,0,-2,4
4437,pad,3,3,2,1,0,0,0,0,2,1,-2,-1,-2,0,0,-1
4438,pad,4,4,4,1,1,1,-1,-2,-2,-2,2,-1,-1,-1,-1,0
4439,pad,6,6,6,1,1,1,-1,-1,-3,-2,1,-1,2,-1,0,0
4440,pad,5,5,5,1,1,1,-2,-2,-2,2,-2,5,-2,-1,-1,2
4441,pad,6,6,6,1,1,1,-1,-1,-4,-2,0,1,6,-3,0,-2
4442,pad,2,2,2,1,1,1,-2,1,5,0,-2,-3,-2,0,-1,-5
4443,pad,3,2,2,0,0,1,0,1,2,0,-1,-1,-2,0,-1,-1
4444,pad,9,9,9,1,1,1,-1,-1,-1,0,1,-1,-3,0,-1,2
4445,pad,2,2,2,1,1,1,-2,1,4,1,-2,-2,-2,0,-1,-3
4446,pad,6,6,6,1,1,1,-1,-1,-2,-2,0,1,4,-2,0,-3
4447,pad,0,0,0,1,1,1,4,-2,-1,-1,-2,0,0,-1,-1,0
4448,pad,0,0,0,1,1,1,5,-3,-2,-1,-2,0,1,-2,-1,0
4449,pad,6,6,6,1,1,1,1,-1,-1,-2,-1,1,3,-2,1,-1
4450,pad,1,1,1,1,1,1,-3,3,-1,-3,0,0,-2,1,-2,0
4451,pad,2,2,2,1,1,1,0,0,2,0,-2,-1,-1,0,0,-1
4452,pad,8,8,8,1,1,1,-2,-1,-1,0,-2,1,0,-3,4,-1
4453,pad,7,7,7,1,1,1,-2,0,0,0,0,-1,-3,2,-1,0
4454,pad,9,9,9,1,1,1,-1,-3,-3,0,0,-1,-5,-1,1,3
4455,pad,8,8,8,1,1,1,-1,-2,-1,-1,-1,-1,-2,-2,5,0
4456,pad,2,2,2,1,1,1,0,1,6,0,-4,-4,-2,1,-1,-6
4457,pad,0,0,0,1,1,1,5,-3,-1,-1,-3,-1,0,0,0,-1
4458,pad,4,4,4,1,1,1,-3,0,-1,-2,3,-1,-3,-1,-2,0
4459,pad,7,7,7,1,1,1,-1,0,1,0,-1,-2,-5,4,-1,-1
4460,pad,7,7,2,1,0,0,0,0,2,1,-3,-1,-4,2,0,-1
4461,pad,5,5,5,1,1,1,-1,-1,-2,2,-2,3,-1,-1,0,0
4462,pad,0,0,0,1,1,1,5,-2,-2,-1,-3,0,1,-2,-1,0
4463,pad,5,5,5,1,1,1,-2,-2,-2,1,-3,5,-1,-2,0,1
4464,pad,6,6,6,1,1,1,-1,-2,-4,-3,0,1,7,-4,0,-3
4465,pad,4,4,4,1,1,1,-3,-1,0,-2,4,-1,-3,-1,-3,0
4466,pad,6,6,6,1,1,1,-2,0,-2,-1,0,1,4,-1,0,-4
4467,pad,7,7,7,1,1,1,-2,0,-2,-1,0,-1,-5,3,-1,-1
4468,pad,4,4,4,1,1,1,-3,-1,-2,-3,4,-2,-2,0,-2,-1
4469,pad,3,3,3,1,1,1,-1,0,0,3,-2,0,-2,-1,1,-1
4470,pad,0,0,0,1,1,1,5,-2,-1,-1,-3,0,1,-1,0,-2
4471,pad,7,7,7,1,1,1,-2,0,1,0,-1,-2,-5,4,-1,-1
4472,pad,5,5,5,1,1,1,-1,-2,-2,-1,-1,4,0,-2,2,1
4473,pad,0,0,0,1,1,1,4,-1,-1,-1,-2,0,1,-1,0,-1
4474,pad,7,7,7,1,1,1,-3,0,1,0,0,-2,-6,5,-1,-1
4475,pad,4,4,4,1,1,1,-4,-1,-1,-4,5,-1,-4,-1,-2,1
4476,pad,2,2,2,1,1,1,0,1,5,0,-3,-3,-1,1,-2,-5
4477,pad,0,0,0,1,1,1,2,0,-2,-1,-1,0,2,-2,0,-2
4478,pad,8,8,8,1,1,1,-1,-1,-2,-1,-1,1,1,-3,4,-1
4479,pad,9,9,9,1,1,1,-2,0,-1,0,0,-1,-3,0,-1,3
4480,pad,9,9,9,1,1,1,-2,-2,-2,-1,0,0,-4,0,-1,4
4481,pad,4,4,4,1,1,1,-3,0,-1,-2,3,-1,-3,0,-2,-1
4482,pad,2,2,2,1,1,1,1,-1,4,1,-4,-2,-1,-1,0,-3
4483,pad,4,4,4,1,1,1,-4,1,-2,-4,3,-1,-3,-1,-1,0
4484,pad,6,6,6,1,1,1,2,-2,-4,-2,-1,2,5,-4,-1,-2
4485,pad,7,7,7,1,1,1,-3,0,0,0,0,-2,-6,4,-1,0
4486,pad,8,8,8,1,1,1,-2,-1,-2,-1,-1,1,0,-3,5,0
4487,pad,7,7,2,1,0,0,-2,0,1,1,-2,-1,-3,1,1,-2
4488,pad,6,6,6,1,1,1,-1,-1,-1,-2,-1,1,3,-2,1,-1
4489,pad,9,9,9,1,1,1,-2,-2,-1,1,0,0,-3,-2,1,3
4490,pad,4,4,4,1,1,1,-2,-1,-1,-2,4,-2,-3,0,-1,0
4491,pad,1,1,1,1,1,1,-3,5,-1,-3,0,0,-2,-1,-2,0
4492,pad,3,3,3,1,1,1,-3,0,-1,4,-3,1,-2,0,0,-1
4493,pad,7,7,7,1,1,1,-1,0,0,0,-1,-1,-3,2,-1,0
4494,pad,3,3,3,1,1,1,-1,-1,-2,4,-2,2,-2,-1,-1,0
4495,pad,0,0,0,1,1,1,6,-4,-2,-3,-3,-1,1,-2,0,-1
4496,pad,8,8,8,1,1,1,-1,-1,-1,0,-1,0,0,-2,4,0
4497,pad,8,7,7,0,0,1,-2,0,1,1,-1,-2,-3,2,1,-1
4498,pad,7,7,7,1,1,1,-5,-1,0,0,0,-2,-2,2,0,-4
4499,pad,6,6,6,1,1,1,-1,-1,-2,-2,0,1,5,-3,0,-3
4500,pad,9,9,1,1,0,0,-2,1,-2,-1,0,-1,-2,-1,0,1
4501,pad,3,3,3,1,1,1,-2,-2,-3,6,-5,4,-3,-2,-1,1
4502,pad,9,9,9,1,1,1,-2,-2,-2,0,0,-2,-5,-1,-1,4
4503,pad,2,2,2,1,1,1,-1,1,6,1,-3,-3,-2,1,-2,-5
4504,pad,2,2,2,1,1,1,-1,1,3,-1,-1,-1,-2,1,-2,-2
4505,pad,9,9,9,1,1,1,-1,-2,-2,1,-1,1,-3,0,-1,2
4506,pad,2,2,2,1,1,1,1,-1,3,1,-3,-2,-1,-1,0,-2
4507,pad,1,1,0,1,0,0,1,1,0,-1,-3,-1,-2,0,1,-1
4508,pad,8,8,8,1,1,1,-1,-2,-3,1,-2,1,-1,-3,5,-1
4509,pad,3,3,3,1,1,1,-1,-1,1,4,-3,-1,-3,0,1,-1
4510,pad,2,2,2,1,1,1,-1,1,5,0,-2,-3,-2,0,0,-3
4511,pad,9,9,9,1,1,1,-2,-2,-2,-1,1,-1,-5,0,-1,4
4512,pad,6,6,6,1,1,1,0,-1,-1,-2,-1,1,4,-3,0,-3
4513,pad,8,8,8,1,1,1,-1,-1,-1,-1,-2,2,0,-3,5,-1
4514,pad,4,4,4,1,1,1,-4,0,-2,-4,4,-2,-3,-1,-2,1
4515,pad,0,0,0,1,1,1,4,-2,-2,-1,-2,-1,0,-1,0,0
4516,pad,1,1,1,1,1,1,-3,4,-1,-3,-1,0,-2,0,-1,0
4517,pad,2,2,2,1,1,1,0,0,6,0,-3,-3,-2,0,-1,-4
4518,pad,8,8,8,1,1,1,-1,-2,-2,0,-2,1,-1,-3,5,-1
4519,pad,4,4,4,1,1,1,-3,-1,-2,-3,4,-2,-3,0,-2,1
4520,pad,5,5,5,1,1,1,-1,-1,-2,0,-2,4,0,-2,1,1
4521,pad,2,2,2,1,1,1,1,1,4,0,-2,-2,-2,0,-2,-3
4522,pad,7,7,7,1,1,1,-2,0,0,0,0,-1,-5,4,-1,1
4523,pad,8,8,8,1,1,1,0,-1,-1,0,-2,0,0,-2,4,-2
4524,pad,1,1,1,1,1,1,-2,4,-1,-3,0,-1,-2,0,-1,-1
4525,pad,1,1,1,1,1,1,-3,4,-1,-2,0,-1,-2,1,-1,0
4526,pad,3,3,3,1,1,1,-2,0,-1,4,-4,0,-3,-1,1,0
4527,pad,0,0,0,1,1,1,3,-3,-1,-1,-2,-2,1,-1,0,0
4528,pad,3,3,3,1,1,1,-4,-2,-2,5,-4,3,-2,-2,1,-1
4529,pad,5,5,5,1,1,1,-2,-1,-2,1,-2,5,-1,-1,1,1
4530,pad,7,7,7,1,1,1,-3,0,0,0,0,-1,-5,4,-1,0
4531,pad,0,0,0,1,1,1,4,-2,-1,-1,-2,1,1,-1,0,-1
4532,pad,3,3,3,1,1,1,-3,-1,-1,6,-4,2,-3,-1,0,0
4533,pad,1,1,1,1,1,1,-2,3,-1,-2,-1,0,-1,0,-1,-1
4534,pad,9,9,9,1,1,1,-1,-1,-2,1,-1,-1,-4,1,-1,2
4535,pad,3,3,3,1,1,1,-2,-2,-2,5,-5,2,-3,-2,1,0
4536,pad,6,5,5,0,0,1,-1,-1,-3,-2,-1,3,3,-2,1,0
4537,pad,3,3,3,1,1,1,-3,-1,-1,5,-4,1,-2,-1,1,-1
4538,pad,1,1,1,1,1,1,-3,4,-1,-3,0,-2,-3,-1,-1,0
4539,pad,7,7,7,1,1,1,-2,0,0,0,0,-2,-4,3,-1,-1
4540,pad,7,7,7,1,1,1,-2,0,-1,1,-1,-1,-4,3,-1,-1
4541,pad,3,3,3,1,1,1,-3,-1,-1,6,-5,2,-4,-1,1,0
4542,pad,0,0,0,1,1,1,6,-3,-2,-2,-2,-2,1,-1,-1,0
4543,pad,8,8,8,1,1,1,-2,0,-1,1,-1,0,-1,-1,3,-1
4544,pad,4,4,4,1,1,1,-2,0,-1,-3,4,-1,-2,0,-2,0
4545,pad,8,8,8,1,1,1,-1,-1,-2,0,-2,0,-1,-3,4,0
4546,pad,2,2,2,1,1,1,0,0,4,0,-3,-3,-2,0,1,-2
4547,pad,6,4,4,0,0,1,-1,0,0,-3,1,-1,0,-2,1,-1
4548,pad,5,5,5,1,1,1,-1,0,-2,1,-1,3,0,-1,0,-1
4549,pad,2,2,2,1,1,1,-1,0,5,0,-3,-3,-2,0,-1,-4
4550,pad,9,9,9,1,1,1,-2,-2,-2,-1,1,-1,-4,0,-1,4
4551,pad,7,7,7,1,1,1,-2,0,-1,-1,0,-1,-3,1,-2,0
4552,pad,3,3,3,1,1,1,-1,-1,0,3,-2,0,-1,-1,2,-1
4553,pad,9,9,9,1,1,1,-1,-2,-2,0,-1,0,-4,1,-1,4
4554,pad,0,0,0,1,1,1,5,-2,-1,0,-2,-1,0,-1,0,0
4555,pad,9,9,9,1,1,1,-2,-2,-2,-1,1,-1,-4,-1,-1,5
4556,pad,9,9,9,1,1,1,-3,0,-2,-2,1,-2,-4,0,-1,3
4557,pad,6,6,6,1,1,1,-1,-1,-1,-1,0,1,5,-2,0,-4
4558,pad,4,4,4,1,1,1,-2,-1,-2,-3,4,-2,-2,0,-2,1
4559,pad,2,2,2,1,1,1,-2,0,6,1,-3,-4,-2,0,-1,-5
4560,pad,9,9,9,1,1,1,-1,-1,-2,0,-1,-1,-3,0,0,3
4561,pad,7,7,7,1,1,1,-1,-1,-1,0,0,-1,-4,3,0,0
4562,pad,2,2,2,1,1,1,0,0,4,1,-3,-2,-2,-1,0,-3
4563,pad,1,1,1,1,1,1,-1,4,0,-3,-2,-1,-1,-1,-1,-2
4564,pad,1,1,1,1,1,1,-3,4,-2,-3,0,-1,-2,0,-1,-1
4565,pad,6,6,6,1,1,1,-1,0,-2,-1,-1,1,3,-2,0,-1
4566,pad,7,7,2,1,0,0,-2,1,2,1,-1,-2,-2,2,-1,-3
4567,pad,4,4,4,1,1,1,-2,0,-1,-2,2,-1,-2,0,-1,1
4568,pad,7,7,7,1,1,1,-1,0,-1,0,0,0,-4,3,-1,0
4569,pad,5,5,5,1,1,1,-2,-1,-2,0,-3,4,0,-2,2,0
4570,pad,9,9,9,1,1,1,-2,-2,-3,-1,1,-1,-4,-1,-1,4
4571,pad,6,6,0,1,0,0,2,-1,-2,0,-1,-1,1,-2,1,0
4572,pad,8,8,8,1,1,1,-2,-2,-1,1,-2,-1,-1,-3,5,1
4573,pad,2,2,2,1,1,1,1,0,4,0,-3,-2,-2,0,-1,-3
4574,pad,1,1,1,1,1,1,-1,2,-1,-2,0,-1,-1,0,0,0
4575,pad,4,4,4,1,1,1,0,0,0,-2,3,-2,-1,-1,-2,0
4576,pad,4,4,4,1,1,1,-4,0,-1,-3,4,-1,-4,0,-4,0
4577,pad,5,5,5,1,1,1,-3,-1,-3,0,-1,4,-1,0,0,-1
4578,pad,7,7,7,1,1,1,-1,1,0,0,0,-1,-2,2,-1,0
4579,pad,6,6,6,1,1,1,0,-1,-3,-1,-1,2,3,-3,1,-1
4580,pad,1,1,1,1,1,1,-3,4,-1,-3,-1,-1,-2,1,-2,-2
4581,pad,3,3,3,1,1,1,-3,-1,-1,6,-5,2,-3,-2,1,-1
4582,pad,2,2,2,1,1,1,-1,1,3,0,-1,-2,-1,-1,0,-2
4583,pad,5,5,5,1,1,1,-2,-1,-2,0,-2,5,-1,-1,0,0
4584,pad,9,9,9,1,1,1,1,-1,-1,0,-1,-1,-1,0,0,2
4585,pad,9,9,9,1,1,1,-1,-2,-3,-1,1,-2,-4,-1,-1,4
4586,pad,3,3,3,1,1,1,0,-2,-1,3,-3,0,-2,-1,1,1
4587,pad,6,6,6,1,1,1,-1,-1,-2,-3,0,1,5,-3,0,-2
4588,pad,1,1,1,1,1,1,-3,4,-1,-3,0,-1,-2,0,-2,-1
4589,pad,1,1,1,1,1,1,-1,3,-1,-3,-2,0,0,0,0,-2
4590,pad,4,4,4,1,1,1,-2,-1,-1,-2,3,-2,-3,0,-2,1
4591,pad,6,6,6,1,1,1,0,-1,-2,-3,0,2,4,-3,0,-1
4592,pad,9,9,9,1,1,1,-1,-2,-2,-1,1,-3,-4,1,0,4
4593,pad,7,7,7,1,1,1,0,0,1,0,-1,-1,-3,2,-1,-1
4594,pad,2,2,2,1,1,1,0,0,3,0,-2,-2,-2,1,-1,-3
4595,pad,1,1,1,1,1,1,-3,4,-1,-3,0,-1,-2,1,-2,-1
4596,pad,5,5,5,1,1,1,-2,-2,-2,-1,-3,6,1,-2,1,1
4597,pad,1,1,1,1,1,1,-1,3,-1,-2,0,-1,-1,0,-1,-1
4598,pad,4,4,4,1,1,1,-3,0,-2,-4,4,-2,-3,-1,-2,2
4599,pad,6,6,6,1,1,1,0,-1,-2,-2,0,1,4,-2,0,-2
4600,pad,3,3,3,1,1,1,-2,-2,-1,7,-6,1,-4,-2,1,0
4601,pad,8,8,8,1,1,1,-3,0,-1,0,0,-1,-2,1,2,-2
4602,pad,1,1,1,1,1,1,-2,4,-1,-3,-1,-1,-1,0,-1,-2
4603,pad,1,1,1,1,1,1,-3,3,-1,-2,-1,-1,-2,1,-1,0
4604,pad,0,0,0,1,1,1,3,-3,-2,-1,-2,1,3,-2,1,-1
4605,pad,3,3,3,1,1,1,-2,-1,-1,4,-3,1,-2,-1,0,0
4606,pad,1,1,1,1,1,1,-1,3,0,-2,-1,0,-1,0,0,-2
4607,pad,6,6,6,1,1,1,-1,-1,-3,-2,-1,1,5,-4,0,-3
4608,pad,8,8,8,1,1,1,-1,-2,-1,1,-3,0,0,-3,4,-1
4609,pad,4,4,4,1,1,1,-3,-1,-2,-3,4,-1,-2,-1,-1,0
4610,pad,9,9,9,1,1,1,-2,-2,-2,0,0,-1,-4,-1,-1,4
4611,pad,0,0,0,1,1,1,5,-2,-1,-1,-2,-1,1,-1,0,-1
4612,pad,7,7,7,1,1,1,-3,0,-1,-1,0,-2,-5,4,-1,0
4613,pad,3,3,3,1,1,1,-2,-1,-2,5,-4,2,-3,-1,0,0
4614,pad,0,0,0,1,1,1,5,-3,-3,0,-2,2,3,-2,0,-1
4615,pad,2,2,2,1,1,1,0,0,4,-1,-2,-2,-1,-1,-1,-4
4616,pad,9,9,9,1,1,1,-1,-2,-1,1,-1,0,-3,0,-1,3
4617,pad,0,0,0,1,1,1,4,-3,-2,0,-2,1,2,-2,0,0
4618,pad,6,6,6,1,1,1,1,-2,-3,-2,-1,1,4,-3,0,-1
4619,pad,6,6,5,1,0,0,0,-2,-3,-1,-1,2,2,-2,1,1
4620,pad,6,6,6,1,1,1,1,-1,1,-2,-1,1,3,-2,-2,-3
4621,pad,3,3,3,1,1,1,-5,0,-1,6,-4,2,-2,-1,0,-3
4622,pad,6,6,6,1,1,1,0,-1,-2,-1,-1,1,5,-3,0,-3
4623,pad,7,7,7,1,1,1,-3,0,-1,0,0,-2,-5,4,-1,1
4624,pad,7,7,7,1,1,1,-2,-1,0,0,0,-1,-4,3,-1,0
4625,pad,2,2,2,1,1,1,0,1,5,0,-4,-3,-3,1,-1,-4
4626,pad,8,8,8,1,1,1,0,-2,-1,1,-3,-1,-1,-2,3,0
4627,pad,6,6,6,1,1,1,-1,0,-2,-3,0,0,5,-3,0,-2
4628,pad,0,0,0,1,1,1,4,-2,-1,-2,-3,0,1,-1,-1,0
4629,pad,8,8,8,1,1,1,-1,-3,-2,0,-3,0,-2,-4,7,0
4630,pad,3,3,3,1,1,1,-2,0,0,3,-2,0,-1,0,0,-1
4631,pad,0,0,0,1,1,1,5,-4,-2,-1,-2,-1,0,0,-1,0
4632,pad,2,2,2,1,1,1,1,1,3,-1,-2,-2,-1,0,-2,-3
4633,pad,9,9,9,1,1,1,-1,-1,-1,-1,0,0,-2,0,0,3
4634,pad,8,8,8,1,1,1,-1,-1,-1,0,-1,0,0,-2,3,0
4635,pad,3,3,3,1,1,1,-2,-1,-1,4,-3,2,-2,-1,0,0
4636,pad,2,2,2,1,1,1,-2,1,6,0,-2,-3,-2,0,-2,-5
4637,pad,5,5,5,1,1,1,-2,0,-2,-1,-2,6,1,-2,1,0
4638,pad,3,3,3,1,1,1,-3,-2,-2,6,-4,2,-3,-2,0,0
4639,pad,8,8,8,1,1,1,-1,-1,-1,-1,0,0,-1,-2,3,1
4640,pad,8,8,8,1,1,1,0,-2,-1,0,-2,-1,-2,-2,4,0
4641,pad,0,0,0,1,1,1,4,-1,0,0,-2,1,1,-1,-1,-1
4642,pad,0,0,0,1,1,1,4,-2,-1,-2,-2,0,0,0,-1,-1
4643,pad,1,1,1,1,1,1,-3,4,-1,-3,0,-1,-2,0,-2,1
4644,pad,9,9,9,1,1,1,-2,-1,-2,1,-1,-1,-5,1,-2,3
4645,pad,5,5,5,1,1,1,-1,-2,-2,-2,-3,5,1,-2,2,0
4646,pad,1,1,1,1,1,1,-2,3,-1,-2,0,-1,-2,0,-2,0
4647,pad,3,3,3,1,1,1,-3,0,-1,4,-3,1,-3,0,0,0
4648,pad,9,9,9,1,1,1,-2,-1,-3,-1,0,-1,-4,-1,-1,3
4649,pad,6,6,6,1,1,1,0,0,-2,-2,-1,1,5,-3,-1,-3
4650,pad,0,0,0,1,1,1,5,-3,-2,-1,-1,0,1,-1,-1,0
4651,pad,1,1,1,1,1,1,-3,4,-2,-3,-1,-1,-3,1,-2,0
4652,pad,4,4,4,1,1,1,-3,0,0,-3,4,-2,-3,0,-3,0
4653,pad,1,1,1,1,1,1,-2,3,0,-2,-1,-1,-2,1,-1,-1
4654,pad,7,7,7,1,1,1,-4,1,0,0,0,-2,-4,5,-2,-2
4655,pad,1,1,1,1,1,1,-2,3,-2,-2,0,0,-2,0,-2,0
4656,pad,2,2,2,1,1,1,-2,1,4,0,-3,-2,-3,1,0,-4
4657,pad,3,3,3,1,1,1,-3,0,0,4,-4,0,-3,0,0,-2
4658,pad,7,7,2,1,0,0,-2,0,2,1,-1,-2,-3,2,-1,-3
4659,pad,9,9,9,1,1,1,-2,-2,-2,0,0,-1,-4,0,-2,4
4660,pad,7,7,7,1,1,1,-3,0,0,1,0,-1,-5,4,-2,0
4661,pad,4,4,4,1,1,1,-3,0,-1,-2,4,-1,-3,0,-3,0
4662,pad,9,9,9,1,1,1,-2,0,-1,0,0,0,-4,0,-2,2
4663,pad,9,9,9,1,1,1,-2,-2,-3,0,1,0,-5,0,-2,4
4664,pad,3,3,3,1,1,1,-2,-1,-1,5,-4,2,-2,-1,0,0
4665,pad,9,9,9,1,1,1,-2,0,-2,-1,0,-1,-3,-2,0,3
4666,pad,2,2,2,1,1,1,0,1,5,0,-3,-3,-2,1,-1,-4
4667,pad,8,8,8,1,1,1,-2,-2,-2,1,-3,1,1,-4,6,-2
4668,pad,2,2,2,1,1,1,-1,1,2,0,0,-2,-1,1,-1,-2
4669,pad,7,7,7,1,1,1,-1,0,0,0,-1,-1,-3,2,0,-1
4670,pad,1,1,1,1,1,1,-1,3,-1,-3,-1,-1,-2,-1,0,0
4671,pad,8,8,8,1,1,1,-1,-2,-2,1,-3,1,0,-2,4,-1
4672,pad,0,0,0,1,1,1,5,-2,-1,-2,-2,0,2,-2,-1,-1
4673,pad,9,9,9,1,1,1,-1,-2,-2,0,0,-2,-4,-1,0,3
4674,pad,1,1,1,1,1,1,-1,2,1,-2,-1,0,0,-1,-1,-3
4675,pad,0,0,0,1,1,1,6,-3,0,-2,-4,-1,0,-1,0,-1
4676,pad,1,1,1,1,1,1,-2,3,-1,-2,0,0,-1,1,-1,0
4677,pad,7,7,7,1,1,1,-2,0,0,0,0,-1,-3,3,-1,-1
4678,pad,7,7,7,1,1,1,-2,1,0,-1,0,-1,-4,4,-2,-1
4679,pad,9,9,9,1,1,1,-2,-2,-3,0,-1,0,-5,1,-2,3
4680,pad,6,6,6,1,1,1,0,-1,-2,-3,-1,2,6,-3,-1,-4
4681,pad,9,9,9,1,1,1,-1,-2,-2,-1,1,-2,-2,0,-1,4
4682,pad,9,9,9,1,1,1,-2,-1,-2,-1,0,-1,-4,-1,-1,4
4683,pad,9,9,9,1,1,1,-1,-2,-2,0,-1,0,-3,0,-2,3
4684,pad,2,2,2,1,1,1,0,0,3,0,-3,-2,0,-1,0,-3
4685,pad,1,1,1,1,1,1,-3,3,-1,-2,0,-1,-2,0,-1,0
4686,pad,6,6,6,1,1,1,0,-1,-3,-2,0,0,5,-3,0,-2
4687,pad,1,1,1,1,1,1,-1,3,-1,-2,0,-1,-1,-1,0,0
4688,pad,3,3,3,1,1,1,-4,-1,-2,5,-3,1,-3,-1,1,-1
4689,pad,5,5,5,1,1,1,-3,-1,-2,0,-2,5,0,-2,1,0
4690,pad,7,7,2,1,0,0,0,0,2,0,-1,-1,-2,2,-1,0
4691,pad,1,1,1,1,1,1,-1,4,-2,-4,-2,-1,-1,-1,0,-2
4692,pad,9,9,9,1,1,1,-1,-3,-3,2,-1,1,-3,0,-2,4
4693,pad,7,7,7,1,1,1,-1,0,-1,0,0,0,-3,3,-1,0
4694,pad,6,6,6,1,1,1,0,-1,-4,-3,0,2,5,-3,0,-1
4695,pad,4,4,4,1,1,1,-4,-1,-3,-3,5,-2,-4,0,-2,1
4696,pad,5,5,5,1,1,1,-1,-1,-1,1,-1,3,-1,-1,0,0
4697,pad,7,7,7,1,1,1,-2,0,1,1,-1,-2,-6,5,-1,-1
4698,pad,6,6,6,1,1,1,-1,-1,-3,-3,1,1,5,-3,-2,-3
4699,pad,6,6,6,1,1,1,0,1,-1,-2,-1,1,2,-2,0,-1
4700,pad,9,9,9,1,1,1,-3,-1,-2,-2,1,-2,-4,-1,0,4
4701,pad,9,9,9,1,1,1,-2,-1,-1,0,0,-1,-5,2,-1,3
4702,pad,6,6,6,1,1,1,1,-1,-2,-1,-1,1,3,-3,1,0
4703,pad,3,3,3,1,1,1,-3,-1,-1,5,-3,3,-2,-1,0,-1
4704,pad,6,6,6,1,1,1,0,-1,-2,-2,-1,2,3,-3,0,-1
4705,pad,2,2,2,1,1,1,-1,1,6,0,-4,-4,-2,1,-2,-7
4706,pad,9,9,9,1,1,1,-1,-2,-1,0,-1,-1,-4,1,-1,2
4707,pad,8,8,8,1,1,1,0,-2,-1,1,-4,0,-2,-3,5,0
4708,pad,1,1,1,1,1,1,-3,3,-1,-2,0,-1,-2,0,-1,0
4709,pad,2,2,2,1,1,1,0,1,6,0,-3,-3,-1,0,-2,-6
4710,pad,2,2,2,1,1,1,-1,0,5,0,-4,-3,-2,0,0,-4
4711,pad,5,5,5,1,1,1,-1,-1,-2,1,-3,5,0,-2,2,1
4712,pad,5,5,5,1,1,1,-2,-2,-2,-1,0,4,-2,-1,0,2
4713,pad,2,2,2,1,1,1,-1,1,5,1,-2,-2,1,-1,-3,-5
4714,pad,3,3,3,1,1,1,-2,-1,-2,5,-4,3,-2,-2,0,0
4715,pad,7,7,7,1,1,1,-2,1,0,0,-1,-1,-4,3,-2,0
4716,pad,2,2,2,1,1,1,-1,0,3,1,-3,-1,-1,-1,0,-3
4717,pad,1,1,1,1,1,1,-1,3,-1,-2,-1,0,0,0,0,-2
4718,pad,0,0,0,1,1,1,5,-3,-1,-2,-3,-1,1,-1,-1,0
4719,pad,1,1,1,1,1,1,-1,2,-1,-2,-1,0,0,-1,0,0
4720,pad,0,0,0,1,1,1,4,-2,1,-1,-3,-1,-1,0,0,-1
4721,pad,4,4,4,1,1,1,-2,-1,-1,-1,3,-1,-2,-1,-2,0
4722,pad,5,5,5,1,1,1,0,-1,-1,1,-2,3,0,-1,0,0
4723,pad,2,2,2,1,1,1,-2,0,3,2,-3,-2,-2,1,0,-2
4724,pad,8,8,8,1,1,1,1,-2,-1,0,-2,-1,1,-2,2,-1
4725,pad,2,2,2,1,1,1,-1,1,4,1,-2,-2,-2,1,-1,-4
4726,pad,8,8,8,1,1,1,-1,0,-1,-1,-1,1,0,-2,4,-1
4727,pad,3,3,3,1,1,1,-2,0,0,4,-3,0,-2,0,1,-1
4728,pad,5,5,5,1,1,1,-2,0,-1,1,-2,2,0,-1,1,-1
4729,pad,1,1,1,1,1,1,-4,4,-2,-3,0,0,-2,0,-2,1
4730,pad,7,7,7,1,1,1,-3,0,0,0,0,-2,-6,4,-2,0
4731,pad,8,3,3,0,0,1,-1,-1,0,1,-1,0,-2,0,1,0
4732,pad,1,1,1,1,1,1,-2,4,-2,-3,-1,-1,-2,0,0,-1
4733,pad,1,1,1,1,1,1,-1,3,-2,-3,-1,1,0,0,0,-1
4734,pad,2,2,2,1,1,1,-1,0,3,2,-4,-2,-2,-1,0,-3
4735,pad,9,9,9,1,1,1,-2,-1,-2,0,0,0,-4,0,-2,3
4736,pad,7,7,7,1,1,1,-3,1,2,0,-1,-2,-3,3,-2,-2
4737,pad,8,8,8,1,1,1,-2,-1,-1,0,-2,1,1,-2,3,-1
4738,pad,4,4,4,1,1,1,-2,0,-1,-1,2,-1,-1,0,-1,0
4739,pad,0,0,0,1,1,1,3,-2,-1,0,-2,0,0,-1,-1,0
4740,pad,3,5,3,0,1,0,-2,0,-2,2,0,2,-1,0,-1,0
4741,pad,0,0,0,1,1,1,4,-2,-1,-1,-2,1,2,-2,-1,-1
4742,pad,7,7,7,1,1,1,-1,0,1,0,0,-1,-3,2,-1,-1
4743,pad,8,8,8,1,1,1,-1,-1,-1,0,-1,1,2,-2,3,-1
4744,pad,8,8,8,1,1,1,-1,-1,-1,0,-2,0,0,-2,4,0
4745,pad,4,4,4,1,1,1,-2,0,0,-2,3,-2,-3,0,-3,0
4746,pad,7,7,7,1,1,1,-3,0,-1,0,0,0,-4,3,-2,0
4747,pad,7,7,7,1,1,1,-3,-1,-1,0,0,-1,-4,4,-1,-1
4748,pad,8,8,8,1,1,1,-1,-2,-2,0,-2,0,-1,-2,5,0
4749,pad,5,5,5,1,1,1,-1,-1,-2,-1,-2,4,0,-2,1,1
4750,pad,8,8,8,1,1,1,-1,-1,-1,0,-2,1,0,-3,5,-2
4751,pad,4,4,4,1,1,1,-1,0,0,-1,2,-1,0,-1,-2,0
4752,pad,9,9,9,1,1,1,-1,-2,-2,1,0,0,-4,0,-2,3
4753,pad,8,8,8,1,1,1,-1,-2,-2,0,-2,0,-1,-2,4,0
4754,pad,1,1,1,1,1,1,-1,3,0,-1,-1,-1,-2,0,-1,-1
4755,pad,3,3,3,1,1,1,-2,0,0,3,-2,1,-1,-1,0,-1
4756,pad,8,8,8,1,1,1,0,-2,0,0,-3,0,-1,-3,5,-1
4757,pad,0,0,0,1,1,1,5,-3,-1,-1,-3,-2,0,-1,0,0
4758,pad,3,3,3,1,1,1,-3,-1,-1,6,-6,1,-3,-2,2,0
4759,pad,1,1,1,1,1,1,-2,2,-1,-1,0,-1,-2,0,-2,0
4760,pad,7,7,7,1,1,1,-2,1,0,0,0,-1,-3,3,-1,-1
4761,pad,9,8,8,0,0,1,-3,0,-1,0,0,-1,-2,-1,2,0
4762,pad,5,5,5,1,1,1,-3,-2,-3,1,-3,7,-1,-2,1,1
4763,pad,5,5,5,1,1,1,0,-3,-3,-1,-2,3,3,-4,1,0
4764,pad,1,1,1,1,1,1,-2,3,-2,-3,0,0,0,-1,-1,0
4765,pad,6,6,6,1,1,1,-1,-1,-3,-2,0,0,5,-2,0,-2
4766,pad,5,5,5,1,1,1,-2,-1,-2,1,-2,4,0,-2,2,0
4767,pad,7,7,7,1,1,1,-3,-1,-1,0,0,-1,-5,4,-1,0
4768,pad,4,4,4,1,1,1,-3,-2,-1,-3,4,-2,-3,-1,-1,1
4769,pad,9,9,9,1,1,1,-2,-3,-3,0,0,0,-5,0,-2,5
4770,pad,3,3,3,1,1,1,-3,-1,-1,5,-4,1,-3,-1,0,0
4771,pad,5,5,5,1,1,1,-2,-2,-2,0,-2,3,0,-3,3,1
4772,pad,4,4,4,1,1,1,-4,0,-2,-3,4,-2,-3,0,-1,0
4773,pad,7,7,7,1,1,1,-2,0,0,1,-1,-1,-3,2,-1,0
4774,pad,1,1,1,1,1,1,-3,3,-1,-2,0,0,-2,0,-1,0
4775,pad,2,2,2,1,1,1,0,1,5,-1,-3,-3,0,-1,-2,-4
4776,pad,0,0,0,1,1,1,4,-3,-3,-1,-2,0,1,-1,1,1
4777,pad,8,8,5,1,0,0,-2,-1,-2,0,-1,2,0,-1,2,-1
4778,pad,1,1,1,1,1,1,-2,3,0,-2,0,-1,-2,0,-1,-1
4779,pad,6,6,6,1,1,1,0,-1,-3,-2,0,1,5,-3,0,-1
4780,pad,0,0,0,1,1,1,5,-2,-1,-2,-2,-1,0,-1,-1,-1
4781,pad,7,7,7,1,1,1,-3,0,0,0,0,-1,-5,4,-1,-1
4782,pad,3,3,3,1,1,1,-1,-1,-1,4,-4,1,-3,-1,0,1
4783,pad,4,4,4,1,1,1,-3,-1,-2,-3,4,-1,-4,-1,-3,3
4784,pad,7,7,7,1,1,1,-2,0,0,0,-1,-1,-4,3,-1,-1
4785,pad,3,3,3,1,1,1,-2,-1,-1,5,-4,0,-3,-1,1,0
4786,pad,9,9,9,1,1,1,-1,-2,-3,-1,1,-1,-4,0,-1,3
4787,pad,6,6,6,1,1,1,-1,-1,-3,-2,0,1,5,-3,-1,-4
4788,pad,0,0,0,1,1,1,3,-2,-2,-1,-1,1,2,-2,0,0
4789,pad,8,8,8,1,1,1,-2,-1,-2,-1,-1,2,1,-3,6,-1
4790,pad,6,6,6,1,1,1,0,-1,-1,-2,-1,1,3,-3,1,-2
4791,pad,4,4,4,1,1,1,-3,0,0,-2,3,-2,-4,0,-3,0
4792,pad,8,8,8,1,1,1,-1,-2,-2,0,-2,1,0,-4,6,-1
4793,pad,7,7,7,1,1,1,-2,0,0,0,0,-1,-3,3,-1,-1
4794,pad,7,7,7,1,1,1,-2,0,-1,0,1,-1,-4,3,-1,-1
4795,pad,9,9,9,1,1,1,-1,-2,-1,1,-2,-1,-4,1,-1,2
4796,pad,3,3,3,1,1,1,-1,-1,0,3,-3,0,-3,-1,1,-1
4797,pad,8,8,8,1,1,1,-1,-2,-1,0,-2,0,-1,-2,4,0
4798,pad,6,6,5,1,0,0,0,-1,-1,-1,-1,2,2,-2,1,0
4799,pad,9,9,9,1,1,1,-1,-2,-2,0,0,-1,-2,0,-1,3
4800,pad,7,7,7,1,1,1,-3,0,0,0,0,-1,-4,4,-1,-1
4801,pad,2,2,2,1,1,1,-1,1,5,0,-2,-2,-1,0,-2,-5
4802,pad,3,3,3,1,1,1,-1,0,-1,3,-2,1,-2,-1,0,0
4803,pad,4,4,4,1,1,1,-2,0,-1,-3,3,-2,-2,-1,-3,-1
4804,pad,0,0,0,1,1,1,5,-3,-2,-1,-1,0,2,-2,-1,-1
4805,pad,2,2,2,1,1,1,0,1,5,0,-3,-4,-2,1,-1,-4
4806,pad,1,1,1,1,1,1,-3,4,-1,-3,0,-1,-2,0,-2,0
4807,pad,8,8,5,1,0,0,1,-2,-2,1,-2,2,1,-3,1,-1
4808,pad,3,3,3,1,1,1,-2,-1,-2,2,-2,2,-1,-1,0,0
4809,pad,5,5,5,1,1,1,-2,-1,-2,-1,-1,5,0,-2,2,0
4810,pad,5,5,5,1,1,1,-1,-1,-2,0,-2,5,0,-2,1,1
4811,pad,7,7,7,1,1,1,-2,0,1,0,-1,-1,-4,4,-1,-1
4812,pad,2,2,2,1,1,1,0,0,4,0,-3,-3,-1,0,0,-4
4813,pad,4,4,4,1,1,1,-3,-1,-3,-3,4,-2,-3,-1,0,2
4814,pad,6,6,6,1,1,1,0,-1,-2,-1,0,0,2,-1,1,0
4815,pad,7,7,7,1,1,1,-1,0,-1,0,0,-1,-3,2,0,0
4816,pad,2,2,2,1,1,1,-1,1,4,0,-1,-1,-1,0,-2,-3
4817,pad,8,8,8,1,1,1,-1,-2,-2,0,-2,1,-1,-3,5,0
4818,pad,3,3,3,1,1,1,-4,-1,0,6,-5,1,-3,-1,1,-2
4819,pad,0,0,0,1,1,1,4,-2,0,-2,-2,-1,0,0,0,0
4820,pad,8,8,8,1,1,1,-2,-2,-2,0,-2,2,1,-3,4,-1
4821,pad,7,7,7,1,1,1,-1,0,-1,0,0,0,-3,3,-1,-1
4822,pad,8,8,8,1,1,1,-1,-2,-2,1,-2,1,0,-3,4,0
4823,pad,9,9,4,1,0,0,-2,0,-1,-1,1,1,-1,-1,-2,1
4824,pad,0,0,0,1,1,1,4,-2,-1,-2,-2,-1,1,-1,-1,-1
4825,pad,8,8,8,1,1,1,-1,-1,0,0,-1,-1,-1,-1,3,0
4826,pad,4,4,4,1,1,1,-2,0,-1,-2,3,-2,-3,0,-2,0
4827,pad,4,4,4,1,1,1,-5,-1,-3,-3,4,-2,-3,0,-1,0
4828,pad,5,5,5,1,1,1,-2,-1,-2,1,-1,4,0,-1,1,0
4829,pad,8,8,8,1,1,1,-1,-2,-2,-1,-1,1,1,-3,5,-1
4830,pad,5,5,5,1,1,1,-1,-1,-2,0,-2,4,0,-2,1,1
4831,pad,6,6,6,1,1,1,-1,-1,-2,-1,-1,2,5,-3,1,-4
4832,pad,6,6,6,1,1,1,0,-1,-2,-2,0,1,4,-3,-2,-3
4833,pad,3,3,3,1,1,1,-3,0,2,4,-3,-1,-3,1,0,-3
4834,pad,0,0,0,1,1,1,4,-3,-2,-1,-2,1,2,-1,0,0
4835,pad,9,9,9,1,1,1,-2,-2,-2,-1,0,-1,-5,-1,0,5
4836,pad,3,3,3,1,1,1,-2,-1,-1,4,-3,1,-1,-1,0,0
4837,pad,7,7,2,1,0,0,0,0,1,1,-3,-1,-3,1,1,-2
4838,pad,6,5,5,0,0,1,-1,-2,-3,-1,-2,4,2,-3,1,-1
4839,pad,8,8,8,1,1,1,0,-2,-1,1,-3,0,-2,-1,3,0
4840,pad,9,9,9,1,1,1,-2,-1,-2,-1,0,-1,-4,0,-2,3
4841,pad,3,3,3,1,1,1,-2,0,0,3,-3,-1,-2,0,1,-1
4842,pad,4,4,4,1,1,1,-4,-1,-2,-4,6,-2,-4,-1,-2,1
4843,pad,9,9,9,1,1,1,-2,-3,-3,0,0,-1,-5,0,-2,4
4844,pad,5,5,5,1,1,1,-2,-1,-2,1,-2,5,0,-1,0,1
4845,pad,8,8,8,1,1,1,-1,-2,-2,0,-2,0,0,-2,5,-1
4846,pad,9,9,9,1,1,1,-2,-1,-2,-2,1,-1,-3,0,-1,4
4847,pad,1,1,1,1,1,1,-3,4,-2,-3,1,0,-1,0,-1,0
4848,pad,2,2,2,1,1,1,0,0,4,1,-4,-3,-2,0,0,-4
4849,pad,8,8,8,1,1,1,-1,-1,-1,0,-1,0,-1,-3,4,0
4850,pad,8,8,8,1,1,1,0,-2,-1,2,-4,0,-2,-2,4,0
4851,pad,6,6,6,1,1,1,0,-1,-3,-2,-1,2,5,-3,0,-3
4852,pad,8,8,8,1,1,1,-2,-1,-1,0,-1,1,1,-2,4,-2
4853,pad,1,1,1,1,1,1,-2,4,-2,-3,-1,-1,-1,0,-1,-1
4854,pad,3,3,3,1,1,1,-3,-1,-2,5,-3,2,-3,-1,0,0
4855,pad,7,7,7,1,1,1,-3,0,-1,0,0,-1,-5,3,-2,0
4856,pad,9,9,9,1,1,1,-2,-2,-2,-1,1,-1,-3,0,0,3
4857,pad,0,0,0,1,1,1,3,0,0,-1,-2,-1,-1,0,0,-3
4858,pad,1,1,1,1,1,1,-2,3,0,-2,-1,-1,-2,1,-1,-1
4859,pad,1,1,1,1,1,1,-2,3,-1,-3,0,-1,-1,0,-1,-1
4860,pad,4,9,4,0,1,0,-2,-1,-2,-1,2,-2,-4,0,-1,2
4861,pad,7,7,7,1,1,1,-3,1,1,1,-1,-2,-3,3,-1,-3
4862,pad,0,0,0,1,1,1,4,-3,-1,-1,-2,-1,0,0,0,0
4863,pad,8,8,8,1,1,1,-1,-1,0,0,0,0,-1,-1,2,0
4864,pad,1,1,1,1,1,1,-2,2,-1,-2,0,-1,-1,0,-1,0
4865,pad,7,7,7,1,1,1,-4,0,0,0,0,-2,-6,5,-2,-2
4866,pad,4,4,4,1,1,1,-5,-1,-2,-4,6,-2,-5,0,-3,1
4867,pad,5,5,5,1,1,1,-2,-1,-2,0,-2,5,0,-2,1,0
4868,pad,7,7,7,1,1,1,-1,0,-1,-1,-1,-1,-4,3,0,0
4869,pad,1,1,1,1,1,1,-2,4,-1,-3,0,-1,-2,0,-2,0
4870,pad,2,2,2,1,1,1,-1,0,6,0,-3,-3,-2,-1,0,-4
4871,pad,1,1,1,1,1,1,-2,2,-1,-1,0,0,-1,0,-1,0
4872,pad,1,1,1,1,1,1,-2,3,-1,-2,-1,0,-1,0,-1,-2
4873,pad,3,3,3,1,1,1,-2,0,0,4,-4,0,-3,0,0,-1
4874,pad,9,9,4,1,0,0,0,-1,-2,-1,1,0,0,-1,-1,1
4875,pad,6,6,6,1,1,1,-1,-1,-3,-3,0,1,6,-4,-1,-4
4876,pad,2,2,2,1,1,1,-1,1,2,-1,0,-1,-2,1,-2,-2
4877,pad,1,1,1,1,1,1,-3,3,-1,-2,0,-1,-1,0,-2,0
4878,pad,2,2,2,1,1,1,0,-1,3,0,-3,-3,0,-1,0,-3
4879,pad,8,8,8,1,1,1,-1,-1,-1,-1,0,0,0,-2,2,1
4880,pad,0,0,0,1,1,1,2,-2,-1,-2,-3,0,2,-2,1,0
4881,pad,7,7,7,1,1,1,-3,0,-1,0,-1,-1,-4,3,0,0
4882,pad,6,6,6,1,1,1,1,-2,-4,-1,-2,3,4,-3,1,0
4883,pad,6,6,6,1,1,1,0,-1,-1,-1,-1,2,4,-2,0,-3
4884,pad,9,9,9,1,1,1,-3,-2,-3,-1,1,-1,-4,-1,-1,4
4885,pad,3,3,3,1,1,1,-2,-2,-1,5,-5,1,-3,-2,1,0
4886,pad,7,7,7,1,1,1,-1,1,0,0,-1,-1,-3,2,0,-2
4887,pad,0,0,0,1,1,1,4,-2,-1,-1,-4,1,0,-1,1,-2
4888,pad,5,5,5,1,1,1,-1,-1,-2,0,-1,3,0,0,0,0
4889,pad,2,2,2,1,1,1,-1,1,5,1,-4,-3,-2,1,-1,-5
4890,pad,8,8,8,1,1,1,-1,-2,-1,1,-3,1,1,-3,3,-2
4891,pad,0,0,0,1,1,1,4,-2,-1,-1,-1,-1,1,-1,-1,-1
4892,pad,5,5,5,1,1,1,-2,-1,-2,0,-2,6,0,-1,0,1
4893,pad,4,4,4,1,1,1,-3,0,-1,-2,3,0,-2,0,-3,0
4894,pad,3,3,3,1,1,1,-3,-1,-3,6,-4,3,-4,-1,0,1
4895,pad,8,8,8,1,1,1,-1,-2,-1,0,-2,0,-1,-3,5,0
4896,pad,4,4,4,1,1,1,-2,0,-1,-2,3,-1,-2,-1,-3,0
4897,pad,6,6,6,1,1,1,1,-2,-3,-1,-1,2,4,-4,0,-1
4898,pad,6,6,6,1,1,1,0,-1,-2,-2,-1,2,4,-4,0,-2
4899,pad,2,2,2,1,1,1,0,0,3,0,-2,-2,-2,-2,1,-2
4900,pad,7,7,7,1,1,1,-2,0,-1,0,0,-1,-3,2,-1,0
4901,pad,9,9,9,1,1,1,-2,-2,-2,0,0,-1,-4,0,-1,3
4902,pad,5,5,5,1,1,1,-2,-2,-3,1,-3,6,-1,-1,0,2
4903,pad,1,1,1,1,1,1,-3,4,-1,-3,0,-1,-2,0,-2,-1
4904,pad,3,3,3,1,1,1,-3,-1,-2,6,-5,0,-3,-1,1,-1
4905,pad,2,2,2,1,1,1,0,0,4,0,-3,-3,-3,1,0,-3
4906,pad,4,4,4,1,1,1,-3,0,-1,-3,4,-1,-2,0,-3,-1
4907,pad,3,3,3,1,1,1,-1,-1,0,3,-3,1,-2,-1,0,-1
4908,pad,6,6,6,1,1,1,-1,-1,-3,-2,0,1,5,-2,1,-2
4909,pad,1,1,1,1,1,1,-3,4,-2,-2,0,0,-2,-1,-1,0
4910,pad,9,9,9,1,1,1,-1,-1,-2,0,0,-1,-4,1,-2,3
4911,pad,4,4,9,1,0,0,-1,-1,-2,-2,2,-1,-2,-1,-2,3
4912,pad,4,4,4,1,1,1,-4,-1,-2,-3,5,-2,-4,-1,-2,-1
4913,pad,7,7,7,1,1,1,-2,0,0,0,0,-1,-3,3,-1,-1
4914,pad,6,6,6,1,1,1,0,-1,-4,-2,-1,1,5,-3,1,-2
4915,pad,5,5,5,1,1,1,-1,0,-2,-1,-2,3,1,-2,2,1
4916,pad,4,4,4,1,1,1,-5,0,-3,-5,6,-3,-4,-1,-2,1
4917,pad,1,1,1,1,1,1,-2,3,-1,-3,0,-1,-1,-1,-1,-1
4918,pad,9,9,9,1,1,1,0,-1,-1,0,0,-1,-2,1,-1,2
4919,pad,9,9,9,1,1,1,-1,-2,-2,1,-2,0,-4,0,-2,3
4920,pad,2,2,2,1,1,1,-2,1,6,1,-3,-4,-2,1,-1,-5
4921,pad,7,7,7,1,1,1,-1,0,-1,0,-1,-1,-3,2,-1,0
4922,pad,8,8,8,1,1,1,0,-1,-1,0,-2,0,-1,-2,4,0
4923,pad,0,0,0,1,1,1,4,-2,-1,-1,-2,0,1,-1,-1,-1
4924,pad,1,1,1,1,1,1,-3,3,-1,-1,-1,-1,-2,0,-1,0
4925,pad,3,3,3,1,1,1,-3,0,0,5,-3,1,-2,-1,0,-2
4926,pad,6,6,6,1,1,1,0,-1,-2,-2,-1,1,4,-3,-1,-1
4927,pad,1,1,1,1,1,1,-3,4,-1,-3,0,-1,-2,0,-1,-1
4928,pad,3,3,3,1,1,1,-1,-2,0,4,-4,0,-2,-1,1,-1
4929,pad,4,4,4,1,1,1,-1,0,0,-1,1,0,0,0,-1,0
4930,pad,1,1,1,1,1,1,-3,4,-1,-3,0,-1,-2,0,-1,0
4931,pad,1,1,1,1,1,1,-3,4,-2,-3,-1,-1,-2,0,-1,1
4932,pad,1,1,1,1,1,1,-2,3,-1,-2,-1,-1,-1,-1,-1,-1
4933,pad,5,5,5,1,1,1,-2,0,-1,-1,-2,5,0,-2,2,1
4934,pad,6,6,6,1,1,1,0,-1,-3,-2,0,2,4,-3,1,-2
4935,pad,0,0,0,1,1,1,4,-3,-2,-3,-1,-1,2,-1,-1,0
4936,pad,7,7,7,1,1,1,-2,-1,0,1,-1,-1,-4,3,0,-1
4937,pad,0,0,0,1,1,1,4,-3,-1,0,-2,-1,0,-1,0,0
4938,pad,7,7,7,1,1,1,-2,1,1,-1,0,-2,-4,4,-2,-1
4939,pad,2,2,2,1,1,1,0,1,4,1,-3,-3,-2,1,-1,-4
4940,pad,3,3,3,1,1,1,-3,0,-2,5,-4,2,-3,-1,0,-1
4941,pad,2,2,2,1,1,1,1,1,5,0,-3,-3,-1,0,-2,-5
4942,pad,5,5,5,1,1,1,-1,0,-1,1,-1,2,-1,-1,1,0
4943,pad,2,2,2,1,1,1,-1,0,2,1,-4,-1,0,-1,1,-3
4944,pad,2,2,2,1,1,1,0,2,6,0,-3,-2,-2,1,-3,-5
4945,pad,9,9,9,1,1,1,-2,-2,-3,0,0,-1,-4,-1,0,4
4946,pad,4,4,4,1,1,1,-3,0,-1,-2,4,-2,-2,-1,-2,-2
4947,pad,9,9,9,1,1,1,-2,-1,-2,-1,0,-2,-4,0,-1,3
4948,pad,8,8,8,1,1,1,-1,-1,-1,0,-1,0,0,-2,2,1
4949,pad,1,1,1,1,1,1,-4,4,-2,-3,-1,-1,-2,0,-2,0
4950,pad,2,2,2,1,1,1,0,-1,2,1,-3,-2,-1,-1,1,-2
4951,pad,1,1,1,1,1,1,-1,2,-1,-2,-1,0,-1,0,0,-1
4952,pad,6,6,6,1,1,1,1,-2,-3,-3,-2,3,4,-3,1,0
4953,pad,1,1,1,1,1,1,-3,4,-1,-2,0,-1,-2,1,-1,-1
4954,pad,2,2,2,1,1,1,-1,1,6,0,-4,-4,-3,1,-1,-5
4955,pad,7,7,7,1,1,1,-2,-1,0,0,0,-2,-5,4,-1,0
4956,pad,8,8,8,1,1,1,-3,-1,-1,-1,1,0,-1,-2,2,-1
4957,pad,0,0,0,1,1,1,4,-3,-3,-1,-1,-1,2,-2,-1,0
4958,pad,0,0,0,1,1,1,5,-3,-1,-2,-2,-2,1,-1,-1,0
4959,pad,0,0,0,1,1,1,4,-1,0,-2,-3,1,-1,0,1,-2
4960,pad,8,8,8,1,1,1,-2,-2,-4,-1,-1,2,1,-3,5,-1
4961,pad,2,2,2,1,1,1,0,0,5,0,-4,-3,-2,1,-1,-5
4962,pad,2,2,2,1,1,1,0,1,7,-1,-3,-4,-2,1,-3,-5
4963,pad,9,9,9,1,1,1,-1,-1,-2,-1,1,-1,-3,1,-1,2
4964,pad,2,2,2,1,1,1,-1,1,6,1,-4,-3,-1,0,-1,-5
4965,pad,2,2,2,1,1,1,0,0,7,0,-4,-5,-2,1,-1,-5
4966,pad,7,7,7,1,1,1,-2,0,0,0,0,-1,-2,1,-1,-1
4967,pad,9,9,9,1,1,1,-1,-2,-2,0,-1,-1,-3,-1,0,3
4968,pad,9,9,9,1,1,1,-1,-2,-1,-1,1,-1,-3,0,1,4
4969,pad,2,2,2,1,1,1,1,1,5,0,-3,-3,-2,1,-2,-4
4970,pad,7,7,7,1,1,1,-2,0,0,0,-1,-2,-5,3,-1,0
4971,pad,5,5,5,1,1,1,-2,-1,-1,2,-3,3,-1,-2,1,0
4972,pad,1,1,1,1,1,1,-2,3,-1,-2,-1,0,-1,0,-1,-1
4973,pad,3,3,3,1,1,1,-4,-1,-1,7,-5,0,-3,-1,1,-1
4974,pad,4,4,4,1,1,1,-1,-1,0,-2,4,-2,-2,0,-3,0
4975,pad,9,9,9,1,1,1,-1,-2,-2,0,0,-1,-4,0,-1,4
4976,pad,4,4,4,1,1,1,-3,0,-1,-2,3,-2,-4,0,-3,1
4977,pad,1,1,1,1,1,1,-3,4,-1,-3,-1,0,-1,0,-1,-1
4978,pad,8,8,8,1,1,1,-1,-1,-1,1,0,-1,-2,-1,2,0
4979,pad,5,5,5,1,1,1,-2,-1,-2,1,-2,5,-1,-1,-1,1
4980,pad,6,6,6,1,1,1,-1,-1,-2,-2,0,1,4,-2,0,-3
4981,pad,2,2,2,1,1,1,1,0,6,-1,-4,-4,-2,1,-1,-5
4982,pad,8,8,8,1,1,1,-1,-1,-1,0,-1,-1,-1,-2,3,1
4983,pad,3,3,3,1,1,1,-1,-2,0,5,-4,0,-2,-1,1,-1
4984,pad,1,1,1,1,1,1,-3,4,-1,-3,0,-1,-2,-1,-2,0
4985,pad,2,2,2,1,1,1,-2,2,4,-1,-1,-2,-3,1,-3,-4
4986,pad,8,8,8,1,1,1,-1,-1,-1,0,-1,0,0,-2,3,0
4987,pad,4,4,4,1,1,1,-2,0,0,-2,3,-1,-1,0,-3,-1
4988,pad,9,9,9,1,1,1,-1,-1,-2,0,0,-1,-4,1,-1,3
4989,pad,9,9,9,1,1,1,-2,-1,-1,-1,1,-1,-3,-1,0,3
4990,pad,3,3,3,1,1,1,0,-1,1,3,-3,-1,-2,-1,1,-1
4991,pad,7,7,7,1,1,1,-2,0,0,0,0,-1,-3,3,0,0
4992,pad,0,0,0,1,1,1,6,-2,-1,-1,-2,0,1,-2,-1,-1
4993,pad,7,7,7,1,1,1,-2,0,-1,0,0,-1,-4,3,-2,0
4994,pad,7,7,7,1,1,1,-3,0,-1,1,0,-1,-5,4,-1,0
4995,pad,2,2,2,1,1,1,-1,0,2,1,-2,-1,-1,1,0,-4
4996,pad,3,3,3,1,1,1,-2,0,0,4,-3,1,-1,0,0,-2
4997,pad,2,2,2,1,1,1,2,-1,3,1,-4,-2,0,-1,0,-3
4998,pad,4,4,4,1,1,1,-3,0,-2,-3,3,-3,-3,0,-1,1
4999,pad,0,0,0,1,1,1,4,-3,-2,-2,-2,1,3,-2,0,-1
5000,pad,3,3,3,1,1,1,-4,0,0,5,-4,1,-2,0,0,-2
5001,pad,9,9,9,1,1,1,-1,-2,-3,0,0,-2,-4,-1,0,4
5002,pad,9,9,9,1,1,1,-2,-2,-3,0,0,-1,-4,-1,-1,4
5003,pad,8,8,8,1,1,1,-2,-3,-2,0,-3,0,-1,-4,6,0
5004,pad,4,4,4,1,1,1,-2,-1,-1,-3,4,-2,-3,0,-3,-1
5005,pad,1,1,1,1,1,1,-2,4,-2,-3,0,-1,-1,-1,0,-1
5006,pad,0,0,0,1,1,1,5,-2,-1,-2,-2,-2,1,-2,-1,0
5007,pad,6,6,6,1,1,1,0,-1,-3,-3,-1,2,6,-4,-1,-3
5008,pad,0,0,0,1,1,1,5,-3,0,-1,-3,-1,-1,-1,0,-1
5009,pad,9,9,9,1,1,1,-2,-1,-3,-1,0,0,-3,0,-1,3
5010,pad,6,6,6,1,1,1,0,-1,-1,-3,-1,1,5,-4,-1,-3
5011,pad,8,8,8,1,1,1,-1,-2,-1,0,-2,0,0,-3,4,-1
5012,pad,6,6,6,1,1,1,0,-1,-3,-3,0,1,6,-4,-1,-3
5013,pad,1,1,1,1,1,1,-2,5,-1,-4,-1,-1,-1,-1,-1,-2
5014,pad,1,1,1,1,1,1,-2,4,-1,-3,-1,0,-1,0,0,-2
5015,pad,9,9,9,1,1,1,-1,-2,-2,1,-1,-2,-5,-1,0,4
5016,pad,8,8,8,1,1,1,-1,-2,-1,0,-2,0,-1,-3,5,1
5017,pad,9,9,9,1,1,1,-1,-3,-3,-1,0,-2,-4,-1,0,4
5018,pad,2,2,2,1,1,1,-1,1,5,0,-2,-3,-2,1,-2,-5
5019,pad,3,3,3,1,1,1,-3,-1,-1,5,-3,1,-2,-1,0,-1
5020,pad,5,5,5,1,1,1,-2,-2,-3,0,-2,4,0,-3,2,1
5021,pad,5,5,5,1,1,1,-3,-3,-4,0,-2,7,-1,-2,0,2
5022,pad,9,9,9,1,1,1,-1,-1,-2,-1,0,-1,-3,0,0,3
5023,pad,4,4,4,1,1,1,-4,0,-1,-3,4,-3,-4,-1,-2,-1
5024,pad,2,2,2,1,1,1,-1,2,6,1,-3,-3,-2,1,-2,-5
5025,pad,1,1,1,1,1,1,-2,4,-1,-3,-2,-1,-1,-1,0,-2
5026,pad,9,9,9,1,1,1,-1,-2,-2,0,0,-1,-5,0,-1,3
5027,pad,4,4,4,1,1,1,-3,0,-1,-2,3,-1,-2,0,-2,-1
5028,pad,3,3,3,1,1,1,-3,-1,-2,6,-5,2,-3,-2,1,1
5029,pad,9,9,9,1,1,1,-2,-1,-2,-2,2,-2,-4,0,-1,3
5030,pad,6,6,6,1,1,1,0,-1,-2,-2,-1,2,6,-4,-1,-3
5031,pad,0,0,0,1,1,1,5,-3,-1,-2,-2,-1,1,-2,0,-1
5032,pad,4,4,4,1,1,1,-4,0,-2,-3,5,-2,-4,-1,-1,0
5033,pad,0,0,0,1,1,1,4,-3,-1,-2,-3,-1,2,-2,-1,-1
5034,pad,6,6,6,1,1,1,0,-1,-2,-2,-1,2,6,-4,-1,-4
5035,pad,0,0,0,1,1,1,5,-3,-2,-1,-2,0,2,-2,0,-1
5036,pad,1,1,1,1,1,1,-2,4,-1,-4,-1,-1,-1,-1,-1,-1
5037,pad,2,2,2,1,1,1,-1,2,5,-1,-2,-3,-2,0,-2,-5
5038,pad,3,3,3,1,1,1,-2,-1,-1,5,-4,2,-3,-1,0,0
5039,pad,4,4,4,1,1,1,-3,-1,-2,-3,4,-3,-4,0,-2,0
5040,pad,7,7,7,1,1,1,-2,0,-1,0,0,-1,-4,3,-1,0
5041,pad,8,8,8,1,1,1,-1,-2,-2,-1,-2,2,0,-4,5,-1
5042,pad,9,9,9,1,1,1,-2,-2,-2,-1,0,-1,-4,1,-1,3
5043,pad,0,0,0,1,1,1,5,-3,-2,-1,-1,0,2,-2,-1,-1
5044,pad,1,1,1,1,1,1,-3,6,-1,-4,-2,-1,-3,1,-2,-2
5045,pad,2,2,2,1,1,1,-1,2,6,0,-3,-3,-2,1,-3,-6
5046,pad,3,3,3,1,1,1,-1,-2,-2,4,-3,2,-2,-1,0,1
5047,pad,4,4,4,1,1,1,-4,-1,-2,-3,4,-2,-3,0,-1,-1
5048,pad,7,7,7,1,1,1,-2,0,-2,0,-1,-1,-5,3,-1,1
5049,pad,8,8,8,1,1,1,-1,-2,-1,0,-3,1,0,-3,5,-1
5050,pad,9,9,9,1,1,1,-2,-3,-3,0,0,-1,-5,1,-1,4
5051,pad,0,0,0,1,1,1,4,-2,-1,-1,-2,0,2,-2,-1,-1
5052,pad,1,1,1,1,1,1,-2,4,-1,-3,-2,-1,-1,0,-1,-2
5053,pad,2,2,2,1,1,1,-2,2,5,-1,-2,-2,-2,1,-3,-5
5054,pad,3,3,3,1,1,1,-1,-2,-2,5,-4,3,-3,-2,0,1
5055,pad,4,4,4,1,1,1,-2,-1,-1,-3,4,-2,-2,0,-3,-2
5056,pad,5,5,5,1,1,1,-2,0,-1,0,-2,4,0,-1,0,-1
5057,pad,6,6,6,1,1,1,1,-1,-3,-3,-1,2,6,-4,-1,-3
5058,pad,7,7,7,1,1,1,-2,0,-1,0,0,-1,-5,3,-1,0
5059,pad,8,8,8,1,1,1,-1,-2,-1,0,-4,1,-1,-4,6,-1
5060,pad,9,9,9,1,1,1,-2,-2,-3,-1,1,-1,-4,0,-1,4
5061,pad,8,8,8,1,1,1,-1,-2,-2,1,-2,1,-1,-3,4,0
5062,pad,3,3,3,1,1,1,-3,0,-1,4,-3,1,-2,-1,0,-1
5063,pad,4,4,4,1,1,1,-4,0,-2,-3,4,-2,-3,0,-2,-1
5064,pad,7,7,7,1,1,1,-2,-1,0,0,0,-1,-4,2,-1,0
5065,pad,8,8,8,1,1,1,-1,-1,0,-1,-2,1,1,-2,3,-1
5066,pad,6,6,6,1,1,1,1,-2,-3,-2,-1,2,5,-4,-1,-2
5067,pad,3,3,3,1,1,1,1,-2,1,2,-4,0,-1,-2,1,-1
5068,pad,4,4,4,1,1,1,-2,0,-2,-2,3,-1,-1,0,-1,-1
5069,pad,0,0,0,1,1,1,5,-3,-1,-1,-3,0,1,-2,0,-1
5070,pad,9,9,9,1,1,1,-1,-2,-3,-1,1,-2,-4,0,-1,3
5071,pad,7,7,7,1,1,1,-3,0,-1,0,0,-1,-4,3,-1,0
5072,pad,1,1,1,1,1,1,-2,4,-1,-3,-1,-1,-1,0,-1,-2
5073,pad,9,9,9,1,1,1,-2,-3,-3,-1,0,-1,-5,0,-2,4
5074,pad,3,3,3,1,1,1,-2,-1,-2,3,-3,2,-3,-2,1,2
5075,pad,8,8,8,1,1,1,-1,-1,-1,-1,-1,1,-1,-2,4,0
5076,pad,4,4,4,1,1,1,-5,-1,-3,-4,6,-2,-3,-1,-3,-1
5077,pad,7,7,7,1,1,1,-2,0,0,0,0,-1,-4,3,-1,0
5078,pad,3,3,3,1,1,1,-1,-2,-1,4,-3,2,-1,-2,0,0
5079,pad,0,0,0,1,1,1,5,-3,0,-2,-2,-1,1,-1,-1,-1
5080,pad,9,9,9,1,1,1,-2,-2,-3,-1,1,-1,-5,-1,-1,4
5081,pad,1,1,1,1,1,1,-2,4,-2,-3,0,-1,-1,0,-1,-1
5082,pad,4,4,4,1,1,1,-4,0,-1,-3,5,-2,-3,-1,-2,-1
5083,pad,5,5,5,1,1,1,-2,-1,-1,0,-2,3,1,-1,0,-2
5084,pad,4,4,4,1,1,1,-4,-1,-3,-3,4,-2,-3,-1,-2,0
5085,pad,6,6,6,1,1,1,0,-2,-2,-1,-1,2,5,-4,0,-3
5086,pad,2,2,2,1,1,1,0,1,3,-1,-1,-1,-1,-1,-1,-3
5087,pad,0,0,0,1,1,1,5,-3,0,-2,-3,-1,1,-2,0,-1
5088,pad,6,6,6,1,1,1,1,-2,-3,-2,-2,2,6,-4,0,-3
5089,pad,2,2,2,1,1,1,-1,2,4,0,-2,-2,-1,0,-2,-3
5090,pad,1,1,1,1,1,1,-2,4,-1,-3,-1,-1,-2,0,-1,-2
5091,pad,1,1,1,1,1,1,-1,4,-2,-4,-2,-1,-1,-1,0,-2
5092,pad,1,1,1,1,1,1,-2,4,-1,-3,-2,-1,-1,-1,-1,-3
5093,pad,1,1,1,1,1,1,-2,4,-2,-3,-2,-1,-2,0,-1,-1
5094,pad,7,7,7,1,1,1,-3,0,-1,0,0,-1,-4,3,-1,0
5095,pad,2,2,2,1,1,1,-1,1,5,0,-2,-2,-1,0,-2,-4
5096,pad,4,4,4,1,1,1,-3,-1,-2,-3,4,-2,-2,-2,-1,0
5097,pad,7,7,7,1,1,1,-2,-1,-2,0,0,-1,-5,4,-1,0
5098,pad,5,5,5,1,1,1,-2,-1,-3,-1,-2,7,0,-2,1,0
5099,pad,2,2,2,1,1,1,-2,1,4,0,-2,-1,-1,-1,1,-3
5100,pad,9,9,9,1,1,1,-2,-2,-4,-1,1,-1,-4,0,-1,3
5101,pad,4,4,4,1,1,1,-4,-1,-2,-3,4,-2,-3,-1,-2,-1
5102,pad,5,5,5,1,1,1,-2,-1,-2,0,-2,6,0,-2,0,0
5103,pad,8,8,8,1,1,1,-1,-2,-1,-1,-1,1,0,-3,5,0
5104,pad,4,4,4,1,1,1,-3,-1,-2,-3,5,-3,-3,-1,-1,-1
5105,pad,2,2,2,1,1,1,-1,1,4,0,-1,-2,-1,-1,-1,-3
5106,pad,9,9,9,1,1,1,-2,-2,-3,-1,1,-2,-5,0,-1,4
5107,pad,7,7,7,1,1,1,-2,0,-1,0,0,-1,-4,3,-1,0
5108,pad,0,0,0,1,1,1,5,-3,-1,-2,-2,-1,2,-2,-1,-1
5109,pad,0,0,0,1,1,1,5,-3,-1,-2,-3,-1,1,-1,0,-1
5110,pad,7,7,7,1,1,1,-2,-1,0,1,0,-1,-4,3,-1,0
5111,pad,5,5,5,1,1,1,-2,-1,-2,1,-2,4,0,-1,0,-1
5112,pad,1,1,1,1,1,1,-3,4,-1,-4,-1,-2,-2,-1,-1,-2
5113,pad,1,1,1,1,1,1,-1,4,-1,-4,-2,-1,-1,0,0,-3
5114,pad,7,7,7,1,1,1,-2,0,-1,0,0,-1,-4,3,-1,0
5115,pad,6,6,6,1,1,1,0,-1,-3,-2,-1,2,5,-4,0,-3
5116,pad,6,6,6,1,1,1,1,-2,-3,-2,-1,2,5,-4,-1,-2
5117,pad,6,6,6,1,1,1,1,-2,-4,-2,-1,2,6,-4,-1,-2
5118,pad,8,8,8,1,1,1,-1,-2,-1,0,-3,1,-1,-3,5,0
5119,pad,2,2,2,1,1,1,-2,1,5,2,-3,-2,-2,-1,-1,-4
5120,pad,2,2,2,1,1,1,-2,2,4,0,-2,-2,-1,0,-2,-4
5121,pad,7,7,7,1,1,1,-3,1,-1,-1,-1,-1,-4,3,-2,0
5122,pad,7,7,7,1,1,1,-2,-1,0,0,0,-1,-4,3,-1,0
5123,pad,4,4,4,1,1,1,-4,-1,-2,-4,5,-4,-4,-1,-1,-1
5124,pad,0,0,0,1,1,1,5,-4,-2,-2,-2,-1,2,-2,0,0
5125,pad,2,2,2,1,1,1,-1,2,4,-1,-2,-1,-1,0,-2,-4
5126,pad,4,4,4,1,1,1,-3,0,-2,-3,3,-1,-1,-1,-2,0
5127,pad,2,2,2,1,1,1,-2,1,3,0,-1,-1,-2,1,-2,-4
5128,pad,1,1,1,1,1,1,-2,4,-1,-3,-1,-1,-1,-1,-1,-2
5129,pad,8,8,8,1,1,1,-2,-2,-2,-1,-2,3,1,-3,5,-1
5130,pad,9,9,9,1,1,1,-1,-2,-3,0,0,-1,-4,0,-2,4
5131,pad,6,6,6,1,1,1,0,-1,-3,-2,-1,2,5,-4,0,-2
5132,pad,1,1,1,1,1,1,-3,5,-1,-3,-2,0,-1,0,0,-3
5133,pad,0,0,0,1,1,1,6,-4,-1,-3,-3,-1,1,-1,0,-1
5134,pad,5,5,5,1,1,1,0,-1,-1,0,-2,4,0,-1,0,0
5135,pad,9,9,9,1,1,1,-2,-2,-3,-1,1,-2,-5,0,-1,3
5136,pad,6,6,6,1,1,1,1,-2,-4,-3,-2,2,6,-5,1,-2
5137,pad,9,9,9,1,1,1,-2,-2,-3,-1,1,-1,-4,0,-2,4
5138,pad,8,8,8,1,1,1,-1,-2,-2,-1,-2,2,1,-3,5,-1
5139,pad,0,0,0,1,1,1,5,-3,-2,-2,-1,-2,1,-1,-1,0
5140,pad,3,3,3,1,1,1,-1,-1,-1,3,-3,2,-2,-1,0,0
5141,pad,0,0,0,1,1,1,5,-3,-1,-2,-3,-1,0,-1,0,-1
5142,pad,8,8,8,1,1,1,-2,-2,-2,2,-3,2,-1,-4,5,0
5143,pad,3,3,3,1,1,1,-3,-1,-1,5,-4,2,-3,-1,0,-1
5144,pad,9,9,9,1,1,1,-2,-2,-3,-1,0,-1,-4,0,-1,3
5145,pad,6,6,6,1,1,1,1,-2,-3,-3,-1,2,5,-4,0,-2
5146,pad,3,3,3,1,1,1,-1,-1,-1,4,-4,1,-3,-1,0,1
5147,pad,0,0,0,1,1,1,4,-3,-1,-2,-2,0,2,-2,0,-1
5148,pad,1,1,1,1,1,1,-1,3,-1,-3,-1,0,0,-1,-1,-2
5149,pad,2,2,2,1,1,1,0,1,7,0,-5,-5,-2,1,-2,-7
5150,pad,3,3,3,1,1,1,-4,-1,-1,7,-6,1,-4,-1,1,0
5151,pad,4,4,4,1,1,1,-5,-1,-2,-3,6,-2,-5,0,-3,0
5152,pad,5,5,5,1,1,1,-3,0,-2,1,-2,4,-1,-1,1,-1
5153,pad,6,6,6,1,1,1,0,-2,-4,-3,0,1,6,-4,-1,-3
5154,pad,7,7,7,1,1,1,-2,-1,0,0,0,-2,-4,3,-1,-1
5155,pad,0,0,0,1,1,1,3,-2,-1,0,-2,0,1,-2,0,0
5156,pad,1,1,1,1,1,1,-1,3,-1,-3,-1,0,-1,0,-1,-1
5157,pad,2,2,2,1,1,1,0,1,7,-1,-3,-5,-2,1,-2,-5
5158,pad,3,3,3,1,1,1,-2,-3,-3,7,-5,3,-3,-2,0,1
5159,pad,4,4,4,1,1,1,-2,0,-2,-3,3,-2,-3,0,-2,1
5160,pad,5,5,5,1,1,1,-3,-1,-1,1,-2,4,0,-1,1,-1
5161,pad,6,6,6,1,1,1,-1,-1,-3,-3,1,1,6,-3,-1,-3
5162,pad,7,7,3,1,0,0,0,-1,0,1,-1,-1,-2,1,0,0
5163,pad,8,8,8,1,1,1,-2,-2,0,0,-2,0,-1,-3,5,-1
5164,pad,9,9,9,1,1,1,0,-2,-2,1,-1,0,-3,0,0,2
5165,pad,0,0,0,1,1,1,2,-1,-1,0,-2,1,2,-2,0,-1
5166,pad,1,1,1,1,1,1,-3,5,-2,-4,-1,-1,-1,0,-1,-2
5167,pad,2,2,2,1,1,1,0,0,5,1,-5,-3,-2,-1,0,-4
5168,pad,3,3,3,1,1,1,-3,-2,-2,7,-6,2,-4,-2,1,0
5169,pad,4,4,4,1,1,1,-4,-1,-1,-4,5,-2,-4,0,-2,1
5170,pad,5,5,5,1,1,1,-3,-1,-2,2,-2,5,0,-2,0,0
5171,pad,6,6,6,1,1,1,-1,-1,-3,-3,0,1,5,-3,0,-2
5172,pad,7,7,7,1,1,1,-1,-1,-1,0,0,-1,-4,3,-1,-1
5173,pad,8,8,8,1,1,1,-2,-2,-1,-1,-2,1,0,-4,6,-1
5174,pad,5,5,5,1,1,1,-2,-1,-1,0,-1,4,0,-2,1,0
5175,pad,4,4,4,1,1,1,-4,0,-2,-5,5,-2,-4,-1,-3,2
5176,pad,8,8,8,1,1,1,-3,-1,0,-1,1,-2,-2,-1,2,0
5177,pad,7,7,7,1,1,1,-1,0,0,0,-1,-1,-4,3,-1,-1
5178,pad,4,4,4,1,1,1,-5,0,-2,-5,6,-2,-4,-1,-4,0
5179,pad,7,7,7,1,1,1,-3,0,0,0,0,-2,-5,5,-1,-1
5180,pad,7,7,7,1,1,1,-1,-1,0,1,-1,-1,-3,2,0,-1
5181,pad,3,3,3,1,1,1,-3,-1,-1,6,-6,2,-3,-2,1,-1
5182,pad,9,9,9,1,1,1,-2,-2,-2,-1,2,-1,-4,0,-1,3
5183,pad,8,8,8,1,1,1,-2,-1,0,-1,0,-1,-1,-1,2,-1
5184,pad,8,8,8,1,1,1,-1,-1,-1,1,-1,0,-1,-2,3,-1
5185,pad,3,3,3,1,1,1,-3,-1,-2,6,-5,2,-2,-2,1,0
5186,pad,1,1,1,1,1,1,-2,4,-2,-3,-1,-1,-1,-1,-1,-1
5187,pad,5,5,5,1,1,1,-2,-1,-2,0,-2,5,0,-2,1,1
5188,pad,8,8,8,1,1,1,-3,-2,-2,-1,-1,1,0,-3,5,-1
5189,pad,2,2,2,1,1,1,-1,1,7,1,-4,-4,-2,0,-2,-6
5190,pad,7,7,7,1,1,1,-1,-1,0,0,-1,-1,-4,3,0,0
5191,pad,4,4,4,1,1,1,-3,-1,-1,-3,5,-2,-4,0,-1,1
5192,pad,2,2,2,1,1,1,0,0,6,1,-4,-4,-2,0,-1,-4
5193,pad,1,1,1,1,1,1,-1,3,-1,-2,-1,0,-1,0,0,-1
5194,pad,5,5,3,1,0,0,-2,-1,-1,2,-2,2,0,-1,0,-1
5195,pad,4,4,4,1,1,1,-2,-1,-1,-3,5,-1,-3,0,-4,1
5196,pad,5,5,5,1,1,1,-3,-1,-2,1,-2,5,-1,-2,1,0
5197,pad,5,5,5,1,1,1,-3,-1,-2,1,-2,5,-1,-2,1,0
5198,pad,8,8,8,1,1,1,-3,-1,-1,-1,1,0,-1,-2,4,-1
5199,pad,6,6,6,1,1,1,0,-1,-2,-3,2,1,3,-1,-2,-2
5200,pad,4,4,4,1,1,1,-4,0,-3,-5,5,-3,-4,0,-2,2
5201,pad,4,4,4,1,1,1,-1,-1,-2,-3,3,-2,-2,0,-1,2
5202,pad,4,4,4,1,1,1,-3,-1,-1,-4,5,-3,-4,-1,-3,2
5203,pad,1,1,1,1,1,1,-2,2,-1,-1,-2,-1,-2,1,-1,0
5204,pad,8,8,8,1,1,1,-1,-1,-1,0,-1,0,-1,-2,3,0
5205,pad,7,7,7,1,1,1,-2,0,0,0,-1,-1,-4,3,-1,-1
5206,pad,5,5,5,1,1,1,-4,-1,-2,1,-2,5,-1,-1,1,0
5207,pad,5,5,5,1,1,1,-3,-1,-1,1,-2,4,0,-2,0,0
5208,pad,1,1,1,1,1,1,-3,4,-1,-3,-1,0,-1,-1,0,-1
5209,pad,8,8,8,1,1,1,-2,-1,-1,-1,-1,1,1,-3,5,-2
5210,pad,9,9,9,1,1,1,-1,-2,-1,0,0,0,-2,0,0,2
5211,pad,1,1,1,1,1,1,-2,4,-1,-3,-1,-1,-2,1,-1,-2
5212,pad,3,3,3,1,1,1,-3,-2,-1,7,-6,1,-4,-2,1,0
5213,pad,6,6,6,1,1,1,-1,-1,-3,-3,1,1,5,-3,-1,-3
5214,pad,3,3,3,1,1,1,-3,-1,-1,6,-5,1,-4,-1,0,-1
5215,pad,3,3,3,1,1,1,-4,0,0,5,-4,1,-2,-1,1,-2
5216,pad,2,2,2,1,1,1,0,0,6,0,-4,-4,-1,-1,-1,-5
5217,pad,2,2,2,1,1,1,0,0,4,0,-4,-3,-2,1,0,-4
5218,pad,6,6,6,1,1,1,-1,-1,-3,-2,1,1,5,-2,-1,-2
5219,pad,9,9,9,1,1,1,-2,-2,-2,-1,1,-2,-4,-1,0,3
5220,pad,9,9,9,1,1,1,-1,-2,-2,-1,1,-1,-4,0,-1,3
5221,pad,6,6,6,1,1,1,0,-2,-3,-2,1,0,3,-2,-1,-1
5222,pad,5,5,5,1,1,1,-2,-1,-1,1,-2,4,-1,-1,1,0
5223,pad,5,5,5,1,1,1,-3,-1,-2,0,-1,5,0,-1,1,0
5224,pad,3,3,3,1,1,1,-4,-1,-1,6,-5,2,-3,-1,1,-1
5225,pad,3,3,3,1,1,1,-2,-1,1,5,-4,0,-2,-1,1,-1
5226,pad,8,8,8,1,1,1,-3,-2,-1,-1,-2,1,1,-4,6,-1
5227,pad,1,1,1,1,1,1,-2,4,-1,-4,-1,0,-1,0,-1,-2
5228,pad,6,6,6,1,1,1,-1,-1,-2,-2,1,1,3,-1,-1,-2
5229,pad,5,5,5,1,1,1,-3,-2,-2,2,-3,5,-1,-2,1,1
5230,pad,6,6,6,1,1,1,-1,-1,-3,-2,0,1,5,-3,0,-2
5231,pad,8,8,8,1,1,1,-3,-1,-2,-1,1,0,-1,-2,4,0
5232,pad,1,1,1,1,1,1,-1,4,-2,-3,-1,0,0,-1,0,-2
5233,pad,9,9,9,1,1,1,-2,-2,-2,0,0,-1,-4,-1,-1,4
5234,pad,7,7,7,1,1,1,-1,0,0,0,-1,-1,-4,3,-1,0
5235,pad,6,6,6,1,1,1,0,-1,-2,-3,0,1,5,-2,-2,-3
5236,pad,8,8,8,1,1,1,-2,-1,-2,-1,-1,1,0,-2,4,-1
5237,pad,3,3,3,1,1,1,-3,-1,0,6,-5,0,-3,-1,1,-1
5238,pad,7,7,7,1,1,1,-1,-1,0,0,-1,-1,-4,3,0,-1
5239,pad,4,4,4,1,1,1,-3,-1,-1,-2,4,-2,-4,1,-2,0
5240,pad,7,7,7,1,1,1,-1,0,0,0,0,0,-3,2,0,0
5241,pad,0,0,0,1,1,1,4,-3,-1,-1,0,-2,1,-1,-1,0
5242,pad,9,9,9,1,1,1,-2,-2,-2,-1,1,-1,-4,0,-1,3
5243,pad,0,0,0,1,1,1,4,-2,-2,0,-2,0,1,-1,0,0
5244,pad,0,0,0,1,1,1,2,-2,-1,0,-2,0,1,-1,0,0
5245,pad,3,3,3,1,1,1,-3,0,-1,5,-4,1,-3,-1,0,-1
5246,pad,7,7,7,1,1,1,0,0,-1,-1,-2,-1,-3,2,0,-1
5247,pad,9,9,9,1,1,1,-2,-2,-3,0,0,-1,-4,0,-1,3
5248,pad,3,3,3,1,1,1,-2,-2,-2,6,-5,2,-3,-2,1,0
5249,pad,0,0,0,1,1,1,4,-2,-1,-1,-1,0,1,-2,-1,-1
5250,pad,2,2,2,1,1,1,-1,1,3,2,-3,-1,-2,0,-1,-3
5251,pad,0,0,0,1,1,1,3,-2,-1,0,-1,1,1,-1,0,-1
5252,pad,1,1,1,1,1,1,-3,4,-1,-3,-1,-1,-1,-1,-1,-2
5253,pad,0,0,0,1,1,1,5,-3,0,-2,-3,-1,1,-2,0,-1
5254,pad,1,1,1,1,1,1,-1,4,-1,-3,-2,-1,0,-1,-1,-3
5255,pad,0,0,0,1,1,1,4,-3,-1,-3,-1,-2,2,-1,-2,0
5256,pad,4,4,4,1,1,1,-2,-1,-2,-3,5,-3,-3,0,-1,0
5257,pad,0,0,0,1,1,1,5,-2,-1,-2,-2,-2,1,-2,-1,-1
5258,pad,1,1,1,1,1,1,-2,4,-1,-3,-2,-1,-1,-1,0,-2
5259,pad,0,0,0,1,1,1,5,-3,-1,-1,-2,-1,1,-2,-1,0
5260,pad,4,4,4,1,1,1,-1,0,0,-2,2,-1,-2,-1,-1,0
5261,pad,7,7,7,1,1,1,0,-1,0,0,-1,-1,-3,2,0,0
5262,pad,9,9,9,1,1,1,-1,-1,-2,-1,0,-1,-3,-1,-1,3
5263,pad,6,6,6,1,1,1,0,-1,-3,-2,0,1,4,-2,0,-1
5264,pad,2,2,2,1,1,1,-2,1,5,1,-4,-3,-2,1,-1,-5
5265,pad,6,4,4,0,0,1,0,-1,-2,-2,1,-1,1,-2,0,0
5266,pad,2,2,2,1,1,1,-1,1,7,0,-4,-4,-2,0,-2,-6
5267,pad,2,2,2,1,1,1,0,0,5,1,-5,-3,-2,0,0,-4
5268,pad,9,9,9,1,1,1,-2,-2,-2,-2,2,-2,-3,-1,1,3
5269,pad,9,9,9,1,1,1,-1,-2,-2,-1,0,-1,-4,0,0,3
5270,pad,0,0,0,1,1,1,4,-3,-2,-1,-1,-1,2,-2,0,-1
5271,pad,1,1,1,1,1,1,-2,4,-2,-3,-1,-1,-1,-1,-1,-1
5272,pad,2,2,2,1,1,1,-2,1,7,1,-3,-4,-2,0,-2,-6
5273,pad,3,3,3,1,1,1,-3,-2,-2,5,-4,2,-3,-2,1,0
5274,pad,4,4,4,1,1,1,-5,0,-3,-5,6,-3,-4,-1,-2,0
5275,pad,5,5,5,1,1,1,-2,-1,-3,0,-2,7,0,-2,0,1
5276,pad,6,6,6,1,1,1,-1,-1,-3,-3,0,1,6,-3,-1,-3
5277,pad,7,7,7,1,1,1,-2,-1,0,1,-1,-1,-5,4,-1,-1
5278,pad,8,8,8,1,1,1,-1,-2,-3,-1,0,-1,-2,-1,3,1
5279,pad,9,9,9,1,1,1,-2,-2,-2,-1,0,-1,-5,0,-1,5
5280,pad,0,0,0,1,1,1,5,-3,-2,-1,-2,0,1,-1,-1,0
5281,pad,1,1,1,1,1,1,-2,5,-1,-4,-2,-1,-1,-1,-1,-3
5282,pad,2,2,2,1,1,1,-1,1,6,0,-3,-3,-2,0,-1,-5
5283,pad,3,3,3,1,1,1,-3,-1,-1,4,-3,1,-1,-1,2,-2
5284,pad,4,4,4,1,1,1,-3,-1,-2,-4,5,-2,-3,-2,-1,-1
5285,pad,5,5,5,1,1,1,-2,-1,-2,-1,-2,5,0,-2,1,1
5286,pad,6,6,6,1,1,1,-1,-1,-3,-3,0,2,6,-4,-1,-4
5287,pad,7,7,7,1,1,1,-2,-1,0,0,0,-2,-6,4,-1,0
5288,pad,8,8,8,1,1,1,0,-2,-1,-2,-1,0,1,-2,4,-1
5289,pad,9,9,9,1,1,1,-2,-3,-2,-1,1,-1,-5,0,-1,5
5290,pad,0,0,0,1,1,1,4,-3,-1,-2,-2,-2,1,-2,0,0
5291,pad,1,1,1,1,1,1,-2,4,-1,-3,-1,-1,-1,0,-1,-2
5292,pad,2,2,2,1,1,1,-1,1,5,0,-2,-2,-2,0,-1,-3
5293,pad,3,3,3,1,1,1,-3,-1,-2,5,-4,2,-2,-1,1,0
5294,pad,4,4,4,1,1,1,-3,-2,-3,-3,6,-3,-3,-1,-2,0
5295,pad,5,5,5,1,1,1,-2,-2,-3,0,-3,7,0,-3,1,1
5296,pad,6,6,6,1,1,1,-1,-1,-2,-2,-1,2,5,-4,0,-4
5297,pad,7,7,7,1,1,1,-3,-1,0,1,-1,-1,-5,5,-1,-1
5298,pad,8,8,8,1,1,1,0,-2,-2,-2,-1,1,1,-2,4,-1
5299,pad,9,9,9,1,1,1,-1,-2,-2,1,0,-1,-4,0,0,3
5300,pad,8,8,8,1,1,1,-1,-1,-1,0,-2,0,-1,-3,4,1
5301,pad,0,0,0,1,1,1,5,-2,-2,-1,-3,1,0,-1,0,-1
5302,pad,5,5,5,1,1,1,-2,-2,-4,0,-3,7,0,-2,0,1
5303,pad,6,6,6,1,1,1,-2,-1,-2,-2,0,1,4,-2,0,-4
5304,pad,6,6,6,1,1,1,-2,-1,-3,-2,0,1,6,-3,0,-4
5305,pad,0,0,0,1,1,1,5,-3,-1,-2,-3,-1,1,-1,-1,-1
5306,pad,8,8,8,1,1,1,-1,-1,-2,-1,0,1,0,-2,4,0
5307,pad,0,0,0,1,1,1,6,-3,-2,-2,-3,0,0,-1,0,-2
5308,pad,2,2,2,1,1,1,1,-1,4,1,-4,-3,-3,0,0,-3
5309,pad,3,3,3,1,1,1,-2,-2,-2,6,-5,3,-3,-2,0,0
5310,pad,7,7,7,1,1,1,-1,-1,0,1,-1,-1,-5,3,-1,0
5311,pad,9,9,9,1,1,1,-1,-3,-2,0,0,-1,-5,0,-1,4
5312,pad,4,4,4,1,1,1,-4,-1,-3,-4,5,-2,-3,-1,-2,0
5313,pad,7,7,7,1,1,1,-2,-1,1,1,-1,-2,-6,4,-1,-1
5314,pad,1,1,1,1,1,1,-2,4,-1,-4,0,-1,-1,0,-1,-2
5315,pad,9,9,9,1,1,1,-1,-2,-3,0,-1,0,-5,0,-2,4
5316,pad,1,1,1,1,1,1,-2,4,-1,-3,-2,-1,-1,0,0,-3
5317,pad,7,7,7,1,1,1,-2,-1,0,0,-1,-1,-6,4,-1,-1
5318,pad,1,1,1,1,1,1,-2,4,-2,-4,-1,-1,-1,-1,-1,-2
5319,pad,4,4,4,1,1,1,-3,-1,-2,-4,5,-2,-2,-2,-2,-1
5320,pad,0,0,0,1,1,1,5,-3,-1,-2,-2,-1,1,-1,-1,-1
5321,pad,0,0,0,1,1,1,6,-2,0,-2,-3,-1,0,-1,-1,-2
5322,pad,4,4,4,1,1,1,-2,0,-1,-2,3,-2,-3,0,-1,0
5323,pad,1,1,1,1,1,1,-2,5,-1,-3,-2,-1,-2,-1,-1,-2
5324,pad,7,7,7,1,1,1,-1,-1,0,0,-1,-1,-5,3,-1,0
5325,pad,5,5,5,1,1,1,-2,-2,-3,0,-2,7,-1,-2,0,2
5326,pad,7,7,7,1,1,1,-2,-1,0,0,-1,-2,-6,4,-1,0
5327,pad,1,1,1,1,1,1,-1,3,-1,-2,-1,-1,-2,0,0,-1
5328,pad,3,3,3,1,1,1,-3,-2,-2,7,-6,2,-4,-2,1,1
5329,pad,3,3,3,1,1,1,-2,-1,-2,5,-4,2,-2,-1,0,0
5330,pad,3,3,3,1,1,1,-2,-1,-2,4,-3,2,-2,-1,0,0
5331,pad,1,1,1,1,1,1,-1,2,-1,-3,0,-1,1,-1,-1,-1
5332,pad,6,6,6,1,1,1,0,-1,-3,-3,-1,2,6,-4,0,-3
5333,pad,9,9,9,1,1,1,-1,-3,-2,0,0,0,-5,0,0,4
5334,pad,7,7,7,1,1,1,-3,-1,0,0,-1,-2,-6,5,-1,-1
5335,pad,4,4,4,1,1,1,-2,0,-1,-3,3,-1,-1,-1,-1,0
5336,pad,3,3,3,1,1,1,-1,-2,-2,5,-5,1,-3,-3,2,1
5337,pad,0,0,0,1,1,1,6,-3,-1,-1,-3,-1,0,-1,-1,0
5338,pad,2,2,2,1,1,1,-2,1,6,1,-3,-3,-2,0,-1,-5
5339,pad,5,5,5,1,1,1,-2,-2,-3,1,-2,6,-1,-1,0,2
5340,pad,2,2,2,1,1,1,-1,0,6,1,-3,-4,-2,0,-1,-5
5341,pad,6,6,6,1,1,1,-1,-1,-2,-1,0,1,5,-2,0,-4
5342,pad,0,0,0,1,1,1,5,-3,-2,-1,-2,-1,1,-1,-1,0
5343,pad,8,8,8,1,1,1,-1,-1,-2,-1,0,0,-2,-2,3,1
5344,pad,9,9,9,1,1,1,-1,-3,-2,0,0,-1,-5,1,-2,4
5345,pad,4,4,4,1,1,1,-3,0,-1,-3,4,-2,-3,-1,-2,0
5346,pad,3,3,3,1,1,1,-2,-1,-1,4,-3,0,-2,-1,1,-1
5347,pad,5,5,5,1,1,1,-2,-1,-2,-1,-2,6,0,-1,0,1
5348,pad,4,4,4,1,1,1,-2,-1,-2,-3,4,-2,-1,-1,-2,-1
5349,pad,8,8,8,1,1,1,-1,-1,-1,-1,-1,0,0,-2,3,0
5350,pad,1,1,1,1,1,1,-2,4,-1,-3,-2,-1,-1,-1,-1,-2
5351,pad,5,5,5,1,1,1,-2,-2,-3,0,-3,7,0,-2,0,1
5352,pad,9,9,9,1,1,1,-1,-3,-2,1,0,0,-4,0,-1,4
5353,pad,0,0,0,1,1,1,5,-3,-1,-2,-2,-2,1,0,0,-1
5354,pad,6,6,6,1,1,1,-1,-1,-3,-2,-1,2,5,-3,0,-3
5355,pad,4,4,4,1,1,1,-3,-1,-2,-3,5,-2,-3,-1,-2,0
5356,pad,3,3,3,1,1,1,-2,-2,-2,6,-6,2,-3,-3,2,1
5357,pad,6,6,6,1,1,1,-1,0,-1,-2,0,1,5,-3,-1,-4
5358,pad,3,3,3,1,1,1,-1,-3,-2,5,-4,2,-3,-2,1,1
5359,pad,3,3,3,1,1,1,-2,-1,0,5,-4,0,-3,-1,2,0
5360,pad,8,8,8,1,1,1,-1,-1,-2,0,0,0,-1,-1,3,0
5361,pad,1,1,1,1,1,1,-1,4,-1,-3,-2,-1,-1,0,0,-2
5362,pad,4,4,4,1,1,1,-3,-1,-1,-3,4,-3,-3,0,-2,0
5363,pad,7,7,7,1,1,1,-2,0,-1,0,-1,-1,-4,4,-1,-1
5364,pad,5,5,5,1,1,1,-3,-1,-3,-1,-3,7,0,-2,1,1
5365,pad,7,7,7,1,1,1,-2,-1,-1,0,0,-1,-5,5,-1,-1
5366,pad,2,2,2,1,1,1,-1,1,5,0,-2,-2,-2,0,-1,-4
5367,pad,2,2,2,1,1,1,0,1,4,0,-2,-2,-2,0,-1,-3
5368,pad,0,0,0,1,1,1,6,-3,-1,-1,-4,0,0,-1,0,-1
5369,pad,0,0,0,1,1,1,6,-3,-1,-2,-3,0,1,-2,0,-1
5370,pad,1,1,1,1,1,1,-2,4,-1,-2,-1,-1,-2,0,-1,-1
5371,pad,7,7,7,1,1,1,-1,-1,0,0,-1,-1,-4,4,-1,-1
5372,pad,7,7,7,1,1,1,-1,0,0,0,-1,-1,-4,3,-1,0
5373,pad,9,9,9,1,1,1,-1,-3,-2,0,0,-1,-5,0,-1,4
5374,pad,5,5,5,1,1,1,-2,-2,-3,1,-2,5,-1,-2,0,1
5375,pad,9,9,9,1,1,1,-2,-1,-3,-1,1,-1,-4,-1,-1,4
5376,pad,8,8,8,1,1,1,0,-2,-2,1,-3,0,-2,-3,4,0
5377,pad,9,9,9,1,1,1,-1,-4,-2,0,0,0,-5,1,-1,5
5378,pad,6,6,6,1,1,1,0,-1,-2,-3,0,2,5,-4,-2,-3
5379,pad,8,8,8,1,1,1,0,-1,-3,-1,-1,0,-1,-2,3,-1
5380,pad,8,8,8,1,1,1,-1,-1,-2,-1,-1,0,-1,-2,2,1
5381,pad,2,2,2,1,1,1,1,0,5,1,-3,-3,-2,0,-1,-4
5382,pad,3,3,3,1,1,1,-2,-1,-1,5,-4,2,-2,-1,0,-1
5383,pad,6,6,6,1,1,1,-2,-1,-2,-1,0,1,4,-2,0,-4
5384,pad,1,1,1,1,1,1,-4,5,-2,-5,-1,-1,-1,-1,-1,-1
5385,pad,2,2,2,1,1,1,-1,0,7,0,-3,-4,-3,1,-1,-5
5386,pad,9,9,9,1,1,1,-2,-2,-3,-1,1,-1,-5,0,-2,5
5387,pad,8,8,8,1,1,1,-1,-2,-2,0,-2,0,-2,-2,4,1
5388,pad,9,9,9,1,1,1,-2,-3,-3,-1,1,-1,-4,0,-1,4
5389,pad,5,5,5,1,1,1,-1,-2,-2,0,-2,6,0,-1,0,1
5390,pad,2,2,2,1,1,1,-1,0,5,0,-1,-3,-2,0,-1,-3
5391,pad,6,6,6,1,1,1,0,-1,-3,-2,0,1,5,-3,-1,-2
5392,pad,2,2,2,1,1,1,1,0,4,0,-4,-2,-1,-1,0,-4
5393,pad,4,4,4,1,1,1,-3,-1,-2,-4,5,-3,-3,-1,-2,0
5394,pad,8,8,8,1,1,1,-1,-1,-3,-1,0,1,-1,-1,3,0
5395,pad,4,4,4,1,1,1,-2,-1,-1,-3,4,-2,-2,0,-2,0
5396,pad,6,6,6,1,1,1,0,-1,-2,-2,-1,1,4,-3,0,-2
5397,pad,5,5,5,1,1,1,-2,-1,-2,0,-2,5,0,-1,0,1
5398,pad,0,0,0,1,1,1,5,-3,-1,-3,-3,-1,1,-1,0,-1
5399,pad,1,1,1,1,1,1,-2,4,-1,-3,-1,-1,-2,0,-1,-2
5400,pad,5,5,5,1,1,1,-1,-2,-2,0,-2,5,0,-1,0,1
5401,pad,6,6,6,1,1,1,-1,-1,-2,-1,0,1,5,-3,0,-4
5402,pad,7,7,7,1,1,1,-3,1,0,0,0,-2,-5,4,-2,-1
5403,pad,8,8,8,1,1,1,-2,-2,-1,0,-2,0,-1,-2,4,0
5404,pad,9,9,9,1,1,1,-1,-2,-2,0,-1,-1,-5,0,-2,4
5405,pad,0,0,0,1,1,1,4,-3,-1,-2,-3,1,2,-2,1,-1
5406,pad,1,1,1,1,1,1,-1,3,0,-2,-2,-1,-1,0,-1,-3
5407,pad,2,2,2,1,1,1,-2,1,6,1,-4,-3,-1,1,-1,-6
5408,pad,3,3,3,1,1,1,-1,-2,0,5,-5,0,-2,-2,1,0
5409,pad,4,4,4,1,1,1,-2,-1,-2,-3,4,-2,-1,-1,-2,-1
5410,pad,5,5,5,1,1,1,-1,-2,-3,0,-2,6,1,-2,0,0
5411,pad,6,6,6,1,1,1,0,-1,-3,-3,-1,2,7,-5,-1,-4
5412,pad,7,7,7,1,1,1,-4,0,-1,-1,0,-2,-5,4,-1,0
5413,pad,8,8,8,1,1,1,-1,-1,-1,0,-2,0,0,-3,3,-1
5414,pad,9,9,9,1,1,1,-2,-2,-3,0,0,-1,-4,0,-2,4
5415,pad,0,0,0,1,1,1,5,-3,-1,-1,-1,-1,1,-1,-1,0
5416,pad,1,1,1,1,1,1,-3,4,-1,-2,-1,0,-2,0,-1,-2
5417,pad,2,2,2,1,1,1,-3,1,4,3,-4,-2,-3,1,-1,-4
5418,pad,3,3,3,1,1,1,-2,-2,-1,7,-6,1,-4,-2,1,0
5419,pad,4,4,4,1,1,1,-4,-1,-2,-3,4,-3,-2,0,-1,-1
5420,pad,5,5,5,1,1,1,0,-2,-2,0,-1,3,1,-1,0,0
5421,pad,6,6,6,1,1,1,1,-1,-3,-2,-1,2,6,-3,-1,-3
5422,pad,7,7,7,1,1,1,-2,-1,-1,1,0,-1,-5,3,-1,0
5423,pad,8,8,8,1,1,1,-2,-2,-1,1,-1,1,-1,-2,4,0
5424,pad,9,9,9,1,1,1,-1,-1,-2,-1,0,-2,-4,1,-2,3
5425,pad,7,7,7,1,1,1,-3,0,-1,0,0,-1,-4,4,-1,-1
5426,pad,4,4,4,1,1,1,-4,-1,-2,-3,6,-3,-3,-1,-2,-2
5427,pad,2,2,2,1,1,1,-2,1,5,1,-3,-3,-2,0,-1,-4
5428,pad,0,0,0,1,1,1,5,-3,-2,-1,-2,0,2,-2,-1,-1
5429,pad,9,9,9,1,1,1,0,-2,-2,1,-1,-1,-3,0,-1,2
5430,pad,0,0,0,1,1,1,6,-4,-2,-2,-2,-1,2,-2,-1,0
5431,pad,1,1,1,1,1,1,-2,4,-1,-3,-1,-1,-2,0,-1,-1
5432,pad,5,5,5,1,1,1,-1,-2,-2,0,-2,6,0,-1,0,1
5433,pad,8,8,8,1,1,1,-1,-2,-2,0,-3,1,-1,-3,5,-1
5434,pad,8,8,8,1,1,1,-1,-1,-2,0,-1,1,0,-3,4,0
5435,pad,0,0,0,1,1,1,6,-2,0,-1,-3,0,0,-1,0,-2
5436,pad,2,2,2,1,1,1,-1,1,7,0,-3,-4,-3,0,-1,-5
5437,pad,7,7,7,1,1,1,-3,-1,-1,0,1,-1,-5,4,-1,0
5438,pad,8,8,8,1,1,1,-1,-2,-1,1,-3,0,-1,-2,4,0
5439,pad,4,4,4,1,1,1,-3,0,0,-2,4,-3,-3,0,-2,-2
5440,pad,4,4,4,1,1,1,-3,0,-2,-2,3,-1,-2,0,-1,1
5441,pad,6,6,6,1,1,1,1,-1,-3,-3,-1,2,6,-4,-1,-3
5442,pad,1,1,1,1,1,1,-1,3,-1,-3,-2,-1,-1,0,0,-2
5443,pad,0,0,0,1,1,1,4,-3,-2,0,-2,1,2,-2,0,-1
5444,pad,4,4,4,1,1,1,-3,-1,-2,-3,4,-3,-2,-1,-2,-1
5445,pad,5,5,5,1,1,1,-1,-3,-3,0,-2,5,1,-2,0,0
5446,pad,3,3,3,1,1,1,-3,-1,0,5,-4,1,-3,-1,1,-1
5447,pad,9,9,9,1,1,1,-2,-2,-2,-1,1,-1,-4,0,-2,3
5448,pad,4,4,4,1,1,1,-3,-1,-2,-3,4,-3,-3,-1,-2,-1
5449,pad,2,2,2,1,1,1,-2,0,2,2,-3,-1,-2,0,1,-2
5450,pad,0,0,0,1,1,1,3,-2,-1,0,-1,1,1,-1,0,-1
5451,pad,5,5,5,1,1,1,-1,-2,-2,0,-3,7,0,-3,0,1
5452,pad,0,0,0,1,1,1,4,-3,-2,0,-2,1,2,-2,0,-1
5453,pad,1,1,1,1,1,1,-2,3,-1,-2,-2,0,-1,0,0,-2
5454,pad,3,3,3,1,1,1,-2,-2,-2,5,-4,3,-2,-2,1,1
5455,pad,2,2,2,1,1,1,0,1,6,0,-4,-4,-2,1,-2,-6
5456,pad,9,9,9,1,1,1,-1,-3,-3,0,0,0,-4,0,-1,4
5457,pad,1,1,1,1,1,1,-1,2,-1,-2,0,0,0,-1,1,-1
5458,pad,6,6,6,1,1,1,0,-2,-4,-3,0,1,7,-3,-1,-3
5459,pad,0,0,0,1,1,1,3,-2,-2,0,-2,0,2,-2,1,-1
5460,pad,1,1,1,1,1,1,-2,4,-1,-3,0,-1,-2,0,-1,-1
5461,pad,1,1,1,1,1,1,-2,4,0,-3,-1,-1,-1,0,0,-2
5462,pad,8,8,8,1,1,1,-1,-2,-1,0,-1,1,0,-2,4,-1
5463,pad,0,0,0,1,1,1,4,-3,-2,-1,-2,1,3,-2,-1,-2
5464,pad,4,4,4,1,1,1,-4,-1,-2,-3,5,-3,-4,0,-2,-1
5465,pad,7,7,7,1,1,1,-3,0,0,0,0,-2,-5,5,-1,-1
5466,pad,7,7,7,1,1,1,-2,-1,0,0,0,-1,-5,4,-1,-1
5467,pad,6,6,6,1,1,1,1,-1,-4,-3,-1,1,7,-5,-1,-4
5468,pad,3,3,3,1,1,1,-1,-1,0,4,-4,1,-2,-2,0,-1
5469,pad,6,6,6,1,1,1,0,-2,-3,-3,-1,2,7,-4,0,-4
5470,pad,0,0,0,1,1,1,3,-3,-2,0,-2,1,2,-2,1,-1
5471,pad,7,7,7,1,1,1,-3,0,0,0,-1,-1,-4,3,-1,-1
5472,pad,3,3,3,1,1,1,-1,-3,-2,7,-6,2,-4,-2,1,1
5473,pad,5,5,5,1,1,1,-2,-2,-2,0,-3,6,0,-2,0,1
5474,pad,4,4,4,1,1,1,-4,0,-1,-4,5,-3,-3,0,-4,-2
5475,pad,2,2,2,1,1,1,-1,1,6,0,-3,-3,-2,1,-3,-6
5476,pad,4,4,4,1,1,1,-4,0,-2,-4,6,-3,-3,-1,-2,-1
5477,pad,1,1,1,1,1,1,-2,4,-1,-2,-1,-1,-1,0,0,-2
5478,pad,8,8,8,1,1,1,0,-2,-2,1,-3,0,-1,-3,5,0
5479,pad,3,3,3,1,1,1,-2,-3,-3,6,-5,3,-2,-2,1,0
5480,pad,5,5,5,1,1,1,-2,-1,-1,0,-2,5,0,-2,0,0
5481,pad,6,6,6,1,1,1,0,-2,-4,-3,0,1,6,-3,-1,-3
5482,pad,7,7,7,1,1,1,-3,0,0,0,0,-2,-5,4,-1,0
5483,pad,0,0,0,1,1,1,4,-2,-1,-2,-2,-1,2,-2,0,-1
5484,pad,6,6,6,1,1,1,1,-2,-4,-3,0,1,6,-4,-1,-3
5485,pad,7,7,7,1,1,1,-3,0,1,0,0,-2,-5,5,-1,-1
5486,pad,1,1,1,1,1,1,-3,5,-2,-4,-2,-1,-2,0,-1,-2
5487,pad,2,2,2,1,1,1,-2,1,5,1,-3,-3,-2,0,-1,-5
5488,pad,5,5,5,1,1,1,-2,-1,-2,1,-3,7,0,-2,0,0
5489,pad,8,8,8,1,1,1,-1,-2,-2,0,-3,2,-1,-4,6,-1
5490,pad,1,1,1,1,1,1,-2,4,0,-3,-2,-1,-1,0,0,-3
5491,pad,9,9,9,1,1,1,-1,-2,-3,0,0,-2,-5,0,-1,4
5492,pad,3,3,3,1,1,1,-3,-2,-1,7,-6,1,-4,-2,1,-1
5493,pad,8,8,8,1,1,1,-1,-2,-2,1,-2,1,-1,-3,5,-2
5494,pad,2,2,2,1,1,1,0,1,7,1,-4,-4,-2,0,-2,-6
5495,pad,8,8,8,1,1,1,-1,-1,-2,0,-1,1,0,-2,4,-1
5496,pad,7,7,7,1,1,1,-3,1,0,0,0,-1,-3,2,-1,0
5497,pad,6,6,6,1,1,1,1,-1,-4,-3,-1,2,6,-4,-1,-3
5498,pad,7,7,7,1,1,1,-3,0,0,0,-1,-1,-5,5,-1,-1
5499,pad,1,1,1,1,1,1,-2,3,-3,-2,-1,0,-1,-1,-1,0
5500,pad,4,4,4,1,1,1,-6,-1,-2,-3,4,-3,-3,-1,-1,-3
5501,pad,6,6,6,1,1,1,0,-2,-3,-3,-1,2,7,-5,-1,-4
5502,pad,2,2,2,1,1,1,-3,1,4,2,-4,-1,-1,-1,-1,-5
5503,pad,9,9,9,1,1,1,-1,-2,-1,0,0,-1,-5,1,-1,3
5504,pad,3,3,3,1,1,1,1,-2,-1,3,-3,0,-1,-2,1,0
5505,pad,0,0,0,1,1,1,5,-1,-1,-1,-2,0,1,-2,-1,-1
5506,pad,1,1,1,1,1,1,-3,4,-1,-3,0,-1,-2,0,-2,0
5507,pad,2,2,2,1,1,1,0,1,5,0,-3,-3,0,0,-1,-4
5508,pad,3,3,3,1,1,1,-4,-1,-2,6,-4,2,-3,-1,0,-1
5509,pad,4,4,4,1,1,1,-3,-1,-1,-3,4,-2,-3,0,-3,0
5510,pad,5,5,5,1,1,1,-3,0,-3,1,-3,5,-1,-1,0,0
5511,pad,6,6,6,1,1,1,-1,-1,-2,-2,0,1,6,-3,-1,-4
5512,pad,7,7,7,1,1,1,-1,0,0,0,-1,0,-4,3,-1,-1
5513,pad,0,0,0,1,1,1,6,-2,-1,-1,-2,0,2,-2,-2,-1
5514,pad,1,1,1,1,1,1,-3,4,-1,-2,0,-1,-2,0,-1,0
5515,pad,2,2,2,1,1,1,0,1,7,0,-4,-4,-1,0,-1,-6
5516,pad,3,3,3,1,1,1,-3,-1,-2,6,-4,2,-3,-1,-1,-1
5517,pad,4,4,4,1,1,1,-4,0,-1,-4,5,-2,-4,0,-4,0
5518,pad,5,5,5,1,1,1,-4,-1,-3,1,-2,6,-1,-2,1,2
5519,pad,0,0,0,1,1,1,3,-1,-2,-1,-1,0,2,-2,0,-1
5520,pad,1,1,1,1,1,1,-3,4,-2,-2,0,-1,-2,0,0,0
5521,pad,2,2,2,1,1,1,0,1,6,-1,-3,-4,-1,0,-2,-6
5522,pad,8,8,8,1,1,1,0,-2,-1,-1,-2,0,-1,-2,4,0
5523,pad,9,9,9,1,1,1,-2,-1,-1,-2,1,-1,-3,0,-1,3
5524,pad,1,1,1,1,1,1,-3,3,-1,-2,-1,-1,-2,2,-2,-1
5525,pad,4,4,4,1,1,1,-2,-1,-2,-2,3,-3,-3,0,-1,1
5526,pad,0,0,0,1,1,1,5,-2,-1,-2,-4,0,0,-1,1,-2
5527,pad,9,9,9,1,1,1,-1,-1,-2,-1,1,-1,-3,0,-1,3
5528,pad,5,5,5,1,1,1,-2,-2,-3,0,-3,6,0,-2,0,1
5529,pad,0,0,0,1,1,1,5,-2,-1,-1,-3,1,1,-1,0,-2
5530,pad,8,8,8,1,1,1,0,-2,-2,-1,-2,1,1,-3,4,0
5531,pad,0,0,0,1,1,1,6,-3,-2,-3,-3,-2,1,-1,-1,0
5532,pad,7,7,7,1,1,1,-1,0,-1,0,-1,0,-3,2,0,0
5533,pad,7,7,7,1,1,1,-2,0,-1,0,-1,-1,-4,3,-1,0
5534,pad,1,1,1,1,1,1,-3,4,-2,-2,-1,0,-2,0,-1,0
5535,pad,1,1,1,1,1,1,-2,3,-1,-2,-1,-1,-2,1,-1,0
5536,pad,2,2,2,1,1,1,-1,1,4,1,-3,-2,-2,1,-1,-4
5537,pad,9,9,9,1,1,1,-1,-2,-2,-1,1,-2,-3,0,-1,4
5538,pad,3,3,3,1,1,1,-5,0,0,7,-6,1,-4,-1,1,-3
5539,pad,6,6,6,1,1,1,0,-1,-3,-2,0,0,4,-2,0,-1
5540,pad,7,7,7,1,1,1,-2,-1,0,1,-1,-1,-5,3,-1,0
5541,pad,2,2,2,1,1,1,-1,1,5,1,-4,-3,-2,1,-1,-6
5542,pad,3,3,3,1,1,1,-3,-1,-2,6,-5,2,-4,-1,0,0
5543,pad,8,8,8,1,1,1,0,-2,-2,0,-1,0,1,-3,3,0
5544,pad,1,1,1,1,1,1,-3,4,-2,-2,-1,0,-2,0,-1,0
5545,pad,2,2,2,1,1,1,0,1,6,0,-4,-3,-1,0,-3,-6
5546,pad,9,9,9,1,1,1,0,-2,-3,-1,1,-1,-2,-1,0,4
5547,pad,8,8,8,1,1,1,0,-2,0,0,-2,0,0,-2,3,-1
5548,pad,8,8,8,1,1,1,-1,-2,-1,0,-2,1,0,-3,4,-1
5549,pad,7,7,7,1,1,1,-1,0,-1,0,-1,-1,-4,4,0,-1
5550,pad,1,1,1,1,1,1,-2,3,-1,-2,0,-1,-2,1,-2,-1
5551,pad,7,7,7,1,1,1,-1,0,-1,-1,-1,-1,-5,4,0,-1
5552,pad,1,1,1,1,1,1,-2,3,0,-1,-1,-1,-2,1,-2,-1
5553,pad,1,1,1,1,1,1,-3,4,-2,-2,-1,-1,-3,1,-1,-1
5554,pad,0,0,0,1,1,1,5,-2,-1,-1,-3,1,0,-1,-1,-1
5555,pad,3,3,3,1,1,1,-4,-1,-2,7,-5,2,-3,-1,0,-1
5556,pad,4,4,4,1,1,1,0,0,0,-2,3,-3,-3,0,-2,0
5557,pad,2,2,2,1,1,1,0,1,6,0,-4,-4,-2,0,-1,-5
5558,pad,6,6,6,1,1,1,0,-2,-4,-3,0,1,6,-3,0,-3
5559,pad,4,4,4,1,1,1,-2,0,-1,-3,4,-2,-3,0,-3,1
5560,pad,7,7,7,1,1,1,-1,0,0,0,-1,-1,-4,3,-1,-1
5561,pad,4,4,4,1,1,1,-2,0,-1,-3,4,-3,-3,0,-3,0
5562,pad,2,2,2,1,1,1,-1,-1,4,1,-5,-3,-2,-2,2,-3
5563,pad,7,7,7,1,1,1,-2,0,0,1,0,-1,-5,3,-1,0
5564,pad,4,4,4,1,1,1,-3,0,-1,-3,3,-3,-3,0,-1,0
5565,pad,9,9,9,1,1,1,-2,-2,-3,-2,1,-2,-5,-1,-1,5
5566,pad,1,1,1,1,1,1,-3,4,-2,-3,0,-1,-2,0,-2,0
5567,pad,0,0,0,1,1,1,5,-2,-2,-1,-2,0,1,-1,0,-1
5568,pad,6,6,6,1,1,1,-1,-1,-2,-3,0,1,7,-3,0,-4
5569,pad,8,8,8,1,1,1,0,-2,0,0,-3,0,-2,-3,4,1
5570,pad,5,5,5,1,1,1,-2,-2,-3,-1,-3,7,1,-3,1,1
5571,pad,5,5,5,1,1,1,-4,-1,-3,0,-3,7,-1,-1,0,1
5572,pad,5,5,5,1,1,1,-3,-2,-2,-1,-2,6,1,-2,1,1
5573,pad,3,3,3,1,1,1,-3,-1,-2,5,-4,2,-2,-1,0,-1
5574,pad,5,5,5,1,1,1,-3,-1,-2,0,-2,6,0,-2,1,0
5575,pad,9,9,9,1,1,1,-1,-2,-3,0,-1,-2,-5,-1,0,5
5576,pad,7,7,7,1,1,1,-3,0,0,1,-1,-2,-5,4,-1,-1
5577,pad,4,4,4,1,1,1,-2,-1,-1,-2,3,-2,-2,0,-1,0
5578,pad,8,8,8,1,1,1,1,-2,-3,-1,-2,0,-1,-3,4,0
5579,pad,5,5,5,1,1,1,-1,-1,-2,0,-3,6,1,-2,0,1
5580,pad,9,9,9,1,1,1,-2,-2,-2,-2,2,-2,-4,0,-1,4
5581,pad,6,6,6,1,1,1,-1,-1,-3,-2,0,1,6,-3,0,-4
5582,pad,9,9,9,1,1,1,-2,-1,-2,-2,1,-2,-4,0,-1,4
5583,pad,3,3,3,1,1,1,-4,0,-1,5,-4,2,-2,-1,1,-1
5584,pad,0,0,0,1,1,1,5,-2,-1,-2,-2,0,1,-1,-1,-1
5585,pad,3,3,3,1,1,1,-4,-1,-2,7,-6,2,-4,-2,1,-1
5586,pad,8,8,8,1,1,1,1,-2,-1,0,-3,0,-1,-2,4,-1
5587,pad,9,9,9,1,1,1,-2,-2,-2,-1,1,-2,-5,0,-1,4
5588,pad,1,1,1,1,1,1,-3,4,-1,-3,-1,0,-1,0,-1,-1
5589,pad,8,8,8,1,1,1,-1,-2,-2,0,-2,0,-1,-3,5,0
5590,pad,1,1,1,1,1,1,-2,3,-1,-2,-1,-1,-2,0,-1,-1
5591,pad,6,6,6,1,1,1,1,-1,-3,-2,-1,1,6,-4,-1,-3
5592,pad,0,0,0,1,1,1,6,-3,-1,-2,-4,0,1,-2,-1,-1
5593,pad,0,0,0,1,1,1,5,-3,-2,-2,-2,0,3,-3,0,0
5594,pad,1,1,1,1,1,1,-3,4,-2,-3,-1,-1,-1,-1,-1,0
5595,pad,2,2,2,1,1,1,-1,1,5,0,-1,-3,-1,-1,-3,-5
5596,pad,3,3,3,1,1,1,-2,-1,-1,4,-2,0,-2,-1,1,0
5597,pad,4,4,4,1,1,1,-4,0,-1,-3,3,-2,-4,1,-1,-1
5598,pad,5,5,5,1,1,1,-2,-1,-3,1,-2,6,0,-2,0,1
5599,pad,6,6,6,1,1,1,-1,-1,-2,-2,0,1,5,-2,0,-3
5600,pad,7,7,1,1,0,0,-1,1,0,-1,-1,-1,-2,1,-1,0
5601,pad,8,8,8,1,1,1,0,-1,0,1,-2,-1,-1,-1,3,0
5602,pad,9,9,9,1,1,1,-2,-1,-2,-2,1,-2,-5,0,0,4
5603,pad,0,0,0,1,1,1,4,-2,-1,-1,-2,1,2,-1,0,0
5604,pad,1,1,1,1,1,1,-3,4,-1,-2,-1,-1,-2,1,-2,-1
5605,pad,2,2,2,1,1,1,0,0,6,0,-4,-4,-2,0,-1,-4
5606,pad,3,3,3,1,1,1,-2,-1,-1,5,-4,1,-3,-2,0,0
5607,pad,4,4,4,1,1,1,-3,0,0,-2,2,-2,-3,1,-1,-1
5608,pad,5,5,5,1,1,1,-1,-1,-1,1,-2,2,0,-2,1,0
5609,pad,6,6,6,1,1,1,0,-2,-4,-3,0,2,7,-3,0,-3
5610,pad,7,7,7,1,1,1,-1,0,0,-1,0,-1,-5,4,-1,0
5611,pad,8,8,8,1,1,1,-1,-1,0,1,-2,0,0,-1,2,-1
5612,pad,9,9,9,1,1,1,-3,-1,-2,-2,2,-2,-4,0,-1,3
5613,pad,0,0,0,1,1,1,4,-3,-2,-1,-1,-1,2,-2,0,0
5614,pad,1,1,1,1,1,1,-4,4,-2,-3,0,-1,-2,0,-1,0
5615,pad,2,2,2,1,1,1,0,0,5,0,-3,-3,-1,0,-1,-4
5616,pad,3,3,3,1,1,1,-2,-1,-2,6,-4,1,-2,-2,1,0
5617,pad,4,4,4,1,1,1,-3,0,-1,-1,2,-1,-2,0,1,0
5618,pad,5,5,5,1,1,1,-2,-2,-1,1,-3,5,0,-3,2,0
5619,pad,6,6,6,1,1,1,-1,0,-1,-2,0,1,4,-2,0,-2
5620,pad,7,7,7,1,1,1,-1,0,-1,-1,0,-1,-4,3,-1,0
5621,pad,8,8,8,1,1,1,-2,-1,-1,0,-1,0,1,-1,3,-2
5622,pad,9,9,9,1,1,1,-2,-1,-3,-1,1,-1,-3,0,-1,3
5623,pad,3,3,3,1,1,1,-2,-1,0,4,-2,1,-1,0,-1,-2
5624,pad,5,5,5,1,1,1,-2,-2,-2,0,-3,5,1,-3,2,0
5625,pad,3,3,3,1,1,1,-3,-1,-3,7,-4,3,-4,-1,0,1
5626,pad,2,2,3,1,0,0,-1,0,2,3,-3,-2,-1,-1,1,-2
5627,pad,9,9,9,1,1,1,-2,-2,-3,-2,1,-1,-4,-1,0,5
5628,pad,3,3,3,1,1,1,-3,-2,-3,7,-5,3,-4,-2,0,1
5629,pad,2,2,2,1,1,1,-1,0,6,1,-4,-4,-2,-1,0,-4
5630,pad,1,1,1,1,1,1,-3,4,-1,-2,-1,-1,-2,0,-1,0
5631,pad,4,4,4,1,1,1,-3,0,-1,-1,2,-2,-2,0,-1,-1
5632,pad,5,5,5,1,1,1,-3,-2,-4,0,-3,7,-1,-3,1,1
5633,pad,5,5,5,1,1,1,-2,-1,-3,1,-2,6,0,-2,0,1
5634,pad,2,2,2,1,1,1,0,0,3,1,-3,-2,-1,0,0,-2
5635,pad,3,3,3,1,1,1,-4,-1,-2,6,-5,2,-3,-1,0,-1
5636,pad,2,2,2,1,1,1,-1,1,5,1,-2,-2,-1,0,-2,-4
5637,pad,1,1,1,1,1,1,-3,3,-1,-2,0,-1,-2,0,-1,0
5638,pad,3,3,3,1,1,1,-2,0,-1,5,-4,2,-2,-1,0,-1
5639,pad,9,9,9,1,1,1,-2,-2,-3,0,0,0,-4,0,-2,4
5640,pad,7,7,7,1,1,1,-1,0,-1,-1,0,-1,-4,4,-1,0
5641,pad,2,2,2,1,1,1,-1,0,5,1,-4,-2,-1,0,-1,-5
5642,pad,1,1,1,1,1,1,-2,3,-3,-4,-1,1,0,-1,0,-1
5643,pad,2,2,2,1,1,1,-1,1,6,1,-3,-4,-2,0,-1,-5
5644,pad,8,8,8,1,1,1,-2,-1,-1,0,0,0,0,-1,3,-1
5645,pad,9,9,9,1,1,1,-2,-1,-2,-2,2,-2,-4,-1,-1,4
5646,pad,1,1,1,1,1,1,-3,4,-1,-4,0,-1,-1,0,-1,-1
5647,pad,8,8,8,1,1,1,-3,-1,-2,0,0,1,0,-1,3,-2
5648,pad,8,8,8,1,1,1,-3,0,-2,-2,1,-1,-2,-2,3,1
5649,pad,7,7,7,1,1,1,-1,0,0,0,-1,-1,-4,3,-1,-1
5650,pad,8,8,8,1,1,1,-2,-1,-3,0,0,2,1,-3,4,-1
5651,pad,1,1,1,1,1,1,-3,3,-1,-2,-1,0,-2,1,-1,0
5652,pad,0,0,0,1,1,1,4,-2,-2,-1,-1,0,2,-2,0,-1
5653,pad,0,0,0,1,1,1,4,-2,-1,0,-2,-1,0,-2,0,0
5654,pad,7,2,2,0,0,1,0,0,1,0,-1,-1,-2,1,0,0
5655,pad,7,7,7,1,1,1,0,0,1,1,-2,-1,-3,2,0,-1
5656,pad,8,8,8,1,1,1,-1,-1,-1,0,-1,0,-1,-2,3,0
5657,pad,7,7,7,1,1,1,-1,1,0,0,-1,-1,-3,3,-1,-1
5658,pad,5,5,5,1,1,1,-2,-1,-2,2,-3,5,0,-2,0,-1
5659,pad,0,0,0,1,1,1,6,-2,-1,-2,-3,-1,1,-2,-2,-1
5660,pad,6,6,6,1,1,1,-1,-1,-2,-1,0,2,4,-2,0,-3
5661,pad,1,1,1,1,1,1,-3,4,-2,-3,-1,0,0,-1,0,-1
5662,pad,5,5,5,1,1,1,-2,-2,-4,1,-3,6,0,-2,0,1
5663,pad,7,7,7,1,1,1,0,0,0,-1,-2,0,-4,3,0,-1
5664,pad,4,4,4,1,1,1,-5,0,-1,-2,3,-3,-3,1,-2,-3
5665,pad,6,6,6,1,1,1,-2,0,-3,-2,0,2,4,-3,-1,-3
5666,pad,1,1,1,1,1,1,-3,4,-1,-3,-1,-1,-2,0,-1,0
5667,pad,2,2,2,1,1,1,0,0,4,0,-2,-2,0,-1,-1,-4
5668,pad,5,5,5,1,1,1,-1,-1,-2,-1,-2,5,1,-2,1,1
5669,pad,0,0,0,1,1,1,5,-2,-1,-1,-3,1,2,-2,0,-1
5670,pad,7,7,7,1,1,1,-2,0,-1,0,0,-1,-4,3,-1,0
5671,pad,9,9,9,1,1,1,-2,-2,-3,0,0,-1,-4,0,-1,3
5672,pad,9,9,9,1,1,1,-2,-2,-2,-1,0,-2,-4,1,-1,4
5673,pad,0,0,0,1,1,1,5,-2,0,-1,-3,1,1,-2,0,-1
5674,pad,3,3,3,1,1,1,-1,-1,-1,3,-2,2,-1,-1,1,0
5675,pad,8,8,8,1,1,1,-1,-1,-1,0,-1,1,0,-2,3,-2
5676,pad,4,4,7,1,0,0,-2,1,1,-1,1,-2,-1,2,-2,-3
5677,pad,4,4,4,1,1,1,-3,0,0,-1,2,-1,-1,0,-2,-2
5678,pad,8,8,8,1,1,1,-2,-1,0,1,-1,0,0,-1,2,-2
5679,pad,1,1,1,1,1,1,-2,3,-1,-2,-1,0,-2,1,-1,-1
5680,pad,8,8,8,1,1,1,-1,-2,-2,1,-2,1,0,-3,4,0
5681,pad,6,6,6,1,1,1,-2,0,-1,-1,0,1,4,-2,0,-4
5682,pad,5,5,5,1,1,1,-2,-2,-3,-1,-3,7,1,-2,1,1
5683,pad,9,9,9,1,1,1,-3,-2,-2,-1,1,-1,-4,-1,-1,5
5684,pad,0,0,0,1,1,1,5,-2,-1,-1,-2,0,2,-2,-1,-1
5685,pad,0,0,0,1,1,1,6,-2,0,-2,-4,1,1,-2,0,-2
5686,pad,0,0,0,1,1,1,5,-2,-1,-2,-4,1,2,-2,0,-1
5687,pad,3,3,3,1,1,1,-1,-1,-1,4,-3,0,-2,-1,1,0
5688,pad,7,7,7,1,1,1,-1,0,-1,-1,0,-1,-3,3,0,-1
5689,pad,1,1,1,1,1,1,-3,4,-1,-2,0,-1,-2,1,-1,-1
5690,pad,6,6,6,1,1,1,-1,-1,-1,-2,0,1,5,-2,0,-3
5691,pad,4,4,4,1,1,1,-3,0,0,-1,3,-3,-3,0,-1,-2
5692,pad,2,2,2,1,1,1,-1,1,6,1,-3,-3,-2,0,-1,-4
5693,pad,6,6,6,1,1,1,-2,0,-1,-1,0,1,4,-2,0,-3
5694,pad,6,6,6,1,1,1,-1,0,-2,-3,-1,1,6,-3,0,-3
5695,pad,0,0,0,1,1,1,4,-2,0,-2,-3,1,2,-2,0,-1
5696,pad,4,4,4,1,1,1,-1,0,0,-1,2,-1,-1,0,-2,-1
5697,pad,5,5,5,1,1,1,-2,-1,-3,0,-2,7,0,-2,0,1
5698,pad,4,4,4,1,1,1,-4,0,-1,-1,2,-1,-2,0,-1,-1
5699,pad,1,1,1,1,1,1,-3,4,-1,-3,-1,-1,-2,1,-1,0
5700,pad,3,3,3,1,1,1,-2,0,-2,4,-4,1,-2,-1,0,0
5701,pad,8,8,8,1,1,1,-2,-1,0,0,-1,-1,-1,-1,4,-2
5702,pad,6,6,6,1,1,1,-1,-1,-2,-2,0,1,5,-2,-1,-3
5703,pad,3,3,3,1,1,1,-2,-1,0,3,-2,0,-2,0,1,-1
5704,pad,9,9,9,1,1,1,-2,-2,-3,0,-1,-1,-4,-1,-1,5
5705,pad,9,9,9,1,1,1,-2,-2,-3,-1,1,-1,-4,-1,-1,4
5706,pad,5,5,5,1,1,1,-2,0,-1,-1,-1,5,0,-1,0,1
5707,pad,9,9,9,1,1,1,-1,-2,-2,0,0,-1,-3,-1,0,3
5708,pad,3,3,3,1,1,1,-4,-1,-2,6,-5,3,-4,-1,-1,0
5709,pad,7,7,7,1,1,1,-1,0,-1,0,-1,-1,-4,3,-1,0
5710,pad,8,8,8,1,1,1,-1,-1,-1,0,-1,0,0,-2,3,-1
5711,pad,5,5,5,1,1,1,-2,-2,-3,-1,-3,7,1,-3,1,1
5712,pad,6,6,6,1,1,1,-1,-1,-1,-2,0,1,5,-2,0,-3
5713,pad,4,4,4,1,1,1,-3,0,0,-3,4,-2,-2,-1,-2,-1
5714,pad,7,7,7,1,1,1,0,1,1,-1,-1,-1,-3,2,-1,-1
5715,pad,6,6,6,1,1,1,-2,-1,-1,-1,0,1,3,-1,1,-3
5716,pad,2,2,2,1,1,1,-1,0,7,0,-4,-4,-2,0,-1,-6
5717,pad,2,2,2,1,1,1,-1,0,4,1,-4,-2,-2,-1,2,-2
5718,pad,0,0,0,1,1,1,3,-2,0,-1,-2,0,1,-1,0,0
5719,pad,9,9,9,1,1,1,-2,-2,-3,-1,1,-1,-3,-1,-1,4
5720,pad,4,4,4,1,1,1,-3,0,-1,-1,2,-1,-2,1,-1,-1
5721,pad,0,0,0,1,1,1,6,-3,-1,-2,-3,-1,0,0,-1,-1
5722,pad,1,1,1,1,1,1,-2,4,-2,-3,-1,0,-1,-1,0,-1
5723,pad,2,2,2,1,1,1,-2,1,6,1,-3,-3,-2,0,-1,-5
5724,pad,3,3,3,1,1,1,-3,0,-1,5,-4,1,-3,-1,0,0
5725,pad,4,4,4,1,1,1,-4,0,-1,-3,5,-3,-4,0,-3,-1
5726,pad,5,5,5,1,1,1,-2,-1,-2,1,-2,5,-1,-1,-1,2
5727,pad,6,6,6,1,1,1,0,-1,-2,-2,0,1,4,-2,-1,-2
5728,pad,7,7,7,1,1,1,-3,0,-1,0,0,0,-4,3,-2,0
5729,pad,8,8,8,1,1,1,-1,-2,-1,0,-2,0,-1,-2,4,0
5730,pad,9,9,9,1,1,1,-1,-2,-2,-1,0,-1,-4,0,0,3
5731,pad,0,0,0,1,1,1,4,-2,0,0,-2,-1,0,-1,0,0
5732,pad,1,1,1,1,1,1,-2,3,-1,-2,-1,0,-2,0,0,-1
5733,pad,2,2,2,1,1,1,-2,1,6,1,-3,-3,-2,0,-1,-6
5734,pad,3,3,3,1,1,1,-2,0,0,2,-2,0,-2,0,0,-1
5735,pad,5,5,5,1,1,1,-2,0,-2,1,-1,2,-1,-1,1,0
5736,pad,6,6,6,1,1,1,2,-1,-2,-1,-1,2,3,-3,-2,-1
5737,pad,0,0,0,1,1,1,3,-2,-1,0,-1,-1,-1,0,-1,1
5738,pad,1,1,1,1,1,1,-2,4,-2,-4,-1,0,-1,-1,-1,-1
5739,pad,2,2,2,1,1,1,-2,1,6,2,-4,-3,-2,0,-1,-5
5740,pad,3,3,3,1,1,1,-3,0,-2,4,-3,1,-2,-1,0,0
5741,pad,4,4,4,1,1,1,-4,0,-1,-2,4,-2,-3,-1,-2,-1
5742,pad,5,5,5,1,1,1,-3,-1,-2,2,-2,4,-2,-1,0,1
5743,pad,6,6,6,1,1,1,-1,0,0,-1,0,0,3,-2,-1,-3
5744,pad,8,8,8,1,1,1,-2,-1,-1,-1,-2,1,0,-3,6,-1
5745,pad,7,7,1,1,0,0,-2,2,0,-1,-1,-1,-3,2,-1,-1
5746,pad,1,1,1,1,1,1,-2,5,-2,-4,-2,-1,-1,0,-1,-2
5747,pad,3,3,3,1,1,1,-3,-1,-1,6,-4,1,-3,-1,1,-1
5748,pad,2,2,2,1,1,1,-2,1,5,1,-2,-3,-1,0,-1,-4
5749,pad,8,8,8,1,1,1,-1,-1,0,-1,-2,1,0,-2,3,0
5750,pad,0,0,0,1,1,1,4,-3,-2,-2,-1,-2,1,-1,-1,0
5751,pad,7,7,7,1,1,1,-3,-1,-1,0,0,-1,-5,4,-1,0
5752,pad,5,5,5,1,1,1,-1,-2,-3,1,-2,4,0,-2,1,0
5753,pad,9,9,9,1,1,1,-2,-2,-3,-1,1,-1,-4,0,-1,4
5754,pad,9,9,9,1,1,1,1,-2,-3,0,0,-1,-1,-1,0,3
5755,pad,6,6,6,1,1,1,0,-1,-3,-3,-1,1,6,-4,-1,-3
5756,pad,0,0,0,1,1,1,4,-2,-2,-1,-1,-1,1,-2,-1,0
5757,pad,9,9,9,1,1,1,0,-3,-3,0,0,-1,-3,1,0,2
5758,pad,4,4,4,1,1,1,-4,0,-1,-3,5,-2,-4,0,-2,0
5759,pad,1,1,1,1,1,1,-2,4,-1,-3,-1,-1,-1,-1,-1,-2
5760,pad,3,3,3,1,1,1,-1,-2,-1,6,-5,1,-3,-2,1,0
5761,pad,2,2,2,1,1,1,-1,1,6,0,-2,-3,-1,0,-2,-5
5762,pad,1,1,1,1,1,1,-1,3,0,-3,-1,0,-1,0,0,-2
5763,pad,2,2,2,1,1,1,-1,1,6,0,-3,-3,-2,1,-2,-5
5764,pad,3,3,3,1,1,1,-3,-1,-1,5,-4,1,-3,-1,1,0
5765,pad,8,8,8,1,1,1,0,-2,0,-1,-3,-1,-1,-3,6,-1
5766,pad,3,3,3,1,1,1,-2,-2,-1,6,-5,1,-3,-2,1,0
5767,pad,2,2,2,1,1,1,-2,1,6,1,-4,-3,-2,0,-1,-6
5768,pad,6,6,6,1,1,1,0,-1,-3,-2,0,1,5,-3,-2,-2
5769,pad,5,5,5,1,1,1,0,-1,-2,-1,-2,4,1,-2,0,0
5770,pad,6,6,6,1,1,1,0,-1,-3,-2,0,1,4,-3,-1,-2
5771,pad,8,8,8,1,1,1,0,-2,0,-1,-2,-1,-1,-2,4,0
5772,pad,2,2,2,1,1,1,-1,1,5,1,-3,-2,-2,0,-2,-5
5773,pad,7,7,7,1,1,1,-3,0,-1,1,0,-1,-5,3,-1,0
5774,pad,4,4,4,1,1,1,-4,0,-1,-3,4,-1,-4,0,-3,0
5775,pad,8,8,8,1,1,1,-1,-2,-1,-1,-1,0,-1,-3,5,-1
5776,pad,1,1,1,1,1,1,-2,4,-1,-3,-2,-1,-2,0,-1,-2
5777,pad,8,8,8,1,1,1,-2,-2,-1,-1,-2,0,0,-3,6,-1
5778,pad,0,0,0,1,1,1,4,-2,-2,-2,0,-1,1,-2,-1,0
5779,pad,5,5,5,1,1,1,-2,-2,-3,0,-3,7,0,-2,0,1
5780,pad,3,3,3,1,1,1,-2,-1,0,5,-4,1,-3,-1,0,-1
5781,pad,9,9,9,1,1,1,-1,-2,-2,0,0,0,-4,0,-1,3
5782,pad,4,4,4,1,1,1,-3,-1,-1,-3,4,-2,-4,0,-3,0
5783,pad,1,1,1,1,1,1,-2,4,-2,-3,-1,0,-1,-1,-1,-1
5784,pad,9,9,9,1,1,1,-1,-3,-3,-1,1,-2,-4,1,-1,4
5785,pad,2,2,2,1,1,1,-2,1,7,1,-3,-3,-3,1,-1,-5
5786,pad,1,1,1,1,1,1,-2,4,-1,-3,-1,0,-1,-1,0,-1
5787,pad,9,9,9,1,1,1,-1,-2,-2,-1,1,-1,-3,0,-1,3
5788,pad,6,6,6,1,1,1,-1,-1,-4,-3,0,2,6,-4,-1,-4
5789,pad,7,7,7,1,1,1,-3,0,0,0,-1,-1,-4,4,-1,-2
5790,pad,9,9,9,1,1,1,-2,-3,-2,-1,1,-1,-5,0,-1,4
5791,pad,0,0,0,1,1,1,4,-3,-2,-1,0,-2,1,-2,-1,0
5792,pad,4,4,4,1,1,1,-4,-1,-4,-4,6,-3,-3,-1,-2,-1
5793,pad,6,6,6,1,1,1,0,-1,-2,-2,0,1,4,-3,-1,-3
5794,pad,1,1,1,1,1,1,-2,4,-1,-3,-2,-1,-2,0,-1,-2
5795,pad,7,7,7,1,1,1,-3,0,-1,1,0,-1,-6,4,-1,-1
5796,pad,3,3,3,1,1,1,-4,-1,-1,6,-5,1,-3,-1,0,-2
5797,pad,8,8,8,1,1,1,-3,-1,-1,1,-2,1,0,-3,5,-1
5798,pad,7,7,7,1,1,1,-2,0,0,0,0,-1,-4,3,-1,0
5799,pad,2,2,2,1,1,1,-2,1,5,1,-3,-3,-2,1,-2,-5
5800,pad,9,9,9,1,1,1,-1,-3,-2,0,0,-1,-4,1,-1,4
5801,pad,6,6,6,1,1,1,1,-2,-3,-2,-1,1,6,-4,0,-3
5802,pad,5,5,5,1,1,1,-2,-2,-1,1,-3,5,0,-3,1,2
5803,pad,8,8,8,1,1,1,-2,-1,1,0,-2,0,0,-2,4,-2
5804,pad,3,3,3,1,1,1,-3,-2,-3,7,-5,3,-4,-2,0,1
5805,pad,9,9,9,1,1,1,-2,-3,-3,-1,1,-1,-5,-1,-2,4
5806,pad,0,0,0,1,1,1,4,-3,-2,-1,-1,-1,2,-2,-1,0
5807,pad,5,5,5,1,1,1,-2,-2,-2,-1,-2,4,0,-2,2,1
5808,pad,7,7,7,1,1,1,-2,0,-1,0,0,-1,-5,3,-1,0
5809,pad,1,1,1,1,1,1,-2,4,-1,-3,-2,-1,-1,0,-1,-2
5810,pad,6,6,6,1,1,1,0,-1,-2,-2,0,1,4,-3,-1,-2
5811,pad,1,1,1,1,1,1,-2,4,-1,-3,-1,-1,-2,1,-1,-2
5812,pad,0,0,0,1,1,1,5,-3,-1,-1,-2,0,1,-1,-1,-1
5813,pad,9,9,9,1,1,1,-1,-3,-2,0,-1,0,-5,1,-1,4
5814,pad,3,3,3,1,1,1,-1,0,1,4,-4,1,-2,-1,-1,-2
5815,pad,3,3,3,1,1,1,-3,-1,-1,4,-2,1,-2,0,0,-2
5816,pad,4,4,4,1,1,1,-4,0,-1,-4,6,-4,-4,0,-4,-1
5817,pad,4,4,4,1,1,1,-3,-1,-1,-3,5,-2,-4,0,-4,-1
5818,pad,0,0,0,1,1,1,4,-2,-1,-1,-2,-1,1,-1,-1,-1
5819,pad,6,6,6,1,1,1,0,-1,-2,-2,0,1,4,-3,-1,-2
5820,pad,2,2,2,1,1,1,-1,1,4,1,-3,-3,-2,0,-1,-4
5821,pad,5,5,5,1,1,1,-2,-2,-3,2,-2,4,0,-3,1,0
5822,pad,4,4,4,1,1,1,-4,-1,-1,-3,5,-2,-3,-1,-3,-1
5823,pad,2,2,2,1,1,1,-1,1,3,1,-2,-1,-1,1,-1,-3
5824,pad,3,3,3,1,1,1,-2,0,0,4,-3,0,-3,0,0,-1
5825,pad,4,4,4,1,1,1,-3,-1,-1,-3,5,-3,-3,-1,-2,-1
5826,pad,6,6,6,1,1,1,-1,-1,-2,-2,1,0,4,-1,-1,-3
5827,pad,0,0,0,1,1,1,3,-2,-2,-1,-1,-1,0,-1,-1,1
5828,pad,0,0,0,1,1,1,2,-2,-2,-1,0,1,1,-2,0,1
5829,pad,2,2,2,1,1,1,-2,1,6,1,-4,-3,-2,0,0,-5
5830,pad,0,0,0,1,1,1,4,-2,-2,0,-1,0,1,-2,0,0
5831,pad,1,1,1,1,1,1,-2,3,-1,-2,-1,0,0,-1,0,0
5832,pad,4,4,4,1,1,1,-2,0,0,-2,3,-2,-3,0,-3,-1
5833,pad,5,5,5,1,1,1,-2,-2,-3,1,-2,6,-1,-2,0,1
5834,pad,6,6,6,1,1,1,-1,-1,-2,-3,-1,2,6,-4,-1,-3
5835,pad,7,7,7,1,1,1,-1,-1,-1,0,0,-1,-4,3,-1,0
5836,pad,8,8,8,1,1,1,-1,-2,-2,-1,-3,1,-1,-4,6,-1
5837,pad,9,9,9,1,1,1,-2,-2,-3,-1,1,-2,-4,0,-1,4
5838,pad,0,0,0,1,1,1,4,-3,-2,0,-2,0,1,-2,0,-1
5839,pad,1,1,1,1,1,1,-1,3,-2,-3,-1,0,0,-1,1,-2
5840,pad,2,2,2,1,1,1,0,1,4,0,-3,-2,0,-1,-1,-4
5841,pad,3,3,3,1,1,1,-1,-1,-1,4,-3,2,-1,-1,0,0
5842,pad,4,4,4,1,1,1,-2,0,-1,-2,3,-2,-3,1,-2,0
5843,pad,5,5,5,1,1,1,-1,-1,-2,0,-2,5,0,-1,0,1
5844,pad,6,6,6,1,1,1,0,-2,-3,-2,0,1,6,-4,-1,-3
5845,pad,7,7,7,1,1,1,-1,0,1,0,0,-1,-3,3,-1,-1
5846,pad,8,8,8,1,1,1,-2,-3,-1,-1,-3,0,-1,-5,7,0
5847,pad,0,0,0,1,1,1,4,-2,-1,-1,-2,0,1,-1,0,-1
5848,pad,1,1,1,1,1,1,-2,5,-2,-4,-1,-1,-1,0,-1,-2
5849,pad,2,2,2,1,1,1,0,1,5,0,-3,-3,-1,-1,-1,-5
5850,pad,3,3,3,1,1,1,-3,-1,-2,6,-5,2,-3,-1,0,-1
5851,pad,4,4,4,1,1,1,-1,0,0,-2,3,-2,-2,1,-2,0
5852,pad,5,5,5,1,1,1,-3,-2,-4,1,-2,7,0,-2,0,1
5853,pad,6,6,6,1,1,1,0,-1,-2,-2,-1,2,5,-4,-1,-3
5854,pad,7,7,7,1,1,1,-1,0,0,0,0,-1,-3,3,-1,-1
5855,pad,8,8,8,1,1,1,-1,-1,-2,-1,-2,1,1,-3,4,-2
5856,pad,9,9,9,1,1,1,-2,-2,-3,-1,0,-2,-4,0,-1,4
5857,pad,8,8,8,1,1,1,0,-2,0,2,-6,-1,-3,-3,6,-1
5858,pad,7,7,7,1,1,1,-1,0,-1,-1,0,-1,-3,2,-1,-1
5859,pad,1,1,1,1,1,1,-4,4,-2,-3,0,-1,-3,1,-1,0
5860,pad,3,3,3,1,1,1,-3,-1,-2,7,-6,3,-4,-1,0,0
5861,pad,7,7,7,1,1,1,-1,0,1,0,0,-1,-3,2,-1,-1
5862,pad,5,5,5,1,1,1,-3,-2,-3,1,-3,6,-1,-2,1,1
5863,pad,2,2,2,1,1,1,0,1,6,-1,-3,-3,-2,0,0,-4
5864,pad,8,8,8,1,1,1,-1,-2,-2,1,-3,0,-2,-3,6,0
5865,pad,0,0,0,1,1,1,6,-3,-2,-2,-3,0,1,-2,-1,-1
5866,pad,7,7,7,1,1,1,-1,0,0,0,0,-1,-3,2,-1,0
5867,pad,5,5,5,1,1,1,-3,-2,-3,2,-3,6,-1,-2,0,2
5868,pad,9,9,9,1,1,1,-2,-1,-3,-1,0,-1,-2,-1,-1,4
5869,pad,9,9,9,1,1,1,-2,-2,-2,0,0,0,-4,0,-1,4
5870,pad,0,0,0,1,1,1,3,-1,-2,0,-1,1,1,-1,-1,-1
5871,pad,9,9,9,1,1,1,-1,-1,-2,-1,0,-1,-2,-1,0,3
5872,pad,1,1,1,1,1,1,-3,3,-1,-3,0,-1,-2,0,-1,0
5873,pad,1,1,1,1,1,1,-3,4,-1,-3,0,-1,-2,1,-1,-1
5874,pad,5,5,5,1,1,1,-2,-1,-2,2,-2,5,0,-2,0,1
5875,pad,8,8,8,1,1,1,-1,-2,-2,0,-3,1,-1,-4,6,0
5876,pad,8,8,8,1,1,1,-1,-2,-1,0,-3,0,-1,-3,6,-1
5877,pad,6,6,6,1,1,1,2,-2,-3,-1,0,1,4,-2,-2,-3
5878,pad,3,3,3,1,1,1,-2,0,-2,4,-3,3,-2,-1,-1,-1
5879,pad,2,2,2,1,1,1,0,1,5,0,-3,-3,-1,0,-2,-5
5880,pad,1,1,1,1,1,1,-3,4,-1,-3,0,-1,-3,1,-1,0
5881,pad,8,8,8,1,1,1,-1,-2,-2,0,-3,1,-1,-4,6,-1
5882,pad,3,3,3,1,1,1,-2,-2,-1,4,-4,1,-3,-2,1,1
5883,pad,2,2,2,1,1,1,0,1,5,1,-4,-2,-1,-1,-1,-4
5884,pad,6,6,6,1,1,1,0,-1,-2,-2,0,1,6,-4,-1,-3
5885,pad,5,5,5,1,1,1,-2,-2,-2,1,-2,4,-1,-2,0,2
5886,pad,6,6,6,1,1,1,-1,-1,-1,-2,-1,1,6,-4,-1,-5
5887,pad,7,7,7,1,1,1,0,0,1,-1,-1,-1,-3,3,0,0
5888,pad,4,4,4,1,1,1,0,1,1,-3,3,-2,-1,-1,-2,0
5889,pad,1,1,1,1,1,1,-2,3,-1,-2,-1,-1,-2,1,-1,-1
5890,pad,0,0,0,1,1,1,3,0,-1,-1,-2,0,0,-1,0,-1
5891,pad,5,5,5,1,1,1,-1,-2,-3,2,-2,4,-1,-1,0,1
5892,pad,3,3,3,1,1,1,-2,-1,-1,5,-3,2,-2,-1,0,0
5893,pad,1,1,1,1,1,1,-4,5,-2,-2,-1,0,-2,1,-2,0
5894,pad,9,9,9,1,1,1,-2,-2,-2,-1,0,-2,-4,0,-1,5
5895,pad,2,2,2,1,1,1,0,1,5,-1,-3,-3,0,-1,-2,-5
5896,pad,1,1,1,1,1,1,-3,4,-1,-3,0,-1,-2,0,-1,0
5897,pad,9,9,9,1,1,1,0,-2,-2,0,0,-1,-3,1,0,3
5898,pad,6,6,6,1,1,1,0,-1,-3,-3,0,2,6,-4,-1,-3
5899,pad,0,0,0,1,1,1,5,-2,-2,-1,-2,-1,1,-1,-1,0
5900,pad,4,4,4,1,1,1,-3,0,0,-3,5,-3,-4,0,-3,-1
5901,pad,6,6,6,1,1,1,0,0,-1,-2,-1,1,4,-3,-1,-3
5902,pad,1,1,1,1,1,1,-2,4,-1,-3,-1,-1,-1,0,-1,-1
5903,pad,7,7,7,1,1,1,-1,0,-1,0,0,0,-3,2,0,0
5904,pad,3,3,3,1,1,1,-3,-1,-1,4,-4,1,-2,-1,2,0
5905,pad,8,8,8,1,1,1,-1,-2,-1,1,-2,1,-1,-2,4,-1
5906,pad,7,7,7,1,1,1,0,0,0,0,0,-1,-2,1,-1,0
5907,pad,2,2,2,1,1,1,-2,0,3,2,-3,-2,-2,0,0,-3
5908,pad,9,9,9,1,1,1,-2,-2,-3,0,0,0,-4,0,-1,4
5909,pad,6,6,6,1,1,1,0,-1,-2,-2,-1,2,5,-4,0,-3
5910,pad,5,5,5,1,1,1,-3,-2,-3,2,-3,6,-1,-2,0,2
5911,pad,8,8,8,1,1,1,-1,-2,-1,0,-2,1,0,-3,4,0
5912,pad,3,3,3,1,1,1,-2,-1,-2,5,-4,3,-2,-1,0,0
5913,pad,5,5,5,1,1,1,-1,-2,-2,0,-1,5,0,-1,0,0
5914,pad,7,7,7,1,1,1,-1,-1,-1,-1,1,-1,-3,2,-1,0
5915,pad,1,1,1,1,1,1,-3,4,-2,-2,-1,0,-2,0,-1,0
5916,pad,6,6,6,1,1,1,-1,0,-2,-2,1,1,3,-2,-2,-2
5917,pad,1,1,1,1,1,1,-3,4,-1,-3,0,-1,-2,0,-2,0
5918,pad,0,0,0,1,1,1,5,-2,-1,-1,-2,0,0,-1,-1,-1
5919,pad,9,9,9,1,1,1,-1,-2,-2,-1,0,-2,-4,-1,-1,4
5920,pad,6,6,6,1,1,1,0,-1,-2,-2,0,1,4,-3,-1,-3
5921,pad,2,2,2,1,1,1,-2,1,4,1,-2,-2,-1,1,-1,-4
5922,pad,5,5,5,1,1,1,-2,-1,-2,2,-2,5,-2,-1,-1,2
5923,pad,4,4,4,1,1,1,-1,0,1,-1,2,-2,-2,0,-2,-2
5924,pad,2,2,2,1,1,1,-2,1,5,0,-2,-3,-1,0,-1,-4
5925,pad,3,3,3,1,1,1,-2,-1,-2,5,-4,2,-2,-1,0,0
5926,pad,4,4,4,1,1,1,-2,0,-1,-3,3,-3,-3,0,-2,2
5927,pad,4,4,4,1,1,1,-3,0,-1,-3,5,-2,-4,0,-3,0
5928,pad,6,6,6,1,1,1,-1,-1,-1,-2,0,1,4,-3,-1,-3
5929,pad,0,0,0,1,1,1,4,-2,-1,-1,-2,0,0,-1,-1,-1
5930,pad,0,0,0,1,1,1,6,-2,0,-2,-3,-2,1,-2,-2,-1
5931,pad,2,2,2,1,1,1,0,1,6,0,-3,-3,-1,0,-2,-5
5932,pad,0,0,0,1,1,1,4,-2,-2,0,-2,1,2,-2,0,-1
5933,pad,1,1,1,1,1,1,-3,4,-1,-3,0,-1,-2,-1,-1,0
5934,pad,2,2,2,1,1,1,0,1,4,0,-2,-2,-1,0,-1,-3
5935,pad,3,3,3,1,1,1,-1,0,0,3,-3,0,-2,-1,1,0
5936,pad,4,4,4,1,1,1,-3,0,-1,-2,3,-2,-3,0,0,1
5937,pad,5,3,3,0,0,1,-1,-1,-2,3,-2,2,-2,-1,0,0
5938,pad,6,6,6,1,1,1,-1,-1,-2,-1,1,1,5,-1,0,-4
5939,pad,7,7,7,1,1,1,-3,0,-1,0,0,-1,-4,3,-1,0
5940,pad,8,8,8,1,1,1,-1,-1,-2,1,-2,1,-1,-2,4,0
5941,pad,9,9,9,1,1,1,-3,-1,-1,-1,0,-2,-5,0,-1,4
5942,pad,0,0,0,1,1,1,4,-3,-2,0,-1,0,1,-1,0,0
5943,pad,1,1,1,1,1,1,-3,4,-1,-2,0,-1,-2,0,-2,-1
5944,pad,2,2,2,1,1,1,-1,1,4,-1,-2,-3,-2,0,0,-4
5945,pad,3,3,3,1,1,1,-2,0,-1,3,-2,0,-2,-1,1,0
5946,pad,4,4,4,1,1,1,-5,0,-2,-4,6,-3,-5,0,-2,0
5947,pad,5,5,5,1,1,1,-2,-1,-2,0,-2,4,0,-2,1,1
5948,pad,6,6,6,1,1,1,-1,-1,-1,-1,0,1,4,-1,0,-4
5949,pad,7,7,7,1,1,1,-3,0,-1,-1,1,-2,-4,3,-1,0
5950,pad,8,8,8,1,1,1,-1,-1,-1,0,-1,0,0,-2,3,0
5951,pad,9,9,9,1,1,1,-3,0,-1,-1,1,-2,-4,-1,0,3
5952,pad,0,0,0,1,1,1,3,-3,-3,0,-1,0,1,-2,0,0
5953,pad,1,1,1,1,1,1,-3,5,-2,-3,0,-1,-3,0,-1,0
5954,pad,2,2,2,1,1,1,-1,1,4,1,-3,-2,-2,0,-1,-4
5955,pad,3,8,8,0,0,1,-1,-1,-1,1,-1,0,-1,-1,2,0
5956,pad,4,4,4,1,1,1,-5,-1,-2,-4,5,-2,-5,0,-3,0
5957,pad,5,5,5,1,1,1,-2,-1,-2,1,-3,4,0,-2,2,1
5958,pad,6,6,6,1,1,1,-1,0,-1,-2,0,1,4,-2,0,-3
5959,pad,7,7,7,1,1,1,-2,0,0,0,0,-1,-4,3,-1,0
5960,pad,8,8,8,1,1,1,-1,-2,-1,1,-2,0,-1,-2,3,0
5961,pad,9,9,9,1,1,1,-2,0,-1,-1,1,-2,-3,0,0,2
5962,pad,8,8,8,1,1,1,-2,-2,-2,1,-2,1,0,-3,5,0
5963,pad,6,6,6,1,1,1,-2,0,-1,0,0,1,2,-1,0,-3
5964,pad,5,5,5,1,1,1,-3,-2,-3,2,-3,5,-1,-2,1,1
5965,pad,0,0,0,1,1,1,4,-3,-2,0,-2,1,2,-1,0,-1
5966,pad,6,6,6,1,1,1,-2,0,-1,-1,0,1,4,-2,1,-4
5967,pad,8,8,8,1,1,1,-1,-1,-1,0,-1,0,0,-2,3,0
5968,pad,9,9,9,1,1,1,-2,-1,-2,0,-1,-1,-5,0,-2,4
5969,pad,4,4,4,1,1,1,-5,0,-2,-5,5,-3,-4,-1,-2,1
5970,pad,1,1,1,1,1,1,-4,4,-2,-4,0,-1,-2,-1,-2,0
5971,pad,9,9,9,1,1,1,-2,-1,-2,0,0,-1,-4,-1,0,3
5972,pad,5,5,5,1,1,1,-2,-1,-2,2,-2,3,-1,-1,1,1
5973,pad,3,8,8,0,0,1,-1,-1,-1,1,-2,0,-1,-2,3,1
5974,pad,0,0,0,1,1,1,4,-2,-1,0,-1,0,1,-1,-1,0
5975,pad,4,4,4,1,1,1,-5,0,-2,-4,4,-1,-4,0,-1,2
5976,pad,8,8,8,1,1,1,-1,-1,-1,1,-2,0,0,-2,3,-1
5977,pad,9,9,9,1,1,1,-2,-1,-1,0,-1,-2,-5,0,-1,3
5978,pad,1,1,1,1,1,1,-3,4,-1,-3,0,-2,-3,-1,-1,0
5979,pad,4,4,4,1,1,1,-5,-1,-1,-5,6,-3,-5,-1,-3,0
5980,pad,0,0,0,1,1,1,4,-2,-2,0,-2,1,2,-2,-1,0
5981,pad,5,9,3,0,0,0,-1,-1,-1,2,-3,2,-1,-1,0,1
5982,pad,5,5,5,1,1,1,-3,0,-2,1,-1,3,-1,0,0,1
5983,pad,2,2,2,1,1,1,0,1,3,0,-2,-2,0,0,-1,-3
5984,pad,1,1,1,1,1,1,-3,4,-1,-4,0,-1,-2,-1,-1,0
5985,pad,5,5,5,1,1,1,-2,-1,-2,1,-2,4,-1,-1,1,0
5986,pad,4,4,4,1,1,1,-5,-1,-3,-4,6,-2,-4,0,-2,1
5987,pad,0,0,0,1,1,1,3,-2,-2,0,-2,1,1,-1,-1,1
5988,pad,7,7,7,1,1,1,-2,0,-1,0,0,-1,-3,2,-1,0
5989,pad,6,6,6,1,1,1,-1,0,-2,-1,1,0,3,-2,-1,-3
5990,pad,0,0,0,1,1,1,4,-2,-1,-1,-1,0,1,-1,-1,0
5991,pad,1,1,1,1,1,1,-4,4,-2,-3,0,-1,-2,0,-2,0
5992,pad,7,7,7,1,1,1,-3,0,-1,0,0,-1,-5,3,-1,1
5993,pad,0,0,0,1,1,1,4,-2,-3,-1,-1,-1,1,-1,-1,0
5994,pad,6,6,6,1,1,1,-1,-1,-2,-2,0,1,4,-2,0,-3
5995,pad,8,8,8,1,1,1,-1,-2,-2,0,-2,0,-1,-3,5,0
5996,pad,9,9,9,1,1,1,0,-2,-1,1,-1,0,-2,0,-1,3
5997,pad,5,9,5,0,1,0,-1,-1,-1,1,-2,2,-1,-1,1,1
5998,pad,1,1,1,1,1,1,-3,3,-1,-3,0,-1,-2,0,-2,0
5999,pad,7,7,7,1,1,1,-2,0,0,0,0,-1,-3,3,-1,0
6000,pad,9,9,9,1,1,1,-2,-1,-1,0,0,0,-4,1,-2,2
6001,pad,8,8,8,1,1,1,-1,-2,-3,0,-2,1,0,-4,5,0
6002,pad,6,6,6,1,1,1,-2,0,-2,0,0,1,2,-1,-1,-3
6003,pad,0,0,0,1,1,1,3,-2,-1,0,-1,1,1,-1,0,-1
6004,pad,8,8,8,1,1,1,0,-1,-1,1,-2,0,-1,-1,2,1
6005,pad,1,1,1,1,1,1,-3,3,-2,-2,0,0,-1,-2,0,1
6006,pad,7,7,1,1,0,0,-1,1,1,0,-1,0,-3,1,1,-1
6007,pad,7,7,7,1,1,1,-3,0,-1,0,0,-1,-4,3,-1,0
6008,pad,1,1,1,1,1,1,-3,5,-3,-3,-1,0,-2,-1,-2,0
6009,pad,3,3,3,1,1,1,-1,-1,-1,3,-3,0,-1,-1,1,-1
6010,pad,2,2,2,1,1,1,-1,1,5,1,-3,-2,-1,0,-1,-4
6011,pad,3,3,3,1,1,1,0,-1,-1,2,-2,1,-1,-1,1,0
6012,pad,1,1,1,1,1,1,-3,4,-1,-3,0,0,-2,0,-1,0
6013,pad,4,4,4,1,1,1,-4,0,0,-4,4,-2,-4,-1,-2,1
6014,pad,2,2,2,1,1,1,-1,0,5,1,-3,-3,-2,0,-1,-4
6015,pad,0,0,0,1,1,1,4,-2,-2,0,-2,1,3,-2,0,-1
6016,pad,0,0,0,1,1,1,4,-2,-2,0,-2,1,2,-2,0,-1
6017,pad,7,7,7,1,1,1,-2,0,1,0,-1,-1,-4,3,-1,-1
6018,pad,8,8,8,1,1,1,-1,-2,-2,0,-2,0,-1,-3,4,0
6019,pad,4,4,4,1,1,1,-5,0,-2,-3,4,-1,-5,0,-2,1
6020,pad,6,6,6,1,1,1,-1,0,-1,0,0,1,3,-1,-1,-3
6021,pad,4,4,4,1,1,1,-5,0,-3,-3,4,-1,-3,-1,-1,2
6022,pad,9,9,9,1,1,1,-2,-1,-1,0,0,-2,-4,0,0,3
6023,pad,3,8,3,0,1,0,-1,0,-1,2,-2,1,-1,-1,1,1
6024,pad,8,8,8,1,1,1,-1,-1,-1,2,-2,0,-1,-2,3,-1
6025,pad,4,4,4,1,1,1,-4,-1,-2,-4,5,-2,-4,-1,-3,0
6026,pad,7,7,1,1,0,0,-3,1,0,0,-1,-1,-3,1,1,-1
6027,pad,2,2,2,1,1,1,-1,1,3,0,-1,-2,-1,0,-1,-3
6028,pad,5,5,5,1,1,1,-2,-1,-3,2,-2,3,-1,-2,1,1
6029,pad,6,6,5,1,0,0,-2,0,-1,0,0,2,2,-1,0,-4
6030,pad,3,3,3,1,1,1,-1,0,1,3,-3,0,-1,-1,1,-2
6031,pad,6,6,6,1,1,1,-2,-1,-1,0,-1,2,3,-2,0,-4
6032,pad,9,9,9,1,1,1,-4,-1,-3,-1,0,-1,-6,0,-2,5
6033,pad,6,6,6,1,1,1,-1,-1,-2,-1,0,2,4,-2,-1,-4
6034,pad,3,3,3,1,1,1,-1,-1,-1,4,-3,1,-3,-1,1,1
6035,pad,2,2,0,1,0,0,1,0,1,0,-1,-1,-1,0,-1,-1
6036,pad,2,2,2,1,1,1,0,0,4,0,-2,-2,-1,0,-1,-3
6037,pad,4,4,4,1,1,1,-5,-1,-2,-4,5,-1,-3,-1,-1,1
6038,pad,6,6,6,1,1,1,-1,0,0,-1,-1,2,4,-2,0,-4
6039,pad,9,9,9,1,1,1,-2,-1,-2,0,0,0,-4,0,-2,4
6040,pad,0,0,0,1,1,1,3,-1,-1,0,-1,1,1,-1,0,-1
6041,pad,2,2,2,1,1,1,0,0,4,0,-2,-2,-1,0,-1,-3
6042,pad,5,9,5,0,1,0,-1,-1,-1,1,-2,3,-2,-1,0,2
6043,pad,5,5,5,1,1,1,-2,-2,-2,2,-3,4,-1,-2,1,1
6044,pad,1,1,1,1,1,1,-4,5,-2,-4,0,-1,-2,-1,-2,0
6045,pad,3,3,3,1,1,1,-1,-1,0,2,-2,0,-1,-1,1,-1
6046,pad,3,3,3,1,1,1,-2,-1,0,4,-3,0,-1,-1,1,-2
6047,pad,9,9,9,1,1,1,-3,-1,-2,-1,0,-2,-5,0,-1,4
6048,pad,7,7,7,1,1,1,-1,1,1,0,-1,-1,-3,2,-1,-1
6049,pad,8,8,8,1,1,1,0,-2,-2,0,-3,0,-1,-3,5,0
6050,pad,7,7,7,1,1,1,-1,0,0,0,-1,0,-3,2,0,0
6051,pad,2,2,2,1,1,1,-1,0,3,0,-1,-2,-1,0,0,-3
6052,pad,2,2,2,1,1,1,-1,0,4,0,-3,-2,0,-1,0,-4
6053,pad,5,5,5,1,1,1,-2,-1,-2,0,0,3,-1,-2,1,1
6054,pad,7,7,7,1,1,1,-3,1,0,0,-1,-1,-4,3,-1,-1
6055,pad,9,9,9,1,1,1,-2,-2,-2,0,-1,-1,-4,0,-2,4
6056,pad,8,8,8,1,1,1,-1,-2,-1,1,-2,1,0,-2,4,-1
6057,pad,2,2,2,1,1,1,-1,1,4,0,-2,-2,-1,0,0,-3
6058,pad,1,1,1,1,1,1,-3,4,-1,-3,-1,-1,-2,0,-1,-1
6059,pad,3,3,3,1,1,1,0,-1,0,1,-2,0,-1,-1,1,0
6060,pad,1,1,1,1,1,1,-3,4,-2,-3,0,0,-1,0,-1,0
6061,pad,3,3,3,1,1,1,-2,0,-1,5,-4,1,-3,-1,0,0
6062,pad,0,0,0,1,1,1,4,-3,-2,-1,-2,0,2,-2,0,-1
6063,pad,1,1,1,1,1,1,-2,4,-1,-2,-1,0,-2,0,-1,-1
6064,pad,2,2,2,1,1,1,0,1,6,0,-3,-3,-1,0,-2,-5
6065,pad,3,3,3,1,1,1,-1,-1,-1,3,-2,0,-2,-1,2,-1
6066,pad,4,4,4,1,1,1,-5,-1,-1,-4,6,-3,-4,-1,-3,-2
6067,pad,5,5,5,1,1,1,-3,-1,-2,0,-2,5,-1,-2,1,1
6068,pad,6,6,6,1,1,1,0,-2,-4,-3,-1,2,7,-4,0,-4
6069,pad,7,7,7,1,1,1,-3,1,0,0,0,-1,-5,4,-2,-1
6070,pad,8,8,8,1,1,1,0,-1,-1,0,-2,0,-1,-2,3,0
6071,pad,9,9,9,1,1,1,-1,-3,-2,2,-2,0,-5,-2,1,4
6072,pad,0,0,0,1,1,1,4,-2,-2,-1,-2,1,3,-2,-1,-1
6073,pad,1,1,1,1,1,1,-2,3,-1,-1,-1,0,-1,0,-1,-1
6074,pad,2,2,2,1,1,1,-1,1,6,0,-4,-3,-2,1,-2,-6
6075,pad,3,3,3,1,1,1,-3,-1,-2,5,-3,2,-3,-1,0,-1
6076,pad,4,4,4,1,1,1,-3,0,0,-3,4,-2,-4,0,-4,0
6077,pad,5,5,5,1,1,1,-2,-1,-3,-1,-2,6,0,-2,1,1
6078,pad,6,6,6,1,1,1,-1,-1,-2,-2,0,1,5,-3,0,-3
6079,pad,7,7,7,1,1,1,-2,1,0,-1,0,-2,-4,3,-1,0
6080,pad,8,8,8,1,1,1,0,-2,-2,-1,-1,-1,0,-2,3,1
6081,pad,9,9,9,1,1,1,-1,-3,-1,2,-2,0,-4,-2,1,3
6082,pad,0,0,0,1,1,1,4,-2,-2,-1,-1,0,2,-2,-1,-1
6083,pad,1,1,1,1,1,1,-2,3,-1,-3,0,-1,-1,0,-1,0
6084,pad,2,2,2,1,1,1,-2,1,5,1,-3,-2,-2,0,-1,-5
6085,pad,3,3,3,1,1,1,-3,0,-2,4,-3,1,-3,0,1,-1
6086,pad,4,4,4,1,1,1,-4,-1,-1,-2,5,-2,-3,0,-2,-2
6087,pad,5,5,5,1,1,1,-2,-1,-2,-1,-2,5,0,-1,0,0
6088,pad,6,6,6,1,1,1,0,-1,-3,-3,-1,2,6,-4,-1,-2
6089,pad,7,7,7,1,1,1,-2,0,0,0,0,-2,-5,4,-1,0
6090,pad,8,8,8,1,1,1,0,-2,-2,0,-3,0,0,-3,5,-1
6091,pad,9,9,9,1,1,1,0,-3,-1,1,-2,0,-3,-1,1,2
6092,pad,1,1,1,1,1,1,-2,3,0,-2,0,-2,-2,1,-2,-1
6093,pad,2,2,2,1,1,1,-1,1,4,1,-3,-2,-1,0,0,-4
6094,pad,6,6,6,1,1,1,0,-1,-2,-2,0,1,6,-4,-1,-4
6095,pad,5,5,5,1,1,1,-2,-2,-3,0,-2,6,-1,-2,0,1
6096,pad,3,3,3,1,1,1,-3,-1,-1,5,-4,1,-3,-1,0,0
6097,pad,0,0,0,1,1,1,4,-3,-3,-1,-2,1,3,-2,0,-2
6098,pad,7,7,7,1,1,1,-2,1,0,-1,0,-2,-4,4,-1,-1
6099,pad,0,0,0,1,1,1,4,-3,-2,-1,-1,0,2,-1,-1,-1
6100,pad,4,4,4,1,1,1,-4,0,-1,-3,5,-3,-4,1,-3,-2
6101,pad,1,1,1,1,1,1,-3,2,-1,-2,0,2,0,-1,0,-1
6102,pad,4,4,4,1,1,1,-4,-1,-1,-3,6,-3,-4,0,-4,-2
6103,pad,3,3,3,1,1,1,-5,-1,-2,5,-3,2,-3,0,0,-1
6104,pad,6,6,6,1,1,1,0,-2,-3,-3,-1,2,7,-4,0,-4
6105,pad,7,7,7,1,1,1,-2,0,0,0,-1,-1,-4,3,0,-1
6106,pad,2,2,2,1,1,1,-2,2,6,0,-4,-3,-2,1,-3,-7
6107,pad,3,3,3,1,1,1,-4,-1,-1,5,-4,1,-3,-1,1,-1
6108,pad,1,1,1,1,1,1,-2,4,-1,-4,-1,-1,0,-2,1,-2
6109,pad,2,2,2,1,1,1,-1,1,4,0,-2,-2,-2,1,-2,-4
6110,pad,1,1,1,1,1,1,-2,4,-2,-3,-1,-1,-1,-1,-1,-1
6111,pad,2,2,2,1,1,1,-1,1,5,0,-3,-3,-2,1,-1,-4
6112,pad,9,9,9,1,1,1,-1,-2,-1,-1,0,0,-3,-1,1,3
6113,pad,6,6,6,1,1,1,0,-1,-3,-3,-1,2,7,-4,0,-4
6114,pad,0,0,0,1,1,1,5,-4,-3,-1,-2,0,2,-1,-1,0
6115,pad,1,1,1,1,1,1,-2,4,-1,-2,-1,0,-2,1,-1,-2
6116,pad,3,3,3,1,1,1,-3,0,-2,5,-4,2,-3,-1,0,0
6117,pad,0,0,0,1,1,1,4,-3,-2,0,-2,-1,1,-2,0,0
6118,pad,2,2,2,1,1,1,-1,1,5,0,-3,-3,-1,1,-2,-5
6119,pad,7,7,7,1,1,1,-3,0,0,0,0,-2,-6,4,-2,0
6120,pad,5,5,5,1,1,1,-1,-2,-2,0,-2,5,0,-2,0,1
6121,pad,7,7,7,1,1,1,-2,0,0,0,0,-1,-3,2,-1,0
6122,pad,6,6,6,1,1,1,0,-1,-3,-2,0,2,6,-3,-1,-3
6123,pad,2,2,2,1,1,1,0,1,7,0,-4,-4,-1,0,-2,-6
6124,pad,9,9,9,1,1,1,-1,-3,0,0,-1,0,-4,0,0,3
6125,pad,1,1,1,1,1,1,-3,4,-2,-2,0,0,-2,0,-1,0
6126,pad,9,9,9,1,1,1,-1,-3,-1,1,-1,0,-5,0,0,3
6127,pad,0,0,0,1,1,1,5,-3,-1,-2,-2,0,2,-2,-1,-1
6128,pad,6,6,6,1,1,1,0,-1,-1,-2,-1,2,6,-3,0,-5
6129,pad,0,0,0,1,1,1,6,-3,0,-3,-3,0,2,-2,0,-1
6130,pad,6,6,6,1,1,1,0,-1,-3,-3,-1,2,7,-4,-1,-5
6131,pad,0,0,0,1,1,1,6,-4,-2,-2,-2,-2,1,-1,0,-1
6132,pad,2,2,2,1,1,1,-1,1,7,0,-3,-4,-2,1,-2,-6
6133,pad,0,0,0,1,1,1,5,-3,-2,-1,-1,0,3,-2,-1,-1
6134,pad,6,6,6,1,1,1,-1,-1,-3,-2,0,1,6,-4,-1,-3
6135,pad,1,1,1,1,1,1,-2,4,-1,-4,-1,0,-1,0,-1,-2
6136,pad,5,5,5,1,1,1,-2,-1,-2,0,-2,6,0,-2,1,-1
6137,pad,8,8,8,1,1,1,0,-2,-1,0,-2,-2,1,-3,3,0
6138,pad,4,4,4,1,1,1,-3,0,-1,-3,5,-3,-3,0,-3,-1
6139,pad,3,3,3,1,1,1,-4,0,0,4,-4,0,-3,0,0,-3
6140,pad,0,0,0,1,1,1,4,-3,-2,-1,-2,1,2,-1,-1,-1
6141,pad,1,1,1,1,1,1,-3,4,-1,-3,-1,-1,-2,0,-1,-1
6142,pad,5,5,5,1,1,1,-2,-1,-3,-1,-1,5,0,-2,1,0
6143,pad,4,4,4,1,1,1,-4,-1,-2,-3,6,-3,-2,-1,-3,-3
6144,pad,4,4,4,1,1,1,-3,0,-1,-4,6,-4,-4,0,-5,-1
6145,pad,8,8,8,1,1,1,0,-2,-3,0,-3,1,-1,-4,6,-1
6146,pad,5,5,5,1,1,1,-1,-1,-2,0,-2,5,0,-1,0,0
6147,pad,7,7,7,1,1,1,-4,1,-1,-1,1,-2,-6,4,-2,0
6148,pad,5,5,5,1,1,1,-2,-2,-2,0,-2,5,0,-2,1,0
6149,pad,7,7,7,1,1,1,-2,0,-1,0,0,-1,-4,3,-1,0
6150,pad,8,8,8,1,1,1,-1,-3,-2,0,-2,0,-1,-3,6,0
6151,pad,3,3,3,1,1,1,-4,0,-1,6,-4,2,-3,-1,0,-2
6152,pad,4,4,4,1,1,1,-4,0,-1,-4,5,-2,-3,-1,-2,-1
6153,pad,8,8,8,1,1,1,-1,-2,-1,0,-2,0,-1,-3,5,0
6154,pad,8,8,8,1,1,1,-1,-2,-2,1,-2,0,-1,-2,4,0
6155,pad,5,5,5,1,1,1,-4,-1,-3,0,-2,7,0,-2,0,1
6156,pad,2,2,2,1,1,1,0,1,6,-1,-3,-3,-1,0,-2,-6
6157,pad,9,9,9,1,1,1,-1,-3,0,0,-1,0,-3,-1,1,2
6158,pad,7,7,7,1,1,1,-3,1,0,0,-1,-2,-5,4,-2,-1
6159,pad,1,1,1,1,1,1,-2,4,-2,-4,0,-1,-1,-1,0,-1
6160,pad,3,3,3,1,1,1,-5,0,0,6,-5,1,-3,-1,0,-3
6161,pad,8,8,8,1,1,1,0,-2,-2,0,-1,-1,0,-3,3,0
6162,pad,1,1,1,1,1,1,-3,4,-1,-3,0,0,-1,0,-1,-1
6163,pad,0,0,0,1,1,1,4,-2,-2,0,-2,1,2,-2,0,-1
6164,pad,7,7,7,1,1,1,-3,0,-1,0,1,-2,-4,4,-1,0
6165,pad,5,5,5,1,1,1,-2,-2,-3,-1,-2,4,1,-2,1,0
6166,pad,9,9,3,1,0,0,0,-2,-1,2,-2,0,-3,-2,2,2
6167,pad,6,6,6,1,1,1,0,-1,-3,-3,0,2,6,-4,-1,-4
6168,pad,9,9,9,1,1,1,0,-3,-1,2,-2,0,-4,-1,1,3
6169,pad,4,4,4,1,1,1,-4,-1,-2,-3,7,-3,-3,0,-3,-3
6170,pad,7,7,7,1,1,1,-2,0,0,0,0,-1,-4,3,-1,0
6171,pad,7,7,7,1,1,1,-2,0,0,0,0,-1,-4,3,-1,0
6172,pad,9,9,9,1,1,1,0,-2,-1,0,-1,0,-3,0,1,2
6173,pad,9,9,8,1,0,0,-1,-2,0,0,0,-1,-3,-1,2,2
6174,pad,3,3,3,1,1,1,-4,0,-1,4,-3,2,-2,0,0,-2
6175,pad,4,4,4,1,1,1,-4,-1,-2,-3,6,-3,-3,-1,-1,-2
6176,pad,4,4,4,1,1,1,-3,-1,-1,-3,5,-3,-3,0,-3,-2
6177,pad,3,3,3,1,1,1,-4,-1,-1,6,-5,1,-3,-1,0,-1
6178,pad,8,8,8,1,1,1,0,-2,-1,1,-2,0,0,-3,3,0
6179,pad,6,6,6,1,1,1,1,-2,-3,-2,-1,2,4,-3,0,-1
6180,pad,2,2,2,1,1,1,-1,2,6,0,-4,-3,-2,0,-2,-6
6181,pad,0,0,0,1,1,1,4,-3,-2,-1,-2,0,2,-2,0,-1
6182,pad,1,1,1,1,1,1,-2,4,-1,-3,-1,-1,-2,0,-1,-1
6183,pad,2,2,2,1,1,1,0,1,5,0,-2,-2,-1,-1,-2,-4
6184,pad,3,3,3,1,1,1,-1,-2,-1,7,-6,0,-4,-2,2,1
6185,pad,4,4,4,1,1,1,-4,0,-2,-4,5,-3,-4,-2,-1,0
6186,pad,5,5,5,1,1,1,-3,-2,-4,-1,-2,7,0,-3,1,1
6187,pad,6,6,6,1,1,1,0,-1,-3,-3,0,1,6,-4,-1,-3
6188,pad,7,7,7,1,1,1,-2,0,-1,-1,0,-1,-4,4,-1,-1
6189,pad,8,8,8,1,1,1,0,-2,-2,0,-2,0,-1,-3,5,0
6190,pad,9,9,9,1,1,1,-2,-2,-3,-1,0,-1,-5,0,-2,4
6191,pad,0,0,0,1,1,1,4,-3,-2,-1,-1,0,2,-2,-1,-1
6192,pad,1,1,1,1,1,1,-3,3,-2,-3,0,0,-1,0,-1,0
6193,pad,2,2,2,1,1,1,-1,1,5,1,-2,-3,-1,0,-1,-4
6194,pad,3,3,3,1,1,1,-3,-2,-2,7,-5,2,-3,-2,0,0
6195,pad,4,4,4,1,1,1,-3,-1,-1,-3,4,-2,-3,-1,-2,0
6196,pad,5,5,5,1,1,1,-3,-2,-4,-1,-2,7,-1,-2,0,2
6197,pad,6,6,6,1,1,1,0,-1,-2,-3,0,1,5,-3,-1,-3
6198,pad,7,7,7,1,1,1,-1,1,0,0,-1,0,-4,3,-1,-1
6199,pad,8,8,8,1,1,1,-2,-2,-3,0,-3,1,0,-4,6,-2
6200,pad,9,9,9,1,1,1,-1,-2,-2,0,0,-1,-4,0,-1,4
6201,pad,0,0,0,1,1,1,6,-3,-2,-2,-2,0,2,-3,-1,-1
6202,pad,1,1,1,1,1,1,-2,4,-1,-4,-1,-1,-1,-1,-1,-1
6203,pad,2,2,2,1,1,1,-2,1,5,1,-3,-2,-1,-1,0,-4
6204,pad,3,3,3,1,1,1,-1,-3,-2,5,-5,1,-3,-3,2,1
6205,pad,4,4,4,1,1,1,-3,0,-1,-3,4,-2,-3,-1,-1,-1
6206,pad,5,5,5,1,1,1,-2,-3,-5,1,-2,7,0,-3,0,1
6207,pad,6,6,6,1,1,1,-1,-1,-2,-2,0,2,5,-4,0,-3
6208,pad,7,7,7,1,1,1,-2,0,-1,0,0,-1,-5,4,-1,-1
6209,pad,8,8,8,1,1,1,-1,-2,-2,0,-3,1,-1,-4,6,0
6210,pad,9,9,9,1,1,1,-2,-3,-2,-1,1,-1,-5,1,-1,4
6211,pad,0,0,0,1,1,1,6,-3,-2,-1,-2,1,3,-3,-1,-2
6212,pad,8,8,8,1,1,1,-1,-2,-2,1,-3,1,-1,-3,5,0
6213,pad,3,3,3,1,1,1,-3,-1,-2,6,-4,3,-3,-1,0,-1
6214,pad,9,9,9,1,1,1,-3,-2,-3,-2,1,-2,-5,0,-1,4
6215,pad,5,5,5,1,1,1,-2,-3,-4,1,-2,7,0,-2,0,1
6216,pad,5,5,5,1,1,1,-2,-2,-4,0,-2,7,0,-2,0,1
6217,pad,2,2,2,1,1,1,-2,0,5,1,-3,-3,-1,0,-1,-4
6218,pad,6,6,6,1,1,1,-1,-1,-3,-2,0,1,5,-2,-1,-2
6219,pad,8,8,8,1,1,1,-1,-2,-2,0,-2,1,-1,-4,6,-1
6220,pad,4,4,4,1,1,1,-3,-1,-2,-3,5,-2,-4,0,-3,0
6221,pad,9,9,9,1,1,1,-2,-2,-3,-1,1,-1,-5,0,-1,4
6222,pad,1,1,1,1,1,1,-3,4,-1,-4,0,-1,-2,-1,-2,-1
6223,pad,7,7,7,1,1,1,-1,0,0,0,-1,-1,-4,3,-1,-1
6224,pad,1,1,1,1,1,1,-2,4,-1,-3,-1,-1,-2,0,-1,-2
6225,pad,2,2,2,1,1,1,-2,1,5,0,-2,-2,-2,0,-1,-4
6226,pad,3,3,3,1,1,1,-3,-1,-2,7,-5,2,-3,-1,0,-1
6227,pad,5,5,5,1,1,1,-3,-1,-3,2,-3,6,-1,-2,0,0
6228,pad,9,9,9,1,1,1,-2,-2,-1,0,0,-1,-4,0,-1,4
6229,pad,6,6,6,1,1,1,0,-1,-3,-2,1,1,5,-3,-2,-2
6230,pad,9,9,9,1,1,1,-3,-3,-3,-1,1,-1,-6,-1,-1,5
6231,pad,1,1,1,1,1,1,-2,4,0,-3,-1,-1,-2,1,-1,-2
6232,pad,1,1,1,1,1,1,-2,3,-1,-3,-1,0,-1,0,0,-2
6233,pad,1,1,1,1,1,1,-2,4,-2,-3,-1,-1,0,-1,-1,-1
6234,pad,2,2,2,1,1,1,-2,0,4,1,-2,-2,-1,0,0,-4
6235,pad,9,9,9,1,1,1,-1,-2,-2,0,0,-1,-4,1,-1,4
6236,pad,5,5,5,1,1,1,-2,-2,-3,1,-2,5,0,-2,0,1
6237,pad,6,6,6,1,1,1,0,-1,-3,-2,0,1,4,-3,-1,-2
6238,pad,8,8,8,1,1,1,-2,-2,-2,0,-2,2,1,-3,5,-2
6239,pad,1,1,1,1,1,1,-2,4,-2,-3,-1,0,-1,-1,1,-1
6240,pad,2,2,2,1,1,1,-1,1,4,0,-2,-2,-1,-1,-1,-3
6241,pad,0,0,0,1,1,1,5,-2,-1,-2,-2,-1,1,-2,-2,-1
6242,pad,7,7,7,1,1,1,-1,0,-1,0,0,-1,-4,3,-1,0
6243,pad,7,7,7,1,1,1,-2,0,-2,0,0,1,-3,3,-1,-1
6244,pad,5,5,5,1,1,1,-2,-2,-4,2,-3,6,-1,-2,-1,1
6245,pad,8,8,8,1,1,1,-1,-2,-2,0,-3,1,-1,-4,6,-1
6246,pad,2,2,2,1,1,1,-1,1,6,0,-2,-3,-1,0,-2,-5
6247,pad,9,9,9,1,1,1,-2,-2,-2,-2,1,-2,-4,0,-1,3
6248,pad,8,8,8,1,1,1,0,-3,-2,1,-4,1,-2,-4,7,-1
6249,pad,9,9,9,1,1,1,-2,-2,-2,-1,0,-1,-4,-1,0,4
6250,pad,0,0,0,1,1,1,4,-2,-2,-1,0,0,2,-1,-2,-1
6251,pad,4,4,4,1,1,1,-3,0,-1,-4,4,-2,-4,-1,-2,0
6252,pad,6,6,6,1,1,1,0,-1,-3,-2,0,1,4,-3,-2,-2
6253,pad,7,7,7,1,1,1,-2,1,0,0,-1,-1,-5,4,-1,-2
6254,pad,1,1,1,1,1,1,-2,4,-2,-3,-1,0,-1,1,-1,-1
6255,pad,3,3,3,1,1,1,-1,-2,-1,6,-5,1,-3,-2,1,0
6256,pad,4,4,4,1,1,1,-4,-1,-2,-4,5,-2,-3,-1,-2,0
6257,pad,5,5,5,1,1,1,-3,-2,-3,0,-2,7,0,-3,1,1
6258,pad,6,6,6,1,1,1,-1,-1,-3,-3,0,1,6,-3,-1,-3
6259,pad,0,0,0,1,1,1,5,-2,-1,-1,-2,0,1,-2,-1,-1
6260,pad,3,3,3,1,1,1,-2,-3,-2,7,-6,2,-3,-3,2,1
6261,pad,6,6,6,1,1,1,-1,-1,-3,-3,0,2,6,-4,-1,-3
6262,pad,8,8,8,1,1,1,-1,-2,-2,0,-2,1,0,-3,5,-2
6263,pad,7,7,7,1,1,1,-1,-1,0,0,-1,-1,-5,4,-1,-1
6264,pad,0,0,0,1,1,1,4,-3,-2,-2,0,-2,1,-1,-1,0
6265,pad,4,4,4,1,1,1,-3,-1,-2,-3,4,-3,-3,-1,-1,-1
6266,pad,2,2,2,1,1,1,-2,1,4,0,-2,-2,-1,-1,0,-3
6267,pad,7,7,7,1,1,1,-2,0,-1,0,0,-1,-4,3,-1,-1
6268,pad,4,4,4,1,1,1,-3,-1,-1,-3,5,-2,-3,-1,-2,0
6269,pad,7,7,7,1,1,1,-2,-1,-2,-1,-1,-1,-5,5,-1,-1
6270,pad,5,5,5,1,1,1,-3,-2,-4,0,-2,7,0,-3,0,1
6271,pad,4,4,4,1,1,1,-4,-1,-2,-3,5,-2,-3,-1,-1,0
6272,pad,3,3,3,1,1,1,-3,-1,-1,5,-4,1,-2,-1,1,-1
6273,pad,4,4,4,1,1,1,-1,-1,-2,-2,3,-2,-2,-1,0,1
6274,pad,2,2,2,1,1,1,-2,0,6,1,-4,-3,-1,-1,0,-5
6275,pad,8,8,8,1,1,1,0,-3,-2,1,-4,0,-2,-4,6,0
6276,pad,1,1,1,1,1,1,-2,4,-1,-3,-1,-1,0,-1,0,-2
6277,pad,5,5,5,1,1,1,-2,-3,-4,0,-2,6,0,-3,0,1
6278,pad,1,1,1,1,1,1,-2,3,-2,-3,-1,-1,-2,0,-1,-1
6279,pad,2,2,2,1,1,1,-1,1,5,0,-2,-2,-2,0,-2,-4
6280,pad,0,0,0,1,1,1,7,-3,-1,-3,-2,-2,1,-1,-2,-1
6281,pad,2,2,2,1,1,1,-2,1,6,1,-3,-2,-1,-1,-1,-5
6282,pad,5,5,5,1,1,1,-2,-2,-4,-1,-3,7,1,-3,1,1
6283,pad,6,6,6,1,1,1,0,-1,-3,-2,0,2,5,-4,-2,-3
6284,pad,4,4,4,1,1,1,-3,0,-2,-3,4,-2,-3,-1,-1,0
6285,pad,3,3,3,1,1,1,-3,-1,-3,7,-6,4,-4,-2,-1,0
6286,pad,0,0,0,1,1,1,4,-3,-1,-1,-2,-1,0,-1,-1,0
6287,pad,0,0,0,1,1,1,6,-4,-2,-2,-3,0,1,-2,-1,-1
6288,pad,0,0,0,1,1,1,5,-3,-2,-2,-2,-1,2,-2,0,-1
6289,pad,3,3,3,1,1,1,-3,-2,-2,6,-5,2,-3,-2,1,0
6290,pad,3,3,3,1,1,1,-2,-1,0,6,-5,1,-3,-1,0,-1
6291,pad,5,5,5,1,1,1,-3,-2,-4,0,-2,6,0,-2,0,0
6292,pad,7,7,7,1,1,1,-2,-1,-1,0,-1,-1,-5,4,-1,-1
6293,pad,0,0,0,1,1,1,5,-3,-1,-2,-2,-1,1,-1,-1,-1
6294,pad,6,6,6,1,1,1,0,-1,-1,-2,-1,1,4,-2,0,-2
6295,pad,4,4,4,1,1,1,-4,0,-2,-4,5,-2,-3,-1,-1,-1
6296,pad,8,8,8,1,1,1,-1,-2,-2,-1,-3,1,-1,-4,7,0
6297,pad,8,8,8,1,1,1,-2,-2,-2,-1,-1,1,1,-3,4,-1
6298,pad,6,6,6,1,1,1,-1,0,-1,-2,-1,2,5,-4,-1,-4
6299,pad,3,3,3,1,1,1,-3,-1,-1,6,-5,2,-3,-1,-1,0
6300,pad,4,4,4,1,1,1,-3,-1,-1,-2,5,-2,-4,-1,-1,0
6301,pad,6,6,6,1,1,1,0,-1,-4,-3,0,1,6,-4,-1,-3
6302,pad,9,9,9,1,1,1,-2,-3,-3,-1,1,-2,-5,0,0,4
6303,pad,9,9,9,1,1,1,-2,-2,-2,-1,1,-2,-5,1,0,3
6304,pad,8,8,8,1,1,1,0,-2,-2,-1,-3,2,1,-4,5,-2
6305,pad,2,2,2,1,1,1,0,0,4,0,-3,-2,-2,-1,0,-3
6306,pad,7,7,7,1,1,1,-1,-1,-1,1,-1,-1,-4,2,0,0
6307,pad,7,7,7,1,1,1,-3,-1,-1,1,0,-1,-6,4,-1,0
6308,pad,1,1,1,1,1,1,-2,4,-1,-3,-1,-1,-2,1,-1,-2
6309,pad,0,0,0,1,1,1,4,-3,-1,-1,-1,0,1,-1,-1,0
6310,pad,1,1,1,1,1,1,-2,4,0,-3,-1,-1,-1,0,-1,-2
6311,pad,2,2,2,1,1,1,-1,0,6,1,-3,-3,-2,0,-1,-3
6312,pad,3,3,3,1,1,1,-4,0,0,5,-5,1,-3,0,1,-2
6313,pad,4,4,4,1,1,1,-5,-1,-2,-3,6,-3,-3,-1,-2,-3
6314,pad,5,5,5,1,1,1,-3,-1,-3,0,-3,6,0,-2,2,0
6315,pad,6,6,6,1,1,1,1,-1,-3,-2,-1,2,6,-3,-1,-3
6316,pad,7,7,7,1,1,1,-2,0,1,1,-1,-1,-5,4,-1,0
6317,pad,8,8,8,1,1,1,-1,-2,0,1,-3,-1,-2,-2,5,0
6318,pad,9,9,9,1,1,1,-2,-2,-3,-1,0,-1,-4,0,-2,4
6319,pad,0,0,0,1,1,1,6,-3,-1,-2,-2,-1,1,-1,-1,-1
6320,pad,1,1,1,1,1,1,-2,4,-1,-3,-1,-1,-2,0,-1,-2
6321,pad,2,2,2,1,1,1,0,1,7,0,-3,-4,-3,0,-2,-5
6322,pad,3,3,3,1,1,1,-4,0,0,5,-4,1,-3,0,0,-2
6323,pad,4,4,4,1,1,1,-3,-2,-1,-3,4,-2,-4,0,-2,1
6324,pad,5,5,5,1,1,1,-3,-1,-1,0,-2,5,0,-2,1,0
6325,pad,6,6,6,1,1,1,-1,-1,-3,-3,0,1,6,-3,-1,-4
6326,pad,7,7,7,1,1,1,-4,1,0,1,-1,-1,-7,5,-2,-1
6327,pad,8,8,8,1,1,1,-1,-2,-1,-1,-2,-1,-1,-3,6,0
6328,pad,0,0,0,1,1,1,5,-3,-1,-2,-2,-1,1,-1,-2,-1
6329,pad,1,1,1,1,1,1,-2,4,-1,-3,-1,-1,0,-1,-1,-1
6330,pad,2,2,2,1,1,1,0,1,5,0,-3,-3,-2,0,-2,-4
6331,pad,3,3,3,1,1,1,-3,-1,-2,6,-4,2,-3,-1,-1,-1
6332,pad,4,4,4,1,1,1,-4,-1,-1,-3,6,-3,-4,0,-2,-1
6333,pad,5,5,5,1,1,1,-4,-1,-3,0,-3,7,0,-2,0,1
6334,pad,6,6,6,1,1,1,0,-1,-3,-2,0,1,5,-3,-1,-2
6335,pad,7,7,7,1,1,1,-3,0,-1,1,0,-1,-5,4,-2,0
6336,pad,8,8,8,1,1,1,0,-2,0,1,-3,-1,-1,-3,5,-1
6337,pad,2,2,2,1,1,1,0,1,4,-1,-1,-2,-1,-1,-2,-4
6338,pad,1,1,1,1,1,1,-4,4,-1,-2,0,0,-2,0,-2,-1
6339,pad,7,7,7,1,1,1,-2,1,0,0,0,-1,-4,3,-1,-1
6340,pad,2,2,2,1,1,1,-1,0,5,1,-2,-2,-2,0,-1,-4
6341,pad,5,5,5,1,1,1,-3,-1,-2,0,-3,6,0,-2,1,0
6342,pad,0,0,0,1,1,1,5,-3,-2,-1,-3,0,0,-1,-1,-1
6343,pad,8,8,8,1,1,1,0,-2,-1,1,-3,0,-1,-3,4,0
6344,pad,0,0,0,1,1,1,4,-3,-3,-1,-1,0,1,-1,-1,0
6345,pad,2,2,2,1,1,1,1,0,5,0,-3,-3,-2,0,-2,-4
6346,pad,7,7,7,1,1,1,-2,1,0,0,0,-1,-4,3,-1,0
6347,pad,8,8,8,1,1,1,-1,-1,-1,0,-2,1,0,-2,3,0
6348,pad,8,8,8,1,1,1,-1,-2,-1,0,-3,0,-1,-3,6,0
6349,pad,3,3,3,1,1,1,-4,-1,-1,6,-4,2,-3,0,0,-1
6350,pad,6,6,6,1,1,1,0,-1,-2,-2,-1,1,5,-3,0,-3
6351,pad,0,0,0,1,1,1,4,-2,-2,-2,0,-2,1,-1,-1,0
6352,pad,2,2,2,1,1,1,0,0,5,0,-2,-3,-1,0,-2,-3
6353,pad,7,7,7,1,1,1,-3,0,-1,0,1,-2,-6,5,-2,-1
6354,pad,6,6,6,1,1,1,0,-1,-3,-2,-1,1,6,-4,-1,-4
6355,pad,6,6,6,1,1,1,0,-1,-2,-2,0,1,6,-3,0,-3
6356,pad,1,1,1,1,1,1,-2,3,0,-2,-1,-1,-2,0,0,-1
6357,pad,2,2,2,1,1,1,0,0,5,0,-3,-3,-2,-1,-1,-3
6358,pad,8,8,8,1,1,1,-2,-2,-2,0,-2,2,0,-3,6,-1
6359,pad,8,8,8,1,1,1,-1,-2,-1,1,-3,0,-1,-3,5,-2
6360,pad,7,7,7,1,1,1,-3,0,-1,0,0,-1,-5,5,-2,0
6361,pad,7,7,7,1,1,1,-2,0,1,0,0,-1,-4,4,-1,-2
6362,pad,4,4,4,1,1,1,-3,-1,-2,-3,5,-3,-3,0,-3,-1
6363,pad,7,7,7,1,1,1,-2,-1,-1,0,0,-1,-5,5,-1,0
6364,pad,7,7,7,1,1,1,-3,0,0,0,0,-1,-5,4,-2,-1
6365,pad,3,3,3,1,1,1,-4,-1,-1,6,-4,1,-3,-1,0,-2
6366,pad,7,7,7,1,1,1,-3,0,-1,0,0,-1,-6,5,-2,0
6367,pad,4,4,4,1,1,1,-3,-1,-1,-2,4,-2,-3,0,-2,0
6368,pad,5,5,5,1,1,1,-2,-1,-3,1,-3,7,0,-2,0,1
6369,pad,4,4,4,1,1,1,-3,-1,-1,-3,4,-2,-2,0,-2,-1
6370,pad,3,3,3,1,1,1,-2,-1,0,4,-4,0,-2,-1,1,-2
6371,pad,3,3,3,1,1,1,-3,-1,0,5,-4,0,-3,-1,1,-2
6372,pad,8,8,8,1,1,1,-1,-2,-1,1,-3,0,-1,-3,4,-1
6373,pad,4,4,4,1,1,1,-4,-1,-2,-3,5,-3,-2,-1,-2,-3
6374,pad,1,1,1,1,1,1,-3,4,-1,-4,0,-1,-2,-1,-1,-1
6375,pad,1,1,1,1,1,1,-3,4,-2,-3,-1,-1,-2,0,-1,0
6376,pad,9,9,9,1,1,1,-2,-1,-2,-1,1,-1,-3,-1,-1,3
6377,pad,7,7,7,1,1,1,-2,1,0,-1,0,-1,-3,2,-1,0
6378,pad,4,4,4,1,1,1,-5,-1,-2,-4,6,-4,-4,0,-3,-2
6379,pad,3,3,3,1,1,1,-3,0,0,5,-4,0,-3,0,1,-1
6380,pad,7,7,7,1,1,1,-2,0,-1,0,-1,-1,-5,4,-1,0
6381,pad,3,3,3,1,1,1,-3,0,0,5,-3,1,-3,-1,0,-2
6382,pad,3,3,3,1,1,1,-3,-1,-1,6,-5,1,-3,-1,1,-1
6383,pad,0,0,0,1,1,1,6,-2,-1,-1,-3,1,1,-2,-1,-2
6384,pad,2,2,2,1,1,1,1,0,5,0,-3,-2,-1,-1,-1,-3
6385,pad,5,5,5,1,1,1,-2,-2,-2,0,-3,6,0,-2,0,0
6386,pad,5,5,5,1,1,1,-1,-2,-3,-1,-2,5,1,-2,0,0
6387,pad,6,6,6,1,1,1,0,-2,-4,-3,0,1,6,-4,-1,-3
6388,pad,6,6,6,1,1,1,1,-2,-3,-2,-1,2,6,-3,-1,-3
6389,pad,3,3,3,1,1,1,-4,-1,0,4,-3,1,-2,0,1,-2
6390,pad,5,5,5,1,1,1,-2,-1,-2,-1,-2,5,0,-1,0,0
6391,pad,2,2,2,1,1,1,2,-1,3,-1,-2,-1,-1,-1,0,-2
6392,pad,5,5,5,1,1,1,0,0,-1,-1,-2,3,0,-1,0,0
6393,pad,9,9,9,1,1,1,-1,-2,-3,0,0,-1,-3,-1,-1,3
6394,pad,9,9,9,1,1,1,-1,-3,-3,0,0,0,-4,0,-1,4
6395,pad,8,8,8,1,1,1,-1,-2,-1,0,-2,0,-1,-3,5,1
6396,pad,4,4,4,1,1,1,-4,0,-2,-3,4,-3,-4,0,-1,-1
6397,pad,1,1,1,1,1,1,-3,4,-2,-2,-1,-1,-2,1,-2,0
6398,pad,0,0,0,1,1,1,3,-2,-1,0,-1,1,1,-1,0,-1
6399,pad,6,6,6,1,1,1,0,-1,-3,-2,0,1,5,-3,-1,-3
6400,pad,0,0,0,1,1,1,3,-2,-3,-1,0,-1,1,-1,-1,0
6401,pad,9,9,9,1,1,1,-1,-1,-3,0,0,-1,-3,-1,-1,3
6402,pad,6,6,6,1,1,1,0,-1,-3,-2,0,1,4,-2,-1,-3
6403,pad,8,8,8,1,1,1,-2,-1,0,1,-3,0,1,-2,4,-2
6404,pad,8,8,8,1,1,1,-1,-2,0,1,-3,-1,-1,-3,5,0
6405,pad,5,5,5,1,1,1,-3,-1,-3,0,-2,6,1,-2,1,1
6406,pad,6,6,6,1,1,1,1,-2,-3,-2,-1,2,6,-4,0,-4
6407,pad,1,1,1,1,1,1,-3,4,-1,-3,-1,-1,-2,0,-1,-1
6408,pad,1,1,1,1,1,1,-2,3,-1,-2,0,0,-2,0,-2,0
6409,pad,9,9,9,1,1,1,-1,-2,-2,0,-1,-1,-4,0,-2,4
6410,pad,8,8,8,1,1,1,-1,-2,-1,1,-3,0,-1,-3,4,0
6411,pad,9,9,9,1,1,1,-1,-2,-3,-1,0,-1,-3,-1,-2,4
6412,pad,2,2,2,1,1,1,0,0,5,0,-2,-3,-1,0,-1,-3
6413,pad,3,3,3,1,1,1,-2,-1,-2,6,-4,2,-3,-1,0,-1
6414,pad,5,5,5,1,1,1,-3,-1,-2,1,-2,5,0,-1,0,0
6415,pad,5,5,5,1,1,1,-2,-2,-3,0,-3,6,1,-2,1,0
6416,pad,9,9,9,1,1,1,-1,-2,-2,1,-1,0,-4,1,-1,3
6417,pad,4,4,4,1,1,1,-3,-1,-1,-2,3,-2,-2,0,-1,-1
6418,pad,2,2,2,1,1,1,-1,0,3,1,-2,-1,-3,0,-1,-3
6419,pad,1,1,1,1,1,1,-2,4,-1,-3,-1,-1,-1,0,-1,-1
6420,pad,9,9,9,1,1,1,-2,-1,-3,0,0,-1,-4,-1,-2,4
6421,pad,3,3,3,1,1,1,-1,0,2,3,-3,-1,-2,0,0,-3
6422,pad,9,9,9,1,1,1,-1,-2,-2,1,-1,0,-3,0,-1,3
6423,pad,2,2,2,1,1,1,0,1,6,0,-2,-2,-2,0,-2,-4
6424,pad,0,0,0,1,1,1,3,-2,-1,-2,-1,-2,0,-1,0,0
6425,pad,6,6,6,1,1,1,0,-2,-3,-2,0,1,5,-2,0,-3
6426,pad,0,0,0,1,1,1,3,-2,-1,-1,-1,-1,0,-1,-1,0
6427,pad,4,4,4,1,1,1,-5,-1,-2,-4,5,-2,-4,-1,-2,-1
6428,pad,0,0,0,1,1,1,4,-3,-1,-1,-2,-2,-1,0,-1,0
6429,pad,0,0,0,1,1,1,5,-2,0,-2,-2,-1,2,-2,-1,-1
6430,pad,1,1,1,1,1,1,-1,4,-1,-3,-2,-1,0,-1,-1,-3
6431,pad,2,2,2,1,1,1,-1,1,5,0,-2,-2,-2,0,-1,-3
6432,pad,3,3,3,1,1,1,-2,-1,-1,6,-5,1,-3,-2,1,0
6433,pad,4,4,4,1,1,1,-2,0,-1,-3,4,-3,-3,0,-3,-1
6434,pad,7,7,7,1,1,1,-2,0,-2,0,0,0,-4,3,-1,-1
6435,pad,8,8,8,1,1,1,-1,-3,-1,0,-2,0,-1,-3,5,1
6436,pad,9,9,9,1,1,1,-2,-2,-2,-1,0,-2,-5,0,-1,4
6437,pad,0,0,0,1,1,1,4,-2,-1,-2,-1,-1,1,-1,-1,-1
6438,pad,1,1,1,1,1,1,-2,4,-1,-3,-1,-1,-2,0,0,-2
6439,pad,2,2,2,1,1,1,-3,2,6,0,-3,-3,-2,-1,-1,-4
6440,pad,3,3,3,1,1,1,-3,-2,-2,7,-5,3,-3,-2,0,0
6441,pad,7,7,7,1,1,1,-2,-1,-1,0,0,-1,-3,3,-1,0
6442,pad,8,8,8,1,1,1,-1,-3,-2,1,-2,0,-2,-3,5,1
6443,pad,9,9,9,1,1,1,-1,-2,-2,-1,1,-2,-4,0,0,4
6444,pad,0,0,0,1,1,1,5,-3,-2,-2,-2,-2,1,-1,-1,0
6445,pad,1,1,1,1,1,1,-2,4,-1,-3,-2,0,-1,-1,0,-3
6446,pad,2,2,2,1,1,1,-2,1,5,0,-2,-2,-2,-1,-1,-3
6447,pad,3,3,3,1,1,1,-3,-2,-2,6,-4,3,-3,-1,0,0
6448,pad,4,4,4,1,1,1,-2,0,-2,-3,4,-2,-2,0,-3,-1
6449,pad,7,7,7,1,1,1,-1,0,-2,-1,0,0,-4,4,-1,-1
6450,pad,8,8,8,1,1,1,-2,-2,0,1,-4,-1,-2,-3,6,0
6451,pad,9,9,9,1,1,1,-1,-2,-2,0,0,-1,-4,1,0,3
6452,pad,7,7,7,1,1,1,-1,0,-1,0,0,-1,-3,3,-1,0
6453,pad,3,3,3,1,1,1,-2,-1,-1,5,-4,2,-2,-1,0,0
6454,pad,0,0,0,1,1,1,4,-3,-1,-3,-2,-1,1,-2,0,-1
6455,pad,3,3,3,1,1,1,-3,0,-1,5,-4,2,-3,-1,-1,-1
6456,pad,1,1,1,1,1,1,-2,3,-1,-3,-1,-1,-1,0,-1,-1
6457,pad,8,8,8,1,1,1,-1,-3,-1,0,-2,0,-1,-3,6,1
6458,pad,7,7,7,1,1,1,-1,0,-1,0,0,0,-3,2,-1,0
6459,pad,6,6,6,1,1,1,1,-1,-2,-2,-2,2,5,-4,0,-3
6460,pad,4,4,4,1,1,1,-3,0,-2,-3,4,-1,-1,-2,0,-1
6461,pad,0,0,0,1,1,1,5,-3,-2,-2,-1,-2,2,-2,-2,0
6462,pad,2,2,2,1,1,1,-3,2,6,1,-3,-3,-2,-1,-1,-5
6463,pad,6,6,6,1,1,1,1,-1,-2,-3,-2,2,6,-5,-1,-3
6464,pad,8,8,8,1,1,1,-1,-3,-1,0,-3,-1,-2,-3,6,0
6465,pad,3,3,3,1,1,1,-3,-1,-2,6,-4,4,-3,-1,-1,0
6466,pad,2,2,2,1,1,1,-2,1,6,1,-3,-3,-2,0,-1,-5
6467,pad,8,8,8,1,1,1,-1,-2,-2,1,-3,0,-2,-3,5,0
6468,pad,1,1,1,1,1,1,-2,4,-1,-3,-1,-1,-1,0,-1,-2
6469,pad,2,2,2,1,1,1,-3,1,6,0,-2,-3,-1,-1,0,-4
6470,pad,0,0,0,1,1,1,4,-2,-1,-2,-2,0,1,-1,-1,-1
6471,pad,7,7,7,1,1,1,-2,1,-1,0,0,0,-2,2,-1,-1
6472,pad,1,1,1,1,1,1,-2,4,0,-3,-2,-1,-1,-1,-1,-3
6473,pad,0,0,0,1,1,1,4,-2,-1,-1,-2,0,1,-2,-1,-1
6474,pad,4,4,4,1,1,1,-3,0,-1,-2,4,-2,-1,0,-2,-1
6475,pad,4,4,4,1,1,1,-3,0,-1,-4,5,-3,-3,0,-4,-2
6476,pad,5,5,5,1,1,1,-2,-1,-2,0,-1,5,0,-2,0,0
6477,pad,8,8,8,1,1,1,-1,-2,-2,0,-1,-1,-3,-3,4,2
6478,pad,0,0,0,1,1,1,5,-2,-1,-2,-2,-1,1,-1,-2,-1
6479,pad,6,6,6,1,1,1,0,-1,-2,-2,-1,2,5,-4,-1,-3
6480,pad,2,2,2,1,1,1,-1,1,5,0,-2,-2,-1,0,-2,-5
6481,pad,3,3,3,1,1,1,-2,-1,-1,6,-5,2,-3,-2,0,0
6482,pad,1,1,1,1,1,1,-1,3,-1,-3,-2,0,-1,-1,0,-2
6483,pad,5,5,5,1,1,1,-2,-2,-4,-1,-1,6,1,-3,0,1
6484,pad,1,1,1,1,1,1,-2,3,-1,-3,-1,-1,-1,-1,0,-2
6485,pad,8,8,8,1,1,1,-1,-1,-1,-1,-1,-1,-1,-3,4,1
6486,pad,5,5,5,1,1,1,-3,-1,-2,0,-1,5,-1,-1,0,0
6487,pad,9,9,9,1,1,1,-1,-2,-3,-1,1,-1,-3,0,0,3
6488,pad,4,4,4,1,1,1,-2,0,-1,-2,3,-3,-2,0,-2,-1
6489,pad,0,0,0,1,1,1,5,-3,-1,-2,-1,-2,1,-1,-1,0
6490,pad,7,7,7,1,1,1,-2,0,-1,-1,0,0,-4,3,-1,-1
6491,pad,5,5,5,1,1,1,-1,-2,-3,1,-2,5,0,-1,-1,0
6492,pad,8,8,8,1,1,1,-1,-2,-1,-1,-1,-1,-1,-3,4,1
6493,pad,8,8,8,1,1,1,-1,-2,-1,0,-2,-1,-1,-3,4,0
6494,pad,3,3,3,1,1,1,-3,-2,-2,6,-5,3,-3,-2,0,0
6495,pad,8,8,8,1,1,1,-2,-1,0,-1,0,0,-1,-2,3,1
6496,pad,9,9,9,1,1,1,-2,-2,-3,-2,2,-2,-5,0,-2,4
6497,pad,2,2,2,1,1,1,-2,1,4,1,-2,-2,-2,-1,0,-3
6498,pad,6,6,6,1,1,1,0,-1,-2,-3,-2,3,6,-5,-1,-4
6499,pad,2,2,2,1,1,1,-3,1,5,1,-3,-2,-2,0,-1,-5
6500,pad,5,5,5,1,1,1,-2,-1,-2,0,-1,5,-1,-1,0,1
6501,pad,3,3,3,1,1,1,-3,-2,-2,6,-5,2,-3,-1,0,0
6502,pad,1,1,1,1,1,1,-2,4,0,-3,-2,-1,-1,0,0,-3
6503,pad,7,7,7,1,1,1,-2,0,-2,0,0,0,-3,3,-1,-1
6504,pad,3,3,3,1,1,1,-4,0,-1,6,-5,1,-4,-1,0,-2
6505,pad,9,9,0,1,0,0,2,-2,-2,0,0,-2,-1,-1,0,2
6506,pad,1,1,1,1,1,1,-2,4,-1,-3,-2,-1,-2,0,-1,-2
6507,pad,9,9,9,1,1,1,-1,-2,-3,-1,1,-2,-4,0,0,4
6508,pad,9,9,9,1,1,1,-2,-2,-3,-1,1,-1,-5,0,-1,4
6509,pad,6,6,6,1,1,1,0,-1,-2,-3,-1,2,6,-4,0,-3
6510,pad,0,0,0,1,1,1,6,-4,-1,-2,-2,-2,0,-1,-1,-1
6511,pad,3,3,3,1,1,1,-3,-2,-3,6,-4,4,-3,-2,0,1
6512,pad,9,9,9,1,1,1,0,-1,-2,0,0,-2,-4,0,-1,3
6513,pad,2,2,2,1,1,1,-2,1,6,0,-2,-3,-2,-1,0,-3
6514,pad,8,8,8,1,1,1,-1,-2,-1,0,-2,0,-1,-3,5,0
6515,pad,1,1,1,1,1,1,-2,4,-1,-3,-2,-1,-1,-1,0,-2
6516,pad,4,4,4,1,1,1,-4,-1,-3,-4,5,-2,-2,-1,-2,-1
6517,pad,3,3,3,1,1,1,-2,-1,-1,5,-4,3,-3,-1,-1,-1
6518,pad,5,5,5,1,1,1,-2,-1,-2,0,-2,6,0,-2,0,1
6519,pad,2,2,2,1,1,1,-2,1,6,0,-3,-3,-2,-1,-1,-5
6520,pad,9,9,9,1,1,1,-2,-2,-3,-1,1,-2,-5,0,-1,4
6521,pad,2,2,2,1,1,1,-3,1,5,2,-4,-2,-2,0,0,-5
6522,pad,5,5,5,1,1,1,-1,-1,-2,-1,-1,5,1,-2,1,0
6523,pad,8,8,8,1,1,1,-1,-2,-1,0,-1,-1,-2,-2,4,1
6524,pad,9,9,9,1,1,1,-2,-2,-2,-1,0,-1,-5,0,-1,4
6525,pad,5,5,5,1,1,1,-2,-1,-3,0,-2,7,-1,-2,0,1
6526,pad,0,0,0,1,1,1,4,-3,-3,0,-2,2,2,-2,0,-1
6527,pad,1,1,1,1,1,1,-1,4,0,-3,-2,-1,-1,-1,0,-2
6528,pad,2,2,2,1,1,1,-2,3,5,-1,0,-3,-2,0,-4,-6
6529,pad,4,4,4,1,1,1,-2,-1,-1,-1,3,-2,-2,1,-2,-1
6530,pad,5,5,5,1,1,1,-2,-1,-2,0,-1,3,-1,-1,0,1
6531,pad,6,6,6,1,1,1,0,-1,-1,-2,-1,1,5,-3,-1,-3
6532,pad,0,0,0,1,1,1,3,-1,-1,-1,-3,2,0,0,-1,-1
6533,pad,1,1,1,1,1,1,-2,3,-1,-3,0,-1,-1,0,-1,-1
6534,pad,2,2,2,1,1,1,-1,1,5,0,-3,-3,-2,0,-2,-5
6535,pad,3,3,3,1,1,1,-2,-1,-1,4,-3,1,-2,-1,1,0
6536,pad,4,4,4,1,1,1,-3,-1,-2,-2,4,-2,-4,0,-1,0
6537,pad,5,5,5,1,1,1,-2,-1,-1,0,-1,5,0,-2,1,1
6538,pad,6,6,6,1,1,1,1,0,0,-1,-1,1,2,-2,-2,-1
6539,pad,7,7,7,1,1,1,-3,0,-1,0,0,-1,-5,4,-2,1
6540,pad,1,1,1,1,1,1,-2,3,-1,-2,-1,-1,-2,0,0,-1
6541,pad,2,2,2,1,1,1,-1,0,5,1,-3,-3,-2,0,0,-4
6542,pad,3,3,3,1,1,1,-2,-1,-1,3,-2,1,-2,0,0,0
6543,pad,4,4,4,1,1,1,-4,-1,0,-2,4,-2,-4,0,-2,-1
6544,pad,5,5,5,1,1,1,-2,-2,-2,2,-2,4,-1,-2,1,1
6545,pad,1,1,1,1,1,1,-3,4,-1,-3,-1,-2,-2,0,-1,-1
6546,pad,0,0,0,1,1,1,2,-2,-1,0,-1,0,0,0,0,1
6547,pad,4,4,4,1,1,1,-3,-1,-2,-4,5,-2,-3,-1,-2,0
6548,pad,5,5,5,1,1,1,-2,-1,-2,0,-2,5,0,-2,0,0
6549,pad,6,6,6,1,1,1,0,-1,-2,-2,0,1,4,-2,-1,-2
6550,pad,6,6,6,1,1,1,-1,0,-2,-3,-1,1,5,-3,0,-3
6551,pad,3,3,3,1,1,1,-3,-1,-1,5,-4,2,-3,-1,0,-1
6552,pad,4,4,4,1,1,1,-1,-1,-1,-2,3,-1,-1,0,-2,-1
6553,pad,4,4,4,1,1,1,-2,0,-1,-2,2,-1,-2,0,-2,0
6554,pad,2,2,2,1,1,1,1,0,2,1,-2,-1,-1,-1,-1,-1
6555,pad,8,9,3,0,0,0,0,-2,-1,1,-1,0,-2,0,1,1
6556,pad,1,1,1,1,1,1,-2,3,-1,-2,0,-1,-2,0,-1,0
6557,pad,0,0,0,1,1,1,4,-2,1,-3,-3,-1,1,-2,0,-1
6558,pad,6,6,6,1,1,1,0,0,0,0,-1,0,1,-1,0,-1
6559,pad,4,4,4,1,1,1,-4,0,1,-1,3,-2,-3,1,-2,-2
6560,pad,9,9,5,1,0,0,-1,-1,-2,1,-1,2,0,-1,0,1
6561,pad,7,7,3,1,0,0,0,0,0,1,-1,0,-1,0,0,0
6562,pad,2,2,2,1,1,1,0,0,3,1,-2,-1,-1,0,-1,-2
6563,pad,3,3,3,1,1,1,-2,0,-1,4,-3,1,-2,-1,0,-1
6564,pad,3,3,3,1,1,1,0,-1,-1,2,-1,0,-1,0,0,0
6565,pad,9,9,9,1,1,1,-2,-2,-2,0,0,0,-4,0,-1,3
6566,pad,2,2,2,1,1,1,0,1,5,0,-2,-2,-1,-1,-1,-4
6567,pad,0,0,0,1,1,1,3,-2,-1,0,-2,0,1,-1,0,-1
6568,pad,9,9,9,1,1,1,-2,0,-1,0,0,0,-2,0,-1,1
6569,pad,3,3,2,1,0,0,-1,0,1,1,-1,-1,-2,0,0,0
6570,pad,3,3,3,1,1,1,-1,-1,0,3,-2,1,-2,0,0,0
6571,pad,9,9,3,1,0,0,-1,0,-1,1,-1,0,-2,1,-1,1
6572,pad,1,1,1,1,1,1,-1,0,0,0,0,0,0,0,0,0
6573,pad,5,5,5,1,1,1,-2,-1,-2,2,-3,5,-1,-2,0,1
6574,pad,2,2,2,1,1,1,0,1,2,-1,-1,0,0,-2,-1,-3
6575,pad,3,3,3,1,1,1,-2,0,0,1,-1,0,-2,1,-1,0
6576,pad,7,7,1,1,0,0,-1,1,0,0,0,-1,-1,1,-1,-2
6577,pad,7,7,1,1,0,0,0,1,0,0,-1,0,-2,1,0,-1
6578,pad,8,8,8,1,1,1,0,-1,-1,1,-2,1,-1,-2,2,0
6579,pad,4,4,4,1,1,1,-3,0,0,-2,3,-2,-4,0,-2,-1
6580,pad,0,0,0,1,1,1,4,-2,-1,0,-3,0,0,-1,0,0
6581,pad,2,2,2,1,1,1,-1,2,6,0,-2,-3,-2,1,-3,-5
6582,pad,4,4,4,1,1,1,-3,-1,-2,-4,5,-2,-2,-1,-3,-1
6583,pad,0,0,0,1,1,1,4,-2,-2,0,-2,1,3,-3,0,-1
6584,pad,2,2,2,1,1,1,0,0,3,1,-2,-2,-3,1,-1,-2
6585,pad,4,4,4,1,1,1,-3,0,-2,-4,4,-2,-2,-1,-2,-1
6586,pad,7,7,7,1,1,1,-1,0,0,0,0,-1,-4,2,-1,1
6587,pad,8,8,8,1,1,1,1,-2,-1,0,-3,0,-1,-3,5,-1
6588,pad,0,0,0,1,1,1,6,-3,-2,-2,-4,0,0,-1,0,-3
6589,pad,7,7,7,1,1,1,-1,0,1,1,-1,-1,-3,2,0,-1
6590,pad,0,0,0,1,1,1,3,-2,1,-1,-3,0,0,-1,0,-1
6591,pad,6,6,6,1,1,1,0,-1,-1,-1,-1,1,4,-3,-1,-3
6592,pad,9,9,9,1,1,1,-1,-1,-2,1,-1,1,-2,0,-1,2
6593,pad,3,3,3,1,1,1,-2,0,0,3,-3,0,-2,0,0,-1
6594,pad,2,2,2,1,1,1,0,1,5,0,-2,-2,-2,0,-2,-4
6595,pad,8,8,8,1,1,1,-1,-2,-1,0,-2,0,-2,-3,5,1
6596,pad,6,6,5,1,0,0,-1,0,0,0,-1,1,1,-1,0,-2
6597,pad,0,7,7,0,0,1,1,-1,0,0,-2,1,-3,2,0,0
6598,pad,5,5,5,1,1,1,1,-2,-1,1,-2,2,1,-1,0,0
6599,pad,7,7,7,1,1,1,-1,0,-1,0,0,-1,-3,1,-1,1
6600,pad,5,5,5,1,1,1,-3,0,-1,0,-1,4,0,-2,1,0
6601,pad,1,1,1,1,1,1,-2,5,-1,-3,-2,-1,-1,-1,-1,-2
6602,pad,0,0,0,1,1,1,4,-2,1,-3,-3,-1,-1,0,0,-3
6603,pad,8,8,8,1,1,1,0,-2,0,0,-2,0,-2,-2,4,1
6604,pad,1,1,1,1,1,1,-3,4,-1,-3,-1,-1,0,0,-1,-1
6605,pad,6,6,6,1,1,1,0,0,-1,-1,0,1,2,-2,0,-1
6606,pad,7,7,7,1,1,1,-2,0,-1,0,0,0,-4,3,-1,0
6607,pad,2,2,2,1,1,1,0,0,3,0,-2,-1,0,-1,0,-2
6608,pad,9,9,9,1,1,1,-1,-1,-1,0,0,1,-1,-1,0,2
6609,pad,7,7,7,1,1,1,-1,0,-1,0,0,-1,-2,1,-1,0
6610,pad,9,9,9,1,1,1,-2,-2,-2,0,0,1,-3,-1,-1,3
6611,pad,5,5,5,1,1,1,-2,0,-2,1,-1,3,-1,0,0,0
6612,pad,8,8,8,1,1,1,0,-1,-1,1,-3,0,-1,-2,3,0
6613,pad,6,6,6,1,1,1,1,-1,0,0,-1,1,2,-1,-1,-2
6614,pad,2,2,2,1,1,1,1,0,4,0,-3,-2,-2,1,-1,-4
6615,pad,6,6,6,1,1,1,0,-1,-1,-1,0,1,2,-1,0,-2
6616,pad,2,2,2,1,1,1,1,0,4,0,-3,-2,-1,-1,-1,-3
6617,pad,8,8,8,1,1,1,0,-2,0,1,-2,-1,-2,-1,4,0
6618,pad,1,1,1,1,1,1,-1,2,0,-1,-1,0,0,-1,0,-1
6619,pad,7,7,7,1,1,1,-1,0,-1,-1,-1,0,-5,4,-2,-1
6620,pad,5,5,5,1,1,1,-1,-1,-2,0,-2,5,0,-1,0,0
6621,pad,0,0,0,1,1,1,3,-1,0,-1,-2,0,-1,-1,0,-1
6622,pad,1,1,1,1,1,1,-1,3,-1,-2,-1,-1,-1,0,0,-1
6623,pad,1,1,1,1,1,1,-1,2,0,-1,0,0,-1,0,0,-1
6624,pad,3,3,3,1,1,1,-2,0,0,3,-3,1,-2,0,0,-1
6625,pad,8,8,8,1,1,1,-1,0,0,0,0,-1,-1,0,1,0
6626,pad,4,4,4,1,1,1,-3,0,0,-2,3,-2,-3,0,-2,-1
6627,pad,9,9,9,1,1,1,-1,-1,-2,-1,0,0,-2,-1,-1,2
6628,pad,1,1,1,1,1,1,-2,2,0,-1,-1,-1,-2,0,0,0
6629,pad,8,8,8,1,1,1,-1,-2,-2,0,-2,1,1,-3,5,-1
6630,pad,6,6,6,1,1,1,0,-1,-2,-2,-1,2,5,-3,-1,-4
6631,pad,8,8,8,1,1,1,1,-2,0,0,-2,0,-1,-2,4,0
6632,pad,9,9,9,1,1,1,-1,-1,-1,0,-1,1,-1,0,-1,2
6633,pad,0,0,0,1,1,1,6,-3,-2,-2,-3,-1,1,-2,-1,0
6634,pad,1,1,1,1,1,1,-2,4,-1,-3,-1,-1,-2,0,-1,-1
6635,pad,2,2,2,1,1,1,-2,1,3,1,-2,-1,-1,0,0,-3
6636,pad,3,3,3,1,1,1,-3,-1,-1,5,-4,2,-2,-1,1,0
6637,pad,4,4,2,1,0,0,-1,0,1,-1,1,-1,-2,0,-2,0
6638,pad,5,5,5,1,1,1,-1,-2,-3,0,-1,5,0,-2,0,1
6639,pad,6,6,6,1,1,1,0,-1,-2,-2,-1,1,4,-3,0,-2
6640,pad,7,7,7,1,1,1,-2,0,0,0,0,-2,-4,3,-1,0
6641,pad,8,8,8,1,1,1,-1,-2,-1,0,-3,3,1,-3,4,-1
6642,pad,9,9,9,1,1,1,-3,0,-2,-2,1,1,-2,-1,-1,3
6643,pad,0,0,0,1,1,1,3,-2,-1,-1,-1,1,2,-1,-1,-1
6644,pad,1,1,1,1,1,1,-2,3,-1,-2,-1,0,0,-1,0,-2
6645,pad,2,2,2,1,1,1,-2,1,3,1,-2,-1,0,-1,0,-3
6646,pad,3,3,3,1,1,1,-2,-2,-2,5,-4,2,-2,-2,1,0
6647,pad,4,4,4,1,1,1,-2,0,-1,-2,4,-2,-2,-1,-2,-1
6648,pad,7,7,7,1,1,1,-2,-1,-1,0,0,-1,-4,3,-1,0
6649,pad,8,8,8,1,1,1,-1,-2,-1,1,-4,1,0,-4,5,-1
6650,pad,9,9,9,1,1,1,-3,-1,-2,-2,2,-2,-5,0,0,3
6651,pad,0,6,5,0,0,0,1,-1,-1,-1,-2,2,2,-3,0,-1
6652,pad,1,1,1,1,1,1,-3,5,-1,-3,-2,-1,-2,0,-1,-3
6653,pad,7,7,7,1,1,1,-3,0,0,0,0,-1,-4,3,-1,0
6654,pad,8,8,8,1,1,1,-2,-2,-1,0,-2,1,-1,-4,6,0
6655,pad,9,9,9,1,1,1,-2,-1,-2,0,0,-2,-5,1,-1,2
6656,pad,9,9,9,1,1,1,-2,-2,-3,-1,0,-2,-5,0,-2,3
6657,pad,8,8,8,1,1,1,-2,-2,-1,-1,-3,1,1,-4,6,-1
6658,pad,9,9,9,1,1,1,-2,-1,-3,-2,1,-2,-4,1,-1,3
6659,pad,8,8,8,1,1,1,0,-2,-1,0,-4,1,0,-3,5,-1
6660,pad,4,4,4,1,1,1,-3,0,-1,-3,3,-1,-2,-1,-2,-1
6661,pad,1,1,1,1,1,1,-3,5,-2,-4,-1,-1,-2,0,-1,-2
6662,pad,7,7,7,1,1,1,0,-2,0,1,-1,-1,-4,2,0,0
6663,pad,7,7,7,1,1,1,-2,0,0,1,-1,-1,-4,3,-1,0
6664,pad,3,3,3,1,1,1,-2,0,1,4,-4,0,-2,-1,0,-2
6665,pad,3,3,3,1,1,1,-5,0,0,6,-5,1,-4,0,0,-2
6666,pad,7,7,7,1,1,1,-2,0,0,0,0,-1,-4,3,-1,0
6667,pad,6,6,6,1,1,1,0,-2,-2,-1,-1,3,4,-4,0,-3
6668,pad,6,6,6,1,1,1,1,-2,-2,-2,-1,2,4,-3,0,-2
6669,pad,6,6,6,1,1,1,1,-2,-2,-1,-2,3,4,-3,0,-2
6670,pad,1,1,1,1,1,1,-3,5,-2,-4,-1,0,-1,-1,-1,-3
6671,pad,9,9,9,1,1,1,-1,-2,-3,0,0,-1,-4,0,-1,3
6672,pad,0,0,0,1,1,1,3,-2,-1,0,-2,0,0,-1,0,0
6673,pad,1,1,1,1,1,1,-3,5,-2,-4,-1,-1,-2,0,-1,-3
6674,pad,7,7,7,1,1,1,-2,-1,-1,0,0,-1,-5,3,-1,0
6675,pad,6,6,6,1,1,1,0,-2,-2,-2,-2,2,5,-4,1,-3
6676,pad,3,3,3,1,1,1,-3,0,-1,5,-4,1,-3,-1,0,-1
6677,pad,2,2,2,1,1,1,-1,1,3,0,-2,-1,-2,0,-1,-3
6678,pad,1,1,1,1,1,1,-2,3,-1,-3,-1,-1,-1,-1,-1,-2
6679,pad,7,7,7,1,1,1,-2,0,-1,0,-1,-1,-5,3,-1,-1
6680,pad,1,1,1,1,1,1,-2,4,-2,-3,-1,0,-1,0,-1,-2
6681,pad,3,3,3,1,1,1,-1,-1,-1,5,-3,2,-2,-2,0,0
6682,pad,9,9,9,1,1,1,-1,-2,-2,1,-1,0,-5,1,-1,3
6683,pad,1,1,1,1,1,1,-2,4,-1,-3,-1,0,0,-1,0,-2
6684,pad,7,7,7,1,1,1,-2,0,0,0,-1,-1,-4,3,-1,0
6685,pad,6,6,6,1,1,1,0,-1,-1,-3,-1,2,4,-4,0,-3
6686,pad,8,8,8,1,1,1,0,-2,0,1,-3,-1,-1,-2,4,-1
6687,pad,4,4,4,1,1,1,-3,0,-1,-2,3,-1,-1,-1,-1,-1
6688,pad,1,1,1,1,1,1,-2,5,0,-4,-2,-1,-2,0,-1,-3
6689,pad,4,4,4,1,1,1,-2,0,-1,-2,2,-2,-1,0,-1,-1
6690,pad,3,3,3,1,1,1,-3,-1,-1,5,-4,2,-3,-1,0,-1
6691,pad,6,6,6,1,1,1,1,-2,-3,-2,-1,3,4,-3,0,-1
6692,pad,9,9,9,1,1,1,-2,-2,-2,-2,1,-2,-4,0,-1,3
6693,pad,6,6,6,1,1,1,1,-1,-1,-2,-1,2,4,-3,0,-2
6694,pad,1,1,1,1,1,1,-3,5,-1,-3,-2,-1,-2,0,0,-3
6695,pad,4,4,4,1,1,1,-1,0,0,-1,2,-1,-1,-1,-2,-1
6696,pad,4,4,4,1,1,1,-3,0,-1,-3,4,-2,-3,0,-2,0
6697,pad,7,7,7,1,1,1,-2,0,0,1,0,-1,-5,3,-1,0
6698,pad,2,2,2,1,1,1,-1,1,6,0,-2,-3,-2,0,-1,-4
6699,pad,4,4,4,1,1,1,-3,0,-2,-3,4,-2,-3,0,-3,-1
6700,pad,4,4,4,1,1,1,-1,0,-1,-2,2,0,0,-2,-1,-1
6701,pad,0,0,0,1,1,1,6,-4,-2,-2,-3,-1,0,-1,-1,0
6702,pad,1,1,1,1,1,1,-2,4,-1,-2,-1,-1,-2,1,-1,-2
6703,pad,2,2,2,1,1,1,-1,1,5,0,-3,-3,-2,1,-2,-5
6704,pad,3,3,3,1,1,1,-2,-2,-1,7,-6,1,-4,-2,2,0
6705,pad,4,4,4,1,1,1,-3,-1,-1,-2,4,-1,-3,-1,-3,-1
6706,pad,5,5,5,1,1,1,0,-3,-4,1,-3,5,0,-3,-1,1
6707,pad,6,6,6,1,1,1,0,-1,-2,-3,0,1,4,-4,-2,-2
6708,pad,7,7,7,1,1,1,-1,-1,-1,1,-1,-1,-4,3,-1,0
6709,pad,8,8,8,1,1,1,-1,-3,-1,1,-3,1,1,-3,6,-2
6710,pad,9,9,9,1,1,1,0,-2,-3,0,1,-1,-2,-1,1,3
6711,pad,0,0,0,1,1,1,5,-3,-2,-2,-2,0,1,-1,-1,-1
6712,pad,1,1,1,1,1,1,-2,5,-1,-4,-2,-1,0,-1,0,-3
6713,pad,2,2,2,1,1,1,-1,1,6,1,-3,-3,-2,1,-2,-5
6714,pad,3,3,3,1,1,1,-2,-2,-2,6,-5,1,-4,-2,1,0
6715,pad,4,4,4,1,1,1,-3,0,-1,-4,4,-2,-2,-1,-3,0
6716,pad,5,5,5,1,1,1,-1,-1,-2,1,-2,4,0,-1,0,0
6717,pad,6,6,6,1,1,1,0,-1,-2,-3,-1,2,5,-4,0,-1
6718,pad,9,9,9,1,1,1,-2,-2,-3,-2,1,-1,-3,-1,1,3
6719,pad,0,0,0,1,1,1,5,-3,-1,-2,-2,-1,1,-2,0,0
6720,pad,1,1,1,1,1,1,-2,4,-2,-3,-1,-1,-1,-1,0,-2
6721,pad,2,7,2,0,1,0,-3,1,2,-1,-1,-2,-3,2,-2,-3
6722,pad,3,3,3,1,1,1,0,-1,-1,4,-3,1,-3,-1,0,1
6723,pad,4,4,4,1,1,1,-3,-1,-2,-3,5,-2,-2,-2,-1,-2
6724,pad,7,7,7,1,1,1,-1,-1,-1,0,-1,-1,-4,3,0,0
6725,pad,8,8,8,1,1,1,0,-1,-1,0,-2,0,1,-2,2,-1
6726,pad,1,1,1,1,1,1,-2,4,-1,-3,-2,-1,-1,0,0,-2
6727,pad,3,3,3,1,1,1,-3,-1,-1,7,-6,1,-4,-1,1,-1
6728,pad,5,5,5,1,1,1,-2,-3,-4,1,-2,7,-1,-2,0,1
6729,pad,1,1,1,1,1,1,-2,4,-1,-4,-2,-1,-1,0,-1,-2
6730,pad,7,7,7,1,1,1,-2,0,-2,-1,0,-1,-4,3,-1,0
6731,pad,7,7,7,1,1,1,-1,-1,-1,0,-1,-1,-4,2,-1,0
6732,pad,2,2,2,1,1,1,-2,2,5,-1,-1,-2,-3,1,-3,-4
6733,pad,1,1,1,1,1,1,-2,5,-1,-4,-2,-1,-1,-1,-1,-2
6734,pad,4,4,4,1,1,1,-5,-1,-3,-4,5,-2,-3,-2,-1,-2
6735,pad,8,8,8,1,1,1,0,-2,-2,-1,-2,2,1,-3,4,-2
6736,pad,3,3,3,1,1,1,-1,-2,-2,6,-5,2,-3,-3,2,0
6737,pad,4,4,4,1,1,1,-3,0,-2,-5,5,-2,-1,-2,-2,-1
6738,pad,4,4,4,1,1,1,-4,-1,-3,-4,7,-3,-4,-1,-3,-2
6739,pad,3,3,3,1,1,1,0,-2,0,4,-4,-1,-3,-1,1,-1
6740,pad,9,9,9,1,1,1,1,-2,-3,0,0,-1,-1,0,0,2
6741,pad,7,7,7,1,1,1,-3,0,-2,-2,0,-1,-4,3,-1,0
6742,pad,4,4,4,1,1,1,-3,0,0,-3,5,-3,-3,-1,-3,-2
6743,pad,1,1,1,1,1,1,-1,4,-1,-3,-3,0,-1,-1,0,-2
6744,pad,2,2,2,1,1,1,-3,1,3,-1,-2,-2,-3,1,0,-3
6745,pad,3,3,3,1,1,1,-2,-2,-2,5,-4,3,-3,-2,0,1
6746,pad,5,5,5,1,1,1,-1,-1,0,1,-2,2,-1,-1,0,0
6747,pad,9,9,9,1,1,1,-1,-2,-3,-1,0,-1,-4,-1,0,3
6748,pad,1,1,1,1,1,1,-3,5,-2,-4,-1,0,0,-1,-1,-2
6749,pad,6,6,6,1,1,1,0,-2,-3,-2,-2,3,4,-3,1,-1
6750,pad,0,0,0,1,1,1,4,-2,-3,0,-1,0,1,-2,0,0
6751,pad,1,1,1,1,1,1,-2,4,-2,-3,-2,-1,-1,0,-1,-2
6752,pad,0,0,0,1,1,1,4,-3,-2,-1,-1,-1,2,-2,-1,0
6753,pad,0,0,0,1,1,1,4,-3,-2,-1,-2,-1,1,-1,0,1
6754,pad,2,2,2,1,1,1,-1,1,6,0,-3,-2,-1,0,-2,-6
6755,pad,8,8,8,1,1,1,0,-2,-1,1,-1,0,-3,-1,2,1
6756,pad,7,7,7,1,1,1,-1,-1,-2,0,-1,-1,-5,2,0,1
6757,pad,1,1,1,1,1,1,-1,3,-1,-3,-2,-1,-1,-1,0,-2
6758,pad,1,1,1,1,1,1,-2,4,-1,-3,-2,-1,-2,0,-1,-2
6759,pad,4,4,4,1,1,1,-4,0,-2,-4,4,-2,-3,-1,-1,-1
6760,pad,0,0,0,1,1,1,4,-3,-2,-1,-2,-2,0,-1,1,1
6761,pad,4,4,4,1,1,1,-3,-1,-2,-3,4,-1,-1,-1,-2,-1
6762,pad,7,7,7,1,1,1,-1,-1,0,1,-1,0,-4,2,-1,0
6763,pad,3,3,3,1,1,1,-1,-2,-2,5,-5,2,-4,-2,1,1
6764,pad,6,6,5,1,0,0,0,-1,-2,-3,0,3,3,-4,-1,-2
6765,pad,8,8,8,1,1,1,-2,0,1,0,-1,0,0,-1,2,-2
6766,pad,0,0,0,1,1,1,4,-3,-1,-1,-1,-1,1,-1,-1,-1
6767,pad,3,3,3,1,1,1,-3,-2,-1,6,-6,2,-4,-1,1,-1
6768,pad,7,7,7,1,1,1,-1,0,0,0,-2,-1,-3,2,0,-1
6769,pad,4,4,4,1,1,1,-4,0,-3,-4,3,-1,-1,-2,1,0
6770,pad,0,0,0,1,1,1,6,-4,-1,-2,-2,-1,2,-2,-1,-1
6771,pad,6,6,6,1,1,1,1,-1,-1,-2,-1,1,4,-4,-2,-3
6772,pad,9,9,9,1,1,1,-1,-1,-2,0,0,-2,-3,1,-1,3
6773,pad,2,2,2,1,1,1,-1,0,5,0,-2,-3,-3,1,-1,-4
6774,pad,6,6,6,1,1,1,1,-1,-2,-3,-1,2,4,-4,0,-1
6775,pad,5,5,5,1,1,1,-1,-1,-1,1,-2,3,-2,-1,0,1
6776,pad,8,8,8,1,1,1,-2,-1,-1,-2,-1,1,0,-3,5,0
6777,pad,6,6,6,1,1,1,1,-2,-3,-3,-2,2,5,-4,1,-1
6778,pad,9,9,9,1,1,1,-2,-2,-4,-1,1,-2,-5,-1,-1,4
6779,pad,0,0,0,1,1,1,4,-3,-2,-2,-1,-1,2,-1,-1,-1
6780,pad,4,4,4,1,1,1,-3,-1,-2,-3,3,-2,-3,0,0,1
6781,pad,0,0,0,1,1,1,5,-3,-2,-2,-1,-1,2,-2,-1,-1
6782,pad,6,6,6,1,1,1,1,-2,-3,-3,-2,3,5,-4,0,-2
6783,pad,1,6,6,0,0,1,0,1,-1,-2,0,0,2,-2,0,-1
6784,pad,9,9,9,1,1,1,-2,-2,-3,-1,1,-2,-4,-1,0,4
6785,pad,2,2,2,1,1,1,-2,0,2,-1,-1,-2,-3,1,-1,-2
6786,pad,0,0,0,1,1,1,5,-3,-1,-2,-2,-1,1,-2,0,-1
6787,pad,9,9,9,1,1,1,-2,-1,-3,-2,1,-1,-3,-1,-1,4
6788,pad,5,5,5,1,1,1,-3,0,-1,1,-1,2,-2,0,0,-1
6789,pad,1,1,1,1,1,1,-2,4,-2,-4,-1,-1,0,-1,0,-2
6790,pad,3,3,3,1,1,1,0,-1,0,3,-4,0,-3,0,0,0
6791,pad,7,7,7,1,1,1,-2,-1,-2,0,0,-1,-5,3,-1,1
6792,pad,6,6,6,1,1,1,1,-1,-2,-3,-2,2,5,-4,0,-2
6793,pad,9,9,9,1,1,1,-2,-1,-4,-3,1,-1,-4,-1,-1,4
6794,pad,3,3,3,1,1,1,-3,-1,-1,6,-5,1,-3,-1,1,-2
6795,pad,0,0,0,1,1,1,4,-3,-2,-2,-1,0,1,-1,-1,0
6796,pad,2,2,2,1,1,1,0,1,4,0,-2,-1,-2,0,-1,-3
6797,pad,2,2,2,1,1,1,-1,1,5,0,-2,-2,-2,1,-2,-4
6798,pad,0,0,0,1,1,1,5,-2,-1,0,-3,1,1,-2,-1,0
6799,pad,1,1,1,1,1,1,-3,5,-2,-4,-1,-1,-2,0,-2,-1
6800,pad,2,2,2,1,1,1,0,1,6,-1,-3,-3,0,0,-2,-5
6801,pad,3,3,3,1,1,1,-2,-1,-1,5,-3,2,-2,-1,-1,-1
6802,pad,4,4,4,1,1,1,-4,0,-2,-4,5,-4,-4,0,-3,-2
6803,pad,5,5,5,1,1,1,-3,-2,-3,1,-3,7,-1,-2,-1,1
6804,pad,6,6,6,1,1,1,-1,-1,-2,-2,0,1,5,-2,0,-3
6805,pad,7,7,7,1,1,1,-1,0,1,0,-1,-1,-4,3,-1,0
6806,pad,8,8,8,1,1,1,0,-1,0,1,-2,-1,-1,-2,4,-1
6807,pad,9,9,4,1,0,0,-3,-1,-2,-2,2,-2,-3,0,0,2
6808,pad,0,0,0,1,1,1,4,-2,-1,0,-1,0,1,-1,-1,-1
6809,pad,1,1,1,1,1,1,-2,3,-1,-3,0,-1,-1,0,-1,-1
6810,pad,2,2,2,1,1,1,0,0,5,0,-3,-3,-1,1,-1,-4
6811,pad,3,3,3,1,1,1,-3,0,-1,4,-3,1,-2,0,-1,-2
6812,pad,4,4,4,1,1,1,-3,0,0,-3,4,-3,-3,1,-3,-2
6813,pad,5,5,5,1,1,1,-3,-1,-1,0,-2,5,0,-1,1,1
6814,pad,6,6,6,1,1,1,-1,-1,-2,-2,0,1,5,-2,-1,-3
6815,pad,7,7,7,1,1,1,-2,0,0,0,0,-2,-5,4,-1,0
6816,pad,8,8,8,1,1,1,-1,-2,-1,0,-2,0,0,-3,5,-1
6817,pad,9,9,9,1,1,1,-2,-2,-2,-1,1,-2,-4,-1,1,3
6818,pad,0,0,0,1,1,1,3,0,0,0,-2,1,0,-1,0,-2
6819,pad,1,1,1,1,1,1,-4,5,-2,-3,-1,-1,-2,1,-2,0
6820,pad,2,2,2,1,1,1,-1,1,6,0,-3,-3,-1,0,-2,-5
6821,pad,3,3,3,1,1,1,-2,-1,-2,6,-4,3,-2,-1,0,-1
6822,pad,4,4,4,1,1,1,-4,0,-1,-3,5,-3,-4,0,-3,-2
6823,pad,5,5,5,1,1,1,-3,-2,-4,0,-2,7,0,-2,0,1
6824,pad,6,6,6,1,1,1,-1,-1,-2,-3,0,1,5,-3,0,-2
6825,pad,7,7,7,1,1,1,-2,1,0,0,0,-2,-4,4,-1,-1
6826,pad,8,8,8,1,1,1,-1,-2,-2,0,-1,0,-1,-3,5,0
6827,pad,9,9,9,1,1,1,-3,-1,-2,-2,1,-1,-4,-1,0,4
6828,pad,2,2,2,1,1,1,0,1,6,-1,-3,-4,-2,0,-1,-5
6829,pad,1,1,1,1,1,1,-2,4,-1,-3,-1,-1,-2,0,-1,-1
6830,pad,7,7,7,1,1,1,-1,0,1,0,0,-1,-4,3,-1,0
6831,pad,2,2,2,1,1,1,0,1,7,0,-4,-5,-3,2,-2,-6
6832,pad,5,5,5,1,1,1,-3,-1,-2,1,-3,6,-1,-1,0,1
6833,pad,0,0,0,1,1,1,5,-3,-1,-1,-3,0,0,-1,-1,0
6834,pad,8,8,8,1,1,1,0,-2,-2,1,-2,0,-2,-2,5,0
6835,pad,0,0,0,1,1,1,4,-2,-2,0,-2,0,1,-1,0,0
6836,pad,2,2,2,1,1,1,0,1,5,0,-2,-3,-1,0,-2,-4
6837,pad,7,7,7,1,1,1,-2,0,1,0,-1,-1,-4,4,-1,-1
6838,pad,8,8,8,1,1,1,-1,-2,-2,0,-2,0,0,-3,5,0
6839,pad,8,8,8,1,1,1,-2,-2,-3,1,-2,1,0,-3,5,-1
6840,pad,3,3,3,1,1,1,-2,-1,-1,5,-3,2,-2,-1,-1,-1
6841,pad,0,0,0,1,1,1,4,-2,0,-1,-2,-1,-1,0,0,0
6842,pad,6,6,6,1,1,1,0,-1,-2,-2,0,1,5,-3,0,-3
6843,pad,0,0,0,1,1,1,4,-2,-2,0,-2,1,1,-1,0,0
6844,pad,2,2,2,1,1,1,0,0,5,0,-2,-3,-1,0,-1,-3
6845,pad,7,7,7,1,1,1,-1,0,1,1,-1,-1,-4,3,-1,0
6846,pad,6,6,6,1,1,1,0,-1,-1,-2,-1,2,5,-3,-1,-3
6847,pad,6,4,6,0,1,0,0,-1,-2,-2,1,0,2,-2,-1,-1
6848,pad,1,1,1,1,1,1,-3,4,-1,-2,0,-1,-2,1,-1,0
6849,pad,2,2,2,1,1,1,-1,1,6,0,-3,-4,-2,1,-2,-5
6850,pad,8,8,8,1,1,1,-1,-2,-2,0,-1,0,-1,-2,5,0
6851,pad,8,8,8,1,1,1,-1,-1,-1,0,-1,0,-1,-2,4,-1
6852,pad,7,7,7,1,1,1,-1,0,1,0,-1,-1,-3,2,-1,-1
6853,pad,7,7,7,1,1,1,-2,1,1,0,-1,-2,-5,4,-2,-1
6854,pad,4,4,4,1,1,1,-5,-1,-2,-3,5,-3,-4,0,-1,-1
6855,pad,7,7,7,1,1,1,-2,-1,-1,0,0,-1,-4,4,-1,0
6856,pad,7,7,7,1,1,1,-1,0,1,0,-1,-1,-3,2,-1,-1
6857,pad,3,3,3,1,1,1,-3,-1,-1,5,-4,1,-2,-1,1,-1
6858,pad,7,7,7,1,1,1,-2,0,-1,0,0,-1,-4,4,-1,0
6859,pad,4,4,4,1,1,1,-5,0,-2,-4,5,-3,-3,-1,-1,-1
6860,pad,5,5,5,1,1,1,-3,-1,-3,1,-3,7,-1,-1,-1,1
6861,pad,4,4,4,1,1,1,-6,-1,-2,-4,7,-3,-4,-1,-3,-1
6862,pad,3,3,3,1,1,1,-2,-1,-1,4,-3,1,-3,-1,0,0
6863,pad,3,3,3,1,1,1,-2,0,0,4,-3,1,-2,-1,0,-1
6864,pad,8,8,8,1,1,1,-1,-1,-2,0,-2,1,-1,-3,5,0
6865,pad,4,4,4,1,1,1,-4,-1,-1,-3,5,-2,-4,0,-3,-1
6866,pad,5,5,5,1,1,1,-3,-2,-4,0,-2,7,0,-2,0,1
6867,pad,4,4,4,1,1,1,-3,-1,-1,-1,3,-2,-3,0,-1,-1
6868,pad,1,1,1,1,1,1,-2,4,-2,-4,-1,0,-1,-1,-1,-1
6869,pad,1,1,1,1,1,1,-3,4,-1,-3,-1,-1,-2,0,-2,-1
6870,pad,9,9,9,1,1,1,-3,-2,-2,-2,2,-2,-4,-1,-1,5
6871,pad,7,7,7,1,1,1,-2,0,1,0,0,-1,-4,3,-1,-1
6872,pad,4,4,4,1,1,1,-2,0,-1,-3,4,-2,-1,0,-4,-1
6873,pad,3,3,3,1,1,1,-2,0,0,4,-3,1,-2,-1,0,-2
6874,pad,7,7,7,1,1,1,-2,0,1,0,0,-1,-4,3,-1,-1
6875,pad,3,3,3,1,1,1,-3,0,0,5,-4,1,-3,-1,0,-2
6876,pad,3,3,3,1,1,1,-3,0,-1,5,-3,1,-2,-1,0,-1
6877,pad,0,0,0,1,1,1,4,-2,-1,0,-1,0,0,-1,-1,0
6878,pad,2,2,2,1,1,1,-1,1,4,-1,-1,-2,0,-1,-2,-5
6879,pad,5,5,5,1,1,1,-2,-2,-3,0,-3,7,0,-2,1,1
6880,pad,5,5,5,1,1,1,-3,0,-2,0,-2,6,-1,-1,0,1
6881,pad,6,6,6,1,1,1,-1,-1,-3,-2,0,1,6,-3,0,-3
6882,pad,3,3,3,1,1,1,-2,-1,-1,5,-3,1,-2,-1,0,-1
6883,pad,1,1,1,1,1,1,-4,3,0,-1,0,0,0,0,-2,-3
6884,pad,5,5,5,1,1,1,-2,-2,-3,-1,-3,7,0,-3,1,1
6885,pad,2,2,2,1,1,1,0,1,4,0,-1,-2,-1,0,-2,-4
6886,pad,5,5,5,1,1,1,-2,-2,-3,1,-2,5,0,-2,0,1
6887,pad,9,9,9,1,1,1,-2,-2,-3,-1,1,-1,-4,-1,-1,4
6888,pad,9,9,9,1,1,1,-2,-2,-3,-1,1,-1,-4,0,-1,4
6889,pad,8,8,8,1,1,1,0,-2,-1,1,-2,-1,-2,-2,4,0
6890,pad,4,4,4,1,1,1,-4,0,-1,-3,5,-3,-3,0,-2,-3
6891,pad,1,1,1,1,1,1,-2,3,-1,-2,0,0,-2,0,-2,0
6892,pad,0,0,0,1,1,1,5,-2,-1,-1,-2,-1,0,-1,-1,0
6893,pad,6,6,6,1,1,1,-1,-2,-3,-2,-1,2,4,-2,0,-3
6894,pad,0,0,0,1,1,1,2,0,1,1,-3,-1,-1,0,0,-2
6895,pad,9,9,9,1,1,1,-2,0,-1,-1,1,-1,-3,0,-1,2
6896,pad,6,6,6,1,1,1,-1,-1,-3,-2,1,0,5,-2,-1,-3
6897,pad,8,8,8,1,1,1,0,-2,-1,-1,-2,0,-1,-3,6,0
6898,pad,8,8,8,1,1,1,0,-2,-1,0,-1,-1,-1,-2,4,0
6899,pad,5,5,5,1,1,1,-2,-1,-3,0,-2,4,0,-2,1,1
6900,pad,6,6,6,1,1,1,0,-1,-2,-1,0,1,4,-2,0,-2
6901,pad,1,1,1,1,1,1,-3,3,-1,-2,-1,0,-2,0,-1,-1
6902,pad,1,1,1,1,1,1,-3,3,-1,-2,0,-1,-2,1,-2,-1
6903,pad,9,9,9,1,1,1,-2,-2,-2,0,0,-1,-4,0,-1,3
6904,pad,8,8,8,1,1,1,-1,-2,-1,0,-2,0,-2,-3,4,0
6905,pad,9,9,9,1,1,1,-2,-1,-2,-1,0,0,-3,-1,-1,3
6906,pad,2,2,2,1,1,1,1,1,3,-1,-1,-1,0,-1,-3,-4
6907,pad,3,3,3,1,1,1,-3,-1,-1,5,-4,2,-2,-1,0,-1
6908,pad,5,5,5,1,1,1,-2,-1,-2,0,-3,7,0,-3,1,1
6909,pad,5,5,5,1,1,1,-1,-1,-1,-1,-2,4,0,-1,1,1
6910,pad,9,9,9,1,1,1,-1,-1,-3,1,-1,0,-3,0,-1,3
6911,pad,4,4,4,1,1,1,-5,-1,-2,-4,6,-3,-3,-1,-3,-2
6912,pad,2,2,2,1,1,1,0,1,4,0,-2,-1,-1,0,-2,-4
6913,pad,1,1,1,1,1,1,-3,4,-1,-3,0,-1,-2,0,-1,0
6914,pad,9,9,9,1,1,1,-3,0,-2,-2,1,-2,-3,-1,0,2
6915,pad,4,4,4,1,1,1,-3,0,0,-3,4,-2,-3,0,-3,-1
6916,pad,9,9,9,1,1,1,-1,-2,-2,-1,0,-1,-3,-1,0,3
6917,pad,1,1,1,1,1,1,-3,4,-2,-3,0,0,-2,0,-1,0
6918,pad,3,3,3,1,1,1,-3,0,-1,5,-3,1,-2,-1,0,0
6919,pad,9,9,9,1,1,1,-2,-1,-2,0,0,-1,-3,0,0,2
6920,pad,2,2,2,1,1,1,0,1,6,0,-3,-3,-1,0,-2,-5
6921,pad,0,0,0,1,1,1,5,-3,-1,-1,-2,-1,0,-1,-1,0
6922,pad,6,6,6,1,1,1,-1,-1,-2,-1,0,0,3,-2,0,-1
6923,pad,0,0,0,1,1,1,5,-2,-1,-1,-3,0,-1,0,-1,-1
6924,pad,4,4,4,1,1,1,-3,0,-1,-2,3,-2,-3,1,-2,0
6925,pad,0,0,0,1,1,1,4,-2,-1,-2,-3,0,-1,0,1,-2
6926,pad,6,4,4,0,0,1,-1,-1,-1,-2,1,0,1,-1,0,-1
6927,pad,0,0,0,1,1,1,6,-3,-2,-2,-3,-1,0,-1,-1,-1
6928,pad,1,1,1,1,1,1,-2,4,-1,-3,-1,-1,-2,0,-1,-1
6929,pad,2,2,2,1,1,1,-2,1,4,1,-3,-1,0,-1,0,-5
6930,pad,3,3,3,1,1,1,-2,-1,0,5,-4,1,-3,-1,1,-1
6931,pad,4,4,4,1,1,1,-4,0,-2,-4,5,-3,-4,0,-3,0
6932,pad,5,5,5,1,1,1,-3,-2,-3,1,-3,7,-1,-2,0,1
6933,pad,6,6,6,1,1,1,-1,-1,-3,-3,1,1,6,-3,-2,-3
6934,pad,7,7,7,1,1,1,-2,0,-1,0,-1,-1,-4,4,-1,-1
6935,pad,8,8,8,1,1,1,0,-2,-2,0,-3,0,-1,-3,6,-1
6936,pad,9,9,9,1,1,1,-2,-2,-2,-1,1,-1,-4,0,-1,4
6937,pad,0,0,0,1,1,1,4,-3,-2,-1,-1,-1,1,-1,-1,0
6938,pad,1,1,1,1,1,1,-2,4,-1,-2,-1,-1,-2,0,-1,-1
6939,pad,2,2,2,1,1,1,-1,1,4,-1,-1,-2,-2,-1,-1,-2
6940,pad,3,3,3,1,1,1,-2,-1,-1,5,-4,2,-3,-1,-1,0
6941,pad,4,4,4,1,1,1,-5,-1,-2,-4,6,-2,-5,-1,-3,-1
6942,pad,5,5,5,1,1,1,-2,-2,-3,2,-2,5,0,-2,0,0
6943,pad,6,6,6,1,1,1,1,-1,-2,-3,0,1,5,-3,-2,-3
6944,pad,7,7,7,1,1,1,0,-1,-1,0,-1,0,-4,4,-1,-1
6945,pad,8,8,8,1,1,1,-1,-2,-2,-1,0,0,-1,-1,4,-1
6946,pad,9,9,9,1,1,1,-2,-2,-3,0,1,-1,-5,0,-1,4
6947,pad,0,0,0,1,1,1,4,-3,-1,-1,-1,-1,1,-1,0,0
6948,pad,1,1,1,1,1,1,-2,4,-2,-3,-1,-1,-1,0,-1,-1
6949,pad,2,2,2,1,1,1,-2,1,5,0,-2,-3,-2,-1,0,-4
6950,pad,3,3,3,1,1,1,-1,-2,0,5,-5,0,-4,-1,1,1
6951,pad,4,4,4,1,1,1,-4,-1,-2,-3,4,-2,-3,-1,-1,0
6952,pad,5,5,5,1,1,1,-1,-2,-3,1,-2,5,0,-2,-1,0
6953,pad,6,6,6,1,1,1,0,-2,-3,-3,0,2,6,-3,-1,-4
6954,pad,7,7,7,1,1,1,0,-1,0,1,-1,-1,-3,2,0,0
6955,pad,8,8,8,1,1,1,-1,-2,-2,-1,-2,0,-1,-3,6,-1
6956,pad,9,9,9,1,1,1,-2,-3,-3,-1,1,-1,-4,0,0,4
6957,pad,3,3,3,1,1,1,-1,-2,-2,6,-5,1,-3,-2,1,1
6958,pad,8,8,8,1,1,1,-1,-2,-1,0,-1,0,0,-3,5,-1
6959,pad,0,0,0,1,1,1,5,-2,-2,-1,-2,0,1,-1,-1,-1
6960,pad,7,7,7,1,1,1,-2,0,0,0,-1,-1,-5,4,-1,-1
6961,pad,1,1,1,1,1,1,-3,5,-1,-4,-1,-1,-3,1,-2,-1
6962,pad,0,0,0,1,1,1,4,-2,-2,-1,-1,0,1,-2,-1,-1
6963,pad,7,7,7,1,1,1,-2,0,0,0,-1,-1,-4,3,0,0
6964,pad,5,5,5,1,1,1,-1,-3,-4,1,-3,6,-1,-2,0,1
6965,pad,5,5,5,1,1,1,-3,-2,-3,1,-3,7,-1,-2,1,2
6966,pad,6,6,6,1,1,1,0,-1,-3,-3,0,1,5,-3,-2,-3
6967,pad,9,9,9,1,1,1,-1,-2,-3,-1,0,-1,-4,-1,0,3
6968,pad,0,0,0,1,1,1,4,-3,-1,-1,-2,-1,1,-1,-1,0
6969,pad,1,1,1,1,1,1,-1,4,0,-3,-2,-1,0,-1,-1,-3
6970,pad,0,0,0,1,1,1,4,-2,-1,-2,-1,-1,1,0,-1,-1
6971,pad,0,0,0,1,1,1,4,-3,-1,-2,-2,0,0,-1,0,-1
6972,pad,8,8,8,1,1,1,-1,-3,-2,0,-2,0,-1,-3,6,0
6973,pad,3,3,3,1,1,1,-3,-1,-2,7,-6,2,-4,-2,0,-1
6974,pad,4,4,4,1,1,1,-4,0,-2,-4,5,-2,-3,-1,-2,0
6975,pad,3,3,3,1,1,1,-1,-2,0,4,-4,0,-3,-1,1,0
6976,pad,1,1,1,1,1,1,-2,4,0,-3,-1,-1,-1,0,-1,-3
6977,pad,5,5,5,1,1,1,-2,-2,-4,1,-3,7,0,-2,0,0
6978,pad,0,0,0,1,1,1,4,-2,-1,-1,-2,0,1,-1,-1,-1
6979,pad,0,0,0,1,1,1,4,-2,-1,-1,-2,0,1,-1,-1,-1
6980,pad,9,9,9,1,1,1,-2,-1,-3,-1,1,-1,-5,0,-2,3
6981,pad,5,5,5,1,1,1,-1,-2,-3,1,-2,5,0,-1,0,0
6982,pad,3,3,3,1,1,1,-2,-1,-1,5,-4,1,-3,-1,0,-1
6983,pad,4,4,4,1,1,1,-3,0,-2,-2,3,-2,-3,0,-1,1
6984,pad,9,9,9,1,1,1,-1,-2,-2,0,0,-1,-4,0,-1,4
6985,pad,3,3,3,1,1,1,-2,-2,-2,7,-6,2,-4,-2,1,0
6986,pad,7,7,7,1,1,1,-1,-1,-1,0,-1,0,-3,2,0,0
6987,pad,6,6,6,1,1,1,-1,-1,-2,-2,0,1,5,-3,-1,-3
6988,pad,9,9,9,1,1,1,-3,-1,-3,-2,2,-2,-5,0,-1,4
6989,pad,2,2,2,1,1,1,-2,1,5,-1,-1,-3,-1,-2,0,-3
6990,pad,4,4,4,1,1,1,-4,-1,-2,-1,3,0,-2,0,-1,-1
6991,pad,5,5,5,1,1,1,-2,-2,-3,1,-3,6,1,-3,0,0
6992,pad,7,7,7,1,1,1,-2,-1,-1,0,0,-1,-5,4,-1,0
6993,pad,2,2,2,1,1,1,-2,1,6,0,-1,-3,-2,-1,-1,-4
6994,pad,6,6,6,1,1,1,1,-1,-2,-1,-1,2,5,-4,0,-4
6995,pad,4,4,4,1,1,1,-4,0,-2,-3,4,-2,-2,-1,-1,-1
6996,pad,9,9,9,1,1,1,-1,-2,-2,0,0,-1,-3,-1,0,3
6997,pad,4,4,4,1,1,1,-4,0,-3,-3,3,-2,-3,-1,-1,1
6998,pad,9,9,9,1,1,1,-2,-2,-3,0,0,-1,-4,-1,-1,4
6999,pad,4,4,4,1,1,1,-3,0,-2,-3,3,-1,-1,-1,-1,-1
7000,pad,1,1,1,1,1,1,-2,3,-1,-3,-1,0,-1,-1,-1,-2
7001,pad,2,2,2,1,1,1,-1,0,2,0,-1,-1,0,-1,0,-3
7002,pad,2,2,2,1,1,1,-1,0,4,1,-3,-2,0,-1,0,-4
7003,pad,5,5,5,1,1,1,-2,-2,-3,1,-3,6,0,-2,0,1
7004,pad,8,8,8,1,1,1,-1,-2,-3,1,-3,1,-2,-3,5,0
7005,pad,1,1,1,1,1,1,-2,4,-1,-3,-1,-1,0,-1,-1,-2
7006,pad,3,3,3,1,1,1,-3,-1,-1,7,-5,1,-4,-1,0,0
7007,pad,2,2,2,1,1,1,-1,1,6,0,-2,-3,-2,-1,-2,-5
7008,pad,9,9,9,1,1,1,-1,-2,-3,0,0,-1,-3,-1,-1,4
7009,pad,4,4,4,1,1,1,-3,-1,-1,-2,4,-2,-3,-1,-1,0
7010,pad,3,3,3,1,1,1,-3,-1,-1,6,-5,1,-3,-2,1,0
7011,pad,8,8,8,1,1,1,-1,-3,-1,0,-2,-1,-2,-3,7,-1
7012,pad,2,2,2,1,1,1,-1,1,5,0,-2,-3,-2,-1,0,-3
7013,pad,2,2,2,1,1,1,-2,1,6,-1,-2,-2,-1,-1,-1,-4
7014,pad,1,1,1,1,1,1,-2,4,-2,-3,-1,-1,-1,-1,0,-1
7015,pad,2,2,2,1,1,1,-1,0,5,0,-2,-2,-1,-1,-1,-4
7016,pad,8,8,8,1,1,1,0,-1,-2,0,-2,1,0,-3,4,-1
7017,pad,6,6,6,1,1,1,-1,0,-2,-2,0,1,5,-3,-2,-4
7018,pad,5,5,5,1,1,1,-2,-2,-3,0,-2,7,0,-2,0,1
7019,pad,1,1,1,1,1,1,-3,4,-1,-3,0,-2,-2,0,-2,-1
7020,pad,6,6,6,1,1,1,-2,-1,-2,-1,0,1,5,-3,0,-4
7021,pad,7,7,7,1,1,1,-1,-1,0,0,-1,0,-3,2,-1,1
7022,pad,2,2,2,1,1,1,-1,1,5,1,-2,-3,-2,0,-1,-4
7023,pad,1,1,1,1,1,1,-2,4,0,-3,-1,-1,-2,1,-1,-3
7024,pad,3,3,3,1,1,1,-2,-1,-1,6,-5,2,-3,-1,0,0
7025,pad,9,9,9,1,1,1,-2,-2,-3,-1,0,-2,-4,-1,0,4
7026,pad,3,3,3,1,1,1,-3,-2,-2,7,-5,3,-3,-2,0,0
7027,pad,8,8,8,1,1,1,-1,-2,-1,0,-3,0,-1,-3,6,-1
7028,pad,7,7,7,1,1,1,-1,-1,-1,0,0,-1,-4,3,-1,0
7029,pad,5,5,5,1,1,1,-3,-3,-4,2,-3,7,-1,-2,-1,1
7030,pad,7,7,7,1,1,1,-2,1,-2,-1,0,-1,-3,2,-1,1
7031,pad,0,0,0,1,1,1,5,-3,-1,-2,-3,-1,0,-1,0,-1
7032,pad,7,7,7,1,1,1,0,0,0,0,-1,-1,-3,3,-1,-1
7033,pad,4,4,4,1,1,1,-3,0,-2,-2,3,-2,-2,0,-2,0
7034,pad,8,8,8,1,1,1,-1,-2,-2,1,-3,1,-1,-3,6,-1
7035,pad,8,8,8,1,1,1,-1,-1,-1,0,-2,0,-1,-2,4,0
7036,pad,5,5,5,1,1,1,-2,-2,-2,-1,-3,7,1,-3,1,1
7037,pad,0,0,0,1,1,1,4,-2,-1,-2,-1,-1,1,-1,-2,0
7038,pad,6,6,6,1,1,1,0,-1,-3,-2,-1,1,5,-3,-1,-3
7039,pad,6,6,6,1,1,1,0,-1,-3,-2,0,1,5,-3,-1,-3
7040,pad,3,3,3,1,1,1,-2,-2,-2,7,-5,2,-3,-2,0,0
7041,pad,7,7,7,1,1,1,-2,0,-1,0,-1,0,-4,3,-1,-1
7042,pad,6,6,6,1,1,1,0,-1,-2,-2,-1,1,6,-4,-1,-4
7043,pad,9,9,9,1,1,1,0,-2,-2,1,-1,0,-4,0,-1,3
7044,pad,9,9,9,1,1,1,-1,-1,-2,0,0,-1,-3,0,-1,2
7045,pad,4,4,4,1,1,1,-3,0,-3,-3,4,-2,-3,0,-2,0
7046,pad,8,8,8,1,1,1,0,-2,-2,0,-2,0,-1,-3,5,0
7047,pad,4,4,4,1,1,1,-3,-1,-2,-2,4,-1,-3,0,-2,0
7048,pad,1,1,1,1,1,1,-2,4,-1,-3,-2,-1,-1,-1,-1,-2
7049,pad,0,0,0,1,1,1,3,-2,-1,-1,-1,0,1,-1,-1,0
7050,pad,6,6,6,1,1,1,1,-1,-2,-2,-1,2,5,-4,-1,-3
7051,pad,6,6,6,1,1,1,0,-1,-1,-2,-2,1,4,-4,-1,-4
7052,pad,0,0,0,1,1,1,5,-3,-1,-2,-3,-1,1,-1,-1,-1
7053,pad,1,1,1,1,1,1,-2,5,-2,-4,-2,-1,0,0,-1,-3
7054,pad,2,2,2,1,1,1,-1,1,4,0,-2,-2,-2,1,-1,-3
7055,pad,3,3,3,1,1,1,-3,-1,-1,6,-5,0,-3,-1,1,-1
7056,pad,4,4,4,1,1,1,-4,0,-2,-2,3,-1,-2,-1,-1,-2
7057,pad,5,5,5,1,1,1,-1,-2,-2,0,-2,4,-1,-2,0,1
7058,pad,6,6,6,1,1,1,0,-2,-3,-2,0,2,4,-3,-1,-1
7059,pad,7,7,7,1,1,1,-2,-1,-1,0,0,-1,-6,4,-1,0
7060,pad,8,8,8,1,1,1,-1,-2,-2,0,-2,1,-1,-3,4,0
7061,pad,9,9,9,1,1,1,-1,-1,-3,-1,0,-1,-4,0,-1,3
7062,pad,0,0,0,1,1,1,5,-3,-1,-3,-2,-1,1,-1,0,-1
7063,pad,1,1,1,1,1,1,-2,4,-1,-3,-2,-1,-2,0,-1,-2
7064,pad,2,2,2,1,1,1,-2,2,5,1,-3,-2,-1,0,-2,-6
7065,pad,3,3,3,1,1,1,-2,-2,-2,6,-5,2,-3,-2,1,0
7066,pad,4,4,4,1,1,1,-5,0,-2,-4,6,-2,-3,-1,-2,-3
7067,pad,5,5,5,1,1,1,-2,-2,-3,-1,-2,7,0,-2,0,1
7068,pad,6,6,6,1,1,1,0,-1,-2,-2,-1,2,5,-4,-1,-2
7069,pad,7,7,7,1,1,1,-2,-1,-1,0,0,-1,-5,4,0,0
7070,pad,8,8,8,1,1,1,-1,-2,-1,0,-2,0,0,-2,4,-1
7071,pad,9,9,9,1,1,1,-2,-2,-2,-1,1,-2,-4,0,-1,3
7072,pad,0,0,0,1,1,1,5,-3,-1,-2,-2,-1,1,-2,-1,0
7073,pad,1,1,1,1,1,1,-2,4,-1,-3,-1,-1,-2,0,-1,-2
7074,pad,2,2,2,1,1,1,-1,1,4,0,-2,-3,-2,1,-2,-4
7075,pad,3,3,3,1,1,1,-4,-1,-1,7,-5,2,-3,-1,0,-1
7076,pad,4,4,4,1,1,1,-5,0,-3,-4,5,-3,-3,-1,-2,-2
7077,pad,5,5,5,1,1,1,-1,-1,-1,-1,-2,5,0,-2,1,0
7078,pad,6,6,6,1,1,1,0,-1,-3,-2,0,1,5,-3,-1,-2
7079,pad,7,7,7,1,1,1,-3,-1,-1,0,-1,-1,-6,4,-1,0
7080,pad,8,8,8,1,1,1,0,-2,-2,1,-3,0,-1,-3,5,-1
7081,pad,9,9,9,1,1,1,-1,-2,-3,-1,1,-1,-3,0,-2,2
7082,pad,7,7,7,1,1,1,-3,1,0,0,0,-2,-6,5,-2,-1
7083,pad,4,4,4,1,1,1,-4,0,-2,-3,4,-2,-3,-1,-2,0
7084,pad,0,0,0,1,1,1,4,-2,-2,-2,-2,0,1,-2,-1,0
7085,pad,4,4,4,1,1,1,-4,-1,-1,-2,4,-2,-4,0,-2,-1
7086,pad,0,0,0,1,1,1,5,-3,-2,-2,-3,-1,1,-2,-1,-1
7087,pad,1,1,1,1,1,1,-2,3,0,-3,-1,0,-1,0,-1,-1
7088,pad,7,7,7,1,1,1,-3,0,0,0,0,-1,-5,4,-1,0
7089,pad,9,9,9,1,1,1,-1,-2,-2,0,0,-1,-4,1,-2,3
7090,pad,5,5,5,1,1,1,-2,-1,-3,-1,-2,6,0,-2,1,1
7091,pad,1,1,1,1,1,1,-2,3,0,-3,-2,-1,-2,-1,0,-2
7092,pad,4,4,4,1,1,1,-5,0,-1,-4,6,-2,-3,-1,-3,-3
7093,pad,2,2,2,1,1,1,-1,1,5,0,-2,-3,-2,1,-2,-4
7094,pad,8,9,8,0,1,0,-2,-2,-2,-1,0,0,-2,-2,2,2
7095,pad,9,9,9,1,1,1,-1,-1,-3,0,0,-1,-3,-1,-1,3
7096,pad,4,4,4,1,1,1,-6,-1,-3,-4,6,-2,-3,-2,-1,-2
7097,pad,3,3,3,1,1,1,-1,-2,-1,5,-5,1,-3,-2,1,0
7098,pad,7,7,7,1,1,1,-2,-1,-1,1,0,-1,-5,3,-1,0
7099,pad,8,8,8,1,1,1,-1,-2,-2,0,-2,2,0,-3,4,-1
7100,pad,2,2,2,1,1,1,-1,1,5,0,-3,-2,-1,0,-2,-5
7101,pad,4,4,4,1,1,1,-4,-1,-2,-2,4,-1,-3,-1,-1,-1
7102,pad,4,4,4,1,1,1,-3,-1,-2,-2,4,-1,-3,-1,-1,0
7103,pad,3,3,3,1,1,1,-3,-1,-1,6,-5,2,-3,-1,0,-1
7104,pad,3,3,3,1,1,1,-3,-1,0,5,-4,1,-3,-1,0,-2
7105,pad,6,6,6,1,1,1,1,-1,-3,-3,-1,2,6,-4,-2,-3
7106,pad,9,9,9,1,1,1,-2,-1,-2,0,0,-1,-3,-1,-1,3
7107,pad,9,9,9,1,1,1,-1,-2,-3,0,0,-1,-3,0,0,3
7108,pad,5,5,5,1,1,1,-1,-1,-1,0,-2,5,-1,-2,0,1
7109,pad,8,8,8,1,1,1,-1,-2,-2,0,-3,1,-1,-3,5,0
7110,pad,6,6,6,1,1,1,0,-1,-2,-2,-1,1,6,-4,-1,-3
7111,pad,7,7,7,1,1,1,-2,0,-1,1,-1,0,-4,3,-1,-1
7112,pad,0,0,0,1,1,1,5,-2,-2,-2,-2,0,1,-2,-1,-1
7113,pad,6,6,6,1,1,1,0,-1,-4,-3,0,2,5,-4,0,-1
7114,pad,8,8,8,1,1,1,-1,-3,-2,1,-4,0,-2,-4,7,0
7115,pad,2,2,2,1,1,1,-2,2,5,0,-2,-2,-1,0,-2,-5
7116,pad,6,6,6,1,1,1,0,-1,-3,-3,-1,1,6,-4,-1,-2
7117,pad,3,3,3,1,1,1,-4,-1,-1,7,-6,1,-4,-2,1,-1
7118,pad,9,9,9,1,1,1,-1,-1,-2,-1,1,-1,-3,0,-1,2
7119,pad,3,3,3,1,1,1,-4,-1,-2,7,-7,3,-4,-2,1,-1
7120,pad,2,2,2,1,1,1,-1,1,5,0,-2,-2,-1,0,-2,-5
7121,pad,8,8,9,1,0,0,-1,-1,-1,-1,0,0,-2,-2,1,2
7122,pad,6,6,6,1,1,1,1,-1,-3,-1,0,1,4,-2,0,-3
7123,pad,1,1,1,1,1,1,-1,4,-1,-3,-2,-1,-1,-1,-1,-2
7124,pad,7,7,7,1,1,1,-3,-1,0,1,-1,-1,-5,3,-1,0
7125,pad,4,4,4,1,1,1,-4,0,-1,-3,4,-2,-3,0,-2,-1
7126,pad,8,8,8,1,1,1,-1,-2,-2,0,-2,0,-2,-3,5,1
7127,pad,8,8,8,1,1,1,-1,-1,-1,-1,0,0,0,-2,3,0
7128,pad,9,9,9,1,1,1,-2,-1,-2,-1,1,-1,-4,0,-1,2
7129,pad,0,0,0,1,1,1,6,-3,-1,-3,-3,-1,0,-1,-1,-2
7130,pad,3,3,3,1,1,1,-2,-2,-1,6,-5,1,-3,-1,1,0
7131,pad,3,3,3,1,1,1,-2,-2,-2,6,-6,2,-4,-2,2,0
7132,pad,9,9,9,1,1,1,-1,-2,-3,-1,1,-1,-4,0,-2,4
7133,pad,0,0,0,1,1,1,4,-2,-1,-1,-2,-1,1,-2,-1,0
7134,pad,5,5,5,1,1,1,-2,-1,-2,0,-2,5,0,-2,1,1
7135,pad,2,2,2,1,1,1,-2,2,4,1,-3,0,-1,0,-1,-5
7136,pad,9,9,9,1,1,1,-2,-2,-3,-1,1,-2,-5,0,-2,3
7137,pad,4,4,4,1,1,1,-4,-1,-2,-4,5,-2,-3,-1,-2,-1
7138,pad,1,1,1,1,1,1,-2,4,-1,-3,-1,-1,-1,0,-1,-2
7139,pad,0,0,0,1,1,1,5,-2,-2,-2,-3,0,1,-2,0,-1
7140,pad,3,3,3,1,1,1,-3,-1,-1,5,-4,2,-3,-1,0,-1
7141,pad,7,7,7,1,1,1,-3,-1,0,1,0,-1,-5,4,-1,-1
7142,pad,5,5,5,1,1,1,-2,-2,-2,0,-1,5,-1,-3,1,2
7143,pad,8,8,8,1,1,1,-1,-1,-1,0,-2,0,-1,-2,3,-1
7144,pad,7,7,7,1,1,1,-2,-1,0,0,0,-1,-5,4,-1,-1
7145,pad,7,7,7,1,1,1,-2,-1,-1,0,0,-1,-5,3,-1,0
7146,pad,8,8,8,1,1,1,-1,-2,-1,0,-2,0,-1,-3,5,0
7147,pad,2,2,2,1,1,1,-1,0,5,1,-3,-3,-1,0,-1,-5
7148,pad,9,9,9,1,1,1,-1,-2,-2,-1,1,-1,-4,0,0,3
7149,pad,7,7,7,1,1,1,-3,-1,-1,1,-1,0,-6,3,-1,0
7150,pad,1,1,1,1,1,1,-2,4,-1,-3,-1,-1,-2,0,0,-2
7151,pad,2,2,2,1,1,1,-3,2,6,0,-3,-3,-2,1,-2,-6
7152,pad,6,6,6,1,1,1,0,-1,-2,-2,-1,2,5,-4,-1,-2
7153,pad,4,4,4,1,1,1,-5,-1,-3,-4,5,-2,-2,-1,-1,-2
7154,pad,2,2,2,1,1,1,-2,1,5,1,-3,-2,-2,1,-2,-5
7155,pad,5,5,5,1,1,1,-1,-1,-2,0,-2,6,0,-2,0,1
7156,pad,2,2,2,1,1,1,-2,1,5,0,-2,-2,-2,1,-2,-4
7157,pad,3,3,3,1,1,1,-4,-1,-1,5,-4,1,-3,-1,1,-2
7158,pad,6,6,6,1,1,1,0,-1,-3,-3,0,1,4,-3,-1,-2
7159,pad,6,6,6,1,1,1,0,-1,-3,-3,0,1,5,-3,-1,-2
7160,pad,5,5,5,1,1,1,-1,-2,-2,0,-2,5,0,-2,1,1
7161,pad,0,0,0,1,1,1,4,-2,-2,-3,-2,-1,1,-2,0,-1
7162,pad,0,0,0,1,1,1,3,-2,-1,-1,-2,0,1,-1,0,-2
7163,pad,2,2,2,1,1,1,-1,1,5,0,-3,-3,-2,0,-2,-5
7164,pad,8,8,8,1,1,1,-1,-2,-1,-1,-1,0,-1,-3,5,0
7165,pad,1,1,1,1,1,1,-2,3,-1,-2,-1,-1,-2,0,0,-2
7166,pad,6,6,6,1,1,1,0,-1,-3,-3,0,2,5,-4,-2,-2
7167,pad,1,1,1,1,1,1,-1,4,-1,-3,-2,-1,-1,-1,-1,-3
7168,pad,0,0,0,1,1,1,4,-3,-1,-3,-2,-1,2,-2,0,0
7169,pad,4,4,4,1,1,1,-6,-1,-3,-4,5,-2,-3,-1,-1,-2
7170,pad,3,3,3,1,1,1,-1,-2,-1,6,-6,0,-4,-2,1,0
7171,pad,1,1,1,1,1,1,-1,5,-1,-4,-2,-1,-1,-1,-1,-3
7172,pad,6,6,6,1,1,1,1,-1,-3,-3,0,2,5,-4,-2,-2
7173,pad,1,1,1,1,1,1,-2,4,-1,-3,-2,0,-1,0,0,-3
7174,pad,9,9,9,1,1,1,-2,-1,-3,-1,1,-1,-4,-1,-1,3
7175,pad,0,0,0,1,1,1,5,-3,-1,-1,-2,0,1,-1,-1,0
7176,pad,1,1,1,1,1,1,-2,3,-1,-3,0,0,-1,0,-1,-1
7177,pad,4,4,4,1,1,1,-3,0,0,-1,2,-1,-3,0,-2,-1
7178,pad,5,5,5,1,1,1,1,-2,-1,1,-2,3,-1,-1,-1,1
7179,pad,6,6,6,1,1,1,-1,-1,-1,-1,-2,2,3,-3,1,-1
7180,pad,7,7,7,1,1,1,-2,0,0,0,-1,-1,-4,4,-1,0
7181,pad,8,8,8,1,1,1,-1,-2,-1,1,-4,0,-1,-4,6,-1
7182,pad,9,9,9,1,1,1,-1,-2,-1,0,0,-1,-3,1,-1,3
7183,pad,1,1,1,1,1,1,-1,3,-1,-2,-1,0,0,0,-1,-1
7184,pad,2,2,2,1,1,1,-1,0,5,0,-3,-2,-1,-1,-1,-4
7185,pad,3,3,3,1,1,1,-2,-2,-1,5,-5,1,-3,-2,1,0
7186,pad,4,4,4,1,1,1,-4,0,-2,-3,3,-2,-3,0,-2,0
7187,pad,5,5,5,1,1,1,-1,-1,-2,1,-2,4,0,-1,-1,0
7188,pad,6,6,6,1,1,1,1,-1,-1,-2,-1,1,4,-3,0,-2
7189,pad,7,7,7,1,1,1,-1,0,0,0,0,-1,-3,2,0,0
7190,pad,0,0,0,1,1,1,4,-3,-2,0,-2,1,2,-1,-1,0
7191,pad,1,1,1,1,1,1,-2,4,-1,-3,-1,-1,-1,0,-1,-1
7192,pad,2,2,2,1,1,1,-2,0,5,2,-3,-2,-1,0,0,-4
7193,pad,3,3,3,1,1,1,-1,-2,-1,5,-4,2,-2,-2,1,0
7194,pad,4,4,4,1,1,1,-3,-1,-1,-3,3,-2,-2,-1,-2,-1
7195,pad,5,5,5,1,1,1,0,-1,-1,1,-2,2,-1,-1,0,0
7196,pad,6,6,6,1,1,1,0,-2,-2,-2,-2,2,5,-4,1,-3
7197,pad,7,7,7,1,1,1,-1,-1,-1,0,0,-1,-3,3,0,0
7198,pad,8,8,8,1,1,1,1,-2,0,1,-4,-1,-2,-2,3,0
7199,pad,9,9,9,1,1,1,-1,-3,-2,0,0,-1,-5,1,-1,4
7200,pad,8,8,8,1,1,1,0,-2,-1,1,-3,0,0,-3,4,-1
7201,pad,4,4,4,1,1,1,-4,-1,-3,-4,6,-3,-3,-1,-2,-1
7202,pad,0,0,0,1,1,1,4,-3,-1,-1,-1,0,0,-1,-1,0
7203,pad,0,0,0,1,1,1,5,-3,-1,-2,-2,0,1,-2,-1,-1
7204,pad,7,7,7,1,1,1,-2,0,0,1,-1,-1,-3,2,0,0
7205,pad,2,2,2,1,1,1,-3,1,5,1,-4,-2,-2,0,-1,-5
7206,pad,4,4,4,1,1,1,-3,0,-2,-3,4,-2,-2,-1,-2,-1
7207,pad,3,3,3,1,1,1,0,-2,0,5,-5,1,-3,-2,1,0
7208,pad,8,8,8,1,1,1,0,-2,-1,1,-2,0,-1,-1,4,-1
7209,pad,6,6,5,1,0,0,0,-2,-2,-1,-2,3,3,-4,1,-1
7210,pad,6,6,6,1,1,1,0,-1,-2,-2,-2,2,4,-4,1,-2
7211,pad,3,3,3,1,1,1,-1,-2,-2,4,-4,2,-2,-2,0,0
7212,pad,2,2,2,1,1,1,-3,1,3,0,-1,0,-2,0,-2,-4
7213,pad,6,6,6,1,1,1,0,0,0,-2,-2,1,4,-3,0,-3
7214,pad,3,3,3,1,1,1,-1,-2,0,5,-5,0,-3,-1,1,0
7215,pad,3,3,3,1,1,1,-4,-1,-2,7,-6,3,-4,-2,0,-1
7216,pad,0,6,0,0,1,0,2,-1,0,0,-2,0,2,-1,0,-2
7217,pad,1,1,1,1,1,1,-2,4,-1,-3,-1,-1,-1,0,-1,-2
7218,pad,4,4,4,1,1,1,-4,1,0,-3,3,-3,-2,-1,-2,-3
7219,pad,7,7,7,1,1,1,-1,0,-1,-1,-1,0,-4,4,-1,-1
7220,pad,8,8,8,1,1,1,0,-2,-1,2,-5,-1,-3,-2,5,-1
7221,pad,0,0,0,1,1,1,4,-3,-1,-2,-2,-1,0,0,0,0
7222,pad,3,3,3,1,1,1,-3,-1,-2,7,-6,1,-4,-2,1,0
7223,pad,1,1,1,1,1,1,-2,4,-2,-3,-1,-1,-1,0,-1,-1
7224,pad,9,9,9,1,1,1,-1,-2,-2,0,0,-1,-5,2,-1,3
7225,pad,0,0,0,1,1,1,4,-3,-2,-2,-1,-2,1,-1,-1,0
7226,pad,1,1,1,1,1,1,-2,4,-1,-3,-1,-1,-1,0,-1,-2
7227,pad,9,9,9,1,1,1,-1,-1,-2,0,0,-1,-4,1,-2,3
7228,pad,1,1,1,1,1,1,-2,3,-1,-3,-1,0,0,-1,0,-2
7229,pad,2,2,2,1,1,1,0,1,4,0,-2,-1,-1,-1,-1,-4
7230,pad,7,7,7,1,1,1,-1,-1,-1,0,-1,0,-4,3,-1,-1
7231,pad,0,0,0,1,1,1,4,-2,-1,-1,-3,0,1,-1,0,-1
7232,pad,1,1,1,1,1,1,-1,3,-1,-2,-1,-1,0,-1,0,-1
7233,pad,3,3,3,1,1,1,-1,-1,0,2,-2,1,-1,0,1,-1
7234,pad,8,8,8,1,1,1,0,-2,-1,0,-4,0,-2,-3,5,0
7235,pad,2,2,2,1,1,1,-2,1,4,1,-3,-1,-2,0,-1,-3
7236,pad,9,9,9,1,1,1,-1,-2,-3,0,1,-2,-4,0,0,3
7237,pad,2,2,2,1,1,1,0,0,4,0,-2,-2,-1,-1,-1,-3
7238,pad,7,7,7,1,1,1,-1,0,-1,0,-1,0,-3,2,0,0
7239,pad,6,6,6,1,1,1,1,-1,-1,-2,-2,1,4,-4,0,-2
7240,pad,5,5,3,1,0,0,-2,0,-1,2,-1,1,-1,0,-1,-1
7241,pad,5,5,5,1,1,1,-3,0,-1,1,-2,3,-1,0,-1,-1
7242,pad,9,9,9,1,1,1,-1,-2,-2,0,-1,-2,-5,2,-1,3
7243,pad,9,9,9,1,1,1,-1,-2,-2,0,0,-1,-4,0,-1,3
7244,pad,8,8,8,1,1,1,-1,-3,-1,2,-5,0,-2,-4,6,0
7245,pad,2,2,2,1,1,1,-1,1,4,0,-2,-1,-1,0,-1,-3
7246,pad,9,9,9,1,1,1,-1,-2,-1,1,-1,0,-4,1,-1,3
7247,pad,1,1,1,1,1,1,-2,4,-1,-3,-1,-1,-1,0,-1,-2
7248,pad,3,3,3,1,1,1,-1,-2,-1,4,-4,3,-3,-2,0,0
7249,pad,2,2,2,1,1,1,1,0,2,0,-1,0,0,-1,0,-1
7250,pad,3,3,3,1,1,1,-2,-2,-2,7,-6,3,-4,-2,0,0
7251,pad,4,4,4,1,1,1,-4,-1,-1,-4,5,-3,-3,-2,-1,-2
7252,pad,3,3,3,1,1,1,-1,-1,0,5,-4,0,-3,-1,1,-1
7253,pad,1,1,1,1,1,1,-2,5,-2,-4,-2,-1,-2,0,-1,-3
7254,pad,9,9,9,1,1,1,-1,-3,-3,1,-1,-1,-5,0,0,4
7255,pad,0,0,0,1,1,1,4,-2,-1,-1,-3,-1,0,0,0,-1
7256,pad,9,9,9,1,1,1,-2,-2,-2,0,-1,-1,-5,1,-1,4
7257,pad,3,3,3,1,1,1,-3,-2,-3,7,-5,4,-3,-2,-1,1
7258,pad,6,6,6,1,1,1,0,-2,-2,-2,-2,3,5,-5,1,-2
7259,pad,8,8,8,1,1,1,-1,-1,1,1,-3,-1,-1,-1,3,-1
7260,pad,7,7,7,1,1,1,-1,-1,-2,0,-1,0,-5,3,-1,-1
7261,pad,0,0,0,1,1,1,5,-3,-1,-2,-2,-1,1,-1,0,0
7262,pad,1,1,1,1,1,1,-2,5,-2,-4,-2,-1,-2,-1,0,-2
7263,pad,0,0,0,1,1,1,5,-3,-1,-1,-2,-1,1,-1,-1,-1
7264,pad,5,5,5,1,1,1,-1,-1,-2,1,-3,5,-1,-1,-1,1
7265,pad,8,8,8,1,1,1,0,-2,0,2,-5,-1,-3,-3,6,0
7266,pad,2,2,2,1,1,1,-1,0,4,0,-2,-2,-2,0,0,-3
7267,pad,7,7,7,1,1,1,-1,-1,-2,0,-1,0,-4,3,-1,-1
7268,pad,7,1,1,0,0,1,-1,1,-1,-1,0,0,-2,1,-1,0
7269,pad,0,0,0,1,1,1,6,-2,0,-2,-3,-1,0,-1,0,-2
7270,pad,1,1,1,1,1,1,-3,4,-1,-3,-1,0,-2,0,-1,0
7271,pad,2,2,2,1,1,1,-1,1,3,1,-2,-2,-2,0,-1,-2
7272,pad,3,3,3,1,1,1,-2,-2,-2,5,-4,2,-3,-2,1,1
7273,pad,4,4,4,1,1,1,-3,0,-1,-3,4,-2,-3,-1,-2,0
7274,pad,5,5,5,1,1,1,-3,-3,-3,0,-2,5,0,-3,1,2
7275,pad,6,6,6,1,1,1,0,0,-1,-2,-1,1,5,-4,0,-3
7276,pad,7,7,7,1,1,1,-1,0,-1,0,0,-1,-3,3,-1,-1
7277,pad,8,8,8,1,1,1,0,-1,-1,0,-2,0,-1,-2,4,0
7278,pad,9,9,9,1,1,1,-3,-1,-3,-2,1,-2,-4,-1,0,4
7279,pad,0,0,0,1,1,1,5,-2,-1,-1,-2,0,0,-1,-1,-2
7280,pad,1,1,1,1,1,1,-3,4,-2,-2,-1,0,-2,0,-1,0
7281,pad,2,2,2,1,1,1,-1,1,5,1,-3,-2,-1,0,-1,-4
7282,pad,3,3,3,1,1,1,0,-2,-1,4,-4,1,-3,-1,1,0
7283,pad,4,4,4,1,1,1,-3,-1,-1,-2,4,-2,-2,0,-2,-1
7284,pad,5,5,5,1,1,1,-1,-2,-1,1,-3,4,0,-2,1,1
7285,pad,6,6,6,1,1,1,0,-1,-3,-3,-1,2,6,-4,-2,-4
7286,pad,7,7,7,1,1,1,-2,0,-1,0,-1,-1,-4,3,-1,-1
7287,pad,8,8,8,1,1,1,1,-2,-1,0,-3,0,-2,-2,5,-1
7288,pad,9,9,9,1,1,1,-3,-1,-3,-2,1,-2,-4,-1,-1,4
7289,pad,0,0,0,1,1,1,5,-3,-2,-1,-2,-1,1,-2,0,0
7290,pad,1,1,1,1,1,1,-2,4,-1,-3,-1,-1,-2,0,-1,-2
7291,pad,2,2,2,1,1,1,-1,1,3,0,-1,-1,-1,0,0,-1
7292,pad,3,3,3,1,1,1,-1,-2,0,5,-4,1,-3,-1,1,0
7293,pad,4,4,4,1,1,1,-4,-1,-2,-4,5,-2,-3,-1,-3,0
7294,pad,5,5,5,1,1,1,-3,-2,-3,1,-2,5,-1,-2,1,1
7295,pad,6,6,6,1,1,1,0,-1,-3,-2,0,2,5,-3,-2,-2
7296,pad,7,7,7,1,1,1,-2,0,-1,0,-1,-1,-4,3,-1,-1
7297,pad,8,8,8,1,1,1,1,-2,-2,1,-4,0,-2,-3,5,0
7298,pad,9,9,9,1,1,1,-3,-1,-3,-2,2,-2,-4,-1,-1,4
7299,pad,1,1,1,1,1,1,-2,4,-1,-2,-1,-1,-2,0,-1,-1
7300,pad,7,7,7,1,1,1,-1,0,0,0,-1,-1,-4,3,-1,-1
7301,pad,4,4,4,1,1,1,-2,-1,-1,-3,4,-1,-2,-1,-2,-1
7302,pad,8,8,8,1,1,1,0,-2,-2,0,-3,0,-2,-3,5,0
7303,pad,1,1,1,1,1,1,-3,5,-1,-3,0,-1,-2,0,-2,-1
7304,pad,5,5,5,1,1,1,-2,-3,-3,1,-3,5,0,-2,0,2
7305,pad,6,6,6,1,1,1,1,-1,-4,-3,0,2,6,-4,-1,-2
7306,pad,5,5,5,1,1,1,-2,-1,-2,0,-1,5,0,-2,0,0
7307,pad,7,7,7,1,1,1,-1,0,0,0,-1,-1,-3,2,0,0
7308,pad,2,2,2,1,1,1,-2,1,4,2,-4,-2,-2,0,0,-4
7309,pad,8,8,8,1,1,1,1,-2,-1,-1,-2,0,0,-2,3,-1
7310,pad,6,6,6,1,1,1,0,-1,-3,-3,1,1,5,-4,-3,-2
7311,pad,3,3,3,1,1,1,-3,-1,-1,6,-5,1,-3,-1,1,-1
7312,pad,3,3,3,1,1,1,-4,0,0,6,-5,0,-3,-1,0,-2
7313,pad,8,8,8,1,1,1,0,-3,-2,1,-4,1,-1,-3,6,-1
7314,pad,6,6,6,1,1,1,1,-1,-3,-3,0,2,5,-3,-2,-2
7315,pad,5,5,5,1,1,1,-2,-2,-2,2,-2,5,-1,-2,0,1
7316,pad,4,4,4,1,1,1,-4,-1,-2,-3,5,-2,-3,0,-2,-1
7317,pad,0,0,0,1,1,1,4,-3,-3,-1,-1,0,2,-2,0,-1
7318,pad,9,9,9,1,1,1,-2,-2,-2,-1,1,-1,-5,0,-2,4
7319,pad,1,1,1,1,1,1,-2,5,-1,-3,-1,-1,-1,0,-1,-1
7320,pad,7,7,7,1,1,1,0,-1,0,0,-1,-1,-3,3,-1,-1
7321,pad,2,2,2,1,1,1,-2,1,5,0,-2,-2,-2,-1,0,-3
7322,pad,9,9,9,1,1,1,-1,-3,-3,0,0,-1,-4,0,-1,4
7323,pad,1,1,1,1,1,1,-3,4,-1,-3,-1,-1,-2,0,-1,-1
7324,pad,5,5,5,1,1,1,-2,-2,-2,1,-2,5,0,-2,0,1
7325,pad,1,1,1,1,1,1,-3,5,-2,-4,-1,-1,-1,0,-1,-2
7326,pad,3,3,3,1,1,1,-2,-2,-1,6,-6,1,-3,-2,1,0
7327,pad,2,2,2,1,1,1,-2,1,5,1,-3,-2,-2,0,-1,-4
7328,pad,2,2,2,1,1,1,-1,1,4,0,-2,-2,-2,-1,0,-2
7329,pad,3,3,3,1,1,1,-2,-2,0,6,-6,0,-3,-2,2,-1
7330,pad,0,0,0,1,1,1,5,-3,-2,-2,-2,0,1,-1,-1,-1
7331,pad,6,6,6,1,1,1,0,-1,-3,-3,0,2,6,-5,-3,-3
7332,pad,4,4,4,1,1,1,-2,-1,-1,-2,3,-1,-2,0,-2,0
7333,pad,3,3,3,1,1,1,-1,-2,-1,4,-4,1,-3,-2,1,1
7334,pad,7,7,7,1,1,1,-1,-1,0,1,0,-1,-4,3,-1,0
7335,pad,6,6,6,1,1,1,1,-1,-3,-2,0,1,5,-3,-2,-2
7336,pad,9,9,9,1,1,1,-2,-2,-3,0,0,-1,-4,0,-1,4
7337,pad,0,0,0,1,1,1,4,-2,-1,-1,-1,-1,1,-2,-1,-1
7338,pad,4,4,4,1,1,1,-2,0,-1,-2,2,-1,-1,-1,-1,0
7339,pad,8,8,8,1,1,1,0,-2,-1,0,-2,0,-1,-1,3,0
7340,pad,1,1,1,1,1,1,-3,4,-1,-3,0,-1,-2,0,-1,-1
7341,pad,4,4,4,1,1,1,-4,0,-1,-4,5,-2,-4,-1,-3,0
7342,pad,0,0,0,1,1,1,6,-2,-1,-2,-3,0,0,-1,-1,-2
7343,pad,6,6,6,1,1,1,0,-1,-2,-2,0,2,4,-3,-2,-2
7344,pad,1,1,1,1,1,1,-3,4,-1,-4,-1,-1,-2,1,-1,-2
7345,pad,2,2,2,1,1,1,-1,1,2,1,-2,-1,-1,0,-1,-3
7346,pad,6,6,6,1,1,1,-1,-1,-2,-3,0,2,6,-4,-1,-4
7347,pad,9,9,9,1,1,1,-2,-2,-2,0,0,-1,-4,-1,0,4
7348,pad,2,2,2,1,1,1,-2,0,3,1,-3,-1,-1,0,0,-3
7349,pad,2,2,2,1,1,1,-1,1,5,0,-2,-3,-2,0,0,-3
7350,pad,3,3,3,1,1,1,-1,-2,-1,5,-5,1,-3,-2,1,1
7351,pad,5,5,5,1,1,1,-3,-3,-4,0,-2,6,-1,-3,1,2
7352,pad,5,5,5,1,1,1,-2,-3,-3,1,-2,5,0,-3,0,1
7353,pad,1,1,1,1,1,1,-1,4,0,-2,-2,-1,-2,0,0,-2
7354,pad,0,0,0,1,1,1,3,-2,-2,0,-1,1,3,-2,-1,-2
7355,pad,7,7,7,1,1,1,-2,0,-1,0,-1,-1,-5,4,-1,-1
7356,pad,7,7,7,1,1,1,-1,-1,-1,0,0,-1,-4,3,-1,0
7357,pad,9,9,9,1,1,1,-2,-2,-3,-2,1,-1,-4,-1,-1,4
7358,pad,6,6,6,1,1,1,0,-1,-2,-3,-1,2,6,-4,-1,-3
7359,pad,2,2,2,1,1,1,-2,1,4,0,-1,-1,-1,-1,0,-3
7360,pad,9,9,9,1,1,1,-2,-2,-3,0,0,-1,-5,0,-1,4
7361,pad,4,4,4,1,1,1,-4,-1,-3,-3,4,-2,-3,-1,-1,0
7362,pad,7,7,7,1,1,1,-2,0,0,0,-1,-1,-5,4,-1,-1
7363,pad,0,0,0,1,1,1,5,-3,-2,-1,-2,0,1,-1,-1,0
7364,pad,2,2,2,1,1,1,-3,1,4,2,-3,-1,-1,-1,0,-5
7365,pad,3,3,3,1,1,1,-3,-1,-1,6,-5,1,-4,-1,1,-1
7366,pad,4,4,4,1,1,1,-4,-1,-2,-3,5,-2,-3,-1,-2,-1
7367,pad,0,0,0,1,1,1,5,-3,-2,-2,-2,0,1,-2,0,-1
7368,pad,0,0,0,1,1,1,5,-3,-2,-2,-2,0,2,-2,-1,-1
7369,pad,8,8,8,1,1,1,0,-3,-1,0,-3,0,-1,-3,6,-1
7370,pad,8,8,8,1,1,1,1,-2,-1,0,-3,-1,-1,-2,3,0
7371,pad,8,8,8,1,1,1,0,-3,-2,1,-4,0,-1,-3,6,-1
7372,pad,5,5,5,1,1,1,-1,-4,-4,0,-3,6,0,-3,1,1
7373,pad,1,1,1,1,1,1,-1,4,-1,-3,-1,-1,-1,-1,0,-1
7374,pad,3,3,3,1,1,1,-2,-2,-2,6,-6,2,-4,-2,1,1
7375,pad,7,7,7,1,1,1,-1,0,0,0,-1,-1,-4,3,0,0
7376,pad,4,4,4,1,1,1,-4,0,-2,-4,5,-2,-2,-2,-3,-2
7377,pad,9,9,9,1,1,1,-2,-1,-3,-2,1,-2,-4,0,-1,3
7378,pad,8,8,8,1,1,1,1,-2,-1,1,-4,0,-2,-3,5,-1
7379,pad,8,8,8,1,1,1,0,-2,-1,0,-3,0,-2,-2,4,0
7380,pad,9,9,9,1,1,1,-2,-1,-3,-1,1,-2,-4,-1,-1,3
7381,pad,0,0,0,1,1,1,4,-2,-2,-1,-2,0,1,-2,0,-1
7382,pad,9,9,9,1,1,1,-2,-1,-2,0,0,-1,-4,0,-1,4
7383,pad,8,8,8,1,1,1,0,-3,-2,1,-4,0,-2,-3,6,0
7384,pad,9,9,9,1,1,1,-2,-1,-3,-2,1,-2,-4,-1,0,4
7385,pad,0,0,0,1,1,1,5,-3,-2,-2,-2,-1,2,-1,-1,0
7386,pad,2,2,2,1,1,1,-2,1,4,1,-2,-1,-1,-1,0,-3
7387,pad,6,6,6,1,1,1,1,-2,-4,-3,-1,2,5,-3,-2,-2
7388,pad,5,5,5,1,1,1,-3,-2,-2,2,-3,4,0,-2,1,0
7389,pad,6,6,6,1,1,1,0,-1,-3,-3,1,1,5,-4,-2,-3
7390,pad,7,7,7,1,1,1,-1,-1,0,0,0,-1,-5,3,0,0
7391,pad,4,4,4,1,1,1,-5,-1,-2,-3,5,-2,-3,-1,-2,-1
7392,pad,7,7,7,1,1,1,-1,-1,-1,0,-1,-1,-5,3,0,-1
7393,pad,5,5,5,1,1,1,-2,-3,-4,0,-3,7,0,-2,0,2
7394,pad,4,4,4,1,1,1,-3,0,-2,-2,3,-1,-1,0,-1,-1
7395,pad,1,1,1,1,1,1,-2,4,-1,-3,-2,-1,-1,-1,0,-3
7396,pad,3,3,3,1,1,1,-1,-2,-2,6,-5,2,-4,-2,1,1
7397,pad,5,5,5,1,1,1,-2,-2,-3,0,-2,6,0,-2,0,1
7398,pad,3,3,3,1,1,1,-1,-2,-1,5,-5,1,-3,-2,1,0
7399,pad,1,1,1,1,1,1,-2,4,-1,-3,-1,-1,-1,-1,-1,-2
7400,pad,2,2,2,1,1,1,-1,1,4,0,-2,-2,-1,0,-2,-4
7401,pad,3,3,3,1,1,1,0,-1,-1,3,-3,1,-2,-1,0,0
7402,pad,4,4,4,1,1,1,-4,0,-2,-3,3,-1,-2,-1,-1,0
7403,pad,5,5,5,1,1,1,-1,-2,-2,1,-3,4,-1,-2,1,1
7404,pad,6,6,6,1,1,1,1,-1,-3,-3,0,1,3,-4,-1,-1
7405,pad,1,1,1,1,1,1,-2,4,-2,-4,-2,1,0,-1,0,-3
7406,pad,2,2,2,1,1,1,1,0,4,0,-3,-2,-1,-1,0,-3
7407,pad,3,3,3,1,1,1,-2,-2,-1,5,-4,2,-2,-2,0,0
7408,pad,4,4,4,1,1,1,-3,0,-2,-3,3,-1,-1,-1,0,0
7409,pad,6,6,6,1,1,1,1,-1,-4,-3,-1,2,6,-4,-1,-2
7410,pad,0,0,0,1,1,1,3,-3,-3,0,-1,1,2,-1,-1,0
7411,pad,1,1,1,1,1,1,-3,4,-2,-4,-1,-1,-2,-1,0,-1
7412,pad,2,2,2,1,1,1,0,0,4,0,-2,-2,-2,0,-1,-3
7413,pad,4,4,1,1,0,0,-1,0,0,-2,0,0,0,0,-1,-2
7414,pad,5,5,5,1,1,1,-2,-1,-2,0,-1,4,0,-1,0,1
7415,pad,6,6,6,1,1,1,1,-2,-4,-3,0,1,4,-3,-1,0
7416,pad,7,7,7,1,1,1,-3,0,0,1,-1,-1,-4,3,-1,-1
7417,pad,8,8,8,1,1,1,-2,-1,-2,-1,0,1,0,-2,4,0
7418,pad,1,1,1,1,1,1,-2,4,-1,-3,-1,0,0,0,-1,-2
7419,pad,7,7,7,1,1,1,-2,0,0,0,-1,-1,-4,3,-1,-1
7420,pad,2,2,2,1,1,1,0,0,3,1,-3,-1,-1,-1,0,-2
7421,pad,4,4,4,1,1,1,-4,-1,-3,-4,4,-1,-2,-1,-1,1
7422,pad,1,1,1,1,1,1,-3,6,-2,-5,-1,-1,-1,-1,-1,-3
7423,pad,4,4,4,1,1,1,-4,0,-2,-3,3,-2,-3,0,-1,1
7424,pad,1,1,1,1,1,1,-2,4,-1,-3,-2,-1,-1,0,-1,-2
7425,pad,4,4,4,1,1,1,-3,-1,-2,-3,3,-1,-2,-1,-1,0
7426,pad,9,9,9,1,1,1,-2,-2,-3,-1,1,1,-3,-1,-1,4
7427,pad,6,6,6,1,1,1,0,-1,-2,-2,0,2,4,-3,-1,-2
7428,pad,8,8,8,1,1,1,-1,-2,-2,0,-3,2,0,-4,6,-1
7429,pad,4,4,4,1,1,1,-3,-1,-2,-2,4,-1,-2,-1,-1,0
7430,pad,5,5,5,1,1,1,-2,-2,-2,2,-2,4,0,-1,0,0
7431,pad,3,3,3,1,1,1,-2,-2,-3,6,-4,3,-3,-2,0,1
7432,pad,7,7,7,1,1,1,0,0,0,0,-3,-1,-4,1,0,-1
7433,pad,8,8,8,1,1,1,-1,-1,0,0,-3,0,0,-2,4,-2
7434,pad,4,4,4,1,1,1,-2,0,-2,-2,2,-1,-2,0,0,1
7435,pad,3,3,3,1,1,1,-3,-2,-2,7,-6,2,-4,-2,0,0
7436,pad,3,3,3,1,1,1,-2,-1,-1,5,-5,1,-3,-2,1,0
7437,pad,5,5,5,1,1,1,-2,-2,-2,2,-2,4,0,-2,1,-1
7438,pad,6,6,6,1,1,1,1,-1,-3,-3,0,1,4,-3,-1,-1
7439,pad,7,7,7,1,1,1,-2,0,1,1,-1,-2,-5,4,-1,-1
7440,pad,0,0,0,1,1,1,5,-2,0,-2,-2,-1,1,-2,-1,-2
7441,pad,6,6,6,1,1,1,0,-1,-3,-3,0,1,3,-3,-1,-1
7442,pad,1,1,1,1,1,1,-2,4,-1,-3,-1,-1,-1,0,-1,-2
7443,pad,6,6,6,1,1,1,0,-1,-3,-3,0,1,4,-3,0,-1
7444,pad,8,8,8,1,1,1,-2,-1,-1,-1,-1,1,0,-3,4,-1
7445,pad,7,7,3,1,0,0,-1,0,0,1,-2,-1,-3,1,0,0
7446,pad,0,0,0,1,1,1,4,-2,0,-1,-2,-2,0,-1,0,-1
7447,pad,1,1,1,1,1,1,-2,4,-2,-4,-1,0,-1,-1,0,-2
7448,pad,5,5,5,1,1,1,-2,-3,-3,0,-2,5,0,-2,1,1
7449,pad,0,0,0,1,1,1,5,-3,-1,-2,-3,0,1,-2,0,-1
7450,pad,8,8,8,1,1,1,-2,-2,-2,-1,-1,1,0,-4,6,-1
7451,pad,5,3,3,0,0,1,-2,0,0,1,-1,1,0,0,0,-1
7452,pad,0,0,0,1,1,1,4,-2,-1,-1,-2,-1,0,-1,0,0
7453,pad,1,1,1,1,1,1,-2,4,-2,-3,-1,0,0,-1,-1,-2
7454,pad,5,5,5,1,1,1,-1,-1,-1,1,-1,3,-1,-1,0,1
7455,pad,8,8,8,1,1,1,0,-1,-2,0,-2,1,0,-3,4,-1
7456,pad,4,4,4,1,1,1,-3,-1,-3,-3,4,-2,-2,-1,-1,0
7457,pad,2,2,2,1,1,1,-1,-1,3,2,-3,-2,-1,0,0,-3
7458,pad,3,3,3,1,1,1,-3,-1,-2,6,-5,2,-3,-1,0,0
7459,pad,9,9,9,1,1,1,-2,-2,-3,-1,0,0,-2,-1,0,3
7460,pad,7,7,7,1,1,1,-2,-1,0,1,-1,-1,-4,3,-1,0
7461,pad,6,6,6,1,1,1,0,-1,-2,-2,0,1,4,-2,-1,-2
7462,pad,9,9,9,1,1,1,-2,-2,-2,-1,1,0,-4,0,-1,3
7463,pad,1,1,1,1,1,1,-3,5,-2,-4,-1,0,-1,-1,-1,-3
7464,pad,9,9,9,1,1,1,-3,-2,-4,-1,1,0,-4,-1,-1,4
7465,pad,0,0,0,1,1,1,4,-2,-2,-1,-2,-1,1,-2,0,0
7466,pad,6,6,6,1,1,1,1,-2,-2,-3,-2,2,5,-4,-1,-2
7467,pad,7,7,7,1,1,1,-2,-1,0,1,-1,-1,-4,3,-1,-1
7468,pad,1,1,1,1,1,1,-3,6,-1,-5,-2,-1,-1,0,-1,-4
7469,pad,2,2,2,1,1,1,-1,1,3,0,-1,-1,-1,0,-1,-3
7470,pad,3,3,3,1,1,1,-2,-2,-2,7,-6,3,-4,-2,0,0
7471,pad,9,9,9,1,1,1,-3,-2,-3,-2,1,0,-4,-1,-1,4
7472,pad,2,2,2,1,1,1,0,0,3,0,-1,-1,-3,1,-1,-1
7473,pad,4,4,4,1,1,1,-2,0,-3,-3,2,0,-1,-1,-1,1
7474,pad,5,5,5,1,1,1,-2,-1,-2,1,-2,3,0,-2,1,-1
7475,pad,5,5,5,1,1,1,-2,-3,-3,0,-2,6,0,-3,1,2
7476,pad,3,3,3,1,1,1,0,-2,-1,4,-3,2,-1,-2,0,0
7477,pad,7,7,7,1,1,1,-2,-1,0,1,-1,-2,-5,4,-1,0
7478,pad,5,5,5,1,1,1,-2,-2,-3,1,-2,5,0,-2,1,1
7479,pad,3,3,3,1,1,1,-1,-2,-1,4,-4,2,-2,-2,0,1
7480,pad,1,1,1,1,1,1,-2,5,-2,-4,-1,0,0,-1,-1,-3
7481,pad,8,8,8,1,1,1,-1,-1,-2,-1,-1,1,0,-2,3,0
7482,pad,2,2,2,1,1,1,0,0,3,1,-3,-2,-2,0,0,-3
7483,pad,2,2,2,1,1,1,0,1,4,1,-2,-2,-2,0,-1,-3
7484,pad,3,3,3,1,1,1,-2,-2,-2,6,-5,2,-3,-2,0,1
7485,pad,0,0,0,1,1,1,5,-2,0,-2,-3,-2,1,-2,0,-2
7486,pad,2,2,2,1,1,1,-1,0,3,1,-2,-2,-1,0,0,-3
7487,pad,9,9,9,1,1,1,-2,-1,-3,-2,1,-1,-4,-1,-1,4
7488,pad,4,4,4,1,1,1,-4,-1,-2,-3,4,-1,-2,-1,-1,-1
7489,pad,9,9,9,1,1,1,-2,-2,-3,-2,0,0,-4,-1,-1,4
7490,pad,7,7,7,1,1,1,0,-1,0,1,-3,-1,-4,2,0,-1
7491,pad,0,0,0,1,1,1,3,-2,-1,-1,-2,0,1,-1,0,-1
7492,pad,2,2,2,1,1,1,0,0,4,0,-2,-2,-2,1,-1,-3
7493,pad,7,7,7,1,1,1,-2,0,0,0,-1,-1,-3,3,-1,0
7494,pad,4,4,4,1,1,1,-1,0,-2,-2,3,-1,0,0,-2,-1
7495,pad,9,9,9,1,1,1,-2,-1,-3,-1,1,-1,-3,-1,0,3
7496,pad,9,9,9,1,1,1,-2,-1,-2,-1,1,-1,-3,-1,-1,3
7497,pad,2,2,2,1,1,1,-1,1,5,0,-2,-3,-1,0,-2,-5
7498,pad,5,5,5,1,1,1,-1,-3,-2,2,-3,4,-1,-2,1,1
7499,pad,9,9,9,1,1,1,-2,-2,-2,-1,1,-1,-4,0,-1,3
7500,pad,8,8,8,1,1,1,-1,-1,-2,-1,-1,1,-1,-3,5,0
7501,pad,3,3,3,1,1,1,-1,-2,-2,6,-5,2,-2,-2,0,0
7502,pad,8,8,8,1,1,1,-1,-1,-2,-1,-2,1,-1,-3,6,-1
7503,pad,6,6,6,1,1,1,1,-1,-2,-2,0,1,3,-2,0,-1
7504,pad,7,7,7,1,1,1,-1,0,0,1,-3,-1,-4,2,0,-1
7505,pad,0,0,0,1,1,1,4,-2,-2,-2,-1,-2,1,-2,-1,0
7506,pad,0,0,0,1,1,1,6,-3,-2,-2,-3,0,2,-2,-1,-1
7507,pad,1,1,1,1,1,1,-2,4,-1,-2,-1,0,-1,-1,-1,-2
7508,pad,2,2,2,1,1,1,-1,1,6,0,-4,-3,-1,-1,-1,-5
7509,pad,3,3,3,1,1,1,-1,-2,-1,5,-4,1,-2,-2,1,1
7510,pad,4,4,4,1,1,1,-4,0,-1,-2,3,-2,-2,-1,-1,-2
7511,pad,5,5,5,1,1,1,-1,-1,-2,2,-2,3,-2,0,-1,0
7512,pad,6,6,6,1,1,1,-1,0,-1,-2,-1,2,5,-4,-1,-4
7513,pad,7,7,7,1,1,1,-2,0,-1,0,0,-1,-3,3,-1,0
7514,pad,8,8,8,1,1,1,0,-2,-1,0,-3,0,0,-3,4,0
7515,pad,9,9,9,1,1,1,-2,-2,-3,-2,2,-2,-4,-1,-1,4
7516,pad,0,0,0,1,1,1,5,-3,-1,-2,-3,-1,1,-2,-1,-1
7517,pad,1,1,1,1,1,1,-2,4,-1,-3,-1,-1,0,-1,-1,-2
7518,pad,2,2,2,1,1,1,-1,1,4,1,-4,-2,-2,-1,0,-4
7519,pad,3,3,3,1,1,1,-1,-2,-2,5,-5,2,-3,-2,1,1
7520,pad,4,4,4,1,1,1,-2,0,-1,-2,3,-2,-2,0,-2,-1
7521,pad,5,5,5,1,1,1,0,-2,-2,1,-2,4,0,-1,-1,0
7522,pad,6,6,6,1,1,1,0,0,-1,-2,-1,1,4,-4,-2,-3
7523,pad,7,7,7,1,1,1,-4,1,-1,-2,0,-2,-4,3,-2,0
7524,pad,8,8,8,1,1,1,0,-2,0,0,-4,-1,-1,-3,5,0
7525,pad,9,9,9,1,1,1,-1,-1,-2,-1,1,-1,-4,1,-1,2
7526,pad,0,0,0,1,1,1,5,-3,-2,-2,-3,-1,1,-2,0,-1
7527,pad,1,1,1,1,1,1,-2,3,-1,-3,-1,0,0,-1,-1,-2
7528,pad,2,2,2,1,1,1,0,1,4,0,-3,-3,-1,0,-1,-3
7529,pad,3,3,3,1,1,1,-1,-2,-2,5,-4,2,-3,-3,1,1
7530,pad,4,4,4,1,1,1,-1,0,0,-2,2,-1,-1,-1,-2,-2
7531,pad,5,5,5,1,1,1,0,-2,-2,2,-2,4,-1,-1,-1,1
7532,pad,6,6,6,1,1,1,0,-1,-2,-3,1,1,3,-3,-2,-1
7533,pad,7,7,7,1,1,1,-2,-1,-2,0,0,0,-4,3,-1,0
7534,pad,8,8,8,1,1,1,-1,-2,-2,0,-2,0,0,-3,4,1
7535,pad,9,9,9,1,1,1,-1,-2,-2,-1,1,-2,-4,0,-1,3
7536,pad,0,0,0,1,1,1,5,-3,-1,-3,-4,0,1,-1,0,-2
7537,pad,0,0,0,1,1,1,5,-3,-2,-3,-3,-1,2,-2,-1,-1
7538,pad,7,7,7,1,1,1,-2,0,-1,-1,0,-1,-4,3,-1,0
7539,pad,2,2,2,1,1,1,-1,2,3,0,-2,-2,-2,1,-1,-3
7540,pad,6,6,6,1,1,1,1,-1,-2,-2,-1,1,5,-4,-1,-2
7541,pad,5,5,5,1,1,1,0,-2,-2,2,-3,3,-1,-1,0,1
7542,pad,5,5,5,1,1,1,0,-1,-2,1,-2,4,0,-1,-1,0
7543,pad,3,3,3,1,1,1,-1,-3,-1,5,-5,1,-3,-2,1,1
7544,pad,7,7,7,1,1,1,-2,-1,0,0,0,-1,-4,3,-1,0
7545,pad,8,8,8,1,1,1,-1,-1,-1,1,-2,1,-1,-3,3,1
7546,pad,6,6,6,1,1,1,0,-1,-2,-2,0,1,4,-3,-2,-2
7547,pad,6,6,6,1,1,1,0,-1,-2,-3,-1,2,5,-4,-2,-3
7548,pad,6,6,6,1,1,1,0,-1,-3,-2,0,1,4,-3,-1,-2
7549,pad,6,6,6,1,1,1,0,0,-1,-3,0,1,4,-4,-1,-3
7550,pad,4,4,4,1,1,1,-3,1,-1,-3,4,-2,-2,-1,-2,-2
7551,pad,3,3,3,1,1,1,-2,-2,-2,6,-5,3,-3,-2,0,0
7552,pad,8,8,8,1,1,1,0,-1,-2,0,-2,0,-1,-2,4,-1
7553,pad,8,8,8,1,1,1,-1,-2,-2,1,-2,0,-1,-3,5,0
7554,pad,3,3,3,1,1,1,-2,-2,-2,6,-5,3,-3,-2,1,1
7555,pad,0,0,0,1,1,1,5,-3,-2,-2,-2,-1,1,-1,-1,0
7556,pad,1,1,1,1,1,1,-1,4,0,-3,-2,-1,-1,-1,0,-3
7557,pad,9,9,9,1,1,1,-1,-2,-3,0,1,-1,-4,0,-1,3
7558,pad,0,0,0,1,1,1,4,-2,-2,-1,0,0,1,-1,-2,0
7559,pad,5,5,5,1,1,1,-3,-2,-4,1,-2,7,-1,-2,-1,2
7560,pad,4,4,4,1,1,1,-3,0,0,-1,3,-2,-2,1,-2,-2
7561,pad,1,1,1,1,1,1,-1,4,-1,-3,-1,-1,0,-1,-1,-3
7562,pad,9,9,9,1,1,1,-1,-1,-2,0,0,-1,-4,-1,-1,3
7563,pad,1,1,1,1,1,1,-2,5,-2,-3,-2,-1,-2,0,-1,-2
7564,pad,2,2,2,1,1,1,-1,2,4,0,-2,-2,-2,0,-2,-4
7565,pad,7,7,7,1,1,1,-2,-1,-2,-1,1,-1,-4,3,-1,0
7566,pad,0,0,0,1,1,1,4,-3,-1,-1,-1,0,2,-1,-1,-1
7567,pad,1,1,1,1,1,1,-2,4,-2,-3,-1,-1,-2,0,-1,-2
7568,pad,3,3,3,1,1,1,0,-2,-1,4,-4,1,-2,-2,1,1
7569,pad,8,8,8,1,1,1,-1,-2,-2,1,-2,1,-1,-3,4,0
7570,pad,2,2,2,1,1,1,-1,1,4,0,-3,-2,-1,0,-1,-4
7571,pad,9,9,9,1,1,1,-1,-2,-2,0,0,-1,-4,0,-1,3
7572,pad,2,2,2,1,1,1,1,1,4,0,-2,-1,-1,-1,-1,-3
7573,pad,7,7,7,1,1,1,-2,0,-2,-1,0,-1,-4,2,-1,0
7574,pad,4,1,1,0,0,1,-3,2,-1,-3,1,-1,-2,0,-2,-2
7575,pad,2,2,2,1,1,1,0,1,5,0,-3,-2,-1,0,-1,-4
7576,pad,6,6,6,1,1,1,0,-1,-2,-3,0,2,6,-4,-1,-4
7577,pad,5,5,5,1,1,1,-1,-1,-2,1,-2,4,0,-2,0,-1
7578,pad,5,5,5,1,1,1,-1,-2,-3,1,-2,5,0,-2,-1,0
7579,pad,9,9,9,1,1,1,-1,-1,-3,-1,0,-1,-3,-1,-1,3
7580,pad,9,9,9,1,1,1,-1,-1,-3,-2,2,-1,-3,0,-2,3
7581,pad,1,1,1,1,1,1,-2,5,-1,-4,-2,-1,-2,0,-1,-2
7582,pad,1,1,1,1,1,1,-2,3,-1,-3,-1,-1,-1,-1,0,-1
7583,pad,5,5,5,1,1,1,-2,-1,-3,1,-2,5,0,-1,-1,0
7584,pad,7,7,7,1,1,1,-2,0,-1,0,-1,0,-4,3,-1,-1
7585,pad,6,6,6,1,1,1,-1,-1,-3,-3,0,2,5,-4,-2,-3
7586,pad,8,8,8,1,1,1,-1,-2,-1,0,-2,-1,-2,-2,3,2
7587,pad,2,2,2,1,1,1,-1,1,4,0,-3,-1,-1,0,0,-3
7588,pad,9,9,9,1,1,1,-2,-1,-3,-2,1,-1,-3,-1,-1,3
7589,pad,4,4,4,1,1,1,-2,0,0,-3,4,-2,-3,-1,-3,-1
7590,pad,3,3,3,1,1,1,-2,-3,-2,7,-6,3,-3,-3,1,1
7591,pad,1,1,1,1,1,1,-2,4,-1,-3,-1,0,-1,-1,-1,-2
7592,pad,9,9,9,1,1,1,-1,-2,-3,-1,1,-1,-4,0,-1,4
7593,pad,0,0,0,1,1,1,5,-2,-1,-3,-1,-2,1,-1,-1,0
7594,pad,9,9,9,1,1,1,-1,-3,-3,-1,1,-1,-4,0,-1,4
7595,pad,3,3,3,1,1,1,-2,-2,-2,4,-4,2,-1,-2,1,0
7596,pad,6,6,6,1,1,1,0,-1,-4,-3,0,1,6,-4,-2,-3
7597,pad,8,8,8,1,1,1,-2,-2,-2,0,-2,2,0,-4,5,-1
7598,pad,7,7,7,1,1,1,-2,0,0,0,0,-1,-4,3,-1,0
7599,pad,0,0,0,1,1,1,5,-3,-1,-2,-3,-1,1,-2,0,-1
7600,pad,1,1,1,1,1,1,-2,5,-1,-4,-1,-1,-1,-1,-1,-2
7601,pad,0,0,0,1,1,1,5,-3,-1,-2,-2,-1,1,-1,-1,-1
7602,pad,5,5,5,1,1,1,-2,-2,-3,0,-2,6,0,-2,-1,1
7603,pad,8,8,8,1,1,1,-1,-1,-1,0,-3,1,0,-3,4,-1
7604,pad,2,2,2,1,1,1,-1,1,5,1,-4,-3,-2,0,-1,-5
7605,pad,7,7,7,1,1,1,-3,0,-2,-1,0,-2,-5,3,-1,1
7606,pad,7,7,7,1,1,1,-2,1,-1,-1,0,-1,-3,2,0,0
7607,pad,0,0,0,1,1,1,6,-2,-1,-2,-2,0,2,-2,-1,-2
7608,pad,1,1,1,1,1,1,-4,5,-2,-4,1,-1,-1,-2,-2,1
7609,pad,2,2,2,1,1,1,0,0,5,0,-4,-3,-2,0,-1,-4
7610,pad,3,3,3,1,1,1,-3,0,0,5,-4,1,-2,-1,0,-3
7611,pad,4,4,4,1,1,1,-3,-1,-1,-3,5,-2,-4,0,-3,0
7612,pad,5,5,5,1,1,1,-3,0,-2,1,-2,4,-1,-1,0,0
7613,pad,6,6,6,1,1,1,0,-1,-3,-3,-1,1,6,-3,0,-3
7614,pad,7,7,7,1,1,1,-3,0,0,0,0,-2,-4,4,-1,-1
7615,pad,8,8,8,1,1,1,-2,-3,-2,0,-3,1,0,-4,5,0
7616,pad,9,9,9,1,1,1,-2,-1,-2,-1,1,-2,-4,0,-2,4
7617,pad,0,0,0,1,1,1,5,-2,-1,-1,-2,0,1,-1,-1,-1
7618,pad,1,1,1,1,1,1,-4,4,-2,-3,0,0,-2,0,-1,0
7619,pad,2,2,2,1,1,1,0,0,3,1,-3,-1,-2,0,0,-2
7620,pad,3,3,3,1,1,1,-3,0,0,4,-3,1,-2,0,1,-1
7621,pad,4,4,4,1,1,1,-3,-1,-2,-3,4,-2,-3,-1,-1,1
7622,pad,5,5,5,1,1,1,-2,-1,-2,1,-2,4,0,-1,0,1
7623,pad,8,8,8,1,1,1,-1,-2,-1,-1,-2,0,-1,-3,6,0
7624,pad,9,9,9,1,1,1,0,-2,-2,1,-1,-1,-3,-1,-1,4
7625,pad,0,0,0,1,1,1,6,-2,-1,-1,-2,0,1,-1,-2,0
7626,pad,1,1,1,1,1,1,-3,4,-2,-3,-1,-1,-2,0,-2,0
7627,pad,2,2,2,1,1,1,1,-1,3,0,-3,0,0,-1,0,-3
7628,pad,3,3,3,1,1,1,-3,-1,-1,5,-3,1,-3,-1,1,-2
7629,pad,4,4,4,1,1,1,-2,-1,-1,-3,5,-2,-4,0,-3,0
7630,pad,5,5,5,1,1,1,-2,0,-2,1,-2,4,-1,-1,0,1
7631,pad,6,6,6,1,1,1,0,-1,-3,-2,0,1,5,-3,-1,-3
7632,pad,7,7,7,1,1,1,-2,0,0,0,0,-1,-4,3,-1,-1
7633,pad,8,8,8,1,1,1,-2,-1,-2,-1,-2,1,-1,-3,6,0
7634,pad,9,9,9,1,1,1,-1,-2,-2,0,0,-1,-3,-1,-1,3
7635,pad,2,2,2,1,1,1,0,-1,4,1,-3,-3,-1,-1,0,-3
7636,pad,1,1,1,1,1,1,-3,3,-2,-2,-1,0,-2,0,-1,0
7637,pad,2,2,2,1,1,1,2,-1,3,0,-3,-3,-1,-1,1,-2
7638,pad,1,1,1,1,1,1,-4,4,-2,-3,0,0,-2,0,-1,1
7639,pad,3,3,3,1,1,1,-4,0,-1,5,-3,2,-2,0,0,-2
7640,pad,9,9,9,1,1,1,-3,0,-2,-3,1,-3,-4,0,-1,4
7641,pad,9,9,9,1,1,1,-2,-1,-3,-2,0,-2,-3,-2,0,4
7642,pad,8,8,8,1,1,1,-1,-1,-1,0,-2,1,-1,-3,4,0
7643,pad,5,5,5,1,1,1,-2,0,-2,1,-2,5,-1,0,-1,1
7644,pad,3,3,3,1,1,1,-4,0,-2,5,-4,2,-3,0,0,-1
7645,pad,7,7,7,1,1,1,-3,-1,0,0,0,-1,-4,4,-1,-1
7646,pad,0,0,0,1,1,1,6,-3,-1,-2,-3,-1,1,-1,-1,-1
7647,pad,7,7,7,1,1,1,-3,0,0,0,0,-1,-4,4,-1,-1
7648,pad,7,7,7,1,1,1,-3,-1,0,0,-1,-1,-5,3,-1,-1
7649,pad,5,5,5,1,1,1,-2,-1,-2,-1,-2,5,0,-1,0,1
7650,pad,7,7,7,1,1,1,-2,0,0,0,0,-1,-3,3,-1,-1
7651,pad,9,9,9,1,1,1,-2,0,-2,-1,0,-1,-3,-1,0,3
7652,pad,9,9,9,1,1,1,0,-1,-2,-1,0,-1,-3,-1,0,3
7653,pad,4,4,4,1,1,1,-2,-1,-1,-2,4,-1,-2,0,-2,0
7654,pad,7,7,7,1,1,1,-2,0,0,0,-1,-1,-4,3,-1,-1
7655,pad,0,0,0,1,1,1,6,-3,-1,-2,-3,0,1,-2,-1,-1
7656,pad,3,3,3,1,1,1,-3,0,0,4,-3,1,-2,0,0,-2
7657,pad,4,4,4,1,1,1,-4,0,-1,-4,5,-3,-4,-1,-3,0
7658,pad,1,1,1,1,1,1,-3,4,-1,-2,0,-1,-2,0,-1,0
7659,pad,5,5,5,1,1,1,-2,-1,-2,1,-3,6,-1,-1,0,0
7660,pad,8,8,8,1,1,1,-2,-2,-3,1,-3,2,0,-4,6,-1
7661,pad,1,1,1,1,1,1,-3,3,-2,-3,-1,1,-1,-1,-1,0
7662,pad,4,4,4,1,1,1,-2,0,-1,-3,3,-2,-3,-1,-1,1
7663,pad,8,8,8,1,1,1,-1,-2,-2,-1,-2,1,-1,-3,6,-1
7664,pad,4,4,4,1,1,1,-3,-1,-1,-2,4,-2,-3,0,-2,1
7665,pad,1,1,1,1,1,1,-3,4,-1,-4,0,-1,-1,0,-1,-1
7666,pad,8,8,8,1,1,1,-1,-2,-2,0,-2,0,0,-3,5,0
7667,pad,6,6,6,1,1,1,-1,-1,-3,-3,0,1,6,-3,0,-3
7668,pad,6,6,6,1,1,1,-1,-1,-1,-2,0,1,4,-3,0,-3
7669,pad,4,4,4,1,1,1,-3,-1,-1,-4,5,-2,-4,-1,-2,0
7670,pad,6,6,6,1,1,1,-1,0,-2,-2,0,1,5,-2,-1,-4
7671,pad,0,0,0,1,1,1,4,-1,-1,0,-3,0,0,-1,0,0
7672,pad,5,5,5,1,1,1,-2,-1,-2,0,-2,3,-1,-2,1,1
7673,pad,5,5,5,1,1,1,-1,-2,-1,2,-2,4,-1,-1,0,1
7674,pad,3,3,3,1,1,1,-3,0,-1,5,-4,1,-2,-1,0,-1
7675,pad,3,3,3,1,1,1,-2,-1,-1,4,-3,1,-2,-1,1,0
7676,pad,5,5,5,1,1,1,-2,-2,-2,2,-2,4,-1,-1,0,1
7677,pad,7,7,7,1,1,1,-2,0,0,0,-1,-1,-5,4,-1,-1
7678,pad,2,2,2,1,1,1,0,0,5,1,-4,-3,-2,0,0,-4
7679,pad,5,5,5,1,1,1,-2,-1,-1,0,-1,4,-1,-1,0,1
7680,pad,9,9,9,1,1,1,-2,-1,-3,-2,1,-2,-3,-1,0,4
7681,pad,6,6,6,1,1,1,-1,-1,-1,-2,-1,1,5,-3,0,-4
7682,pad,9,9,9,1,1,1,-1,-1,-3,-1,1,-1,-3,-1,-1,3
7683,pad,2,2,2,1,1,1,0,-1,4,2,-4,-3,-1,-1,0,-2
7684,pad,6,6,6,1,1,1,0,-1,-2,-2,0,0,5,-3,0,-2
7685,pad,2,2,2,1,1,1,1,0,5,0,-3,-3,-1,-1,0,-4
7686,pad,1,1,1,1,1,1,-3,4,-1,-3,0,-1,-3,0,-2,0
7687,pad,2,2,2,1,1,1,1,-1,3,0,-3,-2,-1,-1,1,-2
7688,pad,0,0,0,1,1,1,5,-3,-1,-2,-2,0,1,-1,0,-1
7689,pad,8,8,8,1,1,1,0,-1,-2,1,-2,1,0,-2,3,0
7690,pad,3,3,3,1,1,1,-2,-1,0,4,-3,0,-2,0,1,-1
7691,pad,8,8,8,1,1,1,-2,-1,-1,1,-2,1,-1,-2,3,0
7692,pad,3,3,3,1,1,1,-2,-1,-1,4,-3,1,-1,-1,1,-1
7693,pad,0,0,0,1,1,1,5,-2,-1,-1,-2,-1,1,-1,-1,-1
7694,pad,8,8,8,1,1,1,-1,-1,-3,-1,-1,1,1,-3,4,0
7695,pad,7,7,7,1,1,1,-3,0,0,0,0,-1,-5,4,-2,0
7696,pad,4,4,4,1,1,1,-4,0,-2,-4,5,-2,-3,-1,-2,0
7697,pad,9,9,9,1,1,1,-1,-1,-1,-1,0,-1,-3,-1,0,3
7698,pad,5,5,5,1,1,1,-2,-1,-2,1,-1,3,-1,-1,0,1
7699,pad,0,0,0,1,1,1,6,-3,-1,-2,-2,-1,1,-2,-2,-1
7700,pad,9,9,9,1,1,1,-1,-1,-2,-1,0,-1,-2,-1,0,3
7701,pad,7,7,7,1,1,1,-2,0,1,0,-1,-1,-4,4,-1,-2
7702,pad,0,0,0,1,1,1,5,-2,-2,-1,-2,0,1,-2,-1,-1
7703,pad,0,0,0,1,1,1,5,-2,-1,-2,-3,0,1,-1,-1,-2
7704,pad,4,4,4,1,1,1,-4,-1,-2,-3,4,-2,-4,0,-2,0
7705,pad,6,6,6,1,1,1,-1,-1,-4,-3,0,1,7,-3,0,-4
7706,pad,0,0,0,1,1,1,6,-2,-1,-2,-3,0,0,0,-1,-2
7707,pad,9,9,9,1,1,1,-2,-1,-2,-2,1,-2,-4,-1,0,3
7708,pad,1,1,1,1,1,1,-2,4,-1,-3,-1,0,-2,1,-1,-1
7709,pad,6,6,6,1,1,1,-1,-1,-3,-3,-1,1,7,-3,0,-4
7710,pad,2,2,2,1,1,1,1,0,5,0,-4,-2,-1,-1,0,-3
7711,pad,7,7,7,1,1,1,-2,0,-1,1,0,0,-2,2,-1,-1
7712,pad,6,6,6,1,1,1,-1,-1,-3,-3,-1,1,7,-3,0,-3
7713,pad,8,8,8,1,1,1,-1,-2,-2,-2,-2,2,1,-3,4,-1
7714,pad,3,3,3,1,1,1,-4,0,0,5,-4,1,-2,-1,0,-2
7715,pad,5,5,5,1,1,1,-2,-2,-3,1,-2,5,-1,-1,0,2
7716,pad,2,2,2,1,1,1,0,-1,4,1,-4,-3,-1,-1,0,-4
7717,pad,1,1,1,1,1,1,-3,3,-1,-2,-1,0,-1,0,-1,-1
7718,pad,8,8,8,1,1,1,0,-1,-1,-1,-2,2,2,-3,3,-1
7719,pad,3,3,3,1,1,1,-3,0,-1,4,-3,1,-2,-1,0,-1
7720,pad,8,8,8,1,1,1,-2,-1,-2,0,-2,2,1,-3,4,-1
7721,pad,6,6,6,1,1,1,-1,-2,-3,-2,0,1,6,-3,0,-4
7722,pad,1,1,1,1,1,1,-2,3,-1,-3,-1,0,-1,0,0,-2
7723,pad,0,0,0,1,1,1,5,-2,-1,-1,-2,0,2,-2,-1,-1
7724,pad,2,2,2,1,1,1,1,0,4,0,-3,-2,-1,-1,0,-3
7725,pad,1,1,1,1,1,1,-2,3,-1,-2,-1,-1,-1,0,-1,-1
7726,pad,4,4,4,1,1,1,-2,-1,-1,-2,4,-2,-3,0,-2,-1
7727,pad,0,0,0,1,1,1,5,-3,-1,-1,-3,0,1,-2,-1,-1
7728,pad,1,1,1,1,1,1,0,4,-1,-3,-2,-1,-2,0,0,-2
7729,pad,2,2,2,1,1,1,-2,1,4,1,-2,-2,-2,0,0,-3
7730,pad,3,3,3,1,1,1,-1,-1,-1,4,-4,3,-2,-1,0,1
7731,pad,4,4,4,1,1,1,-5,-1,-2,-2,4,-2,-3,0,-1,-1
7732,pad,5,5,5,1,1,1,-1,-2,-2,-1,-1,3,1,-2,2,-1
7733,pad,6,6,6,1,1,1,0,-1,-3,-2,1,1,4,-3,-1,-2
7734,pad,7,7,7,1,1,1,-2,-1,-1,0,0,-1,-4,3,-1,0
7735,pad,8,8,8,1,1,1,1,-1,-2,1,-2,0,0,-2,3,-1
7736,pad,9,9,9,1,1,1,-2,0,-1,-1,1,-1,-2,0,0,2
7737,pad,0,0,0,1,1,1,5,-3,-2,-1,-1,-1,1,-1,-1,-1
7738,pad,1,1,1,1,1,1,0,4,-1,-3,-2,-1,-1,-1,0,-2
7739,pad,2,2,2,1,1,1,-2,1,4,1,-3,-2,-2,0,-1,-3
7740,pad,3,3,3,1,1,1,-3,-2,-2,6,-5,1,-4,-1,1,0
7741,pad,4,4,4,1,1,1,-5,-1,-2,-3,6,-3,-4,-1,-2,-1
7742,pad,5,5,5,1,1,1,-3,-2,-3,0,-2,7,0,-3,1,0
7743,pad,6,6,6,1,1,1,0,0,-2,-3,1,1,3,-3,-2,-2
7744,pad,7,7,7,1,1,1,-1,0,2,0,-1,-1,-4,3,-1,-1
7745,pad,8,8,8,1,1,1,-3,-2,-1,0,-2,1,1,-3,5,-1
7746,pad,9,9,9,1,1,1,-2,-2,-3,-1,1,-2,-5,0,0,3
7747,pad,0,0,0,1,1,1,5,-3,-3,-1,-2,1,2,-2,-1,0
7748,pad,1,1,1,1,1,1,-1,5,-2,-3,-2,0,-1,0,0,-2
7749,pad,2,2,2,1,1,1,-2,1,4,2,-4,-2,-2,0,-1,-4
7750,pad,3,3,3,1,1,1,-1,-2,-1,6,-6,2,-3,-2,0,0
7751,pad,4,4,4,1,1,1,-4,-1,-2,-3,5,-3,-3,-1,-1,-2
7752,pad,5,5,5,1,1,1,-2,-1,-2,0,-2,5,0,-1,1,0
7753,pad,6,6,6,1,1,1,0,-1,-3,-3,-1,2,6,-4,-1,-4
7754,pad,7,7,7,1,1,1,-2,0,-1,-1,-1,-1,-5,4,-1,0
7755,pad,8,8,8,1,1,1,-1,-1,-1,-1,-1,0,0,-2,4,-1
7756,pad,9,9,9,1,1,1,-1,-3,-3,-1,0,-1,-4,0,1,3
7757,pad,7,7,7,1,1,1,-1,0,0,0,-1,-1,-3,3,-1,-1
7758,pad,6,6,6,1,1,1,1,-1,-3,-3,-1,2,5,-3,-1,-2
7759,pad,4,4,4,1,1,1,-4,-1,-2,-3,5,-3,-3,-1,-2,-2
7760,pad,7,7,7,1,1,1,-2,0,-1,0,0,-1,-4,3,-1,0
7761,pad,6,6,6,1,1,1,0,-1,-2,-3,-1,2,7,-4,-1,-5
7762,pad,2,2,2,1,1,1,-1,0,6,1,-3,-3,-2,0,-1,-4
7763,pad,3,3,3,1,1,1,-1,-2,-1,6,-5,2,-3,-2,0,0
7764,pad,4,4,4,1,1,1,-5,-1,-2,-3,5,-3,-3,-1,-2,-2
7765,pad,8,8,8,1,1,1,-1,-2,-2,0,-2,0,-2,-3,5,0
7766,pad,7,7,7,1,1,1,-2,-1,-1,0,0,-2,-5,4,-1,-1
7767,pad,8,8,8,1,1,1,-1,-2,-1,0,-2,0,0,-3,5,-1
7768,pad,6,6,6,1,1,1,-1,-1,-3,-2,0,1,5,-4,-1,-3
7769,pad,9,9,9,1,1,1,-2,-3,-3,0,0,-1,-5,-1,-1,4
7770,pad,8,8,8,1,1,1,-1,-1,0,-1,-2,0,0,-2,4,-1
7771,pad,3,3,3,1,1,1,-2,-2,-2,6,-5,2,-3,-2,0,0
7772,pad,2,2,2,1,1,1,-2,0,5,1,-3,-2,-1,0,-1,-4
7773,pad,2,2,2,1,1,1,-2,1,4,2,-3,-2,-1,0,0,-4
7774,pad,8,8,8,1,1,1,-2,-1,-1,-1,0,-1,-1,-2,4,-1
7775,pad,4,4,4,1,1,1,-4,0,-1,-2,4,-3,-3,0,-3,-3
7776,pad,8,8,8,1,1,1,-1,-2,-2,0,-3,1,0,-3,5,-1
7777,pad,5,5,5,1,1,1,-2,-2,-3,0,-2,6,0,-2,1,0
7778,pad,6,6,6,1,1,1,0,-1,-2,-3,-1,2,6,-4,-1,-4
7779,pad,5,5,5,1,1,1,0,-2,-3,0,-2,5,1,-2,0,0
7780,pad,0,0,0,1,1,1,4,-3,-2,-1,-1,0,2,-2,-1,-1
7781,pad,2,2,2,1,1,1,-2,1,3,2,-3,-2,-2,0,-1,-3
7782,pad,0,0,0,1,1,1,4,-3,-3,0,-2,1,2,-2,0,-1
7783,pad,1,1,1,1,1,1,0,2,-2,-1,-2,0,-2,-1,2,0
7784,pad,1,1,1,1,1,1,-1,4,-2,-3,-2,-1,-2,0,0,-2
7785,pad,2,2,2,1,1,1,-2,1,5,2,-3,-3,-2,0,0,-4
7786,pad,9,9,9,1,1,1,-1,-2,-1,0,0,-1,-4,1,0,2
7787,pad,6,6,6,1,1,1,0,-1,-2,-3,-1,1,6,-4,-1,-4
7788,pad,8,8,8,1,1,1,-1,-1,0,0,-2,-1,-1,-2,4,-1
7789,pad,2,2,2,1,1,1,-2,1,6,1,-3,-3,-2,-1,0,-4
7790,pad,1,1,1,1,1,1,-1,4,-2,-3,-1,-1,-1,-1,0,-1
7791,pad,0,0,0,1,1,1,5,-3,-2,-1,-2,0,2,-2,-1,-1
7792,pad,6,6,6,1,1,1,0,-1,-3,-3,-1,2,7,-4,-1,-4
7793,pad,5,5,5,1,1,1,-2,-1,-3,0,-2,6,1,-2,2,-1
7794,pad,2,2,2,1,1,1,-1,2,5,-1,-2,-3,-2,1,-3,-5
7795,pad,9,9,9,1,1,1,-2,-2,-2,-1,1,-2,-4,0,-1,4
7796,pad,7,7,7,1,1,1,-2,0,-1,0,-1,-1,-6,4,-1,0
7797,pad,5,5,5,1,1,1,-1,-1,-2,-1,-1,5,1,-2,1,0
7798,pad,3,3,3,1,1,1,-2,-2,-2,6,-5,3,-3,-2,0,0
7799,pad,9,9,9,1,1,1,-2,-1,-2,-1,0,-2,-5,1,-1,2
7800,pad,3,3,3,1,1,1,-2,-1,0,5,-4,1,-2,-1,0,-2
7801,pad,7,7,7,1,1,1,-1,0,0,0,-1,-1,-5,4,-1,-1
7802,pad,1,1,1,1,1,1,-1,4,-1,-3,-1,-1,0,-2,0,-2
7803,pad,8,8,8,1,1,1,-1,-2,-2,0,-2,1,0,-3,5,-1
7804,pad,3,3,3,1,1,1,-1,-2,-1,5,-5,1,-3,-2,1,0
7805,pad,8,8,8,1,1,1,-2,-1,-2,-1,-1,1,1,-3,5,-2
7806,pad,1,1,1,1,1,1,-1,4,-1,-3,-2,-1,-1,-2,0,-2
7807,pad,9,9,9,1,1,1,-2,-2,-2,0,0,-1,-5,0,0,3
7808,pad,5,5,5,1,1,1,-1,-2,-2,0,-2,5,0,-2,0,0
7809,pad,5,5,5,1,1,1,-1,-2,-2,0,-2,5,0,-2,0,0
7810,pad,0,0,0,1,1,1,5,-3,-1,-1,-2,0,2,-2,-1,-1
7811,pad,1,1,1,1,1,1,-1,4,-3,-3,-2,0,-1,-1,1,-2
7812,pad,1,1,1,1,1,1,0,3,-2,-2,-2,0,-1,-2,0,-1
7813,pad,9,9,9,1,1,1,-1,-3,-3,-2,1,-2,-5,0,0,3
7814,pad,8,8,8,1,1,1,-2,-2,-2,1,-3,0,-1,-3,5,0
7815,pad,2,2,2,1,1,1,-1,0,4,1,-3,-2,-1,0,0,-3
7816,pad,6,6,6,1,1,1,-1,0,-1,-3,-1,2,6,-4,0,-4
7817,pad,0,0,0,1,1,1,4,-3,-3,-1,-2,1,2,-1,0,-1
7818,pad,4,4,4,1,1,1,-6,-1,-3,-5,7,-3,-3,-1,-2,-3
7819,pad,5,5,5,1,1,1,-1,-2,-2,1,-3,5,0,-2,1,-1
7820,pad,0,0,0,1,1,1,5,-3,-2,-1,-3,1,1,-2,-1,-1
7821,pad,3,3,3,1,1,1,0,-2,1,3,-4,0,-1,-1,0,-1
7822,pad,1,1,1,1,1,1,-2,3,-1,-2,-1,-1,-1,-2,0,-1
7823,pad,8,8,8,1,1,1,-2,-1,-1,0,-2,1,0,-2,4,-2
7824,pad,6,6,6,1,1,1,0,-1,-1,-3,-2,2,5,-3,-1,-3
7825,pad,7,7,7,1,1,1,-2,0,0,0,-1,-2,-5,3,-1,0
7826,pad,5,5,5,1,1,1,-2,-1,-2,1,-2,3,0,-1,1,-1
7827,pad,9,9,9,1,1,1,-1,-2,-2,0,-1,0,-4,0,-1,3
7828,pad,9,9,9,1,1,1,-1,-2,-3,-1,1,-1,-4,0,-1,3
7829,pad,3,3,3,1,1,1,-2,-1,0,5,-5,2,-3,-1,0,0
7830,pad,0,0,0,1,1,1,4,-3,-2,-1,-1,0,2,-1,-1,0
7831,pad,3,3,3,1,1,1,-1,-2,0,5,-4,1,-2,-1,1,0
7832,pad,1,1,1,1,1,1,-1,4,-2,-3,-2,0,0,-2,0,-2
7833,pad,4,4,4,1,1,1,-5,0,-2,-5,6,-3,-4,-1,-3,-2
7834,pad,4,4,4,1,1,1,-5,-1,-3,-3,5,-3,-3,0,-1,0
7835,pad,0,0,0,1,1,1,4,-3,-2,0,-1,1,2,-1,0,-1
7836,pad,4,4,4,1,1,1,-4,-1,-2,-3,5,-3,-3,-1,-2,-2
7837,pad,9,9,9,1,1,1,-2,-2,-3,-1,1,-2,-4,0,0,3
7838,pad,0,0,0,1,1,1,3,-3,-3,-2,-1,-1,1,-1,0,1
7839,pad,1,1,1,1,1,1,0,3,-1,-2,-1,-1,0,-2,-1,-2
7840,pad,2,2,2,1,1,1,0,1,4,0,-1,-1,-1,-1,-2,-3
7841,pad,3,3,3,1,1,1,-1,-1,-1,3,-2,1,-2,-1,0,0
7842,pad,5,5,5,1,1,1,-1,-1,-2,1,-2,3,0,-1,1,-1
7843,pad,6,6,6,1,1,1,0,-1,-3,-3,1,0,5,-3,-1,-3
7844,pad,7,7,7,1,1,1,-2,0,-1,0,0,-1,-4,4,0,-1
7845,pad,8,8,8,1,1,1,1,-1,0,-1,-2,0,-1,-2,4,-1
7846,pad,0,0,0,1,1,1,5,-3,-2,-1,-3,-1,1,-1,0,-1
7847,pad,1,1,1,1,1,1,1,2,-1,-1,-3,-1,-1,-1,0,-2
7848,pad,2,2,2,1,1,1,0,1,4,0,-1,-2,-2,-1,-2,-3
7849,pad,3,9,0,0,0,0,1,-1,0,1,-1,0,-2,0,-1,1
7850,pad,5,5,5,1,1,1,-1,0,-1,0,-2,3,1,-1,0,-2
7851,pad,6,6,6,1,1,1,1,-1,-3,-2,0,2,4,-3,0,-1
7852,pad,7,7,7,1,1,1,-1,-1,-1,0,0,-1,-4,3,-1,0
7853,pad,8,8,8,1,1,1,0,-1,-1,-1,-1,-1,0,-2,4,0
7854,pad,9,9,9,1,1,1,-1,-2,-2,0,0,-1,-3,0,0,3
7855,pad,0,0,0,1,1,1,4,-3,-2,-2,-2,-1,2,-2,0,-1
7856,pad,1,1,1,1,1,1,1,2,-1,-1,-3,0,0,-2,0,-1
7857,pad,2,2,2,1,1,1,-2,1,5,0,-1,-2,-2,0,-2,-4
7858,pad,3,3,3,1,1,1,0,-1,1,2,-3,0,-2,-1,1,0
7859,pad,5,5,5,1,1,1,-1,-1,-1,1,-3,3,1,-2,0,-2
7860,pad,6,6,6,1,1,1,1,-1,-2,-2,0,1,4,-3,-1,-2
7861,pad,7,7,7,1,1,1,-1,0,0,0,-1,-1,-3,2,0,0
7862,pad,8,8,8,1,1,1,0,-1,0,0,-2,-1,-1,-2,4,0
7863,pad,9,9,9,1,1,1,-2,-1,-3,-2,1,-1,-3,-1,-1,3
7864,pad,9,9,9,1,1,1,-1,-3,-3,0,0,-1,-4,-1,-1,4
7865,pad,7,7,7,1,1,1,-1,0,-1,0,-1,-1,-5,4,-1,-1
7866,pad,0,0,0,1,1,1,4,-3,-3,-1,-1,-1,1,-1,0,0
7867,pad,9,9,9,1,1,1,-1,-2,-3,-1,1,-2,-4,0,-1,4
7868,pad,0,0,0,1,1,1,4,-3,-1,-1,-2,-1,1,-1,0,-1
7869,pad,1,1,1,1,1,1,-1,3,-2,-3,-2,-1,-1,-1,0,-1
7870,pad,5,5,5,1,1,1,1,-2,-1,1,-2,2,0,-1,0,1
7871,pad,8,8,8,1,1,1,-1,-1,-1,0,-1,0,0,-2,4,-1
7872,pad,8,8,8,1,1,1,0,-2,-1,1,-4,0,-1,-4,5,0
7873,pad,0,0,0,1,1,1,5,-3,-3,-1,-2,-1,1,-1,-1,0
7874,pad,9,9,9,1,1,1,-1,-2,-3,-1,1,-2,-4,0,0,3
7875,pad,3,3,3,1,1,1,0,-1,0,4,-4,2,-2,-2,0,0
7876,pad,2,2,2,1,1,1,-1,1,4,0,-2,-1,-1,0,-2,-4
7877,pad,7,7,7,1,1,1,-1,0,-1,0,-1,-1,-4,3,-1,0
7878,pad,8,8,8,1,1,1,0,-2,-1,1,-3,0,-2,-2,5,0
7879,pad,4,4,4,1,1,1,-5,0,-2,-4,6,-3,-3,-1,-2,-3
7880,pad,6,6,6,1,1,1,0,-1,-2,-2,0,1,4,-3,-2,-2
7881,pad,1,1,1,1,1,1,-2,4,-2,-4,-2,-1,-1,0,-1,-1
7882,pad,0,0,0,1,1,1,5,-3,-1,-2,-2,0,2,-2,-1,-1
7883,pad,4,4,4,1,1,1,-2,0,-1,-3,4,-3,-2,0,-3,-1
7884,pad,9,9,9,1,1,1,-1,-2,-2,0,0,-2,-4,0,0,3
7885,pad,4,4,4,1,1,1,-3,0,-1,-4,5,-3,-3,-1,-3,-2
7886,pad,2,2,2,1,1,1,-1,1,3,-1,0,-2,-2,-1,-2,-3
7887,pad,0,0,0,1,1,1,4,-3,-3,-1,-2,0,1,-2,0,0
7888,pad,5,5,5,1,1,1,-1,-1,-2,1,-2,4,-1,-1,0,0
7889,pad,0,0,0,1,1,1,5,-3,-3,0,-1,0,2,-1,-1,0
7890,pad,1,1,1,1,1,1,-1,3,-3,-3,-2,0,-2,0,0,0
7891,pad,6,6,6,1,1,1,1,-2,-4,-3,-1,1,5,-4,0,-1
7892,pad,9,9,9,1,1,1,-2,-2,-3,-1,1,-1,-5,0,-2,3
7893,pad,3,3,3,1,1,1,-1,-2,-2,5,-4,1,-3,-2,0,0
7894,pad,2,2,2,1,1,1,-1,1,5,0,-2,-2,-2,1,-3,-4
7895,pad,9,9,9,1,1,1,-1,-2,-3,-1,1,-2,-4,0,-1,3
7896,pad,1,1,1,1,1,1,0,3,-2,-2,-2,-1,0,-1,0,-2
7897,pad,6,6,6,1,1,1,0,-1,-3,-2,0,2,5,-3,0,-2
7898,pad,0,0,0,1,1,1,4,-3,-2,0,-2,-1,1,-1,0,0
7899,pad,1,1,0,1,0,0,2,0,-2,-1,-2,0,-1,-1,1,0
7900,pad,1,1,1,1,1,1,0,2,-2,-1,-2,-1,-1,-1,0,0
7901,pad,8,8,8,1,1,1,1,-2,-2,0,-3,0,0,-3,5,-2
7902,pad,7,7,7,1,1,1,0,-1,-1,0,-1,0,-3,1,0,0
7903,pad,7,7,7,1,1,1,0,-1,-1,0,0,-1,-3,2,0,0
7904,pad,6,6,6,1,1,1,1,-1,-2,-2,0,1,4,-3,-1,-1
7905,pad,3,3,3,1,1,1,0,-2,-1,3,-3,0,-2,-1,1,0
7906,pad,6,6,6,1,1,1,1,-2,-4,-2,-1,1,5,-4,-1,-2
7907,pad,0,0,0,1,1,1,4,-3,-2,0,-1,0,2,-1,0,0
7908,pad,7,7,7,1,1,1,-2,0,-1,0,-1,-1,-6,4,-1,-1
7909,pad,2,2,2,1,1,1,-1,0,4,0,-2,-2,-2,-1,0,-2
7910,pad,4,4,4,1,1,1,-3,-1,-1,-3,6,-3,-3,-1,-3,-2
7911,pad,1,1,1,1,1,1,-1,4,-2,-3,-2,-1,-1,-2,-1,-2
7912,pad,7,7,7,1,1,1,-1,0,-1,1,-1,-1,-3,2,0,0
7913,pad,0,0,0,1,1,1,4,-3,-2,-2,-1,-1,2,-2,-1,-1
7914,pad,6,6,6,1,1,1,1,-2,-4,-2,0,2,4,-3,0,-1
7915,pad,7,7,7,1,1,1,-1,-1,-1,1,-1,0,-4,2,-1,0
7916,pad,1,1,1,1,1,1,0,2,-1,-2,-2,0,0,-1,0,-1
7917,pad,2,2,2,1,1,1,1,0,3,0,-2,-1,-2,0,-1,-2
7918,pad,5,5,5,1,1,1,-1,-1,0,1,-3,3,2,-2,0,-3
7919,pad,8,8,8,1,1,1,0,-1,-1,-1,-1,0,0,-2,4,-1
7920,pad,1,1,1,1,1,1,0,3,-1,-2,-3,0,-1,-1,0,-2
7921,pad,8,8,8,1,1,1,-1,0,0,1,-2,1,0,-1,2,-2
7922,pad,2,2,2,1,1,1,1,0,3,0,-1,-1,-1,-1,-1,-3
7923,pad,8,8,8,1,1,1,0,-1,-1,0,-2,0,-1,-2,4,-1
7924,pad,7,7,7,1,1,1,-1,0,-1,0,-1,-1,-4,3,-1,0
7925,pad,6,6,6,1,1,1,0,-2,-4,-2,0,2,5,-4,-1,-2
7926,pad,8,8,8,1,1,1,-1,-1,-1,-1,-2,0,0,-3,5,-1
7927,pad,7,7,7,1,1,1,-1,0,-2,0,-1,-1,-4,2,-1,1
7928,pad,1,1,0,1,0,0,2,2,-1,-1,-3,0,0,-2,-1,-2
7929,pad,6,6,6,1,1,1,1,-1,-3,-3,-1,2,5,-4,-1,-2
7930,pad,2,2,2,1,1,1,-1,1,5,0,-2,-2,-2,0,-1,-3
7931,pad,9,9,9,1,1,1,-2,-2,-3,-1,1,-2,-5,0,-1,4
7932,pad,3,3,3,1,1,1,-3,-1,-2,6,-4,3,-4,-1,-1,0
7933,pad,0,0,0,1,1,1,5,-4,-2,0,-2,-2,0,-1,0,1
7934,pad,1,1,1,1,1,1,-2,4,-2,-2,-1,0,-1,0,0,-1
7935,pad,2,2,2,1,1,1,-1,1,6,0,-3,-3,-2,0,-2,-6
7936,pad,3,3,3,1,1,1,-2,-1,0,5,-4,0,-3,-1,1,-2
7937,pad,4,4,4,1,1,1,-2,-1,-1,-3,4,-3,-3,-1,-2,-1
7938,pad,5,5,5,1,1,1,-2,-2,-3,-1,-1,6,1,-3,1,0
7939,pad,6,6,6,1,1,1,0,-1,-2,-2,0,2,5,-3,0,-2
7940,pad,7,7,7,1,1,1,-2,-1,0,1,-1,-1,-5,4,0,0
7941,pad,8,8,8,1,1,1,0,-2,-1,0,-2,-1,-1,-3,5,1
7942,pad,9,9,9,1,1,1,-1,-2,-2,1,-1,-1,-4,0,0,3
7943,pad,0,0,0,1,1,1,4,-3,-2,-1,-1,0,1,-1,0,0
7944,pad,1,1,1,1,1,1,-1,4,-1,-4,-2,-1,0,-1,-1,-3
7945,pad,2,2,2,1,1,1,1,0,3,0,-2,-1,-1,0,-1,-3
7946,pad,3,3,3,1,1,1,-2,0,1,4,-3,-1,-2,0,0,-2
7947,pad,4,4,4,1,1,1,-3,-1,-1,-3,5,-4,-4,0,-2,-1
7948,pad,5,5,5,1,1,1,-1,-2,-1,-1,-2,5,1,-3,2,0
7949,pad,6,6,6,1,1,1,0,-2,-4,-2,0,2,5,-3,-1,-2
7950,pad,7,7,7,1,1,1,-2,0,1,1,-1,-1,-4,3,-1,-1
7951,pad,8,8,8,1,1,1,-1,-1,-2,0,-1,-1,-2,-2,3,1
7952,pad,9,9,9,1,1,1,-2,-1,-3,-1,1,-2,-4,-1,0,3
7953,pad,0,0,0,1,1,1,6,-4,-2,-2,-2,-2,2,-2,-1,0
7954,pad,1,1,1,1,1,1,0,3,-1,-3,-2,-1,-2,0,1,-2
7955,pad,2,2,2,1,1,1,-1,1,5,0,-2,-2,-2,0,-1,-3
7956,pad,3,3,3,1,1,1,-4,-1,-1,6,-4,1,-3,-1,0,-3
7957,pad,4,4,4,1,1,1,-5,-1,-3,-4,5,-3,-3,-1,-2,-1
7958,pad,5,5,5,1,1,1,-2,-2,-3,2,-3,6,0,-2,1,0
7959,pad,6,6,6,1,1,1,0,-1,-3,-2,-1,1,6,-3,0,-3
7960,pad,7,7,7,1,1,1,-2,-1,0,0,0,-1,-4,3,-1,-1
7961,pad,8,8,8,1,1,1,0,-2,-1,0,-2,-1,-1,-2,5,0
7962,pad,9,9,9,1,1,1,-3,-1,-2,-2,1,-3,-4,0,0,3
7963,pad,8,8,8,1,1,1,0,-2,-1,0,-2,0,-1,-2,5,0
7964,pad,9,9,9,1,1,1,-2,-1,-2,-2,1,-1,-3,-2,0,3
7965,pad,5,5,5,1,1,1,-2,-3,-4,-1,-3,7,1,-3,1,1
7966,pad,7,7,7,1,1,1,-2,-1,0,0,0,-1,-4,3,-1,0
7967,pad,0,0,0,1,1,1,6,-4,-2,-2,-2,-1,2,-2,-2,-1
7968,pad,3,3,3,1,1,1,-4,-1,-1,6,-5,1,-3,-1,1,-1
7969,pad,1,1,1,1,1,1,-2,3,-2,-2,-1,0,-1,0,0,-1
7970,pad,6,6,6,1,1,1,0,-1,-2,-2,0,1,5,-3,0,-3
7971,pad,8,8,8,1,1,1,0,-2,-2,-1,-1,0,-1,-1,4,0
7972,pad,4,4,4,1,1,1,-3,0,-1,-3,4,-2,-3,-1,-2,-1
7973,pad,1,1,1,1,1,1,-1,4,-1,-3,-2,-1,-2,0,0,-2
7974,pad,5,5,5,1,1,1,-1,-2,-3,1,-3,5,0,-2,1,0
7975,pad,6,6,6,1,1,1,0,-2,-4,-2,0,2,6,-4,0,-3
7976,pad,4,4,4,1,1,1,-3,0,-1,-4,6,-3,-3,0,-4,-1
7977,pad,2,2,2,1,1,1,-1,2,7,0,-3,-3,-2,1,-3,-7
7978,pad,7,7,7,1,1,1,-1,0,1,0,-1,-1,-3,2,0,-1
7979,pad,8,8,8,1,1,1,0,-3,-1,-1,-2,0,-1,-3,6,-1
7980,pad,1,1,1,1,1,1,-1,4,-1,-3,-2,-1,-1,-1,0,-2
7981,pad,3,3,3,1,1,1,-3,-1,-2,6,-4,2,-3,-1,0,-1
7982,pad,4,4,4,1,1,1,-4,0,-2,-2,4,-1,-2,-1,0,-1
7983,pad,3,3,3,1,1,1,-4,-1,-2,5,-2,2,-2,0,0,-1
7984,pad,4,4,4,1,1,1,-3,-1,-2,-3,4,-2,-2,-1,-2,-1
7985,pad,7,7,7,1,1,1,-1,-1,0,1,-1,-1,-3,2,0,0
7986,pad,2,2,2,1,1,1,0,0,4,1,-3,-3,-2,1,-1,-4
7987,pad,0,0,0,1,1,1,4,-3,-2,-1,-1,-1,1,-1,0,0
7988,pad,5,5,5,1,1,1,-1,-2,-2,0,-2,4,0,-1,0,0
7989,pad,0,0,0,1,1,1,5,-3,-2,-1,-1,-1,1,-1,-1,1
7990,pad,1,1,1,1,1,1,-1,3,-2,-3,-1,0,0,-1,1,-1
7991,pad,9,9,9,1,1,1,-2,-2,-2,-1,1,-2,-4,0,0,3
7992,pad,2,2,2,1,1,1,-2,2,6,0,-2,-3,-1,0,-3,-6
7993,pad,3,3,3,1,1,1,-3,-2,-2,6,-5,3,-3,-2,0,0
7994,pad,2,2,2,1,1,1,0,0,4,0,-2,-1,-1,-1,-1,-3
7995,pad,3,3,3,1,1,1,-4,-1,-1,6,-4,2,-3,-1,0,-1
7996,pad,5,5,5,1,1,1,-2,-1,-1,1,-2,3,0,-1,0,-1
7997,pad,5,5,5,1,1,1,-2,-2,-2,1,-2,5,0,-2,1,0
7998,pad,7,7,7,1,1,1,-3,-1,0,0,0,-1,-4,3,0,-1
7999,pad,8,8,8,1,1,1,0,-2,-1,-2,-2,0,0,-2,5,-1
8000,pad,4,4,4,1,1,1,-2,1,1,-3,4,-3,-3,0,-4,-1
8001,pad,9,9,9,1,1,1,-2,-2,-3,0,0,-1,-5,-1,-1,5
8002,pad,9,9,9,1,1,1,-1,-2,-2,0,0,0,-4,1,-1,3
8003,pad,7,7,7,1,1,1,-1,0,-1,0,-1,-1,-3,2,0,-1
8004,pad,1,1,1,1,1,1,-2,4,-1,-3,-2,0,0,-2,0,-3
8005,pad,1,1,1,1,1,1,-2,4,-1,-3,-1,-1,-2,0,-1,-2
8006,pad,9,9,9,1,1,1,-2,-2,-2,-1,0,-1,-5,0,-1,4
8007,pad,0,0,0,1,1,1,5,-3,-2,-2,-3,-2,1,-1,0,0
8008,pad,7,7,7,1,1,1,-2,-1,0,1,-1,-1,-3,2,0,-1
8009,pad,8,8,8,1,1,1,0,-3,-1,1,-3,-1,-3,-2,5,0
8010,pad,3,3,3,1,1,1,-1,-2,-1,5,-4,1,-2,-1,1,0
8011,pad,4,4,4,1,1,1,-3,-1,-1,-3,4,-3,-2,-1,-2,-2
8012,pad,8,8,8,1,1,1,-1,-1,-1,-1,-1,0,-1,-1,3,-1
8013,pad,6,6,6,1,1,1,1,-1,-3,-3,-1,1,6,-3,-1,-4
8014,pad,3,3,3,1,1,1,-2,-1,-1,5,-4,2,-3,0,0,-1
8015,pad,8,8,8,1,1,1,-1,-2,-1,-1,-2,0,-1,-3,6,0
8016,pad,0,0,0,1,1,1,4,-2,-1,-1,-2,-1,0,-1,0,0
8017,pad,9,9,9,1,1,1,-3,-2,-2,-1,0,-1,-5,0,-1,4
8018,pad,6,6,6,1,1,1,0,-2,-4,-3,0,1,6,-4,-1,-2
8019,pad,2,2,2,1,1,1,-1,0,4,1,-3,-2,-2,0,0,-4
8020,pad,1,1,1,1,1,1,-2,3,-1,-3,0,-1,-1,0,-1,-1
8021,pad,0,0,0,1,1,1,5,-3,-2,-1,-2,-1,1,-2,0,0
8022,pad,1,1,1,1,1,1,-1,4,-2,-3,-1,-1,0,-2,-1,-1
8023,pad,0,0,0,1,1,1,5,-3,-2,-1,-2,-1,1,-1,-1,0
8024,pad,6,6,6,1,1,1,0,-2,-3,-2,-1,2,5,-4,-1,-1
8025,pad,2,2,2,1,1,1,0,1,5,-1,-2,-3,-2,-1,-2,-4
8026,pad,3,3,3,1,1,1,-3,-1,-2,7,-5,2,-4,-1,0,-1
8027,pad,8,8,8,1,1,1,0,-3,-1,0,-3,-1,-2,-3,6,0
8028,pad,9,9,9,1,1,1,-2,-1,-3,-2,1,-2,-4,-1,-1,4
8029,pad,0,0,0,1,1,1,4,-3,-2,-1,-1,-1,2,-2,-1,0
8030,pad,7,7,7,1,1,1,-2,0,1,1,-1,-1,-3,3,-1,-1
8031,pad,2,2,2,1,1,1,-2,1,5,0,-3,-2,-2,0,-1,-5
8032,pad,3,3,3,1,1,1,-2,-1,-1,5,-4,1,-3,-1,1,0
8033,pad,4,4,4,1,1,1,-4,0,-1,-2,4,-3,-3,-1,-2,-2
8034,pad,5,5,5,1,1,1,-3,-1,-2,1,-3,6,0,-2,1,0
8035,pad,5,5,5,1,1,1,-2,-1,-2,1,-2,5,0,-2,1,1
8036,pad,2,2,2,1,1,1,-1,1,6,0,-2,-2,-1,0,-2,-5
8037,pad,8,8,8,1,1,1,-1,-2,-1,0,-2,-1,-1,-2,4,0
8038,pad,5,5,5,1,1,1,-1,-1,-2,-1,-2,5,1,-2,1,0
8039,pad,4,4,4,1,1,1,-4,-1,-2,-4,5,-2,-3,-1,-2,-1
8040,pad,6,6,6,1,1,1,0,-1,-2,-2,0,1,5,-3,0,-3
8041,pad,6,6,6,1,1,1,0,-1,-3,-2,0,2,5,-3,-1,-3
8042,pad,6,6,6,1,1,1,0,-1,-3,-3,0,1,5,-3,-1,-2
8043,pad,7,7,3,1,0,0,-2,-1,1,2,-2,-2,-3,2,0,-2
8044,pad,9,9,9,1,1,1,-2,-2,-2,-1,1,-2,-4,0,-1,3
8045,pad,1,1,1,1,1,1,-1,3,0,-2,-2,-1,-1,-1,0,-2
8046,pad,8,8,8,1,1,1,0,-2,-2,0,-2,0,-1,-3,5,0
8047,pad,2,2,2,1,1,1,0,1,4,1,-3,-1,-1,0,-1,-4
8048,pad,1,1,1,1,1,1,-2,4,-1,-3,-1,-1,-2,0,0,0
8049,pad,5,5,5,1,1,1,-2,-2,-2,-2,-2,6,1,-3,2,0
8050,pad,3,3,3,1,1,1,-1,-2,0,6,-5,2,-2,-2,0,-1
8051,pad,4,4,4,1,1,1,-3,0,-1,-2,4,-3,-2,0,-2,-2
8052,pad,7,7,7,1,1,1,-2,0,0,0,-1,-1,-5,4,0,-1
8053,pad,9,9,9,1,1,1,-2,-2,-2,-1,0,-1,-4,0,0,3
8054,pad,4,4,4,1,1,1,-4,-1,-2,-3,5,-3,-3,-1,-2,-1
8055,pad,0,0,0,1,1,1,4,-3,-2,-1,-1,-1,1,-1,0,-1
8056,pad,0,0,0,1,1,1,4,-3,-2,-1,-1,0,1,-1,-1,-1
8057,pad,0,0,0,1,1,1,4,-3,-2,0,-2,-1,0,0,0,0
8058,pad,1,1,1,1,1,1,-2,3,-1,-2,0,-1,-2,1,-1,-1
8059,pad,2,2,1,1,0,0,-3,2,2,0,-1,0,-1,0,0,-2
8060,pad,3,3,3,1,1,1,-1,-2,-1,5,-4,1,-3,-2,1,0
8061,pad,4,4,4,1,1,1,-1,0,-1,-1,2,-2,-2,0,-2,0
8062,pad,5,5,5,1,1,1,-1,-2,-3,-1,-2,4,0,-2,1,1
8063,pad,6,6,6,1,1,1,0,-1,-2,-2,0,2,3,-3,0,-2
8064,pad,7,7,7,1,1,1,-1,0,-1,0,-1,0,-4,2,0,0
8065,pad,8,8,8,1,1,1,1,-1,-2,0,-1,-1,-1,-1,2,-1
8066,pad,9,9,9,1,1,1,-1,-1,-2,0,0,0,-3,0,0,2
8067,pad,0,0,0,1,1,1,4,-2,-1,-2,-2,0,1,-1,0,-1
8068,pad,1,1,1,1,1,1,-2,4,-1,-2,-1,-1,-2,1,-1,-1
8069,pad,2,2,2,1,1,1,-2,2,3,0,-2,-2,-2,1,-1,-3
8070,pad,3,3,3,1,1,1,-2,-1,-1,6,-4,2,-3,-1,0,-1
8071,pad,4,4,4,1,1,1,-2,0,-1,-3,3,-2,-3,0,-3,1
8072,pad,5,5,5,1,1,1,-2,-2,-3,2,-3,6,-1,-2,0,1
8073,pad,6,6,6,1,1,1,-1,-1,-2,-2,0,2,6,-3,0,-4
8074,pad,7,7,7,1,1,1,-2,-1,-1,0,0,-1,-5,3,-1,1
8075,pad,8,8,8,1,1,1,1,-1,-3,0,-2,1,0,-2,3,-1
8076,pad,9,9,9,1,1,1,-2,-2,-3,-2,1,-2,-5,-1,-1,4
8077,pad,0,0,0,1,1,1,4,-3,-2,-2,-2,1,0,0,0,-1
8078,pad,1,1,1,1,1,1,-2,3,-1,-2,-1,-1,-2,1,-1,-1
8079,pad,2,2,2,1,1,1,-1,2,5,-1,-2,-3,-1,0,-2,-5
8080,pad,3,3,3,1,1,1,-2,-1,0,5,-4,1,-3,-1,1,-1
8081,pad,4,4,4,1,1,1,-1,0,0,-1,3,-1,0,0,-2,-1
8082,pad,5,5,5,1,1,1,-2,-2,-2,0,-2,5,0,-2,0,2
8083,pad,6,6,6,1,1,1,0,-1,-2,-2,0,2,4,-3,-1,-2
8084,pad,9,9,9,1,1,1,-2,-1,-3,-2,2,-2,-4,-1,-2,4
8085,pad,0,0,0,1,1,1,5,-3,-2,-2,-1,0,2,-1,-1,-1
8086,pad,1,1,1,1,1,1,-2,3,0,-2,-1,-1,-1,0,-2,-2
8087,pad,3,3,3,1,1,1,-2,-2,-1,6,-5,1,-3,-2,1,0
8088,pad,1,1,1,1,1,1,-2,4,-1,-3,-1,-1,-2,0,-1,-1
8089,pad,5,5,5,1,1,1,-3,-1,-4,-1,-1,6,-1,-2,0,1
8090,pad,1,1,1,1,1,1,-2,3,-1,-2,-1,-1,-2,1,-1,-1
8091,pad,2,2,2,1,1,1,0,1,3,0,-2,-2,-1,0,-1,-2
8092,pad,4,4,4,1,1,1,-1,0,-1,-1,2,-2,-2,1,-2,0
8093,pad,9,9,9,1,1,1,-1,0,-3,-2,1,-2,-3,-1,-1,2
8094,pad,2,8,8,0,0,1,-1,0,0,0,-1,-1,-1,-1,2,0
8095,pad,4,4,4,1,1,1,-1,0,-1,-2,2,-1,-1,0,-2,0
8096,pad,6,6,6,1,1,1,0,-1,-2,-2,1,1,4,-3,-2,-3
8097,pad,8,8,8,1,1,1,1,-3,-2,1,-3,0,-1,-3,4,0
8098,pad,0,0,0,1,1,1,5,-3,-2,-1,-2,-1,1,-1,0,0
8099,pad,1,1,1,1,1,1,-2,3,-2,-3,-1,-1,-2,0,-1,0
8100,pad,1,1,1,1,1,1,-2,4,-1,-3,-1,-1,-2,0,-1,-1
8101,pad,9,9,9,1,1,1,-1,0,-3,-1,0,-2,-3,-1,0,3
8102,pad,2,2,2,1,1,1,-2,1,4,0,-2,-2,-1,0,-1,-4
8103,pad,6,6,6,1,1,1,0,0,-1,-1,0,1,4,-3,-1,-3
8104,pad,6,6,6,1,1,1,0,-1,-1,-2,-1,1,3,-3,-1,-2
8105,pad,8,8,8,1,1,1,1,-2,-2,1,-2,0,-1,-2,2,0
8106,pad,7,7,7,1,1,1,-1,0,0,0,-1,-1,-3,2,0,-1
8107,pad,4,4,4,1,1,1,-1,0,0,-1,3,-2,-2,0,-3,0
8108,pad,2,2,2,1,1,1,-1,1,6,-1,-3,-3,-2,0,-2,-5
8109,pad,9,9,9,1,1,1,-2,-1,-2,-2,1,-2,-4,-1,0,3
8110,pad,7,7,7,1,1,1,-2,1,0,0,0,-1,-4,2,-1,0
8111,pad,0,0,0,1,1,1,4,-3,-2,-1,-1,0,2,-1,-1,0
8112,pad,2,2,2,1,1,1,-1,1,3,0,-2,-1,0,-1,0,-3
8113,pad,1,1,1,1,1,1,-2,4,-1,-3,-1,-1,-2,0,-1,-1
8114,pad,0,0,0,1,1,1,4,-3,-1,-1,-2,0,1,-1,-1,0
8115,pad,3,3,3,1,1,1,-1,-1,-1,3,-2,1,-2,-1,0,0
8116,pad,6,6,6,1,1,1,1,-1,-3,-2,-1,2,5,-4,0,-3
8117,pad,0,0,0,1,1,1,4,-2,-1,-2,-1,-2,2,-1,-2,-1
8118,pad,1,1,1,1,1,1,-1,4,-2,-3,-2,0,-1,0,0,-2
8119,pad,2,2,2,1,1,1,-1,1,5,-1,-2,-2,-2,-1,-2,-4
8120,pad,3,3,3,1,1,1,-3,-2,-1,7,-6,0,-4,-2,1,0
8121,pad,4,4,4,1,1,1,-4,0,-2,-3,4,-2,-1,-1,-2,-2
8122,pad,5,5,5,1,1,1,-1,-1,-2,0,-2,5,0,-1,0,1
8123,pad,6,6,6,1,1,1,0,-1,-1,-2,-2,2,4,-3,-1,-2
8124,pad,7,7,7,1,1,1,-1,-1,0,1,-1,-1,-5,3,-1,0
8125,pad,8,8,8,1,1,1,-2,-2,-1,-1,-1,0,-1,-3,6,0
8126,pad,9,9,9,1,1,1,-1,-2,-2,0,0,-1,-3,0,0,3
8127,pad,0,0,0,1,1,1,7,-4,-2,-2,-2,-1,2,-2,-2,-1
8128,pad,1,1,1,1,1,1,-1,2,1,-2,-1,0,1,-2,-1,-3
8129,pad,2,2,2,1,1,1,-1,1,5,0,-2,-2,-1,0,-2,-5
8130,pad,3,3,3,1,1,1,-3,-2,-2,7,-5,3,-4,-1,0,1
8131,pad,4,4,4,1,1,1,-4,0,-2,-4,5,-2,-3,-1,-2,-1
8132,pad,5,5,5,1,1,1,-1,-1,-2,1,-2,4,0,-1,0,0
8133,pad,6,6,6,1,1,1,-1,-1,-3,-2,0,1,5,-3,0,-1
8134,pad,7,7,7,1,1,1,-2,0,0,0,0,-1,-3,3,-1,-1
8135,pad,8,8,8,1,1,1,-2,-2,-1,0,-1,-1,-2,-3,4,2
8136,pad,9,9,9,1,1,1,-2,-2,-2,-1,0,-1,-4,0,-1,4
8137,pad,0,0,0,1,1,1,5,-4,-1,-1,-3,-1,1,-1,0,-1
8138,pad,1,1,1,1,1,1,-2,4,-1,-3,-2,-1,-1,0,0,-2
8139,pad,2,2,2,1,1,1,-2,1,6,1,-3,-2,-2,0,-2,-5
8140,pad,3,3,3,1,1,1,-3,-2,-2,6,-5,2,-3,-2,1,0
8141,pad,4,4,4,1,1,1,-4,0,-3,-4,5,-2,-3,-1,-3,0
8142,pad,5,5,5,1,1,1,-1,-2,-3,0,-2,4,0,-2,-1,0
8143,pad,6,6,6,1,1,1,0,-1,-1,-2,-1,2,4,-3,-1,-3
8144,pad,7,7,3,1,0,0,-1,-1,0,2,-2,-1,-4,2,0,-1
8145,pad,8,8,8,1,1,1,-1,-2,0,1,-4,1,0,-4,6,-1
8146,pad,9,9,9,1,1,1,-1,-2,-2,0,0,-1,-3,0,0,3
8147,pad,8,8,8,1,1,1,-1,-2,-1,0,-2,0,-1,-3,5,0
8148,pad,6,6,6,1,1,1,-1,-1,-3,-3,0,1,5,-3,0,-1
8149,pad,5,5,5,1,1,1,-1,-1,-2,-1,-2,5,0,-1,1,1
8150,pad,9,9,9,1,1,1,-1,-3,-3,1,-1,0,-5,-1,-1,4
8151,pad,7,7,7,1,1,1,-2,0,1,0,-1,-1,-3,2,-1,-1
8152,pad,0,0,0,1,1,1,5,-3,-2,-2,-1,-2,2,-1,-1,0
8153,pad,2,2,2,1,1,1,-1,1,4,0,-2,-2,-2,0,-2,-3
8154,pad,3,3,3,1,1,1,-3,-1,-2,6,-5,3,-4,-1,0,1
8155,pad,4,4,4,1,1,1,-4,0,-2,-4,5,-3,-2,-1,-1,-1
8156,pad,3,3,3,1,1,1,-3,-2,-1,6,-5,2,-4,-1,0,1
8157,pad,8,8,8,1,1,1,-1,-2,-1,-2,-2,1,-1,-4,6,0
8158,pad,5,5,5,1,1,1,-1,-2,-2,0,-2,4,0,-1,0,0
8159,pad,1,1,1,1,1,1,-2,4,0,-3,-1,-1,-2,1,-1,-2
8160,pad,5,3,3,0,0,1,0,-1,-1,2,-2,2,-2,-1,0,1
8161,pad,2,2,2,1,1,1,-1,1,5,0,-2,-2,-1,-1,-2,-5
8162,pad,3,3,3,1,1,1,-4,-1,-1,7,-5,1,-4,-1,1,-1
8163,pad,0,0,0,1,1,1,4,-3,-2,-1,-1,0,1,-1,0,0
8164,pad,1,1,1,1,1,1,-2,5,-1,-4,-3,-1,-1,-1,-1,-3
8165,pad,2,2,2,1,1,1,-1,1,3,-1,-1,-1,-1,0,-2,-3
8166,pad,1,1,1,1,1,1,-2,4,-2,-3,-2,0,-1,0,0,-2
8167,pad,3,3,3,1,1,1,-3,-2,-1,7,-6,1,-3,-2,1,-1
8168,pad,2,2,2,1,1,1,-2,2,5,0,-2,-2,-3,1,-2,-4
8169,pad,6,6,6,1,1,1,1,-2,-3,-2,-1,2,6,-4,-1,-2
8170,pad,5,5,5,1,1,1,-1,-1,-2,-1,-1,4,0,-1,-1,0
8171,pad,3,3,3,1,1,1,-3,-2,-2,5,-4,3,-3,-2,0,1
8172,pad,0,0,0,1,1,1,5,-3,-2,-1,-2,-1,0,-1,0,0
8173,pad,7,7,7,1,1,1,-3,0,0,0,0,-1,-3,3,-1,-1
8174,pad,2,2,2,1,1,1,-1,1,5,0,-2,-3,-2,0,-3,-5
8175,pad,7,7,7,1,1,1,-2,0,1,0,-1,-1,-3,3,-1,-2
8176,pad,4,4,4,1,1,1,-4,-1,-3,-3,5,-2,-2,-2,-1,-2
8177,pad,6,6,6,1,1,1,-1,-2,-3,-3,0,1,5,-4,0,-1
8178,pad,4,4,4,1,1,1,-4,0,-2,-4,5,-2,-2,-1,-2,-2
8179,pad,0,0,0,1,1,1,5,-3,-2,-2,-2,-1,2,-2,0,-1
8180,pad,5,5,5,1,1,1,0,-2,-3,0,-2,4,1,-2,0,0
8181,pad,9,9,9,1,1,1,-2,-2,-1,-1,1,0,-3,0,0,2
8182,pad,9,9,9,1,1,1,-1,-2,-3,-1,1,-2,-3,0,0,2
8183,pad,8,8,8,1,1,1,-1,-1,0,1,-2,0,-1,-2,3,0
8184,pad,9,9,9,1,1,1,-3,-2,-4,-1,1,-1,-4,-1,0,4
8185,pad,5,5,5,1,1,1,-3,-1,-2,2,-2,4,0,-2,1,0
8186,pad,3,3,3,1,1,1,-4,-1,-2,6,-5,1,-3,-2,1,-1
8187,pad,1,1,1,1,1,1,-2,4,-2,-4,-1,-1,-1,-1,1,-2
8188,pad,7,7,7,1,1,1,-2,-1,0,0,-1,-2,-4,4,-1,-1
8189,pad,4,4,4,1,1,1,-3,-1,-2,-4,5,-2,-3,-1,-2,-2
8190,pad,7,7,7,1,1,1,-2,-1,0,0,0,-1,-5,3,-1,0
8191,pad,6,6,6,1,1,1,0,-1,-2,-2,-1,2,4,-3,0,-2
8192,pad,5,5,5,1,1,1,-2,-2,-2,0,-1,5,0,-2,0,1
8193,pad,4,4,4,1,1,1,-2,0,-1,-3,3,-2,-2,0,-2,-1
8194,pad,0,0,0,1,1,1,4,-2,0,-2,-2,-2,0,-2,0,0
8195,pad,0,0,0,1,1,1,4,-2,-2,-1,-1,-1,1,-1,-1,0
8196,pad,6,6,6,1,1,1,0,-1,-2,-1,0,1,3,-3,0,-1
8197,pad,6,6,6,1,1,1,0,-2,-2,-2,-1,2,5,-4,1,-3
8198,pad,2,2,2,1,1,1,-1,1,3,-1,-1,-1,-2,0,-2,-2
8199,pad,0,0,0,1,1,1,4,-3,-1,-1,-3,-1,0,-1,0,0
8200,pad,6,6,6,1,1,1,0,-1,-2,-3,-1,2,6,-5,0,-3
8201,pad,3,3,3,1,1,1,-1,-2,-1,5,-5,1,-3,-2,1,1
8202,pad,7,7,7,1,1,1,-2,0,0,0,0,-1,-3,3,0,-1
8203,pad,7,7,7,1,1,1,-2,-1,-1,0,0,-1,-4,3,0,-1
8204,pad,4,4,4,1,1,1,-3,0,-1,-3,4,-3,-3,-1,-2,-2
8205,pad,4,4,4,1,1,1,-2,0,-1,-2,4,-2,-2,0,-2,-1
8206,pad,3,3,3,1,1,1,-2,-3,-2,7,-6,2,-4,-2,1,0
8207,pad,9,9,9,1,1,1,-2,-2,-3,-1,1,0,-4,-1,-1,4
8208,pad,2,2,2,1,1,1,-1,2,5,0,-2,-2,-2,1,-2,-4
8209,pad,8,8,8,1,1,1,-1,-1,0,0,-2,-1,-1,-3,5,0
8210,pad,9,9,9,1,1,1,-1,-2,-2,0,0,-1,-4,0,-1,4
8211,pad,6,6,6,1,1,1,-1,-2,-4,-3,0,2,6,-4,0,-2
8212,pad,0,0,0,1,1,1,4,-3,-2,-1,-1,-2,0,-1,0,1
8213,pad,9,9,9,1,1,1,0,-3,-2,1,-1,0,-3,0,-1,3
8214,pad,5,5,5,1,1,1,-1,-2,-3,0,-2,6,1,-3,1,1
8215,pad,3,3,3,1,1,1,-2,-2,-2,6,-5,2,-3,-2,1,0
8216,pad,8,8,8,1,1,1,-1,-2,0,2,-3,-1,-2,-3,4,0
8217,pad,8,8,8,1,1,1,-1,-2,-1,1,-2,-1,-2,-2,4,0
8218,pad,7,7,7,1,1,1,-1,-1,0,1,-1,-1,-4,2,-1,0
8219,pad,1,1,1,1,1,1,-1,4,-1,-3,-1,0,0,-1,0,-2
8220,pad,4,4,4,1,1,1,-4,0,-2,-3,4,-2,-2,-1,-1,-2
8221,pad,0,0,0,1,1,1,5,-3,-1,-1,-2,0,2,-1,-1,-1
8222,pad,4,4,4,1,1,1,-4,-1,-3,-4,6,-3,-3,-1,-2,-1
8223,pad,8,8,8,1,1,1,-1,-2,0,1,-3,0,-1,-3,5,0
8224,pad,5,5,5,1,1,1,-2,-1,-2,0,-2,5,1,-2,1,0
8225,pad,2,2,2,1,1,1,-1,1,5,1,-3,-2,-1,0,-2,-4
8226,pad,3,3,3,1,1,1,-1,-2,0,5,-4,0,-2,-2,1,-1
8227,pad,9,9,9,1,1,1,-2,-2,-3,0,1,-2,-5,0,-1,3
8228,pad,0,0,0,1,1,1,3,-1,-1,-1,-1,-1,1,-1,-1,-1
8229,pad,1,1,1,1,1,1,-2,4,-1,-4,-2,0,-1,-1,1,-3
8230,pad,9,9,9,1,1,1,-2,-2,-3,-1,1,-2,-4,-1,-1,4
8231,pad,1,1,1,1,1,1,-3,4,0,-3,-2,-1,-2,1,-1,-3
8232,pad,5,5,5,1,1,1,-1,-2,-3,1,-2,5,0,-2,0,0
8233,pad,1,1,1,1,1,1,-2,4,-2,-4,-1,0,-1,-1,1,-2
8234,pad,7,7,7,1,1,1,-2,0,-1,0,0,-1,-4,3,-1,0
8235,pad,4,4,4,1,1,1,-3,-1,-1,-3,4,-3,-3,-1,-2,-1
8236,pad,8,8,8,1,1,1,-2,-2,0,-1,-1,0,-1,-3,5,0
8237,pad,6,6,6,1,1,1,0,-2,-3,-2,-1,3,5,-4,0,-2
8238,pad,2,2,2,1,1,1,0,1,4,0,-2,-2,-1,-1,-1,-4
8239,pad,1,1,1,1,1,1,-2,4,0,-3,-1,-1,-1,-1,0,-2
8240,pad,6,6,6,1,1,1,0,-1,-1,-2,-1,2,5,-4,0,-3
8241,pad,8,8,8,1,1,1,-1,-2,-1,-1,-1,-1,-1,-3,4,0
8242,pad,8,8,8,1,1,1,-2,-1,-2,-2,0,0,0,-3,4,-1
8243,pad,0,0,0,1,1,1,4,-2,-2,-1,-2,1,3,-3,-1,-2
8244,pad,1,1,1,1,1,1,-1,3,-1,-3,-1,0,1,-3,-1,-2
8245,pad,2,2,2,1,1,1,0,1,4,0,-1,-2,-1,0,-2,-3
8246,pad,3,3,3,1,1,1,-1,-1,-1,3,-2,1,-2,-1,1,0
8247,pad,4,4,4,1,1,1,-4,0,-2,-3,4,-2,-3,-1,-1,0
8248,pad,7,7,7,1,1,1,-2,-1,0,1,-1,-1,-5,3,-1,-1
8249,pad,8,8,8,1,1,1,0,-2,-1,-1,-3,0,-1,-3,5,0
8250,pad,9,9,9,1,1,1,-2,-2,-3,0,0,-1,-4,-1,0,4
8251,pad,0,0,0,1,1,1,3,-2,-2,-1,0,0,2,-1,-1,-1
8252,pad,1,1,1,1,1,1,-2,4,-2,-3,-2,-1,-2,0,-1,-2
8253,pad,2,2,2,1,1,1,-1,1,3,-1,-1,-2,-2,0,-2,-3
8254,pad,3,3,3,1,1,1,-2,-1,-2,3,-2,1,-2,0,1,0
8255,pad,4,4,4,1,1,1,-4,0,-1,-1,1,-1,-2,-1,-1,-2
8256,pad,6,6,6,1,1,1,1,-1,0,-3,-2,2,5,-5,-2,-4
8257,pad,7,7,7,1,1,1,-2,0,0,1,-1,-1,-3,2,0,-1
8258,pad,8,8,8,1,1,1,-2,-1,-1,0,-1,1,0,-2,3,-1
8259,pad,9,9,9,1,1,1,-2,-3,-2,-1,1,-1,-4,0,-1,4
8260,pad,0,0,0,1,1,1,3,-2,-1,0,-1,0,1,-1,-1,0
8261,pad,1,1,1,1,1,1,-2,4,-1,-3,-2,-1,-1,-1,0,-3
8262,pad,2,2,2,1,1,1,-2,1,4,0,-2,-1,-1,-1,-2,-4
8263,pad,3,3,3,1,1,1,-2,-1,-1,4,-3,2,-3,-1,0,0
8264,pad,4,4,4,1,1,1,-2,0,-1,-2,3,-2,-3,-1,-1,0
8265,pad,7,7,7,1,1,1,-1,0,1,0,-1,-1,-2,2,0,-3
8266,pad,8,8,8,1,1,1,-1,-3,-2,0,-4,1,-1,-4,7,-1
8267,pad,9,9,9,1,1,1,-3,-2,-2,-2,2,-2,-4,0,0,4
8268,pad,1,1,1,1,1,1,-2,5,-2,-4,-1,-1,-2,-1,-1,-2
8269,pad,4,4,4,1,1,1,-2,0,-1,-1,2,-2,-2,0,-1,-1
8270,pad,5,5,5,1,1,1,-2,-1,-2,0,-2,5,0,-1,1,0
8271,pad,3,3,3,1,1,1,-2,-2,-3,6,-5,3,-4,-2,0,1
8272,pad,3,3,3,1,1,1,-3,0,-1,4,-3,1,-2,-1,1,-2
8273,pad,0,0,0,1,1,1,3,-2,-1,-1,-2,0,0,-1,-1,0
8274,pad,9,9,9,1,1,1,-2,-2,-3,-1,0,-1,-4,0,-1,3
8275,pad,5,5,5,1,1,1,0,-1,-1,0,-2,4,1,-2,0,0
8276,pad,4,4,4,1,1,1,-2,0,-2,-3,4,-2,-2,-1,-2,-1
8277,pad,3,3,3,1,1,1,-2,-1,-1,3,-2,1,-1,-1,1,-1
8278,pad,0,0,0,1,1,1,2,-1,0,0,-1,0,0,-1,-1,0
8279,pad,8,8,8,1,1,1,-3,-1,-1,0,0,0,-2,-1,2,1
8280,pad,4,4,4,1,1,1,-3,0,-1,-3,3,-2,-3,-1,-1,-1
8281,pad,6,6,6,1,1,1,0,0,0,-2,-1,2,4,-3,-1,-3
8282,pad,7,7,2,1,0,0,-1,0,2,1,-1,-1,-3,2,-1,-2
8283,pad,0,0,0,1,1,1,3,-2,0,0,-2,0,1,-1,-1,-1
8284,pad,7,7,7,1,1,1,-3,-1,-1,0,0,-1,-4,4,-1,-1
8285,pad,7,7,7,1,1,1,-2,0,-1,0,-1,-1,-4,3,-1,0
8286,pad,1,1,1,1,1,1,-1,3,-2,-3,-2,0,-1,0,0,-2
8287,pad,6,6,6,1,1,1,0,-1,0,-2,-1,1,4,-3,-1,-4
8288,pad,9,9,9,1,1,1,-2,-1,-3,-2,1,-2,-3,-1,0,3
8289,pad,1,1,1,1,1,1,-2,4,-2,-4,-2,-1,-1,0,0,-2
8290,pad,3,3,3,1,1,1,-2,-1,-1,3,-3,1,-2,-1,1,0
8291,pad,6,6,6,1,1,1,0,0,1,-3,-1,1,4,-3,-1,-4
8292,pad,2,2,2,1,1,1,0,0,3,0,-1,-2,-1,0,-1,-3
8293,pad,3,3,3,1,1,1,-2,-1,-1,4,-4,1,-3,-1,1,1
8294,pad,8,8,8,1,1,1,-1,-2,-1,-1,0,0,-1,-2,4,0
8295,pad,2,2,2,1,1,1,-1,1,3,1,-2,-1,-1,0,-1,-4
8296,pad,3,3,3,1,1,1,-2,-1,-1,3,-3,1,-1,-1,1,-1
8297,pad,8,8,8,1,1,1,-1,-2,-1,0,-2,0,-1,-2,4,0
8298,pad,9,9,9,1,1,1,-2,-2,-3,-2,1,-1,-3,-2,-1,4
8299,pad,5,5,5,1,1,1,-2,-1,-2,1,-2,3,0,-2,1,-1
8300,pad,8,8,8,1,1,1,0,-2,-2,-1,-2,0,-1,-3,6,-1
8301,pad,8,8,8,1,1,1,-2,-2,-1,-1,-1,1,-1,-3,4,0
8302,pad,7,7,7,1,1,1,-3,0,0,0,0,-1,-5,4,-1,-2
8303,pad,1,1,1,1,1,1,-2,4,-2,-3,-2,1,-1,-1,0,-2
8304,pad,7,7,7,1,1,1,-1,-1,1,1,-1,-1,-4,3,0,-1
8305,pad,1,1,1,1,1,1,-2,4,-1,-3,-2,0,-1,-1,0,-3
8306,pad,1,1,1,1,1,1,-2,4,-1,-3,-2,0,-1,0,0,-2
8307,pad,0,0,0,1,1,1,5,-3,-2,-1,-1,0,2,-2,-1,0
8308,pad,3,3,3,1,1,1,-3,0,-1,3,-2,2,-2,-1,1,-1
8309,pad,4,4,4,1,1,1,-4,0,-1,-3,4,-2,-4,-1,-2,0
8310,pad,2,2,2,1,1,1,-1,2,5,-1,-1,-2,-2,0,-3,-4
8311,pad,6,6,6,1,1,1,1,-1,-1,-3,0,1,3,-3,-2,-2
8312,pad,4,4,4,1,1,1,-4,0,-2,-4,4,-2,-3,-1,-2,1
8313,pad,7,7,7,1,1,1,-1,0,1,0,-1,-1,-4,3,-1,-2
8314,pad,4,4,4,1,1,1,-3,0,-3,-3,4,-2,-1,-1,-1,0
8315,pad,2,2,2,1,1,1,-1,0,4,0,-2,-1,-1,-1,-1,-3
8316,pad,7,2,2,0,0,1,0,0,2,1,-2,-1,-2,1,-1,-3
8317,pad,4,4,4,1,1,1,-3,-1,-1,-3,4,-2,-3,-1,-1,1
8318,pad,2,2,2,1,1,1,0,-1,2,1,-3,-1,0,-2,1,-2
8319,pad,9,9,9,1,1,1,-1,-2,-2,0,-1,0,-2,-1,0,3
8320,pad,2,2,2,1,1,1,-2,1,5,1,-3,-2,-1,0,-1,-5
8321,pad,7,7,7,1,1,1,-2,0,1,1,-1,0,-4,3,-1,-1
8322,pad,9,9,9,1,1,1,-2,-1,-2,-2,1,-2,-3,0,0,3
8323,pad,2,2,0,1,0,0,2,-1,2,0,-3,-1,-1,-1,1,-2
8324,pad,1,1,1,1,1,1,-2,6,-2,-5,-2,-1,-1,-1,-2,-3
8325,pad,0,5,5,0,0,1,1,-2,-2,-1,0,2,2,-2,-1,0
8326,pad,6,6,6,1,1,1,1,0,0,-3,0,1,3,-3,-3,-3
8327,pad,5,5,3,1,0,0,-1,-1,-2,2,-3,2,-1,-1,1,0
8328,pad,3,3,3,1,1,1,-3,-1,-2,6,-5,2,-3,-1,0,-1
8329,pad,4,4,4,1,1,1,0,-1,-1,-1,2,0,0,-1,-2,-1
8330,pad,8,8,8,1,1,1,-1,-2,0,0,-2,0,-1,-2,4,0
8331,pad,5,5,5,1,1,1,-2,-1,-1,1,-3,4,0,-2,0,-1
8332,pad,9,9,7,1,0,0,-1,-1,0,-1,0,-1,-4,1,0,1
8333,pad,6,6,6,1,1,1,0,-1,-3,-3,0,1,4,-3,-1,-1
8334,pad,9,9,9,1,1,1,-2,-2,-2,-2,1,-1,-4,-1,-2,4
8335,pad,0,0,0,1,1,1,3,-3,-3,0,-1,2,2,-2,-2,-1
8336,pad,6,6,6,1,1,1,0,-1,-2,-3,-1,2,5,-4,-2,-3
8337,pad,3,3,3,1,1,1,-4,0,-2,5,-4,2,-3,-1,1,-1
8338,pad,0,0,0,1,1,1,5,-3,-2,-1,-1,-1,1,-2,-1,0
8339,pad,8,8,2,1,0,0,-2,0,1,0,-1,0,0,0,1,-2
8340,pad,1,1,1,1,1,1,-2,4,-1,-3,-1,-1,-1,0,0,-2
8341,pad,6,6,6,1,1,1,1,-2,-2,-3,-2,2,6,-4,-1,-3
8342,pad,0,0,0,1,1,1,5,-3,-2,-1,-2,0,1,-1,-1,0
8343,pad,0,0,0,1,1,1,5,-3,-1,-2,-2,-1,1,-2,-1,-1
8344,pad,1,1,1,1,1,1,-1,4,-1,-3,-2,-1,-1,-1,0,-2
8345,pad,2,2,2,1,1,1,1,1,5,0,-3,-2,0,-1,-2,-4
8346,pad,3,3,3,1,1,1,-2,-1,-2,6,-4,2,-3,-1,0,0
8347,pad,4,4,4,1,1,1,-3,0,-1,-2,3,-2,-4,0,-3,1
8348,pad,5,5,5,1,1,1,-2,-1,-1,-1,-1,5,0,-2,0,0
8349,pad,6,6,6,1,1,1,1,-1,-2,-2,0,1,4,-3,-2,-3
8350,pad,7,7,7,1,1,1,-2,0,-1,0,-1,-1,-5,4,-1,-1
8351,pad,0,0,0,1,1,1,3,-2,-1,-1,-1,-1,1,-1,0,0
8352,pad,1,1,1,1,1,1,-2,3,-1,-3,-2,-1,-2,0,0,-2
8353,pad,2,2,2,1,1,1,0,1,3,-2,0,-2,-1,-1,-3,-3
8354,pad,3,3,3,1,1,1,-3,-1,-2,6,-4,3,-2,-1,0,-1
8355,pad,4,4,4,1,1,1,-3,0,0,-2,4,-3,-4,0,-2,-1
8356,pad,7,7,7,1,1,1,-2,0,0,0,-1,-2,-5,5,-1,-1
8357,pad,8,8,8,1,1,1,-2,-2,-1,0,-2,1,0,-3,5,-1
8358,pad,9,9,9,1,1,1,-2,-1,-2,-1,0,-1,-4,1,-2,2
8359,pad,0,0,0,1,1,1,4,-2,-1,-1,-3,-1,0,-1,0,0
8360,pad,1,1,1,1,1,1,-2,4,-1,-3,-1,0,-1,0,0,-2
8361,pad,2,2,2,1,1,1,0,1,4,0,-1,-2,-1,-1,-2,-3
8362,pad,3,3,3,1,1,1,-2,-1,-3,5,-3,3,-3,-2,0,0
8363,pad,4,4,4,1,1,1,-3,-1,-1,-2,5,-2,-4,0,-1,0
8364,pad,7,7,7,1,1,1,-2,-1,-1,1,0,-1,-6,4,-1,0
8365,pad,2,2,2,1,1,1,-2,1,6,0,-2,-3,-2,-1,0,-4
8366,pad,5,5,5,1,1,1,-2,-1,-3,-1,-2,5,0,-2,1,1
8367,pad,1,1,1,1,1,1,-1,3,0,-2,-2,-1,-1,0,0,-3
8368,pad,6,6,6,1,1,1,0,-1,-2,-3,-1,3,5,-4,-1,-2
8369,pad,4,4,4,1,1,1,-3,0,-1,-2,3,-2,-2,-1,-1,-1
8370,pad,3,3,3,1,1,1,-3,-2,-2,7,-5,2,-3,-2,0,0
8371,pad,9,9,9,1,1,1,-2,-2,-2,-1,0,0,-5,0,-2,4
8372,pad,9,9,9,1,1,1,-1,-2,-2,-1,1,-1,-4,1,-1,3
8373,pad,0,0,0,1,1,1,4,-2,-1,-1,-2,0,1,-1,-1,-1
8374,pad,9,9,9,1,1,1,-2,-1,0,-1,0,-2,-4,0,-1,2
8375,pad,7,7,7,1,1,1,-2,0,0,0,0,-1,-2,2,-1,-1
8376,pad,1,1,1,1,1,1,-2,2,-1,-2,0,-1,-1,-1,-1,0
8377,pad,6,6,6,1,1,1,1,-1,-1,-2,-1,1,5,-4,-2,-3
8378,pad,4,4,4,1,1,1,-4,0,-2,-3,4,-2,-3,-1,-1,0
8379,pad,3,3,3,1,1,1,-2,-1,-1,4,-3,1,-2,-1,1,0
8380,pad,6,6,6,1,1,1,0,-1,-3,-3,0,1,5,-3,-1,-1
8381,pad,2,2,2,1,1,1,-1,2,5,-1,-2,-3,-3,0,-3,-4
8382,pad,0,0,0,1,1,1,2,-1,0,0,-3,1,0,-2,0,-2
8383,pad,9,9,9,1,1,1,-2,-1,-1,-1,0,0,-3,0,-1,4
8384,pad,8,8,8,1,1,1,-1,-2,-2,0,-4,2,-1,-4,7,-1
8385,pad,6,6,6,1,1,1,0,-1,-2,-3,0,1,5,-4,-2,-3
8386,pad,5,5,5,1,1,1,-2,-1,-1,-1,-2,4,1,-2,2,-1
8387,pad,7,7,7,1,1,1,-1,0,-1,0,-1,0,-3,2,-1,-1
8388,pad,0,0,0,1,1,1,4,-2,-1,-1,-2,-1,0,-1,-1,0
8389,pad,0,0,0,1,1,1,4,-2,-1,-1,-2,-1,0,-2,-1,0
8390,pad,1,1,1,1,1,1,-2,4,-2,-3,-1,0,-1,0,-1,-1
8391,pad,7,7,7,1,1,1,-1,0,0,0,0,0,-2,2,0,0
8392,pad,4,4,4,1,1,1,-3,0,0,-2,3,-2,-2,-1,0,-2
8393,pad,3,3,3,1,1,1,-2,-2,-2,6,-5,2,-3,-2,1,0
8394,pad,2,2,2,1,1,1,-1,1,5,0,-2,-2,-2,0,-2,-5
8395,pad,4,4,4,1,1,1,-3,0,-2,-3,4,-2,-3,-1,-2,0
8396,pad,1,1,1,1,1,1,-2,4,-1,-3,-2,-1,-1,0,0,-2
8397,pad,3,3,3,1,1,1,-1,-2,-2,4,-3,3,-1,-2,0,0
8398,pad,7,7,7,1,1,1,-2,0,1,0,-1,-1,-3,3,-1,-1
8399,pad,6,6,6,1,1,1,0,-1,-2,-3,-1,2,6,-5,-2,-4
8400,pad,4,4,4,1,1,1,-4,0,-1,-3,4,-2,-4,-1,-2,0
8401,pad,7,7,7,1,1,1,-2,0,1,0,0,-1,-4,3,-1,-1
8402,pad,7,7,7,1,1,1,-1,0,0,-1,-1,-1,-3,3,-1,-1
8403,pad,7,7,7,1,1,1,-2,0,0,0,0,-1,-3,3,-1,-1
8404,pad,9,9,9,1,1,1,-1,-2,-1,0,-1,0,-4,1,-2,4
8405,pad,8,8,8,1,1,1,-1,-2,-2,0,-1,2,0,-2,3,0
8406,pad,4,4,4,1,1,1,-3,-1,-2,-3,3,-2,-4,0,-1,2
8407,pad,3,3,3,1,1,1,-4,-1,-3,7,-5,3,-4,-2,1,1
8408,pad,8,2,2,0,0,1,-2,0,1,1,-1,1,0,0,0,-2
8409,pad,2,2,2,1,1,1,-1,1,4,0,-2,-1,-1,-1,-1,-3
8410,pad,8,8,8,1,1,1,-1,-2,-1,0,-3,2,0,-3,4,0
8411,pad,3,3,3,1,1,1,-2,-2,-2,6,-5,2,-3,-2,1,0
8412,pad,5,5,5,1,1,1,-2,-1,-3,2,-2,4,0,-1,-1,0
8413,pad,8,8,8,1,1,1,-2,-2,-2,1,-2,1,1,-3,4,-2
8414,pad,0,0,0,1,1,1,5,-3,-1,-2,-2,-1,1,-1,-1,0
8415,pad,5,5,5,1,1,1,-1,-2,-2,0,-2,4,0,-1,0,0
8416,pad,4,4,4,1,1,1,-3,-1,-1,-2,3,-2,-3,-1,0,-1
8417,pad,7,7,7,1,1,1,-2,-1,-1,0,0,-1,-4,3,-1,0
8418,pad,1,1,1,1,1,1,-2,4,-1,-2,-1,0,-1,0,0,-2
8419,pad,3,3,3,1,1,1,-2,0,-1,3,-2,0,-2,-1,1,-1
8420,pad,1,1,1,1,1,1,-1,3,-2,-3,-1,0,0,-1,-1,-2
8421,pad,7,7,7,1,1,1,-3,0,1,0,-1,-2,-5,4,-2,-2
8422,pad,9,9,9,1,1,1,-2,-2,-3,0,0,0,-4,0,-2,3
8423,pad,6,6,6,1,1,1,1,-1,-3,-2,-1,1,4,-4,-1,-2
8424,pad,2,2,2,1,1,1,-2,1,7,0,-3,-3,-2,-1,0,-4
8425,pad,0,0,0,1,1,1,3,-2,-2,-1,-1,0,2,-1,-1,-1
8426,pad,9,9,9,1,1,1,-1,-2,-3,0,1,-2,-4,1,-1,4
8427,pad,1,1,1,1,1,1,-2,4,-2,-3,-1,-1,-1,0,-1,-1
8428,pad,7,7,7,1,1,1,-2,0,-1,-1,-1,-1,-5,4,-1,-1
8429,pad,3,3,3,1,1,1,-2,-2,-2,5,-5,3,-3,-2,1,2
8430,pad,3,3,3,1,1,1,-2,-2,-1,6,-5,2,-3,-3,1,1
8431,pad,9,9,9,1,1,1,-2,-2,-2,0,0,0,-5,1,-1,3
8432,pad,1,1,1,1,1,1,-2,4,-1,-3,-1,-1,-1,0,-1,-2
8433,pad,6,6,6,1,1,1,1,-1,-3,-3,-1,2,6,-4,-2,-3
8434,pad,4,4,4,1,1,1,-2,-1,-1,-2,4,-3,-3,0,-1,0
8435,pad,3,3,3,1,1,1,-1,-1,-1,5,-4,2,-2,-1,0,0
8436,pad,9,9,9,1,1,1,-2,-2,-2,-1,1,-2,-5,0,-1,4
8437,pad,8,8,8,1,1,1,-1,-3,-1,-1,-3,1,0,-4,7,-1
8438,pad,2,2,2,1,1,1,0,0,4,0,-2,-2,-1,-1,-1,-3
8439,pad,1,1,1,1,1,1,-2,4,0,-3,-1,-1,-1,0,-2,-2
8440,pad,8,8,8,1,1,1,-1,-2,-1,-1,-2,1,1,-3,6,-1
8441,pad,6,6,6,1,1,1,0,-1,-2,-3,1,2,5,-3,-2,-3
8442,pad,4,4,4,1,1,1,-1,0,-1,-2,3,-2,-1,-1,-2,0
8443,pad,1,1,1,1,1,1,-1,3,-1,-3,-1,0,-1,-1,0,-2
8444,pad,5,5,5,1,1,1,-1,0,0,0,-1,2,-1,0,0,0
8445,pad,5,5,5,1,1,1,-1,-1,-1,0,-1,3,0,-1,0,0
8446,pad,6,6,6,1,1,1,-1,-1,-3,-2,-1,2,6,-4,0,-4
8447,pad,5,5,5,1,1,1,-2,-1,-3,0,-3,7,0,-2,1,0
8448,pad,0,0,0,1,1,1,5,-3,-2,-1,-2,-1,1,-2,-1,-1
8449,pad,1,1,1,1,1,1,-3,5,-1,-4,0,-1,-2,0,-2,0
8450,pad,2,2,2,1,1,1,-1,1,6,1,-3,-4,-2,1,-2,-4
8451,pad,3,3,3,1,1,1,-3,-1,-2,5,-4,2,-3,-1,1,-1
8452,pad,4,4,4,1,1,1,-3,0,-1,-3,5,-3,-3,0,-4,-1
8453,pad,5,5,5,1,1,1,-2,-2,-3,1,-1,6,0,-2,0,1
8454,pad,6,6,6,1,1,1,-1,-1,-3,-3,0,1,7,-3,-1,-4
8455,pad,7,7,7,1,1,1,-2,0,1,0,0,-2,-4,4,-1,-1
8456,pad,8,8,8,1,1,1,0,-2,-1,-1,0,-1,0,-2,3,0
8457,pad,9,9,9,1,1,1,-1,-2,-1,-1,1,-1,-4,1,0,3
8458,pad,0,0,0,1,1,1,4,-3,-3,0,-2,1,2,-1,0,0
8459,pad,1,1,1,1,1,1,-2,3,-1,-2,-1,-2,-2,1,-1,0
8460,pad,2,2,2,1,1,1,-1,1,5,1,-3,-3,-2,0,-1,-4
8461,pad,3,3,3,1,1,1,-2,-2,-2,6,-4,2,-3,-2,1,0
8462,pad,4,4,4,1,1,1,-4,0,-2,-3,5,-2,-3,0,-1,-2
8463,pad,5,5,5,1,1,1,-2,-2,-3,1,-3,6,-1,-1,-1,1
8464,pad,6,6,6,1,1,1,-1,-2,-4,-3,-1,2,7,-4,-1,-4
8465,pad,7,7,7,1,1,1,-2,1,1,0,-1,-1,-4,3,-1,-1
8466,pad,8,8,8,1,1,1,-2,-2,-2,1,-3,0,-1,-4,6,0
8467,pad,9,9,9,1,1,1,-1,-3,-2,1,-1,0,-4,0,-1,4
8468,pad,0,0,0,1,1,1,4,-3,-2,-1,-1,-1,1,-1,0,1
8469,pad,1,1,1,1,1,1,-3,3,-1,-1,-1,-1,-2,1,-1,0
8470,pad,2,2,2,1,1,1,-2,2,6,0,-1,-3,-3,1,-2,-5
8471,pad,3,3,3,1,1,1,-2,-1,0,5,-4,0,-3,-1,1,-1
8472,pad,4,4,4,1,1,1,-3,0,-1,-3,4,-3,-4,0,-2,-1
8473,pad,5,5,5,1,1,1,-3,-2,-5,1,-3,7,-1,-2,-1,1
8474,pad,6,6,6,1,1,1,1,-1,-3,-3,0,1,5,-3,-2,-2
8475,pad,7,7,7,1,1,1,-2,0,1,0,-1,-1,-4,3,-1,-1
8476,pad,8,8,8,1,1,1,-2,-1,0,1,-3,-1,-1,-3,5,0
8477,pad,9,9,9,1,1,1,-2,-3,-2,0,0,-1,-5,0,-1,4
8478,pad,6,6,6,1,1,1,0,-1,-3,-3,0,2,6,-3,-1,-4
8479,pad,9,9,9,1,1,1,-2,-2,-2,-1,1,-1,-3,-1,-1,4
8480,pad,7,7,7,1,1,1,-2,0,0,0,0,-1,-4,4,-1,-1
8481,pad,0,0,0,1,1,1,5,-3,-1,-1,-3,0,1,-2,0,-1
8482,pad,2,2,2,1,1,1,-1,0,5,1,-2,-3,-3,1,-1,-4
8483,pad,3,3,3,1,1,1,-2,-1,-1,5,-4,1,-3,-1,0,-1
8484,pad,4,4,4,1,1,1,-4,-1,-1,-4,6,-3,-4,-1,-3,0
8485,pad,3,3,3,1,1,1,-1,-1,0,4,-4,-1,-3,-1,2,-1
8486,pad,8,8,8,1,1,1,0,-2,0,0,-3,-1,-1,-2,4,0
8487,pad,5,5,5,1,1,1,-2,-1,-3,1,-2,5,0,-1,0,-1
8488,pad,1,1,1,1,1,1,-2,4,-2,-4,-1,-1,-1,-1,-1,-1
8489,pad,3,3,3,1,1,1,-2,-1,-1,5,-3,1,-2,0,0,-1
8490,pad,0,0,0,1,1,1,4,-3,-2,0,-2,0,1,-1,0,0
8491,pad,1,1,1,1,1,1,-2,3,-2,0,-1,0,-2,1,-1,0
8492,pad,2,2,2,1,1,1,-1,1,5,0,-2,-3,-2,1,-3,-5
8493,pad,1,1,1,1,1,1,-2,3,-1,-2,0,-1,-1,0,-1,0
8494,pad,3,3,3,1,1,1,-2,-1,-1,4,-3,1,-2,-1,0,0
8495,pad,2,2,2,1,1,1,0,1,4,1,-2,-2,-1,0,-2,-4
8496,pad,0,0,0,1,1,1,4,-3,-2,0,-2,-1,1,-1,0,1
8497,pad,7,7,7,1,1,1,-2,1,1,1,-1,-1,-3,3,-1,-2
8498,pad,2,2,2,1,1,1,-1,1,5,0,-2,-3,-2,0,-1,-4
8499,pad,6,6,6,1,1,1,-1,-1,-2,-2,0,1,5,-2,-1,-3
8500,pad,4,4,4,1,1,1,-5,-1,-2,-5,7,-3,-5,-1,-4,0
8501,pad,0,0,0,1,1,1,4,-2,-2,-1,-1,-1,1,-1,-1,0
8502,pad,5,5,5,1,1,1,-3,-2,-3,1,-1,5,-1,-2,0,1
8503,pad,9,9,9,1,1,1,-2,-1,-2,-1,1,-1,-3,0,-1,3
8504,pad,9,9,9,1,1,1,-2,0,-2,0,0,1,-2,-1,-1,2
8505,pad,8,8,8,1,1,1,0,-2,-2,-1,-2,1,0,-3,5,-1
8506,pad,9,9,9,1,1,1,-2,-2,-3,-2,1,-1,-4,-1,-1,4
8507,pad,5,5,5,1,1,1,-3,-1,-2,-1,-1,6,0,-2,1,0
8508,pad,3,3,3,1,1,1,-1,-2,-1,4,-4,2,-2,-1,1,0
8509,pad,1,1,1,1,1,1,-2,3,0,-1,-1,-1,-2,0,-1,-1
8510,pad,7,7,2,1,0,0,-1,0,2,0,-1,-2,-3,1,0,-2
8511,pad,4,4,4,1,1,1,-3,0,-1,-3,4,-3,-4,1,-3,0
8512,pad,7,7,7,1,1,1,-3,1,2,1,-1,-2,-4,3,-1,-2
8513,pad,0,0,0,1,1,1,4,-3,-2,0,-2,1,2,-1,0,0
8514,pad,0,0,0,1,1,1,4,-3,-2,0,-2,0,1,-1,0,0
8515,pad,6,6,6,1,1,1,-1,-1,-2,-2,0,1,4,-2,0,-3
8516,pad,6,6,6,1,1,1,-1,-1,-2,-2,0,1,5,-2,0,-4
8517,pad,6,6,6,1,1,1,-1,-1,-2,-1,0,1,4,-2,0,-3
8518,pad,3,3,3,1,1,1,-3,-1,-2,6,-4,2,-3,-1,0,-1
8519,pad,7,7,7,1,1,1,-2,1,1,0,-2,-2,-4,3,-1,-1
8520,pad,4,4,4,1,1,1,-4,0,-2,-4,4,-2,-4,-1,0,3
8521,pad,2,2,2,1,1,1,-1,1,3,0,-2,-3,-3,1,0,-2
8522,pad,8,8,8,1,1,1,-1,-1,0,-1,-2,0,0,-2,4,0
8523,pad,9,9,9,1,1,1,-3,-1,-1,-1,1,0,-3,0,0,3
8524,pad,8,8,8,1,1,1,-1,-2,-1,0,-2,-1,-2,-3,5,0
8525,pad,7,7,7,1,1,1,-1,0,1,0,-1,-1,-3,2,-1,-2
8526,pad,1,1,1,1,1,1,-3,4,-1,-3,0,-2,-2,0,-2,-1
8527,pad,4,9,4,0,1,0,-1,0,-1,-1,1,-1,-1,0,-1,1
8528,pad,0,0,0,1,1,1,4,-2,-1,-1,-2,1,2,-2,-1,-1
8529,pad,4,4,4,1,1,1,-3,0,-1,-3,4,-2,-3,0,-3,0
8530,pad,8,8,8,1,1,1,-1,-2,0,1,-2,-1,-1,-2,4,0
8531,pad,5,5,5,1,1,1,-3,-3,-4,0,-2,6,-1,-3,1,2
8532,pad,2,2,2,1,1,1,0,1,5,0,-2,-3,-1,0,-2,-5
8533,pad,3,3,3,1,1,1,0,-2,0,4,-4,0,-3,-1,1,0
8534,pad,9,9,9,1,1,1,-2,-2,-2,-2,2,-2,-4,0,-1,4
8535,pad,0,0,0,1,1,1,4,-2,-2,-1,-1,1,2,-2,-1,0
8536,pad,1,1,1,1,1,1,-3,4,-2,-3,0,-1,-1,0,-2,0
8537,pad,9,9,9,1,1,1,-2,-1,-2,-1,0,-2,-5,-1,-1,4
8538,pad,1,1,1,1,1,1,-3,4,-1,-2,-1,-1,-2,0,-1,0
8539,pad,5,5,5,1,1,1,-1,-4,-4,0,-3,7,0,-3,0,1
8540,pad,1,1,1,1,1,1,-3,4,-2,-2,-1,-1,-2,0,-1,0
8541,pad,7,7,7,1,1,1,-2,1,1,0,-1,-1,-3,3,-1,-1
8542,pad,6,6,6,1,1,1,-1,-1,-2,-1,0,1,4,-2,-1,-4
8543,pad,1,1,1,1,1,1,-4,5,-2,-4,0,-2,-2,0,-1,0
8544,pad,2,2,2,1,1,1,0,0,4,0,-1,-2,-1,-1,-1,-3
8545,pad,1,1,1,1,1,1,-3,5,-2,-3,-1,-1,-2,0,-2,0
8546,pad,6,6,6,1,1,1,-1,-1,-2,-1,0,1,5,-2,-1,-4
8547,pad,8,8,8,1,1,1,-1,-2,0,0,-4,0,-1,-4,6,0
8548,pad,0,0,0,1,1,1,5,-2,-1,-1,-3,0,2,-2,-1,-1
8549,pad,1,1,1,1,1,1,-3,4,-1,-2,-1,-1,-2,1,-1,-1
8550,pad,2,2,2,1,1,1,-1,1,7,0,-3,-3,-3,1,-3,-5
8551,pad,3,3,3,1,1,1,-4,-1,-1,6,-4,2,-3,-1,0,-1
8552,pad,4,4,4,1,1,1,-4,0,-1,-4,5,-3,-4,-1,-3,-1
8553,pad,5,5,5,1,1,1,-1,-1,-2,1,-2,5,0,-1,-1,1
8554,pad,6,6,6,1,1,1,-1,-1,-3,-3,0,1,6,-2,0,-3
8555,pad,7,7,7,1,1,1,-2,0,0,0,-1,-2,-5,5,-1,-1
8556,pad,8,8,8,1,1,1,-1,-3,-2,0,-3,0,-1,-4,6,0
8557,pad,9,9,9,1,1,1,-1,-3,-2,0,0,-1,-4,0,-1,4
8558,pad,0,0,0,1,1,1,5,-2,-2,-1,-3,1,2,-2,-1,-1
8559,pad,1,1,1,1,1,1,-2,4,-2,-4,-1,-1,-1,-1,-1,-1
8560,pad,2,2,2,1,1,1,-1,1,5,1,-3,-3,-2,0,-1,-3
8561,pad,3,3,3,1,1,1,-3,0,-2,4,-3,1,-2,-1,1,-1
8562,pad,4,4,4,1,1,1,-4,0,-1,-3,6,-3,-5,1,-4,-1
8563,pad,5,5,5,1,1,1,-2,-1,-2,0,-2,5,0,-1,0,1
8564,pad,6,6,6,1,1,1,-1,-1,-3,-2,0,1,5,-3,-1,-2
8565,pad,7,7,7,1,1,1,-2,1,1,0,-1,-1,-3,2,-1,-1
8566,pad,8,8,8,1,1,1,-1,-2,-3,1,-3,2,-1,-4,5,0
8567,pad,0,0,0,1,1,1,5,-2,-1,-1,-3,-1,2,-2,-1,-1
8568,pad,1,1,1,1,1,1,-3,4,-1,-3,-1,-1,-1,0,-1,-1
8569,pad,2,2,2,1,1,1,0,0,5,0,-3,-3,-2,1,-1,-4
8570,pad,3,3,3,1,1,1,-3,-2,-2,6,-5,1,-4,-2,1,1
8571,pad,5,5,5,1,1,1,-2,-1,-2,0,-2,5,0,-1,0,1
8572,pad,6,6,6,1,1,1,-1,0,-1,-2,0,1,5,-3,0,-3
8573,pad,7,7,7,1,1,1,-2,-1,0,-1,0,-1,-6,5,-2,0
8574,pad,8,8,8,1,1,1,-1,-2,-2,1,-2,1,-1,-3,5,0
8575,pad,1,1,1,1,1,1,-2,3,-1,-2,-1,-1,-2,1,-1,-1
8576,pad,0,0,0,1,1,1,5,-2,-1,-1,-2,1,2,-2,-1,-1
8577,pad,4,4,4,1,1,1,-2,0,-1,-2,3,-2,-2,0,-2,0
8578,pad,5,5,5,1,1,1,-2,-2,-3,1,-2,6,0,-1,0,1
8579,pad,6,6,6,1,1,1,-1,-1,-4,-2,0,0,5,-2,0,-2
8580,pad,6,6,6,1,1,1,0,0,-2,-2,1,0,4,-2,-1,-3
8581,pad,3,3,3,1,1,1,-3,-1,-2,6,-5,1,-3,-2,1,0
8582,pad,4,4,4,1,1,1,-4,0,-1,-3,4,-2,-4,0,-2,1
8583,pad,4,4,4,1,1,1,-3,0,0,-2,3,-1,-3,0,-3,0
8584,pad,2,2,2,1,1,1,-1,0,3,0,-2,-1,-1,-1,0,-2
8585,pad,8,8,8,1,1,1,-1,-3,-2,1,-4,1,-1,-4,6,0
8586,pad,1,1,1,1,1,1,-3,5,-1,-3,-2,-1,-2,0,-1,-2
8587,pad,0,0,0,1,1,1,6,-2,-1,-2,-3,-2,1,-2,-2,-1
8588,pad,6,6,6,1,1,1,-1,0,-2,-3,1,0,4,-2,0,-2
8589,pad,4,4,4,1,1,1,-3,0,-1,-3,4,-2,-3,-1,-3,0
8590,pad,9,9,9,1,1,1,-1,-2,-2,-1,1,-1,-4,0,-1,4
8591,pad,7,7,7,1,1,1,-2,1,0,0,-1,-1,-3,3,-1,-1
8592,pad,2,2,2,1,1,1,-1,1,5,1,-3,-3,-1,0,-1,-4
8593,pad,9,9,9,1,1,1,-1,-2,-2,-1,1,-1,-3,0,-2,3
8594,pad,2,2,2,1,1,1,-1,0,4,1,-3,-2,-1,-1,-1,-3
8595,pad,0,0,0,1,1,1,7,-4,-2,-2,-3,0,3,-2,-1,-1
8596,pad,9,9,9,1,1,1,0,-2,-2,-1,1,-2,-3,0,-1,3
8597,pad,3,3,3,1,1,1,-2,-2,-1,5,-4,0,-2,-2,2,0
8598,pad,3,3,3,1,1,1,-2,-1,-1,4,-3,1,-2,-1,1,0
8599,pad,9,9,9,1,1,1,-2,-2,-2,-1,0,-1,-4,-1,-1,4
8600,pad,1,1,1,1,1,1,-2,4,-1,-3,-1,-1,-1,-1,-1,-1
8601,pad,5,5,5,1,1,1,-2,-1,-2,0,-2,5,0,-1,0,1
8602,pad,2,2,2,1,1,1,-1,0,5,1,-3,-3,-2,0,0,-3
8603,pad,3,3,3,1,1,1,-2,-1,-1,5,-4,2,-2,-1,0,-1
8604,pad,1,1,1,1,1,1,-2,3,-1,-3,0,-1,-2,0,-1,-1
8605,pad,6,6,6,1,1,1,0,-1,-3,-2,0,1,5,-3,-1,-3
8606,pad,7,7,7,1,1,1,-1,1,1,0,-1,-2,-3,2,-1,-1
8607,pad,3,3,3,1,1,1,-2,-2,-2,3,-3,2,-3,-2,1,1
8608,pad,7,7,7,1,1,1,-1,0,1,0,-1,-1,-4,3,-1,0
8609,pad,8,8,8,1,1,1,-1,-3,-1,0,-2,0,-2,-3,6,0
8610,pad,4,4,4,1,1,1,-3,0,0,-1,3,-2,-4,1,-2,-1
8611,pad,0,0,0,1,1,1,6,-2,-1,-2,-4,0,1,-1,-1,-2
8612,pad,2,2,2,1,1,1,0,1,6,0,-3,-3,-2,0,-2,-5
8613,pad,4,4,4,1,1,1,-4,0,-1,-2,4,-1,-4,0,-2,0
8614,pad,0,0,0,1,1,1,6,-3,-2,-3,-3,0,2,-2,-1,-2
8615,pad,2,2,2,1,1,1,-1,0,4,1,-3,-3,-2,0,0,-2
8616,pad,4,4,4,1,1,1,-3,0,0,-3,4,-2,-3,0,-3,-1
8617,pad,7,7,7,1,1,1,-2,0,0,0,0,-1,-4,3,-1,0
8618,pad,8,8,8,1,1,1,-1,-2,-2,0,-2,0,-1,-3,5,0
8619,pad,0,0,0,1,1,1,6,-3,-2,-2,-2,-1,2,-2,-1,-1
8620,pad,7,7,7,1,1,1,-2,1,-1,0,0,-1,-3,3,-1,0
8621,pad,0,0,0,1,1,1,5,-2,-1,-2,-1,0,2,-2,-2,-1
8622,pad,6,6,6,1,1,1,-1,-1,-2,-2,0,1,5,-3,0,-3
8623,pad,9,9,9,1,1,1,-1,-1,-2,-1,1,-1,-3,0,-1,4
8624,pad,3,3,3,1,1,1,-3,-1,-2,4,-4,3,-2,-2,1,1
8625,pad,2,2,2,1,1,1,-2,1,6,0,-2,-4,-3,-1,0,-3
8626,pad,4,4,4,1,1,1,-3,0,-1,-3,4,-3,-3,0,-3,-1
8627,pad,8,8,8,1,1,1,0,-2,-2,0,-2,0,-2,-3,5,1
8628,pad,6,6,6,1,1,1,0,-1,-2,-2,0,2,4,-3,-1,-2
8629,pad,0,0,0,1,1,1,6,-3,-1,-2,-2,-1,2,-2,-1,-1
8630,pad,5,5,5,1,1,1,-3,-1,-2,0,-2,6,-1,-1,0,1
8631,pad,7,7,7,1,1,1,-1,0,0,1,-1,-2,-5,4,-1,0
8632,pad,5,5,5,1,1,1,-2,-1,-3,1,-2,5,0,-1,-1,1
8633,pad,1,1,1,1,1,1,-2,4,0,-2,-2,-1,-2,1,-1,-1
8634,pad,0,0,0,1,1,1,5,-2,0,-2,-2,0,1,-1,-1,-2
8635,pad,8,8,8,1,1,1,-1,-1,-2,1,-2,0,-1,-2,4,0
8636,pad,1,1,1,1,1,1,-1,3,0,-2,-1,-1,-1,0,-1,-1
8637,pad,6,6,6,1,1,1,-1,-2,-3,-2,1,0,4,-2,0,-1
8638,pad,7,7,7,1,1,1,-2,0,0,0,-1,-1,-5,4,-1,0
8639,pad,2,2,2,1,1,1,1,-1,4,0,-3,-3,-2,0,0,-2
8640,pad,9,9,9,1,1,1,-2,-1,-2,0,0,1,-3,-1,-2,3
8641,pad,7,7,7,1,1,1,-2,0,0,0,0,-1,-4,3,-1,-1
8642,pad,9,9,9,1,1,1,-1,-3,-3,0,0,-2,-5,0,-1,4
8643,pad,5,5,5,1,1,1,-2,-2,-3,0,-2,7,-1,-1,0,1
8644,pad,6,6,6,1,1,1,0,-1,-2,-1,0,1,3,-2,0,-2
8645,pad,5,5,5,1,1,1,-2,-1,-2,1,-2,5,-1,-1,0,1
8646,pad,2,2,2,1,1,1,-1,0,5,1,-3,-3,-2,1,-1,-4
8647,pad,6,6,6,1,1,1,-1,0,-2,-2,0,1,5,-2,-1,-3
8648,pad,2,2,2,1,1,1,-1,0,5,1,-3,-3,-2,0,-1,-3
8649,pad,8,8,8,1,1,1,-1,-2,-2,1,-3,0,-1,-3,4,1
8650,pad,1,1,1,1,1,1,-2,4,0,-2,-2,0,-1,0,-1,-2
8651,pad,7,7,7,1,1,1,-2,0,0,0,0,-1,-4,3,-1,0
8652,pad,5,5,5,1,1,1,-2,-2,-3,1,-3,6,-1,-2,0,1
8653,pad,5,5,5,1,1,1,-2,-1,-2,2,-2,4,0,-2,0,0
8654,pad,7,7,7,1,1,1,-2,0,0,0,-1,-1,-4,3,-1,-1
8655,pad,3,3,3,1,1,1,-3,-1,-2,5,-4,3,-3,-2,0,1
8656,pad,5,5,5,1,1,1,-2,-1,-3,1,-3,5,-1,-2,0,1
8657,pad,0,0,0,1,1,1,5,-2,-1,-2,-2,0,3,-2,-2,-1
8658,pad,1,1,1,1,1,1,-3,3,0,-3,0,-1,-2,0,-1,-1
8659,pad,1,1,1,1,1,1,-3,4,-1,-3,0,-1,-2,1,-1,0
8660,pad,3,3,3,1,1,1,-3,-1,-2,6,-5,2,-4,-2,1,1
8661,pad,8,8,8,1,1,1,-1,-2,-2,1,-2,0,-2,-3,4,1
8662,pad,4,4,4,1,1,1,-3,-1,-1,-3,5,-2,-3,-1,-2,-1
8663,pad,9,9,9,1,1,1,-2,-2,-3,-1,0,-1,-4,-1,-1,4
8664,pad,4,4,4,1,1,1,-2,-1,0,-2,3,-1,-3,0,-3,0
8665,pad,5,5,5,1,1,1,-1,-1,-3,0,-2,5,0,-1,0,1
8666,pad,1,1,1,1,1,1,-2,4,-1,-2,-1,-1,-2,0,-1,-1
8667,pad,8,8,8,1,1,1,-2,-2,-3,0,-2,2,0,-4,5,0
8668,pad,6,6,6,1,1,1,-1,-2,-4,-3,0,1,6,-3,0,-3
8669,pad,8,8,8,1,1,1,-1,-2,-1,-1,-1,0,-1,-3,5,0
8670,pad,9,9,9,1,1,1,-3,-2,-2,-1,0,-2,-4,0,0,4
8671,pad,0,0,0,1,1,1,5,-3,-2,-2,-1,-1,2,-2,-1,-1
8672,pad,1,1,1,1,1,1,-2,4,-1,-3,-1,-1,0,-1,0,-2
8673,pad,2,2,2,1,1,1,-1,1,5,0,-2,-3,-1,0,-2,-4
8674,pad,3,3,3,1,1,1,-2,-1,-1,5,-3,2,-2,-1,0,0
8675,pad,4,4,4,1,1,1,-4,0,-2,-4,6,-3,-4,-1,-3,-1
8676,pad,5,5,5,1,1,1,-2,-2,-3,0,-2,6,0,-2,1,1
8677,pad,6,6,6,1,1,1,0,-1,-3,-3,-1,2,6,-4,-1,-3
8678,pad,7,7,7,1,1,1,-1,0,-1,0,0,-1,-4,3,-1,0
8679,pad,8,8,8,1,1,1,-2,-2,-2,0,-2,2,1,-3,4,-1
8680,pad,9,9,9,1,1,1,-2,-2,-3,-1,1,-2,-4,0,-1,3
8681,pad,0,0,0,1,1,1,4,-3,-2,-1,-2,-1,1,-1,0,0
8682,pad,1,1,1,1,1,1,-2,4,-1,-3,-1,-1,-2,0,-1,-2
8683,pad,2,2,2,1,1,1,-1,1,6,0,-2,-3,-2,-1,-1,-4
8684,pad,3,3,3,1,1,1,-2,-2,-1,6,-5,1,-3,-2,1,0
8685,pad,4,4,4,1,1,1,-3,0,-1,-2,4,-3,-3,0,-2,-1
8686,pad,5,5,5,1,1,1,-3,-1,-2,0,-2,5,0,-2,1,0
8687,pad,6,6,6,1,1,1,0,-1,-3,-3,0,1,5,-4,-2,-2
8688,pad,7,7,7,1,1,1,-2,0,0,0,0,-1,-5,3,-1,0
8689,pad,8,8,8,1,1,1,-2,-2,-3,0,-2,1,0,-4,5,-1
8690,pad,9,9,9,1,1,1,-2,-2,-2,-1,1,-1,-5,-1,-2,4
8691,pad,0,0,0,1,1,1,4,-3,-1,-1,-3,0,0,-2,1,0
8692,pad,1,1,1,1,1,1,-3,5,-2,-3,-1,-1,-2,1,-1,-2
8693,pad,2,2,2,1,1,1,-1,0,4,0,-1,-1,-1,-1,-1,-3
8694,pad,3,3,3,1,1,1,-2,-2,-1,5,-4,1,-3,-1,1,0
8695,pad,4,4,4,1,1,1,-3,0,-1,-3,4,-2,-2,-1,-2,-1
8696,pad,5,5,5,1,1,1,-2,-1,-2,0,-2,6,0,-2,0,0
8697,pad,6,6,6,1,1,1,0,-1,-3,-3,-1,2,5,-3,-1,-2
8698,pad,7,7,7,1,1,1,-2,0,-1,0,-1,-1,-4,3,-1,-1
8699,pad,8,8,8,1,1,1,-2,-2,-3,0,-2,2,0,-3,5,-1
8700,pad,9,9,9,1,1,1,-2,-1,-2,-1,0,-1,-5,1,-2,3
8701,pad,3,3,3,1,1,1,-3,-1,-1,6,-4,1,-2,-1,1,-1
8702,pad,5,5,5,1,1,1,-3,-1,-2,0,-1,5,0,-2,1,1
8703,pad,3,3,3,1,1,1,-2,-1,-1,5,-4,1,-2,-2,0,-1
8704,pad,2,2,2,1,1,1,-1,1,6,0,-3,-4,-2,0,-2,-6
8705,pad,9,9,9,1,1,1,-2,-2,-2,-1,1,-2,-5,1,-2,4
8706,pad,3,3,3,1,1,1,-3,-1,0,5,-4,1,-2,-1,0,-2
8707,pad,2,2,2,1,1,1,-1,1,5,0,-2,-3,-1,-1,-2,-5
8708,pad,1,1,1,1,1,1,-2,4,-1,-3,-2,-1,-2,0,0,-2
8709,pad,4,4,4,1,1,1,-5,-1,-2,-5,7,-3,-5,0,-2,0
8710,pad,5,5,5,1,1,1,-2,-1,-2,0,-1,5,0,-2,1,1
8711,pad,5,5,5,1,1,1,-3,-2,-3,-1,-2,7,0,-3,1,1
8712,pad,2,2,2,1,1,1,-2,1,6,1,-3,-3,-2,0,-1,-5
8713,pad,3,3,3,1,1,1,-2,-1,-1,5,-3,1,-2,-1,-1,-1
8714,pad,2,2,2,1,1,1,-2,1,6,1,-3,-3,-1,0,-1,-6
8715,pad,1,1,1,1,1,1,-2,5,-1,-3,-1,-1,-1,0,-1,-2
8716,pad,3,3,3,1,1,1,-2,-2,-2,7,-6,2,-3,-2,0,0
8717,pad,9,9,9,1,1,1,-3,-2,-3,-3,2,-2,-5,-1,-1,4
8718,pad,7,7,7,1,1,1,-2,0,0,1,-1,-1,-4,3,-1,0
8719,pad,2,2,2,1,1,1,-2,2,6,0,-2,-2,-2,0,-3,-5
8720,pad,1,1,1,1,1,1,-2,4,-2,-3,-1,-1,-1,0,-1,-1
8721,pad,2,2,2,1,1,1,-1,2,6,0,-3,-3,-2,0,-3,-6
8722,pad,8,8,8,1,1,1,-2,-2,-2,-1,-1,1,1,-3,5,-1
8723,pad,9,9,9,1,1,1,-2,-1,-3,-1,1,-1,-3,-1,0,3
8724,pad,1,1,1,1,1,1,-2,4,-1,-3,-1,-1,-2,0,-1,-2
8725,pad,8,8,8,1,1,1,-1,-2,-2,0,-2,0,-1,-3,4,0
8726,pad,8,8,8,1,1,1,-1,-1,-1,0,-2,0,-1,-2,4,0
8727,pad,7,7,7,1,1,1,-2,1,-1,0,0,-1,-4,4,-1,0
8728,pad,8,8,8,1,1,1,-1,-1,-2,0,-2,1,0,-3,4,-1
8729,pad,1,1,1,1,1,1,-2,4,-1,-3,-2,-1,-1,0,0,-2
8730,pad,0,0,0,1,1,1,5,-3,-2,-2,-1,-1,1,-1,-2,0
8731,pad,0,0,0,1,1,1,5,-3,-1,-2,-2,-1,1,-2,-1,-1
8732,pad,6,6,6,1,1,1,1,-2,-4,-2,0,1,4,-2,-1,-2
8733,pad,7,7,7,1,1,1,-2,0,0,0,0,-1,-4,3,-1,0
8734,pad,7,7,7,1,1,1,-2,1,1,0,-1,-1,-5,4,-2,-1
8735,pad,8,8,8,1,1,1,-1,-2,-1,0,-1,0,-1,-2,4,0
8736,pad,7,7,7,1,1,1,-1,0,-1,0,0,-1,-4,3,-1,-1
8737,pad,5,5,5,1,1,1,-2,-2,-2,0,-2,6,0,-3,1,1
8738,pad,0,0,0,1,1,1,4,-3,-2,-1,-1,0,1,-1,-1,0
8739,pad,6,6,6,1,1,1,0,-1,-3,-3,-1,1,6,-3,0,-2
8740,pad,1,1,1,1,1,1,-3,4,-2,-3,-1,-1,-1,-1,-1,-1
8741,pad,5,5,5,1,1,1,-2,-3,-3,0,-2,6,1,-3,1,1
8742,pad,7,7,7,1,1,1,-1,0,1,0,0,-1,-2,2,-1,-1
8743,pad,4,4,4,1,1,1,-5,-1,-2,-4,6,-3,-3,-2,-2,-3
8744,pad,6,6,6,1,1,1,0,-2,-4,-2,-2,3,6,-4,0,-3
8745,pad,1,1,1,1,1,1,-2,4,-1,-3,-1,-1,-1,-1,0,-2
8746,pad,2,2,2,1,1,1,-1,1,6,0,-3,-3,-2,0,-1,-4
8747,pad,5,5,5,1,1,1,-2,-2,-2,0,-2,6,0,-2,0,1
8748,pad,0,0,0,1,1,1,4,-2,-1,-2,-1,-1,1,-1,-1,-2
8749,pad,7,7,7,1,1,1,-2,1,0,0,-1,-1,-5,4,-1,0
8750,pad,9,9,9,1,1,1,-2,-2,-2,-2,1,-2,-5,0,-1,4
8751,pad,9,9,9,1,1,1,-3,-3,-3,-2,1,-2,-5,-1,-1,5
8752,pad,0,0,0,1,1,1,4,-2,-2,-2,-2,0,1,-2,-1,-1
8753,pad,3,3,3,1,1,1,-1,-2,-1,5,-4,2,-3,-2,0,0
8754,pad,4,4,4,1,1,1,-3,-1,-2,-3,5,-2,-3,-1,-3,-1
8755,pad,4,4,4,1,1,1,-4,-1,-2,-4,5,-3,-4,0,-1,-1
8756,pad,8,8,8,1,1,1,-1,-1,-1,1,-1,-1,-2,-2,2,1
8757,pad,4,4,4,1,1,1,-3,-1,-1,-2,4,-2,-3,-1,-1,-2
8758,pad,1,1,1,1,1,1,-2,4,-1,-4,-1,0,0,-1,-1,-3
8759,pad,8,8,8,1,1,1,0,-2,-1,0,-1,0,-1,-2,4,0
8760,pad,6,6,6,1,1,1,1,-1,-3,-2,0,1,5,-3,-1,-2
8761,pad,5,5,5,1,1,1,-2,-2,-2,0,-2,5,0,-3,1,1
8762,pad,9,9,9,1,1,1,-1,-2,-3,0,0,-1,-5,0,-2,4
8763,pad,0,0,0,1,1,1,5,-4,-2,-2,-2,-1,0,-1,-1,0
8764,pad,0,0,0,1,1,1,5,-3,-3,-2,-1,0,2,-2,-1,0
8765,pad,0,0,0,1,1,1,4,-3,-3,-1,-2,-1,2,-2,0,0
8766,pad,3,3,3,1,1,1,-3,-1,-1,7,-6,3,-4,-2,0,-1
8767,pad,7,7,7,1,1,1,-2,0,0,0,0,-1,-4,3,-1,0
8768,pad,1,1,1,1,1,1,-2,4,-1,-3,-2,-1,-1,0,0,-3
8769,pad,6,6,6,1,1,1,1,-1,-3,-2,0,1,5,-3,-1,-2
8770,pad,4,4,4,1,1,1,-2,-1,-1,-2,4,-2,-3,0,-1,-1
8771,pad,6,6,6,1,1,1,1,-2,-4,-3,-1,2,7,-5,-1,-3
8772,pad,0,0,0,1,1,1,5,-3,-2,-2,-2,-1,1,-1,-1,-1
8773,pad,4,4,4,1,1,1,-4,0,-2,-4,5,-3,-3,-1,-2,-1
8774,pad,5,5,5,1,1,1,-2,-2,-3,1,-2,6,0,-2,0,1
8775,pad,4,4,4,1,1,1,-4,0,-2,-3,5,-2,-4,-1,-2,0
8776,pad,1,1,1,1,1,1,-2,4,-1,-2,-1,-1,-1,0,0,-1
8777,pad,3,3,3,1,1,1,-4,-1,-2,7,-5,2,-4,-1,0,-1
8778,pad,8,8,8,1,1,1,-1,-1,-1,0,-1,0,0,-2,4,0
8779,pad,6,6,6,1,1,1,0,-1,-3,-2,0,1,5,-3,-1,-2
8780,pad,3,3,3,1,1,1,-4,0,0,5,-4,1,-3,0,0,-2
8781,pad,9,9,9,1,1,1,-1,-2,-3,-1,1,-2,-4,-1,-1,4
8782,pad,9,9,9,1,1,1,-2,-1,-3,-2,1,-2,-4,-1,1,3
8783,pad,5,5,5,1,1,1,-2,-1,-2,1,-2,6,0,-2,0,1
8784,pad,9,9,9,1,1,1,-2,-2,-3,-1,1,-2,-5,-1,-1,4
8785,pad,3,3,3,1,1,1,-1,-2,-1,5,-4,3,-2,-2,0,0
8786,pad,7,7,7,1,1,1,-2,0,1,0,-1,-2,-5,4,-1,-1
8787,pad,8,8,8,1,1,1,0,-2,-1,0,-2,0,-1,-2,4,0
8788,pad,5,5,5,1,1,1,-3,-3,-3,1,-2,6,0,-2,1,1
8789,pad,6,6,6,1,1,1,0,-2,-4,-3,-1,1,6,-4,-1,-3
8790,pad,4,4,4,1,1,1,-4,-1,-2,-3,5,-3,-3,0,-3,-2
8791,pad,7,7,7,1,1,1,-2,-1,1,1,-1,-2,-5,4,-1,-1
8792,pad,6,6,6,1,1,1,1,-1,-4,-3,-1,1,5,-4,-1,-2
8793,pad,2,2,2,1,1,1,0,1,5,0,-3,-2,-1,-1,-1,-4
8794,pad,2,2,2,1,1,1,-1,1,6,0,-3,-4,-2,0,-2,-5
8795,pad,0,0,0,1,1,1,4,-3,-1,-2,-1,-1,1,-1,-1,0
8796,pad,9,9,9,1,1,1,-2,-2,-2,-1,1,-1,-5,0,-1,4
8797,pad,4,4,4,1,1,1,-4,-1,-1,-4,5,-3,-3,-1,-2,-2
8798,pad,0,0,0,1,1,1,5,-3,-1,-1,-3,-2,0,-2,-1,0
8799,pad,1,1,1,1,1,1,-1,4,-2,-3,-1,0,0,0,0,-2
8800,pad,2,2,2,1,1,1,-1,1,7,0,-3,-4,-2,0,-2,-6
8801,pad,3,3,3,1,1,1,-3,-1,-1,6,-5,2,-3,-2,1,-1
8802,pad,4,4,4,1,1,1,-3,-1,-2,-4,5,-3,-4,0,-3,0
8803,pad,5,5,5,1,1,1,-2,-1,-2,-1,-2,7,0,-2,1,1
8804,pad,6,6,6,1,1,1,0,-1,-2,-2,1,1,5,-3,-2,-3
8805,pad,7,7,7,1,1,1,-2,-1,0,1,-1,-1,-3,2,-1,0
8806,pad,8,8,8,1,1,1,-2,-1,-2,-2,1,0,-1,-2,4,0
8807,pad,9,9,9,1,1,1,-2,-2,-2,0,1,0,-4,-1,-1,4
8808,pad,0,0,0,1,1,1,5,-3,-1,-2,-2,-1,1,-1,0,-1
8809,pad,1,1,1,1,1,1,-2,4,-2,-4,-1,-1,-1,-1,0,-2
8810,pad,2,2,2,1,1,1,-1,1,5,0,-2,-2,-2,0,-2,-3
8811,pad,3,3,3,1,1,1,-3,-1,-1,7,-5,2,-3,-1,0,-1
8812,pad,4,4,4,1,1,1,-2,-1,-2,-3,4,-2,-2,-1,-2,-1
8813,pad,5,5,5,1,1,1,-2,-1,-2,0,-2,5,0,-2,1,1
8814,pad,6,6,6,1,1,1,-1,0,-2,-2,-1,1,5,-4,-2,-4
8815,pad,7,7,7,1,1,1,-1,-1,0,0,0,-1,-5,3,0,0
8816,pad,8,8,8,1,1,1,-2,-1,-1,0,-2,0,0,-3,4,-1
8817,pad,9,9,9,1,1,1,-2,-3,-3,-1,0,-1,-5,-1,-1,5
8818,pad,0,0,0,1,1,1,5,-3,-1,-1,-3,-1,0,-1,0,-1
8819,pad,1,1,1,1,1,1,-3,5,-2,-4,-1,-1,-2,0,-1,-2
8820,pad,2,2,2,1,1,1,-1,0,5,1,-2,-3,-2,0,-1,-3
8821,pad,3,3,3,1,1,1,-4,-1,-2,7,-5,3,-4,-1,0,-1
8822,pad,4,4,4,1,1,1,-4,-1,-3,-4,6,-2,-3,-1,-1,-1
8823,pad,5,5,5,1,1,1,-1,-1,-1,-1,-2,4,0,-2,0,1
8824,pad,6,6,6,1,1,1,1,-1,-3,-3,-2,3,5,-5,-1,-2
8825,pad,7,7,7,1,1,1,-2,-1,0,1,0,-1,-4,2,-1,0
8826,pad,8,8,8,1,1,1,0,-2,-1,-1,-3,0,-1,-4,6,-1
8827,pad,9,9,9,1,1,1,-2,-2,-2,-1,1,-1,-3,-1,-1,3
8828,pad,6,6,6,1,1,1,0,-1,-3,-3,-1,2,6,-4,-1,-4
8829,pad,4,4,4,1,1,1,-4,-1,-2,-4,5,-3,-4,0,-2,0
8830,pad,2,2,2,1,1,1,-2,1,6,1,-2,-4,-3,-1,0,-4
8831,pad,6,6,6,1,1,1,0,-1,-4,-3,0,1,6,-4,-2,-3
8832,pad,4,4,4,1,1,1,-3,-1,-2,-3,5,-2,-3,0,-3,-1
8833,pad,7,7,7,1,1,1,-3,-1,-1,0,0,-1,-5,4,-1,0
8834,pad,5,5,5,1,1,1,-2,-2,-3,0,-2,5,0,-2,1,0
8835,pad,5,5,5,1,1,1,-2,-2,-3,0,-3,7,1,-3,0,1
8836,pad,4,4,4,1,1,1,-3,0,-2,-3,5,-3,-3,-1,-2,-1
8837,pad,7,7,7,1,1,1,-2,-1,0,0,-1,-1,-5,4,-1,0
8838,pad,2,2,2,1,1,1,-2,1,7,1,-3,-3,-2,0,-1,-5
8839,pad,9,9,9,1,1,1,-2,-1,-2,-1,1,-1,-4,0,-1,4
8840,pad,3,3,3,1,1,1,-4,-2,-1,7,-6,1,-4,-2,2,-1
8841,pad,9,9,9,1,1,1,-2,-3,-2,0,0,-1,-5,0,-1,4
8842,pad,3,3,3,1,1,1,-3,-2,-2,6,-5,3,-3,-2,0,0
8843,pad,8,8,8,1,1,1,0,-2,-3,0,-2,1,-1,-3,5,0
8844,pad,2,2,2,1,1,1,-2,1,6,1,-3,-3,-2,-1,-1,-4
8845,pad,0,0,0,1,1,1,6,-3,-2,-2,-3,0,1,-1,-1,-1
8846,pad,9,9,9,1,1,1,-1,-1,-3,-1,1,-2,-4,0,0,3
8847,pad,5,5,5,1,1,1,-1,-3,-4,0,-2,6,1,-3,0,1
8848,pad,6,6,6,1,1,1,-1,-1,-4,-3,1,1,5,-3,-2,-2
8849,pad,0,0,0,1,1,1,4,-2,-1,-1,-1,-1,0,-1,-1,0
8850,pad,1,1,1,1,1,1,-3,5,-2,-4,-1,-1,-1,0,-1,-2
8851,pad,0,0,0,1,1,1,5,-3,-1,-2,-2,-1,1,-1,-1,0
8852,pad,6,6,6,1,1,1,1,-2,-4,-3,-1,2,6,-5,-1,-3
8853,pad,5,5,5,1,1,1,-1,-2,-2,-1,-2,6,1,-2,2,-1
8854,pad,3,3,3,1,1,1,-4,-1,-1,6,-5,2,-3,-1,0,-1
8855,pad,5,5,5,1,1,1,-2,-2,-3,-1,-1,5,1,-2,1,1
8856,pad,3,3,3,1,1,1,-4,-1,-2,7,-6,2,-4,-1,0,0
8857,pad,8,8,8,1,1,1,-1,-2,-2,-1,-2,0,-1,-3,6,0
8858,pad,0,0,0,1,1,1,5,-3,-1,-2,-2,-1,1,-1,-1,-1
8859,pad,0,0,0,1,1,1,4,-3,-2,-1,-2,0,1,-1,-1,0
8860,pad,3,3,3,1,1,1,-3,-1,-2,7,-5,2,-4,-1,0,0
8861,pad,4,4,4,1,1,1,-3,-1,-2,-3,4,-2,-3,-1,-2,0
8862,pad,1,1,1,1,1,1,-2,4,-1,-3,-1,-1,-1,0,-1,-2
8863,pad,5,5,5,1,1,1,-2,-1,-2,-1,-2,6,1,-2,1,0
8864,pad,3,3,3,1,1,1,-3,-1,-2,6,-4,2,-3,-1,0,-1
8865,pad,0,0,0,1,1,1,4,-3,-2,-2,-1,-1,1,-1,0,0
8866,pad,8,8,8,1,1,1,0,-1,-2,-1,-1,0,-2,-2,4,0
8867,pad,3,3,3,1,1,1,-2,-2,-2,6,-5,3,-3,-2,1,0
8868,pad,0,0,0,1,1,1,5,-3,-2,-1,-2,-1,0,-1,0,0
8869,pad,6,6,6,1,1,1,1,-2,-5,-3,-1,2,6,-4,-1,-2
8870,pad,2,2,2,1,1,1,-2,1,6,0,-2,-3,-2,-1,0,-4
8871,pad,7,7,7,1,1,1,-2,-1,0,1,0,-2,-5,4,-1,0
8872,pad,8,8,8,1,1,1,-1,-2,-1,0,-3,-1,-2,-4,6,0
8873,pad,1,1,1,1,1,1,-1,4,-1,-3,-2,-1,-1,-1,0,-3
8874,pad,7,7,7,1,1,1,-1,-1,0,0,-1,-2,-5,4,-1,0
8875,pad,1,1,1,1,1,1,-2,4,-1,-4,-2,-1,-1,-1,0,-3
8876,pad,3,3,3,1,1,1,-2,-2,-2,6,-5,2,-3,-2,0,0
8877,pad,8,8,8,1,1,1,-1,-1,-2,-1,-2,0,-1,-3,5,-1
8878,pad,5,5,5,1,1,1,-1,-3,-3,1,-2,5,1,-2,0,1
8879,pad,4,4,4,1,1,1,-4,-1,-2,-3,5,-2,-3,0,-3,-1
8880,pad,2,2,2,1,1,1,-2,1,6,1,-3,-3,-2,-1,0,-4
8881,pad,0,0,0,1,1,1,5,-3,-1,-2,-2,-1,1,-1,-1,-1
8882,pad,9,9,9,1,1,1,-2,-2,-3,0,0,-1,-4,-1,-1,4
8883,pad,7,7,7,1,1,1,-3,0,-1,0,0,-1,-4,4,-1,-1
8884,pad,6,6,6,1,1,1,0,-1,-4,-3,0,2,7,-4,-1,-3
8885,pad,7,7,7,1,1,1,-2,0,0,0,-1,-1,-4,3,-1,-1
8886,pad,4,4,4,1,1,1,-3,-1,-3,-3,5,-2,-3,-1,-1,0
8887,pad,1,1,1,1,1,1,-2,4,-2,-3,-2,-1,-2,0,-1,-2
8888,pad,6,6,6,1,1,1,0,-1,-3,-3,0,2,6,-4,-2,-3
8889,pad,2,2,2,1,1,1,-1,0,2,0,-1,-1,-1,-1,0,-2
8890,pad,6,6,6,1,1,1,1,-2,-3,-3,-2,1,6,-5,-1,-3
8891,pad,7,7,7,1,1,1,-3,0,0,0,0,-2,-5,4,-1,-1
8892,pad,1,1,1,1,1,1,-2,4,0,-3,-1,-1,-1,-1,-1,-2
8893,pad,9,9,9,1,1,1,-1,-3,-3,0,0,-2,-6,0,-1,4
8894,pad,8,8,8,1,1,1,0,-2,-2,0,-3,0,-1,-4,6,0
8895,pad,0,0,0,1,1,1,5,-3,-1,-2,-3,-1,1,-1,0,-1
8896,pad,6,6,6,1,1,1,0,-1,-3,-3,1,1,5,-4,-2,-3
8897,pad,9,9,9,1,1,1,-2,-2,-3,-1,1,-2,-5,-1,0,4
8898,pad,4,4,4,1,1,1,-5,-1,-3,-4,6,-2,-3,-2,-2,0
8899,pad,9,9,9,1,1,1,-1,-2,-2,0,0,-1,-5,1,-1,3
8900,pad,9,9,9,1,1,1,-1,-2,-3,-1,0,-2,-4,-1,-1,3
8901,pad,6,6,6,1,1,1,0,-1,-2,-3,-1,2,6,-4,-1,-4
8902,pad,2,2,2,1,1,1,-1,0,4,0,-2,-2,-1,-1,0,-3
8903,pad,3,3,3,1,1,1,-4,-1,-2,6,-5,2,-3,-1,0,-1
8904,pad,7,7,7,1,1,1,-2,-1,-1,0,0,-1,-5,4,-1,0
8905,pad,1,1,1,1,1,1,-2,4,-2,-3,-1,-1,-1,0,-1,-2
8906,pad,9,9,9,1,1,1,-1,-2,-3,-1,0,-1,-4,-1,0,4
8907,pad,2,2,2,1,1,1,-1,1,6,0,-3,-4,-2,1,-2,-4
8908,pad,2,2,2,1,1,1,-2,0,4,0,-1,-3,-1,-2,0,-3
8909,pad,5,5,5,1,1,1,-2,-2,-3,1,-2,6,0,-2,0,1
8910,pad,3,3,3,1,1,1,-2,-1,-2,5,-4,2,-3,-1,0,0
8911,pad,7,7,7,1,1,1,-2,-1,-1,0,0,-1,-5,4,-1,-1
8912,pad,8,8,8,1,1,1,1,-1,-1,1,-4,0,-1,-3,4,-1
8913,pad,0,0,0,1,1,1,4,-3,-2,-1,-2,1,3,-3,-1,-1
8914,pad,1,1,1,1,1,1,-3,4,-1,-3,-1,-1,-1,-1,-1,-3
8915,pad,2,2,2,1,1,1,-2,1,6,0,-2,-3,-2,0,-2,-5
8916,pad,3,3,3,1,1,1,-3,-1,-1,6,-5,1,-4,-1,1,0
8917,pad,4,4,4,1,1,1,-4,-1,-2,-4,5,-2,-4,-1,-2,0
8918,pad,7,7,7,1,1,1,-2,0,-2,0,0,0,-5,3,-2,-1
8919,pad,8,8,8,1,1,1,-2,-2,-2,0,-2,0,-1,-4,6,0
8920,pad,9,9,9,1,1,1,-1,-2,-3,-1,0,-1,-5,0,-1,4
8921,pad,0,0,0,1,1,1,5,-3,-1,-2,-2,-1,1,-2,-1,-1
8922,pad,1,1,1,1,1,1,-3,5,-1,-4,-1,0,-1,-1,-1,-3
8923,pad,2,2,2,1,1,1,-1,0,4,0,-2,-1,-1,-1,0,-2
8924,pad,3,3,3,1,1,1,-3,-1,-1,6,-5,2,-3,-2,1,0
8925,pad,4,4,4,1,1,1,-4,0,-1,-4,5,-2,-3,-1,-3,-2
8926,pad,7,7,7,1,1,1,-3,0,-2,0,-1,-1,-6,4,-1,-1
8927,pad,8,8,8,1,1,1,-1,-2,-1,0,-4,0,-1,-4,6,0
8928,pad,9,9,9,1,1,1,-1,-3,-2,0,0,-1,-4,0,0,4
8929,pad,0,0,0,1,1,1,5,-3,-1,-2,-3,0,2,-2,0,-1
8930,pad,1,1,1,1,1,1,-3,4,-2,-3,-2,0,-1,0,0,-2
8931,pad,7,7,7,1,1,1,-2,-1,-2,0,0,0,-4,4,-1,-1
8932,pad,8,8,8,1,1,1,-1,-2,-1,1,-3,0,-1,-3,5,0
8933,pad,9,9,9,1,1,1,-2,-3,-3,-1,0,-1,-5,-1,0,4
8934,pad,8,8,8,1,1,1,-1,-2,-1,0,-2,0,-2,-3,5,1
8935,pad,9,9,9,1,1,1,-1,-3,-3,0,0,-1,-6,1,-2,5
8936,pad,2,2,2,1,1,1,-2,1,6,0,-2,-3,-1,0,-2,-5
8937,pad,6,6,6,1,1,1,0,-1,-2,-2,-1,2,6,-4,-1,-4
8938,pad,1,1,1,1,1,1,-3,4,-2,-4,-1,0,-2,0,0,-2
8939,pad,3,3,3,1,1,1,-2,-1,-1,6,-5,2,-3,-2,0,0
8940,pad,5,5,5,1,1,1,-2,-2,-2,0,-2,5,0,-2,1,1
8941,pad,4,4,4,1,1,1,-3,0,-1,-3,4,-2,-3,-1,-3,-1
8942,pad,8,8,8,1,1,1,-1,-2,0,0,-2,-1,-3,-3,4,1
8943,pad,2,2,2,1,1,1,-2,2,6,1,-3,-3,-2,0,-2,-5
8944,pad,6,6,6,1,1,1,0,-2,-1,-3,-2,2,5,-4,1,-3
8945,pad,4,4,4,1,1,1,-3,0,-1,-3,4,-2,-2,-1,-2,-2
8946,pad,3,3,3,1,1,1,-3,-2,-3,7,-5,3,-3,-2,0,0
8947,pad,4,4,4,1,1,1,-3,0,-1,-3,4,-2,-2,-1,-3,-1
8948,pad,5,5,5,1,1,1,-2,0,-3,0,-1,4,-1,-1,0,0
8949,pad,9,9,9,1,1,1,-1,-2,-2,0,0,-1,-4,0,-1,3
8950,pad,2,2,2,1,1,1,-2,1,6,0,-2,-3,-2,-1,-1,-5
8951,pad,0,0,0,1,1,1,4,-2,-1,-1,-1,0,1,-2,-1,-1
8952,pad,3,3,3,1,1,1,-2,-1,-1,4,-3,1,-3,-1,1,1
8953,pad,9,9,9,1,1,1,-2,-3,-3,-1,1,-2,-5,-1,-1,5
8954,pad,4,4,4,1,1,1,-4,0,-1,-2,4,-2,-3,0,-2,-1
8955,pad,9,9,9,1,1,1,-2,-2,-2,-1,1,-1,-4,0,-1,3
8956,pad,7,7,7,1,1,1,-2,0,-1,-1,0,-1,-4,3,-1,0
8957,pad,3,3,3,1,1,1,-2,-2,-2,7,-5,2,-3,-2,0,0
8958,pad,8,8,8,1,1,1,-1,-2,-2,0,-2,0,-1,-3,6,0
8959,pad,7,7,7,1,1,1,-2,-1,-2,0,-1,-1,-6,4,-1,-1
8960,pad,4,4,4,1,1,1,-3,-1,-2,-3,5,-2,-3,-1,-3,-2
8961,pad,4,4,4,1,1,1,-3,0,-1,-3,4,-2,-2,-1,-2,-1
8962,pad,9,9,9,1,1,1,-3,-2,-4,-2,1,-2,-6,-1,-1,5
8963,pad,8,8,8,1,1,1,-1,-2,-1,1,-2,0,-2,-3,5,1
8964,pad,5,5,5,1,1,1,-2,-2,-3,1,-2,5,-1,-1,-1,1
8965,pad,8,8,8,1,1,1,-1,-3,-1,-1,-2,0,-2,-3,6,1
8966,pad,2,2,2,1,1,1,-3,1,7,1,-3,-4,-2,0,-1,-6
8967,pad,6,6,6,1,1,1,-1,-1,-2,-2,-1,2,5,-4,1,-3
8968,pad,6,6,6,1,1,1,-1,-1,-3,-3,-1,2,6,-4,-1,-4
8969,pad,2,2,2,1,1,1,-1,1,5,0,-1,-2,-1,-1,-2,-4
8970,pad,3,3,3,1,1,1,-3,-2,-1,7,-6,1,-4,-2,1,0
8971,pad,1,1,1,1,1,1,-2,4,-1,-3,-1,-1,-1,0,-1,-2
8972,pad,3,3,3,1,1,1,-2,-1,0,5,-5,1,-3,-2,1,0
8973,pad,2,2,2,1,1,1,-2,1,5,0,-2,-2,-2,-1,-1,-4
8974,pad,7,7,7,1,1,1,-3,-1,-2,0,0,0,-4,4,-1,-2
8975,pad,3,3,3,1,1,1,-1,-2,-2,5,-4,2,-3,-2,1,1
8976,pad,1,1,1,1,1,1,-2,4,-2,-3,-1,0,-1,-1,0,-2
8977,pad,9,9,9,1,1,1,-3,-3,-3,-2,2,-2,-6,0,-2,5
8978,pad,0,0,0,1,1,1,5,-4,-2,-1,-2,-1,1,-1,-1,0
8979,pad,1,1,1,1,1,1,-3,6,-2,-5,-2,0,-1,0,-1,-2
8980,pad,1,1,1,1,1,1,-2,5,-1,-4,-2,-1,-1,-1,-1,-3
8981,pad,3,3,3,1,1,1,-1,-2,-1,5,-5,1,-3,-2,1,0
8982,pad,5,5,5,1,1,1,-1,-1,-2,1,-2,4,0,-1,0,0
8983,pad,0,0,0,1,1,1,4,-2,-1,-1,-2,-1,1,-1,0,-1
8984,pad,7,7,7,1,1,1,-2,0,-1,0,0,-1,-3,3,-1,-1
8985,pad,8,8,8,1,1,1,-1,-3,-1,1,-3,0,-2,-4,6,0
8986,pad,1,1,1,1,1,1,-2,5,-2,-4,-1,0,-1,-1,-1,-2
8987,pad,5,5,5,1,1,1,-2,-2,-3,1,-2,6,-1,-1,0,1
8988,pad,1,1,1,1,1,1,-2,4,-1,-3,-2,-1,0,-1,-1,-2
8989,pad,4,4,4,1,1,1,-4,0,-2,-4,5,-3,-3,-1,-3,0
8990,pad,6,6,6,1,1,1,0,-2,-3,-3,0,1,5,-4,0,-1
8991,pad,0,0,0,1,1,1,5,-3,-1,-2,-1,-1,1,-1,-2,-1
8992,pad,0,0,0,1,1,1,6,-4,-1,-1,-2,0,2,-1,-1,-1
8993,pad,4,4,4,1,1,1,-2,-1,-1,-2,4,-2,-2,0,-2,-1
8994,pad,9,9,9,1,1,1,-2,-2,-3,-1,1,-2,-5,1,-2,4
8995,pad,1,1,1,1,1,1,-3,5,-1,-4,-2,-1,-2,0,-2,-3
8996,pad,6,6,6,1,1,1,0,-1,-2,-3,-1,2,6,-4,0,-3
8997,pad,6,6,6,1,1,1,0,-1,-2,-2,0,1,5,-3,0,-2
8998,pad,9,9,9,1,1,1,-2,-2,-2,-1,1,-1,-5,1,-1,3
8999,pad,0,0,0,1,1,1,4,-2,-2,-1,-1,0,2,-2,-1,0
9000,pad,7,7,7,1,1,1,-2,0,-1,1,-1,0,-4,3,-1,-1
9001,pad,6,6,6,1,1,1,0,-1,-2,-2,-1,1,5,-3,-1,-3
9002,pad,1,1,1,1,1,1,-2,4,-2,-3,-2,-1,-1,-1,0,-2
9003,pad,1,1,1,1,1,1,-2,5,0,-3,-2,-1,-2,0,-1,-3
9004,pad,0,0,0,1,1,1,5,-3,-1,-1,-4,-1,1,-1,1,-1
9005,pad,1,1,1,1,1,1,-3,5,-3,-5,-1,0,-1,0,-1,-2
9006,pad,2,2,2,1,1,1,-1,1,5,0,-3,-2,-2,0,-1,-4
9007,pad,3,3,3,1,1,1,-4,0,-1,7,-6,2,-4,-1,0,-2
9008,pad,4,4,4,1,1,1,-1,-1,-3,-2,3,-2,0,-1,-1,0
9009,pad,7,2,2,0,0,1,-1,2,4,0,-2,-2,-3,2,-2,-4
9010,pad,2,2,2,1,1,1,-2,-1,4,3,-5,-2,-2,-1,1,-4
9011,pad,3,3,3,1,1,1,-2,-1,0,5,-4,1,-2,-2,1,-1
9012,pad,4,4,4,1,1,1,-2,-1,-1,-2,2,-1,-1,-1,0,0
9013,pad,5,5,5,1,1,1,-1,0,-1,0,-2,3,1,-1,1,-1
9014,pad,6,6,6,1,1,1,2,-2,-3,-2,-1,3,5,-4,0,-2
9015,pad,7,2,2,0,0,1,-1,1,4,0,-2,-2,-2,0,-1,-4
9016,pad,0,0,0,1,1,1,3,-1,0,0,-3,-1,0,-1,0,-1
9017,pad,1,1,1,1,1,1,-3,5,-1,-4,-2,-1,-2,0,-1,-2
9018,pad,2,2,2,1,1,1,0,1,5,1,-3,-2,-2,0,-2,-4
9019,pad,7,2,2,0,0,1,-2,1,4,0,-2,-2,-3,2,-2,-4
9020,pad,8,8,8,1,1,1,-1,-2,-2,0,-3,1,0,-3,5,-1
9021,pad,6,6,6,1,1,1,0,-2,-3,-4,0,2,5,-4,-2,-1
9022,pad,3,3,3,1,1,1,-4,0,0,4,-3,1,-2,-1,0,-3
9023,pad,9,9,9,1,1,1,-1,-2,-2,0,0,-1,-5,1,-2,3
9024,pad,7,2,2,0,0,1,-1,1,3,1,-2,-2,-2,1,-1,-4
9025,pad,1,1,1,1,1,1,-1,3,-1,-3,-2,0,0,-1,1,-2
9026,pad,9,9,9,1,1,1,-1,-2,-3,0,0,-1,-4,0,-1,3
9027,pad,3,3,3,1,1,1,-3,-2,-1,6,-5,1,-3,-2,1,0
9028,pad,9,9,9,1,1,1,-1,-2,-2,1,-1,0,-4,0,-1,3
9029,pad,6,6,6,1,1,1,1,-2,-3,-3,-2,3,5,-4,-1,-3
9030,pad,1,1,1,1,1,1,-2,4,-1,-3,-1,-1,-1,0,0,-2
9031,pad,7,7,7,1,1,1,-2,1,1,0,0,-2,-3,3,-2,-2
9032,pad,2,2,2,1,1,1,-1,0,5,1,-5,-3,-2,1,0,-5
9033,pad,4,4,4,1,1,1,-6,-1,-3,-5,6,-2,-3,-1,-1,-1
9034,pad,4,4,4,1,1,1,-5,-1,-3,-4,5,-3,-3,-1,-1,0
9035,pad,5,5,5,1,1,1,-3,-1,-3,-1,0,5,0,-1,0,0
9036,pad,7,7,2,1,0,0,-2,1,2,0,-1,-1,-2,2,-2,-3
9037,pad,0,0,0,1,1,1,5,-4,-2,-1,-2,0,2,-2,0,0
9038,pad,0,0,0,1,1,1,5,-3,-2,-1,-3,2,3,-2,-1,-1
9039,pad,1,1,1,1,1,1,-3,5,-2,-4,-1,-1,-1,0,-1,-2
9040,pad,6,6,6,1,1,1,1,-2,-3,-2,-2,3,5,-4,0,-1
9041,pad,6,6,6,1,1,1,1,-2,-2,-2,-2,2,5,-4,-1,-4
9042,pad,8,8,8,1,1,1,-2,-2,-1,-1,-2,0,-1,-3,5,0
9043,pad,2,2,2,1,1,1,-2,1,5,1,-4,-2,-2,0,0,-5
9044,pad,7,7,7,1,1,1,-3,2,2,0,-1,-2,-3,3,-2,-3
9045,pad,7,7,2,1,0,0,-2,1,2,0,-1,-2,-3,2,-1,-2
9046,pad,2,2,2,1,1,1,-1,0,4,1,-4,-2,-2,0,1,-4
9047,pad,4,4,4,1,1,1,-3,-1,-2,-3,4,-1,-2,0,-2,-2
9048,pad,2,2,2,1,1,1,-1,2,7,0,-3,-3,-1,0,-3,-6
9049,pad,1,1,1,1,1,1,-3,5,-2,-5,-1,-1,-2,0,-1,-2
9050,pad,6,6,6,1,1,1,0,-1,-2,-2,0,3,4,-3,-1,-1
9051,pad,1,1,1,1,1,1,-1,3,-1,-2,-1,-1,-2,0,-1,-2
9052,pad,0,0,0,1,1,1,4,-3,-2,-1,-2,0,2,-2,0,-1
9053,pad,6,6,6,1,1,1,0,-1,-2,-2,-1,2,4,-4,0,-2
9054,pad,9,9,9,1,1,1,-1,-1,-2,-1,1,-1,-3,1,-1,2
9055,pad,8,8,8,1,1,1,-1,-3,-1,1,-4,0,-1,-4,7,-1
9056,pad,3,3,3,1,1,1,-3,-1,-2,7,-6,2,-4,-2,1,-1
9057,pad,9,9,9,1,1,1,-1,-2,-1,0,0,0,-4,-1,0,3
9058,pad,6,6,6,1,1,1,0,-1,-2,-3,-1,2,5,-4,-1,-3
9059,pad,3,3,3,1,1,1,-3,-1,-1,6,-5,2,-3,-1,1,-1
9060,pad,0,0,0,1,1,1,4,-3,-2,-1,-1,0,2,-1,0,0
9061,pad,1,1,1,1,1,1,-2,2,-1,-1,-1,0,-1,0,-1,0
9062,pad,2,2,2,1,1,1,0,1,4,0,-3,-2,-1,0,-1,-4
9063,pad,3,3,3,1,1,1,-3,0,1,3,-3,-1,-2,0,0,-3
9064,pad,4,4,4,1,1,1,-5,0,-1,-4,6,-4,-4,-1,-3,-2
9065,pad,5,5,5,1,1,1,-3,-1,-3,0,-3,7,0,-2,0,1
9066,pad,6,6,6,1,1,1,0,-2,-3,-3,-1,2,6,-3,0,-4
9067,pad,7,7,7,1,1,1,-2,0,-1,-1,0,-1,-5,5,-2,-1
9068,pad,8,8,8,1,1,1,-2,-1,-2,-1,-1,-1,-1,-3,5,1
9069,pad,9,9,9,1,1,1,-3,-1,-3,-3,2,-2,-4,-1,0,4
9070,pad,0,0,0,1,1,1,4,-3,-2,-1,-2,-1,1,-1,1,1
9071,pad,1,1,1,1,1,1,-3,3,-1,-3,0,-2,-2,0,-1,1
9072,pad,2,2,2,1,1,1,0,1,6,1,-4,-4,-2,1,-1,-5
9073,pad,3,3,3,1,1,1,-3,0,1,3,-2,0,-2,1,0,-3
9074,pad,4,4,4,1,1,1,-5,0,-3,-5,6,-3,-3,-1,-3,-2
9075,pad,5,5,5,1,1,1,-3,-1,-2,0,-2,6,-1,-1,0,1
9076,pad,6,6,6,1,1,1,0,-2,-3,-2,-1,2,5,-3,0,-3
9077,pad,7,7,7,1,1,1,-3,1,0,0,0,-2,-6,5,-2,-1
9078,pad,8,8,8,1,1,1,-2,-1,-2,0,-2,1,0,-3,4,-1
9079,pad,9,9,9,1,1,1,-3,-2,-2,-1,0,-2,-5,0,-1,5
9080,pad,0,0,0,1,1,1,5,-4,-2,-2,-3,-1,2,-2,0,-1
9081,pad,1,1,1,1,1,1,-3,3,-1,-2,0,-1,-2,1,0,0
9082,pad,2,2,2,1,1,1,-1,0,5,1,-4,-3,-1,0,-1,-6
9083,pad,3,3,3,1,1,1,-4,0,-1,6,-3,1,-3,0,0,-3
9084,pad,4,4,4,1,1,1,-4,0,-1,-4,5,-4,-4,0,-3,-1
9085,pad,5,5,5,1,1,1,-1,-1,-2,-1,-2,5,0,-1,1,0
9086,pad,6,6,6,1,1,1,0,-2,-3,-3,-1,2,6,-3,0,-3
9087,pad,7,7,7,1,1,1,-4,1,0,-1,0,-2,-6,6,-2,-1
9088,pad,8,8,8,1,1,1,-2,-1,-2,-1,-1,1,0,-3,4,-1
9089,pad,9,9,9,1,1,1,-3,-1,-3,-1,1,-1,-4,-1,0,5
9090,pad,1,1,1,1,1,1,-4,4,-2,-3,0,-1,-2,0,-2,0
9091,pad,6,6,6,1,1,1,-1,-1,-3,-3,0,1,7,-3,-1,-4
9092,pad,8,8,8,1,1,1,-1,-1,-1,-1,-1,0,0,-2,4,-1
9093,pad,9,9,9,1,1,1,-2,-2,-2,-1,1,-1,-4,0,-1,4
9094,pad,9,9,9,1,1,1,-2,-1,-2,0,0,-2,-4,0,-1,4
9095,pad,0,0,0,1,1,1,4,-3,-2,-1,-1,0,2,-1,0,0
9096,pad,1,1,1,1,1,1,-3,4,-1,-3,-1,-1,-2,0,-1,-1
9097,pad,2,2,2,1,1,1,-1,1,7,1,-4,-3,-1,0,-2,-7
9098,pad,4,4,4,1,1,1,-4,0,-1,-4,4,-3,-3,0,-4,-2
9099,pad,4,4,4,1,1,1,-4,0,-2,-4,6,-3,-2,-1,-4,-2
9100,pad,3,3,3,1,1,1,-3,-1,-1,6,-5,0,-3,-1,2,-1
9101,pad,7,7,7,1,1,1,-2,0,1,0,-1,-2,-5,4,-1,-1
9102,pad,4,4,4,1,1,1,-4,0,-1,-3,5,-3,-3,0,-1,-2
9103,pad,4,4,4,1,1,1,-3,-1,-2,-3,4,-2,-1,0,-2,-1
9104,pad,4,4,4,1,1,1,-4,0,-1,-3,4,-3,-3,0,-2,-2
9105,pad,0,0,0,1,1,1,5,-4,-3,-1,-2,-1,1,-1,0,0
9106,pad,3,3,3,1,1,1,-4,0,1,6,-5,0,-3,-1,1,-3
9107,pad,8,8,8,1,1,1,-2,-2,-2,0,-2,1,1,-3,5,-1
9108,pad,7,7,7,1,1,1,-3,0,0,-1,0,-1,-5,5,-2,-1
9109,pad,5,5,5,1,1,1,-2,-1,-3,-1,-2,7,1,-2,1,0
9110,pad,8,8,8,1,1,1,-2,-1,-1,0,-1,0,-1,-1,3,0
9111,pad,2,2,2,1,1,1,0,1,6,0,-4,-3,-2,0,-1,-5
9112,pad,1,1,1,1,1,1,-4,4,-2,-3,0,-1,-2,0,-1,1
9113,pad,7,7,7,1,1,1,-3,0,-1,0,0,-1,-4,4,-2,-1
9114,pad,5,5,5,1,1,1,-2,-1,-2,-2,-2,6,1,-2,1,0
9115,pad,3,3,3,1,1,1,-3,0,-1,6,-5,1,-4,0,0,-1
9116,pad,8,8,8,1,1,1,-1,-2,-1,0,-1,-1,-1,-2,4,1
9117,pad,5,5,5,1,1,1,-1,-2,-3,1,-2,4,0,-2,1,0
9118,pad,2,2,2,1,1,1,-1,1,6,0,-3,-3,-2,1,-1,-5
9119,pad,5,5,5,1,1,1,-1,-1,-1,0,-3,5,0,-1,0,0
9120,pad,1,1,1,1,1,1,-2,4,-1,-4,-1,-1,-1,0,-2,-1
9121,pad,1,1,1,1,1,1,-2,4,-2,-3,-1,-1,-1,0,-1,-1
9122,pad,6,6,6,1,1,1,0,-2,-3,-3,-1,3,6,-4,-1,-3
9123,pad,2,2,2,1,1,1,-1,0,4,2,-4,-4,-3,1,0,-4
9124,pad,1,1,1,1,1,1,-3,4,-1,-3,0,-2,-2,0,-2,-1
9125,pad,3,3,3,1,1,1,-3,0,-1,5,-4,0,-3,0,0,-1
9126,pad,8,8,8,1,1,1,-2,-1,-2,0,-1,0,0,-3,5,-1
9127,pad,6,6,6,1,1,1,0,0,-2,-2,0,1,4,-3,-1,-3
9128,pad,4,4,4,1,1,1,-3,-1,-2,-3,4,-2,-2,-1,-1,-1
9129,pad,2,2,2,1,1,1,-1,1,7,1,-4,-4,-2,1,-1,-6
9130,pad,6,6,6,1,1,1,1,-2,-4,-2,-1,1,6,-4,0,-2
9131,pad,2,2,2,1,1,1,0,1,5,0,-3,-3,-2,1,-2,-4
9132,pad,5,5,5,1,1,1,-2,-1,-2,-1,-2,5,1,-2,1,0
9133,pad,5,5,5,1,1,1,-1,-1,-1,-1,-2,5,0,-1,1,1
9134,pad,0,0,0,1,1,1,4,-3,-2,-1,-2,0,2,-1,0,0
9135,pad,2,2,2,1,1,1,-1,1,7,0,-4,-4,-2,0,-2,-6
9136,pad,8,8,8,1,1,1,-2,-1,-1,1,-2,0,-1,-2,4,1
9137,pad,0,0,0,1,1,1,4,-3,-2,-1,-2,0,1,-1,0,0
9138,pad,6,6,6,1,1,1,0,-1,-2,-3,-2,2,7,-4,-1,-5
9139,pad,8,8,8,1,1,1,-2,-1,-1,-1,0,0,0,-1,3,-1
9140,pad,1,1,1,1,1,1,-3,4,-1,-3,0,-1,-3,0,-2,-1
9141,pad,7,7,7,1,1,1,-3,0,-1,-1,1,-1,-4,4,-2,0
9142,pad,9,9,9,1,1,1,-1,-1,-3,-1,0,-1,-4,-1,-1,3
9143,pad,1,1,1,1,1,1,-3,4,-1,-4,-1,-1,-2,0,-2,-1
9144,pad,9,9,9,1,1,1,-2,-2,-3,0,0,-1,-4,0,-2,4
9145,pad,2,2,2,1,1,1,-1,1,5,0,-3,-3,-1,0,-2,-5
9146,pad,6,6,6,1,1,1,0,-2,-3,-2,-1,3,6,-4,1,-3
9147,pad,7,7,7,1,1,1,-2,0,-1,-1,0,-2,-5,5,-1,-1
9148,pad,6,6,6,1,1,1,0,-1,-2,-3,-1,2,6,-5,0,-4
9149,pad,6,6,6,1,1,1,0,-2,-2,-3,-2,1,6,-5,1,-4
9150,pad,8,8,8,1,1,1,-2,-2,-2,0,-1,1,1,-3,5,-2
9151,pad,7,7,7,1,1,1,-2,-1,-2,0,0,-1,-5,4,-1,0
9152,pad,4,4,4,1,1,1,-4,-1,-2,-4,6,-3,-3,-1,-2,-1
9153,pad,9,9,9,1,1,1,-2,-2,-3,-1,0,0,-3,-1,-1,3
9154,pad,2,2,2,1,1,1,-1,1,7,1,-4,-4,-3,1,-1,-6
9155,pad,1,1,1,1,1,1,-3,4,-2,-3,0,-2,-3,1,-1,0
9156,pad,3,3,3,1,1,1,-2,-1,-2,6,-4,2,-2,-1,-1,-1
9157,pad,3,3,3,1,1,1,-5,-1,-1,7,-6,1,-4,-1,1,-2
9158,pad,0,0,0,1,1,1,4,-3,-2,-1,-1,0,1,-1,0,0
9159,pad,5,5,5,1,1,1,-3,-1,-2,-1,-2,6,0,-2,1,1
9160,pad,5,5,5,1,1,1,-1,-1,-2,-2,-2,6,1,-2,1,1
9161,pad,8,8,8,1,1,1,-2,-1,-2,-1,-1,2,1,-3,5,-1
9162,pad,0,0,0,1,1,1,4,-2,-2,-1,-2,0,1,-2,-1,0
9163,pad,3,3,3,1,1,1,-3,-1,2,4,-4,-2,-2,0,2,-4
9164,pad,7,7,7,1,1,1,-3,0,-1,-1,0,-2,-5,5,-2,-1
9165,pad,9,9,9,1,1,1,-2,-2,-2,-1,0,0,-3,-1,-1,4
9166,pad,7,7,7,1,1,1,-3,0,-1,0,0,-1,-6,5,-2,-1
9167,pad,0,0,0,1,1,1,4,-3,-1,-1,-2,0,2,-1,0,-1
9168,pad,2,2,2,1,1,1,-1,1,5,1,-3,-4,-2,1,-1,-4
9169,pad,7,7,7,1,1,1,-1,0,0,-1,-1,-1,-4,3,-1,-1
9170,pad,9,9,9,1,1,1,-2,-1,-3,-2,1,0,-3,-1,-1,4
9171,pad,1,1,1,1,1,1,-3,4,-2,-2,-1,-1,-2,0,-2,0
9172,pad,7,7,7,1,1,1,-2,0,-2,0,0,0,-5,4,-2,0
9173,pad,8,8,8,1,1,1,-1,-1,-1,0,-1,0,0,-2,4,0
9174,pad,0,0,0,1,1,1,4,-3,-3,-1,-1,1,3,-2,0,-1
9175,pad,3,3,3,1,1,1,-4,0,1,5,-3,-1,-3,0,0,-3
9176,pad,5,5,5,1,1,1,-2,-1,-3,-2,-2,6,1,-2,2,0
9177,pad,3,3,3,1,1,1,-3,0,1,5,-3,0,-2,0,0,-3
9178,pad,6,6,6,1,1,1,1,-1,-3,-3,-2,1,6,-4,-1,-3
9179,pad,0,0,0,1,1,1,5,-4,-1,-3,-3,-1,1,-2,1,-1
9180,pad,1,1,1,1,1,1,-2,4,-2,-4,-2,0,-1,0,0,-2
9181,pad,2,2,2,1,1,1,-1,1,5,1,-3,-3,-2,0,-2,-5
9182,pad,3,3,3,1,1,1,-2,-2,-1,6,-5,1,-3,-2,1,0
9183,pad,4,4,4,1,1,1,-5,0,-2,-3,5,-2,-2,-1,-2,-2
9184,pad,5,5,5,1,1,1,-4,-1,-4,1,-2,7,-1,-1,-1,0
9185,pad,6,6,6,1,1,1,0,-1,-2,-3,-1,1,5,-4,-1,-3
9186,pad,7,7,7,1,1,1,-3,0,-2,-1,-1,-1,-5,4,-1,0
9187,pad,8,8,8,1,1,1,0,-2,0,1,-3,-1,-2,-2,4,1
9188,pad,9,9,9,1,1,1,-2,-2,-3,-1,1,-2,-5,0,-1,3
9189,pad,0,0,0,1,1,1,5,-3,-1,-2,-2,0,2,-2,0,-1
9190,pad,1,1,1,1,1,1,-3,4,-1,-3,-2,0,0,0,0,-3
9191,pad,2,2,2,1,1,1,-3,1,4,1,-3,-2,-1,0,0,-5
9192,pad,3,3,3,1,1,1,-2,-2,-2,5,-5,2,-3,-2,1,1
9193,pad,4,4,4,1,1,1,-5,0,-1,-3,4,-3,-3,0,-2,-3
9194,pad,5,5,5,1,1,1,-2,-2,-3,2,-3,5,-1,-2,0,0
9195,pad,6,6,6,1,1,1,0,-1,-3,-3,-1,2,5,-4,0,-2
9196,pad,7,7,7,1,1,1,-3,0,-2,-1,0,0,-6,4,-1,0
9197,pad,8,8,8,1,1,1,-1,-2,0,0,-1,0,-2,-2,3,1
9198,pad,9,9,9,1,1,1,-3,-2,-4,-2,1,-2,-6,0,-1,5
9199,pad,0,0,0,1,1,1,4,-3,-2,-1,-2,0,1,-1,0,0
9200,pad,1,1,1,1,1,1,-2,4,-1,-3,-2,-1,-2,-1,-1,-2
9201,pad,2,2,2,1,1,1,-3,2,5,1,-4,-3,-2,0,-2,-5
9202,pad,3,3,3,1,1,1,-1,-2,-1,4,-3,1,-2,-2,1,1
9203,pad,4,4,4,1,1,1,-5,0,-2,-5,5,-2,-3,-1,-2,-1
9204,pad,7,7,7,1,1,1,-2,0,-2,0,-1,0,-5,3,-1,0
9205,pad,8,8,8,1,1,1,1,-2,-1,0,-3,0,-1,-2,3,-1
9206,pad,9,9,9,1,1,1,-3,-2,-3,-2,1,-2,-5,-1,0,5
9207,pad,6,6,6,1,1,1,0,-1,-3,-3,-2,2,6,-5,0,-3
9208,pad,4,4,4,1,1,1,-3,0,-2,-2,3,-1,-2,-1,-1,0
9209,pad,2,2,2,1,1,1,-1,1,4,1,-3,-2,-2,0,-1,-4
9210,pad,6,6,6,1,1,1,0,-1,-3,-3,-1,1,4,-3,0,-1
9211,pad,4,4,4,1,1,1,-4,-1,-2,-4,4,-2,-3,-1,-2,1
9212,pad,7,7,7,1,1,1,-2,0,-1,-1,0,-1,-4,3,0,-1
9213,pad,8,8,8,1,1,1,-1,-3,-2,-1,-3,1,0,-4,6,-1
9214,pad,9,9,9,1,1,1,-1,-2,-2,-1,1,-1,-4,0,-1,3
9215,pad,2,2,2,1,1,1,-2,1,4,1,-3,-2,-2,0,-1,-4
9216,pad,9,9,9,1,1,1,-3,-2,-4,-2,1,-2,-6,0,-2,4
9217,pad,3,3,3,1,1,1,-1,-1,0,5,-5,0,-3,-1,1,-1
9218,pad,9,9,9,1,1,1,-2,-2,-2,-1,1,-1,-5,0,-2,3
9219,pad,3,3,3,1,1,1,-1,-2,-1,6,-6,1,-4,-2,1,1
9220,pad,0,0,0,1,1,1,4,-3,-2,-1,-1,0,2,-2,0,-1
9221,pad,0,0,0,1,1,1,4,-3,-1,-1,-2,0,1,-1,0,-1
9222,pad,1,1,1,1,1,1,-3,4,-2,-4,-1,1,-1,0,0,-2
9223,pad,0,0,0,1,1,1,5,-3,-2,-1,-3,-1,1,-2,0,0
9224,pad,4,4,4,1,1,1,-4,0,-2,-3,5,-2,-2,-1,-2,-2
9225,pad,2,2,2,1,1,1,-2,1,3,1,-2,-1,-1,0,-1,-4
9226,pad,6,6,6,1,1,1,1,-1,-2,-3,-2,2,5,-4,0,-2
9227,pad,3,3,3,1,1,1,0,-2,-1,4,-4,0,-2,-2,1,1
9228,pad,5,5,5,1,1,1,-1,-2,-3,2,-3,6,-1,-2,-1,1
9229,pad,3,3,3,1,1,1,-2,-2,0,6,-5,1,-3,-2,1,0
9230,pad,0,0,0,1,1,1,5,-3,-2,-1,-2,0,1,-1,-1,0
9231,pad,3,3,3,1,1,1,-3,-2,-1,6,-5,2,-2,-2,1,0
9232,pad,4,4,4,1,1,1,-3,0,-2,-3,4,-1,-2,-1,-2,-1
9233,pad,1,1,1,1,1,1,-1,4,-2,-3,-2,0,-1,-2,0,-2
9234,pad,5,5,5,1,1,1,-1,-1,-2,0,-2,4,0,-1,0,0
9235,pad,3,3,3,1,1,1,-2,-2,-1,7,-6,2,-3,-2,1,0
9236,pad,0,0,0,1,1,1,5,-3,-1,-1,-2,-1,1,-1,0,-1
9237,pad,8,8,8,1,1,1,-1,-2,0,-1,-1,0,-1,-3,5,0
9238,pad,3,3,3,1,1,1,-1,-2,-1,5,-5,1,-3,-2,1,0
9239,pad,0,0,0,1,1,1,4,-3,-2,-1,-1,0,2,-1,-1,-1
9240,pad,6,6,6,1,1,1,1,-2,-3,-3,-3,3,6,-5,0,-3
9241,pad,1,1,1,1,1,1,-2,5,-2,-4,-1,-1,-1,-1,-1,-3
9242,pad,7,7,7,1,1,1,-2,-1,-2,0,-1,0,-5,4,-1,-1
9243,pad,8,8,8,1,1,1,0,-1,-1,-1,-1,0,-1,-2,3,0
9244,pad,0,0,0,1,1,1,4,-3,-2,-1,-2,0,1,-1,0,0
9245,pad,9,9,9,1,1,1,-1,-3,-3,0,0,-1,-4,1,-1,3
9246,pad,2,2,2,1,1,1,-1,1,5,1,-4,-2,-2,0,-2,-5
9247,pad,6,6,6,1,1,1,1,-1,-3,-3,-2,3,7,-5,-1,-3
9248,pad,7,7,7,1,1,1,-1,0,-2,0,-1,0,-4,3,-1,-1
9249,pad,1,1,1,1,1,1,-2,4,-2,-4,-2,-1,-1,-1,0,-2
9250,pad,9,9,9,1,1,1,-1,-2,-2,0,-1,-1,-5,0,-1,3
9251,pad,6,6,6,1,1,1,1,-1,-3,-2,-1,2,5,-4,-1,-2
9252,pad,9,9,9,1,1,1,-1,-2,-4,-2,2,-2,-3,-1,0,3
9253,pad,4,4,4,1,1,1,-3,0,-2,-2,3,-1,-1,-1,-1,-2
9254,pad,9,9,9,1,1,1,-2,-2,-4,-2,1,-2,-5,0,-1,4
9255,pad,9,9,9,1,1,1,-2,-2,-4,-2,0,-1,-5,-1,-1,4
9256,pad,6,6,6,1,1,1,1,-2,-2,-2,-2,2,5,-5,-1,-2
9257,pad,7,7,7,1,1,1,-2,0,-2,0,0,0,-4,3,-1,0
9258,pad,1,1,1,1,1,1,-3,5,-2,-4,-2,0,-1,-1,0,-2
9259,pad,2,2,2,1,1,1,-2,1,5,2,-4,-2,-3,0,-2,-5
9260,pad,5,5,5,1,1,1,-2,-1,-3,1,-2,6,0,-2,0,-1
9261,pad,3,3,3,1,1,1,-3,-1,-1,6,-5,2,-3,-2,1,0
9262,pad,7,7,7,1,1,1,-2,0,-2,0,-1,-1,-6,4,-1,-1
9263,pad,8,8,8,1,1,1,-1,-2,0,-1,-2,0,-1,-4,6,0
9264,pad,0,0,0,1,1,1,6,-3,-1,-2,-3,-1,1,-2,-1,0
9265,pad,1,1,1,1,1,1,-2,3,-1,-2,0,-1,-2,0,-1,0
9266,pad,2,2,2,1,1,1,0,0,5,1,-3,-3,-1,0,-1,-4
9267,pad,4,4,4,1,1,1,-4,-1,-1,-4,5,-1,-4,-1,-2,0
9268,pad,5,5,5,1,1,1,-1,-1,-2,0,-2,5,0,-2,0,1
9269,pad,6,6,6,1,1,1,-1,-1,-3,-3,0,2,5,-3,-1,-3
9270,pad,7,7,7,1,1,1,-2,1,0,0,0,-1,-3,3,-1,-1
9271,pad,8,8,8,1,1,1,-2,-2,-3,0,-2,1,1,-4,5,-1
9272,pad,9,9,9,1,1,1,-2,-2,-3,-1,0,-1,-5,0,-2,4
9273,pad,0,0,0,1,1,1,5,-3,-1,-1,-2,-1,1,-2,0,0
9274,pad,1,1,1,1,1,1,-3,4,-1,-3,-1,-1,-2,0,-2,-1
9275,pad,3,3,3,1,1,1,-2,-1,-1,4,-3,1,-2,-1,0,-1
9276,pad,4,4,4,1,1,1,-3,-1,-1,-4,5,-3,-4,-1,-2,1
9277,pad,5,5,5,1,1,1,-1,-2,-2,0,-2,6,0,-2,0,2
9278,pad,6,6,6,1,1,1,0,-1,-3,-3,0,2,6,-3,-1,-3
9279,pad,7,7,7,1,1,1,-3,0,0,0,0,-1,-4,4,-1,0
9280,pad,8,8,5,1,0,0,-2,-2,-2,-1,-2,4,2,-3,4,-1
9281,pad,0,0,0,1,1,1,3,-2,-1,0,-2,0,1,-1,0,0
9282,pad,1,1,1,1,1,1,-3,3,-1,-2,-1,-1,-2,0,-2,0
9283,pad,3,3,3,1,1,1,-2,-1,-1,4,-3,1,-2,-1,1,0
9284,pad,4,4,4,1,1,1,-3,-1,-1,-4,5,-1,-3,-1,-2,0
9285,pad,7,7,7,1,1,1,-3,0,0,0,0,-2,-5,5,-1,-1
9286,pad,8,8,8,1,1,1,-2,-2,-2,1,-3,1,0,-4,5,-1
9287,pad,9,9,9,1,1,1,-2,-2,-3,0,0,-1,-4,0,-2,4
9288,pad,7,7,7,1,1,1,-2,0,0,0,-1,-1,-4,4,-1,-2
9289,pad,5,5,5,1,1,1,-2,-1,-1,1,-2,4,-1,-1,1,1
9290,pad,5,5,5,1,1,1,-2,-1,-2,0,-1,5,0,-2,0,1
9291,pad,1,1,1,1,1,1,-2,4,-1,-3,-1,-1,-1,0,-1,-1
9292,pad,9,9,9,1,1,1,-2,-2,-3,0,0,-1,-4,-1,-2,4
9293,pad,9,9,9,1,1,1,-2,-1,-3,-1,0,-1,-4,-1,-1,4
9294,pad,7,7,7,1,1,1,-2,0,0,0,0,-1,-4,3,-1,-1
9295,pad,1,1,1,1,1,1,-2,3,0,-3,-1,-1,-2,0,-1,-2
9296,pad,0,0,0,1,1,1,3,-2,-1,0,-2,-1,0,-1,0,0
9297,pad,0,0,0,1,1,1,4,-3,-1,0,-2,-1,1,-1,0,-1
9298,pad,5,5,5,1,1,1,-2,-3,-2,0,-3,6,0,-3,1,1
9299,pad,9,9,9,1,1,1,-1,-1,-2,0,0,-1,-4,0,-1,3
9300,pad,7,7,7,1,1,1,-4,0,-1,0,0,-2,-6,5,-2,0
9301,pad,1,1,1,1,1,1,-2,3,-1,-2,0,-1,-2,0,-1,-1
9302,pad,7,7,7,1,1,1,-3,0,-1,0,0,-2,-5,5,-1,0
9303,pad,2,2,2,1,1,1,0,0,3,1,-3,-2,-1,0,0,-4
9304,pad,2,2,2,1,1,1,-1,0,4,1,-3,-3,-1,0,0,-4
9305,pad,3,3,3,1,1,1,-2,-1,-1,4,-3,0,-2,-1,1,-1
9306,pad,6,6,6,1,1,1,-1,-1,-1,-2,-1,1,6,-3,-1,-4
9307,pad,8,8,8,1,1,1,-1,-2,-2,1,-3,0,-1,-4,6,0
9308,pad,3,3,3,1,1,1,-1,-1,0,2,-2,0,-2,-1,1,0
9309,pad,2,2,2,1,1,1,-1,-1,3,1,-3,-1,-1,-1,1,-3
9310,pad,0,0,0,1,1,1,5,-4,-2,0,-2,0,2,-2,-1,0
9311,pad,0,0,0,1,1,1,3,-3,-1,-1,-2,-1,0,-1,0,0
9312,pad,6,6,6,1,1,1,0,-1,-2,-2,0,1,5,-3,-1,-3
9313,pad,1,1,1,1,1,1,-3,4,-1,-3,-1,-1,-2,0,-1,-1
9314,pad,7,7,7,1,1,1,-2,0,1,0,0,-1,-4,3,-1,-1
9315,pad,5,5,5,1,1,1,-1,-1,-1,0,-2,5,0,-2,1,1
9316,pad,8,8,8,1,1,1,-1,-1,-1,0,-1,1,0,-2,3,-1
9317,pad,6,6,6,1,1,1,0,-1,-2,-2,0,2,5,-3,-1,-3
9318,pad,2,2,2,1,1,1,-1,0,4,1,-3,-2,-1,0,0,-3
9319,pad,9,9,9,1,1,1,-2,-2,-3,0,0,0,-4,-1,-1,4
9320,pad,4,4,4,1,1,1,-4,0,-2,-3,4,-2,-3,-1,-2,0
9321,pad,8,8,8,1,1,1,-2,-2,-1,1,-3,1,0,-3,5,0
9322,pad,8,8,8,1,1,1,-1,-2,-2,0,-3,0,0,-4,6,-1
9323,pad,7,7,7,1,1,1,-3,0,0,0,0,-1,-5,4,-2,0
9324,pad,1,1,1,1,1,1,-3,3,0,-3,-1,-1,-2,0,-1,-2
9325,pad,0,0,0,1,1,1,3,-3,-2,0,-1,-2,-1,0,0,1
9326,pad,8,8,8,1,1,1,0,-2,-2,1,-3,1,-1,-3,4,0
9327,pad,7,7,7,1,1,1,-3,0,0,0,0,-1,-5,4,-1,0
9328,pad,7,7,7,1,1,1,-2,0,0,0,0,-1,-4,4,-1,-1
9329,pad,5,5,5,1,1,1,-1,-2,-2,0,-3,5,0,-2,1,0
9330,pad,8,8,8,1,1,1,-1,-2,-2,0,-3,1,0,-3,4,-1
9331,pad,5,5,5,1,1,1,-1,-2,-2,1,-2,5,-1,-1,0,1
9332,pad,3,3,3,1,1,1,-1,-2,0,4,-4,0,-2,-1,1,-1
9333,pad,4,4,4,1,1,1,-5,-1,-2,-4,6,-2,-4,-1,-2,0
9334,pad,6,6,6,1,1,1,-1,-1,-2,-2,0,1,5,-3,-1,-4
9335,pad,1,1,1,1,1,1,-3,3,-1,-3,0,-1,-2,0,-1,0
9336,pad,1,1,1,1,1,1,-3,4,-1,-3,0,-1,-3,1,-2,-1
9337,pad,5,5,5,1,1,1,-1,-2,-3,1,-3,6,-1,-3,1,2
9338,pad,5,5,5,1,1,1,-2,-1,-2,1,-3,5,-1,-2,2,1
9339,pad,0,0,0,1,1,1,3,-3,-1,0,-1,-1,-1,0,-1,1
9340,pad,7,7,7,1,1,1,-2,1,0,0,0,-1,-4,3,-1,-1
9341,pad,2,2,2,1,1,1,0,0,5,1,-3,-3,-1,0,0,-4
9342,pad,3,3,3,1,1,1,0,-1,0,3,-3,1,-1,-1,0,-1
9343,pad,6,6,6,1,1,1,-1,-1,-2,-2,0,1,5,-3,-1,-3
9344,pad,4,4,4,1,1,1,-3,-1,-2,-3,4,-2,-4,-1,-2,1
9345,pad,1,1,1,1,1,1,-2,3,-1,-3,0,-1,-2,0,-1,0
9346,pad,2,2,2,1,1,1,2,-1,3,0,-3,-2,0,-1,0,-2
9347,pad,4,4,4,1,1,1,-3,-1,-1,-4,4,-3,-4,-1,-2,0
9348,pad,1,1,1,1,1,1,-2,4,-1,-3,-1,-1,-1,0,-1,-1
9349,pad,5,5,5,1,1,1,-1,-2,-2,0,-3,6,0,-2,0,2
9350,pad,4,4,4,1,1,1,-3,0,-1,-2,3,-1,-3,0,-2,0
9351,pad,2,2,2,1,1,1,-1,0,5,1,-3,-3,-1,0,-1,-4
9352,pad,0,0,0,1,1,1,5,-3,-1,0,-2,-1,0,-1,-1,0
9353,pad,4,4,4,1,1,1,-4,-1,-1,-3,5,-1,-4,0,-2,0
9354,pad,8,8,8,1,1,1,-1,-1,-2,1,-3,1,0,-3,5,-1
9355,pad,6,6,6,1,1,1,0,-1,-2,-2,0,2,5,-3,-2,-4
9356,pad,1,1,1,1,1,1,-2,3,0,-2,0,-1,-2,0,0,-1
9357,pad,9,9,9,1,1,1,-1,-2,-3,0,0,-1,-4,-1,0,3
9358,pad,0,0,0,1,1,1,5,-3,-1,-1,-2,-2,1,-2,0,0
9359,pad,2,2,2,1,1,1,0,0,4,0,-3,-2,-1,-1,0,-3
9360,pad,5,5,5,1,1,1,-2,-2,-2,0,-2,6,0,-3,1,1
9361,pad,6,6,6,1,1,1,1,-1,-3,-2,-1,2,5,-3,-1,-2
9362,pad,9,9,9,1,1,1,-1,-1,-2,0,-1,0,-4,0,-1,3
9363,pad,3,3,3,1,1,1,-1,-2,-1,4,-4,1,-2,-2,1,-1
9364,pad,6,6,6,1,1,1,-1,-1,-2,-2,0,0,3,-2,0,0
9365,pad,3,3,3,1,1,1,-1,-2,-1,5,-4,1,-2,-2,1,-1
9366,pad,6,6,6,1,1,1,0,-1,-2,-2,0,1,3,-3,0,-1
9367,pad,0,0,0,1,1,1,5,-3,-2,-2,-2,-1,3,-2,-1,-1
9368,pad,1,1,1,1,1,1,-3,3,-1,-2,-1,-1,-2,1,-1,-1
9369,pad,2,2,2,1,1,1,0,0,4,1,-3,-2,-2,0,-1,-4
9370,pad,3,3,3,1,1,1,-1,-1,0,4,-4,-1,-2,-1,1,-1
9371,pad,4,4,4,1,1,1,-3,0,-1,-3,4,-3,-4,0,-4,0
9372,pad,5,5,5,1,1,1,-3,-1,-3,2,-2,5,-1,-1,0,0
9373,pad,6,6,6,1,1,1,0,-1,-3,-2,0,1,5,-3,-1,-1
9374,pad,7,7,7,1,1,1,-2,-1,-1,0,0,-1,-6,5,-1,-1
9375,pad,8,8,8,1,1,1,-2,-1,-1,-1,-2,2,1,-3,5,-2
9376,pad,9,9,9,1,1,1,-1,-2,-3,0,-1,-1,-5,0,-1,5
9377,pad,0,0,0,1,1,1,5,-3,-2,-1,-2,1,3,-3,0,-1
9378,pad,1,1,1,1,1,1,-3,4,-2,-3,0,-1,-2,0,-2,0
9379,pad,2,2,2,1,1,1,0,-1,4,0,-3,-2,-2,0,0,-2
9380,pad,3,3,3,1,1,1,-2,0,1,4,-3,0,-2,0,0,-2
9381,pad,4,4,4,1,1,1,-3,-1,-1,-4,5,-3,-4,0,-3,0
9382,pad,5,5,5,1,1,1,-3,-1,-1,2,-1,3,-1,-1,1,-1
9383,pad,6,6,6,1,1,1,0,-1,-3,-2,0,1,6,-3,0,-3
9384,pad,7,7,7,1,1,1,-3,0,0,0,0,-2,-6,5,-1,0
9385,pad,8,8,8,1,1,1,-1,-2,-2,-1,-2,2,1,-3,4,-1
9386,pad,9,9,9,1,1,1,-2,-1,-2,0,0,0,-3,0,-1,2
9387,pad,0,0,0,1,1,1,5,-3,-3,0,-2,1,3,-2,0,-1
9388,pad,1,1,1,1,1,1,-2,3,0,-2,-1,-1,-1,0,-1,-2
9389,pad,2,2,2,1,1,1,0,0,5,0,-2,-3,-1,0,-1,-4
9390,pad,3,3,3,1,1,1,-3,0,0,5,-4,0,-3,0,1,-2
9391,pad,5,5,5,1,1,1,-4,0,-2,2,-2,5,-1,-1,1,-1
9392,pad,6,6,6,1,1,1,0,-1,-2,-3,0,0,4,-3,0,-1
9393,pad,7,7,7,1,1,1,-1,0,0,0,-1,-1,-4,4,-1,-1
9394,pad,8,8,8,1,1,1,-1,-1,-1,-1,-2,1,0,-3,4,-1
9395,pad,1,1,1,1,1,1,-3,3,-1,-2,0,-1,-2,0,-1,0
9396,pad,0,0,0,1,1,1,5,-3,-2,-1,-1,-1,1,-2,-1,-1
9397,pad,9,9,9,1,1,1,-2,-1,-1,-1,0,-1,-3,-1,0,3
9398,pad,5,5,5,1,1,1,-3,-1,-3,2,-2,5,-1,-1,1,0
9399,pad,7,7,7,1,1,1,-1,0,-2,-1,-1,-1,-6,5,-1,-1
9400,pad,5,5,5,1,1,1,-3,-1,-2,2,-3,5,0,-1,1,-1
9401,pad,1,1,1,1,1,1,-3,4,-2,-3,0,-1,-2,0,-1,0
9402,pad,8,8,8,1,1,1,-1,-2,-2,0,-3,1,0,-4,6,-1
9403,pad,6,6,6,1,1,1,-1,-1,-3,-3,-1,1,6,-4,0,-3
9404,pad,9,9,9,1,1,1,-2,-2,-2,0,0,-1,-5,1,-2,4
9405,pad,0,0,0,1,1,1,4,-2,-1,0,-2,1,2,-2,0,-1
9406,pad,4,4,4,1,1,1,-4,0,-2,-4,5,-2,-3,0,-2,0
9407,pad,1,1,1,1,1,1,-3,4,-1,-3,-1,-1,-2,0,-1,-1
9408,pad,9,9,9,1,1,1,-1,-2,-2,0,0,-1,-3,0,-1,4
9409,pad,3,3,3,1,1,1,-2,-2,-1,6,-5,0,-3,-2,2,0
9410,pad,8,8,8,1,1,1,-1,-1,-1,-1,-3,2,0,-3,6,-1
9411,pad,4,4,4,1,1,1,-3,-1,-1,-3,4,-2,-3,-1,-1,0
9412,pad,4,4,4,1,1,1,-4,-1,-2,-4,6,-3,-4,-1,-2,-1
9413,pad,7,7,7,1,1,1,-2,0,0,0,-1,-1,-4,3,0,0
9414,pad,0,0,0,1,1,1,5,-3,-1,-2,-3,-1,0,0,0,-1
9415,pad,1,1,1,1,1,1,-3,4,-1,-3,0,-1,-2,0,-1,0
9416,pad,9,9,9,1,1,1,-2,-2,-2,0,-1,0,-4,0,-1,4
9417,pad,2,2,2,1,1,1,1,0,4,-1,-2,-2,0,-1,-1,-3
9418,pad,8,8,8,1,1,1,-1,-1,-2,0,-2,1,0,-3,5,-1
9419,pad,7,7,7,1,1,1,-2,0,-1,0,0,-1,-5,4,-1,0
9420,pad,8,8,8,1,1,1,0,-3,-2,1,-3,1,-1,-3,6,0
9421,pad,2,2,2,1,1,1,1,-1,3,0,-2,-2,-1,0,-1,-1
9422,pad,5,5,3,1,0,0,-3,-1,-2,4,-3,4,-1,-1,0,0
9423,pad,9,9,9,1,1,1,-2,-2,-3,-2,2,-2,-4,0,-1,4
9424,pad,6,6,6,1,1,1,-1,-1,-2,-2,0,0,5,-2,0,-2
9425,pad,0,0,0,1,1,1,4,-2,-3,-1,-1,0,3,-2,-1,0
9426,pad,6,6,6,1,1,1,0,-1,-3,-3,0,1,4,-3,-1,-1
9427,pad,5,5,5,1,1,1,-1,-3,-4,2,-3,6,0,-2,-1,1
9428,pad,5,5,5,1,1,1,-3,-1,-2,2,-3,5,-1,-2,1,0
9429,pad,3,3,3,1,1,1,-3,-2,-1,6,-6,1,-3,-2,1,0
9430,pad,3,3,3,1,1,1,-4,-1,-1,6,-5,2,-2,-1,0,-2
9431,pad,3,3,3,1,1,1,-3,-1,-1,6,-5,1,-3,-1,1,-1
9432,pad,9,9,9,1,1,1,-2,-2,-3,0,-1,-1,-4,-1,-1,5
9433,pad,8,8,8,1,1,1,-1,-2,-1,-1,-1,-1,-1,-2,4,1
9434,pad,1,1,1,1,1,1,-3,4,-2,-3,0,-1,-2,0,-1,0
9435,pad,1,1,1,1,1,1,-4,4,-2,-3,-1,1,-2,0,-2,0
9436,pad,0,0,0,1,1,1,5,-2,-1,-1,-2,-1,1,-1,-1,0
9437,pad,6,6,6,1,1,1,0,-1,-3,-2,0,1,4,-2,-1,-1
9438,pad,1,1,1,1,1,1,-3,4,-1,-3,0,-1,-2,0,-1,0
9439,pad,0,0,0,1,1,1,4,-3,-1,-1,-1,-2,0,0,0,1
9440,pad,0,0,0,1,1,1,5,-3,-2,-1,-2,0,2,-1,0,0
9441,pad,6,6,6,1,1,1,1,-1,-2,-1,-1,1,4,-2,-1,-2
9442,pad,2,2,2,1,1,1,-1,1,4,1,-2,-1,-2,0,-1,-3
9443,pad,1,1,1,1,1,1,-3,4,-1,-3,0,-1,-2,0,-1,0
9444,pad,1,1,1,1,1,1,-3,3,-1,-2,0,-1,-2,0,-1,0
9445,pad,3,3,3,1,1,1,-4,0,-1,7,-5,1,-4,-1,0,-2
9446,pad,2,2,2,1,1,1,-1,1,2,0,-1,-1,-1,0,-1,-2
9447,pad,7,7,7,1,1,1,-1,-1,-1,0,0,0,-3,2,0,0
9448,pad,7,7,2,1,0,0,0,0,1,0,-1,-1,-2,1,0,-1
9449,pad,8,8,8,1,1,1,-2,-2,-1,-1,-2,1,0,-3,5,0
9450,pad,8,8,8,1,1,1,-1,-2,-1,-2,-3,2,2,-4,5,-1
9451,pad,7,7,7,1,1,1,-1,0,-1,1,-1,-1,-4,3,-1,0
9452,pad,8,8,8,1,1,1,-1,-2,-2,0,-2,2,0,-3,5,-1
9453,pad,4,4,4,1,1,1,-3,-1,-1,-3,4,-3,-4,0,-2,1
9454,pad,6,6,6,1,1,1,-1,0,-3,-3,1,0,4,-2,-1,-1
9455,pad,0,0,0,1,1,1,6,-3,-1,-1,-2,-1,0,-1,-1,0
9456,pad,2,2,2,1,1,1,0,1,2,0,-2,-1,-1,0,-1,-2
9457,pad,0,0,0,1,1,1,5,-3,-2,-2,-1,-2,2,-1,-2,0
9458,pad,7,7,7,1,1,1,-1,0,0,-1,-1,-1,-4,4,-1,-1
9459,pad,0,0,0,1,1,1,5,-2,-1,-1,-2,-1,1,-1,-1,0
9460,pad,3,3,3,1,1,1,-3,-2,-1,7,-6,1,-4,-2,1,0
9461,pad,6,6,6,1,1,1,-1,-2,-3,-2,0,1,6,-3,0,-2
9462,pad,8,8,8,1,1,1,-1,-2,-2,-1,-1,-1,-1,-3,5,0
9463,pad,7,7,7,1,1,1,0,0,0,0,-1,-1,-4,3,0,-1
9464,pad,1,1,1,1,1,1,-2,4,-1,-3,0,-1,-2,0,-2,-1
9465,pad,5,5,5,1,1,1,-3,-2,-4,2,-3,7,-1,-2,-1,1
9466,pad,9,9,9,1,1,1,-2,-2,-2,-1,1,-1,-4,-1,-2,3
9467,pad,9,9,9,1,1,1,-2,-2,-3,-1,1,-1,-4,-1,-2,3
9468,pad,3,3,3,1,1,1,-1,-1,-1,5,-4,0,-3,-1,1,-1
9469,pad,7,7,7,1,1,1,-2,0,-1,0,0,-2,-5,4,-1,0
9470,pad,2,2,2,1,1,1,-1,0,5,0,-3,-3,-1,-1,-1,-4
9471,pad,4,4,4,1,1,1,-2,-1,-1,-3,4,-2,-3,-1,-2,1
9472,pad,9,9,9,1,1,1,-1,-1,-2,-1,1,-2,-4,0,-1,4
9473,pad,4,4,4,1,1,1,-4,0,-2,-4,5,-3,-4,0,-2,1
9474,pad,3,3,3,1,1,1,-1,-2,-2,4,-3,2,-2,-2,0,1
9475,pad,6,6,6,1,1,1,1,-2,-4,-3,-1,2,7,-4,-1,-4
9476,pad,2,2,2,1,1,1,-2,1,6,0,-2,-3,-2,-1,-1,-5
9477,pad,2,2,2,1,1,1,-1,1,4,1,-3,-1,-2,0,-1,-3
9478,pad,5,5,5,1,1,1,-2,-2,-3,2,-2,4,0,-2,1,0
9479,pad,3,3,3,1,1,1,-2,-2,-1,6,-5,0,-3,-2,1,0
9480,pad,2,2,2,1,1,1,-1,1,6,1,-3,-4,-2,0,-1,-4
9481,pad,5,5,5,1,1,1,-2,-1,-2,2,-3,5,-1,-2,1,0
9482,pad,5,5,5,1,1,1,-3,-1,-3,2,-3,6,-1,-2,1,0
9483,pad,9,9,9,1,1,1,-2,-2,-3,-2,2,-1,-3,-1,-1,3
9484,pad,4,4,4,1,1,1,-4,-1,-2,-3,4,-2,-3,-1,-1,-1
9485,pad,1,1,1,1,1,1,-2,4,0,-3,-2,0,-1,-1,0,-3
9486,pad,7,7,7,1,1,1,-2,0,-1,1,0,-1,-4,4,-1,-1
9487,pad,2,2,2,1,1,1,1,0,5,0,-3,-3,-1,-1,-1,-3
9488,pad,0,0,0,1,1,1,4,-3,-2,0,-1,1,2,-1,-1,0
9489,pad,1,1,1,1,1,1,-3,4,-1,-3,0,-1,-2,0,-1,-1
9490,pad,2,2,2,1,1,1,-1,1,5,0,-3,-3,-2,1,-2,-6
9491,pad,3,3,3,1,1,1,-3,0,-1,4,-3,1,-3,1,-1,-1
9492,pad,4,4,4,1,1,1,-4,0,0,-4,5,-4,-5,-1,-2,1
9493,pad,5,5,5,1,1,1,-2,0,-2,0,-1,4,0,-2,2,0
9494,pad,6,6,6,1,1,1,0,-1,-2,-3,0,1,5,-3,1,-2
9495,pad,7,7,7,1,1,1,-3,1,0,0,0,-2,-5,3,-1,-1
9496,pad,8,8,8,1,1,1,-2,-1,-2,-2,0,-2,-3,-1,3,1
9497,pad,9,9,9,1,1,1,-3,0,-2,-2,1,-1,-3,0,-1,3
9498,pad,0,0,0,1,1,1,5,-3,-2,-1,-1,-1,1,-1,-2,0
9499,pad,1,1,1,1,1,1,-3,4,-2,-3,0,-1,-2,0,-1,0
9500,pad,2,2,2,1,1,1,-2,1,5,1,-3,-2,-2,1,-1,-4
9501,pad,3,3,3,1,1,1,-3,0,-1,5,-4,1,-3,0,0,-1
9502,pad,4,4,4,1,1,1,-4,-1,-2,-3,5,-2,-3,0,-1,0
9503,pad,5,5,5,1,1,1,-2,-1,-2,-1,0,5,0,-2,0,1
9504,pad,6,6,6,1,1,1,0,-1,-2,-2,0,0,5,-3,0,-3
9505,pad,7,2,2,0,0,1,-1,0,2,0,-2,-1,-3,2,0,-3
9506,pad,8,8,8,1,1,1,0,-2,-1,-1,-2,-1,-1,-3,6,0
9507,pad,9,9,9,1,1,1,-2,-1,-2,-2,1,-2,-3,-1,0,3
9508,pad,0,0,0,1,1,1,3,-3,-2,0,-2,0,1,-1,0,-1
9509,pad,1,1,1,1,1,1,-2,4,-1,-3,-2,-1,-1,0,0,-2
9510,pad,2,2,2,1,1,1,-1,1,5,1,-3,-2,-1,0,-1,-5
9511,pad,3,3,3,1,1,1,-2,-2,-2,6,-5,2,-3,-2,1,0
9512,pad,4,4,4,1,1,1,-3,-1,-2,-3,4,-3,-4,0,0,0
9513,pad,5,5,5,1,1,1,-3,0,-1,-1,0,4,0,-1,0,-1
9514,pad,6,6,6,1,1,1,-1,-1,-2,-2,1,1,4,-2,0,-2
9515,pad,7,7,7,1,1,1,-2,0,0,0,0,-1,-3,3,-1,-1
9516,pad,8,8,8,1,1,1,-1,-2,-2,-1,-2,0,-1,-4,7,-1
9517,pad,9,9,4,1,0,0,-3,-1,-4,-3,3,-2,-4,-1,-1,3
9518,pad,1,1,1,1,1,1,-1,4,-1,-3,-2,-1,-1,-1,-1,-2
9519,pad,0,0,0,1,1,1,6,-3,-2,-2,-3,-1,1,-1,-1,0
9520,pad,1,1,1,1,1,1,-2,4,-1,-2,-2,-1,-1,0,0,-2
9521,pad,2,2,2,1,1,1,-1,1,5,1,-3,-2,-1,0,-1,-5
9522,pad,7,7,7,1,1,1,-1,-1,-1,-1,0,-1,-4,4,-1,0
9523,pad,5,5,5,1,1,1,-2,-2,-2,1,-2,7,-1,-2,0,2
9524,pad,3,3,3,1,1,1,-1,-1,0,4,-3,0,-3,-1,0,-1
9525,pad,4,4,4,1,1,1,-6,-1,-3,-5,6,-3,-3,-1,-1,-2
9526,pad,4,4,4,1,1,1,-3,0,-1,-3,3,-3,-4,0,-2,0
9527,pad,0,0,0,1,1,1,4,-3,-3,-1,-1,0,2,-2,-1,0
9528,pad,0,0,0,1,1,1,4,-3,-2,-1,-1,0,2,-1,-1,-1
9529,pad,6,6,6,1,1,1,0,-1,-2,-2,0,1,5,-2,0,-2
9530,pad,9,9,9,1,1,1,-2,-1,-3,-1,0,-1,-3,-1,1,2
9531,pad,6,6,6,1,1,1,0,-1,-3,-3,1,1,4,-2,-1,-2
9532,pad,6,6,6,1,1,1,1,-1,-4,-2,0,0,5,-3,0,-1
9533,pad,5,5,5,1,1,1,-2,-1,-2,0,-2,5,0,-1,1,0
9534,pad,7,7,7,1,1,1,-1,-1,-1,0,-1,-1,-4,3,-1,0
9535,pad,2,2,2,1,1,1,-1,1,3,-1,-1,-2,-1,-2,1,-2
9536,pad,3,3,3,1,1,1,-1,-1,-1,4,-4,1,-4,-1,0,1
9537,pad,4,4,4,1,1,1,-3,-1,-3,-4,5,-2,-3,-1,-2,0
9538,pad,4,4,4,1,1,1,-4,0,-3,-4,4,-2,-3,-1,-1,1
9539,pad,9,9,9,1,1,1,-2,-2,-3,-2,1,-2,-4,0,0,3
9540,pad,1,8,1,0,1,0,-1,2,0,-2,-1,-1,-1,0,1,-2
9541,pad,4,4,4,1,1,1,-3,0,-2,-3,3,-1,-3,0,-1,0
9542,pad,0,0,0,1,1,1,4,-2,-1,-1,-3,0,0,-1,1,-2
9543,pad,7,7,7,1,1,1,-2,0,0,0,0,-1,-5,4,-1,0
9544,pad,9,9,9,1,1,1,-1,-2,-2,-1,1,-1,-3,0,-1,2
9545,pad,5,5,5,1,1,1,-2,-2,-3,1,-2,6,-1,-2,1,1
9546,pad,7,7,7,1,1,1,-1,-1,-2,0,-1,0,-4,4,-1,-1
9547,pad,2,2,2,1,1,1,-1,0,5,0,-2,-2,-3,1,-1,-3
9548,pad,3,3,3,1,1,1,-1,-2,-1,6,-5,0,-3,-2,2,0
9549,pad,1,1,1,1,1,1,-2,3,-1,-3,-1,0,-1,-1,0,-1
9550,pad,4,4,4,1,1,1,-3,-1,-1,-3,4,-3,-3,0,-1,-1
9551,pad,4,4,4,1,1,1,-4,1,-2,-4,4,-2,-4,0,-2,0
9552,pad,0,0,0,1,1,1,4,-1,-2,-1,-2,0,1,-1,0,-1
9553,pad,9,9,9,1,1,1,-2,-2,-3,-1,1,-1,-3,-1,0,3
9554,pad,9,9,9,1,1,1,-2,-1,-3,-1,1,-1,-4,-1,1,2
9555,pad,6,6,6,1,1,1,0,-1,-3,-2,-1,1,5,-3,-1,-2
9556,pad,1,1,1,1,1,1,-2,4,0,-3,-2,-1,-2,0,-1,-3
9557,pad,8,8,8,1,1,1,0,-1,-1,0,-3,0,-2,-3,6,-1
9558,pad,3,3,3,1,1,1,-2,-1,-2,6,-5,2,-4,-2,1,0
9559,pad,3,3,3,1,1,1,-2,-1,-1,5,-5,1,-3,-2,1,0
9560,pad,7,7,7,1,1,1,-2,1,-1,-2,-1,-1,-4,3,-1,-1
9561,pad,3,3,3,1,1,1,-2,-1,-1,6,-6,0,-4,-1,0,-1
9562,pad,9,9,9,1,1,1,-2,-1,-2,-2,1,-2,-4,-1,0,3
9563,pad,8,8,8,1,1,1,-1,-2,-1,-1,-2,0,-1,-3,5,0
9564,pad,8,8,8,1,1,1,-1,-1,0,0,-3,0,0,-3,5,-1
9565,pad,4,4,4,1,1,1,-3,-1,-2,-3,5,-2,-3,-1,-1,1
9566,pad,7,7,7,1,1,1,-2,-1,-1,1,-1,-1,-5,4,-1,0
9567,pad,7,7,7,1,1,1,-2,-1,0,0,0,-1,-4,3,-1,0
9568,pad,6,6,6,1,1,1,0,-1,-3,-2,-1,1,5,-3,0,-2
9569,pad,2,2,2,1,1,1,-2,1,5,1,-3,-3,-2,0,-1,-5
9570,pad,1,1,1,1,1,1,-2,4,-1,-3,-1,-1,-1,0,-1,-2
9571,pad,9,9,9,1,1,1,-2,0,-2,-2,1,-2,-4,-1,-1,3
9572,pad,8,8,8,1,1,1,-1,-1,-1,-1,-1,1,0,-3,5,0
9573,pad,7,7,7,1,1,1,-3,0,0,1,-1,-2,-5,4,-1,-1
9574,pad,8,8,8,1,1,1,-1,-2,-1,0,-3,1,0,-4,7,-1
9575,pad,8,8,8,1,1,1,-1,-2,-1,-1,-3,0,0,-3,6,-1
9576,pad,7,7,7,1,1,1,-1,0,0,0,-1,0,-3,3,0,-1
9577,pad,2,2,2,1,1,1,-1,0,4,0,-2,-3,-1,-1,0,-3
9578,pad,2,2,2,1,1,1,-2,1,5,2,-3,-2,-2,0,-1,-4
9579,pad,3,3,3,1,1,1,-2,-2,-2,5,-4,1,-3,-2,1,0
9580,pad,9,9,9,1,1,1,-2,-2,-3,-1,1,-2,-4,0,-1,3
9581,pad,3,3,3,1,1,1,-3,-1,-1,7,-6,1,-4,-2,0,0
9582,pad,3,3,3,1,1,1,-1,-1,-1,5,-4,1,-3,-2,1,0
9583,pad,5,5,5,1,1,1,-2,-2,-2,2,-3,4,0,-2,2,0
9584,pad,5,5,5,1,1,1,-1,-2,-3,0,-1,4,0,-1,0,1
9585,pad,0,0,0,1,1,1,4,-3,-3,-1,-2,0,2,-2,0,0
9586,pad,7,7,7,1,1,1,-1,0,1,0,-1,-1,-4,4,-1,-1
9587,pad,9,9,4,1,0,0,-2,0,-1,-1,2,-2,-3,1,-2,1
9588,pad,5,5,5,1,1,1,-1,-2,-2,-1,-1,4,1,-2,1,2
9589,pad,6,6,6,1,1,1,-1,-1,-3,-3,1,0,5,-3,-1,-2
9590,pad,5,5,5,1,1,1,-1,-2,-3,0,-2,6,0,-3,1,1
9591,pad,1,1,1,1,1,1,0,4,-1,-3,-3,-1,0,-1,0,-3
9592,pad,4,4,4,1,1,1,-4,0,-3,-4,4,-2,-3,-1,-1,1
9593,pad,1,1,1,1,1,1,-2,4,-1,-3,-1,-1,-1,-1,0,-2
9594,pad,1,1,1,1,1,1,-2,3,-1,-2,-1,-1,-1,0,-1,-2
9595,pad,2,2,2,1,1,1,-2,2,4,-1,-2,-2,-2,1,-2,-4
9596,pad,8,8,8,1,1,1,-1,-2,0,0,-2,0,-1,-2,4,0
9597,pad,2,2,2,1,1,1,-1,1,5,0,-2,-3,-2,0,-1,-4
9598,pad,6,6,6,1,1,1,-1,-1,-3,-2,1,0,5,-2,0,-2
9599,pad,1,1,1,1,1,1,-2,2,-1,-3,0,0,1,-2,0,-2
9600,pad,5,5,5,1,1,1,-2,-1,-2,0,-2,5,0,-1,1,0
9601,pad,0,0,0,1,1,1,5,-3,-1,-2,-3,-1,1,-2,0,-1
9602,pad,1,1,1,1,1,1,-2,4,-1,-3,-2,-1,-1,0,-1,-2
9603,pad,2,2,2,1,1,1,-1,2,5,-1,-2,-2,-2,0,-2,-4
9604,pad,3,3,3,1,1,1,-5,-1,-1,7,-6,2,-3,-1,0,-2
9605,pad,4,4,4,1,1,1,-2,0,0,-3,3,-2,-3,0,-2,-1
9606,pad,5,5,5,1,1,1,-1,-1,-1,0,-2,3,0,-1,-1,0
9607,pad,6,6,6,1,1,1,1,-1,-1,-1,-1,1,3,-2,-1,-3
9608,pad,7,7,7,1,1,1,-2,-1,0,1,-1,-1,-5,3,-1,0
9609,pad,8,8,8,1,1,1,-1,-2,-1,-1,-1,-1,-1,-3,6,0
9610,pad,9,9,9,1,1,1,0,-2,-2,1,-1,0,-4,0,0,3
9611,pad,0,0,0,1,1,1,4,-3,-1,-1,-2,0,2,-2,0,-1
9612,pad,1,1,1,1,1,1,-1,3,-1,-2,-2,-1,-2,0,-2,-2
9613,pad,2,2,2,1,1,1,-1,1,2,1,-2,-1,-1,0,-1,-3
9614,pad,3,3,3,1,1,1,-3,-2,-2,6,-4,3,-3,-1,0,0
9615,pad,4,4,4,1,1,1,-3,-1,-2,-3,5,-2,-3,0,-2,-1
9616,pad,5,5,5,1,1,1,-3,0,-3,1,-3,6,0,-2,-1,0
9617,pad,6,6,6,1,1,1,1,-1,-1,-3,-1,1,4,-4,-1,-3
9618,pad,7,7,7,1,1,1,-1,-1,0,1,-1,-1,-3,2,0,0
9619,pad,8,8,8,1,1,1,0,-1,0,0,-2,0,-1,-2,3,0
9620,pad,9,9,9,1,1,1,-1,-1,-1,1,-1,1,-1,-1,0,2
9621,pad,0,0,0,1,1,1,2,-1,0,-1,-1,0,1,-1,0,-1
9622,pad,1,1,1,1,1,1,-1,2,0,-2,-1,-1,-1,-1,0,-1
9623,pad,2,2,2,1,1,1,-2,1,4,0,-2,-2,-2,1,-2,-4
9624,pad,3,3,3,1,1,1,-3,-1,-1,6,-5,1,-2,-2,1,-2
9625,pad,4,4,4,1,1,1,-2,-1,-1,-2,3,-2,-4,1,-1,1
9626,pad,5,5,5,1,1,1,-3,0,-2,1,-2,4,0,-1,0,-1
9627,pad,6,6,6,1,1,1,1,-1,-2,-1,-2,1,3,-3,-1,-1
9628,pad,7,7,7,1,1,1,-3,0,1,1,-1,-1,-4,3,-1,-1
9629,pad,8,8,8,1,1,1,-2,-1,0,-1,-1,-1,-2,-2,3,1
9630,pad,8,8,8,1,1,1,1,-3,-1,1,-4,0,-2,-3,5,-1
9631,pad,0,0,0,1,1,1,4,-2,-1,-2,-1,-1,1,-1,-2,-1
9632,pad,6,6,6,1,1,1,1,0,0,-1,-1,1,3,-3,-2,-3
9633,pad,0,0,0,1,1,1,4,-2,-1,-1,-2,0,0,-1,0,-1
9634,pad,0,0,0,1,1,1,1,0,0,-2,-2,0,1,0,1,-3
9635,pad,2,2,2,1,1,1,-1,2,6,0,-2,-3,-2,1,-3,-6
9636,pad,3,3,3,1,1,1,-2,-1,-1,3,-3,2,-1,0,0,-2
9637,pad,7,7,7,1,1,1,-1,0,0,0,0,-1,-3,3,-1,-1
9638,pad,9,9,9,1,1,1,-1,-2,-2,0,0,-1,-3,1,0,2
9639,pad,4,4,4,1,1,1,-1,-1,-1,-1,2,-1,-2,0,-1,0
9640,pad,7,7,7,1,1,1,-2,0,0,0,-1,-1,-3,3,-1,-1
9641,pad,1,1,1,1,1,1,-1,3,-1,-2,-1,0,-1,-1,0,-1
9642,pad,9,7,7,0,0,1,-1,-1,-1,0,-1,0,-4,2,0,0
9643,pad,1,1,1,1,1,1,-1,2,0,-1,-1,0,-1,0,0,-1
9644,pad,7,7,7,1,1,1,0,-1,0,0,-1,-1,-3,2,0,0
9645,pad,1,1,1,1,1,1,-2,4,-2,-3,-1,-1,-2,0,-1,-1
9646,pad,4,4,4,1,1,1,-2,1,-2,-3,3,-2,-2,0,-3,0
9647,pad,0,0,0,1,1,1,6,-4,-1,-2,-3,-1,1,-2,1,-1
9648,pad,0,0,0,1,1,1,6,-4,-1,-3,-3,-1,0,-1,0,-1
9649,pad,1,1,1,1,1,1,-2,5,-2,-4,-2,0,-2,0,-1,-2
9650,pad,7,7,7,1,1,1,-2,0,-2,0,-1,0,-4,4,-1,-1
9651,pad,5,5,5,1,1,1,-2,-1,-1,1,-2,4,0,-1,0,0
9652,pad,7,7,7,1,1,1,0,-1,-1,0,-1,0,-4,2,0,0
9653,pad,1,1,1,1,1,1,-2,4,-2,-3,-1,-1,-2,1,-1,-1
9654,pad,3,3,3,1,1,1,-3,-1,-1,5,-5,1,-3,-1,1,-1
9655,pad,3,3,3,1,1,1,0,-1,-1,2,-2,2,-1,-1,0,0
9656,pad,3,3,3,1,1,1,-1,-1,-1,5,-4,1,-3,-1,0,-1
9657,pad,1,1,1,1,1,1,-2,5,0,-4,-2,-2,-2,-1,-1,-3
9658,pad,6,6,6,1,1,1,1,-1,-1,-3,-2,1,4,-4,-1,-3
9659,pad,9,9,9,1,1,1,-2,-2,-3,-1,1,-1,-5,-1,-1,4
9660,pad,7,7,7,1,1,1,-1,-1,-1,0,0,-1,-4,4,0,0
9661,pad,1,1,1,1,1,1,-1,3,-2,-3,-1,-1,-2,1,-1,-1
9662,pad,3,3,3,1,1,1,-3,0,0,5,-4,0,-2,-1,0,-2
9663,pad,0,0,0,1,1,1,5,-3,-1,-2,-3,-1,0,-1,0,-1
9664,pad,2,2,2,1,1,1,-1,0,2,1,-1,-1,-2,0,0,-2
9665,pad,6,6,6,1,1,1,1,-1,-1,-3,-1,1,4,-4,-1,-2
9666,pad,0,0,0,1,1,1,4,-2,-1,-1,-3,-1,1,-2,-1,0
9667,pad,8,8,8,1,1,1,-2,-2,-1,0,-2,0,-1,-3,6,0
9668,pad,9,9,9,1,1,1,0,-2,-2,0,0,-1,-4,1,-1,3
9669,pad,4,4,4,1,1,1,-1,0,-1,-1,1,-1,-1,1,-1,-1
9670,pad,3,3,3,1,1,1,-3,-1,-1,6,-6,1,-3,-2,1,0
9671,pad,5,5,5,1,1,1,-2,-1,-2,0,-2,6,0,-2,0,0
9672,pad,4,4,4,1,1,1,-3,0,-1,-2,3,-2,-3,-1,-1,-1
9673,pad,8,8,8,1,1,1,-1,-3,-2,2,-3,1,-1,-3,5,0
9674,pad,1,1,1,1,1,1,-2,5,-1,-3,-2,-1,-2,0,-1,-2
9675,pad,5,5,5,1,1,1,-1,-1,-2,0,-1,3,0,-1,0,1
9676,pad,9,9,9,1,1,1,0,-2,-2,1,-1,-1,-3,0,0,3
9677,pad,0,0,0,1,1,1,2,-1,0,-1,-2,-1,1,-1,-1,-1
9678,pad,6,6,6,1,1,1,1,0,-1,-2,-1,1,3,-3,-1,-2
9679,pad,6,3,3,0,0,1,0,0,0,1,-2,1,0,-1,-1,-2
9680,pad,3,3,3,1,1,1,-3,-1,-2,5,-5,1,-3,-2,2,-1
9681,pad,8,8,8,1,1,1,-1,-2,-2,1,-3,1,0,-3,5,-1
9682,pad,1,1,1,1,1,1,-1,4,-1,-3,-2,-1,-2,0,0,-2
9683,pad,4,4,4,1,1,1,-3,0,0,-3,3,-2,-4,0,-2,0
9684,pad,7,7,7,1,1,1,-2,-1,-1,0,0,-1,-5,4,0,-1
9685,pad,5,5,5,1,1,1,-2,-2,-3,1,-2,5,0,-2,0,1
9686,pad,2,2,2,1,1,1,-2,2,4,-1,-2,-2,-1,0,-2,-5
9687,pad,0,0,0,1,1,1,3,-1,0,-1,-2,0,0,-1,0,-1
9688,pad,0,0,0,1,1,1,3,-2,-1,-2,-2,0,1,-1,0,-2
9689,pad,1,1,1,1,1,1,-2,4,-3,-3,-1,-1,-1,0,0,-1
9690,pad,7,7,7,1,1,1,-1,-1,-1,0,0,0,-3,3,0,0
9691,pad,8,8,8,1,1,1,-2,0,0,0,-1,-1,-1,-1,3,-2
9692,pad,9,7,7,0,0,1,-1,0,0,0,0,-1,-2,1,0,0
9693,pad,6,6,6,1,1,1,0,-1,0,-1,-1,1,2,-2,-1,-2
9694,pad,8,8,8,1,1,1,-1,-2,-1,1,-3,-1,-2,-3,4,0
9695,pad,8,8,8,1,1,1,-1,-1,0,1,-2,0,-1,-1,2,-1
9696,pad,2,2,2,1,1,1,-2,3,4,-1,-3,-1,-2,1,-2,-5
9697,pad,3,3,3,1,1,1,-4,0,-1,5,-4,1,-3,-1,0,-2
9698,pad,6,6,6,1,1,1,0,0,0,0,-1,1,2,-1,-1,-2
9699,pad,1,1,1,1,1,1,-1,4,-1,-3,-2,-1,-2,0,-1,-2
9700,pad,2,2,2,1,1,1,-1,1,2,-1,-2,-1,0,0,-1,-2
9701,pad,9,9,9,1,1,1,-1,-2,-2,0,0,-1,-4,1,-1,3
9702,pad,5,5,5,1,1,1,-2,0,-2,0,-1,5,-1,-1,0,0
9703,pad,2,2,2,1,1,1,-1,1,5,1,-3,-3,-1,0,-1,-5
9704,pad,0,0,0,1,1,1,5,-3,-1,-2,-3,-1,1,-1,1,-1
9705,pad,1,1,1,1,1,1,-2,4,-1,-3,-1,0,-1,0,-1,-3
9706,pad,2,2,2,1,1,1,0,1,4,0,-1,-1,-1,0,-2,-3
9707,pad,3,3,3,1,1,1,-3,-1,-1,6,-5,1,-4,-1,1,-1
9708,pad,4,4,4,1,1,1,-3,0,-2,-3,4,-2,-2,0,-3,-1
9709,pad,5,5,5,1,1,1,-1,-2,-2,1,-2,3,2,-2,-1,-2
9710,pad,6,6,6,1,1,1,0,-2,-3,-3,-2,3,5,-4,2,-2
9711,pad,7,7,7,1,1,1,-2,0,-2,-1,-1,0,-5,4,-1,0
9712,pad,8,8,8,1,1,1,-1,-1,-2,-1,-3,2,1,-3,5,-1
9713,pad,9,9,9,1,1,1,-2,-2,-3,-1,1,-2,-4,0,-1,3
9714,pad,0,0,6,1,0,0,3,-3,-4,-2,-2,2,4,-3,0,-1
9715,pad,1,1,1,1,1,1,-1,3,-2,-3,-1,-1,-1,0,0,-1
9716,pad,2,2,2,1,1,1,-2,1,3,0,0,0,-2,0,-2,-2
9717,pad,3,3,3,1,1,1,-2,-2,-2,6,-5,2,-3,-2,1,0
9718,pad,4,4,4,1,1,1,-4,0,-1,-3,4,-2,-1,-1,-3,-3
9719,pad,5,5,5,1,1,1,-2,-2,-4,3,-2,5,-2,-2,-1,0
9720,pad,6,6,6,1,1,1,2,-2,-3,-2,-3,3,5,-4,0,-2
9721,pad,7,7,7,1,1,1,-2,0,-2,-1,-1,0,-5,4,-1,0
9722,pad,8,8,8,1,1,1,1,-2,-2,0,-3,0,-1,-3,5,0
9723,pad,9,9,9,1,1,1,-2,-2,-4,-2,1,-2,-5,-1,0,4
9724,pad,0,0,0,1,1,1,3,-3,-2,-1,-1,1,2,-1,0,-1
9725,pad,1,1,1,1,1,1,-2,4,-1,-3,-1,-1,-1,0,-1,-2
9726,pad,2,2,2,1,1,1,-1,1,3,1,-1,-1,-1,-1,-1,-2
9727,pad,3,3,3,1,1,1,-1,-2,-1,5,-5,1,-3,-2,1,0
9728,pad,4,4,4,1,1,1,-2,1,-1,-3,2,-1,0,-2,-2,-2
9729,pad,5,6,6,0,0,1,1,-2,-2,-1,-2,3,4,-4,-1,-2
9730,pad,6,6,6,1,1,1,1,-2,-1,-2,-2,2,4,-3,1,-2
9731,pad,7,7,7,1,1,1,-2,0,-2,-1,-1,0,-4,3,0,0
9732,pad,8,8,8,1,1,1,0,-2,-1,1,-4,0,-2,-3,5,-1
9733,pad,9,9,4,1,0,0,-3,-2,-3,-1,2,-1,-5,1,0,2
9734,pad,7,7,7,1,1,1,-1,0,-2,0,-1,0,-4,4,0,-2
9735,pad,4,4,4,1,1,1,-2,0,-1,-1,1,-1,-1,0,-1,-1
9736,pad,6,6,6,1,1,1,1,-2,-2,-2,-2,3,4,-4,1,-1
9737,pad,1,1,1,1,1,1,-2,3,-2,-3,-1,0,-1,0,-1,-1
9738,pad,4,4,4,1,1,1,-1,1,-1,-3,2,-1,0,-1,-2,-1
9739,pad,0,0,0,1,1,1,3,-2,-1,-2,-2,-1,1,-2,0,-1
9740,pad,9,9,9,1,1,1,-2,-2,-3,-1,1,-1,-4,-1,-1,2
9741,pad,9,9,9,1,1,1,-1,-1,-3,-1,0,-1,-4,0,-1,3
9742,pad,3,3,3,1,1,1,-1,-2,0,5,-4,0,-2,-1,1,0
9743,pad,7,7,7,1,1,1,-2,0,-2,-1,0,-1,-4,3,-1,0
9744,pad,8,8,8,1,1,1,-1,0,-1,-2,-1,1,0,-2,3,-1
9745,pad,4,4,4,1,1,1,0,0,-1,-2,2,-1,1,-1,-2,-1
9746,pad,7,7,7,1,1,1,-1,0,-2,0,-1,0,-4,3,-1,-1
9747,pad,5,5,5,1,1,1,-1,-3,-3,1,-3,5,-1,-2,-1,1
9748,pad,8,8,8,1,1,1,-2,-1,-1,-1,-1,1,0,-4,4,0
9749,pad,5,5,5,1,1,1,1,-3,-3,1,-2,4,2,-3,0,0
9750,pad,3,3,3,1,1,1,-2,-2,-1,4,-3,2,-2,-2,1,1
9751,pad,2,2,2,1,1,1,0,-1,3,0,-1,-1,-1,-1,0,-1
9752,pad,2,2,2,1,1,1,-1,0,3,0,-2,-1,-1,-1,1,-2
9753,pad,0,0,0,1,1,1,4,-3,-1,-1,-3,-1,1,-1,1,-1
9754,pad,5,5,5,1,1,1,0,-1,-2,0,-1,3,1,-1,0,0
9755,pad,8,8,8,1,1,1,-1,-2,-1,0,-2,2,1,-3,3,-1
9756,pad,6,6,6,1,1,1,0,-1,-2,-2,-1,2,5,-4,0,-3
9757,pad,0,0,0,1,1,1,5,-3,-2,-2,-3,-2,1,-2,0,0
9758,pad,3,3,3,1,1,1,-2,-1,-2,5,-4,2,-2,-1,0,0
9759,pad,8,8,8,1,1,1,0,-2,-1,1,-3,0,-1,-3,5,0
9760,pad,1,1,1,1,1,1,-2,3,-2,-3,-1,0,0,0,-1,-1
9761,pad,0,0,0,1,1,1,4,-2,-1,-1,-3,0,0,-1,1,0
9762,pad,3,3,3,1,1,1,0,-2,0,3,-3,1,-1,-2,1,-1
9763,pad,0,0,0,1,1,1,4,-2,-1,-1,-2,-1,0,-1,0,-1
9764,pad,4,4,4,1,1,1,-1,0,-1,-2,2,-1,0,-2,-1,0
9765,pad,7,7,7,1,1,1,-2,0,-2,0,-1,0,-4,3,-1,-1
9766,pad,4,4,4,1,1,1,-2,0,-1,-3,3,-1,-1,-1,-2,-1
9767,pad,9,9,9,1,1,1,-2,-1,-2,0,0,-1,-3,0,0,2
9768,pad,2,2,2,1,1,1,0,-1,3,0,-3,-1,-1,-2,2,0
9769,pad,9,9,9,1,1,1,-2,-2,-4,-2,1,-2,-5,0,-1,3
9770,pad,5,5,5,1,1,1,1,-3,-3,0,-2,4,1,-2,-1,0
9771,pad,7,7,7,1,1,1,-1,0,-2,-1,-1,0,-4,4,-1,-1
9772,pad,1,1,1,1,1,1,-3,5,-2,-4,-1,-1,-1,-1,-1,-2
9773,pad,7,7,7,1,1,1,-1,-1,-3,-1,0,0,-3,2,-1,-1
9774,pad,1,1,1,1,1,1,-2,4,-2,-4,-1,0,0,-1,0,-2
9775,pad,6,6,6,1,1,1,1,-1,-1,-2,-2,2,4,-4,0,-2
9776,pad,6,6,6,1,1,1,0,-1,-1,-2,-2,2,4,-3,1,-2
9777,pad,5,5,5,1,1,1,0,-1,-1,1,-2,3,0,-1,-1,0
9778,pad,6,6,6,1,1,1,1,-2,-2,-2,-2,2,5,-3,1,-1
9779,pad,2,2,2,1,1,1,-1,-1,2,0,-2,-1,-1,-2,2,0
9780,pad,8,8,8,1,1,1,-1,-1,-1,1,-3,1,0,-1,3,-3
9781,pad,7,7,7,1,1,1,-1,0,-2,0,-1,0,-4,2,-1,0
9782,pad,6,6,6,1,1,1,1,-1,-1,-2,-1,2,3,-3,-1,-2
9783,pad,4,4,4,1,1,1,-1,0,-2,-2,3,-1,0,-1,-2,-1
9784,pad,9,9,9,1,1,1,-1,-2,-3,-1,0,-1,-4,0,-1,3
9785,pad,9,9,9,1,1,1,-2,-2,-2,1,-1,-1,-5,-1,-1,3
9786,pad,5,5,5,1,1,1,-1,-2,-3,1,-2,5,1,-2,0,0
9787,pad,3,3,3,1,1,1,-1,-2,-1,5,-4,1,-3,-2,1,0
9788,pad,7,7,7,1,1,1,-2,0,-2,0,-1,0,-5,4,-1,-1
9789,pad,4,4,4,1,1,1,-1,-1,-1,-1,1,0,-1,0,-1,0
9790,pad,3,3,3,1,1,1,-1,-2,-2,5,-4,3,-3,-2,0,1
9791,pad,0,0,0,1,1,1,4,-2,-2,-1,-2,0,1,-2,0,0
9792,pad,4,4,4,1,1,1,-1,0,-2,-2,2,-1,-2,0,-2,1
9793,pad,6,6,6,1,1,1,0,-1,-1,-3,-1,2,4,-3,1,-2
9794,pad,6,6,6,1,1,1,2,-2,-2,-3,-2,1,5,-4,0,-2
9795,pad,1,1,1,1,1,1,-3,4,-1,-3,-1,-1,-2,1,-1,-2
9796,pad,1,1,1,1,1,1,-2,5,-2,-4,-1,-1,-2,0,-1,-2
9797,pad,3,3,3,1,1,1,-1,-2,-2,6,-5,2,-3,-3,1,1
9798,pad,2,2,2,1,1,1,-1,1,5,0,-2,-2,-1,0,-1,-3
9799,pad,1,1,1,1,1,1,-2,4,-3,-4,-2,0,-1,0,0,-2
9800,pad,0,0,0,1,1,1,4,-2,-1,0,-3,0,1,-2,0,-1
9801,pad,0,0,0,1,1,1,6,-4,-1,-3,-4,0,1,-2,1,-2
9802,pad,1,1,1,1,1,1,-2,4,-1,-4,-1,-1,-1,-1,-1,-2
9803,pad,2,2,2,1,1,1,-1,0,4,2,-5,-3,-3,0,1,-4
9804,pad,3,3,3,1,1,1,-2,-2,-3,6,-5,3,-3,-2,1,1
9805,pad,4,4,4,1,1,1,-4,-1,-3,-4,6,-2,-3,-1,-2,-2
9806,pad,7,7,7,1,1,1,-2,0,1,0,-1,-2,-5,4,-1,-1
9807,pad,8,8,8,1,1,1,-1,-2,-2,0,-3,1,0,-4,6,-1
9808,pad,9,9,9,1,1,1,-2,-1,-2,-1,1,-1,-4,0,-2,3
9809,pad,0,0,0,1,1,1,5,-3,-2,-3,-3,0,1,-1,1,-1
9810,pad,1,1,1,1,1,1,-3,4,-2,-3,-1,-1,-2,0,-1,-1
9811,pad,2,2,2,1,1,1,0,0,3,0,-4,-2,-1,0,1,-3
9812,pad,3,3,3,1,1,1,-2,-2,-2,6,-4,2,-3,-2,0,0
9813,pad,4,4,4,1,1,1,-2,-1,-1,-3,3,-1,-1,-1,-2,0
9814,pad,5,5,5,1,1,1,-3,-1,-3,-2,-2,7,0,-2,1,0
9815,pad,6,6,6,1,1,1,1,-3,-4,-2,-2,3,5,-4,0,-2
9816,pad,7,7,7,1,1,1,-1,0,0,0,0,-1,-3,3,-1,1
9817,pad,8,8,8,1,1,1,-1,-1,-2,-1,-2,0,1,-3,4,-1
9818,pad,0,0,0,1,1,1,4,-3,-1,-2,-3,0,1,-2,1,-1
9819,pad,1,1,1,1,1,1,-2,4,-2,-3,-2,-1,-2,0,0,-1
9820,pad,2,2,2,1,1,1,-1,0,4,1,-4,-2,-3,1,0,-4
9821,pad,3,3,3,1,1,1,-3,-2,-2,7,-5,3,-3,-2,0,0
9822,pad,4,4,4,1,1,1,-4,0,-2,-3,5,-3,-3,-1,-2,-1
9823,pad,7,7,7,1,1,1,-3,0,0,0,-1,-2,-5,4,-1,-1
9824,pad,8,8,8,1,1,1,-1,-2,-3,-2,-2,3,1,-3,5,0
9825,pad,9,9,9,1,1,1,-2,-2,-2,0,0,-1,-5,0,-1,3
9826,pad,0,0,0,1,1,1,3,-2,-2,-3,-1,0,2,-2,0,0
9827,pad,8,8,8,1,1,1,-1,-1,-1,0,-1,0,-1,-2,3,0
9828,pad,3,3,3,1,1,1,-2,-1,-2,4,-3,3,-2,-2,0,1
9829,pad,9,9,9,1,1,1,-1,-1,-3,-1,0,-1,-2,0,-2,3
9830,pad,5,5,5,1,1,1,-2,-2,-3,-2,-2,6,1,-2,1,1
9831,pad,5,5,5,1,1,1,-2,0,-2,-1,-1,4,1,-2,-1,0
9832,pad,2,2,2,1,1,1,-1,1,3,0,-2,-2,0,-1,0,-3
9833,pad,6,6,6,1,1,1,0,-1,-3,-2,0,1,4,-3,-2,-2
9834,pad,8,8,8,1,1,1,-1,-2,-1,-1,-2,2,0,-3,4,0
9835,pad,4,4,4,1,1,1,-1,0,-1,-3,3,-2,-1,-1,-2,0
9836,pad,1,1,1,1,1,1,-2,4,-2,-3,-1,-1,-2,0,-1,-1
9837,pad,7,7,7,1,1,1,-2,0,0,0,-1,-1,-5,3,-1,0
9838,pad,1,1,1,1,1,1,-2,4,-2,-3,-1,-1,-2,0,-1,-1
9839,pad,2,2,2,1,1,1,0,1,2,0,-1,-1,-1,1,-1,-1
9840,pad,3,3,3,1,1,1,-1,-2,-2,4,-3,3,-1,-1,0,0
9841,pad,5,5,5,1,1,1,-1,-1,-2,-1,-1,4,1,-2,0,0
9842,pad,6,6,6,1,1,1,0,-1,-2,-3,-2,2,4,-4,-1,-2
9843,pad,9,9,9,1,1,1,-1,-1,-2,0,0,-1,-3,0,-1,2
9844,pad,1,1,1,1,1,1,-2,3,-1,-3,-1,0,-1,0,0,-3
9845,pad,1,1,1,1,1,1,-2,4,0,-3,-1,-1,-2,0,-1,-3
9846,pad,1,1,1,1,1,1,-2,4,-1,-3,-1,-2,-2,0,-1,-2
9847,pad,2,2,2,1,1,1,-1,1,3,1,-3,-1,-2,1,-1,-3
9848,pad,1,1,1,1,1,1,-2,5,-2,-5,-2,-1,-1,-1,0,-2
9849,pad,2,2,2,1,1,1,-1,0,4,1,-3,-3,-2,1,-1,-4
9850,pad,0,0,0,1,1,1,2,-2,-2,-1,-2,1,2,-2,1,-1
9851,pad,7,7,7,1,1,1,-2,0,0,0,0,-1,-4,3,-1,0
9852,pad,7,7,7,1,1,1,-1,0,0,0,0,-1,-3,2,0,0
9853,pad,5,5,5,1,1,1,-2,-1,-2,0,-2,5,0,-2,1,1
9854,pad,8,8,8,1,1,1,-2,-1,-1,-1,-2,1,1,-3,4,-1
9855,pad,2,2,2,1,1,1,0,0,3,1,-3,-2,-2,0,0,-3
9856,pad,9,9,9,1,1,1,-2,-1,-2,0,0,1,-2,-1,-1,2
9857,pad,8,8,8,1,1,1,-1,-1,0,0,-2,1,0,-2,3,-1
9858,pad,6,6,6,1,1,1,0,-1,-1,-1,-1,1,4,-2,0,-4
9859,pad,7,7,7,1,1,1,-3,0,-1,0,0,-2,-5,4,-1,0
9860,pad,3,3,3,1,1,1,-2,-2,-2,5,-4,3,-3,-2,0,1
9861,pad,4,4,4,1,1,1,-2,-1,-1,-2,4,-2,-1,0,-2,-1
9862,pad,6,6,6,1,1,1,0,-1,-2,-2,-2,2,4,-3,2,-3
9863,pad,8,8,8,1,1,1,-1,-1,-1,-1,-2,2,1,-3,3,0
9864,pad,7,7,7,1,1,1,-2,0,-1,0,0,-1,-3,2,-1,1
9865,pad,0,0,0,1,1,1,4,-3,-1,-2,-3,-1,1,-1,1,-1
9866,pad,4,4,4,1,1,1,-3,0,-1,-4,5,-2,-2,-1,-4,-2
9867,pad,2,2,2,1,1,1,0,0,3,1,-3,-2,-1,0,1,-3
9868,pad,7,7,7,1,1,1,-2,-1,0,0,0,-1,-4,2,-1,0
9869,pad,7,7,7,1,1,1,-3,0,0,0,0,-1,-5,3,-1,0
9870,pad,5,5,5,1,1,1,-2,-1,-2,-2,-1,5,1,-3,2,1
9871,pad,4,4,4,1,1,1,-3,-1,-1,-3,4,-2,-3,0,-3,0
9872,pad,3,3,3,1,1,1,-3,-1,-2,6,-4,2,-2,-1,0,-1
9873,pad,4,4,4,1,1,1,-1,0,-1,-3,5,-2,0,-1,-4,-1
9874,pad,2,2,2,1,1,1,-1,0,4,1,-4,-2,-2,0,0,-3
9875,pad,8,8,8,1,1,1,-1,-1,-1,-1,0,0,0,-2,3,0
9876,pad,1,1,1,1,1,1,-2,5,-2,-4,-1,-1,-2,0,-1,-2
9877,pad,5,5,5,1,1,1,-2,-1,-2,-1,-1,5,0,-1,1,0
9878,pad,1,1,1,1,1,1,-2,4,-2,-3,-1,-1,-1,0,0,-1
9879,pad,0,0,0,1,1,1,2,0,-1,-1,-1,-1,1,-2,1,0
9880,pad,2,2,2,1,1,1,0,0,4,0,-4,-3,-1,-1,1,-3
9881,pad,3,3,3,1,1,1,-2,-1,-1,4,-2,2,-2,-1,0,0
9882,pad,3,3,3,1,1,1,-2,-1,-1,4,-3,1,-2,-1,0,0
9883,pad,5,5,5,1,1,1,-3,-1,-2,1,-1,3,0,-1,1,-1
9884,pad,7,7,7,1,1,1,-2,1,-1,1,-1,0,-3,2,-1,0
9885,pad,0,0,0,1,1,1,4,-2,-2,-1,-2,-1,1,-1,0,-1
9886,pad,6,6,6,1,1,1,0,0,-1,-2,-1,1,2,-3,0,-1
9887,pad,8,8,8,1,1,1,-1,-1,-1,-2,-1,2,1,-3,3,-1
9888,pad,6,6,6,1,1,1,1,-2,-2,-2,-2,1,4,-3,1,-2
9889,pad,3,3,3,1,1,1,-3,-1,-1,6,-5,1,-3,-1,0,-1
9890,pad,9,9,9,1,1,1,0,-1,-2,0,0,0,-2,0,-1,2
9891,pad,9,9,3,1,0,0,0,-1,-1,1,0,0,-2,1,-1,1
9892,pad,8,8,8,1,1,1,-2,-1,-1,0,-1,1,0,-2,2,0
9893,pad,2,2,2,1,1,1,0,0,2,1,-3,-2,-2,0,0,-2
9894,pad,7,7,7,1,1,1,-2,0,-1,0,0,-1,-4,2,-1,0
9895,pad,7,7,7,1,1,1,-3,0,0,0,0,-2,-5,3,-1,0
9896,pad,1,1,1,1,1,1,-3,4,-2,-3,-1,-1,-2,0,-1,-1
9897,pad,0,0,0,1,1,1,4,-2,-1,-1,-2,-1,0,0,0,-1
9898,pad,1,1,1,1,1,1,-2,4,-2,-4,0,0,-1,0,-1,-2
9899,pad,7,7,7,1,1,1,-2,0,0,0,0,-1,-4,3,-1,0
9900,pad,8,8,8,1,1,1,-2,-2,-2,0,-2,1,0,-3,5,-1
9901,pad,9,9,9,1,1,1,-2,-2,-3,-1,1,-1,-4,-1,0,4
9902,pad,0,0,0,1,1,1,4,-2,-1,-1,-2,0,0,-1,0,0
9903,pad,1,1,1,1,1,1,-3,5,-2,-4,-1,0,-1,0,-1,-2
9904,pad,2,2,2,1,1,1,1,0,2,-1,-1,0,0,-2,0,-1
9905,pad,3,3,3,1,1,1,-1,-1,-1,2,-2,0,-3,0,0,1
9906,pad,4,4,4,1,1,1,0,0,-1,-1,1,0,0,-1,-3,-1
9907,pad,5,5,5,1,1,1,-2,-1,-2,0,-1,4,-1,-1,0,0
9908,pad,6,6,6,1,1,1,0,-1,-2,-2,-1,2,4,-3,-1,-2
9909,pad,7,7,7,1,1,1,-2,0,0,1,0,-1,-4,3,-1,0
9910,pad,8,8,8,1,1,1,-1,-1,-2,-1,-1,1,0,-2,3,-1
9911,pad,0,0,0,1,1,1,4,-3,0,-1,-3,-1,0,-1,0,-1
9912,pad,1,1,1,1,1,1,-2,4,0,-3,-2,0,-1,-1,0,-3
9913,pad,2,2,2,1,1,1,-2,1,5,1,-2,-2,-2,0,-1,-4
9914,pad,3,3,3,1,1,1,-1,-2,-1,4,-4,0,-2,-2,1,0
9915,pad,4,4,4,1,1,1,-3,0,-1,-3,3,-2,-1,-1,-3,-2
9916,pad,7,7,7,1,1,1,-1,-1,-1,0,0,-1,-4,3,0,0
9917,pad,8,8,8,1,1,1,-2,-1,-1,-1,-1,1,0,-4,5,0
9918,pad,9,9,9,1,1,1,-1,-2,-2,1,-1,-1,-4,0,0,3
9919,pad,7,7,7,1,1,1,-1,0,0,-1,-1,-1,-4,4,-1,-1
9920,pad,8,8,8,1,1,1,-1,-2,-2,0,-3,0,-1,-4,6,0
9921,pad,6,6,6,1,1,1,2,-1,-2,-2,-2,1,4,-3,-1,-1
9922,pad,4,4,4,1,1,1,-2,-1,-2,-1,2,-1,-3,0,-1,1
9923,pad,1,1,1,1,1,1,-2,5,-1,-4,-1,0,-1,-1,-1,-3
9924,pad,9,9,9,1,1,1,-1,-2,-2,0,0,-1,-3,1,0,2
9925,pad,3,3,3,1,1,1,-1,-1,-1,4,-4,1,-2,-1,1,0
9926,pad,8,8,8,1,1,1,-1,-1,1,0,-1,-1,-1,-1,3,-1
9927,pad,4,4,4,1,1,1,-3,0,0,-2,3,-2,-1,-1,-1,-2
9928,pad,4,4,4,1,1,1,-2,-1,-2,-2,3,-1,-2,0,-1,1
9929,pad,7,7,7,1,1,1,-2,0,-1,0,-1,-1,-4,4,-1,-1
9930,pad,0,0,0,1,1,1,6,-3,-1,-2,-3,-1,1,-1,-1,-1
9931,pad,1,1,1,1,1,1,-2,4,-1,-3,-1,-1,-1,-1,-1,-2
9932,pad,9,9,9,1,1,1,0,-2,-3,-1,1,-1,-2,0,0,4
9933,pad,2,2,2,1,1,1,-2,1,4,0,-2,-3,-2,-1,0,-3
9934,pad,8,8,8,1,1,1,-2,-1,-2,0,-2,1,-1,-3,5,0
9935,pad,7,7,7,1,1,1,-2,0,-1,0,0,-1,-4,3,-1,1
9936,pad,8,8,8,1,1,1,-1,-2,-2,0,-3,2,0,-3,5,-1
9937,pad,2,2,2,1,1,1,-1,0,4,1,-2,-2,-2,-1,0,-2
9938,pad,6,6,6,1,1,1,1,-1,-2,-2,-1,2,4,-3,-2,-2
9939,pad,0,0,0,1,1,1,4,-3,-1,-1,-2,-1,0,-1,0,0
9940,pad,6,6,6,1,1,1,1,-1,-2,-2,0,1,4,-2,-1,-2
9941,pad,5,5,5,1,1,1,-1,-2,-2,0,-2,3,0,-2,2,0
9942,pad,3,3,3,1,1,1,-3,-1,-2,6,-6,2,-4,-2,1,0
9943,pad,3,3,3,1,1,1,-3,-1,-1,4,-4,2,-2,-1,1,0
9944,pad,3,3,3,1,1,1,-2,-1,0,3,-3,1,-2,-1,1,-1
9945,pad,9,9,9,1,1,1,-1,-1,-3,0,-1,-1,-4,0,-2,3
9946,pad,1,1,1,1,1,1,-2,4,-1,-3,-2,0,-1,0,0,-2
9947,pad,4,4,4,1,1,1,0,-1,-1,-2,4,-1,-1,-1,-2,0
9948,pad,0,0,0,1,1,1,3,-2,-1,-1,-1,0,2,-2,0,-1
9949,pad,6,6,6,1,1,1,0,-2,-4,-3,-1,1,6,-4,-1,-2
9950,pad,1,1,1,1,1,1,-2,4,-2,-4,0,0,-1,-1,-1,-2
9951,pad,0,0,0,1,1,1,4,-2,0,-1,-2,0,1,-1,0,-1
9952,pad,0,0,0,1,1,1,5,-4,-1,-2,-4,0,1,-2,1,-1
9953,pad,6,6,6,1,1,1,1,-1,-2,-3,-2,1,5,-3,-1,-3
9954,pad,2,2,2,1,1,1,-1,0,4,1,-3,-2,-2,-1,0,-2
9955,pad,1,1,1,1,1,1,-3,5,0,-4,-2,0,-1,0,0,-4
9956,pad,1,1,1,1,1,1,-2,5,-1,-3,-2,0,-1,0,-1,-3
9957,pad,7,7,7,1,1,1,-1,-1,0,0,-1,-1,-4,3,-1,0
9958,pad,7,7,7,1,1,1,-2,0,0,0,-1,-1,-4,2,-1,0
9959,pad,8,8,8,1,1,1,0,-1,0,0,0,0,0,-1,2,0
9960,pad,4,4,4,1,1,1,-3,0,-2,-3,4,-2,-3,0,-3,0
9961,pad,6,6,6,1,1,1,0,-1,-3,-3,0,2,5,-3,-1,-2
9962,pad,0,0,0,1,1,1,5,-3,-1,-1,-3,-1,1,-1,1,-1
9963,pad,7,7,7,1,1,1,-1,-1,0,1,0,-1,-3,2,-1,0
9964,pad,0,0,0,1,1,1,4,-2,0,-2,-2,-1,1,-2,0,-1
9965,pad,3,3,3,1,1,1,-2,-1,-1,4,-4,2,-2,-2,0,0
9966,pad,6,6,6,1,1,1,0,-1,-3,-2,0,1,4,-3,-1,-2
9967,pad,8,8,8,1,1,1,-1,-2,-1,0,-3,1,-1,-3,5,0
9968,pad,7,7,7,1,1,1,-2,0,0,0,0,-1,-4,3,-1,0
9969,pad,1,1,1,1,1,1,-2,4,-1,-3,-1,-1,-1,0,-1,-2
9970,pad,5,5,5,1,1,1,-2,-3,-4,3,-3,6,-1,-3,0,2
9971,pad,2,2,2,1,1,1,0,0,3,0,-2,-1,0,-1,-1,-3
9972,pad,4,4,4,1,1,1,-3,0,-2,-3,4,-2,-2,-1,-2,-1
9973,pad,9,9,9,1,1,1,-1,-2,-2,0,0,-1,-4,0,-1,3
9974,pad,4,4,4,1,1,1,-2,1,0,-3,3,-1,-2,0,-2,-1
9975,pad,3,3,3,1,1,1,-2,0,1,4,-4,0,-2,0,0,-2
9976,pad,6,6,6,1,1,1,0,-1,-3,-1,0,1,3,-3,-1,-1
9977,pad,4,4,4,1,1,1,-2,-1,-3,-3,4,-2,-2,-1,-2,0
9978,pad,1,1,1,1,1,1,-2,5,-2,-4,-1,-1,-2,0,-1,-1
9979,pad,7,7,7,1,1,1,-2,0,-1,0,0,-1,-4,4,-1,-1
9980,pad,2,2,2,1,1,1,-2,0,4,1,-3,-2,-2,0,1,-3
9981,pad,6,6,6,1,1,1,1,0,0,-2,-1,0,3,-3,-2,-3
9982,pad,5,5,5,1,1,1,0,-3,-2,1,-3,3,0,-2,1,1
9983,pad,0,0,0,1,1,1,4,-3,-1,-2,-2,0,1,-1,-1,-1
9984,pad,1,1,1,1,1,1,-2,4,0,-2,-1,-1,-2,0,-1,-1
9985,pad,2,2,2,1,1,1,-1,1,4,1,-3,-2,-2,1,-1,-3
9986,pad,3,3,3,1,1,1,-2,-1,-1,4,-3,0,-3,-1,2,0
9987,pad,4,4,4,1,1,1,-4,-1,-2,-3,5,-2,-4,-1,-2,0
9988,pad,5,5,5,1,1,1,-2,-1,-2,1,-3,5,0,-2,2,-1
9989,pad,6,6,6,1,1,1,0,-1,-1,-3,-2,2,6,-5,0,-3
9990,pad,7,7,7,1,1,1,-3,1,0,0,-1,-2,-4,3,-2,-1
9991,pad,8,8,8,1,1,1,-1,-2,-2,1,-3,2,0,-3,5,-2
9992,pad,9,9,9,1,1,1,-1,-2,-2,-1,1,-1,-4,1,-1,3
9993,pad,0,0,0,1,1,1,4,-2,-2,-1,-2,0,2,-2,0,-1
9994,pad,1,1,1,1,1,1,-1,3,-1,-3,-1,-1,-1,-1,0,-1
9995,pad,2,2,2,1,1,1,-1,1,6,0,-4,-3,-2,1,-2,-5
9996,pad,3,3,3,1,1,1,-2,-1,-1,5,-4,2,-2,-1,1,0
9997,pad,4,4,4,1,1,1,-5,-1,-3,-4,6,-2,-3,-1,-2,0
9998,pad,5,5,5,1,1,1,-2,-2,-3,0,-2,6,1,-2,2,-1
9999,pad,6,6,6,1,1,1,1,-1,-2,-2,-2,2,5,-4,-1,-2
