sample_id,file_path,true_label,pred_label,correct,confidence,logit_0,logit_1,logit_2,logit_3,logit_4,logit_5,logit_6,logit_7,logit_8,logit_9,condition,parameter
0_0_01_0a5cfa52_r01c01__rotation_angle_p10,./data/robustness/rotation/angle_p10/normalized_32x32/0/0_0_01_0a5cfa52_r01c01__rotation_angle_p10.npy,0,0,1,0.9999176106173726,9.98135757446289,-6.012840270996094,-10.07320785522461,-11.7318754196167,-10.023065567016602,-4.405937671661377,-1.7227206230163574,-1.1372040510177612,-7.376713752746582,0.23642271757125854,rotation,+10deg
0_0_01_0a5cfa52_r01c02__rotation_angle_p10,./data/robustness/rotation/angle_p10/normalized_32x32/0/0_0_01_0a5cfa52_r01c02__rotation_angle_p10.npy,0,0,1,0.9999977121042809,12.735233306884766,-7.573096752166748,-6.7674360275268555,-14.652302742004395,-14.08265495300293,-6.857311725616455,-4.043539524078369,-3.6700358390808105,-3.89518404006958,-0.3415367007255554,rotation,+10deg
0_0_01_0a5cfa52_r01c03__rotation_angle_p10,./data/robustness/rotation/angle_p10/normalized_32x32/0/0_0_01_0a5cfa52_r01c03__rotation_angle_p10.npy,0,0,1,0.9999809876960739,10.208929061889648,-6.251344680786133,-4.400378704071045,-11.070369720458984,-13.109480857849121,-5.400348663330078,-4.994569301605225,-3.110631227493286,-1.4665597677230835,-1.5357669591903687,rotation,+10deg
0_0_01_0a5cfa52_r01c04__rotation_angle_p10,./data/robustness/rotation/angle_p10/normalized_32x32/0/0_0_01_0a5cfa52_r01c04__rotation_angle_p10.npy,0,0,1,0.998461269811813,7.395776748657227,-3.1347970962524414,-7.717662811279297,-10.18307113647461,-5.129039287567139,-3.599602222442627,-0.04750216752290726,-2.194908380508423,-3.33433198928833,0.2872288227081299,rotation,+10deg
0_0_01_0a5cfa52_r02c01__rotation_angle_p10,./data/robustness/rotation/angle_p10/normalized_32x32/0/0_0_01_0a5cfa52_r02c01__rotation_angle_p10.npy,0,0,1,0.9998012813962173,7.884528636932373,-5.934664726257324,-3.0047600269317627,-5.424604415893555,-9.724150657653809,-1.693764090538025,-3.0440120697021484,-1.786042332649231,-2.916896343231201,-4.016293525695801,rotation,+10deg
0_0_01_0a5cfa52_r02c02__rotation_angle_p10,./data/robustness/rotation/angle_p10/normalized_32x32/0/0_0_01_0a5cfa52_r02c02__rotation_angle_p10.npy,0,0,1,0.9913373403133455,5.849865913391113,-5.970559120178223,-3.963681936264038,-5.728095054626465,-5.4632086753845215,-1.35860276222229,-1.007028579711914,-5.6929497718811035,0.47224926948547363,-0.2542177140712738,rotation,+10deg
0_0_01_0a5cfa52_r02c03__rotation_angle_p10,./data/robustness/rotation/angle_p10/normalized_32x32/0/0_0_01_0a5cfa52_r02c03__rotation_angle_p10.npy,0,0,1,0.9995553818659841,9.375191688537598,-6.933215141296387,-8.819231033325195,-11.597323417663574,-12.878235816955566,-5.894580364227295,-3.100861072540283,-2.735095977783203,-4.796818733215332,1.6337997913360596,rotation,+10deg
0_0_01_0a5cfa52_r02c04__rotation_angle_p10,./data/robustness/rotation/angle_p10/normalized_32x32/0/0_0_01_0a5cfa52_r02c04__rotation_angle_p10.npy,0,0,1,0.9956427218933276,6.596152305603027,-3.9439024925231934,-4.311532974243164,-9.058353424072266,-7.154045581817627,-2.8069167137145996,-3.37066912651062,-2.95833158493042,-0.21541011333465576,0.7966600060462952,rotation,+10deg
0_0_01_0a5cfa52_r03c01__rotation_angle_p10,./data/robustness/rotation/angle_p10/normalized_32x32/0/0_0_01_0a5cfa52_r03c01__rotation_angle_p10.npy,0,0,1,0.999996749628245,12.651843070983887,-7.153353691101074,-12.805778503417969,-12.521916389465332,-14.427656173706055,-2.8171703815460205,-1.288693904876709,-0.5730212926864624,-11.247260093688965,-2.1611480712890625,rotation,+10deg
0_0_01_0a5cfa52_r03c02__rotation_angle_p10,./data/robustness/rotation/angle_p10/normalized_32x32/0/0_0_01_0a5cfa52_r03c02__rotation_angle_p10.npy,0,0,1,0.9999999353588167,15.055709838867188,-7.3023905754089355,-10.77763843536377,-15.387190818786621,-13.47821044921875,-5.927057266235352,-3.469271183013916,-3.1735000610351562,-6.000720500946045,-1.9338998794555664,rotation,+10deg
0_0_01_0a5cfa52_r03c03__rotation_angle_p10,./data/robustness/rotation/angle_p10/normalized_32x32/0/0_0_01_0a5cfa52_r03c03__rotation_angle_p10.npy,0,0,1,0.9999555281561684,10.274202346801758,-6.631265640258789,-8.176630973815918,-8.409994125366211,-9.719820022583008,-1.222475290298462,-0.18330921232700348,-1.8882256746292114,-6.581801414489746,-4.957878112792969,rotation,+10deg
0_0_01_0a5cfa52_r03c04__rotation_angle_p10,./data/robustness/rotation/angle_p10/normalized_32x32/0/0_0_01_0a5cfa52_r03c04__rotation_angle_p10.npy,0,0,1,0.9999969869394132,12.59662914276123,-7.948966026306152,-12.205207824707031,-12.317362785339355,-13.109604835510254,-4.969874858856201,-2.013704538345337,-0.8694850206375122,-9.86331844329834,-1.1070775985717773,rotation,+10deg
0_0_01_0a5cfa52_r04c01__rotation_angle_p10,./data/robustness/rotation/angle_p10/normalized_32x32/0/0_0_01_0a5cfa52_r04c01__rotation_angle_p10.npy,0,0,1,0.9981593697062803,6.6569294929504395,-4.952459812164307,-2.2427849769592285,-7.09268856048584,-5.623447418212891,-1.8422455787658691,-3.857379913330078,0.08550028502941132,-3.930727243423462,-3.5475618839263916,rotation,+10deg
0_0_01_0a5cfa52_r04c02__rotation_angle_p10,./data/robustness/rotation/angle_p10/normalized_32x32/0/0_0_01_0a5cfa52_r04c02__rotation_angle_p10.npy,0,0,1,0.9999993813468687,13.532424926757812,-6.977346420288086,-12.429952621459961,-11.175232887268066,-11.915986061096191,-4.224788665771484,-1.2263363599777222,-3.3458666801452637,-6.953978061676025,-2.1120312213897705,rotation,+10deg
0_0_01_0a5cfa52_r04c03__rotation_angle_p10,./data/robustness/rotation/angle_p10/normalized_32x32/0/0_0_01_0a5cfa52_r04c03__rotation_angle_p10.npy,0,0,1,0.9999358618219417,9.263801574707031,-6.686291694641113,-3.681643009185791,-8.793685913085938,-6.688830852508545,-4.620827674865723,-5.126924991607666,-3.066864013671875,-6.4978227615356445,-0.5361975431442261,rotation,+10deg
0_0_01_0a5cfa52_r04c04__rotation_angle_p10,./data/robustness/rotation/angle_p10/normalized_32x32/0/0_0_01_0a5cfa52_r04c04__rotation_angle_p10.npy,0,0,1,0.9978510355350829,6.146127700805664,-3.100013017654419,-3.676088571548462,-6.521187782287598,-7.422105312347412,-1.2103286981582642,-2.942035675048828,-0.650712788105011,-3.578845500946045,-3.4220471382141113,rotation,+10deg
0_0_02_0ab8b1e5_r01c01__rotation_angle_p10,./data/robustness/rotation/angle_p10/normalized_32x32/0/0_0_02_0ab8b1e5_r01c01__rotation_angle_p10.npy,0,0,1,0.9999729111129929,10.127662658691406,-5.074224472045898,-7.736743450164795,-9.729765892028809,-8.74129581451416,-3.2400691509246826,-1.3332310914993286,-3.7707998752593994,-2.4535036087036133,-1.3500895500183105,rotation,+10deg
0_0_02_0ab8b1e5_r01c02__rotation_angle_p10,./data/robustness/rotation/angle_p10/normalized_32x32/0/0_0_02_0ab8b1e5_r01c02__rotation_angle_p10.npy,0,0,1,0.9999991346565825,13.350250244140625,-7.475657939910889,-10.553522109985352,-13.725131034851074,-14.233318328857422,-5.987245559692383,-2.2306113243103027,-4.136804580688477,-4.933603286743164,-0.8924047946929932,rotation,+10deg
0_0_02_0ab8b1e5_r01c03__rotation_angle_p10,./data/robustness/rotation/angle_p10/normalized_32x32/0/0_0_02_0ab8b1e5_r01c03__rotation_angle_p10.npy,0,0,1,0.9999590403046709,10.95009708404541,-6.6693196296691895,-9.76953411102295,-12.156271934509277,-10.8165283203125,-4.909817218780518,-1.9294027090072632,-2.8540475368499756,-4.727304935455322,0.7479766607284546,rotation,+10deg
0_0_02_0ab8b1e5_r01c04__rotation_angle_p10,./data/robustness/rotation/angle_p10/normalized_32x32/0/0_0_02_0ab8b1e5_r01c04__rotation_angle_p10.npy,0,0,1,0.9999893099996923,12.26880168914795,-9.648565292358398,-9.344564437866211,-12.27184009552002,-10.400164604187012,-5.761105537414551,-1.8713126182556152,-3.618932008743286,-5.179750442504883,0.735602080821991,rotation,+10deg
0_0_02_0ab8b1e5_r02c01__rotation_angle_p10,./data/robustness/rotation/angle_p10/normalized_32x32/0/0_0_02_0ab8b1e5_r02c01__rotation_angle_p10.npy,0,0,1,0.9999975892072378,12.891414642333984,-6.976047039031982,-10.71408462524414,-12.098504066467285,-9.895647048950195,-3.9328911304473877,-0.2919393479824066,-5.335594177246094,-4.162594318389893,-1.7777092456817627,rotation,+10deg
0_0_02_0ab8b1e5_r02c02__rotation_angle_p10,./data/robustness/rotation/angle_p10/normalized_32x32/0/0_0_02_0ab8b1e5_r02c02__rotation_angle_p10.npy,0,0,1,0.9999758789552236,10.37137222290039,-7.135090351104736,-7.370329856872559,-9.090914726257324,-10.0009126663208,-3.3280649185180664,-2.001697063446045,-5.122213363647461,-2.0271248817443848,-0.7764655351638794,rotation,+10deg
0_0_02_0ab8b1e5_r02c03__rotation_angle_p10,./data/robustness/rotation/angle_p10/normalized_32x32/0/0_0_02_0ab8b1e5_r02c03__rotation_angle_p10.npy,0,0,1,0.9999356108582286,10.369879722595215,-6.213468551635742,-7.044586181640625,-11.610365867614746,-11.60599422454834,-5.167408466339111,-2.8007802963256836,-3.8592987060546875,-2.6801702976226807,0.6387797594070435,rotation,+10deg
0_0_02_0ab8b1e5_r02c04__rotation_angle_p10,./data/robustness/rotation/angle_p10/normalized_32x32/0/0_0_02_0ab8b1e5_r02c04__rotation_angle_p10.npy,0,0,1,0.9998137782288796,9.947381973266602,-6.2459397315979,-5.617587089538574,-12.863652229309082,-11.45220947265625,-6.0538716316223145,-3.0365710258483887,-4.375782489776611,-0.9100985527038574,1.2300169467926025,rotation,+10deg
0_0_02_0ab8b1e5_r03c01__rotation_angle_p10,./data/robustness/rotation/angle_p10/normalized_32x32/0/0_0_02_0ab8b1e5_r03c01__rotation_angle_p10.npy,0,0,1,0.9997349942637417,8.327348709106445,-5.549465179443359,-8.240262031555176,-8.1622896194458,-7.449653625488281,-4.133119583129883,-0.8938183784484863,-1.2901872396469116,-6.13808012008667,-0.9449899196624756,rotation,+10deg
0_0_02_0ab8b1e5_r03c02__rotation_angle_p10,./data/robustness/rotation/angle_p10/normalized_32x32/0/0_0_02_0ab8b1e5_r03c02__rotation_angle_p10.npy,0,0,1,0.9999994201939273,14.164543151855469,-8.007362365722656,-14.654192924499512,-13.363933563232422,-12.76909065246582,-5.4010210037231445,-0.6717215776443481,-3.0112464427948,-9.369176864624023,-1.3586983680725098,rotation,+10deg
0_0_02_0ab8b1e5_r03c03__rotation_angle_p10,./data/robustness/rotation/angle_p10/normalized_32x32/0/0_0_02_0ab8b1e5_r03c03__rotation_angle_p10.npy,0,0,1,0.9999958769919692,12.94843864440918,-7.70632266998291,-13.572503089904785,-10.557282447814941,-8.254556655883789,-2.90604567527771,0.423759788274765,-1.9672279357910156,-9.4879150390625,-4.670269012451172,rotation,+10deg
0_0_02_0ab8b1e5_r03c04__rotation_angle_p10,./data/robustness/rotation/angle_p10/normalized_32x32/0/0_0_02_0ab8b1e5_r03c04__rotation_angle_p10.npy,0,0,1,0.9993655607051976,8.156538963317871,-6.683382034301758,-8.105454444885254,-7.172332763671875,-7.544984817504883,-1.4394164085388184,0.49386170506477356,-3.1223254203796387,-5.585358619689941,-1.2490806579589844,rotation,+10deg
0_0_02_0ab8b1e5_r04c01__rotation_angle_p10,./data/robustness/rotation/angle_p10/normalized_32x32/0/0_0_02_0ab8b1e5_r04c01__rotation_angle_p10.npy,0,0,1,0.9999999375698542,14.978259086608887,-7.5319504737854,-11.985241889953613,-11.973625183105469,-13.569903373718262,-4.397736072540283,-2.3194897174835205,-2.824707508087158,-7.928799152374268,-3.5462875366210938,rotation,+10deg
0_0_02_0ab8b1e5_r04c02__rotation_angle_p10,./data/robustness/rotation/angle_p10/normalized_32x32/0/0_0_02_0ab8b1e5_r04c02__rotation_angle_p10.npy,0,0,1,0.9999999299538529,15.93441104888916,-8.4432954788208,-15.764887809753418,-13.439671516418457,-14.884819984436035,-3.9463391304016113,-0.9886534214019775,-2.0581881999969482,-10.968586921691895,-2.755133628845215,rotation,+10deg
0_0_02_0ab8b1e5_r04c03__rotation_angle_p10,./data/robustness/rotation/angle_p10/normalized_32x32/0/0_0_02_0ab8b1e5_r04c03__rotation_angle_p10.npy,0,0,1,0.9999998705884466,14.204686164855957,-7.574882507324219,-9.52003288269043,-12.422828674316406,-12.735595703125,-3.9659512042999268,-2.2003300189971924,-3.1820123195648193,-5.915350914001465,-4.10615348815918,rotation,+10deg
0_0_02_0ab8b1e5_r04c04__rotation_angle_p10,./data/robustness/rotation/angle_p10/normalized_32x32/0/0_0_02_0ab8b1e5_r04c04__rotation_angle_p10.npy,0,0,1,0.999998739111986,13.761537551879883,-9.06989860534668,-13.916234016418457,-14.092720031738281,-13.5737943649292,-5.560337066650391,-1.462066411972046,-3.846081256866455,-8.571956634521484,-0.06468302011489868,rotation,+10deg
1_1_01_19f74917_r01c01__rotation_angle_p10,./data/robustness/rotation/angle_p10/normalized_32x32/1/1_1_01_19f74917_r01c01__rotation_angle_p10.npy,1,1,1,0.98998908645022,-3.3828682899475098,5.506380558013916,-3.7062323093414307,-6.68704891204834,-0.9052383899688721,0.2606457769870758,-1.0441744327545166,-1.5090242624282837,-1.8952343463897705,-5.333431720733643,rotation,+10deg
1_1_01_19f74917_r01c02__rotation_angle_p10,./data/robustness/rotation/angle_p10/normalized_32x32/1/1_1_01_19f74917_r01c02__rotation_angle_p10.npy,1,1,1,0.9986732329555936,-4.688018321990967,6.913255214691162,-4.9041361808776855,-7.362426280975342,-1.1252119541168213,-0.5533199310302734,-1.7657310962677002,-1.816638708114624,-2.5294909477233887,-5.1765456199646,rotation,+10deg
1_1_01_19f74917_r01c03__rotation_angle_p10,./data/robustness/rotation/angle_p10/normalized_32x32/1/1_1_01_19f74917_r01c03__rotation_angle_p10.npy,1,1,1,0.9999974428072986,-8.516582489013672,12.067794799804688,-9.102396011352539,-12.954174995422363,-1.534794807434082,-3.4909372329711914,-4.715649604797363,-2.90134596824646,-2.003087043762207,-8.16891860961914,rotation,+10deg
1_1_01_19f74917_r01c04__rotation_angle_p10,./data/robustness/rotation/angle_p10/normalized_32x32/1/1_1_01_19f74917_r01c04__rotation_angle_p10.npy,1,1,1,0.9999993406848237,-8.909423828125,13.268708229064941,-9.430102348327637,-13.581385612487793,-1.556613564491272,-2.729891300201416,-3.1768457889556885,-3.36356258392334,-3.542252779006958,-10.087059020996094,rotation,+10deg
1_1_01_19f74917_r02c01__rotation_angle_p10,./data/robustness/rotation/angle_p10/normalized_32x32/1/1_1_01_19f74917_r02c01__rotation_angle_p10.npy,1,1,1,0.9991848269008798,-7.789478778839111,7.529158115386963,-8.45293140411377,-6.513497829437256,-6.29701042175293,-2.177051067352295,-7.724769592285156,0.21585312485694885,-2.3799805641174316,-2.696051597595215,rotation,+10deg
1_1_01_19f74917_r02c02__rotation_angle_p10,./data/robustness/rotation/angle_p10/normalized_32x32/1/1_1_01_19f74917_r02c02__rotation_angle_p10.npy,1,1,1,0.9999134576881272,-4.777476787567139,8.945009231567383,-3.446793556213379,-8.597955703735352,-3.008847951889038,-1.3327151536941528,-2.9090089797973633,-1.4260601997375488,-4.19096565246582,-8.039578437805176,rotation,+10deg
1_1_01_19f74917_r02c03__rotation_angle_p10,./data/robustness/rotation/angle_p10/normalized_32x32/1/1_1_01_19f74917_r02c03__rotation_angle_p10.npy,1,1,1,0.9998371492284721,-5.77422571182251,9.49361515045166,-7.577939033508301,-11.114570617675781,0.5429481267929077,-1.4851585626602173,-3.6974945068359375,-1.960449457168579,-3.188293933868408,-5.484329700469971,rotation,+10deg
1_1_01_19f74917_r02c04__rotation_angle_p10,./data/robustness/rotation/angle_p10/normalized_32x32/1/1_1_01_19f74917_r02c04__rotation_angle_p10.npy,1,1,1,0.9999989341508337,-9.829567909240723,12.534444808959961,-10.0048189163208,-13.137718200683594,-2.0586864948272705,-3.105332851409912,-3.961944580078125,-3.001278877258301,-2.9098689556121826,-8.23197078704834,rotation,+10deg
1_1_01_19f74917_r03c01__rotation_angle_p10,./data/robustness/rotation/angle_p10/normalized_32x32/1/1_1_01_19f74917_r03c01__rotation_angle_p10.npy,1,1,1,0.9958923633034256,-4.685534954071045,6.1197896003723145,-7.550299167633057,-7.7595696449279785,-2.6926698684692383,-0.47176188230514526,-3.793900728225708,-0.31812363862991333,-1.1910020112991333,-2.1201701164245605,rotation,+10deg
1_1_01_19f74917_r03c02__rotation_angle_p10,./data/robustness/rotation/angle_p10/normalized_32x32/1/1_1_01_19f74917_r03c02__rotation_angle_p10.npy,1,1,1,0.997054857170276,-4.244810581207275,6.292105674743652,-6.459636688232422,-7.556715965270996,-1.8920851945877075,-0.8365944027900696,-3.1230227947235107,-0.5861966609954834,-1.1693137884140015,-2.470759630203247,rotation,+10deg
1_1_01_19f74917_r03c03__rotation_angle_p10,./data/robustness/rotation/angle_p10/normalized_32x32/1/1_1_01_19f74917_r03c03__rotation_angle_p10.npy,1,1,1,0.9999882843199283,-9.540487289428711,10.293033599853516,-3.6991090774536133,-9.723199844360352,-2.325324773788452,-2.999617576599121,-4.028308391571045,-1.8965697288513184,-5.204570770263672,-9.113595962524414,rotation,+10deg
1_1_01_19f74917_r03c04__rotation_angle_p10,./data/robustness/rotation/angle_p10/normalized_32x32/1/1_1_01_19f74917_r03c04__rotation_angle_p10.npy,1,1,1,0.9998253757563159,-4.7802815437316895,8.910951614379883,-7.2856597900390625,-10.362979888916016,-0.46485635638237,-0.8940614461898804,-3.48960542678833,-2.645993709564209,-1.9313085079193115,-6.249197006225586,rotation,+10deg
1_1_01_19f74917_r04c01__rotation_angle_p10,./data/robustness/rotation/angle_p10/normalized_32x32/1/1_1_01_19f74917_r04c01__rotation_angle_p10.npy,1,1,1,0.9997236489843891,-5.558379173278809,8.67612075805664,-7.297868251800537,-9.84599781036377,-1.509183406829834,-1.3282544612884521,-4.787957191467285,0.016769856214523315,-2.3592822551727295,-4.618166923522949,rotation,+10deg
1_1_01_19f74917_r04c02__rotation_angle_p10,./data/robustness/rotation/angle_p10/normalized_32x32/1/1_1_01_19f74917_r04c02__rotation_angle_p10.npy,1,1,1,0.999625028166256,-5.158437252044678,8.334674835205078,-6.771264553070068,-9.881568908691406,-1.3127567768096924,-1.2250139713287354,-4.574676036834717,-0.13648271560668945,-2.3036715984344482,-4.579519271850586,rotation,+10deg
1_1_01_19f74917_r04c03__rotation_angle_p10,./data/robustness/rotation/angle_p10/normalized_32x32/1/1_1_01_19f74917_r04c03__rotation_angle_p10.npy,1,1,1,0.999255395782464,-4.870292663574219,7.830907821655273,-6.3445024490356445,-9.069117546081543,-1.1746052503585815,-1.0958235263824463,-4.2462615966796875,0.10487502813339233,-2.5062172412872314,-4.103730201721191,rotation,+10deg
1_1_01_19f74917_r04c04__rotation_angle_p10,./data/robustness/rotation/angle_p10/normalized_32x32/1/1_1_01_19f74917_r04c04__rotation_angle_p10.npy,1,1,1,0.9995809488520139,-4.607744216918945,8.181573867797852,-4.984230041503906,-9.062471389770508,-0.11578679084777832,-1.5243475437164307,-3.540146827697754,-1.2502195835113525,-2.9123668670654297,-5.697348594665527,rotation,+10deg
1_1_02_4cdb4850_r01c01__rotation_angle_p10,./data/robustness/rotation/angle_p10/normalized_32x32/1/1_1_02_4cdb4850_r01c01__rotation_angle_p10.npy,1,1,1,0.9999234279596301,-6.6146016120910645,9.7799654006958,-5.413729190826416,-11.08088493347168,-0.7759442925453186,-0.712543249130249,-1.060343623161316,-3.5327556133270264,-3.8405191898345947,-9.49422836303711,rotation,+10deg
1_1_02_4cdb4850_r01c02__rotation_angle_p10,./data/robustness/rotation/angle_p10/normalized_32x32/1/1_1_02_4cdb4850_r01c02__rotation_angle_p10.npy,1,1,1,0.9990206550915511,-7.1783342361450195,7.636557102203369,-5.591245174407959,-7.083369731903076,-5.265610218048096,0.5525347590446472,-1.9758386611938477,-2.3296642303466797,-3.046668529510498,-8.90951156616211,rotation,+10deg
1_1_02_4cdb4850_r01c03__rotation_angle_p10,./data/robustness/rotation/angle_p10/normalized_32x32/1/1_1_02_4cdb4850_r01c03__rotation_angle_p10.npy,1,1,1,0.9998144614163027,-5.659389495849609,9.128714561462402,-5.061094284057617,-7.869329452514648,-5.691140174865723,-1.305039644241333,-4.558192729949951,0.3378659784793854,-4.440194606781006,-6.644094467163086,rotation,+10deg
1_1_02_4cdb4850_r01c04__rotation_angle_p10,./data/robustness/rotation/angle_p10/normalized_32x32/1/1_1_02_4cdb4850_r01c04__rotation_angle_p10.npy,1,1,1,0.9999814132829316,-4.949382781982422,9.994865417480469,-3.884906053543091,-9.756487846374512,-4.075465202331543,-1.7555733919143677,-3.9956746101379395,-1.835874080657959,-4.438841342926025,-8.845995903015137,rotation,+10deg
1_1_02_4cdb4850_r02c01__rotation_angle_p10,./data/robustness/rotation/angle_p10/normalized_32x32/1/1_1_02_4cdb4850_r02c01__rotation_angle_p10.npy,1,1,1,0.9999218554533881,-6.50169563293457,9.695873260498047,-7.750617980957031,-10.301433563232422,0.07807660102844238,-2.9194812774658203,-4.309255599975586,-3.213380813598633,-2.598647117614746,-5.3371052742004395,rotation,+10deg
1_1_02_4cdb4850_r02c02__rotation_angle_p10,./data/robustness/rotation/angle_p10/normalized_32x32/1/1_1_02_4cdb4850_r02c02__rotation_angle_p10.npy,1,1,1,0.9999861616932072,-7.031550407409668,11.145975112915039,-9.272217750549316,-11.848249435424805,-0.9509400725364685,-1.8286949396133423,-4.627673149108887,-0.9727743864059448,-3.950730800628662,-5.584447860717773,rotation,+10deg
1_1_02_4cdb4850_r02c03__rotation_angle_p10,./data/robustness/rotation/angle_p10/normalized_32x32/1/1_1_02_4cdb4850_r02c03__rotation_angle_p10.npy,1,1,1,0.9949841529350947,-11.090883255004883,6.203969955444336,-3.508788585662842,-0.5386855602264404,-7.392937183380127,-4.297789573669434,-11.584980964660645,0.6219820380210876,-6.2060136795043945,-6.453984260559082,rotation,+10deg
1_1_02_4cdb4850_r02c04__rotation_angle_p10,./data/robustness/rotation/angle_p10/normalized_32x32/1/1_1_02_4cdb4850_r02c04__rotation_angle_p10.npy,1,1,1,0.9973302815209129,-4.351390838623047,6.702091217041016,-5.402896881103516,-7.4000163078308105,-0.8670411109924316,0.13332802057266235,-1.170461893081665,-1.6423906087875366,-2.4151546955108643,-5.232937335968018,rotation,+10deg
1_1_02_4cdb4850_r03c01__rotation_angle_p10,./data/robustness/rotation/angle_p10/normalized_32x32/1/1_1_02_4cdb4850_r03c01__rotation_angle_p10.npy,1,1,1,0.9999976403130338,-8.439407348632812,12.693191528320312,-8.106049537658691,-13.715747833251953,-0.47797441482543945,-2.7140727043151855,-3.3776798248291016,-3.5621838569641113,-3.9758100509643555,-9.992371559143066,rotation,+10deg
1_1_02_4cdb4850_r03c02__rotation_angle_p10,./data/robustness/rotation/angle_p10/normalized_32x32/1/1_1_02_4cdb4850_r03c02__rotation_angle_p10.npy,1,1,1,0.999880102283724,-5.495362758636475,9.068047523498535,-6.515023231506348,-9.64626407623291,-0.554259181022644,-1.547910213470459,-3.5399651527404785,-2.0628554821014404,-2.417046308517456,-6.241210460662842,rotation,+10deg
1_1_02_4cdb4850_r03c03__rotation_angle_p10,./data/robustness/rotation/angle_p10/normalized_32x32/1/1_1_02_4cdb4850_r03c03__rotation_angle_p10.npy,1,1,1,0.9977620758717287,-3.3679897785186768,6.145300388336182,-4.000270366668701,-5.7044172286987305,-1.4397883415222168,-1.2499873638153076,-2.9349288940429688,-1.6799298524856567,-1.5925394296646118,-3.735530138015747,rotation,+10deg
1_1_02_4cdb4850_r03c04__rotation_angle_p10,./data/robustness/rotation/angle_p10/normalized_32x32/1/1_1_02_4cdb4850_r03c04__rotation_angle_p10.npy,1,1,1,0.9916367059693788,-2.6766088008880615,5.21446418762207,-2.8586254119873047,-5.00890588760376,-1.3280818462371826,-0.6068207621574402,-2.15089750289917,-1.1622260808944702,-1.870375156402588,-3.690068006515503,rotation,+10deg
1_1_02_4cdb4850_r04c01__rotation_angle_p10,./data/robustness/rotation/angle_p10/normalized_32x32/1/1_1_02_4cdb4850_r04c01__rotation_angle_p10.npy,1,1,1,0.9999930278697124,-8.165660858154297,11.615732192993164,-8.343340873718262,-13.193984985351562,-1.1313047409057617,-4.154716968536377,-5.941925525665283,-0.9679964780807495,-3.007528305053711,-6.214418888092041,rotation,+10deg
1_1_02_4cdb4850_r04c02__rotation_angle_p10,./data/robustness/rotation/angle_p10/normalized_32x32/1/1_1_02_4cdb4850_r04c02__rotation_angle_p10.npy,1,1,1,0.9997960165141745,-6.336781024932861,9.192243576049805,-8.075045585632324,-10.848769187927246,-2.188779354095459,-1.7066876888275146,-6.197668552398682,0.45742204785346985,-2.158820629119873,-4.551609516143799,rotation,+10deg
1_1_02_4cdb4850_r04c03__rotation_angle_p10,./data/robustness/rotation/angle_p10/normalized_32x32/1/1_1_02_4cdb4850_r04c03__rotation_angle_p10.npy,1,1,1,0.9998300185480913,-5.614551067352295,9.096952438354492,-7.130910873413086,-10.604366302490234,-1.5285637378692627,-1.5551671981811523,-5.161913871765137,-0.011058956384658813,-2.471247911453247,-5.086865425109863,rotation,+10deg
1_1_02_4cdb4850_r04c04__rotation_angle_p10,./data/robustness/rotation/angle_p10/normalized_32x32/1/1_1_02_4cdb4850_r04c04__rotation_angle_p10.npy,1,1,1,0.998316722952703,-4.266336917877197,6.8228983879089355,-7.069411754608154,-8.591442108154297,-2.756035804748535,-0.7144636511802673,-3.8341305255889893,-0.4278596043586731,-1.3746873140335083,-2.9108352661132812,rotation,+10deg
2_2_01_2e3151dd_r01c01__rotation_angle_p10,./data/robustness/rotation/angle_p10/normalized_32x32/2/2_2_01_2e3151dd_r01c01__rotation_angle_p10.npy,2,2,1,0.9989898186424142,-9.32458782196045,-5.425117015838623,10.228793144226074,-1.8030316829681396,-4.648280143737793,-7.846734046936035,-10.098922729492188,3.325735569000244,-7.597123622894287,-11.394750595092773,rotation,+10deg
2_2_01_2e3151dd_r01c02__rotation_angle_p10,./data/robustness/rotation/angle_p10/normalized_32x32/2/2_2_01_2e3151dd_r01c02__rotation_angle_p10.npy,2,2,1,0.905119865897759,-2.47273588180542,-5.259792804718018,6.525655746459961,-7.5624847412109375,-4.228061676025391,-6.37360143661499,-8.673694610595703,0.7307612895965576,4.239203453063965,-7.929986476898193,rotation,+10deg
2_2_01_2e3151dd_r01c03__rotation_angle_p10,./data/robustness/rotation/angle_p10/normalized_32x32/2/2_2_01_2e3151dd_r01c03__rotation_angle_p10.npy,2,2,1,0.9999981160017738,-7.824614524841309,-7.234076976776123,13.959226608276367,-4.372954368591309,-7.914716720581055,-10.134384155273438,-11.036449432373047,0.770538866519928,-9.226497650146484,-14.035727500915527,rotation,+10deg
2_2_01_2e3151dd_r01c04__rotation_angle_p10,./data/robustness/rotation/angle_p10/normalized_32x32/2/2_2_01_2e3151dd_r01c04__rotation_angle_p10.npy,2,2,1,0.9999994353870473,-10.821444511413574,-6.727138996124268,15.659502983093262,-4.34971809387207,-9.83184814453125,-12.755982398986816,-12.802764892578125,1.2683680057525635,-9.241427421569824,-15.121973991394043,rotation,+10deg
2_2_01_2e3151dd_r02c01__rotation_angle_p10,./data/robustness/rotation/angle_p10/normalized_32x32/2/2_2_01_2e3151dd_r02c01__rotation_angle_p10.npy,2,2,1,0.975119179279646,-1.2635670900344849,-0.46656566858291626,6.273506164550781,-7.449350357055664,-3.0592167377471924,-4.61898946762085,-8.375102043151855,2.5159404277801514,-5.342707633972168,-1.7070845365524292,rotation,+10deg
2_2_01_2e3151dd_r02c02__rotation_angle_p10,./data/robustness/rotation/angle_p10/normalized_32x32/2/2_2_01_2e3151dd_r02c02__rotation_angle_p10.npy,2,2,1,0.9037776683199314,-3.6978487968444824,-2.3325939178466797,5.774463653564453,-7.856305122375488,3.5235400199890137,-3.54687237739563,-5.462876319885254,-1.8140136003494263,-7.104413032531738,-2.8827550411224365,rotation,+10deg
2_2_01_2e3151dd_r02c03__rotation_angle_p10,./data/robustness/rotation/angle_p10/normalized_32x32/2/2_2_01_2e3151dd_r02c03__rotation_angle_p10.npy,2,2,1,0.999169856717008,-8.323517799377441,-3.7452640533447266,10.617175102233887,-4.069558143615723,-7.385990142822266,-11.231230735778809,-12.36419677734375,3.522686004638672,-5.121212482452393,-8.842230796813965,rotation,+10deg
2_2_01_2e3151dd_r02c04__rotation_angle_p10,./data/robustness/rotation/angle_p10/normalized_32x32/2/2_2_01_2e3151dd_r02c04__rotation_angle_p10.npy,2,2,1,0.9999978186771921,-8.885209083557129,-6.563741683959961,14.249926567077637,-3.666246175765991,-9.641209602355957,-11.601906776428223,-11.936017036437988,1.2059595584869385,-6.9724321365356445,-13.635927200317383,rotation,+10deg
2_2_01_2e3151dd_r03c01__rotation_angle_p10,./data/robustness/rotation/angle_p10/normalized_32x32/2/2_2_01_2e3151dd_r03c01__rotation_angle_p10.npy,2,2,1,0.999999920573876,-7.329004287719727,-6.1076812744140625,14.978675842285156,-7.447155952453613,-7.17672061920166,-10.281342506408691,-8.088747024536133,-1.388032078742981,-10.40656566619873,-14.20878791809082,rotation,+10deg
2_2_01_2e3151dd_r03c02__rotation_angle_p10,./data/robustness/rotation/angle_p10/normalized_32x32/2/2_2_01_2e3151dd_r03c02__rotation_angle_p10.npy,2,2,1,0.9999980271357898,-8.18452262878418,-3.3962788581848145,15.406100273132324,-9.622337341308594,-9.132767677307129,-12.6017427444458,-14.473615646362305,2.2665233612060547,-7.849066257476807,-12.354969024658203,rotation,+10deg
2_2_01_2e3151dd_r03c03__rotation_angle_p10,./data/robustness/rotation/angle_p10/normalized_32x32/2/2_2_01_2e3151dd_r03c03__rotation_angle_p10.npy,2,2,1,0.9999997694984745,-7.071564674377441,-5.733025550842285,14.275908470153809,-6.664247989654541,-7.558427810668945,-9.935797691345215,-8.072345733642578,-1.0246024131774902,-9.286742210388184,-13.776888847351074,rotation,+10deg
2_2_01_2e3151dd_r03c04__rotation_angle_p10,./data/robustness/rotation/angle_p10/normalized_32x32/2/2_2_01_2e3151dd_r03c04__rotation_angle_p10.npy,2,2,1,0.9999892104838073,-8.223334312438965,-4.026340961456299,11.890040397644043,-3.897891044616699,-7.272212028503418,-8.171546936035156,-12.224084854125977,0.42774268984794617,-10.549490928649902,-11.183832168579102,rotation,+10deg
2_2_01_2e3151dd_r04c01__rotation_angle_p10,./data/robustness/rotation/angle_p10/normalized_32x32/2/2_2_01_2e3151dd_r04c01__rotation_angle_p10.npy,2,2,1,0.9999999969551809,-9.468403816223145,-6.534314155578613,18.571239471435547,-8.704936027526855,-6.737485408782959,-11.994855880737305,-15.010832786560059,-1.0468034744262695,-11.634744644165039,-14.748480796813965,rotation,+10deg
2_2_01_2e3151dd_r04c02__rotation_angle_p10,./data/robustness/rotation/angle_p10/normalized_32x32/2/2_2_01_2e3151dd_r04c02__rotation_angle_p10.npy,2,2,1,0.999996990861129,-11.056982040405273,-7.837325572967529,16.461687088012695,-5.042621612548828,-9.611934661865234,-14.030248641967773,-15.681037902832031,3.747669219970703,-10.32974624633789,-13.540082931518555,rotation,+10deg
2_2_01_2e3151dd_r04c03__rotation_angle_p10,./data/robustness/rotation/angle_p10/normalized_32x32/2/2_2_01_2e3151dd_r04c03__rotation_angle_p10.npy,2,2,1,0.9999823588625296,-6.307038307189941,-5.402463912963867,12.687664031982422,-5.299448490142822,-6.963094711303711,-8.67347526550293,-11.833476066589355,1.7400033473968506,-6.7308454513549805,-9.785499572753906,rotation,+10deg
2_2_01_2e3151dd_r04c04__rotation_angle_p10,./data/robustness/rotation/angle_p10/normalized_32x32/2/2_2_01_2e3151dd_r04c04__rotation_angle_p10.npy,2,2,1,0.7351354316782516,-6.78524112701416,0.004170596599578857,3.6906440258026123,2.3484418392181396,-3.0450451374053955,-1.601218342781067,-9.464317321777344,0.9885162711143494,-3.9461662769317627,-4.998743057250977,rotation,+10deg
2_2_02_cbfae05c_r01c01__rotation_angle_p10,./data/robustness/rotation/angle_p10/normalized_32x32/2/2_2_02_cbfae05c_r01c01__rotation_angle_p10.npy,2,2,1,0.9999999860628306,-7.320479869842529,-8.503759384155273,15.835504531860352,-4.886965751647949,-9.106407165527344,-9.680408477783203,-10.468706130981445,-2.340507745742798,-8.664226531982422,-15.426145553588867,rotation,+10deg
2_2_02_cbfae05c_r01c02__rotation_angle_p10,./data/robustness/rotation/angle_p10/normalized_32x32/2/2_2_02_cbfae05c_r01c02__rotation_angle_p10.npy,2,2,1,0.9999978183446182,-8.746971130371094,-4.666201114654541,15.61857795715332,-7.992259502410889,-8.575054168701172,-12.038836479187012,-14.59183406829834,2.5823841094970703,-9.470848083496094,-12.203988075256348,rotation,+10deg
2_2_02_cbfae05c_r01c03__rotation_angle_p10,./data/robustness/rotation/angle_p10/normalized_32x32/2/2_2_02_cbfae05c_r01c03__rotation_angle_p10.npy,2,2,1,0.9885001155268758,-7.003515243530273,1.118510127067566,7.414776802062988,-5.115476608276367,-5.772915363311768,-7.621562480926514,-12.992219924926758,2.786733388900757,-4.139713287353516,-6.746367931365967,rotation,+10deg
2_2_02_cbfae05c_r01c04__rotation_angle_p10,./data/robustness/rotation/angle_p10/normalized_32x32/2/2_2_02_cbfae05c_r01c04__rotation_angle_p10.npy,2,1,0,0.9358348274652075,-4.012452125549316,4.8704118728637695,1.509495496749878,-6.683073043823242,-4.1151347160339355,-3.9756665229797363,-5.568286895751953,1.4511386156082153,-4.93825101852417,-2.5101940631866455,rotation,+10deg
2_2_02_cbfae05c_r02c01__rotation_angle_p10,./data/robustness/rotation/angle_p10/normalized_32x32/2/2_2_02_cbfae05c_r02c01__rotation_angle_p10.npy,2,2,1,0.9999999466841571,-11.645451545715332,-5.355040073394775,15.296915054321289,-2.8658835887908936,-6.307799816131592,-5.071933746337891,-11.805859565734863,-1.8032923936843872,-10.898051261901855,-12.675821304321289,rotation,+10deg
2_2_02_cbfae05c_r02c02__rotation_angle_p10,./data/robustness/rotation/angle_p10/normalized_32x32/2/2_2_02_cbfae05c_r02c02__rotation_angle_p10.npy,2,2,1,0.9999923634530571,-7.152432441711426,-7.612518310546875,12.899114608764648,-4.061883449554443,-6.886007785797119,-9.341815948486328,-10.482854843139648,1.1100130081176758,-8.146183967590332,-13.351161003112793,rotation,+10deg
2_2_02_cbfae05c_r02c03__rotation_angle_p10,./data/robustness/rotation/angle_p10/normalized_32x32/2/2_2_02_cbfae05c_r02c03__rotation_angle_p10.npy,2,2,1,0.9999033525936137,-7.159368991851807,-6.602884292602539,10.423477172851562,-2.182769298553467,-6.691786289215088,-7.4804534912109375,-9.631226539611816,1.1405653953552246,-5.07076358795166,-12.261943817138672,rotation,+10deg
2_2_02_cbfae05c_r02c04__rotation_angle_p10,./data/robustness/rotation/angle_p10/normalized_32x32/2/2_2_02_cbfae05c_r02c04__rotation_angle_p10.npy,2,2,1,0.9999978894239107,-9.21575927734375,-9.070090293884277,15.565783500671387,-5.038129806518555,-8.277095794677734,-12.157072067260742,-14.202083587646484,2.4966623783111572,-12.04147720336914,-15.118947982788086,rotation,+10deg
2_2_02_cbfae05c_r03c01__rotation_angle_p10,./data/robustness/rotation/angle_p10/normalized_32x32/2/2_2_02_cbfae05c_r03c01__rotation_angle_p10.npy,2,2,1,0.999999984088725,-7.8725666999816895,-7.949488639831543,16.889638900756836,-6.98640251159668,-8.959402084350586,-11.788006782531738,-10.516669273376465,-1.0720136165618896,-10.205829620361328,-15.678043365478516,rotation,+10deg
2_2_02_cbfae05c_r03c02__rotation_angle_p10,./data/robustness/rotation/angle_p10/normalized_32x32/2/2_2_02_cbfae05c_r03c02__rotation_angle_p10.npy,2,2,1,0.999999809122768,-9.482484817504883,-3.961099147796631,16.4625244140625,-9.044698715209961,-7.849481582641602,-12.371994972229004,-12.073084831237793,0.9835536479949951,-9.900888442993164,-14.27315902709961,rotation,+10deg
2_2_02_cbfae05c_r03c03__rotation_angle_p10,./data/robustness/rotation/angle_p10/normalized_32x32/2/2_2_02_cbfae05c_r03c03__rotation_angle_p10.npy,2,2,1,0.9999995608654343,-9.115434646606445,-4.1849446296691895,14.452240943908691,-7.679062843322754,-5.578886032104492,-10.978822708129883,-9.186062812805176,-0.2102377712726593,-11.824764251708984,-13.348836898803711,rotation,+10deg
2_2_02_cbfae05c_r03c04__rotation_angle_p10,./data/robustness/rotation/angle_p10/normalized_32x32/2/2_2_02_cbfae05c_r03c04__rotation_angle_p10.npy,2,2,1,0.9995391252599828,-10.588896751403809,-0.5017920732498169,11.031829833984375,-5.321164131164551,-5.140260696411133,-9.673674583435059,-13.327853202819824,3.3280062675476074,-6.883697986602783,-9.531133651733398,rotation,+10deg
2_2_02_cbfae05c_r04c01__rotation_angle_p10,./data/robustness/rotation/angle_p10/normalized_32x32/2/2_2_02_cbfae05c_r04c01__rotation_angle_p10.npy,2,2,1,0.99995546007473,-6.553876876831055,-5.735706329345703,12.474506378173828,-7.835082054138184,-9.163839340209961,-11.802459716796875,-13.524809837341309,2.454949140548706,-7.880587100982666,-10.903829574584961,rotation,+10deg
2_2_02_cbfae05c_r04c02__rotation_angle_p10,./data/robustness/rotation/angle_p10/normalized_32x32/2/2_2_02_cbfae05c_r04c02__rotation_angle_p10.npy,2,2,1,0.9999988586325128,-5.36366605758667,-3.131375789642334,13.2811279296875,-8.937248229980469,-8.376144409179688,-10.060612678527832,-9.916923522949219,-0.4835306704044342,-5.664210319519043,-11.338836669921875,rotation,+10deg
2_2_02_cbfae05c_r04c03__rotation_angle_p10,./data/robustness/rotation/angle_p10/normalized_32x32/2/2_2_02_cbfae05c_r04c03__rotation_angle_p10.npy,2,2,1,0.9998362263738582,-3.6867799758911133,-4.824248790740967,7.794709205627441,-3.2158889770507812,-2.0824711322784424,-5.479067802429199,-5.619513511657715,-1.65139901638031,-9.568534851074219,-8.59733772277832,rotation,+10deg
2_2_02_cbfae05c_r04c04__rotation_angle_p10,./data/robustness/rotation/angle_p10/normalized_32x32/2/2_2_02_cbfae05c_r04c04__rotation_angle_p10.npy,2,2,1,0.9999999558403978,-7.743384838104248,-7.791684150695801,14.48276424407959,-4.307926177978516,-7.584110736846924,-8.944635391235352,-7.6212873458862305,-2.6515860557556152,-9.377975463867188,-13.977784156799316,rotation,+10deg
3_3_01_3ef7df64_r01c01__rotation_angle_p10,./data/robustness/rotation/angle_p10/normalized_32x32/3/3_3_01_3ef7df64_r01c01__rotation_angle_p10.npy,3,3,1,0.9964725820859539,-5.6119489669799805,-3.3147244453430176,-4.793911457061768,6.208547592163086,-5.274933338165283,0.11796770244836807,-7.691882133483887,-4.175960063934326,-1.6945199966430664,-0.9645634889602661,rotation,+10deg
3_3_01_3ef7df64_r01c02__rotation_angle_p10,./data/robustness/rotation/angle_p10/normalized_32x32/3/3_3_01_3ef7df64_r01c02__rotation_angle_p10.npy,3,3,1,0.9992772528352475,-5.52756404876709,-4.408734321594238,-4.231658935546875,7.33711051940918,-4.347731113433838,-0.2934834659099579,-8.772483825683594,-3.237342357635498,-2.113767623901367,-1.8222712278366089,rotation,+10deg
3_3_01_3ef7df64_r01c03__rotation_angle_p10,./data/robustness/rotation/angle_p10/normalized_32x32/3/3_3_01_3ef7df64_r01c03__rotation_angle_p10.npy,3,3,1,0.9673256796536152,-3.944354772567749,-3.9148614406585693,-5.945137023925781,4.777466297149658,-4.41933536529541,-0.01005604863166809,-8.315533638000488,1.007190227508545,-6.977378845214844,-1.4701604843139648,rotation,+10deg
3_3_01_3ef7df64_r01c04__rotation_angle_p10,./data/robustness/rotation/angle_p10/normalized_32x32/3/3_3_01_3ef7df64_r01c04__rotation_angle_p10.npy,3,3,1,0.9998999006824484,-5.871608734130859,-6.217402458190918,-5.913183212280273,9.266958236694336,-6.83788537979126,-0.34426143765449524,-9.274491310119629,-6.18093729019165,-1.277530312538147,-2.7937874794006348,rotation,+10deg
3_3_01_3ef7df64_r02c01__rotation_angle_p10,./data/robustness/rotation/angle_p10/normalized_32x32/3/3_3_01_3ef7df64_r02c01__rotation_angle_p10.npy,3,3,1,0.9969514190382239,-7.024544715881348,-4.607860088348389,-5.868372440338135,7.312761306762695,-6.82124662399292,1.437837839126587,-6.720489978790283,-6.007004261016846,-1.1844985485076904,-3.0195729732513428,rotation,+10deg
3_3_01_3ef7df64_r02c02__rotation_angle_p10,./data/robustness/rotation/angle_p10/normalized_32x32/3/3_3_01_3ef7df64_r02c02__rotation_angle_p10.npy,3,3,1,0.9999970645814507,-8.639206886291504,-7.7539381980896,-7.121648788452148,12.563275337219238,-10.277251243591309,-0.5951264500617981,-11.647746086120605,-8.887612342834473,-1.3004463911056519,-4.294860363006592,rotation,+10deg
3_3_01_3ef7df64_r02c03__rotation_angle_p10,./data/robustness/rotation/angle_p10/normalized_32x32/3/3_3_01_3ef7df64_r02c03__rotation_angle_p10.npy,3,3,1,0.9999765223364753,-5.248728275299072,-7.150214672088623,-5.182805061340332,10.281450271606445,-7.287502288818359,-0.8777956962585449,-9.497636795043945,-6.321533679962158,-1.4838145971298218,-3.5556578636169434,rotation,+10deg
3_3_01_3ef7df64_r02c04__rotation_angle_p10,./data/robustness/rotation/angle_p10/normalized_32x32/3/3_3_01_3ef7df64_r02c04__rotation_angle_p10.npy,3,3,1,0.9999765281017768,-5.008304595947266,-5.276416778564453,-5.105912208557129,9.265589714050293,-7.232337951660156,-1.8988813161849976,-9.542335510253906,-3.616614580154419,-3.633655548095703,-3.635129451751709,rotation,+10deg
3_3_01_3ef7df64_r03c01__rotation_angle_p10,./data/robustness/rotation/angle_p10/normalized_32x32/3/3_3_01_3ef7df64_r03c01__rotation_angle_p10.npy,3,3,1,0.9999251353306908,-7.447416305541992,-6.142910003662109,-5.438222408294678,9.744821548461914,-8.03760814666748,-0.026801519095897675,-8.854191780090332,-6.617919921875,-1.3428606986999512,-3.376258134841919,rotation,+10deg
3_3_01_3ef7df64_r03c02__rotation_angle_p10,./data/robustness/rotation/angle_p10/normalized_32x32/3/3_3_01_3ef7df64_r03c02__rotation_angle_p10.npy,3,3,1,0.9956125144446847,-4.965740203857422,-6.531773090362549,-5.678560256958008,7.310018062591553,-7.097847938537598,0.48073622584342957,-8.085357666015625,-8.195195198059082,1.5187251567840576,-0.9360518455505371,rotation,+10deg
3_3_01_3ef7df64_r03c03__rotation_angle_p10,./data/robustness/rotation/angle_p10/normalized_32x32/3/3_3_01_3ef7df64_r03c03__rotation_angle_p10.npy,3,3,1,0.9972469620530965,-5.856797218322754,-4.859369277954102,-0.8987881541252136,6.064042568206787,-2.8567843437194824,-2.916613817214966,-10.662257194519043,-0.6159347295761108,-4.89863395690918,-2.2025976181030273,rotation,+10deg
3_3_01_3ef7df64_r03c04__rotation_angle_p10,./data/robustness/rotation/angle_p10/normalized_32x32/3/3_3_01_3ef7df64_r03c04__rotation_angle_p10.npy,3,3,1,0.8330578394359713,-1.2958189249038696,-2.667670249938965,-3.084369659423828,2.4570953845977783,-2.976287364959717,-0.7565523982048035,-5.073490142822266,-0.5094553232192993,-3.1402878761291504,-0.24930673837661743,rotation,+10deg
3_3_01_3ef7df64_r04c01__rotation_angle_p10,./data/robustness/rotation/angle_p10/normalized_32x32/3/3_3_01_3ef7df64_r04c01__rotation_angle_p10.npy,3,3,1,0.600972545552413,-1.9276020526885986,-2.7704384326934814,-4.976115703582764,1.8134979009628296,-3.3571135997772217,0.1395644098520279,-6.332236289978027,0.9494980573654175,-7.556265830993652,-2.4649429321289062,rotation,+10deg
3_3_01_3ef7df64_r04c02__rotation_angle_p10,./data/robustness/rotation/angle_p10/normalized_32x32/3/3_3_01_3ef7df64_r04c02__rotation_angle_p10.npy,3,3,1,0.5654588122975049,-3.808104991912842,-2.8260178565979004,-3.965585231781006,2.2920055389404297,0.25780588388442993,-2.263242244720459,-7.033860683441162,0.816969096660614,-4.26106595993042,1.3420206308364868,rotation,+10deg
3_3_01_3ef7df64_r04c03__rotation_angle_p10,./data/robustness/rotation/angle_p10/normalized_32x32/3/3_3_01_3ef7df64_r04c03__rotation_angle_p10.npy,3,7,0,0.5303807902383757,-4.3797607421875,0.5298234224319458,-3.4772987365722656,-0.8106470108032227,1.4720120429992676,-3.809361457824707,-7.3453545570373535,2.9047188758850098,-4.556927680969238,2.260749340057373,rotation,+10deg
3_3_01_3ef7df64_r04c04__rotation_angle_p10,./data/robustness/rotation/angle_p10/normalized_32x32/3/3_3_01_3ef7df64_r04c04__rotation_angle_p10.npy,3,1,0,0.43995090418316213,-3.496551513671875,2.4129250049591064,-2.3014039993286133,-4.6759419441223145,0.7287717461585999,-3.090423583984375,-7.114216327667236,2.110416889190674,-2.521284818649292,1.2876430749893188,rotation,+10deg
3_3_02_0ace0337_r01c01__rotation_angle_p10,./data/robustness/rotation/angle_p10/normalized_32x32/3/3_3_02_0ace0337_r01c01__rotation_angle_p10.npy,3,3,1,0.9998891445028135,-7.486210346221924,-5.146994590759277,-5.667594909667969,9.329815864562988,-6.6148552894592285,0.10726452618837357,-9.734121322631836,-2.2630019187927246,-4.68789529800415,-4.450770854949951,rotation,+10deg
3_3_02_0ace0337_r01c02__rotation_angle_p10,./data/robustness/rotation/angle_p10/normalized_32x32/3/3_3_02_0ace0337_r01c02__rotation_angle_p10.npy,3,3,1,0.9108981696062187,-3.707594633102417,-1.8652691841125488,-3.125638246536255,3.18727707862854,-2.148375988006592,0.045169007033109665,-6.828008651733398,-0.8610367774963379,-4.497077465057373,-0.6010275483131409,rotation,+10deg
3_3_02_0ace0337_r01c03__rotation_angle_p10,./data/robustness/rotation/angle_p10/normalized_32x32/3/3_3_02_0ace0337_r01c03__rotation_angle_p10.npy,3,3,1,0.9987051420008456,-6.340368747711182,-4.258371829986572,-5.230391502380371,7.113048076629639,-5.577497482299805,-0.536126434803009,-7.561858654022217,-3.35017728805542,-0.22557982802391052,-1.908560037612915,rotation,+10deg
3_3_02_0ace0337_r01c04__rotation_angle_p10,./data/robustness/rotation/angle_p10/normalized_32x32/3/3_3_02_0ace0337_r01c04__rotation_angle_p10.npy,3,3,1,0.996467280793913,-6.588530540466309,-4.944943904876709,-4.5215373039245605,6.86954927444458,-5.861405372619629,0.8616836667060852,-8.838166236877441,-6.135398864746094,-0.5856415629386902,-0.7680160403251648,rotation,+10deg
3_3_02_0ace0337_r02c01__rotation_angle_p10,./data/robustness/rotation/angle_p10/normalized_32x32/3/3_3_02_0ace0337_r02c01__rotation_angle_p10.npy,3,3,1,0.9916701468126734,-5.695528507232666,-3.1687400341033936,-4.683563232421875,5.579196929931641,-4.4930949211120605,0.28760942816734314,-6.66667366027832,-3.545142412185669,-0.7006305456161499,-1.2064034938812256,rotation,+10deg
3_3_02_0ace0337_r02c02__rotation_angle_p10,./data/robustness/rotation/angle_p10/normalized_32x32/3/3_3_02_0ace0337_r02c02__rotation_angle_p10.npy,3,3,1,0.9574572429582666,-3.6910808086395264,-2.4270496368408203,-3.042023181915283,4.0650715827941895,-3.9307126998901367,0.45387521386146545,-5.103713512420654,-3.3682332038879395,-0.963473916053772,-0.8867985010147095,rotation,+10deg
3_3_02_0ace0337_r02c03__rotation_angle_p10,./data/robustness/rotation/angle_p10/normalized_32x32/3/3_3_02_0ace0337_r02c03__rotation_angle_p10.npy,3,3,1,0.9999355834411342,-6.4683380126953125,-6.116793155670166,-5.255300521850586,9.524571418762207,-6.288906097412109,-0.30027469992637634,-9.697461128234863,-5.12217378616333,-2.4274954795837402,-3.31534481048584,rotation,+10deg
3_3_02_0ace0337_r02c04__rotation_angle_p10,./data/robustness/rotation/angle_p10/normalized_32x32/3/3_3_02_0ace0337_r02c04__rotation_angle_p10.npy,3,3,1,0.9999884178487695,-7.4995527267456055,-5.9271111488342285,-5.648015975952148,10.750567436218262,-8.687625885009766,-1.2071977853775024,-9.505727767944336,-6.436403751373291,-1.524903655052185,-4.191504955291748,rotation,+10deg
3_3_02_0ace0337_r03c01__rotation_angle_p10,./data/robustness/rotation/angle_p10/normalized_32x32/3/3_3_02_0ace0337_r03c01__rotation_angle_p10.npy,3,3,1,0.9992002432894885,-5.322054386138916,-4.898792266845703,-4.481677055358887,7.350489139556885,-5.586739540100098,-0.23775596916675568,-6.117183685302734,-3.72091007232666,-1.0405735969543457,-2.9814231395721436,rotation,+10deg
3_3_02_0ace0337_r03c02__rotation_angle_p10,./data/robustness/rotation/angle_p10/normalized_32x32/3/3_3_02_0ace0337_r03c02__rotation_angle_p10.npy,3,3,1,0.8937312922234079,-2.261033773422241,-3.6098105907440186,-4.073867321014404,3.282214641571045,-2.380098342895508,-1.2277278900146484,-6.955618858337402,-0.3996202349662781,-3.7839794158935547,0.6621290445327759,rotation,+10deg
3_3_02_0ace0337_r03c03__rotation_angle_p10,./data/robustness/rotation/angle_p10/normalized_32x32/3/3_3_02_0ace0337_r03c03__rotation_angle_p10.npy,3,3,1,0.5851954716890588,-3.013051986694336,-2.6379635334014893,-5.399583339691162,2.5038702487945557,-1.9303332567214966,-2.6169064044952393,-8.412734031677246,1.842183232307434,-6.716691970825195,0.7000155448913574,rotation,+10deg
3_3_02_0ace0337_r03c04__rotation_angle_p10,./data/robustness/rotation/angle_p10/normalized_32x32/3/3_3_02_0ace0337_r03c04__rotation_angle_p10.npy,3,3,1,0.9862453374873967,-4.1858110427856445,-2.3570821285247803,-2.168271064758301,4.571894645690918,-3.117684841156006,-1.3002854585647583,-6.724765777587891,-0.8562430143356323,-3.663994789123535,-1.0316320657730103,rotation,+10deg
3_3_02_0ace0337_r04c01__rotation_angle_p10,./data/robustness/rotation/angle_p10/normalized_32x32/3/3_3_02_0ace0337_r04c01__rotation_angle_p10.npy,3,3,1,0.9556622929907227,-4.762317657470703,-3.2673416137695312,-4.144629955291748,4.491004943847656,-2.42547869682312,-1.4475092887878418,-7.336953639984131,1.0963627099990845,-4.305539131164551,-0.29379844665527344,rotation,+10deg
3_3_02_0ace0337_r04c02__rotation_angle_p10,./data/robustness/rotation/angle_p10/normalized_32x32/3/3_3_02_0ace0337_r04c02__rotation_angle_p10.npy,3,3,1,0.9990921309946379,-4.955644130706787,-5.576849937438965,-2.6430976390838623,7.395272254943848,-4.589616775512695,0.045906148850917816,-5.194180011749268,-2.898409605026245,-1.2927168607711792,-5.237687587738037,rotation,+10deg
3_3_02_0ace0337_r04c03__rotation_angle_p10,./data/robustness/rotation/angle_p10/normalized_32x32/3/3_3_02_0ace0337_r04c03__rotation_angle_p10.npy,3,3,1,0.9994232464987085,-5.410329341888428,-4.360137939453125,-2.616504192352295,7.723662853240967,-6.042326927185059,0.10892074555158615,-6.121983051300049,-2.8828554153442383,-3.4232208728790283,-5.0526227951049805,rotation,+10deg
3_3_02_0ace0337_r04c04__rotation_angle_p10,./data/robustness/rotation/angle_p10/normalized_32x32/3/3_3_02_0ace0337_r04c04__rotation_angle_p10.npy,3,1,0,0.5295380540128511,-2.2115495204925537,2.0730671882629395,-2.4064993858337402,-3.184567451477051,0.5311907529830933,-1.5890891551971436,-4.312739849090576,0.9269275665283203,-1.929701328277588,0.8024042248725891,rotation,+10deg
4_4_01_ecfe458e_r01c01__rotation_angle_p10,./data/robustness/rotation/angle_p10/normalized_32x32/4/4_4_01_ecfe458e_r01c01__rotation_angle_p10.npy,4,4,1,0.9845270870535294,-3.589688539505005,-1.3766248226165771,-2.420070171356201,-2.9045283794403076,5.001061916351318,-2.1778011322021484,-4.293847560882568,-4.206478595733643,-1.5941481590270996,0.4487183094024658,rotation,+10deg
4_4_01_ecfe458e_r01c02__rotation_angle_p10,./data/robustness/rotation/angle_p10/normalized_32x32/4/4_4_01_ecfe458e_r01c02__rotation_angle_p10.npy,4,4,1,0.999961539219553,-5.492580413818359,-1.053391456604004,-3.941263198852539,-7.876920223236084,10.428427696228027,-6.023866176605225,-3.04439115524292,-3.459733247756958,-5.094488620758057,-0.17433898150920868,rotation,+10deg
4_4_01_ecfe458e_r01c03__rotation_angle_p10,./data/robustness/rotation/angle_p10/normalized_32x32/4/4_4_01_ecfe458e_r01c03__rotation_angle_p10.npy,4,4,1,0.9996125592944262,-5.466979503631592,-0.27997106313705444,-5.521672248840332,-9.01758098602295,8.35899543762207,-4.954600811004639,-2.4437780380249023,-4.1396660804748535,-0.5508973598480225,-1.5896295309066772,rotation,+10deg
4_4_01_ecfe458e_r01c04__rotation_angle_p10,./data/robustness/rotation/angle_p10/normalized_32x32/4/4_4_01_ecfe458e_r01c04__rotation_angle_p10.npy,4,4,1,0.9999997648048236,-5.347595691680908,-4.964285850524902,-6.861664295196533,-9.657337188720703,13.210286140441895,-4.452725887298584,-3.3966922760009766,-3.283421277999878,-5.476919174194336,-3.549497127532959,rotation,+10deg
4_4_01_ecfe458e_r02c01__rotation_angle_p10,./data/robustness/rotation/angle_p10/normalized_32x32/4/4_4_01_ecfe458e_r02c01__rotation_angle_p10.npy,4,4,1,0.9999984060802798,-7.8367085456848145,-2.2811355590820312,-1.8571044206619263,-6.885384559631348,12.387103080749512,-2.5576424598693848,-6.216822624206543,-5.359330654144287,-7.831877708435059,-3.27665638923645,rotation,+10deg
4_4_01_ecfe458e_r02c02__rotation_angle_p10,./data/robustness/rotation/angle_p10/normalized_32x32/4/4_4_01_ecfe458e_r02c02__rotation_angle_p10.npy,4,4,1,0.9999763435436423,-5.729807376861572,-3.0688138008117676,-4.446688652038574,-7.534577369689941,10.115068435668945,-1.5045889616012573,-4.951371669769287,-7.129383087158203,-1.4081531763076782,-3.0350406169891357,rotation,+10deg
4_4_01_ecfe458e_r02c03__rotation_angle_p10,./data/robustness/rotation/angle_p10/normalized_32x32/4/4_4_01_ecfe458e_r02c03__rotation_angle_p10.npy,4,4,1,0.9999986466866169,-6.674108982086182,-3.627840995788574,-6.225011825561523,-10.68337631225586,13.26960277557373,-1.8083025217056274,-5.915571212768555,-9.158401489257812,-0.5461418628692627,-4.798380374908447,rotation,+10deg
4_4_01_ecfe458e_r02c04__rotation_angle_p10,./data/robustness/rotation/angle_p10/normalized_32x32/4/4_4_01_ecfe458e_r02c04__rotation_angle_p10.npy,4,4,1,0.9999992730056062,-9.690215110778809,-3.3969502449035645,-6.100667953491211,-11.513117790222168,13.973499298095703,-6.579601287841797,-8.036089897155762,-6.498023986816406,-3.664794921875,-0.23977354168891907,rotation,+10deg
4_4_01_ecfe458e_r03c01__rotation_angle_p10,./data/robustness/rotation/angle_p10/normalized_32x32/4/4_4_01_ecfe458e_r03c01__rotation_angle_p10.npy,4,4,1,0.9491768792555818,-4.2132391929626465,-1.339470386505127,-3.8338611125946045,-4.371215343475342,5.691216468811035,0.15032321214675903,-4.92731237411499,-7.923356533050537,2.6653354167938232,-4.699098110198975,rotation,+10deg
4_4_01_ecfe458e_r03c02__rotation_angle_p10,./data/robustness/rotation/angle_p10/normalized_32x32/4/4_4_01_ecfe458e_r03c02__rotation_angle_p10.npy,4,4,1,0.9999959652828971,-7.49110746383667,-2.0780811309814453,-3.156437873840332,-7.830068111419678,11.199114799499512,-4.474226474761963,-7.623671054840088,-3.8863742351531982,-4.104794502258301,-2.561394214630127,rotation,+10deg
4_4_01_ecfe458e_r03c03__rotation_angle_p10,./data/robustness/rotation/angle_p10/normalized_32x32/4/4_4_01_ecfe458e_r03c03__rotation_angle_p10.npy,4,4,1,0.9999990132984887,-7.523275375366211,-2.580030918121338,-3.6286635398864746,-9.143738746643066,12.770166397094727,-1.7143162488937378,-6.964720249176025,-8.138344764709473,-2.8634111881256104,-5.197941780090332,rotation,+10deg
4_4_01_ecfe458e_r03c04__rotation_angle_p10,./data/robustness/rotation/angle_p10/normalized_32x32/4/4_4_01_ecfe458e_r03c04__rotation_angle_p10.npy,4,4,1,0.9999649483737247,-7.754063606262207,-1.7956640720367432,-3.795062780380249,-7.006746768951416,10.385770797729492,-5.52977180480957,-7.255418300628662,-2.355006456375122,-5.5136027336120605,-0.171833798289299,rotation,+10deg
4_4_01_ecfe458e_r04c01__rotation_angle_p10,./data/robustness/rotation/angle_p10/normalized_32x32/4/4_4_01_ecfe458e_r04c01__rotation_angle_p10.npy,4,9,0,0.5604134975521856,-5.883355140686035,-1.8212554454803467,-5.477648735046387,-4.148076057434082,4.740455627441406,-3.2664527893066406,-6.848814487457275,-2.7746479511260986,-3.371126413345337,4.986091613769531,rotation,+10deg
4_4_01_ecfe458e_r04c02__rotation_angle_p10,./data/robustness/rotation/angle_p10/normalized_32x32/4/4_4_01_ecfe458e_r04c02__rotation_angle_p10.npy,4,4,1,0.9999995498877746,-7.57777214050293,-1.2145836353302002,-3.3372416496276855,-11.566509246826172,13.744110107421875,-4.658483028411865,-6.9850029945373535,-9.045941352844238,-2.720249652862549,-4.6230854988098145,rotation,+10deg
4_4_01_ecfe458e_r04c03__rotation_angle_p10,./data/robustness/rotation/angle_p10/normalized_32x32/4/4_4_01_ecfe458e_r04c03__rotation_angle_p10.npy,4,4,1,0.9819993255980772,-8.402231216430664,-1.2732186317443848,-6.205052375793457,-7.629220008850098,8.335687637329102,-5.058061599731445,-8.592499732971191,-2.3507566452026367,-5.443214416503906,4.331406593322754,rotation,+10deg
4_4_01_ecfe458e_r04c04__rotation_angle_p10,./data/robustness/rotation/angle_p10/normalized_32x32/4/4_4_01_ecfe458e_r04c04__rotation_angle_p10.npy,4,4,1,0.999999168514261,-8.276117324829102,-2.095773696899414,-2.249450206756592,-8.124342918395996,12.697650909423828,-4.569392681121826,-8.619490623474121,-4.053840637207031,-5.795747756958008,-4.426634788513184,rotation,+10deg
4_4_02_b6e2cbed_r01c01__rotation_angle_p10,./data/robustness/rotation/angle_p10/normalized_32x32/4/4_4_02_b6e2cbed_r01c01__rotation_angle_p10.npy,4,4,1,0.9999838686322446,-8.40340518951416,-0.8340145349502563,0.1777215152978897,-8.217937469482422,11.708657264709473,-5.50163459777832,-8.113630294799805,-3.7682626247406006,-8.248750686645508,-1.187746286392212,rotation,+10deg
4_4_02_b6e2cbed_r01c02__rotation_angle_p10,./data/robustness/rotation/angle_p10/normalized_32x32/4/4_4_02_b6e2cbed_r01c02__rotation_angle_p10.npy,4,4,1,0.9584107104653257,-3.4076032638549805,-6.236413478851318,-6.258175849914551,-4.028332233428955,5.180575847625732,-0.19396474957466125,-5.962463855743408,-7.358377456665039,0.1942225992679596,1.726109504699707,rotation,+10deg
4_4_02_b6e2cbed_r01c03__rotation_angle_p10,./data/robustness/rotation/angle_p10/normalized_32x32/4/4_4_02_b6e2cbed_r01c03__rotation_angle_p10.npy,4,4,1,0.999997887534866,-8.324488639831543,-3.9707272052764893,-4.8892316818237305,-7.463269233703613,11.684524536132812,-1.9799566268920898,-8.206515312194824,-4.988485813140869,-3.883774518966675,-2.8498592376708984,rotation,+10deg
4_4_02_b6e2cbed_r01c04__rotation_angle_p10,./data/robustness/rotation/angle_p10/normalized_32x32/4/4_4_02_b6e2cbed_r01c04__rotation_angle_p10.npy,4,4,1,0.9999998032222092,-4.465203762054443,-5.049442291259766,-5.078153610229492,-8.992148399353027,13.187623977661133,-3.7975516319274902,-6.040356636047363,-4.978556156158447,-4.116052150726318,-3.4187347888946533,rotation,+10deg
4_4_02_b6e2cbed_r02c01__rotation_angle_p10,./data/robustness/rotation/angle_p10/normalized_32x32/4/4_4_02_b6e2cbed_r02c01__rotation_angle_p10.npy,4,4,1,0.99987925052732,-5.834571838378906,-2.0090768337249756,-2.155310869216919,-5.334714889526367,8.700739860534668,-1.0235507488250732,-5.765984535217285,-5.5242533683776855,-2.6247241497039795,-3.5456697940826416,rotation,+10deg
4_4_02_b6e2cbed_r02c02__rotation_angle_p10,./data/robustness/rotation/angle_p10/normalized_32x32/4/4_4_02_b6e2cbed_r02c02__rotation_angle_p10.npy,4,4,1,0.999244192387786,-5.286683559417725,-0.8359994888305664,-2.56117844581604,-5.1846160888671875,7.207004070281982,-2.116150140762329,-2.8925604820251465,-4.100635528564453,-1.2533730268478394,-3.8683741092681885,rotation,+10deg
4_4_02_b6e2cbed_r02c03__rotation_angle_p10,./data/robustness/rotation/angle_p10/normalized_32x32/4/4_4_02_b6e2cbed_r02c03__rotation_angle_p10.npy,4,4,1,0.9999516603397404,-6.337184906005859,0.6136810779571533,-1.222713589668274,-11.021345138549805,10.80759048461914,-4.397489547729492,-3.419879674911499,-7.223034858703613,-1.6194671392440796,-7.374907970428467,rotation,+10deg
4_4_02_b6e2cbed_r02c04__rotation_angle_p10,./data/robustness/rotation/angle_p10/normalized_32x32/4/4_4_02_b6e2cbed_r02c04__rotation_angle_p10.npy,4,4,1,0.999945542012545,-5.428959846496582,-4.958766460418701,-5.894954681396484,-7.208287239074707,10.251049041748047,-2.09728741645813,-7.61944055557251,-8.31104564666748,0.26707226037979126,-2.3294689655303955,rotation,+10deg
4_4_02_b6e2cbed_r03c01__rotation_angle_p10,./data/robustness/rotation/angle_p10/normalized_32x32/4/4_4_02_b6e2cbed_r03c01__rotation_angle_p10.npy,4,4,1,0.9908627670634628,-4.498315334320068,-2.0887625217437744,-5.503607749938965,-10.031989097595215,8.847127914428711,0.4381107687950134,-4.828048229217529,-10.196435928344727,4.134087085723877,-7.956135272979736,rotation,+10deg
4_4_02_b6e2cbed_r03c02__rotation_angle_p10,./data/robustness/rotation/angle_p10/normalized_32x32/4/4_4_02_b6e2cbed_r03c02__rotation_angle_p10.npy,4,4,1,0.9445264893955777,-8.667130470275879,-2.255908250808716,-5.743356227874756,-7.175694942474365,8.441484451293945,-6.215503692626953,-9.753731727600098,-2.9858250617980957,-5.576196193695068,5.6060991287231445,rotation,+10deg
4_4_02_b6e2cbed_r03c03__rotation_angle_p10,./data/robustness/rotation/angle_p10/normalized_32x32/4/4_4_02_b6e2cbed_r03c03__rotation_angle_p10.npy,4,4,1,0.995571226920937,-6.256836891174316,-2.3108842372894287,-4.914116382598877,-6.468364238739014,7.3088531494140625,-3.98612642288208,-5.845123291015625,-3.3536369800567627,-1.8693100214004517,1.8441932201385498,rotation,+10deg
4_4_02_b6e2cbed_r03c04__rotation_angle_p10,./data/robustness/rotation/angle_p10/normalized_32x32/4/4_4_02_b6e2cbed_r03c04__rotation_angle_p10.npy,4,4,1,0.9999997180030578,-8.828263282775879,-2.8324496746063232,-3.898728132247925,-9.092705726623535,13.597869873046875,-3.7722837924957275,-10.343544960021973,-8.059210777282715,-2.128978729248047,-5.270557880401611,rotation,+10deg
4_4_02_b6e2cbed_r04c01__rotation_angle_p10,./data/robustness/rotation/angle_p10/normalized_32x32/4/4_4_02_b6e2cbed_r04c01__rotation_angle_p10.npy,4,4,1,0.9999990529057557,-8.67599868774414,-3.1903235912323,-3.438197135925293,-8.915909767150879,12.487454414367676,-6.247954845428467,-9.770353317260742,-7.271629810333252,-2.3631460666656494,-2.5185494422912598,rotation,+10deg
4_4_02_b6e2cbed_r04c02__rotation_angle_p10,./data/robustness/rotation/angle_p10/normalized_32x32/4/4_4_02_b6e2cbed_r04c02__rotation_angle_p10.npy,4,4,1,0.9999999941737305,-8.619653701782227,-2.6859161853790283,-5.933956146240234,-14.053986549377441,16.944223403930664,-4.306460857391357,-9.2378511428833,-10.133034706115723,-3.197908878326416,-4.8737311363220215,rotation,+10deg
4_4_02_b6e2cbed_r04c03__rotation_angle_p10,./data/robustness/rotation/angle_p10/normalized_32x32/4/4_4_02_b6e2cbed_r04c03__rotation_angle_p10.npy,4,9,0,0.6472716914828653,-6.130250453948975,-2.5857605934143066,-5.6577887535095215,-5.1075897216796875,4.858397960662842,-3.514498710632324,-7.618776321411133,-0.9677008986473083,-4.7799506187438965,5.469383716583252,rotation,+10deg
4_4_02_b6e2cbed_r04c04__rotation_angle_p10,./data/robustness/rotation/angle_p10/normalized_32x32/4/4_4_02_b6e2cbed_r04c04__rotation_angle_p10.npy,4,4,1,0.9899067855408402,-5.458807468414307,-2.754532814025879,-3.7757322788238525,-6.136753082275391,6.421263694763184,-3.885554313659668,-5.587697505950928,-4.453442096710205,-1.1766327619552612,1.7632153034210205,rotation,+10deg
5_5_01_bb19e6ee_r01c01__rotation_angle_p10,./data/robustness/rotation/angle_p10/normalized_32x32/5/5_5_01_bb19e6ee_r01c01__rotation_angle_p10.npy,5,5,1,0.9995192273031077,-4.895928859710693,-4.354990005493164,-9.645593643188477,-1.5688650608062744,-5.766971588134766,7.9710693359375,-6.052097797393799,-4.631577491760254,-5.249711990356445,0.13438083231449127,rotation,+10deg
5_5_01_bb19e6ee_r01c02__rotation_angle_p10,./data/robustness/rotation/angle_p10/normalized_32x32/5/5_5_01_bb19e6ee_r01c02__rotation_angle_p10.npy,5,5,1,0.9130540331932436,-6.960667610168457,-5.694122791290283,-9.115427017211914,-0.9205138087272644,-3.0707149505615234,6.244690418243408,-8.522653579711914,-6.806243419647217,-5.2056756019592285,3.8838469982147217,rotation,+10deg
5_5_01_bb19e6ee_r01c03__rotation_angle_p10,./data/robustness/rotation/angle_p10/normalized_32x32/5/5_5_01_bb19e6ee_r01c03__rotation_angle_p10.npy,5,5,1,0.9960425573212802,-6.444693088531494,-6.544291019439697,-9.780797004699707,-1.9812755584716797,-5.032867431640625,8.157402992248535,-8.623452186584473,-6.416934967041016,-6.43799352645874,2.618265390396118,rotation,+10deg
5_5_01_bb19e6ee_r01c04__rotation_angle_p10,./data/robustness/rotation/angle_p10/normalized_32x32/5/5_5_01_bb19e6ee_r01c04__rotation_angle_p10.npy,5,5,1,0.9999930575700908,-10.469883918762207,-8.568885803222656,-17.042621612548828,-4.68941068649292,-10.776317596435547,14.018314361572266,-9.727306365966797,-9.945030212402344,-9.84921932220459,2.139333963394165,rotation,+10deg
5_5_01_bb19e6ee_r02c01__rotation_angle_p10,./data/robustness/rotation/angle_p10/normalized_32x32/5/5_5_01_bb19e6ee_r02c01__rotation_angle_p10.npy,5,5,1,0.9999280171940723,-7.2457075119018555,-6.020283222198486,-10.133186340332031,-0.7043410539627075,-3.6599037647247314,9.46647834777832,-5.900007724761963,-9.606914520263672,-3.647113800048828,-0.9733613133430481,rotation,+10deg
5_5_01_bb19e6ee_r02c02__rotation_angle_p10,./data/robustness/rotation/angle_p10/normalized_32x32/5/5_5_01_bb19e6ee_r02c02__rotation_angle_p10.npy,5,5,1,0.9985060138837563,-8.623231887817383,-9.184295654296875,-13.71513557434082,-3.562497854232788,-5.071490287780762,10.761835098266602,-9.023758888244629,-9.727453231811523,-6.753944396972656,4.256508827209473,rotation,+10deg
5_5_01_bb19e6ee_r02c03__rotation_angle_p10,./data/robustness/rotation/angle_p10/normalized_32x32/5/5_5_01_bb19e6ee_r02c03__rotation_angle_p10.npy,5,5,1,0.9999893503577354,-8.042773246765137,-1.733718991279602,-17.416513442993164,-2.8210103511810303,-12.534849166870117,10.509625434875488,-6.564483642578125,-6.426595687866211,-5.079153537750244,-1.9328019618988037,rotation,+10deg
5_5_01_bb19e6ee_r02c04__rotation_angle_p10,./data/robustness/rotation/angle_p10/normalized_32x32/5/5_5_01_bb19e6ee_r02c04__rotation_angle_p10.npy,5,5,1,0.9999993965197493,-5.306752681732178,-7.490845680236816,-18.96066665649414,-4.079906940460205,-14.164373397827148,13.227055549621582,-6.00494909286499,-9.05437183380127,-8.689579963684082,-1.1716173887252808,rotation,+10deg
5_5_01_bb19e6ee_r03c01__rotation_angle_p10,./data/robustness/rotation/angle_p10/normalized_32x32/5/5_5_01_bb19e6ee_r03c01__rotation_angle_p10.npy,5,5,1,0.9999990093200921,-10.053810119628906,-11.40777587890625,-15.820049285888672,-0.52802574634552,-10.489069938659668,13.919600486755371,-10.06816577911377,-12.210494995117188,-8.06998062133789,-0.6750158071517944,rotation,+10deg
5_5_01_bb19e6ee_r03c02__rotation_angle_p10,./data/robustness/rotation/angle_p10/normalized_32x32/5/5_5_01_bb19e6ee_r03c02__rotation_angle_p10.npy,5,5,1,0.999993120893056,-5.356411933898926,-9.530282974243164,-15.703144073486328,-1.1535608768463135,-6.240138053894043,11.5003023147583,-4.404394626617432,-8.32234001159668,-3.613285541534424,-1.1469459533691406,rotation,+10deg
5_5_01_bb19e6ee_r03c03__rotation_angle_p10,./data/robustness/rotation/angle_p10/normalized_32x32/5/5_5_01_bb19e6ee_r03c03__rotation_angle_p10.npy,5,5,1,0.9999999864536104,-8.904377937316895,-9.908821105957031,-23.304182052612305,-4.541543960571289,-10.022499084472656,16.599990844726562,-8.211915016174316,-6.577381134033203,-6.395167827606201,-1.5841811895370483,rotation,+10deg
5_5_01_bb19e6ee_r03c04__rotation_angle_p10,./data/robustness/rotation/angle_p10/normalized_32x32/5/5_5_01_bb19e6ee_r03c04__rotation_angle_p10.npy,5,5,1,0.9999979949260775,-9.915626525878906,-13.673152923583984,-22.82404327392578,-5.213336944580078,-8.40466594696045,16.474761962890625,-9.570197105407715,-12.978982925415039,-7.823566436767578,3.3547182083129883,rotation,+10deg
5_5_01_bb19e6ee_r04c01__rotation_angle_p10,./data/robustness/rotation/angle_p10/normalized_32x32/5/5_5_01_bb19e6ee_r04c01__rotation_angle_p10.npy,5,5,1,0.9999109351061349,-3.819652557373047,-7.055783748626709,-11.824617385864258,-2.7012877464294434,-4.485494136810303,9.286160469055176,-5.310576438903809,-5.85261344909668,-7.046598434448242,-0.1613287329673767,rotation,+10deg
5_5_01_bb19e6ee_r04c02__rotation_angle_p10,./data/robustness/rotation/angle_p10/normalized_32x32/5/5_5_01_bb19e6ee_r04c02__rotation_angle_p10.npy,5,5,1,0.9999988482100252,-7.961618423461914,-9.595747947692871,-20.972990036010742,-3.6529152393341064,-7.100406169891357,13.9847993850708,-8.184535026550293,-5.761137008666992,-6.746449947357178,0.28705304861068726,rotation,+10deg
5_5_01_bb19e6ee_r04c03__rotation_angle_p10,./data/robustness/rotation/angle_p10/normalized_32x32/5/5_5_01_bb19e6ee_r04c03__rotation_angle_p10.npy,5,5,1,0.9999999971317892,-11.169331550598145,-11.891670227050781,-25.762020111083984,-5.588008403778076,-8.355451583862305,17.37847137451172,-10.061665534973145,-5.692971706390381,-5.540402889251709,-2.409960985183716,rotation,+10deg
5_5_01_bb19e6ee_r04c04__rotation_angle_p10,./data/robustness/rotation/angle_p10/normalized_32x32/5/5_5_01_bb19e6ee_r04c04__rotation_angle_p10.npy,5,5,1,0.9999980013867392,-5.409407138824463,-10.23116397857666,-15.575227737426758,-1.7637416124343872,-5.831532001495361,11.737525939941406,-5.72163724899292,-6.051462650299072,-2.7448253631591797,-6.531579494476318,rotation,+10deg
5_5_02_f20420ee_r01c01__rotation_angle_p10,./data/robustness/rotation/angle_p10/normalized_32x32/5/5_5_02_f20420ee_r01c01__rotation_angle_p10.npy,5,5,1,0.9578545928495803,-2.7880091667175293,-5.262143135070801,-5.589573860168457,1.8638701438903809,-4.4396467208862305,5.070611000061035,-5.3285393714904785,-4.610098361968994,-3.1634740829467773,-0.8676727414131165,rotation,+10deg
5_5_02_f20420ee_r01c02__rotation_angle_p10,./data/robustness/rotation/angle_p10/normalized_32x32/5/5_5_02_f20420ee_r01c02__rotation_angle_p10.npy,5,5,1,0.9996055067403926,-6.545912265777588,-5.721179008483887,-10.116169929504395,-1.607285737991333,-4.549124240875244,8.836721420288086,-6.205326557159424,-6.882791519165039,-5.020246982574463,0.9125726222991943,rotation,+10deg
5_5_02_f20420ee_r01c03__rotation_angle_p10,./data/robustness/rotation/angle_p10/normalized_32x32/5/5_5_02_f20420ee_r01c03__rotation_angle_p10.npy,5,5,1,0.9997870912939133,-6.9970197677612305,-0.5824483633041382,-18.37897491455078,-4.248507499694824,-11.717583656311035,8.58100414276123,-4.391268253326416,-2.9449191093444824,-5.495841026306152,-0.7090809941291809,rotation,+10deg
5_5_02_f20420ee_r01c04__rotation_angle_p10,./data/robustness/rotation/angle_p10/normalized_32x32/5/5_5_02_f20420ee_r01c04__rotation_angle_p10.npy,5,5,1,0.9995260187364684,-4.602602005004883,-6.162644863128662,-9.537898063659668,-0.3329056203365326,-4.061607837677002,8.250575065612793,-5.241722583770752,-6.718940258026123,-3.666073799133301,0.03709159791469574,rotation,+10deg
5_5_02_f20420ee_r02c01__rotation_angle_p10,./data/robustness/rotation/angle_p10/normalized_32x32/5/5_5_02_f20420ee_r02c01__rotation_angle_p10.npy,5,5,1,0.9999952819464123,-6.862502098083496,-9.08032512664795,-15.77613639831543,-3.9062814712524414,-8.575972557067871,12.74992847442627,-7.56209135055542,-7.397982120513916,-9.46830940246582,0.47177213430404663,rotation,+10deg
5_5_02_f20420ee_r02c02__rotation_angle_p10,./data/robustness/rotation/angle_p10/normalized_32x32/5/5_5_02_f20420ee_r02c02__rotation_angle_p10.npy,5,5,1,0.9996804078785032,-5.849793434143066,-6.399898052215576,-12.801871299743652,1.194118857383728,-7.483957767486572,9.334173202514648,-6.248204231262207,-8.241032600402832,-1.7736883163452148,-1.960936188697815,rotation,+10deg
5_5_02_f20420ee_r02c03__rotation_angle_p10,./data/robustness/rotation/angle_p10/normalized_32x32/5/5_5_02_f20420ee_r02c03__rotation_angle_p10.npy,5,5,1,0.9936735011939519,-8.439870834350586,1.3582853078842163,-14.912595748901367,-0.1931985765695572,-16.01426887512207,6.612524509429932,-7.043388843536377,-5.285645008087158,-4.6300129890441895,-4.66395378112793,rotation,+10deg
5_5_02_f20420ee_r02c04__rotation_angle_p10,./data/robustness/rotation/angle_p10/normalized_32x32/5/5_5_02_f20420ee_r02c04__rotation_angle_p10.npy,5,5,1,0.6205472614282728,-10.99334716796875,4.401711463928223,-18.127859115600586,-4.677975177764893,-15.322151184082031,4.898069858551025,-9.17010498046875,-1.8376582860946655,-3.850970983505249,-1.7314670085906982,rotation,+10deg
5_5_02_f20420ee_r03c01__rotation_angle_p10,./data/robustness/rotation/angle_p10/normalized_32x32/5/5_5_02_f20420ee_r03c01__rotation_angle_p10.npy,5,5,1,0.9999653702240845,-9.262731552124023,-11.17915153503418,-19.757305145263672,-3.130187511444092,-11.457905769348145,13.662740707397461,-10.11386489868164,-11.876631736755371,-7.195990085601807,3.3904762268066406,rotation,+10deg
5_5_02_f20420ee_r03c02__rotation_angle_p10,./data/robustness/rotation/angle_p10/normalized_32x32/5/5_5_02_f20420ee_r03c02__rotation_angle_p10.npy,5,5,1,0.9999999886516814,-9.337336540222168,-12.755744934082031,-19.062545776367188,-0.6991056799888611,-14.192998886108398,17.613000869750977,-8.510099411010742,-13.189417839050293,-9.86095905303955,-4.751928329467773,rotation,+10deg
5_5_02_f20420ee_r03c03__rotation_angle_p10,./data/robustness/rotation/angle_p10/normalized_32x32/5/5_5_02_f20420ee_r03c03__rotation_angle_p10.npy,5,5,1,0.999999933193854,-8.030769348144531,-10.686285018920898,-21.521207809448242,-4.121799468994141,-11.319190979003906,16.691089630126953,-8.749144554138184,-9.375679969787598,-9.413660049438477,0.1552523970603943,rotation,+10deg
5_5_02_f20420ee_r03c04__rotation_angle_p10,./data/robustness/rotation/angle_p10/normalized_32x32/5/5_5_02_f20420ee_r03c04__rotation_angle_p10.npy,5,5,1,0.9999967592928294,-8.110553741455078,-10.24760913848877,-17.081567764282227,-3.3257439136505127,-9.868288040161133,13.964752197265625,-8.691186904907227,-10.026379585266113,-9.599987030029297,1.31525719165802,rotation,+10deg
5_5_02_f20420ee_r04c01__rotation_angle_p10,./data/robustness/rotation/angle_p10/normalized_32x32/5/5_5_02_f20420ee_r04c01__rotation_angle_p10.npy,5,5,1,0.9999999725457293,-9.570538520812988,-11.578204154968262,-19.4433536529541,-3.3299789428710938,-13.575222969055176,16.76991081237793,-10.083475112915039,-10.61182689666748,-12.282628059387207,-0.7114986181259155,rotation,+10deg
5_5_02_f20420ee_r04c02__rotation_angle_p10,./data/robustness/rotation/angle_p10/normalized_32x32/5/5_5_02_f20420ee_r04c02__rotation_angle_p10.npy,5,5,1,0.9999992156145552,-9.274458885192871,-9.651497840881348,-16.554738998413086,-0.12602370977401733,-8.875090599060059,13.982099533081055,-7.310365676879883,-10.768445014953613,-5.171691417694092,-3.261937141418457,rotation,+10deg
5_5_02_f20420ee_r04c03__rotation_angle_p10,./data/robustness/rotation/angle_p10/normalized_32x32/5/5_5_02_f20420ee_r04c03__rotation_angle_p10.npy,5,5,1,0.9999996043354928,-10.413390159606934,-11.041190147399902,-15.842859268188477,-0.48943737149238586,-10.330560684204102,14.491104125976562,-9.483497619628906,-11.806905746459961,-7.362099647521973,-1.8091613054275513,rotation,+10deg
5_5_02_f20420ee_r04c04__rotation_angle_p10,./data/robustness/rotation/angle_p10/normalized_32x32/5/5_5_02_f20420ee_r04c04__rotation_angle_p10.npy,5,5,1,0.9999996303431663,-8.974732398986816,-10.983171463012695,-19.955547332763672,-4.133945941925049,-7.007687568664551,14.750920295715332,-7.927404880523682,-8.240510940551758,-6.910919666290283,-0.07980996370315552,rotation,+10deg
6_6_01_52f5f834_r01c01__rotation_angle_p10,./data/robustness/rotation/angle_p10/normalized_32x32/6/6_6_01_52f5f834_r01c01__rotation_angle_p10.npy,6,6,1,0.9901753753493326,-0.050045132637023926,-4.389716148376465,-4.038272857666016,-4.034872531890869,-1.8941105604171753,1.3808112144470215,6.248244285583496,-6.4852399826049805,-6.588458061218262,-7.89168643951416,rotation,+10deg
6_6_01_52f5f834_r01c02__rotation_angle_p10,./data/robustness/rotation/angle_p10/normalized_32x32/6/6_6_01_52f5f834_r01c02__rotation_angle_p10.npy,6,5,0,0.6697436532425987,-0.16468214988708496,-3.6044600009918213,-6.378851413726807,-3.2256417274475098,-3.434194326400757,3.2441678047180176,2.432572364807129,-4.061432361602783,-1.6448791027069092,-2.342988967895508,rotation,+10deg
6_6_01_52f5f834_r01c03__rotation_angle_p10,./data/robustness/rotation/angle_p10/normalized_32x32/6/6_6_01_52f5f834_r01c03__rotation_angle_p10.npy,6,6,1,0.9990366240042834,-1.0480761528015137,-8.272980690002441,-11.115484237670898,-8.484107971191406,-4.662295818328857,5.145984649658203,12.092185020446777,-14.474176406860352,-9.791820526123047,-13.061944007873535,rotation,+10deg
6_6_01_52f5f834_r01c04__rotation_angle_p10,./data/robustness/rotation/angle_p10/normalized_32x32/6/6_6_01_52f5f834_r01c04__rotation_angle_p10.npy,6,6,1,0.9999899206326955,-0.5760263204574585,-8.425415992736816,-5.74733829498291,-5.615015983581543,-3.685587167739868,-0.2035149335861206,11.84949779510498,-13.064225196838379,-6.773911952972412,-15.367389678955078,rotation,+10deg
6_6_01_52f5f834_r02c01__rotation_angle_p10,./data/robustness/rotation/angle_p10/normalized_32x32/6/6_6_01_52f5f834_r02c01__rotation_angle_p10.npy,6,6,1,0.902830134064199,-0.6649171113967896,-3.878042459487915,-3.281096935272217,-3.9223246574401855,-2.613619089126587,2.7078754901885986,4.980727195739746,-5.705965995788574,-6.307894706726074,-8.012858390808105,rotation,+10deg
6_6_01_52f5f834_r02c02__rotation_angle_p10,./data/robustness/rotation/angle_p10/normalized_32x32/6/6_6_01_52f5f834_r02c02__rotation_angle_p10.npy,6,6,1,0.9781621249916334,-1.1313421726226807,-6.790092468261719,-5.232287406921387,-3.720050573348999,-3.810839891433716,3.9189510345458984,7.7284159660339355,-9.509891510009766,-8.337947845458984,-12.119741439819336,rotation,+10deg
6_6_01_52f5f834_r02c03__rotation_angle_p10,./data/robustness/rotation/angle_p10/normalized_32x32/6/6_6_01_52f5f834_r02c03__rotation_angle_p10.npy,6,6,1,0.9999878421137591,1.3520917892456055,-9.784520149230957,-8.321961402893066,-6.753334999084473,-4.550942420959473,0.817674994468689,13.132795333862305,-12.736603736877441,-11.691686630249023,-16.26691246032715,rotation,+10deg
6_6_01_52f5f834_r02c04__rotation_angle_p10,./data/robustness/rotation/angle_p10/normalized_32x32/6/6_6_01_52f5f834_r02c04__rotation_angle_p10.npy,6,6,1,0.9956098193941008,-1.4754565954208374,-4.968052387237549,-6.580915927886963,-6.25809383392334,-1.6148364543914795,3.3043465614318848,8.744295120239258,-10.223020553588867,-8.163848876953125,-11.597935676574707,rotation,+10deg
6_6_01_52f5f834_r03c01__rotation_angle_p10,./data/robustness/rotation/angle_p10/normalized_32x32/6/6_6_01_52f5f834_r03c01__rotation_angle_p10.npy,6,6,1,0.9997532596765178,1.2606738805770874,-5.401716232299805,-12.35322380065918,-8.976089477539062,-7.255706310272217,1.8163472414016724,10.577265739440918,-9.406238555908203,-9.27131175994873,-13.244611740112305,rotation,+10deg
6_6_01_52f5f834_r03c02__rotation_angle_p10,./data/robustness/rotation/angle_p10/normalized_32x32/6/6_6_01_52f5f834_r03c02__rotation_angle_p10.npy,6,6,1,0.9961725972070082,2.827075958251953,-7.954976558685303,-7.380736827850342,-5.34384822845459,-4.826149940490723,1.6199662685394287,8.651225090026855,-9.723536491394043,-5.774524211883545,-9.78172779083252,rotation,+10deg
6_6_01_52f5f834_r03c03__rotation_angle_p10,./data/robustness/rotation/angle_p10/normalized_32x32/6/6_6_01_52f5f834_r03c03__rotation_angle_p10.npy,6,6,1,0.9977140665956008,1.8877019882202148,-6.055160999298096,-7.94561767578125,-5.039085388183594,-4.132474899291992,1.599442720413208,8.528009414672852,-9.101861000061035,-7.497002601623535,-9.217423439025879,rotation,+10deg
6_6_01_52f5f834_r03c04__rotation_angle_p10,./data/robustness/rotation/angle_p10/normalized_32x32/6/6_6_01_52f5f834_r03c04__rotation_angle_p10.npy,6,6,1,0.9997087299870868,1.755859375,-7.222258567810059,-11.318547248840332,-6.94350004196167,-6.061547756195068,2.0542027950286865,10.750565528869629,-9.888236999511719,-7.717482566833496,-13.737128257751465,rotation,+10deg
6_6_01_52f5f834_r04c01__rotation_angle_p10,./data/robustness/rotation/angle_p10/normalized_32x32/6/6_6_01_52f5f834_r04c01__rotation_angle_p10.npy,6,6,1,0.9999700073838111,1.0795172452926636,-5.182119369506836,-10.385560989379883,-9.16747760772705,-4.794948577880859,-0.042168647050857544,11.779629707336426,-10.79344654083252,-9.155826568603516,-14.097811698913574,rotation,+10deg
6_6_01_52f5f834_r04c02__rotation_angle_p10,./data/robustness/rotation/angle_p10/normalized_32x32/6/6_6_01_52f5f834_r04c02__rotation_angle_p10.npy,6,6,1,0.9981387709520054,-1.0394854545593262,-5.621232986450195,-12.143228530883789,-7.922414779663086,-6.141498565673828,4.174844741821289,10.465020179748535,-11.753937721252441,-8.613940238952637,-13.0537109375,rotation,+10deg
6_6_01_52f5f834_r04c03__rotation_angle_p10,./data/robustness/rotation/angle_p10/normalized_32x32/6/6_6_01_52f5f834_r04c03__rotation_angle_p10.npy,6,6,1,0.9957894720249564,0.21309411525726318,-8.477035522460938,-11.071931838989258,-5.711389064788818,-8.710046768188477,4.344206809997559,9.826269149780273,-13.04002571105957,-4.600668430328369,-8.969785690307617,rotation,+10deg
6_6_01_52f5f834_r04c04__rotation_angle_p10,./data/robustness/rotation/angle_p10/normalized_32x32/6/6_6_01_52f5f834_r04c04__rotation_angle_p10.npy,6,6,1,0.960915068578573,5.00040864944458,-8.392792701721191,-12.960624694824219,-6.2225446701049805,-10.291017532348633,1.3586933612823486,8.228452682495117,-7.3844895362854,-7.601822376251221,-7.661329746246338,rotation,+10deg
6_6_02_ad596076_r01c01__rotation_angle_p10,./data/robustness/rotation/angle_p10/normalized_32x32/6/6_6_02_ad596076_r01c01__rotation_angle_p10.npy,6,6,1,0.9981934580744249,-1.4040322303771973,-5.978096008300781,-2.418074131011963,-3.741804838180542,-2.174494504928589,1.1327366828918457,7.590018272399902,-7.804947853088379,-6.682287216186523,-10.378532409667969,rotation,+10deg
6_6_02_ad596076_r01c02__rotation_angle_p10,./data/robustness/rotation/angle_p10/normalized_32x32/6/6_6_02_ad596076_r01c02__rotation_angle_p10.npy,6,6,1,0.7734836764274937,-3.5373353958129883,2.7100841999053955,-2.8877854347229004,-6.731540203094482,0.6327393054962158,-0.902081310749054,4.086965560913086,-4.448036193847656,-3.7342634201049805,-6.61159086227417,rotation,+10deg
6_6_02_ad596076_r01c03__rotation_angle_p10,./data/robustness/rotation/angle_p10/normalized_32x32/6/6_6_02_ad596076_r01c03__rotation_angle_p10.npy,6,6,1,0.9999848965078247,-0.9049603343009949,-8.272403717041016,-8.123934745788574,-7.980162620544434,-4.235682010650635,1.5231534242630005,12.711363792419434,-13.553534507751465,-8.53170394897461,-15.22765827178955,rotation,+10deg
6_6_02_ad596076_r01c04__rotation_angle_p10,./data/robustness/rotation/angle_p10/normalized_32x32/6/6_6_02_ad596076_r01c04__rotation_angle_p10.npy,6,6,1,0.9999987733252665,0.6650302410125732,-11.426314353942871,-6.909128189086914,-6.459503173828125,-5.039089202880859,-0.43040382862091064,14.568195343017578,-13.658390998840332,-12.613901138305664,-19.355073928833008,rotation,+10deg
6_6_02_ad596076_r02c01__rotation_angle_p10,./data/robustness/rotation/angle_p10/normalized_32x32/6/6_6_02_ad596076_r02c01__rotation_angle_p10.npy,6,6,1,0.958811825438717,0.5572920441627502,-6.176843643188477,-7.302245140075684,-4.236377716064453,-5.9304118156433105,3.8982295989990234,7.081053733825684,-8.482635498046875,-5.34635066986084,-8.900721549987793,rotation,+10deg
6_6_02_ad596076_r02c02__rotation_angle_p10,./data/robustness/rotation/angle_p10/normalized_32x32/6/6_6_02_ad596076_r02c02__rotation_angle_p10.npy,6,6,1,0.9999678698135305,0.9435188174247742,-7.0345869064331055,-8.191308975219727,-7.899362564086914,-3.2183666229248047,0.5834064483642578,11.827935218811035,-10.576269149780273,-8.876581192016602,-14.596654891967773,rotation,+10deg
6_6_02_ad596076_r02c03__rotation_angle_p10,./data/robustness/rotation/angle_p10/normalized_32x32/6/6_6_02_ad596076_r02c03__rotation_angle_p10.npy,6,6,1,0.9999701099140748,0.745181679725647,-9.727153778076172,-6.954667091369629,-6.6222381591796875,-4.025643348693848,1.5191097259521484,12.319348335266113,-12.567656517028809,-10.030492782592773,-15.457719802856445,rotation,+10deg
6_6_02_ad596076_r02c04__rotation_angle_p10,./data/robustness/rotation/angle_p10/normalized_32x32/6/6_6_02_ad596076_r02c04__rotation_angle_p10.npy,6,6,1,0.9998427987338708,-1.3816804885864258,-5.594761848449707,-4.996135711669922,-6.417595863342285,-0.1223931610584259,0.8729050159454346,10.022534370422363,-10.080612182617188,-9.31811237335205,-13.731700897216797,rotation,+10deg
6_6_02_ad596076_r03c01__rotation_angle_p10,./data/robustness/rotation/angle_p10/normalized_32x32/6/6_6_02_ad596076_r03c01__rotation_angle_p10.npy,6,6,1,0.9999581374307558,2.6027090549468994,-9.741558074951172,-7.436479568481445,-7.700209617614746,-5.702320575714111,0.13681107759475708,12.765609741210938,-12.294135093688965,-10.057601928710938,-16.017452239990234,rotation,+10deg
6_6_02_ad596076_r03c02__rotation_angle_p10,./data/robustness/rotation/angle_p10/normalized_32x32/6/6_6_02_ad596076_r03c02__rotation_angle_p10.npy,6,6,1,0.9747385413884242,6.818289756774902,-7.17329216003418,-13.28115463256836,-9.466959953308105,-7.274312496185303,-1.6782113313674927,10.471385955810547,-7.062955379486084,-12.262763023376465,-13.76905632019043,rotation,+10deg
6_6_02_ad596076_r03c03__rotation_angle_p10,./data/robustness/rotation/angle_p10/normalized_32x32/6/6_6_02_ad596076_r03c03__rotation_angle_p10.npy,6,6,1,0.999759297555834,2.6291139125823975,-5.763169288635254,-10.810638427734375,-8.61491584777832,-4.336484909057617,0.48690861463546753,11.072895050048828,-8.721031188964844,-10.571261405944824,-13.820040702819824,rotation,+10deg
6_6_02_ad596076_r03c04__rotation_angle_p10,./data/robustness/rotation/angle_p10/normalized_32x32/6/6_6_02_ad596076_r03c04__rotation_angle_p10.npy,6,0,0,0.6046978358341625,5.193639278411865,-6.0361528396606445,-13.126720428466797,-6.378044605255127,-9.507767677307129,0.6436034440994263,4.7516350746154785,-2.7602381706237793,-5.9474029541015625,-5.860818862915039,rotation,+10deg
6_6_02_ad596076_r04c01__rotation_angle_p10,./data/robustness/rotation/angle_p10/normalized_32x32/6/6_6_02_ad596076_r04c01__rotation_angle_p10.npy,6,6,1,0.9992132718925159,0.29320579767227173,-6.349475860595703,-7.700404644012451,-6.019570350646973,-3.2336111068725586,2.1509268283843994,9.447196006774902,-8.964667320251465,-11.258044242858887,-13.265686988830566,rotation,+10deg
6_6_02_ad596076_r04c02__rotation_angle_p10,./data/robustness/rotation/angle_p10/normalized_32x32/6/6_6_02_ad596076_r04c02__rotation_angle_p10.npy,6,6,1,0.999882977593309,4.374110698699951,-6.918027400970459,-14.603215217590332,-10.916934967041016,-7.1465864181518555,0.25052404403686523,13.443218231201172,-10.406726837158203,-12.784089088439941,-16.291696548461914,rotation,+10deg
6_6_02_ad596076_r04c03__rotation_angle_p10,./data/robustness/rotation/angle_p10/normalized_32x32/6/6_6_02_ad596076_r04c03__rotation_angle_p10.npy,6,6,1,0.9994829980062766,2.5916523933410645,-8.87448501586914,-10.97414779663086,-6.419467449188232,-8.287949562072754,2.251746654510498,10.696281433105469,-11.793169975280762,-7.461902618408203,-11.583110809326172,rotation,+10deg
6_6_02_ad596076_r04c04__rotation_angle_p10,./data/robustness/rotation/angle_p10/normalized_32x32/6/6_6_02_ad596076_r04c04__rotation_angle_p10.npy,6,6,1,0.9996704361541806,1.2342485189437866,-9.594120025634766,-10.167227745056152,-6.476785182952881,-7.791680812835693,2.965898036956787,11.146608352661133,-14.479878425598145,-5.178498268127441,-11.365396499633789,rotation,+10deg
7_7_01_254ebf4a_r01c01__rotation_angle_p10,./data/robustness/rotation/angle_p10/normalized_32x32/7/7_7_01_254ebf4a_r01c01__rotation_angle_p10.npy,7,7,1,0.9660338998962222,-5.458456516265869,0.932289183139801,-0.7006595134735107,-2.1273508071899414,-1.6445897817611694,-3.9743547439575195,-7.2668681144714355,4.721210956573486,-3.0110676288604736,-0.6408469080924988,rotation,+10deg
7_7_01_254ebf4a_r01c02__rotation_angle_p10,./data/robustness/rotation/angle_p10/normalized_32x32/7/7_7_01_254ebf4a_r01c02__rotation_angle_p10.npy,7,7,1,0.9738626248006442,-7.146803855895996,2.0753984451293945,-1.834251880645752,-3.3085832595825195,-2.020888328552246,-6.40668249130249,-9.937299728393555,5.817258834838867,-3.342644453048706,-0.37862199544906616,rotation,+10deg
7_7_01_254ebf4a_r01c03__rotation_angle_p10,./data/robustness/rotation/angle_p10/normalized_32x32/7/7_7_01_254ebf4a_r01c03__rotation_angle_p10.npy,7,7,1,0.9999257841171102,-10.458465576171875,-0.1373668909072876,-3.863774299621582,-4.615253925323486,-2.0206010341644287,-8.043451309204102,-13.703165054321289,9.74323844909668,-6.191583156585693,-1.4822818040847778,rotation,+10deg
7_7_01_254ebf4a_r01c04__rotation_angle_p10,./data/robustness/rotation/angle_p10/normalized_32x32/7/7_7_01_254ebf4a_r01c04__rotation_angle_p10.npy,7,7,1,0.9993787837223039,-8.956833839416504,-2.6126186847686768,-3.824791669845581,-5.471068859100342,0.5153532028198242,-9.152420043945312,-11.992340087890625,8.629149436950684,-4.685585975646973,0.5265785455703735,rotation,+10deg
7_7_01_254ebf4a_r02c01__rotation_angle_p10,./data/robustness/rotation/angle_p10/normalized_32x32/7/7_7_01_254ebf4a_r02c01__rotation_angle_p10.npy,7,7,1,0.9890408497833473,-11.080933570861816,-3.0024688243865967,-4.214024543762207,-2.597804546356201,1.3874176740646362,-8.156330108642578,-11.264138221740723,6.840662956237793,-4.891325950622559,1.8262159824371338,rotation,+10deg
7_7_01_254ebf4a_r02c02__rotation_angle_p10,./data/robustness/rotation/angle_p10/normalized_32x32/7/7_7_01_254ebf4a_r02c02__rotation_angle_p10.npy,7,7,1,0.8574544355561787,-4.431173324584961,-1.2633808851242065,-4.373030662536621,-3.5351898670196533,-0.04189012944698334,-5.320366859436035,-7.092292785644531,4.5996994972229,-4.167495250701904,2.72241473197937,rotation,+10deg
7_7_01_254ebf4a_r02c03__rotation_angle_p10,./data/robustness/rotation/angle_p10/normalized_32x32/7/7_7_01_254ebf4a_r02c03__rotation_angle_p10.npy,7,7,1,0.9993374144367982,-10.992798805236816,-0.7560819983482361,-4.970691680908203,-4.8175272941589355,-0.6782966256141663,-9.263113975524902,-12.540760040283203,8.643966674804688,-5.788654804229736,1.0181288719177246,rotation,+10deg
7_7_01_254ebf4a_r02c04__rotation_angle_p10,./data/robustness/rotation/angle_p10/normalized_32x32/7/7_7_01_254ebf4a_r02c04__rotation_angle_p10.npy,7,7,1,0.9999539907598517,-4.953009128570557,-3.3391120433807373,-7.775875091552734,-4.862431526184082,-1.7721649408340454,-4.809476852416992,-9.855111122131348,9.260932922363281,-6.702476978302002,-1.3707685470581055,rotation,+10deg
7_7_01_254ebf4a_r03c01__rotation_angle_p10,./data/robustness/rotation/angle_p10/normalized_32x32/7/7_7_01_254ebf4a_r03c01__rotation_angle_p10.npy,7,7,1,0.9829020212164091,-7.298882961273193,0.6397737264633179,-3.0451412200927734,-3.4349365234375,-1.3236699104309082,-6.16760778427124,-10.289876937866211,5.545889854431152,-3.29937744140625,0.776871919631958,rotation,+10deg
7_7_01_254ebf4a_r03c02__rotation_angle_p10,./data/robustness/rotation/angle_p10/normalized_32x32/7/7_7_01_254ebf4a_r03c02__rotation_angle_p10.npy,7,7,1,0.9979116527545294,-11.114973068237305,0.920892059803009,-3.3758468627929688,-4.446430206298828,-0.7241153717041016,-9.237853050231934,-11.831518173217773,7.594547748565674,-5.163329601287842,0.10515938699245453,rotation,+10deg
7_7_01_254ebf4a_r03c03__rotation_angle_p10,./data/robustness/rotation/angle_p10/normalized_32x32/7/7_7_01_254ebf4a_r03c03__rotation_angle_p10.npy,7,7,1,0.9364174683268612,-9.21982479095459,2.4944114685058594,-2.943114757537842,-3.5803983211517334,-1.3350002765655518,-8.1251220703125,-10.35261344909668,5.50547981262207,-4.399744033813477,1.4433331489562988,rotation,+10deg
7_7_01_254ebf4a_r03c04__rotation_angle_p10,./data/robustness/rotation/angle_p10/normalized_32x32/7/7_7_01_254ebf4a_r03c04__rotation_angle_p10.npy,7,7,1,0.9964428202426161,-9.063919067382812,1.0241607427597046,-2.9054601192474365,-4.8715434074401855,-1.199887990951538,-6.9481916427612305,-11.53044605255127,6.965864658355713,-4.719766616821289,-0.4698534309864044,rotation,+10deg
7_7_01_254ebf4a_r04c01__rotation_angle_p10,./data/robustness/rotation/angle_p10/normalized_32x32/7/7_7_01_254ebf4a_r04c01__rotation_angle_p10.npy,7,7,1,0.952633478393268,-7.235544204711914,1.4523530006408691,-3.861819267272949,-4.001394748687744,-1.0469460487365723,-6.412820816040039,-9.09268569946289,5.330108165740967,-4.143240451812744,1.7198551893234253,rotation,+10deg
7_7_01_254ebf4a_r04c02__rotation_angle_p10,./data/robustness/rotation/angle_p10/normalized_32x32/7/7_7_01_254ebf4a_r04c02__rotation_angle_p10.npy,7,7,1,0.9777598650901913,-8.191079139709473,2.1758527755737305,-3.6044888496398926,-3.39467716217041,-2.2618141174316406,-7.075351238250732,-9.449056625366211,6.122328281402588,-3.3513684272766113,0.3072105348110199,rotation,+10deg
7_7_01_254ebf4a_r04c03__rotation_angle_p10,./data/robustness/rotation/angle_p10/normalized_32x32/7/7_7_01_254ebf4a_r04c03__rotation_angle_p10.npy,7,7,1,0.8453463462349865,-5.913805961608887,2.4431774616241455,-2.4138190746307373,-2.1667661666870117,-2.2998478412628174,-4.925641059875488,-6.819222927093506,4.2641825675964355,-2.507878541946411,0.09752149879932404,rotation,+10deg
7_7_01_254ebf4a_r04c04__rotation_angle_p10,./data/robustness/rotation/angle_p10/normalized_32x32/7/7_7_01_254ebf4a_r04c04__rotation_angle_p10.npy,7,7,1,0.9987858861280324,-10.596837997436523,-0.10688537359237671,-5.655719757080078,-4.485555171966553,-1.6570367813110352,-8.738917350769043,-12.398579597473145,8.128252983093262,-4.691306114196777,1.1006157398223877,rotation,+10deg
7_7_02_923c5b16_r01c01__rotation_angle_p10,./data/robustness/rotation/angle_p10/normalized_32x32/7/7_7_02_923c5b16_r01c01__rotation_angle_p10.npy,7,7,1,0.986478770749918,-7.164912223815918,-0.5196564197540283,-2.734066963195801,-2.747185230255127,-0.46601438522338867,-5.852257251739502,-8.349907875061035,5.487599849700928,-3.8335812091827393,0.6604956984519958,rotation,+10deg
7_7_02_923c5b16_r01c02__rotation_angle_p10,./data/robustness/rotation/angle_p10/normalized_32x32/7/7_7_02_923c5b16_r01c02__rotation_angle_p10.npy,7,7,1,0.9977676200664246,-9.921085357666016,1.4544172286987305,-2.961200475692749,-4.690304279327393,-1.36824369430542,-8.652047157287598,-11.915999412536621,7.78767728805542,-4.875388145446777,-0.23785017430782318,rotation,+10deg
7_7_02_923c5b16_r01c03__rotation_angle_p10,./data/robustness/rotation/angle_p10/normalized_32x32/7/7_7_02_923c5b16_r01c03__rotation_angle_p10.npy,7,7,1,0.99908453959737,-7.846400260925293,-2.3364620208740234,-3.8150205612182617,-3.7330892086029053,-0.9531515836715698,-7.571737289428711,-10.58211612701416,7.5710835456848145,-4.662604808807373,0.2153022438287735,rotation,+10deg
7_7_02_923c5b16_r01c04__rotation_angle_p10,./data/robustness/rotation/angle_p10/normalized_32x32/7/7_7_02_923c5b16_r01c04__rotation_angle_p10.npy,7,7,1,0.9981388484435954,-6.039306640625,-3.8858397006988525,-4.426640510559082,-3.3913471698760986,-1.575075387954712,-6.50084924697876,-9.843329429626465,6.71669864654541,-4.339078426361084,0.22331173717975616,rotation,+10deg
7_7_02_923c5b16_r02c01__rotation_angle_p10,./data/robustness/rotation/angle_p10/normalized_32x32/7/7_7_02_923c5b16_r02c01__rotation_angle_p10.npy,7,7,1,0.9649609596900102,-6.000784397125244,-2.0519518852233887,-3.4135844707489014,-3.1255476474761963,0.7773317098617554,-6.81583833694458,-8.342138290405273,5.466931343078613,-3.627711772918701,1.8220809698104858,rotation,+10deg
7_7_02_923c5b16_r02c02__rotation_angle_p10,./data/robustness/rotation/angle_p10/normalized_32x32/7/7_7_02_923c5b16_r02c02__rotation_angle_p10.npy,7,7,1,0.9952753015039331,-11.22160816192627,-0.8830031752586365,-3.222296953201294,-1.4468817710876465,0.48498278856277466,-8.627299308776855,-11.876055717468262,6.722850799560547,-4.598412036895752,0.4840390086174011,rotation,+10deg
7_7_02_923c5b16_r02c03__rotation_angle_p10,./data/robustness/rotation/angle_p10/normalized_32x32/7/7_7_02_923c5b16_r02c03__rotation_angle_p10.npy,7,7,1,0.9974435119746272,-8.447639465332031,0.7396512627601624,-1.3455621004104614,-3.88368558883667,-0.8192952871322632,-6.563799858093262,-9.776260375976562,7.070186138153076,-4.233175754547119,-1.703896164894104,rotation,+10deg
7_7_02_923c5b16_r02c04__rotation_angle_p10,./data/robustness/rotation/angle_p10/normalized_32x32/7/7_7_02_923c5b16_r02c04__rotation_angle_p10.npy,7,7,1,0.9998398741157378,-8.956618309020996,-2.4722490310668945,-4.263827800750732,-5.339957237243652,-0.6909332871437073,-8.06943416595459,-12.974577903747559,9.627190589904785,-7.34873104095459,0.6012097001075745,rotation,+10deg
7_7_02_923c5b16_r03c01__rotation_angle_p10,./data/robustness/rotation/angle_p10/normalized_32x32/7/7_7_02_923c5b16_r03c01__rotation_angle_p10.npy,7,7,1,0.9616791637390779,-7.9394707679748535,1.2824981212615967,-1.0752040147781372,-2.5977330207824707,-1.9718658924102783,-7.359793663024902,-9.242920875549316,4.81263542175293,-1.825481653213501,-0.5434125661849976,rotation,+10deg
7_7_02_923c5b16_r03c02__rotation_angle_p10,./data/robustness/rotation/angle_p10/normalized_32x32/7/7_7_02_923c5b16_r03c02__rotation_angle_p10.npy,7,7,1,0.9972209868570808,-9.66738510131836,1.2592544555664062,-4.757750034332275,-4.799932479858398,-2.3908534049987793,-8.40009593963623,-11.603168487548828,7.627294063568115,-3.9488184452056885,0.7284331321716309,rotation,+10deg
7_7_02_923c5b16_r03c03__rotation_angle_p10,./data/robustness/rotation/angle_p10/normalized_32x32/7/7_7_02_923c5b16_r03c03__rotation_angle_p10.npy,7,7,1,0.9979032653523472,-9.416207313537598,-0.43509232997894287,-3.4592294692993164,-3.795165538787842,-0.9127200841903687,-7.551560878753662,-10.238147735595703,7.051830768585205,-4.246271133422852,0.26943743228912354,rotation,+10deg
7_7_02_923c5b16_r03c04__rotation_angle_p10,./data/robustness/rotation/angle_p10/normalized_32x32/7/7_7_02_923c5b16_r03c04__rotation_angle_p10.npy,7,7,1,0.9986923505479978,-10.929250717163086,0.8931065201759338,-4.3120856285095215,-5.325937271118164,-0.9436831474304199,-9.290303230285645,-13.586759567260742,8.300813674926758,-5.823627948760986,0.8836672306060791,rotation,+10deg
7_7_02_923c5b16_r04c01__rotation_angle_p10,./data/robustness/rotation/angle_p10/normalized_32x32/7/7_7_02_923c5b16_r04c01__rotation_angle_p10.npy,7,7,1,0.9996090621634153,-11.558815956115723,0.6571153402328491,-4.730833530426025,-5.463005065917969,-1.8169023990631104,-10.621480941772461,-13.580368041992188,9.346896171569824,-5.394440174102783,0.8644761443138123,rotation,+10deg
7_7_02_923c5b16_r04c02__rotation_angle_p10,./data/robustness/rotation/angle_p10/normalized_32x32/7/7_7_02_923c5b16_r04c02__rotation_angle_p10.npy,7,7,1,0.9997855823253171,-13.846622467041016,1.2298310995101929,-6.998538017272949,-6.464998245239258,-2.8450803756713867,-9.68736457824707,-13.070409774780273,9.754995346069336,-4.894261360168457,-1.567450761795044,rotation,+10deg
7_7_02_923c5b16_r04c03__rotation_angle_p10,./data/robustness/rotation/angle_p10/normalized_32x32/7/7_7_02_923c5b16_r04c03__rotation_angle_p10.npy,7,7,1,0.9974085731382958,-11.118449211120605,2.4307122230529785,-3.8757286071777344,-5.517766952514648,-2.4975078105926514,-9.277409553527832,-12.661865234375,8.418413162231445,-4.565598011016846,-1.2574580907821655,rotation,+10deg
7_7_02_923c5b16_r04c04__rotation_angle_p10,./data/robustness/rotation/angle_p10/normalized_32x32/7/7_7_02_923c5b16_r04c04__rotation_angle_p10.npy,7,7,1,0.9970025355206781,-8.271883964538574,-0.890362560749054,-4.152450084686279,-2.878389835357666,-0.9983657598495483,-6.3618669509887695,-10.422450065612793,6.861682415008545,-4.375735282897949,0.6959294676780701,rotation,+10deg
8_8_01_e470fe0b_r01c01__rotation_angle_p10,./data/robustness/rotation/angle_p10/normalized_32x32/8/8_8_01_e470fe0b_r01c01__rotation_angle_p10.npy,8,8,1,0.999996029334346,-3.0096466541290283,-7.786403179168701,-2.3651442527770996,-2.352860927581787,-4.294193744659424,-3.1803340911865234,-5.397094249725342,-8.837395668029785,11.303513526916504,-3.755218029022217,rotation,+10deg
8_8_01_e470fe0b_r01c02__rotation_angle_p10,./data/robustness/rotation/angle_p10/normalized_32x32/8/8_8_01_e470fe0b_r01c02__rotation_angle_p10.npy,8,8,1,0.5116248791029032,-5.1061811447143555,-5.665114879608154,-5.9032087326049805,-0.7064562439918518,-2.9777653217315674,3.9125590324401855,-2.4279680252075195,-7.2904767990112305,3.972235679626465,-4.034257411956787,rotation,+10deg
8_8_01_e470fe0b_r01c03__rotation_angle_p10,./data/robustness/rotation/angle_p10/normalized_32x32/8/8_8_01_e470fe0b_r01c03__rotation_angle_p10.npy,8,8,1,0.7307454951252054,-0.8671340942382812,-8.601816177368164,-8.018499374389648,0.21254536509513855,-4.776811122894287,2.907139778137207,2.351855516433716,-10.588278770446777,4.415589332580566,-4.826416492462158,rotation,+10deg
8_8_01_e470fe0b_r01c04__rotation_angle_p10,./data/robustness/rotation/angle_p10/normalized_32x32/8/8_8_01_e470fe0b_r01c04__rotation_angle_p10.npy,8,8,1,0.9999969691017497,-1.892026424407959,-11.640084266662598,-0.09294784069061279,-1.2772037982940674,-7.788580417633057,-3.4374303817749023,-6.859342575073242,-9.808820724487305,13.028898239135742,-5.161763668060303,rotation,+10deg
8_8_01_e470fe0b_r02c01__rotation_angle_p10,./data/robustness/rotation/angle_p10/normalized_32x32/8/8_8_01_e470fe0b_r02c01__rotation_angle_p10.npy,8,8,1,0.9996092102160892,-1.3848274946212769,-5.810723781585693,-1.4353833198547363,-2.7663516998291016,-2.9490959644317627,-3.231571912765503,-5.595515251159668,-6.3056464195251465,7.844138145446777,-1.0627859830856323,rotation,+10deg
8_8_01_e470fe0b_r02c02__rotation_angle_p10,./data/robustness/rotation/angle_p10/normalized_32x32/8/8_8_01_e470fe0b_r02c02__rotation_angle_p10.npy,8,8,1,0.9999966421073229,-3.499729871749878,-7.637538433074951,-2.0839452743530273,-2.8559536933898926,-4.6709136962890625,-3.7602522373199463,-6.17158317565918,-9.021090507507324,11.401921272277832,-2.936832904815674,rotation,+10deg
8_8_01_e470fe0b_r02c03__rotation_angle_p10,./data/robustness/rotation/angle_p10/normalized_32x32/8/8_8_01_e470fe0b_r02c03__rotation_angle_p10.npy,8,8,1,0.9999994158076746,-3.6710891723632812,-7.938620090484619,-1.5386829376220703,-4.112971305847168,-3.7517025470733643,-3.7418718338012695,-4.938701629638672,-9.744720458984375,13.190571784973145,-6.5178375244140625,rotation,+10deg
8_8_01_e470fe0b_r02c04__rotation_angle_p10,./data/robustness/rotation/angle_p10/normalized_32x32/8/8_8_01_e470fe0b_r02c04__rotation_angle_p10.npy,8,8,1,0.9996091371320863,-5.234643459320068,-5.736767768859863,-3.1666831970214844,0.12907922267913818,-3.6132309436798096,-1.405886173248291,-2.715834140777588,-8.47743034362793,8.273984909057617,-5.108758449554443,rotation,+10deg
8_8_01_e470fe0b_r03c01__rotation_angle_p10,./data/robustness/rotation/angle_p10/normalized_32x32/8/8_8_01_e470fe0b_r03c01__rotation_angle_p10.npy,8,8,1,0.9999998027265592,-4.068521022796631,-9.785595893859863,-2.4402618408203125,-2.7603328227996826,-3.652090072631836,-4.0477776527404785,-8.842031478881836,-11.405299186706543,13.941462516784668,-4.371544361114502,rotation,+10deg
8_8_01_e470fe0b_r03c02__rotation_angle_p10,./data/robustness/rotation/angle_p10/normalized_32x32/8/8_8_01_e470fe0b_r03c02__rotation_angle_p10.npy,8,8,1,0.9999994756678627,-6.634003162384033,-10.481243133544922,-4.587346076965332,-2.2349910736083984,-4.829920291900635,-4.283439636230469,-9.392447471618652,-11.607948303222656,13.458219528198242,-1.4853811264038086,rotation,+10deg
8_8_01_e470fe0b_r03c03__rotation_angle_p10,./data/robustness/rotation/angle_p10/normalized_32x32/8/8_8_01_e470fe0b_r03c03__rotation_angle_p10.npy,8,8,1,0.9999999413970809,-6.901896953582764,-9.04395580291748,-6.665627479553223,-4.401331901550293,-3.6449263095855713,-3.333470344543457,-8.377341270446777,-12.024103164672852,14.866104125976562,-2.3982291221618652,rotation,+10deg
8_8_01_e470fe0b_r03c04__rotation_angle_p10,./data/robustness/rotation/angle_p10/normalized_32x32/8/8_8_01_e470fe0b_r03c04__rotation_angle_p10.npy,8,8,1,0.9999328540249911,-3.0076818466186523,-6.099647521972656,-3.9406886100769043,-2.2622897624969482,-2.676464080810547,-1.600953459739685,-5.0936737060546875,-7.401176929473877,9.195900917053223,-1.5633854866027832,rotation,+10deg
8_8_01_e470fe0b_r04c01__rotation_angle_p10,./data/robustness/rotation/angle_p10/normalized_32x32/8/8_8_01_e470fe0b_r04c01__rotation_angle_p10.npy,8,8,1,0.999999978197758,-4.43327522277832,-10.388238906860352,-3.929107666015625,-3.0826287269592285,-4.331955432891846,-3.9140353202819824,-7.6477484703063965,-12.225571632385254,15.511335372924805,-4.846311092376709,rotation,+10deg
8_8_01_e470fe0b_r04c02__rotation_angle_p10,./data/robustness/rotation/angle_p10/normalized_32x32/8/8_8_01_e470fe0b_r04c02__rotation_angle_p10.npy,8,8,1,0.9999939991032836,-2.8318121433258057,-8.160826683044434,-1.2130675315856934,-3.4356296062469482,-4.763800621032715,-3.6353418827056885,-7.276246547698975,-8.646090507507324,11.321249961853027,-2.645561456680298,rotation,+10deg
8_8_01_e470fe0b_r04c03__rotation_angle_p10,./data/robustness/rotation/angle_p10/normalized_32x32/8/8_8_01_e470fe0b_r04c03__rotation_angle_p10.npy,8,8,1,0.9999083201549012,-3.2370352745056152,-8.556110382080078,-0.055877506732940674,-6.8529133796691895,-3.0517728328704834,-4.879344940185547,-9.369292259216309,-7.826227188110352,9.87993335723877,-0.2883068919181824,rotation,+10deg
8_8_01_e470fe0b_r04c04__rotation_angle_p10,./data/robustness/rotation/angle_p10/normalized_32x32/8/8_8_01_e470fe0b_r04c04__rotation_angle_p10.npy,8,8,1,0.9999984624215608,-0.5077669024467468,-12.26772689819336,-2.043891429901123,-2.1856534481048584,-8.120016098022461,-3.4719979763031006,-7.53839635848999,-10.477673530578613,13.318961143493652,-2.811248302459717,rotation,+10deg
8_8_02_b36c8633_r01c01__rotation_angle_p10,./data/robustness/rotation/angle_p10/normalized_32x32/8/8_8_02_b36c8633_r01c01__rotation_angle_p10.npy,8,8,1,0.9999753444200215,-2.976991653442383,-6.093857288360596,-1.9989473819732666,-2.4800431728363037,-3.056882381439209,-2.519845724105835,-3.836989402770996,-8.251086235046387,9.792441368103027,-3.934795618057251,rotation,+10deg
8_8_02_b36c8633_r01c02__rotation_angle_p10,./data/robustness/rotation/angle_p10/normalized_32x32/8/8_8_02_b36c8633_r01c02__rotation_angle_p10.npy,8,8,1,0.9999985265742338,-4.424535274505615,-8.894242286682129,-3.043490171432495,-1.1890122890472412,-4.72689151763916,-2.5959441661834717,-4.509490966796875,-11.943513870239258,12.654221534729004,-5.968818664550781,rotation,+10deg
8_8_02_b36c8633_r01c03__rotation_angle_p10,./data/robustness/rotation/angle_p10/normalized_32x32/8/8_8_02_b36c8633_r01c03__rotation_angle_p10.npy,8,8,1,0.999912122738918,-4.426865100860596,-6.358508586883545,-2.699490785598755,-0.7527377009391785,-4.089425086975098,-3.0483484268188477,-5.58656644821167,-7.252224922180176,8.995491981506348,-2.4270713329315186,rotation,+10deg
8_8_02_b36c8633_r01c04__rotation_angle_p10,./data/robustness/rotation/angle_p10/normalized_32x32/8/8_8_02_b36c8633_r01c04__rotation_angle_p10.npy,8,8,1,0.9999487292313392,-3.5527095794677734,-8.422103881835938,-5.027719020843506,-0.34914302825927734,-4.344917297363281,-0.49206244945526123,-1.8720282316207886,-10.028298377990723,10.303135871887207,-4.5683207511901855,rotation,+10deg
8_8_02_b36c8633_r02c01__rotation_angle_p10,./data/robustness/rotation/angle_p10/normalized_32x32/8/8_8_02_b36c8633_r02c01__rotation_angle_p10.npy,8,8,1,0.9999993398533343,-3.402893304824829,-8.91474437713623,-3.5138132572174072,-2.2912423610687256,-5.411952018737793,-2.7738215923309326,-4.550650596618652,-10.78953742980957,12.851762771606445,-4.603358745574951,rotation,+10deg
8_8_02_b36c8633_r02c02__rotation_angle_p10,./data/robustness/rotation/angle_p10/normalized_32x32/8/8_8_02_b36c8633_r02c02__rotation_angle_p10.npy,8,8,1,0.9993555469406497,-4.335974216461182,-5.596518039703369,-4.491484642028809,-0.7500686645507812,-3.8875646591186523,-1.0471408367156982,-3.100295305252075,-6.634959697723389,7.41369104385376,-1.8877246379852295,rotation,+10deg
8_8_02_b36c8633_r02c03__rotation_angle_p10,./data/robustness/rotation/angle_p10/normalized_32x32/8/8_8_02_b36c8633_r02c03__rotation_angle_p10.npy,8,8,1,0.9999645467485025,-0.8040863871574402,-5.967957496643066,-3.113670587539673,-2.849730968475342,-3.302194118499756,-3.1956660747528076,-2.612863302230835,-8.004868507385254,9.977675437927246,-2.814354181289673,rotation,+10deg
8_8_02_b36c8633_r02c04__rotation_angle_p10,./data/robustness/rotation/angle_p10/normalized_32x32/8/8_8_02_b36c8633_r02c04__rotation_angle_p10.npy,8,8,1,0.9458616315318245,-1.758992314338684,-3.1924893856048584,-3.8829336166381836,-1.5605034828186035,-1.5459524393081665,0.7678342461585999,0.12189102172851562,-5.211266040802002,4.258281230926514,-2.3146519660949707,rotation,+10deg
8_8_02_b36c8633_r03c01__rotation_angle_p10,./data/robustness/rotation/angle_p10/normalized_32x32/8/8_8_02_b36c8633_r03c01__rotation_angle_p10.npy,8,8,1,0.9999993208508849,-2.9563889503479004,-8.163216590881348,-2.981595516204834,-4.349810600280762,-4.013505458831787,-3.9564502239227295,-6.6533074378967285,-10.38842487335205,12.785277366638184,-2.430750608444214,rotation,+10deg
8_8_02_b36c8633_r03c02__rotation_angle_p10,./data/robustness/rotation/angle_p10/normalized_32x32/8/8_8_02_b36c8633_r03c02__rotation_angle_p10.npy,8,8,1,0.9999910995704239,-2.984571695327759,-8.064435958862305,-4.698481559753418,-1.550771951675415,-4.3311285972595215,-1.2759979963302612,-4.578224182128906,-9.792948722839355,11.17426872253418,-2.8190855979919434,rotation,+10deg
8_8_02_b36c8633_r03c03__rotation_angle_p10,./data/robustness/rotation/angle_p10/normalized_32x32/8/8_8_02_b36c8633_r03c03__rotation_angle_p10.npy,8,8,1,0.9999927604782725,-3.5183300971984863,-7.2946882247924805,-6.4802751541137695,-2.9508981704711914,-3.6943421363830566,-2.4313371181488037,-5.99169921875,-9.4014892578125,11.43630599975586,-0.7528105974197388,rotation,+10deg
8_8_02_b36c8633_r03c04__rotation_angle_p10,./data/robustness/rotation/angle_p10/normalized_32x32/8/8_8_02_b36c8633_r03c04__rotation_angle_p10.npy,8,8,1,0.9999906142750448,-3.98919939994812,-8.88284683227539,-6.109175682067871,-2.1031064987182617,-4.763330936431885,-1.211549162864685,-6.558007717132568,-10.48902702331543,11.476052284240723,-0.789808988571167,rotation,+10deg
8_8_02_b36c8633_r04c01__rotation_angle_p10,./data/robustness/rotation/angle_p10/normalized_32x32/8/8_8_02_b36c8633_r04c01__rotation_angle_p10.npy,8,8,1,0.9999918627923076,-4.516486644744873,-8.249815940856934,-4.091133117675781,-2.6108150482177734,-4.913573741912842,-1.734696388244629,-6.915744781494141,-10.414005279541016,11.02576732635498,-1.5430697202682495,rotation,+10deg
8_8_02_b36c8633_r04c02__rotation_angle_p10,./data/robustness/rotation/angle_p10/normalized_32x32/8/8_8_02_b36c8633_r04c02__rotation_angle_p10.npy,8,8,1,0.999998423650885,-3.3912553787231445,-8.937708854675293,-1.767689824104309,-3.221036672592163,-5.369900226593018,-4.235977649688721,-8.313332557678223,-9.3723726272583,12.279830932617188,-2.583432912826538,rotation,+10deg
8_8_02_b36c8633_r04c03__rotation_angle_p10,./data/robustness/rotation/angle_p10/normalized_32x32/8/8_8_02_b36c8633_r04c03__rotation_angle_p10.npy,8,8,1,0.9999999979543746,-3.689425468444824,-15.086913108825684,-2.058933734893799,-3.1706275939941406,-10.275083541870117,-5.058766841888428,-10.83572769165039,-13.41617202758789,18.4235897064209,-5.473715782165527,rotation,+10deg
8_8_02_b36c8633_r04c04__rotation_angle_p10,./data/robustness/rotation/angle_p10/normalized_32x32/8/8_8_02_b36c8633_r04c04__rotation_angle_p10.npy,8,8,1,0.9999997995540886,-4.807891845703125,-10.670208930969238,-2.144909381866455,-1.2217957973480225,-5.119974613189697,-4.751627445220947,-8.281707763671875,-11.991040229797363,14.595575332641602,-6.009584903717041,rotation,+10deg
9_9_01_852a4a6b_r01c01__rotation_angle_p10,./data/robustness/rotation/angle_p10/normalized_32x32/9/9_9_01_852a4a6b_r01c01__rotation_angle_p10.npy,9,9,1,0.9886020483734875,-6.389706611633301,-2.635395050048828,-5.272985458374023,-3.050283432006836,2.39788818359375,-3.396590232849121,-8.948174476623535,-1.5042576789855957,-3.346076488494873,6.897943019866943,rotation,+10deg
9_9_01_852a4a6b_r01c02__rotation_angle_p10,./data/robustness/rotation/angle_p10/normalized_32x32/9/9_9_01_852a4a6b_r01c02__rotation_angle_p10.npy,9,9,1,0.9977772549969514,-8.398643493652344,-3.2448811531066895,-5.859118461608887,-2.9875974655151367,2.4810609817504883,-5.064011573791504,-11.502655982971191,-0.6091683506965637,-4.54424524307251,8.64105224609375,rotation,+10deg
9_9_01_852a4a6b_r01c03__rotation_angle_p10,./data/robustness/rotation/angle_p10/normalized_32x32/9/9_9_01_852a4a6b_r01c03__rotation_angle_p10.npy,9,9,1,0.9958547117206271,-8.02547550201416,-3.264596462249756,-5.526554584503174,-2.7400736808776855,2.5899815559387207,-4.818695545196533,-11.10301399230957,-0.12477345764636993,-4.6596503257751465,8.144463539123535,rotation,+10deg
9_9_01_852a4a6b_r01c04__rotation_angle_p10,./data/robustness/rotation/angle_p10/normalized_32x32/9/9_9_01_852a4a6b_r01c04__rotation_angle_p10.npy,9,9,1,0.9996019736399938,-8.6193265914917,-1.8663973808288574,-9.422587394714355,-4.095322132110596,1.1618995666503906,-4.544880390167236,-11.994175910949707,0.06754003465175629,-3.4355039596557617,9.32828426361084,rotation,+10deg
9_9_01_852a4a6b_r02c01__rotation_angle_p10,./data/robustness/rotation/angle_p10/normalized_32x32/9/9_9_01_852a4a6b_r02c01__rotation_angle_p10.npy,9,9,1,0.9602852939586258,-6.462292194366455,-3.2595221996307373,-5.168558120727539,-3.108105421066284,3.1375350952148438,-3.763866662979126,-7.9633917808532715,-0.450038880109787,-3.2900233268737793,6.35669469833374,rotation,+10deg
9_9_01_852a4a6b_r02c02__rotation_angle_p10,./data/robustness/rotation/angle_p10/normalized_32x32/9/9_9_01_852a4a6b_r02c02__rotation_angle_p10.npy,9,9,1,0.990589500520624,-8.490371704101562,-4.40378999710083,-5.64858865737915,-2.5531744956970215,3.6612682342529297,-4.037919998168945,-11.810003280639648,-2.378899335861206,-4.782482624053955,8.323187828063965,rotation,+10deg
9_9_01_852a4a6b_r02c03__rotation_angle_p10,./data/robustness/rotation/angle_p10/normalized_32x32/9/9_9_01_852a4a6b_r02c03__rotation_angle_p10.npy,9,8,0,0.9944264829705742,-3.5795822143554688,-1.6538549661636353,-5.339451789855957,-5.194276809692383,-1.6378769874572754,-4.051311492919922,-4.962830543518066,-1.3735768795013428,6.221903324127197,0.7520605325698853,rotation,+10deg
9_9_01_852a4a6b_r02c04__rotation_angle_p10,./data/robustness/rotation/angle_p10/normalized_32x32/9/9_9_01_852a4a6b_r02c04__rotation_angle_p10.npy,9,9,1,0.9838224254498551,-8.280186653137207,-4.014884948730469,-5.212845325469971,-2.3865959644317627,1.9019891023635864,-4.8689374923706055,-9.248356819152832,-1.302700400352478,-1.1368050575256348,6.111366271972656,rotation,+10deg
9_9_01_852a4a6b_r03c01__rotation_angle_p10,./data/robustness/rotation/angle_p10/normalized_32x32/9/9_9_01_852a4a6b_r03c01__rotation_angle_p10.npy,9,4,0,0.7572204213970204,-7.65422248840332,-1.4903011322021484,-5.067666053771973,-6.023786544799805,6.235002040863037,-4.635028839111328,-8.414961814880371,-2.426783561706543,-3.861203193664551,5.0953369140625,rotation,+10deg
9_9_01_852a4a6b_r03c02__rotation_angle_p10,./data/robustness/rotation/angle_p10/normalized_32x32/9/9_9_01_852a4a6b_r03c02__rotation_angle_p10.npy,9,9,1,0.6589626882442405,-4.217985153198242,-1.1794201135635376,-2.446983814239502,-1.6495486497879028,2.40895414352417,-2.248243808746338,-5.228783130645752,-0.7160825729370117,-2.2348856925964355,3.1787726879119873,rotation,+10deg
9_9_01_852a4a6b_r03c03__rotation_angle_p10,./data/robustness/rotation/angle_p10/normalized_32x32/9/9_9_01_852a4a6b_r03c03__rotation_angle_p10.npy,9,9,1,0.9996820633882539,-7.051229476928711,-6.0119547843933105,-10.86201286315918,-1.8572494983673096,0.9646162390708923,-3.8581502437591553,-13.91786003112793,-7.086113452911377,-1.5924993753433228,9.154808044433594,rotation,+10deg
9_9_01_852a4a6b_r03c04__rotation_angle_p10,./data/robustness/rotation/angle_p10/normalized_32x32/9/9_9_01_852a4a6b_r03c04__rotation_angle_p10.npy,9,4,0,0.6859355161242222,-8.003446578979492,-3.142918825149536,-5.362992763519287,-7.06097412109375,6.52398681640625,-4.884983539581299,-7.082859516143799,-2.53317928314209,-3.686750650405884,5.742282390594482,rotation,+10deg
9_9_01_852a4a6b_r04c01__rotation_angle_p10,./data/robustness/rotation/angle_p10/normalized_32x32/9/9_9_01_852a4a6b_r04c01__rotation_angle_p10.npy,9,9,1,0.8549454087976893,-6.6233391761779785,-3.115821599960327,-3.8574182987213135,-3.890619993209839,3.823150873184204,-4.001171112060547,-6.938179969787598,-2.1987078189849854,-2.543661117553711,5.603528022766113,rotation,+10deg
9_9_01_852a4a6b_r04c02__rotation_angle_p10,./data/robustness/rotation/angle_p10/normalized_32x32/9/9_9_01_852a4a6b_r04c02__rotation_angle_p10.npy,9,9,1,0.5199496768966324,-7.344775199890137,-3.4542033672332764,-6.918533802032471,-6.889742374420166,6.12938117980957,-4.615641117095947,-7.163687229156494,-3.541067361831665,-2.2068324089050293,6.209622859954834,rotation,+10deg
9_9_01_852a4a6b_r04c03__rotation_angle_p10,./data/robustness/rotation/angle_p10/normalized_32x32/9/9_9_01_852a4a6b_r04c03__rotation_angle_p10.npy,9,9,1,0.9496922418304126,-4.628317356109619,-3.3957033157348633,-4.306493759155273,-3.8028483390808105,2.1991493701934814,-2.9408345222473145,-6.800273895263672,-2.306770086288452,-3.3926339149475098,5.166223049163818,rotation,+10deg
9_9_01_852a4a6b_r04c04__rotation_angle_p10,./data/robustness/rotation/angle_p10/normalized_32x32/9/9_9_01_852a4a6b_r04c04__rotation_angle_p10.npy,9,9,1,0.9986948537337063,-5.078026294708252,-3.502789258956909,-7.480336666107178,-3.1908087730407715,-0.07615029811859131,-3.0281243324279785,-9.479694366455078,-0.8268765807151794,-3.988285779953003,7.051682472229004,rotation,+10deg
9_9_02_2f49434b_r01c01__rotation_angle_p10,./data/robustness/rotation/angle_p10/normalized_32x32/9/9_9_02_2f49434b_r01c01__rotation_angle_p10.npy,9,9,1,0.9622264417971628,-6.642119884490967,-3.2006852626800537,-6.925152778625488,-3.7370445728302,2.7299575805664062,-4.823208808898926,-7.861383438110352,0.9117931127548218,-2.3595876693725586,6.127498149871826,rotation,+10deg
9_9_02_2f49434b_r01c02__rotation_angle_p10,./data/robustness/rotation/angle_p10/normalized_32x32/9/9_9_02_2f49434b_r01c02__rotation_angle_p10.npy,9,9,1,0.9911777187744248,-6.439542293548584,-3.529970169067383,-6.432784080505371,-3.6643142700195312,2.674584150314331,-4.242652893066406,-8.273856163024902,-1.1800612211227417,-3.7841455936431885,7.423582553863525,rotation,+10deg
9_9_02_2f49434b_r01c03__rotation_angle_p10,./data/robustness/rotation/angle_p10/normalized_32x32/9/9_9_02_2f49434b_r01c03__rotation_angle_p10.npy,9,8,0,0.9967346749876548,-2.2905704975128174,-2.2991862297058105,-4.416180610656738,-4.267892360687256,-2.441884994506836,-3.6480071544647217,-4.703832626342773,-0.8939845561981201,6.361971378326416,0.13043376803398132,rotation,+10deg
9_9_02_2f49434b_r01c04__rotation_angle_p10,./data/robustness/rotation/angle_p10/normalized_32x32/9/9_9_02_2f49434b_r01c04__rotation_angle_p10.npy,9,9,1,0.9889668388937933,-6.284216403961182,-3.2744903564453125,-5.206835746765137,-1.3533997535705566,1.1621346473693848,-4.575866222381592,-8.318199157714844,-1.118947982788086,-1.3223953247070312,5.907705783843994,rotation,+10deg
9_9_02_2f49434b_r02c01__rotation_angle_p10,./data/robustness/rotation/angle_p10/normalized_32x32/9/9_9_02_2f49434b_r02c01__rotation_angle_p10.npy,9,9,1,0.9979817028838934,-8.899389266967773,-3.677739143371582,-7.955609321594238,-3.5148489475250244,2.4711790084838867,-5.710208892822266,-10.689855575561523,-0.4055723547935486,-3.115109443664551,8.7376708984375,rotation,+10deg
9_9_02_2f49434b_r02c02__rotation_angle_p10,./data/robustness/rotation/angle_p10/normalized_32x32/9/9_9_02_2f49434b_r02c02__rotation_angle_p10.npy,9,9,1,0.999608336092253,-12.761957168579102,-6.039027690887451,-8.631321907043457,-3.320451259613037,2.1412503719329834,-6.904965877532959,-12.805314064025879,-2.9521405696868896,-1.3980019092559814,10.025030136108398,rotation,+10deg
9_9_02_2f49434b_r02c03__rotation_angle_p10,./data/robustness/rotation/angle_p10/normalized_32x32/9/9_9_02_2f49434b_r02c03__rotation_angle_p10.npy,9,9,1,0.9230908630294037,-6.7760090827941895,-3.954409599304199,-7.700024127960205,-5.337255477905273,4.809158802032471,-6.182633876800537,-8.129916191101074,-2.4664011001586914,-2.545461654663086,7.295820236206055,rotation,+10deg
9_9_02_2f49434b_r02c04__rotation_angle_p10,./data/robustness/rotation/angle_p10/normalized_32x32/9/9_9_02_2f49434b_r02c04__rotation_angle_p10.npy,9,8,0,0.9190057533470584,-3.7132787704467773,1.2668828964233398,-8.327266693115234,-7.6355695724487305,-0.4409947693347931,-2.277834177017212,-4.257606029510498,-1.3788299560546875,4.52644157409668,1.2695298194885254,rotation,+10deg
9_9_02_2f49434b_r03c01__rotation_angle_p10,./data/robustness/rotation/angle_p10/normalized_32x32/9/9_9_02_2f49434b_r03c01__rotation_angle_p10.npy,9,4,0,0.9855273986271245,-7.921957969665527,-2.8763184547424316,-4.950335502624512,-7.889400482177734,7.5869598388671875,-4.462897777557373,-6.287815570831299,-4.065196990966797,-2.2977569103240967,3.3592782020568848,rotation,+10deg
9_9_02_2f49434b_r03c02__rotation_angle_p10,./data/robustness/rotation/angle_p10/normalized_32x32/9/9_9_02_2f49434b_r03c02__rotation_angle_p10.npy,9,9,1,0.9946526041133336,-9.85350227355957,-4.011477470397949,-6.838825225830078,-5.13624382019043,4.101561546325684,-7.012955188751221,-11.913992881774902,-1.6079952716827393,-3.3767762184143066,9.331645965576172,rotation,+10deg
9_9_02_2f49434b_r03c03__rotation_angle_p10,./data/robustness/rotation/angle_p10/normalized_32x32/9/9_9_02_2f49434b_r03c03__rotation_angle_p10.npy,9,9,1,0.9893947824880537,-6.098598003387451,-3.6247308254241943,-3.286318302154541,-2.7431678771972656,1.3685802221298218,-4.292987823486328,-8.772642135620117,-1.3705114126205444,-1.9240610599517822,6.034082889556885,rotation,+10deg
9_9_02_2f49434b_r03c04__rotation_angle_p10,./data/robustness/rotation/angle_p10/normalized_32x32/9/9_9_02_2f49434b_r03c04__rotation_angle_p10.npy,9,9,1,0.9952335282291945,-8.074559211730957,-1.897727370262146,-7.812688827514648,-3.619814395904541,2.462855577468872,-4.743396759033203,-11.008790969848633,0.2673390209674835,-3.5286896228790283,7.926141738891602,rotation,+10deg
9_9_02_2f49434b_r04c01__rotation_angle_p10,./data/robustness/rotation/angle_p10/normalized_32x32/9/9_9_02_2f49434b_r04c01__rotation_angle_p10.npy,9,9,1,0.9498204808097223,-8.562959671020508,-3.8010663986206055,-7.714930534362793,-2.9799869060516357,4.3847880363464355,-4.429113864898682,-12.642049789428711,-5.530124187469482,-3.9727225303649902,7.326805591583252,rotation,+10deg
9_9_02_2f49434b_r04c02__rotation_angle_p10,./data/robustness/rotation/angle_p10/normalized_32x32/9/9_9_02_2f49434b_r04c02__rotation_angle_p10.npy,9,9,1,0.57362405270766,-7.290008068084717,-3.248879909515381,-6.340084552764893,-4.498459815979004,5.242164611816406,-3.7669482231140137,-7.942448616027832,-4.0906219482421875,-2.7776038646698,5.53963565826416,rotation,+10deg
9_9_02_2f49434b_r04c03__rotation_angle_p10,./data/robustness/rotation/angle_p10/normalized_32x32/9/9_9_02_2f49434b_r04c03__rotation_angle_p10.npy,9,4,0,0.66154333818416,-7.119668483734131,-2.1841485500335693,-3.900770902633667,-4.949017524719238,5.536602020263672,-4.144124507904053,-7.436934947967529,-2.2889316082000732,-4.069131851196289,4.864297866821289,rotation,+10deg
9_9_02_2f49434b_r04c04__rotation_angle_p10,./data/robustness/rotation/angle_p10/normalized_32x32/9/9_9_02_2f49434b_r04c04__rotation_angle_p10.npy,9,9,1,0.8243020096098527,-4.353455543518066,-1.8787012100219727,-3.066948890686035,-2.5186803340911865,2.262479305267334,-2.579094648361206,-5.538153171539307,-1.3386480808258057,-1.7309439182281494,3.8893775939941406,rotation,+10deg
