
*** Running vivado
    with args -log lenet_system_lenet_w8a8_top_0_0.vds -m64 -product Vivado -mode batch -messageDb vivado.pb -notrace -source lenet_system_lenet_w8a8_top_0_0.tcl



****** Vivado v2022.2 (64-bit)
  **** SW Build 3671981 on Fri Oct 14 05:00:03 MDT 2022
  **** IP Build 3669848 on Fri Oct 14 08:30:02 MDT 2022
    ** Copyright 1986-2022 Xilinx, Inc. All Rights Reserved.

source lenet_system_lenet_w8a8_top_0_0.tcl -notrace
INFO: [IP_Flow 19-234] Refreshing IP repositories
INFO: [IP_Flow 19-1700] Loaded user IP repository 'd:/GitHub/vivado/vivado/F_Quantization_W8A8/hls_w8a8/vivado_review/ip_repo/lenet_w8a8_top'.
INFO: [IP_Flow 19-1700] Loaded user IP repository 'd:/GitHub/vivado/vivado/lenet_project/hls/lenet_full_hls/solution1/impl/ip'.
INFO: [IP_Flow 19-2313] Loaded Vivado IP repository 'D:/Xilinx/Vivado/2022.2/data/ip'.
WARNING: [IP_Flow 19-4995] The host OS only allows 260 characters in a normal path. The IP cache path is more than 80 characters. If you experience issues with IP caching, please consider changing the IP cache to a location with a shorter path. Alternately consider using the OS subst command to map part of the path to a drive letter. 
Current IP cache path is d:/GitHub/vivado/vivado/F_Quantization_W8A8/hls_w8a8/vivado_review/project/LeNet_W8A8_Review.cache/ip 
INFO: [IP_Flow 19-6924] IPCACHE: Running cache check for IP inst: lenet_system_lenet_w8a8_top_0_0
Command: synth_design -top lenet_system_lenet_w8a8_top_0_0 -part xc7z020clg400-1 -incremental_mode off -mode out_of_context
Starting synth_design
Attempting to get a license for feature 'Synthesis' and/or device 'xc7z020'
INFO: [Common 17-349] Got license for feature 'Synthesis' and/or device 'xc7z020'
INFO: [Device 21-403] Loading part xc7z020clg400-1
INFO: [Synth 8-7079] Multithreading enabled for synth_design using a maximum of 2 processes.
INFO: [Synth 8-7078] Launching helper process for spawning children vivado processes
INFO: [Synth 8-7075] Helper process launched with PID 49664
INFO: [Synth 8-11241] undeclared symbol 'REGCCE', assumed default net type 'wire' [D:/Xilinx/Vivado/2022.2/data/verilog/src/unimacro/BRAM_SINGLE_MACRO.v:2170]
---------------------------------------------------------------------------------
Starting RTL Elaboration : Time (s): cpu = 00:00:04 ; elapsed = 00:00:04 . Memory (MB): peak = 1851.812 ; gain = 407.871
---------------------------------------------------------------------------------
INFO: [Synth 8-6157] synthesizing module 'lenet_system_lenet_w8a8_top_0_0' [d:/GitHub/vivado/vivado/F_Quantization_W8A8/hls_w8a8/vivado_review/project/LeNet_W8A8_Review.gen/sources_1/bd/lenet_system/ip/lenet_system_lenet_w8a8_top_0_0/synth/lenet_system_lenet_w8a8_top_0_0.v:53]
INFO: [Synth 8-6157] synthesizing module 'lenet_w8a8_top' [d:/GitHub/vivado/vivado/F_Quantization_W8A8/hls_w8a8/vivado_review/project/LeNet_W8A8_Review.gen/sources_1/bd/lenet_system/ipshared/1edf/hdl/verilog/lenet_w8a8_top.v:10]
INFO: [Synth 8-6157] synthesizing module 'lenet_w8a8_top_conv1_acc_V_RAM_1WNR_AUTO_1R1W' [d:/GitHub/vivado/vivado/F_Quantization_W8A8/hls_w8a8/vivado_review/project/LeNet_W8A8_Review.gen/sources_1/bd/lenet_system/ipshared/1edf/hdl/verilog/lenet_w8a8_top_conv1_acc_V_RAM_1WNR_AUTO_1R1W.v:7]
INFO: [Synth 8-6155] done synthesizing module 'lenet_w8a8_top_conv1_acc_V_RAM_1WNR_AUTO_1R1W' (0#1) [d:/GitHub/vivado/vivado/F_Quantization_W8A8/hls_w8a8/vivado_review/project/LeNet_W8A8_Review.gen/sources_1/bd/lenet_system/ipshared/1edf/hdl/verilog/lenet_w8a8_top_conv1_acc_V_RAM_1WNR_AUTO_1R1W.v:7]
INFO: [Synth 8-6157] synthesizing module 'lenet_w8a8_top_pool1_V_RAM_AUTO_1R1W' [d:/GitHub/vivado/vivado/F_Quantization_W8A8/hls_w8a8/vivado_review/project/LeNet_W8A8_Review.gen/sources_1/bd/lenet_system/ipshared/1edf/hdl/verilog/lenet_w8a8_top_pool1_V_RAM_AUTO_1R1W.v:7]
INFO: [Synth 8-6155] done synthesizing module 'lenet_w8a8_top_pool1_V_RAM_AUTO_1R1W' (0#1) [d:/GitHub/vivado/vivado/F_Quantization_W8A8/hls_w8a8/vivado_review/project/LeNet_W8A8_Review.gen/sources_1/bd/lenet_system/ipshared/1edf/hdl/verilog/lenet_w8a8_top_pool1_V_RAM_AUTO_1R1W.v:7]
INFO: [Synth 8-6157] synthesizing module 'lenet_w8a8_top_conv2_acc_V_RAM_1WNR_AUTO_1R1W' [d:/GitHub/vivado/vivado/F_Quantization_W8A8/hls_w8a8/vivado_review/project/LeNet_W8A8_Review.gen/sources_1/bd/lenet_system/ipshared/1edf/hdl/verilog/lenet_w8a8_top_conv2_acc_V_RAM_1WNR_AUTO_1R1W.v:7]
INFO: [Synth 8-6155] done synthesizing module 'lenet_w8a8_top_conv2_acc_V_RAM_1WNR_AUTO_1R1W' (0#1) [d:/GitHub/vivado/vivado/F_Quantization_W8A8/hls_w8a8/vivado_review/project/LeNet_W8A8_Review.gen/sources_1/bd/lenet_system/ipshared/1edf/hdl/verilog/lenet_w8a8_top_conv2_acc_V_RAM_1WNR_AUTO_1R1W.v:7]
INFO: [Synth 8-6157] synthesizing module 'lenet_w8a8_top_pool2_V_RAM_AUTO_1R1W' [d:/GitHub/vivado/vivado/F_Quantization_W8A8/hls_w8a8/vivado_review/project/LeNet_W8A8_Review.gen/sources_1/bd/lenet_system/ipshared/1edf/hdl/verilog/lenet_w8a8_top_pool2_V_RAM_AUTO_1R1W.v:7]
INFO: [Synth 8-6155] done synthesizing module 'lenet_w8a8_top_pool2_V_RAM_AUTO_1R1W' (0#1) [d:/GitHub/vivado/vivado/F_Quantization_W8A8/hls_w8a8/vivado_review/project/LeNet_W8A8_Review.gen/sources_1/bd/lenet_system/ipshared/1edf/hdl/verilog/lenet_w8a8_top_pool2_V_RAM_AUTO_1R1W.v:7]
INFO: [Synth 8-6157] synthesizing module 'lenet_w8a8_top_conv3_acc_V_RAM_AUTO_1R1W' [d:/GitHub/vivado/vivado/F_Quantization_W8A8/hls_w8a8/vivado_review/project/LeNet_W8A8_Review.gen/sources_1/bd/lenet_system/ipshared/1edf/hdl/verilog/lenet_w8a8_top_conv3_acc_V_RAM_AUTO_1R1W.v:7]
INFO: [Synth 8-6155] done synthesizing module 'lenet_w8a8_top_conv3_acc_V_RAM_AUTO_1R1W' (0#1) [d:/GitHub/vivado/vivado/F_Quantization_W8A8/hls_w8a8/vivado_review/project/LeNet_W8A8_Review.gen/sources_1/bd/lenet_system/ipshared/1edf/hdl/verilog/lenet_w8a8_top_conv3_acc_V_RAM_AUTO_1R1W.v:7]
INFO: [Synth 8-6157] synthesizing module 'lenet_w8a8_top_conv3_relu_V_RAM_AUTO_1R1W' [d:/GitHub/vivado/vivado/F_Quantization_W8A8/hls_w8a8/vivado_review/project/LeNet_W8A8_Review.gen/sources_1/bd/lenet_system/ipshared/1edf/hdl/verilog/lenet_w8a8_top_conv3_relu_V_RAM_AUTO_1R1W.v:7]
INFO: [Synth 8-6155] done synthesizing module 'lenet_w8a8_top_conv3_relu_V_RAM_AUTO_1R1W' (0#1) [d:/GitHub/vivado/vivado/F_Quantization_W8A8/hls_w8a8/vivado_review/project/LeNet_W8A8_Review.gen/sources_1/bd/lenet_system/ipshared/1edf/hdl/verilog/lenet_w8a8_top_conv3_relu_V_RAM_AUTO_1R1W.v:7]
INFO: [Synth 8-6157] synthesizing module 'lenet_w8a8_top_fc1_acc_V_RAM_AUTO_1R1W' [d:/GitHub/vivado/vivado/F_Quantization_W8A8/hls_w8a8/vivado_review/project/LeNet_W8A8_Review.gen/sources_1/bd/lenet_system/ipshared/1edf/hdl/verilog/lenet_w8a8_top_fc1_acc_V_RAM_AUTO_1R1W.v:7]
INFO: [Synth 8-6155] done synthesizing module 'lenet_w8a8_top_fc1_acc_V_RAM_AUTO_1R1W' (0#1) [d:/GitHub/vivado/vivado/F_Quantization_W8A8/hls_w8a8/vivado_review/project/LeNet_W8A8_Review.gen/sources_1/bd/lenet_system/ipshared/1edf/hdl/verilog/lenet_w8a8_top_fc1_acc_V_RAM_AUTO_1R1W.v:7]
INFO: [Synth 8-6157] synthesizing module 'lenet_w8a8_top_fc1_relu_V_RAM_AUTO_1R1W' [d:/GitHub/vivado/vivado/F_Quantization_W8A8/hls_w8a8/vivado_review/project/LeNet_W8A8_Review.gen/sources_1/bd/lenet_system/ipshared/1edf/hdl/verilog/lenet_w8a8_top_fc1_relu_V_RAM_AUTO_1R1W.v:7]
INFO: [Synth 8-6155] done synthesizing module 'lenet_w8a8_top_fc1_relu_V_RAM_AUTO_1R1W' (0#1) [d:/GitHub/vivado/vivado/F_Quantization_W8A8/hls_w8a8/vivado_review/project/LeNet_W8A8_Review.gen/sources_1/bd/lenet_system/ipshared/1edf/hdl/verilog/lenet_w8a8_top_fc1_relu_V_RAM_AUTO_1R1W.v:7]
INFO: [Synth 8-6157] synthesizing module 'lenet_w8a8_top_lenet_w8a8_top_Pipeline_OUT_CHANNEL_OUT_ROW_OUT_COL' [d:/GitHub/vivado/vivado/F_Quantization_W8A8/hls_w8a8/vivado_review/project/LeNet_W8A8_Review.gen/sources_1/bd/lenet_system/ipshared/1edf/hdl/verilog/lenet_w8a8_top_lenet_w8a8_top_Pipeline_OUT_CHANNEL_OUT_ROW_OUT_COL.v:10]
INFO: [Synth 8-6157] synthesizing module 'lenet_w8a8_top_mul_3ns_6ns_8_1_1' [d:/GitHub/vivado/vivado/F_Quantization_W8A8/hls_w8a8/vivado_review/project/LeNet_W8A8_Review.gen/sources_1/bd/lenet_system/ipshared/1edf/hdl/verilog/lenet_w8a8_top_mul_3ns_6ns_8_1_1.v:9]
INFO: [Synth 8-6155] done synthesizing module 'lenet_w8a8_top_mul_3ns_6ns_8_1_1' (0#1) [d:/GitHub/vivado/vivado/F_Quantization_W8A8/hls_w8a8/vivado_review/project/LeNet_W8A8_Review.gen/sources_1/bd/lenet_system/ipshared/1edf/hdl/verilog/lenet_w8a8_top_mul_3ns_6ns_8_1_1.v:9]
INFO: [Synth 8-6157] synthesizing module 'lenet_w8a8_top_mul_8s_8s_16_1_1' [d:/GitHub/vivado/vivado/F_Quantization_W8A8/hls_w8a8/vivado_review/project/LeNet_W8A8_Review.gen/sources_1/bd/lenet_system/ipshared/1edf/hdl/verilog/lenet_w8a8_top_mul_8s_8s_16_1_1.v:9]
INFO: [Synth 8-6155] done synthesizing module 'lenet_w8a8_top_mul_8s_8s_16_1_1' (0#1) [d:/GitHub/vivado/vivado/F_Quantization_W8A8/hls_w8a8/vivado_review/project/LeNet_W8A8_Review.gen/sources_1/bd/lenet_system/ipshared/1edf/hdl/verilog/lenet_w8a8_top_mul_8s_8s_16_1_1.v:9]
INFO: [Synth 8-6157] synthesizing module 'lenet_w8a8_top_mac_muladd_8s_8s_16s_17_4_1' [d:/GitHub/vivado/vivado/F_Quantization_W8A8/hls_w8a8/vivado_review/project/LeNet_W8A8_Review.gen/sources_1/bd/lenet_system/ipshared/1edf/hdl/verilog/lenet_w8a8_top_mac_muladd_8s_8s_16s_17_4_1.v:47]
INFO: [Synth 8-6157] synthesizing module 'lenet_w8a8_top_mac_muladd_8s_8s_16s_17_4_1_DSP48_0' [d:/GitHub/vivado/vivado/F_Quantization_W8A8/hls_w8a8/vivado_review/project/LeNet_W8A8_Review.gen/sources_1/bd/lenet_system/ipshared/1edf/hdl/verilog/lenet_w8a8_top_mac_muladd_8s_8s_16s_17_4_1.v:8]
INFO: [Synth 8-6155] done synthesizing module 'lenet_w8a8_top_mac_muladd_8s_8s_16s_17_4_1_DSP48_0' (0#1) [d:/GitHub/vivado/vivado/F_Quantization_W8A8/hls_w8a8/vivado_review/project/LeNet_W8A8_Review.gen/sources_1/bd/lenet_system/ipshared/1edf/hdl/verilog/lenet_w8a8_top_mac_muladd_8s_8s_16s_17_4_1.v:8]
INFO: [Synth 8-6155] done synthesizing module 'lenet_w8a8_top_mac_muladd_8s_8s_16s_17_4_1' (0#1) [d:/GitHub/vivado/vivado/F_Quantization_W8A8/hls_w8a8/vivado_review/project/LeNet_W8A8_Review.gen/sources_1/bd/lenet_system/ipshared/1edf/hdl/verilog/lenet_w8a8_top_mac_muladd_8s_8s_16s_17_4_1.v:47]
INFO: [Synth 8-6157] synthesizing module 'lenet_w8a8_top_mac_muladd_8s_8s_17s_17_4_1' [d:/GitHub/vivado/vivado/F_Quantization_W8A8/hls_w8a8/vivado_review/project/LeNet_W8A8_Review.gen/sources_1/bd/lenet_system/ipshared/1edf/hdl/verilog/lenet_w8a8_top_mac_muladd_8s_8s_17s_17_4_1.v:47]
INFO: [Synth 8-6157] synthesizing module 'lenet_w8a8_top_mac_muladd_8s_8s_17s_17_4_1_DSP48_1' [d:/GitHub/vivado/vivado/F_Quantization_W8A8/hls_w8a8/vivado_review/project/LeNet_W8A8_Review.gen/sources_1/bd/lenet_system/ipshared/1edf/hdl/verilog/lenet_w8a8_top_mac_muladd_8s_8s_17s_17_4_1.v:8]
INFO: [Synth 8-6155] done synthesizing module 'lenet_w8a8_top_mac_muladd_8s_8s_17s_17_4_1_DSP48_1' (0#1) [d:/GitHub/vivado/vivado/F_Quantization_W8A8/hls_w8a8/vivado_review/project/LeNet_W8A8_Review.gen/sources_1/bd/lenet_system/ipshared/1edf/hdl/verilog/lenet_w8a8_top_mac_muladd_8s_8s_17s_17_4_1.v:8]
INFO: [Synth 8-6155] done synthesizing module 'lenet_w8a8_top_mac_muladd_8s_8s_17s_17_4_1' (0#1) [d:/GitHub/vivado/vivado/F_Quantization_W8A8/hls_w8a8/vivado_review/project/LeNet_W8A8_Review.gen/sources_1/bd/lenet_system/ipshared/1edf/hdl/verilog/lenet_w8a8_top_mac_muladd_8s_8s_17s_17_4_1.v:47]
INFO: [Synth 8-6157] synthesizing module 'lenet_w8a8_top_flow_control_loop_pipe_sequential_init' [d:/GitHub/vivado/vivado/F_Quantization_W8A8/hls_w8a8/vivado_review/project/LeNet_W8A8_Review.gen/sources_1/bd/lenet_system/ipshared/1edf/hdl/verilog/lenet_w8a8_top_flow_control_loop_pipe_sequential_init.v:9]
INFO: [Synth 8-6155] done synthesizing module 'lenet_w8a8_top_flow_control_loop_pipe_sequential_init' (0#1) [d:/GitHub/vivado/vivado/F_Quantization_W8A8/hls_w8a8/vivado_review/project/LeNet_W8A8_Review.gen/sources_1/bd/lenet_system/ipshared/1edf/hdl/verilog/lenet_w8a8_top_flow_control_loop_pipe_sequential_init.v:9]
INFO: [Synth 8-6155] done synthesizing module 'lenet_w8a8_top_lenet_w8a8_top_Pipeline_OUT_CHANNEL_OUT_ROW_OUT_COL' (0#1) [d:/GitHub/vivado/vivado/F_Quantization_W8A8/hls_w8a8/vivado_review/project/LeNet_W8A8_Review.gen/sources_1/bd/lenet_system/ipshared/1edf/hdl/verilog/lenet_w8a8_top_lenet_w8a8_top_Pipeline_OUT_CHANNEL_OUT_ROW_OUT_COL.v:10]
INFO: [Synth 8-6157] synthesizing module 'lenet_w8a8_top_lenet_w8a8_top_Pipeline_POOL_CHANNEL_POOL_ROW_POOL_COL' [d:/GitHub/vivado/vivado/F_Quantization_W8A8/hls_w8a8/vivado_review/project/LeNet_W8A8_Review.gen/sources_1/bd/lenet_system/ipshared/1edf/hdl/verilog/lenet_w8a8_top_lenet_w8a8_top_Pipeline_POOL_CHANNEL_POOL_ROW_POOL_COL.v:10]
INFO: [Synth 8-6157] synthesizing module 'lenet_w8a8_top_mul_32ns_32ns_63_2_1' [d:/GitHub/vivado/vivado/F_Quantization_W8A8/hls_w8a8/vivado_review/project/LeNet_W8A8_Review.gen/sources_1/bd/lenet_system/ipshared/1edf/hdl/verilog/lenet_w8a8_top_mul_32ns_32ns_63_2_1.v:9]
INFO: [Synth 8-6155] done synthesizing module 'lenet_w8a8_top_mul_32ns_32ns_63_2_1' (0#1) [d:/GitHub/vivado/vivado/F_Quantization_W8A8/hls_w8a8/vivado_review/project/LeNet_W8A8_Review.gen/sources_1/bd/lenet_system/ipshared/1edf/hdl/verilog/lenet_w8a8_top_mul_32ns_32ns_63_2_1.v:9]
INFO: [Synth 8-6155] done synthesizing module 'lenet_w8a8_top_lenet_w8a8_top_Pipeline_POOL_CHANNEL_POOL_ROW_POOL_COL' (0#1) [d:/GitHub/vivado/vivado/F_Quantization_W8A8/hls_w8a8/vivado_review/project/LeNet_W8A8_Review.gen/sources_1/bd/lenet_system/ipshared/1edf/hdl/verilog/lenet_w8a8_top_lenet_w8a8_top_Pipeline_POOL_CHANNEL_POOL_ROW_POOL_COL.v:10]
INFO: [Synth 8-6157] synthesizing module 'lenet_w8a8_top_lenet_w8a8_top_Pipeline_POOL_CHANNEL_POOL_ROW_POOL_COL1' [d:/GitHub/vivado/vivado/F_Quantization_W8A8/hls_w8a8/vivado_review/project/LeNet_W8A8_Review.gen/sources_1/bd/lenet_system/ipshared/1edf/hdl/verilog/lenet_w8a8_top_lenet_w8a8_top_Pipeline_POOL_CHANNEL_POOL_ROW_POOL_COL1.v:10]
INFO: [Synth 8-6157] synthesizing module 'lenet_w8a8_top_mul_32ns_33ns_64_2_1' [d:/GitHub/vivado/vivado/F_Quantization_W8A8/hls_w8a8/vivado_review/project/LeNet_W8A8_Review.gen/sources_1/bd/lenet_system/ipshared/1edf/hdl/verilog/lenet_w8a8_top_mul_32ns_33ns_64_2_1.v:9]
INFO: [Synth 8-6155] done synthesizing module 'lenet_w8a8_top_mul_32ns_33ns_64_2_1' (0#1) [d:/GitHub/vivado/vivado/F_Quantization_W8A8/hls_w8a8/vivado_review/project/LeNet_W8A8_Review.gen/sources_1/bd/lenet_system/ipshared/1edf/hdl/verilog/lenet_w8a8_top_mul_32ns_33ns_64_2_1.v:9]
INFO: [Synth 8-6155] done synthesizing module 'lenet_w8a8_top_lenet_w8a8_top_Pipeline_POOL_CHANNEL_POOL_ROW_POOL_COL1' (0#1) [d:/GitHub/vivado/vivado/F_Quantization_W8A8/hls_w8a8/vivado_review/project/LeNet_W8A8_Review.gen/sources_1/bd/lenet_system/ipshared/1edf/hdl/verilog/lenet_w8a8_top_lenet_w8a8_top_Pipeline_POOL_CHANNEL_POOL_ROW_POOL_COL1.v:10]
INFO: [Synth 8-6157] synthesizing module 'lenet_w8a8_top_lenet_w8a8_top_Pipeline_IN_CHANNEL_KERNEL_ROW_KERNEL_COL' [d:/GitHub/vivado/vivado/F_Quantization_W8A8/hls_w8a8/vivado_review/project/LeNet_W8A8_Review.gen/sources_1/bd/lenet_system/ipshared/1edf/hdl/verilog/lenet_w8a8_top_lenet_w8a8_top_Pipeline_IN_CHANNEL_KERNEL_ROW_KERNEL_COL.v:10]
INFO: [Synth 8-6157] synthesizing module 'lenet_w8a8_top_mac_muladd_8s_8s_23s_23_4_1' [d:/GitHub/vivado/vivado/F_Quantization_W8A8/hls_w8a8/vivado_review/project/LeNet_W8A8_Review.gen/sources_1/bd/lenet_system/ipshared/1edf/hdl/verilog/lenet_w8a8_top_mac_muladd_8s_8s_23s_23_4_1.v:47]
INFO: [Synth 8-6157] synthesizing module 'lenet_w8a8_top_mac_muladd_8s_8s_23s_23_4_1_DSP48_2' [d:/GitHub/vivado/vivado/F_Quantization_W8A8/hls_w8a8/vivado_review/project/LeNet_W8A8_Review.gen/sources_1/bd/lenet_system/ipshared/1edf/hdl/verilog/lenet_w8a8_top_mac_muladd_8s_8s_23s_23_4_1.v:8]
INFO: [Synth 8-6155] done synthesizing module 'lenet_w8a8_top_mac_muladd_8s_8s_23s_23_4_1_DSP48_2' (0#1) [d:/GitHub/vivado/vivado/F_Quantization_W8A8/hls_w8a8/vivado_review/project/LeNet_W8A8_Review.gen/sources_1/bd/lenet_system/ipshared/1edf/hdl/verilog/lenet_w8a8_top_mac_muladd_8s_8s_23s_23_4_1.v:8]
INFO: [Synth 8-6155] done synthesizing module 'lenet_w8a8_top_mac_muladd_8s_8s_23s_23_4_1' (0#1) [d:/GitHub/vivado/vivado/F_Quantization_W8A8/hls_w8a8/vivado_review/project/LeNet_W8A8_Review.gen/sources_1/bd/lenet_system/ipshared/1edf/hdl/verilog/lenet_w8a8_top_mac_muladd_8s_8s_23s_23_4_1.v:47]
INFO: [Synth 8-6155] done synthesizing module 'lenet_w8a8_top_lenet_w8a8_top_Pipeline_IN_CHANNEL_KERNEL_ROW_KERNEL_COL' (0#1) [d:/GitHub/vivado/vivado/F_Quantization_W8A8/hls_w8a8/vivado_review/project/LeNet_W8A8_Review.gen/sources_1/bd/lenet_system/ipshared/1edf/hdl/verilog/lenet_w8a8_top_lenet_w8a8_top_Pipeline_IN_CHANNEL_KERNEL_ROW_KERNEL_COL.v:10]
INFO: [Synth 8-6157] synthesizing module 'lenet_w8a8_top_lenet_w8a8_top_Pipeline_IN_CHANNEL_KERNEL_ROW_KERNEL_COL2' [d:/GitHub/vivado/vivado/F_Quantization_W8A8/hls_w8a8/vivado_review/project/LeNet_W8A8_Review.gen/sources_1/bd/lenet_system/ipshared/1edf/hdl/verilog/lenet_w8a8_top_lenet_w8a8_top_Pipeline_IN_CHANNEL_KERNEL_ROW_KERNEL_COL2.v:10]
INFO: [Synth 8-6157] synthesizing module 'lenet_w8a8_top_mac_muladd_8s_8s_24s_24_4_1' [d:/GitHub/vivado/vivado/F_Quantization_W8A8/hls_w8a8/vivado_review/project/LeNet_W8A8_Review.gen/sources_1/bd/lenet_system/ipshared/1edf/hdl/verilog/lenet_w8a8_top_mac_muladd_8s_8s_24s_24_4_1.v:47]
INFO: [Synth 8-6157] synthesizing module 'lenet_w8a8_top_mac_muladd_8s_8s_24s_24_4_1_DSP48_3' [d:/GitHub/vivado/vivado/F_Quantization_W8A8/hls_w8a8/vivado_review/project/LeNet_W8A8_Review.gen/sources_1/bd/lenet_system/ipshared/1edf/hdl/verilog/lenet_w8a8_top_mac_muladd_8s_8s_24s_24_4_1.v:8]
INFO: [Synth 8-6155] done synthesizing module 'lenet_w8a8_top_mac_muladd_8s_8s_24s_24_4_1_DSP48_3' (0#1) [d:/GitHub/vivado/vivado/F_Quantization_W8A8/hls_w8a8/vivado_review/project/LeNet_W8A8_Review.gen/sources_1/bd/lenet_system/ipshared/1edf/hdl/verilog/lenet_w8a8_top_mac_muladd_8s_8s_24s_24_4_1.v:8]
INFO: [Synth 8-6155] done synthesizing module 'lenet_w8a8_top_mac_muladd_8s_8s_24s_24_4_1' (0#1) [d:/GitHub/vivado/vivado/F_Quantization_W8A8/hls_w8a8/vivado_review/project/LeNet_W8A8_Review.gen/sources_1/bd/lenet_system/ipshared/1edf/hdl/verilog/lenet_w8a8_top_mac_muladd_8s_8s_24s_24_4_1.v:47]
INFO: [Synth 8-6155] done synthesizing module 'lenet_w8a8_top_lenet_w8a8_top_Pipeline_IN_CHANNEL_KERNEL_ROW_KERNEL_COL2' (0#1) [d:/GitHub/vivado/vivado/F_Quantization_W8A8/hls_w8a8/vivado_review/project/LeNet_W8A8_Review.gen/sources_1/bd/lenet_system/ipshared/1edf/hdl/verilog/lenet_w8a8_top_lenet_w8a8_top_Pipeline_IN_CHANNEL_KERNEL_ROW_KERNEL_COL2.v:10]
INFO: [Synth 8-6157] synthesizing module 'lenet_w8a8_top_lenet_w8a8_top_Pipeline_REQUANT_VECTOR' [d:/GitHub/vivado/vivado/F_Quantization_W8A8/hls_w8a8/vivado_review/project/LeNet_W8A8_Review.gen/sources_1/bd/lenet_system/ipshared/1edf/hdl/verilog/lenet_w8a8_top_lenet_w8a8_top_Pipeline_REQUANT_VECTOR.v:10]
INFO: [Synth 8-6155] done synthesizing module 'lenet_w8a8_top_lenet_w8a8_top_Pipeline_REQUANT_VECTOR' (0#1) [d:/GitHub/vivado/vivado/F_Quantization_W8A8/hls_w8a8/vivado_review/project/LeNet_W8A8_Review.gen/sources_1/bd/lenet_system/ipshared/1edf/hdl/verilog/lenet_w8a8_top_lenet_w8a8_top_Pipeline_REQUANT_VECTOR.v:10]
INFO: [Synth 8-6157] synthesizing module 'lenet_w8a8_top_lenet_w8a8_top_Pipeline_DENSE_OUTPUT_DENSE_INPUT' [d:/GitHub/vivado/vivado/F_Quantization_W8A8/hls_w8a8/vivado_review/project/LeNet_W8A8_Review.gen/sources_1/bd/lenet_system/ipshared/1edf/hdl/verilog/lenet_w8a8_top_lenet_w8a8_top_Pipeline_DENSE_OUTPUT_DENSE_INPUT.v:10]
INFO: [Synth 8-6157] synthesizing module 'lenet_w8a8_top_mac_muladd_8s_8s_22s_22_4_1' [d:/GitHub/vivado/vivado/F_Quantization_W8A8/hls_w8a8/vivado_review/project/LeNet_W8A8_Review.gen/sources_1/bd/lenet_system/ipshared/1edf/hdl/verilog/lenet_w8a8_top_mac_muladd_8s_8s_22s_22_4_1.v:47]
INFO: [Synth 8-6157] synthesizing module 'lenet_w8a8_top_mac_muladd_8s_8s_22s_22_4_1_DSP48_4' [d:/GitHub/vivado/vivado/F_Quantization_W8A8/hls_w8a8/vivado_review/project/LeNet_W8A8_Review.gen/sources_1/bd/lenet_system/ipshared/1edf/hdl/verilog/lenet_w8a8_top_mac_muladd_8s_8s_22s_22_4_1.v:8]
INFO: [Synth 8-6155] done synthesizing module 'lenet_w8a8_top_mac_muladd_8s_8s_22s_22_4_1_DSP48_4' (0#1) [d:/GitHub/vivado/vivado/F_Quantization_W8A8/hls_w8a8/vivado_review/project/LeNet_W8A8_Review.gen/sources_1/bd/lenet_system/ipshared/1edf/hdl/verilog/lenet_w8a8_top_mac_muladd_8s_8s_22s_22_4_1.v:8]
INFO: [Synth 8-6155] done synthesizing module 'lenet_w8a8_top_mac_muladd_8s_8s_22s_22_4_1' (0#1) [d:/GitHub/vivado/vivado/F_Quantization_W8A8/hls_w8a8/vivado_review/project/LeNet_W8A8_Review.gen/sources_1/bd/lenet_system/ipshared/1edf/hdl/verilog/lenet_w8a8_top_mac_muladd_8s_8s_22s_22_4_1.v:47]
INFO: [Synth 8-6155] done synthesizing module 'lenet_w8a8_top_lenet_w8a8_top_Pipeline_DENSE_OUTPUT_DENSE_INPUT' (0#1) [d:/GitHub/vivado/vivado/F_Quantization_W8A8/hls_w8a8/vivado_review/project/LeNet_W8A8_Review.gen/sources_1/bd/lenet_system/ipshared/1edf/hdl/verilog/lenet_w8a8_top_lenet_w8a8_top_Pipeline_DENSE_OUTPUT_DENSE_INPUT.v:10]
INFO: [Synth 8-6157] synthesizing module 'lenet_w8a8_top_lenet_w8a8_top_Pipeline_REQUANT_VECTOR3' [d:/GitHub/vivado/vivado/F_Quantization_W8A8/hls_w8a8/vivado_review/project/LeNet_W8A8_Review.gen/sources_1/bd/lenet_system/ipshared/1edf/hdl/verilog/lenet_w8a8_top_lenet_w8a8_top_Pipeline_REQUANT_VECTOR3.v:10]
INFO: [Synth 8-6157] synthesizing module 'lenet_w8a8_top_mul_32ns_34ns_64_2_1' [d:/GitHub/vivado/vivado/F_Quantization_W8A8/hls_w8a8/vivado_review/project/LeNet_W8A8_Review.gen/sources_1/bd/lenet_system/ipshared/1edf/hdl/verilog/lenet_w8a8_top_mul_32ns_34ns_64_2_1.v:9]
INFO: [Synth 8-6155] done synthesizing module 'lenet_w8a8_top_mul_32ns_34ns_64_2_1' (0#1) [d:/GitHub/vivado/vivado/F_Quantization_W8A8/hls_w8a8/vivado_review/project/LeNet_W8A8_Review.gen/sources_1/bd/lenet_system/ipshared/1edf/hdl/verilog/lenet_w8a8_top_mul_32ns_34ns_64_2_1.v:9]
INFO: [Synth 8-6155] done synthesizing module 'lenet_w8a8_top_lenet_w8a8_top_Pipeline_REQUANT_VECTOR3' (0#1) [d:/GitHub/vivado/vivado/F_Quantization_W8A8/hls_w8a8/vivado_review/project/LeNet_W8A8_Review.gen/sources_1/bd/lenet_system/ipshared/1edf/hdl/verilog/lenet_w8a8_top_lenet_w8a8_top_Pipeline_REQUANT_VECTOR3.v:10]
INFO: [Synth 8-6157] synthesizing module 'lenet_w8a8_top_lenet_w8a8_top_Pipeline_DENSE_INPUT' [d:/GitHub/vivado/vivado/F_Quantization_W8A8/hls_w8a8/vivado_review/project/LeNet_W8A8_Review.gen/sources_1/bd/lenet_system/ipshared/1edf/hdl/verilog/lenet_w8a8_top_lenet_w8a8_top_Pipeline_DENSE_INPUT.v:10]
INFO: [Synth 8-6155] done synthesizing module 'lenet_w8a8_top_lenet_w8a8_top_Pipeline_DENSE_INPUT' (0#1) [d:/GitHub/vivado/vivado/F_Quantization_W8A8/hls_w8a8/vivado_review/project/LeNet_W8A8_Review.gen/sources_1/bd/lenet_system/ipshared/1edf/hdl/verilog/lenet_w8a8_top_lenet_w8a8_top_Pipeline_DENSE_INPUT.v:10]
INFO: [Synth 8-6157] synthesizing module 'lenet_w8a8_top_control_s_axi' [d:/GitHub/vivado/vivado/F_Quantization_W8A8/hls_w8a8/vivado_review/project/LeNet_W8A8_Review.gen/sources_1/bd/lenet_system/ipshared/1edf/hdl/verilog/lenet_w8a8_top_control_s_axi.v:7]
INFO: [Synth 8-155] case statement is not full and has no default [d:/GitHub/vivado/vivado/F_Quantization_W8A8/hls_w8a8/vivado_review/project/LeNet_W8A8_Review.gen/sources_1/bd/lenet_system/ipshared/1edf/hdl/verilog/lenet_w8a8_top_control_s_axi.v:223]
INFO: [Synth 8-6155] done synthesizing module 'lenet_w8a8_top_control_s_axi' (0#1) [d:/GitHub/vivado/vivado/F_Quantization_W8A8/hls_w8a8/vivado_review/project/LeNet_W8A8_Review.gen/sources_1/bd/lenet_system/ipshared/1edf/hdl/verilog/lenet_w8a8_top_control_s_axi.v:7]
INFO: [Synth 8-6157] synthesizing module 'lenet_w8a8_top_gmem0_m_axi' [d:/GitHub/vivado/vivado/F_Quantization_W8A8/hls_w8a8/vivado_review/project/LeNet_W8A8_Review.gen/sources_1/bd/lenet_system/ipshared/1edf/hdl/verilog/lenet_w8a8_top_gmem0_m_axi.v:11]
INFO: [Synth 8-6157] synthesizing module 'lenet_w8a8_top_gmem0_m_axi_store' [d:/GitHub/vivado/vivado/F_Quantization_W8A8/hls_w8a8/vivado_review/project/LeNet_W8A8_Review.gen/sources_1/bd/lenet_system/ipshared/1edf/hdl/verilog/lenet_w8a8_top_gmem0_m_axi.v:781]
INFO: [Synth 8-6157] synthesizing module 'lenet_w8a8_top_gmem0_m_axi_fifo' [d:/GitHub/vivado/vivado/F_Quantization_W8A8/hls_w8a8/vivado_review/project/LeNet_W8A8_Review.gen/sources_1/bd/lenet_system/ipshared/1edf/hdl/verilog/lenet_w8a8_top_gmem0_m_axi.v:2551]
INFO: [Synth 8-6157] synthesizing module 'lenet_w8a8_top_gmem0_m_axi_srl' [d:/GitHub/vivado/vivado/F_Quantization_W8A8/hls_w8a8/vivado_review/project/LeNet_W8A8_Review.gen/sources_1/bd/lenet_system/ipshared/1edf/hdl/verilog/lenet_w8a8_top_gmem0_m_axi.v:2729]
INFO: [Synth 8-6155] done synthesizing module 'lenet_w8a8_top_gmem0_m_axi_srl' (0#1) [d:/GitHub/vivado/vivado/F_Quantization_W8A8/hls_w8a8/vivado_review/project/LeNet_W8A8_Review.gen/sources_1/bd/lenet_system/ipshared/1edf/hdl/verilog/lenet_w8a8_top_gmem0_m_axi.v:2729]
INFO: [Synth 8-6155] done synthesizing module 'lenet_w8a8_top_gmem0_m_axi_fifo' (0#1) [d:/GitHub/vivado/vivado/F_Quantization_W8A8/hls_w8a8/vivado_review/project/LeNet_W8A8_Review.gen/sources_1/bd/lenet_system/ipshared/1edf/hdl/verilog/lenet_w8a8_top_gmem0_m_axi.v:2551]
INFO: [Synth 8-6157] synthesizing module 'lenet_w8a8_top_gmem0_m_axi_fifo__parameterized0' [d:/GitHub/vivado/vivado/F_Quantization_W8A8/hls_w8a8/vivado_review/project/LeNet_W8A8_Review.gen/sources_1/bd/lenet_system/ipshared/1edf/hdl/verilog/lenet_w8a8_top_gmem0_m_axi.v:2551]
INFO: [Synth 8-6157] synthesizing module 'lenet_w8a8_top_gmem0_m_axi_srl__parameterized0' [d:/GitHub/vivado/vivado/F_Quantization_W8A8/hls_w8a8/vivado_review/project/LeNet_W8A8_Review.gen/sources_1/bd/lenet_system/ipshared/1edf/hdl/verilog/lenet_w8a8_top_gmem0_m_axi.v:2729]
INFO: [Synth 8-6155] done synthesizing module 'lenet_w8a8_top_gmem0_m_axi_srl__parameterized0' (0#1) [d:/GitHub/vivado/vivado/F_Quantization_W8A8/hls_w8a8/vivado_review/project/LeNet_W8A8_Review.gen/sources_1/bd/lenet_system/ipshared/1edf/hdl/verilog/lenet_w8a8_top_gmem0_m_axi.v:2729]
INFO: [Synth 8-6155] done synthesizing module 'lenet_w8a8_top_gmem0_m_axi_fifo__parameterized0' (0#1) [d:/GitHub/vivado/vivado/F_Quantization_W8A8/hls_w8a8/vivado_review/project/LeNet_W8A8_Review.gen/sources_1/bd/lenet_system/ipshared/1edf/hdl/verilog/lenet_w8a8_top_gmem0_m_axi.v:2551]
INFO: [Synth 8-6157] synthesizing module 'lenet_w8a8_top_gmem0_m_axi_fifo__parameterized1' [d:/GitHub/vivado/vivado/F_Quantization_W8A8/hls_w8a8/vivado_review/project/LeNet_W8A8_Review.gen/sources_1/bd/lenet_system/ipshared/1edf/hdl/verilog/lenet_w8a8_top_gmem0_m_axi.v:2551]
INFO: [Synth 8-6157] synthesizing module 'lenet_w8a8_top_gmem0_m_axi_mem' [d:/GitHub/vivado/vivado/F_Quantization_W8A8/hls_w8a8/vivado_review/project/LeNet_W8A8_Review.gen/sources_1/bd/lenet_system/ipshared/1edf/hdl/verilog/lenet_w8a8_top_gmem0_m_axi.v:2783]
INFO: [Synth 8-6155] done synthesizing module 'lenet_w8a8_top_gmem0_m_axi_mem' (0#1) [d:/GitHub/vivado/vivado/F_Quantization_W8A8/hls_w8a8/vivado_review/project/LeNet_W8A8_Review.gen/sources_1/bd/lenet_system/ipshared/1edf/hdl/verilog/lenet_w8a8_top_gmem0_m_axi.v:2783]
INFO: [Synth 8-6155] done synthesizing module 'lenet_w8a8_top_gmem0_m_axi_fifo__parameterized1' (0#1) [d:/GitHub/vivado/vivado/F_Quantization_W8A8/hls_w8a8/vivado_review/project/LeNet_W8A8_Review.gen/sources_1/bd/lenet_system/ipshared/1edf/hdl/verilog/lenet_w8a8_top_gmem0_m_axi.v:2551]
INFO: [Synth 8-6157] synthesizing module 'lenet_w8a8_top_gmem0_m_axi_fifo__parameterized2' [d:/GitHub/vivado/vivado/F_Quantization_W8A8/hls_w8a8/vivado_review/project/LeNet_W8A8_Review.gen/sources_1/bd/lenet_system/ipshared/1edf/hdl/verilog/lenet_w8a8_top_gmem0_m_axi.v:2551]
INFO: [Synth 8-6157] synthesizing module 'lenet_w8a8_top_gmem0_m_axi_srl__parameterized1' [d:/GitHub/vivado/vivado/F_Quantization_W8A8/hls_w8a8/vivado_review/project/LeNet_W8A8_Review.gen/sources_1/bd/lenet_system/ipshared/1edf/hdl/verilog/lenet_w8a8_top_gmem0_m_axi.v:2729]
INFO: [Synth 8-6155] done synthesizing module 'lenet_w8a8_top_gmem0_m_axi_srl__parameterized1' (0#1) [d:/GitHub/vivado/vivado/F_Quantization_W8A8/hls_w8a8/vivado_review/project/LeNet_W8A8_Review.gen/sources_1/bd/lenet_system/ipshared/1edf/hdl/verilog/lenet_w8a8_top_gmem0_m_axi.v:2729]
INFO: [Synth 8-6155] done synthesizing module 'lenet_w8a8_top_gmem0_m_axi_fifo__parameterized2' (0#1) [d:/GitHub/vivado/vivado/F_Quantization_W8A8/hls_w8a8/vivado_review/project/LeNet_W8A8_Review.gen/sources_1/bd/lenet_system/ipshared/1edf/hdl/verilog/lenet_w8a8_top_gmem0_m_axi.v:2551]
INFO: [Synth 8-6157] synthesizing module 'lenet_w8a8_top_gmem0_m_axi_fifo__parameterized3' [d:/GitHub/vivado/vivado/F_Quantization_W8A8/hls_w8a8/vivado_review/project/LeNet_W8A8_Review.gen/sources_1/bd/lenet_system/ipshared/1edf/hdl/verilog/lenet_w8a8_top_gmem0_m_axi.v:2551]
INFO: [Synth 8-6157] synthesizing module 'lenet_w8a8_top_gmem0_m_axi_srl__parameterized2' [d:/GitHub/vivado/vivado/F_Quantization_W8A8/hls_w8a8/vivado_review/project/LeNet_W8A8_Review.gen/sources_1/bd/lenet_system/ipshared/1edf/hdl/verilog/lenet_w8a8_top_gmem0_m_axi.v:2729]
INFO: [Synth 8-6155] done synthesizing module 'lenet_w8a8_top_gmem0_m_axi_srl__parameterized2' (0#1) [d:/GitHub/vivado/vivado/F_Quantization_W8A8/hls_w8a8/vivado_review/project/LeNet_W8A8_Review.gen/sources_1/bd/lenet_system/ipshared/1edf/hdl/verilog/lenet_w8a8_top_gmem0_m_axi.v:2729]
INFO: [Synth 8-6155] done synthesizing module 'lenet_w8a8_top_gmem0_m_axi_fifo__parameterized3' (0#1) [d:/GitHub/vivado/vivado/F_Quantization_W8A8/hls_w8a8/vivado_review/project/LeNet_W8A8_Review.gen/sources_1/bd/lenet_system/ipshared/1edf/hdl/verilog/lenet_w8a8_top_gmem0_m_axi.v:2551]
INFO: [Synth 8-6155] done synthesizing module 'lenet_w8a8_top_gmem0_m_axi_store' (0#1) [d:/GitHub/vivado/vivado/F_Quantization_W8A8/hls_w8a8/vivado_review/project/LeNet_W8A8_Review.gen/sources_1/bd/lenet_system/ipshared/1edf/hdl/verilog/lenet_w8a8_top_gmem0_m_axi.v:781]
INFO: [Synth 8-6157] synthesizing module 'lenet_w8a8_top_gmem0_m_axi_load' [d:/GitHub/vivado/vivado/F_Quantization_W8A8/hls_w8a8/vivado_review/project/LeNet_W8A8_Review.gen/sources_1/bd/lenet_system/ipshared/1edf/hdl/verilog/lenet_w8a8_top_gmem0_m_axi.v:325]
INFO: [Synth 8-6157] synthesizing module 'lenet_w8a8_top_gmem0_m_axi_fifo__parameterized4' [d:/GitHub/vivado/vivado/F_Quantization_W8A8/hls_w8a8/vivado_review/project/LeNet_W8A8_Review.gen/sources_1/bd/lenet_system/ipshared/1edf/hdl/verilog/lenet_w8a8_top_gmem0_m_axi.v:2551]
INFO: [Synth 8-6157] synthesizing module 'lenet_w8a8_top_gmem0_m_axi_srl__parameterized3' [d:/GitHub/vivado/vivado/F_Quantization_W8A8/hls_w8a8/vivado_review/project/LeNet_W8A8_Review.gen/sources_1/bd/lenet_system/ipshared/1edf/hdl/verilog/lenet_w8a8_top_gmem0_m_axi.v:2729]
INFO: [Synth 8-6155] done synthesizing module 'lenet_w8a8_top_gmem0_m_axi_srl__parameterized3' (0#1) [d:/GitHub/vivado/vivado/F_Quantization_W8A8/hls_w8a8/vivado_review/project/LeNet_W8A8_Review.gen/sources_1/bd/lenet_system/ipshared/1edf/hdl/verilog/lenet_w8a8_top_gmem0_m_axi.v:2729]
INFO: [Synth 8-6155] done synthesizing module 'lenet_w8a8_top_gmem0_m_axi_fifo__parameterized4' (0#1) [d:/GitHub/vivado/vivado/F_Quantization_W8A8/hls_w8a8/vivado_review/project/LeNet_W8A8_Review.gen/sources_1/bd/lenet_system/ipshared/1edf/hdl/verilog/lenet_w8a8_top_gmem0_m_axi.v:2551]
INFO: [Synth 8-6157] synthesizing module 'lenet_w8a8_top_gmem0_m_axi_fifo__parameterized5' [d:/GitHub/vivado/vivado/F_Quantization_W8A8/hls_w8a8/vivado_review/project/LeNet_W8A8_Review.gen/sources_1/bd/lenet_system/ipshared/1edf/hdl/verilog/lenet_w8a8_top_gmem0_m_axi.v:2551]
INFO: [Synth 8-6157] synthesizing module 'lenet_w8a8_top_gmem0_m_axi_mem__parameterized0' [d:/GitHub/vivado/vivado/F_Quantization_W8A8/hls_w8a8/vivado_review/project/LeNet_W8A8_Review.gen/sources_1/bd/lenet_system/ipshared/1edf/hdl/verilog/lenet_w8a8_top_gmem0_m_axi.v:2783]
INFO: [Synth 8-6155] done synthesizing module 'lenet_w8a8_top_gmem0_m_axi_mem__parameterized0' (0#1) [d:/GitHub/vivado/vivado/F_Quantization_W8A8/hls_w8a8/vivado_review/project/LeNet_W8A8_Review.gen/sources_1/bd/lenet_system/ipshared/1edf/hdl/verilog/lenet_w8a8_top_gmem0_m_axi.v:2783]
INFO: [Synth 8-6155] done synthesizing module 'lenet_w8a8_top_gmem0_m_axi_fifo__parameterized5' (0#1) [d:/GitHub/vivado/vivado/F_Quantization_W8A8/hls_w8a8/vivado_review/project/LeNet_W8A8_Review.gen/sources_1/bd/lenet_system/ipshared/1edf/hdl/verilog/lenet_w8a8_top_gmem0_m_axi.v:2551]
INFO: [Synth 8-6155] done synthesizing module 'lenet_w8a8_top_gmem0_m_axi_load' (0#1) [d:/GitHub/vivado/vivado/F_Quantization_W8A8/hls_w8a8/vivado_review/project/LeNet_W8A8_Review.gen/sources_1/bd/lenet_system/ipshared/1edf/hdl/verilog/lenet_w8a8_top_gmem0_m_axi.v:325]
INFO: [Synth 8-6157] synthesizing module 'lenet_w8a8_top_gmem0_m_axi_write' [d:/GitHub/vivado/vivado/F_Quantization_W8A8/hls_w8a8/vivado_review/project/LeNet_W8A8_Review.gen/sources_1/bd/lenet_system/ipshared/1edf/hdl/verilog/lenet_w8a8_top_gmem0_m_axi.v:1716]
INFO: [Synth 8-6157] synthesizing module 'lenet_w8a8_top_gmem0_m_axi_reg_slice' [d:/GitHub/vivado/vivado/F_Quantization_W8A8/hls_w8a8/vivado_review/project/LeNet_W8A8_Review.gen/sources_1/bd/lenet_system/ipshared/1edf/hdl/verilog/lenet_w8a8_top_gmem0_m_axi.v:2449]
INFO: [Synth 8-6155] done synthesizing module 'lenet_w8a8_top_gmem0_m_axi_reg_slice' (0#1) [d:/GitHub/vivado/vivado/F_Quantization_W8A8/hls_w8a8/vivado_review/project/LeNet_W8A8_Review.gen/sources_1/bd/lenet_system/ipshared/1edf/hdl/verilog/lenet_w8a8_top_gmem0_m_axi.v:2449]
INFO: [Synth 8-6157] synthesizing module 'lenet_w8a8_top_gmem0_m_axi_fifo__parameterized6' [d:/GitHub/vivado/vivado/F_Quantization_W8A8/hls_w8a8/vivado_review/project/LeNet_W8A8_Review.gen/sources_1/bd/lenet_system/ipshared/1edf/hdl/verilog/lenet_w8a8_top_gmem0_m_axi.v:2551]
INFO: [Synth 8-6157] synthesizing module 'lenet_w8a8_top_gmem0_m_axi_srl__parameterized4' [d:/GitHub/vivado/vivado/F_Quantization_W8A8/hls_w8a8/vivado_review/project/LeNet_W8A8_Review.gen/sources_1/bd/lenet_system/ipshared/1edf/hdl/verilog/lenet_w8a8_top_gmem0_m_axi.v:2729]
INFO: [Synth 8-6155] done synthesizing module 'lenet_w8a8_top_gmem0_m_axi_srl__parameterized4' (0#1) [d:/GitHub/vivado/vivado/F_Quantization_W8A8/hls_w8a8/vivado_review/project/LeNet_W8A8_Review.gen/sources_1/bd/lenet_system/ipshared/1edf/hdl/verilog/lenet_w8a8_top_gmem0_m_axi.v:2729]
INFO: [Synth 8-6155] done synthesizing module 'lenet_w8a8_top_gmem0_m_axi_fifo__parameterized6' (0#1) [d:/GitHub/vivado/vivado/F_Quantization_W8A8/hls_w8a8/vivado_review/project/LeNet_W8A8_Review.gen/sources_1/bd/lenet_system/ipshared/1edf/hdl/verilog/lenet_w8a8_top_gmem0_m_axi.v:2551]
INFO: [Synth 8-6157] synthesizing module 'lenet_w8a8_top_gmem0_m_axi_throttle' [d:/GitHub/vivado/vivado/F_Quantization_W8A8/hls_w8a8/vivado_review/project/LeNet_W8A8_Review.gen/sources_1/bd/lenet_system/ipshared/1edf/hdl/verilog/lenet_w8a8_top_gmem0_m_axi.v:2224]
INFO: [Synth 8-6157] synthesizing module 'lenet_w8a8_top_gmem0_m_axi_reg_slice__parameterized0' [d:/GitHub/vivado/vivado/F_Quantization_W8A8/hls_w8a8/vivado_review/project/LeNet_W8A8_Review.gen/sources_1/bd/lenet_system/ipshared/1edf/hdl/verilog/lenet_w8a8_top_gmem0_m_axi.v:2449]
INFO: [Synth 8-6155] done synthesizing module 'lenet_w8a8_top_gmem0_m_axi_reg_slice__parameterized0' (0#1) [d:/GitHub/vivado/vivado/F_Quantization_W8A8/hls_w8a8/vivado_review/project/LeNet_W8A8_Review.gen/sources_1/bd/lenet_system/ipshared/1edf/hdl/verilog/lenet_w8a8_top_gmem0_m_axi.v:2449]
INFO: [Synth 8-6157] synthesizing module 'lenet_w8a8_top_gmem0_m_axi_fifo__parameterized7' [d:/GitHub/vivado/vivado/F_Quantization_W8A8/hls_w8a8/vivado_review/project/LeNet_W8A8_Review.gen/sources_1/bd/lenet_system/ipshared/1edf/hdl/verilog/lenet_w8a8_top_gmem0_m_axi.v:2551]
INFO: [Synth 8-6157] synthesizing module 'lenet_w8a8_top_gmem0_m_axi_srl__parameterized5' [d:/GitHub/vivado/vivado/F_Quantization_W8A8/hls_w8a8/vivado_review/project/LeNet_W8A8_Review.gen/sources_1/bd/lenet_system/ipshared/1edf/hdl/verilog/lenet_w8a8_top_gmem0_m_axi.v:2729]
INFO: [Synth 8-6155] done synthesizing module 'lenet_w8a8_top_gmem0_m_axi_srl__parameterized5' (0#1) [d:/GitHub/vivado/vivado/F_Quantization_W8A8/hls_w8a8/vivado_review/project/LeNet_W8A8_Review.gen/sources_1/bd/lenet_system/ipshared/1edf/hdl/verilog/lenet_w8a8_top_gmem0_m_axi.v:2729]
INFO: [Synth 8-6155] done synthesizing module 'lenet_w8a8_top_gmem0_m_axi_fifo__parameterized7' (0#1) [d:/GitHub/vivado/vivado/F_Quantization_W8A8/hls_w8a8/vivado_review/project/LeNet_W8A8_Review.gen/sources_1/bd/lenet_system/ipshared/1edf/hdl/verilog/lenet_w8a8_top_gmem0_m_axi.v:2551]
INFO: [Synth 8-6157] synthesizing module 'lenet_w8a8_top_gmem0_m_axi_fifo__parameterized8' [d:/GitHub/vivado/vivado/F_Quantization_W8A8/hls_w8a8/vivado_review/project/LeNet_W8A8_Review.gen/sources_1/bd/lenet_system/ipshared/1edf/hdl/verilog/lenet_w8a8_top_gmem0_m_axi.v:2551]
INFO: [Synth 8-6157] synthesizing module 'lenet_w8a8_top_gmem0_m_axi_srl__parameterized6' [d:/GitHub/vivado/vivado/F_Quantization_W8A8/hls_w8a8/vivado_review/project/LeNet_W8A8_Review.gen/sources_1/bd/lenet_system/ipshared/1edf/hdl/verilog/lenet_w8a8_top_gmem0_m_axi.v:2729]
INFO: [Synth 8-6155] done synthesizing module 'lenet_w8a8_top_gmem0_m_axi_srl__parameterized6' (0#1) [d:/GitHub/vivado/vivado/F_Quantization_W8A8/hls_w8a8/vivado_review/project/LeNet_W8A8_Review.gen/sources_1/bd/lenet_system/ipshared/1edf/hdl/verilog/lenet_w8a8_top_gmem0_m_axi.v:2729]
INFO: [Synth 8-6155] done synthesizing module 'lenet_w8a8_top_gmem0_m_axi_fifo__parameterized8' (0#1) [d:/GitHub/vivado/vivado/F_Quantization_W8A8/hls_w8a8/vivado_review/project/LeNet_W8A8_Review.gen/sources_1/bd/lenet_system/ipshared/1edf/hdl/verilog/lenet_w8a8_top_gmem0_m_axi.v:2551]
INFO: [Synth 8-6155] done synthesizing module 'lenet_w8a8_top_gmem0_m_axi_throttle' (0#1) [d:/GitHub/vivado/vivado/F_Quantization_W8A8/hls_w8a8/vivado_review/project/LeNet_W8A8_Review.gen/sources_1/bd/lenet_system/ipshared/1edf/hdl/verilog/lenet_w8a8_top_gmem0_m_axi.v:2224]
INFO: [Synth 8-6157] synthesizing module 'lenet_w8a8_top_gmem0_m_axi_reg_slice__parameterized1' [d:/GitHub/vivado/vivado/F_Quantization_W8A8/hls_w8a8/vivado_review/project/LeNet_W8A8_Review.gen/sources_1/bd/lenet_system/ipshared/1edf/hdl/verilog/lenet_w8a8_top_gmem0_m_axi.v:2449]
INFO: [Synth 8-6155] done synthesizing module 'lenet_w8a8_top_gmem0_m_axi_reg_slice__parameterized1' (0#1) [d:/GitHub/vivado/vivado/F_Quantization_W8A8/hls_w8a8/vivado_review/project/LeNet_W8A8_Review.gen/sources_1/bd/lenet_system/ipshared/1edf/hdl/verilog/lenet_w8a8_top_gmem0_m_axi.v:2449]
WARNING: [Synth 8-589] replacing case/wildcard equality operator === with logical equality operator == [d:/GitHub/vivado/vivado/F_Quantization_W8A8/hls_w8a8/vivado_review/project/LeNet_W8A8_Review.gen/sources_1/bd/lenet_system/ipshared/1edf/hdl/verilog/lenet_w8a8_top_gmem0_m_axi.v:2216]
WARNING: [Synth 8-589] replacing case/wildcard equality operator === with logical equality operator == [d:/GitHub/vivado/vivado/F_Quantization_W8A8/hls_w8a8/vivado_review/project/LeNet_W8A8_Review.gen/sources_1/bd/lenet_system/ipshared/1edf/hdl/verilog/lenet_w8a8_top_gmem0_m_axi.v:2219]
INFO: [Synth 8-6155] done synthesizing module 'lenet_w8a8_top_gmem0_m_axi_write' (0#1) [d:/GitHub/vivado/vivado/F_Quantization_W8A8/hls_w8a8/vivado_review/project/LeNet_W8A8_Review.gen/sources_1/bd/lenet_system/ipshared/1edf/hdl/verilog/lenet_w8a8_top_gmem0_m_axi.v:1716]
INFO: [Synth 8-6157] synthesizing module 'lenet_w8a8_top_gmem0_m_axi_read' [d:/GitHub/vivado/vivado/F_Quantization_W8A8/hls_w8a8/vivado_review/project/LeNet_W8A8_Review.gen/sources_1/bd/lenet_system/ipshared/1edf/hdl/verilog/lenet_w8a8_top_gmem0_m_axi.v:1332]
INFO: [Synth 8-6157] synthesizing module 'lenet_w8a8_top_gmem0_m_axi_reg_slice__parameterized2' [d:/GitHub/vivado/vivado/F_Quantization_W8A8/hls_w8a8/vivado_review/project/LeNet_W8A8_Review.gen/sources_1/bd/lenet_system/ipshared/1edf/hdl/verilog/lenet_w8a8_top_gmem0_m_axi.v:2449]
INFO: [Synth 8-6155] done synthesizing module 'lenet_w8a8_top_gmem0_m_axi_reg_slice__parameterized2' (0#1) [d:/GitHub/vivado/vivado/F_Quantization_W8A8/hls_w8a8/vivado_review/project/LeNet_W8A8_Review.gen/sources_1/bd/lenet_system/ipshared/1edf/hdl/verilog/lenet_w8a8_top_gmem0_m_axi.v:2449]
WARNING: [Synth 8-589] replacing case/wildcard equality operator === with logical equality operator == [d:/GitHub/vivado/vivado/F_Quantization_W8A8/hls_w8a8/vivado_review/project/LeNet_W8A8_Review.gen/sources_1/bd/lenet_system/ipshared/1edf/hdl/verilog/lenet_w8a8_top_gmem0_m_axi.v:1708]
INFO: [Synth 8-6155] done synthesizing module 'lenet_w8a8_top_gmem0_m_axi_read' (0#1) [d:/GitHub/vivado/vivado/F_Quantization_W8A8/hls_w8a8/vivado_review/project/LeNet_W8A8_Review.gen/sources_1/bd/lenet_system/ipshared/1edf/hdl/verilog/lenet_w8a8_top_gmem0_m_axi.v:1332]
INFO: [Synth 8-6155] done synthesizing module 'lenet_w8a8_top_gmem0_m_axi' (0#1) [d:/GitHub/vivado/vivado/F_Quantization_W8A8/hls_w8a8/vivado_review/project/LeNet_W8A8_Review.gen/sources_1/bd/lenet_system/ipshared/1edf/hdl/verilog/lenet_w8a8_top_gmem0_m_axi.v:11]
INFO: [Synth 8-6157] synthesizing module 'lenet_w8a8_top_gmem1_m_axi' [d:/GitHub/vivado/vivado/F_Quantization_W8A8/hls_w8a8/vivado_review/project/LeNet_W8A8_Review.gen/sources_1/bd/lenet_system/ipshared/1edf/hdl/verilog/lenet_w8a8_top_gmem1_m_axi.v:11]
INFO: [Synth 8-6157] synthesizing module 'lenet_w8a8_top_gmem1_m_axi_store' [d:/GitHub/vivado/vivado/F_Quantization_W8A8/hls_w8a8/vivado_review/project/LeNet_W8A8_Review.gen/sources_1/bd/lenet_system/ipshared/1edf/hdl/verilog/lenet_w8a8_top_gmem1_m_axi.v:781]
INFO: [Synth 8-6157] synthesizing module 'lenet_w8a8_top_gmem1_m_axi_fifo' [d:/GitHub/vivado/vivado/F_Quantization_W8A8/hls_w8a8/vivado_review/project/LeNet_W8A8_Review.gen/sources_1/bd/lenet_system/ipshared/1edf/hdl/verilog/lenet_w8a8_top_gmem1_m_axi.v:2551]
INFO: [Synth 8-6157] synthesizing module 'lenet_w8a8_top_gmem1_m_axi_srl' [d:/GitHub/vivado/vivado/F_Quantization_W8A8/hls_w8a8/vivado_review/project/LeNet_W8A8_Review.gen/sources_1/bd/lenet_system/ipshared/1edf/hdl/verilog/lenet_w8a8_top_gmem1_m_axi.v:2729]
INFO: [Synth 8-6155] done synthesizing module 'lenet_w8a8_top_gmem1_m_axi_srl' (0#1) [d:/GitHub/vivado/vivado/F_Quantization_W8A8/hls_w8a8/vivado_review/project/LeNet_W8A8_Review.gen/sources_1/bd/lenet_system/ipshared/1edf/hdl/verilog/lenet_w8a8_top_gmem1_m_axi.v:2729]
INFO: [Synth 8-6155] done synthesizing module 'lenet_w8a8_top_gmem1_m_axi_fifo' (0#1) [d:/GitHub/vivado/vivado/F_Quantization_W8A8/hls_w8a8/vivado_review/project/LeNet_W8A8_Review.gen/sources_1/bd/lenet_system/ipshared/1edf/hdl/verilog/lenet_w8a8_top_gmem1_m_axi.v:2551]
INFO: [Synth 8-6157] synthesizing module 'lenet_w8a8_top_gmem1_m_axi_fifo__parameterized0' [d:/GitHub/vivado/vivado/F_Quantization_W8A8/hls_w8a8/vivado_review/project/LeNet_W8A8_Review.gen/sources_1/bd/lenet_system/ipshared/1edf/hdl/verilog/lenet_w8a8_top_gmem1_m_axi.v:2551]
INFO: [Synth 8-6157] synthesizing module 'lenet_w8a8_top_gmem1_m_axi_srl__parameterized0' [d:/GitHub/vivado/vivado/F_Quantization_W8A8/hls_w8a8/vivado_review/project/LeNet_W8A8_Review.gen/sources_1/bd/lenet_system/ipshared/1edf/hdl/verilog/lenet_w8a8_top_gmem1_m_axi.v:2729]
INFO: [Synth 8-6155] done synthesizing module 'lenet_w8a8_top_gmem1_m_axi_srl__parameterized0' (0#1) [d:/GitHub/vivado/vivado/F_Quantization_W8A8/hls_w8a8/vivado_review/project/LeNet_W8A8_Review.gen/sources_1/bd/lenet_system/ipshared/1edf/hdl/verilog/lenet_w8a8_top_gmem1_m_axi.v:2729]
INFO: [Synth 8-6155] done synthesizing module 'lenet_w8a8_top_gmem1_m_axi_fifo__parameterized0' (0#1) [d:/GitHub/vivado/vivado/F_Quantization_W8A8/hls_w8a8/vivado_review/project/LeNet_W8A8_Review.gen/sources_1/bd/lenet_system/ipshared/1edf/hdl/verilog/lenet_w8a8_top_gmem1_m_axi.v:2551]
INFO: [Synth 8-6157] synthesizing module 'lenet_w8a8_top_gmem1_m_axi_fifo__parameterized1' [d:/GitHub/vivado/vivado/F_Quantization_W8A8/hls_w8a8/vivado_review/project/LeNet_W8A8_Review.gen/sources_1/bd/lenet_system/ipshared/1edf/hdl/verilog/lenet_w8a8_top_gmem1_m_axi.v:2551]
INFO: [Synth 8-6157] synthesizing module 'lenet_w8a8_top_gmem1_m_axi_mem' [d:/GitHub/vivado/vivado/F_Quantization_W8A8/hls_w8a8/vivado_review/project/LeNet_W8A8_Review.gen/sources_1/bd/lenet_system/ipshared/1edf/hdl/verilog/lenet_w8a8_top_gmem1_m_axi.v:2783]
INFO: [Synth 8-6155] done synthesizing module 'lenet_w8a8_top_gmem1_m_axi_mem' (0#1) [d:/GitHub/vivado/vivado/F_Quantization_W8A8/hls_w8a8/vivado_review/project/LeNet_W8A8_Review.gen/sources_1/bd/lenet_system/ipshared/1edf/hdl/verilog/lenet_w8a8_top_gmem1_m_axi.v:2783]
INFO: [Synth 8-6155] done synthesizing module 'lenet_w8a8_top_gmem1_m_axi_fifo__parameterized1' (0#1) [d:/GitHub/vivado/vivado/F_Quantization_W8A8/hls_w8a8/vivado_review/project/LeNet_W8A8_Review.gen/sources_1/bd/lenet_system/ipshared/1edf/hdl/verilog/lenet_w8a8_top_gmem1_m_axi.v:2551]
INFO: [Synth 8-6157] synthesizing module 'lenet_w8a8_top_gmem1_m_axi_fifo__parameterized2' [d:/GitHub/vivado/vivado/F_Quantization_W8A8/hls_w8a8/vivado_review/project/LeNet_W8A8_Review.gen/sources_1/bd/lenet_system/ipshared/1edf/hdl/verilog/lenet_w8a8_top_gmem1_m_axi.v:2551]
INFO: [Synth 8-6157] synthesizing module 'lenet_w8a8_top_gmem1_m_axi_srl__parameterized1' [d:/GitHub/vivado/vivado/F_Quantization_W8A8/hls_w8a8/vivado_review/project/LeNet_W8A8_Review.gen/sources_1/bd/lenet_system/ipshared/1edf/hdl/verilog/lenet_w8a8_top_gmem1_m_axi.v:2729]
INFO: [Synth 8-6155] done synthesizing module 'lenet_w8a8_top_gmem1_m_axi_srl__parameterized1' (0#1) [d:/GitHub/vivado/vivado/F_Quantization_W8A8/hls_w8a8/vivado_review/project/LeNet_W8A8_Review.gen/sources_1/bd/lenet_system/ipshared/1edf/hdl/verilog/lenet_w8a8_top_gmem1_m_axi.v:2729]
INFO: [Synth 8-6155] done synthesizing module 'lenet_w8a8_top_gmem1_m_axi_fifo__parameterized2' (0#1) [d:/GitHub/vivado/vivado/F_Quantization_W8A8/hls_w8a8/vivado_review/project/LeNet_W8A8_Review.gen/sources_1/bd/lenet_system/ipshared/1edf/hdl/verilog/lenet_w8a8_top_gmem1_m_axi.v:2551]
INFO: [Synth 8-6157] synthesizing module 'lenet_w8a8_top_gmem1_m_axi_fifo__parameterized3' [d:/GitHub/vivado/vivado/F_Quantization_W8A8/hls_w8a8/vivado_review/project/LeNet_W8A8_Review.gen/sources_1/bd/lenet_system/ipshared/1edf/hdl/verilog/lenet_w8a8_top_gmem1_m_axi.v:2551]
INFO: [Synth 8-6157] synthesizing module 'lenet_w8a8_top_gmem1_m_axi_srl__parameterized2' [d:/GitHub/vivado/vivado/F_Quantization_W8A8/hls_w8a8/vivado_review/project/LeNet_W8A8_Review.gen/sources_1/bd/lenet_system/ipshared/1edf/hdl/verilog/lenet_w8a8_top_gmem1_m_axi.v:2729]
INFO: [Synth 8-6155] done synthesizing module 'lenet_w8a8_top_gmem1_m_axi_srl__parameterized2' (0#1) [d:/GitHub/vivado/vivado/F_Quantization_W8A8/hls_w8a8/vivado_review/project/LeNet_W8A8_Review.gen/sources_1/bd/lenet_system/ipshared/1edf/hdl/verilog/lenet_w8a8_top_gmem1_m_axi.v:2729]
INFO: [Synth 8-6155] done synthesizing module 'lenet_w8a8_top_gmem1_m_axi_fifo__parameterized3' (0#1) [d:/GitHub/vivado/vivado/F_Quantization_W8A8/hls_w8a8/vivado_review/project/LeNet_W8A8_Review.gen/sources_1/bd/lenet_system/ipshared/1edf/hdl/verilog/lenet_w8a8_top_gmem1_m_axi.v:2551]
INFO: [Synth 8-6155] done synthesizing module 'lenet_w8a8_top_gmem1_m_axi_store' (0#1) [d:/GitHub/vivado/vivado/F_Quantization_W8A8/hls_w8a8/vivado_review/project/LeNet_W8A8_Review.gen/sources_1/bd/lenet_system/ipshared/1edf/hdl/verilog/lenet_w8a8_top_gmem1_m_axi.v:781]
INFO: [Synth 8-6157] synthesizing module 'lenet_w8a8_top_gmem1_m_axi_load' [d:/GitHub/vivado/vivado/F_Quantization_W8A8/hls_w8a8/vivado_review/project/LeNet_W8A8_Review.gen/sources_1/bd/lenet_system/ipshared/1edf/hdl/verilog/lenet_w8a8_top_gmem1_m_axi.v:325]
INFO: [Synth 8-6157] synthesizing module 'lenet_w8a8_top_gmem1_m_axi_fifo__parameterized4' [d:/GitHub/vivado/vivado/F_Quantization_W8A8/hls_w8a8/vivado_review/project/LeNet_W8A8_Review.gen/sources_1/bd/lenet_system/ipshared/1edf/hdl/verilog/lenet_w8a8_top_gmem1_m_axi.v:2551]
INFO: [Synth 8-6157] synthesizing module 'lenet_w8a8_top_gmem1_m_axi_srl__parameterized3' [d:/GitHub/vivado/vivado/F_Quantization_W8A8/hls_w8a8/vivado_review/project/LeNet_W8A8_Review.gen/sources_1/bd/lenet_system/ipshared/1edf/hdl/verilog/lenet_w8a8_top_gmem1_m_axi.v:2729]
INFO: [Synth 8-6155] done synthesizing module 'lenet_w8a8_top_gmem1_m_axi_srl__parameterized3' (0#1) [d:/GitHub/vivado/vivado/F_Quantization_W8A8/hls_w8a8/vivado_review/project/LeNet_W8A8_Review.gen/sources_1/bd/lenet_system/ipshared/1edf/hdl/verilog/lenet_w8a8_top_gmem1_m_axi.v:2729]
INFO: [Synth 8-6155] done synthesizing module 'lenet_w8a8_top_gmem1_m_axi_fifo__parameterized4' (0#1) [d:/GitHub/vivado/vivado/F_Quantization_W8A8/hls_w8a8/vivado_review/project/LeNet_W8A8_Review.gen/sources_1/bd/lenet_system/ipshared/1edf/hdl/verilog/lenet_w8a8_top_gmem1_m_axi.v:2551]
INFO: [Synth 8-6157] synthesizing module 'lenet_w8a8_top_gmem1_m_axi_fifo__parameterized5' [d:/GitHub/vivado/vivado/F_Quantization_W8A8/hls_w8a8/vivado_review/project/LeNet_W8A8_Review.gen/sources_1/bd/lenet_system/ipshared/1edf/hdl/verilog/lenet_w8a8_top_gmem1_m_axi.v:2551]
INFO: [Synth 8-6157] synthesizing module 'lenet_w8a8_top_gmem1_m_axi_mem__parameterized0' [d:/GitHub/vivado/vivado/F_Quantization_W8A8/hls_w8a8/vivado_review/project/LeNet_W8A8_Review.gen/sources_1/bd/lenet_system/ipshared/1edf/hdl/verilog/lenet_w8a8_top_gmem1_m_axi.v:2783]
INFO: [Synth 8-6155] done synthesizing module 'lenet_w8a8_top_gmem1_m_axi_mem__parameterized0' (0#1) [d:/GitHub/vivado/vivado/F_Quantization_W8A8/hls_w8a8/vivado_review/project/LeNet_W8A8_Review.gen/sources_1/bd/lenet_system/ipshared/1edf/hdl/verilog/lenet_w8a8_top_gmem1_m_axi.v:2783]
INFO: [Synth 8-6155] done synthesizing module 'lenet_w8a8_top_gmem1_m_axi_fifo__parameterized5' (0#1) [d:/GitHub/vivado/vivado/F_Quantization_W8A8/hls_w8a8/vivado_review/project/LeNet_W8A8_Review.gen/sources_1/bd/lenet_system/ipshared/1edf/hdl/verilog/lenet_w8a8_top_gmem1_m_axi.v:2551]
INFO: [Synth 8-6155] done synthesizing module 'lenet_w8a8_top_gmem1_m_axi_load' (0#1) [d:/GitHub/vivado/vivado/F_Quantization_W8A8/hls_w8a8/vivado_review/project/LeNet_W8A8_Review.gen/sources_1/bd/lenet_system/ipshared/1edf/hdl/verilog/lenet_w8a8_top_gmem1_m_axi.v:325]
INFO: [Synth 8-6157] synthesizing module 'lenet_w8a8_top_gmem1_m_axi_write' [d:/GitHub/vivado/vivado/F_Quantization_W8A8/hls_w8a8/vivado_review/project/LeNet_W8A8_Review.gen/sources_1/bd/lenet_system/ipshared/1edf/hdl/verilog/lenet_w8a8_top_gmem1_m_axi.v:1716]
INFO: [Synth 8-6157] synthesizing module 'lenet_w8a8_top_gmem1_m_axi_reg_slice' [d:/GitHub/vivado/vivado/F_Quantization_W8A8/hls_w8a8/vivado_review/project/LeNet_W8A8_Review.gen/sources_1/bd/lenet_system/ipshared/1edf/hdl/verilog/lenet_w8a8_top_gmem1_m_axi.v:2449]
INFO: [Synth 8-6155] done synthesizing module 'lenet_w8a8_top_gmem1_m_axi_reg_slice' (0#1) [d:/GitHub/vivado/vivado/F_Quantization_W8A8/hls_w8a8/vivado_review/project/LeNet_W8A8_Review.gen/sources_1/bd/lenet_system/ipshared/1edf/hdl/verilog/lenet_w8a8_top_gmem1_m_axi.v:2449]
INFO: [Synth 8-6157] synthesizing module 'lenet_w8a8_top_gmem1_m_axi_fifo__parameterized6' [d:/GitHub/vivado/vivado/F_Quantization_W8A8/hls_w8a8/vivado_review/project/LeNet_W8A8_Review.gen/sources_1/bd/lenet_system/ipshared/1edf/hdl/verilog/lenet_w8a8_top_gmem1_m_axi.v:2551]
INFO: [Synth 8-6157] synthesizing module 'lenet_w8a8_top_gmem1_m_axi_srl__parameterized4' [d:/GitHub/vivado/vivado/F_Quantization_W8A8/hls_w8a8/vivado_review/project/LeNet_W8A8_Review.gen/sources_1/bd/lenet_system/ipshared/1edf/hdl/verilog/lenet_w8a8_top_gmem1_m_axi.v:2729]
INFO: [Synth 8-6155] done synthesizing module 'lenet_w8a8_top_gmem1_m_axi_srl__parameterized4' (0#1) [d:/GitHub/vivado/vivado/F_Quantization_W8A8/hls_w8a8/vivado_review/project/LeNet_W8A8_Review.gen/sources_1/bd/lenet_system/ipshared/1edf/hdl/verilog/lenet_w8a8_top_gmem1_m_axi.v:2729]
INFO: [Synth 8-6155] done synthesizing module 'lenet_w8a8_top_gmem1_m_axi_fifo__parameterized6' (0#1) [d:/GitHub/vivado/vivado/F_Quantization_W8A8/hls_w8a8/vivado_review/project/LeNet_W8A8_Review.gen/sources_1/bd/lenet_system/ipshared/1edf/hdl/verilog/lenet_w8a8_top_gmem1_m_axi.v:2551]
INFO: [Synth 8-6157] synthesizing module 'lenet_w8a8_top_gmem1_m_axi_throttle' [d:/GitHub/vivado/vivado/F_Quantization_W8A8/hls_w8a8/vivado_review/project/LeNet_W8A8_Review.gen/sources_1/bd/lenet_system/ipshared/1edf/hdl/verilog/lenet_w8a8_top_gmem1_m_axi.v:2224]
INFO: [Synth 8-6157] synthesizing module 'lenet_w8a8_top_gmem1_m_axi_reg_slice__parameterized0' [d:/GitHub/vivado/vivado/F_Quantization_W8A8/hls_w8a8/vivado_review/project/LeNet_W8A8_Review.gen/sources_1/bd/lenet_system/ipshared/1edf/hdl/verilog/lenet_w8a8_top_gmem1_m_axi.v:2449]
INFO: [Synth 8-6155] done synthesizing module 'lenet_w8a8_top_gmem1_m_axi_reg_slice__parameterized0' (0#1) [d:/GitHub/vivado/vivado/F_Quantization_W8A8/hls_w8a8/vivado_review/project/LeNet_W8A8_Review.gen/sources_1/bd/lenet_system/ipshared/1edf/hdl/verilog/lenet_w8a8_top_gmem1_m_axi.v:2449]
INFO: [Synth 8-6157] synthesizing module 'lenet_w8a8_top_gmem1_m_axi_fifo__parameterized7' [d:/GitHub/vivado/vivado/F_Quantization_W8A8/hls_w8a8/vivado_review/project/LeNet_W8A8_Review.gen/sources_1/bd/lenet_system/ipshared/1edf/hdl/verilog/lenet_w8a8_top_gmem1_m_axi.v:2551]
INFO: [Synth 8-6157] synthesizing module 'lenet_w8a8_top_gmem1_m_axi_srl__parameterized5' [d:/GitHub/vivado/vivado/F_Quantization_W8A8/hls_w8a8/vivado_review/project/LeNet_W8A8_Review.gen/sources_1/bd/lenet_system/ipshared/1edf/hdl/verilog/lenet_w8a8_top_gmem1_m_axi.v:2729]
INFO: [Synth 8-6155] done synthesizing module 'lenet_w8a8_top_gmem1_m_axi_srl__parameterized5' (0#1) [d:/GitHub/vivado/vivado/F_Quantization_W8A8/hls_w8a8/vivado_review/project/LeNet_W8A8_Review.gen/sources_1/bd/lenet_system/ipshared/1edf/hdl/verilog/lenet_w8a8_top_gmem1_m_axi.v:2729]
INFO: [Synth 8-6155] done synthesizing module 'lenet_w8a8_top_gmem1_m_axi_fifo__parameterized7' (0#1) [d:/GitHub/vivado/vivado/F_Quantization_W8A8/hls_w8a8/vivado_review/project/LeNet_W8A8_Review.gen/sources_1/bd/lenet_system/ipshared/1edf/hdl/verilog/lenet_w8a8_top_gmem1_m_axi.v:2551]
INFO: [Synth 8-6157] synthesizing module 'lenet_w8a8_top_gmem1_m_axi_fifo__parameterized8' [d:/GitHub/vivado/vivado/F_Quantization_W8A8/hls_w8a8/vivado_review/project/LeNet_W8A8_Review.gen/sources_1/bd/lenet_system/ipshared/1edf/hdl/verilog/lenet_w8a8_top_gmem1_m_axi.v:2551]
INFO: [Synth 8-6157] synthesizing module 'lenet_w8a8_top_gmem1_m_axi_srl__parameterized6' [d:/GitHub/vivado/vivado/F_Quantization_W8A8/hls_w8a8/vivado_review/project/LeNet_W8A8_Review.gen/sources_1/bd/lenet_system/ipshared/1edf/hdl/verilog/lenet_w8a8_top_gmem1_m_axi.v:2729]
INFO: [Synth 8-6155] done synthesizing module 'lenet_w8a8_top_gmem1_m_axi_srl__parameterized6' (0#1) [d:/GitHub/vivado/vivado/F_Quantization_W8A8/hls_w8a8/vivado_review/project/LeNet_W8A8_Review.gen/sources_1/bd/lenet_system/ipshared/1edf/hdl/verilog/lenet_w8a8_top_gmem1_m_axi.v:2729]
INFO: [Synth 8-6155] done synthesizing module 'lenet_w8a8_top_gmem1_m_axi_fifo__parameterized8' (0#1) [d:/GitHub/vivado/vivado/F_Quantization_W8A8/hls_w8a8/vivado_review/project/LeNet_W8A8_Review.gen/sources_1/bd/lenet_system/ipshared/1edf/hdl/verilog/lenet_w8a8_top_gmem1_m_axi.v:2551]
INFO: [Synth 8-6155] done synthesizing module 'lenet_w8a8_top_gmem1_m_axi_throttle' (0#1) [d:/GitHub/vivado/vivado/F_Quantization_W8A8/hls_w8a8/vivado_review/project/LeNet_W8A8_Review.gen/sources_1/bd/lenet_system/ipshared/1edf/hdl/verilog/lenet_w8a8_top_gmem1_m_axi.v:2224]
INFO: [Synth 8-6157] synthesizing module 'lenet_w8a8_top_gmem1_m_axi_reg_slice__parameterized1' [d:/GitHub/vivado/vivado/F_Quantization_W8A8/hls_w8a8/vivado_review/project/LeNet_W8A8_Review.gen/sources_1/bd/lenet_system/ipshared/1edf/hdl/verilog/lenet_w8a8_top_gmem1_m_axi.v:2449]
INFO: [Synth 8-6155] done synthesizing module 'lenet_w8a8_top_gmem1_m_axi_reg_slice__parameterized1' (0#1) [d:/GitHub/vivado/vivado/F_Quantization_W8A8/hls_w8a8/vivado_review/project/LeNet_W8A8_Review.gen/sources_1/bd/lenet_system/ipshared/1edf/hdl/verilog/lenet_w8a8_top_gmem1_m_axi.v:2449]
WARNING: [Synth 8-589] replacing case/wildcard equality operator === with logical equality operator == [d:/GitHub/vivado/vivado/F_Quantization_W8A8/hls_w8a8/vivado_review/project/LeNet_W8A8_Review.gen/sources_1/bd/lenet_system/ipshared/1edf/hdl/verilog/lenet_w8a8_top_gmem1_m_axi.v:2216]
WARNING: [Synth 8-589] replacing case/wildcard equality operator === with logical equality operator == [d:/GitHub/vivado/vivado/F_Quantization_W8A8/hls_w8a8/vivado_review/project/LeNet_W8A8_Review.gen/sources_1/bd/lenet_system/ipshared/1edf/hdl/verilog/lenet_w8a8_top_gmem1_m_axi.v:2219]
INFO: [Synth 8-6155] done synthesizing module 'lenet_w8a8_top_gmem1_m_axi_write' (0#1) [d:/GitHub/vivado/vivado/F_Quantization_W8A8/hls_w8a8/vivado_review/project/LeNet_W8A8_Review.gen/sources_1/bd/lenet_system/ipshared/1edf/hdl/verilog/lenet_w8a8_top_gmem1_m_axi.v:1716]
INFO: [Synth 8-6157] synthesizing module 'lenet_w8a8_top_gmem1_m_axi_read' [d:/GitHub/vivado/vivado/F_Quantization_W8A8/hls_w8a8/vivado_review/project/LeNet_W8A8_Review.gen/sources_1/bd/lenet_system/ipshared/1edf/hdl/verilog/lenet_w8a8_top_gmem1_m_axi.v:1332]
INFO: [Synth 8-6157] synthesizing module 'lenet_w8a8_top_gmem1_m_axi_reg_slice__parameterized2' [d:/GitHub/vivado/vivado/F_Quantization_W8A8/hls_w8a8/vivado_review/project/LeNet_W8A8_Review.gen/sources_1/bd/lenet_system/ipshared/1edf/hdl/verilog/lenet_w8a8_top_gmem1_m_axi.v:2449]
INFO: [Synth 8-6155] done synthesizing module 'lenet_w8a8_top_gmem1_m_axi_reg_slice__parameterized2' (0#1) [d:/GitHub/vivado/vivado/F_Quantization_W8A8/hls_w8a8/vivado_review/project/LeNet_W8A8_Review.gen/sources_1/bd/lenet_system/ipshared/1edf/hdl/verilog/lenet_w8a8_top_gmem1_m_axi.v:2449]
WARNING: [Synth 8-589] replacing case/wildcard equality operator === with logical equality operator == [d:/GitHub/vivado/vivado/F_Quantization_W8A8/hls_w8a8/vivado_review/project/LeNet_W8A8_Review.gen/sources_1/bd/lenet_system/ipshared/1edf/hdl/verilog/lenet_w8a8_top_gmem1_m_axi.v:1708]
INFO: [Synth 8-6155] done synthesizing module 'lenet_w8a8_top_gmem1_m_axi_read' (0#1) [d:/GitHub/vivado/vivado/F_Quantization_W8A8/hls_w8a8/vivado_review/project/LeNet_W8A8_Review.gen/sources_1/bd/lenet_system/ipshared/1edf/hdl/verilog/lenet_w8a8_top_gmem1_m_axi.v:1332]
INFO: [Synth 8-6155] done synthesizing module 'lenet_w8a8_top_gmem1_m_axi' (0#1) [d:/GitHub/vivado/vivado/F_Quantization_W8A8/hls_w8a8/vivado_review/project/LeNet_W8A8_Review.gen/sources_1/bd/lenet_system/ipshared/1edf/hdl/verilog/lenet_w8a8_top_gmem1_m_axi.v:11]
INFO: [Synth 8-6157] synthesizing module 'lenet_w8a8_top_gmem2_m_axi' [d:/GitHub/vivado/vivado/F_Quantization_W8A8/hls_w8a8/vivado_review/project/LeNet_W8A8_Review.gen/sources_1/bd/lenet_system/ipshared/1edf/hdl/verilog/lenet_w8a8_top_gmem2_m_axi.v:11]
INFO: [Synth 8-6157] synthesizing module 'lenet_w8a8_top_gmem2_m_axi_store' [d:/GitHub/vivado/vivado/F_Quantization_W8A8/hls_w8a8/vivado_review/project/LeNet_W8A8_Review.gen/sources_1/bd/lenet_system/ipshared/1edf/hdl/verilog/lenet_w8a8_top_gmem2_m_axi.v:781]
INFO: [Synth 8-6157] synthesizing module 'lenet_w8a8_top_gmem2_m_axi_fifo' [d:/GitHub/vivado/vivado/F_Quantization_W8A8/hls_w8a8/vivado_review/project/LeNet_W8A8_Review.gen/sources_1/bd/lenet_system/ipshared/1edf/hdl/verilog/lenet_w8a8_top_gmem2_m_axi.v:2551]
INFO: [Synth 8-6157] synthesizing module 'lenet_w8a8_top_gmem2_m_axi_srl' [d:/GitHub/vivado/vivado/F_Quantization_W8A8/hls_w8a8/vivado_review/project/LeNet_W8A8_Review.gen/sources_1/bd/lenet_system/ipshared/1edf/hdl/verilog/lenet_w8a8_top_gmem2_m_axi.v:2729]
INFO: [Common 17-14] Message 'Synth 8-6157' appears 100 times and further instances of the messages will be disabled. Use the Tcl command set_msg_config to change the current settings.
INFO: [Synth 8-6155] done synthesizing module 'lenet_w8a8_top_gmem2_m_axi_srl' (0#1) [d:/GitHub/vivado/vivado/F_Quantization_W8A8/hls_w8a8/vivado_review/project/LeNet_W8A8_Review.gen/sources_1/bd/lenet_system/ipshared/1edf/hdl/verilog/lenet_w8a8_top_gmem2_m_axi.v:2729]
INFO: [Synth 8-6155] done synthesizing module 'lenet_w8a8_top_gmem2_m_axi_fifo' (0#1) [d:/GitHub/vivado/vivado/F_Quantization_W8A8/hls_w8a8/vivado_review/project/LeNet_W8A8_Review.gen/sources_1/bd/lenet_system/ipshared/1edf/hdl/verilog/lenet_w8a8_top_gmem2_m_axi.v:2551]
INFO: [Synth 8-6155] done synthesizing module 'lenet_w8a8_top_gmem2_m_axi_mem' (0#1) [d:/GitHub/vivado/vivado/F_Quantization_W8A8/hls_w8a8/vivado_review/project/LeNet_W8A8_Review.gen/sources_1/bd/lenet_system/ipshared/1edf/hdl/verilog/lenet_w8a8_top_gmem2_m_axi.v:2783]
INFO: [Synth 8-6155] done synthesizing module 'lenet_w8a8_top_gmem2_m_axi_fifo__parameterized0' (0#1) [d:/GitHub/vivado/vivado/F_Quantization_W8A8/hls_w8a8/vivado_review/project/LeNet_W8A8_Review.gen/sources_1/bd/lenet_system/ipshared/1edf/hdl/verilog/lenet_w8a8_top_gmem2_m_axi.v:2551]
INFO: [Synth 8-6155] done synthesizing module 'lenet_w8a8_top_gmem2_m_axi_srl__parameterized0' (0#1) [d:/GitHub/vivado/vivado/F_Quantization_W8A8/hls_w8a8/vivado_review/project/LeNet_W8A8_Review.gen/sources_1/bd/lenet_system/ipshared/1edf/hdl/verilog/lenet_w8a8_top_gmem2_m_axi.v:2729]
INFO: [Synth 8-6155] done synthesizing module 'lenet_w8a8_top_gmem2_m_axi_fifo__parameterized1' (0#1) [d:/GitHub/vivado/vivado/F_Quantization_W8A8/hls_w8a8/vivado_review/project/LeNet_W8A8_Review.gen/sources_1/bd/lenet_system/ipshared/1edf/hdl/verilog/lenet_w8a8_top_gmem2_m_axi.v:2551]
INFO: [Common 17-14] Message 'Synth 8-6155' appears 100 times and further instances of the messages will be disabled. Use the Tcl command set_msg_config to change the current settings.
WARNING: [Synth 8-589] replacing case/wildcard equality operator === with logical equality operator == [d:/GitHub/vivado/vivado/F_Quantization_W8A8/hls_w8a8/vivado_review/project/LeNet_W8A8_Review.gen/sources_1/bd/lenet_system/ipshared/1edf/hdl/verilog/lenet_w8a8_top_gmem2_m_axi.v:2216]
WARNING: [Synth 8-589] replacing case/wildcard equality operator === with logical equality operator == [d:/GitHub/vivado/vivado/F_Quantization_W8A8/hls_w8a8/vivado_review/project/LeNet_W8A8_Review.gen/sources_1/bd/lenet_system/ipshared/1edf/hdl/verilog/lenet_w8a8_top_gmem2_m_axi.v:2219]
WARNING: [Synth 8-589] replacing case/wildcard equality operator === with logical equality operator == [d:/GitHub/vivado/vivado/F_Quantization_W8A8/hls_w8a8/vivado_review/project/LeNet_W8A8_Review.gen/sources_1/bd/lenet_system/ipshared/1edf/hdl/verilog/lenet_w8a8_top_gmem2_m_axi.v:1708]
WARNING: [Synth 8-3936] Found unconnected internal register 'mul_ln186_4_reg_1700_reg' and it is trimmed from '63' to '41' bits. [d:/GitHub/vivado/vivado/F_Quantization_W8A8/hls_w8a8/vivado_review/project/LeNet_W8A8_Review.gen/sources_1/bd/lenet_system/ipshared/1edf/hdl/verilog/lenet_w8a8_top_lenet_w8a8_top_Pipeline_POOL_CHANNEL_POOL_ROW_POOL_COL.v:665]
WARNING: [Synth 8-3936] Found unconnected internal register 'mul_ln186_3_reg_1683_reg' and it is trimmed from '63' to '41' bits. [d:/GitHub/vivado/vivado/F_Quantization_W8A8/hls_w8a8/vivado_review/project/LeNet_W8A8_Review.gen/sources_1/bd/lenet_system/ipshared/1edf/hdl/verilog/lenet_w8a8_top_lenet_w8a8_top_Pipeline_POOL_CHANNEL_POOL_ROW_POOL_COL.v:664]
WARNING: [Synth 8-3936] Found unconnected internal register 'mul_ln186_1_reg_1666_reg' and it is trimmed from '63' to '41' bits. [d:/GitHub/vivado/vivado/F_Quantization_W8A8/hls_w8a8/vivado_review/project/LeNet_W8A8_Review.gen/sources_1/bd/lenet_system/ipshared/1edf/hdl/verilog/lenet_w8a8_top_lenet_w8a8_top_Pipeline_POOL_CHANNEL_POOL_ROW_POOL_COL.v:663]
WARNING: [Synth 8-3936] Found unconnected internal register 'mul_ln186_reg_1649_reg' and it is trimmed from '63' to '41' bits. [d:/GitHub/vivado/vivado/F_Quantization_W8A8/hls_w8a8/vivado_review/project/LeNet_W8A8_Review.gen/sources_1/bd/lenet_system/ipshared/1edf/hdl/verilog/lenet_w8a8_top_lenet_w8a8_top_Pipeline_POOL_CHANNEL_POOL_ROW_POOL_COL.v:666]
WARNING: [Synth 8-3936] Found unconnected internal register 'mul_ln186_3_reg_1498_reg' and it is trimmed from '64' to '41' bits. [d:/GitHub/vivado/vivado/F_Quantization_W8A8/hls_w8a8/vivado_review/project/LeNet_W8A8_Review.gen/sources_1/bd/lenet_system/ipshared/1edf/hdl/verilog/lenet_w8a8_top_lenet_w8a8_top_Pipeline_POOL_CHANNEL_POOL_ROW_POOL_COL1.v:654]
WARNING: [Synth 8-3936] Found unconnected internal register 'mul_ln186_2_reg_1481_reg' and it is trimmed from '64' to '41' bits. [d:/GitHub/vivado/vivado/F_Quantization_W8A8/hls_w8a8/vivado_review/project/LeNet_W8A8_Review.gen/sources_1/bd/lenet_system/ipshared/1edf/hdl/verilog/lenet_w8a8_top_lenet_w8a8_top_Pipeline_POOL_CHANNEL_POOL_ROW_POOL_COL1.v:653]
WARNING: [Synth 8-3936] Found unconnected internal register 'mul_ln186_1_reg_1464_reg' and it is trimmed from '64' to '41' bits. [d:/GitHub/vivado/vivado/F_Quantization_W8A8/hls_w8a8/vivado_review/project/LeNet_W8A8_Review.gen/sources_1/bd/lenet_system/ipshared/1edf/hdl/verilog/lenet_w8a8_top_lenet_w8a8_top_Pipeline_POOL_CHANNEL_POOL_ROW_POOL_COL1.v:652]
WARNING: [Synth 8-3936] Found unconnected internal register 'mul_ln186_reg_1447_reg' and it is trimmed from '64' to '41' bits. [d:/GitHub/vivado/vivado/F_Quantization_W8A8/hls_w8a8/vivado_review/project/LeNet_W8A8_Review.gen/sources_1/bd/lenet_system/ipshared/1edf/hdl/verilog/lenet_w8a8_top_lenet_w8a8_top_Pipeline_POOL_CHANNEL_POOL_ROW_POOL_COL1.v:655]
WARNING: [Synth 8-3936] Found unconnected internal register 'product_V_reg_267_reg' and it is trimmed from '64' to '41' bits. [d:/GitHub/vivado/vivado/F_Quantization_W8A8/hls_w8a8/vivado_review/project/LeNet_W8A8_Review.gen/sources_1/bd/lenet_system/ipshared/1edf/hdl/verilog/lenet_w8a8_top_lenet_w8a8_top_Pipeline_REQUANT_VECTOR.v:249]
WARNING: [Synth 8-3936] Found unconnected internal register 'product_V_reg_274_reg' and it is trimmed from '64' to '41' bits. [d:/GitHub/vivado/vivado/F_Quantization_W8A8/hls_w8a8/vivado_review/project/LeNet_W8A8_Review.gen/sources_1/bd/lenet_system/ipshared/1edf/hdl/verilog/lenet_w8a8_top_lenet_w8a8_top_Pipeline_REQUANT_VECTOR3.v:260]
WARNING: [Synth 8-6014] Unused sequential element int_ap_done_reg was removed.  [d:/GitHub/vivado/vivado/F_Quantization_W8A8/hls_w8a8/vivado_review/project/LeNet_W8A8_Review.gen/sources_1/bd/lenet_system/ipshared/1edf/hdl/verilog/lenet_w8a8_top_control_s_axi.v:301]
WARNING: [Synth 8-7129] Port reset in module lenet_w8a8_top_mul_32ns_33ns_64_2_1 is either unconnected or has no load
WARNING: [Synth 8-7129] Port rst in module lenet_w8a8_top_mac_muladd_5ns_8ns_8ns_12_4_1_DSP48_5 is either unconnected or has no load
WARNING: [Synth 8-7129] Port in_BUS_RID[0] in module lenet_w8a8_top_gmem2_m_axi_read is either unconnected or has no load
WARNING: [Synth 8-7129] Port in_BUS_RRESP[1] in module lenet_w8a8_top_gmem2_m_axi_read is either unconnected or has no load
WARNING: [Synth 8-7129] Port in_BUS_RRESP[0] in module lenet_w8a8_top_gmem2_m_axi_read is either unconnected or has no load
WARNING: [Synth 8-7129] Port in_BUS_RUSER[0] in module lenet_w8a8_top_gmem2_m_axi_read is either unconnected or has no load
WARNING: [Synth 8-7129] Port in_BUS_BID[0] in module lenet_w8a8_top_gmem2_m_axi_write is either unconnected or has no load
WARNING: [Synth 8-7129] Port in_BUS_BRESP[1] in module lenet_w8a8_top_gmem2_m_axi_write is either unconnected or has no load
WARNING: [Synth 8-7129] Port in_BUS_BRESP[0] in module lenet_w8a8_top_gmem2_m_axi_write is either unconnected or has no load
WARNING: [Synth 8-7129] Port in_BUS_BUSER[0] in module lenet_w8a8_top_gmem2_m_axi_write is either unconnected or has no load
WARNING: [Synth 8-7129] Port raddr[2] in module lenet_w8a8_top_gmem2_m_axi_srl is either unconnected or has no load
WARNING: [Synth 8-7129] Port raddr[2] in module lenet_w8a8_top_gmem2_m_axi_srl__parameterized1 is either unconnected or has no load
WARNING: [Synth 8-7129] Port in_BUS_RID[0] in module lenet_w8a8_top_gmem1_m_axi_read is either unconnected or has no load
WARNING: [Synth 8-7129] Port in_BUS_RRESP[1] in module lenet_w8a8_top_gmem1_m_axi_read is either unconnected or has no load
WARNING: [Synth 8-7129] Port in_BUS_RRESP[0] in module lenet_w8a8_top_gmem1_m_axi_read is either unconnected or has no load
WARNING: [Synth 8-7129] Port in_BUS_RUSER[0] in module lenet_w8a8_top_gmem1_m_axi_read is either unconnected or has no load
WARNING: [Synth 8-7129] Port in_BUS_BID[0] in module lenet_w8a8_top_gmem1_m_axi_write is either unconnected or has no load
WARNING: [Synth 8-7129] Port in_BUS_BRESP[1] in module lenet_w8a8_top_gmem1_m_axi_write is either unconnected or has no load
WARNING: [Synth 8-7129] Port in_BUS_BRESP[0] in module lenet_w8a8_top_gmem1_m_axi_write is either unconnected or has no load
WARNING: [Synth 8-7129] Port in_BUS_BUSER[0] in module lenet_w8a8_top_gmem1_m_axi_write is either unconnected or has no load
WARNING: [Synth 8-7129] Port raddr[2] in module lenet_w8a8_top_gmem1_m_axi_srl__parameterized0 is either unconnected or has no load
WARNING: [Synth 8-7129] Port raddr[2] in module lenet_w8a8_top_gmem1_m_axi_srl__parameterized2 is either unconnected or has no load
WARNING: [Synth 8-7129] Port in_BUS_RID[0] in module lenet_w8a8_top_gmem0_m_axi_read is either unconnected or has no load
WARNING: [Synth 8-7129] Port in_BUS_RRESP[1] in module lenet_w8a8_top_gmem0_m_axi_read is either unconnected or has no load
WARNING: [Synth 8-7129] Port in_BUS_RRESP[0] in module lenet_w8a8_top_gmem0_m_axi_read is either unconnected or has no load
WARNING: [Synth 8-7129] Port in_BUS_RUSER[0] in module lenet_w8a8_top_gmem0_m_axi_read is either unconnected or has no load
WARNING: [Synth 8-7129] Port in_BUS_BID[0] in module lenet_w8a8_top_gmem0_m_axi_write is either unconnected or has no load
WARNING: [Synth 8-7129] Port in_BUS_BRESP[1] in module lenet_w8a8_top_gmem0_m_axi_write is either unconnected or has no load
WARNING: [Synth 8-7129] Port in_BUS_BRESP[0] in module lenet_w8a8_top_gmem0_m_axi_write is either unconnected or has no load
WARNING: [Synth 8-7129] Port in_BUS_BUSER[0] in module lenet_w8a8_top_gmem0_m_axi_write is either unconnected or has no load
WARNING: [Synth 8-7129] Port raddr[2] in module lenet_w8a8_top_gmem0_m_axi_srl__parameterized0 is either unconnected or has no load
WARNING: [Synth 8-7129] Port raddr[2] in module lenet_w8a8_top_gmem0_m_axi_srl__parameterized2 is either unconnected or has no load
WARNING: [Synth 8-7129] Port rst in module lenet_w8a8_top_mac_muladd_8s_8s_22s_22_4_1_DSP48_4 is either unconnected or has no load
WARNING: [Synth 8-7129] Port m_axi_gmem1_AWREADY in module lenet_w8a8_top_lenet_w8a8_top_Pipeline_DENSE_INPUT is either unconnected or has no load
WARNING: [Synth 8-7129] Port m_axi_gmem1_WREADY in module lenet_w8a8_top_lenet_w8a8_top_Pipeline_DENSE_INPUT is either unconnected or has no load
WARNING: [Synth 8-7129] Port m_axi_gmem1_ARREADY in module lenet_w8a8_top_lenet_w8a8_top_Pipeline_DENSE_INPUT is either unconnected or has no load
WARNING: [Synth 8-7129] Port m_axi_gmem1_RLAST in module lenet_w8a8_top_lenet_w8a8_top_Pipeline_DENSE_INPUT is either unconnected or has no load
WARNING: [Synth 8-7129] Port m_axi_gmem1_RID[0] in module lenet_w8a8_top_lenet_w8a8_top_Pipeline_DENSE_INPUT is either unconnected or has no load
WARNING: [Synth 8-7129] Port m_axi_gmem1_RFIFONUM[10] in module lenet_w8a8_top_lenet_w8a8_top_Pipeline_DENSE_INPUT is either unconnected or has no load
WARNING: [Synth 8-7129] Port m_axi_gmem1_RFIFONUM[9] in module lenet_w8a8_top_lenet_w8a8_top_Pipeline_DENSE_INPUT is either unconnected or has no load
WARNING: [Synth 8-7129] Port m_axi_gmem1_RFIFONUM[8] in module lenet_w8a8_top_lenet_w8a8_top_Pipeline_DENSE_INPUT is either unconnected or has no load
WARNING: [Synth 8-7129] Port m_axi_gmem1_RFIFONUM[7] in module lenet_w8a8_top_lenet_w8a8_top_Pipeline_DENSE_INPUT is either unconnected or has no load
WARNING: [Synth 8-7129] Port m_axi_gmem1_RFIFONUM[6] in module lenet_w8a8_top_lenet_w8a8_top_Pipeline_DENSE_INPUT is either unconnected or has no load
WARNING: [Synth 8-7129] Port m_axi_gmem1_RFIFONUM[5] in module lenet_w8a8_top_lenet_w8a8_top_Pipeline_DENSE_INPUT is either unconnected or has no load
WARNING: [Synth 8-7129] Port m_axi_gmem1_RFIFONUM[4] in module lenet_w8a8_top_lenet_w8a8_top_Pipeline_DENSE_INPUT is either unconnected or has no load
WARNING: [Synth 8-7129] Port m_axi_gmem1_RFIFONUM[3] in module lenet_w8a8_top_lenet_w8a8_top_Pipeline_DENSE_INPUT is either unconnected or has no load
WARNING: [Synth 8-7129] Port m_axi_gmem1_RFIFONUM[2] in module lenet_w8a8_top_lenet_w8a8_top_Pipeline_DENSE_INPUT is either unconnected or has no load
WARNING: [Synth 8-7129] Port m_axi_gmem1_RFIFONUM[1] in module lenet_w8a8_top_lenet_w8a8_top_Pipeline_DENSE_INPUT is either unconnected or has no load
WARNING: [Synth 8-7129] Port m_axi_gmem1_RFIFONUM[0] in module lenet_w8a8_top_lenet_w8a8_top_Pipeline_DENSE_INPUT is either unconnected or has no load
WARNING: [Synth 8-7129] Port m_axi_gmem1_RUSER[0] in module lenet_w8a8_top_lenet_w8a8_top_Pipeline_DENSE_INPUT is either unconnected or has no load
WARNING: [Synth 8-7129] Port m_axi_gmem1_RRESP[1] in module lenet_w8a8_top_lenet_w8a8_top_Pipeline_DENSE_INPUT is either unconnected or has no load
WARNING: [Synth 8-7129] Port m_axi_gmem1_RRESP[0] in module lenet_w8a8_top_lenet_w8a8_top_Pipeline_DENSE_INPUT is either unconnected or has no load
WARNING: [Synth 8-7129] Port m_axi_gmem1_BVALID in module lenet_w8a8_top_lenet_w8a8_top_Pipeline_DENSE_INPUT is either unconnected or has no load
WARNING: [Synth 8-7129] Port m_axi_gmem1_BRESP[1] in module lenet_w8a8_top_lenet_w8a8_top_Pipeline_DENSE_INPUT is either unconnected or has no load
WARNING: [Synth 8-7129] Port m_axi_gmem1_BRESP[0] in module lenet_w8a8_top_lenet_w8a8_top_Pipeline_DENSE_INPUT is either unconnected or has no load
WARNING: [Synth 8-7129] Port m_axi_gmem1_BID[0] in module lenet_w8a8_top_lenet_w8a8_top_Pipeline_DENSE_INPUT is either unconnected or has no load
WARNING: [Synth 8-7129] Port m_axi_gmem1_BUSER[0] in module lenet_w8a8_top_lenet_w8a8_top_Pipeline_DENSE_INPUT is either unconnected or has no load
WARNING: [Synth 8-7129] Port add_ln120_1[63] in module lenet_w8a8_top_lenet_w8a8_top_Pipeline_DENSE_INPUT is either unconnected or has no load
WARNING: [Synth 8-7129] Port add_ln120_1[62] in module lenet_w8a8_top_lenet_w8a8_top_Pipeline_DENSE_INPUT is either unconnected or has no load
WARNING: [Synth 8-7129] Port add_ln120_1[61] in module lenet_w8a8_top_lenet_w8a8_top_Pipeline_DENSE_INPUT is either unconnected or has no load
WARNING: [Synth 8-7129] Port add_ln120_1[60] in module lenet_w8a8_top_lenet_w8a8_top_Pipeline_DENSE_INPUT is either unconnected or has no load
WARNING: [Synth 8-7129] Port add_ln120_1[59] in module lenet_w8a8_top_lenet_w8a8_top_Pipeline_DENSE_INPUT is either unconnected or has no load
WARNING: [Synth 8-7129] Port add_ln120_1[58] in module lenet_w8a8_top_lenet_w8a8_top_Pipeline_DENSE_INPUT is either unconnected or has no load
WARNING: [Synth 8-7129] Port add_ln120_1[57] in module lenet_w8a8_top_lenet_w8a8_top_Pipeline_DENSE_INPUT is either unconnected or has no load
WARNING: [Synth 8-7129] Port add_ln120_1[56] in module lenet_w8a8_top_lenet_w8a8_top_Pipeline_DENSE_INPUT is either unconnected or has no load
WARNING: [Synth 8-7129] Port add_ln120_1[55] in module lenet_w8a8_top_lenet_w8a8_top_Pipeline_DENSE_INPUT is either unconnected or has no load
WARNING: [Synth 8-7129] Port add_ln120_1[54] in module lenet_w8a8_top_lenet_w8a8_top_Pipeline_DENSE_INPUT is either unconnected or has no load
WARNING: [Synth 8-7129] Port add_ln120_1[53] in module lenet_w8a8_top_lenet_w8a8_top_Pipeline_DENSE_INPUT is either unconnected or has no load
WARNING: [Synth 8-7129] Port add_ln120_1[52] in module lenet_w8a8_top_lenet_w8a8_top_Pipeline_DENSE_INPUT is either unconnected or has no load
WARNING: [Synth 8-7129] Port add_ln120_1[51] in module lenet_w8a8_top_lenet_w8a8_top_Pipeline_DENSE_INPUT is either unconnected or has no load
WARNING: [Synth 8-7129] Port add_ln120_1[50] in module lenet_w8a8_top_lenet_w8a8_top_Pipeline_DENSE_INPUT is either unconnected or has no load
WARNING: [Synth 8-7129] Port add_ln120_1[49] in module lenet_w8a8_top_lenet_w8a8_top_Pipeline_DENSE_INPUT is either unconnected or has no load
WARNING: [Synth 8-7129] Port add_ln120_1[48] in module lenet_w8a8_top_lenet_w8a8_top_Pipeline_DENSE_INPUT is either unconnected or has no load
WARNING: [Synth 8-7129] Port add_ln120_1[47] in module lenet_w8a8_top_lenet_w8a8_top_Pipeline_DENSE_INPUT is either unconnected or has no load
WARNING: [Synth 8-7129] Port add_ln120_1[46] in module lenet_w8a8_top_lenet_w8a8_top_Pipeline_DENSE_INPUT is either unconnected or has no load
WARNING: [Synth 8-7129] Port add_ln120_1[45] in module lenet_w8a8_top_lenet_w8a8_top_Pipeline_DENSE_INPUT is either unconnected or has no load
WARNING: [Synth 8-7129] Port add_ln120_1[44] in module lenet_w8a8_top_lenet_w8a8_top_Pipeline_DENSE_INPUT is either unconnected or has no load
WARNING: [Synth 8-7129] Port add_ln120_1[43] in module lenet_w8a8_top_lenet_w8a8_top_Pipeline_DENSE_INPUT is either unconnected or has no load
WARNING: [Synth 8-7129] Port add_ln120_1[42] in module lenet_w8a8_top_lenet_w8a8_top_Pipeline_DENSE_INPUT is either unconnected or has no load
WARNING: [Synth 8-7129] Port add_ln120_1[41] in module lenet_w8a8_top_lenet_w8a8_top_Pipeline_DENSE_INPUT is either unconnected or has no load
WARNING: [Synth 8-7129] Port add_ln120_1[40] in module lenet_w8a8_top_lenet_w8a8_top_Pipeline_DENSE_INPUT is either unconnected or has no load
WARNING: [Synth 8-7129] Port add_ln120_1[39] in module lenet_w8a8_top_lenet_w8a8_top_Pipeline_DENSE_INPUT is either unconnected or has no load
WARNING: [Synth 8-7129] Port add_ln120_1[38] in module lenet_w8a8_top_lenet_w8a8_top_Pipeline_DENSE_INPUT is either unconnected or has no load
WARNING: [Synth 8-7129] Port add_ln120_1[37] in module lenet_w8a8_top_lenet_w8a8_top_Pipeline_DENSE_INPUT is either unconnected or has no load
WARNING: [Synth 8-7129] Port add_ln120_1[36] in module lenet_w8a8_top_lenet_w8a8_top_Pipeline_DENSE_INPUT is either unconnected or has no load
WARNING: [Synth 8-7129] Port add_ln120_1[35] in module lenet_w8a8_top_lenet_w8a8_top_Pipeline_DENSE_INPUT is either unconnected or has no load
WARNING: [Synth 8-7129] Port add_ln120_1[34] in module lenet_w8a8_top_lenet_w8a8_top_Pipeline_DENSE_INPUT is either unconnected or has no load
WARNING: [Synth 8-7129] Port add_ln120_1[33] in module lenet_w8a8_top_lenet_w8a8_top_Pipeline_DENSE_INPUT is either unconnected or has no load
WARNING: [Synth 8-7129] Port add_ln120_1[32] in module lenet_w8a8_top_lenet_w8a8_top_Pipeline_DENSE_INPUT is either unconnected or has no load
WARNING: [Synth 8-7129] Port add_ln120_1[31] in module lenet_w8a8_top_lenet_w8a8_top_Pipeline_DENSE_INPUT is either unconnected or has no load
WARNING: [Synth 8-7129] Port add_ln120_1[30] in module lenet_w8a8_top_lenet_w8a8_top_Pipeline_DENSE_INPUT is either unconnected or has no load
WARNING: [Synth 8-7129] Port add_ln120_1[29] in module lenet_w8a8_top_lenet_w8a8_top_Pipeline_DENSE_INPUT is either unconnected or has no load
WARNING: [Synth 8-7129] Port add_ln120_1[28] in module lenet_w8a8_top_lenet_w8a8_top_Pipeline_DENSE_INPUT is either unconnected or has no load
WARNING: [Synth 8-7129] Port add_ln120_1[27] in module lenet_w8a8_top_lenet_w8a8_top_Pipeline_DENSE_INPUT is either unconnected or has no load
WARNING: [Synth 8-7129] Port add_ln120_1[26] in module lenet_w8a8_top_lenet_w8a8_top_Pipeline_DENSE_INPUT is either unconnected or has no load
WARNING: [Synth 8-7129] Port add_ln120_1[25] in module lenet_w8a8_top_lenet_w8a8_top_Pipeline_DENSE_INPUT is either unconnected or has no load
WARNING: [Synth 8-7129] Port add_ln120_1[24] in module lenet_w8a8_top_lenet_w8a8_top_Pipeline_DENSE_INPUT is either unconnected or has no load
WARNING: [Synth 8-7129] Port add_ln120_1[23] in module lenet_w8a8_top_lenet_w8a8_top_Pipeline_DENSE_INPUT is either unconnected or has no load
WARNING: [Synth 8-7129] Port add_ln120_1[22] in module lenet_w8a8_top_lenet_w8a8_top_Pipeline_DENSE_INPUT is either unconnected or has no load
WARNING: [Synth 8-7129] Port add_ln120_1[21] in module lenet_w8a8_top_lenet_w8a8_top_Pipeline_DENSE_INPUT is either unconnected or has no load
INFO: [Common 17-14] Message 'Synth 8-7129' appears 100 times and further instances of the messages will be disabled. Use the Tcl command set_msg_config to change the current settings.
---------------------------------------------------------------------------------
Finished RTL Elaboration : Time (s): cpu = 00:00:07 ; elapsed = 00:00:07 . Memory (MB): peak = 2059.121 ; gain = 615.180
---------------------------------------------------------------------------------
---------------------------------------------------------------------------------
Start Handling Custom Attributes
---------------------------------------------------------------------------------
---------------------------------------------------------------------------------
Finished Handling Custom Attributes : Time (s): cpu = 00:00:07 ; elapsed = 00:00:07 . Memory (MB): peak = 2077.035 ; gain = 633.094
---------------------------------------------------------------------------------
---------------------------------------------------------------------------------
Finished RTL Optimization Phase 1 : Time (s): cpu = 00:00:07 ; elapsed = 00:00:07 . Memory (MB): peak = 2077.035 ; gain = 633.094
---------------------------------------------------------------------------------
Netlist sorting complete. Time (s): cpu = 00:00:00 ; elapsed = 00:00:00.249 . Memory (MB): peak = 2077.035 ; gain = 0.000
INFO: [Project 1-570] Preparing netlist for logic optimization

Processing XDC Constraints
Initializing timing engine
Parsing XDC File [d:/GitHub/vivado/vivado/F_Quantization_W8A8/hls_w8a8/vivado_review/project/LeNet_W8A8_Review.gen/sources_1/bd/lenet_system/ip/lenet_system_lenet_w8a8_top_0_0/constraints/lenet_w8a8_top_ooc.xdc] for cell 'inst'
Finished Parsing XDC File [d:/GitHub/vivado/vivado/F_Quantization_W8A8/hls_w8a8/vivado_review/project/LeNet_W8A8_Review.gen/sources_1/bd/lenet_system/ip/lenet_system_lenet_w8a8_top_0_0/constraints/lenet_w8a8_top_ooc.xdc] for cell 'inst'
Parsing XDC File [D:/GitHub/vivado/vivado/F_Quantization_W8A8/hls_w8a8/vivado_review/project/LeNet_W8A8_Review.runs/lenet_system_lenet_w8a8_top_0_0_synth_1/dont_touch.xdc]
Finished Parsing XDC File [D:/GitHub/vivado/vivado/F_Quantization_W8A8/hls_w8a8/vivado_review/project/LeNet_W8A8_Review.runs/lenet_system_lenet_w8a8_top_0_0_synth_1/dont_touch.xdc]
Completed Processing XDC Constraints

Netlist sorting complete. Time (s): cpu = 00:00:00 ; elapsed = 00:00:00.006 . Memory (MB): peak = 2191.781 ; gain = 0.000
INFO: [Project 1-111] Unisim Transformation Summary:
No Unisim elements were transformed.

Constraint Validation Runtime : Time (s): cpu = 00:00:00 ; elapsed = 00:00:00.329 . Memory (MB): peak = 2191.781 ; gain = 0.000
INFO: [Designutils 20-5008] Incremental synthesis strategy off
INFO: [Synth 8-11241] undeclared symbol 'REGCCE', assumed default net type 'wire' [D:/Xilinx/Vivado/2022.2/data/verilog/src/unimacro/BRAM_SINGLE_MACRO.v:2170]
---------------------------------------------------------------------------------
Finished Constraint Validation : Time (s): cpu = 00:00:15 ; elapsed = 00:00:16 . Memory (MB): peak = 2191.781 ; gain = 747.840
---------------------------------------------------------------------------------
---------------------------------------------------------------------------------
Start Loading Part and Timing Information
---------------------------------------------------------------------------------
Loading part: xc7z020clg400-1
---------------------------------------------------------------------------------
Finished Loading Part and Timing Information : Time (s): cpu = 00:00:15 ; elapsed = 00:00:16 . Memory (MB): peak = 2191.781 ; gain = 747.840
---------------------------------------------------------------------------------
---------------------------------------------------------------------------------
Start Applying 'set_property' XDC Constraints
---------------------------------------------------------------------------------
Applied set_property KEEP_HIERARCHY = SOFT for inst. (constraint file  D:/GitHub/vivado/vivado/F_Quantization_W8A8/hls_w8a8/vivado_review/project/LeNet_W8A8_Review.runs/lenet_system_lenet_w8a8_top_0_0_synth_1/dont_touch.xdc, line 9).
---------------------------------------------------------------------------------
Finished applying 'set_property' XDC Constraints : Time (s): cpu = 00:00:15 ; elapsed = 00:00:16 . Memory (MB): peak = 2191.781 ; gain = 747.840
---------------------------------------------------------------------------------
INFO: [Synth 8-4490] FSM extraction disabled for register 'ap_CS_fsm_reg' through user attribute
INFO: [Synth 8-4490] FSM extraction disabled for register 'ap_CS_fsm_reg' through user attribute
INFO: [Synth 8-802] inferred FSM for state register 'wstate_reg' in module 'lenet_w8a8_top_control_s_axi'
INFO: [Synth 8-802] inferred FSM for state register 'rstate_reg' in module 'lenet_w8a8_top_control_s_axi'
INFO: [Synth 8-802] inferred FSM for state register 'state_reg' in module 'lenet_w8a8_top_gmem0_m_axi_reg_slice'
INFO: [Synth 8-802] inferred FSM for state register 'state_reg' in module 'lenet_w8a8_top_gmem0_m_axi_reg_slice__parameterized0'
INFO: [Synth 8-802] inferred FSM for state register 'state_reg' in module 'lenet_w8a8_top_gmem0_m_axi_reg_slice__parameterized1'
INFO: [Synth 8-802] inferred FSM for state register 'state_reg' in module 'lenet_w8a8_top_gmem0_m_axi_reg_slice__parameterized2'
INFO: [Synth 8-802] inferred FSM for state register 'state_reg' in module 'lenet_w8a8_top_gmem1_m_axi_reg_slice'
INFO: [Synth 8-802] inferred FSM for state register 'state_reg' in module 'lenet_w8a8_top_gmem1_m_axi_reg_slice__parameterized0'
INFO: [Synth 8-802] inferred FSM for state register 'state_reg' in module 'lenet_w8a8_top_gmem1_m_axi_reg_slice__parameterized1'
INFO: [Synth 8-802] inferred FSM for state register 'state_reg' in module 'lenet_w8a8_top_gmem1_m_axi_reg_slice__parameterized2'
INFO: [Synth 8-802] inferred FSM for state register 'state_reg' in module 'lenet_w8a8_top_gmem2_m_axi_reg_slice'
INFO: [Synth 8-802] inferred FSM for state register 'state_reg' in module 'lenet_w8a8_top_gmem2_m_axi_reg_slice__parameterized0'
INFO: [Synth 8-802] inferred FSM for state register 'state_reg' in module 'lenet_w8a8_top_gmem2_m_axi_reg_slice__parameterized1'
INFO: [Synth 8-802] inferred FSM for state register 'state_reg' in module 'lenet_w8a8_top_gmem2_m_axi_reg_slice__parameterized2'
INFO: [Synth 8-4490] FSM extraction disabled for register 'ap_CS_fsm_reg' through user attribute
INFO: [Synth 8-4490] FSM extraction disabled for register 'ap_CS_fsm_reg' through user attribute
---------------------------------------------------------------------------------------------------
                   State |                     New Encoding |                Previous Encoding 
---------------------------------------------------------------------------------------------------
                  iSTATE |                             0001 |                               11
*
                  WRIDLE |                             0010 |                               00
                  WRDATA |                             0100 |                               01
                  WRRESP |                             1000 |                               10
---------------------------------------------------------------------------------------------------
INFO: [Synth 8-3354] encoded FSM with state register 'wstate_reg' using encoding 'one-hot' in module 'lenet_w8a8_top_control_s_axi'
---------------------------------------------------------------------------------------------------
                   State |                     New Encoding |                Previous Encoding 
---------------------------------------------------------------------------------------------------
                  iSTATE |                              001 |                               10
*
                  RDIDLE |                              010 |                               00
                  RDDATA |                              100 |                               01
---------------------------------------------------------------------------------------------------
INFO: [Synth 8-3354] encoded FSM with state register 'rstate_reg' using encoding 'one-hot' in module 'lenet_w8a8_top_control_s_axi'
INFO: [Synth 8-7082] The signal mem_reg is implemented as Block RAM but is better mapped onto distributed LUT RAM for the following reason(s): The depth (6 address bits) is shallow. Please use attribute (* ram_style = "distributed" *) to instruct Vivado to infer distributed LUT RAM.
---------------------------------------------------------------------------------------------------
                   State |                     New Encoding |                Previous Encoding 
---------------------------------------------------------------------------------------------------
                    ZERO |                               00 |                               10
                     ONE |                               10 |                               11
                     TWO |                               01 |                               01
---------------------------------------------------------------------------------------------------
INFO: [Synth 8-3354] encoded FSM with state register 'state_reg' using encoding 'sequential' in module 'lenet_w8a8_top_gmem0_m_axi_reg_slice'
---------------------------------------------------------------------------------------------------
                   State |                     New Encoding |                Previous Encoding 
---------------------------------------------------------------------------------------------------
                    ZERO |                               00 |                               10
                     ONE |                               10 |                               11
                     TWO |                               01 |                               01
---------------------------------------------------------------------------------------------------
INFO: [Synth 8-3354] encoded FSM with state register 'state_reg' using encoding 'sequential' in module 'lenet_w8a8_top_gmem0_m_axi_reg_slice__parameterized0'
---------------------------------------------------------------------------------------------------
                   State |                     New Encoding |                Previous Encoding 
---------------------------------------------------------------------------------------------------
                    ZERO |                               00 |                               10
                     ONE |                               10 |                               11
                     TWO |                               01 |                               01
---------------------------------------------------------------------------------------------------
INFO: [Synth 8-3354] encoded FSM with state register 'state_reg' using encoding 'sequential' in module 'lenet_w8a8_top_gmem0_m_axi_reg_slice__parameterized1'
---------------------------------------------------------------------------------------------------
                   State |                     New Encoding |                Previous Encoding 
---------------------------------------------------------------------------------------------------
                    ZERO |                               00 |                               10
                     ONE |                               10 |                               11
                     TWO |                               01 |                               01
---------------------------------------------------------------------------------------------------
INFO: [Synth 8-3354] encoded FSM with state register 'state_reg' using encoding 'sequential' in module 'lenet_w8a8_top_gmem0_m_axi_reg_slice__parameterized2'
INFO: [Synth 8-7082] The signal mem_reg is implemented as Block RAM but is better mapped onto distributed LUT RAM for the following reason(s): The depth (6 address bits) is shallow. Please use attribute (* ram_style = "distributed" *) to instruct Vivado to infer distributed LUT RAM.
---------------------------------------------------------------------------------------------------
                   State |                     New Encoding |                Previous Encoding 
---------------------------------------------------------------------------------------------------
                    ZERO |                               00 |                               10
                     ONE |                               10 |                               11
                     TWO |                               01 |                               01
---------------------------------------------------------------------------------------------------
INFO: [Synth 8-3354] encoded FSM with state register 'state_reg' using encoding 'sequential' in module 'lenet_w8a8_top_gmem1_m_axi_reg_slice'
---------------------------------------------------------------------------------------------------
                   State |                     New Encoding |                Previous Encoding 
---------------------------------------------------------------------------------------------------
                    ZERO |                               00 |                               10
                     ONE |                               10 |                               11
                     TWO |                               01 |                               01
---------------------------------------------------------------------------------------------------
INFO: [Synth 8-3354] encoded FSM with state register 'state_reg' using encoding 'sequential' in module 'lenet_w8a8_top_gmem1_m_axi_reg_slice__parameterized0'
---------------------------------------------------------------------------------------------------
                   State |                     New Encoding |                Previous Encoding 
---------------------------------------------------------------------------------------------------
                    ZERO |                               00 |                               10
                     ONE |                               10 |                               11
                     TWO |                               01 |                               01
---------------------------------------------------------------------------------------------------
INFO: [Synth 8-3354] encoded FSM with state register 'state_reg' using encoding 'sequential' in module 'lenet_w8a8_top_gmem1_m_axi_reg_slice__parameterized1'
---------------------------------------------------------------------------------------------------
                   State |                     New Encoding |                Previous Encoding 
---------------------------------------------------------------------------------------------------
                    ZERO |                               00 |                               10
                     ONE |                               10 |                               11
                     TWO |                               01 |                               01
---------------------------------------------------------------------------------------------------
INFO: [Synth 8-3354] encoded FSM with state register 'state_reg' using encoding 'sequential' in module 'lenet_w8a8_top_gmem1_m_axi_reg_slice__parameterized2'
INFO: [Synth 8-7082] The signal mem_reg is implemented as Block RAM but is better mapped onto distributed LUT RAM for the following reason(s): The depth (4 address bits) is shallow. Please use attribute (* ram_style = "distributed" *) to instruct Vivado to infer distributed LUT RAM.
---------------------------------------------------------------------------------------------------
                   State |                     New Encoding |                Previous Encoding 
---------------------------------------------------------------------------------------------------
                    ZERO |                               00 |                               10
                     ONE |                               10 |                               11
                     TWO |                               01 |                               01
---------------------------------------------------------------------------------------------------
INFO: [Synth 8-3354] encoded FSM with state register 'state_reg' using encoding 'sequential' in module 'lenet_w8a8_top_gmem2_m_axi_reg_slice'
---------------------------------------------------------------------------------------------------
                   State |                     New Encoding |                Previous Encoding 
---------------------------------------------------------------------------------------------------
                    ZERO |                               00 |                               10
                     ONE |                               10 |                               11
                     TWO |                               01 |                               01
---------------------------------------------------------------------------------------------------
INFO: [Synth 8-3354] encoded FSM with state register 'state_reg' using encoding 'sequential' in module 'lenet_w8a8_top_gmem2_m_axi_reg_slice__parameterized0'
---------------------------------------------------------------------------------------------------
                   State |                     New Encoding |                Previous Encoding 
---------------------------------------------------------------------------------------------------
                    ZERO |                               00 |                               10
                     ONE |                               10 |                               11
                     TWO |                               01 |                               01
---------------------------------------------------------------------------------------------------
INFO: [Synth 8-3354] encoded FSM with state register 'state_reg' using encoding 'sequential' in module 'lenet_w8a8_top_gmem2_m_axi_reg_slice__parameterized1'
---------------------------------------------------------------------------------------------------
                   State |                     New Encoding |                Previous Encoding 
---------------------------------------------------------------------------------------------------
                    ZERO |                               00 |                               10
                     ONE |                               10 |                               11
                     TWO |                               01 |                               01
---------------------------------------------------------------------------------------------------
INFO: [Synth 8-3354] encoded FSM with state register 'state_reg' using encoding 'sequential' in module 'lenet_w8a8_top_gmem2_m_axi_reg_slice__parameterized2'
---------------------------------------------------------------------------------
Finished RTL Optimization Phase 2 : Time (s): cpu = 00:00:18 ; elapsed = 00:00:19 . Memory (MB): peak = 2191.781 ; gain = 747.840
---------------------------------------------------------------------------------
INFO: [Synth 8-223] decloning instance 'inst/grp_lenet_w8a8_top_Pipeline_OUT_CHANNEL_OUT_ROW_OUT_COL_fu_334/mul_8s_8s_16_1_1_U2' (lenet_w8a8_top_mul_8s_8s_16_1_1) to 'inst/grp_lenet_w8a8_top_Pipeline_OUT_CHANNEL_OUT_ROW_OUT_COL_fu_334/mul_8s_8s_16_1_1_U3'
---------------------------------------------------------------------------------
Start RTL Component Statistics 
---------------------------------------------------------------------------------
Detailed RTL Component Info : 
+---Adders : 
	   3 Input   64 Bit       Adders := 5     
	   2 Input   64 Bit       Adders := 17    
	   2 Input   52 Bit       Adders := 6     
	   2 Input   32 Bit       Adders := 8     
	   2 Input   25 Bit       Adders := 1     
	   2 Input   24 Bit       Adders := 5     
	   2 Input   23 Bit       Adders := 4     
	   2 Input   20 Bit       Adders := 1     
	   2 Input   19 Bit       Adders := 2     
	   2 Input   18 Bit       Adders := 3     
	   3 Input   18 Bit       Adders := 1     
	   2 Input   14 Bit       Adders := 1     
	   2 Input   13 Bit       Adders := 1     
	   4 Input   13 Bit       Adders := 3     
	   2 Input   12 Bit       Adders := 6     
	   2 Input   11 Bit       Adders := 8     
	   4 Input   11 Bit       Adders := 2     
	   3 Input   11 Bit       Adders := 1     
	   2 Input   10 Bit       Adders := 1     
	   3 Input    9 Bit       Adders := 4     
	   2 Input    9 Bit       Adders := 21    
	   4 Input    9 Bit       Adders := 1     
	   2 Input    8 Bit       Adders := 19    
	   3 Input    8 Bit       Adders := 6     
	   2 Input    7 Bit       Adders := 14    
	   2 Input    6 Bit       Adders := 15    
	   2 Input    5 Bit       Adders := 74    
	   2 Input    4 Bit       Adders := 53    
	   2 Input    3 Bit       Adders := 33    
	   3 Input    3 Bit       Adders := 2     
	   2 Input    2 Bit       Adders := 6     
+---XORs : 
	   2 Input      1 Bit         XORs := 8     
+---Registers : 
	               96 Bit    Registers := 18    
	               72 Bit    Registers := 9     
	               64 Bit    Registers := 48    
	               63 Bit    Registers := 5     
	               52 Bit    Registers := 7     
	               41 Bit    Registers := 10    
	               40 Bit    Registers := 10    
	               37 Bit    Registers := 3     
	               36 Bit    Registers := 1     
	               34 Bit    Registers := 5     
	               33 Bit    Registers := 6     
	               32 Bit    Registers := 18    
	               25 Bit    Registers := 1     
	               24 Bit    Registers := 9     
	               23 Bit    Registers := 13    
	               22 Bit    Registers := 4     
	               20 Bit    Registers := 9     
	               19 Bit    Registers := 1     
	               18 Bit    Registers := 24    
	               17 Bit    Registers := 5     
	               16 Bit    Registers := 9     
	               14 Bit    Registers := 1     
	               13 Bit    Registers := 3     
	               11 Bit    Registers := 13    
	               10 Bit    Registers := 14    
	                9 Bit    Registers := 14    
	                8 Bit    Registers := 71    
	                7 Bit    Registers := 27    
	                6 Bit    Registers := 15    
	                5 Bit    Registers := 48    
	                4 Bit    Registers := 61    
	                3 Bit    Registers := 37    
	                2 Bit    Registers := 19    
	                1 Bit    Registers := 425   
+---Multipliers : 
	              32x33  Multipliers := 4     
	              32x34  Multipliers := 1     
	              32x32  Multipliers := 4     
+---RAMs : 
	              91K Bit	(4704 X 20 bit)          RAMs := 3     
	              35K Bit	(1600 X 23 bit)          RAMs := 3     
	               9K Bit	(1176 X 8 bit)          RAMs := 1     
	               8K Bit	(255 X 34 bit)          RAMs := 3     
	               3K Bit	(400 X 8 bit)          RAMs := 1     
	               2K Bit	(120 X 24 bit)          RAMs := 1     
	               1K Bit	(84 X 22 bit)          RAMs := 1     
	              960 Bit	(120 X 8 bit)          RAMs := 1     
	              672 Bit	(84 X 8 bit)          RAMs := 1     
	              567 Bit	(63 X 9 bit)          RAMs := 2     
	              540 Bit	(15 X 36 bit)          RAMs := 1     
+---Muxes : 
	   2 Input   96 Bit        Muxes := 6     
	   2 Input   72 Bit        Muxes := 3     
	   2 Input   64 Bit        Muxes := 25    
	   2 Input   52 Bit        Muxes := 7     
	  53 Input   52 Bit        Muxes := 1     
	   2 Input   48 Bit        Muxes := 1     
	   2 Input   47 Bit        Muxes := 2     
	   2 Input   40 Bit        Muxes := 1     
	   2 Input   39 Bit        Muxes := 1     
	   2 Input   38 Bit        Muxes := 1     
	   2 Input   33 Bit        Muxes := 4     
	  11 Input   32 Bit        Muxes := 1     
	   2 Input   32 Bit        Muxes := 11    
	   2 Input   30 Bit        Muxes := 1     
	   2 Input   29 Bit        Muxes := 1     
	   2 Input   28 Bit        Muxes := 1     
	   2 Input   25 Bit        Muxes := 2     
	   2 Input   24 Bit        Muxes := 2     
	   2 Input   23 Bit        Muxes := 2     
	   2 Input   22 Bit        Muxes := 5     
	   2 Input   21 Bit        Muxes := 1     
	   2 Input   20 Bit        Muxes := 2     
	   2 Input   19 Bit        Muxes := 2     
	   2 Input   18 Bit        Muxes := 2     
	   2 Input   17 Bit        Muxes := 1     
	   2 Input   16 Bit        Muxes := 1     
	   2 Input   15 Bit        Muxes := 1     
	   2 Input   14 Bit        Muxes := 1     
	   2 Input   13 Bit        Muxes := 14    
	   2 Input   12 Bit        Muxes := 1     
	   4 Input   12 Bit        Muxes := 6     
	   2 Input   11 Bit        Muxes := 11    
	   3 Input   10 Bit        Muxes := 1     
	   4 Input   10 Bit        Muxes := 1     
	   2 Input   10 Bit        Muxes := 23    
	   2 Input    9 Bit        Muxes := 10    
	   2 Input    8 Bit        Muxes := 35    
	   3 Input    8 Bit        Muxes := 8     
	   4 Input    8 Bit        Muxes := 6     
	   2 Input    7 Bit        Muxes := 17    
	   2 Input    6 Bit        Muxes := 19    
	   2 Input    5 Bit        Muxes := 69    
	   2 Input    4 Bit        Muxes := 44    
	   4 Input    4 Bit        Muxes := 1     
	   3 Input    4 Bit        Muxes := 2     
	   2 Input    3 Bit        Muxes := 31    
	   3 Input    3 Bit        Muxes := 5     
	   5 Input    3 Bit        Muxes := 2     
	   4 Input    3 Bit        Muxes := 2     
	   2 Input    2 Bit        Muxes := 200   
	   5 Input    2 Bit        Muxes := 2     
	   3 Input    2 Bit        Muxes := 45    
	   4 Input    2 Bit        Muxes := 15    
	   2 Input    1 Bit        Muxes := 413   
	   4 Input    1 Bit        Muxes := 2     
---------------------------------------------------------------------------------
Finished RTL Component Statistics 
---------------------------------------------------------------------------------
---------------------------------------------------------------------------------
Start Part Resource Summary
---------------------------------------------------------------------------------
Part Resources:
DSPs: 220 (col length:60)
BRAMs: 280 (col length: RAMB18 60 RAMB36 30)
---------------------------------------------------------------------------------
Finished Part Resource Summary
---------------------------------------------------------------------------------
---------------------------------------------------------------------------------
Start Cross Boundary and Area Optimization
---------------------------------------------------------------------------------
WARNING: [Synth 8-7080] Parallel synthesis criteria is not met
WARNING: [Synth 8-3936] Found unconnected internal register 'mac_muladd_8s_8s_17s_17_4_1_U12/lenet_w8a8_top_mac_muladd_8s_8s_17s_17_4_1_DSP48_1_U/p_reg_reg' and it is trimmed from '44' to '17' bits. [d:/GitHub/vivado/vivado/F_Quantization_W8A8/hls_w8a8/vivado_review/project/LeNet_W8A8_Review.gen/sources_1/bd/lenet_system/ipshared/1edf/hdl/verilog/lenet_w8a8_top_mac_muladd_8s_8s_17s_17_4_1.v:39]
WARNING: [Synth 8-3936] Found unconnected internal register 'mac_muladd_8s_8s_16s_17_4_1_U11/lenet_w8a8_top_mac_muladd_8s_8s_16s_17_4_1_DSP48_0_U/p_reg_reg' and it is trimmed from '44' to '17' bits. [d:/GitHub/vivado/vivado/F_Quantization_W8A8/hls_w8a8/vivado_review/project/LeNet_W8A8_Review.gen/sources_1/bd/lenet_system/ipshared/1edf/hdl/verilog/lenet_w8a8_top_mac_muladd_8s_8s_16s_17_4_1.v:39]
WARNING: [Synth 8-3936] Found unconnected internal register 'mac_muladd_8s_8s_16s_17_4_1_U11/lenet_w8a8_top_mac_muladd_8s_8s_16s_17_4_1_DSP48_0_U/m_reg_reg' and it is trimmed from '43' to '17' bits. [d:/GitHub/vivado/vivado/F_Quantization_W8A8/hls_w8a8/vivado_review/project/LeNet_W8A8_Review.gen/sources_1/bd/lenet_system/ipshared/1edf/hdl/verilog/lenet_w8a8_top_mac_muladd_8s_8s_16s_17_4_1.v:32]
WARNING: [Synth 8-3936] Found unconnected internal register 'mac_muladd_8s_8s_16s_17_4_1_U11/lenet_w8a8_top_mac_muladd_8s_8s_16s_17_4_1_DSP48_0_U/a_reg_reg' and it is trimmed from '25' to '17' bits. [d:/GitHub/vivado/vivado/F_Quantization_W8A8/hls_w8a8/vivado_review/project/LeNet_W8A8_Review.gen/sources_1/bd/lenet_system/ipshared/1edf/hdl/verilog/lenet_w8a8_top_mac_muladd_8s_8s_16s_17_4_1.v:31]
WARNING: [Synth 8-3936] Found unconnected internal register 'mac_muladd_8s_8s_16s_17_4_1_U11/lenet_w8a8_top_mac_muladd_8s_8s_16s_17_4_1_DSP48_0_U/b_reg_reg' and it is trimmed from '18' to '17' bits. [d:/GitHub/vivado/vivado/F_Quantization_W8A8/hls_w8a8/vivado_review/project/LeNet_W8A8_Review.gen/sources_1/bd/lenet_system/ipshared/1edf/hdl/verilog/lenet_w8a8_top_mac_muladd_8s_8s_16s_17_4_1.v:31]
WARNING: [Synth 8-3936] Found unconnected internal register 'mac_muladd_8s_8s_17s_17_4_1_U12/lenet_w8a8_top_mac_muladd_8s_8s_17s_17_4_1_DSP48_1_U/m_reg_reg' and it is trimmed from '43' to '17' bits. [d:/GitHub/vivado/vivado/F_Quantization_W8A8/hls_w8a8/vivado_review/project/LeNet_W8A8_Review.gen/sources_1/bd/lenet_system/ipshared/1edf/hdl/verilog/lenet_w8a8_top_mac_muladd_8s_8s_17s_17_4_1.v:32]
WARNING: [Synth 8-3936] Found unconnected internal register 'mac_muladd_8s_8s_17s_17_4_1_U12/lenet_w8a8_top_mac_muladd_8s_8s_17s_17_4_1_DSP48_1_U/a_reg_reg' and it is trimmed from '25' to '17' bits. [d:/GitHub/vivado/vivado/F_Quantization_W8A8/hls_w8a8/vivado_review/project/LeNet_W8A8_Review.gen/sources_1/bd/lenet_system/ipshared/1edf/hdl/verilog/lenet_w8a8_top_mac_muladd_8s_8s_17s_17_4_1.v:31]
WARNING: [Synth 8-3936] Found unconnected internal register 'mac_muladd_8s_8s_17s_17_4_1_U12/lenet_w8a8_top_mac_muladd_8s_8s_17s_17_4_1_DSP48_1_U/b_reg_reg' and it is trimmed from '18' to '17' bits. [d:/GitHub/vivado/vivado/F_Quantization_W8A8/hls_w8a8/vivado_review/project/LeNet_W8A8_Review.gen/sources_1/bd/lenet_system/ipshared/1edf/hdl/verilog/lenet_w8a8_top_mac_muladd_8s_8s_17s_17_4_1.v:31]
WARNING: [Synth 8-3936] Found unconnected internal register 'mac_muladd_8s_8s_17s_17_4_1_U14/lenet_w8a8_top_mac_muladd_8s_8s_17s_17_4_1_DSP48_1_U/p_reg_reg' and it is trimmed from '44' to '17' bits. [d:/GitHub/vivado/vivado/F_Quantization_W8A8/hls_w8a8/vivado_review/project/LeNet_W8A8_Review.gen/sources_1/bd/lenet_system/ipshared/1edf/hdl/verilog/lenet_w8a8_top_mac_muladd_8s_8s_17s_17_4_1.v:39]
WARNING: [Synth 8-3936] Found unconnected internal register 'mac_muladd_8s_8s_16s_17_4_1_U13/lenet_w8a8_top_mac_muladd_8s_8s_16s_17_4_1_DSP48_0_U/p_reg_reg' and it is trimmed from '44' to '17' bits. [d:/GitHub/vivado/vivado/F_Quantization_W8A8/hls_w8a8/vivado_review/project/LeNet_W8A8_Review.gen/sources_1/bd/lenet_system/ipshared/1edf/hdl/verilog/lenet_w8a8_top_mac_muladd_8s_8s_16s_17_4_1.v:39]
WARNING: [Synth 8-3936] Found unconnected internal register 'mac_muladd_8s_8s_16s_17_4_1_U13/lenet_w8a8_top_mac_muladd_8s_8s_16s_17_4_1_DSP48_0_U/m_reg_reg' and it is trimmed from '43' to '17' bits. [d:/GitHub/vivado/vivado/F_Quantization_W8A8/hls_w8a8/vivado_review/project/LeNet_W8A8_Review.gen/sources_1/bd/lenet_system/ipshared/1edf/hdl/verilog/lenet_w8a8_top_mac_muladd_8s_8s_16s_17_4_1.v:32]
WARNING: [Synth 8-3936] Found unconnected internal register 'mac_muladd_8s_8s_16s_17_4_1_U13/lenet_w8a8_top_mac_muladd_8s_8s_16s_17_4_1_DSP48_0_U/a_reg_reg' and it is trimmed from '25' to '17' bits. [d:/GitHub/vivado/vivado/F_Quantization_W8A8/hls_w8a8/vivado_review/project/LeNet_W8A8_Review.gen/sources_1/bd/lenet_system/ipshared/1edf/hdl/verilog/lenet_w8a8_top_mac_muladd_8s_8s_16s_17_4_1.v:31]
WARNING: [Synth 8-3936] Found unconnected internal register 'mac_muladd_8s_8s_16s_17_4_1_U13/lenet_w8a8_top_mac_muladd_8s_8s_16s_17_4_1_DSP48_0_U/b_reg_reg' and it is trimmed from '18' to '17' bits. [d:/GitHub/vivado/vivado/F_Quantization_W8A8/hls_w8a8/vivado_review/project/LeNet_W8A8_Review.gen/sources_1/bd/lenet_system/ipshared/1edf/hdl/verilog/lenet_w8a8_top_mac_muladd_8s_8s_16s_17_4_1.v:31]
WARNING: [Synth 8-3936] Found unconnected internal register 'mac_muladd_8s_8s_17s_17_4_1_U14/lenet_w8a8_top_mac_muladd_8s_8s_17s_17_4_1_DSP48_1_U/m_reg_reg' and it is trimmed from '43' to '17' bits. [d:/GitHub/vivado/vivado/F_Quantization_W8A8/hls_w8a8/vivado_review/project/LeNet_W8A8_Review.gen/sources_1/bd/lenet_system/ipshared/1edf/hdl/verilog/lenet_w8a8_top_mac_muladd_8s_8s_17s_17_4_1.v:32]
WARNING: [Synth 8-3936] Found unconnected internal register 'mac_muladd_8s_8s_17s_17_4_1_U14/lenet_w8a8_top_mac_muladd_8s_8s_17s_17_4_1_DSP48_1_U/a_reg_reg' and it is trimmed from '25' to '17' bits. [d:/GitHub/vivado/vivado/F_Quantization_W8A8/hls_w8a8/vivado_review/project/LeNet_W8A8_Review.gen/sources_1/bd/lenet_system/ipshared/1edf/hdl/verilog/lenet_w8a8_top_mac_muladd_8s_8s_17s_17_4_1.v:31]
WARNING: [Synth 8-3936] Found unconnected internal register 'mac_muladd_8s_8s_17s_17_4_1_U14/lenet_w8a8_top_mac_muladd_8s_8s_17s_17_4_1_DSP48_1_U/b_reg_reg' and it is trimmed from '18' to '17' bits. [d:/GitHub/vivado/vivado/F_Quantization_W8A8/hls_w8a8/vivado_review/project/LeNet_W8A8_Review.gen/sources_1/bd/lenet_system/ipshared/1edf/hdl/verilog/lenet_w8a8_top_mac_muladd_8s_8s_17s_17_4_1.v:31]
WARNING: [Synth 8-3936] Found unconnected internal register 'mac_muladd_8s_8s_17s_17_4_1_U16/lenet_w8a8_top_mac_muladd_8s_8s_17s_17_4_1_DSP48_1_U/p_reg_reg' and it is trimmed from '44' to '17' bits. [d:/GitHub/vivado/vivado/F_Quantization_W8A8/hls_w8a8/vivado_review/project/LeNet_W8A8_Review.gen/sources_1/bd/lenet_system/ipshared/1edf/hdl/verilog/lenet_w8a8_top_mac_muladd_8s_8s_17s_17_4_1.v:39]
WARNING: [Synth 8-3936] Found unconnected internal register 'mac_muladd_8s_8s_16s_17_4_1_U15/lenet_w8a8_top_mac_muladd_8s_8s_16s_17_4_1_DSP48_0_U/p_reg_reg' and it is trimmed from '44' to '17' bits. [d:/GitHub/vivado/vivado/F_Quantization_W8A8/hls_w8a8/vivado_review/project/LeNet_W8A8_Review.gen/sources_1/bd/lenet_system/ipshared/1edf/hdl/verilog/lenet_w8a8_top_mac_muladd_8s_8s_16s_17_4_1.v:39]
WARNING: [Synth 8-3936] Found unconnected internal register 'mac_muladd_8s_8s_16s_17_4_1_U15/lenet_w8a8_top_mac_muladd_8s_8s_16s_17_4_1_DSP48_0_U/m_reg_reg' and it is trimmed from '43' to '17' bits. [d:/GitHub/vivado/vivado/F_Quantization_W8A8/hls_w8a8/vivado_review/project/LeNet_W8A8_Review.gen/sources_1/bd/lenet_system/ipshared/1edf/hdl/verilog/lenet_w8a8_top_mac_muladd_8s_8s_16s_17_4_1.v:32]
WARNING: [Synth 8-3936] Found unconnected internal register 'mac_muladd_8s_8s_16s_17_4_1_U15/lenet_w8a8_top_mac_muladd_8s_8s_16s_17_4_1_DSP48_0_U/a_reg_reg' and it is trimmed from '25' to '17' bits. [d:/GitHub/vivado/vivado/F_Quantization_W8A8/hls_w8a8/vivado_review/project/LeNet_W8A8_Review.gen/sources_1/bd/lenet_system/ipshared/1edf/hdl/verilog/lenet_w8a8_top_mac_muladd_8s_8s_16s_17_4_1.v:31]
WARNING: [Synth 8-3936] Found unconnected internal register 'mac_muladd_8s_8s_16s_17_4_1_U15/lenet_w8a8_top_mac_muladd_8s_8s_16s_17_4_1_DSP48_0_U/b_reg_reg' and it is trimmed from '18' to '17' bits. [d:/GitHub/vivado/vivado/F_Quantization_W8A8/hls_w8a8/vivado_review/project/LeNet_W8A8_Review.gen/sources_1/bd/lenet_system/ipshared/1edf/hdl/verilog/lenet_w8a8_top_mac_muladd_8s_8s_16s_17_4_1.v:31]
WARNING: [Synth 8-3936] Found unconnected internal register 'mac_muladd_8s_8s_17s_17_4_1_U16/lenet_w8a8_top_mac_muladd_8s_8s_17s_17_4_1_DSP48_1_U/m_reg_reg' and it is trimmed from '43' to '17' bits. [d:/GitHub/vivado/vivado/F_Quantization_W8A8/hls_w8a8/vivado_review/project/LeNet_W8A8_Review.gen/sources_1/bd/lenet_system/ipshared/1edf/hdl/verilog/lenet_w8a8_top_mac_muladd_8s_8s_17s_17_4_1.v:32]
WARNING: [Synth 8-3936] Found unconnected internal register 'mac_muladd_8s_8s_17s_17_4_1_U16/lenet_w8a8_top_mac_muladd_8s_8s_17s_17_4_1_DSP48_1_U/a_reg_reg' and it is trimmed from '25' to '17' bits. [d:/GitHub/vivado/vivado/F_Quantization_W8A8/hls_w8a8/vivado_review/project/LeNet_W8A8_Review.gen/sources_1/bd/lenet_system/ipshared/1edf/hdl/verilog/lenet_w8a8_top_mac_muladd_8s_8s_17s_17_4_1.v:31]
WARNING: [Synth 8-3936] Found unconnected internal register 'mac_muladd_8s_8s_17s_17_4_1_U16/lenet_w8a8_top_mac_muladd_8s_8s_17s_17_4_1_DSP48_1_U/b_reg_reg' and it is trimmed from '18' to '17' bits. [d:/GitHub/vivado/vivado/F_Quantization_W8A8/hls_w8a8/vivado_review/project/LeNet_W8A8_Review.gen/sources_1/bd/lenet_system/ipshared/1edf/hdl/verilog/lenet_w8a8_top_mac_muladd_8s_8s_17s_17_4_1.v:31]
WARNING: [Synth 8-3936] Found unconnected internal register 'mac_muladd_8s_8s_17s_17_4_1_U18/lenet_w8a8_top_mac_muladd_8s_8s_17s_17_4_1_DSP48_1_U/p_reg_reg' and it is trimmed from '44' to '17' bits. [d:/GitHub/vivado/vivado/F_Quantization_W8A8/hls_w8a8/vivado_review/project/LeNet_W8A8_Review.gen/sources_1/bd/lenet_system/ipshared/1edf/hdl/verilog/lenet_w8a8_top_mac_muladd_8s_8s_17s_17_4_1.v:39]
WARNING: [Synth 8-3936] Found unconnected internal register 'mac_muladd_8s_8s_16s_17_4_1_U17/lenet_w8a8_top_mac_muladd_8s_8s_16s_17_4_1_DSP48_0_U/p_reg_reg' and it is trimmed from '44' to '17' bits. [d:/GitHub/vivado/vivado/F_Quantization_W8A8/hls_w8a8/vivado_review/project/LeNet_W8A8_Review.gen/sources_1/bd/lenet_system/ipshared/1edf/hdl/verilog/lenet_w8a8_top_mac_muladd_8s_8s_16s_17_4_1.v:39]
WARNING: [Synth 8-3936] Found unconnected internal register 'mac_muladd_8s_8s_16s_17_4_1_U17/lenet_w8a8_top_mac_muladd_8s_8s_16s_17_4_1_DSP48_0_U/m_reg_reg' and it is trimmed from '43' to '17' bits. [d:/GitHub/vivado/vivado/F_Quantization_W8A8/hls_w8a8/vivado_review/project/LeNet_W8A8_Review.gen/sources_1/bd/lenet_system/ipshared/1edf/hdl/verilog/lenet_w8a8_top_mac_muladd_8s_8s_16s_17_4_1.v:32]
WARNING: [Synth 8-3936] Found unconnected internal register 'mac_muladd_8s_8s_16s_17_4_1_U17/lenet_w8a8_top_mac_muladd_8s_8s_16s_17_4_1_DSP48_0_U/a_reg_reg' and it is trimmed from '25' to '17' bits. [d:/GitHub/vivado/vivado/F_Quantization_W8A8/hls_w8a8/vivado_review/project/LeNet_W8A8_Review.gen/sources_1/bd/lenet_system/ipshared/1edf/hdl/verilog/lenet_w8a8_top_mac_muladd_8s_8s_16s_17_4_1.v:31]
WARNING: [Synth 8-3936] Found unconnected internal register 'mac_muladd_8s_8s_16s_17_4_1_U17/lenet_w8a8_top_mac_muladd_8s_8s_16s_17_4_1_DSP48_0_U/b_reg_reg' and it is trimmed from '18' to '17' bits. [d:/GitHub/vivado/vivado/F_Quantization_W8A8/hls_w8a8/vivado_review/project/LeNet_W8A8_Review.gen/sources_1/bd/lenet_system/ipshared/1edf/hdl/verilog/lenet_w8a8_top_mac_muladd_8s_8s_16s_17_4_1.v:31]
WARNING: [Synth 8-3936] Found unconnected internal register 'mac_muladd_8s_8s_17s_17_4_1_U18/lenet_w8a8_top_mac_muladd_8s_8s_17s_17_4_1_DSP48_1_U/m_reg_reg' and it is trimmed from '43' to '17' bits. [d:/GitHub/vivado/vivado/F_Quantization_W8A8/hls_w8a8/vivado_review/project/LeNet_W8A8_Review.gen/sources_1/bd/lenet_system/ipshared/1edf/hdl/verilog/lenet_w8a8_top_mac_muladd_8s_8s_17s_17_4_1.v:32]
WARNING: [Synth 8-3936] Found unconnected internal register 'mac_muladd_8s_8s_17s_17_4_1_U18/lenet_w8a8_top_mac_muladd_8s_8s_17s_17_4_1_DSP48_1_U/a_reg_reg' and it is trimmed from '25' to '17' bits. [d:/GitHub/vivado/vivado/F_Quantization_W8A8/hls_w8a8/vivado_review/project/LeNet_W8A8_Review.gen/sources_1/bd/lenet_system/ipshared/1edf/hdl/verilog/lenet_w8a8_top_mac_muladd_8s_8s_17s_17_4_1.v:31]
WARNING: [Synth 8-3936] Found unconnected internal register 'mac_muladd_8s_8s_17s_17_4_1_U18/lenet_w8a8_top_mac_muladd_8s_8s_17s_17_4_1_DSP48_1_U/b_reg_reg' and it is trimmed from '18' to '17' bits. [d:/GitHub/vivado/vivado/F_Quantization_W8A8/hls_w8a8/vivado_review/project/LeNet_W8A8_Review.gen/sources_1/bd/lenet_system/ipshared/1edf/hdl/verilog/lenet_w8a8_top_mac_muladd_8s_8s_17s_17_4_1.v:31]
WARNING: [Synth 8-3936] Found unconnected internal register 'mac_muladd_8s_8s_17s_17_4_1_U20/lenet_w8a8_top_mac_muladd_8s_8s_17s_17_4_1_DSP48_1_U/p_reg_reg' and it is trimmed from '44' to '17' bits. [d:/GitHub/vivado/vivado/F_Quantization_W8A8/hls_w8a8/vivado_review/project/LeNet_W8A8_Review.gen/sources_1/bd/lenet_system/ipshared/1edf/hdl/verilog/lenet_w8a8_top_mac_muladd_8s_8s_17s_17_4_1.v:39]
WARNING: [Synth 8-3936] Found unconnected internal register 'mac_muladd_8s_8s_16s_17_4_1_U19/lenet_w8a8_top_mac_muladd_8s_8s_16s_17_4_1_DSP48_0_U/p_reg_reg' and it is trimmed from '44' to '17' bits. [d:/GitHub/vivado/vivado/F_Quantization_W8A8/hls_w8a8/vivado_review/project/LeNet_W8A8_Review.gen/sources_1/bd/lenet_system/ipshared/1edf/hdl/verilog/lenet_w8a8_top_mac_muladd_8s_8s_16s_17_4_1.v:39]
WARNING: [Synth 8-3936] Found unconnected internal register 'mac_muladd_8s_8s_16s_17_4_1_U19/lenet_w8a8_top_mac_muladd_8s_8s_16s_17_4_1_DSP48_0_U/m_reg_reg' and it is trimmed from '43' to '17' bits. [d:/GitHub/vivado/vivado/F_Quantization_W8A8/hls_w8a8/vivado_review/project/LeNet_W8A8_Review.gen/sources_1/bd/lenet_system/ipshared/1edf/hdl/verilog/lenet_w8a8_top_mac_muladd_8s_8s_16s_17_4_1.v:32]
WARNING: [Synth 8-3936] Found unconnected internal register 'mac_muladd_8s_8s_16s_17_4_1_U19/lenet_w8a8_top_mac_muladd_8s_8s_16s_17_4_1_DSP48_0_U/a_reg_reg' and it is trimmed from '25' to '17' bits. [d:/GitHub/vivado/vivado/F_Quantization_W8A8/hls_w8a8/vivado_review/project/LeNet_W8A8_Review.gen/sources_1/bd/lenet_system/ipshared/1edf/hdl/verilog/lenet_w8a8_top_mac_muladd_8s_8s_16s_17_4_1.v:31]
WARNING: [Synth 8-3936] Found unconnected internal register 'mac_muladd_8s_8s_16s_17_4_1_U19/lenet_w8a8_top_mac_muladd_8s_8s_16s_17_4_1_DSP48_0_U/b_reg_reg' and it is trimmed from '18' to '17' bits. [d:/GitHub/vivado/vivado/F_Quantization_W8A8/hls_w8a8/vivado_review/project/LeNet_W8A8_Review.gen/sources_1/bd/lenet_system/ipshared/1edf/hdl/verilog/lenet_w8a8_top_mac_muladd_8s_8s_16s_17_4_1.v:31]
WARNING: [Synth 8-3936] Found unconnected internal register 'mac_muladd_8s_8s_17s_17_4_1_U20/lenet_w8a8_top_mac_muladd_8s_8s_17s_17_4_1_DSP48_1_U/m_reg_reg' and it is trimmed from '43' to '17' bits. [d:/GitHub/vivado/vivado/F_Quantization_W8A8/hls_w8a8/vivado_review/project/LeNet_W8A8_Review.gen/sources_1/bd/lenet_system/ipshared/1edf/hdl/verilog/lenet_w8a8_top_mac_muladd_8s_8s_17s_17_4_1.v:32]
WARNING: [Synth 8-3936] Found unconnected internal register 'mac_muladd_8s_8s_17s_17_4_1_U20/lenet_w8a8_top_mac_muladd_8s_8s_17s_17_4_1_DSP48_1_U/a_reg_reg' and it is trimmed from '25' to '17' bits. [d:/GitHub/vivado/vivado/F_Quantization_W8A8/hls_w8a8/vivado_review/project/LeNet_W8A8_Review.gen/sources_1/bd/lenet_system/ipshared/1edf/hdl/verilog/lenet_w8a8_top_mac_muladd_8s_8s_17s_17_4_1.v:31]
WARNING: [Synth 8-3936] Found unconnected internal register 'mac_muladd_8s_8s_17s_17_4_1_U20/lenet_w8a8_top_mac_muladd_8s_8s_17s_17_4_1_DSP48_1_U/b_reg_reg' and it is trimmed from '18' to '17' bits. [d:/GitHub/vivado/vivado/F_Quantization_W8A8/hls_w8a8/vivado_review/project/LeNet_W8A8_Review.gen/sources_1/bd/lenet_system/ipshared/1edf/hdl/verilog/lenet_w8a8_top_mac_muladd_8s_8s_17s_17_4_1.v:31]
WARNING: [Synth 8-3936] Found unconnected internal register 'mac_muladd_8s_8s_17s_17_4_1_U22/lenet_w8a8_top_mac_muladd_8s_8s_17s_17_4_1_DSP48_1_U/p_reg_reg' and it is trimmed from '44' to '17' bits. [d:/GitHub/vivado/vivado/F_Quantization_W8A8/hls_w8a8/vivado_review/project/LeNet_W8A8_Review.gen/sources_1/bd/lenet_system/ipshared/1edf/hdl/verilog/lenet_w8a8_top_mac_muladd_8s_8s_17s_17_4_1.v:39]
WARNING: [Synth 8-3936] Found unconnected internal register 'mac_muladd_8s_8s_16s_17_4_1_U21/lenet_w8a8_top_mac_muladd_8s_8s_16s_17_4_1_DSP48_0_U/p_reg_reg' and it is trimmed from '44' to '17' bits. [d:/GitHub/vivado/vivado/F_Quantization_W8A8/hls_w8a8/vivado_review/project/LeNet_W8A8_Review.gen/sources_1/bd/lenet_system/ipshared/1edf/hdl/verilog/lenet_w8a8_top_mac_muladd_8s_8s_16s_17_4_1.v:39]
WARNING: [Synth 8-3936] Found unconnected internal register 'mac_muladd_8s_8s_16s_17_4_1_U21/lenet_w8a8_top_mac_muladd_8s_8s_16s_17_4_1_DSP48_0_U/m_reg_reg' and it is trimmed from '43' to '17' bits. [d:/GitHub/vivado/vivado/F_Quantization_W8A8/hls_w8a8/vivado_review/project/LeNet_W8A8_Review.gen/sources_1/bd/lenet_system/ipshared/1edf/hdl/verilog/lenet_w8a8_top_mac_muladd_8s_8s_16s_17_4_1.v:32]
WARNING: [Synth 8-3936] Found unconnected internal register 'mac_muladd_8s_8s_16s_17_4_1_U21/lenet_w8a8_top_mac_muladd_8s_8s_16s_17_4_1_DSP48_0_U/a_reg_reg' and it is trimmed from '25' to '17' bits. [d:/GitHub/vivado/vivado/F_Quantization_W8A8/hls_w8a8/vivado_review/project/LeNet_W8A8_Review.gen/sources_1/bd/lenet_system/ipshared/1edf/hdl/verilog/lenet_w8a8_top_mac_muladd_8s_8s_16s_17_4_1.v:31]
WARNING: [Synth 8-3936] Found unconnected internal register 'mac_muladd_8s_8s_16s_17_4_1_U21/lenet_w8a8_top_mac_muladd_8s_8s_16s_17_4_1_DSP48_0_U/b_reg_reg' and it is trimmed from '18' to '17' bits. [d:/GitHub/vivado/vivado/F_Quantization_W8A8/hls_w8a8/vivado_review/project/LeNet_W8A8_Review.gen/sources_1/bd/lenet_system/ipshared/1edf/hdl/verilog/lenet_w8a8_top_mac_muladd_8s_8s_16s_17_4_1.v:31]
WARNING: [Synth 8-3936] Found unconnected internal register 'mac_muladd_8s_8s_17s_17_4_1_U22/lenet_w8a8_top_mac_muladd_8s_8s_17s_17_4_1_DSP48_1_U/m_reg_reg' and it is trimmed from '43' to '17' bits. [d:/GitHub/vivado/vivado/F_Quantization_W8A8/hls_w8a8/vivado_review/project/LeNet_W8A8_Review.gen/sources_1/bd/lenet_system/ipshared/1edf/hdl/verilog/lenet_w8a8_top_mac_muladd_8s_8s_17s_17_4_1.v:32]
WARNING: [Synth 8-3936] Found unconnected internal register 'mac_muladd_8s_8s_17s_17_4_1_U22/lenet_w8a8_top_mac_muladd_8s_8s_17s_17_4_1_DSP48_1_U/a_reg_reg' and it is trimmed from '25' to '17' bits. [d:/GitHub/vivado/vivado/F_Quantization_W8A8/hls_w8a8/vivado_review/project/LeNet_W8A8_Review.gen/sources_1/bd/lenet_system/ipshared/1edf/hdl/verilog/lenet_w8a8_top_mac_muladd_8s_8s_17s_17_4_1.v:31]
WARNING: [Synth 8-3936] Found unconnected internal register 'mac_muladd_8s_8s_17s_17_4_1_U22/lenet_w8a8_top_mac_muladd_8s_8s_17s_17_4_1_DSP48_1_U/b_reg_reg' and it is trimmed from '18' to '17' bits. [d:/GitHub/vivado/vivado/F_Quantization_W8A8/hls_w8a8/vivado_review/project/LeNet_W8A8_Review.gen/sources_1/bd/lenet_system/ipshared/1edf/hdl/verilog/lenet_w8a8_top_mac_muladd_8s_8s_17s_17_4_1.v:31]
WARNING: [Synth 8-3936] Found unconnected internal register 'mac_muladd_8s_8s_17s_17_4_1_U24/lenet_w8a8_top_mac_muladd_8s_8s_17s_17_4_1_DSP48_1_U/p_reg_reg' and it is trimmed from '44' to '17' bits. [d:/GitHub/vivado/vivado/F_Quantization_W8A8/hls_w8a8/vivado_review/project/LeNet_W8A8_Review.gen/sources_1/bd/lenet_system/ipshared/1edf/hdl/verilog/lenet_w8a8_top_mac_muladd_8s_8s_17s_17_4_1.v:39]
WARNING: [Synth 8-3936] Found unconnected internal register 'mac_muladd_8s_8s_16s_17_4_1_U23/lenet_w8a8_top_mac_muladd_8s_8s_16s_17_4_1_DSP48_0_U/p_reg_reg' and it is trimmed from '44' to '17' bits. [d:/GitHub/vivado/vivado/F_Quantization_W8A8/hls_w8a8/vivado_review/project/LeNet_W8A8_Review.gen/sources_1/bd/lenet_system/ipshared/1edf/hdl/verilog/lenet_w8a8_top_mac_muladd_8s_8s_16s_17_4_1.v:39]
WARNING: [Synth 8-3936] Found unconnected internal register 'mac_muladd_8s_8s_16s_17_4_1_U23/lenet_w8a8_top_mac_muladd_8s_8s_16s_17_4_1_DSP48_0_U/m_reg_reg' and it is trimmed from '43' to '17' bits. [d:/GitHub/vivado/vivado/F_Quantization_W8A8/hls_w8a8/vivado_review/project/LeNet_W8A8_Review.gen/sources_1/bd/lenet_system/ipshared/1edf/hdl/verilog/lenet_w8a8_top_mac_muladd_8s_8s_16s_17_4_1.v:32]
WARNING: [Synth 8-3936] Found unconnected internal register 'mac_muladd_8s_8s_16s_17_4_1_U23/lenet_w8a8_top_mac_muladd_8s_8s_16s_17_4_1_DSP48_0_U/a_reg_reg' and it is trimmed from '25' to '17' bits. [d:/GitHub/vivado/vivado/F_Quantization_W8A8/hls_w8a8/vivado_review/project/LeNet_W8A8_Review.gen/sources_1/bd/lenet_system/ipshared/1edf/hdl/verilog/lenet_w8a8_top_mac_muladd_8s_8s_16s_17_4_1.v:31]
WARNING: [Synth 8-3936] Found unconnected internal register 'mac_muladd_8s_8s_16s_17_4_1_U23/lenet_w8a8_top_mac_muladd_8s_8s_16s_17_4_1_DSP48_0_U/b_reg_reg' and it is trimmed from '18' to '17' bits. [d:/GitHub/vivado/vivado/F_Quantization_W8A8/hls_w8a8/vivado_review/project/LeNet_W8A8_Review.gen/sources_1/bd/lenet_system/ipshared/1edf/hdl/verilog/lenet_w8a8_top_mac_muladd_8s_8s_16s_17_4_1.v:31]
WARNING: [Synth 8-3936] Found unconnected internal register 'mac_muladd_8s_8s_17s_17_4_1_U24/lenet_w8a8_top_mac_muladd_8s_8s_17s_17_4_1_DSP48_1_U/m_reg_reg' and it is trimmed from '43' to '17' bits. [d:/GitHub/vivado/vivado/F_Quantization_W8A8/hls_w8a8/vivado_review/project/LeNet_W8A8_Review.gen/sources_1/bd/lenet_system/ipshared/1edf/hdl/verilog/lenet_w8a8_top_mac_muladd_8s_8s_17s_17_4_1.v:32]
WARNING: [Synth 8-3936] Found unconnected internal register 'mac_muladd_8s_8s_17s_17_4_1_U24/lenet_w8a8_top_mac_muladd_8s_8s_17s_17_4_1_DSP48_1_U/a_reg_reg' and it is trimmed from '25' to '17' bits. [d:/GitHub/vivado/vivado/F_Quantization_W8A8/hls_w8a8/vivado_review/project/LeNet_W8A8_Review.gen/sources_1/bd/lenet_system/ipshared/1edf/hdl/verilog/lenet_w8a8_top_mac_muladd_8s_8s_17s_17_4_1.v:31]
WARNING: [Synth 8-3936] Found unconnected internal register 'mac_muladd_8s_8s_17s_17_4_1_U24/lenet_w8a8_top_mac_muladd_8s_8s_17s_17_4_1_DSP48_1_U/b_reg_reg' and it is trimmed from '18' to '17' bits. [d:/GitHub/vivado/vivado/F_Quantization_W8A8/hls_w8a8/vivado_review/project/LeNet_W8A8_Review.gen/sources_1/bd/lenet_system/ipshared/1edf/hdl/verilog/lenet_w8a8_top_mac_muladd_8s_8s_17s_17_4_1.v:31]
WARNING: [Synth 8-3936] Found unconnected internal register 'mac_muladd_8s_8s_16s_17_4_1_U25/lenet_w8a8_top_mac_muladd_8s_8s_16s_17_4_1_DSP48_0_U/p_reg_reg' and it is trimmed from '44' to '17' bits. [d:/GitHub/vivado/vivado/F_Quantization_W8A8/hls_w8a8/vivado_review/project/LeNet_W8A8_Review.gen/sources_1/bd/lenet_system/ipshared/1edf/hdl/verilog/lenet_w8a8_top_mac_muladd_8s_8s_16s_17_4_1.v:39]
WARNING: [Synth 8-3936] Found unconnected internal register 'mac_muladd_8s_8s_16s_17_4_1_U25/lenet_w8a8_top_mac_muladd_8s_8s_16s_17_4_1_DSP48_0_U/m_reg_reg' and it is trimmed from '43' to '17' bits. [d:/GitHub/vivado/vivado/F_Quantization_W8A8/hls_w8a8/vivado_review/project/LeNet_W8A8_Review.gen/sources_1/bd/lenet_system/ipshared/1edf/hdl/verilog/lenet_w8a8_top_mac_muladd_8s_8s_16s_17_4_1.v:32]
WARNING: [Synth 8-3936] Found unconnected internal register 'mac_muladd_8s_8s_16s_17_4_1_U25/lenet_w8a8_top_mac_muladd_8s_8s_16s_17_4_1_DSP48_0_U/a_reg_reg' and it is trimmed from '25' to '17' bits. [d:/GitHub/vivado/vivado/F_Quantization_W8A8/hls_w8a8/vivado_review/project/LeNet_W8A8_Review.gen/sources_1/bd/lenet_system/ipshared/1edf/hdl/verilog/lenet_w8a8_top_mac_muladd_8s_8s_16s_17_4_1.v:31]
WARNING: [Synth 8-3936] Found unconnected internal register 'mac_muladd_8s_8s_16s_17_4_1_U25/lenet_w8a8_top_mac_muladd_8s_8s_16s_17_4_1_DSP48_0_U/b_reg_reg' and it is trimmed from '18' to '17' bits. [d:/GitHub/vivado/vivado/F_Quantization_W8A8/hls_w8a8/vivado_review/project/LeNet_W8A8_Review.gen/sources_1/bd/lenet_system/ipshared/1edf/hdl/verilog/lenet_w8a8_top_mac_muladd_8s_8s_16s_17_4_1.v:31]
WARNING: [Synth 8-3936] Found unconnected internal register 'mac_muladd_8s_8s_16s_17_4_1_U26/lenet_w8a8_top_mac_muladd_8s_8s_16s_17_4_1_DSP48_0_U/p_reg_reg' and it is trimmed from '44' to '17' bits. [d:/GitHub/vivado/vivado/F_Quantization_W8A8/hls_w8a8/vivado_review/project/LeNet_W8A8_Review.gen/sources_1/bd/lenet_system/ipshared/1edf/hdl/verilog/lenet_w8a8_top_mac_muladd_8s_8s_16s_17_4_1.v:39]
WARNING: [Synth 8-3936] Found unconnected internal register 'mac_muladd_8s_8s_16s_17_4_1_U26/lenet_w8a8_top_mac_muladd_8s_8s_16s_17_4_1_DSP48_0_U/m_reg_reg' and it is trimmed from '43' to '17' bits. [d:/GitHub/vivado/vivado/F_Quantization_W8A8/hls_w8a8/vivado_review/project/LeNet_W8A8_Review.gen/sources_1/bd/lenet_system/ipshared/1edf/hdl/verilog/lenet_w8a8_top_mac_muladd_8s_8s_16s_17_4_1.v:32]
WARNING: [Synth 8-3936] Found unconnected internal register 'mac_muladd_8s_8s_16s_17_4_1_U26/lenet_w8a8_top_mac_muladd_8s_8s_16s_17_4_1_DSP48_0_U/a_reg_reg' and it is trimmed from '25' to '17' bits. [d:/GitHub/vivado/vivado/F_Quantization_W8A8/hls_w8a8/vivado_review/project/LeNet_W8A8_Review.gen/sources_1/bd/lenet_system/ipshared/1edf/hdl/verilog/lenet_w8a8_top_mac_muladd_8s_8s_16s_17_4_1.v:31]
WARNING: [Synth 8-3936] Found unconnected internal register 'mac_muladd_8s_8s_16s_17_4_1_U26/lenet_w8a8_top_mac_muladd_8s_8s_16s_17_4_1_DSP48_0_U/b_reg_reg' and it is trimmed from '18' to '17' bits. [d:/GitHub/vivado/vivado/F_Quantization_W8A8/hls_w8a8/vivado_review/project/LeNet_W8A8_Review.gen/sources_1/bd/lenet_system/ipshared/1edf/hdl/verilog/lenet_w8a8_top_mac_muladd_8s_8s_16s_17_4_1.v:31]
DSP Report: Generating DSP mac_muladd_8s_8s_16s_17_4_1_U19/lenet_w8a8_top_mac_muladd_8s_8s_16s_17_4_1_DSP48_0_U/m_reg_reg, operation Mode is: (A''*B'')'.
DSP Report: register mac_muladd_8s_8s_16s_17_4_1_U19/lenet_w8a8_top_mac_muladd_8s_8s_16s_17_4_1_DSP48_0_U/m_reg_reg is absorbed into DSP mac_muladd_8s_8s_16s_17_4_1_U19/lenet_w8a8_top_mac_muladd_8s_8s_16s_17_4_1_DSP48_0_U/m_reg_reg.
DSP Report: register mac_muladd_8s_8s_16s_17_4_1_U19/lenet_w8a8_top_mac_muladd_8s_8s_16s_17_4_1_DSP48_0_U/m_reg_reg is absorbed into DSP mac_muladd_8s_8s_16s_17_4_1_U19/lenet_w8a8_top_mac_muladd_8s_8s_16s_17_4_1_DSP48_0_U/m_reg_reg.
DSP Report: register mac_muladd_8s_8s_16s_17_4_1_U19/lenet_w8a8_top_mac_muladd_8s_8s_16s_17_4_1_DSP48_0_U/m_reg_reg is absorbed into DSP mac_muladd_8s_8s_16s_17_4_1_U19/lenet_w8a8_top_mac_muladd_8s_8s_16s_17_4_1_DSP48_0_U/m_reg_reg.
DSP Report: register mac_muladd_8s_8s_16s_17_4_1_U19/lenet_w8a8_top_mac_muladd_8s_8s_16s_17_4_1_DSP48_0_U/m_reg_reg is absorbed into DSP mac_muladd_8s_8s_16s_17_4_1_U19/lenet_w8a8_top_mac_muladd_8s_8s_16s_17_4_1_DSP48_0_U/m_reg_reg.
DSP Report: register mac_muladd_8s_8s_16s_17_4_1_U19/lenet_w8a8_top_mac_muladd_8s_8s_16s_17_4_1_DSP48_0_U/m_reg_reg is absorbed into DSP mac_muladd_8s_8s_16s_17_4_1_U19/lenet_w8a8_top_mac_muladd_8s_8s_16s_17_4_1_DSP48_0_U/m_reg_reg.
DSP Report: operator mac_muladd_8s_8s_16s_17_4_1_U19/lenet_w8a8_top_mac_muladd_8s_8s_16s_17_4_1_DSP48_0_U/m is absorbed into DSP mac_muladd_8s_8s_16s_17_4_1_U19/lenet_w8a8_top_mac_muladd_8s_8s_16s_17_4_1_DSP48_0_U/m_reg_reg.
DSP Report: Generating DSP mac_muladd_8s_8s_16s_17_4_1_U19/lenet_w8a8_top_mac_muladd_8s_8s_16s_17_4_1_DSP48_0_U/p_reg_reg, operation Mode is: (PCIN+(A2*B2)')'.
DSP Report: register reg_263_reg is absorbed into DSP mac_muladd_8s_8s_16s_17_4_1_U19/lenet_w8a8_top_mac_muladd_8s_8s_16s_17_4_1_DSP48_0_U/p_reg_reg.
DSP Report: register reg_247_reg is absorbed into DSP mac_muladd_8s_8s_16s_17_4_1_U19/lenet_w8a8_top_mac_muladd_8s_8s_16s_17_4_1_DSP48_0_U/p_reg_reg.
DSP Report: register mac_muladd_8s_8s_16s_17_4_1_U19/lenet_w8a8_top_mac_muladd_8s_8s_16s_17_4_1_DSP48_0_U/p_reg_reg is absorbed into DSP mac_muladd_8s_8s_16s_17_4_1_U19/lenet_w8a8_top_mac_muladd_8s_8s_16s_17_4_1_DSP48_0_U/p_reg_reg.
DSP Report: register mul_ln840_13_reg_1767_reg is absorbed into DSP mac_muladd_8s_8s_16s_17_4_1_U19/lenet_w8a8_top_mac_muladd_8s_8s_16s_17_4_1_DSP48_0_U/p_reg_reg.
DSP Report: operator mac_muladd_8s_8s_16s_17_4_1_U19/lenet_w8a8_top_mac_muladd_8s_8s_16s_17_4_1_DSP48_0_U/p is absorbed into DSP mac_muladd_8s_8s_16s_17_4_1_U19/lenet_w8a8_top_mac_muladd_8s_8s_16s_17_4_1_DSP48_0_U/p_reg_reg.
DSP Report: operator mul_8s_8s_16_1_1_U6/dout is absorbed into DSP mac_muladd_8s_8s_16s_17_4_1_U19/lenet_w8a8_top_mac_muladd_8s_8s_16s_17_4_1_DSP48_0_U/p_reg_reg.
DSP Report: Generating DSP mac_muladd_8s_8s_17s_17_4_1_U20/lenet_w8a8_top_mac_muladd_8s_8s_17s_17_4_1_DSP48_1_U/p_reg_reg, operation Mode is: (PCIN+(A''*B'')')'.
DSP Report: register mac_muladd_8s_8s_17s_17_4_1_U20/lenet_w8a8_top_mac_muladd_8s_8s_17s_17_4_1_DSP48_1_U/p_reg_reg is absorbed into DSP mac_muladd_8s_8s_17s_17_4_1_U20/lenet_w8a8_top_mac_muladd_8s_8s_17s_17_4_1_DSP48_1_U/p_reg_reg.
DSP Report: register mac_muladd_8s_8s_17s_17_4_1_U20/lenet_w8a8_top_mac_muladd_8s_8s_17s_17_4_1_DSP48_1_U/p_reg_reg is absorbed into DSP mac_muladd_8s_8s_17s_17_4_1_U20/lenet_w8a8_top_mac_muladd_8s_8s_17s_17_4_1_DSP48_1_U/p_reg_reg.
DSP Report: register mac_muladd_8s_8s_17s_17_4_1_U20/lenet_w8a8_top_mac_muladd_8s_8s_17s_17_4_1_DSP48_1_U/p_reg_reg is absorbed into DSP mac_muladd_8s_8s_17s_17_4_1_U20/lenet_w8a8_top_mac_muladd_8s_8s_17s_17_4_1_DSP48_1_U/p_reg_reg.
DSP Report: register mac_muladd_8s_8s_17s_17_4_1_U20/lenet_w8a8_top_mac_muladd_8s_8s_17s_17_4_1_DSP48_1_U/p_reg_reg is absorbed into DSP mac_muladd_8s_8s_17s_17_4_1_U20/lenet_w8a8_top_mac_muladd_8s_8s_17s_17_4_1_DSP48_1_U/p_reg_reg.
DSP Report: register mac_muladd_8s_8s_17s_17_4_1_U20/lenet_w8a8_top_mac_muladd_8s_8s_17s_17_4_1_DSP48_1_U/p_reg_reg is absorbed into DSP mac_muladd_8s_8s_17s_17_4_1_U20/lenet_w8a8_top_mac_muladd_8s_8s_17s_17_4_1_DSP48_1_U/p_reg_reg.
DSP Report: register mac_muladd_8s_8s_17s_17_4_1_U20/lenet_w8a8_top_mac_muladd_8s_8s_17s_17_4_1_DSP48_1_U/m_reg_reg is absorbed into DSP mac_muladd_8s_8s_17s_17_4_1_U20/lenet_w8a8_top_mac_muladd_8s_8s_17s_17_4_1_DSP48_1_U/p_reg_reg.
DSP Report: operator mac_muladd_8s_8s_17s_17_4_1_U20/lenet_w8a8_top_mac_muladd_8s_8s_17s_17_4_1_DSP48_1_U/p is absorbed into DSP mac_muladd_8s_8s_17s_17_4_1_U20/lenet_w8a8_top_mac_muladd_8s_8s_17s_17_4_1_DSP48_1_U/p_reg_reg.
DSP Report: operator mac_muladd_8s_8s_17s_17_4_1_U20/lenet_w8a8_top_mac_muladd_8s_8s_17s_17_4_1_DSP48_1_U/m is absorbed into DSP mac_muladd_8s_8s_17s_17_4_1_U20/lenet_w8a8_top_mac_muladd_8s_8s_17s_17_4_1_DSP48_1_U/p_reg_reg.
DSP Report: Generating DSP mac_muladd_8s_8s_16s_17_4_1_U21/lenet_w8a8_top_mac_muladd_8s_8s_16s_17_4_1_DSP48_0_U/m_reg_reg, operation Mode is: (A''*B'')'.
DSP Report: register mac_muladd_8s_8s_16s_17_4_1_U21/lenet_w8a8_top_mac_muladd_8s_8s_16s_17_4_1_DSP48_0_U/m_reg_reg is absorbed into DSP mac_muladd_8s_8s_16s_17_4_1_U21/lenet_w8a8_top_mac_muladd_8s_8s_16s_17_4_1_DSP48_0_U/m_reg_reg.
DSP Report: register mac_muladd_8s_8s_16s_17_4_1_U21/lenet_w8a8_top_mac_muladd_8s_8s_16s_17_4_1_DSP48_0_U/m_reg_reg is absorbed into DSP mac_muladd_8s_8s_16s_17_4_1_U21/lenet_w8a8_top_mac_muladd_8s_8s_16s_17_4_1_DSP48_0_U/m_reg_reg.
DSP Report: register mac_muladd_8s_8s_16s_17_4_1_U21/lenet_w8a8_top_mac_muladd_8s_8s_16s_17_4_1_DSP48_0_U/m_reg_reg is absorbed into DSP mac_muladd_8s_8s_16s_17_4_1_U21/lenet_w8a8_top_mac_muladd_8s_8s_16s_17_4_1_DSP48_0_U/m_reg_reg.
DSP Report: register mac_muladd_8s_8s_16s_17_4_1_U21/lenet_w8a8_top_mac_muladd_8s_8s_16s_17_4_1_DSP48_0_U/m_reg_reg is absorbed into DSP mac_muladd_8s_8s_16s_17_4_1_U21/lenet_w8a8_top_mac_muladd_8s_8s_16s_17_4_1_DSP48_0_U/m_reg_reg.
DSP Report: register mac_muladd_8s_8s_16s_17_4_1_U21/lenet_w8a8_top_mac_muladd_8s_8s_16s_17_4_1_DSP48_0_U/m_reg_reg is absorbed into DSP mac_muladd_8s_8s_16s_17_4_1_U21/lenet_w8a8_top_mac_muladd_8s_8s_16s_17_4_1_DSP48_0_U/m_reg_reg.
DSP Report: operator mac_muladd_8s_8s_16s_17_4_1_U21/lenet_w8a8_top_mac_muladd_8s_8s_16s_17_4_1_DSP48_0_U/m is absorbed into DSP mac_muladd_8s_8s_16s_17_4_1_U21/lenet_w8a8_top_mac_muladd_8s_8s_16s_17_4_1_DSP48_0_U/m_reg_reg.
DSP Report: Generating DSP mac_muladd_8s_8s_16s_17_4_1_U21/lenet_w8a8_top_mac_muladd_8s_8s_16s_17_4_1_DSP48_0_U/p_reg_reg, operation Mode is: (PCIN+(A2*B2)')'.
DSP Report: register reg_271_reg is absorbed into DSP mac_muladd_8s_8s_16s_17_4_1_U21/lenet_w8a8_top_mac_muladd_8s_8s_16s_17_4_1_DSP48_0_U/p_reg_reg.
DSP Report: register reg_239_reg is absorbed into DSP mac_muladd_8s_8s_16s_17_4_1_U21/lenet_w8a8_top_mac_muladd_8s_8s_16s_17_4_1_DSP48_0_U/p_reg_reg.
DSP Report: register mac_muladd_8s_8s_16s_17_4_1_U21/lenet_w8a8_top_mac_muladd_8s_8s_16s_17_4_1_DSP48_0_U/p_reg_reg is absorbed into DSP mac_muladd_8s_8s_16s_17_4_1_U21/lenet_w8a8_top_mac_muladd_8s_8s_16s_17_4_1_DSP48_0_U/p_reg_reg.
DSP Report: register mul_ln840_16_reg_1807_reg is absorbed into DSP mac_muladd_8s_8s_16s_17_4_1_U21/lenet_w8a8_top_mac_muladd_8s_8s_16s_17_4_1_DSP48_0_U/p_reg_reg.
DSP Report: operator mac_muladd_8s_8s_16s_17_4_1_U21/lenet_w8a8_top_mac_muladd_8s_8s_16s_17_4_1_DSP48_0_U/p is absorbed into DSP mac_muladd_8s_8s_16s_17_4_1_U21/lenet_w8a8_top_mac_muladd_8s_8s_16s_17_4_1_DSP48_0_U/p_reg_reg.
DSP Report: operator mul_8s_8s_16_1_1_U7/dout is absorbed into DSP mac_muladd_8s_8s_16s_17_4_1_U21/lenet_w8a8_top_mac_muladd_8s_8s_16s_17_4_1_DSP48_0_U/p_reg_reg.
DSP Report: Generating DSP mac_muladd_8s_8s_17s_17_4_1_U22/lenet_w8a8_top_mac_muladd_8s_8s_17s_17_4_1_DSP48_1_U/p_reg_reg, operation Mode is: (PCIN+(A''*B'')')'.
DSP Report: register mac_muladd_8s_8s_17s_17_4_1_U22/lenet_w8a8_top_mac_muladd_8s_8s_17s_17_4_1_DSP48_1_U/p_reg_reg is absorbed into DSP mac_muladd_8s_8s_17s_17_4_1_U22/lenet_w8a8_top_mac_muladd_8s_8s_17s_17_4_1_DSP48_1_U/p_reg_reg.
DSP Report: register mac_muladd_8s_8s_17s_17_4_1_U22/lenet_w8a8_top_mac_muladd_8s_8s_17s_17_4_1_DSP48_1_U/p_reg_reg is absorbed into DSP mac_muladd_8s_8s_17s_17_4_1_U22/lenet_w8a8_top_mac_muladd_8s_8s_17s_17_4_1_DSP48_1_U/p_reg_reg.
DSP Report: register mac_muladd_8s_8s_17s_17_4_1_U22/lenet_w8a8_top_mac_muladd_8s_8s_17s_17_4_1_DSP48_1_U/p_reg_reg is absorbed into DSP mac_muladd_8s_8s_17s_17_4_1_U22/lenet_w8a8_top_mac_muladd_8s_8s_17s_17_4_1_DSP48_1_U/p_reg_reg.
DSP Report: register mac_muladd_8s_8s_17s_17_4_1_U22/lenet_w8a8_top_mac_muladd_8s_8s_17s_17_4_1_DSP48_1_U/p_reg_reg is absorbed into DSP mac_muladd_8s_8s_17s_17_4_1_U22/lenet_w8a8_top_mac_muladd_8s_8s_17s_17_4_1_DSP48_1_U/p_reg_reg.
DSP Report: register mac_muladd_8s_8s_17s_17_4_1_U22/lenet_w8a8_top_mac_muladd_8s_8s_17s_17_4_1_DSP48_1_U/p_reg_reg is absorbed into DSP mac_muladd_8s_8s_17s_17_4_1_U22/lenet_w8a8_top_mac_muladd_8s_8s_17s_17_4_1_DSP48_1_U/p_reg_reg.
DSP Report: register mac_muladd_8s_8s_17s_17_4_1_U22/lenet_w8a8_top_mac_muladd_8s_8s_17s_17_4_1_DSP48_1_U/m_reg_reg is absorbed into DSP mac_muladd_8s_8s_17s_17_4_1_U22/lenet_w8a8_top_mac_muladd_8s_8s_17s_17_4_1_DSP48_1_U/p_reg_reg.
DSP Report: operator mac_muladd_8s_8s_17s_17_4_1_U22/lenet_w8a8_top_mac_muladd_8s_8s_17s_17_4_1_DSP48_1_U/p is absorbed into DSP mac_muladd_8s_8s_17s_17_4_1_U22/lenet_w8a8_top_mac_muladd_8s_8s_17s_17_4_1_DSP48_1_U/p_reg_reg.
DSP Report: operator mac_muladd_8s_8s_17s_17_4_1_U22/lenet_w8a8_top_mac_muladd_8s_8s_17s_17_4_1_DSP48_1_U/m is absorbed into DSP mac_muladd_8s_8s_17s_17_4_1_U22/lenet_w8a8_top_mac_muladd_8s_8s_17s_17_4_1_DSP48_1_U/p_reg_reg.
DSP Report: Generating DSP mac_muladd_8s_8s_16s_17_4_1_U25/lenet_w8a8_top_mac_muladd_8s_8s_16s_17_4_1_DSP48_0_U/m_reg_reg, operation Mode is: (A''*B'')'.
DSP Report: register mac_muladd_8s_8s_16s_17_4_1_U25/lenet_w8a8_top_mac_muladd_8s_8s_16s_17_4_1_DSP48_0_U/m_reg_reg is absorbed into DSP mac_muladd_8s_8s_16s_17_4_1_U25/lenet_w8a8_top_mac_muladd_8s_8s_16s_17_4_1_DSP48_0_U/m_reg_reg.
DSP Report: register mac_muladd_8s_8s_16s_17_4_1_U25/lenet_w8a8_top_mac_muladd_8s_8s_16s_17_4_1_DSP48_0_U/m_reg_reg is absorbed into DSP mac_muladd_8s_8s_16s_17_4_1_U25/lenet_w8a8_top_mac_muladd_8s_8s_16s_17_4_1_DSP48_0_U/m_reg_reg.
DSP Report: register mac_muladd_8s_8s_16s_17_4_1_U25/lenet_w8a8_top_mac_muladd_8s_8s_16s_17_4_1_DSP48_0_U/m_reg_reg is absorbed into DSP mac_muladd_8s_8s_16s_17_4_1_U25/lenet_w8a8_top_mac_muladd_8s_8s_16s_17_4_1_DSP48_0_U/m_reg_reg.
DSP Report: register mac_muladd_8s_8s_16s_17_4_1_U25/lenet_w8a8_top_mac_muladd_8s_8s_16s_17_4_1_DSP48_0_U/m_reg_reg is absorbed into DSP mac_muladd_8s_8s_16s_17_4_1_U25/lenet_w8a8_top_mac_muladd_8s_8s_16s_17_4_1_DSP48_0_U/m_reg_reg.
DSP Report: register mac_muladd_8s_8s_16s_17_4_1_U25/lenet_w8a8_top_mac_muladd_8s_8s_16s_17_4_1_DSP48_0_U/m_reg_reg is absorbed into DSP mac_muladd_8s_8s_16s_17_4_1_U25/lenet_w8a8_top_mac_muladd_8s_8s_16s_17_4_1_DSP48_0_U/m_reg_reg.
DSP Report: operator mac_muladd_8s_8s_16s_17_4_1_U25/lenet_w8a8_top_mac_muladd_8s_8s_16s_17_4_1_DSP48_0_U/m is absorbed into DSP mac_muladd_8s_8s_16s_17_4_1_U25/lenet_w8a8_top_mac_muladd_8s_8s_16s_17_4_1_DSP48_0_U/m_reg_reg.
DSP Report: Generating DSP mac_muladd_8s_8s_16s_17_4_1_U25/lenet_w8a8_top_mac_muladd_8s_8s_16s_17_4_1_DSP48_0_U/p_reg_reg, operation Mode is: (PCIN+(A2*B2)')'.
DSP Report: register reg_275_reg is absorbed into DSP mac_muladd_8s_8s_16s_17_4_1_U25/lenet_w8a8_top_mac_muladd_8s_8s_16s_17_4_1_DSP48_0_U/p_reg_reg.
DSP Report: register reg_247_reg is absorbed into DSP mac_muladd_8s_8s_16s_17_4_1_U25/lenet_w8a8_top_mac_muladd_8s_8s_16s_17_4_1_DSP48_0_U/p_reg_reg.
DSP Report: register mac_muladd_8s_8s_16s_17_4_1_U25/lenet_w8a8_top_mac_muladd_8s_8s_16s_17_4_1_DSP48_0_U/p_reg_reg is absorbed into DSP mac_muladd_8s_8s_16s_17_4_1_U25/lenet_w8a8_top_mac_muladd_8s_8s_16s_17_4_1_DSP48_0_U/p_reg_reg.
DSP Report: register mul_ln840_21_reg_1877_reg is absorbed into DSP mac_muladd_8s_8s_16s_17_4_1_U25/lenet_w8a8_top_mac_muladd_8s_8s_16s_17_4_1_DSP48_0_U/p_reg_reg.
DSP Report: operator mac_muladd_8s_8s_16s_17_4_1_U25/lenet_w8a8_top_mac_muladd_8s_8s_16s_17_4_1_DSP48_0_U/p is absorbed into DSP mac_muladd_8s_8s_16s_17_4_1_U25/lenet_w8a8_top_mac_muladd_8s_8s_16s_17_4_1_DSP48_0_U/p_reg_reg.
DSP Report: operator mul_8s_8s_16_1_1_U9/dout is absorbed into DSP mac_muladd_8s_8s_16s_17_4_1_U25/lenet_w8a8_top_mac_muladd_8s_8s_16s_17_4_1_DSP48_0_U/p_reg_reg.
DSP Report: Generating DSP mac_muladd_8s_8s_16s_17_4_1_U23/lenet_w8a8_top_mac_muladd_8s_8s_16s_17_4_1_DSP48_0_U/m_reg_reg, operation Mode is: (A''*B'')'.
DSP Report: register mac_muladd_8s_8s_16s_17_4_1_U23/lenet_w8a8_top_mac_muladd_8s_8s_16s_17_4_1_DSP48_0_U/m_reg_reg is absorbed into DSP mac_muladd_8s_8s_16s_17_4_1_U23/lenet_w8a8_top_mac_muladd_8s_8s_16s_17_4_1_DSP48_0_U/m_reg_reg.
DSP Report: register mac_muladd_8s_8s_16s_17_4_1_U23/lenet_w8a8_top_mac_muladd_8s_8s_16s_17_4_1_DSP48_0_U/m_reg_reg is absorbed into DSP mac_muladd_8s_8s_16s_17_4_1_U23/lenet_w8a8_top_mac_muladd_8s_8s_16s_17_4_1_DSP48_0_U/m_reg_reg.
DSP Report: register mac_muladd_8s_8s_16s_17_4_1_U23/lenet_w8a8_top_mac_muladd_8s_8s_16s_17_4_1_DSP48_0_U/m_reg_reg is absorbed into DSP mac_muladd_8s_8s_16s_17_4_1_U23/lenet_w8a8_top_mac_muladd_8s_8s_16s_17_4_1_DSP48_0_U/m_reg_reg.
DSP Report: register mac_muladd_8s_8s_16s_17_4_1_U23/lenet_w8a8_top_mac_muladd_8s_8s_16s_17_4_1_DSP48_0_U/m_reg_reg is absorbed into DSP mac_muladd_8s_8s_16s_17_4_1_U23/lenet_w8a8_top_mac_muladd_8s_8s_16s_17_4_1_DSP48_0_U/m_reg_reg.
DSP Report: register mac_muladd_8s_8s_16s_17_4_1_U23/lenet_w8a8_top_mac_muladd_8s_8s_16s_17_4_1_DSP48_0_U/m_reg_reg is absorbed into DSP mac_muladd_8s_8s_16s_17_4_1_U23/lenet_w8a8_top_mac_muladd_8s_8s_16s_17_4_1_DSP48_0_U/m_reg_reg.
DSP Report: operator mac_muladd_8s_8s_16s_17_4_1_U23/lenet_w8a8_top_mac_muladd_8s_8s_16s_17_4_1_DSP48_0_U/m is absorbed into DSP mac_muladd_8s_8s_16s_17_4_1_U23/lenet_w8a8_top_mac_muladd_8s_8s_16s_17_4_1_DSP48_0_U/m_reg_reg.
DSP Report: Generating DSP mac_muladd_8s_8s_16s_17_4_1_U23/lenet_w8a8_top_mac_muladd_8s_8s_16s_17_4_1_DSP48_0_U/p_reg_reg, operation Mode is: (PCIN+(A2*B2)')'.
DSP Report: register reg_267_reg is absorbed into DSP mac_muladd_8s_8s_16s_17_4_1_U23/lenet_w8a8_top_mac_muladd_8s_8s_16s_17_4_1_DSP48_0_U/p_reg_reg.
DSP Report: register reg_247_reg is absorbed into DSP mac_muladd_8s_8s_16s_17_4_1_U23/lenet_w8a8_top_mac_muladd_8s_8s_16s_17_4_1_DSP48_0_U/p_reg_reg.
DSP Report: register mac_muladd_8s_8s_16s_17_4_1_U23/lenet_w8a8_top_mac_muladd_8s_8s_16s_17_4_1_DSP48_0_U/p_reg_reg is absorbed into DSP mac_muladd_8s_8s_16s_17_4_1_U23/lenet_w8a8_top_mac_muladd_8s_8s_16s_17_4_1_DSP48_0_U/p_reg_reg.
DSP Report: register mul_ln840_19_reg_1847_reg is absorbed into DSP mac_muladd_8s_8s_16s_17_4_1_U23/lenet_w8a8_top_mac_muladd_8s_8s_16s_17_4_1_DSP48_0_U/p_reg_reg.
DSP Report: operator mac_muladd_8s_8s_16s_17_4_1_U23/lenet_w8a8_top_mac_muladd_8s_8s_16s_17_4_1_DSP48_0_U/p is absorbed into DSP mac_muladd_8s_8s_16s_17_4_1_U23/lenet_w8a8_top_mac_muladd_8s_8s_16s_17_4_1_DSP48_0_U/p_reg_reg.
DSP Report: operator mul_8s_8s_16_1_1_U8/dout is absorbed into DSP mac_muladd_8s_8s_16s_17_4_1_U23/lenet_w8a8_top_mac_muladd_8s_8s_16s_17_4_1_DSP48_0_U/p_reg_reg.
DSP Report: Generating DSP mac_muladd_8s_8s_17s_17_4_1_U24/lenet_w8a8_top_mac_muladd_8s_8s_17s_17_4_1_DSP48_1_U/p_reg_reg, operation Mode is: (PCIN+(A''*B'')')'.
DSP Report: register mac_muladd_8s_8s_17s_17_4_1_U24/lenet_w8a8_top_mac_muladd_8s_8s_17s_17_4_1_DSP48_1_U/p_reg_reg is absorbed into DSP mac_muladd_8s_8s_17s_17_4_1_U24/lenet_w8a8_top_mac_muladd_8s_8s_17s_17_4_1_DSP48_1_U/p_reg_reg.
DSP Report: register mac_muladd_8s_8s_17s_17_4_1_U24/lenet_w8a8_top_mac_muladd_8s_8s_17s_17_4_1_DSP48_1_U/p_reg_reg is absorbed into DSP mac_muladd_8s_8s_17s_17_4_1_U24/lenet_w8a8_top_mac_muladd_8s_8s_17s_17_4_1_DSP48_1_U/p_reg_reg.
DSP Report: register mac_muladd_8s_8s_17s_17_4_1_U24/lenet_w8a8_top_mac_muladd_8s_8s_17s_17_4_1_DSP48_1_U/p_reg_reg is absorbed into DSP mac_muladd_8s_8s_17s_17_4_1_U24/lenet_w8a8_top_mac_muladd_8s_8s_17s_17_4_1_DSP48_1_U/p_reg_reg.
DSP Report: register mac_muladd_8s_8s_17s_17_4_1_U24/lenet_w8a8_top_mac_muladd_8s_8s_17s_17_4_1_DSP48_1_U/p_reg_reg is absorbed into DSP mac_muladd_8s_8s_17s_17_4_1_U24/lenet_w8a8_top_mac_muladd_8s_8s_17s_17_4_1_DSP48_1_U/p_reg_reg.
DSP Report: register mac_muladd_8s_8s_17s_17_4_1_U24/lenet_w8a8_top_mac_muladd_8s_8s_17s_17_4_1_DSP48_1_U/p_reg_reg is absorbed into DSP mac_muladd_8s_8s_17s_17_4_1_U24/lenet_w8a8_top_mac_muladd_8s_8s_17s_17_4_1_DSP48_1_U/p_reg_reg.
DSP Report: register mac_muladd_8s_8s_17s_17_4_1_U24/lenet_w8a8_top_mac_muladd_8s_8s_17s_17_4_1_DSP48_1_U/m_reg_reg is absorbed into DSP mac_muladd_8s_8s_17s_17_4_1_U24/lenet_w8a8_top_mac_muladd_8s_8s_17s_17_4_1_DSP48_1_U/p_reg_reg.
DSP Report: operator mac_muladd_8s_8s_17s_17_4_1_U24/lenet_w8a8_top_mac_muladd_8s_8s_17s_17_4_1_DSP48_1_U/p is absorbed into DSP mac_muladd_8s_8s_17s_17_4_1_U24/lenet_w8a8_top_mac_muladd_8s_8s_17s_17_4_1_DSP48_1_U/p_reg_reg.
DSP Report: operator mac_muladd_8s_8s_17s_17_4_1_U24/lenet_w8a8_top_mac_muladd_8s_8s_17s_17_4_1_DSP48_1_U/m is absorbed into DSP mac_muladd_8s_8s_17s_17_4_1_U24/lenet_w8a8_top_mac_muladd_8s_8s_17s_17_4_1_DSP48_1_U/p_reg_reg.
DSP Report: Generating DSP mac_muladd_8s_8s_16s_17_4_1_U26/lenet_w8a8_top_mac_muladd_8s_8s_16s_17_4_1_DSP48_0_U/m_reg_reg, operation Mode is: (A''*B'')'.
DSP Report: register mac_muladd_8s_8s_16s_17_4_1_U26/lenet_w8a8_top_mac_muladd_8s_8s_16s_17_4_1_DSP48_0_U/m_reg_reg is absorbed into DSP mac_muladd_8s_8s_16s_17_4_1_U26/lenet_w8a8_top_mac_muladd_8s_8s_16s_17_4_1_DSP48_0_U/m_reg_reg.
DSP Report: register mac_muladd_8s_8s_16s_17_4_1_U26/lenet_w8a8_top_mac_muladd_8s_8s_16s_17_4_1_DSP48_0_U/m_reg_reg is absorbed into DSP mac_muladd_8s_8s_16s_17_4_1_U26/lenet_w8a8_top_mac_muladd_8s_8s_16s_17_4_1_DSP48_0_U/m_reg_reg.
DSP Report: register mac_muladd_8s_8s_16s_17_4_1_U26/lenet_w8a8_top_mac_muladd_8s_8s_16s_17_4_1_DSP48_0_U/m_reg_reg is absorbed into DSP mac_muladd_8s_8s_16s_17_4_1_U26/lenet_w8a8_top_mac_muladd_8s_8s_16s_17_4_1_DSP48_0_U/m_reg_reg.
DSP Report: register mac_muladd_8s_8s_16s_17_4_1_U26/lenet_w8a8_top_mac_muladd_8s_8s_16s_17_4_1_DSP48_0_U/m_reg_reg is absorbed into DSP mac_muladd_8s_8s_16s_17_4_1_U26/lenet_w8a8_top_mac_muladd_8s_8s_16s_17_4_1_DSP48_0_U/m_reg_reg.
DSP Report: register mac_muladd_8s_8s_16s_17_4_1_U26/lenet_w8a8_top_mac_muladd_8s_8s_16s_17_4_1_DSP48_0_U/m_reg_reg is absorbed into DSP mac_muladd_8s_8s_16s_17_4_1_U26/lenet_w8a8_top_mac_muladd_8s_8s_16s_17_4_1_DSP48_0_U/m_reg_reg.
DSP Report: operator mac_muladd_8s_8s_16s_17_4_1_U26/lenet_w8a8_top_mac_muladd_8s_8s_16s_17_4_1_DSP48_0_U/m is absorbed into DSP mac_muladd_8s_8s_16s_17_4_1_U26/lenet_w8a8_top_mac_muladd_8s_8s_16s_17_4_1_DSP48_0_U/m_reg_reg.
DSP Report: Generating DSP mac_muladd_8s_8s_16s_17_4_1_U26/lenet_w8a8_top_mac_muladd_8s_8s_16s_17_4_1_DSP48_0_U/p_reg_reg, operation Mode is: (PCIN+(A2*B2)')'.
DSP Report: register reg_275_reg is absorbed into DSP mac_muladd_8s_8s_16s_17_4_1_U26/lenet_w8a8_top_mac_muladd_8s_8s_16s_17_4_1_DSP48_0_U/p_reg_reg.
DSP Report: register reg_239_reg is absorbed into DSP mac_muladd_8s_8s_16s_17_4_1_U26/lenet_w8a8_top_mac_muladd_8s_8s_16s_17_4_1_DSP48_0_U/p_reg_reg.
DSP Report: register mac_muladd_8s_8s_16s_17_4_1_U26/lenet_w8a8_top_mac_muladd_8s_8s_16s_17_4_1_DSP48_0_U/p_reg_reg is absorbed into DSP mac_muladd_8s_8s_16s_17_4_1_U26/lenet_w8a8_top_mac_muladd_8s_8s_16s_17_4_1_DSP48_0_U/p_reg_reg.
DSP Report: register mul_ln840_23_reg_1902_reg is absorbed into DSP mac_muladd_8s_8s_16s_17_4_1_U26/lenet_w8a8_top_mac_muladd_8s_8s_16s_17_4_1_DSP48_0_U/p_reg_reg.
DSP Report: operator mac_muladd_8s_8s_16s_17_4_1_U26/lenet_w8a8_top_mac_muladd_8s_8s_16s_17_4_1_DSP48_0_U/p is absorbed into DSP mac_muladd_8s_8s_16s_17_4_1_U26/lenet_w8a8_top_mac_muladd_8s_8s_16s_17_4_1_DSP48_0_U/p_reg_reg.
DSP Report: operator mul_8s_8s_16_1_1_U10/dout is absorbed into DSP mac_muladd_8s_8s_16s_17_4_1_U26/lenet_w8a8_top_mac_muladd_8s_8s_16s_17_4_1_DSP48_0_U/p_reg_reg.
DSP Report: Generating DSP mac_muladd_8s_8s_16s_17_4_1_U15/lenet_w8a8_top_mac_muladd_8s_8s_16s_17_4_1_DSP48_0_U/m_reg_reg, operation Mode is: (A''*B'')'.
DSP Report: register mac_muladd_8s_8s_16s_17_4_1_U15/lenet_w8a8_top_mac_muladd_8s_8s_16s_17_4_1_DSP48_0_U/m_reg_reg is absorbed into DSP mac_muladd_8s_8s_16s_17_4_1_U15/lenet_w8a8_top_mac_muladd_8s_8s_16s_17_4_1_DSP48_0_U/m_reg_reg.
DSP Report: register mac_muladd_8s_8s_16s_17_4_1_U15/lenet_w8a8_top_mac_muladd_8s_8s_16s_17_4_1_DSP48_0_U/m_reg_reg is absorbed into DSP mac_muladd_8s_8s_16s_17_4_1_U15/lenet_w8a8_top_mac_muladd_8s_8s_16s_17_4_1_DSP48_0_U/m_reg_reg.
DSP Report: register mac_muladd_8s_8s_16s_17_4_1_U15/lenet_w8a8_top_mac_muladd_8s_8s_16s_17_4_1_DSP48_0_U/m_reg_reg is absorbed into DSP mac_muladd_8s_8s_16s_17_4_1_U15/lenet_w8a8_top_mac_muladd_8s_8s_16s_17_4_1_DSP48_0_U/m_reg_reg.
DSP Report: register mac_muladd_8s_8s_16s_17_4_1_U15/lenet_w8a8_top_mac_muladd_8s_8s_16s_17_4_1_DSP48_0_U/m_reg_reg is absorbed into DSP mac_muladd_8s_8s_16s_17_4_1_U15/lenet_w8a8_top_mac_muladd_8s_8s_16s_17_4_1_DSP48_0_U/m_reg_reg.
DSP Report: register mac_muladd_8s_8s_16s_17_4_1_U15/lenet_w8a8_top_mac_muladd_8s_8s_16s_17_4_1_DSP48_0_U/m_reg_reg is absorbed into DSP mac_muladd_8s_8s_16s_17_4_1_U15/lenet_w8a8_top_mac_muladd_8s_8s_16s_17_4_1_DSP48_0_U/m_reg_reg.
DSP Report: operator mac_muladd_8s_8s_16s_17_4_1_U15/lenet_w8a8_top_mac_muladd_8s_8s_16s_17_4_1_DSP48_0_U/m is absorbed into DSP mac_muladd_8s_8s_16s_17_4_1_U15/lenet_w8a8_top_mac_muladd_8s_8s_16s_17_4_1_DSP48_0_U/m_reg_reg.
DSP Report: Generating DSP mac_muladd_8s_8s_16s_17_4_1_U15/lenet_w8a8_top_mac_muladd_8s_8s_16s_17_4_1_DSP48_0_U/p_reg_reg, operation Mode is: (PCIN+(A2*B2)')'.
DSP Report: register reg_255_reg is absorbed into DSP mac_muladd_8s_8s_16s_17_4_1_U15/lenet_w8a8_top_mac_muladd_8s_8s_16s_17_4_1_DSP48_0_U/p_reg_reg.
DSP Report: register reg_247_reg is absorbed into DSP mac_muladd_8s_8s_16s_17_4_1_U15/lenet_w8a8_top_mac_muladd_8s_8s_16s_17_4_1_DSP48_0_U/p_reg_reg.
DSP Report: register mac_muladd_8s_8s_16s_17_4_1_U15/lenet_w8a8_top_mac_muladd_8s_8s_16s_17_4_1_DSP48_0_U/p_reg_reg is absorbed into DSP mac_muladd_8s_8s_16s_17_4_1_U15/lenet_w8a8_top_mac_muladd_8s_8s_16s_17_4_1_DSP48_0_U/p_reg_reg.
DSP Report: register mul_ln840_7_reg_1687_reg is absorbed into DSP mac_muladd_8s_8s_16s_17_4_1_U15/lenet_w8a8_top_mac_muladd_8s_8s_16s_17_4_1_DSP48_0_U/p_reg_reg.
DSP Report: operator mac_muladd_8s_8s_16s_17_4_1_U15/lenet_w8a8_top_mac_muladd_8s_8s_16s_17_4_1_DSP48_0_U/p is absorbed into DSP mac_muladd_8s_8s_16s_17_4_1_U15/lenet_w8a8_top_mac_muladd_8s_8s_16s_17_4_1_DSP48_0_U/p_reg_reg.
DSP Report: operator mul_8s_8s_16_1_1_U4/dout is absorbed into DSP mac_muladd_8s_8s_16s_17_4_1_U15/lenet_w8a8_top_mac_muladd_8s_8s_16s_17_4_1_DSP48_0_U/p_reg_reg.
DSP Report: Generating DSP mac_muladd_8s_8s_17s_17_4_1_U16/lenet_w8a8_top_mac_muladd_8s_8s_17s_17_4_1_DSP48_1_U/p_reg_reg, operation Mode is: (PCIN+(A''*B'')')'.
DSP Report: register mac_muladd_8s_8s_17s_17_4_1_U16/lenet_w8a8_top_mac_muladd_8s_8s_17s_17_4_1_DSP48_1_U/p_reg_reg is absorbed into DSP mac_muladd_8s_8s_17s_17_4_1_U16/lenet_w8a8_top_mac_muladd_8s_8s_17s_17_4_1_DSP48_1_U/p_reg_reg.
DSP Report: register mac_muladd_8s_8s_17s_17_4_1_U16/lenet_w8a8_top_mac_muladd_8s_8s_17s_17_4_1_DSP48_1_U/p_reg_reg is absorbed into DSP mac_muladd_8s_8s_17s_17_4_1_U16/lenet_w8a8_top_mac_muladd_8s_8s_17s_17_4_1_DSP48_1_U/p_reg_reg.
DSP Report: register mac_muladd_8s_8s_17s_17_4_1_U16/lenet_w8a8_top_mac_muladd_8s_8s_17s_17_4_1_DSP48_1_U/p_reg_reg is absorbed into DSP mac_muladd_8s_8s_17s_17_4_1_U16/lenet_w8a8_top_mac_muladd_8s_8s_17s_17_4_1_DSP48_1_U/p_reg_reg.
DSP Report: register mac_muladd_8s_8s_17s_17_4_1_U16/lenet_w8a8_top_mac_muladd_8s_8s_17s_17_4_1_DSP48_1_U/p_reg_reg is absorbed into DSP mac_muladd_8s_8s_17s_17_4_1_U16/lenet_w8a8_top_mac_muladd_8s_8s_17s_17_4_1_DSP48_1_U/p_reg_reg.
DSP Report: register mac_muladd_8s_8s_17s_17_4_1_U16/lenet_w8a8_top_mac_muladd_8s_8s_17s_17_4_1_DSP48_1_U/p_reg_reg is absorbed into DSP mac_muladd_8s_8s_17s_17_4_1_U16/lenet_w8a8_top_mac_muladd_8s_8s_17s_17_4_1_DSP48_1_U/p_reg_reg.
DSP Report: register mac_muladd_8s_8s_17s_17_4_1_U16/lenet_w8a8_top_mac_muladd_8s_8s_17s_17_4_1_DSP48_1_U/m_reg_reg is absorbed into DSP mac_muladd_8s_8s_17s_17_4_1_U16/lenet_w8a8_top_mac_muladd_8s_8s_17s_17_4_1_DSP48_1_U/p_reg_reg.
DSP Report: operator mac_muladd_8s_8s_17s_17_4_1_U16/lenet_w8a8_top_mac_muladd_8s_8s_17s_17_4_1_DSP48_1_U/p is absorbed into DSP mac_muladd_8s_8s_17s_17_4_1_U16/lenet_w8a8_top_mac_muladd_8s_8s_17s_17_4_1_DSP48_1_U/p_reg_reg.
DSP Report: operator mac_muladd_8s_8s_17s_17_4_1_U16/lenet_w8a8_top_mac_muladd_8s_8s_17s_17_4_1_DSP48_1_U/m is absorbed into DSP mac_muladd_8s_8s_17s_17_4_1_U16/lenet_w8a8_top_mac_muladd_8s_8s_17s_17_4_1_DSP48_1_U/p_reg_reg.
DSP Report: Generating DSP mac_muladd_8s_8s_16s_17_4_1_U17/lenet_w8a8_top_mac_muladd_8s_8s_16s_17_4_1_DSP48_0_U/m_reg_reg, operation Mode is: (A''*B'')'.
DSP Report: register mac_muladd_8s_8s_16s_17_4_1_U17/lenet_w8a8_top_mac_muladd_8s_8s_16s_17_4_1_DSP48_0_U/m_reg_reg is absorbed into DSP mac_muladd_8s_8s_16s_17_4_1_U17/lenet_w8a8_top_mac_muladd_8s_8s_16s_17_4_1_DSP48_0_U/m_reg_reg.
DSP Report: register mac_muladd_8s_8s_16s_17_4_1_U17/lenet_w8a8_top_mac_muladd_8s_8s_16s_17_4_1_DSP48_0_U/m_reg_reg is absorbed into DSP mac_muladd_8s_8s_16s_17_4_1_U17/lenet_w8a8_top_mac_muladd_8s_8s_16s_17_4_1_DSP48_0_U/m_reg_reg.
DSP Report: register mac_muladd_8s_8s_16s_17_4_1_U17/lenet_w8a8_top_mac_muladd_8s_8s_16s_17_4_1_DSP48_0_U/m_reg_reg is absorbed into DSP mac_muladd_8s_8s_16s_17_4_1_U17/lenet_w8a8_top_mac_muladd_8s_8s_16s_17_4_1_DSP48_0_U/m_reg_reg.
DSP Report: register mac_muladd_8s_8s_16s_17_4_1_U17/lenet_w8a8_top_mac_muladd_8s_8s_16s_17_4_1_DSP48_0_U/m_reg_reg is absorbed into DSP mac_muladd_8s_8s_16s_17_4_1_U17/lenet_w8a8_top_mac_muladd_8s_8s_16s_17_4_1_DSP48_0_U/m_reg_reg.
DSP Report: register mac_muladd_8s_8s_16s_17_4_1_U17/lenet_w8a8_top_mac_muladd_8s_8s_16s_17_4_1_DSP48_0_U/m_reg_reg is absorbed into DSP mac_muladd_8s_8s_16s_17_4_1_U17/lenet_w8a8_top_mac_muladd_8s_8s_16s_17_4_1_DSP48_0_U/m_reg_reg.
DSP Report: operator mac_muladd_8s_8s_16s_17_4_1_U17/lenet_w8a8_top_mac_muladd_8s_8s_16s_17_4_1_DSP48_0_U/m is absorbed into DSP mac_muladd_8s_8s_16s_17_4_1_U17/lenet_w8a8_top_mac_muladd_8s_8s_16s_17_4_1_DSP48_0_U/m_reg_reg.
DSP Report: Generating DSP mac_muladd_8s_8s_16s_17_4_1_U17/lenet_w8a8_top_mac_muladd_8s_8s_16s_17_4_1_DSP48_0_U/p_reg_reg, operation Mode is: (PCIN+(A2*B2)')'.
DSP Report: register reg_259_reg is absorbed into DSP mac_muladd_8s_8s_16s_17_4_1_U17/lenet_w8a8_top_mac_muladd_8s_8s_16s_17_4_1_DSP48_0_U/p_reg_reg.
DSP Report: register reg_239_reg is absorbed into DSP mac_muladd_8s_8s_16s_17_4_1_U17/lenet_w8a8_top_mac_muladd_8s_8s_16s_17_4_1_DSP48_0_U/p_reg_reg.
DSP Report: register mac_muladd_8s_8s_16s_17_4_1_U17/lenet_w8a8_top_mac_muladd_8s_8s_16s_17_4_1_DSP48_0_U/p_reg_reg is absorbed into DSP mac_muladd_8s_8s_16s_17_4_1_U17/lenet_w8a8_top_mac_muladd_8s_8s_16s_17_4_1_DSP48_0_U/p_reg_reg.
DSP Report: register mul_ln840_10_reg_1727_reg is absorbed into DSP mac_muladd_8s_8s_16s_17_4_1_U17/lenet_w8a8_top_mac_muladd_8s_8s_16s_17_4_1_DSP48_0_U/p_reg_reg.
DSP Report: operator mac_muladd_8s_8s_16s_17_4_1_U17/lenet_w8a8_top_mac_muladd_8s_8s_16s_17_4_1_DSP48_0_U/p is absorbed into DSP mac_muladd_8s_8s_16s_17_4_1_U17/lenet_w8a8_top_mac_muladd_8s_8s_16s_17_4_1_DSP48_0_U/p_reg_reg.
DSP Report: operator mul_8s_8s_16_1_1_U5/dout is absorbed into DSP mac_muladd_8s_8s_16s_17_4_1_U17/lenet_w8a8_top_mac_muladd_8s_8s_16s_17_4_1_DSP48_0_U/p_reg_reg.
DSP Report: Generating DSP mac_muladd_8s_8s_17s_17_4_1_U18/lenet_w8a8_top_mac_muladd_8s_8s_17s_17_4_1_DSP48_1_U/p_reg_reg, operation Mode is: (PCIN+(A''*B'')')'.
DSP Report: register mac_muladd_8s_8s_17s_17_4_1_U18/lenet_w8a8_top_mac_muladd_8s_8s_17s_17_4_1_DSP48_1_U/p_reg_reg is absorbed into DSP mac_muladd_8s_8s_17s_17_4_1_U18/lenet_w8a8_top_mac_muladd_8s_8s_17s_17_4_1_DSP48_1_U/p_reg_reg.
DSP Report: register mac_muladd_8s_8s_17s_17_4_1_U18/lenet_w8a8_top_mac_muladd_8s_8s_17s_17_4_1_DSP48_1_U/p_reg_reg is absorbed into DSP mac_muladd_8s_8s_17s_17_4_1_U18/lenet_w8a8_top_mac_muladd_8s_8s_17s_17_4_1_DSP48_1_U/p_reg_reg.
DSP Report: register mac_muladd_8s_8s_17s_17_4_1_U18/lenet_w8a8_top_mac_muladd_8s_8s_17s_17_4_1_DSP48_1_U/p_reg_reg is absorbed into DSP mac_muladd_8s_8s_17s_17_4_1_U18/lenet_w8a8_top_mac_muladd_8s_8s_17s_17_4_1_DSP48_1_U/p_reg_reg.
DSP Report: register mac_muladd_8s_8s_17s_17_4_1_U18/lenet_w8a8_top_mac_muladd_8s_8s_17s_17_4_1_DSP48_1_U/p_reg_reg is absorbed into DSP mac_muladd_8s_8s_17s_17_4_1_U18/lenet_w8a8_top_mac_muladd_8s_8s_17s_17_4_1_DSP48_1_U/p_reg_reg.
DSP Report: register mac_muladd_8s_8s_17s_17_4_1_U18/lenet_w8a8_top_mac_muladd_8s_8s_17s_17_4_1_DSP48_1_U/p_reg_reg is absorbed into DSP mac_muladd_8s_8s_17s_17_4_1_U18/lenet_w8a8_top_mac_muladd_8s_8s_17s_17_4_1_DSP48_1_U/p_reg_reg.
DSP Report: register mac_muladd_8s_8s_17s_17_4_1_U18/lenet_w8a8_top_mac_muladd_8s_8s_17s_17_4_1_DSP48_1_U/m_reg_reg is absorbed into DSP mac_muladd_8s_8s_17s_17_4_1_U18/lenet_w8a8_top_mac_muladd_8s_8s_17s_17_4_1_DSP48_1_U/p_reg_reg.
DSP Report: operator mac_muladd_8s_8s_17s_17_4_1_U18/lenet_w8a8_top_mac_muladd_8s_8s_17s_17_4_1_DSP48_1_U/p is absorbed into DSP mac_muladd_8s_8s_17s_17_4_1_U18/lenet_w8a8_top_mac_muladd_8s_8s_17s_17_4_1_DSP48_1_U/p_reg_reg.
DSP Report: operator mac_muladd_8s_8s_17s_17_4_1_U18/lenet_w8a8_top_mac_muladd_8s_8s_17s_17_4_1_DSP48_1_U/m is absorbed into DSP mac_muladd_8s_8s_17s_17_4_1_U18/lenet_w8a8_top_mac_muladd_8s_8s_17s_17_4_1_DSP48_1_U/p_reg_reg.
DSP Report: Generating DSP mac_muladd_8s_8s_16s_17_4_1_U11/lenet_w8a8_top_mac_muladd_8s_8s_16s_17_4_1_DSP48_0_U/m_reg_reg, operation Mode is: (A''*B'')'.
DSP Report: register mac_muladd_8s_8s_16s_17_4_1_U11/lenet_w8a8_top_mac_muladd_8s_8s_16s_17_4_1_DSP48_0_U/m_reg_reg is absorbed into DSP mac_muladd_8s_8s_16s_17_4_1_U11/lenet_w8a8_top_mac_muladd_8s_8s_16s_17_4_1_DSP48_0_U/m_reg_reg.
DSP Report: register mac_muladd_8s_8s_16s_17_4_1_U11/lenet_w8a8_top_mac_muladd_8s_8s_16s_17_4_1_DSP48_0_U/m_reg_reg is absorbed into DSP mac_muladd_8s_8s_16s_17_4_1_U11/lenet_w8a8_top_mac_muladd_8s_8s_16s_17_4_1_DSP48_0_U/m_reg_reg.
DSP Report: register mac_muladd_8s_8s_16s_17_4_1_U11/lenet_w8a8_top_mac_muladd_8s_8s_16s_17_4_1_DSP48_0_U/m_reg_reg is absorbed into DSP mac_muladd_8s_8s_16s_17_4_1_U11/lenet_w8a8_top_mac_muladd_8s_8s_16s_17_4_1_DSP48_0_U/m_reg_reg.
DSP Report: register mac_muladd_8s_8s_16s_17_4_1_U11/lenet_w8a8_top_mac_muladd_8s_8s_16s_17_4_1_DSP48_0_U/m_reg_reg is absorbed into DSP mac_muladd_8s_8s_16s_17_4_1_U11/lenet_w8a8_top_mac_muladd_8s_8s_16s_17_4_1_DSP48_0_U/m_reg_reg.
DSP Report: register mac_muladd_8s_8s_16s_17_4_1_U11/lenet_w8a8_top_mac_muladd_8s_8s_16s_17_4_1_DSP48_0_U/m_reg_reg is absorbed into DSP mac_muladd_8s_8s_16s_17_4_1_U11/lenet_w8a8_top_mac_muladd_8s_8s_16s_17_4_1_DSP48_0_U/m_reg_reg.
DSP Report: operator mac_muladd_8s_8s_16s_17_4_1_U11/lenet_w8a8_top_mac_muladd_8s_8s_16s_17_4_1_DSP48_0_U/m is absorbed into DSP mac_muladd_8s_8s_16s_17_4_1_U11/lenet_w8a8_top_mac_muladd_8s_8s_16s_17_4_1_DSP48_0_U/m_reg_reg.
DSP Report: Generating DSP mac_muladd_8s_8s_16s_17_4_1_U11/lenet_w8a8_top_mac_muladd_8s_8s_16s_17_4_1_DSP48_0_U/p_reg_reg, operation Mode is: (PCIN+(A2*B2)')'.
DSP Report: register reg_235_reg is absorbed into DSP mac_muladd_8s_8s_16s_17_4_1_U11/lenet_w8a8_top_mac_muladd_8s_8s_16s_17_4_1_DSP48_0_U/p_reg_reg.
DSP Report: register reg_239_reg is absorbed into DSP mac_muladd_8s_8s_16s_17_4_1_U11/lenet_w8a8_top_mac_muladd_8s_8s_16s_17_4_1_DSP48_0_U/p_reg_reg.
DSP Report: register mac_muladd_8s_8s_16s_17_4_1_U11/lenet_w8a8_top_mac_muladd_8s_8s_16s_17_4_1_DSP48_0_U/p_reg_reg is absorbed into DSP mac_muladd_8s_8s_16s_17_4_1_U11/lenet_w8a8_top_mac_muladd_8s_8s_16s_17_4_1_DSP48_0_U/p_reg_reg.
DSP Report: register mul_ln840_reg_1617_reg is absorbed into DSP mac_muladd_8s_8s_16s_17_4_1_U11/lenet_w8a8_top_mac_muladd_8s_8s_16s_17_4_1_DSP48_0_U/p_reg_reg.
DSP Report: operator mac_muladd_8s_8s_16s_17_4_1_U11/lenet_w8a8_top_mac_muladd_8s_8s_16s_17_4_1_DSP48_0_U/p is absorbed into DSP mac_muladd_8s_8s_16s_17_4_1_U11/lenet_w8a8_top_mac_muladd_8s_8s_16s_17_4_1_DSP48_0_U/p_reg_reg.
DSP Report: operator mul_8s_8s_16_1_1_U2/dout is absorbed into DSP mac_muladd_8s_8s_16s_17_4_1_U11/lenet_w8a8_top_mac_muladd_8s_8s_16s_17_4_1_DSP48_0_U/p_reg_reg.
DSP Report: Generating DSP mac_muladd_8s_8s_17s_17_4_1_U12/lenet_w8a8_top_mac_muladd_8s_8s_17s_17_4_1_DSP48_1_U/p_reg_reg, operation Mode is: (PCIN+(A''*B'')')'.
DSP Report: register mac_muladd_8s_8s_17s_17_4_1_U12/lenet_w8a8_top_mac_muladd_8s_8s_17s_17_4_1_DSP48_1_U/p_reg_reg is absorbed into DSP mac_muladd_8s_8s_17s_17_4_1_U12/lenet_w8a8_top_mac_muladd_8s_8s_17s_17_4_1_DSP48_1_U/p_reg_reg.
DSP Report: register mac_muladd_8s_8s_17s_17_4_1_U12/lenet_w8a8_top_mac_muladd_8s_8s_17s_17_4_1_DSP48_1_U/p_reg_reg is absorbed into DSP mac_muladd_8s_8s_17s_17_4_1_U12/lenet_w8a8_top_mac_muladd_8s_8s_17s_17_4_1_DSP48_1_U/p_reg_reg.
DSP Report: register mac_muladd_8s_8s_17s_17_4_1_U12/lenet_w8a8_top_mac_muladd_8s_8s_17s_17_4_1_DSP48_1_U/p_reg_reg is absorbed into DSP mac_muladd_8s_8s_17s_17_4_1_U12/lenet_w8a8_top_mac_muladd_8s_8s_17s_17_4_1_DSP48_1_U/p_reg_reg.
DSP Report: register mac_muladd_8s_8s_17s_17_4_1_U12/lenet_w8a8_top_mac_muladd_8s_8s_17s_17_4_1_DSP48_1_U/p_reg_reg is absorbed into DSP mac_muladd_8s_8s_17s_17_4_1_U12/lenet_w8a8_top_mac_muladd_8s_8s_17s_17_4_1_DSP48_1_U/p_reg_reg.
DSP Report: register mac_muladd_8s_8s_17s_17_4_1_U12/lenet_w8a8_top_mac_muladd_8s_8s_17s_17_4_1_DSP48_1_U/p_reg_reg is absorbed into DSP mac_muladd_8s_8s_17s_17_4_1_U12/lenet_w8a8_top_mac_muladd_8s_8s_17s_17_4_1_DSP48_1_U/p_reg_reg.
DSP Report: register mac_muladd_8s_8s_17s_17_4_1_U12/lenet_w8a8_top_mac_muladd_8s_8s_17s_17_4_1_DSP48_1_U/m_reg_reg is absorbed into DSP mac_muladd_8s_8s_17s_17_4_1_U12/lenet_w8a8_top_mac_muladd_8s_8s_17s_17_4_1_DSP48_1_U/p_reg_reg.
DSP Report: operator mac_muladd_8s_8s_17s_17_4_1_U12/lenet_w8a8_top_mac_muladd_8s_8s_17s_17_4_1_DSP48_1_U/p is absorbed into DSP mac_muladd_8s_8s_17s_17_4_1_U12/lenet_w8a8_top_mac_muladd_8s_8s_17s_17_4_1_DSP48_1_U/p_reg_reg.
DSP Report: operator mac_muladd_8s_8s_17s_17_4_1_U12/lenet_w8a8_top_mac_muladd_8s_8s_17s_17_4_1_DSP48_1_U/m is absorbed into DSP mac_muladd_8s_8s_17s_17_4_1_U12/lenet_w8a8_top_mac_muladd_8s_8s_17s_17_4_1_DSP48_1_U/p_reg_reg.
DSP Report: Generating DSP mac_muladd_8s_8s_16s_17_4_1_U13/lenet_w8a8_top_mac_muladd_8s_8s_16s_17_4_1_DSP48_0_U/m_reg_reg, operation Mode is: (A''*B'')'.
DSP Report: register mac_muladd_8s_8s_16s_17_4_1_U13/lenet_w8a8_top_mac_muladd_8s_8s_16s_17_4_1_DSP48_0_U/m_reg_reg is absorbed into DSP mac_muladd_8s_8s_16s_17_4_1_U13/lenet_w8a8_top_mac_muladd_8s_8s_16s_17_4_1_DSP48_0_U/m_reg_reg.
DSP Report: register mac_muladd_8s_8s_16s_17_4_1_U13/lenet_w8a8_top_mac_muladd_8s_8s_16s_17_4_1_DSP48_0_U/m_reg_reg is absorbed into DSP mac_muladd_8s_8s_16s_17_4_1_U13/lenet_w8a8_top_mac_muladd_8s_8s_16s_17_4_1_DSP48_0_U/m_reg_reg.
DSP Report: register mac_muladd_8s_8s_16s_17_4_1_U13/lenet_w8a8_top_mac_muladd_8s_8s_16s_17_4_1_DSP48_0_U/m_reg_reg is absorbed into DSP mac_muladd_8s_8s_16s_17_4_1_U13/lenet_w8a8_top_mac_muladd_8s_8s_16s_17_4_1_DSP48_0_U/m_reg_reg.
DSP Report: register mac_muladd_8s_8s_16s_17_4_1_U13/lenet_w8a8_top_mac_muladd_8s_8s_16s_17_4_1_DSP48_0_U/m_reg_reg is absorbed into DSP mac_muladd_8s_8s_16s_17_4_1_U13/lenet_w8a8_top_mac_muladd_8s_8s_16s_17_4_1_DSP48_0_U/m_reg_reg.
DSP Report: register mac_muladd_8s_8s_16s_17_4_1_U13/lenet_w8a8_top_mac_muladd_8s_8s_16s_17_4_1_DSP48_0_U/m_reg_reg is absorbed into DSP mac_muladd_8s_8s_16s_17_4_1_U13/lenet_w8a8_top_mac_muladd_8s_8s_16s_17_4_1_DSP48_0_U/m_reg_reg.
DSP Report: operator mac_muladd_8s_8s_16s_17_4_1_U13/lenet_w8a8_top_mac_muladd_8s_8s_16s_17_4_1_DSP48_0_U/m is absorbed into DSP mac_muladd_8s_8s_16s_17_4_1_U13/lenet_w8a8_top_mac_muladd_8s_8s_16s_17_4_1_DSP48_0_U/m_reg_reg.
DSP Report: Generating DSP mac_muladd_8s_8s_16s_17_4_1_U13/lenet_w8a8_top_mac_muladd_8s_8s_16s_17_4_1_DSP48_0_U/p_reg_reg, operation Mode is: (PCIN+(A2*B2)')'.
DSP Report: register reg_235_reg is absorbed into DSP mac_muladd_8s_8s_16s_17_4_1_U13/lenet_w8a8_top_mac_muladd_8s_8s_16s_17_4_1_DSP48_0_U/p_reg_reg.
DSP Report: register reg_239_reg is absorbed into DSP mac_muladd_8s_8s_16s_17_4_1_U13/lenet_w8a8_top_mac_muladd_8s_8s_16s_17_4_1_DSP48_0_U/p_reg_reg.
DSP Report: register mac_muladd_8s_8s_16s_17_4_1_U13/lenet_w8a8_top_mac_muladd_8s_8s_16s_17_4_1_DSP48_0_U/p_reg_reg is absorbed into DSP mac_muladd_8s_8s_16s_17_4_1_U13/lenet_w8a8_top_mac_muladd_8s_8s_16s_17_4_1_DSP48_0_U/p_reg_reg.
DSP Report: register mul_ln840_4_reg_1647_reg is absorbed into DSP mac_muladd_8s_8s_16s_17_4_1_U13/lenet_w8a8_top_mac_muladd_8s_8s_16s_17_4_1_DSP48_0_U/p_reg_reg.
DSP Report: operator mac_muladd_8s_8s_16s_17_4_1_U13/lenet_w8a8_top_mac_muladd_8s_8s_16s_17_4_1_DSP48_0_U/p is absorbed into DSP mac_muladd_8s_8s_16s_17_4_1_U13/lenet_w8a8_top_mac_muladd_8s_8s_16s_17_4_1_DSP48_0_U/p_reg_reg.
DSP Report: operator mul_8s_8s_16_1_1_U2/dout is absorbed into DSP mac_muladd_8s_8s_16s_17_4_1_U13/lenet_w8a8_top_mac_muladd_8s_8s_16s_17_4_1_DSP48_0_U/p_reg_reg.
DSP Report: Generating DSP mac_muladd_8s_8s_17s_17_4_1_U14/lenet_w8a8_top_mac_muladd_8s_8s_17s_17_4_1_DSP48_1_U/p_reg_reg, operation Mode is: (PCIN+(A''*B'')')'.
DSP Report: register mac_muladd_8s_8s_17s_17_4_1_U14/lenet_w8a8_top_mac_muladd_8s_8s_17s_17_4_1_DSP48_1_U/p_reg_reg is absorbed into DSP mac_muladd_8s_8s_17s_17_4_1_U14/lenet_w8a8_top_mac_muladd_8s_8s_17s_17_4_1_DSP48_1_U/p_reg_reg.
DSP Report: register mac_muladd_8s_8s_17s_17_4_1_U14/lenet_w8a8_top_mac_muladd_8s_8s_17s_17_4_1_DSP48_1_U/p_reg_reg is absorbed into DSP mac_muladd_8s_8s_17s_17_4_1_U14/lenet_w8a8_top_mac_muladd_8s_8s_17s_17_4_1_DSP48_1_U/p_reg_reg.
DSP Report: register mac_muladd_8s_8s_17s_17_4_1_U14/lenet_w8a8_top_mac_muladd_8s_8s_17s_17_4_1_DSP48_1_U/p_reg_reg is absorbed into DSP mac_muladd_8s_8s_17s_17_4_1_U14/lenet_w8a8_top_mac_muladd_8s_8s_17s_17_4_1_DSP48_1_U/p_reg_reg.
DSP Report: register mac_muladd_8s_8s_17s_17_4_1_U14/lenet_w8a8_top_mac_muladd_8s_8s_17s_17_4_1_DSP48_1_U/p_reg_reg is absorbed into DSP mac_muladd_8s_8s_17s_17_4_1_U14/lenet_w8a8_top_mac_muladd_8s_8s_17s_17_4_1_DSP48_1_U/p_reg_reg.
DSP Report: register mac_muladd_8s_8s_17s_17_4_1_U14/lenet_w8a8_top_mac_muladd_8s_8s_17s_17_4_1_DSP48_1_U/p_reg_reg is absorbed into DSP mac_muladd_8s_8s_17s_17_4_1_U14/lenet_w8a8_top_mac_muladd_8s_8s_17s_17_4_1_DSP48_1_U/p_reg_reg.
DSP Report: register mac_muladd_8s_8s_17s_17_4_1_U14/lenet_w8a8_top_mac_muladd_8s_8s_17s_17_4_1_DSP48_1_U/m_reg_reg is absorbed into DSP mac_muladd_8s_8s_17s_17_4_1_U14/lenet_w8a8_top_mac_muladd_8s_8s_17s_17_4_1_DSP48_1_U/p_reg_reg.
DSP Report: operator mac_muladd_8s_8s_17s_17_4_1_U14/lenet_w8a8_top_mac_muladd_8s_8s_17s_17_4_1_DSP48_1_U/p is absorbed into DSP mac_muladd_8s_8s_17s_17_4_1_U14/lenet_w8a8_top_mac_muladd_8s_8s_17s_17_4_1_DSP48_1_U/p_reg_reg.
DSP Report: operator mac_muladd_8s_8s_17s_17_4_1_U14/lenet_w8a8_top_mac_muladd_8s_8s_17s_17_4_1_DSP48_1_U/m is absorbed into DSP mac_muladd_8s_8s_17s_17_4_1_U14/lenet_w8a8_top_mac_muladd_8s_8s_17s_17_4_1_DSP48_1_U/p_reg_reg.
DSP Report: Generating DSP mul_32ns_32ns_63_2_1_U36/tmp_product, operation Mode is: (A:0xa5d3)*B2.
DSP Report: register mul_32ns_32ns_63_2_1_U36/tmp_product is absorbed into DSP mul_32ns_32ns_63_2_1_U36/tmp_product.
DSP Report: operator mul_32ns_32ns_63_2_1_U36/tmp_product is absorbed into DSP mul_32ns_32ns_63_2_1_U36/tmp_product.
DSP Report: operator mul_32ns_32ns_63_2_1_U36/tmp_product is absorbed into DSP mul_32ns_32ns_63_2_1_U36/tmp_product.
DSP Report: Generating DSP mul_32ns_32ns_63_2_1_U36/dout_reg, operation Mode is: (PCIN>>17)+A2*B.
DSP Report: register mul_32ns_32ns_63_2_1_U36/dout_reg is absorbed into DSP mul_32ns_32ns_63_2_1_U36/dout_reg.
DSP Report: register mul_32ns_32ns_63_2_1_U36/dout_reg is absorbed into DSP mul_32ns_32ns_63_2_1_U36/dout_reg.
DSP Report: operator mul_32ns_32ns_63_2_1_U36/tmp_product is absorbed into DSP mul_32ns_32ns_63_2_1_U36/dout_reg.
DSP Report: operator mul_32ns_32ns_63_2_1_U36/tmp_product is absorbed into DSP mul_32ns_32ns_63_2_1_U36/dout_reg.
DSP Report: Generating DSP mul_32ns_32ns_63_2_1_U36/tmp_product, operation Mode is: A2*(B:0xa5d3).
DSP Report: register mul_32ns_32ns_63_2_1_U36/tmp_product is absorbed into DSP mul_32ns_32ns_63_2_1_U36/tmp_product.
DSP Report: operator mul_32ns_32ns_63_2_1_U36/tmp_product is absorbed into DSP mul_32ns_32ns_63_2_1_U36/tmp_product.
DSP Report: operator mul_32ns_32ns_63_2_1_U36/tmp_product is absorbed into DSP mul_32ns_32ns_63_2_1_U36/tmp_product.
DSP Report: Generating DSP mul_32ns_32ns_63_2_1_U36/dout_reg, operation Mode is: (PCIN>>17)+A2*B.
DSP Report: register mul_32ns_32ns_63_2_1_U36/dout_reg is absorbed into DSP mul_32ns_32ns_63_2_1_U36/dout_reg.
DSP Report: register mul_32ns_32ns_63_2_1_U36/dout_reg is absorbed into DSP mul_32ns_32ns_63_2_1_U36/dout_reg.
DSP Report: operator mul_32ns_32ns_63_2_1_U36/tmp_product is absorbed into DSP mul_32ns_32ns_63_2_1_U36/dout_reg.
DSP Report: operator mul_32ns_32ns_63_2_1_U36/tmp_product is absorbed into DSP mul_32ns_32ns_63_2_1_U36/dout_reg.
DSP Report: Generating DSP mul_32ns_32ns_63_2_1_U37/tmp_product, operation Mode is: (A:0xa5d3)*B2.
DSP Report: register mul_32ns_32ns_63_2_1_U37/tmp_product is absorbed into DSP mul_32ns_32ns_63_2_1_U37/tmp_product.
DSP Report: operator mul_32ns_32ns_63_2_1_U37/tmp_product is absorbed into DSP mul_32ns_32ns_63_2_1_U37/tmp_product.
DSP Report: operator mul_32ns_32ns_63_2_1_U37/tmp_product is absorbed into DSP mul_32ns_32ns_63_2_1_U37/tmp_product.
DSP Report: Generating DSP mul_32ns_32ns_63_2_1_U37/dout_reg, operation Mode is: (PCIN>>17)+A2*B.
DSP Report: register mul_32ns_32ns_63_2_1_U37/dout_reg is absorbed into DSP mul_32ns_32ns_63_2_1_U37/dout_reg.
DSP Report: register mul_32ns_32ns_63_2_1_U37/dout_reg is absorbed into DSP mul_32ns_32ns_63_2_1_U37/dout_reg.
DSP Report: operator mul_32ns_32ns_63_2_1_U37/tmp_product is absorbed into DSP mul_32ns_32ns_63_2_1_U37/dout_reg.
DSP Report: operator mul_32ns_32ns_63_2_1_U37/tmp_product is absorbed into DSP mul_32ns_32ns_63_2_1_U37/dout_reg.
DSP Report: Generating DSP mul_32ns_32ns_63_2_1_U37/tmp_product, operation Mode is: A2*(B:0xa5d3).
DSP Report: register mul_32ns_32ns_63_2_1_U37/tmp_product is absorbed into DSP mul_32ns_32ns_63_2_1_U37/tmp_product.
DSP Report: operator mul_32ns_32ns_63_2_1_U37/tmp_product is absorbed into DSP mul_32ns_32ns_63_2_1_U37/tmp_product.
DSP Report: operator mul_32ns_32ns_63_2_1_U37/tmp_product is absorbed into DSP mul_32ns_32ns_63_2_1_U37/tmp_product.
DSP Report: Generating DSP mul_32ns_32ns_63_2_1_U37/dout_reg, operation Mode is: (PCIN>>17)+A2*B.
DSP Report: register mul_32ns_32ns_63_2_1_U37/dout_reg is absorbed into DSP mul_32ns_32ns_63_2_1_U37/dout_reg.
DSP Report: register mul_32ns_32ns_63_2_1_U37/dout_reg is absorbed into DSP mul_32ns_32ns_63_2_1_U37/dout_reg.
DSP Report: operator mul_32ns_32ns_63_2_1_U37/tmp_product is absorbed into DSP mul_32ns_32ns_63_2_1_U37/dout_reg.
DSP Report: operator mul_32ns_32ns_63_2_1_U37/tmp_product is absorbed into DSP mul_32ns_32ns_63_2_1_U37/dout_reg.
DSP Report: Generating DSP mul_32ns_32ns_63_2_1_U38/tmp_product, operation Mode is: (A:0xa5d3)*B2.
DSP Report: register mul_32ns_32ns_63_2_1_U38/tmp_product is absorbed into DSP mul_32ns_32ns_63_2_1_U38/tmp_product.
DSP Report: operator mul_32ns_32ns_63_2_1_U38/tmp_product is absorbed into DSP mul_32ns_32ns_63_2_1_U38/tmp_product.
DSP Report: operator mul_32ns_32ns_63_2_1_U38/tmp_product is absorbed into DSP mul_32ns_32ns_63_2_1_U38/tmp_product.
DSP Report: Generating DSP mul_32ns_32ns_63_2_1_U38/dout_reg, operation Mode is: (PCIN>>17)+A2*B.
DSP Report: register mul_32ns_32ns_63_2_1_U38/dout_reg is absorbed into DSP mul_32ns_32ns_63_2_1_U38/dout_reg.
DSP Report: register mul_32ns_32ns_63_2_1_U38/dout_reg is absorbed into DSP mul_32ns_32ns_63_2_1_U38/dout_reg.
DSP Report: operator mul_32ns_32ns_63_2_1_U38/tmp_product is absorbed into DSP mul_32ns_32ns_63_2_1_U38/dout_reg.
DSP Report: operator mul_32ns_32ns_63_2_1_U38/tmp_product is absorbed into DSP mul_32ns_32ns_63_2_1_U38/dout_reg.
DSP Report: Generating DSP mul_32ns_32ns_63_2_1_U38/tmp_product, operation Mode is: A2*(B:0xa5d3).
DSP Report: register mul_32ns_32ns_63_2_1_U38/tmp_product is absorbed into DSP mul_32ns_32ns_63_2_1_U38/tmp_product.
DSP Report: operator mul_32ns_32ns_63_2_1_U38/tmp_product is absorbed into DSP mul_32ns_32ns_63_2_1_U38/tmp_product.
DSP Report: operator mul_32ns_32ns_63_2_1_U38/tmp_product is absorbed into DSP mul_32ns_32ns_63_2_1_U38/tmp_product.
DSP Report: Generating DSP mul_32ns_32ns_63_2_1_U38/dout_reg, operation Mode is: (PCIN>>17)+A2*B.
DSP Report: register mul_32ns_32ns_63_2_1_U38/dout_reg is absorbed into DSP mul_32ns_32ns_63_2_1_U38/dout_reg.
DSP Report: register mul_32ns_32ns_63_2_1_U38/dout_reg is absorbed into DSP mul_32ns_32ns_63_2_1_U38/dout_reg.
DSP Report: operator mul_32ns_32ns_63_2_1_U38/tmp_product is absorbed into DSP mul_32ns_32ns_63_2_1_U38/dout_reg.
DSP Report: operator mul_32ns_32ns_63_2_1_U38/tmp_product is absorbed into DSP mul_32ns_32ns_63_2_1_U38/dout_reg.
DSP Report: Generating DSP mul_32ns_32ns_63_2_1_U39/tmp_product, operation Mode is: (A:0xa5d3)*B2.
DSP Report: register mul_32ns_32ns_63_2_1_U39/tmp_product is absorbed into DSP mul_32ns_32ns_63_2_1_U39/tmp_product.
DSP Report: operator mul_32ns_32ns_63_2_1_U39/tmp_product is absorbed into DSP mul_32ns_32ns_63_2_1_U39/tmp_product.
DSP Report: operator mul_32ns_32ns_63_2_1_U39/tmp_product is absorbed into DSP mul_32ns_32ns_63_2_1_U39/tmp_product.
DSP Report: Generating DSP mul_32ns_32ns_63_2_1_U39/dout_reg, operation Mode is: (PCIN>>17)+A2*B.
DSP Report: register mul_32ns_32ns_63_2_1_U39/dout_reg is absorbed into DSP mul_32ns_32ns_63_2_1_U39/dout_reg.
DSP Report: register mul_32ns_32ns_63_2_1_U39/dout_reg is absorbed into DSP mul_32ns_32ns_63_2_1_U39/dout_reg.
DSP Report: operator mul_32ns_32ns_63_2_1_U39/tmp_product is absorbed into DSP mul_32ns_32ns_63_2_1_U39/dout_reg.
DSP Report: operator mul_32ns_32ns_63_2_1_U39/tmp_product is absorbed into DSP mul_32ns_32ns_63_2_1_U39/dout_reg.
DSP Report: Generating DSP mul_32ns_32ns_63_2_1_U39/tmp_product, operation Mode is: A2*(B:0xa5d3).
DSP Report: register mul_32ns_32ns_63_2_1_U39/tmp_product is absorbed into DSP mul_32ns_32ns_63_2_1_U39/tmp_product.
DSP Report: operator mul_32ns_32ns_63_2_1_U39/tmp_product is absorbed into DSP mul_32ns_32ns_63_2_1_U39/tmp_product.
DSP Report: operator mul_32ns_32ns_63_2_1_U39/tmp_product is absorbed into DSP mul_32ns_32ns_63_2_1_U39/tmp_product.
DSP Report: Generating DSP mul_32ns_32ns_63_2_1_U39/dout_reg, operation Mode is: (PCIN>>17)+A2*B.
DSP Report: register mul_32ns_32ns_63_2_1_U39/dout_reg is absorbed into DSP mul_32ns_32ns_63_2_1_U39/dout_reg.
DSP Report: register mul_32ns_32ns_63_2_1_U39/dout_reg is absorbed into DSP mul_32ns_32ns_63_2_1_U39/dout_reg.
DSP Report: operator mul_32ns_32ns_63_2_1_U39/tmp_product is absorbed into DSP mul_32ns_32ns_63_2_1_U39/dout_reg.
DSP Report: operator mul_32ns_32ns_63_2_1_U39/tmp_product is absorbed into DSP mul_32ns_32ns_63_2_1_U39/dout_reg.
DSP Report: Generating DSP mul_32ns_33ns_64_2_1_U53/tmp_product, operation Mode is: (A:0x1fcad)*B2.
DSP Report: register mul_32ns_33ns_64_2_1_U53/tmp_product is absorbed into DSP mul_32ns_33ns_64_2_1_U53/tmp_product.
DSP Report: operator mul_32ns_33ns_64_2_1_U53/tmp_product is absorbed into DSP mul_32ns_33ns_64_2_1_U53/tmp_product.
DSP Report: operator mul_32ns_33ns_64_2_1_U53/tmp_product is absorbed into DSP mul_32ns_33ns_64_2_1_U53/tmp_product.
DSP Report: Generating DSP mul_32ns_33ns_64_2_1_U53/dout_reg, operation Mode is: (PCIN>>17)+A2*B.
DSP Report: register mul_32ns_33ns_64_2_1_U53/dout_reg is absorbed into DSP mul_32ns_33ns_64_2_1_U53/dout_reg.
DSP Report: register mul_32ns_33ns_64_2_1_U53/dout_reg is absorbed into DSP mul_32ns_33ns_64_2_1_U53/dout_reg.
DSP Report: operator mul_32ns_33ns_64_2_1_U53/tmp_product is absorbed into DSP mul_32ns_33ns_64_2_1_U53/dout_reg.
DSP Report: operator mul_32ns_33ns_64_2_1_U53/tmp_product is absorbed into DSP mul_32ns_33ns_64_2_1_U53/dout_reg.
DSP Report: Generating DSP mul_32ns_33ns_64_2_1_U53/tmp_product, operation Mode is: A2*(B:0x1fcad).
DSP Report: register mul_32ns_33ns_64_2_1_U53/tmp_product is absorbed into DSP mul_32ns_33ns_64_2_1_U53/tmp_product.
DSP Report: operator mul_32ns_33ns_64_2_1_U53/tmp_product is absorbed into DSP mul_32ns_33ns_64_2_1_U53/tmp_product.
DSP Report: operator mul_32ns_33ns_64_2_1_U53/tmp_product is absorbed into DSP mul_32ns_33ns_64_2_1_U53/tmp_product.
DSP Report: Generating DSP mul_32ns_33ns_64_2_1_U53/dout_reg, operation Mode is: (PCIN>>17)+A2*B.
DSP Report: register mul_32ns_33ns_64_2_1_U53/dout_reg is absorbed into DSP mul_32ns_33ns_64_2_1_U53/dout_reg.
DSP Report: register mul_32ns_33ns_64_2_1_U53/dout_reg is absorbed into DSP mul_32ns_33ns_64_2_1_U53/dout_reg.
DSP Report: operator mul_32ns_33ns_64_2_1_U53/tmp_product is absorbed into DSP mul_32ns_33ns_64_2_1_U53/dout_reg.
DSP Report: operator mul_32ns_33ns_64_2_1_U53/tmp_product is absorbed into DSP mul_32ns_33ns_64_2_1_U53/dout_reg.
DSP Report: Generating DSP mul_32ns_33ns_64_2_1_U54/tmp_product, operation Mode is: (A:0x1fcad)*B2.
DSP Report: register mul_32ns_33ns_64_2_1_U54/tmp_product is absorbed into DSP mul_32ns_33ns_64_2_1_U54/tmp_product.
DSP Report: operator mul_32ns_33ns_64_2_1_U54/tmp_product is absorbed into DSP mul_32ns_33ns_64_2_1_U54/tmp_product.
DSP Report: operator mul_32ns_33ns_64_2_1_U54/tmp_product is absorbed into DSP mul_32ns_33ns_64_2_1_U54/tmp_product.
DSP Report: Generating DSP mul_32ns_33ns_64_2_1_U54/dout_reg, operation Mode is: (PCIN>>17)+A2*B.
DSP Report: register mul_32ns_33ns_64_2_1_U54/dout_reg is absorbed into DSP mul_32ns_33ns_64_2_1_U54/dout_reg.
DSP Report: register mul_32ns_33ns_64_2_1_U54/dout_reg is absorbed into DSP mul_32ns_33ns_64_2_1_U54/dout_reg.
DSP Report: operator mul_32ns_33ns_64_2_1_U54/tmp_product is absorbed into DSP mul_32ns_33ns_64_2_1_U54/dout_reg.
DSP Report: operator mul_32ns_33ns_64_2_1_U54/tmp_product is absorbed into DSP mul_32ns_33ns_64_2_1_U54/dout_reg.
DSP Report: Generating DSP mul_32ns_33ns_64_2_1_U54/tmp_product, operation Mode is: A2*(B:0x1fcad).
DSP Report: register mul_32ns_33ns_64_2_1_U54/tmp_product is absorbed into DSP mul_32ns_33ns_64_2_1_U54/tmp_product.
DSP Report: operator mul_32ns_33ns_64_2_1_U54/tmp_product is absorbed into DSP mul_32ns_33ns_64_2_1_U54/tmp_product.
DSP Report: operator mul_32ns_33ns_64_2_1_U54/tmp_product is absorbed into DSP mul_32ns_33ns_64_2_1_U54/tmp_product.
DSP Report: Generating DSP mul_32ns_33ns_64_2_1_U54/dout_reg, operation Mode is: (PCIN>>17)+A2*B.
DSP Report: register mul_32ns_33ns_64_2_1_U54/dout_reg is absorbed into DSP mul_32ns_33ns_64_2_1_U54/dout_reg.
DSP Report: register mul_32ns_33ns_64_2_1_U54/dout_reg is absorbed into DSP mul_32ns_33ns_64_2_1_U54/dout_reg.
DSP Report: operator mul_32ns_33ns_64_2_1_U54/tmp_product is absorbed into DSP mul_32ns_33ns_64_2_1_U54/dout_reg.
DSP Report: operator mul_32ns_33ns_64_2_1_U54/tmp_product is absorbed into DSP mul_32ns_33ns_64_2_1_U54/dout_reg.
DSP Report: Generating DSP mul_32ns_33ns_64_2_1_U55/tmp_product, operation Mode is: (A:0x1fcad)*B2.
DSP Report: register mul_32ns_33ns_64_2_1_U55/tmp_product is absorbed into DSP mul_32ns_33ns_64_2_1_U55/tmp_product.
DSP Report: operator mul_32ns_33ns_64_2_1_U55/tmp_product is absorbed into DSP mul_32ns_33ns_64_2_1_U55/tmp_product.
DSP Report: operator mul_32ns_33ns_64_2_1_U55/tmp_product is absorbed into DSP mul_32ns_33ns_64_2_1_U55/tmp_product.
DSP Report: Generating DSP mul_32ns_33ns_64_2_1_U55/dout_reg, operation Mode is: (PCIN>>17)+A2*B.
DSP Report: register mul_32ns_33ns_64_2_1_U55/dout_reg is absorbed into DSP mul_32ns_33ns_64_2_1_U55/dout_reg.
DSP Report: register mul_32ns_33ns_64_2_1_U55/dout_reg is absorbed into DSP mul_32ns_33ns_64_2_1_U55/dout_reg.
DSP Report: operator mul_32ns_33ns_64_2_1_U55/tmp_product is absorbed into DSP mul_32ns_33ns_64_2_1_U55/dout_reg.
DSP Report: operator mul_32ns_33ns_64_2_1_U55/tmp_product is absorbed into DSP mul_32ns_33ns_64_2_1_U55/dout_reg.
DSP Report: Generating DSP mul_32ns_33ns_64_2_1_U55/tmp_product, operation Mode is: A2*(B:0x1fcad).
DSP Report: register mul_32ns_33ns_64_2_1_U55/tmp_product is absorbed into DSP mul_32ns_33ns_64_2_1_U55/tmp_product.
DSP Report: operator mul_32ns_33ns_64_2_1_U55/tmp_product is absorbed into DSP mul_32ns_33ns_64_2_1_U55/tmp_product.
DSP Report: operator mul_32ns_33ns_64_2_1_U55/tmp_product is absorbed into DSP mul_32ns_33ns_64_2_1_U55/tmp_product.
DSP Report: Generating DSP mul_32ns_33ns_64_2_1_U55/dout_reg, operation Mode is: (PCIN>>17)+A2*B.
DSP Report: register mul_32ns_33ns_64_2_1_U55/dout_reg is absorbed into DSP mul_32ns_33ns_64_2_1_U55/dout_reg.
DSP Report: register mul_32ns_33ns_64_2_1_U55/dout_reg is absorbed into DSP mul_32ns_33ns_64_2_1_U55/dout_reg.
DSP Report: operator mul_32ns_33ns_64_2_1_U55/tmp_product is absorbed into DSP mul_32ns_33ns_64_2_1_U55/dout_reg.
DSP Report: operator mul_32ns_33ns_64_2_1_U55/tmp_product is absorbed into DSP mul_32ns_33ns_64_2_1_U55/dout_reg.
WARNING: [Synth 8-3936] Found unconnected internal register 'mac_muladd_8s_8s_23s_23_4_1_U43/lenet_w8a8_top_mac_muladd_8s_8s_23s_23_4_1_DSP48_2_U/p_reg_reg' and it is trimmed from '44' to '23' bits. [d:/GitHub/vivado/vivado/F_Quantization_W8A8/hls_w8a8/vivado_review/project/LeNet_W8A8_Review.gen/sources_1/bd/lenet_system/ipshared/1edf/hdl/verilog/lenet_w8a8_top_mac_muladd_8s_8s_23s_23_4_1.v:39]
WARNING: [Synth 8-3936] Found unconnected internal register 'mac_muladd_8s_8s_23s_23_4_1_U43/lenet_w8a8_top_mac_muladd_8s_8s_23s_23_4_1_DSP48_2_U/m_reg_reg' and it is trimmed from '43' to '23' bits. [d:/GitHub/vivado/vivado/F_Quantization_W8A8/hls_w8a8/vivado_review/project/LeNet_W8A8_Review.gen/sources_1/bd/lenet_system/ipshared/1edf/hdl/verilog/lenet_w8a8_top_mac_muladd_8s_8s_23s_23_4_1.v:32]
WARNING: [Synth 8-3936] Found unconnected internal register 'mac_muladd_8s_8s_23s_23_4_1_U43/lenet_w8a8_top_mac_muladd_8s_8s_23s_23_4_1_DSP48_2_U/a_reg_reg' and it is trimmed from '25' to '23' bits. [d:/GitHub/vivado/vivado/F_Quantization_W8A8/hls_w8a8/vivado_review/project/LeNet_W8A8_Review.gen/sources_1/bd/lenet_system/ipshared/1edf/hdl/verilog/lenet_w8a8_top_mac_muladd_8s_8s_23s_23_4_1.v:31]
DSP Report: Generating DSP mac_muladd_8s_8s_23s_23_4_1_U43/lenet_w8a8_top_mac_muladd_8s_8s_23s_23_4_1_DSP48_2_U/p_reg_reg, operation Mode is: (P or C)+(A''*B2)'.
DSP Report: register mac_muladd_8s_8s_23s_23_4_1_U43/lenet_w8a8_top_mac_muladd_8s_8s_23s_23_4_1_DSP48_2_U/b_reg_reg is absorbed into DSP mac_muladd_8s_8s_23s_23_4_1_U43/lenet_w8a8_top_mac_muladd_8s_8s_23s_23_4_1_DSP48_2_U/p_reg_reg.
DSP Report: register mac_muladd_8s_8s_23s_23_4_1_U43/lenet_w8a8_top_mac_muladd_8s_8s_23s_23_4_1_DSP48_2_U/p_reg_reg is absorbed into DSP mac_muladd_8s_8s_23s_23_4_1_U43/lenet_w8a8_top_mac_muladd_8s_8s_23s_23_4_1_DSP48_2_U/p_reg_reg.
DSP Report: register mac_muladd_8s_8s_23s_23_4_1_U43/lenet_w8a8_top_mac_muladd_8s_8s_23s_23_4_1_DSP48_2_U/p_reg_reg is absorbed into DSP mac_muladd_8s_8s_23s_23_4_1_U43/lenet_w8a8_top_mac_muladd_8s_8s_23s_23_4_1_DSP48_2_U/p_reg_reg.
DSP Report: register mac_muladd_8s_8s_23s_23_4_1_U43/lenet_w8a8_top_mac_muladd_8s_8s_23s_23_4_1_DSP48_2_U/p_reg_reg is absorbed into DSP mac_muladd_8s_8s_23s_23_4_1_U43/lenet_w8a8_top_mac_muladd_8s_8s_23s_23_4_1_DSP48_2_U/p_reg_reg.
DSP Report: register mac_muladd_8s_8s_23s_23_4_1_U43/lenet_w8a8_top_mac_muladd_8s_8s_23s_23_4_1_DSP48_2_U/m_reg_reg is absorbed into DSP mac_muladd_8s_8s_23s_23_4_1_U43/lenet_w8a8_top_mac_muladd_8s_8s_23s_23_4_1_DSP48_2_U/p_reg_reg.
DSP Report: operator mac_muladd_8s_8s_23s_23_4_1_U43/lenet_w8a8_top_mac_muladd_8s_8s_23s_23_4_1_DSP48_2_U/p is absorbed into DSP mac_muladd_8s_8s_23s_23_4_1_U43/lenet_w8a8_top_mac_muladd_8s_8s_23s_23_4_1_DSP48_2_U/p_reg_reg.
DSP Report: operator mac_muladd_8s_8s_23s_23_4_1_U43/lenet_w8a8_top_mac_muladd_8s_8s_23s_23_4_1_DSP48_2_U/m is absorbed into DSP mac_muladd_8s_8s_23s_23_4_1_U43/lenet_w8a8_top_mac_muladd_8s_8s_23s_23_4_1_DSP48_2_U/p_reg_reg.
WARNING: [Synth 8-3936] Found unconnected internal register 'mac_muladd_8s_8s_24s_24_4_1_U59/lenet_w8a8_top_mac_muladd_8s_8s_24s_24_4_1_DSP48_3_U/p_reg_reg' and it is trimmed from '44' to '24' bits. [d:/GitHub/vivado/vivado/F_Quantization_W8A8/hls_w8a8/vivado_review/project/LeNet_W8A8_Review.gen/sources_1/bd/lenet_system/ipshared/1edf/hdl/verilog/lenet_w8a8_top_mac_muladd_8s_8s_24s_24_4_1.v:39]
WARNING: [Synth 8-3936] Found unconnected internal register 'mac_muladd_8s_8s_24s_24_4_1_U59/lenet_w8a8_top_mac_muladd_8s_8s_24s_24_4_1_DSP48_3_U/m_reg_reg' and it is trimmed from '43' to '24' bits. [d:/GitHub/vivado/vivado/F_Quantization_W8A8/hls_w8a8/vivado_review/project/LeNet_W8A8_Review.gen/sources_1/bd/lenet_system/ipshared/1edf/hdl/verilog/lenet_w8a8_top_mac_muladd_8s_8s_24s_24_4_1.v:32]
WARNING: [Synth 8-3936] Found unconnected internal register 'mac_muladd_8s_8s_24s_24_4_1_U59/lenet_w8a8_top_mac_muladd_8s_8s_24s_24_4_1_DSP48_3_U/a_reg_reg' and it is trimmed from '25' to '24' bits. [d:/GitHub/vivado/vivado/F_Quantization_W8A8/hls_w8a8/vivado_review/project/LeNet_W8A8_Review.gen/sources_1/bd/lenet_system/ipshared/1edf/hdl/verilog/lenet_w8a8_top_mac_muladd_8s_8s_24s_24_4_1.v:31]
DSP Report: Generating DSP mac_muladd_8s_8s_24s_24_4_1_U59/lenet_w8a8_top_mac_muladd_8s_8s_24s_24_4_1_DSP48_3_U/p_reg_reg, operation Mode is: (P or C)+(A''*B2)'.
DSP Report: register mac_muladd_8s_8s_24s_24_4_1_U59/lenet_w8a8_top_mac_muladd_8s_8s_24s_24_4_1_DSP48_3_U/b_reg_reg is absorbed into DSP mac_muladd_8s_8s_24s_24_4_1_U59/lenet_w8a8_top_mac_muladd_8s_8s_24s_24_4_1_DSP48_3_U/p_reg_reg.
DSP Report: register mac_muladd_8s_8s_24s_24_4_1_U59/lenet_w8a8_top_mac_muladd_8s_8s_24s_24_4_1_DSP48_3_U/p_reg_reg is absorbed into DSP mac_muladd_8s_8s_24s_24_4_1_U59/lenet_w8a8_top_mac_muladd_8s_8s_24s_24_4_1_DSP48_3_U/p_reg_reg.
DSP Report: register mac_muladd_8s_8s_24s_24_4_1_U59/lenet_w8a8_top_mac_muladd_8s_8s_24s_24_4_1_DSP48_3_U/p_reg_reg is absorbed into DSP mac_muladd_8s_8s_24s_24_4_1_U59/lenet_w8a8_top_mac_muladd_8s_8s_24s_24_4_1_DSP48_3_U/p_reg_reg.
DSP Report: register mac_muladd_8s_8s_24s_24_4_1_U59/lenet_w8a8_top_mac_muladd_8s_8s_24s_24_4_1_DSP48_3_U/p_reg_reg is absorbed into DSP mac_muladd_8s_8s_24s_24_4_1_U59/lenet_w8a8_top_mac_muladd_8s_8s_24s_24_4_1_DSP48_3_U/p_reg_reg.
DSP Report: register mac_muladd_8s_8s_24s_24_4_1_U59/lenet_w8a8_top_mac_muladd_8s_8s_24s_24_4_1_DSP48_3_U/m_reg_reg is absorbed into DSP mac_muladd_8s_8s_24s_24_4_1_U59/lenet_w8a8_top_mac_muladd_8s_8s_24s_24_4_1_DSP48_3_U/p_reg_reg.
DSP Report: operator mac_muladd_8s_8s_24s_24_4_1_U59/lenet_w8a8_top_mac_muladd_8s_8s_24s_24_4_1_DSP48_3_U/p is absorbed into DSP mac_muladd_8s_8s_24s_24_4_1_U59/lenet_w8a8_top_mac_muladd_8s_8s_24s_24_4_1_DSP48_3_U/p_reg_reg.
DSP Report: operator mac_muladd_8s_8s_24s_24_4_1_U59/lenet_w8a8_top_mac_muladd_8s_8s_24s_24_4_1_DSP48_3_U/m is absorbed into DSP mac_muladd_8s_8s_24s_24_4_1_U59/lenet_w8a8_top_mac_muladd_8s_8s_24s_24_4_1_DSP48_3_U/p_reg_reg.
WARNING: [Synth 8-3936] Found unconnected internal register 'mac_muladd_8s_8s_22s_22_4_1_U68/lenet_w8a8_top_mac_muladd_8s_8s_22s_22_4_1_DSP48_4_U/p_reg_reg' and it is trimmed from '44' to '22' bits. [d:/GitHub/vivado/vivado/F_Quantization_W8A8/hls_w8a8/vivado_review/project/LeNet_W8A8_Review.gen/sources_1/bd/lenet_system/ipshared/1edf/hdl/verilog/lenet_w8a8_top_mac_muladd_8s_8s_22s_22_4_1.v:39]
WARNING: [Synth 8-3936] Found unconnected internal register 'mac_muladd_8s_8s_22s_22_4_1_U68/lenet_w8a8_top_mac_muladd_8s_8s_22s_22_4_1_DSP48_4_U/m_reg_reg' and it is trimmed from '43' to '22' bits. [d:/GitHub/vivado/vivado/F_Quantization_W8A8/hls_w8a8/vivado_review/project/LeNet_W8A8_Review.gen/sources_1/bd/lenet_system/ipshared/1edf/hdl/verilog/lenet_w8a8_top_mac_muladd_8s_8s_22s_22_4_1.v:32]
WARNING: [Synth 8-3936] Found unconnected internal register 'mac_muladd_8s_8s_22s_22_4_1_U68/lenet_w8a8_top_mac_muladd_8s_8s_22s_22_4_1_DSP48_4_U/a_reg_reg' and it is trimmed from '25' to '22' bits. [d:/GitHub/vivado/vivado/F_Quantization_W8A8/hls_w8a8/vivado_review/project/LeNet_W8A8_Review.gen/sources_1/bd/lenet_system/ipshared/1edf/hdl/verilog/lenet_w8a8_top_mac_muladd_8s_8s_22s_22_4_1.v:31]
DSP Report: Generating DSP mac_muladd_8s_8s_22s_22_4_1_U68/lenet_w8a8_top_mac_muladd_8s_8s_22s_22_4_1_DSP48_4_U/p_reg_reg, operation Mode is: (0 or C)+(A''*B2)'.
DSP Report: register mac_muladd_8s_8s_22s_22_4_1_U68/lenet_w8a8_top_mac_muladd_8s_8s_22s_22_4_1_DSP48_4_U/b_reg_reg is absorbed into DSP mac_muladd_8s_8s_22s_22_4_1_U68/lenet_w8a8_top_mac_muladd_8s_8s_22s_22_4_1_DSP48_4_U/p_reg_reg.
DSP Report: register mac_muladd_8s_8s_22s_22_4_1_U68/lenet_w8a8_top_mac_muladd_8s_8s_22s_22_4_1_DSP48_4_U/p_reg_reg is absorbed into DSP mac_muladd_8s_8s_22s_22_4_1_U68/lenet_w8a8_top_mac_muladd_8s_8s_22s_22_4_1_DSP48_4_U/p_reg_reg.
DSP Report: register mac_muladd_8s_8s_22s_22_4_1_U68/lenet_w8a8_top_mac_muladd_8s_8s_22s_22_4_1_DSP48_4_U/p_reg_reg is absorbed into DSP mac_muladd_8s_8s_22s_22_4_1_U68/lenet_w8a8_top_mac_muladd_8s_8s_22s_22_4_1_DSP48_4_U/p_reg_reg.
DSP Report: register mac_muladd_8s_8s_22s_22_4_1_U68/lenet_w8a8_top_mac_muladd_8s_8s_22s_22_4_1_DSP48_4_U/p_reg_reg is absorbed into DSP mac_muladd_8s_8s_22s_22_4_1_U68/lenet_w8a8_top_mac_muladd_8s_8s_22s_22_4_1_DSP48_4_U/p_reg_reg.
DSP Report: register mac_muladd_8s_8s_22s_22_4_1_U68/lenet_w8a8_top_mac_muladd_8s_8s_22s_22_4_1_DSP48_4_U/m_reg_reg is absorbed into DSP mac_muladd_8s_8s_22s_22_4_1_U68/lenet_w8a8_top_mac_muladd_8s_8s_22s_22_4_1_DSP48_4_U/p_reg_reg.
DSP Report: operator mac_muladd_8s_8s_22s_22_4_1_U68/lenet_w8a8_top_mac_muladd_8s_8s_22s_22_4_1_DSP48_4_U/p is absorbed into DSP mac_muladd_8s_8s_22s_22_4_1_U68/lenet_w8a8_top_mac_muladd_8s_8s_22s_22_4_1_DSP48_4_U/p_reg_reg.
DSP Report: operator mac_muladd_8s_8s_22s_22_4_1_U68/lenet_w8a8_top_mac_muladd_8s_8s_22s_22_4_1_DSP48_4_U/p is absorbed into DSP mac_muladd_8s_8s_22s_22_4_1_U68/lenet_w8a8_top_mac_muladd_8s_8s_22s_22_4_1_DSP48_4_U/p_reg_reg.
DSP Report: operator mac_muladd_8s_8s_22s_22_4_1_U68/lenet_w8a8_top_mac_muladd_8s_8s_22s_22_4_1_DSP48_4_U/m is absorbed into DSP mac_muladd_8s_8s_22s_22_4_1_U68/lenet_w8a8_top_mac_muladd_8s_8s_22s_22_4_1_DSP48_4_U/p_reg_reg.
DSP Report: Generating DSP mul_32ns_34ns_64_2_1_U74/tmp_product, operation Mode is: A2*(B:0x43fd).
DSP Report: register mul_32ns_34ns_64_2_1_U74/tmp_product is absorbed into DSP mul_32ns_34ns_64_2_1_U74/tmp_product.
DSP Report: operator mul_32ns_34ns_64_2_1_U74/tmp_product is absorbed into DSP mul_32ns_34ns_64_2_1_U74/tmp_product.
DSP Report: operator mul_32ns_34ns_64_2_1_U74/tmp_product is absorbed into DSP mul_32ns_34ns_64_2_1_U74/tmp_product.
DSP Report: Generating DSP mul_32ns_34ns_64_2_1_U74/dout_reg, operation Mode is: (PCIN>>17)+A*B2.
DSP Report: register mul_32ns_34ns_64_2_1_U74/dout_reg is absorbed into DSP mul_32ns_34ns_64_2_1_U74/dout_reg.
DSP Report: register mul_32ns_34ns_64_2_1_U74/dout_reg is absorbed into DSP mul_32ns_34ns_64_2_1_U74/dout_reg.
DSP Report: operator mul_32ns_34ns_64_2_1_U74/tmp_product is absorbed into DSP mul_32ns_34ns_64_2_1_U74/dout_reg.
DSP Report: operator mul_32ns_34ns_64_2_1_U74/tmp_product is absorbed into DSP mul_32ns_34ns_64_2_1_U74/dout_reg.
DSP Report: Generating DSP mul_32ns_34ns_64_2_1_U74/tmp_product, operation Mode is: A2*(B:0x43fd).
DSP Report: register mul_32ns_34ns_64_2_1_U74/tmp_product is absorbed into DSP mul_32ns_34ns_64_2_1_U74/tmp_product.
DSP Report: operator mul_32ns_34ns_64_2_1_U74/tmp_product is absorbed into DSP mul_32ns_34ns_64_2_1_U74/tmp_product.
DSP Report: operator mul_32ns_34ns_64_2_1_U74/tmp_product is absorbed into DSP mul_32ns_34ns_64_2_1_U74/tmp_product.
DSP Report: Generating DSP mul_32ns_34ns_64_2_1_U74/dout_reg, operation Mode is: (PCIN>>17)+A2*B.
DSP Report: register mul_32ns_34ns_64_2_1_U74/dout_reg is absorbed into DSP mul_32ns_34ns_64_2_1_U74/dout_reg.
DSP Report: register mul_32ns_34ns_64_2_1_U74/dout_reg is absorbed into DSP mul_32ns_34ns_64_2_1_U74/dout_reg.
DSP Report: operator mul_32ns_34ns_64_2_1_U74/tmp_product is absorbed into DSP mul_32ns_34ns_64_2_1_U74/dout_reg.
DSP Report: operator mul_32ns_34ns_64_2_1_U74/tmp_product is absorbed into DSP mul_32ns_34ns_64_2_1_U74/dout_reg.
WARNING: [Synth 8-3936] Found unconnected internal register 'mac_muladd_8s_8s_22s_22_4_1_U78/lenet_w8a8_top_mac_muladd_8s_8s_22s_22_4_1_DSP48_4_U/p_reg_reg' and it is trimmed from '44' to '22' bits. [d:/GitHub/vivado/vivado/F_Quantization_W8A8/hls_w8a8/vivado_review/project/LeNet_W8A8_Review.gen/sources_1/bd/lenet_system/ipshared/1edf/hdl/verilog/lenet_w8a8_top_mac_muladd_8s_8s_22s_22_4_1.v:39]
WARNING: [Synth 8-3936] Found unconnected internal register 'mac_muladd_8s_8s_22s_22_4_1_U78/lenet_w8a8_top_mac_muladd_8s_8s_22s_22_4_1_DSP48_4_U/m_reg_reg' and it is trimmed from '43' to '22' bits. [d:/GitHub/vivado/vivado/F_Quantization_W8A8/hls_w8a8/vivado_review/project/LeNet_W8A8_Review.gen/sources_1/bd/lenet_system/ipshared/1edf/hdl/verilog/lenet_w8a8_top_mac_muladd_8s_8s_22s_22_4_1.v:32]
WARNING: [Synth 8-3936] Found unconnected internal register 'mac_muladd_8s_8s_22s_22_4_1_U78/lenet_w8a8_top_mac_muladd_8s_8s_22s_22_4_1_DSP48_4_U/a_reg_reg' and it is trimmed from '25' to '22' bits. [d:/GitHub/vivado/vivado/F_Quantization_W8A8/hls_w8a8/vivado_review/project/LeNet_W8A8_Review.gen/sources_1/bd/lenet_system/ipshared/1edf/hdl/verilog/lenet_w8a8_top_mac_muladd_8s_8s_22s_22_4_1.v:31]
DSP Report: Generating DSP mac_muladd_8s_8s_22s_22_4_1_U78/lenet_w8a8_top_mac_muladd_8s_8s_22s_22_4_1_DSP48_4_U/p_reg_reg, operation Mode is: (P or C)+(A''*B2)'.
DSP Report: register mac_muladd_8s_8s_22s_22_4_1_U78/lenet_w8a8_top_mac_muladd_8s_8s_22s_22_4_1_DSP48_4_U/b_reg_reg is absorbed into DSP mac_muladd_8s_8s_22s_22_4_1_U78/lenet_w8a8_top_mac_muladd_8s_8s_22s_22_4_1_DSP48_4_U/p_reg_reg.
DSP Report: register mac_muladd_8s_8s_22s_22_4_1_U78/lenet_w8a8_top_mac_muladd_8s_8s_22s_22_4_1_DSP48_4_U/p_reg_reg is absorbed into DSP mac_muladd_8s_8s_22s_22_4_1_U78/lenet_w8a8_top_mac_muladd_8s_8s_22s_22_4_1_DSP48_4_U/p_reg_reg.
DSP Report: register mac_muladd_8s_8s_22s_22_4_1_U78/lenet_w8a8_top_mac_muladd_8s_8s_22s_22_4_1_DSP48_4_U/p_reg_reg is absorbed into DSP mac_muladd_8s_8s_22s_22_4_1_U78/lenet_w8a8_top_mac_muladd_8s_8s_22s_22_4_1_DSP48_4_U/p_reg_reg.
DSP Report: register mac_muladd_8s_8s_22s_22_4_1_U78/lenet_w8a8_top_mac_muladd_8s_8s_22s_22_4_1_DSP48_4_U/p_reg_reg is absorbed into DSP mac_muladd_8s_8s_22s_22_4_1_U78/lenet_w8a8_top_mac_muladd_8s_8s_22s_22_4_1_DSP48_4_U/p_reg_reg.
DSP Report: register mac_muladd_8s_8s_22s_22_4_1_U78/lenet_w8a8_top_mac_muladd_8s_8s_22s_22_4_1_DSP48_4_U/m_reg_reg is absorbed into DSP mac_muladd_8s_8s_22s_22_4_1_U78/lenet_w8a8_top_mac_muladd_8s_8s_22s_22_4_1_DSP48_4_U/p_reg_reg.
DSP Report: operator mac_muladd_8s_8s_22s_22_4_1_U78/lenet_w8a8_top_mac_muladd_8s_8s_22s_22_4_1_DSP48_4_U/p is absorbed into DSP mac_muladd_8s_8s_22s_22_4_1_U78/lenet_w8a8_top_mac_muladd_8s_8s_22s_22_4_1_DSP48_4_U/p_reg_reg.
DSP Report: operator mac_muladd_8s_8s_22s_22_4_1_U78/lenet_w8a8_top_mac_muladd_8s_8s_22s_22_4_1_DSP48_4_U/m is absorbed into DSP mac_muladd_8s_8s_22s_22_4_1_U78/lenet_w8a8_top_mac_muladd_8s_8s_22s_22_4_1_DSP48_4_U/p_reg_reg.
WARNING: [Synth 8-3936] Found unconnected internal register 'add_ln38_4_reg_999_reg' and it is trimmed from '5' to '4' bits. [d:/GitHub/vivado/vivado/F_Quantization_W8A8/hls_w8a8/vivado_review/project/LeNet_W8A8_Review.gen/sources_1/bd/lenet_system/ipshared/1edf/hdl/verilog/lenet_w8a8_top.v:2108]
WARNING: [Synth 8-3936] Found unconnected internal register 'mac_muladd_5ns_8ns_8ns_12_4_1_U83/lenet_w8a8_top_mac_muladd_5ns_8ns_8ns_12_4_1_DSP48_5_U/p_reg_reg' and it is trimmed from '44' to '12' bits. [d:/GitHub/vivado/vivado/F_Quantization_W8A8/hls_w8a8/vivado_review/project/LeNet_W8A8_Review.gen/sources_1/bd/lenet_system/ipshared/1edf/hdl/verilog/lenet_w8a8_top_mac_muladd_5ns_8ns_8ns_12_4_1.v:39]
WARNING: [Synth 8-3936] Found unconnected internal register 'mac_muladd_5ns_8ns_8ns_12_4_1_U83/lenet_w8a8_top_mac_muladd_5ns_8ns_8ns_12_4_1_DSP48_5_U/m_reg_reg' and it is trimmed from '43' to '12' bits. [d:/GitHub/vivado/vivado/F_Quantization_W8A8/hls_w8a8/vivado_review/project/LeNet_W8A8_Review.gen/sources_1/bd/lenet_system/ipshared/1edf/hdl/verilog/lenet_w8a8_top_mac_muladd_5ns_8ns_8ns_12_4_1.v:32]
WARNING: [Synth 8-3936] Found unconnected internal register 'mac_muladd_5ns_8ns_8ns_12_4_1_U83/lenet_w8a8_top_mac_muladd_5ns_8ns_8ns_12_4_1_DSP48_5_U/a_reg_reg' and it is trimmed from '25' to '12' bits. [d:/GitHub/vivado/vivado/F_Quantization_W8A8/hls_w8a8/vivado_review/project/LeNet_W8A8_Review.gen/sources_1/bd/lenet_system/ipshared/1edf/hdl/verilog/lenet_w8a8_top_mac_muladd_5ns_8ns_8ns_12_4_1.v:31]
DSP Report: Generating DSP mac_muladd_5ns_8ns_8ns_12_4_1_U83/lenet_w8a8_top_mac_muladd_5ns_8ns_8ns_12_4_1_DSP48_5_U/p_reg_reg, operation Mode is: (C:0x96)+(A2*(B:0x96)')'.
DSP Report: register mac_muladd_5ns_8ns_8ns_12_4_1_U83/lenet_w8a8_top_mac_muladd_5ns_8ns_8ns_12_4_1_DSP48_5_U/b_reg_reg is absorbed into DSP mac_muladd_5ns_8ns_8ns_12_4_1_U83/lenet_w8a8_top_mac_muladd_5ns_8ns_8ns_12_4_1_DSP48_5_U/p_reg_reg.
DSP Report: register mac_muladd_5ns_8ns_8ns_12_4_1_U83/lenet_w8a8_top_mac_muladd_5ns_8ns_8ns_12_4_1_DSP48_5_U/p_reg_reg is absorbed into DSP mac_muladd_5ns_8ns_8ns_12_4_1_U83/lenet_w8a8_top_mac_muladd_5ns_8ns_8ns_12_4_1_DSP48_5_U/p_reg_reg.
DSP Report: register mac_muladd_5ns_8ns_8ns_12_4_1_U83/lenet_w8a8_top_mac_muladd_5ns_8ns_8ns_12_4_1_DSP48_5_U/p_reg_reg is absorbed into DSP mac_muladd_5ns_8ns_8ns_12_4_1_U83/lenet_w8a8_top_mac_muladd_5ns_8ns_8ns_12_4_1_DSP48_5_U/p_reg_reg.
DSP Report: register mac_muladd_5ns_8ns_8ns_12_4_1_U83/lenet_w8a8_top_mac_muladd_5ns_8ns_8ns_12_4_1_DSP48_5_U/m_reg_reg is absorbed into DSP mac_muladd_5ns_8ns_8ns_12_4_1_U83/lenet_w8a8_top_mac_muladd_5ns_8ns_8ns_12_4_1_DSP48_5_U/p_reg_reg.
DSP Report: operator mac_muladd_5ns_8ns_8ns_12_4_1_U83/lenet_w8a8_top_mac_muladd_5ns_8ns_8ns_12_4_1_DSP48_5_U/p is absorbed into DSP mac_muladd_5ns_8ns_8ns_12_4_1_U83/lenet_w8a8_top_mac_muladd_5ns_8ns_8ns_12_4_1_DSP48_5_U/p_reg_reg.
DSP Report: operator mac_muladd_5ns_8ns_8ns_12_4_1_U83/lenet_w8a8_top_mac_muladd_5ns_8ns_8ns_12_4_1_DSP48_5_U/m is absorbed into DSP mac_muladd_5ns_8ns_8ns_12_4_1_U83/lenet_w8a8_top_mac_muladd_5ns_8ns_8ns_12_4_1_DSP48_5_U/p_reg_reg.
DSP Report: Generating DSP mul_32ns_33ns_64_2_1_U84/tmp_product, operation Mode is: A*B.
DSP Report: operator mul_32ns_33ns_64_2_1_U84/tmp_product is absorbed into DSP mul_32ns_33ns_64_2_1_U84/tmp_product.
DSP Report: operator mul_32ns_33ns_64_2_1_U84/tmp_product is absorbed into DSP mul_32ns_33ns_64_2_1_U84/tmp_product.
DSP Report: Generating DSP mul_32ns_33ns_64_2_1_U84/dout_reg, operation Mode is: (PCIN>>17)+A*B.
DSP Report: register mul_32ns_33ns_64_2_1_U84/dout_reg is absorbed into DSP mul_32ns_33ns_64_2_1_U84/dout_reg.
DSP Report: operator mul_32ns_33ns_64_2_1_U84/tmp_product is absorbed into DSP mul_32ns_33ns_64_2_1_U84/dout_reg.
DSP Report: operator mul_32ns_33ns_64_2_1_U84/tmp_product is absorbed into DSP mul_32ns_33ns_64_2_1_U84/dout_reg.
DSP Report: Generating DSP mul_32ns_33ns_64_2_1_U84/tmp_product, operation Mode is: A*B.
DSP Report: operator mul_32ns_33ns_64_2_1_U84/tmp_product is absorbed into DSP mul_32ns_33ns_64_2_1_U84/tmp_product.
DSP Report: operator mul_32ns_33ns_64_2_1_U84/tmp_product is absorbed into DSP mul_32ns_33ns_64_2_1_U84/tmp_product.
DSP Report: Generating DSP mul_32ns_33ns_64_2_1_U84/dout_reg, operation Mode is: (PCIN>>17)+A*B.
DSP Report: register mul_32ns_33ns_64_2_1_U84/dout_reg is absorbed into DSP mul_32ns_33ns_64_2_1_U84/dout_reg.
DSP Report: operator mul_32ns_33ns_64_2_1_U84/tmp_product is absorbed into DSP mul_32ns_33ns_64_2_1_U84/dout_reg.
DSP Report: operator mul_32ns_33ns_64_2_1_U84/tmp_product is absorbed into DSP mul_32ns_33ns_64_2_1_U84/dout_reg.
INFO: [Synth 8-5784] Optimized 9 bits of RAM "store_unit/buff_wdata/U_fifo_mem/mem_reg" due to constant propagation. Old ram width 9 bits, new ram width 0 bits.
WARNING: [Synth 8-5785] Removed RAM "store_unit/buff_wdata/U_fifo_mem/mem_reg" due to constant propagation. Write data stuck at zero 
INFO: [Synth 8-5784] Optimized 9 bits of RAM "store_unit/buff_wdata/U_fifo_mem/mem_reg" due to constant propagation. Old ram width 9 bits, new ram width 0 bits.
WARNING: [Synth 8-5785] Removed RAM "store_unit/buff_wdata/U_fifo_mem/mem_reg" due to constant propagation. Write data stuck at zero 
INFO: [Synth 8-7082] The signal store_unit/buff_wdata/U_fifo_mem/mem_reg is implemented as Block RAM but is better mapped onto distributed LUT RAM for the following reason(s): The depth (4 address bits) is shallow. Please use attribute (* ram_style = "distributed" *) to instruct Vivado to infer distributed LUT RAM.
WARNING: [Synth 8-3332] Sequential element (mul_32ns_32ns_63_2_1_U36/dout_reg[47]) is unused and will be removed from module lenet_w8a8_top_lenet_w8a8_top_Pipeline_POOL_CHANNEL_POOL_ROW_POOL_COL.
WARNING: [Synth 8-3332] Sequential element (mul_32ns_32ns_63_2_1_U36/dout_reg[46]) is unused and will be removed from module lenet_w8a8_top_lenet_w8a8_top_Pipeline_POOL_CHANNEL_POOL_ROW_POOL_COL.
WARNING: [Synth 8-3332] Sequential element (mul_32ns_32ns_63_2_1_U36/dout_reg[45]) is unused and will be removed from module lenet_w8a8_top_lenet_w8a8_top_Pipeline_POOL_CHANNEL_POOL_ROW_POOL_COL.
WARNING: [Synth 8-3332] Sequential element (mul_32ns_32ns_63_2_1_U36/dout_reg[44]) is unused and will be removed from module lenet_w8a8_top_lenet_w8a8_top_Pipeline_POOL_CHANNEL_POOL_ROW_POOL_COL.
WARNING: [Synth 8-3332] Sequential element (mul_32ns_32ns_63_2_1_U36/dout_reg[43]) is unused and will be removed from module lenet_w8a8_top_lenet_w8a8_top_Pipeline_POOL_CHANNEL_POOL_ROW_POOL_COL.
WARNING: [Synth 8-3332] Sequential element (mul_32ns_32ns_63_2_1_U36/dout_reg[42]) is unused and will be removed from module lenet_w8a8_top_lenet_w8a8_top_Pipeline_POOL_CHANNEL_POOL_ROW_POOL_COL.
WARNING: [Synth 8-3332] Sequential element (mul_32ns_32ns_63_2_1_U36/dout_reg[41]) is unused and will be removed from module lenet_w8a8_top_lenet_w8a8_top_Pipeline_POOL_CHANNEL_POOL_ROW_POOL_COL.
WARNING: [Synth 8-3332] Sequential element (mul_32ns_32ns_63_2_1_U36/dout_reg[40]) is unused and will be removed from module lenet_w8a8_top_lenet_w8a8_top_Pipeline_POOL_CHANNEL_POOL_ROW_POOL_COL.
WARNING: [Synth 8-3332] Sequential element (mul_32ns_32ns_63_2_1_U36/dout_reg[39]) is unused and will be removed from module lenet_w8a8_top_lenet_w8a8_top_Pipeline_POOL_CHANNEL_POOL_ROW_POOL_COL.
WARNING: [Synth 8-3332] Sequential element (mul_32ns_32ns_63_2_1_U36/dout_reg[38]) is unused and will be removed from module lenet_w8a8_top_lenet_w8a8_top_Pipeline_POOL_CHANNEL_POOL_ROW_POOL_COL.
WARNING: [Synth 8-3332] Sequential element (mul_32ns_32ns_63_2_1_U36/dout_reg[37]) is unused and will be removed from module lenet_w8a8_top_lenet_w8a8_top_Pipeline_POOL_CHANNEL_POOL_ROW_POOL_COL.
WARNING: [Synth 8-3332] Sequential element (mul_32ns_32ns_63_2_1_U36/dout_reg[36]) is unused and will be removed from module lenet_w8a8_top_lenet_w8a8_top_Pipeline_POOL_CHANNEL_POOL_ROW_POOL_COL.
WARNING: [Synth 8-3332] Sequential element (mul_32ns_32ns_63_2_1_U36/dout_reg[35]) is unused and will be removed from module lenet_w8a8_top_lenet_w8a8_top_Pipeline_POOL_CHANNEL_POOL_ROW_POOL_COL.
WARNING: [Synth 8-3332] Sequential element (mul_32ns_32ns_63_2_1_U36/dout_reg[34]) is unused and will be removed from module lenet_w8a8_top_lenet_w8a8_top_Pipeline_POOL_CHANNEL_POOL_ROW_POOL_COL.
WARNING: [Synth 8-3332] Sequential element (mul_32ns_32ns_63_2_1_U36/dout_reg[33]) is unused and will be removed from module lenet_w8a8_top_lenet_w8a8_top_Pipeline_POOL_CHANNEL_POOL_ROW_POOL_COL.
WARNING: [Synth 8-3332] Sequential element (mul_32ns_32ns_63_2_1_U36/dout_reg[32]) is unused and will be removed from module lenet_w8a8_top_lenet_w8a8_top_Pipeline_POOL_CHANNEL_POOL_ROW_POOL_COL.
WARNING: [Synth 8-3332] Sequential element (mul_32ns_32ns_63_2_1_U36/dout_reg[31]) is unused and will be removed from module lenet_w8a8_top_lenet_w8a8_top_Pipeline_POOL_CHANNEL_POOL_ROW_POOL_COL.
WARNING: [Synth 8-3332] Sequential element (mul_32ns_32ns_63_2_1_U36/dout_reg[30]) is unused and will be removed from module lenet_w8a8_top_lenet_w8a8_top_Pipeline_POOL_CHANNEL_POOL_ROW_POOL_COL.
WARNING: [Synth 8-3332] Sequential element (mul_32ns_32ns_63_2_1_U36/dout_reg[29]) is unused and will be removed from module lenet_w8a8_top_lenet_w8a8_top_Pipeline_POOL_CHANNEL_POOL_ROW_POOL_COL.
WARNING: [Synth 8-3332] Sequential element (mul_32ns_32ns_63_2_1_U36/dout_reg[28]) is unused and will be removed from module lenet_w8a8_top_lenet_w8a8_top_Pipeline_POOL_CHANNEL_POOL_ROW_POOL_COL.
WARNING: [Synth 8-3332] Sequential element (mul_32ns_32ns_63_2_1_U36/dout_reg[27]) is unused and will be removed from module lenet_w8a8_top_lenet_w8a8_top_Pipeline_POOL_CHANNEL_POOL_ROW_POOL_COL.
WARNING: [Synth 8-3332] Sequential element (mul_32ns_32ns_63_2_1_U36/dout_reg[26]) is unused and will be removed from module lenet_w8a8_top_lenet_w8a8_top_Pipeline_POOL_CHANNEL_POOL_ROW_POOL_COL.
WARNING: [Synth 8-3332] Sequential element (mul_32ns_32ns_63_2_1_U36/dout_reg[25]) is unused and will be removed from module lenet_w8a8_top_lenet_w8a8_top_Pipeline_POOL_CHANNEL_POOL_ROW_POOL_COL.
WARNING: [Synth 8-3332] Sequential element (mul_32ns_32ns_63_2_1_U36/dout_reg[24]) is unused and will be removed from module lenet_w8a8_top_lenet_w8a8_top_Pipeline_POOL_CHANNEL_POOL_ROW_POOL_COL.
WARNING: [Synth 8-3332] Sequential element (mul_32ns_32ns_63_2_1_U36/dout_reg[23]) is unused and will be removed from module lenet_w8a8_top_lenet_w8a8_top_Pipeline_POOL_CHANNEL_POOL_ROW_POOL_COL.
WARNING: [Synth 8-3332] Sequential element (mul_32ns_32ns_63_2_1_U36/dout_reg[22]) is unused and will be removed from module lenet_w8a8_top_lenet_w8a8_top_Pipeline_POOL_CHANNEL_POOL_ROW_POOL_COL.
WARNING: [Synth 8-3332] Sequential element (mul_32ns_32ns_63_2_1_U36/dout_reg[21]) is unused and will be removed from module lenet_w8a8_top_lenet_w8a8_top_Pipeline_POOL_CHANNEL_POOL_ROW_POOL_COL.
WARNING: [Synth 8-3332] Sequential element (mul_32ns_32ns_63_2_1_U36/dout_reg[20]) is unused and will be removed from module lenet_w8a8_top_lenet_w8a8_top_Pipeline_POOL_CHANNEL_POOL_ROW_POOL_COL.
WARNING: [Synth 8-3332] Sequential element (mul_32ns_32ns_63_2_1_U36/dout_reg[19]) is unused and will be removed from module lenet_w8a8_top_lenet_w8a8_top_Pipeline_POOL_CHANNEL_POOL_ROW_POOL_COL.
WARNING: [Synth 8-3332] Sequential element (mul_32ns_32ns_63_2_1_U36/dout_reg[18]) is unused and will be removed from module lenet_w8a8_top_lenet_w8a8_top_Pipeline_POOL_CHANNEL_POOL_ROW_POOL_COL.
WARNING: [Synth 8-3332] Sequential element (mul_32ns_32ns_63_2_1_U36/dout_reg[17]) is unused and will be removed from module lenet_w8a8_top_lenet_w8a8_top_Pipeline_POOL_CHANNEL_POOL_ROW_POOL_COL.
WARNING: [Synth 8-3332] Sequential element (mul_32ns_32ns_63_2_1_U36/dout_reg[47]__0) is unused and will be removed from module lenet_w8a8_top_lenet_w8a8_top_Pipeline_POOL_CHANNEL_POOL_ROW_POOL_COL.
WARNING: [Synth 8-3332] Sequential element (mul_32ns_32ns_63_2_1_U36/dout_reg[46]__0) is unused and will be removed from module lenet_w8a8_top_lenet_w8a8_top_Pipeline_POOL_CHANNEL_POOL_ROW_POOL_COL.
WARNING: [Synth 8-3332] Sequential element (mul_32ns_32ns_63_2_1_U36/dout_reg[45]__0) is unused and will be removed from module lenet_w8a8_top_lenet_w8a8_top_Pipeline_POOL_CHANNEL_POOL_ROW_POOL_COL.
WARNING: [Synth 8-3332] Sequential element (mul_32ns_32ns_63_2_1_U36/dout_reg[44]__0) is unused and will be removed from module lenet_w8a8_top_lenet_w8a8_top_Pipeline_POOL_CHANNEL_POOL_ROW_POOL_COL.
WARNING: [Synth 8-3332] Sequential element (mul_32ns_32ns_63_2_1_U36/dout_reg[43]__0) is unused and will be removed from module lenet_w8a8_top_lenet_w8a8_top_Pipeline_POOL_CHANNEL_POOL_ROW_POOL_COL.
WARNING: [Synth 8-3332] Sequential element (mul_32ns_32ns_63_2_1_U36/dout_reg[42]__0) is unused and will be removed from module lenet_w8a8_top_lenet_w8a8_top_Pipeline_POOL_CHANNEL_POOL_ROW_POOL_COL.
WARNING: [Synth 8-3332] Sequential element (mul_32ns_32ns_63_2_1_U36/dout_reg[41]__0) is unused and will be removed from module lenet_w8a8_top_lenet_w8a8_top_Pipeline_POOL_CHANNEL_POOL_ROW_POOL_COL.
WARNING: [Synth 8-3332] Sequential element (mul_32ns_32ns_63_2_1_U36/dout_reg[40]__0) is unused and will be removed from module lenet_w8a8_top_lenet_w8a8_top_Pipeline_POOL_CHANNEL_POOL_ROW_POOL_COL.
WARNING: [Synth 8-3332] Sequential element (mul_32ns_32ns_63_2_1_U36/dout_reg[39]__0) is unused and will be removed from module lenet_w8a8_top_lenet_w8a8_top_Pipeline_POOL_CHANNEL_POOL_ROW_POOL_COL.
WARNING: [Synth 8-3332] Sequential element (mul_32ns_32ns_63_2_1_U36/dout_reg[38]__0) is unused and will be removed from module lenet_w8a8_top_lenet_w8a8_top_Pipeline_POOL_CHANNEL_POOL_ROW_POOL_COL.
WARNING: [Synth 8-3332] Sequential element (mul_32ns_32ns_63_2_1_U36/dout_reg[37]__0) is unused and will be removed from module lenet_w8a8_top_lenet_w8a8_top_Pipeline_POOL_CHANNEL_POOL_ROW_POOL_COL.
WARNING: [Synth 8-3332] Sequential element (mul_32ns_32ns_63_2_1_U36/dout_reg[36]__0) is unused and will be removed from module lenet_w8a8_top_lenet_w8a8_top_Pipeline_POOL_CHANNEL_POOL_ROW_POOL_COL.
WARNING: [Synth 8-3332] Sequential element (mul_32ns_32ns_63_2_1_U36/dout_reg[35]__0) is unused and will be removed from module lenet_w8a8_top_lenet_w8a8_top_Pipeline_POOL_CHANNEL_POOL_ROW_POOL_COL.
WARNING: [Synth 8-3332] Sequential element (mul_32ns_32ns_63_2_1_U36/dout_reg[34]__0) is unused and will be removed from module lenet_w8a8_top_lenet_w8a8_top_Pipeline_POOL_CHANNEL_POOL_ROW_POOL_COL.
WARNING: [Synth 8-3332] Sequential element (mul_32ns_32ns_63_2_1_U36/dout_reg[33]__0) is unused and will be removed from module lenet_w8a8_top_lenet_w8a8_top_Pipeline_POOL_CHANNEL_POOL_ROW_POOL_COL.
WARNING: [Synth 8-3332] Sequential element (mul_32ns_32ns_63_2_1_U36/dout_reg[32]__0) is unused and will be removed from module lenet_w8a8_top_lenet_w8a8_top_Pipeline_POOL_CHANNEL_POOL_ROW_POOL_COL.
WARNING: [Synth 8-3332] Sequential element (mul_32ns_32ns_63_2_1_U36/dout_reg[31]__0) is unused and will be removed from module lenet_w8a8_top_lenet_w8a8_top_Pipeline_POOL_CHANNEL_POOL_ROW_POOL_COL.
WARNING: [Synth 8-3332] Sequential element (mul_32ns_32ns_63_2_1_U36/dout_reg[30]__0) is unused and will be removed from module lenet_w8a8_top_lenet_w8a8_top_Pipeline_POOL_CHANNEL_POOL_ROW_POOL_COL.
WARNING: [Synth 8-3332] Sequential element (mul_32ns_32ns_63_2_1_U36/dout_reg[29]__0) is unused and will be removed from module lenet_w8a8_top_lenet_w8a8_top_Pipeline_POOL_CHANNEL_POOL_ROW_POOL_COL.
WARNING: [Synth 8-3332] Sequential element (mul_32ns_32ns_63_2_1_U36/dout_reg[28]__0) is unused and will be removed from module lenet_w8a8_top_lenet_w8a8_top_Pipeline_POOL_CHANNEL_POOL_ROW_POOL_COL.
WARNING: [Synth 8-3332] Sequential element (mul_32ns_32ns_63_2_1_U36/dout_reg[27]__0) is unused and will be removed from module lenet_w8a8_top_lenet_w8a8_top_Pipeline_POOL_CHANNEL_POOL_ROW_POOL_COL.
WARNING: [Synth 8-3332] Sequential element (mul_32ns_32ns_63_2_1_U36/dout_reg[26]__0) is unused and will be removed from module lenet_w8a8_top_lenet_w8a8_top_Pipeline_POOL_CHANNEL_POOL_ROW_POOL_COL.
WARNING: [Synth 8-3332] Sequential element (mul_32ns_32ns_63_2_1_U36/dout_reg[25]__0) is unused and will be removed from module lenet_w8a8_top_lenet_w8a8_top_Pipeline_POOL_CHANNEL_POOL_ROW_POOL_COL.
WARNING: [Synth 8-3332] Sequential element (mul_32ns_32ns_63_2_1_U36/dout_reg[24]__0) is unused and will be removed from module lenet_w8a8_top_lenet_w8a8_top_Pipeline_POOL_CHANNEL_POOL_ROW_POOL_COL.
WARNING: [Synth 8-3332] Sequential element (mul_32ns_32ns_63_2_1_U36/dout_reg[23]__0) is unused and will be removed from module lenet_w8a8_top_lenet_w8a8_top_Pipeline_POOL_CHANNEL_POOL_ROW_POOL_COL.
WARNING: [Synth 8-3332] Sequential element (mul_32ns_32ns_63_2_1_U36/dout_reg[22]__0) is unused and will be removed from module lenet_w8a8_top_lenet_w8a8_top_Pipeline_POOL_CHANNEL_POOL_ROW_POOL_COL.
WARNING: [Synth 8-3332] Sequential element (mul_32ns_32ns_63_2_1_U36/dout_reg[21]__0) is unused and will be removed from module lenet_w8a8_top_lenet_w8a8_top_Pipeline_POOL_CHANNEL_POOL_ROW_POOL_COL.
WARNING: [Synth 8-3332] Sequential element (mul_32ns_32ns_63_2_1_U36/dout_reg[20]__0) is unused and will be removed from module lenet_w8a8_top_lenet_w8a8_top_Pipeline_POOL_CHANNEL_POOL_ROW_POOL_COL.
WARNING: [Synth 8-3332] Sequential element (mul_32ns_32ns_63_2_1_U36/dout_reg[19]__0) is unused and will be removed from module lenet_w8a8_top_lenet_w8a8_top_Pipeline_POOL_CHANNEL_POOL_ROW_POOL_COL.
WARNING: [Synth 8-3332] Sequential element (mul_32ns_32ns_63_2_1_U36/dout_reg[18]__0) is unused and will be removed from module lenet_w8a8_top_lenet_w8a8_top_Pipeline_POOL_CHANNEL_POOL_ROW_POOL_COL.
WARNING: [Synth 8-3332] Sequential element (mul_32ns_32ns_63_2_1_U36/dout_reg[17]__0) is unused and will be removed from module lenet_w8a8_top_lenet_w8a8_top_Pipeline_POOL_CHANNEL_POOL_ROW_POOL_COL.
WARNING: [Synth 8-3332] Sequential element (mul_32ns_32ns_63_2_1_U37/dout_reg[47]) is unused and will be removed from module lenet_w8a8_top_lenet_w8a8_top_Pipeline_POOL_CHANNEL_POOL_ROW_POOL_COL.
WARNING: [Synth 8-3332] Sequential element (mul_32ns_32ns_63_2_1_U37/dout_reg[46]) is unused and will be removed from module lenet_w8a8_top_lenet_w8a8_top_Pipeline_POOL_CHANNEL_POOL_ROW_POOL_COL.
WARNING: [Synth 8-3332] Sequential element (mul_32ns_32ns_63_2_1_U37/dout_reg[45]) is unused and will be removed from module lenet_w8a8_top_lenet_w8a8_top_Pipeline_POOL_CHANNEL_POOL_ROW_POOL_COL.
WARNING: [Synth 8-3332] Sequential element (mul_32ns_32ns_63_2_1_U37/dout_reg[44]) is unused and will be removed from module lenet_w8a8_top_lenet_w8a8_top_Pipeline_POOL_CHANNEL_POOL_ROW_POOL_COL.
WARNING: [Synth 8-3332] Sequential element (mul_32ns_32ns_63_2_1_U37/dout_reg[43]) is unused and will be removed from module lenet_w8a8_top_lenet_w8a8_top_Pipeline_POOL_CHANNEL_POOL_ROW_POOL_COL.
WARNING: [Synth 8-3332] Sequential element (mul_32ns_32ns_63_2_1_U37/dout_reg[42]) is unused and will be removed from module lenet_w8a8_top_lenet_w8a8_top_Pipeline_POOL_CHANNEL_POOL_ROW_POOL_COL.
WARNING: [Synth 8-3332] Sequential element (mul_32ns_32ns_63_2_1_U37/dout_reg[41]) is unused and will be removed from module lenet_w8a8_top_lenet_w8a8_top_Pipeline_POOL_CHANNEL_POOL_ROW_POOL_COL.
WARNING: [Synth 8-3332] Sequential element (mul_32ns_32ns_63_2_1_U37/dout_reg[40]) is unused and will be removed from module lenet_w8a8_top_lenet_w8a8_top_Pipeline_POOL_CHANNEL_POOL_ROW_POOL_COL.
WARNING: [Synth 8-3332] Sequential element (mul_32ns_32ns_63_2_1_U37/dout_reg[39]) is unused and will be removed from module lenet_w8a8_top_lenet_w8a8_top_Pipeline_POOL_CHANNEL_POOL_ROW_POOL_COL.
WARNING: [Synth 8-3332] Sequential element (mul_32ns_32ns_63_2_1_U37/dout_reg[38]) is unused and will be removed from module lenet_w8a8_top_lenet_w8a8_top_Pipeline_POOL_CHANNEL_POOL_ROW_POOL_COL.
WARNING: [Synth 8-3332] Sequential element (mul_32ns_32ns_63_2_1_U37/dout_reg[37]) is unused and will be removed from module lenet_w8a8_top_lenet_w8a8_top_Pipeline_POOL_CHANNEL_POOL_ROW_POOL_COL.
WARNING: [Synth 8-3332] Sequential element (mul_32ns_32ns_63_2_1_U37/dout_reg[36]) is unused and will be removed from module lenet_w8a8_top_lenet_w8a8_top_Pipeline_POOL_CHANNEL_POOL_ROW_POOL_COL.
WARNING: [Synth 8-3332] Sequential element (mul_32ns_32ns_63_2_1_U37/dout_reg[35]) is unused and will be removed from module lenet_w8a8_top_lenet_w8a8_top_Pipeline_POOL_CHANNEL_POOL_ROW_POOL_COL.
WARNING: [Synth 8-3332] Sequential element (mul_32ns_32ns_63_2_1_U37/dout_reg[34]) is unused and will be removed from module lenet_w8a8_top_lenet_w8a8_top_Pipeline_POOL_CHANNEL_POOL_ROW_POOL_COL.
WARNING: [Synth 8-3332] Sequential element (mul_32ns_32ns_63_2_1_U37/dout_reg[33]) is unused and will be removed from module lenet_w8a8_top_lenet_w8a8_top_Pipeline_POOL_CHANNEL_POOL_ROW_POOL_COL.
WARNING: [Synth 8-3332] Sequential element (mul_32ns_32ns_63_2_1_U37/dout_reg[32]) is unused and will be removed from module lenet_w8a8_top_lenet_w8a8_top_Pipeline_POOL_CHANNEL_POOL_ROW_POOL_COL.
WARNING: [Synth 8-3332] Sequential element (mul_32ns_32ns_63_2_1_U37/dout_reg[31]) is unused and will be removed from module lenet_w8a8_top_lenet_w8a8_top_Pipeline_POOL_CHANNEL_POOL_ROW_POOL_COL.
WARNING: [Synth 8-3332] Sequential element (mul_32ns_32ns_63_2_1_U37/dout_reg[30]) is unused and will be removed from module lenet_w8a8_top_lenet_w8a8_top_Pipeline_POOL_CHANNEL_POOL_ROW_POOL_COL.
WARNING: [Synth 8-3332] Sequential element (mul_32ns_32ns_63_2_1_U37/dout_reg[29]) is unused and will be removed from module lenet_w8a8_top_lenet_w8a8_top_Pipeline_POOL_CHANNEL_POOL_ROW_POOL_COL.
WARNING: [Synth 8-3332] Sequential element (mul_32ns_32ns_63_2_1_U37/dout_reg[28]) is unused and will be removed from module lenet_w8a8_top_lenet_w8a8_top_Pipeline_POOL_CHANNEL_POOL_ROW_POOL_COL.
WARNING: [Synth 8-3332] Sequential element (mul_32ns_32ns_63_2_1_U37/dout_reg[27]) is unused and will be removed from module lenet_w8a8_top_lenet_w8a8_top_Pipeline_POOL_CHANNEL_POOL_ROW_POOL_COL.
WARNING: [Synth 8-3332] Sequential element (mul_32ns_32ns_63_2_1_U37/dout_reg[26]) is unused and will be removed from module lenet_w8a8_top_lenet_w8a8_top_Pipeline_POOL_CHANNEL_POOL_ROW_POOL_COL.
WARNING: [Synth 8-3332] Sequential element (mul_32ns_32ns_63_2_1_U37/dout_reg[25]) is unused and will be removed from module lenet_w8a8_top_lenet_w8a8_top_Pipeline_POOL_CHANNEL_POOL_ROW_POOL_COL.
WARNING: [Synth 8-3332] Sequential element (mul_32ns_32ns_63_2_1_U37/dout_reg[24]) is unused and will be removed from module lenet_w8a8_top_lenet_w8a8_top_Pipeline_POOL_CHANNEL_POOL_ROW_POOL_COL.
WARNING: [Synth 8-3332] Sequential element (mul_32ns_32ns_63_2_1_U37/dout_reg[23]) is unused and will be removed from module lenet_w8a8_top_lenet_w8a8_top_Pipeline_POOL_CHANNEL_POOL_ROW_POOL_COL.
WARNING: [Synth 8-3332] Sequential element (mul_32ns_32ns_63_2_1_U37/dout_reg[22]) is unused and will be removed from module lenet_w8a8_top_lenet_w8a8_top_Pipeline_POOL_CHANNEL_POOL_ROW_POOL_COL.
WARNING: [Synth 8-3332] Sequential element (mul_32ns_32ns_63_2_1_U37/dout_reg[21]) is unused and will be removed from module lenet_w8a8_top_lenet_w8a8_top_Pipeline_POOL_CHANNEL_POOL_ROW_POOL_COL.
WARNING: [Synth 8-3332] Sequential element (mul_32ns_32ns_63_2_1_U37/dout_reg[20]) is unused and will be removed from module lenet_w8a8_top_lenet_w8a8_top_Pipeline_POOL_CHANNEL_POOL_ROW_POOL_COL.
WARNING: [Synth 8-3332] Sequential element (mul_32ns_32ns_63_2_1_U37/dout_reg[19]) is unused and will be removed from module lenet_w8a8_top_lenet_w8a8_top_Pipeline_POOL_CHANNEL_POOL_ROW_POOL_COL.
WARNING: [Synth 8-3332] Sequential element (mul_32ns_32ns_63_2_1_U37/dout_reg[18]) is unused and will be removed from module lenet_w8a8_top_lenet_w8a8_top_Pipeline_POOL_CHANNEL_POOL_ROW_POOL_COL.
WARNING: [Synth 8-3332] Sequential element (mul_32ns_32ns_63_2_1_U37/dout_reg[17]) is unused and will be removed from module lenet_w8a8_top_lenet_w8a8_top_Pipeline_POOL_CHANNEL_POOL_ROW_POOL_COL.
WARNING: [Synth 8-3332] Sequential element (mul_32ns_32ns_63_2_1_U37/dout_reg[47]__0) is unused and will be removed from module lenet_w8a8_top_lenet_w8a8_top_Pipeline_POOL_CHANNEL_POOL_ROW_POOL_COL.
WARNING: [Synth 8-3332] Sequential element (mul_32ns_32ns_63_2_1_U37/dout_reg[46]__0) is unused and will be removed from module lenet_w8a8_top_lenet_w8a8_top_Pipeline_POOL_CHANNEL_POOL_ROW_POOL_COL.
WARNING: [Synth 8-3332] Sequential element (mul_32ns_32ns_63_2_1_U37/dout_reg[45]__0) is unused and will be removed from module lenet_w8a8_top_lenet_w8a8_top_Pipeline_POOL_CHANNEL_POOL_ROW_POOL_COL.
WARNING: [Synth 8-3332] Sequential element (mul_32ns_32ns_63_2_1_U37/dout_reg[44]__0) is unused and will be removed from module lenet_w8a8_top_lenet_w8a8_top_Pipeline_POOL_CHANNEL_POOL_ROW_POOL_COL.
WARNING: [Synth 8-3332] Sequential element (mul_32ns_32ns_63_2_1_U37/dout_reg[43]__0) is unused and will be removed from module lenet_w8a8_top_lenet_w8a8_top_Pipeline_POOL_CHANNEL_POOL_ROW_POOL_COL.
WARNING: [Synth 8-3332] Sequential element (mul_32ns_32ns_63_2_1_U37/dout_reg[42]__0) is unused and will be removed from module lenet_w8a8_top_lenet_w8a8_top_Pipeline_POOL_CHANNEL_POOL_ROW_POOL_COL.
WARNING: [Synth 8-3332] Sequential element (mul_32ns_32ns_63_2_1_U37/dout_reg[41]__0) is unused and will be removed from module lenet_w8a8_top_lenet_w8a8_top_Pipeline_POOL_CHANNEL_POOL_ROW_POOL_COL.
INFO: [Common 17-14] Message 'Synth 8-3332' appears 100 times and further instances of the messages will be disabled. Use the Tcl command set_msg_config to change the current settings.
---------------------------------------------------------------------------------
Finished Cross Boundary and Area Optimization : Time (s): cpu = 00:00:38 ; elapsed = 00:00:39 . Memory (MB): peak = 2191.781 ; gain = 747.840
---------------------------------------------------------------------------------
---------------------------------------------------------------------------------
Start ROM, RAM, DSP, Shift Register and Retiming Reporting
---------------------------------------------------------------------------------

Block RAM: Preliminary Mapping Report (see note below)
+-------------------+------------------------------------------+------------------------+---+---+------------------------+---+---+------------------+--------+--------+
|Module Name        | RTL Object                               | PORT A (Depth x Width) | W | R | PORT B (Depth x Width) | W | R | Ports driving FF | RAMB18 | RAMB36 | 
+-------------------+------------------------------------------+------------------------+---+---+------------------------+---+---+------------------+--------+--------+
|inst               | conv1_acc_V_U/ram0_reg                   | 4 K x 20(READ_FIRST)   | W | R | 4 K x 20(WRITE_FIRST)  |   | R | Port A and B     | 0      | 5      | 
|inst               | conv1_acc_V_U/ram1_reg                   | 4 K x 20(READ_FIRST)   | W |   | 4 K x 20(WRITE_FIRST)  |   | R | Port A and B     | 0      | 5      | 
|inst               | conv1_acc_V_U/ram2_reg                   | 4 K x 20(READ_FIRST)   | W |   | 4 K x 20(WRITE_FIRST)  |   | R | Port A and B     | 0      | 5      | 
|inst               | pool1_V_U/ram_reg                        | 1 K x 8(READ_FIRST)    | W | R |                        |   |   | Port A           | 1      | 0      | 
|inst               | conv2_acc_V_U/ram0_reg                   | 1 K x 23(READ_FIRST)   | W | R | 1 K x 23(WRITE_FIRST)  |   | R | Port A and B     | 1      | 1      | 
|inst               | conv2_acc_V_U/ram1_reg                   | 1 K x 23(READ_FIRST)   | W |   | 1 K x 23(WRITE_FIRST)  |   | R | Port A and B     | 1      | 1      | 
|inst               | conv2_acc_V_U/ram2_reg                   | 1 K x 23(READ_FIRST)   | W |   | 1 K x 23(WRITE_FIRST)  |   | R | Port A and B     | 1      | 1      | 
|inst               | pool2_V_U/ram_reg                        | 400 x 8(READ_FIRST)    | W | R |                        |   |   | Port A           | 1      | 0      | 
|inst               | conv3_acc_V_U/ram_reg                    | 120 x 24(READ_FIRST)   | W | R |                        |   |   | Port A           | 1      | 0      | 
|inst               | conv3_relu_V_U/ram_reg                   | 120 x 8(READ_FIRST)    | W | R |                        |   |   | Port A           | 1      | 0      | 
|inst               | fc1_acc_V_U/ram_reg                      | 84 x 22(READ_FIRST)    | W | R |                        |   |   | Port A           | 1      | 0      | 
|inst               | fc1_relu_V_U/ram_reg                     | 84 x 8(READ_FIRST)     | W | R |                        |   |   | Port A           | 1      | 0      | 
|inst/gmem0_m_axi_U | load_unit/buff_rdata/U_fifo_mem/mem_reg  | 255 x 34(READ_FIRST)   | W |   | 255 x 34(WRITE_FIRST)  |   | R | Port A and B     | 1      | 0      | 
|inst/gmem1_m_axi_U | load_unit/buff_rdata/U_fifo_mem/mem_reg  | 255 x 34(READ_FIRST)   | W |   | 255 x 34(WRITE_FIRST)  |   | R | Port A and B     | 1      | 0      | 
|inst/gmem2_m_axi_U | store_unit/buff_wdata/U_fifo_mem/mem_reg | 15 x 36(READ_FIRST)    | W |   | 15 x 36(WRITE_FIRST)   |   | R | Port A and B     | 1      | 0      | 
+-------------------+------------------------------------------+------------------------+---+---+------------------------+---+---+------------------+--------+--------+

Note: The table above is a preliminary report that shows the Block RAMs at the current stage of the synthesis flow. Some Block RAMs may be reimplemented as non Block RAM primitives later in the synthesis flow. Multiple instantiated Block RAMs are reported only once. 

DSP: Preliminary Mapping Report (see note below. The ' indicates corresponding REG is set)
+-----------------------------------------------------------------------+--------------------------+--------+--------+--------+--------+--------+------+------+------+------+-------+------+------+
|Module Name                                                            | DSP Mapping              | A Size | B Size | C Size | D Size | P Size | AREG | BREG | CREG | DREG | ADREG | MREG | PREG | 
+-----------------------------------------------------------------------+--------------------------+--------+--------+--------+--------+--------+------+------+------+------+-------+------+------+
|lenet_w8a8_top_lenet_w8a8_top_Pipeline_OUT_CHANNEL_OUT_ROW_OUT_COL     | (A''*B'')'               | 9      | 9      | -      | -      | 18     | 2    | 2    | -    | -    | -     | 1    | 0    | 
|lenet_w8a8_top_lenet_w8a8_top_Pipeline_OUT_CHANNEL_OUT_ROW_OUT_COL     | (PCIN+(A2*B2)')'         | 8      | 8      | -      | -      | 17     | 1    | 1    | -    | -    | -     | 1    | 1    | 
|lenet_w8a8_top_lenet_w8a8_top_Pipeline_OUT_CHANNEL_OUT_ROW_OUT_COL     | (PCIN+(A''*B'')')'       | 9      | 9      | -      | -      | 17     | 2    | 2    | -    | -    | -     | 1    | 1    | 
|lenet_w8a8_top_lenet_w8a8_top_Pipeline_OUT_CHANNEL_OUT_ROW_OUT_COL     | (A''*B'')'               | 9      | 9      | -      | -      | 18     | 2    | 2    | -    | -    | -     | 1    | 0    | 
|lenet_w8a8_top_lenet_w8a8_top_Pipeline_OUT_CHANNEL_OUT_ROW_OUT_COL     | (PCIN+(A2*B2)')'         | 8      | 8      | -      | -      | 17     | 1    | 1    | -    | -    | -     | 1    | 1    | 
|lenet_w8a8_top_lenet_w8a8_top_Pipeline_OUT_CHANNEL_OUT_ROW_OUT_COL     | (PCIN+(A''*B'')')'       | 9      | 9      | -      | -      | 17     | 2    | 2    | -    | -    | -     | 1    | 1    | 
|lenet_w8a8_top_lenet_w8a8_top_Pipeline_OUT_CHANNEL_OUT_ROW_OUT_COL     | (A''*B'')'               | 9      | 9      | -      | -      | 18     | 2    | 2    | -    | -    | -     | 1    | 0    | 
|lenet_w8a8_top_lenet_w8a8_top_Pipeline_OUT_CHANNEL_OUT_ROW_OUT_COL     | (PCIN+(A2*B2)')'         | 8      | 8      | -      | -      | 17     | 1    | 1    | -    | -    | -     | 1    | 1    | 
|lenet_w8a8_top_lenet_w8a8_top_Pipeline_OUT_CHANNEL_OUT_ROW_OUT_COL     | (A''*B'')'               | 9      | 9      | -      | -      | 18     | 2    | 2    | -    | -    | -     | 1    | 0    | 
|lenet_w8a8_top_lenet_w8a8_top_Pipeline_OUT_CHANNEL_OUT_ROW_OUT_COL     | (PCIN+(A2*B2)')'         | 8      | 8      | -      | -      | 17     | 1    | 1    | -    | -    | -     | 1    | 1    | 
|lenet_w8a8_top_lenet_w8a8_top_Pipeline_OUT_CHANNEL_OUT_ROW_OUT_COL     | (PCIN+(A''*B'')')'       | 9      | 9      | -      | -      | 17     | 2    | 2    | -    | -    | -     | 1    | 1    | 
|lenet_w8a8_top_lenet_w8a8_top_Pipeline_OUT_CHANNEL_OUT_ROW_OUT_COL     | (A''*B'')'               | 9      | 9      | -      | -      | 18     | 2    | 2    | -    | -    | -     | 1    | 0    | 
|lenet_w8a8_top_lenet_w8a8_top_Pipeline_OUT_CHANNEL_OUT_ROW_OUT_COL     | (PCIN+(A2*B2)')'         | 8      | 8      | -      | -      | 17     | 1    | 1    | -    | -    | -     | 1    | 1    | 
|lenet_w8a8_top_lenet_w8a8_top_Pipeline_OUT_CHANNEL_OUT_ROW_OUT_COL     | (A''*B'')'               | 9      | 9      | -      | -      | 18     | 2    | 2    | -    | -    | -     | 1    | 0    | 
|lenet_w8a8_top_lenet_w8a8_top_Pipeline_OUT_CHANNEL_OUT_ROW_OUT_COL     | (PCIN+(A2*B2)')'         | 8      | 8      | -      | -      | 17     | 1    | 1    | -    | -    | -     | 1    | 1    | 
|lenet_w8a8_top_lenet_w8a8_top_Pipeline_OUT_CHANNEL_OUT_ROW_OUT_COL     | (PCIN+(A''*B'')')'       | 9      | 9      | -      | -      | 17     | 2    | 2    | -    | -    | -     | 1    | 1    | 
|lenet_w8a8_top_lenet_w8a8_top_Pipeline_OUT_CHANNEL_OUT_ROW_OUT_COL     | (A''*B'')'               | 9      | 9      | -      | -      | 18     | 2    | 2    | -    | -    | -     | 1    | 0    | 
|lenet_w8a8_top_lenet_w8a8_top_Pipeline_OUT_CHANNEL_OUT_ROW_OUT_COL     | (PCIN+(A2*B2)')'         | 8      | 8      | -      | -      | 17     | 1    | 1    | -    | -    | -     | 1    | 1    | 
|lenet_w8a8_top_lenet_w8a8_top_Pipeline_OUT_CHANNEL_OUT_ROW_OUT_COL     | (PCIN+(A''*B'')')'       | 9      | 9      | -      | -      | 17     | 2    | 2    | -    | -    | -     | 1    | 1    | 
|lenet_w8a8_top_lenet_w8a8_top_Pipeline_OUT_CHANNEL_OUT_ROW_OUT_COL     | (A''*B'')'               | 9      | 9      | -      | -      | 18     | 2    | 2    | -    | -    | -     | 1    | 0    | 
|lenet_w8a8_top_lenet_w8a8_top_Pipeline_OUT_CHANNEL_OUT_ROW_OUT_COL     | (PCIN+(A2*B2)')'         | 8      | 8      | -      | -      | 17     | 1    | 1    | -    | -    | -     | 1    | 1    | 
|lenet_w8a8_top_lenet_w8a8_top_Pipeline_OUT_CHANNEL_OUT_ROW_OUT_COL     | (PCIN+(A''*B'')')'       | 9      | 9      | -      | -      | 17     | 2    | 2    | -    | -    | -     | 1    | 1    | 
|lenet_w8a8_top_lenet_w8a8_top_Pipeline_OUT_CHANNEL_OUT_ROW_OUT_COL     | (A''*B'')'               | 9      | 9      | -      | -      | 18     | 2    | 2    | -    | -    | -     | 1    | 0    | 
|lenet_w8a8_top_lenet_w8a8_top_Pipeline_OUT_CHANNEL_OUT_ROW_OUT_COL     | (PCIN+(A2*B2)')'         | 8      | 8      | -      | -      | 17     | 1    | 1    | -    | -    | -     | 1    | 1    | 
|lenet_w8a8_top_lenet_w8a8_top_Pipeline_OUT_CHANNEL_OUT_ROW_OUT_COL     | (PCIN+(A''*B'')')'       | 9      | 9      | -      | -      | 17     | 2    | 2    | -    | -    | -     | 1    | 1    | 
|lenet_w8a8_top_lenet_w8a8_top_Pipeline_POOL_CHANNEL_POOL_ROW_POOL_COL  | (A:0xa5d3)*B2            | 16     | 17     | -      | -      | 48     | 1    | 0    | -    | -    | -     | 0    | 0    | 
|lenet_w8a8_top_lenet_w8a8_top_Pipeline_POOL_CHANNEL_POOL_ROW_POOL_COL  | (PCIN>>17)+A2*B          | 16     | 15     | -      | -      | 48     | 1    | 0    | -    | -    | -     | 0    | 1    | 
|lenet_w8a8_top_lenet_w8a8_top_Pipeline_POOL_CHANNEL_POOL_ROW_POOL_COL  | A2*(B:0xa5d3)            | 18     | 17     | -      | -      | 48     | 1    | 0    | -    | -    | -     | 0    | 0    | 
|lenet_w8a8_top_lenet_w8a8_top_Pipeline_POOL_CHANNEL_POOL_ROW_POOL_COL  | (PCIN>>17)+A2*B          | 18     | 15     | -      | -      | 48     | 1    | 0    | -    | -    | -     | 0    | 1    | 
|lenet_w8a8_top_lenet_w8a8_top_Pipeline_POOL_CHANNEL_POOL_ROW_POOL_COL  | (A:0xa5d3)*B2            | 16     | 17     | -      | -      | 48     | 1    | 0    | -    | -    | -     | 0    | 0    | 
|lenet_w8a8_top_lenet_w8a8_top_Pipeline_POOL_CHANNEL_POOL_ROW_POOL_COL  | (PCIN>>17)+A2*B          | 16     | 15     | -      | -      | 48     | 1    | 0    | -    | -    | -     | 0    | 1    | 
|lenet_w8a8_top_lenet_w8a8_top_Pipeline_POOL_CHANNEL_POOL_ROW_POOL_COL  | A2*(B:0xa5d3)            | 18     | 17     | -      | -      | 48     | 1    | 0    | -    | -    | -     | 0    | 0    | 
|lenet_w8a8_top_lenet_w8a8_top_Pipeline_POOL_CHANNEL_POOL_ROW_POOL_COL  | (PCIN>>17)+A2*B          | 18     | 15     | -      | -      | 48     | 1    | 0    | -    | -    | -     | 0    | 1    | 
|lenet_w8a8_top_lenet_w8a8_top_Pipeline_POOL_CHANNEL_POOL_ROW_POOL_COL  | (A:0xa5d3)*B2            | 16     | 17     | -      | -      | 48     | 1    | 0    | -    | -    | -     | 0    | 0    | 
|lenet_w8a8_top_lenet_w8a8_top_Pipeline_POOL_CHANNEL_POOL_ROW_POOL_COL  | (PCIN>>17)+A2*B          | 16     | 15     | -      | -      | 48     | 1    | 0    | -    | -    | -     | 0    | 1    | 
|lenet_w8a8_top_lenet_w8a8_top_Pipeline_POOL_CHANNEL_POOL_ROW_POOL_COL  | A2*(B:0xa5d3)            | 18     | 17     | -      | -      | 48     | 1    | 0    | -    | -    | -     | 0    | 0    | 
|lenet_w8a8_top_lenet_w8a8_top_Pipeline_POOL_CHANNEL_POOL_ROW_POOL_COL  | (PCIN>>17)+A2*B          | 18     | 15     | -      | -      | 48     | 1    | 0    | -    | -    | -     | 0    | 1    | 
|lenet_w8a8_top_lenet_w8a8_top_Pipeline_POOL_CHANNEL_POOL_ROW_POOL_COL  | (A:0xa5d3)*B2            | 16     | 17     | -      | -      | 48     | 1    | 0    | -    | -    | -     | 0    | 0    | 
|lenet_w8a8_top_lenet_w8a8_top_Pipeline_POOL_CHANNEL_POOL_ROW_POOL_COL  | (PCIN>>17)+A2*B          | 16     | 15     | -      | -      | 48     | 1    | 0    | -    | -    | -     | 0    | 1    | 
|lenet_w8a8_top_lenet_w8a8_top_Pipeline_POOL_CHANNEL_POOL_ROW_POOL_COL  | A2*(B:0xa5d3)            | 18     | 17     | -      | -      | 48     | 1    | 0    | -    | -    | -     | 0    | 0    | 
|lenet_w8a8_top_lenet_w8a8_top_Pipeline_POOL_CHANNEL_POOL_ROW_POOL_COL  | (PCIN>>17)+A2*B          | 18     | 15     | -      | -      | 48     | 1    | 0    | -    | -    | -     | 0    | 1    | 
|lenet_w8a8_top_lenet_w8a8_top_Pipeline_POOL_CHANNEL_POOL_ROW_POOL_COL1 | (A:0x1fcad)*B2           | 18     | 16     | -      | -      | 48     | 0    | 1    | -    | -    | -     | 0    | 0    | 
|lenet_w8a8_top_lenet_w8a8_top_Pipeline_POOL_CHANNEL_POOL_ROW_POOL_COL1 | (PCIN>>17)+A2*B          | 16     | 16     | -      | -      | 48     | 1    | 0    | -    | -    | -     | 0    | 1    | 
|lenet_w8a8_top_lenet_w8a8_top_Pipeline_POOL_CHANNEL_POOL_ROW_POOL_COL1 | A2*(B:0x1fcad)           | 18     | 18     | -      | -      | 48     | 1    | 0    | -    | -    | -     | 0    | 0    | 
|lenet_w8a8_top_lenet_w8a8_top_Pipeline_POOL_CHANNEL_POOL_ROW_POOL_COL1 | (PCIN>>17)+A2*B          | 18     | 16     | -      | -      | 48     | 1    | 0    | -    | -    | -     | 0    | 1    | 
|lenet_w8a8_top_lenet_w8a8_top_Pipeline_POOL_CHANNEL_POOL_ROW_POOL_COL1 | (A:0x1fcad)*B2           | 18     | 16     | -      | -      | 48     | 0    | 1    | -    | -    | -     | 0    | 0    | 
|lenet_w8a8_top_lenet_w8a8_top_Pipeline_POOL_CHANNEL_POOL_ROW_POOL_COL1 | (PCIN>>17)+A2*B          | 16     | 16     | -      | -      | 48     | 1    | 0    | -    | -    | -     | 0    | 1    | 
|lenet_w8a8_top_lenet_w8a8_top_Pipeline_POOL_CHANNEL_POOL_ROW_POOL_COL1 | A2*(B:0x1fcad)           | 18     | 18     | -      | -      | 48     | 1    | 0    | -    | -    | -     | 0    | 0    | 
|lenet_w8a8_top_lenet_w8a8_top_Pipeline_POOL_CHANNEL_POOL_ROW_POOL_COL1 | (PCIN>>17)+A2*B          | 18     | 16     | -      | -      | 48     | 1    | 0    | -    | -    | -     | 0    | 1    | 
|lenet_w8a8_top_lenet_w8a8_top_Pipeline_POOL_CHANNEL_POOL_ROW_POOL_COL1 | (A:0x1fcad)*B2           | 18     | 16     | -      | -      | 48     | 0    | 1    | -    | -    | -     | 0    | 0    | 
|lenet_w8a8_top_lenet_w8a8_top_Pipeline_POOL_CHANNEL_POOL_ROW_POOL_COL1 | (PCIN>>17)+A2*B          | 16     | 16     | -      | -      | 48     | 1    | 0    | -    | -    | -     | 0    | 1    | 
|lenet_w8a8_top_lenet_w8a8_top_Pipeline_POOL_CHANNEL_POOL_ROW_POOL_COL1 | A2*(B:0x1fcad)           | 18     | 18     | -      | -      | 48     | 1    | 0    | -    | -    | -     | 0    | 0    | 
|lenet_w8a8_top_lenet_w8a8_top_Pipeline_POOL_CHANNEL_POOL_ROW_POOL_COL1 | (PCIN>>17)+A2*B          | 18     | 16     | -      | -      | 48     | 1    | 0    | -    | -    | -     | 0    | 1    | 
|lenet_w8a8_top_mac_muladd_8s_8s_23s_23_4_1_DSP48_2                     | (P or C)+(A''*B2)'       | 9      | 9      | 23     | -      | 23     | 2    | 1    | 0    | -    | -     | 1    | 1    | 
|lenet_w8a8_top_mac_muladd_8s_8s_24s_24_4_1_DSP48_3                     | (P or C)+(A''*B2)'       | 9      | 9      | 24     | -      | 24     | 2    | 1    | 0    | -    | -     | 1    | 1    | 
|lenet_w8a8_top_mac_muladd_8s_8s_22s_22_4_1_DSP48_4                     | (0 or C)+(A''*B2)'       | 9      | 9      | 22     | -      | 22     | 2    | 1    | 0    | -    | -     | 1    | 1    | 
|lenet_w8a8_top_lenet_w8a8_top_Pipeline_REQUANT_VECTOR3                 | A2*(B:0x43fd)            | 16     | 16     | -      | -      | 48     | 1    | 0    | -    | -    | -     | 0    | 0    | 
|lenet_w8a8_top_lenet_w8a8_top_Pipeline_REQUANT_VECTOR3                 | (PCIN>>17)+A*B2          | 17     | 16     | -      | -      | 48     | 0    | 1    | -    | -    | -     | 0    | 1    | 
|lenet_w8a8_top_lenet_w8a8_top_Pipeline_REQUANT_VECTOR3                 | A2*(B:0x43fd)            | 18     | 16     | -      | -      | 48     | 1    | 0    | -    | -    | -     | 0    | 0    | 
|lenet_w8a8_top_lenet_w8a8_top_Pipeline_REQUANT_VECTOR3                 | (PCIN>>17)+A2*B          | 18     | 17     | -      | -      | 48     | 1    | 0    | -    | -    | -     | 0    | 1    | 
|lenet_w8a8_top_mac_muladd_8s_8s_22s_22_4_1_DSP48_4                     | (P or C)+(A''*B2)'       | 9      | 9      | 22     | -      | 22     | 2    | 1    | 0    | -    | -     | 1    | 1    | 
|lenet_w8a8_top_mac_muladd_5ns_8ns_8ns_12_4_1_DSP48_5                   | (C:0x96)+(A2*(B:0x96)')' | 12     | 12     | 9      | -      | 12     | 1    | 1    | 0    | -    | -     | 1    | 1    | 
|lenet_w8a8_top                                                         | A*B                      | 18     | 16     | -      | -      | 48     | 0    | 0    | -    | -    | -     | 0    | 0    | 
|lenet_w8a8_top                                                         | (PCIN>>17)+A*B           | 17     | 16     | -      | -      | 48     | 0    | 0    | -    | -    | -     | 0    | 1    | 
|lenet_w8a8_top                                                         | A*B                      | 18     | 18     | -      | -      | 48     | 0    | 0    | -    | -    | -     | 0    | 0    | 
|lenet_w8a8_top                                                         | (PCIN>>17)+A*B           | 18     | 17     | -      | -      | 48     | 0    | 0    | -    | -    | -     | 0    | 1    | 
+-----------------------------------------------------------------------+--------------------------+--------+--------+--------+--------+--------+------+------+------+------+-------+------+------+

Note: The table above is a preliminary report that shows the DSPs inferred at the current stage of the synthesis flow. Some DSP may be reimplemented as non DSP primitives later in the synthesis flow. Multiple instantiated DSPs are reported only once.
---------------------------------------------------------------------------------
Finished ROM, RAM, DSP, Shift Register and Retiming Reporting
---------------------------------------------------------------------------------
---------------------------------------------------------------------------------
Start Applying XDC Timing Constraints
---------------------------------------------------------------------------------
---------------------------------------------------------------------------------
Finished Applying XDC Timing Constraints : Time (s): cpu = 00:00:43 ; elapsed = 00:00:44 . Memory (MB): peak = 2191.781 ; gain = 747.840
---------------------------------------------------------------------------------
---------------------------------------------------------------------------------
Start Timing Optimization
---------------------------------------------------------------------------------
---------------------------------------------------------------------------------
Finished Timing Optimization : Time (s): cpu = 00:00:46 ; elapsed = 00:00:47 . Memory (MB): peak = 2191.781 ; gain = 747.840
---------------------------------------------------------------------------------
---------------------------------------------------------------------------------
Start ROM, RAM, DSP, Shift Register and Retiming Reporting
---------------------------------------------------------------------------------

Block RAM: Final Mapping Report
+-------------------+------------------------------------------+------------------------+---+---+------------------------+---+---+------------------+--------+--------+
|Module Name        | RTL Object                               | PORT A (Depth x Width) | W | R | PORT B (Depth x Width) | W | R | Ports driving FF | RAMB18 | RAMB36 | 
+-------------------+------------------------------------------+------------------------+---+---+------------------------+---+---+------------------+--------+--------+
|inst               | conv1_acc_V_U/ram0_reg                   | 4 K x 20(READ_FIRST)   | W | R | 4 K x 20(WRITE_FIRST)  |   | R | Port A and B     | 0      | 5      | 
|inst               | conv1_acc_V_U/ram1_reg                   | 4 K x 20(READ_FIRST)   | W |   | 4 K x 20(WRITE_FIRST)  |   | R | Port A and B     | 0      | 5      | 
|inst               | conv1_acc_V_U/ram2_reg                   | 4 K x 20(READ_FIRST)   | W |   | 4 K x 20(WRITE_FIRST)  |   | R | Port A and B     | 0      | 5      | 
|inst               | pool1_V_U/ram_reg                        | 1 K x 8(READ_FIRST)    | W | R |                        |   |   | Port A           | 1      | 0      | 
|inst               | conv2_acc_V_U/ram0_reg                   | 1 K x 23(READ_FIRST)   | W | R | 1 K x 23(WRITE_FIRST)  |   | R | Port A and B     | 1      | 1      | 
|inst               | conv2_acc_V_U/ram1_reg                   | 1 K x 23(READ_FIRST)   | W |   | 1 K x 23(WRITE_FIRST)  |   | R | Port A and B     | 1      | 1      | 
|inst               | conv2_acc_V_U/ram2_reg                   | 1 K x 23(READ_FIRST)   | W |   | 1 K x 23(WRITE_FIRST)  |   | R | Port A and B     | 1      | 1      | 
|inst               | pool2_V_U/ram_reg                        | 400 x 8(READ_FIRST)    | W | R |                        |   |   | Port A           | 1      | 0      | 
|inst               | conv3_acc_V_U/ram_reg                    | 120 x 24(READ_FIRST)   | W | R |                        |   |   | Port A           | 1      | 0      | 
|inst               | conv3_relu_V_U/ram_reg                   | 120 x 8(READ_FIRST)    | W | R |                        |   |   | Port A           | 1      | 0      | 
|inst               | fc1_acc_V_U/ram_reg                      | 84 x 22(READ_FIRST)    | W | R |                        |   |   | Port A           | 1      | 0      | 
|inst               | fc1_relu_V_U/ram_reg                     | 84 x 8(READ_FIRST)     | W | R |                        |   |   | Port A           | 1      | 0      | 
|inst/gmem0_m_axi_U | load_unit/buff_rdata/U_fifo_mem/mem_reg  | 255 x 34(READ_FIRST)   | W |   | 255 x 34(WRITE_FIRST)  |   | R | Port A and B     | 1      | 0      | 
|inst/gmem1_m_axi_U | load_unit/buff_rdata/U_fifo_mem/mem_reg  | 255 x 34(READ_FIRST)   | W |   | 255 x 34(WRITE_FIRST)  |   | R | Port A and B     | 1      | 0      | 
|inst/gmem2_m_axi_U | store_unit/buff_wdata/U_fifo_mem/mem_reg | 15 x 36(READ_FIRST)    | W |   | 15 x 36(WRITE_FIRST)   |   | R | Port A and B     | 1      | 0      | 
+-------------------+------------------------------------------+------------------------+---+---+------------------------+---+---+------------------+--------+--------+

---------------------------------------------------------------------------------
Finished ROM, RAM, DSP, Shift Register and Retiming Reporting
---------------------------------------------------------------------------------
---------------------------------------------------------------------------------
Start Technology Mapping
---------------------------------------------------------------------------------
INFO: [Synth 8-7052] The timing for the instance inst/conv1_acc_V_U/ram0_reg_0 (implemented as a Block RAM) might be sub-optimal as no optional output register could be merged into the ram block. Providing additional output register may help in improving timing.
INFO: [Synth 8-7052] The timing for the instance inst/conv1_acc_V_U/ram0_reg_0 (implemented as a Block RAM) might be sub-optimal as no optional output register could be merged into the ram block. Providing additional output register may help in improving timing.
INFO: [Synth 8-7052] The timing for the instance inst/conv1_acc_V_U/ram0_reg_1 (implemented as a Block RAM) might be sub-optimal as no optional output register could be merged into the ram block. Providing additional output register may help in improving timing.
INFO: [Synth 8-7052] The timing for the instance inst/conv1_acc_V_U/ram0_reg_1 (implemented as a Block RAM) might be sub-optimal as no optional output register could be merged into the ram block. Providing additional output register may help in improving timing.
INFO: [Synth 8-7052] The timing for the instance inst/conv1_acc_V_U/ram0_reg_2 (implemented as a Block RAM) might be sub-optimal as no optional output register could be merged into the ram block. Providing additional output register may help in improving timing.
INFO: [Synth 8-7052] The timing for the instance inst/conv1_acc_V_U/ram0_reg_2 (implemented as a Block RAM) might be sub-optimal as no optional output register could be merged into the ram block. Providing additional output register may help in improving timing.
INFO: [Synth 8-7052] The timing for the instance inst/conv1_acc_V_U/ram0_reg_3 (implemented as a Block RAM) might be sub-optimal as no optional output register could be merged into the ram block. Providing additional output register may help in improving timing.
INFO: [Synth 8-7052] The timing for the instance inst/conv1_acc_V_U/ram0_reg_3 (implemented as a Block RAM) might be sub-optimal as no optional output register could be merged into the ram block. Providing additional output register may help in improving timing.
INFO: [Synth 8-7052] The timing for the instance inst/conv1_acc_V_U/ram0_reg_4 (implemented as a Block RAM) might be sub-optimal as no optional output register could be merged into the ram block. Providing additional output register may help in improving timing.
INFO: [Synth 8-7052] The timing for the instance inst/conv1_acc_V_U/ram0_reg_4 (implemented as a Block RAM) might be sub-optimal as no optional output register could be merged into the ram block. Providing additional output register may help in improving timing.
INFO: [Synth 8-7052] The timing for the instance inst/conv1_acc_V_U/ram1_reg_0 (implemented as a Block RAM) might be sub-optimal as no optional output register could be merged into the ram block. Providing additional output register may help in improving timing.
INFO: [Synth 8-7052] The timing for the instance inst/conv1_acc_V_U/ram1_reg_1 (implemented as a Block RAM) might be sub-optimal as no optional output register could be merged into the ram block. Providing additional output register may help in improving timing.
INFO: [Synth 8-7052] The timing for the instance inst/conv1_acc_V_U/ram1_reg_2 (implemented as a Block RAM) might be sub-optimal as no optional output register could be merged into the ram block. Providing additional output register may help in improving timing.
INFO: [Synth 8-7052] The timing for the instance inst/conv1_acc_V_U/ram1_reg_3 (implemented as a Block RAM) might be sub-optimal as no optional output register could be merged into the ram block. Providing additional output register may help in improving timing.
INFO: [Synth 8-7052] The timing for the instance inst/conv1_acc_V_U/ram1_reg_4 (implemented as a Block RAM) might be sub-optimal as no optional output register could be merged into the ram block. Providing additional output register may help in improving timing.
INFO: [Synth 8-7052] The timing for the instance inst/conv1_acc_V_U/ram2_reg_0 (implemented as a Block RAM) might be sub-optimal as no optional output register could be merged into the ram block. Providing additional output register may help in improving timing.
INFO: [Synth 8-7052] The timing for the instance inst/conv1_acc_V_U/ram2_reg_1 (implemented as a Block RAM) might be sub-optimal as no optional output register could be merged into the ram block. Providing additional output register may help in improving timing.
INFO: [Synth 8-7052] The timing for the instance inst/conv1_acc_V_U/ram2_reg_2 (implemented as a Block RAM) might be sub-optimal as no optional output register could be merged into the ram block. Providing additional output register may help in improving timing.
INFO: [Synth 8-7052] The timing for the instance inst/conv1_acc_V_U/ram2_reg_3 (implemented as a Block RAM) might be sub-optimal as no optional output register could be merged into the ram block. Providing additional output register may help in improving timing.
INFO: [Synth 8-7052] The timing for the instance inst/conv1_acc_V_U/ram2_reg_4 (implemented as a Block RAM) might be sub-optimal as no optional output register could be merged into the ram block. Providing additional output register may help in improving timing.
INFO: [Synth 8-7052] The timing for the instance inst/pool1_V_U/ram_reg (implemented as a Block RAM) might be sub-optimal as no optional output register could be merged into the ram block. Providing additional output register may help in improving timing.
INFO: [Synth 8-7052] The timing for the instance inst/conv2_acc_V_U/ram0_reg_0 (implemented as a Block RAM) might be sub-optimal as no optional output register could be merged into the ram block. Providing additional output register may help in improving timing.
INFO: [Synth 8-7052] The timing for the instance inst/conv2_acc_V_U/ram0_reg_0 (implemented as a Block RAM) might be sub-optimal as no optional output register could be merged into the ram block. Providing additional output register may help in improving timing.
INFO: [Synth 8-7052] The timing for the instance inst/conv2_acc_V_U/ram0_reg_1 (implemented as a Block RAM) might be sub-optimal as no optional output register could be merged into the ram block. Providing additional output register may help in improving timing.
INFO: [Synth 8-7052] The timing for the instance inst/conv2_acc_V_U/ram0_reg_1 (implemented as a Block RAM) might be sub-optimal as no optional output register could be merged into the ram block. Providing additional output register may help in improving timing.
INFO: [Synth 8-7052] The timing for the instance inst/conv2_acc_V_U/ram1_reg_0 (implemented as a Block RAM) might be sub-optimal as no optional output register could be merged into the ram block. Providing additional output register may help in improving timing.
INFO: [Synth 8-7052] The timing for the instance inst/conv2_acc_V_U/ram1_reg_1 (implemented as a Block RAM) might be sub-optimal as no optional output register could be merged into the ram block. Providing additional output register may help in improving timing.
INFO: [Synth 8-7052] The timing for the instance inst/pool2_V_U/ram_reg (implemented as a Block RAM) might be sub-optimal as no optional output register could be merged into the ram block. Providing additional output register may help in improving timing.
INFO: [Synth 8-7052] The timing for the instance inst/conv3_relu_V_U/ram_reg (implemented as a Block RAM) might be sub-optimal as no optional output register could be merged into the ram block. Providing additional output register may help in improving timing.
INFO: [Synth 8-7052] The timing for the instance inst/fc1_acc_V_U/ram_reg (implemented as a Block RAM) might be sub-optimal as no optional output register could be merged into the ram block. Providing additional output register may help in improving timing.
INFO: [Synth 8-7052] The timing for the instance inst/fc1_acc_V_U/ram_reg (implemented as a Block RAM) might be sub-optimal as no optional output register could be merged into the ram block. Providing additional output register may help in improving timing.
INFO: [Synth 8-7052] The timing for the instance inst/fc1_relu_V_U/ram_reg (implemented as a Block RAM) might be sub-optimal as no optional output register could be merged into the ram block. Providing additional output register may help in improving timing.
INFO: [Synth 8-7052] The timing for the instance inst/gmem0_m_axi_U/load_unit/buff_rdata/U_fifo_mem/mem_reg (implemented as a Block RAM) might be sub-optimal as no optional output register could be merged into the ram block. Providing additional output register may help in improving timing.
INFO: [Synth 8-7052] The timing for the instance inst/gmem1_m_axi_U/load_unit/buff_rdata/U_fifo_mem/mem_reg (implemented as a Block RAM) might be sub-optimal as no optional output register could be merged into the ram block. Providing additional output register may help in improving timing.
---------------------------------------------------------------------------------
Finished Technology Mapping : Time (s): cpu = 00:00:49 ; elapsed = 00:00:51 . Memory (MB): peak = 2235.062 ; gain = 791.121
---------------------------------------------------------------------------------
---------------------------------------------------------------------------------
Start IO Insertion
---------------------------------------------------------------------------------
---------------------------------------------------------------------------------
Start Flattening Before IO Insertion
---------------------------------------------------------------------------------
---------------------------------------------------------------------------------
Finished Flattening Before IO Insertion
---------------------------------------------------------------------------------
---------------------------------------------------------------------------------
Start Final Netlist Cleanup
---------------------------------------------------------------------------------
---------------------------------------------------------------------------------
Finished Final Netlist Cleanup
---------------------------------------------------------------------------------
---------------------------------------------------------------------------------
Finished IO Insertion : Time (s): cpu = 00:00:53 ; elapsed = 00:00:55 . Memory (MB): peak = 2250.316 ; gain = 806.375
---------------------------------------------------------------------------------
---------------------------------------------------------------------------------
Start Renaming Generated Instances
---------------------------------------------------------------------------------
---------------------------------------------------------------------------------
Finished Renaming Generated Instances : Time (s): cpu = 00:00:53 ; elapsed = 00:00:55 . Memory (MB): peak = 2250.316 ; gain = 806.375
---------------------------------------------------------------------------------
---------------------------------------------------------------------------------
Start Rebuilding User Hierarchy
---------------------------------------------------------------------------------
---------------------------------------------------------------------------------
Finished Rebuilding User Hierarchy : Time (s): cpu = 00:00:54 ; elapsed = 00:00:55 . Memory (MB): peak = 2250.316 ; gain = 806.375
---------------------------------------------------------------------------------
---------------------------------------------------------------------------------
Start Renaming Generated Ports
---------------------------------------------------------------------------------
---------------------------------------------------------------------------------
Finished Renaming Generated Ports : Time (s): cpu = 00:00:54 ; elapsed = 00:00:55 . Memory (MB): peak = 2250.316 ; gain = 806.375
---------------------------------------------------------------------------------
---------------------------------------------------------------------------------
Start Handling Custom Attributes
---------------------------------------------------------------------------------
---------------------------------------------------------------------------------
Finished Handling Custom Attributes : Time (s): cpu = 00:00:54 ; elapsed = 00:00:56 . Memory (MB): peak = 2250.348 ; gain = 806.406
---------------------------------------------------------------------------------
---------------------------------------------------------------------------------
Start Renaming Generated Nets
---------------------------------------------------------------------------------
---------------------------------------------------------------------------------
Finished Renaming Generated Nets : Time (s): cpu = 00:00:54 ; elapsed = 00:00:56 . Memory (MB): peak = 2250.348 ; gain = 806.406
---------------------------------------------------------------------------------
---------------------------------------------------------------------------------
Start ROM, RAM, DSP, Shift Register and Retiming Reporting
---------------------------------------------------------------------------------

Static Shift Register Report:
+---------------+-------------------------------------------------------------------------------------------------------------+--------+-------+--------------+--------------------+-------------------+--------+---------+
|Module Name    | RTL Name                                                                                                    | Length | Width | Reset Signal | Pull out first Reg | Pull out last Reg | SRL16E | SRLC32E | 
+---------------+-------------------------------------------------------------------------------------------------------------+--------+-------+--------------+--------------------+-------------------+--------+---------+
|lenet_w8a8_top | grp_lenet_w8a8_top_Pipeline_POOL_CHANNEL_POOL_ROW_POOL_COL_fu_348/add_ln97_reg_1576_pp0_iter7_reg_reg[10]   | 6      | 11    | NO           | NO                 | YES               | 11     | 0       | 
|lenet_w8a8_top | grp_lenet_w8a8_top_Pipeline_POOL_CHANNEL_POOL_ROW_POOL_COL_fu_348/ap_loop_exit_ready_pp0_iter7_reg_reg      | 7      | 1     | NO           | NO                 | YES               | 1      | 0       | 
|lenet_w8a8_top | grp_lenet_w8a8_top_Pipeline_POOL_CHANNEL_POOL_ROW_POOL_COL1_fu_354/add_ln97_1_reg_1374_pp0_iter8_reg_reg[8] | 6      | 9     | NO           | NO                 | YES               | 9      | 0       | 
|lenet_w8a8_top | grp_lenet_w8a8_top_Pipeline_POOL_CHANNEL_POOL_ROW_POOL_COL1_fu_354/ap_loop_exit_ready_pp0_iter8_reg_reg     | 8      | 1     | NO           | NO                 | YES               | 1      | 0       | 
|lenet_w8a8_top | grp_lenet_w8a8_top_Pipeline_IN_CHANNEL_KERNEL_ROW_KERNEL_COL_fu_360/ap_loop_exit_ready_pp0_iter5_reg_reg    | 5      | 1     | NO           | NO                 | YES               | 1      | 0       | 
|lenet_w8a8_top | grp_lenet_w8a8_top_Pipeline_IN_CHANNEL_KERNEL_ROW_KERNEL_COL2_fu_372/ap_loop_exit_ready_pp0_iter5_reg_reg   | 5      | 1     | NO           | NO                 | YES               | 1      | 0       | 
|lenet_w8a8_top | grp_lenet_w8a8_top_Pipeline_REQUANT_VECTOR_fu_381/i_cast_reg_240_pp0_iter4_reg_reg[6]                       | 4      | 7     | NO           | NO                 | YES               | 7      | 0       | 
|lenet_w8a8_top | grp_lenet_w8a8_top_Pipeline_REQUANT_VECTOR_fu_381/ap_loop_exit_ready_pp0_iter4_reg_reg                      | 4      | 1     | NO           | NO                 | YES               | 1      | 0       | 
|lenet_w8a8_top | grp_lenet_w8a8_top_Pipeline_DENSE_OUTPUT_DENSE_INPUT_fu_387/icmp_ln123_reg_296_pp0_iter3_reg_reg[0]         | 3      | 1     | NO           | NO                 | YES               | 1      | 0       | 
|lenet_w8a8_top | grp_lenet_w8a8_top_Pipeline_DENSE_OUTPUT_DENSE_INPUT_fu_387/ifzero_reg_312_pp0_iter4_reg_reg[0]             | 4      | 1     | NO           | NO                 | YES               | 1      | 0       | 
|lenet_w8a8_top | grp_lenet_w8a8_top_Pipeline_DENSE_OUTPUT_DENSE_INPUT_fu_387/ap_loop_exit_ready_pp0_iter4_reg_reg            | 4      | 1     | NO           | NO                 | YES               | 1      | 0       | 
|lenet_w8a8_top | grp_lenet_w8a8_top_Pipeline_REQUANT_VECTOR3_fu_396/i_1_cast_reg_247_pp0_iter4_reg_reg[6]                    | 4      | 7     | NO           | NO                 | YES               | 7      | 0       | 
|lenet_w8a8_top | grp_lenet_w8a8_top_Pipeline_REQUANT_VECTOR3_fu_396/ap_loop_exit_ready_pp0_iter4_reg_reg                     | 4      | 1     | NO           | NO                 | YES               | 1      | 0       | 
|lenet_w8a8_top | grp_lenet_w8a8_top_Pipeline_DENSE_INPUT_fu_402/ap_loop_exit_ready_pp0_iter4_reg_reg                         | 4      | 1     | NO           | NO                 | YES               | 1      | 0       | 
|lenet_w8a8_top | grp_lenet_w8a8_top_Pipeline_POOL_CHANNEL_POOL_ROW_POOL_COL_fu_348/ap_enable_reg_pp0_iter8_reg               | 6      | 1     | YES          | NO                 | YES               | 1      | 0       | 
|lenet_w8a8_top | grp_lenet_w8a8_top_Pipeline_POOL_CHANNEL_POOL_ROW_POOL_COL1_fu_354/ap_enable_reg_pp0_iter9_reg              | 6      | 1     | YES          | NO                 | YES               | 1      | 0       | 
|lenet_w8a8_top | grp_lenet_w8a8_top_Pipeline_REQUANT_VECTOR_fu_381/ap_enable_reg_pp0_iter5_reg                               | 5      | 1     | YES          | NO                 | YES               | 1      | 0       | 
|lenet_w8a8_top | grp_lenet_w8a8_top_Pipeline_REQUANT_VECTOR3_fu_396/ap_enable_reg_pp0_iter5_reg                              | 5      | 1     | YES          | NO                 | YES               | 1      | 0       | 
+---------------+-------------------------------------------------------------------------------------------------------------+--------+-------+--------------+--------------------+-------------------+--------+---------+


Dynamic Shift Register Report:
+------------+-------------+--------+------------+--------+---------+--------+--------+--------+
|Module Name | RTL Name    | Length | Data Width | SRL16E | SRLC32E | Mux F7 | Mux F8 | Mux F9 | 
+------------+-------------+--------+------------+--------+---------+--------+--------+--------+
|dsrl        | mem_reg[14] | 34     | 34         | 34     | 0       | 0      | 0      | 0      | 
|dsrl__1     | mem_reg[3]  | 96     | 96         | 96     | 0       | 0      | 0      | 0      | 
|dsrl__2     | mem_reg[14] | 1      | 1          | 1      | 0       | 0      | 0      | 0      | 
|dsrl__3     | mem_reg[3]  | 1      | 1          | 1      | 0       | 0      | 0      | 0      | 
|dsrl__4     | mem_reg[14] | 4      | 4          | 4      | 0       | 0      | 0      | 0      | 
|dsrl__5     | mem_reg[14] | 8      | 8          | 8      | 0       | 0      | 0      | 0      | 
|dsrl__6     | mem_reg[14] | 72     | 72         | 72     | 0       | 0      | 0      | 0      | 
|dsrl__7     | mem_reg[14] | 37     | 37         | 37     | 0       | 0      | 0      | 0      | 
|dsrl__8     | mem_reg[14] | 34     | 34         | 34     | 0       | 0      | 0      | 0      | 
|dsrl__9     | mem_reg[3]  | 96     | 96         | 96     | 0       | 0      | 0      | 0      | 
|dsrl__10    | mem_reg[14] | 1      | 1          | 1      | 0       | 0      | 0      | 0      | 
|dsrl__11    | mem_reg[3]  | 1      | 1          | 1      | 0       | 0      | 0      | 0      | 
|dsrl__12    | mem_reg[14] | 4      | 4          | 4      | 0       | 0      | 0      | 0      | 
|dsrl__13    | mem_reg[14] | 8      | 8          | 8      | 0       | 0      | 0      | 0      | 
|dsrl__14    | mem_reg[14] | 72     | 72         | 72     | 0       | 0      | 0      | 0      | 
|dsrl__15    | mem_reg[14] | 37     | 37         | 37     | 0       | 0      | 0      | 0      | 
|dsrl__16    | mem_reg[3]  | 96     | 96         | 96     | 0       | 0      | 0      | 0      | 
|dsrl__17    | mem_reg[14] | 1      | 1          | 1      | 0       | 0      | 0      | 0      | 
|dsrl__18    | mem_reg[3]  | 1      | 1          | 1      | 0       | 0      | 0      | 0      | 
|dsrl__19    | mem_reg[14] | 8      | 8          | 8      | 0       | 0      | 0      | 0      | 
|dsrl__20    | mem_reg[14] | 72     | 72         | 72     | 0       | 0      | 0      | 0      | 
|dsrl__21    | mem_reg[14] | 37     | 37         | 37     | 0       | 0      | 0      | 0      | 
+------------+-------------+--------+------------+--------+---------+--------+--------+--------+

---------------------------------------------------------------------------------
Finished ROM, RAM, DSP, Shift Register and Retiming Reporting
---------------------------------------------------------------------------------
---------------------------------------------------------------------------------
Start Writing Synthesis Report
---------------------------------------------------------------------------------

DSP Final Report (the ' indicates corresponding REG is set)
+-----------------------------------------------------------------------+--------------------+--------+--------+--------+--------+--------+------+------+------+------+-------+------+------+
|Module Name                                                            | DSP Mapping        | A Size | B Size | C Size | D Size | P Size | AREG | BREG | CREG | DREG | ADREG | MREG | PREG | 
+-----------------------------------------------------------------------+--------------------+--------+--------+--------+--------+--------+------+------+------+------+-------+------+------+
|lenet_w8a8_top_mac_muladd_8s_8s_22s_22_4_1_DSP48_4                     | Dynamic            | -      | -      | -      | -      | 22     | -    | -    | -    | -    | -     | 1    | 1    | 
|lenet_w8a8_top_mac_muladd_8s_8s_22s_22_4_1_DSP48_4                     | Dynamic            | -      | -      | -      | -      | 22     | -    | -    | -    | -    | -     | 1    | 1    | 
|lenet_w8a8_top_mac_muladd_8s_8s_24s_24_4_1_DSP48_3                     | Dynamic            | -      | -      | -      | -      | 24     | -    | -    | -    | -    | -     | 1    | 1    | 
|lenet_w8a8_top_mac_muladd_8s_8s_23s_23_4_1_DSP48_2                     | Dynamic            | -      | -      | -      | -      | 23     | -    | -    | -    | -    | -     | 1    | 1    | 
|lenet_w8a8_top_lenet_w8a8_top_Pipeline_OUT_CHANNEL_OUT_ROW_OUT_COL     | (A''*B'')'         | 30     | 18     | -      | -      | 0      | 2    | 2    | -    | -    | -     | 0    | 1    | 
|lenet_w8a8_top_lenet_w8a8_top_Pipeline_OUT_CHANNEL_OUT_ROW_OUT_COL     | (PCIN+(A''*B'')')' | 30     | 18     | -      | -      | 0      | 2    | 2    | -    | -    | -     | 1    | 1    | 
|lenet_w8a8_top_lenet_w8a8_top_Pipeline_OUT_CHANNEL_OUT_ROW_OUT_COL     | (A''*B'')'         | 30     | 18     | -      | -      | 0      | 2    | 2    | -    | -    | -     | 0    | 1    | 
|lenet_w8a8_top_lenet_w8a8_top_Pipeline_OUT_CHANNEL_OUT_ROW_OUT_COL     | (PCIN+(A''*B'')')' | 30     | 18     | -      | -      | 0      | 2    | 2    | -    | -    | -     | 1    | 1    | 
|lenet_w8a8_top_lenet_w8a8_top_Pipeline_OUT_CHANNEL_OUT_ROW_OUT_COL     | (A''*B'')'         | 30     | 18     | -      | -      | 0      | 2    | 2    | -    | -    | -     | 0    | 1    | 
|lenet_w8a8_top_lenet_w8a8_top_Pipeline_OUT_CHANNEL_OUT_ROW_OUT_COL     | (PCIN+(A''*B'')')' | 30     | 18     | -      | -      | 0      | 2    | 2    | -    | -    | -     | 1    | 1    | 
|lenet_w8a8_top_lenet_w8a8_top_Pipeline_OUT_CHANNEL_OUT_ROW_OUT_COL     | (A''*B'')'         | 30     | 18     | -      | -      | 0      | 2    | 2    | -    | -    | -     | 0    | 1    | 
|lenet_w8a8_top_lenet_w8a8_top_Pipeline_OUT_CHANNEL_OUT_ROW_OUT_COL     | (PCIN+(A''*B'')')' | 30     | 18     | -      | -      | 0      | 2    | 2    | -    | -    | -     | 1    | 1    | 
|lenet_w8a8_top_lenet_w8a8_top_Pipeline_OUT_CHANNEL_OUT_ROW_OUT_COL     | (A''*B'')'         | 30     | 18     | -      | -      | 0      | 2    | 2    | -    | -    | -     | 0    | 1    | 
|lenet_w8a8_top_lenet_w8a8_top_Pipeline_OUT_CHANNEL_OUT_ROW_OUT_COL     | (PCIN+(A''*B'')')' | 30     | 18     | -      | -      | 0      | 2    | 2    | -    | -    | -     | 1    | 1    | 
|lenet_w8a8_top_lenet_w8a8_top_Pipeline_OUT_CHANNEL_OUT_ROW_OUT_COL     | (A''*B'')'         | 30     | 18     | -      | -      | 0      | 2    | 2    | -    | -    | -     | 0    | 1    | 
|lenet_w8a8_top_lenet_w8a8_top_Pipeline_OUT_CHANNEL_OUT_ROW_OUT_COL     | (PCIN+(A''*B'')')' | 30     | 18     | -      | -      | 0      | 2    | 2    | -    | -    | -     | 1    | 1    | 
|lenet_w8a8_top_lenet_w8a8_top_Pipeline_OUT_CHANNEL_OUT_ROW_OUT_COL     | (A''*B'')'         | 30     | 18     | -      | -      | 0      | 2    | 2    | -    | -    | -     | 0    | 1    | 
|lenet_w8a8_top_lenet_w8a8_top_Pipeline_OUT_CHANNEL_OUT_ROW_OUT_COL     | (PCIN+(A''*B'')')' | 30     | 18     | -      | -      | 0      | 2    | 2    | -    | -    | -     | 1    | 1    | 
|lenet_w8a8_top_lenet_w8a8_top_Pipeline_OUT_CHANNEL_OUT_ROW_OUT_COL     | (A''*B'')'         | 30     | 18     | -      | -      | 0      | 2    | 2    | -    | -    | -     | 0    | 1    | 
|lenet_w8a8_top_lenet_w8a8_top_Pipeline_OUT_CHANNEL_OUT_ROW_OUT_COL     | (PCIN+(A''*B'')')' | 30     | 18     | -      | -      | 17     | 2    | 2    | -    | -    | -     | 1    | 1    | 
|lenet_w8a8_top_lenet_w8a8_top_Pipeline_OUT_CHANNEL_OUT_ROW_OUT_COL     | (A''*B'')'         | 30     | 18     | -      | -      | 0      | 2    | 2    | -    | -    | -     | 0    | 1    | 
|lenet_w8a8_top_lenet_w8a8_top_Pipeline_OUT_CHANNEL_OUT_ROW_OUT_COL     | (PCIN+(A''*B'')')' | 30     | 18     | -      | -      | 17     | 2    | 2    | -    | -    | -     | 1    | 1    | 
|lenet_w8a8_top_lenet_w8a8_top_Pipeline_OUT_CHANNEL_OUT_ROW_OUT_COL     | (PCIN+(A''*B'')')' | 0      | 0      | -      | -      | 17     | 2    | 2    | -    | -    | -     | 1    | 1    | 
|lenet_w8a8_top_lenet_w8a8_top_Pipeline_OUT_CHANNEL_OUT_ROW_OUT_COL     | (PCIN+(A''*B'')')' | 0      | 0      | -      | -      | 17     | 2    | 2    | -    | -    | -     | 1    | 1    | 
|lenet_w8a8_top_lenet_w8a8_top_Pipeline_OUT_CHANNEL_OUT_ROW_OUT_COL     | (PCIN+(A''*B'')')' | 0      | 0      | -      | -      | 17     | 2    | 2    | -    | -    | -     | 1    | 1    | 
|lenet_w8a8_top_lenet_w8a8_top_Pipeline_OUT_CHANNEL_OUT_ROW_OUT_COL     | (PCIN+(A''*B'')')' | 0      | 0      | -      | -      | 17     | 2    | 2    | -    | -    | -     | 1    | 1    | 
|lenet_w8a8_top_lenet_w8a8_top_Pipeline_OUT_CHANNEL_OUT_ROW_OUT_COL     | (PCIN+(A''*B'')')' | 0      | 0      | -      | -      | 17     | 2    | 2    | -    | -    | -     | 1    | 1    | 
|lenet_w8a8_top_lenet_w8a8_top_Pipeline_OUT_CHANNEL_OUT_ROW_OUT_COL     | (PCIN+(A''*B'')')' | 0      | 0      | -      | -      | 17     | 2    | 2    | -    | -    | -     | 1    | 1    | 
|lenet_w8a8_top_lenet_w8a8_top_Pipeline_OUT_CHANNEL_OUT_ROW_OUT_COL     | (PCIN+(A''*B'')')' | 0      | 0      | -      | -      | 17     | 2    | 2    | -    | -    | -     | 1    | 1    | 
|lenet_w8a8_top_lenet_w8a8_top_Pipeline_POOL_CHANNEL_POOL_ROW_POOL_COL1 | A*B'               | 17     | 15     | -      | -      | 48     | 0    | 1    | -    | -    | -     | 0    | 0    | 
|lenet_w8a8_top_lenet_w8a8_top_Pipeline_POOL_CHANNEL_POOL_ROW_POOL_COL1 | (PCIN>>17+A'*B)'   | 15     | 15     | -      | -      | 48     | 1    | 0    | -    | -    | -     | 0    | 1    | 
|lenet_w8a8_top_lenet_w8a8_top_Pipeline_POOL_CHANNEL_POOL_ROW_POOL_COL1 | A'*B               | 17     | 17     | -      | -      | 48     | 1    | 0    | -    | -    | -     | 0    | 0    | 
|lenet_w8a8_top_lenet_w8a8_top_Pipeline_POOL_CHANNEL_POOL_ROW_POOL_COL1 | (PCIN>>17+A'*B)'   | 17     | 15     | -      | -      | 48     | 1    | 0    | -    | -    | -     | 0    | 1    | 
|lenet_w8a8_top_lenet_w8a8_top_Pipeline_POOL_CHANNEL_POOL_ROW_POOL_COL1 | A*B'               | 17     | 15     | -      | -      | 48     | 0    | 1    | -    | -    | -     | 0    | 0    | 
|lenet_w8a8_top_lenet_w8a8_top_Pipeline_POOL_CHANNEL_POOL_ROW_POOL_COL1 | (PCIN>>17+A'*B)'   | 15     | 15     | -      | -      | 48     | 1    | 0    | -    | -    | -     | 0    | 1    | 
|lenet_w8a8_top_lenet_w8a8_top_Pipeline_POOL_CHANNEL_POOL_ROW_POOL_COL1 | A'*B               | 17     | 17     | -      | -      | 48     | 1    | 0    | -    | -    | -     | 0    | 0    | 
|lenet_w8a8_top_lenet_w8a8_top_Pipeline_POOL_CHANNEL_POOL_ROW_POOL_COL1 | (PCIN>>17+A'*B)'   | 17     | 15     | -      | -      | 48     | 1    | 0    | -    | -    | -     | 0    | 1    | 
|lenet_w8a8_top_lenet_w8a8_top_Pipeline_POOL_CHANNEL_POOL_ROW_POOL_COL1 | A*B'               | 17     | 15     | -      | -      | 48     | 0    | 1    | -    | -    | -     | 0    | 0    | 
|lenet_w8a8_top_lenet_w8a8_top_Pipeline_POOL_CHANNEL_POOL_ROW_POOL_COL1 | (PCIN>>17+A'*B)'   | 15     | 15     | -      | -      | 48     | 1    | 0    | -    | -    | -     | 0    | 1    | 
|lenet_w8a8_top_lenet_w8a8_top_Pipeline_POOL_CHANNEL_POOL_ROW_POOL_COL1 | A'*B               | 17     | 17     | -      | -      | 48     | 1    | 0    | -    | -    | -     | 0    | 0    | 
|lenet_w8a8_top_lenet_w8a8_top_Pipeline_POOL_CHANNEL_POOL_ROW_POOL_COL1 | (PCIN>>17+A'*B)'   | 17     | 15     | -      | -      | 48     | 1    | 0    | -    | -    | -     | 0    | 1    | 
|lenet_w8a8_top_lenet_w8a8_top_Pipeline_POOL_CHANNEL_POOL_ROW_POOL_COL  | A'*B               | 15     | 16     | -      | -      | 48     | 1    | 0    | -    | -    | -     | 0    | 0    | 
|lenet_w8a8_top_lenet_w8a8_top_Pipeline_POOL_CHANNEL_POOL_ROW_POOL_COL  | (PCIN>>17+A'*B)'   | 15     | 14     | -      | -      | 48     | 1    | 0    | -    | -    | -     | 0    | 1    | 
|lenet_w8a8_top_lenet_w8a8_top_Pipeline_POOL_CHANNEL_POOL_ROW_POOL_COL  | A'*B               | 17     | 16     | -      | -      | 48     | 1    | 0    | -    | -    | -     | 0    | 0    | 
|lenet_w8a8_top_lenet_w8a8_top_Pipeline_POOL_CHANNEL_POOL_ROW_POOL_COL  | (PCIN>>17+A'*B)'   | 17     | 14     | -      | -      | 48     | 1    | 0    | -    | -    | -     | 0    | 1    | 
|lenet_w8a8_top_lenet_w8a8_top_Pipeline_POOL_CHANNEL_POOL_ROW_POOL_COL  | A'*B               | 15     | 16     | -      | -      | 48     | 1    | 0    | -    | -    | -     | 0    | 0    | 
|lenet_w8a8_top_lenet_w8a8_top_Pipeline_POOL_CHANNEL_POOL_ROW_POOL_COL  | (PCIN>>17+A'*B)'   | 15     | 14     | -      | -      | 48     | 1    | 0    | -    | -    | -     | 0    | 1    | 
|lenet_w8a8_top_lenet_w8a8_top_Pipeline_POOL_CHANNEL_POOL_ROW_POOL_COL  | A'*B               | 17     | 16     | -      | -      | 48     | 1    | 0    | -    | -    | -     | 0    | 0    | 
|lenet_w8a8_top_lenet_w8a8_top_Pipeline_POOL_CHANNEL_POOL_ROW_POOL_COL  | (PCIN>>17+A'*B)'   | 17     | 14     | -      | -      | 48     | 1    | 0    | -    | -    | -     | 0    | 1    | 
|lenet_w8a8_top_lenet_w8a8_top_Pipeline_POOL_CHANNEL_POOL_ROW_POOL_COL  | A'*B               | 15     | 16     | -      | -      | 48     | 1    | 0    | -    | -    | -     | 0    | 0    | 
|lenet_w8a8_top_lenet_w8a8_top_Pipeline_POOL_CHANNEL_POOL_ROW_POOL_COL  | (PCIN>>17+A'*B)'   | 15     | 14     | -      | -      | 48     | 1    | 0    | -    | -    | -     | 0    | 1    | 
|lenet_w8a8_top_lenet_w8a8_top_Pipeline_POOL_CHANNEL_POOL_ROW_POOL_COL  | A'*B               | 17     | 16     | -      | -      | 48     | 1    | 0    | -    | -    | -     | 0    | 0    | 
|lenet_w8a8_top_lenet_w8a8_top_Pipeline_POOL_CHANNEL_POOL_ROW_POOL_COL  | (PCIN>>17+A'*B)'   | 17     | 14     | -      | -      | 48     | 1    | 0    | -    | -    | -     | 0    | 1    | 
|lenet_w8a8_top_lenet_w8a8_top_Pipeline_POOL_CHANNEL_POOL_ROW_POOL_COL  | A'*B               | 15     | 16     | -      | -      | 48     | 1    | 0    | -    | -    | -     | 0    | 0    | 
|lenet_w8a8_top_lenet_w8a8_top_Pipeline_POOL_CHANNEL_POOL_ROW_POOL_COL  | (PCIN>>17+A'*B)'   | 15     | 14     | -      | -      | 48     | 1    | 0    | -    | -    | -     | 0    | 1    | 
|lenet_w8a8_top_lenet_w8a8_top_Pipeline_POOL_CHANNEL_POOL_ROW_POOL_COL  | A'*B               | 17     | 16     | -      | -      | 48     | 1    | 0    | -    | -    | -     | 0    | 0    | 
|lenet_w8a8_top_lenet_w8a8_top_Pipeline_POOL_CHANNEL_POOL_ROW_POOL_COL  | (PCIN>>17+A'*B)'   | 17     | 14     | -      | -      | 48     | 1    | 0    | -    | -    | -     | 0    | 1    | 
|lenet_w8a8_top_lenet_w8a8_top_Pipeline_REQUANT_VECTOR3                 | A'*B               | 15     | 15     | -      | -      | 48     | 1    | 0    | -    | -    | -     | 0    | 0    | 
|lenet_w8a8_top_lenet_w8a8_top_Pipeline_REQUANT_VECTOR3                 | (PCIN>>17+A*B')'   | 16     | 15     | -      | -      | 48     | 0    | 1    | -    | -    | -     | 0    | 1    | 
|lenet_w8a8_top_lenet_w8a8_top_Pipeline_REQUANT_VECTOR3                 | A'*B               | 17     | 15     | -      | -      | 48     | 1    | 0    | -    | -    | -     | 0    | 0    | 
|lenet_w8a8_top_lenet_w8a8_top_Pipeline_REQUANT_VECTOR3                 | (PCIN>>17+A'*B)'   | 17     | 16     | -      | -      | 48     | 1    | 0    | -    | -    | -     | 0    | 1    | 
|lenet_w8a8_top_mac_muladd_5ns_8ns_8ns_12_4_1_DSP48_5                   | (C+(A'*B)')'       | 5      | 8      | 8      | -      | 12     | 1    | 0    | 0    | -    | -     | 1    | 1    | 
|lenet_w8a8_top                                                         | A*B                | 17     | 15     | -      | -      | 48     | 0    | 0    | -    | -    | -     | 0    | 0    | 
|lenet_w8a8_top                                                         | (PCIN>>17+A*B)'    | 15     | 15     | -      | -      | 48     | 0    | 0    | -    | -    | -     | 0    | 1    | 
|lenet_w8a8_top                                                         | A*B                | 17     | 17     | -      | -      | 48     | 0    | 0    | -    | -    | -     | 0    | 0    | 
|lenet_w8a8_top                                                         | (PCIN>>17+A*B)'    | 0      | 15     | -      | -      | 48     | 0    | 0    | -    | -    | -     | 0    | 1    | 
+-----------------------------------------------------------------------+--------------------+--------+--------+--------+--------+--------+------+------+------+------+-------+------+------+


Report BlackBoxes: 
+-+--------------+----------+
| |BlackBox name |Instances |
+-+--------------+----------+
+-+--------------+----------+

Report Cell Usage: 
+------+---------+------+
|      |Cell     |Count |
+------+---------+------+
|1     |CARRY4   |   630|
|2     |DSP48E1  |    66|
|16    |LUT1     |   118|
|17    |LUT2     |  1039|
|18    |LUT3     |  1109|
|19    |LUT4     |   819|
|20    |LUT5     |   734|
|21    |LUT6     |  1070|
|22    |MUXF7    |     1|
|23    |RAMB18E1 |    12|
|31    |RAMB36E1 |    18|
|34    |SRL16E   |   376|
|35    |FDRE     |  6028|
|36    |FDSE     |    24|
+------+---------+------+
---------------------------------------------------------------------------------
Finished Writing Synthesis Report : Time (s): cpu = 00:00:54 ; elapsed = 00:00:56 . Memory (MB): peak = 2250.348 ; gain = 806.406
---------------------------------------------------------------------------------
Synthesis finished with 0 errors, 0 critical warnings and 1075 warnings.
Synthesis Optimization Runtime : Time (s): cpu = 00:00:43 ; elapsed = 00:00:52 . Memory (MB): peak = 2250.348 ; gain = 691.660
Synthesis Optimization Complete : Time (s): cpu = 00:00:54 ; elapsed = 00:00:56 . Memory (MB): peak = 2250.348 ; gain = 806.406
INFO: [Project 1-571] Translating synthesized netlist
Netlist sorting complete. Time (s): cpu = 00:00:00 ; elapsed = 00:00:00.129 . Memory (MB): peak = 2262.426 ; gain = 0.000
INFO: [Netlist 29-17] Analyzing 727 Unisim elements for replacement
INFO: [Netlist 29-28] Unisim Transformation completed in 0 CPU seconds
INFO: [Project 1-570] Preparing netlist for logic optimization
INFO: [Opt 31-138] Pushed 0 inverter(s) to 0 load pin(s).
Netlist sorting complete. Time (s): cpu = 00:00:00 ; elapsed = 00:00:00.002 . Memory (MB): peak = 2278.609 ; gain = 0.000
INFO: [Project 1-111] Unisim Transformation Summary:
No Unisim elements were transformed.

Synth Design complete, checksum: 75cdbf58
INFO: [Common 17-83] Releasing license: Synthesis
300 Infos, 304 Warnings, 0 Critical Warnings and 0 Errors encountered.
synth_design completed successfully
synth_design: Time (s): cpu = 00:00:58 ; elapsed = 00:01:01 . Memory (MB): peak = 2278.609 ; gain = 1236.812
INFO: [Common 17-1381] The checkpoint 'D:/GitHub/vivado/vivado/F_Quantization_W8A8/hls_w8a8/vivado_review/project/LeNet_W8A8_Review.runs/lenet_system_lenet_w8a8_top_0_0_synth_1/lenet_system_lenet_w8a8_top_0_0.dcp' has been generated.
INFO: [Coretcl 2-1648] Added synthesis output to IP cache for IP lenet_system_lenet_w8a8_top_0_0, cache-ID = a00a5d1fc88c8611
INFO: [Coretcl 2-1174] Renamed 137 cell refs.
INFO: [Common 17-1381] The checkpoint 'D:/GitHub/vivado/vivado/F_Quantization_W8A8/hls_w8a8/vivado_review/project/LeNet_W8A8_Review.runs/lenet_system_lenet_w8a8_top_0_0_synth_1/lenet_system_lenet_w8a8_top_0_0.dcp' has been generated.
INFO: [runtcl-4] Executing : report_utilization -file lenet_system_lenet_w8a8_top_0_0_utilization_synth.rpt -pb lenet_system_lenet_w8a8_top_0_0_utilization_synth.pb
INFO: [Common 17-206] Exiting Vivado at Sat Sep 12 22:42:28 2026...
