sample_index,preprocessing,true_label,fp32_prediction,w4a4_prediction,fp32_correct,w4a4_correct,fp32_w4a4_same,w4a4_logit_0,w4a4_logit_1,w4a4_logit_2,w4a4_logit_3,w4a4_logit_4,w4a4_logit_5,w4a4_logit_6,w4a4_logit_7,w4a4_logit_8,w4a4_logit_9,hls_q40_prediction,software_hls_same,hls_q40_logit_0,hls_q40_logit_1,hls_q40_logit_2,hls_q40_logit_3,hls_q40_logit_4,hls_q40_logit_5,hls_q40_logit_6,hls_q40_logit_7,hls_q40_logit_8,hls_q40_logit_9
0,resize,7,7,7,1,1,1,-2,-1,-1,0,0,-1,-5,4,-1,0,7,1,-2,-1,-1,0,0,-1,-5,4,-1,0
1,resize,2,2,2,1,1,1,0,1,6,-2,-3,-4,0,0,-2,-5,2,1,0,1,6,-2,-3,-4,0,0,-2,-5
2,resize,1,1,1,1,1,1,-2,3,-1,-3,-1,0,-1,0,0,-2,1,1,-2,3,-1,-3,-1,0,-1,0,0,-2
3,resize,0,0,0,1,1,1,5,-3,-1,-1,-2,0,2,-2,-1,-1,0,1,5,-3,-1,-1,-2,0,2,-2,-1,-1
4,resize,4,4,4,1,1,1,-2,-1,-2,-2,3,-2,-3,0,-2,2,4,1,-2,-1,-2,-2,3,-2,-3,0,-2,2
5,resize,1,1,1,1,1,1,-2,4,-2,-3,-1,-1,-2,1,-2,-1,1,1,-2,4,-2,-3,-1,-1,-2,1,-2,-1
6,resize,4,4,4,1,1,1,-4,0,-1,-2,3,0,-3,0,0,0,4,1,-4,0,-1,-2,3,0,-3,0,0,0
7,resize,9,9,9,1,1,1,-2,-1,-1,0,0,-1,-4,-1,-1,3,9,1,-2,-1,-1,0,0,-1,-4,-1,-1,3
8,resize,5,5,5,1,1,1,-1,-1,-2,-1,-1,4,1,-2,1,0,5,1,-1,-1,-2,-1,-1,4,1,-2,1,0
9,resize,9,9,9,1,1,1,-2,-2,-3,-2,1,-2,-5,0,-1,4,9,1,-2,-2,-3,-2,1,-2,-5,0,-1,4
10,resize,0,0,0,1,1,1,5,-2,0,-1,-2,-1,0,-1,-2,0,0,1,5,-2,0,-1,-2,-1,0,-1,-2,0
11,resize,6,6,6,1,1,1,0,-2,-3,-2,-1,2,5,-3,1,-3,6,1,0,-2,-3,-2,-1,2,5,-3,1,-3
12,resize,9,9,9,1,1,1,-2,-1,-2,-1,0,-2,-4,0,-1,3,9,1,-2,-1,-2,-1,0,-2,-4,0,-1,3
13,resize,0,0,0,1,1,1,6,-2,-1,-1,-3,-1,0,-1,-1,0,0,1,6,-2,-1,-1,-3,-1,0,-1,-1,0
14,resize,1,1,1,1,1,1,-3,3,-1,-1,-1,0,-2,0,-2,-1,1,1,-3,3,-1,-1,-1,0,-2,0,-2,-1
15,resize,5,5,5,1,1,1,-2,0,-2,1,-2,5,-1,-1,-1,0,5,1,-2,0,-2,1,-2,5,-1,-1,-1,0
16,resize,9,9,9,1,1,1,-1,-2,-2,0,0,-1,-4,0,-1,4,9,1,-1,-2,-2,0,0,-1,-4,0,-1,4
17,resize,7,7,7,1,1,1,-2,0,1,0,-1,-1,-5,4,-1,-1,7,1,-2,0,1,0,-1,-1,-5,4,-1,-1
18,resize,3,3,3,1,1,1,-2,-1,-1,2,-2,1,-1,-2,2,-1,3,1,-2,-1,-1,2,-2,1,-1,-2,2,-1
19,resize,4,4,4,1,1,1,-3,0,0,-2,4,-2,-3,0,-3,-1,4,1,-3,0,0,-2,4,-2,-3,0,-3,-1
20,resize,9,9,9,1,1,1,-1,-1,-2,0,0,-1,-4,1,-2,2,9,1,-1,-1,-2,0,0,-1,-4,1,-2,2
21,resize,6,6,6,1,1,1,-1,-2,-3,-2,-1,3,4,-3,1,-2,6,1,-1,-2,-3,-2,-1,3,4,-3,1,-2
22,resize,6,6,6,1,1,1,-1,0,-2,-2,0,0,4,-2,0,-2,6,1,-1,0,-2,-2,0,0,4,-2,0,-2
23,resize,5,5,5,1,1,1,-2,-2,-2,1,-3,6,0,-2,0,0,5,1,-2,-2,-2,1,-3,6,0,-2,0,0
24,resize,4,4,4,1,1,1,-1,0,0,-2,3,-1,-2,0,-2,0,4,1,-1,0,0,-2,3,-1,-2,0,-2,0
25,resize,0,0,0,1,1,1,4,-3,-2,-2,-1,-1,2,-2,-1,-1,0,1,4,-3,-2,-2,-1,-1,2,-2,-1,-1
26,resize,7,7,7,1,1,1,-2,0,0,0,0,-1,-5,4,-2,0,7,1,-2,0,0,0,0,-1,-5,4,-2,0
27,resize,4,4,4,1,1,1,-3,-1,-1,-3,5,-2,-4,-1,-2,0,4,1,-3,-1,-1,-3,5,-2,-4,-1,-2,0
28,resize,0,0,0,1,1,1,5,-1,1,-1,-3,0,0,-1,-1,-2,0,1,5,-1,1,-1,-3,0,0,-1,-1,-2
29,resize,1,1,1,1,1,1,-3,4,-1,-3,0,-1,-2,0,-2,0,1,1,-3,4,-1,-3,0,-1,-2,0,-2,0
30,resize,3,3,3,1,1,1,-4,0,-2,6,-4,1,-4,0,0,-1,3,1,-4,0,-2,6,-4,1,-4,0,0,-1
31,resize,1,1,1,1,1,1,-3,4,-2,-3,0,-1,-2,0,-1,0,1,1,-3,4,-2,-3,0,-1,-2,0,-1,0
32,resize,3,3,3,1,1,1,-3,0,0,4,-2,0,-2,0,0,-2,3,1,-3,0,0,4,-2,0,-2,0,0,-2
33,resize,4,4,4,1,1,1,0,0,0,-3,3,-1,0,-1,-2,0,4,1,0,0,0,-3,3,-1,0,-1,-2,0
34,resize,7,7,7,1,1,1,-2,0,1,0,-1,-2,-4,4,-1,-2,7,1,-2,0,1,0,-1,-2,-4,4,-1,-2
35,resize,2,2,2,1,1,1,-1,1,6,0,-3,-4,-2,0,-1,-4,2,1,-1,1,6,0,-3,-4,-2,0,-1,-4
36,resize,7,7,2,1,0,0,-1,0,2,1,-1,-2,-3,2,-1,-2,2,1,-1,0,2,1,-1,-2,-3,2,-1,-2
37,resize,1,1,1,1,1,1,-3,4,-1,-3,0,-1,-2,1,-2,-1,1,1,-3,4,-1,-3,0,-1,-2,1,-2,-1
38,resize,2,2,2,1,1,1,1,0,3,-1,-3,-3,-1,0,0,-3,2,1,1,0,3,-1,-3,-3,-1,0,0,-3
39,resize,1,1,1,1,1,1,-3,4,-1,-3,0,-1,-2,0,-1,-1,1,1,-3,4,-1,-3,0,-1,-2,0,-1,-1
40,resize,1,1,1,1,1,1,-2,2,0,-2,0,-1,-2,1,-1,-1,1,1,-2,2,0,-2,0,-1,-2,1,-1,-1
41,resize,7,7,2,1,0,0,-2,0,2,0,-1,-2,-2,2,-1,-2,2,1,-2,0,2,0,-1,-2,-2,2,-1,-2
42,resize,4,4,4,1,1,1,-3,0,-2,-4,4,-2,-3,-1,-3,0,4,1,-3,0,-2,-4,4,-2,-3,-1,-3,0
43,resize,2,2,2,1,1,1,0,1,3,-1,-2,-1,0,-1,-2,-3,2,1,0,1,3,-1,-2,-1,0,-1,-2,-3
44,resize,3,3,3,1,1,1,-3,0,0,4,-3,1,-2,0,-1,-2,3,1,-3,0,0,4,-3,1,-2,0,-1,-2
45,resize,5,5,5,1,1,1,-1,-1,-2,0,-1,4,0,-1,1,0,5,1,-1,-1,-2,0,-1,4,0,-1,1,0
46,resize,1,1,1,1,1,1,-3,4,-1,-2,0,-1,-2,0,-1,0,1,1,-3,4,-1,-2,0,-1,-2,0,-1,0
47,resize,2,2,2,1,1,1,-1,0,5,0,-2,-3,-1,0,-1,-4,2,1,-1,0,5,0,-2,-3,-1,0,-1,-4
48,resize,4,4,4,1,1,1,-4,0,-2,-5,5,-3,-4,-1,-2,1,4,1,-4,0,-2,-5,5,-3,-4,-1,-2,1
49,resize,4,4,4,1,1,1,-2,-1,-1,-3,4,-2,-3,-1,-2,0,4,1,-2,-1,-1,-3,4,-2,-3,-1,-2,0
50,resize,6,6,6,1,1,1,1,-1,-2,-2,-1,0,4,-3,0,-2,6,1,1,-1,-2,-2,-1,0,4,-3,0,-2
51,resize,3,3,3,1,1,1,-3,0,0,6,-5,1,-3,-1,0,-2,3,1,-3,0,0,6,-5,1,-3,-1,0,-2
52,resize,5,5,5,1,1,1,-1,-1,-2,0,-3,5,0,-1,0,0,5,1,-1,-1,-2,0,-3,5,0,-1,0,0
53,resize,5,5,5,1,1,1,-2,-1,-2,0,-2,5,-1,-1,0,1,5,1,-2,-1,-2,0,-2,5,-1,-1,0,1
54,resize,6,6,6,1,1,1,-2,-2,-4,-3,-1,1,6,-3,2,-3,6,1,-2,-2,-4,-3,-1,1,6,-3,2,-3
55,resize,0,0,0,1,1,1,6,-2,-2,-2,-4,0,0,-1,0,-2,0,1,6,-2,-2,-2,-4,0,0,-1,0,-2
56,resize,4,4,4,1,1,1,-3,-1,-1,-2,4,-2,-3,0,-2,0,4,1,-3,-1,-1,-2,4,-2,-3,0,-2,0
57,resize,1,1,1,1,1,1,-1,3,0,-2,-2,0,-1,0,0,-2,1,1,-1,3,0,-2,-2,0,-1,0,0,-2
58,resize,9,9,9,1,1,1,-2,-2,-2,-1,1,-1,-4,0,-1,4,9,1,-2,-2,-2,-1,1,-1,-4,0,-1,4
59,resize,5,5,5,1,1,1,-1,-1,-2,0,-1,3,-1,0,0,1,5,1,-1,-1,-2,0,-1,3,-1,0,0,1
60,resize,7,7,7,1,1,1,-2,-1,0,1,-1,-1,-5,4,-1,0,7,1,-2,-1,0,1,-1,-1,-5,4,-1,0
61,resize,8,8,8,1,1,1,-1,-2,0,1,-3,0,-2,-2,4,0,8,1,-1,-2,0,1,-3,0,-2,-2,4,0
62,resize,9,9,9,1,1,1,-2,-1,-2,-1,0,1,-1,0,-1,3,9,1,-2,-1,-2,-1,0,1,-1,0,-1,3
63,resize,3,3,3,1,1,1,-1,-2,0,4,-4,-1,-3,-1,2,0,3,1,-1,-2,0,4,-4,-1,-3,-1,2,0
64,resize,7,7,7,1,1,1,-4,1,1,0,0,-2,-4,4,-2,-2,7,1,-4,1,1,0,0,-2,-4,4,-2,-2
65,resize,4,4,4,1,1,1,-2,-1,-1,-1,2,0,-2,0,-2,1,4,1,-2,-1,-1,-1,2,0,-2,0,-2,1
66,resize,6,6,6,1,1,1,0,-1,-3,-2,0,1,4,-2,0,-1,6,1,0,-1,-3,-2,0,1,4,-2,0,-1
67,resize,4,4,4,1,1,1,-2,-1,-2,-3,4,-2,-3,-1,-2,1,4,1,-2,-1,-2,-3,4,-2,-3,-1,-2,1
68,resize,3,3,3,1,1,1,-3,0,-1,5,-3,0,-3,0,0,-1,3,1,-3,0,-1,5,-3,0,-3,0,0,-1
69,resize,0,0,0,1,1,1,4,-2,-1,0,-1,0,1,-1,-1,0,0,1,4,-2,-1,0,-1,0,1,-1,-1,0
70,resize,7,7,7,1,1,1,-2,-1,-1,0,-1,-1,-5,4,-1,-1,7,1,-2,-1,-1,0,-1,-1,-5,4,-1,-1
71,resize,0,0,0,1,1,1,6,-2,0,-1,-3,-1,0,-2,-1,-1,0,1,6,-2,0,-1,-3,-1,0,-2,-1,-1
72,resize,2,2,2,1,1,1,0,1,5,0,-3,-3,-2,0,-2,-4,2,1,0,1,5,0,-3,-3,-2,0,-2,-4
73,resize,9,9,9,1,1,1,-2,-2,-3,0,-1,-1,-4,-1,1,3,9,1,-2,-2,-3,0,-1,-1,-4,-1,1,3
74,resize,1,1,1,1,1,1,-3,4,-2,-2,0,0,-1,0,-1,0,1,1,-3,4,-2,-2,0,0,-1,0,-1,0
75,resize,7,7,7,1,1,1,-4,1,0,0,0,-2,-4,4,-2,-2,7,1,-4,1,0,0,0,-2,-4,4,-2,-2
76,resize,3,3,3,1,1,1,-3,0,-1,4,-3,2,-2,0,0,-1,3,1,-3,0,-1,4,-3,2,-2,0,0,-1
77,resize,2,2,2,1,1,1,0,1,4,0,-2,-2,-2,1,-1,-2,2,1,0,1,4,0,-2,-2,-2,1,-1,-2
78,resize,9,9,9,1,1,1,-1,-1,-2,-1,1,-2,-3,-1,0,2,9,1,-1,-1,-2,-1,1,-2,-3,-1,0,2
79,resize,7,7,7,1,1,1,-1,-1,0,1,0,-1,-4,3,0,0,7,1,-1,-1,0,1,0,-1,-4,3,0,0
80,resize,7,7,7,1,1,1,-2,-1,-1,-1,0,-1,-4,3,-1,1,7,1,-2,-1,-1,-1,0,-1,-4,3,-1,1
81,resize,6,6,6,1,1,1,0,-1,-3,-2,-1,1,4,-3,1,-1,6,1,0,-1,-3,-2,-1,1,4,-3,1,-1
82,resize,2,2,2,1,1,1,-1,1,7,0,-3,-4,-2,0,-2,-5,2,1,-1,1,7,0,-3,-4,-2,0,-2,-5
83,resize,7,7,7,1,1,1,-1,0,-1,-1,0,-1,-4,4,-1,0,7,1,-1,0,-1,-1,0,-1,-4,4,-1,0
84,resize,8,8,8,1,1,1,-2,-2,-2,-1,-1,0,1,-3,5,-1,8,1,-2,-2,-2,-1,-1,0,1,-3,5,-1
85,resize,4,4,4,1,1,1,-3,-1,-1,-2,4,-1,-2,-1,-2,-1,4,1,-3,-1,-1,-2,4,-1,-2,-1,-2,-1
86,resize,7,7,7,1,1,1,-2,0,0,0,-1,-2,-5,4,-1,-1,7,1,-2,0,0,0,-1,-2,-5,4,-1,-1
87,resize,3,3,3,1,1,1,-3,0,0,4,-2,1,-2,0,-1,-2,3,1,-3,0,0,4,-2,1,-2,0,-1,-2
88,resize,6,6,6,1,1,1,-1,-1,-3,-3,0,1,7,-3,0,-4,6,1,-1,-1,-3,-3,0,1,7,-3,0,-4
89,resize,1,1,1,1,1,1,-2,3,-1,-3,-1,-1,-2,0,-1,-2,1,1,-2,3,-1,-3,-1,-1,-2,0,-1,-2
90,resize,3,3,3,1,1,1,-3,-2,-2,6,-5,2,-3,-2,1,0,3,1,-3,-2,-2,6,-5,2,-3,-2,1,0
91,resize,6,6,6,1,1,1,-1,-1,-3,-2,-1,1,5,-3,-1,-3,6,1,-1,-1,-3,-2,-1,1,5,-3,-1,-3
92,resize,9,9,9,1,1,1,-1,-1,-2,0,0,-1,-3,-1,-1,2,9,1,-1,-1,-2,0,0,-1,-3,-1,-1,2
93,resize,3,3,3,1,1,1,-2,-1,-2,4,-3,2,-3,0,0,1,3,1,-2,-1,-2,4,-3,2,-3,0,0,1
94,resize,1,1,1,1,1,1,-3,4,-2,-3,0,-1,-2,-1,-1,0,1,1,-3,4,-2,-3,0,-1,-2,-1,-1,0
95,resize,4,4,4,1,1,1,-2,-1,-3,-4,4,-2,0,-2,-1,0,4,1,-2,-1,-3,-4,4,-2,0,-2,-1,0
96,resize,1,1,1,1,1,1,-2,3,-1,-1,0,0,-2,-1,0,1,1,1,-2,3,-1,-1,0,0,-2,-1,0,1
97,resize,7,7,7,1,1,1,-5,1,0,0,1,-3,-3,4,-2,-3,7,1,-5,1,0,0,1,-3,-3,4,-2,-3
98,resize,6,6,6,1,1,1,0,-1,-3,-2,-1,1,4,-3,1,-1,6,1,0,-1,-3,-2,-1,1,4,-3,1,-1
99,resize,9,9,9,1,1,1,-1,-2,-2,0,0,-2,-5,1,-1,4,9,1,-1,-2,-2,0,0,-2,-5,1,-1,4
100,resize,6,6,6,1,1,1,-1,-1,-2,-2,0,1,4,-1,0,-3,6,1,-1,-1,-2,-2,0,1,4,-1,0,-3
101,resize,0,0,0,1,1,1,6,-3,-2,-2,-4,0,2,-2,0,-1,0,1,6,-3,-2,-2,-4,0,2,-2,0,-1
102,resize,5,5,5,1,1,1,-2,-1,-2,1,-3,5,-1,-2,0,1,5,1,-2,-1,-2,1,-3,5,-1,-2,0,1
103,resize,4,4,4,1,1,1,-3,0,0,-3,5,-2,-3,0,-3,-1,4,1,-3,0,0,-3,5,-2,-3,0,-3,-1
104,resize,9,9,9,1,1,1,-1,-2,-2,1,-1,1,-3,0,-1,4,9,1,-1,-2,-2,1,-1,1,-3,0,-1,4
105,resize,9,9,9,1,1,1,-2,-2,-2,0,0,-2,-4,0,0,4,9,1,-2,-2,-2,0,0,-2,-4,0,0,4
106,resize,2,2,2,1,1,1,-1,0,5,0,-3,-3,-2,1,0,-2,2,1,-1,0,5,0,-3,-3,-2,1,0,-2
107,resize,1,1,1,1,1,1,-1,4,-2,-3,-3,0,1,-2,1,-2,1,1,-1,4,-2,-3,-3,0,1,-2,1,-2
108,resize,9,9,9,1,1,1,-3,-1,-2,-2,1,0,-5,0,-2,5,9,1,-3,-1,-2,-2,1,0,-5,0,-2,5
109,resize,4,4,4,1,1,1,-1,-1,-2,-3,4,-2,-1,-1,-2,0,4,1,-1,-1,-2,-3,4,-2,-1,-1,-2,0
110,resize,8,8,8,1,1,1,-1,-2,-2,1,-3,0,0,-3,5,-1,8,1,-1,-2,-2,1,-3,0,0,-3,5,-1
111,resize,7,7,1,1,0,0,-1,2,1,-1,-2,-2,-4,2,-1,-2,1,1,-1,2,1,-1,-2,-2,-4,2,-1,-2
112,resize,3,3,3,1,1,1,-4,0,-1,5,-3,1,-3,0,0,-2,3,1,-4,0,-1,5,-3,1,-3,0,0,-2
113,resize,9,9,9,1,1,1,-1,-2,-3,0,-1,-1,-3,-1,0,4,9,1,-1,-2,-3,0,-1,-1,-3,-1,0,4
114,resize,7,7,7,1,1,1,-2,0,1,1,-1,-1,-3,3,-1,-2,7,1,-2,0,1,1,-1,-1,-3,3,-1,-2
115,resize,4,4,4,1,1,1,-2,-1,-2,-3,3,-1,-2,-1,0,2,4,1,-2,-1,-2,-3,3,-1,-2,-1,0,2
116,resize,4,4,4,1,1,1,-3,0,-2,-2,3,-1,-3,0,-2,1,4,1,-3,0,-2,-2,3,-1,-3,0,-2,1
117,resize,4,4,4,1,1,1,-4,-1,-1,-3,5,-3,-3,-1,-1,-1,4,1,-4,-1,-1,-3,5,-3,-3,-1,-1,-1
118,resize,9,9,9,1,1,1,-1,-1,-1,-1,0,-1,-2,-1,0,3,9,1,-1,-1,-1,-1,0,-1,-2,-1,0,3
119,resize,2,2,2,1,1,1,-1,0,3,0,-2,-2,-2,1,0,-2,2,1,-1,0,3,0,-2,-2,-2,1,0,-2
120,resize,5,5,5,1,1,1,-3,-1,-2,1,-2,6,-2,-1,0,2,5,1,-3,-1,-2,1,-2,6,-2,-1,0,2
121,resize,4,4,4,1,1,1,-2,-1,-3,-3,3,-1,-1,-1,0,1,4,1,-2,-1,-3,-3,3,-1,-1,-1,0,1
122,resize,7,7,7,1,1,1,-1,0,0,0,0,-1,-3,2,-1,-1,7,1,-1,0,0,0,0,-1,-3,2,-1,-1
123,resize,6,6,6,1,1,1,-1,-1,-3,-2,0,1,5,-3,0,-3,6,1,-1,-1,-3,-2,0,1,5,-3,0,-3
124,resize,7,7,7,1,1,1,-5,1,-1,-1,1,-1,-5,4,-3,-1,7,1,-5,1,-1,-1,1,-1,-5,4,-3,-1
125,resize,9,9,9,1,1,1,-2,0,-2,-2,1,-2,-3,-1,0,3,9,1,-2,0,-2,-2,1,-2,-3,-1,0,3
126,resize,0,0,0,1,1,1,4,-1,0,0,-3,-1,0,-2,-1,0,0,1,4,-1,0,0,-3,-1,0,-2,-1,0
127,resize,5,5,5,1,1,1,-2,-1,-2,-1,-2,6,0,-2,0,1,5,1,-2,-1,-2,-1,-2,6,0,-2,0,1
128,resize,8,8,8,1,1,1,-1,-2,-2,0,-1,1,-1,-3,5,0,8,1,-1,-2,-2,0,-1,1,-1,-3,5,0
129,resize,5,5,5,1,1,1,-2,-2,-3,0,-3,7,0,-2,0,1,5,1,-2,-2,-3,0,-3,7,0,-2,0,1
130,resize,6,6,6,1,1,1,-1,-1,-4,-2,0,1,5,-2,0,-1,6,1,-1,-1,-4,-2,0,1,5,-2,0,-1
131,resize,6,6,6,1,1,1,1,-2,-4,-3,-1,2,5,-4,1,-1,6,1,1,-2,-4,-3,-1,2,5,-4,1,-1
132,resize,5,5,5,1,1,1,-3,-1,-3,1,-3,6,0,-2,1,1,5,1,-3,-1,-3,1,-3,6,0,-2,1,1
133,resize,7,7,7,1,1,1,-1,0,1,1,-1,-1,-3,2,-1,-1,7,1,-1,0,1,1,-1,-1,-3,2,-1,-1
134,resize,8,8,8,1,1,1,-2,-1,-1,-1,-2,0,-1,-3,6,-1,8,1,-2,-1,-1,-1,-2,0,-1,-3,6,-1
135,resize,1,1,1,1,1,1,-3,4,-1,-3,-1,-1,-3,1,-2,-1,1,1,-3,4,-1,-3,-1,-1,-3,1,-2,-1
136,resize,0,0,0,1,1,1,5,-2,0,-2,-3,-1,-1,0,-1,-1,0,1,5,-2,0,-2,-3,-1,-1,0,-1,-1
137,resize,1,1,1,1,1,1,-3,4,-2,-4,-1,-1,-1,-1,-1,-1,1,1,-3,4,-2,-4,-1,-1,-1,-1,-1,-1
138,resize,6,6,6,1,1,1,0,-2,-3,-3,-1,2,7,-3,0,-4,6,1,0,-2,-3,-3,-1,2,7,-3,0,-4
139,resize,4,4,4,1,1,1,-2,-1,-3,-3,3,-2,-2,-1,0,1,4,1,-2,-1,-3,-3,3,-2,-2,-1,0,1
140,resize,6,6,6,1,1,1,0,0,-3,-2,-1,1,3,-2,0,-1,6,1,0,0,-3,-2,-1,1,3,-2,0,-1
141,resize,7,7,7,1,1,1,-2,0,-1,0,0,-1,-5,4,-1,0,7,1,-2,0,-1,0,0,-1,-5,4,-1,0
142,resize,3,3,3,1,1,1,-1,0,1,3,-3,0,-2,-1,1,0,3,1,-1,0,1,3,-3,0,-2,-1,1,0
143,resize,1,1,1,1,1,1,-2,4,-1,-4,-1,0,-1,0,0,-2,1,1,-2,4,-1,-4,-1,0,-1,0,0,-2
144,resize,7,7,7,1,1,1,-4,1,1,0,0,-2,-4,4,-2,-2,7,1,-4,1,1,0,0,-2,-4,4,-2,-2
145,resize,1,1,1,1,1,1,-3,4,-1,-2,0,0,-2,0,-1,0,1,1,-3,4,-1,-2,0,0,-2,0,-1,0
146,resize,8,8,8,1,1,1,-2,-2,-2,-1,-1,0,-1,-3,5,1,8,1,-2,-2,-2,-1,-1,0,-1,-3,5,1
147,resize,2,2,2,1,1,1,-2,1,6,0,-2,-4,-2,-1,0,-3,2,1,-2,1,6,0,-2,-4,-2,-1,0,-3
148,resize,0,0,0,1,1,1,6,-2,-1,-2,-2,-1,0,-1,-2,0,0,1,6,-2,-1,-2,-2,-1,0,-1,-2,0
149,resize,2,2,2,1,1,1,-1,0,2,1,-2,0,-1,-1,0,-2,2,1,-1,0,2,1,-2,0,-1,-1,0,-2
150,resize,9,9,9,1,1,1,-1,-2,-2,-1,0,-1,-3,-1,-1,4,9,1,-1,-2,-2,-1,0,-1,-3,-1,-1,4
151,resize,9,9,8,1,0,0,-1,-2,0,-1,-1,-1,-3,-1,2,2,8,1,-1,-2,0,-1,-1,-1,-3,-1,2,2
152,resize,5,5,5,1,1,1,-1,-2,-1,0,-3,4,0,-2,1,1,5,1,-1,-2,-1,0,-3,4,0,-2,1,1
153,resize,5,5,5,1,1,1,-2,-1,-2,0,-2,5,0,-2,1,1,5,1,-2,-1,-2,0,-2,5,0,-2,1,1
154,resize,1,1,1,1,1,1,-3,3,-1,-2,0,-1,-2,1,-1,-1,1,1,-3,3,-1,-2,0,-1,-2,1,-1,-1
155,resize,5,5,5,1,1,1,-2,-1,-2,0,-2,6,0,-2,0,1,5,1,-2,-1,-2,0,-2,6,0,-2,0,1
156,resize,6,6,6,1,1,1,-2,0,-1,-2,0,1,5,-2,0,-4,6,1,-2,0,-1,-2,0,1,5,-2,0,-4
157,resize,0,0,0,1,1,1,5,-2,-1,-1,-3,0,0,-1,-1,0,0,1,5,-2,-1,-1,-3,0,0,-1,-1,0
158,resize,3,3,2,1,0,0,0,1,2,2,-3,0,-2,0,-1,-2,2,1,0,1,2,2,-3,0,-2,0,-1,-2
159,resize,4,4,4,1,1,1,-2,0,-1,-2,3,-1,-2,0,-1,0,4,1,-2,0,-1,-2,3,-1,-2,0,-1,0
160,resize,4,4,4,1,1,1,-3,1,-2,-5,4,-2,-2,-1,-1,2,4,1,-3,1,-2,-5,4,-2,-2,-1,-1,2
161,resize,6,6,6,1,1,1,1,-2,-3,-2,-1,1,6,-4,0,-2,6,1,1,-2,-3,-2,-1,1,6,-4,0,-2
162,resize,5,5,5,1,1,1,-3,-1,-4,0,-3,7,0,-2,0,1,5,1,-3,-1,-4,0,-3,7,0,-2,0,1
163,resize,4,4,4,1,1,1,-3,-2,-2,-3,5,-2,-4,-1,-2,0,4,1,-3,-2,-2,-3,5,-2,-4,-1,-2,0
164,resize,6,6,6,1,1,1,-1,0,-1,-1,0,1,5,-1,0,-4,6,1,-1,0,-1,-1,0,1,5,-1,0,-4
165,resize,5,5,5,1,1,1,-3,-1,-3,0,-2,6,-1,-1,0,2,5,1,-3,-1,-3,0,-2,6,-1,-1,0,2
166,resize,4,4,4,1,1,1,-2,-1,-2,-3,4,-1,-2,-1,-3,0,4,1,-2,-1,-2,-3,4,-1,-2,-1,-3,0
167,resize,5,5,5,1,1,1,-1,-1,-1,1,-2,3,0,-1,0,-1,5,1,-1,-1,-1,1,-2,3,0,-1,0,-1
168,resize,1,1,1,1,1,1,-3,3,-1,-2,0,-1,-2,0,-1,0,1,1,-3,3,-1,-2,0,-1,-2,0,-1,0
169,resize,4,4,4,1,1,1,-4,0,-1,-3,4,-2,-4,0,-2,0,4,1,-4,0,-1,-3,4,-2,-4,0,-2,0
170,resize,4,4,4,1,1,1,-4,0,-2,-3,4,-2,-3,-1,-2,0,4,1,-4,0,-2,-3,4,-2,-3,-1,-2,0
171,resize,7,7,7,1,1,1,-1,0,-1,0,0,-1,-4,2,0,0,7,1,-1,0,-1,0,0,-1,-4,2,0,0
172,resize,2,2,2,1,1,1,-1,1,5,0,-4,-3,-2,1,-1,-5,2,1,-1,1,5,0,-4,-3,-2,1,-1,-5
173,resize,3,3,3,1,1,1,-3,0,-1,5,-3,2,-2,-1,0,-1,3,1,-3,0,-1,5,-3,2,-2,-1,0,-1
174,resize,2,2,2,1,1,1,0,0,5,1,-3,-3,-2,0,0,-3,2,1,0,0,5,1,-3,-3,-2,0,0,-3
175,resize,7,7,1,1,0,0,-1,1,0,0,-1,0,-2,1,-1,-1,1,1,-1,1,0,0,-1,0,-2,1,-1,-1
176,resize,1,1,1,1,1,1,-2,3,-1,-2,0,0,-2,1,-1,0,1,1,-2,3,-1,-2,0,0,-2,1,-1,0
177,resize,8,8,8,1,1,1,0,-1,-1,0,-1,0,-1,-2,4,0,8,1,0,-1,-1,0,-1,0,-1,-2,4,0
178,resize,1,1,1,1,1,1,-3,4,-1,-3,-1,-1,-3,1,-2,-1,1,1,-3,4,-1,-3,-1,-1,-3,1,-2,-1
179,resize,8,8,8,1,1,1,-2,-2,-1,0,-2,0,-1,-3,6,-1,8,1,-2,-2,-1,0,-2,0,-1,-3,6,-1
180,resize,1,1,1,1,1,1,-3,4,-1,-2,-1,-1,-2,1,-2,0,1,1,-3,4,-1,-2,-1,-1,-2,1,-2,0
181,resize,8,8,8,1,1,1,-1,-1,-2,-1,-2,1,0,-3,6,-1,8,1,-1,-1,-2,-1,-2,1,0,-3,6,-1
182,resize,5,5,5,1,1,1,-2,-1,-2,0,-2,5,0,-2,1,1,5,1,-2,-1,-2,0,-2,5,0,-2,1,1
183,resize,0,0,0,1,1,1,4,-3,-1,-1,-1,-2,0,-1,-2,0,0,1,4,-3,-1,-1,-1,-2,0,-1,-2,0
184,resize,8,8,8,1,1,1,-1,-1,-1,2,-3,0,-1,-1,3,-2,8,1,-1,-1,-1,2,-3,0,-1,-1,3,-2
185,resize,9,9,9,1,1,1,-1,-2,-2,0,1,-2,-3,0,0,3,9,1,-1,-2,-2,0,1,-2,-3,0,0,3
186,resize,2,2,2,1,1,1,0,1,5,0,-3,-3,-2,1,-1,-5,2,1,0,1,5,0,-3,-3,-2,1,-1,-5
187,resize,5,5,5,1,1,1,-2,-1,-2,1,-3,5,0,-1,0,1,5,1,-2,-1,-2,1,-3,5,0,-1,0,1
188,resize,0,0,0,1,1,1,6,-3,-1,-3,-4,1,1,-2,0,-2,0,1,6,-3,-1,-3,-4,1,1,-2,0,-2
189,resize,1,1,1,1,1,1,-3,4,-1,-2,0,0,-2,0,-2,0,1,1,-3,4,-1,-2,0,0,-2,0,-2,0
190,resize,1,1,1,1,1,1,-1,3,-2,-2,-1,-1,-3,0,0,0,1,1,-1,3,-2,-2,-1,-1,-3,0,0,0
191,resize,1,1,1,1,1,1,-2,3,-2,-2,0,0,-1,-1,-1,0,1,1,-2,3,-2,-2,0,0,-1,-1,-1,0
192,resize,0,0,0,1,1,1,5,-3,0,-2,-3,-2,-1,-1,1,-1,0,1,5,-3,0,-2,-3,-2,-1,-1,1,-1
193,resize,9,9,9,1,1,1,-2,-2,0,-1,0,-1,-3,0,0,3,9,1,-2,-2,0,-1,0,-1,-3,0,0,3
194,resize,0,0,0,1,1,1,6,-3,-1,-2,-4,0,-1,0,-1,-1,0,1,6,-3,-1,-2,-4,0,-1,0,-1,-1
195,resize,3,3,3,1,1,1,-1,0,0,2,-1,0,-1,0,0,0,3,1,-1,0,0,2,-1,0,-1,0,0,0
196,resize,1,1,1,1,1,1,-3,4,-1,-3,0,-1,-2,0,-2,-1,1,1,-3,4,-1,-3,0,-1,-2,0,-2,-1
197,resize,6,6,6,1,1,1,1,-2,-2,-3,-2,2,5,-4,0,-2,6,1,1,-2,-2,-3,-2,2,5,-4,0,-2
198,resize,4,4,4,1,1,1,-4,-1,-2,-3,5,-2,-3,-1,-2,0,4,1,-4,-1,-2,-3,5,-2,-3,-1,-2,0
199,resize,2,2,2,1,1,1,0,0,3,1,-3,-2,-2,1,0,-3,2,1,0,0,3,1,-3,-2,-2,1,0,-3
200,resize,3,3,3,1,1,1,-2,-1,-2,4,-3,2,-2,-2,0,0,3,1,-2,-1,-2,4,-3,2,-2,-2,0,0
201,resize,6,6,6,1,1,1,0,-2,-4,-3,-1,1,7,-4,-1,-3,6,1,0,-2,-4,-3,-1,1,7,-4,-1,-3
202,resize,1,1,1,1,1,1,-2,3,0,-3,-2,-1,-1,0,0,-3,1,1,-2,3,0,-3,-2,-1,-1,0,0,-3
203,resize,1,1,1,1,1,1,-2,2,-1,-1,0,0,-1,0,0,0,1,1,-2,2,-1,-1,0,0,-1,0,0,0
204,resize,1,1,1,1,1,1,-3,4,-1,-3,-2,-1,-2,0,-1,-2,1,1,-3,4,-1,-3,-2,-1,-2,0,-1,-2
205,resize,3,3,3,1,1,1,-2,0,0,4,-2,1,-2,0,0,-1,3,1,-2,0,0,4,-2,1,-2,0,0,-1
206,resize,9,9,9,1,1,1,-3,-1,-2,-2,1,-1,-3,-1,-1,4,9,1,-3,-1,-2,-2,1,-1,-3,-1,-1,4
207,resize,5,5,5,1,1,1,-3,1,-2,2,-1,3,-2,0,-1,0,5,1,-3,1,-2,2,-1,3,-2,0,-1,0
208,resize,2,2,2,1,1,1,-1,1,6,0,-3,-3,-2,0,-2,-5,2,1,-1,1,6,0,-3,-3,-2,0,-2,-5
209,resize,9,9,4,1,0,0,-3,-1,-1,-1,2,-2,-4,0,-1,2,4,1,-3,-1,-1,-1,2,-2,-4,0,-1,2
210,resize,4,4,4,1,1,1,-3,-1,-1,-2,4,-2,-3,0,-1,0,4,1,-3,-1,-1,-2,4,-2,-3,0,-1,0
211,resize,5,5,5,1,1,1,-1,-1,-1,0,-1,3,0,-2,1,0,5,1,-1,-1,-1,0,-1,3,0,-2,1,0
212,resize,9,9,9,1,1,1,-3,-2,-2,-1,1,-2,-5,1,-1,5,9,1,-3,-2,-2,-1,1,-2,-5,1,-1,5
213,resize,3,3,3,1,1,1,-1,-1,0,3,-3,-1,-3,0,1,-1,3,1,-1,-1,0,3,-3,-1,-3,0,1,-1
214,resize,9,9,9,1,1,1,-2,-1,-2,-1,1,-2,-3,-1,0,4,9,1,-2,-1,-2,-1,1,-2,-3,-1,0,4
215,resize,0,0,0,1,1,1,5,-2,-1,-1,-2,-1,-1,0,-1,0,0,1,5,-2,-1,-1,-2,-1,-1,0,-1,0
216,resize,3,3,3,1,1,1,-4,0,0,6,-4,1,-3,0,0,-2,3,1,-4,0,0,6,-4,1,-3,0,0,-2
217,resize,6,6,5,1,0,0,1,-3,-2,-2,-3,4,4,-4,1,-1,5,1,1,-3,-2,-2,-3,4,4,-4,1,-1
218,resize,5,5,5,1,1,1,-1,-1,-3,-1,-1,5,-1,-1,0,1,5,1,-1,-1,-3,-1,-1,5,-1,-1,0,1
219,resize,5,5,5,1,1,1,-2,-2,-3,1,-2,5,-1,-1,0,1,5,1,-2,-2,-3,1,-2,5,-1,-1,0,1
220,resize,7,7,7,1,1,1,-1,-1,0,-1,-1,-1,-5,4,-1,0,7,1,-1,-1,0,-1,-1,-1,-5,4,-1,0
221,resize,2,2,2,1,1,1,0,-1,3,1,-3,-2,-2,0,0,-2,2,1,0,-1,3,1,-3,-2,-2,0,0,-2
222,resize,2,2,2,1,1,1,-1,0,3,0,-2,-1,-1,0,0,-2,2,1,-1,0,3,0,-2,-1,-1,0,0,-2
223,resize,7,7,7,1,1,1,-2,-1,0,0,-1,-1,-6,4,-1,0,7,1,-2,-1,0,0,-1,-1,-6,4,-1,0
224,resize,1,1,1,1,1,1,0,2,0,-1,-1,0,-1,0,0,-1,1,1,0,2,0,-1,-1,0,-1,0,0,-1
225,resize,2,2,2,1,1,1,1,0,4,1,-3,-3,-3,1,0,-2,2,1,1,0,4,1,-3,-3,-3,1,0,-2
226,resize,8,8,8,1,1,1,-2,-1,-1,-1,0,0,-1,-1,4,0,8,1,-2,-1,-1,-1,0,0,-1,-1,4,0
227,resize,4,4,4,1,1,1,-3,0,0,-2,3,-1,-2,0,-2,-1,4,1,-3,0,0,-2,3,-1,-2,0,-2,-1
228,resize,1,1,1,1,1,1,-2,4,-1,-4,0,-1,-1,-1,-1,-2,1,1,-2,4,-1,-4,0,-1,-1,-1,-1,-2
229,resize,7,7,7,1,1,1,-1,0,0,0,-1,-1,-4,2,-1,0,7,1,-1,0,0,0,-1,-1,-4,2,-1,0
230,resize,3,3,3,1,1,1,-1,-1,-2,5,-3,3,-2,-2,0,0,3,1,-1,-1,-2,5,-3,3,-2,-2,0,0
231,resize,3,3,3,1,1,1,-2,-1,-2,5,-5,2,-3,-2,1,0,3,1,-2,-1,-2,5,-5,2,-3,-2,1,0
232,resize,8,8,8,1,1,1,-1,-1,-2,-2,-2,2,1,-3,6,-1,8,1,-1,-1,-2,-2,-2,2,1,-3,6,-1
233,resize,8,8,8,1,1,1,-1,-1,-2,0,-1,0,-1,-2,4,0,8,1,-1,-1,-2,0,-1,0,-1,-2,4,0
234,resize,7,7,7,1,1,1,-2,1,1,1,-1,-1,-3,3,-1,-1,7,1,-2,1,1,1,-1,-1,-3,3,-1,-1
235,resize,9,9,9,1,1,1,-1,-2,-1,0,0,-1,-2,0,1,2,9,1,-1,-2,-1,0,0,-1,-2,0,1,2
236,resize,2,2,2,1,1,1,1,1,7,0,-3,-4,-3,1,-2,-4,2,1,1,1,7,0,-3,-4,-3,1,-2,-4
237,resize,2,2,2,1,1,1,-2,1,6,0,-2,-3,-2,0,-1,-4,2,1,-2,1,6,0,-2,-3,-2,0,-1,-4
238,resize,4,4,4,1,1,1,-3,-1,-1,-3,5,-3,-3,-1,-3,-2,4,1,-3,-1,-1,-3,5,-3,-3,-1,-3,-2
239,resize,1,1,1,1,1,1,-3,4,-2,-3,0,-1,-2,0,-1,0,1,1,-3,4,-2,-3,0,-1,-2,0,-1,0
240,resize,5,5,5,1,1,1,-3,-1,-3,0,-2,4,0,-2,2,0,5,1,-3,-1,-3,0,-2,4,0,-2,2,0
241,resize,9,9,9,1,1,1,-1,-1,0,1,-1,0,-3,-1,1,2,9,1,-1,-1,0,1,-1,0,-3,-1,1,2
242,resize,8,8,8,1,1,1,0,-2,-2,-2,-2,0,0,-3,5,0,8,1,0,-2,-2,-2,-2,0,0,-3,5,0
243,resize,7,7,7,1,1,1,-3,0,2,0,0,-3,-4,3,-2,-3,7,1,-3,0,2,0,0,-3,-4,3,-2,-3
244,resize,2,2,2,1,1,1,-1,0,4,0,-3,-3,-2,1,-1,-5,2,1,-1,0,4,0,-3,-3,-2,1,-1,-5
245,resize,3,3,3,1,1,1,-2,0,0,3,-2,1,-1,1,-1,-2,3,1,-2,0,0,3,-2,1,-1,1,-1,-2
246,resize,0,0,0,1,1,1,6,-2,-1,-1,-3,-1,1,-2,-1,-1,0,1,6,-2,-1,-1,-3,-1,1,-2,-1,-1
247,resize,4,2,2,0,0,1,0,1,2,-2,0,-1,1,-2,-2,-4,2,1,0,1,2,-2,0,-1,1,-2,-2,-4
248,resize,4,4,4,1,1,1,-2,-1,-2,-3,5,-3,-3,0,-3,0,4,1,-2,-1,-2,-3,5,-3,-3,0,-3,0
249,resize,2,2,2,1,1,1,0,1,4,0,-3,-3,-1,0,-1,-4,2,1,0,1,4,0,-3,-3,-1,0,-1,-4
250,resize,4,4,4,1,1,1,-4,0,-2,-4,5,-2,-4,0,-3,1,4,1,-4,0,-2,-4,5,-2,-4,0,-3,1
251,resize,1,1,1,1,1,1,-3,4,-1,-2,0,-1,-1,0,-2,-1,1,1,-3,4,-1,-2,0,-1,-1,0,-2,-1
252,resize,9,9,9,1,1,1,-1,-2,-3,0,0,-2,-5,0,-1,4,9,1,-1,-2,-3,0,0,-2,-5,0,-1,4
253,resize,5,5,5,1,1,1,-2,-1,-2,1,-2,5,-1,-1,0,1,5,1,-2,-1,-2,1,-2,5,-1,-1,0,1
254,resize,7,7,7,1,1,1,-2,0,1,0,-1,-1,-6,4,-1,0,7,1,-2,0,1,0,-1,-1,-6,4,-1,0
255,resize,7,7,7,1,1,1,-1,1,1,0,-1,-1,-4,3,-1,-1,7,1,-1,1,1,0,-1,-1,-4,3,-1,-1
256,resize,2,2,2,1,1,1,-1,1,4,0,-3,-3,-2,1,-2,-4,2,1,-1,1,4,0,-3,-3,-2,1,-2,-4
257,resize,8,8,8,1,1,1,-1,-1,-1,-1,-2,1,1,-2,4,-3,8,1,-1,-1,-1,-1,-2,1,1,-2,4,-3
258,resize,2,2,2,1,1,1,0,0,5,0,-3,-3,-2,0,-1,-4,2,1,0,0,5,0,-3,-3,-2,0,-1,-4
259,resize,6,6,6,1,1,1,2,-2,-3,-1,-1,2,4,-2,1,-1,6,1,2,-2,-3,-1,-1,2,4,-2,1,-1
260,resize,8,8,8,1,1,1,-2,-2,0,0,-2,0,-1,-3,5,0,8,1,-2,-2,0,0,-2,0,-1,-3,5,0
261,resize,5,5,5,1,1,1,-2,-1,-2,2,-3,4,-2,-1,1,1,5,1,-2,-1,-2,2,-3,4,-2,-1,1,1
262,resize,7,7,7,1,1,1,-2,0,0,0,0,-1,-5,4,-1,0,7,1,-2,0,0,0,0,-1,-5,4,-1,0
263,resize,7,7,7,1,1,1,-2,1,0,0,-1,-1,-4,3,-1,-1,7,1,-2,1,0,0,-1,-1,-4,3,-1,-1
264,resize,9,9,9,1,1,1,-3,1,-2,-2,1,-2,-3,-2,1,3,9,1,-3,1,-2,-2,1,-2,-3,-2,1,3
265,resize,1,1,1,1,1,1,-3,4,-1,-2,0,-1,-2,1,-2,-1,1,1,-3,4,-1,-2,0,-1,-2,1,-2,-1
266,resize,8,8,8,1,1,1,0,-2,-1,-1,-2,0,0,-3,4,-1,8,1,0,-2,-1,-1,-2,0,0,-3,4,-1
267,resize,1,1,1,1,1,1,-3,4,-1,-3,0,-1,-2,0,-1,-1,1,1,-3,4,-1,-3,0,-1,-2,0,-1,-1
268,resize,8,8,8,1,1,1,-1,-2,0,-1,-1,0,-1,-2,4,0,8,1,-1,-2,0,-1,-1,0,-1,-2,4,0
269,resize,0,0,0,1,1,1,4,-2,-1,0,-2,0,1,-1,-1,0,0,1,4,-2,-1,0,-2,0,1,-1,-1,0
270,resize,3,3,3,1,1,1,-5,0,-2,5,-3,2,-3,0,0,0,3,1,-5,0,-2,5,-3,2,-3,0,0,0
271,resize,0,0,0,1,1,1,5,-2,-1,-1,-2,0,0,-1,-2,0,0,1,5,-2,-1,-1,-2,0,0,-1,-2,0
272,resize,1,1,1,1,1,1,-4,4,-2,-2,0,-1,-3,1,-1,0,1,1,-4,4,-2,-2,0,-1,-3,1,-1,0
273,resize,9,9,9,1,1,1,-2,-1,-3,0,-1,-2,-4,-1,0,4,9,1,-2,-1,-3,0,-1,-2,-4,-1,0,4
274,resize,9,9,9,1,1,1,-1,-2,-2,1,-2,-1,-5,0,-1,4,9,1,-1,-2,-2,1,-2,-1,-5,0,-1,4
275,resize,4,4,4,1,1,1,-3,-1,-2,-3,4,-2,-3,0,-2,2,4,1,-3,-1,-2,-3,4,-2,-3,0,-2,2
276,resize,1,1,1,1,1,1,-3,4,-2,-4,-1,-1,-2,0,-1,-1,1,1,-3,4,-2,-4,-1,-1,-2,0,-1,-1
277,resize,8,8,8,1,1,1,-1,-2,-1,0,-1,-1,-1,-2,4,0,8,1,-1,-2,-1,0,-1,-1,-1,-2,4,0
278,resize,2,2,2,1,1,1,0,0,4,0,-3,-3,-2,0,0,-2,2,1,0,0,4,0,-3,-3,-2,0,0,-2
279,resize,1,1,1,1,1,1,-3,3,-1,-2,0,-1,-2,0,-1,-1,1,1,-3,3,-1,-2,0,-1,-2,0,-1,-1
280,resize,2,2,2,1,1,1,0,0,6,0,-4,-4,-2,0,-1,-5,2,1,0,0,6,0,-4,-4,-2,0,-1,-5
281,resize,9,9,9,1,1,1,-2,-2,-3,0,0,-2,-5,-1,-1,4,9,1,-2,-2,-3,0,0,-2,-5,-1,-1,4
282,resize,7,7,7,1,1,1,-2,1,1,0,-1,-1,-2,2,-1,-1,7,1,-2,1,1,0,-1,-1,-2,2,-1,-1
283,resize,5,5,5,1,1,1,-1,-1,-2,0,-2,5,0,-1,0,0,5,1,-1,-1,-2,0,-2,5,0,-1,0,0
284,resize,9,9,9,1,1,1,-1,-2,-2,0,0,-1,-3,0,0,4,9,1,-1,-2,-2,0,0,-1,-3,0,0,4
285,resize,2,2,2,1,1,1,0,0,6,1,-3,-4,-2,1,-1,-4,2,1,0,0,6,1,-3,-4,-2,1,-1,-4
286,resize,6,6,6,1,1,1,-1,0,-2,-2,-1,2,3,-3,2,-2,6,1,-1,0,-2,-2,-1,2,3,-3,2,-2
287,resize,4,4,4,1,1,1,-5,-1,-1,-3,5,-3,-5,-1,-2,-1,4,1,-5,-1,-1,-3,5,-3,-5,-1,-2,-1
288,resize,1,1,1,1,1,1,-2,3,-2,-3,-1,1,-1,-1,0,0,1,1,-2,3,-2,-3,-1,1,-1,-1,0,0
289,resize,5,5,5,1,1,1,-3,1,-1,0,0,3,-1,0,1,1,5,1,-3,1,-1,0,0,3,-1,0,1,1
290,resize,8,8,8,1,1,1,-3,-1,-2,-2,1,2,1,-2,3,0,8,1,-3,-1,-2,-2,1,2,1,-2,3,0
291,resize,2,2,2,1,1,1,0,1,5,-1,-3,-3,-1,0,-1,-5,2,1,0,1,5,-1,-3,-3,-1,0,-1,-5
292,resize,9,9,9,1,1,1,0,-1,-1,-1,0,-2,-2,0,-1,3,9,1,0,-1,-1,-1,0,-2,-2,0,-1,3
293,resize,2,2,2,1,1,1,0,1,5,0,-2,-3,-3,0,-1,-3,2,1,0,1,5,0,-2,-3,-3,0,-1,-3
294,resize,0,0,0,1,1,1,5,-2,-1,-2,-4,1,0,-1,0,-2,0,1,5,-2,-1,-2,-4,1,0,-1,0,-2
295,resize,4,4,4,1,1,1,-4,0,-1,-4,5,-3,-4,0,-3,-1,4,1,-4,0,-1,-4,5,-3,-4,0,-3,-1
296,resize,0,0,0,1,1,1,5,-2,0,-1,-2,-1,1,-1,-2,-1,0,1,5,-2,0,-1,-2,-1,1,-1,-2,-1
297,resize,0,0,0,1,1,1,4,-3,-2,-1,-2,1,2,-1,-1,0,0,1,4,-3,-2,-1,-2,1,2,-1,-1,0
298,resize,2,2,2,1,1,1,-1,1,6,1,-4,-3,-1,0,-2,-5,2,1,-1,1,6,1,-4,-3,-1,0,-2,-5
299,resize,8,8,8,1,1,1,-1,-2,-2,0,-2,0,-1,-3,6,0,8,1,-1,-2,-2,0,-2,0,-1,-3,6,0
300,resize,4,4,4,1,1,1,-1,0,-1,-2,2,-2,-1,-1,-2,-1,4,1,-1,0,-1,-2,2,-2,-1,-1,-2,-1
301,resize,7,7,2,1,0,0,-2,0,2,1,-1,-1,-3,2,-1,-2,2,1,-2,0,2,1,-1,-1,-3,2,-1,-2
302,resize,1,1,1,1,1,1,-3,4,-2,-2,-1,0,-2,1,-1,0,1,1,-3,4,-2,-2,-1,0,-2,1,-1,0
303,resize,2,2,2,1,1,1,0,0,3,0,-2,-2,-1,0,0,-2,2,1,0,0,3,0,-2,-2,-1,0,0,-2
304,resize,4,4,4,1,1,1,-5,-1,-2,-3,5,-2,-4,0,-1,-1,4,1,-5,-1,-2,-3,5,-2,-4,0,-1,-1
305,resize,0,0,0,1,1,1,4,-2,-1,-1,-3,0,1,-2,0,-1,0,1,4,-2,-1,-1,-3,0,1,-2,0,-1
306,resize,2,2,2,1,1,1,-1,0,6,0,-3,-4,-2,0,-1,-5,2,1,-1,0,6,0,-3,-4,-2,0,-1,-5
307,resize,7,7,7,1,1,1,-4,1,0,0,-1,-2,-5,4,-3,-1,7,1,-4,1,0,0,-1,-2,-5,4,-3,-1
308,resize,4,4,4,1,1,1,-5,0,-2,-4,5,-2,-3,-2,0,-1,4,1,-5,0,-2,-4,5,-2,-3,-2,0,-1
309,resize,3,3,3,1,1,1,-4,0,0,5,-3,1,-2,-1,0,-2,3,1,-4,0,0,5,-3,1,-2,-1,0,-2
310,resize,3,3,3,1,1,1,-3,-1,0,5,-4,1,-2,-1,1,-1,3,1,-3,-1,0,5,-4,1,-2,-1,1,-1
311,resize,0,0,0,1,1,1,4,-2,-1,-1,-2,0,1,-1,0,-1,0,1,4,-2,-1,-1,-2,0,1,-1,0,-1
312,resize,0,0,0,1,1,1,5,-3,-1,-2,-2,-2,0,0,-1,0,0,1,5,-3,-1,-2,-2,-2,0,0,-1,0
313,resize,3,3,3,1,1,1,-5,-1,-2,4,-3,3,-2,-1,0,-2,3,1,-5,-1,-2,4,-3,3,-2,-1,0,-2
314,resize,1,1,1,1,1,1,-4,4,-3,-2,-1,0,-3,0,-1,1,1,1,-4,4,-3,-2,-1,0,-3,0,-1,1
315,resize,9,9,9,1,1,1,-1,-3,-2,1,-1,-1,-4,1,0,4,9,1,-1,-3,-2,1,-1,-1,-4,1,0,4
316,resize,6,6,6,1,1,1,1,-1,-3,-2,-1,2,4,-4,0,-1,6,1,1,-1,-3,-2,-1,2,4,-4,0,-1
317,resize,5,5,5,1,1,1,-3,-1,-2,1,-2,4,-1,-1,1,-1,5,1,-3,-1,-2,1,-2,4,-1,-1,1,-1
318,resize,2,2,2,1,1,1,1,-1,3,1,-4,-2,0,-1,0,-3,2,1,1,-1,3,1,-4,-2,0,-1,0,-3
319,resize,5,5,5,1,1,1,-3,0,-3,0,-2,5,0,-1,1,0,5,1,-3,0,-3,0,-2,5,0,-1,1,0
320,resize,9,9,8,1,0,0,-2,0,-2,-1,0,-1,-2,0,1,1,8,1,-2,0,-2,-1,0,-1,-2,0,1,1
321,resize,2,7,2,0,1,0,-1,1,2,0,-2,-2,-3,2,-1,-3,2,1,-1,1,2,0,-2,-2,-3,2,-1,-3
322,resize,9,9,9,1,1,1,-2,-2,-3,-1,0,-1,-5,-1,-1,5,9,1,-2,-2,-3,-1,0,-1,-5,-1,-1,5
323,resize,3,3,3,1,1,1,-3,-1,-1,6,-5,1,-3,-1,1,-1,3,1,-3,-1,-1,6,-5,1,-3,-1,1,-1
324,resize,0,0,0,1,1,1,2,-1,-1,0,-1,0,0,-1,0,-1,0,1,2,-1,-1,0,-1,0,0,-1,0,-1
325,resize,4,4,4,1,1,1,-3,-1,-2,-4,4,-2,-3,-1,-1,1,4,1,-3,-1,-2,-4,4,-2,-3,-1,-1,1
326,resize,2,2,2,1,1,1,-1,2,4,-3,0,-2,0,-3,-2,-3,2,1,-1,2,4,-3,0,-2,0,-3,-2,-3
327,resize,0,0,0,1,1,1,5,-3,0,-2,-2,-2,0,-1,-1,0,0,1,5,-3,0,-2,-2,-2,0,-1,-1,0
328,resize,7,7,7,1,1,1,-3,1,1,0,0,-2,-4,4,-2,-2,7,1,-3,1,1,0,0,-2,-4,4,-2,-2
329,resize,1,1,1,1,1,1,-3,4,-1,-3,-1,-1,-2,0,-1,-1,1,1,-3,4,-1,-3,-1,-1,-2,0,-1,-1
330,resize,1,1,1,1,1,1,-3,4,-2,-3,0,0,-3,1,-2,0,1,1,-3,4,-2,-3,0,0,-3,1,-2,0
331,resize,2,2,2,1,1,1,0,1,5,0,-4,-3,-2,1,-1,-5,2,1,0,1,5,0,-4,-3,-2,1,-1,-5
332,resize,1,1,1,1,1,1,-3,4,-1,-3,-1,-1,-2,0,-1,0,1,1,-3,4,-1,-3,-1,-1,-2,0,-1,0
333,resize,5,5,5,1,1,1,-1,-1,-2,0,-3,3,0,-3,2,1,5,1,-1,-1,-2,0,-3,3,0,-3,2,1
334,resize,3,3,3,1,1,1,-3,-1,-1,5,-4,2,-3,-1,0,0,3,1,-3,-1,-1,5,-4,2,-3,-1,0,0
335,resize,3,3,3,1,1,1,-3,-1,0,4,-3,1,-2,-1,1,-1,3,1,-3,-1,0,4,-3,1,-2,-1,1,-1
336,resize,9,9,9,1,1,1,-2,-1,-1,-1,1,-2,-3,0,-1,3,9,1,-2,-1,-1,-1,1,-2,-3,0,-1,3
337,resize,7,7,7,1,1,1,0,-1,1,0,-2,-1,-4,3,-1,0,7,1,0,-1,1,0,-2,-1,-4,3,-1,0
338,resize,8,8,8,1,1,1,-1,-2,1,1,-3,0,0,-3,4,-2,8,1,-1,-2,1,1,-3,0,0,-3,4,-2
339,resize,6,6,6,1,1,1,0,-1,-4,-2,-1,3,4,-3,1,0,6,1,0,-1,-4,-2,-1,3,4,-3,1,0
340,resize,5,5,5,1,1,1,-2,-1,-3,2,-2,4,-1,-1,0,0,5,1,-2,-1,-3,2,-2,4,-1,-1,0,0
341,resize,6,6,6,1,1,1,0,-1,-2,-1,-1,1,2,-1,1,0,6,1,0,-1,-2,-1,-1,1,2,-1,1,0
342,resize,1,1,1,1,1,1,-4,4,-2,-4,0,-1,-2,0,-2,0,1,1,-4,4,-2,-4,0,-1,-2,0,-2,0
343,resize,3,3,3,1,1,1,-3,-1,-2,6,-4,2,-3,-2,0,0,3,1,-3,-1,-2,6,-4,2,-3,-2,0,0
344,resize,8,8,8,1,1,1,-2,-1,-2,-1,-1,2,2,-3,4,-1,8,1,-2,-1,-2,-1,-1,2,2,-3,4,-1
345,resize,1,1,1,1,1,1,-3,4,-1,-3,0,-2,-3,0,-2,0,1,1,-3,4,-1,-3,0,-2,-3,0,-2,0
346,resize,0,0,0,1,1,1,5,-2,-1,-2,-3,0,0,0,0,-2,0,1,5,-2,-1,-2,-3,0,0,0,0,-2
347,resize,5,5,5,1,1,1,-2,-2,-2,-2,-1,4,1,-2,1,1,5,1,-2,-2,-2,-2,-1,4,1,-2,1,1
348,resize,1,1,1,1,1,1,-2,4,-1,-3,-1,-1,-1,0,-1,-1,1,1,-2,4,-1,-3,-1,-1,-1,0,-1,-1
349,resize,3,3,3,1,1,1,-1,-1,-1,4,-4,0,-4,0,1,0,3,1,-1,-1,-1,4,-4,0,-4,0,1,0
350,resize,1,1,1,1,1,1,-3,3,-2,-2,0,-1,-2,0,-1,0,1,1,-3,3,-2,-2,0,-1,-2,0,-1,0
351,resize,5,5,5,1,1,1,-2,-1,-3,1,-3,6,0,-1,0,1,5,1,-2,-1,-3,1,-3,6,0,-1,0,1
352,resize,5,5,5,1,1,1,-1,-1,-2,0,-2,4,-1,-1,-1,0,5,1,-1,-1,-2,0,-2,4,-1,-1,-1,0
353,resize,6,6,6,1,1,1,0,-1,-3,-2,-1,1,5,-4,0,-2,6,1,0,-1,-3,-2,-1,1,5,-4,0,-2
354,resize,1,1,1,1,1,1,-2,5,-2,-4,-2,-1,-1,-1,-1,-2,1,1,-2,5,-2,-4,-2,-1,-1,-1,-1,-2
355,resize,8,8,8,1,1,1,-1,-1,-2,-1,-1,1,0,-3,3,0,8,1,-1,-1,-2,-1,-1,1,0,-3,3,0
356,resize,5,5,5,1,1,1,-2,-2,-3,1,-2,7,-1,-1,-1,1,5,1,-2,-2,-3,1,-2,7,-1,-1,-1,1
357,resize,1,1,1,1,1,1,-2,2,0,-2,0,-1,-2,0,-1,0,1,1,-2,2,0,-2,0,-1,-2,0,-1,0
358,resize,7,7,7,1,1,1,-3,1,0,-1,1,-2,-3,3,-1,0,7,1,-3,1,0,-1,1,-2,-3,3,-1,0
359,resize,9,9,9,1,1,1,-2,0,-2,-2,1,-2,-3,-1,1,3,9,1,-2,0,-2,-2,1,-2,-3,-1,1,3
360,resize,4,4,4,1,1,1,-4,-2,-1,-3,4,-2,-4,-1,-1,1,4,1,-4,-2,-1,-3,4,-2,-4,-1,-1,1
361,resize,6,6,6,1,1,1,-1,-2,-4,-2,0,1,6,-3,0,-3,6,1,-1,-2,-4,-2,0,1,6,-3,0,-3
362,resize,2,2,2,1,1,1,1,1,4,0,-3,-3,-3,1,-2,-3,2,1,1,1,4,0,-3,-3,-3,1,-2,-3
363,resize,2,2,2,1,1,1,0,1,5,-1,-3,-3,-1,0,-1,-5,2,1,0,1,5,-1,-3,-3,-1,0,-1,-5
364,resize,5,5,5,1,1,1,-1,-1,-1,0,-3,6,0,-1,0,1,5,1,-1,-1,-1,0,-3,6,0,-1,0,1
365,resize,0,0,0,1,1,1,5,-2,-2,-2,-2,-1,0,0,-1,0,0,1,5,-2,-2,-2,-2,-1,0,0,-1,0
366,resize,6,6,6,1,1,1,1,-1,-2,-2,-1,1,4,-2,0,-2,6,1,1,-1,-2,-2,-1,1,4,-2,0,-2
367,resize,5,5,5,1,1,1,-2,0,-1,1,-1,3,-1,-1,0,0,5,1,-2,0,-1,1,-1,3,-1,-1,0,0
368,resize,6,6,6,1,1,1,-1,-1,-3,-2,0,2,4,-3,1,-1,6,1,-1,-1,-3,-2,0,2,4,-3,1,-1
369,resize,3,3,3,1,1,1,-2,-1,-1,5,-4,1,-2,-1,0,0,3,1,-2,-1,-1,5,-4,1,-2,-1,0,0
370,resize,7,7,7,1,1,1,-2,1,2,0,-1,-2,-4,3,-2,-2,7,1,-2,1,2,0,-1,-2,-4,3,-2,-2
371,resize,2,2,2,1,1,1,0,1,7,0,-4,-4,-2,1,-2,-6,2,1,0,1,7,0,-4,-4,-2,1,-2,-6
372,resize,0,0,0,1,1,1,4,-1,0,-1,-2,0,1,-1,-1,-1,0,1,4,-1,0,-1,-2,0,1,-1,-1,-1
373,resize,8,8,8,1,1,1,-2,-1,-1,0,-2,0,0,-3,4,0,8,1,-2,-1,-1,0,-2,0,0,-3,4,0
374,resize,8,8,8,1,1,1,-1,-2,-1,0,-2,-1,-2,-2,5,0,8,1,-1,-2,-1,0,-2,-1,-2,-2,5,0
375,resize,5,5,5,1,1,1,-2,-1,-3,0,-3,7,1,-3,0,2,5,1,-2,-1,-3,0,-3,7,1,-3,0,2
376,resize,4,4,4,1,1,1,-4,-1,-3,-3,4,-1,-4,-1,-3,3,4,1,-4,-1,-3,-3,4,-1,-4,-1,-3,3
377,resize,1,1,1,1,1,1,-3,4,-1,-3,0,-1,-2,0,-1,-1,1,1,-3,4,-1,-3,0,-1,-2,0,-1,-1
378,resize,1,1,1,1,1,1,-3,4,-1,-3,0,0,-2,0,-1,0,1,1,-3,4,-1,-3,0,0,-2,0,-1,0
379,resize,4,4,4,1,1,1,-3,-1,-1,-2,4,-2,-3,0,-3,-1,4,1,-3,-1,-1,-2,4,-2,-3,0,-3,-1
380,resize,0,0,0,1,1,1,2,-2,-2,-1,0,-2,1,-1,-1,1,0,1,2,-2,-2,-1,0,-2,1,-1,-1,1
381,resize,3,3,3,1,1,1,-1,0,1,2,-2,-1,-2,1,0,-2,3,1,-1,0,1,2,-2,-1,-2,1,0,-2
382,resize,3,3,3,1,1,1,-4,0,-2,5,-3,2,-3,0,0,-1,3,1,-4,0,-2,5,-3,2,-3,0,0,-1
383,resize,7,7,7,1,1,1,-2,0,1,0,-1,-1,-4,3,-1,-1,7,1,-2,0,1,0,-1,-1,-4,3,-1,-1
384,resize,6,6,6,1,1,1,0,-2,-3,-3,-1,2,7,-4,-1,-3,6,1,0,-2,-3,-3,-1,2,7,-4,-1,-3
385,resize,1,1,1,1,1,1,-3,4,-1,-3,-1,-1,-1,0,-1,-1,1,1,-3,4,-1,-3,-1,-1,-1,0,-1,-1
386,resize,6,6,6,1,1,1,1,-2,-3,-2,-1,2,4,-3,1,-2,6,1,1,-2,-3,-2,-1,2,4,-3,1,-2
387,resize,2,2,2,1,1,1,0,0,4,1,-2,-2,-1,0,-1,-3,2,1,0,0,4,1,-2,-2,-1,0,-1,-3
388,resize,1,1,1,1,1,1,-2,4,-2,-3,-1,-1,-2,0,-1,-1,1,1,-2,4,-2,-3,-1,-1,-2,0,-1,-1
389,resize,9,9,9,1,1,1,-3,-1,-3,-2,1,-2,-4,0,0,3,9,1,-3,-1,-3,-2,1,-2,-4,0,0,3
390,resize,2,2,2,1,1,1,0,0,5,0,-3,-2,-1,0,-1,-4,2,1,0,0,5,0,-3,-2,-1,0,-1,-4
391,resize,8,8,8,1,1,1,-1,-2,0,-1,-1,-1,-1,-2,4,0,8,1,-1,-2,0,-1,-1,-1,-1,-2,4,0
392,resize,6,6,6,1,1,1,0,-2,-3,-2,0,2,5,-3,0,-2,6,1,0,-2,-3,-2,0,2,5,-3,0,-2
393,resize,1,1,1,1,1,1,-2,3,-1,-3,0,-1,-1,0,-1,0,1,1,-2,3,-1,-3,0,-1,-1,0,-1,0
394,resize,9,9,9,1,1,1,-1,-1,-1,0,0,-1,-3,0,0,2,9,1,-1,-1,-1,0,0,-1,-3,0,0,2
395,resize,5,5,5,1,1,1,-3,-1,-2,0,-2,5,0,-2,1,1,5,1,-3,-1,-2,0,-2,5,0,-2,1,1
396,resize,2,2,2,1,1,1,-1,0,5,1,-3,-3,-1,0,-1,-5,2,1,-1,0,5,1,-3,-3,-1,0,-1,-5
397,resize,5,5,5,1,1,1,-2,-1,-3,2,-3,4,0,-2,1,1,5,1,-2,-1,-3,2,-3,4,0,-2,1,1
398,resize,4,4,4,1,1,1,-3,-1,-1,-3,5,-2,-3,0,-3,-1,4,1,-3,-1,-1,-3,5,-2,-3,0,-3,-1
399,resize,4,4,4,1,1,1,-2,0,0,-2,4,-2,-3,0,-3,-1,4,1,-2,0,0,-2,4,-2,-3,0,-3,-1
400,resize,2,2,2,1,1,1,0,-1,2,0,-2,-2,-3,0,1,0,2,1,0,-1,2,0,-2,-2,-3,0,1,0
401,resize,8,8,8,1,1,1,-1,-1,-1,1,-2,0,-1,-2,4,-1,8,1,-1,-1,-1,1,-2,0,-1,-2,4,-1
402,resize,3,3,3,1,1,1,-4,0,0,5,-4,1,-2,-1,0,-2,3,1,-4,0,0,5,-4,1,-2,-1,0,-2
403,resize,8,8,8,1,1,1,-2,-1,0,-1,0,0,-1,-2,3,0,8,1,-2,-1,0,-1,0,0,-1,-2,3,0
404,resize,2,2,2,1,1,1,0,1,4,0,-2,-2,-2,1,-1,-3,2,1,0,1,4,0,-2,-2,-2,1,-1,-3
405,resize,4,4,4,1,1,1,-4,-1,-1,-5,6,-3,-5,-1,-3,1,4,1,-4,-1,-1,-5,6,-3,-5,-1,-3,1
406,resize,5,5,5,1,1,1,-1,-1,-2,0,-1,4,0,-1,1,0,5,1,-1,-1,-2,0,-1,4,0,-1,1,0
407,resize,0,0,0,1,1,1,5,-2,-1,-1,-3,0,0,-2,-1,0,0,1,5,-2,-1,-1,-3,0,0,-2,-1,0
408,resize,3,3,3,1,1,1,-1,-1,-1,5,-4,2,-2,-2,-1,0,3,1,-1,-1,-1,5,-4,2,-2,-2,-1,0
409,resize,1,1,1,1,1,1,-4,3,-2,-2,0,1,-1,0,0,1,1,1,-4,3,-2,-2,0,1,-1,0,0,1
410,resize,7,7,7,1,1,1,-3,0,0,0,0,-2,-6,4,-1,0,7,1,-3,0,0,0,0,-2,-6,4,-1,0
411,resize,7,7,7,1,1,1,-1,1,1,0,-1,-1,-3,2,-1,-1,7,1,-1,1,1,0,-1,-1,-3,2,-1,-1
412,resize,5,5,5,1,1,1,-1,-1,-2,2,-2,3,-2,0,-1,1,5,1,-1,-1,-2,2,-2,3,-2,0,-1,1
413,resize,7,7,7,1,1,1,-2,0,0,0,-1,-1,-6,4,-1,0,7,1,-2,0,0,0,-1,-1,-6,4,-1,0
414,resize,9,9,9,1,1,1,-2,0,-2,-1,0,-2,-3,-1,-1,4,9,1,-2,0,-2,-1,0,-2,-3,-1,-1,4
415,resize,7,7,7,1,1,1,-2,0,0,0,0,-1,-4,3,-1,0,7,1,-2,0,0,0,0,-1,-4,3,-1,0
416,resize,1,1,1,1,1,1,-3,4,-2,-3,0,-1,-2,0,-1,-1,1,1,-3,4,-2,-3,0,-1,-2,0,-1,-1
417,resize,9,9,9,1,1,1,-1,-2,-2,0,0,-1,-3,-1,0,3,9,1,-1,-2,-2,0,0,-1,-3,-1,0,3
418,resize,2,2,2,1,1,1,-1,0,4,0,-3,-3,-1,0,-1,-4,2,1,-1,0,4,0,-3,-3,-1,0,-1,-4
419,resize,1,1,1,1,1,1,-3,3,-1,-2,0,-1,-2,0,-1,0,1,1,-3,3,-1,-2,0,-1,-2,0,-1,0
420,resize,4,4,4,1,1,1,-1,0,-1,-1,2,-2,-2,0,0,0,4,1,-1,0,-1,-1,2,-2,-2,0,0,0
421,resize,2,2,2,1,1,1,0,0,5,0,-2,-3,-2,0,-1,-3,2,1,0,0,5,0,-2,-3,-2,0,-1,-3
422,resize,9,9,9,1,1,1,-2,-2,-2,-1,1,-2,-4,0,1,4,9,1,-2,-2,-2,-1,1,-2,-4,0,1,4
423,resize,2,2,2,1,1,1,-1,1,6,0,-3,-4,-2,1,-2,-5,2,1,-1,1,6,0,-3,-4,-2,1,-2,-5
424,resize,0,0,0,1,1,1,4,-2,-1,-1,-1,0,0,0,-1,0,0,1,4,-2,-1,-1,-1,0,0,0,-1,0
425,resize,4,4,4,1,1,1,-4,0,-1,-3,4,-1,-1,-1,-2,-2,4,1,-4,0,-1,-3,4,-1,-1,-1,-2,-2
426,resize,9,9,9,1,1,1,-2,-2,-3,0,0,-1,-4,0,-1,4,9,1,-2,-2,-3,0,0,-1,-4,0,-1,4
427,resize,1,1,1,1,1,1,-3,4,-1,-3,0,-1,-2,0,-1,0,1,1,-3,4,-1,-3,0,-1,-2,0,-1,0
428,resize,4,4,4,1,1,1,-3,0,-1,-3,3,-2,-2,-1,0,-1,4,1,-3,0,-1,-3,3,-2,-2,-1,0,-1
429,resize,8,8,8,1,1,1,-2,-1,-2,-1,-1,0,1,-2,4,-1,8,1,-2,-1,-2,-1,-1,0,1,-2,4,-1
430,resize,1,1,1,1,1,1,-2,4,-2,-4,-2,0,-1,0,-1,-2,1,1,-2,4,-2,-4,-2,0,-1,0,-1,-2
431,resize,8,8,8,1,1,1,-1,-1,0,-1,-1,0,0,-2,3,0,8,1,-1,-1,0,-1,-1,0,0,-2,3,0
432,resize,4,4,4,1,1,1,-4,0,-1,-2,3,-1,-2,-1,-1,0,4,1,-4,0,-1,-2,3,-1,-2,-1,-1,0
433,resize,5,5,5,1,1,1,-1,-1,-2,0,-2,4,0,-2,1,0,5,1,-1,-1,-2,0,-2,4,0,-2,1,0
434,resize,9,9,9,1,1,1,0,-2,-3,1,-1,-1,-5,0,-2,4,9,1,0,-2,-3,1,-1,-1,-5,0,-2,4
435,resize,8,8,8,1,1,1,0,-1,-1,1,-1,-1,-2,-1,2,1,8,1,0,-1,-1,1,-1,-1,-2,-1,2,1
436,resize,8,8,8,1,1,1,-1,-1,-1,-1,-1,-1,-1,-2,4,1,8,1,-1,-1,-1,-1,-1,-1,-1,-2,4,1
437,resize,3,3,3,1,1,1,-4,0,-1,5,-3,1,-3,0,0,-1,3,1,-4,0,-1,5,-3,1,-3,0,0,-1
438,resize,7,7,7,1,1,1,-1,-1,0,0,-1,-1,-5,4,-1,0,7,1,-1,-1,0,0,-1,-1,-5,4,-1,0
439,resize,6,6,6,1,1,1,0,-2,-3,-1,-1,2,4,-3,1,-1,6,1,0,-2,-3,-1,-1,2,4,-3,1,-1
440,resize,0,0,0,1,1,1,3,-2,0,-1,-2,0,0,-1,0,0,0,1,3,-2,0,-1,-2,0,0,-1,0,0
441,resize,0,0,0,1,1,1,5,-2,-1,-2,-2,-1,1,-1,-2,0,0,1,5,-2,-1,-2,-2,-1,1,-1,-2,0
442,resize,3,3,3,1,1,1,-4,-1,-2,6,-3,2,-2,0,-1,-1,3,1,-4,-1,-2,6,-3,2,-2,0,-1,-1
443,resize,0,0,0,1,1,1,3,-1,-1,-1,-2,0,-1,0,0,-1,0,1,3,-1,-1,-1,-2,0,-1,0,0,-1
444,resize,2,2,2,1,1,1,-1,0,3,1,-3,-2,-2,0,1,-3,2,1,-1,0,3,1,-3,-2,-2,0,1,-3
445,resize,6,0,6,0,1,0,2,-3,-3,0,-1,2,3,-1,0,-1,6,1,2,-3,-3,0,-1,2,3,-1,0,-1
446,resize,6,6,6,1,1,1,1,-2,-4,-2,-2,2,5,-5,2,-1,6,1,1,-2,-4,-2,-2,2,5,-5,2,-1
447,resize,4,4,4,1,1,1,-3,0,-2,-3,4,-1,-2,0,-3,-1,4,1,-3,0,-2,-3,4,-1,-2,0,-3,-1
448,resize,9,9,9,1,1,1,-1,-2,-2,1,-1,0,-3,-3,2,3,9,1,-1,-2,-2,1,-1,0,-3,-3,2,3
449,resize,3,5,5,0,0,1,-3,0,-2,3,-3,4,-2,-1,0,0,5,1,-3,0,-2,3,-3,4,-2,-1,0,0
450,resize,3,3,3,1,1,1,-3,-1,-2,4,-2,2,-2,-1,0,1,3,1,-3,-1,-2,4,-2,2,-2,-1,0,1
451,resize,3,3,3,1,1,1,-2,-1,-1,5,-4,0,-3,-1,1,0,3,1,-2,-1,-1,5,-4,0,-3,-1,1,0
452,resize,2,2,2,1,1,1,-1,1,5,0,-3,-3,-1,0,-1,-4,2,1,-1,1,5,0,-3,-3,-1,0,-1,-4
453,resize,3,3,3,1,1,1,-3,-1,-1,6,-4,1,-2,-2,1,0,3,1,-3,-1,-1,6,-4,1,-2,-2,1,0
454,resize,9,9,9,1,1,1,-1,-2,-1,0,0,-1,-3,0,0,3,9,1,-1,-2,-1,0,0,-1,-3,0,0,3
455,resize,1,1,1,1,1,1,-2,4,-1,-3,-1,-1,-2,0,-1,-2,1,1,-2,4,-1,-3,-1,-1,-2,0,-1,-2
456,resize,2,2,2,1,1,1,0,1,3,0,-2,-2,-2,0,-1,-2,2,1,0,1,3,0,-2,-2,-2,0,-1,-2
457,resize,6,6,6,1,1,1,0,-1,-3,-2,-2,2,3,-3,1,0,6,1,0,-1,-3,-2,-2,2,3,-3,1,0
458,resize,8,8,8,1,1,1,-2,-2,-2,0,-1,0,-1,-3,5,1,8,1,-2,-2,-2,0,-1,0,-1,-3,5,1
459,resize,0,0,0,1,1,1,4,-2,-1,-1,-2,-1,0,-1,-1,0,0,1,4,-2,-1,-1,-2,-1,0,-1,-1,0
460,resize,5,5,5,1,1,1,-1,-1,-1,0,-1,2,-1,-1,0,1,5,1,-1,-1,-1,0,-1,2,-1,-1,0,1
461,resize,6,6,6,1,1,1,-3,0,-2,-3,0,0,6,-3,0,-4,6,1,-3,0,-2,-3,0,0,6,-3,0,-4
462,resize,6,6,6,1,1,1,0,-1,-3,-2,-1,1,4,-2,1,-1,6,1,0,-1,-3,-2,-1,1,4,-2,1,-1
463,resize,6,6,6,1,1,1,0,-2,-4,-3,0,1,7,-4,0,-3,6,1,0,-2,-4,-3,0,1,7,-4,0,-3
464,resize,3,3,3,1,1,1,-3,-1,-1,5,-4,1,-3,0,1,0,3,1,-3,-1,-1,5,-4,1,-3,0,1,0
465,resize,8,8,8,1,1,1,-1,-2,-2,0,-1,-1,-1,-2,4,0,8,1,-1,-2,-2,0,-1,-1,-1,-2,4,0
466,resize,8,8,8,1,1,1,0,-2,-1,-1,-2,-1,-1,-3,5,0,8,1,0,-2,-1,-1,-2,-1,-1,-3,5,0
467,resize,2,2,2,1,1,1,0,1,6,0,-4,-4,-3,1,-2,-5,2,1,0,1,6,0,-4,-4,-3,1,-2,-5
468,resize,7,7,7,1,1,1,-3,0,0,1,-1,-2,-4,3,-1,-1,7,1,-3,0,0,1,-1,-2,-4,3,-1,-1
469,resize,5,5,5,1,1,1,-2,-1,-3,0,-3,5,1,-3,2,0,5,1,-2,-1,-3,0,-3,5,1,-3,2,0
470,resize,8,8,8,1,1,1,-2,-2,-1,0,-3,1,0,-3,5,-2,8,1,-2,-2,-1,0,-3,1,0,-3,5,-2
471,resize,9,9,9,1,1,1,-1,-2,-2,1,-1,1,-4,0,-1,3,9,1,-1,-2,-2,1,-1,1,-4,0,-1,3
472,resize,6,6,6,1,1,1,-2,-1,-3,-3,0,1,6,-2,0,-3,6,1,-2,-1,-3,-3,0,1,6,-2,0,-3
473,resize,1,1,1,1,1,1,-3,3,-1,-2,0,-1,-2,0,-2,0,1,1,-3,3,-1,-2,0,-1,-2,0,-2,0
474,resize,8,8,8,1,1,1,-1,-1,-1,-1,-1,-1,-1,-3,4,-1,8,1,-1,-1,-1,-1,-1,-1,-1,-3,4,-1
475,resize,4,4,4,1,1,1,-4,-2,-1,-3,5,-1,-5,0,-2,1,4,1,-4,-2,-1,-3,5,-1,-5,0,-2,1
476,resize,1,1,1,1,1,1,-3,4,-1,-3,0,-1,-2,1,-2,-1,1,1,-3,4,-1,-3,0,-1,-2,1,-2,-1
477,resize,2,2,2,1,1,1,-1,1,6,1,-3,-3,-2,0,-2,-5,2,1,-1,1,6,1,-3,-3,-2,0,-2,-5
478,resize,5,5,5,1,1,1,-1,-1,-1,0,-2,4,0,-1,0,0,5,1,-1,-1,-1,0,-2,4,0,-1,0,0
479,resize,9,9,9,1,1,1,-1,-1,-1,0,1,0,-3,-1,1,3,9,1,-1,-1,-1,0,1,0,-3,-1,1,3
480,resize,1,1,1,1,1,1,-2,3,-1,-2,-1,0,-1,0,0,-2,1,1,-2,3,-1,-2,-1,0,-1,0,0,-2
481,resize,9,9,9,1,1,1,-2,-2,-2,-1,0,-1,-4,0,-1,5,9,1,-2,-2,-2,-1,0,-1,-4,0,-1,5
482,resize,7,7,7,1,1,1,-1,0,1,0,-1,0,-4,3,-2,0,7,1,-1,0,1,0,-1,0,-4,3,-2,0
483,resize,5,5,5,1,1,1,-2,-1,-2,0,-1,4,-1,-1,1,0,5,1,-2,-1,-2,0,-1,4,-1,-1,1,0
484,resize,4,4,4,1,1,1,-4,-1,-2,-3,5,-2,-3,-1,-1,0,4,1,-4,-1,-2,-3,5,-2,-3,-1,-1,0
485,resize,0,0,0,1,1,1,5,-2,0,-2,-2,-1,0,-1,-2,0,0,1,5,-2,0,-2,-2,-1,0,-1,-2,0
486,resize,8,8,8,1,1,1,-3,-1,-1,-1,0,-1,-1,-2,5,0,8,1,-3,-1,-1,-1,0,-1,-1,-2,5,0
487,resize,9,9,9,1,1,1,-1,-2,-2,1,-1,0,-4,1,-2,3,9,1,-1,-2,-2,1,-1,0,-4,1,-2,3
488,resize,9,9,9,1,1,1,-2,-2,-2,-2,1,-2,-4,0,0,4,9,1,-2,-2,-2,-2,1,-2,-4,0,0,4
489,resize,1,1,1,1,1,1,-2,3,-1,-3,-1,-1,-1,0,-1,-1,1,1,-2,3,-1,-3,-1,-1,-1,0,-1,-1
490,resize,0,0,0,1,1,1,3,-2,0,-1,-1,-1,1,-2,-1,-1,0,1,3,-2,0,-1,-1,-1,1,-2,-1,-1
491,resize,5,5,5,1,1,1,-2,-2,-2,1,-2,4,-1,-1,0,2,5,1,-2,-2,-2,1,-2,4,-1,-1,0,2
492,resize,2,2,2,1,1,1,-1,1,4,1,-4,-2,-1,0,0,-4,2,1,-1,1,4,1,-4,-2,-1,0,0,-4
493,resize,3,3,3,1,1,1,-4,-1,0,7,-5,1,-3,-1,1,-1,3,1,-4,-1,0,7,-5,1,-3,-1,1,-1
494,resize,7,7,7,1,1,1,-2,-1,0,0,-1,-2,-6,5,-1,-1,7,1,-2,-1,0,0,-1,-2,-6,5,-1,-1
495,resize,8,8,0,1,0,0,2,-1,-1,0,-2,-1,0,-2,2,-1,0,1,2,-1,-1,0,-2,-1,0,-2,2,-1
496,resize,9,9,9,1,1,1,-1,-2,-2,0,0,-1,-4,0,-1,4,9,1,-1,-2,-2,0,0,-1,-4,0,-1,4
497,resize,4,4,4,1,1,1,-3,1,-2,-3,3,-1,-2,-1,0,1,4,1,-3,1,-2,-3,3,-1,-2,-1,0,1
498,resize,0,0,0,1,1,1,3,-1,-1,-2,-2,-2,-1,0,0,-1,0,1,3,-1,-1,-2,-2,-2,-1,0,0,-1
499,resize,6,6,6,1,1,1,0,-1,-2,-2,-1,1,3,-3,1,-2,6,1,0,-1,-2,-2,-1,1,3,-3,1,-2
500,resize,3,3,3,1,1,1,-4,0,0,5,-3,1,-3,0,0,-2,3,1,-4,0,0,5,-3,1,-3,0,0,-2
501,resize,9,9,9,1,1,1,0,-3,-3,1,-1,-1,-4,0,-1,5,9,1,0,-3,-3,1,-1,-1,-4,0,-1,5
502,resize,5,5,5,1,1,1,0,-3,-3,2,-3,4,-1,-2,0,1,5,1,0,-3,-3,2,-3,4,-1,-2,0,1
503,resize,2,2,2,1,1,1,0,0,7,1,-5,-4,-3,0,-1,-5,2,1,0,0,7,1,-5,-4,-3,0,-1,-5
504,resize,1,1,1,1,1,1,-2,2,-1,-2,0,-1,-2,1,-2,0,1,1,-2,2,-1,-2,0,-1,-2,1,-2,0
505,resize,3,3,3,1,1,1,-3,-1,-1,6,-5,0,-3,-1,1,-1,3,1,-3,-1,-1,6,-5,0,-3,-1,1,-1
506,resize,1,1,1,1,1,1,-1,3,-2,-3,-1,0,0,0,0,-2,1,1,-1,3,-2,-3,-1,0,0,0,0,-2
507,resize,3,3,3,1,1,1,-4,-1,-1,4,-2,1,-2,0,0,-1,3,1,-4,-1,-1,4,-2,1,-2,0,0,-1
508,resize,6,6,6,1,1,1,1,-2,-2,-2,-2,2,4,-4,2,-1,6,1,1,-2,-2,-2,-2,2,4,-4,2,-1
509,resize,5,5,5,1,1,1,-2,-2,-2,2,-3,5,-1,-1,0,2,5,1,-2,-2,-2,2,-3,5,-1,-1,0,2
510,resize,7,7,7,1,1,1,-3,0,0,1,0,-1,-3,3,-1,-1,7,1,-3,0,0,1,0,-1,-3,3,-1,-1
511,resize,4,4,4,1,1,1,-3,0,-2,-3,4,-1,-2,-1,-1,0,4,1,-3,0,-2,-3,4,-1,-2,-1,-1,0
512,resize,2,2,2,1,1,1,1,0,6,0,-4,-4,-2,1,-1,-4,2,1,1,0,6,0,-4,-4,-2,1,-1,-4
513,resize,2,2,2,1,1,1,-1,0,6,0,-2,-3,-2,1,-1,-4,2,1,-1,0,6,0,-2,-3,-2,1,-1,-4
514,resize,6,6,6,1,1,1,-1,-2,-4,-3,-1,2,7,-4,0,-3,6,1,-1,-2,-4,-3,-1,2,7,-4,0,-3
515,resize,3,3,3,1,1,1,-3,0,1,3,-3,1,-2,0,0,-2,3,1,-3,0,1,3,-3,1,-2,0,0,-2
516,resize,2,2,2,1,1,1,-2,1,5,-1,0,-3,-2,-1,-1,-4,2,1,-2,1,5,-1,0,-3,-2,-1,-1,-4
517,resize,6,6,6,1,1,1,-1,-1,-3,-3,-1,1,6,-4,0,-3,6,1,-1,-1,-3,-3,-1,1,6,-4,0,-3
518,resize,5,5,5,1,1,1,-2,0,-3,-1,-2,6,1,-2,1,0,5,1,-2,0,-3,-1,-2,6,1,-2,1,0
519,resize,4,4,4,1,1,1,-4,0,-3,-4,4,-2,-3,-1,-2,0,4,1,-4,0,-3,-4,4,-2,-3,-1,-2,0
520,resize,8,8,8,1,1,1,-2,0,-1,-1,1,0,-1,-2,3,0,8,1,-2,0,-1,-1,1,0,-1,-2,3,0
521,resize,9,9,9,1,1,1,-2,-1,-2,-1,1,-2,-3,0,-1,3,9,1,-2,-1,-2,-1,1,-2,-3,0,-1,3
522,resize,7,7,7,1,1,1,-3,0,1,1,-1,-1,-5,4,-2,-1,7,1,-3,0,1,1,-1,-1,-5,4,-2,-1
523,resize,1,1,1,1,1,1,-3,4,-1,-4,-1,-1,-2,1,-1,-2,1,1,-3,4,-1,-4,-1,-1,-2,1,-1,-2
524,resize,3,3,3,1,1,1,-4,1,1,3,-2,1,-2,0,-1,-3,3,1,-4,1,1,3,-2,1,-2,0,-1,-3
525,resize,0,0,0,1,1,1,5,-3,-1,-2,-2,-1,1,-1,-1,0,0,1,5,-3,-1,-2,-2,-1,1,-1,-1,0
526,resize,3,3,3,1,1,1,-2,-1,-2,5,-4,2,-3,-2,0,1,3,1,-2,-1,-2,5,-4,2,-3,-2,0,1
527,resize,8,8,8,1,1,1,-2,-2,-1,-1,-2,0,-1,-4,7,0,8,1,-2,-2,-1,-1,-2,0,-1,-4,7,0
528,resize,3,3,3,1,1,1,-3,0,1,4,-3,0,-2,1,0,-2,3,1,-3,0,1,4,-3,0,-2,1,0,-2
529,resize,1,1,1,1,1,1,-3,4,-2,-2,0,0,-2,0,-1,1,1,1,-3,4,-2,-2,0,0,-2,0,-1,1
530,resize,9,9,9,1,1,1,-2,-1,-2,-1,0,-2,-4,0,-1,4,9,1,-2,-1,-2,-1,0,-2,-4,0,-1,4
531,resize,3,3,3,1,1,1,-2,-1,1,4,-3,1,-1,-1,0,-3,3,1,-2,-1,1,4,-3,1,-1,-1,0,-3
532,resize,4,4,4,1,1,1,-1,-1,-1,-2,4,-1,-2,0,-3,0,4,1,-1,-1,-1,-2,4,-1,-2,0,-3,0
533,resize,4,4,4,1,1,1,-1,0,-1,-3,4,-2,-3,0,-3,0,4,1,-1,0,-1,-3,4,-2,-3,0,-3,0
534,resize,6,6,6,1,1,1,-1,-1,-2,-2,-1,2,5,-3,1,-3,6,1,-1,-1,-2,-2,-1,2,5,-3,1,-3
535,resize,4,4,4,1,1,1,-3,-1,-1,-3,4,-2,-3,-1,-2,-1,4,1,-3,-1,-1,-3,4,-2,-3,-1,-2,-1
536,resize,2,2,2,1,1,1,0,1,6,0,-4,-4,-3,0,-1,-4,2,1,0,1,6,0,-4,-4,-3,0,-1,-4
537,resize,1,1,1,1,1,1,-2,4,-2,-3,-1,-1,-1,-1,-1,-1,1,1,-2,4,-2,-3,-1,-1,-1,-1,-1,-1
538,resize,8,8,8,1,1,1,-1,-1,-1,-1,-1,0,0,-2,3,-1,8,1,-1,-1,-1,-1,-1,0,0,-2,3,-1
539,resize,2,2,2,1,1,1,0,0,5,0,-3,-2,-1,-1,-1,-4,2,1,0,0,5,0,-3,-2,-1,-1,-1,-4
540,resize,5,5,5,1,1,1,-2,-1,-2,0,-2,6,-1,-2,1,1,5,1,-2,-1,-2,0,-2,6,-1,-2,1,1
541,resize,4,4,4,1,1,1,-4,-1,-2,-3,6,-2,-4,-1,-2,0,4,1,-4,-1,-2,-3,6,-2,-4,-1,-2,0
542,resize,8,8,8,1,1,1,-1,0,0,0,-1,1,0,-1,2,-1,8,1,-1,0,0,0,-1,1,0,-1,2,-1
543,resize,8,8,8,1,1,1,0,0,-1,1,-1,0,0,-1,2,0,8,1,0,0,-1,1,-1,0,0,-1,2,0
544,resize,4,4,4,1,1,1,-3,-1,-1,-3,4,-2,-3,0,-2,0,4,1,-3,-1,-1,-3,4,-2,-3,0,-2,0
545,resize,0,0,0,1,1,1,4,-2,0,-1,-2,-2,-1,0,0,1,0,1,4,-2,0,-1,-2,-2,-1,0,0,1
546,resize,0,0,0,1,1,1,5,-2,0,-1,-2,-1,1,-2,-1,-1,0,1,5,-2,0,-1,-2,-1,1,-2,-1,-1
547,resize,2,2,2,1,1,1,-1,1,5,1,-4,-3,-2,0,-1,-4,2,1,-1,1,5,1,-4,-3,-2,0,-1,-4
548,resize,3,3,3,1,1,1,-4,0,0,5,-2,1,-3,1,-1,-2,3,1,-4,0,0,5,-2,1,-3,1,-1,-2
549,resize,2,2,2,1,1,1,0,0,5,0,-2,-3,-1,0,-1,-3,2,1,0,0,5,0,-2,-3,-1,0,-1,-3
550,resize,7,7,7,1,1,1,-2,0,0,0,0,-1,-3,2,-1,0,7,1,-2,0,0,0,0,-1,-3,2,-1,0
551,resize,7,7,7,1,1,1,-1,0,1,1,-1,-2,-3,2,-1,-2,7,1,-1,0,1,1,-1,-2,-3,2,-1,-2
552,resize,0,0,0,1,1,1,3,-2,-2,0,-2,1,0,-1,0,0,0,1,3,-2,-2,0,-2,1,0,-1,0,0
553,resize,8,8,8,1,1,1,-3,0,-2,-2,0,2,1,-2,4,-1,8,1,-3,0,-2,-2,0,2,1,-2,4,-1
554,resize,7,7,7,1,1,1,-3,1,0,0,0,-2,-3,4,-2,-3,7,1,-3,1,0,0,0,-2,-3,4,-2,-3
555,resize,4,4,4,1,1,1,-2,-1,-1,-1,3,-1,-2,-1,-1,0,4,1,-2,-1,-1,-1,3,-1,-2,-1,-1,0
556,resize,4,4,4,1,1,1,-4,0,-1,-3,5,-3,-4,-1,-3,-1,4,1,-4,0,-1,-3,5,-3,-4,-1,-3,-1
557,resize,7,7,2,1,0,0,-1,1,2,1,-2,-1,-3,2,-1,-2,2,1,-1,1,2,1,-2,-1,-3,2,-1,-2
558,resize,9,9,9,1,1,1,-2,-1,-3,-1,0,-1,-4,-1,-1,4,9,1,-2,-1,-3,-1,0,-1,-4,-1,-1,4
559,resize,6,6,6,1,1,1,0,-1,-3,-3,0,0,5,-2,0,-2,6,1,0,-1,-3,-3,0,0,5,-2,0,-2
560,resize,9,9,9,1,1,1,-2,-2,-3,-1,0,-2,-5,1,-1,3,9,1,-2,-2,-3,-1,0,-2,-5,1,-1,3
561,resize,0,0,0,1,1,1,4,-2,-1,0,-1,0,1,-1,-1,0,0,1,4,-2,-1,0,-1,0,1,-1,-1,0
562,resize,9,9,9,1,1,1,0,-1,-2,0,-1,-1,-1,-1,0,2,9,1,0,-1,-2,0,-1,-1,-1,-1,0,2
563,resize,8,8,8,1,1,1,-1,-1,-1,0,-2,-1,-2,-2,4,0,8,1,-1,-1,-1,0,-2,-1,-2,-2,4,0
564,resize,0,0,0,1,1,1,4,-2,-1,-1,-2,0,0,-1,-1,0,0,1,4,-2,-1,-1,-2,0,0,-1,-1,0
565,resize,4,4,4,1,1,1,-4,0,-2,-3,3,-2,-4,0,-1,1,4,1,-4,0,-2,-3,3,-2,-4,0,-1,1
566,resize,6,6,6,1,1,1,1,-1,-1,-2,-1,1,3,-3,-1,-1,6,1,1,-1,-1,-2,-1,1,3,-3,-1,-1
567,resize,0,0,0,1,1,1,4,-1,0,-2,-3,0,0,-1,0,-1,0,1,4,-1,0,-2,-3,0,0,-1,0,-1
568,resize,6,6,6,1,1,1,-1,-1,-4,-2,0,2,5,-3,0,-2,6,1,-1,-1,-4,-2,0,2,5,-3,0,-2
569,resize,3,3,3,1,1,1,-3,1,0,4,-3,2,-2,0,-1,-2,3,1,-3,1,0,4,-3,2,-2,0,-1,-2
570,resize,5,5,5,1,1,1,-1,-1,-2,0,-2,5,0,-2,1,1,5,1,-1,-1,-2,0,-2,5,0,-2,1,1
571,resize,4,4,4,1,1,1,-2,0,-2,-3,3,-3,-3,0,-2,2,4,1,-2,0,-2,-3,3,-3,-3,0,-2,2
572,resize,8,8,8,1,1,1,-1,-1,-1,0,-1,0,-1,-2,4,0,8,1,-1,-1,-1,0,-1,0,-1,-2,4,0
573,resize,3,3,3,1,1,1,-3,-1,-1,6,-4,2,-3,-1,0,0,3,1,-3,-1,-1,6,-4,2,-3,-1,0,0
574,resize,3,3,3,1,1,1,-3,-2,-2,6,-5,2,-3,-2,0,-1,3,1,-3,-2,-2,6,-5,2,-3,-2,0,-1
575,resize,9,9,9,1,1,1,-2,-1,-3,-2,1,-2,-4,-1,-1,4,9,1,-2,-1,-3,-2,1,-2,-4,-1,-1,4
576,resize,3,3,3,1,1,1,-4,0,-1,5,-4,1,-3,0,0,-2,3,1,-4,0,-1,5,-4,1,-3,0,0,-2
577,resize,3,3,3,1,1,1,-4,-1,0,5,-4,0,-3,-1,1,-1,3,1,-4,-1,0,5,-4,0,-3,-1,1,-1
578,resize,3,3,3,1,1,1,-3,0,0,4,-4,1,-2,-1,0,-1,3,1,-3,0,0,4,-4,1,-2,-1,0,-1
579,resize,7,7,7,1,1,1,-1,-1,-1,0,-1,-1,-4,3,-1,0,7,1,-1,-1,-1,0,-1,-1,-4,3,-1,0
580,resize,8,8,8,1,1,1,-1,-2,-1,0,-2,-1,-2,-2,4,0,8,1,-1,-2,-1,0,-2,-1,-2,-2,4,0
581,resize,0,0,0,1,1,1,4,-2,0,-2,-2,1,2,-2,-1,-2,0,1,4,-2,0,-2,-2,1,2,-2,-1,-2
582,resize,8,8,2,1,0,0,-1,-1,2,1,-3,-2,-1,-1,2,-2,2,1,-1,-1,2,1,-3,-2,-1,-1,2,-2
583,resize,2,2,2,1,1,1,-2,0,3,2,-3,-2,-2,1,1,-4,2,1,-2,0,3,2,-3,-2,-2,1,1,-4
584,resize,1,1,1,1,1,1,-2,3,-1,-2,-1,-1,-2,0,-1,0,1,1,-2,3,-1,-2,-1,-1,-2,0,-1,0
585,resize,7,7,7,1,1,1,-2,1,1,0,-1,-2,-5,4,-1,-1,7,1,-2,1,1,0,-1,-2,-5,4,-1,-1
586,resize,0,0,0,1,1,1,5,-2,-1,-2,-2,0,1,-2,-1,-1,0,1,5,-2,-1,-2,-2,0,1,-2,-1,-1
587,resize,6,6,6,1,1,1,0,-1,-1,-1,-1,1,4,-3,0,-3,6,1,0,-1,-1,-1,-1,1,4,-3,0,-3
588,resize,5,5,5,1,1,1,-2,-1,-2,1,-2,6,-1,-1,-1,1,5,1,-2,-1,-2,1,-2,6,-1,-1,-1,1
589,resize,4,4,4,1,1,1,-4,-1,-2,-4,4,-2,-3,-1,-2,1,4,1,-4,-1,-2,-4,4,-2,-3,-1,-2,1
590,resize,3,3,3,1,1,1,-4,-1,-1,7,-5,2,-3,-2,1,-1,3,1,-4,-1,-1,7,-5,2,-3,-2,1,-1
591,resize,8,8,8,1,1,1,-1,-1,-1,1,-2,0,0,-2,3,-2,8,1,-1,-1,-1,1,-2,0,0,-2,3,-2
592,resize,0,0,0,1,1,1,7,-3,0,-2,-3,-2,0,-2,-1,-1,0,1,7,-3,0,-2,-3,-2,0,-2,-1,-1
593,resize,9,9,9,1,1,1,-1,-1,-2,-1,0,-1,-2,-1,1,2,9,1,-1,-1,-2,-1,0,-1,-2,-1,1,2
594,resize,6,6,6,1,1,1,-1,-1,-3,-2,0,2,5,-3,1,-3,6,1,-1,-1,-3,-2,0,2,5,-3,1,-3
595,resize,3,3,3,1,1,1,-5,0,0,5,-3,2,-2,0,0,-3,3,1,-5,0,0,5,-3,2,-2,0,0,-3
596,resize,8,8,8,1,1,1,-1,-2,0,-1,-1,-1,-2,-1,3,1,8,1,-1,-2,0,-1,-1,-1,-2,-1,3,1
597,resize,0,0,0,1,1,1,5,-3,-2,-1,-2,2,2,-2,-1,-1,0,1,5,-3,-2,-1,-2,2,2,-2,-1,-1
598,resize,9,9,9,1,1,1,-3,0,-2,-2,1,-3,-5,-1,0,4,9,1,-3,0,-2,-2,1,-3,-5,-1,0,4
599,resize,9,9,9,1,1,1,-3,-1,-1,-1,0,-2,-4,1,0,4,9,1,-3,-1,-1,-1,0,-2,-4,1,0,4
600,resize,6,6,6,1,1,1,-1,-1,-3,-2,-1,2,6,-3,0,-3,6,1,-1,-1,-3,-2,-1,2,6,-3,0,-3
601,resize,8,8,8,1,1,1,1,-1,-1,-1,-1,0,-1,-1,4,-1,8,1,1,-1,-1,-1,-1,0,-1,-1,4,-1
602,resize,6,6,6,1,1,1,0,-2,-4,-3,-1,1,7,-4,0,-4,6,1,0,-2,-4,-3,-1,1,7,-4,0,-4
603,resize,8,8,8,1,1,1,-1,-1,-1,0,-1,1,0,-2,3,1,8,1,-1,-1,-1,0,-1,1,0,-2,3,1
604,resize,5,5,5,1,1,1,-1,-1,-2,0,-3,6,0,-1,0,1,5,1,-1,-1,-2,0,-3,6,0,-1,0,1
605,resize,7,7,7,1,1,1,-3,0,0,0,0,-1,-3,2,-1,0,7,1,-3,0,0,0,0,-1,-3,2,-1,0
606,resize,8,8,8,1,1,1,-2,-2,-1,1,-3,1,0,-3,5,-2,8,1,-2,-2,-1,1,-3,1,0,-3,5,-2
607,resize,6,6,6,1,1,1,-2,-1,-2,-3,0,1,7,-3,0,-5,6,1,-2,-1,-2,-3,0,1,7,-3,0,-5
608,resize,0,0,0,1,1,1,4,-2,-1,-1,-2,-1,0,-1,-2,1,0,1,4,-2,-1,-1,-2,-1,0,-1,-2,1
609,resize,2,2,2,1,1,1,1,0,4,0,-4,-3,-3,1,0,-3,2,1,1,0,4,0,-4,-3,-3,1,0,-3
610,resize,4,4,4,1,1,1,-1,0,-1,-3,2,-1,0,-3,-1,0,4,1,-1,0,-1,-3,2,-1,0,-3,-1,0
611,resize,0,0,0,1,1,1,4,-2,-2,-1,-2,0,1,0,0,0,0,1,4,-2,-2,-1,-2,0,1,0,0,0
612,resize,2,2,2,1,1,1,0,1,5,0,-2,-3,-2,0,-1,-3,2,1,0,1,5,0,-2,-3,-2,0,-1,-3
613,resize,2,2,2,1,1,1,0,1,2,0,-2,-2,-1,1,0,-3,2,1,0,1,2,0,-2,-2,-1,1,0,-3
614,resize,3,3,3,1,1,1,-2,0,-1,4,-3,0,-2,0,0,-1,3,1,-2,0,-1,4,-3,0,-2,0,0,-1
615,resize,1,1,1,1,1,1,-1,4,0,-3,-2,0,0,-2,0,-3,1,1,-1,4,0,-3,-2,0,0,-2,0,-3
616,resize,9,9,9,1,1,1,-2,-2,-2,0,0,0,-4,0,-2,4,9,1,-2,-2,-2,0,0,0,-4,0,-2,4
617,resize,7,7,7,1,1,1,-5,0,1,0,0,-3,-5,5,-2,-3,7,1,-5,0,1,0,0,-3,-5,5,-2,-3
618,resize,5,5,5,1,1,1,-2,-2,-1,1,-2,4,-1,-1,0,2,5,1,-2,-2,-1,1,-2,4,-1,-1,0,2
619,resize,1,1,1,1,1,1,-2,2,0,-1,0,-1,-1,0,0,-1,1,1,-2,2,0,-1,0,-1,-1,0,0,-1
620,resize,0,0,0,1,1,1,4,-2,1,-1,-2,-1,1,-1,-1,-2,0,1,4,-2,1,-1,-2,-1,1,-1,-1,-2
621,resize,8,8,8,1,1,1,-2,-1,-2,-1,-1,0,-1,-3,4,1,8,1,-2,-1,-2,-1,-1,0,-1,-3,4,1
622,resize,4,4,4,1,1,1,-2,-1,-2,-3,5,-2,-2,0,-3,0,4,1,-2,-1,-2,-3,5,-2,-2,0,-3,0
623,resize,6,6,6,1,1,1,0,-1,-2,-3,0,2,5,-3,0,-2,6,1,0,-1,-2,-3,0,2,5,-3,0,-2
624,resize,2,2,2,1,1,1,0,1,2,-1,-3,-2,-1,0,0,-3,2,1,0,1,2,-1,-3,-2,-1,0,0,-3
625,resize,6,6,6,1,1,1,0,-1,-2,-3,2,0,3,-2,-2,-1,6,1,0,-1,-2,-3,2,0,3,-2,-2,-1
626,resize,7,7,7,1,1,1,-3,-1,0,0,0,-2,-6,5,-1,0,7,1,-3,-1,0,0,0,-2,-6,5,-1,0
627,resize,9,9,9,1,1,1,0,-1,-2,0,0,-1,-1,0,0,2,9,1,0,-1,-2,0,0,-1,-1,0,0,2
628,resize,3,3,3,1,1,1,-3,0,0,3,-3,-1,-3,0,1,-1,3,1,-3,0,0,3,-3,-1,-3,0,1,-1
629,resize,2,2,2,1,1,1,0,-1,2,1,-1,-1,-1,-1,0,-1,2,1,0,-1,2,1,-1,-1,-1,-1,0,-1
630,resize,9,9,9,1,1,1,-2,-1,-1,0,-1,1,-2,0,0,3,9,1,-2,-1,-1,0,-1,1,-2,0,0,3
631,resize,8,8,8,1,1,1,-1,-1,-1,0,-1,0,-1,-2,5,-1,8,1,-1,-1,-1,0,-1,0,-1,-2,5,-1
632,resize,2,2,2,1,1,1,1,-1,4,0,-4,-3,-1,-1,0,-3,2,1,1,-1,4,0,-4,-3,-1,-1,0,-3
633,resize,2,2,2,1,1,1,-2,1,6,0,-3,-3,-1,-1,-1,-5,2,1,-2,1,6,0,-3,-3,-1,-1,-1,-5
634,resize,9,9,9,1,1,1,-2,-2,-2,0,0,-1,-4,1,-1,4,9,1,-2,-2,-2,0,0,-1,-4,1,-1,4
635,resize,2,2,2,1,1,1,0,1,5,-1,-2,-3,0,0,-2,-4,2,1,0,1,5,-1,-2,-3,0,0,-2,-4
636,resize,7,7,7,1,1,1,-2,-1,0,0,0,-1,-4,4,-1,-1,7,1,-2,-1,0,0,0,-1,-4,4,-1,-1
637,resize,3,3,3,1,1,1,-3,0,0,3,-2,1,-1,0,0,-2,3,1,-3,0,0,3,-2,1,-1,0,0,-2
638,resize,5,5,5,1,1,1,0,-1,-2,0,-2,4,0,-1,0,1,5,1,0,-1,-2,0,-2,4,0,-1,0,1
639,resize,9,9,9,1,1,1,-1,-2,-2,-1,0,-1,-3,-1,0,4,9,1,-1,-2,-2,-1,0,-1,-3,-1,0,4
640,resize,1,1,1,1,1,1,-3,4,-1,-2,-1,-1,-2,0,-1,0,1,1,-3,4,-1,-2,-1,-1,-2,0,-1,0
641,resize,8,8,8,1,1,1,-2,-2,-1,0,-2,1,1,-3,5,-2,8,1,-2,-2,-1,0,-2,1,1,-3,5,-2
642,resize,0,0,0,1,1,1,4,-3,-1,0,-3,0,1,-1,0,-1,0,1,4,-3,-1,0,-3,0,1,-1,0,-1
643,resize,2,2,2,1,1,1,1,1,6,0,-3,-4,-2,1,-2,-5,2,1,1,1,6,0,-3,-4,-2,1,-2,-5
644,resize,0,0,0,1,1,1,6,-3,-1,-2,-3,-2,-1,0,-1,0,0,1,6,-3,-1,-2,-3,-2,-1,0,-1,0
645,resize,5,5,5,1,1,1,-3,-2,-2,0,-1,4,0,-2,1,1,5,1,-3,-2,-2,0,-1,4,0,-2,1,1
646,resize,2,2,2,1,1,1,0,1,2,-2,0,-1,1,-1,-1,-3,2,1,0,1,2,-2,0,-1,1,-1,-1,-3
647,resize,1,1,1,1,1,1,-2,3,-1,-2,-1,-1,-2,0,-1,0,1,1,-2,3,-1,-2,-1,-1,-2,0,-1,0
648,resize,3,3,3,1,1,1,-3,0,0,5,-4,1,-3,-1,1,-1,3,1,-3,0,0,5,-4,1,-3,-1,1,-1
649,resize,7,7,7,1,1,1,-1,0,1,0,-1,-1,-4,3,-1,0,7,1,-1,0,1,0,-1,-1,-4,3,-1,0
650,resize,6,6,6,1,1,1,2,-1,-3,-2,-2,1,4,-3,-1,-1,6,1,2,-1,-3,-2,-2,1,4,-3,-1,-1
651,resize,7,7,7,1,1,1,-2,0,0,0,0,-2,-5,4,-1,0,7,1,-2,0,0,0,0,-2,-5,4,-1,0
652,resize,1,1,1,1,1,1,-3,4,-1,-3,0,-1,-2,0,-1,0,1,1,-3,4,-1,-3,0,-1,-2,0,-1,0
653,resize,2,2,2,1,1,1,0,1,5,0,-3,-3,-2,0,-1,-4,2,1,0,1,5,0,-3,-3,-2,0,-1,-4
654,resize,5,5,5,1,1,1,-1,-1,-2,1,-2,4,-1,-1,0,0,5,1,-1,-1,-2,1,-2,4,-1,-1,0,0
655,resize,8,8,8,1,1,1,-2,0,-1,2,-2,0,-1,-1,4,-3,8,1,-2,0,-1,2,-2,0,-1,-1,4,-3
656,resize,0,0,0,1,1,1,4,-2,0,-1,-3,0,1,-2,0,-1,0,1,4,-2,0,-1,-3,0,1,-2,0,-1
657,resize,3,3,3,1,1,1,-3,-1,-1,6,-5,2,-3,-1,0,-1,3,1,-3,-1,-1,6,-5,2,-3,-1,0,-1
658,resize,7,7,7,1,1,1,-1,-1,-1,-1,0,-1,-4,3,-1,1,7,1,-1,-1,-1,-1,0,-1,-4,3,-1,1
659,resize,2,7,1,0,0,0,-2,2,1,0,-1,-1,-3,2,-1,-1,1,1,-2,2,1,0,-1,-1,-3,2,-1,-1
660,resize,4,4,4,1,1,1,-3,0,-1,-3,5,-2,-3,-1,-3,-1,4,1,-3,0,-1,-3,5,-2,-3,-1,-3,-1
661,resize,0,0,0,1,1,1,4,-1,-1,-1,-2,0,0,-1,-1,-1,0,1,4,-1,-1,-1,-2,0,0,-1,-1,-1
662,resize,9,9,9,1,1,1,-2,-2,-3,1,-1,-1,-5,0,-2,4,9,1,-2,-2,-3,1,-1,-1,-5,0,-2,4
663,resize,1,1,1,1,1,1,-4,5,-2,-2,-1,0,-2,1,-2,0,1,1,-4,5,-2,-2,-1,0,-2,1,-2,0
664,resize,8,8,8,1,1,1,0,-1,0,0,-2,-1,-1,-3,5,0,8,1,0,-1,0,0,-2,-1,-1,-3,5,0
665,resize,6,6,6,1,1,1,-1,-2,-4,-3,0,1,7,-3,0,-4,6,1,-1,-2,-4,-3,0,1,7,-3,0,-4
666,resize,7,7,7,1,1,1,-1,0,0,0,-1,-1,-3,2,-1,0,7,1,-1,0,0,0,-1,-1,-3,2,-1,0
667,resize,7,7,1,1,0,0,-1,1,1,0,-1,-1,-2,1,-1,0,1,1,-1,1,1,0,-1,-1,-2,1,-1,0
668,resize,4,4,4,1,1,1,-4,1,-1,-4,5,-3,-3,0,-3,-1,4,1,-4,1,-1,-4,5,-3,-3,0,-3,-1
669,resize,3,3,3,1,1,1,-4,0,0,5,-3,0,-2,0,0,-3,3,1,-4,0,0,5,-3,0,-2,0,0,-3
670,resize,4,4,4,1,1,1,-4,0,-2,-4,4,-2,-3,-1,-2,0,4,1,-4,0,-2,-4,4,-2,-3,-1,-2,0
671,resize,9,9,9,1,1,1,0,-2,-2,0,0,0,-2,0,-1,3,9,1,0,-2,-2,0,0,0,-2,0,-1,3
672,resize,1,1,1,1,1,1,-2,4,-1,-3,-1,-1,-2,0,-2,-1,1,1,-2,4,-1,-3,-1,-1,-2,0,-2,-1
673,resize,9,9,9,1,1,1,-2,-2,-3,-1,1,-2,-5,0,0,4,9,1,-2,-2,-3,-1,1,-2,-5,0,0,4
674,resize,5,3,3,0,0,1,-4,-1,-2,4,-2,4,-1,-1,-1,-1,3,1,-4,-1,-2,4,-2,4,-1,-1,-1,-1
675,resize,1,1,1,1,1,1,-3,4,-1,-3,-1,0,-2,0,-1,0,1,1,-3,4,-1,-3,-1,0,-2,0,-1,0
676,resize,7,7,7,1,1,1,-2,0,1,0,-1,-1,-4,3,-1,-1,7,1,-2,0,1,0,-1,-1,-4,3,-1,-1
677,resize,3,3,3,1,1,1,-2,-1,-1,5,-3,1,-1,-1,1,-2,3,1,-2,-1,-1,5,-3,1,-1,-1,1,-2
678,resize,9,9,9,1,1,1,-1,-1,-2,0,0,-1,-2,0,-1,4,9,1,-1,-1,-2,0,0,-1,-2,0,-1,4
679,resize,7,7,7,1,1,1,-1,1,1,1,-2,-1,-4,3,-1,-2,7,1,-1,1,1,1,-2,-1,-4,3,-1,-2
680,resize,6,6,6,1,1,1,-1,-1,-2,-3,0,1,6,-3,0,-3,6,1,-1,-1,-2,-3,0,1,6,-3,0,-3
681,resize,9,9,9,1,1,1,-2,-2,-1,-1,1,-1,-4,1,-1,3,9,1,-2,-2,-1,-1,1,-1,-4,1,-1,3
682,resize,1,1,1,1,1,1,-3,4,-1,-2,-1,-1,-2,1,-2,0,1,1,-3,4,-1,-2,-1,-1,-2,1,-2,0
683,resize,3,3,3,1,1,1,-2,0,-2,4,-3,1,-2,-1,0,0,3,1,-2,0,-2,4,-3,1,-2,-1,0,0
684,resize,7,2,2,0,0,1,-1,1,2,1,-2,-2,-2,1,-1,-1,2,1,-1,1,2,1,-2,-2,-2,1,-1,-1
685,resize,8,8,8,1,1,1,0,-2,0,1,-3,-1,-2,-1,3,0,8,1,0,-2,0,1,-3,-1,-2,-1,3,0
686,resize,3,3,3,1,1,1,-3,0,1,5,-4,-1,-3,0,1,-2,3,1,-3,0,1,5,-4,-1,-3,0,1,-2
687,resize,3,3,3,1,1,1,-3,0,0,6,-5,0,-3,-1,0,-1,3,1,-3,0,0,6,-5,0,-3,-1,0,-1
688,resize,6,6,6,1,1,1,0,-2,-3,-2,-1,3,4,-3,0,-1,6,1,0,-2,-3,-2,-1,3,4,-3,0,-1
689,resize,7,7,7,1,1,1,-1,0,0,0,0,0,-2,2,-1,0,7,1,-1,0,0,0,0,0,-2,2,-1,0
690,resize,2,2,2,1,1,1,-1,0,5,1,-3,-4,-2,1,-1,-4,2,1,-1,0,5,1,-3,-4,-2,1,-1,-4
691,resize,8,8,4,1,0,0,-4,-1,-1,-2,2,-2,-2,0,2,1,4,1,-4,-1,-1,-2,2,-2,-2,0,2,1
692,resize,5,5,5,1,1,1,-1,-1,-1,0,-2,4,0,-1,0,1,5,1,-1,-1,-1,0,-2,4,0,-1,0,1
693,resize,8,8,8,1,1,1,-2,-1,-3,0,-1,0,0,-3,4,1,8,1,-2,-1,-3,0,-1,0,0,-3,4,1
694,resize,5,5,5,1,1,1,-3,0,-4,0,-1,5,-1,-1,0,1,5,1,-3,0,-4,0,-1,5,-1,-1,0,1
695,resize,1,1,1,1,1,1,-2,3,0,-3,-1,-1,-2,0,-1,-2,1,1,-2,3,0,-3,-1,-1,-2,0,-1,-2
696,resize,1,1,1,1,1,1,-3,2,-1,-1,0,0,-1,0,-1,0,1,1,-3,2,-1,-1,0,0,-1,0,-1,0
697,resize,4,4,4,1,1,1,-3,0,0,-3,5,-2,-3,0,-3,-1,4,1,-3,0,0,-3,5,-2,-3,0,-3,-1
698,resize,4,4,4,1,1,1,-4,-1,-1,-3,4,-2,-4,0,-1,1,4,1,-4,-1,-1,-3,4,-2,-4,0,-1,1
699,resize,3,3,3,1,1,1,-3,0,0,3,-2,1,-2,0,0,-1,3,1,-3,0,0,3,-2,1,-2,0,0,-1
700,resize,1,1,1,1,1,1,-4,5,-1,-4,0,-2,-3,-1,-1,0,1,1,-4,5,-1,-4,0,-2,-3,-1,-1,0
701,resize,0,0,0,1,1,1,4,-2,0,-1,-1,-1,0,-1,-1,-1,0,1,4,-2,0,-1,-1,-1,0,-1,-1,-1
702,resize,7,7,7,1,1,1,-1,0,0,0,-1,-1,-4,3,0,-1,7,1,-1,0,0,0,-1,-1,-4,3,0,-1
703,resize,7,7,7,1,1,1,-2,0,2,1,-1,-2,-4,4,-1,-1,7,1,-2,0,2,1,-1,-2,-4,4,-1,-1
704,resize,0,0,0,1,1,1,4,-2,0,-1,-2,-1,0,-1,-1,0,0,1,4,-2,0,-1,-2,-1,0,-1,-1,0
705,resize,7,7,7,1,1,1,-2,1,0,0,0,-1,-5,4,-1,0,7,1,-2,1,0,0,0,-1,-5,4,-1,0
706,resize,9,9,9,1,1,1,-2,-2,-2,-1,1,-1,-4,0,-1,4,9,1,-2,-2,-2,-1,1,-1,-4,0,-1,4
707,resize,4,4,4,1,1,1,-3,0,-2,-2,3,-2,-3,0,0,1,4,1,-3,0,-2,-2,3,-2,-3,0,0,1
708,resize,4,4,4,1,1,1,-3,-1,-2,-3,4,-1,-3,-1,-1,1,4,1,-3,-1,-2,-3,4,-1,-3,-1,-1,1
709,resize,8,8,8,1,1,1,-1,-2,-1,0,-3,0,-1,-3,6,-1,8,1,-1,-2,-1,0,-3,0,-1,-3,6,-1
710,resize,5,5,5,1,1,1,-1,-2,-2,2,-3,6,-1,-1,-1,1,5,1,-1,-2,-2,2,-3,6,-1,-1,-1,1
711,resize,5,5,5,1,1,1,-2,-2,-3,1,-2,6,-1,-2,1,1,5,1,-2,-2,-3,1,-2,6,-1,-2,1,1
712,resize,4,4,4,1,1,1,-2,0,0,-3,4,-3,-3,-1,-3,1,4,1,-2,0,0,-3,4,-3,-3,-1,-3,1
713,resize,0,0,0,1,1,1,4,-2,-1,0,-2,-1,0,-2,-1,0,0,1,4,-2,-1,0,-2,-1,0,-2,-1,0
714,resize,8,8,8,1,1,1,-1,-1,-1,-1,-1,0,0,-3,5,-1,8,1,-1,-1,-1,-1,-1,0,0,-3,5,-1
715,resize,2,2,2,1,1,1,-1,0,5,1,-4,-3,-3,1,0,-4,2,1,-1,0,5,1,-4,-3,-3,1,0,-4
716,resize,1,1,1,1,1,1,-1,2,0,-1,-1,-1,-2,2,-1,-1,1,1,-1,2,0,-1,-1,-1,-2,2,-1,-1
717,resize,0,0,0,1,1,1,3,-2,-1,0,-2,2,2,-2,0,-1,0,1,3,-2,-1,0,-2,2,2,-2,0,-1
718,resize,8,8,8,1,1,1,-1,-2,-2,0,-2,0,-2,-3,5,0,8,1,-1,-2,-2,0,-2,0,-2,-3,5,0
719,resize,4,4,4,1,1,1,-4,-1,-1,-3,5,-3,-4,-1,0,1,4,1,-4,-1,-1,-3,5,-3,-4,-1,0,1
720,resize,5,5,5,1,1,1,-2,0,-2,-2,-1,4,1,-2,3,-1,5,1,-2,0,-2,-2,-1,4,1,-2,3,-1
721,resize,0,0,0,1,1,1,3,-2,-1,0,-1,-1,0,-1,-1,0,0,1,3,-2,-1,0,-1,-1,0,-1,-1,0
722,resize,4,4,4,1,1,1,-3,-1,-1,-3,5,-1,-3,0,-4,-1,4,1,-3,-1,-1,-3,5,-1,-3,0,-4,-1
723,resize,0,0,0,1,1,1,2,-1,-1,-1,-1,-1,0,0,-1,0,0,1,2,-1,-1,-1,-1,-1,0,0,-1,0
724,resize,6,6,6,1,1,1,-1,-1,-2,-2,0,1,5,-3,0,-3,6,1,-1,-1,-2,-2,0,1,5,-3,0,-3
725,resize,1,1,1,1,1,1,-3,4,-1,-3,-1,-1,-1,0,-1,-1,1,1,-3,4,-1,-3,-1,-1,-1,0,-1,-1
726,resize,7,7,3,1,0,0,-2,0,-1,1,0,1,-1,1,-1,0,3,1,-2,0,-1,1,0,1,-1,1,-1,0
727,resize,3,3,3,1,1,1,-5,0,-1,6,-5,1,-3,-1,1,-2,3,1,-5,0,-1,6,-5,1,-3,-1,1,-2
728,resize,2,2,2,1,1,1,0,-1,3,1,-4,-3,-3,0,2,-2,2,1,0,-1,3,1,-4,-3,-3,0,2,-2
729,resize,6,6,6,1,1,1,-1,-1,-2,-2,-1,2,5,-4,1,-3,6,1,-1,-1,-2,-2,-1,2,5,-4,1,-3
730,resize,7,7,7,1,1,1,-1,-1,-2,0,-1,0,-5,4,-1,0,7,1,-1,-1,-2,0,-1,0,-5,4,-1,0
731,resize,2,2,2,1,1,1,0,0,5,1,-4,-3,-2,0,-1,-4,2,1,0,0,5,1,-4,-3,-2,0,-1,-4
732,resize,6,6,6,1,1,1,-1,-1,-3,-3,0,1,6,-3,0,-2,6,1,-1,-1,-3,-3,0,1,6,-3,0,-2
733,resize,9,9,9,1,1,1,-3,-2,-2,-1,1,-1,-4,-1,-1,5,9,1,-3,-2,-2,-1,1,-1,-4,-1,-1,5
734,resize,3,3,3,1,1,1,-3,0,-1,5,-3,1,-3,0,0,-1,3,1,-3,0,-1,5,-3,1,-3,0,0,-1
735,resize,1,1,1,1,1,1,-4,4,-1,-3,0,-1,-2,1,-1,0,1,1,-4,4,-1,-3,0,-1,-2,1,-1,0
736,resize,4,4,4,1,1,1,-3,-1,-1,-3,5,-2,-4,-1,-2,0,4,1,-3,-1,-1,-3,5,-2,-4,-1,-2,0
737,resize,6,6,6,1,1,1,1,-2,-4,-2,0,1,5,-3,-1,-1,6,1,1,-2,-4,-2,0,1,5,-3,-1,-1
738,resize,2,2,2,1,1,1,1,0,4,1,-5,-3,-3,0,1,-3,2,1,1,0,4,1,-5,-3,-3,0,1,-3
739,resize,5,5,5,1,1,1,-3,-2,-3,1,-2,6,-1,-2,0,1,5,1,-3,-2,-3,1,-2,6,-1,-2,0,1
740,resize,4,4,4,1,1,1,-2,0,-2,-1,2,-1,-3,0,0,2,4,1,-2,0,-2,-1,2,-1,-3,0,0,2
741,resize,2,2,2,1,1,1,1,0,4,1,-4,-3,-3,1,0,-4,2,1,1,0,4,1,-4,-3,-3,1,0,-4
742,resize,0,0,0,1,1,1,5,-3,0,-1,-3,-1,0,-1,0,-1,0,1,5,-3,0,-1,-3,-1,0,-1,0,-1
743,resize,6,6,6,1,1,1,0,-1,-3,-2,0,1,5,-3,-1,-3,6,1,0,-1,-3,-2,0,1,5,-3,-1,-3
744,resize,2,2,2,1,1,1,-1,0,4,0,-1,-2,-2,0,-1,-2,2,1,-1,0,4,0,-1,-2,-2,0,-1,-2
745,resize,1,1,1,1,1,1,-1,3,-2,-3,-1,-1,-1,0,0,-1,1,1,-1,3,-2,-3,-1,-1,-1,0,0,-1
746,resize,7,7,7,1,1,1,-1,1,1,0,-1,-1,-3,2,-1,-1,7,1,-1,1,1,0,-1,-1,-3,2,-1,-1
747,resize,3,3,3,1,1,1,-3,-1,-2,5,-4,0,-3,-1,1,0,3,1,-3,-1,-2,5,-4,0,-3,-1,1,0
748,resize,4,4,4,1,1,1,-3,0,0,-3,4,-2,-3,-1,-3,1,4,1,-3,0,0,-3,4,-2,-3,-1,-3,1
749,resize,1,1,1,1,1,1,-2,3,-1,-3,0,-1,-1,-1,-1,0,1,1,-2,3,-1,-3,0,-1,-1,-1,-1,0
750,resize,0,0,0,1,1,1,4,-2,0,-1,-2,-1,1,-1,-2,-1,0,1,4,-2,0,-1,-2,-1,1,-1,-2,-1
751,resize,5,5,5,1,1,1,-2,-2,-2,0,-3,7,-1,-1,-1,2,5,1,-2,-2,-2,0,-3,7,-1,-1,-1,2
752,resize,4,4,4,1,1,1,-3,0,-2,-5,6,-3,-3,-1,-4,0,4,1,-3,0,-2,-5,6,-3,-3,-1,-4,0
753,resize,3,3,3,1,1,1,-5,0,1,5,-4,0,-3,0,0,-3,3,1,-5,0,1,5,-4,0,-3,0,0,-3
754,resize,1,1,1,1,1,1,-2,3,-1,-3,-1,-1,-1,0,0,-2,1,1,-2,3,-1,-3,-1,-1,-1,0,0,-2
755,resize,1,1,1,1,1,1,-3,4,-1,-3,0,-1,-2,0,-1,0,1,1,-3,4,-1,-3,0,-1,-2,0,-1,0
756,resize,7,7,7,1,1,1,-1,0,1,1,-2,-1,-4,3,-1,-1,7,1,-1,0,1,1,-2,-1,-4,3,-1,-1
757,resize,4,4,4,1,1,1,-4,-1,-2,-3,5,-2,-4,0,-2,0,4,1,-4,-1,-2,-3,5,-2,-4,0,-2,0
758,resize,9,9,9,1,1,1,-1,-2,-3,0,0,-1,-4,0,-1,4,9,1,-1,-2,-3,0,0,-1,-4,0,-1,4
759,resize,9,9,9,1,1,1,-1,-3,-2,1,-1,0,-4,0,0,3,9,1,-1,-3,-2,1,-1,0,-4,0,0,3
760,resize,4,4,4,1,1,1,-2,-1,-2,-2,2,-1,-3,0,-2,2,4,1,-2,-1,-2,-2,2,-1,-3,0,-2,2
761,resize,8,8,8,1,1,1,-1,-1,-1,0,-1,-1,0,-2,3,0,8,1,-1,-1,-1,0,-1,-1,0,-2,3,0
762,resize,4,4,4,1,1,1,-2,-2,-2,-4,4,-3,-3,-1,-1,2,4,1,-2,-2,-2,-4,4,-3,-3,-1,-1,2
763,resize,0,0,0,1,1,1,5,-2,0,0,-3,0,0,-1,-2,0,0,1,5,-2,0,0,-3,0,0,-1,-2,0
764,resize,2,2,2,1,1,1,1,0,4,1,-3,-2,-1,-1,0,-3,2,1,1,0,4,1,-3,-2,-1,-1,0,-3
765,resize,4,4,4,1,1,1,-3,-1,-3,-4,5,-2,-3,-1,-2,1,4,1,-3,-1,-3,-4,5,-2,-3,-1,-2,1
766,resize,5,5,5,1,1,1,-3,0,-2,0,-2,5,0,-2,1,1,5,1,-3,0,-2,0,-2,5,0,-2,1,1
767,resize,1,1,1,1,1,1,-2,3,0,-2,-1,-1,-1,0,0,-2,1,1,-2,3,0,-2,-1,-1,-1,0,0,-2
768,resize,1,1,1,1,1,1,-3,4,-2,-2,0,0,-2,0,-1,0,1,1,-3,4,-2,-2,0,0,-2,0,-1,0
769,resize,6,6,6,1,1,1,-1,-1,-3,-3,-1,3,5,-3,1,-2,6,1,-1,-1,-3,-3,-1,3,5,-3,1,-2
770,resize,4,4,4,1,1,1,-2,0,-2,-3,4,-3,-3,-1,-1,0,4,1,-2,0,-2,-3,4,-3,-3,-1,-1,0
771,resize,7,7,7,1,1,1,0,0,0,-1,-1,-1,-4,4,0,0,7,1,0,0,0,-1,-1,-1,-4,4,0,0
772,resize,1,1,1,1,1,1,-2,3,-1,-2,-1,0,-2,1,-1,0,1,1,-2,3,-1,-2,-1,0,-2,1,-1,0
773,resize,9,9,9,1,1,1,-2,-2,-2,-1,0,-2,-4,0,-1,4,9,1,-2,-2,-2,-1,0,-2,-4,0,-1,4
774,resize,4,4,4,1,1,1,-3,0,-1,-2,3,0,-3,-1,-2,1,4,1,-3,0,-1,-2,3,0,-3,-1,-2,1
775,resize,2,2,2,1,1,1,0,1,6,1,-4,-4,-2,1,-2,-6,2,1,0,1,6,1,-4,-4,-2,1,-2,-6
776,resize,4,4,4,1,1,1,-4,0,-1,-4,5,-2,-4,-1,-3,1,4,1,-4,0,-1,-4,5,-2,-4,-1,-3,1
777,resize,1,1,1,1,1,1,-2,4,-1,-2,0,-2,-2,0,-2,-1,1,1,-2,4,-1,-2,0,-2,-2,0,-2,-1
778,resize,5,5,5,1,1,1,-2,-1,-3,-1,-2,6,1,-2,1,1,5,1,-2,-1,-3,-1,-2,6,1,-2,1,1
779,resize,5,5,5,1,1,1,-1,-1,-2,-1,-1,5,0,-2,1,1,5,1,-1,-1,-2,-1,-1,5,0,-2,1,1
780,resize,3,3,3,1,1,1,-3,0,-1,5,-3,3,-3,-1,-1,-1,3,1,-3,0,-1,5,-3,3,-3,-1,-1,-1
781,resize,8,8,8,1,1,1,-1,-1,-2,0,-1,1,0,-2,3,0,8,1,-1,-1,-2,0,-1,1,0,-2,3,0
782,resize,3,3,3,1,1,1,-5,0,1,5,-3,1,-3,0,-1,-4,3,1,-5,0,1,5,-3,1,-3,0,-1,-4
783,resize,1,1,1,1,1,1,-4,4,-2,-3,0,-1,-2,0,-1,0,1,1,-4,4,-2,-3,0,-1,-2,0,-1,0
784,resize,4,4,4,1,1,1,-4,-1,-1,-4,5,-2,-4,0,-2,1,4,1,-4,-1,-1,-4,5,-2,-4,0,-2,1
785,resize,5,5,5,1,1,1,-2,0,-2,2,-3,4,-2,0,-1,1,5,1,-2,0,-2,2,-3,4,-2,0,-1,1
786,resize,6,6,6,1,1,1,0,-1,-3,-2,0,2,3,-2,1,0,6,1,0,-1,-3,-2,0,2,3,-2,1,0
787,resize,8,8,8,1,1,1,-1,-2,-2,1,-2,-1,-1,-2,4,0,8,1,-1,-2,-2,1,-2,-1,-1,-2,4,0
788,resize,9,9,9,1,1,1,-1,-2,-2,0,0,-1,-4,-1,-1,4,9,1,-1,-2,-2,0,0,-1,-4,-1,-1,4
789,resize,4,4,4,1,1,1,-2,0,-1,-2,3,-1,-2,0,-2,0,4,1,-2,0,-1,-2,3,-1,-2,0,-2,0
790,resize,1,1,1,1,1,1,-3,3,-2,-3,-1,1,-2,0,-1,0,1,1,-3,3,-2,-3,-1,1,-2,0,-1,0
791,resize,5,5,5,1,1,1,-2,-1,-1,0,-2,4,-1,-1,0,2,5,1,-2,-1,-1,0,-2,4,-1,-1,0,2
792,resize,3,3,3,1,1,1,-3,-1,-1,7,-5,1,-4,-1,1,-1,3,1,-3,-1,-1,7,-5,1,-4,-1,1,-1
793,resize,8,8,8,1,1,1,-1,-2,-2,0,-1,0,0,-3,5,-1,8,1,-1,-2,-2,0,-1,0,0,-3,5,-1
794,resize,0,0,0,1,1,1,6,-3,-1,-2,-3,-1,1,-1,-1,-1,0,1,6,-3,-1,-2,-3,-1,1,-1,-1,-1
795,resize,3,3,3,1,1,1,-2,0,-1,3,-2,1,-2,0,-1,-1,3,1,-2,0,-1,3,-2,1,-2,0,-1,-1
796,resize,2,2,2,1,1,1,-2,0,6,2,-3,-2,-1,0,-1,-5,2,1,-2,0,6,2,-3,-2,-1,0,-1,-5
797,resize,5,5,5,1,1,1,-1,0,-2,-1,-1,3,0,-1,1,0,5,1,-1,0,-2,-1,-1,3,0,-1,1,0
798,resize,1,1,1,1,1,1,-4,4,-1,-3,0,-1,-2,0,-1,0,1,1,-4,4,-1,-3,0,-1,-2,0,-1,0
799,resize,2,2,2,1,1,1,-1,1,7,0,-3,-4,-3,1,-2,-6,2,1,-1,1,7,0,-3,-4,-3,1,-2,-6
800,resize,8,8,8,1,1,1,-1,-2,-2,0,-1,0,1,-2,3,-1,8,1,-1,-2,-2,0,-1,0,1,-2,3,-1
801,resize,3,3,3,1,1,1,-4,-1,0,4,-1,1,-2,0,0,-2,3,1,-4,-1,0,4,-1,1,-2,0,0,-2
802,resize,4,4,4,1,1,1,-3,-1,-1,-3,4,-2,-3,0,-2,0,4,1,-3,-1,-1,-3,4,-2,-3,0,-2,0
803,resize,4,4,4,1,1,1,-3,-1,-1,-3,5,-2,-3,0,-3,0,4,1,-3,-1,-1,-3,5,-2,-3,0,-3,0
804,resize,0,0,0,1,1,1,5,-2,-1,0,-3,0,1,-2,0,0,0,1,5,-2,-1,0,-3,0,1,-2,0,0
805,resize,8,8,8,1,1,1,-1,-2,-2,-1,-3,1,-1,-4,7,0,8,1,-1,-2,-2,-1,-3,1,-1,-4,7,0
806,resize,8,8,8,1,1,1,-2,-2,-1,0,-1,0,0,-3,5,-1,8,1,-2,-2,-1,0,-1,0,0,-3,5,-1
807,resize,3,3,3,1,1,1,-4,0,-1,5,-4,2,-2,-1,1,-1,3,1,-4,0,-1,5,-4,2,-2,-1,1,-1
808,resize,3,3,3,1,1,1,-3,-1,-2,5,-4,2,-3,-1,-1,1,3,1,-3,-1,-2,5,-4,2,-3,-1,-1,1
809,resize,1,1,1,1,1,1,-2,4,-1,-3,-1,-1,-1,0,-2,-1,1,1,-2,4,-1,-3,-1,-1,-1,0,-2,-1
810,resize,7,7,7,1,1,1,-1,0,1,-1,0,-2,-3,3,-1,-1,7,1,-1,0,1,-1,0,-2,-3,3,-1,-1
811,resize,3,3,3,1,1,1,-2,-1,-1,5,-4,0,-2,-1,1,-1,3,1,-2,-1,-1,5,-4,0,-2,-1,1,-1
812,resize,5,5,5,1,1,1,-4,-1,-3,-1,-2,7,0,-2,1,1,5,1,-4,-1,-3,-1,-2,7,0,-2,1,1
813,resize,9,9,9,1,1,1,-2,-2,-4,-2,1,-3,-4,-1,1,4,9,1,-2,-2,-4,-2,1,-3,-4,-1,1,4
814,resize,6,6,6,1,1,1,-1,-1,-3,-3,0,2,5,-3,0,-3,6,1,-1,-1,-3,-3,0,2,5,-3,0,-3
815,resize,3,3,3,1,1,1,-2,-1,-1,4,-3,1,-3,-1,0,0,3,1,-2,-1,-1,4,-3,1,-3,-1,0,0
816,resize,2,2,2,1,1,1,0,1,5,1,-4,-4,-3,1,-1,-4,2,1,0,1,5,1,-4,-4,-3,1,-1,-4
817,resize,6,6,6,1,1,1,0,-1,-2,-3,-1,0,6,-3,-1,-3,6,1,0,-1,-2,-3,-1,0,6,-3,-1,-3
818,resize,1,1,1,1,1,1,-3,3,-1,-2,0,0,-1,0,0,0,1,1,-3,3,-1,-2,0,0,-1,0,0,0
819,resize,3,3,3,1,1,1,-3,-1,-1,5,-4,2,-3,-1,0,-1,3,1,-3,-1,-1,5,-4,2,-3,-1,0,-1
820,resize,6,6,6,1,1,1,1,-2,-3,-3,-2,2,7,-4,1,-3,6,1,1,-2,-3,-3,-2,2,7,-4,1,-3
821,resize,0,0,0,1,1,1,4,-2,-1,-1,-2,-1,1,-1,-1,0,0,1,4,-2,-1,-1,-2,-1,1,-1,-1,0
822,resize,7,7,7,1,1,1,-2,-1,0,0,-1,-1,-6,5,-2,0,7,1,-2,-1,0,0,-1,-1,-6,5,-2,0
823,resize,2,2,2,1,1,1,-1,1,5,0,-2,-3,-2,0,-1,-3,2,1,-1,1,5,0,-2,-3,-2,0,-1,-3
824,resize,1,1,1,1,1,1,-2,4,-2,-3,-1,0,0,-1,0,-1,1,1,-2,4,-2,-3,-1,0,0,-1,0,-1
825,resize,7,7,7,1,1,1,-2,1,1,-1,-1,-2,-5,5,-1,0,7,1,-2,1,1,-1,-1,-2,-5,5,-1,0
826,resize,1,1,1,1,1,1,-4,4,-2,-3,0,0,-2,0,-2,-1,1,1,-4,4,-2,-3,0,0,-2,0,-2,-1
827,resize,4,4,4,1,1,1,-4,0,-1,-3,3,-1,-2,-1,0,0,4,1,-4,0,-1,-3,3,-1,-2,-1,0,0
828,resize,2,2,2,1,1,1,-1,0,4,1,-4,-3,-2,0,1,-4,2,1,-1,0,4,1,-4,-3,-2,0,1,-4
829,resize,4,4,4,1,1,1,-2,0,-1,-3,2,-2,-2,-1,0,0,4,1,-2,0,-1,-3,2,-2,-2,-1,0,0
830,resize,2,2,2,1,1,1,-1,0,3,1,-1,-1,-1,0,0,-3,2,1,-1,0,3,1,-1,-1,-1,0,0,-3
831,resize,1,1,1,1,1,1,-3,4,-2,-3,0,-1,-3,1,-2,-1,1,1,-3,4,-2,-3,0,-1,-3,1,-2,-1
832,resize,7,7,7,1,1,1,-3,0,0,0,0,-2,-4,3,-2,-1,7,1,-3,0,0,0,0,-2,-4,3,-2,-1
833,resize,9,9,9,1,1,1,-2,-1,-2,0,1,-1,-4,0,-1,2,9,1,-2,-1,-2,0,1,-1,-4,0,-1,2
834,resize,6,6,6,1,1,1,-1,0,0,-1,-1,0,3,-2,1,-3,6,1,-1,0,0,-1,-1,0,3,-2,1,-3
835,resize,1,1,1,1,1,1,-2,3,0,-2,-1,0,-1,0,-1,-2,1,1,-2,3,0,-2,-1,0,-1,0,-1,-2
836,resize,1,1,1,1,1,1,-1,3,0,-2,-2,-1,-1,0,0,-2,1,1,-1,3,0,-2,-2,-1,-1,0,0,-2
837,resize,2,2,2,1,1,1,1,1,5,-1,-3,-3,-2,1,-1,-3,2,1,1,1,5,-1,-3,-3,-2,1,-1,-3
838,resize,4,4,4,1,1,1,-4,-1,-1,-3,5,-3,-3,0,-3,-2,4,1,-4,-1,-1,-3,5,-3,-3,0,-3,-2
839,resize,8,8,8,1,1,1,-1,-1,-1,1,-2,0,1,-3,3,-1,8,1,-1,-1,-1,1,-2,0,1,-3,3,-1
840,resize,1,1,1,1,1,1,0,3,-2,-2,-2,-1,-1,-1,1,-1,1,1,0,3,-2,-2,-2,-1,-1,-1,1,-1
841,resize,7,7,7,1,1,1,-1,0,0,-1,0,-1,-2,2,-1,-1,7,1,-1,0,0,-1,0,-1,-2,2,-1,-1
842,resize,7,7,7,1,1,1,-2,0,1,0,-1,-1,-3,3,-1,-1,7,1,-2,0,1,0,-1,-1,-3,3,-1,-1
843,resize,4,4,4,1,1,1,-4,-1,-2,-4,6,-2,-4,-1,-3,0,4,1,-4,-1,-2,-4,6,-2,-4,-1,-3,0
844,resize,8,8,5,1,0,0,-1,0,-1,-1,0,1,-1,0,1,0,5,1,-1,0,-1,-1,0,1,-1,0,1,0
845,resize,0,0,0,1,1,1,4,-2,0,-1,-3,-1,0,-1,0,-1,0,1,4,-2,0,-1,-3,-1,0,-1,0,-1
846,resize,7,7,7,1,1,1,0,-1,-1,0,-1,-1,-5,3,-1,0,7,1,0,-1,-1,0,-1,-1,-5,3,-1,0
847,resize,3,3,3,1,1,1,-4,0,1,5,-4,0,-3,0,1,-3,3,1,-4,0,1,5,-4,0,-3,0,1,-3
848,resize,1,1,1,1,1,1,-1,3,-2,-3,-1,0,0,-1,0,-2,1,1,-1,3,-2,-3,-1,0,0,-1,0,-2
849,resize,3,3,3,1,1,1,-4,-1,0,6,-5,1,-3,-1,1,-1,3,1,-4,-1,0,6,-5,1,-3,-1,1,-1
850,resize,1,1,1,1,1,1,-2,3,0,-2,-1,-1,-2,0,-1,-1,1,1,-2,3,0,-2,-1,-1,-2,0,-1,-1
851,resize,0,0,0,1,1,1,6,-3,-1,-2,-3,-1,1,-1,-1,-1,0,1,6,-3,-1,-2,-3,-1,1,-1,-1,-1
852,resize,7,7,7,1,1,1,-2,0,0,0,0,-1,-3,3,-1,0,7,1,-2,0,0,0,0,-1,-3,3,-1,0
853,resize,7,7,7,1,1,1,-2,0,0,0,-1,-1,-4,3,-1,-1,7,1,-2,0,0,0,-1,-1,-4,3,-1,-1
854,resize,0,0,0,1,1,1,4,-2,-1,-1,-2,-2,0,-1,-1,0,0,1,4,-2,-1,-1,-2,-2,0,-1,-1,0
855,resize,3,3,3,1,1,1,-3,0,0,5,-4,1,-3,-1,1,-1,3,1,-3,0,0,5,-4,1,-3,-1,1,-1
856,resize,5,5,5,1,1,1,-1,0,-1,1,-2,3,-1,-1,0,0,5,1,-1,0,-1,1,-2,3,-1,-1,0,0
857,resize,5,5,5,1,1,1,-2,-1,-2,1,-2,4,-1,-2,1,1,5,1,-2,-1,-2,1,-2,4,-1,-2,1,1
858,resize,2,2,2,1,1,1,-1,1,5,0,-2,-3,-2,0,-1,-3,2,1,-1,1,5,0,-2,-3,-2,0,-1,-3
859,resize,7,7,7,1,1,1,-1,1,0,-1,-1,-1,-3,3,-1,0,7,1,-1,1,0,-1,-1,-1,-3,3,-1,0
860,resize,6,6,6,1,1,1,-1,-2,-3,-3,0,2,7,-4,0,-4,6,1,-1,-2,-3,-3,0,2,7,-4,0,-4
861,resize,6,6,6,1,1,1,0,-1,-3,-2,0,1,4,-2,0,-1,6,1,0,-1,-3,-2,0,1,4,-2,0,-1
862,resize,9,9,9,1,1,1,-2,-2,-2,-1,1,-1,-4,0,-1,4,9,1,-2,-2,-2,-1,1,-1,-4,0,-1,4
863,resize,2,2,2,1,1,1,0,0,3,1,-3,-2,-1,0,0,-3,2,1,0,0,3,1,-3,-2,-1,0,0,-3
864,resize,8,8,8,1,1,1,-1,-2,-1,-1,-1,1,0,-3,5,-1,8,1,-1,-2,-1,-1,-1,1,0,-3,5,-1
865,resize,3,3,3,1,1,1,-3,0,-1,5,-3,2,-3,0,-1,-2,3,1,-3,0,-1,5,-3,2,-3,0,-1,-2
866,resize,5,5,5,1,1,1,-1,0,-1,-1,-1,3,0,0,0,1,5,1,-1,0,-1,-1,-1,3,0,0,0,1
867,resize,2,2,2,1,1,1,2,0,5,0,-4,-4,-2,0,-1,-3,2,1,2,0,5,0,-4,-4,-2,0,-1,-3
868,resize,2,2,2,1,1,1,0,0,3,0,-2,-2,-1,0,0,-2,2,1,0,0,3,0,-2,-2,-1,0,0,-2
869,resize,5,5,5,1,1,1,-2,-1,-3,0,-2,6,0,-2,1,1,5,1,-2,-1,-3,0,-2,6,0,-2,1,1
870,resize,6,6,6,1,1,1,0,-1,-2,-3,-1,2,3,-3,2,-1,6,1,0,-1,-2,-3,-1,2,3,-3,2,-1
871,resize,0,0,0,1,1,1,6,-3,0,-2,-3,-2,1,-1,-2,-1,0,1,6,-3,0,-2,-3,-2,1,-1,-2,-1
872,resize,8,8,8,1,1,1,-1,-1,-1,0,-1,-1,-1,-2,4,1,8,1,-1,-1,-1,0,-1,-1,-1,-2,4,1
873,resize,2,2,2,1,1,1,0,0,5,0,-3,-3,-2,1,-1,-4,2,1,0,0,5,0,-3,-3,-2,1,-1,-4
874,resize,9,9,9,1,1,1,-2,-1,-3,-2,1,-1,-4,-1,-1,3,9,1,-2,-1,-3,-2,1,-1,-4,-1,-1,3
875,resize,2,2,2,1,1,1,1,0,3,1,-3,-2,-1,0,0,-3,2,1,1,0,3,1,-3,-2,-1,0,0,-3
876,resize,8,8,8,1,1,1,-2,-1,-1,0,-2,1,0,-3,6,-2,8,1,-2,-1,-1,0,-2,1,0,-3,6,-2
877,resize,8,8,8,1,1,1,-1,-1,-2,-2,-1,1,1,-3,5,-1,8,1,-1,-1,-2,-2,-1,1,1,-3,5,-1
878,resize,8,8,8,1,1,1,-1,-2,-1,0,-1,-1,-2,-2,4,1,8,1,-1,-2,-1,0,-1,-1,-2,-2,4,1
879,resize,8,8,8,1,1,1,-1,-1,-1,0,-3,1,1,-3,5,-2,8,1,-1,-1,-1,0,-3,1,1,-3,5,-2
880,resize,7,7,7,1,1,1,-2,-1,-1,0,-1,-1,-5,4,0,-1,7,1,-2,-1,-1,0,-1,-1,-5,4,0,-1
881,resize,4,4,4,1,1,1,-4,-1,-2,-4,4,-2,-3,-1,-1,2,4,1,-4,-1,-2,-4,4,-2,-3,-1,-1,2
882,resize,9,9,9,1,1,1,0,-1,-2,0,0,-1,-2,0,-1,2,9,1,0,-1,-2,0,0,-1,-2,0,-1,2
883,resize,3,3,3,1,1,1,-1,0,-1,2,-2,1,-1,0,0,0,3,1,-1,0,-1,2,-2,1,-1,0,0,0
884,resize,0,0,0,1,1,1,5,-2,-1,-1,-3,-1,-1,-1,-1,0,0,1,5,-2,-1,-1,-3,-1,-1,-1,-1,0
885,resize,6,6,6,1,1,1,-1,-1,-2,-2,0,1,3,-1,0,-3,6,1,-1,-1,-2,-2,0,1,3,-1,0,-3
886,resize,6,6,6,1,1,1,-1,-2,-4,-2,0,1,5,-3,0,-1,6,1,-1,-2,-4,-2,0,1,5,-3,0,-1
887,resize,3,3,3,1,1,1,-3,-2,-2,7,-5,2,-3,-2,2,0,3,1,-3,-2,-2,7,-5,2,-3,-2,2,0
888,resize,2,2,2,1,1,1,-1,1,6,0,-2,-4,-2,0,-1,-4,2,1,-1,1,6,0,-2,-4,-2,0,-1,-4
889,resize,1,1,1,1,1,1,-3,4,-2,-3,-1,0,-2,0,-1,-1,1,1,-3,4,-2,-3,-1,0,-2,0,-1,-1
890,resize,3,3,3,1,1,1,-3,-1,-2,4,-3,3,-1,-2,1,0,3,1,-3,-1,-2,4,-3,3,-1,-2,1,0
891,resize,2,2,2,1,1,1,-1,1,6,0,-3,-4,-2,0,-1,-5,2,1,-1,1,6,0,-3,-4,-2,0,-1,-5
892,resize,2,2,2,1,1,1,0,0,5,1,-2,-3,-2,0,-1,-4,2,1,0,0,5,1,-2,-3,-2,0,-1,-4
893,resize,9,9,9,1,1,1,0,-2,-1,0,-1,-1,-3,0,0,3,9,1,0,-2,-1,0,-1,-1,-3,0,0,3
894,resize,3,3,3,1,1,1,-2,-1,0,4,-3,1,-1,-1,1,-1,3,1,-2,-1,0,4,-3,1,-1,-1,1,-1
895,resize,0,0,0,1,1,1,4,-1,0,-1,-2,0,1,-1,0,-1,0,1,4,-1,0,-1,-2,0,1,-1,0,-1
896,resize,0,0,0,1,1,1,4,-2,-1,-1,-1,-2,1,-1,-1,0,0,1,4,-2,-1,-1,-1,-2,1,-1,-1,0
897,resize,5,5,5,1,1,1,-2,0,-1,0,-2,5,1,-2,0,0,5,1,-2,0,-1,0,-2,5,1,-2,0,0
898,resize,7,7,7,1,1,1,-4,1,2,1,-1,-2,-4,3,-2,-3,7,1,-4,1,2,1,-1,-2,-4,3,-2,-3
899,resize,8,8,8,1,1,1,-2,-2,-2,-1,-2,1,1,-4,6,-1,8,1,-2,-2,-2,-1,-2,1,1,-4,6,-1
900,resize,1,1,5,1,0,0,-2,1,-2,1,-1,2,-2,-1,0,1,5,1,-2,1,-2,1,-1,2,-2,-1,0,1
901,resize,4,4,4,1,1,1,-5,-1,-1,-4,5,-3,-6,0,-2,1,4,1,-5,-1,-1,-4,5,-3,-6,0,-2,1
902,resize,4,4,4,1,1,1,-4,0,-2,-3,4,-2,-4,0,-2,1,4,1,-4,0,-2,-3,4,-2,-4,0,-2,1
903,resize,6,6,6,1,1,1,0,-2,-3,-2,0,1,4,-3,0,0,6,1,0,-2,-3,-2,0,1,4,-3,0,0
904,resize,0,0,0,1,1,1,4,-2,0,-1,-4,1,1,-2,0,0,0,1,4,-2,0,-1,-4,1,1,-2,0,0
905,resize,2,2,2,1,1,1,0,0,5,0,-3,-4,-2,0,-1,-4,2,1,0,0,5,0,-3,-4,-2,0,-1,-4
906,resize,9,9,9,1,1,1,-1,-3,-2,1,0,-1,-5,1,-1,4,9,1,-1,-3,-2,1,0,-1,-5,1,-1,4
907,resize,1,1,1,1,1,1,-1,3,0,-3,-1,-1,-1,0,0,-2,1,1,-1,3,0,-3,-1,-1,-1,0,0,-2
908,resize,4,4,4,1,1,1,-3,0,-1,-3,4,-2,-3,-1,-2,-2,4,1,-3,0,-1,-3,4,-2,-3,-1,-2,-2
909,resize,7,7,7,1,1,1,-2,0,0,0,0,-2,-3,3,-1,0,7,1,-2,0,0,0,0,-2,-3,3,-1,0
910,resize,4,4,4,1,1,1,-4,-1,-1,-3,4,-2,-4,0,-3,-1,4,1,-4,-1,-1,-3,4,-2,-4,0,-3,-1
911,resize,7,7,7,1,1,1,-2,0,2,1,-2,-2,-5,4,-1,-2,7,1,-2,0,2,1,-2,-2,-5,4,-1,-2
912,resize,3,3,3,1,1,1,-4,-1,-2,7,-5,2,-3,-2,1,0,3,1,-4,-1,-2,7,-5,2,-3,-2,1,0
913,resize,9,9,9,1,1,1,-2,-1,-2,-1,1,-1,-3,0,-1,4,9,1,-2,-1,-2,-1,1,-1,-3,0,-1,4
914,resize,8,8,8,1,1,1,-2,-1,-2,1,-2,1,-1,-3,5,0,8,1,-2,-1,-2,1,-2,1,-1,-3,5,0
915,resize,8,8,8,1,1,1,-1,-1,-2,-1,-2,1,0,-3,5,-1,8,1,-1,-1,-2,-1,-2,1,0,-3,5,-1
916,resize,4,4,4,1,1,1,-1,-1,0,-2,2,-2,-2,-1,-1,0,4,1,-1,-1,0,-2,2,-2,-2,-1,-1,0
917,resize,7,7,7,1,1,1,-1,0,0,0,-1,-1,-4,4,-1,0,7,1,-1,0,0,0,-1,-1,-4,4,-1,0
918,resize,1,1,1,1,1,1,-3,3,-2,-2,0,-1,-2,0,-1,0,1,1,-3,3,-2,-2,0,-1,-2,0,-1,0
919,resize,2,2,2,1,1,1,0,1,5,0,-3,-3,-1,0,-2,-5,2,1,0,1,5,0,-3,-3,-1,0,-2,-5
920,resize,1,1,1,1,1,1,-2,3,-1,-3,-1,-1,-2,0,-1,-1,1,1,-2,3,-1,-3,-1,-1,-2,0,-1,-1
921,resize,2,2,2,1,1,1,-1,0,5,1,-3,-3,-2,0,-1,-5,2,1,-1,0,5,1,-3,-3,-2,0,-1,-5
922,resize,2,2,2,1,1,1,0,0,4,0,-2,-3,-2,2,-1,-3,2,1,0,0,4,0,-2,-3,-2,2,-1,-3
923,resize,3,3,3,1,1,1,-3,-1,-2,6,-4,1,-4,-1,0,1,3,1,-3,-1,-2,6,-4,1,-4,-1,0,1
924,resize,2,2,2,1,1,1,-1,1,3,1,-2,-2,-3,2,-1,-3,2,1,-1,1,3,1,-2,-2,-3,2,-1,-3
925,resize,3,3,3,1,1,1,-5,0,0,7,-5,2,-3,0,0,-3,3,1,-5,0,0,7,-5,2,-3,0,0,-3
926,resize,2,2,2,1,1,1,1,-1,2,-1,-2,-2,-1,-2,1,-1,2,1,1,-1,2,-1,-2,-2,-1,-2,1,-1
927,resize,3,3,3,1,1,1,-4,-1,-1,6,-4,2,-3,-1,1,-1,3,1,-4,-1,-1,6,-4,2,-3,-1,1,-1
928,resize,9,9,9,1,1,1,-1,-2,-1,0,0,-1,-3,0,0,3,9,1,-1,-2,-1,0,0,-1,-3,0,0,3
929,resize,1,1,1,1,1,1,-2,3,0,-3,0,-1,-2,1,-1,-1,1,1,-2,3,0,-3,0,-1,-2,1,-1,-1
930,resize,7,7,7,1,1,1,-3,0,1,0,0,-3,-3,3,-1,-2,7,1,-3,0,1,0,0,-3,-3,3,-1,-2
931,resize,4,4,4,1,1,1,-3,0,-1,-2,3,-1,-3,0,-2,0,4,1,-3,0,-1,-2,3,-1,-3,0,-2,0
932,resize,0,0,0,1,1,1,4,-2,-2,0,-1,0,0,-1,-1,1,0,1,4,-2,-2,0,-1,0,0,-1,-1,1
933,resize,3,3,3,1,1,1,-4,-1,-1,5,-4,2,-2,-1,0,-2,3,1,-4,-1,-1,5,-4,2,-2,-1,0,-2
934,resize,5,5,5,1,1,1,-2,-1,-2,0,-2,5,-1,-1,-1,2,5,1,-2,-1,-2,0,-2,5,-1,-1,-1,2
935,resize,5,5,5,1,1,1,-1,-1,-1,1,-2,3,-1,-1,1,0,5,1,-1,-1,-1,1,-2,3,-1,-1,1,0
936,resize,8,8,8,1,1,1,-2,-1,-3,-2,-1,2,2,-3,4,-1,8,1,-2,-1,-3,-2,-1,2,2,-3,4,-1
937,resize,6,6,6,1,1,1,-2,-2,-3,-3,0,1,7,-3,1,-4,6,1,-2,-2,-3,-3,0,1,7,-3,1,-4
938,resize,3,3,3,1,1,1,-3,-1,-2,3,-3,3,-1,-2,2,0,3,1,-3,-1,-2,3,-3,3,-1,-2,2,0
939,resize,2,2,2,1,1,1,1,-1,3,-1,-1,-2,-2,1,-1,-1,2,1,1,-1,3,-1,-1,-2,-2,1,-1,-1
940,resize,6,6,6,1,1,1,1,-2,-3,-2,-1,2,4,-3,1,-1,6,1,1,-2,-3,-2,-1,2,4,-3,1,-1
941,resize,7,7,7,1,1,1,-2,0,1,0,-1,-2,-6,5,-1,-1,7,1,-2,0,1,0,-1,-2,-6,5,-1,-1
942,resize,6,6,6,1,1,1,0,-1,-3,-2,0,1,6,-3,-1,-3,6,1,0,-1,-3,-2,0,1,6,-3,-1,-3
943,resize,6,6,6,1,1,1,1,-1,-2,-2,-1,2,4,-4,0,-2,6,1,1,-1,-2,-2,-1,2,4,-4,0,-2
944,resize,3,3,3,1,1,1,-3,0,0,4,-3,1,-2,-1,1,-1,3,1,-3,0,0,4,-3,1,-2,-1,1,-1
945,resize,2,2,2,1,1,1,-1,1,7,1,-4,-4,-3,1,-2,-6,2,1,-1,1,7,1,-4,-4,-3,1,-2,-6
946,resize,7,7,7,1,1,1,-2,1,1,0,-1,-1,-4,3,-1,-1,7,1,-2,1,1,0,-1,-1,-4,3,-1,-1
947,resize,8,9,9,0,0,1,-1,0,-1,0,0,-2,-2,-1,0,2,9,1,-1,0,-1,0,0,-2,-2,-1,0,2
948,resize,1,1,1,1,1,1,-3,3,-1,-3,0,-1,-2,0,-1,0,1,1,-3,3,-1,-3,0,-1,-2,0,-1,0
949,resize,1,1,1,1,1,1,-4,4,-2,-3,0,-1,-2,0,-2,1,1,1,-4,4,-2,-3,0,-1,-2,0,-2,1
950,resize,7,7,7,1,1,1,-3,0,1,1,-1,-2,-4,3,-1,-1,7,1,-3,0,1,1,-1,-2,-4,3,-1,-1
951,resize,5,5,5,1,1,1,-3,0,-2,1,0,3,-2,0,-1,1,5,1,-3,0,-2,1,0,3,-2,0,-1,1
952,resize,6,6,6,1,1,1,0,-1,-2,-2,0,0,4,-2,0,-1,6,1,0,-1,-2,-2,0,0,4,-2,0,-1
953,resize,4,4,4,1,1,1,-3,0,-1,-3,3,-2,-3,0,-2,0,4,1,-3,0,-1,-3,3,-2,-3,0,-2,0
954,resize,9,9,9,1,1,1,-2,-2,-3,0,0,-1,-4,-1,-1,4,9,1,-2,-2,-3,0,0,-1,-4,-1,-1,4
955,resize,5,5,5,1,1,1,-2,-2,-2,-1,-1,5,0,-2,1,1,5,1,-2,-2,-2,-1,-1,5,0,-2,1,1
956,resize,1,1,1,1,1,1,-3,3,1,0,-1,0,-1,0,-2,-2,1,1,-3,3,1,0,-1,0,-1,0,-2,-2
957,resize,3,3,3,1,1,1,-2,-1,-2,4,-3,3,-2,-2,0,1,3,1,-2,-1,-2,4,-3,3,-2,-2,0,1
958,resize,3,3,3,1,1,1,-1,0,0,3,-2,0,-1,0,-1,-2,3,1,-1,0,0,3,-2,0,-1,0,-1,-2
959,resize,4,4,4,1,1,1,-3,0,-1,-1,3,0,-2,0,-1,1,4,1,-3,0,-1,-1,3,0,-2,0,-1,1
960,resize,7,7,7,1,1,1,-3,1,0,0,0,-2,-4,3,-2,0,7,1,-3,1,0,0,0,-2,-4,3,-2,0
961,resize,8,8,8,1,1,1,-1,-2,-2,0,-2,0,-1,-3,5,-1,8,1,-1,-2,-2,0,-2,0,-1,-3,5,-1
962,resize,9,9,9,1,1,1,-1,-1,-2,-1,1,-2,-3,0,1,3,9,1,-1,-1,-2,-1,1,-2,-3,0,1,3
963,resize,1,1,1,1,1,1,-1,2,-1,-2,0,-1,-2,1,-1,0,1,1,-1,2,-1,-2,0,-1,-2,1,-1,0
964,resize,1,1,1,1,1,1,-2,3,-1,-3,-1,-1,-1,-1,-1,-1,1,1,-2,3,-1,-3,-1,-1,-1,-1,-1,-1
965,resize,6,6,6,1,1,1,2,-2,-2,-1,-2,2,3,-2,1,-2,6,1,2,-2,-2,-1,-2,2,3,-2,1,-2
966,resize,9,9,9,1,1,1,-1,-2,-3,0,0,-1,-4,-1,0,3,9,1,-1,-2,-3,0,0,-1,-4,-1,0,3
967,resize,1,1,1,1,1,1,-3,4,-1,-3,0,-1,-2,0,-1,-1,1,1,-3,4,-1,-3,0,-1,-2,0,-1,-1
968,resize,4,4,4,1,1,1,-3,0,-1,-4,4,-2,-3,-1,-2,1,4,1,-3,0,-1,-4,4,-2,-3,-1,-2,1
969,resize,4,4,4,1,1,1,-2,-1,-1,-1,2,0,-2,0,0,0,4,1,-2,-1,-1,-1,2,0,-2,0,0,0
970,resize,5,5,5,1,1,1,-2,-1,-2,0,-3,4,0,-2,0,1,5,1,-2,-1,-2,0,-3,4,0,-2,0,1
971,resize,4,4,4,1,1,1,-3,-1,-1,-3,4,-2,-3,0,-2,1,4,1,-3,-1,-1,-3,4,-2,-3,0,-2,1
972,resize,0,0,0,1,1,1,6,-2,0,0,-3,-1,0,-1,-1,0,0,1,6,-2,0,0,-3,-1,0,-1,-1,0
973,resize,6,6,6,1,1,1,-1,-1,-3,-3,-1,2,6,-3,0,-4,6,1,-1,-1,-3,-3,-1,2,6,-3,0,-4
974,resize,2,2,2,1,1,1,1,1,7,-1,-4,-4,-2,1,-2,-5,2,1,1,1,7,-1,-4,-4,-2,1,-2,-5
975,resize,2,2,2,1,1,1,0,-1,4,1,-4,-2,0,-1,0,-4,2,1,0,-1,4,1,-4,-2,0,-1,0,-4
976,resize,3,3,3,1,1,1,-2,0,0,3,-3,0,-2,-1,2,-1,3,1,-2,0,0,3,-3,0,-2,-1,2,-1
977,resize,1,1,1,1,1,1,-1,4,-1,-3,0,-1,-1,-1,0,-1,1,1,-1,4,-1,-3,0,-1,-1,-1,0,-1
978,resize,5,5,5,1,1,1,-2,-2,-3,0,-3,6,0,-3,1,2,5,1,-2,-2,-3,0,-3,6,0,-3,1,2
979,resize,1,1,1,1,1,1,-3,4,-1,-3,0,-2,-2,1,-2,-1,1,1,-3,4,-1,-3,0,-2,-2,1,-2,-1
980,resize,2,2,2,1,1,1,-1,1,6,0,-3,-4,-2,-1,-2,-5,2,1,-1,1,6,0,-3,-4,-2,-1,-2,-5
981,resize,0,0,0,1,1,1,6,-3,-1,-2,-2,-2,1,-2,-2,-1,0,1,6,-3,-1,-2,-2,-2,1,-2,-2,-1
982,resize,3,3,3,1,1,1,-2,0,1,4,-4,-1,-3,-1,0,-2,3,1,-2,0,1,4,-4,-1,-3,-1,0,-2
983,resize,8,8,8,1,1,1,-1,-1,-1,-1,-2,-1,-1,-3,5,0,8,1,-1,-1,-1,-1,-2,-1,-1,-3,5,0
984,resize,1,1,1,1,1,1,-3,3,-2,-3,0,0,-1,0,-1,0,1,1,-3,3,-2,-3,0,0,-1,0,-1,0
985,resize,2,2,2,1,1,1,0,1,6,0,-3,-4,-3,1,-1,-4,2,1,0,1,6,0,-3,-4,-3,1,-1,-4
986,resize,6,6,6,1,1,1,0,-2,-4,-2,-2,2,6,-4,1,-1,6,1,0,-2,-4,-2,-2,2,6,-4,1,-1
987,resize,7,7,7,1,1,1,-2,0,0,1,-1,-1,-3,3,-1,-1,7,1,-2,0,0,1,-1,-1,-3,3,-1,-1
988,resize,1,1,1,1,1,1,-2,3,-1,-2,-1,-1,-2,0,-1,-1,1,1,-2,3,-1,-2,-1,-1,-2,0,-1,-1
989,resize,6,6,6,1,1,1,0,-1,-3,-2,0,0,4,-2,1,-1,6,1,0,-1,-3,-2,0,0,4,-2,1,-1
990,resize,2,2,2,1,1,1,-2,1,4,1,-1,-2,-1,1,-2,-5,2,1,-2,1,4,1,-1,-2,-1,1,-2,-5
991,resize,3,3,3,1,1,1,-4,0,-1,6,-5,1,-4,0,0,-1,3,1,-4,0,-1,6,-5,1,-4,0,0,-1
992,resize,9,9,9,1,1,1,-2,-2,-1,-2,2,-2,-4,1,0,3,9,1,-2,-2,-1,-2,2,-2,-4,1,0,3
993,resize,0,0,0,1,1,1,4,-2,-1,-1,-3,-1,0,0,-1,-1,0,1,4,-2,-1,-1,-3,-1,0,0,-1,-1
994,resize,1,1,1,1,1,1,-2,3,-1,-2,-1,0,-2,-1,0,0,1,1,-2,3,-1,-2,-1,0,-2,-1,0,0
995,resize,2,2,2,1,1,1,1,0,3,0,-2,-2,-1,-1,0,-2,2,1,1,0,3,0,-2,-2,-1,-1,0,-2
996,resize,2,2,2,1,1,1,-1,1,7,0,-3,-4,-1,0,-2,-6,2,1,-1,1,7,0,-3,-4,-1,0,-2,-6
997,resize,0,0,0,1,1,1,4,-2,-1,-2,-2,0,2,-2,-1,-1,0,1,4,-2,-1,-2,-2,0,2,-2,-1,-1
998,resize,8,8,8,1,1,1,-1,-1,-1,0,0,0,0,-1,3,0,8,1,-1,-1,-1,0,0,0,0,-1,3,0
999,resize,9,9,9,1,1,1,-1,-2,-1,-1,1,-1,-3,1,0,3,9,1,-1,-2,-1,-1,1,-1,-3,1,0,3
1000,resize,9,9,9,1,1,1,-1,-2,-2,0,0,0,-4,0,-1,3,9,1,-1,-2,-2,0,0,0,-4,0,-1,3
1001,resize,0,0,0,1,1,1,5,-2,-1,-1,-2,-1,1,-1,-2,0,0,1,5,-2,-1,-1,-2,-1,1,-1,-2,0
1002,resize,2,2,2,1,1,1,-1,0,5,1,-4,-3,-3,1,-1,-5,2,1,-1,0,5,1,-4,-3,-3,1,-1,-5
1003,resize,5,5,5,1,1,1,-3,-1,-2,2,-3,5,-1,-2,1,1,5,1,-3,-1,-2,2,-3,5,-1,-2,1,1
1004,resize,1,1,1,1,1,1,-3,4,-2,-3,0,-1,-2,0,-1,0,1,1,-3,4,-2,-3,0,-1,-2,0,-1,0
1005,resize,9,9,9,1,1,1,-2,-2,-2,0,-1,-1,-4,-1,0,4,9,1,-2,-2,-2,0,-1,-1,-4,-1,0,4
1006,resize,7,7,7,1,1,1,-2,0,0,0,0,-1,-4,3,-1,0,7,1,-2,0,0,0,0,-1,-4,3,-1,0
1007,resize,8,8,8,1,1,1,-1,-1,-1,0,-1,0,-1,-2,4,0,8,1,-1,-1,-1,0,-1,0,-1,-2,4,0
1008,resize,1,1,1,1,1,1,-3,4,-1,-3,0,-1,-2,0,-1,0,1,1,-3,4,-1,-3,0,-1,-2,0,-1,0
1009,resize,0,0,0,1,1,1,5,-1,0,0,-3,0,0,-2,-1,-1,0,1,5,-1,0,0,-3,0,0,-2,-1,-1
1010,resize,4,4,4,1,1,1,-4,-2,-2,-2,4,-2,-4,-1,1,0,4,1,-4,-2,-2,-2,4,-2,-4,-1,1,0
1011,resize,1,1,1,1,1,1,-3,4,-1,-3,0,-1,-2,1,-2,-1,1,1,-3,4,-1,-3,0,-1,-2,1,-2,-1
1012,resize,7,7,7,1,1,1,-2,1,1,1,-1,-2,-3,2,-1,-2,7,1,-2,1,1,1,-1,-2,-3,2,-1,-2
1013,resize,9,9,9,1,1,1,-2,-2,-2,-1,0,-1,-4,-1,-1,4,9,1,-2,-2,-2,-1,0,-1,-4,-1,-1,4
1014,resize,6,5,5,0,0,1,1,-1,-1,0,-1,2,1,-2,0,0,5,1,1,-1,-1,0,-1,2,1,-2,0,0
1015,resize,4,4,4,1,1,1,-3,0,-2,-2,3,-2,-3,0,0,1,4,1,-3,0,-2,-2,3,-2,-3,0,0,1
1016,resize,2,2,2,1,1,1,-1,1,4,0,-1,-2,-1,0,-2,-4,2,1,-1,1,4,0,-1,-2,-1,0,-2,-4
1017,resize,6,6,6,1,1,1,-2,0,-2,-3,1,0,5,-2,0,-3,6,1,-2,0,-2,-3,1,0,5,-2,0,-3
1018,resize,8,8,8,1,1,1,-2,-2,-1,-1,0,0,0,-2,5,-1,8,1,-2,-2,-1,-1,0,0,0,-2,5,-1
1019,resize,1,1,1,1,1,1,-2,4,-1,-3,-1,0,-1,0,-1,-2,1,1,-2,4,-1,-3,-1,0,-1,0,-1,-2
1020,resize,3,3,3,1,1,1,-3,0,0,4,-4,1,-2,-1,1,-1,3,1,-3,0,0,4,-4,1,-2,-1,1,-1
1021,resize,7,7,7,1,1,1,-1,0,1,1,-2,-1,-2,2,0,-2,7,1,-1,0,1,1,-2,-1,-2,2,0,-2
1022,resize,5,5,5,1,1,1,-2,-2,-3,-1,-2,5,-1,-1,-1,3,5,1,-2,-2,-3,-1,-2,5,-1,-1,-1,3
1023,resize,4,4,4,1,1,1,-2,0,-1,-3,4,-2,0,-1,-3,-1,4,1,-2,0,-1,-3,4,-2,0,-1,-3,-1
1024,resize,4,4,4,1,1,1,-4,-1,-2,-3,5,-2,-2,-1,-1,-1,4,1,-4,-1,-2,-3,5,-2,-2,-1,-1,-1
1025,resize,1,1,1,1,1,1,-2,4,-1,-3,-1,-1,-1,-1,-1,-2,1,1,-2,4,-1,-3,-1,-1,-1,-1,-1,-2
1026,resize,8,8,8,1,1,1,-2,-1,-2,-1,0,1,0,-2,3,0,8,1,-2,-1,-2,-1,0,1,0,-2,3,0
1027,resize,1,1,1,1,1,1,-2,4,-2,-3,0,-1,-2,0,-1,0,1,1,-2,4,-2,-3,0,-1,-2,0,-1,0
1028,resize,3,3,3,1,1,1,-5,0,-1,5,-3,1,-2,-1,-1,-3,3,1,-5,0,-1,5,-3,1,-2,-1,-1,-3
1029,resize,8,8,8,1,1,1,-1,-1,-2,0,-2,1,-1,-3,5,0,8,1,-1,-1,-2,0,-2,1,-1,-3,5,0
1030,resize,1,1,1,1,1,1,-2,3,-1,-3,0,-1,-1,0,-1,-1,1,1,-2,3,-1,-3,0,-1,-1,0,-1,-1
1031,resize,2,2,2,1,1,1,0,1,5,0,-3,-2,-1,-1,-1,-5,2,1,0,1,5,0,-3,-2,-1,-1,-1,-5
1032,resize,5,5,5,1,1,1,-1,-1,-2,-1,-2,4,0,-1,1,1,5,1,-1,-1,-2,-1,-2,4,0,-1,1,1
1033,resize,8,8,8,1,1,1,0,1,0,-1,-2,-1,-2,-2,2,-1,8,1,0,1,0,-1,-2,-1,-2,-2,2,-1
1034,resize,0,0,0,1,1,1,4,-2,-1,-2,-2,-1,0,-1,-1,0,0,1,4,-2,-1,-2,-2,-1,0,-1,-1,0
1035,resize,6,6,6,1,1,1,0,-2,-3,-2,0,0,5,-3,0,-2,6,1,0,-2,-3,-2,0,0,5,-3,0,-2
1036,resize,2,2,2,1,1,1,0,1,5,0,-3,-4,-3,1,-2,-4,2,1,0,1,5,0,-3,-4,-3,1,-2,-4
1037,resize,1,1,1,1,1,1,-3,4,-1,-4,0,-1,-2,0,-2,-1,1,1,-3,4,-1,-4,0,-1,-2,0,-2,-1
1038,resize,1,1,1,1,1,1,-3,3,-1,-3,0,0,-2,1,-1,0,1,1,-3,3,-1,-3,0,0,-2,1,-1,0
1039,resize,7,1,1,0,0,1,-2,1,1,0,-1,-1,-1,1,-1,-2,1,1,-2,1,1,0,-1,-1,-1,1,-1,-2
1040,resize,1,1,1,1,1,1,-3,4,-1,-3,-1,0,-2,0,-1,-1,1,1,-3,4,-1,-3,-1,0,-2,0,-1,-1
1041,resize,5,5,5,1,1,1,-1,-2,-3,0,-3,7,0,-2,0,1,5,1,-1,-2,-3,0,-3,7,0,-2,0,1
1042,resize,3,3,3,1,1,1,-3,0,-1,5,-3,1,-2,0,0,-2,3,1,-3,0,-1,5,-3,1,-2,0,0,-2
1043,resize,4,4,4,1,1,1,-5,-1,-3,-4,5,-2,-4,0,-2,0,4,1,-5,-1,-3,-4,5,-2,-4,0,-2,0
1044,resize,6,6,6,1,1,1,-1,0,-1,-2,0,0,1,-2,1,0,6,1,-1,0,-1,-2,0,0,1,-2,1,0
1045,resize,9,9,9,1,1,1,-2,1,-2,-2,1,-2,-3,-1,0,3,9,1,-2,1,-2,-2,1,-2,-3,-1,0,3
1046,resize,5,5,5,1,1,1,-1,-1,-2,2,-2,5,-1,-2,0,1,5,1,-1,-1,-2,2,-2,5,-1,-2,0,1
1047,resize,0,0,0,1,1,1,4,-2,0,0,-1,0,1,-1,-1,-1,0,1,4,-2,0,0,-1,0,1,-1,-1,-1
1048,resize,9,9,9,1,1,1,0,-2,-2,1,-1,-1,-3,0,-1,3,9,1,0,-2,-2,1,-1,-1,-3,0,-1,3
1049,resize,2,2,2,1,1,1,0,0,5,1,-3,-2,-1,0,-1,-5,2,1,0,0,5,1,-3,-2,-1,0,-1,-5
1050,resize,2,2,0,1,0,0,2,-1,2,0,-2,-2,-2,0,0,-1,0,1,2,-1,2,0,-2,-2,-2,0,0,-1
1051,resize,4,4,4,1,1,1,-2,-1,-1,-1,3,-2,-3,0,0,1,4,1,-2,-1,-1,-1,3,-2,-3,0,0,1
1052,resize,8,8,8,1,1,1,-1,-2,-2,0,-2,0,0,-3,4,0,8,1,-1,-2,-2,0,-2,0,0,-3,4,0
1053,resize,2,2,2,1,1,1,1,-1,4,0,-3,-2,-1,-1,0,-3,2,1,1,-1,4,0,-3,-2,-1,-1,0,-3
1054,resize,1,1,1,1,1,1,-3,4,-1,-3,0,-1,-2,0,-1,0,1,1,-3,4,-1,-3,0,-1,-2,0,-1,0
1055,resize,7,7,7,1,1,1,0,0,0,-1,0,-1,-3,2,-1,0,7,1,0,0,0,-1,0,-1,-3,2,-1,0
1056,resize,2,2,2,1,1,1,-1,0,4,1,-3,-3,-3,1,0,-4,2,1,-1,0,4,1,-3,-3,-3,1,0,-4
1057,resize,4,4,4,1,1,1,-3,-1,-1,-2,3,-2,-3,-1,-2,0,4,1,-3,-1,-1,-2,3,-2,-3,-1,-2,0
1058,resize,9,9,9,1,1,1,-2,-2,-2,-1,1,-1,-4,0,-1,4,9,1,-2,-2,-2,-1,1,-1,-4,0,-1,4
1059,resize,4,4,4,1,1,1,-1,-1,-2,-3,4,-2,-3,0,-2,2,4,1,-1,-1,-2,-3,4,-2,-3,0,-2,2
1060,resize,4,4,4,1,1,1,-3,-1,-1,-2,4,-2,-3,0,-2,-1,4,1,-3,-1,-1,-2,4,-2,-3,0,-2,-1
1061,resize,0,0,0,1,1,1,3,-2,-1,-2,-2,1,3,-2,0,-1,0,1,3,-2,-1,-2,-2,1,3,-2,0,-1
1062,resize,3,3,3,1,1,1,-1,-1,1,2,-2,-1,-3,1,1,0,3,1,-1,-1,1,2,-2,-1,-3,1,1,0
1063,resize,9,9,9,1,1,1,-1,-2,-2,0,0,-1,-4,0,-1,4,9,1,-1,-2,-2,0,0,-1,-4,0,-1,4
1064,resize,2,2,2,1,1,1,0,1,5,0,-3,-3,-1,0,-2,-4,2,1,0,1,5,0,-3,-3,-1,0,-2,-4
1065,resize,2,2,2,1,1,1,0,1,6,0,-3,-3,-2,1,-2,-4,2,1,0,1,6,0,-3,-3,-2,1,-2,-4
1066,resize,3,3,3,1,1,1,-3,0,0,5,-3,-1,-3,0,1,-2,3,1,-3,0,0,5,-3,-1,-3,0,1,-2
1067,resize,3,3,3,1,1,1,-3,-2,-2,5,-4,2,-3,-2,2,0,3,1,-3,-2,-2,5,-4,2,-3,-2,2,0
1068,resize,8,8,8,1,1,1,-2,0,-1,0,1,0,-1,-1,2,0,8,1,-2,0,-1,0,1,0,-1,-1,2,0
1069,resize,3,3,3,1,1,1,-2,0,-1,4,-2,1,-3,0,0,0,3,1,-2,0,-1,4,-2,1,-3,0,0,0
1070,resize,5,5,5,1,1,1,-2,-1,-3,-1,-2,7,0,-2,1,0,5,1,-2,-1,-3,-1,-2,7,0,-2,1,0
1071,resize,7,7,7,1,1,1,-2,0,0,0,0,-2,-4,3,-1,0,7,1,-2,0,0,0,0,-2,-4,3,-1,0
1072,resize,3,3,3,1,1,1,-2,-2,-1,4,-4,2,-2,-2,1,0,3,1,-2,-2,-1,4,-4,2,-2,-2,1,0
1073,resize,5,5,5,1,1,1,-1,-1,-2,1,-3,5,-1,-2,1,0,5,1,-1,-1,-2,1,-3,5,-1,-2,1,0
1074,resize,8,8,8,1,1,1,-1,-1,-1,0,-1,0,-1,-2,4,0,8,1,-1,-1,-1,0,-1,0,-1,-2,4,0
1075,resize,1,1,1,1,1,1,-3,3,-1,-2,0,0,-1,0,-2,-1,1,1,-3,3,-1,-2,0,0,-1,0,-2,-1
1076,resize,2,2,2,1,1,1,0,0,5,1,-4,-3,-2,1,0,-3,2,1,0,0,5,1,-4,-3,-2,1,0,-3
1077,resize,4,4,4,1,1,1,-3,0,-2,-3,4,-2,-3,0,-2,1,4,1,-3,0,-2,-3,4,-2,-3,0,-2,1
1078,resize,4,4,4,1,1,1,-1,0,0,-2,3,-2,-2,0,-3,0,4,1,-1,0,0,-2,3,-2,-2,0,-3,0
1079,resize,6,6,6,1,1,1,1,-1,-3,-2,-1,1,5,-3,0,-2,6,1,1,-1,-3,-2,-1,1,5,-3,0,-2
1080,resize,4,4,4,1,1,1,-2,0,0,-1,2,-1,-3,1,-2,0,4,1,-2,0,0,-1,2,-1,-3,1,-2,0
1081,resize,9,9,9,1,1,1,-2,-1,-1,-1,0,-1,-3,0,0,3,9,1,-2,-1,-1,-1,0,-1,-3,0,0,3
1082,resize,5,5,5,1,1,1,-2,-1,-3,1,-2,4,-1,-2,2,1,5,1,-2,-1,-3,1,-2,4,-1,-2,2,1
1083,resize,1,1,1,1,1,1,-3,4,-1,-3,0,-1,-2,0,-1,0,1,1,-3,4,-1,-3,0,-1,-2,0,-1,0
1084,resize,0,0,0,1,1,1,5,-2,-1,-1,-3,1,2,-2,-1,-1,0,1,5,-2,-1,-1,-3,1,2,-2,-1,-1
1085,resize,6,6,6,1,1,1,-1,-1,-2,-2,0,1,4,-2,0,-1,6,1,-1,-1,-2,-2,0,1,4,-2,0,-1
1086,resize,9,9,9,1,1,1,-2,-1,-1,-1,0,-2,-3,0,0,4,9,1,-2,-1,-1,-1,0,-2,-3,0,0,4
1087,resize,5,5,5,1,1,1,-2,-1,-2,0,-2,6,0,-2,1,0,5,1,-2,-1,-2,0,-2,6,0,-2,1,0
1088,resize,9,9,9,1,1,1,-2,-2,-3,0,0,-1,-5,0,-2,4,9,1,-2,-2,-3,0,0,-1,-5,0,-2,4
1089,resize,5,5,5,1,1,1,-2,-2,-3,2,-2,5,-1,-2,0,0,5,1,-2,-2,-3,2,-2,5,-1,-2,0,0
1090,resize,9,9,9,1,1,1,-1,-1,-1,-1,1,-1,-2,0,0,3,9,1,-1,-1,-1,-1,1,-1,-2,0,0,3
1091,resize,7,7,7,1,1,1,-3,1,2,1,-1,-2,-4,3,-2,-3,7,1,-3,1,2,1,-1,-2,-4,3,-2,-3
1092,resize,3,3,3,1,1,1,-3,0,0,4,-3,1,-1,-1,0,-1,3,1,-3,0,0,4,-3,1,-1,-1,0,-1
1093,resize,8,8,8,1,1,1,0,-2,-1,1,-3,0,-1,-2,5,-2,8,1,0,-2,-1,1,-3,0,-1,-2,5,-2
1094,resize,0,0,0,1,1,1,6,-2,-1,-1,-3,0,1,-1,-1,-1,0,1,6,-2,-1,-1,-3,0,1,-1,-1,-1
1095,resize,3,3,3,1,1,1,-3,0,-1,6,-3,1,-3,-1,-1,-1,3,1,-3,0,-1,6,-3,1,-3,-1,-1,-1
1096,resize,7,7,7,1,1,1,-2,-1,-1,-1,0,-1,-5,4,-1,1,7,1,-2,-1,-1,-1,0,-1,-5,4,-1,1
1097,resize,1,1,1,1,1,1,-3,4,-2,-3,-1,0,-1,0,-1,0,1,1,-3,4,-2,-3,-1,0,-1,0,-1,0
1098,resize,3,3,3,1,1,1,-2,-1,-2,4,-3,2,-2,-1,0,1,3,1,-2,-1,-2,4,-3,2,-2,-1,0,1
1099,resize,6,6,6,1,1,1,0,-1,-1,-2,-1,1,4,-4,0,-3,6,1,0,-1,-1,-2,-1,1,4,-4,0,-3
1100,resize,7,7,7,1,1,1,-3,0,-1,0,0,-1,-4,4,-1,-1,7,1,-3,0,-1,0,0,-1,-4,4,-1,-1
1101,resize,8,8,8,1,1,1,-1,0,-1,0,-1,0,0,-1,2,1,8,1,-1,0,-1,0,-1,0,0,-1,2,1
1102,resize,5,5,5,1,1,1,-2,-2,-2,0,-3,6,0,-2,0,1,5,1,-2,-2,-2,0,-3,6,0,-2,0,1
1103,resize,9,9,9,1,1,1,-1,-2,-2,0,0,0,-2,-1,0,4,9,1,-1,-2,-2,0,0,0,-2,-1,0,4
1104,resize,7,7,7,1,1,1,-2,0,0,1,-1,-1,-4,3,-1,-1,7,1,-2,0,0,1,-1,-1,-4,3,-1,-1
1105,resize,9,9,9,1,1,1,-1,-2,-2,0,0,-2,-4,1,0,3,9,1,-1,-2,-2,0,0,-2,-4,1,0,3
1106,resize,6,6,6,1,1,1,-2,-1,-3,-3,-1,1,7,-3,1,-5,6,1,-2,-1,-3,-3,-1,1,7,-3,1,-5
1107,resize,9,9,9,1,1,1,-1,-1,-1,1,-1,0,-3,-2,1,3,9,1,-1,-1,-1,1,-1,0,-3,-2,1,3
1108,resize,6,6,6,1,1,1,0,-1,-4,-2,-1,2,4,-3,1,-1,6,1,0,-1,-4,-2,-1,2,4,-3,1,-1
1109,resize,3,3,3,1,1,1,-5,0,0,5,-4,1,-2,0,0,-3,3,1,-5,0,0,5,-4,1,-2,0,0,-3
1110,resize,7,7,7,1,1,1,-1,-1,0,0,-1,-1,-4,4,-1,-1,7,1,-1,-1,0,0,-1,-1,-4,4,-1,-1
1111,resize,4,4,4,1,1,1,-4,-1,-2,-3,4,-2,-3,-1,-2,0,4,1,-4,-1,-2,-3,4,-2,-3,-1,-2,0
1112,resize,4,4,6,1,0,0,1,-1,-1,-2,1,-1,2,-2,-2,-2,6,1,1,-1,-1,-2,1,-1,2,-2,-2,-2
1113,resize,5,5,5,1,1,1,-2,-2,-3,-1,-2,7,0,-3,0,2,5,1,-2,-2,-3,-1,-2,7,0,-3,0,2
1114,resize,3,3,3,1,1,1,-1,-1,0,3,-3,-1,-2,-1,2,-1,3,1,-1,-1,0,3,-3,-1,-2,-1,2,-1
1115,resize,5,5,5,1,1,1,-1,-1,-1,0,-2,4,0,-1,0,1,5,1,-1,-1,-1,0,-2,4,0,-1,0,1
1116,resize,4,4,4,1,1,1,-4,0,-2,-3,4,-3,-4,0,-1,0,4,1,-4,0,-2,-3,4,-3,-4,0,-1,0
1117,resize,7,7,7,1,1,1,-2,1,1,0,-2,-2,-4,4,-2,-2,7,1,-2,1,1,0,-2,-2,-4,4,-2,-2
1118,resize,8,8,8,1,1,1,0,-2,-1,1,-2,-1,-2,-1,5,-1,8,1,0,-2,-1,1,-2,-1,-2,-1,5,-1
1119,resize,7,7,7,1,1,1,-3,1,1,-1,0,-2,-3,3,-1,-3,7,1,-3,1,1,-1,0,-2,-3,3,-1,-3
1120,resize,8,8,8,1,1,1,-1,-1,-1,0,-1,0,-1,-2,4,0,8,1,-1,-1,-1,0,-1,0,-1,-2,4,0
1121,resize,0,0,0,1,1,1,5,-2,-1,-1,-2,0,2,-2,-1,-1,0,1,5,-2,-1,-1,-2,0,2,-2,-1,-1
1122,resize,7,7,7,1,1,1,-1,0,1,1,-1,-1,-3,2,-1,-1,7,1,-1,0,1,1,-1,-1,-3,2,-1,-1
1123,resize,6,6,6,1,1,1,0,-2,-3,-2,0,2,6,-3,0,-3,6,1,0,-2,-3,-2,0,2,6,-3,0,-3
1124,resize,8,8,8,1,1,1,-1,-1,-1,-1,-1,1,0,-1,2,0,8,1,-1,-1,-1,-1,-1,1,0,-1,2,0
1125,resize,8,8,8,1,1,1,-2,-2,-1,0,0,0,-2,-1,4,1,8,1,-2,-2,-1,0,0,0,-2,-1,4,1
1126,resize,7,7,7,1,1,1,-2,-1,0,0,0,-1,-5,3,-1,1,7,1,-2,-1,0,0,0,-1,-5,3,-1,1
1127,resize,3,3,3,1,1,1,-2,-1,0,5,-4,-1,-3,-1,1,-1,3,1,-2,-1,0,5,-4,-1,-3,-1,1,-1
1128,resize,3,3,3,1,1,1,-1,-1,1,3,-2,0,-2,1,0,-1,3,1,-1,-1,1,3,-2,0,-2,1,0,-1
1129,resize,1,1,1,1,1,1,-1,4,-1,-2,-1,-1,-2,0,1,-1,1,1,-1,4,-1,-2,-1,-1,-2,0,1,-1
1130,resize,9,9,9,1,1,1,-1,-2,-2,-1,1,-2,-4,0,-1,4,9,1,-1,-2,-2,-1,1,-2,-4,0,-1,4
1131,resize,5,5,5,1,1,1,-2,-1,-3,-2,-2,6,1,-1,1,0,5,1,-2,-1,-3,-2,-2,6,1,-1,1,0
1132,resize,2,2,2,1,1,1,0,0,5,0,-3,-3,-2,0,-1,-3,2,1,0,0,5,0,-3,-3,-2,0,-1,-3
1133,resize,7,7,7,1,1,1,-1,0,1,1,-1,-1,-4,2,0,0,7,1,-1,0,1,1,-1,-1,-4,2,0,0
1134,resize,3,3,3,1,1,1,-4,-1,-2,6,-4,2,-4,-1,0,-1,3,1,-4,-1,-2,6,-4,2,-4,-1,0,-1
1135,resize,5,5,5,1,1,1,-2,-1,-3,0,-2,5,-1,-2,1,1,5,1,-2,-1,-3,0,-2,5,-1,-2,1,1
1136,resize,1,1,1,1,1,1,-3,4,-2,-3,-1,-1,-2,0,-1,0,1,1,-3,4,-2,-3,-1,-1,-2,0,-1,0
1137,resize,1,1,1,1,1,1,-2,3,-1,-2,-1,0,-1,0,-1,0,1,1,-2,3,-1,-2,-1,0,-1,0,-1,0
1138,resize,2,2,2,1,1,1,0,1,3,0,-1,-1,-1,0,-2,-3,2,1,0,1,3,0,-1,-1,-1,0,-2,-3
1139,resize,1,1,1,1,1,1,-2,4,-1,-3,-1,-1,-2,0,-1,-2,1,1,-2,4,-1,-3,-1,-1,-2,0,-1,-2
1140,resize,4,4,4,1,1,1,-3,0,-1,-4,4,-2,-4,0,-3,0,4,1,-3,0,-1,-4,4,-2,-4,0,-3,0
1141,resize,7,7,7,1,1,1,-1,0,1,1,-1,-1,-4,3,-1,-1,7,1,-1,0,1,1,-1,-1,-4,3,-1,-1
1142,resize,4,4,4,1,1,1,-2,0,-2,-3,4,-1,-2,-1,-4,0,4,1,-2,0,-2,-3,4,-1,-2,-1,-4,0
1143,resize,7,7,2,1,0,0,-4,1,3,1,-1,-3,-4,3,-1,-4,2,1,-4,1,3,1,-1,-3,-4,3,-1,-4
1144,resize,5,5,5,1,1,1,-3,-1,-2,2,-2,5,-1,-1,0,1,5,1,-3,-1,-2,2,-2,5,-1,-1,0,1
1145,resize,4,4,4,1,1,1,-3,-1,-1,-3,4,-2,-4,0,-1,1,4,1,-3,-1,-1,-3,4,-2,-4,0,-1,1
1146,resize,5,5,5,1,1,1,-2,0,-2,1,-1,3,-1,-1,0,1,5,1,-2,0,-2,1,-1,3,-1,-1,0,1
1147,resize,4,4,4,1,1,1,-4,-1,-2,-2,4,-1,-4,1,-2,0,4,1,-4,-1,-2,-2,4,-1,-4,1,-2,0
1148,resize,0,0,0,1,1,1,5,-2,-1,-1,-2,-1,1,-1,-2,0,0,1,5,-2,-1,-1,-2,-1,1,-1,-2,0
1149,resize,8,8,8,1,1,1,-2,-2,-2,-1,0,-1,-1,-2,5,1,8,1,-2,-2,-2,-1,0,-1,-1,-2,5,1
1150,resize,3,3,3,1,1,1,-3,-1,-2,6,-4,3,-3,-2,0,0,3,1,-3,-1,-2,6,-4,3,-3,-2,0,0
1151,resize,6,6,5,1,0,0,-1,-1,-2,-2,-1,2,2,-3,2,-1,5,1,-1,-1,-2,-2,-1,2,2,-3,2,-1
1152,resize,9,9,9,1,1,1,-1,-2,-2,0,0,0,-5,0,-2,4,9,1,-1,-2,-2,0,0,0,-5,0,-2,4
1153,resize,6,6,6,1,1,1,2,-2,-2,-2,-2,2,3,-3,1,0,6,1,2,-2,-2,-2,-2,2,3,-3,1,0
1154,resize,0,0,0,1,1,1,4,-1,0,-2,-2,-1,-1,0,-1,-1,0,1,4,-1,0,-2,-2,-1,-1,0,-1,-1
1155,resize,2,2,2,1,1,1,0,0,3,0,-2,-2,-1,0,-1,-2,2,1,0,0,3,0,-2,-2,-1,0,-1,-2
1156,resize,7,7,8,1,0,0,-2,0,-1,0,0,0,0,0,1,-1,8,1,-2,0,-1,0,0,0,0,0,1,-1
1157,resize,4,4,4,1,1,1,-3,0,-1,-2,3,-2,-3,1,-1,0,4,1,-3,0,-1,-2,3,-2,-3,1,-1,0
1158,resize,4,4,4,1,1,1,-2,-1,-2,-3,5,-2,-3,0,-3,0,4,1,-2,-1,-2,-3,5,-2,-3,0,-3,0
1159,resize,4,4,4,1,1,1,-1,0,-3,-3,3,-2,0,-2,-1,0,4,1,-1,0,-3,-3,3,-2,0,-2,-1,0
1160,resize,4,4,4,1,1,1,-3,-1,-1,-4,5,-2,-3,-1,-3,0,4,1,-3,-1,-1,-4,5,-2,-3,-1,-3,0
1161,resize,6,6,6,1,1,1,0,-2,-4,-2,0,1,5,-3,0,-1,6,1,0,-2,-4,-2,0,1,5,-3,0,-1
1162,resize,6,6,6,1,1,1,-1,-2,-3,-3,0,1,7,-3,0,-4,6,1,-1,-2,-3,-3,0,1,7,-3,0,-4
1163,resize,4,4,4,1,1,1,-5,0,-2,-3,4,-2,-2,-1,-1,-2,4,1,-5,0,-2,-3,4,-2,-2,-1,-1,-2
1164,resize,7,7,7,1,1,1,-1,0,-1,-2,0,0,-4,4,-1,0,7,1,-1,0,-1,-2,0,0,-4,4,-1,0
1165,resize,9,9,9,1,1,1,-2,-2,-1,-1,1,-1,-4,0,0,4,9,1,-2,-2,-1,-1,1,-1,-4,0,0,4
1166,resize,3,3,3,1,1,1,-1,-1,-1,3,-3,1,-2,-1,0,0,3,1,-1,-1,-1,3,-3,1,-2,-1,0,0
1167,resize,4,4,4,1,1,1,-3,-1,-1,-2,3,-2,-3,1,-2,-1,4,1,-3,-1,-1,-2,3,-2,-3,1,-2,-1
1168,resize,5,5,5,1,1,1,0,-1,-1,0,-3,4,0,-2,0,1,5,1,0,-1,-1,0,-3,4,0,-2,0,1
1169,resize,5,5,5,1,1,1,0,-2,-2,-1,-2,4,0,-2,0,1,5,1,0,-2,-2,-1,-2,4,0,-2,0,1
1170,resize,8,8,8,1,1,1,-2,-1,-2,-1,-1,2,1,-3,5,-1,8,1,-2,-1,-2,-1,-1,2,1,-3,5,-1
1171,resize,7,7,7,1,1,1,-2,0,-1,0,0,-1,-4,3,-1,0,7,1,-2,0,-1,0,0,-1,-4,3,-1,0
1172,resize,3,3,3,1,1,1,-5,0,0,5,-4,1,-2,0,0,-3,3,1,-5,0,0,5,-4,1,-2,0,0,-3
1173,resize,7,7,7,1,1,1,0,0,0,-1,-1,-1,-3,2,0,-1,7,1,0,0,0,-1,-1,-1,-3,2,0,-1
1174,resize,2,2,2,1,1,1,0,1,6,-1,-3,-4,-1,0,-2,-5,2,1,0,1,6,-1,-3,-4,-1,0,-2,-5
1175,resize,7,7,7,1,1,1,-2,0,0,0,-1,0,-4,3,-1,0,7,1,-2,0,0,0,-1,0,-4,3,-1,0
1176,resize,0,0,0,1,1,1,3,-2,-1,-1,-1,0,0,0,-1,-1,0,1,3,-2,-1,-1,-1,0,0,0,-1,-1
1177,resize,2,2,2,1,1,1,1,1,6,0,-4,-4,-3,1,-2,-5,2,1,1,1,6,0,-4,-4,-3,1,-2,-5
1178,resize,4,4,4,1,1,1,0,-1,-2,-2,2,-1,1,-2,-1,-1,4,1,0,-1,-2,-2,2,-1,1,-2,-1,-1
1179,resize,1,1,1,1,1,1,-3,3,-1,-2,0,0,-2,1,-1,-1,1,1,-3,3,-1,-2,0,0,-2,1,-1,-1
1180,resize,1,1,1,1,1,1,-3,4,-2,-3,0,-1,-2,-1,-1,1,1,1,-3,4,-2,-3,0,-1,-2,-1,-1,1
1181,resize,6,6,6,1,1,1,-1,1,0,-1,-1,1,2,-3,1,-3,6,1,-1,1,0,-1,-1,1,2,-3,1,-3
1182,resize,6,6,5,1,0,0,-1,0,-2,-2,-1,3,2,-2,1,0,5,1,-1,0,-2,-2,-1,3,2,-2,1,0
1183,resize,9,9,9,1,1,1,-1,-3,-3,0,-1,-2,-5,-1,0,5,9,1,-1,-3,-3,0,-1,-2,-5,-1,0,5
1184,resize,2,2,2,1,1,1,-1,1,3,0,-1,-2,0,0,-1,-3,2,1,-1,1,3,0,-1,-2,0,0,-1,-3
1185,resize,8,8,8,1,1,1,-1,-2,-1,-1,0,0,0,-2,4,0,8,1,-1,-2,-1,-1,0,0,0,-2,4,0
1186,resize,7,7,7,1,1,1,-4,0,-2,0,0,-1,-6,5,-2,0,7,1,-4,0,-2,0,0,-1,-6,5,-2,0
1187,resize,2,2,2,1,1,1,-1,1,5,0,-2,-3,-1,0,-2,-4,2,1,-1,1,5,0,-2,-3,-1,0,-2,-4
1188,resize,0,0,0,1,1,1,5,-2,-1,-2,-3,-1,0,-1,-1,-1,0,1,5,-2,-1,-2,-3,-1,0,-1,-1,-1
1189,resize,1,1,1,1,1,1,-3,4,-1,-3,0,-1,-2,0,-1,-1,1,1,-3,4,-1,-3,0,-1,-2,0,-1,-1
1190,resize,5,5,5,1,1,1,-1,-1,-2,1,-2,5,-1,-2,1,1,5,1,-1,-1,-2,1,-2,5,-1,-2,1,1
1191,resize,0,0,0,1,1,1,4,-3,-2,0,-2,2,2,-2,-1,-1,0,1,4,-3,-2,0,-2,2,2,-2,-1,-1
1192,resize,9,9,9,1,1,1,-2,0,-1,-1,1,0,-2,0,0,2,9,1,-2,0,-1,-1,1,0,-2,0,0,2
1193,resize,1,1,1,1,1,1,-3,4,-1,-2,0,-1,-2,1,-1,-1,1,1,-3,4,-1,-2,0,-1,-2,1,-1,-1
1194,resize,7,7,7,1,1,1,-4,0,-1,0,0,-2,-4,3,-1,0,7,1,-4,0,-1,0,0,-2,-4,3,-1,0
1195,resize,0,0,0,1,1,1,6,-2,-1,-2,-4,0,1,-1,0,-2,0,1,6,-2,-1,-2,-4,0,1,-1,0,-2
1196,resize,6,6,6,1,1,1,-1,-1,-1,-2,-1,1,4,-3,0,-3,6,1,-1,-1,-1,-2,-1,1,4,-3,0,-3
1197,resize,0,0,0,1,1,1,5,-2,-1,-1,-2,-1,0,-1,-1,-2,0,1,5,-2,-1,-1,-2,-1,0,-1,-1,-2
1198,resize,8,8,8,1,1,1,-3,0,-1,-1,0,0,0,-1,3,0,8,1,-3,0,-1,-1,0,0,0,-1,3,0
1199,resize,6,6,6,1,1,1,0,-2,-4,-2,0,2,5,-3,0,-2,6,1,0,-2,-4,-2,0,2,5,-3,0,-2
1200,resize,8,8,8,1,1,1,-1,0,-1,0,0,0,-1,-2,3,0,8,1,-1,0,-1,0,0,0,-1,-2,3,0
1201,resize,1,1,1,1,1,1,-3,4,-1,-3,0,-2,-2,1,-2,-1,1,1,-3,4,-1,-3,0,-2,-2,1,-2,-1
1202,resize,8,8,8,1,1,1,-2,-1,-1,-1,-2,2,2,-3,5,-1,8,1,-2,-1,-1,-1,-2,2,2,-3,5,-1
1203,resize,0,0,0,1,1,1,5,-2,-1,-1,-2,0,1,-1,-1,-1,0,1,5,-2,-1,-1,-2,0,1,-1,-1,-1
1204,resize,3,3,3,1,1,1,-2,0,2,4,-4,-1,-3,0,0,-3,3,1,-2,0,2,4,-4,-1,-3,0,0,-3
1205,resize,3,3,3,1,1,1,-3,-1,-1,6,-5,2,-3,-1,0,-1,3,1,-3,-1,-1,6,-5,2,-3,-1,0,-1
1206,resize,7,7,7,1,1,1,0,0,0,0,-3,-1,-4,2,0,-1,7,1,0,0,0,0,-3,-1,-4,2,0,-1
1207,resize,2,2,2,1,1,1,-1,0,6,0,-3,-3,-2,-1,-1,-4,2,1,-1,0,6,0,-3,-3,-2,-1,-1,-4
1208,resize,3,3,3,1,1,1,-3,0,-1,4,-3,1,-2,0,0,0,3,1,-3,0,-1,4,-3,1,-2,0,0,0
1209,resize,6,6,6,1,1,1,-1,-1,-1,-1,-1,1,3,-3,1,-3,6,1,-1,-1,-1,-1,-1,1,3,-3,1,-3
1210,resize,2,2,2,1,1,1,-1,1,6,0,-3,-4,-3,0,-2,-5,2,1,-1,1,6,0,-3,-4,-3,0,-2,-5
1211,resize,1,1,1,1,1,1,-2,4,-1,-2,-1,-1,-1,0,-1,-1,1,1,-2,4,-1,-2,-1,-1,-1,0,-1,-1
1212,resize,6,6,6,1,1,1,1,-1,-2,-2,-1,1,2,-2,1,-1,6,1,1,-1,-2,-2,-1,1,2,-2,1,-1
1213,resize,1,1,1,1,1,1,-3,4,-1,-3,-1,-1,-2,0,-2,-1,1,1,-3,4,-1,-3,-1,-1,-2,0,-2,-1
1214,resize,1,1,1,1,1,1,-2,3,-2,-3,0,-1,-1,0,-1,-1,1,1,-2,3,-2,-3,0,-1,-1,0,-1,-1
1215,resize,3,3,3,1,1,1,-3,0,1,4,-3,0,-2,0,0,-3,3,1,-3,0,1,4,-3,0,-2,0,0,-3
1216,resize,7,7,7,1,1,1,0,0,0,0,-1,0,-3,2,-1,0,7,1,0,0,0,0,-1,0,-3,2,-1,0
1217,resize,9,9,9,1,1,1,-1,-1,-2,-1,0,-1,-2,-1,0,2,9,1,-1,-1,-2,-1,0,-1,-2,-1,0,2
1218,resize,0,0,0,1,1,1,5,-2,0,-1,-3,0,0,-2,-1,-1,0,1,5,-2,0,-1,-3,0,0,-2,-1,-1
1219,resize,8,8,8,1,1,1,-1,-1,-2,0,-2,1,-1,-3,4,0,8,1,-1,-1,-2,0,-2,1,-1,-3,4,0
1220,resize,0,0,0,1,1,1,4,-1,0,0,-2,-1,0,-1,-1,0,0,1,4,-1,0,0,-2,-1,0,-1,-1,0
1221,resize,5,5,5,1,1,1,-1,-1,-1,0,-3,5,0,-1,0,1,5,1,-1,-1,-1,0,-3,5,0,-1,0,1
1222,resize,4,4,4,1,1,1,-3,-1,-1,-3,5,-3,-4,0,-2,0,4,1,-3,-1,-1,-3,5,-3,-4,0,-2,0
1223,resize,0,0,0,1,1,1,3,-2,-1,-1,-1,0,1,-1,0,0,0,1,3,-2,-1,-1,-1,0,1,-1,0,0
1224,resize,2,2,2,1,1,1,-1,2,3,-1,1,-1,-1,0,-3,-4,2,1,-1,2,3,-1,1,-1,-1,0,-3,-4
1225,resize,8,8,8,1,1,1,-1,-1,-3,0,-1,2,1,-3,4,0,8,1,-1,-1,-3,0,-1,2,1,-3,4,0
1226,resize,7,2,2,0,0,1,-1,1,4,0,-1,-3,-2,1,-1,-3,2,1,-1,1,4,0,-1,-3,-2,1,-1,-3
1227,resize,2,2,2,1,1,1,-1,1,5,1,-2,-2,-2,0,-1,-3,2,1,-1,1,5,1,-2,-2,-2,0,-1,-3
1228,resize,9,9,9,1,1,1,-1,-3,-2,1,-1,1,-4,-2,0,3,9,1,-1,-3,-2,1,-1,1,-4,-2,0,3
1229,resize,8,8,8,1,1,1,-1,-1,-1,0,-2,0,-1,-2,5,-1,8,1,-1,-1,-1,0,-2,0,-1,-2,5,-1
1230,resize,4,4,4,1,1,1,-3,0,0,-2,3,-1,-3,0,-2,0,4,1,-3,0,0,-2,3,-1,-3,0,-2,0
1231,resize,0,0,0,1,1,1,4,-2,0,-1,-1,-1,0,-1,-2,-1,0,1,4,-2,0,-1,-1,-1,0,-1,-2,-1
1232,resize,9,4,4,0,0,1,0,0,-2,-2,2,-1,-1,-1,-1,2,4,1,0,0,-2,-2,2,-1,-1,-1,-1,2
1233,resize,5,5,5,1,1,1,-3,-1,-3,0,-2,5,1,-2,1,0,5,1,-3,-1,-3,0,-2,5,1,-2,1,0
1234,resize,8,8,8,1,1,1,-2,-1,1,1,-3,1,1,-3,4,-2,8,1,-2,-1,1,1,-3,1,1,-3,4,-2
1235,resize,5,5,5,1,1,1,-2,-1,-3,0,-2,5,0,-2,1,1,5,1,-2,-1,-3,0,-2,5,0,-2,1,1
1236,resize,1,1,1,1,1,1,-2,3,-1,-2,0,-1,-2,1,-2,0,1,1,-2,3,-1,-2,0,-1,-2,1,-2,0
1237,resize,2,2,2,1,1,1,0,1,5,-1,-3,-4,-2,1,-1,-4,2,1,0,1,5,-1,-3,-4,-2,1,-1,-4
1238,resize,1,1,1,1,1,1,-2,3,-1,-2,-1,-1,-2,0,-1,-1,1,1,-2,3,-1,-2,-1,-1,-2,0,-1,-1
1239,resize,3,3,3,1,1,1,-3,-1,-2,5,-4,3,-3,-1,0,0,3,1,-3,-1,-2,5,-4,3,-3,-1,0,0
1240,resize,1,1,1,1,1,1,-1,2,-2,-2,0,0,-1,0,-1,0,1,1,-1,2,-2,-2,0,0,-1,0,-1,0
1241,resize,7,7,7,1,1,1,-3,0,-1,-1,0,-2,-4,3,-1,0,7,1,-3,0,-1,-1,0,-2,-4,3,-1,0
1242,resize,4,9,4,0,1,0,-1,0,-1,-2,1,-1,-1,0,-2,1,4,1,-1,0,-1,-2,1,-1,-1,0,-2,1
1243,resize,5,5,5,1,1,1,-2,-1,-2,-1,-1,5,0,-1,0,1,5,1,-2,-1,-2,-1,-1,5,0,-1,0,1
1244,resize,7,7,7,1,1,1,-1,1,1,0,-1,-1,-3,2,-1,-1,7,1,-1,1,1,0,-1,-1,-3,2,-1,-1
1245,resize,2,2,2,1,1,1,-1,0,6,2,-4,-3,-1,-1,0,-5,2,1,-1,0,6,2,-4,-3,-1,-1,0,-5
1246,resize,0,0,0,1,1,1,4,-1,0,-1,-3,1,0,-1,-1,-1,0,1,4,-1,0,-1,-3,1,0,-1,-1,-1
1247,resize,9,5,5,0,0,1,0,0,1,0,-1,3,-1,-1,-1,1,5,1,0,0,1,0,-1,3,-1,-1,-1,1
1248,resize,8,8,8,1,1,1,-2,0,0,0,-1,0,0,-2,3,0,8,1,-2,0,0,0,-1,0,0,-2,3,0
1249,resize,8,8,8,1,1,1,-1,-1,-1,-1,-1,0,0,-3,5,0,8,1,-1,-1,-1,-1,-1,0,0,-3,5,0
1250,resize,6,6,6,1,1,1,0,-1,-1,-2,-1,1,3,-3,1,-2,6,1,0,-1,-1,-2,-1,1,3,-3,1,-2
1251,resize,2,2,2,1,1,1,1,0,4,0,-1,-2,0,-1,-2,-3,2,1,1,0,4,0,-1,-2,0,-1,-2,-3
1252,resize,5,5,5,1,1,1,-3,0,-2,0,-1,5,-1,-1,0,0,5,1,-3,0,-2,0,-1,5,-1,-1,0,0
1253,resize,4,4,4,1,1,1,-2,0,-1,-5,5,-3,-1,-1,-4,0,4,1,-2,0,-1,-5,5,-3,-1,-1,-4,0
1254,resize,1,1,1,1,1,1,-3,4,-2,-3,-1,0,-2,0,-2,0,1,1,-3,4,-2,-3,-1,0,-2,0,-2,0
1255,resize,9,9,9,1,1,1,-2,-2,-3,-1,0,-2,-4,-1,0,5,9,1,-2,-2,-3,-1,0,-2,-4,-1,0,5
1256,resize,2,2,2,1,1,1,1,1,4,0,-2,-2,-3,1,-1,-2,2,1,1,1,4,0,-2,-2,-3,1,-1,-2
1257,resize,1,1,1,1,1,1,-1,4,-2,-3,-1,-1,-1,-1,0,-1,1,1,-1,4,-2,-3,-1,-1,-1,-1,0,-1
1258,resize,5,5,5,1,1,1,-2,-1,-3,0,-3,5,-1,-3,1,2,5,1,-2,-1,-3,0,-3,5,-1,-3,1,2
1259,resize,8,8,8,1,1,1,-1,-1,-1,-1,-1,1,1,-2,3,-1,8,1,-1,-1,-1,-1,-1,1,1,-2,3,-1
1260,resize,7,1,1,0,0,1,-1,1,1,-1,-1,-1,-3,1,-1,-2,1,1,-1,1,1,-1,-1,-1,-3,1,-1,-2
1261,resize,0,0,0,1,1,1,6,-3,0,-2,-3,-1,0,-1,-2,-1,0,1,6,-3,0,-2,-3,-1,0,-1,-2,-1
1262,resize,2,2,2,1,1,1,-1,1,4,0,-2,-2,-2,0,-1,-3,2,1,-1,1,4,0,-2,-2,-2,0,-1,-3
1263,resize,4,4,4,1,1,1,-3,-1,-1,-4,4,-3,-1,-1,-2,1,4,1,-3,-1,-1,-4,4,-3,-1,-1,-2,1
1264,resize,4,4,4,1,1,1,-5,-1,-3,-4,5,-2,-4,0,-2,1,4,1,-5,-1,-3,-4,5,-2,-4,0,-2,1
1265,resize,3,3,3,1,1,1,-3,0,1,4,-4,1,-2,-1,0,-2,3,1,-3,0,1,4,-4,1,-2,-1,0,-2
1266,resize,6,6,6,1,1,1,-1,-1,-3,-2,1,-1,4,-2,-1,-2,6,1,-1,-1,-3,-2,1,-1,4,-2,-1,-2
1267,resize,8,8,8,1,1,1,-1,-1,-1,-1,0,-1,-1,-2,4,0,8,1,-1,-1,-1,-1,0,-1,-1,-2,4,0
1268,resize,8,8,8,1,1,1,-1,-2,-2,0,-2,0,-1,-3,6,0,8,1,-1,-2,-2,0,-2,0,-1,-3,6,0
1269,resize,2,2,2,1,1,1,0,0,3,0,-1,-2,-1,-1,0,-2,2,1,0,0,3,0,-1,-2,-1,-1,0,-2
1270,resize,4,4,4,1,1,1,-4,-1,-2,-3,4,-2,-4,0,-1,0,4,1,-4,-1,-2,-3,4,-2,-4,0,-1,0
1271,resize,0,0,0,1,1,1,4,-1,-1,-1,-1,-1,1,-2,-2,0,0,1,4,-1,-1,-1,-1,-1,1,-2,-2,0
1272,resize,5,5,5,1,1,1,-1,-1,-2,-1,-1,4,0,-1,1,1,5,1,-1,-1,-2,-1,-1,4,0,-1,1,1
1273,resize,0,0,0,1,1,1,3,-2,-2,0,-1,1,2,-2,0,-1,0,1,3,-2,-2,0,-1,1,2,-2,0,-1
1274,resize,4,4,4,1,1,1,-1,0,-1,-1,2,0,0,0,0,-1,4,1,-1,0,-1,-1,2,0,0,0,0,-1
1275,resize,4,4,4,1,1,1,-4,-1,-1,-2,4,-2,-4,0,-2,0,4,1,-4,-1,-1,-2,4,-2,-4,0,-2,0
1276,resize,7,7,7,1,1,1,-3,0,1,1,0,-2,-4,4,-1,-1,7,1,-3,0,1,1,0,-2,-4,4,-1,-1
1277,resize,9,9,9,1,1,1,-3,-2,-2,-1,0,-1,-5,0,-1,5,9,1,-3,-2,-2,-1,0,-1,-5,0,-1,5
1278,resize,3,3,3,1,1,1,-5,0,0,6,-4,1,-3,-1,0,-2,3,1,-5,0,0,6,-4,1,-3,-1,0,-2
1279,resize,4,4,4,1,1,1,-1,-1,-2,-1,2,-1,-2,0,0,0,4,1,-1,-1,-2,-1,2,-1,-2,0,0,0
1280,resize,1,1,1,1,1,1,-3,4,-1,-3,-1,-1,-2,0,-1,-1,1,1,-3,4,-1,-3,-1,-1,-2,0,-1,-1
1281,resize,5,5,5,1,1,1,-1,-2,-2,0,-1,4,-1,0,0,1,5,1,-1,-2,-2,0,-1,4,-1,0,0,1
1282,resize,9,9,9,1,1,1,-2,0,-2,-1,0,-3,-4,-1,1,3,9,1,-2,0,-2,-1,0,-3,-4,-1,1,3
1283,resize,7,7,7,1,1,1,-3,1,2,0,0,-2,-3,3,-2,-3,7,1,-3,1,2,0,0,-2,-3,3,-2,-3
1284,resize,3,3,3,1,1,1,-4,0,-1,6,-4,2,-3,-1,0,-1,3,1,-4,0,-1,6,-4,2,-3,-1,0,-1
1285,resize,5,5,5,1,1,1,-2,-1,-2,0,-2,5,0,-1,0,1,5,1,-2,-1,-2,0,-2,5,0,-1,0,1
1286,resize,8,8,8,1,1,1,-1,0,-1,-1,0,-1,-1,-2,3,0,8,1,-1,0,-1,-1,0,-1,-1,-2,3,0
1287,resize,8,8,8,1,1,1,-1,-2,-1,1,-2,0,-1,-2,4,0,8,1,-1,-2,-1,1,-2,0,-1,-2,4,0
1288,resize,0,0,0,1,1,1,4,-2,-2,-2,-2,0,1,-1,0,-1,0,1,4,-2,-2,-2,-2,0,1,-1,0,-1
1289,resize,5,5,3,1,0,0,-1,-1,-1,2,-2,2,0,-1,0,0,3,1,-1,-1,-1,2,-2,2,0,-1,0,0
1290,resize,3,3,3,1,1,1,-1,-1,-2,3,-2,2,-2,-1,0,0,3,1,-1,-1,-2,3,-2,2,-2,-1,0,0
1291,resize,3,3,3,1,1,1,-4,0,0,4,-3,1,-2,0,0,-4,3,1,-4,0,0,4,-3,1,-2,0,0,-4
1292,resize,6,6,6,1,1,1,0,-1,-3,-2,-1,2,3,-2,1,0,6,1,0,-1,-3,-2,-1,2,3,-2,1,0
1293,resize,6,6,6,1,1,1,-2,-1,-1,-1,-1,1,4,-2,1,-3,6,1,-2,-1,-1,-1,-1,1,4,-2,1,-3
1294,resize,0,0,0,1,1,1,6,-3,-1,-2,-3,-2,0,-1,-1,0,0,1,6,-3,-1,-2,-3,-2,0,-1,-1,0
1295,resize,1,1,1,1,1,1,-1,3,-1,-2,-1,0,-1,0,0,-1,1,1,-1,3,-1,-2,-1,0,-1,0,0,-1
1296,resize,6,6,5,1,0,0,-1,0,-3,-1,-1,3,2,-2,1,-1,5,1,-1,0,-3,-1,-1,3,2,-2,1,-1
1297,resize,0,0,0,1,1,1,6,-3,0,-1,-4,-1,0,-1,-1,0,0,1,6,-3,0,-1,-4,-1,0,-1,-1,0
1298,resize,3,3,3,1,1,1,-3,0,1,4,-3,0,-2,1,0,-3,3,1,-3,0,1,4,-3,0,-2,1,0,-3
1299,resize,5,5,5,1,1,1,-1,0,0,1,-2,2,-3,1,-2,1,5,1,-1,0,0,1,-2,2,-3,1,-2,1
1300,resize,4,4,4,1,1,1,-2,-1,-1,-2,4,-2,-2,0,-2,-1,4,1,-2,-1,-1,-2,4,-2,-2,0,-2,-1
1301,resize,4,4,4,1,1,1,-3,-1,-2,-2,3,0,-3,0,-2,1,4,1,-3,-1,-2,-2,3,0,-3,0,-2,1
1302,resize,1,1,1,1,1,1,-3,3,-1,-1,-1,-1,-2,0,0,0,1,1,-3,3,-1,-1,-1,-1,-2,0,0,0
1303,resize,2,2,2,1,1,1,0,-1,5,1,-4,-3,-2,-1,1,-3,2,1,0,-1,5,1,-4,-3,-2,-1,1,-3
1304,resize,9,9,9,1,1,1,-2,-2,-3,1,-1,-1,-4,-1,0,5,9,1,-2,-2,-3,1,-1,-1,-4,-1,0,5
1305,resize,1,1,1,1,1,1,-2,4,-1,-3,-1,0,0,-1,0,-3,1,1,-2,4,-1,-3,-1,0,0,-1,0,-3
1306,resize,4,4,4,1,1,1,-3,0,-2,-4,5,-2,-3,-1,-3,1,4,1,-3,0,-2,-4,5,-2,-3,-1,-3,1
1307,resize,6,6,6,1,1,1,0,-1,-3,-2,0,1,5,-2,-1,-2,6,1,0,-1,-3,-2,0,1,5,-2,-1,-2
1308,resize,9,9,9,1,1,1,0,-3,-1,0,-1,-1,-4,1,-1,5,9,1,0,-3,-1,0,-1,-1,-4,1,-1,5
1309,resize,9,9,9,1,1,1,-1,-2,-2,0,-1,-1,-4,0,-1,4,9,1,-1,-2,-2,0,-1,-1,-4,0,-1,4
1310,resize,3,3,3,1,1,1,-2,-1,-2,4,-3,1,-3,-1,0,0,3,1,-2,-1,-2,4,-3,1,-3,-1,0,0
1311,resize,9,9,9,1,1,1,-2,-2,-1,-1,1,-1,-3,0,-1,3,9,1,-2,-2,-1,-1,1,-1,-3,0,-1,3
1312,resize,8,8,8,1,1,1,0,-2,-2,1,-2,0,0,-2,3,0,8,1,0,-2,-2,1,-2,0,0,-2,3,0
1313,resize,4,4,4,1,1,1,-4,-1,-2,-2,5,-2,-3,0,-2,-2,4,1,-4,-1,-2,-2,5,-2,-3,0,-2,-2
1314,resize,4,4,4,1,1,1,-3,0,-1,-3,5,-2,-3,-1,-3,0,4,1,-3,0,-1,-3,5,-2,-3,-1,-3,0
1315,resize,3,3,3,1,1,1,-4,0,0,3,-2,2,-1,0,0,-2,3,1,-4,0,0,3,-2,2,-1,0,0,-2
1316,resize,1,1,1,1,1,1,-2,4,-2,-3,-1,-1,-2,0,-1,-1,1,1,-2,4,-2,-3,-1,-1,-2,0,-1,-1
1317,resize,3,3,3,1,1,1,-2,-1,-1,5,-4,1,-2,-1,1,0,3,1,-2,-1,-1,5,-4,1,-2,-1,1,0
1318,resize,1,1,1,1,1,1,-1,4,-2,-3,-1,-1,-2,1,-1,-1,1,1,-1,4,-2,-3,-1,-1,-2,1,-1,-1
1319,resize,8,8,8,1,1,1,1,-1,0,1,-3,1,0,-2,2,-1,8,1,1,-1,0,1,-3,1,0,-2,2,-1
1320,resize,8,8,8,1,1,1,0,-1,-1,0,-1,0,-1,-1,2,-1,8,1,0,-1,-1,0,-1,0,-1,-1,2,-1
1321,resize,7,7,7,1,1,1,-1,0,1,0,-1,-1,-3,3,-1,-1,7,1,-1,0,1,0,-1,-1,-3,3,-1,-1
1322,resize,9,9,9,1,1,1,-2,-3,-2,-1,0,-1,-4,0,-1,4,9,1,-2,-3,-2,-1,0,-1,-4,0,-1,4
1323,resize,4,4,4,1,1,1,-3,-1,-1,-3,5,-2,-4,1,-3,0,4,1,-3,-1,-1,-3,5,-2,-4,1,-3,0
1324,resize,8,8,8,1,1,1,0,-1,-1,-1,-1,-1,-1,-2,3,0,8,1,0,-1,-1,-1,-1,-1,-1,-2,3,0
1325,resize,8,8,8,1,1,1,-3,-1,0,-1,0,-1,-1,-2,4,0,8,1,-3,-1,0,-1,0,-1,-1,-2,4,0
1326,resize,7,7,7,1,1,1,0,0,-1,-1,-2,-1,-4,2,0,0,7,1,0,0,-1,-1,-2,-1,-4,2,0,0
1327,resize,9,9,9,1,1,1,-1,-2,-2,1,-1,0,-4,0,-1,3,9,1,-1,-2,-2,1,-1,0,-4,0,-1,3
1328,resize,7,7,0,1,0,0,1,-1,-1,0,-1,0,-1,1,1,-1,0,1,1,-1,-1,0,-1,0,-1,1,1,-1
1329,resize,1,1,1,1,1,1,-3,4,-1,-3,0,-1,-2,0,-1,-1,1,1,-3,4,-1,-3,0,-1,-2,0,-1,-1
1330,resize,4,4,4,1,1,1,-4,0,-2,-2,4,-2,-4,1,-2,0,4,1,-4,0,-2,-2,4,-2,-4,1,-2,0
1331,resize,5,5,5,1,1,1,-2,0,-2,1,-3,5,-1,-2,0,0,5,1,-2,0,-2,1,-3,5,-1,-2,0,0
1332,resize,6,6,6,1,1,1,-1,-2,-4,-3,0,2,7,-3,0,-4,6,1,-1,-2,-4,-3,0,2,7,-3,0,-4
1333,resize,0,0,0,1,1,1,6,-2,0,-1,-3,0,1,-2,-1,-1,0,1,6,-2,0,-1,-3,0,1,-2,-1,-1
1334,resize,5,5,5,1,1,1,-2,0,-1,0,-2,4,-1,-1,0,1,5,1,-2,0,-1,0,-2,4,-1,-1,0,1
1335,resize,2,2,2,1,1,1,-1,1,6,0,-3,-3,-1,0,-2,-5,2,1,-1,1,6,0,-3,-3,-1,0,-2,-5
1336,resize,2,2,2,1,1,1,0,1,5,0,-3,-4,-2,1,-2,-5,2,1,0,1,5,0,-3,-4,-2,1,-2,-5
1337,resize,2,2,2,1,1,1,-1,1,3,-1,0,-2,1,-1,-3,-5,2,1,-1,1,3,-1,0,-2,1,-1,-3,-5
1338,resize,1,1,1,1,1,1,-3,4,-1,-3,0,-2,-2,0,-2,0,1,1,-3,4,-1,-3,0,-2,-2,0,-2,0
1339,resize,5,5,5,1,1,1,-4,-1,-2,1,-1,4,-2,-1,0,1,5,1,-4,-1,-2,1,-1,4,-2,-1,0,1
1340,resize,5,5,5,1,1,1,-2,-1,-3,-1,-2,6,1,-2,0,1,5,1,-2,-1,-3,-1,-2,6,1,-2,0,1
1341,resize,2,2,2,1,1,1,-1,1,7,0,-3,-4,-3,0,-1,-5,2,1,-1,1,7,0,-3,-4,-3,0,-1,-5
1342,resize,4,4,4,1,1,1,-3,0,-1,-3,4,-1,-3,0,-3,0,4,1,-3,0,-1,-3,4,-1,-3,0,-3,0
1343,resize,9,9,9,1,1,1,-2,-1,-3,-2,1,-2,-4,-1,-1,4,9,1,-2,-1,-3,-2,1,-2,-4,-1,-1,4
1344,resize,6,6,6,1,1,1,1,-1,-3,-3,0,2,3,-2,-1,-1,6,1,1,-1,-3,-3,0,2,3,-2,-1,-1
1345,resize,2,2,2,1,1,1,-2,1,5,0,-3,-2,-3,1,-1,-5,2,1,-2,1,5,0,-3,-2,-3,1,-1,-5
1346,resize,7,7,7,1,1,1,-3,1,0,0,-1,-1,-4,4,-2,-1,7,1,-3,1,0,0,-1,-1,-4,4,-2,-1
1347,resize,7,7,7,1,1,1,-2,0,0,-1,0,-2,-5,4,-1,0,7,1,-2,0,0,-1,0,-2,-5,4,-1,0
1348,resize,2,2,2,1,1,1,1,0,4,-1,-1,-3,-1,-1,-1,-3,2,1,1,0,4,-1,-1,-3,-1,-1,-1,-3
1349,resize,2,2,2,1,1,1,-1,1,3,0,-2,-2,-2,1,-1,-3,2,1,-1,1,3,0,-2,-2,-2,1,-1,-3
1350,resize,1,1,1,1,1,1,-3,4,-1,-3,0,-1,-2,0,-1,0,1,1,-3,4,-1,-3,0,-1,-2,0,-1,0
1351,resize,1,1,1,1,1,1,-2,3,-1,-3,-1,-1,-1,0,-1,-1,1,1,-2,3,-1,-3,-1,-1,-1,0,-1,-1
1352,resize,2,2,2,1,1,1,1,0,4,0,-2,-2,-1,0,0,-2,2,1,1,0,4,0,-2,-2,-1,0,0,-2
1353,resize,8,8,8,1,1,1,-1,-1,-2,1,-2,0,-1,-2,3,0,8,1,-1,-1,-2,1,-2,0,-1,-2,3,0
1354,resize,3,3,3,1,1,1,-4,0,-1,4,-3,0,-2,0,1,-2,3,1,-4,0,-1,4,-3,0,-2,0,1,-2
1355,resize,7,7,7,1,1,1,-2,0,-2,-1,0,-1,-3,3,-1,-1,7,1,-2,0,-2,-1,0,-1,-3,3,-1,-1
1356,resize,2,2,2,1,1,1,0,0,2,0,-1,-1,-1,0,0,-1,2,1,0,0,2,0,-1,-1,-1,0,0,-1
1357,resize,4,4,4,1,1,1,-2,0,-1,-3,3,-1,-2,0,-3,1,4,1,-2,0,-1,-3,3,-1,-2,0,-3,1
1358,resize,1,1,1,1,1,1,-3,3,-1,-3,-1,-1,-3,1,-2,-1,1,1,-3,3,-1,-3,-1,-1,-3,1,-2,-1
1359,resize,7,7,7,1,1,1,-2,0,1,0,-1,-1,-4,4,-1,-1,7,1,-2,0,1,0,-1,-1,-4,4,-1,-1
1360,resize,1,1,1,1,1,1,-2,3,-1,-2,0,-1,-2,0,-1,0,1,1,-2,3,-1,-2,0,-1,-2,0,-1,0
1361,resize,7,7,7,1,1,1,-2,0,0,0,-1,-1,-4,4,-1,-1,7,1,-2,0,0,0,-1,-1,-4,4,-1,-1
1362,resize,6,6,6,1,1,1,-1,-1,-3,-2,0,1,6,-3,0,-4,6,1,-1,-1,-3,-2,0,1,6,-3,0,-4
1363,resize,7,7,7,1,1,1,-2,1,1,0,0,-1,-2,3,-2,-2,7,1,-2,1,1,0,0,-1,-2,3,-2,-2
1364,resize,8,8,8,1,1,1,0,-1,0,0,-1,0,-1,-1,2,-1,8,1,0,-1,0,0,-1,0,-1,-1,2,-1
1365,resize,2,2,2,1,1,1,-1,1,5,0,-3,-2,-2,0,-1,-3,2,1,-1,1,5,0,-3,-2,-2,0,-1,-3
1366,resize,7,7,7,1,1,1,-3,0,-1,0,0,-2,-4,4,-1,-1,7,1,-3,0,-1,0,0,-2,-4,4,-1,-1
1367,resize,3,3,3,1,1,1,-4,-1,0,6,-4,1,-3,-1,1,-1,3,1,-4,-1,0,6,-4,1,-3,-1,1,-1
1368,resize,1,1,1,1,1,1,-3,4,-1,-2,-1,-1,-2,1,-2,-1,1,1,-3,4,-1,-2,-1,-1,-2,1,-2,-1
1369,resize,7,7,7,1,1,1,-2,0,0,0,-1,-1,-5,4,-1,-1,7,1,-2,0,0,0,-1,-1,-5,4,-1,-1
1370,resize,5,5,5,1,1,1,-2,-2,-3,-2,-2,6,1,-2,1,1,5,1,-2,-2,-3,-2,-2,6,1,-2,1,1
1371,resize,8,8,8,1,1,1,-1,-2,-2,0,-2,0,-1,-3,6,-1,8,1,-1,-2,-2,0,-2,0,-1,-3,6,-1
1372,resize,2,2,2,1,1,1,0,1,5,0,-3,-3,-2,1,-2,-5,2,1,0,1,5,0,-3,-3,-2,1,-2,-5
1373,resize,6,6,6,1,1,1,0,-1,-3,-2,0,1,6,-4,-1,-3,6,1,0,-1,-3,-2,0,1,6,-4,-1,-3
1374,resize,2,2,2,1,1,1,0,0,4,0,-2,-2,-1,-1,0,-3,2,1,0,0,4,0,-2,-2,-1,-1,0,-3
1375,resize,2,2,2,1,1,1,0,1,5,-1,-3,-4,-3,1,-1,-3,2,1,0,1,5,-1,-3,-4,-3,1,-1,-3
1376,resize,5,5,5,1,1,1,-2,-2,-3,0,-2,6,0,-2,1,2,5,1,-2,-2,-3,0,-2,6,0,-2,1,2
1377,resize,6,6,6,1,1,1,0,-2,-3,-2,-1,3,4,-3,2,-2,6,1,0,-2,-3,-2,-1,3,4,-3,2,-2
1378,resize,5,5,5,1,1,1,-1,-2,-3,-1,-3,4,2,-4,2,-1,5,1,-1,-2,-3,-1,-3,4,2,-4,2,-1
1379,resize,0,0,0,1,1,1,5,-2,0,-1,-3,-1,0,-1,-1,-1,0,1,5,-2,0,-1,-3,-1,0,-1,-1,-1
1380,resize,9,9,9,1,1,1,0,-2,-2,0,0,-1,-2,0,-1,3,9,1,0,-2,-2,0,0,-1,-2,0,-1,3
1381,resize,2,2,2,1,1,1,0,0,6,1,-4,-4,-3,1,-1,-4,2,1,0,0,6,1,-4,-4,-3,1,-1,-4
1382,resize,4,4,4,1,1,1,-2,-1,-1,-3,4,-2,-2,-1,-3,0,4,1,-2,-1,-1,-3,4,-2,-2,-1,-3,0
1383,resize,3,3,3,1,1,1,-3,0,-1,4,-3,2,-1,-1,0,-2,3,1,-3,0,-1,4,-3,2,-1,-1,0,-2
1384,resize,3,3,3,1,1,1,-3,0,0,4,-3,1,-2,0,0,-1,3,1,-3,0,0,4,-3,1,-2,0,0,-1
1385,resize,9,9,9,1,1,1,-1,-1,-1,-1,1,-1,-3,0,0,2,9,1,-1,-1,-1,-1,1,-1,-3,0,0,2
1386,resize,7,7,7,1,1,1,-2,-1,-1,0,0,-1,-5,4,-1,0,7,1,-2,-1,-1,0,0,-1,-5,4,-1,0
1387,resize,6,6,6,1,1,1,0,-1,-3,-2,0,1,5,-3,-1,-3,6,1,0,-1,-3,-2,0,1,5,-3,-1,-3
1388,resize,6,6,6,1,1,1,1,-1,-3,-2,-1,0,4,-2,0,-1,6,1,1,-1,-3,-2,-1,0,4,-2,0,-1
1389,resize,8,8,8,1,1,1,-2,-2,-2,-1,-1,1,1,-3,6,-2,8,1,-2,-2,-2,-1,-1,1,1,-3,6,-2
1390,resize,0,0,0,1,1,1,5,-3,-1,-2,-1,-2,0,-1,-2,0,0,1,5,-3,-1,-2,-1,-2,0,-1,-2,0
1391,resize,4,4,4,1,1,1,-4,-1,-1,-4,5,-2,-4,-1,-2,1,4,1,-4,-1,-1,-4,5,-2,-4,-1,-2,1
1392,resize,1,1,1,1,1,1,-2,2,-1,-1,0,-1,-2,1,-2,0,1,1,-2,2,-1,-1,0,-1,-2,1,-2,0
1393,resize,5,3,3,0,0,1,-2,0,-1,2,-1,2,-1,0,0,-1,3,1,-2,0,-1,2,-1,2,-1,0,0,-1
1394,resize,8,8,3,1,0,0,-1,0,-1,1,-1,0,-1,-1,1,0,3,1,-1,0,-1,1,-1,0,-1,-1,1,0
1395,resize,2,2,2,1,1,1,-1,0,3,1,-2,-2,-1,0,0,-3,2,1,-1,0,3,1,-2,-2,-1,0,0,-3
1396,resize,9,9,9,1,1,1,-2,-2,-3,-1,0,-1,-5,1,-2,4,9,1,-2,-2,-3,-1,0,-1,-5,1,-2,4
1397,resize,1,1,1,1,1,1,-4,4,-2,-4,1,-1,-2,-1,-2,1,1,1,-4,4,-2,-4,1,-1,-2,-1,-2,1
1398,resize,8,8,8,1,1,1,-2,-1,-2,0,-1,0,-1,-3,5,0,8,1,-2,-1,-2,0,-1,0,-1,-3,5,0
1399,resize,0,0,0,1,1,1,4,-2,0,-1,-3,0,0,-2,-1,-1,0,1,4,-2,0,-1,-3,0,0,-2,-1,-1
1400,resize,6,6,6,1,1,1,0,-1,-3,-2,0,2,3,-2,0,-1,6,1,0,-1,-3,-2,0,2,3,-2,0,-1
1401,resize,7,7,7,1,1,1,-1,0,0,0,-1,-1,-4,3,0,0,7,1,-1,0,0,0,-1,-1,-4,3,0,0
1402,resize,2,2,2,1,1,1,0,1,5,0,-3,-3,-2,1,-2,-4,2,1,0,1,5,0,-3,-3,-2,1,-2,-4
1403,resize,1,1,1,1,1,1,-1,2,0,-2,-2,0,0,0,1,-4,1,1,-1,2,0,-2,-2,0,0,0,1,-4
1404,resize,0,0,0,1,1,1,4,0,-2,-3,-2,-1,1,-1,-1,-1,0,1,4,0,-2,-3,-2,-1,1,-1,-1,-1
1405,resize,5,5,5,1,1,1,-2,-1,-2,0,-2,6,1,-3,1,0,5,1,-2,-1,-2,0,-2,6,1,-3,1,0
1406,resize,5,5,5,1,1,1,-1,0,-2,0,-2,4,0,-1,0,0,5,1,-1,0,-2,0,-2,4,0,-1,0,0
1407,resize,2,2,2,1,1,1,-1,0,6,1,-4,-3,-2,1,-1,-4,2,1,-1,0,6,1,-4,-3,-2,1,-1,-4
1408,resize,0,0,0,1,1,1,5,-3,-2,-1,-2,0,1,-1,-1,0,0,1,5,-3,-2,-1,-2,0,1,-1,-1,0
1409,resize,2,2,2,1,1,1,0,1,4,0,-3,-3,-2,0,-1,-3,2,1,0,1,4,0,-3,-3,-2,0,-1,-3
1410,resize,2,2,2,1,1,1,-1,0,4,0,-1,-3,-1,0,-1,-5,2,1,-1,0,4,0,-1,-3,-1,0,-1,-5
1411,resize,0,0,0,1,1,1,5,-2,-2,-1,-3,0,0,-1,1,-1,0,1,5,-2,-2,-1,-3,0,0,-1,1,-1
1412,resize,2,2,2,1,1,1,-1,1,4,0,-2,-3,-2,0,-1,-3,2,1,-1,1,4,0,-2,-3,-2,0,-1,-3
1413,resize,4,4,4,1,1,1,-3,0,-1,-2,3,-1,-2,-1,-1,0,4,1,-3,0,-1,-2,3,-1,-2,-1,-1,0
1414,resize,9,9,7,1,0,0,-1,0,0,0,0,0,-2,1,0,0,7,1,-1,0,0,0,0,0,-2,1,0,0
1415,resize,8,8,8,1,1,1,-2,-1,-1,-1,-1,1,1,-2,4,-1,8,1,-2,-1,-1,-1,-1,1,1,-2,4,-1
1416,resize,0,0,0,1,1,1,6,-3,-1,-2,-3,-1,0,-1,-1,-1,0,1,6,-3,-1,-2,-3,-1,0,-1,-1,-1
1417,resize,9,9,9,1,1,1,-2,-1,-1,-1,0,0,-3,0,-1,4,9,1,-2,-1,-1,-1,0,0,-3,0,-1,4
1418,resize,9,9,9,1,1,1,-1,-2,-2,0,-1,-2,-4,0,-1,4,9,1,-1,-2,-2,0,-1,-2,-4,0,-1,4
1419,resize,4,4,4,1,1,1,-5,-2,-2,-4,6,-3,-5,0,-2,0,4,1,-5,-2,-2,-4,6,-3,-5,0,-2,0
1420,resize,6,6,6,1,1,1,0,-2,-4,-2,-1,2,6,-4,-1,-3,6,1,0,-2,-4,-2,-1,2,6,-4,-1,-3
1421,resize,5,5,5,1,1,1,-1,-1,-1,0,-2,4,1,-1,0,0,5,1,-1,-1,-1,0,-2,4,1,-1,0,0
1422,resize,4,4,4,1,1,1,-1,-1,-1,-2,3,-2,-3,0,-1,2,4,1,-1,-1,-1,-2,3,-2,-3,0,-1,2
1423,resize,9,9,9,1,1,1,-2,-2,-2,-1,1,-1,-4,1,0,4,9,1,-2,-2,-2,-1,1,-1,-4,1,0,4
1424,resize,1,1,1,1,1,1,-3,4,-2,-4,0,0,-2,0,-1,0,1,1,-3,4,-2,-4,0,0,-2,0,-1,0
1425,resize,8,8,8,1,1,1,-2,-2,-3,-2,1,0,1,-3,3,0,8,1,-2,-2,-3,-2,1,0,1,-3,3,0
1426,resize,3,3,3,1,1,1,-3,-1,-1,5,-4,1,-3,-1,0,-1,3,1,-3,-1,-1,5,-4,1,-3,-1,0,-1
1427,resize,4,4,4,1,1,1,-2,-1,-1,-1,2,-2,-2,0,0,2,4,1,-2,-1,-1,-1,2,-2,-2,0,0,2
1428,resize,9,9,9,1,1,1,-2,-1,-3,-1,0,-2,-4,-1,-1,5,9,1,-2,-1,-3,-1,0,-2,-4,-1,-1,5
1429,resize,9,9,9,1,1,1,-1,-1,-2,-1,1,-1,-2,0,-1,3,9,1,-1,-1,-2,-1,1,-1,-2,0,-1,3
1430,resize,1,1,1,1,1,1,-3,4,-1,-3,0,-1,-2,0,-1,0,1,1,-3,4,-1,-3,0,-1,-2,0,-1,0
1431,resize,2,2,2,1,1,1,1,1,5,0,-4,-4,-3,1,-1,-4,2,1,1,1,5,0,-4,-4,-3,1,-1,-4
1432,resize,2,2,2,1,1,1,0,0,5,0,-4,-4,-2,0,0,-4,2,1,0,0,5,0,-4,-4,-2,0,0,-4
1433,resize,8,8,8,1,1,1,-1,0,-1,0,0,-1,-1,-1,2,-1,8,1,-1,0,-1,0,0,-1,-1,-1,2,-1
1434,resize,1,1,1,1,1,1,-4,4,-2,-3,0,-1,-3,0,-2,0,1,1,-4,4,-2,-3,0,-1,-3,0,-2,0
1435,resize,9,9,9,1,1,1,-2,-1,0,-2,1,-2,-3,1,0,3,9,1,-2,-1,0,-2,1,-2,-3,1,0,3
1436,resize,6,6,6,1,1,1,0,-1,-2,-2,-1,2,3,-3,2,0,6,1,0,-1,-2,-2,-1,2,3,-3,2,0
1437,resize,4,4,4,1,1,1,-4,0,-2,-3,4,-2,-4,1,-3,0,4,1,-4,0,-2,-3,4,-2,-4,1,-3,0
1438,resize,0,0,0,1,1,1,4,-2,-1,-1,-2,0,2,-2,-1,-1,0,1,4,-2,-1,-1,-2,0,2,-2,-1,-1
1439,resize,9,9,9,1,1,1,-2,-1,-2,-1,1,-1,-3,-1,0,3,9,1,-2,-1,-2,-1,1,-1,-3,-1,0,3
1440,resize,4,4,4,1,1,1,-2,-1,-2,-3,3,-1,-1,-2,-1,1,4,1,-2,-1,-2,-3,3,-1,-1,-2,-1,1
1441,resize,8,8,8,1,1,1,-1,0,0,0,0,-1,-1,0,2,0,8,1,-1,0,0,0,0,-1,-1,0,2,0
1442,resize,3,3,3,1,1,1,-5,-1,-1,6,-4,1,-3,-1,1,-3,3,1,-5,-1,-1,6,-4,1,-3,-1,1,-3
1443,resize,8,8,8,1,1,1,-1,-2,-2,0,-2,0,-1,-3,6,0,8,1,-1,-2,-2,0,-2,0,-1,-3,6,0
1444,resize,6,6,6,1,1,1,2,-2,-3,-1,0,1,3,-1,-1,0,6,1,2,-2,-3,-1,0,1,3,-1,-1,0
1445,resize,0,0,0,1,1,1,5,-2,0,-2,-3,-2,0,-1,-1,-1,0,1,5,-2,0,-2,-3,-2,0,-1,-1,-1
1446,resize,2,2,2,1,1,1,2,1,4,-1,-4,-3,-2,0,-1,-3,2,1,2,1,4,-1,-4,-3,-2,0,-1,-3
1447,resize,5,5,5,1,1,1,0,-1,-2,-1,-2,3,2,-2,1,0,5,1,0,-1,-2,-1,-2,3,2,-2,1,0
1448,resize,1,1,1,1,1,1,-2,4,-1,-3,-1,-1,-2,0,-1,-2,1,1,-2,4,-1,-3,-1,-1,-2,0,-1,-2
1449,resize,9,9,9,1,1,1,-2,-2,-2,0,0,-2,-4,1,-1,4,9,1,-2,-2,-2,0,0,-2,-4,1,-1,4
1450,resize,6,6,6,1,1,1,0,-2,-4,-2,0,1,6,-2,-1,-2,6,1,0,-2,-4,-2,0,1,6,-2,-1,-2
1451,resize,2,2,2,1,1,1,0,0,4,1,-3,-2,-1,0,0,-4,2,1,0,0,4,1,-3,-2,-1,0,0,-4
1452,resize,9,9,9,1,1,1,-2,-2,-4,0,-1,-1,-4,0,-2,5,9,1,-2,-2,-4,0,-1,-1,-4,0,-2,5
1453,resize,4,4,4,1,1,1,-3,0,-1,-3,3,-2,-4,0,-3,1,4,1,-3,0,-1,-3,3,-2,-4,0,-3,1
1454,resize,0,0,0,1,1,1,4,-2,-1,-2,-3,-1,1,-2,0,-1,0,1,4,-2,-1,-2,-3,-1,1,-2,0,-1
1455,resize,9,9,9,1,1,1,-1,-2,-2,0,0,-1,-4,0,-2,3,9,1,-1,-2,-2,0,0,-1,-4,0,-2,3
1456,resize,6,6,6,1,1,1,-1,0,-2,-1,1,1,4,-1,0,-3,6,1,-1,0,-2,-1,1,1,4,-1,0,-3
1457,resize,0,0,0,1,1,1,5,-2,-1,-2,-3,1,2,-2,-1,-1,0,1,5,-2,-1,-2,-3,1,2,-2,-1,-1
1458,resize,6,6,6,1,1,1,1,-2,-4,-2,0,1,4,-2,0,0,6,1,1,-2,-4,-2,0,1,4,-2,0,0
1459,resize,2,2,2,1,1,1,-2,0,3,1,-2,-1,-2,0,0,-3,2,1,-2,0,3,1,-2,-1,-2,0,0,-3
1460,resize,5,5,5,1,1,1,-2,0,-1,0,-3,5,0,-2,1,0,5,1,-2,0,-1,0,-3,5,0,-2,1,0
1461,resize,4,4,4,1,1,1,-4,0,-1,-4,6,-3,-3,-1,-3,-2,4,1,-4,0,-1,-4,6,-3,-3,-1,-3,-2
1462,resize,2,2,2,1,1,1,0,-1,3,1,-2,-2,-2,0,0,0,2,1,0,-1,3,1,-2,-2,-2,0,0,0
1463,resize,3,3,3,1,1,1,0,-1,0,3,-4,1,-3,0,0,1,3,1,0,-1,0,3,-4,1,-3,0,0,1
1464,resize,8,8,8,1,1,1,-1,-1,-1,0,-1,1,-1,-2,4,0,8,1,-1,-1,-1,0,-1,1,-1,-2,4,0
1465,resize,4,4,4,1,1,1,-2,0,0,-1,2,-1,-1,0,-1,-1,4,1,-2,0,0,-1,2,-1,-1,0,-1,-1
1466,resize,5,5,5,1,1,1,-1,0,-1,1,-2,4,-1,0,-1,1,5,1,-1,0,-1,1,-2,4,-1,0,-1,1
1467,resize,5,5,5,1,1,1,-1,-1,-2,1,-2,4,-1,-1,-1,1,5,1,-1,-1,-2,1,-2,4,-1,-1,-1,1
1468,resize,0,0,0,1,1,1,3,-1,0,0,-1,-2,0,-1,-1,0,0,1,3,-1,0,0,-1,-2,0,-1,-1,0
1469,resize,3,3,3,1,1,1,-1,-1,-1,4,-3,1,-2,-1,0,-1,3,1,-1,-1,-1,4,-3,1,-2,-1,0,-1
1470,resize,8,8,8,1,1,1,-1,-2,-1,0,-3,2,0,-2,4,-1,8,1,-1,-2,-1,0,-3,2,0,-2,4,-1
1471,resize,5,5,5,1,1,1,-2,-1,-3,0,-2,6,0,-1,-1,2,5,1,-2,-1,-3,0,-2,6,0,-1,-1,2
1472,resize,3,3,3,1,1,1,-2,0,0,3,-2,1,-1,-1,0,-1,3,1,-2,0,0,3,-2,1,-1,-1,0,-1
1473,resize,5,5,5,1,1,1,-2,-1,-3,-1,-2,5,0,-2,1,1,5,1,-2,-1,-3,-1,-2,5,0,-2,1,1
1474,resize,8,8,8,1,1,1,-1,-1,-1,0,-2,0,-1,-2,3,0,8,1,-1,-1,-1,0,-2,0,-1,-2,3,0
1475,resize,6,6,6,1,1,1,1,-1,-3,-2,0,1,4,-3,0,-2,6,1,1,-1,-3,-2,0,1,4,-3,0,-2
1476,resize,5,5,5,1,1,1,-2,-2,-3,2,-3,6,-1,-1,0,1,5,1,-2,-2,-3,2,-3,6,-1,-1,0,1
1477,resize,7,7,7,1,1,1,0,0,0,0,0,-1,-2,2,-1,-2,7,1,0,0,0,0,0,-1,-2,2,-1,-2
1478,resize,6,6,6,1,1,1,0,-1,-2,-2,-1,1,3,-3,1,-2,6,1,0,-1,-2,-2,-1,1,3,-3,1,-2
1479,resize,3,3,3,1,1,1,-3,-1,-1,6,-5,1,-3,-2,1,-1,3,1,-3,-1,-1,6,-5,1,-3,-2,1,-1
1480,resize,3,3,3,1,1,1,-4,0,-1,5,-3,1,-3,0,0,0,3,1,-4,0,-1,5,-3,1,-3,0,0,0
1481,resize,9,9,9,1,1,1,-1,-2,-1,0,0,-1,-3,0,0,3,9,1,-1,-2,-1,0,0,-1,-3,0,0,3
1482,resize,6,6,6,1,1,1,0,-1,-3,-2,-1,3,4,-3,1,-1,6,1,0,-1,-3,-2,-1,3,4,-3,1,-1
1483,resize,1,1,1,1,1,1,-3,4,-1,-2,0,-1,-2,0,-1,0,1,1,-3,4,-1,-2,0,-1,-2,0,-1,0
1484,resize,1,1,1,1,1,1,-3,3,-1,-3,0,-1,-1,0,-1,0,1,1,-3,3,-1,-3,0,-1,-1,0,-1,0
1485,resize,2,2,2,1,1,1,0,0,5,0,-3,-3,-2,0,-1,-3,2,1,0,0,5,0,-3,-3,-2,0,-1,-3
1486,resize,9,9,9,1,1,1,-1,-1,-3,0,-1,-1,-3,-1,-1,4,9,1,-1,-1,-3,0,-1,-1,-3,-1,-1,4
1487,resize,0,0,0,1,1,1,4,-1,0,-1,-2,-1,1,-1,-1,-1,0,1,4,-1,0,-1,-2,-1,1,-1,-1,-1
1488,resize,4,4,4,1,1,1,-2,-1,-2,-3,4,-2,-1,-1,-1,1,4,1,-2,-1,-2,-3,4,-2,-1,-1,-1,1
1489,resize,3,3,3,1,1,1,-5,0,-1,5,-3,2,-3,0,0,-2,3,1,-5,0,-1,5,-3,2,-3,0,0,-2
1490,resize,3,3,3,1,1,1,-4,-1,-1,5,-3,2,-1,-1,1,-2,3,1,-4,-1,-1,5,-3,2,-1,-1,1,-2
1491,resize,6,6,6,1,1,1,-1,-2,-4,-2,0,1,5,-2,0,-2,6,1,-1,-2,-4,-2,0,1,5,-2,0,-2
1492,resize,9,9,9,1,1,1,-2,-1,-1,-1,1,-1,-3,1,-1,3,9,1,-2,-1,-1,-1,1,-1,-3,1,-1,3
1493,resize,5,5,5,1,1,1,-2,-1,-2,-1,-2,6,1,-2,1,1,5,1,-2,-1,-2,-1,-2,6,1,-2,1,1
1494,resize,7,7,7,1,1,1,0,-1,-1,-1,-1,0,-3,2,0,0,7,1,0,-1,-1,-1,-1,0,-3,2,0,0
1495,resize,3,3,3,1,1,1,-2,0,0,4,-3,0,-2,0,0,-2,3,1,-2,0,0,4,-3,0,-2,0,0,-2
1496,resize,7,7,7,1,1,1,-1,1,1,0,-1,0,-3,2,-1,0,7,1,-1,1,1,0,-1,0,-3,2,-1,0
1497,resize,7,7,7,1,1,1,-3,-1,0,0,0,-2,-6,4,-1,0,7,1,-3,-1,0,0,0,-2,-6,4,-1,0
1498,resize,7,7,7,1,1,1,-2,0,-1,0,0,-1,-4,3,0,-1,7,1,-2,0,-1,0,0,-1,-4,3,0,-1
1499,resize,8,8,8,1,1,1,-3,-1,-1,0,-1,1,1,-2,5,-2,8,1,-3,-1,-1,0,-1,1,1,-2,5,-2
1500,resize,7,7,7,1,1,1,-3,1,-1,0,0,-1,-3,2,-1,-1,7,1,-3,1,-1,0,0,-1,-3,2,-1,-1
1501,resize,9,9,9,1,1,1,0,-2,-2,1,-1,-1,-2,-1,0,3,9,1,0,-2,-2,1,-1,-1,-2,-1,0,3
1502,resize,8,8,8,1,1,1,-2,-1,-2,0,-1,1,1,-3,4,-1,8,1,-2,-1,-2,0,-1,1,1,-3,4,-1
1503,resize,3,3,3,1,1,1,-2,-1,-1,4,-3,2,-2,-1,0,0,3,1,-2,-1,-1,4,-3,2,-2,-1,0,0
1504,resize,0,0,0,1,1,1,5,-2,0,-1,-3,-1,-1,0,-1,-1,0,1,5,-2,0,-1,-3,-1,-1,0,-1,-1
1505,resize,7,7,7,1,1,1,-1,0,1,1,-1,-2,-3,2,-1,-1,7,1,-1,0,1,1,-1,-2,-3,2,-1,-1
1506,resize,2,2,2,1,1,1,-2,1,6,1,-3,-4,-2,0,-1,-5,2,1,-2,1,6,1,-3,-4,-2,0,-1,-5
1507,resize,7,7,7,1,1,1,-2,1,1,1,-1,-1,-4,3,-1,0,7,1,-2,1,1,1,-1,-1,-4,3,-1,0
1508,resize,9,9,9,1,1,1,-2,-2,-1,-2,2,-1,-4,-1,1,3,9,1,-2,-2,-1,-2,2,-1,-4,-1,1,3
1509,resize,4,4,4,1,1,1,-3,-1,-1,-2,4,-3,-4,0,-1,0,4,1,-3,-1,-1,-2,4,-3,-4,0,-1,0
1510,resize,5,5,5,1,1,1,-2,-1,-2,0,-1,4,-1,-1,0,1,5,1,-2,-1,-2,0,-1,4,-1,-1,0,1
1511,resize,4,4,4,1,1,1,-3,-1,-2,-2,3,-2,-3,-1,0,1,4,1,-3,-1,-2,-2,3,-2,-3,-1,0,1
1512,resize,9,9,9,1,1,1,-1,-2,-3,0,-1,-1,-4,-1,-1,5,9,1,-1,-2,-3,0,-1,-1,-4,-1,-1,5
1513,resize,3,3,3,1,1,1,-3,0,-1,5,-3,2,-2,-1,0,-1,3,1,-3,0,-1,5,-3,2,-2,-1,0,-1
1514,resize,2,2,2,1,1,1,0,0,4,1,-4,-3,-3,0,1,-2,2,1,0,0,4,1,-4,-3,-3,0,1,-2
1515,resize,1,1,1,1,1,1,-3,4,-1,-2,-1,-1,-2,1,-1,-1,1,1,-3,4,-1,-2,-1,-1,-2,1,-1,-1
1516,resize,4,4,4,1,1,1,-2,0,-2,-2,2,-1,-2,0,-2,1,4,1,-2,0,-2,-2,2,-1,-2,0,-2,1
1517,resize,0,0,0,1,1,1,6,-2,0,-2,-2,-2,0,-1,-2,0,0,1,6,-2,0,-2,-2,-2,0,-1,-2,0
1518,resize,2,2,2,1,1,1,0,1,4,0,-2,-3,-2,1,-1,-3,2,1,0,1,4,0,-2,-3,-2,1,-1,-3
1519,resize,3,3,3,1,1,1,-3,-1,-2,6,-5,3,-3,-1,0,-1,3,1,-3,-1,-2,6,-5,3,-3,-1,0,-1
1520,resize,7,7,7,1,1,1,-2,0,1,-1,-1,-1,-3,2,0,-1,7,1,-2,0,1,-1,-1,-1,-3,2,0,-1
1521,resize,5,5,5,1,1,1,-2,-1,-3,1,-2,6,-1,-1,0,2,5,1,-2,-1,-3,1,-2,6,-1,-1,0,2
1522,resize,7,9,1,0,0,0,-2,1,0,-1,0,0,-2,0,-1,1,1,1,-2,1,0,-1,0,0,-2,0,-1,1
1523,resize,8,8,8,1,1,1,-2,-1,-1,-1,0,1,0,-2,3,0,8,1,-2,-1,-1,-1,0,1,0,-2,3,0
1524,resize,8,8,8,1,1,1,0,-2,-2,1,-3,1,-1,-3,5,-1,8,1,0,-2,-2,1,-3,1,-1,-3,5,-1
1525,resize,5,5,5,1,1,1,-1,-1,-1,0,-2,4,0,-1,1,0,5,1,-1,-1,-1,0,-2,4,0,-1,1,0
1526,resize,0,0,0,1,1,1,3,-2,0,-1,-3,0,1,-3,2,0,0,1,3,-2,0,-1,-3,0,1,-3,2,0
1527,resize,1,1,1,1,1,1,-4,2,-1,1,0,2,-2,1,-1,-1,1,1,-4,2,-1,1,0,2,-2,1,-1,-1
1528,resize,1,1,1,1,1,1,-3,4,-2,-3,-1,0,-2,0,-2,-1,1,1,-3,4,-2,-3,-1,0,-2,0,-2,-1
1529,resize,4,4,4,1,1,1,-3,-3,-2,-3,5,-3,-4,0,-1,1,4,1,-3,-3,-2,-3,5,-3,-4,0,-1,1
1530,resize,8,8,8,1,1,1,-2,-1,-1,0,0,-1,-2,0,2,-1,8,1,-2,-1,-1,0,0,-1,-2,0,2,-1
1531,resize,3,3,3,1,1,1,-3,0,-2,5,-3,2,-2,-1,0,0,3,1,-3,0,-2,5,-3,2,-2,-1,0,0
1532,resize,9,9,9,1,1,1,-2,-2,-2,-1,1,-1,-5,0,-1,4,9,1,-2,-2,-2,-1,1,-1,-5,0,-1,4
1533,resize,0,0,0,1,1,1,4,-2,-1,-2,-2,1,1,-1,-1,-1,0,1,4,-2,-1,-2,-2,1,1,-1,-1,-1
1534,resize,0,0,0,1,1,1,4,-2,0,-2,-2,-1,1,-2,0,-1,0,1,4,-2,0,-2,-2,-1,1,-2,0,-1
1535,resize,0,0,0,1,1,1,6,-2,-1,-2,-4,0,-1,0,0,-2,0,1,6,-2,-1,-2,-4,0,-1,0,0,-2
1536,resize,6,6,6,1,1,1,-1,-1,-4,-3,-1,1,6,-4,1,-1,6,1,-1,-1,-4,-3,-1,1,6,-4,1,-1
1537,resize,6,6,6,1,1,1,1,-1,-3,-2,-1,1,5,-3,0,-2,6,1,1,-1,-3,-2,-1,1,5,-3,0,-2
1538,resize,2,2,2,1,1,1,-1,1,4,1,-2,-2,-1,-1,-1,-4,2,1,-1,1,4,1,-2,-2,-1,-1,-1,-4
1539,resize,3,3,3,1,1,1,-3,-1,-1,6,-4,2,-2,-1,0,-2,3,1,-3,-1,-1,6,-4,2,-2,-1,0,-2
1540,resize,7,7,7,1,1,1,-2,-1,-1,0,0,-1,-5,4,-2,0,7,1,-2,-1,-1,0,0,-1,-5,4,-2,0
1541,resize,8,8,8,1,1,1,-1,-1,-2,-1,-1,0,-1,-3,5,-1,8,1,-1,-1,-2,-1,-1,0,-1,-3,5,-1
1542,resize,4,4,4,1,1,1,-3,-1,-2,-3,5,-2,-4,0,-3,1,4,1,-3,-1,-2,-3,5,-2,-4,0,-3,1
1543,resize,7,7,7,1,1,1,-3,0,0,1,0,-1,-3,3,-1,-1,7,1,-3,0,0,1,0,-1,-3,3,-1,-1
1544,resize,7,7,7,1,1,1,-3,0,0,0,0,-1,-5,5,-2,-1,7,1,-3,0,0,0,0,-1,-5,5,-2,-1
1545,resize,9,9,9,1,1,1,-2,-3,-1,0,0,-1,-5,1,-1,4,9,1,-2,-3,-1,0,0,-1,-5,1,-1,4
1546,resize,2,2,2,1,1,1,-1,0,3,1,-2,-2,-1,0,0,-3,2,1,-1,0,3,1,-2,-2,-1,0,0,-3
1547,resize,4,4,4,1,1,1,-4,-1,-2,-1,3,-1,-3,0,-2,0,4,1,-4,-1,-2,-1,3,-1,-3,0,-2,0
1548,resize,1,1,1,1,1,1,-2,3,-1,-3,0,-1,-2,1,-2,-1,1,1,-2,3,-1,-3,0,-1,-2,1,-2,-1
1549,resize,4,4,6,1,0,0,-1,1,1,-3,1,-1,2,-3,-2,-3,6,1,-1,1,1,-3,1,-1,2,-3,-2,-3
1550,resize,5,5,5,1,1,1,-1,-1,-2,-1,-2,5,1,-2,1,1,5,1,-1,-1,-2,-1,-2,5,1,-2,1,1
1551,resize,2,2,2,1,1,1,0,1,4,1,-2,-3,-2,0,0,-2,2,1,0,1,4,1,-2,-3,-2,0,0,-2
1552,resize,4,4,4,1,1,1,-3,-1,-1,-3,4,-2,-3,0,-2,1,4,1,-3,-1,-1,-3,4,-2,-3,0,-2,1
1553,resize,9,9,9,1,1,1,-2,-2,-2,2,-1,1,-3,-2,2,3,9,1,-2,-2,-2,2,-1,1,-3,-2,2,3
1554,resize,9,9,9,1,1,1,-3,0,-2,-2,1,-1,-3,0,-1,3,9,1,-3,0,-2,-2,1,-1,-3,0,-1,3
1555,resize,1,1,1,1,1,1,-2,4,-1,-3,-1,-1,-2,0,-1,-1,1,1,-2,4,-1,-3,-1,-1,-2,0,-1,-1
1556,resize,8,8,8,1,1,1,-1,-2,-1,0,-1,-1,-1,-3,5,0,8,1,-1,-2,-1,0,-1,-1,-1,-3,5,0
1557,resize,4,4,4,1,1,1,-3,-1,-1,-3,4,-2,-2,0,-3,0,4,1,-3,-1,-1,-3,4,-2,-2,0,-3,0
1558,resize,0,0,0,1,1,1,5,-2,-1,-1,-3,1,1,-1,0,-1,0,1,5,-2,-1,-1,-3,1,1,-1,0,-1
1559,resize,9,9,9,1,1,1,-1,-1,-1,0,-1,1,-2,0,-1,2,9,1,-1,-1,-1,0,-1,1,-2,0,-1,2
1560,resize,8,8,8,1,1,1,-1,-2,-1,-1,-2,0,0,-4,6,-1,8,1,-1,-2,-1,-1,-2,0,0,-4,6,-1
1561,resize,4,4,4,1,1,1,-1,0,0,-2,3,-1,-2,-1,-2,0,4,1,-1,0,0,-2,3,-1,-2,-1,-2,0
1562,resize,8,8,8,1,1,1,0,-1,0,-1,-1,1,-1,-2,4,0,8,1,0,-1,0,-1,-1,1,-1,-2,4,0
1563,resize,7,7,7,1,1,1,-3,0,0,0,0,-1,-5,4,-1,0,7,1,-3,0,0,0,0,-1,-5,4,-1,0
1564,resize,7,7,7,1,1,1,-2,0,0,0,0,-1,-4,3,-1,0,7,1,-2,0,0,0,0,-1,-4,3,-1,0
1565,resize,0,0,0,1,1,1,6,-2,-1,-2,-3,-1,0,-1,-1,-1,0,1,6,-2,-1,-2,-3,-1,0,-1,-1,-1
1566,resize,7,7,7,1,1,1,-1,0,0,0,0,-1,-3,2,-1,0,7,1,-1,0,0,0,0,-1,-3,2,-1,0
1567,resize,8,8,8,1,1,1,-2,-1,-1,-1,-1,0,0,-2,5,-1,8,1,-2,-1,-1,-1,-1,0,0,-2,5,-1
1568,resize,8,8,8,1,1,1,-1,-1,-2,0,-1,1,0,-3,5,-1,8,1,-1,-1,-2,0,-1,1,0,-3,5,-1
1569,resize,6,6,6,1,1,1,2,-1,-1,-1,0,0,3,-1,-1,-2,6,1,2,-1,-1,-1,0,0,3,-1,-1,-2
1570,resize,0,0,0,1,1,1,3,-2,-1,-2,-1,-1,2,-2,-1,-1,0,1,3,-2,-1,-2,-1,-1,2,-2,-1,-1
1571,resize,4,4,4,1,1,1,-5,0,-2,-4,5,-2,-4,-1,-3,1,4,1,-5,0,-2,-4,5,-2,-4,-1,-3,1
1572,resize,8,8,8,1,1,1,0,-2,-2,0,-2,0,-1,-3,4,0,8,1,0,-2,-2,0,-2,0,-1,-3,4,0
1573,resize,8,8,8,1,1,1,0,-1,-1,0,-2,0,-1,-2,4,-1,8,1,0,-1,-1,0,-2,0,-1,-2,4,-1
1574,resize,2,2,2,1,1,1,0,1,5,0,-2,-4,-2,0,-1,-3,2,1,0,1,5,0,-2,-4,-2,0,-1,-3
1575,resize,4,4,4,1,1,1,-2,-1,-1,-3,5,-3,-3,0,-3,0,4,1,-2,-1,-1,-3,5,-3,-3,0,-3,0
1576,resize,7,7,7,1,1,1,-1,0,1,0,-1,-1,-5,3,-1,0,7,1,-1,0,1,0,-1,-1,-5,3,-1,0
1577,resize,6,6,6,1,1,1,-1,-1,-2,-2,0,1,5,-2,0,-3,6,1,-1,-1,-2,-2,0,1,5,-2,0,-3
1578,resize,6,6,6,1,1,1,0,-1,-2,-2,-1,1,6,-3,-1,-3,6,1,0,-1,-2,-2,-1,1,6,-3,-1,-3
1579,resize,6,6,6,1,1,1,1,-2,-3,-2,-2,2,4,-4,2,-1,6,1,1,-2,-3,-2,-2,2,4,-4,2,-1
1580,resize,4,4,4,1,1,1,-4,0,-1,-3,4,-1,-3,-1,-2,-1,4,1,-4,0,-1,-3,4,-1,-3,-1,-2,-1
1581,resize,7,7,7,1,1,1,-3,0,-1,0,0,-2,-5,3,-1,1,7,1,-3,0,-1,0,0,-2,-5,3,-1,1
1582,resize,1,1,1,1,1,1,-3,4,-1,-3,-1,0,-1,0,-1,-1,1,1,-3,4,-1,-3,-1,0,-1,0,-1,-1
1583,resize,8,8,8,1,1,1,-1,-1,-1,-1,-1,1,0,-2,3,0,8,1,-1,-1,-1,-1,-1,1,0,-2,3,0
1584,resize,8,8,8,1,1,1,0,-1,0,1,-2,-1,-1,-1,3,0,8,1,0,-1,0,1,-2,-1,-1,-1,3,0
1585,resize,2,2,2,1,1,1,0,0,5,1,-3,-3,-3,1,-1,-3,2,1,0,0,5,1,-3,-3,-3,1,-1,-3
1586,resize,3,3,3,1,1,1,-2,-2,-1,4,-3,2,-2,-1,1,0,3,1,-2,-2,-1,4,-3,2,-2,-1,1,0
1587,resize,6,6,6,1,1,1,0,-2,-3,-2,-2,2,4,-4,1,-1,6,1,0,-2,-3,-2,-2,2,4,-4,1,-1
1588,resize,3,3,3,1,1,1,-5,0,-1,6,-4,2,-3,0,0,-2,3,1,-5,0,-1,6,-4,2,-3,0,0,-2
1589,resize,0,0,0,1,1,1,4,-3,-2,-1,-1,-1,1,-1,-1,1,0,1,4,-3,-2,-1,-1,-1,1,-1,-1,1
1590,resize,0,0,0,1,1,1,5,-2,-1,-2,-3,-1,0,-1,0,-1,0,1,5,-2,-1,-2,-3,-1,0,-1,0,-1
1591,resize,3,3,3,1,1,1,-3,-1,-1,6,-5,1,-3,-2,1,-1,3,1,-3,-1,-1,6,-5,1,-3,-2,1,-1
1592,resize,7,7,7,1,1,1,-3,1,2,1,-1,-2,-4,4,-2,-3,7,1,-3,1,2,1,-1,-2,-4,4,-2,-3
1593,resize,6,6,6,1,1,1,0,0,-1,-1,0,1,3,-2,0,-2,6,1,0,0,-1,-1,0,1,3,-2,0,-2
1594,resize,9,9,9,1,1,1,-2,-2,-3,-1,1,-2,-4,0,-1,4,9,1,-2,-2,-3,-1,1,-2,-4,0,-1,4
1595,resize,7,7,7,1,1,1,-1,0,2,0,-1,-2,-4,3,-1,-1,7,1,-1,0,2,0,-1,-2,-4,3,-1,-1
1596,resize,9,9,9,1,1,1,-1,-1,-1,0,0,-1,-2,0,0,3,9,1,-1,-1,-1,0,0,-1,-2,0,0,3
1597,resize,9,9,9,1,1,1,-3,-1,-2,-2,1,-1,-4,0,-1,3,9,1,-3,-1,-2,-2,1,-1,-4,0,-1,3
1598,resize,5,5,5,1,1,1,-2,-1,-3,-1,-3,7,0,-2,1,1,5,1,-2,-1,-3,-1,-3,7,0,-2,1,1
1599,resize,4,4,4,1,1,1,-4,0,-1,-3,5,-2,-4,0,-4,-1,4,1,-4,0,-1,-3,5,-2,-4,0,-4,-1
1600,resize,3,3,3,1,1,1,-4,-1,-1,4,-3,3,-2,-1,1,-1,3,1,-4,-1,-1,4,-3,3,-2,-1,1,-1
1601,resize,3,3,3,1,1,1,-2,0,1,3,-2,-1,-2,1,0,-3,3,1,-2,0,1,3,-2,-1,-2,1,0,-3
1602,resize,6,6,6,1,1,1,-1,-1,-3,-2,0,2,5,-3,1,-3,6,1,-1,-1,-3,-2,0,2,5,-3,1,-3
1603,resize,1,1,1,1,1,1,-4,5,-2,-4,0,-1,-2,0,-1,0,1,1,-4,5,-2,-4,0,-1,-2,0,-1,0
1604,resize,2,2,2,1,1,1,0,0,6,0,-4,-4,-2,0,-1,-5,2,1,0,0,6,0,-4,-4,-2,0,-1,-5
1605,resize,3,3,3,1,1,1,-3,-1,-1,5,-4,1,-3,-1,1,0,3,1,-3,-1,-1,5,-4,1,-3,-1,1,0
1606,resize,7,7,7,1,1,1,-1,0,0,0,-1,-1,-3,3,0,-1,7,1,-1,0,0,0,-1,-1,-3,3,0,-1
1607,resize,3,3,3,1,1,1,-3,0,-1,3,-2,1,-2,0,0,-1,3,1,-3,0,-1,3,-2,1,-2,0,0,-1
1608,resize,3,3,3,1,1,1,-5,0,-1,6,-4,2,-3,-1,0,-2,3,1,-5,0,-1,6,-4,2,-3,-1,0,-2
1609,resize,2,3,0,0,0,0,1,-1,1,1,-1,-1,0,-2,0,-1,0,1,1,-1,1,1,-1,-1,0,-2,0,-1
1610,resize,0,0,0,1,1,1,5,-2,0,-1,-3,0,0,-2,0,0,0,1,5,-2,0,-1,-3,0,0,-2,0,0
1611,resize,3,3,3,1,1,1,-1,-1,-1,3,-2,1,-1,-1,0,0,3,1,-1,-1,-1,3,-2,1,-1,-1,0,0
1612,resize,3,3,3,1,1,1,-2,-1,-2,6,-4,3,-3,-1,0,0,3,1,-2,-1,-2,6,-4,3,-3,-1,0,0
1613,resize,8,8,8,1,1,1,-1,-1,-2,-1,-1,-1,-1,-2,4,0,8,1,-1,-1,-2,-1,-1,-1,-1,-2,4,0
1614,resize,4,4,4,1,1,1,-1,-1,-1,-1,3,-2,-2,0,-1,0,4,1,-1,-1,-1,-1,3,-2,-2,0,-1,0
1615,resize,3,3,3,1,1,1,-4,0,-1,5,-3,1,-3,0,0,-2,3,1,-4,0,-1,5,-3,1,-3,0,0,-2
1616,resize,6,6,6,1,1,1,0,-1,-2,-2,0,0,3,-3,0,-1,6,1,0,-1,-2,-2,0,0,3,-3,0,-1
1617,resize,3,3,3,1,1,1,-3,0,2,4,-3,0,-2,0,0,-4,3,1,-3,0,2,4,-3,0,-2,0,0,-4
1618,resize,5,5,5,1,1,1,-2,0,-3,1,-1,3,-1,-1,0,1,5,1,-2,0,-3,1,-1,3,-1,-1,0,1
1619,resize,0,0,0,1,1,1,5,-2,-1,-2,-3,0,0,0,-1,-2,0,1,5,-2,-1,-2,-3,0,0,0,-1,-2
1620,resize,2,2,2,1,1,1,-1,0,5,1,-3,-3,-1,0,-1,-5,2,1,-1,0,5,1,-3,-3,-1,0,-1,-5
1621,resize,0,6,6,0,0,1,3,-2,-4,-1,-1,1,4,-3,-1,0,6,1,3,-2,-4,-1,-1,1,4,-3,-1,0
1622,resize,9,9,9,1,1,1,-2,-2,-2,0,0,-1,-5,0,-1,4,9,1,-2,-2,-2,0,0,-1,-5,0,-1,4
1623,resize,0,0,0,1,1,1,4,-2,-1,0,-3,0,0,-1,-1,0,0,1,4,-2,-1,0,-3,0,0,-1,-1,0
1624,resize,7,7,7,1,1,1,-2,0,0,0,-1,-1,-5,3,-1,0,7,1,-2,0,0,0,-1,-1,-5,3,-1,0
1625,resize,4,4,4,1,1,1,-3,-1,0,-3,4,-2,-3,-1,-2,-1,4,1,-3,-1,0,-3,4,-2,-3,-1,-2,-1
1626,resize,6,6,6,1,1,1,0,-1,-2,-1,-1,2,3,-3,1,-1,6,1,0,-1,-2,-1,-1,2,3,-3,1,-1
1627,resize,9,9,9,1,1,1,1,-2,-3,0,0,-2,-2,-1,0,3,9,1,1,-2,-3,0,0,-2,-2,-1,0,3
1628,resize,3,3,3,1,1,1,-3,-1,-2,5,-4,3,-3,-1,0,0,3,1,-3,-1,-2,5,-4,3,-3,-1,0,0
1629,resize,5,5,5,1,1,1,-2,-1,-3,0,-3,7,-1,-2,0,2,5,1,-2,-1,-3,0,-3,7,-1,-2,0,2
1630,resize,1,1,1,1,1,1,-3,4,-2,-4,0,0,-2,-1,-2,-1,1,1,-3,4,-2,-4,0,0,-2,-1,-2,-1
1631,resize,9,9,9,1,1,1,-3,-2,-2,-1,1,-1,-5,1,-2,4,9,1,-3,-2,-2,-1,1,-1,-5,1,-2,4
1632,resize,6,6,6,1,1,1,1,-2,-3,-3,-1,1,5,-3,-1,-2,6,1,1,-2,-3,-3,-1,1,5,-3,-1,-2
1633,resize,1,1,1,1,1,1,-2,4,-1,-4,-2,-1,-1,0,0,-2,1,1,-2,4,-1,-4,-2,-1,-1,0,0,-2
1634,resize,4,4,4,1,1,1,-3,0,-2,-2,3,-2,-3,-1,0,1,4,1,-3,0,-2,-2,3,-2,-3,-1,0,1
1635,resize,5,5,5,1,1,1,-2,-2,-2,1,-3,4,0,-3,1,2,5,1,-2,-2,-2,1,-3,4,0,-3,1,2
1636,resize,4,4,4,1,1,1,-3,0,-1,-3,4,-2,-3,-1,-2,-1,4,1,-3,0,-1,-3,4,-2,-3,-1,-2,-1
1637,resize,5,5,5,1,1,1,-4,-2,-3,1,-1,5,0,-4,1,2,5,1,-4,-2,-3,1,-1,5,0,-4,1,2
1638,resize,0,0,0,1,1,1,4,-2,-2,-2,-2,-1,1,-1,-1,-1,0,1,4,-2,-2,-2,-2,-1,1,-1,-1,-1
1639,resize,5,5,5,1,1,1,-2,-1,-2,0,-2,5,0,-2,0,1,5,1,-2,-1,-2,0,-2,5,0,-2,0,1
1640,resize,9,9,9,1,1,1,-1,-1,-1,-1,1,-1,-2,0,-1,3,9,1,-1,-1,-1,-1,1,-1,-2,0,-1,3
1641,resize,5,5,5,1,1,1,0,-1,-1,0,-2,3,2,-2,0,0,5,1,0,-1,-1,0,-2,3,2,-2,0,0
1642,resize,2,2,2,1,1,1,0,0,3,-1,-1,-3,-1,-1,0,-1,2,1,0,0,3,-1,-1,-3,-1,-1,0,-1
1643,resize,1,1,1,1,1,1,-2,4,-1,-4,-1,-1,-1,-1,0,-1,1,1,-2,4,-1,-4,-1,-1,-1,-1,0,-1
1644,resize,2,2,2,1,1,1,0,0,4,0,-3,-3,-2,0,0,-3,2,1,0,0,4,0,-3,-3,-2,0,0,-3
1645,resize,9,9,9,1,1,1,-1,-2,-1,-1,0,-1,-3,0,0,3,9,1,-1,-2,-1,-1,0,-1,-3,0,0,3
1646,resize,1,1,1,1,1,1,-2,4,-1,-3,-1,-1,-2,0,-1,-2,1,1,-2,4,-1,-3,-1,-1,-2,0,-1,-2
1647,resize,9,9,9,1,1,1,-1,-2,-2,-1,0,-1,-4,0,-1,3,9,1,-1,-2,-2,-1,0,-1,-4,0,-1,3
1648,resize,9,9,9,1,1,1,-1,-1,-1,0,0,0,-3,-1,-1,3,9,1,-1,-1,-1,0,0,0,-3,-1,-1,3
1649,resize,4,4,4,1,1,1,-3,-1,-2,-2,4,-2,-3,0,-2,0,4,1,-3,-1,-2,-2,4,-2,-3,0,-2,0
1650,resize,0,0,0,1,1,1,5,-2,1,-2,-3,-2,0,-1,-1,-1,0,1,5,-2,1,-2,-3,-2,0,-1,-1,-1
1651,resize,8,8,8,1,1,1,-1,-2,-1,0,-2,-1,-2,-2,5,0,8,1,-1,-2,-1,0,-2,-1,-2,-2,5,0
1652,resize,4,4,4,1,1,1,-2,-1,-1,-2,3,-1,-3,0,-2,2,4,1,-2,-1,-1,-2,3,-1,-3,0,-2,2
1653,resize,5,5,5,1,1,1,-3,-2,-3,1,-2,6,-1,-2,0,2,5,1,-3,-2,-3,1,-2,6,-1,-2,0,2
1654,resize,2,2,2,1,1,1,-1,1,4,0,-2,-3,-2,1,-1,-3,2,1,-1,1,4,0,-2,-3,-2,1,-1,-3
1655,resize,9,9,9,1,1,1,-1,-2,-2,0,0,-1,-4,1,0,4,9,1,-1,-2,-2,0,0,-1,-4,1,0,4
1656,resize,2,2,2,1,1,1,-1,1,7,0,-3,-4,-2,0,-2,-6,2,1,-1,1,7,0,-3,-4,-2,0,-2,-6
1657,resize,1,1,1,1,1,1,-3,4,-2,-3,-1,0,-2,0,-2,0,1,1,-3,4,-2,-3,-1,0,-2,0,-2,0
1658,resize,2,2,2,1,1,1,1,1,5,0,-3,-3,-2,0,-1,-3,2,1,1,1,5,0,-3,-3,-2,0,-1,-3
1659,resize,1,1,1,1,1,1,-3,4,-1,-3,-1,-1,-2,0,-1,-1,1,1,-3,4,-1,-3,-1,-1,-2,0,-1,-1
1660,resize,7,7,7,1,1,1,-1,0,1,0,-1,-1,-3,3,-1,-1,7,1,-1,0,1,0,-1,-1,-3,3,-1,-1
1661,resize,3,3,3,1,1,1,-2,0,2,4,-3,-2,-3,0,1,-3,3,1,-2,0,2,4,-3,-2,-3,0,1,-3
1662,resize,6,6,6,1,1,1,-1,-1,-3,-2,0,1,6,-3,0,-4,6,1,-1,-1,-3,-2,0,1,6,-3,0,-4
1663,resize,8,8,8,1,1,1,-2,-1,-1,1,-2,0,-1,-2,4,-1,8,1,-2,-1,-1,1,-2,0,-1,-2,4,-1
1664,resize,8,8,8,1,1,1,-1,-1,-1,-1,-1,0,0,-3,5,-1,8,1,-1,-1,-1,-1,-1,0,0,-3,5,-1
1665,resize,4,4,4,1,1,1,-3,0,-2,-3,4,-1,-2,0,-3,0,4,1,-3,0,-2,-3,4,-1,-2,0,-3,0
1666,resize,9,9,9,1,1,1,-1,-2,-3,1,-1,-1,-4,0,0,4,9,1,-1,-2,-3,1,-1,-1,-4,0,0,4
1667,resize,1,1,1,1,1,1,-3,4,-2,-3,0,-1,-2,-1,-1,1,1,1,-3,4,-2,-3,0,-1,-2,-1,-1,1
1668,resize,9,9,9,1,1,1,-2,-1,-2,-1,0,-1,-4,0,-1,4,9,1,-2,-1,-2,-1,0,-1,-4,0,-1,4
1669,resize,8,8,8,1,1,1,-1,-1,-2,1,-2,1,0,-2,3,-1,8,1,-1,-1,-2,1,-2,1,0,-2,3,-1
1670,resize,5,5,5,1,1,1,-2,-1,-2,0,-3,4,0,-3,3,0,5,1,-2,-1,-2,0,-3,4,0,-3,3,0
1671,resize,7,7,7,1,1,1,-3,0,0,1,-1,-1,-3,2,-1,-1,7,1,-3,0,0,1,-1,-1,-3,2,-1,-1
1672,resize,5,5,5,1,1,1,-2,-1,-2,0,-2,4,0,-2,1,1,5,1,-2,-1,-2,0,-2,4,0,-2,1,1
1673,resize,1,1,1,1,1,1,-2,3,-1,-2,-1,-1,-2,1,-1,0,1,1,-2,3,-1,-2,-1,-1,-2,1,-1,0
1674,resize,1,1,1,1,1,1,-2,3,-1,-2,-1,-1,-2,1,-1,-1,1,1,-2,3,-1,-2,-1,-1,-2,1,-1,-1
1675,resize,8,8,8,1,1,1,-2,-1,-2,1,-3,1,0,-3,5,-2,8,1,-2,-1,-2,1,-3,1,0,-3,5,-2
1676,resize,6,6,6,1,1,1,0,-2,-3,-2,-1,2,4,-3,1,-2,6,1,0,-2,-3,-2,-1,2,4,-3,1,-2
1677,resize,5,5,5,1,1,1,-1,-1,-2,-1,-2,5,0,-2,2,1,5,1,-1,-1,-2,-1,-2,5,0,-2,2,1
1678,resize,2,2,2,1,1,1,1,1,3,-1,-1,-1,-1,0,-1,-2,2,1,1,1,3,-1,-1,-1,-1,0,-1,-2
1679,resize,4,4,4,1,1,1,-5,-1,-2,-4,6,-3,-5,-1,-3,0,4,1,-5,-1,-2,-4,6,-3,-5,-1,-3,0
1680,resize,4,4,4,1,1,1,-3,0,-1,-2,3,-2,-3,0,-2,-1,4,1,-3,0,-1,-2,3,-2,-3,0,-2,-1
1681,resize,3,3,3,1,1,1,-1,-1,-1,2,-2,0,-3,1,0,0,3,1,-1,-1,-1,2,-2,0,-3,1,0,0
1682,resize,2,2,2,1,1,1,0,0,3,1,-2,-1,0,-1,-1,-2,2,1,0,0,3,1,-2,-1,0,-1,-1,-2
1683,resize,3,3,3,1,1,1,-4,-1,0,6,-5,1,-3,-1,1,-2,3,1,-4,-1,0,6,-5,1,-3,-1,1,-2
1684,resize,5,5,5,1,1,1,-3,-1,-2,0,-2,6,-1,-2,0,1,5,1,-3,-1,-2,0,-2,6,-1,-2,0,1
1685,resize,6,6,6,1,1,1,1,-2,-3,-2,-1,2,6,-3,-1,-3,6,1,1,-2,-3,-2,-1,2,6,-3,-1,-3
1686,resize,8,8,8,1,1,1,-2,-1,-2,0,-1,1,0,-2,3,-1,8,1,-2,-1,-2,0,-1,1,0,-2,3,-1
1687,resize,8,8,8,1,1,1,-1,0,-1,-1,0,-1,-2,-2,3,1,8,1,-1,0,-1,-1,0,-1,-2,-2,3,1
1688,resize,6,6,6,1,1,1,0,-1,-3,-2,0,2,4,-3,0,-2,6,1,0,-1,-3,-2,0,2,4,-3,0,-2
1689,resize,2,2,2,1,1,1,1,0,2,0,-2,-1,-1,0,0,-1,2,1,1,0,2,0,-2,-1,-1,0,0,-1
1690,resize,3,3,3,1,1,1,-2,-2,-1,6,-4,2,-3,-1,0,0,3,1,-2,-2,-1,6,-4,2,-3,-1,0,0
1691,resize,1,1,1,1,1,1,-2,2,0,-1,0,-1,-1,0,-1,-1,1,1,-2,2,0,-1,0,-1,-1,0,-1,-1
1692,resize,0,0,0,1,1,1,5,-2,0,-1,-3,-1,0,-1,-1,0,0,1,5,-2,0,-1,-3,-1,0,-1,-1,0
1693,resize,5,5,5,1,1,1,-2,-2,-3,1,-2,6,-1,-2,0,1,5,1,-2,-2,-3,1,-2,6,-1,-2,0,1
1694,resize,8,8,8,1,1,1,-1,-1,-1,0,-1,-1,-1,-1,3,-1,8,1,-1,-1,-1,0,-1,-1,-1,-1,3,-1
1695,resize,9,9,9,1,1,1,-2,-2,-3,0,0,-1,-4,-1,-1,3,9,1,-2,-2,-3,0,0,-1,-4,-1,-1,3
1696,resize,2,2,2,1,1,1,1,1,4,0,-2,-2,-2,0,-1,-3,2,1,1,1,4,0,-2,-2,-2,0,-1,-3
1697,resize,9,9,9,1,1,1,-3,-2,-3,-2,1,-1,-5,0,-2,5,9,1,-3,-2,-3,-2,1,-1,-5,0,-2,5
1698,resize,6,6,6,1,1,1,-1,-1,-3,-3,0,1,6,-3,0,-3,6,1,-1,-1,-3,-3,0,1,6,-3,0,-3
1699,resize,7,7,7,1,1,1,-2,0,1,0,-1,-2,-5,4,-1,0,7,1,-2,0,1,0,-1,-2,-5,4,-1,0
1700,resize,0,0,0,1,1,1,5,-2,0,-1,-3,1,1,-2,-1,-1,0,1,5,-2,0,-1,-3,1,1,-2,-1,-1
1701,resize,4,4,4,1,1,1,-3,0,-2,-1,3,0,-4,0,-2,1,4,1,-3,0,-2,-1,3,0,-4,0,-2,1
1702,resize,8,8,8,1,1,1,-1,-1,-2,-2,-2,2,1,-3,5,-1,8,1,-1,-1,-2,-2,-2,2,1,-3,5,-1
1703,resize,7,7,7,1,1,1,-1,0,1,0,-1,-1,-3,2,-1,-1,7,1,-1,0,1,0,-1,-1,-3,2,-1,-1
1704,resize,1,1,1,1,1,1,-2,3,-1,-2,0,-1,-2,0,-1,0,1,1,-2,3,-1,-2,0,-1,-2,0,-1,0
1705,resize,7,7,7,1,1,1,-2,0,0,0,0,-1,-4,3,-1,0,7,1,-2,0,0,0,0,-1,-4,3,-1,0
1706,resize,4,4,4,1,1,1,-5,-1,-1,-3,5,-2,-4,0,-1,0,4,1,-5,-1,-1,-3,5,-2,-4,0,-1,0
1707,resize,1,1,1,1,1,1,-3,4,-1,-2,0,-1,-2,0,-1,0,1,1,-3,4,-1,-2,0,-1,-2,0,-1,0
1708,resize,0,0,0,1,1,1,5,-3,-1,-1,-3,-1,0,-1,-1,0,0,1,5,-3,-1,-1,-3,-1,0,-1,-1,0
1709,resize,9,5,5,0,0,1,-1,0,-1,1,-1,2,-1,0,0,1,5,1,-1,0,-1,1,-1,2,-1,0,0,1
1710,resize,7,7,7,1,1,1,-2,0,0,0,-1,-1,-4,3,-1,0,7,1,-2,0,0,0,-1,-1,-4,3,-1,0
1711,resize,2,2,2,1,1,1,0,0,5,1,-4,-4,-2,0,0,-5,2,1,0,0,5,1,-4,-4,-2,0,0,-5
1712,resize,0,0,0,1,1,1,4,-2,0,0,-2,-2,-2,-1,-1,1,0,1,4,-2,0,0,-2,-2,-2,-1,-1,1
1713,resize,0,0,0,1,1,1,5,-2,0,-1,-3,-1,-1,-1,-1,0,0,1,5,-2,0,-1,-3,-1,-1,-1,-1,0
1714,resize,9,9,9,1,1,1,-3,-2,-3,0,0,-1,-5,-1,-1,5,9,1,-3,-2,-3,0,0,-1,-5,-1,-1,5
1715,resize,1,1,1,1,1,1,-3,4,-1,-2,0,-1,-3,1,-2,-1,1,1,-3,4,-1,-2,0,-1,-3,1,-2,-1
1716,resize,7,7,1,1,0,0,-1,2,-1,-1,-1,-1,-2,2,-1,0,1,1,-1,2,-1,-1,-1,-1,-2,2,-1,0
1717,resize,8,8,8,1,1,1,0,-2,-1,0,-2,1,1,-3,3,-1,8,1,0,-2,-1,0,-2,1,1,-3,3,-1
1718,resize,7,7,7,1,1,1,-4,1,2,0,0,-2,-5,3,-3,-2,7,1,-4,1,2,0,0,-2,-5,3,-3,-2
1719,resize,8,8,8,1,1,1,-1,-2,-2,0,-2,0,-1,-3,6,0,8,1,-1,-2,-2,0,-2,0,-1,-3,6,0
1720,resize,4,4,4,1,1,1,-2,-2,-1,-2,4,-2,-3,0,-2,-1,4,1,-2,-2,-1,-2,4,-2,-3,0,-2,-1
1721,resize,7,7,7,1,1,1,-1,0,-1,-1,0,-1,-2,2,0,0,7,1,-1,0,-1,-1,0,-1,-2,2,0,0
1722,resize,2,2,2,1,1,1,-1,1,3,-1,-2,-2,-2,1,-1,-3,2,1,-1,1,3,-1,-2,-2,-2,1,-1,-3
1723,resize,0,0,0,1,1,1,6,-3,-1,-2,-2,-1,2,-1,-1,0,0,1,6,-3,-1,-2,-2,-1,2,-1,-1,0
1724,resize,4,4,4,1,1,1,-1,-1,-1,-2,4,-3,-3,1,-1,0,4,1,-1,-1,-1,-2,4,-3,-3,1,-1,0
1725,resize,6,6,6,1,1,1,0,0,-2,-2,-1,2,4,-3,2,-2,6,1,0,0,-2,-2,-1,2,4,-3,2,-2
1726,resize,0,0,0,1,1,1,5,-3,-1,-1,-2,-1,1,-2,-2,-1,0,1,5,-3,-1,-1,-2,-1,1,-2,-2,-1
1727,resize,3,3,3,1,1,1,-2,-1,-1,6,-5,1,-3,-1,0,-1,3,1,-2,-1,-1,6,-5,1,-3,-1,0,-1
1728,resize,1,1,1,1,1,1,-3,4,-1,-3,0,-1,-3,1,-2,-1,1,1,-3,4,-1,-3,0,-1,-3,1,-2,-1
1729,resize,1,1,1,1,1,1,-2,4,-1,-3,-1,-1,-2,0,-1,-2,1,1,-2,4,-1,-3,-1,-1,-2,0,-1,-2
1730,resize,3,3,3,1,1,1,-2,-1,-2,4,-3,1,-2,-1,1,0,3,1,-2,-1,-2,4,-3,1,-2,-1,1,0
1731,resize,3,3,3,1,1,1,-5,0,0,6,-5,1,-3,-1,1,-2,3,1,-5,0,0,6,-5,1,-3,-1,1,-2
1732,resize,9,9,9,1,1,1,-1,-2,-2,1,-1,0,-4,-2,0,3,9,1,-1,-2,-2,1,-1,0,-4,-2,0,3
1733,resize,6,6,6,1,1,1,0,-1,-3,-2,0,1,5,-3,0,-3,6,1,0,-1,-3,-2,0,1,5,-3,0,-3
1734,resize,7,7,7,1,1,1,-1,-2,-1,0,0,-1,-5,3,-1,1,7,1,-1,-2,-1,0,0,-1,-5,3,-1,1
1735,resize,4,4,4,1,1,1,-3,0,-1,-3,4,-2,-2,0,-3,-1,4,1,-3,0,-1,-3,4,-2,-2,0,-3,-1
1736,resize,1,1,1,1,1,1,-3,4,-2,-3,0,-1,-2,1,-2,0,1,1,-3,4,-2,-3,0,-1,-2,1,-2,0
1737,resize,5,5,5,1,1,1,-2,1,-1,1,-1,2,0,0,0,-1,5,1,-2,1,-1,1,-1,2,0,0,0,-1
1738,resize,3,3,3,1,1,1,-4,0,0,5,-3,1,-2,0,0,-2,3,1,-4,0,0,5,-3,1,-2,0,0,-2
1739,resize,0,0,0,1,1,1,5,-2,-1,-2,-2,-2,1,-1,-2,0,0,1,5,-2,-1,-2,-2,-2,1,-1,-2,0
1740,resize,8,8,8,1,1,1,0,-2,-3,0,-3,1,0,-4,5,-1,8,1,0,-2,-3,0,-3,1,0,-4,5,-1
1741,resize,7,7,7,1,1,1,-3,2,0,-1,-1,-1,-4,3,-1,-2,7,1,-3,2,0,-1,-1,-1,-4,3,-1,-2
1742,resize,3,3,3,1,1,1,-4,0,0,5,-3,1,-2,0,0,-3,3,1,-4,0,0,5,-3,1,-2,0,0,-3
1743,resize,9,9,9,1,1,1,-1,-2,-2,-1,0,-2,-4,0,0,4,9,1,-1,-2,-2,-1,0,-2,-4,0,0,4
1744,resize,6,6,6,1,1,1,-1,-1,-2,-2,0,1,5,-2,0,-3,6,1,-1,-1,-2,-2,0,1,5,-2,0,-3
1745,resize,9,9,9,1,1,1,-2,-2,-4,-1,1,-2,-5,0,-1,5,9,1,-2,-2,-4,-1,1,-2,-5,0,-1,5
1746,resize,3,3,3,1,1,1,-4,0,0,4,-2,1,-1,0,-1,-3,3,1,-4,0,0,4,-2,1,-1,0,-1,-3
1747,resize,5,5,5,1,1,1,-2,0,-2,0,-2,5,-1,0,0,0,5,1,-2,0,-2,0,-2,5,-1,0,0,0
1748,resize,0,0,0,1,1,1,3,-2,-1,0,-1,0,1,-1,0,-1,0,1,3,-2,-1,0,-1,0,1,-1,0,-1
1749,resize,2,2,2,1,1,1,1,0,4,1,-5,-3,-3,0,0,-3,2,1,1,0,4,1,-5,-3,-3,0,0,-3
1750,resize,7,7,7,1,1,1,-3,0,1,0,-1,-1,-3,3,-1,-2,7,1,-3,0,1,0,-1,-1,-3,3,-1,-2
1751,resize,4,4,4,1,1,1,-3,1,1,-2,4,-2,-3,0,-3,-1,4,1,-3,1,1,-2,4,-2,-3,0,-3,-1
1752,resize,5,5,5,1,1,1,-2,-1,-1,0,-2,5,0,-1,0,1,5,1,-2,-1,-1,0,-2,5,0,-1,0,1
1753,resize,1,1,1,1,1,1,-3,3,-1,-2,0,-1,-2,0,-1,0,1,1,-3,3,-1,-2,0,-1,-2,0,-1,0
1754,resize,7,7,2,1,0,0,-3,2,3,0,0,-3,-3,3,-2,-4,2,1,-3,2,3,0,0,-3,-3,3,-2,-4
1755,resize,5,5,5,1,1,1,-1,-2,-2,0,-2,4,-1,-2,1,1,5,1,-1,-2,-2,0,-2,4,-1,-2,1,1
1756,resize,8,8,8,1,1,1,-1,-1,-1,0,-2,1,0,-3,4,0,8,1,-1,-1,-1,0,-2,1,0,-3,4,0
1757,resize,0,0,0,1,1,1,5,-2,-1,-1,-2,-1,0,-1,-1,0,0,1,5,-2,-1,-1,-2,-1,0,-1,-1,0
1758,resize,8,8,8,1,1,1,-2,-2,0,1,-4,0,1,-3,5,-1,8,1,-2,-2,0,1,-4,0,1,-3,5,-1
1759,resize,8,8,8,1,1,1,0,-1,0,-1,-1,0,0,-2,3,0,8,1,0,-1,0,-1,-1,0,0,-2,3,0
1760,resize,1,1,1,1,1,1,-3,3,-1,-3,0,-1,-2,1,-1,0,1,1,-3,3,-1,-3,0,-1,-2,1,-1,0
1761,resize,5,5,5,1,1,1,-3,0,-2,0,-1,5,-1,-1,0,1,5,1,-3,0,-2,0,-1,5,-1,-1,0,1
1762,resize,0,0,0,1,1,1,4,-2,-2,-1,-3,1,1,-1,0,-1,0,1,4,-2,-2,-1,-3,1,1,-1,0,-1
1763,resize,3,3,3,1,1,1,-2,-1,-2,4,-3,2,-2,-1,0,0,3,1,-2,-1,-2,4,-3,2,-2,-1,0,0
1764,resize,0,0,0,1,1,1,5,-2,0,-2,-2,-1,1,-1,-1,-1,0,1,5,-2,0,-2,-2,-1,1,-1,-1,-1
1765,resize,3,3,3,1,1,1,-4,1,2,3,-2,1,-2,0,-1,-2,3,1,-4,1,2,3,-2,1,-2,0,-1,-2
1766,resize,1,1,1,1,1,1,-2,3,-1,-2,-1,-1,-1,-1,0,-1,1,1,-2,3,-1,-2,-1,-1,-1,-1,0,-1
1767,resize,4,4,4,1,1,1,-2,0,0,-2,3,-2,-2,-1,-2,1,4,1,-2,0,0,-2,3,-2,-2,-1,-2,1
1768,resize,0,0,0,1,1,1,5,-2,0,-2,-3,0,1,-1,0,-1,0,1,5,-2,0,-2,-3,0,1,-1,0,-1
1769,resize,3,3,3,1,1,1,-3,0,1,4,-3,0,-2,0,1,-2,3,1,-3,0,1,4,-3,0,-2,0,1,-2
1770,resize,7,7,7,1,1,1,-2,0,0,0,-1,-1,-4,3,-1,-1,7,1,-2,0,0,0,-1,-1,-4,3,-1,-1
1771,resize,2,2,2,1,1,1,1,0,4,0,-3,-3,-2,0,-1,-3,2,1,1,0,4,0,-3,-3,-2,0,-1,-3
1772,resize,7,7,7,1,1,1,-3,0,-1,1,0,1,-3,4,-2,-1,7,1,-3,0,-1,1,0,1,-3,4,-2,-1
1773,resize,1,1,1,1,1,1,-1,2,-1,-2,-2,1,1,-2,0,-2,1,1,-1,2,-1,-2,-2,1,1,-2,0,-2
1774,resize,8,8,8,1,1,1,-1,-1,-1,1,-2,1,0,-2,4,-1,8,1,-1,-1,-1,1,-2,1,0,-2,4,-1
1775,resize,0,0,0,1,1,1,3,-1,-1,-1,-2,-1,0,-1,-1,0,0,1,3,-1,-1,-1,-2,-1,0,-1,-1,0
1776,resize,7,7,7,1,1,1,-1,0,1,0,-1,-1,-4,3,-1,-1,7,1,-1,0,1,0,-1,-1,-4,3,-1,-1
1777,resize,0,0,0,1,1,1,4,-2,0,-1,-2,-1,1,-1,-1,-1,0,1,4,-2,0,-1,-2,-1,1,-1,-1,-1
1778,resize,4,4,4,1,1,1,-2,-1,-1,-2,3,-1,-1,-1,-3,-1,4,1,-2,-1,-1,-2,3,-1,-1,-1,-3,-1
1779,resize,3,3,3,1,1,1,-3,-1,0,6,-4,0,-3,-1,1,-1,3,1,-3,-1,0,6,-4,0,-3,-1,1,-1
1780,resize,1,1,1,1,1,1,-2,4,-2,-3,-1,0,0,-1,0,-2,1,1,-2,4,-2,-3,-1,0,0,-1,0,-2
1781,resize,9,9,9,1,1,1,0,-2,-3,0,-1,0,-1,-1,-1,3,9,1,0,-2,-3,0,-1,0,-1,-1,-1,3
1782,resize,8,8,8,1,1,1,-3,-1,-1,-1,1,0,-1,-1,2,2,8,1,-3,-1,-1,-1,1,0,-1,-1,2,2
1783,resize,7,7,7,1,1,1,-2,0,-1,-1,0,-2,-4,3,-1,0,7,1,-2,0,-1,-1,0,-2,-4,3,-1,0
1784,resize,7,7,7,1,1,1,-2,0,0,0,0,-1,-3,3,-1,0,7,1,-2,0,0,0,0,-1,-3,3,-1,0
1785,resize,1,1,1,1,1,1,-2,3,-1,-2,0,-1,-1,-1,-1,0,1,1,-2,3,-1,-2,0,-1,-1,-1,-1,0
1786,resize,4,4,4,1,1,1,-3,-1,-3,-3,4,-2,-2,0,-1,0,4,1,-3,-1,-3,-3,4,-2,-2,0,-1,0
1787,resize,9,9,9,1,1,1,-2,-3,-2,0,0,-1,-4,0,-1,5,9,1,-2,-3,-2,0,0,-1,-4,0,-1,5
1788,resize,9,9,9,1,1,1,0,-2,-3,0,-1,-1,-3,-1,-1,4,9,1,0,-2,-3,0,-1,-1,-3,-1,-1,4
1789,resize,3,3,3,1,1,1,-2,1,0,3,-2,0,-2,0,0,-1,3,1,-2,1,0,3,-2,0,-2,0,0,-1
1790,resize,2,7,2,0,1,0,-1,0,2,1,-1,-2,-2,2,0,-1,2,1,-1,0,2,1,-1,-2,-2,2,0,-1
1791,resize,1,1,1,1,1,1,-2,4,-2,-3,0,-1,-1,0,-2,-1,1,1,-2,4,-2,-3,0,-1,-1,0,-2,-1
1792,resize,7,7,7,1,1,1,-2,0,1,1,0,-2,-4,3,-2,-2,7,1,-2,0,1,1,0,-2,-4,3,-2,-2
1793,resize,9,9,9,1,1,1,-2,-3,-2,-2,2,-2,-4,0,-1,5,9,1,-2,-3,-2,-2,2,-2,-4,0,-1,5
1794,resize,0,0,0,1,1,1,3,-2,-1,-1,-2,-1,1,-1,0,0,0,1,3,-2,-1,-1,-2,-1,1,-1,0,0
1795,resize,2,2,2,1,1,1,0,0,7,0,-4,-4,-1,0,-1,-5,2,1,0,0,7,0,-4,-4,-1,0,-1,-5
1796,resize,0,0,0,1,1,1,4,-2,-1,-1,-1,-1,1,-1,-2,-1,0,1,4,-2,-1,-1,-1,-1,1,-1,-2,-1
1797,resize,3,3,3,1,1,1,-3,-2,-2,5,-4,4,-3,-2,0,1,3,1,-3,-2,-2,5,-4,4,-3,-2,0,1
1798,resize,3,3,3,1,1,1,-4,0,-2,5,-3,2,-3,0,-1,-1,3,1,-4,0,-2,5,-3,2,-3,0,-1,-1
1799,resize,7,7,7,1,1,1,-3,1,0,0,-1,-1,-4,4,-2,-1,7,1,-3,1,0,0,-1,-1,-4,4,-2,-1
1800,resize,6,6,6,1,1,1,1,0,0,-2,-1,0,2,-2,-1,-1,6,1,1,0,0,-2,-1,0,2,-2,-1,-1
1801,resize,9,9,9,1,1,1,-1,-2,-1,-1,1,-1,-3,0,0,4,9,1,-1,-2,-1,-1,1,-1,-3,0,0,4
1802,resize,2,2,2,1,1,1,-1,0,5,0,-2,-4,-2,0,0,-3,2,1,-1,0,5,0,-2,-4,-2,0,0,-3
1803,resize,3,3,3,1,1,1,-3,0,-1,5,-4,2,-3,-1,0,0,3,1,-3,0,-1,5,-4,2,-3,-1,0,0
1804,resize,3,3,3,1,1,1,-4,-1,-1,7,-6,1,-4,-1,1,-1,3,1,-4,-1,-1,7,-6,1,-4,-1,1,-1
1805,resize,7,7,7,1,1,1,-2,-1,0,0,0,-1,-4,3,-1,0,7,1,-2,-1,0,0,0,-1,-4,3,-1,0
1806,resize,7,7,7,1,1,1,0,0,1,1,-2,-1,-4,2,-1,-1,7,1,0,0,1,1,-2,-1,-4,2,-1,-1
1807,resize,0,0,0,1,1,1,5,-2,-1,-1,-2,0,1,-2,-2,0,0,1,5,-2,-1,-1,-2,0,1,-2,-2,0
1808,resize,0,0,0,1,1,1,5,-2,-1,-1,-2,0,2,-2,-1,-1,0,1,5,-2,-1,-1,-2,0,2,-2,-1,-1
1809,resize,7,7,7,1,1,1,-2,1,0,0,-1,-1,-3,2,-1,0,7,1,-2,1,0,0,-1,-1,-3,2,-1,0
1810,resize,5,5,5,1,1,1,-3,0,-2,0,-2,6,-1,-1,1,0,5,1,-3,0,-2,0,-2,6,-1,-1,1,0
1811,resize,2,2,2,1,1,1,0,-1,4,2,-4,-2,-1,-1,1,-2,2,1,0,-1,4,2,-4,-2,-1,-1,1,-2
1812,resize,9,9,9,1,1,1,-1,-1,-1,0,0,-1,-3,0,-1,3,9,1,-1,-1,-1,0,0,-1,-3,0,-1,3
1813,resize,8,8,8,1,1,1,-1,-1,1,0,-1,-1,0,-2,3,-1,8,1,-1,-1,1,0,-1,-1,0,-2,3,-1
1814,resize,7,7,7,1,1,1,-4,1,-1,-1,0,-2,-4,4,-2,0,7,1,-4,1,-1,-1,0,-2,-4,4,-2,0
1815,resize,4,4,4,1,1,1,-2,-1,-1,-2,3,-2,-3,0,-2,1,4,1,-2,-1,-1,-2,3,-2,-3,0,-2,1
1816,resize,4,4,4,1,1,1,-3,-1,-1,-3,4,-2,-3,-1,-1,1,4,1,-3,-1,-1,-3,4,-2,-3,-1,-1,1
1817,resize,2,2,2,1,1,1,-1,1,5,0,-3,-3,-2,0,-1,-4,2,1,-1,1,5,0,-3,-3,-2,0,-1,-4
1818,resize,6,6,6,1,1,1,0,-2,-3,-2,0,2,5,-3,0,-2,6,1,0,-2,-3,-2,0,2,5,-3,0,-2
1819,resize,6,6,6,1,1,1,2,-2,-3,-2,-2,1,5,-3,0,-2,6,1,2,-2,-3,-2,-2,1,5,-3,0,-2
1820,resize,1,1,1,1,1,1,-2,4,-3,-4,-1,-1,-1,-1,-1,-1,1,1,-2,4,-3,-4,-1,-1,-1,-1,-1,-1
1821,resize,9,9,9,1,1,1,-1,-3,-2,0,-1,0,-4,0,-1,5,9,1,-1,-3,-2,0,-1,0,-4,0,-1,5
1822,resize,6,6,6,1,1,1,-2,0,-3,-2,0,2,3,-1,0,0,6,1,-2,0,-3,-2,0,2,3,-1,0,0
1823,resize,8,8,8,1,1,1,-1,-1,1,-1,0,-1,-1,-1,2,0,8,1,-1,-1,1,-1,0,-1,-1,-1,2,0
1824,resize,2,2,2,1,1,1,1,0,4,0,-4,-3,-3,1,-1,-3,2,1,1,0,4,0,-4,-3,-3,1,-1,-3
1825,resize,9,9,9,1,1,1,-2,-1,-2,-1,1,-2,-4,0,-1,3,9,1,-2,-1,-2,-1,1,-2,-4,0,-1,3
1826,resize,0,0,0,1,1,1,4,-3,-1,-1,-1,-1,0,-1,-1,1,0,1,4,-3,-1,-1,-1,-1,0,-1,-1,1
1827,resize,8,8,8,1,1,1,-2,-1,-1,-1,-1,0,0,-3,5,-1,8,1,-2,-1,-1,-1,-1,0,0,-3,5,-1
1828,resize,3,3,3,1,1,1,-1,0,0,3,-2,0,-2,0,-1,-1,3,1,-1,0,0,3,-2,0,-2,0,-1,-1
1829,resize,1,1,1,1,1,1,-2,3,0,-1,-1,0,-2,1,-1,0,1,1,-2,3,0,-1,-1,0,-2,1,-1,0
1830,resize,1,1,1,1,1,1,-3,4,-1,-3,-1,-1,-2,0,-1,0,1,1,-3,4,-1,-3,-1,-1,-2,0,-1,0
1831,resize,6,6,6,1,1,1,0,-2,-3,-2,-1,2,5,-3,1,-1,6,1,0,-2,-3,-2,-1,2,5,-3,1,-1
1832,resize,3,3,3,1,1,1,-2,-1,-1,5,-4,2,-3,-1,0,0,3,1,-2,-1,-1,5,-4,2,-3,-1,0,0
1833,resize,5,5,5,1,1,1,-2,-1,-1,1,-1,3,-1,-1,0,1,5,1,-2,-1,-1,1,-1,3,-1,-1,0,1
1834,resize,1,1,1,1,1,1,-3,4,-1,-3,0,-1,-2,1,-2,-1,1,1,-3,4,-1,-3,0,-1,-2,1,-2,-1
1835,resize,1,1,1,1,1,1,-3,4,-1,-2,0,-1,-2,1,-2,-1,1,1,-3,4,-1,-2,0,-1,-2,1,-2,-1
1836,resize,1,1,1,1,1,1,-3,4,-1,-3,-1,-1,-2,1,-1,-2,1,1,-3,4,-1,-3,-1,-1,-2,1,-1,-2
1837,resize,3,3,3,1,1,1,-3,-1,-1,5,-4,2,-3,-1,0,0,3,1,-3,-1,-1,5,-4,2,-3,-1,0,0
1838,resize,1,1,1,1,1,1,-1,4,0,-2,-2,-1,-1,-1,0,-2,1,1,-1,4,0,-2,-2,-1,-1,-1,0,-2
1839,resize,2,2,2,1,1,1,1,0,3,1,-4,-3,-2,0,1,-3,2,1,1,0,3,1,-4,-3,-2,0,1,-3
1840,resize,3,3,3,1,1,1,-4,0,-1,6,-4,1,-3,-1,-1,-2,3,1,-4,0,-1,6,-4,1,-3,-1,-1,-2
1841,resize,0,0,0,1,1,1,3,-1,-1,0,-2,0,1,-2,0,0,0,1,3,-1,-1,0,-2,0,1,-2,0,0
1842,resize,2,2,2,1,1,1,-1,0,4,0,-3,-3,-2,0,0,-4,2,1,-1,0,4,0,-3,-3,-2,0,0,-4
1843,resize,0,0,0,1,1,1,4,-3,-1,0,-2,-1,0,-1,0,0,0,1,4,-3,-1,0,-2,-1,0,-1,0,0
1844,resize,1,1,1,1,1,1,-3,4,-1,-3,0,-1,-3,1,-2,-1,1,1,-3,4,-1,-3,0,-1,-3,1,-2,-1
1845,resize,3,3,3,1,1,1,-3,-1,-1,6,-5,1,-3,-1,1,-1,3,1,-3,-1,-1,6,-5,1,-3,-1,1,-1
1846,resize,5,5,5,1,1,1,-1,-1,-2,1,-2,4,0,-2,1,0,5,1,-1,-1,-2,1,-2,4,0,-2,1,0
1847,resize,5,5,5,1,1,1,0,-2,-2,0,-2,4,1,-2,2,-1,5,1,0,-2,-2,0,-2,4,1,-2,2,-1
1848,resize,7,7,7,1,1,1,-2,0,0,1,-1,-1,-4,3,-1,-1,7,1,-2,0,0,1,-1,-1,-4,3,-1,-1
1849,resize,4,4,4,1,1,1,-3,-1,-2,-3,4,-2,-3,0,-2,0,4,1,-3,-1,-2,-3,4,-2,-3,0,-2,0
1850,resize,8,8,8,1,1,1,0,-2,-1,1,-2,0,-1,-2,4,0,8,1,0,-2,-1,1,-2,0,-1,-2,4,0
1851,resize,9,9,9,1,1,1,-2,-2,-3,-1,1,-2,-4,-1,-1,4,9,1,-2,-2,-3,-1,1,-2,-4,-1,-1,4
1852,resize,6,6,6,1,1,1,-1,-1,-3,-1,-1,2,4,-3,0,-2,6,1,-1,-1,-3,-1,-1,2,4,-3,0,-2
1853,resize,9,9,9,1,1,1,-1,-2,-3,-1,1,-2,-3,1,-1,4,9,1,-1,-2,-3,-1,1,-2,-3,1,-1,4
1854,resize,6,6,6,1,1,1,0,-2,-3,-2,-1,2,6,-3,1,-3,6,1,0,-2,-3,-2,-1,2,6,-3,1,-3
1855,resize,8,8,8,1,1,1,-1,0,0,0,-1,0,0,-1,2,-1,8,1,-1,0,0,0,-1,0,0,-1,2,-1
1856,resize,3,3,3,1,1,1,-3,0,1,4,-4,0,-3,0,0,-2,3,1,-3,0,1,4,-4,0,-3,0,0,-2
1857,resize,6,6,6,1,1,1,-1,-1,-1,-1,0,1,3,-1,1,-2,6,1,-1,-1,-1,-1,0,1,3,-1,1,-2
1858,resize,6,6,6,1,1,1,0,-1,-3,-2,-1,2,5,-3,1,-2,6,1,0,-1,-3,-2,-1,2,5,-3,1,-2
1859,resize,8,8,8,1,1,1,-1,-2,-1,-1,-1,-1,-1,-2,4,-1,8,1,-1,-2,-1,-1,-1,-1,-1,-2,4,-1
1860,resize,5,5,5,1,1,1,-1,-2,-2,0,-1,4,-1,-1,0,1,5,1,-1,-2,-2,0,-1,4,-1,-1,0,1
1861,resize,1,1,1,1,1,1,-3,3,-1,-2,0,-1,-2,0,-1,-1,1,1,-3,3,-1,-2,0,-1,-2,0,-1,-1
1862,resize,4,4,4,1,1,1,-2,0,0,-1,2,-1,-2,0,-1,0,4,1,-2,0,0,-1,2,-1,-2,0,-1,0
1863,resize,2,2,2,1,1,1,-1,1,5,1,-3,-3,-2,0,-1,-4,2,1,-1,1,5,1,-3,-3,-2,0,-1,-4
1864,resize,4,4,4,1,1,1,-4,0,-2,-4,5,-2,-4,-1,-3,0,4,1,-4,0,-2,-4,5,-2,-4,-1,-3,0
1865,resize,4,4,4,1,1,1,-2,0,-1,-1,2,-1,-2,1,-3,-2,4,1,-2,0,-1,-1,2,-1,-2,1,-3,-2
1866,resize,5,5,5,1,1,1,-2,-1,-3,-1,-2,6,1,-2,1,0,5,1,-2,-1,-3,-1,-2,6,1,-2,1,0
1867,resize,1,1,1,1,1,1,-3,4,-2,-3,0,0,-2,0,-1,0,1,1,-3,4,-2,-3,0,0,-2,0,-1,0
1868,resize,1,1,1,1,1,1,-2,3,1,-2,-1,-1,-2,0,-2,-3,1,1,-2,3,1,-2,-1,-1,-2,0,-2,-3
1869,resize,9,9,9,1,1,1,-2,-2,-3,0,0,0,-5,0,-3,4,9,1,-2,-2,-3,0,0,0,-5,0,-3,4
1870,resize,0,0,0,1,1,1,4,-2,-1,-1,-3,1,2,-2,0,-1,0,1,4,-2,-1,-1,-3,1,2,-2,0,-1
1871,resize,2,2,2,1,1,1,0,1,3,0,-2,-2,-1,0,0,-3,2,1,0,1,3,0,-2,-2,-1,0,0,-3
1872,resize,4,4,4,1,1,1,-4,0,-1,-3,5,-3,-4,0,-4,-1,4,1,-4,0,-1,-3,5,-3,-4,0,-4,-1
1873,resize,9,9,9,1,1,1,-1,-2,-2,1,-1,-2,-4,1,-1,3,9,1,-1,-2,-2,1,-1,-2,-4,1,-1,3
1874,resize,5,5,5,1,1,1,-1,-1,-2,0,-2,4,0,-1,-1,1,5,1,-1,-1,-2,0,-2,4,0,-1,-1,1
1875,resize,7,7,7,1,1,1,-2,0,1,0,0,-2,-5,4,-2,-1,7,1,-2,0,1,0,0,-2,-5,4,-2,-1
1876,resize,1,1,1,1,1,1,-3,4,-1,-3,-1,-1,-2,0,-2,-1,1,1,-3,4,-1,-3,-1,-1,-2,0,-2,-1
1877,resize,8,8,8,1,1,1,-1,-1,-2,0,-1,1,0,-2,3,0,8,1,-1,-1,-2,0,-1,1,0,-2,3,0
1878,resize,8,8,3,1,0,0,-1,-1,-1,2,-2,0,0,-1,2,-2,3,1,-1,-1,-1,2,-2,0,0,-1,2,-2
1879,resize,5,5,5,1,1,1,-2,-1,-2,0,-2,5,0,-2,0,1,5,1,-2,-1,-2,0,-2,5,0,-2,0,1
1880,resize,6,6,4,1,0,0,-1,0,-2,-2,2,-1,2,-1,-1,-1,4,1,-1,0,-2,-2,2,-1,2,-1,-1,-1
1881,resize,9,9,9,1,1,1,-2,-1,-3,-2,1,-2,-4,0,-1,4,9,1,-2,-1,-3,-2,1,-2,-4,0,-1,4
1882,resize,8,8,8,1,1,1,-2,-2,-1,1,-1,0,0,-2,4,0,8,1,-2,-2,-1,1,-1,0,0,-2,4,0
1883,resize,7,7,7,1,1,1,-1,0,1,0,-1,-1,-4,3,-1,0,7,1,-1,0,1,0,-1,-1,-4,3,-1,0
1884,resize,1,1,1,1,1,1,-3,4,-1,-3,-1,-1,-1,0,-1,-1,1,1,-3,4,-1,-3,-1,-1,-1,0,-1,-1
1885,resize,1,1,1,1,1,1,-2,3,-1,-3,-1,0,0,-1,1,-3,1,1,-2,3,-1,-3,-1,0,0,-1,1,-3
1886,resize,6,6,6,1,1,1,1,-2,-1,-2,-2,1,4,-4,1,-3,6,1,1,-2,-1,-2,-2,1,4,-4,1,-3
1887,resize,7,7,7,1,1,1,-2,0,-1,-1,0,-1,-4,3,-1,0,7,1,-2,0,-1,-1,0,-1,-4,3,-1,0
1888,resize,6,6,6,1,1,1,0,-1,-1,-2,-1,1,3,-2,1,-2,6,1,0,-1,-1,-2,-1,1,3,-2,1,-2
1889,resize,3,3,3,1,1,1,-4,0,-1,4,-3,2,-2,-1,0,-1,3,1,-4,0,-1,4,-3,2,-2,-1,0,-1
1890,resize,2,2,2,1,1,1,0,1,7,0,-4,-5,-3,0,-2,-6,2,1,0,1,7,0,-4,-5,-3,0,-2,-6
1891,resize,2,2,2,1,1,1,1,0,6,0,-3,-4,-2,0,-1,-3,2,1,1,0,6,0,-3,-4,-2,0,-1,-3
1892,resize,0,0,0,1,1,1,5,-2,0,-1,-3,0,1,-2,-1,-1,0,1,5,-2,0,-1,-3,0,1,-2,-1,-1
1893,resize,8,8,8,1,1,1,-1,-2,-2,0,-1,-1,-1,-3,6,-1,8,1,-1,-2,-2,0,-1,-1,-1,-3,6,-1
1894,resize,9,9,9,1,1,1,-2,-2,-2,-1,0,0,-3,-1,0,3,9,1,-2,-2,-2,-1,0,0,-3,-1,0,3
1895,resize,2,2,2,1,1,1,0,0,4,1,-2,-2,-1,0,0,-3,2,1,0,0,4,1,-2,-2,-1,0,0,-3
1896,resize,5,5,5,1,1,1,-3,-1,-2,0,-1,5,-2,-1,0,2,5,1,-3,-1,-2,0,-1,5,-2,-1,0,2
1897,resize,1,1,1,1,1,1,-3,4,-1,-3,-1,-1,-2,0,-1,-1,1,1,-3,4,-1,-3,-1,-1,-2,0,-1,-1
1898,resize,0,0,0,1,1,1,4,-2,-1,-1,-2,1,2,-2,-1,-1,0,1,4,-2,-1,-1,-2,1,2,-2,-1,-1
1899,resize,8,8,3,1,0,0,-2,0,-1,1,0,0,-1,0,1,-1,3,1,-2,0,-1,1,0,0,-1,0,1,-1
1900,resize,1,1,1,1,1,1,0,3,-1,-3,-1,-1,0,-2,-2,-1,1,1,0,3,-1,-3,-1,-1,0,-2,-2,-1
1901,resize,9,4,9,0,1,0,-2,-1,-2,-1,1,-1,-2,-1,1,2,9,1,-2,-1,-2,-1,1,-1,-2,-1,1,2
1902,resize,5,5,5,1,1,1,-2,-1,-2,1,-2,4,0,-1,0,1,5,1,-2,-1,-2,1,-2,4,0,-1,0,1
1903,resize,7,7,7,1,1,1,-3,1,1,0,0,-1,-2,2,-1,-2,7,1,-3,1,1,0,0,-1,-2,2,-1,-2
1904,resize,9,9,9,1,1,1,-2,-1,-3,-1,1,-1,-4,-1,-1,4,9,1,-2,-1,-3,-1,1,-1,-4,-1,-1,4
1905,resize,6,6,6,1,1,1,-2,-1,-3,-3,0,2,7,-4,-1,-5,6,1,-2,-1,-3,-3,0,2,7,-4,-1,-5
1906,resize,9,9,9,1,1,1,-2,-1,-2,-1,1,-1,-3,0,-1,3,9,1,-2,-1,-2,-1,1,-1,-3,0,-1,3
1907,resize,0,0,0,1,1,1,5,-2,-1,-2,-3,0,0,0,0,-2,0,1,5,-2,-1,-2,-3,0,0,0,0,-2
1908,resize,6,6,6,1,1,1,0,-1,-1,-2,-1,1,4,-3,0,-3,6,1,0,-1,-1,-2,-1,1,4,-3,0,-3
1909,resize,1,1,1,1,1,1,-1,3,0,-2,-2,-2,-2,1,-1,-2,1,1,-1,3,0,-2,-2,-2,-2,1,-1,-2
1910,resize,5,5,5,1,1,1,-2,-1,-2,0,-1,4,-1,-1,-1,2,5,1,-2,-1,-2,0,-1,4,-1,-1,-1,2
1911,resize,5,5,5,1,1,1,0,-1,-1,-1,-2,4,1,-1,1,0,5,1,0,-1,-1,-1,-2,4,1,-1,1,0
1912,resize,8,8,8,1,1,1,-1,-1,-2,0,-1,0,0,-2,4,-1,8,1,-1,-1,-2,0,-1,0,0,-2,4,-1
1913,resize,3,3,3,1,1,1,-2,-1,-1,4,-3,1,-3,-1,1,0,3,1,-2,-1,-1,4,-3,1,-3,-1,1,0
1914,resize,8,8,8,1,1,1,-1,-2,-2,-1,-2,2,1,-3,5,-1,8,1,-1,-2,-2,-1,-2,2,1,-3,5,-1
1915,resize,2,2,2,1,1,1,1,0,5,0,-4,-3,-3,1,-1,-4,2,1,1,0,5,0,-4,-3,-3,1,-1,-4
1916,resize,6,6,6,1,1,1,0,-2,-2,-2,-2,2,5,-4,1,-3,6,1,0,-2,-2,-2,-2,2,5,-4,1,-3
1917,resize,5,5,5,1,1,1,-1,-1,-1,0,-2,4,0,-1,0,1,5,1,-1,-1,-1,0,-2,4,0,-1,0,1
1918,resize,0,0,0,1,1,1,5,-2,-2,-2,-3,-1,0,-1,0,-1,0,1,5,-2,-2,-2,-3,-1,0,-1,0,-1
1919,resize,7,7,7,1,1,1,-2,0,1,0,-1,-1,-4,3,-1,-1,7,1,-2,0,1,0,-1,-1,-4,3,-1,-1
1920,resize,4,4,4,1,1,1,-2,0,-1,-2,2,-2,-3,0,-2,1,4,1,-2,0,-1,-2,2,-2,-3,0,-2,1
1921,resize,6,6,6,1,1,1,0,-2,-4,-3,0,1,7,-4,-1,-4,6,1,0,-2,-4,-3,0,1,7,-4,-1,-4
1922,resize,1,1,1,1,1,1,-2,4,-1,-3,-1,-1,-1,0,-1,-1,1,1,-2,4,-1,-3,-1,-1,-1,0,-1,-1
1923,resize,3,3,3,1,1,1,-4,0,0,6,-4,1,-3,-1,0,-2,3,1,-4,0,0,6,-4,1,-3,-1,0,-2
1924,resize,4,4,4,1,1,1,-3,-1,-1,-4,4,-2,-4,0,0,2,4,1,-3,-1,-1,-4,4,-2,-4,0,0,2
1925,resize,7,7,7,1,1,1,-2,1,0,0,0,-1,-4,3,-1,0,7,1,-2,1,0,0,0,-1,-4,3,-1,0
1926,resize,3,3,3,1,1,1,-4,-1,-1,4,-2,1,-3,0,0,-1,3,1,-4,-1,-1,4,-2,1,-3,0,0,-1
1927,resize,2,2,2,1,1,1,-1,1,5,1,-3,-3,-2,1,-1,-5,2,1,-1,1,5,1,-3,-3,-2,1,-1,-5
1928,resize,3,3,3,1,1,1,-4,0,0,5,-4,1,-2,0,0,-2,3,1,-4,0,0,5,-4,1,-2,0,0,-2
1929,resize,4,4,4,1,1,1,-3,0,-1,-3,4,-3,-3,0,-3,0,4,1,-3,0,-1,-3,4,-3,-3,0,-3,0
1930,resize,2,2,2,1,1,1,-2,2,5,-2,0,-3,-3,0,-3,-5,2,1,-2,2,5,-2,0,-3,-3,0,-3,-5
1931,resize,5,5,5,1,1,1,-3,0,-3,1,-2,5,-1,0,0,0,5,1,-3,0,-3,1,-2,5,-1,0,0,0
1932,resize,2,2,2,1,1,1,0,1,6,0,-3,-3,-3,1,-2,-5,2,1,0,1,6,0,-3,-3,-3,1,-2,-5
1933,resize,7,7,7,1,1,1,-3,1,1,0,0,-2,-4,3,-2,-2,7,1,-3,1,1,0,0,-2,-4,3,-2,-2
1934,resize,1,1,1,1,1,1,-3,4,-1,-3,0,-1,-2,0,-2,0,1,1,-3,4,-1,-3,0,-1,-2,0,-2,0
1935,resize,7,7,7,1,1,1,-2,0,-1,1,-1,-1,-5,4,-1,0,7,1,-2,0,-1,1,-1,-1,-5,4,-1,0
1936,resize,2,2,2,1,1,1,0,0,4,0,-3,-3,-2,0,-1,-3,2,1,0,0,4,0,-3,-3,-2,0,-1,-3
1937,resize,6,6,6,1,1,1,0,-1,-3,-2,-1,2,4,-3,1,-1,6,1,0,-1,-3,-2,-1,2,4,-3,1,-1
1938,resize,4,4,4,1,1,1,0,-1,-2,-2,3,-1,0,0,-2,1,4,1,0,-1,-2,-2,3,-1,0,0,-2,1
1939,resize,1,1,1,1,1,1,-3,4,-1,-3,0,-1,-2,0,-2,0,1,1,-3,4,-1,-3,0,-1,-2,0,-2,0
1940,resize,5,5,5,1,1,1,-1,0,-2,-2,-1,4,1,-1,1,-1,5,1,-1,0,-2,-2,-1,4,1,-1,1,-1
1941,resize,7,7,1,1,0,0,-2,1,1,0,0,-1,-2,1,0,-1,1,1,-2,1,1,0,0,-1,-2,1,0,-1
1942,resize,8,8,8,1,1,1,-1,-1,0,0,-1,0,-1,-2,3,-1,8,1,-1,-1,0,0,-1,0,-1,-2,3,-1
1943,resize,6,6,6,1,1,1,0,-1,-3,-2,-2,1,4,-3,1,-2,6,1,0,-1,-3,-2,-2,1,4,-3,1,-2
1944,resize,0,0,0,1,1,1,5,-3,-2,0,-2,-1,0,0,0,0,0,1,5,-3,-2,0,-2,-1,0,0,0,0
1945,resize,1,1,1,1,1,1,-1,3,0,-2,-2,-1,-1,0,0,-3,1,1,-1,3,0,-2,-2,-1,-1,0,0,-3
1946,resize,8,8,8,1,1,1,0,-2,-1,1,-3,0,0,-3,5,-1,8,1,0,-2,-1,1,-3,0,0,-3,5,-1
1947,resize,2,2,2,1,1,1,-1,1,5,0,-2,-2,-2,1,-1,-4,2,1,-1,1,5,0,-2,-2,-2,1,-1,-4
1948,resize,5,5,5,1,1,1,-1,0,-1,0,-2,3,0,-1,1,0,5,1,-1,0,-1,0,-2,3,0,-1,1,0
1949,resize,7,7,7,1,1,1,-1,-1,0,1,-1,-1,-4,3,-1,0,7,1,-1,-1,0,1,-1,-1,-4,3,-1,0
1950,resize,7,7,7,1,1,1,-2,0,0,0,0,-1,-5,4,-1,0,7,1,-2,0,0,0,0,-1,-5,4,-1,0
1951,resize,6,6,6,1,1,1,-1,-1,-3,-2,0,1,4,-3,-2,-2,6,1,-1,-1,-3,-2,0,1,4,-3,-2,-2
1952,resize,9,9,9,1,1,1,-1,-1,-1,1,-1,1,-2,-2,0,2,9,1,-1,-1,-1,1,-1,1,-2,-2,0,2
1953,resize,3,3,3,1,1,1,-2,-1,-2,4,-3,1,-2,-1,1,0,3,1,-2,-1,-2,4,-3,1,-2,-1,1,0
1954,resize,5,5,5,1,1,1,-1,-1,-1,0,-2,3,0,-1,0,1,5,1,-1,-1,-1,0,-2,3,0,-1,0,1
1955,resize,8,8,8,1,1,1,-1,0,1,0,-2,-1,-1,-2,4,-1,8,1,-1,0,1,0,-2,-1,-1,-2,4,-1
1956,resize,4,4,4,1,1,1,-1,0,-1,-2,3,-2,-2,0,-2,1,4,1,-1,0,-1,-2,3,-2,-2,0,-2,1
1957,resize,2,2,2,1,1,1,-1,1,6,-1,-2,-3,-2,0,-3,-5,2,1,-1,1,6,-1,-2,-3,-2,0,-3,-5
1958,resize,4,4,4,1,1,1,-4,-1,-1,-3,5,-2,-5,0,-3,0,4,1,-4,-1,-1,-3,5,-2,-5,0,-3,0
1959,resize,0,0,0,1,1,1,4,-2,0,-1,-2,-1,0,-1,-2,0,0,1,4,-2,0,-1,-2,-1,0,-1,-2,0
1960,resize,8,8,8,1,1,1,-2,-2,-1,-1,-2,1,0,-3,4,0,8,1,-2,-2,-1,-1,-2,1,0,-3,4,0
1961,resize,8,8,8,1,1,1,-1,-1,-1,1,-2,-1,-1,-3,4,-1,8,1,-1,-1,-1,1,-2,-1,-1,-3,4,-1
1962,resize,3,3,3,1,1,1,-4,-1,-1,7,-5,1,-4,-1,1,-1,3,1,-4,-1,-1,7,-5,1,-4,-1,1,-1
1963,resize,4,4,4,1,1,1,-2,-1,-1,-1,2,-1,-3,0,-2,2,4,1,-2,-1,-1,-1,2,-1,-3,0,-2,2
1964,resize,9,9,9,1,1,1,-2,-1,-3,-1,0,-1,-3,-1,-1,4,9,1,-2,-1,-3,-1,0,-1,-3,-1,-1,4
1965,resize,2,2,2,1,1,1,0,0,3,0,-1,-2,-1,0,-1,-2,2,1,0,0,3,0,-1,-2,-1,0,-1,-2
1966,resize,7,7,7,1,1,1,-3,-1,0,0,0,-2,-6,5,-1,0,7,1,-3,-1,0,0,0,-2,-6,5,-1,0
1967,resize,5,5,5,1,1,1,-2,-1,-2,-1,-2,6,0,-1,0,1,5,1,-2,-1,-2,-1,-2,6,0,-1,0,1
1968,resize,8,9,8,0,1,0,-2,0,-1,-1,0,-1,-1,-1,1,1,8,1,-2,0,-1,-1,0,-1,-1,-1,1,1
1969,resize,6,6,6,1,1,1,2,-1,-2,-2,-1,0,3,-2,0,-1,6,1,2,-1,-2,-2,-1,0,3,-2,0,-1
1970,resize,5,5,5,1,1,1,-2,-2,-2,1,-3,6,-2,-1,-1,2,5,1,-2,-2,-2,1,-3,6,-2,-1,-1,2
1971,resize,6,6,6,1,1,1,0,-2,-3,-3,-1,2,5,-4,1,-1,6,1,0,-2,-3,-3,-1,2,5,-4,1,-1
1972,resize,0,0,0,1,1,1,4,-2,-1,-1,-2,0,1,-1,-1,-1,0,1,4,-2,-1,-1,-2,0,1,-1,-1,-1
1973,resize,8,8,8,1,1,1,-2,-1,-1,1,-2,2,1,-2,4,-2,8,1,-2,-1,-1,1,-2,2,1,-2,4,-2
1974,resize,6,6,6,1,1,1,0,-1,-3,-2,0,1,5,-3,0,-2,6,1,0,-1,-3,-2,0,1,5,-3,0,-2
1975,resize,7,7,7,1,1,1,-2,0,0,0,0,-1,-4,3,-1,0,7,1,-2,0,0,0,0,-1,-4,3,-1,0
1976,resize,3,3,3,1,1,1,-2,-1,-2,4,-3,2,-3,-1,0,0,3,1,-2,-1,-2,4,-3,2,-3,-1,0,0
1977,resize,6,6,6,1,1,1,0,-2,-2,-2,-1,2,5,-2,0,-3,6,1,0,-2,-2,-2,-1,2,5,-2,0,-3
1978,resize,4,4,4,1,1,1,-4,-1,-2,-3,5,-1,-3,0,-2,-1,4,1,-4,-1,-2,-3,5,-1,-3,0,-2,-1
1979,resize,9,9,9,1,1,1,0,-2,-2,0,0,-1,-2,1,-1,3,9,1,0,-2,-2,0,0,-1,-2,1,-1,3
1980,resize,4,4,4,1,1,1,-3,-1,-2,-2,4,-2,-2,-1,-2,-1,4,1,-3,-1,-2,-2,4,-2,-2,-1,-2,-1
1981,resize,6,6,6,1,1,1,-1,0,-2,-2,0,0,3,-1,0,0,6,1,-1,0,-2,-2,0,0,3,-1,0,0
1982,resize,6,6,5,1,0,0,0,-1,-2,-2,-1,3,3,-3,1,-2,5,1,0,-1,-2,-2,-1,3,3,-3,1,-2
1983,resize,3,3,3,1,1,1,-4,0,-1,6,-4,1,-3,-1,0,-2,3,1,-4,0,-1,6,-4,1,-3,-1,0,-2
1984,resize,2,2,2,1,1,1,0,0,4,-1,-2,-2,-1,0,-1,-2,2,1,0,0,4,-1,-2,-2,-1,0,-1,-2
1985,resize,4,4,4,1,1,1,-3,0,-1,-2,4,-2,-2,-1,-2,-1,4,1,-3,0,-1,-2,4,-2,-2,-1,-2,-1
1986,resize,1,1,1,1,1,1,-3,3,-1,-3,0,-1,-2,0,-1,0,1,1,-3,3,-1,-3,0,-1,-2,0,-1,0
1987,resize,0,0,0,1,1,1,4,-3,-2,0,-1,-1,0,-1,0,1,0,1,4,-3,-2,0,-1,-1,0,-1,0,1
1988,resize,1,1,1,1,1,1,-3,4,-1,-3,-1,-2,-2,0,-2,0,1,1,-3,4,-1,-3,-1,-2,-2,0,-2,0
1989,resize,4,4,4,1,1,1,-1,0,-1,-2,2,-1,-2,0,-3,1,4,1,-1,0,-1,-2,2,-1,-2,0,-3,1
1990,resize,6,6,6,1,1,1,1,-1,-3,-3,1,0,4,-2,-2,-2,6,1,1,-1,-3,-3,1,0,4,-2,-2,-2
1991,resize,2,2,2,1,1,1,0,0,6,0,-3,-4,-2,1,-1,-5,2,1,0,0,6,0,-3,-4,-2,1,-1,-5
1992,resize,9,9,9,1,1,1,-2,-2,-3,-1,0,-2,-4,-1,0,4,9,1,-2,-2,-3,-1,0,-2,-4,-1,0,4
1993,resize,1,1,1,1,1,1,-2,4,-1,-3,-2,-1,-2,1,-1,-3,1,1,-2,4,-1,-3,-2,-1,-2,1,-1,-3
1994,resize,1,1,1,1,1,1,-3,4,-2,-2,0,-1,-3,0,-1,1,1,1,-3,4,-2,-2,0,-1,-3,0,-1,1
1995,resize,0,0,0,1,1,1,4,-2,0,0,-3,-1,-1,-2,-1,0,0,1,4,-2,0,0,-3,-1,-1,-2,-1,0
1996,resize,6,6,6,1,1,1,0,-2,-3,-3,-1,2,5,-3,2,-1,6,1,0,-2,-3,-3,-1,2,5,-3,2,-1
1997,resize,3,3,3,1,1,1,-3,0,-1,6,-4,1,-3,-1,0,-1,3,1,-3,0,-1,6,-4,1,-3,-1,0,-1
1998,resize,9,9,9,1,1,1,-1,-2,-2,-1,1,-1,-4,0,-1,4,9,1,-1,-2,-2,-1,1,-1,-4,0,-1,4
1999,resize,5,5,5,1,1,1,-2,-2,-2,2,-3,5,-2,-1,0,2,5,1,-2,-2,-2,2,-3,5,-2,-1,0,2
2000,resize,6,6,6,1,1,1,-1,-1,0,-2,-2,1,4,-3,1,-3,6,1,-1,-1,0,-2,-2,1,4,-3,1,-3
2001,resize,5,5,5,1,1,1,-1,-1,-1,-2,-1,4,1,-1,1,0,5,1,-1,-1,-1,-2,-1,4,1,-1,1,0
2002,resize,6,6,6,1,1,1,0,-1,-3,-2,-1,1,4,-3,0,-2,6,1,0,-1,-3,-2,-1,1,4,-3,0,-2
2003,resize,5,5,5,1,1,1,-2,-2,-3,0,-1,4,0,-2,0,2,5,1,-2,-2,-3,0,-1,4,0,-2,0,2
2004,resize,8,8,8,1,1,1,-1,-1,-1,0,-1,1,0,-2,3,0,8,1,-1,-1,-1,0,-1,1,0,-2,3,0
2005,resize,4,4,4,1,1,1,-1,-1,-1,-2,3,-2,-2,0,-1,1,4,1,-1,-1,-1,-2,3,-2,-2,0,-1,1
2006,resize,6,6,6,1,1,1,0,-1,-3,-1,0,1,4,-2,0,-1,6,1,0,-1,-3,-1,0,1,4,-2,0,-1
2007,resize,4,4,4,1,1,1,-5,0,-2,-4,6,-2,-4,-1,-3,-1,4,1,-5,0,-2,-4,6,-2,-4,-1,-3,-1
2008,resize,3,3,3,1,1,1,-3,0,0,4,-3,1,-2,0,0,-2,3,1,-3,0,0,4,-3,1,-2,0,0,-2
2009,resize,9,9,9,1,1,1,1,-2,-2,1,-1,-1,-2,0,0,2,9,1,1,-2,-2,1,-1,-1,-2,0,0,2
2010,resize,1,1,1,1,1,1,-3,4,-2,-3,1,-1,-2,0,-1,0,1,1,-3,4,-2,-3,1,-1,-2,0,-1,0
2011,resize,3,3,3,1,1,1,-3,0,-1,4,-3,1,-3,0,0,-1,3,1,-3,0,-1,4,-3,1,-3,0,0,-1
2012,resize,4,4,4,1,1,1,-5,0,-2,-5,5,-2,-4,-1,-2,1,4,1,-5,0,-2,-5,5,-2,-4,-1,-2,1
2013,resize,1,1,1,1,1,1,-4,4,-2,-3,1,-1,-2,0,-2,0,1,1,-4,4,-2,-3,1,-1,-2,0,-2,0
2014,resize,9,9,9,1,1,1,-1,-2,-2,0,0,-1,-4,0,-1,4,9,1,-1,-2,-2,0,0,-1,-4,0,-1,4
2015,resize,1,1,1,1,1,1,-3,4,-1,-3,0,-1,-2,1,-2,-1,1,1,-3,4,-1,-3,0,-1,-2,1,-2,-1
2016,resize,7,7,7,1,1,1,-3,1,2,0,0,-3,-4,3,-2,-3,7,1,-3,1,2,0,0,-3,-4,3,-2,-3
2017,resize,1,1,1,1,1,1,-2,3,-2,-2,0,0,-2,0,-1,1,1,1,-2,3,-2,-2,0,0,-2,0,-1,1
2018,resize,1,1,0,1,0,0,1,1,1,0,-2,-2,-2,0,0,-2,0,1,1,1,1,0,-2,-2,-2,0,0,-2
2019,resize,9,9,9,1,1,1,-1,-2,-2,0,0,0,-4,0,-2,4,9,1,-1,-2,-2,0,0,0,-4,0,-2,4
2020,resize,3,3,3,1,1,1,-3,-1,-2,5,-4,2,-3,-1,0,0,3,1,-3,-1,-2,5,-4,2,-3,-1,0,0
2021,resize,5,5,5,1,1,1,-1,-1,-1,0,-2,5,0,-1,0,1,5,1,-1,-1,-1,0,-2,5,0,-1,0,1
2022,resize,4,4,4,1,1,1,-3,0,-2,-3,4,-1,-2,-1,-1,0,4,1,-3,0,-2,-3,4,-1,-2,-1,-1,0
2023,resize,0,0,0,1,1,1,3,-2,-1,-1,-2,1,2,-2,-1,0,0,1,3,-2,-1,-1,-2,1,2,-2,-1,0
2024,resize,7,7,7,1,1,1,-1,0,-1,-1,0,-1,-3,2,-1,1,7,1,-1,0,-1,-1,0,-1,-3,2,-1,1
2025,resize,3,3,3,1,1,1,-3,-1,-1,4,-2,1,-1,-1,1,-2,3,1,-3,-1,-1,4,-2,1,-1,-1,1,-2
2026,resize,6,6,6,1,1,1,0,-1,-3,-2,0,2,5,-3,-1,-3,6,1,0,-1,-3,-2,0,2,5,-3,-1,-3
2027,resize,1,1,1,1,1,1,-3,4,-2,-3,0,1,-1,-1,-1,0,1,1,-3,4,-2,-3,0,1,-1,-1,-1,0
2028,resize,7,7,7,1,1,1,-3,1,-1,-1,0,-1,-4,3,-1,0,7,1,-3,1,-1,-1,0,-1,-4,3,-1,0
2029,resize,5,5,5,1,1,1,-1,-1,-2,-1,-1,4,0,-1,0,0,5,1,-1,-1,-2,-1,-1,4,0,-1,0,0
2030,resize,5,5,5,1,1,1,-2,0,-1,-1,-2,4,1,-2,2,0,5,1,-2,0,-1,-1,-2,4,1,-2,2,0
2031,resize,3,3,3,1,1,1,-5,-1,-1,7,-5,2,-4,0,1,-1,3,1,-5,-1,-1,7,-5,2,-4,0,1,-1
2032,resize,3,3,3,1,1,1,-4,0,0,5,-4,1,-3,0,0,-2,3,1,-4,0,0,5,-4,1,-3,0,0,-2
2033,resize,0,0,0,1,1,1,3,-2,0,-1,-1,-2,-1,0,0,0,0,1,3,-2,0,-1,-1,-2,-1,0,0,0
2034,resize,1,1,1,1,1,1,-3,3,-1,-3,0,-1,-2,0,-1,0,1,1,-3,3,-1,-3,0,-1,-2,0,-1,0
2035,resize,5,3,3,0,0,1,-2,-1,-1,4,-3,2,-2,-1,0,0,3,1,-2,-1,-1,4,-3,2,-2,-1,0,0
2036,resize,7,7,7,1,1,1,-2,0,0,0,0,-2,-5,4,-1,0,7,1,-2,0,0,0,0,-2,-5,4,-1,0
2037,resize,5,5,5,1,1,1,-2,-1,-2,0,-2,5,-1,-1,-1,1,5,1,-2,-1,-2,0,-2,5,-1,-1,-1,1
2038,resize,8,8,8,1,1,1,-1,-1,-1,1,-2,0,-1,-2,3,0,8,1,-1,-1,-1,1,-2,0,-1,-2,3,0
2039,resize,6,6,6,1,1,1,-1,-1,-4,-3,-1,1,6,-3,1,-2,6,1,-1,-1,-4,-3,-1,1,6,-3,1,-2
2040,resize,5,5,5,1,1,1,0,-1,-2,-2,-2,3,2,-3,2,-1,5,1,0,-1,-2,-2,-2,3,2,-3,2,-1
2041,resize,1,1,1,1,1,1,-3,4,-1,-3,0,-1,-2,0,-1,0,1,1,-3,4,-1,-3,0,-1,-2,0,-1,0
2042,resize,0,0,0,1,1,1,6,-3,-1,-2,-3,-1,-1,0,-1,-1,0,1,6,-3,-1,-2,-3,-1,-1,0,-1,-1
2043,resize,4,4,4,1,1,1,-4,-1,-3,-3,3,-1,-2,-2,1,1,4,1,-4,-1,-3,-3,3,-1,-2,-2,1,1
2044,resize,2,2,2,1,1,1,1,0,4,0,-3,-2,-2,0,0,-3,2,1,1,0,4,0,-3,-2,-2,0,0,-3
2045,resize,3,3,3,1,1,1,-5,-1,-1,6,-5,2,-3,-1,0,-2,3,1,-5,-1,-1,6,-5,2,-3,-1,0,-2
2046,resize,4,4,4,1,1,1,-5,-1,-2,-4,5,-2,-4,-1,-2,-1,4,1,-5,-1,-2,-4,5,-2,-4,-1,-2,-1
2047,resize,6,6,6,1,1,1,1,-2,-3,-2,-1,2,4,-3,1,-1,6,1,1,-2,-3,-2,-1,2,4,-3,1,-1
2048,resize,7,7,7,1,1,1,-2,0,0,0,0,-2,-4,3,-1,0,7,1,-2,0,0,0,0,-2,-4,3,-1,0
2049,resize,9,9,9,1,1,1,-1,-1,-2,0,0,-1,-1,-1,0,3,9,1,-1,-1,-2,0,0,-1,-1,-1,0,3
2050,resize,8,8,8,1,1,1,-1,-1,-1,0,-1,-1,-2,-2,3,0,8,1,-1,-1,-1,0,-1,-1,-2,-2,3,0
2051,resize,1,1,1,1,1,1,-2,4,-2,-4,-1,-1,-1,-1,-1,-2,1,1,-2,4,-2,-4,-1,-1,-1,-1,-1,-2
2052,resize,8,8,8,1,1,1,-2,-1,1,-1,0,-1,-1,-2,3,0,8,1,-2,-1,1,-1,0,-1,-1,-2,3,0
2053,resize,4,4,4,1,1,1,-4,-1,-3,-2,3,-2,-3,0,-1,1,4,1,-4,-1,-3,-2,3,-2,-3,0,-1,1
2054,resize,9,9,9,1,1,1,-2,-2,-2,0,1,-1,-4,0,0,3,9,1,-2,-2,-2,0,1,-1,-4,0,0,3
2055,resize,2,2,2,1,1,1,-1,1,3,0,-2,-2,-2,1,-1,-3,2,1,-1,1,3,0,-2,-2,-2,1,-1,-3
2056,resize,8,8,8,1,1,1,-1,-2,-2,1,-2,0,0,-3,4,-1,8,1,-1,-2,-2,1,-2,0,0,-3,4,-1
2057,resize,6,6,6,1,1,1,-1,-2,-4,-2,0,1,5,-2,-1,-2,6,1,-1,-2,-4,-2,0,1,5,-2,-1,-2
2058,resize,2,2,2,1,1,1,0,0,3,1,-3,-2,-2,1,-1,-3,2,1,0,0,3,1,-3,-2,-2,1,-1,-3
2059,resize,7,7,7,1,1,1,-2,1,0,0,-1,-1,-3,3,-1,0,7,1,-2,1,0,0,-1,-1,-3,3,-1,0
2060,resize,0,0,0,1,1,1,3,-2,-2,0,-2,1,2,-1,0,-1,0,1,3,-2,-2,0,-2,1,2,-1,0,-1
2061,resize,0,0,0,1,1,1,5,-2,-1,-1,-2,0,1,-1,-1,0,0,1,5,-2,-1,-1,-2,0,1,-1,-1,0
2062,resize,6,6,6,1,1,1,-2,-1,-2,-3,0,1,7,-3,0,-4,6,1,-2,-1,-2,-3,0,1,7,-3,0,-4
2063,resize,7,7,7,1,1,1,-3,1,0,0,0,-1,-2,2,-2,-1,7,1,-3,1,0,0,0,-1,-2,2,-2,-1
2064,resize,5,5,5,1,1,1,-2,-1,-2,0,-2,5,0,-1,0,1,5,1,-2,-1,-2,0,-2,5,0,-1,0,1
2065,resize,8,8,8,1,1,1,-1,-1,-2,0,-1,0,0,-3,4,0,8,1,-1,-1,-2,0,-1,0,0,-3,4,0
2066,resize,6,6,6,1,1,1,0,-1,-3,-1,-1,1,4,-3,1,-3,6,1,0,-1,-3,-1,-1,1,4,-3,1,-3
2067,resize,0,0,0,1,1,1,4,-2,0,-2,-2,-2,1,-2,0,-1,0,1,4,-2,0,-2,-2,-2,1,-2,0,-1
2068,resize,9,9,9,1,1,1,-3,-2,-2,-3,2,-3,-4,0,-1,5,9,1,-3,-2,-2,-3,2,-3,-4,0,-1,5
2069,resize,3,3,3,1,1,1,-3,0,-1,6,-4,2,-3,-1,0,-1,3,1,-3,0,-1,6,-4,2,-3,-1,0,-1
2070,resize,7,7,7,1,1,1,0,0,0,-1,-1,-1,-2,2,-1,-1,7,1,0,0,0,-1,-1,-1,-2,2,-1,-1
2071,resize,1,1,1,1,1,1,-2,3,-1,-2,-1,-1,-2,-1,0,0,1,1,-2,3,-1,-2,-1,-1,-2,-1,0,0
2072,resize,3,3,3,1,1,1,-4,0,0,6,-4,1,-3,-1,0,-1,3,1,-4,0,0,6,-4,1,-3,-1,0,-1
2073,resize,5,5,5,1,1,1,1,-2,-2,-1,-2,4,2,-2,0,0,5,1,1,-2,-2,-1,-2,4,2,-2,0,0
2074,resize,4,4,4,1,1,1,-3,0,-1,-2,4,-1,-2,0,-2,-2,4,1,-3,0,-1,-2,4,-1,-2,0,-2,-2
2075,resize,3,3,3,1,1,1,-4,0,-1,5,-4,1,-2,-1,1,-2,3,1,-4,0,-1,5,-4,1,-2,-1,1,-2
2076,resize,3,3,3,1,1,1,-4,0,0,5,-4,1,-2,-1,1,-2,3,1,-4,0,0,5,-4,1,-2,-1,1,-2
2077,resize,5,5,5,1,1,1,-3,-2,-2,1,-2,6,-2,-2,0,2,5,1,-3,-2,-2,1,-2,6,-2,-2,0,2
2078,resize,5,5,5,1,1,1,-3,-3,-5,0,-2,7,-1,-3,0,3,5,1,-3,-3,-5,0,-2,7,-1,-3,0,3
2079,resize,6,6,6,1,1,1,0,-1,-2,-2,-1,1,4,-3,0,-2,6,1,0,-1,-2,-2,-1,1,4,-3,0,-2
2080,resize,3,3,3,1,1,1,-3,-1,-1,6,-5,2,-3,-1,1,-1,3,1,-3,-1,-1,6,-5,2,-3,-1,1,-1
2081,resize,0,0,0,1,1,1,6,-2,-1,-2,-3,-1,1,-2,-1,-1,0,1,6,-2,-1,-2,-3,-1,1,-2,-1,-1
2082,resize,2,2,2,1,1,1,0,1,5,0,-3,-3,-2,1,-1,-4,2,1,0,1,5,0,-3,-3,-2,1,-1,-4
2083,resize,3,3,3,1,1,1,-4,0,0,6,-4,1,-3,0,0,-2,3,1,-4,0,0,6,-4,1,-3,0,0,-2
2084,resize,4,4,4,1,1,1,-4,-1,-1,-2,3,-1,-3,0,-1,1,4,1,-4,-1,-1,-2,3,-1,-3,0,-1,1
2085,resize,2,2,2,1,1,1,1,0,5,0,-4,-4,-3,1,-1,-3,2,1,1,0,5,0,-4,-4,-3,1,-1,-3
2086,resize,3,3,3,1,1,1,-2,-1,-1,6,-5,1,-3,-1,1,0,3,1,-2,-1,-1,6,-5,1,-3,-1,1,0
2087,resize,0,0,0,1,1,1,5,-3,-1,-2,-2,-1,1,-2,-1,-1,0,1,5,-3,-1,-2,-2,-1,1,-2,-1,-1
2088,resize,9,9,9,1,1,1,-1,-2,-1,0,-1,-1,-4,0,-1,4,9,1,-1,-2,-1,0,-1,-1,-4,0,-1,4
2089,resize,9,9,9,1,1,1,-2,-1,-3,-1,1,-1,-4,0,-1,4,9,1,-2,-1,-3,-1,1,-1,-4,0,-1,4
2090,resize,4,4,4,1,1,1,-2,1,-1,-2,2,-2,-2,1,-2,0,4,1,-2,1,-1,-2,2,-2,-2,1,-2,0
2091,resize,7,7,7,1,1,1,-2,-1,-1,1,-1,0,-5,3,-1,0,7,1,-2,-1,-1,1,-1,0,-5,3,-1,0
2092,resize,2,2,2,1,1,1,0,0,6,0,-4,-4,-2,0,-1,-6,2,1,0,0,6,0,-4,-4,-2,0,-1,-6
2093,resize,8,8,8,1,1,1,-1,0,1,0,-2,-1,0,-2,2,-1,8,1,-1,0,1,0,-2,-1,0,-2,2,-1
2094,resize,4,4,4,1,1,1,-3,0,-2,-3,4,-2,-3,-1,-2,1,4,1,-3,0,-2,-3,4,-2,-3,-1,-2,1
2095,resize,7,7,7,1,1,1,-3,1,1,1,-1,-2,-4,4,-2,-2,7,1,-3,1,1,1,-1,-2,-4,4,-2,-2
2096,resize,0,0,0,1,1,1,5,-2,-1,-1,-2,-1,0,-1,-2,0,0,1,5,-2,-1,-1,-2,-1,0,-1,-2,0
2097,resize,6,6,6,1,1,1,1,-1,-3,-2,-1,1,4,-2,0,-1,6,1,1,-1,-3,-2,-1,1,4,-2,0,-1
2098,resize,2,2,2,1,1,1,2,-2,3,1,-3,-2,-2,0,1,0,2,1,2,-2,3,1,-3,-2,-2,0,1,0
2099,resize,8,8,8,1,1,1,-3,-1,-1,-1,0,1,0,-1,3,1,8,1,-3,-1,-1,-1,0,1,0,-1,3,1
2100,resize,5,5,5,1,1,1,-3,0,-2,1,-2,5,-1,-1,1,1,5,1,-3,0,-2,1,-2,5,-1,-1,1,1
2101,resize,2,2,2,1,1,1,-1,1,6,1,-3,-3,-3,2,-2,-5,2,1,-1,1,6,1,-3,-3,-3,2,-2,-5
2102,resize,8,8,8,1,1,1,0,-2,-2,0,-3,0,-1,-3,5,-1,8,1,0,-2,-2,0,-3,0,-1,-3,5,-1
2103,resize,5,5,5,1,1,1,-2,-1,-2,-1,-1,5,0,-2,2,1,5,1,-2,-1,-2,-1,-1,5,0,-2,2,1
2104,resize,7,7,7,1,1,1,-1,0,1,0,-1,-2,-4,4,-1,0,7,1,-1,0,1,0,-1,-2,-4,4,-1,0
2105,resize,3,3,3,1,1,1,-3,-1,-2,3,-2,1,-2,-2,2,1,3,1,-3,-1,-2,3,-2,1,-2,-2,2,1
2106,resize,0,0,0,1,1,1,4,-3,0,-1,-3,-1,0,0,0,0,0,1,4,-3,0,-1,-3,-1,0,0,0,0
2107,resize,8,8,8,1,1,1,-1,-2,-1,-1,-2,1,0,-2,3,0,8,1,-1,-2,-1,-1,-2,1,0,-2,3,0
2108,resize,2,2,2,1,1,1,1,0,5,1,-4,-4,-2,0,0,-4,2,1,1,0,5,1,-4,-4,-2,0,0,-4
2109,resize,3,7,7,0,0,1,-2,0,0,0,0,0,-2,1,0,0,7,1,-2,0,0,0,0,0,-2,1,0,0
2110,resize,2,2,2,1,1,1,-1,0,5,0,-4,-3,-2,0,1,-4,2,1,-1,0,5,0,-4,-3,-2,0,1,-4
2111,resize,8,8,8,1,1,1,-1,-1,-2,-1,-2,1,0,-4,5,-1,8,1,-1,-1,-2,-1,-2,1,0,-4,5,-1
2112,resize,2,2,2,1,1,1,-1,0,4,1,-3,-3,-1,0,-1,-4,2,1,-1,0,4,1,-3,-3,-1,0,-1,-4
2113,resize,5,5,5,1,1,1,-3,0,-2,2,-3,4,-1,-2,1,0,5,1,-3,0,-2,2,-3,4,-1,-2,1,0
2114,resize,5,5,5,1,1,1,-2,-1,-3,1,-2,6,-1,-2,0,1,5,1,-2,-1,-3,1,-2,6,-1,-2,0,1
2115,resize,7,7,7,1,1,1,-2,-1,-2,-1,0,-1,-6,5,-2,0,7,1,-2,-1,-2,-1,0,-1,-6,5,-2,0
2116,resize,6,6,6,1,1,1,0,-2,-2,-2,-2,2,5,-4,2,-1,6,1,0,-2,-2,-2,-2,2,5,-4,2,-1
2117,resize,4,4,4,1,1,1,-2,0,-1,-3,4,-2,-2,-1,-3,-1,4,1,-2,0,-1,-3,4,-2,-2,-1,-3,-1
2118,resize,6,6,6,1,1,1,1,0,-2,-1,0,1,2,-2,-1,0,6,1,1,0,-2,-1,0,1,2,-2,-1,0
2119,resize,8,8,8,1,1,1,-2,-1,-1,1,-2,-1,-2,-3,4,-1,8,1,-2,-1,-1,1,-2,-1,-2,-3,4,-1
2120,resize,4,4,4,1,1,1,-3,0,-1,-3,5,-2,-2,-1,-3,-2,4,1,-3,0,-1,-3,5,-2,-2,-1,-3,-2
2121,resize,8,8,8,1,1,1,-2,-1,-2,-1,0,1,0,-2,4,0,8,1,-2,-1,-2,-1,0,1,0,-2,4,0
2122,resize,2,2,2,1,1,1,0,1,7,0,-3,-4,-2,0,-1,-5,2,1,0,1,7,0,-3,-4,-2,0,-1,-5
2123,resize,7,7,7,1,1,1,-2,0,0,0,0,-1,-4,3,-1,0,7,1,-2,0,0,0,0,-1,-4,3,-1,0
2124,resize,4,4,4,1,1,1,-3,0,-1,-3,4,-2,-3,-1,-1,0,4,1,-3,0,-1,-3,4,-2,-3,-1,-1,0
2125,resize,5,5,5,1,1,1,-1,-1,-2,1,-2,3,-1,-1,-1,2,5,1,-1,-1,-2,1,-2,3,-1,-1,-1,2
2126,resize,2,2,2,1,1,1,-1,1,6,0,-3,-3,-2,1,-2,-5,2,1,-1,1,6,0,-3,-3,-2,1,-2,-5
2127,resize,0,0,0,1,1,1,5,-2,0,-2,-3,-1,2,-2,-1,-2,0,1,5,-2,0,-2,-3,-1,2,-2,-1,-2
2128,resize,3,3,3,1,1,1,-3,0,0,5,-4,1,-3,-1,0,-1,3,1,-3,0,0,5,-4,1,-3,-1,0,-1
2129,resize,9,9,8,1,0,0,-1,-2,0,0,-1,-1,-3,-1,1,1,8,1,-1,-2,0,0,-1,-1,-3,-1,1,1
2130,resize,4,9,4,0,1,0,-3,0,-2,-3,2,-2,-4,0,-2,2,4,1,-3,0,-2,-3,2,-2,-4,0,-2,2
2131,resize,6,6,6,1,1,1,0,0,-1,-1,0,1,3,-2,-1,-1,6,1,0,0,-1,-1,0,1,3,-2,-1,-1
2132,resize,7,7,7,1,1,1,-1,0,0,0,-1,-1,-2,2,-1,0,7,1,-1,0,0,0,-1,-1,-2,2,-1,0
2133,resize,2,2,2,1,1,1,1,1,6,-1,-4,-4,-2,0,-1,-4,2,1,1,1,6,-1,-4,-4,-2,0,-1,-4
2134,resize,5,5,5,1,1,1,0,-2,-1,0,-2,3,1,-2,1,0,5,1,0,-2,-1,0,-2,3,1,-2,1,0
2135,resize,6,1,1,0,0,1,-1,1,-1,-2,-1,1,1,-1,1,-2,1,1,-1,1,-1,-2,-1,1,1,-1,1,-2
2136,resize,1,1,1,1,1,1,-3,4,-2,-3,0,-1,-2,0,-2,0,1,1,-3,4,-2,-3,0,-1,-2,0,-2,0
2137,resize,1,1,1,1,1,1,-3,4,-1,-3,-1,-1,-1,0,-1,-1,1,1,-3,4,-1,-3,-1,-1,-1,0,-1,-1
2138,resize,2,2,2,1,1,1,1,0,3,0,-4,-3,-2,0,0,-3,2,1,1,0,3,0,-4,-3,-2,0,0,-3
2139,resize,3,3,3,1,1,1,-5,0,-1,6,-5,1,-3,-1,0,-2,3,1,-5,0,-1,6,-5,1,-3,-1,0,-2
2140,resize,6,6,6,1,1,1,-1,-2,-3,-2,0,1,6,-3,0,-4,6,1,-1,-2,-3,-2,0,1,6,-3,0,-4
2141,resize,7,7,7,1,1,1,-3,1,0,0,0,-2,-5,4,-1,0,7,1,-3,1,0,0,0,-2,-5,4,-1,0
2142,resize,8,8,8,1,1,1,-3,-1,-2,0,-1,0,0,-3,5,-1,8,1,-3,-1,-2,0,-1,0,0,-3,5,-1
2143,resize,7,7,7,1,1,1,-2,0,1,0,-1,-2,-4,3,-1,-1,7,1,-2,0,1,0,-1,-2,-4,3,-1,-1
2144,resize,6,6,6,1,1,1,0,-1,-3,-2,0,1,3,-1,1,-1,6,1,0,-1,-3,-2,0,1,3,-1,1,-1
2145,resize,4,4,4,1,1,1,0,-1,-2,-3,3,-1,0,-2,-1,0,4,1,0,-1,-2,-3,3,-1,0,-2,-1,0
2146,resize,8,8,8,1,1,1,0,-1,-2,0,-1,-1,-1,-2,4,0,8,1,0,-1,-2,0,-1,-1,-1,-2,4,0
2147,resize,9,9,9,1,1,1,-1,-2,-2,0,-1,-1,-3,-1,0,4,9,1,-1,-2,-2,0,-1,-1,-3,-1,0,4
2148,resize,4,4,4,1,1,1,-2,0,0,-2,2,-2,-3,0,-2,2,4,1,-2,0,0,-2,2,-2,-3,0,-2,2
2149,resize,8,8,8,1,1,1,-1,-1,-1,1,-1,-1,-2,-1,3,0,8,1,-1,-1,-1,1,-1,-1,-2,-1,3,0
2150,resize,6,6,6,1,1,1,-1,-1,-3,-2,-1,2,5,-3,1,-2,6,1,-1,-1,-3,-2,-1,2,5,-3,1,-2
2151,resize,3,3,3,1,1,1,-5,1,0,4,-3,2,-2,0,-1,-2,3,1,-5,1,0,4,-3,2,-2,0,-1,-2
2152,resize,8,8,8,1,1,1,-1,-1,-2,-1,-2,1,-1,-3,5,-1,8,1,-1,-1,-2,-1,-2,1,-1,-3,5,-1
2153,resize,3,3,3,1,1,1,-2,-1,-2,4,-3,2,-2,-1,0,0,3,1,-2,-1,-2,4,-3,2,-2,-1,0,0
2154,resize,1,1,1,1,1,1,-2,4,-1,-3,-1,0,-2,0,-1,-2,1,1,-2,4,-1,-3,-1,0,-2,0,-1,-2
2155,resize,0,0,0,1,1,1,4,-2,-1,-2,-1,-2,2,-1,-2,-1,0,1,4,-2,-1,-2,-1,-2,2,-1,-2,-1
2156,resize,6,6,6,1,1,1,0,-2,-3,-2,0,1,6,-4,-1,-3,6,1,0,-2,-3,-2,0,1,6,-4,-1,-3
2157,resize,2,2,2,1,1,1,-1,1,5,0,-3,-4,-2,0,-1,-4,2,1,-1,1,5,0,-3,-4,-2,0,-1,-4
2158,resize,2,2,2,1,1,1,0,0,4,1,-2,-3,-2,0,-1,-4,2,1,0,0,4,1,-2,-3,-2,0,-1,-4
2159,resize,5,5,5,1,1,1,-1,0,-1,-1,-2,4,1,-2,1,0,5,1,-1,0,-1,-1,-2,4,1,-2,1,0
2160,resize,6,6,6,1,1,1,-1,-1,-2,-2,0,1,5,-3,0,-4,6,1,-1,-1,-2,-2,0,1,5,-3,0,-4
2161,resize,9,9,9,1,1,1,-2,-2,-1,-2,2,-1,-4,0,-2,3,9,1,-2,-2,-1,-2,2,-1,-4,0,-2,3
2162,resize,5,5,5,1,1,1,-1,-1,-2,1,-2,4,-1,-1,1,0,5,1,-1,-1,-2,1,-2,4,-1,-1,1,0
2163,resize,8,8,8,1,1,1,-2,-2,-2,0,-2,1,0,-4,6,-1,8,1,-2,-2,-2,0,-2,1,0,-4,6,-1
2164,resize,1,1,1,1,1,1,-2,3,-1,-2,-1,-1,-1,0,-1,0,1,1,-2,3,-1,-2,-1,-1,-1,0,-1,0
2165,resize,4,4,4,1,1,1,-4,-1,-3,-4,5,-3,-4,0,-3,0,4,1,-4,-1,-3,-4,5,-3,-4,0,-3,0
2166,resize,1,1,1,1,1,1,-3,4,-1,-2,0,-1,-2,0,-1,0,1,1,-3,4,-1,-2,0,-1,-2,0,-1,0
2167,resize,7,7,7,1,1,1,-2,0,0,0,0,-1,-4,4,-1,-1,7,1,-2,0,0,0,0,-1,-4,4,-1,-1
2168,resize,8,8,8,1,1,1,-2,-1,0,-1,-1,-1,-2,-1,4,0,8,1,-2,-1,0,-1,-1,-1,-2,-1,4,0
2169,resize,4,4,4,1,1,1,-2,-1,-1,-3,3,-2,-4,0,-2,1,4,1,-2,-1,-1,-3,3,-2,-4,0,-2,1
2170,resize,6,6,6,1,1,1,-1,-1,-2,-3,-1,2,7,-3,0,-5,6,1,-1,-1,-2,-3,-1,2,7,-3,0,-5
2171,resize,1,1,1,1,1,1,-2,3,-1,-2,0,-1,-1,0,-1,-1,1,1,-2,3,-1,-2,0,-1,-1,0,-1,-1
2172,resize,8,8,8,1,1,1,-1,-1,-2,-1,-1,1,1,-3,5,-1,8,1,-1,-1,-2,-1,-1,1,1,-3,5,-1
2173,resize,4,4,4,1,1,1,-5,-1,-2,-4,6,-2,-3,-1,-2,0,4,1,-5,-1,-2,-4,6,-2,-3,-1,-2,0
2174,resize,3,3,3,1,1,1,-2,-1,-2,4,-2,2,-2,-1,-1,0,3,1,-2,-1,-2,4,-2,2,-2,-1,-1,0
2175,resize,1,1,1,1,1,1,-2,2,-1,-1,0,0,-2,0,-1,0,1,1,-2,2,-1,-1,0,0,-2,0,-1,0
2176,resize,2,2,2,1,1,1,0,0,3,0,-2,-2,-1,-1,-1,-3,2,1,0,0,3,0,-2,-2,-1,-1,-1,-3
2177,resize,8,8,8,1,1,1,-1,-1,-1,0,0,0,0,-2,4,-1,8,1,-1,-1,-1,0,0,0,0,-2,4,-1
2178,resize,0,0,0,1,1,1,5,-3,-1,-1,-2,-2,0,-1,-1,0,0,1,5,-3,-1,-1,-2,-2,0,-1,-1,0
2179,resize,8,8,8,1,1,1,-1,-2,-1,1,-3,0,-2,-2,5,-1,8,1,-1,-2,-1,1,-3,0,-2,-2,5,-1
2180,resize,5,5,5,1,1,1,-2,-1,-3,1,-3,5,-1,-1,0,1,5,1,-2,-1,-3,1,-3,5,-1,-1,0,1
2181,resize,9,9,9,1,1,1,-1,-2,-1,-1,0,-1,-4,1,-1,4,9,1,-1,-2,-1,-1,0,-1,-4,1,-1,4
2182,resize,1,1,1,1,1,1,-4,3,1,1,-2,0,-3,1,-2,-2,1,1,-4,3,1,1,-2,0,-3,1,-2,-2
2183,resize,4,4,4,1,1,1,-1,-1,-1,-3,4,-2,-1,-1,-3,0,4,1,-1,-1,-1,-3,4,-2,-1,-1,-3,0
2184,resize,2,2,2,1,1,1,-1,1,7,0,-3,-3,-1,-1,-2,-6,2,1,-1,1,7,0,-3,-3,-1,-1,-2,-6
2185,resize,0,8,5,0,0,0,0,0,-2,-2,-1,1,0,-1,1,-1,5,1,0,0,-2,-2,-1,1,0,-1,1,-1
2186,resize,2,2,2,1,1,1,0,-1,3,1,-3,-2,-1,-1,0,-3,2,1,0,-1,3,1,-3,-2,-1,-1,0,-3
2187,resize,7,7,7,1,1,1,-2,0,0,0,0,-1,-4,3,-1,0,7,1,-2,0,0,0,0,-1,-4,3,-1,0
2188,resize,0,0,0,1,1,1,3,-1,-1,-1,-2,1,1,-1,1,-1,0,1,3,-1,-1,-1,-2,1,1,-1,1,-1
2189,resize,9,9,1,1,0,0,-2,2,-4,-3,1,-1,-3,0,0,2,1,1,-2,2,-4,-3,1,-1,-3,0,0,2
2190,resize,0,0,0,1,1,1,5,-2,-1,-2,-3,-1,0,-1,-1,-1,0,1,5,-2,-1,-2,-3,-1,0,-1,-1,-1
2191,resize,2,2,2,1,1,1,0,-1,4,2,-5,-3,-3,0,1,-4,2,1,0,-1,4,2,-5,-3,-3,0,1,-4
2192,resize,5,5,5,1,1,1,-2,-1,-1,0,-3,5,0,-2,1,1,5,1,-2,-1,-1,0,-3,5,0,-2,1,1
2193,resize,7,7,7,1,1,1,-1,0,0,1,-2,0,-4,2,0,-1,7,1,-1,0,0,1,-2,0,-4,2,0,-1
2194,resize,6,6,6,1,1,1,0,-1,-3,-2,0,1,4,-3,1,0,6,1,0,-1,-3,-2,0,1,4,-3,1,0
2195,resize,7,2,2,0,0,1,-1,0,1,1,-1,-1,-2,1,0,-1,2,1,-1,0,1,1,-1,-1,-2,1,0,-1
2196,resize,9,9,9,1,1,1,-1,-2,-3,0,0,-1,-5,0,-2,4,9,1,-1,-2,-3,0,0,-1,-5,0,-2,4
2197,resize,4,4,4,1,1,1,-2,0,0,-1,2,-2,-2,1,-1,-2,4,1,-2,0,0,-1,2,-2,-2,1,-1,-2
2198,resize,2,2,2,1,1,1,-1,1,4,0,-1,-3,-2,0,0,-1,2,1,-1,1,4,0,-1,-3,-2,0,0,-1
2199,resize,6,6,6,1,1,1,1,-2,-2,-2,-2,1,5,-4,1,-2,6,1,1,-2,-2,-2,-2,1,5,-4,1,-2
2200,resize,2,2,2,1,1,1,1,1,4,-1,-2,-2,0,0,-3,-4,2,1,1,1,4,-1,-2,-2,0,0,-3,-4
2201,resize,4,4,4,1,1,1,-5,-1,-1,-5,6,-3,-5,0,-3,0,4,1,-5,-1,-1,-5,6,-3,-5,0,-3,0
2202,resize,4,4,4,1,1,1,-4,0,-2,-3,4,-2,-3,0,-1,-1,4,1,-4,0,-2,-3,4,-2,-3,0,-1,-1
2203,resize,8,8,8,1,1,1,-1,-2,-2,0,-2,0,0,-3,5,-1,8,1,-1,-2,-2,0,-2,0,0,-3,5,-1
2204,resize,0,0,0,1,1,1,3,-2,-1,-1,-2,0,0,0,0,-1,0,1,3,-2,-1,-1,-2,0,0,0,0,-1
2205,resize,4,4,4,1,1,1,-2,-1,-2,-3,5,-3,-2,-1,-2,-1,4,1,-2,-1,-2,-3,5,-3,-2,-1,-2,-1
2206,resize,4,4,4,1,1,1,-3,0,-1,-2,3,-2,-3,0,-2,0,4,1,-3,0,-1,-2,3,-2,-3,0,-2,0
2207,resize,5,5,5,1,1,1,-1,-1,-2,-1,-2,6,1,-2,1,1,5,1,-1,-1,-2,-1,-2,6,1,-2,1,1
2208,resize,8,8,8,1,1,1,-1,-1,-2,0,-1,0,-1,-3,4,0,8,1,-1,-1,-2,0,-1,0,-1,-3,4,0
2209,resize,0,0,0,1,1,1,5,-2,-1,-2,-3,-1,0,-1,-1,-1,0,1,5,-2,-1,-2,-3,-1,0,-1,-1,-1
2210,resize,6,6,6,1,1,1,0,-1,-2,-2,0,1,3,-1,-1,-2,6,1,0,-1,-2,-2,0,1,3,-1,-1,-2
2211,resize,8,8,8,1,1,1,-1,-1,-2,0,-2,0,-1,-3,5,-1,8,1,-1,-1,-2,0,-2,0,-1,-3,5,-1
2212,resize,9,9,9,1,1,1,-1,-1,-3,-1,1,-2,-3,-1,0,3,9,1,-1,-1,-3,-1,1,-2,-3,-1,0,3
2213,resize,8,8,8,1,1,1,-1,-2,-2,0,-2,0,-1,-3,6,-1,8,1,-1,-2,-2,0,-2,0,-1,-3,6,-1
2214,resize,5,5,5,1,1,1,-3,-1,-3,0,-2,6,-1,-1,1,1,5,1,-3,-1,-3,0,-2,6,-1,-1,1,1
2215,resize,6,6,6,1,1,1,1,-2,-3,-2,-1,0,5,-3,0,-1,6,1,1,-2,-3,-2,-1,0,5,-3,0,-1
2216,resize,9,9,9,1,1,1,-1,-2,-3,-1,1,-1,-4,0,-2,5,9,1,-1,-2,-3,-1,1,-1,-4,0,-2,5
2217,resize,0,0,0,1,1,1,4,-2,-1,-1,-1,-1,2,-1,-2,-1,0,1,4,-2,-1,-1,-1,-1,2,-1,-2,-1
2218,resize,4,4,4,1,1,1,-5,-1,-3,-3,5,-2,-4,0,-1,0,4,1,-5,-1,-3,-3,5,-2,-4,0,-1,0
2219,resize,8,8,8,1,1,1,-1,-1,-1,-1,-1,0,-1,-2,5,0,8,1,-1,-1,-1,-1,-1,0,-1,-2,5,0
2220,resize,7,7,7,1,1,1,-2,0,0,0,-1,-2,-5,4,-1,-1,7,1,-2,0,0,0,-1,-2,-5,4,-1,-1
2221,resize,1,1,1,1,1,1,-2,3,-3,-4,-1,1,-1,0,-1,-1,1,1,-2,3,-3,-4,-1,1,-1,0,-1,-1
2222,resize,3,3,3,1,1,1,-3,0,-1,4,-2,2,-1,-1,-1,-2,3,1,-3,0,-1,4,-2,2,-1,-1,-1,-2
2223,resize,4,4,4,1,1,1,-5,0,-2,-4,5,-2,-4,-1,-2,0,4,1,-5,0,-2,-4,5,-2,-4,-1,-2,0
2224,resize,5,5,5,1,1,1,-1,-1,-2,-1,-1,3,1,-2,2,0,5,1,-1,-1,-2,-1,-1,3,1,-2,2,0
2225,resize,8,8,8,1,1,1,-1,-2,-1,1,-2,-1,-2,-2,2,1,8,1,-1,-2,-1,1,-2,-1,-2,-2,2,1
2226,resize,0,0,0,1,1,1,6,-2,-1,-2,-3,-1,2,-2,-1,-1,0,1,6,-2,-1,-2,-3,-1,2,-2,-1,-1
2227,resize,9,9,9,1,1,1,0,-2,-1,-1,1,-1,-3,0,-1,3,9,1,0,-2,-1,-1,1,-1,-3,0,-1,3
2228,resize,1,1,1,1,1,1,-2,3,-2,-3,0,0,0,-1,0,0,1,1,-2,3,-2,-3,0,0,0,-1,0,0
2229,resize,3,3,3,1,1,1,-3,0,0,5,-3,-1,-3,0,1,-1,3,1,-3,0,0,5,-3,-1,-3,0,1,-1
2230,resize,3,3,3,1,1,1,-4,-1,-1,6,-5,1,-3,-1,1,-1,3,1,-4,-1,-1,6,-5,1,-3,-1,1,-1
2231,resize,6,6,6,1,1,1,0,-1,-3,-3,-1,2,7,-4,0,-4,6,1,0,-1,-3,-3,-1,2,7,-4,0,-4
2232,resize,9,9,9,1,1,1,0,-2,-2,0,0,-1,-2,-1,0,3,9,1,0,-2,-2,0,0,-1,-2,-1,0,3
2233,resize,8,8,8,1,1,1,-3,-1,-1,-1,0,0,0,-2,4,1,8,1,-3,-1,-1,-1,0,0,0,-2,4,1
2234,resize,7,7,7,1,1,1,-1,0,1,0,-1,-1,-4,3,-1,0,7,1,-1,0,1,0,-1,-1,-4,3,-1,0
2235,resize,1,1,1,1,1,1,-2,4,-1,-3,-2,-2,-2,1,-2,-2,1,1,-2,4,-1,-3,-2,-2,-2,1,-2,-2
2236,resize,0,0,0,1,1,1,5,-2,0,-1,-2,-1,1,-2,-2,-1,0,1,5,-2,0,-1,-2,-1,1,-2,-2,-1
2237,resize,5,5,5,1,1,1,-2,-1,-2,-2,-2,5,2,-2,3,0,5,1,-2,-1,-2,-2,-2,5,2,-2,3,0
2238,resize,7,7,7,1,1,1,-2,1,1,1,-1,-1,-5,3,-1,-1,7,1,-2,1,1,1,-1,-1,-5,3,-1,-1
2239,resize,1,1,1,1,1,1,-2,3,-2,-3,-1,0,-1,0,-1,-1,1,1,-2,3,-2,-3,-1,0,-1,0,-1,-1
2240,resize,7,7,7,1,1,1,-2,0,0,0,0,-2,-6,5,-2,0,7,1,-2,0,0,0,0,-2,-6,5,-2,0
2241,resize,5,5,5,1,1,1,-1,-2,-2,0,-2,6,0,-2,1,0,5,1,-1,-2,-2,0,-2,6,0,-2,1,0
2242,resize,2,2,2,1,1,1,1,0,4,1,-4,-3,-2,0,0,-4,2,1,1,0,4,1,-4,-3,-2,0,0,-4
2243,resize,7,7,7,1,1,1,-2,0,-1,0,-1,0,-3,2,-1,0,7,1,-2,0,-1,0,-1,0,-3,2,-1,0
2244,resize,9,9,9,1,1,1,-1,-2,-3,-1,1,-2,-4,0,-1,4,9,1,-1,-2,-3,-1,1,-2,-4,0,-1,4
2245,resize,1,1,1,1,1,1,-1,2,0,-2,0,0,-1,-1,-1,-1,1,1,-1,2,0,-2,0,0,-1,-1,-1,-1
2246,resize,8,8,8,1,1,1,-2,-1,-2,-1,-1,2,0,-3,4,0,8,1,-2,-1,-2,-1,-1,2,0,-3,4,0
2247,resize,5,5,5,1,1,1,-2,0,-2,0,-2,6,0,-2,0,1,5,1,-2,0,-2,0,-2,6,0,-2,0,1
2248,resize,2,2,2,1,1,1,1,0,4,1,-3,-3,-2,0,-1,-3,2,1,1,0,4,1,-3,-3,-2,0,-1,-3
2249,resize,4,4,4,1,1,1,-4,-1,-1,-4,6,-3,-4,-1,-3,0,4,1,-4,-1,-1,-4,6,-3,-4,-1,-3,0
2250,resize,9,9,9,1,1,1,-1,-3,-3,0,0,-1,-5,-1,-1,4,9,1,-1,-3,-3,0,0,-1,-5,-1,-1,4
2251,resize,4,4,4,1,1,1,-3,-1,-1,-2,4,-2,-3,0,-1,0,4,1,-3,-1,-1,-2,4,-2,-3,0,-1,0
2252,resize,7,7,7,1,1,1,-2,0,0,0,0,-1,-4,3,-1,-1,7,1,-2,0,0,0,0,-1,-4,3,-1,-1
2253,resize,2,2,2,1,1,1,-1,1,5,0,-3,-3,-2,0,0,-3,2,1,-1,1,5,0,-3,-3,-2,0,0,-3
2254,resize,2,2,2,1,1,1,-1,0,4,1,-2,-2,-1,0,0,-3,2,1,-1,0,4,1,-2,-2,-1,0,0,-3
2255,resize,3,3,3,1,1,1,-3,-1,-2,4,-3,1,-2,-1,0,0,3,1,-3,-1,-2,4,-3,1,-2,-1,0,0
2256,resize,4,4,4,1,1,1,-2,-1,-2,-3,5,-2,-3,-1,-2,2,4,1,-2,-1,-2,-3,5,-2,-3,-1,-2,2
2257,resize,9,9,9,1,1,1,-1,-2,-1,-1,0,-1,-4,0,0,4,9,1,-1,-2,-1,-1,0,-1,-4,0,0,4
2258,resize,1,1,1,1,1,1,-1,4,-1,-2,-1,-2,-2,0,-2,-1,1,1,-1,4,-1,-2,-1,-2,-2,0,-2,-1
2259,resize,9,9,9,1,1,1,-2,-2,-2,0,0,-1,-4,0,-1,4,9,1,-2,-2,-2,0,0,-1,-4,0,-1,4
2260,resize,2,2,2,1,1,1,-2,0,6,1,-3,-3,-1,-1,0,-5,2,1,-2,0,6,1,-3,-3,-1,-1,0,-5
2261,resize,1,1,1,1,1,1,-2,3,-1,-2,-1,-1,-1,-1,0,-2,1,1,-2,3,-1,-2,-1,-1,-1,-1,0,-2
2262,resize,7,7,7,1,1,1,-2,0,0,1,-1,-1,-3,3,-1,0,7,1,-2,0,0,1,-1,-1,-3,3,-1,0
2263,resize,9,9,9,1,1,1,-2,-3,-3,-1,1,-3,-5,1,-1,5,9,1,-2,-3,-3,-1,1,-3,-5,1,-1,5
2264,resize,4,4,4,1,1,1,-4,-1,-1,-2,4,0,-3,0,-3,1,4,1,-4,-1,-1,-2,4,0,-3,0,-3,1
2265,resize,4,4,4,1,1,1,-4,-1,-2,-3,5,-3,-4,0,-3,0,4,1,-4,-1,-2,-3,5,-3,-4,0,-3,0
2266,resize,1,1,1,1,1,1,-2,2,0,0,0,0,0,0,-1,-2,1,1,-2,2,0,0,0,0,0,0,-1,-2
2267,resize,6,6,6,1,1,1,1,-2,-4,-3,-1,2,6,-4,0,-2,6,1,1,-2,-4,-3,-1,2,6,-4,0,-2
2268,resize,7,7,7,1,1,1,-1,-1,-1,0,0,-2,-3,2,0,0,7,1,-1,-1,-1,0,0,-2,-3,2,0,0
2269,resize,2,2,2,1,1,1,0,1,5,1,-3,-3,-3,0,-1,-3,2,1,0,1,5,1,-3,-3,-3,0,-1,-3
2270,resize,7,7,7,1,1,1,-2,0,0,0,0,-1,-3,3,-1,-1,7,1,-2,0,0,0,0,-1,-3,3,-1,-1
2271,resize,8,8,8,1,1,1,-2,-2,-1,0,-2,0,-1,-3,5,0,8,1,-2,-2,-1,0,-2,0,-1,-3,5,0
2272,resize,8,8,8,1,1,1,0,-2,-1,-1,-2,1,1,-2,4,-1,8,1,0,-2,-1,-1,-2,1,1,-2,4,-1
2273,resize,1,1,1,1,1,1,-1,3,0,-2,-1,-1,-1,0,-1,-2,1,1,-1,3,0,-2,-1,-1,-1,0,-1,-2
2274,resize,9,9,9,1,1,1,-1,-2,-3,0,0,-1,-4,-1,-1,4,9,1,-1,-2,-3,0,0,-1,-4,-1,-1,4
2275,resize,7,7,7,1,1,1,-2,0,0,0,-1,-1,-4,3,-1,0,7,1,-2,0,0,0,-1,-1,-4,3,-1,0
2276,resize,1,1,1,1,1,1,-3,3,-2,-2,0,1,-1,-1,0,1,1,1,-3,3,-2,-2,0,1,-1,-1,0,1
2277,resize,1,1,1,1,1,1,-1,2,-1,-2,0,0,-1,0,-1,0,1,1,-1,2,-1,-2,0,0,-1,0,-1,0
2278,resize,7,7,7,1,1,1,-3,0,0,0,-1,-1,-4,4,-1,-1,7,1,-3,0,0,0,-1,-1,-4,4,-1,-1
2279,resize,5,5,5,1,1,1,-3,0,-2,1,-2,5,-1,-2,1,1,5,1,-3,0,-2,1,-2,5,-1,-2,1,1
2280,resize,3,3,3,1,1,1,-1,0,-1,2,-1,1,-1,-1,1,0,3,1,-1,0,-1,2,-1,1,-1,-1,1,0
2281,resize,3,3,3,1,1,1,-4,0,1,4,-3,0,-2,0,0,-2,3,1,-4,0,1,4,-3,0,-2,0,0,-2
2282,resize,5,5,5,1,1,1,-2,-2,-3,1,-3,6,0,-2,1,1,5,1,-2,-2,-3,1,-3,6,0,-2,1,1
2283,resize,1,1,1,1,1,1,-3,4,0,-3,-1,-1,-2,0,-1,-2,1,1,-3,4,0,-3,-1,-1,-2,0,-1,-2
2284,resize,3,3,3,1,1,1,-4,0,-1,5,-4,2,-2,-1,1,-1,3,1,-4,0,-1,5,-4,2,-2,-1,1,-1
2285,resize,7,7,7,1,1,1,-3,0,-1,0,0,-1,-4,3,-1,0,7,1,-3,0,-1,0,0,-1,-4,3,-1,0
2286,resize,6,6,6,1,1,1,0,-2,-4,-2,0,0,5,-2,0,-2,6,1,0,-2,-4,-2,0,0,5,-2,0,-2
2287,resize,1,1,1,1,1,1,-3,4,-1,-2,0,-1,-3,0,-1,0,1,1,-3,4,-1,-2,0,-1,-3,0,-1,0
2288,resize,3,3,3,1,1,1,-2,0,-1,4,-3,2,-1,-1,-1,-1,3,1,-2,0,-1,4,-3,2,-1,-1,-1,-1
2289,resize,8,8,8,1,1,1,0,-2,-1,0,-1,-1,0,-2,3,0,8,1,0,-2,-1,0,-1,-1,0,-2,3,0
2290,resize,7,7,7,1,1,1,-1,0,0,-1,0,-1,-3,2,0,0,7,1,-1,0,0,-1,0,-1,-3,2,0,0
2291,resize,5,5,5,1,1,1,-3,-1,-2,1,-2,4,-1,-1,1,1,5,1,-3,-1,-2,1,-2,4,-1,-1,1,1
2292,resize,9,9,9,1,1,1,-1,-2,-1,1,-2,0,-4,-1,-1,4,9,1,-1,-2,-1,1,-2,0,-4,-1,-1,4
2293,resize,9,9,9,1,1,1,0,-1,0,-1,0,-2,0,-1,0,1,9,1,0,-1,0,-1,0,-2,0,-1,0,1
2294,resize,0,0,0,1,1,1,4,-1,-1,-1,-3,1,1,-2,0,-1,0,1,4,-1,-1,-1,-3,1,1,-2,0,-1
2295,resize,0,0,0,1,1,1,5,-2,0,-1,-2,-2,0,-2,-1,-1,0,1,5,-2,0,-1,-2,-2,0,-2,-1,-1
2296,resize,2,2,2,1,1,1,0,1,4,0,-2,-3,-1,1,-1,-4,2,1,0,1,4,0,-2,-3,-1,1,-1,-4
2297,resize,8,8,8,1,1,1,-2,-1,-2,-1,-1,1,0,-3,5,-1,8,1,-2,-1,-2,-1,-1,1,0,-3,5,-1
2298,resize,8,8,8,1,1,1,0,-1,-1,1,-2,0,0,-2,3,-1,8,1,0,-1,-1,1,-2,0,0,-2,3,-1
2299,resize,2,2,2,1,1,1,0,0,3,0,-3,-2,-2,0,0,-2,2,1,0,0,3,0,-3,-2,-2,0,0,-2
2300,resize,3,3,3,1,1,1,-4,0,0,3,-3,1,-2,1,-1,-3,3,1,-4,0,0,3,-3,1,-2,1,-1,-3
2301,resize,7,7,7,1,1,1,-2,0,1,0,-1,-1,-5,4,-1,-1,7,1,-2,0,1,0,-1,-1,-5,4,-1,-1
2302,resize,1,1,1,1,1,1,-2,3,0,-2,-2,-1,-3,1,0,-2,1,1,-2,3,0,-2,-2,-1,-3,1,0,-2
2303,resize,3,3,3,1,1,1,-5,0,0,5,-4,1,-3,0,-1,-2,3,1,-5,0,0,5,-4,1,-3,0,-1,-2
2304,resize,0,0,0,1,1,1,4,-2,-1,-1,-2,0,1,-1,0,-1,0,1,4,-2,-1,-1,-2,0,1,-1,0,-1
2305,resize,3,3,3,1,1,1,-2,-1,-1,6,-5,0,-3,-1,1,-1,3,1,-2,-1,-1,6,-5,0,-3,-1,1,-1
2306,resize,4,4,4,1,1,1,-4,0,-1,-3,4,-1,-3,0,-2,-1,4,1,-4,0,-1,-3,4,-1,-3,0,-2,-1
2307,resize,4,4,4,1,1,1,-4,0,-2,-3,5,-2,-4,0,-2,0,4,1,-4,0,-2,-3,5,-2,-4,0,-2,0
2308,resize,3,3,3,1,1,1,-2,-2,-2,5,-4,3,-3,-2,1,1,3,1,-2,-2,-2,5,-4,3,-3,-2,1,1
2309,resize,8,8,8,1,1,1,-2,-2,-1,-1,-1,1,1,-2,3,0,8,1,-2,-2,-1,-1,-1,1,1,-2,3,0
2310,resize,9,9,9,1,1,1,-1,-1,-2,0,0,-1,-3,0,-1,3,9,1,-1,-1,-2,0,0,-1,-3,0,-1,3
2311,resize,2,2,2,1,1,1,-1,0,5,1,-2,-3,-1,1,-1,-5,2,1,-1,0,5,1,-2,-3,-1,1,-1,-5
2312,resize,3,3,3,1,1,1,-3,-1,0,4,-3,1,-2,-1,0,-1,3,1,-3,-1,0,4,-3,1,-2,-1,0,-1
2313,resize,9,9,9,1,1,1,-2,-1,-2,0,0,-1,-4,0,-1,4,9,1,-2,-1,-2,0,0,-1,-4,0,-1,4
2314,resize,7,7,7,1,1,1,-2,-1,-1,0,0,0,-4,2,0,1,7,1,-2,-1,-1,0,0,0,-4,2,0,1
2315,resize,1,1,1,1,1,1,-2,3,-1,-2,0,-1,-2,0,-1,-1,1,1,-2,3,-1,-2,0,-1,-2,0,-1,-1
2316,resize,1,1,1,1,1,1,-3,4,-1,-2,0,-1,-3,2,-2,-1,1,1,-3,4,-1,-2,0,-1,-3,2,-2,-1
2317,resize,7,7,7,1,1,1,-2,0,1,1,-1,-1,-5,4,-1,0,7,1,-2,0,1,1,-1,-1,-5,4,-1,0
2318,resize,0,0,0,1,1,1,3,-2,-2,-3,-1,1,3,-1,-1,0,0,1,3,-2,-2,-3,-1,1,3,-1,-1,0
2319,resize,4,4,4,1,1,1,-1,-1,-2,-2,4,-2,-1,-1,-1,1,4,1,-1,-1,-2,-2,4,-2,-1,-1,-1,1
2320,resize,9,9,9,1,1,1,-2,0,-2,-1,1,-1,-2,-1,0,3,9,1,-2,0,-2,-1,1,-1,-2,-1,0,3
2321,resize,6,6,6,1,1,1,-1,-1,-2,-3,-1,1,7,-3,0,-5,6,1,-1,-1,-2,-3,-1,1,7,-3,0,-5
2322,resize,5,5,5,1,1,1,-2,-1,-2,0,-3,5,0,-2,1,1,5,1,-2,-1,-2,0,-3,5,0,-2,1,1
2323,resize,9,9,9,1,1,1,-1,-2,-3,0,0,-2,-4,0,-1,4,9,1,-1,-2,-3,0,0,-2,-4,0,-1,4
2324,resize,1,1,1,1,1,1,-3,4,-1,-2,-1,-1,-3,1,-1,0,1,1,-3,4,-1,-2,-1,-1,-3,1,-1,0
2325,resize,7,7,7,1,1,1,-3,1,2,0,0,-2,-2,3,-2,-4,7,1,-3,1,2,0,0,-2,-2,3,-2,-4
2326,resize,0,0,0,1,1,1,1,-1,1,-2,-2,1,1,-2,1,-1,0,1,1,-1,1,-2,-2,1,1,-2,1,-1
2327,resize,2,2,2,1,1,1,-1,1,4,1,-4,-3,-3,1,-1,-4,2,1,-1,1,4,1,-4,-3,-3,1,-1,-4
2328,resize,0,0,0,1,1,1,3,-2,-1,-1,-1,0,1,-1,0,-1,0,1,3,-2,-1,-1,-1,0,1,-1,0,-1
2329,resize,0,0,0,1,1,1,3,-1,1,0,-2,-2,-1,0,0,-1,0,1,3,-1,1,0,-2,-2,-1,0,0,-1
2330,resize,4,4,4,1,1,1,-3,-1,-2,-3,4,-2,-3,0,-2,1,4,1,-3,-1,-2,-3,4,-2,-3,0,-2,1
2331,resize,6,6,6,1,1,1,-1,0,-2,-3,0,1,6,-2,-1,-3,6,1,-1,0,-2,-3,0,1,6,-2,-1,-3
2332,resize,7,7,7,1,1,1,-2,-1,0,1,0,-1,-5,4,-1,0,7,1,-2,-1,0,1,0,-1,-5,4,-1,0
2333,resize,0,0,0,1,1,1,2,-2,-1,-1,0,-1,0,0,0,1,0,1,2,-2,-1,-1,0,-1,0,0,0,1
2334,resize,7,7,7,1,1,1,-4,0,0,0,-1,-2,-3,3,-1,-2,7,1,-4,0,0,0,-1,-2,-3,3,-1,-2
2335,resize,1,1,1,1,1,1,-3,4,-1,-3,0,-2,-2,1,-3,-1,1,1,-3,4,-1,-3,0,-2,-2,1,-3,-1
2336,resize,4,4,4,1,1,1,-3,-1,-2,-3,4,-2,-3,-1,-1,1,4,1,-3,-1,-2,-3,4,-2,-3,-1,-1,1
2337,resize,6,6,6,1,1,1,0,-2,-3,-3,-1,2,7,-3,-1,-4,6,1,0,-2,-3,-3,-1,2,7,-3,-1,-4
2338,resize,4,4,4,1,1,1,-4,-1,0,-3,5,-3,-6,0,-1,1,4,1,-4,-1,0,-3,5,-3,-6,0,-1,1
2339,resize,5,5,5,1,1,1,-2,0,-2,-1,-1,3,0,-1,1,0,5,1,-2,0,-2,-1,-1,3,0,-1,1,0
2340,resize,4,4,4,1,1,1,-3,-1,-2,-3,5,-2,-3,-1,-2,0,4,1,-3,-1,-2,-3,5,-2,-3,-1,-2,0
2341,resize,9,9,9,1,1,1,0,-2,-2,-1,1,-1,-2,1,-1,4,9,1,0,-2,-2,-1,1,-1,-2,1,-1,4
2342,resize,9,9,9,1,1,1,-2,-2,-1,-1,1,-1,-3,0,0,4,9,1,-2,-2,-1,-1,1,-1,-3,0,0,4
2343,resize,1,1,1,1,1,1,-2,3,0,-2,-1,-1,-2,1,-1,-2,1,1,-2,3,0,-2,-1,-1,-2,1,-1,-2
2344,resize,7,7,7,1,1,1,-4,1,0,0,0,-2,-5,4,-2,-1,7,1,-4,1,0,0,0,-2,-5,4,-2,-1
2345,resize,9,9,9,1,1,1,-1,-2,-2,0,0,-1,-3,0,0,3,9,1,-1,-2,-2,0,0,-1,-3,0,0,3
2346,resize,5,5,5,1,1,1,-2,-1,-3,0,-3,7,0,-1,0,1,5,1,-2,-1,-3,0,-3,7,0,-1,0,1
2347,resize,3,3,3,1,1,1,-4,0,0,5,-4,0,-3,0,1,-2,3,1,-4,0,0,5,-4,0,-3,0,1,-2
2348,resize,3,3,3,1,1,1,-3,0,0,4,-3,0,-2,0,0,-2,3,1,-3,0,0,4,-3,0,-2,0,0,-2
2349,resize,8,8,8,1,1,1,-1,-2,-2,0,-2,0,-1,-3,6,0,8,1,-1,-2,-2,0,-2,0,-1,-3,6,0
2350,resize,2,2,2,1,1,1,-2,1,6,0,-2,-3,-2,0,-2,-4,2,1,-2,1,6,0,-2,-3,-2,0,-2,-4
2351,resize,3,3,3,1,1,1,0,-1,-1,3,-2,2,0,-2,-2,-2,3,1,0,-1,-1,3,-2,2,0,-2,-2,-2
2352,resize,6,6,6,1,1,1,-1,-1,-3,-2,0,1,5,-2,1,-3,6,1,-1,-1,-3,-2,0,1,5,-2,1,-3
2353,resize,2,2,2,1,1,1,0,1,6,0,-4,-4,-2,1,-1,-6,2,1,0,1,6,0,-4,-4,-2,1,-1,-6
2354,resize,2,2,2,1,1,1,0,1,7,0,-4,-4,-2,1,-1,-5,2,1,0,1,7,0,-4,-4,-2,1,-1,-5
2355,resize,1,1,1,1,1,1,-3,4,0,-2,-1,-1,-1,1,-1,-2,1,1,-3,4,0,-2,-1,-1,-1,1,-1,-2
2356,resize,1,1,1,1,1,1,-4,4,-2,-3,0,0,-2,0,-3,0,1,1,-4,4,-2,-3,0,0,-2,0,-3,0
2357,resize,1,1,1,1,1,1,-2,4,-1,-3,-1,-1,-1,0,-1,-2,1,1,-2,4,-1,-3,-1,-1,-1,0,-1,-2
2358,resize,1,1,1,1,1,1,-3,2,0,-1,0,0,-1,0,-1,-1,1,1,-3,2,0,-1,0,0,-1,0,-1,-1
2359,resize,1,1,1,1,1,1,-2,4,-2,-3,0,-1,-2,0,-1,0,1,1,-2,4,-2,-3,0,-1,-2,0,-1,0
2360,resize,6,6,6,1,1,1,-1,-1,-2,-2,0,1,5,-2,0,-3,6,1,-1,-1,-2,-2,0,1,5,-2,0,-3
2361,resize,9,9,9,1,1,1,-1,-1,-2,-1,1,-1,-4,0,-1,3,9,1,-1,-1,-2,-1,1,-1,-4,0,-1,3
2362,resize,8,8,8,1,1,1,-1,-1,-1,0,-2,-1,-1,-2,5,-1,8,1,-1,-1,-1,0,-2,-1,-1,-2,5,-1
2363,resize,4,4,4,1,1,1,-3,-1,-2,-2,4,-1,-3,0,-1,0,4,1,-3,-1,-2,-2,4,-1,-3,0,-1,0
2364,resize,3,3,3,1,1,1,-4,0,-1,4,-3,1,-2,0,-1,-2,3,1,-4,0,-1,4,-3,1,-2,0,-1,-2
2365,resize,7,7,7,1,1,1,-3,0,-1,0,0,0,-5,3,-2,0,7,1,-3,0,-1,0,0,0,-5,3,-2,0
2366,resize,1,1,1,1,1,1,-2,4,0,-3,-1,-1,-1,0,-1,-2,1,1,-2,4,0,-3,-1,-1,-1,0,-1,-2
2367,resize,6,6,6,1,1,1,-1,-1,-3,-2,0,2,4,-3,1,-3,6,1,-1,-1,-3,-2,0,2,4,-3,1,-3
2368,resize,4,4,4,1,1,1,-4,0,-1,-4,5,-3,-4,-1,-2,0,4,1,-4,0,-1,-4,5,-3,-4,-1,-2,0
2369,resize,5,5,5,1,1,1,-3,0,-1,2,-2,3,-1,0,0,-1,5,1,-3,0,-1,2,-2,3,-1,0,0,-1
2370,resize,0,0,0,1,1,1,4,-2,-2,-1,-2,-1,2,-2,-1,0,0,1,4,-2,-2,-1,-2,-1,2,-2,-1,0
2371,resize,4,4,4,1,1,1,-2,0,0,-3,3,-3,-4,-1,-2,1,4,1,-2,0,0,-3,3,-3,-4,-1,-2,1
2372,resize,7,7,7,1,1,1,0,0,1,0,-1,-1,-4,3,-1,0,7,1,0,0,1,0,-1,-1,-4,3,-1,0
2373,resize,4,4,4,1,1,1,-3,-1,-2,-3,5,-2,-3,-1,-2,-1,4,1,-3,-1,-2,-3,5,-2,-3,-1,-2,-1
2374,resize,2,2,2,1,1,1,0,0,3,1,-3,-2,-2,1,0,-3,2,1,0,0,3,1,-3,-2,-2,1,0,-3
2375,resize,4,4,4,1,1,1,-3,-1,0,-4,4,-3,-4,-1,-2,1,4,1,-3,-1,0,-4,4,-3,-4,-1,-2,1
2376,resize,0,0,0,1,1,1,4,-3,0,-3,-2,0,1,-1,0,-1,0,1,4,-3,0,-3,-2,0,1,-1,0,-1
2377,resize,7,7,7,1,1,1,-3,0,-1,0,-1,-1,-5,3,-1,0,7,1,-3,0,-1,0,-1,-1,-5,3,-1,0
2378,resize,0,0,0,1,1,1,4,-1,-1,0,-2,1,1,-2,0,-1,0,1,4,-1,-1,0,-2,1,1,-2,0,-1
2379,resize,1,1,1,1,1,1,-2,4,-1,-3,-1,-1,-2,0,-1,-1,1,1,-2,4,-1,-3,-1,-1,-2,0,-1,-1
2380,resize,9,9,9,1,1,1,2,-2,-2,-1,0,-2,-2,0,-1,3,9,1,2,-2,-2,-1,0,-2,-2,0,-1,3
2381,resize,8,8,8,1,1,1,-1,-1,-1,2,-2,0,-2,-1,3,1,8,1,-1,-1,-1,2,-2,0,-2,-1,3,1
2382,resize,8,8,8,1,1,1,0,-2,0,1,-4,-1,-2,-2,4,-1,8,1,0,-2,0,1,-4,-1,-2,-2,4,-1
2383,resize,6,6,6,1,1,1,0,-1,-3,-2,0,1,4,-3,-1,-2,6,1,0,-1,-3,-2,0,1,4,-3,-1,-2
2384,resize,0,0,0,1,1,1,4,-1,0,-1,-2,-1,-1,-1,-1,0,0,1,4,-1,0,-1,-2,-1,-1,-1,-1,0
2385,resize,0,0,0,1,1,1,5,-3,-1,-2,-3,0,1,-2,1,-1,0,1,5,-3,-1,-2,-3,0,1,-2,1,-1
2386,resize,4,4,4,1,1,1,-4,-1,-2,-2,4,-2,-4,1,-2,0,4,1,-4,-1,-2,-2,4,-2,-4,1,-2,0
2387,resize,9,9,1,1,0,0,-2,2,-1,-2,0,-1,-2,-1,-1,2,1,1,-2,2,-1,-2,0,-1,-2,-1,-1,2
2388,resize,6,6,6,1,1,1,0,-1,-2,-2,-1,2,5,-3,0,-3,6,1,0,-1,-2,-2,-1,2,5,-3,0,-3
2389,resize,8,8,8,1,1,1,-1,-1,-1,-1,-1,-1,-1,-2,4,0,8,1,-1,-1,-1,-1,-1,-1,-1,-2,4,0
2390,resize,2,2,2,1,1,1,0,1,6,0,-4,-4,-4,2,-2,-4,2,1,0,1,6,0,-4,-4,-4,2,-2,-4
2391,resize,2,2,2,1,1,1,-3,2,5,0,-2,-2,-2,0,-2,-5,2,1,-3,2,5,0,-2,-2,-2,0,-2,-5
2392,resize,3,3,3,1,1,1,-2,-1,0,4,-3,0,-3,-1,0,-1,3,1,-2,-1,0,4,-3,0,-3,-1,0,-1
2393,resize,8,8,8,1,1,1,-3,-1,0,1,-2,0,-1,-3,4,-1,8,1,-3,-1,0,1,-2,0,-1,-3,4,-1
2394,resize,4,4,4,1,1,1,-2,-1,-1,-2,3,-2,-3,0,-2,2,4,1,-2,-1,-1,-2,3,-2,-3,0,-2,2
2395,resize,8,8,8,1,1,1,0,-1,0,0,-2,0,0,-2,3,-1,8,1,0,-1,0,0,-2,0,0,-2,3,-1
2396,resize,2,2,2,1,1,1,0,0,4,0,-2,-2,-1,-1,-1,-3,2,1,0,0,4,0,-2,-2,-1,-1,-1,-3
2397,resize,2,2,2,1,1,1,0,0,4,1,-4,-3,-3,1,0,-3,2,1,0,0,4,1,-4,-3,-3,1,0,-3
2398,resize,1,1,1,1,1,1,-3,3,-2,-3,0,-1,-3,0,-1,1,1,1,-3,3,-2,-3,0,-1,-3,0,-1,1
2399,resize,7,7,7,1,1,1,-1,0,0,0,-1,-1,-5,4,-1,0,7,1,-1,0,0,0,-1,-1,-5,4,-1,0
2400,resize,5,5,5,1,1,1,-3,0,-2,2,-2,4,-1,0,-1,0,5,1,-3,0,-2,2,-2,4,-1,0,-1,0
2401,resize,4,4,4,1,1,1,-3,-1,-2,-3,5,-2,-3,-1,-2,0,4,1,-3,-1,-2,-3,5,-2,-3,-1,-2,0
2402,resize,4,4,4,1,1,1,-4,-2,-3,-4,6,-2,-4,-1,-4,1,4,1,-4,-2,-3,-4,6,-2,-4,-1,-4,1
2403,resize,0,0,0,1,1,1,5,-3,-2,-1,-2,1,2,-2,-1,-1,0,1,5,-3,-2,-1,-2,1,2,-2,-1,-1
2404,resize,4,4,4,1,1,1,-1,0,-1,-3,4,-1,-1,-2,-4,1,4,1,-1,0,-1,-3,4,-1,-1,-2,-4,1
2405,resize,3,3,2,1,0,0,-1,0,2,2,-3,-1,-3,1,0,-3,2,1,-1,0,2,2,-3,-1,-3,1,0,-3
2406,resize,9,9,9,1,1,1,-1,0,-2,-2,1,-1,-2,0,-1,2,9,1,-1,0,-2,-2,1,-1,-2,0,-1,2
2407,resize,7,7,7,1,1,1,-3,0,0,0,0,-2,-6,4,-2,-1,7,1,-3,0,0,0,0,-2,-6,4,-2,-1
2408,resize,3,3,3,1,1,1,-1,0,-1,2,-1,0,-1,0,0,0,3,1,-1,0,-1,2,-1,0,-1,0,0,0
2409,resize,1,1,1,1,1,1,-2,4,0,-3,-2,-1,-2,1,-1,-3,1,1,-2,4,0,-3,-2,-1,-2,1,-1,-3
2410,resize,0,0,0,1,1,1,4,-1,0,-2,-3,0,-1,0,-1,-3,0,1,4,-1,0,-2,-3,0,-1,0,-1,-3
2411,resize,1,1,1,1,1,1,-3,4,-1,-3,0,-1,-2,0,-2,-1,1,1,-3,4,-1,-3,0,-1,-2,0,-2,-1
2412,resize,2,2,2,1,1,1,-2,1,5,1,-3,-2,-2,0,-1,-5,2,1,-2,1,5,1,-3,-2,-2,0,-1,-5
2413,resize,5,5,5,1,1,1,-2,-1,-2,1,-3,6,-1,-1,-1,1,5,1,-2,-1,-2,1,-3,6,-1,-1,-1,1
2414,resize,9,9,4,1,0,0,-1,-1,-1,-2,2,-2,-2,0,0,2,4,1,-1,-1,-1,-2,2,-2,-2,0,0,2
2415,resize,2,2,2,1,1,1,-1,0,4,0,-1,-2,-1,0,-1,-3,2,1,-1,0,4,0,-1,-2,-1,0,-1,-3
2416,resize,1,1,1,1,1,1,-3,3,-2,-3,0,0,-1,0,-1,-1,1,1,-3,3,-2,-3,0,0,-1,0,-1,-1
2417,resize,0,0,0,1,1,1,3,-3,-3,-1,0,-1,2,-2,-1,1,0,1,3,-3,-3,-1,0,-1,2,-2,-1,1
2418,resize,1,1,1,1,1,1,-2,3,-1,-3,-1,-1,-1,0,-1,-1,1,1,-2,3,-1,-3,-1,-1,-1,0,-1,-1
2419,resize,8,8,8,1,1,1,-1,-1,-1,1,-2,0,0,-1,3,-2,8,1,-1,-1,-1,1,-2,0,0,-1,3,-2
2420,resize,9,9,9,1,1,1,1,-3,-2,1,-1,-2,-4,0,0,3,9,1,1,-3,-2,1,-1,-2,-4,0,0,3
2421,resize,1,1,1,1,1,1,-3,4,-2,-2,-1,-1,-2,0,0,0,1,1,-3,4,-2,-2,-1,-1,-2,0,0,0
2422,resize,6,6,4,1,0,0,-1,-1,-2,-1,1,-1,1,-1,1,0,4,1,-1,-1,-2,-1,1,-1,1,-1,1,0
2423,resize,8,8,8,1,1,1,0,-1,-1,0,-2,0,-1,-2,4,0,8,1,0,-1,-1,0,-2,0,-1,-2,4,0
2424,resize,3,3,3,1,1,1,-3,-1,-1,5,-4,2,-2,-1,0,-1,3,1,-3,-1,-1,5,-4,2,-2,-1,0,-1
2425,resize,8,8,8,1,1,1,-1,0,-1,0,0,1,0,-1,3,0,8,1,-1,0,-1,0,0,1,0,-1,3,0
2426,resize,9,9,9,1,1,1,-1,-2,-1,-1,1,0,-3,0,-1,3,9,1,-1,-2,-1,-1,1,0,-3,0,-1,3
2427,resize,3,3,3,1,1,1,-4,0,0,6,-5,1,-3,-1,0,-2,3,1,-4,0,0,6,-5,1,-3,-1,0,-2
2428,resize,6,6,6,1,1,1,0,-2,-4,-2,-1,2,5,-3,1,-2,6,1,0,-2,-4,-2,-1,2,5,-3,1,-2
2429,resize,2,2,2,1,1,1,0,0,3,0,-2,-2,-1,0,0,-2,2,1,0,0,3,0,-2,-2,-1,0,0,-2
2430,resize,8,8,8,1,1,1,-1,-1,-1,1,-2,1,0,-2,3,-1,8,1,-1,-1,-1,1,-2,1,0,-2,3,-1
2431,resize,3,3,3,1,1,1,-3,-1,-2,6,-4,2,-3,-1,-1,-1,3,1,-3,-1,-2,6,-4,2,-3,-1,-1,-1
2432,resize,2,2,2,1,1,1,0,1,4,0,-3,-3,-2,1,-1,-4,2,1,0,1,4,0,-3,-3,-2,1,-1,-4
2433,resize,2,2,2,1,1,1,-2,1,4,-1,-1,-2,-2,-1,1,-1,2,1,-2,1,4,-1,-1,-2,-2,-1,1,-1
2434,resize,1,1,1,1,1,1,-3,3,-1,-2,0,-1,-2,0,-1,1,1,1,-3,3,-1,-2,0,-1,-2,0,-1,1
2435,resize,0,0,0,1,1,1,4,-2,0,-1,-2,-1,1,-2,-1,-1,0,1,4,-2,0,-1,-2,-1,1,-2,-1,-1
2436,resize,4,4,4,1,1,1,-2,0,0,-3,4,-3,-2,0,-2,0,4,1,-2,0,0,-3,4,-3,-2,0,-2,0
2437,resize,2,2,2,1,1,1,0,1,3,-1,-2,-1,-1,0,-1,-3,2,1,0,1,3,-1,-2,-1,-1,0,-1,-3
2438,resize,9,9,9,1,1,1,-2,-2,-2,-1,1,-1,-4,0,-1,3,9,1,-2,-2,-2,-1,1,-1,-4,0,-1,3
2439,resize,2,2,2,1,1,1,0,1,6,-1,-4,-4,-2,0,-1,-5,2,1,0,1,6,-1,-4,-4,-2,0,-1,-5
2440,resize,4,4,4,1,1,1,-3,-1,-1,-2,4,-2,-3,0,-2,0,4,1,-3,-1,-1,-2,4,-2,-3,0,-2,0
2441,resize,3,3,3,1,1,1,-1,0,1,3,-3,-1,-2,0,1,-1,3,1,-1,0,1,3,-3,-1,-2,0,1,-1
2442,resize,7,7,7,1,1,1,-2,0,0,0,-1,-1,-5,4,-1,-1,7,1,-2,0,0,0,-1,-1,-5,4,-1,-1
2443,resize,9,9,9,1,1,1,-1,-2,-2,0,0,-1,-4,1,-1,4,9,1,-1,-2,-2,0,0,-1,-4,1,-1,4
2444,resize,1,1,1,1,1,1,-3,3,-1,-2,0,0,-2,0,-2,0,1,1,-3,3,-1,-2,0,0,-2,0,-2,0
2445,resize,5,5,5,1,1,1,-2,-1,-1,0,-1,4,-1,0,-1,2,5,1,-2,-1,-1,0,-1,4,-1,0,-1,2
2446,resize,2,2,2,1,1,1,0,0,6,0,-4,-5,-2,1,-1,-5,2,1,0,0,6,0,-4,-5,-2,1,-1,-5
2447,resize,4,4,9,1,0,0,-2,-1,-2,-2,2,-1,-3,0,-2,3,9,1,-2,-1,-2,-2,2,-1,-3,0,-2,3
2448,resize,9,9,9,1,1,1,-2,0,-2,-1,1,-2,-3,0,0,3,9,1,-2,0,-2,-1,1,-2,-3,0,0,3
2449,resize,0,0,0,1,1,1,3,-1,-1,-1,-2,0,-1,0,0,-1,0,1,3,-1,-1,-1,-2,0,-1,0,0,-1
2450,resize,3,3,3,1,1,1,-2,0,-2,3,-2,1,-1,-1,0,0,3,1,-2,0,-2,3,-2,1,-1,-1,0,0
2451,resize,8,8,8,1,1,1,-1,-2,-1,1,-2,-1,-2,-2,5,0,8,1,-1,-2,-1,1,-2,-1,-2,-2,5,0
2452,resize,5,5,5,1,1,1,-3,-1,-3,1,-3,7,-2,-1,-1,2,5,1,-3,-1,-3,1,-3,7,-2,-1,-1,2
2453,resize,3,3,3,1,1,1,-3,-1,-1,4,-3,1,-3,-1,1,0,3,1,-3,-1,-1,4,-3,1,-3,-1,1,0
2454,resize,6,6,6,1,1,1,-1,0,-2,-2,-1,2,3,-3,2,0,6,1,-1,0,-2,-2,-1,2,3,-3,2,0
2455,resize,0,0,0,1,1,1,4,-2,-1,-1,-2,-1,1,-1,-1,0,0,1,4,-2,-1,-1,-2,-1,1,-1,-1,0
2456,resize,9,9,9,1,1,1,-2,-1,-2,-1,1,-1,-3,0,-1,3,9,1,-2,-1,-2,-1,1,-1,-3,0,-1,3
2457,resize,4,4,4,1,1,1,-4,-1,-3,-4,5,-2,-4,-1,-1,1,4,1,-4,-1,-3,-4,5,-2,-4,-1,-1,1
2458,resize,6,6,6,1,1,1,0,-1,-4,-3,-1,2,6,-3,0,-3,6,1,0,-1,-4,-3,-1,2,6,-3,0,-3
2459,resize,2,2,2,1,1,1,-1,0,3,1,-2,-2,-1,0,0,-3,2,1,-1,0,3,1,-2,-2,-1,0,0,-3
2460,resize,5,5,5,1,1,1,-2,0,-1,0,-2,4,0,-1,0,2,5,1,-2,0,-1,0,-2,4,0,-1,0,2
2461,resize,0,0,0,1,1,1,4,-2,-1,-2,-2,0,0,0,0,-1,0,1,4,-2,-1,-2,-2,0,0,0,0,-1
2462,resize,2,2,2,1,1,1,1,-2,2,-2,-2,-1,0,-2,2,0,2,1,1,-2,2,-2,-2,-1,0,-2,2,0
2463,resize,7,7,7,1,1,1,-1,0,0,0,-1,-1,-3,2,0,0,7,1,-1,0,0,0,-1,-1,-3,2,0,0
2464,resize,4,4,4,1,1,1,-3,-1,-1,-3,5,-2,-4,0,-2,1,4,1,-3,-1,-1,-3,5,-2,-4,0,-2,1
2465,resize,6,6,6,1,1,1,-1,-1,-3,-3,0,1,6,-3,0,-3,6,1,-1,-1,-3,-3,0,1,6,-3,0,-3
2466,resize,6,6,6,1,1,1,-2,-1,-1,-2,0,1,4,-2,0,-3,6,1,-2,-1,-1,-2,0,1,4,-2,0,-3
2467,resize,8,8,8,1,1,1,-1,-2,-3,0,-2,0,-1,-3,5,0,8,1,-1,-2,-3,0,-2,0,-1,-3,5,0
2468,resize,6,6,6,1,1,1,-1,-1,-3,-2,0,1,5,-3,0,-3,6,1,-1,-1,-3,-2,0,1,5,-3,0,-3
2469,resize,6,6,6,1,1,1,0,-1,-2,-1,0,1,3,-1,0,-2,6,1,0,-1,-2,-1,0,1,3,-1,0,-2
2470,resize,8,8,8,1,1,1,-1,-2,0,0,-1,-1,-1,-2,5,0,8,1,-1,-2,0,0,-1,-1,-1,-2,5,0
2471,resize,6,6,6,1,1,1,-1,0,-1,-1,0,1,3,-1,0,-3,6,1,-1,0,-1,-1,0,1,3,-1,0,-3
2472,resize,9,9,9,1,1,1,-2,-2,-2,0,0,-1,-4,0,-1,3,9,1,-2,-2,-2,0,0,-1,-4,0,-1,3
2473,resize,1,1,1,1,1,1,-3,3,-2,-3,1,0,-2,0,-1,1,1,1,-3,3,-2,-3,1,0,-2,0,-1,1
2474,resize,7,7,7,1,1,1,-1,-1,0,0,-1,-1,-3,3,0,-1,7,1,-1,-1,0,0,-1,-1,-3,3,0,-1
2475,resize,2,2,2,1,1,1,0,0,4,0,-3,-3,-1,0,0,-3,2,1,0,0,4,0,-3,-3,-1,0,0,-3
2476,resize,5,5,5,1,1,1,-1,-1,-2,0,-2,5,0,-1,0,0,5,1,-1,-1,-2,0,-2,5,0,-1,0,0
2477,resize,9,9,9,1,1,1,-1,-2,-2,0,-1,-1,-5,0,-1,4,9,1,-1,-2,-2,0,-1,-1,-5,0,-1,4
2478,resize,9,9,9,1,1,1,-2,-1,-2,-2,1,-2,-4,-1,-1,4,9,1,-2,-1,-2,-2,1,-2,-4,-1,-1,4
2479,resize,0,0,0,1,1,1,3,-2,-1,0,-1,-1,-1,0,-1,0,0,1,3,-2,-1,0,-1,-1,-1,0,-1,0
2480,resize,7,7,7,1,1,1,-1,0,-1,0,0,-1,-2,1,-1,1,7,1,-1,0,-1,0,0,-1,-2,1,-1,1
2481,resize,2,2,2,1,1,1,0,1,5,0,-3,-3,-3,1,-2,-5,2,1,0,1,5,0,-3,-3,-3,1,-2,-5
2482,resize,7,7,7,1,1,1,-2,0,1,0,-1,-1,-4,3,-1,-1,7,1,-2,0,1,0,-1,-1,-4,3,-1,-1
2483,resize,6,6,6,1,1,1,-1,-1,-2,-2,0,1,4,-3,0,-2,6,1,-1,-1,-2,-2,0,1,4,-3,0,-2
2484,resize,7,7,7,1,1,1,-3,0,-1,0,0,-1,-4,3,-1,-1,7,1,-3,0,-1,0,0,-1,-4,3,-1,-1
2485,resize,0,0,0,1,1,1,5,-1,0,0,-3,-1,0,-2,-1,-1,0,1,5,-1,0,0,-3,-1,0,-2,-1,-1
2486,resize,6,6,6,1,1,1,-1,-1,-3,-3,0,1,6,-3,0,-4,6,1,-1,-1,-3,-3,0,1,6,-3,0,-4
2487,resize,5,5,5,1,1,1,-1,-2,-2,-1,-2,5,0,-3,0,1,5,1,-1,-2,-2,-1,-2,5,0,-3,0,1
2488,resize,2,2,8,1,0,0,-1,0,0,-1,0,-2,-1,0,1,-1,8,1,-1,0,0,-1,0,-2,-1,0,1,-1
2489,resize,4,4,4,1,1,1,-1,-2,-1,-2,3,-2,-3,-1,-1,2,4,1,-1,-2,-1,-2,3,-2,-3,-1,-1,2
2490,resize,7,7,7,1,1,1,-1,0,0,0,0,-1,-3,2,-1,0,7,1,-1,0,0,0,0,-1,-3,2,-1,0
2491,resize,2,2,2,1,1,1,-1,1,5,1,-3,-2,-3,1,-1,-4,2,1,-1,1,5,1,-3,-2,-3,1,-1,-4
2492,resize,0,0,0,1,1,1,4,-3,-1,-1,-2,-1,1,-1,0,0,0,1,4,-3,-1,-1,-2,-1,1,-1,0,0
2493,resize,9,9,9,1,1,1,-2,-3,-3,0,-1,1,-4,-1,-2,5,9,1,-2,-3,-3,0,-1,1,-4,-1,-2,5
2494,resize,9,9,9,1,1,1,0,-2,-1,0,-1,-1,-3,0,0,3,9,1,0,-2,-1,0,-1,-1,-3,0,0,3
2495,resize,2,2,2,1,1,1,-1,1,6,0,-3,-4,-2,0,-1,-5,2,1,-1,1,6,0,-3,-4,-2,0,-1,-5
2496,resize,2,2,2,1,1,1,-3,1,6,2,-4,-2,-2,0,-1,-6,2,1,-3,1,6,2,-4,-2,-2,0,-1,-6
2497,resize,9,9,9,1,1,1,-2,-2,-3,0,-1,-1,-4,-1,-1,5,9,1,-2,-2,-3,0,-1,-1,-4,-1,-1,5
2498,resize,4,4,4,1,1,1,-2,-1,-2,-2,4,-1,-2,-1,-3,0,4,1,-2,-1,-2,-2,4,-1,-2,-1,-3,0
2499,resize,4,4,4,1,1,1,-3,0,-1,-3,4,-2,-3,0,-3,-1,4,1,-3,0,-1,-3,4,-2,-3,0,-3,-1
2500,resize,2,2,2,1,1,1,0,0,4,0,-3,-3,-2,0,0,-3,2,1,0,0,4,0,-3,-3,-2,0,0,-3
2501,resize,3,3,3,1,1,1,-2,-2,-2,6,-5,2,-3,-2,1,0,3,1,-2,-2,-2,6,-5,2,-3,-2,1,0
2502,resize,3,3,3,1,1,1,-3,0,1,5,-3,0,-3,-1,0,-2,3,1,-3,0,1,5,-3,0,-3,-1,0,-2
2503,resize,2,2,2,1,1,1,-2,0,6,2,-4,-4,-3,0,0,-5,2,1,-2,0,6,2,-4,-4,-3,0,0,-5
2504,resize,1,1,1,1,1,1,-3,3,-2,-2,0,0,-2,0,-2,0,1,1,-3,3,-2,-2,0,0,-2,0,-2,0
2505,resize,7,7,7,1,1,1,-3,0,-1,-1,0,-2,-6,5,-1,0,7,1,-3,0,-1,-1,0,-2,-6,5,-1,0
2506,resize,0,0,0,1,1,1,6,-3,-1,-2,-2,-1,2,-2,-2,-1,0,1,6,-3,-1,-2,-2,-1,2,-2,-2,-1
2507,resize,7,7,7,1,1,1,-3,1,1,0,-1,-1,-3,3,-1,-2,7,1,-3,1,1,0,-1,-1,-3,3,-1,-2
2508,resize,6,6,6,1,1,1,0,0,-1,-1,0,0,2,-1,0,-1,6,1,0,0,-1,-1,0,0,2,-1,0,-1
2509,resize,4,4,4,1,1,1,-2,-1,-1,-2,3,-2,-3,0,-1,2,4,1,-2,-1,-1,-2,3,-2,-3,0,-1,2
2510,resize,1,1,1,1,1,1,-3,3,-1,-3,0,-1,-1,0,0,-1,1,1,-3,3,-1,-3,0,-1,-1,0,0,-1
2511,resize,3,3,3,1,1,1,-4,0,1,4,-3,0,-1,0,0,-4,3,1,-4,0,1,4,-3,0,-1,0,0,-4
2512,resize,8,8,8,1,1,1,-1,-1,-2,0,-2,1,0,-3,3,1,8,1,-1,-1,-2,0,-2,1,0,-3,3,1
2513,resize,7,7,7,1,1,1,-4,0,1,0,0,-2,-3,3,-2,-3,7,1,-4,0,1,0,0,-2,-3,3,-2,-3
2514,resize,4,4,4,1,1,1,-2,0,-1,-2,2,0,-2,0,-1,0,4,1,-2,0,-1,-2,2,0,-2,0,-1,0
2515,resize,5,5,5,1,1,1,-2,-2,-1,-1,-1,4,0,-2,1,1,5,1,-2,-2,-1,-1,-1,4,0,-2,1,1
2516,resize,9,9,9,1,1,1,0,-1,-1,0,0,-3,-2,-1,1,2,9,1,0,-1,-1,0,0,-3,-2,-1,1,2
2517,resize,2,2,2,1,1,1,0,1,6,0,-3,-4,-2,1,-1,-6,2,1,0,1,6,0,-3,-4,-2,1,-1,-6
2518,resize,5,5,5,1,1,1,-2,-2,-2,-1,-2,6,0,-2,1,1,5,1,-2,-2,-2,-1,-2,6,0,-2,1,1
2519,resize,1,1,1,1,1,1,-3,3,-1,-2,0,0,-2,0,-1,-1,1,1,-3,3,-1,-2,0,0,-2,0,-1,-1
2520,resize,8,8,8,1,1,1,-1,-1,-2,-1,-1,0,-1,-3,5,0,8,1,-1,-1,-2,-1,-1,0,-1,-3,5,0
2521,resize,7,7,7,1,1,1,-1,-1,0,0,0,-2,-3,3,0,0,7,1,-1,-1,0,0,0,-2,-3,3,0,0
2522,resize,3,3,3,1,1,1,-4,0,-1,5,-2,2,-3,0,0,-1,3,1,-4,0,-1,5,-2,2,-3,0,0,-1
2523,resize,7,7,7,1,1,1,-2,0,-1,0,1,-1,-3,2,-1,0,7,1,-2,0,-1,0,1,-1,-3,2,-1,0
2524,resize,1,1,1,1,1,1,-2,3,0,-2,-2,0,-1,0,0,-2,1,1,-2,3,0,-2,-2,0,-1,0,0,-2
2525,resize,5,5,5,1,1,1,-2,-2,-2,1,-2,5,-1,-2,1,1,5,1,-2,-2,-2,1,-2,5,-1,-2,1,1
2526,resize,5,5,5,1,1,1,-3,-1,-2,1,-2,5,-1,-1,0,1,5,1,-3,-1,-2,1,-2,5,-1,-1,0,1
2527,resize,0,0,0,1,1,1,5,-2,-1,-2,-2,-2,1,-1,-2,-1,0,1,5,-2,-1,-2,-2,-2,1,-1,-2,-1
2528,resize,9,9,9,1,1,1,0,-1,-1,0,0,-1,-1,-1,-1,2,9,1,0,-1,-1,0,0,-1,-1,-1,-1,2
2529,resize,1,1,1,1,1,1,-3,4,-2,-4,-1,-1,-2,0,-1,-1,1,1,-3,4,-2,-4,-1,-1,-2,0,-1,-1
2530,resize,4,4,4,1,1,1,-3,-1,-1,-2,4,-1,-2,0,-2,0,4,1,-3,-1,-1,-2,4,-1,-2,0,-2,0
2531,resize,0,0,0,1,1,1,6,-3,-1,-1,-3,1,2,-2,-1,-1,0,1,6,-3,-1,-1,-3,1,2,-2,-1,-1
2532,resize,6,6,5,1,0,0,0,0,0,-1,-1,1,1,-1,0,-1,5,1,0,0,0,-1,-1,1,1,-1,0,-1
2533,resize,3,3,3,1,1,1,-3,1,0,2,-2,0,-2,1,0,-2,3,1,-3,1,0,2,-2,0,-2,1,0,-2
2534,resize,3,3,3,1,1,1,-3,0,-2,4,-3,3,-2,0,-1,-1,3,1,-3,0,-2,4,-3,3,-2,0,-1,-1
2535,resize,6,6,6,1,1,1,-1,-1,-3,-2,0,1,5,-3,1,-2,6,1,-1,-1,-3,-2,0,1,5,-3,1,-2
2536,resize,0,0,0,1,1,1,5,-3,0,-2,-2,-1,1,-1,-1,-1,0,1,5,-3,0,-2,-2,-1,1,-1,-1,-1
2537,resize,4,4,4,1,1,1,-3,-1,-2,-3,4,-2,-2,-1,-2,0,4,1,-3,-1,-2,-3,4,-2,-2,-1,-2,0
2538,resize,9,9,9,1,1,1,-1,-2,-4,0,-1,-2,-5,-1,0,5,9,1,-1,-2,-4,0,-1,-2,-5,-1,0,5
2539,resize,7,7,7,1,1,1,-3,1,0,0,0,-2,-3,3,-2,-1,7,1,-3,1,0,0,0,-2,-3,3,-2,-1
2540,resize,5,5,5,1,1,1,-2,-1,-2,1,-2,6,0,-1,0,0,5,1,-2,-1,-2,1,-2,6,0,-1,0,0
2541,resize,1,1,1,1,1,1,-3,4,-1,-3,0,-1,-2,0,-1,0,1,1,-3,4,-1,-3,0,-1,-2,0,-1,0
2542,resize,6,6,6,1,1,1,1,-1,-2,-2,-1,1,5,-3,-1,-2,6,1,1,-1,-2,-2,-1,1,5,-3,-1,-2
2543,resize,8,8,8,1,1,1,1,-2,-1,2,-5,0,-2,-2,4,-1,8,1,1,-2,-1,2,-5,0,-2,-2,4,-1
2544,resize,9,9,9,1,1,1,-2,-2,-2,-1,1,-1,-4,1,-1,3,9,1,-2,-2,-2,-1,1,-1,-4,1,-1,3
2545,resize,5,5,5,1,1,1,-2,-1,-2,1,-3,5,-1,-1,1,0,5,1,-2,-1,-2,1,-3,5,-1,-1,1,0
2546,resize,5,5,5,1,1,1,-1,-1,-1,-1,-2,5,0,-2,1,1,5,1,-1,-1,-1,-1,-2,5,0,-2,1,1
2547,resize,7,7,7,1,1,1,-2,0,2,1,-1,-2,-3,3,-2,-3,7,1,-2,0,2,1,-1,-2,-3,3,-2,-3
2548,resize,9,9,9,1,1,1,-1,0,-1,-1,1,-2,-3,1,-2,2,9,1,-1,0,-1,-1,1,-2,-3,1,-2,2
2549,resize,3,3,3,1,1,1,-2,-1,-1,6,-5,1,-3,-1,1,0,3,1,-2,-1,-1,6,-5,1,-3,-1,1,0
2550,resize,8,8,8,1,1,1,0,-2,-2,0,-3,1,0,-3,5,-2,8,1,0,-2,-2,0,-3,1,0,-3,5,-2
2551,resize,3,3,3,1,1,1,-4,-1,-2,6,-5,2,-3,-2,1,-1,3,1,-4,-1,-2,6,-5,2,-3,-2,1,-1
2552,resize,8,8,8,1,1,1,0,-1,-1,0,-1,0,-1,-2,3,0,8,1,0,-1,-1,0,-1,0,-1,-2,3,0
2553,resize,1,1,1,1,1,1,-3,4,-1,-2,0,-1,-2,1,-2,-1,1,1,-3,4,-1,-2,0,-1,-2,1,-2,-1
2554,resize,5,5,5,1,1,1,-2,-2,-3,0,-2,6,0,-2,1,1,5,1,-2,-2,-3,0,-2,6,0,-2,1,1
2555,resize,3,3,3,1,1,1,-3,-1,-2,6,-4,2,-3,-1,0,-1,3,1,-3,-1,-2,6,-4,2,-3,-1,0,-1
2556,resize,5,5,5,1,1,1,-1,-1,-1,-1,-2,4,0,-1,1,1,5,1,-1,-1,-1,-1,-2,4,0,-1,1,1
2557,resize,0,0,0,1,1,1,5,-2,-1,-1,-3,0,1,-2,-1,-1,0,1,5,-2,-1,-1,-3,0,1,-2,-1,-1
2558,resize,5,5,5,1,1,1,-3,-1,-3,1,-3,7,-1,-2,0,1,5,1,-3,-1,-3,1,-3,7,-1,-2,0,1
2559,resize,5,5,5,1,1,1,-2,0,-2,2,-3,5,-1,-2,1,1,5,1,-2,0,-2,2,-3,5,-1,-2,1,1
2560,resize,3,3,3,1,1,1,-2,0,0,3,-2,1,-1,-1,1,-1,3,1,-2,0,0,3,-2,1,-1,-1,1,-1
2561,resize,8,8,8,1,1,1,-1,-1,-2,0,-2,0,-1,-3,4,0,8,1,-1,-1,-2,0,-2,0,-1,-3,4,0
2562,resize,6,6,6,1,1,1,0,-2,-3,-2,-2,2,5,-4,0,-3,6,1,0,-2,-3,-2,-2,2,5,-4,0,-3
2563,resize,7,7,7,1,1,1,-2,0,1,0,-1,-1,-4,4,-1,-1,7,1,-2,0,1,0,-1,-1,-4,4,-1,-1
2564,resize,7,7,7,1,1,1,-1,1,1,0,-2,-1,-4,3,-1,-1,7,1,-1,1,1,0,-2,-1,-4,3,-1,-1
2565,resize,7,7,7,1,1,1,-2,0,0,0,0,-1,-5,4,-1,-1,7,1,-2,0,0,0,0,-1,-5,4,-1,-1
2566,resize,3,3,3,1,1,1,-4,0,-1,5,-4,1,-3,-1,0,-1,3,1,-4,0,-1,5,-4,1,-3,-1,0,-1
2567,resize,7,7,7,1,1,1,-2,0,0,0,0,-1,-5,4,-1,0,7,1,-2,0,0,0,0,-1,-5,4,-1,0
2568,resize,0,0,0,1,1,1,5,-1,0,-1,-2,0,1,-2,-1,-1,0,1,5,-1,0,-1,-2,0,1,-2,-1,-1
2569,resize,5,5,5,1,1,1,-2,-1,-2,0,-1,5,-1,0,0,1,5,1,-2,-1,-2,0,-1,5,-1,0,0,1
2570,resize,9,9,9,1,1,1,-1,-1,-3,-1,0,-2,-4,-1,0,4,9,1,-1,-1,-3,-1,0,-2,-4,-1,0,4
2571,resize,0,0,0,1,1,1,3,-1,-1,-1,-2,-1,-1,0,0,0,0,1,3,-1,-1,-1,-2,-1,-1,0,0,0
2572,resize,2,2,2,1,1,1,-1,0,5,-1,-2,-3,-2,-1,0,-2,2,1,-1,0,5,-1,-2,-3,-2,-1,0,-2
2573,resize,5,5,5,1,1,1,-1,0,-1,0,-2,3,0,-1,1,0,5,1,-1,0,-1,0,-2,3,0,-1,1,0
2574,resize,5,5,5,1,1,1,-1,-1,-1,1,-1,3,-1,-1,0,1,5,1,-1,-1,-1,1,-1,3,-1,-1,0,1
2575,resize,3,3,3,1,1,1,-3,-1,-1,6,-5,0,-3,-1,1,-1,3,1,-3,-1,-1,6,-5,0,-3,-1,1,-1
2576,resize,1,1,1,1,1,1,-3,3,-1,-2,0,0,-2,0,-2,0,1,1,-3,3,-1,-2,0,0,-2,0,-2,0
2577,resize,7,7,7,1,1,1,-3,1,0,-1,0,-2,-3,3,-2,0,7,1,-3,1,0,-1,0,-2,-3,3,-2,0
2578,resize,7,7,7,1,1,1,0,1,0,-1,-1,-2,-3,2,-1,-1,7,1,0,1,0,-1,-1,-2,-3,2,-1,-1
2579,resize,8,8,8,1,1,1,0,-2,-1,0,-3,-1,-2,-2,6,-1,8,1,0,-2,-1,0,-3,-1,-2,-2,6,-1
2580,resize,6,6,6,1,1,1,-1,-1,-3,-1,-1,2,5,-3,1,-4,6,1,-1,-1,-3,-1,-1,2,5,-3,1,-4
2581,resize,5,5,5,1,1,1,-1,-1,-2,-1,-1,5,0,-1,0,1,5,1,-1,-1,-2,-1,-1,5,0,-1,0,1
2582,resize,9,9,3,1,0,0,-1,-1,-1,1,-1,1,-3,0,-1,1,3,1,-1,-1,-1,1,-1,1,-3,0,-1,1
2583,resize,3,3,3,1,1,1,-4,-1,-1,6,-4,1,-2,-1,1,-1,3,1,-4,-1,-1,6,-4,1,-2,-1,1,-1
2584,resize,8,8,8,1,1,1,-2,-1,-2,-1,-1,1,1,-3,5,-1,8,1,-2,-1,-2,-1,-1,1,1,-3,5,-1
2585,resize,9,9,9,1,1,1,-1,-2,-2,0,0,-2,-4,0,-1,4,9,1,-1,-2,-2,0,0,-2,-4,0,-1,4
2586,resize,5,5,5,1,1,1,-2,-1,-3,2,-2,6,-2,-1,0,1,5,1,-2,-1,-3,2,-2,6,-2,-1,0,1
2587,resize,3,3,3,1,1,1,-3,-1,-2,4,-2,2,-2,0,0,-1,3,1,-3,-1,-2,4,-2,2,-2,0,0,-1
2588,resize,7,7,7,1,1,1,-2,-1,-2,-1,0,0,-6,5,-2,1,7,1,-2,-1,-2,-1,0,0,-6,5,-2,1
2589,resize,9,9,9,1,1,1,1,-3,-2,2,-2,0,-4,0,0,3,9,1,1,-3,-2,2,-2,0,-4,0,0,3
2590,resize,1,1,1,1,1,1,-2,4,-1,-3,0,-2,-2,1,-2,-1,1,1,-2,4,-1,-3,0,-2,-2,1,-2,-1
2591,resize,7,7,7,1,1,1,-2,1,0,0,0,-2,-4,3,-1,-1,7,1,-2,1,0,0,0,-2,-4,3,-1,-1
2592,resize,0,0,0,1,1,1,5,-3,0,-2,-2,-1,0,-1,-1,-1,0,1,5,-3,0,-2,-2,-1,0,-1,-1,-1
2593,resize,0,0,0,1,1,1,4,-2,0,-1,-3,-1,0,-2,0,0,0,1,4,-2,0,-1,-3,-1,0,-2,0,0
2594,resize,3,3,3,1,1,1,-4,0,-1,5,-3,1,-2,0,0,-3,3,1,-4,0,-1,5,-3,1,-2,0,0,-3
2595,resize,7,7,7,1,1,1,-3,1,0,0,0,-2,-5,5,-2,-1,7,1,-3,1,0,0,0,-2,-5,5,-2,-1
2596,resize,2,2,2,1,1,1,-1,1,3,0,-2,-2,-2,1,-1,-3,2,1,-1,1,3,0,-2,-2,-2,1,-1,-3
2597,resize,5,3,3,0,0,1,-3,0,0,4,-4,2,-2,-1,-1,-1,3,1,-3,0,0,4,-4,2,-2,-1,-1,-1
2598,resize,8,8,8,1,1,1,0,1,0,0,-1,0,0,-1,2,-2,8,1,0,1,0,0,-1,0,0,-1,2,-2
2599,resize,1,1,1,1,1,1,-3,4,-1,-2,-1,-1,-2,1,-1,-1,1,1,-3,4,-1,-2,-1,-1,-2,1,-1,-1
2600,resize,8,8,8,1,1,1,-2,-1,-2,-1,0,-1,0,-2,5,-1,8,1,-2,-1,-2,-1,0,-1,0,-2,5,-1
2601,resize,6,6,6,1,1,1,0,-1,-4,-2,-1,2,5,-3,1,-1,6,1,0,-1,-4,-2,-1,2,5,-3,1,-1
2602,resize,2,2,2,1,1,1,-1,1,5,0,-3,-3,-2,1,-2,-4,2,1,-1,1,5,0,-3,-3,-2,1,-2,-4
2603,resize,9,9,9,1,1,1,-2,-2,-3,-1,1,-2,-4,-1,-1,4,9,1,-2,-2,-3,-1,1,-2,-4,-1,-1,4
2604,resize,5,5,5,1,1,1,-2,-1,-2,1,-2,4,-1,-1,0,1,5,1,-2,-1,-2,1,-2,4,-1,-1,0,1
2605,resize,7,7,7,1,1,1,-4,1,-1,0,0,-1,-5,4,-2,0,7,1,-4,1,-1,0,0,-1,-5,4,-2,0
2606,resize,5,5,5,1,1,1,-3,-2,-3,0,-2,6,0,-2,1,1,5,1,-3,-2,-3,0,-2,6,0,-2,1,1
2607,resize,7,7,7,1,1,1,-4,0,1,-1,1,-3,-3,2,-1,-3,7,1,-4,0,1,-1,1,-3,-3,2,-1,-3
2608,resize,8,8,8,1,1,1,-1,-1,-2,0,-1,0,-1,-3,3,1,8,1,-1,-1,-2,0,-1,0,-1,-3,3,1
2609,resize,6,6,6,1,1,1,0,-2,-2,-1,0,2,5,-2,1,-3,6,1,0,-2,-2,-1,0,2,5,-2,1,-3
2610,resize,2,2,2,1,1,1,-1,-1,3,0,-3,-2,-2,0,2,-2,2,1,-1,-1,3,0,-3,-2,-2,0,2,-2
2611,resize,5,5,5,1,1,1,-1,-2,-2,0,-1,4,0,-2,0,2,5,1,-1,-2,-2,0,-1,4,0,-2,0,2
2612,resize,1,1,1,1,1,1,-3,4,-1,-2,0,-2,-2,0,-1,0,1,1,-3,4,-1,-2,0,-2,-2,0,-1,0
2613,resize,4,4,4,1,1,1,-4,-1,-1,-4,6,-3,-5,0,-3,0,4,1,-4,-1,-1,-4,6,-3,-5,0,-3,0
2614,resize,8,8,8,1,1,1,-1,-2,-2,0,-3,0,-2,-3,6,0,8,1,-1,-2,-2,0,-3,0,-2,-3,6,0
2615,resize,4,4,4,1,1,1,-5,-1,-2,-5,6,-2,-4,-1,-3,0,4,1,-5,-1,-2,-5,6,-2,-4,-1,-3,0
2616,resize,5,5,5,1,1,1,-3,0,-3,0,-3,6,0,-1,0,0,5,1,-3,0,-3,0,-3,6,0,-1,0,0
2617,resize,8,8,8,1,1,1,0,-1,-1,0,-2,1,-1,-2,3,0,8,1,0,-1,-1,0,-2,1,-1,-2,3,0
2618,resize,3,3,3,1,1,1,-3,-1,-2,5,-4,3,-3,-1,0,0,3,1,-3,-1,-2,5,-4,3,-3,-1,0,0
2619,resize,0,0,0,1,1,1,4,-2,-1,-1,-2,-2,-1,-1,-1,0,0,1,4,-2,-1,-1,-2,-2,-1,-1,-1,0
2620,resize,6,6,6,1,1,1,0,-2,-3,-2,-1,2,5,-4,1,-2,6,1,0,-2,-3,-2,-1,2,5,-4,1,-2
2621,resize,2,2,2,1,1,1,0,0,6,-1,-2,-3,-2,0,-1,-4,2,1,0,0,6,-1,-2,-3,-2,0,-1,-4
2622,resize,7,7,7,1,1,1,-3,1,1,0,0,-2,-3,3,-1,-1,7,1,-3,1,1,0,0,-2,-3,3,-1,-1
2623,resize,3,3,3,1,1,1,-5,0,-1,6,-3,2,-3,1,0,-3,3,1,-5,0,-1,6,-3,2,-3,1,0,-3
2624,resize,3,3,3,1,1,1,-2,0,0,3,-3,0,-2,-1,1,-1,3,1,-2,0,0,3,-3,0,-2,-1,1,-1
2625,resize,2,2,2,1,1,1,0,1,6,-1,-3,-4,-2,1,-2,-5,2,1,0,1,6,-1,-3,-4,-2,1,-2,-5
2626,resize,1,1,1,1,1,1,-4,4,-2,-3,0,1,-2,0,-2,0,1,1,-4,4,-2,-3,0,1,-2,0,-2,0
2627,resize,0,0,0,1,1,1,4,-2,0,-2,-3,1,1,-2,0,-1,0,1,4,-2,0,-2,-3,1,1,-2,0,-1
2628,resize,7,7,7,1,1,1,-3,1,1,0,0,-2,-3,3,-1,-2,7,1,-3,1,1,0,0,-2,-3,3,-1,-2
2629,resize,3,3,3,1,1,1,-3,-1,-2,5,-4,3,-1,-2,1,-1,3,1,-3,-1,-2,5,-4,3,-1,-2,1,-1
2630,resize,4,4,4,1,1,1,-3,-1,-2,-2,3,-2,-4,-1,0,2,4,1,-3,-1,-2,-2,3,-2,-4,-1,0,2
2631,resize,0,0,0,1,1,1,4,-2,-2,-1,-1,0,2,-1,-1,-1,0,1,4,-2,-2,-1,-1,0,2,-1,-1,-1
2632,resize,3,3,3,1,1,1,-5,0,1,6,-4,1,-3,-1,0,-3,3,1,-5,0,1,6,-4,1,-3,-1,0,-3
2633,resize,9,9,9,1,1,1,-1,-3,-3,0,0,0,-4,-1,-1,4,9,1,-1,-3,-3,0,0,0,-4,-1,-1,4
2634,resize,3,3,3,1,1,1,-4,-1,-2,6,-4,2,-3,-1,1,-1,3,1,-4,-1,-2,6,-4,2,-3,-1,1,-1
2635,resize,2,2,2,1,1,1,-2,1,4,0,-2,-2,-2,2,-2,-4,2,1,-2,1,4,0,-2,-2,-2,2,-2,-4
2636,resize,8,8,8,1,1,1,-1,-1,-1,-1,-1,1,0,-2,4,-1,8,1,-1,-1,-1,-1,-1,1,0,-2,4,-1
2637,resize,9,9,9,1,1,1,-1,-2,-1,-1,1,-3,-4,0,-1,4,9,1,-1,-2,-1,-1,1,-3,-4,0,-1,4
2638,resize,0,0,0,1,1,1,4,-2,-3,-1,-1,1,3,-3,-1,-1,0,1,4,-2,-3,-1,-1,1,3,-3,-1,-1
2639,resize,3,3,3,1,1,1,-3,-1,-1,4,-4,2,-2,-1,1,0,3,1,-3,-1,-1,4,-4,2,-2,-1,1,0
2640,resize,8,8,8,1,1,1,-1,-1,-1,0,-1,0,0,-2,3,-1,8,1,-1,-1,-1,0,-1,0,0,-2,3,-1
2641,resize,0,0,0,1,1,1,3,-2,-1,-1,-3,1,3,-2,0,-2,0,1,3,-2,-1,-1,-3,1,3,-2,0,-2
2642,resize,7,7,7,1,1,1,-1,0,0,-1,-1,-1,-3,3,-1,-1,7,1,-1,0,0,-1,-1,-1,-3,3,-1,-1
2643,resize,6,6,6,1,1,1,-1,-1,-1,-2,-1,2,5,-3,0,-3,6,1,-1,-1,-1,-2,-1,2,5,-3,0,-3
2644,resize,5,5,5,1,1,1,-2,-2,-3,0,-3,7,0,-2,0,1,5,1,-2,-2,-3,0,-3,7,0,-2,0,1
2645,resize,4,4,4,1,1,1,-2,-1,-1,-1,2,-1,-3,0,-2,1,4,1,-2,-1,-1,-1,2,-1,-3,0,-2,1
2646,resize,7,7,7,1,1,1,-3,1,0,0,0,-2,-4,4,-1,-1,7,1,-3,1,0,0,0,-2,-4,4,-1,-1
2647,resize,3,3,3,1,1,1,-3,-1,-1,6,-4,1,-3,-1,0,-1,3,1,-3,-1,-1,6,-4,1,-3,-1,0,-1
2648,resize,9,9,3,1,0,0,0,-1,0,2,-2,1,-1,-1,1,1,3,1,0,-1,0,2,-2,1,-1,-1,1,1
2649,resize,0,0,0,1,1,1,4,-3,-1,-1,-3,0,1,-2,1,-1,0,1,4,-3,-1,-1,-3,0,1,-2,1,-1
2650,resize,8,8,8,1,1,1,-1,-1,-1,0,-1,0,0,-2,3,0,8,1,-1,-1,-1,0,-1,0,0,-2,3,0
2651,resize,6,6,6,1,1,1,1,-1,-2,-2,-2,2,4,-3,0,-2,6,1,1,-1,-2,-2,-2,2,4,-3,0,-2
2652,resize,2,2,2,1,1,1,0,1,5,0,-3,-3,-2,1,-2,-4,2,1,0,1,5,0,-3,-3,-2,1,-2,-4
2653,resize,5,5,5,1,1,1,-2,-1,-2,2,-3,5,-1,-1,0,0,5,1,-2,-1,-2,2,-3,5,-1,-1,0,0
2654,resize,6,1,1,0,0,1,-3,3,-2,-3,0,0,0,-2,-1,0,1,1,-3,3,-2,-3,0,0,0,-2,-1,0
2655,resize,1,1,1,1,1,1,-2,3,-2,-3,-1,-1,-1,0,-1,-1,1,1,-2,3,-2,-3,-1,-1,-1,0,-1,-1
2656,resize,0,0,0,1,1,1,5,-2,-2,-1,-3,0,0,0,0,-1,0,1,5,-2,-2,-1,-3,0,0,0,0,-1
2657,resize,0,0,0,1,1,1,5,-3,-2,-1,-3,0,1,-2,-1,0,0,1,5,-3,-2,-1,-3,0,1,-2,-1,0
2658,resize,4,4,4,1,1,1,-3,0,-2,-3,4,-2,-1,0,-2,0,4,1,-3,0,-2,-3,4,-2,-1,0,-2,0
2659,resize,4,4,4,1,1,1,-3,-1,-2,-2,3,-1,-3,0,0,0,4,1,-3,-1,-2,-2,3,-1,-3,0,0,0
2660,resize,0,0,0,1,1,1,4,-1,0,-1,-3,0,0,-1,0,0,0,1,4,-1,0,-1,-3,0,0,-1,0,0
2661,resize,1,1,1,1,1,1,-3,4,-2,-4,-1,-1,-1,0,-1,-2,1,1,-3,4,-2,-4,-1,-1,-1,0,-1,-2
2662,resize,2,2,2,1,1,1,-1,1,6,-1,-2,-3,-1,-1,-1,-5,2,1,-1,1,6,-1,-2,-3,-1,-1,-1,-5
2663,resize,3,3,3,1,1,1,-3,0,-1,5,-3,0,-3,0,0,-1,3,1,-3,0,-1,5,-3,0,-3,0,0,-1
2664,resize,2,2,2,1,1,1,0,1,6,0,-3,-3,-1,-1,-2,-5,2,1,0,1,6,0,-3,-3,-1,-1,-2,-5
2665,resize,7,7,7,1,1,1,-2,1,2,0,-1,-2,-3,3,-2,-3,7,1,-2,1,2,0,-1,-2,-3,3,-2,-3
2666,resize,7,7,7,1,1,1,-3,1,0,0,0,-2,-4,4,-2,-2,7,1,-3,1,0,0,0,-2,-4,4,-2,-2
2667,resize,8,8,8,1,1,1,-1,-1,-1,-1,-2,2,1,-3,5,-1,8,1,-1,-1,-1,-1,-2,2,1,-3,5,-1
2668,resize,5,5,5,1,1,1,-1,-1,-1,-1,-1,4,-1,0,-1,1,5,1,-1,-1,-1,-1,-1,4,-1,0,-1,1
2669,resize,2,2,2,1,1,1,-1,1,6,0,-3,-4,-2,0,-1,-5,2,1,-1,1,6,0,-3,-4,-2,0,-1,-5
2670,resize,5,5,5,1,1,1,-1,-1,-2,1,-2,5,0,-2,1,1,5,1,-1,-1,-2,1,-2,5,0,-2,1,1
2671,resize,7,7,7,1,1,1,-1,-1,0,1,-1,-1,-4,2,0,0,7,1,-1,-1,0,1,-1,-1,-4,2,0,0
2672,resize,6,6,6,1,1,1,1,-1,-2,-2,-1,0,4,-2,0,-2,6,1,1,-1,-2,-2,-1,0,4,-2,0,-2
2673,resize,9,9,9,1,1,1,-2,-1,-2,0,-1,-2,-4,0,0,4,9,1,-2,-1,-2,0,-1,-2,-4,0,0,4
2674,resize,1,1,1,1,1,1,-2,3,-1,-2,0,-1,-2,1,-1,-1,1,1,-2,3,-1,-2,0,-1,-2,1,-1,-1
2675,resize,4,4,4,1,1,1,-4,0,-1,-4,6,-3,-4,-1,-3,-1,4,1,-4,0,-1,-4,6,-3,-4,-1,-3,-1
2676,resize,1,1,1,1,1,1,-1,3,0,-2,-2,-1,-1,0,0,-2,1,1,-1,3,0,-2,-2,-1,-1,0,0,-2
2677,resize,6,6,6,1,1,1,-1,-1,-2,-2,-1,2,6,-4,1,-4,6,1,-1,-1,-2,-2,-1,2,6,-4,1,-4
2678,resize,4,4,4,1,1,1,-3,0,-2,-3,3,-1,-2,0,-2,1,4,1,-3,0,-2,-3,3,-1,-2,0,-2,1
2679,resize,2,2,2,1,1,1,-1,0,6,0,-3,-4,-2,0,-1,-5,2,1,-1,0,6,0,-3,-4,-2,0,-1,-5
2680,resize,4,4,4,1,1,1,-3,-1,0,-2,3,-2,-3,0,-1,0,4,1,-3,-1,0,-2,3,-2,-3,0,-1,0
2681,resize,3,3,3,1,1,1,-1,-1,-1,4,-4,0,-2,-1,1,0,3,1,-1,-1,-1,4,-4,0,-2,-1,1,0
2682,resize,5,5,5,1,1,1,-2,-1,-2,-1,-2,6,0,-2,1,1,5,1,-2,-1,-2,-1,-2,6,0,-2,1,1
2683,resize,4,4,4,1,1,1,-3,-1,-2,-3,3,-1,-2,0,-1,1,4,1,-3,-1,-2,-3,3,-1,-2,0,-1,1
2684,resize,3,3,3,1,1,1,-1,0,0,2,-2,0,-1,0,0,-2,3,1,-1,0,0,2,-2,0,-1,0,0,-2
2685,resize,9,9,9,1,1,1,-2,-1,-2,-1,1,-1,-3,-1,0,4,9,1,-2,-1,-2,-1,1,-1,-3,-1,0,4
2686,resize,5,5,5,1,1,1,-1,-1,-1,0,-2,4,0,-2,1,0,5,1,-1,-1,-1,0,-2,4,0,-2,1,0
2687,resize,0,0,0,1,1,1,5,-2,0,-1,-3,0,0,-1,-1,0,0,1,5,-2,0,-1,-3,0,0,-1,-1,0
2688,resize,1,1,1,1,1,1,-3,3,-1,-2,0,0,-2,1,-1,0,1,1,-3,3,-1,-2,0,0,-2,1,-1,0
2689,resize,5,5,5,1,1,1,-1,0,-1,0,-1,3,0,0,-1,1,5,1,-1,0,-1,0,-1,3,0,0,-1,1
2690,resize,3,3,3,1,1,1,-3,0,-1,5,-4,1,-2,-1,1,-1,3,1,-3,0,-1,5,-4,1,-2,-1,1,-1
2691,resize,8,8,8,1,1,1,-2,-1,-1,0,-1,0,0,-3,4,-1,8,1,-2,-1,-1,0,-1,0,0,-3,4,-1
2692,resize,9,9,9,1,1,1,-1,-2,-2,-1,1,-2,-4,0,-1,3,9,1,-1,-2,-2,-1,1,-2,-4,0,-1,3
2693,resize,1,1,1,1,1,1,-2,4,-1,-3,-1,-1,-1,0,-1,-1,1,1,-2,4,-1,-3,-1,-1,-1,0,-1,-1
2694,resize,9,9,9,1,1,1,-1,-2,-1,1,-1,0,-3,0,-1,3,9,1,-1,-2,-1,1,-1,0,-3,0,-1,3
2695,resize,7,7,5,1,0,0,-2,-1,-2,1,0,2,-1,1,-1,0,5,1,-2,-1,-2,1,0,2,-1,1,-1,0
2696,resize,9,9,9,1,1,1,0,-2,-2,0,1,-1,-2,0,-1,3,9,1,0,-2,-2,0,1,-1,-2,0,-1,3
2697,resize,5,5,5,1,1,1,-2,0,-1,-1,-1,4,0,-2,1,1,5,1,-2,0,-1,-1,-1,4,0,-2,1,1
2698,resize,5,5,5,1,1,1,-1,-1,-2,1,-2,4,0,-1,0,1,5,1,-1,-1,-2,1,-2,4,0,-1,0,1
2699,resize,2,2,2,1,1,1,-1,0,3,0,-1,-2,-1,0,-1,-3,2,1,-1,0,3,0,-1,-2,-1,0,-1,-3
2700,resize,7,7,7,1,1,1,-2,0,1,0,-1,-1,-4,3,-1,0,7,1,-2,0,1,0,-1,-1,-4,3,-1,0
2701,resize,4,4,4,1,1,1,-3,0,-1,-3,4,-2,-4,0,-3,0,4,1,-3,0,-1,-3,4,-2,-4,0,-3,0
2702,resize,6,6,6,1,1,1,0,-2,-3,-2,0,1,5,-2,0,-2,6,1,0,-2,-3,-2,0,1,5,-2,0,-2
2703,resize,0,0,0,1,1,1,3,-1,-1,0,-1,1,1,-2,-1,-1,0,1,3,-1,-1,0,-1,1,1,-2,-1,-1
2704,resize,1,1,1,1,1,1,-2,3,-1,-3,0,-1,-1,0,-1,-1,1,1,-2,3,-1,-3,0,-1,-1,0,-1,-1
2705,resize,1,1,1,1,1,1,-1,2,0,-1,0,-1,-1,0,-1,1,1,1,-1,2,0,-1,0,-1,-1,0,-1,1
2706,resize,1,1,1,1,1,1,-2,3,0,-2,0,0,-2,1,-1,0,1,1,-2,3,0,-2,0,0,-2,1,-1,0
2707,resize,0,0,0,1,1,1,7,-3,-1,-2,-4,-1,1,-1,-1,-1,0,1,7,-3,-1,-2,-4,-1,1,-1,-1,-1
2708,resize,4,4,4,1,1,1,-3,0,-1,-2,3,-1,-2,0,-2,1,4,1,-3,0,-1,-2,3,-1,-2,0,-2,1
2709,resize,4,4,4,1,1,1,-3,0,0,-2,3,-1,-3,0,-3,-1,4,1,-3,0,0,-2,3,-1,-3,0,-3,-1
2710,resize,7,7,7,1,1,1,-1,0,0,0,-1,-1,-4,2,-1,0,7,1,-1,0,0,0,-1,-1,-4,2,-1,0
2711,resize,6,6,6,1,1,1,-1,-2,-3,-3,-1,2,7,-3,0,-4,6,1,-1,-2,-3,-3,-1,2,7,-3,0,-4
2712,resize,3,3,3,1,1,1,-3,0,-1,5,-3,2,-3,-1,0,-1,3,1,-3,0,-1,5,-3,2,-3,-1,0,-1
2713,resize,0,0,0,1,1,1,2,-2,-2,-1,-2,0,0,0,2,-1,0,1,2,-2,-2,-1,-2,0,0,0,2,-1
2714,resize,0,0,0,1,1,1,5,-2,0,-2,-2,-2,1,-1,-2,-1,0,1,5,-2,0,-2,-2,-2,1,-1,-2,-1
2715,resize,4,4,4,1,1,1,-4,-1,-1,-2,4,-2,-3,0,-2,-2,4,1,-4,-1,-1,-2,4,-2,-3,0,-2,-2
2716,resize,3,3,3,1,1,1,-2,-1,0,4,-3,1,-2,-1,1,-2,3,1,-2,-1,0,4,-3,1,-2,-1,1,-2
2717,resize,0,0,0,1,1,1,5,-2,0,-1,-3,-1,0,-1,-1,-1,0,1,5,-2,0,-1,-3,-1,0,-1,-1,-1
2718,resize,6,6,6,1,1,1,0,-1,-3,-2,1,1,4,-2,-1,-2,6,1,0,-1,-3,-2,1,1,4,-2,-1,-2
2719,resize,1,1,1,1,1,1,-1,3,-3,-4,-1,1,1,-2,0,-1,1,1,-1,3,-3,-4,-1,1,1,-2,0,-1
2720,resize,9,9,4,1,0,0,-2,-1,-2,-3,2,-2,-3,0,0,2,4,1,-2,-1,-2,-3,2,-2,-3,0,0,2
2721,resize,6,6,6,1,1,1,-1,-1,-2,-2,-1,2,4,-3,2,-1,6,1,-1,-1,-2,-2,-1,2,4,-3,2,-1
2722,resize,1,1,1,1,1,1,-3,4,-1,-3,0,0,-2,0,-1,0,1,1,-3,4,-1,-3,0,0,-2,0,-1,0
2723,resize,3,3,3,1,1,1,-4,0,1,4,-3,0,-2,0,0,-3,3,1,-4,0,1,4,-3,0,-2,0,0,-3
2724,resize,8,8,8,1,1,1,-2,-1,0,0,-1,1,0,-2,4,-1,8,1,-2,-1,0,0,-1,1,0,-2,4,-1
2725,resize,1,1,1,1,1,1,-2,4,-1,-3,-2,-1,-1,0,0,-2,1,1,-2,4,-1,-3,-2,-1,-1,0,0,-2
2726,resize,2,2,2,1,1,1,0,0,4,0,-2,-3,-1,0,-1,-3,2,1,0,0,4,0,-2,-3,-1,0,-1,-3
2727,resize,5,5,5,1,1,1,-3,-1,-4,-1,-2,7,1,-2,1,1,5,1,-3,-1,-4,-1,-2,7,1,-2,1,1
2728,resize,6,6,6,1,1,1,0,-2,-5,-2,-1,2,6,-3,0,-2,6,1,0,-2,-5,-2,-1,2,6,-3,0,-2
2729,resize,2,2,2,1,1,1,-1,1,6,0,-2,-3,-2,0,-1,-5,2,1,-1,1,6,0,-2,-3,-2,0,-1,-5
2730,resize,7,7,7,1,1,1,-3,1,0,-1,1,-2,-3,3,-2,-2,7,1,-3,1,0,-1,1,-2,-3,3,-2,-2
2731,resize,3,3,3,1,1,1,-4,0,-1,5,-3,2,-3,0,-1,-3,3,1,-4,0,-1,5,-3,2,-3,0,-1,-3
2732,resize,6,6,6,1,1,1,0,-1,-1,-1,0,1,2,-1,0,-1,6,1,0,-1,-1,-1,0,1,2,-1,0,-1
2733,resize,0,0,0,1,1,1,6,-3,-2,-2,-4,0,0,-1,0,-3,0,1,6,-3,-2,-2,-4,0,0,-1,0,-3
2734,resize,1,1,1,1,1,1,-2,4,-1,-3,-1,-1,-1,0,0,-1,1,1,-2,4,-1,-3,-1,-1,-1,0,0,-1
2735,resize,9,9,9,1,1,1,0,-1,-1,0,0,-1,-2,0,0,2,9,1,0,-1,-1,0,0,-1,-2,0,0,2
2736,resize,7,7,7,1,1,1,-1,-1,-1,0,-1,-1,-4,3,0,-1,7,1,-1,-1,-1,0,-1,-1,-4,3,0,-1
2737,resize,6,6,6,1,1,1,0,-2,-3,-2,-1,1,4,-2,1,-2,6,1,0,-2,-3,-2,-1,1,4,-2,1,-2
2738,resize,6,6,6,1,1,1,-1,0,-3,-3,0,1,6,-3,0,-3,6,1,-1,0,-3,-3,0,1,6,-3,0,-3
2739,resize,8,8,8,1,1,1,-1,0,-2,-1,0,-1,-1,-1,2,0,8,1,-1,0,-2,-1,0,-1,-1,-1,2,0
2740,resize,9,9,9,1,1,1,0,-2,-2,0,0,0,-3,1,-1,2,9,1,0,-2,-2,0,0,0,-3,1,-1,2
2741,resize,2,2,2,1,1,1,0,1,4,-1,-1,-2,-2,0,0,-2,2,1,0,1,4,-1,-1,-2,-2,0,0,-2
2742,resize,9,9,9,1,1,1,0,-1,0,1,-1,-1,-2,1,0,2,9,1,0,-1,0,1,-1,-1,-2,1,0,2
2743,resize,5,5,5,1,1,1,-2,0,-2,-1,-1,3,1,-2,1,1,5,1,-2,0,-2,-1,-1,3,1,-2,1,1
2744,resize,8,8,8,1,1,1,-2,-1,-1,0,0,-1,-2,-2,4,1,8,1,-2,-1,-1,0,0,-1,-2,-2,4,1
2745,resize,3,3,3,1,1,1,-5,0,1,6,-5,0,-3,-1,0,-3,3,1,-5,0,1,6,-5,0,-3,-1,0,-3
2746,resize,1,1,1,1,1,1,-2,3,-2,-3,0,0,-1,0,-1,-1,1,1,-2,3,-2,-3,0,0,-1,0,-1,-1
2747,resize,0,0,0,1,1,1,4,-2,-1,-1,-2,0,1,-1,-1,-1,0,1,4,-2,-1,-1,-2,0,1,-1,-1,-1
2748,resize,0,0,0,1,1,1,4,-1,0,-1,-2,-1,0,-1,0,-1,0,1,4,-1,0,-1,-2,-1,0,-1,0,-1
2749,resize,7,7,7,1,1,1,-3,-1,-2,0,0,-1,-6,4,-2,1,7,1,-3,-1,-2,0,0,-1,-6,4,-2,1
2750,resize,6,6,6,1,1,1,1,-2,-2,-2,-2,2,4,-4,1,-2,6,1,1,-2,-2,-2,-2,2,4,-4,1,-2
2751,resize,6,6,6,1,1,1,1,-2,-3,-2,-2,2,6,-4,1,-3,6,1,1,-2,-3,-2,-2,2,6,-4,1,-3
2752,resize,2,2,2,1,1,1,-1,1,6,0,-2,-3,-2,-1,-2,-4,2,1,-1,1,6,0,-2,-3,-2,-1,-2,-4
2753,resize,1,1,1,1,1,1,-2,4,-2,-3,-2,0,0,-1,0,-3,1,1,-2,4,-2,-3,-2,0,0,-1,0,-3
2754,resize,6,6,6,1,1,1,1,-2,-2,-2,0,1,4,-1,0,-2,6,1,1,-2,-2,-2,0,1,4,-1,0,-2
2755,resize,9,9,9,1,1,1,-2,-2,-3,-2,1,-2,-4,-1,-1,4,9,1,-2,-2,-3,-2,1,-2,-4,-1,-1,4
2756,resize,3,3,3,1,1,1,-1,0,0,4,-3,1,-1,-1,-1,-2,3,1,-1,0,0,4,-3,1,-1,-1,-1,-2
2757,resize,1,1,1,1,1,1,-4,4,-2,-3,0,-1,-2,0,-2,0,1,1,-4,4,-2,-3,0,-1,-2,0,-2,0
2758,resize,8,8,8,1,1,1,0,-2,0,0,-3,1,-1,-2,3,0,8,1,0,-2,0,0,-3,1,-1,-2,3,0
2759,resize,6,6,6,1,1,1,-1,-1,-3,-2,0,1,6,-3,-1,-3,6,1,-1,-1,-3,-2,0,1,6,-3,-1,-3
2760,resize,9,9,9,1,1,1,-1,-1,-3,-1,1,-1,-2,-1,0,2,9,1,-1,-1,-3,-1,1,-1,-2,-1,0,2
2761,resize,0,0,0,1,1,1,5,-3,-2,-2,-1,-2,2,-1,-2,-1,0,1,5,-3,-2,-2,-1,-2,2,-1,-2,-1
2762,resize,6,6,6,1,1,1,-1,0,-2,-1,0,1,4,-2,0,-3,6,1,-1,0,-2,-1,0,1,4,-2,0,-3
2763,resize,0,0,0,1,1,1,5,-2,0,-2,-3,0,0,-1,-1,-1,0,1,5,-2,0,-2,-3,0,0,-1,-1,-1
2764,resize,0,0,0,1,1,1,5,-2,-1,-2,-2,-2,-1,0,-1,0,0,1,5,-2,-1,-2,-2,-2,-1,0,-1,0
2765,resize,0,0,0,1,1,1,5,-3,-1,-1,-2,-1,0,-1,-1,0,0,1,5,-3,-1,-1,-2,-1,0,-1,-1,0
2766,resize,6,6,6,1,1,1,-1,-1,-2,-2,0,1,5,-2,0,-3,6,1,-1,-1,-2,-2,0,1,5,-2,0,-3
2767,resize,3,3,3,1,1,1,-3,0,0,5,-4,1,-2,-1,0,-1,3,1,-3,0,0,5,-4,1,-2,-1,0,-1
2768,resize,5,5,5,1,1,1,-2,-1,-3,0,-3,7,0,-2,0,1,5,1,-2,-1,-3,0,-3,7,0,-2,0,1
2769,resize,9,9,9,1,1,1,-1,-1,-2,-2,1,-1,-3,-1,0,2,9,1,-1,-1,-2,-2,1,-1,-3,-1,0,2
2770,resize,3,3,3,1,1,1,-4,0,-1,2,-1,1,-2,2,0,-3,3,1,-4,0,-1,2,-1,1,-2,2,0,-3
2771,resize,4,4,4,1,1,1,-2,0,-1,-1,1,-1,-2,0,-1,1,4,1,-2,0,-1,-1,1,-1,-2,0,-1,1
2772,resize,5,5,5,1,1,1,-1,-1,-2,-1,-1,4,0,-1,1,0,5,1,-1,-1,-2,-1,-1,4,0,-1,1,0
2773,resize,5,5,5,1,1,1,-2,0,-2,-1,-2,5,0,-2,1,0,5,1,-2,0,-2,-1,-2,5,0,-2,1,0
2774,resize,8,8,8,1,1,1,-2,-2,-1,-1,-2,1,0,-4,7,-1,8,1,-2,-2,-1,-1,-2,1,0,-4,7,-1
2775,resize,5,5,5,1,1,1,-2,0,-2,-1,-1,5,0,-1,1,0,5,1,-2,0,-2,-1,-1,5,0,-1,1,0
2776,resize,3,3,3,1,1,1,-4,0,0,5,-4,1,-3,-1,0,-2,3,1,-4,0,0,5,-4,1,-3,-1,0,-2
2777,resize,0,0,0,1,1,1,5,-2,-1,-2,-2,-1,1,-2,-1,-1,0,1,5,-2,-1,-2,-2,-1,1,-2,-1,-1
2778,resize,4,4,4,1,1,1,0,-1,-1,-2,2,-1,-1,0,-2,1,4,1,0,-1,-1,-2,2,-1,-1,0,-2,1
2779,resize,0,0,0,1,1,1,5,-2,0,-1,-2,-1,0,-2,-2,-1,0,1,5,-2,0,-1,-2,-1,0,-2,-2,-1
2780,resize,2,2,2,1,1,1,0,-1,3,2,-4,-1,-1,-1,1,-3,2,1,0,-1,3,2,-4,-1,-1,-1,1,-3
2781,resize,9,9,9,1,1,1,-1,-2,-1,-1,0,-1,-4,0,0,4,9,1,-1,-2,-1,-1,0,-1,-4,0,0,4
2782,resize,6,6,6,1,1,1,1,-2,-4,-2,-1,1,4,-3,1,-1,6,1,1,-2,-4,-2,-1,1,4,-3,1,-1
2783,resize,8,8,8,1,1,1,-1,-1,-1,0,-2,0,-1,-2,4,-1,8,1,-1,-1,-1,0,-2,0,-1,-2,4,-1
2784,resize,2,2,2,1,1,1,-1,1,4,-1,-1,-3,-2,0,-1,-3,2,1,-1,1,4,-1,-1,-3,-2,0,-1,-3
2785,resize,3,3,3,1,1,1,-5,-1,-1,6,-4,2,-3,-1,0,-2,3,1,-5,-1,-1,6,-4,2,-3,-1,0,-2
2786,resize,1,1,1,1,1,1,-2,3,-1,-2,0,-1,-2,0,-2,-1,1,1,-2,3,-1,-2,0,-1,-2,0,-2,-1
2787,resize,2,2,2,1,1,1,-1,0,6,1,-4,-3,-2,0,0,-5,2,1,-1,0,6,1,-4,-3,-2,0,0,-5
2788,resize,1,1,1,1,1,1,-1,3,-1,-2,-1,0,0,-1,0,-1,1,1,-1,3,-1,-2,-1,0,0,-1,0,-1
2789,resize,1,1,1,1,1,1,-2,4,-2,-4,-1,-1,-2,0,-1,-1,1,1,-2,4,-2,-4,-1,-1,-2,0,-1,-1
2790,resize,5,5,5,1,1,1,-2,-1,-2,1,-3,6,-1,-1,0,1,5,1,-2,-1,-2,1,-3,6,-1,-1,0,1
2791,resize,6,6,6,1,1,1,0,-1,-3,-2,0,0,5,-3,0,-2,6,1,0,-1,-3,-2,0,0,5,-3,0,-2
2792,resize,9,9,9,1,1,1,-2,-2,-2,0,0,-1,-4,0,-1,4,9,1,-2,-2,-2,0,0,-1,-4,0,-1,4
2793,resize,8,8,8,1,1,1,-1,-1,-1,-1,0,-1,-1,-2,3,1,8,1,-1,-1,-1,-1,0,-1,-1,-2,3,1
2794,resize,0,0,0,1,1,1,3,-1,-1,-1,-1,-1,-1,0,-1,0,0,1,3,-1,-1,-1,-1,-1,-1,0,-1,0
2795,resize,6,6,6,1,1,1,-1,-1,-3,-3,0,2,6,-3,0,-4,6,1,-1,-1,-3,-3,0,2,6,-3,0,-4
2796,resize,6,6,6,1,1,1,-1,-1,-2,-1,0,1,4,-2,0,-3,6,1,-1,-1,-2,-1,0,1,4,-2,0,-3
2797,resize,5,5,5,1,1,1,-1,-1,-2,1,-2,4,-1,-1,-1,1,5,1,-1,-1,-2,1,-2,4,-1,-1,-1,1
2798,resize,5,5,5,1,1,1,-2,-1,-2,0,-2,6,-1,-1,-1,2,5,1,-2,-1,-2,0,-2,6,-1,-1,-1,2
2799,resize,3,3,3,1,1,1,-3,-1,-1,6,-4,2,-2,-1,1,-1,3,1,-3,-1,-1,6,-4,2,-2,-1,1,-1
2800,resize,8,8,8,1,1,1,-2,-2,-2,-2,0,0,0,-3,4,1,8,1,-2,-2,-2,-2,0,0,0,-3,4,1
2801,resize,6,6,6,1,1,1,0,-1,-3,-3,0,1,5,-3,-1,-2,6,1,0,-1,-3,-3,0,1,5,-3,-1,-2
2802,resize,2,2,2,1,1,1,1,0,4,0,-3,-3,-1,-1,-1,-3,2,1,1,0,4,0,-3,-3,-1,-1,-1,-3
2803,resize,1,1,1,1,1,1,-3,3,-1,-3,0,-1,-2,0,-1,1,1,1,-3,3,-1,-3,0,-1,-2,0,-1,1
2804,resize,4,4,4,1,1,1,-3,-1,-1,-2,3,-1,-3,0,-2,-1,4,1,-3,-1,-1,-2,3,-1,-3,0,-2,-1
2805,resize,5,5,5,1,1,1,0,-1,-1,-2,-2,4,1,-2,1,0,5,1,0,-1,-1,-2,-2,4,1,-2,1,0
2806,resize,4,4,4,1,1,1,-3,-1,-1,-2,4,-2,-3,0,-2,-1,4,1,-3,-1,-1,-2,4,-2,-3,0,-2,-1
2807,resize,3,3,3,1,1,1,-3,-1,0,6,-5,0,-3,-2,1,-2,3,1,-3,-1,0,6,-5,0,-3,-2,1,-2
2808,resize,7,7,7,1,1,1,-1,0,0,-1,0,-1,-3,2,-1,0,7,1,-1,0,0,-1,0,-1,-3,2,-1,0
2809,resize,8,8,8,1,1,1,-2,-1,-1,0,-1,1,0,-3,5,-1,8,1,-2,-1,-1,0,-1,1,0,-3,5,-1
2810,resize,5,5,5,1,1,1,-2,-1,-2,2,-1,3,-1,-2,0,0,5,1,-2,-1,-2,2,-1,3,-1,-2,0,0
2811,resize,0,0,0,1,1,1,4,-3,-2,0,-1,0,1,-1,0,0,0,1,4,-3,-2,0,-1,0,1,-1,0,0
2812,resize,9,9,9,1,1,1,0,-1,-2,0,0,-1,-1,-1,0,3,9,1,0,-1,-2,0,0,-1,-1,-1,0,3
2813,resize,3,3,3,1,1,1,-3,0,-1,4,-3,2,-2,-1,0,-1,3,1,-3,0,-1,4,-3,2,-2,-1,0,-1
2814,resize,5,5,5,1,1,1,-1,-1,-2,-1,-2,5,1,-3,2,0,5,1,-1,-1,-2,-1,-2,5,1,-3,2,0
2815,resize,1,1,1,1,1,1,-3,3,-1,-2,0,-1,-2,-1,0,0,1,1,-3,3,-1,-2,0,-1,-2,-1,0,0
2816,resize,1,1,1,1,1,1,-1,3,-2,-3,-1,-1,0,-1,0,-1,1,1,-1,3,-2,-3,-1,-1,0,-1,0,-1
2817,resize,0,0,0,1,1,1,5,-3,-1,-2,-2,0,1,-1,-1,-1,0,1,5,-3,-1,-2,-2,0,1,-1,-1,-1
2818,resize,4,4,4,1,1,1,-3,-2,-4,-3,4,-2,-2,-1,1,1,4,1,-3,-2,-4,-3,4,-2,-2,-1,1,1
2819,resize,4,4,4,1,1,1,-4,-1,-2,-3,4,-2,-3,0,-2,0,4,1,-4,-1,-2,-3,4,-2,-3,0,-2,0
2820,resize,7,7,7,1,1,1,-3,1,2,0,-1,-2,-4,3,-2,-2,7,1,-3,1,2,0,-1,-2,-4,3,-2,-2
2821,resize,0,0,0,1,1,1,6,-2,-1,-1,-2,-1,1,-2,-2,-1,0,1,6,-2,-1,-1,-2,-1,1,-2,-2,-1
2822,resize,1,1,1,1,1,1,-3,3,-1,-3,0,-1,-3,1,-1,0,1,1,-3,3,-1,-3,0,-1,-3,1,-1,0
2823,resize,7,7,7,1,1,1,-2,0,-1,0,1,-1,-2,2,-1,0,7,1,-2,0,-1,0,1,-1,-2,2,-1,0
2824,resize,0,0,0,1,1,1,5,-2,-1,-1,-3,-1,-2,0,0,0,0,1,5,-2,-1,-1,-3,-1,-2,0,0,0
2825,resize,1,1,1,1,1,1,-4,4,-2,-3,0,0,-2,0,-1,0,1,1,-4,4,-2,-3,0,0,-2,0,-1,0
2826,resize,6,6,6,1,1,1,0,-2,-4,-3,-1,1,7,-3,0,-3,6,1,0,-2,-4,-3,-1,1,7,-3,0,-3
2827,resize,1,1,1,1,1,1,-2,3,0,-2,0,0,-1,0,-1,0,1,1,-2,3,0,-2,0,0,-1,0,-1,0
2828,resize,4,4,4,1,1,1,-2,0,-2,-2,3,-3,-3,0,-2,1,4,1,-2,0,-2,-2,3,-3,-3,0,-2,1
2829,resize,5,5,5,1,1,1,-3,0,-1,0,-1,3,-1,0,0,1,5,1,-3,0,-1,0,-1,3,-1,0,0,1
2830,resize,6,6,6,1,1,1,0,-2,-2,-2,-1,2,5,-3,1,-3,6,1,0,-2,-2,-2,-1,2,5,-3,1,-3
2831,resize,6,6,6,1,1,1,0,-2,-4,-2,-1,2,5,-5,1,-1,6,1,0,-2,-4,-2,-1,2,5,-5,1,-1
2832,resize,5,5,5,1,1,1,-3,-2,-3,2,-3,6,-1,-2,0,1,5,1,-3,-2,-3,2,-3,6,-1,-2,0,1
2833,resize,7,7,7,1,1,1,-3,-1,-1,0,0,-1,-6,4,-1,1,7,1,-3,-1,-1,0,0,-1,-6,4,-1,1
2834,resize,8,8,8,1,1,1,-2,-1,-1,0,-2,1,0,-3,4,-1,8,1,-2,-1,-1,0,-2,1,0,-3,4,-1
2835,resize,4,4,4,1,1,1,-3,1,0,-2,3,-2,-3,1,-3,-2,4,1,-3,1,0,-2,3,-2,-3,1,-3,-2
2836,resize,4,4,4,1,1,1,-3,1,1,-1,2,-2,-4,0,-2,0,4,1,-3,1,1,-1,2,-2,-4,0,-2,0
2837,resize,7,7,7,1,1,1,-3,-1,0,0,0,-2,-6,4,-1,0,7,1,-3,-1,0,0,0,-2,-6,4,-1,0
2838,resize,2,2,2,1,1,1,0,0,4,0,-3,-3,-2,0,0,-3,2,1,0,0,4,0,-3,-3,-2,0,0,-3
2839,resize,5,5,5,1,1,1,-3,0,-2,-1,-2,6,0,-2,1,0,5,1,-3,0,-2,-1,-2,6,0,-2,1,0
2840,resize,3,3,3,1,1,1,-3,0,0,5,-3,0,-2,0,1,-2,3,1,-3,0,0,5,-3,0,-2,0,1,-2
2841,resize,7,7,7,1,1,1,-3,1,2,0,-1,-2,-3,3,-2,-3,7,1,-3,1,2,0,-1,-2,-3,3,-2,-3
2842,resize,0,0,0,1,1,1,4,-2,-1,-1,-3,2,1,-1,-1,0,0,1,4,-2,-1,-1,-3,2,1,-1,-1,0
2843,resize,7,7,7,1,1,1,-2,-1,0,1,-1,-1,-4,2,0,0,7,1,-2,-1,0,1,-1,-1,-4,2,0,0
2844,resize,7,7,7,1,1,1,-3,1,0,0,-1,-1,-4,4,-1,-1,7,1,-3,1,0,0,-1,-1,-4,4,-1,-1
2845,resize,9,9,9,1,1,1,-2,-2,-1,0,0,-1,-5,0,-1,3,9,1,-2,-2,-1,0,0,-1,-5,0,-1,3
2846,resize,6,6,6,1,1,1,-1,-1,-2,-2,-1,2,5,-2,0,-2,6,1,-1,-1,-2,-2,-1,2,5,-2,0,-2
2847,resize,4,4,4,1,1,1,-2,0,-1,-2,4,-2,-3,0,-3,0,4,1,-2,0,-1,-2,4,-2,-3,0,-3,0
2848,resize,2,2,2,1,1,1,0,0,4,0,-3,-3,-2,0,0,-3,2,1,0,0,4,0,-3,-3,-2,0,0,-3
2849,resize,8,8,8,1,1,1,-2,-2,-2,-1,0,1,1,-3,5,-1,8,1,-2,-2,-2,-1,0,1,1,-3,5,-1
2850,resize,5,5,5,1,1,1,-2,-1,-1,1,-2,4,-1,-1,0,1,5,1,-2,-1,-1,1,-2,4,-1,-1,0,1
2851,resize,7,7,7,1,1,1,-2,-1,-1,0,1,-1,-4,4,-2,0,7,1,-2,-1,-1,0,1,-1,-4,4,-2,0
2852,resize,8,8,8,1,1,1,-1,-1,-1,0,-1,0,-1,-2,4,0,8,1,-1,-1,-1,0,-1,0,-1,-2,4,0
2853,resize,3,3,3,1,1,1,-2,-1,0,4,-3,0,-2,-1,2,-1,3,1,-2,-1,0,4,-3,0,-2,-1,2,-1
2854,resize,9,9,9,1,1,1,-2,-1,-3,-2,2,-1,-4,-1,-1,3,9,1,-2,-1,-3,-2,2,-1,-4,-1,-1,3
2855,resize,5,5,5,1,1,1,-2,-2,-4,-2,-2,6,0,-2,1,1,5,1,-2,-2,-4,-2,-2,6,0,-2,1,1
2856,resize,8,8,8,1,1,1,-1,-2,-2,0,-2,0,-1,-3,5,0,8,1,-1,-2,-2,0,-2,0,-1,-3,5,0
2857,resize,9,9,9,1,1,1,1,-3,-2,0,-1,-1,-3,1,0,3,9,1,1,-3,-2,0,-1,-1,-3,1,0,3
2858,resize,9,9,9,1,1,1,-3,0,-2,-2,2,-2,-5,-1,0,4,9,1,-3,0,-2,-2,2,-2,-5,-1,0,4
2859,resize,8,8,8,1,1,1,-2,-1,-1,-1,-1,0,0,-3,5,-1,8,1,-2,-1,-1,-1,-1,0,0,-3,5,-1
2860,resize,6,6,6,1,1,1,0,-1,-3,-2,-2,3,4,-3,2,-1,6,1,0,-1,-3,-2,-2,3,4,-3,2,-1
2861,resize,2,2,2,1,1,1,0,0,6,0,-3,-4,-2,1,-1,-5,2,1,0,0,6,0,-3,-4,-2,1,-1,-5
2862,resize,8,8,8,1,1,1,-1,-1,-1,-1,0,0,-1,-2,3,1,8,1,-1,-1,-1,-1,0,0,-1,-2,3,1
2863,resize,9,9,9,1,1,1,-2,0,-2,-2,1,0,-2,-1,-1,3,9,1,-2,0,-2,-2,1,0,-2,-1,-1,3
2864,resize,2,2,2,1,1,1,0,1,5,1,-4,-3,-3,2,-1,-5,2,1,0,1,5,1,-4,-3,-3,2,-1,-5
2865,resize,3,3,3,1,1,1,-4,0,-1,5,-3,1,-3,0,0,-2,3,1,-4,0,-1,5,-3,1,-3,0,0,-2
2866,resize,6,6,6,1,1,1,-1,0,-1,-2,0,1,3,-2,0,-2,6,1,-1,0,-1,-2,0,1,3,-2,0,-2
2867,resize,1,1,1,1,1,1,-2,3,-1,-2,0,-1,-2,1,-1,-1,1,1,-2,3,-1,-2,0,-1,-2,1,-1,-1
2868,resize,1,1,1,1,1,1,-4,4,-2,-3,0,-1,-2,0,-2,0,1,1,-4,4,-2,-3,0,-1,-2,0,-2,0
2869,resize,8,8,8,1,1,1,0,-2,0,0,-3,0,0,-3,5,-1,8,1,0,-2,0,0,-3,0,0,-3,5,-1
2870,resize,9,9,9,1,1,1,0,-2,-2,1,-1,-1,-3,0,0,3,9,1,0,-2,-2,1,-1,-1,-3,0,0,3
2871,resize,3,3,3,1,1,1,-2,-1,-1,5,-4,1,-3,-2,1,0,3,1,-2,-1,-1,5,-4,1,-3,-2,1,0
2872,resize,4,4,4,1,1,1,-2,-1,-1,-2,3,-1,-3,0,0,1,4,1,-2,-1,-1,-2,3,-1,-3,0,0,1
2873,resize,0,0,0,1,1,1,5,-2,-1,-2,-2,-1,2,-1,-1,0,0,1,5,-2,-1,-2,-2,-1,2,-1,-1,0
2874,resize,7,7,7,1,1,1,-2,0,1,1,-1,-2,-5,4,-1,-1,7,1,-2,0,1,1,-1,-2,-5,4,-1,-1
2875,resize,9,9,9,1,1,1,-1,-2,-2,-1,1,-1,-4,0,-2,3,9,1,-1,-2,-2,-1,1,-1,-4,0,-2,3
2876,resize,6,6,6,1,1,1,0,-2,-3,-2,-1,3,5,-3,2,-2,6,1,0,-2,-3,-2,-1,3,5,-3,2,-2
2877,resize,4,4,4,1,1,1,-2,-1,-1,-1,2,-2,-2,0,1,0,4,1,-2,-1,-1,-1,2,-2,-2,0,1,0
2878,resize,1,1,1,1,1,1,-3,4,-1,-3,0,-1,-2,0,-1,-1,1,1,-3,4,-1,-3,0,-1,-2,0,-1,-1
2879,resize,4,4,4,1,1,1,-1,-1,-2,-3,4,-3,-1,-1,-1,0,4,1,-1,-1,-2,-3,4,-3,-1,-1,-1,0
2880,resize,1,1,1,1,1,1,-2,4,-1,-4,-1,-1,-2,0,-1,-1,1,1,-2,4,-1,-4,-1,-1,-2,0,-1,-1
2881,resize,3,3,3,1,1,1,-4,-1,-1,5,-4,1,-2,-1,1,-1,3,1,-4,-1,-1,5,-4,1,-2,-1,1,-1
2882,resize,4,4,4,1,1,1,-5,0,0,-3,5,-2,-5,0,-3,-1,4,1,-5,0,0,-3,5,-2,-5,0,-3,-1
2883,resize,9,9,9,1,1,1,-2,-2,-2,-1,0,-1,-5,-1,-1,4,9,1,-2,-2,-2,-1,0,-1,-5,-1,-1,4
2884,resize,3,3,3,1,1,1,-3,-1,-2,5,-4,2,-3,-1,0,0,3,1,-3,-1,-2,5,-4,2,-3,-1,0,0
2885,resize,1,1,1,1,1,1,-1,2,0,-2,0,0,-1,0,0,0,1,1,-1,2,0,-2,0,0,-1,0,0,0
2886,resize,4,4,4,1,1,1,-3,-1,-2,-3,5,-2,-3,0,-2,0,4,1,-3,-1,-2,-3,5,-2,-3,0,-2,0
2887,resize,7,7,7,1,1,1,-4,0,0,0,0,-2,-6,4,-1,0,7,1,-4,0,0,0,0,-2,-6,4,-1,0
2888,resize,7,7,7,1,1,1,-1,0,0,1,-1,-1,-3,2,0,0,7,1,-1,0,0,1,-1,-1,-3,2,0,0
2889,resize,4,4,4,1,1,1,-3,-2,-2,-3,4,-2,-3,-1,-1,2,4,1,-3,-2,-2,-3,4,-2,-3,-1,-1,2
2890,resize,7,7,7,1,1,1,-1,0,1,1,-1,-2,-4,3,-1,-1,7,1,-1,0,1,1,-1,-2,-4,3,-1,-1
2891,resize,2,2,2,1,1,1,0,1,4,1,-3,-2,-1,0,-1,-4,2,1,0,1,4,1,-3,-2,-1,0,-1,-4
2892,resize,9,9,9,1,1,1,0,-3,-2,1,0,-1,-5,2,-1,4,9,1,0,-3,-2,1,0,-1,-5,2,-1,4
2893,resize,3,3,3,1,1,1,-2,0,-1,6,-4,2,-2,-1,0,-1,3,1,-2,0,-1,6,-4,2,-2,-1,0,-1
2894,resize,0,0,0,1,1,1,4,-2,-2,-1,-3,2,3,-3,1,-1,0,1,4,-2,-2,-1,-3,2,3,-3,1,-1
2895,resize,8,8,8,1,1,1,-1,-2,-2,0,-3,0,-1,-3,6,-1,8,1,-1,-2,-2,0,-3,0,-1,-3,6,-1
2896,resize,8,8,0,1,0,0,2,-1,-1,-2,-2,1,1,-1,2,-1,0,1,2,-1,-1,-2,-2,1,1,-1,2,-1
2897,resize,8,8,8,1,1,1,-1,-1,0,0,-1,-1,-1,-2,3,1,8,1,-1,-1,0,0,-1,-1,-1,-2,3,1
2898,resize,4,4,4,1,1,1,-4,0,-3,-4,5,-2,-4,0,-2,1,4,1,-4,0,-3,-4,5,-2,-4,0,-2,1
2899,resize,0,0,0,1,1,1,5,-2,-1,-1,-3,-1,0,-1,-1,0,0,1,5,-2,-1,-1,-3,-1,0,-1,-1,0
2900,resize,4,4,4,1,1,1,-2,1,1,-3,3,-2,-3,-1,-4,0,4,1,-2,1,1,-3,3,-2,-3,-1,-4,0
2901,resize,4,4,4,1,1,1,-3,0,-1,-2,2,-2,-2,0,-1,1,4,1,-3,0,-1,-2,2,-2,-2,0,-1,1
2902,resize,1,1,1,1,1,1,-4,4,-2,-4,0,-1,-2,-1,-1,1,1,1,-4,4,-2,-4,0,-1,-2,-1,-1,1
2903,resize,5,5,5,1,1,1,-3,-1,-3,1,-3,6,0,-2,1,1,5,1,-3,-1,-3,1,-3,6,0,-2,1,1
2904,resize,2,2,2,1,1,1,-1,1,5,1,-2,-3,-1,0,-1,-4,2,1,-1,1,5,1,-2,-3,-1,0,-1,-4
2905,resize,8,8,8,1,1,1,-1,0,-1,-1,0,0,0,-1,3,0,8,1,-1,0,-1,-1,0,0,0,-1,3,0
2906,resize,3,3,3,1,1,1,-4,0,-2,5,-3,2,-3,-1,0,0,3,1,-4,0,-2,5,-3,2,-3,-1,0,0
2907,resize,4,4,4,1,1,1,-2,1,0,-2,3,-2,-3,-1,-3,0,4,1,-2,1,0,-2,3,-2,-3,-1,-3,0
2908,resize,9,9,9,1,1,1,-1,-2,-3,0,-1,-2,-4,-1,0,4,9,1,-1,-2,-3,0,-1,-2,-4,-1,0,4
2909,resize,5,5,5,1,1,1,-2,-1,-2,2,-2,5,-2,-1,0,1,5,1,-2,-1,-2,2,-2,5,-2,-1,0,1
2910,resize,2,2,2,1,1,1,-1,1,4,1,-3,-2,-2,1,-1,-3,2,1,-1,1,4,1,-3,-2,-2,1,-1,-3
2911,resize,8,8,8,1,1,1,0,-1,-1,1,-4,0,-1,-3,5,-1,8,1,0,-1,-1,1,-4,0,-1,-3,5,-1
2912,resize,1,1,1,1,1,1,-2,3,-1,-2,-1,0,-2,1,-2,0,1,1,-2,3,-1,-2,-1,0,-2,1,-2,0
2913,resize,5,5,5,1,1,1,-2,-1,-2,0,-1,4,-2,-1,0,2,5,1,-2,-1,-2,0,-1,4,-2,-1,0,2
2914,resize,3,3,3,1,1,1,-3,0,-1,4,-4,0,-3,0,1,-1,3,1,-3,0,-1,4,-4,0,-3,0,1,-1
2915,resize,7,7,7,1,1,1,-2,1,0,0,-1,-2,-3,3,-1,-1,7,1,-2,1,0,0,-1,-2,-3,3,-1,-1
2916,resize,9,9,9,1,1,1,-3,-1,-3,-1,1,-2,-4,-1,-1,4,9,1,-3,-1,-3,-1,1,-2,-4,-1,-1,4
2917,resize,4,4,4,1,1,1,-2,0,-1,-2,2,-1,-3,-1,-2,2,4,1,-2,0,-1,-2,2,-1,-3,-1,-2,2
2918,resize,2,2,2,1,1,1,-1,0,6,0,-3,-4,-3,0,-1,-4,2,1,-1,0,6,0,-3,-4,-3,0,-1,-4
2919,resize,5,5,5,1,1,1,-1,0,-1,1,-2,3,0,-1,0,0,5,1,-1,0,-1,1,-2,3,0,-1,0,0
2920,resize,6,6,6,1,1,1,0,-1,-2,-1,0,1,3,-2,0,-1,6,1,0,-1,-2,-1,0,1,3,-2,0,-1
2921,resize,3,8,8,0,0,1,1,-2,-1,2,-3,1,-1,-1,3,-1,8,1,1,-2,-1,2,-3,1,-1,-1,3,-1
2922,resize,5,5,5,1,1,1,-2,-1,-3,1,-3,7,-1,-2,0,0,5,1,-2,-1,-3,1,-3,7,-1,-2,0,0
2923,resize,9,9,9,1,1,1,-2,-2,-3,-1,1,-2,-4,-1,-1,4,9,1,-2,-2,-3,-1,1,-2,-4,-1,-1,4
2924,resize,3,3,3,1,1,1,-4,0,-1,5,-3,1,-2,-1,0,-1,3,1,-4,0,-1,5,-3,1,-2,-1,0,-1
2925,resize,5,5,5,1,1,1,0,-2,-3,-1,-2,5,0,-1,-1,0,5,1,0,-2,-3,-1,-2,5,0,-1,-1,0
2926,resize,9,9,9,1,1,1,-2,-1,-2,-1,1,-1,-3,-1,-1,4,9,1,-2,-1,-2,-1,1,-1,-3,-1,-1,4
2927,resize,3,2,2,0,0,1,-2,0,2,2,-3,0,-1,0,0,-3,2,1,-2,0,2,2,-3,0,-1,0,0,-3
2928,resize,1,1,1,1,1,1,-2,4,-1,-3,-1,0,-1,0,-1,-2,1,1,-2,4,-1,-3,-1,0,-1,0,-1,-2
2929,resize,9,9,9,1,1,1,-3,-2,-1,0,0,0,-5,1,-2,4,9,1,-3,-2,-1,0,0,0,-5,1,-2,4
2930,resize,5,5,5,1,1,1,-1,0,-1,-1,-1,2,-1,0,-1,-1,5,1,-1,0,-1,-1,-1,2,-1,0,-1,-1
2931,resize,3,3,3,1,1,1,-2,-2,-1,5,-4,1,-3,-2,1,1,3,1,-2,-2,-1,5,-4,1,-3,-2,1,1
2932,resize,0,0,0,1,1,1,3,-2,0,-1,-1,-2,0,-1,-1,0,0,1,3,-2,0,-1,-1,-2,0,-1,-1,0
2933,resize,6,6,6,1,1,1,-1,-1,-3,-2,-1,2,4,-3,2,-1,6,1,-1,-1,-3,-2,-1,2,4,-3,2,-1
2934,resize,9,9,9,1,1,1,-2,-2,-1,0,0,-1,-4,0,-1,4,9,1,-2,-2,-1,0,0,-1,-4,0,-1,4
2935,resize,8,8,8,1,1,1,-1,-2,-2,0,-2,0,-1,-3,5,0,8,1,-1,-2,-2,0,-2,0,-1,-3,5,0
2936,resize,4,4,4,1,1,1,-3,-1,-1,-3,5,-2,-4,0,-2,0,4,1,-3,-1,-1,-3,5,-2,-4,0,-2,0
2937,resize,0,0,0,1,1,1,4,-2,-1,-2,-3,0,1,-1,1,-2,0,1,4,-2,-1,-2,-3,0,1,-1,1,-2
2938,resize,4,4,4,1,1,1,-1,-2,-4,-3,3,0,1,-3,-1,1,4,1,-1,-2,-4,-3,3,0,1,-3,-1,1
2939,resize,9,5,5,0,0,1,-1,-1,0,-1,0,2,-2,0,-2,1,5,1,-1,-1,0,-1,0,2,-2,0,-2,1
2940,resize,2,2,2,1,1,1,-1,2,4,-1,-2,-3,-1,1,-2,-4,2,1,-1,2,4,-1,-2,-3,-1,1,-2,-4
2941,resize,9,9,9,1,1,1,-3,-2,-3,0,-1,0,-5,0,-2,5,9,1,-3,-2,-3,0,-1,0,-5,0,-2,5
2942,resize,0,0,0,1,1,1,5,-3,-1,-2,-3,0,0,-1,-1,0,0,1,5,-3,-1,-2,-3,0,0,-1,-1,0
2943,resize,1,1,1,1,1,1,-2,3,-1,-2,-1,0,-1,0,-1,-1,1,1,-2,3,-1,-2,-1,0,-1,0,-1,-1
2944,resize,0,0,0,1,1,1,4,-2,0,-2,-3,-2,-1,0,0,-2,0,1,4,-2,0,-2,-3,-2,-1,0,0,-2
2945,resize,3,3,3,1,1,1,0,-1,0,2,-2,0,-2,0,0,0,3,1,0,-1,0,2,-2,0,-2,0,0,0
2946,resize,1,1,1,1,1,1,-2,4,-3,-4,-1,0,-1,0,0,-2,1,1,-2,4,-3,-4,-1,0,-1,0,0,-2
2947,resize,6,6,6,1,1,1,-1,-1,-3,-2,0,1,5,-3,0,-3,6,1,-1,-1,-3,-2,0,1,5,-3,0,-3
2948,resize,5,5,5,1,1,1,-2,-1,-2,0,-2,4,0,-2,1,1,5,1,-2,-1,-2,0,-2,4,0,-2,1,1
2949,resize,8,8,8,1,1,1,-1,-2,-1,0,-2,1,0,-3,4,0,8,1,-1,-2,-1,0,-2,1,0,-3,4,0
2950,resize,1,1,1,1,1,1,-3,4,-1,-3,-1,-1,-2,0,-2,-1,1,1,-3,4,-1,-3,-1,-1,-2,0,-2,-1
2951,resize,5,5,5,1,1,1,-3,-2,-2,0,-1,5,0,-2,0,1,5,1,-3,-2,-2,0,-1,5,0,-2,0,1
2952,resize,3,3,3,1,1,1,-2,-1,-2,3,-3,3,-1,-2,1,0,3,1,-2,-1,-2,3,-3,3,-1,-2,1,0
2953,resize,3,3,3,1,1,1,-2,0,-1,3,-2,2,-2,0,0,-1,3,1,-2,0,-1,3,-2,2,-2,0,0,-1
2954,resize,0,0,0,1,1,1,4,-1,1,-2,-2,-2,1,-2,0,-2,0,1,4,-1,1,-2,-2,-2,1,-2,0,-2
2955,resize,3,3,3,1,1,1,-2,-2,-1,5,-4,1,-3,-2,1,1,3,1,-2,-2,-1,5,-4,1,-3,-2,1,1
2956,resize,5,5,5,1,1,1,-1,-1,-2,1,-3,4,0,-2,1,0,5,1,-1,-1,-2,1,-3,4,0,-2,1,0
2957,resize,5,5,5,1,1,1,-1,-1,-3,0,-2,5,1,-2,0,0,5,1,-1,-1,-3,0,-2,5,1,-2,0,0
2958,resize,9,9,9,1,1,1,-1,-2,-2,1,-1,-1,-4,0,-1,3,9,1,-1,-2,-2,1,-1,-1,-4,0,-1,3
2959,resize,2,2,2,1,1,1,-3,1,4,2,-3,-1,-3,1,-1,-4,2,1,-3,1,4,2,-3,-1,-3,1,-1,-4
2960,resize,8,8,8,1,1,1,-1,-1,-2,-1,0,-1,-2,-2,3,1,8,1,-1,-1,-2,-1,0,-1,-2,-2,3,1
2961,resize,7,7,2,1,0,0,0,0,2,1,-1,-1,-3,2,-1,-1,2,1,0,0,2,1,-1,-1,-3,2,-1,-1
2962,resize,0,0,0,1,1,1,7,-2,-1,-2,-3,-1,1,-2,-2,-1,0,1,7,-2,-1,-2,-3,-1,1,-2,-2,-1
2963,resize,4,4,4,1,1,1,-3,-1,-1,-3,6,-3,-3,-1,-3,-1,4,1,-3,-1,-1,-3,6,-3,-3,-1,-3,-1
2964,resize,9,9,9,1,1,1,-1,-1,-2,-1,0,-1,-2,-1,0,3,9,1,-1,-1,-2,-1,0,-1,-2,-1,0,3
2965,resize,1,1,1,1,1,1,-2,3,-1,-3,-1,-1,-2,0,-1,-1,1,1,-2,3,-1,-3,-1,-1,-2,0,-1,-1
2966,resize,9,9,9,1,1,1,-2,-2,-3,-1,1,-2,-3,-1,-1,4,9,1,-2,-2,-3,-1,1,-2,-3,-1,-1,4
2967,resize,7,7,7,1,1,1,-3,1,1,0,-1,-2,-4,4,-2,-2,7,1,-3,1,1,0,-1,-2,-4,4,-2,-2
2968,resize,7,7,7,1,1,1,-1,-1,0,0,-1,-1,-4,3,-1,0,7,1,-1,-1,0,0,-1,-1,-4,3,-1,0
2969,resize,5,5,5,1,1,1,-1,0,-1,0,-1,4,0,-1,0,-1,5,1,-1,0,-1,0,-1,4,0,-1,0,-1
2970,resize,5,5,5,1,1,1,-1,0,-1,1,-2,3,-1,0,-2,0,5,1,-1,0,-1,1,-2,3,-1,0,-2,0
2971,resize,2,2,2,1,1,1,1,0,4,0,-3,-3,-2,0,0,-3,2,1,1,0,4,0,-3,-3,-2,0,0,-3
2972,resize,0,0,0,1,1,1,5,-3,-1,-2,-2,-1,2,-2,-1,-1,0,1,5,-3,-1,-2,-2,-1,2,-2,-1,-1
2973,resize,9,9,9,1,1,1,-1,-2,-2,0,-1,-1,-4,0,0,4,9,1,-1,-2,-2,0,-1,-1,-4,0,0,4
2974,resize,1,1,1,1,1,1,-2,4,-2,-3,0,-1,-1,0,-1,-1,1,1,-2,4,-2,-3,0,-1,-1,0,-1,-1
2975,resize,8,8,8,1,1,1,0,-2,0,2,-3,-2,-2,-2,3,0,8,1,0,-2,0,2,-3,-2,-2,-2,3,0
2976,resize,6,6,6,1,1,1,0,-2,-3,-2,-1,3,4,-3,2,-1,6,1,0,-2,-3,-2,-1,3,4,-3,2,-1
2977,resize,2,2,2,1,1,1,0,1,5,0,-4,-3,-3,1,-1,-5,2,1,0,1,5,0,-4,-3,-3,1,-1,-5
2978,resize,3,3,3,1,1,1,-2,-2,-2,6,-5,2,-3,-2,1,1,3,1,-2,-2,-2,6,-5,2,-3,-2,1,1
2979,resize,9,9,9,1,1,1,0,-1,-2,-1,1,-1,-1,1,0,2,9,1,0,-1,-2,-1,1,-1,-1,1,0,2
2980,resize,6,6,6,1,1,1,-1,-1,-2,-2,0,2,7,-3,0,-4,6,1,-1,-1,-2,-2,0,2,7,-3,0,-4
2981,resize,2,2,2,1,1,1,0,0,3,0,-2,-2,0,-1,-1,-3,2,1,0,0,3,0,-2,-2,0,-1,-1,-3
2982,resize,1,1,1,1,1,1,-4,4,-2,-3,0,-1,-2,0,-2,0,1,1,-4,4,-2,-3,0,-1,-2,0,-2,0
2983,resize,9,9,9,1,1,1,-1,-2,-2,0,-1,-1,-4,0,-1,4,9,1,-1,-2,-2,0,-1,-1,-4,0,-1,4
2984,resize,1,1,1,1,1,1,-2,3,-1,-2,0,0,-2,1,-2,-1,1,1,-2,3,-1,-2,0,0,-2,1,-2,-1
2985,resize,3,3,3,1,1,1,-2,0,0,4,-2,1,-2,0,0,-1,3,1,-2,0,0,4,-2,1,-2,0,0,-1
2986,resize,5,5,5,1,1,1,-1,-1,-1,0,-2,4,0,-1,-1,0,5,1,-1,-1,-1,0,-2,4,0,-1,-1,0
2987,resize,5,5,5,1,1,1,-2,-1,-1,1,-2,4,0,-2,1,1,5,1,-2,-1,-1,1,-2,4,0,-2,1,1
2988,resize,0,0,0,1,1,1,5,-2,-1,-2,-3,-1,-1,0,-1,0,0,1,5,-2,-1,-2,-3,-1,-1,0,-1,0
2989,resize,3,3,3,1,1,1,-3,-1,-1,4,-3,1,-2,-1,1,-1,3,1,-3,-1,-1,4,-3,1,-2,-1,1,-1
2990,resize,8,8,8,1,1,1,-1,-1,0,-1,-1,0,-1,-2,3,1,8,1,-1,-1,0,-1,-1,0,-1,-2,3,1
2991,resize,3,3,3,1,1,1,-3,0,0,3,-2,0,-2,0,0,-2,3,1,-3,0,0,3,-2,0,-2,0,0,-2
2992,resize,3,3,3,1,1,1,-2,-1,-2,5,-4,2,-3,-1,0,0,3,1,-2,-1,-2,5,-4,2,-3,-1,0,0
2993,resize,7,7,7,1,1,1,-1,-1,0,0,0,-1,-4,3,0,0,7,1,-1,-1,0,0,0,-1,-4,3,0,0
2994,resize,6,6,6,1,1,1,-1,0,-1,0,0,1,2,-1,0,-2,6,1,-1,0,-1,0,0,1,2,-1,0,-2
2995,resize,6,6,5,1,0,0,-1,0,-3,-2,0,2,1,-2,1,0,5,1,-1,0,-3,-2,0,2,1,-2,1,0
2996,resize,0,0,0,1,1,1,5,-2,0,-1,-3,0,1,-2,-1,-1,0,1,5,-2,0,-1,-3,0,1,-2,-1,-1
2997,resize,1,1,1,1,1,1,-3,4,-1,-2,-1,-1,-2,1,-1,-1,1,1,-3,4,-1,-2,-1,-1,-2,1,-1,-1
2998,resize,4,4,4,1,1,1,-3,-1,0,-3,4,-2,-4,-1,-1,1,4,1,-3,-1,0,-3,4,-2,-4,-1,-1,1
2999,resize,0,0,0,1,1,1,6,-2,-1,-1,-4,1,1,-2,1,-1,0,1,6,-2,-1,-1,-4,1,1,-2,1,-1
3000,resize,6,6,6,1,1,1,-1,-1,-3,-2,-1,2,4,-3,2,-2,6,1,-1,-1,-3,-2,-1,2,4,-3,2,-2
3001,resize,9,9,9,1,1,1,0,-1,-2,1,-2,-1,-2,-1,0,2,9,1,0,-1,-2,1,-2,-1,-2,-1,0,2
3002,resize,8,8,8,1,1,1,0,-1,-2,0,-2,0,-1,-3,4,0,8,1,0,-1,-2,0,-2,0,-1,-3,4,0
3003,resize,1,1,1,1,1,1,-4,4,-1,-3,0,-1,-3,1,-2,0,1,1,-4,4,-1,-3,0,-1,-3,1,-2,0
3004,resize,2,2,2,1,1,1,-1,1,5,-1,-1,-3,-2,-1,0,-3,2,1,-1,1,5,-1,-1,-3,-2,-1,0,-3
3005,resize,9,9,9,1,1,1,-3,0,-2,-3,2,0,-2,-2,1,3,9,1,-3,0,-2,-3,2,0,-2,-2,1,3
3006,resize,9,9,9,1,1,1,-2,-2,-2,-1,0,-1,-4,0,-1,4,9,1,-2,-2,-2,-1,0,-1,-4,0,-1,4
3007,resize,5,5,5,1,1,1,-1,-2,-1,-1,-2,4,0,-3,1,2,5,1,-1,-2,-1,-1,-2,4,0,-3,1,2
3008,resize,9,9,9,1,1,1,-2,-2,-3,-1,0,-1,-4,-1,-1,5,9,1,-2,-2,-3,-1,0,-1,-4,-1,-1,5
3009,resize,7,7,7,1,1,1,-2,0,0,0,-1,-1,-4,3,-1,-1,7,1,-2,0,0,0,-1,-1,-4,3,-1,-1
3010,resize,3,3,3,1,1,1,-3,-1,-2,5,-3,1,-3,-1,1,0,3,1,-3,-1,-2,5,-3,1,-3,-1,1,0
3011,resize,7,7,7,1,1,1,-1,-1,-2,0,0,0,-4,3,-1,1,7,1,-1,-1,-2,0,0,0,-4,3,-1,1
3012,resize,8,8,8,1,1,1,-1,-1,-1,-1,0,0,-1,-2,3,0,8,1,-1,-1,-1,-1,0,0,-1,-2,3,0
3013,resize,0,0,0,1,1,1,4,-2,-1,-2,-2,1,2,-2,0,0,0,1,4,-2,-1,-2,-2,1,2,-2,0,0
3014,resize,1,1,1,1,1,1,-3,3,-2,-3,-1,0,-1,-1,-1,0,1,1,-3,3,-2,-3,-1,0,-1,-1,-1,0
3015,resize,3,3,3,1,1,1,-4,0,-1,7,-6,1,-4,-1,0,-1,3,1,-4,0,-1,7,-6,1,-4,-1,0,-1
3016,resize,0,0,0,1,1,1,3,-2,-2,0,-1,1,2,-1,0,0,0,1,3,-2,-2,0,-1,1,2,-1,0,0
3017,resize,4,4,4,1,1,1,-3,0,-1,-3,4,-2,-3,0,-3,0,4,1,-3,0,-1,-3,4,-2,-3,0,-3,0
3018,resize,6,6,6,1,1,1,1,-2,-3,-3,-1,1,5,-4,0,-2,6,1,1,-2,-3,-3,-1,1,5,-4,0,-2
3019,resize,1,1,1,1,1,1,-2,4,-1,-3,-1,-1,-2,0,-1,-1,1,1,-2,4,-1,-3,-1,-1,-2,0,-1,-1
3020,resize,0,0,0,1,1,1,4,-1,-1,0,-3,-1,0,-2,-1,0,0,1,4,-1,-1,0,-3,-1,0,-2,-1,0
3021,resize,2,2,2,1,1,1,1,0,4,0,-2,-2,-3,1,-1,-2,2,1,1,0,4,0,-2,-2,-3,1,-1,-2
3022,resize,5,5,5,1,1,1,-1,-1,-2,0,-2,4,0,-1,0,1,5,1,-1,-1,-2,0,-2,4,0,-1,0,1
3023,resize,8,8,8,1,1,1,-2,-1,-2,-3,-1,4,3,-3,5,-1,8,1,-2,-1,-2,-3,-1,4,3,-3,5,-1
3024,resize,4,4,4,1,1,1,-3,-1,-1,-3,4,-3,-3,-1,0,0,4,1,-3,-1,-1,-3,4,-3,-3,-1,0,0
3025,resize,4,4,4,1,1,1,-3,-1,-1,-4,4,-2,-4,-1,-2,2,4,1,-3,-1,-1,-4,4,-2,-4,-1,-2,2
3026,resize,1,1,1,1,1,1,-3,4,-2,-4,-1,-2,-2,0,-1,-1,1,1,-3,4,-2,-4,-1,-2,-2,0,-1,-1
3027,resize,1,1,1,1,1,1,-2,4,-2,-3,-1,-1,-1,-1,-1,-1,1,1,-2,4,-2,-3,-1,-1,-1,-1,-1,-1
3028,resize,5,5,5,1,1,1,-2,-1,-3,0,-3,6,0,-1,0,0,5,1,-2,-1,-3,0,-3,6,0,-1,0,0
3029,resize,4,4,4,1,1,1,-3,-1,-2,-1,3,0,-3,0,-2,0,4,1,-3,-1,-2,-1,3,0,-3,0,-2,0
3030,resize,6,6,6,1,1,1,0,0,-1,0,0,0,1,0,1,-1,6,1,0,0,-1,0,0,0,1,0,1,-1
3031,resize,6,6,6,1,1,1,-1,-1,-3,-3,-1,1,6,-3,0,-3,6,1,-1,-1,-3,-3,-1,1,6,-3,0,-3
3032,resize,0,0,0,1,1,1,5,-2,0,-1,-3,-1,1,-1,-1,-1,0,1,5,-2,0,-1,-3,-1,1,-1,-1,-1
3033,resize,6,6,6,1,1,1,-1,-1,-3,-2,0,1,3,-2,1,-1,6,1,-1,-1,-3,-2,0,1,3,-2,1,-1
3034,resize,9,9,9,1,1,1,-1,-2,-2,0,0,-2,-4,0,0,4,9,1,-1,-2,-2,0,0,-2,-4,0,0,4
3035,resize,2,2,2,1,1,1,-2,1,5,0,-1,-3,-2,-1,-1,-3,2,1,-2,1,5,0,-1,-3,-2,-1,-1,-3
3036,resize,6,6,6,1,1,1,0,-1,-2,-2,-1,1,5,-3,0,-3,6,1,0,-1,-2,-2,-1,1,5,-3,0,-3
3037,resize,2,2,2,1,1,1,1,1,5,0,-2,-2,-2,0,-2,-3,2,1,1,1,5,0,-2,-2,-2,0,-2,-3
3038,resize,7,7,7,1,1,1,-2,-1,-2,-1,0,-1,-5,4,-2,0,7,1,-2,-1,-2,-1,0,-1,-5,4,-2,0
3039,resize,1,1,1,1,1,1,-2,3,-1,-2,0,-1,-2,1,-1,0,1,1,-2,3,-1,-2,0,-1,-2,1,-1,0
3040,resize,7,7,7,1,1,1,-3,-1,-1,0,0,-1,-5,3,-1,1,7,1,-3,-1,-1,0,0,-1,-5,3,-1,1
3041,resize,9,9,9,1,1,1,-1,-2,-2,0,-1,-1,-4,0,-1,4,9,1,-1,-2,-2,0,-1,-1,-4,0,-1,4
3042,resize,4,4,4,1,1,1,-2,-1,-3,-3,5,-2,-1,-1,-2,0,4,1,-2,-1,-3,-3,5,-2,-1,-1,-2,0
3043,resize,0,0,0,1,1,1,5,-2,0,-1,-3,-1,0,-1,-1,0,0,1,5,-2,0,-1,-3,-1,0,-1,-1,0
3044,resize,0,0,0,1,1,1,5,-2,-1,-1,-2,-1,0,-1,-2,0,0,1,5,-2,-1,-1,-2,-1,0,-1,-2,0
3045,resize,3,3,3,1,1,1,-3,-1,-1,6,-4,1,-3,-1,0,-1,3,1,-3,-1,-1,6,-4,1,-3,-1,0,-1
3046,resize,8,8,8,1,1,1,-1,-1,-2,0,-1,0,-1,-2,4,0,8,1,-1,-1,-2,0,-1,0,-1,-2,4,0
3047,resize,2,2,2,1,1,1,1,1,7,0,-4,-5,-3,1,-2,-5,2,1,1,1,7,0,-4,-5,-3,1,-2,-5
3048,resize,2,2,2,1,1,1,1,-1,4,1,-4,-3,-1,-1,1,-4,2,1,1,-1,4,1,-4,-3,-1,-1,1,-4
3049,resize,3,3,3,1,1,1,-3,-1,-1,6,-4,1,-3,-1,0,0,3,1,-3,-1,-1,6,-4,1,-3,-1,0,0
3050,resize,1,1,1,1,1,1,-2,3,-1,-3,0,-1,-2,0,0,0,1,1,-2,3,-1,-3,0,-1,-2,0,0,0
3051,resize,6,6,6,1,1,1,1,-2,-2,-2,-2,2,4,-4,0,-2,6,1,1,-2,-2,-2,-2,2,4,-4,0,-2
3052,resize,0,0,0,1,1,1,6,-3,-1,-2,-3,-1,0,-1,-2,-1,0,1,6,-3,-1,-2,-3,-1,0,-1,-2,-1
3053,resize,5,5,5,1,1,1,-2,-1,-2,0,-3,7,0,-1,0,1,5,1,-2,-1,-2,0,-3,7,0,-1,0,1
3054,resize,7,7,7,1,1,1,-2,0,0,0,0,-1,-4,3,-1,0,7,1,-2,0,0,0,0,-1,-4,3,-1,0
3055,resize,7,7,7,1,1,1,-1,0,0,1,-2,-1,-4,2,0,-1,7,1,-1,0,0,1,-2,-1,-4,2,0,-1
3056,resize,9,9,9,1,1,1,-1,-2,-2,1,-1,0,-4,0,0,3,9,1,-1,-2,-2,1,-1,0,-4,0,0,3
3057,resize,2,2,2,1,1,1,0,0,6,0,-3,-3,-1,0,-1,-5,2,1,0,0,6,0,-3,-3,-1,0,-1,-5
3058,resize,6,6,6,1,1,1,2,-2,-3,-2,-1,2,6,-3,0,-3,6,1,2,-2,-3,-2,-1,2,6,-3,0,-3
3059,resize,7,7,7,1,1,1,-2,0,0,0,0,-1,-3,2,-1,0,7,1,-2,0,0,0,0,-1,-3,2,-1,0
3060,resize,9,7,7,0,0,1,0,-1,-1,0,0,0,-2,1,0,0,7,1,0,-1,-1,0,0,0,-2,1,0,0
3061,resize,7,7,7,1,1,1,-1,0,1,1,-1,-1,-3,3,-1,-2,7,1,-1,0,1,1,-1,-1,-3,3,-1,-2
3062,resize,8,8,8,1,1,1,-2,-1,1,1,-3,1,1,-1,2,-3,8,1,-2,-1,1,1,-3,1,1,-1,2,-3
3063,resize,6,6,6,1,1,1,0,-1,-2,-1,-1,2,4,-3,1,-3,6,1,0,-1,-2,-1,-1,2,4,-3,1,-3
3064,resize,8,8,8,1,1,1,-1,-2,-1,1,-3,1,0,-3,4,-1,8,1,-1,-2,-1,1,-3,1,0,-3,4,-1
3065,resize,8,8,8,1,1,1,-2,-1,-1,0,-1,0,0,-2,3,0,8,1,-2,-1,-1,0,-1,0,0,-2,3,0
3066,resize,4,4,4,1,1,1,-2,-1,-2,-3,4,-2,-2,0,-1,0,4,1,-2,-1,-2,-3,4,-2,-2,0,-1,0
3067,resize,6,6,6,1,1,1,-1,-2,-2,-3,-1,2,6,-3,1,-3,6,1,-1,-2,-2,-3,-1,2,6,-3,1,-3
3068,resize,8,8,8,1,1,1,0,-1,0,1,-3,0,-2,-1,4,-1,8,1,0,-1,0,1,-3,0,-2,-1,4,-1
3069,resize,4,4,4,1,1,1,-1,-1,-1,-3,3,-1,-3,-1,-1,1,4,1,-1,-1,-1,-3,3,-1,-3,-1,-1,1
3070,resize,1,1,1,1,1,1,-3,4,-1,-2,0,-1,-2,0,-1,0,1,1,-3,4,-1,-2,0,-1,-2,0,-1,0
3071,resize,2,2,2,1,1,1,0,1,5,1,-2,-3,-1,0,-2,-5,2,1,0,1,5,1,-2,-3,-1,0,-2,-5
3072,resize,8,8,8,1,1,1,-1,-2,-2,0,-2,0,-1,-3,5,-1,8,1,-1,-2,-2,0,-2,0,-1,-3,5,-1
3073,resize,1,1,1,1,1,1,-3,2,1,1,-2,0,-2,1,-2,-3,1,1,-3,2,1,1,-2,0,-2,1,-2,-3
3074,resize,3,3,3,1,1,1,-5,0,0,6,-5,1,-3,-1,0,-3,3,1,-5,0,0,6,-5,1,-3,-1,0,-3
3075,resize,9,9,9,1,1,1,-2,-3,-2,0,0,-1,-5,1,-1,5,9,1,-2,-3,-2,0,0,-1,-5,1,-1,5
3076,resize,4,4,4,1,1,1,-5,-1,-2,-4,6,-3,-5,0,-3,-1,4,1,-5,-1,-2,-4,6,-3,-5,0,-3,-1
3077,resize,0,0,0,1,1,1,2,-1,0,-1,-1,-2,-1,0,-1,0,0,1,2,-1,0,-1,-1,-2,-1,0,-1,0
3078,resize,3,3,3,1,1,1,-1,0,-1,2,-2,1,-1,0,0,0,3,1,-1,0,-1,2,-2,1,-1,0,0,0
3079,resize,7,7,7,1,1,1,-1,0,0,0,-1,-1,-4,3,-1,-1,7,1,-1,0,0,0,-1,-1,-4,3,-1,-1
3080,resize,3,3,3,1,1,1,-3,-1,1,6,-5,0,-3,-1,1,-3,3,1,-3,-1,1,6,-5,0,-3,-1,1,-3
3081,resize,2,2,2,1,1,1,-1,1,6,0,-3,-4,-3,0,-2,-5,2,1,-1,1,6,0,-3,-4,-3,0,-2,-5
3082,resize,3,3,3,1,1,1,-3,-1,-1,6,-4,1,-3,-1,0,-1,3,1,-3,-1,-1,6,-4,1,-3,-1,0,-1
3083,resize,3,3,3,1,1,1,-2,0,-1,5,-3,1,-2,-1,0,0,3,1,-2,0,-1,5,-3,1,-2,-1,0,0
3084,resize,7,7,7,1,1,1,-1,-1,-1,0,-1,-1,-5,3,-1,0,7,1,-1,-1,-1,0,-1,-1,-5,3,-1,0
3085,resize,3,3,3,1,1,1,-3,0,0,5,-4,0,-2,0,1,-1,3,1,-3,0,0,5,-4,0,-2,0,1,-1
3086,resize,4,4,4,1,1,1,-4,0,-1,-1,3,-1,-3,0,-1,0,4,1,-4,0,-1,-1,3,-1,-3,0,-1,0
3087,resize,0,0,0,1,1,1,6,-3,-2,-2,-3,-1,-1,0,-1,0,0,1,6,-3,-2,-2,-3,-1,-1,0,-1,0
3088,resize,6,6,6,1,1,1,1,-1,-3,-1,-1,1,4,-2,0,-2,6,1,1,-1,-3,-1,-1,1,4,-2,0,-2
3089,resize,2,2,2,1,1,1,1,0,5,0,-3,-4,-2,0,-1,-4,2,1,1,0,5,0,-3,-4,-2,0,-1,-4
3090,resize,0,0,0,1,1,1,4,-2,-1,-2,-1,-1,0,0,-1,0,0,1,4,-2,-1,-2,-1,-1,0,0,-1,0
3091,resize,8,8,8,1,1,1,0,-1,-2,-1,-2,0,-1,-3,5,-1,8,1,0,-1,-2,-1,-2,0,-1,-3,5,-1
3092,resize,1,1,1,1,1,1,-1,3,-2,-3,-1,-1,-2,0,-1,-1,1,1,-1,3,-2,-3,-1,-1,-2,0,-1,-1
3093,resize,5,5,5,1,1,1,-3,0,-3,0,-2,5,0,-1,0,1,5,1,-3,0,-3,0,-2,5,0,-1,0,1
3094,resize,3,3,3,1,1,1,-3,0,-1,5,-4,1,-2,-1,0,-1,3,1,-3,0,-1,5,-4,1,-2,-1,0,-1
3095,resize,5,5,5,1,1,1,0,-1,-1,-1,-2,5,1,-2,0,1,5,1,0,-1,-1,-1,-2,5,1,-2,0,1
3096,resize,4,4,4,1,1,1,-5,0,-2,-4,5,-3,-3,-1,-1,-2,4,1,-5,0,-2,-4,5,-3,-3,-1,-1,-2
3097,resize,1,1,1,1,1,1,-3,4,-2,-4,-1,-1,-2,0,-1,-1,1,1,-3,4,-2,-4,-1,-1,-2,0,-1,-1
3098,resize,7,7,7,1,1,1,0,-1,-1,0,-2,0,-4,3,0,0,7,1,0,-1,-1,0,-2,0,-4,3,0,0
3099,resize,1,1,1,1,1,1,-2,5,-1,-4,-2,0,-1,0,-1,-3,1,1,-2,5,-1,-4,-2,0,-1,0,-1,-3
3100,resize,5,5,5,1,1,1,-2,0,-1,1,-2,3,-1,0,0,0,5,1,-2,0,-1,1,-2,3,-1,0,0,0
3101,resize,7,7,7,1,1,1,-1,-1,-1,0,0,-1,-5,4,-1,0,7,1,-1,-1,-1,0,0,-1,-5,4,-1,0
3102,resize,5,5,5,1,1,1,-1,-2,-2,1,-2,3,0,-2,0,1,5,1,-1,-2,-2,1,-2,3,0,-2,0,1
3103,resize,7,7,7,1,1,1,-2,1,-1,0,0,0,-3,3,-1,0,7,1,-2,1,-1,0,0,0,-3,3,-1,0
3104,resize,3,3,3,1,1,1,-3,0,-1,4,-3,1,-2,0,0,-1,3,1,-3,0,-1,4,-3,1,-2,0,0,-1
3105,resize,2,2,2,1,1,1,-1,0,6,1,-3,-3,-2,0,-1,-5,2,1,-1,0,6,1,-3,-3,-2,0,-1,-5
3106,resize,2,2,2,1,1,1,1,1,4,-1,-3,-3,-1,0,-1,-4,2,1,1,1,4,-1,-3,-3,-1,0,-1,-4
3107,resize,7,7,7,1,1,1,-1,-1,-1,-1,0,0,-4,3,-1,0,7,1,-1,-1,-1,-1,0,0,-4,3,-1,0
3108,resize,3,3,3,1,1,1,-3,0,-1,3,-3,3,-1,0,0,-1,3,1,-3,0,-1,3,-3,3,-1,0,0,-1
3109,resize,7,7,7,1,1,1,-2,1,0,0,-1,-1,-3,2,-1,0,7,1,-2,1,0,0,-1,-1,-3,2,-1,0
3110,resize,3,3,3,1,1,1,-2,0,-1,4,-2,1,-1,-1,-1,-1,3,1,-2,0,-1,4,-2,1,-1,-1,-1,-1
3111,resize,7,7,7,1,1,1,-2,-1,-1,0,0,-2,-5,3,-1,1,7,1,-2,-1,-1,0,0,-2,-5,3,-1,1
3112,resize,8,8,8,1,1,1,0,-1,-2,0,-2,0,-1,-3,4,0,8,1,0,-1,-2,0,-2,0,-1,-3,4,0
3113,resize,5,5,5,1,1,1,-1,-1,-2,-1,-2,6,0,-2,0,1,5,1,-1,-1,-2,-1,-2,6,0,-2,0,1
3114,resize,4,4,4,1,1,1,-1,0,-1,-2,3,0,0,-1,-2,0,4,1,-1,0,-1,-2,3,0,0,-1,-2,0
3115,resize,5,5,5,1,1,1,-1,-1,-2,1,-1,3,-1,-1,0,0,5,1,-1,-1,-2,1,-1,3,-1,-1,0,0
3116,resize,2,2,2,1,1,1,-1,1,6,0,-3,-3,-1,0,-1,-5,2,1,-1,1,6,0,-3,-3,-1,0,-1,-5
3117,resize,5,5,5,1,1,1,-3,-1,-2,1,0,4,-1,-1,0,0,5,1,-3,-1,-2,1,0,4,-1,-1,0,0
3118,resize,6,6,6,1,1,1,0,-2,-4,-2,0,1,5,-3,0,-3,6,1,0,-2,-4,-2,0,1,5,-3,0,-3
3119,resize,5,5,5,1,1,1,-2,-1,-2,0,-3,7,0,-2,0,2,5,1,-2,-1,-2,0,-3,7,0,-2,0,2
3120,resize,3,3,3,1,1,1,-3,-1,-1,6,-5,2,-3,-1,0,-1,3,1,-3,-1,-1,6,-5,2,-3,-1,0,-1
3121,resize,6,6,6,1,1,1,-1,-1,-2,-2,1,0,3,-1,-1,-2,6,1,-1,-1,-2,-2,1,0,3,-1,-1,-2
3122,resize,7,7,7,1,1,1,-2,0,0,0,0,0,-3,2,-1,0,7,1,-2,0,0,0,0,0,-3,2,-1,0
3123,resize,4,4,4,1,1,1,-4,0,-2,-4,5,-2,-3,-1,-2,-1,4,1,-4,0,-2,-4,5,-2,-3,-1,-2,-1
3124,resize,1,1,1,1,1,1,-2,3,-1,-3,0,-1,-2,0,0,0,1,1,-2,3,-1,-3,0,-1,-2,0,0,0
3125,resize,7,7,7,1,1,1,-2,0,1,0,-1,-2,-5,4,-1,-1,7,1,-2,0,1,0,-1,-2,-5,4,-1,-1
3126,resize,1,1,1,1,1,1,-2,4,-1,-3,0,-1,-2,0,-2,-1,1,1,-2,4,-1,-3,0,-1,-2,0,-2,-1
3127,resize,5,5,5,1,1,1,-1,-2,-2,0,-1,4,-1,-1,-1,2,5,1,-1,-2,-2,0,-1,4,-1,-1,-1,2
3128,resize,2,2,2,1,1,1,-1,1,6,0,-4,-4,-2,0,-1,-5,2,1,-1,1,6,0,-4,-4,-2,0,-1,-5
3129,resize,3,3,3,1,1,1,-3,0,1,4,-4,-1,-2,-1,1,-1,3,1,-3,0,1,4,-4,-1,-2,-1,1,-1
3130,resize,6,6,6,1,1,1,2,-2,-3,-2,-2,2,4,-3,1,-2,6,1,2,-2,-3,-2,-2,2,4,-3,1,-2
3131,resize,3,3,3,1,1,1,-5,0,-1,5,-3,2,-3,0,-1,-2,3,1,-5,0,-1,5,-3,2,-3,0,-1,-2
3132,resize,1,1,1,1,1,1,-4,4,0,0,-2,0,-2,1,-2,-2,1,1,-4,4,0,0,-2,0,-2,1,-2,-2
3133,resize,4,4,4,1,1,1,-4,-1,-3,-4,5,-1,-3,-1,-1,1,4,1,-4,-1,-3,-4,5,-1,-3,-1,-1,1
3134,resize,2,2,2,1,1,1,1,-1,3,0,-2,-2,-1,0,0,-1,2,1,1,-1,3,0,-2,-2,-1,0,0,-1
3135,resize,6,6,6,1,1,1,-1,-1,-1,-1,0,2,4,-2,0,-3,6,1,-1,-1,-1,-1,0,2,4,-2,0,-3
3136,resize,7,7,7,1,1,1,-4,0,0,0,0,-2,-3,3,-1,-2,7,1,-4,0,0,0,0,-2,-3,3,-1,-2
3137,resize,4,4,4,1,1,1,-4,-1,-2,-3,4,-1,-2,-1,0,-1,4,1,-4,-1,-2,-3,4,-1,-2,-1,0,-1
3138,resize,3,3,3,1,1,1,-2,-1,-1,4,-3,2,-1,-1,-1,0,3,1,-2,-1,-1,4,-3,2,-1,-1,-1,0
3139,resize,8,8,8,1,1,1,-1,-2,-2,1,-3,1,-1,-3,6,-2,8,1,-1,-2,-2,1,-3,1,-1,-3,6,-2
3140,resize,0,0,0,1,1,1,5,-2,-1,-2,-3,-1,0,-1,-1,-1,0,1,5,-2,-1,-2,-3,-1,0,-1,-1,-1
3141,resize,6,6,6,1,1,1,0,-1,-3,-2,-1,2,4,-3,1,-2,6,1,0,-1,-3,-2,-1,2,4,-3,1,-2
3142,resize,2,2,2,1,1,1,-1,1,6,1,-3,-3,-2,1,-1,-5,2,1,-1,1,6,1,-3,-3,-2,1,-1,-5
3143,resize,1,1,1,1,1,1,-3,4,-1,-3,0,-1,-2,0,-2,0,1,1,-3,4,-1,-3,0,-1,-2,0,-2,0
3144,resize,6,6,6,1,1,1,-1,-2,-4,-3,-1,1,7,-4,0,-4,6,1,-1,-2,-4,-3,-1,1,7,-4,0,-4
3145,resize,5,5,5,1,1,1,-2,-1,-1,-1,-1,3,-1,-1,0,2,5,1,-2,-1,-1,-1,-1,3,-1,-1,0,2
3146,resize,3,3,3,1,1,1,-2,-1,0,2,-2,1,-2,-1,1,-1,3,1,-2,-1,0,2,-2,1,-2,-1,1,-1
3147,resize,9,9,9,1,1,1,-1,-2,-3,0,-1,-1,-3,0,-1,4,9,1,-1,-2,-3,0,-1,-1,-3,0,-1,4
3148,resize,1,1,1,1,1,1,-3,4,-1,-3,-1,-1,-2,0,-1,-1,1,1,-3,4,-1,-3,-1,-1,-2,0,-1,-1
3149,resize,9,9,9,1,1,1,-2,-2,-2,-1,1,-1,-4,0,-1,4,9,1,-2,-2,-2,-1,1,-1,-4,0,-1,4
3150,resize,3,3,3,1,1,1,-4,-1,-2,6,-5,2,-3,-2,1,-1,3,1,-4,-1,-2,6,-5,2,-3,-2,1,-1
3151,resize,2,2,2,1,1,1,0,0,3,0,-2,-2,-1,0,0,-3,2,1,0,0,3,0,-2,-2,-1,0,0,-3
3152,resize,1,1,1,1,1,1,-3,3,-1,-3,0,-1,-2,1,-1,0,1,1,-3,3,-1,-3,0,-1,-2,1,-1,0
3153,resize,8,8,8,1,1,1,-1,-1,-2,0,-1,1,0,-2,3,0,8,1,-1,-1,-2,0,-1,1,0,-2,3,0
3154,resize,4,4,4,1,1,1,-2,-1,-2,-4,5,-2,0,-1,-3,-1,4,1,-2,-1,-2,-4,5,-2,0,-1,-3,-1
3155,resize,4,4,4,1,1,1,-4,0,-2,-3,4,-1,-3,-1,-3,0,4,1,-4,0,-2,-3,4,-1,-3,-1,-3,0
3156,resize,6,6,6,1,1,1,1,-2,-4,-2,-1,1,5,-3,0,-1,6,1,1,-2,-4,-2,-1,1,5,-3,0,-1
3157,resize,5,5,5,1,1,1,-1,0,-1,2,-2,4,-1,-1,-1,1,5,1,-1,0,-1,2,-2,4,-1,-1,-1,1
3158,resize,8,8,8,1,1,1,0,-1,-1,0,-1,-1,-1,-2,4,0,8,1,0,-1,-1,0,-1,-1,-1,-2,4,0
3159,resize,6,6,6,1,1,1,0,-1,-3,-2,-1,2,5,-3,0,-2,6,1,0,-1,-3,-2,-1,2,5,-3,0,-2
3160,resize,9,9,9,1,1,1,-1,-1,-2,0,0,1,-2,-1,-1,3,9,1,-1,-1,-2,0,0,1,-2,-1,-1,3
3161,resize,7,7,7,1,1,1,-2,0,0,0,0,-1,-4,3,-1,0,7,1,-2,0,0,0,0,-1,-4,3,-1,0
3162,resize,7,7,7,1,1,1,-2,0,1,0,-1,-1,-4,4,-1,-1,7,1,-2,0,1,0,-1,-1,-4,4,-1,-1
3163,resize,8,8,8,1,1,1,-2,-2,-2,0,-1,0,0,-3,5,0,8,1,-2,-2,-2,0,-1,0,0,-3,5,0
3164,resize,6,6,6,1,1,1,1,-1,-2,-2,0,0,4,-3,-1,-2,6,1,1,-1,-2,-2,0,0,4,-3,-1,-2
3165,resize,9,9,9,1,1,1,-3,-3,-2,-1,1,-1,-5,0,-1,5,9,1,-3,-3,-2,-1,1,-1,-5,0,-1,5
3166,resize,7,7,7,1,1,1,-1,0,0,-1,0,-2,-3,3,-1,-1,7,1,-1,0,0,-1,0,-2,-3,3,-1,-1
3167,resize,3,3,3,1,1,1,-1,-1,-1,3,-2,1,-1,-2,0,0,3,1,-1,-1,-1,3,-2,1,-1,-2,0,0
3168,resize,9,9,9,1,1,1,-1,-2,-3,0,-1,-1,-4,-1,-1,4,9,1,-1,-2,-3,0,-1,-1,-4,-1,-1,4
3169,resize,4,4,4,1,1,1,-3,-1,-2,-3,5,-2,-3,0,-3,0,4,1,-3,-1,-2,-3,5,-2,-3,0,-3,0
3170,resize,0,0,0,1,1,1,4,-2,0,-1,-3,0,1,-2,-1,-1,0,1,4,-2,0,-1,-3,0,1,-2,-1,-1
3171,resize,5,5,5,1,1,1,-1,-1,-2,0,-2,4,0,-1,0,1,5,1,-1,-1,-2,0,-2,4,0,-1,0,1
3172,resize,4,4,4,1,1,1,-4,-1,0,-2,3,-2,-5,-1,0,2,4,1,-4,-1,0,-2,3,-2,-5,-1,0,2
3173,resize,6,6,5,1,0,0,-1,0,-1,-1,-1,3,3,-2,1,-2,5,1,-1,0,-1,-1,-1,3,3,-2,1,-2
3174,resize,4,4,4,1,1,1,-4,-1,-2,-3,5,-2,-3,-1,-3,0,4,1,-4,-1,-2,-3,5,-2,-3,-1,-3,0
3175,resize,1,1,1,1,1,1,-3,4,-1,-2,0,-1,-2,0,-1,0,1,1,-3,4,-1,-2,0,-1,-2,0,-1,0
3176,resize,2,2,2,1,1,1,1,1,4,0,-3,-2,-2,0,-1,-3,2,1,1,1,4,0,-3,-2,-2,0,-1,-3
3177,resize,3,3,3,1,1,1,-3,0,1,5,-3,0,-3,0,0,-3,3,1,-3,0,1,5,-3,0,-3,0,0,-3
3178,resize,0,0,0,1,1,1,5,-2,-1,0,-3,0,1,-1,-1,-1,0,1,5,-2,-1,0,-3,0,1,-1,-1,-1
3179,resize,0,0,0,1,1,1,5,-2,0,-1,-2,-1,1,-1,-1,-1,0,1,5,-2,0,-1,-2,-1,1,-1,-1,-1
3180,resize,2,2,2,1,1,1,0,0,5,0,-4,-4,-3,0,0,-3,2,1,0,0,5,0,-4,-4,-3,0,0,-3
3181,resize,6,6,6,1,1,1,2,-3,-3,-2,-1,2,6,-3,0,-3,6,1,2,-3,-3,-2,-1,2,6,-3,0,-3
3182,resize,6,6,6,1,1,1,0,-1,-3,-3,0,1,6,-3,-1,-3,6,1,0,-1,-3,-3,0,1,6,-3,-1,-3
3183,resize,5,5,5,1,1,1,-2,-2,-3,0,-2,6,0,-2,1,1,5,1,-2,-2,-3,0,-2,6,0,-2,1,1
3184,resize,7,7,7,1,1,1,-2,0,0,0,0,-1,-4,3,-1,0,7,1,-2,0,0,0,0,-1,-4,3,-1,0
3185,resize,0,0,0,1,1,1,3,-2,-1,-1,-1,-1,0,0,-1,0,0,1,3,-2,-1,-1,-1,-1,0,0,-1,0
3186,resize,8,8,8,1,1,1,0,-1,0,0,-1,0,-1,-2,2,0,8,1,0,-1,0,0,-1,0,-1,-2,2,0
3187,resize,6,6,6,1,1,1,-1,-1,-3,-2,0,1,5,-3,-1,-3,6,1,-1,-1,-3,-2,0,1,5,-3,-1,-3
3188,resize,4,4,4,1,1,1,-3,0,0,-2,4,-2,-2,0,-3,-2,4,1,-3,0,0,-2,4,-2,-2,0,-3,-2
3189,resize,7,7,5,1,0,0,-2,0,-1,0,0,1,-1,1,0,-1,5,1,-2,0,-1,0,0,1,-1,1,0,-1
3190,resize,9,9,9,1,1,1,-2,-2,-3,-1,0,-1,-5,-1,-2,5,9,1,-2,-2,-3,-1,0,-1,-5,-1,-2,5
3191,resize,0,0,0,1,1,1,4,-2,-1,-2,-2,-1,0,-1,-1,-1,0,1,4,-2,-1,-2,-2,-1,0,-1,-1,-1
3192,resize,7,7,7,1,1,1,-2,0,1,1,-1,-1,-4,3,-1,-1,7,1,-2,0,1,1,-1,-1,-4,3,-1,-1
3193,resize,3,3,3,1,1,1,-3,-1,-1,6,-4,1,-3,-1,1,-1,3,1,-3,-1,-1,6,-4,1,-3,-1,1,-1
3194,resize,4,4,4,1,1,1,-4,-1,-3,-4,4,-2,-2,-1,-1,0,4,1,-4,-1,-3,-4,4,-2,-2,-1,-1,0
3195,resize,2,2,2,1,1,1,0,1,7,0,-4,-4,-2,1,-2,-6,2,1,0,1,7,0,-4,-4,-2,1,-2,-6
3196,resize,1,1,1,1,1,1,-1,2,-1,-1,-1,0,-1,0,-1,-1,1,1,-1,2,-1,-1,-1,0,-1,0,-1,-1
3197,resize,8,8,8,1,1,1,-1,-1,-2,-2,0,-1,-2,-3,5,1,8,1,-1,-1,-2,-2,0,-1,-2,-3,5,1
3198,resize,8,8,8,1,1,1,-3,-1,-1,-1,-2,1,1,-3,6,-2,8,1,-3,-1,-1,-1,-2,1,1,-3,6,-2
3199,resize,5,5,5,1,1,1,-1,-1,-3,0,-3,6,1,-2,0,1,5,1,-1,-1,-3,0,-3,6,1,-2,0,1
3200,resize,9,9,9,1,1,1,0,-2,-2,0,-1,-2,-4,0,-1,4,9,1,0,-2,-2,0,-1,-2,-4,0,-1,4
3201,resize,2,2,2,1,1,1,-2,1,6,-1,-1,-4,-2,-1,0,-3,2,1,-2,1,6,-1,-1,-4,-2,-1,0,-3
3202,resize,7,7,7,1,1,1,-3,0,0,1,-1,-1,-3,2,-1,-2,7,1,-3,0,0,1,-1,-1,-3,2,-1,-2
3203,resize,1,1,1,1,1,1,-2,3,0,-2,-1,-1,-1,0,-1,-1,1,1,-2,3,0,-2,-1,-1,-1,0,-1,-1
3204,resize,8,8,8,1,1,1,0,-2,-1,0,-2,-1,-2,-2,4,0,8,1,0,-2,-1,0,-2,-1,-2,-2,4,0
3205,resize,8,8,8,1,1,1,-2,0,-1,-1,-1,1,0,-2,4,-1,8,1,-2,0,-1,-1,-1,1,0,-2,4,-1
3206,resize,8,8,8,1,1,1,-1,-1,-1,2,-2,0,-1,-2,3,-1,8,1,-1,-1,-1,2,-2,0,-1,-2,3,-1
3207,resize,2,2,2,1,1,1,1,0,3,0,-5,-2,-1,-1,1,-4,2,1,1,0,3,0,-5,-2,-1,-1,1,-4
3208,resize,7,7,7,1,1,1,-3,2,0,0,-1,-2,-4,4,-2,-1,7,1,-3,2,0,0,-1,-2,-4,4,-2,-1
3209,resize,6,6,6,1,1,1,0,-1,-4,-2,0,2,5,-3,0,-2,6,1,0,-1,-4,-2,0,2,5,-3,0,-2
3210,resize,0,0,0,1,1,1,4,-2,-1,-2,-2,-1,1,-2,-1,-1,0,1,4,-2,-1,-2,-2,-1,1,-2,-1,-1
3211,resize,1,1,1,1,1,1,-2,4,-1,-3,-1,-1,-1,-1,-1,-2,1,1,-2,4,-1,-3,-1,-1,-1,-1,-1,-2
3212,resize,2,2,2,1,1,1,-3,2,6,0,-2,-3,-2,0,-1,-4,2,1,-3,2,6,0,-2,-3,-2,0,-1,-4
3213,resize,7,7,7,1,1,1,-1,0,0,0,-1,-1,-2,2,-1,0,7,1,-1,0,0,0,-1,-1,-2,2,-1,0
3214,resize,1,1,1,1,1,1,-3,5,-2,-4,-2,-1,-1,-1,-1,-3,1,1,-3,5,-2,-4,-2,-1,-1,-1,-1,-3
3215,resize,0,0,0,1,1,1,6,-3,-1,-2,-3,-1,0,-1,-2,0,0,1,6,-3,-1,-2,-3,-1,0,-1,-2,0
3216,resize,8,8,3,1,0,0,-1,-1,-1,2,-2,0,-2,-1,2,-1,3,1,-1,-1,-1,2,-2,0,-2,-1,2,-1
3217,resize,3,3,3,1,1,1,-5,1,0,5,-3,1,-3,0,0,-3,3,1,-5,1,0,5,-3,1,-3,0,0,-3
3218,resize,6,6,6,1,1,1,-1,-2,-2,-1,-2,3,4,-4,1,-2,6,1,-1,-2,-2,-1,-2,3,4,-4,1,-2
3219,resize,0,0,0,1,1,1,4,-2,-1,-2,-1,-1,0,-1,-2,0,0,1,4,-2,-1,-2,-1,-1,0,-1,-2,0
3220,resize,5,5,5,1,1,1,-2,-1,-3,0,-3,7,-1,-2,0,1,5,1,-2,-1,-3,0,-3,7,-1,-2,0,1
3221,resize,3,3,3,1,1,1,-3,0,0,4,-3,0,-3,0,0,-1,3,1,-3,0,0,4,-3,0,-3,0,0,-1
3222,resize,6,6,6,1,1,1,0,0,0,-1,-1,1,3,-2,0,-3,6,1,0,0,0,-1,-1,1,3,-2,0,-3
3223,resize,2,2,2,1,1,1,-1,1,5,0,-2,-3,-2,0,-1,-4,2,1,-1,1,5,0,-2,-3,-2,0,-1,-4
3224,resize,8,8,8,1,1,1,-1,-2,-2,-1,-2,1,0,-4,5,0,8,1,-1,-2,-2,-1,-2,1,0,-4,5,0
3225,resize,7,7,7,1,1,1,-1,0,-1,0,-1,-1,-2,1,0,0,7,1,-1,0,-1,0,-1,-1,-2,1,0,0
3226,resize,0,0,0,1,1,1,5,-2,-1,-1,-3,0,0,-1,-1,0,0,1,5,-2,-1,-1,-3,0,0,-1,-1,0
3227,resize,1,1,1,1,1,1,-2,3,-1,-3,-1,0,-1,-1,-1,-1,1,1,-2,3,-1,-3,-1,0,-1,-1,-1,-1
3228,resize,4,4,4,1,1,1,-2,0,-1,-3,4,-1,-1,-1,-3,0,4,1,-2,0,-1,-3,4,-1,-1,-1,-3,0
3229,resize,2,2,2,1,1,1,0,0,4,0,-3,-3,-2,0,0,-3,2,1,0,0,4,0,-3,-3,-2,0,0,-3
3230,resize,1,1,1,1,1,1,-3,4,-1,-2,0,-2,-3,0,-1,0,1,1,-3,4,-1,-2,0,-2,-3,0,-1,0
3231,resize,1,1,1,1,1,1,-3,4,-1,-3,0,-1,-2,0,-2,-1,1,1,-3,4,-1,-3,0,-1,-2,0,-2,-1
3232,resize,4,4,4,1,1,1,-2,0,-1,-3,3,-3,-4,0,-2,1,4,1,-2,0,-1,-3,3,-3,-4,0,-2,1
3233,resize,4,4,4,1,1,1,-6,0,-3,-4,6,-2,-5,-1,-2,0,4,1,-6,0,-3,-4,6,-2,-5,-1,-2,0
3234,resize,4,4,4,1,1,1,-3,0,-1,-4,5,-3,-3,1,-4,-1,4,1,-3,0,-1,-4,5,-3,-3,1,-4,-1
3235,resize,4,4,4,1,1,1,-4,0,-2,-5,5,-2,-3,-1,-3,1,4,1,-4,0,-2,-5,5,-2,-3,-1,-3,1
3236,resize,7,7,7,1,1,1,-1,1,1,1,-2,-1,-3,2,0,-1,7,1,-1,1,1,1,-2,-1,-3,2,0,-1
3237,resize,1,1,1,1,1,1,-2,3,-1,-2,0,-1,-2,0,-1,0,1,1,-2,3,-1,-2,0,-1,-2,0,-1,0
3238,resize,6,6,6,1,1,1,-1,-1,-3,-2,-2,3,4,-3,1,-2,6,1,-1,-1,-3,-2,-2,3,4,-3,1,-2
3239,resize,2,2,2,1,1,1,0,1,4,0,-2,-3,-1,0,-2,-4,2,1,0,1,4,0,-2,-3,-1,0,-2,-4
3240,resize,9,9,9,1,1,1,-1,-1,-1,0,1,0,-3,-1,0,3,9,1,-1,-1,-1,0,1,0,-3,-1,0,3
3241,resize,9,9,9,1,1,1,-1,-2,-2,0,-1,-1,-4,0,-1,4,9,1,-1,-2,-2,0,-1,-1,-4,0,-1,4
3242,resize,0,0,0,1,1,1,5,-2,-1,0,-2,0,1,-2,-1,-1,0,1,5,-2,-1,0,-2,0,1,-2,-1,-1
3243,resize,0,0,0,1,1,1,4,-1,-1,-2,-3,0,0,-1,0,-1,0,1,4,-1,-1,-2,-3,0,0,-1,0,-1
3244,resize,1,1,1,1,1,1,-2,3,-2,-4,-1,0,0,-1,0,-1,1,1,-2,3,-2,-4,-1,0,0,-1,0,-1
3245,resize,8,8,8,1,1,1,-1,-1,-1,0,-2,1,0,-3,4,-1,8,1,-1,-1,-1,0,-2,1,0,-3,4,-1
3246,resize,8,8,8,1,1,1,0,-1,-1,0,-2,0,-1,-2,4,0,8,1,0,-1,-1,0,-2,0,-1,-2,4,0
3247,resize,4,4,4,1,1,1,-3,0,-1,-3,4,-2,-3,0,-2,0,4,1,-3,0,-1,-3,4,-2,-3,0,-2,0
3248,resize,3,3,3,1,1,1,-3,-1,0,5,-4,1,-2,-1,0,-1,3,1,-3,-1,0,5,-4,1,-2,-1,0,-1
3249,resize,4,4,4,1,1,1,-5,-1,-3,-4,5,-2,-4,-1,-1,0,4,1,-5,-1,-3,-4,5,-2,-4,-1,-1,0
3250,resize,2,2,2,1,1,1,-1,1,3,-2,-1,-1,1,-2,-2,-4,2,1,-1,1,3,-2,-1,-1,1,-2,-2,-4
3251,resize,0,0,0,1,1,1,4,-3,-2,0,-1,0,1,-1,0,1,0,1,4,-3,-2,0,-1,0,1,-1,0,1
3252,resize,6,6,6,1,1,1,0,-2,-2,-3,-2,2,4,-4,2,-2,6,1,0,-2,-2,-3,-2,2,4,-4,2,-2
3253,resize,1,1,1,1,1,1,-2,4,-2,-3,-1,0,-1,-1,-1,-1,1,1,-2,4,-2,-3,-1,0,-1,-1,-1,-1
3254,resize,6,6,6,1,1,1,2,-2,-3,-2,-2,1,4,-3,1,-1,6,1,2,-2,-3,-2,-2,1,4,-3,1,-1
3255,resize,1,1,1,1,1,1,-2,3,0,-1,-2,0,-1,1,-1,-2,1,1,-2,3,0,-1,-2,0,-1,1,-1,-2
3256,resize,2,2,2,1,1,1,-1,1,5,0,-3,-3,-2,1,-2,-5,2,1,-1,1,5,0,-3,-3,-2,1,-2,-5
3257,resize,2,2,2,1,1,1,0,0,6,0,-3,-4,-2,1,-1,-4,2,1,0,0,6,0,-3,-4,-2,1,-1,-4
3258,resize,2,2,2,1,1,1,1,1,7,0,-4,-5,-3,0,-2,-6,2,1,1,1,7,0,-4,-5,-3,0,-2,-6
3259,resize,1,1,1,1,1,1,-2,2,0,-2,0,-1,-2,0,0,-1,1,1,-2,2,0,-2,0,-1,-2,0,0,-1
3260,resize,2,2,2,1,1,1,1,0,3,0,-2,-2,-1,0,0,-2,2,1,1,0,3,0,-2,-2,-1,0,0,-2
3261,resize,3,3,3,1,1,1,-2,-1,-1,5,-4,2,-3,-1,0,0,3,1,-2,-1,-1,5,-4,2,-3,-1,0,0
3262,resize,7,7,7,1,1,1,-3,1,0,0,0,-1,-2,2,-2,-2,7,1,-3,1,0,0,0,-1,-2,2,-2,-2
3263,resize,8,8,8,1,1,1,-1,-2,-1,0,-1,-1,-1,-2,4,1,8,1,-1,-2,-1,0,-1,-1,-1,-2,4,1
3264,resize,1,1,1,1,1,1,-2,4,-2,-3,-1,-1,-2,0,-1,0,1,1,-2,4,-2,-3,-1,-1,-2,0,-1,0
3265,resize,0,0,0,1,1,1,6,-3,-1,-1,-4,-1,0,-1,-1,0,0,1,6,-3,-1,-1,-4,-1,0,-1,-1,0
3266,resize,0,0,0,1,1,1,3,-2,-1,-1,-2,1,2,-2,0,-2,0,1,3,-2,-1,-1,-2,1,2,-2,0,-2
3267,resize,2,2,2,1,1,1,-1,0,4,1,-3,-3,-2,0,0,-4,2,1,-1,0,4,1,-3,-3,-2,0,0,-4
3268,resize,1,1,1,1,1,1,-3,4,-2,-4,-1,-1,-2,0,-2,-1,1,1,-3,4,-2,-4,-1,-1,-2,0,-2,-1
3269,resize,6,6,6,1,1,1,0,-1,-3,-2,0,1,4,-2,0,-1,6,1,0,-1,-3,-2,0,1,4,-2,0,-1
3270,resize,6,6,6,1,1,1,-1,-1,-3,-2,0,1,4,-1,1,-2,6,1,-1,-1,-3,-2,0,1,4,-1,1,-2
3271,resize,0,0,0,1,1,1,6,-3,-1,-2,-3,-1,1,-1,-1,0,0,1,6,-3,-1,-2,-3,-1,1,-1,-1,0
3272,resize,1,1,1,1,1,1,-1,4,-1,-3,-2,-1,-1,0,0,-2,1,1,-1,4,-1,-3,-2,-1,-1,0,0,-2
3273,resize,6,6,6,1,1,1,0,-2,-2,-3,-2,3,5,-4,2,-2,6,1,0,-2,-2,-3,-2,3,5,-4,2,-2
3274,resize,2,2,2,1,1,1,-1,1,6,0,-3,-4,-1,0,-2,-6,2,1,-1,1,6,0,-3,-4,-1,0,-2,-6
3275,resize,5,5,5,1,1,1,-2,0,-2,0,-1,5,-1,0,-1,1,5,1,-2,0,-2,0,-1,5,-1,0,-1,1
3276,resize,1,1,1,1,1,1,-3,4,-1,-4,0,-1,-1,0,-1,-1,1,1,-3,4,-1,-4,0,-1,-1,0,-1,-1
3277,resize,7,7,7,1,1,1,-3,1,-1,0,0,-1,-5,3,-2,0,7,1,-3,1,-1,0,0,-1,-5,3,-2,0
3278,resize,4,4,4,1,1,1,-2,-1,-1,-2,3,-1,-2,0,-3,1,4,1,-2,-1,-1,-2,3,-1,-2,0,-3,1
3279,resize,8,8,8,1,1,1,-1,-2,-2,0,-2,0,-1,-3,5,-1,8,1,-1,-2,-2,0,-2,0,-1,-3,5,-1
3280,resize,2,2,2,1,1,1,0,1,3,0,-2,-3,-2,1,-1,-2,2,1,0,1,3,0,-2,-3,-2,1,-1,-2
3281,resize,1,1,1,1,1,1,-4,4,-2,-3,0,-1,-2,1,-2,0,1,1,-4,4,-2,-3,0,-1,-2,1,-2,0
3282,resize,4,4,4,1,1,1,-2,-1,-1,-2,3,-1,-3,0,-2,1,4,1,-2,-1,-1,-2,3,-1,-3,0,-2,1
3283,resize,3,3,3,1,1,1,-3,0,-1,4,-3,1,-2,0,0,-2,3,1,-3,0,-1,4,-3,1,-2,0,0,-2
3284,resize,8,8,8,1,1,1,0,-1,-1,0,-1,-1,-2,-1,3,0,8,1,0,-1,-1,0,-1,-1,-2,-1,3,0
3285,resize,3,3,3,1,1,1,-3,-1,-1,5,-4,1,-3,0,0,-1,3,1,-3,-1,-1,5,-4,1,-3,0,0,-1
3286,resize,9,9,9,1,1,1,-1,-2,-3,0,0,-1,-4,0,-2,4,9,1,-1,-2,-3,0,0,-1,-4,0,-2,4
3287,resize,9,9,9,1,1,1,-1,-2,-2,-1,1,-2,-3,1,-1,4,9,1,-1,-2,-2,-1,1,-2,-3,1,-1,4
3288,resize,4,4,4,1,1,1,-1,-1,0,-2,3,-1,-3,-1,-2,2,4,1,-1,-1,0,-2,3,-1,-3,-1,-2,2
3289,resize,8,8,8,1,1,1,-1,-2,-1,1,-1,-1,-3,-1,3,2,8,1,-1,-2,-1,1,-1,-1,-3,-1,3,2
3290,resize,3,3,3,1,1,1,-3,-1,0,5,-4,0,-4,0,1,-1,3,1,-3,-1,0,5,-4,0,-4,0,1,-1
3291,resize,4,4,4,1,1,1,-3,0,-1,-3,5,-2,-3,0,-3,0,4,1,-3,0,-1,-3,5,-2,-3,0,-3,0
3292,resize,7,7,7,1,1,1,-2,0,-1,-2,0,-1,-5,4,-1,0,7,1,-2,0,-1,-2,0,-1,-5,4,-1,0
3293,resize,2,2,2,1,1,1,0,1,6,0,-3,-4,-2,0,-2,-6,2,1,0,1,6,0,-3,-4,-2,0,-2,-6
3294,resize,7,7,7,1,1,1,-3,1,2,0,0,-2,-4,4,-3,-4,7,1,-3,1,2,0,0,-2,-4,4,-3,-4
3295,resize,5,5,5,1,1,1,-2,-1,-2,-1,-2,6,-1,-1,0,1,5,1,-2,-1,-2,-1,-2,6,-1,-1,0,1
3296,resize,7,7,7,1,1,1,-2,-1,1,1,-1,-1,-5,4,0,-1,7,1,-2,-1,1,1,-1,-1,-5,4,0,-1
3297,resize,0,0,0,1,1,1,4,-2,0,-1,-2,-1,0,-1,-1,-1,0,1,4,-2,0,-1,-2,-1,0,-1,-1,-1
3298,resize,4,4,4,1,1,1,-2,0,-1,-2,4,-2,-2,0,-2,-1,4,1,-2,0,-1,-2,4,-2,-2,0,-2,-1
3299,resize,3,3,3,1,1,1,-3,0,-1,4,-3,2,-2,-1,0,0,3,1,-3,0,-1,4,-3,2,-2,-1,0,0
3300,resize,3,3,3,1,1,1,-3,1,1,3,-2,0,-2,0,-1,-2,3,1,-3,1,1,3,-2,0,-2,0,-1,-2
3301,resize,2,2,2,1,1,1,0,1,7,-1,-4,-4,-2,0,-1,-5,2,1,0,1,7,-1,-4,-4,-2,0,-1,-5
3302,resize,6,6,5,1,0,0,-1,0,-1,-1,0,2,2,-1,0,-1,5,1,-1,0,-1,-1,0,2,2,-1,0,-1
3303,resize,7,7,7,1,1,1,-1,0,0,0,-1,-1,-3,2,0,0,7,1,-1,0,0,0,-1,-1,-3,2,0,0
3304,resize,6,6,6,1,1,1,0,-1,-1,-2,-1,1,4,-3,-1,-4,6,1,0,-1,-1,-2,-1,1,4,-3,-1,-4
3305,resize,0,0,0,1,1,1,3,-1,-1,-1,-2,0,0,0,0,-1,0,1,3,-1,-1,-1,-2,0,0,0,0,-1
3306,resize,0,0,0,1,1,1,5,-2,0,-1,-3,-1,0,-1,-1,0,0,1,5,-2,0,-1,-3,-1,0,-1,-1,0
3307,resize,6,6,6,1,1,1,-1,-2,-4,-3,0,1,7,-3,0,-3,6,1,-1,-2,-4,-3,0,1,7,-3,0,-3
3308,resize,7,7,7,1,1,1,-2,-1,-1,0,0,-2,-5,4,-1,0,7,1,-2,-1,-1,0,0,-2,-5,4,-1,0
3309,resize,7,7,7,1,1,1,-3,0,0,0,-1,-1,-4,3,-1,-1,7,1,-3,0,0,0,-1,-1,-4,3,-1,-1
3310,resize,0,0,0,1,1,1,5,-2,0,-2,-3,-1,0,-1,-1,-1,0,1,5,-2,0,-2,-3,-1,0,-1,-1,-1
3311,resize,5,5,5,1,1,1,-2,-1,-2,-1,-1,5,0,-1,0,0,5,1,-2,-1,-2,-1,-1,5,0,-1,0,0
3312,resize,5,5,5,1,1,1,-2,0,-2,0,-1,4,-1,0,-1,1,5,1,-2,0,-2,0,-1,4,-1,0,-1,1
3313,resize,8,8,8,1,1,1,-1,-1,-2,-1,-1,0,0,-3,5,0,8,1,-1,-1,-2,-1,-1,0,0,-3,5,0
3314,resize,1,1,1,1,1,1,-3,4,-1,-2,-1,-1,-2,1,-1,-1,1,1,-3,4,-1,-2,-1,-1,-2,1,-1,-1
3315,resize,0,0,0,1,1,1,6,-2,0,-2,-5,0,1,-2,0,-3,0,1,6,-2,0,-2,-5,0,1,-2,0,-3
3316,resize,7,7,7,1,1,1,-1,0,0,-1,0,-1,-2,2,0,0,7,1,-1,0,0,-1,0,-1,-2,2,0,0
3317,resize,0,0,0,1,1,1,4,-2,-3,-1,-1,1,1,-1,0,0,0,1,4,-2,-3,-1,-1,1,1,-1,0,0
3318,resize,2,2,2,1,1,1,-1,1,5,0,-2,-3,-1,1,-1,-4,2,1,-1,1,5,0,-2,-3,-1,1,-1,-4
3319,resize,8,8,8,1,1,1,-1,-1,-1,-1,0,0,-1,-2,4,1,8,1,-1,-1,-1,-1,0,0,-1,-2,4,1
3320,resize,1,1,1,1,1,1,-3,4,-2,-3,-1,-1,-2,0,-1,-1,1,1,-3,4,-2,-3,-1,-1,-2,0,-1,-1
3321,resize,5,5,5,1,1,1,-1,-2,-2,-1,-3,5,1,-3,3,0,5,1,-1,-2,-2,-1,-3,5,1,-3,3,0
3322,resize,0,0,0,1,1,1,4,-2,-1,-1,-3,0,-1,-1,-1,0,0,1,4,-2,-1,-1,-3,0,-1,-1,-1,0
3323,resize,8,8,8,1,1,1,-2,-1,-1,0,-2,1,0,-3,4,0,8,1,-2,-1,-1,0,-2,1,0,-3,4,0
3324,resize,8,8,8,1,1,1,-1,-1,-1,0,-1,1,0,-2,3,-1,8,1,-1,-1,-1,0,-1,1,0,-2,3,-1
3325,resize,0,0,0,1,1,1,5,-3,-2,-2,-3,-1,1,-1,-1,0,0,1,5,-3,-2,-2,-3,-1,1,-1,-1,0
3326,resize,3,3,3,1,1,1,-2,0,-1,3,-3,3,-1,-1,0,-1,3,1,-2,0,-1,3,-3,3,-1,-1,0,-1
3327,resize,2,2,2,1,1,1,0,1,6,-1,-4,-4,-2,1,-2,-5,2,1,0,1,6,-1,-4,-4,-2,1,-2,-5
3328,resize,7,7,2,1,0,0,-1,0,2,0,-1,-1,-2,2,-1,-2,2,1,-1,0,2,0,-1,-1,-2,2,-1,-2
3329,resize,7,7,7,1,1,1,-3,0,2,0,0,-3,-2,3,-2,-4,7,1,-3,0,2,0,0,-3,-2,3,-2,-4
3330,resize,2,2,2,1,1,1,1,-1,2,1,-3,-2,-2,-1,1,-1,2,1,1,-1,2,1,-3,-2,-2,-1,1,-1
3331,resize,6,6,6,1,1,1,0,-2,-3,-3,-1,2,6,-4,1,-2,6,1,0,-2,-3,-3,-1,2,6,-4,1,-2
3332,resize,4,4,4,1,1,1,-2,-1,-1,-1,3,-1,-2,0,-1,0,4,1,-2,-1,-1,-1,3,-1,-2,0,-1,0
3333,resize,7,7,7,1,1,1,-3,0,0,0,0,-1,-4,2,-1,1,7,1,-3,0,0,0,0,-1,-4,2,-1,1
3334,resize,5,5,5,1,1,1,-3,-1,-2,1,-2,5,-2,0,-1,2,5,1,-3,-1,-2,1,-2,5,-2,0,-1,2
3335,resize,5,5,5,1,1,1,-2,-1,-1,1,-1,4,0,-1,-1,0,5,1,-2,-1,-1,1,-1,4,0,-1,-1,0
3336,resize,5,5,5,1,1,1,-2,0,-2,-1,-1,3,-1,0,0,1,5,1,-2,0,-2,-1,-1,3,-1,0,0,1
3337,resize,2,2,2,1,1,1,-2,0,4,0,-2,-3,-2,2,-1,-5,2,1,-2,0,4,0,-2,-3,-2,2,-1,-5
3338,resize,9,9,9,1,1,1,-1,-2,-3,-1,0,-1,-3,-1,0,4,9,1,-1,-2,-3,-1,0,-1,-3,-1,0,4
3339,resize,2,2,2,1,1,1,0,0,4,0,-3,-3,-2,1,-1,-3,2,1,0,0,4,0,-3,-3,-2,1,-1,-3
3340,resize,8,8,8,1,1,1,0,-2,-2,0,-2,1,-1,-3,4,-1,8,1,0,-2,-2,0,-2,1,-1,-3,4,-1
3341,resize,4,4,4,1,1,1,-2,0,-1,-3,3,-2,-2,-2,0,-1,4,1,-2,0,-1,-3,3,-2,-2,-2,0,-1
3342,resize,6,6,6,1,1,1,0,-2,-3,-2,-1,2,4,-3,2,-1,6,1,0,-2,-3,-2,-1,2,4,-3,2,-1
3343,resize,8,8,8,1,1,1,-2,-1,0,1,-2,-1,-1,-1,3,-1,8,1,-2,-1,0,1,-2,-1,-1,-1,3,-1
3344,resize,6,6,6,1,1,1,1,-1,-1,-2,-1,0,3,-3,1,-1,6,1,1,-1,-1,-2,-1,0,3,-3,1,-1
3345,resize,5,5,5,1,1,1,-2,0,-1,0,-2,5,0,-1,0,0,5,1,-2,0,-1,0,-2,5,0,-1,0,0
3346,resize,0,0,0,1,1,1,6,-3,-1,-2,-4,0,0,0,0,-2,0,1,6,-3,-1,-2,-4,0,0,0,0,-2
3347,resize,0,0,0,1,1,1,5,-1,-1,0,-3,1,1,-2,0,0,0,1,5,-1,-1,0,-3,1,1,-2,0,0
3348,resize,8,8,8,1,1,1,-1,-2,-1,-1,-1,0,0,-3,5,0,8,1,-1,-2,-1,-1,-1,0,0,-3,5,0
3349,resize,7,7,7,1,1,1,-3,1,1,1,-1,-2,-4,3,-1,-2,7,1,-3,1,1,1,-1,-2,-4,3,-1,-2
3350,resize,6,6,6,1,1,1,-1,0,-2,-1,1,0,4,-1,-1,-2,6,1,-1,0,-2,-1,1,0,4,-1,-1,-2
3351,resize,1,1,1,1,1,1,-3,4,-1,-3,-1,-1,-2,0,-1,-2,1,1,-3,4,-1,-3,-1,-1,-2,0,-1,-2
3352,resize,7,7,7,1,1,1,-4,1,0,0,0,-2,-5,4,-2,-2,7,1,-4,1,0,0,0,-2,-5,4,-2,-2
3353,resize,1,1,1,1,1,1,-4,4,-2,-3,0,-1,-2,0,-1,1,1,1,-4,4,-2,-3,0,-1,-2,0,-1,1
3354,resize,1,1,1,1,1,1,-3,4,-1,-3,-1,-1,-3,1,-2,-1,1,1,-3,4,-1,-3,-1,-1,-3,1,-2,-1
3355,resize,2,2,2,1,1,1,-2,1,7,0,-3,-3,-2,0,-2,-6,2,1,-2,1,7,0,-3,-3,-2,0,-2,-6
3356,resize,7,7,7,1,1,1,-3,0,0,0,0,-2,-6,5,-2,-1,7,1,-3,0,0,0,0,-2,-6,5,-2,-1
3357,resize,4,4,4,1,1,1,-3,-1,-1,-3,5,-2,-3,-1,-3,0,4,1,-3,-1,-1,-3,5,-2,-3,-1,-3,0
3358,resize,0,0,0,1,1,1,3,-2,-1,-1,-3,-1,-1,0,2,-2,0,1,3,-2,-1,-1,-3,-1,-1,0,2,-2
3359,resize,0,0,0,1,1,1,4,-2,-1,-2,-2,1,2,-1,0,-1,0,1,4,-2,-1,-2,-2,1,2,-1,0,-1
3360,resize,7,7,7,1,1,1,-2,1,0,0,0,-1,-5,3,-2,0,7,1,-2,1,0,0,0,-1,-5,3,-2,0
3361,resize,7,7,7,1,1,1,-1,-1,0,0,-1,-1,-4,3,-1,1,7,1,-1,-1,0,0,-1,-1,-4,3,-1,1
3362,resize,6,6,6,1,1,1,0,-1,-3,-3,-1,1,6,-3,0,-3,6,1,0,-1,-3,-3,-1,1,6,-3,0,-3
3363,resize,3,3,3,1,1,1,-3,-1,-2,5,-3,1,-3,-1,0,0,3,1,-3,-1,-2,5,-3,1,-3,-1,0,0
3364,resize,8,8,8,1,1,1,-2,-1,-2,-1,-2,1,0,-4,5,0,8,1,-2,-1,-2,-1,-2,1,0,-4,5,0
3365,resize,6,6,6,1,1,1,0,0,0,-1,-2,0,2,-2,1,-1,6,1,0,0,0,-1,-2,0,2,-2,1,-1
3366,resize,4,4,4,1,1,1,-3,0,-1,-3,3,-2,-2,0,-2,0,4,1,-3,0,-1,-3,3,-2,-2,0,-2,0
3367,resize,2,2,2,1,1,1,1,-1,4,1,-4,-3,-1,0,0,-3,2,1,1,-1,4,1,-4,-3,-1,0,0,-3
3368,resize,0,0,0,1,1,1,5,-2,0,-1,-3,0,0,-1,0,-2,0,1,5,-2,0,-1,-3,0,0,-1,0,-2
3369,resize,9,9,9,1,1,1,-2,1,-2,-1,0,-1,-2,-1,0,2,9,1,-2,1,-2,-1,0,-1,-2,-1,0,2
3370,resize,4,4,4,1,1,1,-3,-1,-1,-3,5,-3,-4,0,-3,-1,4,1,-3,-1,-1,-3,5,-3,-4,0,-3,-1
3371,resize,0,0,0,1,1,1,4,-2,-1,-1,-2,-2,0,-1,-1,0,0,1,4,-2,-1,-1,-2,-2,0,-1,-1,0
3372,resize,5,5,5,1,1,1,-3,-2,-3,2,-3,6,-1,-1,0,1,5,1,-3,-2,-3,2,-3,6,-1,-1,0,1
3373,resize,7,7,7,1,1,1,-1,-1,-1,0,0,-1,-3,2,-1,1,7,1,-1,-1,-1,0,0,-1,-3,2,-1,1
3374,resize,8,8,8,1,1,1,-1,-2,-2,0,-3,0,-2,-3,5,-1,8,1,-1,-2,-2,0,-3,0,-2,-3,5,-1
3375,resize,2,2,2,1,1,1,-1,1,4,-1,-2,-2,-1,-1,-1,-4,2,1,-1,1,4,-1,-2,-2,-1,-1,-1,-4
3376,resize,7,7,7,1,1,1,-1,1,0,-1,0,-1,-2,2,-1,-1,7,1,-1,1,0,-1,0,-1,-2,2,-1,-1
3377,resize,4,4,4,1,1,1,-2,0,-1,-3,3,-2,-2,-1,-2,0,4,1,-2,0,-1,-3,3,-2,-2,-1,-2,0
3378,resize,7,7,7,1,1,1,-1,0,-1,0,-1,0,-4,3,-1,-1,7,1,-1,0,-1,0,-1,0,-4,3,-1,-1
3379,resize,1,1,1,1,1,1,-3,4,-1,-2,0,-1,-2,0,-1,0,1,1,-3,4,-1,-2,0,-1,-2,0,-1,0
3380,resize,1,1,1,1,1,1,-2,3,-2,-3,-1,0,-2,0,-1,0,1,1,-2,3,-2,-3,-1,0,-2,0,-1,0
3381,resize,3,3,3,1,1,1,-2,-1,2,4,-4,-1,-2,0,1,-2,3,1,-2,-1,2,4,-4,-1,-2,0,1,-2
3382,resize,6,6,6,1,1,1,0,-2,-3,-3,-1,2,6,-5,0,-3,6,1,0,-2,-3,-3,-1,2,6,-5,0,-3
3383,resize,6,6,6,1,1,1,-1,-1,-2,-2,-1,2,5,-3,1,-3,6,1,-1,-1,-2,-2,-1,2,5,-3,1,-3
3384,resize,2,2,2,1,1,1,1,1,2,-1,-2,-1,1,-1,-1,-3,2,1,1,1,2,-1,-2,-1,1,-1,-1,-3
3385,resize,9,9,9,1,1,1,-1,-2,-2,-1,1,-2,-4,1,-1,4,9,1,-1,-2,-2,-1,1,-2,-4,1,-1,4
3386,resize,1,1,1,1,1,1,-2,3,-1,-2,-1,-1,-2,0,0,-2,1,1,-2,3,-1,-2,-1,-1,-2,0,0,-2
3387,resize,9,9,9,1,1,1,-2,-2,-3,0,0,-1,-5,-1,-1,5,9,1,-2,-2,-3,0,0,-1,-5,-1,-1,5
3388,resize,4,4,4,1,1,1,-3,0,-1,-2,3,-2,-3,0,-2,1,4,1,-3,0,-1,-2,3,-2,-3,0,-2,1
3389,resize,8,8,8,1,1,1,0,-2,-1,2,-4,0,-2,-2,5,-1,8,1,0,-2,-1,2,-4,0,-2,-2,5,-1
3390,resize,3,3,3,1,1,1,-5,0,-1,6,-3,2,-3,0,-1,-2,3,1,-5,0,-1,6,-3,2,-3,0,-1,-2
3391,resize,6,6,6,1,1,1,0,-1,-4,-3,0,2,4,-3,0,-1,6,1,0,-1,-4,-3,0,2,4,-3,0,-1
3392,resize,9,9,9,1,1,1,-3,-2,-3,-1,0,0,-4,-1,-1,5,9,1,-3,-2,-3,-1,0,0,-4,-1,-1,5
3393,resize,5,5,5,1,1,1,-3,0,-3,0,-2,6,0,-1,1,0,5,1,-3,0,-3,0,-2,6,0,-1,1,0
3394,resize,9,9,9,1,1,1,0,-1,0,0,-1,-1,-2,0,0,2,9,1,0,-1,0,0,-1,-1,-2,0,0,2
3395,resize,6,6,6,1,1,1,-1,-1,-3,-2,0,1,5,-2,0,-2,6,1,-1,-1,-3,-2,0,1,5,-2,0,-2
3396,resize,2,2,2,1,1,1,-2,1,6,1,-3,-4,-3,0,0,-4,2,1,-2,1,6,1,-3,-4,-3,0,0,-4
3397,resize,4,4,4,1,1,1,-3,-1,-2,-4,6,-2,-3,1,-5,-1,4,1,-3,-1,-2,-4,6,-2,-3,1,-5,-1
3398,resize,6,6,6,1,1,1,0,-1,-2,-2,-2,2,5,-4,1,-3,6,1,0,-1,-2,-2,-2,2,5,-4,1,-3
3399,resize,7,7,7,1,1,1,-1,-1,-1,-1,-1,0,-5,4,-1,0,7,1,-1,-1,-1,-1,-1,0,-5,4,-1,0
3400,resize,7,7,7,1,1,1,-2,-1,0,0,-1,-1,-5,4,-1,0,7,1,-2,-1,0,0,-1,-1,-5,4,-1,0
3401,resize,0,0,0,1,1,1,4,-2,-1,-1,-2,-1,1,-2,0,0,0,1,4,-2,-1,-1,-2,-1,1,-2,0,0
3402,resize,6,6,6,1,1,1,-2,-1,-3,-2,0,1,4,-2,1,-2,6,1,-2,-1,-3,-2,0,1,4,-2,1,-2
3403,resize,6,6,6,1,1,1,-1,-1,-3,-3,1,2,5,-3,-1,-4,6,1,-1,-1,-3,-3,1,2,5,-3,-1,-4
3404,resize,9,9,9,1,1,1,0,-1,-2,0,0,-1,-1,-1,0,3,9,1,0,-1,-2,0,0,-1,-1,-1,0,3
3405,resize,4,4,4,1,1,1,-3,-1,-2,-3,3,-2,-3,0,-1,1,4,1,-3,-1,-2,-3,3,-2,-3,0,-1,1
3406,resize,8,8,8,1,1,1,0,-2,-2,1,-2,0,-2,-2,4,0,8,1,0,-2,-2,1,-2,0,-2,-2,4,0
3407,resize,3,3,3,1,1,1,-4,0,-1,5,-3,1,-3,0,0,-1,3,1,-4,0,-1,5,-3,1,-3,0,0,-1
3408,resize,5,5,5,1,1,1,-3,-1,-3,2,-3,6,-1,-1,-1,1,5,1,-3,-1,-3,2,-3,6,-1,-1,-1,1
3409,resize,3,3,3,1,1,1,-3,-1,-1,6,-5,2,-3,-2,1,0,3,1,-3,-1,-1,6,-5,2,-3,-2,1,0
3410,resize,4,4,4,1,1,1,-2,-1,-2,-2,4,-1,-3,0,-3,1,4,1,-2,-1,-2,-2,4,-1,-3,0,-3,1
3411,resize,9,9,9,1,1,1,-2,-2,-2,-2,2,-2,-4,0,0,4,9,1,-2,-2,-2,-2,2,-2,-4,0,0,4
3412,resize,0,0,0,1,1,1,2,-1,-1,0,-1,-2,-1,0,0,1,0,1,2,-1,-1,0,-1,-2,-1,0,0,1
3413,resize,0,0,0,1,1,1,6,-3,-2,-3,-4,-1,0,-1,-1,-2,0,1,6,-3,-2,-3,-4,-1,0,-1,-1,-2
3414,resize,5,5,5,1,1,1,-3,0,-2,1,-3,4,0,-2,2,0,5,1,-3,0,-2,1,-3,4,0,-2,2,0
3415,resize,2,2,2,1,1,1,0,-1,2,1,-2,-2,-2,0,0,-1,2,1,0,-1,2,1,-2,-2,-2,0,0,-1
3416,resize,5,5,5,1,1,1,0,-1,-1,0,-3,4,0,-1,0,0,5,1,0,-1,-1,0,-3,4,0,-1,0,0
3417,resize,0,0,0,1,1,1,5,-2,-1,-1,-2,-1,-1,-1,-1,0,0,1,5,-2,-1,-1,-2,-1,-1,-1,-1,0
3418,resize,7,7,7,1,1,1,-1,1,1,0,0,-1,-3,2,-1,-1,7,1,-1,1,1,0,0,-1,-3,2,-1,-1
3419,resize,1,1,1,1,1,1,-4,4,-2,-3,-1,0,-2,0,-2,0,1,1,-4,4,-2,-3,-1,0,-2,0,-2,0
3420,resize,1,1,1,1,1,1,-2,4,-1,-3,-1,-1,-2,0,-1,-1,1,1,-2,4,-1,-3,-1,-1,-2,0,-1,-1
3421,resize,1,1,1,1,1,1,-2,4,-1,-3,-1,-1,-1,0,-1,-1,1,1,-2,4,-1,-3,-1,-1,-1,0,-1,-1
3422,resize,6,0,0,0,0,1,3,-2,-2,0,-1,1,3,-2,0,-1,0,1,3,-2,-2,0,-1,1,3,-2,0,-1
3423,resize,7,7,7,1,1,1,-1,0,-1,0,-1,-2,-5,4,-1,-1,7,1,-1,0,-1,0,-1,-2,-5,4,-1,-1
3424,resize,6,6,6,1,1,1,0,-1,-2,-1,-1,2,5,-3,0,-4,6,1,0,-1,-2,-1,-1,2,5,-3,0,-4
3425,resize,7,7,7,1,1,1,0,0,2,1,-1,-1,-3,3,-1,-1,7,1,0,0,2,1,-1,-1,-3,3,-1,-1
3426,resize,9,9,9,1,1,1,-2,-1,-3,-2,1,-1,-3,-1,-1,4,9,1,-2,-1,-3,-2,1,-1,-3,-1,-1,4
3427,resize,6,6,6,1,1,1,0,-1,-2,-2,-1,2,3,-3,1,-1,6,1,0,-1,-2,-2,-1,2,3,-3,1,-1
3428,resize,6,6,6,1,1,1,-1,-1,-1,-2,-1,1,4,-3,1,-3,6,1,-1,-1,-1,-2,-1,1,4,-3,1,-3
3429,resize,4,4,4,1,1,1,-3,-1,-2,-3,3,-1,-3,0,-1,1,4,1,-3,-1,-2,-3,3,-1,-3,0,-1,1
3430,resize,1,1,1,1,1,1,-3,3,-1,-2,0,0,-2,0,-1,0,1,1,-3,3,-1,-2,0,0,-2,0,-1,0
3431,resize,4,4,4,1,1,1,-6,0,-2,-4,6,-2,-3,-1,-2,-3,4,1,-6,0,-2,-4,6,-2,-3,-1,-2,-3
3432,resize,3,3,3,1,1,1,-1,-1,-2,4,-2,2,-2,-1,0,0,3,1,-1,-1,-2,4,-2,2,-2,-1,0,0
3433,resize,1,1,1,1,1,1,-2,4,-1,-2,-2,-1,-1,0,0,-1,1,1,-2,4,-1,-2,-2,-1,-1,0,0,-1
3434,resize,1,1,1,1,1,1,-2,3,-2,-3,-1,0,0,-1,-1,-1,1,1,-2,3,-2,-3,-1,0,0,-1,-1,-1
3435,resize,2,2,2,1,1,1,-1,0,5,1,-3,-3,-1,0,-1,-5,2,1,-1,0,5,1,-3,-3,-1,0,-1,-5
3436,resize,2,2,2,1,1,1,0,1,4,0,-3,-2,-1,0,-1,-4,2,1,0,1,4,0,-3,-2,-1,0,-1,-4
3437,resize,4,4,4,1,1,1,-4,1,-3,-3,4,-2,-3,-1,-1,2,4,1,-4,1,-3,-3,4,-2,-3,-1,-1,2
3438,resize,1,1,1,1,1,1,-2,3,-1,-3,-1,-1,-1,0,-1,-1,1,1,-2,3,-1,-3,-1,-1,-1,0,-1,-1
3439,resize,0,0,0,1,1,1,4,-2,-1,-2,-3,0,-1,0,0,-1,0,1,4,-2,-1,-2,-3,0,-1,0,0,-1
3440,resize,8,8,8,1,1,1,-1,-1,-2,-1,-1,0,0,-3,4,-1,8,1,-1,-1,-2,-1,-1,0,0,-3,4,-1
3441,resize,7,7,7,1,1,1,-1,0,0,0,-2,0,-2,1,1,-1,7,1,-1,0,0,0,-2,0,-2,1,1,-1
3442,resize,6,6,6,1,1,1,1,-2,-3,-3,-2,2,5,-4,1,-2,6,1,1,-2,-3,-3,-2,2,5,-4,1,-2
3443,resize,3,3,3,1,1,1,-4,0,0,4,-3,2,-1,-1,0,-4,3,1,-4,0,0,4,-3,2,-1,-1,0,-4
3444,resize,4,4,4,1,1,1,-3,-2,-3,-3,5,-1,-2,0,-1,0,4,1,-3,-2,-3,-3,5,-1,-2,0,-1,0
3445,resize,0,0,0,1,1,1,5,-3,-1,-1,-3,1,1,-2,-1,0,0,1,5,-3,-1,-1,-3,1,1,-2,-1,0
3446,resize,0,0,0,1,1,1,4,-2,0,0,-3,-2,-1,-1,-1,0,0,1,4,-2,0,0,-3,-2,-1,-1,-1,0
3447,resize,6,6,6,1,1,1,0,-2,-3,-3,0,0,5,-2,-1,-2,6,1,0,-2,-3,-3,0,0,5,-2,-1,-2
3448,resize,3,3,3,1,1,1,-2,1,0,3,-3,0,-3,0,-2,-1,3,1,-2,1,0,3,-3,0,-3,0,-2,-1
3449,resize,3,3,3,1,1,1,-4,0,-1,5,-4,1,-2,-1,0,-2,3,1,-4,0,-1,5,-4,1,-2,-1,0,-2
3450,resize,0,0,0,1,1,1,4,-2,-1,-3,-2,0,1,-1,0,-2,0,1,4,-2,-1,-3,-2,0,1,-1,0,-2
3451,resize,7,7,0,1,0,0,1,-1,0,1,-2,0,-3,1,0,-1,0,1,1,-1,0,1,-2,0,-3,1,0,-1
3452,resize,1,1,1,1,1,1,-2,3,-2,-3,-1,-1,-1,-1,0,-1,1,1,-2,3,-2,-3,-1,-1,-1,-1,0,-1
3453,resize,7,7,7,1,1,1,-3,1,0,0,0,-2,-4,3,-2,-1,7,1,-3,1,0,0,0,-2,-4,3,-2,-1
3454,resize,1,1,1,1,1,1,-4,4,-2,-3,0,-1,-2,0,-2,1,1,1,-4,4,-2,-3,0,-1,-2,0,-2,1
3455,resize,1,1,1,1,1,1,-3,4,-1,-3,0,-2,-2,1,-2,-1,1,1,-3,4,-1,-3,0,-2,-2,1,-2,-1
3456,resize,3,3,3,1,1,1,-3,-1,-1,5,-5,1,-3,-2,2,-1,3,1,-3,-1,-1,5,-5,1,-3,-2,2,-1
3457,resize,1,1,1,1,1,1,-2,2,-2,-3,0,1,1,-1,-1,-1,1,1,-2,2,-2,-3,0,1,1,-1,-1,-1
3458,resize,0,0,0,1,1,1,4,-2,-1,-1,-2,0,1,-1,-1,0,0,1,4,-2,-1,-1,-2,0,1,-1,-1,0
3459,resize,9,9,9,1,1,1,-1,-2,-1,0,0,-1,-4,1,-1,4,9,1,-1,-2,-1,0,0,-1,-4,1,-1,4
3460,resize,9,9,9,1,1,1,0,-1,-1,0,0,-1,-1,0,0,3,9,1,0,-1,-1,0,0,-1,-1,0,0,3
3461,resize,7,7,7,1,1,1,-3,0,-1,0,-1,0,-5,3,-1,0,7,1,-3,0,-1,0,-1,0,-5,3,-1,0
3462,resize,5,5,5,1,1,1,-1,0,-1,0,-2,5,0,-1,1,0,5,1,-1,0,-1,0,-2,5,0,-1,1,0
3463,resize,4,4,4,1,1,1,-4,-1,-2,-3,5,-2,-3,-1,-1,-2,4,1,-4,-1,-2,-3,5,-2,-3,-1,-1,-2
3464,resize,1,1,1,1,1,1,-4,4,-2,-4,0,-2,-3,-1,-1,0,1,1,-4,4,-2,-4,0,-2,-3,-1,-1,0
3465,resize,4,4,4,1,1,1,-4,-1,-2,-4,5,-2,-4,-1,-2,1,4,1,-4,-1,-2,-4,5,-2,-4,-1,-2,1
3466,resize,8,8,8,1,1,1,-2,-1,-1,-1,-1,1,1,-3,4,0,8,1,-2,-1,-1,-1,-1,1,1,-3,4,0
3467,resize,9,9,9,1,1,1,-2,-3,-4,-1,1,-1,-5,-1,-1,5,9,1,-2,-3,-4,-1,1,-1,-5,-1,-1,5
3468,resize,5,5,5,1,1,1,-2,-1,-2,-1,-1,5,0,-1,0,1,5,1,-2,-1,-2,-1,-1,5,0,-1,0,1
3469,resize,3,3,3,1,1,1,-3,-1,1,4,-4,-1,-2,-1,2,-2,3,1,-3,-1,1,4,-4,-1,-2,-1,2,-2
3470,resize,5,5,5,1,1,1,-3,-2,-3,1,-2,6,0,-2,1,1,5,1,-3,-2,-3,1,-2,6,0,-2,1,1
3471,resize,1,1,1,1,1,1,-1,4,-1,-2,-2,-1,-1,0,0,-2,1,1,-1,4,-1,-2,-2,-1,-1,0,0,-2
3472,resize,9,9,9,1,1,1,-1,-2,-2,0,0,-2,-3,1,-1,4,9,1,-1,-2,-2,0,0,-2,-3,1,-1,4
3473,resize,8,8,8,1,1,1,-1,-2,-1,-1,-2,0,0,-3,5,0,8,1,-1,-2,-1,-1,-2,0,0,-3,5,0
3474,resize,2,2,1,1,0,0,-1,1,1,0,0,-1,-1,0,0,-1,1,1,-1,1,1,0,0,-1,-1,0,0,-1
3475,resize,3,3,3,1,1,1,-1,-1,0,3,-3,-1,-4,1,0,0,3,1,-1,-1,0,3,-3,-1,-4,1,0,0
3476,resize,3,3,3,1,1,1,-2,-1,-1,3,-3,1,-1,-1,1,-1,3,1,-2,-1,-1,3,-3,1,-1,-1,1,-1
3477,resize,9,9,9,1,1,1,-3,-2,-3,-3,2,-2,-5,-1,-1,4,9,1,-3,-2,-3,-3,2,-2,-5,-1,-1,4
3478,resize,9,9,9,1,1,1,-1,-3,-2,1,-1,0,-3,0,-1,4,9,1,-1,-3,-2,1,-1,0,-3,0,-1,4
3479,resize,0,0,0,1,1,1,5,-2,0,0,-3,-1,0,-2,-1,0,0,1,5,-2,0,0,-3,-1,0,-2,-1,0
3480,resize,1,1,1,1,1,1,-2,4,-1,-3,-1,-1,-2,0,-1,-1,1,1,-2,4,-1,-3,-1,-1,-2,0,-1,-1
3481,resize,0,0,0,1,1,1,6,-2,-1,-2,-3,-1,1,-2,-1,-1,0,1,6,-2,-1,-2,-3,-1,1,-2,-1,-1
3482,resize,2,2,2,1,1,1,-1,1,5,-1,-1,-3,-2,-1,-1,-4,2,1,-1,1,5,-1,-1,-3,-2,-1,-1,-4
3483,resize,9,9,9,1,1,1,0,-2,-2,0,0,-1,-3,1,-1,4,9,1,0,-2,-2,0,0,-1,-3,1,-1,4
3484,resize,3,3,3,1,1,1,-5,0,-1,6,-5,1,-3,-1,1,-2,3,1,-5,0,-1,6,-5,1,-3,-1,1,-2
3485,resize,9,9,9,1,1,1,-2,-2,-2,0,-1,0,-4,0,-1,4,9,1,-2,-2,-2,0,-1,0,-4,0,-1,4
3486,resize,3,3,3,1,1,1,-3,-1,-2,6,-4,2,-3,-1,0,-1,3,1,-3,-1,-2,6,-4,2,-3,-1,0,-1
3487,resize,3,3,3,1,1,1,-3,-1,-2,7,-5,2,-3,-1,0,-1,3,1,-3,-1,-2,7,-5,2,-3,-1,0,-1
3488,resize,6,6,6,1,1,1,1,-2,-2,-3,-2,3,6,-4,1,-3,6,1,1,-2,-2,-3,-2,3,6,-4,1,-3
3489,resize,2,2,2,1,1,1,-2,1,5,0,-3,-2,0,-1,-1,-6,2,1,-2,1,5,0,-3,-2,0,-1,-1,-6
3490,resize,4,4,9,1,0,0,-3,0,-2,-2,2,-1,-3,-1,0,3,9,1,-3,0,-2,-2,2,-1,-3,-1,0,3
3491,resize,9,9,9,1,1,1,-1,-2,-1,-1,1,-1,-3,1,-1,3,9,1,-1,-2,-1,-1,1,-1,-3,1,-1,3
3492,resize,8,8,8,1,1,1,0,-2,-2,0,-2,1,0,-2,3,0,8,1,0,-2,-2,0,-2,1,0,-2,3,0
3493,resize,3,3,3,1,1,1,-4,0,-2,6,-4,2,-2,-1,0,-2,3,1,-4,0,-2,6,-4,2,-2,-1,0,-2
3494,resize,7,7,7,1,1,1,-2,1,0,0,-1,-1,-4,3,-1,-1,7,1,-2,1,0,0,-1,-1,-4,3,-1,-1
3495,resize,4,4,4,1,1,1,-3,0,-2,-2,3,-1,-3,0,-2,1,4,1,-3,0,-2,-2,3,-1,-3,0,-2,1
3496,resize,0,0,0,1,1,1,4,-1,0,-1,-3,0,0,-1,0,-1,0,1,4,-1,0,-1,-3,0,0,-1,0,-1
3497,resize,4,4,4,1,1,1,-1,-1,-1,-2,3,-1,-2,0,-3,1,4,1,-1,-1,-1,-2,3,-1,-2,0,-3,1
3498,resize,7,7,7,1,1,1,-1,-1,-1,0,-1,0,-3,2,-1,1,7,1,-1,-1,-1,0,-1,0,-3,2,-1,1
3499,resize,8,8,8,1,1,1,-1,-1,-2,0,-1,-1,-1,-2,5,0,8,1,-1,-1,-2,0,-1,-1,-1,-2,5,0
3500,resize,4,4,4,1,1,1,-3,-1,-1,-4,5,-2,-4,-1,-3,1,4,1,-3,-1,-1,-4,5,-2,-4,-1,-3,1
3501,resize,9,9,9,1,1,1,-1,-1,-1,0,0,-1,-4,0,-1,3,9,1,-1,-1,-1,0,0,-1,-4,0,-1,3
3502,resize,8,8,8,1,1,1,-3,-1,-2,0,0,1,0,-2,4,-1,8,1,-3,-1,-2,0,0,1,0,-2,4,-1
3503,resize,9,1,1,0,0,1,-3,3,-2,-2,0,-1,-2,-1,0,2,1,1,-3,3,-2,-2,0,-1,-2,-1,0,2
3504,resize,9,9,9,1,1,1,-1,-2,-2,2,-2,0,-4,-1,0,3,9,1,-1,-2,-2,2,-2,0,-4,-1,0,3
3505,resize,7,7,7,1,1,1,-1,0,1,0,0,-1,-3,3,-1,-1,7,1,-1,0,1,0,0,-1,-3,3,-1,-1
3506,resize,5,5,5,1,1,1,-3,-1,-3,0,-2,6,0,-1,0,1,5,1,-3,-1,-3,0,-2,6,0,-1,0,1
3507,resize,9,9,9,1,1,1,0,-2,-2,0,-1,-1,-4,0,-1,4,9,1,0,-2,-2,0,-1,-1,-4,0,-1,4
3508,resize,2,2,2,1,1,1,-1,1,4,0,-2,-2,-2,0,-2,-3,2,1,-1,1,4,0,-2,-2,-2,0,-2,-3
3509,resize,8,8,8,1,1,1,-1,-1,-1,-2,-1,1,0,-2,4,-1,8,1,-1,-1,-1,-2,-1,1,0,-2,4,-1
3510,resize,2,2,2,1,1,1,1,1,6,-1,-3,-4,-3,1,-2,-4,2,1,1,1,6,-1,-3,-4,-3,1,-2,-4
3511,resize,2,2,2,1,1,1,1,0,2,0,-2,-1,-2,0,-1,-2,2,1,1,0,2,0,-2,-1,-2,0,-1,-2
3512,resize,0,0,0,1,1,1,6,-3,-1,-2,-3,-2,-1,0,-1,0,0,1,6,-3,-1,-2,-3,-2,-1,0,-1,0
3513,resize,2,2,2,1,1,1,0,1,6,0,-3,-3,-2,0,-1,-4,2,1,0,1,6,0,-3,-3,-2,0,-1,-4
3514,resize,2,2,2,1,1,1,0,0,4,1,-4,-3,-3,1,0,-4,2,1,0,0,4,1,-4,-3,-3,1,0,-4
3515,resize,3,3,3,1,1,1,-3,-1,-1,6,-5,1,-4,-1,0,0,3,1,-3,-1,-1,6,-5,1,-4,-1,0,0
3516,resize,8,8,8,1,1,1,-1,-1,0,0,-2,0,0,-2,3,0,8,1,-1,-1,0,0,-2,0,0,-2,3,0
3517,resize,4,4,4,1,1,1,-4,-1,-1,-4,6,-3,-4,-1,-3,-1,4,1,-4,-1,-1,-4,6,-3,-4,-1,-3,-1
3518,resize,6,6,6,1,1,1,0,-1,-3,-2,-1,1,4,-3,1,-1,6,1,0,-1,-3,-2,-1,1,4,-3,1,-1
3519,resize,8,8,8,1,1,1,-2,-1,-2,0,-1,1,1,-2,4,-2,8,1,-2,-1,-2,0,-1,1,1,-2,4,-2
3520,resize,6,4,4,0,0,1,-1,0,0,-3,2,-1,-1,-1,-1,-2,4,1,-1,0,0,-3,2,-1,-1,-1,-1,-2
3521,resize,8,8,8,1,1,1,-2,-2,-2,-1,-1,1,1,-3,6,-1,8,1,-2,-2,-2,-1,-1,1,1,-3,6,-1
3522,resize,2,2,2,1,1,1,-1,1,6,0,-3,-3,-1,0,-1,-5,2,1,-1,1,6,0,-3,-3,-1,0,-1,-5
3523,resize,4,4,4,1,1,1,-2,-1,-1,-3,4,-2,-3,0,-3,0,4,1,-2,-1,-1,-3,4,-2,-3,0,-3,0
3524,resize,6,6,6,1,1,1,0,-1,-3,-2,0,0,5,-2,0,-2,6,1,0,-1,-3,-2,0,0,5,-2,0,-2
3525,resize,7,7,2,1,0,0,-2,-1,1,1,-2,-1,-3,1,1,-1,2,1,-2,-1,1,1,-2,-1,-3,1,1,-1
3526,resize,9,9,9,1,1,1,-1,-2,-3,0,-1,-2,-4,0,0,4,9,1,-1,-2,-3,0,-1,-2,-4,0,0,4
3527,resize,3,3,3,1,1,1,-3,0,-1,5,-3,2,-3,-1,0,0,3,1,-3,0,-1,5,-3,2,-3,-1,0,0
3528,resize,3,3,3,1,1,1,-3,-1,-1,6,-5,2,-3,-1,1,-1,3,1,-3,-1,-1,6,-5,2,-3,-1,1,-1
3529,resize,9,9,9,1,1,1,0,-2,-2,0,0,-1,-2,-1,0,3,9,1,0,-2,-2,0,0,-1,-2,-1,0,3
3530,resize,4,4,4,1,1,1,-2,-1,-1,-3,4,-2,-2,-1,-3,0,4,1,-2,-1,-1,-3,4,-2,-2,-1,-3,0
3531,resize,3,3,3,1,1,1,-4,-1,-1,6,-5,2,-3,-1,1,-1,3,1,-4,-1,-1,6,-5,2,-3,-1,1,-1
3532,resize,1,1,1,1,1,1,-3,3,-1,-2,0,0,-2,1,-1,0,1,1,-3,3,-1,-2,0,0,-2,1,-1,0
3533,resize,4,4,4,1,1,1,-1,0,-1,-2,2,-1,-3,0,-3,1,4,1,-1,0,-1,-2,2,-1,-3,0,-3,1
3534,resize,4,4,4,1,1,1,-2,-1,-2,-2,3,-2,-1,-1,1,0,4,1,-2,-1,-2,-2,3,-2,-1,-1,1,0
3535,resize,7,7,7,1,1,1,-2,0,-1,-1,0,-1,-5,5,-2,-1,7,1,-2,0,-1,-1,0,-1,-5,5,-2,-1
3536,resize,0,0,0,1,1,1,3,-2,-1,0,-2,0,0,-2,-1,0,0,1,3,-2,-1,0,-2,0,0,-2,-1,0
3537,resize,5,5,5,1,1,1,-3,0,-3,0,-2,6,-1,-3,1,2,5,1,-3,0,-3,0,-2,6,-1,-3,1,2
3538,resize,9,9,9,1,1,1,-3,-2,-4,-1,1,-2,-5,-1,-2,5,9,1,-3,-2,-4,-1,1,-2,-5,-1,-2,5
3539,resize,6,6,6,1,1,1,0,-1,-3,-2,-1,1,6,-3,0,-1,6,1,0,-1,-3,-2,-1,1,6,-3,0,-1
3540,resize,0,0,0,1,1,1,4,-3,-2,-1,-1,0,2,-2,-1,-1,0,1,4,-3,-2,-1,-1,0,2,-2,-1,-1
3541,resize,4,4,4,1,1,1,-2,-1,-2,-3,4,-1,0,-1,-2,0,4,1,-2,-1,-2,-3,4,-1,0,-1,-2,0
3542,resize,4,4,4,1,1,1,-2,0,1,-4,4,-2,-4,-2,-1,0,4,1,-2,0,1,-4,4,-2,-4,-2,-1,0
3543,resize,4,4,4,1,1,1,-2,0,-1,-3,4,-2,-1,-1,-3,0,4,1,-2,0,-1,-3,4,-2,-1,-1,-3,0
3544,resize,4,4,4,1,1,1,-2,-1,-2,-1,3,-2,-2,1,-1,0,4,1,-2,-1,-2,-1,3,-2,-2,1,-1,0
3545,resize,6,6,6,1,1,1,0,-2,-4,-3,-1,2,7,-4,-1,-3,6,1,0,-2,-4,-3,-1,2,7,-4,-1,-3
3546,resize,1,1,1,1,1,1,-3,4,-1,-3,0,-1,-2,0,-1,0,1,1,-3,4,-1,-3,0,-1,-2,0,-1,0
3547,resize,2,2,2,1,1,1,0,0,5,1,-3,-3,-2,0,-1,-3,2,1,0,0,5,1,-3,-3,-2,0,-1,-3
3548,resize,3,3,3,1,1,1,-2,-1,-2,6,-4,2,-3,-2,0,0,3,1,-2,-1,-2,6,-4,2,-3,-2,0,0
3549,resize,3,3,3,1,1,1,-2,-1,0,3,-3,0,-1,-1,0,-2,3,1,-2,-1,0,3,-3,0,-1,-1,0,-2
3550,resize,6,6,6,1,1,1,2,-3,-4,-1,-2,2,3,-3,1,0,6,1,2,-3,-4,-1,-2,2,3,-3,1,0
3551,resize,4,4,4,1,1,1,-3,0,-1,-3,4,-2,-3,-1,-2,0,4,1,-3,0,-1,-3,4,-2,-3,-1,-2,0
3552,resize,5,5,5,1,1,1,-2,0,-1,0,-1,3,0,0,0,0,5,1,-2,0,-1,0,-1,3,0,0,0,0
3553,resize,9,9,9,1,1,1,-1,-2,-2,1,-1,-1,-4,-1,0,4,9,1,-1,-2,-2,1,-1,-1,-4,-1,0,4
3554,resize,6,6,6,1,1,1,-1,-1,-2,-2,0,1,5,-3,0,-3,6,1,-1,-1,-2,-2,0,1,5,-3,0,-3
3555,resize,8,8,8,1,1,1,-1,-2,-1,0,-3,0,1,-3,5,-1,8,1,-1,-2,-1,0,-3,0,1,-3,5,-1
3556,resize,5,5,5,1,1,1,-1,-1,-1,0,-1,3,0,-1,1,0,5,1,-1,-1,-1,0,-1,3,0,-1,1,0
3557,resize,6,6,6,1,1,1,0,0,-1,-2,-1,1,3,-2,1,-2,6,1,0,0,-1,-2,-1,1,3,-2,1,-2
3558,resize,5,5,5,1,1,1,0,-1,-1,1,-1,2,1,-1,0,-1,5,1,0,-1,-1,1,-1,2,1,-1,0,-1
3559,resize,8,8,5,1,0,0,-1,0,-1,0,-1,2,1,-1,2,-1,5,1,-1,0,-1,0,-1,2,1,-1,2,-1
3560,resize,6,6,6,1,1,1,0,-1,-3,-3,-1,2,7,-4,-1,-4,6,1,0,-1,-3,-3,-1,2,7,-4,-1,-4
3561,resize,4,4,4,1,1,1,-3,0,-2,-3,4,-2,-3,0,-3,1,4,1,-3,0,-2,-3,4,-2,-3,0,-3,1
3562,resize,1,1,1,1,1,1,-2,4,-1,-3,-2,0,-1,0,0,-2,1,1,-2,4,-1,-3,-2,0,-1,0,0,-2
3563,resize,8,8,8,1,1,1,-1,-1,-1,0,-1,1,1,-2,4,-1,8,1,-1,-1,-1,0,-1,1,1,-2,4,-1
3564,resize,6,6,6,1,1,1,0,0,-1,-1,-1,0,3,-2,1,-3,6,1,0,0,-1,-1,-1,0,3,-2,1,-3
3565,resize,5,5,5,1,1,1,-1,0,-1,0,-1,3,0,-1,1,0,5,1,-1,0,-1,0,-1,3,0,-1,1,0
3566,resize,2,2,2,1,1,1,0,1,6,-1,-3,-5,-2,1,-2,-5,2,1,0,1,6,-1,-3,-5,-2,1,-2,-5
3567,resize,8,8,8,1,1,1,-1,0,0,-1,0,0,0,-1,2,0,8,1,-1,0,0,-1,0,0,0,-1,2,0
3568,resize,4,4,4,1,1,1,-2,0,-2,-3,4,-2,-1,0,-3,0,4,1,-2,0,-2,-3,4,-2,-1,0,-3,0
3569,resize,5,5,5,1,1,1,-3,0,-2,1,-2,6,-1,-1,0,1,5,1,-3,0,-2,1,-2,6,-1,-1,0,1
3570,resize,5,5,5,1,1,1,-1,-2,-2,1,-3,5,-1,-2,0,1,5,1,-1,-2,-2,1,-3,5,-1,-2,0,1
3571,resize,4,4,4,1,1,1,-2,-1,-1,-1,2,0,-1,-1,0,1,4,1,-2,-1,-1,-1,2,0,-1,-1,0,1
3572,resize,7,7,7,1,1,1,-2,0,0,0,0,-1,-4,3,-1,-1,7,1,-2,0,0,0,0,-1,-4,3,-1,-1
3573,resize,7,7,7,1,1,1,-4,0,2,1,-1,-2,-3,3,-1,-3,7,1,-4,0,2,1,-1,-2,-3,3,-1,-3
3574,resize,0,0,0,1,1,1,2,-1,0,-1,-2,0,-1,1,0,-1,0,1,2,-1,0,-1,-2,0,-1,1,0,-1
3575,resize,7,7,7,1,1,1,-4,0,0,-2,0,-2,-4,4,-1,-1,7,1,-4,0,0,-2,0,-2,-4,4,-1,-1
3576,resize,8,8,8,1,1,1,-1,-2,-1,1,-2,-1,-3,-2,4,1,8,1,-1,-2,-1,1,-2,-1,-3,-2,4,1
3577,resize,2,2,2,1,1,1,-1,0,4,1,-3,-3,-2,0,0,-4,2,1,-1,0,4,1,-3,-3,-2,0,0,-4
3578,resize,2,2,2,1,1,1,1,1,4,0,-3,-2,-2,0,-1,-3,2,1,1,1,4,0,-3,-2,-2,0,-1,-3
3579,resize,3,3,3,1,1,1,-3,-1,-1,7,-6,2,-3,-2,1,-1,3,1,-3,-1,-1,7,-6,2,-3,-2,1,-1
3580,resize,7,7,7,1,1,1,-3,2,-1,-2,-1,-1,-4,4,-2,-1,7,1,-3,2,-1,-2,-1,-1,-4,4,-2,-1
3581,resize,0,0,0,1,1,1,5,-3,-1,-2,-2,-1,0,-1,-2,1,0,1,5,-3,-1,-2,-2,-1,0,-1,-2,1
3582,resize,1,1,1,1,1,1,-3,4,-2,-3,0,0,-2,0,-2,0,1,1,-3,4,-2,-3,0,0,-2,0,-2,0
3583,resize,8,8,8,1,1,1,-1,-1,-1,1,-1,0,-1,-2,3,0,8,1,-1,-1,-1,1,-1,0,-1,-2,3,0
3584,resize,0,0,0,1,1,1,6,-3,-1,-1,-3,0,1,-2,-1,-1,0,1,6,-3,-1,-1,-3,0,1,-2,-1,-1
3585,resize,7,7,7,1,1,1,-2,0,1,0,-1,-1,-4,3,-1,0,7,1,-2,0,1,0,-1,-1,-4,3,-1,0
3586,resize,1,1,1,1,1,1,-4,4,0,-2,0,-1,-3,1,-1,0,1,1,-4,4,0,-2,0,-1,-3,1,-1,0
3587,resize,9,9,9,1,1,1,-2,-2,-3,0,0,-2,-5,2,-1,4,9,1,-2,-2,-3,0,0,-2,-5,2,-1,4
3588,resize,8,8,8,1,1,1,-1,-2,-3,1,-2,1,-1,-3,4,1,8,1,-1,-2,-3,1,-2,1,-1,-3,4,1
3589,resize,7,7,7,1,1,1,-1,0,0,0,-1,-1,-4,4,-1,0,7,1,-1,0,0,0,-1,-1,-4,4,-1,0
3590,resize,5,5,5,1,1,1,-2,-2,-3,0,-2,6,0,-2,1,1,5,1,-2,-2,-3,0,-2,6,0,-2,1,1
3591,resize,5,5,5,1,1,1,-2,0,-2,0,-2,5,0,-2,1,0,5,1,-2,0,-2,0,-2,5,0,-2,1,0
3592,resize,9,9,9,1,1,1,-2,-2,-1,-1,1,-1,-3,0,-1,3,9,1,-2,-2,-1,-1,1,-1,-3,0,-1,3
3593,resize,1,1,1,1,1,1,-3,5,-1,-5,-1,-1,-1,-1,-1,-3,1,1,-3,5,-1,-5,-1,-1,-1,-1,-1,-3
3594,resize,7,7,7,1,1,1,-2,0,1,0,0,-2,-5,4,-1,0,7,1,-2,0,1,0,0,-2,-5,4,-1,0
3595,resize,5,5,5,1,1,1,-1,-1,-2,0,-2,5,-1,-1,0,1,5,1,-1,-1,-2,0,-2,5,-1,-1,0,1
3596,resize,4,4,4,1,1,1,-4,-2,-1,-3,5,-2,-3,-1,-1,0,4,1,-4,-2,-1,-3,5,-2,-3,-1,-1,0
3597,resize,9,9,9,1,1,1,-2,0,0,1,0,1,-3,0,-2,2,9,1,-2,0,0,1,0,1,-3,0,-2,2
3598,resize,1,1,1,1,1,1,-4,4,-1,-3,0,-1,-2,-1,-1,0,1,1,-4,4,-1,-3,0,-1,-2,-1,-1,0
3599,resize,2,2,2,1,1,1,0,0,3,0,-2,-2,-2,1,0,-2,2,1,0,0,3,0,-2,-2,-2,1,0,-2
3600,resize,2,2,2,1,1,1,0,1,4,-1,-3,-2,-2,1,0,-4,2,1,0,1,4,-1,-3,-2,-2,1,0,-4
3601,resize,1,1,1,1,1,1,-3,3,-2,-2,0,0,0,-1,-1,0,1,1,-3,3,-2,-2,0,0,0,-1,-1,0
3602,resize,6,6,6,1,1,1,0,-1,-3,-3,-1,1,7,-4,-1,-4,6,1,0,-1,-3,-3,-1,1,7,-4,-1,-4
3603,resize,6,6,6,1,1,1,-1,-1,-4,-3,-1,1,7,-4,0,-4,6,1,-1,-1,-4,-3,-1,1,7,-4,0,-4
3604,resize,7,7,7,1,1,1,-1,0,0,-1,0,0,-2,3,-1,-2,7,1,-1,0,0,-1,0,0,-2,3,-1,-2
3605,resize,1,1,1,1,1,1,-2,4,-1,-3,-2,0,-1,0,0,-2,1,1,-2,4,-1,-3,-2,0,-1,0,0,-2
3606,resize,1,1,1,1,1,1,-2,3,-1,-3,-1,0,-2,0,-1,-1,1,1,-2,3,-1,-3,-1,0,-2,0,-1,-1
3607,resize,4,4,4,1,1,1,-2,-1,-1,-2,2,-2,-4,0,-1,2,4,1,-2,-1,-1,-2,2,-2,-4,0,-1,2
3608,resize,0,0,0,1,1,1,6,-3,-1,0,-3,-2,0,-2,-1,0,0,1,6,-3,-1,0,-3,-2,0,-2,-1,0
3609,resize,7,7,7,1,1,1,-1,-1,1,1,-1,-2,-4,3,-1,0,7,1,-1,-1,1,1,-1,-2,-4,3,-1,0
3610,resize,4,4,4,1,1,1,-4,0,-1,-4,5,-2,-3,-1,-3,-1,4,1,-4,0,-1,-4,5,-2,-3,-1,-3,-1
3611,resize,2,2,2,1,1,1,0,1,4,0,-2,-2,-1,0,-1,-3,2,1,0,1,4,0,-2,-2,-1,0,-1,-3
3612,resize,4,4,4,1,1,1,-3,-1,-1,-3,4,-2,-3,0,-3,1,4,1,-3,-1,-1,-3,4,-2,-3,0,-3,1
3613,resize,0,0,0,1,1,1,4,-2,-1,-1,-2,-1,-1,0,-1,0,0,1,4,-2,-1,-1,-2,-1,-1,0,-1,0
3614,resize,6,6,6,1,1,1,0,-2,-5,-3,0,1,7,-4,-1,-3,6,1,0,-2,-5,-3,0,1,7,-4,-1,-3
3615,resize,4,4,4,1,1,1,-1,-1,-2,-1,2,-1,-1,-1,-1,1,4,1,-1,-1,-2,-1,2,-1,-1,-1,-1,1
3616,resize,7,7,7,1,1,1,-2,0,0,0,0,-1,-4,3,-1,0,7,1,-2,0,0,0,0,-1,-4,3,-1,0
3617,resize,6,6,6,1,1,1,0,0,0,-1,-1,1,3,-3,0,-4,6,1,0,0,0,-1,-1,1,3,-3,0,-4
3618,resize,9,9,9,1,1,1,-2,-1,-2,-1,1,-2,-4,1,0,3,9,1,-2,-1,-2,-1,1,-2,-4,1,0,3
3619,resize,5,5,5,1,1,1,-2,-2,-3,0,-2,6,0,-2,0,1,5,1,-2,-2,-3,0,-2,6,0,-2,0,1
3620,resize,3,3,3,1,1,1,-3,-1,-3,6,-4,3,-3,-1,-1,0,3,1,-3,-1,-3,6,-4,3,-3,-1,-1,0
3621,resize,4,4,4,1,1,1,-4,-1,-1,-3,5,-2,-4,0,-2,0,4,1,-4,-1,-1,-3,5,-2,-4,0,-2,0
3622,resize,6,6,6,1,1,1,0,-2,-4,-3,0,1,6,-3,-1,-2,6,1,0,-2,-4,-3,0,1,6,-3,-1,-2
3623,resize,5,5,5,1,1,1,-1,-1,-2,-1,-1,5,0,-1,0,0,5,1,-1,-1,-2,-1,-1,5,0,-1,0,0
3624,resize,0,0,0,1,1,1,3,-2,-1,-1,-2,1,2,-1,1,-1,0,1,3,-2,-1,-1,-2,1,2,-1,1,-1
3625,resize,1,1,1,1,1,1,-2,4,-1,-3,-1,0,-1,0,-1,-1,1,1,-2,4,-1,-3,-1,0,-1,0,-1,-1
3626,resize,8,8,8,1,1,1,-1,-1,-1,2,-2,-1,-1,-2,3,-1,8,1,-1,-1,-1,2,-2,-1,-1,-2,3,-1
3627,resize,8,8,8,1,1,1,-1,-1,0,-1,-1,-1,-1,-3,4,0,8,1,-1,-1,0,-1,-1,-1,-1,-3,4,0
3628,resize,2,2,2,1,1,1,-1,1,6,0,-3,-4,-2,0,-1,-4,2,1,-1,1,6,0,-3,-4,-2,0,-1,-4
3629,resize,8,8,8,1,1,1,-1,-2,-1,2,-3,0,-1,-3,4,0,8,1,-1,-2,-1,2,-3,0,-1,-3,4,0
3630,resize,3,3,3,1,1,1,-5,0,0,5,-4,1,-4,1,0,-2,3,1,-5,0,0,5,-4,1,-4,1,0,-2
3631,resize,5,5,5,1,1,1,-2,-1,-2,0,-2,6,0,-2,0,1,5,1,-2,-1,-2,0,-2,6,0,-2,0,1
3632,resize,7,7,7,1,1,1,-2,0,1,0,-1,-2,-5,4,-1,-1,7,1,-2,0,1,0,-1,-2,-5,4,-1,-1
3633,resize,8,8,8,1,1,1,-1,-2,-2,0,-3,1,0,-3,6,-1,8,1,-1,-2,-2,0,-3,1,0,-3,6,-1
3634,resize,0,0,0,1,1,1,3,-2,-1,-2,-1,-2,0,-1,-1,0,0,1,3,-2,-1,-2,-1,-2,0,-1,-1,0
3635,resize,8,8,8,1,1,1,-2,-1,-1,-2,0,-1,0,-3,3,1,8,1,-2,-1,-1,-2,0,-1,0,-3,3,1
3636,resize,5,5,5,1,1,1,-1,-1,-2,0,-3,5,0,-1,0,1,5,1,-1,-1,-2,0,-3,5,0,-1,0,1
3637,resize,7,7,7,1,1,1,-2,0,1,0,-1,-2,-4,3,-1,-1,7,1,-2,0,1,0,-1,-2,-4,3,-1,-1
3638,resize,1,1,1,1,1,1,-2,4,-1,-3,-1,0,0,-1,-1,-2,1,1,-2,4,-1,-3,-1,0,0,-1,-1,-2
3639,resize,1,1,1,1,1,1,-3,3,-2,-1,-1,0,-3,1,-1,0,1,1,-3,3,-2,-1,-1,0,-3,1,-1,0
3640,resize,0,0,0,1,1,1,3,-2,-1,0,-3,-1,-1,-1,0,0,0,1,3,-2,-1,0,-3,-1,-1,-1,0,0
3641,resize,1,1,1,1,1,1,-3,3,-1,-2,0,-1,-3,1,-1,-1,1,1,-3,3,-1,-2,0,-1,-3,1,-1,-1
3642,resize,3,3,3,1,1,1,-3,-1,-1,6,-4,1,-3,-1,1,-1,3,1,-3,-1,-1,6,-4,1,-3,-1,1,-1
3643,resize,7,7,7,1,1,1,-1,0,1,1,-1,-1,-4,3,-1,-2,7,1,-1,0,1,1,-1,-1,-4,3,-1,-2
3644,resize,8,8,8,1,1,1,-1,-1,-1,-1,-1,0,0,-3,4,-1,8,1,-1,-1,-1,-1,-1,0,0,-3,4,-1
3645,resize,5,5,5,1,1,1,-1,-1,-1,-1,-1,3,1,-1,2,1,5,1,-1,-1,-1,-1,-1,3,1,-1,2,1
3646,resize,0,0,0,1,1,1,4,-2,0,-1,-2,-1,1,-1,-1,-1,0,1,4,-2,0,-1,-2,-1,1,-1,-1,-1
3647,resize,7,7,7,1,1,1,-2,0,0,0,0,-2,-5,4,-1,0,7,1,-2,0,0,0,0,-2,-5,4,-1,0
3648,resize,1,1,1,1,1,1,-3,4,-2,-3,0,-1,-2,0,-1,0,1,1,-3,4,-2,-3,0,-1,-2,0,-1,0
3649,resize,1,1,1,1,1,1,-3,4,-1,-2,-1,-1,-2,1,-2,-1,1,1,-3,4,-1,-2,-1,-1,-2,1,-2,-1
3650,resize,0,0,0,1,1,1,5,-3,0,-2,-2,-2,0,-1,-1,0,0,1,5,-3,0,-2,-2,-2,0,-1,-1,0
3651,resize,1,1,1,1,1,1,-3,4,-1,-3,0,-2,-2,1,-2,-1,1,1,-3,4,-1,-3,0,-2,-2,1,-2,-1
3652,resize,1,1,1,1,1,1,-2,4,-2,-3,-1,-1,-1,-1,-1,-1,1,1,-2,4,-2,-3,-1,-1,-1,-1,-1,-1
3653,resize,4,4,4,1,1,1,-1,0,0,-2,3,-1,-2,0,-3,0,4,1,-1,0,0,-2,3,-1,-2,0,-3,0
3654,resize,5,5,5,1,1,1,-1,-1,-1,-2,-2,3,1,-3,2,0,5,1,-1,-1,-1,-2,-2,3,1,-3,2,0
3655,resize,2,2,2,1,1,1,0,2,7,-1,-4,-4,-2,1,-3,-6,2,1,0,2,7,-1,-4,-4,-2,1,-3,-6
3656,resize,7,7,7,1,1,1,-4,1,1,1,-1,-1,-4,3,-2,-2,7,1,-4,1,1,1,-1,-1,-4,3,-2,-2
3657,resize,6,6,6,1,1,1,0,-2,-4,-2,0,1,6,-3,-1,-3,6,1,0,-2,-4,-2,0,1,6,-3,-1,-3
3658,resize,2,2,2,1,1,1,-1,1,4,0,-1,-3,-1,0,0,-3,2,1,-1,1,4,0,-1,-3,-1,0,0,-3
3659,resize,3,3,3,1,1,1,-4,-1,-2,6,-4,2,-3,-1,0,-1,3,1,-4,-1,-2,6,-4,2,-3,-1,0,-1
3660,resize,0,0,0,1,1,1,6,-3,-1,-2,-2,-2,1,-1,-1,-1,0,1,6,-3,-1,-2,-2,-2,1,-1,-1,-1
3661,resize,2,2,2,1,1,1,0,0,4,0,-3,-2,-1,0,-1,-3,2,1,0,0,4,0,-3,-2,-1,0,-1,-3
3662,resize,8,8,8,1,1,1,1,-2,-2,1,-2,1,1,-4,3,-1,8,1,1,-2,-2,1,-2,1,1,-4,3,-1
3663,resize,5,5,5,1,1,1,-2,-1,-2,0,-2,5,-1,-1,0,1,5,1,-2,-1,-2,0,-2,5,-1,-1,0,1
3664,resize,9,9,3,1,0,0,0,-2,-1,2,-2,0,-2,-1,0,2,3,1,0,-2,-1,2,-2,0,-2,-1,0,2
3665,resize,6,6,6,1,1,1,0,-1,-3,-3,0,0,5,-2,-1,-2,6,1,0,-1,-3,-3,0,0,5,-2,-1,-2
3666,resize,9,9,9,1,1,1,-2,-2,-2,-1,1,-2,-4,-1,0,4,9,1,-2,-2,-2,-1,1,-2,-4,-1,0,4
3667,resize,7,7,7,1,1,1,-1,0,0,0,-1,-1,-4,3,-1,-1,7,1,-1,0,0,0,-1,-1,-4,3,-1,-1
3668,resize,2,2,2,1,1,1,0,1,6,0,-3,-3,-2,1,-2,-4,2,1,0,1,6,0,-3,-3,-2,1,-2,-4
3669,resize,1,1,1,1,1,1,-3,4,-1,-3,0,0,-2,1,-2,-1,1,1,-3,4,-1,-3,0,0,-2,1,-2,-1
3670,resize,3,3,3,1,1,1,-4,0,1,6,-5,1,-4,0,0,-3,3,1,-4,0,1,6,-5,1,-4,0,0,-3
3671,resize,6,6,6,1,1,1,-1,-1,-3,-2,0,1,7,-3,0,-4,6,1,-1,-1,-3,-2,0,1,7,-3,0,-4
3672,resize,4,4,4,1,1,1,-1,0,-1,-2,2,-1,-1,0,-3,0,4,1,-1,0,-1,-2,2,-1,-1,0,-3,0
3673,resize,1,1,1,1,1,1,-4,4,-1,-3,0,-1,-3,1,-2,-1,1,1,-4,4,-1,-3,0,-1,-3,1,-2,-1
3674,resize,8,8,8,1,1,1,-1,-1,-1,0,-1,1,1,-2,3,-1,8,1,-1,-1,-1,0,-1,1,1,-2,3,-1
3675,resize,2,2,2,1,1,1,-1,0,5,1,-3,-3,-2,1,-1,-4,2,1,-1,0,5,1,-3,-3,-2,1,-1,-4
3676,resize,4,4,4,1,1,1,-4,-1,-1,-4,6,-2,-4,0,-3,-1,4,1,-4,-1,-1,-4,6,-2,-4,0,-3,-1
3677,resize,0,0,0,1,1,1,5,-2,-1,-1,-3,1,1,-2,0,-2,0,1,5,-2,-1,-1,-3,1,1,-2,0,-2
3678,resize,5,5,5,1,1,1,-3,0,-3,0,-2,5,-1,-1,0,0,5,1,-3,0,-3,0,-2,5,-1,-1,0,0
3679,resize,1,1,1,1,1,1,-3,4,-2,-3,-1,-1,-2,1,-1,-1,1,1,-3,4,-2,-3,-1,-1,-2,1,-1,-1
3680,resize,0,0,0,1,1,1,4,-2,-1,-1,-2,1,2,-1,0,-1,0,1,4,-2,-1,-1,-2,1,2,-1,0,-1
3681,resize,2,2,2,1,1,1,-2,1,5,3,-5,-2,-3,0,-1,-5,2,1,-2,1,5,3,-5,-2,-3,0,-1,-5
3682,resize,2,2,2,1,1,1,1,0,3,0,-3,-2,-1,-1,0,-3,2,1,1,0,3,0,-3,-2,-1,-1,0,-3
3683,resize,6,6,6,1,1,1,-2,0,-1,-2,0,1,3,-1,1,-3,6,1,-2,0,-1,-2,0,1,3,-1,1,-3
3684,resize,4,4,4,1,1,1,-2,-1,-1,-3,3,-2,-3,0,-2,1,4,1,-2,-1,-1,-3,3,-2,-3,0,-2,1
3685,resize,4,4,4,1,1,1,0,-1,-1,-1,3,-1,-1,0,-2,0,4,1,0,-1,-1,-1,3,-1,-1,0,-2,0
3686,resize,3,3,3,1,1,1,-2,-1,-2,5,-3,1,-3,-1,1,0,3,1,-2,-1,-2,5,-3,1,-3,-1,1,0
3687,resize,9,9,9,1,1,1,-1,-2,-3,0,0,-1,-2,-1,0,3,9,1,-1,-2,-3,0,0,-1,-2,-1,0,3
3688,resize,6,6,1,1,0,0,-2,1,-2,-1,0,1,1,-1,1,-1,1,1,-2,1,-2,-1,0,1,1,-1,1,-1
3689,resize,1,1,1,1,1,1,-3,4,-1,-3,0,-1,-2,0,-2,-2,1,1,-3,4,-1,-3,0,-1,-2,0,-2,-2
3690,resize,6,6,6,1,1,1,0,-1,-3,-1,0,1,4,-2,0,-2,6,1,0,-1,-3,-1,0,1,4,-2,0,-2
3691,resize,5,5,5,1,1,1,-3,-1,-3,0,-3,6,0,-2,0,1,5,1,-3,-1,-3,0,-3,6,0,-2,0,1
3692,resize,7,7,7,1,1,1,-2,-1,-1,0,-1,-1,-5,4,-1,0,7,1,-2,-1,-1,0,-1,-1,-5,4,-1,0
3693,resize,9,9,9,1,1,1,-2,-2,-3,0,0,-1,-3,-1,-1,5,9,1,-2,-2,-3,0,0,-1,-3,-1,-1,5
3694,resize,2,2,2,1,1,1,-2,1,4,0,-2,-1,0,0,-1,-4,2,1,-2,1,4,0,-2,-1,0,0,-1,-4
3695,resize,0,0,0,1,1,1,5,-3,-1,-2,-3,-1,0,-1,0,-1,0,1,5,-3,-1,-2,-3,-1,0,-1,0,-1
3696,resize,2,2,2,1,1,1,0,0,5,0,-4,-3,-2,0,0,-4,2,1,0,0,5,0,-4,-3,-2,0,0,-4
3697,resize,6,6,6,1,1,1,0,-1,-4,-2,-1,1,6,-3,0,-2,6,1,0,-1,-4,-2,-1,1,6,-3,0,-2
3698,resize,0,0,0,1,1,1,5,-2,-1,-1,-3,1,0,-1,-1,-1,0,1,5,-2,-1,-1,-3,1,0,-1,-1,-1
3699,resize,1,1,1,1,1,1,-3,4,-1,-3,-1,-1,-2,0,-1,0,1,1,-3,4,-1,-3,-1,-1,-2,0,-1,0
3700,resize,4,4,4,1,1,1,-4,-1,-1,-2,5,-3,-4,0,-3,-1,4,1,-4,-1,-1,-2,5,-3,-4,0,-3,-1
3701,resize,3,3,3,1,1,1,-2,-2,-1,5,-4,0,-2,-2,2,-1,3,1,-2,-2,-1,5,-4,0,-2,-2,2,-1
3702,resize,5,5,3,1,0,0,-3,0,-1,2,-1,2,-1,1,-1,-1,3,1,-3,0,-1,2,-1,2,-1,1,-1,-1
3703,resize,2,2,2,1,1,1,1,1,6,0,-3,-4,-3,1,-2,-4,2,1,1,1,6,0,-3,-4,-3,1,-2,-4
3704,resize,8,8,8,1,1,1,-1,-1,-2,-1,-1,1,-1,-3,5,0,8,1,-1,-1,-2,-1,-1,1,-1,-3,5,0
3705,resize,8,8,8,1,1,1,-3,0,-1,-3,-1,1,1,-3,6,-2,8,1,-3,0,-1,-3,-1,1,1,-3,6,-2
3706,resize,0,0,0,1,1,1,4,-2,0,-1,-3,-1,-1,0,0,0,0,1,4,-2,0,-1,-3,-1,-1,0,0,0
3707,resize,8,8,8,1,1,1,-1,-2,-2,1,-1,-1,-2,-2,4,1,8,1,-1,-2,-2,1,-1,-1,-2,-2,4,1
3708,resize,8,8,8,1,1,1,-2,-1,0,0,-2,0,0,-2,4,-2,8,1,-2,-1,0,0,-2,0,0,-2,4,-2
3709,resize,9,9,9,1,1,1,-2,-2,-2,-1,0,-1,-4,0,-1,4,9,1,-2,-2,-2,-1,0,-1,-4,0,-1,4
3710,resize,0,0,0,1,1,1,2,-2,-1,0,0,-2,-1,0,-1,1,0,1,2,-2,-1,0,0,-2,-1,0,-1,1
3711,resize,9,9,9,1,1,1,-2,-2,-3,-1,0,-1,-5,-1,-1,5,9,1,-2,-2,-3,-1,0,-1,-5,-1,-1,5
3712,resize,6,6,6,1,1,1,0,-2,-3,-3,-1,2,7,-4,0,-4,6,1,0,-2,-3,-3,-1,2,7,-4,0,-4
3713,resize,7,7,7,1,1,1,-4,2,1,0,0,-2,-3,3,-2,-2,7,1,-4,2,1,0,0,-2,-3,3,-2,-2
3714,resize,6,6,6,1,1,1,-1,-1,-3,-2,-1,2,6,-4,0,-3,6,1,-1,-1,-3,-2,-1,2,6,-4,0,-3
3715,resize,3,3,3,1,1,1,-3,0,1,5,-4,0,-3,0,1,-3,3,1,-3,0,1,5,-4,0,-3,0,1,-3
3716,resize,9,9,9,1,1,1,-2,-2,-2,1,-1,1,-3,-2,1,3,9,1,-2,-2,-2,1,-1,1,-3,-2,1,3
3717,resize,3,3,3,1,1,1,-3,-1,-2,5,-4,2,-3,-2,1,1,3,1,-3,-1,-2,5,-4,2,-3,-2,1,1
3718,resize,4,4,4,1,1,1,-3,-1,-2,-2,3,0,-3,0,-2,0,4,1,-3,-1,-2,-2,3,0,-3,0,-2,0
3719,resize,7,7,7,1,1,1,-1,0,1,1,-1,-1,-4,3,-1,0,7,1,-1,0,1,1,-1,-1,-4,3,-1,0
3720,resize,7,7,7,1,1,1,-2,-1,0,1,0,-1,-5,4,-1,0,7,1,-2,-1,0,1,0,-1,-5,4,-1,0
3721,resize,7,7,7,1,1,1,-2,1,1,0,-2,-1,-3,2,-2,-1,7,1,-2,1,1,0,-2,-1,-3,2,-2,-1
3722,resize,4,4,4,1,1,1,-3,0,-1,-2,4,-1,-2,0,-3,0,4,1,-3,0,-1,-2,4,-1,-2,0,-3,0
3723,resize,9,9,0,1,0,0,2,-2,-3,0,-1,-1,-1,-1,0,2,0,1,2,-2,-3,0,-1,-1,-1,-1,0,2
3724,resize,0,0,0,1,1,1,4,-3,-1,-2,-2,0,1,-1,0,-1,0,1,4,-3,-1,-2,-2,0,1,-1,0,-1
3725,resize,6,6,6,1,1,1,-1,-1,-2,-1,0,1,3,-1,0,-2,6,1,-1,-1,-2,-1,0,1,3,-1,0,-2
3726,resize,4,4,4,1,1,1,-3,-1,-2,-2,3,-2,-4,0,-1,2,4,1,-3,-1,-2,-2,3,-2,-4,0,-1,2
3727,resize,8,8,8,1,1,1,-2,-1,1,1,-1,-1,-1,-1,2,0,8,1,-2,-1,1,1,-1,-1,-1,-1,2,0
3728,resize,4,4,4,1,1,1,-3,1,-2,-4,4,-2,-3,-1,-2,0,4,1,-3,1,-2,-4,4,-2,-3,-1,-2,0
3729,resize,2,2,2,1,1,1,-1,1,4,1,-2,-2,-1,0,-1,-4,2,1,-1,1,4,1,-2,-2,-1,0,-1,-4
3730,resize,7,7,7,1,1,1,-1,-1,0,-1,0,0,-3,2,-1,1,7,1,-1,-1,0,-1,0,0,-3,2,-1,1
3731,resize,2,2,2,1,1,1,-2,0,5,1,-3,-3,-2,0,0,-3,2,1,-2,0,5,1,-3,-3,-2,0,0,-3
3732,resize,8,8,8,1,1,1,-1,-1,-1,-1,-1,0,-1,-3,4,1,8,1,-1,-1,-1,-1,-1,0,-1,-3,4,1
3733,resize,1,1,1,1,1,1,-1,4,-1,-3,-1,-1,-1,0,-1,-2,1,1,-1,4,-1,-3,-1,-1,-1,0,-1,-2
3734,resize,0,0,0,1,1,1,4,-2,-1,-1,-2,0,0,-1,-1,0,0,1,4,-2,-1,-1,-2,0,0,-1,-1,0
3735,resize,0,0,0,1,1,1,6,-2,-1,-1,-3,0,1,-2,-1,0,0,1,6,-2,-1,-1,-3,0,1,-2,-1,0
3736,resize,7,7,7,1,1,1,-2,2,1,0,-2,-1,-4,3,-2,-2,7,1,-2,2,1,0,-2,-1,-4,3,-2,-2
3737,resize,8,8,8,1,1,1,-2,-2,-1,0,-1,0,-1,-2,4,0,8,1,-2,-2,-1,0,-1,0,-1,-2,4,0
3738,resize,3,3,3,1,1,1,-1,-1,-2,4,-2,2,0,-2,-1,-1,3,1,-1,-1,-2,4,-2,2,0,-2,-1,-1
3739,resize,3,3,3,1,1,1,-2,0,1,3,-2,1,-1,0,0,-2,3,1,-2,0,1,3,-2,1,-1,0,0,-2
3740,resize,3,3,3,1,1,1,-3,0,0,5,-4,2,-2,-2,0,-1,3,1,-3,0,0,5,-4,2,-2,-2,0,-1
3741,resize,1,1,1,1,1,1,-3,4,-1,-3,0,-1,-2,0,-2,-1,1,1,-3,4,-1,-3,0,-1,-2,0,-2,-1
3742,resize,3,3,3,1,1,1,-1,0,-1,2,-2,0,-2,0,0,0,3,1,-1,0,-1,2,-2,0,-2,0,0,0
3743,resize,7,7,7,1,1,1,-2,0,0,0,-1,-1,-5,4,-1,-1,7,1,-2,0,0,0,-1,-1,-5,4,-1,-1
3744,resize,6,6,6,1,1,1,1,-2,-4,-1,-2,4,5,-4,1,-3,6,1,1,-2,-4,-1,-2,4,5,-4,1,-3
3745,resize,1,1,1,1,1,1,-3,4,-1,-3,0,-1,-2,0,-2,0,1,1,-3,4,-1,-3,0,-1,-2,0,-2,0
3746,resize,3,3,3,1,1,1,-4,0,-1,5,-3,1,-3,1,-1,-2,3,1,-4,0,-1,5,-3,1,-3,1,-1,-2
3747,resize,1,1,1,1,1,1,-4,4,-1,-3,0,-1,-3,0,-2,0,1,1,-4,4,-1,-3,0,-1,-3,0,-2,0
3748,resize,6,6,6,1,1,1,1,-1,0,-2,-2,1,4,-4,1,-3,6,1,1,-1,0,-2,-2,1,4,-4,1,-3
3749,resize,6,6,6,1,1,1,0,-1,-3,-2,0,0,3,-2,0,-1,6,1,0,-1,-3,-2,0,0,3,-2,0,-1
3750,resize,5,5,5,1,1,1,-1,-1,-1,0,-2,4,0,-1,0,1,5,1,-1,-1,-1,0,-2,4,0,-1,0,1
3751,resize,7,7,1,1,0,0,-2,1,1,0,-1,-1,-1,1,-1,-2,1,1,-2,1,1,0,-1,-1,-1,1,-1,-2
3752,resize,4,4,4,1,1,1,-1,-1,-1,-2,5,-2,-2,0,-2,0,4,1,-1,-1,-1,-2,5,-2,-2,0,-2,0
3753,resize,7,7,7,1,1,1,-2,0,0,0,-1,-1,-4,3,-1,-1,7,1,-2,0,0,0,-1,-1,-4,3,-1,-1
3754,resize,5,5,5,1,1,1,-2,-2,-1,0,-2,4,0,-1,0,1,5,1,-2,-2,-1,0,-2,4,0,-1,0,1
3755,resize,9,9,9,1,1,1,0,-1,-1,1,-1,-1,-1,-1,0,3,9,1,0,-1,-1,1,-1,-1,-1,-1,0,3
3756,resize,5,5,5,1,1,1,-2,-1,-2,0,-1,4,-1,-1,0,2,5,1,-2,-1,-2,0,-1,4,-1,-1,0,2
3757,resize,8,8,8,1,1,1,0,-1,-1,1,-3,0,-1,-3,3,-1,8,1,0,-1,-1,1,-3,0,-1,-3,3,-1
3758,resize,4,4,4,1,1,1,-3,-1,-1,-1,3,0,-3,0,-2,1,4,1,-3,-1,-1,-1,3,0,-3,0,-2,1
3759,resize,9,9,9,1,1,1,-1,-2,-3,0,0,-1,-4,0,-1,4,9,1,-1,-2,-3,0,0,-1,-4,0,-1,4
3760,resize,9,9,9,1,1,1,-2,-2,-3,-1,1,-1,-5,-1,0,4,9,1,-2,-2,-3,-1,1,-1,-5,-1,0,4
3761,resize,1,1,1,1,1,1,-2,3,-1,-2,0,-1,-2,0,-1,-1,1,1,-2,3,-1,-2,0,-1,-2,0,-1,-1
3762,resize,6,8,8,0,0,1,-2,-1,-1,0,-1,1,1,-2,2,-2,8,1,-2,-1,-1,0,-1,1,1,-2,2,-2
3763,resize,5,5,5,1,1,1,-1,0,0,0,-1,2,0,-1,0,0,5,1,-1,0,0,0,-1,2,0,-1,0,0
3764,resize,0,0,0,1,1,1,3,-2,-1,0,-2,1,1,-1,0,0,0,1,3,-2,-1,0,-2,1,1,-1,0,0
3765,resize,1,1,1,1,1,1,-4,4,-2,-3,0,-1,-2,0,-1,1,1,1,-4,4,-2,-3,0,-1,-2,0,-1,1
3766,resize,3,3,3,1,1,1,-4,1,-1,4,-3,2,-2,0,-1,-2,3,1,-4,1,-1,4,-3,2,-2,0,-1,-2
3767,resize,7,2,2,0,0,1,-4,2,3,0,-2,-2,-2,1,-1,-4,2,1,-4,2,3,0,-2,-2,-2,1,-1,-4
3768,resize,0,0,0,1,1,1,2,-2,-1,-1,-2,1,2,-2,1,-1,0,1,2,-2,-1,-1,-2,1,2,-2,1,-1
3769,resize,3,3,3,1,1,1,-2,-1,-2,5,-4,1,-3,-1,1,0,3,1,-2,-1,-2,5,-4,1,-3,-1,1,0
3770,resize,4,4,4,1,1,1,-2,-1,-1,-2,5,-2,-3,0,-2,1,4,1,-2,-1,-1,-2,5,-2,-3,0,-2,1
3771,resize,8,8,8,1,1,1,-1,-1,0,-1,-1,0,-1,-1,3,1,8,1,-1,-1,0,-1,-1,0,-1,-1,3,1
3772,resize,2,2,2,1,1,1,-2,2,4,0,-3,-2,-3,2,-2,-4,2,1,-2,2,4,0,-3,-2,-3,2,-2,-4
3773,resize,2,2,2,1,1,1,-2,1,4,1,-3,-2,-2,0,-1,-4,2,1,-2,1,4,1,-3,-2,-2,0,-1,-4
3774,resize,0,0,0,1,1,1,4,-2,-1,-1,-2,0,0,-1,0,0,0,1,4,-2,-1,-1,-2,0,0,-1,0,0
3775,resize,2,2,2,1,1,1,-1,1,5,1,-3,-3,-1,0,-2,-4,2,1,-1,1,5,1,-3,-3,-1,0,-2,-4
3776,resize,5,5,5,1,1,1,-2,-1,-1,0,-3,6,0,-2,2,-1,5,1,-2,-1,-1,0,-3,6,0,-2,2,-1
3777,resize,1,1,1,1,1,1,-3,4,-1,-2,0,0,-2,1,-3,-1,1,1,-3,4,-1,-2,0,0,-2,1,-3,-1
3778,resize,5,5,5,1,1,1,-1,0,-1,-1,-1,3,1,-1,2,-1,5,1,-1,0,-1,-1,-1,3,1,-1,2,-1
3779,resize,1,1,1,1,1,1,-4,4,-1,-2,-1,0,-2,0,-1,0,1,1,-4,4,-1,-2,-1,0,-2,0,-1,0
3780,resize,4,4,4,1,1,1,-1,0,-1,-4,3,0,2,-3,-2,-2,4,1,-1,0,-1,-4,3,0,2,-3,-2,-2
3781,resize,8,8,8,1,1,1,-2,-1,-1,-1,-1,1,1,-3,5,-1,8,1,-2,-1,-1,-1,-1,1,1,-3,5,-1
3782,resize,8,8,8,1,1,1,-1,-1,-1,1,-2,0,-1,-2,4,-1,8,1,-1,-1,-1,1,-2,0,-1,-2,4,-1
3783,resize,9,9,9,1,1,1,-1,-1,-1,-1,1,-3,-4,1,-1,4,9,1,-1,-1,-1,-1,1,-3,-4,1,-1,4
3784,resize,1,1,1,1,1,1,-3,4,-1,-3,0,-1,-2,0,-1,0,1,1,-3,4,-1,-3,0,-1,-2,0,-1,0
3785,resize,2,2,2,1,1,1,0,1,4,0,-2,-3,-3,1,-1,-3,2,1,0,1,4,0,-2,-3,-3,1,-1,-3
3786,resize,1,1,1,1,1,1,-4,4,-2,-3,0,-1,-2,0,-1,0,1,1,-4,4,-2,-3,0,-1,-2,0,-1,0
3787,resize,3,3,3,1,1,1,-1,-1,-1,4,-3,1,-2,-1,0,0,3,1,-1,-1,-1,4,-3,1,-2,-1,0,0
3788,resize,5,5,5,1,1,1,-2,-1,-3,0,-3,7,0,-2,0,1,5,1,-2,-1,-3,0,-3,7,0,-2,0,1
3789,resize,1,1,1,1,1,1,-3,3,-2,-2,0,-1,-2,0,-1,0,1,1,-3,3,-2,-2,0,-1,-2,0,-1,0
3790,resize,0,0,0,1,1,1,4,-2,-2,-1,-1,1,2,-2,-1,-1,0,1,4,-2,-2,-1,-1,1,2,-2,-1,-1
3791,resize,9,9,9,1,1,1,0,-1,-1,0,0,-1,-2,1,-1,3,9,1,0,-1,-1,0,0,-1,-2,1,-1,3
3792,resize,4,4,4,1,1,1,-3,-1,-2,-4,4,-1,-3,0,-2,0,4,1,-3,-1,-2,-4,4,-1,-3,0,-2,0
3793,resize,4,4,4,1,1,1,-3,-1,-1,-2,4,-1,-3,0,-3,1,4,1,-3,-1,-1,-2,4,-1,-3,0,-3,1
3794,resize,8,8,3,1,0,0,-2,-1,-1,2,-1,0,-2,-1,2,0,3,1,-2,-1,-1,2,-1,0,-2,-1,2,0
3795,resize,3,3,3,1,1,1,-4,0,1,4,-3,-1,-4,1,-1,-2,3,1,-4,0,1,4,-3,-1,-4,1,-1,-2
3796,resize,2,2,8,1,0,0,1,0,1,-1,-3,-1,-1,0,2,-2,8,1,1,0,1,-1,-3,-1,-1,0,2,-2
3797,resize,5,5,5,1,1,1,-2,-1,-3,0,-2,6,0,-2,1,1,5,1,-2,-1,-3,0,-2,6,0,-2,1,1
3798,resize,9,9,9,1,1,1,-3,-1,-3,-2,1,-1,-5,-1,-1,4,9,1,-3,-1,-3,-2,1,-1,-5,-1,-1,4
3799,resize,7,7,7,1,1,1,-2,0,0,0,-1,-1,-5,4,-1,-1,7,1,-2,0,0,0,-1,-1,-5,4,-1,-1
3800,resize,6,6,6,1,1,1,0,-1,-1,-2,-2,1,3,-3,1,-2,6,1,0,-1,-1,-2,-2,1,3,-3,1,-2
3801,resize,6,6,6,1,1,1,1,-1,-3,-2,0,1,4,-2,-1,-1,6,1,1,-1,-3,-2,0,1,4,-2,-1,-1
3802,resize,2,2,2,1,1,1,-2,1,6,0,-2,-3,-2,-1,0,-4,2,1,-2,1,6,0,-2,-3,-2,-1,0,-4
3803,resize,0,0,0,1,1,1,4,-1,0,-2,-1,-1,0,-2,-1,0,0,1,4,-1,0,-2,-1,-1,0,-2,-1,0
3804,resize,0,0,0,1,1,1,3,-2,-1,-1,-2,-1,0,-1,-1,0,0,1,3,-2,-1,-1,-2,-1,0,-1,-1,0
3805,resize,0,0,0,1,1,1,6,-2,-1,-2,-3,0,0,-1,-1,0,0,1,6,-2,-1,-2,-3,0,0,-1,-1,0
3806,resize,5,5,5,1,1,1,-2,-1,-2,-1,-1,3,0,-1,2,-1,5,1,-2,-1,-2,-1,-1,3,0,-1,2,-1
3807,resize,8,8,8,1,1,1,-1,-2,-2,-1,-2,1,0,-4,6,-1,8,1,-1,-2,-2,-1,-2,1,0,-4,6,-1
3808,resize,7,8,0,0,0,0,1,1,0,0,-3,0,-2,0,1,-2,0,1,1,1,0,0,-3,0,-2,0,1,-2
3809,resize,1,1,1,1,1,1,-2,3,-3,-3,0,0,0,0,-1,0,1,1,-2,3,-3,-3,0,0,0,0,-1,0
3810,resize,5,5,5,1,1,1,-1,-1,-1,1,-2,4,-1,-1,0,2,5,1,-1,-1,-1,1,-2,4,-1,-1,0,2
3811,resize,2,2,2,1,1,1,1,-1,2,1,-3,-1,0,-1,1,-2,2,1,1,-1,2,1,-3,-1,0,-1,1,-2
3812,resize,3,3,3,1,1,1,-2,0,0,5,-4,1,-2,0,0,-2,3,1,-2,0,0,5,-4,1,-2,0,0,-2
3813,resize,8,8,8,1,1,1,-2,-2,-1,0,-2,2,1,-3,5,-2,8,1,-2,-2,-1,0,-2,2,1,-3,5,-2
3814,resize,5,5,5,1,1,1,-2,-2,-2,1,-3,5,0,-3,1,1,5,1,-2,-2,-2,1,-3,5,0,-3,1,1
3815,resize,1,1,1,1,1,1,-3,4,-1,-3,-1,-1,-2,1,-2,-1,1,1,-3,4,-1,-3,-1,-1,-2,1,-2,-1
3816,resize,8,8,8,1,1,1,-2,-2,-3,-1,-1,1,0,-3,6,-1,8,1,-2,-2,-3,-1,-1,1,0,-3,6,-1
3817,resize,2,2,2,1,1,1,-1,0,4,0,-1,-3,-3,-2,1,-2,2,1,-1,0,4,0,-1,-3,-3,-2,1,-2
3818,resize,0,0,0,1,1,1,3,-1,-2,-1,0,0,2,-1,-1,0,0,1,3,-1,-2,-1,0,0,2,-1,-1,0
3819,resize,4,4,4,1,1,1,-3,-2,-1,-4,5,-2,-4,-1,-3,1,4,1,-3,-2,-1,-4,5,-2,-4,-1,-3,1
3820,resize,9,9,9,1,1,1,0,-2,-1,0,0,-1,-2,1,-1,3,9,1,0,-2,-1,0,0,-1,-2,1,-1,3
3821,resize,9,9,9,1,1,1,-3,-3,-3,-1,1,-1,-4,-1,0,5,9,1,-3,-3,-3,-1,1,-1,-4,-1,0,5
3822,resize,6,6,6,1,1,1,-1,-1,-3,-3,0,1,6,-3,-1,-3,6,1,-1,-1,-3,-3,0,1,6,-3,-1,-3
3823,resize,2,2,2,1,1,1,-1,0,5,0,-2,-3,-2,-1,-1,-3,2,1,-1,0,5,0,-2,-3,-2,-1,-1,-3
3824,resize,3,3,3,1,1,1,-2,0,0,4,-3,0,-2,-1,0,-1,3,1,-2,0,0,4,-3,0,-2,-1,0,-1
3825,resize,3,3,3,1,1,1,-3,0,0,5,-3,1,-2,0,-1,-2,3,1,-3,0,0,5,-3,1,-2,0,-1,-2
3826,resize,5,5,5,1,1,1,-1,-1,-3,-2,-1,6,0,-2,0,1,5,1,-1,-1,-3,-2,-1,6,0,-2,0,1
3827,resize,6,6,6,1,1,1,-1,-1,-3,-3,-1,1,6,-3,0,-3,6,1,-1,-1,-3,-3,-1,1,6,-3,0,-3
3828,resize,4,4,4,1,1,1,-3,-1,0,-2,4,-2,-4,0,-3,0,4,1,-3,-1,0,-2,4,-2,-4,0,-3,0
3829,resize,8,8,8,1,1,1,-1,-2,-1,0,-3,1,-1,-3,5,0,8,1,-1,-2,-1,0,-3,1,-1,-3,5,0
3830,resize,0,0,0,1,1,1,6,-2,0,-2,-3,-1,1,-1,-1,-1,0,1,6,-2,0,-2,-3,-1,1,-1,-1,-1
3831,resize,9,9,9,1,1,1,-1,-1,-2,0,0,-1,-3,-1,1,3,9,1,-1,-1,-2,0,0,-1,-3,-1,1,3
3832,resize,2,2,2,1,1,1,1,0,6,1,-5,-4,-3,0,-1,-4,2,1,1,0,6,1,-5,-4,-3,0,-1,-4
3833,resize,8,8,8,1,1,1,0,-1,-1,1,-1,-1,-2,-1,3,0,8,1,0,-1,-1,1,-1,-1,-2,-1,3,0
3834,resize,3,3,3,1,1,1,-4,0,0,5,-4,0,-3,0,0,-3,3,1,-4,0,0,5,-4,0,-3,0,0,-3
3835,resize,6,6,6,1,1,1,-1,-2,-4,-3,0,1,7,-3,0,-3,6,1,-1,-2,-4,-3,0,1,7,-3,0,-3
3836,resize,7,7,7,1,1,1,-4,0,-2,0,1,-1,-5,4,-2,0,7,1,-4,0,-2,0,1,-1,-5,4,-2,0
3837,resize,5,5,5,1,1,1,-2,-2,-3,1,-3,6,-1,-2,0,1,5,1,-2,-2,-3,1,-3,6,-1,-2,0,1
3838,resize,7,7,4,1,0,0,-4,1,0,-2,2,-2,-3,2,-2,-2,4,1,-4,1,0,-2,2,-2,-3,2,-2,-2
3839,resize,2,2,2,1,1,1,-1,1,6,0,-3,-4,-2,0,-1,-5,2,1,-1,1,6,0,-3,-4,-2,0,-1,-5
3840,resize,9,9,9,1,1,1,-1,-2,-2,0,0,-2,-3,1,-1,4,9,1,-1,-2,-2,0,0,-2,-3,1,-1,4
3841,resize,4,4,4,1,1,1,-4,-2,-2,-4,6,-3,-4,-1,-2,0,4,1,-4,-2,-2,-4,6,-3,-4,-1,-2,0
3842,resize,9,9,9,1,1,1,-1,-2,-3,0,-1,-1,-5,0,-2,4,9,1,-1,-2,-3,0,-1,-1,-5,0,-2,4
3843,resize,1,1,1,1,1,1,-2,3,-1,-2,-1,0,-2,0,-1,-1,1,1,-2,3,-1,-2,-1,0,-2,0,-1,-1
3844,resize,2,2,2,1,1,1,-1,0,5,1,-3,-3,-2,0,-1,-5,2,1,-1,0,5,1,-3,-3,-2,0,-1,-5
3845,resize,8,8,8,1,1,1,-1,-2,-2,0,-3,1,-2,-4,7,-1,8,1,-1,-2,-2,0,-3,1,-2,-4,7,-1
3846,resize,6,6,6,1,1,1,0,-1,-3,-2,0,1,4,-2,0,-1,6,1,0,-1,-3,-2,0,1,4,-2,0,-1
3847,resize,0,0,0,1,1,1,5,-2,0,0,-2,0,0,-1,-1,0,0,1,5,-2,0,0,-2,0,0,-1,-1,0
3848,resize,7,7,7,1,1,1,-3,1,1,1,-1,-2,-4,3,-1,-3,7,1,-3,1,1,1,-1,-2,-4,3,-1,-3
3849,resize,0,0,0,1,1,1,5,-2,-1,-1,-3,0,1,-2,-1,0,0,1,5,-2,-1,-1,-3,0,1,-2,-1,0
3850,resize,9,9,9,1,1,1,-1,-1,-1,0,0,-1,-3,0,0,3,9,1,-1,-1,-1,0,0,-1,-3,0,0,3
3851,resize,1,1,1,1,1,1,-2,3,0,-2,0,0,-2,0,-1,-1,1,1,-2,3,0,-2,0,0,-2,0,-1,-1
3852,resize,1,1,1,1,1,1,-1,3,-1,-2,0,-1,-2,0,0,-1,1,1,-1,3,-1,-2,0,-1,-2,0,0,-1
3853,resize,6,6,2,1,0,0,1,-1,2,-1,-2,0,2,-3,0,-2,2,1,1,-1,2,-1,-2,0,2,-3,0,-2
3854,resize,7,7,7,1,1,1,-3,0,0,0,0,-2,-5,4,-1,0,7,1,-3,0,0,0,0,-2,-5,4,-1,0
3855,resize,5,5,5,1,1,1,0,-2,-3,-2,-2,5,1,-2,1,0,5,1,0,-2,-3,-2,-2,5,1,-2,1,0
3856,resize,9,9,9,1,1,1,-2,-1,-1,0,0,-1,-3,0,-1,2,9,1,-2,-1,-1,0,0,-1,-3,0,-1,2
3857,resize,9,9,9,1,1,1,-2,-1,-3,0,0,-2,-4,0,-1,4,9,1,-2,-1,-3,0,0,-2,-4,0,-1,4
3858,resize,1,1,1,1,1,1,-2,4,-1,-3,-1,-1,-1,0,-1,-1,1,1,-2,4,-1,-3,-1,-1,-1,0,-1,-1
3859,resize,9,9,9,1,1,1,0,-1,0,0,0,-2,-1,0,0,1,9,1,0,-1,0,0,0,-2,-1,0,0,1
3860,resize,5,5,5,1,1,1,-2,-1,-2,-1,-2,4,1,-2,1,0,5,1,-2,-1,-2,-1,-2,4,1,-2,1,0
3861,resize,9,9,9,1,1,1,-2,-2,-1,-2,1,-2,-3,0,0,4,9,1,-2,-2,-1,-2,1,-2,-3,0,0,4
3862,resize,2,2,2,1,1,1,0,1,5,0,-3,-3,-3,1,-2,-4,2,1,0,1,5,0,-3,-3,-3,1,-2,-4
3863,resize,5,5,5,1,1,1,-2,-2,-3,-1,-2,6,1,-3,2,1,5,1,-2,-2,-3,-1,-2,6,1,-3,2,1
3864,resize,0,0,0,1,1,1,5,-2,0,-2,-4,-1,0,-1,0,-1,0,1,5,-2,0,-2,-4,-1,0,-1,0,-1
3865,resize,4,4,4,1,1,1,-4,-1,-2,-4,6,-2,-4,0,-4,-1,4,1,-4,-1,-2,-4,6,-2,-4,0,-4,-1
3866,resize,1,1,1,1,1,1,-3,4,-2,-3,0,-1,-2,0,-1,0,1,1,-3,4,-2,-3,0,-1,-2,0,-1,0
3867,resize,0,0,0,1,1,1,3,-2,-1,-1,0,-1,1,-1,-2,0,0,1,3,-2,-1,-1,0,-1,1,-1,-2,0
3868,resize,8,8,8,1,1,1,-2,-2,-2,0,-2,0,-1,-2,4,0,8,1,-2,-2,-2,0,-2,0,-1,-2,4,0
3869,resize,9,9,4,1,0,0,-2,-1,-3,-3,2,-2,-4,0,-2,2,4,1,-2,-1,-3,-3,2,-2,-4,0,-2,2
3870,resize,0,0,0,1,1,1,3,-2,-1,-1,-1,-1,0,-1,-1,0,0,1,3,-2,-1,-1,-1,-1,0,-1,-1,0
3871,resize,8,8,8,1,1,1,0,-2,-1,1,-2,1,-1,-2,3,0,8,1,0,-2,-1,1,-2,1,-1,-2,3,0
3872,resize,9,9,9,1,1,1,-1,-2,-3,0,0,-2,-5,0,-1,4,9,1,-1,-2,-3,0,0,-2,-5,0,-1,4
3873,resize,8,8,8,1,1,1,-1,-1,-1,-1,-1,1,1,-2,3,-1,8,1,-1,-1,-1,-1,-1,1,1,-2,3,-1
3874,resize,9,9,9,1,1,1,-1,-1,-2,0,0,-1,-3,-1,-1,3,9,1,-1,-1,-2,0,0,-1,-3,-1,-1,3
3875,resize,4,4,4,1,1,1,-3,-2,-1,-2,5,-2,-3,0,-1,1,4,1,-3,-2,-1,-2,5,-2,-3,0,-1,1
3876,resize,2,2,2,1,1,1,-1,1,4,0,-3,-3,-1,0,0,-4,2,1,-1,1,4,0,-3,-3,-1,0,0,-4
3877,resize,5,5,5,1,1,1,-1,-1,-2,0,-2,5,0,-1,0,1,5,1,-1,-1,-2,0,-2,5,0,-1,0,1
3878,resize,7,7,7,1,1,1,-3,2,0,0,-1,-1,-4,3,-2,-1,7,1,-3,2,0,0,-1,-1,-4,3,-2,-1
3879,resize,9,9,9,1,1,1,1,-3,-2,0,0,-2,-2,0,-1,4,9,1,1,-3,-2,0,0,-2,-2,0,-1,4
3880,resize,8,8,8,1,1,1,-2,0,-2,0,-1,1,0,-3,3,1,8,1,-2,0,-2,0,-1,1,0,-3,3,1
3881,resize,9,9,9,1,1,1,0,-2,-1,0,0,0,-3,0,-1,3,9,1,0,-2,-1,0,0,0,-3,0,-1,3
3882,resize,8,8,8,1,1,1,-2,-1,-3,-1,-1,0,0,-4,6,0,8,1,-2,-1,-3,-1,-1,0,0,-4,6,0
3883,resize,0,0,0,1,1,1,5,-2,-1,-1,-2,0,2,-2,-1,-1,0,1,5,-2,-1,-1,-2,0,2,-2,-1,-1
3884,resize,9,9,9,1,1,1,0,-2,-3,0,0,-2,-2,0,0,4,9,1,0,-2,-3,0,0,-2,-2,0,0,4
3885,resize,9,9,9,1,1,1,0,-3,-2,-1,1,-2,-3,0,0,4,9,1,0,-3,-2,-1,1,-2,-3,0,0,4
3886,resize,6,6,6,1,1,1,-1,-2,-4,-3,-1,2,7,-4,-1,-3,6,1,-1,-2,-4,-3,-1,2,7,-4,-1,-3
3887,resize,8,8,8,1,1,1,-2,-2,-2,0,-2,0,0,-3,5,-1,8,1,-2,-2,-2,0,-2,0,0,-3,5,-1
3888,resize,9,9,9,1,1,1,0,-2,-2,0,1,-1,-3,0,-1,4,9,1,0,-2,-2,0,1,-1,-3,0,-1,4
3889,resize,9,9,9,1,1,1,-1,-2,-2,0,0,-1,-4,0,-1,4,9,1,-1,-2,-2,0,0,-1,-4,0,-1,4
3890,resize,5,5,5,1,1,1,-2,-1,-3,1,-3,6,-1,-2,1,0,5,1,-2,-1,-3,1,-3,6,-1,-2,1,0
3891,resize,9,9,9,1,1,1,-2,-2,-3,-1,1,-1,-5,-1,-1,4,9,1,-2,-2,-3,-1,1,-1,-5,-1,-1,4
3892,resize,8,8,8,1,1,1,-3,-1,-1,0,-1,1,0,-4,5,0,8,1,-3,-1,-1,0,-1,1,0,-4,5,0
3893,resize,5,5,5,1,1,1,-1,0,-2,1,-1,3,0,0,0,0,5,1,-1,0,-2,1,-1,3,0,0,0,0
3894,resize,1,1,1,1,1,1,-3,4,0,-3,-1,-1,-2,1,-1,-2,1,1,-3,4,0,-3,-1,-1,-2,1,-1,-2
3895,resize,0,0,0,1,1,1,4,-2,-1,-1,-2,-1,0,-1,-1,0,0,1,4,-2,-1,-1,-2,-1,0,-1,-1,0
3896,resize,3,3,3,1,1,1,-3,0,-1,5,-4,1,-3,-1,0,-1,3,1,-3,0,-1,5,-4,1,-3,-1,0,-1
3897,resize,3,3,3,1,1,1,-2,-1,0,4,-3,0,-2,-1,1,0,3,1,-2,-1,0,4,-3,0,-2,-1,1,0
3898,resize,5,5,5,1,1,1,-2,0,-2,1,-2,5,-1,0,0,1,5,1,-2,0,-2,1,-2,5,-1,0,0,1
3899,resize,2,2,2,1,1,1,-1,0,5,1,-3,-3,-1,0,-1,-4,2,1,-1,0,5,1,-3,-3,-1,0,-1,-4
3900,resize,1,1,1,1,1,1,-3,4,-1,-3,-1,-2,-3,1,-2,-1,1,1,-3,4,-1,-3,-1,-2,-3,1,-2,-1
3901,resize,6,6,6,1,1,1,1,-2,-2,-2,-1,2,4,-2,0,-2,6,1,1,-2,-2,-2,-1,2,4,-2,0,-2
3902,resize,5,5,5,1,1,1,0,-2,-2,1,-2,3,0,-1,0,0,5,1,0,-2,-2,1,-2,3,0,-1,0,0
3903,resize,0,0,0,1,1,1,6,-3,-1,-2,-3,-1,1,-2,-1,-1,0,1,6,-3,-1,-2,-3,-1,1,-2,-1,-1
3904,resize,2,2,2,1,1,1,0,1,5,0,-3,-3,-3,1,-1,-3,2,1,0,1,5,0,-3,-3,-3,1,-1,-3
3905,resize,8,8,8,1,1,1,-2,-1,-1,-1,0,0,0,-1,4,-1,8,1,-2,-1,-1,-1,0,0,0,-1,4,-1
3906,resize,1,1,1,1,1,1,-3,3,2,2,-4,-1,-4,2,-2,-2,1,1,-3,3,2,2,-4,-1,-4,2,-2,-2
3907,resize,5,5,5,1,1,1,0,-1,-2,0,-3,5,0,-2,0,0,5,1,0,-1,-2,0,-3,5,0,-2,0,0
3908,resize,6,6,6,1,1,1,1,-2,-3,-3,-1,2,4,-4,1,-1,6,1,1,-2,-3,-3,-1,2,4,-4,1,-1
3909,resize,2,2,2,1,1,1,0,1,6,0,-4,-3,-3,1,-2,-4,2,1,0,1,6,0,-4,-3,-3,1,-2,-4
3910,resize,3,3,3,1,1,1,-3,-2,-2,7,-5,3,-4,-2,0,0,3,1,-3,-2,-2,7,-5,3,-4,-2,0,0
3911,resize,0,0,0,1,1,1,5,-3,-2,-1,-2,-2,1,-1,-1,0,0,1,5,-3,-2,-1,-2,-2,1,-1,-1,0
3912,resize,2,2,2,1,1,1,-1,0,4,0,-1,-2,-1,-1,-1,-4,2,1,-1,0,4,0,-1,-2,-1,-1,-1,-4
3913,resize,2,2,2,1,1,1,1,-1,3,0,-3,-1,-1,-2,0,-2,2,1,1,-1,3,0,-3,-1,-1,-2,0,-2
3914,resize,6,6,6,1,1,1,0,-1,-3,-2,0,1,5,-3,-1,-2,6,1,0,-1,-3,-2,0,1,5,-3,-1,-2
3915,resize,4,4,4,1,1,1,-2,-1,-2,-3,5,-2,-2,0,-2,0,4,1,-2,-1,-2,-3,5,-2,-2,0,-2,0
3916,resize,3,3,3,1,1,1,-3,0,0,4,-3,-1,-3,0,2,-1,3,1,-3,0,0,4,-3,-1,-3,0,2,-1
3917,resize,5,5,5,1,1,1,-3,-1,-2,1,-2,5,0,-2,1,2,5,1,-3,-1,-2,1,-2,5,0,-2,1,2
3918,resize,5,5,5,1,1,1,-1,-1,0,0,-2,3,0,-2,1,1,5,1,-1,-1,0,0,-2,3,0,-2,1,1
3919,resize,1,1,1,1,1,1,-4,4,-2,-3,0,0,-3,1,-2,0,1,1,-4,4,-2,-3,0,0,-3,1,-2,0
3920,resize,7,7,7,1,1,1,-3,0,-1,0,1,-2,-5,4,-1,0,7,1,-3,0,-1,0,1,-2,-5,4,-1,0
3921,resize,2,2,2,1,1,1,-1,0,5,1,-3,-3,-1,-1,0,-4,2,1,-1,0,5,1,-3,-3,-1,-1,0,-4
3922,resize,1,1,1,1,1,1,-2,4,-2,-3,-1,0,0,0,-1,-1,1,1,-2,4,-2,-3,-1,0,0,0,-1,-1
3923,resize,6,6,6,1,1,1,1,-1,-3,-2,-1,1,4,-2,0,-1,6,1,1,-1,-3,-2,-1,1,4,-2,0,-1
3924,resize,9,9,9,1,1,1,0,-2,-1,0,-1,-1,-3,-1,1,3,9,1,0,-2,-1,0,-1,-1,-3,-1,1,3
3925,resize,1,1,1,1,1,1,-2,4,-2,-4,-1,-1,-2,0,-1,-2,1,1,-2,4,-2,-4,-1,-1,-2,0,-1,-2
3926,resize,9,9,9,1,1,1,-2,-2,-3,2,-1,1,-3,-3,1,4,9,1,-2,-2,-3,2,-1,1,-3,-3,1,4
3927,resize,9,9,9,1,1,1,-1,-2,-3,0,0,-2,-4,0,0,3,9,1,-1,-2,-3,0,0,-2,-4,0,0,3
3928,resize,5,5,5,1,1,1,-2,-2,-3,0,-2,6,0,-2,1,0,5,1,-2,-2,-3,0,-2,6,0,-2,1,0
3929,resize,5,5,5,1,1,1,-2,-1,-2,0,-2,4,-1,-1,0,1,5,1,-2,-1,-2,0,-2,4,-1,-1,0,1
3930,resize,1,1,1,1,1,1,-3,4,-1,-3,0,-1,-2,0,-1,0,1,1,-3,4,-1,-3,0,-1,-2,0,-1,0
3931,resize,6,6,6,1,1,1,-1,-1,-2,-2,0,2,5,-3,0,-4,6,1,-1,-1,-2,-2,0,2,5,-3,0,-4
3932,resize,2,2,2,1,1,1,-1,0,6,1,-3,-3,-2,0,-1,-4,2,1,-1,0,6,1,-3,-3,-2,0,-1,-4
3933,resize,2,2,2,1,1,1,-2,1,7,1,-3,-4,-2,-1,-2,-6,2,1,-2,1,7,1,-3,-4,-2,-1,-2,-6
3934,resize,8,8,8,1,1,1,-2,-2,-2,0,-2,1,0,-3,5,0,8,1,-2,-2,-2,0,-2,1,0,-3,5,0
3935,resize,6,6,6,1,1,1,1,-1,-4,-2,0,1,4,-2,0,-1,6,1,1,-1,-4,-2,0,1,4,-2,0,-1
3936,resize,7,7,7,1,1,1,-3,1,1,0,0,-2,-4,4,-2,-1,7,1,-3,1,1,0,0,-2,-4,4,-2,-1
3937,resize,1,1,1,1,1,1,-3,4,-2,-2,0,0,-2,0,-1,0,1,1,-3,4,-2,-2,0,0,-2,0,-1,0
3938,resize,4,4,4,1,1,1,-4,0,-2,-3,4,-2,-3,-1,-2,0,4,1,-4,0,-2,-3,4,-2,-3,-1,-2,0
3939,resize,6,6,6,1,1,1,0,-1,-2,-2,0,-1,4,-2,0,0,6,1,0,-1,-2,-2,0,-1,4,-2,0,0
3940,resize,0,0,0,1,1,1,4,-3,-2,0,-2,1,2,-1,-1,0,0,1,4,-3,-2,0,-2,1,2,-1,-1,0
3941,resize,4,4,6,1,0,0,0,0,-1,-3,1,0,2,-3,-1,-2,6,1,0,0,-1,-3,1,0,2,-3,-1,-2
3942,resize,0,0,0,1,1,1,4,-2,-2,-2,-2,-1,1,-1,0,1,0,1,4,-2,-2,-2,-2,-1,1,-1,0,1
3943,resize,3,3,3,1,1,1,-3,1,-1,3,-2,2,-1,0,0,-1,3,1,-3,1,-1,3,-2,2,-1,0,0,-1
3944,resize,3,3,3,1,1,1,-3,-1,-2,6,-5,1,-4,-1,0,0,3,1,-3,-1,-2,6,-5,1,-4,-1,0,0
3945,resize,2,2,2,1,1,1,0,1,4,0,-1,-2,-2,0,-1,-3,2,1,0,1,4,0,-1,-2,-2,0,-1,-3
3946,resize,2,2,2,1,1,1,0,0,3,1,-2,-2,-2,0,0,-2,2,1,0,0,3,1,-2,-2,-2,0,0,-2
3947,resize,3,3,3,1,1,1,-4,-1,-1,6,-5,1,-3,-1,1,-1,3,1,-4,-1,-1,6,-5,1,-3,-1,1,-1
3948,resize,6,6,6,1,1,1,0,-1,-3,-2,0,0,5,-2,0,-2,6,1,0,-1,-3,-2,0,0,5,-2,0,-2
3949,resize,8,8,8,1,1,1,-1,-2,-1,0,-2,0,-1,-3,6,-1,8,1,-1,-2,-1,0,-2,0,-1,-3,6,-1
3950,resize,9,9,9,1,1,1,-1,-1,-2,-1,0,-1,-3,-1,-1,3,9,1,-1,-1,-2,-1,0,-1,-3,-1,-1,3
3951,resize,8,8,8,1,1,1,0,-1,0,0,-1,0,-1,-1,2,0,8,1,0,-1,0,0,-1,0,-1,-1,2,0
3952,resize,5,5,5,1,1,1,-3,-1,-2,2,-3,5,-1,-2,1,0,5,1,-3,-1,-2,2,-3,5,-1,-2,1,0
3953,resize,3,3,3,1,1,1,-2,-1,0,4,-3,1,-2,-1,0,-1,3,1,-2,-1,0,4,-3,1,-2,-1,0,-1
3954,resize,8,8,8,1,1,1,-1,-2,-1,0,-2,-1,-2,-2,4,1,8,1,-1,-2,-1,0,-2,-1,-2,-2,4,1
3955,resize,5,5,5,1,1,1,-1,-1,-1,-1,-2,5,0,-1,1,1,5,1,-1,-1,-1,-1,-2,5,0,-1,1,1
3956,resize,4,4,4,1,1,1,-4,-1,-1,-3,5,-3,-4,0,-2,-1,4,1,-4,-1,-1,-3,5,-3,-4,0,-2,-1
3957,resize,5,5,5,1,1,1,-2,-1,-2,1,-2,6,-1,-1,0,1,5,1,-2,-1,-2,1,-2,6,-1,-1,0,1
3958,resize,2,2,2,1,1,1,1,-1,4,0,-3,-3,-1,-1,1,-2,2,1,1,-1,4,0,-3,-3,-1,-1,1,-2
3959,resize,0,0,0,1,1,1,7,-3,0,-2,-3,-2,0,-1,-2,-1,0,1,7,-3,0,-2,-3,-2,0,-1,-2,-1
3960,resize,5,5,5,1,1,1,-2,-1,-2,0,-2,6,0,-3,1,1,5,1,-2,-1,-2,0,-2,6,0,-3,1,1
3961,resize,6,6,6,1,1,1,1,-2,-2,-3,-1,3,5,-4,1,-2,6,1,1,-2,-2,-3,-1,3,5,-4,1,-2
3962,resize,3,3,3,1,1,1,-2,1,2,3,-3,0,-1,0,-1,-3,3,1,-2,1,2,3,-3,0,-1,0,-1,-3
3963,resize,2,2,2,1,1,1,0,0,5,1,-4,-2,-1,-1,0,-4,2,1,0,0,5,1,-4,-2,-1,-1,0,-4
3964,resize,8,8,8,1,1,1,-2,-1,0,-1,-1,-1,-2,-2,4,1,8,1,-2,-1,0,-1,-1,-1,-2,-2,4,1
3965,resize,3,3,3,1,1,1,-5,0,-1,6,-4,2,-3,0,-1,-2,3,1,-5,0,-1,6,-4,2,-3,0,-1,-2
3966,resize,9,9,9,1,1,1,-2,-3,-2,-1,1,-1,-6,1,-1,6,9,1,-2,-3,-2,-1,1,-1,-6,1,-1,6
3967,resize,9,9,9,1,1,1,0,-1,-2,-1,1,-1,-2,0,-1,3,9,1,0,-1,-2,-1,1,-1,-2,0,-1,3
3968,resize,5,5,5,1,1,1,-3,1,-2,0,-1,3,-1,-1,1,0,5,1,-3,1,-2,0,-1,3,-1,-1,1,0
3969,resize,7,7,7,1,1,1,-1,1,1,0,-1,-1,-4,2,-1,-1,7,1,-1,1,1,0,-1,-1,-4,2,-1,-1
3970,resize,9,9,9,1,1,1,-2,-1,-3,-2,1,-2,-4,-1,0,3,9,1,-2,-1,-3,-2,1,-2,-4,-1,0,3
3971,resize,4,4,4,1,1,1,-2,-1,-2,-2,3,-2,-1,-1,0,-1,4,1,-2,-1,-2,-2,3,-2,-1,-1,0,-1
3972,resize,6,6,6,1,1,1,1,-1,-2,-2,-1,1,4,-3,-1,-2,6,1,1,-1,-2,-2,-1,1,4,-3,-1,-2
3973,resize,7,7,7,1,1,1,-2,0,1,0,-1,-1,-5,4,-1,-1,7,1,-2,0,1,0,-1,-1,-5,4,-1,-1
3974,resize,1,1,1,1,1,1,-2,3,-1,-2,0,-1,-1,1,-2,-1,1,1,-2,3,-1,-2,0,-1,-1,1,-2,-1
3975,resize,3,3,3,1,1,1,-3,-1,0,6,-4,1,-3,-1,0,-2,3,1,-3,-1,0,6,-4,1,-3,-1,0,-2
3976,resize,7,7,1,1,0,0,-2,1,0,0,-1,-1,-2,1,0,-1,1,1,-2,1,0,0,-1,-1,-2,1,0,-1
3977,resize,3,3,3,1,1,1,-2,0,1,3,-2,0,-2,0,0,-3,3,1,-2,0,1,3,-2,0,-2,0,0,-3
3978,resize,6,6,6,1,1,1,2,-1,-4,-2,-1,1,5,-4,0,-2,6,1,2,-1,-4,-2,-1,1,5,-4,0,-2
3979,resize,6,6,6,1,1,1,-1,-1,-3,-2,-1,2,4,-2,2,-2,6,1,-1,-1,-3,-2,-1,2,4,-2,2,-2
3980,resize,0,0,0,1,1,1,5,-3,-1,0,-2,0,0,-1,-2,0,0,1,5,-3,-1,0,-2,0,0,-1,-2,0
3981,resize,9,9,9,1,1,1,0,-2,-1,0,-1,-2,-3,0,0,3,9,1,0,-2,-1,0,-1,-2,-3,0,0,3
3982,resize,0,0,0,1,1,1,5,-2,-2,-1,-3,1,1,-2,-1,0,0,1,5,-2,-2,-1,-3,1,1,-2,-1,0
3983,resize,1,1,1,1,1,1,-2,3,-1,-2,-1,-1,0,-1,0,-1,1,1,-2,3,-1,-2,-1,-1,0,-1,0,-1
3984,resize,9,9,9,1,1,1,-2,-1,-2,-2,1,-1,-3,-1,0,3,9,1,-2,-1,-2,-2,1,-1,-3,-1,0,3
3985,resize,9,4,4,0,0,1,-3,-1,-3,-3,3,-2,-3,0,-1,3,4,1,-3,-1,-3,-3,3,-2,-3,0,-1,3
3986,resize,2,2,2,1,1,1,0,1,7,-1,-3,-4,-2,0,-2,-5,2,1,0,1,7,-1,-3,-4,-2,0,-2,-5
3987,resize,8,8,8,1,1,1,-1,-1,-2,0,-1,1,0,-2,4,-1,8,1,-1,-1,-2,0,-1,1,0,-2,4,-1
3988,resize,8,8,8,1,1,1,-1,-2,-2,0,-1,0,0,-2,3,1,8,1,-1,-2,-2,0,-1,0,0,-2,3,1
3989,resize,0,0,0,1,1,1,4,-2,-1,-1,-2,-1,1,-1,0,-1,0,1,4,-2,-1,-1,-2,-1,1,-1,0,-1
3990,resize,1,1,1,1,1,1,-1,3,-1,-2,-1,-1,-1,0,0,-1,1,1,-1,3,-1,-2,-1,-1,-1,0,0,-1
3991,resize,6,6,6,1,1,1,1,-1,-3,-2,-1,1,4,-2,0,-1,6,1,1,-1,-3,-2,-1,1,4,-2,0,-1
3992,resize,9,9,9,1,1,1,-2,-1,-1,0,0,-2,-4,0,0,4,9,1,-2,-1,-1,0,0,-2,-4,0,0,4
3993,resize,7,7,7,1,1,1,-1,0,1,0,-1,-1,-4,3,-1,-1,7,1,-1,0,1,0,-1,-1,-4,3,-1,-1
3994,resize,5,5,5,1,1,1,1,-1,-2,-1,-3,4,1,-2,1,-1,5,1,1,-1,-2,-1,-3,4,1,-2,1,-1
3995,resize,3,3,3,1,1,1,-2,-1,-3,4,-3,3,-2,-2,0,1,3,1,-2,-1,-3,4,-3,3,-2,-2,0,1
3996,resize,4,4,4,1,1,1,-4,-1,0,-2,4,-1,-4,1,-4,0,4,1,-4,-1,0,-2,4,-1,-4,1,-4,0
3997,resize,7,7,7,1,1,1,-2,-1,-1,0,0,0,-3,3,-1,0,7,1,-2,-1,-1,0,0,0,-3,3,-1,0
3998,resize,4,4,4,1,1,1,-2,0,-1,-3,4,-1,-1,-1,-3,-1,4,1,-2,0,-1,-3,4,-1,-1,-1,-3,-1
3999,resize,9,9,9,1,1,1,-2,-2,-2,0,-1,-1,-5,0,-1,4,9,1,-2,-2,-2,0,-1,-1,-5,0,-1,4
4000,resize,9,9,9,1,1,1,-3,-2,-1,-1,1,-1,-5,0,0,4,9,1,-3,-2,-1,-1,1,-1,-5,0,0,4
4001,resize,4,4,4,1,1,1,-2,-1,-2,-2,3,-2,-2,0,-1,0,4,1,-2,-1,-2,-2,3,-2,-2,0,-1,0
4002,resize,3,3,3,1,1,1,-4,-1,-2,6,-4,2,-3,-1,0,-1,3,1,-4,-1,-2,6,-4,2,-3,-1,0,-1
4003,resize,6,6,6,1,1,1,0,-2,-2,-4,-2,2,6,-5,1,-3,6,1,0,-2,-2,-4,-2,2,6,-5,1,-3
4004,resize,3,3,3,1,1,1,-3,0,0,5,-3,1,-2,-1,0,-2,3,1,-3,0,0,5,-3,1,-2,-1,0,-2
4005,resize,1,1,1,1,1,1,-3,4,-1,-2,0,-1,-2,1,-2,-1,1,1,-3,4,-1,-2,0,-1,-2,1,-2,-1
4006,resize,1,1,1,1,1,1,-4,4,-1,-3,-1,-1,-3,1,-1,-1,1,1,-4,4,-1,-3,-1,-1,-3,1,-1,-1
4007,resize,7,7,7,1,1,1,0,0,0,0,0,0,-2,2,0,-1,7,1,0,0,0,0,0,0,-2,2,0,-1
4008,resize,6,6,6,1,1,1,0,-1,-3,-3,-1,1,7,-4,0,-4,6,1,0,-1,-3,-3,-1,1,7,-4,0,-4
4009,resize,9,9,9,1,1,1,-2,-1,-2,-1,1,-2,-4,0,-1,4,9,1,-2,-1,-2,-1,1,-2,-4,0,-1,4
4010,resize,1,1,1,1,1,1,-3,4,-1,-3,0,-1,-2,1,-2,-1,1,1,-3,4,-1,-3,0,-1,-2,1,-2,-1
4011,resize,8,8,8,1,1,1,-2,-2,-1,-1,-1,0,0,-2,5,-1,8,1,-2,-2,-1,-1,-1,0,0,-2,5,-1
4012,resize,4,4,4,1,1,1,-4,-1,-1,-3,5,-2,-4,-1,-2,1,4,1,-4,-1,-1,-3,5,-2,-4,-1,-2,1
4013,resize,1,1,1,1,1,1,-3,4,0,-1,-1,-1,-3,0,-3,-1,1,1,-3,4,0,-1,-1,-1,-3,0,-3,-1
4014,resize,1,1,1,1,1,1,-3,4,-1,-2,0,0,-2,0,-1,0,1,1,-3,4,-1,-2,0,0,-2,0,-1,0
4015,resize,9,9,9,1,1,1,-1,-3,-3,1,-1,1,-2,-2,0,4,9,1,-1,-3,-3,1,-1,1,-2,-2,0,4
4016,resize,9,9,9,1,1,1,-1,-2,-2,0,0,-1,-4,-1,-1,3,9,1,-1,-2,-2,0,0,-1,-4,-1,-1,3
4017,resize,4,4,4,1,1,1,-3,-1,-2,-2,3,-2,-3,0,0,0,4,1,-3,-1,-2,-2,3,-2,-3,0,0,0
4018,resize,3,3,3,1,1,1,-3,1,0,2,-3,1,-1,0,0,-2,3,1,-3,1,0,2,-3,1,-1,0,0,-2
4019,resize,6,6,6,1,1,1,1,-1,-3,-2,-1,1,4,-3,0,-2,6,1,1,-1,-3,-2,-1,1,4,-3,0,-2
4020,resize,8,8,8,1,1,1,-1,-2,-2,0,-2,0,-1,-3,5,0,8,1,-1,-2,-2,0,-2,0,-1,-3,5,0
4021,resize,1,1,1,1,1,1,-3,4,-1,-3,-1,-1,-2,1,-2,-2,1,1,-3,4,-1,-3,-1,-1,-2,1,-2,-2
4022,resize,6,6,6,1,1,1,-1,-1,-3,-2,-1,2,4,-3,2,-1,6,1,-1,-1,-3,-2,-1,2,4,-3,2,-1
4023,resize,0,0,0,1,1,1,5,-2,0,-1,-3,0,1,-2,0,-1,0,1,5,-2,0,-1,-3,0,1,-2,0,-1
4024,resize,4,4,4,1,1,1,-4,-1,-2,-3,5,-3,-4,0,-3,0,4,1,-4,-1,-2,-3,5,-3,-4,0,-3,0
4025,resize,1,1,1,1,1,1,-3,4,-1,-3,0,-2,-2,0,-1,0,1,1,-3,4,-1,-3,0,-2,-2,0,-1,0
4026,resize,3,3,3,1,1,1,-4,-1,-1,6,-4,1,-3,-1,1,-1,3,1,-4,-1,-1,6,-4,1,-3,-1,1,-1
4027,resize,7,7,7,1,1,1,-2,1,-1,-1,0,-1,-3,2,-2,0,7,1,-2,1,-1,-1,0,-1,-3,2,-2,0
4028,resize,7,7,7,1,1,1,-2,0,0,0,-1,-2,-5,4,-1,-1,7,1,-2,0,0,0,-1,-2,-5,4,-1,-1
4029,resize,4,4,4,1,1,1,-4,0,-2,-3,3,-2,-3,0,-1,1,4,1,-4,0,-2,-3,3,-2,-3,0,-1,1
4030,resize,9,9,9,1,1,1,-2,-1,-2,-2,1,-1,-3,-1,0,4,9,1,-2,-1,-2,-2,1,-1,-3,-1,0,4
4031,resize,5,5,5,1,1,1,-2,-1,-2,1,-1,4,0,-1,1,0,5,1,-2,-1,-2,1,-1,4,0,-1,1,0
4032,resize,1,1,1,1,1,1,-2,4,-1,-3,-2,0,-1,0,0,-2,1,1,-2,4,-1,-3,-2,0,-1,0,0,-2
4033,resize,0,0,0,1,1,1,6,-3,-1,-1,-2,-1,1,-2,-2,0,0,1,6,-3,-1,-1,-2,-1,1,-2,-2,0
4034,resize,0,0,0,1,1,1,6,-2,1,-2,-3,-2,0,-2,-2,-2,0,1,6,-2,1,-2,-3,-2,0,-2,-2,-2
4035,resize,1,1,1,1,1,1,-2,3,-1,-2,0,-1,-2,1,-1,-1,1,1,-2,3,-1,-2,0,-1,-2,1,-1,-1
4036,resize,1,1,1,1,1,1,-3,4,-1,-3,-1,-2,-3,2,-3,-1,1,1,-3,4,-1,-3,-1,-2,-3,2,-3,-1
4037,resize,6,6,6,1,1,1,0,-2,-3,-3,-2,2,3,-3,2,-1,6,1,0,-2,-3,-3,-2,2,3,-3,2,-1
4038,resize,2,2,2,1,1,1,0,1,5,0,-4,-3,-3,1,-1,-5,2,1,0,1,5,0,-4,-3,-3,1,-1,-5
4039,resize,1,1,1,1,1,1,-2,4,0,-3,-2,-1,-2,0,-1,-2,1,1,-2,4,0,-3,-2,-1,-2,0,-1,-2
4040,resize,9,9,9,1,1,1,-1,-2,-2,0,0,0,-5,0,-2,4,9,1,-1,-2,-2,0,0,0,-5,0,-2,4
4041,resize,8,8,8,1,1,1,-2,-2,-2,1,-2,0,-1,-3,5,0,8,1,-2,-2,-2,1,-2,0,-1,-3,5,0
4042,resize,4,4,4,1,1,1,-3,0,0,-3,4,-2,-4,1,-4,0,4,1,-3,0,0,-3,4,-2,-4,1,-4,0
4043,resize,0,0,0,1,1,1,4,-2,-1,-1,-2,1,1,-1,-1,-1,0,1,4,-2,-1,-1,-2,1,1,-1,-1,-1
4044,resize,3,3,3,1,1,1,-3,0,-2,4,-3,3,-3,-1,-2,0,3,1,-3,0,-2,4,-3,3,-3,-1,-2,0
4045,resize,6,6,6,1,1,1,0,-2,-3,-2,-1,2,6,-4,0,-3,6,1,0,-2,-3,-2,-1,2,6,-4,0,-3
4046,resize,4,4,4,1,1,1,-2,-1,-1,-3,5,-2,-3,-1,-3,0,4,1,-2,-1,-1,-3,5,-2,-3,-1,-3,0
4047,resize,9,9,9,1,1,1,-1,-1,-1,-1,0,0,-3,0,-1,3,9,1,-1,-1,-1,-1,0,0,-3,0,-1,3
4048,resize,0,0,0,1,1,1,3,-2,0,0,-2,-2,-1,-1,-1,1,0,1,3,-2,0,0,-2,-2,-1,-1,-1,1
4049,resize,7,7,7,1,1,1,-3,0,0,0,-1,-1,-5,4,-1,-1,7,1,-3,0,0,0,-1,-1,-5,4,-1,-1
4050,resize,1,1,1,1,1,1,-2,3,-1,-2,0,-1,-2,1,-2,0,1,1,-2,3,-1,-2,0,-1,-2,1,-2,0
4051,resize,6,6,6,1,1,1,-1,-1,-4,-3,0,1,5,-3,0,-2,6,1,-1,-1,-4,-3,0,1,5,-3,0,-2
4052,resize,5,5,5,1,1,1,-3,0,-2,1,-1,4,-1,-1,0,-1,5,1,-3,0,-2,1,-1,4,-1,-1,0,-1
4053,resize,7,7,7,1,1,1,-1,0,-1,-1,0,-1,-2,1,-1,1,7,1,-1,0,-1,-1,0,-1,-2,1,-1,1
4054,resize,5,5,5,1,1,1,-2,-2,-3,1,-3,6,0,-2,1,1,5,1,-2,-2,-3,1,-3,6,0,-2,1,1
4055,resize,2,2,2,1,1,1,0,0,6,1,-4,-4,-2,1,-1,-5,2,1,0,0,6,1,-4,-4,-2,1,-1,-5
4056,resize,5,5,5,1,1,1,-2,0,-2,-1,-1,4,-1,-1,0,1,5,1,-2,0,-2,-1,-1,4,-1,-1,0,1
4057,resize,1,1,1,1,1,1,-3,4,-1,-3,0,-1,-2,1,-2,-1,1,1,-3,4,-1,-3,0,-1,-2,1,-2,-1
4058,resize,8,8,8,1,1,1,-1,-2,-1,1,-3,0,-1,-3,5,-1,8,1,-1,-2,-1,1,-3,0,-1,-3,5,-1
4059,resize,5,5,5,1,1,1,-1,-1,-1,-1,-2,4,1,-2,1,0,5,1,-1,-1,-1,-1,-2,4,1,-2,1,0
4060,resize,4,4,4,1,1,1,-2,-1,0,-2,4,-1,-3,0,-3,0,4,1,-2,-1,0,-2,4,-1,-3,0,-3,0
4061,resize,7,7,7,1,1,1,-3,0,-1,0,0,-2,-5,3,-2,1,7,1,-3,0,-1,0,0,-2,-5,3,-2,1
4062,resize,0,0,0,1,1,1,5,-2,-1,-1,-3,-1,0,0,0,-1,0,1,5,-2,-1,-1,-3,-1,0,0,0,-1
4063,resize,6,6,5,1,0,0,1,-2,-3,-2,-2,3,3,-3,1,-1,5,1,1,-2,-3,-2,-2,3,3,-3,1,-1
4064,resize,7,7,7,1,1,1,-3,0,-1,1,0,-1,-6,4,-1,-1,7,1,-3,0,-1,1,0,-1,-6,4,-1,-1
4065,resize,0,0,0,1,1,1,2,0,1,0,-2,0,1,-1,0,-1,0,1,2,0,1,0,-2,0,1,-1,0,-1
4066,resize,2,2,2,1,1,1,-2,1,6,1,-3,-4,-2,1,-1,-5,2,1,-2,1,6,1,-3,-4,-2,1,-1,-5
4067,resize,5,5,5,1,1,1,-2,-1,-2,2,-2,4,-2,-1,0,1,5,1,-2,-1,-2,2,-2,4,-2,-1,0,1
4068,resize,8,8,8,1,1,1,-2,-1,-2,0,-1,0,-1,-3,4,0,8,1,-2,-1,-2,0,-1,0,-1,-3,4,0
4069,resize,1,1,1,1,1,1,-3,4,-1,-2,0,-1,-2,1,-1,-1,1,1,-3,4,-1,-2,0,-1,-2,1,-1,-1
4070,resize,0,0,0,1,1,1,5,-2,0,-1,-3,0,0,-1,-1,0,0,1,5,-2,0,-1,-3,0,0,-1,-1,0
4071,resize,4,4,4,1,1,1,-1,-1,-3,-2,3,-2,-1,0,-1,2,4,1,-1,-1,-3,-2,3,-2,-1,0,-1,2
4072,resize,5,5,5,1,1,1,-2,-1,-2,1,-2,4,-1,-1,0,1,5,1,-2,-1,-2,1,-2,4,-1,-1,0,1
4073,resize,7,7,7,1,1,1,-3,0,0,0,0,-1,-6,5,-2,-1,7,1,-3,0,0,0,0,-1,-6,5,-2,-1
4074,resize,1,1,1,1,1,1,-3,3,-1,-2,0,0,-3,1,-1,0,1,1,-3,3,-1,-2,0,0,-3,1,-1,0
4075,resize,8,8,8,1,1,1,-1,-1,-1,0,-1,2,1,-2,3,-1,8,1,-1,-1,-1,0,-1,2,1,-2,3,-1
4076,resize,5,5,5,1,1,1,-2,-1,-1,-1,-2,4,-1,-1,0,2,5,1,-2,-1,-1,-1,-2,4,-1,-1,0,2
4077,resize,1,1,1,1,1,1,-4,4,-2,-3,0,-1,-2,0,-2,0,1,1,-4,4,-2,-3,0,-1,-2,0,-2,0
4078,resize,9,8,3,0,0,0,0,-2,0,1,-2,0,-2,0,1,1,3,1,0,-2,0,1,-2,0,-2,0,1,1
4079,resize,0,0,0,1,1,1,4,-3,-1,-1,-2,0,1,-1,0,0,0,1,4,-3,-1,-1,-2,0,1,-1,0,0
4080,resize,0,0,0,1,1,1,5,-1,-1,-1,-3,0,0,-1,0,-1,0,1,5,-1,-1,-1,-3,0,0,-1,0,-1
4081,resize,6,6,6,1,1,1,1,-2,-1,-3,-2,2,4,-4,2,-2,6,1,1,-2,-1,-3,-2,2,4,-4,2,-2
4082,resize,0,0,0,1,1,1,3,-2,-1,-1,-2,1,2,-2,1,-1,0,1,3,-2,-1,-1,-2,1,2,-2,1,-1
4083,resize,7,7,7,1,1,1,-3,0,-1,0,-1,-2,-6,5,-2,-1,7,1,-3,0,-1,0,-1,-2,-6,5,-2,-1
4084,resize,3,3,3,1,1,1,-1,-1,0,3,-3,-1,-3,0,1,-1,3,1,-1,-1,0,3,-3,-1,-3,0,1,-1
4085,resize,1,1,1,1,1,1,-3,4,-1,-3,0,-2,-2,1,-2,-1,1,1,-3,4,-1,-3,0,-2,-2,1,-2,-1
4086,resize,8,8,8,1,1,1,-2,-1,-1,-1,0,0,1,-1,3,0,8,1,-2,-1,-1,-1,0,0,1,-1,3,0
4087,resize,3,3,3,1,1,1,-3,0,1,3,-3,0,-2,0,0,-2,3,1,-3,0,1,3,-3,0,-2,0,0,-2
4088,resize,9,9,9,1,1,1,-1,-2,-2,-1,0,-1,-3,-1,-1,4,9,1,-1,-2,-2,-1,0,-1,-3,-1,-1,4
4089,resize,7,7,7,1,1,1,-2,0,1,1,-1,-1,-4,3,-1,-1,7,1,-2,0,1,1,-1,-1,-4,3,-1,-1
4090,resize,0,0,0,1,1,1,4,-1,0,-1,-3,0,0,-1,-1,-1,0,1,4,-1,0,-1,-3,0,0,-1,-1,-1
4091,resize,0,0,0,1,1,1,4,-2,-1,0,-2,-1,0,-1,0,0,0,1,4,-2,-1,0,-2,-1,0,-1,0,0
4092,resize,8,8,8,1,1,1,-1,-2,-2,-1,-2,2,1,-3,5,-1,8,1,-1,-2,-2,-1,-2,2,1,-3,5,-1
4093,resize,9,9,9,1,1,1,0,-1,-1,0,0,0,-2,0,-1,2,9,1,0,-1,-1,0,0,0,-2,0,-1,2
4094,resize,5,5,5,1,1,1,-1,-1,-1,1,-1,4,0,-2,1,1,5,1,-1,-1,-1,1,-1,4,0,-2,1,1
4095,resize,9,9,9,1,1,1,-2,-2,-2,-1,0,-1,-4,-1,-1,4,9,1,-2,-2,-2,-1,0,-1,-4,-1,-1,4
4096,resize,8,8,8,1,1,1,-2,-1,-1,0,-2,0,-1,-3,4,0,8,1,-2,-1,-1,0,-2,0,-1,-3,4,0
4097,resize,3,3,3,1,1,1,-4,0,-1,5,-4,2,-3,-1,0,0,3,1,-4,0,-1,5,-4,2,-3,-1,0,0
4098,resize,2,2,2,1,1,1,-1,0,4,1,-3,-2,-2,0,1,-2,2,1,-1,0,4,1,-3,-2,-2,0,1,-2
4099,resize,7,7,7,1,1,1,-2,-2,0,1,-1,-1,-5,3,0,1,7,1,-2,-2,0,1,-1,-1,-5,3,0,1
4100,resize,2,2,2,1,1,1,-3,2,6,2,-4,-3,-3,1,-1,-5,2,1,-3,2,6,2,-4,-3,-3,1,-1,-5
4101,resize,9,9,9,1,1,1,-2,-2,-3,-1,0,-1,-4,-1,0,5,9,1,-2,-2,-3,-1,0,-1,-4,-1,0,5
4102,resize,7,7,7,1,1,1,-1,-1,-1,1,0,0,-4,3,-2,1,7,1,-1,-1,-1,1,0,0,-4,3,-2,1
4103,resize,2,2,2,1,1,1,-2,1,5,1,-2,-3,-2,0,-1,-4,2,1,-2,1,5,1,-2,-3,-2,0,-1,-4
4104,resize,1,1,1,1,1,1,-2,4,0,-3,-1,-1,-2,0,-1,-2,1,1,-2,4,0,-3,-1,-1,-2,0,-1,-2
4105,resize,1,1,1,1,1,1,-2,4,-1,-3,-2,-1,-2,0,-1,-2,1,1,-2,4,-1,-3,-2,-1,-2,0,-1,-2
4106,resize,3,3,3,1,1,1,-3,0,-1,6,-5,1,-3,-1,0,-2,3,1,-3,0,-1,6,-5,1,-3,-1,0,-2
4107,resize,7,7,7,1,1,1,-2,1,2,0,-1,-2,-3,3,-2,-2,7,1,-2,1,2,0,-1,-2,-3,3,-2,-2
4108,resize,5,5,5,1,1,1,-1,-1,-2,0,-2,5,0,-1,0,1,5,1,-1,-1,-2,0,-2,5,0,-1,0,1
4109,resize,3,3,3,1,1,1,-3,0,-1,5,-3,3,-2,-1,-1,-1,3,1,-3,0,-1,5,-3,3,-2,-1,-1,-1
4110,resize,1,1,1,1,1,1,-2,3,-1,-2,-1,-1,-2,0,-1,-1,1,1,-2,3,-1,-2,-1,-1,-2,0,-1,-1
4111,resize,9,9,9,1,1,1,-1,-2,-1,-1,1,-2,-2,0,-1,4,9,1,-1,-2,-1,-1,1,-2,-2,0,-1,4
4112,resize,8,8,8,1,1,1,0,-2,0,0,-2,-1,-2,-1,3,-1,8,1,0,-2,0,0,-2,-1,-2,-1,3,-1
4113,resize,2,2,2,1,1,1,-2,0,5,1,-2,-3,-2,0,-1,-4,2,1,-2,0,5,1,-2,-3,-2,0,-1,-4
4114,resize,2,2,2,1,1,1,-1,1,3,0,-2,-2,-1,1,-2,-3,2,1,-1,1,3,0,-2,-2,-1,1,-2,-3
4115,resize,2,2,2,1,1,1,-2,0,6,1,-4,-3,-2,0,0,-6,2,1,-2,0,6,1,-4,-3,-2,0,0,-6
4116,resize,8,8,8,1,1,1,-2,-1,-2,-1,0,0,0,-3,5,-1,8,1,-2,-1,-2,-1,0,0,0,-3,5,-1
4117,resize,8,8,8,1,1,1,-1,-2,1,0,-2,-1,-1,-2,4,0,8,1,-1,-2,1,0,-2,-1,-1,-2,4,0
4118,resize,5,5,5,1,1,1,-1,-1,-1,0,-2,4,0,-1,0,0,5,1,-1,-1,-1,0,-2,4,0,-1,0,0
4119,resize,7,7,7,1,1,1,-3,1,0,0,0,-2,-4,4,-2,-1,7,1,-3,1,0,0,0,-2,-4,4,-2,-1
4120,resize,3,3,3,1,1,1,-3,0,-1,4,-3,2,-2,0,-1,0,3,1,-3,0,-1,4,-3,2,-2,0,-1,0
4121,resize,8,8,8,1,1,1,0,-1,-1,0,-3,0,-1,-2,4,-1,8,1,0,-1,-1,0,-3,0,-1,-2,4,-1
4122,resize,9,9,9,1,1,1,-2,-3,-2,-1,0,-1,-5,1,-1,5,9,1,-2,-3,-2,-1,0,-1,-5,1,-1,5
4123,resize,8,8,8,1,1,1,-1,-1,0,0,-2,0,0,-3,4,-2,8,1,-1,-1,0,0,-2,0,0,-3,4,-2
4124,resize,8,8,8,1,1,1,-1,-2,-2,0,-1,1,-1,-2,3,1,8,1,-1,-2,-2,0,-1,1,-1,-2,3,1
4125,resize,6,6,6,1,1,1,0,-1,-4,-2,1,1,5,-3,-1,-1,6,1,0,-1,-4,-2,1,1,5,-3,-1,-1
4126,resize,8,8,8,1,1,1,-1,-1,-1,0,-1,-1,-1,-1,2,1,8,1,-1,-1,-1,0,-1,-1,-1,-1,2,1
4127,resize,2,2,2,1,1,1,0,1,5,0,-2,-3,-2,0,-1,-3,2,1,0,1,5,0,-2,-3,-2,0,-1,-3
4128,resize,3,3,3,1,1,1,-2,-1,-2,4,-3,2,-2,-1,0,0,3,1,-2,-1,-2,4,-3,2,-2,-1,0,0
4129,resize,9,9,9,1,1,1,-1,-2,-1,0,0,-1,-3,0,0,3,9,1,-1,-2,-1,0,0,-1,-3,0,0,3
4130,resize,7,7,7,1,1,1,-1,0,0,0,-1,-1,-4,4,-1,-1,7,1,-1,0,0,0,-1,-1,-4,4,-1,-1
4131,resize,5,5,5,1,1,1,-2,-1,-2,0,-2,5,-1,-1,0,1,5,1,-2,-1,-2,0,-2,5,-1,-1,0,1
4132,resize,6,6,6,1,1,1,0,-1,-3,-2,0,1,4,-3,0,-1,6,1,0,-1,-3,-2,0,1,4,-3,0,-1
4133,resize,2,2,2,1,1,1,-1,1,6,1,-3,-4,-2,0,-1,-4,2,1,-1,1,6,1,-3,-4,-2,0,-1,-4
4134,resize,9,9,9,1,1,1,0,-1,-2,0,0,-1,-2,0,-1,3,9,1,0,-1,-2,0,0,-1,-2,0,-1,3
4135,resize,2,2,2,1,1,1,-1,0,4,1,-2,-2,-1,0,0,-4,2,1,-1,0,4,1,-2,-2,-1,0,0,-4
4136,resize,8,8,8,1,1,1,-1,-2,-1,1,-3,-1,-2,-3,6,0,8,1,-1,-2,-1,1,-3,-1,-2,-3,6,0
4137,resize,8,8,8,1,1,1,-3,-1,-3,-2,1,1,1,-2,4,-1,8,1,-3,-1,-3,-2,1,1,1,-2,4,-1
4138,resize,1,1,1,1,1,1,-2,4,-1,-3,-1,-1,-2,1,-1,-2,1,1,-2,4,-1,-3,-1,-1,-2,1,-1,-2
4139,resize,6,6,6,1,1,1,-1,-1,-2,-3,0,0,5,-3,0,-3,6,1,-1,-1,-2,-3,0,0,5,-3,0,-3
4140,resize,8,8,8,1,1,1,-1,-1,0,0,-1,-1,-1,-1,3,0,8,1,-1,-1,0,0,-1,-1,-1,-1,3,0
4141,resize,8,8,8,1,1,1,-2,-1,-2,0,-1,0,-1,-3,4,2,8,1,-2,-1,-2,0,-1,0,-1,-3,4,2
4142,resize,7,7,7,1,1,1,-2,0,0,0,-1,-1,-4,3,0,0,7,1,-2,0,0,0,-1,-1,-4,3,0,0
4143,resize,9,9,9,1,1,1,-1,-1,-3,-1,0,-1,-4,-1,-1,4,9,1,-1,-1,-3,-1,0,-1,-4,-1,-1,4
4144,resize,1,1,1,1,1,1,-3,3,0,-2,0,-1,-3,1,-1,-1,1,1,-3,3,0,-2,0,-1,-3,1,-1,-1
4145,resize,8,8,8,1,1,1,0,-2,-2,-1,-3,1,0,-3,5,-1,8,1,0,-2,-2,-1,-3,1,0,-3,5,-1
4146,resize,0,0,0,1,1,1,4,-2,-3,-2,-2,1,1,0,0,-1,0,1,4,-2,-3,-2,-2,1,1,0,0,-1
4147,resize,1,1,1,1,1,1,-2,3,0,-3,-1,-1,-1,0,-1,-1,1,1,-2,3,0,-3,-1,-1,-1,0,-1,-1
4148,resize,7,7,7,1,1,1,-2,0,2,0,0,-2,-3,3,-2,-2,7,1,-2,0,2,0,0,-2,-3,3,-2,-2
4149,resize,2,2,2,1,1,1,0,0,4,1,-2,-2,-2,0,-1,-3,2,1,0,0,4,1,-2,-2,-2,0,-1,-3
4150,resize,0,0,0,1,1,1,5,-2,-1,-1,-2,0,1,-2,-2,-1,0,1,5,-2,-1,-1,-2,0,1,-2,-2,-1
4151,resize,7,7,7,1,1,1,-1,-1,-1,-1,-1,0,-5,5,-2,1,7,1,-1,-1,-1,-1,-1,0,-5,5,-2,1
4152,resize,5,5,5,1,1,1,-2,0,-3,-2,-1,4,0,-1,0,0,5,1,-2,0,-3,-2,-1,4,0,-1,0,0
4153,resize,1,1,1,1,1,1,-3,4,-1,-3,0,-1,-2,0,-1,0,1,1,-3,4,-1,-3,0,-1,-2,0,-1,0
4154,resize,9,9,9,1,1,1,-1,-1,-1,-1,1,-2,-4,1,-1,3,9,1,-1,-1,-1,-1,1,-2,-4,1,-1,3
4155,resize,0,0,0,1,1,1,6,-3,0,-1,-4,-1,0,-2,-1,0,0,1,6,-3,0,-1,-4,-1,0,-2,-1,0
4156,resize,2,2,2,1,1,1,-1,0,2,2,-3,-2,-3,1,1,-2,2,1,-1,0,2,2,-3,-2,-3,1,1,-2
4157,resize,0,0,0,1,1,1,4,-2,-1,-1,-1,0,1,-1,-1,-1,0,1,4,-2,-1,-1,-1,0,1,-1,-1,-1
4158,resize,9,9,9,1,1,1,-1,-3,-2,0,0,0,-3,0,0,4,9,1,-1,-3,-2,0,0,0,-3,0,0,4
4159,resize,8,8,8,1,1,1,-1,-1,-1,1,-1,-1,-1,-2,3,-1,8,1,-1,-1,-1,1,-1,-1,-1,-2,3,-1
4160,resize,6,6,6,1,1,1,1,-2,-2,-2,-1,2,5,-4,1,-3,6,1,1,-2,-2,-2,-1,2,5,-4,1,-3
4161,resize,2,2,2,1,1,1,-1,0,4,0,-2,-2,-1,0,-1,-4,2,1,-1,0,4,0,-2,-2,-1,0,-1,-4
4162,resize,3,3,3,1,1,1,-4,0,0,6,-5,1,-3,0,0,-2,3,1,-4,0,0,6,-5,1,-3,0,0,-2
4163,resize,9,9,7,1,0,0,0,-1,0,0,-1,0,-2,1,0,1,7,1,0,-1,0,0,-1,0,-2,1,0,1
4164,resize,3,3,3,1,1,1,-4,0,0,5,-3,1,-2,0,0,-2,3,1,-4,0,0,5,-3,1,-2,0,0,-2
4165,resize,8,8,8,1,1,1,-2,0,0,-1,-1,0,0,-2,3,-1,8,1,-2,0,0,-1,-1,0,0,-2,3,-1
4166,resize,0,0,0,1,1,1,6,-3,-2,-2,-4,0,0,-1,0,-1,0,1,6,-3,-2,-2,-4,0,0,-1,0,-1
4167,resize,2,2,2,1,1,1,0,-1,3,1,-4,-2,-1,0,1,-3,2,1,0,-1,3,1,-4,-2,-1,0,1,-3
4168,resize,1,1,1,1,1,1,-2,2,-2,-3,1,1,-1,-1,0,1,1,1,-2,2,-2,-3,1,1,-1,-1,0,1
4169,resize,1,1,1,1,1,1,-3,4,-1,-3,-1,-2,-2,0,-2,-1,1,1,-3,4,-1,-3,-1,-2,-2,0,-2,-1
4170,resize,1,1,1,1,1,1,-3,4,-1,-3,0,-1,-2,-1,-1,-1,1,1,-3,4,-1,-3,0,-1,-2,-1,-1,-1
4171,resize,1,1,1,1,1,1,-2,3,0,-2,-1,-2,-2,0,-1,-1,1,1,-2,3,0,-2,-1,-2,-2,0,-1,-1
4172,resize,4,4,4,1,1,1,-5,-1,-2,-4,5,-2,-4,-1,-2,0,4,1,-5,-1,-2,-4,5,-2,-4,-1,-2,0
4173,resize,2,2,2,1,1,1,-2,1,5,0,-2,-3,-2,0,-1,-4,2,1,-2,1,5,0,-2,-3,-2,0,-1,-4
4174,resize,9,9,9,1,1,1,-3,-1,-4,-3,1,-2,-5,-2,-1,5,9,1,-3,-1,-4,-3,1,-2,-5,-2,-1,5
4175,resize,7,7,7,1,1,1,-2,0,0,0,0,-1,-4,3,-1,-1,7,1,-2,0,0,0,0,-1,-4,3,-1,-1
4176,resize,2,7,7,0,0,1,-2,1,1,-1,0,-1,-1,2,0,-2,7,1,-2,1,1,-1,0,-1,-1,2,0,-2
4177,resize,5,5,5,1,1,1,-1,-1,-1,-1,-2,4,1,-2,1,0,5,1,-1,-1,-1,-1,-2,4,1,-2,1,0
4178,resize,1,1,1,1,1,1,-1,3,-2,-3,-2,0,1,0,0,-2,1,1,-1,3,-2,-3,-2,0,1,0,0,-2
4179,resize,1,1,1,1,1,1,-3,4,-2,-3,0,-1,-2,0,-1,0,1,1,-3,4,-2,-3,0,-1,-2,0,-1,0
4180,resize,2,2,2,1,1,1,0,0,4,-1,-4,-3,0,-1,0,-4,2,1,0,0,4,-1,-4,-3,0,-1,0,-4
4181,resize,1,1,1,1,1,1,-4,4,-2,-3,0,-1,-2,1,-1,0,1,1,-4,4,-2,-3,0,-1,-2,1,-1,0
4182,resize,9,9,9,1,1,1,-1,-2,-1,0,0,-1,-3,0,0,3,9,1,-1,-2,-1,0,0,-1,-3,0,0,3
4183,resize,9,9,9,1,1,1,-2,-2,-1,0,0,0,-3,0,-1,4,9,1,-2,-2,-1,0,0,0,-3,0,-1,4
4184,resize,9,9,9,1,1,1,-1,-1,-2,0,0,0,-3,-1,-1,3,9,1,-1,-1,-2,0,0,0,-3,-1,-1,3
4185,resize,1,1,1,1,1,1,-2,3,-2,-3,-1,0,-1,0,-1,-1,1,1,-2,3,-2,-3,-1,0,-1,0,-1,-1
4186,resize,0,0,0,1,1,1,5,-3,-1,-2,-2,-2,0,0,-1,0,0,1,5,-3,-1,-2,-2,-2,0,0,-1,0
4187,resize,2,2,2,1,1,1,-1,1,3,0,-2,-1,-1,0,-1,-3,2,1,-1,1,3,0,-2,-1,-1,0,-1,-3
4188,resize,0,0,0,1,1,1,4,-2,0,0,-2,-1,0,-1,0,0,0,1,4,-2,0,0,-2,-1,0,-1,0,0
4189,resize,2,2,2,1,1,1,0,-1,4,2,-4,-2,-2,-1,1,-3,2,1,0,-1,4,2,-4,-2,-2,-1,1,-3
4190,resize,1,1,1,1,1,1,-3,4,-1,-2,-1,0,-2,0,-1,0,1,1,-3,4,-1,-2,-1,0,-2,0,-1,0
4191,resize,1,1,1,1,1,1,-3,3,-1,-2,0,-1,-2,1,-1,-1,1,1,-3,3,-1,-2,0,-1,-2,1,-1,-1
4192,resize,4,4,4,1,1,1,-2,-2,-2,-2,4,-2,-3,0,-2,1,4,1,-2,-2,-2,-2,4,-2,-3,0,-2,1
4193,resize,6,6,6,1,1,1,-1,0,-2,-3,2,-1,3,-2,-2,-1,6,1,-1,0,-2,-3,2,-1,3,-2,-2,-1
4194,resize,4,4,4,1,1,1,-2,0,-2,-3,3,-2,-3,0,-2,2,4,1,-2,0,-2,-3,3,-2,-3,0,-2,2
4195,resize,1,1,1,1,1,1,-3,4,-1,-2,0,-1,-2,1,-1,-1,1,1,-3,4,-1,-2,0,-1,-2,1,-1,-1
4196,resize,5,5,5,1,1,1,-2,-2,-2,2,-3,5,-2,-1,-1,2,5,1,-2,-2,-2,2,-3,5,-2,-1,-1,2
4197,resize,4,4,4,1,1,1,-2,0,0,-2,3,-1,-1,-1,-2,0,4,1,-2,0,0,-2,3,-1,-1,-1,-2,0
4198,resize,9,9,9,1,1,1,-2,-3,-3,0,0,-1,-6,0,-2,4,9,1,-2,-3,-3,0,0,-1,-6,0,-2,4
4199,resize,7,7,7,1,1,1,0,0,-1,0,0,0,-2,1,-1,1,7,1,0,0,-1,0,0,0,-2,1,-1,1
4200,resize,7,7,7,1,1,1,-3,0,0,0,0,-2,-5,4,-1,-1,7,1,-3,0,0,0,0,-2,-5,4,-1,-1
4201,resize,1,1,1,1,1,1,-1,1,-1,-1,0,0,-1,1,-1,0,1,1,-1,1,-1,-1,0,0,-1,1,-1,0
4202,resize,5,5,5,1,1,1,-2,-1,-1,0,-2,5,0,-2,1,1,5,1,-2,-1,-1,0,-2,5,0,-2,1,1
4203,resize,6,6,6,1,1,1,-2,0,-2,-2,1,0,4,-1,0,-3,6,1,-2,0,-2,-2,1,0,4,-1,0,-3
4204,resize,2,2,2,1,1,1,-1,2,6,-1,-2,-3,-1,0,-3,-5,2,1,-1,2,6,-1,-2,-3,-1,0,-3,-5
4205,resize,2,2,0,1,0,0,1,0,1,0,-1,-1,-1,0,1,-1,0,1,1,0,1,0,-1,-1,-1,0,1,-1
4206,resize,2,2,2,1,1,1,0,0,4,1,-4,-2,-2,-1,0,-3,2,1,0,0,4,1,-4,-2,-2,-1,0,-3
4207,resize,8,8,8,1,1,1,-2,-1,1,0,-3,-1,0,-2,4,-3,8,1,-2,-1,1,0,-3,-1,0,-2,4,-3
4208,resize,0,0,0,1,1,1,4,-2,-1,-1,-1,-2,0,-1,-1,0,0,1,4,-2,-1,-1,-1,-2,0,-1,-1,0
4209,resize,6,6,6,1,1,1,0,-1,-2,-1,-1,1,4,-3,-1,-3,6,1,0,-1,-2,-1,-1,1,4,-3,-1,-3
4210,resize,9,9,9,1,1,1,0,-2,-2,0,0,-1,-2,0,0,3,9,1,0,-2,-2,0,0,-1,-2,0,0,3
4211,resize,6,6,6,1,1,1,1,-2,-1,-2,-3,2,4,-4,2,-2,6,1,1,-2,-1,-2,-3,2,4,-4,2,-2
4212,resize,1,1,1,1,1,1,-2,3,1,0,-1,-1,-3,1,-2,-1,1,1,-2,3,1,0,-1,-1,-3,1,-2,-1
4213,resize,9,9,9,1,1,1,-1,-2,-2,0,-1,-2,-4,0,0,4,9,1,-1,-2,-2,0,-1,-2,-4,0,0,4
4214,resize,7,7,7,1,1,1,-2,0,-1,0,1,-1,-4,3,-1,0,7,1,-2,0,-1,0,1,-1,-4,3,-1,0
4215,resize,7,7,7,1,1,1,-4,1,0,0,-1,-2,-4,4,-2,-2,7,1,-4,1,0,0,-1,-2,-4,4,-2,-2
4216,resize,1,1,1,1,1,1,-2,3,-2,-3,0,0,-1,0,-1,0,1,1,-2,3,-2,-3,0,0,-1,0,-1,0
4217,resize,4,4,4,1,1,1,-4,-1,-2,-5,6,-2,-4,-1,-3,1,4,1,-4,-1,-2,-5,6,-2,-4,-1,-3,1
4218,resize,8,8,8,1,1,1,-2,-1,-1,-1,-2,0,1,-4,6,-1,8,1,-2,-1,-1,-1,-2,0,1,-4,6,-1
4219,resize,5,5,5,1,1,1,-2,-1,-2,-1,-2,6,0,-2,1,1,5,1,-2,-1,-2,-1,-2,6,0,-2,1,1
4220,resize,3,3,3,1,1,1,-3,-1,-2,6,-4,2,-4,-1,0,0,3,1,-3,-1,-2,6,-4,2,-4,-1,0,0
4221,resize,4,4,4,1,1,1,-4,0,-1,-4,4,-3,-5,-1,-3,0,4,1,-4,0,-1,-4,4,-3,-5,-1,-3,0
4222,resize,3,3,3,1,1,1,-2,-2,-1,6,-5,1,-3,-2,1,0,3,1,-2,-2,-1,6,-5,1,-3,-2,1,0
4223,resize,4,4,4,1,1,1,-3,-1,-1,-4,4,-4,-4,-1,0,3,4,1,-3,-1,-1,-4,4,-4,-4,-1,0,3
4224,resize,9,7,2,0,0,0,-1,0,1,0,0,-1,-3,1,-1,1,2,1,-1,0,1,0,0,-1,-3,1,-1,1
4225,resize,7,7,7,1,1,1,-4,1,2,0,-1,-2,-4,4,-2,-3,7,1,-4,1,2,0,-1,-2,-4,4,-2,-3
4226,resize,5,5,5,1,1,1,-2,-1,-2,0,-3,6,0,-2,0,1,5,1,-2,-1,-2,0,-3,6,0,-2,0,1
4227,resize,0,0,0,1,1,1,5,-2,-1,-2,-3,0,0,0,-1,-1,0,1,5,-2,-1,-2,-3,0,0,0,-1,-1
4228,resize,7,7,7,1,1,1,-3,1,2,0,-1,-2,-4,3,-2,-3,7,1,-3,1,2,0,-1,-2,-4,3,-2,-3
4229,resize,4,4,4,1,1,1,-3,-1,-1,-3,4,-3,-4,0,-1,0,4,1,-3,-1,-1,-3,4,-3,-4,0,-1,0
4230,resize,8,8,8,1,1,1,-1,-2,0,-2,-1,-1,0,-3,4,0,8,1,-1,-2,0,-2,-1,-1,0,-3,4,0
4231,resize,8,8,8,1,1,1,0,-1,-1,1,-2,-1,-1,-1,3,0,8,1,0,-1,-1,1,-2,-1,-1,-1,3,0
4232,resize,1,1,1,1,1,1,-3,3,-1,-2,0,0,-2,0,-1,0,1,1,-3,3,-1,-2,0,0,-2,0,-1,0
4233,resize,5,5,5,1,1,1,-2,-2,-2,0,-3,6,0,-3,2,1,5,1,-2,-2,-2,0,-3,6,0,-3,2,1
4234,resize,3,3,3,1,1,1,-4,-1,-1,6,-5,2,-2,-2,0,-2,3,1,-4,-1,-1,6,-5,2,-2,-2,0,-2
4235,resize,9,9,9,1,1,1,-1,-1,-2,1,-1,-1,-3,0,0,3,9,1,-1,-1,-2,1,-1,-1,-3,0,0,3
4236,resize,5,5,5,1,1,1,-2,-1,-3,-1,-1,6,0,-2,0,1,5,1,-2,-1,-3,-1,-1,6,0,-2,0,1
4237,resize,9,9,9,1,1,1,-2,-2,-3,-1,1,-2,-4,-1,-1,5,9,1,-2,-2,-3,-1,1,-2,-4,-1,-1,5
4238,resize,7,7,3,1,0,0,-2,0,1,2,-2,-1,-4,2,-1,-1,3,1,-2,0,1,2,-2,-1,-4,2,-1,-1
4239,resize,6,6,6,1,1,1,0,-1,-2,-2,-2,2,4,-3,1,-1,6,1,0,-1,-2,-2,-2,2,4,-3,1,-1
4240,resize,9,9,9,1,1,1,-2,-2,-3,0,-1,-1,-5,0,-2,5,9,1,-2,-2,-3,0,-1,-1,-5,0,-2,5
4241,resize,0,0,0,1,1,1,6,-2,0,-1,-3,-1,1,-1,-1,-1,0,1,6,-2,0,-1,-3,-1,1,-1,-1,-1
4242,resize,3,3,3,1,1,1,-4,0,-1,6,-5,2,-3,-1,-1,-2,3,1,-4,0,-1,6,-5,2,-3,-1,-1,-2
4243,resize,6,6,6,1,1,1,1,-2,-4,-3,-2,2,5,-4,1,-1,6,1,1,-2,-4,-3,-2,2,5,-4,1,-1
4244,resize,3,3,3,1,1,1,-3,0,0,4,-3,1,-2,0,-1,-2,3,1,-3,0,0,4,-3,1,-2,0,-1,-2
4245,resize,9,9,9,1,1,1,-1,-2,-2,0,-1,-1,-3,0,-1,4,9,1,-1,-2,-2,0,-1,-1,-3,0,-1,4
4246,resize,8,8,8,1,1,1,-1,-2,-1,0,-2,-1,-1,-3,5,0,8,1,-1,-2,-1,0,-2,-1,-1,-3,5,0
4247,resize,2,2,2,1,1,1,-1,2,6,-1,-2,-5,-3,0,-2,-4,2,1,-1,2,6,-1,-2,-5,-3,0,-2,-4
4248,resize,2,1,1,0,0,1,-1,1,0,-1,0,-1,-2,-1,0,0,1,1,-1,1,0,-1,0,-1,-2,-1,0,0
4249,resize,1,1,1,1,1,1,-4,4,-2,-3,0,0,-2,1,-2,0,1,1,-4,4,-2,-3,0,0,-2,1,-2,0
4250,resize,2,2,2,1,1,1,0,1,4,0,-2,-3,-2,1,-2,-3,2,1,0,1,4,0,-2,-3,-2,1,-2,-3
4251,resize,8,8,8,1,1,1,-1,-2,-2,0,-1,0,-1,-2,4,-1,8,1,-1,-2,-2,0,-1,0,-1,-2,4,-1
4252,resize,6,6,6,1,1,1,-1,-1,-3,-3,0,1,6,-4,-1,-4,6,1,-1,-1,-3,-3,0,1,6,-4,-1,-4
4253,resize,8,8,8,1,1,1,-2,-1,-1,-1,0,-1,0,-2,4,1,8,1,-2,-1,-1,-1,0,-1,0,-2,4,1
4254,resize,5,5,5,1,1,1,-2,-2,-3,1,-2,5,0,-2,1,1,5,1,-2,-2,-3,1,-2,5,0,-2,1,1
4255,resize,5,5,5,1,1,1,-2,-1,-2,2,-2,4,-1,-1,0,0,5,1,-2,-1,-2,2,-2,4,-1,-1,0,0
4256,resize,3,3,3,1,1,1,1,-1,0,2,-2,1,0,-2,-1,-1,3,1,1,-1,0,2,-2,1,0,-2,-1,-1
4257,resize,9,9,9,1,1,1,1,-2,-2,1,-1,-2,-2,0,0,3,9,1,1,-2,-2,1,-1,-2,-2,0,0,3
4258,resize,4,4,4,1,1,1,-4,-1,-2,-3,6,-2,-4,0,-3,0,4,1,-4,-1,-2,-3,6,-2,-4,0,-3,0
4259,resize,9,9,9,1,1,1,-2,-1,-2,-1,0,0,-2,-1,-2,3,9,1,-2,-1,-2,-1,0,0,-2,-1,-2,3
4260,resize,2,2,2,1,1,1,1,0,6,0,-3,-4,-3,1,-2,-4,2,1,1,0,6,0,-3,-4,-3,1,-2,-4
4261,resize,5,5,5,1,1,1,-1,-1,-1,1,-2,4,0,-1,0,0,5,1,-1,-1,-1,1,-2,4,0,-1,0,0
4262,resize,1,1,1,1,1,1,-2,4,-2,-4,-1,-1,-1,-1,-1,-1,1,1,-2,4,-2,-4,-1,-1,-1,-1,-1,-1
4263,resize,5,5,5,1,1,1,-2,-1,-2,2,-2,5,-2,-1,0,1,5,1,-2,-1,-2,2,-2,5,-2,-1,0,1
4264,resize,1,1,1,1,1,1,-3,3,0,-2,0,-1,-3,1,-1,-1,1,1,-3,3,0,-2,0,-1,-3,1,-1,-1
4265,resize,4,4,4,1,1,1,-1,0,-1,-1,2,-1,-1,1,-2,0,4,1,-1,0,-1,-1,2,-1,-1,1,-2,0
4266,resize,4,4,4,1,1,1,-4,-1,-3,-4,5,-2,-4,0,-2,2,4,1,-4,-1,-3,-4,5,-2,-4,0,-2,2
4267,resize,1,1,1,1,1,1,-2,4,-2,-3,-1,-1,-2,0,-1,-2,1,1,-2,4,-2,-3,-1,-1,-2,0,-1,-2
4268,resize,4,4,4,1,1,1,-3,-1,-1,-2,3,-1,-3,0,-2,1,4,1,-3,-1,-1,-2,3,-1,-3,0,-2,1
4269,resize,4,4,4,1,1,1,-1,-2,-2,-3,4,-1,0,-2,-2,0,4,1,-1,-2,-2,-3,4,-1,0,-2,-2,0
4270,resize,3,3,3,1,1,1,-3,-1,0,5,-5,0,-3,-1,1,-1,3,1,-3,-1,0,5,-5,0,-3,-1,1,-1
4271,resize,5,5,5,1,1,1,-2,-1,-2,3,-2,4,-2,-1,-1,1,5,1,-2,-1,-2,3,-2,4,-2,-1,-1,1
4272,resize,9,9,9,1,1,1,-2,-2,-2,1,-2,0,-6,0,-3,4,9,1,-2,-2,-2,1,-2,0,-6,0,-3,4
4273,resize,1,1,1,1,1,1,-3,3,-1,-2,0,-1,-2,1,-1,-1,1,1,-3,3,-1,-2,0,-1,-2,1,-1,-1
4274,resize,2,2,2,1,1,1,0,1,6,0,-4,-4,-3,1,-2,-5,2,1,0,1,6,0,-4,-4,-3,1,-2,-5
4275,resize,2,2,2,1,1,1,-3,1,5,0,-3,-2,-1,-1,0,-5,2,1,-3,1,5,0,-3,-2,-1,-1,0,-5
4276,resize,3,3,3,1,1,1,-3,-1,-2,5,-4,2,-3,-1,0,0,3,1,-3,-1,-2,5,-4,2,-3,-1,0,0
4277,resize,3,3,3,1,1,1,-1,0,-1,4,-3,2,-1,-1,-1,-1,3,1,-1,0,-1,4,-3,2,-1,-1,-1,-1
4278,resize,0,0,0,1,1,1,6,-3,-1,-1,-4,0,1,-2,-1,-1,0,1,6,-3,-1,-1,-4,0,1,-2,-1,-1
4279,resize,2,2,2,1,1,1,-2,1,5,1,-3,-2,-1,-1,-1,-5,2,1,-2,1,5,1,-3,-2,-1,-1,-1,-5
4280,resize,9,9,9,1,1,1,-3,0,-3,-2,1,-2,-5,-1,0,4,9,1,-3,0,-3,-2,1,-2,-5,-1,0,4
4281,resize,0,0,0,1,1,1,4,-2,-1,-2,-1,-2,1,-1,-1,0,0,1,4,-2,-1,-2,-1,-2,1,-1,-1,0
4282,resize,0,0,0,1,1,1,4,-3,0,-1,-3,0,1,-2,1,-1,0,1,4,-3,0,-1,-3,0,1,-2,1,-1
4283,resize,9,9,9,1,1,1,0,-2,-2,1,-1,0,-3,0,0,3,9,1,0,-2,-2,1,-1,0,-3,0,0,3
4284,resize,9,9,3,1,0,0,-2,-1,-1,2,-1,2,-2,0,-1,2,3,1,-2,-1,-1,2,-1,2,-2,0,-1,2
4285,resize,6,6,6,1,1,1,-1,-2,-3,-1,-1,2,4,-4,2,-2,6,1,-1,-2,-3,-1,-1,2,4,-4,2,-2
4286,resize,0,0,0,1,1,1,4,-1,1,1,-3,-1,-1,-2,-1,0,0,1,4,-1,1,1,-3,-1,-1,-2,-1,0
4287,resize,9,9,9,1,1,1,0,-2,-2,-1,0,-2,-2,0,-1,4,9,1,0,-2,-2,-1,0,-2,-2,0,-1,4
4288,resize,3,3,3,1,1,1,-4,-1,-1,6,-5,1,-3,-1,1,-1,3,1,-4,-1,-1,6,-5,1,-3,-1,1,-1
4289,resize,2,2,2,1,1,1,0,0,2,-1,-1,-1,-1,0,0,-1,2,1,0,0,2,-1,-1,-1,-1,0,0,-1
4290,resize,8,8,8,1,1,1,-2,-1,-2,0,-1,2,1,-3,4,-1,8,1,-2,-1,-2,0,-1,2,1,-3,4,-1
4291,resize,4,4,4,1,1,1,-1,-1,0,-2,3,-2,-2,0,-2,1,4,1,-1,-1,0,-2,3,-2,-2,0,-2,1
4292,resize,1,1,1,1,1,1,-3,5,-2,-4,-1,-1,-2,0,-2,-1,1,1,-3,5,-2,-4,-1,-1,-2,0,-2,-1
4293,resize,9,9,9,1,1,1,-1,-2,-2,-1,1,-1,-3,0,-1,4,9,1,-1,-2,-2,-1,1,-1,-3,0,-1,4
4294,resize,9,9,9,1,1,1,-1,-2,-2,1,-2,2,-5,2,-2,3,9,1,-1,-2,-2,1,-2,2,-5,2,-2,3
4295,resize,7,7,7,1,1,1,-2,1,0,0,-1,-1,-3,2,-1,-1,7,1,-2,1,0,0,-1,-1,-3,2,-1,-1
4296,resize,2,2,2,1,1,1,-1,1,5,-1,-2,-2,-1,-1,-1,-4,2,1,-1,1,5,-1,-2,-2,-1,-1,-1,-4
4297,resize,7,7,7,1,1,1,-2,1,0,0,-2,-1,-5,3,-1,-2,7,1,-2,1,0,0,-2,-1,-5,3,-1,-2
4298,resize,9,9,9,1,1,1,-2,-2,-2,-1,0,-1,-4,0,-1,5,9,1,-2,-2,-2,-1,0,-1,-4,0,-1,5
4299,resize,9,9,9,1,1,1,-1,-1,-2,0,0,-1,-2,0,-1,2,9,1,-1,-1,-2,0,0,-1,-2,0,-1,2
4300,resize,5,5,5,1,1,1,-1,-2,-3,-1,-2,4,1,-2,2,0,5,1,-1,-2,-3,-1,-2,4,1,-2,2,0
4301,resize,9,9,9,1,1,1,0,-3,-4,-1,0,-1,-1,0,-1,4,9,1,0,-3,-4,-1,0,-1,-1,0,-1,4
4302,resize,5,5,5,1,1,1,-1,-1,-2,1,-2,4,0,-2,0,0,5,1,-1,-1,-2,1,-2,4,0,-2,0,0
4303,resize,1,1,1,1,1,1,-2,4,-2,-3,-1,-1,-1,0,-1,-2,1,1,-2,4,-2,-3,-1,-1,-1,0,-1,-2
4304,resize,1,1,1,1,1,1,-2,3,-1,-2,0,0,-2,1,-1,-1,1,1,-2,3,-1,-2,0,0,-2,1,-1,-1
4305,resize,8,8,8,1,1,1,0,-2,-1,-2,-2,0,-1,-3,6,-1,8,1,0,-2,-1,-2,-2,0,-1,-3,6,-1
4306,resize,3,3,3,1,1,1,-2,0,-1,2,-2,1,-2,0,0,-1,3,1,-2,0,-1,2,-2,1,-2,0,0,-1
4307,resize,5,5,5,1,1,1,-2,-2,-3,0,-2,6,-1,-2,0,2,5,1,-2,-2,-3,0,-2,6,-1,-2,0,2
4308,resize,1,1,1,1,1,1,-1,3,-1,-3,-2,0,0,-1,0,-2,1,1,-1,3,-1,-3,-2,0,0,-1,0,-2
4309,resize,9,9,9,1,1,1,-2,-2,-2,-1,1,-2,-4,0,-1,3,9,1,-2,-2,-2,-1,1,-2,-4,0,-1,3
4310,resize,5,5,5,1,1,1,-1,-1,-2,-2,-1,5,1,-2,2,0,5,1,-1,-1,-2,-2,-1,5,1,-2,2,0
4311,resize,3,3,3,1,1,1,-2,-1,-2,4,-3,2,-3,-1,0,1,3,1,-2,-1,-2,4,-3,2,-3,-1,0,1
4312,resize,5,5,5,1,1,1,-2,-1,-3,0,-2,6,0,-2,0,1,5,1,-2,-1,-3,0,-2,6,0,-2,0,1
4313,resize,4,4,4,1,1,1,-4,1,-1,-1,2,0,-2,1,-1,-1,4,1,-4,1,-1,-1,2,0,-2,1,-1,-1
4314,resize,9,9,9,1,1,1,-1,-2,-2,0,0,-1,-3,0,0,3,9,1,-1,-2,-2,0,0,-1,-3,0,0,3
4315,resize,5,5,5,1,1,1,-2,-1,-1,1,-1,3,-1,-1,0,1,5,1,-2,-1,-1,1,-1,3,-1,-1,0,1
4316,resize,9,9,9,1,1,1,-1,-2,-2,0,0,-1,-3,0,-1,3,9,1,-1,-2,-2,0,0,-1,-3,0,-1,3
4317,resize,3,3,3,1,1,1,-2,0,-2,3,-2,3,-3,0,-1,1,3,1,-2,0,-2,3,-2,3,-3,0,-1,1
4318,resize,1,1,1,1,1,1,-1,2,-1,-2,-1,-1,-1,0,0,-1,1,1,-1,2,-1,-2,-1,-1,-1,0,0,-1
4319,resize,9,9,9,1,1,1,-2,-2,-2,-1,0,-1,-4,0,-1,5,9,1,-2,-2,-2,-1,0,-1,-4,0,-1,5
4320,resize,0,0,0,1,1,1,5,-3,0,-2,-2,-2,1,-1,-1,-1,0,1,5,-3,0,-2,-2,-2,1,-1,-1,-1
4321,resize,9,9,9,1,1,1,0,-3,-2,2,-3,0,-4,-1,0,4,9,1,0,-3,-2,2,-3,0,-4,-1,0,4
4322,resize,7,7,7,1,1,1,-2,0,1,0,0,-2,-5,4,-1,0,7,1,-2,0,1,0,0,-2,-5,4,-1,0
4323,resize,5,5,5,1,1,1,-1,-2,-1,2,-2,3,-1,-1,1,0,5,1,-1,-2,-1,2,-2,3,-1,-1,1,0
4324,resize,4,4,4,1,1,1,-5,0,-2,-4,5,-3,-5,0,-3,-1,4,1,-5,0,-2,-4,5,-3,-5,0,-3,-1
4325,resize,9,9,9,1,1,1,-1,0,-2,-1,1,-1,-3,-1,-1,2,9,1,-1,0,-2,-1,1,-1,-3,-1,-1,2
4326,resize,2,2,2,1,1,1,0,0,4,1,-2,-2,-1,0,-1,-4,2,1,0,0,4,1,-2,-2,-1,0,-1,-4
4327,resize,0,0,0,1,1,1,3,-1,1,1,-3,0,0,-1,-1,0,0,1,3,-1,1,1,-3,0,0,-1,-1,0
4328,resize,1,1,1,1,1,1,-2,4,-2,-2,-1,0,-1,0,-1,0,1,1,-2,4,-2,-2,-1,0,-1,0,-1,0
4329,resize,0,0,0,1,1,1,5,-2,-1,0,-2,0,1,-2,-1,0,0,1,5,-2,-1,0,-2,0,1,-2,-1,0
4330,resize,5,5,5,1,1,1,-2,-1,-2,0,-2,4,0,-2,2,1,5,1,-2,-1,-2,0,-2,4,0,-2,2,1
4331,resize,1,1,1,1,1,1,-3,3,0,-2,0,-1,-2,0,-1,-1,1,1,-3,3,0,-2,0,-1,-2,0,-1,-1
4332,resize,4,4,4,1,1,1,-2,0,-1,-3,4,-2,-3,-1,-3,0,4,1,-2,0,-1,-3,4,-2,-3,-1,-3,0
4333,resize,9,9,9,1,1,1,-1,-2,-3,1,-1,0,-4,0,-3,3,9,1,-1,-2,-3,1,-1,0,-4,0,-3,3
4334,resize,3,3,3,1,1,1,-3,0,-2,6,-4,2,-3,-1,-1,0,3,1,-3,0,-2,6,-4,2,-3,-1,-1,0
4335,resize,3,3,3,1,1,1,-2,-1,-1,4,-4,1,-3,-1,0,0,3,1,-2,-1,-1,4,-4,1,-3,-1,0,0
4336,resize,6,6,6,1,1,1,0,-1,-2,-1,0,1,5,-2,-1,-4,6,1,0,-1,-2,-1,0,1,5,-2,-1,-4
4337,resize,1,1,1,1,1,1,-4,4,-1,-2,-1,-1,-2,1,-2,-2,1,1,-4,4,-1,-2,-1,-1,-2,1,-2,-2
4338,resize,5,5,5,1,1,1,-3,-2,-3,1,-1,5,-2,-1,0,2,5,1,-3,-2,-3,1,-1,5,-2,-1,0,2
4339,resize,2,2,2,1,1,1,0,1,5,0,-3,-3,-3,1,-1,-4,2,1,0,1,5,0,-3,-3,-3,1,-1,-4
4340,resize,5,5,5,1,1,1,-2,-1,-1,1,-2,5,-1,-1,0,1,5,1,-2,-1,-1,1,-2,5,-1,-1,0,1
4341,resize,2,2,2,1,1,1,-2,0,4,1,-2,-2,0,-1,0,-4,2,1,-2,0,4,1,-2,-2,0,-1,0,-4
4342,resize,2,2,2,1,1,1,-2,0,4,1,-3,-3,-2,1,0,-3,2,1,-2,0,4,1,-3,-3,-2,1,0,-3
4343,resize,0,0,0,1,1,1,4,-2,-1,-1,-3,1,1,-3,0,-1,0,1,4,-2,-1,-1,-3,1,1,-3,0,-1
4344,resize,9,9,9,1,1,1,-1,-1,-1,1,-1,0,-2,0,-1,2,9,1,-1,-1,-1,1,-1,0,-2,0,-1,2
4345,resize,2,2,2,1,1,1,-2,1,6,-1,-1,-3,-2,-2,-1,-3,2,1,-2,1,6,-1,-1,-3,-2,-2,-1,-3
4346,resize,6,6,6,1,1,1,0,-1,-2,-2,0,2,4,-2,0,-2,6,1,0,-1,-2,-2,0,2,4,-2,0,-2
4347,resize,6,6,6,1,1,1,0,-1,-4,-3,0,2,5,-3,0,-2,6,1,0,-1,-4,-3,0,2,5,-3,0,-2
4348,resize,0,0,0,1,1,1,4,-2,1,-2,-2,0,1,-2,0,-2,0,1,4,-2,1,-2,-2,0,1,-2,0,-2
4349,resize,1,1,1,1,1,1,-2,3,-1,-2,-1,-1,-2,0,-1,0,1,1,-2,3,-1,-2,-1,-1,-2,0,-1,0
4350,resize,2,2,2,1,1,1,-2,1,3,1,-3,-2,-1,0,0,-4,2,1,-2,1,3,1,-3,-2,-1,0,0,-4
4351,resize,0,0,0,1,1,1,5,-2,-1,-1,-3,1,1,-2,-1,-1,0,1,5,-2,-1,-1,-3,1,1,-2,-1,-1
4352,resize,3,3,3,1,1,1,-2,-2,-2,5,-4,2,-3,-2,1,0,3,1,-2,-2,-2,5,-4,2,-3,-2,1,0
4353,resize,0,0,0,1,1,1,5,-2,-1,-2,-3,0,0,0,0,-1,0,1,5,-2,-1,-2,-3,0,0,0,0,-1
4354,resize,2,2,2,1,1,1,-1,1,4,0,-3,-3,-3,2,-2,-4,2,1,-1,1,4,0,-3,-3,-3,2,-2,-4
4355,resize,5,5,5,1,1,1,-1,-1,-2,2,-2,3,-1,-1,-1,1,5,1,-1,-1,-2,2,-2,3,-1,-1,-1,1
4356,resize,5,5,5,1,1,1,-2,-2,-2,0,-1,5,0,-2,1,1,5,1,-2,-2,-2,0,-1,5,0,-2,1,1
4357,resize,7,7,7,1,1,1,-2,-1,0,0,0,-1,-4,3,-1,1,7,1,-2,-1,0,0,0,-1,-4,3,-1,1
4358,resize,9,9,9,1,1,1,-1,-3,-2,0,0,0,-5,0,-1,4,9,1,-1,-3,-2,0,0,0,-5,0,-1,4
4359,resize,5,5,5,1,1,1,0,-1,-1,1,-2,3,-1,0,0,1,5,1,0,-1,-1,1,-2,3,-1,0,0,1
4360,resize,5,5,5,1,1,1,-3,-1,-2,2,-1,3,-2,-2,0,2,5,1,-3,-1,-2,2,-1,3,-2,-2,0,2
4361,resize,0,0,0,1,1,1,5,-2,0,-1,-2,0,1,-1,-1,-1,0,1,5,-2,0,-1,-2,0,1,-1,-1,-1
4362,resize,8,8,8,1,1,1,-2,-2,-1,0,-2,0,0,-3,5,-1,8,1,-2,-2,-1,0,-2,0,0,-3,5,-1
4363,resize,9,9,9,1,1,1,-2,-2,-3,0,-2,2,-3,-1,-1,4,9,1,-2,-2,-3,0,-2,2,-3,-1,-1,4
4364,resize,5,5,5,1,1,1,0,-2,-2,0,-2,5,0,-2,1,0,5,1,0,-2,-2,0,-2,5,0,-2,1,0
4365,resize,0,0,0,1,1,1,5,-3,0,-1,-3,-2,-1,-1,-1,0,0,1,5,-3,0,-1,-3,-2,-1,-1,-1,0
4366,resize,3,3,3,1,1,1,-4,-1,-1,7,-6,1,-4,-2,1,-1,3,1,-4,-1,-1,7,-6,1,-4,-2,1,-1
4367,resize,2,2,2,1,1,1,0,2,6,-2,-1,-3,-1,-1,-3,-5,2,1,0,2,6,-2,-1,-3,-1,-1,-3,-5
4368,resize,5,5,5,1,1,1,-2,0,-1,0,-1,4,0,0,0,0,5,1,-2,0,-1,0,-1,4,0,0,0,0
4369,resize,9,9,4,1,0,0,-2,0,-1,-3,2,-1,-2,0,-1,1,4,1,-2,0,-1,-3,2,-1,-2,0,-1,1
4370,resize,0,0,0,1,1,1,4,-1,-1,-2,-2,-1,0,-1,-2,-1,0,1,4,-1,-1,-2,-2,-1,0,-1,-2,-1
4371,resize,8,8,8,1,1,1,-1,-1,-1,0,-2,0,-1,-3,5,0,8,1,-1,-1,-1,0,-2,0,-1,-3,5,0
4372,resize,8,8,8,1,1,1,-1,-1,-2,0,-1,1,0,-3,5,-1,8,1,-1,-1,-2,0,-1,1,0,-3,5,-1
4373,resize,4,4,4,1,1,1,-2,0,0,-1,2,-1,-1,-1,-1,-2,4,1,-2,0,0,-1,2,-1,-1,-1,-1,-2
4374,resize,5,5,5,1,1,1,0,-1,-1,-1,-2,3,0,-1,0,0,5,1,0,-1,-1,-1,-2,3,0,-1,0,0
4375,resize,8,8,8,1,1,1,-1,-1,-1,0,-2,0,0,-3,5,-1,8,1,-1,-1,-1,0,-2,0,0,-3,5,-1
4376,resize,8,8,8,1,1,1,-1,-1,-1,0,0,0,0,-1,3,-1,8,1,-1,-1,-1,0,0,0,0,-1,3,-1
4377,resize,4,4,4,1,1,1,-3,-1,-2,-3,5,-2,-3,-1,-2,0,4,1,-3,-1,-2,-3,5,-2,-3,-1,-2,0
4378,resize,5,5,5,1,1,1,-2,-1,-3,0,-2,6,0,-2,1,1,5,1,-2,-1,-3,0,-2,6,0,-2,1,1
4379,resize,4,4,4,1,1,1,-3,0,0,-3,4,-2,-4,1,-4,1,4,1,-3,0,0,-3,4,-2,-4,1,-4,1
4380,resize,8,8,8,1,1,1,-2,-1,-1,-1,-1,2,2,-2,3,0,8,1,-2,-1,-1,-1,-1,2,2,-2,3,0
4381,resize,5,5,5,1,1,1,-3,-1,-3,0,-3,7,0,-2,0,1,5,1,-3,-1,-3,0,-3,7,0,-2,0,1
4382,resize,4,4,4,1,1,1,-3,-1,-3,-3,3,-2,-4,0,-1,2,4,1,-3,-1,-3,-3,3,-2,-4,0,-1,2
4383,resize,9,9,9,1,1,1,-1,-2,-1,-1,1,-1,-3,0,0,3,9,1,-1,-2,-1,-1,1,-1,-3,0,0,3
4384,resize,2,2,2,1,1,1,1,1,3,0,-3,-1,-1,0,-1,-3,2,1,1,1,3,0,-3,-1,-1,0,-1,-3
4385,resize,2,2,2,1,1,1,0,1,5,0,-4,-3,-2,1,-1,-4,2,1,0,1,5,0,-4,-3,-2,1,-1,-4
4386,resize,1,1,1,1,1,1,-2,4,-2,-3,0,0,-1,0,-1,-1,1,1,-2,4,-2,-3,0,0,-1,0,-1,-1
4387,resize,2,2,2,1,1,1,-2,3,4,0,-1,-2,-2,0,-3,-4,2,1,-2,3,4,0,-1,-2,-2,0,-3,-4
4388,resize,6,6,6,1,1,1,-1,-2,-4,-2,-1,2,6,-3,0,-4,6,1,-1,-2,-4,-2,-1,2,6,-3,0,-4
4389,resize,8,8,8,1,1,1,-1,-1,-1,0,-1,0,0,-2,4,0,8,1,-1,-1,-1,0,-1,0,0,-2,4,0
4390,resize,8,8,8,1,1,1,0,-1,-2,0,-1,-1,-1,-2,4,0,8,1,0,-1,-2,0,-1,-1,-1,-2,4,0
4391,resize,7,7,7,1,1,1,-1,-1,-1,-1,0,-1,-4,4,-1,0,7,1,-1,-1,-1,-1,0,-1,-4,4,-1,0
4392,resize,0,0,0,1,1,1,5,-2,-1,-1,-1,-1,0,-1,-2,0,0,1,5,-2,-1,-1,-1,-1,0,-1,-2,0
4393,resize,3,3,3,1,1,1,-2,0,-1,4,-3,2,-2,-1,0,-1,3,1,-2,0,-1,4,-3,2,-2,-1,0,-1
4394,resize,6,6,6,1,1,1,0,-1,-4,-3,0,0,5,-3,-1,-1,6,1,0,-1,-4,-3,0,0,5,-3,-1,-1
4395,resize,6,6,6,1,1,1,-1,-2,-4,-2,0,1,6,-3,0,-3,6,1,-1,-2,-4,-2,0,1,6,-3,0,-3
4396,resize,4,4,4,1,1,1,-2,-1,-2,-2,4,-1,-2,-1,-1,0,4,1,-2,-1,-2,-2,4,-1,-2,-1,-1,0
4397,resize,3,3,3,1,1,1,-4,0,1,4,-2,1,-2,0,-1,-3,3,1,-4,0,1,4,-2,1,-2,0,-1,-3
4398,resize,8,8,8,1,1,1,0,-2,-1,1,-4,1,-1,-3,6,-1,8,1,0,-2,-1,1,-4,1,-1,-3,6,-1
4399,resize,8,8,8,1,1,1,0,-2,-2,0,-1,0,0,-2,3,0,8,1,0,-2,-2,0,-1,0,0,-2,3,0
4400,resize,7,7,7,1,1,1,-3,1,0,-1,1,-2,-4,3,-1,-1,7,1,-3,1,0,-1,1,-2,-4,3,-1,-1
4401,resize,2,2,2,1,1,1,0,0,3,1,-2,-2,-2,1,0,-3,2,1,0,0,3,1,-2,-2,-2,1,0,-3
4402,resize,2,2,2,1,1,1,0,1,7,0,-4,-4,-3,1,-3,-5,2,1,0,1,7,0,-4,-4,-3,1,-3,-5
4403,resize,0,0,0,1,1,1,4,-2,-1,0,-2,0,1,-2,0,1,0,1,4,-2,-1,0,-2,0,1,-2,0,1
4404,resize,0,0,0,1,1,1,5,-2,-1,-1,-4,-1,0,-1,0,-1,0,1,5,-2,-1,-1,-4,-1,0,-1,0,-1
4405,resize,9,9,9,1,1,1,-1,-1,-1,-1,1,-1,-3,0,-1,3,9,1,-1,-1,-1,-1,1,-1,-3,0,-1,3
4406,resize,3,3,3,1,1,1,-4,-1,-1,6,-5,0,-4,-1,1,-1,3,1,-4,-1,-1,6,-5,0,-4,-1,1,-1
4407,resize,9,9,9,1,1,1,-2,-3,-3,-1,0,-2,-5,0,-1,5,9,1,-2,-3,-3,-1,0,-2,-5,0,-1,5
4408,resize,9,9,9,1,1,1,0,-2,-3,-1,1,-2,-1,0,0,3,9,1,0,-2,-3,-1,1,-2,-1,0,0,3
4409,resize,1,1,1,1,1,1,-1,3,-1,-3,-1,-1,-1,-1,0,-1,1,1,-1,3,-1,-3,-1,-1,-1,-1,0,-1
4410,resize,9,9,9,1,1,1,-2,-2,-3,-1,1,-1,-5,-1,-1,4,9,1,-2,-2,-3,-1,1,-1,-5,-1,-1,4
4411,resize,8,8,8,1,1,1,-2,-2,-2,0,-2,1,0,-3,5,-1,8,1,-2,-2,-2,0,-2,1,0,-3,5,-1
4412,resize,6,6,6,1,1,1,0,-1,-3,-2,-1,2,5,-3,-1,-3,6,1,0,-1,-3,-2,-1,2,5,-3,-1,-3
4413,resize,6,6,6,1,1,1,0,-1,-2,-2,-1,1,4,-3,1,-2,6,1,0,-1,-2,-2,-1,1,4,-3,1,-2
4414,resize,4,4,4,1,1,1,-3,-1,-2,-3,5,-1,-3,0,-1,1,4,1,-3,-1,-2,-3,5,-1,-3,0,-1,1
4415,resize,2,2,2,1,1,1,-1,0,4,0,-1,-3,-2,0,0,-2,2,1,-1,0,4,0,-1,-3,-2,0,0,-2
4416,resize,6,6,6,1,1,1,0,-1,-3,-2,-1,1,5,-3,0,-3,6,1,0,-1,-3,-2,-1,1,5,-3,0,-3
4417,resize,9,9,9,1,1,1,-1,-2,-3,1,-2,-1,-5,0,-1,4,9,1,-1,-2,-3,1,-2,-1,-5,0,-1,4
4418,resize,2,2,2,1,1,1,0,0,5,0,-4,-3,-2,0,-1,-4,2,1,0,0,5,0,-4,-3,-2,0,-1,-4
4419,resize,8,8,8,1,1,1,-2,-1,-1,-1,1,0,0,0,3,-1,8,1,-2,-1,-1,-1,1,0,0,0,3,-1
4420,resize,5,5,5,1,1,1,-2,-1,-2,2,-3,4,-1,-1,0,1,5,1,-2,-1,-2,2,-3,4,-1,-1,0,1
4421,resize,4,4,4,1,1,1,-2,-1,-1,-2,3,-2,-2,0,-2,2,4,1,-2,-1,-1,-2,3,-2,-2,0,-2,2
4422,resize,5,5,5,1,1,1,-2,-2,-3,2,-2,6,-2,-1,-1,2,5,1,-2,-2,-3,2,-2,6,-2,-1,-1,2
4423,resize,7,7,7,1,1,1,-5,1,0,0,0,-2,-3,4,-2,-3,7,1,-5,1,0,0,0,-2,-3,4,-2,-3
4424,resize,9,9,9,1,1,1,-1,-2,-3,-1,1,-2,-3,-1,-1,4,9,1,-1,-2,-3,-1,1,-2,-3,-1,-1,4
4425,resize,9,9,9,1,1,1,-2,0,-1,-2,2,-2,-3,-1,0,3,9,1,-2,0,-1,-2,2,-2,-3,-1,0,3
4426,resize,9,9,9,1,1,1,-1,-1,-2,0,0,-1,-3,-1,-1,3,9,1,-1,-1,-2,0,0,-1,-3,-1,-1,3
4427,resize,2,2,2,1,1,1,0,0,5,0,-4,-3,-3,1,0,-3,2,1,0,0,5,0,-4,-3,-3,1,0,-3
4428,resize,1,1,1,1,1,1,-2,4,-1,-3,-1,-1,-1,0,-1,-1,1,1,-2,4,-1,-3,-1,-1,-1,0,-1,-1
4429,resize,8,8,8,1,1,1,-2,-2,-2,-3,-1,3,1,-3,5,0,8,1,-2,-2,-2,-3,-1,3,1,-3,5,0
4430,resize,3,3,3,1,1,1,-5,0,1,5,-3,1,-3,0,0,-2,3,1,-5,0,1,5,-3,1,-3,0,0,-2
4431,resize,4,4,4,1,1,1,-4,-1,-2,-3,4,-2,-3,0,-2,0,4,1,-4,-1,-2,-3,4,-2,-3,0,-2,0
4432,resize,0,0,0,1,1,1,4,-2,0,-1,-2,-1,0,-1,-1,0,0,1,4,-2,0,-1,-2,-1,0,-1,-1,0
4433,resize,7,7,7,1,1,1,-4,1,1,0,0,-1,-2,2,-1,-2,7,1,-4,1,1,0,0,-1,-2,2,-1,-2
4434,resize,8,8,8,1,1,1,-2,-1,-2,-1,0,-1,-1,-2,4,0,8,1,-2,-1,-2,-1,0,-1,-1,-2,4,0
4435,resize,3,3,3,1,1,1,-1,-1,0,3,-3,0,-2,0,1,-1,3,1,-1,-1,0,3,-3,0,-2,0,1,-1
4436,resize,9,9,9,1,1,1,-1,-2,-2,0,-1,-1,-4,0,-1,4,9,1,-1,-2,-2,0,-1,-1,-4,0,-1,4
4437,resize,3,3,3,1,1,1,-1,0,1,3,-3,0,-3,0,0,-1,3,1,-1,0,1,3,-3,0,-3,0,0,-1
4438,resize,4,4,4,1,1,1,-3,-1,-2,-2,3,-1,-3,-1,-1,1,4,1,-3,-1,-2,-2,3,-1,-3,-1,-1,1
4439,resize,6,6,6,1,1,1,-1,-1,-3,-2,1,0,4,-2,0,-1,6,1,-1,-1,-3,-2,1,0,4,-2,0,-1
4440,resize,5,5,5,1,1,1,-2,-2,-2,2,-2,5,-2,-1,-1,3,5,1,-2,-2,-2,2,-2,5,-2,-1,-1,3
4441,resize,6,6,6,1,1,1,0,-1,-3,-2,0,0,5,-2,-1,-2,6,1,0,-1,-3,-2,0,0,5,-2,-1,-2
4442,resize,2,2,2,1,1,1,-1,1,5,0,-2,-3,-1,0,-2,-4,2,1,-1,1,5,0,-2,-3,-1,0,-2,-4
4443,resize,3,2,1,0,0,0,-1,1,1,1,-1,-1,-2,1,-1,-1,1,1,-1,1,1,1,-1,-1,-2,1,-1,-1
4444,resize,9,9,3,1,0,0,-1,-1,0,1,-1,-1,-2,0,0,1,3,1,-1,-1,0,1,-1,-1,-2,0,0,1
4445,resize,2,2,2,1,1,1,-1,1,4,1,-1,-2,-1,0,-2,-3,2,1,-1,1,4,1,-1,-2,-1,0,-2,-3
4446,resize,6,6,6,1,1,1,-1,-1,-3,-3,0,0,6,-3,0,-3,6,1,-1,-1,-3,-3,0,0,6,-3,0,-3
4447,resize,0,0,0,1,1,1,6,-3,-1,-1,-3,-1,0,-1,-1,0,0,1,6,-3,-1,-1,-3,-1,0,-1,-1,0
4448,resize,0,0,0,1,1,1,5,-3,-1,-1,-1,0,1,-1,-1,0,0,1,5,-3,-1,-1,-1,0,1,-1,-1,0
4449,resize,6,6,6,1,1,1,0,-1,-1,-2,-1,1,3,-3,1,-2,6,1,0,-1,-1,-2,-1,1,3,-3,1,-2
4450,resize,1,1,1,1,1,1,-3,3,-1,-3,0,0,-2,1,-1,0,1,1,-3,3,-1,-3,0,0,-2,1,-1,0
4451,resize,2,2,2,1,1,1,0,0,2,0,-2,-2,-1,1,0,-1,2,1,0,0,2,0,-2,-2,-1,1,0,-1
4452,resize,8,8,8,1,1,1,-2,-1,0,0,-2,0,0,-3,5,-2,8,1,-2,-1,0,0,-2,0,0,-3,5,-2
4453,resize,7,7,7,1,1,1,-2,0,0,0,-1,-1,-4,3,-1,0,7,1,-2,0,0,0,-1,-1,-4,3,-1,0
4454,resize,9,9,9,1,1,1,-1,-2,-2,0,-1,0,-3,-1,1,2,9,1,-1,-2,-2,0,-1,0,-3,-1,1,2
4455,resize,8,8,8,1,1,1,-1,-2,0,-1,-1,-1,-2,-2,4,1,8,1,-1,-2,0,-1,-1,-1,-2,-2,4,1
4456,resize,2,2,2,1,1,1,0,1,6,0,-4,-4,-3,1,-1,-5,2,1,0,1,6,0,-4,-4,-3,1,-1,-5
4457,resize,0,0,0,1,1,1,6,-3,-1,-2,-3,-1,0,-1,0,-1,0,1,6,-3,-1,-2,-3,-1,0,-1,0,-1
4458,resize,4,4,4,1,1,1,-3,0,-1,-3,4,-2,-3,-1,-1,0,4,1,-3,0,-1,-3,4,-2,-3,-1,-1,0
4459,resize,7,7,7,1,1,1,-1,0,2,0,-1,-1,-4,3,-1,-1,7,1,-1,0,2,0,-1,-1,-4,3,-1,-1
4460,resize,7,7,2,1,0,0,-1,1,2,1,-2,-1,-4,2,-1,-1,2,1,-1,1,2,1,-2,-1,-4,2,-1,-1
4461,resize,5,5,5,1,1,1,-1,-1,-2,1,-1,4,-1,-1,0,1,5,1,-1,-1,-2,1,-1,4,-1,-1,0,1
4462,resize,0,0,0,1,1,1,5,-2,-1,-1,-3,0,1,-1,-1,0,0,1,5,-2,-1,-1,-3,0,1,-1,-1,0
4463,resize,5,5,5,1,1,1,-1,-1,-2,1,-2,4,0,-1,-1,1,5,1,-1,-1,-2,1,-2,4,0,-1,-1,1
4464,resize,6,6,6,1,1,1,-2,-1,-4,-3,0,1,7,-3,0,-2,6,1,-2,-1,-4,-3,0,1,7,-3,0,-2
4465,resize,4,4,4,1,1,1,-3,0,0,-3,4,-1,-4,-1,-3,1,4,1,-3,0,0,-3,4,-1,-4,-1,-3,1
4466,resize,6,6,6,1,1,1,-1,-1,-1,-1,0,1,4,-2,0,-3,6,1,-1,-1,-1,-1,0,1,4,-2,0,-3
4467,resize,7,7,7,1,1,1,-2,0,-1,0,0,-1,-4,3,-1,0,7,1,-2,0,-1,0,0,-1,-4,3,-1,0
4468,resize,4,4,4,1,1,1,-3,-1,-2,-3,5,-2,-2,-2,-1,-1,4,1,-3,-1,-2,-3,5,-2,-2,-2,-1,-1
4469,resize,3,3,3,1,1,1,-1,0,1,3,-2,0,-2,0,0,-2,3,1,-1,0,1,3,-2,0,-2,0,0,-2
4470,resize,0,0,0,1,1,1,5,-2,-2,-1,-3,1,0,-1,0,-1,0,1,5,-2,-2,-1,-3,1,0,-1,0,-1
4471,resize,7,7,7,1,1,1,-2,0,1,0,-1,-2,-4,3,-1,-1,7,1,-2,0,1,0,-1,-2,-4,3,-1,-1
4472,resize,5,5,5,1,1,1,-1,-1,-2,-1,-2,5,1,-2,1,1,5,1,-1,-1,-2,-1,-2,5,1,-2,1,1
4473,resize,0,0,0,1,1,1,6,-2,-1,-2,-3,0,0,-1,-1,-2,0,1,6,-2,-1,-2,-3,0,0,-1,-1,-2
4474,resize,7,7,7,1,1,1,-2,0,1,0,0,-2,-5,4,-1,-1,7,1,-2,0,1,0,0,-2,-5,4,-1,-1
4475,resize,4,4,4,1,1,1,-4,-2,-2,-4,5,-2,-4,-1,-2,1,4,1,-4,-2,-2,-4,5,-2,-4,-1,-2,1
4476,resize,2,2,2,1,1,1,-1,1,5,0,-3,-3,-1,1,-2,-5,2,1,-1,1,5,0,-3,-3,-1,1,-2,-5
4477,resize,0,0,0,1,1,1,3,0,-1,-1,-1,0,1,-2,0,-1,0,1,3,0,-1,-1,-1,0,1,-2,0,-1
4478,resize,8,8,8,1,1,1,-1,-1,-2,-1,-1,0,0,-3,5,-1,8,1,-1,-1,-2,-1,-1,0,0,-3,5,-1
4479,resize,9,9,9,1,1,1,-2,0,-1,0,1,-1,-3,1,-1,2,9,1,-2,0,-1,0,1,-1,-3,1,-1,2
4480,resize,9,9,9,1,1,1,-3,-1,-1,-2,0,0,-4,0,-1,4,9,1,-3,-1,-1,-2,0,0,-4,0,-1,4
4481,resize,4,4,4,1,1,1,-3,0,-1,-2,4,-2,-3,0,-4,-2,4,1,-3,0,-1,-2,4,-2,-3,0,-4,-2
4482,resize,2,2,2,1,1,1,1,-1,4,1,-4,-3,-2,-1,1,-2,2,1,1,-1,4,1,-4,-3,-2,-1,1,-2
4483,resize,4,4,4,1,1,1,-3,0,-2,-3,3,-1,-3,0,-2,0,4,1,-3,0,-2,-3,3,-1,-3,0,-2,0
4484,resize,6,6,6,1,1,1,1,-2,-3,-2,-1,2,5,-3,0,-3,6,1,1,-2,-3,-2,-1,2,5,-3,0,-3
4485,resize,7,7,7,1,1,1,-3,0,-1,0,0,-1,-5,4,-1,-1,7,1,-3,0,-1,0,0,-1,-5,4,-1,-1
4486,resize,8,8,8,1,1,1,-2,-1,-2,-1,0,1,0,-3,4,-1,8,1,-2,-1,-2,-1,0,1,0,-3,4,-1
4487,resize,7,7,7,1,1,1,-2,0,1,1,-2,-1,-4,2,0,-1,7,1,-2,0,1,1,-2,-1,-4,2,0,-1
4488,resize,6,6,6,1,1,1,-1,-1,-2,-2,-1,2,4,-2,2,-1,6,1,-1,-1,-2,-2,-1,2,4,-2,2,-1
4489,resize,9,9,9,1,1,1,-2,-2,-2,2,-1,0,-4,-2,1,3,9,1,-2,-2,-2,2,-1,0,-4,-2,1,3
4490,resize,4,4,4,1,1,1,-2,-1,-1,-2,4,-2,-3,0,-2,0,4,1,-2,-1,-1,-2,4,-2,-3,0,-2,0
4491,resize,1,1,1,1,1,1,-4,5,-1,-4,0,-1,-2,-2,-2,0,1,1,-4,5,-1,-4,0,-1,-2,-2,-2,0
4492,resize,3,3,3,1,1,1,-4,0,-1,4,-3,1,-3,0,0,-1,3,1,-4,0,-1,4,-3,1,-3,0,0,-1
4493,resize,7,7,7,1,1,1,-1,0,1,1,-1,-1,-4,2,-1,-1,7,1,-1,0,1,1,-1,-1,-4,2,-1,-1
4494,resize,3,3,3,1,1,1,-3,-1,-3,5,-2,3,-2,-1,-1,0,3,1,-3,-1,-3,5,-2,3,-2,-1,-1,0
4495,resize,0,0,0,1,1,1,6,-3,-1,-2,-4,-1,0,-1,-1,-1,0,1,6,-3,-1,-2,-4,-1,0,-1,-1,-1
4496,resize,8,8,8,1,1,1,-1,-1,-1,0,-1,0,0,-3,4,0,8,1,-1,-1,-1,0,-1,0,0,-3,4,0
4497,resize,8,7,7,0,0,1,-3,0,1,0,-1,-2,-3,2,1,-1,7,1,-3,0,1,0,-1,-2,-3,2,1,-1
4498,resize,7,7,7,1,1,1,-5,-1,1,1,0,-3,-2,3,-1,-5,7,1,-5,-1,1,1,0,-3,-2,3,-1,-5
4499,resize,6,6,6,1,1,1,-1,-1,-2,-2,-1,1,4,-2,0,-3,6,1,-1,-1,-2,-2,-1,1,4,-2,0,-3
4500,resize,9,9,9,1,1,1,-2,1,-2,-1,0,-1,-1,-1,0,2,9,1,-2,1,-2,-1,0,-1,-1,-1,0,2
4501,resize,3,3,3,1,1,1,-3,-2,-2,6,-4,3,-3,-2,0,0,3,1,-3,-2,-2,6,-4,3,-3,-2,0,0
4502,resize,9,9,9,1,1,1,-2,-2,-2,-1,1,-2,-4,0,-1,5,9,1,-2,-2,-2,-1,1,-2,-4,0,-1,5
4503,resize,2,2,2,1,1,1,0,1,5,0,-3,-3,-3,1,-1,-3,2,1,0,1,5,0,-3,-3,-3,1,-1,-3
4504,resize,2,2,2,1,1,1,-2,2,4,0,-2,-1,-3,2,-3,-4,2,1,-2,2,4,0,-2,-1,-3,2,-3,-4
4505,resize,9,9,9,1,1,1,-2,-1,-2,1,0,0,-3,0,-1,2,9,1,-2,-1,-2,1,0,0,-3,0,-1,2
4506,resize,2,2,0,1,0,0,2,-2,2,1,-3,-2,-3,0,0,0,0,1,2,-2,2,1,-3,-2,-3,0,0,0
4507,resize,1,1,1,1,1,1,0,1,0,-1,-2,-1,-2,0,1,-1,1,1,0,1,0,-1,-2,-1,-2,0,1,-1
4508,resize,8,8,8,1,1,1,-1,-2,-2,0,-1,0,-1,-2,5,-1,8,1,-1,-2,-2,0,-1,0,-1,-2,5,-1
4509,resize,3,3,3,1,1,1,-2,-1,1,4,-3,-1,-3,0,1,-1,3,1,-2,-1,1,4,-3,-1,-3,0,1,-1
4510,resize,2,2,2,1,1,1,0,1,5,0,-3,-3,-2,0,-1,-4,2,1,0,1,5,0,-3,-3,-2,0,-1,-4
4511,resize,9,9,9,1,1,1,-2,-2,-1,0,0,-1,-4,0,-1,3,9,1,-2,-2,-1,0,0,-1,-4,0,-1,3
4512,resize,6,6,6,1,1,1,0,-1,-2,-3,0,1,4,-3,0,-2,6,1,0,-1,-2,-3,0,1,4,-3,0,-2
4513,resize,8,8,8,1,1,1,-1,-1,-1,-1,-2,2,0,-3,4,0,8,1,-1,-1,-1,-1,-2,2,0,-3,4,0
4514,resize,4,4,4,1,1,1,-4,-1,-3,-4,5,-2,-4,-1,-2,1,4,1,-4,-1,-3,-4,5,-2,-4,-1,-2,1
4515,resize,0,0,0,1,1,1,5,-2,-1,-2,-3,-1,-1,0,0,0,0,1,5,-2,-1,-2,-3,-1,-1,0,0,0
4516,resize,1,1,1,1,1,1,-4,4,-2,-2,-1,1,-2,0,-1,-1,1,1,-4,4,-2,-2,-1,1,-2,0,-1,-1
4517,resize,2,2,2,1,1,1,-1,0,6,1,-3,-3,-2,0,-1,-4,2,1,-1,0,6,1,-3,-3,-2,0,-1,-4
4518,resize,8,8,8,1,1,1,-2,-2,-2,-1,-1,0,0,-3,5,0,8,1,-2,-2,-2,-1,-1,0,0,-3,5,0
4519,resize,4,4,4,1,1,1,-3,-1,-2,-3,5,-2,-3,-1,-2,0,4,1,-3,-1,-2,-3,5,-2,-3,-1,-2,0
4520,resize,5,5,5,1,1,1,-2,-1,-1,-1,-2,5,-1,-2,1,2,5,1,-2,-1,-1,-1,-2,5,-1,-2,1,2
4521,resize,2,2,2,1,1,1,-1,1,5,0,-2,-3,-2,1,-2,-4,2,1,-1,1,5,0,-2,-3,-2,1,-2,-4
4522,resize,7,7,7,1,1,1,-2,0,0,1,-1,-1,-5,4,-1,0,7,1,-2,0,0,1,-1,-1,-5,4,-1,0
4523,resize,8,8,8,1,1,1,0,0,-1,0,-2,0,-1,-1,3,-1,8,1,0,0,-1,0,-2,0,-1,-1,3,-1
4524,resize,1,1,1,1,1,1,-3,4,-1,-3,0,-1,-2,1,-1,0,1,1,-3,4,-1,-3,0,-1,-2,1,-1,0
4525,resize,1,1,1,1,1,1,-3,4,-1,-3,0,-1,-2,0,-1,0,1,1,-3,4,-1,-3,0,-1,-2,0,-1,0
4526,resize,3,3,3,1,1,1,-2,0,0,4,-3,-1,-3,-1,0,0,3,1,-2,0,0,4,-3,-1,-3,-1,0,0
4527,resize,0,0,0,1,1,1,4,-3,-1,-1,-3,-1,0,-1,0,0,0,1,4,-3,-1,-1,-3,-1,0,-1,0,0
4528,resize,3,3,3,1,1,1,-4,-1,-2,5,-4,3,-2,-1,0,0,3,1,-4,-1,-2,5,-4,3,-2,-1,0,0
4529,resize,5,5,5,1,1,1,-1,-1,-2,1,-2,5,0,-2,0,1,5,1,-1,-1,-2,1,-2,5,0,-2,0,1
4530,resize,7,7,7,1,1,1,-3,0,-1,0,0,-1,-4,3,-1,0,7,1,-3,0,-1,0,0,-1,-4,3,-1,0
4531,resize,0,0,0,1,1,1,5,-2,-1,-1,-3,0,0,-1,0,0,0,1,5,-2,-1,-1,-3,0,0,-1,0,0
4532,resize,3,3,3,1,1,1,-3,-1,-1,5,-4,1,-3,-1,0,0,3,1,-3,-1,-1,5,-4,1,-3,-1,0,0
4533,resize,1,1,1,1,1,1,-3,3,-1,-2,-1,-1,-2,0,-1,-1,1,1,-3,3,-1,-2,-1,-1,-2,0,-1,-1
4534,resize,9,9,9,1,1,1,0,-2,-2,1,-1,-1,-3,0,0,2,9,1,0,-2,-2,1,-1,-1,-3,0,0,2
4535,resize,3,3,3,1,1,1,-2,-1,-1,6,-4,1,-3,-1,1,0,3,1,-2,-1,-1,6,-4,1,-3,-1,1,0
4536,resize,6,6,6,1,1,1,-1,-1,-3,-2,-2,3,4,-3,2,0,6,1,-1,-1,-3,-2,-2,3,4,-3,2,0
4537,resize,3,3,3,1,1,1,-4,0,-1,6,-4,0,-3,-1,1,-1,3,1,-4,0,-1,6,-4,0,-3,-1,1,-1
4538,resize,1,1,1,1,1,1,-4,5,-1,-3,0,-2,-3,-1,-1,0,1,1,-4,5,-1,-3,0,-2,-3,-1,-1,0
4539,resize,7,7,7,1,1,1,-2,1,1,0,0,-2,-5,4,-1,-1,7,1,-2,1,1,0,0,-2,-5,4,-1,-1
4540,resize,7,7,7,1,1,1,-2,0,-1,0,-1,-2,-5,3,-1,-1,7,1,-2,0,-1,0,-1,-2,-5,3,-1,-1
4541,resize,3,3,3,1,1,1,-3,-1,-1,6,-5,3,-4,-1,0,-1,3,1,-3,-1,-1,6,-5,3,-4,-1,0,-1
4542,resize,0,0,0,1,1,1,7,-3,0,-2,-3,-2,2,-2,-2,-1,0,1,7,-3,0,-2,-3,-2,2,-2,-2,-1
4543,resize,8,8,8,1,1,1,-3,-1,-1,1,-1,-1,-1,0,3,-2,8,1,-3,-1,-1,1,-1,-1,-1,0,3,-2
4544,resize,4,4,4,1,1,1,-2,-1,-1,-2,3,-2,-1,-1,-2,-1,4,1,-2,-1,-1,-2,3,-2,-1,-1,-2,-1
4545,resize,8,8,8,1,1,1,-1,-1,-1,0,-2,0,-1,-3,4,-1,8,1,-1,-1,-1,0,-2,0,-1,-3,4,-1
4546,resize,2,2,2,1,1,1,0,0,3,0,-2,-3,-1,1,0,-2,2,1,0,0,3,0,-2,-3,-1,1,0,-2
4547,resize,6,6,6,1,1,1,-1,0,0,-2,0,-1,3,-2,0,-2,6,1,-1,0,0,-2,0,-1,3,-2,0,-2
4548,resize,5,5,5,1,1,1,-2,1,-1,1,-2,4,0,-2,0,-1,5,1,-2,1,-1,1,-2,4,0,-2,0,-1
4549,resize,2,2,2,1,1,1,0,1,5,0,-3,-3,-2,0,-2,-4,2,1,0,1,5,0,-3,-3,-2,0,-2,-4
4550,resize,9,9,9,1,1,1,-1,-2,-2,-1,0,-2,-4,0,-1,4,9,1,-1,-2,-2,-1,0,-2,-4,0,-1,4
4551,resize,7,7,7,1,1,1,-2,0,0,-1,0,-1,-3,2,-2,0,7,1,-2,0,0,-1,0,-1,-3,2,-2,0
4552,resize,3,3,3,1,1,1,-1,-1,-2,3,-3,1,-2,-1,2,0,3,1,-1,-1,-2,3,-3,1,-2,-1,2,0
4553,resize,9,9,9,1,1,1,-2,-2,-2,0,0,-1,-5,1,-2,4,9,1,-2,-2,-2,0,0,-1,-5,1,-2,4
4554,resize,0,0,0,1,1,1,5,-2,0,-1,-2,-1,0,-1,-1,-1,0,1,5,-2,0,-1,-2,-1,0,-1,-1,-1
4555,resize,9,9,9,1,1,1,-2,-2,-3,-1,0,-1,-4,-1,-1,4,9,1,-2,-2,-3,-1,0,-1,-4,-1,-1,4
4556,resize,9,9,9,1,1,1,-3,-1,-3,-2,2,-2,-4,-2,-1,4,9,1,-3,-1,-3,-2,2,-2,-4,-2,-1,4
4557,resize,6,6,6,1,1,1,-1,-2,-4,-2,-1,2,6,-3,0,-4,6,1,-1,-2,-4,-2,-1,2,6,-3,0,-4
4558,resize,4,4,4,1,1,1,-1,-1,-2,-2,4,-2,-1,0,-1,1,4,1,-1,-1,-2,-2,4,-2,-1,0,-1,1
4559,resize,2,2,2,1,1,1,-1,1,6,1,-3,-4,-2,1,-1,-4,2,1,-1,1,6,1,-3,-4,-2,1,-1,-4
4560,resize,9,9,9,1,1,1,0,-2,-2,0,0,-1,-2,0,-1,4,9,1,0,-2,-2,0,0,-1,-2,0,-1,4
4561,resize,7,7,7,1,1,1,-1,0,-1,-1,-1,0,-4,3,-1,0,7,1,-1,0,-1,-1,-1,0,-4,3,-1,0
4562,resize,2,2,2,1,1,1,-1,0,6,1,-3,-3,-2,0,0,-3,2,1,-1,0,6,1,-3,-3,-2,0,0,-3
4563,resize,1,1,1,1,1,1,-1,3,-1,-2,-2,-1,-2,0,-1,-2,1,1,-1,3,-1,-2,-2,-1,-2,0,-1,-2
4564,resize,1,1,1,1,1,1,-2,4,-2,-3,-1,-1,-1,0,-1,-1,1,1,-2,4,-2,-3,-1,-1,-1,0,-1,-1
4565,resize,6,6,6,1,1,1,-1,0,-2,-1,0,1,4,-2,0,-3,6,1,-1,0,-2,-1,0,1,4,-2,0,-3
4566,resize,7,7,7,1,1,1,-2,1,2,1,-1,-2,-3,3,-1,-3,7,1,-2,1,2,1,-1,-2,-3,3,-1,-3
4567,resize,4,4,4,1,1,1,-3,0,-2,-2,3,-1,-3,-1,-1,2,4,1,-3,0,-2,-2,3,-1,-3,-1,-1,2
4568,resize,7,7,7,1,1,1,-1,-1,0,0,-1,-1,-4,4,0,-1,7,1,-1,-1,0,0,-1,-1,-4,4,0,-1
4569,resize,5,5,5,1,1,1,-2,-1,-2,0,-2,5,0,-2,1,0,5,1,-2,-1,-2,0,-2,5,0,-2,1,0
4570,resize,9,9,9,1,1,1,-3,-2,-3,-2,1,-1,-4,-1,0,4,9,1,-3,-2,-3,-2,1,-1,-4,-1,0,4
4571,resize,6,0,0,0,0,1,2,-1,-2,0,-2,-1,1,-3,2,0,0,1,2,-1,-2,0,-2,-1,1,-3,2,0
4572,resize,8,8,8,1,1,1,-1,-1,0,0,-1,-1,-2,-2,4,0,8,1,-1,-1,0,0,-1,-1,-2,-2,4,0
4573,resize,2,2,2,1,1,1,1,0,6,0,-4,-4,-3,1,-1,-4,2,1,1,0,6,0,-4,-4,-3,1,-1,-4
4574,resize,1,1,1,1,1,1,-2,2,-1,-2,0,0,-1,-1,0,0,1,1,-2,2,-1,-2,0,0,-1,-1,0,0
4575,resize,4,4,0,1,0,0,1,0,0,-1,1,-2,-1,-1,-2,0,0,1,1,0,0,-1,1,-2,-1,-1,-2,0
4576,resize,4,4,4,1,1,1,-3,0,-1,-3,4,-2,-4,0,-2,0,4,1,-3,0,-1,-3,4,-2,-4,0,-2,0
4577,resize,5,5,5,1,1,1,-1,-2,-3,-1,-2,4,0,-1,1,0,5,1,-1,-2,-3,-1,-2,4,0,-1,1,0
4578,resize,7,7,7,1,1,1,-1,0,0,0,0,0,-2,1,-1,1,7,1,-1,0,0,0,0,0,-2,1,-1,1
4579,resize,6,6,6,1,1,1,-1,-1,-3,-2,-1,2,4,-3,2,-1,6,1,-1,-1,-3,-2,-1,2,4,-3,2,-1
4580,resize,1,1,1,1,1,1,-2,4,-2,-3,0,-1,-2,1,-1,-1,1,1,-2,4,-2,-3,0,-1,-2,1,-1,-1
4581,resize,3,3,3,1,1,1,-4,-1,-1,7,-5,2,-3,-1,0,-2,3,1,-4,-1,-1,7,-5,2,-3,-1,0,-2
4582,resize,2,2,2,1,1,1,-1,1,5,0,-2,-2,-2,-1,0,-3,2,1,-1,1,5,0,-2,-2,-2,-1,0,-3
4583,resize,5,5,5,1,1,1,-2,-1,-3,-1,-2,6,0,-1,0,0,5,1,-2,-1,-3,-1,-2,6,0,-1,0,0
4584,resize,9,9,9,1,1,1,1,-2,-2,1,0,-1,-2,0,0,3,9,1,1,-2,-2,1,0,-1,-2,0,0,3
4585,resize,9,9,9,1,1,1,-1,-2,-3,0,0,-1,-3,0,0,4,9,1,-1,-2,-3,0,0,-1,-3,0,0,4
4586,resize,3,3,3,1,1,1,-2,-2,-2,5,-4,2,-3,-2,1,1,3,1,-2,-2,-2,5,-4,2,-3,-2,1,1
4587,resize,6,6,6,1,1,1,-1,-1,-3,-3,-1,1,6,-3,0,-3,6,1,-1,-1,-3,-3,-1,1,6,-3,0,-3
4588,resize,1,1,1,1,1,1,-3,4,-1,-2,0,-1,-2,0,-1,0,1,1,-3,4,-1,-2,0,-1,-2,0,-1,0
4589,resize,1,1,1,1,1,1,-2,4,-3,-4,-1,-1,-2,0,-1,-1,1,1,-2,4,-3,-4,-1,-1,-2,0,-1,-1
4590,resize,4,4,4,1,1,1,-3,0,-1,-4,5,-2,-3,-1,-3,0,4,1,-3,0,-1,-4,5,-2,-3,-1,-3,0
4591,resize,6,6,6,1,1,1,0,-2,-3,-3,-1,2,5,-4,0,-2,6,1,0,-2,-3,-3,-1,2,5,-4,0,-2
4592,resize,9,9,9,1,1,1,-1,-2,-2,0,0,-2,-4,1,0,4,9,1,-1,-2,-2,0,0,-2,-4,1,0,4
4593,resize,7,7,7,1,1,1,-1,0,1,0,-1,-1,-4,3,-1,0,7,1,-1,0,1,0,-1,-1,-4,3,-1,0
4594,resize,2,2,2,1,1,1,1,1,4,0,-3,-3,-2,1,-1,-3,2,1,1,1,4,0,-3,-3,-2,1,-1,-3
4595,resize,1,1,1,1,1,1,-2,3,0,-1,-1,-2,-2,0,-1,0,1,1,-2,3,0,-1,-1,-2,-2,0,-1,0
4596,resize,5,5,5,1,1,1,-2,-1,-3,0,-3,6,0,-2,1,1,5,1,-2,-1,-3,0,-3,6,0,-2,1,1
4597,resize,1,1,1,1,1,1,-2,3,-1,-2,-1,-1,-1,0,0,-1,1,1,-2,3,-1,-2,-1,-1,-1,0,0,-1
4598,resize,4,4,4,1,1,1,-3,0,-2,-4,4,-2,-3,0,-2,1,4,1,-3,0,-2,-4,4,-2,-3,0,-2,1
4599,resize,6,6,6,1,1,1,0,-1,-2,-2,-1,1,4,-3,0,-2,6,1,0,-1,-2,-2,-1,1,4,-3,0,-2
4600,resize,3,3,3,1,1,1,-3,-1,-1,6,-5,1,-4,-1,1,-1,3,1,-3,-1,-1,6,-5,1,-4,-1,1,-1
4601,resize,8,8,8,1,1,1,-4,-1,-1,-1,1,-2,-3,0,2,0,8,1,-4,-1,-1,-1,1,-2,-3,0,2,0
4602,resize,1,1,1,1,1,1,-2,4,-1,-3,-1,-1,-1,0,-1,-1,1,1,-2,4,-1,-3,-1,-1,-1,0,-1,-1
4603,resize,1,1,1,1,1,1,-3,3,-1,-2,-1,-1,-2,1,-1,-1,1,1,-3,3,-1,-2,-1,-1,-2,1,-1,-1
4604,resize,0,0,0,1,1,1,3,-2,-1,0,-2,1,2,-2,1,-1,0,1,3,-2,-1,0,-2,1,2,-2,1,-1
4605,resize,3,3,3,1,1,1,-3,-1,-1,6,-4,1,-3,-1,1,0,3,1,-3,-1,-1,6,-4,1,-3,-1,1,0
4606,resize,1,1,1,1,1,1,-2,4,-1,-3,-1,-1,-1,-1,0,-2,1,1,-2,4,-1,-3,-1,-1,-1,-1,0,-2
4607,resize,6,6,6,1,1,1,0,-1,-3,-2,-1,1,4,-3,0,-2,6,1,0,-1,-3,-2,-1,1,4,-3,0,-2
4608,resize,8,8,8,1,1,1,-1,-1,-1,-1,-1,0,0,-3,4,0,8,1,-1,-1,-1,-1,-1,0,0,-3,4,0
4609,resize,4,4,4,1,1,1,-4,0,-2,-3,4,-1,-2,-1,-1,-1,4,1,-4,0,-2,-3,4,-1,-2,-1,-1,-1
4610,resize,9,9,9,1,1,1,-2,-2,-3,-1,0,-1,-4,-1,-1,5,9,1,-2,-2,-3,-1,0,-1,-4,-1,-1,5
4611,resize,0,0,0,1,1,1,5,-2,-1,-1,-2,0,1,-2,-1,-1,0,1,5,-2,-1,-1,-2,0,1,-2,-1,-1
4612,resize,7,7,7,1,1,1,-3,1,0,0,0,-2,-5,4,-1,0,7,1,-3,1,0,0,0,-2,-5,4,-1,0
4613,resize,3,3,3,1,1,1,-2,-1,-2,7,-6,2,-4,-2,0,1,3,1,-2,-1,-2,7,-6,2,-4,-2,0,1
4614,resize,0,0,0,1,1,1,4,-3,-3,0,-2,2,2,-2,0,-1,0,1,4,-3,-3,0,-2,2,2,-2,0,-1
4615,resize,2,2,2,1,1,1,0,0,3,0,-2,-2,-2,-1,-1,-3,2,1,0,0,3,0,-2,-2,-2,-1,-1,-3
4616,resize,9,9,9,1,1,1,-1,-2,-2,0,-1,-1,-3,0,-1,4,9,1,-1,-2,-2,0,-1,-1,-3,0,-1,4
4617,resize,0,0,0,1,1,1,5,-3,-3,0,-2,1,2,-2,-1,-1,0,1,5,-3,-3,0,-2,1,2,-2,-1,-1
4618,resize,6,6,6,1,1,1,1,-2,-3,-2,-1,1,5,-3,-1,-2,6,1,1,-2,-3,-2,-1,1,5,-3,-1,-2
4619,resize,6,6,6,1,1,1,0,-1,-3,-2,-1,2,3,-3,2,0,6,1,0,-1,-3,-2,-1,2,3,-3,2,0
4620,resize,6,6,6,1,1,1,1,-1,1,-3,-1,0,3,-3,0,-3,6,1,1,-1,1,-3,-1,0,3,-3,0,-3
4621,resize,3,3,3,1,1,1,-5,0,0,7,-5,1,-3,-1,-1,-3,3,1,-5,0,0,7,-5,1,-3,-1,-1,-3
4622,resize,6,6,6,1,1,1,0,-2,-3,-2,-1,1,6,-3,-1,-3,6,1,0,-2,-3,-2,-1,1,6,-3,-1,-3
4623,resize,7,7,7,1,1,1,-3,0,-1,0,0,-1,-5,4,-1,0,7,1,-3,0,-1,0,0,-1,-5,4,-1,0
4624,resize,7,7,7,1,1,1,-2,-1,1,0,0,-1,-4,3,-1,0,7,1,-2,-1,1,0,0,-1,-4,3,-1,0
4625,resize,2,2,2,1,1,1,0,0,5,0,-4,-3,-3,1,0,-5,2,1,0,0,5,0,-4,-3,-3,1,0,-5
4626,resize,8,8,8,1,1,1,-1,-1,-1,-1,-1,-2,-1,-2,4,1,8,1,-1,-1,-1,-1,-1,-2,-1,-2,4,1
4627,resize,6,6,6,1,1,1,0,-1,-4,-3,0,1,6,-3,-1,-2,6,1,0,-1,-4,-3,0,1,6,-3,-1,-2
4628,resize,0,0,0,1,1,1,4,-1,0,0,-3,0,0,-1,0,0,0,1,4,-1,0,0,-3,0,0,-1,0,0
4629,resize,8,8,8,1,1,1,-1,-2,-1,0,-2,0,-1,-4,6,0,8,1,-1,-2,-1,0,-2,0,-1,-4,6,0
4630,resize,3,3,3,1,1,1,-2,0,0,2,-1,0,-1,0,-1,-2,3,1,-2,0,0,2,-1,0,-1,0,-1,-2
4631,resize,0,0,0,1,1,1,6,-3,-1,-2,-2,-1,1,-1,-1,0,0,1,6,-3,-1,-2,-2,-1,1,-1,-1,0
4632,resize,2,2,2,1,1,1,1,1,3,0,-2,-2,0,0,-2,-4,2,1,1,1,3,0,-2,-2,0,0,-2,-4
4633,resize,9,9,9,1,1,1,-1,-1,-1,0,0,-1,-2,0,0,3,9,1,-1,-1,-1,0,0,-1,-2,0,0,3
4634,resize,8,8,8,1,1,1,-2,0,-1,-1,1,0,-1,-2,3,1,8,1,-2,0,-1,-1,1,0,-1,-2,3,1
4635,resize,3,3,3,1,1,1,-3,0,-2,4,-3,2,-2,-1,0,0,3,1,-3,0,-2,4,-3,2,-2,-1,0,0
4636,resize,2,2,2,1,1,1,-2,1,6,1,-2,-4,-2,0,-1,-5,2,1,-2,1,6,1,-2,-4,-2,0,-1,-5
4637,resize,5,5,5,1,1,1,-3,0,-2,0,-3,6,0,-2,1,0,5,1,-3,0,-2,0,-3,6,0,-2,1,0
4638,resize,3,3,3,1,1,1,-4,-1,-2,7,-5,3,-3,-1,0,-1,3,1,-4,-1,-2,7,-5,3,-3,-1,0,-1
4639,resize,8,9,8,0,1,0,-2,-1,0,-1,1,-1,-3,0,2,2,8,1,-2,-1,0,-1,1,-1,-3,0,2,2
4640,resize,8,8,8,1,1,1,0,-1,-1,0,-2,-1,-2,-2,3,0,8,1,0,-1,-1,0,-2,-1,-2,-2,3,0
4641,resize,0,0,0,1,1,1,5,-2,-1,-1,-3,0,1,-2,-1,-1,0,1,5,-2,-1,-1,-3,0,1,-2,-1,-1
4642,resize,0,0,0,1,1,1,5,-2,-1,-2,-3,-1,1,-1,0,-1,0,1,5,-2,-1,-2,-3,-1,1,-1,0,-1
4643,resize,1,1,1,1,1,1,-3,4,-1,-3,0,-2,-2,0,-1,0,1,1,-3,4,-1,-3,0,-2,-2,0,-1,0
4644,resize,9,9,9,1,1,1,-1,-1,-2,1,-1,-2,-5,0,-1,3,9,1,-1,-1,-2,1,-1,-2,-5,0,-1,3
4645,resize,5,5,5,1,1,1,-2,-1,-2,-2,-2,6,1,-2,2,0,5,1,-2,-1,-2,-2,-2,6,1,-2,2,0
4646,resize,1,1,1,1,1,1,-2,3,-2,-2,0,0,-1,0,-1,0,1,1,-2,3,-2,-2,0,0,-1,0,-1,0
4647,resize,3,3,3,1,1,1,-4,0,-1,5,-4,2,-3,0,-1,-2,3,1,-4,0,-1,5,-4,2,-3,0,-1,-2
4648,resize,9,9,9,1,1,1,-2,-2,-2,-1,0,-1,-5,0,-1,4,9,1,-2,-2,-2,-1,0,-1,-5,0,-1,4
4649,resize,6,6,6,1,1,1,0,-1,-2,-2,-1,2,5,-3,0,-3,6,1,0,-1,-2,-2,-1,2,5,-3,0,-3
4650,resize,0,0,0,1,1,1,5,-2,-1,-1,-2,0,1,-1,-1,-1,0,1,5,-2,-1,-1,-2,0,1,-1,-1,-1
4651,resize,1,1,1,1,1,1,-3,4,-2,-3,-1,0,-3,1,-2,0,1,1,-3,4,-2,-3,-1,0,-3,1,-2,0
4652,resize,4,4,4,1,1,1,-3,0,0,-4,5,-3,-4,0,-4,0,4,1,-3,0,0,-4,5,-3,-4,0,-4,0
4653,resize,1,1,1,1,1,1,-3,3,0,-3,-1,-1,-2,0,-1,-1,1,1,-3,3,0,-3,-1,-1,-2,0,-1,-1
4654,resize,7,7,7,1,1,1,-4,1,0,0,0,-2,-4,5,-2,-2,7,1,-4,1,0,0,0,-2,-4,5,-2,-2
4655,resize,1,1,1,1,1,1,-3,4,-2,-3,0,0,-1,0,-1,0,1,1,-3,4,-2,-3,0,0,-1,0,-1,0
4656,resize,2,2,2,1,1,1,-1,1,5,0,-3,-2,-2,0,-1,-4,2,1,-1,1,5,0,-3,-2,-2,0,-1,-4
4657,resize,3,3,3,1,1,1,-3,0,1,5,-4,0,-3,0,0,-2,3,1,-3,0,1,5,-4,0,-3,0,0,-2
4658,resize,7,7,7,1,1,1,-3,1,2,0,-1,-2,-3,3,-2,-4,7,1,-3,1,2,0,-1,-2,-3,3,-2,-4
4659,resize,9,9,9,1,1,1,-2,-1,-1,0,-1,-1,-4,0,-1,3,9,1,-2,-1,-1,0,-1,-1,-4,0,-1,3
4660,resize,7,7,7,1,1,1,-3,1,0,1,-1,-1,-5,3,-2,0,7,1,-3,1,0,1,-1,-1,-5,3,-2,0
4661,resize,4,4,4,1,1,1,-3,-1,-1,-3,4,-1,-3,-1,-3,0,4,1,-3,-1,-1,-3,4,-1,-3,-1,-3,0
4662,resize,9,9,9,1,1,1,-2,-1,-2,0,1,-1,-4,0,-1,3,9,1,-2,-1,-2,0,1,-1,-4,0,-1,3
4663,resize,9,9,9,1,1,1,-1,-2,-2,0,0,0,-4,0,-1,5,9,1,-1,-2,-2,0,0,0,-4,0,-1,5
4664,resize,3,3,3,1,1,1,-3,-1,-1,5,-4,2,-3,-1,0,-1,3,1,-3,-1,-1,5,-4,2,-3,-1,0,-1
4665,resize,9,9,9,1,1,1,-3,0,-2,-1,1,-1,-3,-1,0,3,9,1,-3,0,-2,-1,1,-1,-3,-1,0,3
4666,resize,2,2,2,1,1,1,-1,1,5,0,-3,-3,-3,1,-1,-4,2,1,-1,1,5,0,-3,-3,-3,1,-1,-4
4667,resize,8,8,8,1,1,1,-2,-2,-1,1,-4,0,0,-4,6,-2,8,1,-2,-2,-1,1,-4,0,0,-4,6,-2
4668,resize,2,2,2,1,1,1,-1,1,3,0,-1,-1,-1,-1,0,-2,2,1,-1,1,3,0,-1,-1,-1,-1,0,-2
4669,resize,7,7,7,1,1,1,-1,0,0,0,-1,-1,-3,3,0,-1,7,1,-1,0,0,0,-1,-1,-3,3,0,-1
4670,resize,1,1,1,1,1,1,-2,4,-1,-3,0,-1,-1,0,-1,-1,1,1,-2,4,-1,-3,0,-1,-1,0,-1,-1
4671,resize,8,8,8,1,1,1,-1,-2,-1,0,-2,0,-1,-2,5,0,8,1,-1,-2,-1,0,-2,0,-1,-2,5,0
4672,resize,0,0,0,1,1,1,6,-2,-1,-2,-3,0,1,-2,-1,-1,0,1,6,-2,-1,-2,-3,0,1,-2,-1,-1
4673,resize,9,9,9,1,1,1,-1,-2,-3,-1,0,-2,-4,-1,0,3,9,1,-1,-2,-3,-1,0,-2,-4,-1,0,3
4674,resize,1,1,1,1,1,1,-1,3,0,-3,-2,0,-1,-1,1,-3,1,1,-1,3,0,-3,-2,0,-1,-1,1,-3
4675,resize,0,0,0,1,1,1,6,-3,-1,-2,-3,-1,0,-1,-1,-1,0,1,6,-3,-1,-2,-3,-1,0,-1,-1,-1
4676,resize,1,1,1,1,1,1,-2,3,-1,-2,0,0,-1,0,-1,0,1,1,-2,3,-1,-2,0,0,-1,0,-1,0
4677,resize,7,7,7,1,1,1,-2,0,1,1,-1,-1,-4,3,0,-1,7,1,-2,0,1,1,-1,-1,-4,3,0,-1
4678,resize,7,7,7,1,1,1,-2,0,0,0,-1,-1,-4,3,-1,0,7,1,-2,0,0,0,-1,-1,-4,3,-1,0
4679,resize,9,9,9,1,1,1,-1,-2,-3,1,-1,0,-3,0,-1,3,9,1,-1,-2,-3,1,-1,0,-3,0,-1,3
4680,resize,6,6,6,1,1,1,-1,-1,-3,-3,-1,1,7,-4,-1,-4,6,1,-1,-1,-3,-3,-1,1,7,-4,-1,-4
4681,resize,9,9,9,1,1,1,-1,-2,-2,-1,1,-2,-2,0,0,4,9,1,-1,-2,-2,-1,1,-2,-2,0,0,4
4682,resize,9,9,9,1,1,1,-3,-2,-2,-1,1,-1,-4,0,0,4,9,1,-3,-2,-2,-1,1,-1,-4,0,0,4
4683,resize,9,9,9,1,1,1,-1,-2,-2,0,-1,0,-4,1,-2,3,9,1,-1,-2,-2,0,-1,0,-4,1,-2,3
4684,resize,2,2,2,1,1,1,0,0,3,0,-3,-2,-1,-1,0,-3,2,1,0,0,3,0,-3,-2,-1,-1,0,-3
4685,resize,1,1,1,1,1,1,-4,4,-2,-4,0,-1,-2,0,-2,0,1,1,-4,4,-2,-4,0,-1,-2,0,-2,0
4686,resize,6,6,6,1,1,1,0,-1,-4,-2,-1,1,6,-3,0,-2,6,1,0,-1,-4,-2,-1,1,6,-3,0,-2
4687,resize,1,1,1,1,1,1,-3,3,-1,-3,0,-1,-1,0,-1,-1,1,1,-3,3,-1,-3,0,-1,-1,0,-1,-1
4688,resize,3,3,3,1,1,1,-5,0,-2,6,-3,1,-3,0,0,-2,3,1,-5,0,-2,6,-3,1,-3,0,0,-2
4689,resize,5,5,5,1,1,1,-3,-1,-2,1,-3,6,0,-2,0,0,5,1,-3,-1,-2,1,-3,6,0,-2,0,0
4690,resize,7,7,2,1,0,0,0,0,2,0,-1,-1,-3,2,-1,0,2,1,0,0,2,0,-1,-1,-3,2,-1,0
4691,resize,1,1,1,1,1,1,-1,3,-1,-3,-1,0,0,-1,0,-2,1,1,-1,3,-1,-3,-1,0,0,-1,0,-2
4692,resize,9,9,9,1,1,1,0,-2,-2,2,-2,1,-3,0,-1,4,9,1,0,-2,-2,2,-2,1,-3,0,-1,4
4693,resize,7,7,7,1,1,1,-1,-1,0,0,0,-1,-4,3,-1,1,7,1,-1,-1,0,0,0,-1,-4,3,-1,1
4694,resize,6,6,6,1,1,1,0,-1,-4,-2,-1,1,5,-3,1,-1,6,1,0,-1,-4,-2,-1,1,5,-3,1,-1
4695,resize,4,4,4,1,1,1,-4,-2,-2,-3,5,-2,-4,-1,-1,1,4,1,-4,-2,-2,-3,5,-2,-4,-1,-1,1
4696,resize,5,5,5,1,1,1,-2,0,-2,2,-2,4,-1,-1,-1,1,5,1,-2,0,-2,2,-2,4,-1,-1,-1,1
4697,resize,7,7,7,1,1,1,-1,-1,1,0,-1,-1,-5,4,-1,0,7,1,-1,-1,1,0,-1,-1,-5,4,-1,0
4698,resize,6,6,6,1,1,1,0,-1,-4,-2,0,1,5,-3,0,-2,6,1,0,-1,-4,-2,0,1,5,-3,0,-2
4699,resize,6,6,6,1,1,1,0,1,-1,-1,-1,1,2,-1,0,-1,6,1,0,1,-1,-1,-1,1,2,-1,0,-1
4700,resize,9,9,9,1,1,1,-2,-2,-1,-1,1,-2,-4,0,0,4,9,1,-2,-2,-1,-1,1,-2,-4,0,0,4
4701,resize,9,9,9,1,1,1,-2,-2,-1,-1,1,-1,-4,1,0,4,9,1,-2,-2,-1,-1,1,-1,-4,1,0,4
4702,resize,6,6,6,1,1,1,0,-1,-2,-1,-2,0,3,-3,1,-1,6,1,0,-1,-2,-1,-2,0,3,-3,1,-1
4703,resize,3,3,3,1,1,1,-3,0,-2,6,-4,3,-2,-1,-1,-2,3,1,-3,0,-2,6,-4,3,-2,-1,-1,-2
4704,resize,6,6,6,1,1,1,0,-2,-3,-2,-1,2,4,-3,0,-2,6,1,0,-2,-3,-2,-1,2,4,-3,0,-2
4705,resize,2,2,2,1,1,1,0,1,6,0,-4,-3,-2,1,-1,-6,2,1,0,1,6,0,-4,-3,-2,1,-1,-6
4706,resize,9,9,9,1,1,1,-1,-2,-2,-1,0,-2,-5,1,-2,3,9,1,-1,-2,-2,-1,0,-2,-5,1,-2,3
4707,resize,8,8,8,1,1,1,0,-2,-1,1,-3,-1,-3,-2,5,0,8,1,0,-2,-1,1,-3,-1,-3,-2,5,0
4708,resize,1,1,1,1,1,1,-3,4,-2,-3,-1,-1,-3,1,-2,-1,1,1,-3,4,-2,-3,-1,-1,-3,1,-2,-1
4709,resize,2,2,2,1,1,1,0,0,6,0,-4,-4,-1,-1,-1,-6,2,1,0,0,6,0,-4,-4,-1,-1,-1,-6
4710,resize,2,2,2,1,1,1,-2,2,5,1,-4,-2,-2,0,-1,-5,2,1,-2,2,5,1,-4,-2,-2,0,-1,-5
4711,resize,5,5,5,1,1,1,-2,0,-1,0,-3,4,0,-2,2,1,5,1,-2,0,-1,0,-3,4,0,-2,2,1
4712,resize,5,5,5,1,1,1,-2,-2,-2,-1,-1,3,-2,-1,0,2,5,1,-2,-2,-2,-1,-1,3,-2,-1,0,2
4713,resize,2,2,2,1,1,1,-1,1,6,0,-3,-2,0,-1,-2,-6,2,1,-1,1,6,0,-3,-2,0,-1,-2,-6
4714,resize,3,3,3,1,1,1,-3,-1,-2,5,-4,2,-3,-1,0,0,3,1,-3,-1,-2,5,-4,2,-3,-1,0,0
4715,resize,7,7,7,1,1,1,-2,0,1,0,0,-2,-5,4,-1,0,7,1,-2,0,1,0,0,-2,-5,4,-1,0
4716,resize,2,2,2,1,1,1,-2,1,4,1,-2,-2,-1,0,0,-3,2,1,-2,1,4,1,-2,-2,-1,0,0,-3
4717,resize,1,1,1,1,1,1,-1,3,-1,-3,-1,0,0,-1,1,-1,1,1,-1,3,-1,-3,-1,0,0,-1,1,-1
4718,resize,0,0,0,1,1,1,6,-2,0,-2,-3,-1,1,-2,-1,-1,0,1,6,-2,0,-2,-3,-1,1,-2,-1,-1
4719,resize,1,1,1,1,1,1,-1,2,-1,-2,0,0,-1,-1,0,-1,1,1,-1,2,-1,-2,0,0,-1,-1,0,-1
4720,resize,0,0,0,1,1,1,4,-2,0,-1,-3,-1,-2,0,-1,-1,0,1,4,-2,0,-1,-3,-1,-2,0,-1,-1
4721,resize,4,4,4,1,1,1,-3,-1,-1,-1,3,-1,-2,-1,-1,0,4,1,-3,-1,-1,-1,3,-1,-2,-1,-1,0
4722,resize,5,5,5,1,1,1,0,-2,-2,2,-2,3,-1,-1,-1,1,5,1,0,-2,-2,2,-2,3,-1,-1,-1,1
4723,resize,2,2,2,1,1,1,-1,0,4,2,-4,-3,-3,1,0,-3,2,1,-1,0,4,2,-4,-3,-3,1,0,-3
4724,resize,8,8,8,1,1,1,0,-2,0,0,-2,-1,0,-3,4,-1,8,1,0,-2,0,0,-2,-1,0,-3,4,-1
4725,resize,2,2,2,1,1,1,-2,1,6,1,-3,-3,-2,0,-1,-5,2,1,-2,1,6,1,-3,-3,-2,0,-1,-5
4726,resize,8,8,8,1,1,1,-1,-1,-1,-1,-1,0,0,-3,5,0,8,1,-1,-1,-1,-1,-1,0,0,-3,5,0
4727,resize,3,3,3,1,1,1,-3,-1,0,4,-3,-1,-3,1,0,-2,3,1,-3,-1,0,4,-3,-1,-3,1,0,-2
4728,resize,5,5,5,1,1,1,-1,-1,-1,0,-2,3,0,-1,1,-1,5,1,-1,-1,-1,0,-2,3,0,-1,1,-1
4729,resize,1,1,1,1,1,1,-3,4,-2,-3,0,-1,-2,-1,-1,1,1,1,-3,4,-2,-3,0,-1,-2,-1,-1,1
4730,resize,7,7,7,1,1,1,-3,0,0,0,0,-2,-6,5,-2,-1,7,1,-3,0,0,0,0,-2,-6,5,-2,-1
4731,resize,8,8,3,1,0,0,-1,-1,0,1,-1,0,-2,0,1,0,3,1,-1,-1,0,1,-1,0,-2,0,1,0
4732,resize,1,1,1,1,1,1,-2,3,-1,-2,-1,-1,-1,0,0,-1,1,1,-2,3,-1,-2,-1,-1,-1,0,0,-1
4733,resize,1,1,1,1,1,1,-1,3,-2,-3,-1,0,0,-1,0,-1,1,1,-1,3,-2,-3,-1,0,0,-1,0,-1
4734,resize,2,2,2,1,1,1,-1,1,5,0,-3,-4,-2,0,-1,-4,2,1,-1,1,5,0,-3,-4,-2,0,-1,-4
4735,resize,9,9,9,1,1,1,-3,-1,-2,-1,1,-1,-4,0,-2,3,9,1,-3,-1,-2,-1,1,-1,-4,0,-2,3
4736,resize,7,7,7,1,1,1,-4,1,2,0,0,-2,-4,4,-2,-3,7,1,-4,1,2,0,0,-2,-4,4,-2,-3
4737,resize,8,8,8,1,1,1,-2,-1,-2,-1,-2,2,2,-3,4,-1,8,1,-2,-1,-2,-1,-2,2,2,-3,4,-1
4738,resize,4,4,4,1,1,1,-3,0,-1,-2,3,-1,-1,0,-1,-1,4,1,-3,0,-1,-2,3,-1,-1,0,-1,-1
4739,resize,0,0,0,1,1,1,3,-2,-1,0,-1,1,1,-2,-1,0,0,1,3,-2,-1,0,-1,1,1,-2,-1,0
4740,resize,3,3,5,1,0,0,-2,-1,-2,2,-1,3,-1,0,-1,-1,5,1,-2,-1,-2,2,-1,3,-1,0,-1,-1
4741,resize,0,0,0,1,1,1,5,-2,0,-1,-3,0,0,-2,-1,-1,0,1,5,-2,0,-1,-3,0,0,-2,-1,-1
4742,resize,7,7,7,1,1,1,-1,0,1,0,0,-1,-3,2,-1,-2,7,1,-1,0,1,0,0,-1,-3,2,-1,-2
4743,resize,8,8,8,1,1,1,-2,-1,-1,-1,-1,1,1,-2,4,-1,8,1,-2,-1,-1,-1,-1,1,1,-2,4,-1
4744,resize,8,8,8,1,1,1,-1,-1,-1,0,-2,0,-1,-2,5,-1,8,1,-1,-1,-1,0,-2,0,-1,-2,5,-1
4745,resize,4,4,4,1,1,1,-3,0,-1,-3,3,-2,-3,-1,-2,1,4,1,-3,0,-1,-3,3,-2,-3,-1,-2,1
4746,resize,7,7,7,1,1,1,-3,0,-2,0,0,0,-5,4,-2,0,7,1,-3,0,-2,0,0,0,-5,4,-2,0
4747,resize,7,7,7,1,1,1,-3,-1,-1,0,0,-1,-6,4,-1,0,7,1,-3,-1,-1,0,0,-1,-6,4,-1,0
4748,resize,8,8,8,1,1,1,-1,-2,-1,-1,-1,0,-1,-3,5,0,8,1,-1,-2,-1,-1,-1,0,-1,-3,5,0
4749,resize,5,5,5,1,1,1,-2,-1,-2,0,-2,4,0,-2,1,1,5,1,-2,-1,-2,0,-2,4,0,-2,1,1
4750,resize,8,8,8,1,1,1,-1,-2,-2,0,-2,1,0,-3,6,-2,8,1,-1,-2,-2,0,-2,1,0,-3,6,-2
4751,resize,4,4,4,1,1,1,-1,0,-1,-2,2,-1,0,-1,-1,0,4,1,-1,0,-1,-2,2,-1,0,-1,-1,0
4752,resize,9,9,9,1,1,1,-1,-2,-2,0,0,0,-4,0,-2,4,9,1,-1,-2,-2,0,0,0,-4,0,-2,4
4753,resize,8,8,8,1,1,1,-1,-1,-2,0,-1,0,-1,-2,4,0,8,1,-1,-1,-2,0,-1,0,-1,-2,4,0
4754,resize,1,1,1,1,1,1,-2,4,0,-3,-1,-1,-1,0,-1,-2,1,1,-2,4,0,-3,-1,-1,-1,0,-1,-2
4755,resize,3,3,3,1,1,1,-3,1,0,3,-2,1,-2,1,-1,-2,3,1,-3,1,0,3,-2,1,-2,1,-1,-2
4756,resize,8,8,8,1,1,1,0,-2,-1,-1,-2,-1,-2,-3,5,0,8,1,0,-2,-1,-1,-2,-1,-2,-3,5,0
4757,resize,0,0,0,1,1,1,5,-3,-1,-1,-2,-2,-1,-1,-1,0,0,1,5,-3,-1,-1,-2,-2,-1,-1,-1,0
4758,resize,3,3,3,1,1,1,-4,-1,0,7,-5,0,-3,-1,1,-2,3,1,-4,-1,0,7,-5,0,-3,-1,1,-2
4759,resize,1,1,1,1,1,1,-2,2,-1,-1,0,-1,-2,1,-1,0,1,1,-2,2,-1,-1,0,-1,-2,1,-1,0
4760,resize,7,7,7,1,1,1,-3,1,0,0,0,-2,-4,4,-2,-1,7,1,-3,1,0,0,0,-2,-4,4,-2,-1
4761,resize,9,9,4,1,0,0,-2,-1,-2,-1,1,-1,-3,-1,0,1,4,1,-2,-1,-2,-1,1,-1,-3,-1,0,1
4762,resize,5,5,5,1,1,1,-2,-1,-3,0,-3,7,-1,-1,0,1,5,1,-2,-1,-3,0,-3,7,-1,-1,0,1
4763,resize,5,5,5,1,1,1,-1,-2,-3,0,-2,5,2,-3,1,-1,5,1,-1,-2,-3,0,-2,5,2,-3,1,-1
4764,resize,1,1,1,1,1,1,-2,3,-2,-3,-1,0,-1,0,-1,-1,1,1,-2,3,-2,-3,-1,0,-1,0,-1,-1
4765,resize,6,6,6,1,1,1,-1,0,-3,-3,-1,1,6,-3,0,-2,6,1,-1,0,-3,-3,-1,1,6,-3,0,-2
4766,resize,5,5,5,1,1,1,-3,-1,-2,1,-2,5,-1,-2,1,1,5,1,-3,-1,-2,1,-2,5,-1,-2,1,1
4767,resize,7,7,7,1,1,1,-2,-1,0,0,0,-1,-5,4,-1,0,7,1,-2,-1,0,0,0,-1,-5,4,-1,0
4768,resize,4,4,4,1,1,1,-3,-2,-2,-3,5,-3,-3,0,-1,1,4,1,-3,-2,-2,-3,5,-3,-3,0,-1,1
4769,resize,9,9,9,1,1,1,-2,-3,-2,0,-1,0,-5,1,-2,4,9,1,-2,-3,-2,0,-1,0,-5,1,-2,4
4770,resize,3,3,3,1,1,1,-3,-1,-1,6,-4,2,-3,-1,1,-1,3,1,-3,-1,-1,6,-4,2,-3,-1,1,-1
4771,resize,5,5,5,1,1,1,-2,-1,-2,-1,-3,4,0,-3,2,1,5,1,-2,-1,-2,-1,-3,4,0,-3,2,1
4772,resize,4,4,4,1,1,1,-5,0,-2,-4,5,-2,-4,-1,-2,-1,4,1,-5,0,-2,-4,5,-2,-4,-1,-2,-1
4773,resize,7,7,7,1,1,1,-3,1,1,0,-1,-1,-5,4,-1,-2,7,1,-3,1,1,0,-1,-1,-5,4,-1,-2
4774,resize,1,1,1,1,1,1,-3,3,-2,-2,-1,0,-2,0,-1,1,1,1,-3,3,-2,-2,-1,0,-2,0,-1,1
4775,resize,2,2,2,1,1,1,0,1,6,-1,-3,-4,0,0,-2,-5,2,1,0,1,6,-1,-3,-4,0,0,-2,-5
4776,resize,0,0,0,1,1,1,4,-3,-2,-1,-1,0,2,-1,0,0,0,1,4,-3,-2,-1,-1,0,2,-1,0,0
4777,resize,8,8,8,1,1,1,-1,-1,-1,0,-1,1,0,-2,3,0,8,1,-1,-1,-1,0,-1,1,0,-2,3,0
4778,resize,1,1,1,1,1,1,-2,4,0,-3,0,-1,-2,0,-1,-1,1,1,-2,4,0,-3,0,-1,-2,0,-1,-1
4779,resize,6,6,6,1,1,1,0,-2,-5,-3,0,1,7,-4,0,-3,6,1,0,-2,-5,-3,0,1,7,-4,0,-3
4780,resize,0,0,0,1,1,1,5,-2,0,-2,-2,-1,0,-1,-1,-1,0,1,5,-2,0,-2,-2,-1,0,-1,-1,-1
4781,resize,7,7,7,1,1,1,-3,0,0,0,-1,-2,-5,4,-1,-1,7,1,-3,0,0,0,-1,-2,-5,4,-1,-1
4782,resize,3,3,3,1,1,1,-3,-1,-2,6,-4,2,-4,-1,0,1,3,1,-3,-1,-2,6,-4,2,-4,-1,0,1
4783,resize,4,4,4,1,1,1,-3,-1,-3,-3,3,-1,-3,-1,-2,3,4,1,-3,-1,-3,-3,3,-1,-3,-1,-2,3
4784,resize,7,7,7,1,1,1,-2,0,0,0,-1,-1,-4,4,-1,-1,7,1,-2,0,0,0,-1,-1,-4,4,-1,-1
4785,resize,3,3,3,1,1,1,-2,-1,-1,5,-4,0,-3,-1,1,0,3,1,-2,-1,-1,5,-4,0,-3,-1,1,0
4786,resize,9,9,9,1,1,1,-1,-2,-2,0,0,-2,-4,0,0,3,9,1,-1,-2,-2,0,0,-2,-4,0,0,3
4787,resize,6,6,6,1,1,1,-2,0,-2,-3,0,1,6,-3,0,-4,6,1,-2,0,-2,-3,0,1,6,-3,0,-4
4788,resize,0,0,0,1,1,1,5,-2,-1,-1,-3,0,1,-2,0,-1,0,1,5,-2,-1,-1,-3,0,1,-2,0,-1
4789,resize,8,8,8,1,1,1,-1,-2,-2,-2,-2,2,1,-4,6,-1,8,1,-1,-2,-2,-2,-2,2,1,-4,6,-1
4790,resize,6,6,6,1,1,1,0,-1,-3,-2,-1,1,4,-3,1,-1,6,1,0,-1,-3,-2,-1,1,4,-3,1,-1
4791,resize,4,4,4,1,1,1,-2,0,0,-3,4,-2,-3,-1,-3,0,4,1,-2,0,0,-3,4,-2,-3,-1,-3,0
4792,resize,8,8,8,1,1,1,-1,-2,-2,-1,-1,1,0,-3,5,0,8,1,-1,-2,-2,-1,-1,1,0,-3,5,0
4793,resize,7,7,7,1,1,1,-3,0,-1,0,0,-1,-4,3,-1,0,7,1,-3,0,-1,0,0,-1,-4,3,-1,0
4794,resize,7,7,7,1,1,1,-3,0,-1,0,1,-1,-5,4,-2,-1,7,1,-3,0,-1,0,1,-1,-5,4,-2,-1
4795,resize,9,9,9,1,1,1,-1,-2,-2,1,-1,-1,-4,0,-1,3,9,1,-1,-2,-2,1,-1,-1,-4,0,-1,3
4796,resize,3,3,3,1,1,1,-2,-1,-1,4,-4,1,-2,-1,1,0,3,1,-2,-1,-1,4,-4,1,-2,-1,1,0
4797,resize,8,8,8,1,1,1,-1,-2,-2,0,-2,0,-1,-3,5,0,8,1,-1,-2,-2,0,-2,0,-1,-3,5,0
4798,resize,6,6,6,1,1,1,0,-1,-1,-2,-1,1,3,-3,1,-1,6,1,0,-1,-1,-2,-1,1,3,-3,1,-1
4799,resize,9,9,9,1,1,1,0,-2,-2,1,-1,-1,-2,0,-1,3,9,1,0,-2,-2,1,-1,-1,-2,0,-1,3
4800,resize,7,7,7,1,1,1,-2,-1,0,0,-1,-1,-6,4,-1,-1,7,1,-2,-1,0,0,-1,-1,-6,4,-1,-1
4801,resize,2,2,2,1,1,1,-1,1,5,-1,-1,-3,-1,-1,-2,-5,2,1,-1,1,5,-1,-1,-3,-1,-1,-2,-5
4802,resize,3,3,3,1,1,1,-2,0,-1,4,-2,1,-2,-1,0,0,3,1,-2,0,-1,4,-2,1,-2,-1,0,0
4803,resize,4,4,4,1,1,1,-3,0,-1,-3,4,-2,-3,-1,-4,-1,4,1,-3,0,-1,-3,4,-2,-3,-1,-4,-1
4804,resize,0,0,0,1,1,1,4,-2,0,-2,-2,0,2,-2,-1,-1,0,1,4,-2,0,-2,-2,0,2,-2,-1,-1
4805,resize,2,2,2,1,1,1,1,1,7,0,-4,-5,-3,0,-2,-5,2,1,1,1,7,0,-4,-5,-3,0,-2,-5
4806,resize,1,1,1,1,1,1,-3,3,-1,-2,0,-1,-2,1,-2,-1,1,1,-3,3,-1,-2,0,-1,-2,1,-2,-1
4807,resize,8,8,3,1,0,0,1,-1,-1,2,-2,1,0,-2,1,-1,3,1,1,-1,-1,2,-2,1,0,-2,1,-1
4808,resize,3,3,3,1,1,1,-3,-1,-3,3,-2,3,-3,0,0,1,3,1,-3,-1,-3,3,-2,3,-3,0,0,1
4809,resize,5,5,5,1,1,1,-1,-1,-2,0,-2,5,0,-2,0,1,5,1,-1,-1,-2,0,-2,5,0,-2,0,1
4810,resize,5,5,5,1,1,1,-1,-1,-2,0,-2,5,0,-1,0,1,5,1,-1,-1,-2,0,-2,5,0,-1,0,1
4811,resize,7,7,7,1,1,1,-3,0,1,0,0,-2,-6,4,-1,-1,7,1,-3,0,1,0,0,-2,-6,4,-1,-1
4812,resize,2,2,2,1,1,1,0,1,5,-1,-3,-3,-2,1,0,-4,2,1,0,1,5,-1,-3,-3,-2,1,0,-4
4813,resize,4,4,4,1,1,1,-3,-1,-2,-3,4,-2,-3,0,-1,1,4,1,-3,-1,-2,-3,4,-2,-3,0,-1,1
4814,resize,6,6,0,1,0,0,1,-1,-2,-1,-1,0,1,-1,0,0,0,1,1,-1,-2,-1,-1,0,1,-1,0,0
4815,resize,7,7,7,1,1,1,-1,-1,-1,0,0,-1,-3,2,0,-1,7,1,-1,-1,-1,0,0,-1,-3,2,0,-1
4816,resize,2,2,2,1,1,1,-1,1,4,0,-1,-1,-1,-1,-2,-4,2,1,-1,1,4,0,-1,-1,-1,-1,-2,-4
4817,resize,8,8,8,1,1,1,-1,-2,-2,0,-2,0,0,-3,5,-1,8,1,-1,-2,-2,0,-2,0,0,-3,5,-1
4818,resize,3,3,3,1,1,1,-4,-1,0,7,-6,1,-3,-2,1,-1,3,1,-4,-1,0,7,-6,1,-3,-2,1,-1
4819,resize,0,0,0,1,1,1,4,-2,0,-2,-2,-1,0,0,0,0,0,1,4,-2,0,-2,-2,-1,0,0,0,0
4820,resize,8,8,8,1,1,1,-2,-1,-2,0,-1,1,0,-3,4,0,8,1,-2,-1,-2,0,-1,1,0,-3,4,0
4821,resize,7,7,7,1,1,1,-2,0,-1,0,-1,0,-5,4,-1,0,7,1,-2,0,-1,0,-1,0,-5,4,-1,0
4822,resize,8,8,8,1,1,1,-1,-1,-1,-1,0,-1,-1,-3,4,0,8,1,-1,-1,-1,-1,0,-1,-1,-3,4,0
4823,resize,9,9,9,1,1,1,-1,-1,-2,-1,1,1,0,-1,-1,2,9,1,-1,-1,-2,-1,1,1,0,-1,-1,2
4824,resize,0,0,0,1,1,1,5,-2,-1,-2,-2,-1,0,-1,-1,0,0,1,5,-2,-1,-2,-2,-1,0,-1,-1,0
4825,resize,8,8,8,1,1,1,-1,-1,-1,0,-1,-1,-2,-2,3,0,8,1,-1,-1,-1,0,-1,-1,-2,-2,3,0
4826,resize,4,4,4,1,1,1,-2,0,0,-2,3,-2,-3,0,-2,0,4,1,-2,0,0,-2,3,-2,-3,0,-2,0
4827,resize,4,4,4,1,1,1,-6,0,-3,-4,5,-2,-3,-1,0,0,4,1,-6,0,-3,-4,5,-2,-3,-1,0,0
4828,resize,5,5,5,1,1,1,-3,0,-2,0,-2,5,-1,0,0,0,5,1,-3,0,-2,0,-2,5,-1,0,0,0
4829,resize,8,8,8,1,1,1,-1,-1,-2,0,-1,1,0,-2,4,0,8,1,-1,-1,-2,0,-1,1,0,-2,4,0
4830,resize,5,5,5,1,1,1,-1,-2,-2,0,-2,4,0,-2,1,1,5,1,-1,-2,-2,0,-2,4,0,-2,1,1
4831,resize,6,6,6,1,1,1,0,-1,-2,-1,-2,3,4,-2,1,-3,6,1,0,-1,-2,-1,-2,3,4,-2,1,-3
4832,resize,6,6,6,1,1,1,0,-1,-2,-2,0,1,4,-3,-1,-3,6,1,0,-1,-2,-2,0,1,4,-3,-1,-3
4833,resize,3,3,3,1,1,1,-3,0,1,4,-3,0,-3,0,0,-2,3,1,-3,0,1,4,-3,0,-3,0,0,-2
4834,resize,0,0,0,1,1,1,4,-3,-2,-1,-2,1,2,-1,0,0,0,1,4,-3,-2,-1,-2,1,2,-1,0,0
4835,resize,9,9,9,1,1,1,-3,-2,-2,-1,0,-1,-5,-1,-1,5,9,1,-3,-2,-2,-1,0,-1,-5,-1,-1,5
4836,resize,3,3,3,1,1,1,-3,-1,-1,5,-3,2,-2,-1,0,0,3,1,-3,-1,-1,5,-3,2,-2,-1,0,0
4837,resize,7,7,2,1,0,0,0,0,1,1,-3,-2,-3,1,0,-2,2,1,0,0,1,1,-3,-2,-3,1,0,-2
4838,resize,6,5,5,0,0,1,0,-2,-2,-2,-2,4,2,-3,2,0,5,1,0,-2,-2,-2,-2,4,2,-3,2,0
4839,resize,8,8,8,1,1,1,0,-1,-1,1,-2,-1,-2,-1,3,-1,8,1,0,-1,-1,1,-2,-1,-2,-1,3,-1
4840,resize,9,9,9,1,1,1,-2,-1,-3,0,-1,0,-5,0,-2,4,9,1,-2,-1,-3,0,-1,0,-5,0,-2,4
4841,resize,3,3,3,1,1,1,-2,0,0,3,-2,-1,-3,0,1,-1,3,1,-2,0,0,3,-2,-1,-3,0,1,-1
4842,resize,4,4,4,1,1,1,-4,-1,-1,-3,5,-2,-5,-1,-2,1,4,1,-4,-1,-1,-3,5,-2,-5,-1,-2,1
4843,resize,9,9,9,1,1,1,-2,-2,-2,0,0,-1,-5,0,-2,4,9,1,-2,-2,-2,0,0,-1,-5,0,-2,4
4844,resize,5,5,5,1,1,1,-1,-1,-2,1,-2,5,-1,-1,-1,1,5,1,-1,-1,-2,1,-2,5,-1,-1,-1,1
4845,resize,8,8,8,1,1,1,-1,-1,-1,1,-2,-1,-2,-1,4,-2,8,1,-1,-1,-1,1,-2,-1,-2,-1,4,-2
4846,resize,9,9,9,1,1,1,-2,-1,-2,-1,1,-1,-3,-1,-1,4,9,1,-2,-1,-2,-1,1,-1,-3,-1,-1,4
4847,resize,1,1,1,1,1,1,-4,4,-2,-3,0,0,-2,0,-1,0,1,1,-4,4,-2,-3,0,0,-2,0,-1,0
4848,resize,2,2,2,1,1,1,-1,1,5,2,-5,-3,-2,0,-1,-5,2,1,-1,1,5,2,-5,-3,-2,0,-1,-5
4849,resize,8,8,8,1,1,1,-2,-1,-2,-1,-1,1,0,-3,4,0,8,1,-2,-1,-2,-1,-1,1,0,-3,4,0
4850,resize,8,8,8,1,1,1,-1,-2,-1,1,-2,1,-2,-2,4,1,8,1,-1,-2,-1,1,-2,1,-2,-2,4,1
4851,resize,6,6,6,1,1,1,0,-1,-3,-2,-1,1,5,-3,0,-3,6,1,0,-1,-3,-2,-1,1,5,-3,0,-3
4852,resize,8,8,8,1,1,1,-3,-1,-2,-2,-1,2,2,-3,5,-2,8,1,-3,-1,-2,-2,-1,2,2,-3,5,-2
4853,resize,1,1,1,1,1,1,-3,4,-2,-3,-1,-1,-2,0,-1,-1,1,1,-3,4,-2,-3,-1,-1,-2,0,-1,-1
4854,resize,3,3,3,1,1,1,-3,-1,-3,5,-2,2,-3,-1,-1,0,3,1,-3,-1,-3,5,-2,2,-3,-1,-1,0
4855,resize,7,7,7,1,1,1,-2,0,0,0,0,-1,-3,3,-1,-1,7,1,-2,0,0,0,0,-1,-3,3,-1,-1
4856,resize,9,9,9,1,1,1,-2,-2,-1,-1,0,0,-4,0,0,3,9,1,-2,-2,-1,-1,0,0,-4,0,0,3
4857,resize,0,0,0,1,1,1,4,-1,0,-1,-3,0,-1,0,0,-3,0,1,4,-1,0,-1,-3,0,-1,0,0,-3
4858,resize,1,1,1,1,1,1,-3,4,-1,-4,0,-1,-2,1,-2,-1,1,1,-3,4,-1,-4,0,-1,-2,1,-2,-1
4859,resize,1,1,1,1,1,1,-3,4,-1,-3,-1,-1,-2,0,-1,-1,1,1,-3,4,-1,-3,-1,-1,-2,0,-1,-1
4860,resize,4,4,4,1,1,1,-2,-1,-2,-2,3,-2,-3,0,-1,2,4,1,-2,-1,-2,-2,3,-2,-3,0,-1,2
4861,resize,7,7,7,1,1,1,-2,0,1,1,-1,-1,-3,3,-1,-2,7,1,-2,0,1,1,-1,-1,-3,3,-1,-2
4862,resize,0,0,0,1,1,1,4,-2,-1,-1,-2,0,0,0,-1,-1,0,1,4,-2,-1,-1,-2,0,0,0,-1,-1
4863,resize,8,8,8,1,1,1,-1,0,0,0,0,-1,-1,-1,2,0,8,1,-1,0,0,0,0,-1,-1,-1,2,0
4864,resize,1,1,1,1,1,1,-2,3,0,-2,0,-1,-1,1,-2,-1,1,1,-2,3,0,-2,0,-1,-1,1,-2,-1
4865,resize,7,7,7,1,1,1,-3,0,0,0,-1,-2,-5,5,-1,-2,7,1,-3,0,0,0,-1,-2,-5,5,-1,-2
4866,resize,4,4,4,1,1,1,-4,0,-2,-4,5,-3,-4,0,-3,0,4,1,-4,0,-2,-4,5,-3,-4,0,-3,0
4867,resize,5,5,5,1,1,1,-3,0,-3,0,-2,5,0,-1,1,0,5,1,-3,0,-3,0,-2,5,0,-1,1,0
4868,resize,7,7,7,1,1,1,-2,-1,-2,0,-1,-1,-6,4,0,0,7,1,-2,-1,-2,0,-1,-1,-6,4,0,0
4869,resize,1,1,1,1,1,1,-3,4,-1,-3,0,-1,-2,0,-2,-1,1,1,-3,4,-1,-3,0,-1,-2,0,-2,-1
4870,resize,2,2,2,1,1,1,-1,1,6,0,-3,-4,-2,0,-1,-4,2,1,-1,1,6,0,-3,-4,-2,0,-1,-4
4871,resize,1,1,1,1,1,1,-2,3,-1,-2,-1,0,-2,0,-2,0,1,1,-2,3,-1,-2,-1,0,-2,0,-2,0
4872,resize,1,1,1,1,1,1,-2,3,-2,-2,-1,-1,-1,0,-1,-1,1,1,-2,3,-2,-2,-1,-1,-1,0,-1,-1
4873,resize,3,3,3,1,1,1,-2,0,0,4,-4,0,-3,0,0,-1,3,1,-2,0,0,4,-4,0,-3,0,0,-1
4874,resize,9,9,0,1,0,0,1,-2,-1,-1,0,0,0,-1,-1,1,0,1,1,-2,-1,-1,0,0,0,-1,-1,1
4875,resize,6,6,6,1,1,1,-1,-1,-3,-3,0,1,6,-4,-1,-4,6,1,-1,-1,-3,-3,0,1,6,-4,-1,-4
4876,resize,2,2,2,1,1,1,-1,1,2,0,0,-1,-2,0,-2,-3,2,1,-1,1,2,0,0,-1,-2,0,-2,-3
4877,resize,1,1,1,1,1,1,-3,3,-1,-2,0,0,-2,0,-2,0,1,1,-3,3,-1,-2,0,0,-2,0,-2,0
4878,resize,2,2,2,1,1,1,-1,0,6,1,-3,-3,-1,0,-1,-5,2,1,-1,0,6,1,-3,-3,-1,0,-1,-5
4879,resize,8,8,8,1,1,1,-2,0,-2,-2,0,1,1,-2,2,0,8,1,-2,0,-2,-2,0,1,1,-2,2,0
4880,resize,0,0,8,1,0,0,2,-2,-1,-1,-3,0,1,-3,3,0,8,1,2,-2,-1,-1,-3,0,1,-3,3,0
4881,resize,7,7,7,1,1,1,-3,0,-1,0,-1,-1,-5,4,0,0,7,1,-3,0,-1,0,-1,-1,-5,4,0,0
4882,resize,6,6,6,1,1,1,1,-2,-5,-2,-1,2,5,-4,2,0,6,1,1,-2,-5,-2,-1,2,5,-4,2,0
4883,resize,6,6,6,1,1,1,0,-1,-2,-1,-1,2,4,-2,0,-2,6,1,0,-1,-2,-1,-1,2,4,-2,0,-2
4884,resize,9,9,9,1,1,1,-3,-2,-3,-2,1,-1,-5,-2,-1,5,9,1,-3,-2,-3,-2,1,-1,-5,-2,-1,5
4885,resize,3,3,3,1,1,1,-3,-1,-1,6,-5,2,-3,-2,1,0,3,1,-3,-1,-1,6,-5,2,-3,-2,1,0
4886,resize,7,7,1,1,0,0,-1,1,1,0,-2,-1,-2,1,0,-3,1,1,-1,1,1,0,-2,-1,-2,1,0,-3
4887,resize,0,0,0,1,1,1,5,-2,-1,-2,-3,0,0,-1,0,-1,0,1,5,-2,-1,-2,-3,0,0,-1,0,-1
4888,resize,5,5,5,1,1,1,-1,0,-1,-1,0,3,0,-1,1,0,5,1,-1,0,-1,-1,0,3,0,-1,1,0
4889,resize,2,2,2,1,1,1,-2,2,6,0,-4,-4,-3,1,-2,-5,2,1,-2,2,6,0,-4,-4,-3,1,-2,-5
4890,resize,8,8,5,1,0,0,-2,-1,-1,0,-1,2,2,-2,2,-3,5,1,-2,-1,-1,0,-1,2,2,-2,2,-3
4891,resize,0,0,0,1,1,1,4,-2,-1,-1,-1,-1,1,-1,-1,-1,0,1,4,-2,-1,-1,-1,-1,1,-1,-1,-1
4892,resize,5,5,5,1,1,1,-2,-2,-2,0,-2,6,0,-2,0,2,5,1,-2,-2,-2,0,-2,6,0,-2,0,2
4893,resize,4,4,4,1,1,1,-3,0,-2,-3,4,-1,-3,0,-2,1,4,1,-3,0,-2,-3,4,-1,-3,0,-2,1
4894,resize,3,3,3,1,1,1,-3,-2,-3,6,-4,4,-3,-1,0,1,3,1,-3,-2,-3,6,-4,4,-3,-1,0,1
4895,resize,8,8,8,1,1,1,0,-2,-1,1,-3,0,-1,-3,5,-1,8,1,0,-2,-1,1,-3,0,-1,-3,5,-1
4896,resize,4,4,4,1,1,1,-1,0,0,-2,3,-2,-2,0,-2,1,4,1,-1,0,0,-2,3,-2,-2,0,-2,1
4897,resize,6,6,6,1,1,1,0,-2,-3,-3,-1,3,5,-5,0,-2,6,1,0,-2,-3,-3,-1,3,5,-5,0,-2
4898,resize,6,6,6,1,1,1,0,-1,-2,-2,-2,2,4,-4,1,-3,6,1,0,-1,-2,-2,-2,2,4,-4,1,-3
4899,resize,2,2,2,1,1,1,-1,0,3,0,-2,-2,-2,-1,0,-2,2,1,-1,0,3,0,-2,-2,-2,-1,0,-2
4900,resize,7,7,7,1,1,1,-2,1,0,-1,0,-1,-3,3,-1,0,7,1,-2,1,0,-1,0,-1,-3,3,-1,0
4901,resize,9,9,9,1,1,1,-2,-2,-2,0,0,-1,-4,0,-1,3,9,1,-2,-2,-2,0,0,-1,-4,0,-1,3
4902,resize,5,5,5,1,1,1,-2,-2,-2,2,-2,4,-2,-1,-1,2,5,1,-2,-2,-2,2,-2,4,-2,-1,-1,2
4903,resize,1,1,1,1,1,1,-3,4,-1,-3,0,-1,-2,0,-2,-1,1,1,-3,4,-1,-3,0,-1,-2,0,-2,-1
4904,resize,3,3,3,1,1,1,-4,-1,-2,6,-5,2,-3,-2,1,0,3,1,-4,-1,-2,6,-5,2,-3,-2,1,0
4905,resize,2,2,2,1,1,1,0,0,5,1,-4,-3,-3,0,0,-3,2,1,0,0,5,1,-4,-3,-3,0,0,-3
4906,resize,4,4,4,1,1,1,-3,0,-1,-3,4,-2,-3,-1,-2,-1,4,1,-3,0,-1,-3,4,-2,-3,-1,-2,-1
4907,resize,3,3,3,1,1,1,-1,0,-1,3,-2,1,-2,0,0,-1,3,1,-1,0,-1,3,-2,1,-2,0,0,-1
4908,resize,6,6,6,1,1,1,-1,-1,-4,-2,0,1,5,-3,1,-2,6,1,-1,-1,-4,-2,0,1,5,-3,1,-2
4909,resize,1,1,1,1,1,1,-3,4,-2,-2,0,0,-2,0,-2,0,1,1,-3,4,-2,-2,0,0,-2,0,-2,0
4910,resize,9,9,9,1,1,1,-2,-2,-3,-1,0,-1,-5,0,-2,4,9,1,-2,-2,-3,-1,0,-1,-5,0,-2,4
4911,resize,4,4,4,1,1,1,-1,-1,-2,-3,3,-2,-2,-1,-1,3,4,1,-1,-1,-2,-3,3,-2,-2,-1,-1,3
4912,resize,4,4,4,1,1,1,-4,-1,-2,-4,6,-3,-4,-1,-3,0,4,1,-4,-1,-2,-4,6,-3,-4,-1,-3,0
4913,resize,7,7,7,1,1,1,-1,0,1,0,-1,-1,-3,2,-1,-1,7,1,-1,0,1,0,-1,-1,-3,2,-1,-1
4914,resize,6,6,6,1,1,1,-1,-1,-4,-2,-1,1,6,-4,1,-2,6,1,-1,-1,-4,-2,-1,1,6,-4,1,-2
4915,resize,5,5,5,1,1,1,-1,0,-1,-1,-2,3,1,-2,1,0,5,1,-1,0,-1,-1,-2,3,1,-2,1,0
4916,resize,4,4,4,1,1,1,-5,-1,-3,-5,5,-3,-4,-1,-2,1,4,1,-5,-1,-3,-5,5,-3,-4,-1,-2,1
4917,resize,1,1,1,1,1,1,-2,4,-1,-3,-1,0,-1,0,-1,-2,1,1,-2,4,-1,-3,-1,0,-1,0,-1,-2
4918,resize,9,9,9,1,1,1,0,-1,-2,0,0,-1,-2,0,-1,2,9,1,0,-1,-2,0,0,-1,-2,0,-1,2
4919,resize,9,9,9,1,1,1,-1,-2,-3,0,0,-1,-4,-1,-2,4,9,1,-1,-2,-3,0,0,-1,-4,-1,-2,4
4920,resize,2,2,2,1,1,1,-1,1,6,0,-3,-4,-3,0,-1,-4,2,1,-1,1,6,0,-3,-4,-3,0,-1,-4
4921,resize,7,7,7,1,1,1,-2,0,0,0,-1,-1,-3,2,-1,0,7,1,-2,0,0,0,-1,-1,-3,2,-1,0
4922,resize,8,8,8,1,1,1,-2,-1,-1,-1,-1,0,-1,-2,5,0,8,1,-2,-1,-1,-1,-1,0,-1,-2,5,0
4923,resize,0,0,0,1,1,1,3,-2,-1,-1,-1,1,1,-1,-1,-1,0,1,3,-2,-1,-1,-1,1,1,-1,-1,-1
4924,resize,1,1,1,1,1,1,-3,3,0,-2,0,-1,-2,0,0,-1,1,1,-3,3,0,-2,0,-1,-2,0,0,-1
4925,resize,3,3,3,1,1,1,-2,0,-1,4,-3,1,-3,0,-1,-2,3,1,-2,0,-1,4,-3,1,-3,0,-1,-2
4926,resize,6,6,6,1,1,1,-1,-1,-3,-2,0,1,5,-3,-1,-3,6,1,-1,-1,-3,-2,0,1,5,-3,-1,-3
4927,resize,1,1,1,1,1,1,-3,4,-1,-3,0,-1,-2,0,-1,-1,1,1,-3,4,-1,-3,0,-1,-2,0,-1,-1
4928,resize,3,3,3,1,1,1,-3,-1,-1,5,-4,1,-3,0,0,-1,3,1,-3,-1,-1,5,-4,1,-3,0,0,-1
4929,resize,4,4,4,1,1,1,-1,0,-1,-1,2,0,0,0,-1,0,4,1,-1,0,-1,-1,2,0,0,0,-1,0
4930,resize,1,1,1,1,1,1,-3,4,-1,-3,0,0,-1,-1,-1,0,1,1,-3,4,-1,-3,0,0,-1,-1,-1,0
4931,resize,1,1,1,1,1,1,-2,3,-1,-3,0,-2,-2,0,-1,0,1,1,-2,3,-1,-3,0,-2,-2,0,-1,0
4932,resize,1,1,1,1,1,1,-2,4,-1,-3,0,-1,-1,-1,-1,-2,1,1,-2,4,-1,-3,0,-1,-1,-1,-1,-2
4933,resize,5,5,5,1,1,1,-2,-1,-2,-2,-2,5,1,-2,1,1,5,1,-2,-1,-2,-2,-2,5,1,-2,1,1
4934,resize,6,6,6,1,1,1,0,-2,-3,-2,-1,2,4,-3,2,-2,6,1,0,-2,-3,-2,-1,2,4,-3,2,-2
4935,resize,0,0,0,1,1,1,6,-3,-1,-2,-3,-2,0,-1,-1,0,0,1,6,-3,-1,-2,-3,-2,0,-1,-1,0
4936,resize,7,7,7,1,1,1,-2,-1,0,1,-1,-1,-5,3,-1,0,7,1,-2,-1,0,1,-1,-1,-5,3,-1,0
4937,resize,0,0,0,1,1,1,5,-3,0,0,-3,-1,-1,-1,-1,1,0,1,5,-3,0,0,-3,-1,-1,-1,-1,1
4938,resize,7,7,7,1,1,1,-2,1,0,0,-1,-1,-5,4,-1,0,7,1,-2,1,0,0,-1,-1,-5,4,-1,0
4939,resize,2,2,2,1,1,1,0,0,5,1,-3,-3,-2,1,-1,-4,2,1,0,0,5,1,-3,-3,-2,1,-1,-4
4940,resize,3,3,3,1,1,1,-4,-1,-1,5,-4,1,-2,-1,0,-1,3,1,-4,-1,-1,5,-4,1,-2,-1,0,-1
4941,resize,2,2,2,1,1,1,1,0,5,0,-4,-3,0,-1,-1,-5,2,1,1,0,5,0,-4,-3,0,-1,-1,-5
4942,resize,5,5,5,1,1,1,-1,-1,-1,0,-1,2,-1,-1,0,1,5,1,-1,-1,-1,0,-1,2,-1,-1,0,1
4943,resize,2,2,2,1,1,1,-1,0,3,1,-4,-2,-1,-1,1,-3,2,1,-1,0,3,1,-4,-2,-1,-1,1,-3
4944,resize,2,2,2,1,1,1,-1,1,6,0,-3,-3,-2,1,-2,-5,2,1,-1,1,6,0,-3,-3,-2,1,-2,-5
4945,resize,9,9,9,1,1,1,-2,-2,-3,0,-1,0,-4,-1,-1,5,9,1,-2,-2,-3,0,-1,0,-4,-1,-1,5
4946,resize,4,4,4,1,1,1,-3,0,-1,-3,4,-2,-3,0,-2,-1,4,1,-3,0,-1,-3,4,-2,-3,0,-2,-1
4947,resize,9,9,9,1,1,1,-2,-1,-2,-1,0,-2,-4,-1,-1,4,9,1,-2,-1,-2,-1,0,-2,-4,-1,-1,4
4948,resize,8,8,8,1,1,1,-1,-1,-1,0,-1,-1,0,-2,4,0,8,1,-1,-1,-1,0,-1,-1,0,-2,4,0
4949,resize,1,1,1,1,1,1,-4,4,-2,-3,0,0,-3,1,-1,0,1,1,-4,4,-2,-3,0,0,-3,1,-1,0
4950,resize,2,2,2,1,1,1,0,0,3,1,-4,-2,-1,-1,1,-3,2,1,0,0,3,1,-4,-2,-1,-1,1,-3
4951,resize,1,1,1,1,1,1,-2,4,-2,-3,-1,-1,-2,0,-1,-1,1,1,-2,4,-2,-3,-1,-1,-2,0,-1,-1
4952,resize,6,6,6,1,1,1,1,-1,-2,-2,-2,2,4,-3,1,-1,6,1,1,-1,-2,-2,-2,2,4,-3,1,-1
4953,resize,1,1,1,1,1,1,-3,3,-1,-3,0,-1,-3,1,-1,-1,1,1,-3,3,-1,-3,0,-1,-3,1,-1,-1
4954,resize,2,2,2,1,1,1,0,1,5,0,-4,-3,-4,1,0,-4,2,1,0,1,5,0,-4,-3,-4,1,0,-4
4955,resize,7,7,7,1,1,1,-2,-1,0,0,0,-1,-5,4,-1,0,7,1,-2,-1,0,0,0,-1,-5,4,-1,0
4956,resize,8,8,8,1,1,1,-3,-1,-1,-1,1,0,-1,-2,3,-1,8,1,-3,-1,-1,-1,1,0,-1,-2,3,-1
4957,resize,0,0,0,1,1,1,4,-2,-1,0,-1,0,1,-1,-1,-1,0,1,4,-2,-1,0,-1,0,1,-1,-1,-1
4958,resize,0,0,0,1,1,1,6,-3,0,-2,-3,-2,1,-1,-2,-1,0,1,6,-3,0,-2,-3,-2,1,-1,-2,-1
4959,resize,0,0,0,1,1,1,4,-1,-1,-1,-3,0,-1,0,0,-2,0,1,4,-1,-1,-1,-3,0,-1,0,0,-2
4960,resize,8,8,8,1,1,1,-2,-2,-3,-2,0,2,1,-4,6,-1,8,1,-2,-2,-3,-2,0,2,1,-4,6,-1
4961,resize,2,2,2,1,1,1,0,0,6,0,-4,-4,-2,0,-1,-5,2,1,0,0,6,0,-4,-4,-2,0,-1,-5
4962,resize,2,2,2,1,1,1,0,1,7,-1,-3,-3,-1,0,-2,-6,2,1,0,1,7,-1,-3,-3,-1,0,-2,-6
4963,resize,9,9,9,1,1,1,-1,-2,-2,0,0,-1,-3,0,-1,3,9,1,-1,-2,-2,0,0,-1,-3,0,-1,3
4964,resize,2,2,2,1,1,1,-1,1,6,1,-3,-3,-1,0,-1,-5,2,1,-1,1,6,1,-3,-3,-1,0,-1,-5
4965,resize,2,2,2,1,1,1,0,1,6,0,-3,-4,-3,1,-1,-4,2,1,0,1,6,0,-3,-4,-3,1,-1,-4
4966,resize,7,7,7,1,1,1,-2,0,0,0,0,-1,-1,1,-1,-1,7,1,-2,0,0,0,0,-1,-1,1,-1,-1
4967,resize,9,9,9,1,1,1,0,-2,-1,0,-1,0,-1,-1,0,3,9,1,0,-2,-1,0,-1,0,-1,-1,0,3
4968,resize,9,9,9,1,1,1,0,-2,-2,0,0,-2,-2,0,0,4,9,1,0,-2,-2,0,0,-2,-2,0,0,4
4969,resize,2,2,2,1,1,1,1,1,6,0,-4,-4,-3,1,-2,-5,2,1,1,1,6,0,-4,-4,-3,1,-2,-5
4970,resize,7,7,7,1,1,1,-1,0,1,1,-1,-1,-4,3,-1,0,7,1,-1,0,1,1,-1,-1,-4,3,-1,0
4971,resize,5,5,5,1,1,1,-1,-1,-2,0,-2,4,0,-2,1,1,5,1,-1,-1,-2,0,-2,4,0,-2,1,1
4972,resize,1,1,1,1,1,1,-2,3,-1,-3,-1,0,-1,0,-1,-1,1,1,-2,3,-1,-3,-1,0,-1,0,-1,-1
4973,resize,3,3,3,1,1,1,-4,-1,-1,6,-5,1,-3,-1,1,-1,3,1,-4,-1,-1,6,-5,1,-3,-1,1,-1
4974,resize,4,4,4,1,1,1,-1,-1,0,-2,4,-2,-2,0,-3,0,4,1,-1,-1,0,-2,4,-2,-2,0,-3,0
4975,resize,9,9,9,1,1,1,-1,-2,-2,1,-1,-1,-4,0,0,4,9,1,-1,-2,-2,1,-1,-1,-4,0,0,4
4976,resize,4,4,4,1,1,1,-3,0,-1,-2,4,-2,-4,1,-3,0,4,1,-3,0,-1,-2,4,-2,-4,1,-3,0
4977,resize,1,1,1,1,1,1,-3,4,-2,-3,0,0,-2,0,-1,0,1,1,-3,4,-2,-3,0,0,-2,0,-1,0
4978,resize,8,8,8,1,1,1,-1,-1,-1,1,-1,0,-2,-1,3,0,8,1,-1,-1,-1,1,-1,0,-2,-1,3,0
4979,resize,5,5,5,1,1,1,-2,-1,-2,1,-2,6,-2,-1,-1,1,5,1,-2,-1,-2,1,-2,6,-2,-1,-1,1
4980,resize,6,6,6,1,1,1,0,-1,-2,-2,0,1,4,-1,0,-2,6,1,0,-1,-2,-2,0,1,4,-1,0,-2
4981,resize,2,2,2,1,1,1,0,1,6,0,-5,-4,-3,1,-1,-6,2,1,0,1,6,0,-5,-4,-3,1,-1,-6
4982,resize,8,8,8,1,1,1,-1,-2,-2,-1,-2,0,-1,-3,5,0,8,1,-1,-2,-2,-1,-2,0,-1,-3,5,0
4983,resize,3,3,3,1,1,1,-4,-1,0,6,-4,1,-3,-1,1,-2,3,1,-4,-1,0,6,-4,1,-3,-1,1,-2
4984,resize,1,1,1,1,1,1,-3,4,-2,-3,0,-1,-2,0,-2,0,1,1,-3,4,-2,-3,0,-1,-2,0,-2,0
4985,resize,2,2,2,1,1,1,-1,2,5,-1,-1,-2,-2,0,-3,-4,2,1,-1,2,5,-1,-1,-2,-2,0,-3,-4
4986,resize,8,8,8,1,1,1,-1,-1,-3,-1,0,1,1,-2,3,0,8,1,-1,-1,-3,-1,0,1,1,-2,3,0
4987,resize,4,4,4,1,1,1,-2,0,-1,-3,4,-2,-2,0,-4,-1,4,1,-2,0,-1,-3,4,-2,-2,0,-4,-1
4988,resize,9,9,9,1,1,1,-1,-2,-2,0,0,-1,-4,0,-1,3,9,1,-1,-2,-2,0,0,-1,-4,0,-1,3
4989,resize,9,9,9,1,1,1,-2,-2,-2,-1,1,-1,-4,0,0,4,9,1,-2,-2,-2,-1,1,-1,-4,0,0,4
4990,resize,3,3,3,1,1,1,-1,0,1,3,-3,-1,-1,-1,0,-1,3,1,-1,0,1,3,-3,-1,-1,-1,0,-1
4991,resize,7,7,7,1,1,1,-2,0,0,0,0,-1,-4,3,-1,0,7,1,-2,0,0,0,0,-1,-4,3,-1,0
4992,resize,0,0,0,1,1,1,6,-2,-1,-1,-3,-1,1,-3,-1,-1,0,1,6,-2,-1,-1,-3,-1,1,-3,-1,-1
4993,resize,7,7,7,1,1,1,-2,0,0,0,0,-1,-4,3,-1,0,7,1,-2,0,0,0,0,-1,-4,3,-1,0
4994,resize,7,7,7,1,1,1,-2,0,0,1,-1,-1,-5,4,-1,0,7,1,-2,0,0,1,-1,-1,-5,4,-1,0
4995,resize,2,2,2,1,1,1,0,0,3,0,-2,-2,-1,1,0,-3,2,1,0,0,3,0,-2,-2,-1,1,0,-3
4996,resize,3,3,3,1,1,1,-3,0,0,5,-3,1,-2,0,-1,-2,3,1,-3,0,0,5,-3,1,-2,0,-1,-2
4997,resize,2,2,2,1,1,1,0,-1,4,1,-5,-2,1,-2,1,-5,2,1,0,-1,4,1,-5,-2,1,-2,1,-5
4998,resize,4,4,4,1,1,1,-3,0,-2,-3,3,-3,-3,0,0,1,4,1,-3,0,-2,-3,3,-3,-3,0,0,1
4999,resize,0,0,0,1,1,1,4,-2,0,-2,-3,1,2,-2,0,-1,0,1,4,-2,0,-2,-3,1,2,-2,0,-1
5000,resize,3,3,3,1,1,1,-3,0,1,4,-3,1,-2,-1,0,-2,3,1,-3,0,1,4,-3,1,-2,-1,0,-2
5001,resize,9,9,9,1,1,1,-2,-2,-2,0,0,-2,-5,0,0,4,9,1,-2,-2,-2,0,0,-2,-5,0,0,4
5002,resize,9,9,9,1,1,1,-1,-2,-3,1,-1,-2,-6,0,-1,4,9,1,-1,-2,-3,1,-1,-2,-6,0,-1,4
5003,resize,8,8,8,1,1,1,-1,-2,-2,0,-2,0,-1,-3,6,0,8,1,-1,-2,-2,0,-2,0,-1,-3,6,0
5004,resize,4,4,4,1,1,1,-3,-1,-1,-3,5,-3,-3,0,-2,-1,4,1,-3,-1,-1,-3,5,-3,-3,0,-2,-1
5005,resize,1,1,1,1,1,1,-1,3,-1,-2,-1,-1,-1,0,-1,-1,1,1,-1,3,-1,-2,-1,-1,-1,0,-1,-1
5006,resize,0,0,0,1,1,1,4,-2,0,-3,-1,-1,3,-2,-1,-2,0,1,4,-2,0,-3,-1,-1,3,-2,-1,-2
5007,resize,6,6,6,1,1,1,-1,-1,-4,-4,-1,2,7,-5,-1,-4,6,1,-1,-1,-4,-4,-1,2,7,-5,-1,-4
5008,resize,0,0,0,1,1,1,5,-3,0,-1,-4,-1,0,-2,0,-2,0,1,5,-3,0,-1,-4,-1,0,-2,0,-2
5009,resize,9,9,9,1,1,1,-1,-2,-3,0,0,-1,-3,0,-1,3,9,1,-1,-2,-3,0,0,-1,-3,0,-1,3
5010,resize,6,6,6,1,1,1,0,-1,-2,-3,0,2,6,-4,-1,-3,6,1,0,-1,-2,-3,0,2,6,-4,-1,-3
5011,resize,8,8,8,1,1,1,-1,-2,-1,1,-2,0,-1,-2,4,-1,8,1,-1,-2,-1,1,-2,0,-1,-2,4,-1
5012,resize,6,6,6,1,1,1,-1,-1,-3,-2,0,0,5,-3,0,-3,6,1,-1,-1,-3,-2,0,0,5,-3,0,-3
5013,resize,1,1,1,1,1,1,-1,4,-1,-3,-1,0,0,-1,0,-2,1,1,-1,4,-1,-3,-1,0,0,-1,0,-2
5014,resize,1,1,1,1,1,1,-2,4,-2,-4,-1,-1,-1,0,0,-1,1,1,-2,4,-2,-4,-1,-1,-1,0,0,-1
5015,resize,9,9,9,1,1,1,-1,-2,-2,1,-1,-1,-4,0,0,3,9,1,-1,-2,-2,1,-1,-1,-4,0,0,3
5016,resize,8,8,8,1,1,1,-2,-2,-1,-2,-1,0,0,-3,6,0,8,1,-2,-2,-1,-2,-1,0,0,-3,6,0
5017,resize,9,9,9,1,1,1,-1,-2,-2,0,0,-2,-4,0,0,4,9,1,-1,-2,-2,0,0,-2,-4,0,0,4
5018,resize,2,2,2,1,1,1,-1,1,5,0,-2,-3,-2,0,-1,-4,2,1,-1,1,5,0,-2,-3,-2,0,-1,-4
5019,resize,3,3,3,1,1,1,-4,0,0,6,-4,1,-3,-1,0,-2,3,1,-4,0,0,6,-4,1,-3,-1,0,-2
5020,resize,5,5,5,1,1,1,-3,-2,-4,0,-1,6,0,-3,1,1,5,1,-3,-2,-4,0,-1,6,0,-3,1,1
5021,resize,5,5,5,1,1,1,-2,-3,-3,0,-2,6,0,-3,1,1,5,1,-2,-3,-3,0,-2,6,0,-3,1,1
5022,resize,9,9,9,1,1,1,-2,-1,-3,-1,0,-1,-4,0,-1,4,9,1,-2,-1,-3,-1,0,-1,-4,0,-1,4
5023,resize,4,4,4,1,1,1,-4,-1,-1,-3,5,-3,-3,-1,-3,-2,4,1,-4,-1,-1,-3,5,-3,-3,-1,-3,-2
5024,resize,2,2,2,1,1,1,0,1,6,0,-4,-3,-1,1,-2,-6,2,1,0,1,6,0,-4,-3,-1,1,-2,-6
5025,resize,1,1,1,1,1,1,-1,4,-1,-3,-2,-1,-1,0,-1,-2,1,1,-1,4,-1,-3,-2,-1,-1,0,-1,-2
5026,resize,9,9,9,1,1,1,-1,-2,-2,0,-1,-1,-5,0,-1,3,9,1,-1,-2,-2,0,-1,-1,-5,0,-1,3
5027,resize,4,4,4,1,1,1,-3,0,-2,-2,3,-1,-3,0,-2,0,4,1,-3,0,-2,-2,3,-1,-3,0,-2,0
5028,resize,3,3,3,1,1,1,-3,-1,-1,7,-5,2,-4,-2,1,0,3,1,-3,-1,-1,7,-5,2,-4,-2,1,0
5029,resize,9,9,9,1,1,1,-1,-2,-2,-1,0,-1,-4,0,0,3,9,1,-1,-2,-2,-1,0,-1,-4,0,0,3
5030,resize,6,6,6,1,1,1,0,-1,-1,-3,-2,2,6,-5,-1,-4,6,1,0,-1,-1,-3,-2,2,6,-5,-1,-4
5031,resize,0,0,0,1,1,1,4,-2,0,-2,-2,-2,0,-1,0,-1,0,1,4,-2,0,-2,-2,-2,0,-1,0,-1
5032,resize,4,4,4,1,1,1,-5,-1,-2,-4,6,-3,-4,-1,-2,0,4,1,-5,-1,-2,-4,6,-3,-4,-1,-2,0
5033,resize,0,0,0,1,1,1,4,-2,1,-2,-3,-1,1,-1,0,-1,0,1,4,-2,1,-2,-3,-1,1,-1,0,-1
5034,resize,6,6,6,1,1,1,0,-1,-4,-2,-1,2,6,-4,0,-3,6,1,0,-1,-4,-2,-1,2,6,-4,0,-3
5035,resize,0,0,0,1,1,1,5,-3,-1,-2,-2,0,2,-2,-1,-1,0,1,5,-3,-1,-2,-2,0,2,-2,-1,-1
5036,resize,1,1,1,1,1,1,-2,5,-2,-4,-1,0,-1,-1,0,-2,1,1,-2,5,-2,-4,-1,0,-1,-1,0,-2
5037,resize,2,2,2,1,1,1,-1,1,5,-1,-2,-2,-1,-1,-1,-4,2,1,-1,1,5,-1,-2,-2,-1,-1,-1,-4
5038,resize,3,3,3,1,1,1,-3,-1,-1,5,-4,2,-3,-1,0,0,3,1,-3,-1,-1,5,-4,2,-3,-1,0,0
5039,resize,4,4,4,1,1,1,-4,-1,-1,-4,6,-3,-3,-1,-3,-1,4,1,-4,-1,-1,-4,6,-3,-3,-1,-3,-1
5040,resize,7,7,7,1,1,1,-2,0,0,0,0,-1,-4,3,-1,1,7,1,-2,0,0,0,0,-1,-4,3,-1,1
5041,resize,8,8,8,1,1,1,-1,-2,-2,-1,-2,1,0,-3,5,-1,8,1,-1,-2,-2,-1,-2,1,0,-3,5,-1
5042,resize,9,9,9,1,1,1,-1,-3,-2,0,-1,0,-5,1,-2,4,9,1,-1,-3,-2,0,-1,0,-5,1,-2,4
5043,resize,0,0,0,1,1,1,4,-2,-1,-1,-2,-1,2,-1,-1,-2,0,1,4,-2,-1,-1,-2,-1,2,-1,-1,-2
5044,resize,1,1,1,1,1,1,-2,4,-1,-2,-1,-1,-2,1,-1,-2,1,1,-2,4,-1,-2,-1,-1,-2,1,-1,-2
5045,resize,2,2,2,1,1,1,-1,1,6,0,-3,-3,-2,0,-1,-4,2,1,-1,1,6,0,-3,-3,-2,0,-1,-4
5046,resize,3,3,3,1,1,1,-2,-2,-2,5,-4,3,-3,-2,0,1,3,1,-2,-2,-2,5,-4,3,-3,-2,0,1
5047,resize,4,4,4,1,1,1,-4,-1,-2,-3,5,-2,-4,-1,-1,-1,4,1,-4,-1,-2,-3,5,-2,-4,-1,-1,-1
5048,resize,7,7,7,1,1,1,-2,0,-1,0,0,-1,-3,2,-1,0,7,1,-2,0,-1,0,0,-1,-3,2,-1,0
5049,resize,8,8,8,1,1,1,-2,-2,-2,-1,-3,2,0,-4,6,-1,8,1,-2,-2,-2,-1,-3,2,0,-4,6,-1
5050,resize,9,9,9,1,1,1,-1,-3,-2,0,0,-1,-5,0,0,4,9,1,-1,-3,-2,0,0,-1,-5,0,0,4
5051,resize,0,0,0,1,1,1,3,-1,0,-1,-1,0,1,-1,0,-1,0,1,3,-1,0,-1,-1,0,1,-1,0,-1
5052,resize,1,1,1,1,1,1,-2,4,-1,-3,-1,-1,-2,-1,0,-2,1,1,-2,4,-1,-3,-1,-1,-2,-1,0,-2
5053,resize,2,2,2,1,1,1,-2,2,6,0,-3,-2,-2,1,-3,-5,2,1,-2,2,6,0,-3,-2,-2,1,-3,-5
5054,resize,3,3,3,1,1,1,-2,-2,-2,5,-4,2,-3,-2,1,0,3,1,-2,-2,-2,5,-4,2,-3,-2,1,0
5055,resize,4,4,4,1,1,1,-3,0,-2,-4,6,-3,-2,-1,-3,-2,4,1,-3,0,-2,-4,6,-3,-2,-1,-3,-2
5056,resize,5,5,5,1,1,1,-1,-1,-1,0,-2,4,1,-2,0,-1,5,1,-1,-1,-1,0,-2,4,1,-2,0,-1
5057,resize,6,6,6,1,1,1,0,-2,-3,-3,-1,1,7,-4,0,-4,6,1,0,-2,-3,-3,-1,1,7,-4,0,-4
5058,resize,7,7,7,1,1,1,-3,0,0,0,0,-2,-4,3,-1,0,7,1,-3,0,0,0,0,-2,-4,3,-1,0
5059,resize,8,8,8,1,1,1,-1,-2,-2,1,-3,1,-1,-4,6,0,8,1,-1,-2,-2,1,-3,1,-1,-4,6,0
5060,resize,9,9,9,1,1,1,-2,-2,-3,-1,0,-1,-4,-1,-1,4,9,1,-2,-2,-3,-1,0,-1,-4,-1,-1,4
5061,resize,8,8,8,1,1,1,-1,-1,-2,0,-2,1,-1,-3,4,0,8,1,-1,-1,-2,0,-2,1,-1,-3,4,0
5062,resize,3,3,3,1,1,1,-3,0,-1,4,-4,2,-3,-1,0,0,3,1,-3,0,-1,4,-4,2,-3,-1,0,0
5063,resize,4,4,4,1,1,1,-4,0,-2,-3,4,-2,-3,-1,-1,-1,4,1,-4,0,-2,-3,4,-2,-3,-1,-1,-1
5064,resize,7,7,7,1,1,1,-2,0,0,0,0,-1,-5,3,-1,0,7,1,-2,0,0,0,0,-1,-5,3,-1,0
5065,resize,8,8,8,1,1,1,0,-1,-1,-2,-2,2,0,-2,4,-1,8,1,0,-1,-1,-2,-2,2,0,-2,4,-1
5066,resize,6,6,6,1,1,1,1,-2,-4,-2,-1,2,6,-4,0,-3,6,1,1,-2,-4,-2,-1,2,6,-4,0,-3
5067,resize,3,3,3,1,1,1,0,-2,0,4,-4,0,-1,-2,1,-1,3,1,0,-2,0,4,-4,0,-1,-2,1,-1
5068,resize,4,4,4,1,1,1,-2,0,-1,-2,3,-2,-2,0,-1,-1,4,1,-2,0,-1,-2,3,-2,-2,0,-1,-1
5069,resize,0,0,0,1,1,1,5,-3,0,-1,-3,-1,0,-1,-1,-1,0,1,5,-3,0,-1,-3,-1,0,-1,-1,-1
5070,resize,9,9,9,1,1,1,-1,-2,-3,-1,1,-2,-4,0,0,3,9,1,-1,-2,-3,-1,1,-2,-4,0,0,3
5071,resize,7,7,7,1,1,1,-3,-1,-1,0,0,-2,-6,4,-1,0,7,1,-3,-1,-1,0,0,-2,-6,4,-1,0
5072,resize,1,1,1,1,1,1,-2,4,0,-3,-1,-1,-1,-1,0,-2,1,1,-2,4,0,-3,-1,-1,-1,-1,0,-2
5073,resize,9,9,9,1,1,1,-2,-3,-3,0,0,-1,-6,0,-2,5,9,1,-2,-3,-3,0,0,-1,-6,0,-2,5
5074,resize,3,3,3,1,1,1,-2,-1,-2,4,-4,1,-3,-1,0,1,3,1,-2,-1,-2,4,-4,1,-3,-1,0,1
5075,resize,8,8,8,1,1,1,-1,-2,-2,0,-2,1,-1,-3,5,0,8,1,-1,-2,-2,0,-2,1,-1,-3,5,0
5076,resize,4,4,4,1,1,1,-5,-1,-3,-5,6,-2,-3,-1,-3,-1,4,1,-5,-1,-3,-5,6,-2,-3,-1,-3,-1
5077,resize,7,7,7,1,1,1,-2,0,0,0,0,-1,-4,3,-1,0,7,1,-2,0,0,0,0,-1,-4,3,-1,0
5078,resize,3,3,3,1,1,1,-2,-2,-1,5,-4,2,-2,-2,1,1,3,1,-2,-2,-1,5,-4,2,-2,-2,1,1
5079,resize,0,0,0,1,1,1,5,-3,0,-2,-2,-1,1,-1,0,-1,0,1,5,-3,0,-2,-2,-1,1,-1,0,-1
5080,resize,9,9,9,1,1,1,-2,-2,-3,0,0,-1,-5,0,-1,4,9,1,-2,-2,-3,0,0,-1,-5,0,-1,4
5081,resize,1,1,1,1,1,1,-2,4,-1,-3,-1,-1,-1,0,-1,-1,1,1,-2,4,-1,-3,-1,-1,-1,0,-1,-1
5082,resize,4,4,4,1,1,1,-4,-1,-1,-3,4,-3,-4,0,-2,-2,4,1,-4,-1,-1,-3,4,-3,-4,0,-2,-2
5083,resize,5,5,5,1,1,1,-2,0,-2,-1,-1,4,1,-1,1,-1,5,1,-2,0,-2,-1,-1,4,1,-1,1,-1
5084,resize,4,4,4,1,1,1,-4,0,-2,-3,4,-2,-4,0,-2,-1,4,1,-4,0,-2,-3,4,-2,-4,0,-2,-1
5085,resize,6,6,6,1,1,1,1,-2,-4,-2,-1,2,6,-4,0,-3,6,1,1,-2,-4,-2,-1,2,6,-4,0,-3
5086,resize,2,2,2,1,1,1,0,1,4,-1,-1,-2,-1,-2,0,-2,2,1,0,1,4,-1,-1,-2,-1,-2,0,-2
5087,resize,0,0,0,1,1,1,5,-2,1,-2,-3,-1,0,-2,0,-1,0,1,5,-2,1,-2,-3,-1,0,-2,0,-1
5088,resize,6,6,6,1,1,1,1,-2,-3,-2,-2,2,5,-5,1,-2,6,1,1,-2,-3,-2,-2,2,5,-5,1,-2
5089,resize,2,2,2,1,1,1,-1,1,5,-1,-2,-3,-2,0,-1,-4,2,1,-1,1,5,-1,-2,-3,-2,0,-1,-4
5090,resize,1,1,1,1,1,1,-2,4,-1,-3,-1,-1,-1,0,-2,-2,1,1,-2,4,-1,-3,-1,-1,-1,0,-2,-2
5091,resize,1,1,1,1,1,1,-1,3,-1,-3,-2,-1,-1,-1,0,-2,1,1,-1,3,-1,-3,-2,-1,-1,-1,0,-2
5092,resize,1,1,1,1,1,1,0,3,-1,-2,-2,-1,-1,-1,1,-2,1,1,0,3,-1,-2,-2,-1,-1,-1,1,-2
5093,resize,1,1,1,1,1,1,-2,4,-2,-3,-2,-1,-2,0,-1,-1,1,1,-2,4,-2,-3,-2,-1,-2,0,-1,-1
5094,resize,7,7,7,1,1,1,-3,0,-1,0,0,-2,-5,4,-1,0,7,1,-3,0,-1,0,0,-2,-5,4,-1,0
5095,resize,2,2,2,1,1,1,-1,1,5,0,-2,-2,-1,0,-2,-4,2,1,-1,1,5,0,-2,-2,-1,0,-2,-4
5096,resize,4,4,4,1,1,1,-4,-1,-2,-3,4,-2,-3,-1,-1,-1,4,1,-4,-1,-2,-3,4,-2,-3,-1,-1,-1
5097,resize,7,7,7,1,1,1,-2,-1,-2,-1,0,-1,-6,4,-1,1,7,1,-2,-1,-2,-1,0,-1,-6,4,-1,1
5098,resize,5,5,5,1,1,1,-2,-1,-3,-1,-1,6,0,-2,1,1,5,1,-2,-1,-3,-1,-1,6,0,-2,1,1
5099,resize,2,2,2,1,1,1,-2,1,4,0,-2,-1,-1,-1,0,-2,2,1,-2,1,4,0,-2,-1,-1,-1,0,-2
5100,resize,9,9,9,1,1,1,-1,-2,-3,-1,1,-2,-5,0,-2,4,9,1,-1,-2,-3,-1,1,-2,-5,0,-2,4
5101,resize,4,4,4,1,1,1,-4,-1,-2,-3,4,-2,-4,-1,-2,0,4,1,-4,-1,-2,-3,4,-2,-4,-1,-2,0
5102,resize,5,5,5,1,1,1,-2,-1,-2,-1,-2,6,0,-2,1,1,5,1,-2,-1,-2,-1,-2,6,0,-2,1,1
5103,resize,8,8,8,1,1,1,-1,-2,-1,-1,-1,0,0,-3,5,-1,8,1,-1,-2,-1,-1,-1,0,0,-3,5,-1
5104,resize,4,4,4,1,1,1,-3,-1,-3,-3,5,-3,-2,-1,-2,-1,4,1,-3,-1,-3,-3,5,-3,-2,-1,-2,-1
5105,resize,2,2,2,1,1,1,-1,1,4,0,-1,-2,-1,-1,-1,-3,2,1,-1,1,4,0,-1,-2,-1,-1,-1,-3
5106,resize,9,9,9,1,1,1,-2,-2,-3,-1,1,-2,-5,0,-1,4,9,1,-2,-2,-3,-1,1,-2,-5,0,-1,4
5107,resize,7,7,7,1,1,1,-3,0,0,0,-1,-1,-5,4,-1,-1,7,1,-3,0,0,0,-1,-1,-5,4,-1,-1
5108,resize,0,0,0,1,1,1,4,-2,0,-2,-2,0,2,-2,-1,-2,0,1,4,-2,0,-2,-2,0,2,-2,-1,-2
5109,resize,0,0,0,1,1,1,4,-3,0,-1,-2,-2,0,-1,0,-1,0,1,4,-3,0,-1,-2,-2,0,-1,0,-1
5110,resize,7,7,7,1,1,1,-3,0,-1,0,0,-2,-5,4,-1,0,7,1,-3,0,-1,0,0,-2,-5,4,-1,0
5111,resize,5,5,5,1,1,1,-2,-1,-2,1,-2,5,0,-2,0,-1,5,1,-2,-1,-2,1,-2,5,0,-2,0,-1
5112,resize,1,1,1,1,1,1,-3,5,-2,-4,-1,-2,-2,0,-1,-2,1,1,-3,5,-2,-4,-1,-2,-2,0,-1,-2
5113,resize,1,1,1,1,1,1,-1,4,-1,-3,-1,-1,-1,0,0,-2,1,1,-1,4,-1,-3,-1,-1,-1,0,0,-2
5114,resize,7,7,7,1,1,1,-2,-1,-1,0,0,-1,-5,3,-1,0,7,1,-2,-1,-1,0,0,-1,-5,3,-1,0
5115,resize,6,6,6,1,1,1,0,-1,-3,-2,-2,2,6,-4,0,-3,6,1,0,-1,-3,-2,-2,2,6,-4,0,-3
5116,resize,6,6,6,1,1,1,0,-1,-4,-3,-1,2,6,-4,0,-3,6,1,0,-1,-4,-3,-1,2,6,-4,0,-3
5117,resize,6,6,6,1,1,1,0,-2,-4,-2,-1,1,6,-4,0,-2,6,1,0,-2,-4,-2,-1,1,6,-4,0,-2
5118,resize,8,8,8,1,1,1,-1,-1,-1,1,-3,1,-1,-3,5,-1,8,1,-1,-1,-1,1,-3,1,-1,-3,5,-1
5119,resize,2,2,2,1,1,1,-2,1,6,1,-3,-4,-2,0,-1,-4,2,1,-2,1,6,1,-3,-4,-2,0,-1,-4
5120,resize,2,2,2,1,1,1,-1,1,5,0,-2,-2,-1,-1,-1,-4,2,1,-1,1,5,0,-2,-2,-1,-1,-1,-4
5121,resize,7,7,7,1,1,1,-3,1,-1,-1,-1,-1,-4,3,-2,0,7,1,-3,1,-1,-1,-1,-1,-4,3,-2,0
5122,resize,7,7,7,1,1,1,-2,0,0,0,0,-1,-4,3,-1,0,7,1,-2,0,0,0,0,-1,-4,3,-1,0
5123,resize,4,4,4,1,1,1,-4,-1,-2,-4,5,-2,-2,-2,-1,-1,4,1,-4,-1,-2,-4,5,-2,-2,-2,-1,-1
5124,resize,0,0,0,1,1,1,5,-3,0,-2,-2,-1,1,-1,0,-1,0,1,5,-3,0,-2,-2,-1,1,-1,0,-1
5125,resize,2,2,2,1,1,1,-1,1,5,-1,-2,-2,-2,0,-1,-4,2,1,-1,1,5,-1,-2,-2,-2,0,-1,-4
5126,resize,4,4,4,1,1,1,-1,-1,-3,-3,3,-1,0,-2,-1,0,4,1,-1,-1,-3,-3,3,-1,0,-2,-1,0
5127,resize,2,2,2,1,1,1,-2,1,3,0,-1,-1,-2,1,-1,-3,2,1,-2,1,3,0,-1,-1,-2,1,-1,-3
5128,resize,1,1,1,1,1,1,-2,4,-1,-3,-1,-1,-1,-1,0,-1,1,1,-2,4,-1,-3,-1,-1,-1,-1,0,-1
5129,resize,8,8,8,1,1,1,-2,-2,-2,-2,-1,2,1,-4,6,-1,8,1,-2,-2,-2,-2,-1,2,1,-4,6,-1
5130,resize,9,9,9,1,1,1,-1,-2,-3,1,-1,-1,-5,0,-1,4,9,1,-1,-2,-3,1,-1,-1,-5,0,-1,4
5131,resize,6,6,6,1,1,1,1,-2,-4,-2,-1,2,6,-4,0,-2,6,1,1,-2,-4,-2,-1,2,6,-4,0,-2
5132,resize,1,1,1,1,1,1,-2,5,-1,-3,-2,-1,-1,-1,0,-3,1,1,-2,5,-1,-3,-2,-1,-1,-1,0,-3
5133,resize,0,0,0,1,1,1,5,-2,1,-2,-3,-1,0,-1,-1,-1,0,1,5,-2,1,-2,-3,-1,0,-1,-1,-1
5134,resize,5,5,5,1,1,1,0,-1,-1,0,-2,4,1,-2,0,0,5,1,0,-1,-1,0,-2,4,1,-2,0,0
5135,resize,9,9,9,1,1,1,-1,-2,-3,-1,1,-2,-4,0,-1,3,9,1,-1,-2,-3,-1,1,-2,-4,0,-1,3
5136,resize,6,6,6,1,1,1,1,-2,-3,-3,-2,1,6,-5,1,-2,6,1,1,-2,-3,-3,-2,1,6,-5,1,-2
5137,resize,9,9,9,1,1,1,-2,-2,-3,0,0,0,-5,-1,-1,4,9,1,-2,-2,-3,0,0,0,-5,-1,-1,4
5138,resize,8,8,8,1,1,1,0,-2,-2,-2,-3,3,1,-4,5,-1,8,1,0,-2,-2,-2,-3,3,1,-4,5,-1
5139,resize,0,0,0,1,1,1,4,-2,1,-2,-1,-2,0,0,-1,-1,0,1,4,-2,1,-2,-1,-2,0,0,-1,-1
5140,resize,3,3,3,1,1,1,0,-2,0,3,-4,1,-1,-1,1,-1,3,1,0,-2,0,3,-4,1,-1,-1,1,-1
5141,resize,0,0,0,1,1,1,4,-2,0,-1,-2,-1,0,-1,0,-1,0,1,4,-2,0,-1,-2,-1,0,-1,0,-1
5142,resize,8,8,8,1,1,1,-1,-2,-1,1,-3,1,-1,-3,5,-1,8,1,-1,-2,-1,1,-3,1,-1,-3,5,-1
5143,resize,3,3,3,1,1,1,-3,-1,-1,5,-4,2,-3,-1,0,-1,3,1,-3,-1,-1,5,-4,2,-3,-1,0,-1
5144,resize,9,9,9,1,1,1,-2,-2,-3,-1,0,-1,-5,-1,-1,4,9,1,-2,-2,-3,-1,0,-1,-5,-1,-1,4
5145,resize,6,6,6,1,1,1,1,-2,-4,-2,-1,2,6,-4,0,-2,6,1,1,-2,-4,-2,-1,2,6,-4,0,-2
5146,resize,3,3,3,1,1,1,-2,-1,0,4,-4,1,-3,-1,1,1,3,1,-2,-1,0,4,-4,1,-3,-1,1,1
5147,resize,0,0,0,1,1,1,4,-2,0,-1,-2,0,1,-1,0,-1,0,1,4,-2,0,-1,-2,0,1,-1,0,-1
5148,resize,1,1,1,1,1,1,-2,5,-1,-4,-1,0,0,-1,-1,-3,1,1,-2,5,-1,-4,-1,0,0,-1,-1,-3
5149,resize,2,2,2,1,1,1,0,1,6,1,-4,-4,-2,1,-2,-6,2,1,0,1,6,1,-4,-4,-2,1,-2,-6
5150,resize,3,3,3,1,1,1,-4,0,0,7,-5,1,-4,-1,0,-2,3,1,-4,0,0,7,-5,1,-4,-1,0,-2
5151,resize,4,4,4,1,1,1,-3,-1,-1,-4,5,-2,-4,0,-2,1,4,1,-3,-1,-1,-4,5,-2,-4,0,-2,1
5152,resize,5,5,5,1,1,1,-3,-1,-2,1,-1,4,-1,-1,1,0,5,1,-3,-1,-2,1,-1,4,-1,-1,1,0
5153,resize,6,6,6,1,1,1,0,-2,-3,-3,0,0,6,-3,0,-3,6,1,0,-2,-3,-3,0,0,6,-3,0,-3
5154,resize,7,7,7,1,1,1,-1,-1,0,1,-1,-1,-5,3,-1,0,7,1,-1,-1,0,1,-1,-1,-5,3,-1,0
5155,resize,0,0,0,1,1,1,3,-2,-1,0,-2,1,1,-2,0,-1,0,1,3,-2,-1,0,-2,1,1,-2,0,-1
5156,resize,1,1,1,1,1,1,-3,4,-2,-4,0,0,-1,-1,-1,-1,1,1,-3,4,-2,-4,0,0,-1,-1,-1,-1
5157,resize,2,2,2,1,1,1,1,0,6,0,-4,-4,-3,0,-1,-4,2,1,1,0,6,0,-4,-4,-3,0,-1,-4
5158,resize,3,3,3,1,1,1,-3,-2,-3,7,-6,3,-4,-2,0,1,3,1,-3,-2,-3,7,-6,3,-4,-2,0,1
5159,resize,4,4,4,1,1,1,-2,0,-1,-2,3,-2,-3,-1,-2,1,4,1,-2,0,-1,-2,3,-2,-3,-1,-2,1
5160,resize,5,5,5,1,1,1,-3,-1,-2,1,-3,6,0,-2,1,0,5,1,-3,-1,-2,1,-3,6,0,-2,1,0
5161,resize,6,6,6,1,1,1,-1,-2,-3,-3,0,1,7,-3,0,-4,6,1,-1,-2,-3,-3,0,1,7,-3,0,-4
5162,resize,7,7,7,1,1,1,0,-1,-1,0,-1,0,-4,2,0,0,7,1,0,-1,-1,0,-1,0,-4,2,0,0
5163,resize,8,8,8,1,1,1,-1,-2,0,-1,-2,1,0,-2,5,-1,8,1,-1,-2,0,-1,-2,1,0,-2,5,-1
5164,resize,9,9,9,1,1,1,-2,-2,-2,-1,0,-1,-4,-1,-1,4,9,1,-2,-2,-2,-1,0,-1,-4,-1,-1,4
5165,resize,0,0,0,1,1,1,2,-2,-2,0,-1,1,2,-2,0,-1,0,1,2,-2,-2,0,-1,1,2,-2,0,-1
5166,resize,1,1,1,1,1,1,-2,4,-1,-3,-1,-1,-2,0,-1,-1,1,1,-2,4,-1,-3,-1,-1,-2,0,-1,-1
5167,resize,2,2,2,1,1,1,-1,1,5,2,-4,-3,-3,0,-1,-4,2,1,-1,1,5,2,-4,-3,-3,0,-1,-4
5168,resize,3,3,3,1,1,1,-4,-1,-1,7,-6,2,-4,-2,1,-1,3,1,-4,-1,-1,7,-6,2,-4,-2,1,-1
5169,resize,4,4,4,1,1,1,-4,-1,-2,-3,5,-2,-4,0,-2,1,4,1,-4,-1,-2,-3,5,-2,-4,0,-2,1
5170,resize,5,5,5,1,1,1,-2,-1,-2,1,-2,5,0,-1,1,0,5,1,-2,-1,-2,1,-2,5,0,-1,1,0
5171,resize,6,6,6,1,1,1,-1,-1,-3,-2,0,1,5,-3,0,-2,6,1,-1,-1,-3,-2,0,1,5,-3,0,-2
5172,resize,7,7,7,1,1,1,-1,0,0,0,-1,-1,-4,3,-1,-1,7,1,-1,0,0,0,-1,-1,-4,3,-1,-1
5173,resize,8,8,8,1,1,1,-1,-1,-1,-1,-2,2,1,-3,5,-1,8,1,-1,-1,-1,-1,-2,2,1,-3,5,-1
5174,resize,5,5,5,1,1,1,-2,-2,-2,0,-1,5,0,-2,1,1,5,1,-2,-2,-2,0,-1,5,0,-2,1,1
5175,resize,4,4,4,1,1,1,-4,-1,-2,-5,5,-2,-4,0,-3,2,4,1,-4,-1,-2,-5,5,-2,-4,0,-3,2
5176,resize,8,8,8,1,1,1,-3,-1,0,-2,1,-1,-1,-2,4,0,8,1,-3,-1,0,-2,1,-1,-1,-2,4,0
5177,resize,7,7,7,1,1,1,-1,-1,0,0,-1,-1,-5,4,-1,0,7,1,-1,-1,0,0,-1,-1,-5,4,-1,0
5178,resize,4,4,4,1,1,1,-4,-1,-2,-4,5,-3,-4,-1,-3,0,4,1,-4,-1,-2,-4,5,-3,-4,-1,-3,0
5179,resize,7,7,7,1,1,1,-3,0,0,0,0,-1,-6,5,-2,0,7,1,-3,0,0,0,0,-1,-6,5,-2,0
5180,resize,7,7,7,1,1,1,0,0,1,0,-1,0,-4,3,-1,0,7,1,0,0,1,0,-1,0,-4,3,-1,0
5181,resize,3,3,3,1,1,1,-5,0,0,6,-5,1,-3,-1,0,-3,3,1,-5,0,0,6,-5,1,-3,-1,0,-3
5182,resize,9,9,9,1,1,1,-1,-2,-2,0,1,-1,-3,-1,-1,4,9,1,-1,-2,-2,0,1,-1,-3,-1,-1,4
5183,resize,8,8,8,1,1,1,-3,-1,-1,-2,1,-1,-2,-2,4,1,8,1,-3,-1,-1,-2,1,-1,-2,-2,4,1
5184,resize,8,8,8,1,1,1,-2,-1,-2,0,-1,1,0,-2,4,0,8,1,-2,-1,-2,0,-1,1,0,-2,4,0
5185,resize,3,3,3,1,1,1,-4,0,0,6,-5,1,-2,-1,1,-2,3,1,-4,0,0,6,-5,1,-2,-1,1,-2
5186,resize,1,1,1,1,1,1,-2,4,-1,-3,-1,-1,-1,-1,-1,-2,1,1,-2,4,-1,-3,-1,-1,-1,-1,-1,-2
5187,resize,5,5,5,1,1,1,-2,-1,-2,2,-3,5,0,-2,0,0,5,1,-2,-1,-2,2,-3,5,0,-2,0,0
5188,resize,8,8,8,1,1,1,-2,-1,-1,-1,-1,1,0,-2,5,-2,8,1,-2,-1,-1,-1,-1,1,0,-2,5,-2
5189,resize,2,2,2,1,1,1,-1,2,7,0,-4,-4,-3,0,-2,-6,2,1,-1,2,7,0,-4,-4,-3,0,-2,-6
5190,resize,7,7,7,1,1,1,-1,-1,-1,0,-1,-1,-5,3,-1,0,7,1,-1,-1,-1,0,-1,-1,-5,3,-1,0
5191,resize,4,4,4,1,1,1,-2,-2,-1,-2,3,-1,-3,0,0,2,4,1,-2,-2,-1,-2,3,-1,-3,0,0,2
5192,resize,2,2,2,1,1,1,0,0,6,1,-4,-4,-3,0,-1,-4,2,1,0,0,6,1,-4,-4,-3,0,-1,-4
5193,resize,1,1,1,1,1,1,-2,4,-1,-3,-1,-1,-1,0,-1,-1,1,1,-2,4,-1,-3,-1,-1,-1,0,-1,-1
5194,resize,5,5,5,1,1,1,-2,-1,-1,1,-1,4,0,-2,0,0,5,1,-2,-1,-1,1,-1,4,0,-2,0,0
5195,resize,4,4,4,1,1,1,-1,-1,-1,-3,5,-2,-2,0,-3,1,4,1,-1,-1,-1,-3,5,-2,-2,0,-3,1
5196,resize,5,5,5,1,1,1,-2,-1,-3,0,-2,6,0,-2,1,1,5,1,-2,-1,-3,0,-2,6,0,-2,1,1
5197,resize,5,5,5,1,1,1,-2,-1,-2,1,-3,6,0,-2,1,1,5,1,-2,-1,-2,1,-3,6,0,-2,1,1
5198,resize,8,8,8,1,1,1,-2,-2,-1,-2,0,-1,-1,-3,5,0,8,1,-2,-2,-1,-2,0,-1,-1,-3,5,0
5199,resize,6,6,6,1,1,1,0,-1,-3,-2,1,1,3,-1,-1,-1,6,1,0,-1,-3,-2,1,1,3,-1,-1,-1
5200,resize,4,4,4,1,1,1,-4,-1,-2,-4,5,-2,-4,0,-2,1,4,1,-4,-1,-2,-4,5,-2,-4,0,-2,1
5201,resize,4,9,9,0,0,1,0,-1,-2,-1,1,-1,-1,-1,-1,2,9,1,0,-1,-2,-1,1,-1,-1,-1,-1,2
5202,resize,4,4,4,1,1,1,-2,-1,-1,-2,3,-2,-3,0,-2,1,4,1,-2,-1,-1,-2,3,-2,-3,0,-2,1
5203,resize,1,1,1,1,1,1,-1,2,0,-1,-2,-1,-3,1,-1,-1,1,1,-1,2,0,-1,-2,-1,-3,1,-1,-1
5204,resize,8,8,8,1,1,1,-1,-1,-1,0,-1,0,0,-2,3,0,8,1,-1,-1,-1,0,-1,0,0,-2,3,0
5205,resize,7,7,7,1,1,1,-2,-1,0,1,-1,-1,-4,3,0,0,7,1,-2,-1,0,1,-1,-1,-4,3,0,0
5206,resize,5,5,5,1,1,1,-4,-1,-2,1,-2,5,-1,-1,0,1,5,1,-4,-1,-2,1,-2,5,-1,-1,0,1
5207,resize,5,5,5,1,1,1,-4,-1,-2,1,-2,5,0,-1,1,0,5,1,-4,-1,-2,1,-2,5,0,-1,1,0
5208,resize,1,1,1,1,1,1,-3,4,-2,-4,-1,0,-1,-1,-1,-2,1,1,-3,4,-2,-4,-1,0,-1,-1,-1,-2
5209,resize,8,8,8,1,1,1,-2,-1,-1,-2,-1,2,1,-3,5,-1,8,1,-2,-1,-1,-2,-1,2,1,-3,5,-1
5210,resize,9,9,9,1,1,1,-1,-2,-1,0,0,0,-2,0,0,2,9,1,-1,-2,-1,0,0,0,-2,0,0,2
5211,resize,1,1,1,1,1,1,-2,4,-1,-4,-1,-1,-2,0,-1,-2,1,1,-2,4,-1,-4,-1,-1,-2,0,-1,-2
5212,resize,3,3,3,1,1,1,-3,-1,-1,7,-6,1,-4,-2,1,0,3,1,-3,-1,-1,7,-6,1,-4,-2,1,0
5213,resize,6,6,6,1,1,1,-1,-1,-3,-3,1,1,5,-2,-1,-2,6,1,-1,-1,-3,-3,1,1,5,-2,-1,-2
5214,resize,3,3,3,1,1,1,-4,0,0,6,-5,1,-3,-1,1,-2,3,1,-4,0,0,6,-5,1,-3,-1,1,-2
5215,resize,3,3,3,1,1,1,-5,1,0,5,-4,0,-3,0,0,-3,3,1,-5,1,0,5,-4,0,-3,0,0,-3
5216,resize,2,2,2,1,1,1,0,1,6,0,-4,-4,-2,-1,-1,-6,2,1,0,1,6,0,-4,-4,-2,-1,-1,-6
5217,resize,2,2,2,1,1,1,0,0,5,1,-5,-3,-2,0,0,-4,2,1,0,0,5,1,-5,-3,-2,0,0,-4
5218,resize,6,6,6,1,1,1,0,-1,-4,-3,0,1,6,-3,-1,-2,6,1,0,-1,-4,-3,0,1,6,-3,-1,-2
5219,resize,9,9,9,1,1,1,-2,-2,-3,0,0,-1,-4,-1,0,4,9,1,-2,-2,-3,0,0,-1,-4,-1,0,4
5220,resize,9,9,9,1,1,1,-1,-3,-2,1,0,0,-4,0,-1,3,9,1,-1,-3,-2,1,0,0,-4,0,-1,3
5221,resize,6,6,6,1,1,1,0,-2,-3,-2,0,1,4,-2,-1,-2,6,1,0,-2,-3,-2,0,1,4,-2,-1,-2
5222,resize,5,5,5,1,1,1,-1,-1,-1,0,-2,5,0,-1,0,1,5,1,-1,-1,-1,0,-2,5,0,-1,0,1
5223,resize,5,5,5,1,1,1,-2,-1,-2,0,-2,5,0,-2,0,0,5,1,-2,-1,-2,0,-2,5,0,-2,0,0
5224,resize,3,3,3,1,1,1,-4,-1,0,7,-6,1,-3,-1,1,-1,3,1,-4,-1,0,7,-6,1,-3,-1,1,-1
5225,resize,3,3,3,1,1,1,-4,0,0,6,-5,1,-3,-1,0,-2,3,1,-4,0,0,6,-5,1,-3,-1,0,-2
5226,resize,8,8,8,1,1,1,-2,-2,-1,-2,-2,1,1,-4,6,-1,8,1,-2,-2,-1,-2,-2,1,1,-4,6,-1
5227,resize,1,1,1,1,1,1,-2,4,-1,-4,-1,0,0,-1,0,-2,1,1,-2,4,-1,-4,-1,0,0,-1,0,-2
5228,resize,6,6,6,1,1,1,-1,-1,-2,-2,1,0,3,-1,-1,-2,6,1,-1,-1,-2,-2,1,0,3,-1,-1,-2
5229,resize,5,5,5,1,1,1,-3,-2,-2,2,-3,5,-1,-3,1,1,5,1,-3,-2,-2,2,-3,5,-1,-3,1,1
5230,resize,6,6,6,1,1,1,0,-2,-4,-2,0,1,5,-3,0,-2,6,1,0,-2,-4,-2,0,1,5,-3,0,-2
5231,resize,8,8,8,1,1,1,-2,-1,-1,-2,0,1,0,-3,5,0,8,1,-2,-1,-1,-2,0,1,0,-3,5,0
5232,resize,1,1,1,1,1,1,-2,4,-2,-3,-1,0,0,-1,0,-2,1,1,-2,4,-2,-3,-1,0,0,-1,0,-2
5233,resize,9,9,9,1,1,1,-1,-2,-2,1,-1,0,-4,-1,0,3,9,1,-1,-2,-2,1,-1,0,-4,-1,0,3
5234,resize,7,7,7,1,1,1,-1,0,1,0,0,-1,-4,3,-1,0,7,1,-1,0,1,0,0,-1,-4,3,-1,0
5235,resize,6,6,6,1,1,1,0,-1,-3,-3,0,1,5,-3,0,-3,6,1,0,-1,-3,-3,0,1,5,-3,0,-3
5236,resize,8,8,8,1,1,1,-2,-1,-2,-1,0,1,0,-2,4,-1,8,1,-2,-1,-2,-1,0,1,0,-2,4,-1
5237,resize,3,3,3,1,1,1,-2,-1,0,5,-4,-1,-3,-1,1,-1,3,1,-2,-1,0,5,-4,-1,-3,-1,1,-1
5238,resize,7,7,7,1,1,1,-2,-1,0,1,-1,-1,-5,4,-1,-1,7,1,-2,-1,0,1,-1,-1,-5,4,-1,-1
5239,resize,4,4,4,1,1,1,-4,-1,-2,-3,5,-2,-4,1,-2,0,4,1,-4,-1,-2,-3,5,-2,-4,1,-2,0
5240,resize,7,7,7,1,1,1,-1,-1,0,0,-1,-1,-4,3,-1,0,7,1,-1,-1,0,0,-1,-1,-4,3,-1,0
5241,resize,0,0,0,1,1,1,4,-2,-1,-1,-1,-1,2,-1,-2,-1,0,1,4,-2,-1,-1,-1,-1,2,-1,-2,-1
5242,resize,9,9,9,1,1,1,-2,-2,-2,-1,1,-1,-3,-1,0,3,9,1,-2,-2,-2,-1,1,-1,-3,-1,0,3
5243,resize,0,0,0,1,1,1,4,-2,-1,0,-2,0,1,-2,-1,-1,0,1,4,-2,-1,0,-2,0,1,-2,-1,-1
5244,resize,0,0,0,1,1,1,2,-1,-1,0,-1,1,2,-2,0,-1,0,1,2,-1,-1,0,-1,1,2,-2,0,-1
5245,resize,3,3,3,1,1,1,-4,0,-1,6,-4,1,-3,0,0,-2,3,1,-4,0,-1,6,-4,1,-3,0,0,-2
5246,resize,7,7,7,1,1,1,0,0,1,0,-2,-1,-3,2,0,-1,7,1,0,0,1,0,-2,-1,-3,2,0,-1
5247,resize,9,9,9,1,1,1,-2,-2,-2,-1,1,-1,-4,-1,-1,3,9,1,-2,-2,-2,-1,1,-1,-4,-1,-1,3
5248,resize,3,3,3,1,1,1,-2,-1,-1,5,-4,1,-3,-2,1,0,3,1,-2,-1,-1,5,-4,1,-3,-2,1,0
5249,resize,0,0,0,1,1,1,3,-2,-1,-1,0,-1,2,-1,-2,0,0,1,3,-2,-1,-1,0,-1,2,-1,-2,0
5250,resize,2,2,2,1,1,1,-1,1,4,1,-3,-1,-2,0,-2,-4,2,1,-1,1,4,1,-3,-1,-2,0,-2,-4
5251,resize,0,0,0,1,1,1,3,-1,0,0,-2,0,1,-2,-1,-1,0,1,3,-1,0,0,-2,0,1,-2,-1,-1
5252,resize,1,1,1,1,1,1,-2,4,-1,-3,0,-1,-1,-1,-1,-2,1,1,-2,4,-1,-3,0,-1,-1,-1,-1,-2
5253,resize,0,0,0,1,1,1,5,-2,0,-3,-2,-1,0,-1,0,-1,0,1,5,-2,0,-3,-2,-1,0,-1,0,-1
5254,resize,1,1,1,1,1,1,-1,3,-1,-3,-2,-1,-1,-1,1,-2,1,1,-1,3,-1,-3,-2,-1,-1,-1,1,-2
5255,resize,0,0,0,1,1,1,5,-1,0,-3,-2,-2,2,-2,-2,-1,0,1,5,-1,0,-3,-2,-2,2,-2,-2,-1
5256,resize,4,4,4,1,1,1,-3,-1,-2,-3,5,-3,-3,0,-2,0,4,1,-3,-1,-2,-3,5,-3,-3,0,-2,0
5257,resize,0,0,0,1,1,1,5,-2,0,-3,-2,-2,1,-1,-1,-1,0,1,5,-2,0,-3,-2,-2,1,-1,-1,-1
5258,resize,1,1,1,1,1,1,-2,4,-1,-3,-2,-1,-1,0,0,-3,1,1,-2,4,-1,-3,-2,-1,-1,0,0,-3
5259,resize,0,0,0,1,1,1,4,-3,0,-2,-2,-1,2,-2,-1,-1,0,1,4,-3,0,-2,-2,-1,2,-2,-1,-1
5260,resize,4,4,4,1,1,1,-2,0,0,-2,2,-2,-3,-1,-1,1,4,1,-2,0,0,-2,2,-2,-3,-1,-1,1
5261,resize,7,7,7,1,1,1,0,-1,0,0,-1,-1,-3,2,0,0,7,1,0,-1,0,0,-1,-1,-3,2,0,0
5262,resize,9,9,9,1,1,1,-2,-1,-2,-1,1,-1,-4,-1,-1,3,9,1,-2,-1,-2,-1,1,-1,-4,-1,-1,3
5263,resize,6,6,6,1,1,1,0,-2,-3,-2,0,1,4,-2,-1,-1,6,1,0,-2,-3,-2,0,1,4,-2,-1,-1
5264,resize,2,2,2,1,1,1,-1,1,7,1,-4,-4,-2,1,-2,-7,2,1,-1,1,7,1,-4,-4,-2,1,-2,-7
5265,resize,6,6,6,1,1,1,0,-1,-2,-2,1,-1,3,-2,0,-1,6,1,0,-1,-2,-2,1,-1,3,-2,0,-1
5266,resize,2,2,2,1,1,1,-1,1,6,0,-3,-3,-2,0,-2,-5,2,1,-1,1,6,0,-3,-3,-2,0,-2,-5
5267,resize,2,2,2,1,1,1,-1,0,5,2,-5,-3,-2,0,0,-4,2,1,-1,0,5,2,-5,-3,-2,0,0,-4
5268,resize,9,9,9,1,1,1,-2,-2,-2,-1,1,-2,-4,0,0,3,9,1,-2,-2,-2,-1,1,-2,-4,0,0,3
5269,resize,9,9,9,1,1,1,-1,-3,-3,-1,0,-1,-5,-1,0,4,9,1,-1,-3,-3,-1,0,-1,-5,-1,0,4
5270,resize,0,0,0,1,1,1,4,-2,-1,-1,-2,0,1,-2,0,-1,0,1,4,-2,-1,-1,-2,0,1,-2,0,-1
5271,resize,1,1,1,1,1,1,-2,4,-2,-3,-1,0,-1,0,-1,-1,1,1,-2,4,-2,-3,-1,0,-1,0,-1,-1
5272,resize,2,2,2,1,1,1,-2,1,6,1,-3,-3,-2,0,-1,-5,2,1,-2,1,6,1,-3,-3,-2,0,-1,-5
5273,resize,3,3,3,1,1,1,-4,-2,-2,7,-4,2,-4,-1,1,0,3,1,-4,-2,-2,7,-4,2,-4,-1,1,0
5274,resize,4,4,4,1,1,1,-4,-1,-2,-4,6,-3,-4,-1,-2,-1,4,1,-4,-1,-2,-4,6,-3,-4,-1,-2,-1
5275,resize,5,5,5,1,1,1,-3,-1,-3,0,-2,7,-1,-1,0,1,5,1,-3,-1,-3,0,-2,7,-1,-1,0,1
5276,resize,6,6,6,1,1,1,-1,-2,-4,-2,0,1,6,-4,-1,-3,6,1,-1,-2,-4,-2,0,1,6,-4,-1,-3
5277,resize,7,7,7,1,1,1,-2,0,1,0,-1,-1,-4,4,-1,0,7,1,-2,0,1,0,-1,-1,-4,4,-1,0
5278,resize,8,8,8,1,1,1,0,-2,-2,0,-1,-1,-2,-1,3,1,8,1,0,-2,-2,0,-1,-1,-2,-1,3,1
5279,resize,9,9,9,1,1,1,-3,-2,-2,-1,0,-2,-5,0,-1,5,9,1,-3,-2,-2,-1,0,-2,-5,0,-1,5
5280,resize,0,0,0,1,1,1,6,-3,-1,-2,-3,-1,1,-2,-1,-1,0,1,6,-3,-1,-2,-3,-1,1,-2,-1,-1
5281,resize,1,1,1,1,1,1,-2,4,-1,-4,-1,-1,-1,-1,0,-2,1,1,-2,4,-1,-4,-1,-1,-1,-1,0,-2
5282,resize,2,2,2,1,1,1,-1,1,7,1,-3,-4,-2,0,-2,-5,2,1,-1,1,7,1,-3,-4,-2,0,-2,-5
5283,resize,3,3,3,1,1,1,-5,0,0,5,-3,1,-2,0,1,-3,3,1,-5,0,0,5,-3,1,-2,0,1,-3
5284,resize,4,4,4,1,1,1,-3,-1,-2,-4,5,-2,-2,-1,-2,-1,4,1,-3,-1,-2,-4,5,-2,-2,-1,-2,-1
5285,resize,5,5,5,1,1,1,-2,-1,-2,0,-2,6,0,-1,0,1,5,1,-2,-1,-2,0,-2,6,0,-1,0,1
5286,resize,6,6,6,1,1,1,0,-2,-4,-3,0,2,6,-4,-1,-4,6,1,0,-2,-4,-3,0,2,6,-4,-1,-4
5287,resize,7,7,7,1,1,1,-1,-1,0,0,-1,-1,-6,4,-1,-1,7,1,-1,-1,0,0,-1,-1,-6,4,-1,-1
5288,resize,8,8,8,1,1,1,1,-3,-2,-2,-1,-1,0,-1,4,-1,8,1,1,-3,-2,-2,-1,-1,0,-1,4,-1
5289,resize,9,9,9,1,1,1,-2,-3,-1,-1,0,-1,-4,0,-1,5,9,1,-2,-3,-1,-1,0,-1,-4,0,-1,5
5290,resize,0,0,0,1,1,1,5,-3,1,-2,-3,-2,0,-1,0,-1,0,1,5,-3,1,-2,-3,-2,0,-1,0,-1
5291,resize,1,1,1,1,1,1,-2,3,-1,-2,-1,-1,-1,-1,-1,-2,1,1,-2,3,-1,-2,-1,-1,-1,-1,-1,-2
5292,resize,2,2,2,1,1,1,-1,1,6,0,-3,-4,-3,1,-2,-4,2,1,-1,1,6,0,-3,-4,-3,1,-2,-4
5293,resize,3,3,3,1,1,1,-3,-1,-2,6,-4,2,-3,-1,0,-1,3,1,-3,-1,-2,6,-4,2,-3,-1,0,-1
5294,resize,4,4,4,1,1,1,-2,-1,-2,-2,5,-2,-3,-1,-1,0,4,1,-2,-1,-2,-2,5,-2,-3,-1,-1,0
5295,resize,5,5,5,1,1,1,-2,-1,-3,-1,-2,6,1,-2,1,1,5,1,-2,-1,-3,-1,-2,6,1,-2,1,1
5296,resize,6,6,6,1,1,1,0,-2,-4,-3,-1,2,5,-3,0,-2,6,1,0,-2,-4,-3,-1,2,5,-3,0,-2
5297,resize,7,7,7,1,1,1,-2,-1,1,0,0,-2,-5,4,-1,0,7,1,-2,-1,1,0,0,-2,-5,4,-1,0
5298,resize,8,8,8,1,1,1,0,-2,-1,-1,-2,0,-1,-3,5,0,8,1,0,-2,-1,-1,-2,0,-1,-3,5,0
5299,resize,9,9,9,1,1,1,-2,-2,-2,0,1,-1,-4,0,-1,4,9,1,-2,-2,-2,0,1,-1,-4,0,-1,4
5300,resize,8,8,8,1,1,1,-1,-2,-1,0,-2,0,-1,-2,3,1,8,1,-1,-2,-1,0,-2,0,-1,-2,3,1
5301,resize,0,0,0,1,1,1,6,-2,-1,-2,-3,-1,0,-1,-1,-1,0,1,6,-2,-1,-2,-3,-1,0,-1,-1,-1
5302,resize,5,5,5,1,1,1,-3,-1,-3,2,-3,6,-1,-2,0,1,5,1,-3,-1,-3,2,-3,6,-1,-2,0,1
5303,resize,6,6,6,1,1,1,-1,-1,-2,-1,1,1,5,-2,-1,-4,6,1,-1,-1,-2,-1,1,1,5,-2,-1,-4
5304,resize,6,6,6,1,1,1,-2,-1,-3,-2,0,1,5,-3,0,-4,6,1,-2,-1,-3,-2,0,1,5,-3,0,-4
5305,resize,0,0,0,1,1,1,6,-3,-1,-2,-4,-1,0,-1,0,-1,0,1,6,-3,-1,-2,-4,-1,0,-1,0,-1
5306,resize,8,8,8,1,1,1,-1,-1,-1,-1,0,0,0,-2,3,0,8,1,-1,-1,-1,-1,0,0,0,-2,3,0
5307,resize,0,0,0,1,1,1,6,-3,-2,-2,-3,-1,0,0,-1,-1,0,1,6,-3,-2,-2,-3,-1,0,0,-1,-1
5308,resize,2,2,2,1,1,1,0,0,4,1,-3,-3,-3,0,0,-3,2,1,0,0,4,1,-3,-3,-3,0,0,-3
5309,resize,3,3,3,1,1,1,-2,-1,-2,6,-5,2,-3,-2,0,1,3,1,-2,-1,-2,6,-5,2,-3,-2,0,1
5310,resize,7,7,7,1,1,1,-1,-1,1,0,-1,-2,-5,4,-2,0,7,1,-1,-1,1,0,-1,-2,-5,4,-2,0
5311,resize,9,9,9,1,1,1,-1,-3,-2,1,-1,0,-5,1,-1,4,9,1,-1,-3,-2,1,-1,0,-5,1,-1,4
5312,resize,4,4,4,1,1,1,-3,-1,-2,-3,4,-2,-3,-1,-1,0,4,1,-3,-1,-2,-3,4,-2,-3,-1,-1,0
5313,resize,7,7,7,1,1,1,-2,0,0,0,-1,-2,-6,5,-1,0,7,1,-2,0,0,0,-1,-2,-6,5,-1,0
5314,resize,1,1,1,1,1,1,-2,4,-2,-3,-1,-1,0,-1,0,-2,1,1,-2,4,-2,-3,-1,-1,0,-1,0,-2
5315,resize,9,9,9,1,1,1,-2,-3,-2,0,0,-1,-5,1,-1,4,9,1,-2,-3,-2,0,0,-1,-5,1,-1,4
5316,resize,1,1,1,1,1,1,-2,4,-2,-4,-1,-1,-2,-1,0,-1,1,1,-2,4,-2,-4,-1,-1,-2,-1,0,-1
5317,resize,7,7,7,1,1,1,-2,-1,0,0,-1,-2,-6,5,-1,0,7,1,-2,-1,0,0,-1,-2,-6,5,-1,0
5318,resize,1,1,1,1,1,1,-2,4,-2,-3,-1,0,0,-1,0,-2,1,1,-2,4,-2,-3,-1,0,0,-1,0,-2
5319,resize,4,4,4,1,1,1,-3,-1,-2,-2,5,-2,-2,0,-1,-1,4,1,-3,-1,-2,-2,5,-2,-2,0,-1,-1
5320,resize,0,0,0,1,1,1,5,-2,-1,-2,-3,0,0,-1,0,-2,0,1,5,-2,-1,-2,-3,0,0,-1,0,-2
5321,resize,0,0,0,1,1,1,6,-3,-1,-2,-3,-1,0,0,-1,-1,0,1,6,-3,-1,-2,-3,-1,0,0,-1,-1
5322,resize,4,4,4,1,1,1,-2,-1,-1,-2,4,-2,-3,0,-2,0,4,1,-2,-1,-1,-2,4,-2,-3,0,-2,0
5323,resize,1,1,1,1,1,1,-1,3,-1,-2,-1,-1,-1,0,0,-1,1,1,-1,3,-1,-2,-1,-1,-1,0,0,-1
5324,resize,7,7,7,1,1,1,-1,-1,0,0,-2,-1,-6,4,-1,0,7,1,-1,-1,0,0,-2,-1,-6,4,-1,0
5325,resize,5,5,5,1,1,1,-2,-2,-3,1,-3,7,-1,-2,0,2,5,1,-2,-2,-3,1,-3,7,-1,-2,0,2
5326,resize,7,7,7,1,1,1,-1,-1,0,1,-1,-1,-6,4,-1,0,7,1,-1,-1,0,1,-1,-1,-6,4,-1,0
5327,resize,1,1,1,1,1,1,-2,4,-2,-4,-1,-1,-1,-1,0,-2,1,1,-2,4,-2,-4,-1,-1,-1,-1,0,-2
5328,resize,3,3,3,1,1,1,-3,-2,-2,6,-5,3,-4,-2,0,2,3,1,-3,-2,-2,6,-5,3,-4,-2,0,2
5329,resize,3,3,3,1,1,1,-2,-1,-2,5,-4,2,-3,-1,0,0,3,1,-2,-1,-2,5,-4,2,-3,-1,0,0
5330,resize,3,3,3,1,1,1,-3,-1,-1,5,-4,2,-3,-1,0,0,3,1,-3,-1,-1,5,-4,2,-3,-1,0,0
5331,resize,1,1,1,1,1,1,0,3,-1,-3,0,-1,1,-2,-1,-2,1,1,0,3,-1,-3,0,-1,1,-2,-1,-2
5332,resize,6,6,6,1,1,1,0,-2,-4,-3,-1,2,6,-4,0,-2,6,1,0,-2,-4,-3,-1,2,6,-4,0,-2
5333,resize,9,9,9,1,1,1,-2,-3,-2,0,0,0,-5,0,-1,5,9,1,-2,-3,-2,0,0,0,-5,0,-1,5
5334,resize,7,7,7,1,1,1,-2,-1,0,0,-1,-2,-6,5,-1,-1,7,1,-2,-1,0,0,-1,-2,-6,5,-1,-1
5335,resize,4,4,4,1,1,1,-2,-1,-2,-3,3,0,-1,-2,-1,-1,4,1,-2,-1,-2,-3,3,0,-1,-2,-1,-1
5336,resize,3,3,3,1,1,1,-2,-2,-2,6,-5,1,-3,-2,1,1,3,1,-2,-2,-2,6,-5,1,-3,-2,1,1
5337,resize,0,0,0,1,1,1,7,-3,-1,-1,-3,-1,0,-1,-1,0,0,1,7,-3,-1,-1,-3,-1,0,-1,-1,0
5338,resize,2,2,2,1,1,1,-2,1,6,1,-3,-3,-2,0,-1,-4,2,1,-2,1,6,1,-3,-3,-2,0,-1,-4
5339,resize,5,5,5,1,1,1,-2,-1,-2,1,-2,6,-1,-1,0,1,5,1,-2,-1,-2,1,-2,6,-1,-1,0,1
5340,resize,2,2,2,1,1,1,-2,1,6,1,-3,-4,-2,0,-1,-5,2,1,-2,1,6,1,-3,-4,-2,0,-1,-5
5341,resize,6,6,6,1,1,1,-1,-1,-3,-2,0,1,5,-2,0,-3,6,1,-1,-1,-3,-2,0,1,5,-2,0,-3
5342,resize,0,0,0,1,1,1,6,-3,-2,-2,-2,-1,1,-1,-2,0,0,1,6,-3,-2,-2,-2,-1,1,-1,-2,0
5343,resize,8,8,8,1,1,1,0,-1,-2,-1,0,0,-1,-2,3,0,8,1,0,-1,-2,-1,0,0,-1,-2,3,0
5344,resize,9,9,9,1,1,1,-1,-2,-2,0,0,0,-4,1,-2,4,9,1,-1,-2,-2,0,0,0,-4,1,-2,4
5345,resize,4,4,4,1,1,1,-3,0,-1,-3,4,-2,-3,0,-2,0,4,1,-3,0,-1,-3,4,-2,-3,0,-2,0
5346,resize,3,3,3,1,1,1,-3,-1,-2,6,-5,1,-3,-1,1,0,3,1,-3,-1,-2,6,-5,1,-3,-1,1,0
5347,resize,5,5,5,1,1,1,-2,-1,-3,0,-2,7,-1,-1,-1,2,5,1,-2,-1,-3,0,-2,7,-1,-1,-1,2
5348,resize,4,4,4,1,1,1,-2,-1,-2,-3,4,-2,-1,-1,-2,0,4,1,-2,-1,-2,-3,4,-2,-1,-1,-2,0
5349,resize,8,8,8,1,1,1,-1,-2,-1,-1,-1,0,-1,-2,4,0,8,1,-1,-2,-1,-1,-1,0,-1,-2,4,0
5350,resize,1,1,1,1,1,1,-1,3,0,-3,-1,0,-1,0,0,-2,1,1,-1,3,0,-3,-1,0,-1,0,0,-2
5351,resize,5,5,5,1,1,1,-3,-2,-4,1,-2,7,-2,-1,-1,2,5,1,-3,-2,-4,1,-2,7,-2,-1,-1,2
5352,resize,9,9,9,1,1,1,-2,-3,-2,0,0,-1,-5,1,-1,5,9,1,-2,-3,-2,0,0,-1,-5,1,-1,5
5353,resize,0,0,0,1,1,1,6,-3,-1,-2,-3,-2,1,-1,-2,0,0,1,6,-3,-1,-2,-3,-2,1,-1,-2,0
5354,resize,6,6,6,1,1,1,-1,-2,-3,-2,0,2,6,-3,0,-3,6,1,-1,-2,-3,-2,0,2,6,-3,0,-3
5355,resize,4,4,4,1,1,1,-2,-1,-3,-3,5,-3,-2,-1,-1,1,4,1,-2,-1,-3,-3,5,-3,-2,-1,-1,1
5356,resize,3,3,3,1,1,1,-3,-2,-1,6,-5,1,-3,-2,2,0,3,1,-3,-2,-1,6,-5,1,-3,-2,2,0
5357,resize,6,6,6,1,1,1,-1,-1,-2,-2,-1,2,6,-4,-1,-4,6,1,-1,-1,-2,-2,-1,2,6,-4,-1,-4
5358,resize,3,3,3,1,1,1,-2,-2,-2,5,-5,2,-3,-2,1,1,3,1,-2,-2,-2,5,-5,2,-3,-2,1,1
5359,resize,3,3,3,1,1,1,-2,-1,-1,5,-5,1,-3,-1,1,0,3,1,-2,-1,-1,5,-5,1,-3,-1,1,0
5360,resize,8,8,8,1,1,1,-2,0,-2,-1,0,0,-2,-1,3,1,8,1,-2,0,-2,-1,0,0,-2,-1,3,1
5361,resize,1,1,1,1,1,1,-2,4,-1,-4,-1,-1,-1,-1,-1,-2,1,1,-2,4,-1,-4,-1,-1,-1,-1,-1,-2
5362,resize,4,4,4,1,1,1,-3,-1,-2,-3,5,-3,-3,0,-3,0,4,1,-3,-1,-2,-3,5,-3,-3,0,-3,0
5363,resize,7,7,7,1,1,1,-1,0,0,0,0,-1,-4,4,-1,0,7,1,-1,0,0,0,0,-1,-4,4,-1,0
5364,resize,5,5,5,1,1,1,-3,-1,-3,-1,-3,7,0,-1,0,2,5,1,-3,-1,-3,-1,-3,7,0,-1,0,2
5365,resize,7,7,7,1,1,1,-2,-1,-1,0,-1,-2,-6,5,-1,-1,7,1,-2,-1,-1,0,-1,-2,-6,5,-1,-1
5366,resize,2,2,2,1,1,1,-1,1,7,0,-3,-4,-2,0,-2,-5,2,1,-1,1,7,0,-3,-4,-2,0,-2,-5
5367,resize,2,2,2,1,1,1,0,0,5,0,-2,-3,-2,1,-1,-3,2,1,0,0,5,0,-2,-3,-2,1,-1,-3
5368,resize,0,0,0,1,1,1,6,-3,-1,-1,-3,0,0,-1,-1,0,0,1,6,-3,-1,-1,-3,0,0,-1,-1,0
5369,resize,0,0,0,1,1,1,6,-3,-1,-1,-3,0,1,-1,-1,0,0,1,6,-3,-1,-1,-3,0,1,-1,-1,0
5370,resize,1,1,1,1,1,1,-3,4,0,-3,-1,-1,-2,1,-2,-1,1,1,-3,4,0,-3,-1,-1,-2,1,-2,-1
5371,resize,7,7,7,1,1,1,-1,-1,0,1,-1,-1,-5,4,-1,0,7,1,-1,-1,0,1,-1,-1,-5,4,-1,0
5372,resize,7,7,7,1,1,1,-1,-1,0,0,-1,-1,-5,3,-1,0,7,1,-1,-1,0,0,-1,-1,-5,3,-1,0
5373,resize,9,9,9,1,1,1,-1,-3,-2,1,-1,-1,-4,0,-1,4,9,1,-1,-3,-2,1,-1,-1,-4,0,-1,4
5374,resize,5,5,5,1,1,1,-2,-2,-3,0,-2,6,-1,-1,0,1,5,1,-2,-2,-3,0,-2,6,-1,-1,0,1
5375,resize,9,9,9,1,1,1,-2,-2,-3,-1,1,-1,-4,-1,-1,4,9,1,-2,-2,-3,-1,1,-1,-4,-1,-1,4
5376,resize,8,8,8,1,1,1,0,-2,-2,1,-3,0,-2,-3,4,0,8,1,0,-2,-2,1,-3,0,-2,-3,4,0
5377,resize,9,9,9,1,1,1,-1,-3,-1,0,0,-1,-4,1,-1,5,9,1,-1,-3,-1,0,0,-1,-4,1,-1,5
5378,resize,6,6,6,1,1,1,-1,-1,-3,-3,0,2,6,-5,-1,-3,6,1,-1,-1,-3,-3,0,2,6,-5,-1,-3
5379,resize,8,8,8,1,1,1,-1,-2,-2,-1,0,0,-1,-2,3,1,8,1,-1,-2,-2,-1,0,0,-1,-2,3,1
5380,resize,8,8,8,1,1,1,-1,-1,-2,0,-1,0,-2,-2,3,1,8,1,-1,-1,-2,0,-1,0,-2,-2,3,1
5381,resize,2,2,2,1,1,1,0,0,5,1,-3,-3,-2,1,-1,-4,2,1,0,0,5,1,-3,-3,-2,1,-1,-4
5382,resize,3,3,3,1,1,1,-3,0,-1,6,-4,3,-3,-1,-1,-1,3,1,-3,0,-1,6,-4,3,-3,-1,-1,-1
5383,resize,6,6,6,1,1,1,-1,-2,-3,-2,0,1,5,-2,0,-3,6,1,-1,-2,-3,-2,0,1,5,-2,0,-3
5384,resize,1,1,1,1,1,1,-3,4,-2,-4,-1,-1,-1,-1,-1,-1,1,1,-3,4,-2,-4,-1,-1,-1,-1,-1,-1
5385,resize,2,2,2,1,1,1,0,0,7,0,-4,-4,-2,0,-1,-6,2,1,0,0,7,0,-4,-4,-2,0,-1,-6
5386,resize,9,9,9,1,1,1,-2,-3,-2,0,0,-1,-5,0,-1,5,9,1,-2,-3,-2,0,0,-1,-5,0,-1,5
5387,resize,8,8,8,1,1,1,-1,-1,-2,-1,-1,0,-1,-3,4,0,8,1,-1,-1,-2,-1,-1,0,-1,-3,4,0
5388,resize,9,9,9,1,1,1,-2,-2,-2,-1,1,-1,-4,0,-1,5,9,1,-2,-2,-2,-1,1,-1,-4,0,-1,5
5389,resize,5,5,5,1,1,1,-2,-2,-2,1,-2,6,-1,-1,0,2,5,1,-2,-2,-2,1,-2,6,-1,-1,0,2
5390,resize,2,2,2,1,1,1,-1,1,5,0,-1,-3,-2,0,-1,-4,2,1,-1,1,5,0,-1,-3,-2,0,-1,-4
5391,resize,6,6,6,1,1,1,-1,-1,-4,-3,-1,1,5,-3,1,-2,6,1,-1,-1,-4,-3,-1,1,5,-3,1,-2
5392,resize,2,2,2,1,1,1,1,-1,4,1,-4,-2,-1,-1,0,-3,2,1,1,-1,4,1,-4,-2,-1,-1,0,-3
5393,resize,4,4,4,1,1,1,-3,-1,-2,-4,5,-3,-3,-1,-2,-1,4,1,-3,-1,-2,-4,5,-3,-3,-1,-2,-1
5394,resize,8,8,8,1,1,1,0,-1,-2,0,0,0,-2,-1,2,0,8,1,0,-1,-2,0,0,0,-2,-1,2,0
5395,resize,4,4,4,1,1,1,-2,-1,-2,-3,4,-1,-1,-1,-2,-1,4,1,-2,-1,-2,-3,4,-1,-1,-1,-2,-1
5396,resize,6,6,6,1,1,1,0,-1,-3,-3,-1,2,4,-3,0,-2,6,1,0,-1,-3,-3,-1,2,4,-3,0,-2
5397,resize,5,5,5,1,1,1,-2,-1,-2,1,-2,5,-1,-2,0,1,5,1,-2,-1,-2,1,-2,5,-1,-2,0,1
5398,resize,0,0,0,1,1,1,5,-3,-2,-3,-3,0,0,-1,1,-2,0,1,5,-3,-2,-3,-3,0,0,-1,1,-2
5399,resize,1,1,1,1,1,1,-2,4,-1,-3,-1,-1,-1,-1,-1,-2,1,1,-2,4,-1,-3,-1,-1,-1,-1,-1,-2
5400,resize,5,5,5,1,1,1,-1,-2,-2,0,-2,6,-1,-2,0,1,5,1,-1,-2,-2,0,-2,6,-1,-2,0,1
5401,resize,6,6,6,1,1,1,-2,-1,-2,-1,0,1,4,-3,1,-3,6,1,-2,-1,-2,-1,0,1,4,-3,1,-3
5402,resize,7,7,7,1,1,1,-3,1,0,-1,0,-2,-5,4,-2,0,7,1,-3,1,0,-1,0,-2,-5,4,-2,0
5403,resize,8,8,8,1,1,1,-1,-2,-1,1,-2,0,-1,-2,4,-1,8,1,-1,-2,-1,1,-2,0,-1,-2,4,-1
5404,resize,9,9,9,1,1,1,-2,-2,-3,0,0,-1,-4,0,-2,5,9,1,-2,-2,-3,0,0,-1,-4,0,-2,5
5405,resize,0,0,0,1,1,1,3,-2,0,-2,-3,1,1,-1,1,-1,0,1,3,-2,0,-2,-3,1,1,-1,1,-1
5406,resize,1,1,1,1,1,1,-1,4,0,-2,-2,-1,-2,0,0,-2,1,1,-1,4,0,-2,-2,-1,-2,0,0,-2
5407,resize,2,2,2,1,1,1,-1,1,5,0,-3,-3,-2,1,-2,-5,2,1,-1,1,5,0,-3,-3,-2,1,-2,-5
5408,resize,3,3,3,1,1,1,-2,-1,0,5,-4,1,-2,-1,0,-1,3,1,-2,-1,0,5,-4,1,-2,-1,0,-1
5409,resize,4,4,4,1,1,1,-2,-1,-2,-3,5,-2,0,-1,-2,-1,4,1,-2,-1,-2,-3,5,-2,0,-1,-2,-1
5410,resize,5,5,5,1,1,1,-1,-2,-2,0,-2,6,1,-2,0,1,5,1,-1,-2,-2,0,-2,6,1,-2,0,1
5411,resize,6,6,6,1,1,1,0,-2,-4,-3,-1,1,7,-4,-1,-3,6,1,0,-2,-4,-3,-1,1,7,-4,-1,-3
5412,resize,7,7,7,1,1,1,-4,0,0,0,0,-2,-5,4,-1,-1,7,1,-4,0,0,0,0,-2,-5,4,-1,-1
5413,resize,8,8,8,1,1,1,-1,-1,-1,-1,-1,0,0,-2,4,0,8,1,-1,-1,-1,-1,-1,0,0,-2,4,0
5414,resize,9,9,9,1,1,1,-1,-2,-2,0,0,-1,-4,0,-1,3,9,1,-1,-2,-2,0,0,-1,-4,0,-1,3
5415,resize,0,0,0,1,1,1,4,-2,0,-1,-3,-1,0,-1,-1,0,0,1,4,-2,0,-1,-3,-1,0,-1,-1,0
5416,resize,1,1,1,1,1,1,-3,3,-1,-3,0,-1,-2,0,-1,0,1,1,-3,3,-1,-3,0,-1,-2,0,-1,0
5417,resize,2,2,2,1,1,1,-2,1,5,1,-3,-3,-2,1,-1,-4,2,1,-2,1,5,1,-3,-3,-2,1,-1,-4
5418,resize,3,3,3,1,1,1,-3,-2,-1,6,-5,1,-4,-1,0,0,3,1,-3,-2,-1,6,-5,1,-4,-1,0,0
5419,resize,4,4,4,1,1,1,-3,-1,-2,-3,5,-3,-2,0,-2,-1,4,1,-3,-1,-2,-3,5,-3,-2,0,-2,-1
5420,resize,5,5,5,1,1,1,-1,-1,-2,0,-1,4,-1,-1,0,1,5,1,-1,-1,-2,0,-1,4,-1,-1,0,1
5421,resize,6,6,6,1,1,1,1,-2,-4,-3,0,1,6,-4,-1,-3,6,1,1,-2,-4,-3,0,1,6,-4,-1,-3
5422,resize,7,7,7,1,1,1,-3,-1,-1,0,0,-2,-6,5,-2,0,7,1,-3,-1,-1,0,0,-2,-6,5,-2,0
5423,resize,8,8,8,1,1,1,-2,-2,-1,0,-1,0,-1,-2,4,0,8,1,-2,-2,-1,0,-1,0,-1,-2,4,0
5424,resize,9,9,9,1,1,1,-1,-1,-2,0,0,-2,-4,1,-1,3,9,1,-1,-1,-2,0,0,-2,-4,1,-1,3
5425,resize,7,7,7,1,1,1,-3,0,-1,0,0,-1,-5,4,-1,0,7,1,-3,0,-1,0,0,-1,-5,4,-1,0
5426,resize,4,4,4,1,1,1,-3,-1,-2,-4,6,-3,-2,-1,-3,-2,4,1,-3,-1,-2,-4,6,-3,-2,-1,-3,-2
5427,resize,2,2,2,1,1,1,-2,1,4,1,-2,-2,-2,0,-2,-4,2,1,-2,1,4,1,-2,-2,-2,0,-2,-4
5428,resize,0,0,0,1,1,1,5,-3,-1,-1,-2,0,1,-2,0,-1,0,1,5,-3,-1,-1,-2,0,1,-2,0,-1
5429,resize,9,9,9,1,1,1,-1,-2,-2,0,0,-1,-4,0,0,3,9,1,-1,-2,-2,0,0,-1,-4,0,0,3
5430,resize,0,0,0,1,1,1,6,-3,0,-2,-3,0,1,-2,0,-1,0,1,6,-3,0,-2,-3,0,1,-2,0,-1
5431,resize,1,1,1,1,1,1,-1,3,-1,-2,-1,-1,-2,0,-1,-2,1,1,-1,3,-1,-2,-1,-1,-2,0,-1,-2
5432,resize,5,5,5,1,1,1,-1,-2,-2,-1,-2,6,0,-2,0,1,5,1,-1,-2,-2,-1,-2,6,0,-2,0,1
5433,resize,8,8,8,1,1,1,0,-2,-2,1,-3,1,-1,-3,5,-1,8,1,0,-2,-2,1,-3,1,-1,-3,5,-1
5434,resize,8,8,8,1,1,1,-1,-2,-2,0,-2,0,-1,-2,4,-1,8,1,-1,-2,-2,0,-2,0,-1,-2,4,-1
5435,resize,0,0,0,1,1,1,6,-2,-2,-2,-3,0,0,0,-1,-2,0,1,6,-2,-2,-2,-3,0,0,0,-1,-2
5436,resize,2,2,2,1,1,1,-1,1,7,1,-3,-4,-3,1,-2,-5,2,1,-1,1,7,1,-3,-4,-3,1,-2,-5
5437,resize,7,7,7,1,1,1,-3,-1,0,0,0,-1,-5,4,-1,0,7,1,-3,-1,0,0,0,-1,-5,4,-1,0
5438,resize,8,8,8,1,1,1,-2,-2,-2,0,-2,0,-1,-3,5,0,8,1,-2,-2,-2,0,-2,0,-1,-3,5,0
5439,resize,4,4,4,1,1,1,-2,0,-1,-3,5,-3,-3,0,-3,-1,4,1,-2,0,-1,-3,5,-3,-3,0,-3,-1
5440,resize,4,4,4,1,1,1,-3,-1,-2,-4,5,-3,-3,-1,-2,0,4,1,-3,-1,-2,-4,5,-3,-3,-1,-2,0
5441,resize,6,6,6,1,1,1,0,-2,-4,-3,0,1,7,-4,-1,-4,6,1,0,-2,-4,-3,0,1,7,-4,-1,-4
5442,resize,1,1,1,1,1,1,-2,4,-1,-3,-1,-1,-1,-1,0,-2,1,1,-2,4,-1,-3,-1,-1,-1,-1,0,-2
5443,resize,0,0,0,1,1,1,5,-2,-1,-1,-2,0,2,-2,-1,-1,0,1,5,-2,-1,-1,-2,0,2,-2,-1,-1
5444,resize,4,4,4,1,1,1,-4,-1,-2,-4,5,-2,-2,-1,-1,-2,4,1,-4,-1,-2,-4,5,-2,-2,-1,-1,-2
5445,resize,5,5,5,1,1,1,-1,-2,-3,0,-2,6,1,-2,0,1,5,1,-1,-2,-3,0,-2,6,1,-2,0,1
5446,resize,3,3,3,1,1,1,-4,0,-1,6,-4,2,-3,-1,0,-2,3,1,-4,0,-1,6,-4,2,-3,-1,0,-2
5447,resize,9,9,9,1,1,1,-2,-2,-3,-1,1,-1,-5,0,-2,4,9,1,-2,-2,-3,-1,1,-1,-5,0,-2,4
5448,resize,4,4,4,1,1,1,-3,-1,-2,-4,5,-3,-3,-1,-3,0,4,1,-3,-1,-2,-4,5,-3,-3,-1,-3,0
5449,resize,2,2,2,1,1,1,-2,-1,2,2,-3,-2,-2,-1,1,-2,2,1,-2,-1,2,2,-3,-2,-2,-1,1,-2
5450,resize,0,0,0,1,1,1,3,-1,0,-1,-3,2,0,-1,-1,-1,0,1,3,-1,0,-1,-3,2,0,-1,-1,-1
5451,resize,5,5,5,1,1,1,-2,-2,-3,0,-3,7,0,-3,0,2,5,1,-2,-2,-3,0,-3,7,0,-3,0,2
5452,resize,0,0,0,1,1,1,4,-3,-2,-1,-2,1,2,-1,-1,-1,0,1,4,-3,-2,-1,-2,1,2,-1,-1,-1
5453,resize,1,1,1,1,1,1,-2,4,-1,-3,-1,-1,-2,0,-1,-2,1,1,-2,4,-1,-3,-1,-1,-2,0,-1,-2
5454,resize,3,3,3,1,1,1,-3,-2,-2,6,-5,3,-4,-2,0,1,3,1,-3,-2,-2,6,-5,3,-4,-2,0,1
5455,resize,2,2,2,1,1,1,0,1,6,0,-3,-4,-2,1,-1,-5,2,1,0,1,6,0,-3,-4,-2,1,-1,-5
5456,resize,9,9,9,1,1,1,-1,-2,-2,0,0,-1,-3,1,-1,4,9,1,-1,-2,-2,0,0,-1,-3,1,-1,4
5457,resize,1,1,1,1,1,1,-2,3,-1,-3,0,-1,0,-1,0,-1,1,1,-2,3,-1,-3,0,-1,0,-1,0,-1
5458,resize,6,6,6,1,1,1,0,-2,-5,-3,0,1,7,-4,-1,-4,6,1,0,-2,-5,-3,0,1,7,-4,-1,-4
5459,resize,0,0,0,1,1,1,3,-2,-2,0,-2,0,2,-2,1,-1,0,1,3,-2,-2,0,-2,0,2,-2,1,-1
5460,resize,1,1,1,1,1,1,-2,4,-2,-3,-1,-1,-2,1,-1,-1,1,1,-2,4,-2,-3,-1,-1,-2,1,-1,-1
5461,resize,1,1,1,1,1,1,-2,4,-1,-3,-1,-1,-1,-1,0,-2,1,1,-2,4,-1,-3,-1,-1,-1,-1,0,-2
5462,resize,8,8,8,1,1,1,-1,-2,-1,0,-2,0,-1,-3,5,-1,8,1,-1,-2,-1,0,-2,0,-1,-3,5,-1
5463,resize,0,0,0,1,1,1,5,-3,-1,-1,-2,1,1,-1,-1,-1,0,1,5,-3,-1,-1,-2,1,1,-1,-1,-1
5464,resize,4,4,4,1,1,1,-3,-1,-2,-3,5,-3,-3,0,-2,-1,4,1,-3,-1,-2,-3,5,-3,-3,0,-2,-1
5465,resize,7,7,7,1,1,1,-3,0,0,0,0,-2,-6,5,-2,0,7,1,-3,0,0,0,0,-2,-6,5,-2,0
5466,resize,7,7,7,1,1,1,-2,-1,0,0,-1,-1,-5,4,-1,0,7,1,-2,-1,0,0,-1,-1,-5,4,-1,0
5467,resize,6,6,6,1,1,1,0,-2,-4,-3,-1,2,7,-4,-1,-4,6,1,0,-2,-4,-3,-1,2,7,-4,-1,-4
5468,resize,3,3,3,1,1,1,-3,-1,-1,6,-4,2,-2,-1,0,-1,3,1,-3,-1,-1,6,-4,2,-2,-1,0,-1
5469,resize,6,6,6,1,1,1,0,-2,-4,-3,-1,2,6,-4,1,-3,6,1,0,-2,-4,-3,-1,2,6,-4,1,-3
5470,resize,0,0,0,1,1,1,4,-3,-2,-1,-2,1,2,-2,0,-2,0,1,4,-3,-2,-1,-2,1,2,-2,0,-2
5471,resize,7,7,7,1,1,1,-3,0,0,-1,0,-1,-4,3,-1,-1,7,1,-3,0,0,-1,0,-1,-4,3,-1,-1
5472,resize,3,3,3,1,1,1,-3,-2,-2,7,-6,2,-4,-2,1,0,3,1,-3,-2,-2,7,-6,2,-4,-2,1,0
5473,resize,5,5,5,1,1,1,-2,-2,-2,-1,-3,6,0,-2,1,1,5,1,-2,-2,-2,-1,-3,6,0,-2,1,1
5474,resize,4,4,4,1,1,1,-3,-1,-2,-4,6,-3,-3,-1,-3,-1,4,1,-3,-1,-2,-4,6,-3,-3,-1,-3,-1
5475,resize,2,2,2,1,1,1,-1,1,6,0,-4,-3,-2,1,-2,-6,2,1,-1,1,6,0,-4,-3,-2,1,-2,-6
5476,resize,4,4,4,1,1,1,-4,-1,-2,-4,6,-3,-3,-1,-3,-2,4,1,-4,-1,-2,-4,6,-3,-3,-1,-3,-2
5477,resize,1,1,1,1,1,1,-2,3,-2,-3,0,-1,-1,-1,0,-1,1,1,-2,3,-2,-3,0,-1,-1,-1,0,-1
5478,resize,8,8,8,1,1,1,-1,-2,-2,1,-3,1,-1,-3,5,-1,8,1,-1,-2,-2,1,-3,1,-1,-3,5,-1
5479,resize,3,3,3,1,1,1,-3,-2,-3,7,-6,3,-4,-2,0,1,3,1,-3,-2,-3,7,-6,3,-4,-2,0,1
5480,resize,5,5,5,1,1,1,-1,-2,-2,0,-2,6,0,-2,1,1,5,1,-1,-2,-2,0,-2,6,0,-2,1,1
5481,resize,6,6,6,1,1,1,0,-2,-4,-3,0,1,7,-4,-1,-4,6,1,0,-2,-4,-3,0,1,7,-4,-1,-4
5482,resize,7,7,7,1,1,1,-2,-1,0,0,0,-2,-6,5,-1,0,7,1,-2,-1,0,0,0,-2,-6,5,-1,0
5483,resize,0,0,0,1,1,1,4,-2,0,-2,-3,-2,0,-1,0,-1,0,1,4,-2,0,-2,-3,-2,0,-1,0,-1
5484,resize,6,6,6,1,1,1,0,-1,-4,-4,-1,2,7,-5,-1,-4,6,1,0,-1,-4,-4,-1,2,7,-5,-1,-4
5485,resize,7,7,7,1,1,1,-2,0,1,0,0,-2,-5,4,-1,-1,7,1,-2,0,1,0,0,-2,-5,4,-1,-1
5486,resize,1,1,1,1,1,1,-2,5,-3,-4,-1,-1,-1,-1,0,-1,1,1,-2,5,-3,-4,-1,-1,-1,-1,0,-1
5487,resize,2,2,2,1,1,1,-1,1,7,0,-3,-4,-2,0,-2,-5,2,1,-1,1,7,0,-3,-4,-2,0,-2,-5
5488,resize,5,5,5,1,1,1,-2,-1,-3,1,-3,6,0,-2,0,1,5,1,-2,-1,-3,1,-3,6,0,-2,0,1
5489,resize,8,8,8,1,1,1,-1,-2,-2,0,-3,1,-1,-4,6,-1,8,1,-1,-2,-2,0,-3,1,-1,-4,6,-1
5490,resize,1,1,1,1,1,1,-1,3,-2,-2,-1,-1,-2,0,0,-1,1,1,-1,3,-2,-2,-1,-1,-2,0,0,-1
5491,resize,9,9,9,1,1,1,-1,-2,-2,1,-1,-2,-5,0,-1,4,9,1,-1,-2,-2,1,-1,-2,-5,0,-1,4
5492,resize,3,3,3,1,1,1,-3,-2,-1,7,-6,1,-4,-2,1,0,3,1,-3,-2,-1,7,-6,1,-4,-2,1,0
5493,resize,8,8,8,1,1,1,-1,-2,-3,0,-2,1,0,-2,5,-2,8,1,-1,-2,-3,0,-2,1,0,-2,5,-2
5494,resize,2,2,2,1,1,1,0,1,7,1,-4,-4,-3,1,-2,-6,2,1,0,1,7,1,-4,-4,-3,1,-2,-6
5495,resize,8,8,8,1,1,1,-1,-2,-2,1,-2,1,0,-2,4,-2,8,1,-1,-2,-2,1,-2,1,0,-2,4,-2
5496,resize,7,7,7,1,1,1,-3,1,0,-1,0,-2,-4,4,-2,-1,7,1,-3,1,0,-1,0,-2,-4,4,-2,-1
5497,resize,6,6,6,1,1,1,0,-1,-3,-3,-1,2,7,-4,-1,-4,6,1,0,-1,-3,-3,-1,2,7,-4,-1,-4
5498,resize,7,7,7,1,1,1,-3,0,0,0,0,-1,-5,4,-1,-1,7,1,-3,0,0,0,0,-1,-5,4,-1,-1
5499,resize,1,1,1,1,1,1,-2,3,-3,-2,-1,-1,-2,0,0,0,1,1,-2,3,-3,-2,-1,-1,-2,0,0,0
5500,resize,4,4,4,1,1,1,-5,-1,-2,-4,6,-3,-3,-2,-2,-3,4,1,-5,-1,-2,-4,6,-3,-3,-2,-2,-3
5501,resize,6,6,6,1,1,1,0,-2,-4,-3,-1,2,7,-5,-1,-4,6,1,0,-2,-4,-3,-1,2,7,-5,-1,-4
5502,resize,2,2,2,1,1,1,-1,1,6,2,-4,-2,-1,-1,-2,-6,2,1,-1,1,6,2,-4,-2,-1,-1,-2,-6
5503,resize,9,9,9,1,1,1,-1,-3,-2,1,-1,-1,-5,1,-1,3,9,1,-1,-3,-2,1,-1,-1,-5,1,-1,3
5504,resize,3,3,3,1,1,1,-1,-2,-1,6,-4,1,-2,-2,1,0,3,1,-1,-2,-1,6,-4,1,-2,-2,1,0
5505,resize,0,0,0,1,1,1,6,-2,-2,-1,-4,1,0,-1,0,-1,0,1,6,-2,-2,-1,-4,1,0,-1,0,-1
5506,resize,1,1,1,1,1,1,-4,4,-1,-3,0,-1,-3,1,-2,0,1,1,-4,4,-1,-3,0,-1,-3,1,-2,0
5507,resize,2,2,2,1,1,1,-1,1,5,-1,-2,-3,-1,0,-1,-5,2,1,-1,1,5,-1,-2,-3,-1,0,-1,-5
5508,resize,3,3,3,1,1,1,-4,-1,-2,7,-5,2,-4,-1,0,-1,3,1,-4,-1,-2,7,-5,2,-4,-1,0,-1
5509,resize,4,4,4,1,1,1,-3,-1,-1,-3,5,-2,-3,0,-4,0,4,1,-3,-1,-1,-3,5,-2,-3,0,-4,0
5510,resize,5,5,5,1,1,1,-3,0,-2,2,-3,6,-1,-1,0,1,5,1,-3,0,-2,2,-3,6,-1,-1,0,1
5511,resize,6,6,6,1,1,1,-1,-1,-3,-3,0,1,6,-3,-1,-4,6,1,-1,-1,-3,-3,0,1,6,-3,-1,-4
5512,resize,7,7,7,1,1,1,-1,0,0,-1,-1,-1,-4,3,0,0,7,1,-1,0,0,-1,-1,-1,-4,3,0,0
5513,resize,0,0,0,1,1,1,6,-3,-1,-1,-3,0,2,-3,-2,-1,0,1,6,-3,-1,-1,-3,0,2,-3,-2,-1
5514,resize,1,1,1,1,1,1,-2,4,-1,-2,-1,-1,-2,0,-1,0,1,1,-2,4,-1,-2,-1,-1,-2,0,-1,0
5515,resize,2,2,2,1,1,1,1,1,6,-1,-3,-4,-2,0,-2,-5,2,1,1,1,6,-1,-3,-4,-2,0,-2,-5
5516,resize,3,3,3,1,1,1,-3,0,-2,6,-5,3,-3,-1,-1,-1,3,1,-3,0,-2,6,-5,3,-3,-1,-1,-1
5517,resize,4,4,4,1,1,1,-4,-1,-1,-3,5,-2,-3,0,-4,-1,4,1,-4,-1,-1,-3,5,-2,-3,0,-4,-1
5518,resize,5,5,5,1,1,1,-4,0,-3,0,-2,7,-1,-1,0,1,5,1,-4,0,-3,0,-2,7,-1,-1,0,1
5519,resize,0,0,0,1,1,1,4,-1,-2,-1,-2,1,0,-1,0,-1,0,1,4,-1,-2,-1,-2,1,0,-1,0,-1
5520,resize,1,1,1,1,1,1,-3,4,-2,-3,0,0,-2,-1,-1,1,1,1,-3,4,-2,-3,0,0,-2,-1,-1,1
5521,resize,2,2,2,1,1,1,0,1,7,-1,-3,-4,-1,0,-2,-6,2,1,0,1,7,-1,-3,-4,-1,0,-2,-6
5522,resize,8,8,8,1,1,1,-1,-2,0,-1,-2,1,-1,-3,5,0,8,1,-1,-2,0,-1,-2,1,-1,-3,5,0
5523,resize,9,9,9,1,1,1,-1,-2,-1,0,0,-1,-3,0,0,3,9,1,-1,-2,-1,0,0,-1,-3,0,0,3
5524,resize,1,1,1,1,1,1,-3,4,-1,-3,0,-2,-2,1,-2,-1,1,1,-3,4,-1,-3,0,-2,-2,1,-2,-1
5525,resize,4,4,4,1,1,1,-3,0,-2,-3,4,-3,-3,0,-2,0,4,1,-3,0,-2,-3,4,-3,-3,0,-2,0
5526,resize,0,0,0,1,1,1,6,-3,-3,-3,-4,0,0,0,0,-2,0,1,6,-3,-3,-3,-4,0,0,0,0,-2
5527,resize,9,9,9,1,1,1,0,-2,-2,-1,1,-2,-3,0,-1,3,9,1,0,-2,-2,-1,1,-2,-3,0,-1,3
5528,resize,5,5,5,1,1,1,-2,-2,-3,2,-3,6,-1,-2,0,2,5,1,-2,-2,-3,2,-3,6,-1,-2,0,2
5529,resize,0,0,0,1,1,1,6,-2,-1,-2,-3,0,0,-1,0,-2,0,1,6,-2,-1,-2,-3,0,0,-1,0,-2
5530,resize,8,8,8,1,1,1,-1,-1,-2,-1,-1,1,0,-3,5,0,8,1,-1,-1,-2,-1,-1,1,0,-3,5,0
5531,resize,0,0,0,1,1,1,6,-3,0,-2,-3,-2,0,-1,-2,-1,0,1,6,-3,0,-2,-3,-2,0,-1,-2,-1
5532,resize,7,7,7,1,1,1,-1,0,-1,0,0,0,-2,2,0,0,7,1,-1,0,-1,0,0,0,-2,2,0,0
5533,resize,7,7,7,1,1,1,-1,-2,-1,0,-1,-1,-5,3,-1,1,7,1,-1,-2,-1,0,-1,-1,-5,3,-1,1
5534,resize,1,1,1,1,1,1,-3,4,-1,-2,-1,-1,-3,0,-1,0,1,1,-3,4,-1,-2,-1,-1,-3,0,-1,0
5535,resize,1,1,1,1,1,1,-3,4,-1,-3,0,-1,-2,1,-2,-1,1,1,-3,4,-1,-3,0,-1,-2,1,-2,-1
5536,resize,2,2,2,1,1,1,0,1,4,0,-4,-3,-2,1,0,-3,2,1,0,1,4,0,-4,-3,-2,1,0,-3
5537,resize,9,9,9,1,1,1,-1,-2,-2,0,0,-1,-3,0,-1,4,9,1,-1,-2,-2,0,0,-1,-3,0,-1,4
5538,resize,3,3,3,1,1,1,-5,0,0,7,-6,1,-4,-1,0,-2,3,1,-5,0,0,7,-6,1,-4,-1,0,-2
5539,resize,6,6,6,1,1,1,-1,-1,-2,-3,1,-1,3,-2,1,-1,6,1,-1,-1,-2,-3,1,-1,3,-2,1,-1
5540,resize,7,7,7,1,1,1,-2,-1,0,1,-1,-1,-6,4,-1,0,7,1,-2,-1,0,1,-1,-1,-6,4,-1,0
5541,resize,2,2,2,1,1,1,-1,1,5,1,-4,-3,-3,1,-1,-4,2,1,-1,1,5,1,-4,-3,-3,1,-1,-4
5542,resize,3,3,3,1,1,1,-2,-1,-1,5,-4,2,-3,-1,0,0,3,1,-2,-1,-1,5,-4,2,-3,-1,0,0
5543,resize,8,8,8,1,1,1,-1,-1,-1,0,-2,0,-1,-3,4,0,8,1,-1,-1,-1,0,-2,0,-1,-3,4,0
5544,resize,1,1,1,1,1,1,-3,4,-1,-3,-1,-1,-2,0,-2,-1,1,1,-3,4,-1,-3,-1,-1,-2,0,-2,-1
5545,resize,2,2,2,1,1,1,0,1,6,0,-4,-4,-2,0,-2,-6,2,1,0,1,6,0,-4,-4,-2,0,-2,-6
5546,resize,9,9,9,1,1,1,0,-2,-3,0,0,-1,-1,-1,0,3,9,1,0,-2,-3,0,0,-1,-1,-1,0,3
5547,resize,8,8,8,1,1,1,0,-2,-1,-1,-2,0,-1,-2,5,-1,8,1,0,-2,-1,-1,-2,0,-1,-2,5,-1
5548,resize,8,8,8,1,1,1,-1,-2,-1,-1,-1,0,-1,-3,5,-1,8,1,-1,-2,-1,-1,-1,0,-1,-3,5,-1
5549,resize,7,7,7,1,1,1,-1,0,0,-1,-1,-1,-4,4,-1,0,7,1,-1,0,0,-1,-1,-1,-4,4,-1,0
5550,resize,1,1,1,1,1,1,-3,4,-1,-3,0,-1,-2,1,-1,0,1,1,-3,4,-1,-3,0,-1,-2,1,-1,0
5551,resize,7,7,7,1,1,1,-1,-1,-1,-1,-1,-1,-5,4,0,0,7,1,-1,-1,-1,-1,-1,-1,-5,4,0,0
5552,resize,1,1,1,1,1,1,-2,4,-1,-2,-1,-1,-2,1,-1,-1,1,1,-2,4,-1,-2,-1,-1,-2,1,-1,-1
5553,resize,1,1,1,1,1,1,-3,4,-1,-3,0,-1,-2,1,-2,-1,1,1,-3,4,-1,-3,0,-1,-2,1,-2,-1
5554,resize,0,0,0,1,1,1,5,-2,-1,-1,-3,0,0,-1,-1,0,0,1,5,-2,-1,-1,-3,0,0,-1,-1,0
5555,resize,3,3,3,1,1,1,-4,-1,-1,6,-4,2,-3,-1,0,-1,3,1,-4,-1,-1,6,-4,2,-3,-1,0,-1
5556,resize,4,4,4,1,1,1,-1,0,-2,-3,3,-3,-1,-1,-2,1,4,1,-1,0,-2,-3,3,-3,-1,-1,-2,1
5557,resize,2,2,2,1,1,1,0,1,6,0,-4,-4,-2,1,-1,-5,2,1,0,1,6,0,-4,-4,-2,1,-1,-5
5558,resize,6,6,6,1,1,1,0,-2,-4,-3,0,1,6,-3,0,-3,6,1,0,-2,-4,-3,0,1,6,-3,0,-3
5559,resize,4,4,4,1,1,1,-2,0,-1,-3,4,-3,-3,0,-4,0,4,1,-2,0,-1,-3,4,-3,-3,0,-4,0
5560,resize,7,7,7,1,1,1,-1,0,-1,-1,-1,-1,-4,4,-1,0,7,1,-1,0,-1,-1,-1,-1,-4,4,-1,0
5561,resize,4,4,4,1,1,1,-1,0,-1,-3,4,-2,-1,-1,-3,0,4,1,-1,0,-1,-3,4,-2,-1,-1,-3,0
5562,resize,2,2,2,1,1,1,-1,0,4,1,-4,-4,-2,-1,1,-3,2,1,-1,0,4,1,-4,-4,-2,-1,1,-3
5563,resize,7,7,7,1,1,1,-2,0,1,0,-1,-2,-5,4,-1,-1,7,1,-2,0,1,0,-1,-2,-5,4,-1,-1
5564,resize,4,4,4,1,1,1,-2,0,0,-2,3,-3,-3,0,-1,-1,4,1,-2,0,0,-2,3,-3,-3,0,-1,-1
5565,resize,9,9,9,1,1,1,-2,-2,-3,-1,0,-2,-5,0,-1,5,9,1,-2,-2,-3,-1,0,-2,-5,0,-1,5
5566,resize,1,1,1,1,1,1,-2,3,-1,-3,0,-1,-1,-1,-1,-1,1,1,-2,3,-1,-3,0,-1,-1,-1,-1,-1
5567,resize,0,0,0,1,1,1,5,-2,-1,-1,-3,0,0,0,-1,-1,0,1,5,-2,-1,-1,-3,0,0,0,-1,-1
5568,resize,6,6,6,1,1,1,-1,-1,-4,-3,0,1,7,-3,0,-4,6,1,-1,-1,-4,-3,0,1,7,-3,0,-4
5569,resize,8,8,8,1,1,1,-1,-2,1,0,-3,-1,-2,-3,4,1,8,1,-1,-2,1,0,-3,-1,-2,-3,4,1
5570,resize,5,5,5,1,1,1,-2,-2,-2,-1,-2,6,0,-2,1,1,5,1,-2,-2,-2,-1,-2,6,0,-2,1,1
5571,resize,5,5,5,1,1,1,-3,-1,-3,1,-3,7,-1,-2,0,1,5,1,-3,-1,-3,1,-3,7,-1,-2,0,1
5572,resize,5,5,5,1,1,1,-2,-2,-3,-1,-2,6,0,-2,2,1,5,1,-2,-2,-3,-1,-2,6,0,-2,2,1
5573,resize,3,3,3,1,1,1,-5,-1,-2,6,-4,3,-4,0,0,-1,3,1,-5,-1,-2,6,-4,3,-4,0,0,-1
5574,resize,5,5,5,1,1,1,-3,-1,-3,1,-2,6,-1,-2,1,1,5,1,-3,-1,-3,1,-2,6,-1,-2,1,1
5575,resize,9,9,9,1,1,1,-2,-3,-3,0,0,-1,-5,0,0,5,9,1,-2,-3,-3,0,0,-1,-5,0,0,5
5576,resize,7,7,7,1,1,1,-3,0,0,0,0,-2,-5,5,-1,-1,7,1,-3,0,0,0,0,-2,-5,5,-1,-1
5577,resize,4,4,4,1,1,1,-2,-1,-1,-2,3,-2,-2,0,-2,0,4,1,-2,-1,-1,-2,3,-2,-2,0,-2,0
5578,resize,8,8,8,1,1,1,0,-2,-1,-1,-1,0,-1,-2,4,0,8,1,0,-2,-1,-1,-1,0,-1,-2,4,0
5579,resize,5,5,5,1,1,1,-2,0,-2,0,-2,6,0,-1,-1,2,5,1,-2,0,-2,0,-2,6,0,-1,-1,2
5580,resize,9,9,9,1,1,1,-1,-3,-3,-1,0,-2,-4,0,-1,5,9,1,-1,-3,-3,-1,0,-2,-4,0,-1,5
5581,resize,6,6,6,1,1,1,-2,-1,-3,-2,0,1,5,-2,0,-3,6,1,-2,-1,-3,-2,0,1,5,-2,0,-3
5582,resize,9,9,9,1,1,1,-1,-2,-2,-1,0,-2,-4,0,-1,4,9,1,-1,-2,-2,-1,0,-2,-4,0,-1,4
5583,resize,3,3,3,1,1,1,-3,0,-2,5,-4,2,-3,0,0,0,3,1,-3,0,-2,5,-4,2,-3,0,0,0
5584,resize,0,0,0,1,1,1,5,-2,-1,-2,-4,1,2,-2,0,-1,0,1,5,-2,-1,-2,-4,1,2,-2,0,-1
5585,resize,3,3,3,1,1,1,-5,-1,-2,7,-5,1,-4,-1,0,-1,3,1,-5,-1,-2,7,-5,1,-4,-1,0,-1
5586,resize,8,8,8,1,1,1,1,-2,-1,-1,-2,-1,-1,-2,4,-1,8,1,1,-2,-1,-1,-2,-1,-1,-2,4,-1
5587,resize,9,9,9,1,1,1,-2,-3,-3,-1,0,-1,-5,-1,0,5,9,1,-2,-3,-3,-1,0,-1,-5,-1,0,5
5588,resize,1,1,1,1,1,1,-2,4,-2,-3,0,0,-1,-1,-1,-1,1,1,-2,4,-2,-3,0,0,-1,-1,-1,-1
5589,resize,8,8,8,1,1,1,-1,-2,-1,-1,-2,0,-1,-3,5,0,8,1,-1,-2,-1,-1,-2,0,-1,-3,5,0
5590,resize,1,1,1,1,1,1,-2,4,-1,-2,0,-1,-2,0,-1,0,1,1,-2,4,-1,-2,0,-1,-2,0,-1,0
5591,resize,6,6,6,1,1,1,0,-1,-4,-3,-1,2,6,-4,-1,-3,6,1,0,-1,-4,-3,-1,2,6,-4,-1,-3
5592,resize,0,0,0,1,1,1,6,-2,0,-2,-3,-1,0,0,-1,-1,0,1,6,-2,0,-2,-3,-1,0,0,-1,-1
5593,resize,0,0,0,1,1,1,3,-2,0,-2,-2,-1,2,-2,1,-1,0,1,3,-2,0,-2,-2,-1,2,-2,1,-1
5594,resize,1,1,1,1,1,1,-3,4,-2,-3,0,0,-2,0,-1,0,1,1,-3,4,-2,-3,0,0,-2,0,-1,0
5595,resize,2,2,2,1,1,1,0,1,5,0,-2,-2,0,-1,-2,-4,2,1,0,1,5,0,-2,-2,0,-1,-2,-4
5596,resize,3,3,3,1,1,1,-2,-1,-1,4,-3,1,-3,0,0,0,3,1,-2,-1,-1,4,-3,1,-3,0,0,0
5597,resize,4,4,4,1,1,1,-4,0,-1,-2,3,-3,-4,0,-1,-1,4,1,-4,0,-1,-2,3,-3,-4,0,-1,-1
5598,resize,5,5,5,1,1,1,-2,-1,-2,0,-2,6,0,-2,0,1,5,1,-2,-1,-2,0,-2,6,0,-2,0,1
5599,resize,6,6,6,1,1,1,-2,-1,-3,-3,0,1,6,-3,0,-3,6,1,-2,-1,-3,-3,0,1,6,-3,0,-3
5600,resize,7,7,7,1,1,1,-1,0,-1,-1,0,-1,-3,1,-1,1,7,1,-1,0,-1,-1,0,-1,-3,1,-1,1
5601,resize,8,8,8,1,1,1,-1,-1,-1,1,-1,-1,-2,-1,3,-1,8,1,-1,-1,-1,1,-1,-1,-2,-1,3,-1
5602,resize,9,9,9,1,1,1,-2,-2,-3,-2,1,-2,-5,0,0,4,9,1,-2,-2,-3,-2,1,-2,-5,0,0,4
5603,resize,0,0,0,1,1,1,4,-2,-2,-1,-2,0,2,-2,0,0,0,1,4,-2,-2,-1,-2,0,2,-2,0,0
5604,resize,1,1,1,1,1,1,-3,4,-2,-2,0,-1,-3,0,-1,0,1,1,-3,4,-2,-2,0,-1,-3,0,-1,0
5605,resize,2,2,2,1,1,1,0,0,6,1,-5,-4,-2,-1,0,-4,2,1,0,0,6,1,-5,-4,-2,-1,0,-4
5606,resize,3,3,3,1,1,1,-3,-1,-1,6,-4,1,-3,-1,1,0,3,1,-3,-1,-1,6,-4,1,-3,-1,1,0
5607,resize,4,4,4,1,1,1,-3,0,-1,-2,3,-2,-2,0,-1,-1,4,1,-3,0,-1,-2,3,-2,-2,0,-1,-1
5608,resize,5,5,5,1,1,1,-2,-1,-1,1,-2,3,0,-2,2,0,5,1,-2,-1,-1,1,-2,3,0,-2,2,0
5609,resize,6,6,6,1,1,1,-2,-1,-4,-4,-1,2,7,-4,0,-4,6,1,-2,-1,-4,-4,-1,2,7,-4,0,-4
5610,resize,7,7,7,1,1,1,-1,-1,0,-1,0,-1,-5,4,-1,0,7,1,-1,-1,0,-1,0,-1,-5,4,-1,0
5611,resize,8,8,8,1,1,1,-2,-1,0,0,-1,0,0,-1,3,-2,8,1,-2,-1,0,0,-1,0,0,-1,3,-2
5612,resize,9,9,9,1,1,1,-2,-2,-2,-1,1,-1,-4,-1,0,4,9,1,-2,-2,-2,-1,1,-1,-4,-1,0,4
5613,resize,0,0,0,1,1,1,3,-2,-1,-1,-1,-1,2,-2,0,-1,0,1,3,-2,-1,-1,-1,-1,2,-2,0,-1
5614,resize,1,1,1,1,1,1,-4,4,-2,-3,0,-1,-2,0,-1,1,1,1,-4,4,-2,-3,0,-1,-2,0,-1,1
5615,resize,2,2,2,1,1,1,0,0,6,0,-3,-4,-2,0,0,-4,2,1,0,0,6,0,-3,-4,-2,0,0,-4
5616,resize,3,3,3,1,1,1,-3,-1,-3,6,-5,2,-3,-2,0,0,3,1,-3,-1,-3,6,-5,2,-3,-2,0,0
5617,resize,4,4,4,1,1,1,-3,0,-2,-2,3,-2,-3,0,0,0,4,1,-3,0,-2,-2,3,-2,-3,0,0,0
5618,resize,5,5,5,1,1,1,-3,-2,-2,1,-4,5,-1,-3,2,1,5,1,-3,-2,-2,1,-4,5,-1,-3,2,1
5619,resize,6,6,6,1,1,1,-2,0,-2,-3,1,0,6,-2,0,-3,6,1,-2,0,-2,-3,1,0,6,-2,0,-3
5620,resize,7,7,7,1,1,1,-2,-1,-1,-1,0,-2,-5,4,-1,1,7,1,-2,-1,-1,-1,0,-2,-5,4,-1,1
5621,resize,8,8,8,1,1,1,-2,-1,-2,-1,0,0,0,-2,4,-1,8,1,-2,-1,-2,-1,0,0,0,-2,4,-1
5622,resize,9,9,9,1,1,1,-2,-2,-3,-2,2,-2,-4,-1,-2,5,9,1,-2,-2,-3,-2,2,-2,-4,-1,-2,5
5623,resize,3,3,3,1,1,1,-1,0,-1,3,-3,2,-2,-1,0,0,3,1,-1,0,-1,3,-3,2,-2,-1,0,0
5624,resize,5,5,5,1,1,1,-2,-2,-3,1,-3,7,-1,-3,0,1,5,1,-2,-2,-3,1,-3,7,-1,-3,0,1
5625,resize,3,3,3,1,1,1,-3,-1,-2,7,-5,3,-3,-2,0,0,3,1,-3,-1,-2,7,-5,3,-3,-2,0,0
5626,resize,2,2,2,1,1,1,0,0,3,1,-4,-3,-1,-1,1,-3,2,1,0,0,3,1,-4,-3,-1,-1,1,-3
5627,resize,9,9,9,1,1,1,-2,-2,-2,-2,1,-2,-4,0,-1,4,9,1,-2,-2,-2,-2,1,-2,-4,0,-1,4
5628,resize,3,3,3,1,1,1,-4,-1,-2,6,-3,3,-3,-1,-1,-1,3,1,-4,-1,-2,6,-3,3,-3,-1,-1,-1
5629,resize,2,2,2,1,1,1,0,0,7,1,-5,-4,-2,-1,0,-5,2,1,0,0,7,1,-5,-4,-2,-1,0,-5
5630,resize,1,1,1,1,1,1,-2,3,-1,-3,-1,-1,-2,0,0,0,1,1,-2,3,-1,-3,-1,-1,-2,0,0,0
5631,resize,4,4,4,1,1,1,-2,0,0,-2,2,-2,-2,0,-2,-2,4,1,-2,0,0,-2,2,-2,-2,0,-2,-2
5632,resize,5,5,5,1,1,1,-2,-2,-3,1,-2,7,-1,-2,0,2,5,1,-2,-2,-3,1,-2,7,-1,-2,0,2
5633,resize,5,5,5,1,1,1,-2,-1,-2,-1,-2,5,1,-3,2,0,5,1,-2,-1,-2,-1,-2,5,1,-3,2,0
5634,resize,2,2,2,1,1,1,0,-1,3,1,-3,-2,-1,0,1,-3,2,1,0,-1,3,1,-3,-2,-1,0,1,-3
5635,resize,3,3,3,1,1,1,-4,0,-2,5,-4,2,-3,-1,0,0,3,1,-4,0,-2,5,-4,2,-3,-1,0,0
5636,resize,2,2,2,1,1,1,-1,1,5,1,-3,-2,-1,0,-2,-5,2,1,-1,1,5,1,-3,-2,-1,0,-2,-5
5637,resize,1,1,1,1,1,1,-3,4,-1,-2,0,0,-2,1,-2,0,1,1,-3,4,-1,-2,0,0,-2,1,-2,0
5638,resize,3,3,3,1,1,1,-3,-1,0,5,-3,1,-2,-1,0,-1,3,1,-3,-1,0,5,-3,1,-2,-1,0,-1
5639,resize,9,9,9,1,1,1,-2,-2,-2,2,-1,2,-4,-1,-2,4,9,1,-2,-2,-2,2,-1,2,-4,-1,-2,4
5640,resize,7,7,7,1,1,1,-2,0,-1,-1,0,-1,-5,4,-1,0,7,1,-2,0,-1,-1,0,-1,-5,4,-1,0
5641,resize,2,2,2,1,1,1,-2,1,5,2,-3,-2,-2,0,-2,-5,2,1,-2,1,5,2,-3,-2,-2,0,-2,-5
5642,resize,1,1,1,1,1,1,-2,3,-3,-4,0,2,0,-1,0,-2,1,1,-2,3,-3,-4,0,2,0,-1,0,-2
5643,resize,2,2,2,1,1,1,-2,1,6,2,-3,-3,-2,0,-1,-5,2,1,-2,1,6,2,-3,-3,-2,0,-1,-5
5644,resize,8,8,8,1,1,1,-2,-1,-1,-1,0,0,0,-1,3,-1,8,1,-2,-1,-1,-1,0,0,0,-1,3,-1
5645,resize,9,9,9,1,1,1,-2,-2,-2,0,0,0,-4,0,-2,3,9,1,-2,-2,-2,0,0,0,-4,0,-2,3
5646,resize,1,1,1,1,1,1,-3,4,-1,-3,-1,0,-1,0,0,-1,1,1,-3,4,-1,-3,-1,0,-1,0,0,-1
5647,resize,8,8,8,1,1,1,-2,-1,-2,-1,0,1,1,-2,4,-1,8,1,-2,-1,-2,-1,0,1,1,-2,4,-1
5648,resize,8,8,8,1,1,1,-2,0,-2,-2,1,-1,-1,-2,4,0,8,1,-2,0,-2,-2,1,-1,-1,-2,4,0
5649,resize,7,7,7,1,1,1,-1,-1,-1,-1,-1,-1,-4,3,-1,0,7,1,-1,-1,-1,-1,-1,-1,-4,3,-1,0
5650,resize,8,8,8,1,1,1,-3,-1,-3,-1,0,1,1,-2,5,-2,8,1,-3,-1,-3,-1,0,1,1,-2,5,-2
5651,resize,1,1,1,1,1,1,-3,4,-1,-3,0,-1,-2,1,-1,0,1,1,-3,4,-1,-3,0,-1,-2,1,-1,0
5652,resize,0,0,0,1,1,1,4,-2,0,-1,-3,0,1,-2,0,-1,0,1,4,-2,0,-1,-3,0,1,-2,0,-1
5653,resize,0,0,0,1,1,1,4,-2,-1,-1,-2,-1,1,-2,0,0,0,1,4,-2,-1,-1,-2,-1,1,-2,0,0
5654,resize,7,7,2,1,0,0,-1,0,1,0,-1,0,-2,1,-1,0,2,1,-1,0,1,0,-1,0,-2,1,-1,0
5655,resize,7,7,7,1,1,1,-1,0,1,1,-2,-1,-4,2,0,-1,7,1,-1,0,1,1,-2,-1,-4,2,0,-1
5656,resize,8,8,8,1,1,1,-2,-1,-1,0,-1,0,0,-3,4,-1,8,1,-2,-1,-1,0,-1,0,0,-3,4,-1
5657,resize,7,7,7,1,1,1,-1,0,0,0,-1,-1,-3,3,0,0,7,1,-1,0,0,0,-1,-1,-3,3,0,0
5658,resize,5,5,5,1,1,1,-1,-1,-3,1,-3,5,0,-1,0,1,5,1,-1,-1,-3,1,-3,5,0,-1,0,1
5659,resize,0,0,0,1,1,1,7,-3,0,-2,-4,-1,1,-2,-1,-1,0,1,7,-3,0,-2,-4,-1,1,-2,-1,-1
5660,resize,6,6,6,1,1,1,-1,-1,-2,-3,0,1,7,-4,0,-4,6,1,-1,-1,-2,-3,0,1,7,-4,0,-4
5661,resize,1,1,1,1,1,1,-2,5,-2,-4,-1,-1,-1,0,-1,-2,1,1,-2,5,-2,-4,-1,-1,-1,0,-1,-2
5662,resize,5,5,5,1,1,1,-2,-2,-3,1,-2,6,-1,-2,0,2,5,1,-2,-2,-3,1,-2,6,-1,-2,0,2
5663,resize,7,7,7,1,1,1,0,0,0,-1,-1,0,-4,3,-1,-1,7,1,0,0,0,-1,-1,0,-4,3,-1,-1
5664,resize,4,4,4,1,1,1,-5,0,-1,-2,3,-3,-3,1,-2,-3,4,1,-5,0,-1,-2,3,-3,-3,1,-2,-3
5665,resize,6,6,6,1,1,1,-2,-1,-2,-2,0,1,6,-3,0,-4,6,1,-2,-1,-2,-2,0,1,6,-3,0,-4
5666,resize,1,1,1,1,1,1,-3,4,-1,-4,0,-1,-2,1,-2,-1,1,1,-3,4,-1,-4,0,-1,-2,1,-2,-1
5667,resize,2,2,2,1,1,1,0,0,5,0,-3,-2,0,-1,-1,-4,2,1,0,0,5,0,-3,-2,0,-1,-1,-4
5668,resize,5,5,5,1,1,1,-1,-1,-1,-1,-3,6,0,-2,0,1,5,1,-1,-1,-1,-1,-3,6,0,-2,0,1
5669,resize,0,0,0,1,1,1,6,-3,0,-2,-4,0,2,-2,0,-1,0,1,6,-3,0,-2,-4,0,2,-2,0,-1
5670,resize,7,7,7,1,1,1,-2,-1,-1,-1,-1,-1,-4,4,-1,-1,7,1,-2,-1,-1,-1,-1,-1,-4,4,-1,-1
5671,resize,9,9,9,1,1,1,-1,-2,-2,0,-1,-1,-4,0,-1,4,9,1,-1,-2,-2,0,-1,-1,-4,0,-1,4
5672,resize,9,9,9,1,1,1,-1,-2,-3,-1,1,-2,-4,1,-1,4,9,1,-1,-2,-3,-1,1,-2,-4,1,-1,4
5673,resize,0,0,0,1,1,1,4,-2,0,-1,-3,0,1,-2,1,-1,0,1,4,-2,0,-1,-3,0,1,-2,1,-1
5674,resize,3,3,3,1,1,1,-2,-1,-2,5,-4,2,-2,-2,0,0,3,1,-2,-1,-2,5,-4,2,-2,-2,0,0
5675,resize,8,8,8,1,1,1,-2,-1,-1,0,-1,0,0,-2,4,-1,8,1,-2,-1,-1,0,-1,0,0,-2,4,-1
5676,resize,4,4,4,1,1,1,-2,0,0,-1,1,0,0,0,-1,-3,4,1,-2,0,0,-1,1,0,0,0,-1,-3
5677,resize,4,4,4,1,1,1,-1,1,0,-2,2,-2,-1,0,-2,-1,4,1,-1,1,0,-2,2,-2,-1,0,-2,-1
5678,resize,8,8,8,1,1,1,-1,-1,-1,0,-1,1,1,-1,2,-1,8,1,-1,-1,-1,0,-1,1,1,-1,2,-1
5679,resize,1,1,1,1,1,1,-3,3,-1,-2,-1,-1,-3,1,-1,0,1,1,-3,3,-1,-2,-1,-1,-3,1,-1,0
5680,resize,8,8,8,1,1,1,-2,-1,-2,0,-1,1,0,-2,4,-1,8,1,-2,-1,-2,0,-1,1,0,-2,4,-1
5681,resize,6,6,6,1,1,1,-1,-1,-2,-1,0,2,4,-2,0,-4,6,1,-1,-1,-2,-1,0,2,4,-2,0,-4
5682,resize,5,5,5,1,1,1,-2,-1,-3,-1,-3,7,0,-2,1,0,5,1,-2,-1,-3,-1,-3,7,0,-2,1,0
5683,resize,9,9,9,1,1,1,-3,-2,-2,-1,1,0,-4,0,-1,5,9,1,-3,-2,-2,-1,1,0,-4,0,-1,5
5684,resize,0,0,0,1,1,1,6,-2,0,-1,-3,0,1,-2,-1,-1,0,1,6,-2,0,-1,-3,0,1,-2,-1,-1
5685,resize,0,0,0,1,1,1,6,-2,0,-2,-4,0,1,-2,0,-2,0,1,6,-2,0,-2,-4,0,1,-2,0,-2
5686,resize,0,0,0,1,1,1,5,-2,-1,-2,-4,1,1,-1,0,-1,0,1,5,-2,-1,-2,-4,1,1,-1,0,-1
5687,resize,3,3,3,1,1,1,-2,-1,-1,4,-3,-1,-3,-1,1,0,3,1,-2,-1,-1,4,-3,-1,-3,-1,1,0
5688,resize,7,7,7,1,1,1,-1,0,0,-1,0,-1,-4,3,-1,0,7,1,-1,0,0,-1,0,-1,-4,3,-1,0
5689,resize,1,1,1,1,1,1,-3,3,-2,-2,0,0,-3,1,-1,0,1,1,-3,3,-2,-2,0,0,-3,1,-1,0
5690,resize,6,6,6,1,1,1,-2,-1,-2,-2,1,0,5,-1,0,-3,6,1,-2,-1,-2,-2,1,0,5,-1,0,-3
5691,resize,4,4,4,1,1,1,-3,0,-1,-2,3,-3,-2,0,-1,-2,4,1,-3,0,-1,-2,3,-3,-2,0,-1,-2
5692,resize,2,2,2,1,1,1,-1,1,6,1,-4,-3,-2,0,-1,-5,2,1,-1,1,6,1,-4,-3,-2,0,-1,-5
5693,resize,6,6,6,1,1,1,-2,-1,-3,-2,0,2,6,-2,0,-4,6,1,-2,-1,-3,-2,0,2,6,-2,0,-4
5694,resize,6,6,6,1,1,1,-1,-1,-3,-3,-1,1,7,-3,0,-3,6,1,-1,-1,-3,-3,-1,1,7,-3,0,-3
5695,resize,0,0,0,1,1,1,4,-2,0,-1,-5,0,1,-3,2,-1,0,1,4,-2,0,-1,-5,0,1,-3,2,-1
5696,resize,4,4,4,1,1,1,-2,0,1,-1,2,-1,-2,0,-2,-1,4,1,-2,0,1,-1,2,-1,-2,0,-2,-1
5697,resize,5,5,5,1,1,1,-2,-1,-3,0,-2,7,0,-2,0,1,5,1,-2,-1,-3,0,-2,7,0,-2,0,1
5698,resize,4,4,4,1,1,1,-3,0,-1,-2,3,-2,-2,0,-1,-2,4,1,-3,0,-1,-2,3,-2,-2,0,-1,-2
5699,resize,1,1,1,1,1,1,-3,3,-1,-3,-1,-1,-3,0,-1,0,1,1,-3,3,-1,-3,-1,-1,-3,0,-1,0
5700,resize,3,3,3,1,1,1,-3,-1,-2,6,-4,1,-3,-1,0,0,3,1,-3,-1,-2,6,-4,1,-3,-1,0,0
5701,resize,8,8,8,1,1,1,-2,-1,-1,0,0,-1,-1,-2,4,-2,8,1,-2,-1,-1,0,0,-1,-1,-2,4,-2
5702,resize,6,6,6,1,1,1,-1,-1,-3,-3,0,0,6,-3,-1,-4,6,1,-1,-1,-3,-3,0,0,6,-3,-1,-4
5703,resize,3,3,3,1,1,1,-3,0,-1,3,-2,0,-2,0,0,-1,3,1,-3,0,-1,3,-2,0,-2,0,0,-1
5704,resize,9,9,9,1,1,1,-1,-2,-2,1,-1,-1,-4,0,-1,4,9,1,-1,-2,-2,1,-1,-1,-4,0,-1,4
5705,resize,9,9,9,1,1,1,-2,-2,-2,-1,1,-1,-4,-1,0,4,9,1,-2,-2,-2,-1,1,-1,-4,-1,0,4
5706,resize,5,5,5,1,1,1,-2,-1,-1,-2,-2,5,1,-2,2,0,5,1,-2,-1,-1,-2,-2,5,1,-2,2,0
5707,resize,9,9,9,1,1,1,-1,-2,-1,1,-1,-1,-3,0,0,3,9,1,-1,-2,-1,1,-1,-1,-3,0,0,3
5708,resize,3,3,3,1,1,1,-3,-1,-3,6,-4,3,-3,-2,0,1,3,1,-3,-1,-3,6,-4,3,-3,-2,0,1
5709,resize,7,7,7,1,1,1,-1,0,-1,-1,-1,-1,-4,3,0,0,7,1,-1,0,-1,-1,-1,-1,-4,3,0,0
5710,resize,8,8,8,1,1,1,-1,-1,-1,-1,-1,0,-1,-2,3,0,8,1,-1,-1,-1,-1,-1,0,-1,-2,3,0
5711,resize,5,5,5,1,1,1,-2,-1,-3,-1,-2,6,0,-2,0,1,5,1,-2,-1,-3,-1,-2,6,0,-2,0,1
5712,resize,6,6,6,1,1,1,-1,-1,-2,-2,0,0,6,-2,0,-3,6,1,-1,-1,-2,-2,0,0,6,-2,0,-3
5713,resize,4,4,4,1,1,1,-3,1,0,-3,3,-3,-3,0,-2,-1,4,1,-3,1,0,-3,3,-3,-3,0,-2,-1
5714,resize,7,7,7,1,1,1,-1,0,0,-1,-1,-1,-4,3,-1,0,7,1,-1,0,0,-1,-1,-1,-4,3,-1,0
5715,resize,6,6,6,1,1,1,-2,-1,-2,-2,1,0,4,-2,0,-2,6,1,-2,-1,-2,-2,1,0,4,-2,0,-2
5716,resize,2,2,2,1,1,1,0,0,7,0,-4,-4,-2,0,0,-5,2,1,0,0,7,0,-4,-4,-2,0,0,-5
5717,resize,2,2,2,1,1,1,0,-1,4,1,-4,-4,-2,0,2,-2,2,1,0,-1,4,1,-4,-4,-2,0,2,-2
5718,resize,0,0,0,1,1,1,4,-2,1,-1,-4,0,1,-3,1,-1,0,1,4,-2,1,-1,-4,0,1,-3,1,-1
5719,resize,9,9,9,1,1,1,-1,-1,-1,0,0,0,-2,0,0,3,9,1,-1,-1,-1,0,0,0,-2,0,0,3
5720,resize,4,4,4,1,1,1,-4,0,-1,-1,3,-2,-3,1,-1,-1,4,1,-4,0,-1,-1,3,-2,-3,1,-1,-1
5721,resize,0,0,0,1,1,1,6,-2,-1,-2,-3,-2,-1,0,-2,-1,0,1,6,-2,-1,-2,-3,-2,-1,0,-2,-1
5722,resize,1,1,1,1,1,1,-2,4,-2,-4,-1,0,-1,-1,-1,-2,1,1,-2,4,-2,-4,-1,0,-1,-1,-1,-2
5723,resize,2,2,2,1,1,1,-2,1,7,1,-3,-4,-2,0,-1,-5,2,1,-2,1,7,1,-3,-4,-2,0,-1,-5
5724,resize,3,3,3,1,1,1,-3,-1,-1,5,-4,1,-4,-1,1,0,3,1,-3,-1,-1,5,-4,1,-4,-1,1,0
5725,resize,4,4,4,1,1,1,-4,-1,-1,-2,5,-2,-4,0,-2,-1,4,1,-4,-1,-1,-2,5,-2,-4,0,-2,-1
5726,resize,5,5,5,1,1,1,-2,-1,-1,0,-1,4,-1,-1,-1,2,5,1,-2,-1,-1,0,-1,4,-1,-1,-1,2
5727,resize,6,6,6,1,1,1,1,-1,-2,-2,0,1,4,-2,-1,-2,6,1,1,-1,-2,-2,0,1,4,-2,-1,-2
5728,resize,7,7,7,1,1,1,-3,0,-1,0,0,0,-4,3,-1,0,7,1,-3,0,-1,0,0,0,-4,3,-1,0
5729,resize,8,8,8,1,1,1,-1,-2,-1,-1,-1,0,-1,-3,4,1,8,1,-1,-2,-1,-1,-1,0,-1,-3,4,1
5730,resize,9,9,9,1,1,1,-1,-2,-2,0,0,-1,-3,0,0,4,9,1,-1,-2,-2,0,0,-1,-3,0,0,4
5731,resize,0,0,0,1,1,1,4,-1,0,0,-2,-1,-1,-1,-1,0,0,1,4,-1,0,0,-2,-1,-1,-1,-1,0
5732,resize,1,1,1,1,1,1,-1,3,0,-2,-2,0,-2,0,0,-1,1,1,-1,3,0,-2,-2,0,-2,0,0,-1
5733,resize,2,2,2,1,1,1,-2,1,7,0,-4,-3,-2,0,-1,-6,2,1,-2,1,7,0,-4,-3,-2,0,-1,-6
5734,resize,3,3,2,1,0,0,-1,0,1,1,-1,0,-2,1,0,-1,2,1,-1,0,1,1,-1,0,-2,1,0,-1
5735,resize,5,5,5,1,1,1,-1,0,-2,1,-2,3,-1,-1,0,0,5,1,-1,0,-2,1,-2,3,-1,-1,0,0
5736,resize,6,6,6,1,1,1,1,-1,-2,-1,-1,1,4,-3,-1,-2,6,1,1,-1,-2,-1,-1,1,4,-3,-1,-2
5737,resize,0,0,0,1,1,1,3,-2,0,0,-1,-1,-1,0,-1,1,0,1,3,-2,0,0,-1,-1,-1,0,-1,1
5738,resize,1,1,1,1,1,1,-2,4,-1,-4,-1,-1,-1,0,-1,-2,1,1,-2,4,-1,-4,-1,-1,-1,0,-1,-2
5739,resize,2,2,2,1,1,1,-1,1,7,1,-3,-5,-3,0,-2,-6,2,1,-1,1,7,1,-3,-5,-3,0,-2,-6
5740,resize,3,3,3,1,1,1,-3,0,0,5,-3,2,-3,0,-1,-1,3,1,-3,0,0,5,-3,2,-3,0,-1,-1
5741,resize,4,4,4,1,1,1,-2,-1,-1,-1,3,-1,-2,0,-1,-2,4,1,-2,-1,-1,-1,3,-1,-2,0,-1,-2
5742,resize,5,5,5,1,1,1,-2,-1,-1,3,-3,4,-2,-1,0,0,5,1,-2,-1,-1,3,-3,4,-2,-1,0,0
5743,resize,6,6,6,1,1,1,-1,0,0,-2,-1,1,4,-3,-1,-4,6,1,-1,0,0,-2,-1,1,4,-3,-1,-4
5744,resize,8,8,8,1,1,1,-2,-1,-2,-1,-2,2,1,-3,6,-2,8,1,-2,-1,-2,-1,-2,2,1,-3,6,-2
5745,resize,7,7,7,1,1,1,-2,2,0,-1,-1,-1,-3,3,-1,-1,7,1,-2,2,0,-1,-1,-1,-3,3,-1,-1
5746,resize,1,1,1,1,1,1,-2,4,-2,-4,-2,-1,-1,-1,-1,-2,1,1,-2,4,-2,-4,-2,-1,-1,-1,-1,-2
5747,resize,3,3,3,1,1,1,-4,-1,-1,7,-5,1,-4,-1,0,0,3,1,-4,-1,-1,7,-5,1,-4,-1,0,0
5748,resize,2,2,2,1,1,1,-2,1,5,0,-2,-3,-2,0,-1,-4,2,1,-2,1,5,0,-2,-3,-2,0,-1,-4
5749,resize,8,8,8,1,1,1,0,-1,0,-1,-1,1,0,-2,3,-1,8,1,0,-1,0,-1,-1,1,0,-2,3,-1
5750,resize,0,0,0,1,1,1,4,-2,0,-1,-1,-1,0,0,-1,0,0,1,4,-2,0,-1,-1,-1,0,0,-1,0
5751,resize,7,7,7,1,1,1,-3,0,0,0,-1,-2,-6,4,-1,-1,7,1,-3,0,0,0,-1,-2,-6,4,-1,-1
5752,resize,5,5,5,1,1,1,-2,-2,-3,1,-2,5,0,-2,0,0,5,1,-2,-2,-3,1,-2,5,0,-2,0,0
5753,resize,9,9,9,1,1,1,-2,-3,-3,0,0,0,-5,0,-1,5,9,1,-2,-3,-3,0,0,0,-5,0,-1,5
5754,resize,9,9,9,1,1,1,0,-3,-3,1,-1,-1,-3,0,0,3,9,1,0,-3,-3,1,-1,-1,-3,0,0,3
5755,resize,6,6,6,1,1,1,0,-1,-2,-3,-1,1,7,-5,-1,-5,6,1,0,-1,-2,-3,-1,1,7,-5,-1,-5
5756,resize,0,0,0,1,1,1,4,-2,-2,-1,0,-2,1,-2,-2,0,0,1,4,-2,-2,-1,0,-2,1,-2,-2,0
5757,resize,9,9,9,1,1,1,1,-3,-2,1,-1,-1,-3,1,0,2,9,1,1,-3,-2,1,-1,-1,-3,1,0,2
5758,resize,4,4,4,1,1,1,-4,-1,-3,-4,6,-3,-4,-1,-2,0,4,1,-4,-1,-3,-4,6,-3,-4,-1,-2,0
5759,resize,1,1,1,1,1,1,-2,4,-2,-3,-1,-1,-2,0,-1,-2,1,1,-2,4,-2,-3,-1,-1,-2,0,-1,-2
5760,resize,3,3,3,1,1,1,-2,-2,-1,6,-5,1,-3,-2,0,0,3,1,-2,-2,-1,6,-5,1,-3,-2,0,0
5761,resize,2,2,2,1,1,1,-1,1,6,0,-3,-3,-2,0,-2,-5,2,1,-1,1,6,0,-3,-3,-2,0,-2,-5
5762,resize,1,1,1,1,1,1,-2,4,-1,-3,-1,-1,-1,0,-1,-2,1,1,-2,4,-1,-3,-1,-1,-1,0,-1,-2
5763,resize,2,2,2,1,1,1,-1,1,6,0,-3,-3,-2,0,-2,-5,2,1,-1,1,6,0,-3,-3,-2,0,-2,-5
5764,resize,3,3,3,1,1,1,-3,-1,-1,5,-4,1,-2,-1,0,-1,3,1,-3,-1,-1,5,-4,1,-2,-1,0,-1
5765,resize,8,8,8,1,1,1,0,-2,0,-1,-3,-1,-1,-3,5,-1,8,1,0,-2,0,-1,-3,-1,-1,-3,5,-1
5766,resize,3,3,3,1,1,1,-2,-1,-1,6,-5,1,-3,-2,1,0,3,1,-2,-1,-1,6,-5,1,-3,-2,1,0
5767,resize,2,2,2,1,1,1,-2,1,7,1,-4,-4,-3,0,-1,-6,2,1,-2,1,7,1,-4,-4,-3,0,-1,-6
5768,resize,6,6,6,1,1,1,1,-1,-1,-2,0,1,5,-3,-1,-3,6,1,1,-1,-1,-2,0,1,5,-3,-1,-3
5769,resize,5,5,5,1,1,1,-1,-1,-2,-1,-2,4,1,-2,0,1,5,1,-1,-1,-2,-1,-2,4,1,-2,0,1
5770,resize,6,6,6,1,1,1,0,-1,-3,-3,0,1,4,-2,0,-1,6,1,0,-1,-3,-3,0,1,4,-2,0,-1
5771,resize,8,8,8,1,1,1,0,-1,1,-1,-2,-1,0,-2,4,-1,8,1,0,-1,1,-1,-2,-1,0,-2,4,-1
5772,resize,2,2,2,1,1,1,-1,1,6,0,-3,-3,-2,0,-1,-4,2,1,-1,1,6,0,-3,-3,-2,0,-1,-4
5773,resize,7,7,7,1,1,1,-3,0,-1,0,0,-2,-5,4,-1,0,7,1,-3,0,-1,0,0,-2,-5,4,-1,0
5774,resize,4,4,4,1,1,1,-4,0,-1,-3,4,-2,-4,0,-3,0,4,1,-4,0,-1,-3,4,-2,-4,0,-3,0
5775,resize,8,8,8,1,1,1,0,-1,-1,-1,-2,0,-1,-2,4,0,8,1,0,-1,-1,-1,-2,0,-1,-2,4,0
5776,resize,1,1,1,1,1,1,-3,4,-1,-3,-1,-1,-2,1,-2,-2,1,1,-3,4,-1,-3,-1,-1,-2,1,-2,-2
5777,resize,8,8,8,1,1,1,-2,-1,-1,-2,-1,0,0,-3,6,-1,8,1,-2,-1,-1,-2,-1,0,0,-3,6,-1
5778,resize,0,0,0,1,1,1,4,-2,-1,-2,0,-1,2,-1,-2,-1,0,1,4,-2,-1,-2,0,-1,2,-1,-2,-1
5779,resize,5,5,5,1,1,1,-3,-2,-3,2,-3,6,-2,-1,-1,2,5,1,-3,-2,-3,2,-3,6,-2,-1,-1,2
5780,resize,3,3,3,1,1,1,-1,-2,-1,5,-4,0,-2,-2,1,-1,3,1,-1,-2,-1,5,-4,0,-2,-2,1,-1
5781,resize,9,9,9,1,1,1,-2,-3,-2,0,0,0,-5,0,-1,4,9,1,-2,-3,-2,0,0,0,-5,0,-1,4
5782,resize,4,4,4,1,1,1,-3,-2,-2,-3,5,-3,-4,0,-1,1,4,1,-3,-2,-2,-3,5,-3,-4,0,-1,1
5783,resize,1,1,1,1,1,1,-2,5,-2,-4,-1,-1,0,-1,-1,-2,1,1,-2,5,-2,-4,-1,-1,0,-1,-1,-2
5784,resize,9,9,9,1,1,1,0,-2,-3,0,0,-1,-3,1,-1,3,9,1,0,-2,-3,0,0,-1,-3,1,-1,3
5785,resize,2,2,2,1,1,1,-1,1,7,0,-3,-4,-2,0,-2,-6,2,1,-1,1,7,0,-3,-4,-2,0,-2,-6
5786,resize,1,1,1,1,1,1,-2,4,-1,-3,-1,-1,-1,0,-1,-1,1,1,-2,4,-1,-3,-1,-1,-1,0,-1,-1
5787,resize,9,9,9,1,1,1,-2,-2,-2,-1,0,-1,-4,0,-1,4,9,1,-2,-2,-2,-1,0,-1,-4,0,-1,4
5788,resize,6,6,6,1,1,1,0,-2,-4,-3,0,2,7,-4,-1,-4,6,1,0,-2,-4,-3,0,2,7,-4,-1,-4
5789,resize,7,7,7,1,1,1,-3,0,-1,0,0,-1,-6,4,-1,-1,7,1,-3,0,-1,0,0,-1,-6,4,-1,-1
5790,resize,9,9,9,1,1,1,-2,-2,-1,-1,0,-1,-4,1,-1,4,9,1,-2,-2,-1,-1,0,-1,-4,1,-1,4
5791,resize,0,0,0,1,1,1,4,-2,-1,-2,0,-2,2,-1,-2,-1,0,1,4,-2,-1,-2,0,-2,2,-1,-2,-1
5792,resize,4,4,4,1,1,1,-3,-1,-3,-4,5,-2,-2,-1,-1,-1,4,1,-3,-1,-3,-4,5,-2,-2,-1,-1,-1
5793,resize,6,6,6,1,1,1,0,-1,-3,-2,0,2,5,-3,-1,-3,6,1,0,-1,-3,-2,0,2,5,-3,-1,-3
5794,resize,1,1,1,1,1,1,-2,4,-1,-2,-2,-1,-2,1,0,-2,1,1,-2,4,-1,-2,-2,-1,-2,1,0,-2
5795,resize,7,7,7,1,1,1,-2,0,0,1,0,-1,-4,3,-1,0,7,1,-2,0,0,1,0,-1,-4,3,-1,0
5796,resize,3,3,3,1,1,1,-4,-1,-1,6,-4,1,-3,-1,1,-1,3,1,-4,-1,-1,6,-4,1,-3,-1,1,-1
5797,resize,8,8,8,1,1,1,-2,-1,-1,0,-1,1,0,-3,5,-2,8,1,-2,-1,-1,0,-1,1,0,-3,5,-2
5798,resize,7,7,7,1,1,1,-3,0,0,0,0,-1,-5,4,-1,0,7,1,-3,0,0,0,0,-1,-5,4,-1,0
5799,resize,2,2,2,1,1,1,-2,1,6,1,-3,-4,-2,1,-2,-6,2,1,-2,1,6,1,-3,-4,-2,1,-2,-6
5800,resize,9,9,9,1,1,1,0,-2,-1,1,-1,-1,-4,1,-1,3,9,1,0,-2,-1,1,-1,-1,-4,1,-1,3
5801,resize,6,6,6,1,1,1,0,-2,-3,-2,-1,1,5,-3,0,-3,6,1,0,-2,-3,-2,-1,1,5,-3,0,-3
5802,resize,5,5,5,1,1,1,-1,-1,-1,1,-3,4,-1,-2,0,1,5,1,-1,-1,-1,1,-3,4,-1,-2,0,1
5803,resize,8,8,8,1,1,1,-2,-1,1,-1,-2,0,1,-3,5,-2,8,1,-2,-1,1,-1,-2,0,1,-3,5,-2
5804,resize,3,3,3,1,1,1,-3,-2,-3,7,-5,3,-5,-2,0,1,3,1,-3,-2,-3,7,-5,3,-5,-2,0,1
5805,resize,9,9,9,1,1,1,-1,-3,-3,0,-1,-1,-5,-1,-1,4,9,1,-1,-3,-3,0,-1,-1,-5,-1,-1,4
5806,resize,0,0,0,1,1,1,4,-2,-1,-1,-1,-1,2,-1,-1,-1,0,1,4,-2,-1,-1,-1,-1,2,-1,-1,-1
5807,resize,5,5,5,1,1,1,-2,-2,-2,1,-2,5,-1,-2,0,2,5,1,-2,-2,-2,1,-2,5,-1,-2,0,2
5808,resize,7,7,7,1,1,1,-3,0,0,0,0,-1,-5,4,-1,0,7,1,-3,0,0,0,0,-1,-5,4,-1,0
5809,resize,1,1,1,1,1,1,-2,4,-2,-3,-1,-1,-1,0,-1,-2,1,1,-2,4,-2,-3,-1,-1,-1,0,-1,-2
5810,resize,6,6,6,1,1,1,-1,-1,-2,-3,-1,2,5,-3,-1,-3,6,1,-1,-1,-2,-3,-1,2,5,-3,-1,-3
5811,resize,1,1,1,1,1,1,-1,4,-1,-2,-2,-1,-1,-1,0,-2,1,1,-1,4,-1,-2,-2,-1,-1,-1,0,-2
5812,resize,0,0,0,1,1,1,5,-2,-1,-2,-3,-1,1,-2,-1,-1,0,1,5,-2,-1,-2,-3,-1,1,-2,-1,-1
5813,resize,9,9,9,1,1,1,-1,-2,-2,0,-1,-1,-4,0,-1,4,9,1,-1,-2,-2,0,-1,-1,-4,0,-1,4
5814,resize,3,3,3,1,1,1,-1,0,0,4,-3,1,-2,0,-1,-2,3,1,-1,0,0,4,-3,1,-2,0,-1,-2
5815,resize,3,3,3,1,1,1,-3,0,-1,4,-3,1,-2,-1,0,-2,3,1,-3,0,-1,4,-3,1,-2,-1,0,-2
5816,resize,4,4,4,1,1,1,-3,-1,-1,-4,6,-3,-3,-1,-4,-2,4,1,-3,-1,-1,-4,6,-3,-3,-1,-4,-2
5817,resize,4,4,4,1,1,1,-3,-1,-1,-3,5,-2,-3,0,-3,-1,4,1,-3,-1,-1,-3,5,-2,-3,0,-3,-1
5818,resize,0,0,0,1,1,1,6,-2,-1,-2,-3,-1,1,-2,-1,-2,0,1,6,-2,-1,-2,-3,-1,1,-2,-1,-2
5819,resize,6,6,6,1,1,1,0,-1,-3,-2,0,1,4,-3,-1,-3,6,1,0,-1,-3,-2,0,1,4,-3,-1,-3
5820,resize,2,2,2,1,1,1,-1,1,5,1,-3,-3,-2,0,-1,-4,2,1,-1,1,5,1,-3,-3,-2,0,-1,-4
5821,resize,5,5,5,1,1,1,-3,-1,-2,2,-2,4,-1,-2,1,0,5,1,-3,-1,-2,2,-2,4,-1,-2,1,0
5822,resize,4,4,4,1,1,1,-4,-1,-1,-3,4,-2,-4,0,-2,0,4,1,-4,-1,-1,-3,4,-2,-4,0,-2,0
5823,resize,2,2,2,1,1,1,0,0,4,0,-2,-2,-1,1,-1,-3,2,1,0,0,4,0,-2,-2,-1,1,-1,-3
5824,resize,3,3,3,1,1,1,-3,0,0,4,-3,0,-3,1,0,-2,3,1,-3,0,0,4,-3,0,-3,1,0,-2
5825,resize,4,4,4,1,1,1,-3,-1,-1,-2,4,-3,-3,0,-2,0,4,1,-3,-1,-1,-2,4,-3,-3,0,-2,0
5826,resize,6,6,6,1,1,1,-1,-1,-3,-2,0,1,5,-2,-1,-3,6,1,-1,-1,-3,-2,0,1,5,-2,-1,-3
5827,resize,0,0,0,1,1,1,4,-2,-1,-1,-1,-1,1,-1,-1,0,0,1,4,-2,-1,-1,-1,-1,1,-1,-1,0
5828,resize,0,0,0,1,1,1,3,-2,-2,-1,0,0,1,-2,-2,0,0,1,3,-2,-2,-1,0,0,1,-2,-2,0
5829,resize,2,2,2,1,1,1,-2,1,7,0,-3,-4,-2,-1,-2,-6,2,1,-2,1,7,0,-3,-4,-2,-1,-2,-6
5830,resize,0,0,0,1,1,1,4,-1,-1,0,-3,1,1,-2,-1,-1,0,1,4,-1,-1,0,-3,1,1,-2,-1,-1
5831,resize,1,1,1,1,1,1,-3,3,-2,-2,0,1,-1,0,0,0,1,1,-3,3,-2,-2,0,1,-1,0,0,0
5832,resize,4,4,4,1,1,1,-2,0,0,-2,3,-2,-2,0,-3,-1,4,1,-2,0,0,-2,3,-2,-2,0,-3,-1
5833,resize,5,5,5,1,1,1,-2,-2,-2,1,-2,5,-2,-2,0,2,5,1,-2,-2,-2,1,-2,5,-2,-2,0,2
5834,resize,6,6,6,1,1,1,-1,-1,-3,-3,-1,3,7,-5,0,-4,6,1,-1,-1,-3,-3,-1,3,7,-5,0,-4
5835,resize,7,7,7,1,1,1,-1,0,0,0,0,-1,-4,3,0,0,7,1,-1,0,0,0,0,-1,-4,3,0,0
5836,resize,8,8,8,1,1,1,-1,-1,-2,-1,-2,1,-1,-3,6,-1,8,1,-1,-1,-2,-1,-2,1,-1,-3,6,-1
5837,resize,9,9,9,1,1,1,-2,-1,-2,-1,1,-2,-4,0,-1,4,9,1,-2,-1,-2,-1,1,-2,-4,0,-1,4
5838,resize,0,0,0,1,1,1,4,-2,-1,0,-3,0,0,-1,0,-1,0,1,4,-2,-1,0,-3,0,0,-1,0,-1
5839,resize,1,1,1,1,1,1,-2,4,-1,-3,-1,-1,-2,0,0,-2,1,1,-2,4,-1,-3,-1,-1,-2,0,0,-2
5840,resize,2,2,2,1,1,1,-1,1,5,0,-3,-3,-2,0,-1,-4,2,1,-1,1,5,0,-3,-3,-2,0,-1,-4
5841,resize,3,3,3,1,1,1,-1,-1,-1,3,-3,2,-1,-1,0,0,3,1,-1,-1,-1,3,-3,2,-1,-1,0,0
5842,resize,4,4,4,1,1,1,-2,0,-1,-2,3,-1,-3,0,-2,1,4,1,-2,0,-1,-2,3,-1,-3,0,-2,1
5843,resize,5,5,5,1,1,1,-2,-1,-2,0,-2,5,-1,-1,0,1,5,1,-2,-1,-2,0,-2,5,-1,-1,0,1
5844,resize,6,6,6,1,1,1,0,-2,-4,-3,0,1,7,-4,-1,-4,6,1,0,-2,-4,-3,0,1,7,-4,-1,-4
5845,resize,7,7,7,1,1,1,-2,0,0,0,0,-1,-3,3,-1,-1,7,1,-2,0,0,0,0,-1,-3,3,-1,-1
5846,resize,8,8,8,1,1,1,-2,-1,-1,-2,-2,1,0,-5,7,0,8,1,-2,-1,-1,-2,-2,1,0,-5,7,0
5847,resize,0,0,0,1,1,1,4,-3,-1,-1,-3,-1,0,0,0,0,0,1,4,-3,-1,-1,-3,-1,0,0,0,0
5848,resize,1,1,1,1,1,1,-2,4,-2,-3,-1,-1,-2,0,-1,-1,1,1,-2,4,-2,-3,-1,-1,-2,0,-1,-1
5849,resize,2,2,2,1,1,1,-1,1,6,0,-3,-3,-1,0,-2,-6,2,1,-1,1,6,0,-3,-3,-1,0,-2,-6
5850,resize,3,3,3,1,1,1,-4,-1,-2,6,-5,2,-4,-1,0,-1,3,1,-4,-1,-2,6,-5,2,-4,-1,0,-1
5851,resize,4,4,4,1,1,1,-1,0,0,-2,4,-2,-2,0,-3,0,4,1,-1,0,0,-2,4,-2,-2,0,-3,0
5852,resize,5,5,5,1,1,1,-3,-3,-4,1,-2,7,-1,-3,0,2,5,1,-3,-3,-4,1,-2,7,-1,-3,0,2
5853,resize,6,6,6,1,1,1,-1,-1,-2,-3,-1,2,6,-4,0,-4,6,1,-1,-1,-2,-3,-1,2,6,-4,0,-4
5854,resize,7,7,7,1,1,1,-1,0,0,0,0,-1,-3,3,-1,-1,7,1,-1,0,0,0,0,-1,-3,3,-1,-1
5855,resize,8,8,8,1,1,1,-1,-1,-2,-1,-2,1,0,-3,5,-1,8,1,-1,-1,-2,-1,-2,1,0,-3,5,-1
5856,resize,9,9,9,1,1,1,0,-2,-2,1,-1,-1,-4,1,-1,4,9,1,0,-2,-2,1,-1,-1,-4,1,-1,4
5857,resize,8,8,8,1,1,1,0,-2,0,3,-4,-1,-3,-2,4,0,8,1,0,-2,0,3,-4,-1,-3,-2,4,0
5858,resize,7,7,7,1,1,1,-1,0,0,0,-1,-1,-3,3,-1,-1,7,1,-1,0,0,0,-1,-1,-3,3,-1,-1
5859,resize,1,1,1,1,1,1,-4,4,-1,-3,0,-1,-2,1,-2,-1,1,1,-4,4,-1,-3,0,-1,-2,1,-2,-1
5860,resize,3,3,3,1,1,1,-3,-1,-2,6,-5,2,-3,-1,-1,0,3,1,-3,-1,-2,6,-5,2,-3,-1,-1,0
5861,resize,7,7,7,1,1,1,-1,0,1,0,0,-2,-3,2,-1,-2,7,1,-1,0,1,0,0,-2,-3,2,-1,-2
5862,resize,5,5,5,1,1,1,-2,-2,-2,2,-3,6,-1,-2,0,2,5,1,-2,-2,-2,2,-3,6,-1,-2,0,2
5863,resize,2,2,2,1,1,1,0,1,7,-1,-4,-5,-3,0,0,-4,2,1,0,1,7,-1,-4,-5,-3,0,0,-4
5864,resize,8,8,8,1,1,1,-1,-2,-2,1,-3,-1,-2,-3,5,-1,8,1,-1,-2,-2,1,-3,-1,-2,-3,5,-1
5865,resize,0,0,0,1,1,1,6,-3,-1,-2,-3,-1,0,-2,-1,-1,0,1,6,-3,-1,-2,-3,-1,0,-2,-1,-1
5866,resize,7,7,7,1,1,1,-2,0,-1,0,-1,-1,-4,3,-1,-1,7,1,-2,0,-1,0,-1,-1,-4,3,-1,-1
5867,resize,5,5,5,1,1,1,-3,-2,-2,2,-3,6,-2,-2,0,2,5,1,-3,-2,-2,2,-3,6,-2,-2,0,2
5868,resize,9,9,9,1,1,1,-1,-2,-2,0,0,-1,-3,-1,0,4,9,1,-1,-2,-2,0,0,-1,-3,-1,0,4
5869,resize,9,9,9,1,1,1,-2,-2,-3,0,-1,0,-3,0,-1,5,9,1,-2,-2,-3,0,-1,0,-3,0,-1,5
5870,resize,0,0,0,1,1,1,4,-2,-2,-1,-3,1,0,0,0,-1,0,1,4,-2,-2,-1,-3,1,0,0,0,-1
5871,resize,9,9,9,1,1,1,-2,-2,-3,-1,0,-1,-3,-1,0,4,9,1,-2,-2,-3,-1,0,-1,-3,-1,0,4
5872,resize,1,1,1,1,1,1,-3,3,-2,-3,0,0,-2,0,-1,0,1,1,-3,3,-2,-3,0,0,-2,0,-1,0
5873,resize,1,1,1,1,1,1,-2,4,-1,-3,-1,-1,-1,0,-1,-1,1,1,-2,4,-1,-3,-1,-1,-1,0,-1,-1
5874,resize,5,5,5,1,1,1,-2,-2,-2,2,-2,5,-1,-1,-1,1,5,1,-2,-2,-2,2,-2,5,-1,-1,-1,1
5875,resize,8,8,8,1,1,1,-1,-2,-1,0,-3,0,-2,-3,6,-1,8,1,-1,-2,-1,0,-3,0,-2,-3,6,-1
5876,resize,8,8,8,1,1,1,0,-2,-1,0,-2,-1,-2,-3,5,-1,8,1,0,-2,-1,0,-2,-1,-2,-3,5,-1
5877,resize,6,6,6,1,1,1,1,-2,-3,-1,0,2,4,-3,0,-3,6,1,1,-2,-3,-1,0,2,4,-3,0,-3
5878,resize,3,3,3,1,1,1,-3,-1,-2,4,-3,2,-2,-1,0,-1,3,1,-3,-1,-2,4,-3,2,-2,-1,0,-1
5879,resize,2,2,2,1,1,1,0,1,5,1,-3,-3,0,0,-1,-5,2,1,0,1,5,1,-3,-3,0,0,-1,-5
5880,resize,1,1,1,1,1,1,-3,4,-1,-3,0,-1,-2,1,-2,0,1,1,-3,4,-1,-3,0,-1,-2,1,-2,0
5881,resize,8,8,8,1,1,1,-1,-2,-1,-1,-2,0,-1,-3,5,0,8,1,-1,-2,-1,-1,-2,0,-1,-3,5,0
5882,resize,3,3,3,1,1,1,-3,-1,-1,5,-4,0,-3,-1,1,0,3,1,-3,-1,-1,5,-4,0,-3,-1,1,0
5883,resize,2,2,2,1,1,1,0,1,6,0,-4,-3,-2,0,-1,-5,2,1,0,1,6,0,-4,-3,-2,0,-1,-5
5884,resize,6,6,6,1,1,1,-1,-1,-3,-3,0,2,7,-4,0,-4,6,1,-1,-1,-3,-3,0,2,7,-4,0,-4
5885,resize,5,5,5,1,1,1,-3,-1,-2,2,-3,5,-1,-2,0,2,5,1,-3,-1,-2,2,-3,5,-1,-2,0,2
5886,resize,6,6,6,1,1,1,-2,-1,-1,-2,-1,1,6,-4,0,-5,6,1,-2,-1,-1,-2,-1,1,6,-4,0,-5
5887,resize,7,7,7,1,1,1,0,0,1,-1,-1,-1,-3,2,-1,-1,7,1,0,0,1,-1,-1,-1,-3,2,-1,-1
5888,resize,4,4,4,1,1,1,0,0,-1,-3,2,0,0,-1,-2,1,4,1,0,0,-1,-3,2,0,0,-1,-2,1
5889,resize,1,1,1,1,1,1,-4,4,-2,-3,0,-1,-3,1,-1,0,1,1,-4,4,-2,-3,0,-1,-3,1,-1,0
5890,resize,0,0,0,1,1,1,3,-1,-2,-1,-2,0,-1,0,1,-1,0,1,3,-1,-2,-1,-2,0,-1,0,1,-1
5891,resize,5,5,5,1,1,1,-2,0,-2,1,-1,5,0,0,0,0,5,1,-2,0,-2,1,-1,5,0,0,0,0
5892,resize,3,3,3,1,1,1,-3,-1,-1,5,-4,1,-3,-1,0,-1,3,1,-3,-1,-1,5,-4,1,-3,-1,0,-1
5893,resize,1,1,1,1,1,1,-4,4,-1,-3,0,-1,-2,1,-2,-1,1,1,-4,4,-1,-3,0,-1,-2,1,-2,-1
5894,resize,9,9,9,1,1,1,-1,-2,-3,0,-1,-1,-4,0,-1,4,9,1,-1,-2,-3,0,-1,-1,-4,0,-1,4
5895,resize,2,2,2,1,1,1,0,1,5,-1,-2,-3,0,-1,-2,-5,2,1,0,1,5,-1,-2,-3,0,-1,-2,-5
5896,resize,1,1,1,1,1,1,-3,4,-2,-3,0,-1,-2,1,-1,0,1,1,-3,4,-2,-3,0,-1,-2,1,-1,0
5897,resize,9,9,9,1,1,1,0,-2,-2,0,0,-1,-3,1,0,3,9,1,0,-2,-2,0,0,-1,-3,1,0,3
5898,resize,6,6,6,1,1,1,-1,-1,-2,-2,-1,2,6,-4,-1,-4,6,1,-1,-1,-2,-2,-1,2,6,-4,-1,-4
5899,resize,0,0,0,1,1,1,5,-2,-1,-1,-2,-1,0,-1,-2,0,0,1,5,-2,-1,-1,-2,-1,0,-1,-2,0
5900,resize,4,4,4,1,1,1,-3,0,0,-3,5,-2,-3,0,-3,-1,4,1,-3,0,0,-3,5,-2,-3,0,-3,-1
5901,resize,6,6,6,1,1,1,0,-1,-1,-2,-1,1,5,-4,0,-3,6,1,0,-1,-1,-2,-1,1,5,-4,0,-3
5902,resize,1,1,1,1,1,1,-3,4,-1,-3,-1,0,-1,0,-1,-1,1,1,-3,4,-1,-3,-1,0,-1,0,-1,-1
5903,resize,7,7,7,1,1,1,-1,-1,0,0,0,-1,-4,3,-1,1,7,1,-1,-1,0,0,0,-1,-4,3,-1,1
5904,resize,3,3,3,1,1,1,-3,0,0,5,-4,0,-3,-1,0,-1,3,1,-3,0,0,5,-4,0,-3,-1,0,-1
5905,resize,8,8,8,1,1,1,-1,-1,-1,0,-2,0,-1,-2,4,-1,8,1,-1,-1,-1,0,-2,0,-1,-2,4,-1
5906,resize,7,7,7,1,1,1,-1,-1,0,0,0,-1,-2,1,0,1,7,1,-1,-1,0,0,0,-1,-2,1,0,1
5907,resize,2,2,2,1,1,1,-2,1,5,0,-3,-3,-1,0,-1,-4,2,1,-2,1,5,0,-3,-3,-1,0,-1,-4
5908,resize,9,9,9,1,1,1,-2,-2,-2,0,-1,0,-4,0,-1,4,9,1,-2,-2,-2,0,-1,0,-4,0,-1,4
5909,resize,6,6,6,1,1,1,-1,-1,-2,-2,-1,2,6,-4,1,-4,6,1,-1,-1,-2,-2,-1,2,6,-4,1,-4
5910,resize,5,5,5,1,1,1,-3,-1,-3,1,-2,6,-1,-1,-1,2,5,1,-3,-1,-3,1,-2,6,-1,-1,-1,2
5911,resize,8,8,8,1,1,1,-1,-2,-1,0,-1,0,-1,-2,4,-1,8,1,-1,-2,-1,0,-1,0,-1,-2,4,-1
5912,resize,3,3,3,1,1,1,-4,0,-2,6,-4,3,-3,-1,-2,-2,3,1,-4,0,-2,6,-4,3,-3,-1,-2,-2
5913,resize,5,5,5,1,1,1,-1,-1,-2,0,-2,5,0,-1,0,0,5,1,-1,-1,-2,0,-2,5,0,-1,0,0
5914,resize,7,7,7,1,1,1,-1,-1,-1,0,0,-1,-3,3,-1,0,7,1,-1,-1,-1,0,0,-1,-3,3,-1,0
5915,resize,1,1,1,1,1,1,-3,3,-1,-2,0,0,-2,0,-2,0,1,1,-3,3,-1,-2,0,0,-2,0,-2,0
5916,resize,6,6,6,1,1,1,-1,0,-2,-2,0,1,4,-2,-1,-3,6,1,-1,0,-2,-2,0,1,4,-2,-1,-3
5917,resize,1,1,1,1,1,1,-4,4,-2,-3,0,-1,-3,1,-2,0,1,1,-4,4,-2,-3,0,-1,-3,1,-2,0
5918,resize,0,0,0,1,1,1,5,-1,-1,-2,-3,1,0,-1,1,-2,0,1,5,-1,-1,-2,-3,1,0,-1,1,-2
5919,resize,9,9,9,1,1,1,-1,-1,-3,-1,0,-2,-3,-1,0,4,9,1,-1,-1,-3,-1,0,-2,-3,-1,0,4
5920,resize,6,6,6,1,1,1,-1,0,-2,-2,-1,1,5,-3,0,-3,6,1,-1,0,-2,-2,-1,1,5,-3,0,-3
5921,resize,2,2,2,1,1,1,-1,1,5,1,-2,-3,-2,0,-1,-4,2,1,-1,1,5,1,-2,-3,-2,0,-1,-4
5922,resize,5,5,5,1,1,1,-2,-1,-1,1,-2,5,-1,-1,-1,1,5,1,-2,-1,-1,1,-2,5,-1,-1,-1,1
5923,resize,4,4,4,1,1,1,-2,0,-1,-2,3,-2,-2,0,-3,-1,4,1,-2,0,-1,-2,3,-2,-2,0,-3,-1
5924,resize,2,2,2,1,1,1,-1,1,6,-1,-2,-3,-2,0,-1,-4,2,1,-1,1,6,-1,-2,-3,-2,0,-1,-4
5925,resize,3,3,3,1,1,1,-3,-1,-1,5,-3,2,-3,-1,0,-1,3,1,-3,-1,-1,5,-3,2,-3,-1,0,-1
5926,resize,4,4,4,1,1,1,-3,0,-1,-3,3,-3,-3,0,-3,1,4,1,-3,0,-1,-3,3,-3,-3,0,-3,1
5927,resize,4,4,4,1,1,1,-3,-1,-1,-3,4,-2,-3,0,-3,0,4,1,-3,-1,-1,-3,4,-2,-3,0,-3,0
5928,resize,6,6,6,1,1,1,-1,-1,-1,-2,0,1,5,-3,0,-3,6,1,-1,-1,-1,-2,0,1,5,-3,0,-3
5929,resize,0,0,0,1,1,1,5,-2,-1,-2,-3,0,-1,0,0,-1,0,1,5,-2,-1,-2,-3,0,-1,0,0,-1
5930,resize,0,0,0,1,1,1,6,-2,-1,-2,-2,-1,1,-1,-2,-1,0,1,6,-2,-1,-2,-2,-1,1,-1,-2,-1
5931,resize,2,2,2,1,1,1,-1,1,6,0,-3,-4,-1,0,-1,-5,2,1,-1,1,6,0,-3,-4,-1,0,-1,-5
5932,resize,0,0,0,1,1,1,5,-2,0,-1,-2,1,1,-2,-1,-1,0,1,5,-2,0,-1,-2,1,1,-2,-1,-1
5933,resize,1,1,1,1,1,1,-3,4,-2,-4,0,-1,-2,-1,-2,0,1,1,-3,4,-2,-4,0,-1,-2,-1,-2,0
5934,resize,2,2,2,1,1,1,0,0,3,-1,-1,-2,-1,0,0,-2,2,1,0,0,3,-1,-1,-2,-1,0,0,-2
5935,resize,3,3,3,1,1,1,-2,-1,-1,4,-3,1,-3,-1,0,1,3,1,-2,-1,-1,4,-3,1,-3,-1,0,1
5936,resize,4,4,4,1,1,1,-3,-1,-1,-2,3,-2,-4,0,0,1,4,1,-3,-1,-1,-2,3,-2,-4,0,0,1
5937,resize,5,3,3,0,0,1,-2,-2,-2,3,-2,3,-3,-1,0,1,3,1,-2,-2,-2,3,-2,3,-3,-1,0,1
5938,resize,6,6,6,1,1,1,-2,-1,-2,-2,0,1,5,-2,0,-4,6,1,-2,-1,-2,-2,0,1,5,-2,0,-4
5939,resize,7,7,7,1,1,1,-2,0,-1,0,0,-1,-4,2,-1,0,7,1,-2,0,-1,0,0,-1,-4,2,-1,0
5940,resize,8,8,8,1,1,1,-1,-1,-1,0,-1,-1,-1,-3,4,0,8,1,-1,-1,-1,0,-1,-1,-1,-3,4,0
5941,resize,9,9,9,1,1,1,-2,-1,-1,-2,1,-2,-5,0,-1,4,9,1,-2,-1,-1,-2,1,-2,-5,0,-1,4
5942,resize,0,0,0,1,1,1,4,-3,-2,-1,-1,0,2,-1,-1,0,0,1,4,-3,-2,-1,-1,0,2,-1,-1,0
5943,resize,1,1,1,1,1,1,-2,3,-1,-2,0,-1,-2,0,-1,0,1,1,-2,3,-1,-2,0,-1,-2,0,-1,0
5944,resize,2,2,2,1,1,1,0,1,5,-1,-3,-4,-2,0,-1,-3,2,1,0,1,5,-1,-3,-4,-2,0,-1,-3
5945,resize,3,3,3,1,1,1,-2,0,-1,4,-3,0,-3,-1,1,0,3,1,-2,0,-1,4,-3,0,-3,-1,1,0
5946,resize,4,4,4,1,1,1,-5,0,-1,-4,5,-2,-5,0,-3,0,4,1,-5,0,-1,-4,5,-2,-5,0,-3,0
5947,resize,5,5,5,1,1,1,-3,-1,-2,1,-2,5,-1,-1,0,2,5,1,-3,-1,-2,1,-2,5,-1,-1,0,2
5948,resize,6,6,6,1,1,1,-1,-1,-2,-2,0,1,4,-2,0,-3,6,1,-1,-1,-2,-2,0,1,4,-2,0,-3
5949,resize,7,7,7,1,1,1,-3,0,-1,0,0,-1,-5,3,-1,0,7,1,-3,0,-1,0,0,-1,-5,3,-1,0
5950,resize,8,8,8,1,1,1,-2,-1,-1,0,-1,0,0,-2,4,-1,8,1,-2,-1,-1,0,-1,0,0,-2,4,-1
5951,resize,9,9,9,1,1,1,-3,0,-2,-2,2,-2,-5,-1,-1,4,9,1,-3,0,-2,-2,2,-2,-5,-1,-1,4
5952,resize,0,0,0,1,1,1,4,-2,-2,-1,-2,1,2,-1,-1,0,0,1,4,-2,-2,-1,-2,1,2,-1,-1,0
5953,resize,1,1,1,1,1,1,-4,4,-1,-3,0,-1,-2,0,-1,0,1,1,-4,4,-1,-3,0,-1,-2,0,-1,0
5954,resize,2,2,2,1,1,1,-1,0,5,0,-2,-2,-2,0,-1,-4,2,1,-1,0,5,0,-2,-2,-2,0,-1,-4
5955,resize,3,8,8,0,0,1,-1,0,-1,0,0,-1,-2,-2,2,1,8,1,-1,0,-1,0,0,-1,-2,-2,2,1
5956,resize,4,4,4,1,1,1,-4,-1,-1,-4,5,-3,-4,0,-3,0,4,1,-4,-1,-1,-4,5,-3,-4,0,-3,0
5957,resize,5,5,5,1,1,1,-2,-1,-2,0,-2,5,0,-1,0,1,5,1,-2,-1,-2,0,-2,5,0,-1,0,1
5958,resize,6,6,6,1,1,1,-1,-1,-2,-2,0,1,5,-2,0,-3,6,1,-1,-1,-2,-2,0,1,5,-2,0,-3
5959,resize,7,7,7,1,1,1,-1,0,0,0,-1,-1,-4,3,-1,0,7,1,-1,0,0,0,-1,-1,-4,3,-1,0
5960,resize,8,8,8,1,1,1,0,-1,-1,0,-1,-1,-1,-2,3,0,8,1,0,-1,-1,0,-1,-1,-1,-2,3,0
5961,resize,9,9,9,1,1,1,-2,0,-1,-2,2,-2,-3,0,0,3,9,1,-2,0,-1,-2,2,-2,-3,0,0,3
5962,resize,8,8,8,1,1,1,-1,-1,-1,0,-1,1,0,-3,4,0,8,1,-1,-1,-1,0,-1,1,0,-3,4,0
5963,resize,6,6,5,1,0,0,-2,0,-1,0,0,2,2,-1,1,-3,5,1,-2,0,-1,0,0,2,2,-1,1,-3
5964,resize,5,5,5,1,1,1,-3,-2,-3,3,-3,5,-2,-2,0,2,5,1,-3,-2,-3,3,-3,5,-2,-2,0,2
5965,resize,0,0,0,1,1,1,4,-2,-2,-1,-2,1,2,-2,0,-1,0,1,4,-2,-2,-1,-2,1,2,-2,0,-1
5966,resize,6,6,6,1,1,1,-1,-1,-1,-2,0,1,5,-2,0,-4,6,1,-1,-1,-1,-2,0,1,5,-2,0,-4
5967,resize,8,8,8,1,1,1,0,-2,-1,0,-2,-1,-1,-2,4,0,8,1,0,-2,-1,0,-2,-1,-1,-2,4,0
5968,resize,9,9,9,1,1,1,-1,-2,-3,0,-1,-1,-5,0,-2,4,9,1,-1,-2,-3,0,-1,-1,-5,0,-2,4
5969,resize,4,4,4,1,1,1,-5,0,-1,-4,5,-3,-4,-1,-3,0,4,1,-5,0,-1,-4,5,-3,-4,-1,-3,0
5970,resize,1,1,1,1,1,1,-4,4,-2,-3,0,-1,-2,0,-1,0,1,1,-4,4,-2,-3,0,-1,-2,0,-1,0
5971,resize,9,9,9,1,1,1,-3,-2,-2,-1,1,-2,-4,-1,0,4,9,1,-3,-2,-2,-1,1,-2,-4,-1,0,4
5972,resize,5,5,5,1,1,1,-3,-1,-2,2,-1,3,-2,-2,0,1,5,1,-3,-1,-2,2,-1,3,-2,-2,0,1
5973,resize,3,8,8,0,0,1,-1,-1,-1,1,-1,0,-1,-2,2,0,8,1,-1,-1,-1,1,-1,0,-1,-2,2,0
5974,resize,0,0,0,1,1,1,5,-2,-2,-1,-3,1,0,-1,-1,0,0,1,5,-2,-2,-1,-3,1,0,-1,-1,0
5975,resize,4,4,4,1,1,1,-5,-1,-3,-4,5,-1,-4,-1,-1,1,4,1,-5,-1,-3,-4,5,-1,-4,-1,-1,1
5976,resize,8,8,8,1,1,1,-1,-1,-1,0,-1,0,-1,-2,3,-1,8,1,-1,-1,-1,0,-1,0,-1,-2,3,-1
5977,resize,9,9,9,1,1,1,-2,-1,-1,-2,1,-2,-4,-1,0,4,9,1,-2,-1,-1,-2,1,-2,-4,-1,0,4
5978,resize,1,1,1,1,1,1,-3,4,-1,-3,0,-2,-2,-1,-1,0,1,1,-3,4,-1,-3,0,-2,-2,-1,-1,0
5979,resize,4,4,4,1,1,1,-5,-1,-1,-5,6,-3,-5,-1,-3,0,4,1,-5,-1,-1,-5,6,-3,-5,-1,-3,0
5980,resize,0,0,0,1,1,1,4,-2,-1,0,-2,1,1,-2,-1,0,0,1,4,-2,-1,0,-2,1,1,-2,-1,0
5981,resize,5,5,3,1,0,0,-1,-2,-2,3,-2,3,-2,-2,0,2,3,1,-1,-2,-2,3,-2,3,-2,-2,0,2
5982,resize,5,5,5,1,1,1,-3,0,-2,2,-1,4,-1,-1,0,1,5,1,-3,0,-2,2,-1,4,-1,-1,0,1
5983,resize,2,2,2,1,1,1,0,1,4,-1,-2,-2,-2,0,-1,-2,2,1,0,1,4,-1,-2,-2,-2,0,-1,-2
5984,resize,1,1,1,1,1,1,-3,4,-1,-4,0,-1,-2,-1,-1,0,1,1,-3,4,-1,-4,0,-1,-2,-1,-1,0
5985,resize,5,5,5,1,1,1,-2,-1,-2,1,-2,4,0,-2,1,1,5,1,-2,-1,-2,1,-2,4,0,-2,1,1
5986,resize,4,4,4,1,1,1,-4,-1,-2,-4,5,-3,-4,-1,-3,1,4,1,-4,-1,-2,-4,5,-3,-4,-1,-3,1
5987,resize,0,0,0,1,1,1,3,-2,-1,0,-2,1,1,-1,-1,0,0,1,3,-2,-1,0,-2,1,1,-1,-1,0
5988,resize,7,7,7,1,1,1,-3,0,0,0,0,-2,-4,4,-1,0,7,1,-3,0,0,0,0,-2,-4,4,-1,0
5989,resize,6,6,6,1,1,1,-2,0,-2,-1,1,1,3,-1,0,-2,6,1,-2,0,-2,-1,1,1,3,-1,0,-2
5990,resize,0,0,0,1,1,1,4,-2,-1,-1,-2,0,1,-1,-1,-1,0,1,4,-2,-1,-1,-2,0,1,-1,-1,-1
5991,resize,1,1,1,1,1,1,-4,4,-2,-3,0,-1,-2,0,-1,0,1,1,-4,4,-2,-3,0,-1,-2,0,-1,0
5992,resize,7,7,7,1,1,1,-3,0,-1,1,0,-1,-5,3,-1,0,7,1,-3,0,-1,1,0,-1,-5,3,-1,0
5993,resize,0,0,0,1,1,1,4,-2,-1,-1,-1,0,1,-1,-1,-1,0,1,4,-2,-1,-1,-1,0,1,-1,-1,-1
5994,resize,6,6,6,1,1,1,-1,-1,-2,-1,0,1,5,-2,0,-3,6,1,-1,-1,-2,-1,0,1,5,-2,0,-3
5995,resize,8,8,8,1,1,1,-1,-2,-2,0,-2,0,-1,-3,5,0,8,1,-1,-2,-2,0,-2,0,-1,-3,5,0
5996,resize,9,9,9,1,1,1,1,-2,-1,0,0,-1,-1,0,0,3,9,1,1,-2,-1,0,0,-1,-1,0,0,3
5997,resize,5,9,5,0,1,0,-1,-2,-2,1,-2,3,-2,-2,1,2,5,1,-1,-2,-2,1,-2,3,-2,-2,1,2
5998,resize,1,1,1,1,1,1,-3,3,-1,-3,0,-1,-2,0,-2,0,1,1,-3,3,-1,-3,0,-1,-2,0,-2,0
5999,resize,7,7,7,1,1,1,-3,0,0,1,0,-1,-4,3,-2,0,7,1,-3,0,0,1,0,-1,-4,3,-2,0
6000,resize,9,9,9,1,1,1,-2,-1,-2,-1,0,-1,-5,1,-2,4,9,1,-2,-1,-2,-1,0,-1,-5,1,-2,4
6001,resize,8,8,8,1,1,1,-1,-1,-2,-1,-2,1,0,-3,5,0,8,1,-1,-1,-2,-1,-2,1,0,-3,5,0
6002,resize,6,6,6,1,1,1,-1,0,-1,0,0,1,3,-1,-1,-4,6,1,-1,0,-1,0,0,1,3,-1,-1,-4
6003,resize,0,0,0,1,1,1,4,-1,0,-1,-2,0,1,-1,0,-1,0,1,4,-1,0,-1,-2,0,1,-1,0,-1
6004,resize,8,8,8,1,1,1,-1,-1,-1,0,-1,-1,-1,-2,3,1,8,1,-1,-1,-1,0,-1,-1,-1,-2,3,1
6005,resize,1,1,1,1,1,1,-3,3,-2,-2,0,0,-1,-1,0,1,1,1,-3,3,-2,-2,0,0,-1,-1,0,1
6006,resize,7,7,7,1,1,1,-2,1,0,0,-1,-1,-3,2,0,-1,7,1,-2,1,0,0,-1,-1,-3,2,0,-1
6007,resize,7,7,7,1,1,1,-3,0,-1,1,0,-1,-4,3,-1,0,7,1,-3,0,-1,1,0,-1,-4,3,-1,0
6008,resize,1,1,1,1,1,1,-3,4,-2,-2,0,-1,-2,-1,-2,0,1,1,-3,4,-2,-2,0,-1,-2,-1,-2,0
6009,resize,3,3,3,1,1,1,-1,-1,-1,4,-3,0,-2,-1,1,0,3,1,-1,-1,-1,4,-3,0,-2,-1,1,0
6010,resize,2,2,2,1,1,1,-1,1,5,0,-2,-3,-1,1,-1,-4,2,1,-1,1,5,0,-2,-3,-1,1,-1,-4
6011,resize,3,3,3,1,1,1,0,-1,-1,3,-2,1,-1,-2,0,0,3,1,0,-1,-1,3,-2,1,-1,-2,0,0
6012,resize,1,1,1,1,1,1,-4,5,-1,-4,0,-1,-2,-1,-2,0,1,1,-4,5,-1,-4,0,-1,-2,-1,-2,0
6013,resize,4,4,4,1,1,1,-3,0,0,-4,5,-3,-4,-1,-3,0,4,1,-3,0,0,-4,5,-3,-4,-1,-3,0
6014,resize,2,2,2,1,1,1,0,0,6,0,-3,-4,-2,0,-1,-4,2,1,0,0,6,0,-3,-4,-2,0,-1,-4
6015,resize,0,0,0,1,1,1,4,-2,-1,0,-3,2,2,-2,0,-1,0,1,4,-2,-1,0,-3,2,2,-2,0,-1
6016,resize,0,0,0,1,1,1,5,-2,-1,-1,-3,2,2,-2,-1,-1,0,1,5,-2,-1,-1,-3,2,2,-2,-1,-1
6017,resize,7,7,7,1,1,1,-2,1,1,0,-1,-1,-5,4,-1,-1,7,1,-2,1,1,0,-1,-1,-5,4,-1,-1
6018,resize,8,8,8,1,1,1,-1,-2,-2,0,-2,0,-1,-3,6,0,8,1,-1,-2,-2,0,-2,0,-1,-3,6,0
6019,resize,4,4,4,1,1,1,-4,0,-2,-3,4,-1,-4,0,-1,1,4,1,-4,0,-2,-3,4,-1,-4,0,-1,1
6020,resize,6,6,6,1,1,1,0,0,-1,-1,1,0,3,-1,-1,-3,6,1,0,0,-1,-1,1,0,3,-1,-1,-3
6021,resize,4,4,4,1,1,1,-5,0,-2,-3,4,-1,-4,0,-1,1,4,1,-5,0,-2,-3,4,-1,-4,0,-1,1
6022,resize,9,9,9,1,1,1,-2,-2,-1,0,0,-2,-4,0,0,4,9,1,-2,-2,-1,0,0,-2,-4,0,0,4
6023,resize,3,8,8,0,0,1,-2,0,0,1,-1,-1,-2,-2,2,1,8,1,-2,0,0,1,-1,-1,-2,-2,2,1
6024,resize,8,8,8,1,1,1,-1,-2,-2,1,-2,0,-1,-3,4,0,8,1,-1,-2,-2,1,-2,0,-1,-3,4,0
6025,resize,4,4,4,1,1,1,-4,-1,-1,-4,5,-3,-4,-1,-2,0,4,1,-4,-1,-1,-4,5,-3,-4,-1,-2,0
6026,resize,7,7,1,1,0,0,-2,1,1,0,-1,-1,-2,1,1,-1,1,1,-2,1,1,0,-1,-1,-2,1,1,-1
6027,resize,2,2,2,1,1,1,-1,0,4,0,-2,-2,-1,0,-1,-3,2,1,-1,0,4,0,-2,-2,-1,0,-1,-3
6028,resize,5,5,5,1,1,1,-2,-1,-3,3,-3,4,-2,-2,0,2,5,1,-2,-1,-3,3,-3,4,-2,-2,0,2
6029,resize,6,6,6,1,1,1,-2,-1,-1,0,-1,2,4,-2,0,-4,6,1,-2,-1,-1,0,-1,2,4,-2,0,-4
6030,resize,3,3,3,1,1,1,-2,0,0,4,-3,0,-2,0,0,-1,3,1,-2,0,0,4,-3,0,-2,0,0,-1
6031,resize,6,6,6,1,1,1,-2,-1,-1,0,-1,2,3,-1,1,-3,6,1,-2,-1,-1,0,-1,2,3,-1,1,-3
6032,resize,9,9,9,1,1,1,-3,-2,-2,-1,0,-1,-5,-1,-1,5,9,1,-3,-2,-2,-1,0,-1,-5,-1,-1,5
6033,resize,6,6,6,1,1,1,-1,-1,-2,-1,0,1,4,-2,0,-4,6,1,-1,-1,-2,-1,0,1,4,-2,0,-4
6034,resize,3,3,3,1,1,1,-1,-1,-1,4,-3,1,-2,-1,0,1,3,1,-1,-1,-1,4,-3,1,-2,-1,0,1
6035,resize,2,2,2,1,1,1,1,0,2,-1,-1,-1,-1,0,-1,-2,2,1,1,0,2,-1,-1,-1,-1,0,-1,-2
6036,resize,2,2,2,1,1,1,0,0,5,0,-2,-3,-1,0,-1,-4,2,1,0,0,5,0,-2,-3,-1,0,-1,-4
6037,resize,4,4,4,1,1,1,-5,-1,-2,-4,5,-2,-4,-1,-1,1,4,1,-5,-1,-2,-4,5,-2,-4,-1,-1,1
6038,resize,6,6,6,1,1,1,-1,0,-1,-2,0,1,5,-2,0,-4,6,1,-1,0,-1,-2,0,1,5,-2,0,-4
6039,resize,9,9,9,1,1,1,-2,-1,-2,0,0,-1,-4,-1,-1,4,9,1,-2,-1,-2,0,0,-1,-4,-1,-1,4
6040,resize,0,0,0,1,1,1,4,-1,0,-1,-2,1,0,-1,-1,-1,0,1,4,-1,0,-1,-2,1,0,-1,-1,-1
6041,resize,2,2,2,1,1,1,0,1,5,-1,-2,-3,-1,0,0,-3,2,1,0,1,5,-1,-2,-3,-1,0,0,-3
6042,resize,5,5,5,1,1,1,-2,-1,-1,1,-2,3,-2,-1,0,1,5,1,-2,-1,-1,1,-2,3,-2,-1,0,1
6043,resize,5,5,5,1,1,1,-3,-2,-2,3,-3,5,-2,-2,0,2,5,1,-3,-2,-2,3,-3,5,-2,-2,0,2
6044,resize,1,1,1,1,1,1,-4,5,-2,-4,0,-1,-2,-1,-2,0,1,1,-4,5,-2,-4,0,-1,-2,-1,-2,0
6045,resize,3,3,3,1,1,1,-1,0,0,2,-1,-1,-1,-1,1,-1,3,1,-1,0,0,2,-1,-1,-1,-1,1,-1
6046,resize,3,3,3,1,1,1,-3,-1,-1,4,-3,1,-2,-1,1,-1,3,1,-3,-1,-1,4,-3,1,-2,-1,1,-1
6047,resize,9,9,9,1,1,1,-3,-1,-2,-2,1,-2,-5,-1,0,4,9,1,-3,-1,-2,-2,1,-2,-5,-1,0,4
6048,resize,7,7,7,1,1,1,-1,1,1,0,-1,-1,-3,2,-1,-1,7,1,-1,1,1,0,-1,-1,-3,2,-1,-1
6049,resize,8,8,8,1,1,1,0,-1,-2,0,-2,-1,-1,-2,4,0,8,1,0,-1,-2,0,-2,-1,-1,-2,4,0
6050,resize,7,7,7,1,1,1,-2,0,0,0,-1,0,-4,3,-1,0,7,1,-2,0,0,0,-1,0,-4,3,-1,0
6051,resize,2,2,2,1,1,1,-1,0,3,0,-2,-2,-1,0,0,-2,2,1,-1,0,3,0,-2,-2,-1,0,0,-2
6052,resize,2,2,2,1,1,1,-1,0,4,0,-2,-2,-1,0,0,-3,2,1,-1,0,4,0,-2,-2,-1,0,0,-3
6053,resize,5,5,5,1,1,1,-2,-1,-1,1,-1,3,-2,-1,0,1,5,1,-2,-1,-1,1,-1,3,-2,-1,0,1
6054,resize,7,7,7,1,1,1,-3,0,0,1,-1,-1,-4,3,-1,0,7,1,-3,0,0,1,-1,-1,-4,3,-1,0
6055,resize,9,9,9,1,1,1,-3,-1,-1,-1,0,-1,-4,0,-1,4,9,1,-3,-1,-1,-1,0,-1,-4,0,-1,4
6056,resize,8,8,8,1,1,1,-1,-2,-2,0,-1,0,0,-3,5,0,8,1,-1,-2,-2,0,-1,0,0,-3,5,0
6057,resize,2,2,2,1,1,1,0,1,4,-1,-1,-3,-1,0,-1,-3,2,1,0,1,4,-1,-1,-3,-1,0,-1,-3
6058,resize,1,1,1,1,1,1,-3,4,-1,-3,0,0,-2,0,-2,-1,1,1,-3,4,-1,-3,0,0,-2,0,-2,-1
6059,resize,3,3,3,1,1,1,-1,0,-1,2,-2,0,-2,-1,0,0,3,1,-1,0,-1,2,-2,0,-2,-1,0,0
6060,resize,1,1,1,1,1,1,-4,4,-2,-3,0,-1,-2,0,-2,0,1,1,-4,4,-2,-3,0,-1,-2,0,-2,0
6061,resize,3,3,3,1,1,1,-3,-1,-2,5,-4,2,-3,-1,0,0,3,1,-3,-1,-2,5,-4,2,-3,-1,0,0
6062,resize,0,0,0,1,1,1,4,-3,-2,-1,-2,0,2,-2,1,-1,0,1,4,-3,-2,-1,-2,0,2,-2,1,-1
6063,resize,1,1,1,1,1,1,-2,3,-1,-2,-1,-1,-2,0,-1,0,1,1,-2,3,-1,-2,-1,-1,-2,0,-1,0
6064,resize,2,2,2,1,1,1,0,1,6,0,-3,-3,-1,-1,-1,-4,2,1,0,1,6,0,-3,-3,-1,-1,-1,-4
6065,resize,3,3,3,1,1,1,-2,-1,-1,3,-2,0,-2,-1,1,-1,3,1,-2,-1,-1,3,-2,0,-2,-1,1,-1
6066,resize,4,4,4,1,1,1,-4,0,0,-3,5,-3,-4,0,-3,-2,4,1,-4,0,0,-3,5,-3,-4,0,-3,-2
6067,resize,5,5,5,1,1,1,-2,-2,-2,-1,-2,6,0,-1,0,1,5,1,-2,-2,-2,-1,-2,6,0,-1,0,1
6068,resize,6,6,6,1,1,1,-1,-2,-4,-3,0,1,7,-4,-1,-4,6,1,-1,-2,-4,-3,0,1,7,-4,-1,-4
6069,resize,7,7,7,1,1,1,-3,1,-1,0,0,-2,-6,5,-1,-1,7,1,-3,1,-1,0,0,-2,-6,5,-1,-1
6070,resize,8,8,8,1,1,1,0,-1,-1,-1,-1,0,0,-2,3,1,8,1,0,-1,-1,-1,-1,0,0,-2,3,1
6071,resize,9,9,9,1,1,1,-1,-3,-2,1,-1,0,-5,-2,0,4,9,1,-1,-3,-2,1,-1,0,-5,-2,0,4
6072,resize,0,0,0,1,1,1,4,-2,-2,-1,-1,0,2,-2,-1,-1,0,1,4,-2,-2,-1,-1,0,2,-2,-1,-1
6073,resize,1,1,1,1,1,1,-3,3,-1,-1,-1,0,-2,1,-1,-1,1,1,-3,3,-1,-1,-1,0,-2,1,-1,-1
6074,resize,2,2,2,1,1,1,0,1,5,0,-3,-4,-2,1,-2,-5,2,1,0,1,5,0,-3,-4,-2,1,-2,-5
6075,resize,3,3,3,1,1,1,-3,-1,-2,4,-2,2,-2,0,0,0,3,1,-3,-1,-2,4,-2,2,-2,0,0,0
6076,resize,4,4,4,1,1,1,-4,-1,-1,-3,6,-3,-4,0,-3,-1,4,1,-4,-1,-1,-3,6,-3,-4,0,-3,-1
6077,resize,5,5,5,1,1,1,-1,-1,-2,-1,-2,6,1,-2,1,1,5,1,-1,-1,-2,-1,-2,6,1,-2,1,1
6078,resize,6,6,6,1,1,1,-1,-1,-3,-3,0,1,6,-3,-1,-4,6,1,-1,-1,-3,-3,0,1,6,-3,-1,-4
6079,resize,7,7,7,1,1,1,-3,0,0,0,0,-2,-5,4,-2,0,7,1,-3,0,0,0,0,-2,-5,4,-2,0
6080,resize,8,8,8,1,1,1,0,-2,-2,-1,-1,-1,2,-3,3,1,8,1,0,-2,-2,-1,-1,-1,2,-3,3,1
6081,resize,9,9,9,1,1,1,-1,-2,-1,1,-1,0,-3,-1,0,3,9,1,-1,-2,-1,1,-1,0,-3,-1,0,3
6082,resize,0,0,0,1,1,1,4,-3,-2,-1,-1,0,2,-1,-1,-1,0,1,4,-3,-2,-1,-1,0,2,-1,-1,-1
6083,resize,1,1,1,1,1,1,-2,4,-2,-3,0,0,-1,0,-1,-1,1,1,-2,4,-2,-3,0,0,-1,0,-1,-1
6084,resize,2,2,2,1,1,1,-1,1,4,1,-3,-3,-2,0,0,-4,2,1,-1,1,4,1,-3,-3,-2,0,0,-4
6085,resize,3,3,3,1,1,1,-3,0,-2,4,-3,1,-3,0,1,-1,3,1,-3,0,-2,4,-3,1,-3,0,1,-1
6086,resize,4,4,4,1,1,1,-4,0,-1,-3,5,-3,-4,0,-3,-2,4,1,-4,0,-1,-3,5,-3,-4,0,-3,-2
6087,resize,5,5,5,1,1,1,-1,-1,-2,-1,-2,5,1,-2,1,-1,5,1,-1,-1,-2,-1,-2,5,1,-2,1,-1
6088,resize,6,6,6,1,1,1,0,-2,-4,-3,-1,2,7,-4,0,-3,6,1,0,-2,-4,-3,-1,2,7,-4,0,-3
6089,resize,7,7,7,1,1,1,-2,0,1,0,0,-2,-5,4,-1,0,7,1,-2,0,1,0,0,-2,-5,4,-1,0
6090,resize,8,8,8,1,1,1,-1,-2,-1,-1,-3,1,0,-4,6,-1,8,1,-1,-2,-1,-1,-3,1,0,-4,6,-1
6091,resize,9,9,9,1,1,1,-1,-2,0,1,-2,1,-3,0,0,3,9,1,-1,-2,0,1,-2,1,-3,0,0,3
6092,resize,1,1,1,1,1,1,-3,4,0,-3,-1,-2,-2,0,-2,-1,1,1,-3,4,0,-3,-1,-2,-2,0,-2,-1
6093,resize,2,2,2,1,1,1,-1,0,3,0,-3,-2,-1,0,1,-3,2,1,-1,0,3,0,-3,-2,-1,0,1,-3
6094,resize,6,6,6,1,1,1,-1,-1,-3,-2,0,2,6,-4,0,-4,6,1,-1,-1,-3,-2,0,2,6,-4,0,-4
6095,resize,5,5,5,1,1,1,-2,-2,-3,0,-2,7,0,-3,0,1,5,1,-2,-2,-3,0,-2,7,0,-3,0,1
6096,resize,3,3,3,1,1,1,-4,-1,-1,5,-4,1,-3,-1,1,0,3,1,-4,-1,-1,5,-4,1,-3,-1,1,0
6097,resize,0,0,0,1,1,1,4,-2,-1,-1,-2,1,3,-2,0,-2,0,1,4,-2,-1,-1,-2,1,3,-2,0,-2
6098,resize,7,7,7,1,1,1,-3,1,0,0,0,-1,-5,4,-1,-1,7,1,-3,1,0,0,0,-1,-5,4,-1,-1
6099,resize,0,0,0,1,1,1,4,-2,-1,-1,-2,0,1,-2,0,-1,0,1,4,-2,-1,-1,-2,0,1,-2,0,-1
6100,resize,4,4,4,1,1,1,-4,0,-1,-2,5,-3,-4,1,-4,-2,4,1,-4,0,-1,-2,5,-3,-4,1,-4,-2
6101,resize,1,1,1,1,1,1,-3,4,-1,-3,-1,0,-1,0,0,-1,1,1,-3,4,-1,-3,-1,0,-1,0,0,-1
6102,resize,4,4,4,1,1,1,-4,-1,-1,-4,6,-3,-3,0,-4,-2,4,1,-4,-1,-1,-4,6,-3,-3,0,-4,-2
6103,resize,3,3,3,1,1,1,-4,0,-1,4,-3,2,-3,0,0,0,3,1,-4,0,-1,4,-3,2,-3,0,0,0
6104,resize,6,6,6,1,1,1,0,-2,-4,-3,-1,2,7,-4,0,-3,6,1,0,-2,-4,-3,-1,2,7,-4,0,-3
6105,resize,7,7,7,1,1,1,-2,1,0,0,0,-1,-4,3,-1,-1,7,1,-2,1,0,0,0,-1,-4,3,-1,-1
6106,resize,2,2,2,1,1,1,-1,1,6,0,-3,-3,-1,0,-2,-6,2,1,-1,1,6,0,-3,-3,-1,0,-2,-6
6107,resize,3,3,3,1,1,1,-4,0,-1,5,-3,2,-3,0,0,-1,3,1,-4,0,-1,5,-3,2,-3,0,0,-1
6108,resize,1,1,1,1,1,1,-1,3,-1,-3,-1,-1,-1,-1,1,-1,1,1,-1,3,-1,-3,-1,-1,-1,-1,1,-1
6109,resize,2,2,2,1,1,1,-1,1,5,0,-3,-3,-2,1,-1,-5,2,1,-1,1,5,0,-3,-3,-2,1,-1,-5
6110,resize,1,1,1,1,1,1,-2,4,-2,-3,-1,-1,-2,0,-1,-1,1,1,-2,4,-2,-3,-1,-1,-2,0,-1,-1
6111,resize,2,2,2,1,1,1,0,1,5,0,-3,-3,-3,1,-2,-4,2,1,0,1,5,0,-3,-3,-3,1,-2,-4
6112,resize,9,9,9,1,1,1,-1,-3,-1,-1,0,0,-3,-1,1,3,9,1,-1,-3,-1,-1,0,0,-3,-1,1,3
6113,resize,6,6,6,1,1,1,0,-2,-3,-3,-1,1,6,-4,1,-3,6,1,0,-2,-3,-3,-1,1,6,-4,1,-3
6114,resize,0,0,0,1,1,1,6,-3,-1,-2,-2,0,2,-2,-1,-2,0,1,6,-3,-1,-2,-2,0,2,-2,-1,-2
6115,resize,1,1,1,1,1,1,-2,3,-1,-2,-1,-1,-2,0,0,-1,1,1,-2,3,-1,-2,-1,-1,-2,0,0,-1
6116,resize,3,3,3,1,1,1,-4,0,-1,5,-4,1,-4,-1,1,0,3,1,-4,0,-1,5,-4,1,-4,-1,1,0
6117,resize,0,0,0,1,1,1,4,-3,-1,-1,-2,0,1,-1,1,-1,0,1,4,-3,-1,-1,-2,0,1,-1,1,-1
6118,resize,2,2,2,1,1,1,-1,1,5,0,-3,-3,-1,1,-2,-5,2,1,-1,1,5,0,-3,-3,-1,1,-2,-5
6119,resize,7,7,7,1,1,1,-3,0,0,0,0,-1,-5,4,-1,0,7,1,-3,0,0,0,0,-1,-5,4,-1,0
6120,resize,5,5,5,1,1,1,-2,-2,-3,0,-2,6,0,-2,0,0,5,1,-2,-2,-3,0,-2,6,0,-2,0,0
6121,resize,7,7,7,1,1,1,-2,0,0,0,0,-1,-3,2,-1,0,7,1,-2,0,0,0,0,-1,-3,2,-1,0
6122,resize,6,6,6,1,1,1,0,-1,-3,-3,-1,2,7,-4,-1,-4,6,1,0,-1,-3,-3,-1,2,7,-4,-1,-4
6123,resize,2,2,2,1,1,1,-1,1,6,0,-3,-4,-2,1,-2,-6,2,1,-1,1,6,0,-3,-4,-2,1,-2,-6
6124,resize,9,9,9,1,1,1,-1,-3,-1,0,0,0,-3,0,0,3,9,1,-1,-3,-1,0,0,0,-3,0,0,3
6125,resize,1,1,1,1,1,1,-3,4,-2,-2,0,-1,-2,1,-1,0,1,1,-3,4,-2,-2,0,-1,-2,1,-1,0
6126,resize,9,9,9,1,1,1,-1,-3,-2,0,0,0,-4,0,-1,4,9,1,-1,-3,-2,0,0,0,-4,0,-1,4
6127,resize,0,0,0,1,1,1,5,-2,0,-2,-3,0,1,-1,-1,-1,0,1,5,-2,0,-2,-3,0,1,-1,-1,-1
6128,resize,6,6,6,1,1,1,0,-2,-3,-3,-1,2,7,-3,0,-5,6,1,0,-2,-3,-3,-1,2,7,-3,0,-5
6129,resize,0,0,0,1,1,1,4,-2,1,-2,-3,0,0,-2,0,-1,0,1,4,-2,1,-2,-3,0,0,-2,0,-1
6130,resize,6,6,6,1,1,1,0,-2,-3,-3,-1,2,7,-4,0,-4,6,1,0,-2,-3,-3,-1,2,7,-4,0,-4
6131,resize,0,0,0,1,1,1,4,-3,0,-2,-2,-1,1,-1,0,-1,0,1,4,-3,0,-2,-2,-1,1,-1,0,-1
6132,resize,2,2,2,1,1,1,0,1,6,0,-3,-3,-2,1,-1,-5,2,1,0,1,6,0,-3,-3,-2,1,-1,-5
6133,resize,0,0,0,1,1,1,6,-3,-1,-2,-2,0,2,-2,-1,-1,0,1,6,-3,-1,-2,-2,0,2,-2,-1,-1
6134,resize,6,6,6,1,1,1,0,-1,-3,-2,0,1,5,-3,0,-2,6,1,0,-1,-3,-2,0,1,5,-3,0,-2
6135,resize,1,1,1,1,1,1,-2,5,-2,-3,-2,-1,0,-1,0,-2,1,1,-2,5,-2,-3,-2,-1,0,-1,0,-2
6136,resize,5,5,5,1,1,1,-1,-1,-2,0,-2,5,0,-2,1,0,5,1,-1,-1,-2,0,-2,5,0,-2,1,0
6137,resize,8,8,8,1,1,1,-1,-2,-1,-1,-1,-2,0,-3,4,1,8,1,-1,-2,-1,-1,-1,-2,0,-3,4,1
6138,resize,4,4,4,1,1,1,-4,-1,-1,-4,6,-3,-3,0,-4,-2,4,1,-4,-1,-1,-4,6,-3,-3,0,-4,-2
6139,resize,3,3,3,1,1,1,-4,0,-1,4,-3,0,-3,0,0,-2,3,1,-4,0,-1,4,-3,0,-3,0,0,-2
6140,resize,0,0,0,1,1,1,4,-3,-1,-2,-2,0,2,-2,0,-1,0,1,4,-3,-1,-2,-2,0,2,-2,0,-1
6141,resize,1,1,1,1,1,1,-3,3,-1,-2,-1,-1,-2,1,-1,0,1,1,-3,3,-1,-2,-1,-1,-2,1,-1,0
6142,resize,5,5,5,1,1,1,-2,-1,-3,1,-2,5,0,-2,0,0,5,1,-2,-1,-3,1,-2,5,0,-2,0,0
6143,resize,4,4,4,1,1,1,-4,0,-2,-4,6,-2,-2,-1,-3,-3,4,1,-4,0,-2,-4,6,-2,-2,-1,-3,-3
6144,resize,4,4,4,1,1,1,-3,-1,-1,-3,6,-3,-3,0,-4,-1,4,1,-3,-1,-1,-3,6,-3,-3,0,-4,-1
6145,resize,8,8,8,1,1,1,-1,-2,-3,-1,-3,1,0,-4,6,-1,8,1,-1,-2,-3,-1,-3,1,0,-4,6,-1
6146,resize,5,5,5,1,1,1,-1,-1,-2,-2,-2,5,1,-1,0,1,5,1,-1,-1,-2,-2,-2,5,1,-1,0,1
6147,resize,7,7,7,1,1,1,-4,1,-1,-1,1,-2,-6,5,-2,0,7,1,-4,1,-1,-1,1,-2,-6,5,-2,0
6148,resize,5,5,5,1,1,1,-2,-1,-3,0,-2,6,0,-2,0,1,5,1,-2,-1,-3,0,-2,6,0,-2,0,1
6149,resize,7,7,7,1,1,1,-3,1,-1,0,0,-2,-4,4,-1,0,7,1,-3,1,-1,0,0,-2,-4,4,-1,0
6150,resize,8,8,8,1,1,1,-2,-2,-2,-1,-1,0,0,-3,6,0,8,1,-2,-2,-2,-1,-1,0,0,-3,6,0
6151,resize,3,3,3,1,1,1,-5,0,-1,6,-4,2,-4,0,0,-1,3,1,-5,0,-1,6,-4,2,-4,0,0,-1
6152,resize,4,4,4,1,1,1,-4,0,-1,-3,5,-3,-3,0,-3,-1,4,1,-4,0,-1,-3,5,-3,-3,0,-3,-1
6153,resize,8,8,8,1,1,1,-1,-2,-2,-1,-1,0,-1,-3,5,0,8,1,-1,-2,-2,-1,-1,0,-1,-3,5,0
6154,resize,8,8,8,1,1,1,-2,-2,-1,-1,-2,1,0,-4,6,1,8,1,-2,-2,-1,-1,-2,1,0,-4,6,1
6155,resize,5,5,5,1,1,1,-3,-2,-4,0,-3,7,0,-2,0,1,5,1,-3,-2,-4,0,-3,7,0,-2,0,1
6156,resize,2,2,2,1,1,1,0,1,7,-1,-3,-4,-2,0,-2,-6,2,1,0,1,7,-1,-3,-4,-2,0,-2,-6
6157,resize,9,9,9,1,1,1,0,-3,0,0,-1,0,-2,-1,1,3,9,1,0,-3,0,0,-1,0,-2,-1,1,3
6158,resize,7,7,7,1,1,1,-3,1,0,-1,-1,-2,-4,3,-1,0,7,1,-3,1,0,-1,-1,-2,-4,3,-1,0
6159,resize,1,1,1,1,1,1,-2,5,-1,-3,-1,-2,-2,0,-1,-1,1,1,-2,5,-1,-3,-1,-2,-2,0,-1,-1
6160,resize,3,3,3,1,1,1,-5,0,0,6,-5,1,-4,0,0,-2,3,1,-5,0,0,6,-5,1,-4,0,0,-2
6161,resize,8,8,8,1,1,1,0,-2,-1,0,-2,-1,0,-3,4,0,8,1,0,-2,-1,0,-2,-1,0,-3,4,0
6162,resize,1,1,1,1,1,1,-2,3,-1,-2,-1,0,-1,0,-2,-1,1,1,-2,3,-1,-2,-1,0,-1,0,-2,-1
6163,resize,0,0,0,1,1,1,4,-3,-2,-1,-2,1,3,-2,0,-1,0,1,4,-3,-2,-1,-2,1,3,-2,0,-1
6164,resize,7,7,7,1,1,1,-3,1,-1,0,0,-2,-5,4,-1,0,7,1,-3,1,-1,0,0,-2,-5,4,-1,0
6165,resize,5,5,5,1,1,1,-3,-2,-3,0,-2,6,-1,-2,1,2,5,1,-3,-2,-3,0,-2,6,-1,-2,1,2
6166,resize,9,9,8,1,0,0,0,-3,-1,1,-2,0,-3,-2,2,2,8,1,0,-3,-1,1,-2,0,-3,-2,2,2
6167,resize,6,6,6,1,1,1,0,-2,-4,-3,0,2,7,-4,-1,-4,6,1,0,-2,-4,-3,0,2,7,-4,-1,-4
6168,resize,9,9,9,1,1,1,-1,-2,-1,0,0,-1,-4,-1,0,3,9,1,-1,-2,-1,0,0,-1,-4,-1,0,3
6169,resize,4,4,4,1,1,1,-4,-1,-2,-3,6,-3,-3,0,-3,-2,4,1,-4,-1,-2,-3,6,-3,-3,0,-3,-2
6170,resize,7,7,7,1,1,1,-2,0,0,1,-1,-1,-4,3,-1,0,7,1,-2,0,0,1,-1,-1,-4,3,-1,0
6171,resize,7,7,7,1,1,1,-3,0,0,0,0,-1,-6,4,-1,0,7,1,-3,0,0,0,0,-1,-6,4,-1,0
6172,resize,9,9,9,1,1,1,0,-3,-1,1,-1,0,-3,-1,0,3,9,1,0,-3,-1,1,-1,0,-3,-1,0,3
6173,resize,9,9,8,1,0,0,-1,-2,0,0,0,-1,-2,-1,2,2,8,1,-1,-2,0,0,0,-1,-2,-1,2,2
6174,resize,3,3,3,1,1,1,-4,0,-1,4,-3,3,-1,0,0,-1,3,1,-4,0,-1,4,-3,3,-1,0,0,-1
6175,resize,4,4,4,1,1,1,-4,0,-2,-4,6,-3,-3,-1,-2,-3,4,1,-4,0,-2,-4,6,-3,-3,-1,-2,-3
6176,resize,4,4,4,1,1,1,-3,-1,-1,-3,5,-3,-3,0,-4,-2,4,1,-3,-1,-1,-3,5,-3,-3,0,-4,-2
6177,resize,3,3,3,1,1,1,-4,0,-1,6,-5,2,-3,0,0,-1,3,1,-4,0,-1,6,-5,2,-3,0,0,-1
6178,resize,8,8,8,1,1,1,-1,-2,0,0,-2,-1,-1,-3,5,0,8,1,-1,-2,0,0,-2,-1,-1,-3,5,0
6179,resize,6,6,6,1,1,1,1,-2,-3,-2,-1,2,5,-3,1,-2,6,1,1,-2,-3,-2,-1,2,5,-3,1,-2
6180,resize,2,2,2,1,1,1,-1,1,6,0,-4,-4,-2,0,-1,-5,2,1,-1,1,6,0,-4,-4,-2,0,-1,-5
6181,resize,0,0,0,1,1,1,3,-2,-1,0,-2,0,1,-1,0,0,0,1,3,-2,-1,0,-2,0,1,-1,0,0
6182,resize,1,1,1,1,1,1,-2,4,-1,-3,-1,-1,-2,0,-1,-1,1,1,-2,4,-1,-3,-1,-1,-2,0,-1,-1
6183,resize,2,2,2,1,1,1,-1,1,6,1,-2,-3,-1,0,-1,-5,2,1,-1,1,6,1,-2,-3,-1,0,-1,-5
6184,resize,3,3,3,1,1,1,-3,-1,-2,6,-5,2,-4,-2,1,0,3,1,-3,-1,-2,6,-5,2,-4,-2,1,0
6185,resize,4,4,4,1,1,1,-4,-1,-2,-4,5,-2,-3,-1,-1,-1,4,1,-4,-1,-2,-4,5,-2,-3,-1,-1,-1
6186,resize,5,5,5,1,1,1,-3,-2,-4,0,-2,7,0,-3,0,2,5,1,-3,-2,-4,0,-2,7,0,-3,0,2
6187,resize,6,6,6,1,1,1,0,-1,-4,-3,0,1,7,-4,-1,-3,6,1,0,-1,-4,-3,0,1,7,-4,-1,-3
6188,resize,7,7,7,1,1,1,-2,-1,-1,0,-1,-2,-5,4,-1,0,7,1,-2,-1,-1,0,-1,-2,-5,4,-1,0
6189,resize,8,8,8,1,1,1,-2,-1,-2,0,-1,0,-1,-3,5,-1,8,1,-2,-1,-2,0,-1,0,-1,-3,5,-1
6190,resize,9,9,9,1,1,1,-2,-2,-3,-1,1,-1,-5,0,-1,5,9,1,-2,-2,-3,-1,1,-1,-5,0,-1,5
6191,resize,0,0,0,1,1,1,5,-3,-1,-1,-2,0,1,-1,-1,-1,0,1,5,-3,-1,-1,-2,0,1,-1,-1,-1
6192,resize,1,1,1,1,1,1,-3,4,-1,-3,0,0,-1,0,-1,-1,1,1,-3,4,-1,-3,0,0,-1,0,-1,-1
6193,resize,2,2,2,1,1,1,-1,1,5,0,-3,-3,-1,0,-1,-4,2,1,-1,1,5,0,-3,-3,-1,0,-1,-4
6194,resize,3,3,3,1,1,1,-3,-1,-1,6,-5,2,-4,-1,0,0,3,1,-3,-1,-1,6,-5,2,-4,-1,0,0
6195,resize,4,4,4,1,1,1,-3,-1,-1,-2,4,-2,-4,0,-1,1,4,1,-3,-1,-1,-2,4,-2,-4,0,-1,1
6196,resize,5,5,5,1,1,1,-3,-2,-3,0,-1,6,-1,-2,0,2,5,1,-3,-2,-3,0,-1,6,-1,-2,0,2
6197,resize,6,6,6,1,1,1,0,-1,-2,-2,-1,1,6,-3,-1,-4,6,1,0,-1,-2,-2,-1,1,6,-3,-1,-4
6198,resize,7,7,7,1,1,1,-1,0,-1,0,-1,-1,-4,4,-1,-1,7,1,-1,0,-1,0,-1,-1,-4,4,-1,-1
6199,resize,8,8,8,1,1,1,-2,-2,-2,-1,-3,1,0,-4,7,-2,8,1,-2,-2,-2,-1,-3,1,0,-4,7,-2
6200,resize,9,9,9,1,1,1,-1,-2,-3,0,-1,-1,-4,0,-1,4,9,1,-1,-2,-3,0,-1,-1,-4,0,-1,4
6201,resize,0,0,0,1,1,1,5,-2,0,-2,-2,0,2,-2,-1,-2,0,1,5,-2,0,-2,-2,0,2,-2,-1,-2
6202,resize,1,1,1,1,1,1,-3,4,-2,-3,-1,0,-1,0,-1,-1,1,1,-3,4,-2,-3,-1,0,-1,0,-1,-1
6203,resize,2,2,2,1,1,1,-2,1,5,1,-3,-4,-2,0,0,-4,2,1,-2,1,5,1,-3,-4,-2,0,0,-4
6204,resize,3,3,3,1,1,1,-2,-2,-2,6,-5,1,-3,-2,1,0,3,1,-2,-2,-2,6,-5,1,-3,-2,1,0
6205,resize,4,4,4,1,1,1,-4,-1,-1,-3,5,-2,-4,-1,0,0,4,1,-4,-1,-1,-3,5,-2,-4,-1,0,0
6206,resize,5,5,5,1,1,1,-3,-2,-4,0,-2,7,0,-2,0,2,5,1,-3,-2,-4,0,-2,7,0,-2,0,2
6207,resize,6,6,6,1,1,1,0,-1,-4,-3,-1,2,6,-4,0,-2,6,1,0,-1,-4,-3,-1,2,6,-4,0,-2
6208,resize,7,7,7,1,1,1,-2,0,0,0,-1,-1,-5,4,-1,-1,7,1,-2,0,0,0,-1,-1,-5,4,-1,-1
6209,resize,8,8,8,1,1,1,-1,-2,-2,0,-2,0,-1,-4,6,0,8,1,-1,-2,-2,0,-2,0,-1,-4,6,0
6210,resize,9,9,9,1,1,1,-2,-3,-3,-1,1,-2,-6,1,-1,4,9,1,-2,-3,-3,-1,1,-2,-6,1,-1,4
6211,resize,0,0,0,1,1,1,6,-3,-1,-2,-3,0,2,-2,-1,-2,0,1,6,-3,-1,-2,-3,0,2,-2,-1,-2
6212,resize,8,8,8,1,1,1,-1,-2,-2,1,-3,1,-2,-3,4,-1,8,1,-1,-2,-2,1,-3,1,-2,-3,4,-1
6213,resize,3,3,3,1,1,1,-4,-1,-2,6,-5,3,-3,-1,0,-1,3,1,-4,-1,-2,6,-5,3,-3,-1,0,-1
6214,resize,9,9,9,1,1,1,-2,-1,-3,-2,1,-1,-4,-1,-1,4,9,1,-2,-1,-3,-2,1,-1,-4,-1,-1,4
6215,resize,5,5,5,1,1,1,-2,-3,-4,0,-2,7,0,-3,0,2,5,1,-2,-3,-4,0,-2,7,0,-3,0,2
6216,resize,5,5,5,1,1,1,-3,-2,-4,1,-2,7,-1,-2,0,2,5,1,-3,-2,-4,1,-2,7,-1,-2,0,2
6217,resize,2,2,2,1,1,1,-1,0,5,1,-4,-3,-1,-1,0,-4,2,1,-1,0,5,1,-4,-3,-1,-1,0,-4
6218,resize,6,6,6,1,1,1,0,-1,-3,-2,0,1,6,-2,-1,-3,6,1,0,-1,-3,-2,0,1,6,-2,-1,-3
6219,resize,8,8,8,1,1,1,-2,-2,-2,0,-2,1,0,-4,6,-2,8,1,-2,-2,-2,0,-2,1,0,-4,6,-2
6220,resize,4,4,4,1,1,1,-3,-1,-1,-2,5,-1,-3,0,-2,0,4,1,-3,-1,-1,-2,5,-1,-3,0,-2,0
6221,resize,9,9,9,1,1,1,-2,-2,-3,0,0,-1,-5,-1,0,5,9,1,-2,-2,-3,0,0,-1,-5,-1,0,5
6222,resize,1,1,1,1,1,1,-2,4,-1,-3,-1,0,-1,0,-1,-2,1,1,-2,4,-1,-3,-1,0,-1,0,-1,-2
6223,resize,7,7,7,1,1,1,-1,0,0,0,-1,-1,-4,3,-1,0,7,1,-1,0,0,0,-1,-1,-4,3,-1,0
6224,resize,1,1,1,1,1,1,-2,4,-2,-3,-1,-1,-2,0,-1,-1,1,1,-2,4,-2,-3,-1,-1,-2,0,-1,-1
6225,resize,2,2,2,1,1,1,-2,1,4,1,-2,-2,-1,0,-1,-5,2,1,-2,1,4,1,-2,-2,-1,0,-1,-5
6226,resize,3,3,3,1,1,1,-4,-1,-2,7,-5,3,-3,-1,0,-1,3,1,-4,-1,-2,7,-5,3,-3,-1,0,-1
6227,resize,5,5,5,1,1,1,-2,-1,-3,1,-2,4,-1,-1,0,1,5,1,-2,-1,-3,1,-2,4,-1,-1,0,1
6228,resize,9,9,9,1,1,1,-2,-2,-2,0,0,-2,-5,1,-1,4,9,1,-2,-2,-2,0,0,-2,-5,1,-1,4
6229,resize,6,6,6,1,1,1,0,-1,-3,-2,0,1,4,-3,-1,-2,6,1,0,-1,-3,-2,0,1,4,-3,-1,-2
6230,resize,9,9,9,1,1,1,-2,-3,-3,0,0,0,-5,-1,-1,5,9,1,-2,-3,-3,0,0,0,-5,-1,-1,5
6231,resize,1,1,1,1,1,1,-1,3,-1,-3,-1,0,-1,0,0,-1,1,1,-1,3,-1,-3,-1,0,-1,0,0,-1
6232,resize,1,1,1,1,1,1,-2,4,-1,-4,-2,-1,-2,0,0,-2,1,1,-2,4,-1,-4,-2,-1,-2,0,0,-2
6233,resize,1,1,1,1,1,1,-2,4,-2,-4,-1,0,-1,-1,-1,-1,1,1,-2,4,-2,-4,-1,0,-1,-1,-1,-1
6234,resize,2,2,2,1,1,1,-2,1,4,1,-2,-2,-1,-1,0,-4,2,1,-2,1,4,1,-2,-2,-1,-1,0,-4
6235,resize,9,9,9,1,1,1,-2,-2,-3,0,-1,-2,-5,1,-2,4,9,1,-2,-2,-3,0,-1,-2,-5,1,-2,4
6236,resize,5,5,5,1,1,1,-3,-3,-4,0,-2,7,0,-3,0,2,5,1,-3,-3,-4,0,-2,7,0,-3,0,2
6237,resize,6,6,6,1,1,1,0,-1,-3,-2,0,1,4,-2,0,-2,6,1,0,-1,-3,-2,0,1,4,-2,0,-2
6238,resize,8,8,8,1,1,1,-2,-2,-2,0,-2,1,1,-3,6,-2,8,1,-2,-2,-2,0,-2,1,1,-3,6,-2
6239,resize,1,1,1,1,1,1,-2,3,-2,-3,-1,0,-2,0,-1,-1,1,1,-2,3,-2,-3,-1,0,-2,0,-1,-1
6240,resize,2,2,2,1,1,1,-2,1,5,0,-2,-2,-2,-1,-1,-4,2,1,-2,1,5,0,-2,-2,-2,-1,-1,-4
6241,resize,0,0,0,1,1,1,6,-2,-1,-2,-3,0,1,-2,-1,-2,0,1,6,-2,-1,-2,-3,0,1,-2,-1,-2
6242,resize,7,7,7,1,1,1,-2,-1,-1,0,0,-1,-5,4,-1,0,7,1,-2,-1,-1,0,0,-1,-5,4,-1,0
6243,resize,7,7,7,1,1,1,-2,0,-2,0,0,1,-4,3,-2,1,7,1,-2,0,-2,0,0,1,-4,3,-2,1
6244,resize,5,5,5,1,1,1,-2,-2,-4,1,-2,7,-1,-1,-1,1,5,1,-2,-2,-4,1,-2,7,-1,-1,-1,1
6245,resize,8,8,8,1,1,1,-1,-2,-2,0,-3,1,-1,-4,6,-1,8,1,-1,-2,-2,0,-3,1,-1,-4,6,-1
6246,resize,2,2,2,1,1,1,-1,1,7,1,-3,-3,-2,0,-1,-5,2,1,-1,1,7,1,-3,-3,-2,0,-1,-5
6247,resize,9,9,9,1,1,1,-2,-2,-2,-1,0,-2,-5,0,-1,4,9,1,-2,-2,-2,-1,0,-2,-5,0,-1,4
6248,resize,8,8,8,1,1,1,0,-2,-2,0,-3,1,-2,-4,6,0,8,1,0,-2,-2,0,-3,1,-2,-4,6,0
6249,resize,9,9,9,1,1,1,-2,-2,-3,0,0,-1,-5,-1,0,4,9,1,-2,-2,-3,0,0,-1,-5,-1,0,4
6250,resize,0,0,0,1,1,1,4,-2,-1,-1,-2,0,2,-2,-1,-1,0,1,4,-2,-1,-1,-2,0,2,-2,-1,-1
6251,resize,4,4,4,1,1,1,-3,0,-1,-3,4,-2,-4,-1,-2,0,4,1,-3,0,-1,-3,4,-2,-4,-1,-2,0
6252,resize,6,6,6,1,1,1,0,-1,-4,-2,0,1,5,-3,-1,-2,6,1,0,-1,-4,-2,0,1,5,-3,-1,-2
6253,resize,7,7,7,1,1,1,-2,0,0,0,-1,-1,-5,4,-1,0,7,1,-2,0,0,0,-1,-1,-5,4,-1,0
6254,resize,1,1,1,1,1,1,-3,4,-2,-4,-1,-1,-2,0,-1,-2,1,1,-3,4,-2,-4,-1,-1,-2,0,-1,-2
6255,resize,3,3,3,1,1,1,-3,-1,-2,7,-5,2,-3,-2,0,-1,3,1,-3,-1,-2,7,-5,2,-3,-2,0,-1
6256,resize,4,4,4,1,1,1,-3,-1,-2,-3,5,-2,-3,-1,-2,-1,4,1,-3,-1,-2,-3,5,-2,-3,-1,-2,-1
6257,resize,5,5,5,1,1,1,-2,-2,-3,0,-3,7,0,-2,0,2,5,1,-2,-2,-3,0,-3,7,0,-2,0,2
6258,resize,6,6,6,1,1,1,-1,-1,-3,-3,0,1,6,-3,0,-3,6,1,-1,-1,-3,-3,0,1,6,-3,0,-3
6259,resize,0,0,0,1,1,1,5,-2,-1,-1,-3,0,1,-2,-1,-1,0,1,5,-2,-1,-1,-3,0,1,-2,-1,-1
6260,resize,3,3,3,1,1,1,-3,-2,-2,7,-5,2,-4,-2,1,1,3,1,-3,-2,-2,7,-5,2,-4,-2,1,1
6261,resize,6,6,6,1,1,1,0,-1,-4,-3,0,2,7,-4,-1,-4,6,1,0,-1,-4,-3,0,2,7,-4,-1,-4
6262,resize,8,8,8,1,1,1,-1,-2,-2,0,-2,1,0,-3,5,-1,8,1,-1,-2,-2,0,-2,1,0,-3,5,-1
6263,resize,7,7,7,1,1,1,-1,-1,0,0,-1,-1,-5,4,-1,0,7,1,-1,-1,0,0,-1,-1,-5,4,-1,0
6264,resize,0,0,0,1,1,1,4,-2,-1,-2,0,-2,1,-1,-2,0,0,1,4,-2,-1,-2,0,-2,1,-1,-2,0
6265,resize,4,4,4,1,1,1,-3,-1,-2,-3,4,-2,-3,-1,-1,0,4,1,-3,-1,-2,-3,4,-2,-3,-1,-1,0
6266,resize,2,2,2,1,1,1,-2,1,4,0,-2,-2,-1,-1,-1,-3,2,1,-2,1,4,0,-2,-2,-1,-1,-1,-3
6267,resize,7,7,7,1,1,1,-2,0,0,0,0,-1,-4,4,-1,0,7,1,-2,0,0,0,0,-1,-4,4,-1,0
6268,resize,4,4,4,1,1,1,-2,-1,-2,-3,4,-2,-2,-1,-1,0,4,1,-2,-1,-2,-3,4,-2,-2,-1,-1,0
6269,resize,7,7,7,1,1,1,-2,-1,-1,-1,0,-2,-5,5,-1,0,7,1,-2,-1,-1,-1,0,-2,-5,5,-1,0
6270,resize,5,5,5,1,1,1,-2,-2,-3,-1,-2,7,0,-2,0,1,5,1,-2,-2,-3,-1,-2,7,0,-2,0,1
6271,resize,4,4,4,1,1,1,-3,-1,-1,-3,5,-2,-3,-1,0,0,4,1,-3,-1,-1,-3,5,-2,-3,-1,0,0
6272,resize,3,3,3,1,1,1,-4,-1,-1,6,-4,1,-3,-1,1,-1,3,1,-4,-1,-1,6,-4,1,-3,-1,1,-1
6273,resize,4,4,4,1,1,1,-1,-2,-3,-2,4,-2,-2,-1,-1,1,4,1,-1,-2,-3,-2,4,-2,-2,-1,-1,1
6274,resize,2,2,2,1,1,1,-2,1,6,1,-3,-4,-2,0,-2,-5,2,1,-2,1,6,1,-3,-4,-2,0,-2,-5
6275,resize,8,8,8,1,1,1,0,-2,-1,-1,-2,-1,-2,-3,6,0,8,1,0,-2,-1,-1,-2,-1,-2,-3,6,0
6276,resize,1,1,1,1,1,1,-2,4,-2,-3,-1,0,0,-1,0,-2,1,1,-2,4,-2,-3,-1,0,0,-1,0,-2
6277,resize,5,5,5,1,1,1,-3,-2,-3,1,-2,7,-1,-2,0,2,5,1,-3,-2,-3,1,-2,7,-1,-2,0,2
6278,resize,1,1,1,1,1,1,-1,4,-1,-3,-1,-1,-1,-1,0,-1,1,1,-1,4,-1,-3,-1,-1,-1,-1,0,-1
6279,resize,2,2,2,1,1,1,-2,2,5,0,-2,-2,-2,0,-3,-5,2,1,-2,2,5,0,-2,-2,-2,0,-3,-5
6280,resize,0,0,0,1,1,1,6,-3,-1,-2,-2,-2,1,-1,-2,-1,0,1,6,-3,-1,-2,-2,-2,1,-1,-2,-1
6281,resize,2,2,2,1,1,1,-2,1,7,1,-3,-3,-2,-1,-1,-5,2,1,-2,1,7,1,-3,-3,-2,-1,-1,-5
6282,resize,5,5,5,1,1,1,-3,-1,-3,-1,-2,7,0,-2,0,1,5,1,-3,-1,-3,-1,-2,7,0,-2,0,1
6283,resize,6,6,6,1,1,1,0,-1,-3,-3,0,2,6,-4,-2,-3,6,1,0,-1,-3,-3,0,2,6,-4,-2,-3
6284,resize,4,4,4,1,1,1,-3,-1,-1,-3,4,-2,-3,0,-2,0,4,1,-3,-1,-1,-3,4,-2,-3,0,-2,0
6285,resize,3,3,3,1,1,1,-4,-1,-2,7,-6,3,-4,-2,0,-1,3,1,-4,-1,-2,7,-6,3,-4,-2,0,-1
6286,resize,0,0,0,1,1,1,5,-3,-1,-1,-1,-1,1,-1,-1,0,0,1,5,-3,-1,-1,-1,-1,1,-1,-1,0
6287,resize,0,0,0,1,1,1,5,-2,-1,-1,-2,0,0,-1,-1,0,0,1,5,-2,-1,-1,-2,0,0,-1,-1,0
6288,resize,0,0,0,1,1,1,5,-2,-1,-2,-2,-1,2,-2,-1,-1,0,1,5,-2,-1,-2,-2,-1,2,-2,-1,-1
6289,resize,3,3,3,1,1,1,-4,-1,-2,7,-5,2,-3,-2,0,0,3,1,-4,-1,-2,7,-5,2,-3,-2,0,0
6290,resize,3,3,3,1,1,1,-4,-1,-1,7,-5,2,-3,-1,0,-2,3,1,-4,-1,-1,7,-5,2,-3,-1,0,-2
6291,resize,5,5,5,1,1,1,-2,-2,-4,0,-2,7,0,-3,0,1,5,1,-2,-2,-4,0,-2,7,0,-3,0,1
6292,resize,7,7,7,1,1,1,-2,-1,0,0,-1,-1,-6,4,-1,0,7,1,-2,-1,0,0,-1,-1,-6,4,-1,0
6293,resize,0,0,0,1,1,1,5,-2,-1,-2,-2,-1,1,-2,-2,-1,0,1,5,-2,-1,-2,-2,-1,1,-2,-2,-1
6294,resize,6,6,6,1,1,1,-1,0,-1,-3,0,1,5,-3,0,-3,6,1,-1,0,-1,-3,0,1,5,-3,0,-3
6295,resize,4,4,4,1,1,1,-3,-1,-3,-3,5,-2,-3,-1,-1,-1,4,1,-3,-1,-3,-3,5,-2,-3,-1,-1,-1
6296,resize,8,8,8,1,1,1,-1,-2,-2,-1,-2,1,0,-4,6,-1,8,1,-1,-2,-2,-1,-2,1,0,-4,6,-1
6297,resize,8,8,8,1,1,1,-2,-2,-2,-1,-1,0,0,-3,5,-1,8,1,-2,-2,-2,-1,-1,0,0,-3,5,-1
6298,resize,6,6,6,1,1,1,-1,-1,-2,-2,-1,2,5,-4,0,-4,6,1,-1,-1,-2,-2,-1,2,5,-4,0,-4
6299,resize,3,3,3,1,1,1,-3,-1,-1,6,-5,2,-3,-2,0,0,3,1,-3,-1,-1,6,-5,2,-3,-2,0,0
6300,resize,4,4,4,1,1,1,-2,-1,-1,-3,4,-2,-4,-1,-1,0,4,1,-2,-1,-1,-3,4,-2,-4,-1,-1,0
6301,resize,6,6,6,1,1,1,0,-1,-4,-3,0,1,7,-4,-1,-3,6,1,0,-1,-4,-3,0,1,7,-4,-1,-3
6302,resize,9,9,9,1,1,1,-3,-3,-3,-1,1,-2,-6,-1,-1,6,9,1,-3,-3,-3,-1,1,-2,-6,-1,-1,6
6303,resize,9,9,9,1,1,1,-2,-2,-2,-1,1,-2,-4,0,0,3,9,1,-2,-2,-2,-1,1,-2,-4,0,0,3
6304,resize,8,8,8,1,1,1,-1,-1,-2,0,-3,1,0,-3,5,-1,8,1,-1,-1,-2,0,-3,1,0,-3,5,-1
6305,resize,2,2,2,1,1,1,-1,0,6,1,-3,-3,-2,-1,0,-4,2,1,-1,0,6,1,-3,-3,-2,-1,0,-4
6306,resize,7,7,7,1,1,1,-2,-1,0,1,0,-1,-4,3,-1,0,7,1,-2,-1,0,1,0,-1,-4,3,-1,0
6307,resize,7,7,7,1,1,1,-4,0,0,0,-1,-2,-5,4,-1,-1,7,1,-4,0,0,0,-1,-2,-5,4,-1,-1
6308,resize,1,1,1,1,1,1,-2,4,-2,-2,-1,-1,-3,0,-1,0,1,1,-2,4,-2,-2,-1,-1,-3,0,-1,0
6309,resize,0,0,0,1,1,1,5,-2,-1,-2,-2,0,1,-1,-1,-1,0,1,5,-2,-1,-2,-2,0,1,-1,-1,-1
6310,resize,1,1,1,1,1,1,-2,4,-1,-3,-1,-1,-2,0,-1,-1,1,1,-2,4,-1,-3,-1,-1,-2,0,-1,-1
6311,resize,2,2,2,1,1,1,0,0,6,0,-3,-4,-2,0,-1,-4,2,1,0,0,6,0,-3,-4,-2,0,-1,-4
6312,resize,3,3,3,1,1,1,-3,0,0,6,-5,1,-3,-1,0,-2,3,1,-3,0,0,6,-5,1,-3,-1,0,-2
6313,resize,4,4,4,1,1,1,-5,-1,-2,-4,6,-3,-3,0,-3,-3,4,1,-5,-1,-2,-4,6,-3,-3,0,-3,-3
6314,resize,5,5,5,1,1,1,-3,-1,-3,1,-3,7,0,-2,0,0,5,1,-3,-1,-3,1,-3,7,0,-2,0,0
6315,resize,6,6,6,1,1,1,0,-2,-4,-3,0,2,7,-4,-1,-4,6,1,0,-2,-4,-3,0,2,7,-4,-1,-4
6316,resize,7,7,7,1,1,1,-2,0,1,0,-1,-1,-5,4,-1,0,7,1,-2,0,1,0,-1,-1,-5,4,-1,0
6317,resize,8,8,8,1,1,1,-1,-2,0,1,-3,-1,-1,-3,5,0,8,1,-1,-2,0,1,-3,-1,-1,-3,5,0
6318,resize,9,9,9,1,1,1,-2,-2,-3,0,-1,-2,-5,0,-1,4,9,1,-2,-2,-3,0,-1,-2,-5,0,-1,4
6319,resize,0,0,0,1,1,1,6,-2,0,-2,-3,-1,1,-2,-2,-1,0,1,6,-2,0,-2,-3,-1,1,-2,-2,-1
6320,resize,1,1,1,1,1,1,-2,3,0,-3,-1,-1,-2,1,-1,-2,1,1,-2,3,0,-3,-1,-1,-2,1,-1,-2
6321,resize,2,2,2,1,1,1,0,1,7,0,-3,-4,-2,0,-2,-5,2,1,0,1,7,0,-3,-4,-2,0,-2,-5
6322,resize,3,3,3,1,1,1,-4,0,0,5,-3,1,-2,0,0,-2,3,1,-4,0,0,5,-3,1,-2,0,0,-2
6323,resize,4,4,4,1,1,1,-3,-2,-1,-3,5,-2,-4,-1,-2,0,4,1,-3,-2,-1,-3,5,-2,-4,-1,-2,0
6324,resize,5,5,5,1,1,1,-4,0,-3,-1,-2,6,1,-1,1,-1,5,1,-4,0,-3,-1,-2,6,1,-1,1,-1
6325,resize,6,6,6,1,1,1,-1,-1,-4,-3,0,1,7,-3,0,-3,6,1,-1,-1,-4,-3,0,1,7,-3,0,-3
6326,resize,7,7,7,1,1,1,-3,0,0,0,-1,-1,-7,5,-2,0,7,1,-3,0,0,0,-1,-1,-7,5,-2,0
6327,resize,8,8,8,1,1,1,-1,-2,0,0,-3,-1,-2,-3,6,0,8,1,-1,-2,0,0,-3,-1,-2,-3,6,0
6328,resize,0,0,0,1,1,1,6,-3,-1,-2,-2,-1,1,-1,-2,-1,0,1,6,-3,-1,-2,-2,-1,1,-1,-2,-1
6329,resize,1,1,1,1,1,1,-3,5,-2,-4,-1,0,-1,-1,-1,-2,1,1,-3,5,-2,-4,-1,0,-1,-1,-1,-2
6330,resize,2,2,2,1,1,1,0,0,5,0,-3,-2,-2,-1,-1,-4,2,1,0,0,5,0,-3,-2,-2,-1,-1,-4
6331,resize,3,3,3,1,1,1,-3,-1,-3,6,-4,3,-3,-1,-1,-1,3,1,-3,-1,-3,6,-4,3,-3,-1,-1,-1
6332,resize,4,4,4,1,1,1,-3,-1,-1,-3,5,-3,-4,0,-1,0,4,1,-3,-1,-1,-3,5,-3,-4,0,-1,0
6333,resize,5,5,5,1,1,1,-4,-1,-3,1,-2,7,-1,-2,0,1,5,1,-4,-1,-3,1,-2,7,-1,-2,0,1
6334,resize,6,6,6,1,1,1,1,-2,-4,-2,-1,1,6,-3,-1,-2,6,1,1,-2,-4,-2,-1,1,6,-3,-1,-2
6335,resize,7,7,7,1,1,1,-2,0,0,0,-1,-1,-6,5,-2,0,7,1,-2,0,0,0,-1,-1,-6,5,-2,0
6336,resize,8,8,8,1,1,1,1,-2,0,1,-4,-1,-1,-3,5,0,8,1,1,-2,0,1,-4,-1,-1,-3,5,0
6337,resize,2,2,2,1,1,1,0,1,4,0,-2,-2,-2,0,-2,-4,2,1,0,1,4,0,-2,-2,-2,0,-2,-4
6338,resize,1,1,1,1,1,1,-3,4,-1,-2,0,0,-2,1,-2,-1,1,1,-3,4,-1,-2,0,0,-2,1,-2,-1
6339,resize,7,7,7,1,1,1,-3,0,0,0,0,-2,-5,4,-1,-1,7,1,-3,0,0,0,0,-2,-5,4,-1,-1
6340,resize,2,2,2,1,1,1,-1,0,6,0,-3,-3,-2,-1,-1,-4,2,1,-1,0,6,0,-3,-3,-2,-1,-1,-4
6341,resize,5,5,5,1,1,1,-3,-1,-3,-1,-3,7,0,-2,1,0,5,1,-3,-1,-3,-1,-3,7,0,-2,1,0
6342,resize,0,0,0,1,1,1,6,-3,0,-2,-3,-1,1,-2,-1,-1,0,1,6,-3,0,-2,-3,-1,1,-2,-1,-1
6343,resize,8,8,8,1,1,1,-1,-2,-1,0,-2,-1,-2,-3,5,1,8,1,-1,-2,-1,0,-2,-1,-2,-3,5,1
6344,resize,0,0,0,1,1,1,5,-4,-3,-1,-2,0,1,-1,-1,0,0,1,5,-4,-3,-1,-2,0,1,-1,-1,0
6345,resize,2,2,2,1,1,1,1,1,6,0,-3,-4,-2,1,-2,-4,2,1,1,1,6,0,-3,-4,-2,1,-2,-4
6346,resize,7,7,7,1,1,1,-2,0,0,0,-1,-1,-5,4,-1,0,7,1,-2,0,0,0,-1,-1,-5,4,-1,0
6347,resize,8,8,8,1,1,1,-2,-1,-1,0,-1,1,0,-3,5,-1,8,1,-2,-1,-1,0,-1,1,0,-3,5,-1
6348,resize,8,8,8,1,1,1,-1,-1,-1,-2,-1,-1,-1,-3,5,0,8,1,-1,-1,-1,-2,-1,-1,-1,-3,5,0
6349,resize,3,3,3,1,1,1,-4,0,-1,6,-4,1,-3,-1,0,-1,3,1,-4,0,-1,6,-4,1,-3,-1,0,-1
6350,resize,6,6,6,1,1,1,-1,-1,-4,-3,-1,1,6,-4,0,-3,6,1,-1,-1,-4,-3,-1,1,6,-4,0,-3
6351,resize,0,0,0,1,1,1,5,-3,-1,-2,-1,-2,1,-2,-1,0,0,1,5,-3,-1,-2,-1,-2,1,-2,-1,0
6352,resize,2,2,2,1,1,1,0,0,5,0,-2,-3,-1,0,-2,-4,2,1,0,0,5,0,-2,-3,-1,0,-2,-4
6353,resize,7,7,7,1,1,1,-3,0,-1,0,0,-1,-5,5,-2,-1,7,1,-3,0,-1,0,0,-1,-5,5,-2,-1
6354,resize,6,6,6,1,1,1,-1,-2,-4,-3,-1,2,7,-4,0,-4,6,1,-1,-2,-4,-3,-1,2,7,-4,0,-4
6355,resize,6,6,6,1,1,1,-1,-1,-3,-3,-1,2,7,-4,0,-4,6,1,-1,-1,-3,-3,-1,2,7,-4,0,-4
6356,resize,1,1,1,1,1,1,-2,3,0,-3,-1,-1,-2,0,-1,-2,1,1,-2,3,0,-3,-1,-1,-2,0,-1,-2
6357,resize,2,2,2,1,1,1,0,0,5,0,-3,-3,-2,0,-1,-3,2,1,0,0,5,0,-3,-3,-2,0,-1,-3
6358,resize,8,8,8,1,1,1,-2,-2,-1,1,-2,0,-1,-3,5,-1,8,1,-2,-2,-1,1,-2,0,-1,-3,5,-1
6359,resize,8,8,8,1,1,1,-1,-2,-1,2,-4,0,-1,-3,5,-1,8,1,-1,-2,-1,2,-4,0,-1,-3,5,-1
6360,resize,7,7,7,1,1,1,-3,-1,-2,-1,0,-2,-7,6,-2,0,7,1,-3,-1,-2,-1,0,-2,-7,6,-2,0
6361,resize,7,7,7,1,1,1,-2,0,1,0,-1,-1,-5,4,-1,-1,7,1,-2,0,1,0,-1,-1,-5,4,-1,-1
6362,resize,4,4,4,1,1,1,-2,-1,-1,-3,5,-2,-3,0,-3,-1,4,1,-2,-1,-1,-3,5,-2,-3,0,-3,-1
6363,resize,7,7,7,1,1,1,-2,0,-1,0,-1,-1,-6,6,-2,-1,7,1,-2,0,-1,0,-1,-1,-6,6,-2,-1
6364,resize,7,7,7,1,1,1,-3,0,0,0,0,-2,-6,5,-2,-1,7,1,-3,0,0,0,0,-2,-6,5,-2,-1
6365,resize,3,3,3,1,1,1,-5,0,-1,6,-5,1,-4,-1,0,-1,3,1,-5,0,-1,6,-5,1,-4,-1,0,-1
6366,resize,7,7,7,1,1,1,-2,0,0,0,-1,-1,-5,4,-1,0,7,1,-2,0,0,0,-1,-1,-5,4,-1,0
6367,resize,4,4,4,1,1,1,-2,-1,-1,-3,4,-2,-2,0,-2,-1,4,1,-2,-1,-1,-3,4,-2,-2,0,-2,-1
6368,resize,5,5,5,1,1,1,-2,-1,-3,0,-2,6,0,-2,0,1,5,1,-2,-1,-3,0,-2,6,0,-2,0,1
6369,resize,4,4,4,1,1,1,-3,0,-1,-3,4,-3,-3,0,-3,-1,4,1,-3,0,-1,-3,4,-3,-3,0,-3,-1
6370,resize,3,3,3,1,1,1,-3,0,-1,4,-3,1,-3,0,0,-1,3,1,-3,0,-1,4,-3,1,-3,0,0,-1
6371,resize,3,3,3,1,1,1,-3,-1,0,6,-5,0,-3,-1,1,-1,3,1,-3,-1,0,6,-5,0,-3,-1,1,-1
6372,resize,8,8,8,1,1,1,-2,-1,-1,1,-2,0,0,-3,4,0,8,1,-2,-1,-1,1,-2,0,0,-3,4,0
6373,resize,4,4,4,1,1,1,-3,-1,-1,-3,5,-2,-2,-1,-3,-2,4,1,-3,-1,-1,-3,5,-2,-2,-1,-3,-2
6374,resize,1,1,1,1,1,1,-2,3,-2,-3,0,-1,-2,0,-1,0,1,1,-2,3,-2,-3,0,-1,-2,0,-1,0
6375,resize,1,1,1,1,1,1,-2,3,0,-2,-1,-2,-2,1,-1,-1,1,1,-2,3,0,-2,-1,-2,-2,1,-1,-1
6376,resize,9,9,9,1,1,1,-2,-2,-3,-1,1,-1,-5,-1,-2,5,9,1,-2,-2,-3,-1,1,-1,-5,-1,-2,5
6377,resize,7,7,7,1,1,1,-1,0,0,-1,-1,-1,-3,3,-1,0,7,1,-1,0,0,-1,-1,-1,-3,3,-1,0
6378,resize,4,4,4,1,1,1,-5,-1,-2,-4,6,-3,-4,-1,-3,-3,4,1,-5,-1,-2,-4,6,-3,-4,-1,-3,-3
6379,resize,3,3,3,1,1,1,-3,0,0,5,-3,0,-2,0,1,-2,3,1,-3,0,0,5,-3,0,-2,0,1,-2
6380,resize,7,7,7,1,1,1,-1,-1,0,0,-1,-1,-5,4,-1,1,7,1,-1,-1,0,0,-1,-1,-5,4,-1,1
6381,resize,3,3,3,1,1,1,-4,0,0,5,-3,1,-2,0,0,-2,3,1,-4,0,0,5,-3,1,-2,0,0,-2
6382,resize,3,3,3,1,1,1,-4,-1,-1,6,-4,1,-4,-1,0,-1,3,1,-4,-1,-1,6,-4,1,-4,-1,0,-1
6383,resize,0,0,0,1,1,1,6,-2,-1,-2,-3,0,0,-1,-1,-2,0,1,6,-2,-1,-2,-3,0,0,-1,-1,-2
6384,resize,2,2,2,1,1,1,1,0,5,0,-3,-3,-1,0,-1,-3,2,1,1,0,5,0,-3,-3,-1,0,-1,-3
6385,resize,5,5,5,1,1,1,-3,-1,-3,1,-3,6,-1,-1,0,1,5,1,-3,-1,-3,1,-3,6,-1,-1,0,1
6386,resize,5,5,5,1,1,1,-3,-1,-2,0,-2,6,0,-1,0,0,5,1,-3,-1,-2,0,-2,6,0,-1,0,0
6387,resize,6,6,6,1,1,1,-1,-1,-3,-2,0,1,6,-3,0,-3,6,1,-1,-1,-3,-2,0,1,6,-3,0,-3
6388,resize,6,6,6,1,1,1,0,-1,-3,-2,-1,2,6,-3,0,-3,6,1,0,-1,-3,-2,-1,2,6,-3,0,-3
6389,resize,3,3,3,1,1,1,-6,0,0,5,-3,1,-3,1,0,-3,3,1,-6,0,0,5,-3,1,-3,1,0,-3
6390,resize,5,5,5,1,1,1,-3,-1,-2,-1,-2,5,0,-2,1,0,5,1,-3,-1,-2,-1,-2,5,0,-2,1,0
6391,resize,2,2,2,1,1,1,1,0,3,0,-2,-1,-2,0,0,-2,2,1,1,0,3,0,-2,-1,-2,0,0,-2
6392,resize,5,5,5,1,1,1,-1,-1,-1,-1,-2,4,1,-2,1,-1,5,1,-1,-1,-1,-1,-2,4,1,-2,1,-1
6393,resize,9,9,9,1,1,1,-1,-2,-2,0,0,-1,-4,-1,-1,3,9,1,-1,-2,-2,0,0,-1,-4,-1,-1,3
6394,resize,9,9,9,1,1,1,-2,-3,-3,0,-1,-1,-5,0,-1,5,9,1,-2,-3,-3,0,-1,-1,-5,0,-1,5
6395,resize,8,8,8,1,1,1,-1,-2,-1,0,-2,-1,-1,-2,4,0,8,1,-1,-2,-1,0,-2,-1,-1,-2,4,0
6396,resize,4,4,4,1,1,1,-4,-1,-2,-3,5,-3,-3,0,-2,-1,4,1,-4,-1,-2,-3,5,-3,-3,0,-2,-1
6397,resize,1,1,1,1,1,1,-3,4,-1,-2,0,0,-2,1,-2,-1,1,1,-3,4,-1,-2,0,0,-2,1,-2,-1
6398,resize,0,0,0,1,1,1,4,-2,0,-1,-2,1,1,-1,0,-2,0,1,4,-2,0,-1,-2,1,1,-1,0,-2
6399,resize,6,6,6,1,1,1,0,-1,-3,-2,0,1,5,-3,0,-3,6,1,0,-1,-3,-2,0,1,5,-3,0,-3
6400,resize,0,0,0,1,1,1,3,-2,-2,-2,0,-2,1,-1,-2,0,0,1,3,-2,-2,-2,0,-2,1,-1,-2,0
6401,resize,9,9,9,1,1,1,-2,-1,-3,-1,0,-1,-4,-1,-1,4,9,1,-2,-1,-3,-1,0,-1,-4,-1,-1,4
6402,resize,6,6,6,1,1,1,0,-1,-3,-2,0,1,5,-3,0,-2,6,1,0,-1,-3,-2,0,1,5,-3,0,-2
6403,resize,8,8,8,1,1,1,-1,-1,0,-1,-3,0,1,-3,5,-1,8,1,-1,-1,0,-1,-3,0,1,-3,5,-1
6404,resize,8,8,8,1,1,1,-1,-2,0,0,-2,0,-2,-3,4,1,8,1,-1,-2,0,0,-2,0,-2,-3,4,1
6405,resize,5,5,5,1,1,1,-3,-1,-2,0,-3,6,0,-3,1,1,5,1,-3,-1,-2,0,-3,6,0,-3,1,1
6406,resize,6,6,6,1,1,1,0,-2,-2,-2,-1,2,7,-4,0,-5,6,1,0,-2,-2,-2,-1,2,7,-4,0,-5
6407,resize,1,1,1,1,1,1,-3,4,-1,-3,0,-1,-2,1,-2,-1,1,1,-3,4,-1,-3,0,-1,-2,1,-2,-1
6408,resize,1,1,1,1,1,1,-3,3,-1,-2,0,0,-2,1,-2,-1,1,1,-3,3,-1,-2,0,0,-2,1,-2,-1
6409,resize,9,9,9,1,1,1,-2,-2,-2,-1,0,-1,-4,0,0,5,9,1,-2,-2,-2,-1,0,-1,-4,0,0,5
6410,resize,8,8,8,1,1,1,-2,-1,-1,0,-2,-1,-1,-3,5,0,8,1,-2,-1,-1,0,-2,-1,-1,-3,5,0
6411,resize,9,9,9,1,1,1,-1,-1,-2,-1,0,-1,-3,0,-1,3,9,1,-1,-1,-2,-1,0,-1,-3,0,-1,3
6412,resize,2,2,2,1,1,1,1,0,6,-1,-3,-4,-1,0,-1,-4,2,1,1,0,6,-1,-3,-4,-1,0,-1,-4
6413,resize,3,3,3,1,1,1,-3,-1,-1,7,-6,2,-4,-2,1,0,3,1,-3,-1,-1,7,-6,2,-4,-2,1,0
6414,resize,5,5,5,1,1,1,-3,-1,-3,0,-3,6,0,-1,1,0,5,1,-3,-1,-3,0,-3,6,0,-1,1,0
6415,resize,5,5,5,1,1,1,-2,-1,-3,1,-3,7,0,-2,0,1,5,1,-2,-1,-3,1,-3,7,0,-2,0,1
6416,resize,9,9,9,1,1,1,0,-3,-2,1,-2,0,-3,1,-1,3,9,1,0,-3,-2,1,-2,0,-3,1,-1,3
6417,resize,4,4,4,1,1,1,-3,-1,-2,-2,4,-2,-2,0,-1,-1,4,1,-3,-1,-2,-2,4,-2,-2,0,-1,-1
6418,resize,2,2,2,1,1,1,-1,1,3,0,-2,-1,-3,0,-2,-3,2,1,-1,1,3,0,-2,-1,-3,0,-2,-3
6419,resize,1,1,1,1,1,1,-3,4,0,-2,-1,-1,-2,1,-1,-1,1,1,-3,4,0,-2,-1,-1,-2,1,-1,-1
6420,resize,9,9,9,1,1,1,-2,-2,-3,-1,1,0,-4,-1,-2,4,9,1,-2,-2,-3,-1,1,0,-4,-1,-2,4
6421,resize,3,3,3,1,1,1,-3,0,0,4,-3,0,-2,0,0,-2,3,1,-3,0,0,4,-3,0,-2,0,0,-2
6422,resize,9,9,9,1,1,1,-2,-2,-3,0,0,-1,-4,0,-1,4,9,1,-2,-2,-3,0,0,-1,-4,0,-1,4
6423,resize,2,2,2,1,1,1,0,1,6,0,-2,-2,-2,0,-1,-4,2,1,0,1,6,0,-2,-2,-2,0,-1,-4
6424,resize,0,0,0,1,1,1,4,-3,-1,-2,-1,-3,1,-1,-1,0,0,1,4,-3,-1,-2,-1,-3,1,-1,-1,0
6425,resize,6,6,6,1,1,1,-1,-1,-3,-2,-1,1,5,-3,1,-2,6,1,-1,-1,-3,-2,-1,1,5,-3,1,-2
6426,resize,0,0,0,1,1,1,3,-2,-2,-1,-1,-1,1,-1,-1,0,0,1,3,-2,-2,-1,-1,-1,1,-1,-1,0
6427,resize,4,4,4,1,1,1,-5,-1,-2,-3,6,-2,-3,-1,-2,-2,4,1,-5,-1,-2,-3,6,-2,-3,-1,-2,-2
6428,resize,0,0,0,1,1,1,4,-2,-1,-2,-1,-2,1,0,-1,0,0,1,4,-2,-1,-2,-1,-2,1,0,-1,0
6429,resize,0,0,0,1,1,1,5,-2,0,-1,-3,-1,1,-1,-1,-1,0,1,5,-2,0,-1,-3,-1,1,-1,-1,-1
6430,resize,1,1,1,1,1,1,-1,4,-1,-3,-2,-1,-1,-1,1,-3,1,1,-1,4,-1,-3,-2,-1,-1,-1,1,-3
6431,resize,2,2,2,1,1,1,-1,1,6,0,-2,-3,-2,-1,-1,-3,2,1,-1,1,6,0,-2,-3,-2,-1,-1,-3
6432,resize,3,3,3,1,1,1,-3,-1,-1,5,-5,1,-4,-2,1,1,3,1,-3,-1,-1,5,-5,1,-4,-2,1,1
6433,resize,4,4,4,1,1,1,-3,0,-1,-3,5,-3,-3,0,-4,-2,4,1,-3,0,-1,-3,5,-3,-3,0,-4,-2
6434,resize,7,7,7,1,1,1,-2,0,-1,0,-1,0,-4,3,-1,-1,7,1,-2,0,-1,0,-1,0,-4,3,-1,-1
6435,resize,8,8,8,1,1,1,-1,-2,0,-1,-2,0,-1,-3,5,0,8,1,-1,-2,0,-1,-2,0,-1,-3,5,0
6436,resize,9,9,9,1,1,1,-2,-3,-2,0,0,-1,-5,0,-1,4,9,1,-2,-3,-2,0,0,-1,-5,0,-1,4
6437,resize,0,0,0,1,1,1,5,-2,-1,-1,-3,0,0,-1,-1,-1,0,1,5,-2,-1,-1,-3,0,0,-1,-1,-1
6438,resize,1,1,1,1,1,1,-3,4,-1,-3,-1,-1,-1,-1,-1,-3,1,1,-3,4,-1,-3,-1,-1,-1,-1,-1,-3
6439,resize,2,2,2,1,1,1,-2,1,6,0,-2,-4,-2,-1,-1,-5,2,1,-2,1,6,0,-2,-4,-2,-1,-1,-5
6440,resize,3,3,3,1,1,1,-4,-2,-2,7,-5,3,-4,-2,0,0,3,1,-4,-2,-2,7,-5,3,-4,-2,0,0
6441,resize,7,7,7,1,1,1,-2,0,-2,0,0,-1,-5,4,-2,0,7,1,-2,0,-2,0,0,-1,-5,4,-2,0
6442,resize,8,8,8,1,1,1,-1,-2,-1,0,-2,-1,-2,-3,5,1,8,1,-1,-2,-1,0,-2,-1,-2,-3,5,1
6443,resize,9,9,9,1,1,1,-2,-2,-3,-1,1,-3,-4,0,0,4,9,1,-2,-2,-3,-1,1,-3,-4,0,0,4
6444,resize,0,0,0,1,1,1,5,-3,-1,-2,-2,-2,1,-2,-2,0,0,1,5,-3,-1,-2,-2,-2,1,-2,-2,0
6445,resize,1,1,1,1,1,1,-2,5,-1,-3,-2,-1,-1,-1,0,-3,1,1,-2,5,-1,-3,-2,-1,-1,-1,0,-3
6446,resize,2,2,2,1,1,1,-2,1,5,-1,-1,-2,-2,-1,0,-3,2,1,-2,1,5,-1,-1,-2,-2,-1,0,-3
6447,resize,3,3,3,1,1,1,-4,-1,-2,7,-5,3,-3,-1,0,-1,3,1,-4,-1,-2,7,-5,3,-3,-1,0,-1
6448,resize,4,4,4,1,1,1,-2,-1,-2,-3,5,-2,-2,-1,-3,-2,4,1,-2,-1,-2,-3,5,-2,-2,-1,-3,-2
6449,resize,7,7,7,1,1,1,-2,0,-1,0,0,-1,-4,3,-1,0,7,1,-2,0,-1,0,0,-1,-4,3,-1,0
6450,resize,8,8,8,1,1,1,-2,-1,0,0,-3,-1,-2,-4,6,0,8,1,-2,-1,0,0,-3,-1,-2,-4,6,0
6451,resize,9,9,9,1,1,1,-2,-3,-2,0,0,-1,-4,0,0,4,9,1,-2,-3,-2,0,0,-1,-4,0,0,4
6452,resize,7,7,7,1,1,1,-2,-1,-2,0,1,-1,-5,3,-2,0,7,1,-2,-1,-2,0,1,-1,-5,3,-2,0
6453,resize,3,3,3,1,1,1,-3,-1,-2,6,-5,3,-3,-2,0,0,3,1,-3,-1,-2,6,-5,3,-3,-2,0,0
6454,resize,0,0,0,1,1,1,4,-2,0,-2,-2,-1,0,-1,0,-1,0,1,4,-2,0,-2,-2,-1,0,-1,0,-1
6455,resize,3,3,3,1,1,1,-4,-1,-2,6,-4,2,-3,-1,-1,-1,3,1,-4,-1,-2,6,-4,2,-3,-1,-1,-1
6456,resize,1,1,1,1,1,1,-1,4,-1,-3,-2,-1,-1,0,0,-2,1,1,-1,4,-1,-3,-2,-1,-1,0,0,-2
6457,resize,8,8,8,1,1,1,-2,-2,-1,0,-1,-1,-2,-3,4,1,8,1,-2,-2,-1,0,-1,-1,-2,-3,4,1
6458,resize,7,7,7,1,1,1,-2,1,-1,-1,0,-1,-4,3,-2,-1,7,1,-2,1,-1,-1,0,-1,-4,3,-2,-1
6459,resize,6,6,6,1,1,1,0,-2,-2,-3,-1,2,6,-4,0,-3,6,1,0,-2,-2,-3,-1,2,6,-4,0,-3
6460,resize,4,4,4,1,1,1,-3,0,-1,-2,4,-1,-1,-1,-1,-2,4,1,-3,0,-1,-2,4,-1,-1,-1,-1,-2
6461,resize,0,0,0,1,1,1,6,-3,-1,-2,-3,-1,1,-2,-1,-1,0,1,6,-3,-1,-2,-3,-1,1,-2,-1,-1
6462,resize,2,2,2,1,1,1,-2,1,6,0,-2,-3,-2,-1,-1,-5,2,1,-2,1,6,0,-2,-3,-2,-1,-1,-5
6463,resize,6,6,6,1,1,1,0,-2,-2,-3,-2,2,6,-5,0,-4,6,1,0,-2,-2,-3,-2,2,6,-5,0,-4
6464,resize,8,8,8,1,1,1,-1,-2,-2,0,-1,-1,-2,-3,5,2,8,1,-1,-2,-2,0,-1,-1,-2,-3,5,2
6465,resize,3,3,3,1,1,1,-3,-1,-2,6,-5,3,-3,-1,0,-1,3,1,-3,-1,-2,6,-5,3,-3,-1,0,-1
6466,resize,2,2,2,1,1,1,-1,1,7,-1,-3,-4,-3,0,-1,-5,2,1,-1,1,7,-1,-3,-4,-3,0,-1,-5
6467,resize,8,8,8,1,1,1,-1,-2,-1,1,-3,0,-2,-3,5,0,8,1,-1,-2,-1,1,-3,0,-2,-3,5,0
6468,resize,1,1,1,1,1,1,-2,4,-1,-3,-1,-1,-2,0,-1,-2,1,1,-2,4,-1,-3,-1,-1,-2,0,-1,-2
6469,resize,2,2,2,1,1,1,-2,1,6,0,-2,-3,-2,-1,-1,-5,2,1,-2,1,6,0,-2,-3,-2,-1,-1,-5
6470,resize,0,0,0,1,1,1,4,-2,0,-2,-2,-1,1,-1,-1,-1,0,1,4,-2,0,-2,-2,-1,1,-1,-1,-1
6471,resize,7,7,7,1,1,1,-2,1,-1,-1,0,-1,-4,3,-2,-1,7,1,-2,1,-1,-1,0,-1,-4,3,-2,-1
6472,resize,1,1,1,1,1,1,-2,4,-1,-3,-1,-1,-1,-1,0,-3,1,1,-2,4,-1,-3,-1,-1,-1,-1,0,-3
6473,resize,0,0,0,1,1,1,4,-3,-1,-2,-3,0,0,-1,0,-1,0,1,4,-3,-1,-2,-3,0,0,-1,0,-1
6474,resize,4,4,4,1,1,1,-3,0,-1,-3,5,-2,-1,0,-3,-2,4,1,-3,0,-1,-3,5,-2,-1,0,-3,-2
6475,resize,4,4,4,1,1,1,-3,-1,-1,-3,5,-3,-3,1,-3,-1,4,1,-3,-1,-1,-3,5,-3,-3,1,-3,-1
6476,resize,5,5,5,1,1,1,-2,-2,-2,-1,-1,5,1,-2,1,2,5,1,-2,-2,-2,-1,-1,5,1,-2,1,2
6477,resize,8,8,8,1,1,1,-2,-1,-1,-1,0,-1,-2,-3,4,1,8,1,-2,-1,-1,-1,0,-1,-2,-3,4,1
6478,resize,0,0,0,1,1,1,4,-2,0,-1,-2,-1,1,-1,-1,-1,0,1,4,-2,0,-1,-2,-1,1,-1,-1,-1
6479,resize,6,6,6,1,1,1,0,-1,-3,-3,-1,2,6,-4,0,-3,6,1,0,-1,-3,-3,-1,2,6,-4,0,-3
6480,resize,2,2,2,1,1,1,-1,1,5,0,-2,-2,-1,0,-2,-5,2,1,-1,1,5,0,-2,-2,-1,0,-2,-5
6481,resize,3,3,3,1,1,1,-4,-1,-1,5,-4,2,-2,-1,0,-1,3,1,-4,-1,-1,5,-4,2,-2,-1,0,-1
6482,resize,1,1,1,1,1,1,-2,4,-2,-3,-1,0,-1,-1,0,-2,1,1,-2,4,-2,-3,-1,0,-1,-1,0,-2
6483,resize,5,5,5,1,1,1,-3,-3,-3,-1,-1,7,0,-3,0,2,5,1,-3,-3,-3,-1,-1,7,0,-3,0,2
6484,resize,1,1,1,1,1,1,-2,4,-2,-3,0,0,0,-1,0,-2,1,1,-2,4,-2,-3,0,0,0,-1,0,-2
6485,resize,8,8,8,1,1,1,-2,-1,-1,-2,-1,-1,-1,-3,5,1,8,1,-2,-1,-1,-2,-1,-1,-1,-3,5,1
6486,resize,5,5,5,1,1,1,-2,-1,-3,-1,-1,5,0,-2,0,1,5,1,-2,-1,-3,-1,-1,5,0,-2,0,1
6487,resize,9,9,9,1,1,1,-1,-2,-3,0,0,-2,-4,0,0,4,9,1,-1,-2,-3,0,0,-2,-4,0,0,4
6488,resize,4,4,4,1,1,1,-2,-1,-2,-3,5,-3,-2,0,-3,-1,4,1,-2,-1,-2,-3,5,-3,-2,0,-3,-1
6489,resize,0,0,0,1,1,1,6,-2,0,-2,-2,-1,1,-1,-2,-1,0,1,6,-2,0,-2,-2,-1,1,-1,-2,-1
6490,resize,7,7,7,1,1,1,-2,0,-1,0,-1,-1,-5,4,-1,-1,7,1,-2,0,-1,0,-1,-1,-5,4,-1,-1
6491,resize,5,5,5,1,1,1,-2,-3,-4,-1,-1,7,0,-3,0,1,5,1,-2,-3,-4,-1,-1,7,0,-3,0,1
6492,resize,8,8,8,1,1,1,-2,-2,-1,-1,-1,-1,-2,-3,4,1,8,1,-2,-2,-1,-1,-1,-1,-2,-3,4,1
6493,resize,8,8,8,1,1,1,-2,-2,0,0,-2,-1,-1,-3,4,0,8,1,-2,-2,0,0,-2,-1,-1,-3,4,0
6494,resize,3,3,3,1,1,1,-4,-1,-2,7,-5,3,-4,-1,0,0,3,1,-4,-1,-2,7,-5,3,-4,-1,0,0
6495,resize,8,8,8,1,1,1,-2,-1,0,-1,0,-1,-2,-1,3,1,8,1,-2,-1,0,-1,0,-1,-2,-1,3,1
6496,resize,9,9,9,1,1,1,-2,-2,-2,0,0,-1,-4,-1,-1,4,9,1,-2,-2,-2,0,0,-1,-4,-1,-1,4
6497,resize,2,2,2,1,1,1,-2,1,6,0,-3,-3,-2,-1,-1,-4,2,1,-2,1,6,0,-3,-3,-2,-1,-1,-4
6498,resize,6,6,6,1,1,1,0,-2,-2,-3,-2,3,7,-5,-1,-4,6,1,0,-2,-2,-3,-2,3,7,-5,-1,-4
6499,resize,2,2,2,1,1,1,-3,1,5,0,-2,-3,-2,-1,0,-4,2,1,-3,1,5,0,-2,-3,-2,-1,0,-4
6500,resize,5,5,5,1,1,1,-1,-2,-2,0,-2,6,0,-2,0,1,5,1,-1,-2,-2,0,-2,6,0,-2,0,1
6501,resize,3,3,3,1,1,1,-4,-1,-1,6,-5,2,-3,-1,0,0,3,1,-4,-1,-1,6,-5,2,-3,-1,0,0
6502,resize,1,1,1,1,1,1,-2,4,-1,-3,-2,-1,-1,0,-1,-2,1,1,-2,4,-1,-3,-2,-1,-1,0,-1,-2
6503,resize,7,7,7,1,1,1,-2,0,-2,0,0,0,-4,3,-1,-1,7,1,-2,0,-2,0,0,0,-4,3,-1,-1
6504,resize,3,3,3,1,1,1,-4,-1,-1,7,-5,1,-4,-1,1,0,3,1,-4,-1,-1,7,-5,1,-4,-1,1,0
6505,resize,9,9,9,1,1,1,1,-3,-2,-1,0,-2,-2,0,-1,3,9,1,1,-3,-2,-1,0,-2,-2,0,-1,3
6506,resize,1,1,1,1,1,1,-2,4,-1,-3,-2,-1,0,-1,-1,-3,1,1,-2,4,-1,-3,-2,-1,0,-1,-1,-3
6507,resize,9,9,9,1,1,1,0,-3,-3,0,0,-2,-2,-1,1,3,9,1,0,-3,-3,0,0,-2,-2,-1,1,3
6508,resize,9,9,9,1,1,1,-2,-3,-2,0,0,-1,-5,0,0,5,9,1,-2,-3,-2,0,0,-1,-5,0,0,5
6509,resize,6,6,6,1,1,1,0,-2,-4,-3,-1,2,6,-4,0,-2,6,1,0,-2,-4,-3,-1,2,6,-4,0,-2
6510,resize,0,0,0,1,1,1,6,-3,0,-2,-3,-1,0,-1,-1,-1,0,1,6,-3,0,-2,-3,-1,0,-1,-1,-1
6511,resize,3,3,3,1,1,1,-2,-2,-3,6,-5,5,-3,-2,0,1,3,1,-2,-2,-3,6,-5,5,-3,-2,0,1
6512,resize,9,9,9,1,1,1,0,-2,-2,1,-1,-2,-3,-1,0,3,9,1,0,-2,-2,1,-1,-2,-3,-1,0,3
6513,resize,2,2,2,1,1,1,-2,1,5,-1,-2,-2,-2,-1,0,-3,2,1,-2,1,5,-1,-2,-2,-2,-1,0,-3
6514,resize,8,8,8,1,1,1,-1,-2,0,-1,-1,-1,-2,-3,5,1,8,1,-1,-2,0,-1,-1,-1,-2,-3,5,1
6515,resize,1,1,1,1,1,1,-2,4,-1,-3,-2,-1,-2,0,-1,-2,1,1,-2,4,-1,-3,-2,-1,-2,0,-1,-2
6516,resize,4,4,4,1,1,1,-4,-1,-3,-4,6,-3,-3,-1,-3,-2,4,1,-4,-1,-3,-4,6,-3,-3,-1,-3,-2
6517,resize,3,3,3,1,1,1,-2,-1,-2,5,-3,3,-2,-1,-1,0,3,1,-2,-1,-2,5,-3,3,-2,-1,-1,0
6518,resize,5,5,5,1,1,1,-2,-1,-3,0,-2,6,0,-2,0,2,5,1,-2,-1,-3,0,-2,6,0,-2,0,2
6519,resize,2,2,2,1,1,1,-2,1,7,0,-2,-4,-2,-1,-1,-4,2,1,-2,1,7,0,-2,-4,-2,-1,-1,-4
6520,resize,9,9,9,1,1,1,-1,-2,-2,0,0,-2,-5,0,-1,4,9,1,-1,-2,-2,0,0,-2,-5,0,-1,4
6521,resize,2,2,2,1,1,1,-2,1,6,1,-3,-3,-2,-1,-1,-5,2,1,-2,1,6,1,-3,-3,-2,-1,-1,-5
6522,resize,5,5,5,1,1,1,-1,-1,-2,-1,-2,5,1,-2,1,1,5,1,-1,-1,-2,-1,-2,5,1,-2,1,1
6523,resize,8,8,8,1,1,1,-1,-2,-1,0,-1,-1,-2,-2,3,2,8,1,-1,-2,-1,0,-1,-1,-2,-2,3,2
6524,resize,9,9,9,1,1,1,-2,-3,-2,0,0,-1,-5,0,-1,4,9,1,-2,-3,-2,0,0,-1,-5,0,-1,4
6525,resize,5,5,5,1,1,1,-2,-1,-2,0,-2,6,0,-2,0,1,5,1,-2,-1,-2,0,-2,6,0,-2,0,1
6526,resize,0,0,0,1,1,1,3,-2,-2,-1,-2,1,2,-2,0,-1,0,1,3,-2,-2,-1,-2,1,2,-2,0,-1
6527,resize,1,1,1,1,1,1,-1,4,-1,-3,-2,-1,-1,-1,-1,-3,1,1,-1,4,-1,-3,-2,-1,-1,-1,-1,-3
6528,resize,2,2,2,1,1,1,-3,2,5,-1,0,-3,-2,0,-3,-5,2,1,-3,2,5,-1,0,-3,-2,0,-3,-5
6529,resize,4,4,4,1,1,1,-3,-1,-2,-3,5,-3,-3,0,-2,-2,4,1,-3,-1,-2,-3,5,-3,-3,0,-2,-2
6530,resize,5,5,5,1,1,1,-2,-1,-2,0,-1,4,-1,-1,0,1,5,1,-2,-1,-2,0,-1,4,-1,-1,0,1
6531,resize,6,6,6,1,1,1,0,-1,-2,-2,0,1,5,-2,0,-3,6,1,0,-1,-2,-2,0,1,5,-2,0,-3
6532,resize,0,0,0,1,1,1,3,-1,0,-1,-3,2,0,0,-2,-1,0,1,3,-1,0,-1,-3,2,0,0,-2,-1
6533,resize,1,1,1,1,1,1,-2,4,-1,-3,0,-1,-1,0,-1,-1,1,1,-2,4,-1,-3,0,-1,-1,0,-1,-1
6534,resize,2,2,2,1,1,1,0,0,6,0,-3,-3,-2,0,-1,-5,2,1,0,0,6,0,-3,-3,-2,0,-1,-5
6535,resize,3,3,3,1,1,1,-2,-1,-2,5,-4,1,-3,-1,0,0,3,1,-2,-1,-2,5,-4,1,-3,-1,0,0
6536,resize,4,4,4,1,1,1,-3,-1,-1,-2,4,-2,-3,-1,-1,0,4,1,-3,-1,-1,-2,4,-2,-3,-1,-1,0
6537,resize,5,5,5,1,1,1,-1,-2,-2,1,-3,5,0,-3,1,1,5,1,-1,-2,-2,1,-3,5,0,-3,1,1
6538,resize,6,6,6,1,1,1,1,-1,-2,-1,-1,2,3,-2,-1,-1,6,1,1,-1,-2,-1,-1,2,3,-2,-1,-1
6539,resize,7,7,7,1,1,1,-3,0,0,0,0,-1,-5,4,-1,0,7,1,-3,0,0,0,0,-1,-5,4,-1,0
6540,resize,1,1,1,1,1,1,-2,3,-1,-2,0,0,-2,0,0,-1,1,1,-2,3,-1,-2,0,0,-2,0,0,-1
6541,resize,2,2,2,1,1,1,0,1,6,0,-3,-4,-2,0,-2,-5,2,1,0,1,6,0,-3,-4,-2,0,-2,-5
6542,resize,3,3,3,1,1,1,-3,0,-1,5,-3,2,-3,0,-1,-1,3,1,-3,0,-1,5,-3,2,-3,0,-1,-1
6543,resize,4,4,4,1,1,1,-4,-1,0,-1,4,-2,-3,0,-2,-2,4,1,-4,-1,0,-1,4,-2,-3,0,-2,-2
6544,resize,5,5,5,1,1,1,-2,-1,-2,2,-2,4,-1,-2,1,1,5,1,-2,-1,-2,2,-2,4,-1,-2,1,1
6545,resize,1,1,1,1,1,1,-1,3,-1,-3,-1,-1,-2,0,-1,-1,1,1,-1,3,-1,-3,-1,-1,-2,0,-1,-1
6546,resize,0,0,0,1,1,1,3,-2,-2,0,-1,0,1,0,0,0,0,1,3,-2,-2,0,-1,0,1,0,0,0
6547,resize,4,4,4,1,1,1,-2,-1,-2,-2,4,-2,-1,0,-2,-1,4,1,-2,-1,-2,-2,4,-2,-1,0,-2,-1
6548,resize,5,5,5,1,1,1,-2,-1,-2,0,-3,5,0,-1,0,0,5,1,-2,-1,-2,0,-3,5,0,-1,0,0
6549,resize,6,6,6,1,1,1,0,-1,-3,-2,0,1,5,-2,0,-2,6,1,0,-1,-3,-2,0,1,5,-2,0,-2
6550,resize,6,6,6,1,1,1,-1,-1,-3,-2,0,1,5,-3,0,-3,6,1,-1,-1,-3,-2,0,1,5,-3,0,-3
6551,resize,3,3,3,1,1,1,-4,0,0,5,-4,1,-3,0,0,-2,3,1,-4,0,0,5,-4,1,-3,0,0,-2
6552,resize,4,4,4,1,1,1,-2,-1,-2,-3,4,-2,-1,0,-3,-1,4,1,-2,-1,-2,-3,4,-2,-1,0,-3,-1
6553,resize,4,4,4,1,1,1,-2,-1,-1,-2,3,-2,-2,0,-1,0,4,1,-2,-1,-1,-2,3,-2,-2,0,-1,0
6554,resize,2,2,2,1,1,1,1,0,3,0,-2,-1,0,-1,-1,-3,2,1,1,0,3,0,-2,-1,0,-1,-1,-3
6555,resize,8,8,8,1,1,1,-1,-1,-1,0,0,0,-2,-1,1,1,8,1,-1,-1,-1,0,0,0,-2,-1,1,1
6556,resize,1,1,1,1,1,1,-2,3,-1,-3,-1,-1,-2,0,-1,-1,1,1,-2,3,-1,-3,-1,-1,-2,0,-1,-1
6557,resize,0,0,0,1,1,1,4,-1,1,-1,-3,-2,0,-1,0,-1,0,1,4,-1,1,-1,-3,-2,0,-1,0,-1
6558,resize,6,6,3,1,0,0,0,-1,0,1,-1,1,1,-1,0,-1,3,1,0,-1,0,1,-1,1,1,-1,0,-1
6559,resize,4,4,4,1,1,1,-3,0,1,-2,3,-3,-4,1,-3,-2,4,1,-3,0,1,-2,3,-3,-4,1,-3,-2
6560,resize,9,9,3,1,0,0,0,-1,-1,1,-1,1,-1,-1,0,1,3,1,0,-1,-1,1,-1,1,-1,-1,0,1
6561,resize,7,7,7,1,1,1,0,0,0,0,-1,0,-1,1,0,0,7,1,0,0,0,0,-1,0,-1,1,0,0
6562,resize,2,2,2,1,1,1,0,1,3,0,-2,-2,-1,0,-1,-3,2,1,0,1,3,0,-2,-2,-1,0,-1,-3
6563,resize,3,3,3,1,1,1,-3,0,-1,4,-3,1,-3,0,-1,-1,3,1,-3,0,-1,4,-3,1,-3,0,-1,-1
6564,resize,3,3,3,1,1,1,-1,-1,-1,3,-1,1,-2,0,0,0,3,1,-1,-1,-1,3,-1,1,-2,0,0,0
6565,resize,9,9,9,1,1,1,-2,-3,-2,0,0,1,-4,0,-1,3,9,1,-2,-3,-2,0,0,1,-4,0,-1,3
6566,resize,2,2,2,1,1,1,-1,1,5,0,-1,-3,-2,-1,-1,-4,2,1,-1,1,5,0,-1,-3,-2,-1,-1,-4
6567,resize,0,0,0,1,1,1,4,-3,-1,-1,-2,0,2,-1,0,-1,0,1,4,-3,-1,-1,-2,0,2,-1,0,-1
6568,resize,9,9,9,1,1,1,-2,-1,-1,-1,0,0,-3,0,-1,2,9,1,-2,-1,-1,-1,0,0,-3,0,-1,2
6569,resize,3,3,2,1,0,0,-1,0,1,1,-2,0,-2,0,-1,-1,2,1,-1,0,1,1,-2,0,-2,0,-1,-1
6570,resize,3,3,3,1,1,1,-2,0,-1,3,-2,1,-2,0,0,0,3,1,-2,0,-1,3,-2,1,-2,0,0,0
6571,resize,9,3,3,0,0,1,0,-1,-1,1,-1,0,-2,0,0,1,3,1,0,-1,-1,1,-1,0,-2,0,0,1
6572,resize,1,1,1,1,1,1,-1,0,0,0,0,0,-1,0,0,0,1,1,-1,0,0,0,0,0,-1,0,0,0
6573,resize,5,5,5,1,1,1,-2,-1,-2,2,-3,5,-1,-1,0,1,5,1,-2,-1,-2,2,-3,5,-1,-1,0,1
6574,resize,2,2,0,1,0,0,2,0,2,-1,-1,0,1,-2,-1,-2,0,1,2,0,2,-1,-1,0,1,-2,-1,-2
6575,resize,3,3,3,1,1,1,-2,0,0,3,-3,1,-2,1,-1,-2,3,1,-2,0,0,3,-3,1,-2,1,-1,-2
6576,resize,7,7,1,1,0,0,-1,1,0,-1,0,-1,-1,1,-1,-2,1,1,-1,1,0,-1,0,-1,-1,1,-1,-2
6577,resize,7,7,7,1,1,1,-1,0,0,-1,0,-1,-2,2,-1,0,7,1,-1,0,0,-1,0,-1,-2,2,-1,0
6578,resize,8,8,5,1,0,0,0,-1,-1,1,-2,2,-1,-1,2,0,5,1,0,-1,-1,1,-2,2,-1,-1,2,0
6579,resize,4,4,4,1,1,1,-3,0,1,-1,2,-1,-2,0,-2,-3,4,1,-3,0,1,-1,2,-1,-2,0,-2,-3
6580,resize,0,0,0,1,1,1,4,-2,0,0,-3,1,0,-1,-1,0,0,1,4,-2,0,0,-3,1,0,-1,-1,0
6581,resize,2,2,2,1,1,1,-1,2,6,0,-3,-4,-2,1,-3,-6,2,1,-1,2,6,0,-3,-4,-2,1,-3,-6
6582,resize,4,4,4,1,1,1,-4,-1,-3,-4,5,-2,-2,-1,-1,-1,4,1,-4,-1,-3,-4,5,-2,-2,-1,-1,-1
6583,resize,0,0,0,1,1,1,4,-2,-1,-1,-2,1,2,-2,-1,-1,0,1,4,-2,-1,-1,-2,1,2,-2,-1,-1
6584,resize,2,2,2,1,1,1,1,0,2,0,-3,-2,-2,1,0,-3,2,1,1,0,2,0,-3,-2,-2,1,0,-3
6585,resize,4,4,4,1,1,1,-3,-1,-1,-3,5,-2,-3,-1,-3,-1,4,1,-3,-1,-1,-3,5,-2,-3,-1,-3,-1
6586,resize,7,7,7,1,1,1,-2,0,0,0,0,-1,-4,3,-1,0,7,1,-2,0,0,0,0,-1,-4,3,-1,0
6587,resize,8,8,8,1,1,1,0,-2,-1,1,-3,0,-2,-3,4,1,8,1,0,-2,-1,1,-3,0,-2,-3,4,1
6588,resize,0,0,0,1,1,1,5,-3,-1,-2,-3,-1,-1,0,-1,-1,0,1,5,-3,-1,-2,-3,-1,-1,0,-1,-1
6589,resize,7,7,2,1,0,0,0,0,2,1,-1,-1,-3,2,-1,-1,2,1,0,0,2,1,-1,-1,-3,2,-1,-1
6590,resize,0,0,0,1,1,1,2,-1,0,-1,-3,2,0,-1,0,-1,0,1,2,-1,0,-1,-3,2,0,-1,0,-1
6591,resize,6,6,6,1,1,1,0,-1,-2,-1,-1,1,5,-2,0,-3,6,1,0,-1,-2,-1,-1,1,5,-2,0,-3
6592,resize,9,9,9,1,1,1,-1,-1,-1,0,0,0,-2,0,-1,1,9,1,-1,-1,-1,0,0,0,-2,0,-1,1
6593,resize,3,3,3,1,1,1,-3,0,0,4,-3,0,-2,0,0,-2,3,1,-3,0,0,4,-3,0,-2,0,0,-2
6594,resize,2,2,2,1,1,1,-1,1,6,0,-2,-3,-2,0,-2,-5,2,1,-1,1,6,0,-2,-3,-2,0,-2,-5
6595,resize,8,8,8,1,1,1,-1,-2,-1,-1,0,-1,-2,-3,5,0,8,1,-1,-2,-1,-1,0,-1,-2,-3,5,0
6596,resize,6,6,6,1,1,1,0,0,0,-1,-1,0,3,-2,0,-2,6,1,0,0,0,-1,-1,0,3,-2,0,-2
6597,resize,0,7,7,0,0,1,1,-2,0,1,-3,0,-4,2,-1,1,7,1,1,-2,0,1,-3,0,-4,2,-1,1
6598,resize,5,5,5,1,1,1,1,-1,-1,1,-1,2,1,-1,0,-1,5,1,1,-1,-1,1,-1,2,1,-1,0,-1
6599,resize,7,7,7,1,1,1,-2,0,0,0,0,-1,-3,2,-1,0,7,1,-2,0,0,0,0,-1,-3,2,-1,0
6600,resize,5,5,5,1,1,1,-2,0,0,1,-2,3,0,-1,1,-1,5,1,-2,0,0,1,-2,3,0,-1,1,-1
6601,resize,1,1,1,1,1,1,-2,4,-1,-3,-1,-1,-2,-1,-1,-1,1,1,-2,4,-1,-3,-1,-1,-2,-1,-1,-1
6602,resize,0,0,0,1,1,1,5,-2,1,-2,-4,-1,0,0,0,-3,0,1,5,-2,1,-2,-4,-1,0,0,0,-3
6603,resize,8,8,8,1,1,1,0,-2,-1,0,0,-1,-2,-2,2,1,8,1,0,-2,-1,0,0,-1,-2,-2,2,1
6604,resize,1,1,1,1,1,1,-2,4,-1,-3,-1,0,-1,-1,0,-1,1,1,-2,4,-1,-3,-1,0,-1,-1,0,-1
6605,resize,6,6,6,1,1,1,0,0,-1,-1,0,1,2,-2,-1,-1,6,1,0,0,-1,-1,0,1,2,-2,-1,-1
6606,resize,7,7,7,1,1,1,-2,-1,-1,0,0,-1,-4,3,-1,0,7,1,-2,-1,-1,0,0,-1,-4,3,-1,0
6607,resize,2,2,2,1,1,1,1,0,4,0,-3,-1,0,-2,1,-3,2,1,1,0,4,0,-3,-1,0,-2,1,-3
6608,resize,9,9,9,1,1,1,-1,-2,-2,0,0,2,-2,-1,-1,3,9,1,-1,-2,-2,0,0,2,-2,-1,-1,3
6609,resize,7,7,7,1,1,1,-1,0,-1,0,-1,-1,-3,2,-1,0,7,1,-1,0,-1,0,-1,-1,-3,2,-1,0
6610,resize,9,9,9,1,1,1,-1,-2,-2,0,-1,1,-3,-1,-1,3,9,1,-1,-2,-2,0,-1,1,-3,-1,-1,3
6611,resize,5,5,5,1,1,1,-1,0,-1,0,-1,3,0,-1,0,0,5,1,-1,0,-1,0,-1,3,0,-1,0,0
6612,resize,8,8,8,1,1,1,-1,-1,-1,0,-1,0,-1,-2,3,-1,8,1,-1,-1,-1,0,-1,0,-1,-2,3,-1
6613,resize,6,6,6,1,1,1,0,-1,-1,-1,-1,1,3,-2,0,-2,6,1,0,-1,-1,-1,-1,1,3,-2,0,-2
6614,resize,2,2,2,1,1,1,1,0,4,0,-2,-2,-1,1,-1,-3,2,1,1,0,4,0,-2,-2,-1,1,-1,-3
6615,resize,6,6,6,1,1,1,0,-1,-1,0,0,1,2,-1,0,-2,6,1,0,-1,-1,0,0,1,2,-1,0,-2
6616,resize,2,2,2,1,1,1,1,0,4,0,-3,-2,-2,0,-1,-3,2,1,1,0,4,0,-3,-2,-2,0,-1,-3
6617,resize,8,8,8,1,1,1,-1,-2,0,1,-2,-2,-2,-1,4,0,8,1,-1,-2,0,1,-2,-2,-2,-1,4,0
6618,resize,1,1,1,1,1,1,-1,2,0,-1,0,0,-1,0,0,-1,1,1,-1,2,0,-1,0,0,-1,0,0,-1
6619,resize,7,7,7,1,1,1,-1,-1,-1,-1,0,-1,-5,4,-2,0,7,1,-1,-1,-1,-1,0,-1,-5,4,-2,0
6620,resize,5,5,5,1,1,1,-1,-1,-2,0,-2,5,0,-1,-1,0,5,1,-1,-1,-2,0,-2,5,0,-1,-1,0
6621,resize,0,0,0,1,1,1,4,-2,-1,-1,-2,1,-1,0,-1,-1,0,1,4,-2,-1,-1,-2,1,-1,0,-1,-1
6622,resize,1,1,1,1,1,1,-1,3,-1,-2,-1,0,-1,0,0,-1,1,1,-1,3,-1,-2,-1,0,-1,0,0,-1
6623,resize,1,1,1,1,1,1,-1,2,-1,-2,0,0,0,0,0,-1,1,1,-1,2,-1,-2,0,0,0,0,0,-1
6624,resize,3,3,3,1,1,1,-3,0,-1,3,-3,2,-2,0,0,-1,3,1,-3,0,-1,3,-3,2,-2,0,0,-1
6625,resize,8,2,2,0,0,1,-1,0,1,-1,0,-1,-1,0,1,-1,2,1,-1,0,1,-1,0,-1,-1,0,1,-1
6626,resize,4,4,4,1,1,1,-3,0,0,-2,3,-2,-3,-1,-1,-1,4,1,-3,0,0,-2,3,-2,-3,-1,-1,-1
6627,resize,9,9,9,1,1,1,-1,-1,-3,-1,0,0,-3,0,-2,3,9,1,-1,-1,-3,-1,0,0,-3,0,-2,3
6628,resize,1,1,1,1,1,1,-3,3,-2,-2,0,0,-2,1,-1,1,1,1,-3,3,-2,-2,0,0,-2,1,-1,1
6629,resize,8,8,8,1,1,1,-2,-2,-2,0,-2,1,0,-3,5,-2,8,1,-2,-2,-2,0,-2,1,0,-3,5,-2
6630,resize,6,6,6,1,1,1,0,-1,-2,-2,-1,1,5,-3,0,-3,6,1,0,-1,-2,-2,-1,1,5,-3,0,-3
6631,resize,8,8,8,1,1,1,0,-2,0,0,-2,-1,-1,-2,3,0,8,1,0,-2,0,0,-2,-1,-1,-2,3,0
6632,resize,9,9,9,1,1,1,-1,-1,-2,0,-1,1,-1,-1,-1,2,9,1,-1,-1,-2,0,-1,1,-1,-1,-1,2
6633,resize,0,0,0,1,1,1,6,-3,-1,-2,-3,-2,0,-1,-1,0,0,1,6,-3,-1,-2,-3,-2,0,-1,-1,0
6634,resize,1,1,1,1,1,1,-2,3,-1,-3,-1,0,-1,0,-1,-2,1,1,-2,3,-1,-3,-1,0,-1,0,-1,-2
6635,resize,2,2,2,1,1,1,-2,0,3,1,-2,-2,-1,-1,0,-2,2,1,-2,0,3,1,-2,-2,-1,-1,0,-2
6636,resize,3,3,3,1,1,1,-3,-1,-1,4,-3,1,-2,-1,1,-1,3,1,-3,-1,-1,4,-3,1,-2,-1,1,-1
6637,resize,4,4,4,1,1,1,-1,0,0,-1,2,-1,-2,0,-2,0,4,1,-1,0,0,-1,2,-1,-2,0,-2,0
6638,resize,5,5,5,1,1,1,-2,-1,-2,0,-1,4,-1,-2,0,1,5,1,-2,-1,-2,0,-1,4,-1,-2,0,1
6639,resize,6,6,6,1,1,1,0,-1,-3,-3,-1,2,6,-4,0,-3,6,1,0,-1,-3,-3,-1,2,6,-4,0,-3
6640,resize,7,7,7,1,1,1,-2,-1,0,1,0,-2,-5,4,-1,0,7,1,-2,-1,0,1,0,-2,-5,4,-1,0
6641,resize,8,8,8,1,1,1,-2,-1,0,0,-2,2,1,-3,3,-1,8,1,-2,-1,0,0,-2,2,1,-3,3,-1
6642,resize,9,9,9,1,1,1,-3,-1,-3,-1,0,1,-3,-1,-1,3,9,1,-3,-1,-3,-1,0,1,-3,-1,-1,3
6643,resize,0,0,0,1,1,1,3,-2,-1,-1,-1,0,1,-1,0,-1,0,1,3,-2,-1,-1,-1,0,1,-1,0,-1
6644,resize,1,1,1,1,1,1,-2,3,-1,-3,-1,-1,-1,-1,-1,-2,1,1,-2,3,-1,-3,-1,-1,-1,-1,-1,-2
6645,resize,2,2,2,1,1,1,-2,1,4,1,-2,-2,-1,-1,0,-4,2,1,-2,1,4,1,-2,-2,-1,-1,0,-4
6646,resize,3,3,3,1,1,1,-3,-1,-2,7,-5,2,-4,-2,0,0,3,1,-3,-1,-2,7,-5,2,-4,-2,0,0
6647,resize,4,4,4,1,1,1,-3,-1,-2,-3,5,-2,-3,-1,-4,-1,4,1,-3,-1,-2,-3,5,-2,-3,-1,-4,-1
6648,resize,7,7,7,1,1,1,-2,-1,0,0,-1,-1,-5,3,-1,0,7,1,-2,-1,0,0,-1,-1,-5,3,-1,0
6649,resize,8,8,8,1,1,1,-1,-2,-2,0,-3,2,0,-4,6,-1,8,1,-1,-2,-2,0,-3,2,0,-4,6,-1
6650,resize,9,9,9,1,1,1,-2,-1,-2,-1,0,-2,-5,0,-1,3,9,1,-2,-1,-2,-1,0,-2,-5,0,-1,3
6651,resize,0,0,5,1,0,0,1,-1,-2,-1,-2,2,1,-1,1,-1,5,1,1,-1,-2,-1,-2,2,1,-1,1,-1
6652,resize,1,1,1,1,1,1,-3,5,-2,-4,-1,-2,-3,1,-2,-2,1,1,-3,5,-2,-4,-1,-2,-3,1,-2,-2
6653,resize,7,7,7,1,1,1,-2,0,0,0,0,-1,-4,3,0,0,7,1,-2,0,0,0,0,-1,-4,3,0,0
6654,resize,8,8,8,1,1,1,-2,-1,-1,-1,-1,1,-1,-4,5,0,8,1,-2,-1,-1,-1,-1,1,-1,-4,5,0
6655,resize,9,9,9,1,1,1,-1,-2,-1,0,0,-2,-5,0,0,3,9,1,-1,-2,-1,0,0,-2,-5,0,0,3
6656,resize,9,9,9,1,1,1,-2,-2,-2,-1,1,-2,-5,0,-1,4,9,1,-2,-2,-2,-1,1,-2,-5,0,-1,4
6657,resize,8,8,8,1,1,1,-1,-2,-1,0,-3,1,0,-4,6,-1,8,1,-1,-2,-1,0,-3,1,0,-4,6,-1
6658,resize,9,9,9,1,1,1,-2,-2,-3,-1,0,-1,-5,0,-1,3,9,1,-2,-2,-3,-1,0,-1,-5,0,-1,3
6659,resize,8,8,8,1,1,1,-1,-2,-2,-1,-2,1,0,-4,5,0,8,1,-1,-2,-2,-1,-2,1,0,-4,5,0
6660,resize,4,4,4,1,1,1,-3,-1,-2,-3,5,-2,-3,0,-1,-1,4,1,-3,-1,-2,-3,5,-2,-3,0,-1,-1
6661,resize,1,1,1,1,1,1,-3,5,-2,-4,-1,-2,-3,1,-2,-1,1,1,-3,5,-2,-4,-1,-2,-3,1,-2,-1
6662,resize,7,7,7,1,1,1,-1,-1,1,0,-1,-1,-4,3,-1,0,7,1,-1,-1,1,0,-1,-1,-4,3,-1,0
6663,resize,7,7,7,1,1,1,-2,0,0,0,-1,-1,-4,4,-1,-1,7,1,-2,0,0,0,-1,-1,-4,4,-1,-1
6664,resize,3,3,3,1,1,1,-3,0,0,5,-4,1,-3,0,1,-1,3,1,-3,0,0,5,-4,1,-3,0,1,-1
6665,resize,3,3,3,1,1,1,-3,0,0,5,-5,1,-4,0,0,-1,3,1,-3,0,0,5,-5,1,-4,0,0,-1
6666,resize,7,7,7,1,1,1,-2,-1,0,0,0,-1,-5,4,-1,0,7,1,-2,-1,0,0,0,-1,-5,4,-1,0
6667,resize,6,6,6,1,1,1,0,-2,-2,-2,-2,3,5,-4,1,-3,6,1,0,-2,-2,-2,-2,3,5,-4,1,-3
6668,resize,6,6,6,1,1,1,1,-1,-1,-2,-1,1,4,-4,0,-2,6,1,1,-1,-1,-2,-1,1,4,-4,0,-2
6669,resize,6,6,6,1,1,1,0,-2,-2,-2,-2,2,5,-4,0,-2,6,1,0,-2,-2,-2,-2,2,5,-4,0,-2
6670,resize,1,1,1,1,1,1,-2,4,-1,-3,-1,-1,-1,0,-1,-2,1,1,-2,4,-1,-3,-1,-1,-1,0,-1,-2
6671,resize,9,9,9,1,1,1,-1,-2,-3,0,-1,-1,-4,0,-1,4,9,1,-1,-2,-3,0,-1,-1,-4,0,-1,4
6672,resize,0,0,0,1,1,1,4,-3,-1,-1,-3,-1,0,-1,0,0,0,1,4,-3,-1,-1,-3,-1,0,-1,0,0
6673,resize,1,1,1,1,1,1,-3,5,-1,-4,-2,-1,-2,1,-1,-2,1,1,-3,5,-1,-4,-2,-1,-2,1,-1,-2
6674,resize,7,7,7,1,1,1,-2,-1,-1,0,0,-1,-5,4,-1,0,7,1,-2,-1,-1,0,0,-1,-5,4,-1,0
6675,resize,6,6,6,1,1,1,0,-2,-3,-2,-2,2,5,-4,1,-2,6,1,0,-2,-3,-2,-2,2,5,-4,1,-2
6676,resize,3,3,3,1,1,1,-4,0,0,6,-4,1,-3,-1,0,-2,3,1,-4,0,0,6,-4,1,-3,-1,0,-2
6677,resize,2,2,2,1,1,1,-2,2,4,0,-2,-1,-2,1,-2,-4,2,1,-2,2,4,0,-2,-1,-2,1,-2,-4
6678,resize,1,1,1,1,1,1,-2,3,-1,-2,-1,-1,-1,0,0,-2,1,1,-2,3,-1,-2,-1,-1,-1,0,0,-2
6679,resize,7,7,7,1,1,1,-3,0,-1,0,-1,-1,-5,4,-1,-1,7,1,-3,0,-1,0,-1,-1,-5,4,-1,-1
6680,resize,1,1,1,1,1,1,-2,3,-2,-3,0,-1,-1,-1,0,-1,1,1,-2,3,-2,-3,0,-1,-1,-1,0,-1
6681,resize,3,3,3,1,1,1,-2,-2,-1,5,-4,1,-2,-1,0,0,3,1,-2,-2,-1,5,-4,1,-2,-1,0,0
6682,resize,9,9,9,1,1,1,-1,-2,-2,0,-1,-1,-5,0,-1,4,9,1,-1,-2,-2,0,-1,-1,-5,0,-1,4
6683,resize,1,1,1,1,1,1,-3,4,-1,-3,-1,-1,-1,0,-1,-2,1,1,-3,4,-1,-3,-1,-1,-1,0,-1,-2
6684,resize,7,7,7,1,1,1,-1,-1,0,1,-1,-1,-5,2,-1,1,7,1,-1,-1,0,1,-1,-1,-5,2,-1,1
6685,resize,6,6,6,1,1,1,0,-1,-1,-3,-1,1,5,-3,0,-3,6,1,0,-1,-1,-3,-1,1,5,-3,0,-3
6686,resize,8,8,8,1,1,1,0,-2,-1,1,-3,0,-1,-3,4,0,8,1,0,-2,-1,1,-3,0,-1,-3,4,0
6687,resize,4,4,4,1,1,1,-3,0,-1,-3,4,-1,-2,-1,-2,-1,4,1,-3,0,-1,-3,4,-1,-2,-1,-2,-1
6688,resize,1,1,1,1,1,1,-2,4,0,-3,-2,-2,-2,0,-2,-3,1,1,-2,4,0,-3,-2,-2,-2,0,-2,-3
6689,resize,4,4,4,1,1,1,-2,0,-2,-3,3,-2,-1,-1,-2,-1,4,1,-2,0,-2,-3,3,-2,-1,-1,-2,-1
6690,resize,3,3,3,1,1,1,-4,0,-1,6,-4,2,-4,0,-1,-1,3,1,-4,0,-1,6,-4,2,-4,0,-1,-1
6691,resize,6,6,6,1,1,1,1,-2,-2,-2,-2,2,4,-3,1,-2,6,1,1,-2,-2,-2,-2,2,4,-3,1,-2
6692,resize,9,9,9,1,1,1,-2,-2,-3,-1,1,-2,-5,1,0,3,9,1,-2,-2,-3,-1,1,-2,-5,1,0,3
6693,resize,6,6,6,1,1,1,1,-2,-2,-2,-1,2,4,-3,0,-2,6,1,1,-2,-2,-2,-1,2,4,-3,0,-2
6694,resize,1,1,1,1,1,1,-2,5,0,-4,-2,-1,-2,0,-1,-3,1,1,-2,5,0,-4,-2,-1,-2,0,-1,-3
6695,resize,4,4,4,1,1,1,-1,-1,-1,-2,3,-1,-1,0,-3,-1,4,1,-1,-1,-1,-2,3,-1,-1,0,-3,-1
6696,resize,4,4,4,1,1,1,-3,-1,-1,-3,5,-2,-4,-1,-2,-1,4,1,-3,-1,-1,-3,5,-2,-4,-1,-2,-1
6697,resize,7,7,7,1,1,1,-1,0,0,1,-1,-1,-4,3,-1,-1,7,1,-1,0,0,1,-1,-1,-4,3,-1,-1
6698,resize,2,2,2,1,1,1,-1,1,6,0,-3,-3,-2,0,-1,-4,2,1,-1,1,6,0,-3,-3,-2,0,-1,-4
6699,resize,4,4,4,1,1,1,-4,0,-2,-4,5,-2,-3,-1,-3,-2,4,1,-4,0,-2,-4,5,-2,-3,-1,-3,-2
6700,resize,4,4,4,1,1,1,-1,0,-1,-3,3,-1,0,-2,-2,-1,4,1,-1,0,-1,-3,3,-1,0,-2,-2,-1
6701,resize,0,0,0,1,1,1,6,-3,0,-2,-3,-2,0,-1,-1,0,0,1,6,-3,0,-2,-3,-2,0,-1,-1,0
6702,resize,1,1,1,1,1,1,-2,4,-2,-3,0,-1,-1,0,0,-1,1,1,-2,4,-2,-3,0,-1,-1,0,0,-1
6703,resize,2,2,2,1,1,1,-1,1,5,0,-2,-3,-2,0,-1,-4,2,1,-1,1,5,0,-2,-3,-2,0,-1,-4
6704,resize,3,3,3,1,1,1,-2,-1,-1,6,-5,1,-4,-1,1,0,3,1,-2,-1,-1,6,-5,1,-4,-1,1,0
6705,resize,4,4,4,1,1,1,-3,-1,-1,-2,5,-2,-3,-1,-2,0,4,1,-3,-1,-1,-2,5,-2,-3,-1,-2,0
6706,resize,5,5,5,1,1,1,-2,-2,-3,1,-2,5,-1,-2,0,1,5,1,-2,-2,-3,1,-2,5,-1,-2,0,1
6707,resize,6,6,6,1,1,1,0,-1,-2,-3,0,1,5,-3,-2,-3,6,1,0,-1,-2,-3,0,1,5,-3,-2,-3
6708,resize,7,7,7,1,1,1,-2,0,0,0,-1,-1,-4,3,0,-1,7,1,-2,0,0,0,-1,-1,-4,3,0,-1
6709,resize,8,8,8,1,1,1,-1,-2,-1,-1,-2,2,1,-3,6,-2,8,1,-1,-2,-1,-1,-2,2,1,-3,6,-2
6710,resize,9,9,9,1,1,1,0,-2,-3,0,0,-1,-2,-1,1,3,9,1,0,-2,-3,0,0,-1,-2,-1,1,3
6711,resize,0,0,0,1,1,1,4,-2,0,-1,-2,0,1,-1,-1,-1,0,1,4,-2,0,-1,-2,0,1,-1,-1,-1
6712,resize,1,1,1,1,1,1,-1,4,-2,-3,-1,-1,-1,-1,0,-1,1,1,-1,4,-2,-3,-1,-1,-1,-1,0,-1
6713,resize,2,2,2,1,1,1,-2,1,7,0,-3,-4,-3,1,-1,-5,2,1,-2,1,7,0,-3,-4,-3,1,-1,-5
6714,resize,3,3,3,1,1,1,-3,-1,-1,7,-6,2,-4,-2,0,0,3,1,-3,-1,-1,7,-6,2,-4,-2,0,0
6715,resize,4,4,4,1,1,1,-3,-1,-2,-3,4,-2,-3,0,-1,0,4,1,-3,-1,-2,-3,4,-2,-3,0,-1,0
6716,resize,5,5,5,1,1,1,-1,-1,-2,0,-1,3,0,-1,1,0,5,1,-1,-1,-2,0,-1,3,0,-1,1,0
6717,resize,6,6,6,1,1,1,0,-1,-3,-3,-1,2,6,-4,0,-3,6,1,0,-1,-3,-3,-1,2,6,-4,0,-3
6718,resize,9,9,9,1,1,1,-1,-2,-3,-1,1,-1,-3,-1,1,4,9,1,-1,-2,-3,-1,1,-1,-3,-1,1,4
6719,resize,0,0,0,1,1,1,5,-3,-1,-2,-2,-2,1,-1,-1,0,0,1,5,-3,-1,-2,-2,-2,1,-1,-1,0
6720,resize,1,1,1,1,1,1,-1,4,-2,-3,-1,-1,-1,-2,0,-1,1,1,-1,4,-2,-3,-1,-1,-1,-2,0,-1
6721,resize,2,2,2,1,1,1,-2,1,4,0,-2,-2,-2,1,-1,-4,2,1,-2,1,4,0,-2,-2,-2,1,-1,-4
6722,resize,3,3,3,1,1,1,-1,-1,-2,5,-4,3,-3,-1,0,1,3,1,-1,-1,-2,5,-4,3,-3,-1,0,1
6723,resize,4,4,4,1,1,1,-2,-1,-2,-3,4,-2,-1,-2,-1,-1,4,1,-2,-1,-2,-3,4,-2,-1,-2,-1,-1
6724,resize,7,7,7,1,1,1,-1,-1,-1,0,0,-1,-4,3,0,0,7,1,-1,-1,-1,0,0,-1,-4,3,0,0
6725,resize,8,8,8,1,1,1,0,-1,-1,0,-1,0,0,-1,3,-1,8,1,0,-1,-1,0,-1,0,0,-1,3,-1
6726,resize,1,1,1,1,1,1,-2,4,-2,-3,-2,-1,-1,-1,0,-2,1,1,-2,4,-2,-3,-2,-1,-1,-1,0,-2
6727,resize,3,3,3,1,1,1,-4,-1,-1,7,-6,1,-4,-1,1,-1,3,1,-4,-1,-1,7,-6,1,-4,-1,1,-1
6728,resize,5,5,5,1,1,1,-2,-2,-3,2,-2,6,-1,-1,0,1,5,1,-2,-2,-3,2,-2,6,-1,-1,0,1
6729,resize,1,1,1,1,1,1,-2,4,-3,-4,-1,0,-1,0,0,-1,1,1,-2,4,-3,-4,-1,0,-1,0,0,-1
6730,resize,7,7,7,1,1,1,-2,0,-2,-1,0,-1,-5,3,-1,0,7,1,-2,0,-2,-1,0,-1,-5,3,-1,0
6731,resize,7,7,7,1,1,1,-2,0,0,0,-1,-1,-4,3,-1,0,7,1,-2,0,0,0,-1,-1,-4,3,-1,0
6732,resize,2,2,2,1,1,1,-2,2,6,0,-2,-2,-2,1,-2,-5,2,1,-2,2,6,0,-2,-2,-2,1,-2,-5
6733,resize,1,1,1,1,1,1,-2,5,-1,-4,-1,-1,-1,-1,-2,-3,1,1,-2,5,-1,-4,-1,-1,-1,-1,-2,-3
6734,resize,4,4,4,1,1,1,-5,-1,-3,-4,6,-3,-2,-2,-1,-3,4,1,-5,-1,-3,-4,6,-3,-2,-2,-1,-3
6735,resize,8,8,8,1,1,1,-1,-1,-2,-1,-1,2,0,-2,4,-1,8,1,-1,-1,-2,-1,-1,2,0,-2,4,-1
6736,resize,3,3,3,1,1,1,-2,-2,-2,6,-5,2,-3,-1,0,0,3,1,-2,-2,-2,6,-5,2,-3,-1,0,0
6737,resize,4,4,4,1,1,1,-2,-1,-3,-4,4,-2,0,-1,-1,-1,4,1,-2,-1,-3,-4,4,-2,0,-1,-1,-1
6738,resize,4,4,4,1,1,1,-4,0,-2,-3,5,-3,-3,-1,-2,-2,4,1,-4,0,-2,-3,5,-3,-3,-1,-2,-2
6739,resize,3,3,3,1,1,1,-2,-1,0,5,-4,0,-3,-1,1,-1,3,1,-2,-1,0,5,-4,0,-3,-1,1,-1
6740,resize,9,9,9,1,1,1,1,-3,-2,0,0,-2,-2,0,0,2,9,1,1,-3,-2,0,0,-2,-2,0,0,2
6741,resize,7,7,7,1,1,1,-3,0,-2,-1,0,-1,-5,3,-1,0,7,1,-3,0,-2,-1,0,-1,-5,3,-1,0
6742,resize,4,4,4,1,1,1,-3,-1,-1,-3,5,-3,-2,-1,-2,-1,4,1,-3,-1,-1,-3,5,-3,-2,-1,-2,-1
6743,resize,1,1,1,1,1,1,-1,4,-1,-2,-2,-1,-2,-1,0,-2,1,1,-1,4,-1,-2,-2,-1,-2,-1,0,-2
6744,resize,2,2,2,1,1,1,-3,1,4,0,-3,-2,-3,1,0,-4,2,1,-3,1,4,0,-3,-2,-3,1,0,-4
6745,resize,3,3,3,1,1,1,-2,-1,-3,5,-3,3,-3,-1,-1,1,3,1,-2,-1,-3,5,-3,3,-3,-1,-1,1
6746,resize,5,5,5,1,1,1,-1,-1,-1,0,-1,3,-1,-1,0,1,5,1,-1,-1,-1,0,-1,3,-1,-1,0,1
6747,resize,9,9,9,1,1,1,-1,-2,-2,0,0,-1,-4,-1,0,3,9,1,-1,-2,-2,0,0,-1,-4,-1,0,3
6748,resize,1,1,1,1,1,1,-3,5,-2,-5,-2,-1,-1,-1,-1,-3,1,1,-3,5,-2,-5,-2,-1,-1,-1,-1,-3
6749,resize,6,6,6,1,1,1,1,-2,-3,-2,-1,2,4,-3,1,-1,6,1,1,-2,-3,-2,-1,2,4,-3,1,-1
6750,resize,0,0,0,1,1,1,5,-3,-1,-1,-2,-1,1,-1,0,-1,0,1,5,-3,-1,-1,-2,-1,1,-1,0,-1
6751,resize,1,1,1,1,1,1,-2,4,-1,-3,-2,-1,-2,0,-1,-2,1,1,-2,4,-1,-3,-2,-1,-2,0,-1,-2
6752,resize,0,0,0,1,1,1,5,-3,0,-2,-2,-1,1,-1,-1,-1,0,1,5,-3,0,-2,-2,-1,1,-1,-1,-1
6753,resize,0,0,0,1,1,1,5,-4,-2,-2,-2,-2,2,-2,0,0,0,1,5,-4,-2,-2,-2,-2,2,-2,0,0
6754,resize,2,2,2,1,1,1,-1,1,7,0,-3,-3,-2,0,-2,-6,2,1,-1,1,7,0,-3,-3,-2,0,-2,-6
6755,resize,8,8,8,1,1,1,0,-1,-1,0,-1,-1,-2,-1,2,1,8,1,0,-1,-1,0,-1,-1,-2,-1,2,1
6756,resize,7,7,7,1,1,1,-1,-1,-2,0,-1,0,-4,2,0,0,7,1,-1,-1,-2,0,-1,0,-4,2,0,0
6757,resize,1,1,1,1,1,1,-2,4,-1,-3,-2,-1,0,-1,0,-3,1,1,-2,4,-1,-3,-2,-1,0,-1,0,-3
6758,resize,1,1,1,1,1,1,-1,3,-1,-2,-2,-1,-2,-1,-1,-2,1,1,-1,3,-1,-2,-2,-1,-2,-1,-1,-2
6759,resize,4,4,4,1,1,1,-3,0,-2,-4,4,-3,-3,-1,-1,0,4,1,-3,0,-2,-4,4,-3,-3,-1,-1,0
6760,resize,0,0,0,1,1,1,4,-3,-1,-1,-1,-2,1,-1,0,0,0,1,4,-3,-1,-1,-1,-2,1,-1,0,0
6761,resize,4,4,4,1,1,1,-2,-1,-2,-3,4,-2,-1,-1,-1,-1,4,1,-2,-1,-2,-3,4,-2,-1,-1,-1,-1
6762,resize,7,7,7,1,1,1,-2,0,0,0,-1,-1,-5,3,-1,-1,7,1,-2,0,0,0,-1,-1,-5,3,-1,-1
6763,resize,3,3,3,1,1,1,-2,-2,-2,6,-5,2,-4,-1,0,1,3,1,-2,-2,-2,6,-5,2,-4,-1,0,1
6764,resize,6,6,6,1,1,1,0,-1,-3,-2,0,2,4,-4,-1,-2,6,1,0,-1,-3,-2,0,2,4,-4,-1,-2
6765,resize,8,8,8,1,1,1,0,-1,-1,0,-2,0,0,-3,4,0,8,1,0,-1,-1,0,-2,0,0,-3,4,0
6766,resize,0,0,0,1,1,1,4,-3,-1,-2,-1,0,1,-1,-1,-1,0,1,4,-3,-1,-2,-1,0,1,-1,-1,-1
6767,resize,3,3,3,1,1,1,-4,-1,-2,6,-4,2,-4,-1,0,0,3,1,-4,-1,-2,6,-4,2,-4,-1,0,0
6768,resize,7,7,7,1,1,1,-1,0,1,1,-3,-1,-4,2,0,-1,7,1,-1,0,1,1,-3,-1,-4,2,0,-1
6769,resize,4,4,4,1,1,1,-3,-1,-2,-4,3,-1,-1,-2,2,0,4,1,-3,-1,-2,-4,3,-1,-1,-2,2,0
6770,resize,0,0,0,1,1,1,5,-3,0,-2,-3,-1,1,-2,-1,-1,0,1,5,-3,0,-2,-3,-1,1,-2,-1,-1
6771,resize,6,6,6,1,1,1,1,-1,-2,-3,-1,1,5,-4,-1,-3,6,1,1,-1,-2,-3,-1,1,5,-4,-1,-3
6772,resize,9,9,9,1,1,1,1,-2,-2,0,0,-1,-3,0,0,3,9,1,1,-2,-2,0,0,-1,-3,0,0,3
6773,resize,2,2,2,1,1,1,-1,0,5,1,-3,-3,-2,1,-1,-4,2,1,-1,0,5,1,-3,-3,-2,1,-1,-4
6774,resize,6,6,6,1,1,1,0,-1,-3,-3,-1,2,5,-4,0,-2,6,1,0,-1,-3,-3,-1,2,5,-4,0,-2
6775,resize,5,5,5,1,1,1,-1,-2,-2,1,-2,4,-1,-1,0,1,5,1,-1,-2,-2,1,-2,4,-1,-1,0,1
6776,resize,8,8,8,1,1,1,-2,-1,-1,-2,-1,1,1,-4,5,-1,8,1,-2,-1,-1,-2,-1,1,1,-4,5,-1
6777,resize,6,6,6,1,1,1,0,-2,-3,-4,-2,2,6,-4,1,-2,6,1,0,-2,-3,-4,-2,2,6,-4,1,-2
6778,resize,9,9,9,1,1,1,-2,-3,-3,-1,1,-2,-5,-1,-1,5,9,1,-2,-3,-3,-1,1,-2,-5,-1,-1,5
6779,resize,0,0,0,1,1,1,5,-3,0,-2,-2,-1,1,-1,-1,-1,0,1,5,-3,0,-2,-2,-1,1,-1,-1,-1
6780,resize,4,4,4,1,1,1,-2,-1,-3,-3,3,-2,-3,-1,0,2,4,1,-2,-1,-3,-3,3,-2,-3,-1,0,2
6781,resize,0,0,0,1,1,1,5,-2,-1,-1,-1,-1,1,-2,-1,-1,0,1,5,-2,-1,-1,-1,-1,1,-2,-1,-1
6782,resize,6,6,6,1,1,1,1,-2,-2,-3,-2,2,5,-4,1,-1,6,1,1,-2,-2,-3,-2,2,5,-4,1,-1
6783,resize,1,6,6,0,0,1,0,0,-1,-2,-1,0,2,-2,0,-2,6,1,0,0,-1,-2,-1,0,2,-2,0,-2
6784,resize,9,9,9,1,1,1,-2,-2,-3,-1,1,-2,-4,-1,0,4,9,1,-2,-2,-3,-1,1,-2,-4,-1,0,4
6785,resize,2,2,2,1,1,1,-1,1,3,-1,-1,-2,-2,0,-2,-3,2,1,-1,1,3,-1,-1,-2,-2,0,-2,-3
6786,resize,0,0,0,1,1,1,5,-3,-1,-2,-2,-1,0,-1,-1,-1,0,1,5,-3,-1,-2,-2,-1,0,-1,-1,-1
6787,resize,9,9,9,1,1,1,-2,-1,-4,-2,1,-1,-4,-1,-1,4,9,1,-2,-1,-4,-2,1,-1,-4,-1,-1,4
6788,resize,5,5,5,1,1,1,-3,0,-2,1,-1,4,0,0,0,-1,5,1,-3,0,-2,1,-1,4,0,0,0,-1
6789,resize,1,1,1,1,1,1,-3,5,-2,-4,-1,-1,-1,0,-1,-2,1,1,-3,5,-2,-4,-1,-1,-1,0,-1,-2
6790,resize,3,3,3,1,1,1,0,-2,0,4,-4,0,-3,-1,1,0,3,1,0,-2,0,4,-4,0,-3,-1,1,0
6791,resize,7,7,7,1,1,1,-2,-1,-1,0,-1,-1,-5,2,-1,1,7,1,-2,-1,-1,0,-1,-1,-5,2,-1,1
6792,resize,6,6,6,1,1,1,1,-2,-3,-3,-2,2,5,-4,0,-2,6,1,1,-2,-3,-3,-2,2,5,-4,0,-2
6793,resize,9,9,9,1,1,1,-1,-1,-3,-2,1,-1,-3,-1,0,3,9,1,-1,-1,-3,-2,1,-1,-3,-1,0,3
6794,resize,3,3,3,1,1,1,-3,-1,-1,6,-5,1,-4,-1,0,-1,3,1,-3,-1,-1,6,-5,1,-4,-1,0,-1
6795,resize,0,0,0,1,1,1,5,-3,-1,-2,-2,0,2,-2,-1,-1,0,1,5,-3,-1,-2,-2,0,2,-2,-1,-1
6796,resize,2,2,2,1,1,1,0,1,4,0,-2,-2,-2,0,-1,-3,2,1,0,1,4,0,-2,-2,-2,0,-1,-3
6797,resize,2,2,2,1,1,1,-1,1,5,0,-2,-3,-2,1,-1,-3,2,1,-1,1,5,0,-2,-3,-2,1,-1,-3
6798,resize,0,0,0,1,1,1,5,-2,-1,-1,-3,1,1,-2,-1,0,0,1,5,-2,-1,-1,-3,1,1,-2,-1,0
6799,resize,1,1,1,1,1,1,-4,4,-2,-3,0,-1,-2,1,-2,-1,1,1,-4,4,-2,-3,0,-1,-2,1,-2,-1
6800,resize,2,2,2,1,1,1,0,1,6,-1,-3,-4,-1,0,-3,-6,2,1,0,1,6,-1,-3,-4,-1,0,-3,-6
6801,resize,3,3,3,1,1,1,-2,-1,-1,5,-4,3,-2,-2,-1,-1,3,1,-2,-1,-1,5,-4,3,-2,-2,-1,-1
6802,resize,4,4,4,1,1,1,-3,0,-1,-4,5,-3,-2,0,-3,-1,4,1,-3,0,-1,-4,5,-3,-2,0,-3,-1
6803,resize,5,5,5,1,1,1,-4,-1,-4,1,-3,7,-1,-2,0,2,5,1,-4,-1,-4,1,-3,7,-1,-2,0,2
6804,resize,6,6,6,1,1,1,-1,-1,-2,-3,0,1,6,-3,0,-4,6,1,-1,-1,-2,-3,0,1,6,-3,0,-4
6805,resize,7,7,7,1,1,1,-2,1,1,0,-1,-1,-4,3,-1,-1,7,1,-2,1,1,0,-1,-1,-4,3,-1,-1
6806,resize,8,8,8,1,1,1,-1,-1,0,1,-2,-1,-2,-2,3,0,8,1,-1,-1,0,1,-2,-1,-2,-2,3,0
6807,resize,9,9,9,1,1,1,-2,-1,-2,-2,1,-1,-3,-1,0,3,9,1,-2,-1,-2,-2,1,-1,-3,-1,0,3
6808,resize,0,0,0,1,1,1,5,-3,-1,0,-3,0,0,-2,0,0,0,1,5,-3,-1,0,-3,0,0,-2,0,0
6809,resize,1,1,1,1,1,1,-2,3,-1,-2,0,-1,-2,1,-1,-1,1,1,-2,3,-1,-2,0,-1,-2,1,-1,-1
6810,resize,2,2,2,1,1,1,0,1,6,0,-4,-4,-2,1,-1,-5,2,1,0,1,6,0,-4,-4,-2,1,-1,-5
6811,resize,3,3,3,1,1,1,-4,0,0,5,-3,1,-3,0,-1,-3,3,1,-4,0,0,5,-3,1,-3,0,-1,-3
6812,resize,4,4,4,1,1,1,-3,0,0,-3,4,-3,-4,0,-3,-1,4,1,-3,0,0,-3,4,-3,-4,0,-3,-1
6813,resize,5,5,5,1,1,1,-3,-1,-2,-1,-2,5,0,-2,1,1,5,1,-3,-1,-2,-1,-2,5,0,-2,1,1
6814,resize,6,6,6,1,1,1,-1,-1,-3,-3,0,2,6,-3,-1,-4,6,1,-1,-1,-3,-3,0,2,6,-3,-1,-4
6815,resize,7,7,7,1,1,1,-3,0,1,0,-1,-2,-6,5,-1,-1,7,1,-3,0,1,0,-1,-2,-6,5,-1,-1
6816,resize,8,8,8,1,1,1,-2,-2,0,0,-3,-1,0,-3,5,-1,8,1,-2,-2,0,0,-3,-1,0,-3,5,-1
6817,resize,9,9,9,1,1,1,-2,-2,-2,-2,2,-2,-4,0,0,3,9,1,-2,-2,-2,-2,2,-2,-4,0,0,3
6818,resize,0,0,0,1,1,1,4,-1,0,-1,-3,1,0,-1,0,-2,0,1,4,-1,0,-1,-3,1,0,-1,0,-2
6819,resize,1,1,1,1,1,1,-4,4,-2,-3,-1,-1,-2,0,-2,-1,1,1,-4,4,-2,-3,-1,-1,-2,0,-2,-1
6820,resize,2,2,2,1,1,1,0,1,6,-1,-3,-4,-2,1,-2,-5,2,1,0,1,6,-1,-3,-4,-2,1,-2,-5
6821,resize,3,3,3,1,1,1,-3,-1,-2,6,-4,3,-2,-1,-1,-1,3,1,-3,-1,-2,6,-4,3,-2,-1,-1,-1
6822,resize,4,4,4,1,1,1,-4,0,-1,-4,5,-3,-4,0,-3,-1,4,1,-4,0,-1,-4,5,-3,-4,0,-3,-1
6823,resize,5,5,5,1,1,1,-3,-2,-3,0,-2,6,-1,-2,0,1,5,1,-3,-2,-3,0,-2,6,-1,-2,0,1
6824,resize,6,6,6,1,1,1,-1,-2,-4,-2,0,1,6,-3,0,-3,6,1,-1,-2,-4,-2,0,1,6,-3,0,-3
6825,resize,7,7,7,1,1,1,-3,1,0,0,-1,-1,-4,3,-1,0,7,1,-3,1,0,0,-1,-1,-4,3,-1,0
6826,resize,8,8,8,1,1,1,-1,-2,-1,-1,-1,0,-1,-3,5,0,8,1,-1,-2,-1,-1,-1,0,-1,-3,5,0
6827,resize,9,9,9,1,1,1,-2,-1,-2,-1,1,-1,-3,-1,0,4,9,1,-2,-1,-2,-1,1,-1,-3,-1,0,4
6828,resize,2,2,2,1,1,1,1,1,6,-1,-3,-4,-2,0,-2,-4,2,1,1,1,6,-1,-3,-4,-2,0,-2,-4
6829,resize,1,1,1,1,1,1,-3,4,-1,-3,-1,-1,-2,1,-1,0,1,1,-3,4,-1,-3,-1,-1,-2,1,-1,0
6830,resize,7,7,7,1,1,1,-1,0,1,0,-1,-1,-4,3,-1,0,7,1,-1,0,1,0,-1,-1,-4,3,-1,0
6831,resize,2,2,2,1,1,1,-1,1,5,1,-4,-4,-3,1,-1,-4,2,1,-1,1,5,1,-4,-4,-3,1,-1,-4
6832,resize,5,5,5,1,1,1,-3,-1,-2,1,-2,6,-1,-1,0,2,5,1,-3,-1,-2,1,-2,6,-1,-1,0,2
6833,resize,0,0,0,1,1,1,5,-3,-1,-1,-3,-1,-1,-1,-1,1,0,1,5,-3,-1,-1,-3,-1,-1,-1,-1,1
6834,resize,8,8,8,1,1,1,0,-2,-1,1,-3,-1,-2,-2,5,0,8,1,0,-2,-1,1,-3,-1,-2,-2,5,0
6835,resize,0,0,0,1,1,1,4,-2,-1,-1,-1,0,1,-1,-1,0,0,1,4,-2,-1,-1,-1,0,1,-1,-1,0
6836,resize,2,2,2,1,1,1,-1,1,6,-1,-3,-4,0,0,-2,-6,2,1,-1,1,6,-1,-3,-4,0,0,-2,-6
6837,resize,7,7,7,1,1,1,-2,-1,1,0,0,-1,-5,4,-1,0,7,1,-2,-1,1,0,0,-1,-5,4,-1,0
6838,resize,8,8,8,1,1,1,-1,-2,-2,0,-2,0,-1,-3,6,0,8,1,-1,-2,-2,0,-2,0,-1,-3,6,0
6839,resize,8,8,8,1,1,1,-2,-2,-1,1,-2,-1,-2,-2,5,-1,8,1,-2,-2,-1,1,-2,-1,-2,-2,5,-1
6840,resize,3,3,3,1,1,1,-2,0,0,4,-3,1,-2,-1,-1,-1,3,1,-2,0,0,4,-3,1,-2,-1,-1,-1
6841,resize,0,0,0,1,1,1,4,-1,1,-1,-3,-1,-1,-1,-1,-1,0,1,4,-1,1,-1,-3,-1,-1,-1,-1,-1
6842,resize,6,6,6,1,1,1,-1,-1,-3,-3,0,1,6,-3,0,-3,6,1,-1,-1,-3,-3,0,1,6,-3,0,-3
6843,resize,0,0,0,1,1,1,5,-1,0,-1,-3,1,1,-1,0,-1,0,1,5,-1,0,-1,-3,1,1,-1,0,-1
6844,resize,2,2,2,1,1,1,0,1,6,-1,-3,-4,-1,0,-2,-4,2,1,0,1,6,-1,-3,-4,-1,0,-2,-4
6845,resize,7,7,7,1,1,1,-1,0,1,0,-1,-1,-5,4,-1,0,7,1,-1,0,1,0,-1,-1,-5,4,-1,0
6846,resize,6,6,6,1,1,1,-1,-1,-2,-2,0,1,5,-3,0,-3,6,1,-1,-1,-2,-2,0,1,5,-3,0,-3
6847,resize,6,6,6,1,1,1,-1,-1,-2,-2,1,0,3,-1,-1,-2,6,1,-1,-1,-2,-2,1,0,3,-1,-1,-2
6848,resize,1,1,1,1,1,1,-3,4,-1,-3,-1,-1,-2,1,-2,-1,1,1,-3,4,-1,-3,-1,-1,-2,1,-2,-1
6849,resize,2,2,2,1,1,1,1,1,6,0,-3,-4,-3,1,-2,-4,2,1,1,1,6,0,-3,-4,-3,1,-2,-4
6850,resize,8,8,8,1,1,1,-1,-2,-2,-1,-2,-1,-1,-3,6,0,8,1,-1,-2,-2,-1,-2,-1,-1,-3,6,0
6851,resize,8,8,8,1,1,1,-1,-1,-1,0,-1,0,-1,-2,4,-1,8,1,-1,-1,-1,0,-1,0,-1,-2,4,-1
6852,resize,7,7,7,1,1,1,-1,0,1,0,-1,-1,-4,3,-1,-1,7,1,-1,0,1,0,-1,-1,-4,3,-1,-1
6853,resize,7,7,7,1,1,1,-2,0,1,1,-1,-1,-5,4,-1,0,7,1,-2,0,1,1,-1,-1,-5,4,-1,0
6854,resize,4,4,4,1,1,1,-5,-1,-3,-4,5,-3,-2,-1,-1,-2,4,1,-5,-1,-3,-4,5,-3,-2,-1,-1,-2
6855,resize,7,7,7,1,1,1,-3,-1,-2,0,0,-1,-5,5,-2,0,7,1,-3,-1,-2,0,0,-1,-5,5,-2,0
6856,resize,7,7,7,1,1,1,-2,0,0,0,0,-1,-4,3,-1,0,7,1,-2,0,0,0,0,-1,-4,3,-1,0
6857,resize,3,3,3,1,1,1,-3,-1,-1,5,-4,1,-3,-1,0,-1,3,1,-3,-1,-1,5,-4,1,-3,-1,0,-1
6858,resize,7,7,7,1,1,1,-2,0,-1,0,0,-1,-4,4,-2,-1,7,1,-2,0,-1,0,0,-1,-4,4,-2,-1
6859,resize,4,4,4,1,1,1,-6,-1,-2,-3,6,-3,-4,-1,-1,-2,4,1,-6,-1,-2,-3,6,-3,-4,-1,-1,-2
6860,resize,5,5,5,1,1,1,-3,-1,-3,1,-3,7,-1,-1,-1,1,5,1,-3,-1,-3,1,-3,7,-1,-1,-1,1
6861,resize,4,4,4,1,1,1,-4,-1,-1,-4,6,-3,-4,0,-3,-2,4,1,-4,-1,-1,-4,6,-3,-4,0,-3,-2
6862,resize,3,3,3,1,1,1,-3,0,0,5,-4,0,-3,-1,0,-1,3,1,-3,0,0,5,-4,0,-3,-1,0,-1
6863,resize,3,3,3,1,1,1,-4,0,-1,6,-4,1,-3,-1,0,-1,3,1,-4,0,-1,6,-4,1,-3,-1,0,-1
6864,resize,8,8,8,1,1,1,-2,-1,-1,0,-2,0,-1,-3,5,-1,8,1,-2,-1,-1,0,-2,0,-1,-3,5,-1
6865,resize,4,4,4,1,1,1,-3,-1,-1,-3,5,-2,-3,0,-3,0,4,1,-3,-1,-1,-3,5,-2,-3,0,-3,0
6866,resize,5,5,5,1,1,1,-3,-2,-4,2,-3,7,-1,-2,0,2,5,1,-3,-2,-4,2,-3,7,-1,-2,0,2
6867,resize,4,4,4,1,1,1,-4,0,-2,-2,4,-2,-3,0,-1,0,4,1,-4,0,-2,-2,4,-2,-3,0,-1,0
6868,resize,1,1,1,1,1,1,-2,4,-2,-3,-1,0,-1,-1,-1,-1,1,1,-2,4,-2,-3,-1,0,-1,-1,-1,-1
6869,resize,1,1,1,1,1,1,-3,4,-1,-2,0,-1,-2,2,-2,-1,1,1,-3,4,-1,-2,0,-1,-2,2,-2,-1
6870,resize,9,9,9,1,1,1,-3,-1,-2,-2,2,-1,-4,0,0,4,9,1,-3,-1,-2,-2,2,-1,-4,0,0,4
6871,resize,7,7,7,1,1,1,-1,0,1,0,-1,-2,-5,4,-1,0,7,1,-1,0,1,0,-1,-2,-5,4,-1,0
6872,resize,4,4,4,1,1,1,-2,0,0,-2,4,-2,-2,1,-3,-1,4,1,-2,0,0,-2,4,-2,-2,1,-3,-1
6873,resize,3,3,3,1,1,1,-4,0,0,6,-4,1,-3,-1,0,-2,3,1,-4,0,0,6,-4,1,-3,-1,0,-2
6874,resize,7,7,7,1,1,1,-2,0,1,0,0,-2,-4,4,-2,-1,7,1,-2,0,1,0,0,-2,-4,4,-2,-1
6875,resize,3,3,3,1,1,1,-4,-1,-1,6,-5,2,-3,-1,0,-2,3,1,-4,-1,-1,6,-5,2,-3,-1,0,-2
6876,resize,3,3,3,1,1,1,-3,0,0,5,-4,1,-2,-1,-1,-2,3,1,-3,0,0,5,-4,1,-2,-1,-1,-2
6877,resize,0,0,0,1,1,1,5,-2,-2,-1,-2,-1,0,-1,-1,1,0,1,5,-2,-2,-1,-2,-1,0,-1,-1,1
6878,resize,2,2,2,1,1,1,-1,1,5,-1,-2,-3,1,-1,-2,-5,2,1,-1,1,5,-1,-2,-3,1,-1,-2,-5
6879,resize,5,5,5,1,1,1,-3,-1,-3,0,-3,7,0,-2,1,0,5,1,-3,-1,-3,0,-3,7,0,-2,1,0
6880,resize,5,5,5,1,1,1,-3,0,-2,0,-2,7,-1,-1,-1,2,5,1,-3,0,-2,0,-2,7,-1,-1,-1,2
6881,resize,6,6,6,1,1,1,-1,-1,-3,-3,0,1,7,-3,0,-4,6,1,-1,-1,-3,-3,0,1,7,-3,0,-4
6882,resize,3,3,3,1,1,1,-3,0,-1,5,-3,1,-2,0,0,-2,3,1,-3,0,-1,5,-3,1,-2,0,0,-2
6883,resize,1,1,1,1,1,1,-3,4,0,-3,0,-1,0,0,-3,-3,1,1,-3,4,0,-3,0,-1,0,0,-3,-3
6884,resize,5,5,5,1,1,1,-2,-2,-3,1,-3,6,-1,-3,0,2,5,1,-2,-2,-3,1,-3,6,-1,-3,0,2
6885,resize,2,2,2,1,1,1,-1,1,5,-1,-1,-3,0,0,-2,-5,2,1,-1,1,5,-1,-1,-3,0,0,-2,-5
6886,resize,5,5,5,1,1,1,-3,-1,-2,1,-2,5,0,-2,1,1,5,1,-3,-1,-2,1,-2,5,0,-2,1,1
6887,resize,9,9,9,1,1,1,-3,-2,-3,-1,1,-1,-5,-1,-1,5,9,1,-3,-2,-3,-1,1,-1,-5,-1,-1,5
6888,resize,9,9,9,1,1,1,-2,-1,-2,-1,1,-1,-4,0,-2,4,9,1,-2,-1,-2,-1,1,-1,-4,0,-2,4
6889,resize,8,8,8,1,1,1,-1,-2,-1,0,-1,-1,-2,-2,5,0,8,1,-1,-2,-1,0,-1,-1,-2,-2,5,0
6890,resize,4,4,4,1,1,1,-4,-1,-1,-3,5,-3,-3,0,-3,-2,4,1,-4,-1,-1,-3,5,-3,-3,0,-3,-2
6891,resize,1,1,1,1,1,1,-3,3,-2,-2,0,0,-2,1,-2,0,1,1,-3,3,-2,-2,0,0,-2,1,-2,0
6892,resize,0,0,0,1,1,1,6,-2,-1,-1,-3,-1,0,-1,-1,0,0,1,6,-2,-1,-1,-3,-1,0,-1,-1,0
6893,resize,6,6,6,1,1,1,0,-1,-3,-2,0,2,6,-3,0,-3,6,1,0,-1,-3,-2,0,2,6,-3,0,-3
6894,resize,0,0,0,1,1,1,3,-1,0,0,-3,0,-1,-1,0,-2,0,1,3,-1,0,0,-3,0,-1,-1,0,-2
6895,resize,9,9,9,1,1,1,-3,0,-2,-2,2,-2,-4,0,0,3,9,1,-3,0,-2,-2,2,-2,-4,0,0,3
6896,resize,6,6,6,1,1,1,-2,-1,-3,-3,0,1,6,-3,0,-4,6,1,-2,-1,-3,-3,0,1,6,-3,0,-4
6897,resize,8,8,8,1,1,1,0,-2,0,-1,-2,-1,-2,-2,5,0,8,1,0,-2,0,-1,-2,-1,-2,-2,5,0
6898,resize,8,8,8,1,1,1,-1,-1,-1,0,-1,-1,-2,-2,4,1,8,1,-1,-1,-1,0,-1,-1,-2,-2,4,1
6899,resize,5,5,5,1,1,1,-2,0,-1,0,-2,4,0,-2,1,1,5,1,-2,0,-1,0,-2,4,0,-2,1,1
6900,resize,6,6,6,1,1,1,-1,-1,-2,-2,0,0,5,-2,-1,-3,6,1,-1,-1,-2,-2,0,0,5,-2,-1,-3
6901,resize,1,1,1,1,1,1,-4,4,-2,-3,0,-1,-2,1,-2,0,1,1,-4,4,-2,-3,0,-1,-2,1,-2,0
6902,resize,1,1,1,1,1,1,-3,3,0,-2,0,-1,-2,1,-2,-1,1,1,-3,3,0,-2,0,-1,-2,1,-2,-1
6903,resize,9,9,9,1,1,1,-1,-2,-3,0,-1,0,-4,0,-1,4,9,1,-1,-2,-3,0,-1,0,-4,0,-1,4
6904,resize,8,8,8,1,1,1,-1,-2,0,0,-2,-1,-1,-3,4,0,8,1,-1,-2,0,0,-2,-1,-1,-3,4,0
6905,resize,9,9,9,1,1,1,-2,-1,-2,0,0,0,-3,-2,0,3,9,1,-2,-1,-2,0,0,0,-3,-2,0,3
6906,resize,2,2,2,1,1,1,0,1,4,-2,0,-2,1,-1,-3,-4,2,1,0,1,4,-2,0,-2,1,-1,-3,-4
6907,resize,3,3,3,1,1,1,-3,-1,-2,5,-4,1,-3,-1,0,0,3,1,-3,-1,-2,5,-4,1,-3,-1,0,0
6908,resize,5,5,5,1,1,1,-2,-1,-2,-1,-3,7,0,-3,1,1,5,1,-2,-1,-2,-1,-3,7,0,-3,1,1
6909,resize,5,5,5,1,1,1,-2,0,-1,-1,-1,3,0,-1,1,1,5,1,-2,0,-1,-1,-1,3,0,-1,1,1
6910,resize,9,9,9,1,1,1,-2,-1,-2,-2,2,-2,-4,0,-1,3,9,1,-2,-1,-2,-2,2,-2,-4,0,-1,3
6911,resize,4,4,4,1,1,1,-4,-1,-1,-3,5,-3,-3,0,-3,-2,4,1,-4,-1,-1,-3,5,-3,-3,0,-3,-2
6912,resize,2,2,2,1,1,1,-1,1,4,0,-2,-2,-1,0,-2,-4,2,1,-1,1,4,0,-2,-2,-1,0,-2,-4
6913,resize,1,1,1,1,1,1,-3,4,-1,-4,0,-1,-2,0,-2,-1,1,1,-3,4,-1,-4,0,-1,-2,0,-2,-1
6914,resize,9,9,9,1,1,1,-2,-1,-2,-2,1,-1,-3,-1,0,3,9,1,-2,-1,-2,-2,1,-1,-3,-1,0,3
6915,resize,4,4,4,1,1,1,-3,0,0,-3,5,-2,-3,0,-4,-1,4,1,-3,0,0,-3,5,-2,-3,0,-4,-1
6916,resize,9,9,9,1,1,1,-2,-2,-3,-2,1,-2,-3,-1,0,4,9,1,-2,-2,-3,-2,1,-2,-3,-1,0,4
6917,resize,1,1,1,1,1,1,-3,4,-2,-3,0,-1,-2,0,-1,0,1,1,-3,4,-2,-3,0,-1,-2,0,-1,0
6918,resize,3,3,3,1,1,1,-3,0,0,5,-4,1,-2,-1,0,-1,3,1,-3,0,0,5,-4,1,-2,-1,0,-1
6919,resize,9,9,9,1,1,1,-2,-1,-3,-1,1,-1,-4,0,-1,3,9,1,-2,-1,-3,-1,1,-1,-4,0,-1,3
6920,resize,2,2,2,1,1,1,0,1,7,-1,-4,-4,-2,1,-2,-5,2,1,0,1,7,-1,-4,-4,-2,1,-2,-5
6921,resize,0,0,0,1,1,1,6,-3,-1,-1,-3,-1,-1,-2,-1,0,0,1,6,-3,-1,-1,-3,-1,-1,-2,-1,0
6922,resize,6,6,6,1,1,1,0,-1,-1,-1,0,0,4,-2,0,-2,6,1,0,-1,-1,-1,0,0,4,-2,0,-2
6923,resize,0,0,0,1,1,1,5,-2,0,-1,-2,-1,-1,0,-1,-1,0,1,5,-2,0,-1,-2,-1,-1,0,-1,-1
6924,resize,4,4,4,1,1,1,-3,0,0,-2,3,-2,-3,0,-2,-2,4,1,-3,0,0,-2,3,-2,-3,0,-2,-2
6925,resize,0,0,0,1,1,1,4,-2,-1,-2,-3,0,-1,0,0,-2,0,1,4,-2,-1,-2,-3,0,-1,0,0,-2
6926,resize,6,6,6,1,1,1,-1,0,-2,-2,1,1,3,-1,-1,-2,6,1,-1,0,-2,-2,1,1,3,-1,-1,-2
6927,resize,0,0,0,1,1,1,6,-3,-1,-2,-3,-1,0,-1,-1,-1,0,1,6,-3,-1,-2,-3,-1,0,-1,-1,-1
6928,resize,1,1,1,1,1,1,-2,4,-2,-4,-1,-1,-1,0,-2,-1,1,1,-2,4,-2,-4,-1,-1,-1,0,-2,-1
6929,resize,2,2,2,1,1,1,-2,0,5,1,-3,-2,-1,-1,0,-5,2,1,-2,0,5,1,-3,-2,-1,-1,0,-5
6930,resize,3,3,3,1,1,1,-3,-1,-1,6,-4,1,-3,-1,0,-1,3,1,-3,-1,-1,6,-4,1,-3,-1,0,-1
6931,resize,4,4,4,1,1,1,-4,-1,-2,-3,5,-2,-4,0,-2,0,4,1,-4,-1,-2,-3,5,-2,-4,0,-2,0
6932,resize,5,5,5,1,1,1,-2,-1,-3,1,-2,7,0,-2,0,1,5,1,-2,-1,-3,1,-2,7,0,-2,0,1
6933,resize,6,6,6,1,1,1,0,-1,-4,-3,0,1,6,-4,-1,-3,6,1,0,-1,-4,-3,0,1,6,-4,-1,-3
6934,resize,7,7,7,1,1,1,-2,0,-1,0,-1,-1,-5,4,-1,-1,7,1,-2,0,-1,0,-1,-1,-5,4,-1,-1
6935,resize,8,8,8,1,1,1,0,-2,-2,0,-2,0,-1,-3,5,-1,8,1,0,-2,-2,0,-2,0,-1,-3,5,-1
6936,resize,9,9,9,1,1,1,-2,-2,-2,-1,0,-1,-4,0,-1,5,9,1,-2,-2,-2,-1,0,-1,-4,0,-1,5
6937,resize,0,0,0,1,1,1,4,-2,0,-1,-1,-1,1,-1,-2,-1,0,1,4,-2,0,-1,-1,-1,1,-1,-2,-1
6938,resize,1,1,1,1,1,1,-2,4,-1,-3,-1,-1,-1,0,-1,-2,1,1,-2,4,-1,-3,-1,-1,-1,0,-1,-2
6939,resize,2,2,2,1,1,1,-1,1,4,0,-2,-2,-1,-1,0,-3,2,1,-1,1,4,0,-2,-2,-1,-1,0,-3
6940,resize,3,3,3,1,1,1,-1,-2,-1,5,-4,2,-2,-2,0,0,3,1,-1,-2,-1,5,-4,2,-2,-2,0,0
6941,resize,4,4,4,1,1,1,-4,-1,-2,-4,6,-2,-4,-1,-3,-1,4,1,-4,-1,-2,-4,6,-2,-4,-1,-3,-1
6942,resize,5,5,5,1,1,1,-3,-2,-3,2,-3,7,-1,-2,0,1,5,1,-3,-2,-3,2,-3,7,-1,-2,0,1
6943,resize,6,6,6,1,1,1,1,-1,-3,-3,0,1,5,-3,-1,-2,6,1,1,-1,-3,-3,0,1,5,-3,-1,-2
6944,resize,7,7,7,1,1,1,-1,-1,-1,-1,-1,-1,-6,5,-1,0,7,1,-1,-1,-1,-1,-1,-1,-6,5,-1,0
6945,resize,8,8,8,1,1,1,-2,-1,-2,-2,1,0,-2,-1,3,0,8,1,-2,-1,-2,-2,1,0,-2,-1,3,0
6946,resize,9,9,9,1,1,1,-2,-3,-3,0,0,-1,-5,-1,-1,4,9,1,-2,-3,-3,0,0,-1,-5,-1,-1,4
6947,resize,0,0,0,1,1,1,6,-3,-1,-1,-2,-1,0,-1,-2,0,0,1,6,-3,-1,-1,-2,-1,0,-1,-2,0
6948,resize,1,1,1,1,1,1,-2,4,-2,-4,-1,0,-1,-1,-1,-2,1,1,-2,4,-2,-4,-1,0,-1,-1,-1,-2
6949,resize,2,2,2,1,1,1,-2,1,6,0,-3,-3,-1,-1,0,-5,2,1,-2,1,6,0,-3,-3,-1,-1,0,-5
6950,resize,3,3,3,1,1,1,-1,-2,0,5,-5,0,-3,-1,1,0,3,1,-1,-2,0,5,-5,0,-3,-1,1,0
6951,resize,4,4,4,1,1,1,-4,-1,-3,-4,6,-2,-3,-2,-2,0,4,1,-4,-1,-3,-4,6,-2,-3,-2,-2,0
6952,resize,5,5,5,1,1,1,-2,-2,-4,0,-2,6,0,-2,0,0,5,1,-2,-2,-4,0,-2,6,0,-2,0,0
6953,resize,6,6,6,1,1,1,0,-1,-4,-3,0,1,6,-4,-1,-4,6,1,0,-1,-4,-3,0,1,6,-4,-1,-4
6954,resize,7,7,7,1,1,1,0,-1,-1,1,-1,-1,-4,2,0,0,7,1,0,-1,-1,1,-1,-1,-4,2,0,0
6955,resize,8,8,8,1,1,1,0,-2,-2,0,-3,0,-2,-3,5,0,8,1,0,-2,-2,0,-3,0,-2,-3,5,0
6956,resize,9,9,9,1,1,1,-2,-3,-3,-1,0,-1,-4,0,-1,4,9,1,-2,-3,-3,-1,0,-1,-4,0,-1,4
6957,resize,3,3,3,1,1,1,-2,-2,-1,7,-6,2,-3,-2,1,0,3,1,-2,-2,-1,7,-6,2,-3,-2,1,0
6958,resize,8,8,8,1,1,1,-1,-2,-2,0,-2,1,-1,-2,5,-1,8,1,-1,-2,-2,0,-2,1,-1,-2,5,-1
6959,resize,0,0,0,1,1,1,6,-2,-1,-2,-2,-1,1,-1,-2,0,0,1,6,-2,-1,-2,-2,-1,1,-1,-2,0
6960,resize,7,7,7,1,1,1,-2,0,0,0,-1,-1,-4,4,-1,0,7,1,-2,0,0,0,-1,-1,-4,4,-1,0
6961,resize,1,1,1,1,1,1,-3,4,-1,-3,-1,-1,-2,1,-2,-1,1,1,-3,4,-1,-3,-1,-1,-2,1,-2,-1
6962,resize,0,0,0,1,1,1,5,-2,-1,-2,-2,0,1,-2,-1,-1,0,1,5,-2,-1,-2,-2,0,1,-2,-1,-1
6963,resize,7,7,7,1,1,1,-2,0,0,0,-1,-1,-5,4,-1,-1,7,1,-2,0,0,0,-1,-1,-5,4,-1,-1
6964,resize,5,5,5,1,1,1,-2,-3,-3,2,-3,6,-1,-2,0,2,5,1,-2,-3,-3,2,-3,6,-1,-2,0,2
6965,resize,5,5,5,1,1,1,-2,-1,-3,0,-1,6,-1,-2,0,2,5,1,-2,-1,-3,0,-1,6,-1,-2,0,2
6966,resize,6,6,6,1,1,1,0,-2,-4,-3,0,2,5,-3,-1,-2,6,1,0,-2,-4,-3,0,2,5,-3,-1,-2
6967,resize,9,9,9,1,1,1,-2,-2,-3,0,0,-1,-4,-1,-1,4,9,1,-2,-2,-3,0,0,-1,-4,-1,-1,4
6968,resize,0,0,0,1,1,1,4,-3,-1,-2,-2,-1,0,-1,0,-1,0,1,4,-3,-1,-2,-2,-1,0,-1,0,-1
6969,resize,1,1,1,1,1,1,-1,4,-1,-3,-2,-1,-1,-1,0,-2,1,1,-1,4,-1,-3,-2,-1,-1,-1,0,-2
6970,resize,0,0,0,1,1,1,5,-3,-1,-2,-2,-1,0,-1,-2,-1,0,1,5,-3,-1,-2,-2,-1,0,-1,-2,-1
6971,resize,0,0,0,1,1,1,6,-3,0,-2,-3,-1,0,0,0,-2,0,1,6,-3,0,-2,-3,-1,0,0,0,-2
6972,resize,8,8,8,1,1,1,-1,-2,-1,-1,-1,-1,-1,-3,6,0,8,1,-1,-2,-1,-1,-1,-1,-1,-3,6,0
6973,resize,3,3,3,1,1,1,-2,-1,-2,6,-5,2,-3,-2,0,0,3,1,-2,-1,-2,6,-5,2,-3,-2,0,0
6974,resize,4,4,4,1,1,1,-4,-1,-2,-4,5,-2,-4,-1,-2,0,4,1,-4,-1,-2,-4,5,-2,-4,-1,-2,0
6975,resize,3,3,3,1,1,1,-1,-2,-1,5,-4,1,-2,-1,1,0,3,1,-1,-2,-1,5,-4,1,-2,-1,1,0
6976,resize,1,1,1,1,1,1,-2,4,-2,-3,-1,-1,-1,-1,0,-2,1,1,-2,4,-2,-3,-1,-1,-1,-1,0,-2
6977,resize,5,5,5,1,1,1,-2,-2,-4,2,-3,7,-2,-1,-1,2,5,1,-2,-2,-4,2,-3,7,-2,-1,-1,2
6978,resize,0,0,0,1,1,1,5,-2,-1,-2,-2,-1,-1,0,-1,-1,0,1,5,-2,-1,-2,-2,-1,-1,0,-1,-1
6979,resize,0,0,0,1,1,1,6,-2,-1,-2,-3,0,1,-1,-1,-2,0,1,6,-2,-1,-2,-3,0,1,-1,-1,-2
6980,resize,9,9,9,1,1,1,-2,-2,-4,-1,1,-1,-5,-1,-1,5,9,1,-2,-2,-4,-1,1,-1,-5,-1,-1,5
6981,resize,5,5,5,1,1,1,-2,-2,-3,1,-2,5,0,-2,0,1,5,1,-2,-2,-3,1,-2,5,0,-2,0,1
6982,resize,3,3,3,1,1,1,-3,-1,-1,6,-5,2,-3,-1,0,0,3,1,-3,-1,-1,6,-5,2,-3,-1,0,0
6983,resize,4,4,4,1,1,1,-4,0,-2,-3,4,-2,-4,0,-2,1,4,1,-4,0,-2,-3,4,-2,-4,0,-2,1
6984,resize,9,9,9,1,1,1,-1,-2,-3,0,0,-1,-4,1,-1,4,9,1,-1,-2,-3,0,0,-1,-4,1,-1,4
6985,resize,3,3,3,1,1,1,-3,-1,-1,6,-5,1,-3,-1,1,0,3,1,-3,-1,-1,6,-5,1,-3,-1,1,0
6986,resize,7,7,7,1,1,1,-1,-1,-1,0,0,-1,-4,3,-1,0,7,1,-1,-1,-1,0,0,-1,-4,3,-1,0
6987,resize,6,6,6,1,1,1,-1,-1,-2,-2,0,2,5,-4,-1,-4,6,1,-1,-1,-2,-2,0,2,5,-4,-1,-4
6988,resize,9,9,9,1,1,1,-2,-2,-4,0,0,-2,-5,-1,-1,5,9,1,-2,-2,-4,0,0,-2,-5,-1,-1,5
6989,resize,2,2,2,1,1,1,-2,1,6,-1,-1,-3,-2,-2,-1,-4,2,1,-2,1,6,-1,-1,-3,-2,-2,-1,-4
6990,resize,4,4,4,1,1,1,-4,0,-2,-1,3,0,-3,0,0,-1,4,1,-4,0,-2,-1,3,0,-3,0,0,-1
6991,resize,5,5,5,1,1,1,-3,-2,-3,1,-2,6,-1,-3,1,1,5,1,-3,-2,-3,1,-2,6,-1,-3,1,1
6992,resize,7,7,7,1,1,1,-2,-1,-1,0,-1,-1,-6,4,-1,0,7,1,-2,-1,-1,0,-1,-1,-6,4,-1,0
6993,resize,2,2,2,1,1,1,-2,1,6,-1,-1,-4,-3,-1,-1,-4,2,1,-2,1,6,-1,-1,-4,-3,-1,-1,-4
6994,resize,6,6,6,1,1,1,0,-1,-2,-2,-1,2,6,-4,0,-4,6,1,0,-1,-2,-2,-1,2,6,-4,0,-4
6995,resize,4,4,4,1,1,1,-4,-1,-2,-3,5,-2,-2,-1,-3,-2,4,1,-4,-1,-2,-3,5,-2,-2,-1,-3,-2
6996,resize,9,9,9,1,1,1,-1,-2,-3,0,0,-1,-4,-1,-1,4,9,1,-1,-2,-3,0,0,-1,-4,-1,-1,4
6997,resize,4,4,4,1,1,1,-4,-1,-3,-3,5,-2,-3,-1,0,0,4,1,-4,-1,-3,-3,5,-2,-3,-1,0,0
6998,resize,9,9,9,1,1,1,-1,-2,-3,-1,0,-1,-4,-1,0,4,9,1,-1,-2,-3,-1,0,-1,-4,-1,0,4
6999,resize,4,4,4,1,1,1,-3,-1,-2,-3,4,-2,-2,-1,-2,0,4,1,-3,-1,-2,-3,4,-2,-2,-1,-2,0
7000,resize,1,1,1,1,1,1,-2,4,-1,-3,-1,-1,-1,-1,-1,-2,1,1,-2,4,-1,-3,-1,-1,-1,-1,-1,-2
7001,resize,2,2,2,1,1,1,-1,0,3,0,-1,-1,-1,-1,0,-2,2,1,-1,0,3,0,-1,-1,-1,-1,0,-2
7002,resize,2,2,2,1,1,1,-1,0,5,0,-3,-3,-2,-1,1,-3,2,1,-1,0,5,0,-3,-3,-2,-1,1,-3
7003,resize,5,5,5,1,1,1,-3,-2,-3,1,-2,6,-1,-2,0,1,5,1,-3,-2,-3,1,-2,6,-1,-2,0,1
7004,resize,8,8,8,1,1,1,-1,-2,-2,0,-2,0,-1,-3,5,-1,8,1,-1,-2,-2,0,-2,0,-1,-3,5,-1
7005,resize,1,1,1,1,1,1,-2,4,-1,-3,0,-1,-1,0,-2,-1,1,1,-2,4,-1,-3,0,-1,-1,0,-2,-1
7006,resize,3,3,3,1,1,1,-3,0,-1,6,-5,1,-3,-1,0,-1,3,1,-3,0,-1,6,-5,1,-3,-1,0,-1
7007,resize,2,2,2,1,1,1,-2,1,6,0,-2,-3,-2,-1,-1,-4,2,1,-2,1,6,0,-2,-3,-2,-1,-1,-4
7008,resize,9,9,9,1,1,1,-1,-2,-2,0,0,-1,-3,-1,-1,4,9,1,-1,-2,-2,0,0,-1,-3,-1,-1,4
7009,resize,4,4,4,1,1,1,-4,-1,-2,-3,5,-2,-4,0,-2,0,4,1,-4,-1,-2,-3,5,-2,-4,0,-2,0
7010,resize,3,3,3,1,1,1,-3,-1,-1,6,-6,1,-4,-1,0,0,3,1,-3,-1,-1,6,-6,1,-4,-1,0,0
7011,resize,8,8,8,1,1,1,-1,-2,-1,-1,-2,-1,-2,-3,6,0,8,1,-1,-2,-1,-1,-2,-1,-2,-3,6,0
7012,resize,2,2,2,1,1,1,-2,1,5,0,-2,-3,-2,-1,0,-3,2,1,-2,1,5,0,-2,-3,-2,-1,0,-3
7013,resize,2,2,2,1,1,1,-2,1,6,-1,-1,-3,-2,-2,0,-3,2,1,-2,1,6,-1,-1,-3,-2,-2,0,-3
7014,resize,1,1,1,1,1,1,-1,3,-1,-3,-2,-1,0,-1,0,-2,1,1,-1,3,-1,-3,-2,-1,0,-1,0,-2
7015,resize,2,2,2,1,1,1,-1,0,5,0,-2,-3,-2,0,0,-4,2,1,-1,0,5,0,-2,-3,-2,0,0,-4
7016,resize,8,8,8,1,1,1,-1,-1,-2,0,-1,0,-1,-2,5,-1,8,1,-1,-1,-2,0,-1,0,-1,-2,5,-1
7017,resize,6,6,6,1,1,1,-1,-1,-3,-2,0,1,6,-3,-1,-4,6,1,-1,-1,-3,-2,0,1,6,-3,-1,-4
7018,resize,5,5,5,1,1,1,-3,-2,-3,0,-2,6,0,-2,0,2,5,1,-3,-2,-3,0,-2,6,0,-2,0,2
7019,resize,1,1,1,1,1,1,-3,4,-1,-3,0,-1,-2,0,-2,-1,1,1,-3,4,-1,-3,0,-1,-2,0,-2,-1
7020,resize,6,6,6,1,1,1,-1,-1,-2,-2,0,0,5,-3,-1,-4,6,1,-1,-1,-2,-2,0,0,5,-3,-1,-4
7021,resize,7,7,7,1,1,1,-1,-1,0,1,-1,-1,-5,3,0,0,7,1,-1,-1,0,1,-1,-1,-5,3,0,0
7022,resize,2,2,2,1,1,1,-1,1,6,0,-2,-3,-2,0,-2,-5,2,1,-1,1,6,0,-2,-3,-2,0,-2,-5
7023,resize,1,1,1,1,1,1,-2,4,-1,-2,-1,-1,-2,0,0,-1,1,1,-2,4,-1,-2,-1,-1,-2,0,0,-1
7024,resize,3,3,3,1,1,1,-2,-2,-3,6,-5,2,-3,-2,0,0,3,1,-2,-2,-3,6,-5,2,-3,-2,0,0
7025,resize,9,9,9,1,1,1,-2,-2,-2,-1,0,-1,-4,0,-1,4,9,1,-2,-2,-2,-1,0,-1,-4,0,-1,4
7026,resize,3,3,3,1,1,1,-4,-1,-2,7,-6,3,-4,-1,0,-1,3,1,-4,-1,-2,7,-6,3,-4,-1,0,-1
7027,resize,8,8,8,1,1,1,-1,-2,-2,0,-3,1,-1,-4,6,0,8,1,-1,-2,-2,0,-3,1,-1,-4,6,0
7028,resize,7,7,7,1,1,1,-1,-1,0,0,0,-1,-4,3,-1,0,7,1,-1,-1,0,0,0,-1,-4,3,-1,0
7029,resize,5,5,5,1,1,1,-3,-3,-5,2,-3,7,-1,-3,-1,2,5,1,-3,-3,-5,2,-3,7,-1,-3,-1,2
7030,resize,7,7,7,1,1,1,-2,0,0,0,-1,-1,-3,2,-1,0,7,1,-2,0,0,0,-1,-1,-3,2,-1,0
7031,resize,0,0,0,1,1,1,5,-2,0,-1,-3,-1,0,-2,-1,-2,0,1,5,-2,0,-1,-3,-1,0,-2,-1,-2
7032,resize,7,7,7,1,1,1,0,0,-1,-1,-1,0,-4,4,-1,-1,7,1,0,0,-1,-1,-1,0,-4,4,-1,-1
7033,resize,4,4,4,1,1,1,-2,-1,-2,-2,3,-2,-2,0,-2,1,4,1,-2,-1,-2,-2,3,-2,-2,0,-2,1
7034,resize,8,8,8,1,1,1,-1,-2,-2,-1,-1,0,-1,-3,6,0,8,1,-1,-2,-2,-1,-1,0,-1,-3,6,0
7035,resize,8,8,8,1,1,1,-1,-1,-1,0,-1,0,-1,-3,4,0,8,1,-1,-1,-1,0,-1,0,-1,-3,4,0
7036,resize,5,5,5,1,1,1,-1,-1,-2,-1,-2,7,0,-2,0,1,5,1,-1,-1,-2,-1,-2,7,0,-2,0,1
7037,resize,0,0,0,1,1,1,5,-3,-2,-2,-1,-1,2,-2,-2,0,0,1,5,-3,-2,-2,-1,-1,2,-2,-2,0
7038,resize,6,6,6,1,1,1,-1,-1,-3,-3,0,2,7,-3,0,-4,6,1,-1,-1,-3,-3,0,2,7,-3,0,-4
7039,resize,6,6,6,1,1,1,-1,-1,-2,-2,0,1,6,-4,0,-3,6,1,-1,-1,-2,-2,0,1,6,-4,0,-3
7040,resize,3,3,3,1,1,1,-2,-2,-1,7,-5,1,-3,-1,0,-1,3,1,-2,-2,-1,7,-5,1,-3,-1,0,-1
7041,resize,7,7,7,1,1,1,-3,0,0,0,-1,-1,-5,4,-1,-1,7,1,-3,0,0,0,-1,-1,-5,4,-1,-1
7042,resize,6,6,6,1,1,1,-1,-1,-2,-3,-1,1,6,-4,0,-4,6,1,-1,-1,-2,-3,-1,1,6,-4,0,-4
7043,resize,9,9,9,1,1,1,0,-2,-2,1,-2,0,-3,-1,-1,4,9,1,0,-2,-2,1,-2,0,-3,-1,-1,4
7044,resize,9,9,9,1,1,1,-2,-2,-3,-1,0,-1,-4,0,-2,4,9,1,-2,-2,-3,-1,0,-1,-4,0,-2,4
7045,resize,4,4,4,1,1,1,-4,0,-3,-4,4,-1,-2,-1,-2,0,4,1,-4,0,-3,-4,4,-1,-2,-1,-2,0
7046,resize,8,8,8,1,1,1,0,-2,-2,1,-3,0,-2,-3,5,0,8,1,0,-2,-2,1,-3,0,-2,-3,5,0
7047,resize,4,4,4,1,1,1,-3,-1,-2,-3,5,-2,-3,0,-2,-1,4,1,-3,-1,-2,-3,5,-2,-3,0,-2,-1
7048,resize,1,1,1,1,1,1,-2,4,-1,-3,-1,-1,-1,0,0,-3,1,1,-2,4,-1,-3,-1,-1,-1,0,0,-3
7049,resize,0,0,0,1,1,1,3,-2,-2,-2,-1,-1,2,-2,-1,-1,0,1,3,-2,-2,-2,-1,-1,2,-2,-1,-1
7050,resize,6,6,6,1,1,1,0,-1,-3,-2,-1,1,5,-4,0,-3,6,1,0,-1,-3,-2,-1,1,5,-4,0,-3
7051,resize,6,6,6,1,1,1,0,-1,-3,-3,-1,2,5,-4,0,-3,6,1,0,-1,-3,-3,-1,2,5,-4,0,-3
7052,resize,0,0,0,1,1,1,6,-3,-1,-2,-2,-2,0,-1,-1,-1,0,1,6,-3,-1,-2,-2,-2,0,-1,-1,-1
7053,resize,1,1,1,1,1,1,-2,4,-2,-3,-1,0,0,0,0,-2,1,1,-2,4,-2,-3,-1,0,0,0,0,-2
7054,resize,2,2,2,1,1,1,-1,1,4,0,-1,-3,-1,1,-2,-4,2,1,-1,1,4,0,-1,-3,-1,1,-2,-4
7055,resize,3,3,3,1,1,1,-4,0,-1,6,-5,1,-3,0,1,-2,3,1,-4,0,-1,6,-5,1,-3,0,1,-2
7056,resize,4,4,4,1,1,1,-5,0,-2,-3,5,-2,-3,0,-2,-1,4,1,-5,0,-2,-3,5,-2,-3,0,-2,-1
7057,resize,5,5,5,1,1,1,-1,-2,-2,1,-2,6,-1,-2,0,1,5,1,-1,-2,-2,1,-2,6,-1,-2,0,1
7058,resize,6,6,6,1,1,1,0,-1,-3,-2,0,1,5,-2,-1,-2,6,1,0,-1,-3,-2,0,1,5,-2,-1,-2
7059,resize,7,7,7,1,1,1,-2,-1,-1,0,0,-1,-4,3,-1,0,7,1,-2,-1,-1,0,0,-1,-4,3,-1,0
7060,resize,8,8,8,1,1,1,0,-2,-2,1,-3,1,-1,-3,4,0,8,1,0,-2,-2,1,-3,1,-1,-3,4,0
7061,resize,9,9,9,1,1,1,-1,-1,-2,-1,0,-1,-4,0,-1,3,9,1,-1,-1,-2,-1,0,-1,-4,0,-1,3
7062,resize,0,0,0,1,1,1,6,-3,-1,-3,-3,-1,1,-1,-1,-2,0,1,6,-3,-1,-3,-3,-1,1,-1,-1,-2
7063,resize,1,1,1,1,1,1,-2,4,-1,-3,-1,-1,-2,0,-1,-1,1,1,-2,4,-1,-3,-1,-1,-2,0,-1,-1
7064,resize,2,2,2,1,1,1,-2,2,6,0,-3,-2,-2,0,-2,-6,2,1,-2,2,6,0,-3,-2,-2,0,-2,-6
7065,resize,3,3,3,1,1,1,-3,-1,-2,6,-5,2,-4,-1,1,0,3,1,-3,-1,-2,6,-5,2,-4,-1,1,0
7066,resize,4,4,4,1,1,1,-6,-1,-3,-4,6,-2,-3,-2,-1,-3,4,1,-6,-1,-3,-4,6,-2,-3,-2,-1,-3
7067,resize,5,5,5,1,1,1,-2,-2,-3,1,-2,6,-1,-3,0,2,5,1,-2,-2,-3,1,-2,6,-1,-3,0,2
7068,resize,6,6,6,1,1,1,1,-1,-3,-2,-1,1,5,-3,-1,-2,6,1,1,-1,-3,-2,-1,1,5,-3,-1,-2
7069,resize,7,7,7,1,1,1,-2,-1,-1,0,0,-1,-5,3,-1,1,7,1,-2,-1,-1,0,0,-1,-5,3,-1,1
7070,resize,8,8,8,1,1,1,0,-2,-1,-1,-2,0,-1,-2,4,-1,8,1,0,-2,-1,-1,-2,0,-1,-2,4,-1
7071,resize,9,9,9,1,1,1,-1,-2,-2,0,0,-2,-4,0,-1,2,9,1,-1,-2,-2,0,0,-2,-4,0,-1,2
7072,resize,0,0,0,1,1,1,5,-2,0,-2,-2,-1,1,-1,-2,-1,0,1,5,-2,0,-2,-2,-1,1,-1,-2,-1
7073,resize,1,1,1,1,1,1,-3,4,-1,-3,-1,-1,-2,1,-1,-1,1,1,-3,4,-1,-3,-1,-1,-2,1,-1,-1
7074,resize,2,2,2,1,1,1,-1,1,5,0,-2,-3,-2,1,-2,-4,2,1,-1,1,5,0,-2,-3,-2,1,-2,-4
7075,resize,3,3,3,1,1,1,-5,-1,-1,6,-5,3,-3,-1,0,-1,3,1,-5,-1,-1,6,-5,3,-3,-1,0,-1
7076,resize,4,4,4,1,1,1,-4,0,-2,-4,6,-3,-3,-1,-4,-2,4,1,-4,0,-2,-4,6,-3,-3,-1,-4,-2
7077,resize,5,5,5,1,1,1,0,-2,-2,-1,-2,5,0,-2,0,1,5,1,0,-2,-2,-1,-2,5,0,-2,0,1
7078,resize,6,6,6,1,1,1,0,-2,-4,-3,0,1,6,-4,0,-3,6,1,0,-2,-4,-3,0,1,6,-4,0,-3
7079,resize,7,7,7,1,1,1,-2,-1,0,1,0,-1,-5,3,-1,1,7,1,-2,-1,0,1,0,-1,-5,3,-1,1
7080,resize,8,8,8,1,1,1,-1,-2,-1,0,-2,-1,-1,-2,4,0,8,1,-1,-2,-1,0,-2,-1,-1,-2,4,0
7081,resize,9,9,9,1,1,1,-1,-1,-2,-1,0,-1,-4,0,-1,3,9,1,-1,-1,-2,-1,0,-1,-4,0,-1,3
7082,resize,7,7,7,1,1,1,-2,0,1,0,0,-1,-5,4,-1,-1,7,1,-2,0,1,0,0,-1,-5,4,-1,-1
7083,resize,4,4,4,1,1,1,-4,-1,-2,-3,5,-2,-3,-1,-2,-1,4,1,-4,-1,-2,-3,5,-2,-3,-1,-2,-1
7084,resize,0,0,0,1,1,1,5,-2,-1,-2,-3,0,1,-2,-1,-1,0,1,5,-2,-1,-2,-3,0,1,-2,-1,-1
7085,resize,4,4,4,1,1,1,-5,-1,-2,-3,5,-2,-3,-1,-2,-1,4,1,-5,-1,-2,-3,5,-2,-3,-1,-2,-1
7086,resize,0,0,0,1,1,1,5,-2,-1,-3,-2,-1,1,-1,-1,-1,0,1,5,-2,-1,-3,-2,-1,1,-1,-1,-1
7087,resize,1,1,1,1,1,1,-2,3,0,-2,-2,-1,-2,0,0,-2,1,1,-2,3,0,-2,-2,-1,-2,0,0,-2
7088,resize,7,7,7,1,1,1,-3,-1,0,0,0,-1,-5,4,-1,0,7,1,-3,-1,0,0,0,-1,-5,4,-1,0
7089,resize,9,9,9,1,1,1,-1,-2,-2,0,0,-1,-4,1,-1,3,9,1,-1,-2,-2,0,0,-1,-4,1,-1,3
7090,resize,5,5,5,1,1,1,-1,-1,-2,-1,-2,5,0,-2,0,1,5,1,-1,-1,-2,-1,-2,5,0,-2,0,1
7091,resize,1,1,1,1,1,1,-2,3,-1,-3,-1,-1,-1,-1,0,-1,1,1,-2,3,-1,-3,-1,-1,-1,-1,0,-1
7092,resize,4,4,4,1,1,1,-6,-1,-2,-4,7,-2,-3,-2,-1,-3,4,1,-6,-1,-2,-4,7,-2,-3,-2,-1,-3
7093,resize,2,2,2,1,1,1,-1,1,5,0,-2,-3,-2,1,-2,-5,2,1,-1,1,5,0,-2,-3,-2,1,-2,-5
7094,resize,8,8,8,1,1,1,-2,-1,-2,0,0,-1,-2,-2,3,2,8,1,-2,-1,-2,0,0,-1,-2,-2,3,2
7095,resize,9,9,9,1,1,1,-1,-2,-3,-1,0,-1,-4,0,-2,3,9,1,-1,-2,-3,-1,0,-1,-4,0,-2,3
7096,resize,4,4,4,1,1,1,-6,0,-2,-4,6,-2,-3,-1,-2,-3,4,1,-6,0,-2,-4,6,-2,-3,-1,-2,-3
7097,resize,3,3,3,1,1,1,-2,-1,-2,5,-5,2,-3,-1,1,0,3,1,-2,-1,-2,5,-5,2,-3,-1,1,0
7098,resize,7,7,7,1,1,1,-2,-1,-1,0,0,-2,-5,3,-1,1,7,1,-2,-1,-1,0,0,-2,-5,3,-1,1
7099,resize,8,8,8,1,1,1,-1,-1,-2,0,-2,1,-1,-3,4,-1,8,1,-1,-1,-2,0,-2,1,-1,-3,4,-1
7100,resize,2,2,2,1,1,1,-1,2,6,0,-3,-3,-2,0,-3,-5,2,1,-1,2,6,0,-3,-3,-2,0,-3,-5
7101,resize,4,4,4,1,1,1,-5,-1,-2,-3,5,-2,-4,-1,-3,-2,4,1,-5,-1,-2,-3,5,-2,-4,-1,-3,-2
7102,resize,4,4,4,1,1,1,-5,-1,-2,-4,5,-2,-3,-1,-1,-1,4,1,-5,-1,-2,-4,5,-2,-3,-1,-1,-1
7103,resize,3,3,3,1,1,1,-3,-1,-1,6,-5,2,-3,-1,1,-1,3,1,-3,-1,-1,6,-5,2,-3,-1,1,-1
7104,resize,3,3,3,1,1,1,-4,0,0,6,-5,1,-3,-1,1,-2,3,1,-4,0,0,6,-5,1,-3,-1,1,-2
7105,resize,6,6,6,1,1,1,1,-2,-4,-3,-1,2,6,-3,-1,-2,6,1,1,-2,-4,-3,-1,2,6,-3,-1,-2
7106,resize,9,9,9,1,1,1,-1,-1,-2,-1,0,-1,-4,-1,0,3,9,1,-1,-1,-2,-1,0,-1,-4,-1,0,3
7107,resize,9,9,9,1,1,1,-1,-2,-3,-1,0,-1,-4,0,-1,3,9,1,-1,-2,-3,-1,0,-1,-4,0,-1,3
7108,resize,5,5,5,1,1,1,-1,-1,-3,-1,-1,5,-1,-2,-1,2,5,1,-1,-1,-3,-1,-1,5,-1,-2,-1,2
7109,resize,8,8,8,1,1,1,-1,-2,-2,0,-2,-1,-1,-3,5,0,8,1,-1,-2,-2,0,-2,-1,-1,-3,5,0
7110,resize,6,6,6,1,1,1,0,-1,-3,-2,-1,2,6,-4,-1,-4,6,1,0,-1,-3,-2,-1,2,6,-4,-1,-4
7111,resize,7,7,7,1,1,1,-2,0,0,0,-1,-1,-4,3,-1,-1,7,1,-2,0,0,0,-1,-1,-4,3,-1,-1
7112,resize,0,0,0,1,1,1,4,-2,0,-1,-2,0,0,-1,-1,-1,0,1,4,-2,0,-1,-2,0,0,-1,-1,-1
7113,resize,6,6,6,1,1,1,0,-2,-3,-3,-1,1,6,-3,0,-2,6,1,0,-2,-3,-3,-1,1,6,-3,0,-2
7114,resize,8,8,8,1,1,1,-1,-2,-1,0,-2,-1,-2,-3,5,0,8,1,-1,-2,-1,0,-2,-1,-2,-3,5,0
7115,resize,2,2,2,1,1,1,-2,2,5,1,-3,-2,-2,1,-2,-5,2,1,-2,2,5,1,-3,-2,-2,1,-2,-5
7116,resize,6,6,6,1,1,1,0,-1,-3,-3,0,1,6,-3,-1,-3,6,1,0,-1,-3,-3,0,1,6,-3,-1,-3
7117,resize,3,3,3,1,1,1,-3,0,0,6,-6,1,-4,-1,0,-2,3,1,-3,0,0,6,-6,1,-4,-1,0,-2
7118,resize,9,9,9,1,1,1,-1,-1,-1,0,0,0,-3,0,-1,3,9,1,-1,-1,-1,0,0,0,-3,0,-1,3
7119,resize,3,3,3,1,1,1,-4,-1,-1,6,-5,2,-3,-2,1,-1,3,1,-4,-1,-1,6,-5,2,-3,-2,1,-1
7120,resize,2,2,2,1,1,1,-1,1,6,0,-3,-3,-2,0,-2,-5,2,1,-1,1,6,0,-3,-3,-2,0,-2,-5
7121,resize,8,8,8,1,1,1,-1,-1,-1,1,-1,-1,-2,-1,2,1,8,1,-1,-1,-1,1,-1,-1,-2,-1,2,1
7122,resize,6,6,6,1,1,1,0,-1,-3,-2,0,1,5,-2,0,-2,6,1,0,-1,-3,-2,0,1,5,-2,0,-2
7123,resize,1,1,1,1,1,1,-2,5,-2,-4,-1,0,-1,0,-1,-2,1,1,-2,5,-2,-4,-1,0,-1,0,-1,-2
7124,resize,7,7,7,1,1,1,-2,0,0,1,0,-1,-4,3,-1,0,7,1,-2,0,0,1,0,-1,-4,3,-1,0
7125,resize,4,4,4,1,1,1,-4,-1,-2,-3,5,-2,-3,-1,-2,-2,4,1,-4,-1,-2,-3,5,-2,-3,-1,-2,-2
7126,resize,8,8,8,1,1,1,-1,-2,-1,0,-1,-1,-2,-2,4,1,8,1,-1,-2,-1,0,-1,-1,-2,-2,4,1
7127,resize,8,8,8,1,1,1,-1,-1,-1,0,-1,0,-1,-2,3,0,8,1,-1,-1,-1,0,-1,0,-1,-2,3,0
7128,resize,9,9,9,1,1,1,-2,-2,-3,-1,1,-2,-4,-1,-1,4,9,1,-2,-2,-3,-1,1,-2,-4,-1,-1,4
7129,resize,0,0,0,1,1,1,6,-3,-1,-2,-3,-1,1,-1,-1,-1,0,1,6,-3,-1,-2,-3,-1,1,-1,-1,-1
7130,resize,3,3,3,1,1,1,-2,-1,-1,6,-6,1,-3,-2,1,0,3,1,-2,-1,-1,6,-6,1,-3,-2,1,0
7131,resize,3,3,3,1,1,1,-3,-2,-2,7,-7,2,-4,-2,1,-1,3,1,-3,-2,-2,7,-7,2,-4,-2,1,-1
7132,resize,9,9,9,1,1,1,-1,-2,-2,0,0,-1,-4,0,-1,3,9,1,-1,-2,-2,0,0,-1,-4,0,-1,3
7133,resize,0,0,0,1,1,1,6,-2,0,-2,-3,-1,1,-1,-1,-2,0,1,6,-2,0,-2,-3,-1,1,-1,-1,-2
7134,resize,5,5,5,1,1,1,-1,-2,-2,1,-2,5,-1,-2,0,1,5,1,-1,-2,-2,1,-2,5,-1,-2,0,1
7135,resize,2,2,2,1,1,1,-2,1,3,1,-2,-1,-2,0,-2,-4,2,1,-2,1,3,1,-2,-1,-2,0,-2,-4
7136,resize,9,9,9,1,1,1,-1,-2,-2,0,0,-2,-4,0,-1,3,9,1,-1,-2,-2,0,0,-2,-4,0,-1,3
7137,resize,4,4,4,1,1,1,-5,-1,-2,-4,6,-2,-3,-1,-3,-2,4,1,-5,-1,-2,-4,6,-2,-3,-1,-3,-2
7138,resize,1,1,1,1,1,1,-2,4,-1,-3,-1,-1,-1,0,-1,-2,1,1,-2,4,-1,-3,-1,-1,-1,0,-1,-2
7139,resize,0,0,0,1,1,1,5,-3,-1,-2,-3,-1,1,-1,-1,-1,0,1,5,-3,-1,-2,-3,-1,1,-1,-1,-1
7140,resize,3,3,3,1,1,1,-4,-1,-1,6,-5,2,-3,-1,0,-1,3,1,-4,-1,-1,6,-5,2,-3,-1,0,-1
7141,resize,7,7,7,1,1,1,-2,0,0,1,-1,-1,-5,4,-1,0,7,1,-2,0,0,1,-1,-1,-5,4,-1,0
7142,resize,5,5,5,1,1,1,-3,-1,-2,0,-1,6,-1,-2,0,2,5,1,-3,-1,-2,0,-1,6,-1,-2,0,2
7143,resize,8,8,8,1,1,1,0,-1,-1,-1,-1,0,-1,-2,4,0,8,1,0,-1,-1,-1,-1,0,-1,-2,4,0
7144,resize,7,7,7,1,1,1,-2,-1,-1,1,-1,-1,-5,4,-1,0,7,1,-2,-1,-1,1,-1,-1,-5,4,-1,0
7145,resize,7,7,7,1,1,1,-2,-1,0,1,0,-1,-5,3,-1,0,7,1,-2,-1,0,1,0,-1,-5,3,-1,0
7146,resize,8,8,8,1,1,1,-1,-1,-1,0,-1,-1,-1,-3,4,1,8,1,-1,-1,-1,0,-1,-1,-1,-3,4,1
7147,resize,2,2,2,1,1,1,-1,1,5,0,-2,-3,-2,0,-1,-5,2,1,-1,1,5,0,-2,-3,-2,0,-1,-5
7148,resize,9,9,9,1,1,1,-1,-1,-2,0,0,-2,-4,0,0,3,9,1,-1,-1,-2,0,0,-2,-4,0,0,3
7149,resize,7,7,7,1,1,1,-2,0,0,0,-1,-1,-4,3,0,0,7,1,-2,0,0,0,-1,-1,-4,3,0,0
7150,resize,1,1,1,1,1,1,-1,4,-1,-3,-2,-1,-1,-1,0,-2,1,1,-1,4,-1,-3,-2,-1,-1,-1,0,-2
7151,resize,2,2,2,1,1,1,-2,1,6,0,-3,-4,-2,1,-2,-6,2,1,-2,1,6,0,-3,-4,-2,1,-2,-6
7152,resize,6,6,6,1,1,1,0,-2,-4,-3,-1,1,6,-4,0,-3,6,1,0,-2,-4,-3,-1,1,6,-4,0,-3
7153,resize,4,4,4,1,1,1,-6,-1,-3,-5,6,-2,-4,-2,-1,-1,4,1,-6,-1,-3,-5,6,-2,-4,-2,-1,-1
7154,resize,2,2,2,1,1,1,-1,1,6,0,-3,-3,-2,1,-1,-4,2,1,-1,1,6,0,-3,-3,-2,1,-1,-4
7155,resize,5,5,5,1,1,1,-1,-1,-2,-1,-2,6,0,-2,1,1,5,1,-1,-1,-2,-1,-2,6,0,-2,1,1
7156,resize,2,2,2,1,1,1,-1,1,6,0,-3,-3,-2,1,-1,-4,2,1,-1,1,6,0,-3,-3,-2,1,-1,-4
7157,resize,3,3,3,1,1,1,-4,-1,0,6,-5,1,-3,-1,1,-2,3,1,-4,-1,0,6,-5,1,-3,-1,1,-2
7158,resize,6,6,6,1,1,1,0,-1,-4,-3,0,1,5,-3,-1,-2,6,1,0,-1,-4,-3,0,1,5,-3,-1,-2
7159,resize,6,6,6,1,1,1,1,-1,-3,-2,-1,1,5,-3,-2,-3,6,1,1,-1,-3,-2,-1,1,5,-3,-2,-3
7160,resize,5,5,5,1,1,1,-2,-1,-2,-1,-1,6,0,-2,0,1,5,1,-2,-1,-2,-1,-1,6,0,-2,0,1
7161,resize,0,0,0,1,1,1,5,-2,-1,-2,-2,-1,1,-1,0,-1,0,1,5,-2,-1,-2,-2,-1,1,-1,0,-1
7162,resize,0,0,0,1,1,1,5,-2,-1,-2,-3,-1,0,-1,0,-2,0,1,5,-2,-1,-2,-3,-1,0,-1,0,-2
7163,resize,2,2,2,1,1,1,-1,1,5,0,-2,-3,-2,0,-1,-4,2,1,-1,1,5,0,-2,-3,-2,0,-1,-4
7164,resize,8,8,8,1,1,1,-1,-2,-2,-1,-1,0,-1,-3,5,-1,8,1,-1,-2,-2,-1,-1,0,-1,-3,5,-1
7165,resize,1,1,1,1,1,1,-2,4,-1,-3,-1,-1,-1,-1,0,-2,1,1,-2,4,-1,-3,-1,-1,-1,-1,0,-2
7166,resize,6,6,6,1,1,1,1,-1,-3,-3,0,1,5,-4,-1,-2,6,1,1,-1,-3,-3,0,1,5,-4,-1,-2
7167,resize,1,1,1,1,1,1,-1,4,-1,-3,-1,-1,-1,-1,0,-1,1,1,-1,4,-1,-3,-1,-1,-1,-1,0,-1
7168,resize,0,0,0,1,1,1,5,-2,-1,-3,-3,-1,1,-2,0,-1,0,1,5,-2,-1,-3,-3,-1,1,-2,0,-1
7169,resize,4,4,4,1,1,1,-6,-1,-4,-4,6,-2,-3,-2,-1,-2,4,1,-6,-1,-4,-4,6,-2,-3,-2,-1,-2
7170,resize,3,3,3,1,1,1,-2,-1,-1,6,-5,1,-4,-1,0,-1,3,1,-2,-1,-1,6,-5,1,-4,-1,0,-1
7171,resize,1,1,1,1,1,1,-2,4,-2,-3,-1,-1,-2,0,0,-2,1,1,-2,4,-2,-3,-1,-1,-2,0,0,-2
7172,resize,6,6,6,1,1,1,1,-1,-3,-3,-1,1,6,-3,-1,-3,6,1,1,-1,-3,-3,-1,1,6,-3,-1,-3
7173,resize,1,1,1,1,1,1,-1,4,-2,-3,-2,-1,-1,-1,0,-2,1,1,-1,4,-2,-3,-2,-1,-1,-1,0,-2
7174,resize,9,9,9,1,1,1,-2,-1,-2,-1,0,-1,-4,0,-1,3,9,1,-2,-1,-2,-1,0,-1,-4,0,-1,3
7175,resize,0,0,0,1,1,1,4,-2,0,-1,-2,0,0,-1,-1,0,0,1,4,-2,0,-1,-2,0,0,-1,-1,0
7176,resize,1,1,1,1,1,1,-2,3,-1,-3,0,-1,-1,0,-1,-1,1,1,-2,3,-1,-3,0,-1,-1,0,-1,-1
7177,resize,4,4,4,1,1,1,-3,0,0,-2,3,-1,-3,0,-2,-1,4,1,-3,0,0,-2,3,-1,-3,0,-2,-1
7178,resize,5,5,5,1,1,1,-1,-1,-1,1,-2,4,-1,-1,0,1,5,1,-1,-1,-1,1,-2,4,-1,-1,0,1
7179,resize,6,6,5,1,0,0,0,-1,-3,-1,-1,3,3,-3,1,0,5,1,0,-1,-3,-1,-1,3,3,-3,1,0
7180,resize,7,7,7,1,1,1,-2,0,0,-1,0,-2,-5,4,-1,0,7,1,-2,0,0,-1,0,-2,-5,4,-1,0
7181,resize,8,8,8,1,1,1,-1,-1,-1,1,-3,-1,-1,-2,5,-1,8,1,-1,-1,-1,1,-3,-1,-1,-2,5,-1
7182,resize,9,9,9,1,1,1,-1,-2,-1,0,0,-1,-4,1,-1,3,9,1,-1,-2,-1,0,0,-1,-4,1,-1,3
7183,resize,1,1,1,1,1,1,-2,3,-1,-3,-1,-1,-1,0,-1,-1,1,1,-2,3,-1,-3,-1,-1,-1,0,-1,-1
7184,resize,2,2,2,1,1,1,-1,0,6,0,-3,-4,-1,0,0,-4,2,1,-1,0,6,0,-3,-4,-1,0,0,-4
7185,resize,3,3,3,1,1,1,-3,-1,-2,5,-4,2,-3,-1,0,1,3,1,-3,-1,-2,5,-4,2,-3,-1,0,1
7186,resize,4,4,4,1,1,1,-4,-1,-2,-3,4,-2,-3,0,-2,-1,4,1,-4,-1,-2,-3,4,-2,-3,0,-2,-1
7187,resize,5,5,5,1,1,1,-2,-2,-3,2,-3,5,0,-2,0,0,5,1,-2,-2,-3,2,-3,5,0,-2,0,0
7188,resize,6,6,6,1,1,1,0,-1,-2,-3,-1,1,5,-3,0,-2,6,1,0,-1,-2,-3,-1,1,5,-3,0,-2
7189,resize,7,7,7,1,1,1,-2,0,0,1,-1,-1,-3,3,-1,-1,7,1,-2,0,0,1,-1,-1,-3,3,-1,-1
7190,resize,0,0,0,1,1,1,4,-2,-2,-1,-1,0,1,-1,-1,0,0,1,4,-2,-2,-1,-1,0,1,-1,-1,0
7191,resize,1,1,1,1,1,1,-2,4,-1,-3,-1,-1,-2,0,-2,-1,1,1,-2,4,-1,-3,-1,-1,-2,0,-2,-1
7192,resize,2,2,2,1,1,1,-2,0,5,1,-3,-2,-1,0,0,-4,2,1,-2,0,5,1,-3,-2,-1,0,0,-4
7193,resize,3,3,3,1,1,1,-1,-2,-1,6,-5,2,-3,-2,0,0,3,1,-1,-2,-1,6,-5,2,-3,-2,0,0
7194,resize,4,4,4,1,1,1,-3,0,-2,-3,4,-2,-1,-1,-1,-1,4,1,-3,0,-2,-3,4,-2,-1,-1,-1,-1
7195,resize,5,5,5,1,1,1,-1,-1,-2,1,-2,3,0,-1,0,0,5,1,-1,-1,-2,1,-2,3,0,-1,0,0
7196,resize,6,6,6,1,1,1,-1,-2,-2,-3,-1,2,5,-4,1,-3,6,1,-1,-2,-2,-3,-1,2,5,-4,1,-3
7197,resize,7,7,7,1,1,1,-2,-1,-2,-1,0,-1,-5,4,-1,0,7,1,-2,-1,-2,-1,0,-1,-5,4,-1,0
7198,resize,8,8,8,1,1,1,0,-1,0,1,-2,-2,-2,-2,3,0,8,1,0,-1,0,1,-2,-2,-2,-2,3,0
7199,resize,9,9,9,1,1,1,-1,-2,-2,0,0,-1,-5,1,-1,4,9,1,-1,-2,-2,0,0,-1,-5,1,-1,4
7200,resize,8,8,8,1,1,1,1,-1,-1,0,-2,0,-1,-2,3,-1,8,1,1,-1,-1,0,-2,0,-1,-2,3,-1
7201,resize,4,4,4,1,1,1,-4,0,-2,-4,6,-3,-3,-1,-3,-1,4,1,-4,0,-2,-4,6,-3,-3,-1,-3,-1
7202,resize,0,0,0,1,1,1,3,-2,-1,0,-1,0,0,0,0,0,0,1,3,-2,-1,0,-1,0,0,0,0,0
7203,resize,0,0,0,1,1,1,5,-2,0,-2,-2,-1,1,-1,-2,-1,0,1,5,-2,0,-2,-2,-1,1,-1,-2,-1
7204,resize,7,7,7,1,1,1,-2,0,0,1,-1,0,-4,2,-1,0,7,1,-2,0,0,1,-1,0,-4,2,-1,0
7205,resize,2,2,2,1,1,1,-2,1,6,1,-4,-2,-2,0,0,-4,2,1,-2,1,6,1,-4,-2,-2,0,0,-4
7206,resize,4,4,4,1,1,1,-4,0,-2,-4,5,-2,-3,0,-3,-2,4,1,-4,0,-2,-4,5,-2,-3,0,-3,-2
7207,resize,3,3,3,1,1,1,-1,-2,-1,6,-5,1,-3,-2,1,0,3,1,-1,-2,-1,6,-5,1,-3,-2,1,0
7208,resize,8,8,8,1,1,1,-1,-2,0,1,-2,0,-2,-1,3,0,8,1,-1,-2,0,1,-2,0,-2,-1,3,0
7209,resize,6,6,6,1,1,1,-1,-2,-2,-2,-2,3,4,-4,2,-2,6,1,-1,-2,-2,-2,-2,3,4,-4,2,-2
7210,resize,6,6,6,1,1,1,0,-1,-3,-2,-1,2,4,-3,1,-1,6,1,0,-1,-3,-2,-1,2,4,-3,1,-1
7211,resize,3,3,3,1,1,1,-2,-2,-2,6,-5,3,-3,-2,0,1,3,1,-2,-2,-2,6,-5,3,-3,-2,0,1
7212,resize,2,2,2,1,1,1,-2,1,4,0,-2,-1,-2,1,-1,-4,2,1,-2,1,4,0,-2,-1,-2,1,-1,-4
7213,resize,6,6,6,1,1,1,0,-1,-1,-2,-2,2,5,-4,0,-3,6,1,0,-1,-1,-2,-2,2,5,-4,0,-3
7214,resize,3,3,3,1,1,1,-2,-1,-2,6,-6,2,-4,-1,0,1,3,1,-2,-1,-2,6,-6,2,-4,-1,0,1
7215,resize,3,3,3,1,1,1,-4,0,-2,7,-5,2,-4,-1,0,-1,3,1,-4,0,-2,7,-5,2,-4,-1,0,-1
7216,resize,0,6,0,0,1,0,2,-1,-2,0,0,0,2,-1,0,-1,0,1,2,-1,-2,0,0,0,2,-1,0,-1
7217,resize,1,1,1,1,1,1,-2,4,-2,-3,-1,-1,-2,1,-1,-2,1,1,-2,4,-2,-3,-1,-1,-2,1,-1,-2
7218,resize,4,4,4,1,1,1,-5,0,-1,-3,4,-2,-3,0,-2,-3,4,1,-5,0,-1,-3,4,-2,-3,0,-2,-3
7219,resize,7,7,7,1,1,1,-2,0,-1,0,-1,-1,-5,4,-1,-1,7,1,-2,0,-1,0,-1,-1,-5,4,-1,-1
7220,resize,8,8,8,1,1,1,-1,-1,0,1,-3,-1,-2,-2,4,-1,8,1,-1,-1,0,1,-3,-1,-2,-2,4,-1
7221,resize,0,0,0,1,1,1,5,-3,0,-1,-3,-1,0,-1,-1,-1,0,1,5,-3,0,-1,-3,-1,0,-1,-1,-1
7222,resize,3,3,3,1,1,1,-3,-1,-2,7,-6,2,-4,-2,0,1,3,1,-3,-1,-2,7,-6,2,-4,-2,0,1
7223,resize,1,1,1,1,1,1,-2,4,-1,-3,-1,-1,-1,0,-1,-1,1,1,-2,4,-1,-3,-1,-1,-1,0,-1,-1
7224,resize,9,9,9,1,1,1,-1,-2,-2,1,-1,-1,-4,1,0,3,9,1,-1,-2,-2,1,-1,-1,-4,1,0,3
7225,resize,0,0,0,1,1,1,4,-2,-1,-2,-1,-1,1,-1,-2,0,0,1,4,-2,-1,-2,-1,-1,1,-1,-2,0
7226,resize,1,1,1,1,1,1,-3,4,-2,-3,-1,-1,-2,1,-1,-1,1,1,-3,4,-2,-3,-1,-1,-2,1,-1,-1
7227,resize,9,9,9,1,1,1,-1,-2,-2,0,0,-1,-4,0,-1,4,9,1,-1,-2,-2,0,0,-1,-4,0,-1,4
7228,resize,1,1,1,1,1,1,-2,4,-1,-3,-1,-1,-1,-1,-1,-2,1,1,-2,4,-1,-3,-1,-1,-1,-1,-1,-2
7229,resize,2,2,2,1,1,1,-1,1,5,0,-2,-2,-1,-1,-1,-4,2,1,-1,1,5,0,-2,-2,-1,-1,-1,-4
7230,resize,7,7,7,1,1,1,-1,-1,-1,0,-1,-1,-4,3,-1,0,7,1,-1,-1,-1,0,-1,-1,-4,3,-1,0
7231,resize,0,0,0,1,1,1,5,-3,-1,-2,-3,0,0,0,-1,-1,0,1,5,-3,-1,-2,-3,0,0,0,-1,-1
7232,resize,1,1,1,1,1,1,-1,3,-1,-3,-1,-1,-1,0,-1,-1,1,1,-1,3,-1,-3,-1,-1,-1,0,-1,-1
7233,resize,3,3,3,1,1,1,-1,-1,0,3,-4,0,-2,-1,1,-1,3,1,-1,-1,0,3,-4,0,-2,-1,1,-1
7234,resize,8,8,8,1,1,1,-2,-2,0,0,-2,0,-2,-3,5,0,8,1,-2,-2,0,0,-2,0,-2,-3,5,0
7235,resize,2,2,2,1,1,1,-2,1,3,1,-2,-1,-2,0,-1,-2,2,1,-2,1,3,1,-2,-1,-2,0,-1,-2
7236,resize,9,9,9,1,1,1,-1,-2,-2,1,0,-2,-5,0,0,4,9,1,-1,-2,-2,1,0,-2,-5,0,0,4
7237,resize,2,2,2,1,1,1,-1,1,4,0,-2,-2,-2,0,0,-3,2,1,-1,1,4,0,-2,-2,-2,0,0,-3
7238,resize,7,7,7,1,1,1,-1,0,0,0,-1,0,-3,2,0,0,7,1,-1,0,0,0,-1,0,-3,2,0,0
7239,resize,6,6,6,1,1,1,0,-1,-1,-3,-2,1,5,-4,1,-3,6,1,0,-1,-1,-3,-2,1,5,-4,1,-3
7240,resize,5,5,5,1,1,1,-1,-1,-1,1,-2,3,0,-1,0,-1,5,1,-1,-1,-1,1,-2,3,0,-1,0,-1
7241,resize,5,5,5,1,1,1,-3,0,-2,1,-2,4,-1,0,0,-1,5,1,-3,0,-2,1,-2,4,-1,0,0,-1
7242,resize,9,9,9,1,1,1,-1,-2,-2,0,0,-2,-4,1,-1,3,9,1,-1,-2,-2,0,0,-2,-4,1,-1,3
7243,resize,9,9,9,1,1,1,-1,-2,-3,-1,0,-2,-5,0,-1,3,9,1,-1,-2,-3,-1,0,-2,-5,0,-1,3
7244,resize,8,8,8,1,1,1,-1,-2,0,0,-4,1,-1,-4,6,-1,8,1,-1,-2,0,0,-4,1,-1,-4,6,-1
7245,resize,2,2,2,1,1,1,-1,1,5,0,-2,-2,-2,0,-1,-4,2,1,-1,1,5,0,-2,-2,-2,0,-1,-4
7246,resize,9,9,9,1,1,1,-1,-2,-1,1,-1,0,-4,1,-1,3,9,1,-1,-2,-1,1,-1,0,-4,1,-1,3
7247,resize,1,1,1,1,1,1,-2,4,-1,-3,-1,-2,-2,0,-1,-2,1,1,-2,4,-1,-3,-1,-2,-2,0,-1,-2
7248,resize,3,3,3,1,1,1,-1,-2,-2,4,-4,2,-2,-2,0,1,3,1,-1,-2,-2,4,-4,2,-2,-2,0,1
7249,resize,2,2,2,1,1,1,0,0,2,0,-1,0,0,-1,0,-1,2,1,0,0,2,0,-1,0,0,-1,0,-1
7250,resize,3,3,3,1,1,1,-3,-1,-2,6,-5,3,-3,-1,0,0,3,1,-3,-1,-2,6,-5,3,-3,-1,0,0
7251,resize,4,4,4,1,1,1,-4,0,-1,-4,6,-3,-3,-2,-2,-3,4,1,-4,0,-1,-4,6,-3,-3,-2,-2,-3
7252,resize,3,3,3,1,1,1,-2,-1,-1,5,-5,1,-3,-1,1,0,3,1,-2,-1,-1,5,-5,1,-3,-1,1,0
7253,resize,1,1,1,1,1,1,-3,5,-2,-4,-1,-1,-2,0,-1,-2,1,1,-3,5,-2,-4,-1,-1,-2,0,-1,-2
7254,resize,9,9,9,1,1,1,-1,-3,-2,1,-1,-1,-5,0,0,4,9,1,-1,-3,-2,1,-1,-1,-5,0,0,4
7255,resize,0,0,0,1,1,1,4,-2,-1,-1,-2,-1,0,0,0,-1,0,1,4,-2,-1,-1,-2,-1,0,0,0,-1
7256,resize,9,9,9,1,1,1,0,-2,-2,2,-2,0,-4,0,-1,3,9,1,0,-2,-2,2,-2,0,-4,0,-1,3
7257,resize,3,3,3,1,1,1,-2,-2,-2,5,-4,3,-3,-2,0,0,3,1,-2,-2,-2,5,-4,3,-3,-2,0,0
7258,resize,6,6,6,1,1,1,-1,-1,-2,-2,-2,3,4,-4,2,-2,6,1,-1,-1,-2,-2,-2,3,4,-4,2,-2
7259,resize,8,8,8,1,1,1,-1,-2,0,1,-3,0,-2,-1,3,0,8,1,-1,-2,0,1,-3,0,-2,-1,3,0
7260,resize,7,7,7,1,1,1,-1,-1,-1,-1,-1,-1,-4,4,0,-1,7,1,-1,-1,-1,-1,-1,-1,-4,4,0,-1
7261,resize,0,0,0,1,1,1,5,-2,-1,-2,-2,-2,1,-2,-1,0,0,1,5,-2,-1,-2,-2,-2,1,-2,-1,0
7262,resize,1,1,1,1,1,1,-2,5,-1,-4,-2,-1,-1,0,-1,-3,1,1,-2,5,-1,-4,-2,-1,-1,0,-1,-3
7263,resize,0,0,0,1,1,1,4,-2,0,-2,-2,-1,1,-1,-1,-1,0,1,4,-2,0,-2,-2,-1,1,-1,-1,-1
7264,resize,5,5,5,1,1,1,-2,-1,-3,1,-3,6,-1,-2,0,0,5,1,-2,-1,-3,1,-3,6,-1,-2,0,0
7265,resize,8,8,8,1,1,1,-1,-2,1,1,-3,-2,-2,-3,5,0,8,1,-1,-2,1,1,-3,-2,-2,-3,5,0
7266,resize,2,2,2,1,1,1,-1,0,5,0,-2,-2,-1,0,0,-3,2,1,-1,0,5,0,-2,-2,-1,0,0,-3
7267,resize,7,7,7,1,1,1,-2,-1,-2,0,0,0,-4,3,-1,0,7,1,-2,-1,-2,0,0,0,-4,3,-1,0
7268,resize,7,7,1,1,0,0,-2,1,-1,-2,0,-1,-2,1,-1,0,1,1,-2,1,-1,-2,0,-1,-2,1,-1,0
7269,resize,0,0,0,1,1,1,6,-2,-1,-2,-4,-1,-1,-1,0,-2,0,1,6,-2,-1,-2,-4,-1,-1,-1,0,-2
7270,resize,1,1,1,1,1,1,-3,4,-2,-4,0,0,-2,0,-1,0,1,1,-3,4,-2,-4,0,0,-2,0,-1,0
7271,resize,2,2,2,1,1,1,0,0,3,1,-2,-2,-2,0,0,-2,2,1,0,0,3,1,-2,-2,-2,0,0,-2
7272,resize,3,3,3,1,1,1,-2,-1,-2,5,-4,2,-3,-2,1,1,3,1,-2,-1,-2,5,-4,2,-3,-2,1,1
7273,resize,4,4,4,1,1,1,-3,-1,-2,-3,4,-2,-3,-1,-2,-1,4,1,-3,-1,-2,-3,4,-2,-3,-1,-2,-1
7274,resize,5,5,5,1,1,1,-3,-2,-3,0,-2,6,0,-2,1,1,5,1,-3,-2,-3,0,-2,6,0,-2,1,1
7275,resize,6,6,6,1,1,1,0,-1,-2,-2,-1,1,5,-3,0,-3,6,1,0,-1,-2,-2,-1,1,5,-3,0,-3
7276,resize,7,7,7,1,1,1,-1,-1,-1,0,0,-1,-4,3,-1,0,7,1,-1,-1,-1,0,0,-1,-4,3,-1,0
7277,resize,8,8,8,1,1,1,0,-2,-1,1,-3,0,-3,-3,5,0,8,1,0,-2,-1,1,-3,0,-3,-3,5,0
7278,resize,9,9,9,1,1,1,-3,-1,-2,-2,2,-2,-4,-1,0,4,9,1,-3,-1,-2,-2,2,-2,-4,-1,0,4
7279,resize,0,0,0,1,1,1,6,-3,0,-2,-3,-1,0,-2,-1,-1,0,1,6,-3,0,-2,-3,-1,0,-2,-1,-1
7280,resize,1,1,1,1,1,1,-2,3,-1,-2,0,-1,-2,1,-2,-1,1,1,-2,3,-1,-2,0,-1,-2,1,-2,-1
7281,resize,2,2,2,1,1,1,0,0,5,0,-3,-3,-1,0,-1,-4,2,1,0,0,5,0,-3,-3,-1,0,-1,-4
7282,resize,3,3,3,1,1,1,-2,-2,-1,5,-4,1,-2,-2,1,-1,3,1,-2,-2,-1,5,-4,1,-2,-2,1,-1
7283,resize,4,4,4,1,1,1,-3,-1,-1,-3,5,-2,-3,0,-3,-1,4,1,-3,-1,-1,-3,5,-2,-3,0,-3,-1
7284,resize,5,5,5,1,1,1,-2,-2,-2,0,-2,5,0,-2,0,2,5,1,-2,-2,-2,0,-2,5,0,-2,0,2
7285,resize,6,6,6,1,1,1,1,-1,-4,-3,-1,2,6,-4,-1,-3,6,1,1,-1,-4,-3,-1,2,6,-4,-1,-3
7286,resize,7,7,7,1,1,1,-2,0,-1,-1,-1,-1,-5,4,-1,-1,7,1,-2,0,-1,-1,-1,-1,-5,4,-1,-1
7287,resize,8,8,8,1,1,1,1,-2,-1,1,-3,0,-2,-2,4,0,8,1,1,-2,-1,1,-3,0,-2,-2,4,0
7288,resize,9,9,9,1,1,1,-2,-2,-3,-2,1,-2,-4,-1,-1,5,9,1,-2,-2,-3,-2,1,-2,-4,-1,-1,5
7289,resize,0,0,0,1,1,1,6,-3,-1,-1,-3,-1,1,-2,-1,-1,0,1,6,-3,-1,-1,-3,-1,1,-2,-1,-1
7290,resize,1,1,1,1,1,1,-3,4,-1,-3,-1,-1,-2,1,-1,-1,1,1,-3,4,-1,-3,-1,-1,-2,1,-1,-1
7291,resize,2,2,2,1,1,1,-1,0,3,0,-2,-1,-1,-1,0,-2,2,1,-1,0,3,0,-2,-1,-1,-1,0,-2
7292,resize,3,3,3,1,1,1,-2,-1,-1,5,-4,1,-3,-1,0,0,3,1,-2,-1,-1,5,-4,1,-3,-1,0,0
7293,resize,4,4,4,1,1,1,-4,-1,-2,-4,5,-2,-4,0,-3,0,4,1,-4,-1,-2,-4,5,-2,-4,0,-3,0
7294,resize,5,5,5,1,1,1,-4,-2,-3,1,-2,6,-1,-3,1,1,5,1,-4,-2,-3,1,-2,6,-1,-3,1,1
7295,resize,6,6,6,1,1,1,0,-1,-3,-2,0,1,5,-3,-1,-2,6,1,0,-1,-3,-2,0,1,5,-3,-1,-2
7296,resize,7,7,7,1,1,1,-1,0,0,0,-1,-1,-5,4,-1,-1,7,1,-1,0,0,0,-1,-1,-5,4,-1,-1
7297,resize,8,8,8,1,1,1,1,-2,-1,1,-4,0,-2,-3,5,0,8,1,1,-2,-1,1,-4,0,-2,-3,5,0
7298,resize,9,9,9,1,1,1,-3,-2,-4,-1,1,-1,-4,-1,-1,5,9,1,-3,-2,-4,-1,1,-1,-4,-1,-1,5
7299,resize,1,1,1,1,1,1,-2,4,0,-3,-1,-1,-2,0,-1,-2,1,1,-2,4,0,-3,-1,-1,-2,0,-1,-2
7300,resize,7,7,7,1,1,1,-1,0,0,0,-1,-1,-4,3,0,0,7,1,-1,0,0,0,-1,-1,-4,3,0,0
7301,resize,4,4,4,1,1,1,-3,0,-1,-3,4,-2,-2,-1,-2,-1,4,1,-3,0,-1,-3,4,-2,-2,-1,-2,-1
7302,resize,8,8,8,1,1,1,0,-2,-2,0,-3,0,-1,-3,5,-1,8,1,0,-2,-2,0,-3,0,-1,-3,5,-1
7303,resize,1,1,1,1,1,1,-3,4,-1,-2,-1,-1,-2,1,-1,-2,1,1,-3,4,-1,-2,-1,-1,-2,1,-1,-2
7304,resize,5,5,5,1,1,1,-2,-3,-3,2,-3,5,-1,-3,0,2,5,1,-2,-3,-3,2,-3,5,-1,-3,0,2
7305,resize,6,6,6,1,1,1,0,-2,-4,-3,-1,2,6,-3,-1,-3,6,1,0,-2,-4,-3,-1,2,6,-3,-1,-3
7306,resize,5,5,5,1,1,1,-4,-1,-2,1,-2,7,-1,-2,0,1,5,1,-4,-1,-2,1,-2,7,-1,-2,0,1
7307,resize,7,7,7,1,1,1,-1,0,0,0,-1,-1,-4,3,-1,0,7,1,-1,0,0,0,-1,-1,-4,3,-1,0
7308,resize,2,2,2,1,1,1,-1,1,6,1,-3,-4,-2,1,-1,-4,2,1,-1,1,6,1,-3,-4,-2,1,-1,-4
7309,resize,8,8,8,1,1,1,1,-2,0,-1,-3,0,-1,-2,4,0,8,1,1,-2,0,-1,-3,0,-1,-2,4,0
7310,resize,6,6,6,1,1,1,0,-1,-3,-3,-1,2,6,-4,-1,-3,6,1,0,-1,-3,-3,-1,2,6,-4,-1,-3
7311,resize,3,3,3,1,1,1,-3,-1,-1,6,-5,1,-3,-1,0,-1,3,1,-3,-1,-1,6,-5,1,-3,-1,0,-1
7312,resize,3,3,3,1,1,1,-4,0,0,5,-4,0,-3,0,0,-2,3,1,-4,0,0,5,-4,0,-3,0,0,-2
7313,resize,8,8,8,1,1,1,0,-3,-2,1,-3,1,-1,-4,6,0,8,1,0,-3,-2,1,-3,1,-1,-4,6,0
7314,resize,6,6,6,1,1,1,1,-1,-3,-3,-1,2,6,-3,-1,-3,6,1,1,-1,-3,-3,-1,2,6,-3,-1,-3
7315,resize,5,5,5,1,1,1,-2,-2,-2,1,-2,6,-1,-2,0,2,5,1,-2,-2,-2,1,-2,6,-1,-2,0,2
7316,resize,4,4,4,1,1,1,-3,-1,-1,-3,5,-2,-2,-1,-3,-2,4,1,-3,-1,-1,-3,5,-2,-2,-1,-3,-2
7317,resize,0,0,0,1,1,1,5,-3,-1,-1,-2,0,1,-1,-1,-1,0,1,5,-3,-1,-1,-2,0,1,-1,-1,-1
7318,resize,9,9,9,1,1,1,-1,-2,-2,0,-1,-1,-5,0,-1,5,9,1,-1,-2,-2,0,-1,-1,-5,0,-1,5
7319,resize,1,1,1,1,1,1,-2,5,-1,-4,-1,-1,-2,0,-1,-2,1,1,-2,5,-1,-4,-1,-1,-2,0,-1,-2
7320,resize,7,7,7,1,1,1,-1,-1,-1,-1,0,-1,-4,3,-1,0,7,1,-1,-1,-1,-1,0,-1,-4,3,-1,0
7321,resize,2,2,2,1,1,1,-1,1,6,0,-2,-4,-3,-1,0,-4,2,1,-1,1,6,0,-2,-4,-3,-1,0,-4
7322,resize,9,9,9,1,1,1,-1,-2,-2,0,-1,-1,-4,-1,-1,4,9,1,-1,-2,-2,0,-1,-1,-4,-1,-1,4
7323,resize,1,1,1,1,1,1,-3,4,-1,-2,0,-1,-2,1,-1,-1,1,1,-3,4,-1,-2,0,-1,-2,1,-1,-1
7324,resize,5,5,5,1,1,1,-2,-2,-2,0,-2,6,0,-2,0,1,5,1,-2,-2,-2,0,-2,6,0,-2,0,1
7325,resize,1,1,1,1,1,1,-2,4,-2,-3,-1,-1,-1,0,-1,-1,1,1,-2,4,-2,-3,-1,-1,-1,0,-1,-1
7326,resize,3,3,3,1,1,1,-2,-1,-1,5,-4,1,-3,-2,1,0,3,1,-2,-1,-1,5,-4,1,-3,-2,1,0
7327,resize,2,2,2,1,1,1,-2,1,6,1,-3,-3,-2,0,-1,-5,2,1,-2,1,6,1,-3,-3,-2,0,-1,-5
7328,resize,2,2,2,1,1,1,-2,1,4,0,-2,-2,-2,0,0,-3,2,1,-2,1,4,0,-2,-2,-2,0,0,-3
7329,resize,3,3,3,1,1,1,-3,-1,-2,6,-5,2,-4,-2,1,0,3,1,-3,-1,-2,6,-5,2,-4,-2,1,0
7330,resize,0,0,0,1,1,1,6,-3,-1,-2,-3,0,1,-2,-1,-1,0,1,6,-3,-1,-2,-3,0,1,-2,-1,-1
7331,resize,6,6,6,1,1,1,0,-1,-3,-3,0,2,6,-4,-2,-3,6,1,0,-1,-3,-3,0,2,6,-4,-2,-3
7332,resize,4,4,4,1,1,1,-3,0,-1,-2,4,-1,-2,0,-2,-1,4,1,-3,0,-1,-2,4,-1,-2,0,-2,-1
7333,resize,3,3,3,1,1,1,-2,-1,-2,4,-4,2,-4,-1,0,2,3,1,-2,-1,-2,4,-4,2,-4,-1,0,2
7334,resize,7,7,7,1,1,1,-1,-1,0,0,-1,-1,-4,3,-1,0,7,1,-1,-1,0,0,-1,-1,-4,3,-1,0
7335,resize,6,6,6,1,1,1,1,-1,-3,-2,0,1,5,-3,-2,-3,6,1,1,-1,-3,-2,0,1,5,-3,-2,-3
7336,resize,9,9,9,1,1,1,-1,-2,-2,0,-1,0,-4,0,-1,3,9,1,-1,-2,-2,0,-1,0,-4,0,-1,3
7337,resize,0,0,0,1,1,1,3,-2,-1,-1,-1,0,1,-1,0,-1,0,1,3,-2,-1,-1,-1,0,1,-1,0,-1
7338,resize,4,4,4,1,1,1,-2,0,-2,-3,3,-1,-1,0,-2,0,4,1,-2,0,-2,-3,3,-1,-1,0,-2,0
7339,resize,8,8,8,1,1,1,0,-2,-1,1,-3,-1,-2,-2,4,-1,8,1,0,-2,-1,1,-3,-1,-2,-2,4,-1
7340,resize,1,1,1,1,1,1,-2,4,-2,-3,-1,-1,-2,0,-1,-1,1,1,-2,4,-2,-3,-1,-1,-2,0,-1,-1
7341,resize,4,4,4,1,1,1,-4,0,-2,-5,6,-3,-3,0,-4,-1,4,1,-4,0,-2,-5,6,-3,-3,0,-4,-1
7342,resize,0,0,0,1,1,1,6,-3,-1,-3,-4,0,1,-1,0,-3,0,1,6,-3,-1,-3,-4,0,1,-1,0,-3
7343,resize,6,6,6,1,1,1,0,-2,-4,-3,0,2,5,-4,-1,-2,6,1,0,-2,-4,-3,0,2,5,-4,-1,-2
7344,resize,1,1,1,1,1,1,-2,4,-2,-3,-1,-1,-2,-1,-1,-1,1,1,-2,4,-2,-3,-1,-1,-2,-1,-1,-1
7345,resize,2,2,2,1,1,1,-1,1,4,0,-2,-3,-2,1,-1,-4,2,1,-1,1,4,0,-2,-3,-2,1,-1,-4
7346,resize,6,6,6,1,1,1,0,-1,-2,-2,-1,2,6,-3,0,-3,6,1,0,-1,-2,-2,-1,2,6,-3,0,-3
7347,resize,9,9,9,1,1,1,-2,-3,-3,-1,1,-1,-5,0,-1,5,9,1,-2,-3,-3,-1,1,-1,-5,0,-1,5
7348,resize,2,2,2,1,1,1,-1,0,3,1,-3,-2,-2,1,0,-3,2,1,-1,0,3,1,-3,-2,-2,1,0,-3
7349,resize,2,2,2,1,1,1,-1,1,5,0,-2,-3,-2,0,-1,-3,2,1,-1,1,5,0,-2,-3,-2,0,-1,-3
7350,resize,3,3,3,1,1,1,-2,-1,-1,4,-4,1,-3,-1,0,0,3,1,-2,-1,-1,4,-4,1,-3,-1,0,0
7351,resize,5,5,5,1,1,1,-3,-2,-3,1,-2,5,0,-3,1,1,5,1,-3,-2,-3,1,-2,5,0,-3,1,1
7352,resize,5,5,5,1,1,1,-3,-2,-3,1,-2,5,-1,-2,1,1,5,1,-3,-2,-3,1,-2,5,-1,-2,1,1
7353,resize,1,1,1,1,1,1,-2,5,-2,-4,-1,-1,-1,-1,-1,-2,1,1,-2,5,-2,-4,-1,-1,-1,-1,-1,-2
7354,resize,0,0,0,1,1,1,5,-2,-2,-1,-2,1,3,-3,-1,-2,0,1,5,-2,-2,-1,-2,1,3,-3,-1,-2
7355,resize,7,7,7,1,1,1,-2,-1,0,0,-1,-1,-5,4,-1,-1,7,1,-2,-1,0,0,-1,-1,-5,4,-1,-1
7356,resize,7,7,7,1,1,1,-1,-1,-1,0,-1,-1,-5,3,-1,0,7,1,-1,-1,-1,0,-1,-1,-5,3,-1,0
7357,resize,9,9,9,1,1,1,-2,-2,-3,-1,0,0,-4,-1,-1,4,9,1,-2,-2,-3,-1,0,0,-4,-1,-1,4
7358,resize,6,6,6,1,1,1,0,-1,-4,-3,0,2,6,-4,-1,-3,6,1,0,-1,-4,-3,0,2,6,-4,-1,-3
7359,resize,2,2,2,1,1,1,-2,1,5,0,-2,-2,-2,0,-1,-4,2,1,-2,1,5,0,-2,-2,-2,0,-1,-4
7360,resize,9,9,9,1,1,1,-1,-2,-3,0,0,-1,-5,0,-1,4,9,1,-1,-2,-3,0,0,-1,-5,0,-1,4
7361,resize,4,4,4,1,1,1,-3,0,-2,-3,4,-2,-2,0,-2,-1,4,1,-3,0,-2,-3,4,-2,-2,0,-2,-1
7362,resize,7,7,7,1,1,1,-2,-1,0,1,-1,-1,-5,4,-1,0,7,1,-2,-1,0,1,-1,-1,-5,4,-1,0
7363,resize,0,0,0,1,1,1,5,-3,-2,-2,-2,-1,1,-1,0,-1,0,1,5,-3,-2,-2,-2,-1,1,-1,0,-1
7364,resize,2,2,2,1,1,1,-3,1,6,1,-3,-3,-1,0,-1,-5,2,1,-3,1,6,1,-3,-3,-1,0,-1,-5
7365,resize,3,3,3,1,1,1,-4,-1,-1,6,-5,1,-4,-1,1,-1,3,1,-4,-1,-1,6,-5,1,-4,-1,1,-1
7366,resize,4,4,4,1,1,1,-4,-1,-2,-3,5,-2,-3,-1,-1,-1,4,1,-4,-1,-2,-3,5,-2,-3,-1,-1,-1
7367,resize,0,0,0,1,1,1,6,-3,-1,-2,-3,0,1,-2,-1,-2,0,1,6,-3,-1,-2,-3,0,1,-2,-1,-2
7368,resize,0,0,0,1,1,1,6,-3,-1,-2,-3,0,1,-1,-1,-2,0,1,6,-3,-1,-2,-3,0,1,-1,-1,-2
7369,resize,8,8,8,1,1,1,0,-3,-2,1,-3,0,-2,-3,6,0,8,1,0,-3,-2,1,-3,0,-2,-3,6,0
7370,resize,8,8,8,1,1,1,0,-2,-1,0,-3,0,-1,-2,4,0,8,1,0,-2,-1,0,-3,0,-1,-2,4,0
7371,resize,8,8,8,1,1,1,-1,-2,-2,0,-3,0,-1,-4,6,0,8,1,-1,-2,-2,0,-3,0,-1,-4,6,0
7372,resize,5,5,5,1,1,1,-2,-2,-3,1,-3,6,-1,-3,1,1,5,1,-2,-2,-3,1,-3,6,-1,-3,1,1
7373,resize,1,1,1,1,1,1,-2,3,-1,-3,-1,-1,-2,0,-1,-1,1,1,-2,3,-1,-3,-1,-1,-2,0,-1,-1
7374,resize,3,3,3,1,1,1,-2,-2,-2,6,-5,2,-4,-1,0,1,3,1,-2,-2,-2,6,-5,2,-4,-1,0,1
7375,resize,7,7,7,1,1,1,-1,-1,0,0,0,-1,-4,3,0,0,7,1,-1,-1,0,0,0,-1,-4,3,0,0
7376,resize,4,4,4,1,1,1,-4,0,-2,-4,6,-3,-2,-1,-3,-2,4,1,-4,0,-2,-4,6,-3,-2,-1,-3,-2
7377,resize,9,9,9,1,1,1,-2,-2,-3,-1,1,-1,-4,-1,-1,4,9,1,-2,-2,-3,-1,1,-1,-4,-1,-1,4
7378,resize,8,8,8,1,1,1,0,-2,-1,2,-4,0,-2,-3,4,0,8,1,0,-2,-1,2,-4,0,-2,-3,4,0
7379,resize,8,8,8,1,1,1,0,-2,-1,0,-2,0,-1,-3,5,0,8,1,0,-2,-1,0,-2,0,-1,-3,5,0
7380,resize,9,9,9,1,1,1,-2,-2,-3,-1,1,-1,-5,-1,-1,5,9,1,-2,-2,-3,-1,1,-1,-5,-1,-1,5
7381,resize,0,0,0,1,1,1,5,-2,-2,-1,-3,0,1,-1,0,-2,0,1,5,-2,-2,-1,-3,0,1,-1,0,-2
7382,resize,9,9,9,1,1,1,-1,-2,-2,1,-1,-1,-4,-1,-1,4,9,1,-1,-2,-2,1,-1,-1,-4,-1,-1,4
7383,resize,8,8,8,1,1,1,0,-2,-2,0,-4,0,-2,-3,6,-1,8,1,0,-2,-2,0,-4,0,-2,-3,6,-1
7384,resize,9,9,9,1,1,1,-2,-1,-3,-1,1,-2,-4,-1,-1,4,9,1,-2,-1,-3,-1,1,-2,-4,-1,-1,4
7385,resize,0,0,0,1,1,1,5,-3,-1,-2,-2,-1,1,-1,-1,-1,0,1,5,-3,-1,-2,-2,-1,1,-1,-1,-1
7386,resize,2,2,2,1,1,1,-2,1,4,1,-2,-2,-1,-1,0,-3,2,1,-2,1,4,1,-2,-2,-1,-1,0,-3
7387,resize,6,6,6,1,1,1,1,-2,-4,-3,0,1,6,-3,-2,-2,6,1,1,-2,-4,-3,0,1,6,-3,-2,-2
7388,resize,5,5,5,1,1,1,-3,-2,-3,0,-1,5,0,-2,1,1,5,1,-3,-2,-3,0,-1,5,0,-2,1,1
7389,resize,6,6,6,1,1,1,0,-2,-4,-3,0,2,6,-4,-2,-4,6,1,0,-2,-4,-3,0,2,6,-4,-2,-4
7390,resize,7,7,7,1,1,1,-1,-1,0,1,-1,-1,-5,3,-1,0,7,1,-1,-1,0,1,-1,-1,-5,3,-1,0
7391,resize,4,4,4,1,1,1,-4,-1,-2,-3,5,-2,-3,-1,-2,-1,4,1,-4,-1,-2,-3,5,-2,-3,-1,-2,-1
7392,resize,7,7,7,1,1,1,-1,-1,-1,0,-1,-1,-5,3,-1,0,7,1,-1,-1,-1,0,-1,-1,-5,3,-1,0
7393,resize,5,5,5,1,1,1,-3,-2,-3,1,-2,7,-1,-2,0,1,5,1,-3,-2,-3,1,-2,7,-1,-2,0,1
7394,resize,4,4,4,1,1,1,-4,0,-2,-3,4,-2,-1,-1,-2,-1,4,1,-4,0,-2,-3,4,-2,-1,-1,-2,-1
7395,resize,1,1,1,1,1,1,-2,4,-1,-4,-1,-1,-1,-1,0,-2,1,1,-2,4,-1,-4,-1,-1,-1,-1,0,-2
7396,resize,3,3,3,1,1,1,-2,-2,-2,6,-6,2,-4,-2,1,1,3,1,-2,-2,-2,6,-6,2,-4,-2,1,1
7397,resize,5,5,5,1,1,1,-3,-2,-3,0,-2,7,-1,-2,0,2,5,1,-3,-2,-3,0,-2,7,-1,-2,0,2
7398,resize,3,3,3,1,1,1,-2,-2,-1,6,-5,2,-3,-2,0,0,3,1,-2,-2,-1,6,-5,2,-3,-2,0,0
7399,resize,1,1,1,1,1,1,-1,3,-1,-2,-2,-1,-1,-1,0,-2,1,1,-1,3,-1,-2,-2,-1,-1,-1,0,-2
7400,resize,2,2,2,1,1,1,-2,0,3,0,-1,-2,-2,2,-1,-3,2,1,-2,0,3,0,-1,-2,-2,2,-1,-3
7401,resize,3,3,3,1,1,1,0,-1,1,2,-3,1,-2,0,0,0,3,1,0,-1,1,2,-3,1,-2,0,0,0
7402,resize,4,4,4,1,1,1,-5,0,-2,-4,4,-1,-2,-1,-1,0,4,1,-5,0,-2,-4,4,-1,-2,-1,-1,0
7403,resize,5,5,5,1,1,1,-1,-1,-2,1,-3,4,-1,-2,1,1,5,1,-1,-1,-2,1,-3,4,-1,-2,1,1
7404,resize,6,6,6,1,1,1,1,-1,-3,-3,0,1,4,-3,-1,-1,6,1,1,-1,-3,-3,0,1,4,-3,-1,-1
7405,resize,1,1,1,1,1,1,-2,4,-2,-4,-1,0,0,-1,-1,-3,1,1,-2,4,-2,-4,-1,0,0,-1,-1,-3
7406,resize,2,2,2,1,1,1,0,0,4,1,-3,-2,-2,0,0,-3,2,1,0,0,4,1,-3,-2,-2,0,0,-3
7407,resize,3,3,3,1,1,1,-2,-1,0,4,-3,1,-3,0,0,0,3,1,-2,-1,0,4,-3,1,-3,0,0,0
7408,resize,4,4,4,1,1,1,-3,0,-3,-4,4,-1,-1,-1,-1,0,4,1,-3,0,-3,-4,4,-1,-1,-1,-1,0
7409,resize,6,6,6,1,1,1,0,-1,-3,-3,-1,1,7,-4,0,-3,6,1,0,-1,-3,-3,-1,1,7,-4,0,-3
7410,resize,0,0,0,1,1,1,4,-3,-2,0,-1,0,1,-1,-1,0,0,1,4,-3,-2,0,-1,0,1,-1,-1,0
7411,resize,1,1,1,1,1,1,-3,4,-3,-4,0,-1,-2,0,-1,-1,1,1,-3,4,-3,-4,0,-1,-2,0,-1,-1
7412,resize,2,2,2,1,1,1,-2,1,4,0,0,-2,-3,1,-1,-4,2,1,-2,1,4,0,0,-2,-3,1,-1,-4
7413,resize,4,4,1,1,0,0,-1,0,-1,-1,0,0,0,0,0,-1,1,1,-1,0,-1,-1,0,0,0,0,0,-1
7414,resize,5,5,5,1,1,1,-1,-1,-1,-1,-2,5,0,-2,1,1,5,1,-1,-1,-1,-1,-2,5,0,-2,1,1
7415,resize,6,6,6,1,1,1,1,-2,-3,-3,-1,1,5,-3,0,-2,6,1,1,-2,-3,-3,-1,1,5,-3,0,-2
7416,resize,7,7,7,1,1,1,-2,0,1,1,-2,-2,-4,3,-1,-2,7,1,-2,0,1,1,-2,-2,-4,3,-1,-2
7417,resize,8,8,8,1,1,1,-1,-1,-2,-1,0,1,0,-2,4,-1,8,1,-1,-1,-2,-1,0,1,0,-2,4,-1
7418,resize,1,1,1,1,1,1,-2,4,-1,-3,-1,-1,-1,0,-1,-3,1,1,-2,4,-1,-3,-1,-1,-1,0,-1,-3
7419,resize,7,7,7,1,1,1,-1,0,1,0,-1,-1,-3,3,0,-1,7,1,-1,0,1,0,-1,-1,-3,3,0,-1
7420,resize,2,2,2,1,1,1,0,0,3,0,-2,-2,-1,-1,0,-2,2,1,0,0,3,0,-2,-2,-1,-1,0,-2
7421,resize,4,4,4,1,1,1,-3,-1,-3,-3,4,-2,-2,-1,-1,-1,4,1,-3,-1,-3,-3,4,-2,-2,-1,-1,-1
7422,resize,1,1,1,1,1,1,-3,5,-2,-4,-1,-1,-2,0,-2,-2,1,1,-3,5,-2,-4,-1,-1,-2,0,-2,-2
7423,resize,4,4,4,1,1,1,-4,-1,-3,-4,4,-2,-4,-1,-1,2,4,1,-4,-1,-3,-4,4,-2,-4,-1,-1,2
7424,resize,1,1,1,1,1,1,-2,4,-2,-3,-1,-1,-1,0,0,-1,1,1,-2,4,-2,-3,-1,-1,-1,0,0,-1
7425,resize,4,4,4,1,1,1,-3,0,-2,-3,4,-1,-3,-1,-1,0,4,1,-3,0,-2,-3,4,-1,-3,-1,-1,0
7426,resize,9,9,9,1,1,1,-3,-2,-3,-1,1,1,-3,-1,-2,3,9,1,-3,-2,-3,-1,1,1,-3,-1,-2,3
7427,resize,6,6,6,1,1,1,1,-1,-2,-2,-1,1,4,-3,-1,-2,6,1,1,-1,-2,-2,-1,1,4,-3,-1,-2
7428,resize,8,8,8,1,1,1,-1,-1,-2,0,-3,1,0,-3,5,-1,8,1,-1,-1,-2,0,-3,1,0,-3,5,-1
7429,resize,4,4,4,1,1,1,-3,-1,-2,-3,4,-2,-3,0,-2,0,4,1,-3,-1,-2,-3,4,-2,-3,0,-2,0
7430,resize,5,5,5,1,1,1,-2,-2,-3,2,-2,3,-1,-2,1,1,5,1,-2,-2,-3,2,-2,3,-1,-2,1,1
7431,resize,3,3,3,1,1,1,-2,-1,-1,5,-4,2,-3,-1,0,0,3,1,-2,-1,-1,5,-4,2,-3,-1,0,0
7432,resize,7,7,7,1,1,1,0,0,1,0,-3,-1,-4,2,0,-1,7,1,0,0,1,0,-3,-1,-4,2,0,-1
7433,resize,8,8,8,1,1,1,0,-1,-1,0,-2,1,0,-2,3,-2,8,1,0,-1,-1,0,-2,1,0,-2,3,-2
7434,resize,4,4,4,1,1,1,-2,0,-3,-2,2,-1,-2,-1,0,1,4,1,-2,0,-3,-2,2,-1,-2,-1,0,1
7435,resize,3,3,3,1,1,1,-4,-1,-2,7,-6,2,-5,-1,0,0,3,1,-4,-1,-2,7,-6,2,-5,-1,0,0
7436,resize,3,3,3,1,1,1,-3,-1,-1,6,-5,1,-4,0,0,-1,3,1,-3,-1,-1,6,-5,1,-4,0,0,-1
7437,resize,5,5,5,1,1,1,-2,-2,-2,0,-1,4,0,-2,1,0,5,1,-2,-2,-2,0,-1,4,0,-2,1,0
7438,resize,6,6,6,1,1,1,1,-2,-3,-3,0,1,4,-3,-1,-2,6,1,1,-2,-3,-3,0,1,4,-3,-1,-2
7439,resize,7,7,7,1,1,1,-1,0,1,0,-2,-1,-4,3,0,-1,7,1,-1,0,1,0,-2,-1,-4,3,0,-1
7440,resize,0,0,0,1,1,1,4,-2,0,-2,-2,-1,1,-1,0,-1,0,1,4,-2,0,-2,-2,-1,1,-1,0,-1
7441,resize,6,6,6,1,1,1,0,-1,-2,-3,0,1,4,-3,-1,-1,6,1,0,-1,-2,-3,0,1,4,-3,-1,-1
7442,resize,1,1,1,1,1,1,-2,4,-2,-3,-1,-1,-2,0,-1,-2,1,1,-2,4,-2,-3,-1,-1,-2,0,-1,-2
7443,resize,6,6,6,1,1,1,1,-1,-3,-3,0,0,5,-3,-1,-1,6,1,1,-1,-3,-3,0,0,5,-3,-1,-1
7444,resize,8,8,8,1,1,1,-1,-1,-1,-2,-1,0,0,-3,4,0,8,1,-1,-1,-1,-2,-1,0,0,-3,4,0
7445,resize,7,7,7,1,1,1,-1,0,1,1,-2,-1,-4,2,0,-1,7,1,-1,0,1,1,-2,-1,-4,2,0,-1
7446,resize,0,0,0,1,1,1,4,-2,0,-1,-2,-2,0,-1,0,-1,0,1,4,-2,0,-1,-2,-2,0,-1,0,-1
7447,resize,1,1,1,1,1,1,-3,5,-2,-4,-1,-1,-2,0,-1,-2,1,1,-3,5,-2,-4,-1,-1,-2,0,-1,-2
7448,resize,5,5,5,1,1,1,-2,-2,-3,0,-2,6,0,-2,1,1,5,1,-2,-2,-3,0,-2,6,0,-2,1,1
7449,resize,0,0,0,1,1,1,5,-3,0,-2,-3,-1,0,-1,1,-1,0,1,5,-3,0,-2,-3,-1,0,-1,1,-1
7450,resize,8,8,8,1,1,1,-2,-1,-2,-1,-1,2,1,-3,5,-1,8,1,-2,-1,-2,-1,-1,2,1,-3,5,-1
7451,resize,5,3,3,0,0,1,-2,0,0,2,-2,1,-1,0,0,-2,3,1,-2,0,0,2,-2,1,-1,0,0,-2
7452,resize,0,0,0,1,1,1,3,-2,-1,-1,-2,0,0,-1,0,0,0,1,3,-2,-1,-1,-2,0,0,-1,0,0
7453,resize,1,1,1,1,1,1,-2,4,-2,-3,-1,-1,-1,0,-1,-1,1,1,-2,4,-2,-3,-1,-1,-1,0,-1,-1
7454,resize,5,5,5,1,1,1,-1,-1,-2,0,-2,4,0,-1,0,0,5,1,-1,-1,-2,0,-2,4,0,-1,0,0
7455,resize,8,8,8,1,1,1,-1,-1,-2,0,-1,1,0,-2,4,-1,8,1,-1,-1,-2,0,-1,1,0,-2,4,-1
7456,resize,4,4,4,1,1,1,-2,-1,-3,-3,4,-2,0,-1,-1,1,4,1,-2,-1,-3,-3,4,-2,0,-1,-1,1
7457,resize,2,2,2,1,1,1,-1,0,4,1,-2,-3,-2,1,0,-3,2,1,-1,0,4,1,-2,-3,-2,1,0,-3
7458,resize,3,3,3,1,1,1,-3,-1,-2,6,-5,2,-3,-1,0,0,3,1,-3,-1,-2,6,-5,2,-3,-1,0,0
7459,resize,9,9,9,1,1,1,-3,-1,-2,-1,0,1,-2,-1,1,3,9,1,-3,-1,-2,-1,0,1,-2,-1,1,3
7460,resize,7,7,7,1,1,1,-2,0,1,1,-1,-1,-4,3,-1,0,7,1,-2,0,1,1,-1,-1,-4,3,-1,0
7461,resize,6,6,6,1,1,1,0,-1,-1,-2,0,0,4,-2,-1,-2,6,1,0,-1,-1,-2,0,0,4,-2,-1,-2
7462,resize,9,9,9,1,1,1,-2,-2,-1,-1,1,-1,-4,1,-1,4,9,1,-2,-2,-1,-1,1,-1,-4,1,-1,4
7463,resize,1,1,1,1,1,1,-3,5,-2,-4,-1,-1,-1,-1,-1,-2,1,1,-3,5,-2,-4,-1,-1,-1,-1,-1,-2
7464,resize,9,9,9,1,1,1,-2,-3,-3,-1,0,0,-4,-1,-1,5,9,1,-2,-3,-3,-1,0,0,-4,-1,-1,5
7465,resize,0,0,0,1,1,1,4,-2,0,-2,-2,-1,2,-3,0,-2,0,1,4,-2,0,-2,-2,-1,2,-3,0,-2
7466,resize,6,6,6,1,1,1,1,-2,-2,-3,-1,1,4,-4,0,-2,6,1,1,-2,-2,-3,-1,1,4,-4,0,-2
7467,resize,7,7,7,1,1,1,-3,0,0,1,0,-2,-5,4,-1,0,7,1,-3,0,0,1,0,-2,-5,4,-1,0
7468,resize,1,1,1,1,1,1,-3,5,-2,-5,-1,-1,-2,0,-1,-2,1,1,-3,5,-2,-5,-1,-1,-2,0,-1,-2
7469,resize,2,2,2,1,1,1,0,1,4,0,-2,-2,-1,-1,-1,-3,2,1,0,1,4,0,-2,-2,-1,-1,-1,-3
7470,resize,3,3,3,1,1,1,-3,-1,-2,7,-5,3,-4,-2,0,0,3,1,-3,-1,-2,7,-5,3,-4,-2,0,0
7471,resize,9,9,9,1,1,1,-3,-2,-2,-1,0,1,-4,-1,-1,4,9,1,-3,-2,-2,-1,0,1,-4,-1,-1,4
7472,resize,2,2,2,1,1,1,-1,0,3,0,-1,-1,-2,1,-1,-2,2,1,-1,0,3,0,-1,-1,-2,1,-1,-2
7473,resize,4,4,4,1,1,1,-1,0,-2,-2,2,-1,-1,0,-1,0,4,1,-1,0,-2,-2,2,-1,-1,0,-1,0
7474,resize,5,5,5,1,1,1,-1,-2,-2,1,-2,4,0,-2,0,0,5,1,-1,-2,-2,1,-2,4,0,-2,0,0
7475,resize,5,5,5,1,1,1,-2,-2,-3,0,-2,6,-1,-2,0,1,5,1,-2,-2,-3,0,-2,6,-1,-2,0,1
7476,resize,3,3,3,1,1,1,0,-2,-1,4,-4,2,-2,-2,0,0,3,1,0,-2,-1,4,-4,2,-2,-2,0,0
7477,resize,7,7,7,1,1,1,-1,-1,2,0,-1,-2,-6,4,-2,-1,7,1,-1,-1,2,0,-1,-2,-6,4,-2,-1
7478,resize,5,5,5,1,1,1,-2,-2,-2,2,-2,5,-2,-1,0,2,5,1,-2,-2,-2,2,-2,5,-2,-1,0,2
7479,resize,3,3,3,1,1,1,-2,-2,-2,5,-4,2,-4,-2,0,2,3,1,-2,-2,-2,5,-4,2,-4,-2,0,2
7480,resize,1,1,1,1,1,1,-2,5,-2,-4,-1,-1,-1,-1,-1,-2,1,1,-2,5,-2,-4,-1,-1,-1,-1,-1,-2
7481,resize,8,8,8,1,1,1,-1,-1,-2,-1,-1,2,0,-2,4,0,8,1,-1,-1,-2,-1,-1,2,0,-2,4,0
7482,resize,2,2,2,1,1,1,0,0,3,1,-3,-2,-2,1,0,-3,2,1,0,0,3,1,-3,-2,-2,1,0,-3
7483,resize,2,2,2,1,1,1,0,1,5,0,-3,-2,-2,0,-1,-4,2,1,0,1,5,0,-3,-2,-2,0,-1,-4
7484,resize,3,3,3,1,1,1,-2,-1,-2,6,-5,2,-3,-2,0,1,3,1,-2,-1,-2,6,-5,2,-3,-2,0,1
7485,resize,0,0,0,1,1,1,5,-3,0,-1,-3,-1,0,-1,0,-1,0,1,5,-3,0,-1,-3,-1,0,-1,0,-1
7486,resize,2,2,2,1,1,1,0,0,3,1,-3,-2,-2,0,0,-3,2,1,0,0,3,1,-3,-2,-2,0,0,-3
7487,resize,9,9,9,1,1,1,-3,-2,-3,-2,2,-1,-4,-1,-2,4,9,1,-3,-2,-3,-2,2,-1,-4,-1,-2,4
7488,resize,4,4,4,1,1,1,-2,-1,-3,-3,3,-1,-1,0,-1,0,4,1,-2,-1,-3,-3,3,-1,-1,0,-1,0
7489,resize,9,9,9,1,1,1,-3,-2,-3,-1,1,-1,-5,-1,-2,4,9,1,-3,-2,-3,-1,1,-1,-5,-1,-2,4
7490,resize,7,7,7,1,1,1,-1,0,1,0,-2,-1,-4,3,0,-1,7,1,-1,0,1,0,-2,-1,-4,3,0,-1
7491,resize,0,0,0,1,1,1,4,-2,-1,-1,-3,0,1,-1,0,-1,0,1,4,-2,-1,-1,-3,0,1,-1,0,-1
7492,resize,2,2,2,1,1,1,1,0,3,0,-2,-2,-2,0,-1,-2,2,1,1,0,3,0,-2,-2,-2,0,-1,-2
7493,resize,7,7,7,1,1,1,-2,0,1,1,-1,-1,-4,3,-1,-1,7,1,-2,0,1,1,-1,-1,-4,3,-1,-1
7494,resize,4,4,4,1,1,1,-1,0,-2,-2,4,-1,-1,0,-1,-1,4,1,-1,0,-2,-2,4,-1,-1,0,-1,-1
7495,resize,9,9,9,1,1,1,-2,-2,-3,-1,0,-1,-4,0,-1,4,9,1,-2,-2,-3,-1,0,-1,-4,0,-1,4
7496,resize,9,9,9,1,1,1,-2,-2,-3,0,0,-1,-4,-1,-1,5,9,1,-2,-2,-3,0,0,-1,-4,-1,-1,5
7497,resize,2,2,2,1,1,1,-1,1,6,0,-3,-3,-1,0,-2,-6,2,1,-1,1,6,0,-3,-3,-1,0,-2,-6
7498,resize,5,5,5,1,1,1,-1,-2,-1,2,-2,3,-1,-2,1,1,5,1,-1,-2,-1,2,-2,3,-1,-2,1,1
7499,resize,9,9,9,1,1,1,-3,-1,-2,-2,1,-1,-4,0,-1,3,9,1,-3,-1,-2,-2,1,-1,-4,0,-1,3
7500,resize,8,8,8,1,1,1,-1,-1,-2,-1,-1,1,-1,-2,4,0,8,1,-1,-1,-2,-1,-1,1,-1,-2,4,0
7501,resize,3,3,3,1,1,1,-3,-1,-2,7,-5,2,-3,-2,0,0,3,1,-3,-1,-2,7,-5,2,-3,-2,0,0
7502,resize,8,8,8,1,1,1,-1,-1,-2,0,-2,1,-1,-3,5,-1,8,1,-1,-1,-2,0,-2,1,-1,-3,5,-1
7503,resize,6,6,6,1,1,1,1,-2,-3,-2,0,1,4,-2,0,-1,6,1,1,-2,-3,-2,0,1,4,-2,0,-1
7504,resize,7,7,7,1,1,1,-2,0,1,1,-2,-2,-5,4,-1,-1,7,1,-2,0,1,1,-2,-2,-5,4,-1,-1
7505,resize,0,0,0,1,1,1,4,-2,-1,-2,-2,-1,2,-2,-1,-1,0,1,4,-2,-1,-2,-2,-1,2,-2,-1,-1
7506,resize,0,0,0,1,1,1,7,-3,-1,-2,-4,0,1,-2,-1,-2,0,1,7,-3,-1,-2,-4,0,1,-2,-1,-2
7507,resize,1,1,1,1,1,1,-2,4,-1,-3,-1,-1,-1,0,-1,-2,1,1,-2,4,-1,-3,-1,-1,-1,0,-1,-2
7508,resize,2,2,2,1,1,1,-1,1,6,0,-3,-3,-1,-1,-1,-5,2,1,-1,1,6,0,-3,-3,-1,-1,-1,-5
7509,resize,3,3,3,1,1,1,-3,-2,-2,6,-5,3,-3,-1,0,1,3,1,-3,-2,-2,6,-5,3,-3,-1,0,1
7510,resize,4,4,4,1,1,1,-4,0,-1,-3,4,-3,-3,-1,-2,-2,4,1,-4,0,-1,-3,4,-3,-3,-1,-2,-2
7511,resize,5,5,5,1,1,1,-2,0,-2,2,-2,4,-2,-1,-1,0,5,1,-2,0,-2,2,-2,4,-2,-1,-1,0
7512,resize,6,6,6,1,1,1,-1,-1,-1,-2,-1,2,5,-4,0,-5,6,1,-1,-1,-1,-2,-1,2,5,-4,0,-5
7513,resize,7,7,7,1,1,1,-3,0,-1,0,0,-2,-5,4,-1,0,7,1,-3,0,-1,0,0,-2,-5,4,-1,0
7514,resize,8,8,8,1,1,1,0,-2,-1,1,-3,0,0,-3,4,-1,8,1,0,-2,-1,1,-3,0,0,-3,4,-1
7515,resize,9,9,9,1,1,1,-2,-2,-3,-1,1,-1,-5,0,-1,4,9,1,-2,-2,-3,-1,1,-1,-5,0,-1,4
7516,resize,0,0,0,1,1,1,6,-3,0,-2,-3,-1,1,-1,0,-1,0,1,6,-3,0,-2,-3,-1,1,-1,0,-1
7517,resize,1,1,1,1,1,1,-2,4,-1,-3,-1,-1,-1,-1,0,-2,1,1,-2,4,-1,-3,-1,-1,-1,-1,0,-2
7518,resize,2,2,2,1,1,1,-1,1,6,-1,-3,-3,-2,0,0,-5,2,1,-1,1,6,-1,-3,-3,-2,0,0,-5
7519,resize,3,3,3,1,1,1,-2,-2,-2,6,-5,2,-3,-2,1,1,3,1,-2,-2,-2,6,-5,2,-3,-2,1,1
7520,resize,4,4,4,1,1,1,-2,1,0,-2,2,-2,-3,1,-2,-1,4,1,-2,1,0,-2,2,-2,-3,1,-2,-1
7521,resize,5,5,5,1,1,1,-1,-2,-3,1,-3,5,1,-2,0,0,5,1,-1,-2,-3,1,-3,5,1,-2,0,0
7522,resize,6,6,6,1,1,1,1,-1,-1,-2,-1,1,5,-4,-2,-4,6,1,1,-1,-1,-2,-1,1,5,-4,-2,-4
7523,resize,7,7,7,1,1,1,-3,1,-1,-1,0,-2,-4,4,-2,0,7,1,-3,1,-1,-1,0,-2,-4,4,-2,0
7524,resize,8,8,8,1,1,1,0,-2,-1,0,-3,0,-1,-3,4,1,8,1,0,-2,-1,0,-3,0,-1,-3,4,1
7525,resize,9,9,9,1,1,1,-1,-2,-2,0,0,-1,-4,0,-1,3,9,1,-1,-2,-2,0,0,-1,-4,0,-1,3
7526,resize,0,0,0,1,1,1,5,-3,0,-2,-3,-2,0,-1,0,-1,0,1,5,-3,0,-2,-3,-2,0,-1,0,-1
7527,resize,1,1,1,1,1,1,-2,5,-1,-4,-2,-1,0,-1,-1,-3,1,1,-2,5,-1,-4,-2,-1,0,-1,-1,-3
7528,resize,2,2,2,1,1,1,-1,1,6,0,-3,-3,-2,1,-1,-4,2,1,-1,1,6,0,-3,-3,-2,1,-1,-4
7529,resize,3,3,3,1,1,1,-2,-2,-1,6,-5,2,-3,-2,1,1,3,1,-2,-2,-1,6,-5,2,-3,-2,1,1
7530,resize,4,4,4,1,1,1,-2,0,-1,-2,3,-2,-2,0,-2,-1,4,1,-2,0,-1,-2,3,-2,-2,0,-2,-1
7531,resize,5,5,5,1,1,1,-2,-2,-3,2,-3,6,-1,-2,-1,1,5,1,-2,-2,-3,2,-3,6,-1,-2,-1,1
7532,resize,6,6,6,1,1,1,0,0,-2,-3,0,1,4,-4,-2,-2,6,1,0,0,-2,-3,0,1,4,-4,-2,-2
7533,resize,7,7,7,1,1,1,-2,0,-2,0,0,-1,-5,3,-1,0,7,1,-2,0,-2,0,0,-1,-5,3,-1,0
7534,resize,8,8,8,1,1,1,-1,-2,0,0,-2,0,-1,-2,4,1,8,1,-1,-2,0,0,-2,0,-1,-2,4,1
7535,resize,9,9,9,1,1,1,-1,-2,-3,-1,0,-2,-5,0,-2,4,9,1,-1,-2,-3,-1,0,-2,-5,0,-2,4
7536,resize,0,0,0,1,1,1,5,-3,-2,-2,-3,0,0,0,0,-2,0,1,5,-3,-2,-2,-3,0,0,0,0,-2
7537,resize,0,0,0,1,1,1,6,-2,-1,-2,-3,-1,1,-1,-2,-1,0,1,6,-2,-1,-2,-3,-1,1,-1,-2,-1
7538,resize,7,7,7,1,1,1,-2,0,-1,0,-1,-1,-4,3,-1,0,7,1,-2,0,-1,0,-1,-1,-4,3,-1,0
7539,resize,2,2,2,1,1,1,-1,1,4,-1,-1,-2,-2,0,-1,-2,2,1,-1,1,4,-1,-1,-2,-2,0,-1,-2
7540,resize,6,6,6,1,1,1,1,-1,-3,-3,-2,1,6,-4,-1,-3,6,1,1,-1,-3,-3,-2,1,6,-4,-1,-3
7541,resize,5,5,5,1,1,1,-1,-2,-2,2,-3,4,0,-2,-1,-1,5,1,-1,-2,-2,2,-3,4,0,-2,-1,-1
7542,resize,5,5,5,1,1,1,-1,-2,-3,1,-2,5,0,-1,-1,1,5,1,-1,-2,-3,1,-2,5,0,-1,-1,1
7543,resize,3,3,3,1,1,1,-2,-2,-1,6,-5,2,-3,-2,1,0,3,1,-2,-2,-1,6,-5,2,-3,-2,1,0
7544,resize,7,7,7,1,1,1,-2,0,0,0,0,-1,-4,3,-1,0,7,1,-2,0,0,0,0,-1,-4,3,-1,0
7545,resize,8,8,8,1,1,1,-1,-2,-2,1,-1,1,-1,-2,2,2,8,1,-1,-2,-2,1,-1,1,-1,-2,2,2
7546,resize,6,6,6,1,1,1,0,-1,-3,-3,0,1,5,-4,-1,-2,6,1,0,-1,-3,-3,0,1,5,-4,-1,-2
7547,resize,6,6,6,1,1,1,0,-1,-3,-3,0,1,6,-4,-1,-3,6,1,0,-1,-3,-3,0,1,6,-4,-1,-3
7548,resize,6,6,6,1,1,1,1,-1,-3,-3,-1,1,5,-3,-2,-3,6,1,1,-1,-3,-3,-1,1,5,-3,-2,-3
7549,resize,6,6,6,1,1,1,0,-1,-1,-3,0,1,5,-4,-1,-3,6,1,0,-1,-1,-3,0,1,5,-4,-1,-3
7550,resize,4,4,4,1,1,1,-3,0,-2,-3,5,-2,-2,0,-2,-1,4,1,-3,0,-2,-3,5,-2,-2,0,-2,-1
7551,resize,3,3,3,1,1,1,-2,-1,-2,7,-5,2,-4,-2,0,1,3,1,-2,-1,-2,7,-5,2,-4,-2,0,1
7552,resize,8,8,8,1,1,1,0,-1,-2,0,-1,0,-1,-2,4,0,8,1,0,-1,-2,0,-1,0,-1,-2,4,0
7553,resize,8,8,8,1,1,1,-1,-2,-1,1,-3,0,-1,-3,5,0,8,1,-1,-2,-1,1,-3,0,-1,-3,5,0
7554,resize,3,3,3,1,1,1,-3,-2,-2,7,-5,3,-4,-2,0,1,3,1,-3,-2,-2,7,-5,3,-4,-2,0,1
7555,resize,0,0,0,1,1,1,5,-3,-1,-2,-2,-1,1,-2,-1,-1,0,1,5,-3,-1,-2,-2,-1,1,-2,-1,-1
7556,resize,1,1,1,1,1,1,-1,4,-2,-3,-2,-1,-1,-1,0,-2,1,1,-1,4,-2,-3,-2,-1,-1,-1,0,-2
7557,resize,9,9,9,1,1,1,-1,-2,-3,0,0,-1,-3,0,-1,3,9,1,-1,-2,-3,0,0,-1,-3,0,-1,3
7558,resize,0,0,0,1,1,1,4,-2,-1,-2,-2,-1,1,-2,-1,-1,0,1,4,-2,-1,-2,-2,-1,1,-2,-1,-1
7559,resize,5,5,5,1,1,1,-3,-2,-3,2,-3,7,-1,-1,-1,2,5,1,-3,-2,-3,2,-3,7,-1,-1,-1,2
7560,resize,4,4,4,1,1,1,-3,1,0,-2,3,-2,-2,1,-2,-2,4,1,-3,1,0,-2,3,-2,-2,1,-2,-2
7561,resize,1,1,1,1,1,1,-1,4,-1,-3,-1,-1,-1,-1,0,-1,1,1,-1,4,-1,-3,-1,-1,-1,-1,0,-1
7562,resize,9,9,9,1,1,1,-2,-2,-3,-1,0,-1,-4,-1,-1,4,9,1,-2,-2,-3,-1,0,-1,-4,-1,-1,4
7563,resize,1,1,1,1,1,1,-2,4,-1,-4,-2,-1,-1,0,-1,-3,1,1,-2,4,-1,-4,-2,-1,-1,0,-1,-3
7564,resize,2,2,2,1,1,1,-1,1,6,0,-3,-3,-2,0,-2,-5,2,1,-1,1,6,0,-3,-3,-2,0,-2,-5
7565,resize,7,7,7,1,1,1,-2,-1,-3,0,1,-1,-4,4,-1,0,7,1,-2,-1,-3,0,1,-1,-4,4,-1,0
7566,resize,0,0,0,1,1,1,4,-2,-1,-2,-2,0,1,-1,-1,-1,0,1,4,-2,-1,-2,-2,0,1,-1,-1,-1
7567,resize,1,1,1,1,1,1,-2,3,-1,-3,-1,-1,-2,0,-1,-2,1,1,-2,3,-1,-3,-1,-1,-2,0,-1,-2
7568,resize,3,3,3,1,1,1,-1,-2,-1,5,-4,1,-3,-2,1,1,3,1,-1,-2,-1,5,-4,1,-3,-2,1,1
7569,resize,8,8,8,1,1,1,-1,-2,-1,0,-2,0,-1,-3,4,0,8,1,-1,-2,-1,0,-2,0,-1,-3,4,0
7570,resize,2,2,2,1,1,1,-2,1,7,-1,-3,-3,-1,-1,-1,-5,2,1,-2,1,7,-1,-3,-3,-1,-1,-1,-5
7571,resize,9,9,9,1,1,1,-1,-2,-3,0,0,-1,-4,0,-1,4,9,1,-1,-2,-3,0,0,-1,-4,0,-1,4
7572,resize,2,2,2,1,1,1,0,1,4,1,-3,-1,-1,-1,-1,-4,2,1,0,1,4,1,-3,-1,-1,-1,-1,-4
7573,resize,7,7,7,1,1,1,-2,0,-1,0,0,-1,-4,3,0,0,7,1,-2,0,-1,0,0,-1,-4,3,0,0
7574,resize,4,4,1,1,0,0,-3,2,-2,-4,2,-2,-2,0,-2,-1,1,1,-3,2,-2,-4,2,-2,-2,0,-2,-1
7575,resize,2,2,2,1,1,1,0,1,5,0,-3,-3,-1,0,0,-4,2,1,0,1,5,0,-3,-3,-1,0,0,-4
7576,resize,6,6,6,1,1,1,0,-1,-4,-4,-1,2,7,-5,0,-3,6,1,0,-1,-4,-4,-1,2,7,-5,0,-3
7577,resize,5,5,5,1,1,1,-1,-2,-4,1,-3,6,1,-2,0,-1,5,1,-1,-2,-4,1,-3,6,1,-2,0,-1
7578,resize,5,5,5,1,1,1,-2,-1,-3,2,-3,6,-1,-1,-1,0,5,1,-2,-1,-3,2,-3,6,-1,-1,-1,0
7579,resize,9,9,9,1,1,1,-1,-2,-4,-1,1,-1,-4,-1,-1,4,9,1,-1,-2,-4,-1,1,-1,-4,-1,-1,4
7580,resize,9,9,9,1,1,1,-1,-1,-2,-1,1,-1,-3,0,-1,2,9,1,-1,-1,-2,-1,1,-1,-3,0,-1,2
7581,resize,1,1,1,1,1,1,-2,5,-2,-4,-1,-1,-2,0,-1,-2,1,1,-2,5,-2,-4,-1,-1,-2,0,-1,-2
7582,resize,1,1,1,1,1,1,-2,4,-2,-3,-1,-1,-2,0,-1,-1,1,1,-2,4,-2,-3,-1,-1,-2,0,-1,-1
7583,resize,5,5,5,1,1,1,-2,-2,-4,1,-2,5,-1,-2,-1,1,5,1,-2,-2,-4,1,-2,5,-1,-2,-1,1
7584,resize,7,7,7,1,1,1,-2,0,0,0,0,-1,-4,3,-1,0,7,1,-2,0,0,0,0,-1,-4,3,-1,0
7585,resize,6,6,6,1,1,1,-1,-1,-3,-3,0,1,6,-4,-1,-4,6,1,-1,-1,-3,-3,0,1,6,-4,-1,-4
7586,resize,8,8,8,1,1,1,-1,-2,-2,0,-1,-1,-2,-3,4,2,8,1,-1,-2,-2,0,-1,-1,-2,-3,4,2
7587,resize,2,2,2,1,1,1,-2,1,5,0,-3,-3,-2,0,0,-4,2,1,-2,1,5,0,-3,-3,-2,0,0,-4
7588,resize,9,9,9,1,1,1,-2,-1,-3,-2,2,-2,-3,-1,-1,3,9,1,-2,-1,-3,-2,2,-2,-3,-1,-1,3
7589,resize,4,4,4,1,1,1,-2,0,-1,-2,3,-3,-3,0,-2,-1,4,1,-2,0,-1,-2,3,-3,-3,0,-2,-1
7590,resize,3,3,3,1,1,1,-3,-2,-2,7,-6,2,-4,-2,1,0,3,1,-3,-2,-2,7,-6,2,-4,-2,1,0
7591,resize,1,1,1,1,1,1,-1,4,-1,-3,-1,0,-1,-1,0,-2,1,1,-1,4,-1,-3,-1,0,-1,-1,0,-2
7592,resize,9,9,9,1,1,1,-1,-2,-2,0,0,-2,-4,0,-1,3,9,1,-1,-2,-2,0,0,-2,-4,0,-1,3
7593,resize,0,0,0,1,1,1,5,-2,-1,-2,-1,-2,0,-1,-2,0,0,1,5,-2,-1,-2,-1,-2,0,-1,-2,0
7594,resize,9,9,9,1,1,1,-1,-3,-3,0,0,-1,-4,-1,-1,4,9,1,-1,-3,-3,0,0,-1,-4,-1,-1,4
7595,resize,3,3,3,1,1,1,-2,-1,-1,4,-4,1,-2,-2,1,0,3,1,-2,-1,-1,4,-4,1,-2,-2,1,0
7596,resize,6,6,6,1,1,1,1,-2,-4,-3,0,2,6,-4,-1,-3,6,1,1,-2,-4,-3,0,2,6,-4,-1,-3
7597,resize,8,8,8,1,1,1,-2,-1,-1,0,-2,1,0,-3,4,0,8,1,-2,-1,-1,0,-2,1,0,-3,4,0
7598,resize,7,7,7,1,1,1,-2,0,0,0,0,-2,-5,4,-1,-1,7,1,-2,0,0,0,0,-2,-5,4,-1,-1
7599,resize,0,0,0,1,1,1,5,-2,-1,-2,-4,-1,1,-1,-1,-2,0,1,5,-2,-1,-2,-4,-1,1,-1,-1,-2
7600,resize,1,1,1,1,1,1,-3,5,-1,-4,-1,-2,-2,-1,-1,-2,1,1,-3,5,-1,-4,-1,-2,-2,-1,-1,-2
7601,resize,0,0,0,1,1,1,5,-2,0,-2,-2,-2,1,-1,-2,-1,0,1,5,-2,0,-2,-2,-2,1,-1,-2,-1
7602,resize,5,5,5,1,1,1,-2,-2,-3,0,-2,6,0,-2,0,0,5,1,-2,-2,-3,0,-2,6,0,-2,0,0
7603,resize,8,8,8,1,1,1,-2,-2,-1,0,-2,1,-1,-4,4,0,8,1,-2,-2,-1,0,-2,1,-1,-4,4,0
7604,resize,2,2,2,1,1,1,0,1,5,0,-4,-3,-2,0,-1,-4,2,1,0,1,5,0,-4,-3,-2,0,-1,-4
7605,resize,7,7,7,1,1,1,-2,0,-1,0,0,-2,-4,3,-1,0,7,1,-2,0,-1,0,0,-2,-4,3,-1,0
7606,resize,7,7,7,1,1,1,-1,1,-1,-1,0,-1,-3,2,-1,0,7,1,-1,1,-1,-1,0,-1,-3,2,-1,0
7607,resize,0,0,0,1,1,1,6,-3,-1,-2,-3,-1,0,-1,-1,-1,0,1,6,-3,-1,-2,-3,-1,0,-1,-1,-1
7608,resize,1,1,1,1,1,1,-4,5,-2,-4,1,-1,-2,0,-2,0,1,1,-4,5,-2,-4,1,-1,-2,0,-2,0
7609,resize,2,2,2,1,1,1,-1,0,5,1,-3,-3,-2,0,0,-3,2,1,-1,0,5,1,-3,-3,-2,0,0,-3
7610,resize,3,3,3,1,1,1,-4,0,0,4,-3,1,-2,0,-1,-3,3,1,-4,0,0,4,-3,1,-2,0,-1,-3
7611,resize,4,4,4,1,1,1,-3,-1,-1,-3,4,-2,-3,0,-2,0,4,1,-3,-1,-1,-3,4,-2,-3,0,-2,0
7612,resize,5,5,5,1,1,1,-3,0,-2,0,-2,5,-1,0,0,0,5,1,-3,0,-2,0,-2,5,-1,0,0,0
7613,resize,6,6,6,1,1,1,-1,-1,-4,-3,0,1,6,-3,0,-3,6,1,-1,-1,-4,-3,0,1,6,-3,0,-3
7614,resize,7,7,7,1,1,1,-2,0,0,0,0,-2,-4,4,-1,-1,7,1,-2,0,0,0,0,-2,-4,4,-1,-1
7615,resize,8,8,8,1,1,1,-1,-2,-2,0,-3,1,-1,-4,6,0,8,1,-1,-2,-2,0,-3,1,-1,-4,6,0
7616,resize,9,9,9,1,1,1,-1,-2,-2,-1,1,-2,-5,0,-1,4,9,1,-1,-2,-2,-1,1,-2,-5,0,-1,4
7617,resize,0,0,0,1,1,1,5,-2,-1,-1,-3,0,1,-2,-1,0,0,1,5,-2,-1,-1,-3,0,1,-2,-1,0
7618,resize,1,1,1,1,1,1,-4,4,-3,-3,0,-1,-2,0,-2,1,1,1,-4,4,-3,-3,0,-1,-2,0,-2,1
7619,resize,2,2,2,1,1,1,1,0,4,0,-4,-2,-1,-1,1,-3,2,1,1,0,4,0,-4,-2,-1,-1,1,-3
7620,resize,3,3,3,1,1,1,-3,0,0,3,-3,1,-2,-1,0,-1,3,1,-3,0,0,3,-3,1,-2,-1,0,-1
7621,resize,4,4,4,1,1,1,-3,-1,-1,-3,4,-2,-3,-1,-2,1,4,1,-3,-1,-1,-3,4,-2,-3,-1,-2,1
7622,resize,5,5,5,1,1,1,-3,-1,-2,1,-2,5,-1,-1,0,1,5,1,-3,-1,-2,1,-2,5,-1,-1,0,1
7623,resize,8,8,8,1,1,1,-1,-2,-1,-1,-2,0,-1,-4,7,-1,8,1,-1,-2,-1,-1,-2,0,-1,-4,7,-1
7624,resize,9,9,9,1,1,1,-1,-2,-2,0,-1,-1,-4,0,-1,4,9,1,-1,-2,-2,0,-1,-1,-4,0,-1,4
7625,resize,0,0,0,1,1,1,6,-2,-1,-1,-3,-1,1,-1,-2,0,0,1,6,-2,-1,-1,-3,-1,1,-1,-2,0
7626,resize,1,1,1,1,1,1,-3,4,-2,-3,0,-1,-2,0,-2,0,1,1,-3,4,-2,-3,0,-1,-2,0,-2,0
7627,resize,2,2,2,1,1,1,0,-1,5,1,-4,-2,-1,-1,1,-4,2,1,0,-1,5,1,-4,-2,-1,-1,1,-4
7628,resize,3,3,3,1,1,1,-3,0,0,5,-3,1,-3,-1,1,-1,3,1,-3,0,0,5,-3,1,-3,-1,1,-1
7629,resize,4,4,4,1,1,1,-2,-1,-2,-3,5,-2,-2,-1,-2,0,4,1,-2,-1,-2,-3,5,-2,-2,-1,-2,0
7630,resize,5,5,5,1,1,1,-2,-1,-2,0,-2,5,0,-1,0,1,5,1,-2,-1,-2,0,-2,5,0,-1,0,1
7631,resize,6,6,6,1,1,1,0,-2,-3,-1,0,1,5,-3,0,-3,6,1,0,-2,-3,-1,0,1,5,-3,0,-3
7632,resize,7,7,7,1,1,1,-2,0,1,0,0,-1,-5,4,-1,-1,7,1,-2,0,1,0,0,-1,-5,4,-1,-1
7633,resize,8,8,8,1,1,1,-2,-1,-2,0,-3,0,-1,-4,6,0,8,1,-2,-1,-2,0,-3,0,-1,-4,6,0
7634,resize,9,9,9,1,1,1,-1,-1,-2,-1,0,-1,-3,-1,0,3,9,1,-1,-1,-2,-1,0,-1,-3,-1,0,3
7635,resize,2,2,2,1,1,1,0,-1,5,0,-4,-3,-2,-1,0,-4,2,1,0,-1,5,0,-4,-3,-2,-1,0,-4
7636,resize,1,1,1,1,1,1,-4,3,-2,-2,-1,0,-2,0,-1,1,1,1,-4,3,-2,-2,-1,0,-2,0,-1,1
7637,resize,2,2,2,1,1,1,0,-1,3,2,-4,-2,-1,-1,0,-3,2,1,0,-1,3,2,-4,-2,-1,-1,0,-3
7638,resize,1,1,1,1,1,1,-3,4,-2,-3,0,-1,-2,0,-1,1,1,1,-3,4,-2,-3,0,-1,-2,0,-1,1
7639,resize,3,3,3,1,1,1,-4,0,-1,5,-4,2,-3,0,0,-1,3,1,-4,0,-1,5,-4,2,-3,0,0,-1
7640,resize,9,9,9,1,1,1,-2,-1,-3,-1,0,-2,-4,-1,-1,4,9,1,-2,-1,-3,-1,0,-2,-4,-1,-1,4
7641,resize,9,9,9,1,1,1,-2,-1,-2,-1,0,-1,-3,-2,0,3,9,1,-2,-1,-2,-1,0,-1,-3,-2,0,3
7642,resize,8,8,8,1,1,1,-2,-1,-1,-1,0,0,0,-2,4,0,8,1,-2,-1,-1,-1,0,0,0,-2,4,0
7643,resize,5,5,5,1,1,1,-3,0,-3,0,-2,6,0,-1,0,1,5,1,-3,0,-3,0,-2,6,0,-1,0,1
7644,resize,3,3,3,1,1,1,-3,-1,-1,5,-4,2,-3,0,-1,-1,3,1,-3,-1,-1,5,-4,2,-3,0,-1,-1
7645,resize,7,7,7,1,1,1,-4,0,-1,0,0,-1,-5,5,-2,-1,7,1,-4,0,-1,0,0,-1,-5,5,-2,-1
7646,resize,0,0,0,1,1,1,6,-3,-1,-2,-3,-1,1,-1,-1,-1,0,1,6,-3,-1,-2,-3,-1,1,-1,-1,-1
7647,resize,7,7,7,1,1,1,-3,0,0,0,0,-1,-5,4,-1,-1,7,1,-3,0,0,0,0,-1,-5,4,-1,-1
7648,resize,7,7,7,1,1,1,-2,0,0,1,-1,-1,-4,3,-1,-1,7,1,-2,0,0,1,-1,-1,-4,3,-1,-1
7649,resize,5,5,5,1,1,1,-1,-1,-2,0,-1,4,0,-1,1,1,5,1,-1,-1,-2,0,-1,4,0,-1,1,1
7650,resize,7,7,7,1,1,1,-2,1,0,0,-1,-1,-3,3,-1,-1,7,1,-2,1,0,0,-1,-1,-3,3,-1,-1
7651,resize,9,9,9,1,1,1,-2,0,-2,-1,0,-1,-3,-1,0,3,9,1,-2,0,-2,-1,0,-1,-3,-1,0,3
7652,resize,9,9,9,1,1,1,-1,-2,-3,0,0,-1,-3,-1,0,3,9,1,-1,-2,-3,0,0,-1,-3,-1,0,3
7653,resize,4,4,4,1,1,1,-1,-2,-2,-2,4,-1,-2,0,-2,1,4,1,-1,-2,-2,-2,4,-1,-2,0,-2,1
7654,resize,7,7,7,1,1,1,-2,0,1,0,-1,-1,-4,3,-1,-1,7,1,-2,0,1,0,-1,-1,-4,3,-1,-1
7655,resize,0,0,0,1,1,1,7,-3,-1,-2,-4,0,1,-2,-1,-2,0,1,7,-3,-1,-2,-4,0,1,-2,-1,-2
7656,resize,3,3,3,1,1,1,-4,0,0,4,-2,1,-2,0,0,-2,3,1,-4,0,0,4,-2,1,-2,0,0,-2
7657,resize,4,4,4,1,1,1,-3,0,-1,-3,3,-2,-2,0,-2,2,4,1,-3,0,-1,-3,3,-2,-2,0,-2,2
7658,resize,1,1,1,1,1,1,-4,4,-2,-3,0,-1,-2,0,-1,0,1,1,-4,4,-2,-3,0,-1,-2,0,-1,0
7659,resize,5,5,5,1,1,1,-2,-1,-2,1,-3,6,-1,-1,-1,1,5,1,-2,-1,-2,1,-3,6,-1,-1,-1,1
7660,resize,8,8,8,1,1,1,-2,-1,-2,-1,-2,1,0,-4,6,-1,8,1,-2,-1,-2,-1,-2,1,0,-4,6,-1
7661,resize,1,1,1,1,1,1,-2,3,-2,-3,-1,1,0,-1,0,-1,1,1,-2,3,-2,-3,-1,1,0,-1,0,-1
7662,resize,4,4,4,1,1,1,-3,0,-1,-3,4,-2,-3,-1,-2,0,4,1,-3,0,-1,-3,4,-2,-3,-1,-2,0
7663,resize,8,8,8,1,1,1,-1,-2,-2,-1,-1,0,-1,-3,6,0,8,1,-1,-2,-2,-1,-1,0,-1,-3,6,0
7664,resize,4,4,4,1,1,1,-3,-1,-1,-3,4,-3,-3,-1,-2,1,4,1,-3,-1,-1,-3,4,-3,-3,-1,-2,1
7665,resize,1,1,1,1,1,1,-3,4,-1,-3,0,-1,-1,0,-1,-1,1,1,-3,4,-1,-3,0,-1,-1,0,-1,-1
7666,resize,8,8,8,1,1,1,-1,-2,-1,-1,-2,0,0,-3,6,-1,8,1,-1,-2,-1,-1,-2,0,0,-3,6,-1
7667,resize,6,6,6,1,1,1,-1,-2,-4,-3,0,1,6,-3,1,-3,6,1,-1,-2,-4,-3,0,1,6,-3,1,-3
7668,resize,6,6,6,1,1,1,0,-1,-2,-2,0,1,4,-3,0,-2,6,1,0,-1,-2,-2,0,1,4,-3,0,-2
7669,resize,4,4,4,1,1,1,-3,-1,-1,-4,5,-3,-4,-1,-2,1,4,1,-3,-1,-1,-4,5,-3,-4,-1,-2,1
7670,resize,6,6,6,1,1,1,-1,-1,-2,-2,0,1,5,-2,0,-3,6,1,-1,-1,-2,-2,0,1,5,-2,0,-3
7671,resize,0,0,0,1,1,1,4,-1,-2,-1,-3,2,1,-1,0,-1,0,1,4,-1,-2,-1,-3,2,1,-1,0,-1
7672,resize,5,5,5,1,1,1,-2,-1,-2,0,-1,4,-1,-1,1,1,5,1,-2,-1,-2,0,-1,4,-1,-1,1,1
7673,resize,5,5,5,1,1,1,-1,-1,-2,0,-2,3,0,-1,0,1,5,1,-1,-1,-2,0,-2,3,0,-1,0,1
7674,resize,3,3,3,1,1,1,-3,0,0,5,-4,1,-2,-1,0,-2,3,1,-3,0,0,5,-4,1,-2,-1,0,-2
7675,resize,3,3,3,1,1,1,-3,0,-1,4,-3,1,-2,0,0,-1,3,1,-3,0,-1,4,-3,1,-2,0,0,-1
7676,resize,5,5,5,1,1,1,-1,-2,-2,1,-2,5,0,-2,0,1,5,1,-1,-2,-2,1,-2,5,0,-2,0,1
7677,resize,7,7,7,1,1,1,-2,0,1,0,-1,-1,-5,4,-1,-1,7,1,-2,0,1,0,-1,-1,-5,4,-1,-1
7678,resize,2,2,2,1,1,1,-1,0,6,1,-4,-3,-2,0,0,-4,2,1,-1,0,6,1,-4,-3,-2,0,0,-4
7679,resize,5,5,5,1,1,1,-2,-1,-2,1,-1,4,-1,-1,-1,1,5,1,-2,-1,-2,1,-1,4,-1,-1,-1,1
7680,resize,9,9,9,1,1,1,-2,-1,-3,-1,1,-1,-3,-2,0,4,9,1,-2,-1,-3,-1,1,-1,-3,-2,0,4
7681,resize,6,6,6,1,1,1,0,-1,-3,-2,0,1,6,-3,1,-4,6,1,0,-1,-3,-2,0,1,6,-3,1,-4
7682,resize,9,9,9,1,1,1,-1,-2,-2,1,-1,0,-3,-1,-1,3,9,1,-1,-2,-2,1,-1,0,-3,-1,-1,3
7683,resize,2,2,2,1,1,1,0,-1,4,2,-4,-2,-1,-1,1,-1,2,1,0,-1,4,2,-4,-2,-1,-1,1,-1
7684,resize,6,6,6,1,1,1,-1,-1,-3,-3,0,1,6,-3,0,-4,6,1,-1,-1,-3,-3,0,1,6,-3,0,-4
7685,resize,2,2,2,1,1,1,0,-1,5,1,-3,-3,-1,-1,0,-3,2,1,0,-1,5,1,-3,-3,-1,-1,0,-3
7686,resize,1,1,1,1,1,1,-3,4,-1,-3,0,-1,-3,1,-1,0,1,1,-3,4,-1,-3,0,-1,-3,1,-1,0
7687,resize,2,2,2,1,1,1,1,-1,4,1,-3,-3,-2,0,0,-2,2,1,1,-1,4,1,-3,-3,-2,0,0,-2
7688,resize,0,0,0,1,1,1,6,-3,-1,-2,-4,-1,1,-1,-1,-1,0,1,6,-3,-1,-2,-4,-1,1,-1,-1,-1
7689,resize,8,8,8,1,1,1,-1,-1,-2,0,-1,0,0,-2,3,0,8,1,-1,-1,-2,0,-1,0,0,-2,3,0
7690,resize,3,3,3,1,1,1,-3,0,0,4,-3,0,-2,-1,1,-2,3,1,-3,0,0,4,-3,0,-2,-1,1,-2
7691,resize,8,8,8,1,1,1,-2,-1,-2,0,-1,0,0,-2,4,0,8,1,-2,-1,-2,0,-1,0,0,-2,4,0
7692,resize,3,3,3,1,1,1,-3,0,-1,4,-3,1,-2,-1,0,0,3,1,-3,0,-1,4,-3,1,-2,-1,0,0
7693,resize,0,0,0,1,1,1,6,-2,-1,-2,-3,-1,1,-2,-1,-1,0,1,6,-2,-1,-2,-3,-1,1,-2,-1,-1
7694,resize,8,8,8,1,1,1,-2,-1,-2,-1,-1,1,1,-3,5,0,8,1,-2,-1,-2,-1,-1,1,1,-3,5,0
7695,resize,7,7,7,1,1,1,-1,-1,1,0,-1,-1,-5,4,-1,0,7,1,-1,-1,1,0,-1,-1,-5,4,-1,0
7696,resize,4,4,4,1,1,1,-3,-1,-1,-4,5,-2,-4,-1,-2,1,4,1,-3,-1,-1,-4,5,-2,-4,-1,-2,1
7697,resize,9,9,9,1,1,1,-1,-1,-2,-1,0,-1,-3,-1,0,3,9,1,-1,-1,-2,-1,0,-1,-3,-1,0,3
7698,resize,5,5,5,1,1,1,-2,-1,-1,0,-1,4,-1,-1,0,1,5,1,-2,-1,-1,0,-1,4,-1,-1,0,1
7699,resize,0,0,0,1,1,1,6,-3,-1,-1,-3,-1,1,-1,-1,0,0,1,6,-3,-1,-1,-3,-1,1,-1,-1,0
7700,resize,9,9,9,1,1,1,-2,-1,-1,-1,0,-1,-3,-1,0,3,9,1,-2,-1,-1,-1,0,-1,-3,-1,0,3
7701,resize,7,7,7,1,1,1,-1,0,1,1,-1,-1,-4,3,-1,-1,7,1,-1,0,1,1,-1,-1,-4,3,-1,-1
7702,resize,0,0,0,1,1,1,6,-2,-1,-1,-3,0,1,-2,-2,0,0,1,6,-2,-1,-1,-3,0,1,-2,-2,0
7703,resize,0,0,0,1,1,1,6,-3,-1,-2,-4,-1,0,0,-1,-1,0,1,6,-3,-1,-2,-4,-1,0,0,-1,-1
7704,resize,4,4,4,1,1,1,-3,0,-1,-3,4,-2,-3,0,-2,1,4,1,-3,0,-1,-3,4,-2,-3,0,-2,1
7705,resize,6,6,6,1,1,1,-2,-1,-4,-3,0,1,7,-4,0,-4,6,1,-2,-1,-4,-3,0,1,7,-4,0,-4
7706,resize,0,0,0,1,1,1,6,-2,-1,-2,-4,0,0,-1,0,-2,0,1,6,-2,-1,-2,-4,0,0,-1,0,-2
7707,resize,9,9,9,1,1,1,-1,-2,-3,0,0,-1,-3,-1,0,4,9,1,-1,-2,-3,0,0,-1,-3,-1,0,4
7708,resize,1,1,1,1,1,1,-1,3,-1,-2,-1,-1,-2,0,-1,-1,1,1,-1,3,-1,-2,-1,-1,-2,0,-1,-1
7709,resize,6,6,6,1,1,1,-1,-1,-3,-3,-1,1,7,-3,0,-4,6,1,-1,-1,-3,-3,-1,1,7,-3,0,-4
7710,resize,2,2,2,1,1,1,0,-1,6,1,-5,-3,-1,-1,0,-4,2,1,0,-1,6,1,-5,-3,-1,-1,0,-4
7711,resize,7,7,7,1,1,1,-2,-1,-1,0,0,0,-4,3,-1,0,7,1,-2,-1,-1,0,0,0,-4,3,-1,0
7712,resize,6,6,6,1,1,1,-1,-1,-4,-3,0,1,7,-4,0,-3,6,1,-1,-1,-4,-3,0,1,7,-4,0,-3
7713,resize,8,8,8,1,1,1,-1,-1,-1,-2,-1,2,2,-3,4,-1,8,1,-1,-1,-1,-2,-1,2,2,-3,4,-1
7714,resize,3,3,3,1,1,1,-4,1,0,5,-4,1,-2,0,0,-2,3,1,-4,1,0,5,-4,1,-2,0,0,-2
7715,resize,5,5,5,1,1,1,-2,-2,-2,1,-2,5,-1,-2,0,2,5,1,-2,-2,-2,1,-2,5,-1,-2,0,2
7716,resize,2,2,2,1,1,1,0,0,6,1,-4,-4,-2,-1,0,-4,2,1,0,0,6,1,-4,-4,-2,-1,0,-4
7717,resize,1,1,1,1,1,1,-3,4,-2,-3,-1,0,-2,0,-1,-1,1,1,-3,4,-2,-3,-1,0,-2,0,-1,-1
7718,resize,8,8,8,1,1,1,-1,-1,-1,-2,-1,2,1,-3,3,0,8,1,-1,-1,-1,-2,-1,2,1,-3,3,0
7719,resize,3,3,3,1,1,1,-4,0,0,5,-4,1,-3,0,-1,-2,3,1,-4,0,0,5,-4,1,-3,0,-1,-2
7720,resize,8,8,8,1,1,1,-1,-1,-2,0,-1,1,1,-2,4,-1,8,1,-1,-1,-2,0,-1,1,1,-2,4,-1
7721,resize,6,6,6,1,1,1,-1,-2,-2,-2,-1,2,7,-3,0,-4,6,1,-1,-2,-2,-2,-1,2,7,-3,0,-4
7722,resize,1,1,1,1,1,1,-1,3,0,-2,-2,0,-1,0,0,-2,1,1,-1,3,0,-2,-2,0,-1,0,0,-2
7723,resize,0,0,0,1,1,1,5,-2,0,-1,-2,0,1,-2,-2,-1,0,1,5,-2,0,-1,-2,0,1,-2,-2,-1
7724,resize,2,2,2,1,1,1,0,0,4,1,-3,-3,-1,-1,0,-3,2,1,0,0,4,1,-3,-3,-1,-1,0,-3
7725,resize,1,1,1,1,1,1,-2,4,-1,-4,0,-1,-2,0,-1,-1,1,1,-2,4,-1,-4,0,-1,-2,0,-1,-1
7726,resize,4,4,4,1,1,1,-2,-1,-2,-3,5,-2,-3,0,-4,0,4,1,-2,-1,-2,-3,5,-2,-3,0,-4,0
7727,resize,0,0,0,1,1,1,7,-3,-1,-2,-3,0,2,-2,-1,-1,0,1,7,-3,-1,-2,-3,0,2,-2,-1,-1
7728,resize,1,1,1,1,1,1,-1,3,-1,-2,-2,-1,-2,0,0,-1,1,1,-1,3,-1,-2,-2,-1,-2,0,0,-1
7729,resize,2,2,2,1,1,1,-1,0,4,1,-2,-2,-2,0,0,-2,2,1,-1,0,4,1,-2,-2,-2,0,0,-2
7730,resize,3,3,3,1,1,1,-1,-2,0,4,-5,2,-3,-2,0,1,3,1,-1,-2,0,4,-5,2,-3,-2,0,1
7731,resize,4,4,4,1,1,1,-5,-1,-3,-4,6,-2,-4,-1,-1,-1,4,1,-5,-1,-3,-4,6,-2,-4,-1,-1,-1
7732,resize,5,5,5,1,1,1,-1,-1,-2,-2,-1,4,1,-2,2,0,5,1,-1,-1,-2,-2,-1,4,1,-2,2,0
7733,resize,6,6,6,1,1,1,0,-1,-4,-2,0,1,5,-3,-1,-2,6,1,0,-1,-4,-2,0,1,5,-3,-1,-2
7734,resize,7,7,7,1,1,1,-1,0,0,0,0,-1,-4,3,-1,0,7,1,-1,0,0,0,0,-1,-4,3,-1,0
7735,resize,8,8,8,1,1,1,-1,-1,-2,0,-1,0,0,-2,4,0,8,1,-1,-1,-2,0,-1,0,0,-2,4,0
7736,resize,9,9,9,1,1,1,-2,-1,-2,-2,1,-2,-3,0,0,2,9,1,-2,-1,-2,-2,1,-2,-3,0,0,2
7737,resize,0,0,0,1,1,1,5,-2,0,-2,-2,-1,1,-2,-1,-1,0,1,5,-2,0,-2,-2,-1,1,-2,-1,-1
7738,resize,1,1,1,1,1,1,0,3,-2,-2,-1,-1,-1,-1,0,0,1,1,0,3,-2,-2,-1,-1,-1,-1,0,0
7739,resize,2,2,2,1,1,1,-1,0,4,1,-3,-3,-2,0,0,-3,2,1,-1,0,4,1,-3,-3,-2,0,0,-3
7740,resize,3,3,3,1,1,1,-2,-1,-2,5,-4,1,-3,-1,0,0,3,1,-2,-1,-2,5,-4,1,-3,-1,0,0
7741,resize,4,4,4,1,1,1,-4,-1,-2,-3,5,-3,-4,0,-2,-1,4,1,-4,-1,-2,-3,5,-3,-4,0,-2,-1
7742,resize,5,5,5,1,1,1,-3,-1,-3,0,-2,6,0,-2,1,0,5,1,-3,-1,-3,0,-2,6,0,-2,1,0
7743,resize,6,6,6,1,1,1,0,-1,-3,-2,0,1,4,-3,-1,-2,6,1,0,-1,-3,-2,0,1,4,-3,-1,-2
7744,resize,7,7,7,1,1,1,-1,-1,1,0,-1,-1,-4,3,-1,0,7,1,-1,-1,1,0,-1,-1,-4,3,-1,0
7745,resize,8,8,8,1,1,1,-2,-1,-1,-1,-2,0,0,-3,5,-1,8,1,-2,-1,-1,-1,-2,0,0,-3,5,-1
7746,resize,9,9,9,1,1,1,-2,-2,-3,-1,0,-2,-5,-1,0,5,9,1,-2,-2,-3,-1,0,-2,-5,-1,0,5
7747,resize,0,0,0,1,1,1,5,-3,-1,-1,-3,0,1,-1,-1,-1,0,1,5,-3,-1,-1,-3,0,1,-1,-1,-1
7748,resize,1,1,1,1,1,1,-1,3,-1,-2,-2,-1,-2,0,0,-1,1,1,-1,3,-1,-2,-2,-1,-2,0,0,-1
7749,resize,2,2,2,1,1,1,-2,1,5,1,-3,-3,-3,0,0,-3,2,1,-2,1,5,1,-3,-3,-3,0,0,-3
7750,resize,3,3,3,1,1,1,-2,-2,-1,7,-5,2,-3,-2,0,0,3,1,-2,-2,-1,7,-5,2,-3,-2,0,0
7751,resize,4,4,4,1,1,1,-5,-1,-3,-4,6,-3,-3,-1,-1,-2,4,1,-5,-1,-3,-4,6,-3,-3,-1,-1,-2
7752,resize,5,5,5,1,1,1,-2,-1,-2,0,-2,6,0,-2,1,0,5,1,-2,-1,-2,0,-2,6,0,-2,1,0
7753,resize,6,6,6,1,1,1,0,-2,-3,-3,-1,2,7,-5,0,-3,6,1,0,-2,-3,-3,-1,2,7,-5,0,-3
7754,resize,7,7,7,1,1,1,-2,-1,-1,0,-1,-1,-6,4,-1,0,7,1,-2,-1,-1,0,-1,-1,-6,4,-1,0
7755,resize,8,8,8,1,1,1,-1,-1,0,-1,-1,-1,0,-3,5,-1,8,1,-1,-1,0,-1,-1,-1,0,-3,5,-1
7756,resize,9,9,9,1,1,1,-1,-3,-3,0,0,-1,-5,-1,0,4,9,1,-1,-3,-3,0,0,-1,-5,-1,0,4
7757,resize,7,7,7,1,1,1,-1,0,0,0,-1,-1,-3,3,-1,-1,7,1,-1,0,0,0,-1,-1,-3,3,-1,-1
7758,resize,6,6,6,1,1,1,0,-1,-4,-3,-1,2,6,-3,0,-3,6,1,0,-1,-4,-3,-1,2,6,-3,0,-3
7759,resize,4,4,4,1,1,1,-4,-1,-2,-3,5,-2,-2,0,-2,-2,4,1,-4,-1,-2,-3,5,-2,-2,0,-2,-2
7760,resize,7,7,7,1,1,1,-2,0,-1,0,-1,-1,-5,4,-1,0,7,1,-2,0,-1,0,-1,-1,-5,4,-1,0
7761,resize,6,6,6,1,1,1,-1,-1,-3,-3,-1,2,7,-4,0,-4,6,1,-1,-1,-3,-3,-1,2,7,-4,0,-4
7762,resize,2,2,2,1,1,1,-1,1,5,0,-2,-3,-2,0,-1,-3,2,1,-1,1,5,0,-2,-3,-2,0,-1,-3
7763,resize,3,3,3,1,1,1,-2,-1,-2,6,-4,2,-3,-1,0,0,3,1,-2,-1,-2,6,-4,2,-3,-1,0,0
7764,resize,4,4,4,1,1,1,-4,-1,-3,-3,5,-3,-3,0,-2,-2,4,1,-4,-1,-3,-3,5,-3,-3,0,-2,-2
7765,resize,8,8,8,1,1,1,-1,-2,-1,-1,-1,-1,-2,-3,5,0,8,1,-1,-2,-1,-1,-1,-1,-2,-3,5,0
7766,resize,7,7,7,1,1,1,-2,-1,-1,-1,0,-1,-5,5,-1,0,7,1,-2,-1,-1,-1,0,-1,-5,5,-1,0
7767,resize,8,8,8,1,1,1,-3,-1,-1,0,-2,0,0,-3,6,-2,8,1,-3,-1,-1,0,-2,0,0,-3,6,-2
7768,resize,6,6,6,1,1,1,-1,-1,-2,-2,0,2,6,-4,-1,-4,6,1,-1,-1,-2,-2,0,2,6,-4,-1,-4
7769,resize,9,9,9,1,1,1,-1,-2,-3,0,0,-2,-5,-1,0,5,9,1,-1,-2,-3,0,0,-2,-5,-1,0,5
7770,resize,8,8,8,1,1,1,-1,-1,-1,0,-2,0,-1,-3,6,-1,8,1,-1,-1,-1,0,-2,0,-1,-3,6,-1
7771,resize,3,3,3,1,1,1,-2,-2,-1,6,-4,1,-3,-2,1,0,3,1,-2,-2,-1,6,-4,1,-3,-2,1,0
7772,resize,2,2,2,1,1,1,-1,0,5,1,-3,-3,-2,0,-1,-4,2,1,-1,0,5,1,-3,-3,-2,0,-1,-4
7773,resize,2,2,2,1,1,1,-2,1,5,1,-3,-3,-2,0,0,-4,2,1,-2,1,5,1,-3,-3,-2,0,0,-4
7774,resize,8,8,8,1,1,1,-2,-1,-2,-1,1,-1,0,-2,5,-1,8,1,-2,-1,-2,-1,1,-1,0,-2,5,-1
7775,resize,4,4,4,1,1,1,-4,-1,-1,-4,6,-3,-3,0,-4,-2,4,1,-4,-1,-1,-4,6,-3,-3,0,-4,-2
7776,resize,8,8,8,1,1,1,-2,-1,-1,0,-2,1,0,-3,5,-1,8,1,-2,-1,-1,0,-2,1,0,-3,5,-1
7777,resize,5,5,5,1,1,1,-2,-1,-2,0,-2,6,0,-2,1,1,5,1,-2,-1,-2,0,-2,6,0,-2,1,1
7778,resize,6,6,6,1,1,1,-1,-1,-2,-3,-1,2,6,-4,0,-4,6,1,-1,-1,-2,-3,-1,2,6,-4,0,-4
7779,resize,5,5,5,1,1,1,-2,-2,-3,1,-3,6,0,-2,0,0,5,1,-2,-2,-3,1,-3,6,0,-2,0,0
7780,resize,0,0,0,1,1,1,4,-2,-1,-1,-1,1,2,-1,-1,-1,0,1,4,-2,-1,-1,-1,1,2,-1,-1,-1
7781,resize,2,2,2,1,1,1,-2,1,4,1,-2,-1,-1,0,-1,-4,2,1,-2,1,4,1,-2,-1,-1,0,-1,-4
7782,resize,0,0,0,1,1,1,4,-3,-2,-1,-1,0,2,-1,-1,-1,0,1,4,-3,-2,-1,-1,0,2,-1,-1,-1
7783,resize,1,1,1,1,1,1,-1,2,-2,-2,-1,-1,-2,-1,0,0,1,1,-1,2,-2,-2,-1,-1,-2,-1,0,0
7784,resize,1,1,1,1,1,1,-1,4,-2,-2,-2,-1,-2,0,0,-1,1,1,-1,4,-2,-2,-2,-1,-2,0,0,-1
7785,resize,2,2,2,1,1,1,-2,0,5,1,-3,-3,-2,0,-1,-4,2,1,-2,0,5,1,-3,-3,-2,0,-1,-4
7786,resize,9,9,9,1,1,1,-2,-2,-1,0,0,-1,-4,1,-1,4,9,1,-2,-2,-1,0,0,-1,-4,1,-1,4
7787,resize,6,6,6,1,1,1,0,-1,-2,-3,-1,1,7,-4,-1,-4,6,1,0,-1,-2,-3,-1,1,7,-4,-1,-4
7788,resize,8,8,8,1,1,1,-2,-1,0,0,-2,-1,-1,-3,5,0,8,1,-2,-1,0,0,-2,-1,-1,-3,5,0
7789,resize,2,2,2,1,1,1,-2,1,6,1,-3,-3,-2,0,0,-4,2,1,-2,1,6,1,-3,-3,-2,0,0,-4
7790,resize,1,1,1,1,1,1,-1,3,-2,-3,0,-1,-2,0,-1,-1,1,1,-1,3,-2,-3,0,-1,-2,0,-1,-1
7791,resize,0,0,0,1,1,1,5,-3,-1,-1,-2,-1,1,-1,-1,-1,0,1,5,-3,-1,-1,-2,-1,1,-1,-1,-1
7792,resize,6,6,6,1,1,1,0,-2,-3,-3,-1,2,7,-4,0,-4,6,1,0,-2,-3,-3,-1,2,7,-4,0,-4
7793,resize,5,5,5,1,1,1,-2,-1,-3,-1,-2,7,0,-2,1,0,5,1,-2,-1,-3,-1,-2,7,0,-2,1,0
7794,resize,2,2,2,1,1,1,-1,1,6,0,-3,-3,-2,1,-2,-6,2,1,-1,1,6,0,-3,-3,-2,1,-2,-6
7795,resize,9,9,9,1,1,1,-1,-2,-2,-1,1,-2,-4,0,0,4,9,1,-1,-2,-2,-1,1,-2,-4,0,0,4
7796,resize,7,7,7,1,1,1,-2,0,-1,0,-1,-1,-5,4,-1,0,7,1,-2,0,-1,0,-1,-1,-5,4,-1,0
7797,resize,5,5,5,1,1,1,-2,-1,-2,-1,-1,4,1,-2,2,0,5,1,-2,-1,-2,-1,-1,4,1,-2,2,0
7798,resize,3,3,3,1,1,1,-2,-1,-1,6,-5,2,-3,-1,0,0,3,1,-2,-1,-1,6,-5,2,-3,-1,0,0
7799,resize,9,9,9,1,1,1,-2,-2,-3,-1,0,-1,-5,0,-1,4,9,1,-2,-2,-3,-1,0,-1,-5,0,-1,4
7800,resize,3,3,3,1,1,1,-2,-1,0,4,-3,1,-2,-1,0,-2,3,1,-2,-1,0,4,-3,1,-2,-1,0,-2
7801,resize,7,7,7,1,1,1,-2,0,0,0,-1,-1,-5,4,-1,0,7,1,-2,0,0,0,-1,-1,-5,4,-1,0
7802,resize,1,1,1,1,1,1,0,3,-1,-2,-1,0,-2,-1,1,-1,1,1,0,3,-1,-2,-1,0,-2,-1,1,-1
7803,resize,8,8,8,1,1,1,-2,-2,-1,0,-2,0,-1,-3,5,0,8,1,-2,-2,-1,0,-2,0,-1,-3,5,0
7804,resize,3,3,3,1,1,1,-2,-2,-1,6,-5,2,-3,-2,1,0,3,1,-2,-2,-1,6,-5,2,-3,-2,1,0
7805,resize,8,8,8,1,1,1,-2,-1,-2,-1,-1,1,1,-4,6,-2,8,1,-2,-1,-2,-1,-1,1,1,-4,6,-2
7806,resize,1,1,1,1,1,1,0,2,-2,-2,-1,0,-1,-1,1,0,1,1,0,2,-2,-2,-1,0,-1,-1,1,0
7807,resize,9,9,9,1,1,1,-2,-3,-3,0,0,-1,-5,-1,0,4,9,1,-2,-3,-3,0,0,-1,-5,-1,0,4
7808,resize,5,5,5,1,1,1,-2,-2,-3,1,-3,6,0,-2,0,1,5,1,-2,-2,-3,1,-3,6,0,-2,0,1
7809,resize,5,5,5,1,1,1,-2,-2,-3,0,-3,6,0,-2,1,0,5,1,-2,-2,-3,0,-3,6,0,-2,1,0
7810,resize,0,0,0,1,1,1,5,-3,-1,-2,-2,-1,2,-2,-1,-1,0,1,5,-3,-1,-2,-2,-1,2,-2,-1,-1
7811,resize,1,1,1,1,1,1,-1,3,-2,-2,-1,-1,-1,-1,0,-1,1,1,-1,3,-2,-2,-1,-1,-1,-1,0,-1
7812,resize,1,1,1,1,1,1,0,2,-1,-2,-1,-1,-1,-1,1,-1,1,1,0,2,-1,-2,-1,-1,-1,-1,1,-1
7813,resize,9,9,9,1,1,1,-2,-3,-3,-1,1,-2,-5,0,0,3,9,1,-2,-3,-3,-1,1,-2,-5,0,0,3
7814,resize,8,8,8,1,1,1,-1,-2,-1,-1,-2,0,-1,-3,6,0,8,1,-1,-2,-1,-1,-2,0,-1,-3,6,0
7815,resize,2,2,2,1,1,1,-2,0,5,1,-3,-2,-1,0,0,-3,2,1,-2,0,5,1,-3,-2,-1,0,0,-3
7816,resize,6,6,6,1,1,1,-1,-1,-2,-3,-1,2,7,-4,0,-4,6,1,-1,-1,-2,-3,-1,2,7,-4,0,-4
7817,resize,0,0,0,1,1,1,5,-3,-1,-1,-2,0,2,-2,-1,-1,0,1,5,-3,-1,-1,-2,0,2,-2,-1,-1
7818,resize,4,4,4,1,1,1,-5,-1,-3,-4,6,-3,-2,-1,-1,-3,4,1,-5,-1,-3,-4,6,-3,-2,-1,-1,-3
7819,resize,5,5,5,1,1,1,-2,-2,-3,1,-3,6,0,-2,1,0,5,1,-2,-2,-3,1,-3,6,0,-2,1,0
7820,resize,0,0,0,1,1,1,5,-3,-1,-1,-2,0,1,-2,-1,-1,0,1,5,-3,-1,-1,-2,0,1,-2,-1,-1
7821,resize,3,3,3,1,1,1,0,-2,1,4,-4,0,-1,-1,1,-1,3,1,0,-2,1,4,-4,0,-1,-1,1,-1
7822,resize,1,1,1,1,1,1,0,3,-2,-2,-2,-1,0,-2,1,-1,1,1,0,3,-2,-2,-2,-1,0,-2,1,-1
7823,resize,8,8,8,1,1,1,-2,-1,-1,0,-2,0,0,-3,6,-2,8,1,-2,-1,-1,0,-2,0,0,-3,6,-2
7824,resize,6,6,6,1,1,1,0,-1,-2,-3,-1,2,6,-4,0,-3,6,1,0,-1,-2,-3,-1,2,6,-4,0,-3
7825,resize,7,7,7,1,1,1,-2,0,1,0,-1,-1,-4,3,-1,-1,7,1,-2,0,1,0,-1,-1,-4,3,-1,-1
7826,resize,5,5,5,1,1,1,-3,0,-2,1,-2,4,0,-1,1,-1,5,1,-3,0,-2,1,-2,4,0,-1,1,-1
7827,resize,9,9,9,1,1,1,-2,-2,-3,0,0,-1,-5,0,-1,5,9,1,-2,-2,-3,0,0,-1,-5,0,-1,5
7828,resize,9,9,9,1,1,1,-1,-3,-3,0,0,-1,-4,0,0,4,9,1,-1,-3,-3,0,0,-1,-4,0,0,4
7829,resize,3,3,3,1,1,1,-2,-1,0,5,-4,1,-3,-1,0,0,3,1,-2,-1,0,5,-4,1,-3,-1,0,0
7830,resize,0,0,0,1,1,1,5,-3,-2,-1,-2,0,2,-1,-1,0,0,1,5,-3,-2,-1,-2,0,2,-1,-1,0
7831,resize,3,3,3,1,1,1,-2,-2,-1,6,-5,2,-3,-2,1,0,3,1,-2,-2,-1,6,-5,2,-3,-2,1,0
7832,resize,1,1,1,1,1,1,-1,3,-1,-2,-1,-1,-1,-1,0,-2,1,1,-1,3,-1,-2,-1,-1,-1,-1,0,-2
7833,resize,4,4,4,1,1,1,-5,-1,-1,-4,7,-3,-4,-1,-3,-3,4,1,-5,-1,-1,-4,7,-3,-4,-1,-3,-3
7834,resize,4,4,4,1,1,1,-4,-1,-3,-3,5,-3,-3,0,-1,-1,4,1,-4,-1,-3,-3,5,-3,-3,0,-1,-1
7835,resize,0,0,0,1,1,1,4,-3,-2,-1,-1,1,2,-2,-1,-1,0,1,4,-3,-2,-1,-1,1,2,-2,-1,-1
7836,resize,4,4,4,1,1,1,-4,-1,-2,-4,6,-3,-3,-1,-3,-2,4,1,-4,-1,-2,-4,6,-3,-3,-1,-3,-2
7837,resize,9,9,9,1,1,1,-2,-2,-3,-1,1,-1,-4,-1,0,4,9,1,-2,-2,-3,-1,1,-1,-4,-1,0,4
7838,resize,0,0,0,1,1,1,5,-3,0,-2,-3,-1,1,-2,0,-1,0,1,5,-3,0,-2,-3,-1,1,-2,0,-1
7839,resize,1,1,1,1,1,1,0,2,-2,-2,-1,-1,-1,-2,1,0,1,1,0,2,-2,-2,-1,-1,-1,-2,1,0
7840,resize,2,2,2,1,1,1,-1,1,4,0,-1,-2,-1,0,-1,-3,2,1,-1,1,4,0,-1,-2,-1,0,-1,-3
7841,resize,3,3,3,1,1,1,-2,-2,-2,3,-3,2,-3,-1,0,2,3,1,-2,-2,-2,3,-3,2,-3,-1,0,2
7842,resize,5,5,5,1,1,1,-1,-1,-2,0,-2,4,1,-2,2,-2,5,1,-1,-1,-2,0,-2,4,1,-2,2,-2
7843,resize,6,6,6,1,1,1,1,-1,-3,-2,0,1,5,-3,-1,-2,6,1,1,-1,-3,-2,0,1,5,-3,-1,-2
7844,resize,7,7,7,1,1,1,-1,-1,-1,0,0,-1,-3,3,-1,0,7,1,-1,-1,-1,0,0,-1,-3,3,-1,0
7845,resize,8,8,8,1,1,1,0,-1,-1,0,-1,0,-1,-1,3,0,8,1,0,-1,-1,0,-1,0,-1,-1,3,0
7846,resize,0,0,0,1,1,1,5,-3,0,-2,-2,-1,1,-1,0,-1,0,1,5,-3,0,-2,-2,-1,1,-1,0,-1
7847,resize,1,1,1,1,1,1,1,2,-2,-1,-2,-1,-1,-2,0,-1,1,1,1,2,-2,-1,-2,-1,-1,-2,0,-1
7848,resize,2,2,2,1,1,1,-1,1,5,-1,-1,-2,-2,-1,-1,-3,2,1,-1,1,5,-1,-1,-2,-2,-1,-1,-3
7849,resize,3,3,0,1,0,0,1,-1,1,0,-1,-1,-3,0,0,0,0,1,1,-1,1,0,-1,-1,-3,0,0,0
7850,resize,5,5,5,1,1,1,-3,0,-2,0,-1,3,1,-1,1,-3,5,1,-3,0,-2,0,-1,3,1,-1,1,-3
7851,resize,6,6,6,1,1,1,1,-2,-2,-2,0,1,4,-3,0,-2,6,1,1,-2,-2,-2,0,1,4,-3,0,-2
7852,resize,7,7,7,1,1,1,-1,0,0,0,0,-1,-4,3,-1,0,7,1,-1,0,0,0,0,-1,-4,3,-1,0
7853,resize,8,8,8,1,1,1,0,-1,0,-1,-1,-1,-1,-2,3,0,8,1,0,-1,0,-1,-1,-1,-1,-2,3,0
7854,resize,9,9,9,1,1,1,-1,-2,-2,-1,1,-2,-4,0,-1,3,9,1,-1,-2,-2,-1,1,-2,-4,0,-1,3
7855,resize,0,0,0,1,1,1,3,-2,0,-1,-2,-1,0,-1,0,-1,0,1,3,-2,0,-1,-2,-1,0,-1,0,-1
7856,resize,1,1,1,1,1,1,1,2,-1,-1,-2,-1,-1,-2,0,-1,1,1,1,2,-1,-1,-2,-1,-1,-2,0,-1
7857,resize,2,2,2,1,1,1,-2,1,4,1,-2,-2,-2,0,-1,-4,2,1,-2,1,4,1,-2,-2,-2,0,-1,-4
7858,resize,3,3,3,1,1,1,-1,-2,0,4,-3,1,-2,-1,1,0,3,1,-1,-2,0,4,-3,1,-2,-1,1,0
7859,resize,5,5,5,1,1,1,-2,-1,-2,0,-2,5,1,-2,1,-2,5,1,-2,-1,-2,0,-2,5,1,-2,1,-2
7860,resize,6,6,6,1,1,1,1,-2,-1,-3,-1,1,4,-3,0,-3,6,1,1,-2,-1,-3,-1,1,4,-3,0,-3
7861,resize,7,7,7,1,1,1,-2,0,0,0,0,-1,-3,3,-1,0,7,1,-2,0,0,0,0,-1,-3,3,-1,0
7862,resize,8,8,8,1,1,1,0,-1,0,-2,-1,-1,-1,-3,4,0,8,1,0,-1,0,-2,-1,-1,-1,-3,4,0
7863,resize,9,9,9,1,1,1,-2,-2,-3,-2,1,-1,-3,-1,-1,3,9,1,-2,-2,-3,-2,1,-1,-3,-1,-1,3
7864,resize,9,9,9,1,1,1,-1,-2,-3,0,0,-1,-4,0,0,4,9,1,-1,-2,-3,0,0,-1,-4,0,0,4
7865,resize,7,7,7,1,1,1,-1,0,-1,0,0,-1,-4,3,-1,0,7,1,-1,0,-1,0,0,-1,-4,3,-1,0
7866,resize,0,0,0,1,1,1,5,-3,-1,-2,-2,-1,1,-2,-1,-1,0,1,5,-3,-1,-2,-2,-1,1,-2,-1,-1
7867,resize,9,9,9,1,1,1,-1,-2,-2,0,0,-2,-4,0,0,3,9,1,-1,-2,-2,0,0,-2,-4,0,0,3
7868,resize,0,0,0,1,1,1,3,-2,0,-1,-2,0,0,-1,0,0,0,1,3,-2,0,-1,-2,0,0,-1,0,0
7869,resize,1,1,1,1,1,1,-1,4,-1,-2,-2,-1,-1,-1,-1,-2,1,1,-1,4,-1,-2,-2,-1,-1,-1,-1,-2
7870,resize,5,5,5,1,1,1,0,-2,-3,0,-2,5,0,-1,-1,1,5,1,0,-2,-3,0,-2,5,0,-1,-1,1
7871,resize,8,8,8,1,1,1,-1,-1,-1,-1,-1,0,0,-3,5,0,8,1,-1,-1,-1,-1,-1,0,0,-3,5,0
7872,resize,8,8,8,1,1,1,-1,-2,-1,0,-2,0,-1,-3,5,0,8,1,-1,-2,-1,0,-2,0,-1,-3,5,0
7873,resize,0,0,0,1,1,1,5,-3,-2,-2,-2,0,2,-2,-1,-1,0,1,5,-3,-2,-2,-2,0,2,-2,-1,-1
7874,resize,9,9,9,1,1,1,-1,-3,-4,-1,1,-2,-4,-1,1,4,9,1,-1,-3,-4,-1,1,-2,-4,-1,1,4
7875,resize,3,3,3,1,1,1,-1,-2,-2,5,-4,2,-3,-2,1,0,3,1,-1,-2,-2,5,-4,2,-3,-2,1,0
7876,resize,2,2,2,1,1,1,0,1,4,0,-2,-2,-2,0,-1,-3,2,1,0,1,4,0,-2,-2,-2,0,-1,-3
7877,resize,7,7,7,1,1,1,-2,0,0,0,0,-1,-4,2,-1,0,7,1,-2,0,0,0,0,-1,-4,2,-1,0
7878,resize,8,8,8,1,1,1,-1,-2,-2,0,-3,0,-1,-3,5,0,8,1,-1,-2,-2,0,-3,0,-1,-3,5,0
7879,resize,4,4,4,1,1,1,-5,-1,-2,-4,6,-3,-3,0,-3,-2,4,1,-5,-1,-2,-4,6,-3,-3,0,-3,-2
7880,resize,6,6,6,1,1,1,0,-1,-3,-2,0,1,5,-3,-2,-2,6,1,0,-1,-3,-2,0,1,5,-3,-2,-2
7881,resize,1,1,1,1,1,1,-2,5,-3,-4,-1,-1,-1,-1,-1,-2,1,1,-2,5,-3,-4,-1,-1,-1,-1,-1,-2
7882,resize,0,0,0,1,1,1,4,-3,0,-2,-2,0,1,-2,0,-1,0,1,4,-3,0,-2,-2,0,1,-2,0,-1
7883,resize,4,4,4,1,1,1,-3,0,-1,-4,5,-3,-3,0,-4,-2,4,1,-3,0,-1,-4,5,-3,-3,0,-4,-2
7884,resize,9,9,9,1,1,1,-1,-2,-2,0,-1,-2,-5,0,-1,4,9,1,-1,-2,-2,0,-1,-2,-5,0,-1,4
7885,resize,4,4,4,1,1,1,-3,0,-1,-3,5,-3,-2,0,-3,-2,4,1,-3,0,-1,-3,5,-3,-2,0,-3,-2
7886,resize,2,2,2,1,1,1,-2,1,4,-1,0,-2,-2,0,-2,-4,2,1,-2,1,4,-1,0,-2,-2,0,-2,-4
7887,resize,0,0,0,1,1,1,4,-3,-1,-1,-2,-1,1,-1,0,-1,0,1,4,-3,-1,-1,-2,-1,1,-1,0,-1
7888,resize,5,5,5,1,1,1,-1,-2,-2,0,-2,4,0,-1,0,0,5,1,-1,-2,-2,0,-2,4,0,-1,0,0
7889,resize,0,0,0,1,1,1,5,-3,-2,-1,-2,0,2,-2,0,-1,0,1,5,-3,-2,-1,-2,0,2,-2,0,-1
7890,resize,1,1,1,1,1,1,-1,3,-2,-3,-2,-1,-2,0,0,-1,1,1,-1,3,-2,-3,-2,-1,-2,0,0,-1
7891,resize,6,6,6,1,1,1,1,-2,-3,-2,-1,1,5,-3,0,-2,6,1,1,-2,-3,-2,-1,1,5,-3,0,-2
7892,resize,9,9,9,1,1,1,-1,-2,-3,-1,0,-1,-4,-1,-1,4,9,1,-1,-2,-3,-1,0,-1,-4,-1,-1,4
7893,resize,3,3,3,1,1,1,-1,-2,-2,4,-3,2,-3,-2,0,1,3,1,-1,-2,-2,4,-3,2,-3,-2,0,1
7894,resize,2,2,2,1,1,1,-1,1,6,0,-2,-3,-2,0,-2,-5,2,1,-1,1,6,0,-2,-3,-2,0,-2,-5
7895,resize,9,9,9,1,1,1,-1,-2,-3,-1,1,-2,-3,0,0,3,9,1,-1,-2,-3,-1,1,-2,-3,0,0,3
7896,resize,1,1,1,1,1,1,-1,3,-2,-2,0,-1,-1,-1,0,0,1,1,-1,3,-2,-2,0,-1,-1,-1,0,0
7897,resize,6,6,6,1,1,1,-1,-1,-2,-2,0,1,4,-3,0,-3,6,1,-1,-1,-2,-2,0,1,4,-3,0,-3
7898,resize,0,0,0,1,1,1,4,-3,-1,-1,-2,-1,1,-1,0,0,0,1,4,-3,-1,-1,-2,-1,1,-1,0,0
7899,resize,1,1,1,1,1,1,1,2,-2,-1,-2,-1,-2,-1,1,0,1,1,1,2,-2,-1,-2,-1,-2,-1,1,0
7900,resize,1,1,1,1,1,1,0,2,-2,-1,-2,-1,-1,-2,0,-1,1,1,0,2,-2,-1,-2,-1,-1,-2,0,-1
7901,resize,8,8,8,1,1,1,-1,-1,-1,-2,-1,1,-1,-3,5,-1,8,1,-1,-1,-1,-2,-1,1,-1,-3,5,-1
7902,resize,7,7,3,1,0,0,0,-1,-1,1,-1,-1,-4,1,0,1,3,1,0,-1,-1,1,-1,-1,-4,1,0,1
7903,resize,7,7,7,1,1,1,-1,0,0,0,-1,-1,-3,2,0,0,7,1,-1,0,0,0,-1,-1,-3,2,0,0
7904,resize,6,6,6,1,1,1,1,-1,-3,-2,-1,1,5,-4,-1,-3,6,1,1,-1,-3,-2,-1,1,5,-4,-1,-3
7905,resize,3,3,3,1,1,1,-1,-2,-1,3,-3,1,-2,-2,1,1,3,1,-1,-2,-1,3,-3,1,-2,-2,1,1
7906,resize,6,6,6,1,1,1,1,-1,-4,-3,-1,1,5,-4,-1,-2,6,1,1,-1,-4,-3,-1,1,5,-4,-1,-2
7907,resize,0,0,0,1,1,1,4,-3,-2,-1,-1,-1,1,-1,-1,0,0,1,4,-3,-2,-1,-1,-1,1,-1,-1,0
7908,resize,7,7,7,1,1,1,-2,-1,-1,0,0,-1,-5,3,-1,0,7,1,-2,-1,-1,0,0,-1,-5,3,-1,0
7909,resize,2,2,2,1,1,1,-2,1,5,0,-2,-3,-2,-1,0,-2,2,1,-2,1,5,0,-2,-3,-2,-1,0,-2
7910,resize,4,4,4,1,1,1,-4,-1,-2,-3,6,-3,-3,-1,-3,-2,4,1,-4,-1,-2,-3,6,-3,-3,-1,-3,-2
7911,resize,1,1,1,1,1,1,0,2,-2,-2,-1,0,0,-2,-1,0,1,1,0,2,-2,-2,-1,0,0,-2,-1,0
7912,resize,7,7,7,1,1,1,-1,0,0,0,-1,-1,-4,2,0,0,7,1,-1,0,0,0,-1,-1,-4,2,0,0
7913,resize,0,0,0,1,1,1,4,-3,-1,-1,-2,-1,1,-1,0,-1,0,1,4,-3,-1,-1,-2,-1,1,-1,0,-1
7914,resize,6,6,6,1,1,1,0,-2,-3,-3,-1,1,4,-3,0,-1,6,1,0,-2,-3,-3,-1,1,4,-3,0,-1
7915,resize,7,7,7,1,1,1,-1,-1,-1,0,0,0,-3,1,-1,1,7,1,-1,-1,-1,0,0,0,-3,1,-1,1
7916,resize,1,1,1,1,1,1,0,3,-1,-2,-2,0,0,-2,0,-1,1,1,0,3,-1,-2,-2,0,0,-2,0,-1
7917,resize,2,2,2,1,1,1,0,0,4,-1,-2,-2,-1,-1,-1,-2,2,1,0,0,4,-1,-2,-2,-1,-1,-1,-2
7918,resize,5,5,5,1,1,1,-2,-1,-1,1,-3,4,1,-1,1,-3,5,1,-2,-1,-1,1,-3,4,1,-1,1,-3
7919,resize,8,8,8,1,1,1,0,-1,-1,0,-2,1,0,-2,4,-1,8,1,0,-1,-1,0,-2,1,0,-2,4,-1
7920,resize,1,1,1,1,1,1,0,3,-2,-3,-2,-1,-1,-2,0,-1,1,1,0,3,-2,-3,-2,-1,-1,-2,0,-1
7921,resize,8,8,8,1,1,1,0,-1,-1,0,-2,0,0,-1,3,-2,8,1,0,-1,-1,0,-2,0,0,-1,3,-2
7922,resize,2,2,2,1,1,1,0,0,4,-1,-2,-2,-1,-2,0,-2,2,1,0,0,4,-1,-2,-2,-1,-2,0,-2
7923,resize,8,8,8,1,1,1,-1,-1,-1,-1,-1,0,-1,-3,4,-1,8,1,-1,-1,-1,-1,-1,0,-1,-3,4,-1
7924,resize,7,7,7,1,1,1,-1,0,-1,0,-1,0,-4,3,0,0,7,1,-1,0,-1,0,-1,0,-4,3,0,0
7925,resize,6,6,6,1,1,1,1,-1,-3,-2,-1,1,4,-3,0,-2,6,1,1,-1,-3,-2,-1,1,4,-3,0,-2
7926,resize,8,8,8,1,1,1,-1,-1,-1,-1,-1,0,-1,-3,4,0,8,1,-1,-1,-1,-1,-1,0,-1,-3,4,0
7927,resize,7,7,7,1,1,1,-2,-1,-1,0,0,-1,-4,2,-1,1,7,1,-2,-1,-1,0,0,-1,-4,2,-1,1
7928,resize,1,1,0,1,0,0,1,1,-2,-1,-1,0,0,-2,0,0,0,1,1,1,-2,-1,-1,0,0,-2,0,0
7929,resize,6,6,6,1,1,1,1,-1,-2,-3,0,1,5,-3,-1,-2,6,1,1,-1,-2,-3,0,1,5,-3,-1,-2
7930,resize,2,2,2,1,1,1,-1,1,4,-1,-2,-2,-2,-1,0,-3,2,1,-1,1,4,-1,-2,-2,-2,-1,0,-3
7931,resize,9,9,9,1,1,1,-1,-2,-3,1,0,0,-4,-1,-1,4,9,1,-1,-2,-3,1,0,0,-4,-1,-1,4
7932,resize,3,3,3,1,1,1,-4,0,-1,5,-4,2,-3,0,0,-1,3,1,-4,0,-1,5,-4,2,-3,0,0,-1
7933,resize,0,0,0,1,1,1,5,-4,-1,-1,-2,-2,-1,-1,-1,0,0,1,5,-4,-1,-1,-2,-2,-1,-1,-1,0
7934,resize,1,1,1,1,1,1,-2,3,-2,-2,-1,-1,-2,0,-1,0,1,1,-2,3,-2,-2,-1,-1,-2,0,-1,0
7935,resize,2,2,2,1,1,1,-1,0,6,1,-3,-3,-1,0,-1,-5,2,1,-1,0,6,1,-3,-3,-1,0,-1,-5
7936,resize,3,3,3,1,1,1,-2,-1,0,4,-3,0,-2,-1,1,-1,3,1,-2,-1,0,4,-3,0,-2,-1,1,-1
7937,resize,4,4,4,1,1,1,-3,0,-1,-3,5,-2,-2,-1,-2,-2,4,1,-3,0,-1,-3,5,-2,-2,-1,-2,-2
7938,resize,5,5,5,1,1,1,-2,-2,-2,-1,-3,7,1,-3,2,1,5,1,-2,-2,-2,-1,-3,7,1,-3,2,1
7939,resize,6,6,6,1,1,1,-1,-1,-3,-3,0,1,6,-3,0,-3,6,1,-1,-1,-3,-3,0,1,6,-3,0,-3
7940,resize,7,7,7,1,1,1,-1,-1,0,0,-1,-1,-5,4,-1,0,7,1,-1,-1,0,0,-1,-1,-5,4,-1,0
7941,resize,8,8,8,1,1,1,-1,-2,-1,-2,-2,-1,-1,-4,5,1,8,1,-1,-2,-1,-2,-2,-1,-1,-4,5,1
7942,resize,9,9,9,1,1,1,-1,-2,-3,-1,0,-1,-4,-1,-1,4,9,1,-1,-2,-3,-1,0,-1,-4,-1,-1,4
7943,resize,0,0,0,1,1,1,5,-3,-2,-1,-2,0,1,-1,-1,0,0,1,5,-3,-2,-1,-2,0,1,-1,-1,0
7944,resize,1,1,1,1,1,1,-1,4,0,-3,-2,-1,-1,-1,0,-2,1,1,-1,4,0,-3,-2,-1,-1,-1,0,-2
7945,resize,2,2,2,1,1,1,1,0,3,1,-2,-1,-1,0,-1,-3,2,1,1,0,3,1,-2,-1,-1,0,-1,-3
7946,resize,3,3,3,1,1,1,-4,0,1,5,-4,0,-3,0,0,-3,3,1,-4,0,1,5,-4,0,-3,0,0,-3
7947,resize,4,4,4,1,1,1,-3,-1,-1,-3,5,-3,-2,-1,-3,-1,4,1,-3,-1,-1,-3,5,-3,-2,-1,-3,-1
7948,resize,5,5,5,1,1,1,-2,-1,-1,-1,-2,5,0,-2,1,1,5,1,-2,-1,-1,-1,-2,5,0,-2,1,1
7949,resize,6,6,6,1,1,1,0,-2,-4,-2,0,1,6,-4,-1,-3,6,1,0,-2,-4,-2,0,1,6,-4,-1,-3
7950,resize,7,7,7,1,1,1,-2,-1,1,0,0,-2,-5,4,-1,0,7,1,-2,-1,1,0,0,-2,-5,4,-1,0
7951,resize,8,8,8,1,1,1,-1,-2,-2,0,-1,-1,-1,-2,4,1,8,1,-1,-2,-2,0,-1,-1,-1,-2,4,1
7952,resize,9,9,9,1,1,1,-2,-1,-2,-1,1,-1,-4,-1,0,4,9,1,-2,-1,-2,-1,1,-1,-4,-1,0,4
7953,resize,0,0,0,1,1,1,6,-3,0,-1,-2,-2,1,-1,-1,-1,0,1,6,-3,0,-1,-2,-2,1,-1,-1,-1
7954,resize,1,1,1,1,1,1,-1,3,-1,-3,-1,-1,-1,-1,0,-2,1,1,-1,3,-1,-3,-1,-1,-1,-1,0,-2
7955,resize,2,2,2,1,1,1,-2,0,4,1,-2,-2,-1,-1,-1,-4,2,1,-2,0,4,1,-2,-2,-1,-1,-1,-4
7956,resize,3,3,3,1,1,1,-5,0,0,7,-4,2,-3,0,-1,-3,3,1,-5,0,0,7,-4,2,-3,0,-1,-3
7957,resize,4,4,4,1,1,1,-5,0,-3,-3,5,-3,-3,0,-2,-2,4,1,-5,0,-3,-3,5,-3,-3,0,-2,-2
7958,resize,5,5,5,1,1,1,-1,-2,-3,0,-3,6,0,-2,1,0,5,1,-1,-2,-3,0,-3,6,0,-2,1,0
7959,resize,6,6,6,1,1,1,0,-2,-4,-3,-1,2,7,-4,0,-4,6,1,0,-2,-4,-3,-1,2,7,-4,0,-4
7960,resize,7,7,7,1,1,1,-2,0,0,0,0,-1,-4,3,-1,-1,7,1,-2,0,0,0,0,-1,-4,3,-1,-1
7961,resize,8,8,8,1,1,1,0,-2,-1,0,-2,-1,-1,-3,5,0,8,1,0,-2,-1,0,-2,-1,-1,-3,5,0
7962,resize,9,9,9,1,1,1,-2,-2,-2,-1,1,-2,-4,-1,0,4,9,1,-2,-2,-2,-1,1,-2,-4,-1,0,4
7963,resize,8,8,8,1,1,1,-1,-2,-2,-1,-1,-1,-1,-3,5,0,8,1,-1,-2,-2,-1,-1,-1,-1,-3,5,0
7964,resize,9,9,9,1,1,1,-3,-1,-3,-2,1,-2,-4,-1,0,4,9,1,-3,-1,-3,-2,1,-2,-4,-1,0,4
7965,resize,5,5,5,1,1,1,-3,-2,-3,0,-3,7,0,-3,1,2,5,1,-3,-2,-3,0,-3,7,0,-3,1,2
7966,resize,7,7,7,1,1,1,-2,-1,1,1,-1,-1,-5,4,-1,0,7,1,-2,-1,1,1,-1,-1,-5,4,-1,0
7967,resize,0,0,0,1,1,1,6,-3,-1,-2,-2,0,2,-2,-2,-1,0,1,6,-3,-1,-2,-2,0,2,-2,-2,-1
7968,resize,3,3,3,1,1,1,-5,-1,0,7,-6,2,-4,-1,0,-2,3,1,-5,-1,0,7,-6,2,-4,-1,0,-2
7969,resize,1,1,1,1,1,1,-2,4,-1,-3,0,0,-1,-1,0,-1,1,1,-2,4,-1,-3,0,0,-1,-1,0,-1
7970,resize,6,6,6,1,1,1,0,-1,-3,-2,-1,1,5,-4,0,-3,6,1,0,-1,-3,-2,-1,1,5,-4,0,-3
7971,resize,8,8,8,1,1,1,0,-2,-1,0,-1,-1,-3,0,3,1,8,1,0,-2,-1,0,-1,-1,-3,0,3,1
7972,resize,4,4,4,1,1,1,-4,0,-1,-2,5,-3,-2,-1,-2,-2,4,1,-4,0,-1,-2,5,-3,-2,-1,-2,-2
7973,resize,1,1,1,1,1,1,-2,4,-1,-3,-2,-1,-1,0,0,-3,1,1,-2,4,-1,-3,-2,-1,-1,0,0,-3
7974,resize,5,5,5,1,1,1,-2,-1,-2,1,-2,5,0,-2,0,0,5,1,-2,-1,-2,1,-2,5,0,-2,0,0
7975,resize,6,6,6,1,1,1,0,-2,-4,-2,-1,2,6,-4,1,-3,6,1,0,-2,-4,-2,-1,2,6,-4,1,-3
7976,resize,4,4,4,1,1,1,-3,-1,-2,-3,5,-3,-3,0,-3,-1,4,1,-3,-1,-2,-3,5,-3,-3,0,-3,-1
7977,resize,2,2,2,1,1,1,-1,1,7,0,-3,-4,-2,0,-2,-6,2,1,-1,1,7,0,-3,-4,-2,0,-2,-6
7978,resize,7,7,7,1,1,1,-2,0,1,0,0,-1,-4,3,-1,-1,7,1,-2,0,1,0,0,-1,-4,3,-1,-1
7979,resize,8,8,8,1,1,1,1,-3,0,0,-3,-1,-2,-3,5,0,8,1,1,-3,0,0,-3,-1,-2,-3,5,0
7980,resize,1,1,1,1,1,1,-1,4,-2,-3,-1,-1,-1,-1,-1,-1,1,1,-1,4,-2,-3,-1,-1,-1,-1,-1,-1
7981,resize,3,3,3,1,1,1,-4,-1,-2,7,-5,2,-4,-1,0,-1,3,1,-4,-1,-2,7,-5,2,-4,-1,0,-1
7982,resize,4,4,4,1,1,1,-4,-1,-2,-3,4,-2,-3,-1,-1,-1,4,1,-4,-1,-2,-3,4,-2,-3,-1,-1,-1
7983,resize,3,3,3,1,1,1,-4,-1,-2,5,-3,3,-3,-1,0,0,3,1,-4,-1,-2,5,-3,3,-3,-1,0,0
7984,resize,4,4,4,1,1,1,-4,0,-2,-4,5,-2,-2,-1,-3,-2,4,1,-4,0,-2,-4,5,-2,-2,-1,-3,-2
7985,resize,7,7,7,1,1,1,-2,-1,0,1,0,-1,-3,2,-1,0,7,1,-2,-1,0,1,0,-1,-3,2,-1,0
7986,resize,2,2,2,1,1,1,0,0,4,1,-3,-2,-2,1,0,-4,2,1,0,0,4,1,-3,-2,-2,1,0,-4
7987,resize,0,0,0,1,1,1,4,-2,0,-2,-2,-1,1,-1,0,-1,0,1,4,-2,0,-2,-2,-1,1,-1,0,-1
7988,resize,5,5,5,1,1,1,-2,-2,-3,0,-2,6,0,-1,0,0,5,1,-2,-2,-3,0,-2,6,0,-1,0,0
7989,resize,0,0,0,1,1,1,5,-3,0,-1,-2,-2,0,-1,-1,-1,0,1,5,-3,0,-1,-2,-2,0,-1,-1,-1
7990,resize,1,1,1,1,1,1,-1,3,-3,-3,-1,0,0,-1,1,-1,1,1,-1,3,-3,-3,-1,0,0,-1,1,-1
7991,resize,9,9,9,1,1,1,-1,-2,-2,-1,1,-1,-4,0,0,2,9,1,-1,-2,-2,-1,1,-1,-4,0,0,2
7992,resize,2,2,2,1,1,1,-2,1,7,0,-2,-4,-2,0,-2,-6,2,1,-2,1,7,0,-2,-4,-2,0,-2,-6
7993,resize,3,3,3,1,1,1,-3,-1,-2,7,-5,3,-3,-2,0,1,3,1,-3,-1,-2,7,-5,3,-3,-2,0,1
7994,resize,2,2,2,1,1,1,0,0,4,1,-3,-2,-1,-1,-1,-3,2,1,0,0,4,1,-3,-2,-1,-1,-1,-3
7995,resize,3,3,3,1,1,1,-5,0,-1,6,-5,2,-3,-1,0,-2,3,1,-5,0,-1,6,-5,2,-3,-1,0,-2
7996,resize,5,5,5,1,1,1,-2,-1,-2,0,-2,4,0,-1,0,-1,5,1,-2,-1,-2,0,-2,4,0,-1,0,-1
7997,resize,5,5,5,1,1,1,-2,-2,-3,0,-2,6,0,-2,0,1,5,1,-2,-2,-3,0,-2,6,0,-2,0,1
7998,resize,7,7,7,1,1,1,-3,0,0,0,-1,-1,-5,4,-1,-1,7,1,-3,0,0,0,-1,-1,-5,4,-1,-1
7999,resize,8,8,8,1,1,1,0,-2,-1,-2,-1,0,0,-2,5,0,8,1,0,-2,-1,-2,-1,0,0,-2,5,0
8000,resize,4,4,4,1,1,1,-1,1,0,-3,4,-3,-2,-1,-4,-1,4,1,-1,1,0,-3,4,-3,-2,-1,-4,-1
8001,resize,9,9,9,1,1,1,-1,-3,-3,0,-1,-1,-5,0,-1,5,9,1,-1,-3,-3,0,-1,-1,-5,0,-1,5
8002,resize,9,9,9,1,1,1,-2,-3,-3,0,0,-1,-5,0,-2,5,9,1,-2,-3,-3,0,0,-1,-5,0,-2,5
8003,resize,7,7,7,1,1,1,-2,0,0,0,-1,-1,-4,4,0,-1,7,1,-2,0,0,0,-1,-1,-4,4,0,-1
8004,resize,1,1,1,1,1,1,-1,4,-1,-3,-2,-1,-1,-1,0,-2,1,1,-1,4,-1,-3,-2,-1,-1,-1,0,-2
8005,resize,1,1,1,1,1,1,-2,3,-1,-2,-1,-1,-2,0,-1,-1,1,1,-2,3,-1,-2,-1,-1,-2,0,-1,-1
8006,resize,9,9,9,1,1,1,-1,-2,-3,0,0,-1,-5,0,-2,4,9,1,-1,-2,-3,0,0,-1,-5,0,-2,4
8007,resize,0,0,0,1,1,1,5,-3,0,-2,-3,-2,1,-1,-1,-1,0,1,5,-3,0,-2,-3,-2,1,-1,-1,-1
8008,resize,7,7,7,1,1,1,-1,-1,0,1,-1,-1,-5,3,0,0,7,1,-1,-1,0,1,-1,-1,-5,3,0,0
8009,resize,8,8,8,1,1,1,0,-3,-1,0,-3,-1,-2,-3,6,0,8,1,0,-3,-1,0,-3,-1,-2,-3,6,0
8010,resize,3,3,3,1,1,1,-2,-2,0,5,-4,1,-2,-2,1,-1,3,1,-2,-2,0,5,-4,1,-2,-2,1,-1
8011,resize,4,4,4,1,1,1,-3,-1,-2,-3,4,-2,-1,-1,-1,-2,4,1,-3,-1,-2,-3,4,-2,-1,-1,-1,-2
8012,resize,8,8,8,1,1,1,-1,-1,-1,-1,-1,-1,-1,-2,4,0,8,1,-1,-1,-1,-1,-1,-1,-1,-2,4,0
8013,resize,6,6,6,1,1,1,1,-2,-3,-3,-1,2,6,-3,0,-3,6,1,1,-2,-3,-3,-1,2,6,-3,0,-3
8014,resize,3,3,3,1,1,1,-3,-1,-1,7,-5,3,-3,-2,0,-1,3,1,-3,-1,-1,7,-5,3,-3,-2,0,-1
8015,resize,8,8,8,1,1,1,-1,-2,-1,-2,-2,0,0,-4,6,0,8,1,-1,-2,-1,-2,-2,0,0,-4,6,0
8016,resize,0,0,0,1,1,1,4,-3,-1,-1,-1,-1,1,-1,0,0,0,1,4,-3,-1,-1,-1,-1,1,-1,0,0
8017,resize,9,9,9,1,1,1,-3,-2,-3,-1,1,-1,-6,0,-2,5,9,1,-3,-2,-3,-1,1,-1,-6,0,-2,5
8018,resize,6,6,6,1,1,1,1,-2,-3,-2,-1,1,6,-3,-1,-3,6,1,1,-2,-3,-2,-1,1,6,-3,-1,-3
8019,resize,2,2,2,1,1,1,-1,0,6,1,-4,-3,-1,0,0,-6,2,1,-1,0,6,1,-4,-3,-1,0,0,-6
8020,resize,1,1,1,1,1,1,-2,3,0,-3,0,-1,-2,-1,0,-1,1,1,-2,3,0,-3,0,-1,-2,-1,0,-1
8021,resize,0,0,0,1,1,1,5,-4,-2,-1,-2,-1,2,-1,0,0,0,1,5,-4,-2,-1,-2,-1,2,-1,0,0
8022,resize,1,1,1,1,1,1,-1,4,-2,-3,-1,-1,-1,-1,0,-1,1,1,-1,4,-2,-3,-1,-1,-1,-1,0,-1
8023,resize,0,0,0,1,1,1,5,-3,-1,-2,-2,0,1,-1,0,-1,0,1,5,-3,-1,-2,-2,0,1,-1,0,-1
8024,resize,6,6,6,1,1,1,0,-2,-4,-3,0,2,5,-3,-1,-2,6,1,0,-2,-4,-3,0,2,5,-3,-1,-2
8025,resize,2,2,2,1,1,1,0,1,5,0,-2,-2,-1,-1,-1,-5,2,1,0,1,5,0,-2,-2,-1,-1,-1,-5
8026,resize,3,3,3,1,1,1,-4,-1,-1,7,-5,2,-4,-1,0,-1,3,1,-4,-1,-1,7,-5,2,-4,-1,0,-1
8027,resize,8,8,8,1,1,1,0,-2,-2,0,-3,0,-2,-3,5,0,8,1,0,-2,-2,0,-3,0,-2,-3,5,0
8028,resize,9,9,9,1,1,1,-2,-2,-3,-1,1,-1,-4,0,-1,4,9,1,-2,-2,-3,-1,1,-1,-4,0,-1,4
8029,resize,0,0,0,1,1,1,5,-3,-1,-2,-2,-1,2,-2,-1,-1,0,1,5,-3,-1,-2,-2,-1,2,-2,-1,-1
8030,resize,7,7,7,1,1,1,-2,-1,0,0,0,-1,-4,3,-1,0,7,1,-2,-1,0,0,0,-1,-4,3,-1,0
8031,resize,2,2,2,1,1,1,-1,1,6,0,-2,-3,-2,0,-2,-4,2,1,-1,1,6,0,-2,-3,-2,0,-2,-4
8032,resize,3,3,3,1,1,1,-3,-1,-1,6,-4,2,-3,-1,0,-1,3,1,-3,-1,-1,6,-4,2,-3,-1,0,-1
8033,resize,4,4,4,1,1,1,-4,0,-1,-3,4,-3,-3,0,-1,-2,4,1,-4,0,-1,-3,4,-3,-3,0,-1,-2
8034,resize,5,5,5,1,1,1,-2,-2,-3,0,-2,6,0,-2,0,2,5,1,-2,-2,-3,0,-2,6,0,-2,0,2
8035,resize,5,5,5,1,1,1,-2,-1,-3,0,-2,6,-1,-2,0,1,5,1,-2,-1,-3,0,-2,6,-1,-2,0,1
8036,resize,2,2,2,1,1,1,-1,1,6,1,-3,-2,-1,0,-2,-5,2,1,-1,1,6,1,-3,-2,-1,0,-2,-5
8037,resize,8,8,8,1,1,1,-1,-2,-1,-1,-1,-1,-1,-2,5,0,8,1,-1,-2,-1,-1,-1,-1,-1,-2,5,0
8038,resize,5,5,5,1,1,1,-1,-1,-1,-2,-2,5,1,-2,2,1,5,1,-1,-1,-1,-2,-2,5,1,-2,2,1
8039,resize,4,4,4,1,1,1,-4,-1,-2,-4,6,-3,-3,-1,-2,-2,4,1,-4,-1,-2,-4,6,-3,-3,-1,-2,-2
8040,resize,6,6,6,1,1,1,-1,-1,-3,-3,0,1,6,-4,0,-3,6,1,-1,-1,-3,-3,0,1,6,-4,0,-3
8041,resize,6,6,6,1,1,1,0,-2,-3,-3,-1,2,6,-4,0,-3,6,1,0,-2,-3,-3,-1,2,6,-4,0,-3
8042,resize,6,6,6,1,1,1,0,-2,-4,-3,0,2,6,-4,-1,-3,6,1,0,-2,-4,-3,0,2,6,-4,-1,-3
8043,resize,7,7,7,1,1,1,-2,-1,1,1,-2,-1,-5,3,0,-1,7,1,-2,-1,1,1,-2,-1,-5,3,0,-1
8044,resize,9,9,9,1,1,1,-1,-2,-2,0,0,-1,-4,0,0,3,9,1,-1,-2,-2,0,0,-1,-4,0,0,3
8045,resize,1,1,1,1,1,1,0,3,-1,-2,-2,-1,-1,-1,1,-2,1,1,0,3,-1,-2,-2,-1,-1,-1,1,-2
8046,resize,8,8,8,1,1,1,0,-2,-1,1,-3,-1,-2,-3,5,0,8,1,0,-2,-1,1,-3,-1,-2,-3,5,0
8047,resize,2,2,2,1,1,1,0,0,3,1,-4,-1,-2,0,1,-4,2,1,0,0,3,1,-4,-1,-2,0,1,-4
8048,resize,1,1,1,1,1,1,-2,4,-1,-3,-1,-1,-2,0,-1,-1,1,1,-2,4,-1,-3,-1,-1,-2,0,-1,-1
8049,resize,5,5,5,1,1,1,-2,-2,-3,-2,-2,7,2,-3,2,1,5,1,-2,-2,-3,-2,-2,7,2,-3,2,1
8050,resize,3,3,3,1,1,1,-2,-2,-1,6,-4,1,-2,-1,1,-1,3,1,-2,-2,-1,6,-4,1,-2,-1,1,-1
8051,resize,4,4,4,1,1,1,-3,0,-2,-3,4,-3,-2,0,-3,-2,4,1,-3,0,-2,-3,4,-3,-2,0,-3,-2
8052,resize,7,7,7,1,1,1,-2,0,1,0,0,-2,-5,4,-1,0,7,1,-2,0,1,0,0,-2,-5,4,-1,0
8053,resize,9,9,9,1,1,1,-2,-2,-2,0,0,-1,-4,0,0,4,9,1,-2,-2,-2,0,0,-1,-4,0,0,4
8054,resize,4,4,4,1,1,1,-4,-1,-2,-3,6,-3,-3,-1,-3,-2,4,1,-4,-1,-2,-3,6,-3,-3,-1,-3,-2
8055,resize,0,0,0,1,1,1,4,-3,-1,-1,-1,0,1,-1,-1,-1,0,1,4,-3,-1,-1,-1,0,1,-1,-1,-1
8056,resize,0,0,0,1,1,1,4,-2,-1,-1,-2,0,0,-1,-1,0,0,1,4,-2,-1,-1,-2,0,0,-1,-1,0
8057,resize,0,0,0,1,1,1,5,-2,0,0,-2,-1,0,-1,0,0,0,1,5,-2,0,0,-2,-1,0,-1,0,0
8058,resize,1,1,1,1,1,1,-2,3,-1,-2,0,-1,-3,1,-1,-1,1,1,-2,3,-1,-2,0,-1,-3,1,-1,-1
8059,resize,2,2,2,1,1,1,-2,2,3,-2,-1,-2,-1,-1,1,-2,2,1,-2,2,3,-2,-1,-2,-1,-1,1,-2
8060,resize,3,3,3,1,1,1,-3,-1,-2,6,-5,2,-3,-2,1,1,3,1,-3,-1,-2,6,-5,2,-3,-2,1,1
8061,resize,4,4,4,1,1,1,-1,0,-1,-2,3,-2,-2,0,-2,0,4,1,-1,0,-1,-2,3,-2,-2,0,-2,0
8062,resize,5,5,5,1,1,1,-1,-2,-2,-2,-1,4,1,-3,2,1,5,1,-1,-2,-2,-2,-1,4,1,-3,2,1
8063,resize,6,6,6,1,1,1,0,-1,-2,-2,0,1,4,-4,0,-2,6,1,0,-1,-2,-2,0,1,4,-4,0,-2
8064,resize,7,7,7,1,1,1,-2,0,-1,1,-1,-1,-4,2,0,0,7,1,-2,0,-1,1,-1,-1,-4,2,0,0
8065,resize,8,8,8,1,1,1,0,-1,-2,0,-1,-1,-1,-1,3,0,8,1,0,-1,-2,0,-1,-1,-1,-1,3,0
8066,resize,9,9,9,1,1,1,-1,-2,-3,1,0,0,-3,-1,0,3,9,1,-1,-2,-3,1,0,0,-3,-1,0,3
8067,resize,0,0,0,1,1,1,5,-2,1,-3,-3,-1,1,-1,0,-1,0,1,5,-2,1,-3,-3,-1,1,-1,0,-1
8068,resize,1,1,1,1,1,1,-3,4,-1,-2,-1,-1,-3,1,-1,-1,1,1,-3,4,-1,-2,-1,-1,-3,1,-1,-1
8069,resize,2,2,2,1,1,1,-2,2,4,0,-2,-2,-2,0,-2,-4,2,1,-2,2,4,0,-2,-2,-2,0,-2,-4
8070,resize,3,3,3,1,1,1,-4,-1,-1,7,-5,2,-3,-1,0,-1,3,1,-4,-1,-1,7,-5,2,-3,-1,0,-1
8071,resize,4,4,4,1,1,1,-2,0,-1,-3,3,-2,-2,-1,-3,1,4,1,-2,0,-1,-3,3,-2,-2,-1,-3,1
8072,resize,5,5,5,1,1,1,-2,-2,-4,1,-3,7,-2,-1,-1,2,5,1,-2,-2,-4,1,-3,7,-2,-1,-1,2
8073,resize,6,6,6,1,1,1,0,-2,-3,-2,-1,2,5,-4,1,-4,6,1,0,-2,-3,-2,-1,2,5,-4,1,-4
8074,resize,7,7,7,1,1,1,-2,0,-1,0,0,-2,-4,3,-1,0,7,1,-2,0,-1,0,0,-2,-4,3,-1,0
8075,resize,8,8,8,1,1,1,0,-1,-2,0,-2,0,-1,-2,4,-1,8,1,0,-1,-2,0,-2,0,-1,-2,4,-1
8076,resize,9,9,9,1,1,1,-2,-2,-3,-2,1,-2,-5,-1,-1,4,9,1,-2,-2,-3,-2,1,-2,-5,-1,-1,4
8077,resize,0,0,0,1,1,1,4,-3,-2,-1,-2,0,0,-1,0,-1,0,1,4,-3,-2,-1,-2,0,0,-1,0,-1
8078,resize,1,1,1,1,1,1,-2,3,-1,-2,0,-1,-2,1,-1,-1,1,1,-2,3,-1,-2,0,-1,-2,1,-1,-1
8079,resize,2,2,2,1,1,1,-1,2,5,-1,-2,-3,-2,0,-1,-3,2,1,-1,2,5,-1,-2,-3,-2,0,-1,-3
8080,resize,3,3,3,1,1,1,-4,0,-1,6,-4,1,-3,0,0,-2,3,1,-4,0,-1,6,-4,1,-3,0,0,-2
8081,resize,4,4,4,1,1,1,0,0,-1,-2,3,-1,0,-1,-2,0,4,1,0,0,-1,-2,3,-1,0,-1,-2,0
8082,resize,5,5,5,1,1,1,-2,-2,-3,1,-2,7,-2,-1,-1,2,5,1,-2,-2,-3,1,-2,7,-2,-1,-1,2
8083,resize,6,6,6,1,1,1,-1,-1,-3,-2,0,2,5,-3,0,-2,6,1,-1,-1,-3,-2,0,2,5,-3,0,-2
8084,resize,9,9,9,1,1,1,-2,-2,-3,-1,1,-1,-4,-1,-1,5,9,1,-2,-2,-3,-1,1,-1,-4,-1,-1,5
8085,resize,0,0,0,1,1,1,6,-3,-1,-2,-3,-1,1,-1,-1,-1,0,1,6,-3,-1,-2,-3,-1,1,-1,-1,-1
8086,resize,1,1,1,1,1,1,-2,4,0,-3,-1,-1,-2,1,-1,-2,1,1,-2,4,0,-3,-1,-1,-2,1,-1,-2
8087,resize,3,3,3,1,1,1,-3,-1,-1,5,-4,1,-3,-1,1,0,3,1,-3,-1,-1,5,-4,1,-3,-1,1,0
8088,resize,1,1,1,1,1,1,-2,4,-2,-3,0,-1,-3,1,-2,0,1,1,-2,4,-2,-3,0,-1,-3,1,-2,0
8089,resize,5,5,5,1,1,1,-3,-1,-3,-1,-2,7,-1,-2,0,2,5,1,-3,-1,-3,-1,-2,7,-1,-2,0,2
8090,resize,1,1,1,1,1,1,-2,3,-1,-3,0,-1,-1,0,-1,-1,1,1,-2,3,-1,-3,0,-1,-1,0,-1,-1
8091,resize,2,2,2,1,1,1,0,1,3,0,-2,-2,-1,0,-1,-2,2,1,0,1,3,0,-2,-2,-1,0,-1,-2
8092,resize,4,4,4,1,1,1,-1,0,0,-1,2,-2,-1,0,-2,-1,4,1,-1,0,0,-1,2,-2,-1,0,-2,-1
8093,resize,9,9,9,1,1,1,-2,0,-3,-1,1,-2,-3,0,-1,2,9,1,-2,0,-3,-1,1,-2,-3,0,-1,2
8094,resize,2,2,2,1,1,1,-2,1,2,-2,0,-2,-2,-1,2,0,2,1,-2,1,2,-2,0,-2,-2,-1,2,0
8095,resize,4,4,4,1,1,1,-1,0,-1,-2,3,-2,-1,0,-2,0,4,1,-1,0,-1,-2,3,-2,-1,0,-2,0
8096,resize,6,6,6,1,1,1,0,-1,-2,-2,0,1,4,-3,-1,-3,6,1,0,-1,-2,-2,0,1,4,-3,-1,-3
8097,resize,8,8,8,1,1,1,-1,-2,-1,1,-2,0,-1,-2,4,1,8,1,-1,-2,-1,1,-2,0,-1,-2,4,1
8098,resize,0,0,0,1,1,1,4,-2,0,-1,-2,-1,0,-1,0,-1,0,1,4,-2,0,-1,-2,-1,0,-1,0,-1
8099,resize,1,1,1,1,1,1,-2,4,-1,-3,-1,-1,-2,0,-1,-1,1,1,-2,4,-1,-3,-1,-1,-2,0,-1,-1
8100,resize,1,1,1,1,1,1,-2,4,-1,-3,-1,-1,-2,0,-1,-1,1,1,-2,4,-1,-3,-1,-1,-2,0,-1,-1
8101,resize,9,9,9,1,1,1,-2,-1,-2,-1,1,-2,-4,0,-1,3,9,1,-2,-1,-2,-1,1,-2,-4,0,-1,3
8102,resize,2,2,2,1,1,1,-1,1,3,0,-2,-2,-1,0,1,-3,2,1,-1,1,3,0,-2,-2,-1,0,1,-3
8103,resize,6,6,6,1,1,1,-1,0,-2,-2,0,1,4,-3,-1,-3,6,1,-1,0,-2,-2,0,1,4,-3,-1,-3
8104,resize,6,6,6,1,1,1,0,-1,-2,-2,-1,2,4,-3,0,-2,6,1,0,-1,-2,-2,-1,2,4,-3,0,-2
8105,resize,8,8,8,1,1,1,0,-1,-1,1,-2,0,-1,-2,2,0,8,1,0,-1,-1,1,-2,0,-1,-2,2,0
8106,resize,7,7,7,1,1,1,-1,0,-1,0,-1,-1,-4,2,0,-1,7,1,-1,0,-1,0,-1,-1,-4,2,0,-1
8107,resize,4,4,4,1,1,1,0,0,0,-1,1,-1,-1,0,-2,0,4,1,0,0,0,-1,1,-1,-1,0,-2,0
8108,resize,2,2,2,1,1,1,-1,1,6,0,-2,-3,-1,0,-2,-5,2,1,-1,1,6,0,-2,-3,-1,0,-2,-5
8109,resize,9,9,9,1,1,1,-2,-1,-2,-2,1,-1,-3,-1,0,2,9,1,-2,-1,-2,-2,1,-1,-3,-1,0,2
8110,resize,7,7,7,1,1,1,-2,0,0,-1,0,-1,-3,2,-1,0,7,1,-2,0,0,-1,0,-1,-3,2,-1,0
8111,resize,0,0,0,1,1,1,5,-3,-1,-1,-2,-1,1,-1,-1,-1,0,1,5,-3,-1,-1,-2,-1,1,-1,-1,-1
8112,resize,2,2,2,1,1,1,-1,0,3,1,-3,-1,-1,0,0,-3,2,1,-1,0,3,1,-3,-1,-1,0,0,-3
8113,resize,1,1,1,1,1,1,-3,3,-1,-3,0,-1,-2,1,-2,-1,1,1,-3,3,-1,-3,0,-1,-2,1,-2,-1
8114,resize,0,0,0,1,1,1,5,-3,-1,-1,-2,0,2,-1,-1,-1,0,1,5,-3,-1,-1,-2,0,2,-1,-1,-1
8115,resize,3,3,3,1,1,1,-1,0,0,2,-1,1,-1,0,0,0,3,1,-1,0,0,2,-1,1,-1,0,0,0
8116,resize,6,6,6,1,1,1,0,-2,-3,-2,0,1,5,-3,0,-2,6,1,0,-2,-3,-2,0,1,5,-3,0,-2
8117,resize,0,0,0,1,1,1,5,-2,0,-2,-2,-1,1,-1,-2,-1,0,1,5,-2,0,-2,-2,-1,1,-1,-2,-1
8118,resize,1,1,1,1,1,1,-1,4,-2,-3,-1,0,-1,-1,1,-1,1,1,-1,4,-2,-3,-1,0,-1,-1,1,-1
8119,resize,2,2,2,1,1,1,-1,1,5,-1,-2,-2,-2,-1,-2,-5,2,1,-1,1,5,-1,-2,-2,-2,-1,-2,-5
8120,resize,3,3,3,1,1,1,-3,-1,-1,6,-5,0,-4,-1,1,-1,3,1,-3,-1,-1,6,-5,0,-4,-1,1,-1
8121,resize,4,4,4,1,1,1,-4,0,-1,-4,5,-3,-3,0,-3,-3,4,1,-4,0,-1,-4,5,-3,-3,0,-3,-3
8122,resize,5,5,5,1,1,1,-2,-1,-2,0,-2,5,-1,-1,0,1,5,1,-2,-1,-2,0,-2,5,-1,-1,0,1
8123,resize,6,6,6,1,1,1,0,-1,-1,-3,-1,1,5,-4,-1,-2,6,1,0,-1,-1,-3,-1,1,5,-4,-1,-2
8124,resize,7,7,7,1,1,1,-2,-1,0,0,-1,-2,-5,4,-1,0,7,1,-2,-1,0,0,-1,-2,-5,4,-1,0
8125,resize,8,8,8,1,1,1,-2,-2,0,-2,-1,-1,0,-3,6,0,8,1,-2,-2,0,-2,-1,-1,0,-3,6,0
8126,resize,9,9,9,1,1,1,-1,-2,-1,1,-1,0,-3,0,0,4,9,1,-1,-2,-1,1,-1,0,-3,0,0,4
8127,resize,0,0,0,1,1,1,7,-4,-1,-2,-3,-2,1,-1,-2,0,0,1,7,-4,-1,-2,-3,-2,1,-1,-2,0
8128,resize,1,1,1,1,1,1,-2,3,0,-2,-1,0,1,-2,0,-2,1,1,-2,3,0,-2,-1,0,1,-2,0,-2
8129,resize,2,2,2,1,1,1,-1,1,5,0,-3,-2,-1,-1,-2,-5,2,1,-1,1,5,0,-3,-2,-1,-1,-2,-5
8130,resize,3,3,3,1,1,1,-3,-1,-2,7,-5,3,-4,-1,0,0,3,1,-3,-1,-2,7,-5,3,-4,-1,0,0
8131,resize,4,4,4,1,1,1,-4,-1,-2,-4,5,-3,-4,-1,-3,0,4,1,-4,-1,-2,-4,5,-3,-4,-1,-3,0
8132,resize,5,5,5,1,1,1,0,-2,-2,0,-2,4,0,-2,0,0,5,1,0,-2,-2,0,-2,4,0,-2,0,0
8133,resize,6,6,6,1,1,1,0,-2,-3,-2,-1,2,6,-4,0,-3,6,1,0,-2,-3,-2,-1,2,6,-4,0,-3
8134,resize,7,7,7,1,1,1,-2,0,1,0,-1,-1,-4,3,-1,-1,7,1,-2,0,1,0,-1,-1,-4,3,-1,-1
8135,resize,8,8,8,1,1,1,-2,-1,-1,-1,0,-1,-1,-3,4,1,8,1,-2,-1,-1,-1,0,-1,-1,-3,4,1
8136,resize,9,9,9,1,1,1,-1,-3,-2,0,0,-2,-4,0,0,4,9,1,-1,-3,-2,0,0,-2,-4,0,0,4
8137,resize,0,0,0,1,1,1,6,-3,0,-2,-3,-1,0,-1,-1,0,0,1,6,-3,0,-2,-3,-1,0,-1,-1,0
8138,resize,1,1,1,1,1,1,-1,4,-1,-3,-3,-1,-1,-1,1,-4,1,1,-1,4,-1,-3,-3,-1,-1,-1,1,-4
8139,resize,2,2,2,1,1,1,-3,2,6,1,-3,-3,-2,0,-2,-5,2,1,-3,2,6,1,-3,-3,-2,0,-2,-5
8140,resize,3,3,3,1,1,1,-3,-1,-1,6,-5,1,-3,-1,1,0,3,1,-3,-1,-1,6,-5,1,-3,-1,1,0
8141,resize,4,4,4,1,1,1,-4,-1,-2,-4,5,-3,-4,0,-2,-1,4,1,-4,-1,-2,-4,5,-3,-4,0,-2,-1
8142,resize,5,5,5,1,1,1,-2,-2,-3,1,-2,7,0,-2,-1,0,5,1,-2,-2,-3,1,-2,7,0,-2,-1,0
8143,resize,6,6,6,1,1,1,0,-1,-1,-2,-1,2,4,-3,-1,-3,6,1,0,-1,-1,-2,-1,2,4,-3,-1,-3
8144,resize,7,7,7,1,1,1,-2,0,1,1,-3,-1,-5,3,-1,-1,7,1,-2,0,1,1,-3,-1,-5,3,-1,-1
8145,resize,8,8,8,1,1,1,-2,-2,0,0,-3,0,0,-5,6,-1,8,1,-2,-2,0,0,-3,0,0,-5,6,-1
8146,resize,9,9,9,1,1,1,-1,-2,-2,0,0,-1,-4,0,0,4,9,1,-1,-2,-2,0,0,-1,-4,0,0,4
8147,resize,8,8,8,1,1,1,-2,-2,-1,-1,-1,0,-1,-4,4,1,8,1,-2,-2,-1,-1,-1,0,-1,-4,4,1
8148,resize,6,6,6,1,1,1,0,-2,-3,-2,0,1,5,-4,0,-1,6,1,0,-2,-3,-2,0,1,5,-4,0,-1
8149,resize,5,5,5,1,1,1,-2,-1,-2,-1,-1,5,0,-1,0,1,5,1,-2,-1,-2,-1,-1,5,0,-1,0,1
8150,resize,9,9,9,1,1,1,-2,-2,-3,1,0,0,-6,-1,-1,4,9,1,-2,-2,-3,1,0,0,-6,-1,-1,4
8151,resize,7,7,7,1,1,1,-2,0,1,0,-1,-1,-4,3,-1,-1,7,1,-2,0,1,0,-1,-1,-4,3,-1,-1
8152,resize,0,0,0,1,1,1,5,-3,-1,-1,-2,-1,1,-1,-1,-1,0,1,5,-3,-1,-1,-2,-1,1,-1,-1,-1
8153,resize,2,2,2,1,1,1,-1,1,4,0,-2,-2,-2,0,-2,-4,2,1,-1,1,4,0,-2,-2,-2,0,-2,-4
8154,resize,3,3,3,1,1,1,-4,0,-2,6,-5,2,-4,-1,-1,0,3,1,-4,0,-2,6,-5,2,-4,-1,-1,0
8155,resize,4,4,4,1,1,1,-4,-1,-2,-3,5,-3,-3,-1,-2,-1,4,1,-4,-1,-2,-3,5,-3,-3,-1,-2,-1
8156,resize,3,3,3,1,1,1,-2,-2,-1,6,-5,1,-4,-1,0,1,3,1,-2,-2,-1,6,-5,1,-4,-1,0,1
8157,resize,8,8,8,1,1,1,-2,-2,-1,-2,-1,1,0,-4,6,0,8,1,-2,-2,-1,-2,-1,1,0,-4,6,0
8158,resize,5,5,5,1,1,1,-1,-2,-3,0,-2,5,0,-2,0,0,5,1,-1,-2,-3,0,-2,5,0,-2,0,0
8159,resize,1,1,1,1,1,1,-1,3,-1,-3,-1,-1,-1,-1,0,-1,1,1,-1,3,-1,-3,-1,-1,-1,-1,0,-1
8160,resize,5,5,3,1,0,0,0,-1,-1,2,-2,2,-1,-1,0,1,3,1,0,-1,-1,2,-2,2,-1,-1,0,1
8161,resize,2,2,2,1,1,1,-1,1,6,-1,-2,-3,-2,0,-2,-5,2,1,-1,1,6,-1,-2,-3,-2,0,-2,-5
8162,resize,3,3,3,1,1,1,-5,0,1,6,-5,0,-4,0,0,-3,3,1,-5,0,1,6,-5,0,-4,0,0,-3
8163,resize,0,0,0,1,1,1,5,-3,-1,0,-2,-1,1,-1,0,0,0,1,5,-3,-1,0,-2,-1,1,-1,0,0
8164,resize,1,1,1,1,1,1,-2,4,-2,-4,-2,-1,-2,-1,-1,-2,1,1,-2,4,-2,-4,-2,-1,-2,-1,-1,-2
8165,resize,2,2,2,1,1,1,-1,1,4,0,-1,-1,-1,0,-2,-4,2,1,-1,1,4,0,-1,-1,-1,0,-2,-4
8166,resize,1,1,1,1,1,1,-1,4,-1,-3,-2,-1,-1,0,0,-2,1,1,-1,4,-1,-3,-2,-1,-1,0,0,-2
8167,resize,3,3,3,1,1,1,-3,-1,-1,7,-5,2,-4,-1,0,0,3,1,-3,-1,-1,7,-5,2,-4,-1,0,0
8168,resize,2,2,2,1,1,1,-2,2,5,1,-2,-2,-2,1,-2,-4,2,1,-2,2,5,1,-2,-2,-2,1,-2,-4
8169,resize,6,6,6,1,1,1,0,-2,-3,-3,-1,2,7,-5,-1,-4,6,1,0,-2,-3,-3,-1,2,7,-5,-1,-4
8170,resize,5,5,5,1,1,1,0,-1,-2,0,-2,4,1,-1,0,-1,5,1,0,-1,-2,0,-2,4,1,-1,0,-1
8171,resize,3,3,3,1,1,1,-3,-1,-2,5,-4,3,-3,-2,0,0,3,1,-3,-1,-2,5,-4,3,-3,-2,0,0
8172,resize,0,0,0,1,1,1,5,-3,-1,-2,-2,-2,1,-2,-1,-1,0,1,5,-3,-1,-2,-2,-2,1,-2,-1,-1
8173,resize,7,7,7,1,1,1,-4,1,0,0,0,-2,-5,4,-2,-1,7,1,-4,1,0,0,0,-2,-5,4,-2,-1
8174,resize,2,2,2,1,1,1,-1,2,6,0,-3,-3,-2,0,-3,-5,2,1,-1,2,6,0,-3,-3,-2,0,-3,-5
8175,resize,7,7,7,1,1,1,-2,-1,0,1,0,-2,-5,4,-1,-1,7,1,-2,-1,0,1,0,-2,-5,4,-1,-1
8176,resize,4,4,4,1,1,1,-4,-1,-2,-3,4,-2,-2,-1,-1,-2,4,1,-4,-1,-2,-3,4,-2,-2,-1,-1,-2
8177,resize,6,6,6,1,1,1,0,-2,-4,-3,0,2,6,-4,0,-2,6,1,0,-2,-4,-3,0,2,6,-4,0,-2
8178,resize,4,4,4,1,1,1,-3,0,-1,-4,4,-2,-2,-1,-3,-1,4,1,-3,0,-1,-4,4,-2,-2,-1,-3,-1
8179,resize,0,0,0,1,1,1,5,-3,0,-2,-2,-1,2,-2,-1,-2,0,1,5,-3,0,-2,-2,-1,2,-2,-1,-2
8180,resize,5,5,5,1,1,1,-1,-2,-3,-1,-1,5,1,-3,1,1,5,1,-1,-2,-3,-1,-1,5,1,-3,1,1
8181,resize,9,9,9,1,1,1,-3,-3,-3,-2,1,-1,-4,-1,0,5,9,1,-3,-3,-3,-2,1,-1,-4,-1,0,5
8182,resize,9,9,9,1,1,1,0,-3,-3,0,1,-2,-3,0,1,2,9,1,0,-3,-3,0,1,-2,-3,0,1,2
8183,resize,8,8,8,1,1,1,-3,-2,-1,0,-1,2,0,-4,4,0,8,1,-3,-2,-1,0,-1,2,0,-4,4,0
8184,resize,9,9,9,1,1,1,-3,-2,-3,-2,1,-2,-5,-1,0,4,9,1,-3,-2,-3,-2,1,-2,-5,-1,0,4
8185,resize,5,5,5,1,1,1,-3,-1,-3,1,-1,5,0,-2,1,1,5,1,-3,-1,-3,1,-1,5,0,-2,1,1
8186,resize,3,3,3,1,1,1,-4,0,-1,6,-5,1,-4,-1,0,-1,3,1,-4,0,-1,6,-5,1,-4,-1,0,-1
8187,resize,1,1,1,1,1,1,-2,4,-2,-3,-1,-1,-2,0,-1,-2,1,1,-2,4,-2,-3,-1,-1,-2,0,-1,-2
8188,resize,7,7,7,1,1,1,-1,-1,-1,0,-1,-1,-4,3,0,0,7,1,-1,-1,-1,0,-1,-1,-4,3,0,0
8189,resize,4,4,4,1,1,1,-4,-1,-2,-3,6,-3,-3,-1,-2,-2,4,1,-4,-1,-2,-3,6,-3,-3,-1,-2,-2
8190,resize,7,7,7,1,1,1,-2,-1,0,0,0,-2,-5,4,-1,0,7,1,-2,-1,0,0,0,-2,-5,4,-1,0
8191,resize,6,6,6,1,1,1,0,-2,-3,-3,0,2,5,-3,0,-1,6,1,0,-2,-3,-3,0,2,5,-3,0,-1
8192,resize,5,5,5,1,1,1,-2,-1,-1,-1,-2,4,0,-2,2,1,5,1,-2,-1,-1,-1,-2,4,0,-2,2,1
8193,resize,4,4,4,1,1,1,-2,0,-1,-2,3,-2,-2,0,-2,0,4,1,-2,0,-1,-2,3,-2,-2,0,-2,0
8194,resize,0,0,0,1,1,1,4,-2,1,-2,-2,-2,0,-1,0,-1,0,1,4,-2,1,-2,-2,-2,0,-1,0,-1
8195,resize,0,0,0,1,1,1,4,-2,-1,-1,-1,-1,1,-1,-1,-1,0,1,4,-2,-1,-1,-1,-1,1,-1,-1,-1
8196,resize,6,6,6,1,1,1,1,-2,-3,-2,0,1,4,-3,0,-1,6,1,1,-2,-3,-2,0,1,4,-3,0,-1
8197,resize,6,6,6,1,1,1,0,-2,-3,-2,-2,3,6,-5,1,-3,6,1,0,-2,-3,-2,-2,3,6,-5,1,-3
8198,resize,2,2,2,1,1,1,-1,1,4,-1,-1,-2,-3,0,-3,-3,2,1,-1,1,4,-1,-1,-2,-3,0,-3,-3
8199,resize,0,0,0,1,1,1,5,-3,0,-1,-3,-1,0,-1,0,-1,0,1,5,-3,0,-1,-3,-1,0,-1,0,-1
8200,resize,6,6,6,1,1,1,0,-1,-2,-3,-1,3,6,-4,1,-3,6,1,0,-1,-2,-3,-1,3,6,-4,1,-3
8201,resize,3,3,3,1,1,1,-2,-2,-1,5,-5,2,-3,-1,0,1,3,1,-2,-2,-1,5,-5,2,-3,-1,0,1
8202,resize,7,7,7,1,1,1,-1,-1,0,0,0,-1,-4,2,-1,0,7,1,-1,-1,0,0,0,-1,-4,2,-1,0
8203,resize,7,7,7,1,1,1,-1,-1,-1,0,0,-1,-5,3,0,0,7,1,-1,-1,-1,0,0,-1,-5,3,0,0
8204,resize,4,4,4,1,1,1,-3,0,-1,-3,5,-3,-3,0,-2,-1,4,1,-3,0,-1,-3,5,-3,-3,0,-2,-1
8205,resize,4,4,4,1,1,1,-1,0,-1,-3,4,-2,-2,0,-3,-1,4,1,-1,0,-1,-3,4,-2,-2,0,-3,-1
8206,resize,3,3,3,1,1,1,-3,-2,-2,7,-5,2,-4,-2,0,0,3,1,-3,-2,-2,7,-5,2,-4,-2,0,0
8207,resize,9,9,9,1,1,1,-3,-2,-4,-2,2,-1,-5,-1,-1,5,9,1,-3,-2,-4,-2,2,-1,-5,-1,-1,5
8208,resize,2,2,2,1,1,1,-2,2,6,0,-2,-3,-2,0,-2,-5,2,1,-2,2,6,0,-2,-3,-2,0,-2,-5
8209,resize,8,8,8,1,1,1,-2,-1,0,0,-2,-1,-1,-3,4,0,8,1,-2,-1,0,0,-2,-1,-1,-3,4,0
8210,resize,9,9,9,1,1,1,-1,-2,-3,1,-1,1,-3,-1,-1,4,9,1,-1,-2,-3,1,-1,1,-3,-1,-1,4
8211,resize,6,6,6,1,1,1,0,-2,-4,-3,-1,2,7,-4,-1,-3,6,1,0,-2,-4,-3,-1,2,7,-4,-1,-3
8212,resize,0,0,0,1,1,1,4,-3,-1,0,-1,-2,0,-1,0,0,0,1,4,-3,-1,0,-1,-2,0,-1,0,0
8213,resize,9,9,9,1,1,1,1,-2,-2,1,-1,-1,-2,-1,-1,3,9,1,1,-2,-2,1,-1,-1,-2,-1,-1,3
8214,resize,5,5,5,1,1,1,-1,-2,-2,-2,-2,5,1,-2,1,2,5,1,-1,-2,-2,-2,-2,5,1,-2,1,2
8215,resize,3,3,3,1,1,1,-3,-2,-1,6,-5,2,-3,-2,1,0,3,1,-3,-2,-1,6,-5,2,-3,-2,1,0
8216,resize,8,8,8,1,1,1,-2,-2,0,0,-2,-1,-2,-3,4,1,8,1,-2,-2,0,0,-2,-1,-2,-3,4,1
8217,resize,8,8,8,1,1,1,-1,-2,0,0,-1,-1,-2,-2,3,2,8,1,-1,-2,0,0,-1,-1,-2,-2,3,2
8218,resize,7,7,7,1,1,1,-1,0,0,1,-2,-1,-4,2,-1,0,7,1,-1,0,0,1,-2,-1,-4,2,-1,0
8219,resize,1,1,1,1,1,1,-1,4,-1,-3,-2,-1,0,-1,0,-3,1,1,-1,4,-1,-3,-2,-1,0,-1,0,-3
8220,resize,4,4,4,1,1,1,-4,0,-2,-4,5,-2,-2,-1,-2,-2,4,1,-4,0,-2,-4,5,-2,-2,-1,-2,-2
8221,resize,0,0,0,1,1,1,5,-2,0,-2,-2,-1,1,-2,-1,-1,0,1,5,-2,0,-2,-2,-1,1,-2,-1,-1
8222,resize,4,4,4,1,1,1,-3,-1,-2,-3,5,-2,-2,-1,-1,-1,4,1,-3,-1,-2,-3,5,-2,-2,-1,-1,-1
8223,resize,8,8,8,1,1,1,-1,-2,0,-1,-2,0,-1,-4,5,1,8,1,-1,-2,0,-1,-2,0,-1,-4,5,1
8224,resize,5,5,5,1,1,1,-3,-1,-2,0,-2,6,0,-2,1,1,5,1,-3,-1,-2,0,-2,6,0,-2,1,1
8225,resize,2,2,2,1,1,1,-1,1,5,1,-3,-2,-2,0,-1,-4,2,1,-1,1,5,1,-3,-2,-2,0,-1,-4
8226,resize,3,3,3,1,1,1,-3,-1,0,6,-4,0,-3,-1,1,-1,3,1,-3,-1,0,6,-4,0,-3,-1,1,-1
8227,resize,9,9,9,1,1,1,-2,-3,-3,-1,1,-2,-5,0,0,4,9,1,-2,-3,-3,-1,1,-2,-5,0,0,4
8228,resize,0,0,0,1,1,1,4,-2,0,-1,-2,-2,0,-1,-1,0,0,1,4,-2,0,-1,-2,-2,0,-1,-1,0
8229,resize,1,1,1,1,1,1,-3,6,-2,-5,-1,0,-1,0,-1,-3,1,1,-3,6,-2,-5,-1,0,-1,0,-1,-3
8230,resize,9,9,9,1,1,1,-2,-3,-3,-1,1,-2,-5,0,0,5,9,1,-2,-3,-3,-1,1,-2,-5,0,0,5
8231,resize,1,1,1,1,1,1,-4,5,-1,-4,-1,-1,-3,0,-2,-3,1,1,-4,5,-1,-4,-1,-1,-3,0,-2,-3
8232,resize,5,5,5,1,1,1,-1,-2,-3,2,-2,5,0,-2,0,0,5,1,-1,-2,-3,2,-2,5,0,-2,0,0
8233,resize,1,1,1,1,1,1,-1,4,-2,-4,-1,0,-1,-1,0,-2,1,1,-1,4,-2,-4,-1,0,-1,-1,0,-2
8234,resize,7,7,7,1,1,1,-1,-1,0,1,-1,-1,-4,3,-1,0,7,1,-1,-1,0,1,-1,-1,-4,3,-1,0
8235,resize,4,4,4,1,1,1,-3,0,-1,-3,5,-3,-3,0,-1,-1,4,1,-3,0,-1,-3,5,-3,-3,0,-1,-1
8236,resize,8,8,8,1,1,1,-1,-2,-1,-2,-1,0,-1,-4,5,0,8,1,-1,-2,-1,-2,-1,0,-1,-4,5,0
8237,resize,6,6,6,1,1,1,0,-2,-4,-3,-1,3,6,-4,0,-3,6,1,0,-2,-4,-3,-1,3,6,-4,0,-3
8238,resize,2,2,2,1,1,1,-1,1,5,0,-2,-2,-1,0,-2,-4,2,1,-1,1,5,0,-2,-2,-1,0,-2,-4
8239,resize,1,1,1,1,1,1,-2,4,-1,-4,-2,-1,-1,-1,0,-2,1,1,-2,4,-1,-4,-2,-1,-1,-1,0,-2
8240,resize,6,6,6,1,1,1,-1,-2,-3,-3,-1,2,5,-4,2,-3,6,1,-1,-2,-3,-3,-1,2,5,-4,2,-3
8241,resize,8,8,8,1,1,1,-2,-2,-1,-2,-1,-1,-1,-4,6,0,8,1,-2,-2,-1,-2,-1,-1,-1,-4,6,0
8242,resize,8,8,8,1,1,1,-3,0,-1,-3,1,0,0,-2,2,-1,8,1,-3,0,-1,-3,1,0,0,-2,2,-1
8243,resize,0,0,0,1,1,1,3,-2,-1,0,-2,2,3,-3,-1,-2,0,1,3,-2,-1,0,-2,2,3,-3,-1,-2
8244,resize,1,1,1,1,1,1,-1,3,0,-3,-1,-1,0,-1,-1,-3,1,1,-1,3,0,-3,-1,-1,0,-1,-1,-3
8245,resize,2,2,2,1,1,1,-1,1,3,0,-2,-1,-1,0,-1,-3,2,1,-1,1,3,0,-2,-1,-1,0,-1,-3
8246,resize,3,3,3,1,1,1,-2,-1,-2,2,-1,1,-3,0,0,1,3,1,-2,-1,-2,2,-1,1,-3,0,0,1
8247,resize,4,4,4,1,1,1,-3,-1,-1,-2,4,-2,-4,0,-1,0,4,1,-3,-1,-1,-2,4,-2,-4,0,-1,0
8248,resize,7,7,7,1,1,1,-3,0,0,1,0,-1,-5,4,-1,0,7,1,-3,0,0,1,0,-1,-5,4,-1,0
8249,resize,8,8,8,1,1,1,-1,-3,-1,-1,-2,0,-1,-3,5,1,8,1,-1,-3,-1,-1,-2,0,-1,-3,5,1
8250,resize,9,9,9,1,1,1,-2,-3,-3,-1,1,-2,-5,-1,-1,5,9,1,-2,-3,-3,-1,1,-2,-5,-1,-1,5
8251,resize,0,0,0,1,1,1,4,-2,-1,-1,-1,-1,2,-2,-1,-1,0,1,4,-2,-1,-1,-1,-1,2,-2,-1,-1
8252,resize,1,1,1,1,1,1,-2,4,-1,-3,-1,-1,-1,0,-2,-2,1,1,-2,4,-1,-3,-1,-1,-1,0,-2,-2
8253,resize,2,2,2,1,1,1,0,1,4,-1,-1,-2,-2,-1,-2,-3,2,1,0,1,4,-1,-1,-2,-2,-1,-2,-3
8254,resize,3,3,3,1,1,1,-2,-1,-2,3,-2,1,-2,-1,1,0,3,1,-2,-1,-2,3,-2,1,-2,-1,1,0
8255,resize,4,4,4,1,1,1,-3,-1,-2,-1,3,-1,-2,0,-1,-1,4,1,-3,-1,-2,-1,3,-1,-2,0,-1,-1
8256,resize,6,6,6,1,1,1,1,-1,0,-3,-2,2,5,-4,-2,-5,6,1,1,-1,0,-3,-2,2,5,-4,-2,-5
8257,resize,7,7,7,1,1,1,-2,0,1,1,-1,-1,-4,3,-1,-2,7,1,-2,0,1,1,-1,-1,-4,3,-1,-2
8258,resize,8,8,8,1,1,1,-2,-2,-1,-1,-1,1,0,-3,5,0,8,1,-2,-2,-1,-1,-1,1,0,-3,5,0
8259,resize,9,9,9,1,1,1,-2,-3,-1,-1,0,1,-5,0,-1,4,9,1,-2,-3,-1,-1,0,1,-5,0,-1,4
8260,resize,0,0,0,1,1,1,4,-2,-1,0,-1,0,2,-2,-1,-1,0,1,4,-2,-1,0,-1,0,2,-2,-1,-1
8261,resize,1,1,1,1,1,1,-1,4,0,-3,-2,-1,-1,-1,0,-3,1,1,-1,4,0,-3,-2,-1,-1,-1,0,-3
8262,resize,2,2,2,1,1,1,-2,1,4,0,-2,-2,-1,0,-1,-3,2,1,-2,1,4,0,-2,-2,-1,0,-1,-3
8263,resize,3,3,3,1,1,1,-2,-1,-1,4,-3,1,-3,-1,0,1,3,1,-2,-1,-1,4,-3,1,-3,-1,0,1
8264,resize,4,4,4,1,1,1,-3,-1,-2,-2,4,-3,-4,0,-1,0,4,1,-3,-1,-2,-2,4,-3,-4,0,-1,0
8265,resize,7,7,7,1,1,1,-1,0,0,0,-1,0,-3,3,0,-1,7,1,-1,0,0,0,-1,0,-3,3,0,-1
8266,resize,8,8,8,1,1,1,-1,-2,-1,-1,-1,-1,-1,-2,6,-1,8,1,-1,-2,-1,-1,-1,-1,-1,-2,6,-1
8267,resize,9,9,9,1,1,1,-2,-2,-2,-1,0,-2,-4,0,0,4,9,1,-2,-2,-2,-1,0,-2,-4,0,0,4
8268,resize,1,1,1,1,1,1,-2,4,-2,-3,-1,-1,-2,0,-1,-1,1,1,-2,4,-2,-3,-1,-1,-2,0,-1,-1
8269,resize,4,4,4,1,1,1,-3,-1,-2,-2,4,-3,-3,0,-2,-1,4,1,-3,-1,-2,-2,4,-3,-3,0,-2,-1
8270,resize,5,5,5,1,1,1,-1,-1,-1,-1,-2,4,0,-2,1,0,5,1,-1,-1,-1,-1,-2,4,0,-2,1,0
8271,resize,3,3,3,1,1,1,-4,-1,-3,7,-5,3,-4,-1,0,0,3,1,-4,-1,-3,7,-5,3,-4,-1,0,0
8272,resize,3,3,3,1,1,1,-3,0,-1,4,-4,1,-2,0,0,-1,3,1,-3,0,-1,4,-4,1,-2,0,0,-1
8273,resize,0,0,0,1,1,1,3,-3,-1,0,-1,0,0,-1,0,0,0,1,3,-3,-1,0,-1,0,0,-1,0,0
8274,resize,9,9,9,1,1,1,-2,-2,-2,0,0,-1,-4,1,0,3,9,1,-2,-2,-2,0,0,-1,-4,1,0,3
8275,resize,5,5,5,1,1,1,1,-2,-2,-1,-2,3,2,-3,1,0,5,1,1,-2,-2,-1,-2,3,2,-3,1,0
8276,resize,4,4,4,1,1,1,-3,0,-1,-4,5,-3,-1,-1,-3,-2,4,1,-3,0,-1,-4,5,-3,-1,-1,-3,-2
8277,resize,3,3,3,1,1,1,-2,-1,-1,3,-2,1,-1,-1,2,0,3,1,-2,-1,-1,3,-2,1,-1,-1,2,0
8278,resize,0,0,0,1,1,1,3,-1,1,0,-2,0,0,-1,-1,-1,0,1,3,-1,1,0,-2,0,0,-1,-1,-1
8279,resize,8,8,8,1,1,1,-2,-1,-1,0,0,0,-1,-1,2,0,8,1,-2,-1,-1,0,0,0,-1,-1,2,0
8280,resize,4,4,4,1,1,1,-2,0,-2,-3,4,-2,-2,-1,-1,-1,4,1,-2,0,-2,-3,4,-2,-2,-1,-1,-1
8281,resize,6,6,6,1,1,1,1,-1,0,-2,-1,0,4,-3,-1,-3,6,1,1,-1,0,-2,-1,0,4,-3,-1,-3
8282,resize,7,7,7,1,1,1,-2,0,1,1,-1,-1,-4,3,-1,-2,7,1,-2,0,1,1,-1,-1,-4,3,-1,-2
8283,resize,0,0,0,1,1,1,4,-2,-1,-1,-1,0,1,-1,-2,-1,0,1,4,-2,-1,-1,-1,0,1,-1,-2,-1
8284,resize,7,7,7,1,1,1,-2,-1,0,0,-1,-1,-5,4,-1,-1,7,1,-2,-1,0,0,-1,-1,-5,4,-1,-1
8285,resize,7,7,7,1,1,1,-2,0,0,0,0,-1,-4,3,-1,-1,7,1,-2,0,0,0,0,-1,-4,3,-1,-1
8286,resize,1,1,1,1,1,1,-2,4,-2,-4,-1,0,-2,0,-1,-1,1,1,-2,4,-2,-4,-1,0,-2,0,-1,-1
8287,resize,6,6,6,1,1,1,1,0,-1,-2,0,0,4,-3,-2,-3,6,1,1,0,-1,-2,0,0,4,-3,-2,-3
8288,resize,9,9,9,1,1,1,-2,-2,-3,-1,1,-1,-3,0,0,5,9,1,-2,-2,-3,-1,1,-1,-3,0,0,5
8289,resize,1,1,1,1,1,1,-2,4,-2,-3,-1,-1,-2,0,-1,-2,1,1,-2,4,-2,-3,-1,-1,-2,0,-1,-2
8290,resize,3,3,3,1,1,1,-2,-1,-2,4,-2,2,-2,-1,0,0,3,1,-2,-1,-2,4,-2,2,-2,-1,0,0
8291,resize,6,6,6,1,1,1,0,-1,-1,-2,-1,1,5,-4,-1,-3,6,1,0,-1,-1,-2,-1,1,5,-4,-1,-3
8292,resize,2,2,2,1,1,1,0,1,5,0,-2,-3,-2,0,-2,-3,2,1,0,1,5,0,-2,-3,-2,0,-2,-3
8293,resize,3,3,3,1,1,1,-2,-1,-1,4,-3,2,-3,-1,0,1,3,1,-2,-1,-1,4,-3,2,-3,-1,0,1
8294,resize,8,8,8,1,1,1,-2,-1,-1,-1,0,0,-1,-2,4,1,8,1,-2,-1,-1,-1,0,0,-1,-2,4,1
8295,resize,2,2,2,1,1,1,-3,0,4,1,-2,-1,-1,0,-1,-4,2,1,-3,0,4,1,-2,-1,-1,0,-1,-4
8296,resize,3,3,3,1,1,1,-2,-1,-1,4,-3,1,-2,-1,1,0,3,1,-2,-1,-1,4,-3,1,-2,-1,1,0
8297,resize,8,8,8,1,1,1,-1,-1,0,-1,-2,0,0,-3,5,0,8,1,-1,-1,0,-1,-2,0,0,-3,5,0
8298,resize,9,9,9,1,1,1,-2,-2,-3,-1,0,0,-4,0,-1,4,9,1,-2,-2,-3,-1,0,0,-4,0,-1,4
8299,resize,5,5,5,1,1,1,-1,-2,-2,0,-3,4,0,-2,1,0,5,1,-1,-2,-2,0,-3,4,0,-2,1,0
8300,resize,8,8,8,1,1,1,-1,-2,-1,-1,-3,0,-1,-3,6,0,8,1,-1,-2,-1,-1,-3,0,-1,-3,6,0
8301,resize,8,8,8,1,1,1,-1,-2,-2,-1,-1,0,0,-3,5,0,8,1,-1,-2,-2,-1,-1,0,0,-3,5,0
8302,resize,7,7,7,1,1,1,-3,0,0,0,-1,-1,-4,4,-1,-1,7,1,-3,0,0,0,-1,-1,-4,4,-1,-1
8303,resize,1,1,1,1,1,1,-1,4,-2,-4,-1,0,-1,-1,0,-1,1,1,-1,4,-2,-4,-1,0,-1,-1,0,-1
8304,resize,7,7,7,1,1,1,-1,0,1,0,-2,-1,-4,3,-1,-1,7,1,-1,0,1,0,-2,-1,-4,3,-1,-1
8305,resize,1,1,1,1,1,1,-2,4,-1,-3,-1,0,0,-2,-1,-3,1,1,-2,4,-1,-3,-1,0,0,-2,-1,-3
8306,resize,1,1,1,1,1,1,-2,5,-1,-4,-2,-1,-1,-1,-1,-2,1,1,-2,5,-1,-4,-2,-1,-1,-1,-1,-2
8307,resize,0,0,0,1,1,1,5,-2,0,-1,-1,-1,1,-2,-2,-1,0,1,5,-2,0,-1,-1,-1,1,-2,-2,-1
8308,resize,3,3,3,1,1,1,-3,-1,-2,4,-3,2,-3,-1,0,0,3,1,-3,-1,-2,4,-3,2,-3,-1,0,0
8309,resize,4,4,4,1,1,1,-4,0,-2,-4,5,-2,-3,-2,-2,0,4,1,-4,0,-2,-4,5,-2,-3,-2,-2,0
8310,resize,2,2,2,1,1,1,-1,2,4,-1,-1,-2,-2,0,-2,-4,2,1,-1,2,4,-1,-1,-2,-2,0,-2,-4
8311,resize,6,6,6,1,1,1,0,-1,0,-2,0,1,4,-2,-2,-3,6,1,0,-1,0,-2,0,1,4,-2,-2,-3
8312,resize,4,4,4,1,1,1,-4,-1,-2,-4,5,-2,-4,-1,-2,0,4,1,-4,-1,-2,-4,5,-2,-4,-1,-2,0
8313,resize,7,7,7,1,1,1,-2,0,0,0,-1,-1,-5,4,-1,-1,7,1,-2,0,0,0,-1,-1,-5,4,-1,-1
8314,resize,4,4,4,1,1,1,-3,0,-2,-3,5,-2,-1,-1,-2,-1,4,1,-3,0,-2,-3,5,-2,-1,-1,-2,-1
8315,resize,2,2,2,1,1,1,0,0,4,0,-3,-2,-1,-1,-1,-3,2,1,0,0,4,0,-3,-2,-1,-1,-1,-3
8316,resize,7,7,7,1,1,1,-1,0,2,1,-2,-2,-4,3,0,-2,7,1,-1,0,2,1,-2,-2,-4,3,0,-2
8317,resize,4,4,4,1,1,1,-3,-1,-2,-3,4,-2,-3,0,-1,1,4,1,-3,-1,-2,-3,4,-2,-3,0,-1,1
8318,resize,2,2,2,1,1,1,0,0,3,0,-3,-1,0,-1,0,-2,2,1,0,0,3,0,-3,-1,0,-1,0,-2
8319,resize,9,9,9,1,1,1,-2,-2,-2,0,0,0,-3,0,-1,4,9,1,-2,-2,-2,0,0,0,-3,0,-1,4
8320,resize,2,2,2,1,1,1,-2,1,5,0,-2,-2,-2,0,-1,-4,2,1,-2,1,5,0,-2,-2,-2,0,-1,-4
8321,resize,7,7,7,1,1,1,-1,0,1,-1,-1,-1,-5,4,-2,0,7,1,-1,0,1,-1,-1,-1,-5,4,-2,0
8322,resize,9,9,9,1,1,1,-2,-2,-2,-2,1,-2,-4,1,-1,4,9,1,-2,-2,-2,-2,1,-2,-4,1,-1,4
8323,resize,2,2,2,1,1,1,2,-1,3,0,-4,-2,-1,-1,1,-2,2,1,2,-1,3,0,-4,-2,-1,-1,1,-2
8324,resize,1,1,1,1,1,1,-2,4,-2,-4,-1,0,-1,0,-2,-2,1,1,-2,4,-2,-4,-1,0,-1,0,-2,-2
8325,resize,0,6,6,0,0,1,1,-1,-1,0,0,1,2,-2,-1,-1,6,1,1,-1,-1,0,0,1,2,-2,-1,-1
8326,resize,6,6,6,1,1,1,1,0,2,-3,-1,0,3,-3,-2,-4,6,1,1,0,2,-3,-1,0,3,-3,-2,-4
8327,resize,5,5,3,1,0,0,-1,-1,-2,3,-3,3,-2,-1,1,0,3,1,-1,-1,-2,3,-3,3,-2,-1,1,0
8328,resize,3,3,3,1,1,1,-4,-1,-2,7,-5,2,-4,-1,0,-1,3,1,-4,-1,-2,7,-5,2,-4,-1,0,-1
8329,resize,4,4,4,1,1,1,0,-1,-2,-2,3,-1,0,-1,-2,-1,4,1,0,-1,-2,-2,3,-1,0,-1,-2,-1
8330,resize,8,8,8,1,1,1,-1,-1,0,-1,-2,1,-1,-2,4,0,8,1,-1,-1,0,-1,-2,1,-1,-2,4,0
8331,resize,5,5,5,1,1,1,-1,-1,-2,1,-2,4,0,-2,1,0,5,1,-1,-1,-2,1,-2,4,0,-2,1,0
8332,resize,9,9,9,1,1,1,-1,-1,-1,-1,1,-1,-3,0,0,2,9,1,-1,-1,-1,-1,1,-1,-3,0,0,2
8333,resize,6,6,6,1,1,1,1,-1,-3,-3,0,0,5,-3,-2,-2,6,1,1,-1,-3,-3,0,0,5,-3,-2,-2
8334,resize,9,9,9,1,1,1,-2,-2,-3,-1,1,-1,-5,-1,-1,4,9,1,-2,-2,-3,-1,1,-1,-5,-1,-1,4
8335,resize,0,0,0,1,1,1,4,-2,-2,-1,-1,1,2,-2,-1,-1,0,1,4,-2,-2,-1,-1,1,2,-2,-1,-1
8336,resize,6,6,6,1,1,1,0,0,0,-2,-1,0,4,-4,-2,-4,6,1,0,0,0,-2,-1,0,4,-4,-2,-4
8337,resize,3,3,3,1,1,1,-4,0,-2,5,-4,1,-3,0,0,-1,3,1,-4,0,-2,5,-4,1,-3,0,0,-1
8338,resize,0,0,0,1,1,1,4,-2,-1,-1,-1,-1,1,-1,-2,0,0,1,4,-2,-1,-1,-1,-1,1,-1,-2,0
8339,resize,8,8,8,1,1,1,-2,-1,0,-1,0,0,0,-2,3,-1,8,1,-2,-1,0,-1,0,0,0,-2,3,-1
8340,resize,1,1,1,1,1,1,-2,4,-1,-3,-1,-1,-2,0,0,-2,1,1,-2,4,-1,-3,-1,-1,-2,0,0,-2
8341,resize,6,6,6,1,1,1,0,-1,-1,-2,-2,1,6,-4,-1,-4,6,1,0,-1,-1,-2,-2,1,6,-4,-1,-4
8342,resize,0,0,0,1,1,1,5,-3,0,-1,-3,-1,1,-2,-1,-1,0,1,5,-3,0,-1,-3,-1,1,-2,-1,-1
8343,resize,0,0,0,1,1,1,5,-2,0,-2,-2,-1,1,-1,-1,-1,0,1,5,-2,0,-2,-2,-1,1,-1,-1,-1
8344,resize,1,1,1,1,1,1,-1,3,-1,-2,-2,-1,-2,0,0,-2,1,1,-1,3,-1,-2,-2,-1,-2,0,0,-2
8345,resize,2,2,2,1,1,1,-1,1,6,0,-2,-3,-2,0,-2,-5,2,1,-1,1,6,0,-2,-3,-2,0,-2,-5
8346,resize,3,3,3,1,1,1,-3,-1,-2,6,-4,2,-4,-1,0,0,3,1,-3,-1,-2,6,-4,2,-4,-1,0,0
8347,resize,4,4,4,1,1,1,-3,-1,-1,-3,4,-2,-4,0,-2,1,4,1,-3,-1,-1,-3,4,-2,-4,0,-2,1
8348,resize,5,5,5,1,1,1,-2,-1,-2,-1,-2,5,1,-2,1,0,5,1,-2,-1,-2,-1,-2,5,1,-2,1,0
8349,resize,6,6,6,1,1,1,0,-1,-2,-3,-1,1,5,-4,-1,-3,6,1,0,-1,-2,-3,-1,1,5,-4,-1,-3
8350,resize,7,7,7,1,1,1,-2,0,-1,0,-1,-1,-5,4,-1,-1,7,1,-2,0,-1,0,-1,-1,-5,4,-1,-1
8351,resize,0,0,0,1,1,1,3,-2,-1,0,-2,0,1,-2,-1,0,0,1,3,-2,-1,0,-2,0,1,-2,-1,0
8352,resize,1,1,1,1,1,1,0,3,-1,-2,-1,-1,-1,-1,0,-1,1,1,0,3,-1,-2,-1,-1,-1,-1,0,-1
8353,resize,2,2,2,1,1,1,-1,2,4,-2,0,-2,-2,-1,-3,-3,2,1,-1,2,4,-2,0,-2,-2,-1,-3,-3
8354,resize,3,3,3,1,1,1,-3,-1,-2,5,-3,2,-3,-2,0,0,3,1,-3,-1,-2,5,-3,2,-3,-2,0,0
8355,resize,4,4,4,1,1,1,-3,0,-1,-3,4,-2,-3,-1,-1,-1,4,1,-3,0,-1,-3,4,-2,-3,-1,-1,-1
8356,resize,7,7,7,1,1,1,-2,-1,-1,0,0,-2,-5,5,-1,-1,7,1,-2,-1,-1,0,0,-2,-5,5,-1,-1
8357,resize,8,8,8,1,1,1,-1,-2,-2,0,-2,1,0,-4,6,-1,8,1,-1,-2,-2,0,-2,1,0,-4,6,-1
8358,resize,9,9,9,1,1,1,-3,-1,-3,-1,0,0,-4,0,-2,3,9,1,-3,-1,-3,-1,0,0,-4,0,-2,3
8359,resize,0,0,0,1,1,1,5,-3,-1,-2,-3,-1,1,-1,0,-1,0,1,5,-3,-1,-2,-3,-1,1,-1,0,-1
8360,resize,1,1,1,1,1,1,-1,3,-2,-2,-1,0,-1,0,0,-1,1,1,-1,3,-2,-2,-1,0,-1,0,0,-1
8361,resize,2,2,2,1,1,1,-1,2,4,-1,-1,-2,-2,0,-2,-4,2,1,-1,2,4,-1,-1,-2,-2,0,-2,-4
8362,resize,3,3,3,1,1,1,-3,-1,-2,5,-4,3,-3,-1,0,0,3,1,-3,-1,-2,5,-4,3,-3,-1,0,0
8363,resize,4,4,4,1,1,1,-3,-2,-2,-3,5,-2,-4,0,-1,0,4,1,-3,-2,-2,-3,5,-2,-4,0,-1,0
8364,resize,7,7,7,1,1,1,-2,0,0,1,-1,-1,-5,3,-1,0,7,1,-2,0,0,1,-1,-1,-5,3,-1,0
8365,resize,2,2,2,1,1,1,-2,1,6,0,-2,-4,-2,-1,-1,-4,2,1,-2,1,6,0,-2,-4,-2,-1,-1,-4
8366,resize,5,5,5,1,1,1,-2,-1,-2,-1,-2,6,0,-2,1,1,5,1,-2,-1,-2,-1,-2,6,0,-2,1,1
8367,resize,1,1,1,1,1,1,-1,3,0,-3,-2,-1,-1,-1,-1,-2,1,1,-1,3,0,-3,-2,-1,-1,-1,-1,-2
8368,resize,6,6,6,1,1,1,0,-1,-3,-3,-1,2,6,-4,-1,-3,6,1,0,-1,-3,-3,-1,2,6,-4,-1,-3
8369,resize,4,4,4,1,1,1,-3,0,-1,-2,3,-2,-2,-1,-1,-1,4,1,-3,0,-1,-2,3,-2,-2,-1,-1,-1
8370,resize,3,3,3,1,1,1,-4,-1,-2,7,-6,2,-4,-2,0,-1,3,1,-4,-1,-2,7,-6,2,-4,-2,0,-1
8371,resize,9,9,9,1,1,1,-2,-3,-2,0,-1,0,-4,0,-1,4,9,1,-2,-3,-2,0,-1,0,-4,0,-1,4
8372,resize,9,9,9,1,1,1,-2,-2,-3,-1,1,-2,-6,1,-2,4,9,1,-2,-2,-3,-1,1,-2,-6,1,-2,4
8373,resize,0,0,0,1,1,1,5,-3,0,-1,-3,-1,1,-2,-1,-1,0,1,5,-3,0,-1,-3,-1,1,-2,-1,-1
8374,resize,9,9,9,1,1,1,-1,-1,-1,-1,0,-2,-3,1,0,3,9,1,-1,-1,-1,-1,0,-2,-3,1,0,3
8375,resize,7,7,7,1,1,1,-2,-1,-1,0,0,-1,-4,3,-1,0,7,1,-2,-1,-1,0,0,-1,-4,3,-1,0
8376,resize,1,1,1,1,1,1,-3,2,-1,-2,0,-1,-1,0,-1,0,1,1,-3,2,-1,-2,0,-1,-1,0,-1,0
8377,resize,6,6,6,1,1,1,1,-1,-2,-3,-1,2,5,-4,-1,-3,6,1,1,-1,-2,-3,-1,2,5,-4,-1,-3
8378,resize,4,4,4,1,1,1,-4,0,-2,-4,5,-2,-4,-1,-1,0,4,1,-4,0,-2,-4,5,-2,-4,-1,-1,0
8379,resize,3,3,3,1,1,1,-2,-1,-1,4,-3,1,-2,-1,1,0,3,1,-2,-1,-1,4,-3,1,-2,-1,1,0
8380,resize,6,6,6,1,1,1,-1,-2,-4,-3,0,2,6,-3,-1,-3,6,1,-1,-2,-4,-3,0,2,6,-3,-1,-3
8381,resize,2,2,2,1,1,1,-1,2,5,-1,-2,-2,-2,0,-3,-4,2,1,-1,2,5,-1,-2,-2,-2,0,-3,-4
8382,resize,0,0,0,1,1,1,2,-1,1,1,-3,1,-1,-1,-1,-2,0,1,2,-1,1,1,-3,1,-1,-1,-1,-2
8383,resize,9,9,9,1,1,1,-2,-1,-1,-1,0,-1,-3,0,-1,3,9,1,-2,-1,-1,-1,0,-1,-3,0,-1,3
8384,resize,8,8,8,1,1,1,-1,-2,-2,0,-3,1,-1,-3,6,-1,8,1,-1,-2,-2,0,-3,1,-1,-3,6,-1
8385,resize,6,6,6,1,1,1,1,-1,-2,-3,-1,1,5,-4,-2,-3,6,1,1,-1,-2,-3,-1,1,5,-4,-2,-3
8386,resize,5,5,5,1,1,1,-2,0,-2,-2,-1,4,1,-2,1,0,5,1,-2,0,-2,-2,-1,4,1,-2,1,0
8387,resize,7,7,7,1,1,1,-1,0,-1,0,-1,-1,-4,3,-1,-1,7,1,-1,0,-1,0,-1,-1,-4,3,-1,-1
8388,resize,0,0,0,1,1,1,5,-3,0,-2,-3,-1,0,-1,0,-1,0,1,5,-3,0,-2,-3,-1,0,-1,0,-1
8389,resize,0,0,0,1,1,1,4,-2,0,-1,-2,-1,1,-1,0,-1,0,1,4,-2,0,-1,-2,-1,1,-1,0,-1
8390,resize,1,1,1,1,1,1,-2,4,-2,-3,-1,-1,-2,0,-1,-1,1,1,-2,4,-2,-3,-1,-1,-2,0,-1,-1
8391,resize,7,7,7,1,1,1,-1,0,0,0,0,-1,-2,2,-1,-1,7,1,-1,0,0,0,0,-1,-2,2,-1,-1
8392,resize,4,4,4,1,1,1,-4,0,-1,-2,4,-2,-2,-1,0,-2,4,1,-4,0,-1,-2,4,-2,-2,-1,0,-2
8393,resize,3,3,3,1,1,1,-3,-1,-1,6,-4,1,-3,-1,1,0,3,1,-3,-1,-1,6,-4,1,-3,-1,1,0
8394,resize,2,2,2,1,1,1,-2,2,6,0,-3,-3,-2,1,-2,-5,2,1,-2,2,6,0,-3,-3,-2,1,-2,-5
8395,resize,4,4,4,1,1,1,-3,-1,-2,-2,4,-2,-3,0,-2,-1,4,1,-3,-1,-2,-2,4,-2,-3,0,-2,-1
8396,resize,1,1,1,1,1,1,-1,3,0,-2,-2,0,-1,0,0,-2,1,1,-1,3,0,-2,-2,0,-1,0,0,-2
8397,resize,3,3,3,1,1,1,-1,-1,-2,4,-3,3,-2,-1,0,0,3,1,-1,-1,-2,4,-3,3,-2,-1,0,0
8398,resize,7,7,7,1,1,1,-2,0,0,0,-1,-1,-4,3,-1,-1,7,1,-2,0,0,0,-1,-1,-4,3,-1,-1
8399,resize,6,6,6,1,1,1,-1,-1,-2,-3,-1,2,6,-4,-1,-4,6,1,-1,-1,-2,-3,-1,2,6,-4,-1,-4
8400,resize,4,4,4,1,1,1,-3,0,0,-3,4,-2,-4,-1,-1,-1,4,1,-3,0,0,-3,4,-2,-4,-1,-1,-1
8401,resize,7,7,7,1,1,1,-2,0,0,0,0,-1,-4,3,-1,0,7,1,-2,0,0,0,0,-1,-4,3,-1,0
8402,resize,7,7,7,1,1,1,-2,0,-1,-1,-1,-1,-4,4,-1,-1,7,1,-2,0,-1,-1,-1,-1,-4,4,-1,-1
8403,resize,7,7,7,1,1,1,-2,0,-1,-1,-1,-2,-5,4,-1,-1,7,1,-2,0,-1,-1,-1,-2,-5,4,-1,-1
8404,resize,9,9,9,1,1,1,-2,-3,-2,0,0,-1,-5,1,-2,4,9,1,-2,-3,-2,0,0,-1,-5,1,-2,4
8405,resize,8,8,8,1,1,1,-1,-2,-2,0,-1,1,-1,-2,4,0,8,1,-1,-2,-2,0,-1,1,-1,-2,4,0
8406,resize,4,4,4,1,1,1,-3,-1,-2,-3,3,-3,-5,0,0,2,4,1,-3,-1,-2,-3,3,-3,-5,0,0,2
8407,resize,3,3,3,1,1,1,-4,-1,-1,6,-5,2,-3,-1,0,0,3,1,-4,-1,-1,6,-5,2,-3,-1,0,0
8408,resize,8,8,2,1,0,0,-1,0,1,0,-2,1,1,-2,1,-3,2,1,-1,0,1,0,-2,1,1,-2,1,-3
8409,resize,2,2,2,1,1,1,-2,1,6,0,-2,-2,-2,-1,-1,-4,2,1,-2,1,6,0,-2,-2,-2,-1,-1,-4
8410,resize,8,8,8,1,1,1,-2,-1,-2,-2,-1,3,1,-2,4,-1,8,1,-2,-1,-2,-2,-1,3,1,-2,4,-1
8411,resize,3,3,3,1,1,1,-3,-1,-2,6,-5,2,-3,-2,1,0,3,1,-3,-1,-2,6,-5,2,-3,-2,1,0
8412,resize,5,5,5,1,1,1,-1,-1,-2,1,-2,3,0,-1,0,-1,5,1,-1,-1,-2,1,-2,3,0,-1,0,-1
8413,resize,8,8,8,1,1,1,-1,-2,-2,0,-3,1,1,-3,5,-2,8,1,-1,-2,-2,0,-3,1,1,-3,5,-2
8414,resize,0,0,0,1,1,1,4,-2,1,-2,-2,-2,1,-2,-1,-1,0,1,4,-2,1,-2,-2,-2,1,-2,-1,-1
8415,resize,5,5,5,1,1,1,-1,-2,-3,0,-2,5,0,-2,0,1,5,1,-1,-2,-3,0,-2,5,0,-2,0,1
8416,resize,4,4,4,1,1,1,-4,-1,-2,-3,4,-2,-3,-1,0,0,4,1,-4,-1,-2,-3,4,-2,-3,-1,0,0
8417,resize,7,7,7,1,1,1,-2,-1,-1,0,0,-2,-5,4,-1,0,7,1,-2,-1,-1,0,0,-2,-5,4,-1,0
8418,resize,1,1,1,1,1,1,-2,3,-1,-2,-1,-1,-2,0,0,-1,1,1,-2,3,-1,-2,-1,-1,-2,0,0,-1
8419,resize,3,3,3,1,1,1,-4,0,-1,5,-3,1,-3,0,0,-1,3,1,-4,0,-1,5,-3,1,-3,0,0,-1
8420,resize,1,1,1,1,1,1,-2,4,-1,-4,-2,-1,0,-1,-1,-2,1,1,-2,4,-1,-4,-2,-1,0,-1,-1,-2
8421,resize,7,7,7,1,1,1,-2,0,1,0,-1,-2,-5,4,-1,-1,7,1,-2,0,1,0,-1,-2,-5,4,-1,-1
8422,resize,9,9,9,1,1,1,-2,-2,-3,0,-1,0,-5,0,-2,4,9,1,-2,-2,-3,0,-1,0,-5,0,-2,4
8423,resize,6,6,6,1,1,1,1,-1,-3,-2,-1,1,5,-4,-1,-2,6,1,1,-1,-3,-2,-1,1,5,-4,-1,-2
8424,resize,2,2,2,1,1,1,-2,1,7,0,-2,-4,-3,-1,-1,-4,2,1,-2,1,7,0,-2,-4,-3,-1,-1,-4
8425,resize,0,0,0,1,1,1,4,-2,0,-3,-2,-1,2,-2,0,-1,0,1,4,-2,0,-3,-2,-1,2,-2,0,-1
8426,resize,9,9,9,1,1,1,0,-2,-2,0,1,-1,-4,1,-1,3,9,1,0,-2,-2,0,1,-1,-4,1,-1,3
8427,resize,1,1,1,1,1,1,-1,3,-1,-3,-1,-1,-1,-1,0,-1,1,1,-1,3,-1,-3,-1,-1,-1,-1,0,-1
8428,resize,7,7,7,1,1,1,-2,-1,-2,0,-1,-1,-6,4,-1,0,7,1,-2,-1,-2,0,-1,-1,-6,4,-1,0
8429,resize,3,3,3,1,1,1,-2,-2,-3,5,-4,3,-4,-1,0,2,3,1,-2,-2,-3,5,-4,3,-4,-1,0,2
8430,resize,3,3,3,1,1,1,-3,-1,-1,5,-4,2,-3,-2,1,1,3,1,-3,-1,-1,5,-4,2,-3,-2,1,1
8431,resize,9,9,9,1,1,1,-2,-2,-1,0,0,0,-4,0,-1,3,9,1,-2,-2,-1,0,0,0,-4,0,-1,3
8432,resize,1,1,1,1,1,1,-2,4,-2,-4,-1,-1,-1,-1,0,-2,1,1,-2,4,-2,-4,-1,-1,-1,-1,0,-2
8433,resize,6,6,6,1,1,1,1,-1,-3,-3,0,1,6,-4,-2,-3,6,1,1,-1,-3,-3,0,1,6,-4,-2,-3
8434,resize,4,4,4,1,1,1,-3,-2,-1,-3,5,-3,-4,0,-1,0,4,1,-3,-2,-1,-3,5,-3,-4,0,-1,0
8435,resize,3,3,3,1,1,1,-1,-1,-2,5,-4,2,-2,-1,0,-1,3,1,-1,-1,-2,5,-4,2,-2,-1,0,-1
8436,resize,9,9,9,1,1,1,-2,-2,-1,-1,0,-1,-5,0,-1,4,9,1,-2,-2,-1,-1,0,-1,-5,0,-1,4
8437,resize,8,8,8,1,1,1,-1,-2,-1,-2,-3,1,0,-4,7,0,8,1,-1,-2,-1,-2,-3,1,0,-4,7,0
8438,resize,2,2,2,1,1,1,0,0,5,0,-2,-3,-1,-1,-1,-4,2,1,0,0,5,0,-2,-3,-1,-1,-1,-4
8439,resize,1,1,1,1,1,1,-2,3,-1,-2,-1,-1,-1,0,-1,-2,1,1,-2,3,-1,-2,-1,-1,-1,0,-1,-2
8440,resize,8,8,8,1,1,1,-1,-2,-1,-2,-2,1,1,-4,6,-1,8,1,-1,-2,-1,-2,-2,1,1,-4,6,-1
8441,resize,6,6,6,1,1,1,0,-1,-3,-3,0,1,6,-4,-1,-3,6,1,0,-1,-3,-3,0,1,6,-4,-1,-3
8442,resize,4,4,4,1,1,1,-1,0,-1,-3,4,-2,-1,-1,-2,0,4,1,-1,0,-1,-3,4,-2,-1,-1,-2,0
8443,resize,1,1,1,1,1,1,-1,4,-1,-4,-2,-1,0,-1,0,-3,1,1,-1,4,-1,-4,-2,-1,0,-1,0,-3
8444,resize,5,5,5,1,1,1,-2,-1,-1,0,0,3,-1,-1,-1,0,5,1,-2,-1,-1,0,0,3,-1,-1,-1,0
8445,resize,5,5,5,1,1,1,-1,-1,-1,0,-2,3,0,-2,1,0,5,1,-1,-1,-1,0,-2,3,0,-2,1,0
8446,resize,6,6,6,1,1,1,-1,-1,-2,-3,-1,1,7,-5,0,-4,6,1,-1,-1,-2,-3,-1,1,7,-5,0,-4
8447,resize,5,5,5,1,1,1,-1,-1,-2,1,-3,5,0,-1,0,0,5,1,-1,-1,-2,1,-3,5,0,-1,0,0
8448,resize,0,0,0,1,1,1,6,-3,-1,-1,-3,0,1,-2,-1,-1,0,1,6,-3,-1,-1,-3,0,1,-2,-1,-1
8449,resize,1,1,1,1,1,1,-3,4,-1,-3,0,-1,-2,0,-1,0,1,1,-3,4,-1,-3,0,-1,-2,0,-1,0
8450,resize,2,2,2,1,1,1,-1,1,6,0,-3,-3,-2,0,-2,-5,2,1,-1,1,6,0,-3,-3,-2,0,-2,-5
8451,resize,3,3,3,1,1,1,-3,-1,-1,6,-4,1,-3,-1,0,-1,3,1,-3,-1,-1,6,-4,1,-3,-1,0,-1
8452,resize,4,4,4,1,1,1,-4,0,-1,-4,5,-3,-4,0,-4,-2,4,1,-4,0,-1,-4,5,-3,-4,0,-4,-2
8453,resize,5,5,5,1,1,1,-3,-2,-3,0,-1,6,0,-3,0,2,5,1,-3,-2,-3,0,-1,6,0,-3,0,2
8454,resize,6,6,6,1,1,1,-1,-1,-3,-3,0,1,7,-3,0,-4,6,1,-1,-1,-3,-3,0,1,7,-3,0,-4
8455,resize,7,7,7,1,1,1,-2,0,1,0,-1,-1,-5,4,-1,-1,7,1,-2,0,1,0,-1,-1,-5,4,-1,-1
8456,resize,8,8,8,1,1,1,-1,-2,-1,-1,-1,-1,0,-3,4,-1,8,1,-1,-2,-1,-1,-1,-1,0,-3,4,-1
8457,resize,9,9,9,1,1,1,-1,-3,-1,0,0,0,-4,1,-1,4,9,1,-1,-3,-1,0,0,0,-4,1,-1,4
8458,resize,0,0,0,1,1,1,5,-2,-1,-1,-2,1,2,-2,-1,-1,0,1,5,-2,-1,-1,-2,1,2,-2,-1,-1
8459,resize,1,1,1,1,1,1,-2,4,-1,-3,0,-2,-2,0,-1,-1,1,1,-2,4,-1,-3,0,-2,-2,0,-1,-1
8460,resize,2,2,2,1,1,1,0,0,5,1,-3,-3,-2,0,-2,-3,2,1,0,0,5,1,-3,-3,-2,0,-2,-3
8461,resize,3,3,3,1,1,1,-3,-1,-2,6,-5,2,-4,-2,1,0,3,1,-3,-1,-2,6,-5,2,-4,-2,1,0
8462,resize,4,4,4,1,1,1,-4,0,-2,-5,6,-3,-3,-1,-2,-2,4,1,-4,0,-2,-5,6,-3,-3,-1,-2,-2
8463,resize,5,5,5,1,1,1,-2,-2,-4,1,-3,6,-1,-2,0,0,5,1,-2,-2,-4,1,-3,6,-1,-2,0,0
8464,resize,6,6,6,1,1,1,0,-2,-4,-3,-1,2,7,-4,-1,-4,6,1,0,-2,-4,-3,-1,2,7,-4,-1,-4
8465,resize,7,7,7,1,1,1,-2,1,1,0,-1,-1,-4,4,-1,-1,7,1,-2,1,1,0,-1,-1,-4,4,-1,-1
8466,resize,8,8,8,1,1,1,-2,-2,-1,0,-1,-1,-2,-3,5,1,8,1,-2,-2,-1,0,-1,-1,-2,-3,5,1
8467,resize,9,9,9,1,1,1,-1,-2,-2,0,0,-1,-4,0,-2,4,9,1,-1,-2,-2,0,0,-1,-4,0,-2,4
8468,resize,0,0,0,1,1,1,5,-3,-2,-1,-2,0,1,-2,-1,0,0,1,5,-3,-2,-1,-2,0,1,-2,-1,0
8469,resize,1,1,1,1,1,1,-3,3,-2,-1,0,0,-2,0,-1,0,1,1,-3,3,-2,-1,0,0,-2,0,-1,0
8470,resize,2,2,2,1,1,1,-1,1,6,0,-2,-3,-2,0,-2,-5,2,1,-1,1,6,0,-2,-3,-2,0,-2,-5
8471,resize,3,3,3,1,1,1,-4,0,-1,6,-5,1,-3,-1,0,-1,3,1,-4,0,-1,6,-5,1,-3,-1,0,-1
8472,resize,4,4,4,1,1,1,-3,0,0,-2,3,-2,-3,0,-2,0,4,1,-3,0,0,-2,3,-2,-3,0,-2,0
8473,resize,5,5,5,1,1,1,-4,-2,-5,1,-2,7,-1,-2,-1,2,5,1,-4,-2,-5,1,-2,7,-1,-2,-1,2
8474,resize,6,6,6,1,1,1,0,-1,-3,-3,-1,2,6,-3,-1,-3,6,1,0,-1,-3,-3,-1,2,6,-3,-1,-3
8475,resize,7,7,7,1,1,1,-3,0,1,0,0,-2,-5,4,-1,-1,7,1,-3,0,1,0,0,-2,-5,4,-1,-1
8476,resize,8,8,8,1,1,1,-2,-1,0,0,-2,0,0,-3,5,-1,8,1,-2,-1,0,0,-2,0,0,-3,5,-1
8477,resize,9,9,9,1,1,1,-1,-3,-2,1,-1,-1,-5,0,0,4,9,1,-1,-3,-2,1,-1,-1,-5,0,0,4
8478,resize,6,6,6,1,1,1,0,-1,-3,-2,0,1,6,-3,-1,-3,6,1,0,-1,-3,-2,0,1,6,-3,-1,-3
8479,resize,9,9,9,1,1,1,-2,-2,-2,0,0,-1,-4,0,-1,4,9,1,-2,-2,-2,0,0,-1,-4,0,-1,4
8480,resize,7,7,7,1,1,1,-2,0,1,1,-1,-1,-5,4,-1,-1,7,1,-2,0,1,1,-1,-1,-5,4,-1,-1
8481,resize,0,0,0,1,1,1,4,-2,0,-1,-3,1,1,-2,0,0,0,1,4,-2,0,-1,-3,1,1,-2,0,0
8482,resize,2,2,2,1,1,1,-1,1,5,0,-2,-3,-2,0,-1,-4,2,1,-1,1,5,0,-2,-3,-2,0,-1,-4
8483,resize,3,3,3,1,1,1,-4,-1,-1,6,-4,1,-3,-1,0,-1,3,1,-4,-1,-1,6,-4,1,-3,-1,0,-1
8484,resize,4,4,4,1,1,1,-3,-1,-1,-4,5,-3,-4,0,-3,0,4,1,-3,-1,-1,-4,5,-3,-4,0,-3,0
8485,resize,3,3,3,1,1,1,-2,-1,0,4,-4,0,-3,-1,1,-1,3,1,-2,-1,0,4,-4,0,-3,-1,1,-1
8486,resize,8,8,8,1,1,1,-1,-2,0,1,-3,-1,-2,-3,4,1,8,1,-1,-2,0,1,-3,-1,-2,-3,4,1
8487,resize,5,5,5,1,1,1,-3,-1,-3,-1,-1,6,1,-2,1,-1,5,1,-3,-1,-3,-1,-1,6,1,-2,1,-1
8488,resize,1,1,1,1,1,1,-2,4,-2,-3,-1,-1,-1,-1,-1,-1,1,1,-2,4,-2,-3,-1,-1,-1,-1,-1,-1
8489,resize,3,3,3,1,1,1,-3,0,-1,5,-4,1,-3,0,0,-1,3,1,-3,0,-1,5,-4,1,-3,0,0,-1
8490,resize,0,0,0,1,1,1,4,-3,-2,-1,-1,1,1,-1,-1,0,0,1,4,-3,-2,-1,-1,1,1,-1,-1,0
8491,resize,1,1,1,1,1,1,-2,2,0,-1,-1,-1,-2,1,-1,-1,1,1,-2,2,0,-1,-1,-1,-2,1,-1,-1
8492,resize,2,2,2,1,1,1,0,1,6,0,-2,-3,-2,0,-2,-5,2,1,0,1,6,0,-2,-3,-2,0,-2,-5
8493,resize,1,1,1,1,1,1,-2,3,-1,-2,0,-1,-2,0,0,0,1,1,-2,3,-1,-2,0,-1,-2,0,0,0
8494,resize,3,3,3,1,1,1,-3,0,-2,5,-3,2,-3,-1,-1,0,3,1,-3,0,-2,5,-3,2,-3,-1,-1,0
8495,resize,2,2,2,1,1,1,-1,1,5,0,-2,-3,-1,0,-1,-4,2,1,-1,1,5,0,-2,-3,-1,0,-1,-4
8496,resize,0,0,0,1,1,1,4,-2,-1,-1,-1,-1,1,-1,-1,-1,0,1,4,-2,-1,-1,-1,-1,1,-1,-1,-1
8497,resize,7,7,7,1,1,1,-2,0,0,1,-1,-1,-3,3,0,-2,7,1,-2,0,0,1,-1,-1,-3,3,0,-2
8498,resize,2,2,2,1,1,1,-1,1,5,0,-3,-3,-2,0,-1,-4,2,1,-1,1,5,0,-3,-3,-2,0,-1,-4
8499,resize,6,6,6,1,1,1,0,-1,-3,-2,0,1,5,-2,-1,-3,6,1,0,-1,-3,-2,0,1,5,-2,-1,-3
8500,resize,4,4,4,1,1,1,-5,-1,-1,-5,7,-3,-5,0,-4,-1,4,1,-5,-1,-1,-5,7,-3,-5,0,-4,-1
8501,resize,0,0,0,1,1,1,4,-2,-2,-1,-1,-1,1,-2,-1,0,0,1,4,-2,-2,-1,-1,-1,1,-2,-1,0
8502,resize,5,5,5,1,1,1,-2,-1,-2,1,-1,5,-1,-2,0,1,5,1,-2,-1,-2,1,-1,5,-1,-2,0,1
8503,resize,9,9,9,1,1,1,-2,-2,-2,-1,1,0,-3,0,-1,4,9,1,-2,-2,-2,-1,1,0,-3,0,-1,4
8504,resize,9,9,9,1,1,1,-2,-2,-2,1,-1,2,-2,-1,-1,3,9,1,-2,-2,-2,1,-1,2,-2,-1,-1,3
8505,resize,8,8,8,1,1,1,0,-2,-1,0,-2,1,0,-3,5,-1,8,1,0,-2,-1,0,-2,1,0,-3,5,-1
8506,resize,9,9,9,1,1,1,-3,-2,-4,-2,1,-2,-5,-1,-2,5,9,1,-3,-2,-4,-2,1,-2,-5,-1,-2,5
8507,resize,5,5,5,1,1,1,-2,-1,-3,-1,-1,6,1,-2,1,0,5,1,-2,-1,-3,-1,-1,6,1,-2,1,0
8508,resize,3,3,3,1,1,1,-1,-1,-1,4,-4,3,-3,-1,0,1,3,1,-1,-1,-1,4,-4,3,-3,-1,0,1
8509,resize,1,1,1,1,1,1,-2,2,0,-2,0,-1,-2,1,-1,0,1,1,-2,2,0,-2,0,-1,-2,1,-1,0
8510,resize,7,7,7,1,1,1,-1,1,1,1,-1,-1,-3,2,0,-2,7,1,-1,1,1,1,-1,-1,-3,2,0,-2
8511,resize,4,4,4,1,1,1,-3,0,-1,-3,4,-3,-4,0,-3,0,4,1,-3,0,-1,-3,4,-3,-4,0,-3,0
8512,resize,7,7,7,1,1,1,-2,1,2,1,-2,-2,-4,3,-2,-2,7,1,-2,1,2,1,-2,-2,-4,3,-2,-2
8513,resize,0,0,0,1,1,1,3,-2,-2,0,-2,1,1,-1,0,-1,0,1,3,-2,-2,0,-2,1,1,-1,0,-1
8514,resize,0,0,0,1,1,1,5,-2,0,0,-3,0,0,-2,0,-1,0,1,5,-2,0,0,-3,0,0,-2,0,-1
8515,resize,6,6,6,1,1,1,-1,-1,-2,-2,0,2,4,-2,1,-2,6,1,-1,-1,-2,-2,0,2,4,-2,1,-2
8516,resize,6,6,6,1,1,1,-1,-1,-2,-2,0,1,5,-3,1,-3,6,1,-1,-1,-2,-2,0,1,5,-3,1,-3
8517,resize,6,6,6,1,1,1,-1,-1,-2,-2,0,1,5,-2,0,-4,6,1,-1,-1,-2,-2,0,1,5,-2,0,-4
8518,resize,3,3,3,1,1,1,-3,-1,-2,6,-5,2,-4,-1,0,0,3,1,-3,-1,-2,6,-5,2,-4,-1,0,0
8519,resize,7,7,7,1,1,1,-2,1,0,1,-2,-1,-4,2,0,-1,7,1,-2,1,0,1,-2,-1,-4,2,0,-1
8520,resize,4,4,4,1,1,1,-4,0,-1,-4,4,-2,-4,-1,0,2,4,1,-4,0,-1,-4,4,-2,-4,-1,0,2
8521,resize,2,2,2,1,1,1,-1,1,5,0,-2,-3,-3,0,-1,-3,2,1,-1,1,5,0,-2,-3,-3,0,-1,-3
8522,resize,8,8,8,1,1,1,-1,-1,0,-2,-1,0,0,-2,4,-1,8,1,-1,-1,0,-2,-1,0,0,-2,4,-1
8523,resize,9,9,9,1,1,1,-3,-1,-1,-1,1,0,-2,-1,1,3,9,1,-3,-1,-1,-1,1,0,-2,-1,1,3
8524,resize,8,8,8,1,1,1,-1,-1,-1,-1,0,-1,-1,-3,4,1,8,1,-1,-1,-1,-1,0,-1,-1,-3,4,1
8525,resize,7,7,2,1,0,0,-1,0,2,1,-2,-1,-4,2,0,-2,2,1,-1,0,2,1,-2,-1,-4,2,0,-2
8526,resize,1,1,1,1,1,1,-3,4,-1,-3,0,-1,-2,1,-2,-1,1,1,-3,4,-1,-3,0,-1,-2,1,-2,-1
8527,resize,4,4,4,1,1,1,-1,1,0,-1,2,-2,-1,0,-2,1,4,1,-1,1,0,-1,2,-2,-1,0,-2,1
8528,resize,0,0,0,1,1,1,5,-2,0,-1,-3,1,2,-2,0,-1,0,1,5,-2,0,-1,-3,1,2,-2,0,-1
8529,resize,4,4,4,1,1,1,-2,-1,-1,-3,4,-1,-3,0,-3,1,4,1,-2,-1,-1,-3,4,-1,-3,0,-3,1
8530,resize,8,8,8,1,1,1,-1,-2,0,1,-3,0,-2,-2,4,1,8,1,-1,-2,0,1,-3,0,-2,-2,4,1
8531,resize,5,5,5,1,1,1,-2,-2,-3,0,-2,6,0,-2,0,1,5,1,-2,-2,-3,0,-2,6,0,-2,0,1
8532,resize,2,2,2,1,1,1,0,1,6,0,-3,-3,-1,0,-2,-5,2,1,0,1,6,0,-3,-3,-1,0,-2,-5
8533,resize,3,3,3,1,1,1,-2,-1,-1,6,-5,2,-3,-2,1,0,3,1,-2,-1,-1,6,-5,2,-3,-2,1,0
8534,resize,9,9,9,1,1,1,-1,-2,-2,0,0,-1,-4,1,-1,4,9,1,-1,-2,-2,0,0,-1,-4,1,-1,4
8535,resize,0,0,0,1,1,1,4,-2,-1,-1,-2,0,1,-2,-1,-1,0,1,4,-2,-1,-1,-2,0,1,-2,-1,-1
8536,resize,1,1,1,1,1,1,-3,4,-1,-2,0,-1,-2,0,-1,-1,1,1,-3,4,-1,-2,0,-1,-2,0,-1,-1
8537,resize,9,9,9,1,1,1,-1,-2,-3,0,0,-1,-4,0,-1,5,9,1,-1,-2,-3,0,0,-1,-4,0,-1,5
8538,resize,1,1,1,1,1,1,-3,4,-1,-3,-1,-2,-3,0,-2,0,1,1,-3,4,-1,-3,-1,-2,-3,0,-2,0
8539,resize,5,5,5,1,1,1,-1,-3,-4,1,-2,6,-1,-2,-1,1,5,1,-1,-3,-4,1,-2,6,-1,-2,-1,1
8540,resize,1,1,1,1,1,1,-3,4,-1,-2,0,-1,-2,0,-1,0,1,1,-3,4,-1,-2,0,-1,-2,0,-1,0
8541,resize,7,7,7,1,1,1,-1,1,0,0,-1,-2,-3,2,-1,-1,7,1,-1,1,0,0,-1,-2,-3,2,-1,-1
8542,resize,6,6,6,1,1,1,-1,-1,-3,-1,0,2,4,-3,0,-4,6,1,-1,-1,-3,-1,0,2,4,-3,0,-4
8543,resize,1,1,1,1,1,1,-3,4,-1,-3,0,-1,-2,0,0,0,1,1,-3,4,-1,-3,0,-1,-2,0,0,0
8544,resize,2,2,2,1,1,1,0,0,4,0,-1,-2,-1,-1,-1,-2,2,1,0,0,4,0,-1,-2,-1,-1,-1,-2
8545,resize,1,1,1,1,1,1,-4,4,-1,-2,-1,-1,-2,0,-1,0,1,1,-4,4,-1,-2,-1,-1,-2,0,-1,0
8546,resize,6,6,6,1,1,1,-1,-1,-2,-1,0,1,4,-2,0,-3,6,1,-1,-1,-2,-1,0,1,4,-2,0,-3
8547,resize,8,8,8,1,1,1,-1,-2,0,0,-4,1,-1,-4,6,0,8,1,-1,-2,0,0,-4,1,-1,-4,6,0
8548,resize,0,0,0,1,1,1,5,-2,-2,-1,-2,0,1,-2,-1,0,0,1,5,-2,-2,-1,-2,0,1,-2,-1,0
8549,resize,1,1,1,1,1,1,-2,4,-1,-2,0,-1,-2,1,-1,-1,1,1,-2,4,-1,-2,0,-1,-2,1,-1,-1
8550,resize,2,2,2,1,1,1,-1,1,6,0,-3,-3,-3,1,-2,-4,2,1,-1,1,6,0,-3,-3,-3,1,-2,-4
8551,resize,3,3,3,1,1,1,-4,0,-1,6,-5,2,-3,-1,0,-1,3,1,-4,0,-1,6,-5,2,-3,-1,0,-1
8552,resize,4,4,4,1,1,1,-3,0,-1,-3,5,-3,-4,-1,-3,-1,4,1,-3,0,-1,-3,5,-3,-4,-1,-3,-1
8553,resize,5,5,5,1,1,1,-1,0,-1,0,-1,3,-1,-1,0,1,5,1,-1,0,-1,0,-1,3,-1,-1,0,1
8554,resize,6,6,6,1,1,1,-2,-1,-4,-3,0,1,7,-2,0,-3,6,1,-2,-1,-4,-3,0,1,7,-2,0,-3
8555,resize,7,7,7,1,1,1,-3,0,0,0,0,-2,-6,5,-1,0,7,1,-3,0,0,0,0,-2,-6,5,-1,0
8556,resize,8,8,8,1,1,1,-1,-2,-2,-1,-1,-1,-1,-3,5,1,8,1,-1,-2,-2,-1,-1,-1,-1,-3,5,1
8557,resize,9,9,9,1,1,1,-1,-2,-2,0,0,-2,-5,0,-1,4,9,1,-1,-2,-2,0,0,-2,-5,0,-1,4
8558,resize,0,0,0,1,1,1,5,-2,-2,-2,-3,1,2,-2,-1,-1,0,1,5,-2,-2,-2,-3,1,2,-2,-1,-1
8559,resize,1,1,1,1,1,1,-3,4,-1,-3,-1,0,-1,0,-1,-1,1,1,-3,4,-1,-3,-1,0,-1,0,-1,-1
8560,resize,2,2,2,1,1,1,-2,1,5,1,-2,-3,-2,1,-1,-3,2,1,-2,1,5,1,-2,-3,-2,1,-1,-3
8561,resize,3,3,3,1,1,1,-4,0,-2,5,-4,2,-3,0,0,-1,3,1,-4,0,-2,5,-4,2,-3,0,0,-1
8562,resize,4,4,4,1,1,1,-4,0,-1,-4,6,-3,-5,1,-4,-1,4,1,-4,0,-1,-4,6,-3,-5,1,-4,-1
8563,resize,5,5,5,1,1,1,-2,-1,-2,0,-2,6,-1,-1,-1,1,5,1,-2,-1,-2,0,-2,6,-1,-1,-1,1
8564,resize,6,6,6,1,1,1,-1,-1,-3,-3,0,1,5,-3,0,-2,6,1,-1,-1,-3,-3,0,1,5,-3,0,-2
8565,resize,7,7,7,1,1,1,-2,1,1,1,-1,-1,-4,3,-1,-2,7,1,-2,1,1,1,-1,-1,-4,3,-1,-2
8566,resize,8,8,8,1,1,1,0,-2,-2,1,-2,0,-1,-3,5,0,8,1,0,-2,-2,1,-2,0,-1,-3,5,0
8567,resize,0,0,0,1,1,1,5,-2,0,-1,-3,-1,0,-1,-1,-1,0,1,5,-2,0,-1,-3,-1,0,-1,-1,-1
8568,resize,1,1,1,1,1,1,-4,4,-2,-3,0,-1,-2,0,-1,0,1,1,-4,4,-2,-3,0,-1,-2,0,-1,0
8569,resize,2,2,2,1,1,1,0,0,5,0,-3,-3,-2,0,0,-3,2,1,0,0,5,0,-3,-3,-2,0,0,-3
8570,resize,3,3,3,1,1,1,-3,-1,-1,6,-5,1,-4,-2,1,0,3,1,-3,-1,-1,6,-5,1,-4,-2,1,0
8571,resize,5,5,5,1,1,1,-1,-1,-1,0,-2,5,0,-1,0,1,5,1,-1,-1,-1,0,-2,5,0,-1,0,1
8572,resize,6,6,6,1,1,1,-2,0,-1,-3,0,0,5,-3,1,-3,6,1,-2,0,-1,-3,0,0,5,-3,1,-3
8573,resize,7,7,7,1,1,1,-2,0,0,0,0,-2,-6,5,-1,0,7,1,-2,0,0,0,0,-2,-6,5,-1,0
8574,resize,8,8,8,1,1,1,-1,-2,-2,0,-2,1,-1,-3,5,0,8,1,-1,-2,-2,0,-2,1,-1,-3,5,0
8575,resize,1,1,1,1,1,1,-2,4,-1,-2,-1,-1,-2,1,-1,-1,1,1,-2,4,-1,-2,-1,-1,-2,1,-1,-1
8576,resize,0,0,0,1,1,1,6,-2,-1,-2,-3,0,2,-2,-1,-1,0,1,6,-2,-1,-2,-3,0,2,-2,-1,-1
8577,resize,4,4,4,1,1,1,-3,0,-1,-3,4,-2,-3,-1,-3,0,4,1,-3,0,-1,-3,4,-2,-3,-1,-3,0
8578,resize,5,5,5,1,1,1,-1,-1,-2,0,-2,5,0,-1,0,1,5,1,-1,-1,-2,0,-2,5,0,-1,0,1
8579,resize,6,6,6,1,1,1,-1,-1,-4,-3,1,0,5,-3,0,-2,6,1,-1,-1,-4,-3,1,0,5,-3,0,-2
8580,resize,6,6,6,1,1,1,-1,0,-2,-2,0,0,5,-3,-1,-4,6,1,-1,0,-2,-2,0,0,5,-3,-1,-4
8581,resize,3,3,3,1,1,1,-4,-1,-1,6,-4,1,-3,-1,1,-1,3,1,-4,-1,-1,6,-4,1,-3,-1,1,-1
8582,resize,4,4,4,1,1,1,-4,-1,-1,-3,5,-2,-5,0,-3,0,4,1,-4,-1,-1,-3,5,-2,-5,0,-3,0
8583,resize,4,4,4,1,1,1,-2,-1,0,-3,4,-2,-3,0,-3,0,4,1,-2,-1,0,-3,4,-2,-3,0,-3,0
8584,resize,2,2,2,1,1,1,-1,0,4,1,-2,-1,-1,-1,0,-2,2,1,-1,0,4,1,-2,-1,-1,-1,0,-2
8585,resize,8,8,8,1,1,1,-1,-2,-2,0,-2,1,-1,-3,5,0,8,1,-1,-2,-2,0,-2,1,-1,-3,5,0
8586,resize,1,1,1,1,1,1,-3,4,-1,-3,-1,-1,-2,0,-1,-2,1,1,-3,4,-1,-3,-1,-1,-2,0,-1,-2
8587,resize,0,0,0,1,1,1,6,-2,0,-2,-3,-1,1,-2,-2,-2,0,1,6,-2,0,-2,-3,-1,1,-2,-2,-2
8588,resize,6,6,6,1,1,1,-1,-1,-3,-3,0,0,5,-2,0,-2,6,1,-1,-1,-3,-3,0,0,5,-2,0,-2
8589,resize,4,4,4,1,1,1,-3,-1,-1,-2,4,-2,-3,0,-2,-1,4,1,-3,-1,-1,-2,4,-2,-3,0,-2,-1
8590,resize,9,9,9,1,1,1,-1,-3,-2,0,0,-1,-4,0,-1,5,9,1,-1,-3,-2,0,0,-1,-4,0,-1,5
8591,resize,7,7,7,1,1,1,-3,1,1,0,-1,-1,-4,4,-1,-1,7,1,-3,1,1,0,-1,-1,-4,4,-1,-1
8592,resize,2,2,2,1,1,1,-1,1,5,1,-2,-3,-2,0,-1,-3,2,1,-1,1,5,1,-2,-3,-2,0,-1,-3
8593,resize,9,9,9,1,1,1,-1,-2,-3,-1,1,-1,-3,0,-1,3,9,1,-1,-2,-3,-1,1,-1,-3,0,-1,3
8594,resize,2,2,2,1,1,1,-1,1,4,1,-3,-3,-2,0,-1,-3,2,1,-1,1,4,1,-3,-3,-2,0,-1,-3
8595,resize,0,0,0,1,1,1,6,-3,0,-2,-4,0,2,-2,-1,-1,0,1,6,-3,0,-2,-4,0,2,-2,-1,-1
8596,resize,9,9,9,1,1,1,0,-2,-3,0,0,-1,-3,-1,-1,4,9,1,0,-2,-3,0,0,-1,-3,-1,-1,4
8597,resize,3,3,3,1,1,1,-2,-1,-1,5,-4,0,-3,-1,2,0,3,1,-2,-1,-1,5,-4,0,-3,-1,2,0
8598,resize,3,3,3,1,1,1,-3,-1,-1,6,-4,1,-2,-1,1,-1,3,1,-3,-1,-1,6,-4,1,-2,-1,1,-1
8599,resize,9,9,9,1,1,1,-2,-2,-2,0,0,-1,-5,-1,-1,4,9,1,-2,-2,-2,0,0,-1,-5,-1,-1,4
8600,resize,1,1,1,1,1,1,-2,4,-1,-3,-1,-1,-1,0,-1,-1,1,1,-2,4,-1,-3,-1,-1,-1,0,-1,-1
8601,resize,5,5,5,1,1,1,-2,-1,-1,1,-2,5,-1,-1,0,1,5,1,-2,-1,-1,1,-2,5,-1,-1,0,1
8602,resize,2,2,2,1,1,1,-2,0,5,1,-3,-2,-2,0,0,-3,2,1,-2,0,5,1,-3,-2,-2,0,0,-3
8603,resize,3,3,3,1,1,1,-3,-1,-1,6,-5,2,-2,-2,0,-1,3,1,-3,-1,-1,6,-5,2,-2,-2,0,-1
8604,resize,1,1,1,1,1,1,-3,4,-1,-3,0,-1,-2,0,-1,-1,1,1,-3,4,-1,-3,0,-1,-2,0,-1,-1
8605,resize,6,6,6,1,1,1,0,-1,-3,-2,0,1,5,-3,1,-2,6,1,0,-1,-3,-2,0,1,5,-3,1,-2
8606,resize,7,7,7,1,1,1,-1,1,2,0,-1,-1,-3,3,-2,-2,7,1,-1,1,2,0,-1,-1,-3,3,-2,-2
8607,resize,3,3,3,1,1,1,-2,-2,-1,3,-3,1,-2,-3,2,1,3,1,-2,-2,-1,3,-3,1,-2,-3,2,1
8608,resize,7,7,7,1,1,1,-2,1,1,0,-1,-1,-5,3,-1,0,7,1,-2,1,1,0,-1,-1,-5,3,-1,0
8609,resize,8,8,8,1,1,1,-1,-2,-2,0,-1,0,-2,-3,5,1,8,1,-1,-2,-2,0,-1,0,-2,-3,5,1
8610,resize,4,4,4,1,1,1,-4,0,-1,-2,4,-2,-4,0,-2,-1,4,1,-4,0,-1,-2,4,-2,-4,0,-2,-1
8611,resize,0,0,0,1,1,1,6,-2,-1,-2,-4,0,1,-1,-1,-2,0,1,6,-2,-1,-2,-4,0,1,-1,-1,-2
8612,resize,2,2,2,1,1,1,-1,1,6,0,-3,-3,-3,1,-2,-5,2,1,-1,1,6,0,-3,-3,-3,1,-2,-5
8613,resize,4,4,4,1,1,1,-4,-1,-1,-2,4,-2,-4,0,-2,-1,4,1,-4,-1,-1,-2,4,-2,-4,0,-2,-1
8614,resize,0,0,0,1,1,1,6,-3,-1,-2,-3,-1,2,-2,-1,-2,0,1,6,-3,-1,-2,-3,-1,2,-2,-1,-2
8615,resize,2,2,2,1,1,1,-1,0,5,2,-4,-3,-3,0,0,-3,2,1,-1,0,5,2,-4,-3,-3,0,0,-3
8616,resize,4,4,4,1,1,1,-2,0,-1,-2,3,-2,-2,0,-2,0,4,1,-2,0,-1,-2,3,-2,-2,0,-2,0
8617,resize,7,7,7,1,1,1,-1,0,1,0,-1,-1,-5,4,-1,0,7,1,-1,0,1,0,-1,-1,-5,4,-1,0
8618,resize,8,8,8,1,1,1,-1,-2,-3,0,-2,1,-1,-3,5,0,8,1,-1,-2,-3,0,-2,1,-1,-3,5,0
8619,resize,0,0,0,1,1,1,6,-2,0,-2,-3,-1,1,-2,-1,-1,0,1,6,-2,0,-2,-3,-1,1,-2,-1,-1
8620,resize,7,7,7,1,1,1,-2,0,0,0,0,-2,-4,4,-1,0,7,1,-2,0,0,0,0,-2,-4,4,-1,0
8621,resize,0,0,0,1,1,1,5,-2,1,-1,-3,-1,1,-2,-1,-2,0,1,5,-2,1,-1,-3,-1,1,-2,-1,-2
8622,resize,6,6,6,1,1,1,-1,-1,-3,-2,0,1,5,-3,-1,-4,6,1,-1,-1,-3,-2,0,1,5,-3,-1,-4
8623,resize,9,9,9,1,1,1,-1,-2,-2,0,0,-1,-3,0,-1,4,9,1,-1,-2,-2,0,0,-1,-3,0,-1,4
8624,resize,3,3,3,1,1,1,-2,-2,-1,5,-4,3,-2,-2,0,1,3,1,-2,-2,-1,5,-4,3,-2,-2,0,1
8625,resize,2,2,2,1,1,1,-2,1,5,-1,-1,-4,-3,-2,0,-2,2,1,-2,1,5,-1,-1,-4,-3,-2,0,-2
8626,resize,4,4,4,1,1,1,-3,0,-1,-3,5,-2,-3,-1,-3,-1,4,1,-3,0,-1,-3,5,-2,-3,-1,-3,-1
8627,resize,8,8,8,1,1,1,-1,-2,-1,0,-2,-1,-2,-2,5,1,8,1,-1,-2,-1,0,-2,-1,-2,-2,5,1
8628,resize,6,6,6,1,1,1,0,-2,-3,-2,0,1,4,-2,0,-2,6,1,0,-2,-3,-2,0,1,4,-2,0,-2
8629,resize,0,0,0,1,1,1,5,-2,-1,-2,-1,-1,2,-2,-2,-1,0,1,5,-2,-1,-2,-1,-1,2,-2,-2,-1
8630,resize,5,5,5,1,1,1,-2,-1,-2,1,-2,5,-1,-1,0,2,5,1,-2,-1,-2,1,-2,5,-1,-1,0,2
8631,resize,7,7,7,1,1,1,-1,-1,1,0,-1,-2,-5,4,-1,0,7,1,-1,-1,1,0,-1,-2,-5,4,-1,0
8632,resize,5,5,5,1,1,1,-2,-1,-2,1,-2,5,-1,-1,-1,1,5,1,-2,-1,-2,1,-2,5,-1,-1,-1,1
8633,resize,1,1,1,1,1,1,-2,3,-1,-2,-1,-1,-2,1,-1,-1,1,1,-2,3,-1,-2,-1,-1,-2,1,-1,-1
8634,resize,0,0,0,1,1,1,5,-2,0,-2,-4,0,0,-1,-1,-2,0,1,5,-2,0,-2,-4,0,0,-1,-1,-2
8635,resize,8,8,8,1,1,1,-1,-2,-2,1,-2,0,-1,-3,5,0,8,1,-1,-2,-2,1,-2,0,-1,-3,5,0
8636,resize,1,1,1,1,1,1,-2,4,-1,-3,-1,-1,-2,0,-1,-1,1,1,-2,4,-1,-3,-1,-1,-2,0,-1,-1
8637,resize,6,6,6,1,1,1,0,-2,-4,-3,1,0,5,-2,-1,-2,6,1,0,-2,-4,-3,1,0,5,-2,-1,-2
8638,resize,7,7,7,1,1,1,-2,0,0,0,0,-1,-4,3,-1,0,7,1,-2,0,0,0,0,-1,-4,3,-1,0
8639,resize,2,2,2,1,1,1,1,-1,4,0,-4,-3,-2,0,0,-2,2,1,1,-1,4,0,-4,-3,-2,0,0,-2
8640,resize,9,9,9,1,1,1,-2,-2,-3,0,0,1,-4,-1,-1,4,9,1,-2,-2,-3,0,0,1,-4,-1,-1,4
8641,resize,7,7,7,1,1,1,-2,0,1,0,-1,-1,-4,3,-1,-1,7,1,-2,0,1,0,-1,-1,-4,3,-1,-1
8642,resize,9,9,9,1,1,1,-1,-3,-3,0,0,-2,-4,0,0,4,9,1,-1,-3,-3,0,0,-2,-4,0,0,4
8643,resize,5,5,5,1,1,1,-3,-1,-3,1,-3,7,-2,-1,-1,2,5,1,-3,-1,-3,1,-3,7,-2,-1,-1,2
8644,resize,6,6,6,1,1,1,0,-1,-3,-2,-1,1,5,-2,0,-3,6,1,0,-1,-3,-2,-1,1,5,-2,0,-3
8645,resize,5,5,5,1,1,1,-1,-1,-2,0,-2,5,-1,-1,-1,1,5,1,-1,-1,-2,0,-2,5,-1,-1,-1,1
8646,resize,2,2,2,1,1,1,0,0,5,1,-3,-3,-2,0,-1,-3,2,1,0,0,5,1,-3,-3,-2,0,-1,-3
8647,resize,6,6,6,1,1,1,-2,0,-2,-2,0,1,5,-2,0,-3,6,1,-2,0,-2,-2,0,1,5,-2,0,-3
8648,resize,2,2,2,1,1,1,0,0,5,1,-3,-4,-2,0,-1,-3,2,1,0,0,5,1,-3,-4,-2,0,-1,-3
8649,resize,8,8,8,1,1,1,-1,-2,-2,0,-2,0,-1,-3,5,1,8,1,-1,-2,-2,0,-2,0,-1,-3,5,1
8650,resize,1,1,1,1,1,1,-2,4,-1,-3,-2,-1,-2,1,-1,-1,1,1,-2,4,-1,-3,-2,-1,-2,1,-1,-1
8651,resize,7,7,7,1,1,1,-2,0,0,0,0,-2,-5,4,-1,0,7,1,-2,0,0,0,0,-2,-5,4,-1,0
8652,resize,5,5,5,1,1,1,-2,-1,-3,1,-2,6,-1,-1,0,1,5,1,-2,-1,-3,1,-2,6,-1,-1,0,1
8653,resize,5,5,5,1,1,1,-1,-1,-2,2,-2,4,-1,-1,-1,1,5,1,-1,-1,-2,2,-2,4,-1,-1,-1,1
8654,resize,7,7,7,1,1,1,-1,0,0,1,-1,-1,-4,3,-1,0,7,1,-1,0,0,1,-1,-1,-4,3,-1,0
8655,resize,3,3,3,1,1,1,-2,-1,-1,5,-4,2,-3,-2,1,1,3,1,-2,-1,-1,5,-4,2,-3,-2,1,1
8656,resize,5,5,5,1,1,1,-1,-1,-2,1,-2,5,-1,-1,-1,2,5,1,-1,-1,-2,1,-2,5,-1,-1,-1,2
8657,resize,0,0,0,1,1,1,5,-2,0,-1,-3,1,1,-2,0,-1,0,1,5,-2,0,-1,-3,1,1,-2,0,-1
8658,resize,1,1,1,1,1,1,-2,4,-2,-4,-1,-1,-1,0,-1,-2,1,1,-2,4,-2,-4,-1,-1,-1,0,-1,-2
8659,resize,1,1,1,1,1,1,-3,4,-1,-3,-1,-1,-2,1,-2,-1,1,1,-3,4,-1,-3,-1,-1,-2,1,-2,-1
8660,resize,3,3,3,1,1,1,-4,-1,-2,6,-5,2,-4,-1,0,1,3,1,-4,-1,-2,6,-5,2,-4,-1,0,1
8661,resize,8,8,8,1,1,1,-1,-2,-1,-1,-1,0,-1,-2,5,1,8,1,-1,-2,-1,-1,-1,0,-1,-2,5,1
8662,resize,4,4,4,1,1,1,-2,0,-1,-2,4,-2,-3,0,-3,0,4,1,-2,0,-1,-2,4,-2,-3,0,-3,0
8663,resize,9,9,9,1,1,1,-2,-2,-3,-1,0,-1,-4,-1,-1,4,9,1,-2,-2,-3,-1,0,-1,-4,-1,-1,4
8664,resize,4,4,4,1,1,1,-2,-1,-1,-2,4,-2,-3,1,-2,-1,4,1,-2,-1,-1,-2,4,-2,-3,1,-2,-1
8665,resize,5,5,5,1,1,1,-2,-1,-3,1,-2,6,-1,-1,-2,1,5,1,-2,-1,-3,1,-2,6,-1,-1,-2,1
8666,resize,1,1,1,1,1,1,-3,4,-1,-2,0,-1,-3,1,-2,-1,1,1,-3,4,-1,-2,0,-1,-3,1,-2,-1
8667,resize,8,8,8,1,1,1,-2,-2,-2,0,-2,1,0,-3,5,-1,8,1,-2,-2,-2,0,-2,1,0,-3,5,-1
8668,resize,6,6,6,1,1,1,-1,-2,-4,-3,0,1,7,-3,0,-3,6,1,-1,-2,-4,-3,0,1,7,-3,0,-3
8669,resize,8,8,8,1,1,1,-1,-2,-1,-2,0,0,-1,-3,5,1,8,1,-1,-2,-1,-2,0,0,-1,-3,5,1
8670,resize,9,9,9,1,1,1,-2,-3,-3,0,0,-1,-4,0,0,5,9,1,-2,-3,-3,0,0,-1,-4,0,0,5
8671,resize,0,0,0,1,1,1,5,-3,-1,-1,-2,-1,1,-2,-1,-1,0,1,5,-3,-1,-1,-2,-1,1,-2,-1,-1
8672,resize,1,1,1,1,1,1,-2,4,-2,-3,-1,-1,0,-1,0,-2,1,1,-2,4,-2,-3,-1,-1,0,-1,0,-2
8673,resize,2,2,2,1,1,1,-1,1,5,0,-2,-3,-1,0,-1,-4,2,1,-1,1,5,0,-2,-3,-1,0,-1,-4
8674,resize,3,3,3,1,1,1,-2,-1,-1,5,-4,2,-3,-1,0,0,3,1,-2,-1,-1,5,-4,2,-3,-1,0,0
8675,resize,4,4,4,1,1,1,-4,0,-1,-3,5,-3,-3,-1,-3,-2,4,1,-4,0,-1,-3,5,-3,-3,-1,-3,-2
8676,resize,5,5,5,1,1,1,-2,-2,-3,1,-2,6,-1,-2,0,1,5,1,-2,-2,-3,1,-2,6,-1,-2,0,1
8677,resize,6,6,6,1,1,1,1,-1,-3,-3,-1,1,6,-3,-1,-2,6,1,1,-1,-3,-3,-1,1,6,-3,-1,-2
8678,resize,7,7,7,1,1,1,-1,0,0,1,-1,-1,-3,2,0,0,7,1,-1,0,0,1,-1,-1,-3,2,0,0
8679,resize,8,8,8,1,1,1,-1,-1,-2,-1,-1,1,1,-3,4,-1,8,1,-1,-1,-2,-1,-1,1,1,-3,4,-1
8680,resize,9,9,9,1,1,1,-2,-2,-2,-1,1,-1,-5,0,-2,4,9,1,-2,-2,-2,-1,1,-1,-5,0,-2,4
8681,resize,0,0,0,1,1,1,4,-3,-1,-1,-2,-2,0,-1,0,0,0,1,4,-3,-1,-1,-2,-2,0,-1,0,0
8682,resize,1,1,1,1,1,1,-3,4,-1,-3,-1,-1,-3,0,-1,-2,1,1,-3,4,-1,-3,-1,-1,-3,0,-1,-2
8683,resize,2,2,2,1,1,1,-1,1,5,0,-2,-3,-2,0,-2,-4,2,1,-1,1,5,0,-2,-3,-2,0,-2,-4
8684,resize,3,3,3,1,1,1,-3,-1,-1,6,-5,1,-3,-1,1,-1,3,1,-3,-1,-1,6,-5,1,-3,-1,1,-1
8685,resize,4,4,4,1,1,1,-3,-1,-2,-3,5,-3,-3,-1,-3,-2,4,1,-3,-1,-2,-3,5,-3,-3,-1,-3,-2
8686,resize,5,5,5,1,1,1,-3,-1,-3,-1,-1,6,0,-2,0,1,5,1,-3,-1,-3,-1,-1,6,0,-2,0,1
8687,resize,6,6,6,1,1,1,0,-1,-4,-3,0,2,5,-4,-1,-2,6,1,0,-1,-4,-3,0,2,5,-4,-1,-2
8688,resize,7,7,7,1,1,1,-2,0,1,0,-1,-2,-5,4,-1,0,7,1,-2,0,1,0,-1,-2,-5,4,-1,0
8689,resize,8,8,8,1,1,1,-2,-2,-3,-1,-1,1,0,-4,6,-1,8,1,-2,-2,-3,-1,-1,1,0,-4,6,-1
8690,resize,9,9,9,1,1,1,-2,-2,-3,-1,1,-1,-5,0,-2,5,9,1,-2,-2,-3,-1,1,-1,-5,0,-2,5
8691,resize,0,0,0,1,1,1,4,-2,-1,0,-2,-1,-1,-1,0,0,0,1,4,-2,-1,0,-2,-1,-1,-1,0,0
8692,resize,1,1,1,1,1,1,-3,4,-1,-3,-1,-1,-2,0,-1,-1,1,1,-3,4,-1,-3,-1,-1,-2,0,-1,-1
8693,resize,2,2,2,1,1,1,-1,1,4,0,-2,-2,-1,-1,-1,-4,2,1,-1,1,4,0,-2,-2,-1,-1,-1,-4
8694,resize,3,3,3,1,1,1,-3,-1,-1,6,-5,2,-3,-2,0,0,3,1,-3,-1,-1,6,-5,2,-3,-2,0,0
8695,resize,4,4,4,1,1,1,-3,0,-2,-4,5,-3,-3,0,-3,0,4,1,-3,0,-2,-4,5,-3,-3,0,-3,0
8696,resize,5,5,5,1,1,1,-1,-1,-2,-1,-2,6,0,-2,0,1,5,1,-1,-1,-2,-1,-2,6,0,-2,0,1
8697,resize,6,6,6,1,1,1,0,-2,-4,-3,-1,2,7,-4,-1,-3,6,1,0,-2,-4,-3,-1,2,7,-4,-1,-3
8698,resize,7,7,7,1,1,1,-2,0,-1,0,-1,-1,-5,4,-1,-1,7,1,-2,0,-1,0,-1,-1,-5,4,-1,-1
8699,resize,8,8,8,1,1,1,-2,-2,-3,-2,0,2,0,-4,6,-1,8,1,-2,-2,-3,-2,0,2,0,-4,6,-1
8700,resize,9,9,9,1,1,1,-2,-2,-3,-1,1,-1,-5,0,-2,4,9,1,-2,-2,-3,-1,1,-1,-5,0,-2,4
8701,resize,3,3,3,1,1,1,-4,-1,-1,7,-5,1,-4,-1,0,-2,3,1,-4,-1,-1,7,-5,1,-4,-1,0,-2
8702,resize,5,5,5,1,1,1,-2,-1,-2,-1,-2,6,0,-3,1,1,5,1,-2,-1,-2,-1,-2,6,0,-3,1,1
8703,resize,3,3,3,1,1,1,-3,-2,-1,7,-6,2,-3,-2,1,-1,3,1,-3,-2,-1,7,-6,2,-3,-2,1,-1
8704,resize,2,2,2,1,1,1,-1,1,6,0,-3,-4,-2,1,-2,-4,2,1,-1,1,6,0,-3,-4,-2,1,-2,-4
8705,resize,9,9,9,1,1,1,-2,-2,-2,-1,1,-1,-4,0,-1,4,9,1,-2,-2,-2,-1,1,-1,-4,0,-1,4
8706,resize,3,3,3,1,1,1,-4,0,0,6,-5,1,-3,-1,0,-3,3,1,-4,0,0,6,-5,1,-3,-1,0,-3
8707,resize,2,2,2,1,1,1,-1,2,6,-1,-2,-3,-2,-1,-2,-5,2,1,-1,2,6,-1,-2,-3,-2,-1,-2,-5
8708,resize,1,1,1,1,1,1,-2,4,-2,-3,-2,-1,-2,-1,0,-2,1,1,-2,4,-2,-3,-2,-1,-2,-1,0,-2
8709,resize,4,4,4,1,1,1,-4,-2,-2,-4,6,-3,-5,-1,-2,0,4,1,-4,-2,-2,-4,6,-3,-5,-1,-2,0
8710,resize,5,5,5,1,1,1,-2,-2,-2,0,-1,6,0,-3,0,2,5,1,-2,-2,-2,0,-1,6,0,-3,0,2
8711,resize,5,5,5,1,1,1,-3,-1,-4,-1,-2,7,0,-3,1,1,5,1,-3,-1,-4,-1,-2,7,0,-3,1,1
8712,resize,2,2,2,1,1,1,-2,1,6,0,-3,-4,-3,0,-1,-4,2,1,-2,1,6,0,-3,-4,-3,0,-1,-4
8713,resize,3,3,3,1,1,1,-4,0,0,6,-4,1,-3,0,-1,-2,3,1,-4,0,0,6,-4,1,-3,0,-1,-2
8714,resize,2,2,2,1,1,1,-1,1,6,0,-2,-3,-2,-1,-1,-5,2,1,-1,1,6,0,-2,-3,-2,-1,-1,-5
8715,resize,1,1,1,1,1,1,-3,5,-1,-4,-2,0,-1,0,-1,-2,1,1,-3,5,-1,-4,-2,0,-1,0,-1,-2
8716,resize,3,3,3,1,1,1,-3,-2,-2,7,-5,2,-4,-2,0,0,3,1,-3,-2,-2,7,-5,2,-4,-2,0,0
8717,resize,9,9,9,1,1,1,-3,-2,-2,-2,1,-1,-5,-1,-1,5,9,1,-3,-2,-2,-2,1,-1,-5,-1,-1,5
8718,resize,7,7,7,1,1,1,-2,0,0,0,0,-1,-4,3,-1,0,7,1,-2,0,0,0,0,-1,-4,3,-1,0
8719,resize,2,2,2,1,1,1,-1,2,6,-1,-2,-3,-2,0,-2,-5,2,1,-1,2,6,-1,-2,-3,-2,0,-2,-5
8720,resize,1,1,1,1,1,1,-3,4,-2,-4,-1,0,-1,0,-1,-2,1,1,-3,4,-2,-4,-1,0,-1,0,-1,-2
8721,resize,2,2,2,1,1,1,-1,1,7,0,-3,-4,-3,1,-2,-6,2,1,-1,1,7,0,-3,-4,-3,1,-2,-6
8722,resize,8,8,8,1,1,1,-1,-1,-2,-1,-1,1,0,-3,5,-1,8,1,-1,-1,-2,-1,-1,1,0,-3,5,-1
8723,resize,9,9,9,1,1,1,-2,-2,-3,-1,1,-2,-5,-1,-1,5,9,1,-2,-2,-3,-1,1,-2,-5,-1,-1,5
8724,resize,1,1,1,1,1,1,-2,4,-1,-3,-1,-1,-2,0,-1,-2,1,1,-2,4,-1,-3,-1,-1,-2,0,-1,-2
8725,resize,8,8,8,1,1,1,-1,-2,-2,0,-1,0,-1,-3,5,-1,8,1,-1,-2,-2,0,-1,0,-1,-3,5,-1
8726,resize,8,8,8,1,1,1,-1,-2,-2,-1,-1,0,-1,-2,4,0,8,1,-1,-2,-2,-1,-1,0,-1,-2,4,0
8727,resize,7,7,7,1,1,1,-2,0,0,0,0,-1,-4,4,-1,0,7,1,-2,0,0,0,0,-1,-4,4,-1,0
8728,resize,8,8,8,1,1,1,-2,-1,-2,-1,-1,1,0,-3,5,0,8,1,-2,-1,-2,-1,-1,1,0,-3,5,0
8729,resize,1,1,1,1,1,1,-2,4,-2,-3,-1,-1,-1,-1,0,-2,1,1,-2,4,-2,-3,-1,-1,-1,-1,0,-2
8730,resize,0,0,0,1,1,1,6,-3,-1,-2,-2,-1,1,-2,-2,-1,0,1,6,-3,-1,-2,-2,-1,1,-2,-2,-1
8731,resize,0,0,0,1,1,1,5,-2,0,-2,-2,-1,0,-1,-1,-1,0,1,5,-2,0,-2,-2,-1,0,-1,-1,-1
8732,resize,6,6,6,1,1,1,0,-2,-4,-3,0,1,6,-3,0,-2,6,1,0,-2,-4,-3,0,1,6,-3,0,-2
8733,resize,7,7,7,1,1,1,-2,1,0,0,-1,-1,-4,4,-1,0,7,1,-2,1,0,0,-1,-1,-4,4,-1,0
8734,resize,7,7,7,1,1,1,-3,0,1,0,0,-2,-5,4,-2,-1,7,1,-3,0,1,0,0,-2,-5,4,-2,-1
8735,resize,8,8,8,1,1,1,-1,-2,-1,0,-1,-1,-2,-2,4,1,8,1,-1,-2,-1,0,-1,-1,-2,-2,4,1
8736,resize,7,7,7,1,1,1,-2,0,-1,-1,0,-1,-4,3,-1,0,7,1,-2,0,-1,-1,0,-1,-4,3,-1,0
8737,resize,5,5,5,1,1,1,-3,-2,-4,1,-3,7,-1,-2,0,2,5,1,-3,-2,-4,1,-3,7,-1,-2,0,2
8738,resize,0,0,0,1,1,1,4,-2,-2,-2,0,-1,2,-1,-2,0,0,1,4,-2,-2,-2,0,-1,2,-1,-2,0
8739,resize,6,6,6,1,1,1,0,-2,-4,-3,0,1,7,-4,0,-3,6,1,0,-2,-4,-3,0,1,7,-4,0,-3
8740,resize,1,1,1,1,1,1,-1,3,0,-3,-1,-1,-1,0,0,-2,1,1,-1,3,0,-3,-1,-1,-1,0,0,-2
8741,resize,5,5,5,1,1,1,-2,-2,-3,0,-2,7,0,-2,0,2,5,1,-2,-2,-3,0,-2,7,0,-2,0,2
8742,resize,7,7,7,1,1,1,-1,1,1,0,-1,-1,-3,2,-1,-1,7,1,-1,1,1,0,-1,-1,-3,2,-1,-1
8743,resize,4,4,4,1,1,1,-4,-1,-2,-3,6,-3,-3,-1,-2,-2,4,1,-4,-1,-2,-3,6,-3,-3,-1,-2,-2
8744,resize,6,6,6,1,1,1,0,-1,-3,-3,-1,2,7,-5,0,-4,6,1,0,-1,-3,-3,-1,2,7,-5,0,-4
8745,resize,1,1,1,1,1,1,-2,4,-2,-3,-1,-1,0,-1,0,-1,1,1,-2,4,-2,-3,-1,-1,0,-1,0,-1
8746,resize,2,2,2,1,1,1,-1,1,6,0,-2,-3,-2,0,-1,-4,2,1,-1,1,6,0,-2,-3,-2,0,-1,-4
8747,resize,5,5,5,1,1,1,-2,-1,-2,0,-2,6,0,-2,0,2,5,1,-2,-1,-2,0,-2,6,0,-2,0,2
8748,resize,0,0,0,1,1,1,5,-2,0,-2,-2,-1,2,-2,-1,-2,0,1,5,-2,0,-2,-2,-1,2,-2,-1,-2
8749,resize,7,7,7,1,1,1,-2,1,0,0,-1,-2,-5,4,-1,0,7,1,-2,1,0,0,-1,-2,-5,4,-1,0
8750,resize,9,9,9,1,1,1,-2,-2,-2,-2,1,-3,-5,0,-1,4,9,1,-2,-2,-2,-2,1,-3,-5,0,-1,4
8751,resize,9,9,9,1,1,1,-2,-2,-3,-1,0,-1,-5,0,-1,5,9,1,-2,-2,-3,-1,0,-1,-5,0,-1,5
8752,resize,0,0,0,1,1,1,5,-3,-1,-2,-3,0,1,-1,0,-2,0,1,5,-3,-1,-2,-3,0,1,-1,0,-2
8753,resize,3,3,3,1,1,1,-2,-2,-1,6,-6,2,-4,-2,0,0,3,1,-2,-2,-1,6,-6,2,-4,-2,0,0
8754,resize,4,4,4,1,1,1,-3,-1,-2,-3,5,-3,-3,0,-3,-1,4,1,-3,-1,-2,-3,5,-3,-3,0,-3,-1
8755,resize,4,4,4,1,1,1,-4,-1,-2,-3,5,-2,-4,0,-1,0,4,1,-4,-1,-2,-3,5,-2,-4,0,-1,0
8756,resize,8,8,8,1,1,1,-2,-1,-2,0,0,-1,-2,-2,3,1,8,1,-2,-1,-2,0,0,-1,-2,-2,3,1
8757,resize,4,4,4,1,1,1,-4,0,-2,-4,6,-3,-4,0,-3,-1,4,1,-4,0,-2,-4,6,-3,-4,0,-3,-1
8758,resize,1,1,1,1,1,1,-1,4,-1,-3,-1,-1,-1,-1,1,-2,1,1,-1,4,-1,-3,-1,-1,-1,-1,1,-2
8759,resize,8,8,8,1,1,1,-1,-2,-2,0,-1,0,-1,-2,5,0,8,1,-1,-2,-2,0,-1,0,-1,-2,5,0
8760,resize,6,6,6,1,1,1,0,-1,-4,-2,0,1,5,-3,-1,-2,6,1,0,-1,-4,-2,0,1,5,-3,-1,-2
8761,resize,5,5,5,1,1,1,-2,-2,-3,-1,-2,7,0,-3,1,1,5,1,-2,-2,-3,-1,-2,7,0,-3,1,1
8762,resize,9,9,9,1,1,1,-1,-2,-3,0,0,-1,-5,-1,-1,4,9,1,-1,-2,-3,0,0,-1,-5,-1,-1,4
8763,resize,0,0,0,1,1,1,5,-3,-1,-2,-2,-1,1,-1,-2,0,0,1,5,-3,-1,-2,-2,-1,1,-1,-2,0
8764,resize,0,0,0,1,1,1,5,-3,-1,-1,-2,-1,1,-1,-1,0,0,1,5,-3,-1,-1,-2,-1,1,-1,-1,0
8765,resize,0,0,0,1,1,1,5,-3,-1,-1,-3,-1,0,-1,0,0,0,1,5,-3,-1,-1,-3,-1,0,-1,0,0
8766,resize,3,3,3,1,1,1,-2,-2,-2,7,-5,2,-3,-2,0,0,3,1,-2,-2,-2,7,-5,2,-3,-2,0,0
8767,resize,7,7,7,1,1,1,-2,-1,0,0,-1,-1,-4,3,-1,0,7,1,-2,-1,0,0,-1,-1,-4,3,-1,0
8768,resize,1,1,1,1,1,1,-1,4,-1,-4,-1,-1,-1,-1,0,-2,1,1,-1,4,-1,-4,-1,-1,-1,-1,0,-2
8769,resize,6,6,6,1,1,1,1,-2,-3,-2,0,1,5,-3,-1,-2,6,1,1,-2,-3,-2,0,1,5,-3,-1,-2
8770,resize,4,4,4,1,1,1,-3,-1,-2,-3,4,-2,-3,-1,-1,0,4,1,-3,-1,-2,-3,4,-2,-3,-1,-1,0
8771,resize,6,6,6,1,1,1,0,-2,-4,-3,-1,2,7,-5,-1,-4,6,1,0,-2,-4,-3,-1,2,7,-5,-1,-4
8772,resize,0,0,0,1,1,1,5,-3,0,-2,-2,-1,1,-1,-2,-1,0,1,5,-3,0,-2,-2,-1,1,-1,-2,-1
8773,resize,4,4,4,1,1,1,-4,0,-2,-3,5,-3,-2,0,-2,-2,4,1,-4,0,-2,-3,5,-3,-2,0,-2,-2
8774,resize,5,5,5,1,1,1,-3,-2,-3,0,-2,7,0,-3,0,1,5,1,-3,-2,-3,0,-2,7,0,-3,0,1
8775,resize,4,4,4,1,1,1,-4,-1,-2,-4,6,-3,-4,-2,-1,-1,4,1,-4,-1,-2,-4,6,-3,-4,-2,-1,-1
8776,resize,1,1,1,1,1,1,-1,4,-1,-2,-2,0,-1,0,0,-2,1,1,-1,4,-1,-2,-2,0,-1,0,0,-2
8777,resize,3,3,3,1,1,1,-4,0,-2,7,-5,2,-4,-1,0,-1,3,1,-4,0,-2,7,-5,2,-4,-1,0,-1
8778,resize,8,8,8,1,1,1,-1,-2,-2,0,-1,0,-1,-2,5,0,8,1,-1,-2,-2,0,-1,0,-1,-2,5,0
8779,resize,6,6,6,1,1,1,0,-1,-4,-3,0,1,6,-4,-1,-2,6,1,0,-1,-4,-3,0,1,6,-4,-1,-2
8780,resize,3,3,3,1,1,1,-4,0,-1,6,-4,1,-3,-1,0,-2,3,1,-4,0,-1,6,-4,1,-3,-1,0,-2
8781,resize,9,9,9,1,1,1,-2,-1,-2,0,0,-2,-4,-1,0,3,9,1,-2,-1,-2,0,0,-2,-4,-1,0,3
8782,resize,9,9,9,1,1,1,-3,-2,-3,-2,1,-2,-5,-1,0,5,9,1,-3,-2,-3,-2,1,-2,-5,-1,0,5
8783,resize,5,5,5,1,1,1,-2,-1,-3,-1,-2,7,0,-2,0,1,5,1,-2,-1,-3,-1,-2,7,0,-2,0,1
8784,resize,9,9,9,1,1,1,-2,-2,-3,-1,0,-1,-5,-1,-1,5,9,1,-2,-2,-3,-1,0,-1,-5,-1,-1,5
8785,resize,3,3,3,1,1,1,-1,-2,-2,5,-5,3,-3,-2,0,1,3,1,-1,-2,-2,5,-5,3,-3,-2,0,1
8786,resize,7,7,7,1,1,1,-3,0,0,0,0,-2,-6,5,-2,-1,7,1,-3,0,0,0,0,-2,-6,5,-2,-1
8787,resize,8,8,8,1,1,1,-1,-2,-1,1,-2,0,-2,-3,5,0,8,1,-1,-2,-1,1,-2,0,-2,-3,5,0
8788,resize,5,5,5,1,1,1,-2,-1,-3,1,-2,6,-1,-1,0,1,5,1,-2,-1,-3,1,-2,6,-1,-1,0,1
8789,resize,6,6,6,1,1,1,0,-1,-4,-3,0,1,7,-4,0,-3,6,1,0,-1,-4,-3,0,1,7,-4,0,-3
8790,resize,4,4,4,1,1,1,-4,-1,-2,-3,6,-3,-3,-1,-3,-2,4,1,-4,-1,-2,-3,6,-3,-3,-1,-3,-2
8791,resize,7,7,7,1,1,1,-2,-1,0,0,-1,-1,-6,4,-1,0,7,1,-2,-1,0,0,-1,-1,-6,4,-1,0
8792,resize,6,6,6,1,1,1,1,-2,-4,-3,-1,2,7,-5,-1,-3,6,1,1,-2,-4,-3,-1,2,7,-5,-1,-3
8793,resize,2,2,2,1,1,1,0,1,6,0,-3,-3,-2,0,-2,-5,2,1,0,1,6,0,-3,-3,-2,0,-2,-5
8794,resize,2,2,2,1,1,1,-1,1,6,0,-3,-3,-2,0,-2,-5,2,1,-1,1,6,0,-3,-3,-2,0,-2,-5
8795,resize,0,0,0,1,1,1,4,-2,-1,-2,-1,-1,1,-1,-2,0,0,1,4,-2,-1,-2,-1,-1,1,-1,-2,0
8796,resize,9,9,9,1,1,1,-2,-2,-2,-1,0,-1,-5,0,-1,4,9,1,-2,-2,-2,-1,0,-1,-5,0,-1,4
8797,resize,4,4,4,1,1,1,-3,-1,-1,-3,5,-3,-3,-1,-2,-1,4,1,-3,-1,-1,-3,5,-3,-3,-1,-2,-1
8798,resize,0,0,0,1,1,1,5,-2,0,-1,-3,-1,-1,-1,-1,0,0,1,5,-2,0,-1,-3,-1,-1,-1,-1,0
8799,resize,1,1,1,1,1,1,-1,4,-2,-4,-1,0,-1,-1,0,-2,1,1,-1,4,-2,-4,-1,0,-1,-1,0,-2
8800,resize,2,2,2,1,1,1,-2,1,7,-1,-3,-4,-3,-1,-1,-5,2,1,-2,1,7,-1,-3,-4,-3,-1,-1,-5
8801,resize,3,3,3,1,1,1,-4,0,-1,7,-5,2,-3,-1,0,-2,3,1,-4,0,-1,7,-5,2,-3,-1,0,-2
8802,resize,4,4,4,1,1,1,-3,-1,-3,-4,5,-3,-3,0,-2,0,4,1,-3,-1,-3,-4,5,-3,-3,0,-2,0
8803,resize,5,5,5,1,1,1,-2,-1,-2,-1,-2,6,1,-2,1,1,5,1,-2,-1,-2,-1,-2,6,1,-2,1,1
8804,resize,6,6,6,1,1,1,0,-1,-4,-2,0,1,6,-4,-1,-3,6,1,0,-1,-4,-2,0,1,6,-4,-1,-3
8805,resize,7,7,7,1,1,1,-2,0,0,1,-1,-1,-5,4,-1,0,7,1,-2,0,0,1,-1,-1,-5,4,-1,0
8806,resize,8,8,8,1,1,1,-2,-1,-3,-3,2,0,-1,-2,3,0,8,1,-2,-1,-3,-3,2,0,-1,-2,3,0
8807,resize,9,9,9,1,1,1,-3,-2,-3,0,0,1,-5,-1,-3,5,9,1,-3,-2,-3,0,0,1,-5,-1,-3,5
8808,resize,0,0,0,1,1,1,5,-3,-1,-1,-3,-1,0,0,0,-1,0,1,5,-3,-1,-1,-3,-1,0,0,0,-1
8809,resize,1,1,1,1,1,1,-3,5,-2,-4,-1,-2,-2,0,-2,-1,1,1,-3,5,-2,-4,-1,-2,-2,0,-2,-1
8810,resize,2,2,2,1,1,1,-1,1,5,1,-3,-3,-2,0,-2,-4,2,1,-1,1,5,1,-3,-3,-2,0,-2,-4
8811,resize,3,3,3,1,1,1,-3,-1,-2,7,-5,2,-3,-1,0,0,3,1,-3,-1,-2,7,-5,2,-3,-1,0,0
8812,resize,4,4,4,1,1,1,-3,-1,-2,-3,5,-3,-3,0,-2,-1,4,1,-3,-1,-2,-3,5,-3,-3,0,-2,-1
8813,resize,5,5,5,1,1,1,-2,-2,-3,0,-3,6,0,-2,1,1,5,1,-2,-2,-3,0,-3,6,0,-2,1,1
8814,resize,6,6,6,1,1,1,0,-1,-3,-3,0,2,6,-4,-2,-3,6,1,0,-1,-3,-3,0,2,6,-4,-2,-3
8815,resize,7,7,7,1,1,1,-2,-1,0,0,0,-1,-5,4,-1,0,7,1,-2,-1,0,0,0,-1,-5,4,-1,0
8816,resize,8,8,8,1,1,1,-2,0,-2,0,-1,0,0,-2,3,-1,8,1,-2,0,-2,0,-1,0,0,-2,3,-1
8817,resize,9,9,9,1,1,1,-3,-2,-3,-1,1,-1,-5,-1,-2,5,9,1,-3,-2,-3,-1,1,-1,-5,-1,-2,5
8818,resize,0,0,0,1,1,1,5,-3,-1,-1,-3,-1,0,-1,-1,0,0,1,5,-3,-1,-1,-3,-1,0,-1,-1,0
8819,resize,1,1,1,1,1,1,-3,5,-2,-4,-1,-2,-2,0,-2,-2,1,1,-3,5,-2,-4,-1,-2,-2,0,-2,-2
8820,resize,2,2,2,1,1,1,-1,1,6,0,-2,-3,-2,0,-1,-4,2,1,-1,1,6,0,-2,-3,-2,0,-1,-4
8821,resize,3,3,3,1,1,1,-4,-1,-2,6,-4,3,-3,-1,-1,-1,3,1,-4,-1,-2,6,-4,3,-3,-1,-1,-1
8822,resize,4,4,4,1,1,1,-4,-1,-2,-3,5,-2,-3,0,-1,-1,4,1,-4,-1,-2,-3,5,-2,-3,0,-1,-1
8823,resize,5,5,5,1,1,1,-1,-1,-1,-1,-2,6,1,-2,1,0,5,1,-1,-1,-1,-1,-2,6,1,-2,1,0
8824,resize,6,6,6,1,1,1,1,-2,-3,-2,-1,2,6,-4,-1,-3,6,1,1,-2,-3,-2,-1,2,6,-4,-1,-3
8825,resize,7,7,7,1,1,1,-1,-1,-1,1,-1,-1,-4,3,-1,1,7,1,-1,-1,-1,1,-1,-1,-4,3,-1,1
8826,resize,8,8,8,1,1,1,-1,-2,-1,-1,-1,0,-1,-3,5,1,8,1,-1,-2,-1,-1,-1,0,-1,-3,5,1
8827,resize,9,9,9,1,1,1,-2,-2,-3,-1,1,0,-5,-1,-1,4,9,1,-2,-2,-3,-1,1,0,-5,-1,-1,4
8828,resize,6,6,6,1,1,1,0,-1,-4,-3,-1,2,6,-4,-1,-3,6,1,0,-1,-4,-3,-1,2,6,-4,-1,-3
8829,resize,4,4,4,1,1,1,-5,-1,-2,-4,6,-3,-4,-1,-3,0,4,1,-5,-1,-2,-4,6,-3,-4,-1,-3,0
8830,resize,2,2,2,1,1,1,-2,1,6,0,-2,-4,-2,-1,0,-4,2,1,-2,1,6,0,-2,-4,-2,-1,0,-4
8831,resize,6,6,6,1,1,1,0,-1,-3,-2,0,1,5,-3,-1,-3,6,1,0,-1,-3,-2,0,1,5,-3,-1,-3
8832,resize,4,4,4,1,1,1,-3,-1,-2,-4,5,-3,-3,0,-3,-1,4,1,-3,-1,-2,-4,5,-3,-3,0,-3,-1
8833,resize,7,7,7,1,1,1,-2,-1,-1,0,0,-2,-5,4,-1,0,7,1,-2,-1,-1,0,0,-2,-5,4,-1,0
8834,resize,5,5,5,1,1,1,-2,-2,-3,0,-2,7,0,-3,0,1,5,1,-2,-2,-3,0,-2,7,0,-3,0,1
8835,resize,5,5,5,1,1,1,-3,-1,-3,-1,-2,6,1,-2,1,0,5,1,-3,-1,-3,-1,-2,6,1,-2,1,0
8836,resize,4,4,4,1,1,1,-3,-1,-2,-3,5,-3,-3,0,-3,-1,4,1,-3,-1,-2,-3,5,-3,-3,0,-3,-1
8837,resize,7,7,7,1,1,1,-2,0,0,0,-1,-2,-5,4,-1,0,7,1,-2,0,0,0,-1,-2,-5,4,-1,0
8838,resize,2,2,2,1,1,1,-2,1,7,0,-3,-4,-2,-1,-2,-6,2,1,-2,1,7,0,-3,-4,-2,-1,-2,-6
8839,resize,9,9,9,1,1,1,-2,-2,-3,0,0,0,-5,-1,-1,5,9,1,-2,-2,-3,0,0,0,-5,-1,-1,5
8840,resize,3,3,3,1,1,1,-4,-1,-1,7,-6,2,-4,-1,1,-1,3,1,-4,-1,-1,7,-6,2,-4,-1,1,-1
8841,resize,9,9,9,1,1,1,-2,-3,-3,-1,1,-1,-5,-1,-2,5,9,1,-2,-3,-3,-1,1,-1,-5,-1,-2,5
8842,resize,3,3,3,1,1,1,-4,-1,-2,6,-5,2,-3,-1,0,0,3,1,-4,-1,-2,6,-5,2,-3,-1,0,0
8843,resize,8,8,8,1,1,1,-1,-2,-2,-2,0,0,-1,-3,5,1,8,1,-1,-2,-2,-2,0,0,-1,-3,5,1
8844,resize,2,2,2,1,1,1,-1,1,6,0,-2,-3,-2,-1,-1,-4,2,1,-1,1,6,0,-2,-3,-2,-1,-1,-4
8845,resize,0,0,0,1,1,1,6,-3,-1,-2,-3,-1,0,-1,-1,-1,0,1,6,-3,-1,-2,-3,-1,0,-1,-1,-1
8846,resize,9,9,9,1,1,1,-1,-1,-2,-1,1,-2,-3,0,-1,3,9,1,-1,-1,-2,-1,1,-2,-3,0,-1,3
8847,resize,5,5,5,1,1,1,-1,-3,-4,0,-2,6,0,-2,0,1,5,1,-1,-3,-4,0,-2,6,0,-2,0,1
8848,resize,6,6,6,1,1,1,0,-1,-4,-3,1,1,5,-3,-2,-2,6,1,0,-1,-4,-3,1,1,5,-3,-2,-2
8849,resize,0,0,0,1,1,1,6,-3,-2,-2,-3,-1,0,-1,-1,-1,0,1,6,-3,-2,-2,-3,-1,0,-1,-1,-1
8850,resize,1,1,1,1,1,1,-2,4,-1,-3,-1,-1,-1,0,-1,-1,1,1,-2,4,-1,-3,-1,-1,-1,0,-1,-1
8851,resize,0,0,0,1,1,1,4,-3,-2,-1,-2,-1,0,-1,-1,0,0,1,4,-3,-2,-1,-2,-1,0,-1,-1,0
8852,resize,6,6,6,1,1,1,0,-1,-3,-3,-1,2,7,-5,-1,-4,6,1,0,-1,-3,-3,-1,2,7,-5,-1,-4
8853,resize,5,5,5,1,1,1,-1,-2,-2,-1,-2,6,1,-3,2,0,5,1,-1,-2,-2,-1,-2,6,1,-3,2,0
8854,resize,3,3,3,1,1,1,-3,-1,-2,7,-6,2,-3,-2,0,0,3,1,-3,-1,-2,7,-6,2,-3,-2,0,0
8855,resize,5,5,5,1,1,1,-2,-2,-2,-1,-2,7,1,-2,1,2,5,1,-2,-2,-2,-1,-2,7,1,-2,1,2
8856,resize,3,3,3,1,1,1,-5,0,-2,7,-5,2,-4,-1,0,-1,3,1,-5,0,-2,7,-5,2,-4,-1,0,-1
8857,resize,8,8,8,1,1,1,-1,-1,-1,-2,0,-1,-1,-3,4,1,8,1,-1,-1,-1,-2,0,-1,-1,-3,4,1
8858,resize,0,0,0,1,1,1,5,-2,0,-2,-2,-1,1,-1,-2,-1,0,1,5,-2,0,-2,-2,-1,1,-1,-2,-1
8859,resize,0,0,0,1,1,1,5,-3,-1,-1,-2,-1,1,-1,0,0,0,1,5,-3,-1,-1,-2,-1,1,-1,0,0
8860,resize,3,3,3,1,1,1,-3,-1,-2,6,-5,2,-3,-2,1,-1,3,1,-3,-1,-2,6,-5,2,-3,-2,1,-1
8861,resize,4,4,4,1,1,1,-3,-1,-2,-3,5,-3,-4,0,-2,0,4,1,-3,-1,-2,-3,5,-3,-4,0,-2,0
8862,resize,1,1,1,1,1,1,-2,4,-2,-4,0,-1,-2,0,-2,-1,1,1,-2,4,-2,-4,0,-1,-2,0,-2,-1
8863,resize,5,5,5,1,1,1,-2,-1,-2,-1,-2,5,1,-2,2,0,5,1,-2,-1,-2,-1,-2,5,1,-2,2,0
8864,resize,3,3,3,1,1,1,-4,-1,-2,7,-5,3,-3,-1,0,-1,3,1,-4,-1,-2,7,-5,3,-3,-1,0,-1
8865,resize,0,0,0,1,1,1,5,-3,-1,-1,-2,-1,0,-1,-1,0,0,1,5,-3,-1,-1,-2,-1,0,-1,-1,0
8866,resize,8,8,8,1,1,1,-1,-1,-3,-1,-1,0,-2,-2,4,0,8,1,-1,-1,-3,-1,-1,0,-2,-2,4,0
8867,resize,3,3,3,1,1,1,-3,-1,-1,6,-5,3,-3,-2,0,-1,3,1,-3,-1,-1,6,-5,3,-3,-2,0,-1
8868,resize,0,0,0,1,1,1,5,-3,-1,-1,-2,-1,1,-2,-1,0,0,1,5,-3,-1,-1,-2,-1,1,-2,-1,0
8869,resize,6,6,6,1,1,1,0,-2,-4,-3,-1,2,7,-4,-1,-3,6,1,0,-2,-4,-3,-1,2,7,-4,-1,-3
8870,resize,2,2,2,1,1,1,-2,1,6,0,-1,-4,-2,-1,-1,-4,2,1,-2,1,6,0,-1,-4,-2,-1,-1,-4
8871,resize,7,7,7,1,1,1,-2,-1,0,0,0,-2,-6,4,-1,0,7,1,-2,-1,0,0,0,-2,-6,4,-1,0
8872,resize,8,8,8,1,1,1,-1,-1,-1,-1,-1,-1,-2,-3,5,0,8,1,-1,-1,-1,-1,-1,-1,-2,-3,5,0
8873,resize,1,1,1,1,1,1,-2,4,-1,-4,-2,-1,-1,-1,0,-2,1,1,-2,4,-1,-4,-2,-1,-1,-1,0,-2
8874,resize,7,7,7,1,1,1,-3,-1,0,1,0,-2,-5,4,-1,0,7,1,-3,-1,0,1,0,-2,-5,4,-1,0
8875,resize,1,1,1,1,1,1,-2,4,-1,-3,-2,-1,-1,-1,0,-2,1,1,-2,4,-1,-3,-2,-1,-1,-1,0,-2
8876,resize,3,3,3,1,1,1,-2,-1,-2,6,-4,2,-3,-1,0,0,3,1,-2,-1,-2,6,-4,2,-3,-1,0,0
8877,resize,8,8,8,1,1,1,-2,-1,-2,-2,-1,0,-2,-3,6,0,8,1,-2,-1,-2,-2,-1,0,-2,-3,6,0
8878,resize,5,5,5,1,1,1,-2,-2,-4,0,-2,7,0,-2,0,1,5,1,-2,-2,-4,0,-2,7,0,-2,0,1
8879,resize,4,4,4,1,1,1,-4,-1,-3,-4,6,-3,-4,-1,-4,-1,4,1,-4,-1,-3,-4,6,-3,-4,-1,-4,-1
8880,resize,2,2,2,1,1,1,-2,1,7,0,-3,-4,-3,0,-1,-4,2,1,-2,1,7,0,-3,-4,-3,0,-1,-4
8881,resize,0,0,0,1,1,1,5,-2,-1,-2,-2,-1,0,-1,-1,0,0,1,5,-2,-1,-2,-2,-1,0,-1,-1,0
8882,resize,9,9,9,1,1,1,-2,-2,-3,0,0,-2,-4,-1,-1,4,9,1,-2,-2,-3,0,0,-2,-4,-1,-1,4
8883,resize,7,7,7,1,1,1,-3,0,-1,0,0,-2,-5,4,-1,-1,7,1,-3,0,-1,0,0,-2,-5,4,-1,-1
8884,resize,6,6,6,1,1,1,1,-2,-4,-3,-1,2,7,-4,-1,-3,6,1,1,-2,-4,-3,-1,2,7,-4,-1,-3
8885,resize,7,7,7,1,1,1,-2,0,0,1,-1,-2,-5,4,-1,-1,7,1,-2,0,0,1,-1,-2,-5,4,-1,-1
8886,resize,4,4,4,1,1,1,-3,-1,-3,-3,5,-3,-3,0,-1,0,4,1,-3,-1,-3,-3,5,-3,-3,0,-1,0
8887,resize,1,1,1,1,1,1,-3,5,-2,-4,-1,-1,-3,1,-2,-2,1,1,-3,5,-2,-4,-1,-1,-3,1,-2,-2
8888,resize,6,6,6,1,1,1,1,-1,-2,-3,-1,1,6,-4,-1,-3,6,1,1,-1,-2,-3,-1,1,6,-4,-1,-3
8889,resize,2,2,2,1,1,1,-1,0,3,0,-1,-1,-1,-1,0,-1,2,1,-1,0,3,0,-1,-1,-1,-1,0,-1
8890,resize,6,6,6,1,1,1,1,-1,-3,-3,-1,1,6,-4,-1,-3,6,1,1,-1,-3,-3,-1,1,6,-4,-1,-3
8891,resize,7,7,7,1,1,1,-2,0,0,0,0,-2,-5,4,-1,-1,7,1,-2,0,0,0,0,-2,-5,4,-1,-1
8892,resize,1,1,1,1,1,1,-1,4,-1,-3,-1,-1,-1,0,-1,-2,1,1,-1,4,-1,-3,-1,-1,-1,0,-1,-2
8893,resize,9,9,9,1,1,1,-2,-3,-3,0,0,-1,-6,0,-1,5,9,1,-2,-3,-3,0,0,-1,-6,0,-1,5
8894,resize,8,8,8,1,1,1,-1,-2,-2,-1,-2,0,-1,-3,6,0,8,1,-1,-2,-2,-1,-2,0,-1,-3,6,0
8895,resize,0,0,0,1,1,1,5,-3,-1,-2,-4,-1,0,-1,0,-1,0,1,5,-3,-1,-2,-4,-1,0,-1,0,-1
8896,resize,6,6,6,1,1,1,1,-2,-4,-3,-1,2,6,-4,-2,-3,6,1,1,-2,-4,-3,-1,2,6,-4,-2,-3
8897,resize,9,9,9,1,1,1,-2,-3,-3,-1,1,-2,-5,0,-1,5,9,1,-2,-3,-3,-1,1,-2,-5,0,-1,5
8898,resize,4,4,4,1,1,1,-4,-1,-3,-4,6,-2,-3,-2,-2,0,4,1,-4,-1,-3,-4,6,-2,-3,-2,-2,0
8899,resize,9,9,9,1,1,1,-2,-2,-2,0,0,-1,-5,0,-2,4,9,1,-2,-2,-2,0,0,-1,-5,0,-2,4
8900,resize,9,9,9,1,1,1,-2,-2,-4,-1,1,-1,-5,-1,-1,5,9,1,-2,-2,-4,-1,1,-1,-5,-1,-1,5
8901,resize,6,6,6,1,1,1,0,-1,-2,-3,-2,2,6,-5,0,-3,6,1,0,-1,-2,-3,-2,2,6,-5,0,-3
8902,resize,2,2,2,1,1,1,-2,1,5,0,-2,-3,-2,-1,0,-3,2,1,-2,1,5,0,-2,-3,-2,-1,0,-3
8903,resize,3,3,3,1,1,1,-4,-1,-1,7,-5,2,-3,-1,0,-1,3,1,-4,-1,-1,7,-5,2,-3,-1,0,-1
8904,resize,7,7,7,1,1,1,-2,-1,-1,0,0,-1,-5,4,-1,0,7,1,-2,-1,-1,0,0,-1,-5,4,-1,0
8905,resize,1,1,1,1,1,1,-2,3,-2,-2,0,-1,-2,0,0,0,1,1,-2,3,-2,-2,0,-1,-2,0,0,0
8906,resize,9,9,9,1,1,1,-2,-2,-4,-2,1,-1,-3,-2,-1,4,9,1,-2,-2,-4,-2,1,-1,-3,-2,-1,4
8907,resize,2,2,2,1,1,1,-1,1,6,0,-2,-4,-3,0,-1,-4,2,1,-1,1,6,0,-2,-4,-3,0,-1,-4
8908,resize,2,2,2,1,1,1,-2,1,5,-1,-1,-3,-1,-2,0,-3,2,1,-2,1,5,-1,-1,-3,-1,-2,0,-3
8909,resize,5,5,5,1,1,1,-2,-2,-3,0,-3,7,0,-3,0,1,5,1,-2,-2,-3,0,-3,7,0,-3,0,1
8910,resize,3,3,3,1,1,1,-3,-1,-1,6,-5,2,-3,-1,0,-1,3,1,-3,-1,-1,6,-5,2,-3,-1,0,-1
8911,resize,7,7,7,1,1,1,-2,0,1,0,-1,-1,-5,4,-1,-1,7,1,-2,0,1,0,-1,-1,-5,4,-1,-1
8912,resize,8,8,8,1,1,1,0,-1,-1,0,-2,0,-1,-2,3,-1,8,1,0,-1,-1,0,-2,0,-1,-2,3,-1
8913,resize,0,0,0,1,1,1,5,-2,-1,-1,-3,1,2,-2,0,-1,0,1,5,-2,-1,-1,-3,1,2,-2,0,-1
8914,resize,1,1,1,1,1,1,-2,4,-1,-4,-1,-1,-1,-1,0,-2,1,1,-2,4,-1,-4,-1,-1,-1,-1,0,-2
8915,resize,2,2,2,1,1,1,-2,1,6,0,-2,-4,-2,-1,-2,-5,2,1,-2,1,6,0,-2,-4,-2,-1,-2,-5
8916,resize,3,3,3,1,1,1,-4,0,-1,6,-5,2,-4,-1,0,-1,3,1,-4,0,-1,6,-5,2,-4,-1,0,-1
8917,resize,4,4,4,1,1,1,-4,-1,-3,-4,5,-2,-4,-1,-2,0,4,1,-4,-1,-3,-4,5,-2,-4,-1,-2,0
8918,resize,7,7,7,1,1,1,-2,0,-2,0,0,0,-4,3,-1,-1,7,1,-2,0,-2,0,0,0,-4,3,-1,-1
8919,resize,8,8,8,1,1,1,-1,-2,-2,0,-2,0,-2,-4,6,1,8,1,-1,-2,-2,0,-2,0,-2,-4,6,1
8920,resize,9,9,9,1,1,1,-1,-2,-2,0,-1,-1,-5,1,-1,3,9,1,-1,-2,-2,0,-1,-1,-5,1,-1,3
8921,resize,0,0,0,1,1,1,4,-2,0,-2,-2,-1,0,-1,0,-1,0,1,4,-2,0,-2,-2,-1,0,-1,0,-1
8922,resize,1,1,1,1,1,1,-2,5,-1,-4,-1,-1,-1,-1,-1,-3,1,1,-2,5,-1,-4,-1,-1,-1,-1,-1,-3
8923,resize,2,2,2,1,1,1,-1,0,4,0,-1,-1,-1,-1,-1,-2,2,1,-1,0,4,0,-1,-1,-1,-1,-1,-2
8924,resize,3,3,3,1,1,1,-3,-2,-2,6,-5,1,-3,-2,1,0,3,1,-3,-2,-2,6,-5,1,-3,-2,1,0
8925,resize,4,4,4,1,1,1,-4,0,-3,-4,6,-3,-3,-1,-3,-2,4,1,-4,0,-3,-4,6,-3,-3,-1,-3,-2
8926,resize,7,7,7,1,1,1,-2,-1,-2,0,-1,0,-6,4,-1,0,7,1,-2,-1,-2,0,-1,0,-6,4,-1,0
8927,resize,8,8,8,1,1,1,-1,-2,-1,-1,-2,-1,-1,-4,6,0,8,1,-1,-2,-1,-1,-2,-1,-1,-4,6,0
8928,resize,9,9,9,1,1,1,-1,-2,-2,0,-1,-1,-4,0,0,4,9,1,-1,-2,-2,0,-1,-1,-4,0,0,4
8929,resize,0,0,0,1,1,1,5,-3,0,-2,-3,0,1,-2,0,-1,0,1,5,-3,0,-2,-3,0,1,-2,0,-1
8930,resize,1,1,1,1,1,1,-2,5,-2,-4,-1,-1,-1,-1,0,-2,1,1,-2,5,-2,-4,-1,-1,-1,-1,0,-2
8931,resize,7,7,7,1,1,1,-1,-1,-2,0,0,0,-4,4,0,0,7,1,-1,-1,-2,0,0,0,-4,4,0,0
8932,resize,8,8,8,1,1,1,-1,-2,0,0,-3,-1,-2,-3,5,1,8,1,-1,-2,0,0,-3,-1,-2,-3,5,1
8933,resize,9,9,9,1,1,1,-2,-3,-2,0,0,-2,-5,1,-1,4,9,1,-2,-3,-2,0,0,-2,-5,1,-1,4
8934,resize,8,8,8,1,1,1,-2,-2,-1,0,-1,0,-2,-3,5,1,8,1,-2,-2,-1,0,-1,0,-2,-3,5,1
8935,resize,9,9,9,1,1,1,-1,-3,-3,0,-1,-1,-6,1,-2,4,9,1,-1,-3,-3,0,-1,-1,-6,1,-2,4
8936,resize,2,2,2,1,1,1,-2,1,6,0,-3,-3,-2,-1,-1,-5,2,1,-2,1,6,0,-3,-3,-2,-1,-1,-5
8937,resize,6,6,6,1,1,1,0,-1,-3,-3,0,1,6,-4,-1,-3,6,1,0,-1,-3,-3,0,1,6,-4,-1,-3
8938,resize,1,1,1,1,1,1,-3,4,-2,-3,0,-1,-2,0,-2,-2,1,1,-3,4,-2,-3,0,-1,-2,0,-2,-2
8939,resize,3,3,3,1,1,1,-2,-1,-1,6,-5,2,-3,-2,1,0,3,1,-2,-1,-1,6,-5,2,-3,-2,1,0
8940,resize,5,5,5,1,1,1,-2,-2,-2,1,-2,5,-1,-2,0,1,5,1,-2,-2,-2,1,-2,5,-1,-2,0,1
8941,resize,4,4,4,1,1,1,-3,-1,-1,-3,5,-2,-3,0,-2,-1,4,1,-3,-1,-1,-3,5,-2,-3,0,-2,-1
8942,resize,8,8,8,1,1,1,-2,-1,0,0,-1,-1,-2,-2,3,1,8,1,-2,-1,0,0,-1,-1,-2,-2,3,1
8943,resize,2,2,2,1,1,1,-2,1,6,0,-3,-3,-2,-1,-1,-5,2,1,-2,1,6,0,-3,-3,-2,-1,-1,-5
8944,resize,6,6,6,1,1,1,0,-2,-1,-3,-2,2,5,-4,1,-3,6,1,0,-2,-1,-3,-2,2,5,-4,1,-3
8945,resize,4,4,4,1,1,1,-3,-1,-1,-3,5,-2,-3,-1,-2,-1,4,1,-3,-1,-1,-3,5,-2,-3,-1,-2,-1
8946,resize,3,3,3,1,1,1,-3,-2,-2,7,-6,2,-4,-2,0,0,3,1,-3,-2,-2,7,-6,2,-4,-2,0,0
8947,resize,4,4,4,1,1,1,-3,-1,-2,-3,5,-3,-3,-1,-2,-1,4,1,-3,-1,-2,-3,5,-3,-3,-1,-2,-1
8948,resize,5,5,5,1,1,1,-2,-1,-2,0,-1,4,-1,-1,1,0,5,1,-2,-1,-2,0,-1,4,-1,-1,1,0
8949,resize,9,9,9,1,1,1,-2,-3,-2,-1,0,-1,-6,0,-1,5,9,1,-2,-3,-2,-1,0,-1,-6,0,-1,5
8950,resize,2,2,2,1,1,1,-2,1,5,0,-2,-3,-2,0,-2,-4,2,1,-2,1,5,0,-2,-3,-2,0,-2,-4
8951,resize,0,0,0,1,1,1,5,-3,-1,-2,-3,1,2,-2,-1,-1,0,1,5,-3,-1,-2,-3,1,2,-2,-1,-1
8952,resize,3,3,3,1,1,1,-2,-1,-1,4,-4,1,-3,-1,0,0,3,1,-2,-1,-1,4,-4,1,-3,-1,0,0
8953,resize,9,9,9,1,1,1,-2,-3,-3,-1,1,-2,-5,-1,-2,5,9,1,-2,-3,-3,-1,1,-2,-5,-1,-2,5
8954,resize,4,4,4,1,1,1,-3,0,-1,-3,5,-2,-3,-1,-3,-1,4,1,-3,0,-1,-3,5,-2,-3,-1,-3,-1
8955,resize,9,9,9,1,1,1,-2,-3,-3,-1,1,-1,-5,-1,-1,4,9,1,-2,-3,-3,-1,1,-1,-5,-1,-1,4
8956,resize,7,7,7,1,1,1,-2,-1,-2,-1,0,-1,-5,3,-1,0,7,1,-2,-1,-2,-1,0,-1,-5,3,-1,0
8957,resize,3,3,3,1,1,1,-3,-1,-2,6,-4,3,-3,-1,0,-1,3,1,-3,-1,-2,6,-4,3,-3,-1,0,-1
8958,resize,8,8,8,1,1,1,-1,-2,-2,1,-2,0,-2,-3,5,0,8,1,-1,-2,-2,1,-2,0,-2,-3,5,0
8959,resize,7,7,7,1,1,1,-2,-1,-2,0,0,-1,-5,4,-1,0,7,1,-2,-1,-2,0,0,-1,-5,4,-1,0
8960,resize,4,4,4,1,1,1,-3,-1,-2,-3,6,-3,-3,0,-3,-2,4,1,-3,-1,-2,-3,6,-3,-3,0,-3,-2
8961,resize,4,4,4,1,1,1,-3,-1,-1,-2,4,-2,-2,0,-2,-1,4,1,-3,-1,-1,-2,4,-2,-2,0,-2,-1
8962,resize,9,9,9,1,1,1,-2,-2,-3,-1,1,-2,-5,-1,0,4,9,1,-2,-2,-3,-1,1,-2,-5,-1,0,4
8963,resize,8,8,8,1,1,1,-2,-1,0,-1,-1,-1,-2,-2,3,1,8,1,-2,-1,0,-1,-1,-1,-2,-2,3,1
8964,resize,5,5,5,1,1,1,-2,-2,-4,-1,-2,6,0,-2,1,2,5,1,-2,-2,-4,-1,-2,6,0,-2,1,2
8965,resize,8,8,8,1,1,1,-1,-2,-1,-1,-2,-1,-2,-3,6,1,8,1,-1,-2,-1,-1,-2,-1,-2,-3,6,1
8966,resize,2,2,2,1,1,1,-3,1,6,1,-3,-4,-2,0,-1,-6,2,1,-3,1,6,1,-3,-4,-2,0,-1,-6
8967,resize,6,6,6,1,1,1,-1,-1,-2,-2,-1,2,5,-4,1,-3,6,1,-1,-1,-2,-2,-1,2,5,-4,1,-3
8968,resize,6,6,6,1,1,1,-1,-1,-3,-3,-1,2,7,-4,0,-4,6,1,-1,-1,-3,-3,-1,2,7,-4,0,-4
8969,resize,2,2,2,1,1,1,-1,1,6,-1,-2,-3,-2,0,-2,-4,2,1,-1,1,6,-1,-2,-3,-2,0,-2,-4
8970,resize,3,3,3,1,1,1,-3,-1,0,6,-5,1,-3,-1,1,-1,3,1,-3,-1,0,6,-5,1,-3,-1,1,-1
8971,resize,1,1,1,1,1,1,-2,4,-2,-4,-1,-1,-1,-1,0,-2,1,1,-2,4,-2,-4,-1,-1,-1,-1,0,-2
8972,resize,3,3,3,1,1,1,-4,-1,-1,6,-5,2,-4,-1,0,-1,3,1,-4,-1,-1,6,-5,2,-4,-1,0,-1
8973,resize,2,2,2,1,1,1,-2,1,6,0,-2,-3,-2,-1,-1,-5,2,1,-2,1,6,0,-2,-3,-2,-1,-1,-5
8974,resize,7,7,7,1,1,1,-2,-1,-2,0,-1,0,-6,5,-1,-1,7,1,-2,-1,-2,0,-1,0,-6,5,-1,-1
8975,resize,3,3,3,1,1,1,-1,-2,-1,5,-4,1,-3,-2,1,1,3,1,-1,-2,-1,5,-4,1,-3,-2,1,1
8976,resize,1,1,1,1,1,1,-2,4,-2,-4,0,-1,-1,-1,-1,-1,1,1,-2,4,-2,-4,0,-1,-1,-1,-1,-1
8977,resize,9,9,9,1,1,1,-2,-2,-2,-1,1,-1,-5,0,-1,4,9,1,-2,-2,-2,-1,1,-1,-5,0,-1,4
8978,resize,0,0,0,1,1,1,6,-4,-1,-2,-3,-1,1,-1,0,0,0,1,6,-4,-1,-2,-3,-1,1,-1,0,0
8979,resize,1,1,1,1,1,1,-2,5,-2,-5,-1,-1,-1,-1,-2,-3,1,1,-2,5,-2,-5,-1,-1,-1,-1,-2,-3
8980,resize,1,1,1,1,1,1,-2,5,-1,-4,-1,-1,-2,1,-2,-2,1,1,-2,5,-1,-4,-1,-1,-2,1,-2,-2
8981,resize,3,3,3,1,1,1,-2,-2,-1,6,-5,2,-3,-2,1,1,3,1,-2,-2,-1,6,-5,2,-3,-2,1,1
8982,resize,5,5,5,1,1,1,-2,-1,-2,1,-2,4,0,-1,0,0,5,1,-2,-1,-2,1,-2,4,0,-1,0,0
8983,resize,0,0,0,1,1,1,4,-3,-1,-1,-3,0,1,-2,0,-1,0,1,4,-3,-1,-1,-3,0,1,-2,0,-1
8984,resize,7,7,7,1,1,1,-2,0,-1,-1,0,-1,-3,3,0,-1,7,1,-2,0,-1,-1,0,-1,-3,3,0,-1
8985,resize,8,8,8,1,1,1,-1,-2,-1,0,-3,-1,-2,-3,6,1,8,1,-1,-2,-1,0,-3,-1,-2,-3,6,1
8986,resize,1,1,1,1,1,1,-3,5,-2,-4,-1,-2,-2,0,-2,-2,1,1,-3,5,-2,-4,-1,-2,-2,0,-2,-2
8987,resize,5,5,5,1,1,1,-2,-1,-3,0,-2,6,0,-2,0,1,5,1,-2,-1,-3,0,-2,6,0,-2,0,1
8988,resize,1,1,1,1,1,1,-3,5,-2,-4,-1,-1,-1,0,-1,-3,1,1,-3,5,-2,-4,-1,-1,-1,0,-1,-3
8989,resize,4,4,4,1,1,1,-4,-1,-2,-4,6,-3,-4,-1,-3,-1,4,1,-4,-1,-2,-4,6,-3,-4,-1,-3,-1
8990,resize,6,6,6,1,1,1,-1,-2,-4,-2,0,2,6,-4,0,-3,6,1,-1,-2,-4,-2,0,2,6,-4,0,-3
8991,resize,0,0,0,1,1,1,4,-1,0,-1,-2,-1,1,-2,-1,-1,0,1,4,-1,0,-1,-2,-1,1,-2,-1,-1
8992,resize,0,0,0,1,1,1,6,-3,0,-1,-3,-1,1,-2,-1,-1,0,1,6,-3,0,-1,-3,-1,1,-2,-1,-1
8993,resize,4,4,4,1,1,1,-3,-1,-2,-3,5,-2,-3,-1,-3,-1,4,1,-3,-1,-2,-3,5,-2,-3,-1,-3,-1
8994,resize,9,9,9,1,1,1,-2,-3,-3,-1,1,-2,-5,0,0,4,9,1,-2,-3,-3,-1,1,-2,-5,0,0,4
8995,resize,1,1,1,1,1,1,-2,4,-2,-4,-1,-1,-2,-1,-2,-2,1,1,-2,4,-2,-4,-1,-1,-2,-1,-2,-2
8996,resize,6,6,6,1,1,1,0,-1,-2,-3,-2,1,6,-4,0,-3,6,1,0,-1,-2,-3,-2,1,6,-4,0,-3
8997,resize,6,6,6,1,1,1,0,-2,-3,-2,0,1,5,-3,0,-2,6,1,0,-2,-3,-2,0,1,5,-3,0,-2
8998,resize,9,9,9,1,1,1,-2,-2,-3,-1,1,-2,-5,0,-1,4,9,1,-2,-2,-3,-1,1,-2,-5,0,-1,4
8999,resize,0,0,0,1,1,1,5,-3,-1,-2,-2,-1,2,-2,-1,-1,0,1,5,-3,-1,-2,-2,-1,2,-2,-1,-1
9000,resize,7,7,7,1,1,1,-2,-1,-1,0,0,-1,-5,4,-1,0,7,1,-2,-1,-1,0,0,-1,-5,4,-1,0
9001,resize,6,6,6,1,1,1,0,-1,-2,-3,-1,1,6,-4,0,-4,6,1,0,-1,-2,-3,-1,1,6,-4,0,-4
9002,resize,1,1,1,1,1,1,-2,5,-2,-4,-2,-1,-2,0,-1,-2,1,1,-2,5,-2,-4,-2,-1,-2,0,-1,-2
9003,resize,1,1,1,1,1,1,-2,4,-1,-3,-1,-1,-1,0,0,-2,1,1,-2,4,-1,-3,-1,-1,-1,0,0,-2
9004,resize,0,0,0,1,1,1,5,-3,0,-1,-4,-1,-1,-1,2,-1,0,1,5,-3,0,-1,-4,-1,-1,-1,2,-1
9005,resize,1,1,1,1,1,1,-2,4,-2,-4,-1,-1,-2,1,-2,-1,1,1,-2,4,-2,-4,-1,-1,-2,1,-2,-1
9006,resize,2,2,2,1,1,1,-1,1,5,0,-3,-2,-2,1,-1,-4,2,1,-1,1,5,0,-3,-2,-2,1,-1,-4
9007,resize,3,3,3,1,1,1,-5,0,-1,7,-6,1,-4,-1,0,-2,3,1,-5,0,-1,7,-6,1,-4,-1,0,-2
9008,resize,4,4,4,1,1,1,-1,-1,-2,-3,4,-2,1,-2,-2,-1,4,1,-1,-1,-2,-3,4,-2,1,-2,-2,-1
9009,resize,7,2,2,0,0,1,-3,2,4,-1,-1,-2,-3,2,-2,-4,2,1,-3,2,4,-1,-1,-2,-3,2,-2,-4
9010,resize,2,2,2,1,1,1,-1,0,5,1,-4,-3,-2,0,0,-4,2,1,-1,0,5,1,-4,-3,-2,0,0,-4
9011,resize,3,3,3,1,1,1,-3,-1,0,5,-5,1,-3,-1,1,-2,3,1,-3,-1,0,5,-5,1,-3,-1,1,-2
9012,resize,4,4,4,1,1,1,-1,-1,-2,-2,2,0,0,-2,0,-1,4,1,-1,-1,-2,-2,2,0,0,-2,0,-1
9013,resize,5,5,5,1,1,1,-1,-1,-2,0,-2,4,0,-1,0,-1,5,1,-1,-1,-2,0,-2,4,0,-1,0,-1
9014,resize,6,6,6,1,1,1,1,-2,-2,-3,-2,2,5,-4,0,-3,6,1,1,-2,-2,-3,-2,2,5,-4,0,-3
9015,resize,7,2,2,0,0,1,-1,1,3,0,-1,-2,-2,2,-2,-3,2,1,-1,1,3,0,-1,-2,-2,2,-2,-3
9016,resize,0,0,0,1,1,1,3,-2,-1,0,-3,1,2,-2,0,-1,0,1,3,-2,-1,0,-3,1,2,-2,0,-1
9017,resize,1,1,1,1,1,1,-2,4,0,-4,-1,-1,-1,0,-1,-2,1,1,-2,4,0,-4,-1,-1,-1,0,-1,-2
9018,resize,2,2,2,1,1,1,-1,1,5,0,-3,-2,-2,1,-2,-4,2,1,-1,1,5,0,-3,-2,-2,1,-2,-4
9019,resize,7,2,2,0,0,1,-3,2,3,0,-1,-3,-4,3,-2,-4,2,1,-3,2,3,0,-1,-3,-4,3,-2,-4
9020,resize,8,8,8,1,1,1,-2,-2,-2,0,-2,1,0,-3,5,0,8,1,-2,-2,-2,0,-2,1,0,-3,5,0
9021,resize,6,6,6,1,1,1,0,-1,-2,-3,-1,1,6,-4,-1,-4,6,1,0,-1,-2,-3,-1,1,6,-4,-1,-4
9022,resize,3,3,3,1,1,1,-4,0,1,4,-4,1,-2,0,-1,-4,3,1,-4,0,1,4,-4,1,-2,0,-1,-4
9023,resize,9,9,9,1,1,1,0,-3,-2,1,-1,0,-4,1,-1,3,9,1,0,-3,-2,1,-1,0,-4,1,-1,3
9024,resize,7,2,2,0,0,1,-3,2,3,0,-2,-2,-3,2,-2,-4,2,1,-3,2,3,0,-2,-2,-3,2,-2,-4
9025,resize,1,1,1,1,1,1,-2,4,-1,-4,-1,0,-1,0,0,-3,1,1,-2,4,-1,-4,-1,0,-1,0,0,-3
9026,resize,9,9,9,1,1,1,-1,-2,-2,0,-1,-1,-5,0,-1,4,9,1,-1,-2,-2,0,-1,-1,-5,0,-1,4
9027,resize,3,3,3,1,1,1,-3,-1,-1,6,-5,2,-3,-1,0,-1,3,1,-3,-1,-1,6,-5,2,-3,-1,0,-1
9028,resize,9,9,9,1,1,1,-1,-3,-2,0,0,0,-4,0,0,3,9,1,-1,-3,-2,0,0,0,-4,0,0,3
9029,resize,6,6,6,1,1,1,1,-2,-3,-3,-2,3,6,-5,0,-3,6,1,1,-2,-3,-3,-2,3,6,-5,0,-3
9030,resize,1,1,1,1,1,1,-2,3,-2,-3,-1,-1,-2,0,-1,-1,1,1,-2,3,-2,-3,-1,-1,-2,0,-1,-1
9031,resize,7,7,7,1,1,1,-3,1,2,0,-1,-2,-4,3,-2,-3,7,1,-3,1,2,0,-1,-2,-4,3,-2,-3
9032,resize,2,2,2,1,1,1,-1,1,5,1,-3,-3,-3,1,-1,-5,2,1,-1,1,5,1,-3,-3,-3,1,-1,-5
9033,resize,4,4,4,1,1,1,-5,-1,-2,-4,5,-2,-4,-1,-2,-1,4,1,-5,-1,-2,-4,5,-2,-4,-1,-2,-1
9034,resize,4,4,4,1,1,1,-5,-1,-3,-4,6,-3,-4,-1,-1,0,4,1,-5,-1,-3,-4,6,-3,-4,-1,-1,0
9035,resize,5,5,5,1,1,1,-2,-1,-3,-1,0,4,0,-1,0,0,5,1,-2,-1,-3,-1,0,4,0,-1,0,0
9036,resize,7,7,2,1,0,0,-3,2,3,1,-2,-2,-3,2,-2,-3,2,1,-3,2,3,1,-2,-2,-3,2,-2,-3
9037,resize,0,0,0,1,1,1,5,-3,-1,-1,-3,0,1,-1,0,-1,0,1,5,-3,-1,-1,-3,0,1,-1,0,-1
9038,resize,0,0,0,1,1,1,4,-3,-2,-1,-3,1,2,-2,-1,-2,0,1,4,-3,-2,-1,-3,1,2,-2,-1,-2
9039,resize,1,1,1,1,1,1,-2,5,-2,-5,-1,-2,-2,0,-2,-1,1,1,-2,5,-2,-5,-1,-2,-2,0,-2,-1
9040,resize,6,6,6,1,1,1,0,-2,-3,-2,-2,3,6,-4,0,-2,6,1,0,-2,-3,-2,-2,3,6,-4,0,-2
9041,resize,6,6,6,1,1,1,1,-2,-3,-3,-1,3,6,-5,-1,-3,6,1,1,-2,-3,-3,-1,3,6,-5,-1,-3
9042,resize,8,8,8,1,1,1,-2,-2,-1,-1,-1,0,-1,-3,6,0,8,1,-2,-2,-1,-1,-1,0,-1,-3,6,0
9043,resize,2,2,2,1,1,1,-1,1,4,1,-5,-2,-2,0,-1,-4,2,1,-1,1,4,1,-5,-2,-2,0,-1,-4
9044,resize,7,7,7,1,1,1,-3,2,2,0,-1,-3,-4,4,-2,-3,7,1,-3,2,2,0,-1,-3,-4,4,-2,-3
9045,resize,7,7,7,1,1,1,-3,1,2,0,-1,-2,-4,3,-1,-2,7,1,-3,1,2,0,-1,-2,-4,3,-1,-2
9046,resize,2,2,2,1,1,1,-1,0,5,1,-4,-3,-2,1,0,-4,2,1,-1,0,5,1,-4,-3,-2,1,0,-4
9047,resize,4,4,4,1,1,1,-3,-1,-3,-3,6,-2,-2,0,-2,-2,4,1,-3,-1,-3,-3,6,-2,-2,0,-2,-2
9048,resize,2,2,2,1,1,1,0,1,6,0,-3,-3,-1,0,-2,-6,2,1,0,1,6,0,-3,-3,-1,0,-2,-6
9049,resize,1,1,1,1,1,1,-3,5,-2,-4,-1,-2,-3,1,-2,-1,1,1,-3,5,-2,-4,-1,-2,-3,1,-2,-1
9050,resize,6,6,6,1,1,1,0,-2,-2,-2,-1,2,5,-4,0,-3,6,1,0,-2,-2,-2,-1,2,5,-4,0,-3
9051,resize,1,1,1,1,1,1,-1,2,-1,-1,-1,-1,-2,0,-1,-1,1,1,-1,2,-1,-1,-1,-1,-2,0,-1,-1
9052,resize,0,0,0,1,1,1,3,-2,-1,-1,-1,0,1,-1,0,-1,0,1,3,-2,-1,-1,-1,0,1,-1,0,-1
9053,resize,6,6,6,1,1,1,0,-1,-2,-3,-1,1,5,-3,-1,-3,6,1,0,-1,-2,-3,-1,1,5,-3,-1,-3
9054,resize,9,9,9,1,1,1,-1,-2,-2,0,0,-1,-4,0,-1,3,9,1,-1,-2,-2,0,0,-1,-4,0,-1,3
9055,resize,8,8,8,1,1,1,-1,-2,-1,0,-3,0,-1,-4,6,-1,8,1,-1,-2,-1,0,-3,0,-1,-4,6,-1
9056,resize,3,3,3,1,1,1,-5,0,-1,6,-4,2,-3,-1,0,-2,3,1,-5,0,-1,6,-4,2,-3,-1,0,-2
9057,resize,9,9,9,1,1,1,-2,-3,-2,1,-1,1,-4,-1,0,4,9,1,-2,-3,-2,1,-1,1,-4,-1,0,4
9058,resize,6,6,6,1,1,1,0,-1,-2,-3,-1,2,6,-4,-2,-3,6,1,0,-1,-2,-3,-1,2,6,-4,-2,-3
9059,resize,3,3,3,1,1,1,-6,0,-1,7,-5,2,-4,0,-1,-3,3,1,-6,0,-1,7,-5,2,-4,0,-1,-3
9060,resize,0,0,0,1,1,1,5,-2,-1,-1,-3,1,1,-1,-1,0,0,1,5,-2,-1,-1,-3,1,1,-1,-1,0
9061,resize,1,1,1,1,1,1,-2,3,0,-2,0,-1,-2,1,-1,-1,1,1,-2,3,0,-2,0,-1,-2,1,-1,-1
9062,resize,2,2,2,1,1,1,0,0,4,0,-3,-2,-1,0,0,-3,2,1,0,0,4,0,-3,-2,-1,0,0,-3
9063,resize,3,3,3,1,1,1,-4,0,0,5,-4,0,-3,0,1,-3,3,1,-4,0,0,5,-4,0,-3,0,1,-3
9064,resize,4,4,4,1,1,1,-5,-1,-2,-4,6,-3,-3,-1,-3,-2,4,1,-5,-1,-2,-4,6,-3,-3,-1,-3,-2
9065,resize,5,5,5,1,1,1,-3,-1,-3,1,-3,7,-1,-1,-1,2,5,1,-3,-1,-3,1,-3,7,-1,-1,-1,2
9066,resize,6,6,6,1,1,1,0,-2,-4,-3,-1,2,7,-4,0,-4,6,1,0,-2,-4,-3,-1,2,7,-4,0,-4
9067,resize,7,7,7,1,1,1,-2,0,-1,-1,0,-1,-6,5,-2,-1,7,1,-2,0,-1,-1,0,-1,-6,5,-2,-1
9068,resize,8,8,8,1,1,1,-2,-1,-1,-1,0,-1,-2,-2,5,1,8,1,-2,-1,-1,-1,0,-1,-2,-2,5,1
9069,resize,9,9,9,1,1,1,-3,-1,-2,-3,2,-2,-5,-1,0,5,9,1,-3,-1,-2,-3,2,-2,-5,-1,0,5
9070,resize,0,0,0,1,1,1,5,-3,-2,-1,-2,0,1,-1,0,0,0,1,5,-3,-2,-1,-2,0,1,-1,0,0
9071,resize,1,1,1,1,1,1,-2,3,-1,-3,0,-1,-1,-1,-1,0,1,1,-2,3,-1,-3,0,-1,-1,-1,-1,0
9072,resize,2,2,2,1,1,1,1,1,5,0,-3,-4,-2,1,-1,-4,2,1,1,1,5,0,-3,-4,-2,1,-1,-4
9073,resize,3,3,3,1,1,1,-4,0,0,3,-2,0,-2,1,0,-3,3,1,-4,0,0,3,-2,0,-2,1,0,-3
9074,resize,4,4,4,1,1,1,-5,0,-2,-4,6,-3,-3,0,-3,-2,4,1,-5,0,-2,-4,6,-3,-3,0,-3,-2
9075,resize,5,5,5,1,1,1,-2,-1,-3,0,-2,7,-1,-1,0,1,5,1,-2,-1,-3,0,-2,7,-1,-1,0,1
9076,resize,6,6,6,1,1,1,0,-2,-4,-3,-1,2,6,-3,0,-2,6,1,0,-2,-4,-3,-1,2,6,-3,0,-2
9077,resize,7,7,7,1,1,1,-3,1,0,0,0,-2,-6,5,-2,-1,7,1,-3,1,0,0,0,-2,-6,5,-2,-1
9078,resize,8,8,8,1,1,1,-2,-2,-2,-1,-1,1,1,-3,5,-1,8,1,-2,-2,-2,-1,-1,1,1,-3,5,-1
9079,resize,9,9,9,1,1,1,-2,-2,-2,-1,1,-2,-4,0,-1,5,9,1,-2,-2,-2,-1,1,-2,-4,0,-1,5
9080,resize,0,0,0,1,1,1,5,-3,0,-1,-3,-1,0,-1,1,-1,0,1,5,-3,0,-1,-3,-1,0,-1,1,-1
9081,resize,1,1,1,1,1,1,-2,3,-2,-3,0,-1,-2,0,-1,0,1,1,-2,3,-2,-3,0,-1,-2,0,-1,0
9082,resize,2,2,2,1,1,1,-1,0,5,1,-4,-3,-2,1,0,-4,2,1,-1,0,5,1,-4,-3,-2,1,0,-4
9083,resize,3,3,3,1,1,1,-5,0,0,6,-4,1,-3,0,0,-2,3,1,-5,0,0,6,-4,1,-3,0,0,-2
9084,resize,4,4,4,1,1,1,-3,0,-1,-3,4,-3,-3,0,-2,-1,4,1,-3,0,-1,-3,4,-3,-3,0,-2,-1
9085,resize,5,5,5,1,1,1,-1,-1,-2,-1,-2,5,0,-1,0,1,5,1,-1,-1,-2,-1,-2,5,0,-1,0,1
9086,resize,6,6,6,1,1,1,0,-2,-3,-3,-1,2,7,-4,0,-4,6,1,0,-2,-3,-3,-1,2,7,-4,0,-4
9087,resize,7,7,7,1,1,1,-2,0,1,0,0,-2,-5,4,-1,-1,7,1,-2,0,1,0,0,-2,-5,4,-1,-1
9088,resize,8,8,8,1,1,1,-2,-1,-2,-1,0,0,0,-2,5,0,8,1,-2,-1,-2,-1,0,0,0,-2,5,0
9089,resize,9,9,9,1,1,1,-2,-2,-2,-1,1,-1,-4,-1,0,4,9,1,-2,-2,-2,-1,1,-1,-4,-1,0,4
9090,resize,1,1,1,1,1,1,-3,4,-2,-3,0,-1,-3,0,-1,0,1,1,-3,4,-2,-3,0,-1,-3,0,-1,0
9091,resize,6,6,6,1,1,1,-1,-1,-3,-3,0,1,6,-3,0,-3,6,1,-1,-1,-3,-3,0,1,6,-3,0,-3
9092,resize,8,8,8,1,1,1,0,-2,-1,0,-1,0,0,-2,4,-1,8,1,0,-2,-1,0,-1,0,0,-2,4,-1
9093,resize,9,9,9,1,1,1,-1,-2,-2,-1,0,-1,-3,0,-1,4,9,1,-1,-2,-2,-1,0,-1,-3,0,-1,4
9094,resize,9,9,9,1,1,1,-2,-2,-3,-1,0,-2,-5,0,-1,5,9,1,-2,-2,-3,-1,0,-2,-5,0,-1,5
9095,resize,0,0,0,1,1,1,4,-2,-1,-1,-2,0,2,-2,0,-1,0,1,4,-2,-1,-1,-2,0,2,-2,0,-1
9096,resize,1,1,1,1,1,1,-2,4,-1,-3,-1,-2,-3,0,-1,-1,1,1,-2,4,-1,-3,-1,-2,-3,0,-1,-1
9097,resize,2,2,2,1,1,1,-1,0,6,1,-4,-3,0,-1,-1,-7,2,1,-1,0,6,1,-4,-3,0,-1,-1,-7
9098,resize,4,4,4,1,1,1,-4,0,-1,-4,6,-3,-4,0,-5,-1,4,1,-4,0,-1,-4,6,-3,-4,0,-5,-1
9099,resize,4,4,4,1,1,1,-2,0,-1,-3,5,-2,-1,-1,-4,-2,4,1,-2,0,-1,-3,5,-2,-1,-1,-4,-2
9100,resize,3,3,3,1,1,1,-4,-1,0,6,-5,0,-3,-1,1,-2,3,1,-4,-1,0,6,-5,0,-3,-1,1,-2
9101,resize,7,7,7,1,1,1,-2,0,1,0,0,-2,-5,4,-1,-1,7,1,-2,0,1,0,0,-2,-5,4,-1,-1
9102,resize,4,4,4,1,1,1,-4,-1,-2,-3,5,-2,-2,-1,-2,-2,4,1,-4,-1,-2,-3,5,-2,-2,-1,-2,-2
9103,resize,4,4,4,1,1,1,-4,-1,-2,-3,5,-2,-1,-1,-2,-1,4,1,-4,-1,-2,-3,5,-2,-1,-1,-2,-1
9104,resize,4,4,4,1,1,1,-5,0,-2,-4,6,-3,-3,0,-4,-3,4,1,-5,0,-2,-4,6,-3,-3,0,-4,-3
9105,resize,0,0,0,1,1,1,5,-4,-1,-1,-2,-1,1,-1,0,0,0,1,5,-4,-1,-1,-2,-1,1,-1,0,0
9106,resize,3,3,3,1,1,1,-5,0,0,6,-5,1,-3,0,0,-2,3,1,-5,0,0,6,-5,1,-3,0,0,-2
9107,resize,8,8,8,1,1,1,-2,-2,-2,0,-1,0,0,-3,5,-1,8,1,-2,-2,-2,0,-1,0,0,-3,5,-1
9108,resize,7,7,7,1,1,1,-3,0,-2,-1,1,-1,-6,5,-2,0,7,1,-3,0,-2,-1,1,-1,-6,5,-2,0
9109,resize,5,5,5,1,1,1,-2,0,-2,-1,-2,6,0,-1,1,0,5,1,-2,0,-2,-1,-2,6,0,-1,1,0
9110,resize,8,8,8,1,1,1,-2,-1,-1,0,0,-1,-1,-1,4,1,8,1,-2,-1,-1,0,0,-1,-1,-1,4,1
9111,resize,2,2,2,1,1,1,0,0,5,0,-3,-3,-1,0,-1,-4,2,1,0,0,5,0,-3,-3,-1,0,-1,-4
9112,resize,1,1,1,1,1,1,-3,4,-2,-3,1,-1,-2,0,-1,1,1,1,-3,4,-2,-3,1,-1,-2,0,-1,1
9113,resize,7,7,7,1,1,1,-3,0,-1,0,1,-2,-5,5,-2,0,7,1,-3,0,-1,0,1,-2,-5,5,-2,0
9114,resize,5,5,5,1,1,1,-1,-1,-1,-2,-3,6,1,-2,2,0,5,1,-1,-1,-1,-2,-3,6,1,-2,2,0
9115,resize,3,3,3,1,1,1,-4,-1,-2,6,-4,2,-3,-1,0,0,3,1,-4,-1,-2,6,-4,2,-3,-1,0,0
9116,resize,8,8,8,1,1,1,-2,-2,-2,-1,-1,0,0,-3,5,0,8,1,-2,-2,-2,-1,-1,0,0,-3,5,0
9117,resize,5,5,5,1,1,1,-1,-1,-2,0,-1,5,-1,-1,1,1,5,1,-1,-1,-2,0,-1,5,-1,-1,1,1
9118,resize,2,2,2,1,1,1,0,1,6,0,-3,-4,-3,0,-1,-4,2,1,0,1,6,0,-3,-4,-3,0,-1,-4
9119,resize,5,5,5,1,1,1,0,-1,-2,-1,-2,5,0,-1,0,0,5,1,0,-1,-2,-1,-2,5,0,-1,0,0
9120,resize,1,1,1,1,1,1,-3,5,-2,-4,-1,-1,-1,-1,-1,-2,1,1,-3,5,-2,-4,-1,-1,-1,-1,-1,-2
9121,resize,1,1,1,1,1,1,-2,4,-2,-3,0,-1,-1,0,-2,-1,1,1,-2,4,-2,-3,0,-1,-1,0,-2,-1
9122,resize,6,6,6,1,1,1,0,-1,-3,-3,-1,2,6,-4,0,-4,6,1,0,-1,-3,-3,-1,2,6,-4,0,-4
9123,resize,2,2,2,1,1,1,-1,0,5,2,-4,-4,-3,1,-1,-3,2,1,-1,0,5,2,-4,-4,-3,1,-1,-3
9124,resize,1,1,1,1,1,1,-3,3,-1,-3,0,0,-2,0,-1,0,1,1,-3,3,-1,-3,0,0,-2,0,-1,0
9125,resize,3,3,3,1,1,1,-5,0,0,6,-4,0,-3,-1,0,-2,3,1,-5,0,0,6,-4,0,-3,-1,0,-2
9126,resize,8,8,8,1,1,1,-2,-1,-1,-1,-1,0,0,-3,5,-1,8,1,-2,-1,-1,-1,-1,0,0,-3,5,-1
9127,resize,6,6,6,1,1,1,-1,-1,-3,-2,0,2,5,-3,-1,-3,6,1,-1,-1,-3,-2,0,2,5,-3,-1,-3
9128,resize,4,4,4,1,1,1,-4,-1,-3,-3,4,-2,-1,0,-1,-2,4,1,-4,-1,-3,-3,4,-2,-1,0,-1,-2
9129,resize,2,2,2,1,1,1,0,0,6,0,-4,-4,-2,0,-1,-4,2,1,0,0,6,0,-4,-4,-2,0,-1,-4
9130,resize,6,6,6,1,1,1,1,-2,-4,-2,-1,2,6,-4,0,-2,6,1,1,-2,-4,-2,-1,2,6,-4,0,-2
9131,resize,2,2,2,1,1,1,0,1,6,0,-3,-4,-3,1,-2,-4,2,1,0,1,6,0,-3,-4,-3,1,-2,-4
9132,resize,5,5,5,1,1,1,-2,-1,-2,0,-2,6,0,-1,1,0,5,1,-2,-1,-2,0,-2,6,0,-1,1,0
9133,resize,5,5,5,1,1,1,-1,0,-1,-1,-2,5,1,-1,1,0,5,1,-1,0,-1,-1,-2,5,1,-1,1,0
9134,resize,0,0,0,1,1,1,6,-4,-2,-1,-3,0,2,-2,0,0,0,1,6,-4,-2,-1,-3,0,2,-2,0,0
9135,resize,2,2,2,1,1,1,-1,1,6,0,-4,-3,-1,0,-1,-6,2,1,-1,1,6,0,-4,-3,-1,0,-1,-6
9136,resize,8,8,8,1,1,1,-3,-2,-2,0,-1,0,0,-3,5,0,8,1,-3,-2,-2,0,-1,0,0,-3,5,0
9137,resize,0,0,0,1,1,1,5,-3,-1,-1,-3,0,1,-1,-1,0,0,1,5,-3,-1,-1,-3,0,1,-1,-1,0
9138,resize,6,6,6,1,1,1,-1,-1,-3,-3,-1,3,7,-4,0,-4,6,1,-1,-1,-3,-3,-1,3,7,-4,0,-4
9139,resize,8,8,8,1,1,1,-3,-1,-2,-1,0,1,1,-2,4,-1,8,1,-3,-1,-2,-1,0,1,1,-2,4,-1
9140,resize,1,1,1,1,1,1,-3,4,-1,-3,-1,-1,-2,1,-1,-1,1,1,-3,4,-1,-3,-1,-1,-2,1,-1,-1
9141,resize,7,7,7,1,1,1,-3,0,-2,0,1,-1,-4,4,-2,0,7,1,-3,0,-2,0,1,-1,-4,4,-2,0
9142,resize,9,9,9,1,1,1,-2,-1,-3,-1,0,-2,-4,-1,-1,4,9,1,-2,-1,-3,-1,0,-2,-4,-1,-1,4
9143,resize,1,1,1,1,1,1,-3,5,-1,-4,-1,-1,-2,1,-2,-1,1,1,-3,5,-1,-4,-1,-1,-2,1,-2,-1
9144,resize,9,9,9,1,1,1,-2,-2,-2,0,0,-1,-4,0,-1,5,9,1,-2,-2,-2,0,0,-1,-4,0,-1,5
9145,resize,2,2,2,1,1,1,-1,1,5,0,-3,-3,-1,0,-1,-4,2,1,-1,1,5,0,-3,-3,-1,0,-1,-4
9146,resize,6,6,6,1,1,1,0,-2,-3,-2,-1,2,6,-4,1,-3,6,1,0,-2,-3,-2,-1,2,6,-4,1,-3
9147,resize,7,7,7,1,1,1,-2,0,-2,0,-1,-1,-6,5,-2,-1,7,1,-2,0,-2,0,-1,-1,-6,5,-2,-1
9148,resize,6,6,6,1,1,1,-1,-1,-2,-3,-1,2,6,-4,1,-4,6,1,-1,-1,-2,-3,-1,2,6,-4,1,-4
9149,resize,6,6,6,1,1,1,0,-1,-3,-3,-1,2,5,-4,0,-3,6,1,0,-1,-3,-3,-1,2,5,-4,0,-3
9150,resize,8,8,8,1,1,1,-3,-2,-3,-1,-1,1,1,-3,6,-1,8,1,-3,-2,-3,-1,-1,1,1,-3,6,-1
9151,resize,7,7,7,1,1,1,-2,-1,-1,-1,0,-1,-5,5,-1,0,7,1,-2,-1,-1,-1,0,-1,-5,5,-1,0
9152,resize,4,4,4,1,1,1,-4,-1,-3,-3,5,-2,-2,-1,-1,-1,4,1,-4,-1,-3,-3,5,-2,-2,-1,-1,-1
9153,resize,9,9,9,1,1,1,-2,-1,-3,-2,0,1,-2,-2,0,4,9,1,-2,-1,-3,-2,0,1,-2,-2,0,4
9154,resize,2,2,2,1,1,1,1,1,7,0,-4,-4,-3,1,-2,-5,2,1,1,1,7,0,-4,-4,-3,1,-2,-5
9155,resize,1,1,1,1,1,1,-2,3,-1,-2,0,-1,-2,1,-1,-1,1,1,-2,3,-1,-2,0,-1,-2,1,-1,-1
9156,resize,3,3,3,1,1,1,-4,-1,-1,6,-4,2,-2,0,0,-2,3,1,-4,-1,-1,6,-4,2,-2,0,0,-2
9157,resize,3,3,3,1,1,1,-5,0,0,7,-6,1,-4,-1,0,-2,3,1,-5,0,0,7,-6,1,-4,-1,0,-2
9158,resize,0,0,0,1,1,1,5,-3,-2,-1,-2,0,1,-2,0,0,0,1,5,-3,-2,-1,-2,0,1,-2,0,0
9159,resize,5,5,5,1,1,1,-3,-1,-2,-1,-2,6,0,-2,1,1,5,1,-3,-1,-2,-1,-2,6,0,-2,1,1
9160,resize,5,5,5,1,1,1,-2,-1,-2,-1,-2,7,1,-2,1,1,5,1,-2,-1,-2,-1,-2,7,1,-2,1,1
9161,resize,8,8,8,1,1,1,-2,-1,-2,-1,-2,2,1,-4,6,-2,8,1,-2,-1,-2,-1,-2,2,1,-4,6,-2
9162,resize,0,0,0,1,1,1,5,-2,-1,-1,-2,0,0,-1,-2,0,0,1,5,-2,-1,-1,-2,0,0,-1,-2,0
9163,resize,3,3,3,1,1,1,-3,-1,0,5,-4,-1,-2,-1,2,-2,3,1,-3,-1,0,5,-4,-1,-2,-1,2,-2
9164,resize,7,7,7,1,1,1,-3,0,-1,-1,0,-2,-7,6,-2,-1,7,1,-3,0,-1,-1,0,-2,-7,6,-2,-1
9165,resize,9,9,9,1,1,1,-2,-2,-3,-2,0,-1,-3,-1,-1,4,9,1,-2,-2,-3,-2,0,-1,-3,-1,-1,4
9166,resize,7,7,7,1,1,1,-4,0,-2,0,0,-1,-6,6,-2,-1,7,1,-4,0,-2,0,0,-1,-6,6,-2,-1
9167,resize,0,0,0,1,1,1,4,-2,0,-1,-3,1,1,-1,0,-1,0,1,4,-2,0,-1,-3,1,1,-1,0,-1
9168,resize,2,2,2,1,1,1,0,1,5,1,-4,-3,-3,1,-1,-4,2,1,0,1,5,1,-4,-3,-3,1,-1,-4
9169,resize,7,7,7,1,1,1,-3,0,-1,-1,0,-1,-4,4,-1,0,7,1,-3,0,-1,-1,0,-1,-4,4,-1,0
9170,resize,9,9,9,1,1,1,-2,-2,-2,-1,0,0,-3,-1,-1,4,9,1,-2,-2,-2,-1,0,0,-3,-1,-1,4
9171,resize,1,1,1,1,1,1,-3,4,-2,-3,0,-1,-2,0,-1,0,1,1,-3,4,-2,-3,0,-1,-2,0,-1,0
9172,resize,7,7,7,1,1,1,-3,0,-2,-1,0,-1,-5,5,-2,0,7,1,-3,0,-2,-1,0,-1,-5,5,-2,0
9173,resize,8,8,8,1,1,1,-2,-2,-2,0,0,-1,-1,-2,4,0,8,1,-2,-2,-2,0,0,-1,-1,-2,4,0
9174,resize,0,0,0,1,1,1,5,-3,-2,-1,-3,1,2,-2,-1,-1,0,1,5,-3,-2,-1,-3,1,2,-2,-1,-1
9175,resize,3,3,3,1,1,1,-4,0,0,6,-5,0,-3,0,0,-2,3,1,-4,0,0,6,-5,0,-3,0,0,-2
9176,resize,5,5,5,1,1,1,-3,0,-2,-1,-2,5,1,-2,1,1,5,1,-3,0,-2,-1,-2,5,1,-2,1,1
9177,resize,3,3,3,1,1,1,-4,0,1,6,-4,0,-3,-1,1,-3,3,1,-4,0,1,6,-4,0,-3,-1,1,-3
9178,resize,6,6,6,1,1,1,0,-1,-3,-3,-1,1,7,-4,0,-4,6,1,0,-1,-3,-3,-1,1,7,-4,0,-4
9179,resize,0,0,0,1,1,1,4,-3,-1,-2,-3,-1,-1,0,1,-1,0,1,4,-3,-1,-2,-3,-1,-1,0,1,-1
9180,resize,1,1,1,1,1,1,-2,4,-2,-4,-2,0,-1,0,-1,-2,1,1,-2,4,-2,-4,-2,0,-1,0,-1,-2
9181,resize,2,2,2,1,1,1,-1,1,6,0,-3,-4,-2,0,-2,-5,2,1,-1,1,6,0,-3,-4,-2,0,-2,-5
9182,resize,3,3,3,1,1,1,-3,-1,-1,7,-6,2,-4,-2,0,0,3,1,-3,-1,-1,7,-6,2,-4,-2,0,0
9183,resize,4,4,4,1,1,1,-5,0,-2,-4,6,-3,-3,-1,-2,-2,4,1,-5,0,-2,-4,6,-3,-3,-1,-2,-2
9184,resize,5,5,5,1,1,1,-3,-1,-3,1,-2,6,-1,-1,-1,1,5,1,-3,-1,-3,1,-2,6,-1,-1,-1,1
9185,resize,6,6,6,1,1,1,0,-1,-3,-3,0,2,5,-4,0,-2,6,1,0,-1,-3,-3,0,2,5,-4,0,-2
9186,resize,7,7,7,1,1,1,-2,0,-1,0,-1,-1,-4,3,-1,-1,7,1,-2,0,-1,0,-1,-1,-4,3,-1,-1
9187,resize,8,8,8,1,1,1,-2,-2,0,-1,-1,-1,-2,-3,5,1,8,1,-2,-2,0,-1,-1,-1,-2,-3,5,1
9188,resize,9,9,9,1,1,1,-2,-2,-3,0,0,-2,-5,-1,-1,3,9,1,-2,-2,-3,0,0,-2,-5,-1,-1,3
9189,resize,0,0,0,1,1,1,4,-2,0,-1,-3,0,1,-1,0,-1,0,1,4,-2,0,-1,-3,0,1,-1,0,-1
9190,resize,1,1,1,1,1,1,-3,5,-3,-4,-1,0,-1,0,-1,-2,1,1,-3,5,-3,-4,-1,0,-1,0,-1,-2
9191,resize,2,2,2,1,1,1,-2,1,5,1,-3,-3,-2,0,-1,-4,2,1,-2,1,5,1,-3,-3,-2,0,-1,-4
9192,resize,3,3,3,1,1,1,-2,-2,-2,5,-4,2,-3,-2,0,1,3,1,-2,-2,-2,5,-4,2,-3,-2,0,1
9193,resize,4,4,4,1,1,1,-5,0,-2,-4,6,-3,-2,-1,-3,-2,4,1,-5,0,-2,-4,6,-3,-2,-1,-3,-2
9194,resize,5,5,5,1,1,1,-2,-2,-4,1,-3,7,-1,-2,0,1,5,1,-2,-2,-4,1,-3,7,-1,-2,0,1
9195,resize,6,6,6,1,1,1,1,-2,-3,-3,-1,2,6,-5,1,-2,6,1,1,-2,-3,-3,-1,2,6,-5,1,-2
9196,resize,7,7,7,1,1,1,-3,0,-2,-1,-1,0,-6,4,-1,-1,7,1,-3,0,-2,-1,-1,0,-6,4,-1,-1
9197,resize,8,8,8,1,1,1,-1,-2,0,0,-1,0,-2,-2,3,1,8,1,-1,-2,0,0,-1,0,-2,-2,3,1
9198,resize,9,9,9,1,1,1,-3,-2,-4,-2,1,-2,-6,0,-1,5,9,1,-3,-2,-4,-2,1,-2,-6,0,-1,5
9199,resize,0,0,0,1,1,1,4,-3,-1,-1,-3,0,1,-2,1,-1,0,1,4,-3,-1,-1,-3,0,1,-2,1,-1
9200,resize,1,1,1,1,1,1,-1,4,-2,-4,-1,-1,-1,-1,-1,-2,1,1,-1,4,-2,-4,-1,-1,-1,-1,-1,-2
9201,resize,2,2,2,1,1,1,-2,1,6,1,-3,-3,-2,1,-1,-6,2,1,-2,1,6,1,-3,-3,-2,1,-1,-6
9202,resize,3,3,3,1,1,1,-1,-2,-2,5,-4,1,-3,-1,1,1,3,1,-1,-2,-2,5,-4,1,-3,-1,1,1
9203,resize,4,4,4,1,1,1,-5,0,-2,-4,5,-3,-3,-1,-2,-1,4,1,-5,0,-2,-4,5,-3,-3,-1,-2,-1
9204,resize,7,7,7,1,1,1,-2,0,-1,0,0,0,-4,3,-1,0,7,1,-2,0,-1,0,0,0,-4,3,-1,0
9205,resize,8,8,8,1,1,1,0,-2,-1,-1,-2,0,-1,-3,4,0,8,1,0,-2,-1,-1,-2,0,-1,-3,4,0
9206,resize,9,9,9,1,1,1,-3,-2,-3,-1,1,-2,-6,-1,0,4,9,1,-3,-2,-3,-1,1,-2,-6,-1,0,4
9207,resize,6,6,6,1,1,1,1,-2,-4,-3,-1,2,6,-4,0,-2,6,1,1,-2,-4,-3,-1,2,6,-4,0,-2
9208,resize,4,4,4,1,1,1,-3,-1,-3,-3,4,-1,-3,0,-2,0,4,1,-3,-1,-3,-3,4,-1,-3,0,-2,0
9209,resize,2,2,2,1,1,1,-2,1,6,1,-3,-3,-2,0,-1,-4,2,1,-2,1,6,1,-3,-3,-2,0,-1,-4
9210,resize,6,6,6,1,1,1,1,-2,-4,-3,-1,1,5,-4,0,-1,6,1,1,-2,-4,-3,-1,1,5,-4,0,-1
9211,resize,4,4,4,1,1,1,-5,-1,-3,-4,5,-2,-4,-1,-2,1,4,1,-5,-1,-3,-4,5,-2,-4,-1,-2,1
9212,resize,7,7,7,1,1,1,-1,0,-2,-1,0,0,-4,3,0,-1,7,1,-1,0,-2,-1,0,0,-4,3,0,-1
9213,resize,8,8,8,1,1,1,-1,-2,-2,-1,-2,1,0,-4,6,-1,8,1,-1,-2,-2,-1,-2,1,0,-4,6,-1
9214,resize,9,9,9,1,1,1,-2,-2,-2,-1,1,-1,-4,0,-1,3,9,1,-2,-2,-2,-1,1,-1,-4,0,-1,3
9215,resize,2,2,2,1,1,1,-3,1,5,1,-3,-3,-2,0,0,-4,2,1,-3,1,5,1,-3,-3,-2,0,0,-4
9216,resize,9,9,9,1,1,1,-3,-2,-3,-2,1,-2,-6,0,-1,4,9,1,-3,-2,-3,-2,1,-2,-6,0,-1,4
9217,resize,3,3,3,1,1,1,-2,-2,0,5,-4,1,-2,-1,1,0,3,1,-2,-2,0,5,-4,1,-2,-1,1,0
9218,resize,9,9,9,1,1,1,-2,-2,-3,0,1,-1,-5,-1,-1,4,9,1,-2,-2,-3,0,1,-1,-5,-1,-1,4
9219,resize,3,3,3,1,1,1,-2,-2,-1,6,-5,2,-3,-2,1,1,3,1,-2,-2,-1,6,-5,2,-3,-2,1,1
9220,resize,0,0,0,1,1,1,5,-2,-1,-1,-2,0,1,-2,-1,-1,0,1,5,-2,-1,-1,-2,0,1,-2,-1,-1
9221,resize,0,0,0,1,1,1,4,-3,-1,-2,-3,0,0,-1,0,-1,0,1,4,-3,-1,-2,-3,0,0,-1,0,-1
9222,resize,1,1,1,1,1,1,-4,6,-3,-6,0,0,-1,0,-1,-2,1,1,-4,6,-3,-6,0,0,-1,0,-1,-2
9223,resize,0,0,0,1,1,1,4,-2,0,-2,-2,0,1,-2,1,-1,0,1,4,-2,0,-2,-2,0,1,-2,1,-1
9224,resize,4,4,4,1,1,1,-4,-1,-2,-4,6,-2,-3,-1,-3,-2,4,1,-4,-1,-2,-4,6,-2,-3,-1,-3,-2
9225,resize,2,2,2,1,1,1,-2,1,4,1,-3,-2,-2,0,0,-4,2,1,-2,1,4,1,-3,-2,-2,0,0,-4
9226,resize,6,6,6,1,1,1,1,-2,-3,-3,-2,2,6,-4,-1,-3,6,1,1,-2,-3,-3,-2,2,6,-4,-1,-3
9227,resize,3,3,3,1,1,1,-1,-2,-1,5,-5,1,-3,-2,1,1,3,1,-1,-2,-1,5,-5,1,-3,-2,1,1
9228,resize,5,5,5,1,1,1,-2,-2,-4,1,-2,7,0,-2,-1,1,5,1,-2,-2,-4,1,-2,7,0,-2,-1,1
9229,resize,3,3,3,1,1,1,-3,-2,-1,6,-5,1,-4,-2,1,0,3,1,-3,-2,-1,6,-5,1,-4,-2,1,0
9230,resize,0,0,0,1,1,1,5,-2,-1,-1,-2,-1,1,-1,-1,0,0,1,5,-2,-1,-1,-2,-1,1,-1,-1,0
9231,resize,3,3,3,1,1,1,-3,-1,-2,6,-5,2,-4,-2,1,1,3,1,-3,-1,-2,6,-5,2,-4,-2,1,1
9232,resize,4,4,4,1,1,1,-5,0,-2,-4,6,-2,-3,-1,-2,-2,4,1,-5,0,-2,-4,6,-2,-3,-1,-2,-2
9233,resize,1,1,1,1,1,1,-1,4,-2,-3,-2,0,0,-2,-1,-2,1,1,-1,4,-2,-3,-2,0,0,-2,-1,-2
9234,resize,5,5,5,1,1,1,-2,-1,-2,1,-3,5,-1,-2,0,0,5,1,-2,-1,-2,1,-3,5,-1,-2,0,0
9235,resize,3,3,3,1,1,1,-3,-2,-2,6,-5,2,-4,-2,0,1,3,1,-3,-2,-2,6,-5,2,-4,-2,0,1
9236,resize,0,0,0,1,1,1,4,-2,0,-1,-2,-1,0,-1,0,-1,0,1,4,-2,0,-1,-2,-1,0,-1,0,-1
9237,resize,8,8,8,1,1,1,-2,-2,0,-1,-1,0,-1,-3,5,1,8,1,-2,-2,0,-1,-1,0,-1,-3,5,1
9238,resize,3,3,3,1,1,1,-2,-1,-1,6,-5,1,-3,-1,0,0,3,1,-2,-1,-1,6,-5,1,-3,-1,0,0
9239,resize,0,0,0,1,1,1,5,-3,-1,-2,-3,0,2,-2,-1,-1,0,1,5,-3,-1,-2,-3,0,2,-2,-1,-1
9240,resize,6,6,6,1,1,1,1,-2,-3,-3,-2,2,6,-5,0,-3,6,1,1,-2,-3,-3,-2,2,6,-5,0,-3
9241,resize,1,1,1,1,1,1,-2,5,-2,-4,-1,-1,-1,0,-2,-2,1,1,-2,5,-2,-4,-1,-1,-1,0,-2,-2
9242,resize,7,7,7,1,1,1,-3,-1,-2,-1,0,-1,-6,5,-1,-1,7,1,-3,-1,-2,-1,0,-1,-6,5,-1,-1
9243,resize,8,8,8,1,1,1,-1,-1,-1,-1,0,0,0,-2,3,0,8,1,-1,-1,-1,-1,0,0,0,-2,3,0
9244,resize,0,0,0,1,1,1,5,-3,-1,-1,-3,0,1,-1,0,-1,0,1,5,-3,-1,-1,-3,0,1,-1,0,-1
9245,resize,9,9,9,1,1,1,0,-3,-2,0,1,-1,-3,0,0,2,9,1,0,-3,-2,0,1,-1,-3,0,0,2
9246,resize,2,2,2,1,1,1,-1,1,6,0,-3,-4,-3,1,-2,-5,2,1,-1,1,6,0,-3,-4,-3,1,-2,-5
9247,resize,6,6,6,1,1,1,0,-2,-3,-3,-2,3,7,-5,0,-4,6,1,0,-2,-3,-3,-2,3,7,-5,0,-4
9248,resize,7,7,7,1,1,1,-2,-1,-2,-1,0,-1,-5,4,-1,0,7,1,-2,-1,-2,-1,0,-1,-5,4,-1,0
9249,resize,1,1,1,1,1,1,-3,5,-2,-3,-2,-1,-2,0,0,-2,1,1,-3,5,-2,-3,-2,-1,-2,0,0,-2
9250,resize,9,9,9,1,1,1,-2,-3,-3,0,0,-2,-6,0,-1,5,9,1,-2,-3,-3,0,0,-2,-6,0,-1,5
9251,resize,6,6,6,1,1,1,1,-1,-3,-3,-1,2,6,-4,-1,-2,6,1,1,-1,-3,-3,-1,2,6,-4,-1,-2
9252,resize,9,9,9,1,1,1,0,-2,-3,-1,1,-2,-3,-1,1,2,9,1,0,-2,-3,-1,1,-2,-3,-1,1,2
9253,resize,4,4,4,1,1,1,-3,1,-1,-4,4,-3,-2,-1,-3,-2,4,1,-3,1,-1,-4,4,-3,-2,-1,-3,-2
9254,resize,9,9,9,1,1,1,-2,-3,-4,-1,0,-2,-6,-1,-1,5,9,1,-2,-3,-4,-1,0,-2,-6,-1,-1,5
9255,resize,9,9,9,1,1,1,-3,-1,-3,-3,1,-2,-5,0,0,3,9,1,-3,-1,-3,-3,1,-2,-5,0,0,3
9256,resize,6,6,6,1,1,1,1,-2,-2,-3,-2,1,5,-4,0,-2,6,1,1,-2,-2,-3,-2,1,5,-4,0,-2
9257,resize,7,7,7,1,1,1,-3,0,-2,0,0,-1,-5,4,-1,0,7,1,-3,0,-2,0,0,-1,-5,4,-1,0
9258,resize,1,1,1,1,1,1,-1,4,-2,-4,-1,-1,-1,-1,-1,-2,1,1,-1,4,-2,-4,-1,-1,-1,-1,-1,-2
9259,resize,2,2,2,1,1,1,-2,1,6,1,-4,-3,-2,1,-1,-5,2,1,-2,1,6,1,-4,-3,-2,1,-1,-5
9260,resize,5,5,5,1,1,1,-2,-1,-2,1,-2,6,-1,-2,0,0,5,1,-2,-1,-2,1,-2,6,-1,-2,0,0
9261,resize,3,3,3,1,1,1,-3,-1,-1,6,-5,1,-3,-1,1,-1,3,1,-3,-1,-1,6,-5,1,-3,-1,1,-1
9262,resize,7,7,7,1,1,1,-2,0,-2,-1,-1,-1,-5,4,-1,-1,7,1,-2,0,-2,-1,-1,-1,-5,4,-1,-1
9263,resize,8,8,8,1,1,1,-1,-2,-1,-2,-1,0,-1,-3,5,0,8,1,-1,-2,-1,-2,-1,0,-1,-3,5,0
9264,resize,0,0,0,1,1,1,5,-2,0,-1,-3,0,0,-1,-1,0,0,1,5,-2,0,-1,-3,0,0,-1,-1,0
9265,resize,1,1,1,1,1,1,-3,2,-1,-1,0,0,-3,1,-1,0,1,1,-3,2,-1,-1,0,0,-3,1,-1,0
9266,resize,2,2,2,1,1,1,-1,0,5,2,-3,-3,-1,0,0,-4,2,1,-1,0,5,2,-3,-3,-1,0,0,-4
9267,resize,4,4,4,1,1,1,-5,-2,-2,-3,5,-2,-5,-1,-1,1,4,1,-5,-2,-2,-3,5,-2,-5,-1,-1,1
9268,resize,5,5,5,1,1,1,-1,-1,-1,0,-2,4,0,-1,0,1,5,1,-1,-1,-1,0,-2,4,0,-1,0,1
9269,resize,6,6,6,1,1,1,-1,-1,-2,-2,0,1,6,-3,-1,-4,6,1,-1,-1,-2,-2,0,1,6,-3,-1,-4
9270,resize,7,7,7,1,1,1,-3,1,0,0,0,-1,-4,4,-1,-1,7,1,-3,1,0,0,0,-1,-4,4,-1,-1
9271,resize,8,8,8,1,1,1,-1,-2,-2,-1,-2,0,0,-3,5,-1,8,1,-1,-2,-2,-1,-2,0,0,-3,5,-1
9272,resize,9,9,9,1,1,1,-2,-2,-2,-1,0,-1,-4,-1,-1,4,9,1,-2,-2,-2,-1,0,-1,-4,-1,-1,4
9273,resize,0,0,0,1,1,1,4,-2,-1,-1,-2,-1,1,-1,-1,0,0,1,4,-2,-1,-1,-2,-1,1,-1,-1,0
9274,resize,1,1,1,1,1,1,-3,3,-1,-2,0,-1,-3,1,-1,-1,1,1,-3,3,-1,-2,0,-1,-3,1,-1,-1
9275,resize,3,3,3,1,1,1,-2,-1,0,4,-3,0,-2,-1,0,-2,3,1,-2,-1,0,4,-3,0,-2,-1,0,-2
9276,resize,4,4,4,1,1,1,-3,-1,-2,-4,5,-1,-2,-1,-3,0,4,1,-3,-1,-2,-4,5,-1,-2,-1,-3,0
9277,resize,5,5,5,1,1,1,-2,-1,-1,-2,-2,5,0,-2,2,2,5,1,-2,-1,-1,-2,-2,5,0,-2,2,2
9278,resize,6,6,6,1,1,1,0,-1,-3,-3,0,2,6,-3,-1,-3,6,1,0,-1,-3,-3,0,2,6,-3,-1,-3
9279,resize,7,7,7,1,1,1,-3,0,0,0,0,-1,-6,5,-2,-1,7,1,-3,0,0,0,0,-1,-6,5,-2,-1
9280,resize,8,8,8,1,1,1,-2,-1,-1,0,-3,2,1,-3,4,-1,8,1,-2,-1,-1,0,-3,2,1,-3,4,-1
9281,resize,0,0,0,1,1,1,4,-2,0,0,-3,0,0,-1,-1,0,0,1,4,-2,0,0,-3,0,0,-1,-1,0
9282,resize,1,1,1,1,1,1,-3,4,-1,-3,-1,-1,-2,0,-1,-1,1,1,-3,4,-1,-3,-1,-1,-2,0,-1,-1
9283,resize,3,3,3,1,1,1,-4,0,-1,4,-3,1,-3,0,0,-1,3,1,-4,0,-1,4,-3,1,-3,0,0,-1
9284,resize,4,4,4,1,1,1,-3,-1,-1,-3,5,-2,-3,-1,-3,0,4,1,-3,-1,-1,-3,5,-2,-3,-1,-3,0
9285,resize,7,7,7,1,1,1,-2,0,0,0,0,-2,-4,4,-1,-1,7,1,-2,0,0,0,0,-2,-4,4,-1,-1
9286,resize,8,8,8,1,1,1,-2,-2,-1,0,-3,1,0,-4,6,-1,8,1,-2,-2,-1,0,-3,1,0,-4,6,-1
9287,resize,9,9,9,1,1,1,-2,-2,-3,0,0,-1,-4,-1,-1,4,9,1,-2,-2,-3,0,0,-1,-4,-1,-1,4
9288,resize,7,7,7,1,1,1,-2,0,0,0,0,-1,-4,4,-1,-1,7,1,-2,0,0,0,0,-1,-4,4,-1,-1
9289,resize,5,5,5,1,1,1,-1,-1,-2,1,-2,5,-1,-1,0,1,5,1,-1,-1,-2,1,-2,5,-1,-1,0,1
9290,resize,5,5,5,1,1,1,-1,-1,-1,0,-1,4,0,-1,0,1,5,1,-1,-1,-1,0,-1,4,0,-1,0,1
9291,resize,1,1,1,1,1,1,-3,4,-2,-3,-1,-1,-2,0,-1,-1,1,1,-3,4,-2,-3,-1,-1,-2,0,-1,-1
9292,resize,9,9,9,1,1,1,-2,-2,-3,0,-1,0,-4,-1,-1,4,9,1,-2,-2,-3,0,-1,0,-4,-1,-1,4
9293,resize,9,9,9,1,1,1,-1,-2,-3,1,-1,0,-3,-1,-1,4,9,1,-1,-2,-3,1,-1,0,-3,-1,-1,4
9294,resize,7,7,7,1,1,1,-3,0,0,0,0,-1,-6,5,-2,-1,7,1,-3,0,0,0,0,-1,-6,5,-2,-1
9295,resize,1,1,1,1,1,1,-2,3,-1,-2,-1,-1,-2,1,0,-2,1,1,-2,3,-1,-2,-1,-1,-2,1,0,-2
9296,resize,0,0,0,1,1,1,3,-2,-1,0,-2,-1,1,-1,0,0,0,1,3,-2,-1,0,-2,-1,1,-1,0,0
9297,resize,0,0,0,1,1,1,4,-3,-1,0,-2,-1,1,-2,-1,-1,0,1,4,-3,-1,0,-2,-1,1,-2,-1,-1
9298,resize,5,5,5,1,1,1,-2,-2,-3,0,-3,7,0,-2,0,2,5,1,-2,-2,-3,0,-3,7,0,-2,0,2
9299,resize,9,9,9,1,1,1,-2,-2,-2,-1,0,-1,-5,0,-2,4,9,1,-2,-2,-2,-1,0,-1,-5,0,-2,4
9300,resize,7,7,7,1,1,1,-3,-1,0,0,0,-2,-5,5,-1,0,7,1,-3,-1,0,0,0,-2,-5,5,-1,0
9301,resize,1,1,1,1,1,1,-2,3,-1,-2,0,-1,-1,0,-1,-1,1,1,-2,3,-1,-2,0,-1,-1,0,-1,-1
9302,resize,7,7,7,1,1,1,-3,0,-1,0,0,-1,-5,4,-1,0,7,1,-3,0,-1,0,0,-1,-5,4,-1,0
9303,resize,2,2,2,1,1,1,-1,-1,4,1,-4,-2,-1,-1,1,-3,2,1,-1,-1,4,1,-4,-2,-1,-1,1,-3
9304,resize,2,2,2,1,1,1,0,0,5,1,-3,-3,-1,0,-1,-4,2,1,0,0,5,1,-3,-3,-1,0,-1,-4
9305,resize,3,3,3,1,1,1,-3,-1,0,5,-3,2,-2,-1,0,-2,3,1,-3,-1,0,5,-3,2,-2,-1,0,-2
9306,resize,6,6,6,1,1,1,-1,-1,-2,-3,0,1,7,-3,0,-4,6,1,-1,-1,-2,-3,0,1,7,-3,0,-4
9307,resize,8,8,8,1,1,1,-1,-2,-2,0,-2,0,-1,-3,6,-1,8,1,-1,-2,-2,0,-2,0,-1,-3,6,-1
9308,resize,3,3,3,1,1,1,-2,-1,-1,3,-3,1,-3,0,0,0,3,1,-2,-1,-1,3,-3,1,-3,0,0,0
9309,resize,2,2,2,1,1,1,0,0,4,1,-3,-2,0,-1,0,-4,2,1,0,0,4,1,-3,-2,0,-1,0,-4
9310,resize,0,0,0,1,1,1,4,-2,0,0,-3,0,0,-1,-1,0,0,1,4,-2,0,0,-3,0,0,-1,-1,0
9311,resize,0,0,0,1,1,1,3,-2,0,-1,-1,-2,0,-1,-1,0,0,1,3,-2,0,-1,-1,-2,0,-1,-1,0
9312,resize,6,6,6,1,1,1,-1,-1,-3,-3,-1,1,6,-3,0,-4,6,1,-1,-1,-3,-3,-1,1,6,-3,0,-4
9313,resize,1,1,1,1,1,1,-2,4,-1,-3,-1,-1,-1,0,-1,-1,1,1,-2,4,-1,-3,-1,-1,-1,0,-1,-1
9314,resize,7,7,7,1,1,1,-2,1,1,0,-1,-1,-4,4,-1,-1,7,1,-2,1,1,0,-1,-1,-4,4,-1,-1
9315,resize,5,5,5,1,1,1,-1,-1,-1,0,-2,4,0,-2,1,1,5,1,-1,-1,-1,0,-2,4,0,-2,1,1
9316,resize,8,8,8,1,1,1,-2,-1,-1,-1,0,2,0,-2,3,0,8,1,-2,-1,-1,-1,0,2,0,-2,3,0
9317,resize,6,6,6,1,1,1,0,-1,-2,-2,-1,2,5,-3,-1,-3,6,1,0,-1,-2,-2,-1,2,5,-3,-1,-3
9318,resize,2,2,2,1,1,1,-1,0,4,1,-2,-2,-1,0,0,-4,2,1,-1,0,4,1,-2,-2,-1,0,0,-4
9319,resize,9,9,9,1,1,1,-1,-2,-3,0,0,-1,-4,-1,-1,4,9,1,-1,-2,-3,0,0,-1,-4,-1,-1,4
9320,resize,4,4,4,1,1,1,-4,-1,-2,-4,5,-2,-4,0,-3,1,4,1,-4,-1,-2,-4,5,-2,-4,0,-3,1
9321,resize,8,8,8,1,1,1,-1,-2,-2,0,-2,0,0,-3,5,-1,8,1,-1,-2,-2,0,-2,0,0,-3,5,-1
9322,resize,8,8,8,1,1,1,-1,-2,-2,0,-2,0,-1,-3,6,0,8,1,-1,-2,-2,0,-2,0,-1,-3,6,0
9323,resize,7,7,7,1,1,1,-3,0,0,0,0,-2,-6,5,-1,0,7,1,-3,0,0,0,0,-2,-6,5,-1,0
9324,resize,1,1,1,1,1,1,-3,4,0,-3,-1,-1,-2,0,-1,-2,1,1,-3,4,0,-3,-1,-1,-2,0,-1,-2
9325,resize,0,0,0,1,1,1,5,-3,-1,0,-2,-1,0,-1,-1,1,0,1,5,-3,-1,0,-2,-1,0,-1,-1,1
9326,resize,8,8,8,1,1,1,-1,-2,-2,1,-3,1,-1,-4,5,0,8,1,-1,-2,-2,1,-3,1,-1,-4,5,0
9327,resize,7,7,7,1,1,1,-3,0,0,0,0,-2,-6,5,-1,-1,7,1,-3,0,0,0,0,-2,-6,5,-1,-1
9328,resize,7,7,7,1,1,1,-2,0,0,0,0,-2,-6,5,-1,-1,7,1,-2,0,0,0,0,-2,-6,5,-1,-1
9329,resize,5,5,5,1,1,1,-1,-2,-2,0,-3,6,0,-2,0,1,5,1,-1,-2,-2,0,-3,6,0,-2,0,1
9330,resize,8,8,8,1,1,1,-1,-2,-2,0,-3,1,0,-3,5,-1,8,1,-1,-2,-2,0,-3,1,0,-3,5,-1
9331,resize,5,5,5,1,1,1,-1,-2,-2,1,-2,4,-1,-1,0,2,5,1,-1,-2,-2,1,-2,4,-1,-1,0,2
9332,resize,3,3,3,1,1,1,-2,-1,-1,5,-4,1,-3,-1,0,0,3,1,-2,-1,-1,5,-4,1,-3,-1,0,0
9333,resize,4,4,4,1,1,1,-4,-1,-2,-5,5,-2,-4,-1,-2,0,4,1,-4,-1,-2,-5,5,-2,-4,-1,-2,0
9334,resize,6,6,6,1,1,1,-1,-1,-2,-2,0,1,5,-3,0,-4,6,1,-1,-1,-2,-2,0,1,5,-3,0,-4
9335,resize,1,1,1,1,1,1,-3,3,0,-2,0,-1,-3,1,-1,0,1,1,-3,3,0,-2,0,-1,-3,1,-1,0
9336,resize,1,1,1,1,1,1,-3,4,-2,-3,0,-1,-2,0,-1,0,1,1,-3,4,-2,-3,0,-1,-2,0,-1,0
9337,resize,5,5,5,1,1,1,-2,-2,-2,0,-3,6,-1,-2,1,1,5,1,-2,-2,-2,0,-3,6,-1,-2,1,1
9338,resize,5,5,5,1,1,1,-1,-1,-3,0,-3,6,0,-2,1,1,5,1,-1,-1,-3,0,-3,6,0,-2,1,1
9339,resize,0,0,0,1,1,1,4,-3,0,0,-2,-2,-1,-1,-1,1,0,1,4,-3,0,0,-2,-2,-1,-1,-1,1
9340,resize,7,7,7,1,1,1,-3,1,0,0,0,-1,-4,4,-2,-1,7,1,-3,1,0,0,0,-1,-4,4,-2,-1
9341,resize,2,2,2,1,1,1,-1,0,4,1,-4,-2,-1,-1,0,-4,2,1,-1,0,4,1,-4,-2,-1,-1,0,-4
9342,resize,3,3,3,1,1,1,0,0,0,3,-2,1,0,-1,-2,-2,3,1,0,0,0,3,-2,1,0,-1,-2,-2
9343,resize,6,6,6,1,1,1,-1,-1,-3,-2,0,2,6,-4,0,-4,6,1,-1,-1,-3,-2,0,2,6,-4,0,-4
9344,resize,4,4,4,1,1,1,-3,-1,-1,-3,4,-2,-4,-1,-1,1,4,1,-3,-1,-1,-3,4,-2,-4,-1,-1,1
9345,resize,1,1,1,1,1,1,-3,4,-1,-3,-1,-1,-2,0,-1,-2,1,1,-3,4,-1,-3,-1,-1,-2,0,-1,-2
9346,resize,2,2,2,1,1,1,1,-1,3,1,-3,-2,-1,-1,1,-2,2,1,1,-1,3,1,-3,-2,-1,-1,1,-2
9347,resize,4,4,4,1,1,1,-4,0,-2,-4,5,-2,-3,-1,-2,0,4,1,-4,0,-2,-4,5,-2,-3,-1,-2,0
9348,resize,1,1,1,1,1,1,-2,4,-1,-4,-1,-1,-1,-1,-1,-1,1,1,-2,4,-1,-4,-1,-1,-1,-1,-1,-1
9349,resize,5,5,5,1,1,1,-2,-1,-2,0,-3,5,-1,-3,1,2,5,1,-2,-1,-2,0,-3,5,-1,-3,1,2
9350,resize,4,4,4,1,1,1,-3,0,-1,-2,3,-1,-3,0,-2,1,4,1,-3,0,-1,-2,3,-1,-3,0,-2,1
9351,resize,2,2,2,1,1,1,0,0,5,1,-3,-3,-1,-1,0,-5,2,1,0,0,5,1,-3,-3,-1,-1,0,-5
9352,resize,0,0,0,1,1,1,5,-2,0,-1,-3,-1,0,-1,-1,-1,0,1,5,-2,0,-1,-3,-1,0,-1,-1,-1
9353,resize,4,4,4,1,1,1,-3,-2,-2,-3,5,-2,-4,0,-2,1,4,1,-3,-2,-2,-3,5,-2,-4,0,-2,1
9354,resize,8,8,8,1,1,1,-2,-2,-2,0,-2,1,0,-3,5,-2,8,1,-2,-2,-2,0,-2,1,0,-3,5,-2
9355,resize,6,6,6,1,1,1,0,-1,-2,-2,0,1,5,-3,-1,-4,6,1,0,-1,-2,-2,0,1,5,-3,-1,-4
9356,resize,1,1,1,1,1,1,-2,3,-1,-3,0,-1,-2,0,-1,-2,1,1,-2,3,-1,-3,0,-1,-2,0,-1,-2
9357,resize,9,9,9,1,1,1,-2,-2,-3,0,0,-1,-4,-1,-1,4,9,1,-2,-2,-3,0,0,-1,-4,-1,-1,4
9358,resize,0,0,0,1,1,1,4,-2,0,-1,-1,-1,1,-1,-1,0,0,1,4,-2,0,-1,-1,-1,1,-1,-1,0
9359,resize,2,2,2,1,1,1,-1,1,6,0,-3,-3,-1,0,-1,-5,2,1,-1,1,6,0,-3,-3,-1,0,-1,-5
9360,resize,5,5,5,1,1,1,-2,-1,-2,1,-3,6,-1,-2,1,1,5,1,-2,-1,-2,1,-3,6,-1,-2,1,1
9361,resize,6,6,6,1,1,1,0,-1,-3,-2,-1,1,6,-3,0,-3,6,1,0,-1,-3,-2,-1,1,6,-3,0,-3
9362,resize,9,9,9,1,1,1,-1,-2,-2,0,-1,0,-3,0,-1,3,9,1,-1,-2,-2,0,-1,0,-3,0,-1,3
9363,resize,3,3,3,1,1,1,-2,-1,-1,5,-4,1,-3,-1,1,0,3,1,-2,-1,-1,5,-4,1,-3,-1,1,0
9364,resize,6,6,6,1,1,1,-1,-1,-3,-2,0,1,4,-3,0,-2,6,1,-1,-1,-3,-2,0,1,4,-3,0,-2
9365,resize,3,3,3,1,1,1,-2,-1,-2,6,-4,2,-3,-2,1,0,3,1,-2,-1,-2,6,-4,2,-3,-2,1,0
9366,resize,6,6,6,1,1,1,0,-1,-2,-3,-1,1,5,-3,0,-3,6,1,0,-1,-2,-3,-1,1,5,-3,0,-3
9367,resize,0,0,0,1,1,1,6,-2,0,-1,-3,-1,1,-2,-1,-2,0,1,6,-2,0,-1,-3,-1,1,-2,-1,-2
9368,resize,1,1,1,1,1,1,-3,3,-1,-3,0,-1,-3,0,-1,0,1,1,-3,3,-1,-3,0,-1,-3,0,-1,0
9369,resize,2,2,2,1,1,1,-1,0,5,1,-3,-3,-2,0,0,-4,2,1,-1,0,5,1,-3,-3,-2,0,0,-4
9370,resize,3,3,3,1,1,1,-2,0,0,5,-4,0,-3,-1,0,-1,3,1,-2,0,0,5,-4,0,-3,-1,0,-1
9371,resize,4,4,4,1,1,1,-4,-1,0,-4,5,-3,-5,0,-2,0,4,1,-4,-1,0,-4,5,-3,-5,0,-2,0
9372,resize,5,5,5,1,1,1,-3,-1,-3,2,-2,5,-1,-1,0,0,5,1,-3,-1,-3,2,-2,5,-1,-1,0,0
9373,resize,6,6,6,1,1,1,-1,-1,-4,-3,0,1,6,-3,-1,-3,6,1,-1,-1,-4,-3,0,1,6,-3,-1,-3
9374,resize,7,7,7,1,1,1,-2,-1,-2,0,0,-1,-6,6,-2,-1,7,1,-2,-1,-2,0,0,-1,-6,6,-2,-1
9375,resize,8,8,8,1,1,1,-2,-1,-2,-1,-2,1,1,-4,6,-1,8,1,-2,-1,-2,-1,-2,1,1,-4,6,-1
9376,resize,9,9,9,1,1,1,-1,-2,-2,1,-1,-1,-4,0,-1,4,9,1,-1,-2,-2,1,-1,-1,-4,0,-1,4
9377,resize,0,0,0,1,1,1,5,-2,-2,0,-1,0,2,-2,-1,-1,0,1,5,-2,-2,0,-1,0,2,-2,-1,-1
9378,resize,1,1,1,1,1,1,-4,4,-1,-3,0,-1,-2,0,-1,0,1,1,-4,4,-1,-3,0,-1,-2,0,-1,0
9379,resize,2,2,2,1,1,1,0,-1,4,0,-3,-3,-2,0,0,-2,2,1,0,-1,4,0,-3,-3,-2,0,0,-2
9380,resize,3,3,3,1,1,1,-3,0,0,4,-3,0,-2,0,1,-1,3,1,-3,0,0,4,-3,0,-2,0,1,-1
9381,resize,4,4,4,1,1,1,-3,-1,-1,-4,5,-3,-4,0,-3,0,4,1,-3,-1,-1,-4,5,-3,-4,0,-3,0
9382,resize,5,5,5,1,1,1,-2,-1,-2,1,-1,3,-1,-1,1,0,5,1,-2,-1,-2,1,-1,3,-1,-1,1,0
9383,resize,6,6,6,1,1,1,0,-1,-3,-3,0,1,6,-3,-1,-3,6,1,0,-1,-3,-3,0,1,6,-3,-1,-3
9384,resize,7,7,7,1,1,1,-1,0,1,0,-1,-1,-5,4,-1,-1,7,1,-1,0,1,0,-1,-1,-5,4,-1,-1
9385,resize,8,8,8,1,1,1,-1,-2,-2,-2,-2,2,1,-3,5,-1,8,1,-1,-2,-2,-2,-2,2,1,-3,5,-1
9386,resize,9,9,9,1,1,1,-2,-2,-3,0,0,-1,-4,-1,-1,4,9,1,-2,-2,-3,0,0,-1,-4,-1,-1,4
9387,resize,0,0,0,1,1,1,6,-3,-2,-1,-2,0,2,-2,-1,-1,0,1,6,-3,-2,-1,-2,0,2,-2,-1,-1
9388,resize,1,1,1,1,1,1,-3,3,-1,-3,0,-1,-2,0,-1,0,1,1,-3,3,-1,-3,0,-1,-2,0,-1,0
9389,resize,2,2,2,1,1,1,0,0,7,0,-3,-4,-2,-1,-1,-5,2,1,0,0,7,0,-3,-4,-2,-1,-1,-5
9390,resize,3,3,3,1,1,1,-4,0,0,5,-4,0,-3,0,1,-2,3,1,-4,0,0,5,-4,0,-3,0,1,-2
9391,resize,5,5,5,1,1,1,-3,0,-2,2,-2,5,-1,0,0,-1,5,1,-3,0,-2,2,-2,5,-1,0,0,-1
9392,resize,6,6,6,1,1,1,0,-2,-3,-3,0,1,5,-3,-1,-2,6,1,0,-2,-3,-3,0,1,5,-3,-1,-2
9393,resize,7,7,7,1,1,1,-2,0,0,0,-1,-2,-4,4,-1,0,7,1,-2,0,0,0,-1,-2,-4,4,-1,0
9394,resize,8,8,8,1,1,1,-2,-1,0,-1,-2,1,0,-2,5,-1,8,1,-2,-1,0,-1,-2,1,0,-2,5,-1
9395,resize,1,1,1,1,1,1,-4,4,-2,-3,0,-1,-3,0,-1,0,1,1,-4,4,-2,-3,0,-1,-3,0,-1,0
9396,resize,0,0,0,1,1,1,5,-3,-2,-1,-1,-1,1,-1,-1,-1,0,1,5,-3,-2,-1,-1,-1,1,-1,-1,-1
9397,resize,9,9,9,1,1,1,-3,-2,-2,-1,1,-1,-4,0,0,5,9,1,-3,-2,-2,-1,1,-1,-4,0,0,5
9398,resize,5,5,5,1,1,1,-2,0,-3,2,-3,5,-1,-1,0,0,5,1,-2,0,-3,2,-3,5,-1,-1,0,0
9399,resize,7,7,7,1,1,1,-1,-1,-1,-1,0,-1,-5,4,-1,1,7,1,-1,-1,-1,-1,0,-1,-5,4,-1,1
9400,resize,5,5,5,1,1,1,-3,0,-2,2,-2,5,-1,-2,1,0,5,1,-3,0,-2,2,-2,5,-1,-2,1,0
9401,resize,1,1,1,1,1,1,-3,4,-1,-2,0,0,-2,0,-1,0,1,1,-3,4,-1,-2,0,0,-2,0,-1,0
9402,resize,8,8,8,1,1,1,-2,-2,-2,-1,-3,1,0,-5,7,-1,8,1,-2,-2,-2,-1,-3,1,0,-5,7,-1
9403,resize,6,6,6,1,1,1,-1,-1,-4,-3,0,2,7,-4,0,-4,6,1,-1,-1,-4,-3,0,2,7,-4,0,-4
9404,resize,9,9,9,1,1,1,-2,-2,-2,0,0,-1,-4,1,-1,5,9,1,-2,-2,-2,0,0,-1,-4,1,-1,5
9405,resize,0,0,0,1,1,1,5,-2,0,-1,-3,0,1,-2,0,-1,0,1,5,-2,0,-1,-3,0,1,-2,0,-1
9406,resize,4,4,4,1,1,1,-3,-1,-2,-4,5,-3,-4,-1,-3,1,4,1,-3,-1,-2,-4,5,-3,-4,-1,-3,1
9407,resize,1,1,1,1,1,1,-3,4,-1,-3,0,-1,-2,0,-1,0,1,1,-3,4,-1,-3,0,-1,-2,0,-1,0
9408,resize,9,9,9,1,1,1,-1,-3,-2,0,0,-1,-4,1,-1,4,9,1,-1,-3,-2,0,0,-1,-4,1,-1,4
9409,resize,3,3,3,1,1,1,-3,-2,-1,7,-5,0,-4,-1,1,0,3,1,-3,-2,-1,7,-5,0,-4,-1,1,0
9410,resize,8,8,8,1,1,1,-1,-2,-2,-1,-2,2,0,-3,6,-1,8,1,-1,-2,-2,-1,-2,2,0,-3,6,-1
9411,resize,4,4,4,1,1,1,-3,-1,-1,-2,4,-3,-3,0,-1,0,4,1,-3,-1,-1,-2,4,-3,-3,0,-1,0
9412,resize,4,4,4,1,1,1,-4,-1,-2,-4,6,-3,-4,-1,-2,-1,4,1,-4,-1,-2,-4,6,-3,-4,-1,-2,-1
9413,resize,7,7,7,1,1,1,-1,1,1,0,-1,-1,-3,2,-1,-1,7,1,-1,1,1,0,-1,-1,-3,2,-1,-1
9414,resize,0,0,0,1,1,1,6,-3,-1,-2,-4,-1,0,-1,0,-1,0,1,6,-3,-1,-2,-4,-1,0,-1,0,-1
9415,resize,1,1,1,1,1,1,-3,4,-1,-3,0,-1,-3,1,-2,-1,1,1,-3,4,-1,-3,0,-1,-3,1,-2,-1
9416,resize,9,9,9,1,1,1,-2,-2,-2,0,0,0,-4,0,-1,4,9,1,-2,-2,-2,0,0,0,-4,0,-1,4
9417,resize,2,2,2,1,1,1,-1,0,5,-1,-2,-3,-2,-1,-1,-3,2,1,-1,0,5,-1,-2,-3,-2,-1,-1,-3
9418,resize,8,8,8,1,1,1,-1,-1,-1,0,-2,0,0,-3,5,-1,8,1,-1,-1,-1,0,-2,0,0,-3,5,-1
9419,resize,7,7,7,1,1,1,-2,-1,0,-1,0,-1,-5,4,-1,1,7,1,-2,-1,0,-1,0,-1,-5,4,-1,1
9420,resize,8,8,8,1,1,1,-1,-2,-2,0,-3,0,-1,-4,6,-1,8,1,-1,-2,-2,0,-3,0,-1,-4,6,-1
9421,resize,2,2,2,1,1,1,1,0,2,0,-1,-1,-2,0,-1,-1,2,1,1,0,2,0,-1,-1,-2,0,-1,-1
9422,resize,5,5,5,1,1,1,-3,-1,-3,2,-3,5,-1,-2,1,0,5,1,-3,-1,-3,2,-3,5,-1,-2,1,0
9423,resize,9,9,9,1,1,1,-2,-2,-3,-2,2,-2,-5,0,-2,5,9,1,-2,-2,-3,-2,2,-2,-5,0,-2,5
9424,resize,6,6,6,1,1,1,-1,-1,-3,-3,0,1,6,-3,0,-3,6,1,-1,-1,-3,-3,0,1,6,-3,0,-3
9425,resize,0,0,0,1,1,1,4,-2,-2,-1,-1,0,2,-2,-2,0,0,1,4,-2,-2,-1,-1,0,2,-2,-2,0
9426,resize,6,6,6,1,1,1,1,-1,-3,-2,-1,1,4,-3,-1,-2,6,1,1,-1,-3,-2,-1,1,4,-3,-1,-2
9427,resize,5,5,5,1,1,1,-2,-2,-4,1,-3,6,-1,-2,1,0,5,1,-2,-2,-4,1,-3,6,-1,-2,1,0
9428,resize,5,5,5,1,1,1,-2,-1,-2,1,-3,6,0,-2,0,1,5,1,-2,-1,-2,1,-3,6,0,-2,0,1
9429,resize,3,3,3,1,1,1,-3,-1,0,6,-5,1,-3,-2,1,-1,3,1,-3,-1,0,6,-5,1,-3,-2,1,-1
9430,resize,3,3,3,1,1,1,-3,-1,-1,6,-4,2,-2,-1,0,-2,3,1,-3,-1,-1,6,-4,2,-2,-1,0,-2
9431,resize,3,3,3,1,1,1,-4,-1,-1,6,-5,1,-3,-1,1,-2,3,1,-4,-1,-1,6,-5,1,-3,-1,1,-2
9432,resize,9,9,9,1,1,1,-2,-2,-2,1,-1,-2,-4,-1,0,4,9,1,-2,-2,-2,1,-1,-2,-4,-1,0,4
9433,resize,8,8,8,1,1,1,-2,-1,-1,-2,0,-2,-1,-1,4,1,8,1,-2,-1,-1,-2,0,-2,-1,-1,4,1
9434,resize,1,1,1,1,1,1,-3,4,-1,-3,0,-1,-2,0,-2,0,1,1,-3,4,-1,-3,0,-1,-2,0,-2,0
9435,resize,1,1,1,1,1,1,-3,4,-2,-3,0,0,-2,0,-2,0,1,1,-3,4,-2,-3,0,0,-2,0,-2,0
9436,resize,0,0,0,1,1,1,5,-2,-1,-1,-3,0,0,-2,-1,0,0,1,5,-2,-1,-1,-3,0,0,-2,-1,0
9437,resize,6,6,6,1,1,1,-1,-1,-4,-2,0,1,5,-2,-1,-2,6,1,-1,-1,-4,-2,0,1,5,-2,-1,-2
9438,resize,1,1,1,1,1,1,-3,4,-1,-3,-1,-2,-3,1,-2,-1,1,1,-3,4,-1,-3,-1,-2,-3,1,-2,-1
9439,resize,0,0,0,1,1,1,6,-2,-1,-1,-2,-1,0,-1,-1,0,0,1,6,-2,-1,-1,-2,-1,0,-1,-1,0
9440,resize,0,0,0,1,1,1,5,-3,-2,-1,-2,0,1,-1,-1,0,0,1,5,-3,-2,-1,-2,0,1,-1,-1,0
9441,resize,6,6,6,1,1,1,-1,-2,-4,-3,0,1,7,-3,-1,-3,6,1,-1,-2,-4,-3,0,1,7,-3,-1,-3
9442,resize,2,2,2,1,1,1,0,1,5,0,-2,-2,-1,0,-1,-4,2,1,0,1,5,0,-2,-2,-1,0,-1,-4
9443,resize,1,1,1,1,1,1,-3,3,-1,-2,0,-1,-2,1,-1,0,1,1,-3,3,-1,-2,0,-1,-2,1,-1,0
9444,resize,1,1,1,1,1,1,-3,3,-2,-2,0,-1,-2,0,-1,0,1,1,-3,3,-2,-2,0,-1,-2,0,-1,0
9445,resize,3,3,3,1,1,1,-5,-1,-2,7,-5,2,-3,-1,0,-1,3,1,-5,-1,-2,7,-5,2,-3,-1,0,-1
9446,resize,2,2,2,1,1,1,-1,1,3,0,-2,-1,-2,0,-1,-3,2,1,-1,1,3,0,-2,-1,-2,0,-1,-3
9447,resize,7,7,7,1,1,1,-1,-1,-1,0,-1,0,-4,3,-1,-1,7,1,-1,-1,-1,0,-1,0,-4,3,-1,-1
9448,resize,7,7,7,1,1,1,-1,0,0,0,-1,-1,-3,2,-1,-1,7,1,-1,0,0,0,-1,-1,-3,2,-1,-1
9449,resize,8,8,8,1,1,1,-2,-2,-1,-1,-2,1,0,-3,5,0,8,1,-2,-2,-1,-1,-2,1,0,-3,5,0
9450,resize,8,8,8,1,1,1,-2,-1,-1,-2,-2,2,2,-4,6,-2,8,1,-2,-1,-1,-2,-2,2,2,-4,6,-2
9451,resize,7,7,7,1,1,1,-2,0,-1,0,0,0,-5,4,-2,0,7,1,-2,0,-1,0,0,0,-5,4,-2,0
9452,resize,8,8,8,1,1,1,-2,-1,-2,-1,-1,1,1,-3,6,-2,8,1,-2,-1,-2,-1,-1,1,1,-3,6,-2
9453,resize,4,4,4,1,1,1,-3,-1,-1,-3,5,-3,-4,-1,-2,1,4,1,-3,-1,-1,-3,5,-3,-4,-1,-2,1
9454,resize,6,6,6,1,1,1,-1,-1,-3,-3,1,0,5,-2,-1,-2,6,1,-1,-1,-3,-3,1,0,5,-2,-1,-2
9455,resize,0,0,0,1,1,1,6,-3,-1,-1,-2,-1,0,-2,-2,1,0,1,6,-3,-1,-1,-2,-1,0,-2,-2,1
9456,resize,2,2,2,1,1,1,0,1,4,0,-2,-2,-1,0,-1,-3,2,1,0,1,4,0,-2,-2,-1,0,-1,-3
9457,resize,0,0,0,1,1,1,6,-3,-2,-2,-2,-1,2,-2,-2,-1,0,1,6,-3,-2,-2,-2,-1,2,-2,-2,-1
9458,resize,7,7,7,1,1,1,-1,-1,0,-1,-1,-1,-4,4,0,0,7,1,-1,-1,0,-1,-1,-1,-4,4,0,0
9459,resize,0,0,0,1,1,1,6,-2,-1,-1,-3,-1,1,-2,-2,-1,0,1,6,-2,-1,-1,-3,-1,1,-2,-2,-1
9460,resize,3,3,3,1,1,1,-3,-1,-1,7,-6,1,-4,-2,1,0,3,1,-3,-1,-1,7,-6,1,-4,-2,1,0
9461,resize,6,6,6,1,1,1,0,-2,-4,-3,0,1,7,-3,0,-4,6,1,0,-2,-4,-3,0,1,7,-3,0,-4
9462,resize,8,8,8,1,1,1,-1,-1,-2,-1,-1,-1,-2,-3,6,0,8,1,-1,-1,-2,-1,-1,-1,-2,-3,6,0
9463,resize,7,7,7,1,1,1,0,-1,-1,-1,-1,0,-4,3,-1,0,7,1,0,-1,-1,-1,-1,0,-4,3,-1,0
9464,resize,1,1,1,1,1,1,-3,4,-1,-4,-1,-1,-2,0,-2,-2,1,1,-3,4,-1,-4,-1,-1,-2,0,-2,-2
9465,resize,5,5,5,1,1,1,-3,-2,-4,2,-3,7,-1,-2,-1,1,5,1,-3,-2,-4,2,-3,7,-1,-2,-1,1
9466,resize,9,9,9,1,1,1,-2,-2,-2,0,0,-1,-5,-1,-2,3,9,1,-2,-2,-2,0,0,-1,-5,-1,-2,3
9467,resize,9,9,9,1,1,1,-1,-2,-2,0,0,0,-4,-1,-1,4,9,1,-1,-2,-2,0,0,0,-4,-1,-1,4
9468,resize,3,3,3,1,1,1,-3,-1,0,6,-5,0,-3,-1,1,-1,3,1,-3,-1,0,6,-5,0,-3,-1,1,-1
9469,resize,7,7,7,1,1,1,-2,0,0,-1,-1,-2,-6,5,-1,0,7,1,-2,0,0,-1,-1,-2,-6,5,-1,0
9470,resize,2,2,2,1,1,1,-2,0,4,0,-2,-3,-2,0,0,-3,2,1,-2,0,4,0,-2,-3,-2,0,0,-3
9471,resize,4,4,4,1,1,1,-1,-1,-2,-3,4,-2,-2,-1,-2,1,4,1,-1,-1,-2,-3,4,-2,-2,-1,-2,1
9472,resize,9,9,9,1,1,1,-1,-2,-2,0,0,-1,-3,0,-1,4,9,1,-1,-2,-2,0,0,-1,-3,0,-1,4
9473,resize,4,4,4,1,1,1,-4,0,-2,-4,5,-2,-3,-1,-2,0,4,1,-4,0,-2,-4,5,-2,-3,-1,-2,0
9474,resize,3,3,3,1,1,1,-2,-1,-2,5,-4,2,-2,-2,1,0,3,1,-2,-1,-2,5,-4,2,-2,-2,1,0
9475,resize,6,6,6,1,1,1,0,-2,-4,-3,-1,1,7,-5,-1,-4,6,1,0,-2,-4,-3,-1,1,7,-5,-1,-4
9476,resize,2,2,2,1,1,1,-2,1,6,0,-2,-3,-2,-2,0,-4,2,1,-2,1,6,0,-2,-3,-2,-2,0,-4
9477,resize,2,2,2,1,1,1,0,1,5,0,-3,-2,-2,0,-2,-4,2,1,0,1,5,0,-3,-2,-2,0,-2,-4
9478,resize,5,5,5,1,1,1,-3,-2,-3,3,-2,5,-1,-2,0,1,5,1,-3,-2,-3,3,-2,5,-1,-2,0,1
9479,resize,3,3,3,1,1,1,-3,-2,-1,6,-5,1,-3,-2,1,0,3,1,-3,-2,-1,6,-5,1,-3,-2,1,0
9480,resize,2,2,2,1,1,1,0,1,6,0,-3,-4,-2,0,-2,-4,2,1,0,1,6,0,-3,-4,-2,0,-2,-4
9481,resize,5,5,5,1,1,1,-2,-1,-2,0,-2,6,-1,-2,0,1,5,1,-2,-1,-2,0,-2,6,-1,-2,0,1
9482,resize,5,5,5,1,1,1,-2,-1,-3,2,-3,6,-2,-1,0,1,5,1,-2,-1,-3,2,-3,6,-2,-1,0,1
9483,resize,9,9,9,1,1,1,-2,-2,-2,-1,0,0,-3,-1,-1,3,9,1,-2,-2,-2,-1,0,0,-3,-1,-1,3
9484,resize,4,4,4,1,1,1,-3,-1,-2,-3,4,-2,-3,-1,0,0,4,1,-3,-1,-2,-3,4,-2,-3,-1,0,0
9485,resize,1,1,1,1,1,1,-2,4,-1,-3,-1,-1,-1,-1,0,-2,1,1,-2,4,-1,-3,-1,-1,-1,-1,0,-2
9486,resize,7,7,7,1,1,1,-2,-1,0,1,-1,-1,-5,4,-1,-1,7,1,-2,-1,0,1,-1,-1,-5,4,-1,-1
9487,resize,2,2,2,1,1,1,1,0,4,-1,-2,-3,-1,-1,-1,-3,2,1,1,0,4,-1,-2,-3,-1,-1,-1,-3
9488,resize,0,0,0,1,1,1,4,-3,-2,-1,-1,0,2,-1,-1,0,0,1,4,-3,-2,-1,-1,0,2,-1,-1,0
9489,resize,1,1,1,1,1,1,-3,4,-1,-3,-1,-1,-2,0,-1,-1,1,1,-3,4,-1,-3,-1,-1,-2,0,-1,-1
9490,resize,2,2,2,1,1,1,-2,1,6,1,-3,-4,-2,1,-2,-6,2,1,-2,1,6,1,-3,-4,-2,1,-2,-6
9491,resize,3,3,3,1,1,1,-3,0,-1,4,-2,1,-3,1,-1,-2,3,1,-3,0,-1,4,-2,1,-3,1,-1,-2
9492,resize,4,4,4,1,1,1,-3,0,0,-2,3,-3,-4,0,-2,1,4,1,-3,0,0,-2,3,-3,-4,0,-2,1
9493,resize,5,5,5,1,1,1,-2,0,-2,-1,-1,5,0,-1,2,0,5,1,-2,0,-2,-1,-1,5,0,-1,2,0
9494,resize,6,6,6,1,1,1,0,-2,-3,-3,0,1,6,-3,0,-2,6,1,0,-2,-3,-3,0,1,6,-3,0,-2
9495,resize,7,7,7,1,1,1,-2,0,0,1,-1,-1,-4,3,0,-1,7,1,-2,0,0,1,-1,-1,-4,3,0,-1
9496,resize,8,8,8,1,1,1,-2,-1,-1,-2,1,-1,-2,-2,4,1,8,1,-2,-1,-1,-2,1,-1,-2,-2,4,1
9497,resize,9,9,9,1,1,1,-3,-1,-2,-2,1,-2,-4,-1,0,4,9,1,-3,-1,-2,-2,1,-2,-4,-1,0,4
9498,resize,0,0,0,1,1,1,5,-2,-1,-1,-2,-1,1,-1,-2,-1,0,1,5,-2,-1,-1,-2,-1,1,-1,-2,-1
9499,resize,1,1,1,1,1,1,-3,4,-2,-3,0,-1,-2,0,-1,0,1,1,-3,4,-2,-3,0,-1,-2,0,-1,0
9500,resize,2,2,2,1,1,1,-1,1,5,1,-3,-3,-3,2,-2,-4,2,1,-1,1,5,1,-3,-3,-3,2,-2,-4
9501,resize,3,3,3,1,1,1,-4,0,-1,4,-3,1,-3,0,0,-2,3,1,-4,0,-1,4,-3,1,-3,0,0,-2
9502,resize,4,4,4,1,1,1,-5,-2,-2,-4,6,-2,-4,-1,0,0,4,1,-5,-2,-2,-4,6,-2,-4,-1,0,0
9503,resize,5,5,5,1,1,1,-2,-2,-1,-2,-1,4,0,-2,2,1,5,1,-2,-2,-1,-2,-1,4,0,-2,2,1
9504,resize,6,6,6,1,1,1,0,-2,-4,-3,-1,1,7,-4,0,-3,6,1,0,-2,-4,-3,-1,1,7,-4,0,-3
9505,resize,7,7,2,1,0,0,-1,0,2,1,-2,-2,-3,2,-1,-2,2,1,-1,0,2,1,-2,-2,-3,2,-1,-2
9506,resize,8,8,8,1,1,1,-1,-2,-2,-2,0,-1,-1,-3,5,0,8,1,-1,-2,-2,-2,0,-1,-1,-3,5,0
9507,resize,9,9,9,1,1,1,-2,-1,-2,-1,1,-1,-3,-1,-1,4,9,1,-2,-1,-2,-1,1,-1,-3,-1,-1,4
9508,resize,0,0,0,1,1,1,3,-3,-2,0,-2,1,1,-1,1,-1,0,1,3,-3,-2,0,-2,1,1,-1,1,-1
9509,resize,1,1,1,1,1,1,-1,3,0,-2,-3,-1,-1,0,0,-3,1,1,-1,3,0,-2,-3,-1,-1,0,0,-3
9510,resize,2,2,2,1,1,1,-1,1,5,0,-3,-3,-2,0,-1,-5,2,1,-1,1,5,0,-3,-3,-2,0,-1,-5
9511,resize,3,3,3,1,1,1,-2,-1,-2,6,-5,2,-4,-2,0,1,3,1,-2,-1,-2,6,-5,2,-4,-2,0,1
9512,resize,4,4,4,1,1,1,-4,-1,-1,-3,4,-3,-3,0,0,0,4,1,-4,-1,-1,-3,4,-3,-3,0,0,0
9513,resize,5,5,5,1,1,1,-3,-1,-1,0,0,4,-1,-2,1,0,5,1,-3,-1,-1,0,0,4,-1,-2,1,0
9514,resize,6,6,6,1,1,1,-1,0,-2,-2,0,0,5,-2,-1,-3,6,1,-1,0,-2,-2,0,0,5,-2,-1,-3
9515,resize,7,7,7,1,1,1,-3,0,0,0,0,-1,-4,4,-1,-2,7,1,-3,0,0,0,0,-1,-4,4,-1,-2
9516,resize,8,8,8,1,1,1,0,-2,-1,-1,-2,0,-1,-3,7,-1,8,1,0,-2,-1,-1,-2,0,-1,-3,7,-1
9517,resize,9,9,9,1,1,1,-2,-2,-3,-2,2,-2,-4,-1,0,4,9,1,-2,-2,-3,-2,2,-2,-4,-1,0,4
9518,resize,1,1,1,1,1,1,-2,4,-1,-3,-1,-1,-2,0,0,-2,1,1,-2,4,-1,-3,-1,-1,-2,0,0,-2
9519,resize,0,0,0,1,1,1,6,-3,-1,-2,-3,-2,0,-1,-1,0,0,1,6,-3,-1,-2,-3,-2,0,-1,-1,0
9520,resize,1,1,1,1,1,1,-2,4,-2,-3,-2,-1,-2,0,-1,-2,1,1,-2,4,-2,-3,-2,-1,-2,0,-1,-2
9521,resize,2,2,2,1,1,1,-1,1,4,1,-3,-3,-2,0,0,-3,2,1,-1,1,4,1,-3,-3,-2,0,0,-3
9522,resize,7,7,7,1,1,1,-2,-1,-2,-1,0,-1,-4,4,-1,0,7,1,-2,-1,-2,-1,0,-1,-4,4,-1,0
9523,resize,5,5,5,1,1,1,-2,-2,-3,0,-2,6,0,-3,0,3,5,1,-2,-2,-3,0,-2,6,0,-3,0,3
9524,resize,3,3,3,1,1,1,-2,-1,-1,5,-4,1,-3,-1,0,0,3,1,-2,-1,-1,5,-4,1,-3,-1,0,0
9525,resize,4,4,4,1,1,1,-6,-1,-3,-5,6,-2,-3,-1,-2,-2,4,1,-6,-1,-3,-5,6,-2,-3,-1,-2,-2
9526,resize,4,4,4,1,1,1,-3,0,-1,-2,3,-3,-4,0,-2,0,4,1,-3,0,-1,-2,3,-3,-4,0,-2,0
9527,resize,0,0,0,1,1,1,5,-2,-2,-1,-1,0,2,-2,-1,-1,0,1,5,-2,-2,-1,-1,0,2,-2,-1,-1
9528,resize,0,0,0,1,1,1,6,-3,-1,-2,-2,0,1,-1,-2,-1,0,1,6,-3,-1,-2,-2,0,1,-1,-2,-1
9529,resize,6,6,6,1,1,1,-1,-1,-3,-2,0,1,5,-2,0,-3,6,1,-1,-1,-3,-2,0,1,5,-2,0,-3
9530,resize,9,9,9,1,1,1,-1,-1,-3,0,0,0,-3,-1,1,2,9,1,-1,-1,-3,0,0,0,-3,-1,1,2
9531,resize,6,6,6,1,1,1,0,-1,-3,-2,0,1,5,-2,-1,-2,6,1,0,-1,-3,-2,0,1,5,-2,-1,-2
9532,resize,6,6,6,1,1,1,0,-2,-4,-3,0,1,7,-3,0,-3,6,1,0,-2,-4,-3,0,1,7,-3,0,-3
9533,resize,5,5,5,1,1,1,-1,-1,-2,-1,-2,5,0,-2,0,0,5,1,-1,-1,-2,-1,-2,5,0,-2,0,0
9534,resize,7,7,7,1,1,1,0,-1,0,0,-1,0,-5,3,-1,0,7,1,0,-1,0,0,-1,0,-5,3,-1,0
9535,resize,2,2,2,1,1,1,-1,0,4,-1,-1,-2,-1,-2,1,-2,2,1,-1,0,4,-1,-1,-2,-1,-2,1,-2
9536,resize,3,3,3,1,1,1,-2,-1,-2,5,-4,1,-3,-1,0,0,3,1,-2,-1,-2,5,-4,1,-3,-1,0,0
9537,resize,4,4,4,1,1,1,-4,0,-2,-4,5,-3,-4,-1,-2,1,4,1,-4,0,-2,-4,5,-3,-4,-1,-2,1
9538,resize,4,4,4,1,1,1,-4,0,-3,-4,4,-2,-3,-1,0,0,4,1,-4,0,-3,-4,4,-2,-3,-1,0,0
9539,resize,9,9,9,1,1,1,-2,-2,-3,-2,1,-2,-4,-1,0,4,9,1,-2,-2,-3,-2,1,-2,-4,-1,0,4
9540,resize,1,1,1,1,1,1,-2,2,-1,-2,-1,-1,-2,0,1,-1,1,1,-2,2,-1,-2,-1,-1,-2,0,1,-1
9541,resize,4,4,4,1,1,1,-4,0,-3,-3,4,-2,-3,-1,-1,1,4,1,-4,0,-3,-3,4,-2,-3,-1,-1,1
9542,resize,0,0,0,1,1,1,4,-2,-1,-2,-3,0,-1,0,1,-2,0,1,4,-2,-1,-2,-3,0,-1,0,1,-2
9543,resize,7,7,7,1,1,1,-2,0,0,0,0,-1,-5,3,-1,0,7,1,-2,0,0,0,0,-1,-5,3,-1,0
9544,resize,9,9,9,1,1,1,-2,-2,-2,0,1,-1,-4,0,-1,2,9,1,-2,-2,-2,0,1,-1,-4,0,-1,2
9545,resize,5,5,5,1,1,1,-2,-2,-3,0,-1,5,-1,-2,1,2,5,1,-2,-2,-3,0,-1,5,-1,-2,1,2
9546,resize,7,7,7,1,1,1,-2,-1,-1,0,-1,-1,-6,5,-1,0,7,1,-2,-1,-1,0,-1,-1,-6,5,-1,0
9547,resize,2,2,2,1,1,1,-1,0,5,1,-3,-2,-1,0,-1,-4,2,1,-1,0,5,1,-3,-2,-1,0,-1,-4
9548,resize,3,3,3,1,1,1,-3,-1,0,6,-4,1,-3,-1,1,-1,3,1,-3,-1,0,6,-4,1,-3,-1,1,-1
9549,resize,1,1,1,1,1,1,-2,4,-1,-4,-1,-1,-1,0,-1,-2,1,1,-2,4,-1,-4,-1,-1,-1,0,-1,-2
9550,resize,4,4,4,1,1,1,-2,-1,-2,-2,4,-2,-3,0,-2,-1,4,1,-2,-1,-2,-2,4,-2,-3,0,-2,-1
9551,resize,4,4,4,1,1,1,-4,0,-2,-4,5,-2,-3,-1,-2,0,4,1,-4,0,-2,-4,5,-2,-3,-1,-2,0
9552,resize,0,0,0,1,1,1,5,-2,-2,-2,-3,0,0,0,0,-2,0,1,5,-2,-2,-2,-3,0,0,0,0,-2
9553,resize,9,9,9,1,1,1,-2,-1,-3,-1,1,-1,-4,-1,0,3,9,1,-2,-1,-3,-1,1,-1,-4,-1,0,3
9554,resize,9,9,9,1,1,1,-1,-1,-3,-1,0,-2,-4,0,0,3,9,1,-1,-1,-3,-1,0,-2,-4,0,0,3
9555,resize,6,6,6,1,1,1,-1,-1,-4,-3,0,2,7,-4,-1,-4,6,1,-1,-1,-4,-3,0,2,7,-4,-1,-4
9556,resize,1,1,1,1,1,1,-1,4,0,-3,-2,-2,-1,0,-1,-3,1,1,-1,4,0,-3,-2,-2,-1,0,-1,-3
9557,resize,8,8,8,1,1,1,-1,-1,-1,-1,-1,0,-2,-3,5,0,8,1,-1,-1,-1,-1,-1,0,-2,-3,5,0
9558,resize,3,3,3,1,1,1,-3,-1,-2,6,-4,2,-3,-1,1,0,3,1,-3,-1,-2,6,-4,2,-3,-1,1,0
9559,resize,3,3,3,1,1,1,-3,-1,-1,6,-5,1,-4,-1,1,0,3,1,-3,-1,-1,6,-5,1,-4,-1,1,0
9560,resize,7,7,7,1,1,1,-3,1,0,-1,-1,-1,-5,3,-1,-1,7,1,-3,1,0,-1,-1,-1,-5,3,-1,-1
9561,resize,3,3,3,1,1,1,-3,0,-1,6,-5,1,-3,-1,0,-1,3,1,-3,0,-1,6,-5,1,-3,-1,0,-1
9562,resize,9,9,9,1,1,1,-2,-2,-3,-2,1,-2,-4,-1,0,3,9,1,-2,-2,-3,-2,1,-2,-4,-1,0,3
9563,resize,8,8,8,1,1,1,-1,-1,-1,-1,-2,0,-1,-4,6,0,8,1,-1,-1,-1,-1,-2,0,-1,-4,6,0
9564,resize,8,8,8,1,1,1,-1,0,1,-1,-3,1,0,-3,5,-2,8,1,-1,0,1,-1,-3,1,0,-3,5,-2
9565,resize,4,4,4,1,1,1,-2,-1,-1,-3,5,-3,-4,0,-1,1,4,1,-2,-1,-1,-3,5,-3,-4,0,-1,1
9566,resize,7,7,7,1,1,1,-2,0,0,1,-1,-1,-4,3,-1,0,7,1,-2,0,0,1,-1,-1,-4,3,-1,0
9567,resize,7,7,7,1,1,1,-2,-1,0,0,-1,-1,-5,4,-1,0,7,1,-2,-1,0,0,-1,-1,-5,4,-1,0
9568,resize,6,6,6,1,1,1,0,-2,-3,-3,0,1,6,-3,0,-2,6,1,0,-2,-3,-3,0,1,6,-3,0,-2
9569,resize,2,2,2,1,1,1,-2,1,6,1,-4,-4,-3,1,-1,-5,2,1,-2,1,6,1,-4,-4,-3,1,-1,-5
9570,resize,1,1,1,1,1,1,-2,4,-2,-3,-1,0,-1,-1,-1,-1,1,1,-2,4,-2,-3,-1,0,-1,-1,-1,-1
9571,resize,9,9,9,1,1,1,-2,0,-1,-2,1,-2,-4,0,-1,2,9,1,-2,0,-1,-2,1,-2,-4,0,-1,2
9572,resize,8,8,8,1,1,1,0,-2,-1,-1,-1,0,0,-3,5,-1,8,1,0,-2,-1,-1,-1,0,0,-3,5,-1
9573,resize,7,7,7,1,1,1,-4,0,0,0,0,-2,-5,5,-1,-1,7,1,-4,0,0,0,0,-2,-5,5,-1,-1
9574,resize,8,8,8,1,1,1,-2,-1,-1,-1,-2,0,0,-4,6,0,8,1,-2,-1,-1,-1,-2,0,0,-4,6,0
9575,resize,8,8,8,1,1,1,-1,-2,-1,-1,-3,0,-1,-4,7,-1,8,1,-1,-2,-1,-1,-3,0,-1,-4,7,-1
9576,resize,7,7,7,1,1,1,-1,0,0,0,-1,-1,-4,3,-1,-1,7,1,-1,0,0,0,-1,-1,-4,3,-1,-1
9577,resize,2,2,2,1,1,1,-1,1,5,0,-2,-3,-2,0,0,-3,2,1,-1,1,5,0,-2,-3,-2,0,0,-3
9578,resize,2,2,2,1,1,1,-2,1,6,1,-3,-3,-2,-1,-1,-4,2,1,-2,1,6,1,-3,-3,-2,-1,-1,-4
9579,resize,3,3,3,1,1,1,-3,-1,-1,5,-4,2,-3,-1,0,0,3,1,-3,-1,-1,5,-4,2,-3,-1,0,0
9580,resize,9,9,9,1,1,1,-1,-3,-3,0,0,-1,-4,0,-1,4,9,1,-1,-3,-3,0,0,-1,-4,0,-1,4
9581,resize,3,3,3,1,1,1,-4,-1,-1,6,-4,1,-4,0,0,-1,3,1,-4,-1,-1,6,-4,1,-4,0,0,-1
9582,resize,3,3,3,1,1,1,-2,-2,-2,6,-4,2,-3,-1,0,0,3,1,-2,-2,-2,6,-4,2,-3,-1,0,0
9583,resize,5,5,5,1,1,1,-2,-1,-2,2,-3,4,-1,-2,1,1,5,1,-2,-1,-2,2,-3,4,-1,-2,1,1
9584,resize,5,5,5,1,1,1,-1,-2,-3,1,-1,4,-2,-1,0,2,5,1,-1,-2,-3,1,-1,4,-2,-1,0,2
9585,resize,0,0,0,1,1,1,5,-3,-1,-1,-2,-1,1,-1,-1,0,0,1,5,-3,-1,-1,-2,-1,1,-1,-1,0
9586,resize,7,7,7,1,1,1,-1,0,2,0,-1,-2,-5,4,-2,-2,7,1,-1,0,2,0,-1,-2,-5,4,-2,-2
9587,resize,9,9,9,1,1,1,-1,-1,-2,-1,1,-1,-3,0,-1,2,9,1,-1,-1,-2,-1,1,-1,-3,0,-1,2
9588,resize,5,5,5,1,1,1,-1,-1,-2,-2,-2,4,0,-2,1,3,5,1,-1,-1,-2,-2,-2,4,0,-2,1,3
9589,resize,6,6,6,1,1,1,-1,-1,-3,-3,0,0,6,-3,-1,-2,6,1,-1,-1,-3,-3,0,0,6,-3,-1,-2
9590,resize,5,5,5,1,1,1,-2,-2,-3,-1,-2,6,0,-2,1,2,5,1,-2,-2,-3,-1,-2,6,0,-2,1,2
9591,resize,1,1,1,1,1,1,-1,3,-1,-3,-2,0,0,-1,0,-3,1,1,-1,3,-1,-3,-2,0,0,-1,0,-3
9592,resize,4,4,4,1,1,1,-4,-1,-2,-3,4,-2,-3,0,-1,0,4,1,-4,-1,-2,-3,4,-2,-3,0,-1,0
9593,resize,1,1,1,1,1,1,-2,4,-2,-3,-1,0,-1,0,0,-1,1,1,-2,4,-2,-3,-1,0,-1,0,0,-1
9594,resize,1,1,1,1,1,1,-2,3,-1,-2,-1,-1,-1,0,0,-2,1,1,-2,3,-1,-2,-1,-1,-1,0,0,-2
9595,resize,2,2,2,1,1,1,-1,1,4,-1,-2,-2,-1,0,-1,-4,2,1,-1,1,4,-1,-2,-2,-1,0,-1,-4
9596,resize,8,8,8,1,1,1,-2,-1,0,0,-1,1,-1,-2,3,0,8,1,-2,-1,0,0,-1,1,-1,-2,3,0
9597,resize,2,2,2,1,1,1,-1,1,5,0,-2,-3,-2,0,-1,-3,2,1,-1,1,5,0,-2,-3,-2,0,-1,-3
9598,resize,6,6,6,1,1,1,0,-1,-3,-3,0,0,6,-4,0,-3,6,1,0,-1,-3,-3,0,0,6,-4,0,-3
9599,resize,1,1,1,1,1,1,0,2,-1,-2,-1,0,1,-1,0,-2,1,1,0,2,-1,-2,-1,0,1,-1,0,-2
9600,resize,5,5,5,1,1,1,-2,-1,-2,-1,-1,4,0,-2,1,0,5,1,-2,-1,-2,-1,-1,4,0,-2,1,0
9601,resize,0,0,0,1,1,1,5,-2,0,-2,-3,-1,1,-2,-1,-1,0,1,5,-2,0,-2,-3,-1,1,-2,-1,-1
9602,resize,1,1,1,1,1,1,-1,4,0,-3,-2,-1,-2,0,0,-3,1,1,-1,4,0,-3,-2,-1,-2,0,0,-3
9603,resize,2,2,2,1,1,1,-1,2,6,-1,-2,-3,-2,0,-2,-5,2,1,-1,2,6,-1,-2,-3,-2,0,-2,-5
9604,resize,3,3,3,1,1,1,-5,0,-1,6,-5,2,-3,0,-1,-3,3,1,-5,0,-1,6,-5,2,-3,0,-1,-3
9605,resize,4,4,4,1,1,1,-3,0,-1,-3,4,-2,-2,0,-2,-1,4,1,-3,0,-1,-3,4,-2,-2,0,-2,-1
9606,resize,5,5,5,1,1,1,-1,-1,-2,0,-2,4,1,-2,0,0,5,1,-1,-1,-2,0,-2,4,1,-2,0,0
9607,resize,6,6,6,1,1,1,1,-1,0,-2,-1,1,3,-2,-1,-3,6,1,1,-1,0,-2,-1,1,3,-2,-1,-3
9608,resize,7,7,7,1,1,1,-2,-1,0,1,-1,-1,-4,2,0,0,7,1,-2,-1,0,1,-1,-1,-4,2,0,0
9609,resize,8,8,8,1,1,1,-2,-2,0,-2,-1,0,-1,-3,6,0,8,1,-2,-2,0,-2,-1,0,-1,-3,6,0
9610,resize,9,9,9,1,1,1,-1,-3,-2,1,-1,0,-4,0,-1,4,9,1,-1,-3,-2,1,-1,0,-4,0,-1,4
9611,resize,0,0,0,1,1,1,4,-2,1,-1,-3,0,1,-2,0,-1,0,1,4,-2,1,-1,-3,0,1,-2,0,-1
9612,resize,1,1,1,1,1,1,-1,3,0,-2,-2,-1,-2,0,-1,-2,1,1,-1,3,0,-2,-2,-1,-2,0,-1,-2
9613,resize,2,2,2,1,1,1,-2,1,3,2,-3,-2,-2,1,-1,-4,2,1,-2,1,3,2,-3,-2,-2,1,-1,-4
9614,resize,3,3,3,1,1,1,-3,-1,-2,5,-3,3,-2,-1,0,0,3,1,-3,-1,-2,5,-3,3,-2,-1,0,0
9615,resize,4,4,4,1,1,1,-3,-1,-1,-2,4,-2,-3,0,-2,-1,4,1,-3,-1,-1,-2,4,-2,-3,0,-2,-1
9616,resize,5,5,5,1,1,1,-2,-1,-3,0,-2,7,-1,-1,0,1,5,1,-2,-1,-3,0,-2,7,-1,-1,0,1
9617,resize,6,6,6,1,1,1,1,-1,-1,-3,-1,1,4,-4,0,-3,6,1,1,-1,-1,-3,-1,1,4,-4,0,-3
9618,resize,7,7,7,1,1,1,-3,-1,0,1,0,-2,-5,4,0,0,7,1,-3,-1,0,1,0,-2,-5,4,0,0
9619,resize,8,8,8,1,1,1,-1,-1,-1,0,-1,-1,-1,-2,4,0,8,1,-1,-1,-1,0,-1,-1,-1,-2,4,0
9620,resize,9,9,9,1,1,1,-1,-1,-2,1,-1,1,-2,0,0,2,9,1,-1,-1,-2,1,-1,1,-2,0,0,2
9621,resize,0,0,0,1,1,1,3,-2,0,-1,-2,0,1,-1,0,-1,0,1,3,-2,0,-1,-2,0,1,-1,0,-1
9622,resize,1,1,1,1,1,1,-2,3,-2,-3,-1,-1,-1,-1,0,-1,1,1,-2,3,-2,-3,-1,-1,-1,-1,0,-1
9623,resize,2,2,2,1,1,1,-2,2,4,0,-2,-3,-2,1,-2,-4,2,1,-2,2,4,0,-2,-3,-2,1,-2,-4
9624,resize,3,3,3,1,1,1,-3,0,0,5,-4,0,-2,-1,1,-2,3,1,-3,0,0,5,-4,0,-2,-1,1,-2
9625,resize,4,4,4,1,1,1,-3,-1,-1,-2,4,-2,-3,0,-1,0,4,1,-3,-1,-1,-2,4,-2,-3,0,-1,0
9626,resize,5,5,5,1,1,1,-3,-1,-3,1,-2,5,0,-2,0,-1,5,1,-3,-1,-3,1,-2,5,0,-2,0,-1
9627,resize,6,6,6,1,1,1,1,-1,-1,-3,-2,1,4,-4,-1,-3,6,1,1,-1,-1,-3,-2,1,4,-4,-1,-3
9628,resize,7,7,7,1,1,1,-2,0,1,0,0,-1,-4,3,-1,-1,7,1,-2,0,1,0,0,-1,-4,3,-1,-1
9629,resize,8,8,8,1,1,1,-2,-1,1,0,-1,-2,-2,-1,3,0,8,1,-2,-1,1,0,-1,-2,-2,-1,3,0
9630,resize,8,8,8,1,1,1,0,-3,-1,1,-4,0,-2,-3,5,0,8,1,0,-3,-1,1,-4,0,-2,-3,5,0
9631,resize,0,0,0,1,1,1,5,-2,0,-2,-3,-1,1,-1,-1,-1,0,1,5,-2,0,-2,-3,-1,1,-1,-1,-1
9632,resize,6,6,6,1,1,1,0,0,-1,-2,-1,1,3,-3,-2,-2,6,1,0,0,-1,-2,-1,1,3,-3,-2,-2
9633,resize,0,0,0,1,1,1,4,-2,-1,-1,-2,0,0,0,1,-1,0,1,4,-2,-1,-1,-2,0,0,0,1,-1
9634,resize,0,0,0,1,1,1,2,0,0,-1,-2,0,0,0,1,-2,0,1,2,0,0,-1,-2,0,0,0,1,-2
9635,resize,2,2,2,1,1,1,-1,2,6,-1,-2,-3,-2,1,-3,-6,2,1,-1,2,6,-1,-2,-3,-2,1,-3,-6
9636,resize,3,3,3,1,1,1,-4,0,-1,3,-2,2,-1,0,0,-2,3,1,-4,0,-1,3,-2,2,-1,0,0,-2
9637,resize,7,7,7,1,1,1,-1,0,1,0,-1,-1,-4,3,-1,0,7,1,-1,0,1,0,-1,-1,-4,3,-1,0
9638,resize,9,9,9,1,1,1,0,-2,-1,1,-1,-1,-4,1,0,2,9,1,0,-2,-1,1,-1,-1,-4,1,0,2
9639,resize,4,4,4,1,1,1,-2,-1,-2,0,3,-1,-2,0,0,-1,4,1,-2,-1,-2,0,3,-1,-2,0,0,-1
9640,resize,7,7,7,1,1,1,-1,0,1,1,-2,-1,-4,2,-1,-2,7,1,-1,0,1,1,-2,-1,-4,2,-1,-2
9641,resize,1,1,1,1,1,1,-2,3,-1,-3,-1,-1,-1,0,-1,-2,1,1,-2,3,-1,-3,-1,-1,-1,0,-1,-2
9642,resize,9,9,3,1,0,0,-1,-1,-1,1,0,-1,-3,1,0,1,3,1,-1,-1,-1,1,0,-1,-3,1,0,1
9643,resize,1,1,1,1,1,1,-1,2,0,-1,-1,0,-1,1,0,-1,1,1,-1,2,0,-1,-1,0,-1,1,0,-1
9644,resize,7,7,7,1,1,1,-1,0,0,1,-1,-1,-4,3,0,0,7,1,-1,0,0,1,-1,-1,-4,3,0,0
9645,resize,1,1,1,1,1,1,-2,4,-1,-3,-2,-1,-3,1,-1,-1,1,1,-2,4,-1,-3,-2,-1,-3,1,-1,-1
9646,resize,4,4,4,1,1,1,-4,0,-1,-3,5,-2,-3,0,-2,-1,4,1,-4,0,-1,-3,5,-2,-3,0,-2,-1
9647,resize,0,0,0,1,1,1,5,-3,0,-2,-4,-1,1,-2,1,-1,0,1,5,-3,0,-2,-4,-1,1,-2,1,-1
9648,resize,0,0,0,1,1,1,5,-2,0,-2,-3,-1,0,-1,0,-2,0,1,5,-2,0,-2,-3,-1,0,-1,0,-2
9649,resize,1,1,1,1,1,1,-2,5,-1,-4,-1,-1,-2,1,-2,-2,1,1,-2,5,-1,-4,-1,-1,-2,1,-2,-2
9650,resize,7,7,7,1,1,1,-2,-1,-1,0,0,-1,-5,4,0,-1,7,1,-2,-1,-1,0,0,-1,-5,4,0,-1
9651,resize,5,5,5,1,1,1,-2,-1,-2,1,-2,5,0,-2,0,0,5,1,-2,-1,-2,1,-2,5,0,-2,0,0
9652,resize,7,7,7,1,1,1,0,-1,0,0,-1,-1,-4,2,0,1,7,1,0,-1,0,0,-1,-1,-4,2,0,1
9653,resize,1,1,1,1,1,1,-2,3,-3,-3,-1,-1,-3,1,-1,0,1,1,-2,3,-3,-3,-1,-1,-3,1,-1,0
9654,resize,3,3,3,1,1,1,-3,-1,-1,6,-6,2,-4,-2,1,-1,3,1,-3,-1,-1,6,-6,2,-4,-2,1,-1
9655,resize,3,3,3,1,1,1,-1,-2,-1,4,-4,1,-2,-2,1,0,3,1,-1,-2,-1,4,-4,1,-2,-2,1,0
9656,resize,3,3,3,1,1,1,-2,-1,-1,5,-4,3,-3,-1,0,0,3,1,-2,-1,-1,5,-4,3,-3,-1,0,0
9657,resize,1,1,1,1,1,1,-1,4,-1,-3,-1,-1,-1,0,-1,-2,1,1,-1,4,-1,-3,-1,-1,-1,0,-1,-2
9658,resize,6,6,6,1,1,1,1,-2,-2,-2,-2,1,4,-5,-1,-2,6,1,1,-2,-2,-2,-2,1,4,-5,-1,-2
9659,resize,9,9,9,1,1,1,-3,-2,-4,-1,0,-2,-6,-1,-1,5,9,1,-3,-2,-4,-1,0,-2,-6,-1,-1,5
9660,resize,7,7,7,1,1,1,-2,-1,-1,0,0,-2,-5,4,0,0,7,1,-2,-1,-1,0,0,-2,-5,4,0,0
9661,resize,1,1,1,1,1,1,-1,3,-2,-3,-1,-1,-2,0,-1,-1,1,1,-1,3,-2,-3,-1,-1,-2,0,-1,-1
9662,resize,3,3,3,1,1,1,-3,0,1,5,-5,0,-3,-1,0,-2,3,1,-3,0,1,5,-5,0,-3,-1,0,-2
9663,resize,0,0,0,1,1,1,4,-2,2,-2,-2,-2,0,-1,0,-1,0,1,4,-2,2,-2,-2,-2,0,-1,0,-1
9664,resize,2,2,2,1,1,1,-2,1,3,1,-2,-1,-2,1,-1,-2,2,1,-2,1,3,1,-2,-1,-2,1,-1,-2
9665,resize,6,6,6,1,1,1,0,-1,-3,-2,-1,2,4,-4,-1,-2,6,1,0,-1,-3,-2,-1,2,4,-4,-1,-2
9666,resize,0,0,0,1,1,1,3,-1,0,-2,-2,-1,1,-2,0,-1,0,1,3,-1,0,-2,-2,-1,1,-2,0,-1
9667,resize,8,8,8,1,1,1,-2,-1,0,-1,-1,-1,-2,-3,4,0,8,1,-2,-1,0,-1,-1,-1,-2,-3,4,0
9668,resize,9,9,9,1,1,1,-1,-3,-2,1,-1,0,-5,1,-1,3,9,1,-1,-3,-2,1,-1,0,-5,1,-1,3
9669,resize,4,4,4,1,1,1,-1,0,-1,-1,1,-1,-1,0,-1,-1,4,1,-1,0,-1,-1,1,-1,-1,0,-1,-1
9670,resize,3,3,3,1,1,1,-3,-1,0,6,-5,1,-3,-2,1,-1,3,1,-3,-1,0,6,-5,1,-3,-2,1,-1
9671,resize,5,5,5,1,1,1,-2,-2,-3,0,-2,6,0,-2,0,1,5,1,-2,-2,-3,0,-2,6,0,-2,0,1
9672,resize,4,4,4,1,1,1,-3,0,-1,-2,3,-2,-2,-1,-1,-1,4,1,-3,0,-1,-2,3,-2,-2,-1,-1,-1
9673,resize,8,8,8,1,1,1,-1,-3,-1,2,-3,0,-1,-3,5,0,8,1,-1,-3,-1,2,-3,0,-1,-3,5,0
9674,resize,1,1,1,1,1,1,-2,5,-1,-4,-1,-2,-2,0,-1,-2,1,1,-2,5,-1,-4,-1,-2,-2,0,-1,-2
9675,resize,5,5,5,1,1,1,-1,-1,-1,1,-2,4,0,-1,0,0,5,1,-1,-1,-1,1,-2,4,0,-1,0,0
9676,resize,9,9,9,1,1,1,-1,-2,-2,1,-1,0,-4,0,-1,3,9,1,-1,-2,-2,1,-1,0,-4,0,-1,3
9677,resize,0,0,0,1,1,1,3,-1,0,-1,-2,0,1,-2,0,-1,0,1,3,-1,0,-1,-2,0,1,-2,0,-1
9678,resize,6,6,6,1,1,1,1,-1,-1,-3,-2,1,4,-4,-1,-3,6,1,1,-1,-1,-3,-2,1,4,-4,-1,-3
9679,resize,6,6,6,1,1,1,0,0,1,0,-2,1,2,-2,-1,-2,6,1,0,0,1,0,-2,1,2,-2,-1,-2
9680,resize,3,3,3,1,1,1,-3,-1,-1,6,-5,1,-3,-2,1,-1,3,1,-3,-1,-1,6,-5,1,-3,-2,1,-1
9681,resize,8,8,8,1,1,1,-2,-2,-2,1,-3,1,0,-3,5,-1,8,1,-2,-2,-2,1,-3,1,0,-3,5,-1
9682,resize,1,1,1,1,1,1,-1,4,-1,-3,-2,-1,-1,0,0,-2,1,1,-1,4,-1,-3,-2,-1,-1,0,0,-2
9683,resize,4,4,4,1,1,1,-3,-1,-1,-2,4,-2,-4,0,-2,0,4,1,-3,-1,-1,-2,4,-2,-4,0,-2,0
9684,resize,7,7,7,1,1,1,-1,-1,-1,0,-1,-2,-4,3,0,0,7,1,-1,-1,-1,0,-1,-2,-4,3,0,0
9685,resize,5,5,5,1,1,1,-2,-2,-4,1,-2,6,0,-2,-1,0,5,1,-2,-2,-4,1,-2,6,0,-2,-1,0
9686,resize,2,2,2,1,1,1,-2,2,4,-1,-1,-2,-1,1,-2,-5,2,1,-2,2,4,-1,-1,-2,-1,1,-2,-5
9687,resize,0,0,0,1,1,1,3,-1,-1,-1,-3,0,0,0,1,-1,0,1,3,-1,-1,-1,-3,0,0,0,1,-1
9688,resize,0,0,0,1,1,1,3,-2,-1,-2,-2,0,0,-1,1,-1,0,1,3,-2,-1,-2,-2,0,0,-1,1,-1
9689,resize,1,1,1,1,1,1,-3,4,-2,-4,-1,-1,-3,1,-2,-1,1,1,-3,4,-2,-4,-1,-1,-3,1,-2,-1
9690,resize,7,7,7,1,1,1,-2,-1,-1,-1,-1,-2,-5,4,-1,-1,7,1,-2,-1,-1,-1,-1,-2,-5,4,-1,-1
9691,resize,8,8,8,1,1,1,-3,0,-1,-1,0,0,-1,-1,3,-2,8,1,-3,0,-1,-1,0,0,-1,-1,3,-2
9692,resize,9,7,7,0,0,1,-1,0,-1,0,0,0,-2,1,-1,1,7,1,-1,0,-1,0,0,0,-2,1,-1,1
9693,resize,6,6,6,1,1,1,0,-1,0,-1,-1,1,3,-3,0,-3,6,1,0,-1,0,-1,-1,1,3,-3,0,-3
9694,resize,8,8,8,1,1,1,-1,-1,0,1,-2,-1,-2,-2,4,0,8,1,-1,-1,0,1,-2,-1,-2,-2,4,0
9695,resize,8,8,8,1,1,1,-1,-1,0,1,-2,-1,-1,-1,2,-1,8,1,-1,-1,0,1,-2,-1,-1,-1,2,-1
9696,resize,2,2,2,1,1,1,-2,2,5,0,-3,-2,-2,0,-2,-5,2,1,-2,2,5,0,-3,-2,-2,0,-2,-5
9697,resize,3,3,3,1,1,1,-5,0,-1,5,-4,2,-2,0,-1,-2,3,1,-5,0,-1,5,-4,2,-2,0,-1,-2
9698,resize,6,6,6,1,1,1,0,0,0,-1,-1,1,2,-1,-1,-2,6,1,0,0,0,-1,-1,1,2,-1,-1,-2
9699,resize,1,1,1,1,1,1,-1,3,-1,-3,-1,-1,-3,0,-1,-1,1,1,-1,3,-1,-3,-1,-1,-3,0,-1,-1
9700,resize,2,2,1,1,0,0,0,1,1,-2,-1,-1,-1,-1,0,-2,1,1,0,1,1,-2,-1,-1,-1,-1,0,-2
9701,resize,9,9,9,1,1,1,0,-2,-2,1,-1,0,-3,0,0,3,9,1,0,-2,-2,1,-1,0,-3,0,0,3
9702,resize,5,5,5,1,1,1,-1,-1,-2,0,-2,6,0,-1,0,0,5,1,-1,-1,-2,0,-2,6,0,-1,0,0
9703,resize,2,2,2,1,1,1,-1,1,4,0,-3,-2,-1,0,-1,-4,2,1,-1,1,4,0,-3,-2,-1,0,-1,-4
9704,resize,0,0,0,1,1,1,4,-3,-1,-1,-2,-1,0,-1,0,-1,0,1,4,-3,-1,-1,-2,-1,0,-1,0,-1
9705,resize,1,1,1,1,1,1,-1,4,-2,-3,-1,-1,-1,-1,0,-2,1,1,-1,4,-2,-3,-1,-1,-1,-1,0,-2
9706,resize,2,2,2,1,1,1,-1,1,4,0,-1,-2,-1,0,-2,-4,2,1,-1,1,4,0,-1,-2,-1,0,-2,-4
9707,resize,3,3,3,1,1,1,-4,-1,-1,7,-5,2,-4,-1,1,-1,3,1,-4,-1,-1,7,-5,2,-4,-1,1,-1
9708,resize,4,4,4,1,1,1,-3,0,-2,-4,4,-2,-1,-1,-3,-1,4,1,-3,0,-2,-4,4,-2,-1,-1,-3,-1
9709,resize,5,5,5,1,1,1,-2,-1,-2,1,-2,4,0,-2,0,-1,5,1,-2,-1,-2,1,-2,4,0,-2,0,-1
9710,resize,6,6,6,1,1,1,0,-2,-3,-3,-2,3,5,-4,3,-1,6,1,0,-2,-3,-3,-2,3,5,-4,3,-1
9711,resize,7,7,7,1,1,1,-2,0,-2,-1,-1,-1,-5,4,-1,-1,7,1,-2,0,-2,-1,-1,-1,-5,4,-1,-1
9712,resize,8,8,8,1,1,1,0,-1,-1,0,-3,2,1,-3,3,-1,8,1,0,-1,-1,0,-3,2,1,-3,3,-1
9713,resize,9,9,9,1,1,1,-2,-2,-3,-1,1,-2,-5,0,-1,4,9,1,-2,-2,-3,-1,1,-2,-5,0,-1,4
9714,resize,0,0,0,1,1,1,4,-2,-1,-1,-2,0,2,-2,-1,-1,0,1,4,-2,-1,-1,-2,0,2,-2,-1,-1
9715,resize,1,1,1,1,1,1,-3,4,-2,-3,-1,-1,-2,0,-1,-2,1,1,-3,4,-2,-3,-1,-1,-2,0,-1,-2
9716,resize,2,2,2,1,1,1,-1,2,3,0,0,-1,-2,0,-2,-2,2,1,-1,2,3,0,0,-1,-2,0,-2,-2
9717,resize,3,3,3,1,1,1,-2,-2,-1,6,-5,1,-4,-2,1,1,3,1,-2,-2,-1,6,-5,1,-4,-2,1,1
9718,resize,4,4,4,1,1,1,-3,-1,-2,-4,6,-3,-2,-1,-4,-2,4,1,-3,-1,-2,-4,6,-3,-2,-1,-4,-2
9719,resize,5,5,5,1,1,1,0,-1,-3,2,-2,5,-1,-1,-2,1,5,1,0,-1,-3,2,-2,5,-1,-1,-2,1
9720,resize,6,6,6,1,1,1,2,-2,-2,-3,-2,3,5,-4,1,-2,6,1,2,-2,-2,-3,-2,3,5,-4,1,-2
9721,resize,7,7,7,1,1,1,-2,0,-2,-1,-1,0,-5,4,-1,-1,7,1,-2,0,-2,-1,-1,0,-5,4,-1,-1
9722,resize,8,8,8,1,1,1,-1,-1,-1,0,-2,0,-2,-3,5,0,8,1,-1,-1,-1,0,-2,0,-2,-3,5,0
9723,resize,9,9,9,1,1,1,-3,-2,-3,-2,2,-2,-5,-1,0,4,9,1,-3,-2,-3,-2,2,-2,-5,-1,0,4
9724,resize,0,0,0,1,1,1,3,-2,0,-1,-2,0,0,-1,1,-1,0,1,3,-2,0,-1,-2,0,0,-1,1,-1
9725,resize,1,1,1,1,1,1,-2,4,-2,-4,0,-1,-1,0,-1,-1,1,1,-2,4,-2,-4,0,-1,-1,0,-1,-1
9726,resize,2,2,2,1,1,1,-1,1,4,0,-1,-2,-2,0,-2,-3,2,1,-1,1,4,0,-1,-2,-2,0,-2,-3
9727,resize,3,3,3,1,1,1,-1,-2,-2,5,-4,2,-3,-1,0,1,3,1,-1,-2,-2,5,-4,2,-3,-1,0,1
9728,resize,4,4,4,1,1,1,-3,0,-2,-4,4,-1,-1,-1,-3,-1,4,1,-3,0,-2,-4,4,-1,-1,-1,-3,-1
9729,resize,5,6,6,0,0,1,1,-2,-2,-1,-2,2,4,-3,0,-3,6,1,1,-2,-2,-1,-2,2,4,-3,0,-3
9730,resize,6,6,6,1,1,1,1,-2,-3,-2,-1,3,4,-4,1,-1,6,1,1,-2,-3,-2,-1,3,4,-4,1,-1
9731,resize,7,7,7,1,1,1,-2,0,-3,-2,0,0,-5,4,-1,0,7,1,-2,0,-3,-2,0,0,-5,4,-1,0
9732,resize,8,8,8,1,1,1,-1,-2,-1,0,-3,0,-1,-3,5,-1,8,1,-1,-2,-1,0,-3,0,-1,-3,5,-1
9733,resize,9,9,9,1,1,1,-3,-2,-3,-3,2,-2,-5,0,0,3,9,1,-3,-2,-3,-3,2,-2,-5,0,0,3
9734,resize,7,7,7,1,1,1,-1,-1,-2,0,-1,0,-4,3,-1,0,7,1,-1,-1,-2,0,-1,0,-4,3,-1,0
9735,resize,4,4,4,1,1,1,-2,0,-2,-3,3,-1,-1,0,-2,-1,4,1,-2,0,-2,-3,3,-1,-1,0,-2,-1
9736,resize,6,6,6,1,1,1,1,-3,-2,-2,-3,2,4,-4,2,-1,6,1,1,-3,-2,-2,-3,2,4,-4,2,-1
9737,resize,1,1,1,1,1,1,-2,3,-2,-3,-1,0,-1,0,-1,-1,1,1,-2,3,-2,-3,-1,0,-1,0,-1,-1
9738,resize,4,4,4,1,1,1,-2,0,-2,-4,4,-1,0,-2,-2,-1,4,1,-2,0,-2,-4,4,-1,0,-2,-2,-1
9739,resize,0,0,0,1,1,1,5,-2,-1,-2,-3,-1,0,-1,0,-1,0,1,5,-2,-1,-2,-3,-1,0,-1,0,-1
9740,resize,9,9,9,1,1,1,-1,-2,-3,-1,1,-1,-3,0,0,3,9,1,-1,-2,-3,-1,1,-1,-3,0,0,3
9741,resize,9,9,9,1,1,1,0,-1,-3,-1,0,-1,-2,0,-1,2,9,1,0,-1,-3,-1,0,-1,-2,0,-1,2
9742,resize,3,3,3,1,1,1,-2,-1,0,6,-5,1,-3,-1,1,-1,3,1,-2,-1,0,6,-5,1,-3,-1,1,-1
9743,resize,7,7,7,1,1,1,-2,0,-2,-1,-1,0,-5,4,-1,-1,7,1,-2,0,-2,-1,-1,0,-5,4,-1,-1
9744,resize,8,8,8,1,1,1,-1,0,-1,-1,-1,1,1,-1,3,-2,8,1,-1,0,-1,-1,-1,1,1,-1,3,-2
9745,resize,4,4,4,1,1,1,-1,0,-2,-3,2,0,1,-1,-2,-1,4,1,-1,0,-2,-3,2,0,1,-1,-2,-1
9746,resize,7,7,7,1,1,1,-1,-1,-2,-1,-1,0,-3,3,-1,-1,7,1,-1,-1,-2,-1,-1,0,-3,3,-1,-1
9747,resize,5,5,5,1,1,1,-1,-2,-4,2,-3,6,-1,-2,-1,1,5,1,-1,-2,-4,2,-3,6,-1,-2,-1,1
9748,resize,8,8,8,1,1,1,-2,-1,-1,-1,-1,0,0,-4,5,0,8,1,-2,-1,-1,-1,-1,0,0,-4,5,0
9749,resize,5,5,5,1,1,1,1,-3,-4,0,-2,4,3,-3,0,-1,5,1,1,-3,-4,0,-2,4,3,-3,0,-1
9750,resize,3,3,3,1,1,1,-2,-2,-1,5,-4,1,-2,-1,1,0,3,1,-2,-2,-1,5,-4,1,-2,-1,1,0
9751,resize,2,2,2,1,1,1,-1,-1,3,0,-1,-1,-2,-1,0,-1,2,1,-1,-1,3,0,-1,-1,-2,-1,0,-1
9752,resize,2,2,2,1,1,1,-1,0,3,0,-1,-2,-2,-1,0,-1,2,1,-1,0,3,0,-1,-2,-2,-1,0,-1
9753,resize,0,0,0,1,1,1,5,-3,0,-2,-3,-1,0,-1,1,-1,0,1,5,-3,0,-2,-3,-1,0,-1,1,-1
9754,resize,5,5,5,1,1,1,-1,-1,-2,0,-2,4,1,-2,1,0,5,1,-1,-1,-2,0,-2,4,1,-2,1,0
9755,resize,8,8,8,1,1,1,-1,-2,-3,-1,-1,2,1,-3,3,-1,8,1,-1,-2,-3,-1,-1,2,1,-3,3,-1
9756,resize,6,6,6,1,1,1,-1,-2,-1,-3,-2,2,5,-4,1,-3,6,1,-1,-2,-1,-3,-2,2,5,-4,1,-3
9757,resize,0,0,0,1,1,1,4,-3,-1,-2,-2,-2,0,-1,0,0,0,1,4,-3,-1,-2,-2,-2,0,-1,0,0
9758,resize,3,3,3,1,1,1,-2,-2,-2,6,-4,3,-3,-1,0,1,3,1,-2,-2,-2,6,-4,3,-3,-1,0,1
9759,resize,8,8,8,1,1,1,-1,-1,0,-1,-2,-1,-1,-3,5,0,8,1,-1,-1,0,-1,-2,-1,-1,-3,5,0
9760,resize,1,1,1,1,1,1,-2,3,-2,-3,-1,0,-1,0,-1,-1,1,1,-2,3,-2,-3,-1,0,-1,0,-1,-1
9761,resize,0,0,0,1,1,1,4,-3,0,-2,-3,-1,0,-1,0,-1,0,1,4,-3,0,-2,-3,-1,0,-1,0,-1
9762,resize,3,3,3,1,1,1,-1,-1,-1,3,-3,1,-1,-1,0,0,3,1,-1,-1,-1,3,-3,1,-1,-1,0,0
9763,resize,0,0,0,1,1,1,3,-2,0,-1,-2,-1,0,-1,1,0,0,1,3,-2,0,-1,-2,-1,0,-1,1,0
9764,resize,4,4,4,1,1,1,-2,0,-1,-2,3,-1,-1,-1,-1,-1,4,1,-2,0,-1,-2,3,-1,-1,-1,-1,-1
9765,resize,7,7,7,1,1,1,-1,0,-2,0,-1,0,-4,3,-1,-1,7,1,-1,0,-2,0,-1,0,-4,3,-1,-1
9766,resize,4,4,4,1,1,1,-2,0,-1,-3,4,-2,-2,-1,-2,-2,4,1,-2,0,-1,-3,4,-2,-2,-1,-2,-2
9767,resize,9,9,9,1,1,1,-2,-2,-2,0,0,-1,-4,0,0,2,9,1,-2,-2,-2,0,0,-1,-4,0,0,2
9768,resize,2,2,2,1,1,1,0,-1,2,0,-2,-1,-1,-1,1,0,2,1,0,-1,2,0,-2,-1,-1,-1,1,0
9769,resize,9,9,9,1,1,1,-3,-2,-4,-2,1,-2,-5,-1,-1,4,9,1,-3,-2,-4,-2,1,-2,-5,-1,-1,4
9770,resize,5,5,5,1,1,1,1,-2,-2,0,-1,4,1,-2,-1,0,5,1,1,-2,-2,0,-1,4,1,-2,-1,0
9771,resize,7,7,7,1,1,1,-1,0,-1,-1,-1,-1,-4,4,0,-1,7,1,-1,0,-1,-1,-1,-1,-4,4,0,-1
9772,resize,1,1,1,1,1,1,-2,5,-2,-4,-1,-1,-2,-1,-1,-1,1,1,-2,5,-2,-4,-1,-1,-2,-1,-1,-1
9773,resize,7,7,7,1,1,1,-2,0,-2,0,0,0,-3,3,-1,-1,7,1,-2,0,-2,0,0,0,-3,3,-1,-1
9774,resize,1,1,1,1,1,1,-2,4,-2,-4,-2,-1,-1,0,-1,-2,1,1,-2,4,-2,-4,-2,-1,-1,0,-1,-2
9775,resize,6,6,6,1,1,1,1,-1,-2,-3,-2,1,5,-4,0,-2,6,1,1,-1,-2,-3,-2,1,5,-4,0,-2
9776,resize,6,6,6,1,1,1,1,-2,-1,-2,-2,1,4,-3,0,-2,6,1,1,-2,-1,-2,-2,1,4,-3,0,-2
9777,resize,5,5,5,1,1,1,0,-1,-1,1,-2,3,0,-1,-1,0,5,1,0,-1,-1,1,-2,3,0,-1,-1,0
9778,resize,6,6,6,1,1,1,-1,-1,-1,-3,-2,2,5,-4,2,-3,6,1,-1,-1,-1,-3,-2,2,5,-4,2,-3
9779,resize,2,2,2,1,1,1,0,-1,4,-1,-2,-2,-1,-1,1,-1,2,1,0,-1,4,-1,-2,-2,-1,-1,1,-1
9780,resize,8,8,8,1,1,1,0,-2,-1,2,-4,1,-2,-1,3,-1,8,1,0,-2,-1,2,-4,1,-2,-1,3,-1
9781,resize,7,7,7,1,1,1,-1,-1,-1,0,-1,-1,-5,2,0,0,7,1,-1,-1,-1,0,-1,-1,-5,2,0,0
9782,resize,6,6,6,1,1,1,1,-2,-2,-2,-1,3,4,-3,0,-2,6,1,1,-2,-2,-2,-1,3,4,-3,0,-2
9783,resize,4,4,4,1,1,1,-2,0,-1,-3,4,-2,-1,0,-3,-1,4,1,-2,0,-1,-3,4,-2,-1,0,-3,-1
9784,resize,9,9,9,1,1,1,-1,-2,-3,-1,0,-1,-4,0,-2,4,9,1,-1,-2,-3,-1,0,-1,-4,0,-2,4
9785,resize,9,9,9,1,1,1,-2,-2,-2,0,0,-1,-5,0,-1,4,9,1,-2,-2,-2,0,0,-1,-5,0,-1,4
9786,resize,5,5,5,1,1,1,-1,-2,-4,1,-3,6,0,-2,0,0,5,1,-1,-2,-4,1,-3,6,0,-2,0,0
9787,resize,3,3,3,1,1,1,-1,-2,-2,6,-6,2,-3,-2,1,0,3,1,-1,-2,-2,6,-6,2,-3,-2,1,0
9788,resize,7,7,7,1,1,1,-2,0,-1,-1,0,-1,-5,4,-1,0,7,1,-2,0,-1,-1,0,-1,-5,4,-1,0
9789,resize,4,4,4,1,1,1,-2,-1,-2,-3,4,-1,-1,-1,-2,-1,4,1,-2,-1,-2,-3,4,-1,-1,-1,-2,-1
9790,resize,3,3,3,1,1,1,-2,-2,-1,5,-4,3,-3,-1,0,0,3,1,-2,-2,-1,5,-4,3,-3,-1,0,0
9791,resize,0,0,0,1,1,1,4,-2,-1,-1,-3,-1,1,-1,0,-1,0,1,4,-2,-1,-1,-3,-1,1,-1,0,-1
9792,resize,4,4,4,1,1,1,-1,0,-2,-2,1,-1,-1,0,-2,1,4,1,-1,0,-2,-2,1,-1,-1,0,-2,1
9793,resize,6,6,6,1,1,1,0,-2,-1,-2,-2,2,4,-4,1,-2,6,1,0,-2,-1,-2,-2,2,4,-4,1,-2
9794,resize,6,6,6,1,1,1,1,-2,-2,-3,-2,1,6,-4,0,-3,6,1,1,-2,-2,-3,-2,1,6,-4,0,-3
9795,resize,1,1,1,1,1,1,-2,4,-1,-3,-1,-1,-2,1,-1,-2,1,1,-2,4,-1,-3,-1,-1,-2,1,-1,-2
9796,resize,1,1,1,1,1,1,-3,5,-2,-5,-1,-1,-2,0,-1,-2,1,1,-3,5,-2,-5,-1,-1,-2,0,-1,-2
9797,resize,3,3,3,1,1,1,-2,-2,-2,6,-5,3,-3,-2,0,1,3,1,-2,-2,-2,6,-5,3,-3,-2,0,1
9798,resize,2,2,2,1,1,1,-2,1,6,0,-2,-3,-2,0,-1,-3,2,1,-2,1,6,0,-2,-3,-2,0,-1,-3
9799,resize,1,1,1,1,1,1,-3,5,-3,-5,-1,-1,-2,0,-1,-1,1,1,-3,5,-3,-5,-1,-1,-2,0,-1,-1
9800,resize,0,0,0,1,1,1,4,-3,-1,0,-3,0,0,-1,1,0,0,1,4,-3,-1,0,-3,0,0,-1,1,0
9801,resize,0,0,0,1,1,1,6,-3,0,-3,-4,-1,1,-2,0,-2,0,1,6,-3,0,-3,-4,-1,1,-2,0,-2
9802,resize,1,1,1,1,1,1,-2,3,-1,-3,-1,0,-1,0,0,-1,1,1,-2,3,-1,-3,-1,0,-1,0,0,-1
9803,resize,2,2,2,1,1,1,-1,0,5,1,-4,-4,-2,0,0,-4,2,1,-1,0,5,1,-4,-4,-2,0,0,-4
9804,resize,3,3,3,1,1,1,-3,-2,-3,6,-5,3,-3,-2,0,1,3,1,-3,-2,-3,6,-5,3,-3,-2,0,1
9805,resize,4,4,4,1,1,1,-5,-1,-3,-4,6,-3,-3,-1,-2,-2,4,1,-5,-1,-3,-4,6,-3,-3,-1,-2,-2
9806,resize,7,7,7,1,1,1,-2,0,1,0,-1,-1,-4,3,-1,0,7,1,-2,0,1,0,-1,-1,-4,3,-1,0
9807,resize,8,8,8,1,1,1,-1,-2,-2,0,-3,1,-1,-4,7,-1,8,1,-1,-2,-2,0,-3,1,-1,-4,7,-1
9808,resize,9,9,9,1,1,1,-2,-2,-3,-1,1,-2,-5,1,-2,4,9,1,-2,-2,-3,-1,1,-2,-5,1,-2,4
9809,resize,0,0,0,1,1,1,4,-2,-1,-2,-3,-1,0,-1,1,-1,0,1,4,-2,-1,-2,-3,-1,0,-1,1,-1
9810,resize,1,1,1,1,1,1,-2,4,-2,-3,-1,-1,-2,0,-1,-1,1,1,-2,4,-2,-3,-1,-1,-2,0,-1,-1
9811,resize,2,2,2,1,1,1,-1,0,3,0,-4,-2,-2,0,0,-4,2,1,-1,0,3,0,-4,-2,-2,0,0,-4
9812,resize,3,3,3,1,1,1,-2,-2,-2,7,-5,2,-3,-2,0,0,3,1,-2,-2,-2,7,-5,2,-3,-2,0,0
9813,resize,4,4,4,1,1,1,-1,-2,-2,-2,4,-1,-1,-1,-2,0,4,1,-1,-2,-2,-2,4,-1,-1,-1,-2,0
9814,resize,5,5,5,1,1,1,-3,-1,-4,-2,-2,7,0,-2,0,1,5,1,-3,-1,-4,-2,-2,7,0,-2,0,1
9815,resize,6,6,6,1,1,1,0,-2,-3,-3,-2,3,6,-5,1,-3,6,1,0,-2,-3,-3,-2,3,6,-5,1,-3
9816,resize,7,7,7,1,1,1,-2,0,0,0,0,-1,-4,3,-1,0,7,1,-2,0,0,0,0,-1,-4,3,-1,0
9817,resize,8,8,8,1,1,1,-1,-1,-1,-1,-2,1,1,-3,5,-2,8,1,-1,-1,-1,-1,-2,1,1,-3,5,-2
9818,resize,0,0,0,1,1,1,4,-3,0,-2,-3,-1,0,-1,1,-1,0,1,4,-3,0,-2,-3,-1,0,-1,1,-1
9819,resize,1,1,1,1,1,1,-2,5,-2,-4,-2,-1,-2,0,-1,-2,1,1,-2,5,-2,-4,-2,-1,-2,0,-1,-2
9820,resize,2,2,2,1,1,1,-1,1,5,1,-4,-4,-2,1,-1,-5,2,1,-1,1,5,1,-4,-4,-2,1,-1,-5
9821,resize,3,3,3,1,1,1,-3,-2,-2,7,-6,3,-4,-2,0,0,3,1,-3,-2,-2,7,-6,3,-4,-2,0,0
9822,resize,4,4,4,1,1,1,-4,-1,-2,-3,5,-2,-3,-1,-2,-2,4,1,-4,-1,-2,-3,5,-2,-3,-1,-2,-2
9823,resize,7,7,7,1,1,1,-2,1,0,0,-1,-2,-5,4,-1,-1,7,1,-2,1,0,0,-1,-2,-5,4,-1,-1
9824,resize,8,8,8,1,1,1,-1,-2,-2,-1,-2,2,0,-4,5,0,8,1,-1,-2,-2,-1,-2,2,0,-4,5,0
9825,resize,9,9,9,1,1,1,-1,-2,-2,1,0,-1,-5,0,-1,4,9,1,-1,-2,-2,1,0,-1,-5,0,-1,4
9826,resize,0,0,0,1,1,1,4,-1,-1,-3,-2,-1,1,-2,-1,-1,0,1,4,-1,-1,-3,-2,-1,1,-2,-1,-1
9827,resize,8,8,8,1,1,1,-1,-1,-1,0,-2,0,0,-2,4,-1,8,1,-1,-1,-1,0,-2,0,0,-2,4,-1
9828,resize,3,3,3,1,1,1,-2,-2,-2,5,-4,2,-3,-2,0,2,3,1,-2,-2,-2,5,-4,2,-3,-2,0,2
9829,resize,9,9,9,1,1,1,0,-1,-3,0,-1,0,-2,-1,-1,3,9,1,0,-1,-3,0,-1,0,-2,-1,-1,3
9830,resize,5,5,5,1,1,1,-2,0,-3,-1,-2,5,1,-2,1,0,5,1,-2,0,-3,-1,-2,5,1,-2,1,0
9831,resize,5,5,5,1,1,1,-2,0,-2,-1,-1,4,1,-2,0,0,5,1,-2,0,-2,-1,-1,4,1,-2,0,0
9832,resize,2,2,2,1,1,1,-1,0,2,0,-2,-2,0,-1,2,-2,2,1,-1,0,2,0,-2,-2,0,-1,2,-2
9833,resize,6,6,6,1,1,1,0,-1,-3,-2,0,1,5,-3,-1,-3,6,1,0,-1,-3,-2,0,1,5,-3,-1,-3
9834,resize,8,8,8,1,1,1,-1,-2,-2,-2,-2,3,1,-3,4,-1,8,1,-1,-2,-2,-2,-2,3,1,-3,4,-1
9835,resize,4,4,4,1,1,1,-1,0,-2,-3,4,-1,0,-2,-1,0,4,1,-1,0,-2,-3,4,-1,0,-2,-1,0
9836,resize,1,1,1,1,1,1,-2,3,-2,-3,-1,-1,-3,1,-1,0,1,1,-2,3,-2,-3,-1,-1,-3,1,-1,0
9837,resize,7,7,7,1,1,1,-2,0,0,0,0,-2,-5,4,-1,0,7,1,-2,0,0,0,0,-2,-5,4,-1,0
9838,resize,1,1,1,1,1,1,-2,3,-2,-2,0,-1,-2,0,-1,0,1,1,-2,3,-2,-2,0,-1,-2,0,-1,0
9839,resize,2,2,2,1,1,1,0,0,2,0,-2,-1,-2,1,-1,-2,2,1,0,0,2,0,-2,-1,-2,1,-1,-2
9840,resize,3,3,3,1,1,1,-2,-2,-1,5,-4,3,-1,-2,0,0,3,1,-2,-2,-1,5,-4,3,-1,-2,0,0
9841,resize,5,5,5,1,1,1,-1,-1,-2,-1,-2,5,1,-3,1,0,5,1,-1,-1,-2,-1,-2,5,1,-3,1,0
9842,resize,6,6,6,1,1,1,1,-1,-2,-3,-1,2,4,-4,0,-2,6,1,1,-1,-2,-3,-1,2,4,-4,0,-2
9843,resize,9,9,9,1,1,1,-1,-1,-3,0,0,-1,-4,-1,-2,3,9,1,-1,-1,-3,0,0,-1,-4,-1,-2,3
9844,resize,1,1,1,1,1,1,-2,4,-2,-3,-1,-1,-1,-1,-1,-1,1,1,-2,4,-2,-3,-1,-1,-1,-1,-1,-1
9845,resize,1,1,1,1,1,1,-1,3,-1,-3,-1,-1,-1,0,-1,-2,1,1,-1,3,-1,-3,-1,-1,-1,0,-1,-2
9846,resize,1,1,1,1,1,1,-2,4,-2,-3,-1,-2,-2,0,-2,-2,1,1,-2,4,-2,-3,-1,-2,-2,0,-2,-2
9847,resize,2,2,2,1,1,1,-1,1,4,0,-2,-2,-2,1,-2,-3,2,1,-1,1,4,0,-2,-2,-2,1,-2,-3
9848,resize,1,1,1,1,1,1,-2,4,-2,-4,-1,-1,-2,0,0,-2,1,1,-2,4,-2,-4,-1,-1,-2,0,0,-2
9849,resize,2,2,2,1,1,1,-1,0,4,1,-3,-3,-2,1,0,-4,2,1,-1,0,4,1,-3,-3,-2,1,0,-4
9850,resize,0,0,6,1,0,0,2,-2,-2,-1,-2,1,3,-3,2,-1,6,1,2,-2,-2,-1,-2,1,3,-3,2,-1
9851,resize,7,7,7,1,1,1,-2,0,0,0,-1,-1,-5,4,-1,-1,7,1,-2,0,0,0,-1,-1,-5,4,-1,-1
9852,resize,7,7,7,1,1,1,-2,0,0,0,-1,-1,-3,3,-1,-1,7,1,-2,0,0,0,-1,-1,-3,3,-1,-1
9853,resize,5,5,5,1,1,1,-2,-1,-2,-1,-2,5,0,-2,1,0,5,1,-2,-1,-2,-1,-2,5,0,-2,1,0
9854,resize,8,8,8,1,1,1,-1,-1,-1,-1,-2,2,1,-4,5,-1,8,1,-1,-1,-1,-1,-2,2,1,-4,5,-1
9855,resize,2,2,2,1,1,1,0,0,4,1,-3,-3,-2,1,0,-3,2,1,0,0,4,1,-3,-3,-2,1,0,-3
9856,resize,9,9,9,1,1,1,-2,-1,-3,-1,0,2,-3,-1,-2,3,9,1,-2,-1,-3,-1,0,2,-3,-1,-2,3
9857,resize,8,8,8,1,1,1,-1,-1,-1,-1,-2,2,0,-2,4,-1,8,1,-1,-1,-1,-1,-2,2,0,-2,4,-1
9858,resize,6,6,6,1,1,1,0,-1,-2,-1,-1,2,3,-2,1,-3,6,1,0,-1,-2,-1,-1,2,3,-2,1,-3
9859,resize,7,7,7,1,1,1,-3,1,0,0,0,-2,-5,4,-1,0,7,1,-3,1,0,0,0,-2,-5,4,-1,0
9860,resize,3,3,3,1,1,1,-3,-2,-2,6,-4,3,-2,-2,0,0,3,1,-3,-2,-2,6,-4,3,-2,-2,0,0
9861,resize,4,4,4,1,1,1,-2,-1,-2,-3,5,-3,-2,0,-3,-1,4,1,-2,-1,-2,-3,5,-3,-2,0,-3,-1
9862,resize,6,6,6,1,1,1,0,-1,-2,-2,-2,2,4,-3,2,-3,6,1,0,-1,-2,-2,-2,2,4,-3,2,-3
9863,resize,8,8,8,1,1,1,-1,-1,-2,-1,-1,2,1,-3,4,-1,8,1,-1,-1,-2,-1,-1,2,1,-3,4,-1
9864,resize,7,7,7,1,1,1,-2,0,0,1,-1,-1,-4,3,-1,0,7,1,-2,0,0,1,-1,-1,-4,3,-1,0
9865,resize,0,0,0,1,1,1,4,-3,0,-2,-3,-1,0,-1,0,-1,0,1,4,-3,0,-2,-3,-1,0,-1,0,-1
9866,resize,4,4,4,1,1,1,-2,-1,-1,-3,5,-3,-1,-1,-3,-2,4,1,-2,-1,-1,-3,5,-3,-1,-1,-3,-2
9867,resize,2,2,2,1,1,1,-1,0,4,1,-3,-3,-1,0,0,-3,2,1,-1,0,4,1,-3,-3,-1,0,0,-3
9868,resize,7,7,7,1,1,1,-2,-1,0,1,-1,-1,-4,3,-1,0,7,1,-2,-1,0,1,-1,-1,-4,3,-1,0
9869,resize,7,7,7,1,1,1,-3,0,0,0,0,-1,-4,4,-1,0,7,1,-3,0,0,0,0,-1,-4,4,-1,0
9870,resize,5,5,5,1,1,1,-1,0,-2,-1,-2,4,2,-3,1,1,5,1,-1,0,-2,-1,-2,4,2,-3,1,1
9871,resize,4,4,4,1,1,1,-2,-1,-2,-3,5,-2,-2,-1,-3,0,4,1,-2,-1,-2,-3,5,-2,-2,-1,-3,0
9872,resize,3,3,3,1,1,1,-4,0,-1,6,-4,2,-3,-1,-1,-1,3,1,-4,0,-1,6,-4,2,-3,-1,-1,-1
9873,resize,4,4,4,1,1,1,-1,0,-1,-3,4,-2,1,-2,-2,-1,4,1,-1,0,-1,-3,4,-2,1,-2,-2,-1
9874,resize,2,2,2,1,1,1,0,0,3,1,-3,-2,-3,1,0,-2,2,1,0,0,3,1,-3,-2,-3,1,0,-2
9875,resize,8,8,8,1,1,1,-1,-1,-1,-1,-1,0,0,-2,3,0,8,1,-1,-1,-1,-1,-1,0,0,-2,3,0
9876,resize,1,1,1,1,1,1,-3,5,-2,-4,-1,-2,-2,0,-2,-2,1,1,-3,5,-2,-4,-1,-2,-2,0,-2,-2
9877,resize,5,5,5,1,1,1,-2,0,-3,-2,-1,5,0,-2,1,0,5,1,-2,0,-3,-2,-1,5,0,-2,1,0
9878,resize,1,1,1,1,1,1,-3,4,-2,-4,0,-1,-1,-1,-1,-2,1,1,-3,4,-2,-4,0,-1,-1,-1,-1,-2
9879,resize,0,0,0,1,1,1,2,-1,-1,-2,-1,0,1,-2,0,0,0,1,2,-1,-1,-2,-1,0,1,-2,0,0
9880,resize,2,2,2,1,1,1,0,0,5,0,-4,-3,-1,-1,0,-4,2,1,0,0,5,0,-4,-3,-1,-1,0,-4
9881,resize,3,3,3,1,1,1,-2,-1,-2,5,-3,2,-2,-1,0,0,3,1,-2,-1,-2,5,-3,2,-2,-1,0,0
9882,resize,3,3,3,1,1,1,-3,0,-2,4,-3,2,-3,0,-1,0,3,1,-3,0,-2,4,-3,2,-3,0,-1,0
9883,resize,5,5,5,1,1,1,-4,1,-2,0,-1,3,-1,0,0,-1,5,1,-4,1,-2,0,-1,3,-1,0,0,-1
9884,resize,7,7,7,1,1,1,-2,0,0,0,0,-1,-3,3,-1,0,7,1,-2,0,0,0,0,-1,-3,3,-1,0
9885,resize,0,0,0,1,1,1,5,-3,-1,-3,-3,-1,1,-2,0,-1,0,1,5,-3,-1,-3,-3,-1,1,-2,0,-1
9886,resize,6,6,6,1,1,1,0,0,0,-3,-1,1,3,-3,0,-2,6,1,0,0,0,-3,-1,1,3,-3,0,-2
9887,resize,8,8,8,1,1,1,-1,-1,-2,-1,-1,2,1,-3,4,-1,8,1,-1,-1,-2,-1,-1,2,1,-3,4,-1
9888,resize,6,6,6,1,1,1,2,-2,-3,-2,-1,1,3,-3,1,-1,6,1,2,-2,-3,-2,-1,1,3,-3,1,-1
9889,resize,3,3,3,1,1,1,-2,-1,-1,6,-5,1,-3,-2,1,-1,3,1,-2,-1,-1,6,-5,1,-3,-2,1,-1
9890,resize,9,9,9,1,1,1,0,-2,-3,0,-1,1,0,-1,0,2,9,1,0,-2,-3,0,-1,1,0,-1,0,2
9891,resize,9,9,3,1,0,0,-1,-1,-1,1,0,0,-2,0,-1,1,3,1,-1,-1,-1,1,0,0,-2,0,-1,1
9892,resize,8,8,8,1,1,1,-2,-1,-1,-1,-1,1,0,-2,3,0,8,1,-2,-1,-1,-1,-1,1,0,-2,3,0
9893,resize,2,2,2,1,1,1,0,0,3,0,-3,-2,-2,0,0,-2,2,1,0,0,3,0,-3,-2,-2,0,0,-2
9894,resize,7,7,7,1,1,1,-2,0,0,0,-1,-1,-4,3,-1,0,7,1,-2,0,0,0,-1,-1,-4,3,-1,0
9895,resize,7,7,7,1,1,1,-3,0,0,0,0,-1,-5,3,-1,0,7,1,-3,0,0,0,0,-1,-5,3,-1,0
9896,resize,1,1,1,1,1,1,-2,4,-2,-3,-1,-1,-2,0,-1,-2,1,1,-2,4,-2,-3,-1,-1,-2,0,-1,-2
9897,resize,0,0,0,1,1,1,4,-2,-1,-1,-2,-1,0,0,-1,-1,0,1,4,-2,-1,-1,-2,-1,0,0,-1,-1
9898,resize,1,1,1,1,1,1,-1,3,-2,-2,-1,0,-1,-1,0,-1,1,1,-1,3,-2,-2,-1,0,-1,-1,0,-1
9899,resize,7,7,7,1,1,1,-3,0,0,1,-1,-1,-4,4,-1,-1,7,1,-3,0,0,1,-1,-1,-4,4,-1,-1
9900,resize,8,8,8,1,1,1,-2,-1,-2,-1,-1,2,0,-3,5,0,8,1,-2,-1,-2,-1,-1,2,0,-3,5,0
9901,resize,9,9,9,1,1,1,-2,-2,-3,-1,1,-1,-3,-2,0,3,9,1,-2,-2,-3,-1,1,-1,-3,-2,0,3
9902,resize,0,0,0,1,1,1,4,-2,0,-1,-3,-1,1,-2,1,-1,0,1,4,-2,0,-1,-3,-1,1,-2,1,-1
9903,resize,1,1,1,1,1,1,-3,5,-3,-5,0,-1,-2,0,-2,-2,1,1,-3,5,-3,-5,0,-1,-2,0,-2,-2
9904,resize,2,2,2,1,1,1,0,0,1,-1,0,-1,0,-2,1,0,2,1,0,0,1,-1,0,-1,0,-2,1,0
9905,resize,3,3,3,1,1,1,-1,0,1,2,-2,0,-3,0,0,1,3,1,-1,0,1,2,-2,0,-3,0,0,1
9906,resize,4,4,4,1,1,1,-1,1,0,-1,2,-1,-1,0,-2,-1,4,1,-1,1,0,-1,2,-1,-1,0,-2,-1
9907,resize,5,5,5,1,1,1,-1,-1,-1,-1,-2,4,0,-1,0,0,5,1,-1,-1,-1,-1,-2,4,0,-1,0,0
9908,resize,6,6,6,1,1,1,1,-1,-2,-2,-1,1,4,-3,-1,-2,6,1,1,-1,-2,-2,-1,1,4,-3,-1,-2
9909,resize,7,7,7,1,1,1,-2,0,0,0,0,-1,-4,3,-1,0,7,1,-2,0,0,0,0,-1,-4,3,-1,0
9910,resize,8,8,8,1,1,1,-1,0,-2,-1,-1,1,0,-2,3,-1,8,1,-1,0,-2,-1,-1,1,0,-2,3,-1
9911,resize,0,0,0,1,1,1,4,-2,1,-1,-2,-1,0,-1,0,-1,0,1,4,-2,1,-1,-2,-1,0,-1,0,-1
9912,resize,1,1,1,1,1,1,-2,4,0,-3,-1,-1,-2,1,-1,-3,1,1,-2,4,0,-3,-1,-1,-2,1,-1,-3
9913,resize,2,2,2,1,1,1,-3,1,4,1,-3,-1,-2,0,0,-3,2,1,-3,1,4,1,-3,-1,-2,0,0,-3
9914,resize,3,3,3,1,1,1,-1,-2,-2,5,-4,1,-3,-2,1,1,3,1,-1,-2,-2,5,-4,1,-3,-2,1,1
9915,resize,4,4,4,1,1,1,-2,0,-2,-3,4,-2,-2,0,-3,-1,4,1,-2,0,-2,-3,4,-2,-2,0,-3,-1
9916,resize,7,7,7,1,1,1,-1,-1,-1,0,0,-2,-5,3,-1,1,7,1,-1,-1,-1,0,0,-2,-5,3,-1,1
9917,resize,8,8,8,1,1,1,-2,-1,-2,-2,0,1,0,-4,5,0,8,1,-2,-1,-2,-2,0,1,0,-4,5,0
9918,resize,9,9,9,1,1,1,-1,-2,-3,0,0,-2,-4,-1,0,3,9,1,-1,-2,-3,0,0,-2,-4,-1,0,3
9919,resize,7,7,7,1,1,1,-2,0,-1,0,-1,-1,-4,4,-1,-1,7,1,-2,0,-1,0,-1,-1,-4,4,-1,-1
9920,resize,8,8,8,1,1,1,-1,-2,-2,0,-3,1,0,-4,6,0,8,1,-1,-2,-2,0,-3,1,0,-4,6,0
9921,resize,6,6,6,1,1,1,1,-1,-2,-3,-2,2,5,-4,-1,-3,6,1,1,-1,-2,-3,-2,2,5,-4,-1,-3
9922,resize,4,4,4,1,1,1,-3,-1,-2,-3,3,-2,-3,0,-1,1,4,1,-3,-1,-2,-3,3,-2,-3,0,-1,1
9923,resize,1,1,1,1,1,1,-2,4,-2,-3,-1,-1,0,-1,0,-2,1,1,-2,4,-2,-3,-1,-1,0,-1,0,-2
9924,resize,9,9,9,1,1,1,-1,-2,-2,0,-1,-2,-5,1,-1,3,9,1,-1,-2,-2,0,-1,-2,-5,1,-1,3
9925,resize,3,3,3,1,1,1,-2,-1,0,4,-4,1,-2,-1,0,-1,3,1,-2,-1,0,4,-4,1,-2,-1,0,-1
9926,resize,8,8,8,1,1,1,-1,-1,-1,0,-1,0,-1,-1,4,-1,8,1,-1,-1,-1,0,-1,0,-1,-1,4,-1
9927,resize,4,4,4,1,1,1,-4,-1,-1,-4,5,-2,-2,-1,-2,-2,4,1,-4,-1,-1,-4,5,-2,-2,-1,-2,-2
9928,resize,4,4,4,1,1,1,-3,-1,-3,-3,5,-2,-3,-1,-2,0,4,1,-3,-1,-3,-3,5,-2,-3,-1,-2,0
9929,resize,7,7,7,1,1,1,-2,-1,-1,0,-1,-1,-5,3,-1,0,7,1,-2,-1,-1,0,-1,-1,-5,3,-1,0
9930,resize,0,0,0,1,1,1,6,-3,-1,-2,-3,-1,0,-1,-1,-1,0,1,6,-3,-1,-2,-3,-1,0,-1,-1,-1
9931,resize,1,1,1,1,1,1,-2,4,-1,-3,0,-1,-1,0,-1,-1,1,1,-2,4,-1,-3,0,-1,-1,0,-1,-1
9932,resize,9,9,9,1,1,1,0,-2,-3,0,0,-2,-2,0,0,3,9,1,0,-2,-3,0,0,-2,-2,0,0,3
9933,resize,2,2,2,1,1,1,-2,1,5,0,-2,-3,-2,-1,0,-3,2,1,-2,1,5,0,-2,-3,-2,-1,0,-3
9934,resize,8,8,8,1,1,1,-1,-1,-2,-1,-1,1,0,-3,5,-1,8,1,-1,-1,-2,-1,-1,1,0,-3,5,-1
9935,resize,7,7,7,1,1,1,-1,-1,0,0,-1,-1,-4,3,-1,1,7,1,-1,-1,0,0,-1,-1,-4,3,-1,1
9936,resize,8,8,8,1,1,1,-1,-2,-2,0,-2,2,-1,-3,4,0,8,1,-1,-2,-2,0,-2,2,-1,-3,4,0
9937,resize,2,2,2,1,1,1,-1,0,4,0,-2,-2,-2,-1,0,-2,2,1,-1,0,4,0,-2,-2,-2,-1,0,-2
9938,resize,6,6,6,1,1,1,0,-1,-2,-2,-1,1,5,-3,-1,-2,6,1,0,-1,-2,-2,-1,1,5,-3,-1,-2
9939,resize,0,0,0,1,1,1,5,-3,0,-1,-3,-1,1,-1,0,-1,0,1,5,-3,0,-1,-3,-1,1,-1,0,-1
9940,resize,6,6,6,1,1,1,1,-1,-1,-2,-1,1,3,-2,-1,-2,6,1,1,-1,-1,-2,-1,1,3,-2,-1,-2
9941,resize,5,5,5,1,1,1,-1,-1,-1,-1,-1,3,0,-2,2,0,5,1,-1,-1,-1,-1,-1,3,0,-2,2,0
9942,resize,3,3,3,1,1,1,-3,-1,-1,6,-5,2,-3,-1,1,0,3,1,-3,-1,-1,6,-5,2,-3,-1,1,0
9943,resize,3,3,3,1,1,1,-3,-1,-1,5,-3,1,-3,-1,1,-1,3,1,-3,-1,-1,5,-3,1,-3,-1,1,-1
9944,resize,3,3,3,1,1,1,-2,0,0,3,-3,1,-1,-1,1,-1,3,1,-2,0,0,3,-3,1,-1,-1,1,-1
9945,resize,9,9,9,1,1,1,-1,-1,-2,1,-1,-1,-4,0,-2,3,9,1,-1,-1,-2,1,-1,-1,-4,0,-2,3
9946,resize,1,1,1,1,1,1,-2,4,-2,-4,-1,-1,-1,-1,-1,-2,1,1,-2,4,-2,-4,-1,-1,-1,-1,-1,-2
9947,resize,4,4,4,1,1,1,1,-1,-1,-1,2,-1,0,0,-2,-1,4,1,1,-1,-1,-1,2,-1,0,0,-2,-1
9948,resize,0,0,0,1,1,1,3,-2,-1,-1,-2,0,1,-2,0,-1,0,1,3,-2,-1,-1,-2,0,1,-2,0,-1
9949,resize,6,6,6,1,1,1,0,-2,-4,-3,-1,1,6,-4,-1,-3,6,1,0,-2,-4,-3,-1,1,6,-4,-1,-3
9950,resize,1,1,1,1,1,1,-2,4,-2,-4,0,-1,-1,-1,-1,-1,1,1,-2,4,-2,-4,0,-1,-1,-1,-1,-1
9951,resize,0,0,0,1,1,1,3,-2,-1,-1,-2,0,0,-1,1,-1,0,1,3,-2,-1,-1,-2,0,0,-1,1,-1
9952,resize,0,0,0,1,1,1,4,-2,0,-2,-3,-1,0,-1,1,-1,0,1,4,-2,0,-2,-3,-1,0,-1,1,-1
9953,resize,6,6,6,1,1,1,1,-1,-2,-3,-1,1,5,-3,-1,-3,6,1,1,-1,-2,-3,-1,1,5,-3,-1,-3
9954,resize,2,2,2,1,1,1,0,0,4,0,-2,-3,-2,1,0,-2,2,1,0,0,4,0,-2,-3,-2,1,0,-2
9955,resize,1,1,1,1,1,1,-2,5,-1,-4,-2,0,-1,0,0,-2,1,1,-2,5,-1,-4,-2,0,-1,0,0,-2
9956,resize,1,1,1,1,1,1,-2,4,-2,-4,-1,-1,-2,-1,-1,-2,1,1,-2,4,-2,-4,-1,-1,-2,-1,-1,-2
9957,resize,7,7,7,1,1,1,-1,0,0,0,-1,-1,-4,3,-1,0,7,1,-1,0,0,0,-1,-1,-4,3,-1,0
9958,resize,7,7,7,1,1,1,-2,1,1,0,-2,-1,-4,3,-1,-1,7,1,-2,1,1,0,-2,-1,-4,3,-1,-1
9959,resize,8,8,8,1,1,1,0,-1,-1,0,-1,0,-1,-1,3,0,8,1,0,-1,-1,0,-1,0,-1,-1,3,0
9960,resize,4,4,4,1,1,1,-3,-1,-2,-4,5,-2,-3,-1,-2,0,4,1,-3,-1,-2,-4,5,-2,-3,-1,-2,0
9961,resize,6,6,6,1,1,1,0,-1,-3,-3,0,1,5,-3,-1,-2,6,1,0,-1,-3,-3,0,1,5,-3,-1,-2
9962,resize,0,0,0,1,1,1,4,-2,-1,-1,-3,0,-1,-1,1,-1,0,1,4,-2,-1,-1,-3,0,-1,-1,1,-1
9963,resize,7,7,7,1,1,1,-1,-1,0,1,-1,0,-4,2,-1,1,7,1,-1,-1,0,1,-1,0,-4,2,-1,1
9964,resize,0,0,0,1,1,1,4,-2,1,-3,-2,-1,0,-2,0,-1,0,1,4,-2,1,-3,-2,-1,0,-2,0,-1
9965,resize,3,3,3,1,1,1,-3,-1,-1,6,-5,2,-3,-2,0,0,3,1,-3,-1,-1,6,-5,2,-3,-2,0,0
9966,resize,6,6,6,1,1,1,0,-1,-3,-2,0,0,4,-3,-1,-1,6,1,0,-1,-3,-2,0,0,4,-3,-1,-1
9967,resize,8,8,8,1,1,1,-1,-2,-2,1,-3,1,-1,-3,5,0,8,1,-1,-2,-2,1,-3,1,-1,-3,5,0
9968,resize,7,7,7,1,1,1,-3,0,0,0,0,-1,-5,4,-1,0,7,1,-3,0,0,0,0,-1,-5,4,-1,0
9969,resize,1,1,1,1,1,1,-3,4,-2,-4,-1,-1,-2,0,-1,-1,1,1,-3,4,-2,-4,-1,-1,-2,0,-1,-1
9970,resize,5,5,5,1,1,1,-2,-1,-3,2,-3,5,-2,-2,-1,1,5,1,-2,-1,-3,2,-3,5,-2,-2,-1,1
9971,resize,2,2,2,1,1,1,-1,1,4,-1,-1,-1,-1,-1,-1,-3,2,1,-1,1,4,-1,-1,-1,-1,-1,-1,-3
9972,resize,4,4,4,1,1,1,-3,-1,-1,-2,4,-1,-2,-1,-1,-1,4,1,-3,-1,-1,-2,4,-1,-2,-1,-1,-1
9973,resize,9,9,9,1,1,1,-2,-2,-3,-1,0,-2,-5,0,-1,4,9,1,-2,-2,-3,-1,0,-2,-5,0,-1,4
9974,resize,4,4,4,1,1,1,-1,-1,-1,-2,3,0,-1,-1,-2,-1,4,1,-1,-1,-1,-2,3,0,-1,-1,-2,-1
9975,resize,3,3,3,1,1,1,-2,0,1,4,-3,0,-2,0,0,-2,3,1,-2,0,1,4,-3,0,-2,0,0,-2
9976,resize,6,6,6,1,1,1,0,-1,-3,-2,0,1,3,-3,0,-1,6,1,0,-1,-3,-2,0,1,3,-3,0,-1
9977,resize,4,4,4,1,1,1,-3,-1,-2,-3,5,-3,-2,-1,-2,-1,4,1,-3,-1,-2,-3,5,-3,-2,-1,-2,-1
9978,resize,1,1,1,1,1,1,-3,5,-2,-4,-1,-1,-2,0,-1,-2,1,1,-3,5,-2,-4,-1,-1,-2,0,-1,-2
9979,resize,7,7,7,1,1,1,-2,-1,-1,0,0,-1,-5,4,-1,0,7,1,-2,-1,-1,0,0,-1,-5,4,-1,0
9980,resize,2,2,2,1,1,1,-1,0,5,1,-3,-3,-2,1,0,-2,2,1,-1,0,5,1,-3,-3,-2,1,0,-2
9981,resize,6,6,6,1,1,1,2,-1,-1,-2,-2,1,4,-4,-1,-2,6,1,2,-1,-1,-2,-2,1,4,-4,-1,-2
9982,resize,5,5,5,1,1,1,0,-2,-2,1,-2,3,0,-2,1,0,5,1,0,-2,-2,1,-2,3,0,-2,1,0
9983,resize,0,0,0,1,1,1,5,-3,-1,-1,-3,0,1,-2,-1,-1,0,1,5,-3,-1,-1,-3,0,1,-2,-1,-1
9984,resize,1,1,1,1,1,1,-3,4,-1,-2,-1,-1,-2,1,-2,-1,1,1,-3,4,-1,-2,-1,-1,-2,1,-2,-1
9985,resize,2,2,2,1,1,1,-1,1,4,1,-3,-2,-3,1,-1,-3,2,1,-1,1,4,1,-3,-2,-3,1,-1,-3
9986,resize,3,3,3,1,1,1,-3,0,-1,5,-4,1,-3,-1,1,0,3,1,-3,0,-1,5,-4,1,-3,-1,1,0
9987,resize,4,4,4,1,1,1,-4,-1,-2,-4,5,-2,-3,-1,-2,0,4,1,-4,-1,-2,-4,5,-2,-3,-1,-2,0
9988,resize,5,5,5,1,1,1,-1,-2,-3,2,-3,6,-1,-1,-1,1,5,1,-1,-2,-3,2,-3,6,-1,-1,-1,1
9989,resize,6,6,6,1,1,1,0,-1,-3,-3,-1,2,6,-5,0,-3,6,1,0,-1,-3,-3,-1,2,6,-5,0,-3
9990,resize,7,7,7,1,1,1,-3,1,0,0,0,-2,-5,4,-2,-1,7,1,-3,1,0,0,0,-2,-5,4,-2,-1
9991,resize,8,8,8,1,1,1,-1,-1,-2,-1,-1,1,0,-3,5,-1,8,1,-1,-1,-2,-1,-1,1,0,-3,5,-1
9992,resize,9,9,9,1,1,1,-1,-3,-2,0,0,-2,-6,1,-1,4,9,1,-1,-3,-2,0,0,-2,-6,1,-1,4
9993,resize,0,0,0,1,1,1,3,-3,-1,-1,-3,0,1,-2,1,-1,0,1,3,-3,-1,-1,-3,0,1,-2,1,-1
9994,resize,1,1,1,1,1,1,-2,5,-1,-4,-2,0,-1,-1,0,-3,1,1,-2,5,-1,-4,-2,0,-1,-1,0,-3
9995,resize,2,2,2,1,1,1,0,1,7,0,-3,-4,-2,1,-2,-5,2,1,0,1,7,0,-3,-4,-2,1,-2,-5
9996,resize,3,3,3,1,1,1,-1,-1,-1,5,-4,2,-3,-1,0,0,3,1,-1,-1,-1,5,-4,2,-3,-1,0,0
9997,resize,4,4,4,1,1,1,-5,-1,-3,-4,6,-2,-3,-1,-2,0,4,1,-5,-1,-3,-4,6,-2,-3,-1,-2,0
9998,resize,5,5,5,1,1,1,-2,-2,-3,1,-2,5,1,-3,2,-1,5,1,-2,-2,-3,1,-2,5,1,-3,2,-1
9999,resize,6,6,6,1,1,1,0,-2,-2,-3,-1,2,6,-4,0,-3,6,1,0,-2,-2,-3,-1,2,6,-4,0,-3
